Date,Open,High,Low,Close,Volume,Dividends,Stock Splits
2000-04-04 00:00:00+09:00,621.9492976338154,625.6694946289062,608.7595082875844,625.6694946289062,40000,0.0,0.0
2000-04-05 00:00:00+09:00,623.9786609850431,642.5796508789062,622.2876619037829,642.5796508789062,18000,0.0,0.0
2000-04-06 00:00:00+09:00,642.2413034746723,642.5795032132056,629.051513671875,629.051513671875,26000,0.0,0.0
2000-04-07 00:00:00+09:00,629.0514574807788,639.1974487304688,629.0514574807788,639.1974487304688,26000,0.0,0.0
2000-04-10 00:00:00+09:00,676.3994750976562,676.3994750976562,676.3994750976562,676.3994750976562,6000,0.0,0.0
2000-04-11 00:00:00+09:00,669.2972153097239,669.2972153097239,664.224219741434,666.25341796875,14000,0.0,0.0
2000-04-12 00:00:00+09:00,668.2828009386808,671.3265991210938,668.2828009386808,671.3265991210938,36000,0.0,0.0
2000-04-13 00:00:00+09:00,681.4724711608887,691.6184632873536,676.3994750976562,676.3994750976562,98000,0.0,0.0
2000-04-14 00:00:00+09:00,659.4894882202149,676.3994750976562,659.4894882202149,676.3994750976562,6000,0.0,0.0
2000-04-17 00:00:00+09:00,642.5793887867648,642.5793887867648,574.939453125,574.939453125,110000,0.0,0.0
2000-04-18 00:00:00+09:00,605.3776195724575,605.3776195724575,585.0856323242188,585.0856323242188,22000,0.0,0.0
2000-04-19 00:00:00+09:00,612.1415607701593,673.0175170898438,612.1415607701593,673.0175170898438,4000,0.0,0.0
2000-04-20 00:00:00+09:00,642.9178334710537,669.6356182391827,642.5796336638622,659.4896240234375,10000,0.0,0.0
2000-04-21 00:00:00+09:00,676.3995180035581,683.1635131835938,676.3995180035581,683.1635131835938,12000,0.0,0.0
2000-04-24 00:00:00+09:00,683.1634106505893,683.1634106505893,676.399416485732,681.472412109375,26000,0.0,0.0
2000-04-25 00:00:00+09:00,683.1634177791262,696.69140625,681.4724192202669,696.69140625,18000,0.0,0.0
2000-04-26 00:00:00+09:00,695.0003857124143,696.6913842177973,693.3093872070312,693.3093872070312,16000,0.0,0.0
2000-04-27 00:00:00+09:00,695.0004337855747,710.2194213867188,693.3094351632254,710.2194213867188,20000,0.0,0.0
2000-04-28 00:00:00+09:00,710.2193918535786,733.8933715820312,710.2193918535786,733.8933715820312,22000,0.0,0.0
2000-05-01 00:00:00+09:00,737.2753686860959,744.0393628942252,733.8933715820312,733.8933715820312,100000,0.0,0.0
2000-05-02 00:00:00+09:00,737.2755126953125,737.2755126953125,737.2755126953125,737.2755126953125,6000,0.0,0.0
2000-05-03 00:00:00+09:00,737.2755126953125,737.2755126953125,737.2755126953125,737.2755126953125,0,0.0,0.0
2000-05-04 00:00:00+09:00,737.2755126953125,737.2755126953125,737.2755126953125,737.2755126953125,0,0.0,0.0
2000-05-05 00:00:00+09:00,737.2755126953125,737.2755126953125,737.2755126953125,737.2755126953125,0,0.0,0.0
2000-05-08 00:00:00+09:00,737.2754278564454,737.2754278564454,676.3994750976562,676.3994750976562,32000,0.0,0.0
2000-05-09 00:00:00+09:00,676.3994750976562,676.3994750976562,676.3994750976562,676.3994750976562,0,0.0,0.0
2000-05-10 00:00:00+09:00,738.9663979666574,738.9663979666574,676.3994489397321,710.2194213867188,52000,0.0,0.0
2000-05-11 00:00:00+09:00,696.6913842177973,696.6913842177973,688.2363916908823,693.3093872070312,12000,0.0,0.0
2000-05-12 00:00:00+09:00,679.7813991639673,693.3093872070312,676.3994021532013,693.3093872070312,14000,0.0,0.0
2000-05-15 00:00:00+09:00,693.3093872070312,693.3093872070312,693.3093872070312,693.3093872070312,0,0.0,0.0
2000-05-16 00:00:00+09:00,681.472412109375,681.472412109375,676.399416485732,681.472412109375,76000,0.0,0.0
2000-05-17 00:00:00+09:00,681.472412109375,681.472412109375,681.472412109375,681.472412109375,0,0.0,0.0
2000-05-18 00:00:00+09:00,727.1294555664062,727.1294555664062,727.1294555664062,727.1294555664062,2000,0.0,0.0
2000-05-19 00:00:00+09:00,727.1294555664062,727.1294555664062,727.1294555664062,727.1294555664062,0,0.0,0.0
2000-05-22 00:00:00+09:00,696.6913842177973,696.6913842177973,693.3093872070312,693.3093872070312,14000,0.0,0.0
2000-05-23 00:00:00+09:00,669.6356163024902,669.6356163024902,649.3436279296875,649.3436279296875,18000,0.0,0.0
2000-05-24 00:00:00+09:00,642.5794950409186,642.5794950409186,608.7595216177123,619.2437133789062,38000,0.0,0.0
2000-05-25 00:00:00+09:00,678.0904150269463,681.472412109375,674.7084179445177,681.472412109375,94000,0.0,0.0
2000-05-26 00:00:00+09:00,695.0004606628419,695.0004606628419,676.3994750976562,676.3994750976562,12000,0.0,0.0
2000-05-29 00:00:00+09:00,659.4896221160889,659.4896221160889,649.3436279296875,649.3436279296875,94000,0.0,0.0
2000-05-30 00:00:00+09:00,649.3436279296875,649.3436279296875,649.3436279296875,649.3436279296875,0,0.0,0.0
2000-05-31 00:00:00+09:00,649.681765573444,659.8277587890625,649.681765573444,659.8277587890625,20000,0.0,0.0
2000-06-01 00:00:00+09:00,659.827823830629,669.6356182391827,659.4896240234375,659.4896240234375,24000,0.0,0.0
2000-06-02 00:00:00+09:00,659.4894841997325,662.871481554603,655.769287109375,655.769287109375,20000,0.0,0.0
2000-06-05 00:00:00+09:00,661.1804613385882,710.2194213867188,661.1804613385882,710.2194213867188,26000,0.0,0.0
2000-06-06 00:00:00+09:00,683.1633961747333,693.3093872070312,683.1633961747333,693.3093872070312,10000,0.0,0.0
2000-06-07 00:00:00+09:00,693.309466044108,693.309466044108,665.5770874023438,665.5770874023438,52000,0.0,0.0
2000-06-08 00:00:00+09:00,638.8592269572805,638.8592269572805,635.8154296875,635.8154296875,52000,0.0,0.0
2000-06-09 00:00:00+09:00,635.8154296875,635.8154296875,635.8154296875,635.8154296875,12000,0.0,0.0
2000-06-12 00:00:00+09:00,703.4556274414062,703.4556274414062,703.4556274414062,703.4556274414062,8000,0.0,0.0
2000-06-13 00:00:00+09:00,642.5796508789062,642.5796508789062,642.5796508789062,642.5796508789062,20000,0.0,0.0
2000-06-14 00:00:00+09:00,642.5796508789062,642.5796508789062,642.5796508789062,642.5796508789062,2000,0.0,0.0
2000-06-15 00:00:00+09:00,621.9493734741211,621.9493734741211,608.7595825195312,608.7595825195312,10000,0.0,0.0
2000-06-16 00:00:00+09:00,574.9395401176365,591.8495265916847,574.9395401176365,588.467529296875,6000,0.0,0.0
2000-06-19 00:00:00+09:00,574.6014404296875,574.9396402180511,570.2048431809612,574.6014404296875,12000,0.0,0.0
2000-06-20 00:00:00+09:00,558.0296020507812,574.939589991714,557.6914022919626,558.0296020507812,34000,0.0,0.0
2000-06-21 00:00:00+09:00,558.0296020507812,571.5575924035275,544.501611698035,558.0296020507812,72000,0.0,0.0
2000-06-22 00:00:00+09:00,605.377608589504,622.28759765625,605.377608589504,622.28759765625,24000,0.0,0.0
2000-06-23 00:00:00+09:00,622.2874418218084,635.8154296875,622.2874418218084,635.8154296875,72000,0.0,0.0
2000-06-26 00:00:00+09:00,656.1074908447266,676.3994750976562,655.7692911071778,676.3994750976562,36000,0.0,0.0
2000-06-27 00:00:00+09:00,676.3994750976562,679.7814724731446,676.3994750976562,676.3994750976562,26000,0.0,0.0
2000-06-28 00:00:00+09:00,675.7231134419502,676.399512954905,667.9445190429688,667.9445190429688,38000,0.0,0.0
2000-06-29 00:00:00+09:00,667.6063192864913,667.9445190429688,667.6063192864913,667.9445190429688,30000,0.0,0.0
2000-06-30 00:00:00+09:00,686.5455322265625,693.3095276179572,676.3995391394704,686.5455322265625,190000,0.0,0.0
2000-07-03 00:00:00+09:00,686.5453931854993,700.0733812285633,686.5453931854993,693.3093872070312,32000,0.0,0.0
2000-07-04 00:00:00+09:00,706.8375374713347,706.8375374713347,679.7815551757812,679.7815551757812,6000,0.0,0.0
2000-07-05 00:00:00+09:00,679.7815155935759,683.1635131835938,679.7815155935759,683.1635131835938,4000,0.0,0.0
2000-07-06 00:00:00+09:00,683.1635131835938,683.1635131835938,683.1635131835938,683.1635131835938,10000,0.0,0.0
2000-07-07 00:00:00+09:00,693.3093872070312,710.2193722608613,693.3093872070312,693.3093872070312,32000,0.0,0.0
2000-07-10 00:00:00+09:00,710.2194213867188,710.2194213867188,706.83742414202,710.2194213867188,20000,0.0,0.0
2000-07-11 00:00:00+09:00,676.3994750976562,679.7814724731446,676.3994750976562,676.3994750976562,8000,0.0,0.0
2000-07-12 00:00:00+09:00,676.3996325041119,679.7816306666324,642.5796508789062,642.5796508789062,20000,0.0,0.0
2000-07-13 00:00:00+09:00,666.2534829711915,676.3994750976562,666.2534829711915,676.3994750976562,4000,0.0,0.0
2000-07-14 00:00:00+09:00,676.3994750976562,676.3994750976562,676.3994750976562,676.3994750976562,0,0.0,0.0
2000-07-17 00:00:00+09:00,676.3994750976562,676.3994750976562,676.3994750976562,676.3994750976562,0,0.0,0.0
2000-07-18 00:00:00+09:00,652.7254682268415,662.8714599609375,652.7254682268415,662.8714599609375,32000,0.0,0.0
2000-07-19 00:00:00+09:00,652.7254682268415,662.8714599609375,652.7254682268415,662.8714599609375,32000,0.0,0.0
2000-07-20 00:00:00+09:00,662.8714599609375,662.8714599609375,662.8714599609375,662.8714599609375,0,0.0,0.0
2000-07-21 00:00:00+09:00,659.8277560439407,710.2195221385317,659.4895562714937,706.8375244140625,28000,0.0,0.0
2000-07-24 00:00:00+09:00,706.8374395855402,706.8374395855402,693.3094503111759,698.3824462890625,34000,0.0,0.0
2000-07-25 00:00:00+09:00,723.7474580986556,727.1294555664062,713.6014656954034,727.1294555664062,60000,0.0,0.0
2000-07-26 00:00:00+09:00,744.0393676757812,744.0393676757812,725.4383834838867,744.0393676757812,62000,0.0,0.0
2000-07-27 00:00:00+09:00,744.0393676757812,744.0393676757812,744.0393676757812,744.0393676757812,0,0.0,0.0
2000-07-28 00:00:00+09:00,744.0393676757812,744.0393676757812,744.0393676757812,744.0393676757812,0,0.0,0.0
2000-07-31 00:00:00+09:00,710.2195221385317,710.2195221385317,706.8375244140625,706.8375244140625,22000,0.0,0.0
2000-08-01 00:00:00+09:00,679.7815551757812,679.7815551757812,679.7815551757812,679.7815551757812,2000,0.0,0.0
2000-08-02 00:00:00+09:00,632.4336563913446,642.5796508789062,632.4336563913446,642.5796508789062,6000,0.0,0.0
2000-08-03 00:00:00+09:00,642.5796508789062,642.5796508789062,635.8156545538651,642.5796508789062,24000,0.0,0.0
2000-08-04 00:00:00+09:00,642.5796508789062,652.7256453664679,642.5796508789062,642.5796508789062,40000,0.0,0.0
2000-08-07 00:00:00+09:00,642.5796508789062,642.5796508789062,642.5796508789062,642.5796508789062,0,0.0,0.0
2000-08-08 00:00:00+09:00,642.5796508789062,642.5796508789062,642.5796508789062,642.5796508789062,22000,0.0,0.0
2000-08-09 00:00:00+09:00,642.5796508789062,642.5796508789062,642.5796508789062,642.5796508789062,0,0.0,0.0
2000-08-10 00:00:00+09:00,664.5625798473619,740.6575317382812,664.5625798473619,740.6575317382812,44000,0.0,0.0
2000-08-11 00:00:00+09:00,742.3485035446454,742.3485035446454,701.7645306857127,716.9835205078125,12000,0.0,0.0
2000-08-14 00:00:00+09:00,727.1295137225457,727.1295137225457,716.9835205078124,716.9835205078125,14000,0.0,0.0
2000-08-15 00:00:00+09:00,710.2194213867188,710.2194213867188,710.2194213867188,710.2194213867188,2000,0.0,0.0
2000-08-16 00:00:00+09:00,730.5115381528253,742.3485306691906,730.5115381528253,740.6575317382812,20000,0.0,0.0
2000-08-17 00:00:00+09:00,744.0393676757812,760.9493533047763,744.0393676757812,744.0393676757812,30000,0.0,0.0
2000-08-18 00:00:00+09:00,744.0394818474265,744.0394818474265,718.6744995117188,718.6744995117188,16000,0.0,0.0
2000-08-21 00:00:00+09:00,744.03944290516,744.03944290516,727.1294555664062,727.1294555664062,18000,0.0,0.0
2000-08-22 00:00:00+09:00,727.1294555664062,727.1294555664062,727.1294555664062,727.1294555664062,8000,0.0,0.0
2000-08-23 00:00:00+09:00,744.0393601802357,771.0953369140625,744.0393601802357,771.0953369140625,26000,0.0,0.0
2000-08-24 00:00:00+09:00,769.4044244700465,784.6234130859375,760.9494307945515,784.6234130859375,32000,0.0,0.0
2000-08-25 00:00:00+09:00,772.7863354599267,774.4773340057908,760.9493456388775,771.0953369140625,52000,0.0,0.0
2000-08-28 00:00:00+09:00,760.9494018554688,760.9494018554688,760.9494018554688,760.9494018554688,4000,0.0,0.0
2000-08-29 00:00:00+09:00,760.9495080035665,777.8594970703125,760.9495080035665,777.8594970703125,16000,0.0,0.0
2000-08-30 00:00:00+09:00,777.8594970703125,777.8594970703125,777.8594970703125,777.8594970703125,4000,0.0,0.0
2000-08-31 00:00:00+09:00,777.859388563368,779.5503872341579,760.9494018554688,760.9494018554688,42000,0.0,0.0
2000-09-01 00:00:00+09:00,760.9494135929988,791.3873901367188,760.9494135929988,791.3873901367188,20000,0.0,0.0
2000-09-04 00:00:00+09:00,791.3873901367188,791.3873901367188,791.3873901367188,791.3873901367188,0,0.0,0.0
2000-09-05 00:00:00+09:00,791.3873901367188,791.3873901367188,791.3873901367188,791.3873901367188,0,0.0,0.0
2000-09-06 00:00:00+09:00,811.6792921305668,855.6452537876391,811.6792921305668,835.353271484375,106000,0.0,0.0
2000-09-07 00:00:00+09:00,835.3534989129929,852.2634887695312,811.6795131138393,852.2634887695312,38000,0.0,0.0
2000-09-08 00:00:00+09:00,865.791401663405,869.1733993261528,864.1004028320312,864.1004028320312,14000,0.0,0.0
2000-09-11 00:00:00+09:00,845.4993896484375,845.4993896484375,845.4993896484375,845.4993896484375,6000,0.0,0.0
2000-09-12 00:00:00+09:00,828.5894476707946,828.5894476707946,794.7694702148439,794.7694702148438,14000,0.0,0.0
2000-09-13 00:00:00+09:00,794.7693232322226,828.5892944335938,794.7693232322226,828.5892944335938,12000,0.0,0.0
2000-09-14 00:00:00+09:00,828.5892944335938,828.5892944335938,828.5892944335938,828.5892944335938,10000,0.0,0.0
2000-09-15 00:00:00+09:00,828.5892944335938,828.5892944335938,828.5892944335938,828.5892944335938,0,0.0,0.0
2000-09-18 00:00:00+09:00,786.3144916036854,786.3144916036854,777.8594970703125,777.8594970703125,6000,0.0,0.0
2000-09-19 00:00:00+09:00,659.4894816080729,760.9494018554688,659.4894816080729,760.9494018554688,14000,0.0,0.0
2000-09-20 00:00:00+09:00,744.0393676757812,744.0393676757812,742.3483691128818,744.0393676757812,24000,0.0,0.0
2000-09-21 00:00:00+09:00,744.0393676757812,744.0393676757812,744.0393676757812,744.0393676757812,2000,0.0,0.0
2000-09-22 00:00:00+09:00,744.0393676757812,744.0393676757812,744.0393676757812,744.0393676757812,0,0.0,0.0
2000-09-25 00:00:00+09:00,744.0393676757812,744.0393676757812,744.0393676757812,744.0393676757812,6000,0.0,0.0
2000-09-26 00:00:00+09:00,744.0393676757812,744.0393676757812,744.0393676757812,744.0393676757812,0,0.0,0.0
2000-09-27 00:00:00+09:00,744.0393676757812,744.0393676757812,744.0393676757812,744.0393676757812,0,0.0,0.0
2000-09-28 00:00:00+09:00,744.0393676757812,744.0393676757812,744.0393676757812,744.0393676757812,18000,0.0,0.0
2000-09-29 00:00:00+09:00,744.0394151475695,760.9494018554688,744.0394151475695,760.9494018554688,42000,0.0,0.0
2000-10-02 00:00:00+09:00,760.9493456388775,771.0953369140625,760.9493456388775,771.0953369140625,10000,0.0,0.0
2000-10-03 00:00:00+09:00,771.0953369140625,771.0953369140625,771.0953369140625,771.0953369140625,10000,0.0,0.0
2000-10-04 00:00:00+09:00,771.0953369140625,771.0953369140625,764.3313427306058,771.0953369140625,12000,0.0,0.0
2000-10-05 00:00:00+09:00,771.0953369140625,771.0953369140625,771.0953369140625,771.0953369140625,0,0.0,0.0
2000-10-06 00:00:00+09:00,777.8593310975192,777.8593310975192,771.0953369140625,771.0953369140625,6000,0.0,0.0
2000-10-09 00:00:00+09:00,771.0953369140625,771.0953369140625,771.0953369140625,771.0953369140625,0,0.0,0.0
2000-10-10 00:00:00+09:00,798.1513315386477,798.1513315386477,764.3313598632812,764.3313598632812,6000,0.0,0.0
2000-10-11 00:00:00+09:00,757.5673828125,757.5673828125,757.5673828125,757.5673828125,2000,0.0,0.0
2000-10-12 00:00:00+09:00,760.9494018554688,760.9494018554688,760.9494018554688,760.9494018554688,2000,0.0,0.0
2000-10-13 00:00:00+09:00,760.9494018554688,760.9494018554688,760.9494018554688,760.9494018554688,36000,0.0,0.0
2000-10-16 00:00:00+09:00,760.9494018554688,760.9494018554688,760.9494018554688,760.9494018554688,0,0.0,0.0
2000-10-17 00:00:00+09:00,760.9494018554688,760.9494018554688,760.9494018554688,760.9494018554688,0,0.0,0.0
2000-10-18 00:00:00+09:00,760.9494018554688,760.9494018554688,760.9494018554688,760.9494018554688,4000,0.0,0.0
2000-10-19 00:00:00+09:00,760.9494018554688,760.9494018554688,760.9494018554688,760.9494018554688,0,0.0,0.0
2000-10-20 00:00:00+09:00,760.9494018554688,760.9494018554688,760.9494018554688,760.9494018554688,0,0.0,0.0
2000-10-23 00:00:00+09:00,760.9494018554688,760.9494018554688,760.9494018554688,760.9494018554688,0,0.0,0.0
2000-10-24 00:00:00+09:00,760.9494018554688,760.9494018554688,760.9494018554688,760.9494018554688,0,0.0,0.0
2000-10-25 00:00:00+09:00,750.8034057617188,750.8034057617188,750.8034057617188,750.8034057617188,2000,0.0,0.0
2000-10-26 00:00:00+09:00,750.8034057617188,750.8034057617188,750.8034057617188,750.8034057617188,0,0.0,0.0
2000-10-27 00:00:00+09:00,750.8034057617188,750.8034057617188,750.8034057617188,750.8034057617188,0,0.0,0.0
2000-10-30 00:00:00+09:00,612.1415837334672,634.4627685546875,612.1415837334672,634.4627685546875,18000,0.0,0.0
2000-10-31 00:00:00+09:00,634.4627685546875,634.4627685546875,634.4627685546875,634.4627685546875,0,0.0,0.0
2000-11-01 00:00:00+09:00,642.5795322872815,652.7255249023438,642.5795322872815,652.7255249023438,4000,0.0,0.0
2000-11-02 00:00:00+09:00,652.7255249023438,652.7255249023438,652.7255249023438,652.7255249023438,0,0.0,0.0
2000-11-03 00:00:00+09:00,652.7255249023438,652.7255249023438,652.7255249023438,652.7255249023438,0,0.0,0.0
2000-11-06 00:00:00+09:00,608.7596692537006,642.5796508789062,608.7596692537006,642.5796508789062,6000,0.0,0.0
2000-11-07 00:00:00+09:00,642.5794458136987,642.5794458136987,639.1974487304688,639.1974487304688,6000,0.0,0.0
2000-11-08 00:00:00+09:00,639.1974487304688,639.1974487304688,639.1974487304688,639.1974487304688,14000,0.0,0.0
2000-11-09 00:00:00+09:00,639.1974487304688,639.1974487304688,639.1974487304688,639.1974487304688,0,0.0,0.0
2000-11-10 00:00:00+09:00,639.1974487304688,639.1974487304688,639.1974487304688,639.1974487304688,4000,0.0,0.0
2000-11-13 00:00:00+09:00,639.1974487304688,639.1974487304688,639.1974487304688,639.1974487304688,0,0.0,0.0
2000-11-14 00:00:00+09:00,574.939453125,581.3652470128676,574.939453125,574.939453125,10000,0.0,0.0
2000-11-15 00:00:00+09:00,635.8154296875,635.8154296875,635.8154296875,635.8154296875,4000,0.0,0.0
2000-11-16 00:00:00+09:00,635.8154296875,635.8154296875,635.8154296875,635.8154296875,0,0.0,0.0
2000-11-17 00:00:00+09:00,618.9055755615234,618.9055755615234,608.7595825195312,608.7595825195312,10000,0.0,0.0
2000-11-20 00:00:00+09:00,625.6694946289062,625.6694946289062,625.6694946289062,625.6694946289062,2000,0.0,0.0
2000-11-21 00:00:00+09:00,625.6694946289062,625.6694946289062,625.6694946289062,625.6694946289062,0,0.0,0.0
2000-11-22 00:00:00+09:00,625.6694946289062,625.6694946289062,625.6694946289062,625.6694946289062,0,0.0,0.0
2000-11-23 00:00:00+09:00,625.6694946289062,625.6694946289062,625.6694946289062,625.6694946289062,0,0.0,0.0
2000-11-24 00:00:00+09:00,625.6694946289062,625.6694946289062,625.6694946289062,625.6694946289062,4000,0.0,0.0
2000-11-27 00:00:00+09:00,625.6694946289062,625.6694946289062,625.6694946289062,625.6694946289062,0,0.0,0.0
2000-11-28 00:00:00+09:00,618.905495779855,618.905495779855,613.832499912807,615.5234985351562,52000,0.0,0.0
2000-11-29 00:00:00+09:00,608.7595430658666,612.1415405273438,608.7595430658666,612.1415405273438,82000,0.0,0.0
2000-11-30 00:00:00+09:00,608.7595825195312,608.7595825195312,608.7595825195312,608.7595825195312,6000,0.0,0.0
2000-12-01 00:00:00+09:00,591.8496704101562,608.7596609933036,591.8496704101562,591.8496704101562,38000,0.0,0.0
2000-12-04 00:00:00+09:00,591.8496121181531,608.7596010358146,585.0856165510885,601.99560546875,26000,0.0,0.0
2000-12-05 00:00:00+09:00,601.9956216977511,601.9956216977511,585.0856323242188,585.0856323242188,10000,0.0,0.0
2000-12-06 00:00:00+09:00,585.0856323242188,585.0856323242188,585.0856323242188,585.0856323242188,2000,0.0,0.0
2000-12-07 00:00:00+09:00,585.0856323242188,585.0856323242188,581.7036344495123,585.0856323242188,10000,0.0,0.0
2000-12-08 00:00:00+09:00,585.0856323242188,585.0856323242188,585.0856323242188,585.0856323242188,0,0.0,0.0
2000-12-11 00:00:00+09:00,635.8155639648437,635.8155639648437,608.7595825195312,608.7595825195312,22000,0.0,0.0
2000-12-12 00:00:00+09:00,608.7595825195312,617.2145767211914,607.0685836791992,608.7595825195312,40000,0.0,0.0
2000-12-13 00:00:00+09:00,710.2193837240907,710.2193837240907,665.9152221679688,665.9152221679688,90000,0.0,0.0
2000-12-14 00:00:00+09:00,665.9152574811662,665.9152574811662,662.8714599609375,662.8714599609375,34000,0.0,0.0
2000-12-15 00:00:00+09:00,659.1514242162459,659.4896240234375,649.3436298076923,659.4896240234375,28000,0.0,0.0
2000-12-18 00:00:00+09:00,649.3436279296875,649.3436279296875,649.3436279296875,649.3436279296875,4000,0.0,0.0
2000-12-19 00:00:00+09:00,649.3436472039474,649.3436472039474,642.5796508789062,642.5796508789062,20000,0.0,0.0
2000-12-20 00:00:00+09:00,625.6694946289062,625.6694946289062,625.6694946289062,625.6694946289062,4000,0.0,0.0
2000-12-21 00:00:00+09:00,625.6694946289062,625.6694946289062,625.6694946289062,625.6694946289062,0,0.0,0.0
2000-12-22 00:00:00+09:00,591.8496704101562,591.8496704101562,591.8496704101562,591.8496704101562,178000,0.0,0.0
2000-12-25 00:00:00+09:00,693.3093872070312,693.3093872070312,693.3093872070312,693.3093872070312,4000,0.0,0.0
2000-12-26 00:00:00+09:00,686.5455322265625,686.5455322265625,686.5455322265625,686.5455322265625,6000,0.0,0.0
2000-12-27 00:00:00+09:00,642.5796336638622,669.6356182391827,642.5796336638622,659.4896240234375,10000,0.0,0.0
2000-12-28 00:00:00+09:00,642.5795013427735,676.3994750976562,642.5795013427735,676.3994750976562,8000,0.0,0.0
2000-12-29 00:00:00+09:00,676.3994750976562,676.3994750976562,676.3994750976562,676.3994750976562,2000,0.0,0.0
2001-01-01 00:00:00+09:00,676.3994750976562,676.3994750976562,676.3994750976562,676.3994750976562,0,0.0,0.0
2001-01-02 00:00:00+09:00,676.3994750976562,676.3994750976562,676.3994750976562,676.3994750976562,0,0.0,0.0
2001-01-03 00:00:00+09:00,676.3994750976562,676.3994750976562,676.3994750976562,676.3994750976562,0,0.0,0.0
2001-01-04 00:00:00+09:00,676.3994750976562,676.3994750976562,676.3994750976562,676.3994750976562,0,0.0,0.0
2001-01-05 00:00:00+09:00,662.871442698469,676.3994313249684,662.871442698469,669.6354370117188,8000,0.0,0.0
2001-01-08 00:00:00+09:00,669.6354370117188,669.6354370117188,669.6354370117188,669.6354370117188,0,0.0,0.0
2001-01-09 00:00:00+09:00,669.6354803466797,676.3994750976562,669.6354803466797,676.3994750976562,6000,0.0,0.0
2001-01-10 00:00:00+09:00,676.3994750976562,676.3994750976562,676.3994750976562,676.3994750976562,4000,0.0,0.0
2001-01-11 00:00:00+09:00,656.1074829101562,656.1074829101562,656.1074829101562,656.1074829101562,4000,0.0,0.0
2001-01-12 00:00:00+09:00,659.4896240234375,659.4896240234375,659.4896240234375,659.4896240234375,4000,0.0,0.0
2001-01-15 00:00:00+09:00,659.4896240234375,659.4896240234375,659.4896240234375,659.4896240234375,0,0.0,0.0
2001-01-16 00:00:00+09:00,659.4896240234375,659.4896240234375,659.4896240234375,659.4896240234375,0,0.0,0.0
2001-01-17 00:00:00+09:00,649.3436279296875,649.3436279296875,649.3436279296875,649.3436279296875,8000,0.0,0.0
2001-01-18 00:00:00+09:00,649.3436279296875,649.3436279296875,649.3436279296875,649.3436279296875,0,0.0,0.0
2001-01-19 00:00:00+09:00,649.3436279296875,649.3436279296875,649.3436279296875,649.3436279296875,16000,0.0,0.0
2001-01-22 00:00:00+09:00,649.3436279296875,649.3436279296875,649.3436279296875,649.3436279296875,0,0.0,0.0
2001-01-23 00:00:00+09:00,592.187668820645,635.8154296875,592.187668820645,635.8154296875,20000,0.0,0.0
2001-01-24 00:00:00+09:00,625.6695954695991,625.6695954695991,595.2316151494565,622.28759765625,8000,0.0,0.0
2001-01-25 00:00:00+09:00,592.1877938842773,608.7595825195312,592.1877938842773,608.7595825195312,14000,0.0,0.0
2001-01-26 00:00:00+09:00,591.8495219462626,625.6694946289062,591.8495219462626,625.6694946289062,6000,0.0,0.0
2001-01-29 00:00:00+09:00,588.8058299863958,605.3776195724575,585.0856323242188,585.0856323242188,18000,0.0,0.0
2001-01-30 00:00:00+09:00,585.0856323242188,585.0856323242188,585.0856323242188,585.0856323242188,0,0.0,0.0
2001-01-31 00:00:00+09:00,564.7936612083798,568.1756591796875,564.7936612083798,568.1756591796875,16000,0.0,0.0
2001-02-01 00:00:00+09:00,568.1755948153409,568.1755948153409,558.0296020507812,558.0296020507812,6000,0.0,0.0
2001-02-02 00:00:00+09:00,541.1196091316199,542.8106079101562,541.1196091316199,542.8106079101562,8000,0.0,0.0
2001-02-05 00:00:00+09:00,541.1195936311788,541.1195936311788,533.002799726711,533.67919921875,16000,0.0,0.0
2001-02-06 00:00:00+09:00,544.163343436763,544.163343436763,537.737548828125,537.737548828125,26000,0.0,0.0
2001-02-07 00:00:00+09:00,548.2218017578125,548.2218017578125,548.2218017578125,548.2218017578125,2000,0.0,0.0
2001-02-08 00:00:00+09:00,548.2218017578125,548.2218017578125,548.2218017578125,548.2218017578125,0,0.0,0.0
2001-02-09 00:00:00+09:00,527.5917305376388,527.9299303649066,517.783935546875,517.783935546875,12000,0.0,0.0
2001-02-12 00:00:00+09:00,517.783935546875,517.783935546875,517.783935546875,517.783935546875,0,0.0,0.0
2001-02-13 00:00:00+09:00,518.1220004519901,518.4602001911885,500.5356140136719,500.5356140136719,20000,0.0,0.0
2001-02-14 00:00:00+09:00,490.38952307520384,490.38952307520384,445.4089668207196,464.00994873046875,36000,0.0,0.0
2001-02-15 00:00:00+09:00,473.4796251181606,476.86162244043317,473.4796251181606,475.1706237792969,6000,0.0,0.0
2001-02-16 00:00:00+09:00,473.4796789982384,506.9614562988281,473.4796789982384,506.9614562988281,6000,0.0,0.0
2001-02-19 00:00:00+09:00,506.96133811960874,506.96133811960874,506.6231384277344,506.6231384277344,6000,0.0,0.0
2001-02-20 00:00:00+09:00,506.6231384277344,506.6231384277344,506.6231384277344,506.6231384277344,0,0.0,0.0
2001-02-21 00:00:00+09:00,506.6231384277344,506.6231384277344,506.6231384277344,506.6231384277344,8000,0.0,0.0
2001-02-22 00:00:00+09:00,506.6231384277344,506.6231384277344,506.6231384277344,506.6231384277344,10000,0.0,0.0
2001-02-23 00:00:00+09:00,540.4431762695312,540.4431762695312,540.4431762695312,540.4431762695312,2000,0.0,0.0
2001-02-26 00:00:00+09:00,541.1196249414428,541.4578247070312,541.1196249414428,541.4578247070312,6000,0.0,0.0
2001-02-27 00:00:00+09:00,544.5016690477912,547.8836669921875,544.5016690477912,547.8836669921875,8000,0.0,0.0
2001-02-28 00:00:00+09:00,551.2657470703125,551.2657470703125,551.2657470703125,551.2657470703125,16000,0.0,0.0
2001-03-01 00:00:00+09:00,558.0296020507812,568.1755948153409,558.0296020507812,558.0296020507812,30000,0.0,0.0
2001-03-02 00:00:00+09:00,558.3678018096,568.1755948153409,558.0296020507812,558.0296020507812,56000,0.0,0.0
2001-03-05 00:00:00+09:00,558.0295823203833,561.4115797889917,558.0295823203833,559.7205810546875,14000,0.0,0.0
2001-03-06 00:00:00+09:00,559.7204396810877,568.1754312170557,558.029441373894,561.4114379882812,10000,0.0,0.0
2001-03-07 00:00:00+09:00,561.4114379882812,568.1754312170557,558.029441373894,561.4114379882812,32000,0.0,0.0
2001-03-08 00:00:00+09:00,561.4114379882812,561.4114379882812,561.0732383268426,561.4114379882812,48000,0.0,0.0
2001-03-09 00:00:00+09:00,561.4114379882812,561.4114379882812,561.4114379882812,561.4114379882812,6000,0.0,0.0
2001-03-12 00:00:00+09:00,612.1415405273438,612.1415405273438,612.1415405273438,612.1415405273438,10000,0.0,0.0
2001-03-13 00:00:00+09:00,595.2316259483381,595.2316259483381,585.0856323242188,585.0856323242188,4000,0.0,0.0
2001-03-14 00:00:00+09:00,585.0856323242188,585.0856323242188,585.0856323242188,585.0856323242188,0,0.0,0.0
2001-03-15 00:00:00+09:00,585.0856323242188,585.0856323242188,585.0856323242188,585.0856323242188,4000,0.0,0.0
2001-03-16 00:00:00+09:00,574.939453125,574.939453125,574.939453125,574.939453125,2000,0.0,0.0
2001-03-19 00:00:00+09:00,578.3217361721062,578.3217361721062,571.5577392578125,571.5577392578125,34000,0.0,0.0
2001-03-20 00:00:00+09:00,571.5577392578125,571.5577392578125,571.5577392578125,571.5577392578125,0,0.0,0.0
2001-03-21 00:00:00+09:00,571.5577392578125,571.5577392578125,571.5577392578125,571.5577392578125,32000,0.0,0.0
2001-03-22 00:00:00+09:00,575.2778229788448,625.6695899534761,575.2778229788448,601.99560546875,98000,0.0,0.0
2001-03-23 00:00:00+09:00,622.28759765625,629.0515932829484,622.28759765625,622.28759765625,48000,0.0,0.0
2001-03-26 00:00:00+09:00,625.6695954695991,625.6695954695991,622.28759765625,622.28759765625,36000,0.0,0.0
2001-03-27 00:00:00+09:00,630.4709755607273,644.4511324011761,627.4021606445312,627.4021606445312,40000,7.5,0.0
2001-03-28 00:00:00+09:00,627.0611534812234,627.0611534812234,600.123779296875,600.123779296875,30000,0.0,0.0
2001-03-29 00:00:00+09:00,600.1237690388655,612.0580485367975,600.1237690388655,608.6482543945312,6000,0.0,0.0
2001-03-30 00:00:00+09:00,637.6316528320312,637.6316528320312,637.6316528320312,637.6316528320312,2000,0.0,0.0
2001-04-02 00:00:00+09:00,637.6316528320312,637.6316528320312,637.6316528320312,637.6316528320312,0,0.0,0.0
2001-04-03 00:00:00+09:00,637.6316528320312,637.6316528320312,637.6316528320312,637.6316528320312,0,0.0,0.0
2001-04-04 00:00:00+09:00,637.6315933227539,681.9589233398438,637.6315933227539,681.9589233398438,42000,0.0,0.0
2001-04-05 00:00:00+09:00,681.9589233398438,681.9589233398438,681.9589233398438,681.9589233398438,8000,0.0,0.0
2001-04-06 00:00:00+09:00,681.9589233398438,681.9589233398438,681.9589233398438,681.9589233398438,4000,0.0,0.0
2001-04-09 00:00:00+09:00,681.9589233398438,681.9589233398438,681.9589233398438,681.9589233398438,2000,0.0,0.0
2001-04-10 00:00:00+09:00,683.6638206481933,683.6638206481933,681.9589233398438,681.9589233398438,10000,0.0,0.0
2001-04-11 00:00:00+09:00,664.9100123114764,664.9100123114764,637.6316528320312,637.6316528320312,6000,0.0,0.0
2001-04-12 00:00:00+09:00,678.549072265625,678.549072265625,678.549072265625,678.549072265625,2000,0.0,0.0
2001-04-13 00:00:00+09:00,681.9589233398438,681.9589233398438,681.9589233398438,681.9589233398438,2000,0.0,0.0
2001-04-16 00:00:00+09:00,683.6637573242188,683.6637573242188,683.6637573242188,683.6637573242188,4000,0.0,0.0
2001-04-17 00:00:00+09:00,683.6637573242188,683.6637573242188,683.6637573242188,683.6637573242188,2000,0.0,0.0
2001-04-18 00:00:00+09:00,681.6179438781738,681.9589233398438,675.1393341064453,681.9589233398438,72000,0.0,0.0
2001-04-19 00:00:00+09:00,683.6637186686198,716.0567626953125,681.9588216145834,716.0567626953125,46000,0.0,0.0
2001-04-20 00:00:00+09:00,716.0570126488095,756.9745562287414,716.0570126488095,751.85986328125,56000,0.0,0.0
2001-04-23 00:00:00+09:00,755.2695399515497,837.1046142578125,755.2695399515497,837.1046142578125,8000,0.0,0.0
2001-04-24 00:00:00+09:00,750.1549178413723,784.2528686523438,750.1549178413723,784.2528686523438,26000,0.0,0.0
2001-04-25 00:00:00+09:00,782.5478100585938,782.5478100585938,756.9743522135417,767.2037353515625,18000,0.0,0.0
2001-04-26 00:00:00+09:00,782.5478100585938,782.5478100585938,756.9743522135417,767.2037353515625,18000,0.0,0.0
2001-04-27 00:00:00+09:00,813.2359619140625,813.2359619140625,813.2359619140625,813.2359619140625,2000,0.0,0.0
2001-04-30 00:00:00+09:00,813.2359619140625,813.2359619140625,813.2359619140625,813.2359619140625,0,0.0,0.0
2001-05-01 00:00:00+09:00,813.2360767364502,818.3507690429688,813.2360767364502,818.3507690429688,8000,0.0,0.0
2001-05-02 00:00:00+09:00,818.3509465767635,821.7607421875,818.3509465767635,821.7607421875,6000,0.0,0.0
2001-05-03 00:00:00+09:00,821.7607421875,821.7607421875,821.7607421875,821.7607421875,0,0.0,0.0
2001-05-04 00:00:00+09:00,821.7607421875,821.7607421875,821.7607421875,821.7607421875,0,0.0,0.0
2001-05-07 00:00:00+09:00,818.3508984375,852.4488525390625,818.3508984375,852.4488525390625,400,0.0,0.0
2001-05-08 00:00:00+09:00,850.7437275813176,886.5465698242188,850.7437275813176,886.5465698242188,400,0.0,0.0
2001-05-09 00:00:00+09:00,852.4486248309795,886.5465698242188,852.4486248309795,886.5465698242188,400,0.0,0.0
2001-05-10 00:00:00+09:00,886.5466677107901,913.8250267172759,886.5466677107901,903.5956420898438,1800,0.0,0.0
2001-05-11 00:00:00+09:00,903.5954190340908,937.6933593749999,903.5954190340908,937.693359375,400,0.0,0.0
2001-05-14 00:00:00+09:00,937.6936544149792,944.5132446289064,929.1691666475703,944.5132446289062,600,0.0,0.0
2001-05-15 00:00:00+09:00,937.6933593749999,937.6933593749999,924.0541832386363,937.693359375,26000,0.0,0.0
2001-05-16 00:00:00+09:00,920.6446164688974,920.6446164688974,903.5956420898438,903.5956420898438,32000,0.0,0.0
2001-05-17 00:00:00+09:00,862.6779426852702,862.6779426852702,842.2191772460938,842.2191772460938,12000,0.0,0.0
2001-05-18 00:00:00+09:00,867.7929318847656,867.7929318847656,852.4488525390625,852.4488525390625,4000,0.0,0.0
2001-05-21 00:00:00+09:00,852.4488525390625,852.4488525390625,852.4488525390625,852.4488525390625,14000,0.0,0.0
2001-05-22 00:00:00+09:00,852.4488525390625,852.4488525390625,852.4488525390625,852.4488525390625,0,0.0,0.0
2001-05-23 00:00:00+09:00,774.0232924488392,842.2191772460938,774.0232924488392,842.2191772460938,6000,0.0,0.0
2001-05-24 00:00:00+09:00,842.2191772460938,852.448559965682,842.2191772460938,842.2191772460938,10000,0.0,0.0
2001-05-25 00:00:00+09:00,845.6290401031613,886.5465743017013,845.6290401031613,883.1367797851562,68000,0.0,0.0
2001-05-28 00:00:00+09:00,852.4488525390625,852.4488525390625,852.4488525390625,852.4488525390625,2000,0.0,0.0
2001-05-29 00:00:00+09:00,852.4488525390625,852.4488525390625,852.4488525390625,852.4488525390625,0,0.0,0.0
2001-05-30 00:00:00+09:00,852.4488525390625,852.4488525390625,852.4488525390625,852.4488525390625,0,0.0,0.0
2001-05-31 00:00:00+09:00,801.301968523081,821.7607421875,801.301968523081,821.7607421875,6000,0.0,0.0
2001-06-01 00:00:00+09:00,821.7607421875,821.7607421875,821.7607421875,821.7607421875,0,0.0,0.0
2001-06-04 00:00:00+09:00,821.7607421875,821.7607421875,821.7607421875,821.7607421875,0,0.0,0.0
2001-06-05 00:00:00+09:00,821.7607421875,821.7607421875,821.7607421875,821.7607421875,0,0.0,0.0
2001-06-06 00:00:00+09:00,808.1213989257812,814.9409887901338,797.8920141292524,808.1213989257812,24000,0.0,0.0
2001-06-07 00:00:00+09:00,808.1213472406915,808.1213472406915,799.5968604554521,801.3017578125,14000,0.0,0.0
2001-06-08 00:00:00+09:00,804.7116238180661,804.7116238180661,794.4822387695312,794.4822387695312,8000,0.0,0.0
2001-06-11 00:00:00+09:00,849.0390014648436,849.0390014648436,849.0390014648436,849.0390014648438,4000,0.0,0.0
2001-06-12 00:00:00+09:00,830.2849731445312,830.2849731445312,830.2849731445312,830.2849731445312,2000,0.0,0.0
2001-06-13 00:00:00+09:00,830.2849731445312,830.2849731445312,830.2849731445312,830.2849731445312,0,0.0,0.0
2001-06-14 00:00:00+09:00,830.2849731445312,830.2849731445312,830.2849731445312,830.2849731445312,0,0.0,0.0
2001-06-15 00:00:00+09:00,830.2849731445312,830.2849731445312,830.2849731445312,830.2849731445312,0,0.0,0.0
2001-06-18 00:00:00+09:00,753.5646318151596,801.3017578125,753.5646318151596,801.3017578125,4000,0.0,0.0
2001-06-19 00:00:00+09:00,801.3017578125,801.3017578125,801.3017578125,801.3017578125,0,0.0,0.0
2001-06-20 00:00:00+09:00,801.3017578125,801.3017578125,801.3017578125,801.3017578125,0,0.0,0.0
2001-06-21 00:00:00+09:00,801.3017578125,801.3017578125,801.3017578125,801.3017578125,0,0.0,0.0
2001-06-22 00:00:00+09:00,818.3507690429688,818.3507690429688,818.3507690429688,818.3507690429688,4000,0.0,0.0
2001-06-25 00:00:00+09:00,835.3995971679688,835.3995971679688,835.3995971679688,835.3995971679688,2000,0.0,0.0
2001-06-26 00:00:00+09:00,801.3017578125,801.3017578125,801.3017578125,801.3017578125,16000,0.0,0.0
2001-06-27 00:00:00+09:00,801.3017578125,801.3017578125,801.3017578125,801.3017578125,2000,0.0,0.0
2001-06-28 00:00:00+09:00,801.3017578125,801.3017578125,801.3017578125,801.3017578125,2000,0.0,0.0
2001-06-29 00:00:00+09:00,842.2191857162787,842.2191857162787,835.3995971679688,835.3995971679688,6000,0.0,0.0
2001-07-02 00:00:00+09:00,833.6947021484375,833.6947021484375,833.6947021484375,833.6947021484375,2000,0.0,0.0
2001-07-03 00:00:00+09:00,830.28505601444,830.28505601444,814.9409790039062,814.9409790039062,42000,0.0,0.0
2001-07-04 00:00:00+09:00,814.9409790039062,814.9409790039062,814.9409790039062,814.9409790039062,0,0.0,0.0
2001-07-05 00:00:00+09:00,814.9409790039062,814.9409790039062,814.9409790039062,814.9409790039062,0,0.0,0.0
2001-07-06 00:00:00+09:00,814.9409790039062,814.9409790039062,814.9409790039062,814.9409790039062,0,0.0,0.0
2001-07-09 00:00:00+09:00,814.9409790039062,814.9409790039062,814.9409790039062,814.9409790039062,0,0.0,0.0
2001-07-10 00:00:00+09:00,799.5967407226562,799.5967407226562,799.5967407226562,799.5967407226562,6000,0.0,0.0
2001-07-11 00:00:00+09:00,799.5967407226562,799.5967407226562,799.5967407226562,799.5967407226562,0,0.0,0.0
2001-07-12 00:00:00+09:00,799.5967407226562,799.5967407226562,799.5967407226562,799.5967407226562,0,0.0,0.0
2001-07-13 00:00:00+09:00,791.072458814538,791.072458814538,780.8430735712466,784.2528686523438,20000,0.0,0.0
2001-07-16 00:00:00+09:00,784.2528686523438,784.2528686523438,784.2528686523438,784.2528686523438,0,0.0,0.0
2001-07-17 00:00:00+09:00,784.2528686523438,784.2528686523438,784.2528686523438,784.2528686523438,0,0.0,0.0
2001-07-18 00:00:00+09:00,784.2528686523438,784.2528686523438,784.2528686523438,784.2528686523438,0,0.0,0.0
2001-07-19 00:00:00+09:00,767.2037397112166,767.2037397112166,750.154767717634,763.7939453125,20000,0.0,0.0
2001-07-20 00:00:00+09:00,763.7939453125,763.7939453125,763.7939453125,763.7939453125,0,0.0,0.0
2001-07-23 00:00:00+09:00,716.0568870963231,716.0568870963231,714.3519897460938,714.3519897460938,10000,0.0,0.0
2001-07-24 00:00:00+09:00,714.3519897460938,714.3519897460938,712.6470923958644,714.3519897460938,38000,0.0,0.0
2001-07-25 00:00:00+09:00,714.3519897460938,714.3519897460938,709.2372976954058,714.3519897460938,22000,0.0,0.0
2001-07-26 00:00:00+09:00,710.9422020545373,712.6470994215746,709.2373046875,709.2373046875,28000,0.0,0.0
2001-07-27 00:00:00+09:00,709.2373046875,709.2373046875,709.2373046875,709.2373046875,0,0.0,0.0
2001-07-30 00:00:00+09:00,709.2373046875,709.2373046875,709.2373046875,709.2373046875,0,0.0,0.0
2001-07-31 00:00:00+09:00,709.2373046875,709.2373046875,709.2373046875,709.2373046875,0,0.0,0.0
2001-08-01 00:00:00+09:00,588.1896075080423,695.59814453125,588.1896075080423,695.59814453125,26000,0.0,0.0
2001-08-02 00:00:00+09:00,690.4834816672585,690.4834816672585,675.139404296875,675.139404296875,20000,0.0,0.0
2001-08-03 00:00:00+09:00,675.139404296875,675.139404296875,675.139404296875,675.139404296875,0,0.0,0.0
2001-08-06 00:00:00+09:00,675.139404296875,675.139404296875,675.139404296875,675.139404296875,0,0.0,0.0
2001-08-07 00:00:00+09:00,673.775390625,673.775390625,673.775390625,673.775390625,6000,0.0,0.0
2001-08-08 00:00:00+09:00,664.9098132905506,664.9098132905506,644.4510498046875,644.4510498046875,24000,0.0,0.0
2001-08-09 00:00:00+09:00,644.4510498046875,644.4510498046875,644.4510498046875,644.4510498046875,0,0.0,0.0
2001-08-10 00:00:00+09:00,644.1103233484722,644.1103233484722,582.7340087890625,582.7340087890625,10000,0.0,0.0
2001-08-13 00:00:00+09:00,582.7340087890625,582.7340087890625,582.7340087890625,582.7340087890625,0,0.0,0.0
2001-08-14 00:00:00+09:00,582.7340087890625,582.7340087890625,582.7340087890625,582.7340087890625,0,0.0,0.0
2001-08-15 00:00:00+09:00,579.6650390625,579.6650390625,579.6650390625,579.6650390625,2000,0.0,0.0
2001-08-16 00:00:00+09:00,579.6650390625,579.6650390625,579.6650390625,579.6650390625,0,0.0,0.0
2001-08-17 00:00:00+09:00,577.9600830078125,577.9600830078125,577.9600830078125,577.9600830078125,4000,0.0,0.0
2001-08-20 00:00:00+09:00,573.5274287567773,573.868408203125,573.5274287567773,573.868408203125,6000,0.0,0.0
2001-08-21 00:00:00+09:00,562.6162109375,562.6162109375,562.6162109375,562.6162109375,4000,0.0,0.0
2001-08-22 00:00:00+09:00,562.6162109375,562.6162109375,562.6162109375,562.6162109375,0,0.0,0.0
2001-08-23 00:00:00+09:00,545.5670776367188,545.5670776367188,545.5670776367188,545.5670776367188,4000,0.0,0.0
2001-08-24 00:00:00+09:00,477.3713130100518,545.5672148686306,477.3713130100518,535.3378295898438,26000,0.0,0.0
2001-08-27 00:00:00+09:00,535.3378295898438,535.3378295898438,535.3378295898438,535.3378295898438,0,0.0,0.0
2001-08-28 00:00:00+09:00,531.9280344969148,535.3378295898438,531.9280344969148,535.3378295898438,4000,0.0,0.0
2001-08-29 00:00:00+09:00,535.3378295898438,535.3378295898438,535.3378295898438,535.3378295898438,0,0.0,0.0
2001-08-30 00:00:00+09:00,535.3378295898438,535.3378295898438,535.3378295898438,535.3378295898438,0,0.0,0.0
2001-08-31 00:00:00+09:00,535.3378295898438,535.3378295898438,535.3378295898438,535.3378295898438,0,0.0,0.0
2001-09-03 00:00:00+09:00,511.1281672973633,511.4691467285156,511.1281672973633,511.4691467285156,6000,0.0,0.0
2001-09-04 00:00:00+09:00,511.1281672973633,511.4691467285156,511.1281672973633,511.4691467285156,6000,0.0,0.0
2001-09-05 00:00:00+09:00,511.4691467285156,511.4691467285156,511.4691467285156,511.4691467285156,0,0.0,0.0
2001-09-06 00:00:00+09:00,511.1281672973633,511.4691467285156,511.1281672973633,511.4691467285156,14000,0.0,0.0
2001-09-07 00:00:00+09:00,511.12837867473735,511.12837867473735,494.4203796386719,494.4203796386719,6000,0.0,0.0
2001-09-10 00:00:00+09:00,511.4691467285156,511.4691467285156,511.4691467285156,511.4691467285156,10000,0.0,0.0
2001-09-11 00:00:00+09:00,462.0271368364916,480.78100585937506,462.0271368364916,480.781005859375,10000,0.0,0.0
2001-09-12 00:00:00+09:00,480.78100585937506,480.78100585937506,480.78100585937506,480.781005859375,2000,0.0,0.0
2001-09-13 00:00:00+09:00,480.78100585937506,480.78100585937506,480.78100585937506,480.781005859375,0,0.0,0.0
2001-09-14 00:00:00+09:00,460.322265625,460.322265625,460.322265625,460.322265625,2000,0.0,0.0
2001-09-17 00:00:00+09:00,415.9949143916041,422.81450315212214,402.69671630859375,402.69671630859375,12000,0.0,0.0
2001-09-18 00:00:00+09:00,402.35576636390346,415.99494488471373,385.3067932128906,385.3067932128906,22000,0.0,0.0
2001-09-19 00:00:00+09:00,392.1264343261719,392.1264343261719,392.1264343261719,392.1264343261719,6000,0.0,0.0
2001-09-20 00:00:00+09:00,398.94604062155975,425.8834228515625,398.94604062155975,425.8834228515625,10000,0.0,0.0
2001-09-21 00:00:00+09:00,432.7029724121094,432.7029724121094,378.4872335519633,432.7029724121094,10000,0.0,0.0
2001-09-24 00:00:00+09:00,432.7029724121094,432.7029724121094,432.7029724121094,432.7029724121094,0,0.0,0.0
2001-09-25 00:00:00+09:00,443.27325865279795,450.0928472474564,439.86346435546875,439.86346435546875,12000,0.0,0.0
2001-09-26 00:00:00+09:00,439.86346435546875,439.86346435546875,439.86346435546875,439.86346435546875,0,0.0,0.0
2001-09-27 00:00:00+09:00,412.58520507812494,412.58520507812494,412.58520507812494,412.585205078125,2000,0.0,0.0
2001-09-28 00:00:00+09:00,412.58520507812494,412.58520507812494,412.58520507812494,412.585205078125,0,0.0,0.0
2001-10-01 00:00:00+09:00,426.2242871661519,439.86346435546875,426.2242871661519,439.86346435546875,8000,0.0,0.0
2001-10-02 00:00:00+09:00,446.68310546875,446.68310546875,446.68310546875,446.68310546875,2000,0.0,0.0
2001-10-03 00:00:00+09:00,378.8282337535511,412.58520507812494,378.8282337535511,412.585205078125,24000,0.0,0.0
2001-10-04 00:00:00+09:00,392.1263263606224,405.7655029296875,392.1263263606224,405.7655029296875,6000,0.0,0.0
2001-10-05 00:00:00+09:00,405.76561465056045,405.76561465056045,392.1264343261719,392.1264343261719,4000,0.0,0.0
2001-10-08 00:00:00+09:00,392.1264343261719,392.1264343261719,392.1264343261719,392.1264343261719,0,0.0,0.0
2001-10-09 00:00:00+09:00,392.126353596053,392.126353596053,378.8281555175781,378.8281555175781,16000,0.0,0.0
2001-10-10 00:00:00+09:00,382.23794989667425,383.2608882104031,378.8281555175781,378.8281555175781,18000,0.0,0.0
2001-10-11 00:00:00+09:00,378.8281555175781,378.8281555175781,378.8281555175781,378.8281555175781,2000,0.0,0.0
2001-10-12 00:00:00+09:00,392.1263263606224,405.7655029296875,392.1263263606224,405.7655029296875,18000,0.0,0.0
2001-10-15 00:00:00+09:00,412.58517939249674,412.58517939249674,409.1753845214844,409.1753845214844,10000,0.0,0.0
2001-10-16 00:00:00+09:00,412.5850851535797,436.4536437988281,412.5850851535797,436.4536437988281,22000,0.0,0.0
2001-10-17 00:00:00+09:00,443.2732928240741,460.322265625,443.2732928240741,460.322265625,18000,0.0,0.0
2001-10-18 00:00:00+09:00,453.5027770996094,453.5027770996094,453.5027770996094,453.5027770996094,4000,0.0,0.0
2001-10-19 00:00:00+09:00,439.86346435546875,439.86346435546875,439.86346435546875,439.86346435546875,8000,0.0,0.0
2001-10-22 00:00:00+09:00,439.86346435546875,439.86346435546875,439.86346435546875,439.86346435546875,0,0.0,0.0
2001-10-23 00:00:00+09:00,439.8634982638889,460.322265625,439.8634982638889,460.322265625,6000,0.0,0.0
2001-10-24 00:00:00+09:00,460.322265625,460.322265625,460.322265625,460.322265625,0,0.0,0.0
2001-10-25 00:00:00+09:00,477.37127926187276,477.37127926187276,475.6663818359375,475.6663818359375,14000,0.0,0.0
2001-10-26 00:00:00+09:00,475.6664972387275,476.00747680664057,475.6664972387275,476.0074768066406,6000,0.0,0.0
2001-10-29 00:00:00+09:00,476.00747680664057,476.00747680664057,476.00747680664057,476.0074768066406,0,0.0,0.0
2001-10-30 00:00:00+09:00,476.00747680664057,476.00747680664057,476.00747680664057,476.0074768066406,0,0.0,0.0
2001-10-31 00:00:00+09:00,476.00747680664057,476.00747680664057,476.00747680664057,476.0074768066406,0,0.0,0.0
2001-11-01 00:00:00+09:00,476.00747680664057,476.00747680664057,476.00747680664057,476.0074768066406,0,0.0,0.0
2001-11-02 00:00:00+09:00,476.00747680664057,476.00747680664057,476.00747680664057,476.0074768066406,0,0.0,0.0
2001-11-05 00:00:00+09:00,460.322265625,460.322265625,460.322265625,460.322265625,28000,0.0,0.0
2001-11-06 00:00:00+09:00,460.322265625,460.322265625,460.322265625,460.322265625,0,0.0,0.0
2001-11-07 00:00:00+09:00,460.322265625,460.322265625,460.322265625,460.322265625,6000,0.0,0.0
2001-11-08 00:00:00+09:00,426.22441456730206,453.5027770996094,426.22441456730206,453.5027770996094,8000,0.0,0.0
2001-11-09 00:00:00+09:00,453.5027770996094,453.5027770996094,453.5027770996094,453.5027770996094,0,0.0,0.0
2001-11-12 00:00:00+09:00,487.60058593750006,487.60058593750006,487.60058593750006,487.6005859375,8000,0.0,0.0
2001-11-13 00:00:00+09:00,487.60058593750006,487.60058593750006,487.60058593750006,487.6005859375,0,0.0,0.0
2001-11-14 00:00:00+09:00,484.19091796875,484.19091796875,484.19091796875,484.19091796875,10000,0.0,0.0
2001-11-15 00:00:00+09:00,480.78100585937506,480.78100585937506,480.78100585937506,480.781005859375,6000,0.0,0.0
2001-11-16 00:00:00+09:00,480.7809979248047,511.4691467285156,480.7809979248047,511.4691467285156,6000,0.0,0.0
2001-11-19 00:00:00+09:00,511.4691467285156,511.4691467285156,511.4691467285156,511.4691467285156,0,0.0,0.0
2001-11-20 00:00:00+09:00,511.4691467285156,511.4691467285156,511.4691467285156,511.4691467285156,0,0.0,0.0
2001-11-21 00:00:00+09:00,511.4691467285156,511.4691467285156,511.4691467285156,511.4691467285156,0,0.0,0.0
2001-11-22 00:00:00+09:00,494.4203796386719,494.4203796386719,494.4203796386719,494.4203796386719,4000,0.0,0.0
2001-11-23 00:00:00+09:00,494.4203796386719,494.4203796386719,494.4203796386719,494.4203796386719,0,0.0,0.0
2001-11-26 00:00:00+09:00,494.4203796386719,494.4203796386719,494.4203796386719,494.4203796386719,0,0.0,0.0
2001-11-27 00:00:00+09:00,494.4203796386719,494.4203796386719,494.4203796386719,494.4203796386719,0,0.0,0.0
2001-11-28 00:00:00+09:00,453.5027191604393,453.5027191604393,447.02410888671875,447.02410888671875,4000,0.0,0.0
2001-11-29 00:00:00+09:00,447.02410888671875,447.02410888671875,443.2733345177227,447.02410888671875,12000,0.0,0.0
2001-11-30 00:00:00+09:00,447.02410888671875,447.02410888671875,447.02410888671875,447.02410888671875,0,0.0,0.0
2001-12-03 00:00:00+09:00,447.7061462402344,447.7061462402344,447.7061462402344,447.7061462402344,4000,0.0,0.0
2001-12-04 00:00:00+09:00,487.60058593750006,487.60058593750006,487.60058593750006,487.6005859375,2000,0.0,0.0
2001-12-05 00:00:00+09:00,484.19079223632815,511.4691467285156,484.19079223632815,511.4691467285156,4000,0.0,0.0
2001-12-06 00:00:00+09:00,511.46935824690195,511.46935824690195,494.4203796386719,494.4203796386719,22000,0.0,0.0
2001-12-07 00:00:00+09:00,494.4202433405696,504.6496276855469,494.4202433405696,504.6496276855469,30000,0.0,0.0
2001-12-10 00:00:00+09:00,511.8102532368321,528.5182495117188,511.4692737210181,528.5182495117188,18000,0.0,0.0
2001-12-11 00:00:00+09:00,525.4492916488648,545.5670776367188,525.4492916488648,545.5670776367188,36000,0.0,0.0
2001-12-12 00:00:00+09:00,545.5670776367188,545.9080570602417,545.5670776367188,545.5670776367188,14000,0.0,0.0
2001-12-13 00:00:00+09:00,545.5670776367188,545.5670776367188,545.5670776367188,545.5670776367188,8000,0.0,0.0
2001-12-14 00:00:00+09:00,545.9080570602417,545.9080570602417,545.5670776367188,545.5670776367188,6000,0.0,0.0
2001-12-17 00:00:00+09:00,545.5671363901869,547.2720336914062,545.5671363901869,547.2720336914062,14000,0.0,0.0
2001-12-18 00:00:00+09:00,547.2720336914062,547.2720336914062,547.2720336914062,547.2720336914062,16000,0.0,0.0
2001-12-19 00:00:00+09:00,545.5670776367188,545.5670776367188,545.2260982131959,545.5670776367188,12000,0.0,0.0
2001-12-20 00:00:00+09:00,545.5670776367188,545.5670776367188,545.5670776367188,545.5670776367188,6000,0.0,0.0
2001-12-21 00:00:00+09:00,545.5670776367188,545.5670776367188,545.5670776367188,545.5670776367188,34000,0.0,0.0
2001-12-24 00:00:00+09:00,545.5670776367188,545.5670776367188,545.5670776367188,545.5670776367188,0,0.0,0.0
2001-12-25 00:00:00+09:00,562.6160488128662,562.6160488128662,545.5670776367188,545.5670776367188,22000,0.0,0.0
2001-12-26 00:00:00+09:00,545.5671363901869,547.2720336914062,545.5671363901869,547.2720336914062,4000,0.0,0.0
2001-12-27 00:00:00+09:00,547.2720336914062,547.2720336914062,547.2720336914062,547.2720336914062,0,0.0,0.0
2001-12-28 00:00:00+09:00,547.2720336914062,547.2720336914062,547.2720336914062,547.2720336914062,2000,0.0,0.0
2001-12-31 00:00:00+09:00,547.2720336914062,547.2720336914062,547.2720336914062,547.2720336914062,0,0.0,0.0
2002-01-01 00:00:00+09:00,547.2720336914062,547.2720336914062,547.2720336914062,547.2720336914062,0,0.0,0.0
2002-01-02 00:00:00+09:00,547.2720336914062,547.2720336914062,547.2720336914062,547.2720336914062,0,0.0,0.0
2002-01-03 00:00:00+09:00,547.2720336914062,547.2720336914062,547.2720336914062,547.2720336914062,0,0.0,0.0
2002-01-04 00:00:00+09:00,630.8120579733129,630.8120579733129,598.4190063476562,598.4190063476562,4000,0.0,0.0
2002-01-07 00:00:00+09:00,598.4190063476562,598.4190063476562,598.4190063476562,598.4190063476562,0,0.0,0.0
2002-01-08 00:00:00+09:00,598.4190063476562,598.4190063476562,598.4190063476562,598.4190063476562,0,0.0,0.0
2002-01-09 00:00:00+09:00,598.4190063476562,598.4190063476562,598.4190063476562,598.4190063476562,0,0.0,0.0
2002-01-10 00:00:00+09:00,608.6482543945312,608.6482543945312,608.6482543945312,608.6482543945312,10000,0.0,0.0
2002-01-11 00:00:00+09:00,608.6482543945312,608.6482543945312,608.6482543945312,608.6482543945312,0,0.0,0.0
2002-01-14 00:00:00+09:00,608.6482543945312,608.6482543945312,608.6482543945312,608.6482543945312,0,0.0,0.0
2002-01-15 00:00:00+09:00,579.6651227286692,606.9434814453125,579.6651227286692,606.9434814453125,6000,0.0,0.0
2002-01-16 00:00:00+09:00,606.9434814453125,606.9434814453125,606.9434814453125,606.9434814453125,0,0.0,0.0
2002-01-17 00:00:00+09:00,606.9434814453125,606.9434814453125,606.9434814453125,606.9434814453125,6000,0.0,0.0
2002-01-18 00:00:00+09:00,613.7630139367055,613.7630139367055,603.5336303710938,603.5336303710938,10000,0.0,0.0
2002-01-21 00:00:00+09:00,603.5336303710938,603.5336303710938,603.5336303710938,603.5336303710938,2000,0.0,0.0
2002-01-22 00:00:00+09:00,613.7630615234375,613.7630615234375,613.7630615234375,613.7630615234375,8000,0.0,0.0
2002-01-23 00:00:00+09:00,606.9434814453125,606.9434814453125,606.9434814453125,606.9434814453125,6000,0.0,0.0
2002-01-24 00:00:00+09:00,606.9434814453125,606.9434814453125,606.9434814453125,606.9434814453125,2000,0.0,0.0
2002-01-25 00:00:00+09:00,664.9100341796875,664.9100341796875,664.9100341796875,664.9100341796875,4000,0.0,0.0
2002-01-28 00:00:00+09:00,664.9100341796875,664.9100341796875,664.9100341796875,664.9100341796875,2000,0.0,0.0
2002-01-29 00:00:00+09:00,664.9100341796875,664.9100341796875,664.9100341796875,664.9100341796875,0,0.0,0.0
2002-01-30 00:00:00+09:00,664.9100341796875,664.9100341796875,664.9100341796875,664.9100341796875,0,0.0,0.0
2002-01-31 00:00:00+09:00,664.9100341796875,664.9100341796875,664.9100341796875,664.9100341796875,0,0.0,0.0
2002-02-01 00:00:00+09:00,664.9100341796875,664.9100341796875,664.9100341796875,664.9100341796875,0,0.0,0.0
2002-02-04 00:00:00+09:00,664.9100341796875,664.9100341796875,664.9100341796875,664.9100341796875,0,0.0,0.0
2002-02-05 00:00:00+09:00,664.9100341796875,664.9100341796875,664.9100341796875,664.9100341796875,0,0.0,0.0
2002-02-06 00:00:00+09:00,664.9100341796875,664.9100341796875,664.9100341796875,664.9100341796875,0,0.0,0.0
2002-02-07 00:00:00+09:00,613.7629045758929,644.4510498046875,613.7629045758929,644.4510498046875,16000,0.0,0.0
2002-02-08 00:00:00+09:00,613.7630251620678,641.0413818359375,613.7630251620678,641.0413818359375,6000,0.0,0.0
2002-02-11 00:00:00+09:00,641.0413818359375,641.0413818359375,641.0413818359375,641.0413818359375,0,0.0,0.0
2002-02-12 00:00:00+09:00,641.0415305882855,641.0415305882855,623.9925537109375,623.9925537109375,18000,0.0,0.0
2002-02-13 00:00:00+09:00,579.6651136610244,613.7630615234375,579.6651136610244,613.7630615234375,10000,0.0,0.0
2002-02-14 00:00:00+09:00,613.7630615234375,613.7630615234375,613.7630615234375,613.7630615234375,2000,0.0,0.0
2002-02-15 00:00:00+09:00,613.7630615234375,613.7630615234375,613.7630615234375,613.7630615234375,0,0.0,0.0
2002-02-18 00:00:00+09:00,613.7630615234375,613.7630615234375,613.7630615234375,613.7630615234375,0,0.0,0.0
2002-02-19 00:00:00+09:00,613.7630615234375,613.7630615234375,613.7630615234375,613.7630615234375,0,0.0,0.0
2002-02-20 00:00:00+09:00,613.7630615234375,613.7630615234375,613.7630615234375,613.7630615234375,0,0.0,0.0
2002-02-21 00:00:00+09:00,613.7630615234375,613.7630615234375,613.7630615234375,613.7630615234375,0,0.0,0.0
2002-02-22 00:00:00+09:00,613.7630615234375,613.7630615234375,613.7630615234375,613.7630615234375,0,0.0,0.0
2002-02-25 00:00:00+09:00,613.4219970703125,613.4219970703125,613.4219970703125,613.4219970703125,2000,0.0,0.0
2002-02-26 00:00:00+09:00,610.0122727323878,610.0122727323878,606.6024780273438,606.6024780273438,6000,0.0,0.0
2002-02-27 00:00:00+09:00,579.6650390625,579.6650390625,579.6650390625,579.6650390625,2000,0.0,0.0
2002-02-28 00:00:00+09:00,579.66513671875,596.714111328125,579.66513671875,596.714111328125,14000,0.0,0.0
2002-03-01 00:00:00+09:00,613.7630615234375,613.7630615234375,613.7630615234375,613.7630615234375,4000,0.0,0.0
2002-03-04 00:00:00+09:00,623.6514282226562,623.6514282226562,623.6514282226562,623.6514282226562,6000,0.0,0.0
2002-03-05 00:00:00+09:00,613.7631124978537,620.5827026367188,613.7631124978537,620.5827026367188,8000,0.0,0.0
2002-03-06 00:00:00+09:00,620.5827026367188,620.5827026367188,620.5827026367188,620.5827026367188,0,0.0,0.0
2002-03-07 00:00:00+09:00,641.0413818359375,641.0413818359375,641.0413818359375,641.0413818359375,2000,0.0,0.0
2002-03-08 00:00:00+09:00,641.3823222358819,671.7294921875,641.0413427982234,671.7294921875,48000,0.0,0.0
2002-03-11 00:00:00+09:00,774.0234094793146,774.0234094793146,750.1548461914062,750.1548461914062,24000,0.0,0.0
2002-03-12 00:00:00+09:00,750.1548461914062,750.1548461914062,681.9589510830965,750.1548461914062,36000,0.0,0.0
2002-03-13 00:00:00+09:00,750.1549709033314,774.0235381593466,748.4500732421875,748.4500732421875,22000,0.0,0.0
2002-03-14 00:00:00+09:00,721.1715309567949,721.1715309567949,688.7784834670098,704.12255859375,16000,0.0,0.0
2002-03-15 00:00:00+09:00,733.1058724143288,750.1548461914062,733.1058724143288,750.1548461914062,10000,0.0,0.0
2002-03-18 00:00:00+09:00,750.1548461914062,750.1548461914062,750.1548461914062,750.1548461914062,0,0.0,0.0
2002-03-19 00:00:00+09:00,746.7450561523438,748.4499535408195,746.7450561523438,746.7450561523438,10000,0.0,0.0
2002-03-20 00:00:00+09:00,748.4500732421875,748.4500732421875,748.4500732421875,748.4500732421875,12000,0.0,0.0
2002-03-21 00:00:00+09:00,748.4500732421875,748.4500732421875,748.4500732421875,748.4500732421875,0,0.0,0.0
2002-03-22 00:00:00+09:00,750.1549709033314,750.1549709033314,746.7451755810436,748.4500732421875,8000,0.0,0.0
2002-03-25 00:00:00+09:00,699.0078964233398,704.1225883483887,681.9589233398438,681.9589233398438,30000,0.0,0.0
2002-03-26 00:00:00+09:00,687.1122472426471,700.8544921875,687.1122472426471,700.8544921875,4000,7.5,0.0
2002-03-27 00:00:00+09:00,700.8544084821428,721.4677734375,700.8544084821428,721.4677734375,10000,0.0,0.0
2002-03-28 00:00:00+09:00,721.4678983599226,735.2101440429688,721.4678983599226,735.2101440429688,4000,0.0,0.0
2002-03-29 00:00:00+09:00,735.2101440429688,755.823512567538,735.2101440429688,735.2101440429688,14000,0.0,0.0
2002-04-01 00:00:00+09:00,752.3879250266335,755.823486328125,738.6456798206676,755.823486328125,12000,0.0,0.0
2002-04-02 00:00:00+09:00,755.823486328125,755.823486328125,755.823486328125,755.823486328125,4000,0.0,0.0
2002-04-03 00:00:00+09:00,687.1123137297453,742.081298828125,687.1123137297453,742.081298828125,12000,0.0,0.0
2002-04-04 00:00:00+09:00,742.0811626944123,745.5167236328125,742.0811626944123,745.5167236328125,18000,0.0,0.0
2002-04-05 00:00:00+09:00,745.5167236328125,745.5167236328125,745.5167236328125,745.5167236328125,4000,0.0,0.0
2002-04-08 00:00:00+09:00,747.2347716589995,754.1058959960938,745.516990574726,754.1058959960938,18000,0.0,0.0
2002-04-09 00:00:00+09:00,726.6211146763393,755.8233816964286,697.41884765625,721.4677734375,18000,0.0,0.0
2002-04-10 00:00:00+09:00,721.4678983599226,748.952389726015,721.4678983599226,735.2101440429688,34000,0.0,0.0
2002-04-11 00:00:00+09:00,755.8235621343464,755.8235621343464,752.3880004882812,752.3880004882812,22000,0.0,0.0
2002-04-12 00:00:00+09:00,745.5168024236506,766.1301702325994,745.5168024236506,755.823486328125,26000,0.0,0.0
2002-04-15 00:00:00+09:00,755.823486328125,755.823486328125,755.823486328125,755.823486328125,6000,0.0,0.0
2002-04-16 00:00:00+09:00,755.823486328125,755.823486328125,755.823486328125,755.823486328125,0,0.0,0.0
2002-04-17 00:00:00+09:00,754.1057056773792,755.823486328125,754.1057056773792,755.823486328125,18000,0.0,0.0
2002-04-18 00:00:00+09:00,757.5412669788707,759.2590476296165,755.823486328125,755.823486328125,14000,0.0,0.0
2002-04-19 00:00:00+09:00,755.823486328125,757.5412669788707,755.823486328125,755.823486328125,20000,0.0,0.0
2002-04-22 00:00:00+09:00,757.5412669788707,757.5412669788707,755.823486328125,755.823486328125,6000,0.0,0.0
2002-04-23 00:00:00+09:00,752.3878855410647,752.3878855410647,750.6701049804688,750.6701049804688,16000,0.0,0.0
2002-04-24 00:00:00+09:00,747.2345581054688,747.2345581054688,747.2345581054688,747.2345581054688,8000,0.0,0.0
2002-04-25 00:00:00+09:00,742.0812450152262,742.0812450152262,740.3634643554686,740.3634643554688,6000,0.0,0.0
2002-04-26 00:00:00+09:00,721.4679127008142,731.7745971679688,721.4679127008142,731.7745971679688,8000,0.0,0.0
2002-04-29 00:00:00+09:00,731.7745971679688,731.7745971679688,731.7745971679688,731.7745971679688,0,0.0,0.0
2002-04-30 00:00:00+09:00,745.5167236328125,745.5167236328125,745.5167236328125,745.5167236328125,8000,0.0,0.0
2002-05-01 00:00:00+09:00,721.4677734375,721.4677734375,721.4677734375,721.4677734375,6000,0.0,0.0
2002-05-02 00:00:00+09:00,726.6212671720065,726.6212671720065,699.1367747967059,714.5968017578125,18000,0.0,0.0
2002-05-03 00:00:00+09:00,714.5968017578125,714.5968017578125,714.5968017578125,714.5968017578125,0,0.0,0.0
2002-05-06 00:00:00+09:00,714.5968017578125,714.5968017578125,714.5968017578125,714.5968017578125,0,0.0,0.0
2002-05-07 00:00:00+09:00,687.1121736852134,704.2899780273438,687.1121736852134,704.2899780273438,10000,0.0,0.0
2002-05-08 00:00:00+09:00,704.2901748657226,704.2901748657226,687.1123657226562,687.1123657226562,12000,0.0,0.0
2002-05-09 00:00:00+09:00,687.1123657226562,687.1123657226562,687.1123657226562,687.1123657226562,8000,0.0,0.0
2002-05-10 00:00:00+09:00,687.1123657226562,687.1123657226562,687.1123657226562,687.1123657226562,0,0.0,0.0
2002-05-13 00:00:00+09:00,632.1433865906763,632.1433865906763,628.7078247070312,628.7078247070312,8000,0.0,0.0
2002-05-14 00:00:00+09:00,639.0144307454427,652.7566765679254,618.4010620117188,618.4010620117188,44000,0.0,0.0
2002-05-15 00:00:00+09:00,618.4011390560963,628.7078247070312,618.4011390560963,628.7078247070312,18000,0.0,0.0
2002-05-16 00:00:00+09:00,632.1433318309295,669.9345092773438,632.1433318309295,669.9345092773438,38000,0.0,0.0
2002-05-17 00:00:00+09:00,652.7567474365234,687.1123657226562,652.7567474365234,687.1123657226562,6000,0.0,0.0
2002-05-20 00:00:00+09:00,669.9345092773438,669.9345092773438,669.9345092773438,669.9345092773438,2000,0.0,0.0
2002-05-21 00:00:00+09:00,669.9344946413624,673.7136123034419,669.9344946413624,673.3700561523438,6000,0.0,0.0
2002-05-22 00:00:00+09:00,673.3700058862667,673.7135620117188,673.3700058862667,673.7135620117188,18000,0.0,0.0
2002-05-23 00:00:00+09:00,669.9345379740639,719.7501831054688,669.9345379740639,719.7501831054688,18000,0.0,0.0
2002-05-24 00:00:00+09:00,747.2344708110011,748.95225120367,724.9033257063045,738.6455688476562,16000,0.0,0.0
2002-05-27 00:00:00+09:00,721.4677734375,721.4677734375,721.4677734375,721.4677734375,6000,0.0,0.0
2002-05-28 00:00:00+09:00,721.4677734375,721.4677734375,721.4677734375,721.4677734375,14000,0.0,0.0
2002-05-29 00:00:00+09:00,735.2101185191761,755.823486328125,735.2101185191761,755.823486328125,20000,0.0,0.0
2002-05-30 00:00:00+09:00,721.4677734375,721.4677734375,721.4677734375,721.4677734375,2000,0.0,0.0
2002-05-31 00:00:00+09:00,721.4677734375,721.4677734375,721.4677734375,721.4677734375,4000,0.0,0.0
2002-06-03 00:00:00+09:00,721.4677734375,721.4677734375,721.4677734375,721.4677734375,2000,0.0,0.0
2002-06-04 00:00:00+09:00,721.4677734375,721.4677734375,721.4677734375,721.4677734375,8000,0.0,0.0
2002-06-05 00:00:00+09:00,723.1855538504465,723.1855538504465,721.4677734375,721.4677734375,10000,0.0,0.0
2002-06-06 00:00:00+09:00,728.339111328125,728.339111328125,728.339111328125,728.339111328125,4000,0.0,0.0
2002-06-07 00:00:00+09:00,728.3389719735205,776.4368286132812,728.3389719735205,776.4368286132812,16000,0.0,0.0
2002-06-10 00:00:00+09:00,790.1790733674986,790.1790733674986,773.001267424727,776.4368286132812,20000,0.0,0.0
2002-06-11 00:00:00+09:00,776.4368286132812,776.4368286132812,776.4368286132812,776.4368286132812,0,0.0,0.0
2002-06-12 00:00:00+09:00,776.4368286132812,776.4368286132812,776.4368286132812,776.4368286132812,0,0.0,0.0
2002-06-13 00:00:00+09:00,766.1301556755515,766.1301556755515,759.259033203125,759.259033203125,8000,0.0,0.0
2002-06-14 00:00:00+09:00,755.823486328125,755.823486328125,755.823486328125,755.823486328125,6000,0.0,0.0
2002-06-17 00:00:00+09:00,755.823486328125,755.823486328125,755.823486328125,755.823486328125,0,0.0,0.0
2002-06-18 00:00:00+09:00,688.8299589750299,718.0322265625,688.8299589750299,718.0322265625,4000,0.0,0.0
2002-06-19 00:00:00+09:00,718.0322265625,718.0322265625,718.0322265625,718.0322265625,0,0.0,0.0
2002-06-20 00:00:00+09:00,718.0322265625,718.0322265625,718.0322265625,718.0322265625,0,0.0,0.0
2002-06-21 00:00:00+09:00,738.6455688476562,738.6455688476562,738.6455688476562,738.6455688476562,2000,0.0,0.0
2002-06-24 00:00:00+09:00,738.6455688476562,738.6455688476562,738.6455688476562,738.6455688476562,0,0.0,0.0
2002-06-25 00:00:00+09:00,755.823486328125,755.823486328125,755.823486328125,755.823486328125,4000,0.0,0.0
2002-06-26 00:00:00+09:00,755.823486328125,755.823486328125,755.823486328125,755.823486328125,0,0.0,0.0
2002-06-27 00:00:00+09:00,721.4677734375,721.4677734375,721.4677734375,721.4677734375,6000,0.0,0.0
2002-06-28 00:00:00+09:00,721.4677734375,721.4677734375,721.4677734375,721.4677734375,0,0.0,0.0
2002-07-01 00:00:00+09:00,754.1058959960938,754.1058959960938,754.1058959960938,754.1058959960938,2000,0.0,0.0
2002-07-02 00:00:00+09:00,755.823486328125,755.823486328125,755.823486328125,755.823486328125,6000,0.0,0.0
2002-07-03 00:00:00+09:00,755.823486328125,755.823486328125,755.823486328125,755.823486328125,2000,0.0,0.0
2002-07-04 00:00:00+09:00,754.1057813113139,754.1057813113139,752.3880004882812,752.3880004882812,12000,0.0,0.0
2002-07-05 00:00:00+09:00,750.6701483140135,750.6701483140135,740.3634643554686,740.3634643554688,22000,0.0,0.0
2002-07-08 00:00:00+09:00,740.3634643554686,740.3634643554686,740.3634643554686,740.3634643554688,8000,0.0,0.0
2002-07-09 00:00:00+09:00,740.3634643554686,740.3634643554686,740.3634643554686,740.3634643554688,0,0.0,0.0
2002-07-10 00:00:00+09:00,745.5167236328125,745.5167236328125,745.5167236328125,745.5167236328125,6000,0.0,0.0
2002-07-11 00:00:00+09:00,748.952363725142,773.0012928355824,748.952363725142,755.823486328125,28000,0.0,0.0
2002-07-12 00:00:00+09:00,755.823486328125,755.823486328125,755.823486328125,755.823486328125,0,0.0,0.0
2002-07-15 00:00:00+09:00,755.823486328125,755.823486328125,755.823486328125,755.823486328125,0,0.0,0.0
2002-07-16 00:00:00+09:00,755.823486328125,755.823486328125,755.823486328125,755.823486328125,38000,0.0,0.0
2002-07-17 00:00:00+09:00,773.0012928355824,773.0012928355824,755.823486328125,755.823486328125,82000,0.0,0.0
2002-07-18 00:00:00+09:00,757.5412669788707,757.5412669788707,755.823486328125,755.823486328125,30000,0.0,0.0
2002-07-19 00:00:00+09:00,755.823486328125,755.823486328125,755.823486328125,755.823486328125,4000,0.0,0.0
2002-07-22 00:00:00+09:00,755.823486328125,755.823486328125,755.823486328125,755.823486328125,0,0.0,0.0
2002-07-23 00:00:00+09:00,752.3879250266335,755.823486328125,752.3879250266335,755.823486328125,12000,0.0,0.0
2002-07-24 00:00:00+09:00,755.823486328125,755.823486328125,754.1057056773792,755.823486328125,12000,0.0,0.0
2002-07-25 00:00:00+09:00,776.4368541370739,776.4368541370739,755.823486328125,755.823486328125,18000,0.0,0.0
2002-07-26 00:00:00+09:00,773.0013501139686,773.0013501139686,769.5657885579064,771.2835693359375,30000,0.0,0.0
2002-07-29 00:00:00+09:00,771.2835693359375,771.2835693359375,771.2835693359375,771.2835693359375,6000,0.0,0.0
2002-07-30 00:00:00+09:00,771.2835693359375,771.2835693359375,771.2835693359375,771.2835693359375,6000,0.0,0.0
2002-07-31 00:00:00+09:00,773.001220703125,773.001220703125,773.001220703125,773.001220703125,8000,0.0,0.0
2002-08-01 00:00:00+09:00,773.001220703125,773.001220703125,769.5656597222222,773.001220703125,26000,0.0,0.0
2002-08-02 00:00:00+09:00,773.001220703125,773.001220703125,773.001220703125,773.001220703125,0,0.0,0.0
2002-08-05 00:00:00+09:00,731.7744798792122,745.5167236328125,731.7744798792122,745.5167236328125,6000,0.0,0.0
2002-08-06 00:00:00+09:00,745.5167236328125,745.5167236328125,745.5167236328125,745.5167236328125,0,0.0,0.0
2002-08-07 00:00:00+09:00,687.1123833678911,724.903564453125,687.1123833678911,724.903564453125,12000,0.0,0.0
2002-08-08 00:00:00+09:00,724.903564453125,724.903564453125,724.903564453125,724.903564453125,0,0.0,0.0
2002-08-09 00:00:00+09:00,724.903564453125,724.903564453125,724.903564453125,724.903564453125,0,0.0,0.0
2002-08-12 00:00:00+09:00,755.8234157986111,773.001220703125,755.8234157986111,773.001220703125,12000,0.0,0.0
2002-08-13 00:00:00+09:00,755.8234064480126,755.8234064480126,745.5167236328125,745.5167236328125,6000,0.0,0.0
2002-08-14 00:00:00+09:00,745.5167236328125,745.5167236328125,745.5167236328125,745.5167236328125,0,0.0,0.0
2002-08-15 00:00:00+09:00,745.5167236328125,745.5167236328125,745.5167236328125,745.5167236328125,0,0.0,0.0
2002-08-16 00:00:00+09:00,754.1057643183955,754.1057643183955,742.081298828125,742.081298828125,10000,0.0,0.0
2002-08-19 00:00:00+09:00,755.8235621343464,755.8235621343464,752.3880004882812,752.3880004882812,10000,0.0,0.0
2002-08-20 00:00:00+09:00,742.081298828125,742.081298828125,742.081298828125,742.081298828125,0,0.0,0.0
2002-08-21 00:00:00+09:00,742.081298828125,742.081298828125,742.081298828125,742.081298828125,4000,0.0,0.0
2002-08-22 00:00:00+09:00,742.081298828125,742.081298828125,742.081298828125,742.081298828125,4000,0.0,0.0
2002-08-23 00:00:00+09:00,742.081298828125,742.081298828125,742.081298828125,742.081298828125,0,0.0,0.0
2002-08-26 00:00:00+09:00,742.081298828125,742.081298828125,742.081298828125,742.081298828125,0,0.0,0.0
2002-08-27 00:00:00+09:00,738.6455688476562,738.6455688476562,738.6455688476562,738.6455688476562,18000,0.0,0.0
2002-08-28 00:00:00+09:00,738.6455688476562,738.6455688476562,738.6455688476562,738.6455688476562,6000,0.0,0.0
2002-08-29 00:00:00+09:00,738.6455688476562,738.6455688476562,738.6455688476562,738.6455688476562,0,0.0,0.0
2002-08-30 00:00:00+09:00,738.6455688476562,738.6455688476562,738.6455688476562,738.6455688476562,2000,0.0,0.0
2002-09-02 00:00:00+09:00,735.2100167410714,735.2100167410714,721.4677734375,721.4677734375,8000,0.0,0.0
2002-09-03 00:00:00+09:00,687.1123657226562,687.1123657226562,687.1123657226562,687.1123657226562,4000,0.0,0.0
2002-09-04 00:00:00+09:00,738.6455688476562,755.8233727743459,738.6455688476562,738.6455688476562,8000,0.0,0.0
2002-09-05 00:00:00+09:00,738.6455688476562,738.6455688476562,738.6455688476562,738.6455688476562,0,0.0,0.0
2002-09-06 00:00:00+09:00,738.6455688476562,738.6455688476562,738.6455688476562,738.6455688476562,2000,0.0,0.0
2002-09-09 00:00:00+09:00,731.7745971679688,731.7745971679688,731.7745971679688,731.7745971679688,6000,0.0,0.0
2002-09-10 00:00:00+09:00,755.823486328125,755.823486328125,755.823486328125,755.823486328125,4000,0.0,0.0
2002-09-11 00:00:00+09:00,755.823486328125,755.823486328125,755.823486328125,755.823486328125,0,0.0,0.0
2002-09-12 00:00:00+09:00,755.823486328125,755.823486328125,755.823486328125,755.823486328125,50000,0.0,0.0
2002-09-13 00:00:00+09:00,757.5413208007812,757.5413208007812,757.5413208007812,757.5413208007812,2000,0.0,0.0
2002-09-16 00:00:00+09:00,757.5413208007812,757.5413208007812,757.5413208007812,757.5413208007812,0,0.0,0.0
2002-09-17 00:00:00+09:00,757.5413208007812,757.5413208007812,757.5413208007812,757.5413208007812,0,0.0,0.0
2002-09-18 00:00:00+09:00,755.823486328125,755.823486328125,755.823486328125,755.823486328125,0,0.0,0.0
2002-09-19 00:00:00+09:00,757.5412669788707,757.5412669788707,755.823486328125,755.823486328125,10000,0.0,0.0
2002-09-20 00:00:00+09:00,728.3390212014457,735.2101440429688,728.3390212014457,735.2101440429688,8000,0.0,0.0
2002-09-23 00:00:00+09:00,735.2101440429688,735.2101440429688,735.2101440429688,735.2101440429688,0,0.0,0.0
2002-09-24 00:00:00+09:00,726.6211146763393,728.3388950892858,721.4677734375,721.4677734375,16000,0.0,0.0
2002-09-25 00:00:00+09:00,721.4677734375,721.4677734375,721.4677734375,721.4677734375,12000,0.0,0.0
2002-09-26 00:00:00+09:00,721.4677734375,721.4677734375,721.4677734375,721.4677734375,0,0.0,0.0
2002-09-27 00:00:00+09:00,721.4677734375,721.4677734375,721.4677734375,721.4677734375,2000,0.0,0.0
2002-09-30 00:00:00+09:00,723.185731830019,736.927978515625,721.4679509943182,736.927978515625,16000,0.0,0.0
2002-10-01 00:00:00+09:00,736.9277884549873,738.6455688476562,736.9277884549873,738.6455688476562,12000,0.0,0.0
2002-10-02 00:00:00+09:00,721.4677734375,721.4677734375,721.4677734375,721.4677734375,24000,0.0,0.0
2002-10-03 00:00:00+09:00,738.6455688476562,738.6455688476562,738.6455688476562,738.6455688476562,16000,0.0,0.0
2002-10-04 00:00:00+09:00,738.6457931518554,738.6457931518554,687.1123657226562,687.1123657226562,16000,0.0,0.0
2002-10-07 00:00:00+09:00,687.1123657226562,687.1123657226562,687.1123657226562,687.1123657226562,0,0.0,0.0
2002-10-08 00:00:00+09:00,687.1123657226562,687.1123657226562,687.1123657226562,687.1123657226562,0,0.0,0.0
2002-10-09 00:00:00+09:00,663.0635986328125,663.0635986328125,663.0635986328125,663.0635986328125,0,0.0,0.0
2002-10-10 00:00:00+09:00,687.1123657226562,687.1123657226562,687.1123657226562,687.1123657226562,6000,0.0,0.0
2002-10-11 00:00:00+09:00,687.1123657226562,687.1123657226562,687.1123657226562,687.1123657226562,0,0.0,0.0
2002-10-14 00:00:00+09:00,687.1123657226562,687.1123657226562,687.1123657226562,687.1123657226562,0,0.0,0.0
2002-10-15 00:00:00+09:00,687.1123657226562,687.1123657226562,687.1123657226562,687.1123657226562,0,0.0,0.0
2002-10-16 00:00:00+09:00,687.1123657226562,687.1123657226562,687.1123657226562,687.1123657226562,2000,0.0,0.0
2002-10-17 00:00:00+09:00,687.1123657226562,687.1123657226562,687.1123657226562,687.1123657226562,2000,0.0,0.0
2002-10-18 00:00:00+09:00,687.1123657226562,687.1123657226562,687.1123657226562,687.1123657226562,4000,0.0,0.0
2002-10-21 00:00:00+09:00,687.1123657226562,687.1123657226562,687.1123657226562,687.1123657226562,0,0.0,0.0
2002-10-22 00:00:00+09:00,687.1123657226562,687.1123657226562,687.1123657226562,687.1123657226562,0,0.0,0.0
2002-10-23 00:00:00+09:00,687.1123657226562,687.1123657226562,687.1123657226562,687.1123657226562,4000,0.0,0.0
2002-10-24 00:00:00+09:00,687.1123657226562,687.1123657226562,687.1123657226562,687.1123657226562,0,0.0,0.0
2002-10-25 00:00:00+09:00,687.1122939399387,687.1122939399387,686.7687377929688,686.7687377929688,6000,0.0,0.0
2002-10-28 00:00:00+09:00,687.1123657226562,687.1123657226562,687.1123657226562,687.1123657226562,2000,0.0,0.0
2002-10-29 00:00:00+09:00,686.7687377929688,686.7687377929688,686.7687377929688,686.7687377929688,0,0.0,0.0
2002-10-30 00:00:00+09:00,686.7687377929688,686.7687377929688,686.7687377929688,686.7687377929688,0,0.0,0.0
2002-10-31 00:00:00+09:00,686.7687377929688,686.7687377929688,686.7687377929688,686.7687377929688,0,0.0,0.0
2002-11-01 00:00:00+09:00,686.7687377929688,686.7687377929688,686.7687377929688,686.7687377929688,0,0.0,0.0
2002-11-04 00:00:00+09:00,686.7687377929688,686.7687377929688,686.7687377929688,686.7687377929688,0,0.0,0.0
2002-11-05 00:00:00+09:00,686.7687377929688,686.7687377929688,686.7687377929688,686.7687377929688,2000,0.0,0.0
2002-11-06 00:00:00+09:00,687.1123657226562,687.1123657226562,687.1123657226562,687.1123657226562,2000,0.0,0.0
2002-11-07 00:00:00+09:00,687.1123657226562,687.1123657226562,687.1123657226562,687.1123657226562,0,0.0,0.0
2002-11-08 00:00:00+09:00,686.7687377929688,686.7687377929688,686.7687377929688,686.7687377929688,0,0.0,0.0
2002-11-11 00:00:00+09:00,687.1123657226562,687.1123657226562,687.1123657226562,687.1123657226562,6000,0.0,0.0
2002-11-12 00:00:00+09:00,687.1121785287081,721.4677874551435,687.1121785287081,718.0322265625,28000,0.0,0.0
2002-11-13 00:00:00+09:00,687.1123657226562,687.1123657226562,687.1123657226562,687.1123657226562,0,0.0,0.0
2002-11-14 00:00:00+09:00,656.8793878495067,656.8793878495067,652.7567138671875,652.7567138671875,8000,0.0,0.0
2002-11-15 00:00:00+09:00,652.7567138671875,652.7567138671875,652.7567138671875,652.7567138671875,0,0.0,0.0
2002-11-18 00:00:00+09:00,662.3762737880609,669.9345092773438,662.3762737880609,669.9345092773438,4000,0.0,0.0
2002-11-19 00:00:00+09:00,680.2413330078125,680.2413330078125,680.2413330078125,680.2413330078125,6000,0.0,0.0
2002-11-20 00:00:00+09:00,680.2413330078125,680.2413330078125,680.2413330078125,680.2413330078125,0,0.0,0.0
2002-11-21 00:00:00+09:00,614.9654890730575,636.6095258393159,614.9654890730575,635.578857421875,18000,0.0,0.0
2002-11-22 00:00:00+09:00,652.7567138671875,652.7567138671875,652.7567138671875,652.7567138671875,6000,0.0,0.0
2002-11-25 00:00:00+09:00,687.1123303865132,687.1123303865132,652.7567138671875,652.7567138671875,8000,0.0,0.0
2002-11-26 00:00:00+09:00,652.7567138671875,652.7567138671875,652.7567138671875,652.7567138671875,0,0.0,0.0
2002-11-27 00:00:00+09:00,687.1123657226562,687.1123657226562,687.1123657226562,687.1123657226562,2000,0.0,0.0
2002-11-28 00:00:00+09:00,686.7687377929688,686.7687377929688,686.7687377929688,686.7687377929688,10000,0.0,0.0
2002-11-29 00:00:00+09:00,621.8367309570312,622.1802871619799,621.8367309570312,621.8367309570312,10000,0.0,0.0
2002-12-02 00:00:00+09:00,621.8367309570312,621.8367309570312,621.8367309570312,621.8367309570312,0,0.0,0.0
2002-12-03 00:00:00+09:00,652.7567138671875,652.7567138671875,652.7567138671875,652.7567138671875,4000,0.0,0.0
2002-12-04 00:00:00+09:00,649.3211970201788,649.3211970201788,642.4500732421875,642.4500732421875,50000,0.0,0.0
2002-12-05 00:00:00+09:00,642.4499399883094,642.4499399883094,618.401011753453,618.7445678710938,14000,0.0,0.0
2002-12-06 00:00:00+09:00,618.7445678710938,618.7445678710938,618.7445678710938,618.7445678710938,0,0.0,0.0
2002-12-09 00:00:00+09:00,618.7445678710938,618.7445678710938,618.7445678710938,618.7445678710938,0,0.0,0.0
2002-12-10 00:00:00+09:00,628.7078247070312,628.7078247070312,628.7078247070312,628.7078247070312,64000,0.0,0.0
2002-12-11 00:00:00+09:00,628.7078247070312,628.7078247070312,628.7078247070312,628.7078247070312,8000,0.0,0.0
2002-12-12 00:00:00+09:00,621.8366234673395,621.8366234673395,618.4010620117188,618.4010620117188,50000,0.0,0.0
2002-12-13 00:00:00+09:00,620.118896484375,620.118896484375,620.118896484375,620.118896484375,2000,0.0,0.0
2002-12-16 00:00:00+09:00,620.118896484375,620.118896484375,620.118896484375,620.118896484375,30000,0.0,0.0
2002-12-17 00:00:00+09:00,620.1188104179467,620.1188104179467,611.5299072265625,611.5299072265625,50000,0.0,0.0
2002-12-18 00:00:00+09:00,580.6099474571557,580.6099474571557,542.8187674451515,550.033447265625,34000,0.0,0.0
2002-12-19 00:00:00+09:00,556.9045763635928,559.99658203125,546.2543346194402,559.99658203125,18000,0.0,0.0
2002-12-20 00:00:00+09:00,559.99658203125,559.99658203125,549.6898964723927,559.99658203125,44000,0.0,0.0
2002-12-23 00:00:00+09:00,559.99658203125,559.99658203125,559.99658203125,559.99658203125,0,0.0,0.0
2002-12-24 00:00:00+09:00,559.6528996305645,559.6528996305645,546.2542114257812,546.2542114257812,10000,0.0,0.0
2002-12-25 00:00:00+09:00,559.9964557383795,559.9964557383795,546.2542114257812,546.2542114257812,18000,0.0,0.0
2002-12-26 00:00:00+09:00,559.99658203125,559.99658203125,559.99658203125,559.99658203125,2000,0.0,0.0
2002-12-27 00:00:00+09:00,560.3400376263787,560.3400376263787,549.3462416704963,554.8431396484375,26000,0.0,0.0
2002-12-30 00:00:00+09:00,554.8431396484375,554.8431396484375,554.8431396484375,554.8431396484375,0,0.0,0.0
2002-12-31 00:00:00+09:00,554.8431396484375,554.8431396484375,554.8431396484375,554.8431396484375,0,0.0,0.0
2003-01-01 00:00:00+09:00,554.8431396484375,554.8431396484375,554.8431396484375,554.8431396484375,0,0.0,0.0
2003-01-02 00:00:00+09:00,554.8431396484375,554.8431396484375,554.8431396484375,554.8431396484375,0,0.0,0.0
2003-01-03 00:00:00+09:00,554.8431396484375,554.8431396484375,554.8431396484375,554.8431396484375,0,0.0,0.0
2003-01-06 00:00:00+09:00,559.99658203125,559.99658203125,559.99658203125,559.99658203125,0,0.0,0.0
2003-01-07 00:00:00+09:00,577.1743774414062,577.1743774414062,577.1743774414062,577.1743774414062,6000,0.0,0.0
2003-01-08 00:00:00+09:00,577.1743774414062,577.1743774414062,577.1743774414062,577.1743774414062,0,0.0,0.0
2003-01-09 00:00:00+09:00,577.1743774414062,577.1743774414062,577.1743774414062,577.1743774414062,0,0.0,0.0
2003-01-10 00:00:00+09:00,601.2233276367188,601.2233276367188,601.2233276367188,601.2233276367188,6000,0.0,0.0
2003-01-13 00:00:00+09:00,601.2233276367188,601.2233276367188,601.2233276367188,601.2233276367188,0,0.0,0.0
2003-01-14 00:00:00+09:00,601.2233276367188,601.2233276367188,601.2233276367188,601.2233276367188,0,0.0,0.0
2003-01-15 00:00:00+09:00,594.3522338867188,594.3522338867188,594.3522338867188,594.3522338867188,0,0.0,0.0
2003-01-16 00:00:00+09:00,590.91650390625,590.91650390625,590.91650390625,590.91650390625,10000,0.0,0.0
2003-01-17 00:00:00+09:00,590.91650390625,590.91650390625,590.91650390625,590.91650390625,4000,0.0,0.0
2003-01-20 00:00:00+09:00,590.91650390625,590.91650390625,590.91650390625,590.91650390625,18000,0.0,0.0
2003-01-21 00:00:00+09:00,578.8921583266485,578.8921583266485,577.1743774414062,577.1743774414062,34000,0.0,0.0
2003-01-22 00:00:00+09:00,577.1742986505682,577.1742986505682,566.8676147460938,566.8676147460938,42000,0.0,0.0
2003-01-23 00:00:00+09:00,566.5240586159446,566.8676147460938,566.5240586159446,566.8676147460938,12000,0.0,0.0
2003-01-24 00:00:00+09:00,566.8676148582219,566.8676148582219,561.0271606445312,561.0271606445312,26000,0.0,0.0
2003-01-27 00:00:00+09:00,561.0271606445312,561.0271606445312,561.0271606445312,561.0271606445312,18000,0.0,0.0
2003-01-28 00:00:00+09:00,561.3707167747483,561.3707167747483,561.0271606445312,561.0271606445312,18000,0.0,0.0
2003-01-29 00:00:00+09:00,561.0271644853729,561.0271644853729,551.4075927734375,551.4075927734375,20000,0.0,0.0
2003-01-30 00:00:00+09:00,551.4075927734375,551.4075927734375,551.4075927734375,551.4075927734375,20000,0.0,0.0
2003-01-31 00:00:00+09:00,577.1743774414062,577.1743774414062,577.1743774414062,577.1743774414062,2000,0.0,0.0
2003-02-03 00:00:00+09:00,577.1743774414062,577.1743774414062,577.1743774414062,577.1743774414062,0,0.0,0.0
2003-02-04 00:00:00+09:00,577.1743774414062,577.1743774414062,577.1743774414062,577.1743774414062,8000,0.0,0.0
2003-02-05 00:00:00+09:00,566.8676147460938,567.2111708762428,566.8676147460938,566.8676147460938,24000,0.0,0.0
2003-02-06 00:00:00+09:00,553.12548828125,553.12548828125,553.12548828125,553.12548828125,6000,0.0,0.0
2003-02-07 00:00:00+09:00,553.468994140625,553.468994140625,553.468994140625,553.468994140625,2000,0.0,0.0
2003-02-10 00:00:00+09:00,577.1743774414062,577.1743774414062,577.1743774414062,577.1743774414062,6000,0.0,0.0
2003-02-11 00:00:00+09:00,577.1743774414062,577.1743774414062,577.1743774414062,577.1743774414062,0,0.0,0.0
2003-02-12 00:00:00+09:00,577.1742768158783,577.1742768158783,551.4075680294552,572.0209350585938,10000,0.0,0.0
2003-02-13 00:00:00+09:00,572.0209350585938,572.0209350585938,572.0209350585938,572.0209350585938,0,0.0,0.0
2003-02-14 00:00:00+09:00,571.677490234375,571.677490234375,571.677490234375,571.677490234375,284000,0.0,0.0
2003-02-17 00:00:00+09:00,571.677478608631,577.1743774414062,550.0334394545782,577.1743774414062,56000,0.0,0.0
2003-02-18 00:00:00+09:00,584.0455182756697,601.2233276367188,584.0455182756697,601.2233276367188,46000,0.0,0.0
2003-02-19 00:00:00+09:00,611.8734633542178,618.4010297796699,611.5299072265625,611.5299072265625,62000,0.0,0.0
2003-02-20 00:00:00+09:00,618.4010620117188,618.4010620117188,618.4010620117188,618.4010620117188,6000,0.0,0.0
2003-02-21 00:00:00+09:00,618.4010620117188,618.4010620117188,618.4010620117188,618.4010620117188,2000,0.0,0.0
2003-02-24 00:00:00+09:00,618.4010620117188,618.4010620117188,618.4010620117188,618.4010620117188,6000,0.0,0.0
2003-02-25 00:00:00+09:00,584.0455009823753,584.0455009823753,577.1743774414062,577.1743774414062,6000,0.0,0.0
2003-02-26 00:00:00+09:00,584.0453491210938,584.0453491210938,584.0453491210938,584.0453491210938,0,0.0,0.0
2003-02-27 00:00:00+09:00,584.0453491210938,584.0453491210938,584.0453491210938,584.0453491210938,6000,0.0,0.0
2003-02-28 00:00:00+09:00,584.7324829101562,584.7324829101562,584.7324829101562,584.7324829101562,2000,0.0,0.0
2003-03-03 00:00:00+09:00,585.076171875,585.076171875,585.076171875,585.076171875,0,0.0,0.0
2003-03-04 00:00:00+09:00,584.04554911545,588.5117797851562,584.04554911545,588.5117797851562,8000,0.0,0.0
2003-03-05 00:00:00+09:00,590.91650390625,590.91650390625,590.91650390625,590.91650390625,4000,0.0,0.0
2003-03-06 00:00:00+09:00,597.7877657645089,601.2233276367188,597.7877657645089,601.2233276367188,32000,0.0,0.0
2003-03-07 00:00:00+09:00,601.5667432208394,601.5667432208394,590.91650390625,590.91650390625,24000,0.0,0.0
2003-03-10 00:00:00+09:00,601.2231871139171,601.2231871139171,590.91650390625,590.91650390625,26000,0.0,0.0
2003-03-11 00:00:00+09:00,590.91650390625,590.91650390625,590.91650390625,590.91650390625,2000,0.0,0.0
2003-03-12 00:00:00+09:00,590.5730490709739,590.9166052368092,584.3890380859375,584.3890380859375,24000,0.0,0.0
2003-03-13 00:00:00+09:00,584.0454064794334,584.0454064794334,570.3031616210938,570.3031616210938,20000,0.0,0.0
2003-03-14 00:00:00+09:00,570.3031616210938,570.3031616210938,570.3031616210938,570.3031616210938,4000,0.0,0.0
2003-03-17 00:00:00+09:00,570.3031616210938,570.3031616210938,570.3031616210938,570.3031616210938,2000,0.0,0.0
2003-03-18 00:00:00+09:00,570.3032619993364,570.3032619993364,550.033447265625,550.033447265625,80000,0.0,0.0
2003-03-19 00:00:00+09:00,580.609974025451,580.609974025451,556.5610401900774,566.524169921875,24000,0.0,0.0
2003-03-20 00:00:00+09:00,584.388905208812,584.388905208812,584.0453491210938,584.0453491210938,4000,0.0,0.0
2003-03-21 00:00:00+09:00,584.0453491210938,584.0453491210938,584.0453491210938,584.0453491210938,0,0.0,0.0
2003-03-24 00:00:00+09:00,584.0454212535511,584.0454212535511,566.8676147460938,566.8676147460938,8000,0.0,0.0
2003-03-25 00:00:00+09:00,628.7076405244715,628.7076405244715,584.0453491210938,584.0453491210938,22000,0.0,0.0
2003-03-26 00:00:00+09:00,589.2445678710938,589.2445678710938,589.2445678710938,589.2445678710938,0,7.5,0.0
2003-03-27 00:00:00+09:00,589.59130859375,589.59130859375,589.59130859375,589.59130859375,4000,0.0,0.0
2003-03-28 00:00:00+09:00,589.9379231196723,589.9379231196723,589.59130859375,589.59130859375,6000,0.0,0.0
2003-03-31 00:00:00+09:00,589.5913455360815,592.7108764648438,589.5913455360815,592.7108764648438,6000,0.0,0.0
2003-04-01 00:00:00+09:00,596.1769409179688,596.1769409179688,596.1769409179688,596.1769409179688,0,0.0,0.0
2003-04-02 00:00:00+09:00,596.1770219412464,596.1770219412464,592.7108764648438,592.7108764648438,8000,0.0,0.0
2003-04-03 00:00:00+09:00,596.1769409179688,596.1769409179688,596.1769409179688,596.1769409179688,6000,0.0,0.0
2003-04-04 00:00:00+09:00,596.1769978344059,596.1769978344059,595.8303833007812,595.8303833007812,8000,0.0,0.0
2003-04-07 00:00:00+09:00,598.2566528320312,598.2566528320312,598.2566528320312,598.2566528320312,0,0.0,0.0
2003-04-08 00:00:00+09:00,599.6431884765625,599.6431884765625,599.6431884765625,599.6431884765625,2000,0.0,0.0
2003-04-09 00:00:00+09:00,606.575439453125,606.575439453125,606.575439453125,606.575439453125,2000,0.0,0.0
2003-04-10 00:00:00+09:00,637.4241333007812,637.4241333007812,636.3842896901764,637.4241333007812,14000,0.0,0.0
2003-04-11 00:00:00+09:00,637.4241574146708,640.8903029144788,634.3046264648438,634.3046264648438,12000,0.0,0.0
2003-04-14 00:00:00+09:00,634.3046264648438,634.3046264648438,634.3046264648438,634.3046264648438,0,0.0,0.0
2003-04-15 00:00:00+09:00,634.3045452142218,653.021728515625,634.3045452142218,653.021728515625,18000,0.0,0.0
2003-04-16 00:00:00+09:00,653.3682861328125,653.3682861328125,653.0216716574105,653.3682861328125,8000,0.0,0.0
2003-04-17 00:00:00+09:00,653.7149459366947,672.43212890625,653.3683314372585,672.43212890625,20000,0.0,0.0
2003-04-18 00:00:00+09:00,700.1611977181783,724.4242095202934,700.1611977181783,710.5596313476562,12000,0.0,0.0
2003-04-21 00:00:00+09:00,710.5596293981304,710.5596293981304,705.3604125976562,705.3604125976562,14000,0.0,0.0
2003-04-22 00:00:00+09:00,733.0895363943918,733.0895363943918,727.8903198242188,727.8903198242188,28000,0.0,0.0
2003-04-23 00:00:00+09:00,727.8905630802763,727.8905630802763,717.4921264648438,717.4921264648438,28000,0.0,0.0
2003-04-24 00:00:00+09:00,719.2251992340824,724.4244175417987,717.4921264648438,717.4921264648438,80000,0.0,0.0
2003-04-25 00:00:00+09:00,727.8905181884766,727.8905181884766,693.2290649414062,693.2290649414062,14000,0.0,0.0
2003-04-28 00:00:00+09:00,693.2289988724227,693.2289988724227,672.43212890625,672.43212890625,16000,0.0,0.0
2003-04-29 00:00:00+09:00,672.43212890625,672.43212890625,672.43212890625,672.43212890625,0,0.0,0.0
2003-04-30 00:00:00+09:00,693.2290649414062,693.2290649414062,693.2290649414062,693.2290649414062,8000,0.0,0.0
2003-05-01 00:00:00+09:00,693.2290649414062,693.2290649414062,693.2290649414062,693.2290649414062,0,0.0,0.0
2003-05-02 00:00:00+09:00,693.2290649414062,693.2290649414062,693.2290649414062,693.2290649414062,8000,0.0,0.0
2003-05-05 00:00:00+09:00,693.2290649414062,693.2290649414062,693.2290649414062,693.2290649414062,0,0.0,0.0
2003-05-06 00:00:00+09:00,693.2290414663461,693.2290414663461,675.8983154296875,675.8983154296875,16000,0.0,0.0
2003-05-07 00:00:00+09:00,675.8983154296875,675.8983154296875,675.8983154296875,675.8983154296875,0,0.0,0.0
2003-05-08 00:00:00+09:00,675.8983154296875,675.8983154296875,675.8983154296875,675.8983154296875,4000,0.0,0.0
2003-05-09 00:00:00+09:00,658.9141634282378,672.43212890625,658.9141634282378,672.43212890625,4000,0.0,0.0
2003-05-12 00:00:00+09:00,686.2968139648438,686.2968139648438,686.2968139648438,686.2968139648438,6000,0.0,0.0
2003-05-13 00:00:00+09:00,658.5675659179688,658.5675659179688,658.5675659179688,658.5675659179688,8000,0.0,0.0
2003-05-14 00:00:00+09:00,658.5675659179688,658.5675659179688,658.5675659179688,658.5675659179688,4000,0.0,0.0
2003-05-15 00:00:00+09:00,686.2968139648438,686.2968139648438,686.2968139648438,686.2968139648438,8000,0.0,0.0
2003-05-16 00:00:00+09:00,658.5676229065953,658.5676229065953,627.372314453125,627.372314453125,8000,0.0,0.0
2003-05-19 00:00:00+09:00,658.5675659179688,658.5675659179688,658.5675659179688,658.5675659179688,0,0.0,0.0
2003-05-20 00:00:00+09:00,686.2968139648438,686.2968139648438,686.2968139648438,686.2968139648438,2000,0.0,0.0
2003-05-21 00:00:00+09:00,658.5675659179688,658.5675659179688,658.5675659179688,658.5675659179688,2000,0.0,0.0
2003-05-22 00:00:00+09:00,664.1134643554688,664.1134643554688,664.1134643554688,664.1134643554688,0,0.0,0.0
2003-05-23 00:00:00+09:00,693.2290649414062,696.6952102661132,677.6314109802246,693.2290649414062,62000,0.0,0.0
2003-05-26 00:00:00+09:00,727.8905403968132,731.3566858272742,700.161376953125,700.161376953125,50000,0.0,0.0
2003-05-27 00:00:00+09:00,719.2249588739304,727.8903198242188,710.5595979236422,727.8903198242188,20000,0.0,0.0
2003-05-28 00:00:00+09:00,762.5518798828125,762.5518798828125,727.8904307972301,762.5518798828125,14000,0.0,0.0
2003-05-29 00:00:00+09:00,760.8188074285333,762.5518798828125,760.8188074285333,762.5518798828125,10000,0.0,0.0
2003-05-30 00:00:00+09:00,766.0180247913707,766.0180247913707,762.5518798828125,762.5518798828125,34000,0.0,0.0
2003-06-02 00:00:00+09:00,769.4842529296875,769.4842529296875,762.5519623627534,769.4842529296875,24000,0.0,0.0
2003-06-03 00:00:00+09:00,762.5517849392361,779.8825073242188,762.5517849392361,779.8825073242188,48000,0.0,0.0
2003-06-04 00:00:00+09:00,762.5518968370226,762.5518968370226,748.6873168945312,748.6873168945312,18000,0.0,0.0
2003-06-05 00:00:00+09:00,745.2214529067614,772.9506232474781,745.2214529067614,767.7514038085938,70000,0.0,0.0
2003-06-06 00:00:00+09:00,766.0180247913707,767.7510972456498,745.2211553400213,762.5518798828125,58000,0.0,0.0
2003-06-09 00:00:00+09:00,762.5518798828125,762.5518798828125,762.5518798828125,762.5518798828125,24000,0.0,0.0
2003-06-10 00:00:00+09:00,778.1496402906336,797.2134399414062,778.1496402906336,797.2134399414062,12000,0.0,0.0
2003-06-11 00:00:00+09:00,797.2134808957319,804.1457720339556,797.2134808957319,800.6796264648438,44000,0.0,0.0
2003-06-12 00:00:00+09:00,831.8748938519022,835.3410392429519,786.8150037682575,797.2134399414062,18000,0.0,0.0
2003-06-13 00:00:00+09:00,797.2133810018777,807.61181640625,797.2133810018777,807.61181640625,16000,0.0,0.0
2003-06-16 00:00:00+09:00,831.874755859375,831.874755859375,831.874755859375,831.874755859375,4000,0.0,0.0
2003-06-17 00:00:00+09:00,830.1417055996982,838.8070678710938,830.1417055996982,838.8070678710938,86000,0.0,0.0
2003-06-18 00:00:00+09:00,831.874661192602,849.2053833007812,831.874661192602,849.2053833007812,76000,0.0,0.0
2003-06-19 00:00:00+09:00,849.2053833007812,849.2053833007812,838.8069500358737,849.2053833007812,70000,0.0,0.0
2003-06-20 00:00:00+09:00,838.8070678710938,840.5401403253728,833.6078505082563,838.8070678710938,32000,0.0,0.0
2003-06-23 00:00:00+09:00,833.607815391139,856.1377563476562,831.8747430098684,856.1377563476562,46000,0.0,0.0
2003-06-24 00:00:00+09:00,835.3409006754557,835.3409006754557,821.4763214111327,831.874755859375,50000,0.0,0.0
2003-06-25 00:00:00+09:00,818.010176595052,833.6078282674154,818.010176595052,831.874755859375,42000,0.0,0.0
2003-06-26 00:00:00+09:00,835.3409229625355,842.273212779652,831.8747780539773,838.8070678710938,54000,0.0,0.0
2003-06-27 00:00:00+09:00,833.6080526138243,838.8072712371953,833.6080526138243,835.3411254882812,32000,0.0,0.0
2003-06-30 00:00:00+09:00,849.2053833007812,849.2053833007812,849.2053833007812,849.2053833007812,6000,0.0,0.0
2003-07-01 00:00:00+09:00,863.0700299388384,883.8668981301357,849.2054511446403,870.0023193359375,64000,0.0,0.0
2003-07-02 00:00:00+09:00,883.8668443256778,890.7991333007812,883.8668443256778,890.7991333007812,44000,0.0,0.0
2003-07-03 00:00:00+09:00,866.5363977825831,873.4686889648438,866.5363977825831,873.4686889648438,6000,0.0,0.0
2003-07-04 00:00:00+09:00,873.4686889648438,873.4686889648438,873.4686889648438,873.4686889648438,4000,0.0,0.0
2003-07-07 00:00:00+09:00,873.468511537064,894.2653808593751,873.468511537064,894.265380859375,10000,0.0,0.0
2003-07-08 00:00:00+09:00,894.2653808593751,894.2653808593751,894.2653808593751,894.265380859375,54000,0.0,0.0
2003-07-09 00:00:00+09:00,894.2653808593751,894.2653808593751,894.2653808593751,894.265380859375,6000,0.0,0.0
2003-07-10 00:00:00+09:00,895.9983540461612,901.1975708007811,895.9983540461612,901.1975708007812,10000,0.0,0.0
2003-07-11 00:00:00+09:00,897.7314662455594,899.4645385742188,897.7314662455594,899.4645385742188,12000,0.0,0.0
2003-07-14 00:00:00+09:00,899.4644541916338,901.1975263577062,890.7990933612712,892.5321655273438,10000,0.0,0.0
2003-07-15 00:00:00+09:00,961.8555297851562,961.8555297851562,961.8555297851562,961.8555297851562,20000,0.0,0.0
2003-07-16 00:00:00+09:00,989.5845524379184,989.5845524379184,970.520751953125,970.520751953125,20000,0.0,0.0
2003-07-17 00:00:00+09:00,970.5206434461807,970.5206434461807,918.5284661187067,935.8591918945312,22000,0.0,0.0
2003-07-18 00:00:00+09:00,935.8591918945314,935.8591918945314,932.3930467393664,935.8591918945312,46000,0.0,0.0
2003-07-21 00:00:00+09:00,935.8591918945314,935.8591918945314,935.8591918945314,935.8591918945312,0,0.0,0.0
2003-07-22 00:00:00+09:00,935.8591918945314,935.8591918945314,932.3930467393664,935.8591918945312,24000,0.0,0.0
2003-07-23 00:00:00+09:00,935.8592315218342,935.8592315218342,928.9269409179688,928.9269409179688,46000,0.0,0.0
2003-07-24 00:00:00+09:00,935.8591918945314,953.189917670356,928.9269015842015,935.8591918945312,130000,0.0,0.0
2003-07-25 00:00:00+09:00,935.8591918945314,935.8591918945314,928.9269015842015,935.8591918945312,54000,0.0,0.0
2003-07-28 00:00:00+09:00,953.1898193359375,953.1898193359375,951.4567469371449,953.1898193359375,62000,0.0,0.0
2003-07-29 00:00:00+09:00,953.1899431626573,970.5206694019784,949.7237979147932,963.58837890625,102000,0.0,0.0
2003-07-30 00:00:00+09:00,970.5204886982874,973.9866333007812,951.456693384571,973.9866333007812,62000,0.0,0.0
2003-07-31 00:00:00+09:00,973.9866333007812,973.9866333007812,973.9866333007812,973.9866333007812,0,0.0,0.0
2003-08-01 00:00:00+09:00,973.986711482938,1036.3773193359375,973.986711482938,1036.3773193359375,26000,0.0,0.0
2003-08-04 00:00:00+09:00,1067.5726756560498,1109.1664162660256,1057.1742405035557,1081.437255859375,204000,0.0,0.0
2003-08-05 00:00:00+09:00,1064.1065209960936,1064.1065209960936,1029.4450708007812,1039.843505859375,54000,0.0,0.0
2003-08-06 00:00:00+09:00,1036.377304292061,1036.377304292061,984.3851318359374,984.3851318359375,14000,0.0,0.0
2003-08-07 00:00:00+09:00,984.3853341238839,984.3853341238839,970.520751953125,970.520751953125,8000,0.0,0.0
2003-08-08 00:00:00+09:00,972.2535960985267,972.2535960985267,953.1898000965948,956.6559448242188,12000,0.0,0.0
2003-08-11 00:00:00+09:00,954.9230511268872,956.6561238149578,915.062379301264,925.4608154296875,32000,0.0,0.0
2003-08-12 00:00:00+09:00,958.3890928814403,960.12216538213,932.3930053710938,932.3930053710938,60000,0.0,0.0
2003-08-13 00:00:00+09:00,932.3930053710938,932.3930053710938,932.3930053710938,932.3930053710938,2000,0.0,0.0
2003-08-14 00:00:00+09:00,970.520751953125,970.520751953125,960.1223153250558,970.520751953125,22000,0.0,0.0
2003-08-15 00:00:00+09:00,1019.0466308593749,1019.0466308593749,1012.1143408535288,1019.046630859375,26000,0.0,0.0
2003-08-18 00:00:00+09:00,1039.8437083377773,1039.8437083377773,1005.1822513931847,1015.5806884765625,18000,0.0,0.0
2003-08-19 00:00:00+09:00,1015.5804907226562,1039.843505859375,1015.5804907226562,1039.843505859375,16000,0.0,0.0
2003-08-20 00:00:00+09:00,1039.843505859375,1039.843505859375,1039.843505859375,1039.843505859375,26000,0.0,0.0
2003-08-21 00:00:00+09:00,1039.8435883174668,1046.77587890625,1039.8435883174668,1046.77587890625,6000,0.0,0.0
2003-08-22 00:00:00+09:00,1057.174152575041,1057.174152575041,1053.7080078125,1053.7080078125,8000,0.0,0.0
2003-08-25 00:00:00+09:00,1109.1664991961413,1109.1664991961413,1077.97119140625,1077.97119140625,8000,0.0,0.0
2003-08-26 00:00:00+09:00,1077.9713126761014,1077.9713126761014,1057.1744384765625,1057.1744384765625,4000,0.0,0.0
2003-08-27 00:00:00+09:00,1008.6483214135263,1091.8358118393842,1008.6483214135263,1060.6405029296875,12000,0.0,0.0
2003-08-28 00:00:00+09:00,1050.2421875,1050.2421875,1050.2421875,1050.2421875,0,0.0,0.0
2003-08-29 00:00:00+09:00,1039.843505859375,1050.2419409179688,1039.843505859375,1039.843505859375,10000,0.0,0.0
2003-09-01 00:00:00+09:00,1039.8434829711914,1109.1663818359375,1039.8434829711914,1109.1663818359375,30000,0.0,0.0
2003-09-02 00:00:00+09:00,1109.1664566532256,1109.1664566532256,1074.5050048828125,1074.5050048828125,8000,0.0,0.0
2003-09-03 00:00:00+09:00,1074.5049324035645,1109.1663818359375,1074.5049324035645,1109.1663818359375,10000,0.0,0.0
2003-09-04 00:00:00+09:00,1112.6326881045386,1112.6326881045386,1091.8358154296875,1091.8358154296875,24000,0.0,0.0
2003-09-05 00:00:00+09:00,1109.1665426587301,1109.1665426587301,1091.8358154296875,1091.8358154296875,24000,0.0,0.0
2003-09-08 00:00:00+09:00,1091.8356811523438,1091.8356811523438,1039.843505859375,1039.843505859375,6000,0.0,0.0
2003-09-09 00:00:00+09:00,1039.8434642166596,1039.8434642166596,1036.3773193359375,1036.3773193359375,6000,0.0,0.0
2003-09-10 00:00:00+09:00,1039.843505859375,1039.843505859375,1039.843505859375,1039.843505859375,12000,0.0,0.0
2003-09-11 00:00:00+09:00,1074.5050048828125,1081.4372952368951,1074.5050048828125,1074.5050048828125,12000,0.0,0.0
2003-09-12 00:00:00+09:00,1074.5050048828125,1074.5050048828125,1074.5050048828125,1074.5050048828125,14000,0.0,0.0
2003-09-15 00:00:00+09:00,1074.5050048828125,1074.5050048828125,1074.5050048828125,1074.5050048828125,0,0.0,0.0
2003-09-16 00:00:00+09:00,1109.1666666666667,1136.8958333333333,1109.1666666666667,1123.03125,64000,0.0,0.0
2003-09-17 00:00:00+09:00,1123.0310804360931,1123.0310804360931,1057.1743195463223,1077.97119140625,16000,0.0,0.0
2003-09-18 00:00:00+09:00,1077.9711898209214,1091.835771040483,1053.7081726866884,1067.57275390625,44000,0.0,0.0
2003-09-19 00:00:00+09:00,1077.9711500598537,1077.9711500598537,1074.5050048828125,1074.5050048828125,12000,0.0,0.0
2003-09-22 00:00:00+09:00,1074.5050048828125,1074.5050048828125,1074.5050048828125,1074.5050048828125,0,0.0,0.0
2003-09-23 00:00:00+09:00,1074.5050048828125,1074.5050048828125,1074.5050048828125,1074.5050048828125,0,0.0,0.0
2003-09-24 00:00:00+09:00,1039.843505859375,1039.843505859375,1022.5127807617187,1039.843505859375,16000,0.0,0.0
2003-09-25 00:00:00+09:00,1039.8436051708156,1039.8436051708156,1022.5128784179688,1022.5128784179688,6000,0.0,0.0
2003-09-26 00:00:00+09:00,1022.5128784179688,1022.5128784179688,1022.5128784179688,1022.5128784179688,4000,0.0,0.0
2003-09-29 00:00:00+09:00,1022.5128784179688,1022.5128784179688,1022.5128784179688,1022.5128784179688,8000,0.0,0.0
2003-09-30 00:00:00+09:00,1039.8435883174668,1046.77587890625,1039.8435883174668,1046.77587890625,8000,0.0,0.0
2003-10-01 00:00:00+09:00,1043.3097757576338,1064.1066483640982,1039.8436303232231,1060.6405029296875,34000,0.0,0.0
2003-10-02 00:00:00+09:00,1057.1742789976058,1074.5050048828125,1057.1742789976058,1074.5050048828125,20000,0.0,0.0
2003-10-03 00:00:00+09:00,1067.5727145287299,1074.5050048828125,1067.5727145287299,1074.5050048828125,26000,0.0,0.0
2003-10-06 00:00:00+09:00,1088.3695855909777,1109.1664566532256,1074.5050048828125,1074.5050048828125,12000,0.0,0.0
2003-10-07 00:00:00+09:00,1074.5050048828125,1074.5050048828125,1074.5050048828125,1074.5050048828125,20000,0.0,0.0
2003-10-08 00:00:00+09:00,1074.5050048828125,1074.5050048828125,1074.5050048828125,1074.5050048828125,2000,0.0,0.0
2003-10-09 00:00:00+09:00,1057.1744384765625,1057.1744384765625,1057.1744384765625,1057.1744384765625,4000,0.0,0.0
2003-10-10 00:00:00+09:00,1057.1744384765625,1057.1744384765625,1057.1744384765625,1057.1744384765625,0,0.0,0.0
2003-10-13 00:00:00+09:00,1057.1744384765625,1057.1744384765625,1057.1744384765625,1057.1744384765625,0,0.0,0.0
2003-10-14 00:00:00+09:00,996.5166931152344,1060.6403759765624,996.5166931152344,1039.843505859375,36000,0.0,0.0
2003-10-15 00:00:00+09:00,1039.8434255606312,1053.7080045681064,1039.8434255606312,1043.3095703125,20000,0.0,0.0
2003-10-16 00:00:00+09:00,1036.3773608398437,1039.843505859375,1036.3773608398437,1039.843505859375,18000,0.0,0.0
2003-10-17 00:00:00+09:00,1043.3095703125,1043.3095703125,1043.3095703125,1043.3095703125,0,0.0,0.0
2003-10-20 00:00:00+09:00,1039.843505859375,1039.843505859375,1039.843505859375,1039.843505859375,2000,0.0,0.0
2003-10-21 00:00:00+09:00,1050.2421875,1050.2421875,1050.2421875,1050.2421875,0,0.0,0.0
2003-10-22 00:00:00+09:00,1057.1744384765625,1057.1744384765625,1057.1744384765625,1057.1744384765625,0,0.0,0.0
2003-10-23 00:00:00+09:00,1060.6404632964693,1074.505044516031,1057.1743179915788,1067.57275390625,24000,0.0,0.0
2003-10-24 00:00:00+09:00,1057.174230957031,1057.174230957031,1039.843505859375,1039.843505859375,4000,0.0,0.0
2003-10-27 00:00:00+09:00,1043.3096508789063,1043.3096508789063,1039.843505859375,1039.843505859375,48000,0.0,0.0
2003-10-28 00:00:00+09:00,1039.843505859375,1039.843505859375,1039.843505859375,1039.843505859375,6000,0.0,0.0
2003-10-29 00:00:00+09:00,1039.843505859375,1039.843505859375,1039.843505859375,1039.843505859375,6000,0.0,0.0
2003-10-30 00:00:00+09:00,1039.843505859375,1039.843505859375,1039.843505859375,1039.843505859375,0,0.0,0.0
2003-10-31 00:00:00+09:00,1043.3098556768698,1057.1744384765625,1043.3098556768698,1057.1744384765625,4000,0.0,0.0
2003-11-03 00:00:00+09:00,1057.1744384765625,1057.1744384765625,1057.1744384765625,1057.1744384765625,0,0.0,0.0
2003-11-04 00:00:00+09:00,1060.6405029296875,1060.6405029296875,1060.6405029296875,1060.6405029296875,2000,0.0,0.0
2003-11-05 00:00:00+09:00,1067.57275390625,1067.57275390625,1067.57275390625,1067.57275390625,0,0.0,0.0
2003-11-06 00:00:00+09:00,1039.8435914671268,1067.57275390625,1039.8435914671268,1067.57275390625,4000,0.0,0.0
2003-11-07 00:00:00+09:00,1067.57275390625,1067.57275390625,1067.57275390625,1067.57275390625,0,0.0,0.0
2003-11-10 00:00:00+09:00,1067.57275390625,1067.57275390625,1067.57275390625,1067.57275390625,0,0.0,0.0
2003-11-11 00:00:00+09:00,1057.1744384765625,1057.1744384765625,1057.1744384765625,1057.1744384765625,4000,0.0,0.0
2003-11-12 00:00:00+09:00,1039.843505859375,1039.843505859375,1039.843505859375,1039.843505859375,6000,0.0,0.0
2003-11-13 00:00:00+09:00,1039.843505859375,1039.843505859375,1039.843505859375,1039.843505859375,0,0.0,0.0
2003-11-14 00:00:00+09:00,1060.6403759765624,1060.6403759765624,1039.843505859375,1039.843505859375,8000,0.0,0.0
2003-11-17 00:00:00+09:00,1098.767971191406,1098.767971191406,1039.843505859375,1039.843505859375,8000,0.0,0.0
2003-11-18 00:00:00+09:00,1039.843505859375,1071.0388110351562,1039.843505859375,1039.843505859375,20000,0.0,0.0
2003-11-19 00:00:00+09:00,1039.843505859375,1039.843505859375,1039.843505859375,1039.843505859375,0,0.0,0.0
2003-11-20 00:00:00+09:00,1015.5806884765625,1015.5806884765625,1015.5806884765625,1015.5806884765625,14000,0.0,0.0
2003-11-21 00:00:00+09:00,1015.5805239652808,1015.5805239652808,1006.9151611328126,1006.9151611328125,16000,0.0,0.0
2003-11-24 00:00:00+09:00,1006.9151611328126,1006.9151611328126,1006.9151611328126,1006.9151611328125,0,0.0,0.0
2003-11-25 00:00:00+09:00,1005.1823730468749,1008.6485191608297,991.317788591056,1005.182373046875,40000,0.0,0.0
2003-11-26 00:00:00+09:00,1005.1823730468749,1005.1823730468749,1005.1823730468749,1005.182373046875,14000,0.0,0.0
2003-11-27 00:00:00+09:00,1005.1820875121647,1005.1820875121647,994.7836521241078,1001.7159423828125,50000,0.0,0.0
2003-11-28 00:00:00+09:00,1005.1820008183868,1005.1820008183868,984.3851318359374,984.3851318359375,48000,0.0,0.0
2003-12-01 00:00:00+09:00,987.8516424771012,1005.1823730468749,987.8516424771012,1005.182373046875,6000,0.0,0.0
2003-12-02 00:00:00+09:00,1006.9150747643251,1006.9150747643251,987.8512781680987,989.5843505859375,38000,0.0,0.0
2003-12-03 00:00:00+09:00,991.3173427615075,993.0504150390626,987.8511982063973,993.0504150390625,30000,0.0,0.0
2003-12-04 00:00:00+09:00,994.7839347050107,1005.1823730468749,994.7839347050107,1005.182373046875,14000,0.0,0.0
2003-12-05 00:00:00+09:00,1012.1143788322936,1012.1143788322936,1006.9151611328126,1006.9151611328125,8000,0.0,0.0
2003-12-08 00:00:00+09:00,1006.9150747643251,1006.9150747643251,989.5843505859375,989.5843505859375,20000,0.0,0.0
2003-12-09 00:00:00+09:00,975.7197605202415,975.7197605202415,935.8590953480114,953.1898193359375,80000,0.0,0.0
2003-12-10 00:00:00+09:00,954.9228515625,954.9228515625,954.9228515625,954.9228515625,4000,0.0,0.0
2003-12-11 00:00:00+09:00,963.5882537286932,970.5205433238636,953.1898193359375,953.1898193359375,24000,0.0,0.0
2003-12-12 00:00:00+09:00,953.1898193359375,954.9228917347301,953.1898193359375,953.1898193359375,20000,0.0,0.0
2003-12-15 00:00:00+09:00,1008.6480936649274,1008.6480936649274,954.9228515625,954.9228515625,20000,0.0,0.0
2003-12-16 00:00:00+09:00,953.1900242396763,970.520751953125,953.1900242396763,970.520751953125,12000,0.0,0.0
2003-12-17 00:00:00+09:00,972.2538633418262,972.2538633418262,921.9947509765625,921.9947509765625,68000,0.0,0.0
2003-12-18 00:00:00+09:00,954.9228515625,954.9228515625,954.9228515625,954.9228515625,2000,0.0,0.0
2003-12-19 00:00:00+09:00,965.3215942382814,965.3215942382814,965.3215942382814,965.3215942382812,2000,0.0,0.0
2003-12-22 00:00:00+09:00,967.0546671184219,967.0546671184219,965.3215942382814,965.3215942382812,4000,0.0,0.0
2003-12-23 00:00:00+09:00,965.3215942382814,965.3215942382814,965.3215942382814,965.3215942382812,0,0.0,0.0
2003-12-24 00:00:00+09:00,967.0546064104352,970.520751953125,967.0546064104352,970.520751953125,6000,0.0,0.0
2003-12-25 00:00:00+09:00,970.520751953125,970.520751953125,970.520751953125,970.520751953125,2000,0.0,0.0
2003-12-26 00:00:00+09:00,970.520751953125,970.520751953125,970.520751953125,970.520751953125,2000,0.0,0.0
2003-12-29 00:00:00+09:00,970.520751953125,970.520751953125,970.520751953125,970.520751953125,0,0.0,0.0
2003-12-30 00:00:00+09:00,970.520751953125,970.520751953125,970.520751953125,970.520751953125,0,0.0,0.0
2003-12-31 00:00:00+09:00,970.520751953125,970.520751953125,970.520751953125,970.520751953125,0,0.0,0.0
2004-01-01 00:00:00+09:00,970.520751953125,970.520751953125,970.520751953125,970.520751953125,0,0.0,0.0
2004-01-02 00:00:00+09:00,970.520751953125,970.520751953125,970.520751953125,970.520751953125,0,0.0,0.0
2004-01-05 00:00:00+09:00,970.520751953125,970.520751953125,970.520751953125,970.520751953125,0,0.0,0.0
2004-01-06 00:00:00+09:00,939.3252563476562,939.3252563476562,939.3252563476562,939.3252563476562,6000,0.0,0.0
2004-01-07 00:00:00+09:00,925.4608154296875,925.4608154296875,925.4608154296875,925.4608154296875,2000,0.0,0.0
2004-01-08 00:00:00+09:00,913.3293863158715,918.5286048337987,911.5963134765625,911.5963134765625,10000,0.0,0.0
2004-01-09 00:00:00+09:00,911.5963134765625,911.5963134765625,911.5963134765625,911.5963134765625,2000,0.0,0.0
2004-01-12 00:00:00+09:00,911.5963134765625,911.5963134765625,911.5963134765625,911.5963134765625,0,0.0,0.0
2004-01-13 00:00:00+09:00,897.7314803957,897.7314803957,880.4007568359374,880.4007568359375,18000,0.0,0.0
2004-01-14 00:00:00+09:00,897.7313842773438,897.7313842773438,897.7313842773438,897.7313842773438,2000,0.0,0.0
2004-01-15 00:00:00+09:00,967.054443359375,967.054443359375,967.054443359375,967.054443359375,4000,0.0,0.0
2004-01-16 00:00:00+09:00,954.9228515625,954.9228515625,954.9228515625,954.9228515625,0,0.0,0.0
2004-01-19 00:00:00+09:00,941.0585302594064,941.0585302594064,876.9348366689865,904.6640014648438,20000,0.0,0.0
2004-01-20 00:00:00+09:00,911.5961748119618,930.6599731445312,902.930811933521,930.6599731445312,14000,0.0,0.0
2004-01-21 00:00:00+09:00,916.7955110630313,918.5285838627724,904.6640014648438,904.6640014648438,6000,0.0,0.0
2004-01-22 00:00:00+09:00,908.1300048828124,908.1300048828124,908.1300048828124,908.1300048828125,2000,0.0,0.0
2004-01-23 00:00:00+09:00,949.7236894313833,949.7236894313833,934.1260375976561,934.1260375976562,6000,0.0,0.0
2004-01-26 00:00:00+09:00,935.8591918945314,935.8591918945314,935.8591918945314,935.8591918945312,0,0.0,0.0
2004-01-27 00:00:00+09:00,937.5921630859375,937.5921630859375,937.5921630859375,937.5921630859375,0,0.0,0.0
2004-01-28 00:00:00+09:00,946.2576273600262,946.2576273600262,935.8591918945314,935.8591918945312,4000,0.0,0.0
2004-01-29 00:00:00+09:00,934.1260375976561,934.1260375976561,934.1260375976561,934.1260375976562,2000,0.0,0.0
2004-01-30 00:00:00+09:00,942.7913818359374,942.7913818359374,942.7913818359374,942.7913818359375,0,0.0,0.0
2004-02-02 00:00:00+09:00,942.7913818359374,942.7913818359374,942.7913818359374,942.7913818359375,0,0.0,0.0
2004-02-03 00:00:00+09:00,953.1898193359375,953.1898193359375,953.1898193359375,953.1898193359375,2000,0.0,0.0
2004-02-04 00:00:00+09:00,956.6559448242188,956.6559448242188,956.6559448242188,956.6559448242188,0,0.0,0.0
2004-02-05 00:00:00+09:00,956.6559448242188,956.6559448242188,956.6559448242188,956.6559448242188,0,0.0,0.0
2004-02-06 00:00:00+09:00,956.6559448242188,956.6559448242188,956.6559448242188,956.6559448242188,0,0.0,0.0
2004-02-09 00:00:00+09:00,956.6559448242188,956.6559448242188,956.6559448242188,956.6559448242188,0,0.0,0.0
2004-02-10 00:00:00+09:00,970.520751953125,970.520751953125,970.520751953125,970.520751953125,4000,0.0,0.0
2004-02-11 00:00:00+09:00,970.520751953125,970.520751953125,970.520751953125,970.520751953125,0,0.0,0.0
2004-02-12 00:00:00+09:00,970.520751953125,970.520751953125,970.520751953125,970.520751953125,6000,0.0,0.0
2004-02-13 00:00:00+09:00,970.520751953125,970.520751953125,970.520751953125,970.520751953125,0,0.0,0.0
2004-02-16 00:00:00+09:00,970.520751953125,970.520751953125,970.520751953125,970.520751953125,6000,0.0,0.0
2004-02-17 00:00:00+09:00,970.520751953125,970.520751953125,970.520751953125,970.520751953125,2000,0.0,0.0
2004-02-18 00:00:00+09:00,970.520751953125,970.520751953125,970.520751953125,970.520751953125,0,0.0,0.0
2004-02-19 00:00:00+09:00,970.520751953125,970.520751953125,967.0546064104352,970.520751953125,12000,0.0,0.0
2004-02-20 00:00:00+09:00,970.520751953125,970.520751953125,970.520751953125,970.520751953125,0,0.0,0.0
2004-02-23 00:00:00+09:00,970.520751953125,970.520751953125,970.520751953125,970.520751953125,102000,0.0,0.0
2004-02-24 00:00:00+09:00,972.2538247244698,972.2538247244698,970.520751953125,970.520751953125,14000,0.0,0.0
2004-02-25 00:00:00+09:00,984.3851318359374,984.3851318359374,984.3851318359374,984.3851318359375,4000,0.0,0.0
2004-02-26 00:00:00+09:00,1012.1144259623344,1091.8357677333402,1012.1144259623344,1046.77587890625,54000,0.0,0.0
2004-02-27 00:00:00+09:00,1074.5050882006449,1102.2342517671132,1074.5050882006449,1091.8358154296875,38000,0.0,0.0
2004-03-01 00:00:00+09:00,1088.369873046875,1091.8360191393808,1088.369873046875,1088.369873046875,8000,0.0,0.0
2004-03-02 00:00:00+09:00,1039.843539896192,1088.3695717580142,1006.9151611328126,1006.9151611328125,26000,0.0,0.0
2004-03-03 00:00:00+09:00,1019.0465570494187,1043.3095703125,1019.0465570494187,1043.3095703125,18000,0.0,0.0
2004-03-04 00:00:00+09:00,1074.5050858679713,1074.5050858679713,1067.5727949914037,1071.0389404296875,18000,0.0,0.0
2004-03-05 00:00:00+09:00,1067.57275390625,1071.0388992111405,1057.1743179915788,1067.57275390625,36000,0.0,0.0
2004-03-08 00:00:00+09:00,1064.1066483640982,1064.1066483640982,1053.708212060866,1060.6405029296875,30000,0.0,0.0
2004-03-09 00:00:00+09:00,1012.114345703125,1039.843505859375,1012.114345703125,1039.843505859375,24000,0.0,0.0
2004-03-10 00:00:00+09:00,1001.7161056987255,1022.512979865481,1001.7161056987255,1015.5806884765625,28000,0.0,0.0
2004-03-11 00:00:00+09:00,1001.7159423828124,1012.1143777708693,1001.7159423828124,1001.7159423828125,34000,0.0,0.0
2004-03-12 00:00:00+09:00,998.2498565887237,998.2498565887237,980.9191299118362,991.3175659179688,28000,0.0,0.0
2004-03-15 00:00:00+09:00,1005.1823730468749,1008.6485191608297,1005.1823730468749,1005.182373046875,10000,0.0,0.0
2004-03-16 00:00:00+09:00,1003.4490327533922,1005.1821053488212,987.8513793945312,987.8513793945312,24000,0.0,0.0
2004-03-17 00:00:00+09:00,987.8513258330676,1019.0466308593749,987.8513258330676,1019.046630859375,50000,0.0,0.0
2004-03-18 00:00:00+09:00,1039.84375,1050.2421875,991.3177083333334,1050.2421875,96000,0.0,0.0
2004-03-19 00:00:00+09:00,1019.0469575026939,1036.3776880724677,1005.1823730468749,1005.182373046875,14000,0.0,0.0
2004-03-22 00:00:00+09:00,1019.0465570494187,1046.7757150643688,1019.0465570494187,1043.3095703125,44000,0.0,0.0
2004-03-23 00:00:00+09:00,1039.843505859375,1039.843505859375,1039.843505859375,1039.843505859375,8000,0.0,0.0
2004-03-24 00:00:00+09:00,994.7839347050107,1019.0469575026939,994.7839347050107,1005.182373046875,32000,0.0,0.0
2004-03-25 00:00:00+09:00,994.7834892272948,1005.1819229125975,994.7834892272948,998.2496337890625,24000,0.0,0.0
2004-03-26 00:00:00+09:00,1010.4023238877118,1024.291015625,1010.4023238877118,1024.291015625,6000,2.5,0.0
2004-03-29 00:00:00+09:00,1024.2910306747647,1024.2910306747647,1006.9301657480736,1013.87451171875,32000,0.0,0.0
2004-03-30 00:00:00+09:00,1015.6107788085938,1020.8190392127403,1013.8746920072115,1015.6107788085938,34000,0.0,0.0
2004-03-31 00:00:00+09:00,1022.5549168690914,1041.6518677783613,1022.5549168690914,1032.971435546875,14000,0.0,0.0
2004-04-01 00:00:00+09:00,1034.7077244492828,1072.9016337410349,1032.971637663294,1059.012939453125,36000,0.0,0.0
2004-04-02 00:00:00+09:00,1048.5963914440524,1076.373779296875,1041.6520444808468,1076.373779296875,12000,0.0,0.0
2004-04-05 00:00:00+09:00,1072.901502574574,1145.817138671875,1072.901502574574,1145.817138671875,64000,0.0,0.0
2004-04-06 00:00:00+09:00,1163.1779052734375,1215.260498046875,1145.817041015625,1215.260498046875,76000,0.0,0.0
2004-04-07 00:00:00+09:00,1222.2050939184635,1319.4259536619777,1222.2050939184635,1288.1763916015625,100000,0.0,0.0
2004-04-08 00:00:00+09:00,1291.64830078125,1312.481337890625,1288.1761279296875,1302.0648193359375,50000,0.0,0.0
2004-04-09 00:00:00+09:00,1288.1761724753458,1288.1761724753458,1267.3431346455557,1270.8153076171875,72000,0.0,0.0
2004-04-12 00:00:00+09:00,1274.287480588819,1277.7596535604507,1270.8153076171875,1270.8153076171875,26000,0.0,0.0
2004-04-13 00:00:00+09:00,1270.8153643540932,1270.8153643540932,1232.6214599609375,1232.6214599609375,40000,0.0,0.0
2004-04-14 00:00:00+09:00,1211.7884680246343,1215.2606412854498,1201.3719482421875,1201.3719482421875,44000,0.0,0.0
2004-04-15 00:00:00+09:00,1284.7040568606953,1336.7866537604532,1232.6214599609375,1232.6214599609375,52000,0.0,0.0
2004-04-16 00:00:00+09:00,1232.621314154731,1249.982177734375,1232.621314154731,1249.982177734375,20000,0.0,0.0
2004-04-19 00:00:00+09:00,1253.4543504503038,1260.3986958821615,1249.982177734375,1249.982177734375,74000,0.0,0.0
2004-04-20 00:00:00+09:00,1260.3986958821615,1263.8708685980903,1249.982177734375,1249.982177734375,52000,0.0,0.0
2004-04-21 00:00:00+09:00,1232.6215656642808,1249.9824327863128,1229.1493922398743,1243.0380859375,38000,0.0,0.0
2004-04-22 00:00:00+09:00,1246.510237720131,1284.7041447254833,1246.510237720131,1256.9267578125,38000,0.0,0.0
2004-04-23 00:00:00+09:00,1256.926572265625,1302.0648193359375,1256.926572265625,1302.0648193359375,38000,0.0,0.0
2004-04-26 00:00:00+09:00,1267.3431346455557,1270.8153076171875,1267.3431346455557,1270.8153076171875,24000,0.0,0.0
2004-04-27 00:00:00+09:00,1274.2876487330386,1319.4259033203125,1274.2876487330386,1319.4259033203125,30000,0.0,0.0
2004-04-28 00:00:00+09:00,1319.4259033203125,1322.8980767501027,1309.0093830309418,1319.4259033203125,70000,0.0,0.0
2004-04-29 00:00:00+09:00,1319.4259033203125,1319.4259033203125,1319.4259033203125,1319.4259033203125,0,0.0,0.0
2004-04-30 00:00:00+09:00,1312.4814098011364,1354.1474863027597,1298.5927176339285,1336.78662109375,72000,0.0,0.0
2004-05-03 00:00:00+09:00,1336.78662109375,1336.78662109375,1336.78662109375,1336.78662109375,0,0.0,0.0
2004-05-04 00:00:00+09:00,1336.78662109375,1336.78662109375,1336.78662109375,1336.78662109375,0,0.0,0.0
2004-05-05 00:00:00+09:00,1336.78662109375,1336.78662109375,1336.78662109375,1336.78662109375,0,0.0,0.0
2004-05-06 00:00:00+09:00,1319.4258817036946,1336.786748568217,1319.4258817036946,1333.3145751953125,50000,0.0,0.0
2004-05-07 00:00:00+09:00,1333.3145970394737,1333.3145970394737,1319.4259033203125,1319.4259033203125,6000,0.0,0.0
2004-05-10 00:00:00+09:00,1319.4258340371623,1319.4258340371623,1284.7041015625,1284.7041015625,4000,0.0,0.0
2004-05-11 00:00:00+09:00,1284.7041015625,1284.7041015625,1284.7041015625,1284.7041015625,2000,0.0,0.0
2004-05-12 00:00:00+09:00,1284.7041015625,1284.7041015625,1284.7041015625,1284.7041015625,0,0.0,0.0
2004-05-13 00:00:00+09:00,1284.7041015625,1284.7041015625,1284.7041015625,1284.7041015625,6000,0.0,0.0
2004-05-14 00:00:00+09:00,1284.703955078125,1284.703955078125,1215.260498046875,1215.260498046875,16000,0.0,0.0
2004-05-17 00:00:00+09:00,1215.260760967548,1215.260760967548,1128.4564208984375,1128.4564208984375,8000,0.0,0.0
2004-05-18 00:00:00+09:00,1124.984247295673,1128.4564208984375,1124.984247295673,1128.4564208984375,8000,0.0,0.0
2004-05-19 00:00:00+09:00,1180.538908677294,1201.3719482421875,1180.538908677294,1201.3719482421875,6000,0.0,0.0
2004-05-20 00:00:00+09:00,1204.8441162109375,1204.8441162109375,1204.8441162109375,1204.8441162109375,6000,0.0,0.0
2004-05-21 00:00:00+09:00,1204.8440659898179,1204.8440659898179,1149.2892963764546,1156.233642578125,12000,0.0,0.0
2004-05-24 00:00:00+09:00,1124.9840286254882,1124.9840286254882,1076.373607635498,1111.0953369140625,78000,0.0,0.0
2004-05-25 00:00:00+09:00,1104.1510160900298,1104.1510160900298,1093.7344970703125,1093.7344970703125,46000,0.0,0.0
2004-05-26 00:00:00+09:00,1111.0953369140625,1111.0953369140625,1111.0953369140625,1111.0953369140625,20000,0.0,0.0
2004-05-27 00:00:00+09:00,1111.0953369140625,1111.0953369140625,1111.0953369140625,1111.0953369140625,26000,0.0,0.0
2004-05-28 00:00:00+09:00,1107.6234130859375,1111.095586794671,1107.6234130859375,1107.6234130859375,36000,0.0,0.0
2004-05-31 00:00:00+09:00,1090.262240431596,1090.262240431596,1059.0126857695439,1065.95703125,38000,0.0,0.0
2004-06-01 00:00:00+09:00,1065.957221479446,1100.678955078125,1065.957221479446,1100.678955078125,16000,0.0,0.0
2004-06-02 00:00:00+09:00,1100.6789078975746,1152.761506063075,1093.734561475508,1131.928466796875,78000,0.0,0.0
2004-06-03 00:00:00+09:00,1149.2891797904508,1163.1778707848973,1145.8170070418391,1152.7613525390625,46000,0.0,0.0
2004-06-04 00:00:00+09:00,1145.8171438663564,1145.8171438663564,1135.400624376662,1142.344970703125,16000,0.0,0.0
2004-06-07 00:00:00+09:00,1111.0954275306747,1145.8171596410084,1111.0954275306747,1131.928466796875,22000,0.0,0.0
2004-06-08 00:00:00+09:00,1145.8172889122595,1145.8172889122595,1128.4564208984375,1128.4564208984375,22000,0.0,0.0
2004-06-09 00:00:00+09:00,1131.928451213431,1142.344970703125,1128.4562780501994,1142.344970703125,8000,0.0,0.0
2004-06-10 00:00:00+09:00,1131.928466796875,1131.928466796875,1131.928466796875,1131.928466796875,14000,0.0,0.0
2004-06-11 00:00:00+09:00,1145.8172775408543,1145.8172775408543,1135.4007568359375,1135.4007568359375,4000,0.0,0.0
2004-06-14 00:00:00+09:00,1145.8172889122595,1145.8172889122595,1128.4564208984375,1128.4564208984375,12000,0.0,0.0
2004-06-15 00:00:00+09:00,1128.4562015533447,1128.4562015533447,1111.0953369140625,1111.0953369140625,32000,0.0,0.0
2004-06-16 00:00:00+09:00,1111.0955141129032,1111.0955141129032,1076.373779296875,1076.373779296875,72000,0.0,0.0
2004-06-17 00:00:00+09:00,1076.373779296875,1079.8459527784778,1076.373779296875,1076.373779296875,34000,0.0,0.0
2004-06-18 00:00:00+09:00,1079.845722210912,1079.845722210912,1065.95703125,1065.95703125,34000,0.0,0.0
2004-06-21 00:00:00+09:00,1065.9571903483072,1065.9571903483072,1041.6519775390625,1041.6519775390625,46000,0.0,0.0
2004-06-22 00:00:00+09:00,1041.6518702651515,1041.6518702651515,1024.2910057607323,1031.2353515625,46000,0.0,0.0
2004-06-23 00:00:00+09:00,1041.6519566586144,1055.5406494140625,1020.8189175254421,1055.5406494140625,174000,0.0,0.0
2004-06-24 00:00:00+09:00,1052.068340289088,1065.95703125,1052.068340289088,1065.95703125,52000,0.0,0.0
2004-06-25 00:00:00+09:00,1065.95703125,1069.429203990228,1065.95703125,1065.95703125,16000,0.0,0.0
2004-06-28 00:00:00+09:00,1076.373779296875,1086.7902997416836,1065.9572588520666,1076.373779296875,78000,0.0,0.0
2004-06-29 00:00:00+09:00,1076.3737629168331,1104.1511503469449,1076.3737629168331,1086.790283203125,36000,0.0,0.0
2004-06-30 00:00:00+09:00,1118.0397029828423,1118.0397029828423,1097.2066650390625,1097.2066650390625,10000,0.0,0.0
2004-07-01 00:00:00+09:00,1121.5117839756297,1166.6500291511195,1121.5117839756297,1163.1778564453125,26000,0.0,0.0
2004-07-02 00:00:00+09:00,1163.1778564453125,1163.1778564453125,1163.1778564453125,1163.1778564453125,30000,0.0,0.0
2004-07-05 00:00:00+09:00,1166.6500057444853,1180.5386962890625,1166.6500057444853,1180.5386962890625,4000,0.0,0.0
2004-07-06 00:00:00+09:00,1190.9554550752612,1197.8998017520848,1184.0111083984375,1184.0111083984375,24000,0.0,0.0
2004-07-07 00:00:00+09:00,1180.5386962890625,1180.5386962890625,1163.177833108341,1180.5386962890625,22000,0.0,0.0
2004-07-08 00:00:00+09:00,1180.53876953125,1215.260498046875,1180.53876953125,1215.260498046875,16000,0.0,0.0
2004-07-09 00:00:00+09:00,1208.316077378217,1208.316077378217,1173.594351016774,1180.5386962890625,12000,0.0,0.0
2004-07-12 00:00:00+09:00,1180.5386962890625,1180.5386962890625,1173.594351016774,1180.5386962890625,38000,0.0,0.0
2004-07-13 00:00:00+09:00,1180.53876953125,1215.260498046875,1180.53876953125,1215.260498046875,18000,0.0,0.0
2004-07-14 00:00:00+09:00,1197.89990234375,1197.89990234375,1197.89990234375,1197.89990234375,22000,0.0,0.0
2004-07-15 00:00:00+09:00,1215.2607704936595,1215.2607704936595,1197.89990234375,1197.89990234375,12000,0.0,0.0
2004-07-16 00:00:00+09:00,1201.3719482421875,1201.3719482421875,1201.3719482421875,1201.3719482421875,2000,0.0,0.0
2004-07-19 00:00:00+09:00,1201.3719482421875,1201.3719482421875,1201.3719482421875,1201.3719482421875,0,0.0,0.0
2004-07-20 00:00:00+09:00,1201.3719482421875,1201.3719482421875,1201.3719482421875,1201.3719482421875,10000,0.0,0.0
2004-07-21 00:00:00+09:00,1180.5386962890625,1180.5386962890625,1180.5386962890625,1180.5386962890625,0,0.0,0.0
2004-07-22 00:00:00+09:00,1180.5386962890625,1180.5386962890625,1180.5386962890625,1180.5386962890625,4000,0.0,0.0
2004-07-23 00:00:00+09:00,1173.5945453292752,1173.5945453292752,1128.4562935858416,1131.928466796875,8000,0.0,0.0
2004-07-26 00:00:00+09:00,1131.9284563762385,1138.872802734375,1131.9284563762385,1138.872802734375,22000,0.0,0.0
2004-07-27 00:00:00+09:00,1142.3451153094952,1142.3451153094952,1128.4564208984375,1128.4564208984375,18000,0.0,0.0
2004-07-28 00:00:00+09:00,1131.9285945012018,1131.9285945012018,1128.4564208984375,1128.4564208984375,16000,0.0,0.0
2004-07-29 00:00:00+09:00,1124.9840286254882,1124.9840286254882,1111.0953369140625,1111.0953369140625,32000,0.0,0.0
2004-07-30 00:00:00+09:00,1111.0955584490741,1124.9842529296875,1111.0955584490741,1124.9842529296875,10000,0.0,0.0
2004-08-02 00:00:00+09:00,1111.0953369140625,1111.0953369140625,1111.0953369140625,1111.0953369140625,8000,0.0,0.0
2004-08-03 00:00:00+09:00,1107.6234130859375,1107.6234130859375,1107.6234130859375,1107.6234130859375,10000,0.0,0.0
2004-08-04 00:00:00+09:00,1045.1240685867938,1045.1240685867938,1013.87451171875,1013.87451171875,10000,0.0,0.0
2004-08-05 00:00:00+09:00,1041.6519828464673,1041.6519828464673,1038.1798095703125,1038.1798095703125,12000,0.0,0.0
2004-08-06 00:00:00+09:00,1041.6519775390625,1041.6519775390625,1041.6519775390625,1041.6519775390625,6000,0.0,0.0
2004-08-09 00:00:00+09:00,1041.6518506021596,1045.1240234375,1041.6518506021596,1045.1240234375,4000,0.0,0.0
2004-08-10 00:00:00+09:00,1048.59616754886,1065.95703125,1048.59616754886,1065.95703125,6000,0.0,0.0
2004-08-11 00:00:00+09:00,1072.901611328125,1072.901611328125,1072.901611328125,1072.901611328125,4000,0.0,0.0
2004-08-12 00:00:00+09:00,1079.8460693359375,1079.8460693359375,1079.8460693359375,1079.8460693359375,2000,0.0,0.0
2004-08-13 00:00:00+09:00,1083.3181262600806,1083.3181262600806,1076.373779296875,1076.373779296875,6000,0.0,0.0
2004-08-16 00:00:00+09:00,1072.901611328125,1072.901611328125,1072.901611328125,1072.901611328125,2000,0.0,0.0
2004-08-17 00:00:00+09:00,1062.4849853515625,1062.4849853515625,1062.4849853515625,1062.4849853515625,0,0.0,0.0
2004-08-18 00:00:00+09:00,1059.012939453125,1059.012939453125,1059.012939453125,1059.012939453125,0,0.0,0.0
2004-08-19 00:00:00+09:00,1059.012939453125,1076.3738073130123,1059.012939453125,1059.012939453125,12000,0.0,0.0
2004-08-20 00:00:00+09:00,1062.4849957917866,1062.4849957917866,1027.763263903166,1055.5406494140625,10000,0.0,0.0
2004-08-23 00:00:00+09:00,1055.5406705729167,1055.5406705729167,1041.6519775390625,1041.6519775390625,6000,0.0,0.0
2004-08-24 00:00:00+09:00,1041.6519775390625,1041.6519775390625,1041.6519775390625,1041.6519775390625,2000,0.0,0.0
2004-08-25 00:00:00+09:00,1045.1241402531302,1048.5963134765625,1045.1241402531302,1048.5963134765625,6000,0.0,0.0
2004-08-26 00:00:00+09:00,1048.5963134765625,1048.5963134765625,1048.5963134765625,1048.5963134765625,2000,0.0,0.0
2004-08-27 00:00:00+09:00,1048.5963134765625,1048.5963134765625,1048.5963134765625,1048.5963134765625,6000,0.0,0.0
2004-08-30 00:00:00+09:00,1048.5963134765625,1048.5963134765625,1048.5963134765625,1048.5963134765625,2000,0.0,0.0
2004-08-31 00:00:00+09:00,1076.3736470540364,1083.3179931640625,1076.3736470540364,1083.3179931640625,12000,0.0,0.0
2004-09-01 00:00:00+09:00,1076.373779296875,1079.8459527784778,1076.373779296875,1076.373779296875,22000,0.0,0.0
2004-09-02 00:00:00+09:00,1076.373895479552,1079.8460693359375,1072.9017216231662,1079.8460693359375,66000,0.0,0.0
2004-09-03 00:00:00+09:00,1083.3181262600806,1083.3181262600806,1076.373779296875,1076.373779296875,72000,0.0,0.0
2004-09-06 00:00:00+09:00,1079.8458201090496,1083.3179931640625,1079.8458201090496,1083.3179931640625,8000,0.0,0.0
2004-09-07 00:00:00+09:00,1086.7902777604997,1090.262451171875,1083.3181043491243,1090.262451171875,26000,0.0,0.0
2004-09-08 00:00:00+09:00,1090.262544542271,1107.6234130859375,1090.262544542271,1107.6234130859375,24000,0.0,0.0
2004-09-09 00:00:00+09:00,1107.6234130859375,1107.6234130859375,1104.151239377204,1107.6234130859375,14000,0.0,0.0
2004-09-10 00:00:00+09:00,1104.1511070750582,1114.567626953125,1104.1511070750582,1114.567626953125,32000,0.0,0.0
2004-09-13 00:00:00+09:00,1128.4562935858416,1145.8171596410084,1114.567600741708,1131.928466796875,34000,0.0,0.0
2004-09-14 00:00:00+09:00,1131.9286116132084,1135.4007852684638,1118.0399169921875,1118.0399169921875,56000,0.0,0.0
2004-09-15 00:00:00+09:00,1131.928374481201,1131.928374481201,1107.623163986206,1111.0953369140625,78000,0.0,0.0
2004-09-16 00:00:00+09:00,1128.4562015533447,1128.4562015533447,1111.0953369140625,1111.0953369140625,24000,0.0,0.0
2004-09-17 00:00:00+09:00,1152.7613525390625,1152.7613525390625,1152.7613525390625,1152.7613525390625,2000,0.0,0.0
2004-09-20 00:00:00+09:00,1152.7613525390625,1152.7613525390625,1152.7613525390625,1152.7613525390625,0,0.0,0.0
2004-09-21 00:00:00+09:00,1156.233642578125,1156.233642578125,1156.233642578125,1156.233642578125,6000,0.0,0.0
2004-09-22 00:00:00+09:00,1173.5943556704,1177.0665283203125,1152.7613197709254,1177.0665283203125,6000,0.0,0.0
2004-09-23 00:00:00+09:00,1177.0665283203125,1177.0665283203125,1177.0665283203125,1177.0665283203125,0,0.0,0.0
2004-09-24 00:00:00+09:00,1211.7882500143612,1211.7882500143612,1180.5386962890625,1180.5386962890625,10000,0.0,0.0
2004-09-27 00:00:00+09:00,1163.178166043931,1197.89990234375,1163.178166043931,1197.89990234375,14000,0.0,0.0
2004-09-28 00:00:00+09:00,1173.5943650605063,1180.538710415894,1166.6500197051187,1170.1221923828125,22000,0.0,0.0
2004-09-29 00:00:00+09:00,1114.5675803444603,1145.817138671875,1114.5675803444603,1145.817138671875,6000,0.0,0.0
2004-09-30 00:00:00+09:00,1107.6232340494792,1145.817138671875,1107.6232340494792,1145.817138671875,16000,0.0,0.0
2004-10-01 00:00:00+09:00,1111.0954122340424,1142.344970703125,1111.0954122340424,1142.344970703125,4000,0.0,0.0
2004-10-04 00:00:00+09:00,1114.5675098419188,1114.5675098419188,1104.1509910583495,1111.0953369140625,20000,0.0,0.0
2004-10-05 00:00:00+09:00,1107.6234130859375,1111.095586794671,1107.6234130859375,1107.6234130859375,14000,0.0,0.0
2004-10-06 00:00:00+09:00,1107.6234130859375,1107.6234130859375,1107.6234130859375,1107.6234130859375,4000,0.0,0.0
2004-10-07 00:00:00+09:00,1107.623163986206,1111.0953369140625,1107.623163986206,1111.0953369140625,6000,0.0,0.0
2004-10-08 00:00:00+09:00,1079.8460693359375,1079.8460693359375,1079.8460693359375,1079.8460693359375,2000,0.0,0.0
2004-10-11 00:00:00+09:00,1079.8460693359375,1079.8460693359375,1079.8460693359375,1079.8460693359375,0,0.0,0.0
2004-10-12 00:00:00+09:00,1079.8457517909053,1079.8457517909053,1045.1240234375,1045.1240234375,6000,0.0,0.0
2004-10-13 00:00:00+09:00,1059.0128331468595,1059.0128331468595,1048.5963134765625,1048.5963134765625,8000,0.0,0.0
2004-10-14 00:00:00+09:00,1048.5963134765625,1048.5963134765625,1048.5963134765625,1048.5963134765625,0,0.0,0.0
2004-10-15 00:00:00+09:00,1039.9158091087863,1039.9158091087863,1006.9301657480736,1013.87451171875,22000,0.0,0.0
2004-10-18 00:00:00+09:00,1013.87451171875,1013.87451171875,1013.87451171875,1013.87451171875,6000,0.0,0.0
2004-10-19 00:00:00+09:00,1013.8744555076782,1013.8744555076782,989.5692459578368,1010.4022827148438,16000,0.0,0.0
2004-10-20 00:00:00+09:00,1006.9301657480736,1013.87451171875,1006.9301657480736,1013.87451171875,14000,0.0,0.0
2004-10-21 00:00:00+09:00,1114.567626953125,1114.567626953125,1114.567626953125,1114.567626953125,2000,0.0,0.0
2004-10-22 00:00:00+09:00,1090.26232406374,1093.7344970703125,1090.26232406374,1093.7344970703125,6000,0.0,0.0
2004-10-25 00:00:00+09:00,1093.7346245832505,1093.7346245832505,1090.262451171875,1090.262451171875,6000,0.0,0.0
2004-10-26 00:00:00+09:00,1059.0128331468595,1059.0128331468595,1048.5963134765625,1048.5963134765625,10000,0.0,0.0
2004-10-27 00:00:00+09:00,1079.8460693359375,1079.8460693359375,1079.8460693359375,1079.8460693359375,2000,0.0,0.0
2004-10-28 00:00:00+09:00,1086.7901510571676,1093.7344970703125,1086.7901510571676,1093.7344970703125,8000,0.0,0.0
2004-10-29 00:00:00+09:00,1059.0127670045883,1093.7344970703125,1059.0127670045883,1093.7344970703125,8000,0.0,0.0
2004-11-01 00:00:00+09:00,1052.068603515625,1052.068603515625,1052.068603515625,1052.068603515625,2000,0.0,0.0
2004-11-02 00:00:00+09:00,1086.790283203125,1086.790283203125,1086.790283203125,1086.790283203125,6000,0.0,0.0
2004-11-03 00:00:00+09:00,1086.790283203125,1086.790283203125,1086.790283203125,1086.790283203125,0,0.0,0.0
2004-11-04 00:00:00+09:00,1083.3181097743611,1097.2068034894169,1083.3181097743611,1086.790283203125,22000,0.0,0.0
2004-11-05 00:00:00+09:00,1111.0953369140625,1111.0953369140625,1111.0953369140625,1111.0953369140625,6000,0.0,0.0
2004-11-08 00:00:00+09:00,1124.9842816296043,1131.928629047071,1107.6234130859375,1107.6234130859375,12000,0.0,0.0
2004-11-09 00:00:00+09:00,1107.6234130859375,1107.6234130859375,1107.6234130859375,1107.6234130859375,12000,0.0,0.0
2004-11-10 00:00:00+09:00,1107.6234130859375,1107.6234130859375,1107.6234130859375,1107.6234130859375,10000,0.0,0.0
2004-11-11 00:00:00+09:00,1114.5677320692275,1124.9842529296875,1114.5677320692275,1124.9842529296875,8000,0.0,0.0
2004-11-12 00:00:00+09:00,1111.0953369140625,1111.0953369140625,1111.0953369140625,1111.0953369140625,0,0.0,0.0
2004-11-15 00:00:00+09:00,1128.4564208984375,1128.4564208984375,1128.4564208984375,1128.4564208984375,22000,0.0,0.0
2004-11-16 00:00:00+09:00,1128.4564208984375,1128.4564208984375,1128.4564208984375,1128.4564208984375,18000,0.0,0.0
2004-11-17 00:00:00+09:00,1128.4564208984375,1128.4564208984375,1128.4564208984375,1128.4564208984375,0,0.0,0.0
2004-11-18 00:00:00+09:00,1111.0953621031745,1111.0953621031745,1093.7344970703125,1093.7344970703125,8000,0.0,0.0
2004-11-19 00:00:00+09:00,1093.7344970703125,1093.7344970703125,1093.7344970703125,1093.7344970703125,2000,0.0,0.0
2004-11-22 00:00:00+09:00,1093.7344970703125,1093.7344970703125,1093.7344970703125,1093.7344970703125,10000,0.0,0.0
2004-11-23 00:00:00+09:00,1093.7344970703125,1093.7344970703125,1093.7344970703125,1093.7344970703125,0,0.0,0.0
2004-11-24 00:00:00+09:00,1097.2068487448769,1097.2068487448769,1059.012939453125,1059.012939453125,14000,0.0,0.0
2004-11-25 00:00:00+09:00,1045.1240234375,1045.1240234375,1045.1240234375,1045.1240234375,2000,0.0,0.0
2004-11-26 00:00:00+09:00,1048.5963134765625,1048.5963134765625,1048.5963134765625,1048.5963134765625,6000,0.0,0.0
2004-11-29 00:00:00+09:00,1048.5963134765625,1048.5963134765625,1048.5963134765625,1048.5963134765625,4000,0.0,0.0
2004-11-30 00:00:00+09:00,1076.373779296875,1076.373779296875,1076.373779296875,1076.373779296875,4000,0.0,0.0
2004-12-01 00:00:00+09:00,1076.373779296875,1076.373779296875,1076.373779296875,1076.373779296875,6000,0.0,0.0
2004-12-02 00:00:00+09:00,1086.7902997416836,1086.7902997416836,1076.373779296875,1076.373779296875,12000,0.0,0.0
2004-12-03 00:00:00+09:00,1072.9016337410349,1072.9016337410349,1059.012939453125,1059.012939453125,4000,0.0,0.0
2004-12-06 00:00:00+09:00,1059.0128438313802,1059.0128438313802,1038.179804280599,1041.6519775390625,30000,0.0,0.0
2004-12-07 00:00:00+09:00,1038.1798095703125,1038.1798095703125,1038.1798095703125,1038.1798095703125,4000,0.0,0.0
2004-12-08 00:00:00+09:00,1038.1795631879957,1039.9156494140625,1038.1795631879957,1039.9156494140625,10000,0.0,0.0
2004-12-09 00:00:00+09:00,1041.6520444808468,1076.373779296875,1041.6520444808468,1076.373779296875,16000,0.0,0.0
2004-12-10 00:00:00+09:00,1072.901611328125,1072.901611328125,1072.901611328125,1072.901611328125,2000,0.0,0.0
2004-12-13 00:00:00+09:00,1062.4851130251025,1065.95728659708,1059.012939453125,1059.012939453125,16000,0.0,0.0
2004-12-14 00:00:00+09:00,1111.0954122340424,1142.344970703125,1111.0954122340424,1142.344970703125,8000,0.0,0.0
2004-12-15 00:00:00+09:00,1145.817066192627,1145.817066192627,1111.0953369140625,1111.0953369140625,26000,0.0,0.0
2004-12-16 00:00:00+09:00,1111.0953369140625,1111.0953369140625,1111.0953369140625,1111.0953369140625,22000,0.0,0.0
2004-12-17 00:00:00+09:00,1111.0953369140625,1111.0953369140625,1111.0953369140625,1111.0953369140625,22000,0.0,0.0
2004-12-20 00:00:00+09:00,1114.567535109747,1114.567535109747,1076.3736320374503,1093.7344970703125,14000,0.0,0.0
2004-12-21 00:00:00+09:00,1090.262451171875,1090.262451171875,1090.262451171875,1090.262451171875,0,0.0,0.0
2004-12-22 00:00:00+09:00,1076.373779296875,1076.373779296875,1072.9016058152722,1076.373779296875,12000,0.0,0.0
2004-12-23 00:00:00+09:00,1076.373779296875,1076.373779296875,1076.373779296875,1076.373779296875,0,0.0,0.0
2004-12-24 00:00:00+09:00,1076.3738073130123,1076.3738073130123,1045.1242451652151,1059.012939453125,6000,0.0,0.0
2004-12-27 00:00:00+09:00,1059.012939453125,1059.012939453125,1059.012939453125,1059.012939453125,4000,0.0,0.0
2004-12-28 00:00:00+09:00,1059.012939453125,1059.012939453125,1059.012939453125,1059.012939453125,0,0.0,0.0
2004-12-29 00:00:00+09:00,1093.7344970703125,1093.7344970703125,1093.7344970703125,1093.7344970703125,2000,0.0,0.0
2004-12-30 00:00:00+09:00,1111.0953369140625,1111.0953369140625,1111.0953369140625,1111.0953369140625,0,0.0,0.0
2004-12-31 00:00:00+09:00,1111.0953369140625,1111.0953369140625,1111.0953369140625,1111.0953369140625,0,0.0,0.0
2005-01-03 00:00:00+09:00,1111.0953369140625,1111.0953369140625,1111.0953369140625,1111.0953369140625,0,0.0,0.0
2005-01-04 00:00:00+09:00,1111.0953369140625,1111.0953369140625,1111.0953369140625,1111.0953369140625,0,0.0,0.0
2005-01-05 00:00:00+09:00,1111.0953369140625,1111.0953369140625,1111.0953369140625,1111.0953369140625,0,0.0,0.0
2005-01-06 00:00:00+09:00,1111.0953369140625,1111.0953369140625,1111.0953369140625,1111.0953369140625,0,0.0,0.0
2005-01-07 00:00:00+09:00,1059.012939453125,1059.012939453125,1059.012939453125,1059.012939453125,2000,0.0,0.0
2005-01-10 00:00:00+09:00,1059.012939453125,1059.012939453125,1059.012939453125,1059.012939453125,0,0.0,0.0
2005-01-11 00:00:00+09:00,1059.012939453125,1076.3738073130123,1059.012939453125,1059.012939453125,28000,0.0,0.0
2005-01-12 00:00:00+09:00,1065.9571585063063,1065.9571585063063,1055.5406390420753,1062.4849853515625,48000,0.0,0.0
2005-01-13 00:00:00+09:00,1093.7344970703125,1104.1510160900298,1090.26232406374,1093.7344970703125,36000,0.0,0.0
2005-01-14 00:00:00+09:00,1090.26232406374,1093.7344970703125,1086.7901510571676,1093.7344970703125,26000,0.0,0.0
2005-01-17 00:00:00+09:00,1124.9842529296875,1124.9842529296875,1124.9842529296875,1124.9842529296875,6000,0.0,0.0
2005-01-18 00:00:00+09:00,1124.9840698242188,1124.9840698242188,1083.3179931640625,1083.3179931640625,24000,0.0,0.0
2005-01-19 00:00:00+09:00,1090.262451171875,1090.262451171875,1090.262451171875,1090.262451171875,2000,0.0,0.0
2005-01-20 00:00:00+09:00,1072.901611328125,1072.901611328125,1072.901611328125,1072.901611328125,2000,0.0,0.0
2005-01-21 00:00:00+09:00,1072.901611328125,1072.901611328125,1072.901611328125,1072.901611328125,10000,0.0,0.0
2005-01-24 00:00:00+09:00,1076.373779296875,1076.373779296875,1076.373779296875,1076.373779296875,2000,0.0,0.0
2005-01-25 00:00:00+09:00,1086.7903053259001,1086.7903053259001,1072.901611328125,1072.901611328125,4000,0.0,0.0
2005-01-26 00:00:00+09:00,1083.3181544569672,1083.3181544569672,1059.012939453125,1059.012939453125,16000,0.0,0.0
2005-01-27 00:00:00+09:00,1093.7346467048892,1093.7346467048892,1069.4294323336694,1076.373779296875,10000,0.0,0.0
2005-01-28 00:00:00+09:00,1111.0955141129032,1111.0955141129032,1076.373779296875,1076.373779296875,8000,0.0,0.0
2005-01-31 00:00:00+09:00,1076.373779296875,1079.8459527784778,1076.373779296875,1076.373779296875,16000,0.0,0.0
2005-02-01 00:00:00+09:00,1076.373779296875,1076.373779296875,1069.4294323336694,1076.373779296875,22000,0.0,0.0
2005-02-02 00:00:00+09:00,1065.9573285811373,1107.6234130859375,1065.9573285811373,1107.6234130859375,12000,0.0,0.0
2005-02-03 00:00:00+09:00,1083.3178901176948,1083.3178901176948,1069.42919921875,1069.42919921875,20000,0.0,0.0
2005-02-04 00:00:00+09:00,1069.42919921875,1069.42919921875,1069.42919921875,1069.42919921875,2000,0.0,0.0
2005-02-07 00:00:00+09:00,1076.373784827569,1076.373784827569,1069.4294378286813,1072.901611328125,10000,0.0,0.0
2005-02-08 00:00:00+09:00,1076.373784827569,1076.373784827569,1072.901611328125,1072.901611328125,18000,0.0,0.0
2005-02-09 00:00:00+09:00,1076.373784827569,1079.8459583270126,1072.901611328125,1072.901611328125,18000,0.0,0.0
2005-02-10 00:00:00+09:00,1072.901611328125,1076.373784827569,1072.901611328125,1072.901611328125,22000,0.0,0.0
2005-02-11 00:00:00+09:00,1072.901611328125,1072.901611328125,1072.901611328125,1072.901611328125,0,0.0,0.0
2005-02-14 00:00:00+09:00,1090.2625909050946,1097.2069386178657,1079.8460693359375,1079.8460693359375,30000,0.0,0.0
2005-02-15 00:00:00+09:00,1090.26232406374,1097.2066700768848,1086.7901510571676,1093.7344970703125,22000,0.0,0.0
2005-02-16 00:00:00+09:00,1093.7347647614802,1093.7347647614802,1079.8460693359375,1079.8460693359375,26000,0.0,0.0
2005-02-17 00:00:00+09:00,1072.901371943486,1076.3735446682224,1069.42919921875,1069.42919921875,32000,0.0,0.0
2005-02-18 00:00:00+09:00,1069.4295477667806,1079.8460693359375,1069.4295477667806,1079.8460693359375,16000,0.0,0.0
2005-02-21 00:00:00+09:00,1079.8457173929585,1079.8457173929585,1069.42919921875,1069.42919921875,24000,0.0,0.0
2005-02-22 00:00:00+09:00,1069.4294601690574,1069.4294601690574,1059.012939453125,1059.012939453125,24000,0.0,0.0
2005-02-23 00:00:00+09:00,1062.4851130251025,1062.4851130251025,1059.012939453125,1059.012939453125,6000,0.0,0.0
2005-02-24 00:00:00+09:00,1062.4848585097718,1072.901376730456,1062.4848585097718,1065.95703125,14000,0.0,0.0
2005-02-25 00:00:00+09:00,1076.3737575263735,1093.7346245832505,1069.4294107036226,1090.262451171875,28000,0.0,0.0
2005-02-28 00:00:00+09:00,1097.2066700768848,1114.567535109747,1090.26232406374,1093.7344970703125,30000,0.0,0.0
2005-03-01 00:00:00+09:00,1093.734630060653,1097.2068034894169,1086.790283203125,1086.790283203125,14000,0.0,0.0
2005-03-02 00:00:00+09:00,1093.7344920484327,1097.2066650390625,1093.7344920484327,1097.2066650390625,18000,0.0,0.0
2005-03-03 00:00:00+09:00,1093.7344920484327,1104.1510110203224,1093.7344920484327,1097.2066650390625,18000,0.0,0.0
2005-03-04 00:00:00+09:00,1097.2066650390625,1097.2066650390625,1093.7344920484327,1097.2066650390625,16000,0.0,0.0
2005-03-07 00:00:00+09:00,1093.7344970703125,1093.7344970703125,1090.26232406374,1093.7344970703125,56000,0.0,0.0
2005-03-08 00:00:00+09:00,1100.678818130493,1111.0953369140625,1093.7344722747803,1111.0953369140625,42000,0.0,0.0
2005-03-09 00:00:00+09:00,1107.6234130859375,1107.6234130859375,1107.6234130859375,1107.6234130859375,14000,0.0,0.0
2005-03-10 00:00:00+09:00,1093.7347647614802,1093.7347647614802,1079.8460693359375,1079.8460693359375,18000,0.0,0.0
2005-03-11 00:00:00+09:00,1097.2066650390625,1100.6788380296925,1086.7901460671728,1097.2066650390625,18000,0.0,0.0
2005-03-14 00:00:00+09:00,1093.7344970703125,1093.7344970703125,1093.7344970703125,1093.7344970703125,6000,0.0,0.0
2005-03-15 00:00:00+09:00,1093.7346245832505,1093.7346245832505,1090.262451171875,1090.262451171875,18000,0.0,0.0
2005-03-16 00:00:00+09:00,1090.26232406374,1093.7344970703125,1090.26232406374,1093.7344970703125,12000,0.0,0.0
2005-03-17 00:00:00+09:00,1097.2066650390625,1100.6788380296925,1093.7344920484327,1097.2066650390625,14000,0.0,0.0
2005-03-18 00:00:00+09:00,1097.2068919597375,1107.6234130859375,1097.2068919597375,1107.6234130859375,16000,0.0,0.0
2005-03-21 00:00:00+09:00,1107.6234130859375,1107.6234130859375,1107.6234130859375,1107.6234130859375,0,0.0,0.0
2005-03-22 00:00:00+09:00,1100.6789337823695,1114.567626953125,1100.6789337823695,1114.567626953125,12000,0.0,0.0
2005-03-23 00:00:00+09:00,1107.6232803677472,1114.567626953125,1100.6789337823695,1114.567626953125,38000,0.0,0.0
2005-03-24 00:00:00+09:00,1107.6231840109524,1111.0953570015822,1097.2066650390625,1097.2066650390625,16000,0.0,0.0
2005-03-25 00:00:00+09:00,1097.2066650390625,1097.2066650390625,1093.7344920484327,1097.2066650390625,8000,0.0,0.0
2005-03-28 00:00:00+09:00,1100.7009018523784,1104.1951904296875,1100.7009018523784,1104.1951904296875,10000,10.0,0.0
2005-03-29 00:00:00+09:00,1104.1952688198883,1104.1952688198883,1090.2181135183707,1093.71240234375,40000,0.0,0.0
2005-03-30 00:00:00+09:00,1093.7123060960037,1093.7123060960037,1086.7237290602463,1090.218017578125,12000,0.0,0.0
2005-03-31 00:00:00+09:00,1093.712555597133,1121.6668701171875,1093.712555597133,1121.6668701171875,10000,0.0,0.0
2005-04-01 00:00:00+09:00,1114.678056161615,1118.172344738924,1097.2066132750692,1104.1951904296875,14000,0.0,0.0
2005-04-04 00:00:00+09:00,1104.1950939360117,1107.6893822079612,1093.7122291201636,1100.7008056640625,30000,0.0,0.0
2005-04-05 00:00:00+09:00,1093.7123060960037,1093.7123060960037,1090.218017578125,1090.218017578125,10000,0.0,0.0
2005-04-06 00:00:00+09:00,1100.7008056640625,1100.7008056640625,1100.7008056640625,1100.7008056640625,18000,0.0,0.0
2005-04-07 00:00:00+09:00,1100.7011867989568,1114.6783447265625,1100.7011867989568,1114.6783447265625,36000,0.0,0.0
2005-04-08 00:00:00+09:00,1114.67795875186,1114.67795875186,1100.7008056640625,1100.7008056640625,26000,0.0,0.0
2005-04-11 00:00:00+09:00,1111.1839073181152,1132.1496414184571,1111.1839073181152,1118.1724853515625,52000,0.0,0.0
2005-04-12 00:00:00+09:00,1121.6667218889509,1125.1610107421875,1118.1724330357144,1125.1610107421875,18000,0.0,0.0
2005-04-13 00:00:00+09:00,1118.172634208464,1118.172634208464,1107.6897657627596,1114.6783447265625,30000,0.0,0.0
2005-04-14 00:00:00+09:00,1114.6783447265625,1118.172634208464,1111.184055244661,1114.6783447265625,32000,0.0,0.0
2005-04-15 00:00:00+09:00,1121.6666958929954,1128.6552734375,1118.172407120743,1128.6552734375,12000,0.0,0.0
2005-04-18 00:00:00+09:00,1121.6667743682863,1125.1610633850098,1111.1839073181152,1118.1724853515625,46000,0.0,0.0
2005-04-19 00:00:00+09:00,1125.1609846652477,1135.6438509820046,1125.1609846652477,1128.6552734375,10000,0.0,0.0
2005-04-20 00:00:00+09:00,1128.6552734375,1128.6552734375,1125.1609846652477,1128.6552734375,10000,0.0,0.0
2005-04-21 00:00:00+09:00,1121.6666958929954,1128.6552734375,1118.172407120743,1128.6552734375,42000,0.0,0.0
2005-04-22 00:00:00+09:00,1128.655214251894,1153.115234375,1128.655214251894,1153.115234375,18000,0.0,0.0
2005-04-25 00:00:00+09:00,1156.6096362669077,1170.5867919921875,1156.6096362669077,1170.5867919921875,18000,0.0,0.0
2005-04-26 00:00:00+09:00,1170.5867919921875,1170.5867919921875,1170.5867919921875,1170.5867919921875,8000,0.0,0.0
2005-04-27 00:00:00+09:00,1170.5867919921875,1170.5867919921875,1170.5867919921875,1170.5867919921875,28000,0.0,0.0
2005-04-28 00:00:00+09:00,1174.081002681213,1181.069580078125,1174.081002681213,1181.069580078125,10000,0.0,0.0
2005-04-29 00:00:00+09:00,1181.069580078125,1181.069580078125,1181.069580078125,1181.069580078125,0,0.0,0.0
2005-05-02 00:00:00+09:00,1184.563868776581,1188.058157475037,1177.5752913796691,1181.069580078125,12000,0.0,0.0
2005-05-03 00:00:00+09:00,1181.069580078125,1181.069580078125,1181.069580078125,1181.069580078125,0,0.0,0.0
2005-05-04 00:00:00+09:00,1181.069580078125,1181.069580078125,1181.069580078125,1181.069580078125,0,0.0,0.0
2005-05-05 00:00:00+09:00,1181.069580078125,1181.069580078125,1181.069580078125,1181.069580078125,0,0.0,0.0
2005-05-06 00:00:00+09:00,1184.563868776581,1184.563868776581,1181.069580078125,1181.069580078125,18000,0.0,0.0
2005-05-09 00:00:00+09:00,1181.069580078125,1181.069580078125,1181.069580078125,1181.069580078125,6000,0.0,0.0
2005-05-10 00:00:00+09:00,1167.0925720395956,1177.575439453125,1160.1039937639093,1177.575439453125,18000,0.0,0.0
2005-05-11 00:00:00+09:00,1181.069919282356,1184.564208984375,1181.069919282356,1184.564208984375,24000,0.0,0.0
2005-05-12 00:00:00+09:00,1167.0925927585054,1170.5868819583811,1142.632568359375,1142.632568359375,32000,0.0,0.0
2005-05-13 00:00:00+09:00,1153.115234375,1153.115234375,1146.1266571969697,1153.115234375,18000,0.0,0.0
2005-05-16 00:00:00+09:00,1170.5867919921875,1170.5867919921875,1170.5867919921875,1170.5867919921875,14000,0.0,0.0
2005-05-17 00:00:00+09:00,1177.5752731597352,1177.5752731597352,1167.0924072265625,1167.0924072265625,30000,0.0,0.0
2005-05-18 00:00:00+09:00,1156.6096718275076,1156.6096718275076,1149.62109375,1149.62109375,12000,0.0,0.0
2005-05-19 00:00:00+09:00,1149.62109375,1156.6096718275076,1149.62109375,1149.62109375,32000,0.0,0.0
2005-05-20 00:00:00+09:00,1146.1265869140625,1149.6208752888006,1146.1265869140625,1146.1265869140625,34000,0.0,0.0
2005-05-23 00:00:00+09:00,1142.6323686079545,1153.115234375,1135.6437914299242,1153.115234375,30000,0.0,0.0
2005-05-24 00:00:00+09:00,1156.6097412109375,1160.104030459309,1156.6097412109375,1156.6097412109375,16000,0.0,0.0
2005-05-25 00:00:00+09:00,1153.1153473355878,1170.5867919921875,1153.1153473355878,1170.5867919921875,38000,0.0,0.0
2005-05-26 00:00:00+09:00,1167.092800564236,1167.092800564236,1153.1156412760417,1163.5985107421875,42000,0.0,0.0
2005-05-27 00:00:00+09:00,1167.092800564236,1167.092800564236,1163.5985107421875,1163.5985107421875,6000,0.0,0.0
2005-05-30 00:00:00+09:00,1160.1038299377806,1167.0924072265625,1160.1038299377806,1167.0924072265625,8000,0.0,0.0
2005-05-31 00:00:00+09:00,1167.0925030608676,1188.0582366487872,1167.0925030608676,1170.5867919921875,8000,0.0,0.0
2005-06-01 00:00:00+09:00,1188.0581754271748,1195.0467529296875,1188.0581754271748,1195.0467529296875,10000,0.0,0.0
2005-06-02 00:00:00+09:00,1195.0470780904313,1195.0470780904313,1184.564208984375,1184.564208984375,10000,0.0,0.0
2005-06-03 00:00:00+09:00,1188.05810546875,1188.05810546875,1188.05810546875,1188.05810546875,14000,0.0,0.0
2005-06-06 00:00:00+09:00,1195.0467529296875,1195.0467529296875,1195.0467529296875,1195.0467529296875,2000,0.0,0.0
2005-06-07 00:00:00+09:00,1198.5410079079113,1216.012451171875,1198.5410079079113,1216.012451171875,30000,0.0,0.0
2005-06-08 00:00:00+09:00,1188.05810546875,1188.05810546875,1188.05810546875,1188.05810546875,4000,0.0,0.0
2005-06-09 00:00:00+09:00,1188.05810546875,1188.05810546875,1188.05810546875,1188.05810546875,2000,0.0,0.0
2005-06-10 00:00:00+09:00,1188.05810546875,1212.5181252872242,1188.05810546875,1188.05810546875,22000,0.0,0.0
2005-06-13 00:00:00+09:00,1160.1041426064312,1216.0127759850543,1160.1041426064312,1205.5299072265625,42000,0.0,0.0
2005-06-14 00:00:00+09:00,1209.0240638950893,1223.001220703125,1205.5297746930803,1223.001220703125,24000,0.0,0.0
2005-06-15 00:00:00+09:00,1223.0012103873241,1240.47265625,1223.0012103873241,1240.47265625,28000,0.0,0.0
2005-06-16 00:00:00+09:00,1223.0012103873241,1240.47265625,1223.0012103873241,1240.47265625,4000,0.0,0.0
2005-06-17 00:00:00+09:00,1229.9897887323946,1240.47265625,1223.0012103873241,1240.47265625,14000,0.0,0.0
2005-06-20 00:00:00+09:00,1223.0011777850323,1223.0011777850323,1212.518310546875,1212.518310546875,6000,0.0,0.0
2005-06-21 00:00:00+09:00,1212.5182152642144,1257.9439697265625,1212.5182152642144,1257.9439697265625,20000,0.0,0.0
2005-06-22 00:00:00+09:00,1261.4384765625,1261.4384765625,1261.4384765625,1261.4384765625,2000,0.0,0.0
2005-06-23 00:00:00+09:00,1261.4384765625,1268.4270553800206,1261.4384765625,1261.4384765625,12000,0.0,0.0
2005-06-24 00:00:00+09:00,1243.9669252996575,1275.41552734375,1243.9669252996575,1275.41552734375,18000,0.0,0.0
2005-06-27 00:00:00+09:00,1275.415517446157,1292.886962890625,1275.415517446157,1292.886962890625,20000,0.0,0.0
2005-06-28 00:00:00+09:00,1292.8867994894192,1331.323974609375,1292.8867994894192,1331.323974609375,22000,0.0,0.0
2005-06-29 00:00:00+09:00,1338.3128395080566,1341.80712890625,1334.8185501098633,1341.80712890625,38000,0.0,0.0
2005-06-30 00:00:00+09:00,1341.8069711538462,1362.772705078125,1341.8069711538462,1362.772705078125,26000,0.0,0.0
2005-07-01 00:00:00+09:00,1355.7842864990234,1355.7842864990234,1341.80712890625,1341.80712890625,4000,0.0,0.0
2005-07-04 00:00:00+09:00,1324.3353973148376,1331.323974609375,1324.3353973148376,1331.323974609375,46000,0.0,0.0
2005-07-05 00:00:00+09:00,1324.335544947574,1327.829833984375,1324.335544947574,1327.829833984375,22000,0.0,0.0
2005-07-06 00:00:00+09:00,1310.3582763671875,1310.3582763671875,1310.3582763671875,1310.3582763671875,2000,0.0,0.0
2005-07-07 00:00:00+09:00,1299.8756103515625,1299.8756103515625,1299.8756103515625,1299.8756103515625,4000,0.0,0.0
2005-07-08 00:00:00+09:00,1299.8755410684123,1299.8755410684123,1292.886962890625,1292.886962890625,4000,0.0,0.0
2005-07-11 00:00:00+09:00,1257.9439703793448,1306.864013671875,1257.9439703793448,1306.864013671875,10000,0.0,0.0
2005-07-12 00:00:00+09:00,1306.864099763569,1327.829833984375,1306.864099763569,1327.829833984375,16000,0.0,0.0
2005-07-13 00:00:00+09:00,1324.335535460633,1345.30126953125,1324.335535460633,1345.30126953125,48000,0.0,0.0
2005-07-14 00:00:00+09:00,1348.7954540890103,1362.7726090536632,1348.7954540890103,1359.2783203125,30000,0.0,0.0
2005-07-15 00:00:00+09:00,1369.7612737341772,1380.244140625,1369.7612737341772,1380.244140625,14000,0.0,0.0
2005-07-18 00:00:00+09:00,1380.244140625,1380.244140625,1380.244140625,1380.244140625,0,0.0,0.0
2005-07-19 00:00:00+09:00,1310.35838880037,1327.829833984375,1310.35838880037,1327.829833984375,8000,0.0,0.0
2005-07-20 00:00:00+09:00,1345.3012432829705,1348.7955322265625,1345.3012432829705,1348.7955322265625,16000,0.0,0.0
2005-07-21 00:00:00+09:00,1352.28990671586,1369.7613525390625,1348.7956175512197,1369.7613525390625,12000,0.0,0.0
2005-07-22 00:00:00+09:00,1352.289734816188,1380.2440445798302,1352.289734816188,1376.749755859375,14000,0.0,0.0
2005-07-25 00:00:00+09:00,1376.7498516613923,1380.244140625,1373.2555626977846,1380.244140625,20000,0.0,0.0
2005-07-26 00:00:00+09:00,1380.2438768157567,1380.2438768157567,1366.2667236328125,1366.2667236328125,8000,0.0,0.0
2005-07-27 00:00:00+09:00,1380.244140625,1380.244140625,1380.244140625,1380.244140625,2000,0.0,0.0
2005-07-28 00:00:00+09:00,1394.2211071267468,1422.1754150390625,1394.2211071267468,1422.1754150390625,36000,0.0,0.0
2005-07-29 00:00:00+09:00,1418.6813176908238,1429.1641845703125,1415.1870287309941,1429.1641845703125,30000,0.0,0.0
2005-08-01 00:00:00+09:00,1429.164044114101,1429.164044114101,1415.1868896484375,1415.1868896484375,20000,0.0,0.0
2005-08-02 00:00:00+09:00,1380.2440034842784,1429.164044114101,1380.2440034842784,1415.1868896484375,32000,0.0,0.0
2005-08-03 00:00:00+09:00,1415.1870287309941,1429.1641845703125,1415.1870287309941,1429.1641845703125,4000,0.0,0.0
2005-08-04 00:00:00+09:00,1390.727041088322,1429.1642206158888,1390.727041088322,1408.198486328125,24000,0.0,0.0
2005-08-05 00:00:00+09:00,1415.187010844738,1464.1070556640625,1408.198433013406,1464.1070556640625,32000,0.0,0.0
2005-08-08 00:00:00+09:00,1446.6355852399554,1446.6355852399554,1415.1869855608259,1418.6812744140625,8000,0.0,0.0
2005-08-09 00:00:00+09:00,1429.1641063505006,1467.601282804915,1429.1641063505006,1439.64697265625,18000,0.0,0.0
2005-08-10 00:00:00+09:00,1460.612740652902,1485.0727626255582,1460.612740652902,1467.601318359375,50000,0.0,0.0
2005-08-11 00:00:00+09:00,1471.0958700202077,1520.0159227049653,1467.601580542725,1513.02734375,52000,0.0,0.0
2005-08-12 00:00:00+09:00,1502.5440673828125,1502.5440673828125,1502.5440673828125,1502.5440673828125,6000,0.0,0.0
2005-08-15 00:00:00+09:00,1502.5440673828125,1502.5440673828125,1502.5440673828125,1502.5440673828125,8000,0.0,0.0
2005-08-16 00:00:00+09:00,1502.5443379862324,1502.5443379862324,1499.050048828125,1499.050048828125,18000,0.0,0.0
2005-08-17 00:00:00+09:00,1450.1299686386578,1485.072859449228,1450.1299686386578,1471.095703125,12000,0.0,0.0
2005-08-18 00:00:00+09:00,1481.5785868566177,1485.0728759765625,1481.5785868566177,1485.0728759765625,24000,0.0,0.0
2005-08-19 00:00:00+09:00,1453.6241113744077,1474.58984375,1418.6812240817535,1474.58984375,14000,0.0,0.0
2005-08-22 00:00:00+09:00,1485.0728759765625,1495.555743336397,1485.0728759765625,1485.0728759765625,12000,0.0,0.0
2005-08-23 00:00:00+09:00,1485.0728759765625,1485.0728759765625,1485.0728759765625,1485.0728759765625,2000,0.0,0.0
2005-08-24 00:00:00+09:00,1481.578369140625,1481.578369140625,1474.5897919276974,1481.578369140625,10000,0.0,0.0
2005-08-25 00:00:00+09:00,1429.1640292615775,1453.624049322289,1429.1640292615775,1450.1297607421875,32000,0.0,0.0
2005-08-26 00:00:00+09:00,1450.1297607421875,1460.6126264824925,1446.6354721620858,1450.1297607421875,38000,0.0,0.0
2005-08-29 00:00:00+09:00,1450.1297607421875,1464.106915062594,1450.1297607421875,1450.1297607421875,18000,0.0,0.0
2005-08-30 00:00:00+09:00,1436.15261379335,1450.1297681854994,1429.1640365972753,1432.6583251953125,66000,0.0,0.0
2005-08-31 00:00:00+09:00,1425.6697479992379,1432.6583251953125,1425.6697479992379,1432.6583251953125,20000,0.0,0.0
2005-09-01 00:00:00+09:00,1432.6586270046462,1460.6129416779077,1432.6586270046462,1457.11865234375,10000,0.0,0.0
2005-09-02 00:00:00+09:00,1443.1414102893098,1443.1414102893098,1429.1642537731905,1436.15283203125,8000,0.0,0.0
2005-09-05 00:00:00+09:00,1436.1529163388038,1457.11865234375,1436.1529163388038,1457.11865234375,16000,0.0,0.0
2005-09-06 00:00:00+09:00,1453.6240567835366,1453.6240567835366,1432.6583251953125,1432.6583251953125,22000,0.0,0.0
2005-09-07 00:00:00+09:00,1422.1755288133343,1439.64697265625,1422.1755288133343,1439.64697265625,16000,0.0,0.0
2005-09-08 00:00:00+09:00,1432.6584735301421,1432.6584735301421,1429.1641845703125,1429.1641845703125,16000,0.0,0.0
2005-09-09 00:00:00+09:00,1418.6811635212725,1450.1297607421875,1418.6811635212725,1450.1297607421875,20000,0.0,0.0
2005-09-12 00:00:00+09:00,1464.1070295061384,1467.601318359375,1464.1070295061384,1467.601318359375,16000,0.0,0.0
2005-09-13 00:00:00+09:00,1485.0726247388263,1502.5440673828125,1485.0726247388263,1502.5440673828125,12000,0.0,0.0
2005-09-14 00:00:00+09:00,1474.5898960658483,1520.0156511579241,1474.5898960658483,1516.5213623046875,18000,0.0,0.0
2005-09-15 00:00:00+09:00,1516.5212330046982,1533.9926757812498,1502.5440787834566,1533.99267578125,12000,0.0,0.0
2005-09-16 00:00:00+09:00,1502.5444223688937,1520.015869140625,1502.5444223688937,1520.015869140625,8000,0.0,0.0
2005-09-19 00:00:00+09:00,1520.015869140625,1520.015869140625,1520.015869140625,1520.015869140625,0,0.0,0.0
2005-09-20 00:00:00+09:00,1520.015869140625,1520.015869140625,1520.015869140625,1520.015869140625,0,0.0,0.0
2005-09-21 00:00:00+09:00,1492.0613937742974,1492.0613937742974,1460.61279296875,1460.61279296875,24000,0.0,0.0
2005-09-22 00:00:00+09:00,1432.6583251953125,1432.6583251953125,1432.6583251953125,1432.6583251953125,10000,0.0,0.0
2005-09-23 00:00:00+09:00,1432.6583251953125,1432.6583251953125,1432.6583251953125,1432.6583251953125,0,0.0,0.0
2005-09-26 00:00:00+09:00,1418.6812744140625,1418.6812744140625,1418.6812744140625,1418.6812744140625,10000,0.0,0.0
2005-09-27 00:00:00+09:00,1418.6812744140625,1418.6812744140625,1418.6812744140625,1418.6812744140625,18000,0.0,0.0
2005-09-28 00:00:00+09:00,1418.6812744140625,1467.601318359375,1418.6812744140625,1467.601318359375,22000,0.0,0.0
2005-09-29 00:00:00+09:00,1436.1527186802457,1467.601318359375,1425.6698521205358,1467.601318359375,32000,0.0,0.0
2005-09-30 00:00:00+09:00,1485.0727289373224,1537.487060546875,1485.0727289373224,1537.487060546875,34000,0.0,0.0
2005-10-03 00:00:00+09:00,1520.0156005859374,1589.9013753255208,1520.0156005859374,1572.429931640625,62000,0.0,0.0
2005-10-04 00:00:00+09:00,1492.061290690104,1572.429931640625,1492.061290690104,1572.429931640625,26000,0.0,0.0
2005-10-05 00:00:00+09:00,1572.429931640625,1572.429931640625,1572.429931640625,1572.429931640625,8000,0.0,0.0
2005-10-06 00:00:00+09:00,1572.429931640625,1572.429931640625,1572.429931640625,1572.429931640625,10000,0.0,0.0
2005-10-07 00:00:00+09:00,1572.4300351350205,1607.3729248046875,1572.4300351350205,1607.3729248046875,16000,0.0,0.0
2005-10-10 00:00:00+09:00,1607.3729248046875,1607.3729248046875,1607.3729248046875,1607.3729248046875,0,0.0,0.0
2005-10-11 00:00:00+09:00,1642.3159091443902,1740.156005859375,1642.3159091443902,1740.156005859375,34000,0.0,0.0
2005-10-12 00:00:00+09:00,1712.201555887858,1712.201555887858,1677.2586669921875,1677.2586669921875,4000,0.0,0.0
2005-10-13 00:00:00+09:00,1680.7533908701537,1694.7305500457892,1677.2591010762449,1684.2476806640625,14000,0.0,0.0
2005-10-14 00:00:00+09:00,1677.2586669921875,1677.2586669921875,1673.7643781026204,1677.2586669921875,12000,0.0,0.0
2005-10-17 00:00:00+09:00,1677.2586669921875,1677.2586669921875,1677.2586669921875,1677.2586669921875,4000,0.0,0.0
2005-10-18 00:00:00+09:00,1677.258435837766,1677.258435837766,1642.3155517578125,1642.3155517578125,6000,0.0,0.0
2005-10-19 00:00:00+09:00,1694.7301953125,1747.14453125,1694.7301953125,1747.14453125,16000,0.0,0.0
2005-10-20 00:00:00+09:00,1747.1445540935674,1792.5703125,1747.1445540935674,1792.5703125,16000,0.0,0.0
2005-10-21 00:00:00+09:00,1799.5585035762524,1799.5585035762524,1778.5927734374998,1778.5927734375,6000,0.0,0.0
2005-10-24 00:00:00+09:00,1719.1901331604251,1743.6501553801872,1719.1901331604251,1726.1787109375,12000,0.0,0.0
2005-10-25 00:00:00+09:00,1673.7642304545382,1684.2470961985123,1673.7642304545382,1680.7528076171875,6000,0.0,0.0
2005-10-26 00:00:00+09:00,1645.8100758120888,1659.7872314453125,1645.8100758120888,1659.7872314453125,10000,0.0,0.0
2005-10-27 00:00:00+09:00,1670.2698587678938,1708.70703125,1670.2698587678938,1708.70703125,14000,0.0,0.0
2005-10-28 00:00:00+09:00,1708.70703125,1708.70703125,1708.70703125,1708.70703125,0,0.0,0.0
2005-10-31 00:00:00+09:00,1708.70703125,1708.70703125,1708.70703125,1708.70703125,0,0.0,0.0
2005-11-01 00:00:00+09:00,1729.6728515625,1729.6728515625,1729.6728515625,1729.6728515625,4000,0.0,0.0
2005-11-02 00:00:00+09:00,1740.155953125,1747.14453125,1740.155953125,1747.14453125,6000,0.0,0.0
2005-11-03 00:00:00+09:00,1747.14453125,1747.14453125,1747.14453125,1747.14453125,0,0.0,0.0
2005-11-04 00:00:00+09:00,1747.14453125,1747.14453125,1747.14453125,1747.14453125,10000,0.0,0.0
2005-11-07 00:00:00+09:00,1747.14453125,1747.14453125,1747.14453125,1747.14453125,4000,0.0,0.0
2005-11-08 00:00:00+09:00,1712.201171875,1712.201171875,1712.201171875,1712.201171875,0,0.0,0.0
2005-11-09 00:00:00+09:00,1694.7301114400227,1694.7301114400227,1677.2586669921875,1677.2586669921875,10000,0.0,0.0
2005-11-10 00:00:00+09:00,1677.2586669921875,1677.2586669921875,1659.787222544352,1677.2586669921875,8000,0.0,0.0
2005-11-11 00:00:00+09:00,1677.258675986842,1677.258675986842,1659.7872314453125,1659.7872314453125,6000,0.0,0.0
2005-11-14 00:00:00+09:00,1659.7872314453125,1659.7872314453125,1624.8443423622532,1659.7872314453125,38000,0.0,0.0
2005-11-15 00:00:00+09:00,1659.7872314453125,1666.7758092619242,1659.7872314453125,1659.7872314453125,34000,0.0,0.0
2005-11-16 00:00:00+09:00,1659.7872314453125,1673.7643870785362,1659.7872314453125,1659.7872314453125,20000,0.0,0.0
2005-11-17 00:00:00+09:00,1659.7873105841168,1677.2587559586864,1649.304443359375,1649.304443359375,18000,0.0,0.0
2005-11-18 00:00:00+09:00,1666.775660667099,1673.7642378606715,1649.304217683167,1663.2813720703125,20000,0.0,0.0
2005-11-21 00:00:00+09:00,1649.304443359375,1652.798732434289,1649.304443359375,1649.304443359375,10000,0.0,0.0
2005-11-22 00:00:00+09:00,1642.3157869037827,1659.7872314453125,1642.3157869037827,1659.7872314453125,24000,0.0,0.0
2005-11-23 00:00:00+09:00,1659.7872314453125,1659.7872314453125,1659.7872314453125,1659.7872314453125,0,0.0,0.0
2005-11-24 00:00:00+09:00,1673.7645160265204,1691.2359619140625,1673.7645160265204,1691.2359619140625,18000,0.0,0.0
2005-11-25 00:00:00+09:00,1673.7646104321036,1694.7303466796875,1673.7646104321036,1694.7303466796875,12000,0.0,0.0
2005-11-28 00:00:00+09:00,1722.6844482421875,1722.6844482421875,1722.6844482421875,1722.6844482421875,6000,0.0,0.0
2005-11-29 00:00:00+09:00,1726.1786671811356,1726.1786671811356,1694.7300679814791,1715.69580078125,28000,0.0,0.0
2005-11-30 00:00:00+09:00,1715.69580078125,1715.69580078125,1694.7300679814791,1715.69580078125,68000,0.0,0.0
2005-12-01 00:00:00+09:00,1890.4105722103477,1890.4105722103477,1851.973388671875,1851.973388671875,6000,0.0,0.0
2005-12-02 00:00:00+09:00,1855.4675157581676,1921.8590087890625,1851.9732266512785,1921.8590087890625,38000,0.0,0.0
2005-12-05 00:00:00+09:00,1932.3417358398438,1956.8017578125,1928.8474469866073,1956.8017578125,36000,0.0,0.0
2005-12-06 00:00:00+09:00,1963.7902626226755,2114.044677734375,1963.7902626226755,2114.044677734375,54000,0.0,0.0
2005-12-07 00:00:00+09:00,2253.816415786743,2271.2878608703613,2201.4020805358887,2236.344970703125,12000,0.0,0.0
2005-12-08 00:00:00+09:00,2236.344970703125,2253.816415786743,2218.873525619507,2236.344970703125,18000,0.0,0.0
2005-12-09 00:00:00+09:00,2232.8506816864015,2236.344970703125,2232.8506816864015,2236.344970703125,14000,0.0,0.0
2005-12-12 00:00:00+09:00,2232.850577218192,2250.322021484375,2232.850577218192,2250.322021484375,8000,0.0,0.0
2005-12-13 00:00:00+09:00,2236.344970703125,2236.344970703125,2232.8506816864015,2236.344970703125,12000,0.0,0.0
2005-12-14 00:00:00+09:00,2236.344970703125,2236.344970703125,2236.344970703125,2236.344970703125,2000,0.0,0.0
2005-12-15 00:00:00+09:00,2236.345064724919,2236.345064724919,2096.5734981796118,2159.470703125,12000,0.0,0.0
2005-12-16 00:00:00+09:00,2159.4706503591233,2166.459228515625,2096.573446950605,2166.459228515625,16000,0.0,0.0
2005-12-19 00:00:00+09:00,2201.4022986778846,2271.2880859375,2201.4022986778846,2271.2880859375,18000,0.0,0.0
2005-12-20 00:00:00+09:00,2271.2875902015744,2288.759033203125,2253.816147200024,2288.759033203125,24000,0.0,0.0
2005-12-21 00:00:00+09:00,2288.7595441951307,2288.7595441951307,2253.816650390625,2253.816650390625,6000,0.0,0.0
2005-12-22 00:00:00+09:00,2250.3221267700196,2250.3221267700196,2236.344970703125,2236.344970703125,6000,0.0,0.0
2005-12-23 00:00:00+09:00,2236.344970703125,2236.344970703125,2236.344970703125,2236.344970703125,0,0.0,0.0
2005-12-26 00:00:00+09:00,2236.344970703125,2236.344970703125,2236.344970703125,2236.344970703125,8000,0.0,0.0
2005-12-27 00:00:00+09:00,2232.8506816864015,2236.344970703125,2232.8506816864015,2236.344970703125,4000,0.0,0.0
2005-12-28 00:00:00+09:00,2236.344970703125,2236.344970703125,2236.344970703125,2236.344970703125,6000,0.0,0.0
2005-12-29 00:00:00+09:00,2232.850341796875,2232.850341796875,2232.850341796875,2232.850341796875,0,0.0,0.0
2005-12-30 00:00:00+09:00,2232.850341796875,2232.850341796875,2232.850341796875,2232.850341796875,2000,0.0,0.0
2006-01-02 00:00:00+09:00,2232.850341796875,2232.850341796875,2232.850341796875,2232.850341796875,0,0.0,0.0
2006-01-03 00:00:00+09:00,2232.850341796875,2232.850341796875,2232.850341796875,2232.850341796875,0,0.0,0.0
2006-01-04 00:00:00+09:00,2232.8509029447114,2271.2880859375,2232.8509029447114,2271.2880859375,6000,0.0,0.0
2006-01-05 00:00:00+09:00,2271.2880859375,2271.2880859375,2253.816639122596,2271.2880859375,20000,0.0,0.0
2006-01-06 00:00:00+09:00,2271.288097292878,2271.288097292878,2236.345203488372,2253.816650390625,12000,0.0,0.0
2006-01-09 00:00:00+09:00,2253.816650390625,2253.816650390625,2253.816650390625,2253.816650390625,0,0.0,0.0
2006-01-10 00:00:00+09:00,2253.816415786743,2253.816415786743,2236.344970703125,2236.344970703125,18000,0.0,0.0
2006-01-11 00:00:00+09:00,2302.73583984375,2302.73583984375,2299.2415517711493,2302.73583984375,8000,0.0,0.0
2006-01-12 00:00:00+09:00,2302.73583984375,2302.73583984375,2302.73583984375,2302.73583984375,14000,0.0,0.0
2006-01-13 00:00:00+09:00,2302.7362760465912,2309.724853515625,2302.7362760465912,2309.724853515625,14000,0.0,0.0
2006-01-16 00:00:00+09:00,2306.23046875,2306.23046875,2306.23046875,2306.23046875,4000,0.0,0.0
2006-01-17 00:00:00+09:00,2306.230564781108,2309.724853515625,2306.230564781108,2309.724853515625,6000,0.0,0.0
2006-01-18 00:00:00+09:00,2100.068017730475,2239.839599609375,2047.6536745258873,2239.839599609375,14000,0.0,0.0
2006-01-19 00:00:00+09:00,2239.8392597198485,2239.8392597198485,2138.5048782348636,2236.344970703125,14000,0.0,0.0
2006-01-20 00:00:00+09:00,2271.2880859375,2271.2880859375,2271.2880859375,2271.2880859375,6000,0.0,0.0
2006-01-23 00:00:00+09:00,2267.793701171875,2267.793701171875,2267.793701171875,2267.793701171875,2000,0.0,0.0
2006-01-24 00:00:00+09:00,2267.793796574519,2271.2880859375,2267.793796574519,2271.2880859375,22000,0.0,0.0
2006-01-25 00:00:00+09:00,2267.793701171875,2267.793701171875,2267.793701171875,2267.793701171875,2000,0.0,0.0
2006-01-26 00:00:00+09:00,2264.2998046875,2264.2998046875,2264.2998046875,2264.2998046875,0,0.0,0.0
2006-01-27 00:00:00+09:00,2264.298938160211,2264.298938160211,2201.4017454335385,2232.850341796875,10000,0.0,0.0
2006-01-30 00:00:00+09:00,2232.850341796875,2232.850341796875,2232.850341796875,2232.850341796875,14000,0.0,0.0
2006-01-31 00:00:00+09:00,2232.850341796875,2232.850341796875,2232.850341796875,2232.850341796875,0,0.0,0.0
2006-02-01 00:00:00+09:00,2236.34463028169,2236.34463028169,2215.378899372799,2232.850341796875,30000,0.0,0.0
2006-02-02 00:00:00+09:00,2232.850341796875,2232.850341796875,2232.850341796875,2232.850341796875,0,0.0,0.0
2006-02-03 00:00:00+09:00,2204.89599609375,2204.89599609375,2204.89599609375,2204.89599609375,2000,0.0,0.0
2006-02-06 00:00:00+09:00,2201.4023735979135,2229.356689453125,2201.4023735979135,2229.356689453125,4000,0.0,0.0
2006-02-07 00:00:00+09:00,2222.367919921875,2222.367919921875,2222.367919921875,2222.367919921875,2000,0.0,0.0
2006-02-08 00:00:00+09:00,2215.3787644159224,2215.3787644159224,2201.401611328125,2201.401611328125,4000,0.0,0.0
2006-02-09 00:00:00+09:00,2201.401611328125,2218.8730526878717,2201.401611328125,2201.401611328125,20000,0.0,0.0
2006-02-10 00:00:00+09:00,2201.4018994372036,2211.884765625,2201.4018994372036,2211.884765625,16000,0.0,0.0
2006-02-13 00:00:00+09:00,2201.401611328125,2201.401611328125,2201.401611328125,2201.401611328125,0,0.0,0.0
2006-02-14 00:00:00+09:00,2201.4015657707832,2236.344447767145,2131.51580177806,2190.918701171875,42000,0.0,0.0
2006-02-15 00:00:00+09:00,2201.4020600740814,2201.4020600740814,2093.0791015625,2093.0791015625,54000,0.0,0.0
2006-02-16 00:00:00+09:00,2096.57373046875,2096.57373046875,2093.079440917969,2096.57373046875,14000,0.0,0.0
2006-02-17 00:00:00+09:00,2054.6417935646186,2061.63037109375,2054.6417935646186,2061.63037109375,22000,0.0,0.0
2006-02-20 00:00:00+09:00,2019.6987180257304,2019.6987180257304,1974.272968312349,1988.2501220703125,16000,0.0,0.0
2006-02-21 00:00:00+09:00,1984.755918560606,1984.755918560606,1956.8016098484848,1960.2958984375,20000,0.0,0.0
2006-02-22 00:00:00+09:00,1956.8017939814813,1956.8017939814813,1886.9160156249998,1886.916015625,14000,0.0,0.0
2006-02-23 00:00:00+09:00,1851.9731354044977,1869.444580078125,1768.1102009710864,1869.444580078125,78000,0.0,0.0
2006-02-24 00:00:00+09:00,1865.9500732421875,1869.4443617688582,1865.9500732421875,1865.9500732421875,34000,0.0,0.0
2006-02-27 00:00:00+09:00,1890.4104068270597,1939.3304543235085,1890.4104068270597,1921.8590087890625,20000,0.0,0.0
2006-02-28 00:00:00+09:00,1921.8591575414107,1921.8591575414107,1918.3648681640627,1918.3648681640625,12000,0.0,0.0
2006-03-01 00:00:00+09:00,1900.8934363698013,1956.8020668512659,1900.8934363698013,1932.342041015625,32000,0.0,0.0
2006-03-02 00:00:00+09:00,1932.3415070384583,1988.2501220703125,1893.9043342040586,1988.2501220703125,18000,0.0,0.0
2006-03-03 00:00:00+09:00,1984.7562155731891,2054.641997811682,1984.7562155731891,2002.2276611328125,12000,0.0,0.0
2006-03-06 00:00:00+09:00,2002.2273017990756,2002.2273017990756,1984.755859375,1984.755859375,32000,0.0,0.0
2006-03-07 00:00:00+09:00,1984.756121891801,1984.756121891801,1949.813232421875,1949.813232421875,20000,0.0,0.0
2006-03-08 00:00:00+09:00,1949.8134880410828,1949.8134880410828,1932.342041015625,1932.342041015625,32000,0.0,0.0
2006-03-09 00:00:00+09:00,1928.8477749482042,1939.3306432903141,1893.904880474505,1897.399169921875,26000,0.0,0.0
2006-03-10 00:00:00+09:00,1932.3416587599218,1967.2845458984375,1932.3416587599218,1967.2845458984375,6000,0.0,0.0
2006-03-13 00:00:00+09:00,2002.227512904576,2002.227512904576,1956.8017578125,1956.8017578125,14000,0.0,0.0
2006-03-14 00:00:00+09:00,1956.8017578125,1956.8017578125,1956.8017578125,1956.8017578125,8000,0.0,0.0
2006-03-15 00:00:00+09:00,1956.8017578125,1956.8017578125,1956.8017578125,1956.8017578125,6000,0.0,0.0
2006-03-16 00:00:00+09:00,1956.8015514964789,1984.755859375,1949.8129745268484,1984.755859375,20000,0.0,0.0
2006-03-17 00:00:00+09:00,1956.8017578125,2019.698957170759,1956.8017578125,1956.8017578125,0,0.0,0.0
2006-03-20 00:00:00+09:00,1984.755918560606,1984.755918560606,1960.2958984375,1960.2958984375,10000,0.0,0.0
2006-03-21 00:00:00+09:00,1960.2958984375,1960.2958984375,1960.2958984375,1960.2958984375,0,0.0,0.0
2006-03-22 00:00:00+09:00,1956.8016098484848,1960.2958984375,1956.8016098484848,1960.2958984375,6000,0.0,0.0
2006-03-23 00:00:00+09:00,1960.2960466657366,1960.2960466657366,1956.8017578125,1956.8017578125,12000,0.0,0.0
2006-03-24 00:00:00+09:00,1960.2960466657366,1960.2960466657366,1956.8017578125,1956.8017578125,4000,0.0,0.0
2006-03-27 00:00:00+09:00,1956.8017578125,1956.8017578125,1956.8017578125,1956.8017578125,2000,0.0,0.0
2006-03-28 00:00:00+09:00,1891.7508544921875,2004.271351413656,1891.7508544921875,1891.7508544921875,0,17.5,0.0
2006-03-29 00:00:00+09:00,1933.946169133772,2004.271484375,1933.946169133772,2004.271484375,8000,0.0,0.0
2006-03-30 00:00:00+09:00,2039.4336192255435,2039.4336192255435,2021.852294921875,2021.852294921875,8000,0.0,0.0
2006-03-31 00:00:00+09:00,2039.434676106771,2109.760009765625,2039.434676106771,2109.760009765625,10000,0.0,0.0
2006-04-03 00:00:00+09:00,2109.7593649839746,2109.7593649839746,2021.8527247763088,2057.015380859375,32000,0.0,0.0
2006-04-04 00:00:00+09:00,2057.015380859375,2057.015380859375,2021.8527247763088,2057.015380859375,42000,0.0,0.0
2006-04-05 00:00:00+09:00,2049.983122741284,2071.0807192017432,2039.4343245110545,2067.564453125,42000,0.0,0.0
2006-04-06 00:00:00+09:00,2042.950531322651,2046.4667972973887,2004.2716056005352,2032.4017333984375,22000,0.0,0.0
2006-04-07 00:00:00+09:00,2032.4017333984375,2032.4017333984375,2032.4017333984375,2032.4017333984375,2000,0.0,0.0
2006-04-10 00:00:00+09:00,1976.1412718683227,2057.015380859375,1976.1412718683227,2057.015380859375,28000,0.0,0.0
2006-04-11 00:00:00+09:00,2039.4343261718748,2039.4343261718748,2039.4343261718748,2039.434326171875,14000,0.0,0.0
2006-04-12 00:00:00+09:00,2039.4339930259794,2092.1779756042374,2039.4339930259794,2064.0478515625,14000,0.0,0.0
2006-04-13 00:00:00+09:00,2004.2713321612305,2007.7875976562502,2004.2713321612305,2007.78759765625,4000,0.0,0.0
2006-04-14 00:00:00+09:00,2011.30398478836,2011.30398478836,1993.72265625,1993.72265625,10000,0.0,0.0
2006-04-17 00:00:00+09:00,2014.8204345703125,2014.8204345703125,2014.8204345703125,2014.8204345703125,8000,0.0,0.0
2006-04-18 00:00:00+09:00,2004.271484375,2004.271484375,2004.271484375,2004.271484375,2000,0.0,0.0
2006-04-19 00:00:00+09:00,2004.271484375,2004.271484375,2004.271484375,2004.271484375,2000,0.0,0.0
2006-04-20 00:00:00+09:00,2004.271484375,2004.271484375,2004.271484375,2004.271484375,2000,0.0,0.0
2006-04-21 00:00:00+09:00,1969.1084962653779,2000.7548828125002,1933.9458445463533,2000.7548828125,46000,0.0,0.0
2006-04-24 00:00:00+09:00,2000.755069607486,2035.917724609375,1979.6574766063525,2035.917724609375,12000,0.0,0.0
2006-04-25 00:00:00+09:00,2046.4665211099416,2046.4665211099416,2035.917724609375,2035.917724609375,24000,0.0,0.0
2006-04-26 00:00:00+09:00,2028.8854674236998,2032.4017333984375,2028.8854674236998,2032.4017333984375,4000,0.0,0.0
2006-04-27 00:00:00+09:00,2035.917724609375,2035.917724609375,2035.917724609375,2035.917724609375,2000,0.0,0.0
2006-04-28 00:00:00+09:00,2035.917724609375,2035.917724609375,2035.917724609375,2035.917724609375,2000,0.0,0.0
2006-05-01 00:00:00+09:00,2074.597342936198,2144.922676595052,2074.597342936198,2109.760009765625,74000,0.0,0.0
2006-05-02 00:00:00+09:00,2109.759430987438,2137.8895567339373,2109.759430987438,2134.373291015625,58000,0.0,0.0
2006-05-03 00:00:00+09:00,2134.373291015625,2134.373291015625,2134.373291015625,2134.373291015625,0,0.0,0.0
2006-05-04 00:00:00+09:00,2134.373291015625,2134.373291015625,2134.373291015625,2134.373291015625,0,0.0,0.0
2006-05-05 00:00:00+09:00,2134.373291015625,2134.373291015625,2134.373291015625,2134.373291015625,0,0.0,0.0
2006-05-08 00:00:00+09:00,2246.8935903695915,2320.7351637620195,2246.8935903695915,2285.572509765625,72000,0.0,0.0
2006-05-09 00:00:00+09:00,2285.572509765625,2285.572509765625,2285.572509765625,2285.572509765625,6000,0.0,0.0
2006-05-10 00:00:00+09:00,2285.572509765625,2285.572509765625,2285.572509765625,2285.572509765625,2000,0.0,0.0
2006-05-11 00:00:00+09:00,2151.954833984375,2162.5036321901807,2151.954833984375,2151.954833984375,8000,0.0,0.0
2006-05-12 00:00:00+09:00,2127.340566781851,2285.572509765625,2127.340566781851,2285.572509765625,24000,0.0,0.0
2006-05-15 00:00:00+09:00,2303.153960901663,2320.735288847477,2296.1214297233373,2299.6376953125,60000,0.0,0.0
2006-05-16 00:00:00+09:00,2299.637563615191,2299.637563615191,2215.247194308212,2229.312255859375,8000,0.0,0.0
2006-05-17 00:00:00+09:00,2148.438806939894,2180.085205078125,2148.438806939894,2180.085205078125,10000,0.0,0.0
2006-05-18 00:00:00+09:00,2148.438144325824,2173.052001953125,2032.4013869399776,2173.052001953125,16000,0.0,0.0
2006-05-19 00:00:00+09:00,2162.5030547158976,2190.6331757528524,2162.5030547158976,2176.568115234375,48000,0.0,0.0
2006-05-22 00:00:00+09:00,2211.731292627728,2218.763824559772,2194.149962797619,2215.24755859375,32000,0.0,0.0
2006-05-23 00:00:00+09:00,2215.2477115212637,2215.2477115212637,2211.7314453125,2211.7314453125,4000,0.0,0.0
2006-05-24 00:00:00+09:00,2197.6662295424285,2211.7312934115002,2187.117431640625,2187.117431640625,34000,0.0,0.0
2006-05-25 00:00:00+09:00,2123.824462890625,2127.3407285576627,2123.824462890625,2123.824462890625,6000,0.0,0.0
2006-05-26 00:00:00+09:00,2102.7268358716274,2102.7268358716274,2085.1455078125,2085.1455078125,4000,0.0,0.0
2006-05-29 00:00:00+09:00,2109.759430987438,2180.0847453536862,2109.759430987438,2134.373291015625,138000,0.0,0.0
2006-05-30 00:00:00+09:00,2137.8891929214406,2173.0518441208064,2137.8891929214406,2148.43798828125,50000,0.0,0.0
2006-05-31 00:00:00+09:00,2144.9217501095814,2144.9217501095814,2130.856689453125,2130.856689453125,8000,0.0,0.0
2006-06-01 00:00:00+09:00,2162.503173828125,2162.503173828125,2144.9218472116363,2162.503173828125,20000,0.0,0.0
2006-06-02 00:00:00+09:00,2162.503872779108,2194.1502709173387,2162.503872779108,2180.085205078125,118000,0.0,0.0
2006-06-05 00:00:00+09:00,2180.085205078125,2190.6340044575354,2180.085205078125,2180.085205078125,54000,0.0,0.0
2006-06-06 00:00:00+09:00,2180.085205078125,2180.085205078125,2176.5689386183217,2180.085205078125,22000,0.0,0.0
2006-06-07 00:00:00+09:00,2180.0848080011215,2180.0848080011215,2144.922149807555,2155.470947265625,38000,0.0,0.0
2006-06-08 00:00:00+09:00,2162.503447168293,2162.503447168293,2116.7919921875,2116.7919921875,18000,0.0,0.0
2006-06-09 00:00:00+09:00,2162.5031864363264,2246.8935546875,2144.9218597173317,2246.8935546875,8000,0.0,0.0
2006-06-12 00:00:00+09:00,2246.8938903808594,2264.4752197265625,2246.8938903808594,2250.41015625,30000,0.0,0.0
2006-06-13 00:00:00+09:00,2250.41015625,2250.41015625,2215.2474975585938,2250.41015625,42000,0.0,0.0
2006-06-14 00:00:00+09:00,2180.085205078125,2250.4105342741937,2180.085205078125,2180.085205078125,0,0.0,0.0
2006-06-15 00:00:00+09:00,2246.8938903808594,2250.41015625,2229.3125610351562,2250.41015625,6000,0.0,0.0
2006-06-16 00:00:00+09:00,2173.052001953125,2243.3773094596986,2173.052001953125,2173.052001953125,0,0.0,0.0
2006-06-19 00:00:00+09:00,2239.860654527559,2239.860654527559,2232.828125,2232.828125,10000,0.0,0.0
2006-06-20 00:00:00+09:00,2232.828125,2232.828125,2232.828125,2232.828125,6000,0.0,0.0
2006-06-21 00:00:00+09:00,2232.8288876524543,2243.377685546875,2232.8288876524543,2243.377685546875,16000,0.0,0.0
2006-06-22 00:00:00+09:00,2250.41015625,2250.41015625,2250.41015625,2250.41015625,2000,0.0,0.0
2006-06-23 00:00:00+09:00,2232.828125,2232.828125,2232.828125,2232.828125,2000,0.0,0.0
2006-06-26 00:00:00+09:00,2236.34521484375,2236.34521484375,2232.8289487826746,2236.34521484375,22000,0.0,0.0
2006-06-27 00:00:00+09:00,2236.3449375,2236.3449375,2197.666015625,2197.666015625,8000,0.0,0.0
2006-06-28 00:00:00+09:00,2194.14990234375,2250.41015625,2194.14990234375,2250.41015625,6000,0.0,0.0
2006-06-29 00:00:00+09:00,2250.41015625,2250.41015625,2250.41015625,2250.41015625,2000,0.0,0.0
2006-06-30 00:00:00+09:00,2285.5727015904017,2461.385986328125,2285.5727015904017,2461.385986328125,16000,0.0,0.0
2006-07-03 00:00:00+09:00,2285.572581571691,2461.385857077206,2285.572581571691,2391.060546875,19200,0.0,0.0
2006-07-04 00:00:00+09:00,2464.902344094345,2493.032470703125,2461.3860782682477,2493.032470703125,12800,0.0,0.0
2006-07-05 00:00:00+09:00,2489.515711372147,2489.515711372147,2461.3855903396934,2464.90185546875,4800,0.0,0.0
2006-07-06 00:00:00+09:00,2475.4507000366034,2475.4507000366034,2401.609130859375,2401.609130859375,5000,0.0,0.0
2006-07-07 00:00:00+09:00,2464.902252022879,2471.9347834123882,2401.6094695172987,2461.385986328125,7600,0.0,0.0
2006-07-10 00:00:00+09:00,2457.8697206333704,2461.385986328125,2408.642000906808,2461.385986328125,6400,0.0,0.0
2006-07-11 00:00:00+09:00,2408.6415212870006,2408.6415212870006,2303.1535714496135,2331.28369140625,10000,0.0,0.0
2006-07-12 00:00:00+09:00,2331.2840563205377,2331.2840563205377,2267.99127651093,2317.218994140625,2600,0.0,0.0
2006-07-13 00:00:00+09:00,2282.0563075367995,2317.21896250655,2282.0563075367995,2306.670166015625,2000,0.0,0.0
2006-07-14 00:00:00+09:00,2282.056208125489,2282.056208125489,2246.8935546875,2246.8935546875,5600,0.0,0.0
2006-07-17 00:00:00+09:00,2246.8935546875,2246.8935546875,2246.8935546875,2246.8935546875,0,0.0,0.0
2006-07-18 00:00:00+09:00,2250.41015625,2250.41015625,2166.019775390625,2250.41015625,6400,0.0,0.0
2006-07-19 00:00:00+09:00,2250.4102476599064,2260.959045695812,2246.893981647938,2253.926513671875,13000,0.0,0.0
2006-07-20 00:00:00+09:00,2253.9261174187113,2260.958648206289,2253.9261174187113,2257.4423828125,6200,0.0,0.0
2006-07-21 00:00:00+09:00,2250.409852024922,2257.4423828125,2250.409852024922,2257.4423828125,1200,0.0,0.0
2006-07-24 00:00:00+09:00,2264.474913600078,2264.474913600078,2250.409852024922,2257.4423828125,1600,0.0,0.0
2006-07-25 00:00:00+09:00,2257.4423507188967,2257.4423507188967,2246.8935546875,2246.8935546875,2000,0.0,0.0
2006-07-26 00:00:00+09:00,2243.377317410538,2243.377317410538,2229.312255859375,2229.312255859375,400,0.0,0.0
2006-07-27 00:00:00+09:00,2180.0845004446137,2190.633296414507,2144.9218472116363,2162.503173828125,3400,0.0,0.0
2006-07-28 00:00:00+09:00,2162.503173828125,2162.503173828125,2162.503173828125,2162.503173828125,1200,0.0,0.0
2006-07-31 00:00:00+09:00,2162.5035691034227,2215.24755859375,2155.471037171379,2215.24755859375,10800,0.0,0.0
2006-08-01 00:00:00+09:00,2215.2478696761596,2215.2478696761596,2180.085205078125,2180.085205078125,2800,0.0,0.0
2006-08-02 00:00:00+09:00,2180.0847135632243,2180.0847135632243,2092.178071887288,2123.824462890625,16600,0.0,0.0
2006-08-03 00:00:00+09:00,2123.824922329971,2130.857455185368,2113.276123046875,2113.276123046875,19600,0.0,0.0
2006-08-04 00:00:00+09:00,2137.8895567339373,2144.922088170562,2134.373291015625,2134.373291015625,13800,0.0,0.0
2006-08-07 00:00:00+09:00,2134.373291015625,2137.8895567339373,2127.340759579,2134.373291015625,19000,0.0,0.0
2006-08-08 00:00:00+09:00,2116.791962424063,2134.373291015625,2099.210633832501,2134.373291015625,16800,0.0,0.0
2006-08-09 00:00:00+09:00,2134.3733210262667,2134.3733210262667,2106.24319488424,2116.7919921875,11400,0.0,0.0
2006-08-10 00:00:00+09:00,2106.243590191478,2113.276123046875,2074.59719234219,2113.276123046875,13200,0.0,0.0
2006-08-11 00:00:00+09:00,2173.0525170160968,2211.7314453125,2169.536250807333,2211.7314453125,8600,0.0,0.0
2006-08-14 00:00:00+09:00,2166.019775390625,2267.991485595703,2166.019775390625,2250.41015625,4000,0.0,0.0
2006-08-15 00:00:00+09:00,2317.2190276644124,2355.89794921875,2310.186496472714,2355.89794921875,29400,0.0,0.0
2006-08-16 00:00:00+09:00,2461.385830965909,2461.385830965909,2391.0605215097403,2436.77197265625,21200,0.0,0.0
2006-08-17 00:00:00+09:00,2457.8693999610996,2566.873622276971,2457.8693999610996,2542.259765625,54600,0.0,0.0
2006-08-18 00:00:00+09:00,2496.5480448404946,2531.710693359375,2496.5480448404946,2531.710693359375,3200,0.0,0.0
2006-08-21 00:00:00+09:00,2531.7112400968313,2542.260036930568,2461.385927871919,2496.548583984375,9400,0.0,0.0
2006-08-22 00:00:00+09:00,2461.3860161870502,2489.516142086331,2398.093232913669,2443.8046875,11600,0.0,0.0
2006-08-23 00:00:00+09:00,2478.9671846277574,2496.548512178309,2391.060546875,2391.060546875,5400,0.0,0.0
2006-08-24 00:00:00+09:00,2345.349274315537,2373.479400544209,2341.833008536953,2369.963134765625,5800,0.0,0.0
2006-08-25 00:00:00+09:00,2433.256162976809,2454.353759765625,2398.0935016621147,2454.353759765625,3200,0.0,0.0
2006-08-28 00:00:00+09:00,2440.2881372214774,2440.2881372214774,2369.962830673308,2376.995361328125,1200,0.0,0.0
2006-08-29 00:00:00+09:00,2376.995758468422,2376.995758468422,2341.833099319481,2345.349365234375,7200,0.0,0.0
2006-08-30 00:00:00+09:00,2341.8328846358104,2391.0606029314577,2327.767822265625,2327.767822265625,7200,0.0,0.0
2006-08-31 00:00:00+09:00,2376.995542793843,2380.511808389692,2345.349152431203,2355.89794921875,2400,0.0,0.0
2006-09-01 00:00:00+09:00,2366.4467460062965,2373.479277197994,2341.832886835354,2355.89794921875,7200,0.0,0.0
2006-09-04 00:00:00+09:00,2362.9304227941175,2426.2232019761027,2362.9304227941175,2391.060546875,12200,0.0,0.0
2006-09-05 00:00:00+09:00,2391.060490262681,2426.22314453125,2376.9954285552535,2426.22314453125,2400,0.0,0.0
2006-09-06 00:00:00+09:00,2426.22314453125,2426.22314453125,2376.9954285552535,2426.22314453125,2400,0.0,0.0
2006-09-07 00:00:00+09:00,2376.995544973728,2384.028076171875,2376.995544973728,2384.028076171875,800,0.0,0.0
2006-09-08 00:00:00+09:00,2355.89794921875,2355.89794921875,2355.89794921875,2355.89794921875,1800,0.0,0.0
2006-09-11 00:00:00+09:00,2338.316650390625,2341.83291603031,2334.80038475094,2338.316650390625,16800,0.0,0.0
2006-09-12 00:00:00+09:00,2320.7351637620195,2320.7351637620195,2257.44238656851,2285.572509765625,12600,0.0,0.0
2006-09-13 00:00:00+09:00,2250.410037878788,2320.7353515625,2250.410037878788,2320.7353515625,23800,0.0,0.0
2006-09-14 00:00:00+09:00,2292.6048882128457,2317.21874437464,2285.5723578809043,2289.088623046875,7600,0.0,0.0
2006-09-15 00:00:00+09:00,2341.8327561598558,2341.8327561598558,2285.572509765625,2285.572509765625,12600,0.0,0.0
2006-09-18 00:00:00+09:00,2285.572509765625,2285.572509765625,2285.572509765625,2285.572509765625,0,0.0,0.0
2006-09-19 00:00:00+09:00,2282.0562164539597,2303.15380859375,2282.0562164539597,2303.15380859375,29000,0.0,0.0
2006-09-20 00:00:00+09:00,2313.702820194129,2320.7353515625,2303.154023141572,2320.7353515625,14000,0.0,0.0
2006-09-21 00:00:00+09:00,2289.0888414497836,2338.316558470209,2289.0888414497836,2334.80029296875,20200,0.0,0.0
2006-09-22 00:00:00+09:00,2341.832945667614,2348.865477035985,2317.219085878314,2320.7353515625,17400,0.0,0.0
2006-09-25 00:00:00+09:00,2355.8983462665824,2355.8983462665824,2317.219418193549,2352.382080078125,4400,0.0,0.0
2006-09-26 00:00:00+09:00,2391.060636840639,2391.060636840639,2324.2515896347977,2366.44677734375,13400,0.0,0.0
2006-09-27 00:00:00+09:00,2373.4792193244484,2391.060546875,2373.4792193244484,2391.060546875,4200,0.0,0.0
2006-09-28 00:00:00+09:00,2454.353363342722,2482.4834878509478,2426.2232388344955,2457.86962890625,48200,0.0,0.0
2006-09-29 00:00:00+09:00,2426.223511098078,2443.8048408886434,2408.642181307512,2412.158447265625,17600,0.0,0.0
2006-10-02 00:00:00+09:00,2345.349819365002,2376.996218726749,2345.349819365002,2362.93115234375,11400,0.0,0.0
2006-10-03 00:00:00+09:00,2419.1907002314815,2419.1907002314815,2373.479248046875,2373.479248046875,5000,0.0,0.0
2006-10-04 00:00:00+09:00,2366.446621548306,2366.446621548306,2338.3164982609565,2341.832763671875,11400,0.0,0.0
2006-10-05 00:00:00+09:00,2373.478950444799,2408.6416015625,2362.930155109489,2408.6416015625,28000,0.0,0.0
2006-10-06 00:00:00+09:00,2398.0932318674945,2426.2233577545035,2387.5444346598665,2415.674560546875,42800,0.0,0.0
2006-10-09 00:00:00+09:00,2415.674560546875,2415.674560546875,2415.674560546875,2415.674560546875,0,0.0,0.0
2006-10-10 00:00:00+09:00,2415.6745594681975,2433.255888139727,2387.54443359375,2387.54443359375,39600,0.0,0.0
2006-10-11 00:00:00+09:00,2387.5442813648897,2391.060546875,2384.0280158547794,2391.060546875,9800,0.0,0.0
2006-10-12 00:00:00+09:00,2320.735293260261,2355.89794921875,2267.9913093225277,2355.89794921875,55200,0.0,0.0
2006-10-13 00:00:00+09:00,2355.8979202835644,2391.060575810185,2355.8979202835644,2373.479248046875,4800,0.0,0.0
2006-10-16 00:00:00+09:00,2426.2233293805803,2464.902252022879,2391.0606724330355,2461.385986328125,38200,0.0,0.0
2006-10-17 00:00:00+09:00,2426.2233588129498,2461.3860161870502,2426.2233588129498,2443.8046875,22600,0.0,0.0
2006-10-18 00:00:00+09:00,2440.2882062386775,2461.3857987998185,2426.22314453125,2426.22314453125,6200,0.0,0.0
2006-10-19 00:00:00+09:00,2531.711242165738,2566.873898306929,2507.0973828669044,2524.6787109375,99800,0.0,0.0
2006-10-20 00:00:00+09:00,2570.3900513022577,2686.4268114841652,2570.3900513022577,2623.134033203125,181200,0.0,0.0
2006-10-23 00:00:00+09:00,2704.0088181569786,2728.6226825615286,2682.911220095936,2714.5576171875,67400,0.0,0.0
2006-10-24 00:00:00+09:00,2795.4312720514113,2805.980069304436,2714.557159778226,2725.10595703125,66000,0.0,0.0
2006-10-25 00:00:00+09:00,2767.301239013672,2767.301239013672,2675.8783264160156,2700.4921875,33800,0.0,0.0
2006-10-26 00:00:00+09:00,2707.524657562336,2714.5571891404197,2668.845733882874,2679.39453125,51400,0.0,0.0
2006-10-27 00:00:00+09:00,2689.9432995211696,2746.2035515372986,2686.4270337701614,2725.10595703125,31800,0.0,0.0
2006-10-30 00:00:00+09:00,2725.1061408510445,2725.1061408510445,2704.008544921875,2704.008544921875,17600,0.0,0.0
2006-10-31 00:00:00+09:00,2704.0088181569786,2725.1064162180214,2700.4925518134714,2714.5576171875,20800,0.0,0.0
2006-11-01 00:00:00+09:00,2735.6544122521623,2735.6544122521623,2689.942963204247,2693.459228515625,12800,0.0,0.0
2006-11-02 00:00:00+09:00,2693.4595358824117,2763.784850135216,2675.8782073192106,2742.687255859375,43400,0.0,0.0
2006-11-03 00:00:00+09:00,2742.687255859375,2742.687255859375,2742.687255859375,2742.687255859375,0,0.0,0.0
2006-11-06 00:00:00+09:00,2883.3376681789737,2988.825631648936,2711.040661178035,2809.49609375,109000,0.0,0.0
2006-11-07 00:00:00+09:00,2844.659367629717,2900.9196270636794,2795.431640625,2795.431640625,62600,0.0,0.0
2006-11-08 00:00:00+09:00,2735.654876986057,2742.687408803502,2707.5247497162777,2711.041015625,36200,0.0,0.0
2006-11-09 00:00:00+09:00,2711.040349187078,2813.012035472973,2689.9427589210304,2732.137939453125,22400,0.0,0.0
2006-11-10 00:00:00+09:00,2637.1994018554688,2777.8500366210938,2531.71142578125,2700.4921875,46400,0.0,0.0
2006-11-13 00:00:00+09:00,2644.231423611111,2742.686848958333,2640.715158420139,2689.94287109375,49400,0.0,0.0
2006-11-14 00:00:00+09:00,2707.5250845004857,2788.39921040115,2696.9762854699643,2714.5576171875,50600,0.0,0.0
2006-11-15 00:00:00+09:00,2798.9472797780795,2809.49607605865,2665.329193557518,2668.845458984375,33800,0.0,0.0
2006-11-16 00:00:00+09:00,2633.682498521539,2682.9102087742776,2633.682498521539,2647.74755859375,25000,0.0,0.0
2006-11-17 00:00:00+09:00,2682.9105460241076,2682.9105460241076,2623.134033203125,2623.134033203125,23400,0.0,0.0
2006-11-20 00:00:00+09:00,2658.296935873259,2672.3619990260277,2549.2926964393027,2651.264404296875,55600,0.0,0.0
2006-11-21 00:00:00+09:00,2651.264823004372,2725.1064162180214,2647.748556660865,2714.5576171875,54000,0.0,0.0
2006-11-22 00:00:00+09:00,2707.52462827621,2728.622222782258,2672.361970766129,2725.10595703125,21400,0.0,0.0
2006-11-23 00:00:00+09:00,2725.10595703125,2725.10595703125,2725.10595703125,2725.10595703125,0,0.0,0.0
2006-11-24 00:00:00+09:00,2760.2684144111017,2890.3702377655104,2675.8780425055397,2876.30517578125,64200,0.0,0.0
2006-11-27 00:00:00+09:00,2770.817210899297,2876.30517578125,2770.817210899297,2876.30517578125,27000,0.0,0.0
2006-11-28 00:00:00+09:00,2774.3335299682617,2848.1751068115236,2774.3335299682617,2813.012451171875,15400,0.0,0.0
2006-11-29 00:00:00+09:00,2841.1429449432526,2841.1429449432526,2827.077880859375,2827.077880859375,8000,0.0,0.0
2006-11-30 00:00:00+09:00,2827.0772135416664,2827.0772135416664,2689.94287109375,2689.94287109375,44600,0.0,0.0
2006-12-01 00:00:00+09:00,2689.943267662488,2704.008330499939,2675.878204825037,2686.427001953125,20800,0.0,0.0
2006-12-04 00:00:00+09:00,2686.427369449013,2689.9436356393912,2637.199642783717,2672.3623046875,28400,0.0,0.0
2006-12-05 00:00:00+09:00,2672.361550472995,2742.6868544328104,2672.361550472995,2718.072998046875,24200,0.0,0.0
2006-12-06 00:00:00+09:00,2774.3334612613476,2774.3334612613476,2728.6220100618575,2735.654541015625,21800,0.0,0.0
2006-12-07 00:00:00+09:00,2725.1055284428567,2763.7844456207554,2647.7476940870592,2718.072998046875,34200,0.0,0.0
2006-12-08 00:00:00+09:00,2718.073547442445,2742.687408803502,2679.394622446498,2711.041015625,16800,0.0,0.0
2006-12-11 00:00:00+09:00,2679.394439496756,2704.0082991771724,2675.878173828125,2675.878173828125,7600,0.0,0.0
2006-12-12 00:00:00+09:00,2711.0406404741593,2711.0406404741593,2595.0038815433586,2640.71533203125,34800,0.0,0.0
2006-12-13 00:00:00+09:00,2644.232056316845,2658.2971204461896,2602.0368639288104,2630.1669921875,22400,0.0,0.0
2006-12-14 00:00:00+09:00,2602.036683262185,2665.3294674496433,2573.906556956648,2651.264404296875,26400,0.0,0.0
2006-12-15 00:00:00+09:00,2679.3941351214366,2760.2682363127665,2672.3616045830604,2682.910400390625,53400,0.0,0.0
2006-12-18 00:00:00+09:00,2707.52462827621,2735.6547542842745,2689.9432995211696,2725.10595703125,38200,0.0,0.0
2006-12-19 00:00:00+09:00,2742.6868597951343,2753.235655409731,2707.5242077464786,2746.203125,26800,0.0,0.0
2006-12-20 00:00:00+09:00,2756.7519206145967,2760.268185819462,2679.3940861075544,2746.203125,40600,0.0,0.0
2006-12-21 00:00:00+09:00,2749.7193902048652,2753.235655409731,2704.0079425416134,2746.203125,55200,0.0,0.0
2006-12-22 00:00:00+09:00,2746.2031302603177,2777.849517164726,2746.2031302603177,2774.333251953125,86200,0.0,0.0
2006-12-25 00:00:00+09:00,2774.3336472731366,2774.3336472731366,2714.557130158253,2742.687255859375,33200,0.0,0.0
2006-12-26 00:00:00+09:00,2774.3338317098496,2777.85009765625,2714.5573106210445,2777.85009765625,17800,0.0,0.0
2006-12-27 00:00:00+09:00,2725.10595703125,2735.6547542842745,2718.073425529234,2725.10595703125,4800,0.0,0.0
2006-12-28 00:00:00+09:00,2742.687255859375,2742.687255859375,2721.5896615835336,2742.687255859375,9400,0.0,0.0
2006-12-29 00:00:00+09:00,2742.6873173604486,2795.431304232765,2742.6873173604486,2763.784912109375,6600,0.0,0.0
2007-01-04 00:00:00+09:00,2795.4317025067976,2795.4317025067976,2756.7527732897224,2788.399169921875,5400,0.0,0.0
2007-01-05 00:00:00+09:00,2735.6543293854033,2746.203125,2689.942881722151,2746.203125,9400,0.0,0.0
2007-01-09 00:00:00+09:00,2760.2688288809686,2770.817626953125,2725.106168640447,2770.817626953125,11400,0.0,0.0
2007-01-10 00:00:00+09:00,2742.6871934047963,2742.6871934047963,2721.589599609375,2721.589599609375,7400,0.0,0.0
2007-01-11 00:00:00+09:00,2707.52481091007,2707.52481091007,2704.008544921875,2704.008544921875,11000,0.0,0.0
2007-01-12 00:00:00+09:00,2704.0082991771724,2704.0082991771724,2654.7805798163395,2675.878173828125,14800,0.0,0.0
2007-01-15 00:00:00+09:00,2707.52481091007,2711.0410768982647,2700.49227893368,2704.008544921875,21400,0.0,0.0
2007-01-16 00:00:00+09:00,2704.008271446524,2742.6871934047963,2689.943208916243,2721.589599609375,41200,0.0,0.0
2007-01-17 00:00:00+09:00,2749.7199096679688,2760.2687072753906,2725.1060485839844,2756.75244140625,16400,0.0,0.0
2007-01-18 00:00:00+09:00,2756.752228597522,2774.3335565860266,2756.752228597522,2767.301025390625,21600,0.0,0.0
2007-01-19 00:00:00+09:00,2760.2681911067216,2774.333251953125,2753.2356606835197,2774.333251953125,38000,0.0,0.0
2007-01-22 00:00:00+09:00,2784.882047587928,2784.882047587928,2770.816986741524,2774.333251953125,11000,0.0,0.0
2007-01-23 00:00:00+09:00,2774.334043337264,2795.431640625,2760.2689784787735,2795.431640625,23200,0.0,0.0
2007-01-24 00:00:00+09:00,2805.979888571401,2809.496154095926,2795.431091997824,2802.463623046875,10800,0.0,0.0
2007-01-25 00:00:00+09:00,2784.882232241625,2809.4960903548713,2781.365966796875,2781.365966796875,4800,0.0,0.0
2007-01-26 00:00:00+09:00,2795.4311233520507,2820.044982299805,2753.2359365844727,2813.012451171875,26800,0.0,0.0
2007-01-29 00:00:00+09:00,2813.0126953125,2813.0126953125,2781.3663024902344,2784.882568359375,2600,0.0,0.0
2007-01-30 00:00:00+09:00,2784.882414410828,2784.882414410828,2760.2685546875,2760.2685546875,3400,0.0,0.0
2007-01-31 00:00:00+09:00,2746.203643798828,2760.2687072753906,2714.5572509765625,2756.75244140625,7200,0.0,0.0
2007-02-01 00:00:00+09:00,2756.7521947487116,2756.7521947487116,2725.1058047579736,2728.6220703125,5400,0.0,0.0
2007-02-02 00:00:00+09:00,2728.6225825471697,2795.431640625,2728.6225825471697,2795.431640625,17600,0.0,0.0
2007-02-05 00:00:00+09:00,2767.3009303075796,2770.8171957844634,2728.6220100618575,2735.654541015625,3400,0.0,0.0
2007-02-06 00:00:00+09:00,2735.6549062994463,2784.8826295490508,2735.6549062994463,2777.85009765625,8800,0.0,0.0
2007-02-07 00:00:00+09:00,2777.8493583659683,2781.3656233765582,2749.71923828125,2749.71923828125,8200,0.0,0.0
2007-02-08 00:00:00+09:00,2777.849910396556,2777.849910396556,2672.361939115674,2686.427001953125,28400,0.0,0.0
2007-02-09 00:00:00+09:00,2767.3008176569356,2809.4960016618697,2767.3008176569356,2805.979736328125,18400,0.0,0.0
2007-02-13 00:00:00+09:00,2848.175384483855,2950.1470957801903,2813.012725416153,2851.691650390625,92600,0.0,0.0
2007-02-14 00:00:00+09:00,2823.560948350694,2879.82119140625,2823.560948350694,2848.1748046875,62000,0.0,0.0
2007-02-15 00:00:00+09:00,2883.337920580905,2883.337920580905,2816.5288712015913,2865.756591796875,23200,0.0,0.0
2007-02-16 00:00:00+09:00,2844.658997256039,2865.756591796875,2841.1427314992334,2865.756591796875,24600,0.0,0.0
2007-02-19 00:00:00+09:00,2813.012169280735,2813.012169280735,2767.3007215299235,2774.333251953125,10200,0.0,0.0
2007-02-20 00:00:00+09:00,2813.0127571202534,2813.0127571202534,2777.85009765625,2777.85009765625,6600,0.0,0.0
2007-02-21 00:00:00+09:00,2777.8501590012297,2777.8501590012297,2770.817626953125,2770.817626953125,11600,0.0,0.0
2007-02-22 00:00:00+09:00,2777.8499154709093,2816.528838344555,2777.8499154709093,2798.947509765625,33400,0.0,0.0
2007-02-23 00:00:00+09:00,2848.1751068115236,2848.1751068115236,2798.947388916016,2813.012451171875,14600,0.0,0.0
2007-02-26 00:00:00+09:00,2813.0123591989986,2813.0123591989986,2777.8497047090113,2809.49609375,4400,0.0,0.0
2007-02-27 00:00:00+09:00,2813.0123591989986,2813.0123591989986,2760.2683774640172,2809.49609375,8800,0.0,0.0
2007-02-28 00:00:00+09:00,2637.199165894813,2746.203398085132,2637.199165894813,2728.6220703125,13000,0.0,0.0
2007-03-01 00:00:00+09:00,2834.110504415761,2834.110504415761,2795.4315769361415,2830.59423828125,41000,0.0,0.0
2007-03-02 00:00:00+09:00,2777.84978807587,2777.84978807587,2728.6220703125,2728.6220703125,9400,0.0,0.0
2007-03-05 00:00:00+09:00,2714.5574112457484,2714.5574112457484,2577.423034252764,2584.45556640625,11800,0.0,0.0
2007-03-06 00:00:00+09:00,2577.4225153688526,2602.03637295082,2566.8737192622953,2573.90625,26800,0.0,0.0
2007-03-07 00:00:00+09:00,2707.524655556614,2707.524655556614,2542.2601635940673,2595.004150390625,22600,0.0,0.0
2007-03-08 00:00:00+09:00,2616.101591572226,2630.166653892507,2566.8738734512435,2598.520263671875,18000,0.0,0.0
2007-03-09 00:00:00+09:00,2619.6179182655615,2623.134183927663,2591.48779296875,2591.48779296875,6800,0.0,0.0
2007-03-12 00:00:00+09:00,2658.2966555034486,2658.2966555034486,2605.5526742434595,2612.585205078125,5800,0.0,0.0
2007-03-13 00:00:00+09:00,2661.8129209207814,2661.8129209207814,2609.0689396607922,2612.585205078125,9600,0.0,0.0
2007-03-14 00:00:00+09:00,2644.2316259634717,2644.2316259634717,2595.0039095226625,2623.134033203125,4200,0.0,0.0
2007-03-15 00:00:00+09:00,2711.0408940272177,2749.719817288307,2704.008362525202,2725.10595703125,10000,0.0,0.0
2007-03-16 00:00:00+09:00,2809.496334070954,2809.496334070954,2637.1993123319344,2696.975830078125,14200,0.0,0.0
2007-03-19 00:00:00+09:00,2696.9759216308594,2700.4921875,2661.813262939453,2700.4921875,1600,0.0,0.0
2007-03-20 00:00:00+09:00,2700.491847826087,2700.491847826087,2665.329193557518,2668.845458984375,13400,0.0,0.0
2007-03-22 00:00:00+09:00,2707.5247192382812,2707.5247192382812,2672.362060546875,2700.4921875,15000,0.0,0.0
2007-03-23 00:00:00+09:00,2700.4917267365663,2700.4917267365663,2675.8778698522488,2682.910400390625,21800,0.0,0.0
2007-03-26 00:00:00+09:00,2700.4916666666663,2700.4916666666663,2661.812749565972,2689.94287109375,7400,0.0,0.0
2007-03-27 00:00:00+09:00,2656.296968460083,2720.048095703125,2649.213509877523,2720.048095703125,7600,27.5,0.0
2007-03-28 00:00:00+09:00,2684.6308027903237,2720.048095703125,2681.089073499044,2720.048095703125,10200,0.0,0.0
2007-03-29 00:00:00+09:00,2720.048095703125,2727.131554285685,2712.964637120565,2720.048095703125,10800,0.0,0.0
2007-03-30 00:00:00+09:00,2720.048095703125,2723.5898249944053,2674.0056149164834,2720.048095703125,10800,0.0,0.0
2007-04-02 00:00:00+09:00,2720.048173592493,2720.048173592493,2638.5883975604265,2642.130126953125,8400,0.0,0.0
2007-04-03 00:00:00+09:00,2705.8811978133267,2705.8811978133267,2645.6717994326636,2677.54736328125,6200,0.0,0.0
2007-04-04 00:00:00+09:00,2691.714111328125,2695.255840421978,2656.296820389597,2691.714111328125,5200,0.0,0.0
2007-04-05 00:00:00+09:00,2666.921875,2674.0053328353256,2663.3801460823374,2666.921875,8200,0.0,0.0
2007-04-06 00:00:00+09:00,2656.296630859375,2656.296630859375,2656.296630859375,2656.296630859375,1000,0.0,0.0
2007-04-09 00:00:00+09:00,2631.5043751184508,2631.5043751184508,2624.420917850299,2627.962646484375,1400,0.0,0.0
2007-04-10 00:00:00+09:00,2666.9223106104773,2666.9223106104773,2592.5459911910616,2610.254638671875,6000,0.0,0.0
2007-04-11 00:00:00+09:00,2642.129561020679,2642.129561020679,2613.795731948071,2627.962646484375,6000,0.0,0.0
2007-04-12 00:00:00+09:00,2656.2964837282702,2691.71377017798,2631.504383213473,2674.005126953125,23000,0.0,0.0
2007-04-13 00:00:00+09:00,2691.713828537269,2691.713828537269,2645.671355154395,2684.63037109375,16800,0.0,0.0
2007-04-16 00:00:00+09:00,2727.131554285685,2727.131554285685,2709.4229078292847,2720.048095703125,49800,0.0,0.0
2007-04-17 00:00:00+09:00,2720.048529411765,2723.59025926777,2691.7146905637255,2709.42333984375,29200,0.0,0.0
2007-04-18 00:00:00+09:00,2727.131478674125,2727.131478674125,2705.881103515625,2705.881103515625,3400,0.0,0.0
2007-04-19 00:00:00+09:00,2705.880676434046,2705.880676434046,2606.712274679919,2627.962646484375,10800,0.0,0.0
2007-04-20 00:00:00+09:00,2627.9631935087796,2627.9631935087796,2535.878229854833,2546.50341796875,20600,0.0,0.0
2007-04-23 00:00:00+09:00,2542.961461003801,2546.5031900581243,2461.501692754376,2504.00244140625,11400,0.0,0.0
2007-04-24 00:00:00+09:00,2426.084603546672,2450.876708984375,2408.375956805455,2450.876708984375,15800,0.0,0.0
2007-04-25 00:00:00+09:00,2450.876516664331,2450.876516664331,2355.249831765578,2369.416748046875,16000,0.0,0.0
2007-04-26 00:00:00+09:00,2369.416843610491,2479.21044921875,2369.416843610491,2479.21044921875,14000,0.0,0.0
2007-04-27 00:00:00+09:00,2479.209970200288,2627.9625684123052,2479.209970200288,2613.795654296875,11600,0.0,0.0
2007-05-01 00:00:00+09:00,2514.6279296875,2528.7948476012325,2415.4595042913734,2514.6279296875,13600,0.0,0.0
2007-05-02 00:00:00+09:00,2496.919632384231,2560.6707719344668,2479.2109825091657,2535.878662109375,13800,0.0,0.0
2007-05-07 00:00:00+09:00,2560.6702971157965,2592.5458609803086,2557.1285677975175,2585.46240234375,10600,0.0,0.0
2007-05-08 00:00:00+09:00,2620.879695526541,2620.879695526541,2557.1285677975175,2585.46240234375,15200,0.0,0.0
2007-05-09 00:00:00+09:00,2585.46240234375,2585.46240234375,2567.7537557523547,2585.46240234375,5200,0.0,0.0
2007-05-10 00:00:00+09:00,2557.1286834286975,2557.1286834286975,2514.6279296875,2514.6279296875,1000,0.0,0.0
2007-05-11 00:00:00+09:00,2479.210160526916,2504.002262132185,2408.3755845118612,2426.084228515625,5400,0.0,0.0
2007-05-14 00:00:00+09:00,2408.3755845118612,2443.7928725193883,2369.416567703581,2426.084228515625,31200,0.0,0.0
2007-05-15 00:00:00+09:00,2496.9188045306796,2496.9188045306796,2422.542499714872,2426.084228515625,19000,0.0,0.0
2007-05-16 00:00:00+09:00,2426.084931786381,2426.084931786381,2372.958984375,2372.958984375,4200,0.0,0.0
2007-05-17 00:00:00+09:00,2390.6674282322883,2390.6674282322883,2330.4580263360676,2333.999755859375,43400,0.0,0.0
2007-05-18 00:00:00+09:00,2337.5411224365234,2337.5411224365234,2231.2892532348633,2266.70654296875,14600,0.0,0.0
2007-05-21 00:00:00+09:00,2266.7068106312295,2266.7068106312295,2057.7447765261627,2132.12109375,39800,0.0,0.0
2007-05-22 00:00:00+09:00,2132.1211827431953,2199.4140439925654,2125.0377236643144,2195.872314453125,52000,0.0,0.0
2007-05-23 00:00:00+09:00,2202.955715215774,2319.832786923363,2202.955715215774,2231.28955078125,36800,0.0,0.0
2007-05-24 00:00:00+09:00,2302.1238327026367,2302.1238327026367,2234.830982208252,2266.70654296875,6600,0.0,0.0
2007-05-25 00:00:00+09:00,2298.582103729248,2319.83247756958,2259.6230850219727,2266.70654296875,18800,0.0,0.0
2007-05-28 00:00:00+09:00,2238.37255859375,2248.9977447896067,2160.454526490803,2238.37255859375,9600,0.0,0.0
2007-05-29 00:00:00+09:00,2277.3319185697114,2280.8736478365386,2202.955603966346,2210.0390625,12600,0.0,0.0
2007-05-30 00:00:00+09:00,2220.6640663146973,2277.331729888916,2217.1223373413086,2266.70654296875,11800,0.0,0.0
2007-05-31 00:00:00+09:00,2266.7067496081504,2273.790208200676,2220.664268756735,2259.623291015625,7600,0.0,0.0
2007-06-01 00:00:00+09:00,2259.623596580165,2259.623596580165,2206.497649952105,2224.206298828125,11600,0.0,0.0
2007-06-04 00:00:00+09:00,2206.497333233173,2213.5807917668267,2195.8721454326924,2210.0390625,23200,0.0,0.0
2007-06-05 00:00:00+09:00,2192.330377989019,2213.58075321993,2096.703689449918,2156.9130859375,37600,0.0,0.0
2007-06-06 00:00:00+09:00,2192.3305849136846,2195.872314453125,2125.0377236643144,2195.872314453125,26000,0.0,0.0
2007-06-07 00:00:00+09:00,2206.496893797682,2263.16455078125,2185.246522428844,2263.16455078125,13400,0.0,0.0
2007-06-08 00:00:00+09:00,2263.1650763882117,2270.24853515625,2227.7477825480205,2270.24853515625,15600,0.0,0.0
2007-06-11 00:00:00+09:00,2259.6232544849536,2404.8341532841437,2259.6232544849536,2390.667236328125,25800,0.0,0.0
2007-06-12 00:00:00+09:00,2479.2102734951145,2479.2102734951145,2337.5411150096793,2401.292236328125,22400,0.0,0.0
2007-06-13 00:00:00+09:00,2302.124208392519,2337.54150390625,2266.706912878788,2337.54150390625,21800,0.0,0.0
2007-06-14 00:00:00+09:00,2280.8730861793733,2305.6651849421924,2273.789629389996,2287.95654296875,8000,0.0,0.0
2007-06-15 00:00:00+09:00,2287.956905691964,2355.249755859375,2287.956905691964,2355.249755859375,10000,0.0,0.0
2007-06-18 00:00:00+09:00,2319.8326515480326,2440.2514456741897,2316.290922309028,2390.667236328125,28800,0.0,0.0
2007-06-19 00:00:00+09:00,2479.210269325658,2479.210269325658,2355.249755859375,2355.249755859375,9800,0.0,0.0
2007-06-20 00:00:00+09:00,2326.915867370421,2348.166240588416,2302.123765282761,2344.62451171875,18400,0.0,0.0
2007-06-21 00:00:00+09:00,2309.207332418893,2330.457706643607,2266.706583969466,2319.83251953125,39200,0.0,0.0
2007-06-22 00:00:00+09:00,2287.9571063701924,2348.16650390625,2284.4153771033652,2348.16650390625,15800,0.0,0.0
2007-06-25 00:00:00+09:00,2344.6249630089965,2351.7084221117425,2319.8328561493845,2337.54150390625,11200,0.0,0.0
2007-06-26 00:00:00+09:00,2270.2479009953076,2287.95654296875,2270.2479009953076,2287.95654296875,18800,0.0,0.0
2007-06-27 00:00:00+09:00,2344.62451171875,2344.62451171875,2326.915867370421,2344.62451171875,43400,0.0,0.0
2007-06-28 00:00:00+09:00,2344.6246819986495,2390.6671606481696,2344.6246819986495,2376.500244140625,16400,0.0,0.0
2007-06-29 00:00:00+09:00,2326.915965001723,2426.0843775132125,2319.8325069651883,2408.375732421875,8200,0.0,0.0
2007-07-02 00:00:00+09:00,2443.7925983297414,2496.918524380388,2436.7091415229884,2465.04296875,13000,0.0,0.0
2007-07-03 00:00:00+09:00,2539.4197743941327,2624.4212731186226,2539.4197743941327,2603.1708984375,16800,0.0,0.0
2007-07-04 00:00:00+09:00,2550.044919112447,2550.044919112447,2496.9189832976044,2504.00244140625,6800,0.0,0.0
2007-07-05 00:00:00+09:00,2496.919095284598,2496.919095284598,2461.5018031529016,2479.21044921875,15600,0.0,0.0
2007-07-06 00:00:00+09:00,2496.9191693867724,2599.6293196168667,2496.9191693867724,2585.46240234375,20000,0.0,0.0
2007-07-09 00:00:00+09:00,2514.6273032387535,2613.795703929859,2514.6273032387535,2578.37841796875,19800,0.0,0.0
2007-07-10 00:00:00+09:00,2521.7112759676847,2525.253005287864,2482.752253445712,2493.37744140625,8200,0.0,0.0
2007-07-11 00:00:00+09:00,2433.167854746008,2479.210332346733,2411.91748046875,2411.91748046875,14800,0.0,0.0
2007-07-12 00:00:00+09:00,2443.7931570870533,2482.7521784319197,2443.7931570870533,2479.21044921875,31000,0.0,0.0
2007-07-13 00:00:00+09:00,2454.41796875,2479.2100694444443,2443.792782738095,2454.41796875,8600,0.0,0.0
2007-07-17 00:00:00+09:00,2525.2528323825313,2525.2528323825313,2440.251334518323,2461.501708984375,43800,0.0,0.0
2007-07-18 00:00:00+09:00,2479.210656283578,2479.210656283578,2461.502008738695,2472.127197265625,5200,0.0,0.0
2007-07-19 00:00:00+09:00,2500.460252783764,2507.543709590517,2465.04296875,2465.04296875,8600,0.0,0.0
2007-07-20 00:00:00+09:00,2550.045016163793,2567.753662109375,2535.8780994073277,2567.753662109375,6800,0.0,0.0
2007-07-23 00:00:00+09:00,2518.1696591659334,2535.8783065580988,2482.752364381602,2514.6279296875,7200,0.0,0.0
2007-07-24 00:00:00+09:00,2539.4203920843884,2550.0455820094276,2532.336932134362,2535.878662109375,14600,0.0,0.0
2007-07-25 00:00:00+09:00,2603.170608520508,2613.795794677734,2539.4194915771486,2550.044677734375,12000,0.0,0.0
2007-07-26 00:00:00+09:00,2550.0455820094276,2550.0455820094276,2514.6282822592966,2535.878662109375,10200,0.0,0.0
2007-07-27 00:00:00+09:00,2482.75183207194,2550.044677734375,2482.75183207194,2550.044677734375,14200,0.0,0.0
2007-07-30 00:00:00+09:00,2514.6273905436196,2550.044677734375,2514.6273905436196,2550.044677734375,12200,0.0,0.0
2007-07-31 00:00:00+09:00,2550.0451091609593,2585.46240234375,2514.627815978168,2585.46240234375,8600,0.0,0.0
2007-08-01 00:00:00+09:00,2521.711394371345,2521.711394371345,2419.001239263523,2422.54296875,13800,0.0,0.0
2007-08-02 00:00:00+09:00,2443.79296875,2447.3346976902176,2436.7095108695653,2443.79296875,11200,0.0,0.0
2007-08-03 00:00:00+09:00,2443.792814103739,2443.792814103739,2362.3330536336143,2415.458984375,27600,0.0,0.0
2007-08-06 00:00:00+09:00,2415.4595097770466,2454.418534128289,2408.3760508040937,2422.54296875,23800,0.0,0.0
2007-08-07 00:00:00+09:00,2387.125903684702,2387.125903684702,2358.7920650652986,2372.958984375,23600,0.0,0.0
2007-08-08 00:00:00+09:00,2369.416535815207,2369.416535815207,2312.7488757658152,2330.45751953125,23400,0.0,0.0
2007-08-09 00:00:00+09:00,2312.749577308769,2404.8345528218283,2312.749577308769,2372.958984375,15200,0.0,0.0
2007-08-10 00:00:00+09:00,2443.793175625223,2493.3773849857344,2408.3758832248573,2482.752197265625,61600,0.0,0.0
2007-08-13 00:00:00+09:00,2479.2104680255884,2482.752197265625,2479.2104680255884,2482.752197265625,15600,0.0,0.0
2007-08-14 00:00:00+09:00,2380.0419190528637,2496.918977577781,2380.0419190528637,2411.91748046875,13400,0.0,0.0
2007-08-15 00:00:00+09:00,2482.7521784319197,2482.7521784319197,2415.4593233816963,2479.21044921875,5400,0.0,0.0
2007-08-16 00:00:00+09:00,2461.5018218254054,2482.752197265625,2415.4593417049305,2482.752197265625,7200,0.0,0.0
2007-08-17 00:00:00+09:00,2482.751737325175,2532.3359375,2404.833708479021,2532.3359375,18600,0.0,0.0
2007-08-20 00:00:00+09:00,2496.9188045306796,2500.4605333314325,2422.542499714872,2426.084228515625,33200,0.0,0.0
2007-08-21 00:00:00+09:00,2426.0843050531794,2440.251220703125,2341.082811153506,2440.251220703125,13200,0.0,0.0
2007-08-22 00:00:00+09:00,2440.252001503096,2440.252001503096,2302.124529719902,2305.666259765625,21000,0.0,0.0
2007-08-23 00:00:00+09:00,2397.750906279593,2397.750906279593,2316.2911265980115,2337.54150390625,15000,0.0,0.0
2007-08-24 00:00:00+09:00,2362.3334593977665,2362.3334593977665,2305.665790206816,2309.20751953125,17200,0.0,0.0
2007-08-27 00:00:00+09:00,2344.6245689908365,2372.9584006402724,2312.749008385221,2355.249755859375,5000,0.0,0.0
2007-08-28 00:00:00+09:00,2390.6671606481696,2390.6671606481696,2337.541223744877,2376.500244140625,16200,0.0,0.0
2007-08-29 00:00:00+09:00,2376.500244140625,2376.500244140625,2376.500244140625,2376.500244140625,400,0.0,0.0
2007-08-30 00:00:00+09:00,2426.0844519170314,2426.0844519170314,2280.873557714698,2376.500244140625,14800,0.0,0.0
2007-08-31 00:00:00+09:00,2415.4590421133666,2426.084228515625,2309.2071780907845,2426.084228515625,10200,0.0,0.0
2007-09-03 00:00:00+09:00,2426.084195864599,2426.084195864599,2326.9157907781632,2330.45751953125,5400,0.0,0.0
2007-09-04 00:00:00+09:00,2408.375882523148,2415.4593410011576,2376.5003193721063,2390.667236328125,3400,0.0,0.0
2007-09-05 00:00:00+09:00,2465.043278815838,2472.1267365135845,2341.0827691052714,2387.125244140625,14600,0.0,0.0
2007-09-06 00:00:00+09:00,2401.292635830966,2401.292635830966,2326.916315252131,2337.54150390625,11200,0.0,0.0
2007-09-07 00:00:00+09:00,2323.374380787037,2397.750694806134,2323.374380787037,2390.667236328125,10200,0.0,0.0
2007-09-10 00:00:00+09:00,2337.541152056526,2408.375732421875,2330.457694019991,2408.375732421875,12400,0.0,0.0
2007-09-11 00:00:00+09:00,2426.0842614782314,2426.0842614782314,2337.541040256398,2387.125244140625,10600,0.0,0.0
2007-09-12 00:00:00+09:00,2372.9582587447385,2426.0841899106654,2358.7913437671577,2419.000732421875,12200,0.0,0.0
2007-09-13 00:00:00+09:00,2422.54246116627,2429.6259186550606,2369.4165300003433,2419.000732421875,12600,0.0,0.0
2007-09-14 00:00:00+09:00,2348.1666925603695,2376.5005289713545,2277.3321015329075,2337.54150390625,20600,0.0,0.0
2007-09-18 00:00:00+09:00,2365.875340317235,2372.958799419981,2337.54150390625,2337.54150390625,16200,0.0,0.0
2007-09-19 00:00:00+09:00,2337.54150390625,2337.54150390625,2326.916315252131,2337.54150390625,8400,0.0,0.0
2007-09-20 00:00:00+09:00,2337.5412786024963,2351.7081954425116,2333.9995493924926,2341.0830078125,16200,0.0,0.0
2007-09-21 00:00:00+09:00,2333.9995868389424,2333.9995868389424,2266.7067307692305,2302.1240234375,13800,0.0,0.0
2007-09-25 00:00:00+09:00,2305.6654503658715,2305.6654503658715,2273.7898911442235,2291.49853515625,9200,0.0,0.0
2007-09-26 00:00:00+09:00,2270.2479009953076,2330.457283705012,2270.2479009953076,2287.95654296875,8400,0.0,0.0
2007-09-27 00:00:00+09:00,2302.1243878264927,2390.667633512127,2298.582657999067,2372.958984375,19800,0.0,0.0
2007-09-28 00:00:00+09:00,2479.2104680255884,2496.919114225771,2443.793175625223,2482.752197265625,21200,0.0,0.0
2007-10-01 00:00:00+09:00,2411.9174614401422,2411.9174614401422,2401.29227438534,2408.375732421875,4600,0.0,0.0
2007-10-02 00:00:00+09:00,2468.5850824571194,2468.5850824571194,2351.7080269031953,2355.249755859375,4600,0.0,0.0
2007-10-03 00:00:00+09:00,2387.125489676339,2479.21044921875,2387.125489676339,2479.21044921875,8000,0.0,0.0
2007-10-04 00:00:00+09:00,2479.210388820324,2479.210388820324,2376.500244140625,2376.500244140625,1000,0.0,0.0
2007-10-05 00:00:00+09:00,2408.375732421875,2408.375732421875,2372.9584422392004,2408.375732421875,6000,0.0,0.0
2007-10-09 00:00:00+09:00,2461.501708984375,2496.9189997611284,2443.7930635959983,2461.501708984375,8800,0.0,0.0
2007-10-10 00:00:00+09:00,2394.2085813492063,2457.9596974206347,2394.2085813492063,2454.41796875,6000,0.0,0.0
2007-10-11 00:00:00+09:00,2443.793138495842,2511.0859930341335,2443.793138495842,2475.668701171875,18600,0.0,0.0
2007-10-12 00:00:00+09:00,2408.3757728192445,2461.501708984375,2408.3757728192445,2461.501708984375,8000,0.0,0.0
2007-10-15 00:00:00+09:00,2479.210467303241,2479.210467303241,2362.333402416088,2390.667236328125,4400,0.0,0.0
2007-10-16 00:00:00+09:00,2376.5004323628136,2380.0421617702095,2355.250055918437,2365.875244140625,6800,0.0,0.0
2007-10-17 00:00:00+09:00,2337.541152056526,2411.9174614401422,2337.541152056526,2408.375732421875,9200,0.0,0.0
2007-10-18 00:00:00+09:00,2351.7080681295956,2408.375732421875,2351.7080681295956,2408.375732421875,14200,0.0,0.0
2007-10-19 00:00:00+09:00,2443.7931570870533,2479.21044921875,2408.375864955357,2479.21044921875,12400,0.0,0.0
2007-10-22 00:00:00+09:00,2479.21044921875,2479.21044921875,2404.8341357421873,2479.21044921875,14000,0.0,0.0
2007-10-23 00:00:00+09:00,2475.6687200055803,2486.293907645089,2429.626240234375,2479.21044921875,22000,0.0,0.0
2007-10-24 00:00:00+09:00,2482.752067080313,2504.00244140625,2429.62613126547,2504.00244140625,19400,0.0,0.0
2007-10-25 00:00:00+09:00,2504.0024033133864,2504.0024033133864,2450.8764683067375,2496.9189453125,13200,0.0,0.0
2007-10-26 00:00:00+09:00,2404.833950407609,2443.79296875,2404.833950407609,2443.79296875,6400,0.0,0.0
2007-10-29 00:00:00+09:00,2447.335310750933,2461.5022300606347,2372.958984375,2372.958984375,7000,0.0,0.0
2007-10-30 00:00:00+09:00,2358.791465667357,2358.791465667357,2333.9993631753578,2351.7080078125,6400,0.0,0.0
2007-10-31 00:00:00+09:00,2419.001052594866,2479.21044921875,2411.9175941685266,2479.21044921875,6600,0.0,0.0
2007-11-01 00:00:00+09:00,2482.752041805492,2482.752041805492,2408.375732421875,2408.375732421875,2400,0.0,0.0
2007-11-02 00:00:00+09:00,2397.7510931669776,2468.5856897154854,2372.958984375,2372.958984375,1600,0.0,0.0
2007-11-05 00:00:00+09:00,2372.9587029554173,2372.9587029554173,2358.7917853258327,2365.875244140625,6400,0.0,0.0
2007-11-06 00:00:00+09:00,2365.87480706212,2365.87480706212,2319.8323332719892,2330.45751953125,5000,0.0,0.0
2007-11-07 00:00:00+09:00,2333.9997186994624,2337.541448166381,2323.3745302987063,2326.916259765625,6200,0.0,0.0
2007-11-08 00:00:00+09:00,2185.2469404658564,2390.667236328125,2082.5367925347223,2390.667236328125,21600,0.0,0.0
2007-11-09 00:00:00+09:00,2323.374267578125,2323.374267578125,2323.374267578125,2323.374267578125,2000,0.0,0.0
2007-11-12 00:00:00+09:00,2280.8737630208334,2280.8737630208334,2231.28955078125,2231.28955078125,1000,0.0,0.0
2007-11-13 00:00:00+09:00,2195.8722563244046,2298.582410249256,2135.662855747768,2231.28955078125,7000,0.0,0.0
2007-11-14 00:00:00+09:00,2195.8721640625004,2231.28945703125,2195.8721640625004,2213.580810546875,9000,0.0,0.0
2007-11-15 00:00:00+09:00,2231.2899229956456,2231.2899229956456,2160.455322265625,2160.455322265625,5600,0.0,0.0
2007-11-16 00:00:00+09:00,2089.6205381489967,2089.6205381489967,2025.8694030868237,2029.4111328125,8000,0.0,0.0
2007-11-19 00:00:00+09:00,1877.1159702783814,2050.6606543229864,1823.9900465912574,1986.9095458984375,34600,0.0,0.0
2007-11-20 00:00:00+09:00,1809.823320583282,1983.3680225570215,1809.823320583282,1979.8262939453125,9800,0.0,0.0
2007-11-21 00:00:00+09:00,1873.5750606929032,1933.7844671801988,1873.5750606929032,1894.825439453125,12600,0.0,0.0
2007-11-22 00:00:00+09:00,1845.2409382324217,1855.8661259765624,1767.3228947753905,1770.8646240234375,61800,0.0,0.0
2007-11-26 00:00:00+09:00,1756.6979619923522,1756.6979619923522,1650.4460691299116,1678.7799072265625,110400,0.0,0.0
2007-11-27 00:00:00+09:00,1661.071216827078,1717.7388916015625,1661.071216827078,1717.7388916015625,17800,0.0,0.0
2007-11-28 00:00:00+09:00,1763.7811368616617,1838.1574498618522,1738.9890325282647,1742.53076171875,28800,0.0,0.0
2007-11-29 00:00:00+09:00,1753.1559404120387,1806.2818780002822,1753.1559404120387,1763.7811279296875,32000,0.0,0.0
2007-11-30 00:00:00+09:00,1763.7811279296875,1763.7811279296875,1710.6551903414438,1763.7811279296875,75200,0.0,0.0
2007-12-03 00:00:00+09:00,1806.2815826537599,1855.8657829619024,1767.3225681259337,1777.94775390625,11400,0.0,0.0
2007-12-04 00:00:00+09:00,1770.8643595377605,1770.8643595377605,1689.4045989990234,1700.02978515625,9000,0.0,0.0
2007-12-05 00:00:00+09:00,1753.1557753663626,1753.1557753663626,1692.9463851012551,1710.655029296875,17200,0.0,0.0
2007-12-06 00:00:00+09:00,1763.7813773558312,1763.7813773558312,1710.6554322547518,1717.7388916015625,11800,0.0,0.0
2007-12-07 00:00:00+09:00,1735.4474354182744,1763.7812710985727,1703.5718702779386,1721.280517578125,15000,0.0,0.0
2007-12-10 00:00:00+09:00,1806.2819353986806,1827.5323111092534,1781.4898304030125,1820.4488525390625,9600,0.0,0.0
2007-12-11 00:00:00+09:00,1877.1164829799106,1891.283399832589,1831.0740032087053,1859.4078369140625,15600,0.0,0.0
2007-12-12 00:00:00+09:00,1877.1162810149015,1923.158755832248,1806.2817043728298,1912.5335693359375,9000,0.0,0.0
2007-12-13 00:00:00+09:00,1859.407511555341,1877.1161545225348,1753.1556537521788,1777.94775390625,42400,0.0,0.0
2007-12-14 00:00:00+09:00,1841.699252776568,2032.9526367187502,1777.9481247958406,2032.95263671875,39800,0.0,0.0
2007-12-17 00:00:00+09:00,2032.9524853609346,2032.9524853609346,1841.6991156579895,1845.2408447265625,19400,0.0,0.0
2007-12-18 00:00:00+09:00,1845.2406060376215,1845.2406060376215,1788.572948270631,1823.990234375,9800,0.0,0.0
2007-12-19 00:00:00+09:00,1774.4063244331173,1785.0315120045732,1738.9890325282647,1742.53076171875,9600,0.0,0.0
2007-12-20 00:00:00+09:00,1735.4471506166065,1742.5306083742253,1707.1133195861312,1714.19677734375,13400,0.0,0.0
2007-12-21 00:00:00+09:00,1767.3227808407926,1767.3227808407926,1710.655116525256,1749.6141357421875,11800,0.0,0.0
2007-12-25 00:00:00+09:00,1774.4061806362176,1781.4896384431486,1738.9888916015625,1738.9888916015625,5400,0.0,0.0
2007-12-26 00:00:00+09:00,1721.2806212749676,1721.2806212749676,1707.1137025813466,1717.7388916015625,17600,0.0,0.0
2007-12-27 00:00:00+09:00,1721.280215814247,1721.280215814247,1707.1133004577512,1710.655029296875,4800,0.0,0.0
2007-12-28 00:00:00+09:00,1710.6549713134766,1710.6549713134766,1696.4880564371745,1700.02978515625,8400,0.0,0.0
2008-01-04 00:00:00+09:00,1707.11338428648,1717.7385713256074,1703.5716552734375,1703.5716552734375,3000,0.0,0.0
2008-01-07 00:00:00+09:00,1696.488525390625,1714.1971738811326,1696.488525390625,1696.488525390625,3800,0.0,0.0
2008-01-08 00:00:00+09:00,1735.4473948759191,1806.281982421875,1731.9056654986214,1806.281982421875,9200,0.0,0.0
2008-01-09 00:00:00+09:00,1806.281982421875,1820.4488999310663,1785.0316061580884,1806.281982421875,8200,0.0,0.0
2008-01-10 00:00:00+09:00,1770.8643605570514,1774.4060892781656,1767.3226318359373,1767.3226318359375,3800,0.0,0.0
2008-01-11 00:00:00+09:00,1767.3227889264217,1770.8645179623463,1717.738582423476,1728.36376953125,6000,0.0,0.0
2008-01-15 00:00:00+09:00,1703.5715051378525,1703.5715051378525,1551.2771709987096,1586.6944580078125,30800,0.0,0.0
2008-01-16 00:00:00+09:00,1551.2774094154095,1551.2774094154095,1512.318387717762,1540.6522216796875,34400,0.0,0.0
2008-01-17 00:00:00+09:00,1540.652308872768,1540.652308872768,1459.1925316220238,1487.5263671875,31800,0.0,0.0
2008-01-18 00:00:00+09:00,1469.8177199590773,1494.609826078869,1462.7342610677083,1487.5263671875,43000,0.0,0.0
2008-01-21 00:00:00+09:00,1487.5263671875,1487.5263671875,1476.9011788504465,1487.5263671875,15600,0.0,0.0
2008-01-22 00:00:00+09:00,1487.5263671875,1505.2350144159227,1487.5263671875,1487.5263671875,6600,0.0,0.0
2008-01-23 00:00:00+09:00,1487.526215488471,1487.526215488471,1459.1923828125,1459.1923828125,8000,0.0,0.0
2008-01-24 00:00:00+09:00,1547.7356391925484,1547.7356391925484,1416.691660588145,1441.4837646484375,15200,0.0,0.0
2008-01-25 00:00:00+09:00,1476.90100899578,1487.5261961108577,1445.0254476505474,1455.650634765625,37800,0.0,0.0
2008-01-28 00:00:00+09:00,1480.4428046731389,1483.9845338709215,1441.4837834975299,1445.0255126953125,23400,0.0,0.0
2008-01-29 00:00:00+09:00,1455.6506537280038,1459.1923828125,1427.3168210520328,1459.1923828125,39200,0.0,0.0
2008-01-30 00:00:00+09:00,1512.3181404005295,1512.3181404005295,1455.6504817438351,1494.6094970703125,8000,0.0,0.0
2008-01-31 00:00:00+09:00,1462.7342610677083,1512.3184733072917,1455.6508021763393,1487.5263671875,16400,0.0,0.0
2008-02-01 00:00:00+09:00,1522.9436510829298,1530.027109925176,1498.151545135068,1508.7767333984375,4800,0.0,0.0
2008-02-04 00:00:00+09:00,1491.0680966331845,1491.0680966331845,1469.8177199590773,1487.5263671875,8000,0.0,0.0
2008-02-05 00:00:00+09:00,1505.2348413026536,1505.2348413026536,1455.650634765625,1455.650634765625,5200,0.0,0.0
2008-02-06 00:00:00+09:00,1445.0255787037036,1462.7342255015433,1423.7752025462962,1434.400390625,17800,0.0,0.0
2008-02-07 00:00:00+09:00,1434.4003718914373,1459.1924770846226,1416.6917253248764,1430.858642578125,18600,0.0,0.0
2008-02-08 00:00:00+09:00,1430.858662507972,1430.858662507972,1388.35791015625,1388.35791015625,5800,0.0,0.0
2008-02-12 00:00:00+09:00,1388.3579012784091,1391.8996306184051,1349.3988785384538,1363.5657958984375,5600,0.0,0.0
2008-02-13 00:00:00+09:00,1310.4398752984669,1328.1485222619594,1306.8981459057682,1321.0650634765625,33000,0.0,0.0
2008-02-14 00:00:00+09:00,1391.8994206864704,1391.8994206864704,1310.4396581526566,1370.6490478515625,28800,0.0,0.0
2008-02-15 00:00:00+09:00,1413.1500834094834,1413.1500834094834,1345.8572222947462,1377.7327880859375,31000,0.0,0.0
2008-02-18 00:00:00+09:00,1406.066322728207,1413.1497802734375,1381.2742213199012,1413.1497802734375,5800,0.0,0.0
2008-02-19 00:00:00+09:00,1416.691650390625,1437.9420251464844,1370.6491717529298,1416.691650390625,14600,0.0,0.0
2008-02-20 00:00:00+09:00,1416.6915815304485,1416.6915815304485,1363.5656472230569,1381.2742919921875,10800,0.0,0.0
2008-02-21 00:00:00+09:00,1381.2741892782929,1391.8993753496643,1363.5655458260069,1384.81591796875,7800,0.0,0.0
2008-02-22 00:00:00+09:00,1381.2742919921875,1381.2742919921875,1367.107376176883,1381.2742919921875,9400,0.0,0.0
2008-02-25 00:00:00+09:00,1381.2745403421336,1381.2745403421336,1310.4399485297165,1335.2320556640625,55400,0.0,0.0
2008-02-26 00:00:00+09:00,1352.9406813594553,1377.7327880859375,1342.3154927623914,1377.7327880859375,25000,0.0,0.0
2008-02-27 00:00:00+09:00,1381.2742536092542,1391.8994401754792,1360.0238804768042,1374.1907958984375,28400,0.0,0.0
2008-02-28 00:00:00+09:00,1342.3154109571344,1349.3988695901537,1328.148493691096,1338.773681640625,13000,0.0,0.0
2008-02-29 00:00:00+09:00,1335.2316553792978,1335.2316553792978,1306.8978271484375,1306.8978271484375,70200,0.0,0.0
2008-03-03 00:00:00+09:00,1313.9816364986796,1313.9816364986796,1257.31396484375,1257.31396484375,14000,0.0,0.0
2008-03-04 00:00:00+09:00,1264.3974238006163,1267.9391532790494,1214.813211102553,1257.31396484375,148200,0.0,0.0
2008-03-05 00:00:00+09:00,1260.8556943221831,1260.8556943221831,1239.6053174515846,1257.31396484375,24400,0.0,0.0
2008-03-06 00:00:00+09:00,1257.313861632615,1275.0225075711026,1257.313861632615,1260.8555908203125,13400,0.0,0.0
2008-03-07 00:00:00+09:00,1221.8966805969062,1246.688787159742,1221.8966805969062,1236.0635986328125,13800,0.0,0.0
2008-03-10 00:00:00+09:00,1239.605224609375,1243.1469538225444,1232.5217661830357,1239.605224609375,36200,0.0,0.0
2008-03-11 00:00:00+09:00,1225.4382620773745,1260.8555528888594,1225.4382620773745,1253.7720947265625,6600,0.0,0.0
2008-03-12 00:00:00+09:00,1267.9390775240383,1278.564265324519,1239.605243389423,1243.14697265625,7200,0.0,0.0
2008-03-13 00:00:00+09:00,1243.1468966701188,1377.732600583123,1225.4382514184076,1228.97998046875,20600,0.0,0.0
2008-03-14 00:00:00+09:00,1211.2716009794776,1211.2716009794776,1165.2291132229477,1186.4794921875,32400,0.0,0.0
2008-03-17 00:00:00+09:00,1221.8966952237217,1221.8966952237217,1165.229022401752,1168.770751953125,21000,0.0,0.0
2008-03-18 00:00:00+09:00,1133.3534307065217,1151.0620780613112,1115.6447833517325,1140.4368896484375,23000,0.0,0.0
2008-03-19 00:00:00+09:00,1168.7707254161005,1197.1045611837637,1140.4368896484375,1140.4368896484375,31200,0.0,0.0
2008-03-21 00:00:00+09:00,1175.8540987723213,1239.605224609375,1143.9785358537945,1239.605224609375,29200,0.0,0.0
2008-03-24 00:00:00+09:00,1239.605224609375,1275.0225167410713,1186.4792864118303,1239.605224609375,15800,0.0,0.0
2008-03-25 00:00:00+09:00,1278.564453125,1289.1896424861495,1275.02272333795,1278.564453125,11400,0.0,0.0
2008-03-26 00:00:00+09:00,1258.783453002611,1384.661798302872,1258.783453002611,1377.46875,14200,27.5,0.0
2008-03-27 00:00:00+09:00,1359.4859957330145,1366.6790433294855,1359.4859957330145,1363.08251953125,18800,0.0,0.0
2008-03-28 00:00:00+09:00,1345.0996782018783,1352.292724609375,1334.3101085906335,1352.292724609375,21200,0.0,0.0
2008-03-31 00:00:00+09:00,1384.6616680438701,1402.644287109375,1352.2929537259615,1402.644287109375,13800,0.0,0.0
2008-04-01 00:00:00+09:00,1384.66162109375,1402.6442395495128,1348.696384182224,1384.66162109375,14800,0.0,0.0
2008-04-02 00:00:00+09:00,1348.6964909110482,1381.0652066929133,1348.6964909110482,1370.275634765625,4800,0.0,0.0
2008-04-03 00:00:00+09:00,1370.2755263291394,1388.2581447849025,1366.679002637987,1384.66162109375,16000,0.0,0.0
2008-04-04 00:00:00+09:00,1355.8893843801397,1366.678955078125,1352.2928608141447,1366.678955078125,9200,0.0,0.0
2008-04-07 00:00:00+09:00,1341.5031207682293,1366.6787825520835,1337.9065976562501,1348.6961669921875,8800,0.0,0.0
2008-04-08 00:00:00+09:00,1345.0999418775134,1345.0999418775134,1294.7486071548258,1341.50341796875,5400,0.0,0.0
2008-04-09 00:00:00+09:00,1287.5554614917653,1330.7137451171875,1287.5554614917653,1330.7137451171875,4000,0.0,0.0
2008-04-10 00:00:00+09:00,1294.7484130859375,1294.7484130859375,1291.1518897162543,1294.7484130859375,26600,0.0,0.0
2008-04-11 00:00:00+09:00,1258.7832847338045,1280.3624267578125,1258.7832847338045,1280.3624267578125,7600,0.0,0.0
2008-04-14 00:00:00+09:00,1273.16943359375,1276.765957417461,1265.9763859463276,1273.16943359375,7800,0.0,0.0
2008-04-15 00:00:00+09:00,1291.1520527123057,1291.1520527123057,1269.5729097700387,1273.16943359375,18800,0.0,0.0
2008-04-16 00:00:00+09:00,1348.6965276701928,1348.6965276701928,1233.607757309003,1269.572998046875,7200,0.0,0.0
2008-04-17 00:00:00+09:00,1265.9762698126801,1269.572793306466,1244.397128849964,1247.99365234375,13000,0.0,0.0
2008-04-18 00:00:00+09:00,1269.5728557458085,1330.7137581471648,1269.5728557458085,1280.3624267578125,9600,0.0,0.0
2008-04-21 00:00:00+09:00,1348.6965985365318,1348.6965985365318,1251.5904434419015,1276.76611328125,15600,0.0,0.0
2008-04-22 00:00:00+09:00,1269.5727734375,1280.36234375,1255.1866796875,1258.783203125,56000,0.0,0.0
2008-04-23 00:00:00+09:00,1276.766033883081,1276.766033883081,1255.1868896484375,1255.1868896484375,13600,0.0,0.0
2008-04-24 00:00:00+09:00,1258.783203125,1276.7658203125,1258.783203125,1258.783203125,8800,0.0,0.0
2008-04-25 00:00:00+09:00,1309.1346033044763,1330.7137451171875,1298.3450323981208,1330.7137451171875,6600,0.0,0.0
2008-04-28 00:00:00+09:00,1366.6793511838328,1431.416794134646,1366.6793511838328,1409.837646484375,11600,0.0,0.0
2008-04-30 00:00:00+09:00,1427.8200135960017,1460.1887292694628,1413.4339177411302,1435.0130615234375,16800,0.0,0.0
2008-05-01 00:00:00+09:00,1435.0130663293553,1435.0130663293553,1370.275634765625,1370.275634765625,3200,0.0,0.0
2008-05-02 00:00:00+09:00,1370.275634765625,1373.872158741388,1366.6791107898623,1370.275634765625,9600,0.0,0.0
2008-05-07 00:00:00+09:00,1370.2755768339512,1370.2755768339512,1273.16943359375,1273.16943359375,26800,0.0,0.0
2008-05-08 00:00:00+09:00,1283.958842976888,1298.3449364556207,1280.3623196072049,1294.7484130859375,12200,0.0,0.0
2008-05-09 00:00:00+09:00,1359.4857938172388,1359.4857938172388,1316.3275146484375,1316.3275146484375,3600,0.0,0.0
2008-05-12 00:00:00+09:00,1316.3276706456488,1341.5033364776696,1305.538099574783,1319.9241943359375,3200,0.0,0.0
2008-05-13 00:00:00+09:00,1312.7312266986428,1341.50341796875,1309.1347027898794,1341.50341796875,1800,0.0,0.0
2008-05-14 00:00:00+09:00,1323.5208858366937,1341.5035065681705,1323.5208858366937,1337.906982421875,7800,0.0,0.0
2008-05-15 00:00:00+09:00,1381.065128850711,1517.7330322265625,1337.9068435741262,1517.7330322265625,17200,0.0,0.0
2008-05-16 00:00:00+09:00,1449.3991054801054,1546.5052490234375,1449.3991054801054,1546.5052490234375,31200,0.0,0.0
2008-05-19 00:00:00+09:00,1546.505448927573,1582.4706919258888,1546.505448927573,1568.0845947265625,7000,0.0,0.0
2008-05-20 00:00:00+09:00,1568.0846669407895,1708.3491210937498,1568.0846669407895,1708.34912109375,12000,0.0,0.0
2008-05-21 00:00:00+09:00,1744.3141754402602,1758.700271732551,1701.1558865633879,1740.7176513671875,12200,0.0,0.0
2008-05-22 00:00:00+09:00,1834.2271184921265,1841.420166015625,1816.2444996833801,1841.420166015625,8200,0.0,0.0
2008-05-23 00:00:00+09:00,1841.420202020202,1841.420202020202,1708.348820233586,1780.279296875,9600,0.0,0.0
2008-05-26 00:00:00+09:00,1751.506989953873,1751.506989953873,1679.576518087184,1690.3660888671875,4200,0.0,0.0
2008-05-27 00:00:00+09:00,1679.5767822265625,1679.5767822265625,1672.3837339086758,1679.5767822265625,25600,0.0,0.0
2008-05-28 00:00:00+09:00,1679.5767822265625,1690.3663547033927,1675.9802580676192,1679.5767822265625,10200,0.0,0.0
2008-05-29 00:00:00+09:00,1679.5766263642536,1679.5766263642536,1654.4009595879158,1675.9801025390625,20600,0.0,0.0
2008-05-30 00:00:00+09:00,1675.9804009046052,1726.3317434210526,1675.9804009046052,1708.34912109375,1800,0.0,0.0
2008-06-02 00:00:00+09:00,1690.366122818803,1704.7522174810906,1686.7695991532312,1693.962646484375,16000,0.0,0.0
2008-06-03 00:00:00+09:00,1686.769565273853,1690.3660888671875,1679.576518087184,1690.3660888671875,17400,0.0,0.0
2008-06-04 00:00:00+09:00,1690.366465894482,1704.7525634765625,1690.366465894482,1704.7525634765625,12400,0.0,0.0
2008-06-05 00:00:00+09:00,1708.3487887342437,1711.9453125,1697.559217436975,1711.9453125,23400,0.0,0.0
2008-06-06 00:00:00+09:00,1711.9455788352275,1711.9455788352275,1697.559481534091,1701.156005859375,8800,0.0,0.0
2008-06-09 00:00:00+09:00,1690.3660888671875,1690.3660888671875,1675.9799944938497,1690.3660888671875,7800,0.0,0.0
2008-06-10 00:00:00+09:00,1690.366150034741,1708.3487686521319,1654.400912799959,1657.9974365234375,10400,0.0,0.0
2008-06-11 00:00:00+09:00,1657.99781537161,1672.3839135527085,1604.0499471924902,1632.8221435546875,13400,0.0,0.0
2008-06-12 00:00:00+09:00,1618.4360478317226,1640.0151951361456,1593.2603759765625,1593.2603759765625,19800,0.0,0.0
2008-06-13 00:00:00+09:00,1596.8565469012165,1614.8391656726265,1593.2600231469344,1607.6461181640625,8000,0.0,0.0
2008-06-16 00:00:00+09:00,1657.9973659385628,1657.9973659385628,1557.2947059683247,1586.06689453125,16200,0.0,0.0
2008-06-17 00:00:00+09:00,1589.6633108760532,1600.452880859375,1582.4702642205054,1600.452880859375,9400,0.0,0.0
2008-06-18 00:00:00+09:00,1582.4702891474185,1654.4007568359375,1582.4702891474185,1654.4007568359375,6000,0.0,0.0
2008-06-19 00:00:00+09:00,1636.4181399138076,1654.4007568359375,1636.4181399138076,1654.4007568359375,600,0.0,0.0
2008-06-20 00:00:00+09:00,1618.435522991678,1654.4007568359375,1614.838999607252,1654.4007568359375,8000,0.0,0.0
2008-06-23 00:00:00+09:00,1636.4183081983185,1636.4183081983185,1593.2600231469344,1607.6461181640625,12400,0.0,0.0
2008-06-24 00:00:00+09:00,1607.6461181640625,1611.2426419183444,1596.8565469012165,1607.6461181640625,5000,0.0,0.0
2008-06-25 00:00:00+09:00,1650.8044032154467,1650.8044032154467,1600.4530706554983,1607.6461181640625,4000,0.0,0.0
2008-06-26 00:00:00+09:00,1607.6459765625,1654.40078125,1607.6459765625,1618.435546875,7600,0.0,0.0
2008-06-27 00:00:00+09:00,1589.663359375,1618.435546875,1589.663359375,1618.435546875,2400,0.0,0.0
2008-06-30 00:00:00+09:00,1604.049453125,1629.2251171875,1604.049453125,1618.435546875,9400,0.0,0.0
2008-07-01 00:00:00+09:00,1618.435728783701,1654.4009672011166,1618.435728783701,1650.804443359375,4600,0.0,0.0
2008-07-02 00:00:00+09:00,1657.9973599570137,1657.9973599570137,1604.0495065961563,1611.2425537109375,19600,0.0,0.0
2008-07-03 00:00:00+09:00,1604.0496784078664,1604.0496784078664,1564.4879150390625,1564.4879150390625,23600,0.0,0.0
2008-07-04 00:00:00+09:00,1564.488070426731,1575.2776433262256,1553.6984975272362,1568.0845947265625,7000,0.0,0.0
2008-07-07 00:00:00+09:00,1564.4879150390625,1564.4879150390625,1557.2948671538256,1564.4879150390625,3400,0.0,0.0
2008-07-08 00:00:00+09:00,1564.487747464861,1611.2425537109375,1564.487747464861,1611.2425537109375,4000,0.0,0.0
2008-07-09 00:00:00+09:00,1607.6460359534437,1611.2425595238094,1586.06689453125,1586.06689453125,3800,0.0,0.0
2008-07-10 00:00:00+09:00,1586.0669959815773,1600.4530911832244,1582.4704721811656,1596.8565673828125,4000,0.0,0.0
2008-07-11 00:00:00+09:00,1596.8565266927085,1596.8565266927085,1550.1017184787327,1553.6982421875,42600,0.0,0.0
2008-07-14 00:00:00+09:00,1553.6985085227275,1557.2950328480115,1499.750643643466,1503.34716796875,2600,0.0,0.0
2008-07-15 00:00:00+09:00,1550.1016622690054,1550.1016622690054,1488.9607614370493,1496.15380859375,11400,0.0,0.0
2008-07-16 00:00:00+09:00,1535.7157318970867,1546.5053037839516,1535.7157318970867,1539.312255859375,1400,0.0,0.0
2008-07-17 00:00:00+09:00,1485.3644819415983,1535.7158203125,1485.3644819415983,1535.7158203125,1600,0.0,0.0
2008-07-18 00:00:00+09:00,1535.7158203125,1535.7158203125,1535.7158203125,1535.7158203125,200,0.0,0.0
2008-07-22 00:00:00+09:00,1478.17140826057,1485.36445647595,1460.1887877221202,1467.3818359375,22000,0.0,0.0
2008-07-23 00:00:00+09:00,1470.9784931071754,1481.76806640625,1467.3819686741504,1481.76806640625,2800,0.0,0.0
2008-07-24 00:00:00+09:00,1499.7504673549106,1510.5400390625,1499.7504673549106,1510.5400390625,1200,0.0,0.0
2008-07-25 00:00:00+09:00,1557.2947515720275,1557.2947515720275,1467.381659679878,1474.57470703125,5200,0.0,0.0
2008-07-28 00:00:00+09:00,1474.5747823832946,1474.5747823832946,1409.8373529128087,1456.5921630859375,8800,0.0,0.0
2008-07-29 00:00:00+09:00,1431.4165291621769,1460.188720703125,1431.4165291621769,1460.188720703125,1800,0.0,0.0
2008-07-30 00:00:00+09:00,1460.188515625,1460.188515625,1438.609375,1438.609375,12600,0.0,0.0
2008-07-31 00:00:00+09:00,1438.6095610119048,1510.5400390625,1438.6095610119048,1510.5400390625,3000,0.0,0.0
2008-08-01 00:00:00+09:00,1542.9087798216633,1542.9087798216633,1539.312255859375,1539.312255859375,400,0.0,0.0
2008-08-04 00:00:00+09:00,1542.908842198989,1542.908842198989,1438.6096430759806,1467.3818359375,3200,0.0,0.0
2008-08-05 00:00:00+09:00,1442.2061671836705,1467.3818359375,1438.6096430759806,1467.3818359375,9200,0.0,0.0
2008-08-06 00:00:00+09:00,1449.3993465090261,1506.943737437424,1449.3993465090261,1481.76806640625,2000,0.0,0.0
2008-08-07 00:00:00+09:00,1452.9959757176368,1470.9785991794888,1413.4342041015625,1413.4342041015625,3600,0.0,0.0
2008-08-08 00:00:00+09:00,1413.4338106229707,1413.4338106229707,1366.679002637987,1384.66162109375,7600,0.0,0.0
2008-08-11 00:00:00+09:00,1384.66162109375,1402.6442395495128,1384.66162109375,1384.66162109375,9200,0.0,0.0
2008-08-12 00:00:00+09:00,1435.0130014272836,1435.0130014272836,1391.854715670072,1402.644287109375,5800,0.0,0.0
2008-08-13 00:00:00+09:00,1438.609843351403,1438.609843351403,1402.6445972676179,1409.837646484375,19200,0.0,0.0
2008-08-14 00:00:00+09:00,1384.66162109375,1384.66162109375,1370.2755263291394,1384.66162109375,2600,0.0,0.0
2008-08-15 00:00:00+09:00,1427.819905387581,1427.819905387581,1348.696384182224,1384.66162109375,4800,0.0,0.0
2008-08-18 00:00:00+09:00,1348.6963976425625,1355.8894450966561,1334.310302734375,1334.310302734375,4600,0.0,0.0
2008-08-19 00:00:00+09:00,1334.310302734375,1337.9068264614218,1330.7137790073282,1334.310302734375,22400,0.0,0.0
2008-08-20 00:00:00+09:00,1294.7487345950706,1312.731355908891,1276.76611328125,1276.76611328125,4000,0.0,0.0
2008-08-21 00:00:00+09:00,1276.7660083938554,1276.7660083938554,1219.2216249169494,1226.4146728515625,4000,0.0,0.0
2008-08-22 00:00:00+09:00,1222.818148884256,1237.2042447534825,1222.818148884256,1226.4146728515625,2800,0.0,0.0
2008-08-25 00:00:00+09:00,1265.9762261284723,1294.7484130859375,1255.1866560194228,1294.7484130859375,5800,0.0,0.0
2008-08-26 00:00:00+09:00,1298.34521484375,1312.7313114071158,1294.7486907029086,1298.34521484375,3000,0.0,0.0
2008-08-27 00:00:00+09:00,1298.3449172343103,1305.5379638671875,1298.3449172343103,1305.5379638671875,600,0.0,0.0
2008-08-28 00:00:00+09:00,1305.5382631254329,1309.1347872662743,1280.362594139543,1298.34521484375,6600,0.0,0.0
2008-08-29 00:00:00+09:00,1298.345216812626,1384.6617963237147,1287.5556443737398,1337.906982421875,5600,0.0,0.0
2008-09-01 00:00:00+09:00,1355.889757792155,1384.661954243978,1352.2932332356772,1381.0654296875,1800,0.0,0.0
2008-09-02 00:00:00+09:00,1381.065274151436,1381.065274151436,1373.8722258485639,1377.46875,2800,0.0,0.0
2008-09-03 00:00:00+09:00,1377.4685523780618,1377.4685523780618,1330.7137451171875,1330.7137451171875,3200,0.0,0.0
2008-09-04 00:00:00+09:00,1330.7137451171875,1366.678981471706,1294.748508762669,1330.7137451171875,9000,0.0,0.0
2008-09-05 00:00:00+09:00,1298.3452265491226,1316.3278474154538,1294.7487023758563,1312.7313232421875,11200,0.0,0.0
2008-09-08 00:00:00+09:00,1312.731059530507,1348.696294038192,1312.731059530507,1323.5206298828125,3600,0.0,0.0
2008-09-09 00:00:00+09:00,1301.9417724609375,1301.9417724609375,1301.9417724609375,1301.9417724609375,1078000,0.0,0.0
2008-09-10 00:00:00+09:00,1301.9417724609375,1301.9417724609375,1301.9417724609375,1301.9417724609375,1078000,0.0,0.0
2008-09-11 00:00:00+09:00,1305.5382415436127,1309.134765625,1294.7486692994505,1309.134765625,13600,0.0,0.0
2008-09-12 00:00:00+09:00,1291.1521452180632,1309.134765625,1287.5556211366759,1309.134765625,13600,0.0,0.0
2008-09-16 00:00:00+09:00,1292.5906982421875,1292.5906982421875,1292.5906982421875,1292.5906982421875,5000,0.0,0.0
2008-09-17 00:00:00+09:00,1348.6966219815342,1381.065340909091,1222.818270596591,1265.9765625,38600,0.0,0.0
2008-09-18 00:00:00+09:00,1262.380072342722,1262.380072342722,1118.5190954375685,1230.0113525390625,19600,0.0,0.0
2008-09-19 00:00:00+09:00,1233.6076183431953,1233.6076183431953,1215.625,1215.625,13600,0.0,0.0
2008-09-22 00:00:00+09:00,1219.2214223225913,1294.7484130859375,1219.2214223225913,1294.7484130859375,1400,0.0,0.0
2008-09-24 00:00:00+09:00,1296.9063720703125,1296.9063720703125,1296.9063720703125,1296.9063720703125,1400,0.0,0.0
2008-09-25 00:00:00+09:00,1298.3452588578346,1316.3278801716551,1258.7834919674297,1276.76611328125,9000,0.0,0.0
2008-09-26 00:00:00+09:00,1330.7139036168603,1373.8721923828125,1312.7312832977136,1373.8721923828125,5800,0.0,0.0
2008-09-29 00:00:00+09:00,1391.8547083472724,1427.8199462890625,1373.8720893763775,1427.8199462890625,5000,0.0,0.0
2008-09-30 00:00:00+09:00,1411.6357421875,1411.6357421875,1411.6357421875,1411.6357421875,1000,0.0,0.0
2008-10-01 00:00:00+09:00,1399.76708984375,1399.76708984375,1399.76708984375,1399.76708984375,1400,0.0,0.0
2008-10-02 00:00:00+09:00,1373.8721923828125,1373.8721923828125,1373.8721923828125,1373.8721923828125,1000,0.0,0.0
2008-10-03 00:00:00+09:00,1341.50341796875,1341.50341796875,1341.50341796875,1341.50341796875,200,0.0,0.0
2008-10-06 00:00:00+09:00,1262.3800014279923,1276.7660983103626,1136.5016537072524,1143.6947021484375,7400,0.0,0.0
2008-10-07 00:00:00+09:00,1114.92236328125,1132.9049820438509,1104.1327920236895,1114.92236328125,11200,0.0,0.0
2008-10-08 00:00:00+09:00,1114.9223293069883,1132.904947521617,1111.3258056640625,1111.3258056640625,14600,0.0,0.0
2008-10-09 00:00:00+09:00,1078.957276175643,1132.9051399844252,1078.957276175643,1118.51904296875,28400,0.0,0.0
2008-10-10 00:00:00+09:00,945.1664428710938,945.1664428710938,945.1664428710938,945.1664428710938,3000,0.0,0.0
2008-10-14 00:00:00+09:00,1014.2196048898106,1114.9222606944727,1007.0265580466205,1104.1326904296875,20000,0.0,0.0
2008-10-15 00:00:00+09:00,1014.2196048898106,1114.9222606944727,1007.0265580466205,1104.1326904296875,20000,0.0,0.0
2008-10-16 00:00:00+09:00,1071.7639763800653,1071.7639763800653,1047.3076171875,1047.3076171875,3400,0.0,0.0
2008-10-17 00:00:00+09:00,1014.2195663452148,1014.2195663452148,971.0612869262695,978.2543334960938,8200,0.0,0.0
2008-10-20 00:00:00+09:00,978.6141357421875,978.6141357421875,978.6141357421875,978.6141357421875,600,0.0,0.0
2008-10-21 00:00:00+09:00,989.0440335238936,1007.0266523152372,985.447509765625,985.447509765625,16200,0.0,0.0
2008-10-22 00:00:00+09:00,977.1756591796876,977.1756591796876,977.1756591796876,977.1756591796875,1000,0.0,0.0
2008-10-23 00:00:00+09:00,953.0788885378371,953.0788885378371,891.937978707108,917.1136474609375,22800,0.0,0.0
2008-10-24 00:00:00+09:00,935.8154907226562,935.8154907226562,935.8154907226562,935.8154907226562,1000,0.0,0.0
2008-10-27 00:00:00+09:00,949.4821973778736,949.4821973778736,924.3065330534603,938.692626953125,3000,0.0,0.0
2008-10-28 00:00:00+09:00,938.692626953125,938.692626953125,927.9030565283765,938.692626953125,11200,0.0,0.0
2008-10-29 00:00:00+09:00,993.35986328125,993.35986328125,993.35986328125,993.35986328125,5600,0.0,0.0
2008-10-30 00:00:00+09:00,960.2719072211472,990.8423611963523,956.6753832240643,972.8597412109375,7200,0.0,0.0
2008-10-31 00:00:00+09:00,985.447509765625,985.447509765625,985.447509765625,985.447509765625,600,0.0,0.0
2008-11-04 00:00:00+09:00,979.6931107033809,988.3247680664062,979.6931107033809,988.3247680664062,1000,0.0,0.0
2008-11-05 00:00:00+09:00,1012.4213065899949,1035.7987079855009,1008.8247832983785,1023.2108764648438,17600,0.0,0.0
2008-11-06 00:00:00+09:00,992.6405199268196,1007.0266144185126,989.0439963038964,994.4387817382812,6800,0.0,0.0
2008-11-07 00:00:00+09:00,972.1404422318664,976.0966186523438,972.1404422318664,976.0966186523438,5000,0.0,0.0
2008-11-10 00:00:00+09:00,986.5264892578125,986.5264892578125,986.5264892578125,986.5264892578125,9800,0.0,0.0
2008-11-11 00:00:00+09:00,989.0439623713277,1035.7987678652448,981.8509153722634,990.8422241210938,36800,0.0,0.0
2008-11-12 00:00:00+09:00,1005.2285266025461,1010.6233129707172,987.2459053753091,999.833740234375,23800,0.0,0.0
2008-11-13 00:00:00+09:00,985.4476432525855,999.833740234375,972.8598083935196,999.833740234375,21600,0.0,0.0
2008-11-14 00:00:00+09:00,985.447509765625,999.8336047986998,978.2544622490876,985.447509765625,19600,0.0,0.0
2008-11-17 00:00:00+09:00,1016.0179405781761,1042.9918682041455,942.2892050671934,963.8683471679688,19800,0.0,0.0
2008-11-18 00:00:00+09:00,963.8683471679689,992.6405366356694,945.885728750656,963.8683471679688,11200,0.0,0.0
2008-11-19 00:00:00+09:00,969.2631055413569,976.4561527067845,967.46484375,967.46484375,3400,0.0,0.0
2008-11-20 00:00:00+09:00,953.0787794260988,967.464874209889,938.6926846423087,951.280517578125,8000,0.0,0.0
2008-11-21 00:00:00+09:00,917.1135723407451,967.4649057241586,881.1483342097355,935.09619140625,7400,0.0,0.0
2008-11-25 00:00:00+09:00,963.8683177446463,963.8683177446463,899.1308934185134,902.7274169921875,9000,0.0,0.0
2008-11-26 00:00:00+09:00,931.499667593149,947.6840247521034,931.499667593149,935.09619140625,2400,0.0,0.0
2008-11-27 00:00:00+09:00,963.8683471679689,971.0613945348939,949.4822524341185,963.8683471679688,10800,0.0,0.0
2008-11-28 00:00:00+09:00,963.8683031817388,965.6665649414064,960.271779662404,965.6665649414062,2800,0.0,0.0
2008-12-01 00:00:00+09:00,965.6665748853362,965.6665748853362,931.4996010998215,960.2717895507812,7000,0.0,0.0
2008-12-02 00:00:00+09:00,944.0875686761988,944.0875686761988,942.2893066406251,942.289306640625,1600,0.0,0.0
2008-12-03 00:00:00+09:00,940.4908886905831,940.4908886905831,918.911747841086,938.692626953125,8600,0.0,0.0
2008-12-04 00:00:00+09:00,906.3238895468043,906.3238895468043,794.8316650390624,794.8316650390625,15400,0.0,0.0
2008-12-05 00:00:00+09:00,737.2873046875,737.2873046875,704.91859375,719.3046875,9800,0.0,0.0
2008-12-08 00:00:00+09:00,719.304911295573,719.304911295573,683.3396657307943,690.53271484375,3200,0.0,0.0
2008-12-09 00:00:00+09:00,701.3221435546875,708.5151911808894,700.9624911733773,701.3221435546875,17800,0.0,0.0
2008-12-10 00:00:00+09:00,692.330949220015,694.1292114257812,692.330949220015,694.1292114257812,2200,0.0,0.0
2008-12-11 00:00:00+09:00,690.5325520833334,690.5325520833334,665.7165384928386,679.7429809570312,12000,0.0,0.0
2008-12-12 00:00:00+09:00,700.2431968038396,700.2431968038396,683.3395346313791,695.9273681640625,11600,0.0,0.0
2008-12-15 00:00:00+09:00,717.1468282074021,717.1468282074021,715.7082187225327,716.06787109375,7600,0.0,0.0
2008-12-16 00:00:00+09:00,716.0678939857387,721.10302734375,715.7082416030237,721.10302734375,4800,0.0,0.0
2008-12-17 00:00:00+09:00,719.3046875,719.3046875,719.3046875,719.3046875,400,0.0,0.0
2008-12-18 00:00:00+09:00,712.1116804929125,712.1116804929125,697.7255859375,697.7255859375,1800,0.0,0.0
2008-12-19 00:00:00+09:00,701.3222491220697,701.3222491220697,683.339627349709,683.6992797851562,6400,0.0,0.0
2008-12-22 00:00:00+09:00,684.0587822522615,684.0587822522615,681.541215756065,683.3394775390625,12800,0.0,0.0
2008-12-24 00:00:00+09:00,683.3395495193417,683.3395495193417,679.743025574503,681.9009399414062,16400,0.0,0.0
2008-12-25 00:00:00+09:00,702.4012062994558,702.4012062994558,697.7257246395003,699.5239868164062,7000,0.0,0.0
2008-12-26 00:00:00+09:00,683.3395553949312,690.5326033464567,683.3395553949312,685.1378173828125,6600,0.0,0.0
2008-12-29 00:00:00+09:00,685.1377835638605,685.1377835638605,679.7429978665073,681.541259765625,9000,0.0,0.0
2008-12-30 00:00:00+09:00,682.6202829668599,682.6202829668599,668.9534912109375,668.9534912109375,35600,0.0,0.0
2009-01-05 00:00:00+09:00,683.3394775390625,686.9360011050576,681.9008681126644,683.3394775390625,6600,0.0,0.0
2009-01-06 00:00:00+09:00,712.1117112474417,715.7082350416207,708.5151874532627,713.9099731445312,14600,0.0,0.0
2009-01-07 00:00:00+09:00,717.5066243884633,755.2701309352245,715.7083621719509,740.884033203125,12000,0.0,0.0
2009-01-08 00:00:00+09:00,755.2700923841472,803.8231697516995,755.2700923841472,789.4370727539062,13400,0.0,0.0
2009-01-09 00:00:00+09:00,789.4369948574398,793.0335187520067,787.6387329101562,787.6387329101562,18800,0.0,0.0
2009-01-13 00:00:00+09:00,748.0770272248244,767.85791015625,719.3048338700235,767.85791015625,10400,0.0,0.0
2009-01-14 00:00:00+09:00,757.0683376481996,767.85791015625,757.0683376481996,767.85791015625,13800,0.0,0.0
2009-01-15 00:00:00+09:00,791.2351684570312,793.0334302035245,787.6386449640448,791.2351684570312,14000,0.0,0.0
2009-01-16 00:00:00+09:00,807.4196940011478,809.2179561258721,787.6388106291821,789.4370727539062,15000,0.0,0.0
2009-01-19 00:00:00+09:00,789.4369948574398,789.4369948574398,785.8404709628728,787.6387329101562,8400,0.0,0.0
2009-01-20 00:00:00+09:00,787.6386922200521,789.4369540744358,776.84912109375,776.84912109375,5400,0.0,0.0
2009-01-21 00:00:00+09:00,755.2701083096591,762.4631569602274,740.8840110085227,751.673583984375,3800,0.0,0.0
2009-01-22 00:00:00+09:00,730.0942864051233,751.6734278752253,730.0942864051233,748.076904296875,4400,0.0,0.0
2009-01-23 00:00:00+09:00,776.849175854264,776.849175854264,760.6648180239669,769.6561279296875,13400,0.0,0.0
2009-01-26 00:00:00+09:00,755.2701309352245,755.2701309352245,740.884033203125,740.884033203125,6600,0.0,0.0
2009-01-27 00:00:00+09:00,740.883923921131,755.27001953125,739.085661969866,755.27001953125,14400,0.0,0.0
2009-01-28 00:00:00+09:00,755.2701530182104,755.2701530182104,748.0771039418465,749.8753662109375,14600,0.0,0.0
2009-01-29 00:00:00+09:00,740.883867916132,742.6821297314624,717.5064643168366,718.2257690429688,12200,0.0,0.0
2009-01-30 00:00:00+09:00,718.2258054762619,718.2258054762619,701.3221435546875,701.3221435546875,7000,0.0,0.0
2009-02-02 00:00:00+09:00,683.6992278717377,683.6992278717377,650.9708587311127,654.5673828125,9000,0.0,0.0
2009-02-03 00:00:00+09:00,647.3743008268482,647.3743008268482,633.3478576422665,647.0146484375,8600,0.0,0.0
2009-02-04 00:00:00+09:00,642.6988078507729,643.0584602334538,640.5408935546875,640.5408935546875,4200,0.0,0.0
2009-02-05 00:00:00+09:00,640.5408290739982,640.5408290739982,577.6016684406744,579.7595825195312,30200,0.0,0.0
2009-02-06 00:00:00+09:00,590.5491896153937,604.2159796308534,586.9526659271148,595.2246704101562,9600,0.0,0.0
2009-02-09 00:00:00+09:00,667.1551775764017,667.1551775764017,608.1721861356847,611.4090576171875,11000,0.0,0.0
2009-02-10 00:00:00+09:00,611.4091682990161,616.803955078125,611.4091682990161,616.803955078125,2200,0.0,0.0
2009-02-12 00:00:00+09:00,616.8038619375692,629.0320434570312,616.8038619375692,629.0320434570312,6600,0.0,0.0
2009-02-13 00:00:00+09:00,631.1900525125814,632.9883147704519,627.5935279968401,628.6724853515625,66200,0.0,0.0
2009-02-16 00:00:00+09:00,635.8653710376257,635.8653710376257,623.9968431845479,625.7951049804688,40000,0.0,0.0
2009-02-17 00:00:00+09:00,625.7950978833576,625.7950978833576,618.60205078125,618.60205078125,17400,0.0,0.0
2009-02-18 00:00:00+09:00,615.0055272301962,625.4354455282522,615.0055272301962,618.60205078125,5600,0.0,0.0
2009-02-19 00:00:00+09:00,615.0055656810798,618.6020894569926,615.0055656810798,617.5231323242188,10600,0.0,0.0
2009-02-20 00:00:00+09:00,615.0055596309188,617.5231262492911,613.9266025087593,614.2862548828125,39600,0.0,0.0
2009-02-23 00:00:00+09:00,600.6195955944232,608.1722970959099,600.6195955944232,600.979248046875,11800,0.0,0.0
2009-02-24 00:00:00+09:00,600.9792036176802,607.8125997090841,594.1458075262763,598.8212890625,46600,0.0,0.0
2009-02-25 00:00:00+09:00,602.4178301246421,602.4178301246421,589.8299948683062,592.7072143554688,21200,0.0,0.0
2009-02-26 00:00:00+09:00,592.7071915536557,593.4264963977741,566.4525647433298,571.8473510742188,43600,0.0,0.0
2009-02-27 00:00:00+09:00,561.0576324462891,561.0576324462891,505.31152153015137,517.8993530273438,121400,0.0,0.0
2009-03-02 00:00:00+09:00,532.2855383976632,535.5224099149463,517.8994427652939,526.1714477539062,17400,0.0,0.0
2009-03-03 00:00:00+09:00,518.9784439086915,535.8821077089052,518.9784439086915,532.2855834960938,13800,0.0,0.0
2009-03-04 00:00:00+09:00,525.0925243977321,542.3558402683424,525.0925243977321,537.6803588867188,37400,0.0,0.0
2009-03-05 00:00:00+09:00,539.478604105495,546.3119997574979,532.645208453492,535.882080078125,20800,0.0,0.0
2009-03-06 00:00:00+09:00,528.6891568417581,543.0752563476562,526.5312419158734,543.0752563476562,6600,0.0,0.0
2009-03-09 00:00:00+09:00,543.0750415788982,543.0750415788982,525.8117289989068,526.8906860351562,12800,0.0,0.0
2009-03-10 00:00:00+09:00,522.9347532033585,528.6891934036705,511.4258728027343,511.4258728027344,17400,0.0,0.0
2009-03-11 00:00:00+09:00,516.8203960418701,521.855528640747,516.8203960418701,517.8993530273438,11200,0.0,0.0
2009-03-12 00:00:00+09:00,510.7063910735147,539.4785821199099,510.7063910735147,538.75927734375,8400,0.0,0.0
2009-03-13 00:00:00+09:00,545.9523766859522,571.8473510742188,539.4786330888857,571.8473510742188,36800,0.0,0.0
2009-03-16 00:00:00+09:00,589.1106096335018,618.6021053538603,589.1106096335018,611.4090576171875,24800,0.0,0.0
2009-03-17 00:00:00+09:00,629.3917457764513,629.3917457764513,618.96182541787,626.5145263671875,29600,0.0,0.0
2009-03-18 00:00:00+09:00,626.874117264508,626.874117264508,622.1986361833613,622.5582885742188,20600,0.0,0.0
2009-03-19 00:00:00+09:00,622.198588355959,622.198588355959,604.2159701953823,604.5756225585938,8000,0.0,0.0
2009-03-23 00:00:00+09:00,604.5757725713925,635.8655359346948,593.4265465453882,600.979248046875,7800,0.0,0.0
2009-03-24 00:00:00+09:00,611.7686763806289,650.9707843909102,611.7686763806289,640.1812133789062,47600,0.0,0.0
2009-03-25 00:00:00+09:00,659.6023666298455,663.5585422203189,643.418011941545,658.1637573242188,10200,0.0,0.0
2009-03-26 00:00:00+09:00,635.9160606998137,659.6470390582906,626.6461472785336,645.1859741210938,6200,27.5,0.0
2009-03-27 00:00:00+09:00,638.1408450369107,668.1753647626457,638.1408450369107,656.3098754882812,14200,0.0,0.0
2009-03-30 00:00:00+09:00,654.4558519048121,654.4558519048121,632.578857421875,632.578857421875,3400,0.0,0.0
2009-03-31 00:00:00+09:00,629.9833736342279,639.6240844726562,617.7470868008379,639.6240844726562,5000,0.0,0.0
2009-04-01 00:00:00+09:00,628.5002030844752,639.6241004842004,622.9382543846126,638.8825073242188,11800,0.0,0.0
2009-04-02 00:00:00+09:00,641.4780165361627,653.343505859375,641.4780165361627,653.343505859375,1800,0.0,0.0
2009-04-03 00:00:00+09:00,664.4674672865013,678.5577372401214,664.4674672865013,672.9957885742188,8600,0.0,0.0
2009-04-06 00:00:00+09:00,678.557609348702,728.6151379072129,678.557609348702,716.008056640625,39400,0.0,0.0
2009-04-07 00:00:00+09:00,716.0081581533251,760.1329488422147,716.0081581533251,745.3010864257812,19000,0.0,0.0
2009-04-08 00:00:00+09:00,741.5930305053896,741.5930305053896,730.4691350478088,735.2894897460938,20200,0.0,0.0
2009-04-09 00:00:00+09:00,745.3010440063476,749.0090093994141,737.8851132202149,741.5930786132812,35800,0.0,0.0
2009-04-10 00:00:00+09:00,741.5930786132812,745.3010440063476,741.5930786132812,741.5930786132812,13400,0.0,0.0
2009-04-13 00:00:00+09:00,743.4469988695065,743.4469988695065,720.4576153633172,724.536376953125,3400,0.0,0.0
2009-04-14 00:00:00+09:00,723.4239500431052,743.4469604492188,723.053153554103,743.4469604492188,7000,0.0,0.0
2009-04-15 00:00:00+09:00,723.0533447265625,723.0533447265625,717.4913959209736,723.0533447265625,44000,0.0,0.0
2009-04-16 00:00:00+09:00,723.053336717849,724.1657264666458,721.9409469690523,723.4241333007812,12000,0.0,0.0
2009-04-17 00:00:00+09:00,734.1772928281729,734.1772928281729,724.1657842896069,726.3905639648438,7400,0.0,0.0
2009-04-20 00:00:00+09:00,726.3903787430806,741.2222394626943,726.3903787430806,737.8850708007812,7000,0.0,0.0
2009-04-21 00:00:00+09:00,723.0532813257025,726.7612468709625,710.0754019172925,717.4913330078125,18600,0.0,0.0
2009-04-22 00:00:00+09:00,717.4912585885862,717.4912585885862,711.9293108475894,715.2664794921875,10800,0.0,0.0
2009-04-23 00:00:00+09:00,708.2214885653781,709.7046749288658,708.2214885653781,708.59228515625,6800,0.0,0.0
2009-04-24 00:00:00+09:00,730.0984158616966,730.0984158616966,717.1205364532865,717.4913330078125,13200,0.0,0.0
2009-04-27 00:00:00+09:00,717.4912611064285,717.4912611064285,697.097452651207,712.3001098632812,4800,0.0,0.0
2009-04-28 00:00:00+09:00,711.9294722908004,713.4126586914062,711.9294722908004,713.4126586914062,1400,0.0,0.0
2009-04-30 00:00:00+09:00,717.4912570139644,741.5930305053896,717.4912570139644,735.2894897460938,9800,0.0,0.0
2009-05-01 00:00:00+09:00,735.289574732925,745.3010818019059,730.4692194774898,734.1771850585938,16200,0.0,0.0
2009-05-07 00:00:00+09:00,739.7391194258587,749.009033203125,738.255933221496,749.009033203125,77600,0.0,0.0
2009-05-08 00:00:00+09:00,749.0090093994141,750.8629920959473,740.851485534668,741.5930786132812,59200,0.0,0.0
2009-05-11 00:00:00+09:00,741.5930385185419,741.5930385185419,730.4691429407637,734.918701171875,25400,0.0,0.0
2009-05-12 00:00:00+09:00,741.5931137194212,778.6727694053924,741.5931137194212,776.8187866210938,8000,0.0,0.0
2009-05-13 00:00:00+09:00,778.6726897685941,797.2125157154654,761.98684641641,780.5266723632812,21200,0.0,0.0
2009-05-14 00:00:00+09:00,767.548908122535,767.548908122535,749.0090794239229,763.8409423828125,8800,0.0,0.0
2009-05-15 00:00:00+09:00,774.96484375,782.3807752691388,760.1329807117226,774.96484375,91000,0.0,0.0
2009-05-18 00:00:00+09:00,797.212601964614,797.212601964614,778.6727740119485,787.9426879882812,14000,0.0,0.0
2009-05-19 00:00:00+09:00,789.7967187723982,812.0445136673953,771.2568896932339,808.3365478515625,42400,0.0,0.0
2009-05-20 00:00:00+09:00,804.6285839732525,819.4604472722986,800.9206181484909,813.8984985351562,87200,0.0,0.0
2009-05-21 00:00:00+09:00,815.7524800096821,875.0799331012954,808.3365483732305,867.6640014648438,61000,0.0,0.0
2009-05-22 00:00:00+09:00,889.9117096125731,952.947122376797,882.495778699135,951.0931396484375,29400,0.0,0.0
2009-05-25 00:00:00+09:00,960.3631494723068,960.3631494723068,926.9914570196012,932.5534057617188,14600,0.0,0.0
2009-05-26 00:00:00+09:00,928.8454815855121,941.8233625657488,925.1375155911587,936.2614135742188,30000,0.0,0.0
2009-05-27 00:00:00+09:00,936.2613605668973,958.5091552734375,936.2613605668973,958.5091552734375,3000,0.0,0.0
2009-05-28 00:00:00+09:00,956.6549926757813,978.9027832031251,954.8010101318359,964.0709228515625,13200,0.0,0.0
2009-05-29 00:00:00+09:00,986.3187890274978,1043.792252297897,986.3187890274978,1034.5223388671875,23000,0.0,0.0
2009-06-01 00:00:00+09:00,1034.5225203230575,1034.5225203230575,1001.1508261190878,1028.9605712890625,2400,0.0,0.0
2009-06-02 00:00:00+09:00,1008.56650390625,1008.56650390625,926.9912719726562,964.0709228515625,20000,0.0,0.0
2009-06-03 00:00:00+09:00,964.0710310502486,978.9028930664062,919.5754450017756,978.9028930664062,44200,0.0,0.0
2009-06-04 00:00:00+09:00,982.6106672693936,1006.7124383533599,975.1947377050963,999.2965087890625,25200,0.0,0.0
2009-06-05 00:00:00+09:00,999.296773952908,1004.8587226019965,965.9250820583767,1001.1507568359375,21800,0.0,0.0
2009-06-08 00:00:00+09:00,967.7790795806656,1001.1507719799988,964.0711137585174,986.3189086914062,20400,0.0,0.0
2009-06-09 00:00:00+09:00,986.3189086914062,988.1728916024803,984.4649257803321,986.3189086914062,21000,0.0,0.0
2009-06-10 00:00:00+09:00,1038.230224609375,1134.6373168945313,1034.5222595214843,1112.3895263671875,171400,0.0,0.0
2009-06-11 00:00:00+09:00,1038.2305192618535,1079.0181468042833,1038.2305192618535,1075.3101806640625,29600,0.0,0.0
2009-06-12 00:00:00+09:00,1112.389707325691,1112.389707325691,1101.2658102524342,1106.8277587890625,45800,0.0,0.0
2009-06-15 00:00:00+09:00,1123.5135638897236,1186.5489783653845,1123.5135638897236,1156.88525390625,118400,0.0,0.0
2009-06-16 00:00:00+09:00,1127.2217156145484,1145.7615464634719,1108.681884765625,1108.681884765625,108400,0.0,0.0
2009-06-17 00:00:00+09:00,1049.3542618424924,1086.433917737987,1049.3542618424924,1082.7259521484375,140800,0.0,0.0
2009-06-18 00:00:00+09:00,1101.2656311035157,1112.3895263671875,1101.2656311035157,1112.3895263671875,23400,0.0,0.0
2009-06-19 00:00:00+09:00,1112.3895263671875,1116.0974914550782,1108.6815612792968,1112.3895263671875,27200,0.0,0.0
2009-06-22 00:00:00+09:00,1112.3898509354096,1116.0978171051943,1108.681884765625,1108.681884765625,40400,0.0,0.0
2009-06-23 00:00:00+09:00,1108.6817717297763,1108.6817717297763,1075.3100796041308,1077.1640625,15800,0.0,0.0
2009-06-24 00:00:00+09:00,1062.332052516605,1066.040017795895,1056.7701045976698,1064.18603515625,15400,0.0,0.0
2009-06-25 00:00:00+09:00,1093.8498657437392,1093.8498657437392,1073.4560546875,1073.4560546875,26200,0.0,0.0
2009-06-26 00:00:00+09:00,1073.4558386688755,1093.8496456211337,1067.8938913182594,1086.4337158203125,49400,0.0,0.0
2009-06-29 00:00:00+09:00,1075.3101042663159,1093.849933650218,1075.3101042663159,1090.1419677734375,20600,0.0,0.0
2009-06-30 00:00:00+09:00,1108.6817016601562,1179.1330472506008,1108.6817016601562,1156.88525390625,63200,0.0,0.0
2009-07-01 00:00:00+09:00,1175.4250466739431,1290.3719755284926,1171.7170812270222,1260.708251953125,68200,0.0,0.0
2009-07-02 00:00:00+09:00,1294.079946089764,1316.3277388592155,1208.7967404735332,1271.8321533203125,52400,0.0,0.0
2009-07-03 00:00:00+09:00,1231.0445132529267,1242.1684094570194,1205.088755443377,1227.3365478515625,47600,0.0,0.0
2009-07-06 00:00:00+09:00,1208.7967051630435,1216.2126358695652,1186.5489130434783,1193.96484375,112800,0.0,0.0
2009-07-07 00:00:00+09:00,1216.2126839292562,1216.2126839292562,1186.5489599309817,1208.7967529296875,36000,0.0,0.0
2009-07-08 00:00:00+09:00,1205.0888204128942,1205.0888204128942,1182.8410268052714,1190.2569580078125,53400,0.0,0.0
2009-07-09 00:00:00+09:00,1164.3011524669755,1201.3808070041403,1153.177256105826,1175.425048828125,17800,0.0,0.0
2009-07-10 00:00:00+09:00,1164.3011103762856,1201.3807635729827,1142.0533184582673,1171.717041015625,35800,0.0,0.0
2009-07-13 00:00:00+09:00,1264.4161580403647,1264.4161580403647,1201.3807484019887,1223.6285400390625,108400,0.0,0.0
2009-07-14 00:00:00+09:00,1334.8676291476474,1390.4871136954662,1316.3278009650414,1320.0357666015625,149800,0.0,0.0
2009-07-15 00:00:00+09:00,1357.115403293919,1383.0711623733107,1342.2835409628378,1371.947265625,144800,0.0,0.0
2009-07-16 00:00:00+09:00,1390.4870334555524,1427.5666876810337,1390.4870334555524,1420.1507568359375,111000,0.0,0.0
2009-07-17 00:00:00+09:00,1475.7702821095784,1475.7702821095784,1386.779109319051,1423.8587646484375,119000,0.0,0.0
2009-07-21 00:00:00+09:00,1423.8585757672633,1472.062121301051,1416.4426456851422,1449.8143310546875,142400,0.0,0.0
2009-07-22 00:00:00+09:00,1457.2304824145872,1490.6021728515625,1457.2304824145872,1490.6021728515625,90000,0.0,0.0
2009-07-23 00:00:00+09:00,1498.0181668660289,1553.6376532595696,1498.0181668660289,1549.9296875,77000,0.0,0.0
2009-07-24 00:00:00+09:00,1587.0093236852574,1624.0889807807075,1587.0093236852574,1601.8411865234375,65800,0.0,0.0
2009-07-27 00:00:00+09:00,1564.7612851016172,1612.9648317990604,1561.0533199710446,1590.717041015625,78600,0.0,0.0
2009-07-28 00:00:00+09:00,1583.301366530887,1583.301366530887,1453.5225659955686,1516.5579833984375,113600,0.0,0.0
2009-07-29 00:00:00+09:00,1509.14200544946,1523.9738679108798,1501.72607421875,1501.72607421875,76400,0.0,0.0
2009-07-30 00:00:00+09:00,1490.6021773726852,1501.72607421875,1468.3543836805557,1501.72607421875,35200,0.0,0.0
2009-07-31 00:00:00+09:00,1516.5576600609756,1535.0974847560976,1505.4337652439024,1520.265625,53600,0.0,0.0
2009-08-03 00:00:00+09:00,1535.0975463867187,1598.1329528808594,1535.0975463867187,1557.3453369140625,80600,0.0,0.0
2009-08-04 00:00:00+09:00,1575.8851391928538,1687.1240901947021,1568.4692091260638,1661.1683349609375,45400,0.0,0.0
2009-08-05 00:00:00+09:00,1668.5843331473213,1676.000263516865,1616.672820560516,1635.212646484375,43200,0.0,0.0
2009-08-06 00:00:00+09:00,1635.2126361892883,1635.2126361892883,1538.8055419921875,1538.8055419921875,64200,0.0,0.0
2009-08-07 00:00:00+09:00,1542.5137559808613,1557.345619019139,1542.5137559808613,1549.9296875,24000,0.0,0.0
2009-08-10 00:00:00+09:00,1553.6374880704013,1635.2127261075107,1549.9295227050782,1631.5047607421875,29000,0.0,0.0
2009-08-11 00:00:00+09:00,1538.805362477022,1549.929256663603,1494.3097857306984,1512.849609375,81000,0.0,0.0
2009-08-12 00:00:00+09:00,1501.7258664394947,1568.46923828125,1501.7258664394947,1568.46923828125,28800,0.0,0.0
2009-08-13 00:00:00+09:00,1568.4694867201254,1590.7172808579994,1568.4694867201254,1579.5933837890625,52800,0.0,0.0
2009-08-14 00:00:00+09:00,1579.593346141209,1590.7172429450204,1575.8853805399385,1587.00927734375,36200,0.0,0.0
2009-08-17 00:00:00+09:00,1587.0093236852574,1601.8411865234375,1579.5933922661675,1601.8411865234375,34000,0.0,0.0
2009-08-18 00:00:00+09:00,1601.8410378196024,1631.5047607421877,1542.5135919744318,1631.5047607421875,34600,0.0,0.0
2009-08-19 00:00:00+09:00,1631.5046927432886,1690.8321361157718,1624.0887623217282,1657.46044921875,47000,0.0,0.0
2009-08-20 00:00:00+09:00,1661.168791118421,1698.2484516344573,1661.168791118421,1690.83251953125,46800,0.0,0.0
2009-08-21 00:00:00+09:00,1694.5402504396645,1720.496009199134,1683.4163538284631,1713.080078125,47000,0.0,0.0
2009-08-24 00:00:00+09:00,1713.0802564761514,1761.2838134765625,1713.0802564761514,1761.2838134765625,16200,0.0,0.0
2009-08-25 00:00:00+09:00,1753.8677243221507,1753.8677243221507,1575.8853759765625,1575.8853759765625,72000,0.0,0.0
2009-08-26 00:00:00+09:00,1538.8057819847922,1594.425268080628,1501.7261245875684,1527.681884765625,76000,0.0,0.0
2009-08-27 00:00:00+09:00,1505.433949584961,1527.6817419433594,1371.9471954345704,1483.1861572265625,64000,0.0,0.0
2009-08-28 00:00:00+09:00,1483.1861466925761,1483.1861466925761,1409.0268393579474,1460.9383544921875,47200,0.0,0.0
2009-08-31 00:00:00+09:00,1464.6463302612306,1483.1861572265625,1446.1065032958984,1483.1861572265625,8800,0.0,0.0
2009-09-02 00:00:00+09:00,1460.938509270335,1549.9296875,1460.938509270335,1549.9296875,25600,0.0,0.0
2009-09-03 00:00:00+09:00,1531.3894330193014,1535.0973977481617,1490.6018210018383,1512.849609375,2800,0.0,0.0
2009-09-04 00:00:00+09:00,1490.6022149552189,1494.3101806640625,1483.1862835375312,1494.3101806640625,4800,0.0,0.0
2009-09-07 00:00:00+09:00,1427.5666876810337,1438.690583948678,1420.1507568359375,1420.1507568359375,6400,0.0,0.0
2009-09-08 00:00:00+09:00,1409.0267760109086,1434.9825324111098,1349.6993328104495,1412.7347412109375,21000,0.0,0.0
2009-09-09 00:00:00+09:00,1390.4870181160177,1397.902948879303,1371.947191207804,1386.779052734375,14000,0.0,0.0
2009-09-10 00:00:00+09:00,1394.194900696536,1557.3453677993223,1394.194900696536,1538.8055419921875,18600,0.0,0.0
2009-09-11 00:00:00+09:00,1464.6463573222256,1494.3100810148278,1453.5224609375,1453.5224609375,4200,0.0,0.0
2009-09-14 00:00:00+09:00,1449.8145707907136,1449.8145707907136,1431.2747425197326,1438.690673828125,24800,0.0,0.0
2009-09-15 00:00:00+09:00,1453.5224658821203,1464.6463623046875,1438.6906039853639,1464.6463623046875,10800,0.0,0.0
2009-09-16 00:00:00+09:00,1446.1064770190749,1446.1064770190749,1416.4427544135553,1427.566650390625,27200,0.0,0.0
2009-09-17 00:00:00+09:00,1427.5667487250435,1472.0623356982917,1423.8587831439395,1468.3543701171875,20600,0.0,0.0
2009-09-18 00:00:00+09:00,1520.2659409134476,1612.9650836520725,1505.4340780752677,1601.8411865234375,24800,0.0,0.0
2009-09-21 00:00:00+09:00,1601.8411865234375,1601.8411865234375,1601.8411865234375,1601.8411865234375,0,0.0,0.0
2009-09-24 00:00:00+09:00,1601.8410378196024,1650.0445875688033,1601.8410378196024,1631.5047607421875,19000,0.0,0.0
2009-09-25 00:00:00+09:00,1724.2040552234444,1768.6996437453397,1650.0447410202855,1709.3721923828125,50800,0.0,0.0
2009-09-28 00:00:00+09:00,1687.1242304495179,1709.3720224994015,1650.0445770330448,1694.5401611328125,35200,0.0,0.0
2009-09-29 00:00:00+09:00,1668.584674928661,1698.2484024829482,1650.0448452072312,1664.876708984375,81400,0.0,0.0
2009-09-30 00:00:00+09:00,1624.0887623217282,1668.5843448510907,1624.0887623217282,1657.46044921875,19800,0.0,0.0
2009-10-01 00:00:00+09:00,1701.9560349484707,1742.74365234375,1661.1684175531914,1742.74365234375,22400,0.0,0.0
2009-10-02 00:00:00+09:00,1668.5844474003231,1668.5844474003231,1612.9649658203125,1612.9649658203125,18400,0.0,0.0
2009-10-05 00:00:00+09:00,1598.1329845750188,1598.1329845750188,1483.186064570783,1538.8055419921875,21000,0.0,0.0
2009-10-06 00:00:00+09:00,1557.3454483695652,1705.6640625,1557.3454483695652,1705.6640625,34000,0.0,0.0
2009-10-07 00:00:00+09:00,1620.380859375,1661.1684782608697,1546.2215523097827,1620.380859375,70400,0.0,0.0
2009-10-08 00:00:00+09:00,1624.0889141376201,1624.0889141376201,1542.513671875,1542.513671875,21200,0.0,0.0
2009-10-09 00:00:00+09:00,1509.1420008721043,1512.8499664762126,1486.894207247454,1490.6021728515625,14600,0.0,0.0
2009-10-13 00:00:00+09:00,1475.770104980469,1557.3453369140625,1446.1063842773438,1557.3453369140625,25000,0.0,0.0
2009-10-14 00:00:00+09:00,1557.345274390244,1557.345274390244,1494.3098704268293,1520.265625,5600,0.0,0.0
2009-10-15 00:00:00+09:00,1520.2656860351562,1612.9648132324219,1520.2656860351562,1557.3453369140625,23000,0.0,0.0
2009-10-16 00:00:00+09:00,1557.3456064238235,1557.3456064238235,1494.3101890209543,1516.5579833984375,13400,0.0,0.0
2009-10-19 00:00:00+09:00,1516.5579956638758,1549.9296875,1512.8500299043062,1549.9296875,6600,0.0,0.0
2009-10-20 00:00:00+09:00,1549.929344512195,1557.345274390244,1505.4337652439024,1520.265625,15000,0.0,0.0
2009-10-21 00:00:00+09:00,1509.1419149780274,1509.1419149780274,1483.1861572265625,1483.1861572265625,14600,0.0,0.0
2009-10-22 00:00:00+09:00,1483.1860719613694,1490.6020023211763,1468.3542112417558,1475.7701416015625,17800,0.0,0.0
2009-10-23 00:00:00+09:00,1464.6461315583113,1486.8939208984375,1464.6461315583113,1486.8939208984375,12000,0.0,0.0
2009-10-26 00:00:00+09:00,1475.7701416015625,1486.8940371412727,1472.0621764216592,1475.7701416015625,5000,0.0,0.0
2009-10-27 00:00:00+09:00,1475.7700262283743,1486.8939208984375,1468.3540964483323,1486.8939208984375,5800,0.0,0.0
2009-10-28 00:00:00+09:00,1475.7702733408107,1498.01806640625,1472.062307829904,1498.01806640625,14000,0.0,0.0
2009-10-29 00:00:00+09:00,1453.5226211939103,1460.9385529346955,1446.106689453125,1446.106689453125,23600,0.0,0.0
2009-10-30 00:00:00+09:00,1453.522566303454,1457.23053203382,1409.0269775390625,1409.0269775390625,51400,0.0,0.0
2009-11-02 00:00:00+09:00,1394.1950109929987,1401.6109419025358,1353.407390990544,1357.1153564453125,25400,0.0,0.0
2009-11-04 00:00:00+09:00,1357.1153642070087,1357.1153642070087,1282.9560546875,1282.9560546875,110000,0.0,0.0
2009-11-05 00:00:00+09:00,1286.664108754563,1305.2039374109686,1286.664108754563,1301.4959716796875,37400,0.0,0.0
2009-11-06 00:00:00+09:00,1297.7879115513392,1305.2038424744896,1268.1241878587373,1271.8321533203125,24000,0.0,0.0
2009-11-09 00:00:00+09:00,1279.2480892115248,1286.6640201634755,1279.2480892115248,1282.9560546875,36200,0.0,0.0
2009-11-10 00:00:00+09:00,1282.9560923021893,1286.6640578868778,1271.8321955481242,1275.5401611328125,22000,0.0,0.0
2009-11-11 00:00:00+09:00,1275.5398667279412,1279.2478314568014,1193.9646426930146,1197.672607421875,32200,0.0,0.0
2009-11-12 00:00:00+09:00,1205.0886942843888,1271.832068121678,1205.0886942843888,1264.4161376953125,53600,0.0,0.0
2009-11-13 00:00:00+09:00,1282.9561917608678,1327.4517822265625,1257.000430655879,1327.4517822265625,40200,0.0,0.0
2009-11-16 00:00:00+09:00,1345.9915604550615,1364.5313891114672,1297.7880059484064,1301.4959716796875,79200,0.0,0.0
2009-11-17 00:00:00+09:00,1264.4159725413604,1264.4159725413604,1156.8849954044117,1197.672607421875,31000,0.0,0.0
2009-11-18 00:00:00+09:00,1205.0887136748343,1264.4161580403647,1205.0887136748343,1223.6285400390625,25000,0.0,0.0
2009-11-19 00:00:00+09:00,1242.1683933423913,1242.1683933423913,1186.5489130434783,1193.96484375,15600,0.0,0.0
2009-11-20 00:00:00+09:00,1193.9646426930146,1205.0885368795955,1175.4248190487133,1197.672607421875,18600,0.0,0.0
2009-11-24 00:00:00+09:00,1212.5046705163045,1212.5046705163045,1193.96484375,1193.96484375,7200,0.0,0.0
2009-11-25 00:00:00+09:00,1231.0444861303401,1231.0444861303401,1149.4692490976067,1171.717041015625,14800,0.0,0.0
2009-11-26 00:00:00+09:00,1193.9648760967073,1197.6728415504238,1168.009117920692,1175.425048828125,6200,0.0,0.0
2009-11-27 00:00:00+09:00,1175.4249778570131,1216.2125953851744,1082.7258471111918,1116.0975341796875,78800,0.0,0.0
2009-11-30 00:00:00+09:00,1101.2657470703125,1186.5489530723905,1101.2657470703125,1101.2657470703125,14400,0.0,0.0
2009-12-01 00:00:00+09:00,1082.7256937075551,1116.0973760478564,1075.3097642985992,1091.99560546875,19400,0.0,0.0
2009-12-02 00:00:00+09:00,1145.7614403985867,1168.0092353577827,1116.0977137863256,1164.30126953125,33000,0.0,0.0
2009-12-03 00:00:00+09:00,1186.5489022943038,1238.4604167696796,1171.717041015625,1171.717041015625,34600,0.0,0.0
2009-12-04 00:00:00+09:00,1208.7968450306419,1334.8676816289296,1186.5490503368264,1238.4605712890625,45200,0.0,0.0
2009-12-07 00:00:00+09:00,1294.0799927085077,1394.1950637776474,1260.708302352128,1383.0711669921875,30600,0.0,0.0
2009-12-08 00:00:00+09:00,1353.407470703125,1397.903058781036,1353.407470703125,1353.407470703125,16800,0.0,0.0
2009-12-09 00:00:00+09:00,1345.9917381054147,1349.6997043260906,1334.8678394433864,1338.5758056640625,6000,0.0,0.0
2009-12-10 00:00:00+09:00,1282.9563123539212,1338.5758056640625,1260.7085150298649,1338.5758056640625,5800,0.0,0.0
2009-12-11 00:00:00+09:00,1282.9560546875,1305.2038475433526,1282.9560546875,1282.9560546875,15200,0.0,0.0
2009-12-14 00:00:00+09:00,1297.7880859375,1297.7880859375,1238.4606305803572,1297.7880859375,8200,0.0,0.0
2009-12-15 00:00:00+09:00,1345.9915393568065,1364.5313677226027,1338.575608010488,1353.407470703125,8400,0.0,0.0
2009-12-16 00:00:00+09:00,1371.9471807065217,1371.9471807065217,1349.6993885869565,1364.53125,12800,0.0,0.0
2009-12-17 00:00:00+09:00,1364.5313677226027,1364.5313677226027,1353.407470703125,1353.407470703125,3800,0.0,0.0
2009-12-18 00:00:00+09:00,1334.867576446096,1334.867576446096,1279.2480940941753,1294.0799560546875,4600,0.0,0.0
2009-12-21 00:00:00+09:00,1268.1243404559236,1279.248238179221,1242.1685791015625,1242.1685791015625,6000,0.0,0.0
2009-12-22 00:00:00+09:00,1242.1685791015625,1257.000442732626,1234.7526472860309,1242.1685791015625,20000,0.0,0.0
2009-12-24 00:00:00+09:00,1260.7083486355948,1301.4959716796875,1234.7525885166265,1301.4959716796875,20600,0.0,0.0
2009-12-25 00:00:00+09:00,1327.451697874605,1327.451697874605,1297.7879727824352,1320.0357666015625,5000,0.0,0.0
2009-12-28 00:00:00+09:00,1327.4517822265625,1327.4517822265625,1327.4517822265625,1327.4517822265625,2800,0.0,0.0
2009-12-29 00:00:00+09:00,1327.451697874605,1327.451697874605,1316.3278009650414,1320.0357666015625,6800,0.0,0.0
2009-12-30 00:00:00+09:00,1323.743615280619,1331.1595458984375,1316.3276846628003,1331.1595458984375,10000,0.0,0.0
2010-01-04 00:00:00+09:00,1331.1594604150255,1334.8674254858195,1323.7435302734375,1323.7435302734375,8800,0.0,0.0
2010-01-05 00:00:00+09:00,1323.7438163544214,1333.0137310347743,1323.7438163544214,1327.4517822265625,4400,0.0,0.0
2010-01-06 00:00:00+09:00,1279.2480315737073,1333.0135285528922,1279.2480315737073,1331.1595458984375,8800,0.0,0.0
2010-01-07 00:00:00+09:00,1331.15937396842,1334.8673387984154,1316.3275146484375,1316.3275146484375,21600,0.0,0.0
2010-01-08 00:00:00+09:00,1342.283611371169,1345.9915771484375,1327.4517482620954,1345.9915771484375,29400,0.0,0.0
2010-01-12 00:00:00+09:00,1334.8677350287655,1334.8677350287655,1325.597820202177,1329.3057861328125,20600,0.0,0.0
2010-01-13 00:00:00+09:00,1316.3277163748014,1325.5976298703986,1301.495854781846,1312.6197509765625,3400,0.0,0.0
2010-01-14 00:00:00+09:00,1312.619900390625,1397.9031142578124,1312.619900390625,1390.4871826171875,9800,0.0,0.0
2010-01-15 00:00:00+09:00,1433.12859837916,1472.0622342989043,1397.9029277851057,1427.566650390625,11800,0.0,0.0
2010-01-18 00:00:00+09:00,1394.1950403849282,1423.8587646484375,1392.341057618459,1423.8587646484375,1800,0.0,0.0
2010-01-19 00:00:00+09:00,1423.8587646484375,1423.8587646484375,1423.8587646484375,1423.8587646484375,4000,0.0,0.0
2010-01-20 00:00:00+09:00,1483.186189675633,1483.186189675633,1434.9826385111749,1464.6463623046875,7200,0.0,0.0
2010-01-21 00:00:00+09:00,1414.5889343894207,1457.2305405374636,1414.5889343894207,1431.2747802734375,4200,0.0,0.0
2010-01-22 00:00:00+09:00,1433.1287253468308,1442.3986394823212,1433.1287253468308,1438.690673828125,11800,0.0,0.0
2010-01-25 00:00:00+09:00,1440.544576845929,1457.23042136538,1436.8366113971622,1442.3985595703125,4200,0.0,0.0
2010-01-26 00:00:00+09:00,1416.4429089997946,1444.252651977539,1405.3190118086966,1409.0269775390625,9400,0.0,0.0
2010-01-27 00:00:00+09:00,1390.4870290769165,1390.4870290769165,1353.4073749681988,1366.38525390625,9400,0.0,0.0
2010-01-28 00:00:00+09:00,1383.0711698624439,1383.0711698624439,1334.867617025415,1340.4295654296875,10600,0.0,0.0
2010-01-29 00:00:00+09:00,1375.6553385643986,1379.36330443654,1327.4517822265625,1327.4517822265625,16400,0.0,0.0
2010-02-01 00:00:00+09:00,1366.3852049743825,1366.3852049743825,1288.517934134594,1308.9117431640625,6800,0.0,0.0
2010-02-02 00:00:00+09:00,1297.7876192492868,1305.20354850214,1297.7876192492868,1299.6416015625,9600,0.0,0.0
2010-02-03 00:00:00+09:00,1297.7878951474313,1297.7878951474313,1275.5401026591894,1281.10205078125,7800,0.0,0.0
2010-02-04 00:00:00+09:00,1314.4737509334789,1314.4737509334789,1175.4250466739431,1260.708251953125,13200,0.0,0.0
2010-02-05 00:00:00+09:00,1260.7083230691628,1260.7083230691628,1208.796803883962,1234.7525634765625,8200,0.0,0.0
2010-02-08 00:00:00+09:00,1223.6285719651441,1223.6285719651441,1193.9648490084135,1205.0887451171875,7400,0.0,0.0
2010-02-09 00:00:00+09:00,1186.5489077194359,1201.3807690659287,1166.1550983680079,1182.8409423828125,14000,0.0,0.0
2010-02-10 00:00:00+09:00,1190.2568572001362,1221.7745621415727,1168.0090654767691,1192.11083984375,19200,0.0,0.0
2010-02-12 00:00:00+09:00,1149.4692885454963,1260.708251953125,1149.4692885454963,1260.708251953125,14600,0.0,0.0
2010-02-15 00:00:00+09:00,1299.6418778547848,1318.1817049283195,1249.5843447562409,1281.10205078125,8000,0.0,0.0
2010-02-16 00:00:00+09:00,1281.1021517988565,1281.1021517988565,1277.3941860917687,1279.2481689453125,4600,0.0,0.0
2010-02-17 00:00:00+09:00,1279.248194894391,1279.248194894391,1203.234896357188,1238.4605712890625,15000,0.0,0.0
2010-02-18 00:00:00+09:00,1238.460476927962,1238.460476927962,1199.5268391802267,1208.7967529296875,9600,0.0,0.0
2010-02-19 00:00:00+09:00,1201.380779747596,1205.0887451171875,1197.672814378005,1205.0887451171875,13400,0.0,0.0
2010-02-22 00:00:00+09:00,1205.0886535644531,1205.0886535644531,1180.986880493164,1186.548828125,6800,0.0,0.0
2010-02-23 00:00:00+09:00,1186.549089566929,1232.8986633781374,1168.009260042446,1177.2791748046875,11800,0.0,0.0
2010-02-24 00:00:00+09:00,1173.5710182068067,1179.1329661603934,1160.5931396484375,1160.5931396484375,14000,0.0,0.0
2010-02-25 00:00:00+09:00,1180.9871025742127,1195.818965714862,1168.0092223261445,1184.695068359375,20200,0.0,0.0
2010-02-26 00:00:00+09:00,1171.7170833744085,1201.3808070041403,1171.7170833744085,1175.425048828125,15800,0.0,0.0
2010-03-01 00:00:00+09:00,1223.6286363119737,1223.6286363119737,1210.6507568359375,1210.6507568359375,2200,0.0,0.0
2010-03-02 00:00:00+09:00,1214.3586212998136,1216.2126039277523,1201.380742904243,1212.504638671875,6800,0.0,0.0
2010-03-03 00:00:00+09:00,1212.5045926902326,1242.168313612318,1210.6506101326022,1240.3143310546875,5600,0.0,0.0
2010-03-04 00:00:00+09:00,1234.7524572883178,1234.7524572883178,1225.4825439453125,1225.4825439453125,2800,0.0,0.0
2010-03-05 00:00:00+09:00,1184.6950024154733,1225.4826237818902,1184.6950024154733,1221.774658203125,7200,0.0,0.0
2010-03-08 00:00:00+09:00,1221.7746370541652,1231.0445508406156,1214.3587060250047,1219.920654296875,10200,0.0,0.0
2010-03-09 00:00:00+09:00,1245.8763851539318,1258.854264165952,1244.0224024379288,1249.5843505859375,6200,0.0,0.0
2010-03-10 00:00:00+09:00,1251.438301487973,1277.3940588521677,1231.044492130391,1268.1241455078125,30400,0.0,0.0
2010-03-11 00:00:00+09:00,1275.5402600165853,1331.1597480987039,1271.832294144444,1327.4517822265625,49200,0.0,0.0
2010-03-12 00:00:00+09:00,1323.7437130489864,1401.6109902871622,1323.7437130489864,1371.947265625,14200,0.0,0.0
2010-03-15 00:00:00+09:00,1384.9250962011072,1420.1507679920323,1383.071113475269,1399.7569580078125,31600,0.0,0.0
2010-03-16 00:00:00+09:00,1409.02701171875,1409.02701171875,1364.531421875,1390.4871826171875,24800,0.0,0.0
2010-03-17 00:00:00+09:00,1373.8011998460781,1399.7569580078125,1371.94721712024,1399.7569580078125,17000,0.0,0.0
2010-03-18 00:00:00+09:00,1375.6552647420804,1379.3632304152397,1334.8676423373288,1353.407470703125,48000,0.0,0.0
2010-03-19 00:00:00+09:00,1442.3986384993098,1442.3986384993098,1371.9472911175953,1384.9251708984375,44000,0.0,0.0
2010-03-23 00:00:00+09:00,1433.1286557740802,1475.7702587272547,1394.195018295095,1464.6463623046875,16800,0.0,0.0
2010-03-24 00:00:00+09:00,1446.1066708576475,1509.14208984375,1425.7128588327319,1509.14208984375,14200,0.0,0.0
2010-03-25 00:00:00+09:00,1509.142138487153,1509.142138487153,1462.792564209292,1470.20849609375,12800,0.0,0.0
2010-03-26 00:00:00+09:00,1444.2523246631954,1490.6018857884585,1444.2523246631954,1486.8939208984375,13000,0.0,0.0
2010-03-29 00:00:00+09:00,1503.8120631167765,1503.8120631167765,1428.6214599609375,1428.6214599609375,12600,27.5,0.0
2010-03-30 00:00:00+09:00,1434.2606159629622,1469.9761489948053,1434.2606159629622,1436.140380859375,5000,0.0,0.0
2010-03-31 00:00:00+09:00,1458.697710102655,1485.0144213673937,1424.8619384765625,1424.8619384765625,14800,0.0,0.0
2010-04-01 00:00:00+09:00,1451.1785301616173,1503.8119483540077,1432.3808808071922,1477.4952392578125,20600,0.0,0.0
2010-04-02 00:00:00+09:00,1522.609627016129,1575.2430462216248,1503.8119772998805,1573.36328125,27600,0.0,0.0
2010-04-05 00:00:00+09:00,1571.4833821614584,1635.3953857421875,1571.4833821614584,1635.3953857421875,37200,0.0,0.0
2010-04-06 00:00:00+09:00,1622.2372915783324,1627.8765869140625,1601.5598753473225,1627.8765869140625,12200,0.0,0.0
2010-04-07 00:00:00+09:00,1601.559836071244,1601.559836071244,1579.0026552815082,1592.1610107421875,6600,0.0,0.0
2010-04-08 00:00:00+09:00,1582.7620333214961,1588.401327977036,1533.8881463068183,1550.8060302734375,9600,0.0,0.0
2010-04-09 00:00:00+09:00,1526.3694028948794,1537.6479945418857,1511.3312806988706,1518.850341796875,6800,0.0,0.0
2010-04-12 00:00:00+09:00,1515.090355834961,1530.1284735107422,1477.4950616455078,1503.811767578125,24000,0.0,0.0
2010-04-13 00:00:00+09:00,1556.4452266483518,1560.2047561813188,1518.8499313186815,1539.52734375,12400,0.0,0.0
2010-04-14 00:00:00+09:00,1548.9261675824175,1548.9261675824175,1496.2927541208792,1539.52734375,16200,0.0,0.0
2010-04-15 00:00:00+09:00,1582.7622510469878,1582.7622510469878,1550.8062436030461,1563.964599609375,6000,0.0,0.0
2010-04-16 00:00:00+09:00,1537.6477019112065,1594.0406494140625,1537.6477019112065,1594.0406494140625,15400,0.0,0.0
2010-04-19 00:00:00+09:00,1579.00253333206,1579.00253333206,1505.6917014273572,1537.647705078125,18000,0.0,0.0
2010-04-20 00:00:00+09:00,1524.4893382510372,1543.2869873046875,1513.210748818847,1543.2869873046875,3600,0.0,0.0
2010-04-21 00:00:00+09:00,1592.1610412597656,1592.1610412597656,1511.3311418805804,1526.3692626953125,12800,0.0,0.0
2010-04-22 00:00:00+09:00,1526.3691789334916,1526.3691789334916,1503.811998949253,1509.4512939453125,7800,0.0,0.0
2010-04-23 00:00:00+09:00,1533.8881463068183,1569.6036791252368,1511.330967684659,1550.8060302734375,8600,0.0,0.0
2010-04-26 00:00:00+09:00,1577.1226806640625,1586.5215047443014,1577.1226806640625,1577.1226806640625,5000,0.0,0.0
2010-04-27 00:00:00+09:00,1550.8058054854232,1577.1225100633576,1541.406982421875,1541.406982421875,6200,0.0,0.0
2010-04-28 00:00:00+09:00,1560.20501737911,1592.161023759164,1533.8883062425948,1586.521728515625,14400,0.0,0.0
2010-04-30 00:00:00+09:00,1579.00244140625,1579.00244140625,1563.9643229166668,1579.00244140625,3200,0.0,0.0
2010-05-06 00:00:00+09:00,1624.116943359375,1624.116943359375,1579.0025838216147,1624.116943359375,38800,0.0,0.0
2010-05-07 00:00:00+09:00,1609.0787589924632,1609.0787589924632,1541.4072223993223,1543.2869873046875,1400,0.0,0.0
2010-05-10 00:00:00+09:00,1569.604008897973,1569.604008897973,1515.0908157745703,1516.9705810546875,3200,0.0,0.0
2010-05-11 00:00:00+09:00,1530.1289334438816,1567.724238933903,1518.850341796875,1518.850341796875,5400,0.0,0.0
2010-05-12 00:00:00+09:00,1545.1666380494505,1548.9261675824175,1530.1285199175825,1539.52734375,16800,0.0,0.0
2010-05-13 00:00:00+09:00,1548.9263072756903,1567.723956635832,1509.4512436193922,1532.0084228515625,10000,0.0,0.0
2010-05-14 00:00:00+09:00,1579.0026270467251,1766.9791302665735,1541.4073264027556,1765.099365234375,34000,0.0,0.0
2010-05-17 00:00:00+09:00,1755.7006145239427,1755.7006145239427,1620.3575264664225,1627.8765869140625,14400,0.0,0.0
2010-05-18 00:00:00+09:00,1616.5978930634753,1616.5978930634753,1558.3251783135129,1565.84423828125,17000,0.0,0.0
2010-05-19 00:00:00+09:00,1528.2487088012697,1528.2487088012697,1447.4188262939454,1503.811767578125,29600,0.0,0.0
2010-05-20 00:00:00+09:00,1548.9262719911053,1548.9262719911053,1486.8940305157332,1492.5333251953125,9000,0.0,0.0
2010-05-21 00:00:00+09:00,1496.2930040546491,1533.8883056640625,1473.735823089001,1533.8883056640625,13400,0.0,0.0
2010-05-24 00:00:00+09:00,1612.8382080078127,1612.8382080078127,1579.00244140625,1579.00244140625,2400,0.0,0.0
2010-05-25 00:00:00+09:00,1579.0027970832011,1579.0027970832011,1479.3752396481898,1481.2550048828125,3200,0.0,0.0
2010-05-26 00:00:00+09:00,1468.0967117033572,1471.85624233512,1406.0644562792718,1454.9383544921875,27800,0.0,0.0
2010-05-27 00:00:00+09:00,1454.9382696741015,1490.65380859375,1454.9382696741015,1490.65380859375,3800,0.0,0.0
2010-05-28 00:00:00+09:00,1511.3310847073008,1526.3692049531446,1498.1727294921875,1498.1727294921875,4200,0.0,0.0
2010-05-31 00:00:00+09:00,1454.9378102372334,1541.406982421875,1454.9378102372334,1541.406982421875,11800,0.0,0.0
2010-06-01 00:00:00+09:00,1541.407404916729,1569.6038818359375,1533.8883444049402,1569.6038818359375,9000,0.0,0.0
2010-06-02 00:00:00+09:00,1541.406982421875,1571.4832162252287,1515.0902778439406,1541.406982421875,5800,0.0,0.0
2010-06-03 00:00:00+09:00,1541.4073747264665,1567.7240860022841,1503.8120729038696,1530.1287841796875,8000,0.0,0.0
2010-06-04 00:00:00+09:00,1533.8881107159516,1556.4452888147155,1507.5714029340602,1511.3309326171875,4200,0.0,0.0
2010-06-07 00:00:00+09:00,1511.3311689126767,1511.3311689126767,1447.4191543069169,1462.457275390625,4600,0.0,0.0
2010-06-08 00:00:00+09:00,1458.6977940127933,1471.856150402084,1441.7799072265625,1441.7799072265625,8200,0.0,0.0
2010-06-09 00:00:00+09:00,1436.1404633761783,1447.419053402693,1345.9117431640625,1345.9117431640625,6400,0.0,0.0
2010-06-10 00:00:00+09:00,1368.468896484375,1468.0964397723858,1362.82960158128,1466.2166748046875,7400,0.0,0.0
2010-06-11 00:00:00+09:00,1413.5831537934923,1458.697509765625,1413.5831537934923,1458.697509765625,8800,0.0,0.0
2010-06-14 00:00:00+09:00,1466.2166496451573,1477.4952392578125,1449.2987652261747,1477.4952392578125,7200,0.0,0.0
2010-06-15 00:00:00+09:00,1522.609606373067,1522.609606373067,1473.7357177734375,1473.7357177734375,7200,0.0,0.0
2010-06-16 00:00:00+09:00,1511.3311006433823,1511.3311006433823,1413.583318014706,1438.020263671875,14200,0.0,0.0
2010-06-17 00:00:00+09:00,1454.9382432506932,1454.9382432506932,1398.5452880859375,1398.5452880859375,5000,0.0,0.0
2010-06-18 00:00:00+09:00,1413.5834248860676,1443.65966796875,1400.425068537394,1443.65966796875,5800,0.0,0.0
2010-06-21 00:00:00+09:00,1430.5010656150948,1447.4189494397149,1415.462946659877,1445.5391845703125,6600,0.0,0.0
2010-06-22 00:00:00+09:00,1469.9761383209996,1503.8119062107412,1453.0582543761286,1496.2928466796875,13600,0.0,0.0
2010-06-23 00:00:00+09:00,1473.735607894526,1479.37490231249,1447.4189006106953,1468.0963134765625,2400,0.0,0.0
2010-06-24 00:00:00+09:00,1468.0966154734292,1468.0966154734292,1428.6215464274087,1443.65966796875,6800,0.0,0.0
2010-06-25 00:00:00+09:00,1443.6595844733242,1443.6595844733242,1357.1903906116409,1374.1082763671875,9200,0.0,0.0
2010-06-28 00:00:00+09:00,1360.9498040186215,1372.2283935546875,1349.6712144825558,1372.2283935546875,7600,0.0,0.0
2010-06-29 00:00:00+09:00,1357.1903160942925,1391.0260857476128,1342.1521962483723,1353.4307861328125,22200,0.0,0.0
2010-06-30 00:00:00+09:00,1330.8737350931408,1349.67138671875,1327.114204768019,1349.67138671875,8000,0.0,0.0
2010-07-01 00:00:00+09:00,1349.6714544391225,1349.6714544391225,1319.5952103290585,1321.4749755859375,2200,0.0,0.0
2010-07-02 00:00:00+09:00,1340.272359557071,1340.272359557071,1315.8354161149366,1330.87353515625,8200,0.0,0.0
2010-07-05 00:00:00+09:00,1330.87346251937,1387.2664058464618,1330.87346251937,1364.709228515625,25800,0.0,0.0
2010-07-06 00:00:00+09:00,1338.3925946769068,1338.3925946769068,1323.3544756355932,1330.87353515625,4600,0.0,0.0
2010-07-07 00:00:00+09:00,1319.5954039817632,1319.5954039817632,1282.000093327012,1293.2786865234375,5600,0.0,0.0
2010-07-08 00:00:00+09:00,1319.5950711909918,1330.8736615430516,1319.5950711909918,1328.993896484375,2400,0.0,0.0
2010-07-09 00:00:00+09:00,1315.835693359375,1330.8738155691965,1315.835693359375,1315.835693359375,1800,0.0,0.0
2010-07-12 00:00:00+09:00,1334.633073239421,1334.633073239421,1315.8354243205558,1327.114013671875,2000,0.0,0.0
2010-07-13 00:00:00+09:00,1317.7154677426577,1317.7154677426577,1298.9178148504657,1312.076171875,4200,0.0,0.0
2010-07-14 00:00:00+09:00,1315.8356094890908,1351.5511474609375,1315.8356094890908,1351.5511474609375,3600,0.0,0.0
2010-07-15 00:00:00+09:00,1392.90576171875,1398.5450563006073,1392.90576171875,1392.90576171875,7600,0.0,0.0
2010-07-16 00:00:00+09:00,1436.1404452853733,1436.1404452853733,1344.0319612291125,1353.4307861328125,7800,0.0,0.0
2010-07-21 00:00:00+09:00,1353.430744327911,1372.2283935546875,1353.430744327911,1372.2283935546875,1200,0.0,0.0
2010-07-22 00:00:00+09:00,1375.9878752633429,1375.9878752633429,1338.392578125,1338.392578125,2200,0.0,0.0
2010-07-23 00:00:00+09:00,1379.7476031423985,1379.7476031423985,1306.4367631934153,1308.3165283203125,7400,0.0,0.0
2010-07-26 00:00:00+09:00,1328.9939491765963,1328.9939491765963,1297.0379419120954,1306.436767578125,7000,0.0,0.0
2010-07-27 00:00:00+09:00,1344.032016953788,1370.3487277752608,1327.1141314256984,1328.993896484375,3600,0.0,0.0
2010-07-28 00:00:00+09:00,1381.6272181680758,1381.6272181680758,1360.9498040186215,1372.2283935546875,8800,0.0,0.0
2010-07-29 00:00:00+09:00,1372.228778270965,1413.5836181640625,1372.228778270965,1413.5836181640625,6200,0.0,0.0
2010-07-30 00:00:00+09:00,1413.5832226819828,1428.6213420722167,1387.2665137490735,1426.7415771484375,8000,0.0,0.0
2010-08-02 00:00:00+09:00,1443.659329829172,1443.659329829172,1383.5068577529566,1430.5009765625,6000,0.0,0.0
2010-08-03 00:00:00+09:00,1430.5012869745412,1430.5012869745412,1391.0262186086209,1402.3048095703125,11000,0.0,0.0
2010-08-04 00:00:00+09:00,1391.0260765593791,1428.621375925849,1391.0260765593791,1411.7034912109375,11200,0.0,0.0
2010-08-05 00:00:00+09:00,1438.0205690099838,1438.0205690099838,1413.5836181640625,1413.5836181640625,4000,0.0,0.0
2010-08-06 00:00:00+09:00,1413.5833479345317,1424.8619384765625,1413.5833479345317,1424.8619384765625,2800,0.0,0.0
2010-08-09 00:00:00+09:00,1417.3427903645834,1417.3427903645834,1409.82373046875,1409.82373046875,1600,0.0,0.0
2010-08-10 00:00:00+09:00,1344.0320657313555,1357.1904216196344,1266.9616955285785,1308.3165283203125,22000,0.0,0.0
2010-08-11 00:00:00+09:00,1285.759294577206,1287.6390596277574,1218.087752757353,1278.240234375,16200,0.0,0.0
2010-08-12 00:00:00+09:00,1251.9235943488354,1251.9235943488354,1193.6508744917576,1195.5306396484375,12000,0.0,0.0
2010-08-13 00:00:00+09:00,1191.7709421337663,1216.2078857421875,1146.6565847028353,1216.2078857421875,32200,0.0,0.0
2010-08-16 00:00:00+09:00,1240.644665025685,1240.644665025685,1212.4481953660104,1235.00537109375,9400,0.0,0.0
2010-08-17 00:00:00+09:00,1235.0057734179386,1235.0057734179386,1201.1699988037485,1219.9676513671875,5200,0.0,0.0
2010-08-18 00:00:00+09:00,1193.6510478515625,1193.6510478515625,1171.0938626953125,1174.8533935546875,7200,0.0,0.0
2010-08-19 00:00:00+09:00,1171.0934935743437,1182.3720825975315,1169.2137287371456,1176.7327880859375,7200,0.0,0.0
2010-08-20 00:00:00+09:00,1171.0936279296875,1201.1698687753938,1169.2138628768307,1171.0936279296875,6000,0.0,0.0
2010-08-23 00:00:00+09:00,1171.0937727153494,1171.0937727153494,1127.8591711544295,1161.6949462890625,1400,0.0,0.0
2010-08-24 00:00:00+09:00,1161.6949462890625,1165.4544768595772,1161.6949462890625,1161.6949462890625,1200,0.0,0.0
2010-08-25 00:00:00+09:00,1184.2518474347296,1184.2518474347296,1157.9351397139578,1176.7327880859375,2400,0.0,0.0
2010-08-26 00:00:00+09:00,1176.7328467275581,1176.7328467275581,1150.4161376953125,1150.4161376953125,600,0.0,0.0
2010-08-27 00:00:00+09:00,1150.4161087060784,1165.4542277741318,1146.6565789390652,1163.574462890625,7200,0.0,0.0
2010-08-30 00:00:00+09:00,1167.334047236405,1195.5305218073327,1167.334047236405,1193.6507568359375,4400,0.0,0.0
2010-08-31 00:00:00+09:00,1184.2519659745067,1184.2519659745067,1169.2138457716558,1178.6126708984375,3400,0.0,0.0
2010-09-01 00:00:00+09:00,1203.0496471774195,1203.0496471774195,1157.9352854082663,1165.454345703125,7800,0.0,0.0
2010-09-02 00:00:00+09:00,1189.8911797571413,1189.8911797571413,1159.81494140625,1159.81494140625,5000,0.0,0.0
2010-09-03 00:00:00+09:00,1159.815050481981,1165.454345703125,1157.9352854082663,1165.454345703125,2600,0.0,0.0
2010-09-06 00:00:00+09:00,1165.4542402787642,1167.3340051824396,1154.1756508567116,1157.9351806640625,7000,0.0,0.0
2010-09-07 00:00:00+09:00,1165.454371946254,1169.213902178339,1154.17578125,1154.17578125,4000,0.0,0.0
2010-09-08 00:00:00+09:00,1154.1757016213523,1154.1757016213523,1127.8589918123964,1135.3780517578125,7400,0.0,0.0
2010-09-09 00:00:00+09:00,1135.378018248315,1150.4161376953125,1116.580368939568,1150.4161376953125,11400,0.0,0.0
2010-09-10 00:00:00+09:00,1150.4163772558115,1176.7330917681993,1137.2580199996175,1152.296142578125,5800,0.0,0.0
2010-09-13 00:00:00+09:00,1169.2137287371456,1176.7327880859375,1142.8970210163739,1176.7327880859375,5000,0.0,0.0
2010-09-14 00:00:00+09:00,1186.1315958658854,1186.1315958658854,1176.732771809896,1184.2518310546875,5600,0.0,0.0
2010-09-16 00:00:00+09:00,1157.9351974188112,1165.45425714231,1150.4161376953125,1150.4161376953125,7200,0.0,0.0
2010-09-17 00:00:00+09:00,1161.6948155556956,1165.454345703125,1152.295990187122,1165.454345703125,8600,0.0,0.0
2010-09-21 00:00:00+09:00,1165.454345703125,1203.0496471774195,1154.1757552608367,1165.454345703125,9600,0.0,0.0
2010-09-22 00:00:00+09:00,1165.4544998343188,1165.4544998343188,1152.296142578125,1152.296142578125,5800,0.0,0.0
2010-09-24 00:00:00+09:00,1172.9735611235726,1172.9735611235726,1152.296142578125,1152.296142578125,5200,0.0,0.0
2010-09-27 00:00:00+09:00,1152.295990187122,1165.454345703125,1150.4162251134073,1165.454345703125,2000,0.0,0.0
2010-09-28 00:00:00+09:00,1154.175816702764,1154.175816702764,1127.859104269802,1139.1376953125,10800,0.0,0.0
2010-09-29 00:00:00+09:00,1139.1375357278964,1156.055419921875,1139.1375357278964,1156.055419921875,5000,0.0,0.0
2010-09-30 00:00:00+09:00,1146.6567207858307,1154.17578125,1146.6567207858307,1154.17578125,6600,0.0,0.0
2010-10-01 00:00:00+09:00,1154.1756675570618,1154.1756675570618,1142.8970779718138,1150.4161376953125,3800,0.0,0.0
2010-10-04 00:00:00+09:00,1141.0173509891947,1141.0173509891947,1131.6185260222326,1133.498291015625,4400,0.0,0.0
2010-10-05 00:00:00+09:00,1133.4984265136718,1133.4984265136718,1063.9471134440103,1127.859130859375,13400,0.0,0.0
2010-10-06 00:00:00+09:00,1120.3401152012711,1122.2198804952332,1094.023401085805,1109.0615234375,13600,0.0,0.0
2010-10-07 00:00:00+09:00,1105.3016677330281,1116.5802561792834,1078.9849613584322,1090.2635498046875,11600,0.0,0.0
2010-10-08 00:00:00+09:00,1090.2636634852877,1097.4067702460534,1086.5041336112006,1094.023193359375,10200,0.0,0.0
2010-10-12 00:00:00+09:00,1090.263615387887,1104.92578125,1086.504085679653,1104.92578125,4200,0.0,0.0
2010-10-13 00:00:00+09:00,1102.2943683792373,1109.0615234375,1090.6398235566737,1109.0615234375,5800,0.0,0.0
2010-10-14 00:00:00+09:00,1109.0612346122348,1131.6184122653651,1109.0612346122348,1129.7386474609375,6200,0.0,0.0
2010-10-15 00:00:00+09:00,1156.0552863277298,1156.0552863277298,1115.076416015625,1115.076416015625,5800,0.0,0.0
2010-10-18 00:00:00+09:00,1115.8284398929234,1123.3474994609348,1115.8284398929234,1116.956298828125,1000,0.0,0.0
2010-10-19 00:00:00+09:00,1116.9561806272418,1126.73095703125,1116.9561806272418,1126.73095703125,400,0.0,0.0
2010-10-20 00:00:00+09:00,1119.2119605384396,1131.618408203125,1101.5421714402514,1131.618408203125,2000,0.0,0.0
2010-10-21 00:00:00+09:00,1109.0614249042962,1109.4373779296875,1101.9183174218617,1109.4373779296875,4200,0.0,0.0
2010-10-22 00:00:00+09:00,1109.4372784664756,1146.6566246434263,1109.4372784664756,1142.8970947265625,6600,0.0,0.0
2010-10-25 00:00:00+09:00,1165.4542402787642,1165.4542402787642,1157.9351806640625,1157.9351806640625,2000,0.0,0.0
2010-10-26 00:00:00+09:00,1131.6186612955728,1131.6186612955728,1127.859130859375,1127.859130859375,3000,0.0,0.0
2010-10-27 00:00:00+09:00,1127.1071113509877,1127.4830643567752,1121.8437692699624,1124.0994873046875,5000,0.0,0.0
2010-10-28 00:00:00+09:00,1115.452639542669,1115.452639542669,1063.9470744542477,1072.593994140625,17200,0.0,0.0
2010-10-29 00:00:00+09:00,1115.4524646515542,1115.4524646515542,1054.5480833662318,1060.1873779296875,21600,0.0,0.0
2010-11-01 00:00:00+09:00,1052.668220766129,1060.187279485887,1033.870573966734,1048.90869140625,17200,0.0,0.0
2010-11-02 00:00:00+09:00,1039.886042096288,1041.7658071759993,1035.7505589209231,1036.87841796875,15400,0.0,0.0
2010-11-04 00:00:00+09:00,1052.668326707073,1062.067151052672,1052.668326707073,1056.4278564453125,7800,0.0,0.0
2010-11-05 00:00:00+09:00,1057.1797419257055,1065.82666015625,1057.1797419257055,1065.82666015625,6800,0.0,0.0
2010-11-08 00:00:00+09:00,1068.8343045815031,1105.3017430424268,1053.044279680897,1056.4278564453125,52000,0.0,0.0
2010-11-09 00:00:00+09:00,1075.2255581477502,1076.7293701171875,1071.4660282241566,1076.7293701171875,3000,0.0,0.0
2010-11-10 00:00:00+09:00,1066.578796900699,1078.9852474814968,1066.578796900699,1071.4661865234375,2200,0.0,0.0
2010-11-11 00:00:00+09:00,1089.8878157257495,1094.0232989865233,1078.9851780382548,1080.113037109375,11400,0.0,0.0
2010-11-12 00:00:00+09:00,1082.744648318043,1125.9792436501868,1080.1129772978254,1106.4296875,27000,0.0,0.0
2010-11-15 00:00:00+09:00,1139.1373883704282,1169.213623046875,1120.3397416976488,1169.213623046875,16200,0.0,0.0
2010-11-16 00:00:00+09:00,1159.8149623496859,1163.5744922114354,1146.6566078335632,1150.4161376953125,3000,0.0,0.0
2010-11-17 00:00:00+09:00,1150.4161588112645,1150.4161588112645,1135.3780390882414,1141.017333984375,2400,0.0,0.0
2010-11-18 00:00:00+09:00,1077.1053615812473,1124.0994873046875,1065.8267714076217,1124.0994873046875,14800,0.0,0.0
2010-11-19 00:00:00+09:00,1142.897225660066,1144.776990833849,1125.979339096019,1139.1376953125,3800,0.0,0.0
2010-11-22 00:00:00+09:00,1146.6565912420099,1165.4542402787642,1139.1375316273081,1157.9351806640625,4800,0.0,0.0
2010-11-24 00:00:00+09:00,1157.9352854082663,1180.492466292843,1157.9352854082663,1165.454345703125,11400,0.0,0.0
2010-11-25 00:00:00+09:00,1201.1698821037046,1201.1698821037046,1161.6948155556956,1165.454345703125,17400,0.0,0.0
2010-11-26 00:00:00+09:00,1161.6949462890625,1171.0937727153494,1161.6949462890625,1161.6949462890625,5200,0.0,0.0
2010-11-29 00:00:00+09:00,1195.5304199218751,1195.5304199218751,1184.2518310546875,1184.2518310546875,4200,0.0,0.0
2010-11-30 00:00:00+09:00,1167.3340807462994,1180.492435923794,1165.454315720943,1178.6126708984375,20200,0.0,0.0
2010-12-01 00:00:00+09:00,1167.3342150174656,1172.9735107421875,1167.3342150174656,1172.9735107421875,3600,0.0,0.0
2010-12-02 00:00:00+09:00,1172.973392982544,1186.1317483525406,1171.0936279296875,1171.0936279296875,8200,0.0,0.0
2010-12-03 00:00:00+09:00,1172.973423549107,1210.5687255859375,1172.973423549107,1210.5687255859375,6400,0.0,0.0
2010-12-06 00:00:00+09:00,1229.3661428983094,1278.240026255123,1229.3661428983094,1261.3221435546875,11800,0.0,0.0
2010-12-07 00:00:00+09:00,1263.2019102175464,1325.2341468800153,1263.2019102175464,1317.715087890625,19000,0.0,0.0
2010-12-08 00:00:00+09:00,1345.9115967473165,1409.8235999448148,1345.9115967473165,1357.190185546875,17000,0.0,0.0
2010-12-09 00:00:00+09:00,1362.8295442332392,1394.785547339398,1353.4307197902513,1383.5069580078125,16600,0.0,0.0
2010-12-10 00:00:00+09:00,1366.5890095465072,1366.5890095465072,1330.8734783479051,1357.190185546875,18400,0.0,0.0
2010-12-13 00:00:00+09:00,1330.8736315815388,1364.7094018759847,1270.7211510580794,1342.1522216796875,23600,0.0,0.0
2010-12-14 00:00:00+09:00,1383.5069580078125,1404.1843717823858,1357.1902495674465,1383.5069580078125,25800,0.0,0.0
2010-12-15 00:00:00+09:00,1359.0701816742996,1394.7857189520473,1359.0701816742996,1362.8297119140625,18000,0.0,0.0
2010-12-16 00:00:00+09:00,1381.627428008289,1392.9060192573363,1375.9881323837653,1387.2667236328125,11400,0.0,0.0
2010-12-17 00:00:00+09:00,1383.5070887261581,1389.1463839247701,1375.988028461342,1379.74755859375,10000,0.0,0.0
2010-12-20 00:00:00+09:00,1379.7476628001143,1391.0262540491617,1379.7476628001143,1387.2667236328125,4600,0.0,0.0
2010-12-21 00:00:00+09:00,1387.2664223456977,1387.2664223456977,1357.190185546875,1357.190185546875,27600,0.0,0.0
2010-12-22 00:00:00+09:00,1374.1082269577753,1375.9879919741334,1327.1141015488226,1342.1522216796875,8600,0.0,0.0
2010-12-24 00:00:00+09:00,1334.6333461216518,1334.6333461216518,1302.6773364257813,1315.835693359375,8400,0.0,0.0
2010-12-27 00:00:00+09:00,1319.5950610459113,1319.5950610459113,1278.2402300729625,1280.1199951171875,14000,0.0,0.0
2010-12-28 00:00:00+09:00,1282.000093327012,1295.158452056175,1272.6012656633245,1293.2786865234375,8400,0.0,0.0
2010-12-29 00:00:00+09:00,1312.0759565565322,1353.4307861328125,1312.0759565565322,1353.4307861328125,6800,0.0,0.0
2010-12-30 00:00:00+09:00,1353.431138161307,1370.3490273883235,1349.6716072219701,1359.0704345703125,10800,0.0,0.0
2011-01-04 00:00:00+09:00,1372.2283823408793,1447.4189786335303,1372.2283823408793,1432.380859375,18000,0.0,0.0
2011-01-05 00:00:00+09:00,1432.3809901187294,1432.3809901187294,1419.2226345664578,1428.6214599609375,3200,0.0,0.0
2011-01-06 00:00:00+09:00,1436.1402380371094,1505.6915322875977,1434.2604733276369,1503.811767578125,25600,0.0,0.0
2011-01-07 00:00:00+09:00,1479.3753035986456,1479.3753035986456,1454.9383544921875,1454.9383544921875,11800,0.0,0.0
2011-01-11 00:00:00+09:00,1441.7799972810178,1454.9383544921875,1409.8239869110346,1454.9383544921875,7800,0.0,0.0
2011-01-12 00:00:00+09:00,1481.2548821700248,1485.0144123278167,1428.6214599609375,1428.6214599609375,3400,0.0,0.0
2011-01-13 00:00:00+09:00,1443.6595588235296,1451.1786190257353,1438.020263671875,1438.020263671875,3200,0.0,0.0
2011-01-14 00:00:00+09:00,1443.6593550955415,1485.0141803717158,1438.0200607396994,1475.6153564453125,7600,0.0,0.0
2011-01-17 00:00:00+09:00,1475.6157729668828,1475.6157729668828,1454.9383544921875,1454.9383544921875,9400,0.0,0.0
2011-01-18 00:00:00+09:00,1454.9379438072253,1475.6153564453125,1453.0581790219446,1475.6153564453125,12600,0.0,0.0
2011-01-19 00:00:00+09:00,1462.457136461497,1496.2929056855419,1456.8178415908228,1469.9761962890625,18800,0.0,0.0
2011-01-20 00:00:00+09:00,1468.096816204964,1468.096816204964,1413.5836181640625,1413.5836181640625,6000,0.0,0.0
2011-01-21 00:00:00+09:00,1439.9000407122787,1439.9000407122787,1374.108263395138,1379.74755859375,6600,0.0,0.0
2011-01-24 00:00:00+09:00,1379.7476363643523,1409.8238791188887,1379.7476363643523,1398.5452880859375,4000,0.0,0.0
2011-01-25 00:00:00+09:00,1379.7476363643523,1417.3429398075227,1379.7476363643523,1398.5452880859375,6800,0.0,0.0
2011-01-26 00:00:00+09:00,1398.545077116593,1406.0641366709833,1383.5069580078125,1383.5069580078125,5600,0.0,0.0
2011-01-27 00:00:00+09:00,1383.5069580078125,1407.9439015595808,1377.8676633420198,1383.5069580078125,8600,0.0,0.0
2011-01-28 00:00:00+09:00,1383.5069415118244,1396.6652955751163,1383.5069415118244,1391.0260009765625,4600,0.0,0.0
2011-01-31 00:00:00+09:00,1372.2284359402126,1375.9879659016926,1330.8736063639324,1353.4307861328125,6800,0.0,0.0
2011-02-01 00:00:00+09:00,1357.1904209200188,1372.2285419274428,1355.310655794091,1360.949951171875,3000,0.0,0.0
2011-02-02 00:00:00+09:00,1379.7474908854167,1411.7034954427083,1379.7474908854167,1409.82373046875,4000,0.0,0.0
2011-02-03 00:00:00+09:00,1409.8237347061709,1411.703499685779,1398.5451448285214,1407.9439697265625,3600,0.0,0.0
2011-02-04 00:00:00+09:00,1428.6214686572396,1428.6214686572396,1421.1024082958857,1424.8619384765625,3200,0.0,0.0
2011-02-07 00:00:00+09:00,1424.8621094380856,1454.9383544921875,1421.1025788063228,1454.9383544921875,11800,0.0,0.0
2011-02-08 00:00:00+09:00,1466.2164864403148,1473.735545345137,1436.1402508210265,1439.8997802734375,3600,0.0,0.0
2011-02-09 00:00:00+09:00,1443.6595330739299,1454.93812317607,1443.6595330739299,1449.298828125,6200,0.0,0.0
2011-02-10 00:00:00+09:00,1451.1787287394204,1458.697789510091,1443.65966796875,1443.65966796875,6400,0.0,0.0
2011-02-14 00:00:00+09:00,1447.4190673828125,1447.4190673828125,1428.6214171570616,1447.4190673828125,12000,0.0,0.0
2011-02-15 00:00:00+09:00,1428.6217370102922,1443.659860557769,1415.46337890625,1415.46337890625,9000,0.0,0.0
2011-02-16 00:00:00+09:00,1441.7796755486133,1441.7796755486133,1428.6213212737239,1436.140380859375,2600,0.0,0.0
2011-02-17 00:00:00+09:00,1436.1402951676323,1436.1402951676323,1413.5831177566224,1419.222412109375,1400,0.0,0.0
2011-02-18 00:00:00+09:00,1417.3428031788612,1424.861863142675,1391.0260933055138,1404.1844482421875,5800,0.0,0.0
2011-02-21 00:00:00+09:00,1398.5451448285214,1413.5832646653873,1398.5451448285214,1407.9439697265625,5000,0.0,0.0
2011-02-22 00:00:00+09:00,1417.3428031788612,1417.3428031788612,1394.7856232874205,1404.1844482421875,3600,0.0,0.0
2011-02-23 00:00:00+09:00,1394.7856232874205,1404.1844482421875,1391.0260933055138,1404.1844482421875,7800,0.0,0.0
2011-02-24 00:00:00+09:00,1404.1843481170997,1404.1843481170997,1338.392578125,1338.392578125,14800,0.0,0.0
2011-02-25 00:00:00+09:00,1360.9497564080057,1360.9497564080057,1338.392578125,1338.392578125,2400,0.0,0.0
2011-02-28 00:00:00+09:00,1340.2725565224596,1372.2285641814804,1327.1142004275687,1351.5511474609375,11200,0.0,0.0
2011-03-01 00:00:00+09:00,1381.6276055193962,1413.5836181640625,1381.6276055193962,1413.5836181640625,7200,0.0,0.0
2011-03-02 00:00:00+09:00,1409.823809171978,1430.5012250398336,1398.545218698602,1428.6214599609375,9200,0.0,0.0
2011-03-03 00:00:00+09:00,1447.4190251277043,1475.615499643179,1447.4190251277043,1466.2166748046875,36600,0.0,0.0
2011-03-04 00:00:00+09:00,1466.2166496451573,1485.0142989995825,1466.2166496451573,1477.4952392578125,45800,0.0,0.0
2011-03-07 00:00:00+09:00,1485.0142491849742,1501.9321330364485,1477.49518969543,1500.0523681640625,23200,0.0,0.0
2011-03-08 00:00:00+09:00,1483.1344155864351,1483.1344155864351,1475.6153564453125,1475.6153564453125,5600,0.0,0.0
2011-03-09 00:00:00+09:00,1458.6975596163284,1473.7356787876308,1428.6213212737239,1436.140380859375,11000,0.0,0.0
2011-03-10 00:00:00+09:00,1436.14071038597,1462.4574249741943,1436.14071038597,1451.1788330078125,9600,0.0,0.0
2011-03-11 00:00:00+09:00,1432.380947202212,1453.0583624505377,1428.6214171570616,1447.4190673828125,6800,0.0,0.0
2011-03-14 00:00:00+09:00,1240.6449716903187,1312.0760458179432,1206.8091997351282,1208.68896484375,10200,0.0,0.0
2011-03-15 00:00:00+09:00,1219.9674365082262,1233.1257909852025,1135.3780148705218,1206.80908203125,79600,0.0,0.0
2011-03-16 00:00:00+09:00,1219.9676642717634,1391.0263044084822,1135.378226841518,1315.835693359375,72200,0.0,0.0
2011-03-17 00:00:00+09:00,1157.9352789684735,1300.7974237762721,1157.9352789684735,1274.480712890625,22400,0.0,0.0
2011-03-18 00:00:00+09:00,1315.8354865180122,1415.4630304972331,1310.1961915757922,1353.4307861328125,30200,0.0,0.0
2011-03-22 00:00:00+09:00,1415.4630296449955,1415.4630296449955,1366.5891401751817,1407.9439697265625,16000,0.0,0.0
2011-03-23 00:00:00+09:00,1407.9438806037028,1409.823645464322,1389.146231997512,1392.90576171875,8200,0.0,0.0
2011-03-24 00:00:00+09:00,1394.785614869305,1409.8237347061709,1383.5070249916557,1407.9439697265625,14000,0.0,0.0
2011-03-25 00:00:00+09:00,1466.2168056615521,1466.2168056615521,1428.6215029522816,1462.457275390625,12000,0.0,0.0
2011-03-28 00:00:00+09:00,1415.463020676833,1466.2166748046875,1404.184430870643,1466.2166748046875,23200,0.0,0.0
2011-03-29 00:00:00+09:00,1479.563345497533,1479.563345497533,1431.8970006039267,1449.056884765625,11800,27.5,0.0
2011-03-30 00:00:00+09:00,1468.1235262436849,1475.7501419644314,1450.9636408720055,1462.403564453125,8400,0.0,0.0
2011-03-31 00:00:00+09:00,1454.7769725881753,1504.3499755859375,1449.0570107038182,1504.3499755859375,10200,0.0,0.0
2011-04-01 00:00:00+09:00,1504.3498346530012,1519.6030649156426,1487.1899506075297,1517.6964111328125,10800,0.0,0.0
2011-04-04 00:00:00+09:00,1487.1898567875483,1498.629778762837,1470.029973824615,1485.283203125,12600,0.0,0.0
2011-04-05 00:00:00+09:00,1468.1232611797798,1468.1232611797798,1429.9901894608245,1450.96337890625,15200,0.0,0.0
2011-04-06 00:00:00+09:00,1449.0569727891157,1449.0569727891157,1395.670663265306,1401.390625,4400,0.0,0.0
2011-04-07 00:00:00+09:00,1410.923661030085,1452.8700401417902,1401.390393050152,1431.8968505859375,17200,0.0,0.0
2011-04-08 00:00:00+09:00,1405.2039617911573,1405.2039617911573,1376.604152528108,1393.7640380859375,19400,0.0,0.0
2011-04-11 00:00:00+09:00,1389.9505896417027,1389.9505896417027,1378.5106670932112,1382.323974609375,7400,0.0,0.0
2011-04-12 00:00:00+09:00,1372.7907059832316,1409.0171273911226,1372.7907059832316,1407.1104736328125,11600,0.0,0.0
2011-04-13 00:00:00+09:00,1409.0170150530323,1412.830322265625,1401.3904006278467,1412.830322265625,16400,0.0,0.0
2011-04-14 00:00:00+09:00,1449.05689453125,1449.05689453125,1407.1105107421877,1429.9903564453125,7600,0.0,0.0
2011-04-15 00:00:00+09:00,1449.056752858735,1466.216635458378,1441.430138370005,1443.3367919921875,10800,0.0,0.0
2011-04-18 00:00:00+09:00,1420.4570594200723,1429.9903282752405,1386.1372915414665,1388.0439453125,7000,0.0,0.0
2011-04-19 00:00:00+09:00,1384.2306377704328,1391.8572528545674,1384.2306377704328,1388.0439453125,10400,0.0,0.0
2011-04-20 00:00:00+09:00,1391.8573079863438,1424.2704233778068,1391.8573079863438,1422.36376953125,13000,0.0,0.0
2011-04-21 00:00:00+09:00,1422.3638450048302,1431.8971147434686,1418.550537109375,1418.550537109375,1600,0.0,0.0
2011-04-22 00:00:00+09:00,1370.884014875764,1384.2305908203125,1367.070707463036,1384.2305908203125,4600,0.0,0.0
2011-04-25 00:00:00+09:00,1372.7905922202797,1386.1371674224213,1355.6307098175262,1363.25732421875,10200,0.0,0.0
2011-04-26 00:00:00+09:00,1368.9774637858072,1384.230694580078,1367.0708099365233,1372.790771484375,17600,0.0,0.0
2011-04-27 00:00:00+09:00,1372.790771484375,1395.6706176757812,1372.790771484375,1372.790771484375,8400,0.0,0.0
2011-04-28 00:00:00+09:00,1363.2574182757085,1388.0439167898123,1355.630803348292,1370.884033203125,15400,0.0,0.0
2011-05-02 00:00:00+09:00,1357.5373829750347,1403.297070041609,1357.5373829750347,1374.697265625,4000,0.0,0.0
2011-05-06 00:00:00+09:00,1351.8172979839778,1353.7239514367054,1349.91064453125,1349.91064453125,5000,0.0,0.0
2011-05-09 00:00:00+09:00,1391.857177734375,1391.857177734375,1389.9505240662459,1391.857177734375,1200,0.0,0.0
2011-05-10 00:00:00+09:00,1391.8572056457688,1395.670513058497,1376.6039759948562,1384.2305908203125,2600,0.0,0.0
2011-05-11 00:00:00+09:00,1372.790611997226,1380.4172265083218,1372.790611997226,1374.697265625,4200,0.0,0.0
2011-05-12 00:00:00+09:00,1374.6975561962417,1378.5108642578125,1374.6975561962417,1378.5108642578125,1000,0.0,0.0
2011-05-13 00:00:00+09:00,1384.2306377704328,1405.203829251803,1384.2306377704328,1388.0439453125,10200,0.0,0.0
2011-05-16 00:00:00+09:00,1372.7908469707522,1372.7908469707522,1348.0043455671137,1368.9775390625,28400,0.0,0.0
2011-05-17 00:00:00+09:00,1342.2841979017217,1351.8174663527282,1296.5245093368903,1328.9376220703125,17400,0.0,0.0
2011-05-18 00:00:00+09:00,1328.9377532087053,1334.65771484375,1317.497829938616,1334.65771484375,12000,0.0,0.0
2011-05-19 00:00:00+09:00,1327.0307511498918,1334.6573646622476,1313.6841775032692,1321.310791015625,5000,0.0,0.0
2011-05-20 00:00:00+09:00,1321.31116617137,1332.751089688005,1304.1512808964171,1327.0311279296875,9000,0.0,0.0
2011-05-23 00:00:00+09:00,1296.524516934811,1311.7777465458084,1269.8313651155647,1285.0845947265625,18400,0.0,0.0
2011-05-24 00:00:00+09:00,1260.298180907827,1267.9247962234567,1218.351796671863,1237.4183349609375,11600,0.0,0.0
2011-05-25 00:00:00+09:00,1227.8852160549905,1243.138448552568,1224.071907930596,1229.7918701171875,12800,0.0,0.0
2011-05-26 00:00:00+09:00,1235.5116247331134,1239.3249322168576,1216.4450873143926,1227.885009765625,13800,0.0,0.0
2011-05-27 00:00:00+09:00,1222.1650029073235,1248.858154296875,1222.1650029073235,1248.858154296875,15000,0.0,0.0
2011-05-30 00:00:00+09:00,1248.858079605451,1256.484693832049,1248.858079605451,1252.67138671875,3800,0.0,0.0
2011-05-31 00:00:00+09:00,1252.671565592197,1307.9645266305133,1237.4183349609375,1237.4183349609375,15400,0.0,0.0
2011-06-01 00:00:00+09:00,1243.1380591724537,1306.0576235170718,1231.6981383825232,1286.9910888671875,17200,0.0,0.0
2011-06-02 00:00:00+09:00,1262.2048153760957,1262.2048153760957,1250.764892578125,1250.764892578125,6200,0.0,0.0
2011-06-03 00:00:00+09:00,1246.9514909053873,1258.3914128402992,1239.3248762821129,1243.13818359375,9200,0.0,0.0
2011-06-06 00:00:00+09:00,1258.3914345189146,1317.4976988675303,1258.3914345189146,1304.151123046875,6400,0.0,0.0
2011-06-07 00:00:00+09:00,1296.524508292215,1332.7509283768504,1277.4579714055649,1304.151123046875,4800,0.0,0.0
2011-06-08 00:00:00+09:00,1304.1510890526106,1355.6307373046875,1304.1510890526106,1355.6307373046875,5400,0.0,0.0
2011-06-09 00:00:00+09:00,1365.1641000600962,1391.8572528545674,1365.1641000600962,1388.0439453125,9600,0.0,0.0
2011-06-10 00:00:00+09:00,1386.137348429362,1386.137348429362,1361.350848388672,1372.790771484375,1400,0.0,0.0
2011-06-13 00:00:00+09:00,1372.7908469707522,1376.6041548790042,1315.5912283469709,1368.9775390625,3000,0.0,0.0
2011-06-14 00:00:00+09:00,1342.284198943662,1368.9773506272008,1342.284198943662,1353.72412109375,12200,0.0,0.0
2011-06-15 00:00:00+09:00,1359.4440999348958,1380.417290817482,1309.8711033033287,1315.591064453125,7400,0.0,0.0
2011-06-16 00:00:00+09:00,1315.590955177718,1346.097412109375,1315.590955177718,1346.097412109375,3400,0.0,0.0
2011-06-17 00:00:00+09:00,1346.097581427046,1346.097581427046,1325.1243896484375,1325.1243896484375,400,0.0,0.0
2011-06-20 00:00:00+09:00,1323.2178129308363,1323.2178129308363,1288.898042566636,1296.524658203125,3600,0.0,0.0
2011-06-21 00:00:00+09:00,1296.524516934811,1296.524516934811,1283.1779410251877,1285.0845947265625,2600,0.0,0.0
2011-06-22 00:00:00+09:00,1285.0847455836054,1288.898053434002,1277.4581298828125,1277.4581298828125,4400,0.0,0.0
2011-06-23 00:00:00+09:00,1277.458026592548,1288.89794921875,1277.458026592548,1288.89794921875,4000,0.0,0.0
2011-06-24 00:00:00+09:00,1328.9375828652487,1328.9375828652487,1306.0577392578125,1306.0577392578125,3000,0.0,0.0
2011-06-27 00:00:00+09:00,1306.0576646296738,1309.8709716796875,1306.0576646296738,1309.8709716796875,1000,0.0,0.0
2011-06-28 00:00:00+09:00,1325.1240977718028,1325.1240977718028,1296.524297100469,1321.310791015625,11200,0.0,0.0
2011-06-29 00:00:00+09:00,1327.0310791015625,1372.790771484375,1315.5911560058594,1372.790771484375,7000,0.0,0.0
2011-06-30 00:00:00+09:00,1407.1105407714845,1407.1105407714845,1372.790771484375,1372.790771484375,1800,0.0,0.0
2011-07-01 00:00:00+09:00,1378.510694955935,1399.48388671875,1357.5375031931198,1399.48388671875,10800,0.0,0.0
2011-07-04 00:00:00+09:00,1410.9237427094095,1410.9237427094095,1353.7241315184874,1384.2305908203125,13400,0.0,0.0
2011-07-05 00:00:00+09:00,1368.9775324547054,1368.9775324547054,1334.6577614460916,1338.4710693359375,5400,0.0,0.0
2011-07-06 00:00:00+09:00,1334.6577436074444,1334.6577436074444,1304.1512808964171,1327.0311279296875,10000,0.0,0.0
2011-07-07 00:00:00+09:00,1325.1246001884494,1325.1246001884494,1292.7114804716095,1302.2447509765625,16000,0.0,0.0
2011-07-08 00:00:00+09:00,1300.337871844952,1307.9644869290867,1283.1779879056492,1288.89794921875,27200,0.0,0.0
2011-07-11 00:00:00+09:00,1283.177734375,1292.7110013465826,1283.177734375,1283.177734375,7400,0.0,0.0
2011-07-12 00:00:00+09:00,1281.2713623046875,1281.2713623046875,1275.5514008658274,1281.2713623046875,11400,0.0,0.0
2011-07-13 00:00:00+09:00,1281.271380669248,1292.7113037109375,1271.7381114678399,1292.7113037109375,15200,0.0,0.0
2011-07-14 00:00:00+09:00,1292.7110492621528,1292.7110492621528,1281.2711284722222,1286.9910888671875,7000,0.0,0.0
2011-07-15 00:00:00+09:00,1294.617910531851,1296.5245643028848,1285.0846416766828,1288.89794921875,14800,0.0,0.0
2011-07-19 00:00:00+09:00,1288.897902129312,1288.897902129312,1277.4579799210635,1285.0845947265625,5400,0.0,0.0
2011-07-20 00:00:00+09:00,1288.8979960303743,1292.7113037109375,1286.9913421900926,1292.7113037109375,7400,0.0,0.0
2011-07-21 00:00:00+09:00,1288.8978935375549,1304.151123046875,1288.8978935375549,1304.151123046875,4200,0.0,0.0
2011-07-22 00:00:00+09:00,1306.057880592909,1306.057880592909,1292.7113037109375,1292.7113037109375,9600,0.0,0.0
2011-07-25 00:00:00+09:00,1315.5911115553663,1315.5911115553663,1294.617919921875,1294.617919921875,4800,0.0,0.0
2011-07-26 00:00:00+09:00,1294.617919921875,1307.964496415915,1294.617919921875,1294.617919921875,2800,0.0,0.0
2011-07-27 00:00:00+09:00,1296.5246205602973,1302.2445821215927,1292.7113128527672,1298.4312744140625,7800,0.0,0.0
2011-07-28 00:00:00+09:00,1296.5245737067378,1300.3378812764636,1292.7112661370122,1294.617919921875,3600,0.0,0.0
2011-07-29 00:00:00+09:00,1306.05777673554,1306.05777673554,1300.337815669545,1304.151123046875,1000,0.0,0.0
2011-08-01 00:00:00+09:00,1309.8710465257186,1309.8710465257186,1306.0577392578125,1306.0577392578125,1000,0.0,0.0
2011-08-02 00:00:00+09:00,1307.9645436828882,1309.8711975366534,1292.7113128527672,1298.4312744140625,4600,0.0,0.0
2011-08-03 00:00:00+09:00,1298.430961529532,1298.430961529532,1281.2710809806836,1283.177734375,2600,0.0,0.0
2011-08-04 00:00:00+09:00,1283.177734375,1286.991041163633,1273.6444674034176,1283.177734375,4000,0.0,0.0
2011-08-05 00:00:00+09:00,1258.391388923891,1300.3377685546875,1258.391388923891,1300.3377685546875,10600,0.0,0.0
2011-08-08 00:00:00+09:00,1285.0845376144432,1285.0845376144432,1262.2046942147795,1275.55126953125,7000,0.0,0.0
2011-08-09 00:00:00+09:00,1258.3916857743948,1288.898150884077,1224.0719125260023,1260.29833984375,13200,0.0,0.0
2011-08-10 00:00:00+09:00,1260.2981709088108,1260.2981709088108,1246.9515942123483,1256.48486328125,6800,0.0,0.0
2011-08-11 00:00:00+09:00,1254.578143376176,1254.578143376176,1231.6982988161242,1241.2315673828125,1800,0.0,0.0
2011-08-12 00:00:00+09:00,1245.0448843579775,1250.7648455418578,1245.0448843579775,1246.9515380859375,7800,0.0,0.0
2011-08-15 00:00:00+09:00,1285.0845150991586,1285.0845150991586,1239.3248291015625,1239.3248291015625,4400,0.0,0.0
2011-08-16 00:00:00+09:00,1258.3913869815021,1275.55126953125,1246.9514652816704,1275.55126953125,2200,0.0,0.0
2011-08-17 00:00:00+09:00,1275.5514652027803,1313.6845433852252,1275.5514652027803,1296.524658203125,4600,0.0,0.0
2011-08-18 00:00:00+09:00,1281.2712582236843,1281.2712582236843,1248.8581460364778,1267.9246826171875,3000,0.0,0.0
2011-08-19 00:00:00+09:00,1235.511467930756,1254.5780029296875,1235.511467930756,1254.5780029296875,1400,0.0,0.0
2011-08-22 00:00:00+09:00,1235.5115772853387,1235.5115772853387,1220.2583479361372,1224.0716552734375,2200,0.0,0.0
2011-08-23 00:00:00+09:00,1220.2584134615386,1220.2584134615386,1191.6586068960337,1214.5384521484375,3600,0.0,0.0
2011-08-24 00:00:00+09:00,1216.44482421875,1216.44482421875,1208.8182109007641,1216.44482421875,1800,0.0,0.0
2011-08-25 00:00:00+09:00,1218.351606818521,1218.351606818521,1187.845150309763,1197.37841796875,7400,0.0,0.0
2011-08-26 00:00:00+09:00,1201.192083984375,1201.192083984375,1185.938851171875,1191.6588134765625,4800,0.0,0.0
2011-08-29 00:00:00+09:00,1201.1918001510085,1201.1918001510085,1193.565185546875,1193.565185546875,1800,0.0,0.0
2011-08-30 00:00:00+09:00,1193.5650367373512,1201.191650390625,1193.5650367373512,1201.191650390625,1000,0.0,0.0
2011-08-31 00:00:00+09:00,1201.191735124059,1206.9116957675071,1191.6584673849793,1203.098388671875,12200,0.0,0.0
2011-09-01 00:00:00+09:00,1203.0984635830685,1203.0984635830685,1199.28515625,1199.28515625,2000,0.0,0.0
2011-09-02 00:00:00+09:00,1197.378682159571,1197.378682159571,1184.0321044921875,1184.0321044921875,4000,0.0,0.0
2011-09-05 00:00:00+09:00,1174.4987608862705,1187.8453377145236,1163.058837890625,1163.058837890625,4400,0.0,0.0
2011-09-06 00:00:00+09:00,1163.0587723894816,1176.4053484660824,1153.5255037633385,1172.592041015625,3400,0.0,0.0
2011-09-07 00:00:00+09:00,1172.5922387575831,1182.1255089913845,1168.7789306640625,1168.7789306640625,4000,0.0,0.0
2011-09-08 00:00:00+09:00,1178.312200897864,1182.1255089913845,1157.3390063835006,1168.7789306640625,7400,0.0,0.0
2011-09-09 00:00:00+09:00,1155.4322036916278,1180.218703110755,1155.4322036916278,1176.4053955078125,4000,0.0,0.0
2011-09-12 00:00:00+09:00,1166.8719829444503,1166.8719829444503,1136.365525874007,1140.1788330078125,7600,0.0,0.0
2011-09-13 00:00:00+09:00,1128.7391277792956,1138.2723974395938,1128.7391277792956,1134.0777587890625,2600,0.0,0.0
2011-09-14 00:00:00+09:00,1134.077719809322,1134.840381355932,1124.92578125,1124.92578125,3000,0.0,0.0
2011-09-15 00:00:00+09:00,1122.6378569859403,1122.6378569859403,1084.8861083984375,1084.8861083984375,10400,0.0,0.0
2011-09-16 00:00:00+09:00,1086.7926112583705,1105.859148297991,1063.1501053292411,1067.72607421875,26000,0.0,0.0
2011-09-20 00:00:00+09:00,1081.0726330134646,1081.0726330134646,1067.3447265625,1067.3447265625,3600,0.0,0.0
2011-09-21 00:00:00+09:00,1067.72607421875,1074.208696812221,1063.9127668108258,1067.72607421875,4800,0.0,0.0
2011-09-22 00:00:00+09:00,1067.725996840847,1067.725996840847,1033.406232656677,1046.7528076171875,12400,0.0,0.0
2011-09-26 00:00:00+09:00,1048.6595009857754,1048.6595009857754,995.2731991174086,1010.5264282226562,43400,0.0,0.0
2011-09-27 00:00:00+09:00,1029.593168799557,1044.8464009299207,1021.2038911278568,1021.966552734375,6200,0.0,0.0
2011-09-28 00:00:00+09:00,1029.592854997753,1034.1688232421875,1029.592854997753,1034.1688232421875,18400,0.0,0.0
2011-09-29 00:00:00+09:00,1029.5929190432198,1055.142076663922,1029.5929190432198,1038.363525390625,9200,0.0,0.0
2011-09-30 00:00:00+09:00,1043.3208240161002,1065.8193359375,1043.3208240161002,1065.8193359375,16200,0.0,0.0
2011-10-03 00:00:00+09:00,1048.6593408817544,1048.6593408817544,1029.592807411177,1030.35546875,31200,0.0,0.0
2011-10-04 00:00:00+09:00,1029.5930694068609,1029.5930694068609,1018.1531464134514,1023.8731079101562,26400,0.0,0.0
2011-10-05 00:00:00+09:00,1010.526513059167,1010.526513059167,987.2653367208238,987.6466674804688,15400,0.0,0.0
2011-10-06 00:00:00+09:00,1018.153244701784,1021.966552734375,1018.153244701784,1021.966552734375,600,0.0,0.0
2011-10-07 00:00:00+09:00,1021.9663858431364,1029.5930006628612,1017.0090862103152,1029.211669921875,5200,0.0,0.0
2011-10-11 00:00:00+09:00,1029.9741922637284,1031.4995150216162,1006.7130202059396,1028.8302001953125,17800,0.0,0.0
2011-10-12 00:00:00+09:00,1029.5930125301047,1029.5930125301047,1008.619821534121,1014.3397827148438,3800,0.0,0.0
2011-10-13 00:00:00+09:00,1029.592963224332,1044.8461923091368,1029.592963224332,1031.1182861328125,10200,0.0,0.0
2011-10-14 00:00:00+09:00,1031.1183442895933,1031.1183442895933,1020.0597525793869,1026.9237060546875,7000,0.0,0.0
2011-10-17 00:00:00+09:00,1044.8462474681712,1044.8462474681712,1029.593017578125,1029.593017578125,9800,0.0,0.0
2011-10-18 00:00:00+09:00,1029.5929498417795,1031.118272730434,1025.7796426201432,1028.067626953125,34000,0.0,0.0
2011-10-19 00:00:00+09:00,1029.592963224332,1035.3129241311337,1029.592963224332,1031.1182861328125,23000,0.0,0.0
2011-10-20 00:00:00+09:00,1029.592963224332,1035.3129241311337,1029.592963224332,1031.1182861328125,12800,0.0,0.0
2011-10-21 00:00:00+09:00,1030.7370098198785,1031.4996713143807,1025.7797101056135,1029.593017578125,20600,0.0,0.0
2011-10-24 00:00:00+09:00,1029.592963224332,1035.3129241311337,1029.592963224332,1031.1182861328125,20200,0.0,0.0
2011-10-25 00:00:00+09:00,1040.651444921803,1042.9394290440202,1031.4995084329341,1034.1688232421875,22200,0.0,0.0
2011-10-26 00:00:00+09:00,1033.7875807195571,1035.3129035977859,1023.87298201107,1033.40625,32400,0.0,0.0
2011-10-27 00:00:00+09:00,1033.4061755012065,1041.0327893425438,1033.4061755012065,1037.219482421875,8200,0.0,0.0
2011-10-28 00:00:00+09:00,1044.8462216018893,1048.6595289799984,1044.8462216018893,1048.2781982421875,2600,0.0,0.0
2011-10-31 00:00:00+09:00,1044.846238458807,1048.6595458984375,1044.846238458807,1048.6595458984375,1600,0.0,0.0
2011-11-01 00:00:00+09:00,1029.5928685805377,1052.4727101045496,1029.5928685805377,1037.219482421875,15400,0.0,0.0
2011-11-02 00:00:00+09:00,1039.1261358822094,1039.1261358822094,1033.4061755012065,1037.219482421875,5400,0.0,0.0
2011-11-04 00:00:00+09:00,1039.1261358822094,1039.1261358822094,1036.0754903456743,1037.219482421875,2800,0.0,0.0
2011-11-07 00:00:00+09:00,1037.2195298191393,1041.0328369140625,1037.2195298191393,1041.0328369140625,2600,0.0,0.0
2011-11-08 00:00:00+09:00,1044.8463134765625,1044.8463134765625,1037.2196980497263,1044.8463134765625,1400,0.0,0.0
2011-11-09 00:00:00+09:00,1039.1262957887316,1039.1262957887316,1033.4063345275092,1035.31298828125,2400,0.0,0.0
2011-11-10 00:00:00+09:00,1035.3129205594682,1035.3129205594682,1029.5929596723995,1033.78759765625,18400,0.0,0.0
2011-11-11 00:00:00+09:00,1029.5929979305756,1070.3953871078243,1029.5929979305756,1056.66748046875,37400,0.0,0.0
2011-11-14 00:00:00+09:00,1067.726002971147,1075.3526172780837,1067.726002971147,1068.8699951171875,25600,0.0,0.0
2011-11-15 00:00:00+09:00,1068.8700495014962,1069.6327109709941,1042.939559538563,1067.3447265625,29000,0.0,0.0
2011-11-16 00:00:00+09:00,1067.7262163765822,1067.7262163765822,1050.5663307562443,1054.379638671875,20600,0.0,0.0
2011-11-17 00:00:00+09:00,1054.3795372636994,1061.6248216065603,1052.091552734375,1052.091552734375,16200,0.0,0.0
2011-11-18 00:00:00+09:00,1044.4648175788298,1044.4648175788298,999.0864629633202,1004.0437622070312,43600,0.0,0.0
2011-11-21 00:00:00+09:00,1015.4837632463702,1033.0249773317375,1006.7131562036866,1029.211669921875,34000,0.0,0.0
2011-11-22 00:00:00+09:00,1028.449012110173,1028.449012110173,1026.5423583984375,1026.5423583984375,5200,0.0,0.0
2011-11-24 00:00:00+09:00,1026.161092508838,1026.161092508838,1021.9664540779213,1023.8731079101562,13000,0.0,0.0
2011-11-25 00:00:00+09:00,1026.161191570225,1026.161191570225,1021.966552734375,1021.966552734375,10800,0.0,0.0
2011-11-28 00:00:00+09:00,1021.9663153248999,1024.2542996129407,1021.9663153248999,1023.4916381835938,8400,0.0,0.0
2011-11-29 00:00:00+09:00,1023.4915198501276,1033.0247866147524,1023.4915198501276,1027.6861572265625,17600,0.0,0.0
2011-11-30 00:00:00+09:00,1027.6861944375871,1027.6861944375871,1025.0168796468402,1025.779541015625,11200,0.0,0.0
2011-12-01 00:00:00+09:00,1032.2621252735826,1033.7874479559225,1027.6861572265625,1027.6861572265625,20000,0.0,0.0
2011-12-02 00:00:00+09:00,1027.68634695793,1029.9743314038476,1027.68634695793,1029.211669921875,22800,0.0,0.0
2011-12-05 00:00:00+09:00,1029.2118384501027,1037.2197853220746,1029.2118384501027,1033.025146484375,37600,0.0,0.0
2011-12-06 00:00:00+09:00,1037.2196927888153,1042.9396543299301,1035.313038941777,1036.45703125,34200,0.0,0.0
2011-12-07 00:00:00+09:00,1044.846305764059,1054.3795749772348,1044.846305764059,1050.1849365234375,44800,0.0,0.0
2011-12-08 00:00:00+09:00,1052.4728533380683,1060.0994682173296,1046.7528921786222,1048.6595458984375,44600,0.0,0.0
2011-12-09 00:00:00+09:00,1048.2781304698174,1048.6594611829748,1046.7528076171875,1046.7528076171875,26200,0.0,0.0
2011-12-12 00:00:00+09:00,1046.7528885103543,1051.328857421875,1042.9395810840872,1051.328857421875,46600,0.0,0.0
2011-12-13 00:00:00+09:00,1051.7101881645017,1053.2355111350087,1048.659542223488,1051.328857421875,45000,0.0,0.0
2011-12-14 00:00:00+09:00,1051.3289341115815,1063.1501879953169,1050.184941800252,1058.57421875,52600,0.0,0.0
2011-12-15 00:00:00+09:00,1058.5741305148713,1067.7260682426656,1058.5741305148713,1059.3367919921875,30800,0.0,0.0
2011-12-16 00:00:00+09:00,1060.8621040717667,1079.1659793397196,1060.8621040717667,1067.3447265625,30800,0.0,0.0
2011-12-19 00:00:00+09:00,1079.165883449109,1105.859032509688,1079.165883449109,1100.9017333984375,20000,0.0,0.0
2011-12-20 00:00:00+09:00,1109.6725503177965,1132.5523967161016,1105.8592425847457,1124.92578125,28000,0.0,0.0
2011-12-21 00:00:00+09:00,1124.925788904574,1170.6854820125566,1124.925788904574,1155.4322509765625,37400,0.0,0.0
2011-12-22 00:00:00+09:00,1159.2455116928809,1168.7787807035131,1151.618896484375,1151.618896484375,32800,0.0,0.0
2011-12-26 00:00:00+09:00,1147.8055608649004,1182.125328465512,1079.1660256636771,1159.2454833984375,34200,0.0,0.0
2011-12-27 00:00:00+09:00,1159.2455508474577,1159.2455508474577,1124.92578125,1124.92578125,200,0.0,0.0
2011-12-28 00:00:00+09:00,1113.4857737223308,1113.4857737223308,1098.2325439453125,1098.2325439453125,1800,0.0,0.0
2011-12-29 00:00:00+09:00,1103.9524418994633,1132.55224609375,1103.9524418994633,1132.55224609375,3800,0.0,0.0
2011-12-30 00:00:00+09:00,1145.898888267948,1147.8055419921875,1113.4857749558762,1147.8055419921875,18000,0.0,0.0
2012-01-04 00:00:00+09:00,1151.6188056963645,1151.6188056963645,1140.1788837854733,1141.3228759765625,20800,0.0,0.0
2012-01-05 00:00:00+09:00,1141.323107398974,1141.323107398974,1138.2724609375,1138.2724609375,29000,0.0,0.0
2012-01-06 00:00:00+09:00,1138.6535171180644,1138.6535171180644,1134.4588792452248,1134.8402099609375,24200,0.0,0.0
2012-01-10 00:00:00+09:00,1134.8401251157018,1135.6027864901075,1132.9334716796875,1132.9334716796875,22800,0.0,0.0
2012-01-11 00:00:00+09:00,1133.314880166963,1140.1788330078125,1133.314880166963,1140.1788330078125,9400,0.0,0.0
2012-01-12 00:00:00+09:00,1106.2404591272368,1124.9256650897444,1094.800537109375,1094.800537109375,17800,0.0,0.0
2012-01-13 00:00:00+09:00,1113.86696366953,1113.86696366953,1111.5789794921875,1111.5789794921875,4000,0.0,0.0
2012-01-16 00:00:00+09:00,1136.36572265625,1136.36572265625,1124.9257992738046,1136.36572265625,15000,0.0,0.0
2012-01-17 00:00:00+09:00,1136.3657135987562,1136.3657135987562,1130.645751953125,1130.645751953125,12400,0.0,0.0
2012-01-18 00:00:00+09:00,1130.6457856901172,1134.8404243554096,1130.6457856901172,1131.408447265625,24600,0.0,0.0
2012-01-19 00:00:00+09:00,1131.4084135058758,1133.6963981641284,1128.7390980712478,1130.645751953125,26400,0.0,0.0
2012-01-20 00:00:00+09:00,1130.645751953125,1131.4084135058758,1129.8830904003742,1130.645751953125,10800,0.0,0.0
2012-01-23 00:00:00+09:00,1130.645436700785,1138.272050101802,1130.2641060307342,1131.7894287109375,7200,0.0,0.0
2012-01-24 00:00:00+09:00,1132.9334716796875,1138.2721013005275,1131.789479618079,1132.9334716796875,6600,0.0,0.0
2012-01-25 00:00:00+09:00,1132.9337172444662,1143.9923095703125,1132.5523864746094,1143.9923095703125,30800,0.0,0.0
2012-01-26 00:00:00+09:00,1143.9923095703125,1145.8989634195964,1142.0856557210286,1143.9923095703125,19600,0.0,0.0
2012-01-27 00:00:00+09:00,1143.9923095703125,1143.9923095703125,1143.6109788004558,1143.9923095703125,10400,0.0,0.0
2012-01-30 00:00:00+09:00,1143.9922926782885,1143.9922926782885,1143.6109619140625,1143.6109619140625,6800,0.0,0.0
2012-01-31 00:00:00+09:00,1143.6109788004558,1147.8056172688803,1143.6109788004558,1143.9923095703125,13800,0.0,0.0
2012-02-01 00:00:00+09:00,1128.739013671875,1128.739013671875,1128.739013671875,1128.739013671875,400,0.0,0.0
2012-02-02 00:00:00+09:00,1090.9872935074713,1093.2752780447117,1067.7261173788604,1074.208740234375,21600,0.0,0.0
2012-02-03 00:00:00+09:00,1105.859375,1116.91796875,1105.859375,1116.91796875,1600,0.0,0.0
2012-02-06 00:00:00+09:00,1143.9922345437085,1159.2454643376245,1142.085580819469,1147.8055419921875,6600,0.0,0.0
2012-02-07 00:00:00+09:00,1153.5254943448733,1166.8720703125,1147.8055332158904,1166.8720703125,9400,0.0,0.0
2012-02-08 00:00:00+09:00,1166.8720703125,1166.8720703125,1166.8720703125,1166.8720703125,400,0.0,0.0
2012-02-09 00:00:00+09:00,1170.6854248046875,1170.6854248046875,1170.6854248046875,1170.6854248046875,400,0.0,0.0
2012-02-10 00:00:00+09:00,1174.498779296875,1174.498779296875,1170.685471571885,1174.498779296875,2200,0.0,0.0
2012-02-13 00:00:00+09:00,1174.4987608862705,1176.405414718878,1151.6189148949795,1163.058837890625,2000,0.0,0.0
2012-02-14 00:00:00+09:00,1168.7786688035535,1182.125244140625,1168.7786688035535,1182.125244140625,5000,0.0,0.0
2012-02-15 00:00:00+09:00,1214.5383556735133,1214.5383556735133,1163.0587079448085,1182.125244140625,6800,0.0,0.0
2012-02-16 00:00:00+09:00,1201.1919412733632,1205.0052490234375,1191.6586718981778,1205.0052490234375,6600,0.0,0.0
2012-02-17 00:00:00+09:00,1218.351769065857,1220.2584228515625,1214.538461494446,1220.2584228515625,4200,0.0,0.0
2012-02-20 00:00:00+09:00,1212.6318077087403,1220.2584228515625,1208.8185001373292,1220.2584228515625,2000,0.0,0.0
2012-02-21 00:00:00+09:00,1212.6319046761225,1212.6319046761225,1178.3121337890625,1178.3121337890625,800,0.0,0.0
2012-02-22 00:00:00+09:00,1184.0320956035725,1184.0320956035725,1178.3121337890625,1178.3121337890625,2400,0.0,0.0
2012-02-23 00:00:00+09:00,1178.3119925704657,1182.1252999897874,1166.8720703125,1166.8720703125,3600,0.0,0.0
2012-02-24 00:00:00+09:00,1185.9387024718446,1185.9387024718446,1168.7788177093903,1174.498779296875,6000,0.0,0.0
2012-02-27 00:00:00+09:00,1182.1252999897874,1182.1252999897874,1166.8720703125,1166.8720703125,11000,0.0,0.0
2012-02-28 00:00:00+09:00,1166.87214555584,1178.3120685514855,1163.058837890625,1163.058837890625,8800,0.0,0.0
2012-02-29 00:00:00+09:00,1176.4053955078125,1176.4053955078125,1176.4053955078125,1176.4053955078125,1400,0.0,0.0
2012-03-01 00:00:00+09:00,1176.40543315937,1176.40543315937,1166.8721638468953,1174.498779296875,2200,0.0,0.0
2012-03-02 00:00:00+09:00,1166.8722101600424,1182.1254416654024,1166.8722101600424,1178.3121337890625,11600,0.0,0.0
2012-03-05 00:00:00+09:00,1189.7517299107142,1201.191650390625,1178.3118094308036,1201.191650390625,39800,0.0,0.0
2012-03-06 00:00:00+09:00,1187.84520499937,1189.7518586189517,1178.3119369014616,1182.125244140625,7800,0.0,0.0
2012-03-07 00:00:00+09:00,1182.125244140625,1182.125244140625,1182.125244140625,1182.125244140625,800,0.0,0.0
2012-03-08 00:00:00+09:00,1182.1253947468547,1182.1253947468547,1174.498779296875,1174.498779296875,2400,0.0,0.0
2012-03-09 00:00:00+09:00,1178.3120669958726,1212.6318359375,1166.8721440153302,1212.6318359375,8800,0.0,0.0
2012-03-12 00:00:00+09:00,1212.6317220572084,1212.6317220572084,1182.125263640675,1193.565185546875,7000,0.0,0.0
2012-03-13 00:00:00+09:00,1182.1251162574404,1201.191650390625,1166.8718889508928,1201.191650390625,9000,0.0,0.0
2012-03-14 00:00:00+09:00,1220.2584228515625,1220.2584228515625,1197.3785774230957,1220.2584228515625,4800,0.0,0.0
2012-03-15 00:00:00+09:00,1258.3914985656738,1258.3914985656738,1193.5652698516847,1220.2584228515625,20200,0.0,0.0
2012-03-16 00:00:00+09:00,1193.565214382382,1210.72509765625,1166.8720626230315,1210.72509765625,4000,0.0,0.0
2012-03-19 00:00:00+09:00,1201.1917803364415,1201.1917803364415,1176.40528328188,1182.125244140625,8000,0.0,0.0
2012-03-21 00:00:00+09:00,1191.6583309352957,1220.2581308777428,1189.7516776057994,1216.44482421875,4400,0.0,0.0
2012-03-22 00:00:00+09:00,1218.351712444636,1224.0716735359254,1201.1918291707677,1210.72509765625,8400,0.0,0.0
2012-03-23 00:00:00+09:00,1220.2584228515625,1220.2584228515625,1199.2852312088014,1220.2584228515625,6000,0.0,0.0
2012-03-26 00:00:00+09:00,1220.2584228515625,1224.0717304229738,1218.351769065857,1220.2584228515625,22800,0.0,0.0
2012-03-27 00:00:00+09:00,1231.698354955409,1231.698354955409,1212.6318169530034,1225.9783935546875,3200,0.0,0.0
2012-03-28 00:00:00+09:00,1237.6174342943275,1249.2564697265625,1237.6174342943275,1249.2564697265625,4800,27.5,0.0
2012-03-29 00:00:00+09:00,1249.2564697265625,1249.2564697265625,1249.2564697265625,1249.2564697265625,600,0.0,0.0
2012-03-30 00:00:00+09:00,1257.0157470703125,1260.8954253020108,1257.0157470703125,1257.0157470703125,1600,0.0,0.0
2012-04-02 00:00:00+09:00,1257.0159934303977,1280.2940673828125,1257.0159934303977,1280.2940673828125,5600,0.0,0.0
2012-04-03 00:00:00+09:00,1280.2940673828125,1288.0534253669507,1260.8956724224668,1280.2940673828125,6600,0.0,0.0
2012-04-04 00:00:00+09:00,1295.8124410569578,1301.6319580078125,1295.8124410569578,1301.6319580078125,3200,0.0,0.0
2012-04-05 00:00:00+09:00,1301.632099937325,1305.5117783276003,1260.8954768394356,1299.6922607421875,14600,0.0,0.0
2012-04-06 00:00:00+09:00,1299.69223779664,1299.69223779664,1289.9930419921875,1289.9930419921875,3600,0.0,0.0
2012-04-09 00:00:00+09:00,1299.6921190241942,1301.6319580078125,1284.1734071552487,1301.6319580078125,9600,0.0,0.0
2012-04-10 00:00:00+09:00,1282.2336069970922,1297.7523193359375,1278.3539289123808,1297.7523193359375,7200,0.0,0.0
2012-04-11 00:00:00+09:00,1293.872777613198,1293.872777613198,1272.5345458984375,1272.5345458984375,5400,0.0,0.0
2012-04-12 00:00:00+09:00,1272.5345458984375,1291.9329383664015,1272.5345458984375,1272.5345458984375,3200,0.0,0.0
2012-04-13 00:00:00+09:00,1272.5345510151571,1295.8126220703125,1272.5345510151571,1295.8126220703125,5200,0.0,0.0
2012-04-16 00:00:00+09:00,1295.8128851562499,1295.8128851562499,1194.9412234375,1212.3997802734375,46800,0.0,0.0
2012-04-17 00:00:00+09:00,1239.5572311401368,1253.1361053466796,1224.0385177612304,1241.4970703125,7400,0.0,0.0
2012-04-18 00:00:00+09:00,1243.4368732593678,1257.0157470703125,1243.4368732593678,1257.0157470703125,4000,0.0,0.0
2012-04-19 00:00:00+09:00,1257.0157470703125,1257.0157470703125,1251.1962297227647,1257.0157470703125,2600,0.0,0.0
2012-04-20 00:00:00+09:00,1257.0157470703125,1257.0157470703125,1257.0157470703125,1257.0157470703125,600,0.0,0.0
2012-04-23 00:00:00+09:00,1243.4368732593678,1257.0157470703125,1243.4368732593678,1257.0157470703125,3600,0.0,0.0
2012-04-24 00:00:00+09:00,1257.015668436062,1264.7750244140625,1257.015668436062,1264.7750244140625,3200,0.0,0.0
2012-04-25 00:00:00+09:00,1264.7750800386373,1264.7750800386373,1243.4368501606848,1247.3165283203125,2600,0.0,0.0
2012-04-26 00:00:00+09:00,1247.3166304878566,1251.1963089652684,1247.3166304878566,1249.2564697265625,2600,0.0,0.0
2012-04-27 00:00:00+09:00,1243.4368501606848,1247.3165283203125,1243.4368501606848,1247.3165283203125,4000,0.0,0.0
2012-05-01 00:00:00+09:00,1245.376712375217,1257.0157470703125,1245.376712375217,1257.0157470703125,3400,0.0,0.0
2012-05-02 00:00:00+09:00,1257.015849203101,1260.895527750024,1249.2564921092546,1258.9556884765625,4200,0.0,0.0
2012-05-07 00:00:00+09:00,1257.0157836914063,1257.0157836914063,1241.4970703125,1241.4970703125,2400,0.0,0.0
2012-05-08 00:00:00+09:00,1218.2190002441407,1245.3767486572267,1218.2190002441407,1241.4970703125,5000,0.0,0.0
2012-05-09 00:00:00+09:00,1241.4970439189187,1253.1360787056587,1214.3392960831925,1220.1588134765625,13400,0.0,0.0
2012-05-10 00:00:00+09:00,1220.1587067141027,1225.9782235982718,1189.121283331868,1206.579833984375,11400,0.0,0.0
2012-05-11 00:00:00+09:00,1181.3621861554573,1222.0988132642663,1181.3621861554573,1204.6402587890625,3200,0.0,0.0
2012-05-14 00:00:00+09:00,1222.098757186026,1233.73779296875,1218.2190785917844,1233.73779296875,2200,0.0,0.0
2012-05-15 00:00:00+09:00,1222.098516536032,1229.8578721965782,1183.301738233301,1185.2415771484375,32200,0.0,0.0
2012-05-16 00:00:00+09:00,1202.7002676786758,1253.1360853555236,1202.7002676786758,1243.4368896484375,18400,0.0,0.0
2012-05-17 00:00:00+09:00,1241.4970703125,1243.4369094848632,1241.4970703125,1241.4970703125,14800,0.0,0.0
2012-05-18 00:00:00+09:00,1241.4970703125,1241.4970703125,1237.6173919677735,1241.4970703125,22000,0.0,0.0
2012-05-21 00:00:00+09:00,1241.4970703125,1260.8954620361328,1237.6173919677735,1241.4970703125,15400,0.0,0.0
2012-05-22 00:00:00+09:00,1241.4970703125,1241.4970703125,1241.4970703125,1241.4970703125,18600,0.0,0.0
2012-05-23 00:00:00+09:00,1237.6171875,1239.5570263518807,1237.6171875,1237.6171875,9000,0.0,0.0
2012-05-24 00:00:00+09:00,1237.6171875,1241.4968652037617,1222.0984766849529,1237.6171875,17400,0.0,0.0
2012-05-25 00:00:00+09:00,1237.6172219897073,1237.6172219897073,1222.0985107421875,1222.0985107421875,3800,0.0,0.0
2012-05-28 00:00:00+09:00,1204.6401137314833,1204.6401137314833,1187.1815613585634,1194.94091796875,11400,0.0,0.0
2012-05-29 00:00:00+09:00,1187.1813668300229,1189.1212056647123,1163.9033008137478,1165.8431396484375,21800,0.0,0.0
2012-05-30 00:00:00+09:00,1167.783243001302,1167.783243001302,1163.903564453125,1163.903564453125,7600,0.0,0.0
2012-05-31 00:00:00+09:00,1126.270675229207,1128.9864501953125,1117.3474146262886,1128.9864501953125,3800,0.0,0.0
2012-06-01 00:00:00+09:00,1194.9410317910683,1196.8808711283914,1136.7458516713734,1148.3848876953125,8400,0.0,0.0
2012-06-04 00:00:00+09:00,1150.3247672388109,1150.3247672388109,1144.5052490234375,1144.5052490234375,1800,0.0,0.0
2012-06-05 00:00:00+09:00,1144.5052490234375,1144.5052490234375,1144.5052490234375,1144.5052490234375,3400,0.0,0.0
2012-06-06 00:00:00+09:00,1144.5051740891863,1175.5426025390625,1144.5051740891863,1175.5426025390625,1000,0.0,0.0
2012-06-07 00:00:00+09:00,1169.7229829141916,1175.542500242123,1169.7229829141916,1173.6026611328125,1400,0.0,0.0
2012-06-08 00:00:00+09:00,1152.2645288085937,1163.903564453125,1148.3848502604167,1163.903564453125,4000,0.0,0.0
2012-06-11 00:00:00+09:00,1163.903564453125,1163.903564453125,1163.903564453125,1163.903564453125,400,0.0,0.0
2012-06-12 00:00:00+09:00,1137.521442259097,1151.48828125,1137.1334745093498,1151.48828125,1000,0.0,0.0
2012-06-13 00:00:00+09:00,1151.876419180716,1156.1440650584486,1144.5050308464508,1149.16064453125,2800,0.0,0.0
2012-06-14 00:00:00+09:00,1139.8494606308109,1173.6026611328125,1138.6855571652247,1173.6026611328125,4800,0.0,0.0
2012-06-15 00:00:00+09:00,1202.7003173828125,1202.7003173828125,1200.7604781612274,1202.7003173828125,4800,0.0,0.0
2012-06-18 00:00:00+09:00,1202.7003173828125,1202.7003173828125,1202.7003173828125,1202.7003173828125,4800,0.0,0.0
2012-06-19 00:00:00+09:00,1187.1815185546875,1187.1815185546875,1187.1815185546875,1187.1815185546875,200,0.0,0.0
2012-06-20 00:00:00+09:00,1202.7001216827878,1241.4968998015872,1187.1814104352677,1222.0985107421875,7600,0.0,0.0
2012-06-21 00:00:00+09:00,1202.7001216827878,1247.3164165194073,1202.7001216827878,1222.0985107421875,12400,0.0,0.0
2012-06-22 00:00:00+09:00,1222.0986785888672,1241.4970703125,1222.0986785888672,1241.4970703125,5600,0.0,0.0
2012-06-25 00:00:00+09:00,1187.1815348979856,1222.0986388655733,1173.6026611328125,1173.6026611328125,6200,0.0,0.0
2012-06-26 00:00:00+09:00,1163.9034884093237,1183.3018798828125,1163.9034884093237,1183.3018798828125,800,0.0,0.0
2012-06-27 00:00:00+09:00,1189.1212901151794,1206.5798408672783,1169.722900390625,1169.722900390625,3600,0.0,0.0
2012-06-28 00:00:00+09:00,1187.1814751876027,1200.760348269814,1179.422119140625,1179.422119140625,2000,0.0,0.0
2012-06-29 00:00:00+09:00,1181.3620375071139,1200.760428927592,1165.8433243707316,1171.662841796875,3600,0.0,0.0
2012-07-02 00:00:00+09:00,1185.2416361758583,1187.1814751876027,1173.6026021053915,1179.422119140625,2200,0.0,0.0
2012-07-03 00:00:00+09:00,1216.2790603637695,1222.0985773990028,1179.422119140625,1179.422119140625,3600,0.0,0.0
2012-07-04 00:00:00+09:00,1183.3018798828125,1183.3018798828125,1183.3018798828125,1183.3018798828125,2200,0.0,0.0
2012-07-05 00:00:00+09:00,1183.3018798828125,1183.3018798828125,1165.8433275566726,1183.3018798828125,600,0.0,0.0
2012-07-06 00:00:00+09:00,1183.301738233301,1198.8204495543935,1183.301738233301,1185.2415771484375,1200,0.0,0.0
2012-07-09 00:00:00+09:00,1179.422178460744,1179.422178460744,1173.6026611328125,1173.6026611328125,1000,0.0,0.0
2012-07-10 00:00:00+09:00,1173.6025851259951,1173.6025851259951,1154.2041952892016,1154.5921630859375,2200,0.0,0.0
2012-07-11 00:00:00+09:00,1154.592395571608,1158.0841064453125,1147.6089738241992,1158.0841064453125,800,0.0,0.0
2012-07-12 00:00:00+09:00,1147.6089145507813,1163.903564453125,1147.6089145507813,1163.903564453125,5200,0.0,0.0
2012-07-13 00:00:00+09:00,1163.903564453125,1163.903564453125,1160.023885904948,1163.903564453125,3600,0.0,0.0
2012-07-17 00:00:00+09:00,1163.903564453125,1163.903564453125,1163.903564453125,1163.903564453125,12000,0.0,0.0
2012-07-18 00:00:00+09:00,1155.7562143944317,1169.7230568644552,1142.5653076171875,1142.5653076171875,9200,0.0,0.0
2012-07-19 00:00:00+09:00,1161.5758069464005,1161.5758069464005,1140.6255418912551,1144.8931884765625,2800,0.0,0.0
2012-07-20 00:00:00+09:00,1146.4449860810828,1156.1441822408212,1142.5653076171875,1142.5653076171875,7200,0.0,0.0
2012-07-23 00:00:00+09:00,1138.685577925408,1138.685577925408,1128.986382202023,1133.2540283203125,7000,0.0,0.0
2012-07-24 00:00:00+09:00,1129.374560336771,1130.9264319414935,1127.0467529296875,1127.0467529296875,9600,0.0,0.0
2012-07-25 00:00:00+09:00,1161.1878918157267,1161.1878918157267,1137.5218505859375,1137.5218505859375,3800,0.0,0.0
2012-07-26 00:00:00+09:00,1137.1337890625,1137.5217569195668,1136.7458212054332,1137.1337890625,1000,0.0,0.0
2012-07-27 00:00:00+09:00,1148.3848876953125,1150.3247270326356,1148.3848876953125,1148.3848876953125,1400,0.0,0.0
2012-07-30 00:00:00+09:00,1148.384638971843,1148.384638971843,1136.74560546875,1136.74560546875,2000,0.0,0.0
2012-07-31 00:00:00+09:00,1130.9261278126337,1132.865966796875,1130.9261278126337,1132.865966796875,1400,0.0,0.0
2012-08-01 00:00:00+09:00,1128.986310794549,1128.986310794549,1125.1066327505814,1125.882568359375,8200,0.0,0.0
2012-08-02 00:00:00+09:00,1125.8827348414475,1145.2811279296875,1125.8827348414475,1145.2811279296875,1000,0.0,0.0
2012-08-03 00:00:00+09:00,1145.2811279296875,1145.2811279296875,1145.2811279296875,1145.2811279296875,1000,0.0,0.0
2012-08-06 00:00:00+09:00,1146.445068359375,1148.3849077305415,1146.445068359375,1146.445068359375,1200,0.0,0.0
2012-08-07 00:00:00+09:00,1161.5757640577021,1161.5757640577021,1137.1337890625,1137.1337890625,600,0.0,0.0
2012-08-08 00:00:00+09:00,1144.1173405816346,1144.1173405816346,1125.1069134237844,1127.0467529296875,4200,0.0,0.0
2012-08-09 00:00:00+09:00,1127.4344372286396,1134.8058254968241,1127.4344372286396,1130.9261474609375,3800,0.0,0.0
2012-08-10 00:00:00+09:00,1130.92635153746,1134.8060302734375,1130.92635153746,1134.8060302734375,3000,0.0,0.0
2012-08-13 00:00:00+09:00,1115.407368198089,1115.7953359783319,1097.9488180871624,1113.467529296875,3200,0.0,0.0
2012-08-14 00:00:00+09:00,1113.4678539610745,1113.4678539610745,1099.8889776932565,1105.70849609375,6600,0.0,0.0
2012-08-15 00:00:00+09:00,1097.948951544396,1104.9323724376113,1088.249755859375,1088.249755859375,14800,0.0,0.0
2012-08-16 00:00:00+09:00,1090.57763671875,1094.0693474019477,1090.1896688650613,1090.57763671875,5200,0.0,0.0
2012-08-17 00:00:00+09:00,1094.0692138671875,1094.0692138671875,1094.0692138671875,1094.0692138671875,4000,0.0,0.0
2012-08-20 00:00:00+09:00,1097.9490344520148,1097.9490344520148,1092.1295166015625,1092.1295166015625,2000,0.0,0.0
2012-08-21 00:00:00+09:00,1093.6812855785004,1094.0692533988545,1090.1895751953125,1090.1895751953125,2400,0.0,0.0
2012-08-22 00:00:00+09:00,1088.249743877013,1088.249743877013,1075.058837890625,1075.058837890625,3600,0.0,0.0
2012-08-23 00:00:00+09:00,1082.4301647909967,1086.3098428010003,1075.05877657199,1085.921875,6000,0.0,0.0
2012-08-24 00:00:00+09:00,1085.9220463423294,1085.9220463423294,1064.1958460582387,1066.91162109375,4600,0.0,0.0
2012-08-27 00:00:00+09:00,1074.2827545960154,1074.2827545960154,1034.3220743058782,1043.63330078125,29800,0.0,0.0
2012-08-28 00:00:00+09:00,1043.633315494056,1043.633315494056,1030.054443359375,1030.054443359375,14400,0.0,0.0
2012-08-29 00:00:00+09:00,1046.737057696269,1046.737057696269,1030.054443359375,1030.054443359375,3800,0.0,0.0
2012-08-30 00:00:00+09:00,1030.0544979393346,1030.0544979393346,1022.6831098184882,1023.4590454101562,9000,0.0,0.0
2012-08-31 00:00:00+09:00,1022.6834106445312,1022.6834106445312,1020.3556031847941,1022.6834106445312,6600,0.0,0.0
2012-09-03 00:00:00+09:00,1020.3553868808382,1038.20190695556,1018.8035155699928,1033.1583251953125,5000,0.0,0.0
2012-09-04 00:00:00+09:00,1023.0711472169817,1026.174889794811,1022.683179394753,1025.010986328125,4400,0.0,0.0
2012-09-05 00:00:00+09:00,1020.3553226643355,1026.9507753203407,1020.3553226643355,1021.5192260742188,1600,0.0,0.0
2012-09-06 00:00:00+09:00,1022.6831098184882,1028.1146589601644,1022.2951420226542,1023.4590454101562,6600,0.0,0.0
2012-09-07 00:00:00+09:00,1023.84706067537,1048.2890329461347,1023.84706067537,1031.994384765625,3600,0.0,0.0
2012-09-10 00:00:00+09:00,1031.99421498441,1036.2618602343457,1031.99421498441,1034.322021484375,2200,0.0,0.0
2012-09-11 00:00:00+09:00,1044.7973226217398,1044.7973226217398,1031.994384765625,1031.994384765625,3800,0.0,0.0
2012-09-12 00:00:00+09:00,1031.9944217121786,1033.1583251953125,1031.9944217121786,1033.1583251953125,1600,0.0,0.0
2012-09-13 00:00:00+09:00,1035.8741455078125,1046.737245161078,1035.8741455078125,1035.8741455078125,17200,0.0,0.0
2012-09-14 00:00:00+09:00,1043.6335190811915,1055.6605224609375,1043.6335190811915,1055.6605224609375,6400,0.0,0.0
2012-09-18 00:00:00+09:00,1066.5235276166131,1066.9114954331342,1047.5131046070771,1055.2724609375,10000,0.0,0.0
2012-09-19 00:00:00+09:00,1066.9116011548606,1086.3099939031306,1066.9116011548606,1068.8514404296875,15600,0.0,0.0
2012-09-20 00:00:00+09:00,1068.851448880369,1070.4033203125,1066.9116095902048,1070.4033203125,800,0.0,0.0
2012-09-21 00:00:00+09:00,1070.403331853693,1070.403331853693,1066.91162109375,1066.91162109375,2400,0.0,0.0
2012-09-24 00:00:00+09:00,1055.2725852272727,1066.91162109375,1055.2725852272727,1066.91162109375,11000,0.0,0.0
2012-09-25 00:00:00+09:00,1081.6543509119308,1081.6543509119308,1069.2393798828125,1069.2393798828125,2000,0.0,0.0
2012-09-26 00:00:00+09:00,1049.8409423828125,1049.8409423828125,1049.8409423828125,1049.8409423828125,7600,0.0,0.0
2012-09-27 00:00:00+09:00,1088.637894941793,1088.637894941793,1055.6606244250247,1057.6004638671875,2000,0.0,0.0
2012-09-28 00:00:00+09:00,1057.9883207901664,1070.791259765625,1052.168803074049,1070.791259765625,2800,0.0,0.0
2012-10-01 00:00:00+09:00,1070.791372073895,1070.791372073895,1055.6606244250247,1057.6004638671875,1600,0.0,0.0
2012-10-02 00:00:00+09:00,1056.8243433868959,1056.8243433868959,1051.78076171875,1051.78076171875,2000,0.0,0.0
2012-10-03 00:00:00+09:00,1052.556856339524,1053.7207599772014,1047.513273909589,1052.94482421875,6600,0.0,0.0
2012-10-04 00:00:00+09:00,1052.944654038373,1064.1957207174862,1052.944654038373,1055.2724609375,1200,0.0,0.0
2012-10-05 00:00:00+09:00,1064.1957611405455,1073.1190212594784,1064.1957611405455,1068.075439453125,8600,0.0,0.0
2012-10-09 00:00:00+09:00,1066.1355287653735,1074.6708204803801,1055.2724302190015,1060.7039794921875,14200,0.0,0.0
2012-10-10 00:00:00+09:00,1060.7039929955406,1060.7039929955406,1051.3927655515417,1052.168701171875,15000,0.0,0.0
2012-10-11 00:00:00+09:00,1049.840868326823,1053.3325785319012,1047.5130615234375,1047.5130615234375,20400,0.0,0.0
2012-10-12 00:00:00+09:00,1055.2726127499066,1055.2726127499066,1012.5961467931088,1038.2020263671875,49000,0.0,0.0
2012-10-15 00:00:00+09:00,1038.2018436305113,1038.2018436305113,1018.4154856241001,1027.3387451171875,29200,0.0,0.0
2012-10-16 00:00:00+09:00,1027.338708057656,1030.05448258802,1026.1748046875,1026.1748046875,22000,0.0,0.0
2012-10-17 00:00:00+09:00,1026.1749805312559,1030.442626953125,1026.1749805312559,1030.442626953125,17400,0.0,0.0
2012-10-18 00:00:00+09:00,1037.038154538998,1037.426122423225,1028.114893201775,1032.7705078125,12200,0.0,0.0
2012-10-19 00:00:00+09:00,1028.114687005306,1047.5130773261608,1028.114687005306,1033.9342041015625,7600,0.0,0.0
2012-10-22 00:00:00+09:00,1028.8905400335452,1030.054443359375,1024.234926730226,1030.054443359375,12800,0.0,0.0
2012-10-23 00:00:00+09:00,1028.8905293232685,1033.546142578125,1028.8905293232685,1033.546142578125,5000,0.0,0.0
2012-10-24 00:00:00+09:00,1030.0547443710539,1031.994583814314,1026.175065484534,1029.27880859375,19600,0.0,0.0
2012-10-25 00:00:00+09:00,1033.934292071448,1033.934292071448,1014.5359001001261,1027.726806640625,23800,0.0,0.0
2012-10-26 00:00:00+09:00,1026.1749866326045,1026.1749866326045,1017.2517258792775,1020.35546875,31000,0.0,0.0
2012-10-29 00:00:00+09:00,1020.3554687499999,1022.2953080442014,1018.4156294557985,1020.35546875,19400,0.0,0.0
2012-10-30 00:00:00+09:00,1022.295386598014,1029.27880859375,1020.355547154754,1029.27880859375,2800,0.0,0.0
2012-10-31 00:00:00+09:00,1020.3554687499999,1024.235147338403,1020.3554687499999,1020.35546875,7600,0.0,0.0
2012-11-01 00:00:00+09:00,1016.47588343459,1022.2954018512003,1016.47588343459,1020.7435302734375,1200,0.0,0.0
2012-11-02 00:00:00+09:00,1023.459086723775,1027.72673265022,1020.3553442318153,1025.39892578125,7200,0.0,0.0
2012-11-05 00:00:00+09:00,1028.114890833597,1028.114890833597,1015.3119506835938,1015.3119506835938,14200,0.0,0.0
2012-11-06 00:00:00+09:00,1014.9238920911569,1014.9238920911569,1009.1043743612763,1009.8803100585938,6800,0.0,0.0
2012-11-07 00:00:00+09:00,1005.2246136825332,1007.5524205841524,1005.2246136825332,1006.0005493164062,3800,0.0,0.0
2012-11-08 00:00:00+09:00,1008.7163091632849,1008.7163091632849,997.8532104492188,997.8532104492188,4800,0.0,0.0
2012-11-09 00:00:00+09:00,1012.5959185994068,1012.5959185994068,989.3178515051675,991.2576904296875,6600,0.0,0.0
2012-11-12 00:00:00+09:00,985.4382822269456,991.2577996416716,985.4382822269456,988.9299926757812,4800,0.0,0.0
2012-11-13 00:00:00+09:00,987.3780912440675,987.3780912440675,983.4984130859375,983.4984130859375,7200,0.0,0.0
2012-11-14 00:00:00+09:00,985.8261696286004,990.8697509765625,985.4382018326033,990.8697509765625,4400,0.0,0.0
2012-11-15 00:00:00+09:00,991.257595036993,995.9132080078125,989.3177562991515,995.9132080078125,13400,0.0,0.0
2012-11-16 00:00:00+09:00,989.3179037766286,1000.9569379387066,989.3179037766286,989.7058715820312,22600,0.0,0.0
2012-11-19 00:00:00+09:00,992.4219117021245,997.0775266123768,992.4219117021245,993.5858154296875,3400,0.0,0.0
2012-11-20 00:00:00+09:00,993.5855189630162,996.6892613104212,993.5855189630162,995.1373901367188,15400,0.0,0.0
2012-11-21 00:00:00+09:00,995.1373901367186,995.91332572357,993.9734867564418,995.1373901367188,26400,0.0,0.0
2012-11-22 00:00:00+09:00,995.1376266953368,1003.6729201796633,993.585755152732,999.4052734375,23400,0.0,0.0
2012-11-26 00:00:00+09:00,999.4052817647771,1002.8969927647316,989.7060845426811,1000.9571533203125,15200,0.0,0.0
2012-11-27 00:00:00+09:00,999.0173138758933,1007.5526074313377,999.0173138758933,1000.9571533203125,6600,0.0,0.0
2012-11-28 00:00:00+09:00,993.5857175777813,997.0774284165943,988.5421352550516,992.4218139648438,37600,0.0,0.0
2012-11-29 00:00:00+09:00,992.4216462198494,992.4216462198494,989.7058715820312,989.7058715820312,8400,0.0,0.0
2012-11-30 00:00:00+09:00,989.7058279338161,989.7058279338161,981.5585043796764,981.9464721679688,25400,0.0,0.0
2012-12-03 00:00:00+09:00,981.5586363549326,993.5856394090839,981.5586363549326,989.3179931640625,13200,0.0,0.0
2012-12-04 00:00:00+09:00,990.4818966854319,993.9736072495404,985.4383147594975,989.3179931640625,51400,0.0,0.0
2012-12-05 00:00:00+09:00,987.7662881270438,993.1978388080252,985.4384806923375,986.2144165039062,59800,0.0,0.0
2012-12-06 00:00:00+09:00,986.6021052205946,993.9734933445393,986.6021052205946,990.8697509765625,6600,0.0,0.0
2012-12-07 00:00:00+09:00,989.3180584085399,991.2578977387527,989.3180584085399,990.093994140625,2800,0.0,0.0
2012-12-10 00:00:00+09:00,989.3178515051675,1002.896723976807,987.7659803655515,991.2576904296875,53400,0.0,0.0
2012-12-11 00:00:00+09:00,1010.6561482193681,1010.6561482193681,997.4652426380021,997.8532104492188,7200,0.0,0.0
2012-12-12 00:00:00+09:00,997.077394925631,1008.7164306640624,997.077394925631,1008.7164306640625,7800,0.0,0.0
2012-12-13 00:00:00+09:00,1016.4758142791504,1024.2351716400601,1014.5359749389231,1019.1915893554688,14400,0.0,0.0
2012-12-14 00:00:00+09:00,1020.3551945996536,1030.44235621927,1018.4153558266505,1025.7867431640625,13000,0.0,0.0
2012-12-17 00:00:00+09:00,1031.9945720440458,1041.3058012654958,1028.114893201775,1032.7705078125,20000,0.0,0.0
2012-12-18 00:00:00+09:00,1032.7702571183838,1033.1582249084358,1026.1748046875,1026.1748046875,30400,0.0,0.0
2012-12-19 00:00:00+09:00,1031.2186129897389,1039.75390625,1016.475833722015,1039.75390625,6600,0.0,0.0
2012-12-20 00:00:00+09:00,1028.5025856752918,1043.245361328125,1028.5025856752918,1043.245361328125,8000,0.0,0.0
2012-12-21 00:00:00+09:00,1036.2620282413984,1043.2454488735007,1034.3221891769256,1037.0379638671875,10000,0.0,0.0
2012-12-25 00:00:00+09:00,1043.2454488735007,1043.2454488735007,1028.502671983507,1037.0379638671875,22400,0.0,0.0
2012-12-26 00:00:00+09:00,1056.436384191917,1066.5235476105693,1047.5131242446478,1053.3326416015625,5600,0.0,0.0
2012-12-27 00:00:00+09:00,1053.3327468066009,1064.583814820373,1047.9011967309868,1050.22900390625,4800,0.0,0.0
2012-12-28 00:00:00+09:00,1055.2724670031057,1066.9115015656398,1055.2724670031057,1061.867919921875,36600,0.0,0.0
2013-01-04 00:00:00+09:00,1061.8680787914861,1066.1357254362454,1051.7809139947822,1063.031982421875,14200,0.0,0.0
2013-01-07 00:00:00+09:00,1056.4363460210018,1086.3098673737807,1056.4363460210018,1073.8948974609375,11200,0.0,0.0
2013-01-08 00:00:00+09:00,1075.0589484125592,1078.5506591796875,1073.8950448235162,1078.5506591796875,17800,0.0,0.0
2013-01-09 00:00:00+09:00,1070.7914432010134,1081.654544798705,1068.8516036299973,1076.6109619140625,21800,0.0,0.0
2013-01-10 00:00:00+09:00,1075.058998401767,1100.2769106703036,1071.9552553533317,1087.8619384765625,8600,0.0,0.0
2013-01-11 00:00:00+09:00,1092.517342641844,1094.0692138671875,1080.8783084517675,1094.0692138671875,34200,0.0,0.0
2013-01-15 00:00:00+09:00,1097.9488680435209,1113.4675799593304,1084.3699951171875,1084.3699951171875,22000,0.0,0.0
2013-01-16 00:00:00+09:00,1084.3700973510743,1087.861807861328,1081.266354675293,1086.3099365234375,15200,0.0,0.0
2013-01-17 00:00:00+09:00,1086.3100669523449,1089.0258421197257,1083.594291784964,1087.8619384765625,11800,0.0,0.0
2013-01-18 00:00:00+09:00,1089.8014077338228,1105.3201177051126,1086.3096979902828,1097.94873046875,13800,0.0,0.0
2013-01-21 00:00:00+09:00,1087.0857349537036,1103.7683497299383,1087.0857349537036,1099.888671875,5800,0.0,0.0
2013-01-22 00:00:00+09:00,1088.6377435302734,1101.0527142333985,1078.5505798339843,1086.3099365234375,41000,0.0,0.0
2013-01-23 00:00:00+09:00,1076.998697337242,1091.741474894452,1076.998697337242,1089.8016357421875,15000,0.0,0.0
2013-01-24 00:00:00+09:00,1090.1897140730348,1093.29345703125,1082.8183245472742,1093.29345703125,6600,0.0,0.0
2013-01-25 00:00:00+09:00,1094.0693710185521,1128.5985107421875,1092.1295317082356,1128.5985107421875,8800,0.0,0.0
2013-01-28 00:00:00+09:00,1139.8496126302084,1160.0239420572916,1130.92635153746,1134.8060302734375,8800,0.0,0.0
2013-01-29 00:00:00+09:00,1128.9863934359707,1160.02382005964,1127.4345221047872,1129.7623291015625,5200,0.0,0.0
2013-01-30 00:00:00+09:00,1127.0466746477105,1147.2210041078415,1127.0466746477105,1146.445068359375,11000,0.0,0.0
2013-01-31 00:00:00+09:00,1138.6857209344419,1159.635986328125,1138.6857209344419,1159.635986328125,2000,0.0,0.0
2013-02-01 00:00:00+09:00,1129.7624331947743,1153.040505307304,1129.7624331947743,1143.34130859375,3400,0.0,0.0
2013-02-04 00:00:00+09:00,1128.9862671313924,1140.6253008131594,1127.0464281844313,1139.849365234375,7400,0.0,0.0
2013-02-05 00:00:00+09:00,1121.6150754468922,1135.9698861668974,1109.9760397279692,1120.451171875,9600,0.0,0.0
2013-02-06 00:00:00+09:00,1127.0464562119616,1139.8493935802903,1126.2705206138812,1139.46142578125,15400,0.0,0.0
2013-02-07 00:00:00+09:00,1140.6255210070024,1163.515625,1136.7458423641215,1163.515625,11600,0.0,0.0
2013-02-08 00:00:00+09:00,1163.515381298908,1196.880610639257,1163.515381298908,1185.2415771484375,10800,0.0,0.0
2013-02-12 00:00:00+09:00,1210.459453125,1280.29365234375,1210.459453125,1260.895263671875,13000,0.0,0.0
2013-02-13 00:00:00+09:00,1295.8125036222646,1330.7296070132836,1286.1133082358704,1307.4515380859375,13200,0.0,0.0
2013-02-14 00:00:00+09:00,1338.4891111123895,1342.368789695324,1297.7524859915777,1317.15087890625,16800,0.0,0.0
2013-02-15 00:00:00+09:00,1317.1508134984258,1317.1508134984258,1293.8727431567747,1299.6922607421875,13800,0.0,0.0
2013-02-18 00:00:00+09:00,1297.7524215470498,1311.331295913013,1295.8125823519122,1299.6922607421875,9400,0.0,0.0
2013-02-19 00:00:00+09:00,1299.6922076189958,1301.632046734845,1249.2563906069154,1257.0157470703125,5200,0.0,0.0
2013-02-20 00:00:00+09:00,1251.1964111328125,1270.5948051038638,1245.376892941497,1251.1964111328125,6200,0.0,0.0
2013-02-21 00:00:00+09:00,1243.4367786577552,1243.4367786577552,1210.4595161972532,1218.2188720703125,9000,0.0,0.0
2013-02-22 00:00:00+09:00,1200.7603833278652,1233.7376474903429,1185.2416707808168,1224.0384521484375,7800,0.0,0.0
2013-02-25 00:00:00+09:00,1241.4971127717392,1268.654862113621,1224.0385596233866,1249.2564697265625,3200,0.0,0.0
2013-02-26 00:00:00+09:00,1227.9180274600074,1227.9180274600074,1210.4594773065476,1222.0985107421875,13200,0.0,0.0
2013-02-27 00:00:00+09:00,1222.0986653396583,1266.7149658203125,1222.0986653396583,1266.7149658203125,6400,0.0,0.0
2013-02-28 00:00:00+09:00,1239.5570732218725,1305.5115966796875,1239.5570732218725,1305.5115966796875,1600,0.0,0.0
2013-03-01 00:00:00+09:00,1301.6322813741017,1305.5119603051721,1282.23388671875,1282.23388671875,2000,0.0,0.0
2013-03-04 00:00:00+09:00,1307.451396484375,1307.451396484375,1260.895263671875,1260.895263671875,6400,0.0,0.0
2013-03-05 00:00:00+09:00,1260.8953464250621,1276.414058381063,1241.4969564800613,1264.7750244140625,9200,0.0,0.0
2013-03-06 00:00:00+09:00,1258.955511493161,1276.4140625,1257.015672492401,1276.4140625,24600,0.0,0.0
2013-03-07 00:00:00+09:00,1280.2937563004032,1297.7523075226813,1241.4969758064515,1262.835205078125,29200,0.0,0.0
2013-03-08 00:00:00+09:00,1282.2336790309748,1289.9930356363059,1260.895448366314,1266.7149658203125,21800,0.0,0.0
2013-03-11 00:00:00+09:00,1266.7149720615014,1289.9930419921875,1266.7149720615014,1289.9930419921875,15600,0.0,0.0
2013-03-12 00:00:00+09:00,1289.9932648629854,1295.812783351089,1272.5347093986743,1280.2940673828125,9800,0.0,0.0
2013-03-13 00:00:00+09:00,1260.895652597863,1297.7526024430313,1260.895652597863,1282.23388671875,10600,0.0,0.0
2013-03-14 00:00:00+09:00,1295.8124410569578,1301.6319580078125,1272.5343732535393,1301.6319580078125,10200,0.0,0.0
2013-03-15 00:00:00+09:00,1305.5115576171875,1319.0904296875,1280.29365234375,1309.3912353515625,12200,0.0,0.0
2013-03-18 00:00:00+09:00,1295.8125794192395,1330.7296848526921,1286.1133834655027,1288.05322265625,6800,0.0,0.0
2013-03-19 00:00:00+09:00,1309.3915170100497,1311.331356294509,1293.872802734375,1293.872802734375,4400,0.0,0.0
2013-03-21 00:00:00+09:00,1284.1735471810866,1309.3914567178754,1284.1735471810866,1299.6922607421875,7800,0.0,0.0
2013-03-22 00:00:00+09:00,1289.9928940821737,1338.4888675439097,1289.9928940821737,1328.7896728515625,14600,0.0,0.0
2013-03-25 00:00:00+09:00,1338.4889348714428,1357.8873252318983,1326.8499006551692,1346.248291015625,8400,0.0,0.0
2013-03-26 00:00:00+09:00,1357.8875732421875,1365.6469308035714,1338.4891793387276,1357.8875732421875,12200,0.0,0.0
2013-03-27 00:00:00+09:00,1340.1503057065217,1359.8583984375,1340.1503057065217,1359.8583984375,5200,27.5,0.0
2013-03-28 00:00:00+09:00,1359.8582262870593,1383.5079345703125,1326.354472885784,1383.5079345703125,23800,0.0,0.0
2013-03-29 00:00:00+09:00,1379.5665283203125,1387.449765625,1373.654100341797,1379.5665283203125,13200,0.0,0.0
2013-04-01 00:00:00+09:00,1415.0407782959342,1415.0407782959342,1328.3251874254313,1342.120849609375,9200,0.0,0.0
2013-04-02 00:00:00+09:00,1379.566277147572,1379.566277147572,1243.5804584001685,1334.2376708984375,19000,0.0,0.0
2013-04-03 00:00:00+09:00,1320.4422485351563,1379.5665283203125,1292.85091796875,1379.5665283203125,7400,0.0,0.0
2013-04-04 00:00:00+09:00,1377.5955842670642,1383.5080116673519,1348.033447265625,1348.033447265625,12800,0.0,0.0
2013-04-05 00:00:00+09:00,1379.5663237235917,1407.1576501980635,1361.829042418574,1399.2744140625,18400,0.0,0.0
2013-04-08 00:00:00+09:00,1399.2745005078666,1458.398775177213,1371.6831723288383,1424.89501953125,24800,0.0,0.0
2013-04-09 00:00:00+09:00,1444.6030948036596,1458.3987587376644,1420.9533852025081,1422.9241943359375,19200,0.0,0.0
2013-04-10 00:00:00+09:00,1401.2452042389948,1458.398665452681,1401.2452042389948,1456.4278564453125,16200,0.0,0.0
2013-04-11 00:00:00+09:00,1458.398681640625,1470.2235358160895,1440.6614003774282,1458.398681640625,9000,0.0,0.0
2013-04-12 00:00:00+09:00,1478.106689453125,1537.23095703125,1470.2234537760417,1537.23095703125,8600,0.0,0.0
2013-04-15 00:00:00+09:00,1537.2310230666858,1537.2310230666858,1503.7272699998477,1515.5521240234375,27600,0.0,0.0
2013-04-16 00:00:00+09:00,1515.551994402384,1535.2600827561212,1497.8147148840205,1529.34765625,8200,0.0,0.0
2013-04-17 00:00:00+09:00,1529.3476962942295,1529.3476962942295,1442.632105267237,1489.9315185546875,8600,0.0,0.0
2013-04-18 00:00:00+09:00,1517.5228678385417,1537.23095703125,1497.8147786458333,1537.23095703125,7200,0.0,0.0
2013-04-19 00:00:00+09:00,1537.2310230666858,1537.2310230666858,1478.1067529487364,1515.5521240234375,5000,0.0,0.0
2013-04-22 00:00:00+09:00,1537.2310394683443,1537.2310394683443,1501.7564770190747,1517.52294921875,4000,0.0,0.0
2013-04-23 00:00:00+09:00,1531.3185302734375,1556.9390462239583,1531.3185302734375,1537.23095703125,22200,0.0,0.0
2013-04-24 00:00:00+09:00,1537.2310363769532,1576.647216796875,1537.2310363769532,1576.647216796875,14800,0.0,0.0
2013-04-25 00:00:00+09:00,1576.647359056934,1576.647359056934,1549.0560302734375,1549.0560302734375,8600,0.0,0.0
2013-04-26 00:00:00+09:00,1576.6471436786167,1576.6471436786167,1552.9974365234375,1552.9974365234375,3800,0.0,0.0
2013-04-30 00:00:00+09:00,1552.9976861848304,1574.6765878955325,1521.4647382419912,1568.76416015625,3400,0.0,0.0
2013-05-01 00:00:00+09:00,1568.7641441873034,1576.6473810927673,1541.17281501818,1566.7933349609375,7600,0.0,0.0
2013-05-02 00:00:00+09:00,1537.2309732864517,1543.1434001067842,1517.5228838853434,1539.2017822265625,3400,0.0,0.0
2013-05-07 00:00:00+09:00,1537.2309650866512,1552.9974365234375,1519.4936847202669,1552.9974365234375,6800,0.0,0.0
2013-05-08 00:00:00+09:00,1529.3477293682581,1552.9974365234375,1527.37692043866,1552.9974365234375,6800,0.0,0.0
2013-05-09 00:00:00+09:00,1537.2309732864517,1552.9974448073385,1521.464501765565,1539.2017822265625,18400,0.0,0.0
2013-05-10 00:00:00+09:00,1525.4060385792525,1543.143318097616,1521.4644209085052,1529.34765625,14200,0.0,0.0
2013-05-13 00:00:00+09:00,1537.2310428103885,1537.2310428103885,1458.398681640625,1458.398681640625,25400,0.0,0.0
2013-05-14 00:00:00+09:00,1474.1650182845747,1600.2967845549124,1474.1650182845747,1574.67626953125,29600,0.0,0.0
2013-05-15 00:00:00+09:00,1655.479567033531,1671.246039100517,1620.0050048828125,1620.0050048828125,37800,0.0,0.0
2013-05-16 00:00:00+09:00,1649.566799731965,1700.8078233795527,1647.5959911301345,1667.3040771484375,27600,0.0,0.0
2013-05-17 00:00:00+09:00,1620.0052762261162,1773.7284046271345,1620.0052762261162,1759.9327392578125,18800,0.0,0.0
2013-05-20 00:00:00+09:00,1986.5754329091494,1990.5170508315882,1895.9182206930573,1911.6846923828125,26400,0.0,0.0
2013-05-21 00:00:00+09:00,1870.2977381744709,1907.7431091179008,1854.5312661982898,1856.5020751953125,23000,0.0,0.0
2013-05-22 00:00:00+09:00,1842.7063313975789,1846.64794921875,1781.6112551694239,1846.64794921875,23800,0.0,0.0
2013-05-23 00:00:00+09:00,1822.9983847481865,1822.9983847481865,1655.4796142578125,1655.4796142578125,19800,0.0,0.0
2013-05-24 00:00:00+09:00,1694.8958352481618,1773.7281996783088,1608.180234375,1675.187744140625,40000,0.0,0.0
2013-05-27 00:00:00+09:00,1673.2167559909024,1673.2167559909024,1645.6254313927013,1653.5086669921875,4000,0.0,0.0
2013-05-28 00:00:00+09:00,1653.5084169356255,1690.9537803704013,1635.7711395191527,1667.3040771484375,9600,0.0,0.0
2013-05-29 00:00:00+09:00,1683.0705459630801,1710.6618663887043,1667.3040771484375,1667.3040771484375,10600,0.0,0.0
2013-05-30 00:00:00+09:00,1667.3044360759434,1688.9833353629829,1627.8882555540536,1651.5379638671875,9400,0.0,0.0
2013-05-31 00:00:00+09:00,1655.4795008625476,1655.4795008625476,1552.9974365234375,1552.9974365234375,19600,0.0,0.0
2013-06-03 00:00:00+09:00,1554.9681711098583,1590.442730146585,1523.4352297438788,1529.34765625,11000,0.0,0.0
2013-06-04 00:00:00+09:00,1529.3478843245966,1545.1143573588708,1478.1068469632057,1527.3770751953125,19000,0.0,0.0
2013-06-05 00:00:00+09:00,1527.3771391294426,1576.647369423941,1505.6982377998636,1535.2603759765625,20400,0.0,0.0
2013-06-06 00:00:00+09:00,1493.8732336650057,1527.376986926622,1458.3986713880004,1501.7564697265625,16000,0.0,0.0
2013-06-07 00:00:00+09:00,1462.340377004523,1497.81494140625,1426.865812602796,1497.81494140625,32000,0.0,0.0
2013-06-10 00:00:00+09:00,1537.2309410421915,1631.8297681832494,1529.3477054471034,1564.822265625,11000,0.0,0.0
2013-06-11 00:00:00+09:00,1612.1215560781056,1616.0631735746292,1582.5594248541795,1594.38427734375,30000,0.0,0.0
2013-06-12 00:00:00+09:00,1576.6472839432827,1576.6472839432827,1537.2311018447006,1554.9683837890625,27800,0.0,0.0
2013-06-13 00:00:00+09:00,1576.6473572657274,1576.6473572657274,1491.9025618126946,1503.7274169921875,48000,0.0,0.0
2013-06-14 00:00:00+09:00,1537.2310291637075,1560.8807373046875,1478.1067588112571,1560.8807373046875,14000,0.0,0.0
2013-06-17 00:00:00+09:00,1580.5890156348148,1580.5890156348148,1537.2312122134108,1568.76416015625,8800,0.0,0.0
2013-06-18 00:00:00+09:00,1576.6474393427518,1604.23876953125,1576.6474393427518,1604.23876953125,1400,0.0,0.0
2013-06-19 00:00:00+09:00,1616.063232421875,1629.8588941620617,1588.4719089415016,1616.063232421875,8200,0.0,0.0
2013-06-20 00:00:00+09:00,1578.6178470440766,1612.1215966068098,1549.0557150769591,1584.5302734375,10000,0.0,0.0
2013-06-21 00:00:00+09:00,1517.522975216589,1610.1510009765625,1513.5813570991431,1610.1510009765625,2200,0.0,0.0
2013-06-24 00:00:00+09:00,1584.5305496859492,1590.4429771101504,1519.4938480197347,1588.47216796875,6800,0.0,0.0
2013-06-25 00:00:00+09:00,1572.705751000381,1572.705751000381,1529.3479483412227,1535.2603759765625,4400,0.0,0.0
2013-06-26 00:00:00+09:00,1549.0558770902755,1549.0558770902755,1478.1067529487364,1515.5521240234375,6400,0.0,0.0
2013-06-27 00:00:00+09:00,1460.3695615403196,1515.5522170371198,1460.3695615403196,1482.0484619140625,6200,0.0,0.0
2013-06-28 00:00:00+09:00,1497.8148013011294,1618.0341471950358,1497.8148013011294,1614.092529296875,11200,0.0,0.0
2013-07-01 00:00:00+09:00,1614.092529296875,1623.9465740422772,1580.5887771625075,1614.092529296875,12000,0.0,0.0
2013-07-02 00:00:00+09:00,1663.362777636247,1663.362777636247,1620.004980114923,1631.829833984375,8000,0.0,0.0
2013-07-03 00:00:00+09:00,1635.7714356649599,1651.5379073340198,1596.3552564923102,1629.8590087890625,10400,0.0,0.0
2013-07-04 00:00:00+09:00,1629.8589356939476,1645.6254066559206,1592.4135671592621,1635.7713623046875,8000,0.0,0.0
2013-07-05 00:00:00+09:00,1651.537608333795,1667.3040771484375,1639.7127567228133,1667.3040771484375,5000,0.0,0.0
2013-07-08 00:00:00+09:00,1675.187704903739,1679.1293230329243,1655.4796142578125,1655.4796142578125,21600,0.0,0.0
2013-07-09 00:00:00+09:00,1679.1294007767078,1694.8958740234375,1623.946744413154,1694.8958740234375,27200,0.0,0.0
2013-07-10 00:00:00+09:00,1698.8374923351198,1722.4872022052143,1694.8958740234375,1694.8958740234375,8400,0.0,0.0
2013-07-11 00:00:00+09:00,1683.0710349974593,1724.4580276613312,1683.0710349974593,1696.86669921875,5800,0.0,0.0
2013-07-12 00:00:00+09:00,1712.6327728341319,1722.48681640625,1694.8954944043192,1722.48681640625,14800,0.0,0.0
2013-07-16 00:00:00+09:00,1730.370328999001,1734.3119470605022,1698.837384506992,1726.4287109375,34200,0.0,0.0
2013-07-17 00:00:00+09:00,1716.5749714244496,1744.166302767667,1710.6625432794744,1734.312255859375,20600,0.0,0.0
2013-07-18 00:00:00+09:00,1734.3119613579036,1757.961669921875,1718.5454889819227,1757.961669921875,33600,0.0,0.0
2013-07-19 00:00:00+09:00,1754.020037368008,1754.020037368008,1718.5454748144978,1726.4287109375,12400,0.0,0.0
2013-07-22 00:00:00+09:00,1734.3120311635785,1781.6114501953125,1728.3996037846118,1781.6114501953125,11400,0.0,0.0
2013-07-23 00:00:00+09:00,1781.6113119030315,1781.6113119030315,1754.0199862762147,1779.6405029296875,8400,0.0,0.0
2013-07-24 00:00:00+09:00,1773.72802734375,1803.2901611328125,1771.757218424479,1803.2901611328125,11400,0.0,0.0
2013-07-25 00:00:00+09:00,1830.881642648412,1830.881642648412,1783.5822245390882,1807.23193359375,6800,0.0,0.0
2013-07-26 00:00:00+09:00,1785.5529375128638,1795.406982421875,1761.9032297312365,1795.406982421875,8600,0.0,0.0
2013-07-29 00:00:00+09:00,1795.4073466907848,1795.4073466907848,1728.3998277143999,1734.312255859375,19600,0.0,0.0
2013-07-30 00:00:00+09:00,1746.1369428168402,1773.728271484375,1736.2828968641493,1773.728271484375,2400,0.0,0.0
2013-07-31 00:00:00+09:00,1773.727938024009,1777.6695556640625,1736.2825704435022,1777.6695556640625,10000,0.0,0.0
2013-08-01 00:00:00+09:00,1775.69881995077,1775.69881995077,1720.5161707181155,1771.7572021484375,6400,0.0,0.0
2013-08-02 00:00:00+09:00,1787.5236073073063,1789.4944161356493,1746.1366219120985,1763.8739013671875,7600,0.0,0.0
2013-08-05 00:00:00+09:00,1736.2827138900757,1773.728084564209,1736.2827138900757,1765.8448486328125,17000,0.0,0.0
2013-08-06 00:00:00+09:00,1765.8448486328125,1767.8156576156616,1750.0783767700195,1765.8448486328125,12800,0.0,0.0
2013-08-07 00:00:00+09:00,1742.1953444642352,1746.136962890625,1738.2537260378456,1746.136962890625,2200,0.0,0.0
2013-08-08 00:00:00+09:00,1744.1658935546875,1744.1658935546875,1694.8956705729167,1714.603759765625,4000,0.0,0.0
2013-08-09 00:00:00+09:00,1714.6040198833057,1726.428875192846,1698.8375461372525,1716.5748291015625,9800,0.0,0.0
2013-08-12 00:00:00+09:00,1618.0340412419016,1618.0340412419016,1537.2308796208079,1616.063232421875,23000,0.0,0.0
2013-08-13 00:00:00+09:00,1616.0634511435003,1627.8883056640625,1558.9099876274497,1627.8883056640625,39800,0.0,0.0
2013-08-14 00:00:00+09:00,1635.7715870644809,1663.3629150390625,1608.1802590898992,1663.3629150390625,10200,0.0,0.0
2013-08-15 00:00:00+09:00,1663.3628505161832,1663.3628505161832,1653.50880519322,1655.4796142578125,21400,0.0,0.0
2013-08-16 00:00:00+09:00,1655.4796397257196,1675.1877306748352,1596.3553668783725,1643.65478515625,57400,0.0,0.0
2013-08-19 00:00:00+09:00,1643.654638671875,1643.654638671875,1625.9173583984375,1625.9173583984375,2200,0.0,0.0
2013-08-20 00:00:00+09:00,1604.2383932892503,1604.2383932892503,1558.9097900390625,1558.9097900390625,2200,0.0,0.0
2013-08-21 00:00:00+09:00,1558.9098551432292,1558.9098551432292,1537.23095703125,1537.23095703125,4600,0.0,0.0
2013-08-22 00:00:00+09:00,1537.230884069684,1543.143310546875,1519.4936046381108,1543.143310546875,1400,0.0,0.0
2013-08-23 00:00:00+09:00,1568.763948445332,1572.70556640625,1568.763948445332,1572.70556640625,1000,0.0,0.0
2013-08-26 00:00:00+09:00,1572.7057080950055,1574.6765172530195,1545.1143798828125,1545.1143798828125,2000,0.0,0.0
2013-08-27 00:00:00+09:00,1529.347793116714,1560.8807373046875,1521.4645570697207,1560.8807373046875,4800,0.0,0.0
2013-08-28 00:00:00+09:00,1552.9974365234375,1552.9974365234375,1552.9974365234375,1552.9974365234375,200,0.0,0.0
2013-08-29 00:00:00+09:00,1552.9976861848304,1568.76416015625,1527.3771659812737,1568.76416015625,1200,0.0,0.0
2013-08-30 00:00:00+09:00,1580.5888348388671,1580.5888348388671,1552.9975085449219,1576.647216796875,2400,0.0,0.0
2013-09-02 00:00:00+09:00,1576.647216796875,1576.647216796875,1537.2310363769532,1576.647216796875,1600,0.0,0.0
2013-09-03 00:00:00+09:00,1551.0267655792043,1576.6472839432827,1547.085147369346,1554.9683837890625,6000,0.0,0.0
2013-09-04 00:00:00+09:00,1537.2310394683443,1537.2310394683443,1517.52294921875,1517.52294921875,11800,0.0,0.0
2013-09-05 00:00:00+09:00,1545.1141029611574,1584.5302790571052,1533.289250132373,1541.1724853515625,7800,0.0,0.0
2013-09-06 00:00:00+09:00,1527.3771813365533,1533.2896091352754,1517.5231350053498,1525.4063720703125,9600,0.0,0.0
2013-09-09 00:00:00+09:00,1560.8809072818397,1580.588999545499,1552.9976703763757,1566.7933349609375,7600,0.0,0.0
2013-09-10 00:00:00+09:00,1566.7932674133451,1592.4137862515508,1566.7932674133451,1588.47216796875,4800,0.0,0.0
2013-09-11 00:00:00+09:00,1596.3552326678064,1623.9465576768796,1592.4136148093673,1612.1217041015625,4400,0.0,0.0
2013-09-12 00:00:00+09:00,1612.121793859145,1612.121793859145,1596.3553215475642,1608.18017578125,6200,0.0,0.0
2013-09-13 00:00:00+09:00,1635.7713206221417,1635.7713206221417,1580.5886736613948,1616.063232421875,5800,0.0,0.0
2013-09-17 00:00:00+09:00,1663.36268648814,1667.3043042286333,1635.7713623046875,1635.7713623046875,6600,0.0,0.0
2013-09-18 00:00:00+09:00,1675.187311555759,1675.187311555759,1657.4500341392861,1667.3040771484375,4800,0.0,0.0
2013-09-19 00:00:00+09:00,1667.304585676927,1675.1878224886382,1639.7132568359375,1639.7132568359375,3200,0.0,0.0
2013-09-20 00:00:00+09:00,1667.304623710288,1667.304623710288,1639.713294239905,1659.42138671875,3400,0.0,0.0
2013-09-24 00:00:00+09:00,1671.2460193237587,1706.7205810546875,1657.4503564283975,1706.7205810546875,5800,0.0,0.0
2013-09-25 00:00:00+09:00,1708.6914195803777,1708.6914195803777,1606.2093505859375,1606.2093505859375,16600,0.0,0.0
2013-09-26 00:00:00+09:00,1602.2676833682076,1635.7714356649599,1592.4136385750453,1629.8590087890625,7200,0.0,0.0
2013-09-27 00:00:00+09:00,1629.8590499246789,1631.829858933052,1612.1217688493196,1620.0050048828125,3800,0.0,0.0
2013-09-30 00:00:00+09:00,1616.063362158439,1631.829833984375,1570.7347556588732,1631.829833984375,6600,0.0,0.0
2013-10-01 00:00:00+09:00,1633.8005940755208,1633.8005940755208,1612.1216959635417,1625.9173583984375,2000,0.0,0.0
2013-10-02 00:00:00+09:00,1647.5963871876875,1655.479623490021,1608.1802056760203,1641.6839599609375,3400,0.0,0.0
2013-10-03 00:00:00+09:00,1616.06343296596,1655.4796142578125,1598.3261513846262,1655.4796142578125,10000,0.0,0.0
2013-10-04 00:00:00+09:00,1645.6257117173695,1675.1878502512145,1616.0635731835246,1673.217041015625,12600,0.0,0.0
2013-10-07 00:00:00+09:00,1645.6254230595669,1669.2751297382672,1618.034098601083,1637.7421875,13000,0.0,0.0
2013-10-08 00:00:00+09:00,1651.537923766795,1655.479541723279,1627.888216027891,1631.829833984375,8400,0.0,0.0
2013-10-09 00:00:00+09:00,1631.829905482701,1667.3044686453684,1631.829905482701,1655.4796142578125,9600,0.0,0.0
2013-10-10 00:00:00+09:00,1655.4796397257196,1655.4796397257196,1637.7423578715154,1643.65478515625,7400,0.0,0.0
2013-10-11 00:00:00+09:00,1655.4797841136567,1661.3922119140625,1655.4797841136567,1661.3922119140625,3600,0.0,0.0
2013-10-15 00:00:00+09:00,1659.4211837057571,1667.304419732863,1639.7130936379929,1649.567138671875,8800,0.0,0.0
2013-10-16 00:00:00+09:00,1649.567330188549,1673.217041015625,1647.5965209529593,1673.217041015625,4600,0.0,0.0
2013-10-17 00:00:00+09:00,1673.2169607442702,1673.2169607442702,1655.4796784748962,1663.3629150390625,4000,0.0,0.0
2013-10-18 00:00:00+09:00,1663.363005214519,1663.363005214519,1659.42138671875,1659.42138671875,2200,0.0,0.0
2013-10-21 00:00:00+09:00,1659.4211420083686,1698.8373211534604,1659.4211420083686,1688.9832763671875,7400,0.0,0.0
2013-10-22 00:00:00+09:00,1688.9835364423986,1692.9251549638511,1683.07110866022,1690.954345703125,6200,0.0,0.0
2013-10-23 00:00:00+09:00,1688.9834305537872,1694.895857965294,1688.9834305537872,1692.925048828125,3000,0.0,0.0
2013-10-24 00:00:00+09:00,1692.9250808698098,1696.86669921875,1683.0710349974593,1696.86669921875,3200,0.0,0.0
2013-10-25 00:00:00+09:00,1675.1876136664052,1714.6037928114972,1675.1876136664052,1688.9832763671875,9200,0.0,0.0
2013-10-28 00:00:00+09:00,1685.0416584526783,1694.8957032389512,1685.0416584526783,1688.9832763671875,5400,0.0,0.0
2013-10-29 00:00:00+09:00,1688.9832763671875,1688.9832763671875,1688.9832763671875,1688.9832763671875,0,0.0,0.0
2013-10-30 00:00:00+09:00,1688.9834465559138,1700.8083014909612,1649.5672634390896,1694.8958740234375,12800,0.0,0.0
2013-10-31 00:00:00+09:00,1667.304477943521,1681.1001414726045,1639.713150885354,1641.6839599609375,16200,0.0,0.0
2013-11-01 00:00:00+09:00,1641.6838297526042,1641.6838297526042,1625.9173583984375,1625.9173583984375,1400,0.0,0.0
2013-11-05 00:00:00+09:00,1616.0633382459555,1616.0633382459555,1588.4720129588293,1614.092529296875,2400,0.0,0.0
2013-11-06 00:00:00+09:00,1614.0926617072612,1687.012598805147,1604.2386161534928,1675.187744140625,13800,0.0,0.0
2013-11-07 00:00:00+09:00,1667.304432952459,1714.6038494901175,1647.5963427284346,1710.6622314453125,17800,0.0,0.0
2013-11-08 00:00:00+09:00,1706.7204844956989,1773.7279861964537,1679.1291602659762,1754.0198974609375,23400,0.0,0.0
2013-11-11 00:00:00+09:00,1730.3704692925346,1773.728271484375,1724.4580417209202,1773.728271484375,20000,0.0,0.0
2013-11-12 00:00:00+09:00,1765.8449061098656,1793.4362327678323,1712.63306184093,1757.961669921875,35400,0.0,0.0
2013-11-13 00:00:00+09:00,1785.5529965798416,1785.5529965798416,1754.0200518278798,1757.961669921875,10200,0.0,0.0
2013-11-14 00:00:00+09:00,1789.4947250666712,1805.261198415276,1773.728251718066,1801.319580078125,46800,0.0,0.0
2013-11-15 00:00:00+09:00,1799.3486811875255,1805.2611083984375,1785.5530176953978,1805.2611083984375,23000,0.0,0.0
2013-11-18 00:00:00+09:00,1805.2610524214435,1805.2610524214435,1734.3119280904698,1783.5821533203125,15400,0.0,0.0
2013-11-19 00:00:00+09:00,1783.5821967690679,1793.4362420550847,1744.166015625,1744.166015625,16000,0.0,0.0
2013-11-20 00:00:00+09:00,1746.1367588043213,1773.728084564209,1726.42866897583,1765.8448486328125,11200,0.0,0.0
2013-11-21 00:00:00+09:00,1738.2534016188104,1761.903107763284,1728.3993573919465,1736.2825927734375,9600,0.0,0.0
2013-11-22 00:00:00+09:00,1738.2536205476677,1748.107666015625,1720.5163387053444,1748.107666015625,4800,0.0,0.0
2013-11-25 00:00:00+09:00,1736.2826253992514,1765.844758635334,1698.8372566335468,1740.2242431640625,12800,0.0,0.0
2013-11-26 00:00:00+09:00,1726.4287659861188,1748.107666015625,1718.545529611753,1748.107666015625,7200,0.0,0.0
2013-11-27 00:00:00+09:00,1720.516409312391,1742.1953102315622,1696.86669921875,1696.86669921875,5200,0.0,0.0
2013-11-28 00:00:00+09:00,1700.8083175676902,1718.545600137921,1696.86669921875,1696.86669921875,12000,0.0,0.0
2013-11-29 00:00:00+09:00,1732.3411865234375,1736.282804695277,1728.399568351598,1732.3411865234375,8200,0.0,0.0
2013-12-02 00:00:00+09:00,1728.3995361328125,1728.3995361328125,1702.7790184934436,1728.3995361328125,1400,0.0,0.0
2013-12-03 00:00:00+09:00,1728.3996068484603,1769.7865985745923,1728.3996068484603,1752.04931640625,11600,0.0,0.0
2013-12-04 00:00:00+09:00,1759.9325529255132,1765.8449803149606,1736.2828433677234,1752.04931640625,57600,0.0,0.0
2013-12-05 00:00:00+09:00,1752.0493905302094,1754.0201997434042,1746.136962890625,1746.136962890625,8600,0.0,0.0
2013-12-06 00:00:00+09:00,1771.757407704408,1793.4363081323818,1748.1076981466183,1752.04931640625,7800,0.0,0.0
2013-12-09 00:00:00+09:00,1754.0199220379416,1773.7280110496038,1752.0491131367753,1771.7572021484375,19000,0.0,0.0
2013-12-10 00:00:00+09:00,1791.4655541992188,1791.4655541992188,1773.728271484375,1773.728271484375,400,0.0,0.0
2013-12-11 00:00:00+09:00,1791.4652581358434,1791.4652581358434,1757.961507433633,1767.8155517578125,1200,0.0,0.0
2013-12-12 00:00:00+09:00,1795.406842620679,1795.406842620679,1761.9030925388442,1763.8739013671875,6600,0.0,0.0
2013-12-13 00:00:00+09:00,1771.7572021484375,1781.6112466542686,1755.9907309391076,1771.7572021484375,8600,0.0,0.0
2013-12-16 00:00:00+09:00,1754.0200120575573,1754.0200120575573,1734.3119220344386,1738.2535400390625,8600,0.0,0.0
2013-12-17 00:00:00+09:00,1718.5453858270569,1718.5453858270569,1700.80810546875,1700.80810546875,13800,0.0,0.0
2013-12-18 00:00:00+09:00,1700.8081863333005,1736.2827487365441,1700.8081863333005,1710.6622314453125,9400,0.0,0.0
2013-12-19 00:00:00+09:00,1714.6038076039906,1754.01998708914,1698.837335809931,1750.078369140625,4200,0.0,0.0
2013-12-20 00:00:00+09:00,1710.6624014467925,1754.0202042484393,1702.7791645737657,1716.5748291015625,8400,0.0,0.0
2013-12-24 00:00:00+09:00,1752.0491543522587,1752.0491543522587,1696.866503821479,1702.7789306640625,10600,0.0,0.0
2013-12-25 00:00:00+09:00,1698.8372719829479,1714.6037431846457,1588.4719735710626,1683.07080078125,17400,0.0,0.0
2013-12-26 00:00:00+09:00,1708.6915155503023,1754.0201255360657,1688.9834242521442,1752.04931640625,6000,0.0,0.0
2013-12-27 00:00:00+09:00,1765.8448722375692,1785.5529623295063,1757.9616362007944,1783.5821533203125,3400,0.0,0.0
2013-12-30 00:00:00+09:00,1791.4651468028194,1813.14404296875,1785.5527205757473,1813.14404296875,6000,0.0,0.0
2014-01-06 00:00:00+09:00,1807.2317058089513,1809.2025146484375,1807.2317058089513,1809.2025146484375,800,0.0,0.0
2014-01-07 00:00:00+09:00,1809.2029073614822,1809.2029073614822,1781.6115776195861,1797.3780517578125,3000,0.0,0.0
2014-01-08 00:00:00+09:00,1809.2028130571348,1891.9767979682454,1781.6114847534311,1830.8817138671875,22000,0.0,0.0
2014-01-09 00:00:00+09:00,1826.9401233503734,1868.3271164359805,1799.3487946266353,1864.385498046875,11800,0.0,0.0
2014-01-10 00:00:00+09:00,1891.9765298799582,1891.9765298799582,1856.501969944709,1888.034912109375,6600,0.0,0.0
2014-01-14 00:00:00+09:00,1891.9766027706187,1927.4511640725677,1819.056671205501,1911.6846923828125,18600,0.0,0.0
2014-01-15 00:00:00+09:00,1901.8305413792823,1903.8013502304525,1864.3851732070477,1884.09326171875,19200,0.0,0.0
2014-01-16 00:00:00+09:00,1895.9183304109258,1911.6848030130957,1834.8232490775176,1850.5897216796875,29800,0.0,0.0
2014-01-17 00:00:00+09:00,1852.560375950507,1852.560375950507,1834.8230957552362,1846.64794921875,3200,0.0,0.0
2014-01-20 00:00:00+09:00,1870.2974589895693,1870.2974589895693,1852.5601806640625,1852.5601806640625,2200,0.0,0.0
2014-01-21 00:00:00+09:00,1824.9690592447917,1844.6771484375,1811.1733968098958,1832.852294921875,12800,0.0,0.0
2014-01-22 00:00:00+09:00,1813.1441410468412,1828.9106118385528,1813.1441410468412,1824.968994140625,5600,0.0,0.0
2014-01-23 00:00:00+09:00,1838.7647216796875,1852.5603841145833,1821.02744140625,1832.852294921875,5200,0.0,0.0
2014-01-24 00:00:00+09:00,1805.261131228885,1828.9108403716216,1799.348703943201,1822.9984130859375,11400,0.0,0.0
2014-01-27 00:00:00+09:00,1821.0274913699127,1821.0274913699127,1755.9907952495587,1779.6405029296875,6200,0.0,0.0
2014-01-28 00:00:00+09:00,1779.640560493351,1909.71395694137,1773.7281333820774,1905.7723388671875,33000,0.0,0.0
2014-01-29 00:00:00+09:00,1838.7647295234615,1909.7138509198653,1838.7647295234615,1907.7430419921875,24200,0.0,0.0
2014-01-30 00:00:00+09:00,1901.831070483348,1911.685117480671,1880.152167089237,1903.8018798828125,18600,0.0,0.0
2014-01-31 00:00:00+09:00,1905.7723803609424,1905.7723803609424,1862.414580600921,1895.9183349609375,18000,0.0,0.0
2014-02-03 00:00:00+09:00,1895.9185473124187,1895.9185473124187,1842.7066961924236,1891.9769287109375,2400,0.0,0.0
2014-02-04 00:00:00+09:00,1866.3560059878703,1888.0349036287007,1834.8230639648439,1872.2684326171875,19800,0.0,0.0
2014-02-05 00:00:00+09:00,1844.6774042693662,1878.1811605434893,1803.2904112248614,1819.056884765625,9600,0.0,0.0
2014-02-06 00:00:00+09:00,1838.7645197442237,1852.5601806640625,1813.1440066073803,1852.5601806640625,16400,0.0,0.0
2014-02-07 00:00:00+09:00,1824.9689941406248,1897.8889215522913,1639.7129623380129,1824.968994140625,105600,0.0,0.0
2014-02-10 00:00:00+09:00,1797.377692679073,1824.9690169087958,1754.0198974609375,1754.0198974609375,26200,0.0,0.0
2014-02-12 00:00:00+09:00,1824.9694124857585,1891.9769287109375,1781.6116078694663,1891.9769287109375,38000,0.0,0.0
2014-02-13 00:00:00+09:00,1919.568043920949,1929.422089320954,1880.1518623209297,1895.9183349609375,19000,0.0,0.0
2014-02-14 00:00:00+09:00,1901.8308074328365,1931.3929443359375,1888.0351435447226,1931.3929443359375,43800,0.0,0.0
2014-02-17 00:00:00+09:00,1931.3927408854167,1937.3051676432292,1807.2317789713543,1832.852294921875,28400,0.0,0.0
2014-02-18 00:00:00+09:00,1850.58963961345,1901.8306732981675,1817.0858868195962,1870.2977294921875,13200,0.0,0.0
2014-02-19 00:00:00+09:00,1870.2981200919141,1917.5975456790648,1870.2981200919141,1903.8018798828125,17200,0.0,0.0
2014-02-20 00:00:00+09:00,1903.8013502304525,1931.3926741468358,1874.239217462899,1884.09326171875,32400,0.0,0.0
2014-02-21 00:00:00+09:00,1891.9768226456815,1893.9476318359375,1884.0935858846578,1893.9476318359375,1000,0.0,0.0
2014-02-24 00:00:00+09:00,1893.9473956317725,1931.3927655766254,1888.0349687983746,1909.7138671875,13400,0.0,0.0
2014-02-25 00:00:00+09:00,1921.5386799963103,1923.5094888988706,1897.8889731655863,1919.56787109375,3000,0.0,0.0
2014-02-26 00:00:00+09:00,1872.2689294913787,1931.393211475317,1872.2689294913787,1903.8018798828125,11000,0.0,0.0
2014-02-27 00:00:00+09:00,1903.8015298300963,1915.6263840526435,1858.4729219769988,1905.7723388671875,5800,0.0,0.0
2014-02-28 00:00:00+09:00,1882.1225259323749,1907.7430419921873,1860.4436277279183,1907.7430419921875,3600,0.0,0.0
2014-03-03 00:00:00+09:00,1884.0935030936214,1921.5388760630553,1884.0935030936214,1913.6556396484375,19000,0.0,0.0
2014-03-04 00:00:00+09:00,1891.9765705707644,1915.626277702899,1876.2100991493412,1907.7430419921875,5000,0.0,0.0
2014-03-05 00:00:00+09:00,1907.7434986817418,1917.5975456790648,1891.9770234860248,1903.8018798828125,6800,0.0,0.0
2014-03-06 00:00:00+09:00,1917.597078450521,1931.3927408854167,1897.8889892578125,1921.5386962890625,14000,0.0,0.0
2014-03-07 00:00:00+09:00,1939.275895264911,1945.188321774865,1921.538615735049,1941.2467041015625,32000,0.0,0.0
2014-03-10 00:00:00+09:00,1945.1883294041172,1951.1007559372604,1923.5094321159254,1927.4510498046875,26200,0.0,0.0
2014-03-11 00:00:00+09:00,1953.072170828271,2022.050501785879,1951.1013613723396,2002.3424072265625,50400,0.0,0.0
2014-03-12 00:00:00+09:00,1968.838291748542,1978.692337252789,1917.5972551264579,1943.2177734375,26600,0.0,0.0
2014-03-13 00:00:00+09:00,1951.100894920303,1970.808984767983,1919.5679511640155,1958.984130859375,24400,0.0,0.0
2014-03-14 00:00:00+09:00,1966.8673992846386,1966.8673992846386,1925.4804099209339,1962.92578125,36400,0.0,0.0
2014-03-17 00:00:00+09:00,2022.0501772734829,2085.1160697420514,2002.342085877055,2037.816650390625,44400,0.0,0.0
2014-03-18 00:00:00+09:00,2057.52451171875,2108.7655436197915,2002.3418619791667,2069.349365234375,44000,0.0,0.0
2014-03-19 00:00:00+09:00,2069.3497265086457,2148.182097042308,2065.4081079819625,2144.240478515625,31800,0.0,0.0
2014-03-20 00:00:00+09:00,2124.532047405701,2148.1817547979726,2077.2326326211587,2132.415283203125,131400,0.0,0.0
2014-03-24 00:00:00+09:00,2148.1817663574216,2148.1817663574216,1958.9841062011717,1970.8089599609375,51200,0.0,0.0
2014-03-25 00:00:00+09:00,1978.6923202485248,2049.641447269388,1978.6923202485248,2045.6998291015625,36200,0.0,0.0
2014-03-26 00:00:00+09:00,2053.582975416917,2069.3494473970854,2029.9332674466646,2049.641357421875,29600,0.0,0.0
2014-03-27 00:00:00+09:00,2009.5310405330436,2077.718720551131,2009.5310405330436,2061.674560546875,17400,45.0,0.0
2014-03-28 00:00:00+09:00,2065.6853686523436,2065.6853686523436,1973.431458984375,2005.519775390625,14800,0.0,0.0
2014-03-31 00:00:00+09:00,2045.6302490234375,2045.6302490234375,1985.4646534639246,2045.6302490234375,14800,0.0,0.0
2014-04-01 00:00:00+09:00,2045.6302417039408,2109.80687673779,2025.575043255863,2073.70751953125,16200,0.0,0.0
2014-04-02 00:00:00+09:00,2073.707349445022,2113.8177430513088,2037.607995199364,2049.64111328125,24200,0.0,0.0
2014-04-03 00:00:00+09:00,2089.7518950642666,2089.7518950642666,2013.5421330561646,2057.66357421875,5600,0.0,0.0
2014-04-04 00:00:00+09:00,2105.7960058033577,2109.807045814412,2049.641445648602,2097.77392578125,15400,0.0,0.0
2014-04-07 00:00:00+09:00,2057.663467081311,2101.784905946602,2057.663467081311,2065.685546875,5800,0.0,0.0
2014-04-08 00:00:00+09:00,2081.7297064623785,2081.7297064623785,2045.6303473907767,2065.685546875,4600,0.0,0.0
2014-04-09 00:00:00+09:00,2105.795654296875,2125.850851004464,2049.6411035156248,2105.795654296875,32000,0.0,0.0
2014-04-10 00:00:00+09:00,2125.8510208848284,2157.939338181203,2105.7958225745942,2129.862060546875,13400,0.0,0.0
2014-04-11 00:00:00+09:00,2117.8290777439024,2137.88427734375,2077.7186785442073,2137.88427734375,15800,0.0,0.0
2014-04-14 00:00:00+09:00,2145.906344811893,2145.906344811893,2025.5751479065534,2065.685546875,7400,0.0,0.0
2014-04-15 00:00:00+09:00,2125.850861133195,2125.850861133195,2045.6300739206213,2049.64111328125,5800,0.0,0.0
2014-04-16 00:00:00+09:00,2089.7516782897123,2089.7516782897123,2045.6302417039408,2073.70751953125,3800,0.0,0.0
2014-04-17 00:00:00+09:00,2085.74072265625,2097.773842210036,2081.729682804988,2085.74072265625,9400,0.0,0.0
2014-04-18 00:00:00+09:00,2085.740339949324,2085.740339949324,2065.6851443728883,2077.71826171875,2800,0.0,0.0
2014-04-21 00:00:00+09:00,2077.718642953726,2101.784882061298,2077.718642953726,2085.74072265625,9200,0.0,0.0
2014-04-22 00:00:00+09:00,2085.7409384084303,2085.7409384084303,2053.6526162790697,2069.69677734375,1800,0.0,0.0
2014-04-23 00:00:00+09:00,2069.6968294528165,2073.707869819973,1997.4981028439972,2029.58642578125,12200,0.0,0.0
2014-04-24 00:00:00+09:00,2029.5861432688175,2041.6192626953125,2025.575103459986,2041.6192626953125,1800,0.0,0.0
2014-04-25 00:00:00+09:00,2041.619409470331,2041.619409470331,2013.5421287899926,2021.564208984375,1400,0.0,0.0
2014-04-28 00:00:00+09:00,2045.6301398026317,2045.6301398026317,1925.2989551083592,1943.3486328125,5800,0.0,0.0
2014-04-30 00:00:00+09:00,1945.3544590836864,1945.3544590836864,1889.1998973781779,1893.2109375,11200,0.0,0.0
2014-05-01 00:00:00+09:00,1865.1335945129395,1953.3764742533367,1865.1335945129395,1925.2991943359375,6600,0.0,0.0
2014-05-02 00:00:00+09:00,1893.2110210016945,1929.310383690286,1893.2110210016945,1923.2938232421875,4600,0.0,0.0
2014-05-07 00:00:00+09:00,1951.3707907960552,1951.3707907960552,1869.1444779259234,1873.155517578125,5800,0.0,0.0
2014-05-08 00:00:00+09:00,1877.1664723363415,1909.2547881027747,1861.122314453125,1861.122314453125,8200,0.0,0.0
2014-05-09 00:00:00+09:00,1917.2768554687502,1917.2768554687502,1917.2768554687502,1917.27685546875,2400,0.0,0.0
2014-05-12 00:00:00+09:00,1945.3542899497365,1963.4039689286517,1945.3542899497365,1951.370849609375,2000,0.0,0.0
2014-05-13 00:00:00+09:00,1951.3710300896757,1953.3765501617104,1847.0839863438762,1865.1336669921875,10600,0.0,0.0
2014-05-14 00:00:00+09:00,1873.15590143487,2025.575439453125,1873.15590143487,2025.575439453125,9800,0.0,0.0
2014-05-15 00:00:00+09:00,2065.6855297990014,2121.840087890625,2025.5751311621277,2121.840087890625,17800,0.0,0.0
2014-05-16 00:00:00+09:00,2117.8293177480914,2121.8403581226144,2077.7189140028627,2101.78515625,3800,0.0,0.0
2014-05-19 00:00:00+09:00,2117.829041466346,2117.829041466346,2021.5640850360578,2085.74072265625,4800,0.0,0.0
2014-05-20 00:00:00+09:00,2097.774167988088,2097.774167988088,2025.575439453125,2025.575439453125,6400,0.0,0.0
2014-05-21 00:00:00+09:00,2005.520237082302,2025.575439453125,1997.4981561339728,2025.575439453125,1400,0.0,0.0
2014-05-22 00:00:00+09:00,2025.575414521616,2081.72998046875,2025.575414521616,2081.72998046875,9800,0.0,0.0
2014-05-23 00:00:00+09:00,2081.7296063591452,2113.8179239908854,2045.6302490234375,2045.6302490234375,10400,0.0,0.0
2014-05-26 00:00:00+09:00,2005.5201053619385,2057.663628101349,2005.5201053619385,2053.652587890625,3000,0.0,0.0
2014-05-27 00:00:00+09:00,2057.6633607727877,2077.7185592208652,2057.6633607727877,2073.70751953125,4800,0.0,0.0
2014-05-28 00:00:00+09:00,2061.6746143244395,2069.6966945358186,2057.66357421875,2057.66357421875,2800,0.0,0.0
2014-05-29 00:00:00+09:00,2057.66357421875,2057.66357421875,2057.66357421875,2057.66357421875,800,0.0,0.0
2014-05-30 00:00:00+09:00,2085.740343432741,2125.8507346526017,1975.4367675781252,1975.436767578125,29800,0.0,0.0
2014-06-02 00:00:00+09:00,1973.4315185546873,2003.514316093631,1973.4315185546873,1973.4315185546875,11000,0.0,0.0
2014-06-03 00:00:00+09:00,1991.4813087833738,2065.685546875,1991.4813087833738,2065.685546875,11600,0.0,0.0
2014-06-04 00:00:00+09:00,2089.751506887537,2089.751506887537,2005.5196803143347,2049.64111328125,16400,0.0,0.0
2014-06-05 00:00:00+09:00,2041.6196013497834,2073.7079251431,2021.5643989789603,2025.575439453125,8600,0.0,0.0
2014-06-06 00:00:00+09:00,2005.520031799623,2017.5531519904207,1965.4096311636306,1995.492431640625,17600,0.0,0.0
2014-06-09 00:00:00+09:00,1981.4536818379104,1995.4923212841304,1971.4260822334675,1985.4647216796875,8600,0.0,0.0
2014-06-10 00:00:00+09:00,1967.4152575819091,2041.619502771033,1967.4152575819091,1987.470458984375,8600,0.0,0.0
2014-06-11 00:00:00+09:00,1981.4537353515625,1999.5034151270322,1973.4316554513537,1981.4537353515625,4800,0.0,0.0
2014-06-12 00:00:00+09:00,1981.4536019716138,2003.5143202121883,1981.4536019716138,1991.481201171875,6600,0.0,0.0
2014-06-13 00:00:00+09:00,2003.5143321317785,2045.6302490234375,1997.4977725758272,2045.6302490234375,4000,0.0,0.0
2014-06-16 00:00:00+09:00,2065.685447543275,2065.685447543275,2009.5308916877298,2045.6302490234375,7000,0.0,0.0
2014-06-17 00:00:00+09:00,2021.564237819882,2041.6194385919046,2021.564237819882,2037.6083984375,6400,0.0,0.0
2014-06-18 00:00:00+09:00,2053.652480544747,2061.674560546875,2037.6083205404911,2061.674560546875,3800,0.0,0.0
2014-06-19 00:00:00+09:00,2013.5420855491157,2105.7960058033577,2013.5420855491157,2097.77392578125,13000,0.0,0.0
2014-06-20 00:00:00+09:00,2097.7739404296876,2206.072021484375,2065.6856201171877,2206.072021484375,18400,0.0,0.0
2014-06-23 00:00:00+09:00,2165.9614718455186,2165.9614718455186,2117.828994693396,2125.85107421875,10200,0.0,0.0
2014-06-24 00:00:00+09:00,2125.851426558061,2125.851426558061,2097.774143565785,2117.829345703125,7800,0.0,0.0
2014-06-25 00:00:00+09:00,2121.840034456073,2125.85107421875,2117.828994693396,2125.85107421875,2200,0.0,0.0
2014-06-26 00:00:00+09:00,2149.917366936437,2149.917366936437,2117.8290480269375,2121.840087890625,3400,0.0,0.0
2014-06-27 00:00:00+09:00,2125.851205858628,2125.851205858628,2089.751845759142,2097.77392578125,3400,0.0,0.0
2014-06-30 00:00:00+09:00,2069.69677734375,2069.69677734375,2069.69677734375,2069.69677734375,200,0.0,0.0
2014-07-01 00:00:00+09:00,2077.718941428445,2117.829345703125,2077.718941428445,2117.829345703125,2800,0.0,0.0
2014-07-02 00:00:00+09:00,2141.895280573918,2141.895280573918,2077.718642953726,2085.74072265625,25000,0.0,0.0
2014-07-03 00:00:00+09:00,2085.7404575892856,2105.795654296875,2069.696300223214,2105.795654296875,8000,0.0,0.0
2014-07-04 00:00:00+09:00,2097.7737958800117,2125.85107421875,2097.7737958800117,2125.85107421875,4600,0.0,0.0
2014-07-07 00:00:00+09:00,2113.817954930719,2141.8952332694575,2089.751716354658,2125.85107421875,11000,0.0,0.0
2014-07-08 00:00:00+09:00,2113.8178274484985,2153.92822265625,2105.7957484069484,2153.92822265625,6000,0.0,0.0
2014-07-09 00:00:00+09:00,2129.86233343677,2145.906494140625,2121.840253084842,2145.906494140625,4000,0.0,0.0
2014-07-10 00:00:00+09:00,2129.862173995121,2157.939453125,2117.8290543680296,2157.939453125,2400,0.0,0.0
2014-07-11 00:00:00+09:00,2149.9173433110955,2149.9173433110955,2113.817984934603,2141.895263671875,5000,0.0,0.0
2014-07-14 00:00:00+09:00,2145.9062576293945,2182.005615234375,2137.884178161621,2182.005615234375,4000,0.0,0.0
2014-07-15 00:00:00+09:00,2198.050048828125,2198.050048828125,2177.994847652686,2198.050048828125,15800,0.0,0.0
2014-07-16 00:00:00+09:00,2177.994736310074,2177.994736310074,2157.939536159889,2169.97265625,1400,0.0,0.0
2014-07-17 00:00:00+09:00,2186.0166549682617,2186.0166549682617,2177.9945755004883,2182.005615234375,2600,0.0,0.0
2014-07-18 00:00:00+09:00,2182.005499301676,2182.005499301676,2137.8840645731493,2153.92822265625,1000,0.0,0.0
2014-07-22 00:00:00+09:00,2177.994682509081,2177.994682509081,2145.9063630614332,2173.983642578125,2400,0.0,0.0
2014-07-23 00:00:00+09:00,2145.906310248331,2177.99462890625,2133.873190751611,2177.99462890625,24000,0.0,0.0
2014-07-24 00:00:00+09:00,2165.9616407707554,2165.9616407707554,2129.862280091243,2149.91748046875,4600,0.0,0.0
2014-07-25 00:00:00+09:00,2182.0058557242987,2186.0168959002626,2137.884413788697,2145.906494140625,10600,0.0,0.0
2014-07-28 00:00:00+09:00,2125.851293260806,2145.906494140625,2125.851293260806,2145.906494140625,3000,0.0,0.0
2014-07-29 00:00:00+09:00,2149.917509403935,2165.961669921875,2105.7960679796006,2165.961669921875,5000,0.0,0.0
2014-07-30 00:00:00+09:00,2165.96150940953,2198.049828067449,2137.884230583851,2177.99462890625,3600,0.0,0.0
2014-07-31 00:00:00+09:00,2186.01651514104,2266.2373046875,2177.994436186394,2266.2373046875,20400,0.0,0.0
2014-08-01 00:00:00+09:00,2226.1272216796874,2226.1272216796874,2125.851220703125,2206.072021484375,9800,0.0,0.0
2014-08-04 00:00:00+09:00,2206.0719144517097,2222.1160738295403,2202.060874607252,2214.093994140625,4200,0.0,0.0
2014-08-05 00:00:00+09:00,2222.1162436618165,2278.270805776014,2222.1162436618165,2274.259765625,14000,0.0,0.0
2014-08-06 00:00:00+09:00,2262.226349306778,2286.2925870653607,2250.193230427487,2278.2705078125,11200,0.0,0.0
2014-08-07 00:00:00+09:00,2278.2704231194693,2278.2704231194693,2266.2373046875,2266.2373046875,1400,0.0,0.0
2014-08-08 00:00:00+09:00,2238.160375673013,2274.259736570965,2198.0499746752885,2258.215576171875,19800,0.0,0.0
2014-08-11 00:00:00+09:00,2254.2045360721027,2266.2376563714197,2218.1051751741506,2258.215576171875,4400,0.0,0.0
2014-08-12 00:00:00+09:00,2282.28173828125,2282.28173828125,2266.23757843393,2282.28173828125,6800,0.0,0.0
2014-08-13 00:00:00+09:00,2282.281874675049,2290.303955078125,2274.2597942719735,2290.303955078125,5200,0.0,0.0
2014-08-14 00:00:00+09:00,2298.3256616295416,2330.413978022275,2294.3146220804497,2318.380859375,12800,0.0,0.0
2014-08-15 00:00:00+09:00,2318.380859375,2318.380859375,2306.347740727725,2318.380859375,6400,0.0,0.0
2014-08-18 00:00:00+09:00,2318.3809512380826,2374.5355071504237,2318.3809512380826,2366.513427734375,10000,0.0,0.0
2014-08-19 00:00:00+09:00,2386.568656947075,2386.568656947075,2370.524497908775,2382.5576171875,4200,0.0,0.0
2014-08-20 00:00:00+09:00,2354.480391761304,2378.546630859375,2326.403112813554,2378.546630859375,3200,0.0,0.0
2014-08-21 00:00:00+09:00,2326.402895142432,2358.4912109375,2318.380816193665,2358.4912109375,6200,0.0,0.0
2014-08-22 00:00:00+09:00,2370.5244365601,2370.5244365601,2306.3478020677794,2350.46923828125,8200,0.0,0.0
2014-08-25 00:00:00+09:00,2358.4913944639006,2358.4913944639006,2306.3478772393587,2326.403076171875,12200,0.0,0.0
2014-08-26 00:00:00+09:00,2310.3589997855915,2338.436279296875,2310.3589997855915,2338.436279296875,14800,0.0,0.0
2014-08-27 00:00:00+09:00,2326.403316891966,2326.403316891966,2218.105231450443,2290.303955078125,8800,0.0,0.0
2014-08-28 00:00:00+09:00,2298.326089638158,2322.3923314144736,2274.259847861842,2286.29296875,11200,0.0,0.0
2014-08-29 00:00:00+09:00,2286.29296875,2298.326089638158,2274.259847861842,2286.29296875,5600,0.0,0.0
2014-09-01 00:00:00+09:00,2290.30403716722,2326.4034002749345,2286.2929968219187,2302.337158203125,4600,0.0,0.0
2014-09-02 00:00:00+09:00,2282.281367407905,2310.358642578125,2282.281367407905,2310.358642578125,1200,0.0,0.0
2014-09-03 00:00:00+09:00,2310.3591847826087,2326.4033457880437,2306.34814453125,2306.34814453125,8200,0.0,0.0
2014-09-04 00:00:00+09:00,2322.3917605082192,2322.3917605082192,2294.314485337999,2310.358642578125,3600,0.0,0.0
2014-09-05 00:00:00+09:00,2306.34814453125,2326.4033457880437,2302.3371042798913,2306.34814453125,7200,0.0,0.0
2014-09-08 00:00:00+09:00,2306.34814453125,2326.4033457880437,2226.127339504076,2306.34814453125,15400,0.0,0.0
2014-09-09 00:00:00+09:00,2318.3809965988685,2338.436195531385,2306.3478772393587,2326.403076171875,5400,0.0,0.0
2014-09-10 00:00:00+09:00,2326.4034562258375,2334.425537109375,2310.359294458763,2334.425537109375,6200,0.0,0.0
2014-09-11 00:00:00+09:00,2346.458305463399,2350.469345301798,2322.3920664330053,2342.447265625,5400,0.0,0.0
2014-09-12 00:00:00+09:00,2342.447235317888,2342.447235317888,2318.3809965988685,2326.403076171875,15600,0.0,0.0
2014-09-16 00:00:00+09:00,2286.292914876587,2306.3481158842765,2278.2708344735115,2290.303955078125,10200,0.0,0.0
2014-09-17 00:00:00+09:00,2250.1935247189153,2278.270805776014,2250.1935247189153,2274.259765625,8400,0.0,0.0
2014-09-18 00:00:00+09:00,2286.29296875,2286.29296875,2266.2377672697367,2286.29296875,3800,0.0,0.0
2014-09-19 00:00:00+09:00,2306.3478772393587,2326.403076171875,2274.259558947333,2326.403076171875,16600,0.0,0.0
2014-09-22 00:00:00+09:00,2290.3034460279673,2314.3696818881563,2290.3034460279673,2310.358642578125,7000,0.0,0.0
2014-09-24 00:00:00+09:00,2294.314757879849,2326.403076171875,2294.314757879849,2326.403076171875,3600,0.0,0.0
2014-09-25 00:00:00+09:00,2286.2925955575715,2322.391952329533,2286.2925955575715,2314.369873046875,17600,0.0,0.0
2014-09-26 00:00:00+09:00,2274.2597942719735,2318.38123648889,2274.2597942719735,2290.303955078125,4800,0.0,0.0
2014-09-29 00:00:00+09:00,2286.29296875,2290.3040090460527,2286.29296875,2286.29296875,2800,0.0,0.0
2014-09-30 00:00:00+09:00,2286.292502074115,2298.3256205060843,2266.2373046875,2266.2373046875,8000,0.0,0.0
2014-10-01 00:00:00+09:00,2270.2488075657893,2286.29296875,2266.2377672697367,2286.29296875,2200,0.0,0.0
2014-10-02 00:00:00+09:00,2270.248291015625,2278.2703697824645,2246.182054715106,2270.248291015625,7000,0.0,0.0
2014-10-03 00:00:00+09:00,2270.2487762286805,2278.270856710054,2226.1273335811265,2234.1494140625,11400,0.0,0.0
2014-10-06 00:00:00+09:00,2274.259847861842,2286.29296875,2262.226726973684,2286.29296875,3600,0.0,0.0
2014-10-07 00:00:00+09:00,2294.3146440063265,2318.3808815308685,2282.2815252440555,2298.32568359375,7400,0.0,0.0
2014-10-08 00:00:00+09:00,2258.215576171875,2278.270776670737,2250.19349597233,2258.215576171875,5200,0.0,0.0
2014-10-09 00:00:00+09:00,2262.2265384721,2314.3700579758897,2262.2265384721,2282.28173828125,4000,0.0,0.0
2014-10-10 00:00:00+09:00,2250.193230427487,2286.2925870653607,2226.1269926689038,2278.2705078125,4800,0.0,0.0
2014-10-14 00:00:00+09:00,2270.248291015625,2270.248291015625,2226.1268577980068,2270.248291015625,3200,0.0,0.0
2014-10-15 00:00:00+09:00,2286.2924485493045,2286.2924485493045,2250.1930940985258,2270.248291015625,3800,0.0,0.0
2014-10-16 00:00:00+09:00,2266.2374029607117,2266.2374029607117,2206.0718081918435,2222.115966796875,8000,0.0,0.0
2014-10-17 00:00:00+09:00,2222.1159172344924,2230.1379963580825,2085.7405721334585,2133.873046875,9800,0.0,0.0
2014-10-20 00:00:00+09:00,2238.159952566964,2246.18203125,2025.5748674665178,2105.795654296875,18600,0.0,0.0
2014-10-21 00:00:00+09:00,2065.685447543275,2065.685447543275,2033.597129911535,2045.6302490234375,40800,0.0,0.0
2014-10-22 00:00:00+09:00,2085.7407583841464,2145.906357183689,2085.7407583841464,2137.88427734375,1600,0.0,0.0
2014-10-23 00:00:00+09:00,2137.8845478404655,2137.8845478404655,2117.829345703125,2117.829345703125,600,0.0,0.0
2014-10-24 00:00:00+09:00,2157.9395606197527,2202.061001450268,2145.9064403932484,2149.91748046875,5200,0.0,0.0
2014-10-27 00:00:00+09:00,2145.906265463802,2149.9173052123324,2089.751708984375,2089.751708984375,7600,0.0,0.0
2014-10-28 00:00:00+09:00,2101.784882061298,2101.784882061298,2085.74072265625,2085.74072265625,2600,0.0,0.0
2014-10-29 00:00:00+09:00,2109.807236999046,2121.8403581226144,2093.763075500954,2101.78515625,4400,0.0,0.0
2014-10-30 00:00:00+09:00,2113.817954930719,2194.038750184257,2113.817954930719,2125.85107421875,2400,0.0,0.0
2014-10-31 00:00:00+09:00,2161.95065484448,2165.9616950204436,2145.906494140625,2145.906494140625,4400,0.0,0.0
2014-11-04 00:00:00+09:00,2206.0717997419724,2246.1821961009173,2161.950363747133,2186.0166015625,42600,0.0,0.0
2014-11-05 00:00:00+09:00,2206.072104041874,2238.16042555521,2206.072104041874,2218.105224609375,9000,0.0,0.0
2014-11-06 00:00:00+09:00,2234.1490857506487,2238.1601254019065,2206.0718081918435,2222.115966796875,6800,0.0,0.0
2014-11-07 00:00:00+09:00,2222.115989476605,2226.1270291688015,2194.038711631233,2202.060791015625,13200,0.0,0.0
2014-11-10 00:00:00+09:00,2214.0940418876844,2222.1161217495965,2161.9505227852574,2173.983642578125,8000,0.0,0.0
2014-11-11 00:00:00+09:00,2206.071962025773,2206.071962025773,2173.983642578125,2173.983642578125,4200,0.0,0.0
2014-11-12 00:00:00+09:00,2177.9946588101293,2198.0498582466867,2177.9946588101293,2194.038818359375,2800,0.0,0.0
2014-11-13 00:00:00+09:00,2190.0278081045826,2226.127167578834,2169.9726083966652,2210.0830078125,7200,0.0,0.0
2014-11-14 00:00:00+09:00,2234.149247462001,2234.149247462001,2206.0719678709165,2210.0830078125,3400,0.0,0.0
2014-11-17 00:00:00+09:00,2210.083081601271,2210.083081601271,2117.829159864739,2149.91748046875,7600,0.0,0.0
2014-11-18 00:00:00+09:00,2182.0056383348797,2186.0166781112302,2153.9283599004234,2161.950439453125,2400,0.0,0.0
2014-11-19 00:00:00+09:00,2169.972602647169,2186.016762370993,2161.9505227852574,2173.983642578125,5600,0.0,0.0
2014-11-20 00:00:00+09:00,2173.983696280037,2186.016816370148,2165.961616219963,2169.97265625,2000,0.0,0.0
2014-11-21 00:00:00+09:00,2202.0607685405857,2222.115966796875,2186.016609935554,2222.115966796875,5000,0.0,0.0
2014-11-25 00:00:00+09:00,2214.094184420208,2218.105224609375,2177.9948227177047,2218.105224609375,14400,0.0,0.0
2014-11-26 00:00:00+09:00,2218.105224609375,2242.171465744377,2214.094184420208,2218.105224609375,6600,0.0,0.0
2014-11-27 00:00:00+09:00,2206.0719380213095,2206.0719380213095,2194.038818359375,2194.038818359375,2800,0.0,0.0
2014-11-28 00:00:00+09:00,2222.11629334044,2234.1494140625,2214.0942128590664,2234.1494140625,5200,0.0,0.0
2014-12-01 00:00:00+09:00,2246.1824267665475,2246.1824267665475,2206.0720262885734,2242.17138671875,6600,0.0,0.0
2014-12-02 00:00:00+09:00,2254.2045648699295,2274.259765625,2234.1493641148586,2274.259765625,8000,0.0,0.0
2014-12-03 00:00:00+09:00,2270.248859514509,2270.248859514509,2246.1826171875,2246.1826171875,6000,0.0,0.0
2014-12-04 00:00:00+09:00,2242.1714692573955,2270.248750625556,2230.138348671041,2254.20458984375,6400,0.0,0.0
2014-12-05 00:00:00+09:00,2230.137939453125,2250.1931367503653,2210.0827421558847,2230.137939453125,20600,0.0,0.0
2014-12-08 00:00:00+09:00,2230.138455636161,2246.1826171875,2218.1053344726565,2246.1826171875,22000,0.0,0.0
2014-12-09 00:00:00+09:00,2234.148978912573,2234.148978912573,2214.093781615333,2230.137939453125,9600,0.0,0.0
2014-12-10 00:00:00+09:00,2234.148978912573,2238.160018372021,2218.104821074781,2230.137939453125,4400,0.0,0.0
2014-12-11 00:00:00+09:00,2210.083144231041,2230.138345176876,2206.072104041874,2218.105224609375,5200,0.0,0.0
2014-12-12 00:00:00+09:00,2242.17138671875,2242.17138671875,2214.0941063841683,2242.17138671875,7200,0.0,0.0
2014-12-15 00:00:00+09:00,2238.160317250845,2238.160317250845,2218.1051172754787,2226.127197265625,8000,0.0,0.0
2014-12-16 00:00:00+09:00,2226.127167578834,2226.127167578834,2210.0830078125,2210.0830078125,4000,0.0,0.0
2014-12-17 00:00:00+09:00,2222.116181640625,2226.1272216796874,2206.072021484375,2206.072021484375,10800,0.0,0.0
2014-12-18 00:00:00+09:00,2218.1049271456172,2234.1490857506487,2210.0828478431013,2222.115966796875,11800,0.0,0.0
2014-12-19 00:00:00+09:00,2206.0719678709165,2262.226527053085,2206.0719678709165,2210.0830078125,27600,0.0,0.0
2014-12-22 00:00:00+09:00,2214.0940477540835,2222.1161276372504,2210.0830078125,2210.0830078125,7400,0.0,0.0
2014-12-24 00:00:00+09:00,2230.138046099391,2230.138046099391,2214.093887494359,2222.115966796875,9000,0.0,0.0
2014-12-25 00:00:00+09:00,2222.116264798542,2222.116264798542,2214.094184420208,2218.105224609375,2200,0.0,0.0
2014-12-26 00:00:00+09:00,2222.115860534229,2230.137939453125,2210.0827421558847,2230.137939453125,1800,0.0,0.0
2014-12-29 00:00:00+09:00,2234.1494140625,2238.1604543031867,2230.1383738218133,2234.1494140625,12600,0.0,0.0
2014-12-30 00:00:00+09:00,2238.160375673013,2258.215576171875,2234.1493355732405,2258.215576171875,7600,0.0,0.0
2015-01-05 00:00:00+09:00,2242.171415772785,2262.2266162716473,2242.171415772785,2258.215576171875,5000,0.0,0.0
2015-01-06 00:00:00+09:00,2238.1601482453893,2238.1601482453893,2202.060791015625,2202.060791015625,1600,0.0,0.0
2015-01-07 00:00:00+09:00,2206.0717026964367,2230.137939453125,2206.0717026964367,2230.137939453125,1600,0.0,0.0
2015-01-08 00:00:00+09:00,2262.2262122487855,2286.2924485493045,2254.2041334819455,2270.248291015625,10000,0.0,0.0
2015-01-09 00:00:00+09:00,2286.2925955575715,2326.4029919708623,2286.2925955575715,2314.369873046875,13000,0.0,0.0
2015-01-13 00:00:00+09:00,2346.458658434681,2346.458658434681,2306.3482540169944,2334.425537109375,8800,0.0,0.0
2015-01-14 00:00:00+09:00,2362.5024648169947,2362.5024648169947,2306.347907079409,2342.447265625,4800,0.0,0.0
2015-01-15 00:00:00+09:00,2342.4473192270584,2346.4583591572414,2302.336919925225,2338.436279296875,11200,0.0,0.0
2015-01-16 00:00:00+09:00,2326.4034562258375,2334.425537109375,2326.4034562258375,2334.425537109375,5200,0.0,0.0
2015-01-19 00:00:00+09:00,2334.425185948202,2342.447265625,2326.403106271404,2342.447265625,6200,0.0,0.0
2015-01-20 00:00:00+09:00,2354.4803546773974,2354.4803546773974,2314.369956812365,2326.403076171875,4400,0.0,0.0
2015-01-21 00:00:00+09:00,2322.392119576142,2338.436279296875,2314.370039715775,2338.436279296875,19000,0.0,0.0
2015-01-22 00:00:00+09:00,2306.347907079409,2342.447265625,2306.347907079409,2342.447265625,3400,0.0,0.0
2015-01-23 00:00:00+09:00,2366.5134581492002,2382.5576171875,2334.425140072601,2382.5576171875,15400,0.0,0.0
2015-01-26 00:00:00+09:00,2370.5246045911636,2390.5798042915962,2318.381085370038,2374.53564453125,9600,0.0,0.0
2015-01-27 00:00:00+09:00,2374.535698233926,2390.5798583571277,2326.4032178643192,2370.524658203125,9200,0.0,0.0
2015-01-28 00:00:00+09:00,2386.568656947075,2394.590736466225,2382.5576171875,2382.5576171875,3800,0.0,0.0
2015-01-29 00:00:00+09:00,2366.5135646510766,2390.5798042915962,2366.5135646510766,2374.53564453125,2400,0.0,0.0
2015-01-30 00:00:00+09:00,2390.5794836956525,2398.6015625,2378.5463654891305,2398.6015625,4000,0.0,0.0
2015-02-02 00:00:00+09:00,2398.601860212521,2434.7012193127093,2390.579780412479,2394.5908203125,9200,0.0,0.0
2015-02-03 00:00:00+09:00,2398.602025678897,2418.6572265625,2398.602025678897,2418.6572265625,800,0.0,0.0
2015-02-04 00:00:00+09:00,2434.7011887548747,2454.7563880032676,2378.546630859375,2378.546630859375,10200,0.0,0.0
2015-02-05 00:00:00+09:00,2378.5463654891305,2398.6015625,2354.480129076087,2398.6015625,4600,0.0,0.0
2015-02-06 00:00:00+09:00,2398.6017532476003,2402.61279296875,2386.5686340841507,2402.61279296875,1800,0.0,0.0
2015-02-09 00:00:00+09:00,2410.635009765625,2422.668129614705,2406.623969815932,2410.635009765625,5600,0.0,0.0
2015-02-10 00:00:00+09:00,2406.623969815932,2418.6570896650114,2398.6018899165456,2410.635009765625,5600,0.0,0.0
2015-02-12 00:00:00+09:00,2402.612601902174,2406.623641304348,2382.5574048913045,2398.6015625,6400,0.0,0.0
2015-02-13 00:00:00+09:00,2382.557918105015,2422.668320766715,2382.557918105015,2414.646240234375,9600,0.0,0.0
2015-02-16 00:00:00+09:00,2446.7341756184896,2446.7341756184896,2406.623779296875,2406.623779296875,6600,0.0,0.0
2015-02-17 00:00:00+09:00,2394.5907902580893,2394.5907902580893,2378.546630859375,2378.546630859375,1200,0.0,0.0
2015-02-18 00:00:00+09:00,2410.6349496568037,2410.6349496568037,2366.5135113103397,2378.546630859375,9400,0.0,0.0
2015-02-19 00:00:00+09:00,2366.513427734375,2414.6459042306674,2342.4471894862286,2366.513427734375,11000,0.0,0.0
2015-02-20 00:00:00+09:00,2366.513594044935,2390.579833984375,2362.502554055028,2390.579833984375,29600,0.0,0.0
2015-02-23 00:00:00+09:00,2406.623909807125,2406.623909807125,2366.5135113103397,2378.546630859375,3800,0.0,0.0
2015-02-24 00:00:00+09:00,2378.5465018717446,2406.623779296875,2366.5133829752604,2406.623779296875,10200,0.0,0.0
2015-02-25 00:00:00+09:00,2414.6460497153184,2426.679169564398,2406.623969815932,2410.635009765625,7200,0.0,0.0
2015-02-26 00:00:00+09:00,2410.6350926279233,2422.668212890625,2406.624052540356,2422.668212890625,12200,0.0,0.0
2015-02-27 00:00:00+09:00,2422.6679378255208,2426.6789774576823,2406.623779296875,2406.623779296875,3800,0.0,0.0
2015-03-02 00:00:00+09:00,2406.624106032338,2426.679306915941,2406.624106032338,2418.6572265625,10800,0.0,0.0
2015-03-03 00:00:00+09:00,2402.612900112542,2422.6680996126465,2394.5908203125,2394.5908203125,10600,0.0,0.0
2015-03-04 00:00:00+09:00,2394.5908203125,2426.6791395126675,2378.5466607124163,2394.5908203125,14400,0.0,0.0
2015-03-05 00:00:00+09:00,2394.590736466225,2398.6017762257998,2358.4913786300503,2382.5576171875,5400,0.0,0.0
2015-03-06 00:00:00+09:00,2394.5907056905453,2394.5907056905453,2350.4692689022772,2366.513427734375,10200,0.0,0.0
2015-03-09 00:00:00+09:00,2338.4360135655825,2362.5022504118833,2338.4360135655825,2358.4912109375,7600,0.0,0.0
2015-03-10 00:00:00+09:00,2386.568656947075,2406.6238557449497,2358.4913786300503,2382.5576171875,9200,0.0,0.0
2015-03-11 00:00:00+09:00,2366.513427734375,2382.5575865664723,2362.5023880263507,2366.513427734375,6200,0.0,0.0
2015-03-12 00:00:00+09:00,2382.557541503906,2406.623779296875,2366.5133829752604,2406.623779296875,9400,0.0,0.0
2015-03-13 00:00:00+09:00,2414.6461863857794,2418.6572265625,2406.624106032338,2418.6572265625,4800,0.0,0.0
2015-03-16 00:00:00+09:00,2414.6457306360685,2534.976913225906,2410.6346912164076,2434.700927734375,23200,0.0,0.0
2015-03-17 00:00:00+09:00,2434.7012844023566,2486.844804496641,2426.679204387851,2462.778564453125,16800,0.0,0.0
2015-03-18 00:00:00+09:00,2454.7564844386197,2474.811684474883,2438.712324409609,2462.778564453125,12400,0.0,0.0
2015-03-19 00:00:00+09:00,2462.7784872731854,2486.8447265625,2442.7232878654236,2486.8447265625,10000,0.0,0.0
2015-03-20 00:00:00+09:00,2466.789527154738,2502.8888860887096,2466.789527154738,2486.8447265625,6000,0.0,0.0
2015-03-23 00:00:00+09:00,2478.8226467993954,2486.8447265625,2450.745367628528,2486.8447265625,4600,0.0,0.0
2015-03-24 00:00:00+09:00,2490.855712890625,2494.86675268594,2474.811553709365,2490.855712890625,5400,0.0,0.0
2015-03-25 00:00:00+09:00,2470.800453074021,2470.800453074021,2458.767333984375,2458.767333984375,3000,0.0,0.0
2015-03-26 00:00:00+09:00,2458.7671429004545,2458.7671429004545,2446.734024745966,2454.756103515625,800,0.0,0.0
2015-03-27 00:00:00+09:00,2446.6012542825997,2454.756591796875,2418.057572982636,2454.756591796875,3200,50.0,0.0
2015-03-30 00:00:00+09:00,2454.7565393639893,2454.7565393639893,2426.2128586737103,2430.29052734375,6000,0.0,0.0
2015-03-31 00:00:00+09:00,2471.0672140441484,2471.0672140441484,2430.29052734375,2430.29052734375,13200,0.0,0.0
2015-04-01 00:00:00+09:00,2426.212709886831,2426.212709886831,2413.9797046268973,2418.057373046875,2200,0.0,0.0
2015-04-02 00:00:00+09:00,2418.057572982636,2454.756591796875,2418.057572982636,2454.756591796875,5400,0.0,0.0
2015-04-03 00:00:00+09:00,2495.533149945854,2495.533149945854,2454.7564644892223,2471.067138671875,5600,0.0,0.0
2015-04-06 00:00:00+09:00,2552.6205095851383,2552.6205095851383,2471.067138671875,2471.067138671875,4200,0.0,0.0
2015-04-07 00:00:00+09:00,2471.0672668254256,2471.0672668254256,2454.756591796875,2454.756591796875,5600,0.0,0.0
2015-04-08 00:00:00+09:00,2454.75644303005,2466.9894485601,2442.5234375,2442.5234375,3200,0.0,0.0
2015-04-09 00:00:00+09:00,2479.222518844221,2479.222518844221,2434.3681640625,2434.3681640625,1000,0.0,0.0
2015-04-10 00:00:00+09:00,2426.212646484375,2430.290314797794,2422.134978170956,2426.212646484375,1600,0.0,0.0
2015-04-13 00:00:00+09:00,2413.979618409864,2418.057286684205,2397.6689453125,2397.6689453125,6200,0.0,0.0
2015-04-14 00:00:00+09:00,2397.669125728284,2405.824462890625,2381.358451403602,2405.824462890625,4800,0.0,0.0
2015-04-15 00:00:00+09:00,2405.8243773370727,2405.8243773370727,2385.43603515625,2385.43603515625,4200,0.0,0.0
2015-04-16 00:00:00+09:00,2385.43603515625,2389.5137035924145,2373.2030298477566,2385.43603515625,3600,0.0,0.0
2015-04-17 00:00:00+09:00,2405.8243454031567,2405.8243454031567,2389.513671875,2389.513671875,3600,0.0,0.0
2015-04-20 00:00:00+09:00,2393.591393960489,2413.979736328125,2389.513725486962,2413.979736328125,4200,0.0,0.0
2015-04-21 00:00:00+09:00,2405.8245153235107,2430.29052734375,2405.8245153235107,2430.29052734375,6800,0.0,0.0
2015-04-22 00:00:00+09:00,2442.5232247955423,2442.5232247955423,2430.2902203307904,2438.445556640625,3000,0.0,0.0
2015-04-23 00:00:00+09:00,2442.5236050710696,2483.30029296875,2438.4459362813013,2483.30029296875,8400,0.0,0.0
2015-04-24 00:00:00+09:00,2446.60107421875,2446.60107421875,2426.2127319335937,2446.60107421875,3400,0.0,0.0
2015-04-27 00:00:00+09:00,2454.756324678309,2454.756324678309,2413.979641544118,2426.212646484375,4400,0.0,0.0
2015-04-28 00:00:00+09:00,2426.212709886831,2446.60105198672,2418.057373046875,2418.057373046875,3800,0.0,0.0
2015-04-30 00:00:00+09:00,2418.057373046875,2430.2903783068086,2393.5913625270077,2418.057373046875,6800,0.0,0.0
2015-05-01 00:00:00+09:00,2405.8243773370727,2405.8243773370727,2381.3583667200855,2385.43603515625,13800,0.0,0.0
2015-05-07 00:00:00+09:00,2385.4363761980508,2385.4363761980508,2369.125700121483,2373.203369140625,11200,0.0,0.0
2015-05-08 00:00:00+09:00,2385.435940489477,2405.824281861182,2385.435940489477,2397.6689453125,3400,0.0,0.0
2015-05-11 00:00:00+09:00,2405.8247393622664,2418.057746511566,2397.6694012627336,2401.7470703125,9000,0.0,0.0
2015-05-12 00:00:00+09:00,2401.7467625548593,2422.1351051911483,2401.7467625548593,2409.902099609375,4000,0.0,0.0
2015-05-13 00:00:00+09:00,2409.901973230699,2426.212646484375,2409.901973230699,2426.212646484375,6200,0.0,0.0
2015-05-14 00:00:00+09:00,2434.368216291589,2458.834228515625,2430.2905475875828,2458.834228515625,11000,0.0,0.0
2015-05-15 00:00:00+09:00,2458.8340819528744,2646.406831156576,2454.7564134919244,2540.387451171875,27800,0.0,0.0
2015-05-18 00:00:00+09:00,2589.319923082496,2638.251953125,2585.2422539122877,2638.251953125,14800,0.0,0.0
2015-05-19 00:00:00+09:00,2650.4846305490655,2662.717636536215,2568.9312573014017,2617.86328125,18800,0.0,0.0
2015-05-20 00:00:00+09:00,2617.863228276091,2650.484576915045,2589.319548217006,2593.397216796875,13000,0.0,0.0
2015-05-21 00:00:00+09:00,2609.707943925234,2630.0962872371497,2601.5526066004672,2617.86328125,9400,0.0,0.0
2015-05-22 00:00:00+09:00,2617.8634288699127,2630.096435546875,2609.7080910852715,2630.096435546875,5600,0.0,0.0
2015-05-25 00:00:00+09:00,2650.4847988760544,2658.64013671875,2650.4847988760544,2658.64013671875,4400,0.0,0.0
2015-05-26 00:00:00+09:00,2658.640168970814,2658.640168970814,2638.2518241167436,2654.5625,7400,0.0,0.0
2015-05-27 00:00:00+09:00,2654.5622992114486,2662.717636536215,2617.86328125,2617.86328125,21000,0.0,0.0
2015-05-28 00:00:00+09:00,2638.2518739743864,2679.028564453125,2638.2518739743864,2679.028564453125,17000,0.0,0.0
2015-05-29 00:00:00+09:00,2687.183920251318,2732.0382800734187,2666.7955748776358,2707.572265625,16000,0.0,0.0
2015-06-01 00:00:00+09:00,2691.2615068403834,2699.4168447398997,2687.183837890625,2687.183837890625,5400,0.0,0.0
2015-06-02 00:00:00+09:00,2691.261474609375,2699.4168124112216,2687.1838057084515,2691.261474609375,7400,0.0,0.0
2015-06-03 00:00:00+09:00,2691.2614486062316,2764.6594881136743,2687.183779744707,2756.504150390625,12800,0.0,0.0
2015-06-04 00:00:00+09:00,2760.5813542333913,2805.435704154466,2752.426017884105,2785.04736328125,5200,0.0,0.0
2015-06-05 00:00:00+09:00,2744.271131013569,2801.3584948087996,2703.4944425884046,2789.12548828125,16400,0.0,0.0
2015-06-08 00:00:00+09:00,2801.3580598250683,2821.74640087183,2801.3580598250683,2813.591064453125,14400,0.0,0.0
2015-06-09 00:00:00+09:00,2793.203216506981,2829.9022368698465,2711.6498379228356,2719.80517578125,7400,0.0,0.0
2015-06-10 00:00:00+09:00,2703.4945820399694,2756.5042797270276,2699.416912987119,2740.193603515625,3600,0.0,0.0
2015-06-11 00:00:00+09:00,2772.8146765880388,2772.8146765880388,2736.1156588096674,2744.27099609375,3200,0.0,0.0
2015-06-12 00:00:00+09:00,2805.436046645221,2805.436046645221,2744.271016558479,2772.814697265625,4000,0.0,0.0
2015-06-15 00:00:00+09:00,2809.5138324938325,2813.5915013363488,2772.814812911184,2789.12548828125,4600,0.0,0.0
2015-06-16 00:00:00+09:00,2821.746634837963,2825.824303385417,2748.3486009837966,2752.42626953125,6200,0.0,0.0
2015-06-17 00:00:00+09:00,2740.1933274517087,2756.504002019874,2719.8049842415026,2744.27099609375,9000,0.0,0.0
2015-06-18 00:00:00+09:00,2744.2708691550497,2760.58154296875,2744.2708691550497,2760.58154296875,3200,0.0,0.0
2015-06-19 00:00:00+09:00,2752.426527214908,2760.5818650733227,2719.80517578125,2719.80517578125,5800,0.0,0.0
2015-06-22 00:00:00+09:00,2727.960321525585,2752.4263333778326,2727.960321525585,2744.27099609375,600,0.0,0.0
2015-06-23 00:00:00+09:00,2748.3488126675757,2760.5818192521497,2732.0381372214774,2756.504150390625,6600,0.0,0.0
2015-06-24 00:00:00+09:00,2752.4264815291003,2760.5818192521497,2744.271143806051,2756.504150390625,7200,0.0,0.0
2015-06-25 00:00:00+09:00,2752.42626953125,2756.503938078704,2752.42626953125,2752.42626953125,5400,0.0,0.0
2015-06-26 00:00:00+09:00,2752.4261744676437,2764.6591796875,2752.4261744676437,2764.6591796875,13800,0.0,0.0
2015-06-29 00:00:00+09:00,2760.5818650733227,2760.5818650733227,2699.4168311352137,2719.80517578125,3200,0.0,0.0
2015-06-30 00:00:00+09:00,2687.1838701706165,2687.1838701706165,2638.2518421857194,2683.106201171875,9400,0.0,0.0
2015-07-01 00:00:00+09:00,2703.4944362212723,2732.038118051663,2699.4167673883594,2727.96044921875,5800,0.0,0.0
2015-07-02 00:00:00+09:00,2813.591461637127,2813.591461637127,2732.0380859375,2732.0380859375,6200,0.0,0.0
2015-07-03 00:00:00+09:00,2732.0380660527435,2732.0380660527435,2703.494384765625,2703.494384765625,1600,0.0,0.0
2015-07-06 00:00:00+09:00,2703.4944813121447,2707.572150213068,2683.1061368075284,2691.261474609375,3400,0.0,0.0
2015-07-07 00:00:00+09:00,2695.3393215079213,2736.1160132100076,2613.7859381037483,2638.251953125,6000,0.0,0.0
2015-07-08 00:00:00+09:00,2617.863162157012,2654.562178448933,2507.76611328125,2507.76611328125,14600,0.0,0.0
2015-07-09 00:00:00+09:00,2454.756276648029,2495.532958984375,2446.60094018076,2495.532958984375,6000,0.0,0.0
2015-07-10 00:00:00+09:00,2515.921535172001,2573.0088957755797,2511.8438665574595,2528.154541015625,3000,0.0,0.0
2015-07-13 00:00:00+09:00,2609.7080078125,2609.7080078125,2605.630339050293,2609.7080078125,2200,0.0,0.0
2015-07-14 00:00:00+09:00,2609.708159194529,2683.106201171875,2609.708159194529,2683.106201171875,11200,0.0,0.0
2015-07-15 00:00:00+09:00,2760.581649642807,2760.581649642807,2695.338951866906,2715.727294921875,14600,0.0,0.0
2015-07-16 00:00:00+09:00,2715.7272313283593,2732.037905390391,2699.416557266327,2723.882568359375,7800,0.0,0.0
2015-07-17 00:00:00+09:00,2723.8829594937592,2736.115966796875,2711.6499521906435,2736.115966796875,7600,0.0,0.0
2015-07-21 00:00:00+09:00,2736.1156588096674,2744.27099609375,2732.0379901676265,2744.27099609375,6200,0.0,0.0
2015-07-22 00:00:00+09:00,2744.270975198832,2744.270975198832,2707.5719576998877,2715.727294921875,2200,0.0,0.0
2015-07-23 00:00:00+09:00,2715.7275713698305,2719.8052403959114,2683.106219161184,2711.64990234375,5800,0.0,0.0
2015-07-24 00:00:00+09:00,2679.028448925632,2711.649799901895,2662.7177734375,2662.7177734375,5000,0.0,0.0
2015-07-27 00:00:00+09:00,2670.873111181566,2670.873111181566,2662.7177734375,2662.7177734375,2000,0.0,0.0
2015-07-28 00:00:00+09:00,2662.717697212599,2703.494384765625,2662.717697212599,2703.494384765625,7200,0.0,0.0
2015-07-29 00:00:00+09:00,2662.7177734375,2662.7177734375,2650.4847668214015,2662.7177734375,4200,0.0,0.0
2015-07-30 00:00:00+09:00,2650.484831029186,2654.5625,2638.2518241167436,2654.5625,800,0.0,0.0
2015-07-31 00:00:00+09:00,2691.2615068403834,2691.2615068403834,2650.4848173428018,2687.183837890625,5200,0.0,0.0
2015-08-03 00:00:00+09:00,2683.106053196565,2699.416728291985,2670.873046875,2670.873046875,2600,0.0,0.0
2015-08-04 00:00:00+09:00,2670.8732263573775,2695.3392406446205,2670.8732263573775,2679.028564453125,6000,0.0,0.0
2015-08-05 00:00:00+09:00,2679.028404028394,2711.6497544579634,2679.028404028394,2699.416748046875,9800,0.0,0.0
2015-08-06 00:00:00+09:00,2711.64990234375,2723.8829094219923,2711.64990234375,2711.64990234375,7600,0.0,0.0
2015-08-07 00:00:00+09:00,2687.183786669698,2727.960475390027,2650.4847668214015,2662.7177734375,6600,0.0,0.0
2015-08-10 00:00:00+09:00,2621.940466270086,2662.7171453722644,2568.9307834372535,2585.241455078125,12200,0.0,0.0
2015-08-11 00:00:00+09:00,2568.9313044313526,2577.0866419057375,2487.3779296875,2487.3779296875,23400,0.0,0.0
2015-08-12 00:00:00+09:00,2471.0670949575065,2515.921448166306,2413.979736328125,2413.979736328125,14800,0.0,0.0
2015-08-13 00:00:00+09:00,2426.2127842584155,2471.0671382531086,2344.659413358973,2377.28076171875,15400,0.0,0.0
2015-08-14 00:00:00+09:00,2405.8245667112233,2458.834260554013,2405.8245667112233,2454.756591796875,5000,0.0,0.0
2015-08-17 00:00:00+09:00,2466.9894165039063,2483.3000903320312,2418.057395019531,2446.60107421875,10200,0.0,0.0
2015-08-18 00:00:00+09:00,2454.756559811619,2471.067234627643,2430.2905475875828,2458.834228515625,8800,0.0,0.0
2015-08-19 00:00:00+09:00,2458.8342802301418,2491.455630548286,2458.8342802301418,2483.30029296875,6400,0.0,0.0
2015-08-20 00:00:00+09:00,2483.300133100016,2483.300133100016,2405.824431082117,2409.902099609375,9400,0.0,0.0
2015-08-21 00:00:00+09:00,2450.678927670283,2450.678927670283,2356.892546078908,2360.97021484375,6200,0.0,0.0
2015-08-24 00:00:00+09:00,2254.9505260836695,2324.2708858366937,2254.9505260836695,2275.3388671875,3400,0.0,0.0
2015-08-25 00:00:00+09:00,2234.5624477485007,2259.028459950127,2059.2226936368484,2210.096435546875,9200,0.0,0.0
2015-08-26 00:00:00+09:00,2242.7177734375,2263.1061168323863,2214.174092684659,2242.7177734375,3600,0.0,0.0
2015-08-27 00:00:00+09:00,2365.047855069008,2365.047855069008,2230.484787453013,2271.261474609375,19400,0.0,0.0
2015-08-28 00:00:00+09:00,2515.921343183184,2515.921343183184,2320.193264621121,2332.42626953125,8600,0.0,0.0
2015-08-31 00:00:00+09:00,2332.4266964664685,2413.9800774617997,2332.4266964664685,2401.7470703125,1200,0.0,0.0
2015-09-01 00:00:00+09:00,2385.4362728721217,2385.4362728721217,2324.271240234375,2324.271240234375,2400,0.0,0.0
2015-09-02 00:00:00+09:00,2206.0187553267046,2324.271147017045,2201.9410866477274,2242.7177734375,7600,0.0,0.0
2015-09-03 00:00:00+09:00,2222.329512862472,2324.2712336359796,2222.329512862472,2263.106201171875,3000,0.0,0.0
2015-09-04 00:00:00+09:00,2254.950779474432,2295.7274662642044,2193.785749289773,2242.7177734375,10000,0.0,0.0
2015-09-07 00:00:00+09:00,2438.4458124497355,2438.4458124497355,2161.1643488266886,2218.251708984375,15200,0.0,0.0
2015-09-08 00:00:00+09:00,2218.251573741007,2267.18359375,2185.630227068345,2267.18359375,2000,0.0,0.0
2015-09-09 00:00:00+09:00,2299.805344068336,2401.7470703125,2299.805344068336,2401.7470703125,6600,0.0,0.0
2015-09-10 00:00:00+09:00,2360.9700366210936,2479.222421875,2324.2710205078124,2446.60107421875,15000,0.0,0.0
2015-09-11 00:00:00+09:00,2458.8342485271514,2487.3779296875,2458.8342485271514,2487.3779296875,47000,0.0,0.0
2015-09-14 00:00:00+09:00,2507.7659710260828,2589.3193359375,2450.6786155880905,2589.3193359375,32000,0.0,0.0
2015-09-15 00:00:00+09:00,2626.0181341803036,2626.0181341803036,2507.7657647839856,2585.241455078125,6000,0.0,0.0
2015-09-16 00:00:00+09:00,2609.7080078125,2613.785676574707,2609.7080078125,2609.7080078125,800,0.0,0.0
2015-09-17 00:00:00+09:00,2568.931205317659,2609.707891116352,2528.154519518966,2593.397216796875,2000,0.0,0.0
2015-09-18 00:00:00+09:00,2593.3971411642256,2593.3971411642256,2524.076777328075,2540.387451171875,4600,0.0,0.0
2015-09-24 00:00:00+09:00,2348.7369971885814,2397.6690179633433,2348.7369971885814,2356.892333984375,7800,0.0,0.0
2015-09-25 00:00:00+09:00,2360.969820658366,2389.5134972466362,2324.2708079020185,2348.73681640625,4600,0.0,0.0
2015-09-28 00:00:00+09:00,2348.736926020408,2401.746613586841,2348.736926020408,2397.6689453125,3000,0.0,0.0
2015-09-29 00:00:00+09:00,2401.7469024921743,2438.445921375756,2360.97021484375,2360.97021484375,6400,0.0,0.0
2015-09-30 00:00:00+09:00,2369.1252757105335,2401.7466220198007,2365.047607421875,2365.047607421875,1600,0.0,0.0
2015-10-01 00:00:00+09:00,2405.8243773370727,2405.8243773370727,2385.43603515625,2385.43603515625,400,0.0,0.0
2015-10-02 00:00:00+09:00,2303.8825999591368,2316.115604914672,2283.494258366578,2299.804931640625,5400,0.0,0.0
2015-10-05 00:00:00+09:00,2303.882908939891,2312.038246670652,2287.57223347837,2291.64990234375,3400,0.0,0.0
2015-10-06 00:00:00+09:00,2299.805048553037,2360.970076440086,2299.805048553037,2316.11572265625,2200,0.0,0.0
2015-10-07 00:00:00+09:00,2316.1160169860627,2340.58203125,2307.9606788980836,2340.58203125,1800,0.0,0.0
2015-10-08 00:00:00+09:00,2340.581597689925,2365.047607421875,2328.3485928239493,2365.047607421875,600,0.0,0.0
2015-10-09 00:00:00+09:00,2340.581589471726,2397.6689453125,2336.5039211973854,2397.6689453125,4200,0.0,0.0
2015-10-13 00:00:00+09:00,2405.8243896484373,2446.60107421875,2405.8243896484373,2446.60107421875,2600,0.0,0.0
2015-10-14 00:00:00+09:00,2418.0574264398997,2442.5234375,2418.0574264398997,2442.5234375,800,0.0,0.0
2015-10-15 00:00:00+09:00,2483.30010241997,2507.76611328125,2409.9020698361282,2507.76611328125,4800,0.0,0.0
2015-10-16 00:00:00+09:00,2479.22265625,2507.7663381476154,2446.6013055098683,2479.22265625,9400,0.0,0.0
2015-10-19 00:00:00+09:00,2507.76611328125,2507.76611328125,2503.68844480437,2507.76611328125,2400,0.0,0.0
2015-10-20 00:00:00+09:00,2528.154541015625,2528.154541015625,2528.154541015625,2528.154541015625,200,0.0,0.0
2015-10-21 00:00:00+09:00,2487.3779094436672,2524.0769277797212,2458.834228515625,2458.834228515625,1400,0.0,0.0
2015-10-22 00:00:00+09:00,2499.610968127822,2499.610968127822,2483.30029296875,2483.30029296875,400,0.0,0.0
2015-10-23 00:00:00+09:00,2515.92145023501,2515.92145023501,2499.61077632749,2507.76611328125,1000,0.0,0.0
2015-10-26 00:00:00+09:00,2446.601242315574,2487.3779296875,2446.601242315574,2487.3779296875,4600,0.0,0.0
2015-10-27 00:00:00+09:00,2487.377598786157,2487.377598786157,2458.8339214230373,2466.9892578125,800,0.0,0.0
2015-10-28 00:00:00+09:00,2487.3779296875,2487.3779296875,2487.3779296875,2487.3779296875,200,0.0,0.0
2015-10-29 00:00:00+09:00,2487.378031739851,2536.31005859375,2483.3003628353595,2536.31005859375,2800,0.0,0.0
2015-10-30 00:00:00+09:00,2536.3097730536847,2573.0087890625,2536.3097730536847,2573.0087890625,2800,0.0,0.0
2015-11-02 00:00:00+09:00,2573.0088208395337,2573.0088208395337,2564.8534838479663,2568.93115234375,4000,0.0,0.0
2015-11-04 00:00:00+09:00,2577.086766568959,2577.086766568959,2564.853759765625,2564.853759765625,400,0.0,0.0
2015-11-05 00:00:00+09:00,2524.0767871887706,2548.542798050051,2507.76611328125,2507.76611328125,1400,0.0,0.0
2015-11-06 00:00:00+09:00,2507.7662733734633,2507.7662733734633,2487.3779296875,2487.3779296875,800,0.0,0.0
2015-11-09 00:00:00+09:00,2487.377993935033,2507.7663381476154,2446.6013055098683,2479.22265625,12800,0.0,0.0
2015-11-10 00:00:00+09:00,2446.6011699120604,2487.377856077261,2422.1351582129396,2434.3681640625,3000,0.0,0.0
2015-11-11 00:00:00+09:00,2397.6690723994006,2413.9797463613013,2377.280729947025,2381.3583984375,5000,0.0,0.0
2015-11-12 00:00:00+09:00,2369.12548828125,2377.280825590308,2360.9701509721926,2369.12548828125,8400,0.0,0.0
2015-11-13 00:00:00+09:00,2369.1252605607024,2377.2805970858685,2246.7952126832133,2303.882568359375,9200,0.0,0.0
2015-11-16 00:00:00+09:00,2279.416895747609,2307.9605778052714,2267.183889151468,2291.64990234375,5200,0.0,0.0
2015-11-17 00:00:00+09:00,2279.4166845093864,2307.960363921847,2275.339016021892,2287.572021484375,7000,0.0,0.0
2015-11-18 00:00:00+09:00,2287.5719354204134,2291.649603754496,2267.18359375,2267.18359375,6000,0.0,0.0
2015-11-19 00:00:00+09:00,2275.3389304181655,2340.581623763489,2250.872920413669,2267.18359375,11800,0.0,0.0
2015-11-20 00:00:00+09:00,2340.581994628906,2340.581994628906,2283.49462890625,2283.49462890625,8200,0.0,0.0
2015-11-24 00:00:00+09:00,2287.5720748901367,2287.5720748901367,2189.708028905532,2218.251708984375,17800,0.0,0.0
2015-11-25 00:00:00+09:00,2210.0964675875116,2230.4848113844446,2201.9411300687384,2206.018798828125,5000,0.0,0.0
2015-11-26 00:00:00+09:00,2197.8632096532046,2238.639892578125,2181.5525364832365,2238.639892578125,13800,0.0,0.0
2015-11-27 00:00:00+09:00,2222.3294738656714,2238.640148903218,2193.7857925499657,2206.018798828125,8800,0.0,0.0
2015-11-30 00:00:00+09:00,2214.173997180867,2263.106019218013,2161.164306640625,2161.164306640625,16800,0.0,0.0
2015-12-01 00:00:00+09:00,2177.474948689089,2181.552617132327,2161.164274916137,2165.241943359375,28000,0.0,0.0
2015-12-02 00:00:00+09:00,2181.552681300951,2181.552681300951,2157.086669921875,2157.086669921875,33000,0.0,0.0
2015-12-03 00:00:00+09:00,2153.008969634434,2181.5526491561027,2140.7759641251473,2161.164306640625,17800,0.0,0.0
2015-12-04 00:00:00+09:00,2136.698305795019,2136.698305795019,2120.387631704981,2128.54296875,23200,0.0,0.0
2015-12-07 00:00:00+09:00,2140.776300430298,2157.086977005005,2087.7666015625,2087.7666015625,23000,0.0,0.0
2015-12-08 00:00:00+09:00,2112.232186351103,2112.232186351103,2071.455503216912,2079.61083984375,11200,0.0,0.0
2015-12-09 00:00:00+09:00,2095.9219398498535,2095.9219398498535,2079.6112632751465,2087.7666015625,4200,0.0,0.0
2015-12-10 00:00:00+09:00,2079.6111360546092,2079.6111360546092,1957.2810692278674,2026.6014404296875,65800,0.0,0.0
2015-12-11 00:00:00+09:00,2055.1447160576445,2067.3777203198924,2046.9893798828125,2046.9893798828125,7000,0.0,0.0
2015-12-14 00:00:00+09:00,2063.2999951762536,2075.5329991002236,2020.484481442359,2022.5233154296875,10200,0.0,0.0
2015-12-15 00:00:00+09:00,2000.0964302394702,2000.0964302394702,1920.581893257473,1969.513916015625,27200,0.0,0.0
2015-12-16 00:00:00+09:00,1971.5527134879692,2026.6012380631246,1971.5527134879692,1989.9022216796875,8800,0.0,0.0
2015-12-17 00:00:00+09:00,1989.9022167174796,2055.144912347561,1989.9022167174796,2006.212890625,9200,0.0,0.0
2015-12-18 00:00:00+09:00,2010.2903809096097,2026.601053371351,1981.7467041015625,1981.7467041015625,11000,0.0,0.0
2015-12-21 00:00:00+09:00,2010.2905320867683,2010.2905320867683,1977.6691847101067,1993.9798583984375,7400,0.0,0.0
2015-12-22 00:00:00+09:00,2016.4069549777864,2026.601125629848,1998.0574478040755,2004.1739501953125,4600,0.0,0.0
2015-12-24 00:00:00+09:00,2014.368385919477,2038.8343987039243,2014.368385919477,2032.7178955078125,4600,0.0,0.0
2015-12-25 00:00:00+09:00,2032.7178955078125,2032.7178955078125,2032.7178955078125,2032.7178955078125,0,0.0,0.0
2015-12-28 00:00:00+09:00,2124.4651590784,2124.4651590784,2042.9117940465999,2083.6884765625,2400,0.0,0.0
2015-12-29 00:00:00+09:00,2046.9899101257324,2095.9219398498535,2046.9899101257324,2087.7666015625,2200,0.0,0.0
2015-12-30 00:00:00+09:00,2079.6109251744538,2099.999267578125,2079.6109251744538,2099.999267578125,2400,0.0,0.0
2016-01-04 00:00:00+09:00,2095.9219398498535,2099.9996089935303,2071.455924987793,2087.7666015625,3800,0.0,0.0
2016-01-05 00:00:00+09:00,2079.61080831091,2095.9214813172703,2079.61080831091,2083.6884765625,4000,0.0,0.0
2016-01-06 00:00:00+09:00,2087.7663690476193,2099.9993751162574,2046.989682152158,2055.14501953125,10000,0.0,0.0
2016-01-07 00:00:00+09:00,2014.368112741648,2036.7952880859375,1975.6302644196933,2036.7952880859375,13000,0.0,0.0
2016-01-08 00:00:00+09:00,2008.25157119101,2030.6787460977118,2008.25157119101,2010.2904052734375,3400,0.0,0.0
2016-01-12 00:00:00+09:00,1967.4748895424618,2016.4069075207199,1963.397221377607,2010.2904052734375,7800,0.0,0.0
2016-01-13 00:00:00+09:00,2016.406946863856,2075.5331364078925,2016.406946863856,2036.7952880859375,6400,0.0,0.0
2016-01-14 00:00:00+09:00,2018.4459387737772,2018.4459387737772,1961.3585788892665,1969.513916015625,12400,0.0,0.0
2016-01-15 00:00:00+09:00,1965.4360046057511,1983.7855108728172,1885.9214774484644,1889.9991455078125,11000,0.0,0.0
2016-01-18 00:00:00+09:00,1889.999276421858,1924.6594573271132,1857.3779296875,1857.3779296875,4000,0.0,0.0
2016-01-19 00:00:00+09:00,1877.765979488954,1883.8824810508072,1847.1834716796875,1847.1834716796875,6600,0.0,0.0
2016-01-20 00:00:00+09:00,1847.1840475836366,1900.1937443134098,1812.5238612603234,1820.67919921875,9000,0.0,0.0
2016-01-21 00:00:00+09:00,1792.1353389044004,1796.2130074798372,1759.5139903009074,1765.6304931640625,8200,0.0,0.0
2016-01-22 00:00:00+09:00,1879.8055016513545,1934.854035864572,1877.766667050865,1900.19384765625,7000,0.0,0.0
2016-01-25 00:00:00+09:00,1957.281005859375,1987.8635215759277,1957.281005859375,1957.281005859375,4800,0.0,0.0
2016-01-26 00:00:00+09:00,2016.407066845503,2016.407066845503,1985.824553192639,1989.9022216796875,10400,0.0,0.0
2016-01-27 00:00:00+09:00,2030.678966039541,2034.756634646046,1973.5916055484695,1998.0576171875,6000,0.0,0.0
2016-01-28 00:00:00+09:00,1998.0576608384226,2026.601341707543,1961.358642578125,1961.358642578125,6600,0.0,0.0
2016-01-29 00:00:00+09:00,1961.3583706013826,1961.3583706013826,1936.8923618204922,1949.1253662109375,8400,0.0,0.0
2016-02-01 00:00:00+09:00,1977.6693722376938,1977.6693722376938,1938.9315185546875,1938.9315185546875,3400,0.0,0.0
2016-02-02 00:00:00+09:00,1949.1255137613152,1971.552690174887,1904.271160934172,1914.46533203125,7400,0.0,0.0
2016-02-03 00:00:00+09:00,1914.465390412704,1914.465390412704,1843.1061905570652,1875.7275390625,10800,0.0,0.0
2016-02-04 00:00:00+09:00,1881.8436471968562,1908.3484872982203,1847.1834716796875,1847.1834716796875,4800,0.0,0.0
2016-02-05 00:00:00+09:00,1847.1838591202447,1875.7275390625,1847.1838591202447,1875.7275390625,1200,0.0,0.0
2016-02-08 00:00:00+09:00,1843.1065416224815,1922.62109375,1834.951202942736,1922.62109375,6000,0.0,0.0
2016-02-09 00:00:00+09:00,1887.9601487587095,1887.9601487587095,1834.950468555981,1847.1834716796875,1800,0.0,0.0
2016-02-10 00:00:00+09:00,1834.9510192871094,1834.9510192871094,1745.2423027886286,1761.552978515625,3200,0.0,0.0
2016-02-12 00:00:00+09:00,1751.3586759931798,1751.3586759931798,1631.0674514488285,1653.49462890625,11600,0.0,0.0
2016-02-15 00:00:00+09:00,1704.4655951286766,1751.3587873391543,1704.4655951286766,1733.00927734375,5000,0.0,0.0
2016-02-16 00:00:00+09:00,1733.0091183684594,1761.5527979651163,1726.8926155977472,1753.3974609375,5000,0.0,0.0
2016-02-17 00:00:00+09:00,1753.3974719101125,1843.106179775281,1745.2421348314606,1814.5625,11400,0.0,0.0
2016-02-18 00:00:00+09:00,1875.7274105674344,1875.7274105674344,1781.9410400390625,1781.9410400390625,4600,0.0,0.0
2016-02-19 00:00:00+09:00,1745.24226782829,1745.24226782829,1726.8927580029927,1735.048095703125,3800,0.0,0.0
2016-02-22 00:00:00+09:00,1712.6210365112888,1726.8928784822162,1704.4656982421875,1704.4656982421875,3800,0.0,0.0
2016-02-23 00:00:00+09:00,1698.3491351385596,1698.3491351385596,1665.727783203125,1665.727783203125,4600,0.0,0.0
2016-02-24 00:00:00+09:00,1665.727655362216,1682.038330078125,1665.727655362216,1682.038330078125,5400,0.0,0.0
2016-02-25 00:00:00+09:00,1698.349085383204,1749.3199462890625,1692.2325820745011,1749.3199462890625,11000,0.0,0.0
2016-02-26 00:00:00+09:00,1741.1645448335087,1767.6693915347212,1737.0868761102452,1757.4752197265625,2800,0.0,0.0
2016-02-29 00:00:00+09:00,1757.4750182697662,1830.873046875,1757.4750182697662,1830.873046875,3800,0.0,0.0
2016-03-01 00:00:00+09:00,1814.562521065231,1863.4945441051923,1802.3295153052406,1843.106201171875,5800,0.0,0.0
2016-03-02 00:00:00+09:00,1873.6884641145407,1910.3874764693412,1847.1836218582957,1859.4166259765625,6000,0.0,0.0
2016-03-03 00:00:00+09:00,1871.6496143487302,1916.503962405018,1861.4554443359377,1861.4554443359375,3800,0.0,0.0
2016-03-04 00:00:00+09:00,1851.2613488076556,1869.610855568965,1851.2613488076556,1867.572021484375,17800,0.0,0.0
2016-03-07 00:00:00+09:00,1867.5722126918558,1881.8440527451778,1834.9508639985481,1843.106201171875,15000,0.0,0.0
2016-03-08 00:00:00+09:00,1843.1059538188736,1863.494294015985,1843.1059538188736,1859.4166259765625,16200,0.0,0.0
2016-03-09 00:00:00+09:00,1879.8049503589643,1879.8049503589643,1861.4554443359377,1861.4554443359375,800,0.0,0.0
2016-03-10 00:00:00+09:00,1867.5722439822634,1904.2712618771116,1867.5722439822634,1885.9217529296875,3200,0.0,0.0
2016-03-11 00:00:00+09:00,1894.0770677216199,2036.7954689492985,1894.0770677216199,1998.0576171875,5200,0.0,0.0
2016-03-14 00:00:00+09:00,2042.911774658203,2051.0671110839844,2020.4845994873046,2038.8341064453125,2600,0.0,0.0
2016-03-15 00:00:00+09:00,2079.610989317602,2079.610989317602,1998.0576171875,1998.0576171875,8400,0.0,0.0
2016-03-16 00:00:00+09:00,1998.057629122111,1998.057629122111,1918.5430908203125,1918.5430908203125,6800,0.0,0.0
2016-03-17 00:00:00+09:00,1973.591552734375,1998.0575637186855,1973.591552734375,1973.591552734375,1200,0.0,0.0
2016-03-18 00:00:00+09:00,2002.1352962041697,2012.3294677734375,2002.1352962041697,2012.3294677734375,9000,0.0,0.0
2016-03-22 00:00:00+09:00,2016.4073747389386,2059.222900390625,1996.0190291905167,2059.222900390625,9400,0.0,0.0
2016-03-23 00:00:00+09:00,2046.9897186279297,2046.9897186279297,1955.2421714782715,1957.281005859375,7400,0.0,0.0
2016-03-24 00:00:00+09:00,1938.931705591671,1938.931705591671,1922.621028783329,1930.7763671875,800,0.0,0.0
2016-03-25 00:00:00+09:00,1936.8926304045933,1961.358642578125,1936.8926304045933,1961.358642578125,1200,0.0,0.0
2016-03-28 00:00:00+09:00,1957.281005859375,1957.281005859375,1957.281005859375,1957.281005859375,200,0.0,0.0
2016-03-29 00:00:00+09:00,1957.2808550666361,2005.3764316334443,1957.2808550666361,1990.7386474609375,1000,60.0,0.0
2016-03-30 00:00:00+09:00,1951.0072647386296,1969.8272705078125,1951.0072647386296,1969.8272705078125,1200,0.0,0.0
2016-03-31 00:00:00+09:00,1986.5564769282003,1999.1031494140625,1986.5564769282003,1999.1031494140625,400,0.0,0.0
2016-04-01 00:00:00+09:00,2020.0141124295112,2020.0141124295112,1946.8251953125,1946.8251953125,1400,0.0,0.0
2016-04-04 00:00:00+09:00,1938.4607957538803,1938.4607957538803,1907.0941162109373,1907.0941162109375,3000,0.0,0.0
2016-04-05 00:00:00+09:00,1907.0941162109373,1907.0941162109373,1907.0941162109373,1907.0941162109375,200,0.0,0.0
2016-04-06 00:00:00+09:00,1907.0942915870633,1923.8231888816865,1877.8187213214724,1915.458740234375,3600,0.0,0.0
2016-04-07 00:00:00+09:00,1923.82284108023,1936.3695117829272,1907.0939468099673,1909.18505859375,2600,0.0,0.0
2016-04-08 00:00:00+09:00,1886.1829157612447,1913.3673702012625,1886.1829157612447,1894.54736328125,5800,0.0,0.0
2016-04-11 00:00:00+09:00,1917.549703184833,1919.6408151839441,1911.2763671875,1911.2763671875,2000,0.0,0.0
2016-04-12 00:00:00+09:00,1919.640869140625,1919.640869140625,1919.640869140625,1919.640869140625,800,0.0,0.0
2016-04-13 00:00:00+09:00,1928.0052490234375,1928.0052490234375,1925.914137039681,1928.0052490234375,600,0.0,0.0
2016-04-14 00:00:00+09:00,1936.3696557462342,1978.19189453125,1936.3696557462342,1978.19189453125,2200,0.0,0.0
2016-04-15 00:00:00+09:00,1994.920955317071,2020.0143006669714,1965.6453857421875,1965.6453857421875,4600,0.0,0.0
2016-04-18 00:00:00+09:00,1986.5561600130889,2007.467277486911,1986.5561600130889,1997.01171875,1200,0.0,0.0
2016-04-19 00:00:00+09:00,2038.8340127879176,2038.8340127879176,1940.5517578125,1940.5517578125,3600,0.0,0.0
2016-04-20 00:00:00+09:00,1932.1875886857383,2015.8320730444284,1932.1875886857383,2003.285400390625,6000,0.0,0.0
2016-04-21 00:00:00+09:00,2003.2853795586466,2032.5609487797542,1990.7387070353147,2009.5587158203125,1800,0.0,0.0
2016-04-22 00:00:00+09:00,1980.2831705296292,1984.4653947546126,1955.189825179729,1965.6453857421875,3200,0.0,0.0
2016-04-25 00:00:00+09:00,2024.1962880345395,2024.1962880345395,1986.5562744140627,1986.5562744140625,1400,0.0,0.0
2016-04-26 00:00:00+09:00,1986.5562744140627,1986.5562744140627,1986.5562744140627,1986.5562744140625,400,0.0,0.0
2016-04-27 00:00:00+09:00,1965.645454602364,1986.556576459836,1953.0987814878808,1957.281005859375,4200,0.0,0.0
2016-04-28 00:00:00+09:00,1957.2810058593752,1957.2810058593752,1957.2810058593752,1957.281005859375,0,0.0,0.0
2016-05-02 00:00:00+09:00,1894.54744439376,1934.2785718148214,1894.54744439376,1907.0941162109375,4400,0.0,0.0
2016-05-06 00:00:00+09:00,1907.0940345612582,1930.0962652412736,1894.54736328125,1894.54736328125,5800,0.0,0.0
2016-05-09 00:00:00+09:00,1894.5476764416746,1923.8232476008177,1879.9098908621033,1886.1832275390625,6200,0.0,0.0
2016-05-10 00:00:00+09:00,1902.912130376344,1944.734375,1888.2743447580644,1944.734375,25800,0.0,0.0
2016-05-11 00:00:00+09:00,1955.1895737310012,1955.1895737310012,1892.456218424124,1917.549560546875,6600,0.0,0.0
2016-05-12 00:00:00+09:00,1923.8231503646987,1923.8231503646987,1890.3653564453125,1890.3653564453125,4200,0.0,0.0
2016-05-13 00:00:00+09:00,1919.6409645580306,1919.6409645580306,1888.274282130612,1915.458740234375,6800,0.0,0.0
2016-05-16 00:00:00+09:00,1974.0098698703425,2091.11215028638,1974.0098698703425,2076.474365234375,8800,0.0,0.0
2016-05-17 00:00:00+09:00,2091.111834860189,2091.111834860189,2040.9251508235445,2047.198486328125,4800,0.0,0.0
2016-05-18 00:00:00+09:00,2049.2899056660763,2049.2899056660763,2028.3787841796875,2028.3787841796875,1000,0.0,0.0
2016-05-19 00:00:00+09:00,2001.1942138671875,2001.1942138671875,2001.1942138671875,2001.1942138671875,600,0.0,0.0
2016-05-20 00:00:00+09:00,2001.19435705029,2001.19435705029,1986.5565717845093,1994.9210205078125,1000,0.0,0.0
2016-05-23 00:00:00+09:00,2024.196425374349,2024.196425374349,1965.6452891031902,2007.467529296875,1800,0.0,0.0
2016-05-24 00:00:00+09:00,2007.467627992021,2007.467627992021,1948.9164888422538,1965.6453857421875,1800,0.0,0.0
2016-05-25 00:00:00+09:00,1965.645422139902,1965.645422139902,1940.5520763253498,1942.6431884765625,2600,0.0,0.0
2016-05-26 00:00:00+09:00,1944.7341909195286,1963.55419921875,1944.7341909195286,1963.55419921875,800,0.0,0.0
2016-05-27 00:00:00+09:00,1963.554159318745,1963.554159318745,1938.4608154296875,1938.4608154296875,400,0.0,0.0
2016-05-30 00:00:00+09:00,1938.4608154296875,1938.4608154296875,1930.0963674666684,1938.4608154296875,800,0.0,0.0
2016-05-31 00:00:00+09:00,1936.3699155061142,1940.5521399456522,1923.8232421875,1923.8232421875,6200,0.0,0.0
2016-06-01 00:00:00+09:00,1938.4606235667102,1942.6428471342758,1902.9117232424016,1909.18505859375,4000,0.0,0.0
2016-06-02 00:00:00+09:00,1934.278620061445,1934.278620061445,1905.0030517578125,1905.0030517578125,400,0.0,0.0
2016-06-03 00:00:00+09:00,1905.002977174193,1921.731872692737,1902.911865234375,1902.911865234375,1400,0.0,0.0
2016-06-06 00:00:00+09:00,1921.7318382896854,1923.822950192068,1871.545152632501,1888.2740478515625,6600,0.0,0.0
2016-06-07 00:00:00+09:00,1909.1854620212462,1932.1876965034298,1886.1832275390625,1886.1832275390625,3600,0.0,0.0
2016-06-08 00:00:00+09:00,1882.000745836195,1902.911865234375,1865.2718503176511,1902.911865234375,4000,0.0,0.0
2016-06-09 00:00:00+09:00,1890.365193595467,1902.911865234375,1882.000745836195,1902.911865234375,1400,0.0,0.0
2016-06-10 00:00:00+09:00,1902.9118311682412,1905.0029430706238,1888.2740478515625,1888.2740478515625,9200,0.0,0.0
2016-06-13 00:00:00+09:00,1896.6386036710603,1905.0030517578125,1890.3652676059962,1905.0030517578125,4600,0.0,0.0
2016-06-14 00:00:00+09:00,1898.7298955502717,1925.914354407269,1896.6387833305027,1923.8232421875,7600,0.0,0.0
2016-06-15 00:00:00+09:00,1982.3742095251425,1982.3742095251425,1923.8230725349486,1925.9141845703125,5400,0.0,0.0
2016-06-16 00:00:00+09:00,1925.9143263790586,1925.9143263790586,1823.4498291015627,1823.4498291015625,1200,0.0,0.0
2016-06-17 00:00:00+09:00,1823.4497967846821,1844.360918307442,1808.81201171875,1808.81201171875,5800,0.0,0.0
2016-06-20 00:00:00+09:00,1838.087533435425,1838.087533435425,1808.8119640746788,1810.903076171875,9400,0.0,0.0
2016-06-21 00:00:00+09:00,1810.903049327709,1819.267497592502,1806.7208251953123,1806.7208251953125,2200,0.0,0.0
2016-06-22 00:00:00+09:00,1827.6319334222226,1827.6319334222226,1779.536356226901,1785.8096923828125,10800,0.0,0.0
2016-06-23 00:00:00+09:00,1785.8096243762748,1794.174072265625,1785.8096243762748,1794.174072265625,5000,0.0,0.0
2016-06-24 00:00:00+09:00,1831.814163794201,1831.814163794201,1777.4452502569302,1796.2652587890625,6200,0.0,0.0
2016-06-27 00:00:00+09:00,1781.6274272120277,1798.3563232421875,1781.6274272120277,1798.3563232421875,1200,0.0,0.0
2016-06-28 00:00:00+09:00,1798.3561721075148,1798.3561721075148,1756.533935546875,1756.533935546875,2400,0.0,0.0
2016-06-29 00:00:00+09:00,1756.5342486075808,1756.5342486075808,1748.1697998046875,1748.1697998046875,400,0.0,0.0
2016-06-30 00:00:00+09:00,1723.076320842161,1748.169665320445,1723.076320842161,1727.258544921875,1800,0.0,0.0
2016-07-01 00:00:00+09:00,1756.534113479873,1773.263009798729,1727.258544921875,1727.258544921875,6400,0.0,0.0
2016-07-04 00:00:00+09:00,1743.987474384285,1754.4430347822722,1735.623026065895,1741.8963623046875,2200,0.0,0.0
2016-07-05 00:00:00+09:00,1756.5340988927608,1756.5340988927608,1733.5318666453554,1743.9874267578125,1600,0.0,0.0
2016-07-06 00:00:00+09:00,1743.9875652191918,1802.538706497534,1723.0764433340694,1775.354248046875,9600,0.0,0.0
2016-07-07 00:00:00+09:00,1752.3517440250268,1754.4428558914053,1693.800611766434,1695.8917236328125,5600,0.0,0.0
2016-07-08 00:00:00+09:00,1710.5297317692336,1720.9852924768695,1697.9830589200706,1702.165283203125,1200,0.0,0.0
2016-07-11 00:00:00+09:00,1702.165283203125,1702.165283203125,1702.165283203125,1702.165283203125,0,0.0,0.0
2016-07-12 00:00:00+09:00,1735.6229248046875,1735.6229248046875,1718.8940291439194,1735.6229248046875,3200,0.0,0.0
2016-07-13 00:00:00+09:00,1733.5319199300325,1756.5341528844722,1733.5319199300325,1752.3519287109375,6800,0.0,0.0
2016-07-14 00:00:00+09:00,1756.5342063631977,1789.9920007701157,1756.5342063631977,1760.7164306640625,6800,0.0,0.0
2016-07-15 00:00:00+09:00,1815.085205078125,1873.6363407258063,1815.085205078125,1815.085205078125,12600,0.0,0.0
2016-07-19 00:00:00+09:00,1871.5453019378879,1871.5453019378879,1756.534138131649,1769.080810546875,7000,0.0,0.0
2016-07-20 00:00:00+09:00,1798.3563080867311,1852.7252197265625,1777.4451882252574,1852.7252197265625,5600,0.0,0.0
2016-07-21 00:00:00+09:00,1894.5475478156354,1894.5475478156354,1823.449736970457,1875.7275390625,3000,0.0,0.0
2016-07-22 00:00:00+09:00,1879.9097600103244,1879.9097600103244,1796.2652768063056,1827.6319580078125,3200,0.0,0.0
2016-07-25 00:00:00+09:00,1882.0006431691156,1882.0006431691156,1852.7250776087071,1858.9984130859375,8200,0.0,0.0
2016-07-26 00:00:00+09:00,1882.0008544921875,1882.0008544921875,1848.5430615234375,1882.0008544921875,5000,0.0,0.0
2016-07-27 00:00:00+09:00,1898.7299008929808,1898.7299008929808,1879.9098908621033,1886.1832275390625,5000,0.0,0.0
2016-07-28 00:00:00+09:00,1856.9075243483744,1865.27197265625,1842.2697398095922,1865.27197265625,2800,0.0,0.0
2016-07-29 00:00:00+09:00,1879.9097424316406,1882.0008544921875,1879.9097424316406,1882.0008544921875,2800,0.0,0.0
2016-08-01 00:00:00+09:00,1882.0008544921875,1882.0008544921875,1882.0008544921875,1882.0008544921875,0,0.0,0.0
2016-08-02 00:00:00+09:00,1842.2697253417969,1882.0008544921875,1842.2697253417969,1882.0008544921875,1000,0.0,0.0
2016-08-03 00:00:00+09:00,1882.0008544921875,1882.0008544921875,1882.0008544921875,1882.0008544921875,0,0.0,0.0
2016-08-04 00:00:00+09:00,1848.543035086651,1877.818603515625,1848.543035086651,1877.818603515625,800,0.0,0.0
2016-08-05 00:00:00+09:00,1877.818603515625,1882.0008275769069,1877.818603515625,1877.818603515625,4800,0.0,0.0
2016-08-08 00:00:00+09:00,1879.909715546266,1879.909715546266,1871.545267423702,1877.818603515625,1000,0.0,0.0
2016-08-09 00:00:00+09:00,1848.5428667707151,1848.5428667707151,1789.991735244041,1842.26953125,2600,0.0,0.0
2016-08-10 00:00:00+09:00,1840.178586964087,1877.818603515625,1840.178586964087,1877.818603515625,1200,0.0,0.0
2016-08-12 00:00:00+09:00,1882.0008544921875,1882.0008544921875,1877.8186303710938,1882.0008544921875,2600,0.0,0.0
2016-08-15 00:00:00+09:00,1882.0008275769069,1882.0008275769069,1875.727491484984,1877.818603515625,4600,0.0,0.0
2016-08-16 00:00:00+09:00,1854.8165874677836,1854.8165874677836,1825.541015625,1825.541015625,600,0.0,0.0
2016-08-17 00:00:00+09:00,1806.7208129025175,1806.7208129025175,1781.6274682788714,1785.8096923828125,2000,0.0,0.0
2016-08-18 00:00:00+09:00,1777.445349164742,1777.445349164742,1754.443115234375,1754.443115234375,1000,0.0,0.0
2016-08-19 00:00:00+09:00,1781.6274682788714,1785.8096923828125,1777.4452441749306,1785.8096923828125,1000,0.0,0.0
2016-08-22 00:00:00+09:00,1752.3517863197644,1773.262905488258,1750.260674402915,1758.6251220703125,5400,0.0,0.0
2016-08-23 00:00:00+09:00,1754.4428237188429,1766.989494687035,1754.4428237188429,1756.533935546875,3000,0.0,0.0
2016-08-24 00:00:00+09:00,1754.4431261617528,1775.354248046875,1754.4431261617528,1775.354248046875,3000,0.0,0.0
2016-08-25 00:00:00+09:00,1787.9007940777278,1787.9007940777278,1727.258544921875,1727.258544921875,4800,0.0,0.0
2016-08-26 00:00:00+09:00,1729.3496986947407,1731.4408107850609,1704.2563536108994,1714.7119140625,2800,0.0,0.0
2016-08-29 00:00:00+09:00,1756.5339228792009,1787.9006000734723,1756.5339228792009,1773.2628173828125,1200,0.0,0.0
2016-08-30 00:00:00+09:00,1746.07855951743,1746.07855951743,1737.714111328125,1737.714111328125,800,0.0,0.0
2016-08-31 00:00:00+09:00,1718.89421963473,1823.4498291015627,1718.89421963473,1823.4498291015625,2400,0.0,0.0
2016-09-01 00:00:00+09:00,1794.1741990720823,1815.0853202733886,1660.3430233837219,1670.798583984375,21800,0.0,0.0
2016-09-02 00:00:00+09:00,1695.8919226001124,1766.9897343983907,1695.8919226001124,1746.07861328125,26400,0.0,0.0
2016-09-05 00:00:00+09:00,1727.2585777475051,1741.8963623046875,1725.1674656679077,1741.8963623046875,14200,0.0,0.0
2016-09-06 00:00:00+09:00,1733.531778921913,1758.625121921989,1716.802883588529,1720.985107421875,11800,0.0,0.0
2016-09-07 00:00:00+09:00,1723.076146298363,1756.533935546875,1718.893922642299,1756.533935546875,13200,0.0,0.0
2016-09-08 00:00:00+09:00,1727.2585549276384,1785.8096923828125,1727.2585549276384,1785.8096923828125,5600,0.0,0.0
2016-09-09 00:00:00+09:00,1756.5342063631977,1783.7186643188186,1729.3497484075767,1760.7164306640625,12200,0.0,0.0
2016-09-12 00:00:00+09:00,1796.265067665958,1798.356179502589,1760.7161664432324,1766.989501953125,15000,0.0,0.0
2016-09-13 00:00:00+09:00,1773.2628301711309,1779.536165655227,1756.533935546875,1756.533935546875,8200,0.0,0.0
2016-09-14 00:00:00+09:00,1777.445053827195,1777.445053827195,1731.440593610491,1756.533935546875,11200,0.0,0.0
2016-09-15 00:00:00+09:00,1733.5319139862975,1754.4430347822722,1723.0763535883102,1741.8963623046875,22400,0.0,0.0
2016-09-16 00:00:00+09:00,1741.8962855185232,1823.4496530277936,1741.8962855185232,1815.085205078125,14800,0.0,0.0
2016-09-20 00:00:00+09:00,1815.0853703213277,1942.64321316649,1815.0853703213277,1850.63427734375,58200,0.0,0.0
2016-09-21 00:00:00+09:00,1850.63427734375,1921.7320913885947,1850.63427734375,1850.63427734375,17200,0.0,0.0
2016-09-23 00:00:00+09:00,1879.9097958455045,1917.5498140048137,1879.9097958455045,1890.3653564453125,25000,0.0,0.0
2016-09-26 00:00:00+09:00,1877.818647930224,1877.818647930224,1821.358621767511,1827.6319580078125,3400,0.0,0.0
2016-09-27 00:00:00+09:00,1806.7210051546392,1848.5432506443299,1804.6298928801548,1825.541015625,1200,0.0,0.0
2016-09-28 00:00:00+09:00,1823.449544641586,1882.0006768089763,1823.449544641586,1835.9962158203125,5400,0.0,0.0
2016-09-29 00:00:00+09:00,1835.9961830027596,1873.6361958661419,1835.9961830027596,1858.9984130859375,2400,0.0,0.0
2016-09-30 00:00:00+09:00,1865.2719032070568,1913.367479186611,1865.2719032070568,1911.2763671875,18800,0.0,0.0
2016-10-03 00:00:00+09:00,1932.1876400890073,2036.743248318932,1932.1876400890073,2011.64990234375,28200,0.0,0.0
2016-10-04 00:00:00+09:00,2063.9272856639427,2078.5650678317725,2043.0161682813296,2051.380615234375,58200,0.0,0.0
2016-10-05 00:00:00+09:00,2068.1098116506837,2070.2009236948197,2007.4675623707344,2022.1053466796875,30200,0.0,0.0
2016-10-06 00:00:00+09:00,2026.2873821509259,2078.56517838805,2024.1962703014408,2068.109619140625,17400,0.0,0.0
2016-10-07 00:00:00+09:00,2047.1985006457753,2099.4762968828995,2047.1985006457753,2068.109619140625,29000,0.0,0.0
2016-10-11 00:00:00+09:00,2078.5652666073183,2132.9341770014735,2078.5652666073183,2128.751953125,15400,0.0,0.0
2016-10-12 00:00:00+09:00,2128.752048282173,2141.298720472441,2099.476479838214,2124.56982421875,30200,0.0,0.0
2016-10-13 00:00:00+09:00,2124.570042491801,2124.570042491801,2072.292236328125,2072.292236328125,34400,0.0,0.0
2016-10-14 00:00:00+09:00,2047.1985611848697,2137.1163733717435,2045.1074492735472,2086.9296875,36400,0.0,0.0
2016-10-17 00:00:00+09:00,2112.0228699088793,2145.48065794704,2095.293975889799,2137.1162109375,23400,0.0,0.0
2016-10-18 00:00:00+09:00,2162.2101618840143,2191.4857346754807,2145.4812631460336,2174.7568359375,21400,0.0,0.0
2016-10-19 00:00:00+09:00,2216.578899578985,2254.218918628439,2204.0322265625,2204.0322265625,11600,0.0,0.0
2016-10-20 00:00:00+09:00,2233.307492950259,2237.4897167198287,2107.8407798631656,2120.387451171875,34600,0.0,0.0
2016-10-21 00:00:00+09:00,2091.1123138523203,2091.1123138523203,1990.738922787409,2005.376708984375,12400,0.0,0.0
2016-10-24 00:00:00+09:00,2032.5609130859375,2045.107585388937,2011.649792580938,2032.5609130859375,9000,0.0,0.0
2016-10-25 00:00:00+09:00,2036.7431309886408,2059.7453634741387,2020.0142346355515,2022.1053466796875,12600,0.0,0.0
2016-10-26 00:00:00+09:00,2022.1053384586257,2053.472018993144,2022.1053384586257,2049.289794921875,4000,0.0,0.0
2016-10-27 00:00:00+09:00,2072.2921409338023,2082.747701685234,2070.201028783516,2076.474365234375,8600,0.0,0.0
2016-10-28 00:00:00+09:00,2112.023168698706,2120.387616891572,2040.9253590593435,2070.200927734375,18800,0.0,0.0
2016-10-31 00:00:00+09:00,2049.2896932174385,2099.476379581947,2032.5607977626023,2043.016357421875,8000,0.0,0.0
2016-11-01 00:00:00+09:00,2043.016788703351,2047.199013449929,2013.741215477305,2024.19677734375,4000,0.0,0.0
2016-11-02 00:00:00+09:00,2049.2899372092834,2049.2899372092834,1988.647683965335,1994.9210205078125,4400,0.0,0.0
2016-11-04 00:00:00+09:00,1961.4631639205284,2051.3809848678447,1953.0987154603129,2013.740966796875,14200,0.0,0.0
2016-11-07 00:00:00+09:00,2013.7407972407045,2028.378580813586,2009.5585733627383,2015.8319091796875,1600,0.0,0.0
2016-11-08 00:00:00+09:00,2049.290067575274,2049.290067575274,1994.9211474151134,2005.376708984375,3000,0.0,0.0
2016-11-09 00:00:00+09:00,2007.467524346318,2007.467524346318,1955.1897242331327,1959.3719482421875,14000,0.0,0.0
2016-11-10 00:00:00+09:00,2028.3789011900906,2028.3789011900906,2007.4677784974094,2017.92333984375,5400,0.0,0.0
2016-11-11 00:00:00+09:00,2034.6517302028794,2061.836182918848,1997.01171875,1997.01171875,35400,0.0,0.0
2016-11-14 00:00:00+09:00,1997.0117024906344,2049.289495749552,1997.0117024906344,2040.925048828125,3800,0.0,0.0
2016-11-15 00:00:00+09:00,2084.8387605946805,2084.8387605946805,1856.9075420341787,1896.638671875,53000,0.0,0.0
2016-11-16 00:00:00+09:00,1938.4609641741372,1984.4654315008158,1938.4609641741372,1942.6431884765625,37600,0.0,0.0
2016-11-17 00:00:00+09:00,1951.0072647386296,1986.5561645248638,1951.0072647386296,1969.8272705078125,5200,0.0,0.0
2016-11-18 00:00:00+09:00,1999.1028350376525,1999.1028350376525,1951.0072647386296,1969.8272705078125,25000,0.0,0.0
2016-11-21 00:00:00+09:00,1978.1919854544144,1978.1919854544144,1925.9141845703125,1925.9141845703125,24800,0.0,0.0
2016-11-22 00:00:00+09:00,1932.1876596304087,1965.645454602364,1930.0965474446616,1957.281005859375,12600,0.0,0.0
2016-11-24 00:00:00+09:00,1978.192010504533,1978.192010504533,1963.5542260716243,1967.7364501953125,9200,0.0,0.0
2016-11-25 00:00:00+09:00,1965.6455892808776,1969.8278139389222,1930.0966796875,1930.0966796875,15600,0.0,0.0
2016-11-28 00:00:00+09:00,1940.5522413326112,1971.9189262679442,1928.005567358478,1930.0966796875,22200,0.0,0.0
2016-11-29 00:00:00+09:00,1959.3719353372355,1959.3719353372355,1934.278591448178,1938.4608154296875,16600,0.0,0.0
2016-11-30 00:00:00+09:00,1953.0989153067444,1971.9189262679442,1930.0966796875,1930.0966796875,88000,0.0,0.0
2016-12-01 00:00:00+09:00,1930.0965155692866,1965.645422139902,1882.0009360913955,1942.6431884765625,88200,0.0,0.0
2016-12-02 00:00:00+09:00,1925.9141071482854,2153.8453098401023,1925.9141071482854,2149.6630859375,44400,0.0,0.0
2016-12-05 00:00:00+09:00,2107.840992870146,2153.845458984375,2095.2943202935376,2153.845458984375,14400,0.0,0.0
2016-12-06 00:00:00+09:00,2112.023374258754,2137.11672127965,2040.925557699548,2082.747802734375,13800,0.0,0.0
2016-12-07 00:00:00+09:00,2076.474217570698,2078.5653295722796,2015.8319695248265,2034.6519775390625,14400,0.0,0.0
2016-12-08 00:00:00+09:00,2009.5589238157766,2032.5611591560196,1980.2833515645582,1984.465576171875,15600,0.0,0.0
2016-12-09 00:00:00+09:00,1986.5562744140627,2015.8318405633224,1986.5562744140627,1986.5562744140625,8200,0.0,0.0
2016-12-12 00:00:00+09:00,2015.8322056713546,2145.4811649572716,2015.8322056713546,2072.292236328125,4600,0.0,0.0
2016-12-13 00:00:00+09:00,2137.116216937175,2212.396240234375,2099.4762052885753,2212.396240234375,12800,0.0,0.0
2016-12-14 00:00:00+09:00,2166.3922384919915,2187.3033604851576,2141.2988921001925,2170.574462890625,17000,0.0,0.0
2016-12-15 00:00:00+09:00,2141.299024163569,2254.2190898909444,2091.112328284735,2250.036865234375,23800,0.0,0.0
2016-12-16 00:00:00+09:00,2258.4013580607475,2275.1302570093458,2187.3035375292056,2237.490234375,8200,0.0,0.0
2016-12-19 00:00:00+09:00,2208.2146334134613,2208.2146334134613,2145.4812631460336,2174.7568359375,4200,0.0,0.0
2016-12-20 00:00:00+09:00,2174.7562224804306,2174.7562224804306,2132.9339874327297,2137.1162109375,3800,0.0,0.0
2016-12-21 00:00:00+09:00,2116.205294716683,2187.3031010609193,2116.205294716683,2149.6630859375,11800,0.0,0.0
2016-12-22 00:00:00+09:00,2170.574301557931,2174.7565256457115,2124.5698365923486,2145.48095703125,9600,0.0,0.0
2016-12-26 00:00:00+09:00,2153.8455863620925,2153.8455863620925,2091.112219769022,2116.20556640625,5400,0.0,0.0
2016-12-27 00:00:00+09:00,2103.658935546875,2103.658935546875,2103.658935546875,2103.658935546875,800,0.0,0.0
2016-12-28 00:00:00+09:00,2103.658935546875,2137.1167317384757,2103.658935546875,2103.658935546875,2000,0.0,0.0
2016-12-29 00:00:00+09:00,2107.840969214109,2112.023193359375,2107.840969214109,2112.023193359375,800,0.0,0.0
2016-12-30 00:00:00+09:00,2112.023447074142,2132.9345703125,2112.023447074142,2132.9345703125,2800,0.0,0.0
2017-01-04 00:00:00+09:00,2149.66288145181,2149.66288145181,2116.2050934136496,2137.1162109375,3600,0.0,0.0
2017-01-05 00:00:00+09:00,2153.845693550858,2153.845693550858,2132.9345703125,2132.9345703125,400,0.0,0.0
2017-01-06 00:00:00+09:00,2149.663468903186,2149.663468903186,2132.9345703125,2132.9345703125,1000,0.0,0.0
2017-01-10 00:00:00+09:00,2145.480862034898,2166.3919815479085,2107.840846911479,2149.6630859375,13400,0.0,0.0
2017-01-11 00:00:00+09:00,2149.663018973214,2195.66748046875,2149.663018973214,2195.66748046875,4200,0.0,0.0
2017-01-12 00:00:00+09:00,2199.8498408634237,2220.7609610237223,2174.756496671065,2178.938720703125,6200,0.0,0.0
2017-01-13 00:00:00+09:00,2195.667425852205,2195.667425852205,2174.756307510755,2187.302978515625,4200,0.0,0.0
2017-01-16 00:00:00+09:00,2229.125215198524,2229.125215198524,2170.5740838424654,2187.302978515625,3200,0.0,0.0
2017-01-17 00:00:00+09:00,2199.8500445416867,2212.3967177995287,2191.485595703125,2191.485595703125,4800,0.0,0.0
2017-01-18 00:00:00+09:00,2183.1208091517856,2195.66748046875,2174.756361607143,2195.66748046875,3000,0.0,0.0
2017-01-19 00:00:00+09:00,2216.578599330357,2216.578599330357,2149.663018973214,2195.66748046875,8800,0.0,0.0
2017-01-20 00:00:00+09:00,2245.854427236881,2245.854427236881,2187.303287606869,2216.578857421875,6200,0.0,0.0
2017-01-23 00:00:00+09:00,2216.578857421875,2216.578857421875,2216.578857421875,2216.578857421875,200,0.0,0.0
2017-01-24 00:00:00+09:00,2245.854248046875,2245.854248046875,2216.5786805676794,2245.854248046875,2000,0.0,0.0
2017-01-25 00:00:00+09:00,2245.854248046875,2245.854248046875,2204.0320087908813,2245.854248046875,5200,0.0,0.0
2017-01-26 00:00:00+09:00,2216.5790827824517,2216.5790827824517,2174.7568359375,2174.7568359375,3600,0.0,0.0
2017-01-27 00:00:00+09:00,2183.120931935865,2187.303155943405,2132.934243845385,2158.027587890625,11600,0.0,0.0
2017-01-30 00:00:00+09:00,2137.1164803825277,2178.938720703125,2137.1164803825277,2178.938720703125,2400,0.0,0.0
2017-01-31 00:00:00+09:00,2158.0275337427042,2158.0275337427042,2149.6630859375,2149.6630859375,800,0.0,0.0
2017-02-01 00:00:00+09:00,2145.480862034898,2153.8453098401023,2132.9341903270915,2149.6630859375,6000,0.0,0.0
2017-02-02 00:00:00+09:00,2141.299019607843,2141.299019607843,2132.9345703125,2132.9345703125,1400,0.0,0.0
2017-02-03 00:00:00+09:00,2137.1162109375,2137.1162109375,2137.1162109375,2137.1162109375,800,0.0,0.0
2017-02-06 00:00:00+09:00,2145.480862034898,2149.6630859375,2145.480862034898,2149.6630859375,600,0.0,0.0
2017-02-07 00:00:00+09:00,2149.6630859375,2149.6630859375,2149.6630859375,2149.6630859375,400,0.0,0.0
2017-02-08 00:00:00+09:00,2149.663139875545,2158.027587890625,2141.298691860465,2158.027587890625,2400,0.0,0.0
2017-02-09 00:00:00+09:00,2174.756687289258,2174.756687289258,2149.663340897459,2170.574462890625,1400,0.0,0.0
2017-02-10 00:00:00+09:00,2170.574301557931,2170.574301557931,2145.48095703125,2145.48095703125,6000,0.0,0.0
2017-02-13 00:00:00+09:00,2258.401329627404,2279.31245304988,2149.6634878305285,2174.7568359375,26200,0.0,0.0
2017-02-14 00:00:00+09:00,2216.578553198115,2421.507513776809,2212.3963295128356,2413.14306640625,21600,0.0,0.0
2017-02-15 00:00:00+09:00,2404.778741111218,2404.778741111218,2354.5920543402012,2375.503173828125,9200,0.0,0.0
2017-02-16 00:00:00+09:00,2404.778630682763,2404.778630682763,2300.2230380443816,2358.774169921875,6400,0.0,0.0
2017-02-17 00:00:00+09:00,2316.952213715742,2346.227783203125,2283.4944200158757,2346.227783203125,1200,0.0,0.0
2017-02-20 00:00:00+09:00,2346.227783203125,2346.227783203125,2346.227783203125,2346.227783203125,0,0.0,0.0
2017-02-21 00:00:00+09:00,2304.4053946358817,2346.227634102958,2304.4053946358817,2342.04541015625,4000,0.0,0.0
2017-02-22 00:00:00+09:00,2333.6809605793146,2429.8721112841968,2333.6809605793146,2417.325439453125,6000,0.0,0.0
2017-02-23 00:00:00+09:00,2463.3302929177103,2463.3302929177103,2392.2324746161803,2400.596923828125,5800,0.0,0.0
2017-02-24 00:00:00+09:00,2388.050250010208,2417.3258222520144,2371.3213515863185,2400.596923828125,4400,0.0,0.0
2017-02-27 00:00:00+09:00,2400.596923828125,2400.596923828125,2400.596923828125,2400.596923828125,0,0.0,0.0
2017-02-28 00:00:00+09:00,2400.5963408627717,2404.778564453125,2362.9563285495924,2404.778564453125,9800,0.0,0.0
2017-03-01 00:00:00+09:00,2413.143448168903,2413.143448168903,2396.41455078125,2396.41455078125,400,0.0,0.0
2017-03-02 00:00:00+09:00,2396.414478876819,2442.4189453125,2308.5877702268835,2442.4189453125,17800,0.0,0.0
2017-03-03 00:00:00+09:00,2400.596590909091,2576.25,2400.596590909091,2576.25,10000,0.0,0.0
2017-03-06 00:00:00+09:00,2534.427913710351,2534.427913710351,2488.4234466298,2505.15234375,2000,0.0,0.0
2017-03-07 00:00:00+09:00,2463.3297535615807,2505.1519904641546,2463.3297535615807,2488.423095703125,4000,0.0,0.0
2017-03-08 00:00:00+09:00,2488.4233110975074,2526.0633275678897,2454.9655186793893,2521.881103515625,5000,0.0,0.0
2017-03-09 00:00:00+09:00,2551.156655844156,2576.25,2534.4277597402597,2576.25,7600,0.0,0.0
2017-03-10 00:00:00+09:00,2538.609958359117,2555.338854295586,2509.334390470297,2534.427734375,5600,0.0,0.0
2017-03-13 00:00:00+09:00,2509.334435096154,2526.063331330128,2438.236626101763,2446.60107421875,9400,0.0,0.0
2017-03-14 00:00:00+09:00,2488.4233520507814,2509.33447265625,2442.41888671875,2509.33447265625,7600,0.0,0.0
2017-03-15 00:00:00+09:00,2467.51220703125,2480.058879270392,2450.7833107123943,2467.51220703125,9000,0.0,0.0
2017-03-16 00:00:00+09:00,2467.5120713975693,2563.703219943576,2467.5120713975693,2559.52099609375,10600,0.0,0.0
2017-03-17 00:00:00+09:00,2517.6989449923153,2576.250083247951,2505.1522725089653,2551.15673828125,6400,0.0,0.0
2017-03-21 00:00:00+09:00,2576.250083247951,2592.978979892418,2551.15673828125,2551.15673828125,4200,0.0,0.0
2017-03-22 00:00:00+09:00,2467.512255058914,2551.15673828125,2467.512255058914,2551.15673828125,11800,0.0,0.0
2017-03-23 00:00:00+09:00,2546.974460401033,2546.974460401033,2500.9699955990436,2542.792236328125,2400,0.0,0.0
2017-03-24 00:00:00+09:00,2542.792277892562,2542.792277892562,2488.4233640560433,2530.24560546875,3800,0.0,0.0
2017-03-27 00:00:00+09:00,2509.3343775998337,2542.792169301165,2500.9699296745007,2513.5166015625,4400,0.0,0.0
2017-03-28 00:00:00+09:00,2517.6987708291126,2580.43212890625,2517.6987708291126,2580.43212890625,4800,0.0,0.0
2017-03-29 00:00:00+09:00,2623.0841884925717,2623.0841884925717,2559.1065253586066,2601.75830078125,4800,60.0,0.0
2017-03-30 00:00:00+09:00,2601.7580142691118,2601.7580142691118,2580.43212890625,2580.43212890625,600,0.0,0.0
2017-03-31 00:00:00+09:00,2580.432332356771,2584.697509765625,2567.6368001302085,2584.697509765625,1000,0.0,0.0
2017-04-03 00:00:00+09:00,2576.1669091796875,2576.1669091796875,2554.8410241699216,2559.106201171875,1600,0.0,0.0
2017-04-04 00:00:00+09:00,2554.8410217079654,2554.8410217079654,2533.51513671875,2533.51513671875,3000,0.0,0.0
2017-04-05 00:00:00+09:00,2533.51513671875,2533.51513671875,2529.249959720907,2533.51513671875,1000,0.0,0.0
2017-04-06 00:00:00+09:00,2537.7803520449584,2537.7803520449584,2503.658935546875,2503.658935546875,4000,0.0,0.0
2017-04-07 00:00:00+09:00,2503.6588118043665,2524.9846960616437,2490.86328125,2490.86328125,6800,0.0,0.0
2017-04-10 00:00:00+09:00,2448.2117077832554,2448.2117077832554,2379.968872723095,2392.764404296875,7800,0.0,0.0
2017-04-11 00:00:00+09:00,2478.0680331415556,2478.0680331415556,2409.8251957400666,2435.416259765625,2400,0.0,0.0
2017-04-12 00:00:00+09:00,2418.3554211784813,2418.3554211784813,2311.7259934369254,2320.25634765625,9200,0.0,0.0
2017-04-13 00:00:00+09:00,2252.013433159722,2303.195556640625,2252.013433159722,2303.195556640625,2600,0.0,0.0
2017-04-14 00:00:00+09:00,2298.9305441956226,2362.908203125,2252.0135943140795,2362.908203125,3000,0.0,0.0
2017-04-17 00:00:00+09:00,2435.416624275234,2537.7808956983613,2435.416624275234,2448.212158203125,4800,0.0,0.0
2017-04-18 00:00:00+09:00,2490.863856907895,2490.863856907895,2431.1513671875,2431.1513671875,2800,0.0,0.0
2017-04-19 00:00:00+09:00,2384.2339716745387,2426.8857421875,2384.2339716745387,2426.8857421875,1000,0.0,0.0
2017-04-20 00:00:00+09:00,2397.029541015625,2397.029541015625,2397.029541015625,2397.029541015625,200,0.0,0.0
2017-04-21 00:00:00+09:00,2397.0297842965997,2422.620849609375,2345.8476536710496,2422.620849609375,5200,0.0,0.0
2017-04-24 00:00:00+09:00,2426.8856183918124,2426.8856183918124,2367.173142719606,2414.090087890625,4200,0.0,0.0
2017-04-25 00:00:00+09:00,2414.0902494926045,2414.0902494926045,2388.4991867771355,2397.029541015625,1600,0.0,0.0
2017-04-26 00:00:00+09:00,2397.029582782187,2418.35546875,2397.029582782187,2418.35546875,1000,0.0,0.0
2017-04-27 00:00:00+09:00,2418.3553943016664,2503.658935546875,2418.3553943016664,2503.658935546875,4800,0.0,0.0
2017-04-28 00:00:00+09:00,2490.86328125,2490.86328125,2486.5981043985444,2490.86328125,1200,0.0,0.0
2017-05-01 00:00:00+09:00,2490.86328125,2490.86328125,2490.86328125,2490.86328125,0,0.0,0.0
2017-05-02 00:00:00+09:00,2499.393760539629,2537.7803541315348,2499.393760539629,2529.25,1400,0.0,0.0
2017-05-08 00:00:00+09:00,2503.6590984454583,2512.189453125,2503.6590984454583,2512.189453125,1000,0.0,0.0
2017-05-09 00:00:00+09:00,2537.78076171875,2537.78076171875,2537.78076171875,2537.78076171875,400,0.0,0.0
2017-05-10 00:00:00+09:00,2529.2502849681955,2550.5761726997994,2524.985107421875,2524.985107421875,800,0.0,0.0
2017-05-11 00:00:00+09:00,2503.6590580309853,2516.45458984375,2503.6590580309853,2516.45458984375,1800,0.0,0.0
2017-05-12 00:00:00+09:00,2546.310870985431,2546.310870985431,2431.1510828504115,2461.00732421875,3400,0.0,0.0
2017-05-15 00:00:00+09:00,2333.052121014662,2439.681559817892,2303.195878149758,2422.620849609375,7800,0.0,0.0
2017-05-16 00:00:00+09:00,2422.620849609375,2503.6592230998294,2388.4994291923417,2422.620849609375,4000,0.0,0.0
2017-05-17 00:00:00+09:00,2426.8859055120774,2465.272501557084,2418.3555508354093,2461.00732421875,15200,0.0,0.0
2017-05-18 00:00:00+09:00,2418.3554674444354,2431.1509990182153,2379.968872723095,2392.764404296875,3200,0.0,0.0
2017-05-19 00:00:00+09:00,2367.1735431479033,2384.2342533687893,2345.8476553717965,2371.438720703125,4400,0.0,0.0
2017-05-22 00:00:00+09:00,2371.4386393229165,2371.4386393229165,2354.3779296875,2354.3779296875,2600,0.0,0.0
2017-05-23 00:00:00+09:00,2397.029581488135,2397.029581488135,2384.2340499143547,2392.764404296875,3400,0.0,0.0
2017-05-24 00:00:00+09:00,2379.968953523312,2409.8251948757547,2379.968953523312,2384.234130859375,4800,0.0,0.0
2017-05-25 00:00:00+09:00,2392.7646067444707,2465.2726251306667,2392.7646067444707,2422.620849609375,8200,0.0,0.0
2017-05-26 00:00:00+09:00,2422.620565136204,2426.8857421875,2422.620565136204,2426.8857421875,1000,0.0,0.0
2017-05-29 00:00:00+09:00,2397.0297037760415,2469.5377197265625,2397.0297037760415,2456.7421875,7000,0.0,0.0
2017-05-30 00:00:00+09:00,2443.946534468102,2486.5983064483485,2443.946534468102,2469.53759765625,2200,0.0,0.0
2017-05-31 00:00:00+09:00,2490.8634043600937,2554.8410602940003,2490.8634043600937,2503.658935546875,5800,0.0,0.0
2017-06-01 00:00:00+09:00,2554.84097525595,2559.1061521762435,2486.59814453125,2486.59814453125,6600,0.0,0.0
2017-06-02 00:00:00+09:00,2516.454872964811,2559.106650472689,2516.454872964811,2537.78076171875,10400,0.0,0.0
2017-06-05 00:00:00+09:00,2503.6590580309853,2529.2501216565147,2499.3938807600634,2516.45458984375,3000,0.0,0.0
2017-06-06 00:00:00+09:00,2516.45458984375,2533.5152989274366,2516.45458984375,2516.45458984375,2200,0.0,0.0
2017-06-07 00:00:00+09:00,2516.454630464771,2516.454630464771,2490.863566426146,2512.189453125,1000,0.0,0.0
2017-06-08 00:00:00+09:00,2495.1284581014556,2499.393634952911,2490.86328125,2490.86328125,2000,0.0,0.0
2017-06-09 00:00:00+09:00,2499.393798828125,2499.393798828125,2490.863444565913,2499.393798828125,1200,0.0,0.0
2017-06-12 00:00:00+09:00,2469.5377993197053,2524.985107421875,2469.5377993197053,2524.985107421875,2000,0.0,0.0
2017-06-13 00:00:00+09:00,2524.984822934233,2533.515177065767,2524.984822934233,2529.25,1200,0.0,0.0
2017-06-14 00:00:00+09:00,2524.9852284663866,2542.045939469538,2524.9852284663866,2537.78076171875,2400,0.0,0.0
2017-06-15 00:00:00+09:00,2550.5760904947915,2550.5760904947915,2507.92431640625,2507.92431640625,2600,0.0,0.0
2017-06-16 00:00:00+09:00,2524.9849443855933,2533.5152989274366,2495.128703489142,2516.45458984375,2800,0.0,0.0
2017-06-19 00:00:00+09:00,2516.454507352549,2516.454507352549,2486.598267434807,2499.393798828125,3600,0.0,0.0
2017-06-20 00:00:00+09:00,2478.067952052299,2478.067952052299,2461.0072432602005,2469.53759765625,6800,0.0,0.0
2017-06-21 00:00:00+09:00,2469.53759765625,2469.53759765625,2469.53759765625,2469.53759765625,0,0.0,0.0
2017-06-22 00:00:00+09:00,2461.00699614147,2469.5373496809557,2439.6811122927575,2443.9462890625,3400,0.0,0.0
2017-06-23 00:00:00+09:00,2443.946329183512,2443.946329183512,2431.1507986642264,2439.68115234375,2800,0.0,0.0
2017-06-26 00:00:00+09:00,2439.681722861842,2439.681722861842,2431.1513671875,2431.1513671875,2000,0.0,0.0
2017-06-27 00:00:00+09:00,2456.7418193717276,2456.7418193717276,2435.415935523015,2443.9462890625,3800,0.0,0.0
2017-06-28 00:00:00+09:00,2443.946329183512,2465.272213382321,2439.68115234375,2439.68115234375,5000,0.0,0.0
2017-06-29 00:00:00+09:00,2431.1509254884477,2503.658935546875,2409.8250401771456,2503.658935546875,5400,0.0,0.0
2017-06-30 00:00:00+09:00,2478.067992741674,2478.067992741674,2456.7421064013843,2465.2724609375,2600,0.0,0.0
2017-07-03 00:00:00+09:00,2495.12890625,2503.659261485043,2465.27266292735,2495.12890625,3200,0.0,0.0
2017-07-04 00:00:00+09:00,2495.1290709713858,2495.1290709713858,2469.538003576807,2478.068359375,2600,0.0,0.0
2017-07-05 00:00:00+09:00,2478.068359375,2478.068359375,2478.068359375,2478.068359375,0,0.0,0.0
2017-07-06 00:00:00+09:00,2478.0677906906626,2490.863321451544,2465.2722599297813,2486.59814453125,2800,0.0,0.0
2017-07-07 00:00:00+09:00,2486.59814453125,2486.59814453125,2486.59814453125,2486.59814453125,0,0.0,0.0
2017-07-10 00:00:00+09:00,2486.59814453125,2486.59814453125,2486.59814453125,2486.59814453125,0,0.0,0.0
2017-07-11 00:00:00+09:00,2512.1891655072773,2529.2498729130994,2443.94633588399,2490.86328125,6000,0.0,0.0
2017-07-12 00:00:00+09:00,2512.189128843459,2520.719482421875,2482.3328913190035,2520.719482421875,2600,0.0,0.0
2017-07-13 00:00:00+09:00,2520.719929875554,2542.045817607158,2512.1895747829126,2524.985107421875,4200,0.0,0.0
2017-07-14 00:00:00+09:00,2546.3109536401817,2559.106486070534,2537.7805986866133,2554.84130859375,6000,0.0,0.0
2017-07-17 00:00:00+09:00,2554.84130859375,2554.84130859375,2554.84130859375,2554.84130859375,0,0.0,0.0
2017-07-18 00:00:00+09:00,2554.84130859375,2554.84130859375,2542.0457761633975,2554.84130859375,18600,0.0,0.0
2017-07-19 00:00:00+09:00,2554.84130859375,2554.84130859375,2554.84130859375,2554.84130859375,0,0.0,0.0
2017-07-20 00:00:00+09:00,2554.84130859375,2563.3716635473183,2542.0457761633975,2554.84130859375,17800,0.0,0.0
2017-07-21 00:00:00+09:00,2559.106486070534,2567.6368410241025,2542.0457761633975,2554.84130859375,6400,0.0,0.0
2017-07-24 00:00:00+09:00,2559.1066484245007,2563.371826171875,2546.311115182378,2563.371826171875,7000,0.0,0.0
2017-07-25 00:00:00+09:00,2623.0841064453125,2627.3492838541665,2559.1064453125,2584.697509765625,27200,0.0,0.0
2017-07-26 00:00:00+09:00,2584.6973079800023,2631.6142558146225,2584.6973079800023,2606.023193359375,17400,0.0,0.0
2017-07-27 00:00:00+09:00,2627.349161585366,2627.349161585366,2606.0232755335364,2623.083984375,11000,0.0,0.0
2017-07-28 00:00:00+09:00,2635.8793142011086,2644.40966796875,2584.697191595262,2644.40966796875,11600,0.0,0.0
2017-07-31 00:00:00+09:00,2640.144696710234,2699.857177734375,2640.144696710234,2699.857177734375,4600,0.0,0.0
2017-08-01 00:00:00+09:00,2699.8574628226365,2704.122640489023,2644.4101531596125,2695.59228515625,5000,0.0,0.0
2017-08-02 00:00:00+09:00,2695.592081641244,2699.857258985613,2682.796549608137,2691.326904296875,2600,0.0,0.0
2017-08-03 00:00:00+09:00,2691.326985420768,2716.9180502583663,2687.061807947835,2708.3876953125,4400,0.0,0.0
2017-08-04 00:00:00+09:00,2708.3876953125,2708.3876953125,2708.3876953125,2708.3876953125,3000,0.0,0.0
2017-08-07 00:00:00+09:00,2729.7133027522937,2836.342728641055,2729.7133027522937,2789.42578125,18000,0.0,0.0
2017-08-08 00:00:00+09:00,2789.425943509615,2789.425943509615,2768.100057091346,2772.365234375,12400,0.0,0.0
2017-08-09 00:00:00+09:00,2797.956177683991,2810.751708984375,2759.5695837828384,2810.751708984375,14200,0.0,0.0
2017-08-10 00:00:00+09:00,2776.6302903366673,2823.547238406872,2772.365113239376,2785.16064453125,14200,0.0,0.0
2017-08-11 00:00:00+09:00,2785.16064453125,2785.16064453125,2785.16064453125,2785.16064453125,0,0.0,0.0
2017-08-14 00:00:00+09:00,2827.812503226528,2925.911579507388,2827.812503226528,2904.585693359375,18400,0.0,0.0
2017-08-15 00:00:00+09:00,2942.9722444904387,2942.9722444904387,2840.607992508162,2857.668701171875,17000,0.0,0.0
2017-08-16 00:00:00+09:00,2840.6081946837744,2883.259969378726,2840.6081946837744,2861.93408203125,2400,0.0,0.0
2017-08-17 00:00:00+09:00,2844.8734556340373,2844.8734556340373,2802.2216796875,2802.2216796875,5600,0.0,0.0
2017-08-18 00:00:00+09:00,2802.2214753605767,2802.2214753605767,2772.365234375,2772.365234375,7600,0.0,0.0
2017-08-21 00:00:00+09:00,2772.3650731077983,2797.956135321101,2772.3650731077983,2789.42578125,3000,0.0,0.0
2017-08-22 00:00:00+09:00,2793.691202799479,2853.4036865234375,2780.8956705729165,2815.01708984375,5800,0.0,0.0
2017-08-23 00:00:00+09:00,2806.486693386713,2806.486693386713,2725.448323820835,2742.509033203125,4800,0.0,0.0
2017-08-24 00:00:00+09:00,2704.1223572250483,2751.039306640625,2704.1223572250483,2751.039306640625,2200,0.0,0.0
2017-08-25 00:00:00+09:00,2742.5089148431566,2849.138343880604,2742.5089148431566,2806.486572265625,5800,0.0,0.0
2017-08-28 00:00:00+09:00,2806.4867350260415,2815.01708984375,2806.4867350260415,2815.01708984375,400,0.0,0.0
2017-08-29 00:00:00+09:00,2776.630292183351,2810.751708984375,2776.630292183351,2810.751708984375,800,0.0,0.0
2017-08-30 00:00:00+09:00,2810.751708984375,2810.751708984375,2810.751708984375,2810.751708984375,200,0.0,0.0
2017-08-31 00:00:00+09:00,2806.4864143782747,2849.13818359375,2806.4864143782747,2849.13818359375,1000,0.0,0.0
2017-09-01 00:00:00+09:00,2853.4035655381945,2883.259806134259,2840.6080338541665,2878.99462890625,6000,0.0,0.0
2017-09-04 00:00:00+09:00,2891.790324317716,2896.055501787211,2857.668904561755,2861.93408203125,9000,0.0,0.0
2017-09-05 00:00:00+09:00,2853.403519519268,2853.403519519268,2772.365153494057,2780.8955078125,7200,0.0,0.0
2017-09-06 00:00:00+09:00,2738.2440587393244,2746.7744140625,2738.2440587393244,2746.7744140625,1000,0.0,0.0
2017-09-07 00:00:00+09:00,2763.8349609375,2763.8349609375,2763.8349609375,2763.8349609375,600,0.0,0.0
2017-09-08 00:00:00+09:00,2763.834719036697,2789.42578125,2733.978479787844,2789.42578125,3000,0.0,0.0
2017-09-11 00:00:00+09:00,2755.3045252403845,2780.8955889423078,2755.3045252403845,2772.365234375,4400,0.0,0.0
2017-09-12 00:00:00+09:00,2810.75203268054,2853.40380859375,2789.426144723935,2853.40380859375,6600,0.0,0.0
2017-09-13 00:00:00+09:00,2883.2596827915736,2883.2596827915736,2866.198974609375,2866.198974609375,2600,0.0,0.0
2017-09-14 00:00:00+09:00,2896.055501063781,2913.1162109375,2896.055501063781,2913.1162109375,600,0.0,0.0
2017-09-15 00:00:00+09:00,2921.6463615887324,2921.6463615887324,2849.1383496952894,2908.850830078125,10200,0.0,0.0
2017-09-18 00:00:00+09:00,2908.850830078125,2908.850830078125,2908.850830078125,2908.850830078125,0,0.0,0.0
2017-09-19 00:00:00+09:00,2942.9725347127455,2942.9725347127455,2904.5859364338835,2930.177001953125,3000,0.0,0.0
2017-09-20 00:00:00+09:00,2930.176677022859,2938.70703125,2891.7900830007256,2938.70703125,2600,0.0,0.0
2017-09-21 00:00:00+09:00,2925.911376953125,2942.9720846904606,2891.789961478453,2925.911376953125,7800,0.0,0.0
2017-09-22 00:00:00+09:00,2883.259888229927,2942.9723711222628,2857.6688241332117,2921.646484375,7200,0.0,0.0
2017-09-25 00:00:00+09:00,2904.5854922814547,2925.911376953125,2904.5854922814547,2925.911376953125,2600,0.0,0.0
2017-09-26 00:00:00+09:00,2921.646443086512,2921.646443086512,2900.320556640625,2900.320556640625,4200,0.0,0.0
2017-09-27 00:00:00+09:00,2887.525105794271,2891.790283203125,2887.525105794271,2891.790283203125,1600,0.0,0.0
2017-09-28 00:00:00+09:00,2878.99462890625,2878.99462890625,2878.99462890625,2878.99462890625,200,0.0,0.0
2017-09-29 00:00:00+09:00,2870.464396158854,2930.1768798828125,2870.464396158854,2917.38134765625,8000,0.0,0.0
2017-10-02 00:00:00+09:00,2917.381023084457,2925.911376953125,2917.381023084457,2925.911376953125,1400,0.0,0.0
2017-10-03 00:00:00+09:00,2917.38134765625,2968.5634765625,2913.116170247396,2968.5634765625,9400,0.0,0.0
2017-10-04 00:00:00+09:00,2981.3590907555836,3028.2760435428672,2960.033203125,2960.033203125,7200,0.0,0.0
2017-10-05 00:00:00+09:00,2960.032755005411,2960.032755005411,2955.767578125,2955.767578125,4200,0.0,0.0
2017-10-06 00:00:00+09:00,2960.032755005411,2964.2979318858224,2955.767578125,2955.767578125,1600,0.0,0.0
2017-10-09 00:00:00+09:00,2955.767578125,2955.767578125,2955.767578125,2955.767578125,0,0.0,0.0
2017-10-10 00:00:00+09:00,2955.7679443359375,2968.5634765625,2947.237589518229,2968.5634765625,3800,0.0,0.0
2017-10-11 00:00:00+09:00,2972.828855685455,2998.419921875,2964.2985002889404,2998.419921875,3600,0.0,0.0
2017-10-12 00:00:00+09:00,2994.154377790179,2994.154377790179,2981.358846261161,2985.6240234375,17600,0.0,0.0
2017-10-13 00:00:00+09:00,2985.623942752849,2994.154296875,2985.623942752849,2994.154296875,3200,0.0,0.0
2017-10-16 00:00:00+09:00,3006.9499924350794,3028.27587890625,3002.684815140845,3028.27587890625,6400,0.0,0.0
2017-10-17 00:00:00+09:00,3028.2760414380705,3092.2537042853537,3015.480508868614,3036.806396484375,13000,0.0,0.0
2017-10-18 00:00:00+09:00,3036.806396484375,3036.806396484375,3036.806396484375,3036.806396484375,0,0.0,0.0
2017-10-19 00:00:00+09:00,3011.21496702552,3024.010498046875,2985.6239049828105,3024.010498046875,5800,0.0,0.0
2017-10-20 00:00:00+09:00,2994.154460552377,3028.27587890625,2994.154460552377,3028.27587890625,11400,0.0,0.0
2017-10-23 00:00:00+09:00,3028.27587890625,3028.27587890625,3028.27587890625,3028.27587890625,2800,0.0,0.0
2017-10-24 00:00:00+09:00,3028.27587890625,3028.27587890625,2994.154460552377,3028.27587890625,3400,0.0,0.0
2017-10-25 00:00:00+09:00,3028.276165762802,3036.806521159317,2998.419921875,2998.419921875,5800,0.0,0.0
2017-10-26 00:00:00+09:00,2994.1541700487014,2998.4193469291126,2947.2372243641776,2955.767578125,6800,0.0,0.0
2017-10-27 00:00:00+09:00,2972.82873570335,2972.82873570335,2942.972493020533,2960.033203125,1400,0.0,0.0
2017-10-30 00:00:00+09:00,2960.033203125,2960.033203125,2960.033203125,2960.033203125,0,0.0,0.0
2017-10-31 00:00:00+09:00,3028.2760832225176,3028.2760832225176,3006.9501953125,3006.9501953125,600,0.0,0.0
2017-11-01 00:00:00+09:00,3024.010701612016,3045.3365880831866,3011.2151697293134,3028.27587890625,9200,0.0,0.0
2017-11-02 00:00:00+09:00,3045.3365880831866,3049.6017653774206,3019.7455243177815,3028.27587890625,10200,0.0,0.0
2017-11-03 00:00:00+09:00,3028.27587890625,3028.27587890625,3028.27587890625,3028.27587890625,0,0.0,0.0
2017-11-06 00:00:00+09:00,3045.336547336498,3045.336547336498,3006.949952202004,3032.541015625,8800,0.0,0.0
2017-11-07 00:00:00+09:00,3041.0714114737907,3070.9276525401533,3041.0714114737907,3053.866943359375,9200,0.0,0.0
2017-11-08 00:00:00+09:00,3053.866781955295,3070.927490234375,3028.2757195366753,3070.927490234375,2800,0.0,0.0
2017-11-09 00:00:00+09:00,3070.9276525401533,3070.9276525401533,3019.7455249978175,3053.866943359375,16600,0.0,0.0
2017-11-10 00:00:00+09:00,3053.8669890797123,3582.7489816018974,3053.8669890797123,3484.64990234375,41800,0.0,0.0
2017-11-13 00:00:00+09:00,4124.426273309617,4124.426273309617,3467.5889971051897,3582.748779296875,26600,0.0,0.0
2017-11-14 00:00:00+09:00,3646.7264695515296,3646.7264695515296,3450.5283203125,3450.5283203125,8400,0.0,0.0
2017-11-15 00:00:00+09:00,3476.11933887453,3476.11933887453,3369.489911301692,3403.611328125,10600,0.0,0.0
2017-11-16 00:00:00+09:00,3420.6723586856615,3625.40087890625,3420.6723586856615,3625.40087890625,4600,0.0,0.0
2017-11-17 00:00:00+09:00,3689.378744149678,3787.477832144409,3629.666255805059,3680.848388671875,14000,0.0,0.0
2017-11-20 00:00:00+09:00,3540.0969662238026,3561.4228515625,3540.0969662238026,3561.4228515625,600,0.0,0.0
2017-11-21 00:00:00+09:00,3561.4228515625,3561.4228515625,3561.4228515625,3561.4228515625,0,0.0,0.0
2017-11-22 00:00:00+09:00,3561.422974215487,3625.400632434927,3561.422974215487,3574.218505859375,6000,0.0,0.0
2017-11-23 00:00:00+09:00,3574.218505859375,3574.218505859375,3574.218505859375,3574.218505859375,0,0.0,0.0
2017-11-24 00:00:00+09:00,3591.279254569043,3616.870318140794,3544.3623046875,3544.3623046875,12800,0.0,0.0
2017-11-27 00:00:00+09:00,3544.3621008447853,3646.7263492446345,3540.096923828125,3540.096923828125,6600,0.0,0.0
2017-11-28 00:00:00+09:00,3531.5667720170454,3531.5667720170454,3518.771240234375,3518.771240234375,2200,0.0,0.0
2017-11-29 00:00:00+09:00,3540.096923828125,3578.4835169780686,3514.5058617281625,3540.096923828125,6000,0.0,0.0
2017-11-30 00:00:00+09:00,3599.8098116597544,3727.76513671875,3540.0973266322226,3727.76513671875,8600,0.0,0.0
2017-12-01 00:00:00+09:00,3727.7651767144835,3791.742839930407,3727.7651767144835,3749.091064453125,4800,0.0,0.0
2017-12-04 00:00:00+09:00,3685.1127601197263,3796.0073570677737,3685.1127601197263,3740.56005859375,4400,0.0,0.0
2017-12-05 00:00:00+09:00,3714.9694412619083,3774.6819236702513,3604.0748310749855,3693.6435546875,11200,0.0,0.0
2017-12-06 00:00:00+09:00,3629.666093116734,3770.416952191766,3595.544672734908,3749.091064453125,4600,0.0,0.0
2017-12-07 00:00:00+09:00,3714.968942110656,3714.968942110656,3633.9305840163934,3642.4609375,1600,0.0,0.0
2017-12-08 00:00:00+09:00,3642.4609375,3642.4609375,3642.4609375,3642.4609375,0,0.0,0.0
2017-12-11 00:00:00+09:00,3706.4389662388394,3753.3559151785716,3685.113080357143,3732.030029296875,8400,0.0,0.0
2017-12-12 00:00:00+09:00,3808.802924916936,3808.802924916936,3710.703857421875,3710.703857421875,4400,0.0,0.0
2017-12-13 00:00:00+09:00,3659.5222989430144,3659.5222989430144,3569.953571346507,3625.40087890625,3600,0.0,0.0
2017-12-14 00:00:00+09:00,3625.400677849265,3710.704223210424,3625.400677849265,3697.90869140625,2400,0.0,0.0
2017-12-15 00:00:00+09:00,3625.400464161333,3668.0522343279367,3540.096923828125,3540.096923828125,7200,0.0,0.0
2017-12-18 00:00:00+09:00,3540.097046631153,3582.748818277311,3540.097046631153,3552.892578125,2800,0.0,0.0
2017-12-19 00:00:00+09:00,3552.8925377276305,3599.8094860049464,3552.8925377276305,3557.15771484375,2600,0.0,0.0
2017-12-20 00:00:00+09:00,3569.9532882454,3578.483642578125,3569.9532882454,3578.483642578125,600,0.0,0.0
2017-12-21 00:00:00+09:00,3633.931072279157,3732.0301505214347,3578.483767185696,3693.6435546875,4400,0.0,0.0
2017-12-22 00:00:00+09:00,3693.6435546875,3723.4997958916715,3625.4007176493938,3693.6435546875,2600,0.0,0.0
2017-12-25 00:00:00+09:00,3706.43896484375,3706.43896484375,3706.43896484375,3706.43896484375,200,0.0,0.0
2017-12-26 00:00:00+09:00,3706.43896484375,3706.43896484375,3706.43896484375,3706.43896484375,0,0.0,0.0
2017-12-27 00:00:00+09:00,3689.3785397577944,3702.174072265625,3668.0526522447435,3702.174072265625,2000,0.0,0.0
2017-12-28 00:00:00+09:00,3668.052734375,3668.052734375,3668.052734375,3668.052734375,1400,0.0,0.0
2017-12-29 00:00:00+09:00,3672.317626953125,3676.5828042202015,3668.052449686048,3672.317626953125,2600,0.0,0.0
2018-01-01 00:00:00+09:00,3672.317626953125,3672.317626953125,3672.317626953125,3672.317626953125,0,0.0,0.0
2018-01-02 00:00:00+09:00,3672.317626953125,3672.317626953125,3672.317626953125,3672.317626953125,0,0.0,0.0
2018-01-03 00:00:00+09:00,3672.317626953125,3672.317626953125,3672.317626953125,3672.317626953125,0,0.0,0.0
2018-01-04 00:00:00+09:00,3736.2955318099403,3787.4776623826792,3723.4999991667555,3749.091064453125,4200,0.0,0.0
2018-01-05 00:00:00+09:00,3732.0303136652165,3766.15173367587,3702.174071155895,3753.356201171875,5600,0.0,0.0
2018-01-08 00:00:00+09:00,3753.356201171875,3753.356201171875,3753.356201171875,3753.356201171875,0,0.0,0.0
2018-01-09 00:00:00+09:00,3753.356242000853,3800.273195025864,3710.7044665235708,3749.091064453125,15800,0.0,0.0
2018-01-10 00:00:00+09:00,3757.6209727843966,3813.0682743124294,3757.6209727843966,3770.41650390625,9800,0.0,0.0
2018-01-11 00:00:00+09:00,3749.090902420129,3817.333740234375,3740.560547693349,3817.333740234375,8400,0.0,0.0
2018-01-12 00:00:00+09:00,3770.416789237081,3817.333740234375,3770.416789237081,3817.333740234375,3400,0.0,0.0
2018-01-15 00:00:00+09:00,3796.0079761851916,3796.0079761851916,3753.356201171875,3753.356201171875,2800,0.0,0.0
2018-01-16 00:00:00+09:00,3697.908894763015,3766.1517348047773,3697.908894763015,3702.174072265625,6400,0.0,0.0
2018-01-17 00:00:00+09:00,3761.8860265101803,3761.8860265101803,3757.620849609375,3757.620849609375,800,0.0,0.0
2018-01-18 00:00:00+09:00,3757.620849609375,3757.620849609375,3757.620849609375,3757.620849609375,0,0.0,0.0
2018-01-19 00:00:00+09:00,3753.3557043938513,3753.3557043938513,3676.58251953125,3676.58251953125,5600,0.0,0.0
2018-01-22 00:00:00+09:00,3710.704548920063,3732.0304371322477,3710.704548920063,3714.9697265625,5600,0.0,0.0
2018-01-23 00:00:00+09:00,3714.9697265625,3714.9697265625,3714.9697265625,3714.9697265625,0,0.0,0.0
2018-01-24 00:00:00+09:00,3714.969034269486,3744.825272202766,3676.582442640984,3710.703857421875,5200,0.0,0.0
2018-01-25 00:00:00+09:00,3710.704427270845,3719.2347822760653,3702.174072265625,3702.174072265625,2000,0.0,0.0
2018-01-26 00:00:00+09:00,3710.7039350257396,3753.3557043938513,3676.58251953125,3676.58251953125,4600,0.0,0.0
2018-01-29 00:00:00+09:00,3676.58251953125,3676.58251953125,3676.58251953125,3676.58251953125,0,0.0,0.0
2018-01-30 00:00:00+09:00,3710.704222356816,3744.8256404934305,3672.317626953125,3672.317626953125,1600,0.0,0.0
2018-01-31 00:00:00+09:00,3685.1134447674417,3732.030398346657,3633.931313590116,3668.052734375,3800,0.0,0.0
2018-02-01 00:00:00+09:00,3650.9918214311697,3663.7873535156245,3646.726644069685,3663.787353515625,800,0.0,0.0
2018-02-02 00:00:00+09:00,3685.1135664107765,3697.909099627481,3663.7876777162696,3680.848388671875,3800,0.0,0.0
2018-02-05 00:00:00+09:00,3680.8482671693314,3697.908977561773,3625.4009583938955,3668.052734375,1600,0.0,0.0
2018-02-06 00:00:00+09:00,3348.1639043460104,3523.036159222681,3348.1639043460104,3390.815673828125,5600,0.0,0.0
2018-02-07 00:00:00+09:00,3416.406863064236,3514.5059365354937,3416.406863064236,3454.79345703125,2400,0.0,0.0
2018-02-08 00:00:00+09:00,3518.771240234375,3578.4837218868374,3454.793581321023,3518.771240234375,12600,0.0,0.0
2018-02-09 00:00:00+09:00,3480.384681353109,3480.384681353109,3360.959716796875,3360.959716796875,2200,0.0,0.0
2018-02-12 00:00:00+09:00,3360.959716796875,3360.959716796875,3360.959716796875,3360.959716796875,0,0.0,0.0
2018-02-13 00:00:00+09:00,3527.3015891729046,3527.3015891729046,3326.8382582283743,3365.224853515625,14200,0.0,0.0
2018-02-14 00:00:00+09:00,3386.55073978632,3395.0810942945973,3331.1034354825133,3365.224853515625,12600,0.0,0.0
2018-02-15 00:00:00+09:00,3390.8159995526635,3433.467773131942,3365.224935405096,3407.876708984375,8400,0.0,0.0
2018-02-16 00:00:00+09:00,3497.445353041056,3497.445353041056,3463.323934962607,3493.18017578125,600,0.0,0.0
2018-02-19 00:00:00+09:00,3518.7711172730383,3518.7711172730383,3493.1800546019613,3505.9755859375,1000,0.0,0.0
2018-02-20 00:00:00+09:00,3505.975545593484,3510.24072265625,3471.8541290913577,3510.24072265625,1400,0.0,0.0
2018-02-21 00:00:00+09:00,3514.505899719016,3552.892493283908,3510.24072265625,3510.24072265625,3400,0.0,0.0
2018-02-22 00:00:00+09:00,3480.3847249847,3518.771321216149,3480.3847249847,3484.64990234375,1400,0.0,0.0
2018-02-23 00:00:00+09:00,3484.6498623449825,3514.506103515625,3484.6498623449825,3514.506103515625,600,0.0,0.0
2018-02-26 00:00:00+09:00,3514.506103515625,3514.506103515625,3514.506103515625,3514.506103515625,0,0.0,0.0
2018-02-27 00:00:00+09:00,3514.506103515625,3514.506103515625,3514.506103515625,3514.506103515625,200,0.0,0.0
2018-02-28 00:00:00+09:00,3514.506062973485,3518.771240234375,3497.4453539299243,3518.771240234375,2200,0.0,0.0
2018-03-01 00:00:00+09:00,3518.771240234375,3518.771240234375,3518.771240234375,3518.771240234375,1000,0.0,0.0
2018-03-02 00:00:00+09:00,3476.119384765625,3476.119384765625,3476.119384765625,3476.119384765625,600,0.0,0.0
2018-03-05 00:00:00+09:00,3412.141763505025,3488.914953183888,3360.9596370524496,3395.0810546875,5400,0.0,0.0
2018-03-06 00:00:00+09:00,3497.445313682279,3557.1577946475863,3420.6721238697414,3523.036376953125,3400,0.0,0.0
2018-03-07 00:00:00+09:00,3497.445229923024,3587.0139492259304,3480.384521484375,3480.384521484375,2400,0.0,0.0
2018-03-08 00:00:00+09:00,3480.384724378882,3497.445433812112,3433.4677734375,3433.4677734375,5600,0.0,0.0
2018-03-09 00:00:00+09:00,3433.467387724205,3604.074462890625,3429.202210845044,3604.074462890625,5000,0.0,0.0
2018-03-12 00:00:00+09:00,3655.2569985071073,3702.1739494797775,3595.544515450982,3638.1962890625,5800,0.0,0.0
2018-03-13 00:00:00+09:00,3646.7269667606643,3719.2349883219877,3646.7269667606643,3680.848388671875,2000,0.0,0.0
2018-03-14 00:00:00+09:00,3680.8477653779178,3680.8477653779178,3493.1799766448607,3540.096923828125,13200,0.0,0.0
2018-03-15 00:00:00+09:00,3518.771322950249,3642.461466423652,3518.771322950249,3638.1962890625,5000,0.0,0.0
2018-03-16 00:00:00+09:00,3642.4613852339185,3646.7265625,3544.3623081140354,3646.7265625,6200,0.0,0.0
2018-03-19 00:00:00+09:00,3646.7268463844475,3732.030398346657,3646.7268463844475,3668.052734375,3800,0.0,0.0
2018-03-20 00:00:00+09:00,3625.4006744420967,3638.1962062342454,3595.54443359375,3595.54443359375,2200,0.0,0.0
2018-03-21 00:00:00+09:00,3595.54443359375,3595.54443359375,3595.54443359375,3595.54443359375,0,0.0,0.0
2018-03-22 00:00:00+09:00,3561.4232163373163,3655.257121438419,3540.097328814338,3625.40087890625,3600,0.0,0.0
2018-03-23 00:00:00+09:00,3578.483600424348,3668.05231986286,3454.7934640568797,3557.15771484375,7800,0.0,0.0
2018-03-26 00:00:00+09:00,3535.8317468114647,3561.4228089114267,3463.323737528238,3540.096923828125,3000,0.0,0.0
2018-03-27 00:00:00+09:00,3569.9530478573406,3625.4003472864274,3569.9530478573406,3604.074462890625,600,0.0,0.0
2018-03-28 00:00:00+09:00,3621.4435233105823,3621.4435233105823,3608.416748046875,3608.416748046875,600,75.0,0.0
2018-03-29 00:00:00+09:00,3578.021134241616,3599.732427531917,3560.652099609375,3560.652099609375,1000,0.0,0.0
2018-03-30 00:00:00+09:00,3530.2562890029535,3560.652099609375,3530.2562890029535,3560.652099609375,800,0.0,0.0
2018-04-02 00:00:00+09:00,3495.5179563922648,3560.651831356096,3495.5179563922648,3517.229248046875,2000,0.0,0.0
2018-04-03 00:00:00+09:00,3517.229248046875,3517.229248046875,3517.229248046875,3517.229248046875,200,0.0,0.0
2018-04-04 00:00:00+09:00,3473.8068581821026,3473.8068581821026,3460.7800824639194,3469.464599609375,3400,0.0,0.0
2018-04-05 00:00:00+09:00,3469.4649662868233,3469.4649662868233,3408.67333984375,3408.67333984375,3200,0.0,0.0
2018-04-06 00:00:00+09:00,3447.753671128583,3447.753671128583,3408.67333984375,3408.67333984375,1800,0.0,0.0
2018-04-09 00:00:00+09:00,3395.646099277712,3473.806751179245,3395.646099277712,3452.095458984375,3200,0.0,0.0
2018-04-10 00:00:00+09:00,3343.539332922949,3439.069028149319,3330.512556301171,3347.881591796875,13600,0.0,0.0
2018-04-11 00:00:00+09:00,3339.197074049023,3404.3309571579116,3339.197074049023,3347.881591796875,8000,0.0,0.0
2018-04-12 00:00:00+09:00,3373.9345712661743,3373.9345712661743,3295.7739248275757,3334.854248046875,8000,0.0,0.0
2018-04-13 00:00:00+09:00,3321.827801081139,3330.512318208149,3274.062956882587,3308.801025390625,17400,0.0,0.0
2018-04-16 00:00:00+09:00,3321.827801081139,3352.2236110256727,3304.45876682712,3308.801025390625,20000,0.0,0.0
2018-04-17 00:00:00+09:00,3278.4053857421873,3308.801197265625,3252.3518330078123,3256.694091796875,9400,0.0,0.0
2018-04-18 00:00:00+09:00,3265.378341427365,3282.7473751583616,3200.2444649361273,3213.271240234375,13200,0.0,0.0
2018-04-19 00:00:00+09:00,3213.2712102063833,3248.00927734375,3213.2712102063833,3248.00927734375,6000,0.0,0.0
2018-04-20 00:00:00+09:00,3230.6402171184736,3243.6669921875,3213.2711836931057,3243.6669921875,3600,0.0,0.0
2018-04-23 00:00:00+09:00,3243.667049263619,3243.667049263619,3213.271240234375,3213.271240234375,1800,0.0,0.0
2018-04-24 00:00:00+09:00,3226.298122282951,3230.640380859375,3226.298122282951,3230.640380859375,400,0.0,0.0
2018-04-25 00:00:00+09:00,3248.0093040720963,3252.3515625,3226.2980119325766,3252.3515625,7000,0.0,0.0
2018-04-26 00:00:00+09:00,3230.6405723551215,3230.6405723551215,3221.9560546875,3221.9560546875,1200,0.0,0.0
2018-04-27 00:00:00+09:00,3248.00927734375,3248.00927734375,3200.244435029871,3248.00927734375,3200,0.0,0.0
2018-04-30 00:00:00+09:00,3248.00927734375,3248.00927734375,3248.00927734375,3248.00927734375,0,0.0,0.0
2018-05-01 00:00:00+09:00,3213.2717024166946,3243.6675158179337,3208.929443359375,3208.929443359375,3600,0.0,0.0
2018-05-02 00:00:00+09:00,3208.9289253367638,3243.6669921875,3208.9289253367638,3243.6669921875,8000,0.0,0.0
2018-05-03 00:00:00+09:00,3243.6669921875,3243.6669921875,3243.6669921875,3243.6669921875,0,0.0,0.0
2018-05-04 00:00:00+09:00,3243.6669921875,3243.6669921875,3243.6669921875,3243.6669921875,0,0.0,0.0
2018-05-07 00:00:00+09:00,3243.667045644192,3252.3515625,3234.9825287883846,3252.3515625,3600,0.0,0.0
2018-05-08 00:00:00+09:00,3234.9827978515623,3278.4053857421873,3234.9827978515623,3256.694091796875,9400,0.0,0.0
2018-05-09 00:00:00+09:00,3256.694091796875,3256.694091796875,3256.694091796875,3256.694091796875,0,0.0,0.0
2018-05-10 00:00:00+09:00,3300.116477272727,3373.934872159091,3300.116477272727,3343.5390625,2200,0.0,0.0
2018-05-11 00:00:00+09:00,3352.22360151242,3408.6729626777847,3352.22360151242,3386.961669921875,3800,0.0,0.0
2018-05-14 00:00:00+09:00,3556.3097120715724,3556.3097120715724,3473.8068005583127,3499.8603515625,4600,0.0,0.0
2018-05-15 00:00:00+09:00,3386.9621061114235,3430.384697215416,3365.250810559427,3378.277587890625,10400,0.0,0.0
2018-05-16 00:00:00+09:00,3360.908447265625,3391.3042600961926,3352.223929314034,3360.908447265625,3800,0.0,0.0
2018-05-17 00:00:00+09:00,3360.908447265625,3360.908447265625,3360.908447265625,3360.908447265625,0,0.0,0.0
2018-05-18 00:00:00+09:00,3252.3517622227823,3378.2772643649196,3252.3517622227823,3365.25048828125,4800,0.0,0.0
2018-05-21 00:00:00+09:00,3365.250355113636,3365.250355113636,3343.5390625,3343.5390625,1600,0.0,0.0
2018-05-22 00:00:00+09:00,3304.458991842067,3321.828027278819,3248.0096266726227,3265.378662109375,11200,0.0,0.0
2018-05-23 00:00:00+09:00,3256.6938743134156,3291.431942306092,3256.6938743134156,3261.0361328125,8000,0.0,0.0
2018-05-24 00:00:00+09:00,3295.7744741236907,3295.7744741236907,3252.3518855318107,3265.378662109375,7200,0.0,0.0
2018-05-25 00:00:00+09:00,3256.6938743134156,3278.405166808838,3252.351615814331,3261.0361328125,18600,0.0,0.0
2018-05-28 00:00:00+09:00,3261.0361328125,3261.0361328125,3261.0361328125,3261.0361328125,0,0.0,0.0
2018-05-29 00:00:00+09:00,3295.774162380852,3386.961589798504,3295.774162380852,3373.934814453125,6400,0.0,0.0
2018-05-30 00:00:00+09:00,3343.5390625,3343.5390625,3343.5390625,3343.5390625,200,0.0,0.0
2018-05-31 00:00:00+09:00,3343.5390625,3343.5390625,3343.5390625,3343.5390625,0,0.0,0.0
2018-06-01 00:00:00+09:00,3352.2238170932287,3382.61962890625,3352.2238170932287,3382.61962890625,600,0.0,0.0
2018-06-04 00:00:00+09:00,3421.699462890625,3421.699462890625,3421.699462890625,3421.699462890625,400,0.0,0.0
2018-06-05 00:00:00+09:00,3421.699462890625,3421.699462890625,3421.699462890625,3421.699462890625,200,0.0,0.0
2018-06-06 00:00:00+09:00,3430.38427734375,3430.38427734375,3430.38427734375,3430.38427734375,400,0.0,0.0
2018-06-07 00:00:00+09:00,3439.0687848081684,3508.544921875,3426.0420091081373,3508.544921875,3000,0.0,0.0
2018-06-08 00:00:00+09:00,3491.1756980613427,3517.229248046875,3486.8334397304207,3517.229248046875,10800,0.0,0.0
2018-06-11 00:00:00+09:00,3486.8334397304207,3517.229248046875,3486.8334397304207,3517.229248046875,3000,0.0,0.0
2018-06-12 00:00:00+09:00,3499.8604312326174,3512.88720703125,3499.8604312326174,3512.88720703125,1200,0.0,0.0
2018-06-13 00:00:00+09:00,3491.1760517760094,3495.518310546875,3491.1760517760094,3495.518310546875,1200,0.0,0.0
2018-06-14 00:00:00+09:00,3508.545086859472,3512.887345630338,3486.833793005144,3495.518310546875,2200,0.0,0.0
2018-06-15 00:00:00+09:00,3508.5450337601183,3508.5450337601183,3486.833740234375,3486.833740234375,3600,0.0,0.0
2018-06-18 00:00:00+09:00,3486.833845514347,3504.202880859375,3486.833845514347,3504.202880859375,1400,0.0,0.0
2018-06-19 00:00:00+09:00,3508.5450337601183,3508.5450337601183,3469.4647054137804,3486.833740234375,4000,0.0,0.0
2018-06-20 00:00:00+09:00,3486.833740234375,3486.833740234375,3486.833740234375,3486.833740234375,200,0.0,0.0
2018-06-21 00:00:00+09:00,3482.4912109375,3482.4912109375,3482.4912109375,3482.4912109375,3800,0.0,0.0
2018-06-22 00:00:00+09:00,3491.17578125,3491.17578125,3491.17578125,3491.17578125,7400,0.0,0.0
2018-06-25 00:00:00+09:00,3395.64633222478,3395.64633222478,3326.170192435015,3330.512451171875,1200,0.0,0.0
2018-06-26 00:00:00+09:00,3330.512451171875,3330.512451171875,3330.512451171875,3330.512451171875,0,0.0,0.0
2018-06-27 00:00:00+09:00,3330.512451171875,3330.512451171875,3330.512451171875,3330.512451171875,0,0.0,0.0
2018-06-28 00:00:00+09:00,3330.512451171875,3330.512451171875,3330.512451171875,3330.512451171875,0,0.0,0.0
2018-06-29 00:00:00+09:00,3413.015660773819,3413.015660773819,3347.88177411783,3378.277587890625,600,0.0,0.0
2018-07-02 00:00:00+09:00,3378.277587890625,3378.277587890625,3378.277587890625,3378.277587890625,0,0.0,0.0
2018-07-03 00:00:00+09:00,3378.277403914356,3378.277403914356,3330.512556301171,3347.881591796875,800,0.0,0.0
2018-07-04 00:00:00+09:00,3378.2771528195112,3386.961669921875,3321.827791654147,3386.961669921875,1200,0.0,0.0
2018-07-05 00:00:00+09:00,3386.961669921875,3386.961669921875,3386.961669921875,3386.961669921875,0,0.0,0.0
2018-07-06 00:00:00+09:00,3439.069091796875,3439.069091796875,3439.069091796875,3439.069091796875,800,0.0,0.0
2018-07-09 00:00:00+09:00,3439.06901289211,3439.06901289211,3404.330942054816,3426.042236328125,1800,0.0,0.0
2018-07-10 00:00:00+09:00,3452.095458984375,3452.095458984375,3452.095458984375,3452.095458984375,600,0.0,0.0
2018-07-11 00:00:00+09:00,3452.095894927786,3452.095894927786,3434.726858978464,3443.411376953125,1600,0.0,0.0
2018-07-12 00:00:00+09:00,3452.095586637631,3512.88720703125,3443.411069438543,3512.88720703125,2800,0.0,0.0
2018-07-13 00:00:00+09:00,3525.9140248039803,3608.4169391774726,3517.2295075015077,3599.732421875,7000,0.0,0.0
2018-07-16 00:00:00+09:00,3599.732421875,3599.732421875,3599.732421875,3599.732421875,0,0.0,0.0
2018-07-17 00:00:00+09:00,3599.732421875,3599.732421875,3599.732421875,3599.732421875,0,0.0,0.0
2018-07-18 00:00:00+09:00,3599.732421875,3599.732421875,3599.732421875,3599.732421875,0,0.0,0.0
2018-07-19 00:00:00+09:00,3599.732421875,3599.732421875,3599.732421875,3599.732421875,0,0.0,0.0
2018-07-20 00:00:00+09:00,3560.6522912209657,3591.048103463096,3499.8606667367053,3551.9677734375,1800,0.0,0.0
2018-07-23 00:00:00+09:00,3551.9677734375,3551.9677734375,3551.9677734375,3551.9677734375,0,0.0,0.0
2018-07-24 00:00:00+09:00,3591.0479102157965,3591.0479102157965,3560.652099609375,3560.652099609375,1000,0.0,0.0
2018-07-25 00:00:00+09:00,3669.2083387259977,3669.2083387259977,3604.074462890625,3604.074462890625,4000,0.0,0.0
2018-07-26 00:00:00+09:00,3604.0745512605445,3604.0745512605445,3538.940673828125,3538.940673828125,2000,0.0,0.0
2018-07-27 00:00:00+09:00,3586.70556640625,3586.70556640625,3586.70556640625,3586.70556640625,200,0.0,0.0
2018-07-30 00:00:00+09:00,3586.70556640625,3586.70556640625,3586.70556640625,3586.70556640625,0,0.0,0.0
2018-07-31 00:00:00+09:00,3647.4970703124995,3647.4970703124995,3643.154811895461,3647.4970703125,12400,0.0,0.0
2018-08-01 00:00:00+09:00,3647.4970703124995,3647.4970703124995,3647.4970703124995,3647.4970703125,0,0.0,0.0
2018-08-02 00:00:00+09:00,3591.047872550569,3591.047872550569,3434.7265625,3434.7265625,1200,0.0,0.0
2018-08-03 00:00:00+09:00,3434.726858978464,3443.411376953125,3434.726858978464,3443.411376953125,400,0.0,0.0
2018-08-06 00:00:00+09:00,3443.411376953125,3443.411376953125,3443.411376953125,3443.411376953125,0,0.0,0.0
2018-08-07 00:00:00+09:00,3443.411376953125,3443.411376953125,3443.411376953125,3443.411376953125,0,0.0,0.0
2018-08-08 00:00:00+09:00,3521.571533203125,3521.571533203125,3521.571533203125,3521.571533203125,200,0.0,0.0
2018-08-09 00:00:00+09:00,3456.437762413727,3547.6251908191143,3456.437762413727,3538.940673828125,2200,0.0,0.0
2018-08-10 00:00:00+09:00,3538.940673828125,3538.940673828125,3538.940673828125,3538.940673828125,0,0.0,0.0
2018-08-13 00:00:00+09:00,3408.6729626777847,3408.6729626777847,3386.961669921875,3386.961669921875,400,0.0,0.0
2018-08-14 00:00:00+09:00,3386.9617900159556,3486.833740234375,3386.9617900159556,3486.833740234375,1200,0.0,0.0
2018-08-15 00:00:00+09:00,3486.833740234375,3486.833740234375,3486.833740234375,3486.833740234375,0,0.0,0.0
2018-08-16 00:00:00+09:00,3530.25634765625,3530.25634765625,3530.25634765625,3530.25634765625,800,0.0,0.0
2018-08-17 00:00:00+09:00,3530.25634765625,3530.25634765625,3530.25634765625,3530.25634765625,0,0.0,0.0
2018-08-20 00:00:00+09:00,3399.988504229665,3399.988504229665,3295.7742972034684,3356.56591796875,3000,0.0,0.0
2018-08-21 00:00:00+09:00,3356.56591796875,3356.56591796875,3356.56591796875,3356.56591796875,0,0.0,0.0
2018-08-22 00:00:00+09:00,3269.7207080471903,3269.7207080471903,3165.5065022130166,3230.640380859375,5400,0.0,0.0
2018-08-23 00:00:00+09:00,3230.640380859375,3234.9826394357992,3148.137467907321,3230.640380859375,7000,0.0,0.0
2018-08-24 00:00:00+09:00,3230.640380859375,3230.640380859375,3230.640380859375,3230.640380859375,0,0.0,0.0
2018-08-27 00:00:00+09:00,3291.43212890625,3291.43212890625,3282.747611415732,3291.43212890625,2000,0.0,0.0
2018-08-28 00:00:00+09:00,3334.854518855657,3430.3842055937093,3269.720641534257,3339.19677734375,3600,0.0,0.0
2018-08-29 00:00:00+09:00,3339.19677734375,3339.19677734375,3339.19677734375,3339.19677734375,0,0.0,0.0
2018-08-30 00:00:00+09:00,3274.0629083097538,3274.0629083097538,3213.2712893225703,3261.0361328125,3000,0.0,0.0
2018-08-31 00:00:00+09:00,3234.9827978515623,3287.0899033203123,3234.9827978515623,3256.694091796875,1200,0.0,0.0
2018-09-03 00:00:00+09:00,3261.0360525202623,3261.0360525202623,3248.00927734375,3248.00927734375,400,0.0,0.0
2018-09-04 00:00:00+09:00,3248.00927734375,3248.00927734375,3248.00927734375,3248.00927734375,0,0.0,0.0
2018-09-05 00:00:00+09:00,3248.009307696368,3291.4318920238597,3213.271240234375,3213.271240234375,2800,0.0,0.0
2018-09-06 00:00:00+09:00,3213.271443684896,3213.271443684896,3126.42626953125,3126.42626953125,3000,0.0,0.0
2018-09-07 00:00:00+09:00,3126.42626953125,3178.5333740234373,3126.42626953125,3126.42626953125,800,0.0,0.0
2018-09-10 00:00:00+09:00,3126.42626953125,3126.42626953125,3126.42626953125,3126.42626953125,0,0.0,0.0
2018-09-11 00:00:00+09:00,3152.479736328125,3152.479736328125,3152.479736328125,3152.479736328125,200,0.0,0.0
2018-09-12 00:00:00+09:00,3208.929319773707,3208.929319773707,2961.4205630387933,3148.1376953125,13800,0.0,0.0
2018-09-13 00:00:00+09:00,3148.1376953125,3148.1376953125,3148.1376953125,3148.1376953125,0,0.0,0.0
2018-09-14 00:00:00+09:00,3152.4796221758866,3213.271240234375,3152.4796221758866,3213.271240234375,1000,0.0,0.0
2018-09-17 00:00:00+09:00,3213.271240234375,3213.271240234375,3213.271240234375,3213.271240234375,0,0.0,0.0
2018-09-18 00:00:00+09:00,3226.2980155326222,3226.2980155326222,3169.8486559068833,3213.271240234375,5000,0.0,0.0
2018-09-19 00:00:00+09:00,3213.271240234375,3213.271240234375,3213.271240234375,3213.271240234375,0,0.0,0.0
2018-09-20 00:00:00+09:00,3213.2715177275445,3213.2715177275445,3178.533447265625,3178.533447265625,1200,0.0,0.0
2018-09-21 00:00:00+09:00,3148.1374727625425,3191.56005859375,3148.1374727625425,3191.56005859375,800,0.0,0.0
2018-09-24 00:00:00+09:00,3191.56005859375,3191.56005859375,3191.56005859375,3191.56005859375,0,0.0,0.0
2018-09-25 00:00:00+09:00,3265.3786307053942,3265.3786307053942,3139.453125,3139.453125,2400,0.0,0.0
2018-09-26 00:00:00+09:00,3096.030269717906,3135.110595703125,3096.030269717906,3135.110595703125,400,0.0,0.0
2018-09-27 00:00:00+09:00,3139.453045654297,3200.244667561849,3117.7417521158854,3126.42626953125,6400,0.0,0.0
2018-09-28 00:00:00+09:00,3083.0032009548613,3169.848361545139,3083.0032009548613,3165.506103515625,5800,0.0,0.0
2018-10-01 00:00:00+09:00,3126.42578125,3191.5596516927085,3126.42578125,3165.506103515625,2200,0.0,0.0
2018-10-02 00:00:00+09:00,3100.3728399874403,3187.218017578125,3100.3728399874403,3187.218017578125,2400,0.0,0.0
2018-10-03 00:00:00+09:00,3161.1638454861113,3169.848361545139,3161.1638454861113,3165.506103515625,2000,0.0,0.0
2018-10-04 00:00:00+09:00,3165.506103515625,3165.506103515625,3148.1370713975693,3165.506103515625,800,0.0,0.0
2018-10-05 00:00:00+09:00,3165.506103515625,3165.506103515625,3165.506103515625,3165.506103515625,0,0.0,0.0
2018-10-08 00:00:00+09:00,3165.506103515625,3165.506103515625,3165.506103515625,3165.506103515625,0,0.0,0.0
2018-10-09 00:00:00+09:00,3165.5068620237585,3169.84912109375,3165.5068620237585,3169.84912109375,400,0.0,0.0
2018-10-10 00:00:00+09:00,3169.84912109375,3169.84912109375,3169.84912109375,3169.84912109375,0,0.0,0.0
2018-10-11 00:00:00+09:00,3113.3996132480524,3113.3996132480524,3065.634765625,3065.634765625,1600,0.0,0.0
2018-10-12 00:00:00+09:00,3065.634612286315,3065.634612286315,3000.500732421875,3000.500732421875,2000,0.0,0.0
2018-10-15 00:00:00+09:00,2957.0779102433135,2991.815976736627,2887.6017772566865,2922.33984375,7400,0.0,0.0
2018-10-16 00:00:00+09:00,2952.7361622666544,3035.2390844476345,2948.3939032044973,2965.762939453125,3200,0.0,0.0
2018-10-17 00:00:00+09:00,3009.185468325408,3009.185468325408,2991.8164324331974,2996.15869140625,1400,0.0,0.0
2018-10-18 00:00:00+09:00,3039.580620659722,3039.580620659722,3009.184814453125,3009.184814453125,400,0.0,0.0
2018-10-19 00:00:00+09:00,3009.184814453125,3009.184814453125,3009.184814453125,3009.184814453125,0,0.0,0.0
2018-10-22 00:00:00+09:00,3052.6075854492187,3052.6075854492187,3022.21177734375,3039.580810546875,1600,0.0,0.0
2018-10-23 00:00:00+09:00,3104.715157046339,3104.715157046339,3026.5544957500674,3035.239013671875,1800,0.0,0.0
2018-10-24 00:00:00+09:00,3052.6075014341127,3104.714599609375,3052.6075014341127,3104.714599609375,400,0.0,0.0
2018-10-25 00:00:00+09:00,3104.714599609375,3104.714599609375,3104.714599609375,3104.714599609375,0,0.0,0.0
2018-10-26 00:00:00+09:00,3104.714599609375,3104.714599609375,3104.714599609375,3104.714599609375,0,0.0,0.0
2018-10-29 00:00:00+09:00,3126.426248899648,3126.426248899648,3083.003662109375,3083.003662109375,400,0.0,0.0
2018-10-30 00:00:00+09:00,3083.00370849948,3165.506624642424,3022.2120860783634,3130.7685546875,7000,0.0,0.0
2018-10-31 00:00:00+09:00,3130.7685546875,3130.7685546875,3130.7685546875,3130.7685546875,1400,0.0,0.0
2018-11-01 00:00:00+09:00,3130.7685546875,3130.7685546875,3130.7685546875,3130.7685546875,0,0.0,0.0
2018-11-02 00:00:00+09:00,3161.164405153509,3217.61376953125,3096.030523179192,3217.61376953125,8000,0.0,0.0
2018-11-05 00:00:00+09:00,3256.6938245618667,3256.6938245618667,3169.8486559068833,3213.271240234375,2200,0.0,0.0
2018-11-06 00:00:00+09:00,3213.2716321354883,3243.667444871905,3152.480006662655,3156.822265625,4400,0.0,0.0
2018-11-07 00:00:00+09:00,3156.8220423539265,3248.009474113806,3156.8220423539265,3200.24462890625,3600,0.0,0.0
2018-11-08 00:00:00+09:00,3265.3785087347355,3265.3785087347355,3195.9023702510176,3200.24462890625,1600,0.0,0.0
2018-11-09 00:00:00+09:00,3261.0361859852255,3278.405220264774,3256.6939274153383,3269.720703125,1800,0.0,0.0
2018-11-12 00:00:00+09:00,3204.5868172245987,3204.5868172245987,3109.05712890625,3109.05712890625,1400,0.0,0.0
2018-11-13 00:00:00+09:00,3130.768659752155,3191.560284213362,3130.768659752155,3148.1376953125,10800,0.0,0.0
2018-11-14 00:00:00+09:00,3191.5602099609373,3334.85475,3191.5602099609373,3256.694091796875,7000,0.0,0.0
2018-11-15 00:00:00+09:00,3278.405029296875,3295.774062564673,3269.720512662976,3278.405029296875,8200,0.0,0.0
2018-11-16 00:00:00+09:00,3278.4052468863974,3300.1165399121355,3274.06298828125,3274.06298828125,2000,0.0,0.0
2018-11-19 00:00:00+09:00,3278.405029296875,3313.143095832471,3274.0627709799255,3278.405029296875,16000,0.0,0.0
2018-11-20 00:00:00+09:00,3278.405029296875,3282.7472876138245,3278.405029296875,3278.405029296875,1200,0.0,0.0
2018-11-21 00:00:00+09:00,3278.4050796548627,3326.169921875,3274.062821271214,3326.169921875,8600,0.0,0.0
2018-11-22 00:00:00+09:00,3295.7742813069876,3300.1165399121355,3248.009436650365,3274.06298828125,8400,0.0,0.0
2018-11-23 00:00:00+09:00,3274.06298828125,3274.06298828125,3274.06298828125,3274.06298828125,0,0.0,0.0
2018-11-26 00:00:00+09:00,3321.82761246637,3321.82761246637,3274.0627709799255,3278.405029296875,10000,0.0,0.0
2018-11-27 00:00:00+09:00,3139.4533076038097,3178.5336392337326,3130.768789463827,3169.84912109375,2000,0.0,0.0
2018-11-28 00:00:00+09:00,3169.84912109375,3169.84912109375,3169.84912109375,3169.84912109375,0,0.0,0.0
2018-11-29 00:00:00+09:00,3135.1109110237144,3226.2983474939333,3126.426393264646,3187.218017578125,7800,0.0,0.0
2018-11-30 00:00:00+09:00,3187.217984017015,3221.9560546875,3187.217984017015,3221.9560546875,4000,0.0,0.0
2018-12-03 00:00:00+09:00,3239.325056640625,3317.48571484375,3217.6137626953123,3256.694091796875,60800,0.0,0.0
2018-12-04 00:00:00+09:00,3226.2980155326222,3261.0360829946158,3208.928981801626,3213.271240234375,5800,0.0,0.0
2018-12-05 00:00:00+09:00,3208.9292519346745,3278.405392707279,3204.586993136387,3217.61376953125,12600,0.0,0.0
2018-12-06 00:00:00+09:00,3213.2715518171617,3213.2715518171617,3143.79541015625,3143.79541015625,7000,0.0,0.0
2018-12-07 00:00:00+09:00,3208.9288842773435,3208.9288842773435,2978.7891943359373,3039.580810546875,4400,0.0,0.0
2018-12-10 00:00:00+09:00,3039.580810546875,3104.7146850585937,3017.8695190429685,3039.580810546875,4600,0.0,0.0
2018-12-11 00:00:00+09:00,3100.372670161539,3126.426222011636,3061.2923423863936,3078.661376953125,5000,0.0,0.0
2018-12-12 00:00:00+09:00,3139.4531775323276,3148.1376953125,3109.057365301724,3148.1376953125,3200,0.0,0.0
2018-12-13 00:00:00+09:00,3148.1376953125,3148.1376953125,3148.1376953125,3148.1376953125,0,0.0,0.0
2018-12-14 00:00:00+09:00,3169.8489033376795,3182.875679652766,3152.4798682508977,3174.191162109375,4000,0.0,0.0
2018-12-17 00:00:00+09:00,3191.56005859375,3191.56005859375,3187.217800010629,3191.56005859375,14200,0.0,0.0
2018-12-18 00:00:00+09:00,3126.426179846939,3191.56005859375,3126.426179846939,3191.56005859375,7400,0.0,0.0
2018-12-19 00:00:00+09:00,3191.56005859375,3191.56005859375,3191.56005859375,3191.56005859375,0,0.0,0.0
2018-12-20 00:00:00+09:00,3126.426155191458,3126.426155191458,2948.3935546875,2948.3935546875,600,0.0,0.0
2018-12-21 00:00:00+09:00,2909.3132578125,2931.02455078125,2687.8580695312503,2713.91162109375,14000,0.0,0.0
2018-12-24 00:00:00+09:00,2713.91162109375,2713.91162109375,2713.91162109375,2713.91162109375,0,0.0,0.0
2018-12-25 00:00:00+09:00,2627.066524395886,2627.066524395886,2544.5636087537014,2566.27490234375,9000,0.0,0.0
2018-12-26 00:00:00+09:00,2570.617206966362,2640.0933476951827,2553.248171784157,2614.039794921875,12600,0.0,0.0
2018-12-27 00:00:00+09:00,2735.6231421493903,2779.045731707317,2657.462480945122,2670.4892578125,6400,0.0,0.0
2018-12-28 00:00:00+09:00,2670.4892578125,2670.4892578125,2670.4892578125,2670.4892578125,0,0.0,0.0
2018-12-31 00:00:00+09:00,2670.4892578125,2670.4892578125,2670.4892578125,2670.4892578125,0,0.0,0.0
2019-01-04 00:00:00+09:00,2670.4892578125,2670.4892578125,2670.4892578125,2670.4892578125,0,0.0,0.0
2019-01-07 00:00:00+09:00,2744.307643414297,2757.334420202656,2744.307643414297,2748.64990234375,6200,0.0,0.0
2019-01-08 00:00:00+09:00,2744.3076171875,2779.0456882911394,2731.280840523635,2744.3076171875,4400,0.0,0.0
2019-01-09 00:00:00+09:00,2748.649876075455,2792.072464955004,2674.8314749802216,2744.3076171875,7000,0.0,0.0
2019-01-10 00:00:00+09:00,2757.334393851365,2805.0992416188687,2744.3076171875,2744.3076171875,2400,0.0,0.0
2019-01-11 00:00:00+09:00,2752.9920751723885,2774.703369140625,2735.6230399977994,2774.703369140625,4200,0.0,0.0
2019-01-15 00:00:00+09:00,2861.548628439832,2909.3134765625,2818.1260392374065,2909.3134765625,800,0.0,0.0
2019-01-16 00:00:00+09:00,2865.89065159323,2909.3132372234304,2865.89065159323,2870.23291015625,1200,0.0,0.0
2019-01-17 00:00:00+09:00,2896.2867869181805,2896.2867869181805,2874.575491663921,2883.260009765625,800,0.0,0.0
2019-01-18 00:00:00+09:00,2883.260009765625,2883.260009765625,2883.260009765625,2883.260009765625,0,0.0,0.0
2019-01-21 00:00:00+09:00,2844.1794225411822,2844.1794225411822,2800.7568359375,2800.7568359375,400,0.0,0.0
2019-01-22 00:00:00+09:00,2822.4680442048293,2826.810302734375,2822.4680442048293,2826.810302734375,400,0.0,0.0
2019-01-23 00:00:00+09:00,2826.810302734375,2826.810302734375,2826.810302734375,2826.810302734375,0,0.0,0.0
2019-01-24 00:00:00+09:00,2878.9177507147733,2883.260009765625,2878.9177507147733,2883.260009765625,600,0.0,0.0
2019-01-25 00:00:00+09:00,2883.260009765625,2883.260009765625,2883.260009765625,2883.260009765625,0,0.0,0.0
2019-01-28 00:00:00+09:00,2883.260009765625,2883.260009765625,2883.260009765625,2883.260009765625,0,0.0,0.0
2019-01-29 00:00:00+09:00,2844.17919921875,2844.17919921875,2844.17919921875,2844.17919921875,400,0.0,0.0
2019-01-30 00:00:00+09:00,2844.17919921875,2844.17919921875,2844.17919921875,2844.17919921875,0,0.0,0.0
2019-01-31 00:00:00+09:00,2844.17919921875,2844.17919921875,2844.17919921875,2844.17919921875,0,0.0,0.0
2019-02-01 00:00:00+09:00,2800.756921902509,2800.756921902509,2735.6230399977994,2774.703369140625,2600,0.0,0.0
2019-02-04 00:00:00+09:00,2774.703369140625,2774.703369140625,2774.703369140625,2774.703369140625,0,0.0,0.0
2019-02-05 00:00:00+09:00,2779.04541015625,2844.179286956787,2761.6763763427734,2779.04541015625,5000,0.0,0.0
2019-02-06 00:00:00+09:00,2809.441162109375,2826.8101955690927,2779.0453535548686,2809.441162109375,2800,0.0,0.0
2019-02-07 00:00:00+09:00,2983.131649959789,2983.131649959789,2952.73583984375,2952.73583984375,2200,0.0,0.0
2019-02-08 00:00:00+09:00,2952.73583984375,2952.73583984375,2952.73583984375,2952.73583984375,0,0.0,0.0
2019-02-12 00:00:00+09:00,2865.8907045390274,2887.601997755232,2865.8907045390274,2878.91748046875,800,0.0,0.0
2019-02-13 00:00:00+09:00,2931.0244140625,2952.7357060185186,2900.628605324074,2931.0244140625,2400,0.0,0.0
2019-02-14 00:00:00+09:00,2974.447265625,2974.447265625,2974.447265625,2974.447265625,1800,0.0,0.0
2019-02-15 00:00:00+09:00,2974.447265625,2974.447265625,2974.447265625,2974.447265625,0,0.0,0.0
2019-02-18 00:00:00+09:00,3017.869718663833,3017.869718663833,2952.73583984375,2952.73583984375,1800,0.0,0.0
2019-02-19 00:00:00+09:00,2952.7357865505164,3004.8428886661136,2909.313201454185,2944.05126953125,2000,0.0,0.0
2019-02-20 00:00:00+09:00,2857.2062459806116,2909.3133507705315,2848.521728515625,2848.521728515625,2800,0.0,0.0
2019-02-21 00:00:00+09:00,2891.9442029713505,2896.2864615343706,2870.23291015625,2870.23291015625,1000,0.0,0.0
2019-02-22 00:00:00+09:00,2865.890938895089,2865.890938895089,2796.414794921875,2796.414794921875,3400,0.0,0.0
2019-02-25 00:00:00+09:00,2796.4148037647637,2796.4148037647637,2735.6231775959645,2757.33447265625,6600,0.0,0.0
2019-02-26 00:00:00+09:00,2800.756787802519,2805.099046388259,2713.911616087712,2752.991943359375,5200,0.0,0.0
2019-02-27 00:00:00+09:00,2752.991943359375,2752.991943359375,2705.227098916231,2752.991943359375,3600,0.0,0.0
2019-02-28 00:00:00+09:00,2700.884840330491,2752.991943359375,2674.831288816049,2752.991943359375,4000,0.0,0.0
2019-03-01 00:00:00+09:00,2709.5691747572814,2726.9382079288025,2674.8311084142397,2683.515625,6000,0.0,0.0
2019-03-04 00:00:00+09:00,2687.85824072186,2726.9385705546492,2661.8046875,2661.8046875,1000,0.0,0.0
2019-03-05 00:00:00+09:00,2661.8046875,2661.8046875,2661.8046875,2661.8046875,0,0.0,0.0
2019-03-06 00:00:00+09:00,2666.1464032573085,2744.307047001008,2666.1464032573085,2692.199951171875,2200,0.0,0.0
2019-03-07 00:00:00+09:00,2692.2004995921698,2692.2004995921698,2661.8046875,2661.8046875,3400,0.0,0.0
2019-03-08 00:00:00+09:00,2666.14694637031,2709.5695350734095,2661.8046875,2661.8046875,3600,0.0,0.0
2019-03-11 00:00:00+09:00,2705.2271509710345,2766.0187723411705,2705.2271509710345,2761.676513671875,3200,0.0,0.0
2019-03-12 00:00:00+09:00,2761.676513671875,2761.676513671875,2761.676513671875,2761.676513671875,0,0.0,0.0
2019-03-13 00:00:00+09:00,2726.93865957185,2761.676731668307,2726.93865957185,2757.33447265625,1000,0.0,0.0
2019-03-14 00:00:00+09:00,2770.3611705152293,2779.0456882911394,2735.6230994115904,2744.3076171875,5000,0.0,0.0
2019-03-15 00:00:00+09:00,2770.361249692421,2779.0457677165355,2735.6231775959645,2757.33447265625,5200,0.0,0.0
2019-03-18 00:00:00+09:00,2766.0187927812985,2805.09912109375,2766.0187927812985,2805.09912109375,800,0.0,0.0
2019-03-19 00:00:00+09:00,2805.099014614973,2813.783531688084,2787.72998046875,2787.72998046875,1800,0.0,0.0
2019-03-20 00:00:00+09:00,2805.098960876465,2813.783477783203,2774.703151702881,2779.04541015625,3400,0.0,0.0
2019-03-22 00:00:00+09:00,2809.4413162646338,2874.5751953125,2809.4413162646338,2874.5751953125,1200,0.0,0.0
2019-03-25 00:00:00+09:00,2957.078022300126,2957.078022300126,2896.286403633163,2900.628662109375,7600,0.0,0.0
2019-03-26 00:00:00+09:00,2874.575227416619,2904.971037978426,2826.810382248065,2839.837158203125,7800,0.0,0.0
2019-03-27 00:00:00+09:00,2919.832765918568,2937.609525528422,2897.61181640625,2897.61181640625,2200,75.0,0.0
2019-03-28 00:00:00+09:00,2839.837156698406,2884.279052734375,2835.392967094809,2884.279052734375,1200,0.0,0.0
2019-03-29 00:00:00+09:00,2839.837156698406,2884.279052734375,2835.392967094809,2884.279052734375,1400,0.0,0.0
2019-04-01 00:00:00+09:00,2888.723581965448,2902.05615234375,2888.723581965448,2902.05615234375,6600,0.0,0.0
2019-04-02 00:00:00+09:00,2902.0560108790887,2902.0560108790887,2848.7257319655373,2853.169921875,3600,0.0,0.0
2019-04-03 00:00:00+09:00,2844.28125,2866.502197265625,2822.060302734375,2866.502197265625,2800,0.0,0.0
2019-04-04 00:00:00+09:00,2844.28125,2844.28125,2844.28125,2844.28125,4200,0.0,0.0
2019-04-05 00:00:00+09:00,2826.5044921875,2862.0580078125,2826.5044921875,2844.28125,11000,0.0,0.0
2019-04-08 00:00:00+09:00,2844.2815420560746,2866.502491603388,2799.8396429614486,2853.169921875,12400,0.0,0.0
2019-04-09 00:00:00+09:00,2844.28125,2848.725439453125,2844.28125,2844.28125,5800,0.0,0.0
2019-04-10 00:00:00+09:00,2804.283448033363,2839.8369624299826,2804.283448033363,2826.50439453125,3000,0.0,0.0
2019-04-11 00:00:00+09:00,2844.28125,2866.502197265625,2813.171923828125,2866.502197265625,21200,0.0,0.0
2019-04-12 00:00:00+09:00,2919.832661372237,2990.939697265625,2888.72333316888,2990.939697265625,8800,0.0,0.0
2019-04-15 00:00:00+09:00,3022.0493058678057,3088.712158203125,2982.0515944666145,3088.712158203125,9200,0.0,0.0
2019-04-16 00:00:00+09:00,3088.712161741395,3088.712161741395,3066.4912109375,3066.4912109375,1000,0.0,0.0
2019-04-17 00:00:00+09:00,3062.046875,3079.823634796807,3022.0491654571842,3062.046875,5000,0.0,0.0
2019-04-18 00:00:00+09:00,3057.602294921875,3062.046484304029,3013.160401100336,3057.602294921875,25600,0.0,0.0
2019-04-19 00:00:00+09:00,3057.602442700663,3057.602442700663,2995.383788343382,3017.604736328125,2800,0.0,0.0
2019-04-22 00:00:00+09:00,3017.604784726046,3026.4931640625,3017.604784726046,3026.4931640625,5800,0.0,0.0
2019-04-23 00:00:00+09:00,3044.269775390625,3044.269775390625,2999.827880859375,3022.048828125,2800,0.0,0.0
2019-04-24 00:00:00+09:00,2982.0511714422546,3008.71630859375,2937.6092761897617,3008.71630859375,1000,0.0,0.0
2019-04-25 00:00:00+09:00,3048.7139648437496,3048.7139648437496,3030.9372070312497,3044.269775390625,2200,0.0,0.0
2019-04-26 00:00:00+09:00,3057.602294921875,3066.4906736861826,3026.4929692467977,3057.602294921875,3200,0.0,0.0
2019-05-07 00:00:00+09:00,3066.4912109375,3070.9354010982793,3066.4912109375,3066.4912109375,5200,0.0,0.0
2019-05-08 00:00:00+09:00,3022.048976574143,3030.9373559170085,2982.05126953125,2982.05126953125,2400,0.0,0.0
2019-05-09 00:00:00+09:00,2977.607129491018,2982.051319236527,2968.71875,2968.71875,3000,0.0,0.0
2019-05-10 00:00:00+09:00,2959.830325640841,2964.2745153189803,2893.16748046875,2893.16748046875,6600,0.0,0.0
2019-05-13 00:00:00+09:00,2919.83276145912,2977.6072301029076,2919.83276145912,2942.0537109375,1800,0.0,0.0
2019-05-14 00:00:00+09:00,2919.8324707031247,2919.8324707031247,2857.613818359375,2866.502197265625,16800,0.0,0.0
2019-05-15 00:00:00+09:00,2888.72314453125,2888.72314453125,2866.502197265625,2888.72314453125,4000,0.0,0.0
2019-05-16 00:00:00+09:00,2888.72314453125,2888.72314453125,2884.278955078125,2888.72314453125,5200,0.0,0.0
2019-05-17 00:00:00+09:00,2875.390673527181,2919.83256956315,2875.390673527181,2884.279052734375,33000,0.0,0.0
2019-05-20 00:00:00+09:00,2888.723340446566,2897.6117199556325,2866.5023916739,2879.8349609375,12400,0.0,0.0
2019-05-21 00:00:00+09:00,2848.725537415028,2870.9464854447865,2822.0603997793182,2839.837158203125,17200,0.0,0.0
2019-05-22 00:00:00+09:00,2844.28125,2875.3905761718747,2813.171923828125,2844.28125,5600,0.0,0.0
2019-05-23 00:00:00+09:00,2844.281533232628,2942.0537109375,2835.3931534412764,2942.0537109375,9800,0.0,0.0
2019-05-24 00:00:00+09:00,2964.2743652343747,2964.2743652343747,2862.0580078125,2866.502197265625,3600,0.0,0.0
2019-05-27 00:00:00+09:00,2897.6119116806403,2942.0538121665395,2897.6119116806403,2915.388671875,1200,0.0,0.0
2019-05-28 00:00:00+09:00,2902.055909710166,2910.944289219232,2879.8349609375,2879.8349609375,9200,0.0,0.0
2019-05-29 00:00:00+09:00,2879.834716417185,2879.834716417185,2839.8370120225018,2857.61376953125,1600,0.0,0.0
2019-05-30 00:00:00+09:00,2857.6140152025373,2866.502394721052,2826.5046868877353,2835.39306640625,5000,0.0,0.0
2019-05-31 00:00:00+09:00,2848.725439453125,2866.502197265625,2844.28125,2844.28125,1600,0.0,0.0
2019-06-03 00:00:00+09:00,2844.2812994462024,2853.1696785069716,2804.28359367274,2808.727783203125,9200,0.0,0.0
2019-06-04 00:00:00+09:00,2808.727883454106,2830.9488318991544,2759.841796875,2759.841796875,15800,0.0,0.0
2019-06-05 00:00:00+09:00,2795.39541171875,2799.8396015625,2777.61865234375,2777.61865234375,1800,0.0,0.0
2019-06-06 00:00:00+09:00,2822.060599441163,2822.060599441163,2786.507080078125,2786.507080078125,2400,0.0,0.0
2019-06-07 00:00:00+09:00,2799.8396498392644,2799.8396498392644,2786.507080078125,2786.507080078125,2000,0.0,0.0
2019-06-10 00:00:00+09:00,2786.507080078125,2799.8396498392644,2777.6187002373654,2786.507080078125,1800,0.0,0.0
2019-06-11 00:00:00+09:00,2804.2838397596443,2804.2838397596443,2786.507080078125,2786.507080078125,4200,0.0,0.0
2019-06-12 00:00:00+09:00,2799.8397963214074,2804.283986474298,2790.951416015625,2790.951416015625,2400,0.0,0.0
2019-06-13 00:00:00+09:00,2790.951416015625,2795.395606168516,2790.951416015625,2790.951416015625,600,0.0,0.0
2019-06-14 00:00:00+09:00,2795.3954622814513,2799.839652205587,2755.3977529642284,2764.2861328125,2800,0.0,0.0
2019-06-17 00:00:00+09:00,2795.395409768725,2799.839599609375,2795.395409768725,2799.839599609375,2200,0.0,0.0
2019-06-18 00:00:00+09:00,2799.839599609375,2799.839599609375,2799.839599609375,2799.839599609375,400,0.0,0.0
2019-06-19 00:00:00+09:00,2799.8397005521333,2804.2838905530098,2764.286180545122,2773.174560546875,5600,0.0,0.0
2019-06-20 00:00:00+09:00,2759.841990544246,2799.8397005521333,2759.841990544246,2773.174560546875,1800,0.0,0.0
2019-06-21 00:00:00+09:00,2768.730224609375,2768.730224609375,2750.9534655428624,2768.730224609375,1600,0.0,0.0
2019-06-24 00:00:00+09:00,2764.2859865640094,2764.2859865640094,2750.9534174969804,2759.841796875,1600,0.0,0.0
2019-06-25 00:00:00+09:00,2755.397803286551,2755.397803286551,2750.95361328125,2750.95361328125,1200,0.0,0.0
2019-06-26 00:00:00+09:00,2742.065185546875,2742.065185546875,2742.065185546875,2742.065185546875,400,0.0,0.0
2019-06-27 00:00:00+09:00,2742.0650393002993,2755.397608373072,2737.620849609375,2737.620849609375,3200,0.0,0.0
2019-06-28 00:00:00+09:00,2733.1768056909696,2755.397755330733,2733.1768056909696,2742.065185546875,3000,0.0,0.0
2019-07-01 00:00:00+09:00,2755.397803286551,2764.2861832971525,2750.95361328125,2750.95361328125,2800,0.0,0.0
2019-07-02 00:00:00+09:00,2750.953467112915,2790.951175035397,2746.50927734375,2746.50927734375,3800,0.0,0.0
2019-07-03 00:00:00+09:00,2728.7325182670916,2746.50927734375,2728.7325182670916,2746.50927734375,800,0.0,0.0
2019-07-04 00:00:00+09:00,2737.6210432653475,2750.95361328125,2737.6210432653475,2750.95361328125,800,0.0,0.0
2019-07-05 00:00:00+09:00,2746.5093253843247,2759.8418949250254,2746.5093253843247,2755.397705078125,2400,0.0,0.0
2019-07-08 00:00:00+09:00,2755.397608373072,2755.397608373072,2733.1766599184507,2737.620849609375,3200,0.0,0.0
2019-07-09 00:00:00+09:00,2782.06289489845,2782.06289489845,2737.6209956189223,2742.065185546875,5600,0.0,0.0
2019-07-10 00:00:00+09:00,2755.397705078125,2755.397705078125,2755.397705078125,2755.397705078125,2000,0.0,0.0
2019-07-11 00:00:00+09:00,2759.841993291852,2764.2861832971525,2746.5094232759493,2750.95361328125,8000,0.0,0.0
2019-07-12 00:00:00+09:00,2755.397705078125,2755.397705078125,2750.9535152312246,2755.397705078125,4000,0.0,0.0
2019-07-16 00:00:00+09:00,2742.0648925781247,2742.0648925781247,2710.95556640625,2710.95556640625,18000,0.0,0.0
2019-07-17 00:00:00+09:00,2710.95556640625,2710.95556640625,2710.95556640625,2710.95556640625,400,0.0,0.0
2019-07-18 00:00:00+09:00,2710.9561152114743,2710.9561152114743,2653.181640625,2653.181640625,16200,0.0,0.0
2019-07-19 00:00:00+09:00,2630.9605949620573,2653.1815459330205,2630.9605949620573,2635.40478515625,1200,0.0,0.0
2019-07-22 00:00:00+09:00,2622.072021484375,2622.072021484375,2608.7394518836068,2622.072021484375,1200,0.0,0.0
2019-07-23 00:00:00+09:00,2622.07177734375,2622.07177734375,2528.743798828125,2555.408935546875,14000,0.0,0.0
2019-07-24 00:00:00+09:00,2599.8511695537986,2622.0721197209255,2573.186029353247,2617.6279296875,4400,0.0,0.0
2019-07-25 00:00:00+09:00,2639.848681149067,2684.2905781381082,2635.404491450163,2648.737060546875,3200,0.0,0.0
2019-07-26 00:00:00+09:00,2648.7371565755207,2679.846485595703,2608.7394478352862,2666.513916015625,4800,0.0,0.0
2019-07-29 00:00:00+09:00,2710.9557150842343,2710.9557150842343,2670.9580078125,2670.9580078125,2200,0.0,0.0
2019-07-30 00:00:00+09:00,2679.84619140625,2688.734570150549,2679.84619140625,2679.84619140625,1800,0.0,0.0
2019-07-31 00:00:00+09:00,2653.181250245779,2693.1789575359167,2644.292870847971,2648.737060546875,6600,0.0,0.0
2019-08-01 00:00:00+09:00,2648.737060546875,2684.2905781381082,2644.292870847971,2648.737060546875,5200,0.0,0.0
2019-08-02 00:00:00+09:00,2608.739158963242,2635.4042951707024,2546.5205078125,2546.5205078125,10200,0.0,0.0
2019-08-05 00:00:00+09:00,2519.8554199218747,2550.96474609375,2488.74609375,2488.74609375,2200,0.0,0.0
2019-08-06 00:00:00+09:00,2488.746193362933,2488.746193362933,2417.6391592668488,2439.860107421875,1800,0.0,0.0
2019-08-07 00:00:00+09:00,2484.30224609375,2484.30224609375,2484.30224609375,2484.30224609375,200,0.0,0.0
2019-08-08 00:00:00+09:00,2484.302150197072,2484.302150197072,2466.525390625,2466.525390625,600,0.0,0.0
2019-08-09 00:00:00+09:00,2422.083446196396,2435.416015625,2422.083446196396,2435.416015625,2000,0.0,0.0
2019-08-13 00:00:00+09:00,2435.4158710863376,2435.4158710863376,2319.86694289611,2342.087890625,2800,0.0,0.0
2019-08-14 00:00:00+09:00,2404.306639283568,2430.9717776120365,2395.418259840745,2426.527587890625,2200,0.0,0.0
2019-08-15 00:00:00+09:00,2435.415967333448,2448.748536497682,2417.639208447802,2426.527587890625,7200,0.0,0.0
2019-08-16 00:00:00+09:00,2422.08349609375,2444.304445599197,2422.08349609375,2422.08349609375,5800,0.0,0.0
2019-08-19 00:00:00+09:00,2444.3043467762704,2444.3043467762704,2422.0833981692135,2426.527587890625,2800,0.0,0.0
2019-08-20 00:00:00+09:00,2382.0856430951285,2417.63916015625,2382.0856430951285,2417.63916015625,400,0.0,0.0
2019-08-21 00:00:00+09:00,2404.306884765625,2404.306884765625,2404.306884765625,2404.306884765625,200,0.0,0.0
2019-08-22 00:00:00+09:00,2417.639161062152,2417.639161062152,2377.6414543534033,2395.418212890625,11600,0.0,0.0
2019-08-23 00:00:00+09:00,2417.639111060329,2444.304248314671,2395.4181633483777,2430.9716796875,8600,0.0,0.0
2019-08-26 00:00:00+09:00,2355.4206043694303,2435.4160211215994,2355.4206043694303,2368.753173828125,3000,0.0,0.0
2019-08-27 00:00:00+09:00,2395.418115234375,2457.636767578125,2337.64365234375,2377.641357421875,11000,0.0,0.0
2019-08-28 00:00:00+09:00,2404.306884765625,2422.083645466295,2399.8626945904575,2404.306884765625,2200,0.0,0.0
2019-08-29 00:00:00+09:00,2404.3067364893923,2422.08349609375,2404.3067364893923,2422.08349609375,600,0.0,0.0
2019-08-30 00:00:00+09:00,2404.306884765625,2404.306884765625,2404.306884765625,2404.306884765625,800,0.0,0.0
2019-09-02 00:00:00+09:00,2404.306884765625,2404.306884765625,2404.306884765625,2404.306884765625,2000,0.0,0.0
2019-09-03 00:00:00+09:00,2395.4183566872134,2444.304445599197,2395.4183566872134,2422.08349609375,3600,0.0,0.0
2019-09-04 00:00:00+09:00,2422.0833497888902,2430.9717290541703,2399.8624016256895,2417.63916015625,13400,0.0,0.0
2019-09-05 00:00:00+09:00,2422.083446196396,2470.9695341012775,2417.6392563868612,2435.416015625,3200,0.0,0.0
2019-09-06 00:00:00+09:00,2470.9694837511342,2470.9694837511342,2435.4159659993193,2448.74853515625,1200,0.0,0.0
2019-09-09 00:00:00+09:00,2444.304426807468,2622.072021484375,2444.304426807468,2622.072021484375,1400,0.0,0.0
2019-09-10 00:00:00+09:00,2622.071727066972,2630.9601058027924,2546.5205078125,2546.5205078125,2000,0.0,0.0
2019-09-11 00:00:00+09:00,2546.520605554114,2613.1834486314465,2542.076416015625,2542.076416015625,1600,0.0,0.0
2019-09-12 00:00:00+09:00,2537.632422303317,2586.5185109991776,2533.188232421875,2533.188232421875,3800,0.0,0.0
2019-09-13 00:00:00+09:00,2533.1883218843645,2622.072122652237,2533.1883218843645,2595.406982421875,3400,0.0,0.0
2019-09-17 00:00:00+09:00,2595.4066892035776,2622.0718264214224,2564.2973624494252,2608.7392578125,5400,0.0,0.0
2019-09-18 00:00:00+09:00,2586.5181630452475,2595.406541612413,2555.408838060167,2559.85302734375,2600,0.0,0.0
2019-09-19 00:00:00+09:00,2533.188036938647,2573.185742785047,2533.188036938647,2542.076416015625,4200,0.0,0.0
2019-09-20 00:00:00+09:00,2542.0762212135232,2555.408788807301,2542.0762212135232,2550.964599609375,1400,0.0,0.0
2019-09-24 00:00:00+09:00,2555.408838060167,2559.85302734375,2546.5204594930015,2559.85302734375,4400,0.0,0.0
2019-09-25 00:00:00+09:00,2515.41142509353,2533.18818428147,2510.967235296545,2524.2998046875,19000,0.0,0.0
2019-09-26 00:00:00+09:00,2528.7438474001583,2542.076416015625,2502.0787101692254,2542.076416015625,18800,0.0,0.0
2019-09-27 00:00:00+09:00,2533.188134509085,2542.076513928415,2524.299755089755,2537.63232421875,4200,0.0,0.0
2019-09-30 00:00:00+09:00,2533.188036938647,2546.520605554114,2519.8554683231805,2542.076416015625,3000,0.0,0.0
2019-10-01 00:00:00+09:00,2542.0763671874997,2555.408935546875,2533.18798828125,2555.408935546875,4600,0.0,0.0
2019-10-02 00:00:00+09:00,2542.076416015625,2599.85088001598,2542.076416015625,2542.076416015625,8200,0.0,0.0
2019-10-03 00:00:00+09:00,2533.188232421875,2533.188232421875,2533.188232421875,2533.188232421875,400,0.0,0.0
2019-10-04 00:00:00+09:00,2533.1881808904627,2568.74169921875,2533.1881808904627,2568.74169921875,1600,0.0,0.0
2019-10-07 00:00:00+09:00,2542.076657617526,2564.297607421875,2537.632467656656,2564.297607421875,3000,0.0,0.0
2019-10-08 00:00:00+09:00,2586.518602345088,2599.8511724602686,2564.2976521531195,2595.406982421875,5000,0.0,0.0
2019-10-09 00:00:00+09:00,2595.4069346005153,2595.4069346005153,2586.5185546875,2586.5185546875,1200,0.0,0.0
2019-10-10 00:00:00+09:00,2595.4068843482905,2599.85107421875,2582.0743147369126,2599.85107421875,5600,0.0,0.0
2019-10-11 00:00:00+09:00,2728.7323716562005,2808.727783203125,2706.511424004277,2808.727783203125,22200,0.0,0.0
2019-10-15 00:00:00+09:00,2875.3910307301035,3159.819200694132,2875.3910307301035,3088.712158203125,25800,0.0,0.0
2019-10-16 00:00:00+09:00,3088.7117706208273,3088.7117706208273,2995.3837890625,2995.3837890625,8800,0.0,0.0
2019-10-17 00:00:00+09:00,3039.8255859375,3093.1558593749996,3022.048828125,3022.048828125,21600,0.0,0.0
2019-10-18 00:00:00+09:00,3030.937403496036,3079.823490649198,3013.16064453125,3013.16064453125,20000,0.0,0.0
2019-10-21 00:00:00+09:00,3013.16064453125,3030.937403496036,3013.16064453125,3013.16064453125,10800,0.0,0.0
2019-10-23 00:00:00+09:00,3017.604638671875,3030.9372070312497,2977.60693359375,2977.60693359375,12600,0.0,0.0
2019-10-24 00:00:00+09:00,3062.0468291788857,3062.0468291788857,2977.6072214076244,3030.9375,6800,0.0,0.0
2019-10-25 00:00:00+09:00,3030.937305846625,3053.1582538367024,2995.3837890625,2995.3837890625,6000,0.0,0.0
2019-10-28 00:00:00+09:00,3022.048828125,3035.381396484375,2968.7185546875,2977.60693359375,11800,0.0,0.0
2019-10-29 00:00:00+09:00,2982.051123046875,3035.381396484375,2982.051123046875,3022.048828125,16000,0.0,0.0
2019-10-30 00:00:00+09:00,3022.048926650594,3035.38149544464,2995.3837890625,2995.3837890625,15000,0.0,0.0
2019-10-31 00:00:00+09:00,3022.048976574143,3035.381545588441,2982.05126953125,2982.05126953125,8800,0.0,0.0
2019-11-01 00:00:00+09:00,2982.05126953125,2982.05126953125,2982.05126953125,2982.05126953125,0,0.0,0.0
2019-11-05 00:00:00+09:00,2982.0512202684536,2995.3837890625,2968.7186514744067,2995.3837890625,2000,0.0,0.0
2019-11-06 00:00:00+09:00,2995.383888473054,2999.828078218563,2968.71875,2968.71875,1400,0.0,0.0
2019-11-07 00:00:00+09:00,2964.2745108455197,2986.4954592026825,2959.830321174087,2982.05126953125,4200,0.0,0.0
2019-11-08 00:00:00+09:00,2968.7186014840386,3097.60009765625,2968.7186014840386,3097.60009765625,5800,0.0,0.0
2019-11-11 00:00:00+09:00,3075.3793966634826,3075.3793966634826,2982.051409192481,3053.158447265625,2800,0.0,0.0
2019-11-12 00:00:00+09:00,3097.600538514501,3137.5982499156926,3066.4912074246854,3088.712158203125,14200,0.0,0.0
2019-11-13 00:00:00+09:00,3110.9328595966313,3150.930567791445,3110.9328595966313,3133.15380859375,4400,0.0,0.0
2019-11-14 00:00:00+09:00,3137.598040382618,3208.705078125,3137.598040382618,3208.705078125,5200,0.0,0.0
2019-11-15 00:00:00+09:00,3208.7051485985826,3524.2426355106313,3208.7051485985826,3448.69140625,11000,0.0,0.0
2019-11-18 00:00:00+09:00,3422.0260261555563,3422.0260261555563,3386.4725090006937,3404.249267578125,6800,0.0,0.0
2019-11-19 00:00:00+09:00,3404.248973258399,3404.248973258399,3373.1396484375,3373.1396484375,7600,0.0,0.0
2019-11-20 00:00:00+09:00,3395.361229830474,3404.249610013276,3390.917039739073,3399.805419921875,6800,0.0,0.0
2019-11-21 00:00:00+09:00,3399.8047355591784,3399.8047355591784,3355.3628435910846,3386.47216796875,6200,0.0,0.0
2019-11-22 00:00:00+09:00,3386.472509958114,3390.9166996037284,3382.0283203125,3382.0283203125,6600,0.0,0.0
2019-11-25 00:00:00+09:00,3413.137793350717,3417.581983185809,3386.4726543401644,3408.693603515625,10200,0.0,0.0
2019-11-26 00:00:00+09:00,3408.693506883294,3422.026076010608,3390.916748046875,3390.916748046875,15400,0.0,0.0
2019-11-27 00:00:00+09:00,3390.916746775309,3413.1376953125,3390.916746775309,3413.1376953125,6400,0.0,0.0
2019-11-28 00:00:00+09:00,3413.1377435064937,3426.470312817066,3413.1377435064937,3422.026123046875,44200,0.0,0.0
2019-11-29 00:00:00+09:00,3408.6934085865923,3422.025977329434,3395.36083984375,3395.36083984375,10800,0.0,0.0
2019-12-02 00:00:00+09:00,3399.805128756803,3435.3586464431482,3368.69580078125,3368.69580078125,20200,0.0,0.0
2019-12-03 00:00:00+09:00,3377.584181503154,3377.584181503154,3319.8097152406003,3346.474853515625,11400,0.0,0.0
2019-12-04 00:00:00+09:00,3350.9190419380775,3368.69580078125,3293.1445756977655,3368.69580078125,16600,0.0,0.0
2019-12-05 00:00:00+09:00,3395.3610885174903,3395.3610885174903,3350.919189453125,3350.919189453125,12800,0.0,0.0
2019-12-06 00:00:00+09:00,3350.9190930989585,3377.5842317708334,3333.142333984375,3333.142333984375,12400,0.0,0.0
2019-12-09 00:00:00+09:00,3350.9189947257823,3364.2515636703147,3337.58642578125,3337.58642578125,15000,0.0,0.0
2019-12-10 00:00:00+09:00,3373.140094602847,3395.361043842655,3288.700487491577,3297.5888671875,20400,0.0,0.0
2019-12-11 00:00:00+09:00,3399.804980984767,3399.804980984767,3355.3630858084957,3364.25146484375,23400,0.0,0.0
2019-12-12 00:00:00+09:00,3297.5885742187497,3359.8072265624996,3293.1443847656246,3355.363037109375,18600,0.0,0.0
2019-12-13 00:00:00+09:00,3355.3633793595613,3364.2517591724345,3333.142429827379,3350.919189453125,14000,0.0,0.0
2019-12-16 00:00:00+09:00,3337.586474090617,3355.363232940633,3333.1422843781124,3346.474853515625,15000,0.0,0.0
2019-12-17 00:00:00+09:00,3346.474853515625,3359.8074226531376,3346.474853515625,3346.474853515625,14600,0.0,0.0
2019-12-18 00:00:00+09:00,3364.2515570953606,4013.103244461176,3364.2515570953606,3493.133056640625,139400,0.0,0.0
2019-12-19 00:00:00+09:00,3373.1400419921874,3444.247078450521,3293.1446259765626,3333.142333984375,38800,0.0,0.0
2019-12-20 00:00:00+09:00,3404.2491665953844,3653.123779296875,3377.584029520225,3653.123779296875,30400,0.0,0.0
2019-12-23 00:00:00+09:00,3639.791407448236,3666.4565459643404,3564.240181652607,3622.0146484375,15200,0.0,0.0
2019-12-24 00:00:00+09:00,3622.0145039086947,3622.0145039086947,3488.6888166482518,3550.907470703125,6200,0.0,0.0
2019-12-25 00:00:00+09:00,3617.570364640586,3617.570364640586,3502.02143407467,3537.574951171875,5400,0.0,0.0
2019-12-26 00:00:00+09:00,3533.130664247455,3533.130664247455,3493.1329586144648,3519.798095703125,1600,0.0,0.0
2019-12-27 00:00:00+09:00,3515.3542407771793,3617.5706093459216,3515.3542407771793,3582.01708984375,6000,0.0,0.0
2019-12-30 00:00:00+09:00,3555.351802147239,3635.347217695552,3528.6866636311347,3622.0146484375,5600,0.0,0.0
2020-01-06 00:00:00+09:00,3622.0145479608527,3777.5611849898464,3608.6819790726536,3693.12158203125,13600,0.0,0.0
2020-01-07 00:00:00+09:00,3693.1214355468746,3715.3423828124996,3613.126025390625,3688.67724609375,11800,0.0,0.0
2020-01-08 00:00:00+09:00,3622.0148421383137,3644.235792090082,3559.796182273361,3635.347412109375,8200,0.0,0.0
2020-01-09 00:00:00+09:00,3644.2354002718216,3688.6772953970876,3604.237694659082,3653.123779296875,16600,0.0,0.0
2020-01-10 00:00:00+09:00,3653.123877131547,3653.123877131547,3626.4587393422657,3648.6796875,4200,0.0,0.0
2020-01-14 00:00:00+09:00,3648.679685737252,3715.342530178249,3644.235496107852,3693.12158203125,16800,0.0,0.0
2020-01-15 00:00:00+09:00,3693.121632757917,3697.5658224483595,3657.568115234375,3657.568115234375,9400,0.0,0.0
2020-01-16 00:00:00+09:00,3693.121724688242,3839.7799881235155,3693.121724688242,3742.0078125,29000,0.0,0.0
2020-01-17 00:00:00+09:00,3746.4519554640715,3768.6729041916165,3693.121678517964,3710.8984375,15200,0.0,0.0
2020-01-20 00:00:00+09:00,3697.565722422062,3728.675049413594,3697.565722422062,3706.4541015625,3000,0.0,0.0
2020-01-21 00:00:00+09:00,3706.4546042402485,3706.4546042402485,3590.90565974355,3617.57080078125,5200,0.0,0.0
2020-01-22 00:00:00+09:00,3617.570360079172,3657.568066763094,3617.570360079172,3648.6796875,2000,0.0,0.0
2020-01-23 00:00:00+09:00,3644.235542679743,3746.4519054622237,3622.0145942487693,3724.23095703125,27600,0.0,0.0
2020-01-24 00:00:00+09:00,3710.898242959721,3710.898242959721,3644.2354002718216,3653.123779296875,5200,0.0,0.0
2020-01-27 00:00:00+09:00,3653.1239767062884,3653.1239767062884,3622.0146484375,3622.0146484375,400,0.0,0.0
2020-01-28 00:00:00+09:00,3582.01689648927,3582.01689648927,3537.574999510495,3546.46337890625,2800,0.0,0.0
2020-01-29 00:00:00+09:00,3470.912109375,3470.912109375,3422.026023327465,3470.912109375,1800,0.0,0.0
2020-01-30 00:00:00+09:00,3470.912109375,3470.912109375,3422.026023327465,3470.912109375,1800,0.0,0.0
2020-01-31 00:00:00+09:00,3404.2493671618013,3404.2493671618013,3377.584228515625,3377.584228515625,400,0.0,0.0
2020-02-03 00:00:00+09:00,3444.246978350683,3444.246978350683,3315.365478515625,3315.365478515625,1400,0.0,0.0
2020-02-04 00:00:00+09:00,3315.3655670362905,3546.463434979839,3315.3655670362905,3444.2470703125,3400,0.0,0.0
2020-02-05 00:00:00+09:00,3444.2471774882915,3444.2471774882915,3350.919189453125,3350.919189453125,4200,0.0,0.0
2020-02-06 00:00:00+09:00,3350.918944034277,3479.800441881749,3350.918944034277,3395.36083984375,3800,0.0,0.0
2020-02-07 00:00:00+09:00,3386.4725583377704,3404.249317174189,3386.4725583377704,3390.916748046875,1000,0.0,0.0
2020-02-10 00:00:00+09:00,3390.9167418504126,3502.021484375,3390.9167418504126,3502.021484375,800,0.0,0.0
2020-02-12 00:00:00+09:00,3502.0212890625,3510.90966796875,3470.9119628906246,3510.90966796875,4600,0.0,0.0
2020-02-13 00:00:00+09:00,3510.90966796875,3533.130615234375,3435.358447265625,3510.90966796875,4000,0.0,0.0
2020-02-14 00:00:00+09:00,3506.4657779357594,3506.4657779357594,3426.470360948632,3430.91455078125,4200,0.0,0.0
2020-02-17 00:00:00+09:00,3395.360892206351,3395.360892206351,3297.588719917686,3315.365478515625,3000,0.0,0.0
2020-02-18 00:00:00+09:00,3315.36518805583,3373.1396484375,3315.36518805583,3373.1396484375,2800,0.0,0.0
2020-02-19 00:00:00+09:00,3306.47705078125,3355.3631362094675,3306.47705078125,3306.47705078125,3200,0.0,0.0
2020-02-20 00:00:00+09:00,3306.477002416893,3306.477002416893,3173.151316835567,3275.36767578125,8200,0.0,0.0
2020-02-21 00:00:00+09:00,3279.8119632886805,3279.8119632886805,3248.702635723612,3270.923583984375,3600,0.0,0.0
2020-02-25 00:00:00+09:00,3257.591222507493,3257.591222507493,3150.9306640625,3150.9306640625,6800,0.0,0.0
2020-02-26 00:00:00+09:00,3039.825729896282,3115.3769541773304,3022.048971241918,3093.156005859375,5200,0.0,0.0
2020-02-27 00:00:00+09:00,3097.600099098735,3097.600099098735,2982.0511714422546,3008.71630859375,6600,0.0,0.0
2020-02-28 00:00:00+09:00,2919.8325180887646,3048.714014320993,2919.8325180887646,3008.71630859375,8400,0.0,0.0
2020-03-02 00:00:00+09:00,2999.8280738841736,3044.26997127505,2942.0536072760337,3035.381591796875,12600,0.0,0.0
2020-03-03 00:00:00+09:00,2990.93974537037,3017.604884259259,2937.6094675925924,2999.828125,2600,0.0,0.0
2020-03-04 00:00:00+09:00,2955.3862268518515,3013.1606944444443,2955.3862268518515,2999.828125,4600,0.0,0.0
2020-03-05 00:00:00+09:00,3022.0491245814733,3022.0491245814733,2986.49560546875,2986.49560546875,2200,0.0,0.0
2020-03-06 00:00:00+09:00,2995.3840383506686,2995.3840383506686,2950.942138671875,2950.942138671875,3200,0.0,0.0
2020-03-09 00:00:00+09:00,2884.2794856473556,2964.274910518931,2884.2794856473556,2919.8330078125,1200,0.0,0.0
2020-03-10 00:00:00+09:00,2755.397705078125,2764.2860847719253,2675.4022878339215,2755.397705078125,3200,0.0,0.0
2020-03-11 00:00:00+09:00,2764.2858398437497,2830.9486816406247,2764.2858398437497,2822.060302734375,4400,0.0,0.0
2020-03-12 00:00:00+09:00,2777.618408203125,2795.395166015625,2684.2904296875,2710.95556640625,6200,0.0,0.0
2020-03-13 00:00:00+09:00,2710.9561152114743,2755.398018739531,2653.181640625,2653.181640625,9000,0.0,0.0
2020-03-16 00:00:00+09:00,2742.0651436360677,2755.397713216146,2653.181346435547,2666.513916015625,9200,0.0,0.0
2020-03-17 00:00:00+09:00,2533.1881713867188,2710.9557623612254,2466.525324771279,2702.0673828125,11600,0.0,0.0
2020-03-18 00:00:00+09:00,2666.5140142424875,2684.2907743374376,2590.9627838389506,2662.06982421875,6000,0.0,0.0
2020-03-19 00:00:00+09:00,2550.9649856436968,2657.625542534722,2466.5253781049682,2599.85107421875,8000,0.0,0.0
2020-03-23 00:00:00+09:00,2622.071878604185,2622.071878604185,2448.7484832388236,2528.743896484375,5200,0.0,0.0
2020-03-24 00:00:00+09:00,2506.523088968211,2630.9604054418105,2506.523088968211,2577.630126953125,7800,0.0,0.0
2020-03-25 00:00:00+09:00,2657.625830977806,2688.7351634474458,2653.181640625,2653.181640625,5800,0.0,0.0
2020-03-26 00:00:00+09:00,2653.1812566700414,2653.1812566700414,2537.63232421875,2537.63232421875,5600,0.0,0.0
2020-03-27 00:00:00+09:00,2662.069726155599,2710.955814615885,2604.2952579752605,2666.513916015625,5400,0.0,0.0
2020-03-30 00:00:00+09:00,2712.1732165320445,2757.8326982918434,2693.909423828125,2693.909423828125,2600,80.0,0.0
2020-03-31 00:00:00+09:00,2689.3433819110573,2785.228290264423,2648.2498497596152,2671.07958984375,5200,0.0,0.0
2020-04-01 00:00:00+09:00,2639.1182874268443,2639.1182874268443,2543.2333669493983,2584.326904296875,3800,0.0,0.0
2020-04-02 00:00:00+09:00,2584.3266548295455,2629.9861363636364,2511.271484375,2511.271484375,4600,0.0,0.0
2020-04-03 00:00:00+09:00,2566.0628043038505,2593.4584926060265,2534.1011679513113,2556.930908203125,7200,0.0,0.0
2020-04-06 00:00:00+09:00,2556.9309413580245,2588.892578125,2511.2714602623455,2588.892578125,11000,0.0,0.0
2020-04-07 00:00:00+09:00,2602.590336255136,2680.211451546956,2579.7605964634245,2639.117919921875,15200,0.0,0.0
2020-04-08 00:00:00+09:00,2629.9862664473685,2629.9862664473685,2593.4586794133775,2602.590576171875,8800,0.0,0.0
2020-04-09 00:00:00+09:00,2616.288299879546,2639.118040716191,2602.5904553775586,2620.854248046875,14800,0.0,0.0
2020-04-10 00:00:00+09:00,2602.590576171875,2625.4203180681197,2579.7608342756307,2602.590576171875,5000,0.0,0.0
2020-04-13 00:00:00+09:00,2602.5904224537035,2602.5904224537035,2588.892578125,2588.892578125,1600,0.0,0.0
2020-04-14 00:00:00+09:00,2593.4587097704307,2598.024658203125,2556.9311223088753,2598.024658203125,14200,0.0,0.0
2020-04-15 00:00:00+09:00,2579.760744317872,2739.568932018979,2561.496951437746,2616.288330078125,21200,0.0,0.0
2020-04-16 00:00:00+09:00,2661.947716941296,2661.947716941296,2593.45849609375,2593.45849609375,3600,0.0,0.0
2020-04-17 00:00:00+09:00,2547.7990121023995,2556.930908203125,2520.403323800223,2556.930908203125,13000,0.0,0.0
2020-04-20 00:00:00+09:00,2556.9309685819894,2561.4969167401714,2547.799072265625,2547.799072265625,3800,0.0,0.0
2020-04-21 00:00:00+09:00,2570.6289366589745,2607.156523680772,2566.06298828125,2566.06298828125,6400,0.0,0.0
2020-04-22 00:00:00+09:00,2575.194733796296,2625.420163001543,2552.364993248457,2588.892578125,3000,0.0,0.0
2020-04-23 00:00:00+09:00,2634.552097540387,2693.909423828125,2634.552097540387,2693.909423828125,6200,0.0,0.0
2020-04-24 00:00:00+09:00,2739.569091796875,2785.2285766601562,2684.7777099609375,2776.0966796875,8000,0.0,0.0
2020-04-27 00:00:00+09:00,2753.266778890114,2753.266778890114,2652.81591796875,2652.81591796875,1000,0.0,0.0
2020-04-28 00:00:00+09:00,2712.173155913482,2808.058065465979,2703.041259765625,2703.041259765625,3400,0.0,0.0
2020-04-30 00:00:00+09:00,2748.7006794836384,2776.0963673190236,2671.079563950047,2712.173095703125,7600,0.0,0.0
2020-05-01 00:00:00+09:00,2703.0415959252973,2712.1734932088284,2648.2502122241085,2689.34375,5600,0.0,0.0
2020-05-07 00:00:00+09:00,2703.0414717023173,2703.0414717023173,2561.4970703125,2561.4970703125,2600,0.0,0.0
2020-05-08 00:00:00+09:00,2625.4202649484273,2794.3603515625,2607.15647180096,2794.3603515625,3600,0.0,0.0
2020-05-11 00:00:00+09:00,2739.5687876349666,2776.0963714700997,2716.7390477380086,2748.70068359375,33000,0.0,0.0
2020-05-12 00:00:00+09:00,2739.568817595674,2762.3985577423045,2739.568817595674,2744.134765625,19600,0.0,0.0
2020-05-13 00:00:00+09:00,2762.3988342285156,2762.3988342285156,2739.569091796875,2739.569091796875,2000,0.0,0.0
2020-05-14 00:00:00+09:00,2739.569091796875,2808.058319091797,2716.7393493652344,2776.0966796875,11000,0.0,0.0
2020-05-15 00:00:00+09:00,2739.5691219625205,2785.2286073285622,2725.871276352708,2771.53076171875,23000,0.0,0.0
2020-05-18 00:00:00+09:00,2776.096618852459,2785.228515625,2744.134980148566,2785.228515625,3000,0.0,0.0
2020-05-19 00:00:00+09:00,2798.9263607838116,2830.887999487705,2785.228515625,2785.228515625,17200,0.0,0.0
2020-05-20 00:00:00+09:00,2789.7946164005148,2821.7562568502753,2785.228667764835,2798.926513671875,2800,0.0,0.0
2020-05-21 00:00:00+09:00,2826.321992716212,2867.41552734375,2826.321992716212,2867.41552734375,1400,0.0,0.0
2020-05-22 00:00:00+09:00,2840.0198076063193,2871.9814453125,2840.0198076063193,2871.9814453125,1200,0.0,0.0
2020-05-25 00:00:00+09:00,2881.113343722405,2917.640929696698,2881.113343722405,2908.509033203125,2200,0.0,0.0
2020-05-26 00:00:00+09:00,2913.074890899658,2922.206787109375,2894.8110984802247,2922.206787109375,9000,0.0,0.0
2020-05-27 00:00:00+09:00,2903.942938701923,2981.564054987981,2903.942938701923,2967.8662109375,21200,0.0,0.0
2020-05-28 00:00:00+09:00,3059.1852982547307,3059.1852982547307,2945.036593095972,2986.130126953125,1800,0.0,0.0
2020-05-29 00:00:00+09:00,2986.1302793059035,3022.6578668203488,2963.300537109375,2963.300537109375,800,0.0,0.0
2020-06-01 00:00:00+09:00,2917.640897042411,2917.640897042411,2876.54736328125,2876.54736328125,3200,0.0,0.0
2020-06-02 00:00:00+09:00,2876.547516013774,2922.2070003949448,2853.717773823188,2890.245361328125,4200,0.0,0.0
2020-06-03 00:00:00+09:00,2903.9432073984012,2963.300537109375,2890.2453620804845,2963.300537109375,10000,0.0,0.0
2020-06-04 00:00:00+09:00,2972.4321662971565,3040.92138671875,2972.4321662971565,3040.92138671875,1600,0.0,0.0
2020-06-05 00:00:00+09:00,3027.2236952161575,3054.619384765625,3018.0917986996683,3054.619384765625,2600,0.0,0.0
2020-06-08 00:00:00+09:00,3054.619416547245,3086.5810546875,3050.053468241494,3086.5810546875,3800,0.0,0.0
2020-06-09 00:00:00+09:00,3113.9765728742473,3232.6912222800106,3104.8446767661117,3223.559326171875,8400,0.0,0.0
2020-06-10 00:00:00+09:00,3205.2954658993403,3205.2954658993403,3159.635986328125,3159.635986328125,3200,0.0,0.0
2020-06-11 00:00:00+09:00,3273.7849718495845,3324.0104037747524,3200.7297981402494,3228.12548828125,18600,0.0,0.0
2020-06-12 00:00:00+09:00,3196.163722764283,3196.163722764283,3059.1852775029565,3136.806396484375,15400,0.0,0.0
2020-06-15 00:00:00+09:00,3100.278898136344,3100.278898136344,3050.053466796875,3050.053466796875,8400,0.0,0.0
2020-06-16 00:00:00+09:00,3077.4489709436,3104.8446591122374,3036.355438690644,3040.92138671875,9200,0.0,0.0
2020-06-17 00:00:00+09:00,3086.5809008752785,3109.410641266368,3072.883056640625,3072.883056640625,5800,0.0,0.0
2020-06-18 00:00:00+09:00,3072.883240017361,3109.4108268229165,3072.883240017361,3082.01513671875,6600,0.0,0.0
2020-06-19 00:00:00+09:00,3086.581115541543,3132.240599499258,3077.44921875,3077.44921875,7800,0.0,0.0
2020-06-22 00:00:00+09:00,3077.449156618404,3077.449156618404,3050.053466796875,3050.053466796875,7000,0.0,0.0
2020-06-23 00:00:00+09:00,3095.712763056025,3095.712763056025,3040.92138671875,3040.92138671875,4600,0.0,0.0
2020-06-24 00:00:00+09:00,3040.92138671875,3040.92138671875,2922.206737987988,3040.92138671875,3800,0.0,0.0
2020-06-25 00:00:00+09:00,2949.6025062047634,2981.5641432689017,2917.640869140625,2917.640869140625,4800,0.0,0.0
2020-06-26 00:00:00+09:00,2917.6408390045167,2922.206787109375,2908.5089427947996,2922.206787109375,3200,0.0,0.0
2020-06-29 00:00:00+09:00,2862.8496706994224,2903.9432066424765,2862.8496706994224,2890.245361328125,1800,0.0,0.0
2020-06-30 00:00:00+09:00,2935.9045748197113,3040.9213792067308,2899.376990685096,2967.8662109375,6200,0.0,0.0
2020-07-01 00:00:00+09:00,3050.053558211936,3200.729856746358,3027.223816009751,3036.355712890625,15600,0.0,0.0
2020-07-02 00:00:00+09:00,3082.0151063817493,3127.6745894392566,3068.317261464497,3086.5810546875,12800,0.0,0.0
2020-07-03 00:00:00+09:00,3082.0149527970607,3109.410641266368,3059.1852124059715,3072.883056640625,9400,0.0,0.0
2020-07-06 00:00:00+09:00,3068.317261464497,3086.5810546875,3059.1853648529955,3086.5810546875,4400,0.0,0.0
2020-07-07 00:00:00+09:00,3050.05344006615,3150.5043018647357,3050.05344006615,3127.674560546875,4000,0.0,0.0
2020-07-08 00:00:00+09:00,3164.2021116342116,3164.2021116342116,3059.185302734375,3059.185302734375,12800,0.0,0.0
2020-07-09 00:00:00+09:00,3095.712888438666,3132.240474142957,3059.185302734375,3059.185302734375,7800,0.0,0.0
2020-07-10 00:00:00+09:00,3104.844754214791,3113.976650550717,3059.185272535162,3063.751220703125,6200,0.0,0.0
2020-07-13 00:00:00+09:00,3068.3173828125,3104.844970703125,3059.1854858398438,3068.3173828125,9000,0.0,0.0
2020-07-14 00:00:00+09:00,3100.278718383431,3145.9381987719944,3077.44897818915,3113.9765625,7600,0.0,0.0
2020-07-15 00:00:00+09:00,3159.6363525390625,3159.6363525390625,3008.9600524902344,3031.789794921875,21000,0.0,0.0
2020-07-16 00:00:00+09:00,3077.44931007801,3100.279052734375,2999.8281850463686,3100.279052734375,6800,0.0,0.0
2020-07-17 00:00:00+09:00,3059.1852124059715,3072.883056640625,3036.3554720148823,3072.883056640625,1800,0.0,0.0
2020-07-20 00:00:00+09:00,3068.317290573463,3068.317290573463,3036.3556521299897,3045.487548828125,2400,0.0,0.0
2020-07-21 00:00:00+09:00,3045.4874580952655,3059.185302734375,3045.4874580952655,3059.185302734375,2600,0.0,0.0
2020-07-22 00:00:00+09:00,3045.487519935743,3091.1470029932507,3045.487519935743,3086.5810546875,2200,0.0,0.0
2020-07-27 00:00:00+09:00,3059.185393875328,3059.185393875328,3040.9216004790574,3045.487548828125,2200,0.0,0.0
2020-07-28 00:00:00+09:00,3045.4873347468565,3045.4873347468565,3008.9597505220067,3040.92138671875,3800,0.0,0.0
2020-07-29 00:00:00+09:00,2972.432249655864,3013.5257830612445,2935.9046644066366,2954.16845703125,3200,0.0,0.0
2020-07-30 00:00:00+09:00,2954.168332872643,2976.998072693915,2935.904541015625,2935.904541015625,1200,0.0,0.0
2020-07-31 00:00:00+09:00,2940.470856741573,2940.470856741573,2840.019988964687,2844.5859375,1800,0.0,0.0
2020-08-03 00:00:00+09:00,2853.7177422285854,2853.7177422285854,2798.9263615777963,2821.756103515625,1800,0.0,0.0
2020-08-04 00:00:00+09:00,2867.415802245315,2894.811494623455,2794.360622570275,2862.849853515625,5200,0.0,0.0
2020-08-05 00:00:00+09:00,2871.981658074549,2963.3006297144393,2871.981658074549,2913.0751953125,2600,0.0,0.0
2020-08-06 00:00:00+09:00,2913.075016276042,3031.7896721117427,2913.075016276042,3013.52587890625,3000,0.0,0.0
2020-08-07 00:00:00+09:00,3031.7896155973453,3095.712890625,2986.1301334347345,3095.712890625,6200,0.0,0.0
2020-08-11 00:00:00+09:00,3232.691345730634,3415.329274867958,3187.031863446303,3241.8232421875,31000,0.0,0.0
2020-08-12 00:00:00+09:00,3287.4827285640495,3314.87841796875,3287.4827285640495,3314.87841796875,400,0.0,0.0
2020-08-13 00:00:00+09:00,3310.3126228895762,3401.631591796875,3310.3126228895762,3401.631591796875,4000,0.0,0.0
2020-08-14 00:00:00+09:00,3387.933289886803,3397.065185546875,3360.537602906586,3397.065185546875,3000,0.0,0.0
2020-08-17 00:00:00+09:00,3397.065612296748,3397.065612296748,3333.142334646003,3369.669921875,5000,0.0,0.0
2020-08-18 00:00:00+09:00,3360.537841796875,3360.537841796875,3360.537841796875,3360.537841796875,600,0.0,0.0
2020-08-19 00:00:00+09:00,3360.537841796875,3360.537841796875,3360.537841796875,3360.537841796875,0,0.0,0.0
2020-08-20 00:00:00+09:00,3346.839997333029,3410.7632714976435,3333.142152869183,3360.537841796875,2200,0.0,0.0
2020-08-21 00:00:00+09:00,3419.895068494446,3424.461016516468,3301.180419921875,3301.180419921875,5400,0.0,0.0
2020-08-24 00:00:00+09:00,3360.5379937585503,3397.06558064723,3287.4828199811905,3337.708251953125,4200,0.0,0.0
2020-08-25 00:00:00+09:00,3383.367552220255,3410.763240902201,3287.4826418334465,3365.103759765625,7400,0.0,0.0
2020-08-26 00:00:00+09:00,3410.763488687605,3447.2910762505244,3355.9721073432256,3401.631591796875,9200,0.0,0.0
2020-08-27 00:00:00+09:00,3401.631652914178,3447.291138188194,3387.9338073319736,3392.499755859375,2400,0.0,0.0
2020-08-28 00:00:00+09:00,3387.933409654772,3387.933409654772,3378.801513671875,3378.801513671875,400,0.0,0.0
2020-08-31 00:00:00+09:00,3397.065704386777,3401.631652914178,3392.499755859375,3392.499755859375,800,0.0,0.0
2020-09-01 00:00:00+09:00,3346.8402104524957,3429.0272824690646,3346.8402104524957,3401.631591796875,7800,0.0,0.0
2020-09-02 00:00:00+09:00,3438.1588415462065,3438.1588415462065,3406.1972055690176,3415.3291015625,3800,0.0,0.0
2020-09-03 00:00:00+09:00,3415.3290672971493,3415.3290672971493,3383.367431640625,3383.367431640625,600,0.0,0.0
2020-09-04 00:00:00+09:00,3401.6316532472365,3406.197601775085,3333.1424253295068,3355.97216796875,5000,0.0,0.0
2020-09-07 00:00:00+09:00,3392.4996014370945,3401.6314980762254,3324.0103766436137,3342.274169921875,8400,0.0,0.0
2020-09-08 00:00:00+09:00,3401.6314655172414,3401.6314655172414,3273.7849137931034,3310.3125,5600,0.0,0.0
2020-09-09 00:00:00+09:00,3287.4827244718313,3333.142206756162,3223.5594492737678,3241.8232421875,4200,0.0,0.0
2020-09-10 00:00:00+09:00,3287.482784598214,3287.482784598214,3196.163818359375,3196.163818359375,12600,0.0,0.0
2020-09-11 00:00:00+09:00,3168.7679162195996,3237.2571363108013,3168.7679162195996,3191.59765625,4200,0.0,0.0
2020-09-14 00:00:00+09:00,3196.163818359375,3228.1254565429685,3177.900025111607,3196.163818359375,14000,0.0,0.0
2020-09-15 00:00:00+09:00,3200.7295522621603,3214.4273962804004,3168.7679162195996,3191.59765625,14600,0.0,0.0
2020-09-16 00:00:00+09:00,3191.597746750404,3218.9934355637124,3177.89990234375,3177.89990234375,10200,0.0,0.0
2020-09-17 00:00:00+09:00,3177.900025111607,3255.5211464146205,3155.0702835518973,3196.163818359375,10800,0.0,0.0
2020-09-18 00:00:00+09:00,3218.993559919085,3218.993559919085,3141.372438616071,3196.163818359375,15200,0.0,0.0
2020-09-23 00:00:00+09:00,3187.0319188882036,3187.0319188882036,3123.108642578125,3123.108642578125,4800,0.0,0.0
2020-09-24 00:00:00+09:00,3123.108733996421,3191.5979606191495,3100.2789917888445,3109.410888671875,9800,0.0,0.0
2020-09-25 00:00:00+09:00,3095.7127970317147,3132.2403816574574,3063.7511604841893,3072.883056640625,12600,0.0,0.0
2020-09-28 00:00:00+09:00,3077.4490955865203,3109.410733077775,3059.185302734375,3059.185302734375,13000,0.0,0.0
2020-09-29 00:00:00+09:00,3091.146815027919,3104.8446591122374,3040.92138671875,3040.92138671875,16400,0.0,0.0
2020-09-30 00:00:00+09:00,3040.921452780331,3104.8447265625,3040.921452780331,3104.8447265625,8800,0.0,0.0
2020-10-02 00:00:00+09:00,3136.80620751881,3136.80620751881,3091.146728515625,3091.146728515625,4800,0.0,0.0
2020-10-05 00:00:00+09:00,3059.1852452895223,3118.5425709443934,3059.1852452895223,3104.8447265625,7000,0.0,0.0
2020-10-06 00:00:00+09:00,3118.542724609375,3141.3724663707903,3091.147034495676,3118.542724609375,8200,0.0,0.0
2020-10-07 00:00:00+09:00,3127.6746223769896,3173.33410591534,3123.108674023155,3155.0703125,9400,0.0,0.0
2020-10-08 00:00:00+09:00,3155.070038371003,3187.0316740708545,3155.070038371003,3159.635986328125,3800,0.0,0.0
2020-10-09 00:00:00+09:00,3173.3340146287373,3191.597807518687,3141.372377071326,3168.76806640625,8200,0.0,0.0
2020-10-12 00:00:00+09:00,3150.5042107160702,3209.861536425213,3141.372314453125,3141.372314453125,4200,0.0,0.0
2020-10-13 00:00:00+09:00,3155.070342929121,3182.4660333163497,3150.50439453125,3150.50439453125,2200,0.0,0.0
2020-10-14 00:00:00+09:00,3150.5043324253015,3173.3340739646155,3095.7129527309485,3123.108642578125,14000,0.0,0.0
2020-10-15 00:00:00+09:00,3127.674467198989,3150.504207835478,3063.75119341682,3104.8447265625,13400,0.0,0.0
2020-10-16 00:00:00+09:00,3104.8448479105027,3136.806486050758,3082.0151063817493,3086.5810546875,5800,0.0,0.0
2020-10-19 00:00:00+09:00,3100.279052734375,3118.5428468594673,3059.185515952918,3100.279052734375,3000,0.0,0.0
2020-10-20 00:00:00+09:00,3100.278870965443,3136.8064570740194,3095.7129227018704,3127.674560546875,9200,0.0,0.0
2020-10-21 00:00:00+09:00,3127.6744700587074,3164.202055110488,3127.6744700587074,3141.372314453125,5600,0.0,0.0
2020-10-22 00:00:00+09:00,3168.7680032419603,3168.7680032419603,3127.6744700587074,3141.372314453125,2400,0.0,0.0
2020-10-23 00:00:00+09:00,3118.5425709443934,3164.2020522173716,3082.014985926011,3104.8447265625,5800,0.0,0.0
2020-10-26 00:00:00+09:00,3104.844819229015,3127.674560546875,3104.844819229015,3127.674560546875,1000,0.0,0.0
2020-10-27 00:00:00+09:00,3086.5808742668623,3127.674406616569,3086.5808742668623,3113.9765625,3400,0.0,0.0
2020-10-28 00:00:00+09:00,3091.146942408739,3136.8064245713495,3091.146942408739,3095.712890625,4600,0.0,0.0
2020-10-29 00:00:00+09:00,3050.053468241494,3095.7129512990014,3050.053468241494,3086.5810546875,3400,0.0,0.0
2020-10-30 00:00:00+09:00,3068.317352698238,3127.674682437936,3068.317352698238,3109.410888671875,6600,0.0,0.0
2020-11-02 00:00:00+09:00,3109.4108279048087,3132.240569666224,3072.8832410865434,3118.542724609375,2600,0.0,0.0
2020-11-04 00:00:00+09:00,3145.9383826622593,3145.9383826622593,3077.449158075998,3086.5810546875,2200,0.0,0.0
2020-11-05 00:00:00+09:00,3086.581056115223,3123.108642578125,3086.581056115223,3123.108642578125,2000,0.0,0.0
2020-11-06 00:00:00+09:00,3123.1085219272345,3141.372314453125,3123.1085219272345,3141.372314453125,3800,0.0,0.0
2020-11-09 00:00:00+09:00,3150.5042735163006,3173.3340146287373,3127.6745324038634,3168.76806640625,19200,0.0,0.0
2020-11-10 00:00:00+09:00,3200.7297081316024,3255.5210868727995,3200.7297081316024,3241.8232421875,4800,0.0,0.0
2020-11-11 00:00:00+09:00,3200.729768052613,3387.9336489230227,3173.3340781691386,3232.69140625,18800,0.0,0.0
2020-11-12 00:00:00+09:00,3301.180632351497,3301.180632351497,3264.653045824786,3269.218994140625,5200,0.0,0.0
2020-11-13 00:00:00+09:00,3264.652862121411,3273.7847582392333,3232.691225709034,3260.0869140625,3400,0.0,0.0
2020-11-16 00:00:00+09:00,3260.0870047138715,3260.0870047138715,3200.7296782975122,3246.38916015625,3400,0.0,0.0
2020-11-17 00:00:00+09:00,3250.955108342124,3278.3507974573663,3246.38916015625,3246.38916015625,1800,0.0,0.0
2020-11-18 00:00:00+09:00,3218.99365234375,3255.5212398880763,3218.99365234375,3218.99365234375,5000,0.0,0.0
2020-11-19 00:00:00+09:00,3218.9934710410075,3246.38916015625,3218.9934710410075,3246.38916015625,600,0.0,0.0
2020-11-20 00:00:00+09:00,3228.125397502201,3241.8232421875,3218.9935010453346,3241.8232421875,4400,0.0,0.0
2020-11-24 00:00:00+09:00,3241.8234252929688,3250.955322265625,3232.6915283203125,3250.955322265625,3800,0.0,0.0
2020-11-25 00:00:00+09:00,3255.5209397016556,3488.3842888247755,3255.5209397016556,3301.180419921875,12800,0.0,0.0
2020-11-26 00:00:00+09:00,3269.218846450617,3328.576171875,3269.218846450617,3328.576171875,3200,0.0,0.0
2020-11-27 00:00:00+09:00,3305.7464014340753,3342.273985980308,3305.7464014340753,3333.14208984375,1800,0.0,0.0
2020-11-30 00:00:00+09:00,3333.142180514959,3378.8016624398215,3310.3124395525274,3319.4443359375,6800,0.0,0.0
2020-12-01 00:00:00+09:00,3314.8784786666956,3351.4060652084772,3305.74658203125,3305.74658203125,4400,0.0,0.0
2020-12-02 00:00:00+09:00,3374.23583984375,3387.933684931072,3351.4060980315458,3374.23583984375,5800,0.0,0.0
2020-12-03 00:00:00+09:00,3374.235535738761,3410.763119346217,3355.971743935033,3383.367431640625,9000,0.0,0.0
2020-12-04 00:00:00+09:00,3374.2358702786246,3378.801818682249,3360.538025067751,3369.669921875,8000,0.0,0.0
2020-12-07 00:00:00+09:00,3369.66989048072,3369.66989048072,3305.74661342553,3337.708251953125,1600,0.0,0.0
2020-12-08 00:00:00+09:00,3369.66989048072,3369.66989048072,3333.14230359204,3337.708251953125,6000,0.0,0.0
2020-12-09 00:00:00+09:00,3337.7080379120293,3351.4058821168665,3333.14208984375,3333.14208984375,2000,0.0,0.0
2020-12-10 00:00:00+09:00,3292.048557229238,3337.7080379120293,3292.048557229238,3333.14208984375,1400,0.0,0.0
2020-12-11 00:00:00+09:00,3301.1804533657964,3337.7080379120293,3282.91666109268,3333.14208984375,6800,0.0,0.0
2020-12-14 00:00:00+09:00,3333.14230359204,3355.972045397465,3292.0487683422753,3337.708251953125,11800,0.0,0.0
2020-12-15 00:00:00+09:00,3287.4826713230295,3360.537841796875,3287.4826713230295,3360.537841796875,4000,0.0,0.0
2020-12-16 00:00:00+09:00,3360.537657527248,3365.103605431497,3351.40576171875,3351.40576171875,5200,0.0,0.0
2020-12-17 00:00:00+09:00,3351.4060361687843,3355.971984446943,3324.0103464998297,3346.840087890625,3200,0.0,0.0
2020-12-18 00:00:00+09:00,3328.5764768016584,3369.670013552296,3310.3126826902635,3355.97216796875,7000,0.0,0.0
2020-12-21 00:00:00+09:00,3342.2740191973376,3378.801604106598,3342.2740191973376,3365.103759765625,5000,0.0,0.0
2020-12-22 00:00:00+09:00,3365.1037899514904,3365.1037899514904,3310.3124120961065,3360.537841796875,4600,0.0,0.0
2020-12-23 00:00:00+09:00,3292.0487990133806,3369.669921875,3292.0487990133806,3369.669921875,2600,0.0,0.0
2020-12-24 00:00:00+09:00,3424.4613340236997,3424.4613340236997,3374.2359011246854,3401.631591796875,2800,0.0,0.0
2020-12-25 00:00:00+09:00,3355.9719827586205,3378.801724137931,3310.3125,3310.3125,2600,0.0,0.0
2020-12-28 00:00:00+09:00,3333.14208984375,3355.971830185146,3278.3507130244006,3333.14208984375,11400,0.0,0.0
2020-12-29 00:00:00+09:00,3346.8398777317357,3378.801513671875,3346.8398777317357,3378.801513671875,1200,0.0,0.0
2020-12-30 00:00:00+09:00,3378.801788206191,3419.895323468158,3374.23583984375,3374.23583984375,6800,0.0,0.0
2021-01-04 00:00:00+09:00,3374.235501239995,3378.8014491442436,3333.141970101754,3351.40576171875,2800,0.0,0.0
2021-01-05 00:00:00+09:00,3351.40576171875,3378.8014491442436,3346.8398138145008,3351.40576171875,4000,0.0,0.0
2021-01-06 00:00:00+09:00,3337.708191334307,3378.801725837739,3337.708191334307,3346.840087890625,1800,0.0,0.0
2021-01-07 00:00:00+09:00,3365.1040042339555,3429.0272824690646,3365.1040042339555,3401.631591796875,8200,0.0,0.0
2021-01-08 00:00:00+09:00,3387.933716791694,3534.044065763843,3387.933716791694,3442.72509765625,5000,0.0,0.0
2021-01-12 00:00:00+09:00,3442.72509765625,3451.8569944670094,3433.5932008454906,3442.72509765625,4800,0.0,0.0
2021-01-13 00:00:00+09:00,3415.3292889707086,3497.516357421875,3392.499547734273,3497.516357421875,12400,0.0,0.0
2021-01-14 00:00:00+09:00,3552.307738311531,3552.307738311531,3506.6482558139533,3534.0439453125,2800,0.0,0.0
2021-01-15 00:00:00+09:00,3552.307647351593,3552.307647351593,3506.648166023166,3547.74169921875,6600,0.0,0.0
2021-01-18 00:00:00+09:00,3616.230798855634,3616.230798855634,3529.4777872669256,3566.00537109375,5400,0.0,0.0
2021-01-19 00:00:00+09:00,3597.967006942222,3597.967006942222,3556.873475137044,3566.00537109375,2800,0.0,0.0
2021-01-20 00:00:00+09:00,3524.9118392885725,3566.00537109375,3524.9118392885725,3566.00537109375,2600,0.0,0.0
2021-01-21 00:00:00+09:00,3552.3074973025896,3607.098872582321,3497.516122022858,3570.5712890625,4400,0.0,0.0
2021-01-22 00:00:00+09:00,3588.83554088841,3588.83554088841,3515.7803644835567,3575.1376953125,2600,0.0,0.0
2021-01-25 00:00:00+09:00,3593.401519543612,3607.099365234375,3543.1760853441456,3607.099365234375,1600,0.0,0.0
2021-01-26 00:00:00+09:00,3611.6651301505,3616.2310784819165,3588.835388493417,3597.96728515625,2200,0.0,0.0
2021-01-27 00:00:00+09:00,3561.4395464271497,3616.2309240644904,3561.4395464271497,3584.269287109375,800,0.0,0.0
2021-01-28 00:00:00+09:00,3616.231325120192,3616.231325120192,3515.780454977965,3561.43994140625,3200,0.0,0.0
2021-01-29 00:00:00+09:00,3552.3078318575285,3593.4013671875,3534.0440383775413,3593.4013671875,1600,0.0,0.0
2021-02-01 00:00:00+09:00,3524.912111853585,3597.96728515625,3515.780215190752,3597.96728515625,2400,0.0,0.0
2021-02-02 00:00:00+09:00,3597.9671944137167,3643.6266765763276,3597.9671944137167,3611.6650390625,4000,0.0,0.0
2021-02-03 00:00:00+09:00,3611.6649759280454,3648.192561019606,3561.4395464271497,3584.269287109375,2400,0.0,0.0
2021-02-04 00:00:00+09:00,3625.3630981445312,3652.7587890625,3579.70361328125,3579.70361328125,2200,0.0,0.0
2021-02-05 00:00:00+09:00,3607.099427834535,3648.192965619992,3561.43994140625,3561.43994140625,1800,0.0,0.0
2021-02-08 00:00:00+09:00,3607.099334989623,3607.099334989623,3575.1376953125,3575.1376953125,1400,0.0,0.0
2021-02-09 00:00:00+09:00,3593.401218566895,3652.758544921875,3579.703374023438,3652.758544921875,4600,0.0,0.0
2021-02-10 00:00:00+09:00,3648.192596740723,3652.758544921875,3620.796907653809,3652.758544921875,1600,0.0,0.0
2021-02-12 00:00:00+09:00,3680.1544198406937,3734.94580078125,3680.1544198406937,3734.94580078125,4800,0.0,0.0
2021-02-15 00:00:00+09:00,3766.907256783791,3766.907256783791,3684.7201893630536,3762.34130859375,8600,0.0,0.0
2021-02-16 00:00:00+09:00,3762.3413709525603,3789.737060546875,3725.813784826807,3789.737060546875,11200,0.0,0.0
2021-02-17 00:00:00+09:00,3744.077606387028,3753.209502987972,3675.588381879948,3748.6435546875,6600,0.0,0.0
2021-02-18 00:00:00+09:00,3744.077474779319,3744.077474779319,3488.3843789407315,3620.796875,12400,0.0,0.0
2021-02-19 00:00:00+09:00,3552.30782901069,3556.8737773770276,3424.4612747532356,3483.818603515625,8400,0.0,0.0
2021-02-22 00:00:00+09:00,3447.290804805405,3483.818389492085,3433.5929605479005,3479.25244140625,12800,0.0,0.0
2021-02-24 00:00:00+09:00,3470.1205753120894,3479.2524715629106,3424.461094057983,3474.6865234375,10600,0.0,0.0
2021-02-25 00:00:00+09:00,3474.6865234375,3511.214108440785,3474.6865234375,3474.6865234375,2400,0.0,0.0
2021-02-26 00:00:00+09:00,3424.460872527092,3424.460872527092,3310.3121767761886,3397.065185546875,7000,0.0,0.0
2021-03-01 00:00:00+09:00,3397.0653627996576,3424.4610512093323,3333.14208984375,3333.14208984375,5200,0.0,0.0
2021-03-02 00:00:00+09:00,3397.0653627996576,3397.0653627996576,3310.3123495023547,3333.14208984375,9200,0.0,0.0
2021-03-03 00:00:00+09:00,3355.972137451172,3433.59326171875,3355.972137451172,3433.59326171875,1600,0.0,0.0
2021-03-04 00:00:00+09:00,3433.59326171875,3433.59326171875,3433.59326171875,3433.59326171875,0,0.0,0.0
2021-03-05 00:00:00+09:00,3360.537657527248,3360.537657527248,3287.4824910592642,3351.40576171875,4800,0.0,0.0
2021-03-08 00:00:00+09:00,3378.801788206191,3401.6315300183946,3351.4060980315458,3374.23583984375,13800,0.0,0.0
2021-03-09 00:00:00+09:00,3305.746583365352,3401.6314980762254,3287.4827900870905,3342.274169921875,3200,0.0,0.0
2021-03-10 00:00:00+09:00,3342.2740720595993,3351.4059684313465,3246.38916015625,3246.38916015625,30400,0.0,0.0
2021-03-11 00:00:00+09:00,3314.8786010742188,3342.2742919921875,3287.48291015625,3324.010498046875,2400,0.0,0.0
2021-03-12 00:00:00+09:00,3419.895446375268,3465.554931640625,3378.801909636446,3465.554931640625,2600,0.0,0.0
2021-03-15 00:00:00+09:00,3534.0439434001714,3534.0439434001714,3429.0271337125696,3497.516357421875,5000,0.0,0.0
2021-03-16 00:00:00+09:00,3520.346374274842,3529.478271484375,3442.7252479938147,3529.478271484375,3400,0.0,0.0
2021-03-17 00:00:00+09:00,3529.478089084062,3556.873779296875,3465.554811920832,3556.873779296875,2000,0.0,0.0
2021-03-18 00:00:00+09:00,3556.873779296875,3597.9673146160944,3534.0440374528644,3556.873779296875,5400,0.0,0.0
2021-03-19 00:00:00+09:00,3529.4782396533824,3607.099365234375,3529.4782396533824,3607.099365234375,2800,0.0,0.0
2021-03-22 00:00:00+09:00,3607.099365234375,3607.099365234375,3561.439879598497,3607.099365234375,2000,0.0,0.0
2021-03-23 00:00:00+09:00,3625.3631594887265,3629.9291080523144,3607.099365234375,3607.099365234375,1400,0.0,0.0
2021-03-24 00:00:00+09:00,3602.5330824401008,3652.758511979823,3547.7417047604035,3620.796875,3400,0.0,0.0
2021-03-25 00:00:00+09:00,3602.533263927494,3602.533263927494,3543.175935117535,3593.4013671875,4200,0.0,0.0
2021-03-26 00:00:00+09:00,3556.8737802275255,3593.4013671875,3556.8737802275255,3593.4013671875,1600,0.0,0.0
2021-03-29 00:00:00+09:00,3661.890380859375,3661.890380859375,3661.890380859375,3661.890380859375,2000,0.0,0.0
2021-03-30 00:00:00+09:00,3685.184961817286,3685.184961817286,3550.077042863176,3619.96044921875,2600,80.0,0.0
2021-03-31 00:00:00+09:00,3619.960661757416,3671.20849609375,3568.712827421082,3671.20849609375,6400,0.0,0.0
2021-04-01 00:00:00+09:00,3671.2083650914633,3671.2083650914633,3629.2783203125,3629.2783203125,1200,0.0,0.0
2021-04-02 00:00:00+09:00,3699.1615648257443,3699.1615648257443,3638.595947265625,3638.595947265625,800,0.0,0.0
2021-04-05 00:00:00+09:00,3638.595947265625,3638.595947265625,3638.595947265625,3638.595947265625,600,0.0,0.0
2021-04-06 00:00:00+09:00,3638.5961080411585,3713.1384098704266,3578.030487804878,3629.2783203125,4800,0.0,0.0
2021-04-07 00:00:00+09:00,3643.2550322214765,3675.867289543152,3578.030517578125,3578.030517578125,2200,0.0,0.0
2021-04-08 00:00:00+09:00,3582.689453125,3643.255074569246,3573.371665210501,3582.689453125,6000,0.0,0.0
2021-04-09 00:00:00+09:00,3596.6661349967494,3596.6661349967494,3559.394983338752,3582.689453125,8800,0.0,0.0
2021-04-12 00:00:00+09:00,3582.6896186226554,3601.3251953125,3582.6896186226554,3601.3251953125,400,0.0,0.0
2021-04-13 00:00:00+09:00,3605.98369165633,3638.595947265625,3605.98369165633,3638.595947265625,2600,0.0,0.0
2021-04-14 00:00:00+09:00,3610.642661704673,3638.596024246903,3550.077042863176,3619.96044921875,10800,0.0,0.0
2021-04-15 00:00:00+09:00,3550.076904296875,3596.6658400488027,3522.1235428457185,3550.076904296875,8600,0.0,0.0
2021-04-16 00:00:00+09:00,3550.076967754682,3643.254840924096,3550.076967754682,3638.595947265625,4800,0.0,0.0
2021-04-19 00:00:00+09:00,3647.914025940871,3713.138542368932,3643.255131910295,3671.20849609375,1600,0.0,0.0
2021-04-20 00:00:00+09:00,3671.20820287492,3689.8437775088028,3633.937053607154,3638.595947265625,1400,0.0,0.0
2021-04-21 00:00:00+09:00,3573.3715050842047,3601.324867575085,3573.3715050842047,3592.007080078125,4400,0.0,0.0
2021-04-22 00:00:00+09:00,3601.324987093608,3601.324987093608,3526.7826846440635,3578.030517578125,5800,0.0,0.0
2021-04-23 00:00:00+09:00,3508.1472216217885,3540.7594799901185,3508.1472216217885,3536.1005859375,3200,0.0,0.0
2021-04-26 00:00:00+09:00,3517.46467600491,3554.7358248897303,3494.1702079518973,3498.8291015625,2600,0.0,0.0
2021-04-27 00:00:00+09:00,3498.8292860020706,3498.8292860020706,3410.310302734375,3410.310302734375,4000,0.0,0.0
2021-04-28 00:00:00+09:00,3400.9926392431976,3466.217155612245,3377.6981691113947,3424.287109375,31000,0.0,0.0
2021-04-30 00:00:00+09:00,3456.899382288554,3517.4650048892972,3438.2638061037105,3508.147216796875,4600,0.0,0.0
2021-05-06 00:00:00+09:00,3494.1704462038592,3508.1471279886746,3452.2404008494127,3470.8759765625,5000,0.0,0.0
2021-05-07 00:00:00+09:00,3470.875664515211,3517.464599609375,3447.581196968129,3517.464599609375,13400,0.0,0.0
2021-05-10 00:00:00+09:00,3484.8524207306923,3526.782463226115,3484.8524207306923,3498.8291015625,6000,0.0,0.0
2021-05-11 00:00:00+09:00,3484.8526583473154,3494.1704462038592,3461.5581887059566,3470.8759765625,4800,0.0,0.0
2021-05-12 00:00:00+09:00,3452.240442189071,3494.1704880456186,3433.604866252828,3475.534912109375,8800,0.0,0.0
2021-05-13 00:00:00+09:00,3447.5817044059113,3475.53506957677,3387.016079869051,3438.263916015625,46200,0.0,0.0
2021-05-14 00:00:00+09:00,3442.9228365384615,3699.1620192307696,3400.9927884615386,3633.9375,44600,0.0,0.0
2021-05-17 00:00:00+09:00,3633.9371530633225,3633.9371530633225,3494.1703394839637,3540.75927734375,22600,0.0,0.0
2021-05-18 00:00:00+09:00,3540.7593548487102,3605.983869280134,3503.4882037450398,3522.123779296875,31200,0.0,0.0
2021-05-19 00:00:00+09:00,3531.441710568327,3647.9140625,3522.123922413793,3647.9140625,28200,0.0,0.0
2021-05-20 00:00:00+09:00,3675.8670617023495,3745.750465917223,3661.890380859375,3661.890380859375,31400,0.0,0.0
2021-05-21 00:00:00+09:00,3661.8907080325985,3750.4096946135387,3587.348403543385,3671.20849609375,26600,0.0,0.0
2021-05-24 00:00:00+09:00,3680.526031905026,3806.316162109375,3680.526031905026,3806.316162109375,10800,0.0,0.0
2021-05-25 00:00:00+09:00,3806.3162689589503,3843.5874196953905,3722.45617980196,3736.432861328125,31400,0.0,0.0
2021-05-26 00:00:00+09:00,3778.362929817551,3848.246337890625,3764.386248202936,3848.246337890625,12800,0.0,0.0
2021-05-27 00:00:00+09:00,3848.2464365857713,4076.532242145944,3838.9286486037236,3941.42431640625,30000,0.0,0.0
2021-05-28 00:00:00+09:00,3946.0829796424277,4211.639921601835,3946.0829796424277,3997.330810546875,41400,0.0,0.0
2021-05-31 00:00:00+09:00,4020.625493619192,4071.873327257444,3862.2230987373237,4048.578857421875,25600,0.0,0.0
2021-06-01 00:00:00+09:00,4029.94287109375,4053.23733855672,3964.718362197435,4029.94287109375,28400,0.0,0.0
2021-06-02 00:00:00+09:00,4029.943192644817,4053.2376619664633,3969.3775724085367,4011.3076171875,23800,0.0,0.0
2021-06-03 00:00:00+09:00,4029.94328155342,4057.8966453561025,3983.354341882282,4048.578857421875,32800,0.0,0.0
2021-06-04 00:00:00+09:00,4048.579183970472,4165.051542542695,4029.943606598916,4057.89697265625,37800,0.0,0.0
2021-06-07 00:00:00+09:00,4081.191167091837,4146.415683460885,4076.532273065476,4109.14453125,30600,0.0,0.0
2021-06-08 00:00:00+09:00,4141.756494140625,4141.756494140625,4053.237513950893,4076.531982421875,33200,0.0,0.0
2021-06-09 00:00:00+09:00,4109.144126926612,4169.709743309884,4081.190765518948,4118.4619140625,28600,0.0,0.0
2021-06-10 00:00:00+09:00,4141.75659579918,4146.415489607728,3936.765268223068,3978.6953125,31400,0.0,0.0
2021-06-11 00:00:00+09:00,4006.648781516335,4155.7333873401985,4006.648781516335,4099.82666015625,37800,0.0,0.0
2021-06-14 00:00:00+09:00,4109.144515170486,4267.546911446899,4085.850045129837,4244.25244140625,39400,0.0,0.0
2021-06-15 00:00:00+09:00,4258.229179267473,4342.089272513441,4197.663556367607,4332.771484375,36200,0.0,0.0
2021-06-16 00:00:00+09:00,4332.770827357249,4379.359760984746,4281.523000367001,4314.13525390625,42200,0.0,0.0
2021-06-17 00:00:00+09:00,4328.112317659903,4635.599306858561,4328.112317659903,4384.01904296875,63600,0.0,0.0
2021-06-18 00:00:00+09:00,4388.677936744488,4514.4680686893935,4155.733247957625,4384.01904296875,90800,0.0,0.0
2021-06-21 00:00:00+09:00,4360.724323195187,4416.631045287433,4234.934198487634,4356.0654296875,64600,0.0,0.0
2021-06-22 00:00:00+09:00,4388.677927673969,4584.3514658505155,4388.677927673969,4519.126953125,91200,0.0,0.0
2021-06-23 00:00:00+09:00,4519.1269262850155,4528.444713761892,4370.042326654995,4407.3134765625,19400,0.0,0.0
2021-06-24 00:00:00+09:00,4425.949586626115,4565.716415677466,4397.996220815845,4439.92626953125,16600,0.0,0.0
2021-06-25 00:00:00+09:00,4481.855656035958,4528.444592169389,4421.2900390625,4421.2900390625,9200,0.0,0.0
2021-06-28 00:00:00+09:00,4421.290289082952,4519.127060495746,4421.290289082952,4449.24365234375,30800,0.0,0.0
2021-06-29 00:00:00+09:00,4435.266481337742,4435.266481337742,4239.592960102254,4314.13525390625,18800,0.0,2.0
2021-06-30 00:00:00+09:00,4379.360197043117,4500.491436535799,4351.406834083267,4416.63134765625,18700,0.0,0.0
2021-07-01 00:00:00+09:00,4425.949122763088,4495.83252996461,4337.430140307826,4360.724609375,45900,0.0,0.0
2021-07-02 00:00:00+09:00,4360.724426800271,4365.383320418648,4206.9809373938515,4286.18212890625,89400,0.0,0.0
2021-07-05 00:00:00+09:00,4286.182027072193,4374.701003718249,4276.864240056818,4356.0654296875,7000,0.0,0.0
2021-07-06 00:00:00+09:00,4351.4069771602235,4402.654810938342,4295.5002494022765,4323.45361328125,8700,0.0,0.0
2021-07-07 00:00:00+09:00,4267.546603205907,4351.406689295105,4267.546603205907,4318.79443359375,9700,0.0,0.0
2021-07-08 00:00:00+09:00,4295.500275495678,4346.748109585105,4244.25244140625,4244.25244140625,11800,0.0,0.0
2021-07-09 00:00:00+09:00,4211.64017310901,4211.64017310901,4141.75676315698,4188.345703125,14900,0.0,0.0
2021-07-12 00:00:00+09:00,4253.570039295015,4374.701278092025,4193.00441989651,4304.81787109375,12100,0.0,0.0
2021-07-13 00:00:00+09:00,4332.770827357249,4370.041974259247,4197.662919837507,4314.13525390625,36700,0.0,0.0
2021-07-14 00:00:00+09:00,4290.840988175676,4342.088817567567,4248.910945945946,4309.4765625,10900,0.0,0.0
2021-07-15 00:00:00+09:00,4258.228836495536,4304.8177734375,4151.074281529018,4239.59326171875,19000,0.0,0.0
2021-07-16 00:00:00+09:00,4262.887730189732,4360.724497767857,4239.59326171875,4239.59326171875,16000,0.0,0.0
2021-07-19 00:00:00+09:00,4304.818063511938,4356.065897601366,4244.25244140625,4244.25244140625,15700,0.0,0.0
2021-07-20 00:00:00+09:00,4290.841355422447,4393.337022978684,4253.570203583816,4323.45361328125,17400,0.0,0.0
2021-07-21 00:00:00+09:00,4388.678373059585,4421.290632732002,4295.50048828125,4295.50048828125,28300,0.0,0.0
2021-07-26 00:00:00+09:00,4360.724289394947,4425.948797997008,4346.747608980219,4379.35986328125,13400,0.0,0.0
2021-07-27 00:00:00+09:00,4379.360508734577,4384.0194028928045,4272.205943095326,4342.08935546875,7400,0.0,0.0
2021-07-28 00:00:00+09:00,4342.089178493449,4342.089178493449,4225.616829284934,4267.546875,5900,0.0,0.0
2021-07-29 00:00:00+09:00,4304.8177734375,4309.476667131697,4206.981005859375,4239.59326171875,5900,0.0,0.0
2021-07-30 00:00:00+09:00,4239.59310959627,4304.817618974674,4239.59310959627,4276.8642578125,7200,0.0,0.0
2021-08-02 00:00:00+09:00,4276.864662936681,4323.453602620087,4258.229087063319,4267.546875,11300,0.0,0.0
2021-08-03 00:00:00+09:00,4239.5934753749325,4318.794672167651,4239.5934753749325,4290.84130859375,9000,0.0,0.0
2021-08-04 00:00:00+09:00,4300.1588097613785,4318.794384234884,4197.663150157099,4286.18212890625,11100,0.0,0.0
2021-08-05 00:00:00+09:00,4286.182543682796,4360.7248487903225,4286.182543682796,4332.771484375,14700,0.0,0.0
2021-08-06 00:00:00+09:00,4332.771401240908,4356.065871140052,4295.5002494022765,4323.45361328125,11600,0.0,0.0
2021-08-10 00:00:00+09:00,4267.546320278752,4374.700867621997,4183.686239749258,4314.13525390625,18700,0.0,0.0
2021-08-11 00:00:00+09:00,4272.205213641502,4356.065294170998,4267.546320278752,4314.13525390625,14400,0.0,0.0
2021-08-12 00:00:00+09:00,4323.453861081371,4393.337274784194,4290.841601353386,4351.4072265625,4900,0.0,0.0
2021-08-13 00:00:00+09:00,4351.407347190521,4351.407347190521,4295.500614678437,4337.4306640625,2400,0.0,0.0
2021-08-16 00:00:00+09:00,4332.771135602678,4332.771135602678,4239.59326171875,4239.59326171875,9000,0.0,0.0
2021-08-17 00:00:00+09:00,4304.8180046594725,4304.8180046594725,4155.7333984375,4155.7333984375,6400,0.0,0.0
2021-08-18 00:00:00+09:00,4155.7333509887,4220.957865466102,4099.826624293785,4123.12109375,4500,0.0,0.0
2021-08-19 00:00:00+09:00,4113.8034714654805,4174.369094488189,4081.191212914792,4141.7568359375,6500,0.0,0.0
2021-08-20 00:00:00+09:00,4076.5319967493765,4146.415402407937,3880.8584609054064,3969.37744140625,9500,0.0,0.0
2021-08-23 00:00:00+09:00,3969.3775724085367,4151.074433117378,3969.3775724085367,4011.3076171875,2500,0.0,0.0
2021-08-24 00:00:00+09:00,4109.144567996365,4109.144567996365,4081.191203588227,4085.85009765625,1100,0.0,0.0
2021-08-25 00:00:00+09:00,4090.509033203125,4141.756868471046,4090.509033203125,4090.509033203125,2500,0.0,0.0
2021-08-26 00:00:00+09:00,4090.5090745875996,4155.733592861206,4076.532392100398,4095.16796875,3600,0.0,0.0
2021-08-27 00:00:00+09:00,4057.8964145413593,4127.77982007307,4057.8964145413593,4104.4853515625,1600,0.0,0.0
2021-08-30 00:00:00+09:00,4104.485365232188,4206.981027020051,4104.485365232188,4160.39208984375,5400,0.0,0.0
2021-08-31 00:00:00+09:00,4151.074116890004,4234.934200059499,4151.074116890004,4220.95751953125,6600,0.0,0.0
2021-09-01 00:00:00+09:00,4174.368736080178,4244.252141260092,4169.709842401518,4183.6865234375,3700,0.0,0.0
2021-09-02 00:00:00+09:00,4179.02783203125,4248.911240593646,4169.71004422293,4179.02783203125,4900,0.0,0.0
2021-09-03 00:00:00+09:00,4179.028080227367,4234.934810397633,4169.7102918656565,4206.9814453125,6500,0.0,0.0
2021-09-06 00:00:00+09:00,4206.981005859375,4314.135560825893,4188.345431082589,4239.59326171875,14100,0.0,0.0
2021-09-07 00:00:00+09:00,4230.275842004381,4304.818147590361,4230.275842004381,4253.5703125,8600,0.0,0.0
2021-09-08 00:00:00+09:00,4253.569843292236,4281.523204803467,4165.05086517334,4174.36865234375,16200,0.0,0.0
2021-09-09 00:00:00+09:00,4160.392125035191,4193.004381334459,4099.826506193694,4137.09765625,14600,0.0,0.0
2021-09-10 00:00:00+09:00,4155.733728298611,4211.640460069444,4146.415939670139,4193.0048828125,5800,0.0,0.0
2021-09-13 00:00:00+09:00,4193.004442444184,4230.275593043688,4193.004442444184,4225.61669921875,2100,0.0,0.0
2021-09-14 00:00:00+09:00,4239.593158783784,4328.112136824324,4239.593158783784,4309.4765625,4900,0.0,0.0
2021-09-15 00:00:00+09:00,4323.4534109257265,4370.04234854346,4272.205579546219,4328.1123046875,16100,0.0,0.0
2021-09-16 00:00:00+09:00,4370.04280354992,4370.04280354992,4323.453861081371,4351.4072265625,5100,0.0,0.0
2021-09-17 00:00:00+09:00,4346.747608980219,4416.631011053856,4346.747608980219,4379.35986328125,31200,0.0,0.0
2021-09-21 00:00:00+09:00,4328.112875310486,4346.748452814514,4309.477297806458,4337.4306640625,21700,0.0,0.0
2021-09-22 00:00:00+09:00,4337.430295220736,4388.678128998855,4309.476931341763,4323.45361328125,17300,0.0,0.0
2021-09-24 00:00:00+09:00,4323.453705546709,4397.996010814756,4304.818129229698,4388.67822265625,23800,0.0,0.0
2021-09-27 00:00:00+09:00,4370.04248046875,4379.360268273587,4351.4069048590745,4370.04248046875,15400,0.0,0.0
2021-09-28 00:00:00+09:00,4370.04248046875,4411.972525590518,4337.430223151819,4370.04248046875,17300,0.0,0.0
2021-09-29 00:00:00+09:00,4360.724561019913,4379.360136067007,4248.911110737352,4328.1123046875,26900,0.0,0.0
2021-09-30 00:00:00+09:00,4318.794490245165,4318.794490245165,4202.3221469267955,4216.298828125,15400,0.0,0.0
2021-10-01 00:00:00+09:00,4258.229243744838,4258.229243744838,4216.299196486956,4230.27587890625,4300,0.0,0.0
2021-10-04 00:00:00+09:00,4248.911492940199,4248.911492940199,4202.322551131645,4206.9814453125,8000,0.0,0.0
2021-10-05 00:00:00+09:00,4193.00458665093,4193.00458665093,4132.43896484375,4132.43896484375,10300,0.0,0.0
2021-10-06 00:00:00+09:00,4151.074184417725,4211.639801025391,4151.074184417725,4174.36865234375,14400,0.0,0.0
2021-10-07 00:00:00+09:00,4174.36894939494,4258.229039896178,4174.36894939494,4234.9345703125,10500,0.0,0.0
2021-10-08 00:00:00+09:00,4230.275306550083,4267.546454625414,4206.980839003001,4220.95751953125,5200,0.0,0.0
2021-10-11 00:00:00+09:00,4281.523000367001,4318.794147268999,4239.592960102254,4314.13525390625,13700,0.0,0.0
2021-10-12 00:00:00+09:00,4281.523402094325,4360.72459669237,4267.5467206946705,4304.81787109375,2900,0.0,0.0
2021-10-13 00:00:00+09:00,4304.818147590361,4304.818147590361,4253.5703125,4253.5703125,1700,0.0,0.0
2021-10-14 00:00:00+09:00,4286.182543682796,4332.771484375,4272.205861475134,4332.771484375,1600,0.0,0.0
2021-10-15 00:00:00+09:00,4384.019235019026,4402.654810938342,4323.45361328125,4323.45361328125,16400,0.0,0.0
2021-10-18 00:00:00+09:00,4323.453125,4458.56103515625,4323.453125,4458.56103515625,9200,0.0,0.0
2021-10-19 00:00:00+09:00,4411.972383566838,4463.22021484375,4411.972383566838,4463.22021484375,2700,0.0,0.0
2021-10-20 00:00:00+09:00,4425.948780980603,4458.56103515625,4411.972100619612,4458.56103515625,2100,0.0,0.0
2021-10-21 00:00:00+09:00,4416.631467013889,4435.267042824074,4397.995891203704,4402.65478515625,2100,0.0,0.0
2021-10-22 00:00:00+09:00,4449.243400742558,4449.243400742558,4388.677783769099,4421.2900390625,3800,0.0,0.0
2021-10-25 00:00:00+09:00,4370.042076338098,4407.313224110705,4370.042076338098,4379.35986328125,3600,0.0,0.0
2021-10-26 00:00:00+09:00,4379.360397967265,4411.97265625,4370.042609886484,4411.97265625,2800,0.0,0.0
2021-10-27 00:00:00+09:00,4411.97265625,4411.97265625,4411.97265625,4411.97265625,400,0.0,0.0
2021-10-28 00:00:00+09:00,4384.019328576997,4402.654904894009,4337.430387784468,4388.67822265625,5300,0.0,0.0
2021-10-29 00:00:00+09:00,4360.724289394947,4388.677650224402,4342.088715508644,4379.35986328125,1600,0.0,0.0
2021-11-01 00:00:00+09:00,4384.01904296875,4416.631299398911,4384.01904296875,4384.01904296875,600,0.0,0.0
2021-11-02 00:00:00+09:00,4384.019292007656,4444.584914532735,4379.360397967265,4411.97265625,10400,0.0,0.0
2021-11-04 00:00:00+09:00,4467.87897519593,4467.87897519593,4384.018890155756,4421.2900390625,5000,0.0,0.0
2021-11-05 00:00:00+09:00,4407.313762209609,4444.584914532735,4332.771457563358,4411.97265625,5300,0.0,0.0
2021-11-08 00:00:00+09:00,4411.972466023763,4495.832555135092,4351.406846110026,4472.5380859375,43900,0.0,0.0
2021-11-09 00:00:00+09:00,4528.445017189129,4640.258474403676,4439.926030227613,4467.87939453125,15300,0.0,0.0
2021-11-10 00:00:00+09:00,4453.903078709719,4514.468706349077,4453.903078709719,4481.8564453125,13000,0.0,0.0
2021-11-11 00:00:00+09:00,4481.855815817527,4635.599310538919,4477.1969220380915,4575.03369140625,49300,0.0,0.0
2021-11-12 00:00:00+09:00,4705.482755709725,4891.8385084111005,4668.21160516945,4742.75390625,60700,0.0,0.0
2021-11-15 00:00:00+09:00,4929.1096965058705,4985.016422742232,4835.931819445268,4910.47412109375,57900,0.0,0.0
2021-11-16 00:00:00+09:00,4724.11799582302,4752.071356745049,4649.57570003094,4705.482421875,27000,0.0,0.0
2021-11-17 00:00:00+09:00,4686.84765625,4742.754387736083,4602.987559020875,4686.84765625,28800,0.0,0.0
2021-11-18 00:00:00+09:00,4598.328021203687,4677.529213058258,4598.328021203687,4668.21142578125,7900,0.0,0.0
2021-11-19 00:00:00+09:00,4686.84765625,4714.801021993041,4658.894290506958,4686.84765625,5200,0.0,0.0
2021-11-22 00:00:00+09:00,4696.165269886364,4696.165269886364,4584.351811079546,4612.30517578125,7900,0.0,0.0
2021-11-24 00:00:00+09:00,4575.033656281662,4640.258168693009,4575.033656281662,4598.328125,6500,0.0,0.0
2021-11-25 00:00:00+09:00,4598.328291537904,4630.940548924697,4584.351609800707,4616.9638671875,8300,0.0,0.0
2021-11-26 00:00:00+09:00,4612.304622127639,4612.304622127639,4435.266666934861,4523.78564453125,13600,0.0,0.0
2021-11-29 00:00:00+09:00,4430.608324255333,4533.103995268601,4425.949430118367,4477.197265625,11800,0.0,0.0
2021-11-30 00:00:00+09:00,4523.786187559185,4630.940752249053,4523.786187559185,4612.30517578125,14700,0.0,0.0
2021-12-01 00:00:00+09:00,4575.033473666002,4575.033473666002,4481.855602511908,4523.78564453125,8200,0.0,0.0
2021-12-02 00:00:00+09:00,4519.127256875332,4519.127256875332,4342.089281863721,4388.67822265625,17500,0.0,0.0
2021-12-03 00:00:00+09:00,4444.584862385321,4570.375,4342.089194699286,4570.375,13600,0.0,0.0
2021-12-06 00:00:00+09:00,4561.057201468169,4561.057201468169,4393.337018370259,4514.46826171875,10200,0.0,0.0
2021-12-07 00:00:00+09:00,4579.692466588674,4602.986934882614,4491.1734870717,4589.01025390625,6700,0.0,0.0
2021-12-08 00:00:00+09:00,4658.894162957623,4696.165316261284,4602.987433002131,4644.91748046875,19700,0.0,0.0
2021-12-09 00:00:00+09:00,4649.575616745722,4705.482337588355,4644.916723342169,4696.16455078125,12500,0.0,0.0
2021-12-10 00:00:00+09:00,4677.528975676711,4677.528975676711,4547.079960418794,4561.056640625,3800,0.0,0.0
2021-12-13 00:00:00+09:00,4612.305266239729,4677.52978515625,4551.739641531531,4677.52978515625,22200,0.0,0.0
2021-12-14 00:00:00+09:00,4863.885639289264,4863.885639289264,4654.235396216451,4686.84765625,36400,0.0,0.0
2021-12-15 00:00:00+09:00,4649.576412077873,4658.8942004788305,4602.987470073085,4621.623046875,10500,0.0,0.0
2021-12-16 00:00:00+09:00,4705.482930934176,4938.427630485373,4705.482930934176,4817.29638671875,57000,0.0,0.0
2021-12-17 00:00:00+09:00,4724.11872723948,4733.436515656126,4644.91752569799,4677.52978515625,24300,0.0,0.0
2021-12-20 00:00:00+09:00,4705.4831045872,4752.072046216776,4626.28190381692,4644.91748046875,18900,0.0,0.0
2021-12-21 00:00:00+09:00,4644.916806543935,4761.38914371906,4644.916806543935,4705.482421875,34400,0.0,0.0
2021-12-22 00:00:00+09:00,4752.071500958137,4975.698395120873,4742.753713701356,4938.42724609375,48400,0.0,0.0
2021-12-23 00:00:00+09:00,5012.969965683411,5087.512270005841,4891.838721159463,4985.0166015625,38200,0.0,0.0
2021-12-24 00:00:00+09:00,5171.372290746114,5488.177079728759,5171.372290746114,5469.54150390625,114800,0.0,0.0
2021-12-27 00:00:00+09:00,5394.999082753357,5422.952445876431,5171.3721777687615,5292.50341796875,28300,0.0,0.0
2021-12-28 00:00:00+09:00,5385.681412704962,5469.54150390625,5311.139109414928,5469.54150390625,33600,0.0,0.0
2021-12-29 00:00:00+09:00,5562.718783674569,5879.523538523707,5562.718783674569,5674.5322265625,81500,0.0,0.0
2021-12-30 00:00:00+09:00,5665.215185072815,5804.9820070729675,5572.037303739381,5758.39306640625,70200,0.0,0.0
2022-01-04 00:00:00+09:00,5758.392816310976,5767.710604039634,5637.2615758384145,5730.439453125,24800,0.0,0.0
2022-01-05 00:00:00+09:00,5721.121725928705,5721.121725928705,5404.316939802359,5627.94384765625,40700,0.0,0.0
2022-01-06 00:00:00+09:00,5590.672870710784,5749.075268714256,5581.355082592932,5702.486328125,26600,0.0,0.0
2022-01-07 00:00:00+09:00,5683.850647889712,5749.075163521233,5497.494888942508,5581.35498046875,32100,0.0,0.0
2022-01-11 00:00:00+09:00,5665.214915008291,5683.850490386609,5553.401462738391,5618.6259765625,10900,0.0,0.0
2022-01-12 00:00:00+09:00,5674.5323264382105,5758.392410080154,5590.672242796266,5739.7568359375,25300,0.0,0.0
2022-01-13 00:00:00+09:00,5767.710532699092,5963.384072580645,5739.757169858871,5777.0283203125,40600,0.0,0.0
2022-01-14 00:00:00+09:00,5506.812995642274,5618.6264574827255,5404.317322288526,5562.7197265625,57700,0.0,0.0
2022-01-17 00:00:00+09:00,5627.943764251658,5730.4394288324,5590.672613495025,5618.6259765625,29300,0.0,0.0
2022-01-18 00:00:00+09:00,5683.850647889712,5814.299679152754,5581.35498046875,5581.35498046875,42400,0.0,0.0
2022-01-19 00:00:00+09:00,5544.083975255996,5609.308492611948,5432.270516931505,5488.17724609375,43200,0.0,0.0
2022-01-20 00:00:00+09:00,5488.177079728759,5544.083807196284,5450.905928083742,5469.54150390625,17100,0.0,0.0
2022-01-21 00:00:00+09:00,5488.176743574453,5497.494530914987,5376.363295488047,5432.27001953125,14300,0.0,0.0
2022-01-24 00:00:00+09:00,5525.447822830304,5525.447822830304,5394.998801717953,5478.85888671875,18800,0.0,0.0
2022-01-25 00:00:00+09:00,5450.906141301347,5450.906141301347,5255.232587511043,5273.8681640625,30500,0.0,0.0
2022-01-26 00:00:00+09:00,5283.1856537917565,5422.952470029633,5264.550078293373,5404.31689453125,24400,0.0,0.0
2022-01-27 00:00:00+09:00,5404.31642378254,5469.540932345433,5190.00732421875,5190.00732421875,24800,0.0,0.0
2022-01-28 00:00:00+09:00,5227.278915777439,5441.5880335365855,5208.643340320122,5348.41015625,27800,0.0,0.0
2022-01-31 00:00:00+09:00,5264.55029296875,5367.04596238938,5236.596928581305,5264.55029296875,83500,0.0,0.0
2022-02-01 00:00:00+09:00,5357.727789961343,5422.952302186959,5283.185490274925,5385.68115234375,24400,0.0,0.0
2022-02-02 00:00:00+09:00,5329.77449757308,5413.634585821608,5329.77449757308,5339.09228515625,10400,0.0,0.0
2022-02-03 00:00:00+09:00,5339.092356507207,5348.410144214899,5273.867842553367,5292.50341796875,13000,0.0,0.0
2022-02-04 00:00:00+09:00,5255.2322905441815,5413.634682280442,5227.278927296606,5404.31689453125,16100,0.0,0.0
2022-02-07 00:00:00+09:00,5404.317050509982,5441.588202582465,5320.4569583468965,5367.0458984375,23500,0.0,0.0
2022-02-08 00:00:00+09:00,5348.410291008624,5348.410291008624,5199.32568359375,5199.32568359375,29400,0.0,0.0
2022-02-09 00:00:00+09:00,5227.278927296606,5404.31689453125,5208.643351798222,5404.31689453125,28100,0.0,0.0
2022-02-10 00:00:00+09:00,5441.587890625,5581.354702884204,5385.681165721318,5441.587890625,48800,0.0,0.0
2022-02-14 00:00:00+09:00,5488.176867310787,5711.8037685254885,5450.905717108337,5609.30810546875,67900,0.0,0.0
2022-02-15 00:00:00+09:00,5516.130443462522,5544.083807196284,5329.774685237437,5469.54150390625,44300,0.0,0.0
2022-02-16 00:00:00+09:00,5469.540964183999,5674.532278003501,5432.269816216816,5572.03662109375,47500,0.0,0.0
2022-02-17 00:00:00+09:00,5665.215399916247,5665.215399916247,5516.130784128978,5562.7197265625,32400,0.0,0.0
2022-02-18 00:00:00+09:00,5292.503334435626,5404.316785163139,5227.278821511243,5283.185546875,48500,0.0,0.0
2022-02-21 00:00:00+09:00,5134.1011678497425,5292.503563228046,5068.876652105734,5199.32568359375,60600,0.0,0.0
2022-02-22 00:00:00+09:00,5040.923440320397,5162.0546875,4947.7455578745485,5162.0546875,47900,0.0,0.0
2022-02-24 00:00:00+09:00,5068.876489433454,5180.68994140625,5050.240914104654,5180.68994140625,47000,0.0,0.0
2022-02-25 00:00:00+09:00,5227.27890401491,5404.316870461048,5227.27890401491,5292.50341796875,40900,0.0,0.0
2022-02-28 00:00:00+09:00,5311.139109414928,5469.54150390625,5236.596806124894,5469.54150390625,39000,0.0,0.0
2022-03-01 00:00:00+09:00,5488.1766739410605,5525.447822830304,5450.905525051818,5478.85888671875,31100,0.0,0.0
2022-03-02 00:00:00+09:00,5404.316870461048,5404.316870461048,5273.867842553367,5292.50341796875,26700,0.0,0.0
2022-03-03 00:00:00+09:00,5404.317050509982,5432.270414564345,5348.410322401259,5367.0458984375,48200,0.0,0.0
2022-03-04 00:00:00+09:00,5273.868238914884,5404.31727662656,5199.325931651069,5227.279296875,16500,0.0,0.0
2022-03-07 00:00:00+09:00,5134.10112450989,5180.690063933755,4947.745366814431,4975.69873046875,20900,0.0,0.0
2022-03-08 00:00:00+09:00,4854.567622239985,4947.745503664937,4752.071952672539,4826.6142578125,24300,0.0,0.0
2022-03-09 00:00:00+09:00,4863.885145505894,4863.885145505894,4724.118330979863,4742.75390625,29700,0.0,0.0
2022-03-10 00:00:00+09:00,4835.931842641176,5050.240960908512,4835.931842641176,5022.28759765625,20600,0.0,0.0
2022-03-11 00:00:00+09:00,5115.465439765903,5245.9144673737765,5050.240925961966,5236.5966796875,56900,0.0,0.0
2022-03-14 00:00:00+09:00,5255.232196907723,5413.634585821608,5217.961046575044,5339.09228515625,42300,0.0,0.0
2022-03-15 00:00:00+09:00,5404.316685267857,5460.223409598215,5217.9609375,5217.9609375,34700,0.0,0.0
2022-03-16 00:00:00+09:00,5180.689589056777,5190.007376087454,5022.287209535256,5087.51171875,45700,0.0,0.0
2022-03-17 00:00:00+09:00,5124.783616624437,5190.008135381475,5012.970155898086,5171.37255859375,54100,0.0,0.0
2022-03-18 00:00:00+09:00,5208.643492153235,5339.092524157072,5180.690128152412,5311.13916015625,79500,0.0,0.0
2022-03-22 00:00:00+09:00,5385.681464158443,5469.541556160911,5301.821372155976,5311.13916015625,65900,0.0,0.0
2022-03-23 00:00:00+09:00,5217.9610589378235,5394.9990234375,5199.325483727332,5394.9990234375,47800,0.0,0.0
2022-03-24 00:00:00+09:00,5255.232046143848,5404.316643197574,5255.232046143848,5376.36328125,18100,0.0,0.0
2022-03-25 00:00:00+09:00,5292.503347240401,5367.045647905759,5264.549984490893,5339.09228515625,37300,0.0,0.0
2022-03-28 00:00:00+09:00,5432.270147845017,5432.270147845017,5283.185546875,5283.185546875,28400,0.0,0.0
2022-03-29 00:00:00+09:00,5190.007987935564,5292.503657356195,5190.007987935564,5264.55029296875,35700,0.0,0.0
2022-03-30 00:00:00+09:00,5398.071157235236,5445.757298200211,5312.23610349828,5369.45947265625,32100,130.0,0.0
2022-03-31 00:00:00+09:00,5321.772879952933,5464.831290704356,5321.772879952933,5445.7568359375,30500,0.0,0.0
2022-04-01 00:00:00+09:00,5445.757321006373,5798.634765625,5436.2200927734375,5798.634765625,61400,0.0,0.0
2022-04-04 00:00:00+09:00,5741.41151410626,5846.3210268224875,5693.7253719625205,5789.09765625,33200,0.0,0.0
2022-04-05 00:00:00+09:00,5817.708984375,5865.395123591188,5750.948389472336,5817.708984375,58900,0.0,0.0
2022-04-06 00:00:00+09:00,5770.023211340273,5903.5444096192205,5674.650926855309,5827.24658203125,71000,0.0,0.0
2022-04-07 00:00:00+09:00,5903.544034964139,5903.544034964139,5750.948389472336,5817.708984375,66300,0.0,0.0
2022-04-08 00:00:00+09:00,5865.395270398602,6008.453691627837,5827.246358070806,5884.4697265625,73000,0.0,0.0
2022-04-11 00:00:00+09:00,5846.320653329981,5846.320653329981,5722.33669167698,5779.56005859375,37100,0.0,0.0
2022-04-12 00:00:00+09:00,5817.709195963542,5836.78365234375,5722.3369140625,5722.3369140625,38800,0.0,0.0
2022-04-13 00:00:00+09:00,5703.262623856707,5865.3955078125,5674.650938452744,5865.3955078125,48200,0.0,0.0
2022-04-14 00:00:00+09:00,5865.394932673527,5951.22998046875,5865.394932673527,5951.22998046875,56600,0.0,0.0
2022-04-15 00:00:00+09:00,5884.469952722228,5941.693323413206,5798.634896685761,5827.24658203125,33000,0.0,0.0
2022-04-18 00:00:00+09:00,5865.395152267901,5913.081291717233,5789.097329148969,5894.0068359375,31300,0.0,0.0
2022-04-19 00:00:00+09:00,5894.007205106523,5941.6933475426595,5855.858291157613,5903.54443359375,51400,0.0,0.0
2022-04-20 00:00:00+09:00,5941.693252855046,6046.602764542695,5932.156024519805,5989.37939453125,54700,0.0,0.0
2022-04-21 00:00:00+09:00,5979.842020965429,6008.453705276268,5903.544196136523,5922.61865234375,73600,0.0,0.0
2022-04-22 00:00:00+09:00,5894.00694108126,5932.155853321268,5827.2463446612455,5846.32080078125,53900,0.0,0.0
2022-04-25 00:00:00+09:00,5817.708955175457,5817.708955175457,5674.650538244913,5741.4111328125,42700,0.0,0.0
2022-04-26 00:00:00+09:00,5741.411697048611,5741.411697048611,5569.741579861111,5579.27880859375,43000,0.0,0.0
2022-04-27 00:00:00+09:00,5483.906357079221,5493.4435855263155,5359.922387266995,5436.22021484375,38300,0.0,0.0
2022-04-28 00:00:00+09:00,5398.071043703203,5760.485707414726,5398.071043703203,5731.8740234375,40500,0.0,0.0
2022-05-02 00:00:00+09:00,5741.411251429909,5836.783531353994,5665.113427490641,5731.8740234375,22200,0.0,0.0
2022-05-06 00:00:00+09:00,5674.650695701213,5894.00694108126,5674.650695701213,5846.32080078125,38500,0.0,0.0
2022-05-09 00:00:00+09:00,5827.2463446612455,5884.469713021258,5741.411292121227,5846.32080078125,42200,0.0,0.0
2022-05-10 00:00:00+09:00,5741.41155013246,5770.023235598237,5407.608553031737,5512.51806640625,61200,0.0,0.0
2022-05-11 00:00:00+09:00,5550.666860629858,5560.204088912727,5359.922294972474,5522.05517578125,53700,0.0,0.0
2022-05-12 00:00:00+09:00,5522.055258599272,5531.5924870251765,5359.9223753588785,5398.0712890625,41700,0.0,0.0
2022-05-13 00:00:00+09:00,5016.582153521416,5941.693311109967,4921.209869233937,5789.09765625,234300,0.0,0.0
2022-05-16 00:00:00+09:00,5884.4699405374795,5979.842224824959,5789.09765625,5789.09765625,96500,0.0,0.0
2022-05-17 00:00:00+09:00,5932.155970122303,6332.719556529276,5903.544285378948,6189.6611328125,136600,0.0,0.0
2022-05-18 00:00:00+09:00,6189.661310435768,6456.703709037004,6122.90071078546,6370.86865234375,93700,0.0,0.0
2022-05-19 00:00:00+09:00,6342.256717166385,6399.480086043074,6275.496120143581,6351.7939453125,155100,0.0,0.0
2022-05-20 00:00:00+09:00,6342.256551343341,6599.761704555777,6275.495956066043,6561.61279296875,178800,0.0,0.0
2022-05-23 00:00:00+09:00,6609.299015345198,6809.580803688992,6609.299015345198,6790.50634765625,97200,0.0,0.0
2022-05-24 00:00:00+09:00,6790.506333862994,6847.729701844985,6647.447913908016,6752.357421875,163800,0.0,0.0
2022-05-25 00:00:00+09:00,6723.7457378840045,6828.655245850989,6447.166125971045,6752.357421875,196000,0.0,0.0
2022-05-26 00:00:00+09:00,6800.043323613556,6857.266689590669,6666.522136333627,6771.431640625,115100,0.0,0.0
2022-05-27 00:00:00+09:00,6780.969211887668,6780.969211887668,6571.150192673142,6704.67138671875,78600,0.0,0.0
2022-05-30 00:00:00+09:00,6895.415630712482,6990.7879077624475,6800.043353662518,6847.7294921875,61400,0.0,0.0
2022-05-31 00:00:00+09:00,6847.730240795494,7086.160959486145,6847.730240795494,6904.95361328125,431200,0.0,0.0
2022-06-01 00:00:00+09:00,6904.9532817814625,7105.235075866284,6895.416053491709,7009.86279296875,45500,0.0,0.0
2022-06-02 00:00:00+09:00,6981.2509765625,7019.399889002732,6876.341467351862,6981.2509765625,57900,0.0,0.0
2022-06-03 00:00:00+09:00,6981.251226690225,7076.623511207851,6962.1767697867,7000.32568359375,61100,0.0,0.0
2022-06-06 00:00:00+09:00,7000.325135467444,7000.325135467444,6790.506125957521,6847.7294921875,49600,0.0,0.0
2022-06-07 00:00:00+09:00,6876.341129465077,6876.341129465077,6666.522121353798,6733.28271484375,53800,0.0,0.0
2022-06-08 00:00:00+09:00,6876.341576086957,6876.341576086957,6542.5385869565225,6580.6875,90000,0.0,0.0
2022-06-09 00:00:00+09:00,6618.836413043478,6637.910869565218,6504.389673913044,6580.6875,63100,0.0,0.0
2022-06-10 00:00:00+09:00,6494.852380917678,6494.852380917678,6313.645045767258,6389.94287109375,52100,0.0,0.0
2022-06-13 00:00:00+09:00,6332.719342754173,6399.479938235016,6246.884291421662,6285.033203125,44800,0.0,0.0
2022-06-14 00:00:00+09:00,6218.2726214885,6351.793812747455,6218.2726214885,6323.18212890625,58400,0.0,0.0
2022-06-15 00:00:00+09:00,6313.645113000096,6361.331254336955,6218.272830326378,6227.81005859375,42500,0.0,0.0
2022-06-16 00:00:00+09:00,6227.8097783825815,6294.570373250389,6103.825816485225,6132.4375,36900,0.0,0.0
2022-06-17 00:00:00+09:00,5970.30505663128,6113.363484505831,5855.858314331639,5979.84228515625,64600,0.0,0.0
2022-06-20 00:00:00+09:00,5998.916421584452,6056.139789675878,5731.8740371578,5770.02294921875,34300,0.0,0.0
2022-06-21 00:00:00+09:00,5808.172148721476,5970.305033004342,5808.172148721476,5903.54443359375,23600,0.0,0.0
2022-06-22 00:00:00+09:00,5874.932510166952,5922.618650671554,5522.055070432898,5569.7412109375,80900,0.0,0.0
2022-06-23 00:00:00+09:00,5560.204036516152,5560.204036516152,5331.310559884269,5369.45947265625,68000,0.0,0.0
2022-06-24 00:00:00+09:00,5359.922218116554,5378.996674408783,5235.938252217061,5293.16162109375,55200,0.0,0.0
2022-06-27 00:00:00+09:00,5359.922218116554,5369.459446262668,5226.401024070946,5293.16162109375,61700,0.0,0.0
2022-06-28 00:00:00+09:00,5293.161384404455,5312.23583984375,5245.475245806217,5312.23583984375,64600,0.0,0.0
2022-06-29 00:00:00+09:00,5169.177588346963,5293.161552643108,5092.87976416472,5102.4169921875,47100,0.0,0.0
2022-06-30 00:00:00+09:00,5054.731026513767,5054.731026513767,4863.986459475512,4892.59814453125,58900,0.0,0.0
2022-07-01 00:00:00+09:00,4930.7466376953125,4940.283865234375,4711.390404296875,4768.61376953125,88200,0.0,0.0
2022-07-04 00:00:00+09:00,4816.300280298778,4844.911965132236,4711.390769242765,4778.1513671875,80900,0.0,0.0
2022-07-05 00:00:00+09:00,4835.374378022693,4873.523288302951,4778.151012602307,4806.7626953125,73700,0.0,0.0
2022-07-06 00:00:00+09:00,4806.762710691437,4854.448848694328,4797.225483090859,4844.91162109375,80800,0.0,0.0
2022-07-07 00:00:00+09:00,4873.523349233774,4959.3583984375,4844.911666165865,4959.3583984375,44200,0.0,0.0
2022-07-08 00:00:00+09:00,4968.895626126803,5045.193447641226,4949.821170748198,4959.3583984375,97100,0.0,0.0
2022-07-11 00:00:00+09:00,5054.730930839919,5054.730930839919,4940.284192783166,4978.43310546875,38300,0.0,0.0
2022-07-12 00:00:00+09:00,4997.507442788002,5016.581898676506,4911.672391289735,4987.97021484375,36400,0.0,0.0
2022-07-13 00:00:00+09:00,4987.970200731575,4987.970200731575,4930.746833227962,4949.8212890625,40500,0.0,0.0
2022-07-14 00:00:00+09:00,4968.89602009245,5064.2683045471995,4940.284334756026,5045.19384765625,21500,0.0,0.0
2022-07-15 00:00:00+09:00,5102.417218329099,5102.417218329099,4968.89602009245,5045.19384765625,65700,0.0,0.0
2022-07-19 00:00:00+09:00,5083.3429144965285,5197.789659288194,5054.731228298611,5150.103515625,43800,0.0,0.0
2022-07-20 00:00:00+09:00,5283.624302208001,5407.608265978225,5255.012618261027,5378.99658203125,44900,0.0,0.0
2022-07-21 00:00:00+09:00,5407.608279805788,5483.9061038594855,5340.847683758803,5417.1455078125,55800,0.0,0.0
2022-07-22 00:00:00+09:00,5464.831661624508,5541.129485870575,5426.682749501475,5455.29443359375,27800,0.0,0.0
2022-07-25 00:00:00+09:00,5474.36877079243,5531.592137734511,5455.29431514507,5464.83154296875,30900,0.0,0.0
2022-07-26 00:00:00+09:00,5502.980967956648,5541.1298828125,5455.294824386833,5541.1298828125,24300,0.0,0.0
2022-07-27 00:00:00+09:00,5731.8741422526045,5827.246424153645,5684.188001302084,5722.3369140625,80400,0.0,0.0
2022-07-28 00:00:00+09:00,5817.709012818568,5922.6185196071,5808.1717849287015,5894.0068359375,105800,0.0,0.0
2022-07-29 00:00:00+09:00,5894.007205106523,6017.991175440478,5827.246605695931,5903.54443359375,67300,0.0,0.0
2022-08-01 00:00:00+09:00,5998.916647473221,6132.437844714278,5989.37941909886,6065.67724609375,48500,0.0,0.0
2022-08-02 00:00:00+09:00,6161.049542236328,6161.049542236328,6056.140029907227,6103.826171875,68300,0.0,0.0
2022-08-03 00:00:00+09:00,6084.7519314236115,6113.363617621528,5922.61904296875,6008.4541015625,73200,0.0,0.0
2022-08-04 00:00:00+09:00,6046.602449455676,6180.123639191291,6017.990765940902,6132.4375,57700,0.0,0.0
2022-08-05 00:00:00+09:00,6103.826399842272,6113.363628592025,6017.991341094489,6046.60302734375,38400,0.0,0.0
2022-08-08 00:00:00+09:00,6037.065776788389,6037.065776788389,5874.932888628195,5970.30517578125,60500,0.0,0.0
2022-08-09 00:00:00+09:00,5798.634931781701,5989.3795019061,5722.337103731942,5941.693359375,101400,0.0,0.0
2022-08-10 00:00:00+09:00,5941.6929896314805,6008.453585020598,5874.932394242363,5932.15576171875,28800,0.0,0.0
2022-08-12 00:00:00+09:00,6065.677127281201,6170.58663734424,6027.528214531005,6075.21435546875,30900,0.0,0.0
2022-08-15 00:00:00+09:00,6113.363617621528,6122.900846354167,5951.230729166667,6008.4541015625,35600,0.0,0.0
2022-08-16 00:00:00+09:00,5998.916267116927,6046.602405965234,5932.155672729298,6017.99072265625,15100,0.0,0.0
2022-08-17 00:00:00+09:00,6065.677062428325,6265.958852225487,6046.602606257167,6237.34716796875,45400,0.0,0.0
2022-08-18 00:00:00+09:00,6170.58642578125,6285.03316010795,6141.974742199574,6170.58642578125,39100,0.0,0.0
2022-08-19 00:00:00+09:00,6170.586468014985,6313.644886902504,6170.586468014985,6285.033203125,27300,0.0,0.0
2022-08-22 00:00:00+09:00,6285.03333515271,6418.554528919231,6285.03333515271,6313.64501953125,91200,0.0,0.0
2022-08-23 00:00:00+09:00,6399.479697546331,6456.70306294913,6275.495739173601,6304.107421875,67900,0.0,0.0
2022-08-24 00:00:00+09:00,6304.1080641973585,6428.092035202752,6285.033607119605,6409.017578125,44100,0.0,0.0
2022-08-25 00:00:00+09:00,6418.554515340045,6466.24065587006,6246.884409431991,6275.49609375,35800,0.0,0.0
2022-08-26 00:00:00+09:00,6256.421299342105,6370.868030427631,6256.421299342105,6342.25634765625,22000,0.0,0.0
2022-08-29 00:00:00+09:00,6199.1980948678065,6256.421461897356,6132.4375,6132.4375,24500,0.0,0.0
2022-08-30 00:00:00+09:00,6256.421505248091,6275.495961056775,6208.735365726384,6246.88427734375,20500,0.0,0.0
2022-08-31 00:00:00+09:00,6246.884396054329,6265.958852225487,6199.198255626433,6237.34716796875,25800,0.0,0.0
2022-09-01 00:00:00+09:00,6208.735576398983,6208.735576398983,6113.363294119428,6151.51220703125,21800,0.0,0.0
2022-09-02 00:00:00+09:00,6170.586782893779,6208.735696543818,6056.140041943663,6141.97509765625,33500,0.0,0.0
2022-09-05 00:00:00+09:00,6132.43765902738,6265.958852225487,6132.43765902738,6237.34716796875,26700,0.0,0.0
2022-09-06 00:00:00+09:00,6285.032966740734,6323.181877009267,6256.421284039335,6304.107421875,29500,0.0,0.0
2022-09-07 00:00:00+09:00,6304.107750901442,6304.107750901442,6151.512101862981,6199.1982421875,39700,0.0,0.0
2022-09-08 00:00:00+09:00,6275.495914617234,6475.7776991262945,6246.88423111594,6447.166015625,46800,0.0,0.0
2022-09-09 00:00:00+09:00,6437.629405318023,6523.464464055596,6437.629405318023,6475.7783203125,23000,0.0,0.0
2022-09-12 00:00:00+09:00,6733.282876242155,6885.878522162657,6704.67119263206,6838.1923828125,79500,0.0,0.0
2022-09-13 00:00:00+09:00,6752.357462565104,6924.027567545572,6752.357462565104,6866.80419921875,63900,0.0,0.0
2022-09-14 00:00:00+09:00,6676.059795456592,6780.969306528053,6609.299197502026,6618.83642578125,40400,0.0,0.0
2022-09-15 00:00:00+09:00,6542.538561331562,6580.687474225623,6437.629050872893,6504.3896484375,52200,0.0,0.0
2022-09-16 00:00:00+09:00,6504.389459900547,6590.224511424161,6285.033217117977,6323.18212890625,496600,0.0,0.0
2022-09-20 00:00:00+09:00,6323.182660334592,6542.538921552835,6227.810372848398,6475.7783203125,43300,0.0,0.0
2022-09-21 00:00:00+09:00,6342.25674320753,6456.703481430824,6342.25674320753,6428.091796875,29000,0.0,0.0
2022-09-22 00:00:00+09:00,6361.330787277799,6361.330787277799,6218.272373770802,6304.107421875,34400,0.0,0.0
2022-09-26 00:00:00+09:00,6151.512069828254,6151.512069828254,5750.948493188274,5770.02294921875,47100,0.0,0.0
2022-09-27 00:00:00+09:00,5789.0974324212375,5960.767537501274,5789.0974324212375,5846.32080078125,33600,0.0,0.0
2022-09-28 00:00:00+09:00,5855.858242964863,5855.858242964863,5703.262588425062,5750.94873046875,32800,0.0,0.0
2022-09-29 00:00:00+09:00,5798.634309050324,5874.93212890625,5741.4109441583805,5874.93212890625,42500,0.0,0.0
2022-09-30 00:00:00+09:00,5684.188143533773,5846.3210268224875,5636.502001390033,5789.09765625,61000,0.0,0.0
2022-10-03 00:00:00+09:00,5750.948800556968,5979.84228515625,5750.948800556968,5979.84228515625,32700,0.0,0.0
2022-10-04 00:00:00+09:00,6094.28854481354,6113.363000352862,5979.841811577605,6017.99072265625,30700,0.0,0.0
2022-10-05 00:00:00+09:00,6056.139821213943,6199.1982421875,5989.379224759616,6199.1982421875,23900,0.0,0.0
2022-10-06 00:00:00+09:00,6199.198373791634,6246.884515128493,6132.437775920032,6227.81005859375,25000,0.0,0.0
2022-10-07 00:00:00+09:00,6141.974742199574,6275.4959322473915,6122.900286478458,6170.58642578125,34800,0.0,0.0
2022-10-11 00:00:00+09:00,6084.751165927984,6084.751165927984,5951.22998046875,5951.22998046875,16000,0.0,0.0
2022-10-12 00:00:00+09:00,6046.602452612705,6056.139680455943,5789.097300845287,5817.708984375,21800,0.0,0.0
2022-10-13 00:00:00+09:00,5817.7093535827535,5894.007181170724,5750.9487544432795,5827.24658203125,22300,0.0,0.0
2022-10-14 00:00:00+09:00,5998.916296061962,6151.511941112823,5932.155701352211,6094.28857421875,35700,0.0,0.0
2022-10-17 00:00:00+09:00,6027.528188344594,6056.139872782939,5979.84204761402,5998.91650390625,8900,0.0,0.0
2022-10-18 00:00:00+09:00,5998.916717714252,6304.108029267282,5998.916717714252,6294.57080078125,24200,0.0,0.0
2022-10-19 00:00:00+09:00,6380.405710871698,6437.629080475928,6227.81005859375,6227.81005859375,31500,0.0,0.0
2022-10-20 00:00:00+09:00,6227.81001974454,6323.1823018233235,6103.826053042122,6113.36328125,50900,0.0,0.0
2022-10-21 00:00:00+09:00,6113.363400268555,6208.735684204102,6094.288943481445,6103.826171875,9200,0.0,0.0
2022-10-24 00:00:00+09:00,6199.198538957242,6409.01756642964,6199.198538957242,6370.86865234375,24600,0.0,0.0
2022-10-25 00:00:00+09:00,6370.8683611668575,6428.091729680333,6227.809939883171,6237.34716796875,24400,0.0,0.0
2022-10-26 00:00:00+09:00,6332.7193284828245,6332.7193284828245,6180.123682013359,6246.88427734375,14400,0.0,0.0
2022-10-27 00:00:00+09:00,6304.108005266248,6323.182462165692,6218.27294921875,6218.27294921875,12800,0.0,0.0
2022-10-28 00:00:00+09:00,6265.958511606467,6418.554152680597,6218.272373770802,6304.107421875,18600,0.0,0.0
2022-10-31 00:00:00+09:00,6342.256768637739,6571.150246002107,6342.256768637739,6504.3896484375,37100,0.0,0.0
2022-11-01 00:00:00+09:00,6599.762294044551,6628.373980290408,6418.554947820784,6475.7783203125,16000,0.0,0.0
2022-11-02 00:00:00+09:00,6456.70361328125,6542.5386687015325,6437.629156521187,6456.70361328125,69800,0.0,0.0
2022-11-04 00:00:00+09:00,6552.075521796412,6552.075521796412,6437.6287877912355,6447.166015625,15200,0.0,0.0
2022-11-07 00:00:00+09:00,6447.166253245549,6494.852394171921,6409.017340504452,6428.091796875,25000,0.0,0.0
2022-11-08 00:00:00+09:00,6466.240527908237,6656.985086253612,6418.5543883218925,6599.76171875,35900,0.0,0.0
2022-11-09 00:00:00+09:00,6695.134040138938,6780.969091935591,6656.985128229314,6714.20849609375,66500,0.0,0.0
2022-11-10 00:00:00+09:00,6590.224753480928,6704.671493049337,6561.613068588825,6656.9853515625,39200,0.0,0.0
2022-11-11 00:00:00+09:00,6752.357117530258,6828.654938067322,6103.825642965205,6304.107421875,155500,0.0,0.0
2022-11-14 00:00:00+09:00,6294.5709970064245,6370.86882727317,5979.842447156104,6122.90087890625,68900,0.0,0.0
2022-11-15 00:00:00+09:00,6113.3634362718085,6285.033548366804,6056.140065573476,6218.27294921875,41000,0.0,0.0
2022-11-16 00:00:00+09:00,6208.7353515625,6332.719314036099,6170.5864400321625,6208.7353515625,42400,0.0,0.0
2022-11-17 00:00:00+09:00,6275.496066706731,6332.7194350961545,6189.6610141225965,6199.1982421875,33100,0.0,0.0
2022-11-18 00:00:00+09:00,6275.496517337835,6304.108203587096,6046.60302734375,6046.60302734375,69800,0.0,0.0
2022-11-21 00:00:00+09:00,6056.140009751114,6485.315286032689,6056.140009751114,6418.5546875,44000,0.0,0.0
2022-11-22 00:00:00+09:00,6466.240735543439,6561.613017778593,6389.942909755316,6504.3896484375,36000,0.0,0.0
2022-11-24 00:00:00+09:00,6513.927256754912,6590.225086995087,6475.778341634825,6552.076171875,26600,0.0,0.0
2022-11-25 00:00:00+09:00,6628.373991266701,6723.746278910826,6504.390017329338,6513.92724609375,39800,0.0,0.0
2022-11-28 00:00:00+09:00,6609.299065552641,6656.985205996743,6361.331135243307,6590.224609375,53300,0.0,0.0
2022-11-29 00:00:00+09:00,6590.224859504645,6637.911001758658,6389.943062037789,6609.29931640625,50200,0.0,0.0
2022-11-30 00:00:00+09:00,6523.464025966727,6666.5224475888035,6485.315113534172,6628.37353515625,33900,0.0,0.0
2022-12-01 00:00:00+09:00,6704.6712541852685,6714.208482142857,6590.224518694196,6676.0595703125,43700,0.0,0.0
2022-12-02 00:00:00+09:00,6618.836293641461,6676.059662174384,6523.464012753256,6590.224609375,30800,0.0,0.0
2022-12-05 00:00:00+09:00,6590.224447811352,6590.224447811352,6418.554346421186,6485.31494140625,16800,0.0,0.0
2022-12-06 00:00:00+09:00,6418.554422495783,6466.240562336019,6265.958775007028,6361.3310546875,56200,0.0,0.0
2022-12-07 00:00:00+09:00,6294.570509021865,6294.570509021865,6132.437632274333,6161.04931640625,50400,0.0,0.0
2022-12-08 00:00:00+09:00,6141.974887112959,6275.496080311066,6113.3632028562215,6237.34716796875,45000,0.0,0.0
2022-12-09 00:00:00+09:00,6246.88427734375,6332.7193284828245,6151.511998300334,6246.88427734375,41700,0.0,0.0
2022-12-12 00:00:00+09:00,6246.884489310804,6246.884489310804,6141.974978803295,6151.51220703125,16700,0.0,0.0
2022-12-13 00:00:00+09:00,6199.19838636796,6265.958984375,6161.04947322108,6265.958984375,43700,0.0,0.0
2022-12-14 00:00:00+09:00,6285.033203125,6313.644886902504,6256.4215193474965,6285.033203125,16500,0.0,0.0
2022-12-15 00:00:00+09:00,6208.735937956338,6294.5709970064245,6122.90087890625,6122.90087890625,27900,0.0,0.0
2022-12-16 00:00:00+09:00,6103.826399842272,6103.826399842272,5960.767968595968,6046.60302734375,34600,0.0,0.0
2022-12-19 00:00:00+09:00,5998.916694104184,6037.065607898169,5827.24658203125,5827.24658203125,15300,0.0,0.0
2022-12-20 00:00:00+09:00,5827.246507167004,5855.85819214491,5560.204114039874,5598.35302734375,38900,0.0,0.0
2022-12-21 00:00:00+09:00,5598.352732500272,5598.352732500272,5369.459264731948,5464.83154296875,34700,0.0,0.0
2022-12-22 00:00:00+09:00,5655.57642217043,5741.411477481617,5541.129681755515,5674.65087890625,30100,0.0,0.0
2022-12-23 00:00:00+09:00,5636.502191877123,5636.502191877123,5512.518218113328,5617.427734375,22500,0.0,0.0
2022-12-26 00:00:00+09:00,5636.501834353885,5646.0390625,5531.592324746622,5646.0390625,16900,0.0,0.0
2022-12-27 00:00:00+09:00,5646.039168973594,5703.262538929408,5560.204114039874,5598.35302734375,14300,0.0,0.0
2022-12-28 00:00:00+09:00,5598.35302734375,5674.650853951501,5598.35302734375,5598.35302734375,12900,0.0,0.0
2022-12-29 00:00:00+09:00,5665.113544921875,5722.3369140625,5541.129578450521,5722.3369140625,14200,0.0,0.0
2022-12-30 00:00:00+09:00,5750.94862446032,6084.751612613076,5731.874167994449,5798.634765625,21900,0.0,0.0
2023-01-04 00:00:00+09:00,5798.634822189097,5798.634822189097,5598.35302734375,5598.35302734375,10500,0.0,0.0
2023-01-05 00:00:00+09:00,5655.576053503788,5665.11328125,5598.352687026515,5665.11328125,7500,0.0,0.0
2023-01-06 00:00:00+09:00,5665.113380162278,5932.15576171875,5626.964468511354,5932.15576171875,26300,0.0,0.0
2023-01-10 00:00:00+09:00,6027.528277207001,6370.868495528919,6027.528277207001,6265.958984375,64800,0.0,0.0
2023-01-11 00:00:00+09:00,6227.809912714058,6227.809912714058,6027.528123790635,6161.04931640625,19100,0.0,0.0
2023-01-12 00:00:00+09:00,6180.123999023437,6199.198455810547,6075.214486694336,6103.826171875,11400,0.0,0.0
2023-01-13 00:00:00+09:00,6151.511955676516,6208.735322706065,6065.676905132193,6132.4375,19100,0.0,0.0
2023-01-16 00:00:00+09:00,6170.586411353032,6199.1980948678065,6046.602449455676,6132.4375,11600,0.0,0.0
2023-01-17 00:00:00+09:00,6170.586782893779,6189.661239718798,6075.2144987686825,6141.97509765625,8300,0.0,0.0
2023-01-18 00:00:00+09:00,6170.58642578125,6256.421476526275,6151.5119700601335,6170.58642578125,23700,0.0,0.0
2023-01-19 00:00:00+09:00,6151.512338143808,6227.810165593653,6008.453911675348,6180.1240234375,17300,0.0,0.0
2023-01-20 00:00:00+09:00,6180.123878705149,6180.123878705149,6084.751596626365,6113.36328125,4100,0.0,0.0
2023-01-23 00:00:00+09:00,6199.1982421875,6227.809926382211,6103.825961538461,6199.1982421875,23300,0.0,0.0
2023-01-24 00:00:00+09:00,6199.198179230697,6370.868282655547,6113.3631275182715,6361.3310546875,32900,0.0,0.0
2023-01-25 00:00:00+09:00,6294.570589435634,6437.629011922808,6237.347220440765,6389.94287109375,18400,0.0,0.0
2023-01-26 00:00:00+09:00,6294.57066923516,6342.2568106687595,6218.2728429414,6265.958984375,16600,0.0,0.0
2023-01-27 00:00:00+09:00,6208.735337223483,6208.735337223483,6122.900286478458,6170.58642578125,10800,0.0,0.0
2023-01-30 00:00:00+09:00,6227.810189596036,6304.108017339939,6161.049590320122,6256.421875,17000,0.0,0.0
2023-01-31 00:00:00+09:00,6304.108029267282,6361.331400183475,6265.959115323153,6294.57080078125,15900,0.0,0.0
2023-02-01 00:00:00+09:00,6351.793904995699,6351.793904995699,6208.735483712012,6237.34716796875,13800,0.0,0.0
2023-02-02 00:00:00+09:00,6342.2569432114105,6342.2569432114105,6256.421886837121,6294.57080078125,19800,0.0,0.0
2023-02-03 00:00:00+09:00,6294.570617199688,6313.645073615445,6075.214368418487,6113.36328125,18700,0.0,0.0
2023-02-06 00:00:00+09:00,6199.198109362925,6304.107615829067,6132.437514339016,6170.58642578125,19900,0.0,0.0
2023-02-07 00:00:00+09:00,6151.5119700601335,6189.6608815023665,6017.9907800123165,6170.58642578125,29000,0.0,0.0
2023-02-08 00:00:00+09:00,6227.8098215350665,6332.7193284828245,6227.8098215350665,6246.88427734375,13400,0.0,0.0
2023-02-09 00:00:00+09:00,6265.958838641827,6265.958838641827,6103.825961538461,6199.1982421875,27100,0.0,0.0
2023-02-10 00:00:00+09:00,6246.88450229921,6285.033415290351,6132.437763325789,6189.6611328125,18800,0.0,0.0
2023-02-13 00:00:00+09:00,6304.107630388346,6399.47990921419,6141.9747563844085,6208.7353515625,55900,0.0,0.0
2023-02-14 00:00:00+09:00,6208.735470252404,6246.884382512019,6151.512101862981,6199.1982421875,9700,0.0,0.0
2023-02-15 00:00:00+09:00,6199.198335120905,6227.81001974454,6084.751596626365,6113.36328125,17700,0.0,0.0
2023-02-16 00:00:00+09:00,6189.6611328125,6189.6611328125,6122.900535078004,6189.6611328125,21900,0.0,0.0
2023-02-17 00:00:00+09:00,6180.1238386824325,6180.1238386824325,5960.76759132179,5998.91650390625,20800,0.0,0.0
2023-02-20 00:00:00+09:00,6084.751786968299,6084.751786968299,5922.61890236256,5941.693359375,8000,0.0,0.0
2023-02-21 00:00:00+09:00,5913.0810546875,5922.618282195061,5846.320462134577,5913.0810546875,17400,0.0,0.0
2023-02-22 00:00:00+09:00,5817.7091826368505,5817.7091826368505,5684.18798828125,5684.18798828125,15400,0.0,0.0
2023-02-24 00:00:00+09:00,5731.87371667639,5913.081038834212,5674.650351784446,5874.93212890625,27400,0.0,0.0
2023-02-27 00:00:00+09:00,5874.932748132068,5903.54443359375,5789.097691747022,5903.54443359375,10200,0.0,0.0
2023-02-28 00:00:00+09:00,5913.0810546875,5989.378874747984,5846.320462134577,5913.0810546875,32400,0.0,0.0
2023-03-01 00:00:00+09:00,5922.618501406733,6170.58642578125,5884.469589964499,6170.58642578125,15300,0.0,0.0
2023-03-02 00:00:00+09:00,6170.586544450222,6218.272684670085,6132.437632274333,6161.04931640625,11600,0.0,0.0
2023-03-03 00:00:00+09:00,6161.049197920692,6199.198109362925,6122.900286478458,6170.58642578125,9700,0.0,0.0
2023-03-06 00:00:00+09:00,6237.347181325988,6304.107778068009,6180.12381268997,6275.49609375,14600,0.0,0.0
2023-03-07 00:00:00+09:00,6304.107993043499,6304.107993043499,6170.586795006269,6180.1240234375,12100,0.0,0.0
2023-03-08 00:00:00+09:00,6132.437514339016,6180.123653641808,6122.900286478458,6170.58642578125,10200,0.0,0.0
2023-03-09 00:00:00+09:00,6265.958689735614,6265.958689735614,6103.825816485225,6132.4375,12200,0.0,0.0
2023-03-10 00:00:00+09:00,6037.065776788389,6037.065776788389,5941.693489635333,5970.30517578125,12000,0.0,0.0
2023-03-13 00:00:00+09:00,5960.76759132179,6017.990960198479,5874.932538006757,5998.91650390625,12400,0.0,0.0
2023-03-14 00:00:00+09:00,5998.916449741282,5998.916449741282,5760.485748241232,5846.32080078125,26800,0.0,0.0
2023-03-15 00:00:00+09:00,5808.1717849287015,5989.379114836165,5808.1717849287015,5894.0068359375,31000,0.0,0.0
2023-03-16 00:00:00+09:00,5798.634778390523,5894.007060929841,5684.188039343341,5836.78369140625,24900,0.0,0.0
2023-03-17 00:00:00+09:00,5951.230401716069,6218.272791536661,5874.932576053043,6113.36328125,53500,0.0,0.0
2023-03-20 00:00:00+09:00,6017.99073726624,6237.346976500984,5951.230142716536,6056.1396484375,36600,0.0,0.0
2023-03-22 00:00:00+09:00,6151.512101862981,6256.421610576924,6065.677049278846,6199.1982421875,22700,0.0,0.0
2023-03-23 00:00:00+09:00,6199.198468131308,6218.272924956328,6084.751727181192,6141.97509765625,11800,0.0,0.0
2023-03-24 00:00:00+09:00,6141.974514868952,6141.974514868952,5913.0810546875,5913.0810546875,15300,0.0,0.0
2023-03-27 00:00:00+09:00,5979.842202758789,6151.512313842773,5836.783776855469,6103.826171875,21300,0.0,0.0
2023-03-28 00:00:00+09:00,6065.677127281201,6103.8260400313975,6027.528214531005,6075.21435546875,7300,0.0,0.0
2023-03-29 00:00:00+09:00,6113.363072736655,6208.7353515625,5998.916338145642,6208.7353515625,8700,0.0,0.0
2023-03-30 00:00:00+09:00,6169.501636860683,6306.819638317042,6169.501636860683,6208.7353515625,8500,180.0,0.0
2023-03-31 00:00:00+09:00,6257.77752911603,6404.90396005136,6257.77752911603,6355.86181640625,9900,0.0,0.0
2023-04-03 00:00:00+09:00,6355.861802716122,6355.861802716122,6228.3522295134835,6297.01123046875,8400,0.0,0.0
2023-04-04 00:00:00+09:00,6228.352386474609,6287.202960205078,6189.118670654297,6277.39453125,10100,0.0,0.0
2023-04-05 00:00:00+09:00,6218.543744627326,6218.543744627326,6022.375172241606,6061.60888671875,11000,0.0,0.0
2023-04-06 00:00:00+09:00,6061.609181958575,6061.609181958575,5855.632170921149,5904.67431640625,15400,0.0,0.0
2023-04-07 00:00:00+09:00,5914.482593215867,5963.524737438221,5836.015162460101,5953.71630859375,8200,0.0,0.0
2023-04-10 00:00:00+09:00,6051.800797630042,6140.07666015625,5973.333364273412,6140.07666015625,8500,0.0,0.0
2023-04-11 00:00:00+09:00,6140.076476258117,6169.501762885551,6032.183758624188,6041.9921875,6900,0.0,0.0
2023-04-12 00:00:00+09:00,6041.992357610888,6140.076649130545,5973.333353547127,6081.22607421875,9800,0.0,0.0
2023-04-13 00:00:00+09:00,6041.9923521069695,6081.226068679092,6002.758635534847,6051.80078125,7200,0.0,0.0
2023-04-14 00:00:00+09:00,6022.375172241606,6081.225743957322,5973.333029145177,6061.60888671875,9900,0.0,0.0
2023-04-17 00:00:00+09:00,6130.267901298327,6140.076329940404,6061.608900803786,6120.45947265625,7700,0.0,0.0
2023-04-18 00:00:00+09:00,6100.842741260812,6100.842741260812,5953.71630859375,5953.71630859375,13900,0.0,0.0
2023-04-19 00:00:00+09:00,5904.674164371396,5963.524737438221,5855.632020149043,5953.71630859375,16200,0.0,0.0
2023-04-20 00:00:00+09:00,5845.823752955386,6022.375477037932,5806.590036492598,5963.52490234375,17000,0.0,0.0
2023-04-21 00:00:00+09:00,5865.440627532415,6051.80078125,5836.015340103323,6051.80078125,10400,0.0,0.0
2023-04-24 00:00:00+09:00,6051.800775683276,6091.03449221931,5992.950200879224,6022.37548828125,12700,0.0,0.0
2023-04-25 00:00:00+09:00,6051.800797630042,6316.628385208666,5992.95022261257,6140.07666015625,28200,0.0,0.0
2023-04-26 00:00:00+09:00,6041.992015165441,6149.884729721967,5914.48244341682,6002.75830078125,17300,0.0,0.0
2023-04-27 00:00:00+09:00,5953.716192558812,6198.926908891547,5953.716192558812,6149.884765625,7900,0.0,0.0
2023-04-28 00:00:00+09:00,6179.310112349484,6463.754546092556,6179.310112349484,6414.71240234375,27200,0.0,0.0
2023-05-01 00:00:00+09:00,6316.627981085527,6601.072408805217,6316.627981085527,6522.60498046875,14200,0.0,0.0
2023-05-02 00:00:00+09:00,6493.180045620858,6816.858204994707,6453.946329333119,6659.92333984375,34100,0.0,0.0
2023-05-08 00:00:00+09:00,6659.923009514633,6758.007295369046,6561.83872366022,6640.30615234375,18800,0.0,0.0
2023-05-09 00:00:00+09:00,6640.30648169988,6699.157056131489,6620.689623556011,6659.92333984375,5300,0.0,0.0
2023-05-10 00:00:00+09:00,6659.923206676136,7042.4519328327915,6659.923206676136,6797.2412109375,36400,0.0,0.0
2023-05-11 00:00:00+09:00,6679.539859398183,6708.965145122404,6591.26400222552,6610.880859375,12400,0.0,0.0
2023-05-12 00:00:00+09:00,6512.797018568147,6581.456023281968,6159.693565754212,6404.904296875,68000,0.0,0.0
2023-05-15 00:00:00+09:00,6404.904270088411,6571.647566553193,6189.118827604575,6257.77783203125,29500,0.0,0.0
2023-05-16 00:00:00+09:00,6355.861795774647,6355.861795774647,6198.926936619718,6267.5859375,9500,0.0,0.0
2023-05-17 00:00:00+09:00,6198.926894625604,6198.926894625604,6032.18360790308,6091.0341796875,21000,0.0,0.0
2023-05-18 00:00:00+09:00,6159.693523946741,6198.927240659777,6061.609232164149,6169.501953125,18200,0.0,0.0
2023-05-19 00:00:00+09:00,6169.501836296971,6444.137848087615,6169.501836296971,6395.095703125,21900,0.0,0.0
2023-05-22 00:00:00+09:00,6434.3291308008975,6561.838701990549,6424.520702247848,6552.0302734375,30400,0.0,0.0
2023-05-23 00:00:00+09:00,6552.030438387519,6689.348441587257,6522.605151987575,6561.8388671875,16600,0.0,0.0
2023-05-24 00:00:00+09:00,6463.754437805807,6669.731438100074,6463.754437805807,6640.30615234375,13900,0.0,0.0
2023-05-25 00:00:00+09:00,6650.114595248444,6728.582024100933,6630.497738035322,6699.15673828125,27700,0.0,0.0
2023-05-26 00:00:00+09:00,6797.241392219728,7032.643691517381,6758.007675670119,6895.32568359375,63300,0.0,0.0
2023-05-29 00:00:00+09:00,6885.517259981409,6983.601551434135,6885.517259981409,6924.7509765625,16000,0.0,0.0
2023-05-30 00:00:00+09:00,6963.984698684327,7003.218415296633,6885.5172654597145,6954.17626953125,27600,0.0,0.0
2023-05-31 00:00:00+09:00,6963.984402051593,7081.685546875,6954.175973316309,7081.685546875,76200,0.0,0.0
2023-06-01 00:00:00+09:00,7022.835295488037,7101.302728957178,6944.3678620188975,7071.87744140625,42700,0.0,0.0
2023-06-02 00:00:00+09:00,7130.727868602109,7258.23744534465,7052.2604367605445,7150.3447265625,55900,0.0,0.0
2023-06-05 00:00:00+09:00,7248.428718176171,7415.172003979953,7189.578146716012,7277.85400390625,38400,0.0,0.0
2023-06-06 00:00:00+09:00,7150.34443240924,7326.896146789715,7150.34443240924,7277.85400390625,57500,0.0,0.0
2023-06-07 00:00:00+09:00,7336.704575366408,7385.746718249873,7219.003432446091,7277.85400390625,31700,0.0,0.0
2023-06-08 00:00:00+09:00,7287.662432482943,7434.788861133338,7268.045575329556,7277.85400390625,30500,0.0,0.0
2023-06-09 00:00:00+09:00,7375.938470043391,7415.172185309579,7297.471039511014,7346.51318359375,41000,0.0,0.0
2023-06-12 00:00:00+09:00,7405.363934229291,7483.831366644965,7346.513359917535,7415.17236328125,29300,0.0,0.0
2023-06-13 00:00:00+09:00,7532.873523622047,7581.915668958129,7454.406091084318,7474.02294921875,24800,0.0,0.0
2023-06-14 00:00:00+09:00,7591.723811619718,7699.616527288732,7591.723811619718,7660.3828125,27900,0.0,0.0
2023-06-15 00:00:00+09:00,7729.04217872191,7954.6360494206465,7729.04217872191,7856.5517578125,39800,0.0,0.0
2023-06-16 00:00:00+09:00,7866.359896152081,8082.145329712363,7846.743038555692,8013.486328125,38400,0.0,0.0
2023-06-19 00:00:00+09:00,8013.486510566241,8239.080378060762,8013.486510566241,8111.57080078125,54800,0.0,0.0
2023-06-20 00:00:00+09:00,8111.570806664157,8199.846667921687,8082.145519578314,8140.99609375,50500,0.0,0.0
2023-06-21 00:00:00+09:00,8140.995935293345,8190.038079481859,8091.953791104831,8160.61279296875,43900,0.0,0.0
2023-06-22 00:00:00+09:00,8190.0380664298955,8278.313925828541,8101.76220703125,8101.76220703125,44700,0.0,0.0
2023-06-23 00:00:00+09:00,8140.996032714844,8190.038177490234,7444.597576904296,7846.7431640625,63300,0.0,0.0
2023-06-26 00:00:00+09:00,7846.743170143213,8013.486462508757,7778.0841674044605,7876.16845703125,36000,0.0,0.0
2023-06-27 00:00:00+09:00,7876.168250881896,7876.168250881896,7640.765961938974,7689.80810546875,29500,0.0,0.0
2023-06-28 00:00:00+09:00,7817.31789523621,7935.01904296875,7817.31789523621,7935.01904296875,27300,0.0,0.0
2023-06-29 00:00:00+09:00,7856.551473775725,8140.995909155869,7856.551473775725,8042.91162109375,23900,0.0,0.0
2023-06-30 00:00:00+09:00,8140.995909155869,8140.995909155869,7925.210475419208,8042.91162109375,14500,0.0,0.0
2023-07-03 00:00:00+09:00,8140.9958186619715,8405.823393485914,8140.9958186619715,8356.78125,27900,0.0,0.0
2023-07-04 00:00:00+09:00,8209.654943628368,8405.823520537051,8111.570655174027,8190.0380859375,24500,0.0,0.0
2023-07-05 00:00:00+09:00,8190.037920835207,8229.271635426034,8072.336777062726,8180.2294921875,9400,0.0,0.0
2023-07-06 00:00:00+09:00,8190.0380859375,8288.122374391842,8121.3790840194615,8190.0380859375,32300,0.0,0.0
2023-07-07 00:00:00+09:00,8140.99609375,8268.505671121988,8091.953948606928,8140.99609375,36000,0.0,0.0
2023-07-10 00:00:00+09:00,8131.18736281622,8376.398079427083,8082.1452194940475,8239.080078125,28500,0.0,0.0
2023-07-11 00:00:00+09:00,8356.781722642349,8454.866015161626,8229.27214236729,8268.505859375,33100,0.0,0.0
2023-07-12 00:00:00+09:00,8307.73923208271,8307.73923208271,8150.804370555764,8190.0380859375,21100,0.0,0.0
2023-07-13 00:00:00+09:00,8258.697242093374,8258.697242093374,8111.570806664157,8140.99609375,30900,0.0,0.0
2023-07-14 00:00:00+09:00,8239.080474088838,8670.65135606492,8091.954037051538,8611.80078125,109900,0.0,0.0
2023-07-18 00:00:00+09:00,8827.58563701923,9004.137349759616,8582.374924879809,8925.669921875,120900,0.0,0.0
2023-07-19 00:00:00+09:00,9053.179889654659,9327.81589930832,9023.754602906052,9239.5400390625,63400,0.0,0.0
2023-07-20 00:00:00+09:00,9092.413515625,9092.413515625,8817.777508680556,8827.5859375,57200,0.0,0.0
2023-07-21 00:00:00+09:00,8935.478654513889,8964.903940972223,8758.92693576389,8827.5859375,47700,0.0,0.0
2023-07-24 00:00:00+09:00,8827.586449795082,9131.647760843578,8827.586449795082,8974.712890625,32500,0.0,0.0
2023-07-25 00:00:00+09:00,8974.712909587379,9161.073068365697,8925.670762540452,9092.4140625,39400,0.0,0.0
2023-07-26 00:00:00+09:00,9023.754565746753,9190.497856635551,8974.712421367694,9062.98828125,27400,0.0,0.0
2023-07-27 00:00:00+09:00,9062.988610286178,9151.26447337338,8984.521176430886,9082.60546875,15300,0.0,0.0
2023-07-28 00:00:00+09:00,8984.520686619719,9112.030259683099,8964.903829225352,9053.1796875,30500,0.0,0.0
2023-07-31 00:00:00+09:00,9200.305994431516,9298.390280086436,9121.83856590758,9219.9228515625,23300,0.0,0.0
2023-08-01 00:00:00+09:00,9239.53954298123,9465.133395941493,9190.497401033346,9210.1142578125,41500,0.0,0.0
2023-08-02 00:00:00+09:00,9151.263807449837,9288.581806704176,9043.37109375,9043.37109375,40700,0.0,0.0
2023-08-03 00:00:00+09:00,9043.371258802816,9337.62411971831,9004.137544014084,9053.1796875,39900,0.0,0.0
2023-08-04 00:00:00+09:00,9053.179522268167,9170.88066448617,8984.520522640998,9043.37109375,42700,0.0,0.0
2023-08-07 00:00:00+09:00,9102.222162162163,9200.306452702704,9004.137871621622,9072.796875,22700,0.0,0.0
2023-08-08 00:00:00+09:00,9092.413744671388,9268.965467868891,9062.988457471805,9131.6474609375,40500,0.0,0.0
2023-08-09 00:00:00+09:00,9131.6474609375,9190.498035336668,9062.988457471805,9131.6474609375,48600,0.0,0.0
2023-08-10 00:00:00+09:00,9278.773908584579,9406.283486609525,9141.45590148079,9190.498046875,43000,0.0,0.0
2023-08-14 00:00:00+09:00,9190.498286325917,9239.540432997881,8670.651531603107,8680.4599609375,80100,0.0,0.0
2023-08-15 00:00:00+09:00,8709.884905929304,8778.543908566135,8582.375329603763,8601.9921875,42200,0.0,0.0
2023-08-16 00:00:00+09:00,8601.99165956714,8670.65065799014,8396.014664298144,8454.865234375,75200,0.0,0.0
2023-08-17 00:00:00+09:00,8454.865741155998,8572.566888364667,8160.612873134328,8543.1416015625,40000,0.0,0.0
2023-08-18 00:00:00+09:00,8513.716,8651.034,8396.014857142856,8582.375,33300,0.0,0.0
2023-08-21 00:00:00+09:00,8621.609210385821,8680.459785200741,8513.7164898918,8611.80078125,39900,0.0,0.0
2023-08-22 00:00:00+09:00,8641.225777099064,8807.96906678202,8641.225777099064,8768.7353515625,21500,0.0,0.0
2023-08-23 00:00:00+09:00,8798.160567764038,9219.923003008022,8768.735281584224,9170.880859375,45000,0.0,0.0
2023-08-24 00:00:00+09:00,9180.68991754886,9180.68991754886,8847.203317979778,9033.5634765625,17100,0.0,0.0
2023-08-25 00:00:00+09:00,8906.053581081082,9151.264307432433,8906.053581081082,9072.796875,12900,0.0,0.0
2023-08-28 00:00:00+09:00,9141.455749900479,9308.199041475917,9141.455749900479,9239.5400390625,19000,0.0,0.0
2023-08-29 00:00:00+09:00,9288.582514358779,9347.433089951337,9121.83921684653,9259.1572265625,28500,0.0,0.0
2023-08-30 00:00:00+09:00,9219.923345539502,9308.199207358497,9121.839054629507,9249.3486328125,23500,0.0,0.0
2023-08-31 00:00:00+09:00,9249.348329494032,9367.049474726195,9190.497756877952,9347.4326171875,32000,0.0,0.0
2023-09-01 00:00:00+09:00,9347.4326171875,9465.133762419662,9308.198902110113,9347.4326171875,29600,0.0,0.0
2023-09-04 00:00:00+09:00,9357.2412109375,9416.091784591195,9298.390637283805,9357.2412109375,39600,0.0,0.0
2023-09-05 00:00:00+09:00,9367.049781904494,9416.091927359492,9229.731774630502,9249.3486328125,57500,0.0,0.0
2023-09-06 00:00:00+09:00,9327.81629165338,9651.494459502552,9249.348857023278,9612.2607421875,32500,0.0,0.0
2023-09-07 00:00:00+09:00,9661.302604751434,9857.47118555857,9612.26045954965,9828.0458984375,35700,0.0,0.0
2023-09-08 00:00:00+09:00,9808.429004700203,9828.045862709603,9573.026708587398,9651.494140625,34200,0.0,0.0
2023-09-11 00:00:00+09:00,9504.36800965734,9700.536596027978,9474.942721701746,9553.41015625,22300,0.0,0.0
2023-09-12 00:00:00+09:00,9553.410166214924,9769.195611447705,9553.410166214924,9612.2607421875,21600,0.0,0.0
2023-09-13 00:00:00+09:00,9759.386327721877,9759.386327721877,9425.899759739421,9504.3671875,23000,0.0,0.0
2023-09-14 00:00:00+09:00,9612.26024740916,9631.877105056934,9514.175959170292,9582.8349609375,18700,0.0,0.0
2023-09-15 00:00:00+09:00,9710.344396429024,9788.811825895116,9582.834823546622,9690.7275390625,32500,0.0,0.0
2023-09-19 00:00:00+09:00,9700.536106824144,9720.152964471918,9523.984387994178,9582.8349609375,21600,0.0,0.0
2023-09-20 00:00:00+09:00,9582.834677860656,9582.834677860656,9072.796394085062,9102.2216796875,29800,0.0,0.0
2023-09-21 00:00:00+09:00,9151.264128242443,9259.156845724401,8896.244977830542,9004.1376953125,35100,0.0,0.0
2023-09-22 00:00:00+09:00,9102.221649836245,9121.838506840202,8955.095222306563,8984.5205078125,18200,0.0,0.0
2023-09-25 00:00:00+09:00,8994.329454006109,9131.6474609375,8827.586159875134,9131.6474609375,25400,0.0,0.0
2023-09-26 00:00:00+09:00,9131.64729607695,9200.30629830309,9043.371436071908,9121.8388671875,39000,0.0,0.0
2023-09-27 00:00:00+09:00,9121.838742410242,9288.58203125,9043.371312368005,9288.58203125,36400,0.0,0.0
2023-09-28 00:00:00+09:00,9582.834851612957,9582.834851612957,9062.988129877556,9112.0302734375,23800,0.0,0.0
2023-09-29 00:00:00+09:00,9112.030625538508,9425.900356450491,9112.030625538508,9249.3486328125,33200,0.0,0.0
2023-10-02 00:00:00+09:00,9102.222138554218,9347.432864269578,8837.394554781627,8955.095703125,20300,0.0,0.0
2023-10-03 00:00:00+09:00,9023.75454015899,9023.75454015899,8827.585963199013,8945.287109375,15500,0.0,0.0
2023-10-04 00:00:00+09:00,8994.3290151018,8994.3290151018,8631.417157349602,8641.2255859375,14100,0.0,0.0
2023-10-05 00:00:00+09:00,8641.225802592095,8935.478667606581,8582.375229589197,8886.4365234375,15300,0.0,0.0
2023-10-06 00:00:00+09:00,8955.095846036585,9082.605425443458,8768.735691518847,8847.203125,11700,0.0,0.0
2023-10-10 00:00:00+09:00,8700.076643472381,8758.927218287301,8346.973194582859,8611.80078125,21500,0.0,0.0
2023-10-11 00:00:00+09:00,8690.268179960029,8690.268179960029,8327.356303370276,8435.2490234375,25500,0.0,0.0
2023-10-12 00:00:00+09:00,8582.375229589197,8906.053381105132,8533.333085420116,8886.4365234375,24300,0.0,0.0
2023-10-13 00:00:00+09:00,8886.43632987472,8906.053187115062,8700.076186091475,8758.9267578125,13700,0.0,0.0
2023-10-16 00:00:00+09:00,8621.609493336397,8719.693787913602,8297.931321231617,8337.1650390625,26000,0.0,0.0
2023-10-17 00:00:00+09:00,8346.972821302816,8523.524537852112,8268.505391725352,8356.78125,26200,0.0,0.0
2023-10-18 00:00:00+09:00,8268.506032858455,8425.440904181985,8180.2301677389705,8337.1650390625,11000,0.0,0.0
2023-10-19 00:00:00+09:00,8052.7201907012895,8091.953906612137,7817.31789523621,7935.01904296875,38400,0.0,0.0
2023-10-20 00:00:00+09:00,7935.01891066411,8091.953771690841,7915.402053035768,8072.3369140625,9400,0.0,0.0
2023-10-23 00:00:00+09:00,8072.337210540582,8131.187785587051,7885.977056226766,7915.40234375,16800,0.0,0.0
2023-10-24 00:00:00+09:00,8062.528305951287,8082.145163143383,7836.9344482421875,8003.677734375,23300,0.0,0.0
2023-10-25 00:00:00+09:00,8140.996057670105,8140.996057670105,7935.019048982066,7964.4443359375,16300,0.0,0.0
2023-10-26 00:00:00+09:00,7797.700821234255,7836.9345360580755,7591.723818409199,7689.80810546875,23500,0.0,0.0
2023-10-27 00:00:00+09:00,7827.126459316038,8013.486613109277,7680.0000221108485,7797.701171875,40800,0.0,0.0
2023-10-30 00:00:00+09:00,7729.042184099036,7905.593909116526,7709.425325763759,7885.97705078125,25800,0.0,0.0
2023-10-31 00:00:00+09:00,7885.976591222427,8003.677734375,7660.382733513327,8003.677734375,29400,0.0,0.0
2023-11-01 00:00:00+09:00,8445.057362562307,8445.057362562307,7964.444341928681,7993.86962890625,26500,0.0,0.0
2023-11-02 00:00:00+09:00,8513.716080729168,8513.716080729168,8121.378934151786,8239.080078125,31000,0.0,0.0
2023-11-06 00:00:00+09:00,8131.187442030537,8592.18359375,8131.187442030537,8592.18359375,40400,0.0,0.0
2023-11-07 00:00:00+09:00,8445.057175409225,8866.81961274093,8445.057175409225,8651.0341796875,82300,0.0,0.0
2023-11-08 00:00:00+09:00,8798.16059770976,8984.520744149544,8533.333021190068,8592.18359375,31800,0.0,0.0
2023-11-09 00:00:00+09:00,8621.608757130109,8827.585758153695,8552.949756788914,8758.9267578125,28200,0.0,0.0
2023-11-10 00:00:00+09:00,8758.9267578125,8798.160472293182,8572.566614029256,8758.9267578125,22600,0.0,0.0
2023-11-13 00:00:00+09:00,8886.436863204322,9259.157173140044,8641.226132983453,8964.904296875,105000,0.0,0.0
2023-11-14 00:00:00+09:00,9112.030093377169,9141.45537893167,8964.903665604665,9043.37109375,58100,0.0,0.0
2023-11-15 00:00:00+09:00,9190.497807982025,9602.451818585274,9062.988233271495,9582.8349609375,75700,0.0,0.0
2023-11-16 00:00:00+09:00,9641.686040108392,9896.70520291899,9523.984888041961,9671.111328125,51400,0.0,0.0
2023-11-17 00:00:00+09:00,9700.536093589084,9867.279383367662,9445.516944515963,9523.984375,34500,0.0,0.0
2023-11-20 00:00:00+09:00,9455.325487869199,9592.643492879748,9278.77376714135,9298.390625,30800,0.0,0.0
2023-11-21 00:00:00+09:00,9416.091494845361,9631.876924935566,9386.666208923969,9514.17578125,45500,0.0,0.0
2023-11-22 00:00:00+09:00,9661.302616179935,9975.172345842633,9661.302616179935,9886.896484375,40000,0.0,0.0
2023-11-24 00:00:00+09:00,9984.98079810049,10151.724092371323,9926.13022365196,10004.59765625,27200,0.0,0.0
2023-11-27 00:00:00+09:00,10220.382772445679,10279.233345031738,10034.022625923157,10043.8310546875,29400,0.0,0.0
2023-11-28 00:00:00+09:00,10171.34096213298,10308.658969336318,9769.195369608919,10063.4482421875,21000,0.0,0.0
2023-11-29 00:00:00+09:00,10063.447596212305,10132.106595406736,10004.597025474222,10083.064453125,19100,0.0,0.0
2023-11-30 00:00:00+09:00,10122.298723197455,10416.551593057846,10122.298723197455,10406.7431640625,34800,0.0,0.0
2023-12-01 00:00:00+09:00,10416.55127640845,10573.48613556338,10347.89227552817,10445.9765625,39700,0.0,0.0
2023-12-04 00:00:00+09:00,10445.977230196222,10563.678382085756,10416.551942223838,10544.0615234375,25200,0.0,0.0
2023-12-05 00:00:00+09:00,10544.061015918152,10661.762162142355,10436.168298545967,10455.78515625,41500,0.0,0.0
2023-12-06 00:00:00+09:00,10524.443897644824,10818.696755920077,10524.443897644824,10730.4208984375,35200,0.0,0.0
2023-12-07 00:00:00+09:00,10759.846018519842,10887.355588474953,10642.144877022816,10720.6123046875,22500,0.0,0.0
2023-12-08 00:00:00+09:00,10916.78085829692,11014.865142738041,10573.48586275299,10661.76171875,35000,0.0,0.0
2023-12-11 00:00:00+09:00,10661.762200725034,10661.762200725034,10220.382900787015,10632.3369140625,26500,0.0,0.0
2023-12-12 00:00:00+09:00,10769.65491848766,10936.398209575356,10593.103198512454,10632.3369140625,38000,0.0,0.0
2023-12-13 00:00:00+09:00,10485.210917174196,10534.253063653028,10210.574896892738,10367.509765625,27900,0.0,0.0
2023-12-14 00:00:00+09:00,10651.953396675282,10769.654539179981,10347.892111871475,10436.16796875,28700,0.0,0.0
2023-12-15 00:00:00+09:00,10445.976801766674,10838.31395864054,10445.976801766674,10808.888671875,27800,0.0,0.0
2023-12-18 00:00:00+09:00,10632.33659811581,10877.547313017005,10485.210169175092,10671.5703125,18300,0.0,0.0
2023-12-19 00:00:00+09:00,10779.463220580721,10877.547508302112,10651.953646542916,10799.080078125,16100,0.0,0.0
2023-12-20 00:00:00+09:00,10583.294645137943,10857.930650757833,10583.294645137943,10799.080078125,30000,0.0,0.0
2023-12-21 00:00:00+09:00,10740.229644495412,10759.846502293578,10651.95378440367,10691.1875,12700,0.0,0.0
2023-12-22 00:00:00+09:00,10750.038446460572,10985.440748207884,10691.187871023745,10946.20703125,21000,0.0,0.0
2023-12-25 00:00:00+09:00,11083.524539532795,11191.417256289309,10838.313819631627,10916.78125,19900,0.0,0.0
2023-12-26 00:00:00+09:00,10897.164481026784,10897.164481026784,10553.869470373376,10573.486328125,18700,0.0,0.0
2023-12-27 00:00:00+09:00,10867.7392578125,11005.057262875112,10671.570679151624,10867.7392578125,11100,0.0,0.0
2023-12-28 00:00:00+09:00,10867.739576256794,10877.548005477242,10759.846854831861,10828.505859375,7600,0.0,0.0
2023-12-29 00:00:00+09:00,10828.505213042496,10985.440071202533,10759.84621259748,10848.1220703125,28700,0.0,0.0
2024-01-04 00:00:00+09:00,10504.827040426475,10936.397899230176,10504.827040426475,10730.4208984375,23800,0.0,0.0
2024-01-05 00:00:00+09:00,10808.888526710303,10936.398100981842,10161.5322265625,10161.5322265625,23900,0.0,0.0
2024-01-09 00:00:00+09:00,10181.14911028447,10338.083971329317,9916.32153227129,10279.2333984375,48700,0.0,0.0
2024-01-10 00:00:00+09:00,10524.444032959662,10681.378892724204,10181.149027224723,10622.5283203125,29900,0.0,0.0
2024-01-11 00:00:00+09:00,10916.781532854033,10946.206820004583,10553.869657997251,10700.99609375,28100,0.0,0.0
2024-01-12 00:00:00+09:00,10867.739270085278,11112.949993688286,10857.930841141158,10926.58984375,25000,0.0,0.0
2024-01-15 00:00:00+09:00,10995.248858642577,10995.248858642577,10867.739282226563,10985.4404296875,1400,0.0,0.0
2024-01-16 00:00:00+09:00,10995.248301513895,11014.865158430066,10710.803876229415,10720.6123046875,12800,0.0,0.0
2024-01-17 00:00:00+09:00,10573.486657262732,10740.229953342014,10465.593936270256,10593.103515625,23500,0.0,0.0
2024-01-18 00:00:00+09:00,10308.65886218898,10485.210583901066,10249.808288284952,10347.892578125,24300,0.0,0.0
2024-01-19 00:00:00+09:00,10593.103659962582,10661.762665166043,10230.191775315716,10485.2109375,31700,0.0,0.0
2024-01-22 00:00:00+09:00,10563.678392041513,10632.337397375115,10504.827816041281,10602.912109375,16200,0.0,0.0
2024-01-23 00:00:00+09:00,10671.570268691588,10671.570268691588,10426.35955479702,10495.0185546875,11800,0.0,0.0
2024-01-24 00:00:00+09:00,10642.14534295001,10642.14534295001,10298.850331887108,10632.3369140625,10100,0.0,0.0
2024-01-25 00:00:00+09:00,10720.613148402308,10965.82387915259,10612.720426872183,10887.3564453125,18600,0.0,0.0
2024-01-26 00:00:00+09:00,10612.72036305575,10769.65522979225,10455.785496319251,10534.2529296875,12600,0.0,0.0
2024-01-29 00:00:00+09:00,10534.252637614678,10789.271788990825,10465.5936353211,10691.1875,7900,0.0,0.0
2024-01-30 00:00:00+09:00,10985.440582959642,11171.800735706278,10622.528706558296,10936.3984375,27400,0.0,0.0
2024-01-31 00:00:00+09:00,10661.761967234765,11161.991829542927,10661.761967234765,11024.673828125,14400,0.0,0.0
2024-02-01 00:00:00+09:00,10602.911381757323,11122.7581007519,10602.911381757323,10965.8232421875,11800,0.0,0.0
2024-02-02 00:00:00+09:00,10965.823824508103,11161.992408130787,10534.252940538194,10593.103515625,16600,0.0,0.0
2024-02-05 00:00:00+09:00,10887.355909951792,10887.355909951792,10573.486190025253,10681.37890625,10700,0.0,0.0
2024-02-06 00:00:00+09:00,10877.547327575126,10975.631613666877,10593.10289790905,10730.4208984375,20100,0.0,0.0
2024-02-07 00:00:00+09:00,10759.846691197303,10965.823701694242,10730.421403983453,10818.697265625,16600,0.0,0.0
2024-02-08 00:00:00+09:00,10818.697397811637,10897.164831340642,10465.593946931112,10651.9541015625,27400,0.0,0.0
2024-02-09 00:00:00+09:00,10750.038215361446,10750.038215361446,10249.808334902109,10583.294921875,50400,0.0,0.0
2024-02-13 00:00:00+09:00,11260.076238195034,11603.371245457078,11005.05708994323,11554.3291015625,61900,0.0,0.0
2024-02-14 00:00:00+09:00,11260.076386668798,11779.923118805946,11220.842671035805,11505.287109375,21200,0.0,0.0
2024-02-15 00:00:00+09:00,11681.838741075124,11995.708463757242,11662.221883407492,11848.58203125,15700,0.0,0.0
2024-02-16 00:00:00+09:00,11642.60490353954,12250.727484853316,11642.60490353954,12015.3251953125,10300,0.0,0.0
2024-02-19 00:00:00+09:00,11721.072701232075,11946.666569121897,11446.436688148811,11456.2451171875,14400,0.0,0.0
2024-02-20 00:00:00+09:00,11681.839163896277,11691.647593085107,11426.820004986701,11524.904296875,10900,0.0,0.0
2024-02-21 00:00:00+09:00,11524.903967191496,11554.32925391624,11407.20282029252,11505.287109375,10800,0.0,0.0
2024-02-22 00:00:00+09:00,11593.563030899313,11809.348468022652,11564.137744018859,11799.5400390625,22900,0.0,0.0
2024-02-26 00:00:00+09:00,11917.241149129748,11966.283293776372,11583.754565532701,11622.98828125,26000,0.0,0.0
2024-02-27 00:00:00+09:00,11622.988193199284,12064.367491675206,11622.988193199284,11966.283203125,15700,0.0,0.0
2024-02-28 00:00:00+09:00,11927.049172794119,12172.259887695312,11917.24074419807,12005.5166015625,15600,0.0,0.0
2024-02-29 00:00:00+09:00,11770.114548141892,11770.114548141892,11554.32911475929,11613.1796875,20100,0.0,0.0
2024-03-01 00:00:00+09:00,11740.689792693205,11956.475235833766,11632.797071122926,11819.1572265625,36900,0.0,0.0
2024-03-04 00:00:00+09:00,11995.708489690061,12240.919211065575,11770.114626024591,11966.283203125,23000,0.0,0.0
2024-03-05 00:00:00+09:00,11868.198681599559,11868.198681599559,11475.8615351004,11662.2216796875,37200,0.0,0.0
2024-03-06 00:00:00+09:00,11554.328978164225,11760.305980321653,11436.627834074268,11721.072265625,28300,0.0,0.0
2024-03-07 00:00:00+09:00,11848.582326184982,12240.919489303691,11691.6474609375,11691.6474609375,22200,0.0,0.0
2024-03-08 00:00:00+09:00,11701.455228555082,11897.62379902541,11524.903515131786,11652.4130859375,15400,0.0,0.0
2024-03-11 00:00:00+09:00,11250.267882173483,11377.77745712401,11093.333020695909,11152.18359375,18700,0.0,0.0
2024-03-12 00:00:00+09:00,10857.930513011466,10975.631656783948,10622.528225466502,10906.97265625,39900,0.0,0.0
2024-03-13 00:00:00+09:00,11260.076202364555,11279.693059859965,10632.336762511479,10681.37890625,38000,0.0,0.0
2024-03-14 00:00:00+09:00,10975.63182277628,11014.865537960468,10799.08010444744,10916.78125,13000,0.0,0.0
2024-03-15 00:00:00+09:00,10622.528197798296,10906.972627840909,10544.060768821022,10789.271484375,19100,0.0,0.0
2024-03-18 00:00:00+09:00,10534.2522979003,10887.3557268802,10504.827012151976,10612.7197265625,24600,0.0,0.0
2024-03-19 00:00:00+09:00,10818.696604512625,10975.631460063125,10593.102749658781,10779.462890625,11900,0.0,0.0
2024-03-21 00:00:00+09:00,10965.823046875,10985.439903846154,10720.612334735577,10838.3134765625,37700,0.0,0.0
2024-03-22 00:00:00+09:00,10985.440853376504,10985.440853376504,10524.444674708024,10602.912109375,24100,0.0,0.0
2024-03-25 00:00:00+09:00,10583.294536072532,10583.294536072532,10249.807961256529,10328.275390625,18700,0.0,0.0
2024-03-26 00:00:00+09:00,10347.892896831887,10544.061482553818,10259.617033257018,10308.6591796875,16500,0.0,0.0
2024-03-27 00:00:00+09:00,10426.360153256705,10426.360153256705,10200.766283524903,10240.0,24800,0.0,0.0
2024-03-28 00:00:00+09:00,10230.0,10690.0,10110.0,10250.0,34400,200.0,0.0
2024-03-29 00:00:00+09:00,10550.0,10590.0,10030.0,10500.0,28300,0.0,0.0
2024-04-01 00:00:00+09:00,10440.0,10670.0,10340.0,10540.0,14800,0.0,0.0
2024-04-02 00:00:00+09:00,10550.0,10650.0,10420.0,10500.0,21600,0.0,0.0
2024-04-03 00:00:00+09:00,10490.0,10490.0,10030.0,10190.0,12500,0.0,0.0
2024-04-04 00:00:00+09:00,10270.0,10480.0,10050.0,10260.0,14600,0.0,0.0
2024-04-05 00:00:00+09:00,9990.0,10270.0,9760.0,10230.0,20700,0.0,0.0
2024-04-08 00:00:00+09:00,10230.0,10370.0,10100.0,10210.0,13400,0.0,0.0
2024-04-09 00:00:00+09:00,10100.0,10260.0,10000.0,10040.0,11900,0.0,0.0
2024-04-10 00:00:00+09:00,9960.0,10290.0,9920.0,10160.0,11600,0.0,0.0
2024-04-11 00:00:00+09:00,9980.0,10300.0,9980.0,10050.0,14300,0.0,0.0
2024-04-12 00:00:00+09:00,10100.0,10320.0,9950.0,10090.0,24400,0.0,0.0
2024-04-15 00:00:00+09:00,9860.0,10060.0,9820.0,9960.0,12900,0.0,0.0
2024-04-16 00:00:00+09:00,9840.0,9900.0,9570.0,9730.0,18400,0.0,0.0
2024-04-17 00:00:00+09:00,9880.0,9880.0,9470.0,9680.0,30700,0.0,0.0
2024-04-18 00:00:00+09:00,9680.0,9910.0,9620.0,9790.0,20700,0.0,0.0
2024-04-19 00:00:00+09:00,9790.0,9790.0,9320.0,9540.0,19600,0.0,0.0
2024-04-22 00:00:00+09:00,9500.0,9740.0,9490.0,9740.0,25400,0.0,0.0
2024-04-23 00:00:00+09:00,9970.0,9970.0,9750.0,9910.0,13900,0.0,0.0
2024-04-24 00:00:00+09:00,9920.0,10330.0,9860.0,10180.0,19500,0.0,0.0
2024-04-25 00:00:00+09:00,10120.0,10390.0,9930.0,10130.0,23000,0.0,0.0
2024-04-26 00:00:00+09:00,10260.0,10570.0,10140.0,10380.0,16400,0.0,0.0
2024-04-30 00:00:00+09:00,10560.0,10560.0,10310.0,10390.0,10900,0.0,0.0
2024-05-01 00:00:00+09:00,10430.0,10480.0,10270.0,10350.0,11700,0.0,0.0
2024-05-02 00:00:00+09:00,10050.0,10250.0,9950.0,10030.0,7600,0.0,0.0
2024-05-07 00:00:00+09:00,10190.0,10190.0,9900.0,10030.0,18600,0.0,0.0
2024-05-08 00:00:00+09:00,9940.0,10100.0,9870.0,10040.0,11800,0.0,0.0
2024-05-09 00:00:00+09:00,9940.0,10280.0,9940.0,10180.0,13100,0.0,0.0
2024-05-10 00:00:00+09:00,9900.0,10090.0,9800.0,9810.0,27400,0.0,0.0
2024-05-13 00:00:00+09:00,10320.0,10560.0,9900.0,10100.0,95200,0.0,0.0
2024-05-14 00:00:00+09:00,10070.0,10340.0,9790.0,10000.0,35700,0.0,0.0
2024-05-15 00:00:00+09:00,10170.0,10170.0,9740.0,9880.0,23800,0.0,0.0
2024-05-16 00:00:00+09:00,9770.0,10140.0,9730.0,10140.0,18500,0.0,0.0
2024-05-17 00:00:00+09:00,9840.0,10060.0,9840.0,10010.0,7600,0.0,0.0
2024-05-20 00:00:00+09:00,10080.0,10490.0,9920.0,10070.0,32100,0.0,0.0
2024-05-21 00:00:00+09:00,10370.0,10440.0,9970.0,10010.0,33700,0.0,0.0
2024-05-22 00:00:00+09:00,9930.0,10310.0,9820.0,10240.0,29600,0.0,0.0
2024-05-23 00:00:00+09:00,10310.0,10550.0,10280.0,10470.0,30600,0.0,0.0
2024-05-24 00:00:00+09:00,10470.0,10530.0,10320.0,10320.0,12600,0.0,0.0
2024-05-27 00:00:00+09:00,10020.0,10510.0,10020.0,10290.0,17300,0.0,0.0
2024-05-28 00:00:00+09:00,10290.0,10290.0,10090.0,10240.0,14900,0.0,0.0
2024-05-29 00:00:00+09:00,10170.0,10260.0,9950.0,9950.0,18900,0.0,0.0
2024-05-30 00:00:00+09:00,9940.0,10350.0,9840.0,10250.0,14900,0.0,0.0
2024-05-31 00:00:00+09:00,10070.0,10460.0,10070.0,10370.0,18400,0.0,0.0
2024-06-03 00:00:00+09:00,10670.0,11220.0,10410.0,10470.0,13600,0.0,0.0
2024-06-04 00:00:00+09:00,10470.0,10720.0,10370.0,10420.0,9800,0.0,0.0
2024-06-05 00:00:00+09:00,10470.0,10680.0,10240.0,10270.0,8800,0.0,0.0
2024-06-06 00:00:00+09:00,10270.0,10480.0,10180.0,10340.0,3600,0.0,0.0
2024-06-07 00:00:00+09:00,10200.0,10730.0,10200.0,10540.0,10800,0.0,0.0
2024-06-10 00:00:00+09:00,10450.0,10630.0,10280.0,10350.0,6400,0.0,0.0
2024-06-11 00:00:00+09:00,10290.0,10360.0,10050.0,10050.0,13400,0.0,0.0
2024-06-12 00:00:00+09:00,10000.0,10210.0,9970.0,10210.0,7900,0.0,0.0
2024-06-13 00:00:00+09:00,10140.0,10140.0,9750.0,9760.0,11800,0.0,0.0
2024-06-14 00:00:00+09:00,9730.0,9890.0,9700.0,9890.0,12900,0.0,0.0
2024-06-17 00:00:00+09:00,9740.0,9790.0,9630.0,9790.0,9600,0.0,0.0
2024-06-18 00:00:00+09:00,9780.0,9870.0,9750.0,9780.0,7100,0.0,0.0
2024-06-19 00:00:00+09:00,9760.0,9970.0,9720.0,9730.0,10200,0.0,0.0
2024-06-20 00:00:00+09:00,9970.0,10830.0,9970.0,10650.0,75600,0.0,0.0
2024-06-21 00:00:00+09:00,10570.0,10990.0,10310.0,10460.0,33300,0.0,0.0
2024-06-24 00:00:00+09:00,10370.0,10610.0,10240.0,10390.0,17200,0.0,0.0
2024-06-25 00:00:00+09:00,10320.0,10640.0,10200.0,10430.0,15800,0.0,0.0
2024-06-26 00:00:00+09:00,10430.0,10990.0,10430.0,10900.0,16700,0.0,0.0
2024-06-27 00:00:00+09:00,10910.0,11100.0,10780.0,10900.0,17700,0.0,0.0
2024-06-28 00:00:00+09:00,10990.0,11450.0,10770.0,11110.0,33300,0.0,0.0
2024-07-01 00:00:00+09:00,11230.0,11230.0,10740.0,10790.0,26600,0.0,0.0
2024-07-02 00:00:00+09:00,10760.0,11020.0,10520.0,10830.0,19100,0.0,0.0
2024-07-03 00:00:00+09:00,11060.0,11230.0,10930.0,10960.0,12300,0.0,0.0
2024-07-04 00:00:00+09:00,11080.0,11140.0,10860.0,10920.0,9000,0.0,0.0
2024-07-05 00:00:00+09:00,10870.0,10930.0,10260.0,10790.0,33500,0.0,0.0
2024-07-08 00:00:00+09:00,10790.0,10910.0,10750.0,10750.0,6700,0.0,0.0
2024-07-09 00:00:00+09:00,10830.0,11120.0,10610.0,11000.0,10800,0.0,0.0
2024-07-10 00:00:00+09:00,11140.0,11390.0,11010.0,11320.0,17700,0.0,0.0
2024-07-11 00:00:00+09:00,11610.0,11790.0,11500.0,11760.0,30400,0.0,0.0
2024-07-12 00:00:00+09:00,11460.0,11990.0,11330.0,11950.0,28200,0.0,0.0
2024-07-16 00:00:00+09:00,11780.0,11980.0,11730.0,11880.0,24100,0.0,0.0
2024-07-17 00:00:00+09:00,11880.0,11980.0,11680.0,11740.0,11200,0.0,0.0
2024-07-18 00:00:00+09:00,11440.0,11950.0,11440.0,11550.0,20300,0.0,0.0
2024-07-19 00:00:00+09:00,11620.0,11780.0,11330.0,11660.0,12900,0.0,0.0
2024-07-22 00:00:00+09:00,11510.0,11510.0,11080.0,11170.0,10100,0.0,0.0
2024-07-23 00:00:00+09:00,11110.0,11400.0,10810.0,11060.0,19300,0.0,0.0
2024-07-24 00:00:00+09:00,11060.0,11190.0,10590.0,10720.0,32000,0.0,0.0
2024-07-25 00:00:00+09:00,10630.0,10780.0,10310.0,10520.0,16200,0.0,0.0
2024-07-26 00:00:00+09:00,10660.0,10680.0,10340.0,10380.0,24900,0.0,0.0
2024-07-29 00:00:00+09:00,10380.0,10880.0,10260.0,10730.0,14600,0.0,0.0
2024-07-30 00:00:00+09:00,11030.0,11360.0,10610.0,10740.0,27500,0.0,0.0
2024-07-31 00:00:00+09:00,10850.0,10960.0,10750.0,10870.0,10700,0.0,0.0
2024-08-01 00:00:00+09:00,10760.0,10940.0,10440.0,10550.0,18400,0.0,0.0
2024-08-02 00:00:00+09:00,10050.0,10080.0,9560.0,9560.0,24700,0.0,0.0
2024-08-05 00:00:00+09:00,9110.0,9210.0,8060.0,8060.0,30400,0.0,0.0
2024-08-06 00:00:00+09:00,8500.0,9290.0,8500.0,9000.0,36800,0.0,0.0
2024-08-07 00:00:00+09:00,9050.0,9580.0,8900.0,9250.0,17500,0.0,0.0
2024-08-08 00:00:00+09:00,9100.0,9800.0,9000.0,9380.0,33000,0.0,0.0
2024-08-09 00:00:00+09:00,10880.0,10880.0,9700.0,9840.0,70900,0.0,0.0
2024-08-13 00:00:00+09:00,9910.0,10570.0,9910.0,10330.0,24500,0.0,0.0
2024-08-14 00:00:00+09:00,10330.0,10580.0,10220.0,10310.0,17100,0.0,0.0
2024-08-15 00:00:00+09:00,10200.0,10200.0,9930.0,9980.0,14600,0.0,0.0
2024-08-16 00:00:00+09:00,10080.0,10300.0,9970.0,10090.0,16500,0.0,0.0
2024-08-19 00:00:00+09:00,10080.0,10510.0,10030.0,10040.0,23800,0.0,0.0
2024-08-20 00:00:00+09:00,10150.0,10320.0,9980.0,10320.0,11900,0.0,0.0
2024-08-21 00:00:00+09:00,10330.0,10500.0,10200.0,10500.0,21600,0.0,0.0
2024-08-22 00:00:00+09:00,10350.0,10950.0,10350.0,10670.0,26000,0.0,0.0
2024-08-23 00:00:00+09:00,10960.0,10960.0,10560.0,10560.0,17000,0.0,0.0
2024-08-26 00:00:00+09:00,10420.0,10420.0,10100.0,10100.0,12700,0.0,0.0
2024-08-27 00:00:00+09:00,10370.0,10370.0,9720.0,10060.0,27300,0.0,0.0
2024-08-28 00:00:00+09:00,9860.0,10060.0,9800.0,9970.0,18400,0.0,0.0
2024-08-29 00:00:00+09:00,10210.0,10410.0,9980.0,10350.0,20900,0.0,0.0
2024-08-30 00:00:00+09:00,10350.0,10820.0,10220.0,10690.0,17400,0.0,0.0
2024-09-02 00:00:00+09:00,10780.0,11210.0,10690.0,11160.0,19700,0.0,0.0
2024-09-03 00:00:00+09:00,11270.0,11370.0,10900.0,11280.0,12800,0.0,0.0
2024-09-04 00:00:00+09:00,10380.0,10960.0,10380.0,10720.0,10000,0.0,0.0
2024-09-05 00:00:00+09:00,10420.0,10630.0,10370.0,10420.0,22600,0.0,0.0
2024-09-06 00:00:00+09:00,10120.0,10420.0,9890.0,10260.0,23100,0.0,0.0
2024-09-09 00:00:00+09:00,10160.0,10310.0,9790.0,10150.0,28400,0.0,0.0
2024-09-10 00:00:00+09:00,10150.0,10440.0,10150.0,10250.0,16500,0.0,0.0
2024-09-11 00:00:00+09:00,10200.0,10490.0,10200.0,10240.0,15800,0.0,0.0
2024-09-12 00:00:00+09:00,10510.0,10510.0,10340.0,10390.0,15800,0.0,0.0
2024-09-13 00:00:00+09:00,10310.0,10630.0,10270.0,10530.0,24300,0.0,0.0
2024-09-17 00:00:00+09:00,10530.0,10610.0,10380.0,10510.0,14800,0.0,0.0
2024-09-18 00:00:00+09:00,10610.0,10830.0,10480.0,10480.0,18500,0.0,0.0
2024-09-19 00:00:00+09:00,10780.0,10900.0,10640.0,10800.0,29400,0.0,0.0
2024-09-20 00:00:00+09:00,11080.0,11650.0,11080.0,11350.0,32200,0.0,0.0
2024-09-24 00:00:00+09:00,11310.0,11520.0,10840.0,11140.0,14200,0.0,0.0
2024-09-25 00:00:00+09:00,11440.0,11520.0,11140.0,11380.0,7600,0.0,0.0
2024-09-26 00:00:00+09:00,11380.0,11680.0,11380.0,11680.0,10400,0.0,0.0
2024-09-27 00:00:00+09:00,11550.0,12000.0,11550.0,11880.0,16600,0.0,0.0
2024-09-30 00:00:00+09:00,11280.0,11570.0,11260.0,11440.0,9400,0.0,0.0
2024-10-01 00:00:00+09:00,11280.0,11550.0,11170.0,11380.0,11300,0.0,0.0
2024-10-02 00:00:00+09:00,11380.0,11540.0,11210.0,11300.0,14500,0.0,0.0
2024-10-03 00:00:00+09:00,11530.0,11530.0,10840.0,10860.0,11700,0.0,0.0
2024-10-04 00:00:00+09:00,11160.0,11390.0,10970.0,11210.0,24100,0.0,0.0
2024-10-07 00:00:00+09:00,11350.0,11590.0,10930.0,11450.0,29000,0.0,0.0
2024-10-08 00:00:00+09:00,11150.0,11660.0,11150.0,11540.0,12000,0.0,0.0
2024-10-09 00:00:00+09:00,11600.0,11880.0,11550.0,11700.0,9100,0.0,0.0
2024-10-10 00:00:00+09:00,11760.0,11760.0,11520.0,11550.0,6200,0.0,0.0
2024-10-11 00:00:00+09:00,11550.0,11600.0,11170.0,11410.0,16100,0.0,0.0
2024-10-15 00:00:00+09:00,11710.0,11710.0,11350.0,11540.0,18200,0.0,0.0
2024-10-16 00:00:00+09:00,11260.0,11390.0,10900.0,10980.0,14700,0.0,0.0
2024-10-17 00:00:00+09:00,10900.0,10940.0,10410.0,10780.0,17200,0.0,0.0
2024-10-18 00:00:00+09:00,10900.0,11150.0,10600.0,10820.0,12800,0.0,0.0
2024-10-21 00:00:00+09:00,10540.0,10870.0,10540.0,10690.0,12800,0.0,0.0
2024-10-22 00:00:00+09:00,10750.0,10810.0,10430.0,10770.0,8800,0.0,0.0
2024-10-23 00:00:00+09:00,10680.0,10780.0,10340.0,10570.0,15900,0.0,0.0
2024-10-24 00:00:00+09:00,10270.0,10550.0,10230.0,10550.0,11500,0.0,0.0
2024-10-25 00:00:00+09:00,10480.0,10480.0,10150.0,10150.0,14000,0.0,0.0
2024-10-28 00:00:00+09:00,10000.0,10270.0,9950.0,10200.0,8300,0.0,0.0
2024-10-29 00:00:00+09:00,10200.0,10230.0,10010.0,10200.0,9300,0.0,0.0
2024-10-30 00:00:00+09:00,10300.0,10460.0,10080.0,10190.0,53100,0.0,0.0
2024-10-31 00:00:00+09:00,10130.0,10800.0,10100.0,10770.0,26600,0.0,0.0
2024-11-01 00:00:00+09:00,10470.0,10690.0,10110.0,10120.0,14000,0.0,0.0
2024-11-05 00:00:00+09:00,10090.0,10420.0,10080.0,10180.0,8000,0.0,0.0
2024-11-06 00:00:00+09:00,10240.0,10520.0,10240.0,10510.0,12400,0.0,0.0
2024-11-07 00:00:00+09:00,10210.0,10580.0,10150.0,10420.0,23400,0.0,0.0
2024-11-08 00:00:00+09:00,10420.0,10790.0,10420.0,10580.0,26400,0.0,0.0
2024-11-11 00:00:00+09:00,10590.0,12200.0,10520.0,12080.0,119300,0.0,0.0
2024-11-12 00:00:00+09:00,12150.0,12850.0,12150.0,12440.0,70400,0.0,0.0
2024-11-13 00:00:00+09:00,12290.0,12800.0,11750.0,11820.0,87400,0.0,0.0
2024-11-14 00:00:00+09:00,11650.0,11870.0,11530.0,11600.0,34700,0.0,0.0
2024-11-15 00:00:00+09:00,11800.0,11860.0,11580.0,11640.0,23000,0.0,0.0
2024-11-18 00:00:00+09:00,11500.0,11570.0,11210.0,11300.0,18400,0.0,0.0
2024-11-19 00:00:00+09:00,11300.0,11470.0,11140.0,11290.0,33100,0.0,0.0
2024-11-20 00:00:00+09:00,11290.0,11440.0,11110.0,11270.0,14200,0.0,0.0
2024-11-21 00:00:00+09:00,11130.0,11300.0,11120.0,11120.0,9500,0.0,0.0
2024-11-22 00:00:00+09:00,11120.0,11420.0,11060.0,11200.0,25300,0.0,0.0
2024-11-25 00:00:00+09:00,11200.0,11410.0,11120.0,11270.0,20900,0.0,0.0
2024-11-26 00:00:00+09:00,11270.0,11410.0,10900.0,10940.0,17000,0.0,0.0
2024-11-27 00:00:00+09:00,11070.0,11070.0,10550.0,10830.0,41200,0.0,0.0
2024-11-28 00:00:00+09:00,10570.0,10670.0,10350.0,10570.0,25000,0.0,0.0
2024-11-29 00:00:00+09:00,10570.0,10670.0,10470.0,10600.0,9300,0.0,0.0
2024-12-02 00:00:00+09:00,10690.0,11090.0,10640.0,11010.0,28300,0.0,0.0
2024-12-03 00:00:00+09:00,11270.0,11330.0,11110.0,11260.0,30800,0.0,0.0
2024-12-04 00:00:00+09:00,11260.0,11270.0,10990.0,10990.0,18300,0.0,0.0
2024-12-05 00:00:00+09:00,11100.0,11210.0,10950.0,11180.0,15200,0.0,0.0
2024-12-06 00:00:00+09:00,11360.0,11360.0,11010.0,11180.0,20000,0.0,0.0
2024-12-09 00:00:00+09:00,11240.0,11540.0,11240.0,11360.0,19800,0.0,0.0
2024-12-10 00:00:00+09:00,11710.0,11720.0,11180.0,11550.0,27100,0.0,0.0
2024-12-11 00:00:00+09:00,11420.0,11720.0,11270.0,11520.0,17100,0.0,0.0
2024-12-12 00:00:00+09:00,11520.0,11670.0,11400.0,11520.0,13400,0.0,0.0
2024-12-13 00:00:00+09:00,11240.0,11390.0,11080.0,11090.0,13800,0.0,0.0
2024-12-16 00:00:00+09:00,11100.0,11190.0,11000.0,11080.0,12800,0.0,0.0
2024-12-17 00:00:00+09:00,11080.0,11080.0,10900.0,10940.0,12100,0.0,0.0
2024-12-18 00:00:00+09:00,10940.0,10950.0,10660.0,10680.0,26300,0.0,0.0
2024-12-19 00:00:00+09:00,10500.0,10780.0,10500.0,10740.0,17800,0.0,0.0
2024-12-20 00:00:00+09:00,10800.0,10850.0,10630.0,10660.0,17300,0.0,0.0
2024-12-23 00:00:00+09:00,10660.0,10860.0,10660.0,10810.0,11800,0.0,0.0
2024-12-24 00:00:00+09:00,10810.0,10820.0,10510.0,10640.0,20200,0.0,0.0
2024-12-25 00:00:00+09:00,10550.0,10680.0,10430.0,10680.0,17100,0.0,0.0
2024-12-26 00:00:00+09:00,10520.0,10980.0,10520.0,10910.0,11900,0.0,0.0
2024-12-27 00:00:00+09:00,11150.0,11200.0,10530.0,10910.0,14400,0.0,0.0
2024-12-30 00:00:00+09:00,10900.0,10970.0,10760.0,10930.0,14700,0.0,0.0
2025-01-06 00:00:00+09:00,10930.0,11020.0,10790.0,10830.0,25700,0.0,0.0
2025-01-07 00:00:00+09:00,10960.0,11270.0,10860.0,11120.0,21700,0.0,0.0
2025-01-08 00:00:00+09:00,11020.0,11400.0,11020.0,11340.0,17500,0.0,0.0
2025-01-09 00:00:00+09:00,11270.0,11400.0,11250.0,11360.0,16200,0.0,0.0
2025-01-10 00:00:00+09:00,11120.0,11310.0,11000.0,11030.0,11000,0.0,0.0
2025-01-14 00:00:00+09:00,11140.0,11140.0,10580.0,10670.0,24100,0.0,0.0
2025-01-15 00:00:00+09:00,11000.0,11000.0,10580.0,10680.0,36500,0.0,0.0
2025-01-16 00:00:00+09:00,10800.0,11150.0,10660.0,10670.0,25100,0.0,0.0
2025-01-17 00:00:00+09:00,10740.0,10880.0,10530.0,10850.0,11800,0.0,0.0
2025-01-20 00:00:00+09:00,10850.0,11000.0,10780.0,10820.0,12400,0.0,0.0
2025-01-21 00:00:00+09:00,10770.0,10960.0,10720.0,10750.0,8200,0.0,0.0
2025-01-22 00:00:00+09:00,10760.0,10850.0,10690.0,10790.0,11900,0.0,0.0
2025-01-23 00:00:00+09:00,10730.0,10730.0,10570.0,10710.0,14900,0.0,0.0
2025-01-24 00:00:00+09:00,10690.0,10690.0,10560.0,10570.0,17900,0.0,0.0
2025-01-27 00:00:00+09:00,10590.0,10590.0,10300.0,10350.0,22200,0.0,0.0
2025-01-28 00:00:00+09:00,10140.0,10450.0,10000.0,10270.0,20300,0.0,0.0
2025-01-29 00:00:00+09:00,10300.0,10440.0,10260.0,10280.0,17700,0.0,0.0
2025-01-30 00:00:00+09:00,10200.0,10430.0,10200.0,10310.0,17800,0.0,0.0
2025-01-31 00:00:00+09:00,10310.0,10410.0,10180.0,10330.0,30700,0.0,0.0
2025-02-03 00:00:00+09:00,10330.0,10400.0,10140.0,10200.0,25500,0.0,0.0
2025-02-04 00:00:00+09:00,10200.0,10390.0,10060.0,10060.0,27700,0.0,0.0
2025-02-05 00:00:00+09:00,10150.0,10350.0,10100.0,10330.0,30500,0.0,0.0
2025-02-06 00:00:00+09:00,10360.0,10400.0,10300.0,10350.0,32900,0.0,0.0
2025-02-07 00:00:00+09:00,10410.0,10690.0,10390.0,10390.0,44500,0.0,0.0
2025-02-10 00:00:00+09:00,10380.0,10980.0,10370.0,10540.0,73800,0.0,0.0
2025-02-12 00:00:00+09:00,10700.0,10870.0,10480.0,10830.0,58700,0.0,0.0
2025-02-13 00:00:00+09:00,10930.0,11210.0,10930.0,11050.0,32900,0.0,0.0
2025-02-14 00:00:00+09:00,11010.0,11010.0,10590.0,10910.0,19400,0.0,0.0
2025-02-17 00:00:00+09:00,11210.0,11210.0,10990.0,11070.0,33600,0.0,0.0
2025-02-18 00:00:00+09:00,11210.0,11230.0,10780.0,10780.0,22900,0.0,0.0
2025-02-19 00:00:00+09:00,10670.0,10820.0,10650.0,10700.0,9100,0.0,0.0
2025-02-20 00:00:00+09:00,10710.0,10740.0,10570.0,10590.0,17900,0.0,0.0
2025-02-21 00:00:00+09:00,10590.0,10660.0,10510.0,10600.0,23400,0.0,0.0
2025-02-25 00:00:00+09:00,10410.0,10550.0,10340.0,10400.0,22200,0.0,0.0
2025-02-26 00:00:00+09:00,10450.0,10460.0,10290.0,10380.0,13800,0.0,0.0
2025-02-27 00:00:00+09:00,10310.0,10450.0,10310.0,10330.0,16900,0.0,0.0
2025-02-28 00:00:00+09:00,10250.0,10300.0,10050.0,10230.0,47500,0.0,0.0
2025-03-03 00:00:00+09:00,10300.0,10410.0,10240.0,10360.0,25000,0.0,0.0
2025-03-04 00:00:00+09:00,10300.0,10360.0,10090.0,10220.0,42300,0.0,0.0
2025-03-05 00:00:00+09:00,10220.0,10490.0,10160.0,10340.0,31900,0.0,0.0
2025-03-06 00:00:00+09:00,10340.0,10540.0,10340.0,10490.0,27700,0.0,0.0
2025-03-07 00:00:00+09:00,10450.0,10540.0,10360.0,10500.0,22600,0.0,0.0
2025-03-10 00:00:00+09:00,10470.0,10690.0,10430.0,10550.0,30400,0.0,0.0
2025-03-11 00:00:00+09:00,10250.0,10250.0,9900.0,10060.0,64200,0.0,0.0
2025-03-12 00:00:00+09:00,10060.0,10330.0,10060.0,10240.0,31700,0.0,0.0
2025-03-13 00:00:00+09:00,10240.0,10490.0,10240.0,10310.0,14500,0.0,0.0
2025-03-14 00:00:00+09:00,10200.0,10340.0,10170.0,10270.0,21800,0.0,0.0
2025-03-17 00:00:00+09:00,10310.0,10520.0,10230.0,10400.0,21800,0.0,0.0
2025-03-18 00:00:00+09:00,10640.0,10670.0,10470.0,10600.0,14700,0.0,0.0
2025-03-19 00:00:00+09:00,10600.0,10710.0,10410.0,10620.0,19300,0.0,0.0
2025-03-21 00:00:00+09:00,10620.0,10770.0,10620.0,10710.0,17600,0.0,0.0
2025-03-24 00:00:00+09:00,10600.0,10600.0,10440.0,10480.0,12100,0.0,0.0
2025-03-25 00:00:00+09:00,10770.0,10770.0,10450.0,10580.0,11600,0.0,0.0
2025-03-26 00:00:00+09:00,10600.0,10760.0,10520.0,10590.0,20300,0.0,0.0
2025-03-27 00:00:00+09:00,10520.0,10610.0,10500.0,10610.0,17700,0.0,0.0
2025-03-28 00:00:00+09:00,10200.0,10380.0,10130.0,10270.0,20900,0.0,0.0
2025-03-31 00:00:00+09:00,10160.0,10210.0,9860.0,10030.0,22900,0.0,0.0
2025-04-01 00:00:00+09:00,10030.0,10070.0,9550.0,9750.0,18500,0.0,0.0
2025-04-02 00:00:00+09:00,9900.0,9900.0,9590.0,9650.0,25800,0.0,0.0
2025-04-03 00:00:00+09:00,9200.0,9560.0,9000.0,9520.0,39200,0.0,0.0
2025-04-04 00:00:00+09:00,9250.0,9380.0,8910.0,9090.0,34100,0.0,0.0
2025-04-07 00:00:00+09:00,8380.0,8800.0,8200.0,8390.0,38000,0.0,0.0
2025-04-08 00:00:00+09:00,8540.0,9080.0,8540.0,9010.0,30300,0.0,0.0
2025-04-09 00:00:00+09:00,8730.0,8730.0,8420.0,8510.0,32200,0.0,0.0
2025-04-10 00:00:00+09:00,9260.0,9260.0,9030.0,9100.0,22300,0.0,0.0
2025-04-11 00:00:00+09:00,8950.0,9050.0,8750.0,9030.0,12000,0.0,0.0
2025-04-14 00:00:00+09:00,9070.0,9150.0,8870.0,8890.0,23100,0.0,0.0
2025-04-15 00:00:00+09:00,8890.0,9210.0,8870.0,9210.0,14500,0.0,0.0
2025-04-16 00:00:00+09:00,9150.0,9150.0,8770.0,8870.0,32300,0.0,0.0
2025-04-17 00:00:00+09:00,8750.0,9040.0,8750.0,9040.0,15100,0.0,0.0
2025-04-18 00:00:00+09:00,9040.0,9040.0,8940.0,9000.0,21500,0.0,0.0
2025-04-21 00:00:00+09:00,9000.0,9000.0,8880.0,8980.0,11600,0.0,0.0
2025-04-22 00:00:00+09:00,8910.0,8920.0,8750.0,8840.0,30600,0.0,0.0
2025-04-23 00:00:00+09:00,8930.0,9250.0,8930.0,9230.0,23600,0.0,0.0
2025-04-24 00:00:00+09:00,9300.0,9300.0,9020.0,9050.0,18200,0.0,0.0
2025-04-25 00:00:00+09:00,9090.0,9120.0,8970.0,9040.0,31300,0.0,0.0
