Date,Open,High,Low,Close,Volume,Dividends,Stock Splits
2000-01-04 00:00:00+09:00,121.78221893310547,124.26757033990354,121.78221893310547,121.78221893310547,0,0.0,0.0
2000-01-05 00:00:00+09:00,41.422508239746094,41.422508239746094,41.422508239746094,41.422508239746094,6000,0.0,0.0
2000-01-06 00:00:00+09:00,41.42250841376395,41.83673095703125,41.42250841376395,41.83673095703125,48000,0.0,0.0
2000-01-07 00:00:00+09:00,41.00828910880212,41.00828910880212,40.179840087890625,40.179840087890625,48000,0.0,0.0
2000-01-10 00:00:00+09:00,40.179840087890625,40.179840087890625,40.179840087890625,40.179840087890625,0,0.0,0.0
2000-01-11 00:00:00+09:00,41.00828190587519,41.422508239746094,41.00828190587519,41.422508239746094,78000,0.0,0.0
2000-01-12 00:00:00+09:00,41.422508239746094,41.422508239746094,41.422508239746094,41.422508239746094,6000,0.0,0.0
2000-01-13 00:00:00+09:00,41.422508239746094,41.422508239746094,41.00828190587519,41.422508239746094,138000,0.0,0.0
2000-01-14 00:00:00+09:00,41.422508239746094,41.422508239746094,41.33966069756564,41.422508239746094,72000,0.0,0.0
2000-01-17 00:00:00+09:00,41.00829315185547,41.422519599322484,41.00829315185547,41.00829315185547,450000,0.0,0.0
2000-01-18 00:00:00+09:00,41.008293066477655,41.008293066477655,40.59406661987305,40.59406661987305,24000,0.0,0.0
2000-01-19 00:00:00+09:00,41.00828910880212,41.00828910880212,40.179840087890625,40.179840087890625,18000,0.0,0.0
2000-01-20 00:00:00+09:00,40.17984365933437,40.59406631043667,38.93716812133789,38.93716812133789,162000,0.0,0.0
2000-01-21 00:00:00+09:00,38.937167940417844,38.937167940417844,38.10871505737305,38.10871505737305,48000,0.0,0.0
2000-01-24 00:00:00+09:00,38.522941677890806,38.93716812133789,38.522941677890806,38.93716812133789,60000,0.0,0.0
2000-01-25 00:00:00+09:00,38.93715686319568,39.35137939453125,38.93715686319568,39.35137939453125,72000,0.0,0.0
2000-01-26 00:00:00+09:00,39.35137939453125,39.35137939453125,39.35137939453125,39.35137939453125,0,0.0,0.0
2000-01-27 00:00:00+09:00,38.93716812133789,38.93716812133789,38.93716812133789,38.93716812133789,6000,0.0,0.0
2000-01-28 00:00:00+09:00,38.937168272832785,39.76561737060547,38.937168272832785,39.76561737060547,12000,0.0,0.0
2000-01-31 00:00:00+09:00,38.93716812133789,38.93716812133789,38.93716812133789,38.93716812133789,12000,0.0,0.0
2000-02-01 00:00:00+09:00,38.52293014526367,38.52293014526367,38.52293014526367,38.52293014526367,6000,0.0,0.0
2000-02-02 00:00:00+09:00,38.93716812133789,38.93716812133789,38.93716812133789,38.93716812133789,12000,0.0,0.0
2000-02-03 00:00:00+09:00,38.93716812133789,38.93716812133789,38.93716812133789,38.93716812133789,0,0.0,0.0
2000-02-04 00:00:00+09:00,39.3513907724402,39.3513907724402,38.93716812133789,38.93716812133789,60000,0.0,0.0
2000-02-07 00:00:00+09:00,38.93716812133789,38.93716812133789,38.93716812133789,38.93716812133789,0,0.0,0.0
2000-02-08 00:00:00+09:00,38.93716812133789,38.93716812133789,38.93716812133789,38.93716812133789,12000,0.0,0.0
2000-02-09 00:00:00+09:00,38.52293014526367,38.52293014526367,38.52293014526367,38.52293014526367,42000,0.0,0.0
2000-02-10 00:00:00+09:00,38.937159989152,38.937159989152,37.69448471069336,37.69448471069336,18000,0.0,0.0
2000-02-11 00:00:00+09:00,37.69448471069336,37.69448471069336,37.69448471069336,37.69448471069336,0,0.0,0.0
2000-02-14 00:00:00+09:00,37.69448471069336,37.69448471069336,37.69448471069336,37.69448471069336,12000,0.0,0.0
2000-02-15 00:00:00+09:00,37.28026580810547,37.28026580810547,36.866039368344936,37.28026580810547,30000,0.0,0.0
2000-02-16 00:00:00+09:00,36.45180465610084,36.45180465610084,35.62335205078125,35.62335205078125,42000,0.0,0.0
2000-02-17 00:00:00+09:00,35.62335205078125,35.62335205078125,35.20912954046494,35.62335205078125,48000,0.0,0.0
2000-02-18 00:00:00+09:00,35.62335205078125,35.62335205078125,35.62335205078125,35.62335205078125,30000,0.0,0.0
2000-02-21 00:00:00+09:00,36.03758239746094,36.03758239746094,35.62335604831801,36.03758239746094,36000,0.0,0.0
2000-02-22 00:00:00+09:00,36.45181219173288,36.45181219173288,34.7949104309082,34.7949104309082,66000,0.0,0.0
2000-02-23 00:00:00+09:00,35.209140498736296,35.209140498736296,33.96646499633789,33.96646499633789,36000,0.0,0.0
2000-02-24 00:00:00+09:00,34.38068763557425,34.38068763557425,33.96646499633789,33.96646499633789,12000,0.0,0.0
2000-02-25 00:00:00+09:00,34.79491475423177,37.28026580810547,34.79491475423177,37.28026580810547,96000,0.0,0.0
2000-02-28 00:00:00+09:00,37.69448985781481,42.665191650390625,37.69448985781481,42.665191650390625,72000,0.0,0.0
2000-02-29 00:00:00+09:00,43.90786731519836,43.90786731519836,43.4936408996582,43.4936408996582,36000,0.0,0.0
2000-03-01 00:00:00+09:00,43.4936408996582,45.56476539266994,43.4936408996582,43.4936408996582,18000,0.0,0.0
2000-03-02 00:00:00+09:00,43.90786374471647,44.322086334228516,43.90786374471647,44.322086334228516,18000,0.0,0.0
2000-03-03 00:00:00+09:00,43.907867431640625,43.907867431640625,43.907867431640625,43.907867431640625,12000,0.0,0.0
2000-03-06 00:00:00+09:00,43.907867431640625,44.736316472573435,43.907867431640625,43.907867431640625,24000,0.0,0.0
2000-03-07 00:00:00+09:00,43.90786731519836,43.90786731519836,43.4936408996582,43.4936408996582,18000,0.0,0.0
2000-03-08 00:00:00+09:00,43.4936408996582,43.4936408996582,43.4936408996582,43.4936408996582,48000,0.0,0.0
2000-03-09 00:00:00+09:00,42.665191650390625,42.665191650390625,42.665191650390625,42.665191650390625,12000,0.0,0.0
2000-03-10 00:00:00+09:00,42.665191650390625,42.665191650390625,42.665191650390625,42.665191650390625,0,0.0,0.0
2000-03-13 00:00:00+09:00,42.665191650390625,42.665191650390625,42.665191650390625,42.665191650390625,0,0.0,0.0
2000-03-14 00:00:00+09:00,40.179840087890625,40.179840087890625,40.179840087890625,40.179840087890625,6000,0.0,0.0
2000-03-15 00:00:00+09:00,38.93716812133789,38.93716812133789,38.93716812133789,38.93716812133789,6000,0.0,0.0
2000-03-16 00:00:00+09:00,38.52293014526367,38.52293014526367,38.52293014526367,38.52293014526367,12000,0.0,0.0
2000-03-17 00:00:00+09:00,38.52293014526367,38.52293014526367,38.52293014526367,38.52293014526367,36000,0.0,0.0
2000-03-20 00:00:00+09:00,38.52293014526367,38.52293014526367,38.52293014526367,38.52293014526367,0,0.0,0.0
2000-03-21 00:00:00+09:00,38.52293363221779,38.52293363221779,37.28025835375915,37.69448471069336,60000,0.0,0.0
2000-03-22 00:00:00+09:00,36.451812744140625,36.451812744140625,36.451812744140625,36.451812744140625,6000,0.0,0.0
2000-03-23 00:00:00+09:00,36.45180465610084,36.45180465610084,35.62335205078125,35.62335205078125,18000,0.0,0.0
2000-03-24 00:00:00+09:00,35.623363841408086,37.694492247866,35.623363841408086,37.28026580810547,66000,0.0,0.0
2000-03-27 00:00:00+09:00,37.28026580810547,37.28026580810547,37.28026580810547,37.28026580810547,0,0.0,0.0
2000-03-28 00:00:00+09:00,36.85660934448242,36.85660934448242,36.85660934448242,36.85660934448242,12000,1.666667,0.0
2000-03-29 00:00:00+09:00,37.703895568847656,37.703895568847656,37.703895568847656,37.703895568847656,18000,0.0,0.0
2000-03-30 00:00:00+09:00,38.12752983587815,38.551170349121094,38.12752983587815,38.551170349121094,48000,0.0,0.0
2000-03-31 00:00:00+09:00,38.551170349121094,38.551170349121094,38.551170349121094,38.551170349121094,0,0.0,0.0
2000-04-03 00:00:00+09:00,38.974820277537184,39.82210159301758,38.974820277537184,39.82210159301758,12000,0.0,0.0
2000-04-04 00:00:00+09:00,39.82210827029469,39.82210827029469,38.97482681274414,38.97482681274414,30000,0.0,0.0
2000-04-05 00:00:00+09:00,39.82208801031703,39.82208801031703,38.551170349121094,38.551170349121094,18000,0.0,0.0
2000-04-06 00:00:00+09:00,38.551170349121094,38.551170349121094,38.551170349121094,38.551170349121094,0,0.0,0.0
2000-04-07 00:00:00+09:00,40.24573516845703,40.24573516845703,40.24573516845703,40.24573516845703,6000,0.0,0.0
2000-04-10 00:00:00+09:00,40.24573516845703,40.24573516845703,40.24573516845703,40.24573516845703,6000,0.0,0.0
2000-04-11 00:00:00+09:00,39.39845657348633,39.39845657348633,39.39845657348633,39.39845657348633,6000,0.0,0.0
2000-04-12 00:00:00+09:00,38.97482681274414,38.97482681274414,38.97482681274414,38.97482681274414,6000,0.0,0.0
2000-04-13 00:00:00+09:00,38.97482681274414,38.97482681274414,38.127549233728466,38.97482681274414,30000,0.0,0.0
2000-04-14 00:00:00+09:00,37.70389487581589,37.70389487581589,37.28025817871094,37.28025817871094,30000,0.0,0.0
2000-04-17 00:00:00+09:00,35.58571243286133,35.58571243286133,35.58571243286133,35.58571243286133,18000,0.0,0.0
2000-04-18 00:00:00+09:00,34.73843674200408,36.00935511209527,33.891155242919915,33.89115524291992,48000,0.0,0.0
2000-04-19 00:00:00+09:00,33.891155242919915,33.891155242919915,33.891155242919915,33.89115524291992,6000,0.0,0.0
2000-04-20 00:00:00+09:00,33.891155242919915,33.891155242919915,33.891155242919915,33.89115524291992,0,0.0,0.0
2000-04-21 00:00:00+09:00,34.31478705772987,34.31478705772987,33.04386901855469,33.04386901855469,12000,0.0,0.0
2000-04-24 00:00:00+09:00,33.043869576992776,33.46751022338867,33.043869576992776,33.46751022338867,30000,0.0,0.0
2000-04-25 00:00:00+09:00,33.89114868798312,34.73843002319336,33.89114868798312,34.73843002319336,42000,0.0,0.0
2000-04-26 00:00:00+09:00,34.73843002319336,34.73843002319336,34.73843002319336,34.73843002319336,0,0.0,0.0
2000-04-27 00:00:00+09:00,34.73843002319336,34.73843002319336,34.73843002319336,34.73843002319336,6000,0.0,0.0
2000-04-28 00:00:00+09:00,34.738430617017556,35.16206741333008,34.738430617017556,35.16206741333008,24000,0.0,0.0
2000-05-01 00:00:00+09:00,34.31479263305664,34.31479263305664,34.31479263305664,34.31479263305664,6000,0.0,0.0
2000-05-02 00:00:00+09:00,37.280266931408164,38.97482187474418,36.43298558120577,38.12754440307617,102000,0.0,0.0
2000-05-03 00:00:00+09:00,38.12754440307617,38.12754440307617,38.12754440307617,38.12754440307617,0,0.0,0.0
2000-05-04 00:00:00+09:00,38.12754440307617,38.12754440307617,38.12754440307617,38.12754440307617,0,0.0,0.0
2000-05-05 00:00:00+09:00,38.12754440307617,38.12754440307617,38.12754440307617,38.12754440307617,0,0.0,0.0
2000-05-08 00:00:00+09:00,38.55118507817737,38.55118507817737,38.12754440307617,38.12754440307617,18000,0.0,0.0
2000-05-09 00:00:00+09:00,38.12754440307617,38.12754440307617,38.12754440307617,38.12754440307617,0,0.0,0.0
2000-05-10 00:00:00+09:00,38.551170349121094,38.551170349121094,38.551170349121094,38.551170349121094,6000,0.0,0.0
2000-05-11 00:00:00+09:00,38.55118507817737,38.55118507817737,38.12754440307617,38.12754440307617,12000,0.0,0.0
2000-05-12 00:00:00+09:00,38.551170349121094,38.551170349121094,38.551170349121094,38.551170349121094,6000,0.0,0.0
2000-05-15 00:00:00+09:00,38.551170349121094,38.551170349121094,38.551170349121094,38.551170349121094,12000,0.0,0.0
2000-05-16 00:00:00+09:00,38.551170349121094,38.551170349121094,38.551170349121094,38.551170349121094,0,0.0,0.0
2000-05-17 00:00:00+09:00,38.551170349121094,38.551170349121094,38.551170349121094,38.551170349121094,6000,0.0,0.0
2000-05-18 00:00:00+09:00,38.12754440307617,39.39846254984538,37.703903727974975,38.12754440307617,60000,0.0,0.0
2000-05-19 00:00:00+09:00,38.12754440307617,38.12754440307617,38.12754440307617,38.12754440307617,0,0.0,0.0
2000-05-22 00:00:00+09:00,38.551170349121094,38.551170349121094,38.551170349121094,38.551170349121094,12000,0.0,0.0
2000-05-23 00:00:00+09:00,38.12754440307617,38.12754440307617,38.12754440307617,38.12754440307617,6000,0.0,0.0
2000-05-24 00:00:00+09:00,38.12754440307617,38.12754440307617,38.12754440307617,38.12754440307617,0,0.0,0.0
2000-05-25 00:00:00+09:00,38.127549233728466,38.97482681274414,38.127549233728466,38.97482681274414,54000,0.0,0.0
2000-05-26 00:00:00+09:00,38.97482681274414,38.97482681274414,38.97482681274414,38.97482681274414,0,0.0,0.0
2000-05-29 00:00:00+09:00,38.974815962647256,39.82209718432541,38.974815962647256,39.39845657348633,30000,0.0,0.0
2000-05-30 00:00:00+09:00,39.39845657348633,39.39845657348633,39.39845657348633,39.39845657348633,0,0.0,0.0
2000-05-31 00:00:00+09:00,39.39845657348633,39.39845657348633,39.39845657348633,39.39845657348633,0,0.0,0.0
2000-06-01 00:00:00+09:00,39.82210159301758,39.82210159301758,39.82210159301758,39.82210159301758,6000,0.0,0.0
2000-06-02 00:00:00+09:00,42.36394119262695,43.21121869777775,42.36394119262695,42.36394119262695,36000,0.0,0.0
2000-06-05 00:00:00+09:00,43.63486819431761,43.63486819431761,43.21122741699219,43.21122741699219,24000,0.0,0.0
2000-06-06 00:00:00+09:00,42.78758663966677,43.21122741699219,42.78758663966677,43.21122741699219,48000,0.0,0.0
2000-06-07 00:00:00+09:00,42.78758663966677,43.21122741699219,42.78758663966677,43.21122741699219,36000,0.0,0.0
2000-06-08 00:00:00+09:00,43.21122741699219,43.21122741699219,43.21122741699219,43.21122741699219,0,0.0,0.0
2000-06-09 00:00:00+09:00,43.21122741699219,43.21122741699219,43.21122741699219,43.21122741699219,0,0.0,0.0
2000-06-12 00:00:00+09:00,43.21122741699219,43.21122741699219,43.21122741699219,43.21122741699219,0,0.0,0.0
2000-06-13 00:00:00+09:00,42.787567138671875,42.787567138671875,42.787567138671875,42.787567138671875,6000,0.0,0.0
2000-06-14 00:00:00+09:00,41.09302520751953,41.09302520751953,41.09302520751953,41.09302520751953,6000,0.0,0.0
2000-06-15 00:00:00+09:00,41.09301968770394,41.09301968770394,39.82210159301758,39.82210159301758,24000,0.0,0.0
2000-06-16 00:00:00+09:00,39.39845657348633,39.39845657348633,39.39845657348633,39.39845657348633,6000,0.0,0.0
2000-06-19 00:00:00+09:00,40.24573837222355,40.24573837222355,38.974820277537184,39.82210159301758,24000,0.0,0.0
2000-06-20 00:00:00+09:00,41.09300723887184,44.48211983848337,39.82208952920089,44.05847930908203,180000,0.0,0.0
2000-06-21 00:00:00+09:00,43.21121866703835,45.32941436767578,43.21121866703835,45.32941436767578,66000,0.0,0.0
2000-06-22 00:00:00+09:00,45.32940993441648,45.32940993441648,43.634855091049424,44.9057731628418,96000,0.0,0.0
2000-06-23 00:00:00+09:00,45.753037548154325,47.87123243809489,43.63484265821375,44.05847930908203,96000,0.0,0.0
2000-06-26 00:00:00+09:00,43.63484830716321,44.05848501287533,42.787567138671875,42.787567138671875,90000,0.0,0.0
2000-06-27 00:00:00+09:00,43.21122741699219,43.21122741699219,43.21122741699219,43.21122741699219,30000,0.0,0.0
2000-06-28 00:00:00+09:00,42.78757800593508,42.78757800593508,42.36394119262695,42.36394119262695,48000,0.0,0.0
2000-06-29 00:00:00+09:00,42.36394119262695,42.36394119262695,42.36394119262695,42.36394119262695,0,0.0,0.0
2000-06-30 00:00:00+09:00,42.787567138671875,42.787567138671875,42.787567138671875,42.787567138671875,6000,0.0,0.0
2000-07-03 00:00:00+09:00,42.787567138671875,44.05848501287533,42.363930432959755,42.787567138671875,210000,0.0,0.0
2000-07-04 00:00:00+09:00,42.787575392017374,46.600329750074394,42.787575392017374,46.176692962646484,252000,0.0,0.0
2000-07-05 00:00:00+09:00,45.75305202679373,53.37856069792602,45.75305202679373,51.68400192260742,204000,0.0,0.0
2000-07-06 00:00:00+09:00,52.107638963379124,55.073115644383584,52.107638963379124,54.05638122558594,108000,0.0,0.0
2000-07-07 00:00:00+09:00,53.37855929316334,57.191313528389294,53.37855929316334,56.34403610229492,168000,0.0,0.0
2000-07-10 00:00:00+09:00,55.920403572661066,58.46224009869112,55.920403572661066,56.76768112182617,72000,0.0,0.0
2000-07-11 00:00:00+09:00,57.61494445800781,57.61494445800781,56.344026594070385,57.61494445800781,96000,0.0,0.0
2000-07-12 00:00:00+09:00,58.03858624970308,59.30950422508733,57.27603546447252,58.46222686767578,156000,0.0,0.0
2000-07-13 00:00:00+09:00,57.61494951026423,58.46222686767578,56.76766827431882,58.46222686767578,84000,0.0,0.0
2000-07-14 00:00:00+09:00,57.61494968114659,57.61494968114659,55.92039108276367,55.92039108276367,156000,0.0,0.0
2000-07-17 00:00:00+09:00,57.10658694934011,57.10658694934011,56.34403610229492,56.34403610229492,12000,0.0,0.0
2000-07-18 00:00:00+09:00,56.76767287607502,56.76767287607502,56.34403610229492,56.34403610229492,48000,0.0,0.0
2000-07-19 00:00:00+09:00,56.76767287607502,56.76767287607502,56.34403610229492,56.34403610229492,48000,0.0,0.0
2000-07-20 00:00:00+09:00,56.34403610229492,56.34403610229492,56.34403610229492,56.34403610229492,0,0.0,0.0
2000-07-21 00:00:00+09:00,50.83672447421526,51.684001922607415,50.413083810752035,51.68400192260742,24000,0.0,0.0
2000-07-24 00:00:00+09:00,51.68398454864034,51.68398454864034,50.413066864013665,50.41306686401367,30000,0.0,0.0
2000-07-25 00:00:00+09:00,51.26036398154509,51.26036398154509,49.98944589835418,50.83672332763672,48000,0.0,0.0
2000-07-26 00:00:00+09:00,50.836723327636726,50.836723327636726,50.836723327636726,50.83672332763672,0,0.0,0.0
2000-07-27 00:00:00+09:00,50.413082673728354,50.836723327636726,50.413082673728354,50.83672332763672,18000,0.0,0.0
2000-07-28 00:00:00+09:00,49.5658073425293,49.5658073425293,49.5658073425293,49.5658073425293,18000,0.0,0.0
2000-07-31 00:00:00+09:00,47.4476069248609,50.413079691172605,47.4476069248609,48.71852493286133,96000,0.0,0.0
2000-08-01 00:00:00+09:00,48.71852493286133,48.71852493286133,48.71852493286133,48.71852493286133,0,0.0,0.0
2000-08-02 00:00:00+09:00,49.142163444606766,50.83672214219117,49.142163444606766,49.989444732666016,66000,0.0,0.0
2000-08-03 00:00:00+09:00,49.989444732666016,49.989444732666016,49.989444732666016,49.989444732666016,0,0.0,0.0
2000-08-04 00:00:00+09:00,49.989444732666016,49.989444732666016,49.989444732666016,49.989444732666016,0,0.0,0.0
2000-08-07 00:00:00+09:00,49.989444732666016,49.989444732666016,49.989444732666016,49.989444732666016,0,0.0,0.0
2000-08-08 00:00:00+09:00,49.989444732666016,49.989444732666016,49.989444732666016,49.989444732666016,0,0.0,0.0
2000-08-09 00:00:00+09:00,49.1421649786996,49.1421649786996,48.29488754272461,48.29488754272461,42000,0.0,0.0
2000-08-10 00:00:00+09:00,48.29488754272461,48.29488754272461,48.29488754272461,48.29488754272461,0,0.0,0.0
2000-08-11 00:00:00+09:00,47.02396774291992,47.02396774291992,47.02396774291992,47.02396774291992,12000,0.0,0.0
2000-08-14 00:00:00+09:00,47.44761108199882,47.44761108199882,46.176692962646484,46.176692962646484,30000,0.0,0.0
2000-08-15 00:00:00+09:00,46.176692962646484,46.176692962646484,46.176692962646484,46.176692962646484,6000,0.0,0.0
2000-08-16 00:00:00+09:00,46.176692962646484,46.176692962646484,46.176692962646484,46.176692962646484,0,0.0,0.0
2000-08-17 00:00:00+09:00,45.32940353808808,45.75304412841797,45.32940353808808,45.75304412841797,48000,0.0,0.0
2000-08-18 00:00:00+09:00,45.75304412841797,45.75304412841797,45.75304412841797,45.75304412841797,12000,0.0,0.0
2000-08-21 00:00:00+09:00,45.75304412841797,45.75304412841797,45.75304412841797,45.75304412841797,0,0.0,0.0
2000-08-22 00:00:00+09:00,45.75304412841797,45.75304412841797,45.75304412841797,45.75304412841797,12000,0.0,0.0
2000-08-23 00:00:00+09:00,45.75304412841797,45.75304412841797,45.75304412841797,45.75304412841797,0,0.0,0.0
2000-08-24 00:00:00+09:00,45.75304412841797,45.75304412841797,45.75304412841797,45.75304412841797,0,0.0,0.0
2000-08-25 00:00:00+09:00,47.02396202087402,47.02396202087402,45.75304412841797,45.75304412841797,72000,0.0,0.0
2000-08-28 00:00:00+09:00,47.02396774291992,47.447608384799935,46.600327101039916,47.02396774291992,90000,0.0,0.0
2000-08-29 00:00:00+09:00,47.02397041603661,47.02397041603661,46.176692962646484,46.176692962646484,30000,0.0,0.0
2000-08-30 00:00:00+09:00,45.753050584525326,45.753050584525326,44.9057731628418,44.9057731628418,48000,0.0,0.0
2000-08-31 00:00:00+09:00,44.9057731628418,44.9057731628418,44.9057731628418,44.9057731628418,0,0.0,0.0
2000-09-01 00:00:00+09:00,45.32941436767578,45.32941436767578,45.32941436767578,45.32941436767578,6000,0.0,0.0
2000-09-04 00:00:00+09:00,45.75304412841797,46.600321430544135,45.75304412841797,45.75304412841797,54000,0.0,0.0
2000-09-05 00:00:00+09:00,46.176695750758384,46.176695750758384,45.32941436767578,45.32941436767578,18000,0.0,0.0
2000-09-06 00:00:00+09:00,45.32941436767578,45.32941436767578,45.32941436767578,45.32941436767578,0,0.0,0.0
2000-09-07 00:00:00+09:00,44.48212814331055,44.48212814331055,44.48212814331055,44.48212814331055,6000,0.0,0.0
2000-09-08 00:00:00+09:00,45.32941436767578,45.32941436767578,45.32941436767578,45.32941436767578,6000,0.0,0.0
2000-09-11 00:00:00+09:00,44.05847930908204,44.05847930908204,44.05847930908204,44.05847930908203,6000,0.0,0.0
2000-09-12 00:00:00+09:00,44.05847930908204,44.05847930908204,44.05847930908204,44.05847930908203,0,0.0,0.0
2000-09-13 00:00:00+09:00,44.05847930908204,44.05847930908204,44.05847930908204,44.05847930908203,0,0.0,0.0
2000-09-14 00:00:00+09:00,44.05847930908204,44.05847930908204,44.05847930908204,44.05847930908203,0,0.0,0.0
2000-09-15 00:00:00+09:00,44.05847930908204,44.05847930908204,44.05847930908204,44.05847930908203,0,0.0,0.0
2000-09-18 00:00:00+09:00,43.634857177734375,43.634857177734375,43.634857177734375,43.634857177734375,6000,0.0,0.0
2000-09-19 00:00:00+09:00,45.32941436767578,45.32941436767578,45.32941436767578,45.32941436767578,12000,0.0,0.0
2000-09-20 00:00:00+09:00,45.32941436767578,45.32941436767578,45.32941436767578,45.32941436767578,0,0.0,0.0
2000-09-21 00:00:00+09:00,45.32941436767578,45.32941436767578,45.32941436767578,45.32941436767578,0,0.0,0.0
2000-09-22 00:00:00+09:00,45.32941436767578,45.32941436767578,45.32941436767578,45.32941436767578,0,0.0,0.0
2000-09-25 00:00:00+09:00,44.90577397176305,46.17669206644941,37.70390218285082,39.82210159301758,120000,0.0,0.0
2000-09-26 00:00:00+09:00,39.82210159301758,39.82210159301758,39.82210159301758,39.82210159301758,12000,0.0,0.0
2000-09-27 00:00:00+09:00,39.82210159301758,39.82210159301758,39.82210159301758,39.82210159301758,0,0.0,0.0
2000-09-28 00:00:00+09:00,39.82210159301758,39.82210159301758,39.82210159301758,39.82210159301758,0,0.0,0.0
2000-09-29 00:00:00+09:00,39.82210159301758,39.82210159301758,39.82210159301758,39.82210159301758,0,0.0,0.0
2000-10-02 00:00:00+09:00,39.82210159301758,39.82210159301758,39.82210159301758,39.82210159301758,0,0.0,0.0
2000-10-03 00:00:00+09:00,41.09302520751953,41.09302520751953,41.09302520751953,41.09302520751953,18000,0.0,0.0
2000-10-04 00:00:00+09:00,41.09302520751953,41.09302520751953,41.09302520751953,41.09302520751953,0,0.0,0.0
2000-10-05 00:00:00+09:00,39.82210159301758,39.82210159301758,39.82210159301758,39.82210159301758,6000,0.0,0.0
2000-10-06 00:00:00+09:00,39.82210159301758,39.82210159301758,39.82210159301758,39.82210159301758,12000,0.0,0.0
2000-10-09 00:00:00+09:00,39.82210159301758,39.82210159301758,39.82210159301758,39.82210159301758,0,0.0,0.0
2000-10-10 00:00:00+09:00,39.82210159301758,39.82210159301758,39.82210159301758,39.82210159301758,6000,0.0,0.0
2000-10-11 00:00:00+09:00,39.82210159301758,39.82210159301758,39.82210159301758,39.82210159301758,6000,0.0,0.0
2000-10-12 00:00:00+09:00,38.55118507817737,38.55118507817737,38.12754440307617,38.12754440307617,18000,0.0,0.0
2000-10-13 00:00:00+09:00,36.85661760307251,37.28025817871094,36.85661760307251,37.28025817871094,30000,0.0,0.0
2000-10-16 00:00:00+09:00,37.28025817871094,37.28025817871094,37.28025817871094,37.28025817871094,0,0.0,0.0
2000-10-17 00:00:00+09:00,36.432979583740234,36.432979583740234,36.432979583740234,36.432979583740234,6000,0.0,0.0
2000-10-18 00:00:00+09:00,37.28025817871094,37.28025817871094,37.28025817871094,37.28025817871094,12000,0.0,0.0
2000-10-19 00:00:00+09:00,35.58570225154796,36.432979583740234,35.58570225154796,36.432979583740234,12000,0.0,0.0
2000-10-20 00:00:00+09:00,36.432979583740234,36.432979583740234,36.432979583740234,36.432979583740234,12000,0.0,0.0
2000-10-23 00:00:00+09:00,36.432979583740234,36.432979583740234,36.432979583740234,36.432979583740234,0,0.0,0.0
2000-10-24 00:00:00+09:00,36.432979583740234,36.432979583740234,36.432979583740234,36.432979583740234,0,0.0,0.0
2000-10-25 00:00:00+09:00,36.432979583740234,36.432979583740234,36.432979583740234,36.432979583740234,36000,0.0,0.0
2000-10-26 00:00:00+09:00,36.432979583740234,36.432979583740234,36.432979583740234,36.432979583740234,0,0.0,0.0
2000-10-27 00:00:00+09:00,36.432979583740234,36.432979583740234,36.432979583740234,36.432979583740234,0,0.0,0.0
2000-10-30 00:00:00+09:00,36.009353159430816,36.009353159430816,35.58571243286133,35.58571243286133,30000,0.0,0.0
2000-10-31 00:00:00+09:00,35.58571243286133,35.58571243286133,35.58571243286133,35.58571243286133,6000,0.0,0.0
2000-11-01 00:00:00+09:00,35.58571243286133,35.58571243286133,35.58571243286133,35.58571243286133,0,0.0,0.0
2000-11-02 00:00:00+09:00,36.432979583740234,36.432979583740234,36.432979583740234,36.432979583740234,24000,0.0,0.0
2000-11-03 00:00:00+09:00,36.432979583740234,36.432979583740234,36.432979583740234,36.432979583740234,0,0.0,0.0
2000-11-06 00:00:00+09:00,36.432979583740234,36.432979583740234,36.432979583740234,36.432979583740234,0,0.0,0.0
2000-11-07 00:00:00+09:00,35.16206741333008,35.16206741333008,35.16206741333008,35.16206741333008,6000,0.0,0.0
2000-11-08 00:00:00+09:00,35.16206741333008,35.16206741333008,35.16206741333008,35.16206741333008,0,0.0,0.0
2000-11-09 00:00:00+09:00,35.58571243286133,35.58571243286133,35.16207170629184,35.58571243286133,48000,0.0,0.0
2000-11-10 00:00:00+09:00,35.58571243286133,35.58571243286133,35.58571243286133,35.58571243286133,0,0.0,0.0
2000-11-13 00:00:00+09:00,35.58571243286133,35.58571243286133,35.58571243286133,35.58571243286133,0,0.0,0.0
2000-11-14 00:00:00+09:00,34.31479263305664,34.31479263305664,34.145335574122576,34.31479263305664,24000,0.0,0.0
2000-11-15 00:00:00+09:00,33.46751022338867,33.46751022338867,33.46751022338867,33.46751022338867,6000,0.0,0.0
2000-11-16 00:00:00+09:00,33.46751022338867,33.46751022338867,33.46751022338867,33.46751022338867,0,0.0,0.0
2000-11-17 00:00:00+09:00,33.46751022338867,33.46751022338867,33.46751022338867,33.46751022338867,0,0.0,0.0
2000-11-20 00:00:00+09:00,33.891155242919915,33.891155242919915,33.891155242919915,33.89115524291992,12000,0.0,0.0
2000-11-21 00:00:00+09:00,33.891155242919915,33.891155242919915,33.891155242919915,33.89115524291992,0,0.0,0.0
2000-11-22 00:00:00+09:00,33.891155242919915,33.891155242919915,33.891155242919915,33.89115524291992,12000,0.0,0.0
2000-11-23 00:00:00+09:00,33.891155242919915,33.891155242919915,33.891155242919915,33.89115524291992,0,0.0,0.0
2000-11-24 00:00:00+09:00,33.89114868798312,36.009348147474405,33.89114868798312,34.73843002319336,126000,0.0,0.0
2000-11-27 00:00:00+09:00,34.73843002319336,34.73843002319336,34.73843002319336,34.73843002319336,0,0.0,0.0
2000-11-28 00:00:00+09:00,33.891155242919915,33.891155242919915,33.891155242919915,33.89115524291992,6000,0.0,0.0
2000-11-29 00:00:00+09:00,33.891155242919915,33.891155242919915,33.891155242919915,33.89115524291992,0,0.0,0.0
2000-11-30 00:00:00+09:00,33.891155242919915,33.891155242919915,33.891155242919915,33.89115524291992,0,0.0,0.0
2000-12-01 00:00:00+09:00,33.891155242919915,33.891155242919915,33.891155242919915,33.89115524291992,0,0.0,0.0
2000-12-04 00:00:00+09:00,33.04387583051409,35.58571243286133,33.04387583051409,35.58571243286133,84000,0.0,0.0
2000-12-05 00:00:00+09:00,37.28027146060444,37.28027146060444,35.58571243286133,35.58571243286133,132000,0.0,0.0
2000-12-06 00:00:00+09:00,34.73843002319336,34.73843002319336,34.73843002319336,34.73843002319336,12000,0.0,0.0
2000-12-07 00:00:00+09:00,34.73843002319336,34.73843002319336,34.73843002319336,34.73843002319336,0,0.0,0.0
2000-12-08 00:00:00+09:00,34.73843002319336,34.73843002319336,34.73843002319336,34.73843002319336,0,0.0,0.0
2000-12-11 00:00:00+09:00,34.73843002319336,34.73843002319336,34.73843002319336,34.73843002319336,0,0.0,0.0
2000-12-12 00:00:00+09:00,34.73843002319336,34.73843002319336,34.73843002319336,34.73843002319336,0,0.0,0.0
2000-12-13 00:00:00+09:00,34.73843002319336,34.73843002319336,34.73843002319336,34.73843002319336,0,0.0,0.0
2000-12-14 00:00:00+09:00,34.73843002319336,34.73843002319336,34.73843002319336,34.73843002319336,0,0.0,0.0
2000-12-15 00:00:00+09:00,34.73843002319336,34.73843002319336,34.73843002319336,34.73843002319336,0,0.0,0.0
2000-12-18 00:00:00+09:00,33.891146418493456,33.891146418493456,33.04386901855469,33.04386901855469,30000,0.0,0.0
2000-12-19 00:00:00+09:00,33.891155242919915,33.891155242919915,33.891155242919915,33.89115524291992,18000,0.0,0.0
2000-12-20 00:00:00+09:00,33.891155242919915,33.891155242919915,33.891155242919915,33.89115524291992,0,0.0,0.0
2000-12-21 00:00:00+09:00,32.62022837931828,33.04386901855469,32.62022837931828,33.04386901855469,18000,0.0,0.0
2000-12-22 00:00:00+09:00,31.349306106567386,31.349306106567386,31.349306106567386,31.349306106567383,12000,0.0,0.0
2000-12-25 00:00:00+09:00,33.89114318642807,33.89114318642807,31.349307350482622,32.19658660888672,60000,0.0,0.0
2000-12-26 00:00:00+09:00,32.19658660888672,32.19658660888672,32.19658660888672,32.19658660888672,0,0.0,0.0
2000-12-27 00:00:00+09:00,32.19658660888672,32.19658660888672,32.19658660888672,32.19658660888672,0,0.0,0.0
2000-12-28 00:00:00+09:00,32.62023162841797,32.62023162841797,32.62023162841797,32.62023162841797,6000,0.0,0.0
2000-12-29 00:00:00+09:00,32.62023162841797,32.62023162841797,32.62023162841797,32.62023162841797,0,0.0,0.0
2001-01-01 00:00:00+09:00,32.62023162841797,32.62023162841797,32.62023162841797,32.62023162841797,0,0.0,0.0
2001-01-02 00:00:00+09:00,32.62023162841797,32.62023162841797,32.62023162841797,32.62023162841797,0,0.0,0.0
2001-01-03 00:00:00+09:00,32.62023162841797,32.62023162841797,32.62023162841797,32.62023162841797,0,0.0,0.0
2001-01-04 00:00:00+09:00,32.62023162841797,32.62023162841797,32.62023162841797,32.62023162841797,0,0.0,0.0
2001-01-05 00:00:00+09:00,34.73843674200408,34.73843674200408,33.891155242919915,33.89115524291992,66000,0.0,0.0
2001-01-08 00:00:00+09:00,33.891155242919915,33.891155242919915,33.891155242919915,33.89115524291992,0,0.0,0.0
2001-01-09 00:00:00+09:00,33.043869576992776,33.46751022338867,33.043869576992776,33.46751022338867,12000,0.0,0.0
2001-01-10 00:00:00+09:00,33.04386901855469,33.04386901855469,33.04386901855469,33.04386901855469,6000,0.0,0.0
2001-01-11 00:00:00+09:00,33.043872309850606,33.043872309850606,32.62023162841797,32.62023162841797,12000,0.0,0.0
2001-01-12 00:00:00+09:00,33.04386901855469,33.04386901855469,33.04386901855469,33.04386901855469,18000,0.0,0.0
2001-01-15 00:00:00+09:00,32.62023162841797,32.62023162841797,32.62023162841797,32.62023162841797,18000,0.0,0.0
2001-01-16 00:00:00+09:00,33.46751022338867,33.46751022338867,33.46751022338867,33.46751022338867,6000,0.0,0.0
2001-01-17 00:00:00+09:00,33.46751022338867,33.46751022338867,33.46751022338867,33.46751022338867,0,0.0,0.0
2001-01-18 00:00:00+09:00,32.196592886252546,33.89114979418145,32.196592886252546,32.62023162841797,48000,0.0,0.0
2001-01-19 00:00:00+09:00,33.891155242919915,33.891155242919915,33.891155242919915,33.89115524291992,6000,0.0,0.0
2001-01-22 00:00:00+09:00,33.891155242919915,33.891155242919915,33.891155242919915,33.89115524291992,0,0.0,0.0
2001-01-23 00:00:00+09:00,33.891155242919915,33.891155242919915,33.891155242919915,33.89115524291992,0,0.0,0.0
2001-01-24 00:00:00+09:00,33.891155242919915,33.891155242919915,33.891155242919915,33.89115524291992,0,0.0,0.0
2001-01-25 00:00:00+09:00,33.46750982700002,35.58570527682339,33.46750982700002,34.82315444946289,102000,0.0,0.0
2001-01-26 00:00:00+09:00,34.73843002319336,34.73843002319336,34.73843002319336,34.73843002319336,12000,0.0,0.0
2001-01-29 00:00:00+09:00,32.62022526845534,33.04386586729082,32.19658660888672,32.19658660888672,48000,0.0,0.0
2001-01-30 00:00:00+09:00,31.434035858103083,32.19658660888672,31.434035858103083,32.19658660888672,12000,0.0,0.0
2001-01-31 00:00:00+09:00,32.62022397411111,32.62022397411111,31.349306106567386,31.349306106567383,54000,0.0,0.0
2001-02-01 00:00:00+09:00,31.349306106567386,31.349306106567386,31.349306106567386,31.349306106567383,6000,0.0,0.0
2001-02-02 00:00:00+09:00,34.314795992462,34.314795992462,33.043877622370815,33.89115524291992,54000,0.0,0.0
2001-02-05 00:00:00+09:00,33.891155242919915,33.891155242919915,33.891155242919915,33.89115524291992,0,0.0,0.0
2001-02-06 00:00:00+09:00,33.04387123130719,34.73843002319336,33.04387123130719,34.73843002319336,36000,0.0,0.0
2001-02-07 00:00:00+09:00,36.009348147474405,36.009348147474405,33.46751189891231,34.73843002319336,54000,0.0,0.0
2001-02-08 00:00:00+09:00,35.58571436255319,35.58571436255319,33.891155242919915,33.89115524291992,18000,0.0,0.0
2001-02-09 00:00:00+09:00,33.891155242919915,33.891155242919915,33.891155242919915,33.89115524291992,0,0.0,0.0
2001-02-12 00:00:00+09:00,33.891155242919915,33.891155242919915,33.891155242919915,33.89115524291992,0,0.0,0.0
2001-02-13 00:00:00+09:00,33.891146418493456,33.891146418493456,33.04386901855469,33.04386901855469,60000,0.0,0.0
2001-02-14 00:00:00+09:00,32.620236872828734,33.891155242919915,31.77295925227963,33.89115524291992,54000,0.0,0.0
2001-02-15 00:00:00+09:00,33.891155242919915,33.891155242919915,33.891155242919915,33.89115524291992,12000,0.0,0.0
2001-02-16 00:00:00+09:00,34.314795992462,34.314795992462,33.891155242919915,33.89115524291992,42000,0.0,0.0
2001-02-19 00:00:00+09:00,34.7384348582572,35.58571243286133,33.89115340511822,35.58571243286133,36000,0.0,0.0
2001-02-20 00:00:00+09:00,36.432979583740234,36.432979583740234,36.432979583740234,36.432979583740234,12000,0.0,0.0
2001-02-21 00:00:00+09:00,34.73842675336088,34.73842675336088,34.5689697265625,34.5689697265625,24000,0.0,0.0
2001-02-22 00:00:00+09:00,34.5689697265625,34.5689697265625,34.5689697265625,34.5689697265625,0,0.0,0.0
2001-02-23 00:00:00+09:00,34.31478851719906,38.63591003417969,34.31478851719906,38.63591003417969,42000,0.0,0.0
2001-02-26 00:00:00+09:00,36.00934600830078,36.00934600830078,36.00934600830078,36.00934600830078,6000,0.0,0.0
2001-02-27 00:00:00+09:00,36.00934600830078,36.00934600830078,36.00934600830078,36.00934600830078,6000,0.0,0.0
2001-02-28 00:00:00+09:00,36.00934600830078,36.00934600830078,36.00934600830078,36.00934600830078,6000,0.0,0.0
2001-03-01 00:00:00+09:00,36.00934600830078,36.00934600830078,36.00934600830078,36.00934600830078,6000,0.0,0.0
2001-03-02 00:00:00+09:00,39.82210827029469,39.82210827029469,38.127549233728466,38.97482681274414,42000,0.0,0.0
2001-03-05 00:00:00+09:00,37.364990234375,37.364990234375,37.364990234375,37.364990234375,6000,0.0,0.0
2001-03-06 00:00:00+09:00,37.28027146060444,37.28027146060444,35.58571243286133,35.58571243286133,30000,0.0,0.0
2001-03-07 00:00:00+09:00,36.432979583740234,36.432979583740234,36.432979583740234,36.432979583740234,6000,0.0,0.0
2001-03-08 00:00:00+09:00,36.432979583740234,36.432979583740234,36.432979583740234,36.432979583740234,0,0.0,0.0
2001-03-09 00:00:00+09:00,36.432979583740234,36.432979583740234,36.432979583740234,36.432979583740234,0,0.0,0.0
2001-03-12 00:00:00+09:00,36.432979583740234,36.432979583740234,36.432979583740234,36.432979583740234,12000,0.0,0.0
2001-03-13 00:00:00+09:00,33.891155242919915,33.891155242919915,33.4675183719129,33.89115524291992,24000,0.0,0.0
2001-03-14 00:00:00+09:00,33.891155242919915,33.891155242919915,33.891155242919915,33.89115524291992,0,0.0,0.0
2001-03-15 00:00:00+09:00,34.31479263305664,34.31479263305664,34.31479263305664,34.31479263305664,6000,0.0,0.0
2001-03-16 00:00:00+09:00,34.31479263305664,34.31479263305664,34.31479263305664,34.31479263305664,0,0.0,0.0
2001-03-19 00:00:00+09:00,36.43299019716224,41.51666342832604,36.43299019716224,38.97482681274414,36000,0.0,0.0
2001-03-20 00:00:00+09:00,38.97482681274414,38.97482681274414,38.97482681274414,38.97482681274414,0,0.0,0.0
2001-03-21 00:00:00+09:00,42.36393951848498,42.7875763150518,38.12754440307617,38.12754440307617,42000,0.0,0.0
2001-03-22 00:00:00+09:00,38.12754440307617,38.12754440307617,38.12754440307617,38.12754440307617,0,0.0,0.0
2001-03-23 00:00:00+09:00,38.551188676714915,41.09302520751953,38.551188676714915,41.09302520751953,54000,0.0,0.0
2001-03-26 00:00:00+09:00,41.09302520751953,41.09302520751953,41.09302520751953,41.09302520751953,0,0.0,0.0
2001-03-27 00:00:00+09:00,41.95813751220703,41.95813751220703,41.95813751220703,41.95813751220703,0,1.666667,0.0
2001-03-28 00:00:00+09:00,37.19999313354492,37.19999313354492,37.19999313354492,37.19999313354492,12000,0.0,0.0
2001-03-29 00:00:00+09:00,37.19999313354492,37.19999313354492,37.19999313354492,37.19999313354492,0,0.0,0.0
2001-03-30 00:00:00+09:00,35.469772940839334,35.90232849121094,35.469772940839334,35.90232849121094,12000,0.0,0.0
2001-04-02 00:00:00+09:00,35.90232849121094,35.90232849121094,35.90232849121094,35.90232849121094,0,0.0,0.0
2001-04-03 00:00:00+09:00,37.19999733334918,37.19999733334918,34.60464859008789,34.60464859008789,30000,0.0,0.0
2001-04-04 00:00:00+09:00,35.90232894225753,36.33488845825195,35.90232894225753,36.33488845825195,12000,0.0,0.0
2001-04-05 00:00:00+09:00,34.17210388183594,34.17210388183594,34.17210388183594,34.17210388183594,6000,0.0,0.0
2001-04-06 00:00:00+09:00,37.19999313354492,37.19999313354492,37.19999313354492,37.19999313354492,12000,0.0,0.0
2001-04-09 00:00:00+09:00,37.19999313354492,37.19999313354492,37.19999313354492,37.19999313354492,0,0.0,0.0
2001-04-10 00:00:00+09:00,37.19999313354492,37.19999313354492,37.19999313354492,37.19999313354492,0,0.0,0.0
2001-04-11 00:00:00+09:00,37.19999313354492,37.19999313354492,37.19999313354492,37.19999313354492,0,0.0,0.0
2001-04-12 00:00:00+09:00,37.19999313354492,37.19999313354492,37.19999313354492,37.19999313354492,0,0.0,0.0
2001-04-13 00:00:00+09:00,37.19999313354492,37.19999313354492,37.19999313354492,37.19999313354492,0,0.0,0.0
2001-04-16 00:00:00+09:00,38.065108643719874,38.065108643719874,37.63254928588867,37.63254928588867,30000,0.0,0.0
2001-04-17 00:00:00+09:00,37.200005990440296,38.4976806640625,37.200005990440296,38.4976806640625,30000,0.0,0.0
2001-04-18 00:00:00+09:00,38.93022218036955,39.79533690875987,38.93022218036955,39.3627815246582,24000,0.0,0.0
2001-04-19 00:00:00+09:00,38.93022918701172,38.93022918701172,38.93022918701172,38.93022918701172,6000,0.0,0.0
2001-04-20 00:00:00+09:00,38.93022918701172,38.93022918701172,38.93022918701172,38.93022918701172,0,0.0,0.0
2001-04-23 00:00:00+09:00,38.93022918701172,38.93022918701172,38.93022918701172,38.93022918701172,0,0.0,0.0
2001-04-24 00:00:00+09:00,38.93022918701172,38.93022918701172,38.93022918701172,38.93022918701172,0,0.0,0.0
2001-04-25 00:00:00+09:00,39.3627815246582,40.22789625304853,39.3627815246582,39.3627815246582,78000,0.0,0.0
2001-04-26 00:00:00+09:00,39.3627815246582,40.22789625304853,39.3627815246582,39.3627815246582,78000,0.0,0.0
2001-04-27 00:00:00+09:00,39.3627815246582,39.3627815246582,39.3627815246582,39.3627815246582,0,0.0,0.0
2001-04-30 00:00:00+09:00,39.3627815246582,39.3627815246582,39.3627815246582,39.3627815246582,0,0.0,0.0
2001-05-01 00:00:00+09:00,39.3627815246582,39.3627815246582,39.3627815246582,39.3627815246582,0,0.0,0.0
2001-05-02 00:00:00+09:00,40.66045638228023,40.66045638228023,39.795337677001946,39.79533767700195,24000,0.0,0.0
2001-05-03 00:00:00+09:00,39.795337677001946,39.795337677001946,39.795337677001946,39.79533767700195,0,0.0,0.0
2001-05-04 00:00:00+09:00,39.795337677001946,39.795337677001946,39.795337677001946,39.79533767700195,0,0.0,0.0
2001-05-07 00:00:00+09:00,39.795337677001946,39.795337677001946,39.795337677001946,39.79533767700195,0,0.0,0.0
2001-05-08 00:00:00+09:00,38.497662836080885,39.3627815246582,38.497662836080885,39.3627815246582,18000,0.0,0.0
2001-05-09 00:00:00+09:00,38.93022918701172,38.93022918701172,38.93022918701172,38.93022918701172,12000,0.0,0.0
2001-05-10 00:00:00+09:00,38.93022918701172,38.93022918701172,38.93022918701172,38.93022918701172,0,0.0,0.0
2001-05-11 00:00:00+09:00,38.93022918701172,38.93022918701172,38.93022918701172,38.93022918701172,0,0.0,0.0
2001-05-14 00:00:00+09:00,38.93022918701172,38.93022918701172,38.93022918701172,38.93022918701172,0,0.0,0.0
2001-05-15 00:00:00+09:00,40.66046142578126,40.66046142578126,40.66046142578126,40.66046142578125,6000,0.0,0.0
2001-05-16 00:00:00+09:00,39.795337677001946,39.795337677001946,39.795337677001946,39.79533767700195,12000,0.0,0.0
2001-05-17 00:00:00+09:00,39.79534205847622,40.227901458740234,39.36278661839972,40.227901458740234,24000,0.0,0.0
2001-05-18 00:00:00+09:00,40.66046142578126,40.66046142578126,40.66046142578126,40.66046142578125,12000,0.0,0.0
2001-05-21 00:00:00+09:00,40.66046142578126,40.66046142578126,40.66046142578126,40.66046142578125,0,0.0,0.0
2001-05-22 00:00:00+09:00,40.66046142578126,40.66046142578126,40.66046142578126,40.66046142578125,0,0.0,0.0
2001-05-23 00:00:00+09:00,40.66046142578126,40.66046142578126,40.66046142578126,40.66046142578125,0,0.0,0.0
2001-05-24 00:00:00+09:00,40.66046142578126,40.66046142578126,40.66046142578126,40.66046142578125,0,0.0,0.0
2001-05-25 00:00:00+09:00,40.660462446651856,44.12092590332031,40.660462446651856,44.12092590332031,72000,0.0,0.0
2001-05-28 00:00:00+09:00,43.68836854651084,43.68836854651084,42.8232536315918,42.8232536315918,24000,0.0,0.0
2001-05-29 00:00:00+09:00,41.61208657536453,43.68836538927357,40.66046142578126,40.66046142578125,30000,0.0,0.0
2001-05-30 00:00:00+09:00,40.66046085900424,40.66046085900424,40.227901458740234,40.227901458740234,18000,0.0,0.0
2001-05-31 00:00:00+09:00,39.795337677001946,39.795337677001946,39.795337677001946,39.79533767700195,6000,0.0,0.0
2001-06-01 00:00:00+09:00,39.3627815246582,39.3627815246582,39.3627815246582,39.3627815246582,6000,0.0,0.0
2001-06-04 00:00:00+09:00,41.093018661934565,41.95813751220703,40.660463196986065,41.95813751220703,36000,0.0,0.0
2001-06-05 00:00:00+09:00,41.52557313700058,41.52557313700058,41.093013763427734,41.093013763427734,24000,0.0,0.0
2001-06-06 00:00:00+09:00,41.093013763427734,41.093013763427734,41.093013763427734,41.093013763427734,0,0.0,0.0
2001-06-07 00:00:00+09:00,40.660471737630516,40.660471737630516,34.60465435446282,36.33488845825195,72000,0.0,0.0
2001-06-08 00:00:00+09:00,36.33487382471874,36.767433166503906,36.33487382471874,36.767433166503906,30000,0.0,0.0
2001-06-11 00:00:00+09:00,36.767433166503906,36.767433166503906,36.767433166503906,36.767433166503906,0,0.0,0.0
2001-06-12 00:00:00+09:00,37.19999313354492,37.19999313354492,37.19999313354492,37.19999313354492,6000,0.0,0.0
2001-06-13 00:00:00+09:00,37.19999313354492,37.19999313354492,37.19999313354492,37.19999313354492,0,0.0,0.0
2001-06-14 00:00:00+09:00,37.19999313354492,37.19999313354492,37.19999313354492,37.19999313354492,0,0.0,0.0
2001-06-15 00:00:00+09:00,36.33488845825195,36.33488845825195,36.33488845825195,36.33488845825195,72000,0.0,0.0
2001-06-18 00:00:00+09:00,35.469773386451664,36.33488845825195,35.469773386451664,36.33488845825195,12000,0.0,0.0
2001-06-19 00:00:00+09:00,36.767435118854664,38.06510925292969,36.767435118854664,38.06510925292969,36000,0.0,0.0
2001-06-20 00:00:00+09:00,38.06510925292969,38.06510925292969,38.06510925292969,38.06510925292969,0,0.0,0.0
2001-06-21 00:00:00+09:00,38.06510925292969,38.06510925292969,38.06510925292969,38.06510925292969,0,0.0,0.0
2001-06-22 00:00:00+09:00,37.63254928588867,37.63254928588867,37.63254928588867,37.63254928588867,6000,0.0,0.0
2001-06-25 00:00:00+09:00,40.22789702964109,40.22789702964109,39.70882739054895,39.79533767700195,54000,0.0,0.0
2001-06-26 00:00:00+09:00,39.795337677001946,39.795337677001946,39.795337677001946,39.79533767700195,0,0.0,0.0
2001-06-27 00:00:00+09:00,39.795337677001946,39.795337677001946,39.795337677001946,39.79533767700195,0,0.0,0.0
2001-06-28 00:00:00+09:00,39.795337677001946,39.795337677001946,39.795337677001946,39.79533767700195,0,0.0,0.0
2001-06-29 00:00:00+09:00,39.79533960289647,42.82324729753184,39.79533960289647,41.093013763427734,120000,0.0,0.0
2001-07-02 00:00:00+09:00,41.958145744132125,44.12093537376358,41.093026724128734,42.39070129394531,156000,0.0,0.0
2001-07-03 00:00:00+09:00,44.12092208862305,44.12092208862305,41.52557373046875,41.52557373046875,36000,0.0,0.0
2001-07-04 00:00:00+09:00,41.52557373046875,41.52557373046875,41.52557373046875,41.52557373046875,0,0.0,0.0
2001-07-05 00:00:00+09:00,41.093013763427734,41.093013763427734,40.66045835004215,41.093013763427734,12000,0.0,0.0
2001-07-06 00:00:00+09:00,41.093013763427734,41.093013763427734,41.093013763427734,41.093013763427734,0,0.0,0.0
2001-07-09 00:00:00+09:00,41.093013763427734,41.093013763427734,41.093013763427734,41.093013763427734,0,0.0,0.0
2001-07-10 00:00:00+09:00,41.093013763427734,41.093013763427734,41.093013763427734,41.093013763427734,0,0.0,0.0
2001-07-11 00:00:00+09:00,41.093013763427734,41.093013763427734,41.093013763427734,41.093013763427734,0,0.0,0.0
2001-07-12 00:00:00+09:00,41.093013763427734,41.093013763427734,41.093013763427734,41.093013763427734,0,0.0,0.0
2001-07-13 00:00:00+09:00,41.093013763427734,41.093013763427734,41.093013763427734,41.093013763427734,0,0.0,0.0
2001-07-16 00:00:00+09:00,41.09302396854122,44.12093241513268,41.09302396854122,43.25581741333008,108000,0.0,0.0
2001-07-17 00:00:00+09:00,43.25581306914524,43.25581306914524,42.8232536315918,42.8232536315918,24000,0.0,0.0
2001-07-18 00:00:00+09:00,41.52558344953664,44.12093241513268,41.52558344953664,43.25581741333008,42000,0.0,0.0
2001-07-19 00:00:00+09:00,41.95813311022357,41.95813311022357,41.52557373046875,41.52557373046875,12000,0.0,0.0
2001-07-20 00:00:00+09:00,41.52557373046875,41.52557373046875,41.52557373046875,41.52557373046875,0,0.0,0.0
2001-07-23 00:00:00+09:00,41.093016871887265,41.093016871887265,40.66046142578126,40.66046142578125,12000,0.0,0.0
2001-07-24 00:00:00+09:00,40.66046142578126,40.66046142578126,40.66046142578126,40.66046142578125,0,0.0,0.0
2001-07-25 00:00:00+09:00,42.39068792395901,42.39068792395901,41.093013763427734,41.093013763427734,48000,0.0,0.0
2001-07-26 00:00:00+09:00,41.093018377338694,41.093018377338694,38.93022918701172,38.93022918701172,36000,0.0,0.0
2001-07-27 00:00:00+09:00,38.93022918701172,38.93022918701172,38.93022918701172,38.93022918701172,0,0.0,0.0
2001-07-30 00:00:00+09:00,38.93022918701172,38.93022918701172,38.93022918701172,38.93022918701172,0,0.0,0.0
2001-07-31 00:00:00+09:00,37.71907043457031,38.06511960455484,37.200000639781784,37.71907043457031,36000,0.0,0.0
2001-08-01 00:00:00+09:00,37.71907043457031,37.71907043457031,37.71907043457031,37.71907043457031,0,0.0,0.0
2001-08-02 00:00:00+09:00,38.49766976487125,39.79534407110497,38.49766976487125,38.93022918701172,30000,0.0,0.0
2001-08-03 00:00:00+09:00,38.93022918701172,38.93022918701172,38.93022918701172,38.93022918701172,0,0.0,0.0
2001-08-06 00:00:00+09:00,38.93022918701172,38.93022918701172,38.93022918701172,38.93022918701172,0,0.0,0.0
2001-08-07 00:00:00+09:00,38.93022918701172,38.93022918701172,38.93022918701172,38.93022918701172,0,0.0,0.0
2001-08-08 00:00:00+09:00,38.93022918701172,38.93022918701172,38.93022918701172,38.93022918701172,0,0.0,0.0
2001-08-09 00:00:00+09:00,38.93022918701172,38.93022918701172,38.93022918701172,38.93022918701172,0,0.0,0.0
2001-08-10 00:00:00+09:00,38.93022918701172,38.93022918701172,38.93022918701172,38.93022918701172,0,0.0,0.0
2001-08-13 00:00:00+09:00,38.93022918701172,38.93022918701172,38.93022918701172,38.93022918701172,0,0.0,0.0
2001-08-14 00:00:00+09:00,38.93022918701172,38.93022918701172,38.93022918701172,38.93022918701172,0,0.0,0.0
2001-08-15 00:00:00+09:00,38.93022918701172,38.93022918701172,38.93022918701172,38.93022918701172,0,0.0,0.0
2001-08-16 00:00:00+09:00,37.63254928588867,37.63254928588867,37.63254928588867,37.63254928588867,12000,0.0,0.0
2001-08-17 00:00:00+09:00,37.63254928588867,37.63254928588867,37.63254928588867,37.63254928588867,0,0.0,0.0
2001-08-20 00:00:00+09:00,38.93022918701172,38.93022918701172,38.93022918701172,38.93022918701172,6000,0.0,0.0
2001-08-21 00:00:00+09:00,38.93022918701172,38.93022918701172,38.93022918701172,38.93022918701172,0,0.0,0.0
2001-08-22 00:00:00+09:00,36.767433166503906,36.767433166503906,36.767433166503906,36.767433166503906,6000,0.0,0.0
2001-08-23 00:00:00+09:00,36.767433166503906,36.767433166503906,36.767433166503906,36.767433166503906,6000,0.0,0.0
2001-08-24 00:00:00+09:00,37.19999313354492,38.06511192375378,37.19999313354492,37.19999313354492,48000,0.0,0.0
2001-08-27 00:00:00+09:00,37.19999313354492,37.19999313354492,37.19999313354492,37.19999313354492,54000,0.0,0.0
2001-08-28 00:00:00+09:00,37.63254928588867,37.63254928588867,37.63254928588867,37.63254928588867,12000,0.0,0.0
2001-08-29 00:00:00+09:00,37.63254928588867,37.63254928588867,37.63254928588867,37.63254928588867,24000,0.0,0.0
2001-08-30 00:00:00+09:00,37.63254928588867,37.63254928588867,37.63254928588867,37.63254928588867,24000,0.0,0.0
2001-08-31 00:00:00+09:00,37.63254928588867,37.63254928588867,37.63254928588867,37.63254928588867,0,0.0,0.0
2001-09-03 00:00:00+09:00,37.63254928588867,37.63254928588867,37.63254928588867,37.63254928588867,0,0.0,0.0
2001-09-04 00:00:00+09:00,39.795337677001946,39.795337677001946,37.632548834180376,39.79533767700195,66000,0.0,0.0
2001-09-05 00:00:00+09:00,39.795337677001946,39.795337677001946,39.795337677001946,39.79533767700195,0,0.0,0.0
2001-09-06 00:00:00+09:00,38.065108186819515,39.795337677001946,38.065108186819515,39.79533767700195,12000,0.0,0.0
2001-09-07 00:00:00+09:00,39.795337677001946,39.795337677001946,39.795337677001946,39.79533767700195,0,0.0,0.0
2001-09-10 00:00:00+09:00,37.63254928588867,37.63254928588867,37.63254928588867,37.63254928588867,6000,0.0,0.0
2001-09-11 00:00:00+09:00,37.63254928588867,37.63254928588867,37.63254928588867,37.63254928588867,0,0.0,0.0
2001-09-12 00:00:00+09:00,37.63255677728869,37.63255677728869,33.73953366239676,34.60464859008789,48000,0.0,0.0
2001-09-13 00:00:00+09:00,34.60464859008789,34.60464859008789,34.60464859008789,34.60464859008789,0,0.0,0.0
2001-09-14 00:00:00+09:00,34.60464859008789,34.60464859008789,34.60464859008789,34.60464859008789,0,0.0,0.0
2001-09-17 00:00:00+09:00,34.60464859008789,34.60464859008789,34.60464859008789,34.60464859008789,0,0.0,0.0
2001-09-18 00:00:00+09:00,38.065114302918474,38.93022918701172,38.065114302918474,38.93022918701172,18000,0.0,0.0
2001-09-19 00:00:00+09:00,38.93022918701172,38.93022918701172,38.93022918701172,38.93022918701172,0,0.0,0.0
2001-09-20 00:00:00+09:00,38.4976806640625,38.4976806640625,38.4976806640625,38.4976806640625,6000,0.0,0.0
2001-09-21 00:00:00+09:00,38.06510723167243,38.06510723167243,36.767433166503906,36.767433166503906,24000,0.0,0.0
2001-09-24 00:00:00+09:00,36.767433166503906,36.767433166503906,36.767433166503906,36.767433166503906,0,0.0,0.0
2001-09-25 00:00:00+09:00,36.3348757541006,38.06510925292969,36.3348757541006,38.06510925292969,54000,0.0,0.0
2001-09-26 00:00:00+09:00,38.06510925292969,38.06510925292969,38.06510925292969,38.06510925292969,0,0.0,0.0
2001-09-27 00:00:00+09:00,38.06510925292969,38.06510925292969,38.06510925292969,38.06510925292969,0,0.0,0.0
2001-09-28 00:00:00+09:00,38.06510925292969,38.06510925292969,38.06510925292969,38.06510925292969,0,0.0,0.0
2001-10-01 00:00:00+09:00,38.06510925292969,38.06510925292969,38.06510925292969,38.06510925292969,0,0.0,0.0
2001-10-02 00:00:00+09:00,38.06510925292969,38.06510925292969,38.06510925292969,38.06510925292969,18000,0.0,0.0
2001-10-03 00:00:00+09:00,36.33488800177105,36.33488800177105,35.90232849121094,35.90232849121094,18000,0.0,0.0
2001-10-04 00:00:00+09:00,35.90232849121094,35.90232849121094,35.90232849121094,35.90232849121094,0,0.0,0.0
2001-10-05 00:00:00+09:00,35.90232849121094,35.90232849121094,35.90232849121094,35.90232849121094,0,0.0,0.0
2001-10-08 00:00:00+09:00,35.90232849121094,35.90232849121094,35.90232849121094,35.90232849121094,0,0.0,0.0
2001-10-09 00:00:00+09:00,35.90232849121094,35.90232849121094,35.90232849121094,35.90232849121094,0,0.0,0.0
2001-10-10 00:00:00+09:00,35.46976292697681,35.46976292697681,32.874412536621094,32.874412536621094,24000,0.0,0.0
2001-10-11 00:00:00+09:00,32.874412536621094,32.874412536621094,32.874412536621094,32.874412536621094,0,0.0,0.0
2001-10-12 00:00:00+09:00,34.60464859008789,34.60464859008789,34.60464859008789,34.60464859008789,6000,0.0,0.0
2001-10-15 00:00:00+09:00,34.60464859008789,34.60464859008789,34.60464859008789,34.60464859008789,0,0.0,0.0
2001-10-16 00:00:00+09:00,34.60464859008789,34.60464859008789,34.60464859008789,34.60464859008789,6000,0.0,0.0
2001-10-17 00:00:00+09:00,34.60464859008789,34.60464859008789,34.60464859008789,34.60464859008789,6000,0.0,0.0
2001-10-18 00:00:00+09:00,35.03720474243165,35.03720474243165,35.03720474243165,35.03720474243164,6000,0.0,0.0
2001-10-19 00:00:00+09:00,35.03720474243165,35.03720474243165,35.03720474243165,35.03720474243164,0,0.0,0.0
2001-10-22 00:00:00+09:00,35.03720474243165,35.03720474243165,35.03720474243165,35.03720474243164,0,0.0,0.0
2001-10-23 00:00:00+09:00,34.60464859008789,34.60464859008789,34.60464859008789,34.60464859008789,6000,0.0,0.0
2001-10-24 00:00:00+09:00,35.03720474243165,35.03720474243165,35.03720474243165,35.03720474243164,24000,0.0,0.0
2001-10-25 00:00:00+09:00,35.469773386451664,37.20000353005224,35.469773386451664,36.33488845825195,54000,0.0,0.0
2001-10-26 00:00:00+09:00,36.33488845825195,36.33488845825195,36.33488845825195,36.33488845825195,0,0.0,0.0
2001-10-29 00:00:00+09:00,36.33488845825195,36.33488845825195,36.33488845825195,36.33488845825195,0,0.0,0.0
2001-10-30 00:00:00+09:00,36.33488845825195,36.33488845825195,36.33488845825195,36.33488845825195,0,0.0,0.0
2001-10-31 00:00:00+09:00,36.33488845825195,36.33488845825195,36.33488845825195,36.33488845825195,0,0.0,0.0
2001-11-01 00:00:00+09:00,36.33488845825195,36.33488845825195,36.33488845825195,36.33488845825195,0,0.0,0.0
2001-11-02 00:00:00+09:00,39.795355337684704,39.795355337684704,37.200005990440296,38.4976806640625,66000,0.0,0.0
2001-11-05 00:00:00+09:00,35.03720474243165,35.03720474243165,35.03720474243165,35.03720474243164,6000,0.0,0.0
2001-11-06 00:00:00+09:00,34.60464859008789,34.60464859008789,34.60464859008789,34.60464859008789,6000,0.0,0.0
2001-11-07 00:00:00+09:00,34.60464859008789,34.60464859008789,34.60464859008789,34.60464859008789,0,0.0,0.0
2001-11-08 00:00:00+09:00,34.604659501985445,35.0372190823241,34.17210388183594,34.17210388183594,54000,0.0,0.0
2001-11-09 00:00:00+09:00,34.17210388183594,34.17210388183594,34.17210388183594,34.17210388183594,0,0.0,0.0
2001-11-12 00:00:00+09:00,33.39347839355469,33.39347839355469,33.39347839355469,33.39347839355469,6000,0.0,0.0
2001-11-13 00:00:00+09:00,33.739532470703125,33.739532470703125,32.87441559347432,33.739532470703125,12000,0.0,0.0
2001-11-14 00:00:00+09:00,33.39348422632005,33.39348422632005,31.576738357543945,31.576738357543945,30000,0.0,0.0
2001-11-15 00:00:00+09:00,32.00929573983585,32.874412536621094,32.00929573983585,32.874412536621094,12000,0.0,0.0
2001-11-16 00:00:00+09:00,32.874412536621094,32.874412536621094,32.874412536621094,32.874412536621094,0,0.0,0.0
2001-11-19 00:00:00+09:00,32.874412536621094,32.874412536621094,32.874412536621094,32.874412536621094,6000,0.0,0.0
2001-11-20 00:00:00+09:00,33.739532470703125,33.739532470703125,33.739532470703125,33.739532470703125,12000,0.0,0.0
2001-11-21 00:00:00+09:00,33.739532470703125,33.739532470703125,33.739532470703125,33.739532470703125,12000,0.0,0.0
2001-11-22 00:00:00+09:00,35.469773386451664,37.20000353005224,33.73953928266253,36.33488845825195,72000,0.0,0.0
2001-11-23 00:00:00+09:00,36.33488845825195,36.33488845825195,36.33488845825195,36.33488845825195,0,0.0,0.0
2001-11-26 00:00:00+09:00,36.33488845825195,36.33488845825195,36.33488845825195,36.33488845825195,0,0.0,0.0
2001-11-27 00:00:00+09:00,34.60464859008789,34.60464859008789,34.60464859008789,34.60464859008789,42000,0.0,0.0
2001-11-28 00:00:00+09:00,34.60464859008789,34.60464859008789,34.60464859008789,34.60464859008789,0,0.0,0.0
2001-11-29 00:00:00+09:00,34.60464859008789,34.60464859008789,34.60464859008789,34.60464859008789,0,0.0,0.0
2001-11-30 00:00:00+09:00,34.60464859008789,34.60464859008789,34.60464859008789,34.60464859008789,6000,0.0,0.0
2001-12-03 00:00:00+09:00,35.03720474243165,35.03720474243165,35.03720474243165,35.03720474243164,18000,0.0,0.0
2001-12-04 00:00:00+09:00,35.03720803402741,38.06511622122821,34.60464859008789,34.60464859008789,48000,0.0,0.0
2001-12-05 00:00:00+09:00,34.60464859008789,34.60464859008789,34.60464859008789,34.60464859008789,0,0.0,0.0
2001-12-06 00:00:00+09:00,33.739532470703125,33.739532470703125,33.739532470703125,33.739532470703125,6000,0.0,0.0
2001-12-07 00:00:00+09:00,36.76743791020303,36.76743791020303,31.144181582236687,32.00929641723633,96000,0.0,0.0
2001-12-10 00:00:00+09:00,32.0092998468266,34.60464859008789,32.0092998468266,34.60464859008789,132000,0.0,0.0
2001-12-11 00:00:00+09:00,33.739532470703125,33.739532470703125,33.739532470703125,33.739532470703125,30000,0.0,0.0
2001-12-12 00:00:00+09:00,33.739532470703125,33.739532470703125,33.739532470703125,33.739532470703125,0,0.0,0.0
2001-12-13 00:00:00+09:00,32.874412536621094,32.874412536621094,32.874412536621094,32.874412536621094,6000,0.0,0.0
2001-12-14 00:00:00+09:00,32.00929641723633,32.00929641723633,32.00929641723633,32.00929641723633,6000,0.0,0.0
2001-12-17 00:00:00+09:00,32.00929641723633,32.00929641723633,32.00929641723633,32.00929641723633,0,0.0,0.0
2001-12-18 00:00:00+09:00,35.037204280016276,35.037204280016276,32.00929641723633,32.00929641723633,30000,0.0,0.0
2001-12-19 00:00:00+09:00,31.576738357543945,31.576738357543945,31.576738357543945,31.576738357543945,12000,0.0,0.0
2001-12-20 00:00:00+09:00,29.84650429089864,31.14417839050293,29.84650429089864,31.14417839050293,18000,0.0,0.0
2001-12-21 00:00:00+09:00,31.14417839050293,31.14417839050293,31.14417839050293,31.14417839050293,0,0.0,0.0
2001-12-24 00:00:00+09:00,31.14417839050293,31.14417839050293,31.14417839050293,31.14417839050293,0,0.0,0.0
2001-12-25 00:00:00+09:00,33.73953192533149,33.73953192533149,32.70139248147514,33.30697250366211,96000,0.0,0.0
2001-12-26 00:00:00+09:00,33.30697250366211,33.30697250366211,33.30697250366211,33.30697250366211,0,0.0,0.0
2001-12-27 00:00:00+09:00,32.00929641723633,32.00929641723633,32.00929641723633,32.00929641723633,6000,0.0,0.0
2001-12-28 00:00:00+09:00,32.00929641723633,35.46976367760983,32.00929641723633,32.00929641723633,12000,0.0,0.0
2001-12-31 00:00:00+09:00,32.00929641723633,32.00929641723633,32.00929641723633,32.00929641723633,0,0.0,0.0
2002-01-01 00:00:00+09:00,32.00929641723633,32.00929641723633,32.00929641723633,32.00929641723633,0,0.0,0.0
2002-01-02 00:00:00+09:00,32.00929641723633,32.00929641723633,32.00929641723633,32.00929641723633,0,0.0,0.0
2002-01-03 00:00:00+09:00,32.00929641723633,32.00929641723633,32.00929641723633,32.00929641723633,0,0.0,0.0
2002-01-04 00:00:00+09:00,34.95069122314453,35.46976087517051,34.95069122314453,34.95069122314453,12000,0.0,0.0
2002-01-07 00:00:00+09:00,38.065113250161204,38.93022811032819,34.60464588911808,35.469764709472656,48000,0.0,0.0
2002-01-08 00:00:00+09:00,35.469764709472656,35.469764709472656,35.469764709472656,35.469764709472656,0,0.0,0.0
2002-01-09 00:00:00+09:00,35.469764709472656,35.469764709472656,35.469764709472656,35.469764709472656,0,0.0,0.0
2002-01-10 00:00:00+09:00,35.469764709472656,35.469764709472656,35.469764709472656,35.469764709472656,0,0.0,0.0
2002-01-11 00:00:00+09:00,35.469764709472656,35.469764709472656,35.469764709472656,35.469764709472656,0,0.0,0.0
2002-01-14 00:00:00+09:00,35.469764709472656,35.469764709472656,35.469764709472656,35.469764709472656,0,0.0,0.0
2002-01-15 00:00:00+09:00,35.469764709472656,35.469764709472656,35.469764709472656,35.469764709472656,0,0.0,0.0
2002-01-16 00:00:00+09:00,35.469764709472656,35.469764709472656,35.469764709472656,35.469764709472656,0,0.0,0.0
2002-01-17 00:00:00+09:00,35.469764709472656,35.469764709472656,35.469764709472656,35.469764709472656,0,0.0,0.0
2002-01-18 00:00:00+09:00,33.73952933340633,35.46976292697681,32.874412536621094,32.874412536621094,36000,0.0,0.0
2002-01-21 00:00:00+09:00,32.874412536621094,32.874412536621094,32.874412536621094,32.874412536621094,0,0.0,0.0
2002-01-22 00:00:00+09:00,32.874412536621094,32.874412536621094,32.874412536621094,32.874412536621094,0,0.0,0.0
2002-01-23 00:00:00+09:00,34.172091899364474,34.172091899364474,33.739532470703125,33.739532470703125,48000,0.0,0.0
2002-01-24 00:00:00+09:00,34.08558958965472,34.17210388183594,34.08558958965472,34.17210388183594,24000,0.0,0.0
2002-01-25 00:00:00+09:00,34.60464588911808,36.33487956963964,34.60464588911808,35.469764709472656,84000,0.0,0.0
2002-01-28 00:00:00+09:00,34.3451125026788,34.3451125026788,33.739532470703125,33.739532470703125,12000,0.0,0.0
2002-01-29 00:00:00+09:00,33.739532470703125,33.739532470703125,33.739532470703125,33.739532470703125,0,0.0,0.0
2002-01-30 00:00:00+09:00,33.739532470703125,33.739532470703125,33.739532470703125,33.739532470703125,0,0.0,0.0
2002-01-31 00:00:00+09:00,33.739532470703125,33.739532470703125,33.739532470703125,33.739532470703125,0,0.0,0.0
2002-02-01 00:00:00+09:00,33.739532470703125,33.739532470703125,33.739532470703125,33.739532470703125,0,0.0,0.0
2002-02-04 00:00:00+09:00,33.133949279785156,33.73953127030916,33.133949279785156,33.133949279785156,24000,0.0,0.0
2002-02-05 00:00:00+09:00,34.172091899364474,34.172091899364474,33.739532470703125,33.739532470703125,30000,0.0,0.0
2002-02-06 00:00:00+09:00,33.739532470703125,33.739532470703125,33.739532470703125,33.739532470703125,0,0.0,0.0
2002-02-07 00:00:00+09:00,33.739532470703125,33.739532470703125,33.739532470703125,33.739532470703125,0,0.0,0.0
2002-02-08 00:00:00+09:00,33.739532470703125,33.739532470703125,33.739532470703125,33.739532470703125,0,0.0,0.0
2002-02-11 00:00:00+09:00,33.739532470703125,33.739532470703125,33.739532470703125,33.739532470703125,0,0.0,0.0
2002-02-12 00:00:00+09:00,33.739532470703125,33.739532470703125,33.739532470703125,33.739532470703125,0,0.0,0.0
2002-02-13 00:00:00+09:00,33.739532470703125,33.739532470703125,33.739532470703125,33.739532470703125,0,0.0,0.0
2002-02-14 00:00:00+09:00,33.739532470703125,33.739532470703125,33.739532470703125,33.739532470703125,0,0.0,0.0
2002-02-15 00:00:00+09:00,32.874412536621094,32.874412536621094,32.874412536621094,32.874412536621094,6000,0.0,0.0
2002-02-18 00:00:00+09:00,32.874412536621094,32.874412536621094,32.874412536621094,32.874412536621094,0,0.0,0.0
2002-02-19 00:00:00+09:00,35.469764709472656,35.469764709472656,35.469764709472656,35.469764709472656,6000,0.0,0.0
2002-02-20 00:00:00+09:00,35.469764709472656,35.469764709472656,35.469764709472656,35.469764709472656,0,0.0,0.0
2002-02-21 00:00:00+09:00,35.469764709472656,35.469764709472656,35.469764709472656,35.469764709472656,0,0.0,0.0
2002-02-22 00:00:00+09:00,32.874415062086584,33.30697250366211,32.874415062086584,33.30697250366211,12000,0.0,0.0
2002-02-25 00:00:00+09:00,33.73953049271196,35.03720474243165,33.73953049271196,35.03720474243164,42000,0.0,0.0
2002-02-26 00:00:00+09:00,35.03720474243165,35.03720474243165,35.03720474243165,35.03720474243164,0,0.0,0.0
2002-02-27 00:00:00+09:00,35.03720474243165,35.03720474243165,35.03720474243165,35.03720474243164,0,0.0,0.0
2002-02-28 00:00:00+09:00,35.03720474243165,35.03720474243165,35.03720474243165,35.03720474243164,0,0.0,0.0
2002-03-01 00:00:00+09:00,35.03720474243165,35.03720474243165,35.03720474243165,35.03720474243164,0,0.0,0.0
2002-03-04 00:00:00+09:00,36.334875172582166,38.065108643719874,35.46976041710687,37.63254928588867,78000,0.0,0.0
2002-03-05 00:00:00+09:00,37.19999313354492,37.19999313354492,37.19999313354492,37.19999313354492,6000,0.0,0.0
2002-03-06 00:00:00+09:00,35.469773386451664,36.33488845825195,35.469773386451664,36.33488845825195,12000,0.0,0.0
2002-03-07 00:00:00+09:00,36.33488845825195,36.33488845825195,36.33488845825195,36.33488845825195,0,0.0,0.0
2002-03-08 00:00:00+09:00,36.33488845825195,36.33488845825195,36.33488845825195,36.33488845825195,0,0.0,0.0
2002-03-11 00:00:00+09:00,36.33488845825195,36.33488845825195,36.33488845825195,36.33488845825195,0,0.0,0.0
2002-03-12 00:00:00+09:00,36.33488845825195,36.33488845825195,36.33488845825195,36.33488845825195,0,0.0,0.0
2002-03-13 00:00:00+09:00,37.632554880777995,38.93022918701172,37.632554880777995,38.93022918701172,24000,0.0,0.0
2002-03-14 00:00:00+09:00,38.06510925292969,38.06510925292969,38.06510925292969,38.06510925292969,12000,0.0,0.0
2002-03-15 00:00:00+09:00,38.06510925292969,38.06510925292969,38.06510925292969,38.06510925292969,0,0.0,0.0
2002-03-18 00:00:00+09:00,34.17209310633628,36.33488240565805,34.17209310633628,34.60464859008789,30000,0.0,0.0
2002-03-19 00:00:00+09:00,37.632554880777995,38.93022918701172,37.632554880777995,38.93022918701172,72000,0.0,0.0
2002-03-20 00:00:00+09:00,38.93022918701172,38.93022918701172,38.93022918701172,38.93022918701172,0,0.0,0.0
2002-03-21 00:00:00+09:00,38.93022918701172,38.93022918701172,38.93022918701172,38.93022918701172,0,0.0,0.0
2002-03-22 00:00:00+09:00,38.065114302918474,38.93022918701172,38.065114302918474,38.93022918701172,36000,0.0,0.0
2002-03-25 00:00:00+09:00,39.79534407110497,39.79534407110497,38.065114302918474,38.93022918701172,60000,0.0,0.0
2002-03-26 00:00:00+09:00,38.93023235359828,38.93023235359828,37.160675048828125,37.160675048828125,18000,1.666667,0.0
2002-03-27 00:00:00+09:00,37.160675048828125,37.160675048828125,37.160675048828125,37.160675048828125,0,0.0,0.0
2002-03-28 00:00:00+09:00,36.27589797973633,36.27589797973633,36.27589797973633,36.27589797973633,6000,0.0,0.0
2002-03-29 00:00:00+09:00,36.27589797973633,36.27589797973633,36.27589797973633,36.27589797973633,0,0.0,0.0
2002-04-01 00:00:00+09:00,36.27589797973633,36.27589797973633,36.27589797973633,36.27589797973633,0,0.0,0.0
2002-04-02 00:00:00+09:00,37.160675048828125,37.160675048828125,37.160675048828125,37.160675048828125,18000,0.0,0.0
2002-04-03 00:00:00+09:00,37.160675048828125,37.160675048828125,37.160675048828125,37.160675048828125,0,0.0,0.0
2002-04-04 00:00:00+09:00,33.621559143066406,33.621559143066406,33.621559143066406,33.621559143066406,6000,0.0,0.0
2002-04-05 00:00:00+09:00,33.621559143066406,33.621559143066406,33.621559143066406,33.621559143066406,0,0.0,0.0
2002-04-08 00:00:00+09:00,33.621559143066406,33.621559143066406,33.621559143066406,33.621559143066406,0,0.0,0.0
2002-04-09 00:00:00+09:00,34.06394577026367,34.06394577026367,34.06394577026367,34.06394577026367,12000,0.0,0.0
2002-04-10 00:00:00+09:00,34.06394577026367,34.06394577026367,34.06394577026367,34.06394577026367,0,0.0,0.0
2002-04-11 00:00:00+09:00,34.06394577026367,34.06394577026367,34.06394577026367,34.06394577026367,0,0.0,0.0
2002-04-12 00:00:00+09:00,35.391117095947266,35.391117095947266,35.391117095947266,35.391117095947266,6000,0.0,0.0
2002-04-15 00:00:00+09:00,35.391117095947266,35.391117095947266,35.391117095947266,35.391117095947266,0,0.0,0.0
2002-04-16 00:00:00+09:00,35.391117095947266,35.391117095947266,35.391117095947266,35.391117095947266,0,0.0,0.0
2002-04-17 00:00:00+09:00,35.391117095947266,35.391117095947266,35.391117095947266,35.391117095947266,12000,0.0,0.0
2002-04-18 00:00:00+09:00,36.718278125468046,39.81500184093815,36.718278125468046,38.93022537231445,72000,0.0,0.0
2002-04-19 00:00:00+09:00,38.93022537231445,38.93022537231445,38.93022537231445,38.93022537231445,0,0.0,0.0
2002-04-22 00:00:00+09:00,38.48783493041992,38.48783493041992,38.48783493041992,38.48783493041992,12000,0.0,0.0
2002-04-23 00:00:00+09:00,37.160675048828125,37.160675048828125,36.71828471008755,37.160675048828125,12000,0.0,0.0
2002-04-24 00:00:00+09:00,37.160675048828125,37.160675048828125,37.160675048828125,37.160675048828125,0,0.0,0.0
2002-04-25 00:00:00+09:00,36.27589884279299,38.04545211791992,36.27589884279299,38.04545211791992,54000,0.0,0.0
2002-04-26 00:00:00+09:00,38.04545211791992,38.04545211791992,38.04545211791992,38.04545211791992,0,0.0,0.0
2002-04-29 00:00:00+09:00,38.04545211791992,38.04545211791992,38.04545211791992,38.04545211791992,0,0.0,0.0
2002-04-30 00:00:00+09:00,35.125680077314826,35.83350372314453,35.125680077314826,35.83350372314453,12000,0.0,0.0
2002-05-01 00:00:00+09:00,35.83350372314453,35.83350372314453,35.83350372314453,35.83350372314453,0,0.0,0.0
2002-05-02 00:00:00+09:00,37.16067459624967,37.16067459624967,36.27589797973633,36.27589797973633,24000,0.0,0.0
2002-05-03 00:00:00+09:00,36.27589797973633,36.27589797973633,36.27589797973633,36.27589797973633,0,0.0,0.0
2002-05-06 00:00:00+09:00,36.27589797973633,36.27589797973633,36.27589797973633,36.27589797973633,0,0.0,0.0
2002-05-07 00:00:00+09:00,36.27589797973633,36.27589797973633,36.27589797973633,36.27589797973633,0,0.0,0.0
2002-05-08 00:00:00+09:00,34.94873081550018,35.391117095947266,34.94873081550018,35.391117095947266,12000,0.0,0.0
2002-05-09 00:00:00+09:00,35.391117095947266,35.391117095947266,35.391117095947266,35.391117095947266,0,0.0,0.0
2002-05-10 00:00:00+09:00,35.391117095947266,35.391117095947266,35.391117095947266,35.391117095947266,0,0.0,0.0
2002-05-13 00:00:00+09:00,35.391117095947266,35.391117095947266,35.391117095947266,35.391117095947266,0,0.0,0.0
2002-05-14 00:00:00+09:00,35.391117095947266,35.391117095947266,35.391117095947266,35.391117095947266,0,0.0,0.0
2002-05-15 00:00:00+09:00,35.391117095947266,35.391117095947266,35.391117095947266,35.391117095947266,0,0.0,0.0
2002-05-16 00:00:00+09:00,35.391117095947266,35.391117095947266,35.391117095947266,35.391117095947266,0,0.0,0.0
2002-05-17 00:00:00+09:00,35.391117095947266,35.391117095947266,35.391117095947266,35.391117095947266,0,0.0,0.0
2002-05-20 00:00:00+09:00,38.04545211791992,38.04545211791992,38.04545211791992,38.04545211791992,12000,0.0,0.0
2002-05-21 00:00:00+09:00,37.160675048828125,37.160675048828125,37.160675048828125,37.160675048828125,6000,0.0,0.0
2002-05-22 00:00:00+09:00,37.160675048828125,37.160675048828125,37.160675048828125,37.160675048828125,0,0.0,0.0
2002-05-23 00:00:00+09:00,34.50634002685547,34.50634002685547,34.50634002685547,34.50634002685547,24000,0.0,0.0
2002-05-24 00:00:00+09:00,35.39111662619801,35.39111662619801,32.73678277797836,34.50634002685547,138000,0.0,0.0
2002-05-27 00:00:00+09:00,35.391117095947266,35.391117095947266,35.391117095947266,35.391117095947266,12000,0.0,0.0
2002-05-28 00:00:00+09:00,35.83350372314453,35.83350372314453,35.83350372314453,35.83350372314453,24000,0.0,0.0
2002-05-29 00:00:00+09:00,35.83350372314453,35.83350372314453,35.83350372314453,35.83350372314453,0,0.0,0.0
2002-05-30 00:00:00+09:00,35.83350372314453,35.83350372314453,35.83350372314453,35.83350372314453,0,0.0,0.0
2002-05-31 00:00:00+09:00,35.83350372314453,35.83350372314453,35.83350372314453,35.83350372314453,0,0.0,0.0
2002-06-03 00:00:00+09:00,35.83350372314453,35.83350372314453,35.83350372314453,35.83350372314453,0,0.0,0.0
2002-06-04 00:00:00+09:00,36.2758977572256,36.2758977572256,35.391117095947266,35.391117095947266,30000,0.0,0.0
2002-06-05 00:00:00+09:00,35.391117095947266,35.391117095947266,35.391117095947266,35.391117095947266,0,0.0,0.0
2002-06-06 00:00:00+09:00,34.948734283447266,34.948734283447266,34.948734283447266,34.948734283447266,6000,0.0,0.0
2002-06-07 00:00:00+09:00,34.948734283447266,34.948734283447266,34.948734283447266,34.948734283447266,0,0.0,0.0
2002-06-10 00:00:00+09:00,34.948734283447266,34.948734283447266,34.948734283447266,34.948734283447266,0,0.0,0.0
2002-06-11 00:00:00+09:00,34.948734283447266,34.948734283447266,34.948734283447266,34.948734283447266,0,0.0,0.0
2002-06-12 00:00:00+09:00,34.948734283447266,34.948734283447266,34.948734283447266,34.948734283447266,0,0.0,0.0
2002-06-13 00:00:00+09:00,34.948734283447266,34.948734283447266,34.948734283447266,34.948734283447266,0,0.0,0.0
2002-06-14 00:00:00+09:00,34.948734283447266,34.948734283447266,34.948734283447266,34.948734283447266,0,0.0,0.0
2002-06-17 00:00:00+09:00,34.948734283447266,34.948734283447266,34.948734283447266,34.948734283447266,12000,0.0,0.0
2002-06-18 00:00:00+09:00,37.16067805574912,37.16067805574912,34.5063439089099,34.948734283447266,24000,0.0,0.0
2002-06-19 00:00:00+09:00,34.948734283447266,34.948734283447266,34.948734283447266,34.948734283447266,0,0.0,0.0
2002-06-20 00:00:00+09:00,33.621559143066406,33.621559143066406,33.621559143066406,33.621559143066406,12000,0.0,0.0
2002-06-21 00:00:00+09:00,33.621559143066406,33.621559143066406,33.621559143066406,33.621559143066406,0,0.0,0.0
2002-06-24 00:00:00+09:00,33.621559143066406,33.621559143066406,33.621559143066406,33.621559143066406,0,0.0,0.0
2002-06-25 00:00:00+09:00,33.62156184867871,35.391117095947266,33.62156184867871,35.391117095947266,42000,0.0,0.0
2002-06-26 00:00:00+09:00,35.391117095947266,35.391117095947266,35.391117095947266,35.391117095947266,0,0.0,0.0
2002-06-27 00:00:00+09:00,35.391117095947266,35.391117095947266,35.391117095947266,35.391117095947266,0,0.0,0.0
2002-06-28 00:00:00+09:00,38.04545097939811,38.04545097939811,35.391117095947266,35.391117095947266,108000,0.0,0.0
2002-07-01 00:00:00+09:00,39.81500944323906,39.81500944323906,38.04545211791992,38.04545211791992,78000,0.0,0.0
2002-07-02 00:00:00+09:00,39.81500184093815,39.81500184093815,38.04544485349932,38.93022537231445,54000,0.0,0.0
2002-07-03 00:00:00+09:00,38.93022537231445,38.93022537231445,38.93022537231445,38.93022537231445,0,0.0,0.0
2002-07-04 00:00:00+09:00,37.16067459624967,37.16067459624967,36.27589797973633,36.27589797973633,12000,0.0,0.0
2002-07-05 00:00:00+09:00,36.27589797973633,36.27589797973633,36.27589797973633,36.27589797973633,48000,0.0,0.0
2002-07-08 00:00:00+09:00,39.37261909936122,39.37261909936122,37.072199031657775,38.04545211791992,132000,0.0,0.0
2002-07-09 00:00:00+09:00,37.160675048828125,37.160675048828125,37.160675048828125,37.160675048828125,24000,0.0,0.0
2002-07-10 00:00:00+09:00,37.160675048828125,37.160675048828125,37.160675048828125,37.160675048828125,0,0.0,0.0
2002-07-11 00:00:00+09:00,37.160675048828125,37.160675048828125,37.160675048828125,37.160675048828125,0,0.0,0.0
2002-07-12 00:00:00+09:00,37.16067459624967,37.16067459624967,36.27589797973633,36.27589797973633,42000,0.0,0.0
2002-07-15 00:00:00+09:00,36.27589797973633,36.27589797973633,36.27589797973633,36.27589797973633,0,0.0,0.0
2002-07-16 00:00:00+09:00,36.27589797973633,36.27589797973633,36.27589797973633,36.27589797973633,0,0.0,0.0
2002-07-17 00:00:00+09:00,36.27589797973633,36.27589797973633,36.27589797973633,36.27589797973633,0,0.0,0.0
2002-07-18 00:00:00+09:00,38.045451212763005,38.045451212763005,36.27589797973633,36.27589797973633,24000,0.0,0.0
2002-07-19 00:00:00+09:00,36.27589797973633,36.27589797973633,36.27589797973633,36.27589797973633,0,0.0,0.0
2002-07-22 00:00:00+09:00,36.27589797973633,36.27589797973633,36.27589797973633,36.27589797973633,0,0.0,0.0
2002-07-23 00:00:00+09:00,36.27589797973633,36.27589797973633,36.27589797973633,36.27589797973633,0,0.0,0.0
2002-07-24 00:00:00+09:00,35.391117095947266,35.391117095947266,35.391117095947266,35.391117095947266,6000,0.0,0.0
2002-07-25 00:00:00+09:00,36.71828355030784,36.71828355030784,34.50634002685547,34.50634002685547,78000,0.0,0.0
2002-07-26 00:00:00+09:00,34.50634002685547,34.50634002685547,34.50634002685547,34.50634002685547,24000,0.0,0.0
2002-07-29 00:00:00+09:00,34.50634002685547,34.50634002685547,34.50634002685547,34.50634002685547,0,0.0,0.0
2002-07-30 00:00:00+09:00,34.50634002685547,34.50634002685547,34.50634002685547,34.50634002685547,0,0.0,0.0
2002-07-31 00:00:00+09:00,34.50634002685547,34.50634002685547,34.50634002685547,34.50634002685547,0,0.0,0.0
2002-08-01 00:00:00+09:00,33.621561402416916,34.50634002685547,33.621561402416916,34.50634002685547,12000,0.0,0.0
2002-08-02 00:00:00+09:00,34.06394577026367,35.83350281488999,34.06394577026367,34.06394577026367,30000,0.0,0.0
2002-08-05 00:00:00+09:00,34.06394577026367,34.06394577026367,34.06394577026367,34.06394577026367,0,0.0,0.0
2002-08-06 00:00:00+09:00,33.62156853883504,33.62156853883504,33.17918014526367,33.17918014526367,36000,0.0,0.0
2002-08-07 00:00:00+09:00,34.50634002685547,34.50634002685547,34.50634002685547,34.50634002685547,6000,0.0,0.0
2002-08-08 00:00:00+09:00,34.50634002685547,34.50634002685547,34.50634002685547,34.50634002685547,0,0.0,0.0
2002-08-09 00:00:00+09:00,34.50634002685547,34.50634002685547,34.50634002685547,34.50634002685547,0,0.0,0.0
2002-08-12 00:00:00+09:00,34.50634002685547,34.50634002685547,34.50634002685547,34.50634002685547,0,0.0,0.0
2002-08-13 00:00:00+09:00,34.50634002685547,34.50634002685547,34.50634002685547,34.50634002685547,0,0.0,0.0
2002-08-14 00:00:00+09:00,34.50634002685547,34.50634002685547,34.50634002685547,34.50634002685547,0,0.0,0.0
2002-08-15 00:00:00+09:00,34.50634002685547,34.50634002685547,34.50634002685547,34.50634002685547,0,0.0,0.0
2002-08-16 00:00:00+09:00,34.50634002685547,34.50634002685547,34.50634002685547,34.50634002685547,0,0.0,0.0
2002-08-19 00:00:00+09:00,34.50634002685547,34.50634002685547,34.50634002685547,34.50634002685547,0,0.0,0.0
2002-08-20 00:00:00+09:00,34.06394577026367,34.06394577026367,34.06394577026367,34.06394577026367,6000,0.0,0.0
2002-08-21 00:00:00+09:00,34.06394577026367,34.06394577026367,34.06394577026367,34.06394577026367,0,0.0,0.0
2002-08-22 00:00:00+09:00,33.62156853883504,33.62156853883504,33.17918014526367,33.17918014526367,12000,0.0,0.0
2002-08-23 00:00:00+09:00,33.17918014526367,33.17918014526367,33.17918014526367,33.17918014526367,0,0.0,0.0
2002-08-26 00:00:00+09:00,35.391117095947266,35.391117095947266,35.391117095947266,35.391117095947266,6000,0.0,0.0
2002-08-27 00:00:00+09:00,35.391117095947266,35.391117095947266,35.391117095947266,35.391117095947266,12000,0.0,0.0
2002-08-28 00:00:00+09:00,35.391117095947266,35.391117095947266,35.391117095947266,35.391117095947266,6000,0.0,0.0
2002-08-29 00:00:00+09:00,35.391117095947266,35.391117095947266,35.391117095947266,35.391117095947266,0,0.0,0.0
2002-08-30 00:00:00+09:00,35.391117095947266,35.391117095947266,35.391117095947266,35.391117095947266,6000,0.0,0.0
2002-09-02 00:00:00+09:00,35.391117095947266,35.391117095947266,35.391117095947266,35.391117095947266,0,0.0,0.0
2002-09-03 00:00:00+09:00,38.04545097939811,38.04545097939811,35.391117095947266,35.391117095947266,42000,0.0,0.0
2002-09-04 00:00:00+09:00,34.50634002685547,34.50634002685547,34.50634002685547,34.50634002685547,6000,0.0,0.0
2002-09-05 00:00:00+09:00,34.50634002685547,34.50634002685547,34.50634002685547,34.50634002685547,0,0.0,0.0
2002-09-06 00:00:00+09:00,33.17918014526367,33.17918014526367,33.17918014526367,33.17918014526367,12000,0.0,0.0
2002-09-09 00:00:00+09:00,33.179164656733526,33.179164656733526,32.73677444458008,32.73677444458008,12000,0.0,0.0
2002-09-10 00:00:00+09:00,32.73677444458008,32.73677444458008,32.73677444458008,32.73677444458008,0,0.0,0.0
2002-09-11 00:00:00+09:00,32.73677444458008,32.73677444458008,32.73677444458008,32.73677444458008,0,0.0,0.0
2002-09-12 00:00:00+09:00,31.852001190185547,31.852001190185547,31.852001190185547,31.852001190185547,18000,0.0,0.0
2002-09-13 00:00:00+09:00,31.852001190185547,31.852001190185547,31.852001190185547,31.852001190185547,0,0.0,0.0
2002-09-16 00:00:00+09:00,31.852001190185547,31.852001190185547,31.852001190185547,31.852001190185547,0,0.0,0.0
2002-09-17 00:00:00+09:00,31.852001190185547,31.852001190185547,31.852001190185547,31.852001190185547,0,0.0,0.0
2002-09-18 00:00:00+09:00,34.94873081550018,36.2758977572256,34.94873081550018,35.391117095947266,24000,0.0,0.0
2002-09-19 00:00:00+09:00,35.391117095947266,35.391117095947266,35.391117095947266,35.391117095947266,0,0.0,0.0
2002-09-20 00:00:00+09:00,35.391117095947266,35.391117095947266,35.391117095947266,35.391117095947266,0,0.0,0.0
2002-09-23 00:00:00+09:00,35.391117095947266,35.391117095947266,35.391117095947266,35.391117095947266,0,0.0,0.0
2002-09-24 00:00:00+09:00,35.391117095947266,35.391117095947266,35.391117095947266,35.391117095947266,0,0.0,0.0
2002-09-25 00:00:00+09:00,37.16067052770544,37.16067052770544,35.83350372314453,35.83350372314453,54000,0.0,0.0
2002-09-26 00:00:00+09:00,35.391117095947266,35.391117095947266,35.391117095947266,35.391117095947266,12000,0.0,0.0
2002-09-27 00:00:00+09:00,34.06394577026367,34.06394577026367,34.06394577026367,34.06394577026367,6000,0.0,0.0
2002-09-30 00:00:00+09:00,34.06394577026367,34.06394577026367,34.06394577026367,34.06394577026367,0,0.0,0.0
2002-10-01 00:00:00+09:00,34.06394577026367,34.06394577026367,34.06394577026367,34.06394577026367,0,0.0,0.0
2002-10-02 00:00:00+09:00,35.391117095947266,35.391117095947266,35.391117095947266,35.391117095947266,18000,0.0,0.0
2002-10-03 00:00:00+09:00,35.391117095947266,35.391117095947266,35.391117095947266,35.391117095947266,0,0.0,0.0
2002-10-04 00:00:00+09:00,34.06394577026367,34.06394577026367,34.06394577026367,34.06394577026367,6000,0.0,0.0
2002-10-07 00:00:00+09:00,34.06394577026367,34.06394577026367,34.06394577026367,34.06394577026367,0,0.0,0.0
2002-10-08 00:00:00+09:00,34.06394577026367,34.06394577026367,34.06394577026367,34.06394577026367,0,0.0,0.0
2002-10-09 00:00:00+09:00,34.06394577026367,34.06394577026367,34.06394577026367,34.06394577026367,0,0.0,0.0
2002-10-10 00:00:00+09:00,30.96722984313965,30.96722984313965,30.96722984313965,30.96722984313965,12000,0.0,0.0
2002-10-11 00:00:00+09:00,30.96722984313965,30.96722984313965,30.96722984313965,30.96722984313965,0,0.0,0.0
2002-10-14 00:00:00+09:00,30.96722984313965,30.96722984313965,30.96722984313965,30.96722984313965,0,0.0,0.0
2002-10-15 00:00:00+09:00,30.96722984313965,30.96722984313965,30.96722984313965,30.96722984313965,0,0.0,0.0
2002-10-16 00:00:00+09:00,30.96722984313965,30.96722984313965,30.96722984313965,30.96722984313965,0,0.0,0.0
2002-10-17 00:00:00+09:00,30.96722984313965,30.96722984313965,30.96722984313965,30.96722984313965,0,0.0,0.0
2002-10-18 00:00:00+09:00,32.73677444458008,32.73677444458008,32.73677444458008,32.73677444458008,12000,0.0,0.0
2002-10-21 00:00:00+09:00,31.852001190185547,31.852001190185547,31.852001190185547,31.852001190185547,12000,0.0,0.0
2002-10-22 00:00:00+09:00,29.64006282093229,30.96722984313965,29.64006282093229,30.96722984313965,12000,0.0,0.0
2002-10-23 00:00:00+09:00,30.96722984313965,30.96722984313965,30.96722984313965,30.96722984313965,0,0.0,0.0
2002-10-24 00:00:00+09:00,30.96722984313965,30.96722984313965,30.96722984313965,30.96722984313965,0,0.0,0.0
2002-10-25 00:00:00+09:00,30.96722984313965,32.7367851977174,30.96722984313965,30.96722984313965,48000,0.0,0.0
2002-10-28 00:00:00+09:00,30.96722984313965,30.96722984313965,30.96722984313965,30.96722984313965,0,0.0,0.0
2002-10-29 00:00:00+09:00,31.852001190185547,31.852001190185547,31.852001190185547,31.852001190185547,18000,0.0,0.0
2002-10-30 00:00:00+09:00,31.852001190185547,31.852001190185547,31.852001190185547,31.852001190185547,0,0.0,0.0
2002-10-31 00:00:00+09:00,31.852001190185547,31.852001190185547,31.852001190185547,31.852001190185547,0,0.0,0.0
2002-11-01 00:00:00+09:00,31.852002935361316,31.852002935361316,31.40961265563965,31.40961265563965,18000,0.0,0.0
2002-11-04 00:00:00+09:00,31.40961265563965,31.40961265563965,31.40961265563965,31.40961265563965,0,0.0,0.0
2002-11-05 00:00:00+09:00,32.736777650960235,32.736777650960235,31.852001190185547,31.852001190185547,24000,0.0,0.0
2002-11-06 00:00:00+09:00,31.852001190185547,31.852001190185547,31.852001190185547,31.852001190185547,0,0.0,0.0
2002-11-07 00:00:00+09:00,31.852001190185547,31.852001190185547,31.852001190185547,31.852001190185547,0,0.0,0.0
2002-11-08 00:00:00+09:00,31.852001190185547,31.852001190185547,31.852001190185547,31.852001190185547,0,0.0,0.0
2002-11-11 00:00:00+09:00,31.852001190185547,31.852001190185547,31.852001190185547,31.852001190185547,0,0.0,0.0
2002-11-12 00:00:00+09:00,31.852001190185547,31.852001190185547,31.852001190185547,31.852001190185547,0,0.0,0.0
2002-11-13 00:00:00+09:00,31.852001190185547,31.852001190185547,31.852001190185547,31.852001190185547,0,0.0,0.0
2002-11-14 00:00:00+09:00,31.852001190185547,31.852001190185547,31.852001190185547,31.852001190185547,0,0.0,0.0
2002-11-15 00:00:00+09:00,31.852001190185547,31.852001190185547,31.852001190185547,31.852001190185547,12000,0.0,0.0
2002-11-18 00:00:00+09:00,31.852001190185547,31.852001190185547,31.852001190185547,31.852001190185547,0,0.0,0.0
2002-11-19 00:00:00+09:00,32.73677444458008,32.73677444458008,32.73677444458008,32.73677444458008,12000,0.0,0.0
2002-11-20 00:00:00+09:00,32.73677444458008,32.73677444458008,32.73677444458008,32.73677444458008,0,0.0,0.0
2002-11-21 00:00:00+09:00,31.852001190185547,31.852001190185547,31.852001190185547,31.852001190185547,6000,0.0,0.0
2002-11-22 00:00:00+09:00,32.29439163208008,32.29439163208008,32.29439163208008,32.29439163208008,6000,0.0,0.0
2002-11-25 00:00:00+09:00,32.29439163208008,34.506336985681344,32.29439163208008,32.29439163208008,102000,0.0,0.0
2002-11-26 00:00:00+09:00,31.40961265563965,31.40961265563965,31.40961265563965,31.40961265563965,6000,0.0,0.0
2002-11-27 00:00:00+09:00,31.40961265563965,31.40961265563965,31.40961265563965,31.40961265563965,0,0.0,0.0
2002-11-28 00:00:00+09:00,32.29439163208008,32.29439163208008,32.29439163208008,32.29439163208008,18000,0.0,0.0
2002-11-29 00:00:00+09:00,32.29439163208008,32.29439163208008,32.29439163208008,32.29439163208008,0,0.0,0.0
2002-12-02 00:00:00+09:00,32.29439163208008,32.29439163208008,32.29439163208008,32.29439163208008,0,0.0,0.0
2002-12-03 00:00:00+09:00,33.17918014526367,33.17918014526367,33.17918014526367,33.17918014526367,24000,0.0,0.0
2002-12-04 00:00:00+09:00,33.17918014526367,33.17918014526367,33.17918014526367,33.17918014526367,0,0.0,0.0
2002-12-05 00:00:00+09:00,33.17918014526367,33.17918014526367,33.17918014526367,33.17918014526367,0,0.0,0.0
2002-12-06 00:00:00+09:00,35.39111662619801,36.27589727573258,33.621561402416916,34.50634002685547,162000,0.0,0.0
2002-12-09 00:00:00+09:00,37.16067052770544,37.16067052770544,34.41786048167678,35.83350372314453,90000,0.0,0.0
2002-12-10 00:00:00+09:00,35.83351098232951,35.83351098232951,34.948734283447266,34.948734283447266,12000,0.0,0.0
2002-12-11 00:00:00+09:00,33.621559143066406,33.621559143066406,33.621559143066406,33.621559143066406,12000,0.0,0.0
2002-12-12 00:00:00+09:00,33.621559143066406,33.621559143066406,33.621559143066406,33.621559143066406,0,0.0,0.0
2002-12-13 00:00:00+09:00,33.621559143066406,33.621559143066406,33.621559143066406,33.621559143066406,0,0.0,0.0
2002-12-16 00:00:00+09:00,33.621559143066406,33.621559143066406,33.621559143066406,33.621559143066406,0,0.0,0.0
2002-12-17 00:00:00+09:00,33.621559143066406,33.621559143066406,33.621559143066406,33.621559143066406,0,0.0,0.0
2002-12-18 00:00:00+09:00,33.179164656733526,33.179164656733526,32.73677444458008,32.73677444458008,12000,0.0,0.0
2002-12-19 00:00:00+09:00,32.73677444458008,32.73677444458008,32.73677444458008,32.73677444458008,0,0.0,0.0
2002-12-20 00:00:00+09:00,32.73677444458008,32.73677444458008,32.73677444458008,32.73677444458008,0,0.0,0.0
2002-12-23 00:00:00+09:00,32.73677444458008,32.73677444458008,32.73677444458008,32.73677444458008,0,0.0,0.0
2002-12-24 00:00:00+09:00,31.852001190185547,31.852001190185547,31.852001190185547,31.852001190185547,6000,0.0,0.0
2002-12-25 00:00:00+09:00,32.29439447830709,34.50634002685547,31.409615853868534,34.50634002685547,42000,0.0,0.0
2002-12-26 00:00:00+09:00,34.50634002685547,34.50634002685547,34.50634002685547,34.50634002685547,0,0.0,0.0
2002-12-27 00:00:00+09:00,33.621559143066406,33.621559143066406,33.621559143066406,33.621559143066406,6000,0.0,0.0
2002-12-30 00:00:00+09:00,33.621559143066406,33.621559143066406,33.621559143066406,33.621559143066406,24000,0.0,0.0
2002-12-31 00:00:00+09:00,33.621559143066406,33.621559143066406,33.621559143066406,33.621559143066406,0,0.0,0.0
2003-01-01 00:00:00+09:00,33.621559143066406,33.621559143066406,33.621559143066406,33.621559143066406,0,0.0,0.0
2003-01-02 00:00:00+09:00,33.621559143066406,33.621559143066406,33.621559143066406,33.621559143066406,0,0.0,0.0
2003-01-03 00:00:00+09:00,33.621559143066406,33.621559143066406,33.621559143066406,33.621559143066406,0,0.0,0.0
2003-01-06 00:00:00+09:00,33.621559143066406,33.621559143066406,33.621559143066406,33.621559143066406,0,0.0,0.0
2003-01-07 00:00:00+09:00,33.621559143066406,33.621559143066406,33.621559143066406,33.621559143066406,54000,0.0,0.0
2003-01-08 00:00:00+09:00,33.621559143066406,33.621559143066406,33.621559143066406,33.621559143066406,0,0.0,0.0
2003-01-09 00:00:00+09:00,33.621559143066406,33.621559143066406,33.621559143066406,33.621559143066406,0,0.0,0.0
2003-01-10 00:00:00+09:00,33.621559143066406,33.621559143066406,33.621559143066406,33.621559143066406,0,0.0,0.0
2003-01-13 00:00:00+09:00,33.621559143066406,33.621559143066406,33.621559143066406,33.621559143066406,0,0.0,0.0
2003-01-14 00:00:00+09:00,33.621559143066406,33.621559143066406,33.621559143066406,33.621559143066406,0,0.0,0.0
2003-01-15 00:00:00+09:00,33.621559143066406,33.621559143066406,33.621559143066406,33.621559143066406,0,0.0,0.0
2003-01-16 00:00:00+09:00,33.621559143066406,33.621559143066406,33.621559143066406,33.621559143066406,0,0.0,0.0
2003-01-17 00:00:00+09:00,33.621559143066406,33.621559143066406,33.621559143066406,33.621559143066406,6000,0.0,0.0
2003-01-20 00:00:00+09:00,35.39111424793436,35.39111424793436,33.621559143066406,33.621559143066406,12000,0.0,0.0
2003-01-21 00:00:00+09:00,33.621559143066406,33.621559143066406,33.621559143066406,33.621559143066406,0,0.0,0.0
2003-01-22 00:00:00+09:00,33.621559143066406,33.621559143066406,33.621559143066406,33.621559143066406,0,0.0,0.0
2003-01-23 00:00:00+09:00,33.621559143066406,33.621559143066406,33.621559143066406,33.621559143066406,0,0.0,0.0
2003-01-24 00:00:00+09:00,35.39111424793436,35.39111424793436,33.621559143066406,33.621559143066406,48000,0.0,0.0
2003-01-27 00:00:00+09:00,33.621559143066406,33.621559143066406,33.621559143066406,33.621559143066406,0,0.0,0.0
2003-01-28 00:00:00+09:00,33.621559143066406,33.621559143066406,33.621559143066406,33.621559143066406,0,0.0,0.0
2003-01-29 00:00:00+09:00,33.621559143066406,33.621559143066406,33.621559143066406,33.621559143066406,0,0.0,0.0
2003-01-30 00:00:00+09:00,33.621559143066406,33.621559143066406,33.621559143066406,33.621559143066406,0,0.0,0.0
2003-01-31 00:00:00+09:00,34.94872145515631,34.94872145515631,32.73677444458008,32.73677444458008,12000,0.0,0.0
2003-02-03 00:00:00+09:00,32.73677444458008,32.73677444458008,32.73677444458008,32.73677444458008,0,0.0,0.0
2003-02-04 00:00:00+09:00,36.27589727573258,36.27589727573258,34.50634002685547,34.50634002685547,30000,0.0,0.0
2003-02-05 00:00:00+09:00,34.50634002685547,34.50634002685547,34.50634002685547,34.50634002685547,0,0.0,0.0
2003-02-06 00:00:00+09:00,34.50634002685547,34.50634002685547,34.50634002685547,34.50634002685547,0,0.0,0.0
2003-02-07 00:00:00+09:00,34.50634002685547,34.50634002685547,34.50634002685547,34.50634002685547,0,0.0,0.0
2003-02-10 00:00:00+09:00,34.50634002685547,34.50634002685547,34.50634002685547,34.50634002685547,0,0.0,0.0
2003-02-11 00:00:00+09:00,34.50634002685547,34.50634002685547,34.50634002685547,34.50634002685547,0,0.0,0.0
2003-02-12 00:00:00+09:00,34.50634002685547,34.50634002685547,34.50634002685547,34.50634002685547,0,0.0,0.0
2003-02-13 00:00:00+09:00,34.50634002685547,34.50634002685547,34.50634002685547,34.50634002685547,0,0.0,0.0
2003-02-14 00:00:00+09:00,34.50634002685547,34.50634002685547,34.50634002685547,34.50634002685547,0,0.0,0.0
2003-02-17 00:00:00+09:00,34.50634002685547,34.50634002685547,34.50634002685547,34.50634002685547,0,0.0,0.0
2003-02-18 00:00:00+09:00,36.27589727573258,36.27589727573258,34.50634002685547,34.50634002685547,18000,0.0,0.0
2003-02-19 00:00:00+09:00,32.73677444458008,32.73677444458008,32.73677444458008,32.73677444458008,6000,0.0,0.0
2003-02-20 00:00:00+09:00,33.17918014526367,33.17918014526367,33.17918014526367,33.17918014526367,6000,0.0,0.0
2003-02-21 00:00:00+09:00,33.17918014526367,33.17918014526367,33.17918014526367,33.17918014526367,0,0.0,0.0
2003-02-24 00:00:00+09:00,32.736777650960235,32.736777650960235,31.852001190185547,31.852001190185547,36000,0.0,0.0
2003-02-25 00:00:00+09:00,32.736779892762,33.62155843922167,32.29439163208008,32.29439163208008,78000,0.0,0.0
2003-02-26 00:00:00+09:00,32.29439163208008,32.29439163208008,32.29439163208008,32.29439163208008,0,0.0,0.0
2003-02-27 00:00:00+09:00,33.17918014526367,33.17918014526367,33.17918014526367,33.17918014526367,6000,0.0,0.0
2003-02-28 00:00:00+09:00,33.621559143066406,33.621559143066406,33.621559143066406,33.621559143066406,12000,0.0,0.0
2003-03-03 00:00:00+09:00,33.621559143066406,33.621559143066406,33.621559143066406,33.621559143066406,0,0.0,0.0
2003-03-04 00:00:00+09:00,35.39111662619801,35.39111662619801,34.50634002685547,34.50634002685547,36000,0.0,0.0
2003-03-05 00:00:00+09:00,34.50634002685547,34.50634002685547,34.50634002685547,34.50634002685547,0,0.0,0.0
2003-03-06 00:00:00+09:00,34.50634002685547,34.50634002685547,34.50634002685547,34.50634002685547,0,0.0,0.0
2003-03-07 00:00:00+09:00,34.50634002685547,34.50634002685547,34.50634002685547,34.50634002685547,0,0.0,0.0
2003-03-10 00:00:00+09:00,32.73677444458008,32.73677444458008,32.73677444458008,32.73677444458008,12000,0.0,0.0
2003-03-11 00:00:00+09:00,32.73677444458008,32.73677444458008,32.73677444458008,32.73677444458008,0,0.0,0.0
2003-03-12 00:00:00+09:00,32.73677444458008,32.73677444458008,32.73677444458008,32.73677444458008,0,0.0,0.0
2003-03-13 00:00:00+09:00,30.96722984313965,30.96722984313965,30.96722984313965,30.96722984313965,6000,0.0,0.0
2003-03-14 00:00:00+09:00,30.96722984313965,30.96722984313965,30.96722984313965,30.96722984313965,0,0.0,0.0
2003-03-17 00:00:00+09:00,30.96722984313965,30.96722984313965,30.96722984313965,30.96722984313965,0,0.0,0.0
2003-03-18 00:00:00+09:00,34.06394741300942,34.06394741300942,32.73678057808449,33.621559143066406,30000,0.0,0.0
2003-03-19 00:00:00+09:00,31.852001190185547,31.852001190185547,31.852001190185547,31.852001190185547,12000,0.0,0.0
2003-03-20 00:00:00+09:00,31.852001190185547,31.852001190185547,31.852001190185547,31.852001190185547,0,0.0,0.0
2003-03-21 00:00:00+09:00,31.852001190185547,31.852001190185547,31.852001190185547,31.852001190185547,0,0.0,0.0
2003-03-24 00:00:00+09:00,31.852001190185547,31.852001190185547,31.852001190185547,31.852001190185547,0,0.0,0.0
2003-03-25 00:00:00+09:00,35.39111662619801,35.39111662619801,33.179173102745644,34.50634002685547,54000,0.0,0.0
2003-03-26 00:00:00+09:00,35.41440200805664,35.41440200805664,35.41440200805664,35.41440200805664,0,1.666667,0.0
2003-03-27 00:00:00+09:00,35.41440200805664,35.41440200805664,35.41440200805664,35.41440200805664,0,0.0,0.0
2003-03-28 00:00:00+09:00,35.41440200805664,35.41440200805664,35.41440200805664,35.41440200805664,0,0.0,0.0
2003-03-31 00:00:00+09:00,32.69021224975586,32.69021224975586,32.69021224975586,32.69021224975586,12000,0.0,0.0
2003-04-01 00:00:00+09:00,32.69021224975586,32.69021224975586,32.69021224975586,32.69021224975586,0,0.0,0.0
2003-04-02 00:00:00+09:00,33.598270416259766,33.598270416259766,33.598270416259766,33.598270416259766,30000,0.0,0.0
2003-04-03 00:00:00+09:00,32.69021224975586,32.69021224975586,32.69021224975586,32.69021224975586,12000,0.0,0.0
2003-04-04 00:00:00+09:00,31.782155990600582,31.782155990600582,31.782155990600582,31.782155990600586,6000,0.0,0.0
2003-04-07 00:00:00+09:00,31.782155990600582,31.782155990600582,31.782155990600582,31.782155990600586,0,0.0,0.0
2003-04-08 00:00:00+09:00,31.782155990600582,31.782155990600582,31.782155990600582,31.782155990600586,0,0.0,0.0
2003-04-09 00:00:00+09:00,31.782155990600582,31.782155990600582,31.782155990600582,31.782155990600586,0,0.0,0.0
2003-04-10 00:00:00+09:00,31.782155990600582,31.782155990600582,31.782155990600582,31.782155990600586,0,0.0,0.0
2003-04-11 00:00:00+09:00,31.782155990600582,31.782155990600582,31.782155990600582,31.782155990600586,0,0.0,0.0
2003-04-14 00:00:00+09:00,31.32812587363381,31.782155990600582,31.32812587363381,31.782155990600586,30000,0.0,0.0
2003-04-15 00:00:00+09:00,31.782155990600582,31.782155990600582,31.782155990600582,31.782155990600586,0,0.0,0.0
2003-04-16 00:00:00+09:00,31.782155990600582,31.782155990600582,31.782155990600582,31.782155990600586,0,0.0,0.0
2003-04-17 00:00:00+09:00,31.782155990600582,31.782155990600582,31.782155990600582,31.782155990600586,0,0.0,0.0
2003-04-18 00:00:00+09:00,34.960365295410156,34.960365295410156,34.960365295410156,34.960365295410156,6000,0.0,0.0
2003-04-21 00:00:00+09:00,34.960365295410156,34.960365295410156,34.960365295410156,34.960365295410156,0,0.0,0.0
2003-04-22 00:00:00+09:00,34.960365295410156,34.960365295410156,34.960365295410156,34.960365295410156,0,0.0,0.0
2003-04-23 00:00:00+09:00,33.598270416259766,33.598270416259766,33.598270416259766,33.598270416259766,12000,0.0,0.0
2003-04-24 00:00:00+09:00,33.598270416259766,33.598270416259766,33.598270416259766,33.598270416259766,12000,0.0,0.0
2003-04-25 00:00:00+09:00,32.69021830292223,33.14424841988901,30.87409367827893,31.782155990600586,132000,0.0,0.0
2003-04-28 00:00:00+09:00,31.782155990600582,31.782155990600582,31.782155990600582,31.782155990600586,6000,0.0,0.0
2003-04-29 00:00:00+09:00,31.782155990600582,31.782155990600582,31.782155990600582,31.782155990600586,0,0.0,0.0
2003-04-30 00:00:00+09:00,29.05796813964844,29.05796813964844,29.05796813964844,29.057968139648438,6000,0.0,0.0
2003-05-01 00:00:00+09:00,29.96603012084961,29.96603012084961,29.96603012084961,29.96603012084961,6000,0.0,0.0
2003-05-02 00:00:00+09:00,32.69021224975586,32.69021224975586,32.69021224975586,32.69021224975586,18000,0.0,0.0
2003-05-05 00:00:00+09:00,32.69021224975586,32.69021224975586,32.69021224975586,32.69021224975586,0,0.0,0.0
2003-05-06 00:00:00+09:00,32.69021224975586,32.69021224975586,32.69021224975586,32.69021224975586,0,0.0,0.0
2003-05-07 00:00:00+09:00,32.69021224975586,32.69021224975586,32.69021224975586,32.69021224975586,0,0.0,0.0
2003-05-08 00:00:00+09:00,32.69021224975586,32.69021224975586,32.69021224975586,32.69021224975586,0,0.0,0.0
2003-05-09 00:00:00+09:00,32.69021224975586,32.69021224975586,32.69021224975586,32.69021224975586,0,0.0,0.0
2003-05-12 00:00:00+09:00,32.69021224975586,32.69021224975586,32.69021224975586,32.69021224975586,0,0.0,0.0
2003-05-13 00:00:00+09:00,32.69021224975586,32.69021224975586,32.69021224975586,32.69021224975586,0,0.0,0.0
2003-05-14 00:00:00+09:00,32.69021224975586,32.69021224975586,32.69021224975586,32.69021224975586,0,0.0,0.0
2003-05-15 00:00:00+09:00,32.69021224975586,32.69021224975586,32.69021224975586,32.69021224975586,0,0.0,0.0
2003-05-16 00:00:00+09:00,32.69021224975586,32.69021224975586,32.69021224975586,32.69021224975586,0,0.0,0.0
2003-05-19 00:00:00+09:00,29.96603012084961,29.96603012084961,29.96603012084961,29.96603012084961,24000,0.0,0.0
2003-05-20 00:00:00+09:00,31.782155990600582,31.782155990600582,31.782155990600582,31.782155990600586,12000,0.0,0.0
2003-05-21 00:00:00+09:00,30.42006388756323,30.874094009399414,30.42006388756323,30.874094009399414,12000,0.0,0.0
2003-05-22 00:00:00+09:00,30.874094009399414,30.874094009399414,30.874094009399414,30.874094009399414,0,0.0,0.0
2003-05-23 00:00:00+09:00,31.782155104305435,31.87296195652174,31.328125,31.328125,84000,0.0,0.0
2003-05-26 00:00:00+09:00,31.32812587363381,31.782155990600582,31.32812587363381,31.782155990600586,24000,0.0,0.0
2003-05-27 00:00:00+09:00,31.782155990600582,31.782155990600582,31.782155990600582,31.782155990600586,0,0.0,0.0
2003-05-28 00:00:00+09:00,31.782155990600582,31.782155990600582,31.782155990600582,31.782155990600586,0,0.0,0.0
2003-05-29 00:00:00+09:00,31.782155990600582,31.782155990600582,31.782155990600582,31.782155990600586,0,0.0,0.0
2003-05-30 00:00:00+09:00,31.782155990600582,31.782155990600582,31.782155990600582,31.782155990600586,0,0.0,0.0
2003-06-02 00:00:00+09:00,31.782155990600582,31.782155990600582,31.782155990600582,31.782155990600586,0,0.0,0.0
2003-06-03 00:00:00+09:00,33.598268641965255,33.6890754699707,33.598268641965255,33.6890754699707,36000,0.0,0.0
2003-06-04 00:00:00+09:00,32.41779327392578,32.41779327392578,32.41779327392578,32.41779327392578,12000,0.0,0.0
2003-06-05 00:00:00+09:00,32.23618698120117,32.23618698120117,32.23618698120117,32.23618698120117,6000,0.0,0.0
2003-06-06 00:00:00+09:00,32.41779506164283,32.41779506164283,31.782151328422525,32.326988220214844,54000,0.0,0.0
2003-06-09 00:00:00+09:00,32.326988220214844,32.326988220214844,32.326988220214844,32.326988220214844,0,0.0,0.0
2003-06-10 00:00:00+09:00,32.326988220214844,32.326988220214844,32.326988220214844,32.326988220214844,0,0.0,0.0
2003-06-11 00:00:00+09:00,32.326988220214844,32.326988220214844,32.326988220214844,32.326988220214844,0,0.0,0.0
2003-06-12 00:00:00+09:00,32.326988220214844,32.326988220214844,32.326988220214844,32.326988220214844,0,0.0,0.0
2003-06-13 00:00:00+09:00,32.326988220214844,32.326988220214844,32.326988220214844,32.326988220214844,0,0.0,0.0
2003-06-16 00:00:00+09:00,31.782155990600582,31.782155990600582,31.782155990600582,31.782155990600586,6000,0.0,0.0
2003-06-17 00:00:00+09:00,32.236180138472996,32.69021224975586,32.236180138472996,32.69021224975586,12000,0.0,0.0
2003-06-18 00:00:00+09:00,33.5982790868008,33.68908594303574,33.144248962402344,33.144248962402344,48000,0.0,0.0
2003-06-19 00:00:00+09:00,31.963768487960667,32.23618698120117,31.963768487960667,32.23618698120117,54000,0.0,0.0
2003-06-20 00:00:00+09:00,32.69021224975586,32.69021224975586,32.69021224975586,32.69021224975586,12000,0.0,0.0
2003-06-23 00:00:00+09:00,32.690219188860794,32.690219188860794,32.23618698120117,32.23618698120117,18000,0.0,0.0
2003-06-24 00:00:00+09:00,32.23618698120117,32.23618698120117,32.23618698120117,32.23618698120117,0,0.0,0.0
2003-06-25 00:00:00+09:00,34.506334459724165,34.506334459724165,32.69021224975586,32.69021224975586,60000,0.0,0.0
2003-06-26 00:00:00+09:00,32.690218838003894,33.144248962402344,32.690218838003894,33.144248962402344,18000,0.0,0.0
2003-06-27 00:00:00+09:00,33.144248962402344,33.144248962402344,33.144248962402344,33.144248962402344,0,0.0,0.0
2003-06-30 00:00:00+09:00,39.50068109514927,40.045518075772016,36.32246398925781,36.32246398925781,168000,0.0,0.0
2003-07-01 00:00:00+09:00,36.32246398925781,36.32246398925781,36.32246398925781,36.32246398925781,0,0.0,0.0
2003-07-02 00:00:00+09:00,35.32359313964844,35.50520266540073,35.32359313964844,35.32359313964844,30000,0.0,0.0
2003-07-03 00:00:00+09:00,35.41439894994812,35.868431091308594,35.41439894994812,35.868431091308594,30000,0.0,0.0
2003-07-04 00:00:00+09:00,35.868431091308594,35.868431091308594,35.868431091308594,35.868431091308594,6000,0.0,0.0
2003-07-07 00:00:00+09:00,35.86843898885876,35.95924377441406,35.86843898885876,35.95924377441406,12000,0.0,0.0
2003-07-08 00:00:00+09:00,35.95924377441406,35.95924377441406,35.95924377441406,35.95924377441406,0,0.0,0.0
2003-07-09 00:00:00+09:00,42.13404456494719,42.224849306897354,38.59260559082031,38.59260559082031,156000,0.0,0.0
2003-07-10 00:00:00+09:00,38.59260559082031,38.59260559082031,38.59260559082031,38.59260559082031,0,0.0,0.0
2003-07-11 00:00:00+09:00,38.59260559082031,38.59260559082031,38.59260559082031,38.59260559082031,0,0.0,0.0
2003-07-14 00:00:00+09:00,38.13858413696289,38.13858413696289,38.13858413696289,38.13858413696289,6000,0.0,0.0
2003-07-15 00:00:00+09:00,37.23052215576172,37.23052215576172,37.23052215576172,37.23052215576172,6000,0.0,0.0
2003-07-16 00:00:00+09:00,36.32246398925781,36.32246398925781,36.32246398925781,36.32246398925781,6000,0.0,0.0
2003-07-17 00:00:00+09:00,36.32246398925781,36.32246398925781,36.32246398925781,36.32246398925781,0,0.0,0.0
2003-07-18 00:00:00+09:00,38.13858413696289,38.13858413696289,38.13858413696289,38.13858413696289,18000,0.0,0.0
2003-07-21 00:00:00+09:00,38.13858413696289,38.13858413696289,38.13858413696289,38.13858413696289,0,0.0,0.0
2003-07-22 00:00:00+09:00,36.32246398925781,36.32246398925781,36.32246398925781,36.32246398925781,6000,0.0,0.0
2003-07-23 00:00:00+09:00,36.32246398925781,36.32246398925781,36.32246398925781,36.32246398925781,0,0.0,0.0
2003-07-24 00:00:00+09:00,36.32246398925781,36.32246398925781,36.32246398925781,36.32246398925781,0,0.0,0.0
2003-07-25 00:00:00+09:00,39.046646982265294,39.046646982265294,35.41440200805664,35.41440200805664,78000,0.0,0.0
2003-07-28 00:00:00+09:00,35.41440200805664,35.41440200805664,35.41440200805664,35.41440200805664,6000,0.0,0.0
2003-07-29 00:00:00+09:00,35.41440200805664,35.41440200805664,35.41440200805664,35.41440200805664,0,0.0,0.0
2003-07-30 00:00:00+09:00,35.41440200805664,35.41440200805664,35.41440200805664,35.41440200805664,0,0.0,0.0
2003-07-31 00:00:00+09:00,35.41440200805664,35.41440200805664,35.41440200805664,35.41440200805664,0,0.0,0.0
2003-08-01 00:00:00+09:00,35.41440200805664,35.41440200805664,35.41440200805664,35.41440200805664,0,0.0,0.0
2003-08-04 00:00:00+09:00,36.7764892578125,36.7764892578125,36.7764892578125,36.7764892578125,12000,0.0,0.0
2003-08-05 00:00:00+09:00,32.2361783161847,33.598270416259766,32.2361783161847,33.598270416259766,36000,0.0,0.0
2003-08-06 00:00:00+09:00,33.598270416259766,33.598270416259766,33.598270416259766,33.598270416259766,0,0.0,0.0
2003-08-07 00:00:00+09:00,33.598270416259766,33.598270416259766,33.598270416259766,33.598270416259766,0,0.0,0.0
2003-08-08 00:00:00+09:00,33.598270416259766,33.598270416259766,33.598270416259766,33.598270416259766,12000,0.0,0.0
2003-08-11 00:00:00+09:00,33.598270416259766,33.598270416259766,33.598270416259766,33.598270416259766,0,0.0,0.0
2003-08-12 00:00:00+09:00,33.598270416259766,33.598270416259766,33.598270416259766,33.598270416259766,0,0.0,0.0
2003-08-13 00:00:00+09:00,33.598270416259766,33.598270416259766,33.598270416259766,33.598270416259766,0,0.0,0.0
2003-08-14 00:00:00+09:00,34.5063362121582,34.5063362121582,34.5063362121582,34.5063362121582,6000,0.0,0.0
2003-08-15 00:00:00+09:00,34.5063362121582,34.5063362121582,34.5063362121582,34.5063362121582,12000,0.0,0.0
2003-08-18 00:00:00+09:00,34.5063362121582,34.5063362121582,34.5063362121582,34.5063362121582,0,0.0,0.0
2003-08-19 00:00:00+09:00,36.32246398925781,36.32246398925781,36.32246398925781,36.32246398925781,12000,0.0,0.0
2003-08-20 00:00:00+09:00,34.960365295410156,34.960365295410156,34.960365295410156,34.960365295410156,6000,0.0,0.0
2003-08-21 00:00:00+09:00,34.960365295410156,34.960365295410156,34.960365295410156,34.960365295410156,0,0.0,0.0
2003-08-22 00:00:00+09:00,34.960361834711435,34.960361834711435,34.23391342163086,34.23391342163086,24000,0.0,0.0
2003-08-25 00:00:00+09:00,34.96037509959657,35.05118404346984,34.05231475830078,34.05231475830078,84000,0.0,0.0
2003-08-26 00:00:00+09:00,34.05231475830078,34.05231475830078,34.05231475830078,34.05231475830078,0,0.0,0.0
2003-08-27 00:00:00+09:00,34.05231475830078,34.05231475830078,34.05231475830078,34.05231475830078,0,0.0,0.0
2003-08-28 00:00:00+09:00,34.05231475830078,34.05231475830078,34.05231475830078,34.05231475830078,0,0.0,0.0
2003-08-29 00:00:00+09:00,33.961495669075646,33.961495669075646,33.598270416259766,33.598270416259766,12000,0.0,0.0
2003-09-01 00:00:00+09:00,33.598270416259766,33.598270416259766,33.598270416259766,33.598270416259766,0,0.0,0.0
2003-09-02 00:00:00+09:00,35.414403740478654,38.1385886435924,35.414403740478654,36.32246398925781,30000,0.0,0.0
2003-09-03 00:00:00+09:00,36.32246398925781,36.32246398925781,36.32246398925781,36.32246398925781,0,0.0,0.0
2003-09-04 00:00:00+09:00,36.32246398925781,36.32246398925781,36.32246398925781,36.32246398925781,0,0.0,0.0
2003-09-05 00:00:00+09:00,36.32246398925781,36.32246398925781,36.32246398925781,36.32246398925781,0,0.0,0.0
2003-09-08 00:00:00+09:00,34.41552936961238,34.5063362121582,34.41552936961238,34.5063362121582,12000,0.0,0.0
2003-09-09 00:00:00+09:00,33.77988408186151,33.77988408186151,33.598270416259766,33.598270416259766,24000,0.0,0.0
2003-09-10 00:00:00+09:00,34.05230250187652,34.05230250187652,33.598270416259766,33.598270416259766,12000,0.0,0.0
2003-09-11 00:00:00+09:00,33.598270416259766,33.598270416259766,33.598270416259766,33.598270416259766,0,0.0,0.0
2003-09-12 00:00:00+09:00,33.598270416259766,33.598270416259766,33.598270416259766,33.598270416259766,0,0.0,0.0
2003-09-15 00:00:00+09:00,33.598270416259766,33.598270416259766,33.598270416259766,33.598270416259766,0,0.0,0.0
2003-09-16 00:00:00+09:00,35.051178757668595,35.41440200805664,35.051178757668595,35.41440200805664,30000,0.0,0.0
2003-09-17 00:00:00+09:00,36.32246398925781,36.32246398925781,36.32246398925781,36.32246398925781,6000,0.0,0.0
2003-09-18 00:00:00+09:00,39.954706602359515,39.954706602359515,37.23052215576172,37.23052215576172,18000,0.0,0.0
2003-09-19 00:00:00+09:00,36.32246398925781,36.32246398925781,36.32246398925781,36.32246398925781,6000,0.0,0.0
2003-09-22 00:00:00+09:00,36.32246398925781,36.32246398925781,36.32246398925781,36.32246398925781,0,0.0,0.0
2003-09-23 00:00:00+09:00,36.32246398925781,36.32246398925781,36.32246398925781,36.32246398925781,0,0.0,0.0
2003-09-24 00:00:00+09:00,36.32246398925781,36.32246398925781,36.32246398925781,36.32246398925781,0,0.0,0.0
2003-09-25 00:00:00+09:00,35.686816851702574,36.4132674352935,33.59827402186347,34.5063362121582,90000,0.0,0.0
2003-09-26 00:00:00+09:00,33.598282509264536,34.05231475830078,33.598282509264536,34.05231475830078,18000,0.0,0.0
2003-09-29 00:00:00+09:00,33.689077504888466,33.779884338378906,33.689077504888466,33.779884338378906,12000,0.0,0.0
2003-09-30 00:00:00+09:00,34.5063362121582,34.5063362121582,34.05230615620475,34.5063362121582,24000,0.0,0.0
2003-10-01 00:00:00+09:00,34.5063362121582,34.5063362121582,34.5063362121582,34.5063362121582,0,0.0,0.0
2003-10-02 00:00:00+09:00,34.960365295410156,35.414397417118906,34.960365295410156,34.960365295410156,36000,0.0,0.0
2003-10-03 00:00:00+09:00,34.96037153770094,36.32246398925781,34.96037153770094,36.32246398925781,30000,0.0,0.0
2003-10-06 00:00:00+09:00,37.23053079315883,37.6845588684082,37.23053079315883,37.6845588684082,12000,0.0,0.0
2003-10-07 00:00:00+09:00,36.32246398925781,36.32246398925781,36.32246398925781,36.32246398925781,6000,0.0,0.0
2003-10-08 00:00:00+09:00,36.32246398925781,36.32246398925781,36.32246398925781,36.32246398925781,6000,0.0,0.0
2003-10-09 00:00:00+09:00,36.32246398925781,36.32246398925781,36.32246398925781,36.32246398925781,6000,0.0,0.0
2003-10-10 00:00:00+09:00,35.868431091308594,35.868431091308594,35.868431091308594,35.868431091308594,12000,0.0,0.0
2003-10-13 00:00:00+09:00,35.868431091308594,35.868431091308594,35.868431091308594,35.868431091308594,0,0.0,0.0
2003-10-14 00:00:00+09:00,34.96036680858765,35.868431091308594,34.96036680858765,35.868431091308594,18000,0.0,0.0
2003-10-15 00:00:00+09:00,35.868431091308594,35.868431091308594,35.868431091308594,35.868431091308594,0,0.0,0.0
2003-10-16 00:00:00+09:00,35.868431091308594,35.868431091308594,35.868431091308594,35.868431091308594,0,0.0,0.0
2003-10-17 00:00:00+09:00,37.68455198783569,38.13858413696289,37.68455198783569,38.13858413696289,12000,0.0,0.0
2003-10-20 00:00:00+09:00,38.59261628609009,38.59261628609009,38.13858413696289,38.13858413696289,12000,0.0,0.0
2003-10-21 00:00:00+09:00,38.13858413696289,38.13858413696289,38.13858413696289,38.13858413696289,0,0.0,0.0
2003-10-22 00:00:00+09:00,38.13858413696289,38.13858413696289,38.13858413696289,38.13858413696289,0,0.0,0.0
2003-10-23 00:00:00+09:00,38.59260559082031,38.59260559082031,38.59260559082031,38.59260559082031,12000,0.0,0.0
2003-10-24 00:00:00+09:00,39.50068448529822,40.86277705375678,39.50068448529822,40.40874481201172,48000,0.0,0.0
2003-10-27 00:00:00+09:00,40.40874481201172,40.40874481201172,40.40874481201172,40.40874481201172,0,0.0,0.0
2003-10-28 00:00:00+09:00,39.04663929553253,39.50067138671875,39.04663929553253,39.50067138671875,24000,0.0,0.0
2003-10-29 00:00:00+09:00,39.50067138671875,39.50067138671875,39.50067138671875,39.50067138671875,0,0.0,0.0
2003-10-30 00:00:00+09:00,39.50067138671875,39.50067138671875,39.50067138671875,39.50067138671875,0,0.0,0.0
2003-10-31 00:00:00+09:00,39.50067138671875,39.50067138671875,39.50067138671875,39.50067138671875,0,0.0,0.0
2003-11-03 00:00:00+09:00,39.50067138671875,39.50067138671875,39.50067138671875,39.50067138671875,0,0.0,0.0
2003-11-04 00:00:00+09:00,37.23052839481324,37.23052839481324,36.32246398925781,36.32246398925781,18000,0.0,0.0
2003-11-05 00:00:00+09:00,36.32245750376088,36.41326642216796,34.960365295410156,34.960365295410156,60000,0.0,0.0
2003-11-06 00:00:00+09:00,31.78214830895555,33.598270416259766,31.78214830895555,33.598270416259766,12000,0.0,0.0
2003-11-07 00:00:00+09:00,33.59827776622109,34.50634005771476,33.50747299194336,33.50747299194336,30000,0.0,0.0
2003-11-10 00:00:00+09:00,33.50747299194336,33.50747299194336,33.50747299194336,33.50747299194336,6000,0.0,0.0
2003-11-11 00:00:00+09:00,33.416656494140625,33.416656494140625,33.416656494140625,33.416656494140625,12000,0.0,0.0
2003-11-12 00:00:00+09:00,33.598270416259766,33.598270416259766,33.598270416259766,33.598270416259766,12000,0.0,0.0
2003-11-13 00:00:00+09:00,33.598270416259766,33.598270416259766,33.598270416259766,33.598270416259766,0,0.0,0.0
2003-11-14 00:00:00+09:00,33.598270416259766,33.598270416259766,33.598270416259766,33.598270416259766,0,0.0,0.0
2003-11-17 00:00:00+09:00,33.598270416259766,33.598270416259766,33.598270416259766,33.598270416259766,0,0.0,0.0
2003-11-18 00:00:00+09:00,36.32245750376088,36.32245750376088,34.960365295410156,34.960365295410156,18000,0.0,0.0
2003-11-19 00:00:00+09:00,33.598270416259766,33.598270416259766,33.598270416259766,33.598270416259766,12000,0.0,0.0
2003-11-20 00:00:00+09:00,33.598270416259766,34.05230250187652,33.598270416259766,33.598270416259766,24000,0.0,0.0
2003-11-21 00:00:00+09:00,33.598282509264536,34.05231475830078,33.598282509264536,34.05231475830078,42000,0.0,0.0
2003-11-24 00:00:00+09:00,34.05231475830078,34.05231475830078,34.05231475830078,34.05231475830078,0,0.0,0.0
2003-11-25 00:00:00+09:00,35.414397417118906,35.505202178750444,34.960365295410156,34.960365295410156,60000,0.0,0.0
2003-11-26 00:00:00+09:00,34.960365295410156,34.960365295410156,34.960365295410156,34.960365295410156,0,0.0,0.0
2003-11-27 00:00:00+09:00,34.960365295410156,34.960365295410156,34.960365295410156,34.960365295410156,0,0.0,0.0
2003-11-28 00:00:00+09:00,34.05230250187652,34.05230250187652,33.41665882904562,33.598270416259766,18000,0.0,0.0
2003-12-01 00:00:00+09:00,34.05231475830078,34.05231475830078,34.05231475830078,34.05231475830078,6000,0.0,0.0
2003-12-02 00:00:00+09:00,35.414397417118906,35.505202178750444,34.960365295410156,34.960365295410156,30000,0.0,0.0
2003-12-03 00:00:00+09:00,34.960365295410156,34.960365295410156,34.960365295410156,34.960365295410156,0,0.0,0.0
2003-12-04 00:00:00+09:00,34.96037153770094,36.32246398925781,34.96037153770094,36.32246398925781,36000,0.0,0.0
2003-12-05 00:00:00+09:00,37.139719460191934,37.23052839481324,36.32246398925781,36.32246398925781,72000,0.0,0.0
2003-12-08 00:00:00+09:00,36.68568801879883,36.77649278823955,36.68568801879883,36.68568801879883,78000,0.0,0.0
2003-12-09 00:00:00+09:00,36.32246398925781,36.32246398925781,36.32246398925781,36.32246398925781,12000,0.0,0.0
2003-12-10 00:00:00+09:00,36.32246398925781,36.32246398925781,36.32246398925781,36.32246398925781,0,0.0,0.0
2003-12-11 00:00:00+09:00,34.960365295410156,34.960365295410156,34.960365295410156,34.960365295410156,6000,0.0,0.0
2003-12-12 00:00:00+09:00,34.59714209210847,34.960365295410156,34.59714209210847,34.960365295410156,12000,0.0,0.0
2003-12-15 00:00:00+09:00,34.960365295410156,34.960365295410156,34.960365295410156,34.960365295410156,0,0.0,0.0
2003-12-16 00:00:00+09:00,34.5063362121582,34.5063362121582,34.5063362121582,34.5063362121582,12000,0.0,0.0
2003-12-17 00:00:00+09:00,34.1431160674342,34.1431160674342,32.690218838003894,33.144248962402344,60000,0.0,0.0
2003-12-18 00:00:00+09:00,34.052311289587394,34.052311289587394,33.144248962402344,33.144248962402344,54000,0.0,0.0
2003-12-19 00:00:00+09:00,32.236189900024634,32.87183380126953,32.236189900024634,32.87183380126953,48000,0.0,0.0
2003-12-22 00:00:00+09:00,33.14424040903061,33.598270416259766,33.14424040903061,33.598270416259766,18000,0.0,0.0
2003-12-23 00:00:00+09:00,33.598270416259766,33.598270416259766,33.598270416259766,33.598270416259766,0,0.0,0.0
2003-12-24 00:00:00+09:00,33.235050201416016,33.235050201416016,33.235050201416016,33.235050201416016,6000,0.0,0.0
2003-12-25 00:00:00+09:00,35.323592655487374,35.505202178750444,34.506335252089166,34.960365295410156,66000,0.0,0.0
2003-12-26 00:00:00+09:00,34.05231475830078,34.05231475830078,34.05231475830078,34.05231475830078,6000,0.0,0.0
2003-12-29 00:00:00+09:00,34.05231475830078,34.05231475830078,34.05231475830078,34.05231475830078,6000,0.0,0.0
2003-12-30 00:00:00+09:00,34.5063362121582,34.5063362121582,34.5063362121582,34.5063362121582,6000,0.0,0.0
2003-12-31 00:00:00+09:00,34.5063362121582,34.5063362121582,34.5063362121582,34.5063362121582,0,0.0,0.0
2004-01-01 00:00:00+09:00,34.5063362121582,34.5063362121582,34.5063362121582,34.5063362121582,0,0.0,0.0
2004-01-02 00:00:00+09:00,34.5063362121582,34.5063362121582,34.5063362121582,34.5063362121582,0,0.0,0.0
2004-01-05 00:00:00+09:00,34.506335252089166,34.960365295410156,34.506335252089166,34.960365295410156,12000,0.0,0.0
2004-01-06 00:00:00+09:00,36.32246398925781,37.23052839481324,36.32246398925781,36.32246398925781,36000,0.0,0.0
2004-01-07 00:00:00+09:00,36.32246398925781,36.32246398925781,36.32246398925781,36.32246398925781,0,0.0,0.0
2004-01-08 00:00:00+09:00,36.32246398925781,36.32246398925781,36.32246398925781,36.32246398925781,0,0.0,0.0
2004-01-09 00:00:00+09:00,36.32246398925781,36.32246398925781,36.32246398925781,36.32246398925781,0,0.0,0.0
2004-01-12 00:00:00+09:00,36.32246398925781,36.32246398925781,36.32246398925781,36.32246398925781,0,0.0,0.0
2004-01-13 00:00:00+09:00,36.32246398925781,36.32246398925781,36.32246398925781,36.32246398925781,0,0.0,0.0
2004-01-14 00:00:00+09:00,35.41440200805664,35.41440200805664,35.41440200805664,35.41440200805664,12000,0.0,0.0
2004-01-15 00:00:00+09:00,35.41440200805664,35.41440200805664,35.41440200805664,35.41440200805664,0,0.0,0.0
2004-01-16 00:00:00+09:00,34.960365295410156,34.960365295410156,34.960365295410156,34.960365295410156,6000,0.0,0.0
2004-01-19 00:00:00+09:00,35.41440200805664,35.41440200805664,35.41440200805664,35.41440200805664,18000,0.0,0.0
2004-01-20 00:00:00+09:00,35.86843418862375,35.95923896202674,35.41440200805664,35.41440200805664,24000,0.0,0.0
2004-01-21 00:00:00+09:00,35.41440200805664,35.41440200805664,35.41440200805664,35.41440200805664,0,0.0,0.0
2004-01-22 00:00:00+09:00,35.86843418862375,35.86843418862375,35.41440200805664,35.41440200805664,12000,0.0,0.0
2004-01-23 00:00:00+09:00,34.96036982748953,35.41440200805664,34.96036982748953,35.41440200805664,90000,0.0,0.0
2004-01-26 00:00:00+09:00,35.41440200805664,35.41440200805664,35.41440200805664,35.41440200805664,0,0.0,0.0
2004-01-27 00:00:00+09:00,35.41440200805664,35.41440200805664,35.41440200805664,35.41440200805664,0,0.0,0.0
2004-01-28 00:00:00+09:00,35.41440200805664,35.41440200805664,35.41440200805664,35.41440200805664,0,0.0,0.0
2004-01-29 00:00:00+09:00,35.41440200805664,35.41440200805664,35.41440200805664,35.41440200805664,0,0.0,0.0
2004-01-30 00:00:00+09:00,35.41440200805664,35.41440200805664,35.41440200805664,35.41440200805664,0,0.0,0.0
2004-02-02 00:00:00+09:00,35.41440200805664,35.41440200805664,35.41440200805664,35.41440200805664,0,0.0,0.0
2004-02-03 00:00:00+09:00,36.050040622432206,36.77649121725382,35.868431091308594,35.868431091308594,24000,0.0,0.0
2004-02-04 00:00:00+09:00,35.868431091308594,35.868431091308594,35.868431091308594,35.868431091308594,0,0.0,0.0
2004-02-05 00:00:00+09:00,35.41440200805664,35.41440200805664,35.41440200805664,35.41440200805664,12000,0.0,0.0
2004-02-06 00:00:00+09:00,35.41440200805664,35.41440200805664,35.41440200805664,35.41440200805664,0,0.0,0.0
2004-02-09 00:00:00+09:00,35.41440200805664,35.41440200805664,35.41440200805664,35.41440200805664,0,0.0,0.0
2004-02-10 00:00:00+09:00,35.41440200805664,35.41440200805664,35.41440200805664,35.41440200805664,6000,0.0,0.0
2004-02-11 00:00:00+09:00,35.41440200805664,35.41440200805664,35.41440200805664,35.41440200805664,0,0.0,0.0
2004-02-12 00:00:00+09:00,35.41440200805664,35.41440200805664,35.41440200805664,35.41440200805664,0,0.0,0.0
2004-02-13 00:00:00+09:00,35.41440200805664,35.41440200805664,35.41440200805664,35.41440200805664,6000,0.0,0.0
2004-02-16 00:00:00+09:00,35.41440200805664,35.41440200805664,35.41440200805664,35.41440200805664,0,0.0,0.0
2004-02-17 00:00:00+09:00,35.86843594325637,36.77649619203552,35.414403740478654,36.32246398925781,36000,0.0,0.0
2004-02-18 00:00:00+09:00,36.41326682178238,37.23052215576172,36.32245790237873,37.23052215576172,60000,0.0,0.0
2004-02-19 00:00:00+09:00,37.23052215576172,37.23052215576172,37.23052215576172,37.23052215576172,24000,0.0,0.0
2004-02-20 00:00:00+09:00,37.23052215576172,37.23052215576172,37.23052215576172,37.23052215576172,0,0.0,0.0
2004-02-23 00:00:00+09:00,37.23051893892186,37.68454686960826,37.23051893892186,37.41212844848633,18000,0.0,0.0
2004-02-24 00:00:00+09:00,37.23052215576172,37.23052215576172,37.23052215576172,37.23052215576172,6000,0.0,0.0
2004-02-25 00:00:00+09:00,36.32245790237873,37.23052215576172,36.32245790237873,37.23052215576172,66000,0.0,0.0
2004-02-26 00:00:00+09:00,37.23052215576172,37.23052215576172,37.23052215576172,37.23052215576172,0,0.0,0.0
2004-02-27 00:00:00+09:00,36.7764892578125,36.7764892578125,36.7764892578125,36.7764892578125,6000,0.0,0.0
2004-03-01 00:00:00+09:00,36.95810371110194,37.23052215576172,36.776490029070224,37.23052215576172,42000,0.0,0.0
2004-03-02 00:00:00+09:00,37.6845588684082,37.77536780887932,37.6845588684082,37.6845588684082,36000,0.0,0.0
2004-03-03 00:00:00+09:00,36.32245714064274,36.7764892578125,36.32245714064274,36.7764892578125,30000,0.0,0.0
2004-03-04 00:00:00+09:00,36.32246398925781,36.32246398925781,36.32246398925781,36.32246398925781,12000,0.0,0.0
2004-03-05 00:00:00+09:00,37.23053079315883,37.6845588684082,37.23053079315883,37.6845588684082,12000,0.0,0.0
2004-03-08 00:00:00+09:00,37.23053079315883,37.6845588684082,37.23053079315883,37.6845588684082,36000,0.0,0.0
2004-03-09 00:00:00+09:00,37.6845588684082,37.6845588684082,37.6845588684082,37.6845588684082,0,0.0,0.0
2004-03-10 00:00:00+09:00,37.6845588684082,37.6845588684082,37.6845588684082,37.6845588684082,0,0.0,0.0
2004-03-11 00:00:00+09:00,37.684550125677625,37.684550125677625,37.23052215576172,37.23052215576172,12000,0.0,0.0
2004-03-12 00:00:00+09:00,37.6845588684082,37.6845588684082,37.6845588684082,37.6845588684082,18000,0.0,0.0
2004-03-15 00:00:00+09:00,37.6845588684082,37.6845588684082,37.6845588684082,37.6845588684082,0,0.0,0.0
2004-03-16 00:00:00+09:00,38.13858413696289,38.13858413696289,37.68455198783569,38.13858413696289,66000,0.0,0.0
2004-03-17 00:00:00+09:00,38.13858413696289,38.13858413696289,38.13858413696289,38.13858413696289,6000,0.0,0.0
2004-03-18 00:00:00+09:00,39.409869667106875,39.50067442962911,39.0466423034668,39.0466423034668,24000,0.0,0.0
2004-03-19 00:00:00+09:00,39.319061279296875,39.319061279296875,39.319061279296875,39.319061279296875,6000,0.0,0.0
2004-03-22 00:00:00+09:00,39.95471672704329,40.40874481201172,39.95471672704329,40.40874481201172,12000,0.0,0.0
2004-03-23 00:00:00+09:00,40.40874481201172,40.40874481201172,40.40874481201172,40.40874481201172,0,0.0,0.0
2004-03-24 00:00:00+09:00,40.40874481201172,40.40874481201172,40.40874481201172,40.40874481201172,0,0.0,0.0
2004-03-25 00:00:00+09:00,40.77196531042379,41.044383777627566,40.77196531042379,40.862770080566406,48000,0.0,0.0
2004-03-26 00:00:00+09:00,40.86275988794489,40.86275988794489,39.46971130371094,39.46971130371094,18000,1.666667,0.0
2004-03-29 00:00:00+09:00,39.46971130371094,39.46971130371094,39.46971130371094,39.46971130371094,0,0.0,0.0
2004-03-30 00:00:00+09:00,38.54102325439453,38.54102325439453,38.54102325439453,38.54102325439453,24000,0.0,0.0
2004-03-31 00:00:00+09:00,38.0766716003418,38.0766716003418,38.0766716003418,38.0766716003418,24000,0.0,0.0
2004-04-01 00:00:00+09:00,38.0766716003418,38.0766716003418,38.0766716003418,38.0766716003418,36000,0.0,0.0
2004-04-02 00:00:00+09:00,38.35528076971812,38.44814927842882,37.61231994628906,37.61231994628906,66000,0.0,0.0
2004-04-05 00:00:00+09:00,37.61232098586996,38.448150341111514,37.61232098586996,38.355281829833984,60000,0.0,0.0
2004-04-06 00:00:00+09:00,38.0766716003418,38.0766716003418,38.0766716003418,38.0766716003418,18000,0.0,0.0
2004-04-07 00:00:00+09:00,37.426578677619844,37.61231994628906,37.426578677619844,37.61231994628906,18000,0.0,0.0
2004-04-08 00:00:00+09:00,37.61232054687795,38.0766716003418,37.61232054687795,38.0766716003418,36000,0.0,0.0
2004-04-09 00:00:00+09:00,38.07667083373907,38.07667083373907,37.426578521728516,37.426578521728516,24000,0.0,0.0
2004-04-12 00:00:00+09:00,37.426578521728516,37.426578521728516,37.426578521728516,37.426578521728516,0,0.0,0.0
2004-04-13 00:00:00+09:00,37.98379357831653,38.07666632689558,37.14796434858892,37.24083709716797,60000,0.0,0.0
2004-04-14 00:00:00+09:00,37.61231994628906,37.61231994628906,37.61231994628906,37.61231994628906,6000,0.0,0.0
2004-04-15 00:00:00+09:00,37.61231994628906,37.61231994628906,37.61231994628906,37.61231994628906,0,0.0,0.0
2004-04-16 00:00:00+09:00,38.0766716003418,38.0766716003418,37.705189057071564,38.0766716003418,60000,0.0,0.0
2004-04-19 00:00:00+09:00,38.0766709923382,38.0766709923382,37.51945143757837,37.61231994628906,78000,0.0,0.0
2004-04-20 00:00:00+09:00,38.076676393723076,38.54102325439453,38.076676393723076,38.54102325439453,60000,0.0,0.0
2004-04-21 00:00:00+09:00,38.54102002078933,39.46972216671067,38.54102002078933,39.00537109375,108000,0.0,0.0
2004-04-22 00:00:00+09:00,39.84119946879725,43.18451690673828,39.84119946879725,43.18451690673828,342000,0.0,0.0
2004-04-23 00:00:00+09:00,43.18451545441929,52.00715981380261,43.18451545441929,46.89931106567383,420000,0.0,0.0
2004-04-26 00:00:00+09:00,46.80644919413912,46.89931771593357,40.86277452307728,46.43497085571289,120000,0.0,0.0
2004-04-27 00:00:00+09:00,46.43496427129689,46.89931106567382,44.57756434004572,46.89931106567383,96000,0.0,0.0
2004-04-28 00:00:00+09:00,45.97061538696288,45.97061538696288,45.97061538696288,45.97061538696289,12000,0.0,0.0
2004-04-29 00:00:00+09:00,45.97061538696288,45.97061538696288,45.97061538696288,45.97061538696289,0,0.0,0.0
2004-04-30 00:00:00+09:00,46.43497085571288,46.43497085571288,46.43497085571288,46.43497085571289,6000,0.0,0.0
2004-05-03 00:00:00+09:00,46.43497085571288,46.43497085571288,46.43497085571288,46.43497085571289,0,0.0,0.0
2004-05-04 00:00:00+09:00,46.43497085571288,46.43497085571288,46.43497085571288,46.43497085571289,0,0.0,0.0
2004-05-05 00:00:00+09:00,46.43497085571288,46.43497085571288,46.43497085571288,46.43497085571289,0,0.0,0.0
2004-05-06 00:00:00+09:00,46.43497085571288,46.43497085571288,46.43497085571288,46.43497085571289,0,0.0,0.0
2004-05-07 00:00:00+09:00,46.89930179202512,47.36365274583129,46.15634536743164,46.15634536743164,30000,0.0,0.0
2004-05-10 00:00:00+09:00,45.04191970825195,45.04191970825195,45.04191970825195,45.04191970825195,6000,0.0,0.0
2004-05-11 00:00:00+09:00,44.577563623611084,44.577563623611084,44.11321258544921,44.11321258544922,12000,0.0,0.0
2004-05-12 00:00:00+09:00,43.18451690673828,43.18451690673828,43.18451690673828,43.18451690673828,6000,0.0,0.0
2004-05-13 00:00:00+09:00,43.648860931396484,43.648860931396484,43.648860931396484,43.648860931396484,6000,0.0,0.0
2004-05-14 00:00:00+09:00,42.72016748075801,43.184518559773764,41.79146957397461,41.79146957397461,18000,0.0,0.0
2004-05-17 00:00:00+09:00,42.25581741333008,42.25581741333008,42.25581741333008,42.25581741333008,6000,0.0,0.0
2004-05-18 00:00:00+09:00,42.25581741333008,42.25581741333008,42.25581741333008,42.25581741333008,6000,0.0,0.0
2004-05-19 00:00:00+09:00,41.79145932197571,44.57755661010742,41.79145932197571,44.57755661010742,102000,0.0,0.0
2004-05-20 00:00:00+09:00,45.50627136230469,45.50627136230469,45.50627136230469,45.50627136230469,30000,0.0,0.0
2004-05-21 00:00:00+09:00,44.57757066108488,46.43497085571288,44.11321954961576,46.43497085571289,84000,0.0,0.0
2004-05-24 00:00:00+09:00,46.43496755308038,49.221065521240234,46.43496755308038,49.221065521240234,186000,0.0,0.0
2004-05-25 00:00:00+09:00,52.285773286216084,52.37864180140537,49.221065521240234,49.221065521240234,84000,0.0,0.0
2004-05-26 00:00:00+09:00,48.75670557775367,48.75670557775367,48.292354583740234,48.292354583740234,18000,0.0,0.0
2004-05-27 00:00:00+09:00,48.292354583740234,48.292354583740234,48.292354583740234,48.292354583740234,0,0.0,0.0
2004-05-28 00:00:00+09:00,48.29236336435487,49.221065521240234,48.29236336435487,49.221065521240234,48000,0.0,0.0
2004-05-31 00:00:00+09:00,48.75670834864027,48.75670834864027,47.82801055908203,47.82801055908203,18000,0.0,0.0
2004-06-01 00:00:00+09:00,47.36365684696071,48.292354583740234,47.36365684696071,48.292354583740234,54000,0.0,0.0
2004-06-02 00:00:00+09:00,50.05690188365722,55.72196712420146,50.05690188365722,53.864566802978516,294000,0.0,0.0
2004-06-03 00:00:00+09:00,53.95743958235133,54.32891794609643,52.47151762487348,53.864566802978516,180000,0.0,0.0
2004-06-04 00:00:00+09:00,53.02873384139445,56.929271285975965,53.02873384139445,56.65066146850586,168000,0.0,0.0
2004-06-07 00:00:00+09:00,54.32891794609643,54.32891794609643,52.00717073300427,53.864566802978516,54000,0.0,0.0
2004-06-08 00:00:00+09:00,53.864566802978516,53.864566802978516,53.864566802978516,53.864566802978516,6000,0.0,0.0
2004-06-09 00:00:00+09:00,52.935863780430566,53.02873229980469,51.07846363420988,53.02873229980469,36000,0.0,0.0
2004-06-10 00:00:00+09:00,53.02873229980469,53.02873229980469,53.02873229980469,53.02873229980469,0,0.0,0.0
2004-06-11 00:00:00+09:00,51.542816162109375,52.00716727434632,51.542816162109375,51.542816162109375,18000,0.0,0.0
2004-06-14 00:00:00+09:00,51.54281241095742,51.54281241095742,49.221065521240234,49.221065521240234,42000,0.0,0.0
2004-06-15 00:00:00+09:00,49.221065521240234,49.221065521240234,49.221065521240234,49.221065521240234,0,0.0,0.0
2004-06-16 00:00:00+09:00,47.92087936401367,48.29235763192349,47.92087936401367,47.92087936401367,108000,0.0,0.0
2004-06-17 00:00:00+09:00,48.01375508768251,50.14976501464844,47.920886569552955,50.14976501464844,36000,0.0,0.0
2004-06-18 00:00:00+09:00,50.149758911132814,50.24262741795974,48.292359015860136,48.756710052490234,66000,0.0,0.0
2004-06-21 00:00:00+09:00,49.22106108912034,49.22106108912034,48.756710052490234,48.756710052490234,36000,0.0,0.0
2004-06-22 00:00:00+09:00,48.75671444279755,49.221065521240234,48.75671444279755,49.221065521240234,30000,0.0,0.0
2004-06-23 00:00:00+09:00,49.22106391537305,50.706981366163305,49.22106391537305,50.614112854003906,60000,0.0,0.0
2004-06-24 00:00:00+09:00,50.614112854003906,50.614112854003906,50.614112854003906,50.614112854003906,0,0.0,0.0
2004-06-25 00:00:00+09:00,50.61412076166143,50.79985781499871,50.61412076166143,50.70698928833008,72000,0.0,0.0
2004-06-28 00:00:00+09:00,51.07845966604887,51.07845966604887,50.614112854003906,50.614112854003906,24000,0.0,0.0
2004-06-29 00:00:00+09:00,50.706990083023335,53.864566802978516,50.706990083023335,53.864566802978516,156000,0.0,0.0
2004-06-30 00:00:00+09:00,55.6290858388762,55.81482285253006,55.6290858388762,55.721954345703125,198000,0.0,0.0
2004-07-01 00:00:00+09:00,54.79325573398137,54.79325573398137,52.93585586547851,52.935855865478516,18000,0.0,0.0
2004-07-02 00:00:00+09:00,52.471503328301196,52.56437608236956,49.68540573120117,49.68540573120117,96000,0.0,0.0
2004-07-05 00:00:00+09:00,50.14975674780036,50.14975674780036,49.221058965849544,49.68540573120117,30000,0.0,0.0
2004-07-06 00:00:00+09:00,50.14976501464844,50.14976501464844,50.14976501464844,50.14976501464844,6000,0.0,0.0
2004-07-07 00:00:00+09:00,50.14976501464844,50.14976501464844,50.14976501464844,50.14976501464844,6000,0.0,0.0
2004-07-08 00:00:00+09:00,50.61411818888391,51.542816162109375,50.61411818888391,51.542816162109375,12000,0.0,0.0
2004-07-09 00:00:00+09:00,51.542816162109375,51.542816162109375,51.542816162109375,51.542816162109375,0,0.0,0.0
2004-07-12 00:00:00+09:00,49.22106910342149,51.542816162109375,49.22106910342149,51.542816162109375,18000,0.0,0.0
2004-07-13 00:00:00+09:00,51.07846450805664,51.07846450805664,51.07846450805664,51.07846450805664,6000,0.0,0.0
2004-07-14 00:00:00+09:00,57.6722322163124,58.0437105558564,55.721963494021644,56.65066146850586,138000,0.0,0.0
2004-07-15 00:00:00+09:00,55.536206841652394,55.7219480856871,54.32889938354492,54.32889938354492,54000,0.0,0.0
2004-07-16 00:00:00+09:00,52.9358646860536,52.9358646860536,50.14976654468236,51.07846450805664,42000,0.0,0.0
2004-07-19 00:00:00+09:00,51.07846450805664,51.07846450805664,51.07846450805664,51.07846450805664,0,0.0,0.0
2004-07-20 00:00:00+09:00,50.614112854003906,50.614112854003906,50.614112854003906,50.614112854003906,6000,0.0,0.0
2004-07-21 00:00:00+09:00,52.00716727434632,52.10003579629434,51.542816162109375,51.542816162109375,30000,0.0,0.0
2004-07-22 00:00:00+09:00,50.14976501464844,50.14976501464844,50.14976501464844,50.14976501464844,18000,0.0,0.0
2004-07-23 00:00:00+09:00,51.449947640161355,51.542816162109375,51.449947640161355,51.542816162109375,54000,0.0,0.0
2004-07-26 00:00:00+09:00,50.614112854003906,50.614112854003906,50.614112854003906,50.614112854003906,6000,0.0,0.0
2004-07-27 00:00:00+09:00,50.614112854003906,50.614112854003906,50.614112854003906,50.614112854003906,6000,0.0,0.0
2004-07-28 00:00:00+09:00,49.6854123484348,50.149763426877485,49.221065521240234,49.221065521240234,60000,0.0,0.0
2004-07-29 00:00:00+09:00,48.756710052490234,48.756710052490234,48.756710052490234,48.756710052490234,12000,0.0,0.0
2004-07-30 00:00:00+09:00,48.756710052490234,48.756710052490234,48.756710052490234,48.756710052490234,0,0.0,0.0
2004-08-02 00:00:00+09:00,48.292354583740234,48.292354583740234,48.19948608543649,48.292354583740234,24000,0.0,0.0
2004-08-03 00:00:00+09:00,48.29235732823735,48.38523008306649,47.82801055908203,47.82801055908203,24000,0.0,0.0
2004-08-04 00:00:00+09:00,47.82801055908203,47.82801055908203,47.82801055908203,47.82801055908203,0,0.0,0.0
2004-08-05 00:00:00+09:00,47.82801055908203,47.82801055908203,47.82801055908203,47.82801055908203,0,0.0,0.0
2004-08-06 00:00:00+09:00,47.82801055908203,47.82801055908203,47.82801055908203,47.82801055908203,0,0.0,0.0
2004-08-09 00:00:00+09:00,46.43497085571288,46.43497085571288,46.43497085571288,46.43497085571289,6000,0.0,0.0
2004-08-10 00:00:00+09:00,46.43497085571288,46.43497085571288,46.43497085571288,46.43497085571289,18000,0.0,0.0
2004-08-11 00:00:00+09:00,46.43497085571288,46.43497085571288,46.43497085571288,46.43497085571289,12000,0.0,0.0
2004-08-12 00:00:00+09:00,46.43497085571288,46.43497085571288,46.43497085571288,46.43497085571289,0,0.0,0.0
2004-08-13 00:00:00+09:00,46.43497085571288,46.43497085571288,46.43497085571288,46.43497085571289,12000,0.0,0.0
2004-08-16 00:00:00+09:00,44.57756453540079,44.670433044433594,44.484696026367985,44.670433044433594,18000,0.0,0.0
2004-08-17 00:00:00+09:00,44.11321258544921,44.11321258544921,44.11321258544921,44.11321258544922,6000,0.0,0.0
2004-08-18 00:00:00+09:00,44.298958113569256,44.39182662963867,44.298958113569256,44.39182662963867,12000,0.0,0.0
2004-08-19 00:00:00+09:00,44.11321258544921,44.11321258544921,44.11321258544921,44.11321258544922,12000,0.0,0.0
2004-08-20 00:00:00+09:00,44.11321258544921,44.11321258544921,44.11321258544921,44.11321258544922,12000,0.0,0.0
2004-08-23 00:00:00+09:00,44.02033916975503,44.11320766653285,43.648860931396484,43.648860931396484,24000,0.0,0.0
2004-08-24 00:00:00+09:00,43.64886441623692,43.64886441623692,43.1845133927804,43.277381896972656,36000,0.0,0.0
2004-08-25 00:00:00+09:00,41.79146559890562,41.79146559890562,41.60572433471679,41.6057243347168,42000,0.0,0.0
2004-08-26 00:00:00+09:00,41.60572510229953,42.25581741333008,41.60572510229953,42.25581741333008,30000,0.0,0.0
2004-08-27 00:00:00+09:00,41.791472850035696,41.791472850035696,41.32712173461914,41.32712173461914,24000,0.0,0.0
2004-08-30 00:00:00+09:00,41.32712173461914,41.32712173461914,41.32712173461914,41.32712173461914,0,0.0,0.0
2004-08-31 00:00:00+09:00,40.398408942784606,40.398408942784606,39.005360358550654,39.46971130371094,90000,0.0,0.0
2004-09-01 00:00:00+09:00,41.32712173461914,41.32712173461914,41.32712173461914,41.32712173461914,6000,0.0,0.0
2004-09-02 00:00:00+09:00,42.25581874800811,44.11321447783955,42.25581874800811,43.09164810180664,48000,0.0,0.0
2004-09-03 00:00:00+09:00,43.18451245132155,43.18451245132155,42.72016143798828,42.72016143798828,42000,0.0,0.0
2004-09-06 00:00:00+09:00,41.791472850035696,41.791472850035696,40.862774870451055,41.32712173461914,66000,0.0,0.0
2004-09-07 00:00:00+09:00,40.862774870451055,41.32712173461914,40.862774870451055,41.32712173461914,30000,0.0,0.0
2004-09-08 00:00:00+09:00,41.32711303225849,41.32711303225849,40.86276626586913,40.86276626586914,102000,0.0,0.0
2004-09-09 00:00:00+09:00,40.30556160102146,40.49129867553712,40.02695173799884,40.49129867553711,102000,0.0,0.0
2004-09-10 00:00:00+09:00,40.49129867553712,40.49129867553712,40.49129867553712,40.49129867553711,12000,0.0,0.0
2004-09-13 00:00:00+09:00,39.93406677246094,40.4912863285941,39.93406677246094,39.93406677246094,108000,0.0,0.0
2004-09-14 00:00:00+09:00,40.02693698487123,40.86276626586913,40.02693698487123,40.86276626586914,36000,0.0,0.0
2004-09-15 00:00:00+09:00,40.86277166719122,41.79146957397461,40.86277166719122,41.79146957397461,18000,0.0,0.0
2004-09-16 00:00:00+09:00,40.86276626586913,40.86276626586913,40.86276626586913,40.86276626586914,54000,0.0,0.0
2004-09-17 00:00:00+09:00,40.86276626586913,40.86276626586913,40.86276626586913,40.86276626586914,30000,0.0,0.0
2004-09-20 00:00:00+09:00,40.86276626586913,40.86276626586913,40.86276626586913,40.86276626586914,0,0.0,0.0
2004-09-21 00:00:00+09:00,40.95564270019531,41.327121035495246,40.86277417918243,40.95564270019531,132000,0.0,0.0
2004-09-22 00:00:00+09:00,40.86276626586913,40.86276626586913,40.86276626586913,40.86276626586914,24000,0.0,0.0
2004-09-23 00:00:00+09:00,40.86276626586913,40.86276626586913,40.86276626586913,40.86276626586914,0,0.0,0.0
2004-09-24 00:00:00+09:00,39.93406644750293,42.25581741333008,36.77649040552528,42.25581741333008,372000,0.0,0.0
2004-09-27 00:00:00+09:00,40.8627688668481,40.8627688668481,39.93406677246094,39.93406677246094,12000,0.0,0.0
2004-09-28 00:00:00+09:00,39.93406677246094,39.93406677246094,39.93406677246094,39.93406677246094,0,0.0,0.0
2004-09-29 00:00:00+09:00,39.00537109375,39.00537109375,39.00537109375,39.00537109375,6000,0.0,0.0
2004-09-30 00:00:00+09:00,38.726764549412174,38.726764549412174,38.076676393723076,38.54102325439453,30000,0.0,0.0
2004-10-01 00:00:00+09:00,38.54102325439453,38.54102325439453,38.54102325439453,38.54102325439453,12000,0.0,0.0
2004-10-04 00:00:00+09:00,39.00537109375,39.098239607842906,39.00537109375,39.00537109375,48000,0.0,0.0
2004-10-05 00:00:00+09:00,39.098239607842906,39.098239607842906,39.00537109375,39.00537109375,24000,0.0,0.0
2004-10-06 00:00:00+09:00,39.00536681250703,39.00536681250703,38.72675704956055,38.72675704956055,24000,0.0,0.0
2004-10-07 00:00:00+09:00,38.72675704956055,38.72675704956055,38.72675704956055,38.72675704956055,24000,0.0,0.0
2004-10-08 00:00:00+09:00,38.72676130022322,39.00537109375,38.72676130022322,39.00537109375,42000,0.0,0.0
2004-10-11 00:00:00+09:00,39.00537109375,39.00537109375,39.00537109375,39.00537109375,0,0.0,0.0
2004-10-12 00:00:00+09:00,39.00536681250703,39.00536681250703,38.72675704956055,38.72675704956055,18000,0.0,0.0
2004-10-13 00:00:00+09:00,38.81962555346017,38.81962555346017,38.72675704956055,38.72675704956055,48000,0.0,0.0
2004-10-14 00:00:00+09:00,38.44815473250993,38.54102325439453,38.44815473250993,38.54102325439453,12000,0.0,0.0
2004-10-15 00:00:00+09:00,38.0766716003418,38.0766716003418,38.0766716003418,38.0766716003418,6000,0.0,0.0
2004-10-18 00:00:00+09:00,37.79806121495828,37.89092972366898,37.61231994628906,37.61231994628906,66000,0.0,0.0
2004-10-19 00:00:00+09:00,37.98380292833818,38.1695442199707,37.98380292833818,38.1695442199707,42000,0.0,0.0
2004-10-20 00:00:00+09:00,37.14796829223633,37.240841050674796,37.14796829223633,37.14796829223633,24000,0.0,0.0
2004-10-21 00:00:00+09:00,37.14797049422542,37.14797049422542,35.75492154755137,36.21927261352539,102000,0.0,0.0
2004-10-22 00:00:00+09:00,36.21926910007288,36.312137603759766,36.21926910007288,36.312137603759766,36000,0.0,0.0
2004-10-25 00:00:00+09:00,37.147968900239924,38.0766709923382,36.869359122860004,37.61231994628906,138000,0.0,0.0
2004-10-26 00:00:00+09:00,37.98379883890029,38.0766716003418,37.98379883890029,38.0766716003418,18000,0.0,0.0
2004-10-27 00:00:00+09:00,37.6123193306854,37.6123193306854,37.14796829223633,37.14796829223633,30000,0.0,0.0
2004-10-28 00:00:00+09:00,38.0766716003418,38.0766716003418,38.0766716003418,38.0766716003418,36000,0.0,0.0
2004-10-29 00:00:00+09:00,38.355280864248854,39.93406677246094,38.169539595121854,39.93406677246094,102000,0.0,0.0
2004-11-01 00:00:00+09:00,39.934064230595304,40.86276626586913,39.934064230595304,40.86276626586914,24000,0.0,0.0
2004-11-02 00:00:00+09:00,41.32712173461914,41.41999450845153,41.32712173461914,41.32712173461914,60000,0.0,0.0
2004-11-03 00:00:00+09:00,41.32712173461914,41.32712173461914,41.32712173461914,41.32712173461914,0,0.0,0.0
2004-11-04 00:00:00+09:00,39.93406677246094,39.93406677246094,39.93406677246094,39.93406677246094,6000,0.0,0.0
2004-11-05 00:00:00+09:00,38.07667036913447,38.07667036913447,37.14796829223633,37.14796829223633,18000,0.0,0.0
2004-11-08 00:00:00+09:00,37.14796829223633,37.42657806505622,37.14796829223633,37.14796829223633,60000,0.0,0.0
2004-11-09 00:00:00+09:00,37.42657806505622,37.51945082349469,37.14796829223633,37.14796829223633,48000,0.0,0.0
2004-11-10 00:00:00+09:00,37.14796829223633,37.14796829223633,37.14796829223633,37.14796829223633,6000,0.0,0.0
2004-11-11 00:00:00+09:00,37.14797105315541,39.00537109375,37.14797105315541,39.00537109375,60000,0.0,0.0
2004-11-12 00:00:00+09:00,39.0053658320986,40.398414611816406,39.0053658320986,40.398414611816406,24000,0.0,0.0
2004-11-15 00:00:00+09:00,39.8411979675293,39.8411979675293,39.8411979675293,39.8411979675293,6000,0.0,0.0
2004-11-16 00:00:00+09:00,39.84119509992928,40.398414611816406,39.84119509992928,40.398414611816406,72000,0.0,0.0
2004-11-17 00:00:00+09:00,40.39841857845844,40.58415985107422,40.39841857845844,40.58415985107422,30000,0.0,0.0
2004-11-18 00:00:00+09:00,40.76989687244208,40.86276963437393,40.58415985107422,40.58415985107422,18000,0.0,0.0
2004-11-19 00:00:00+09:00,40.677028361758154,40.677028361758154,40.58415985107422,40.58415985107422,12000,0.0,0.0
2004-11-22 00:00:00+09:00,40.39841781965452,40.58415908878152,39.84119826352135,39.93406677246094,42000,0.0,0.0
2004-11-23 00:00:00+09:00,39.93406677246094,39.93406677246094,39.93406677246094,39.93406677246094,0,0.0,0.0
2004-11-24 00:00:00+09:00,39.00536650858048,39.00536650858048,38.54101549020533,38.633888244628906,18000,0.0,0.0
2004-11-25 00:00:00+09:00,38.912500630183835,39.09823764906442,37.14796919208322,37.7051887512207,150000,0.0,0.0
2004-11-26 00:00:00+09:00,37.79806181851307,38.16954011053541,37.705189057071564,38.0766716003418,30000,0.0,0.0
2004-11-29 00:00:00+09:00,37.51945203668434,38.0766716003418,37.51945203668434,38.0766716003418,36000,0.0,0.0
2004-11-30 00:00:00+09:00,38.0766716003418,38.16954011053541,37.98379883890029,38.0766716003418,96000,0.0,0.0
2004-12-01 00:00:00+09:00,37.61231964933491,38.076670691717936,37.51945114135742,37.51945114135742,36000,0.0,0.0
2004-12-02 00:00:00+09:00,37.61231964933491,37.7051881573124,37.51945114135742,37.51945114135742,84000,0.0,0.0
2004-12-03 00:00:00+09:00,37.89092254638672,37.98379103750631,37.89092254638672,37.89092254638672,54000,0.0,0.0
2004-12-06 00:00:00+09:00,39.283978300416464,39.46971956761923,37.51945114135742,37.51945114135742,162000,0.0,0.0
2004-12-07 00:00:00+09:00,37.5194468404105,37.61231533774225,37.24083709716797,37.24083709716797,96000,0.0,0.0
2004-12-08 00:00:00+09:00,37.14796829223633,37.6123193306854,37.14796829223633,37.14796829223633,132000,0.0,0.0
2004-12-09 00:00:00+09:00,37.14796434858892,37.33370559449971,37.14796434858892,37.24083709716797,30000,0.0,0.0
2004-12-10 00:00:00+09:00,37.24084381849638,39.00537109375,37.14797105315541,39.00537109375,36000,0.0,0.0
2004-12-13 00:00:00+09:00,39.46972050948542,39.56258901967903,38.0766716003418,38.0766716003418,90000,0.0,0.0
2004-12-14 00:00:00+09:00,37.6123193306854,37.79806059631458,37.14796829223633,37.14796829223633,228000,0.0,0.0
2004-12-15 00:00:00+09:00,37.240842254855615,38.26240862072902,37.240842254855615,38.0766716003418,348000,0.0,0.0
2004-12-16 00:00:00+09:00,38.72675812165254,45.413392617477434,38.72675812165254,41.6057243347168,426000,0.0,0.0
2004-12-17 00:00:00+09:00,40.86276626586913,41.97720530719968,38.44814692590377,40.86276626586914,270000,0.0,0.0
2004-12-20 00:00:00+09:00,41.69859770617204,42.07007598876953,40.86276838189185,42.07007598876953,126000,0.0,0.0
2004-12-21 00:00:00+09:00,41.791472850035696,41.791472850035696,41.32712173461914,41.32712173461914,84000,0.0,0.0
2004-12-22 00:00:00+09:00,41.79146339153421,41.79146339153421,40.398414611816406,40.398414611816406,12000,0.0,0.0
2004-12-23 00:00:00+09:00,40.398414611816406,40.398414611816406,40.398414611816406,40.398414611816406,0,0.0,0.0
2004-12-24 00:00:00+09:00,40.02693698487123,40.86276626586913,40.02693698487123,40.86276626586914,66000,0.0,0.0
2004-12-27 00:00:00+09:00,40.955634123703526,40.955634123703526,39.934063601494636,40.398414611816406,102000,0.0,0.0
2004-12-28 00:00:00+09:00,40.86276626586913,40.86276626586913,40.86276626586913,40.86276626586914,12000,0.0,0.0
2004-12-29 00:00:00+09:00,40.86276626586913,40.86276626586913,40.86276626586913,40.86276626586914,6000,0.0,0.0
2004-12-30 00:00:00+09:00,40.86276626586913,40.86276626586913,40.86276626586913,40.86276626586914,0,0.0,0.0
2004-12-31 00:00:00+09:00,40.86276626586913,40.86276626586913,40.86276626586913,40.86276626586914,0,0.0,0.0
2005-01-03 00:00:00+09:00,40.86276626586913,40.86276626586913,40.86276626586913,40.86276626586914,0,0.0,0.0
2005-01-04 00:00:00+09:00,40.86276626586913,40.86276626586913,40.86276626586913,40.86276626586914,0,0.0,0.0
2005-01-05 00:00:00+09:00,43.18450994501285,44.57755865291649,43.18450994501285,43.648860931396484,42000,0.0,0.0
2005-01-06 00:00:00+09:00,44.577561918756814,48.75670834864027,44.577561918756814,47.82801055908203,540000,0.0,0.0
2005-01-07 00:00:00+09:00,46.89931421182445,46.89931421182445,44.11321625367156,44.20608901977539,126000,0.0,0.0
2005-01-10 00:00:00+09:00,44.20608901977539,44.20608901977539,44.20608901977539,44.20608901977539,0,0.0,0.0
2005-01-11 00:00:00+09:00,44.57756434004572,47.45653061992439,44.57756434004572,46.89931106567383,132000,0.0,0.0
2005-01-12 00:00:00+09:00,46.89931771593357,47.177927532565356,46.43497085571288,46.43497085571289,48000,0.0,0.0
2005-01-13 00:00:00+09:00,47.36366271972656,48.84958013306673,47.36366271972656,47.36366271972656,162000,0.0,0.0
2005-01-14 00:00:00+09:00,48.10662355202059,48.199492061839386,45.599135525682115,47.36366271972656,54000,0.0,0.0
2005-01-17 00:00:00+09:00,46.62069671607017,46.89930646586989,46.4349597170353,46.527828216552734,30000,0.0,0.0
2005-01-18 00:00:00+09:00,46.434973640947774,46.52784216831261,45.04192447423183,45.50627136230469,60000,0.0,0.0
2005-01-19 00:00:00+09:00,44.67044186227512,45.50627136230469,44.67044186227512,45.50627136230469,18000,0.0,0.0
2005-01-20 00:00:00+09:00,45.50627136230469,45.50627136230469,45.50627136230469,45.50627136230469,0,0.0,0.0
2005-01-21 00:00:00+09:00,45.50627136230469,45.50627136230469,45.50627136230469,45.50627136230469,0,0.0,0.0
2005-01-24 00:00:00+09:00,44.7633101894171,45.41339831882053,44.7633101894171,45.134788513183594,48000,0.0,0.0
2005-01-25 00:00:00+09:00,44.57756890190972,45.22765703131316,44.57756890190972,45.134788513183594,90000,0.0,0.0
2005-01-26 00:00:00+09:00,45.50626863277467,46.43497085571288,45.50626863277467,46.43497085571289,18000,0.0,0.0
2005-01-27 00:00:00+09:00,46.80644315831801,47.36366271972656,46.80644315831801,47.36366271972656,60000,0.0,0.0
2005-01-28 00:00:00+09:00,47.82801377131631,47.92088228113511,46.43496486779494,47.36366271972656,78000,0.0,0.0
2005-01-31 00:00:00+09:00,47.36366271972656,47.36366271972656,47.36366271972656,47.36366271972656,30000,0.0,0.0
2005-02-01 00:00:00+09:00,47.735141010249635,47.735141010249635,47.27079420990776,47.36366271972656,36000,0.0,0.0
2005-02-02 00:00:00+09:00,47.36366271972656,47.45653122954536,47.36366271972656,47.36366271972656,24000,0.0,0.0
2005-02-03 00:00:00+09:00,45.04191970825195,45.13478822579018,44.949046939465504,45.04191970825195,36000,0.0,0.0
2005-02-04 00:00:00+09:00,45.970614649798215,45.970614649798215,45.59913635253906,45.59913635253906,12000,0.0,0.0
2005-02-07 00:00:00+09:00,45.97061974424378,46.62070789930179,45.97061974424378,46.43497085571289,24000,0.0,0.0
2005-02-08 00:00:00+09:00,46.43497085571288,46.43497085571288,46.43497085571288,46.43497085571289,0,0.0,0.0
2005-02-09 00:00:00+09:00,46.43497085571288,46.43497085571288,46.43497085571288,46.43497085571289,24000,0.0,0.0
2005-02-10 00:00:00+09:00,47.08505293902229,47.36366271972656,46.89931166813681,47.36366271972656,24000,0.0,0.0
2005-02-11 00:00:00+09:00,47.36366271972656,47.36366271972656,47.36366271972656,47.36366271972656,0,0.0,0.0
2005-02-14 00:00:00+09:00,48.292354583740234,48.292354583740234,48.292354583740234,48.292354583740234,12000,0.0,0.0
2005-02-15 00:00:00+09:00,48.292359015860136,48.849578559317166,48.292359015860136,48.756710052490234,96000,0.0,0.0
2005-02-16 00:00:00+09:00,48.75671598646376,50.52124333841493,48.75671598646376,50.14976501464844,72000,0.0,0.0
2005-02-17 00:00:00+09:00,50.614116107792746,50.70698462592231,50.14976501464844,50.14976501464844,42000,0.0,0.0
2005-02-18 00:00:00+09:00,50.242633532778,50.335506302155814,50.14976501464844,50.14976501464844,48000,0.0,0.0
2005-02-21 00:00:00+09:00,50.14976501464844,50.14976501464844,50.14976501464844,50.14976501464844,24000,0.0,0.0
2005-02-22 00:00:00+09:00,50.33550783785657,51.07846450805664,50.14976654468236,51.07846450805664,24000,0.0,0.0
2005-02-23 00:00:00+09:00,50.14976501464844,51.078462949688806,49.03532579210069,50.14976501464844,60000,0.0,0.0
2005-02-24 00:00:00+09:00,48.19948797152779,49.406795501708984,48.19948797152779,49.406795501708984,84000,0.0,0.0
2005-02-25 00:00:00+09:00,47.177915599105866,49.22105657176711,47.177915599105866,48.292354583740234,126000,0.0,0.0
2005-02-28 00:00:00+09:00,49.68540573120117,49.68540573120117,49.68540573120117,49.68540573120117,24000,0.0,0.0
2005-03-01 00:00:00+09:00,49.96402525150815,51.07846450805664,49.96402525150815,51.07846450805664,36000,0.0,0.0
2005-03-02 00:00:00+09:00,51.54280535717541,52.65724439192515,51.54280535717541,52.00715637207031,132000,0.0,0.0
2005-03-03 00:00:00+09:00,51.54281561536798,51.54281561536798,51.07846450805664,51.07846450805664,60000,0.0,0.0
2005-03-04 00:00:00+09:00,50.14976179071096,50.614112854003906,50.14976179071096,50.614112854003906,42000,0.0,0.0
2005-03-07 00:00:00+09:00,51.07846450805664,51.17133728026794,51.07846450805664,51.07846450805664,84000,0.0,0.0
2005-03-08 00:00:00+09:00,51.07845434228051,52.935854150612585,51.07845434228051,52.00715637207031,126000,0.0,0.0
2005-03-09 00:00:00+09:00,52.007158664684766,53.40020751953126,52.007158664684766,53.40020751953125,150000,0.0,0.0
2005-03-10 00:00:00+09:00,53.77169412846497,53.86456264942789,51.07846450805664,51.07846450805664,84000,0.0,0.0
2005-03-11 00:00:00+09:00,51.07846450805664,51.07846450805664,51.07846450805664,51.07846450805664,0,0.0,0.0
2005-03-14 00:00:00+09:00,52.47150483554088,53.02872437096697,52.47150483554088,52.935855865478516,90000,0.0,0.0
2005-03-15 00:00:00+09:00,52.93587007577818,52.93587007577818,52.28578186035157,52.28578186035156,30000,0.0,0.0
2005-03-16 00:00:00+09:00,52.4714996969396,54.32889938354492,52.4714996969396,54.32889938354492,60000,0.0,0.0
2005-03-17 00:00:00+09:00,55.443350602661376,55.7219604046848,54.79326248168945,54.79326248168945,288000,0.0,0.0
2005-03-18 00:00:00+09:00,55.7219604046848,56.65065832768015,54.79326248168945,54.79326248168945,102000,0.0,0.0
2005-03-21 00:00:00+09:00,54.79326248168945,54.79326248168945,54.79326248168945,54.79326248168945,0,0.0,0.0
2005-03-22 00:00:00+09:00,54.79326210217997,57.11500901921154,54.79326210217997,57.02214050292969,222000,0.0,0.0
2005-03-23 00:00:00+09:00,56.65066146850586,57.20788110344608,54.79326551953743,56.65066146850586,372000,0.0,0.0
2005-03-24 00:00:00+09:00,55.7219480856871,55.7219480856871,54.32889938354492,54.32889938354492,18000,0.0,0.0
2005-03-25 00:00:00+09:00,53.40021991110931,54.79326908921435,53.40021991110931,53.864566802978516,270000,0.0,0.0
2005-03-28 00:00:00+09:00,54.80955060527422,57.83352733258175,54.80955060527422,57.644527435302734,162000,1.666667,0.0
2005-03-29 00:00:00+09:00,57.64452319538648,64.25947152945926,57.64452319538648,60.47949981689453,948000,0.0,0.0
2005-03-30 00:00:00+09:00,60.47950588606005,61.42450107194776,60.00701261894767,60.952003479003906,330000,0.0,0.0
2005-03-31 00:00:00+09:00,60.85750480730656,61.424500180275786,58.02252794246047,58.58952331542969,234000,0.0,0.0
2005-04-01 00:00:00+09:00,58.58952526599984,58.58952526599984,56.69953918457031,56.69953918457031,348000,0.0,0.0
2005-04-04 00:00:00+09:00,56.22703902028847,57.644527435302734,55.75454576583795,57.644527435302734,72000,0.0,0.0
2005-04-05 00:00:00+09:00,57.55002710891912,57.55002710891912,55.28204574502083,55.75454330444336,144000,0.0,0.0
2005-04-06 00:00:00+09:00,55.75454330444336,55.75454330444336,55.75454330444336,55.75454330444336,36000,0.0,0.0
2005-04-07 00:00:00+09:00,56.69953918457031,56.69953918457031,56.69953918457031,56.69953918457031,6000,0.0,0.0
2005-04-08 00:00:00+09:00,56.22704158275505,57.17203678638558,55.75454830677132,56.69953918457031,84000,0.0,0.0
2005-04-11 00:00:00+09:00,56.51053237915039,56.51053237915039,56.51053237915039,56.51053237915039,12000,0.0,0.0
2005-04-12 00:00:00+09:00,56.69955015182495,56.69955015182495,53.95907045254262,54.43156814575195,162000,0.0,0.0
2005-04-13 00:00:00+09:00,54.809541532527355,54.809541532527355,54.05355072021484,54.053550720214844,24000,0.0,0.0
2005-04-14 00:00:00+09:00,53.95905180308165,54.05355390456089,52.91956329345703,52.91956329345703,66000,0.0,0.0
2005-04-15 00:00:00+09:00,52.91956329345703,52.91956329345703,52.91956329345703,52.91956329345703,0,0.0,0.0
2005-04-18 00:00:00+09:00,52.447068304988925,52.447068304988925,49.13959408705494,50.7460823059082,96000,0.0,0.0
2005-04-19 00:00:00+09:00,51.40757076038572,51.40757076038572,51.02957534790039,51.02957534790039,54000,0.0,0.0
2005-04-20 00:00:00+09:00,51.31307298872206,51.31307298872206,51.02957534790039,51.02957534790039,18000,0.0,0.0
2005-04-21 00:00:00+09:00,50.840570214465174,51.02957006405323,49.990077380064285,50.08457946777344,36000,0.0,0.0
2005-04-22 00:00:00+09:00,51.02958287236135,51.21858276938796,51.02958287236135,51.124080657958984,48000,0.0,0.0
2005-04-25 00:00:00+09:00,50.084590636576756,51.502079010009766,50.084590636576756,51.502079010009766,36000,0.0,0.0
2005-04-26 00:00:00+09:00,51.50207285788007,51.50207285788007,51.02957534790039,51.02957534790039,30000,0.0,0.0
2005-04-27 00:00:00+09:00,51.029578265851484,51.50207580284931,51.029578265851484,51.40757369995117,90000,0.0,0.0
2005-04-28 00:00:00+09:00,51.97457504272461,51.97457504272461,51.50208177675162,51.97457504272461,18000,0.0,0.0
2005-04-29 00:00:00+09:00,51.97457504272461,51.97457504272461,51.97457504272461,51.97457504272461,0,0.0,0.0
2005-05-02 00:00:00+09:00,52.91956329345703,52.91956329345703,52.91956329345703,52.91956329345703,6000,0.0,0.0
2005-05-03 00:00:00+09:00,52.91956329345703,52.91956329345703,52.91956329345703,52.91956329345703,0,0.0,0.0
2005-05-04 00:00:00+09:00,52.91956329345703,52.91956329345703,52.91956329345703,52.91956329345703,0,0.0,0.0
2005-05-05 00:00:00+09:00,52.91956329345703,52.91956329345703,52.91956329345703,52.91956329345703,0,0.0,0.0
2005-05-06 00:00:00+09:00,55.47105532501132,55.565553123072576,53.864566802978516,53.864566802978516,90000,0.0,0.0
2005-05-09 00:00:00+09:00,53.864554464747044,54.80954520639546,53.864554464747044,54.242549896240234,36000,0.0,0.0
2005-05-10 00:00:00+09:00,53.864555261737,53.95905303955078,53.864555261737,53.95905303955078,12000,0.0,0.0
2005-05-11 00:00:00+09:00,53.959051638499304,54.33705139160156,53.67555398658804,54.33705139160156,30000,0.0,0.0
2005-05-12 00:00:00+09:00,53.864555261737,53.95905303955078,53.108560061733876,53.95905303955078,120000,0.0,0.0
2005-05-13 00:00:00+09:00,53.864566802978516,53.95906460103978,53.864566802978516,53.864566802978516,18000,0.0,0.0
2005-05-16 00:00:00+09:00,53.77005064509215,53.864548410887075,53.6755485534668,53.6755485534668,18000,0.0,0.0
2005-05-17 00:00:00+09:00,54.71504964407689,54.809547424316406,54.71504964407689,54.809547424316406,36000,0.0,0.0
2005-05-18 00:00:00+09:00,53.95905180308165,53.95905180308165,52.91956329345703,52.91956329345703,18000,0.0,0.0
2005-05-19 00:00:00+09:00,51.02958418494718,51.97457504272461,51.02958418494718,51.97457504272461,60000,0.0,0.0
2005-05-20 00:00:00+09:00,52.91956329345703,52.91956329345703,52.91956329345703,52.91956329345703,12000,0.0,0.0
2005-05-23 00:00:00+09:00,57.644529104346354,58.58952429227155,56.5105383395013,57.07753372192383,480000,0.0,0.0
2005-05-24 00:00:00+09:00,57.172034180852215,57.644527435302734,56.51053670329133,57.644527435302734,204000,0.0,0.0
2005-05-25 00:00:00+09:00,57.644530062369306,57.92802775829215,56.69953918457031,56.69953918457031,186000,0.0,0.0
2005-05-26 00:00:00+09:00,55.75454830677132,56.69953918457031,55.09305079906364,56.69953918457031,60000,0.0,0.0
2005-05-27 00:00:00+09:00,57.17203594436863,57.36103152164602,56.983036041259766,56.983036041259766,36000,0.0,0.0
2005-05-30 00:00:00+09:00,56.88853909046273,56.88853909046273,56.69953918457031,56.69953918457031,12000,0.0,0.0
2005-05-31 00:00:00+09:00,55.75454830677132,56.79403697460075,55.75454830677132,56.69953918457031,48000,0.0,0.0
2005-06-01 00:00:00+09:00,56.69953660057034,57.739029546857914,56.69953660057034,57.644527435302734,96000,0.0,0.0
2005-06-02 00:00:00+09:00,57.644527435302734,57.739029546857914,57.644527435302734,57.644527435302734,48000,0.0,0.0
2005-06-03 00:00:00+09:00,56.69953918457031,56.69953918457031,56.69953918457031,56.69953918457031,12000,0.0,0.0
2005-06-06 00:00:00+09:00,56.88853742307488,57.64452837282356,56.88853742307488,57.26653289794922,42000,0.0,0.0
2005-06-07 00:00:00+09:00,57.07751787044966,57.172019958496094,56.98302010823349,57.172019958496094,54000,0.0,0.0
2005-06-08 00:00:00+09:00,57.17203651827071,58.02252960205078,57.17203651827071,58.02252960205078,132000,0.0,0.0
2005-06-09 00:00:00+09:00,58.5895249912375,58.5895249912375,58.02252960205078,58.02252960205078,60000,0.0,0.0
2005-06-10 00:00:00+09:00,58.306016493991,58.306016493991,57.7390212098544,57.833518981933594,72000,0.0,0.0
2005-06-13 00:00:00+09:00,58.11703404176583,58.5895316954315,58.11703404176583,58.40053176879883,72000,0.0,0.0
2005-06-14 00:00:00+09:00,58.58952076102391,59.62900934892657,58.58952076102391,59.53451156616211,180000,0.0,0.0
2005-06-15 00:00:00+09:00,59.53451351378189,62.3694903477715,59.53451351378189,61.42449951171875,390000,0.0,0.0
2005-06-16 00:00:00+09:00,63.692480655744895,65.20446685092399,62.558489927902734,62.84198760986328,234000,0.0,0.0
2005-06-17 00:00:00+09:00,63.314483023506355,64.25947821284848,63.314483023506355,63.40898513793945,210000,0.0,0.0
2005-06-20 00:00:00+09:00,64.07049102625025,64.25949096679688,63.503495530442734,64.25949096679688,174000,0.0,0.0
2005-06-21 00:00:00+09:00,64.25948483034777,64.35398262868087,63.69248938868539,63.88148498535156,108000,0.0,0.0
2005-06-22 00:00:00+09:00,63.78697214127782,63.88146991732127,62.36948387147165,63.692474365234375,204000,0.0,0.0
2005-06-23 00:00:00+09:00,63.692480655744895,63.692480655744895,62.841987609863274,62.84198760986328,96000,0.0,0.0
2005-06-24 00:00:00+09:00,63.7869784411213,63.881476226497696,62.841987609863274,62.84198760986328,156000,0.0,0.0
2005-06-27 00:00:00+09:00,62.93650003463521,64.25949096679688,62.842002227278066,64.25949096679688,42000,0.0,0.0
2005-06-28 00:00:00+09:00,63.125499975181825,64.25949096679688,63.125499975181825,64.25949096679688,138000,0.0,0.0
2005-06-29 00:00:00+09:00,64.25946573411657,64.35396350436741,63.31447072828577,63.78696823120117,132000,0.0,0.0
2005-06-30 00:00:00+09:00,66.05495159659732,66.1494493700995,65.10996088408315,65.67695617675781,96000,0.0,0.0
2005-07-01 00:00:00+09:00,65.10996088408315,65.67695617675781,65.10996088408315,65.67695617675781,24000,0.0,0.0
2005-07-04 00:00:00+09:00,66.24396640295095,67.0944595336914,65.20447335676869,67.0944595336914,252000,0.0,0.0
2005-07-05 00:00:00+09:00,67.09444561088215,68.03943634033203,67.09444561088215,68.03943634033203,198000,0.0,0.0
2005-07-06 00:00:00+09:00,67.8504425393491,68.5119400024414,67.8504425393491,68.5119400024414,174000,0.0,0.0
2005-07-07 00:00:00+09:00,68.13393250412085,69.9294204711914,67.94493695819924,69.9294204711914,228000,0.0,0.0
2005-07-08 00:00:00+09:00,70.02392617010864,70.02392617010864,68.5119400024414,68.5119400024414,144000,0.0,0.0
2005-07-11 00:00:00+09:00,68.6064239501953,69.45691680908203,68.5119261855958,69.45691680908203,96000,0.0,0.0
2005-07-12 00:00:00+09:00,68.88992300979244,68.98442077636719,68.60642538423774,68.98442077636719,132000,0.0,0.0
2005-07-13 00:00:00+09:00,68.98442077636719,68.98442077636719,68.98442077636719,68.98442077636719,60000,0.0,0.0
2005-07-14 00:00:00+09:00,68.98442077636719,69.8349136530313,68.98442077636719,68.98442077636719,138000,0.0,0.0
2005-07-15 00:00:00+09:00,71.34690387321001,71.44140163978476,68.98442077636719,68.98442077636719,216000,0.0,0.0
2005-07-18 00:00:00+09:00,68.98442077636719,68.98442077636719,68.98442077636719,68.98442077636719,0,0.0,0.0
2005-07-19 00:00:00+09:00,70.30741110797675,71.4414016097183,70.30741110797675,70.40190887451172,264000,0.0,0.0
2005-07-20 00:00:00+09:00,70.40191471961802,73.89838428167143,70.40191471961802,73.70938873291016,324000,0.0,0.0
2005-07-21 00:00:00+09:00,73.70938110351562,75.69386444091796,73.70938110351562,75.12686920166016,216000,0.0,0.0
2005-07-22 00:00:00+09:00,75.50488142760099,75.5993748820336,74.55988632163958,74.65438842773438,168000,0.0,0.0
2005-07-25 00:00:00+09:00,73.70939332177296,74.65438842773438,73.70939332177296,74.65438842773438,420000,0.0,0.0
2005-07-26 00:00:00+09:00,74.9378750085659,76.54435866455225,74.9378750085659,76.1663589477539,162000,0.0,0.0
2005-07-27 00:00:00+09:00,75.69388295338169,75.78838506692398,74.18189239501953,74.18189239501953,174000,0.0,0.0
2005-07-28 00:00:00+09:00,74.0873856199346,74.18187906483391,69.17342367702392,69.2679214477539,246000,0.0,0.0
2005-07-29 00:00:00+09:00,69.36242518176508,70.96890895125252,69.36242518176508,69.9294204711914,108000,0.0,0.0
2005-08-01 00:00:00+09:00,72.76439224979804,72.95339644649101,71.3469083587388,72.85889434814453,294000,0.0,0.0
2005-08-02 00:00:00+09:00,73.23689415408127,75.9773684919175,73.23689415408127,74.08738708496094,204000,0.0,0.0
2005-08-03 00:00:00+09:00,73.80388473362443,73.99288026676622,72.95339185699493,73.14238739013672,144000,0.0,0.0
2005-08-04 00:00:00+09:00,73.23688786976606,73.33138130842563,70.87440482504434,72.38639068603516,114000,0.0,0.0
2005-08-05 00:00:00+09:00,71.72489923515369,71.81939700168867,70.40190887451172,70.40190887451172,60000,0.0,0.0
2005-08-08 00:00:00+09:00,70.30741265587116,70.59091028754806,69.64591962390192,69.83491516113281,60000,0.0,0.0
2005-08-09 00:00:00+09:00,70.77990400274156,70.87440176314904,70.6854019165039,70.6854019165039,18000,0.0,0.0
2005-08-10 00:00:00+09:00,72.7643936857805,74.37088613106708,72.7643936857805,73.70938873291016,192000,0.0,0.0
2005-08-11 00:00:00+09:00,73.04788529773536,73.70938264122306,73.04788529773536,73.14238739013672,84000,0.0,0.0
2005-08-12 00:00:00+09:00,71.91391310372762,72.10290867361613,70.87442016601562,70.87442016601562,84000,0.0,0.0
2005-08-15 00:00:00+09:00,70.87442027043504,70.87442027043504,69.36243407994287,70.77992248535156,96000,0.0,0.0
2005-08-16 00:00:00+09:00,71.06341247174709,71.06341247174709,69.36242656943796,69.55142211914062,126000,0.0,0.0
2005-08-17 00:00:00+09:00,69.64592282647824,69.9294204711914,69.64592282647824,69.9294204711914,90000,0.0,0.0
2005-08-18 00:00:00+09:00,69.92941571600637,70.59090873341214,69.92941571600637,70.40190887451172,72000,0.0,0.0
2005-08-19 00:00:00+09:00,70.40191356903121,70.40191356903121,69.92942037901922,70.02391815185547,30000,0.0,0.0
2005-08-22 00:00:00+09:00,70.02392753738428,70.11842532288637,69.2679322758736,69.36243438720703,108000,0.0,0.0
2005-08-23 00:00:00+09:00,68.98442543826035,69.9294204711914,68.98442543826035,69.9294204711914,96000,0.0,0.0
2005-08-24 00:00:00+09:00,69.55142954763956,71.535913312288,69.55142954763956,70.87442016601562,66000,0.0,0.0
2005-08-25 00:00:00+09:00,69.55143383962802,71.9139175415039,69.55143383962802,71.9139175415039,132000,0.0,0.0
2005-08-26 00:00:00+09:00,71.81939705860205,71.81939705860205,71.72489929199219,71.72489929199219,12000,0.0,0.0
2005-08-29 00:00:00+09:00,71.06340627406223,71.72489929199219,70.68540655596185,71.72489929199219,54000,0.0,0.0
2005-08-30 00:00:00+09:00,70.87441117829171,70.87441117829171,69.9294204711914,69.9294204711914,18000,0.0,0.0
2005-08-31 00:00:00+09:00,70.1184266588387,70.21292877197266,70.1184266588387,70.21292877197266,12000,0.0,0.0
2005-09-01 00:00:00+09:00,70.40192258963175,71.3469177423995,70.40192258963175,70.87442016601562,114000,0.0,0.0
2005-09-02 00:00:00+09:00,71.91389906498348,72.00839683148025,70.8744063301971,71.81939697265625,72000,0.0,0.0
2005-09-05 00:00:00+09:00,71.81939697265625,72.19739669030427,71.81939697265625,71.81939697265625,48000,0.0,0.0
2005-09-06 00:00:00+09:00,71.81941343776995,72.95340852486004,71.81941343776995,72.764404296875,180000,0.0,0.0
2005-09-07 00:00:00+09:00,72.76440602943414,73.70940123687149,72.66991256485458,73.23690795898438,222000,0.0,0.0
2005-09-08 00:00:00+09:00,73.23688942509065,73.23688942509065,71.72489920615948,71.81939697265625,48000,0.0,0.0
2005-09-09 00:00:00+09:00,71.34691744121294,72.29190826416016,71.34691744121294,72.29190826416016,48000,0.0,0.0
2005-09-12 00:00:00+09:00,72.1029111280846,72.95340852486004,72.1029111280846,72.764404296875,84000,0.0,0.0
2005-09-13 00:00:00+09:00,72.38639222329782,72.66989417444907,71.44140158083869,71.81939697265625,120000,0.0,0.0
2005-09-14 00:00:00+09:00,72.76438767219219,73.14238739013672,71.72489926242089,73.14238739013672,138000,0.0,0.0
2005-09-15 00:00:00+09:00,73.23690586624818,75.50488737796,73.04790163916363,74.18189239501953,174000,0.0,0.0
2005-09-16 00:00:00+09:00,74.55989185561721,75.78838471938191,74.4653897425083,75.59938049316406,114000,0.0,0.0
2005-09-19 00:00:00+09:00,75.59938049316406,75.59938049316406,75.59938049316406,75.59938049316406,0,0.0,0.0
2005-09-20 00:00:00+09:00,75.693882606273,77.58386430681168,75.1268872309451,75.59938049316406,312000,0.0,0.0
2005-09-21 00:00:00+09:00,76.07186694799982,78.43434143066405,76.07186694799982,78.43434143066406,168000,0.0,0.0
2005-09-22 00:00:00+09:00,78.43432845888931,81.93080153516466,78.05633744910686,81.74180603027344,360000,0.0,0.0
2005-09-23 00:00:00+09:00,81.74180603027344,81.74180603027344,81.74180603027344,81.74180603027344,0,0.0,0.0
2005-09-26 00:00:00+09:00,81.64735535303969,84.95482635498047,81.64735535303969,84.95482635498047,222000,0.0,0.0
2005-09-27 00:00:00+09:00,84.95479688651993,85.52179221312998,80.3243408203125,80.3243408203125,312000,0.0,0.0
2005-09-28 00:00:00+09:00,80.41884507208846,80.41884507208846,78.43436116248154,79.37935638427734,108000,0.0,0.0
2005-09-29 00:00:00+09:00,78.90685272216797,79.37934594509665,78.90685272216797,78.90685272216797,84000,0.0,0.0
2005-09-30 00:00:00+09:00,79.00135656522637,79.37935638427734,78.90686309921107,79.37935638427734,72000,0.0,0.0
2005-10-03 00:00:00+09:00,79.37934126420456,79.47384336388247,77.96185302734375,77.96185302734375,96000,0.0,0.0
2005-10-04 00:00:00+09:00,78.43435702336743,78.90685893516223,77.01686859130861,77.0168685913086,96000,0.0,0.0
2005-10-05 00:00:00+09:00,77.01685812512189,77.48935997270617,76.54436492919922,76.54436492919922,72000,0.0,0.0
2005-10-06 00:00:00+09:00,75.88286470383416,76.07186889648438,75.59936706652013,76.07186889648438,54000,0.0,0.0
2005-10-07 00:00:00+09:00,75.69388116295657,75.97737884521484,75.69388116295657,75.97737884521484,12000,0.0,0.0
2005-10-10 00:00:00+09:00,75.97737884521484,75.97737884521484,75.97737884521484,75.97737884521484,0,0.0,0.0
2005-10-11 00:00:00+09:00,75.88286132307039,76.35536313198354,75.88286132307039,76.1663589477539,24000,0.0,0.0
2005-10-12 00:00:00+09:00,76.54438122113956,77.67837205404534,76.35538563287642,77.58386993408203,120000,0.0,0.0
2005-10-13 00:00:00+09:00,77.86734617055886,78.43434143066405,77.86734617055886,78.43434143066406,36000,0.0,0.0
2005-10-14 00:00:00+09:00,78.8123628869511,78.8123628869511,77.58386993408203,77.58386993408203,108000,0.0,0.0
2005-10-17 00:00:00+09:00,78.43434143066405,78.52884352456861,78.43434143066405,78.43434143066406,72000,0.0,0.0
2005-10-18 00:00:00+09:00,78.90684324852576,79.0958387846738,78.43434143066405,78.43434143066406,72000,0.0,0.0
2005-10-19 00:00:00+09:00,78.71785480141922,78.81235691422074,77.96186385399534,78.05636596679688,60000,0.0,0.0
2005-10-20 00:00:00+09:00,78.150848575038,78.43434622241016,77.96185302734375,77.96185302734375,30000,0.0,0.0
2005-10-21 00:00:00+09:00,77.4893569946289,77.58385043918489,77.4893569946289,77.4893569946289,30000,0.0,0.0
2005-10-24 00:00:00+09:00,76.92237255107784,77.01686600893821,76.35537719726562,76.35537719726562,102000,0.0,0.0
2005-10-25 00:00:00+09:00,74.7488678231629,75.88285827636719,74.7488678231629,75.88285827636719,186000,0.0,0.0
2005-10-26 00:00:00+09:00,75.88286470383416,77.3948549867294,75.88286470383416,76.07186889648438,90000,0.0,0.0
2005-10-27 00:00:00+09:00,75.59936988569227,76.92236467693432,75.59936988569227,76.54436492919922,60000,0.0,0.0
2005-10-28 00:00:00+09:00,76.92237513027987,77.01686859130861,76.82787301758836,77.0168685913086,120000,0.0,0.0
2005-10-31 00:00:00+09:00,77.01685516520385,77.4893569946289,76.92236172064787,77.4893569946289,114000,0.0,0.0
2005-11-01 00:00:00+09:00,77.96188644740893,78.33988635649692,77.96188644740893,78.2453842163086,30000,0.0,0.0
2005-11-02 00:00:00+09:00,77.48939304979791,78.2453842163086,77.48939304979791,78.2453842163086,24000,0.0,0.0
2005-11-03 00:00:00+09:00,78.2453842163086,78.2453842163086,78.2453842163086,78.2453842163086,0,0.0,0.0
2005-11-04 00:00:00+09:00,78.33988635649692,78.33988635649692,77.8673843072206,78.2453842163086,78000,0.0,0.0
2005-11-07 00:00:00+09:00,78.15085777780763,78.62335968017578,78.15085777780763,78.62335968017578,120000,0.0,0.0
2005-11-08 00:00:00+09:00,78.62336766061857,81.36384263553505,78.62336766061857,81.26934051513672,162000,0.0,0.0
2005-11-09 00:00:00+09:00,81.36380928302633,82.21430206298828,81.36380928302633,82.21430206298828,12000,0.0,0.0
2005-11-10 00:00:00+09:00,82.21430206298828,83.63179002959151,81.26930720136613,82.21430206298828,192000,0.0,0.0
2005-11-11 00:00:00+09:00,82.21433127798686,82.21433127798686,81.2693360805591,81.36383819580078,84000,0.0,0.0
2005-11-14 00:00:00+09:00,86.08881516133518,88.82929922034279,85.99432167769,86.75031280517578,828000,0.0,0.0
2005-11-15 00:00:00+09:00,87.31727467854817,87.41177677745543,84.67129377409893,85.0492935180664,276000,0.0,0.0
2005-11-16 00:00:00+09:00,85.0492935180664,85.0492935180664,85.0492935180664,85.0492935180664,138000,0.0,0.0
2005-11-17 00:00:00+09:00,85.04929933419584,85.8997923275378,85.04929933419584,85.80529022216797,66000,0.0,0.0
2005-11-18 00:00:00+09:00,86.46678623400236,87.88427453292043,85.71079535846671,86.18328857421875,240000,0.0,0.0
2005-11-21 00:00:00+09:00,87.78978285810295,89.01827574699156,87.78978285810295,87.88428497314453,414000,0.0,0.0
2005-11-22 00:00:00+09:00,88.7347842595173,89.67977952103581,87.88429111964972,88.26229095458984,120000,0.0,0.0
2005-11-23 00:00:00+09:00,88.26229095458986,88.26229095458986,88.26229095458986,88.26229095458984,0,0.0,0.0
2005-11-24 00:00:00+09:00,88.35679789811488,88.82929992675783,88.35679789811488,88.82929992675781,48000,0.0,0.0
2005-11-25 00:00:00+09:00,87.78975075973328,87.88425284022229,86.93925799031177,87.03376007080078,168000,0.0,0.0
2005-11-28 00:00:00+09:00,87.03381081847442,87.41181070917476,86.46681530825634,86.56131744384766,150000,0.0,0.0
2005-11-29 00:00:00+09:00,86.56130173726604,86.93929290771486,86.46679961882218,86.93929290771484,102000,0.0,0.0
2005-11-30 00:00:00+09:00,87.41181114415883,88.82929992675783,86.93930911551588,88.82929992675781,72000,0.0,0.0
2005-12-01 00:00:00+09:00,88.82926623990326,89.9632568359375,87.41177799486044,89.9632568359375,162000,0.0,0.0
2005-12-02 00:00:00+09:00,90.62475143371411,90.71925354003906,90.62475143371411,90.71925354003906,96000,0.0,0.0
2005-12-05 00:00:00+09:00,93.08175730709462,94.4992459531333,92.98725518013734,94.31024169921875,276000,0.0,0.0
2005-12-06 00:00:00+09:00,94.40471653980613,95.63320922851564,94.02671679289669,95.63320922851562,192000,0.0,0.0
2005-12-07 00:00:00+09:00,95.63319210643442,96.0111831340071,93.55420684814453,93.55420684814453,324000,0.0,0.0
2005-12-08 00:00:00+09:00,92.60923510490247,92.79823931755236,90.62475143371411,90.71925354003906,288000,0.0,0.0
2005-12-09 00:00:00+09:00,89.96327333912232,90.0577668050183,89.7742691040039,89.7742691040039,78000,0.0,0.0
2005-12-12 00:00:00+09:00,89.77424651470871,91.47523229278737,89.77424651470871,90.8137435913086,144000,0.0,0.0
2005-12-13 00:00:00+09:00,92.13673382564403,92.32572937011717,92.13673382564403,92.32572937011719,30000,0.0,0.0
2005-12-14 00:00:00+09:00,93.176227154945,93.176227154945,92.98723160061965,93.08173370361328,126000,0.0,0.0
2005-12-15 00:00:00+09:00,93.93225049471783,94.31024169921875,93.93225049471783,94.31024169921875,12000,0.0,0.0
2005-12-16 00:00:00+09:00,94.40471649169922,96.01120027483793,94.40471649169922,94.40471649169922,246000,0.0,0.0
2005-12-19 00:00:00+09:00,95.25522591634999,95.91672342465678,94.68823052399077,95.44422149658203,222000,0.0,0.0
2005-12-20 00:00:00+09:00,95.72770689706668,98.18469238281251,95.72770689706668,98.1846923828125,234000,0.0,0.0
2005-12-21 00:00:00+09:00,97.80667583126046,97.80667583126046,95.91669464111328,95.91669464111328,126000,0.0,0.0
2005-12-22 00:00:00+09:00,94.49923494375872,95.44422149658203,94.49923494375872,95.44422149658203,186000,0.0,0.0
2005-12-23 00:00:00+09:00,95.44422149658203,95.44422149658203,95.44422149658203,95.44422149658203,0,0.0,0.0
2005-12-26 00:00:00+09:00,96.2946929291926,97.80668318600338,95.91670185373577,97.7121810913086,138000,0.0,0.0
2005-12-27 00:00:00+09:00,98.09021069054343,98.46821053277641,96.38922437799066,96.48372650146484,150000,0.0,0.0
2005-12-28 00:00:00+09:00,95.72770551479589,97.33419799804688,95.72770551479589,97.33419799804688,24000,0.0,0.0
2005-12-29 00:00:00+09:00,97.52321180808669,98.37370493431999,97.52321180808669,97.61771392822266,162000,0.0,0.0
2005-12-30 00:00:00+09:00,98.27916717529295,98.27916717529295,98.27916717529295,98.27916717529297,48000,0.0,0.0
2006-01-02 00:00:00+09:00,98.27916717529295,98.27916717529295,98.27916717529295,98.27916717529297,0,0.0,0.0
2006-01-03 00:00:00+09:00,98.27916717529295,98.27916717529295,98.27916717529295,98.27916717529297,0,0.0,0.0
2006-01-04 00:00:00+09:00,99.22420057522295,99.88569812961234,99.22420057522295,99.3187026977539,84000,0.0,0.0
2006-01-05 00:00:00+09:00,99.88565636547978,101.11414018641094,99.4131546020508,99.41315460205078,204000,0.0,0.0
2006-01-06 00:00:00+09:00,100.16918154460076,101.586669921875,99.41318197561286,101.586669921875,180000,0.0,0.0
2006-01-09 00:00:00+09:00,101.586669921875,101.586669921875,101.586669921875,101.586669921875,0,0.0,0.0
2006-01-10 00:00:00+09:00,101.96464384391551,103.76013170262017,101.96464384391551,102.5316390991211,132000,0.0,0.0
2006-01-11 00:00:00+09:00,103.571158933336,104.8941452690581,103.00416355350325,103.94915008544922,228000,0.0,0.0
2006-01-12 00:00:00+09:00,105.83912626409054,108.86309833392338,105.83912626409054,108.67410278320312,114000,0.0,0.0
2006-01-13 00:00:00+09:00,108.67412079376918,110.46960045233091,106.78413036669144,109.14661407470703,192000,0.0,0.0
2006-01-16 00:00:00+09:00,109.14657765297434,113.0210420277646,109.14657765297434,112.83204650878906,186000,0.0,0.0
2006-01-17 00:00:00+09:00,112.83204482640976,112.92654691031859,110.46956194197007,110.5640640258789,342000,0.0,0.0
2006-01-18 00:00:00+09:00,110.09157090965503,120.0139869119775,94.31019873818776,110.5640640258789,978000,0.0,0.0
2006-01-19 00:00:00+09:00,105.83912658691406,108.67410311467371,103.9491364672998,105.83912658691406,186000,0.0,0.0
2006-01-20 00:00:00+09:00,108.10712197199797,109.80810811149621,103.571158933336,103.94915008544922,354000,0.0,0.0
2006-01-23 00:00:00+09:00,103.85464950900399,103.94914296472787,99.69667790728451,101.11416625976562,150000,0.0,0.0
2006-01-24 00:00:00+09:00,100.64167302615935,102.05916137864048,100.64167302615935,101.11416625976562,324000,0.0,0.0
2006-01-25 00:00:00+09:00,101.49217839873593,103.57116445280266,101.49217839873593,101.87017822265625,108000,0.0,0.0
2006-01-26 00:00:00+09:00,101.49215541415744,102.05915069580078,99.22417428758409,102.05915069580078,228000,0.0,0.0
2006-01-27 00:00:00+09:00,102.0591613262314,103.19315200763397,102.0591613262314,102.34265899658203,72000,0.0,0.0
2006-01-30 00:00:00+09:00,104.89413430978854,107.7291109127558,104.89413430978854,107.54011535644531,78000,0.0,0.0
2006-01-31 00:00:00+09:00,108.29610623334925,108.67410599763222,106.78411582787939,107.54011535644531,204000,0.0,0.0
2006-02-01 00:00:00+09:00,105.83912658691406,105.83912658691406,105.65012238395558,105.83912658691406,30000,0.0,0.0
2006-02-02 00:00:00+09:00,106.78414506544385,106.87864719530484,105.65015411376953,105.65015411376953,30000,0.0,0.0
2006-02-03 00:00:00+09:00,105.55566063557292,105.65015411376953,105.55566063557292,105.65015411376953,48000,0.0,0.0
2006-02-06 00:00:00+09:00,105.74462448543483,105.83912658691406,105.46112683265886,105.83912658691406,90000,0.0,0.0
2006-02-07 00:00:00+09:00,106.02812775544368,106.78411865234375,105.93362564895783,106.78411865234375,66000,0.0,0.0
2006-02-08 00:00:00+09:00,105.83914009965368,105.93363356153536,103.94914973873975,105.36663818359375,90000,0.0,0.0
2006-02-09 00:00:00+09:00,105.36663853503109,105.55564276275061,103.85465662325237,103.94915008544922,54000,0.0,0.0
2006-02-10 00:00:00+09:00,103.85462288917641,103.94911632067989,98.18467093256369,99.22415924072266,276000,0.0,0.0
2006-02-13 00:00:00+09:00,97.71221188262224,97.71221188262224,92.60925289094763,93.64875030517578,516000,0.0,0.0
2006-02-14 00:00:00+09:00,90.53025774478984,92.79823907742204,89.30176497239333,92.1367416381836,390000,0.0,0.0
2006-02-15 00:00:00+09:00,94.02670039660762,99.22415924072266,94.02670039660762,99.22415924072266,138000,0.0,0.0
2006-02-16 00:00:00+09:00,96.3892135620117,96.3892135620117,96.3892135620117,96.38921356201172,18000,0.0,0.0
2006-02-17 00:00:00+09:00,95.44418794098804,95.44418794098804,91.66422575530102,93.55420684814453,72000,0.0,0.0
2006-02-20 00:00:00+09:00,89.77425255227078,92.6092290397284,86.93927606481317,87.50627136230469,126000,0.0,0.0
2006-02-21 00:00:00+09:00,85.99428818481309,89.3017578125,85.0492931547619,89.3017578125,216000,0.0,0.0
2006-02-22 00:00:00+09:00,89.77425843177625,91.47524443565197,89.77425843177625,90.71925354003906,72000,0.0,0.0
2006-02-23 00:00:00+09:00,86.93927009726573,89.77424639012942,86.93927009726573,89.58525085449219,312000,0.0,0.0
2006-02-24 00:00:00+09:00,89.58527352054872,91.56975742764949,89.58527352054872,89.7742691040039,270000,0.0,0.0
2006-02-27 00:00:00+09:00,91.66426743575981,94.59373816397148,91.66426743575981,94.4992446899414,186000,0.0,0.0
2006-02-28 00:00:00+09:00,96.48371881701601,96.76721651319562,93.55423973927232,95.44422149658203,138000,0.0,0.0
2006-03-01 00:00:00+09:00,94.49922766070199,94.49922766070199,93.55423252904637,94.02672576904297,42000,0.0,0.0
2006-03-02 00:00:00+09:00,95.44423134022595,95.44423134022595,94.49924468994142,94.4992446899414,54000,0.0,0.0
2006-03-03 00:00:00+09:00,94.49924468994142,94.49924468994142,94.49924468994142,94.4992446899414,0,0.0,0.0
2006-03-06 00:00:00+09:00,92.60921197589275,93.64870893086773,92.60921197589275,93.55420684814453,30000,0.0,0.0
2006-03-07 00:00:00+09:00,92.6092163378927,93.55421125465482,92.6092163378927,93.45970916748047,84000,0.0,0.0
2006-03-08 00:00:00+09:00,92.13676238097305,92.13676238097305,90.24678039550781,90.24678039550781,96000,0.0,0.0
2006-03-09 00:00:00+09:00,89.86875562453773,93.17622534512874,89.86875562453773,92.6092300415039,84000,0.0,0.0
2006-03-10 00:00:00+09:00,92.60922864627905,93.081730493289,92.51473519820635,92.98722839355469,60000,0.0,0.0
2006-03-13 00:00:00+09:00,94.31020199706825,94.97169930396777,93.45970916748047,93.45970916748047,114000,0.0,0.0
2006-03-14 00:00:00+09:00,94.02669995844039,94.02669995844039,93.55420684814453,93.55420684814453,66000,0.0,0.0
2006-03-15 00:00:00+09:00,93.45972989257895,98.46819454524034,93.45972989257895,96.86170196533203,126000,0.0,0.0
2006-03-16 00:00:00+09:00,96.76718747442858,96.86168091035663,94.5937000215158,95.91669464111328,102000,0.0,0.0
2006-03-17 00:00:00+09:00,94.5937000215158,96.01118807704131,94.5937000215158,95.91669464111328,84000,0.0,0.0
2006-03-20 00:00:00+09:00,97.33418269663879,97.42867613256684,95.91669464111328,95.91669464111328,48000,0.0,0.0
2006-03-21 00:00:00+09:00,95.91669464111328,95.91669464111328,95.91669464111328,95.91669464111328,0,0.0,0.0
2006-03-22 00:00:00+09:00,97.33419799804688,97.33419799804688,97.33419799804688,97.33419799804688,24000,0.0,0.0
2006-03-23 00:00:00+09:00,97.33420399454464,97.9011993408203,97.33420399454464,97.90119934082031,54000,0.0,0.0
2006-03-24 00:00:00+09:00,97.90117333473304,100.16915411737814,97.90117333473304,99.22415924072266,144000,0.0,0.0
2006-03-27 00:00:00+09:00,97.33420873572295,97.33420873572295,96.3892135620117,96.38921356201172,96000,0.0,0.0
2006-03-28 00:00:00+09:00,95.34458241853908,95.914370777005,94.96472930908203,94.96472930908203,48000,0.833333,0.0
2006-03-29 00:00:00+09:00,95.34458241853908,95.914370777005,94.96472930908203,94.96472930908203,36000,0.0,0.0
2006-03-30 00:00:00+09:00,94.489896400064,95.05968473754032,94.01507568359375,94.01507568359375,90000,0.0,0.0
2006-03-31 00:00:00+09:00,93.54026678764824,94.96473781134704,92.11579576394944,93.06543731689453,78000,0.0,0.0
2006-04-03 00:00:00+09:00,93.0654405359881,93.0654405359881,92.11579895019531,92.11579895019531,54000,0.0,0.0
2006-04-04 00:00:00+09:00,92.11579576394944,93.25537258290848,92.11579576394944,93.06543731689453,66000,0.0,0.0
2006-04-05 00:00:00+09:00,93.06543087704449,94.48990180217415,92.11578938981175,93.5402603149414,204000,0.0,0.0
2006-04-06 00:00:00+09:00,94.96472930908203,94.96472930908203,94.96472930908203,94.96472930908203,6000,0.0,0.0
2006-04-07 00:00:00+09:00,95.05968823930611,95.15465586381055,94.77479406007315,94.96472930908203,42000,0.0,0.0
2006-04-10 00:00:00+09:00,95.15464697310549,95.2496145887367,94.4898910522461,94.4898910522461,30000,0.0,0.0
2006-04-11 00:00:00+09:00,94.4898910522461,94.4898910522461,94.4898910522461,94.4898910522461,6000,0.0,0.0
2006-04-12 00:00:00+09:00,94.96472930908203,94.96472930908203,94.96472930908203,94.96472930908203,18000,0.0,0.0
2006-04-13 00:00:00+09:00,93.5402603149414,93.5402603149414,93.5402603149414,93.5402603149414,12000,0.0,0.0
2006-04-14 00:00:00+09:00,93.5402603149414,93.5402603149414,93.5402603149414,93.5402603149414,0,0.0,0.0
2006-04-17 00:00:00+09:00,94.48989557367759,94.48989557367759,93.3503189086914,93.3503189086914,36000,0.0,0.0
2006-04-18 00:00:00+09:00,93.06545562711715,93.1604232788086,93.06545562711715,93.1604232788086,12000,0.0,0.0
2006-04-19 00:00:00+09:00,93.16040817227997,93.16040817227997,92.11579895019531,92.11579895019531,42000,0.0,0.0
2006-04-20 00:00:00+09:00,92.11577385979912,92.68556213378905,92.11577385979912,92.68556213378906,120000,0.0,0.0
2006-04-21 00:00:00+09:00,92.78052520751953,92.97046043688007,92.78052520751953,92.78052520751953,144000,0.0,0.0
2006-04-24 00:00:00+09:00,92.11579895019531,92.21075789220572,92.11579895019531,92.11579895019531,84000,0.0,0.0
2006-04-25 00:00:00+09:00,92.02083350548378,92.59062194824219,92.02083350548378,92.59062194824219,54000,0.0,0.0
2006-04-26 00:00:00+09:00,92.11579895019531,92.11579895019531,92.11579895019531,92.11579895019531,6000,0.0,0.0
2006-04-27 00:00:00+09:00,91.16615732827141,91.16615732827141,90.21650695800783,90.21650695800781,126000,0.0,0.0
2006-04-28 00:00:00+09:00,89.2668464207655,89.2668464207655,87.36754608154297,87.36754608154297,36000,0.0,0.0
2006-05-01 00:00:00+09:00,85.94307517426628,87.36754608154297,85.7531486180562,87.36754608154297,78000,0.0,0.0
2006-05-02 00:00:00+09:00,86.89273834228516,86.89273834228516,86.89273834228516,86.89273834228516,30000,0.0,0.0
2006-05-03 00:00:00+09:00,86.89273834228516,86.89273834228516,86.89273834228516,86.89273834228516,0,0.0,0.0
2006-05-04 00:00:00+09:00,86.89273834228516,86.89273834228516,86.89273834228516,86.89273834228516,0,0.0,0.0
2006-05-05 00:00:00+09:00,86.89273834228516,86.89273834228516,86.89273834228516,86.89273834228516,0,0.0,0.0
2006-05-08 00:00:00+09:00,87.36753391385979,87.4625015258789,87.36753391385979,87.4625015258789,12000,0.0,0.0
2006-05-09 00:00:00+09:00,87.4625015258789,87.84236327967612,87.36753391385979,87.4625015258789,60000,0.0,0.0
2006-05-10 00:00:00+09:00,87.4625015258789,87.4625015258789,87.4625015258789,87.4625015258789,24000,0.0,0.0
2006-05-11 00:00:00+09:00,87.55748748779295,87.55748748779295,87.55748748779295,87.55748748779297,6000,0.0,0.0
2006-05-12 00:00:00+09:00,87.46251370678823,87.55748133203349,87.36754608154297,87.36754608154297,30000,0.0,0.0
2006-05-15 00:00:00+09:00,86.89273834228516,86.89273834228516,86.89273834228516,86.89273834228516,6000,0.0,0.0
2006-05-16 00:00:00+09:00,85.65819768635028,85.65819768635028,84.23372650146484,84.23372650146484,66000,0.0,0.0
2006-05-17 00:00:00+09:00,84.23370604597304,84.23370604597304,78.72575793149923,78.82071685791016,174000,0.0,0.0
2006-05-18 00:00:00+09:00,77.58618463849596,77.68114356904147,74.07248685130226,75.11709594726562,222000,0.0,0.0
2006-05-19 00:00:00+09:00,75.1171114477499,75.1171114477499,74.07250213623047,74.07250213623047,84000,0.0,0.0
2006-05-22 00:00:00+09:00,86.60783585258152,88.31720103388247,77.96604231568863,78.63079833984375,1386000,0.0,0.0
2006-05-23 00:00:00+09:00,79.6753993612885,80.72001710604873,78.82071685791016,78.82071685791016,294000,0.0,0.0
2006-05-24 00:00:00+09:00,79.29556491562563,80.72003608959328,79.29556491562563,79.7703857421875,132000,0.0,0.0
2006-05-25 00:00:00+09:00,81.57472934310888,81.66968830413198,80.72004652820188,80.90997314453125,66000,0.0,0.0
2006-05-26 00:00:00+09:00,81.66968079093026,82.14451032949657,81.66968079093026,81.7646484375,48000,0.0,0.0
2006-05-29 00:00:00+09:00,81.19482421875,81.19482421875,81.19482421875,81.19482421875,18000,0.0,0.0
2006-05-30 00:00:00+09:00,80.9099622317774,80.9099622317774,79.67541765643796,79.96031188964844,210000,0.0,0.0
2006-05-31 00:00:00+09:00,78.8207203441852,79.29554977436177,78.72576141357422,78.72576141357422,156000,0.0,0.0
2006-06-01 00:00:00+09:00,78.82071624609617,80.90994302511982,78.82071624609617,80.72001647949219,78000,0.0,0.0
2006-06-02 00:00:00+09:00,80.72003608959328,80.72003608959328,77.871093741658,79.7703857421875,90000,0.0,0.0
2006-06-05 00:00:00+09:00,80.34015426580751,80.81497497448612,79.77036593768122,79.8653335571289,84000,0.0,0.0
2006-06-06 00:00:00+09:00,80.62504885953841,80.72001647949219,80.62504885953841,80.72001647949219,12000,0.0,0.0
2006-06-07 00:00:00+09:00,80.72001710604873,80.81497603245964,78.34589614301552,78.82071685791016,96000,0.0,0.0
2006-06-08 00:00:00+09:00,76.92144228377431,77.39626310348142,74.64228843832915,75.4969711303711,378000,0.0,0.0
2006-06-09 00:00:00+09:00,75.21205717261013,75.5919189453125,74.92716301665328,75.5919189453125,174000,0.0,0.0
2006-06-12 00:00:00+09:00,75.68689534174669,76.06675720214844,75.68689534174669,76.06675720214844,24000,0.0,0.0
2006-06-13 00:00:00+09:00,76.44661906255018,76.54157800693936,76.06675720214844,76.06675720214844,108000,0.0,0.0
2006-06-14 00:00:00+09:00,80.72001647949219,80.72001647949219,80.72001647949219,80.72001647949219,18000,0.0,0.0
2006-06-15 00:00:00+09:00,80.72002938777847,81.2898178100586,80.62506175263799,81.2898178100586,54000,0.0,0.0
2006-06-16 00:00:00+09:00,84.51860584172704,84.51860584172704,83.56896434870264,84.04378509521484,24000,0.0,0.0
2006-06-19 00:00:00+09:00,84.04378733410053,84.51860809326172,84.04378733410053,84.51860809326172,18000,0.0,0.0
2006-06-20 00:00:00+09:00,85.46825830586495,85.94307906502614,84.51860809326172,84.51860809326172,114000,0.0,0.0
2006-06-21 00:00:00+09:00,83.56897523079033,84.99344635009766,83.56897523079033,84.99344635009766,90000,0.0,0.0
2006-06-22 00:00:00+09:00,84.99344635009766,84.99344635009766,84.99344635009766,84.99344635009766,0,0.0,0.0
2006-06-23 00:00:00+09:00,86.70281721564008,86.79777616678764,86.41792297363281,86.41792297363281,24000,0.0,0.0
2006-06-26 00:00:00+09:00,85.46826957476021,86.41791991257377,85.46826957476021,86.32295227050781,72000,0.0,0.0
2006-06-27 00:00:00+09:00,85.56322479248047,85.65818372647577,85.56322479248047,85.56322479248047,36000,0.0,0.0
2006-06-28 00:00:00+09:00,85.37328646449605,85.56322171421489,84.99343335361918,85.46825408935547,90000,0.0,0.0
2006-06-29 00:00:00+09:00,87.08265190008763,87.36754608154297,87.08265190008763,87.36754608154297,24000,0.0,0.0
2006-06-30 00:00:00+09:00,89.64670107429403,90.12153051440264,89.55174214169678,89.74166870117188,192000,0.0,0.0
2006-07-03 00:00:00+09:00,88.41218266768371,88.41218266768371,85.46827260218114,86.41792297363281,108000,0.0,0.0
2006-07-04 00:00:00+09:00,86.89273827774684,86.98770591712791,84.51861684747406,84.99344635009766,168000,0.0,0.0
2006-07-05 00:00:00+09:00,85.65818487067325,85.65818487067325,84.51860809326172,84.51860809326172,66000,0.0,0.0
2006-07-06 00:00:00+09:00,82.61929321289062,82.61929321289062,82.61929321289062,82.61929321289062,6000,0.0,0.0
2006-07-07 00:00:00+09:00,82.8092677076976,83.09416198730469,82.61934108605404,83.09416198730469,84000,0.0,0.0
2006-07-10 00:00:00+09:00,83.09414978762004,83.18911743164062,83.09414978762004,83.18911743164062,24000,0.0,0.0
2006-07-11 00:00:00+09:00,82.61933456353847,83.56898498535156,82.61933456353847,83.56898498535156,24000,0.0,0.0
2006-07-12 00:00:00+09:00,82.61932036357508,82.61932036357508,81.66967010498047,81.66967010498047,24000,0.0,0.0
2006-07-13 00:00:00+09:00,81.66967010498047,82.61932036357508,81.66967010498047,81.66967010498047,60000,0.0,0.0
2006-07-14 00:00:00+09:00,85.46825716420445,85.56322479248047,85.46825716420445,85.56322479248047,84000,0.0,0.0
2006-07-17 00:00:00+09:00,85.56322479248047,85.56322479248047,85.56322479248047,85.56322479248047,0,0.0,0.0
2006-07-18 00:00:00+09:00,82.04954964179043,82.04954964179043,80.05528975466358,80.2452163696289,48000,0.0,0.0
2006-07-19 00:00:00+09:00,83.37905333511395,83.47402098973818,80.2452163696289,80.2452163696289,36000,0.0,0.0
2006-07-20 00:00:00+09:00,81.19484214515953,81.479736328125,81.19484214515953,81.479736328125,36000,0.0,0.0
2006-07-21 00:00:00+09:00,81.66965438375445,81.66965438375445,80.72001300224493,80.81497192382812,42000,0.0,0.0
2006-07-24 00:00:00+09:00,80.81497192382812,80.81497192382812,80.81497192382812,80.81497192382812,0,0.0,0.0
2006-07-25 00:00:00+09:00,80.7200285406671,81.85960537326814,80.7200285406671,81.66967010498047,36000,0.0,0.0
2006-07-26 00:00:00+09:00,79.7703857421875,79.7703857421875,79.7703857421875,79.7703857421875,12000,0.0,0.0
2006-07-27 00:00:00+09:00,78.82071685791016,78.82071685791016,78.82071685791016,78.82071685791016,6000,0.0,0.0
2006-07-28 00:00:00+09:00,79.7703857421875,79.7703857421875,79.7703857421875,79.7703857421875,6000,0.0,0.0
2006-07-31 00:00:00+09:00,78.82071685791016,78.82071685791016,78.63079031080831,78.82071685791016,24000,0.0,0.0
2006-08-01 00:00:00+09:00,79.77037780982063,79.86534544340225,78.72576861754767,78.91569519042969,36000,0.0,0.0
2006-08-02 00:00:00+09:00,81.47974088545492,81.47974088545492,81.38477325439453,81.38477325439453,12000,0.0,0.0
2006-08-03 00:00:00+09:00,79.7703857421875,79.7703857421875,79.7703857421875,79.7703857421875,12000,0.0,0.0
2006-08-04 00:00:00+09:00,78.91568447860108,79.01065209929202,78.82071685791016,78.82071685791016,36000,0.0,0.0
2006-08-07 00:00:00+09:00,79.7703857421875,79.7703857421875,79.7703857421875,79.7703857421875,6000,0.0,0.0
2006-08-08 00:00:00+09:00,79.6754180991623,79.7703857421875,79.6754180991623,79.7703857421875,12000,0.0,0.0
2006-08-09 00:00:00+09:00,79.7703857421875,79.7703857421875,79.7703857421875,79.7703857421875,0,0.0,0.0
2006-08-10 00:00:00+09:00,79.7703857421875,79.7703857421875,79.7703857421875,79.7703857421875,0,0.0,0.0
2006-08-11 00:00:00+09:00,79.39053356086025,81.09989917839755,78.82074502168115,80.2452163696289,96000,0.0,0.0
2006-08-14 00:00:00+09:00,79.58045170806606,81.66967010498047,79.58045170806606,81.66967010498047,36000,0.0,0.0
2006-08-15 00:00:00+09:00,81.66966614973289,84.51860809326172,81.66966614973289,84.51860809326172,30000,0.0,0.0
2006-08-16 00:00:00+09:00,83.3790496844193,83.56898498535156,83.3790496844193,83.56898498535156,48000,0.0,0.0
2006-08-17 00:00:00+09:00,83.5689662360198,83.66392517089844,83.5689662360198,83.66392517089844,24000,0.0,0.0
2006-08-18 00:00:00+09:00,83.56896657493934,84.51860809326172,83.56896657493934,84.51860809326172,18000,0.0,0.0
2006-08-21 00:00:00+09:00,84.51861116339246,84.8035053680941,84.42365222467934,84.61357879638672,48000,0.0,0.0
2006-08-22 00:00:00+09:00,84.51858441164588,84.51858441164588,82.61929321289062,82.61929321289062,12000,0.0,0.0
2006-08-23 00:00:00+09:00,83.56898498535156,83.56898498535156,83.56898498535156,83.56898498535156,6000,0.0,0.0
2006-08-24 00:00:00+09:00,82.99915493035303,84.99341373204349,82.61929321289062,82.61929321289062,42000,0.0,0.0
2006-08-25 00:00:00+09:00,82.61929321289062,82.71426081582582,82.61929321289062,82.61929321289062,42000,0.0,0.0
2006-08-28 00:00:00+09:00,82.61929321289062,82.61929321289062,82.61929321289062,82.61929321289062,0,0.0,0.0
2006-08-29 00:00:00+09:00,82.61929321289062,82.61929321289062,82.61929321289062,82.61929321289062,24000,0.0,0.0
2006-08-30 00:00:00+09:00,82.61929321289062,82.61929321289062,82.61929321289062,82.61929321289062,0,0.0,0.0
2006-08-31 00:00:00+09:00,82.71426081582582,82.71426081582582,82.61929321289062,82.61929321289062,24000,0.0,0.0
2006-09-01 00:00:00+09:00,82.71426081582582,82.71426081582582,82.61929321289062,82.61929321289062,12000,0.0,0.0
2006-09-04 00:00:00+09:00,82.61929321289062,82.71426081582582,82.61929321289062,82.61929321289062,24000,0.0,0.0
2006-09-05 00:00:00+09:00,82.61932036357508,82.61932036357508,81.66967010498047,81.66967010498047,72000,0.0,0.0
2006-09-06 00:00:00+09:00,82.1444725867714,82.61929321289062,82.1444725867714,82.61929321289062,12000,0.0,0.0
2006-09-07 00:00:00+09:00,82.14448547363281,82.14448547363281,82.14448547363281,82.14448547363281,12000,0.0,0.0
2006-09-08 00:00:00+09:00,82.14448547363281,82.14448547363281,82.14448547363281,82.14448547363281,42000,0.0,0.0
2006-09-11 00:00:00+09:00,81.66964485410013,81.66964485410013,81.19482421875,81.19482421875,24000,0.0,0.0
2006-09-12 00:00:00+09:00,80.90994302511982,80.90994302511982,79.9602929084218,80.72001647949219,42000,0.0,0.0
2006-09-13 00:00:00+09:00,80.72003630783274,80.72003630783274,80.62506866455078,80.62506866455078,30000,0.0,0.0
2006-09-14 00:00:00+09:00,80.72001300224493,80.81497192382812,80.72001300224493,80.81497192382812,42000,0.0,0.0
2006-09-15 00:00:00+09:00,80.81497540516602,80.81497540516602,80.72001647949219,80.72001647949219,60000,0.0,0.0
2006-09-18 00:00:00+09:00,80.72001647949219,80.72001647949219,80.72001647949219,80.72001647949219,0,0.0,0.0
2006-09-19 00:00:00+09:00,81.66965438375445,81.66965438375445,80.72001300224493,80.81497192382812,18000,0.0,0.0
2006-09-20 00:00:00+09:00,80.7200233416128,80.81498227535921,79.77037314418371,80.05526733398438,96000,0.0,0.0
2006-09-21 00:00:00+09:00,79.96029970595725,80.05526733398438,79.96029970595725,80.05526733398438,12000,0.0,0.0
2006-09-22 00:00:00+09:00,80.0552727490237,80.0552727490237,79.58045196533203,79.58045196533203,36000,0.0,0.0
2006-09-25 00:00:00+09:00,79.58044847366482,79.67540740966797,79.58044847366482,79.67540740966797,24000,0.0,0.0
2006-09-26 00:00:00+09:00,79.67540740966797,79.67540740966797,79.67540740966797,79.67540740966797,0,0.0,0.0
2006-09-27 00:00:00+09:00,79.67540740966797,79.67540740966797,79.67540740966797,79.67540740966797,6000,0.0,0.0
2006-09-28 00:00:00+09:00,79.58044931432687,79.67540825133314,79.2955551147461,79.2955551147461,54000,0.0,0.0
2006-09-29 00:00:00+09:00,78.91569519042969,78.91569519042969,78.91569519042969,78.91569519042969,12000,0.0,0.0
2006-10-02 00:00:00+09:00,79.20058748345883,79.2955551147461,79.20058748345883,79.2955551147461,12000,0.0,0.0
2006-10-03 00:00:00+09:00,81.57471116511789,81.66967010498047,81.57471116511789,81.66967010498047,12000,0.0,0.0
2006-10-04 00:00:00+09:00,81.66965790191024,81.66965790191024,80.72001647949219,80.72001647949219,18000,0.0,0.0
2006-10-05 00:00:00+09:00,79.77037503995201,79.77037503995201,79.67540740966797,79.67540740966797,18000,0.0,0.0
2006-10-06 00:00:00+09:00,79.29555703047495,79.29555703047495,78.91569519042969,78.91569519042969,30000,0.0,0.0
2006-10-09 00:00:00+09:00,78.91569519042969,78.91569519042969,78.91569519042969,78.91569519042969,0,0.0,0.0
2006-10-10 00:00:00+09:00,78.34591457661271,78.34591457661271,77.87109375,77.87109375,18000,0.0,0.0
2006-10-11 00:00:00+09:00,76.92143257450748,76.92143257450748,75.02214084113177,75.87682342529297,54000,0.0,0.0
2006-10-12 00:00:00+09:00,74.54731837567773,74.54731837567773,74.07249757139091,74.16746520996094,24000,0.0,0.0
2006-10-13 00:00:00+09:00,74.8322172087644,74.8322172087644,74.07250213623047,74.07250213623047,60000,0.0,0.0
2006-10-16 00:00:00+09:00,75.97179747013321,75.97179747013321,75.02215576171875,75.02215576171875,30000,0.0,0.0
2006-10-17 00:00:00+09:00,75.02215576171875,75.02215576171875,75.02215576171875,75.02215576171875,6000,0.0,0.0
2006-10-18 00:00:00+09:00,76.92143249511719,76.92143249511719,76.92143249511719,76.92143249511719,6000,0.0,0.0
2006-10-19 00:00:00+09:00,77.39627075195312,77.39627075195312,77.39627075195312,77.39627075195312,12000,0.0,0.0
2006-10-20 00:00:00+09:00,75.9717788696289,76.06674649493205,75.9717788696289,75.9717788696289,36000,0.0,0.0
2006-10-23 00:00:00+09:00,76.9214302424487,76.9214302424487,76.44660949707031,76.44660949707031,24000,0.0,0.0
2006-10-24 00:00:00+09:00,81.19484322758044,84.99343528251984,81.19484322758044,84.04378509521484,270000,0.0,0.0
2006-10-25 00:00:00+09:00,84.51861684747406,84.99344635009766,84.32869026299366,84.99344635009766,138000,0.0,0.0
2006-10-26 00:00:00+09:00,83.66392328143672,84.04378509521484,83.47399672168795,84.04378509521484,30000,0.0,0.0
2006-10-27 00:00:00+09:00,83.56896434870264,84.13875272222953,83.56896434870264,84.04378509521484,48000,0.0,0.0
2006-10-30 00:00:00+09:00,84.04378509521484,84.04378509521484,84.04378509521484,84.04378509521484,0,0.0,0.0
2006-10-31 00:00:00+09:00,84.04378509521484,84.04378509521484,84.04378509521484,84.04378509521484,0,0.0,0.0
2006-11-01 00:00:00+09:00,82.61932066183043,82.61932066183043,82.52435302734375,82.52435302734375,36000,0.0,0.0
2006-11-02 00:00:00+09:00,82.52433855640834,82.61930617424211,82.14448547363281,82.14448547363281,24000,0.0,0.0
2006-11-03 00:00:00+09:00,82.14448547363281,82.14448547363281,82.14448547363281,82.14448547363281,0,0.0,0.0
2006-11-06 00:00:00+09:00,82.04953224347297,82.52435302734375,82.04953224347297,82.52435302734375,60000,0.0,0.0
2006-11-07 00:00:00+09:00,82.3344264526517,82.61932066183043,82.3344264526517,82.52435302734375,48000,0.0,0.0
2006-11-08 00:00:00+09:00,82.52432560995541,82.61929321289062,82.52432560995541,82.61929321289062,24000,0.0,0.0
2006-11-09 00:00:00+09:00,82.52435652724046,82.52435652724046,82.42939758300781,82.42939758300781,18000,0.0,0.0
2006-11-10 00:00:00+09:00,81.66968771757665,82.61933818096954,79.77039548507403,80.2452163696289,216000,0.0,0.0
2006-11-13 00:00:00+09:00,81.09988253977765,85.56323097715955,81.09988253977765,81.2898178100586,216000,0.0,0.0
2006-11-14 00:00:00+09:00,81.57471202119865,82.61932123061844,80.90995596377806,81.2898178100586,198000,0.0,0.0
2006-11-15 00:00:00+09:00,81.7646324727883,83.09413579376447,79.96029970595725,80.05526733398438,534000,0.0,0.0
2006-11-16 00:00:00+09:00,80.15022772119205,81.19483675799695,79.77036593768122,79.8653335571289,198000,0.0,0.0
2006-11-17 00:00:00+09:00,80.72001647949219,81.47973135628263,80.53008123958462,80.72001647949219,60000,0.0,0.0
2006-11-20 00:00:00+09:00,81.38477065496053,81.47973828298765,78.82072294675463,80.05526733398438,396000,0.0,0.0
2006-11-21 00:00:00+09:00,80.05528975466358,80.2452163696289,79.96032210003935,80.2452163696289,36000,0.0,0.0
2006-11-22 00:00:00+09:00,80.72003630783274,80.72003630783274,80.62506866455078,80.62506866455078,54000,0.0,0.0
2006-11-23 00:00:00+09:00,80.62506866455078,80.62506866455078,80.62506866455078,80.62506866455078,0,0.0,0.0
2006-11-24 00:00:00+09:00,80.62506866455078,80.72003630783274,80.62506866455078,80.62506866455078,36000,0.0,0.0
2006-11-27 00:00:00+09:00,80.72003630783274,80.72003630783274,80.62506866455078,80.62506866455078,24000,0.0,0.0
2006-11-28 00:00:00+09:00,80.62507323949106,80.62507323949106,80.53010559082031,80.53010559082031,24000,0.0,0.0
2006-11-29 00:00:00+09:00,80.62506175263799,81.66967096205778,80.62506175263799,81.2898178100586,156000,0.0,0.0
2006-11-30 00:00:00+09:00,81.28979024318977,83.56894315940745,81.28979024318977,82.61929321289062,84000,0.0,0.0
2006-12-01 00:00:00+09:00,84.4236476807494,86.41790700632394,84.4236476807494,84.70854187011719,198000,0.0,0.0
2006-12-04 00:00:00+09:00,84.8035022876146,84.89846991715918,84.51860809326172,84.51860809326172,72000,0.0,0.0
2006-12-05 00:00:00+09:00,85.1833724975586,85.1833724975586,85.1833724975586,85.1833724975586,24000,0.0,0.0
2006-12-06 00:00:00+09:00,85.94309344076584,86.41792297363281,85.94309344076584,86.41792297363281,18000,0.0,0.0
2006-12-07 00:00:00+09:00,86.41792297363281,86.60784957021022,86.41792297363281,86.41792297363281,54000,0.0,0.0
2006-12-08 00:00:00+09:00,85.27833174105663,85.46825830586495,84.1387549636451,84.51860809326172,174000,0.0,0.0
2006-12-11 00:00:00+09:00,84.99342804583968,86.41789885837174,84.99342804583968,85.94306945800781,60000,0.0,0.0
2006-12-12 00:00:00+09:00,86.03804554529914,86.13301317357516,85.56322479248047,85.56322479248047,24000,0.0,0.0
2006-12-13 00:00:00+09:00,86.41791270179642,86.41791270179642,84.99344166107605,86.13301849365234,120000,0.0,0.0
2006-12-14 00:00:00+09:00,86.60784417978687,88.9819656135109,86.60784417978687,88.79203033447266,186000,0.0,0.0
2006-12-15 00:00:00+09:00,90.12153051440264,90.31145707387772,89.74166870117188,89.74166870117188,180000,0.0,0.0
2006-12-18 00:00:00+09:00,90.21649526949693,93.06543731689453,90.21649526949693,93.06543731689453,354000,0.0,0.0
2006-12-19 00:00:00+09:00,92.49564871259862,92.59061634540556,91.16614532470703,91.16614532470703,78000,0.0,0.0
2006-12-20 00:00:00+09:00,92.9704815939777,93.0654405359881,92.11579895019531,92.11579895019531,96000,0.0,0.0
2006-12-21 00:00:00+09:00,92.78054632139398,92.87551395768584,92.11579895019531,92.11579895019531,84000,0.0,0.0
2006-12-22 00:00:00+09:00,92.11580395908946,92.30573054771918,91.64097444609226,91.8309097290039,90000,0.0,0.0
2006-12-25 00:00:00+09:00,91.73593373298644,91.9258603043192,91.16614532470703,91.16614532470703,90000,0.0,0.0
2006-12-26 00:00:00+09:00,91.16614532470703,91.6409661001795,91.16614532470703,91.16614532470703,48000,0.0,0.0
2006-12-27 00:00:00+09:00,91.45104217529297,91.45104217529297,91.45104217529297,91.45104217529297,24000,0.0,0.0
2006-12-28 00:00:00+09:00,92.11579895019531,92.11579895019531,92.11579895019531,92.11579895019531,24000,0.0,0.0
2006-12-29 00:00:00+09:00,92.11580114403739,92.59062194824219,92.11580114403739,92.59062194824219,36000,0.0,0.0
2007-01-04 00:00:00+09:00,92.5906162310086,92.5906162310086,92.11579545612277,92.21075439453125,24000,0.0,0.0
2007-01-05 00:00:00+09:00,92.30572552849758,92.40069316478944,91.92586367761159,92.11579895019531,60000,0.0,0.0
2007-01-09 00:00:00+09:00,92.11579895019531,92.11579895019531,92.11579895019531,92.11579895019531,0,0.0,0.0
2007-01-10 00:00:00+09:00,92.49565210679985,92.59061974309171,92.11579895019531,92.11579895019531,48000,0.0,0.0
2007-01-11 00:00:00+09:00,92.68558958679581,92.68558958679581,92.59062194824219,92.59062194824219,24000,0.0,0.0
2007-01-12 00:00:00+09:00,92.2107570331771,92.49565124511719,92.2107570331771,92.49565124511719,24000,0.0,0.0
2007-01-15 00:00:00+09:00,91.92586367761159,92.11579895019531,91.92586367761159,92.11579895019531,18000,0.0,0.0
2007-01-16 00:00:00+09:00,92.11579895019531,92.11579895019531,92.11579895019531,92.11579895019531,60000,0.0,0.0
2007-01-17 00:00:00+09:00,92.115807698535,92.115807698535,89.64671847470612,90.21650695800781,48000,0.0,0.0
2007-01-18 00:00:00+09:00,90.21650544742147,90.59636732802295,90.21650544742147,90.40644073486328,36000,0.0,0.0
2007-01-19 00:00:00+09:00,91.16614532470703,91.16614532470703,91.07117769190008,91.16614532470703,24000,0.0,0.0
2007-01-22 00:00:00+09:00,91.16614867012106,92.11579895019531,91.16614867012106,92.11579895019531,48000,0.0,0.0
2007-01-23 00:00:00+09:00,92.11579576394944,94.01508756412079,92.11579576394944,93.06543731689453,84000,0.0,0.0
2007-01-24 00:00:00+09:00,94.48990802483301,94.48990802483301,92.21075439453125,92.21075439453125,120000,0.0,0.0
2007-01-25 00:00:00+09:00,93.06544275244698,93.06544275244698,92.59062194824219,92.59062194824219,60000,0.0,0.0
2007-01-26 00:00:00+09:00,92.59061356507021,92.59061356507021,91.83089860827096,91.92585754394531,60000,0.0,0.0
2007-01-29 00:00:00+09:00,91.92583774938105,92.40066710263044,91.92583774938105,92.02080535888672,108000,0.0,0.0
2007-01-30 00:00:00+09:00,92.02083631763362,92.11580395908946,91.64097444609226,91.8309097290039,144000,0.0,0.0
2007-01-31 00:00:00+09:00,91.8309097290039,91.8309097290039,91.16615362737697,91.8309097290039,90000,0.0,0.0
2007-02-01 00:00:00+09:00,91.8309097290039,91.8309097290039,91.8309097290039,91.8309097290039,12000,0.0,0.0
2007-02-02 00:00:00+09:00,92.02080535888672,92.1157729683924,92.02080535888672,92.02080535888672,48000,0.0,0.0
2007-02-05 00:00:00+09:00,93.06542471722544,94.01507483588324,92.30570983886719,92.30570983886719,60000,0.0,0.0
2007-02-06 00:00:00+09:00,93.63523407971223,93.73020172119142,93.54027513251499,93.7302017211914,84000,0.0,0.0
2007-02-07 00:00:00+09:00,94.39494287001921,94.48990180217415,92.87550431845405,93.5402603149414,120000,0.0,0.0
2007-02-08 00:00:00+09:00,93.73021180039152,93.73021180039152,93.1604232788086,93.1604232788086,24000,0.0,0.0
2007-02-09 00:00:00+09:00,93.5402603149414,93.5402603149414,93.06543087704449,93.5402603149414,36000,0.0,0.0
2007-02-13 00:00:00+09:00,96.00932021959065,96.10428782611045,94.29995546790654,94.67981719970703,90000,0.0,0.0
2007-02-14 00:00:00+09:00,94.96473124007107,94.96473124007107,92.87550431845405,93.5402603149414,174000,0.0,0.0
2007-02-15 00:00:00+09:00,93.35032506207043,93.5402603149414,93.35032506207043,93.5402603149414,12000,0.0,0.0
2007-02-16 00:00:00+09:00,94.01507568359375,94.01507568359375,94.01507568359375,94.01507568359375,42000,0.0,0.0
2007-02-19 00:00:00+09:00,94.01509375437894,94.01509375437894,93.06544344462463,93.25537872314453,66000,0.0,0.0
2007-02-20 00:00:00+09:00,93.4453053073827,93.4453053073827,93.25537872314453,93.25537872314453,24000,0.0,0.0
2007-02-21 00:00:00+09:00,93.54027294664265,93.54027294664265,93.06544344462463,93.25537872314453,60000,0.0,0.0
2007-02-22 00:00:00+09:00,93.25539093050003,93.25539093050003,93.1604232788086,93.1604232788086,12000,0.0,0.0
2007-02-23 00:00:00+09:00,91.07118320279253,92.59062194824219,91.07118320279253,92.59062194824219,108000,0.0,0.0
2007-02-26 00:00:00+09:00,92.59061013342811,93.5402603149414,92.59061013342811,93.5402603149414,108000,0.0,0.0
2007-02-27 00:00:00+09:00,93.5402603149414,93.5402603149414,93.5402603149414,93.5402603149414,0,0.0,0.0
2007-02-28 00:00:00+09:00,89.26685569353091,91.83090359297432,85.46826331478023,91.6409683227539,186000,0.0,0.0
2007-03-01 00:00:00+09:00,91.5460192152333,91.7359458115731,90.21650695800783,90.21650695800781,72000,0.0,0.0
2007-03-02 00:00:00+09:00,89.26685762523388,89.26685762523388,87.65245126483195,88.31720733642578,96000,0.0,0.0
2007-03-05 00:00:00+09:00,88.41215254882123,89.26683498368325,88.31718493574344,89.17186737060547,84000,0.0,0.0
2007-03-06 00:00:00+09:00,90.21650695800783,90.88126308662056,90.02658036166801,90.21650695800781,90000,0.0,0.0
2007-03-07 00:00:00+09:00,90.88123630113584,90.97620391845702,90.88123630113584,90.97620391845703,12000,0.0,0.0
2007-03-08 00:00:00+09:00,90.21649507948095,91.16614532470703,90.21649507948095,91.16614532470703,36000,0.0,0.0
2007-03-09 00:00:00+09:00,91.45104174681485,91.6409683227539,91.45104174681485,91.6409683227539,24000,0.0,0.0
2007-03-12 00:00:00+09:00,93.63521924709636,93.82515449996734,93.06543087704449,93.5402603149414,120000,0.0,0.0
2007-03-13 00:00:00+09:00,93.63522780009878,93.92012201114805,91.6409683227539,91.6409683227539,72000,0.0,0.0
2007-03-14 00:00:00+09:00,91.54601174450042,91.64097068777993,90.97622330769705,91.07118225097656,60000,0.0,0.0
2007-03-15 00:00:00+09:00,93.44529038846137,97.3388412565538,93.44529038846137,95.15465545654297,612000,0.0,0.0
2007-03-16 00:00:00+09:00,95.43955004304352,95.914370777005,94.96472930908203,94.96472930908203,252000,0.0,0.0
2007-03-19 00:00:00+09:00,94.96475479216934,95.24964904785156,94.86978714218102,95.24964904785156,36000,0.0,0.0
2007-03-20 00:00:00+09:00,96.7690764502229,98.76333618164062,95.91439370818674,98.76333618164062,162000,0.0,0.0
2007-03-22 00:00:00+09:00,98.76332670859563,102.5619192069468,98.76332670859563,101.04248046875,240000,0.0,0.0
2007-03-23 00:00:00+09:00,101.04249193897256,103.5115812556156,101.04249193897256,102.65689849853516,324000,0.0,0.0
2007-03-26 00:00:00+09:00,104.36624879456456,105.60078457859002,103.0367366812245,103.51156616210938,324000,0.0,0.0
2007-03-27 00:00:00+09:00,103.03009436979241,105.4373425725374,103.03009436979241,104.47444152832031,54000,2.5,0.0
2007-03-28 00:00:00+09:00,102.54864501953124,102.64493776559304,102.54864501953124,102.54864501953125,48000,0.0,0.0
2007-03-29 00:00:00+09:00,102.06721105418674,102.16349499609963,100.43027825451304,100.62286376953125,66000,0.0,0.0
2007-03-30 00:00:00+09:00,100.62288114149555,100.71916510003132,100.14142608642578,100.14142608642578,48000,0.0,0.0
2007-04-02 00:00:00+09:00,100.33398968285952,100.91172857006295,99.27479584592271,100.04512023925781,120000,0.0,0.0
2007-04-03 00:00:00+09:00,99.6599357113163,99.6599357113163,98.98590422208045,99.1784896850586,66000,0.0,0.0
2007-04-04 00:00:00+09:00,99.1784896850586,99.1784896850586,99.1784896850586,99.1784896850586,24000,0.0,0.0
2007-04-05 00:00:00+09:00,98.98595293767367,99.27482245871319,97.83047485351562,97.83047485351562,48000,0.0,0.0
2007-04-06 00:00:00+09:00,97.83047485351562,97.83047485351562,97.83047485351562,97.83047485351562,0,0.0,0.0
2007-04-09 00:00:00+09:00,97.15642109661535,99.1785071038698,97.15642109661535,99.08221435546875,60000,0.0,0.0
2007-04-10 00:00:00+09:00,99.08221579619261,99.08221579619261,97.54157587735068,97.73416137695312,24000,0.0,0.0
2007-04-11 00:00:00+09:00,98.21560668945312,98.31189943846479,97.25270564612275,98.21560668945312,60000,0.0,0.0
2007-04-12 00:00:00+09:00,97.06013936139517,97.25271606445311,97.06013936139517,97.25271606445312,24000,0.0,0.0
2007-04-13 00:00:00+09:00,96.77126989901006,97.25271606445311,96.77126989901006,97.25271606445312,48000,0.0,0.0
2007-04-16 00:00:00+09:00,97.25271606445311,97.25271606445311,97.25271606445311,97.25271606445312,0,0.0,0.0
2007-04-17 00:00:00+09:00,97.15642297809141,97.25270691276167,96.28981467248583,96.48239135742188,24000,0.0,0.0
2007-04-18 00:00:00+09:00,96.67500406331895,96.77129684946331,94.3640477206452,96.57872009277344,216000,0.0,0.0
2007-04-19 00:00:00+09:00,96.38609689802962,96.48238964658795,95.23061917771119,95.32691192626953,54000,0.0,0.0
2007-04-20 00:00:00+09:00,95.13435343523243,95.13435343523243,94.36402893066405,94.36402893066406,48000,0.0,0.0
2007-04-23 00:00:00+09:00,94.36402893066405,94.36402893066405,94.36402893066405,94.36402893066406,6000,0.0,0.0
2007-04-24 00:00:00+09:00,94.36402893066405,94.36402893066405,94.36402893066405,94.36402893066406,0,0.0,0.0
2007-04-25 00:00:00+09:00,93.4011319824287,93.78628540039062,93.4011319824287,93.78628540039062,24000,0.0,0.0
2007-04-26 00:00:00+09:00,93.78629847184898,93.8825912475586,93.78629847184898,93.8825912475586,48000,0.0,0.0
2007-04-27 00:00:00+09:00,93.97887092496826,93.97887092496826,93.78628540039062,93.78628540039062,12000,0.0,0.0
2007-05-01 00:00:00+09:00,93.8825912475586,93.8825912475586,93.8825912475586,93.8825912475586,12000,0.0,0.0
2007-05-02 00:00:00+09:00,96.19353267842001,96.28982543945312,96.19353267842001,96.28982543945312,36000,0.0,0.0
2007-05-07 00:00:00+09:00,97.15642250933683,97.73416137695312,96.28981420791241,97.73416137695312,60000,0.0,0.0
2007-05-08 00:00:00+09:00,97.25271778739797,97.25271778739797,96.28982543945312,96.28982543945312,60000,0.0,0.0
2007-05-09 00:00:00+09:00,96.28982543945312,96.28982543945312,96.28982543945312,96.28982543945312,0,0.0,0.0
2007-05-10 00:00:00+09:00,96.19352021650835,96.28981296506667,94.36401088747238,95.32691192626953,42000,0.0,0.0
2007-05-11 00:00:00+09:00,95.32692258708455,97.25271606445311,95.32692258708455,97.25271606445312,48000,0.0,0.0
2007-05-14 00:00:00+09:00,97.25271606445311,97.25271606445311,97.25271606445311,97.25271606445312,0,0.0,0.0
2007-05-15 00:00:00+09:00,95.42320467482787,95.42320467482787,95.32691192626953,95.32691192626953,78000,0.0,0.0
2007-05-16 00:00:00+09:00,94.74918148604861,94.84547424316406,94.74918148604861,94.84547424316406,12000,0.0,0.0
2007-05-17 00:00:00+09:00,94.36401927318302,95.51949709618361,94.36401927318302,94.84547424316406,114000,0.0,0.0
2007-05-18 00:00:00+09:00,100.14139948906447,100.23769223762281,95.32691192626953,95.32691192626953,180000,0.0,0.0
2007-05-21 00:00:00+09:00,96.28981848395175,96.28981848395175,95.32691738996559,95.42321014404297,36000,0.0,0.0
2007-05-22 00:00:00+09:00,95.80835723876953,96.28981216195018,95.71207330660967,95.80835723876953,48000,0.0,0.0
2007-05-23 00:00:00+09:00,96.77127828291333,96.77127828291333,96.28983207575956,96.38611602783203,18000,0.0,0.0
2007-05-24 00:00:00+09:00,96.38610938488968,96.48240214592278,96.28982543945312,96.28982543945312,30000,0.0,0.0
2007-05-25 00:00:00+09:00,97.15646582740217,97.25274980453693,97.06017303466797,97.06017303466797,42000,0.0,0.0
2007-05-28 00:00:00+09:00,97.25270627380435,97.3489990234375,97.25270627380435,97.3489990234375,54000,0.0,0.0
2007-05-29 00:00:00+09:00,97.3489990234375,97.3489990234375,97.3489990234375,97.3489990234375,0,0.0,0.0
2007-05-30 00:00:00+09:00,97.73419089023457,97.83047485351562,97.73419089023457,97.83047485351562,12000,0.0,0.0
2007-05-31 00:00:00+09:00,97.25271606445311,97.25271606445311,97.25271606445311,97.25271606445312,18000,0.0,0.0
2007-06-01 00:00:00+09:00,97.73416137695312,97.73416137695312,97.54157587735068,97.73416137695312,36000,0.0,0.0
2007-06-04 00:00:00+09:00,98.40820017168204,100.04513310635298,98.31191622182865,99.37110137939453,84000,0.0,0.0
2007-06-05 00:00:00+09:00,100.14142608642578,100.62288114149555,100.14142608642578,100.14142608642578,72000,0.0,0.0
2007-06-06 00:00:00+09:00,100.14142608642578,100.14142608642578,100.14142608642578,100.14142608642578,0,0.0,0.0
2007-06-07 00:00:00+09:00,100.14142608642578,100.14142608642578,99.17853360748174,100.14142608642578,144000,0.0,0.0
2007-06-08 00:00:00+09:00,99.94883498039798,100.14141168537333,99.5636727548508,99.65996551513672,36000,0.0,0.0
2007-06-11 00:00:00+09:00,98.6007945938762,100.14142608642578,98.6007945938762,100.14142608642578,84000,0.0,0.0
2007-06-12 00:00:00+09:00,100.14142608642578,100.14142608642578,100.14142608642578,100.14142608642578,0,0.0,0.0
2007-06-13 00:00:00+09:00,98.79336319640935,99.85254836232194,98.5044937133789,98.5044937133789,48000,0.0,0.0
2007-06-14 00:00:00+09:00,101.10430908203125,101.10430908203125,101.10430908203125,101.10430908203125,6000,0.0,0.0
2007-06-15 00:00:00+09:00,98.5045018197427,100.71916510003132,98.5045018197427,100.14142608642578,216000,0.0,0.0
2007-06-18 00:00:00+09:00,100.71915061589586,101.00802008115713,99.65996551513672,99.65996551513672,162000,0.0,0.0
2007-06-19 00:00:00+09:00,101.00801688700567,101.2006024014874,99.75625512085531,99.8525390625,108000,0.0,0.0
2007-06-20 00:00:00+09:00,100.62288114149555,100.62288114149555,100.04514212789003,100.14142608642578,78000,0.0,0.0
2007-06-21 00:00:00+09:00,100.14140417672785,100.23769692979369,100.04512023925781,100.04512023925781,60000,0.0,0.0
2007-06-22 00:00:00+09:00,100.14141925228229,100.14141925228229,99.17852683905076,99.27481079101562,90000,0.0,0.0
2007-06-25 00:00:00+09:00,96.4823725437091,99.1784896850586,96.4823725437091,99.1784896850586,222000,0.0,0.0
2007-06-26 00:00:00+09:00,97.73416120637464,97.8304451404123,97.3489990234375,97.3489990234375,18000,0.0,0.0
2007-06-27 00:00:00+09:00,99.17850854599384,99.17850854599384,97.54157587735068,97.73416137695312,36000,0.0,0.0
2007-06-28 00:00:00+09:00,97.83044531115883,97.92673806096005,97.6378686271519,97.73416137695312,54000,0.0,0.0
2007-06-29 00:00:00+09:00,99.9488312639509,101.10430908203125,98.02303783901567,101.10430908203125,270000,0.0,0.0
2007-07-02 00:00:00+09:00,102.83753670495942,104.95591586775124,101.10431979420169,103.8004379272461,210000,0.0,0.0
2007-07-03 00:00:00+09:00,103.2226814671395,103.51155090332031,103.12638871654737,103.51155090332031,36000,0.0,0.0
2007-07-04 00:00:00+09:00,103.51156823820828,103.51156823820828,102.0672208154221,103.03011322021484,120000,0.0,0.0
2007-07-05 00:00:00+09:00,103.99300384521484,103.99300384521484,103.99300384521484,103.99300384521484,24000,0.0,0.0
2007-07-06 00:00:00+09:00,104.57073365291988,105.43734194286121,104.08928754148428,105.34104919433594,96000,0.0,0.0
2007-07-09 00:00:00+09:00,105.82250577196547,110.82957009266205,105.82250577196547,110.63699340820312,234000,0.0,0.0
2007-07-10 00:00:00+09:00,111.88876942097599,111.88876942097599,107.94088107766399,110.73329162597656,186000,0.0,0.0
2007-07-11 00:00:00+09:00,105.91880790538431,109.28895776384635,105.91880790538431,108.80750274658203,258000,0.0,0.0
2007-07-12 00:00:00+09:00,106.88170536555694,107.36315155029295,106.88170536555694,107.36315155029297,66000,0.0,0.0
2007-07-13 00:00:00+09:00,110.63699340820312,110.73328615823036,109.57780842028568,110.63699340820312,162000,0.0,0.0
2007-07-17 00:00:00+09:00,110.73329162597658,110.82957556516254,110.73329162597658,110.73329162597656,108000,0.0,0.0
2007-07-18 00:00:00+09:00,110.73329162597658,110.73329162597658,109.77039052494506,110.73329162597656,30000,0.0,0.0
2007-07-19 00:00:00+09:00,110.73329231157607,110.82957625135818,108.80749009758955,109.86668395996094,84000,0.0,0.0
2007-07-20 00:00:00+09:00,110.25185577013947,110.34814854160531,108.22976927853937,109.2889633178711,54000,0.0,0.0
2007-07-23 00:00:00+09:00,109.28893809668688,109.28893809668688,108.90377591530694,109.00006866455078,18000,0.0,0.0
2007-07-24 00:00:00+09:00,108.1334760245867,108.32605273536176,107.36315155029295,107.36315155029297,60000,0.0,0.0
2007-07-25 00:00:00+09:00,105.82250743952648,106.11137687856468,105.53363800048828,105.53363800048828,72000,0.0,0.0
2007-07-26 00:00:00+09:00,105.53363199149533,105.53363199149533,102.54864501953124,102.54864501953125,78000,0.0,0.0
2007-07-27 00:00:00+09:00,101.10430992588434,102.06721105418674,100.62286376953125,100.62286376953125,60000,0.0,0.0
2007-07-30 00:00:00+09:00,100.52657101202215,100.62286376953125,100.52657101202215,100.62286376953125,12000,0.0,0.0
2007-07-31 00:00:00+09:00,101.1042979065801,102.93380718818327,101.1042979065801,102.54864501953125,54000,0.0,0.0
2007-08-01 00:00:00+09:00,102.25978402883324,102.54865347524236,101.87462182842242,102.06720733642578,66000,0.0,0.0
2007-08-02 00:00:00+09:00,102.06719892041258,102.54864501953124,102.06719892041258,102.54864501953125,54000,0.0,0.0
2007-08-03 00:00:00+09:00,101.10430908203125,102.06721020229692,101.10430908203125,101.10430908203125,48000,0.0,0.0
2007-08-06 00:00:00+09:00,100.62286010438011,102.06720733642578,99.65995901115103,102.06720733642578,78000,0.0,0.0
2007-08-07 00:00:00+09:00,102.06720733642578,102.06720733642578,102.06720733642578,102.06720733642578,0,0.0,0.0
2007-08-08 00:00:00+09:00,102.06720733642578,102.06720733642578,102.06720733642578,102.06720733642578,0,0.0,0.0
2007-08-09 00:00:00+09:00,102.06720733642578,102.06720733642578,102.06720733642578,102.06720733642578,6000,0.0,0.0
2007-08-10 00:00:00+09:00,100.5265707319937,100.62286348923458,98.98593069412074,99.8525390625,54000,0.0,0.0
2007-08-13 00:00:00+09:00,99.85253906249999,99.85253906249999,99.85253906249999,99.8525390625,0,0.0,0.0
2007-08-14 00:00:00+09:00,92.82339466216507,92.91967861053999,92.34193965790327,92.438232421875,90000,0.0,0.0
2007-08-15 00:00:00+09:00,90.51244930830434,91.475341796875,90.51244930830434,91.475341796875,96000,0.0,0.0
2007-08-16 00:00:00+09:00,90.5124388516182,90.5124388516182,89.45324489471967,89.5495376586914,30000,0.0,0.0
2007-08-17 00:00:00+09:00,88.58662866682822,88.68292142232258,86.66083526611327,86.66083526611328,108000,0.0,0.0
2007-08-20 00:00:00+09:00,87.62374877929689,87.62374877929689,86.66084753482198,87.62374877929688,78000,0.0,0.0
2007-08-21 00:00:00+09:00,87.91260092610666,87.91260092610666,83.77213608892671,85.69792938232422,60000,0.0,0.0
2007-08-22 00:00:00+09:00,87.91260092610666,87.91260092610666,85.60164544779144,85.69792938232422,150000,0.0,0.0
2007-08-23 00:00:00+09:00,88.10517396385822,88.10517396385822,86.94969627252893,87.14227294921875,18000,0.0,0.0
2007-08-24 00:00:00+09:00,88.49033064815175,89.54951552768965,88.49033064815175,89.06806945800781,54000,0.0,0.0
2007-08-27 00:00:00+09:00,89.54953678721176,90.51243797076778,89.54953678721176,90.0309829711914,162000,0.0,0.0
2007-08-28 00:00:00+09:00,89.64582824707031,89.74211219310854,89.5495354854355,89.64582824707031,138000,0.0,0.0
2007-08-29 00:00:00+09:00,89.4532470703125,89.54953983662615,88.77922415290796,89.4532470703125,78000,0.0,0.0
2007-08-30 00:00:00+09:00,89.45324489471967,89.93469989898148,89.45324489471967,89.5495376586914,66000,0.0,0.0
2007-08-31 00:00:00+09:00,89.35695804532568,90.60871985833495,89.35695804532568,90.51243591308594,54000,0.0,0.0
2007-09-03 00:00:00+09:00,90.60871985833495,90.99388208612054,90.03098092445481,90.51243591308594,144000,0.0,0.0
2007-09-04 00:00:00+09:00,90.51242746807678,91.47531972430602,90.51242746807678,90.9938735961914,60000,0.0,0.0
2007-09-05 00:00:00+09:00,91.95678623321,95.61579666137695,91.95678623321,92.438232421875,210000,0.0,0.0
2007-09-06 00:00:00+09:00,93.30484173983935,93.40113450472855,91.47533210052588,91.956787109375,54000,0.0,0.0
2007-09-07 00:00:00+09:00,91.475341796875,91.475341796875,91.475341796875,91.475341796875,12000,0.0,0.0
2007-09-10 00:00:00+09:00,91.37905783737664,91.475341796875,91.37905783737664,91.475341796875,12000,0.0,0.0
2007-09-11 00:00:00+09:00,90.60871124267578,90.60871124267578,90.60871124267578,90.60871124267578,6000,0.0,0.0
2007-09-12 00:00:00+09:00,90.60871124267578,90.60871124267578,90.60871124267578,90.60871124267578,0,0.0,0.0
2007-09-13 00:00:00+09:00,90.60870040722756,90.60870040722756,89.06806945800781,89.06806945800781,54000,0.0,0.0
2007-09-14 00:00:00+09:00,87.7200251889343,90.51243591308594,87.62374124368529,90.51243591308594,30000,0.0,0.0
2007-09-18 00:00:00+09:00,89.5495376586914,89.64583042266312,89.5495376586914,89.5495376586914,24000,0.0,0.0
2007-09-19 00:00:00+09:00,91.47532893503806,91.47532893503806,86.75713348388673,86.75713348388672,54000,0.0,0.0
2007-09-20 00:00:00+09:00,87.72003273282627,87.72003273282627,86.66084753482198,87.62374877929688,30000,0.0,0.0
2007-09-21 00:00:00+09:00,87.62374877929689,87.62374877929689,87.62374877929689,87.62374877929688,0,0.0,0.0
2007-09-25 00:00:00+09:00,88.1051949937357,88.20148776286236,87.62374877929689,87.62374877929688,18000,0.0,0.0
2007-09-26 00:00:00+09:00,87.62372786433608,87.62372786433608,87.14227294921875,87.14227294921875,18000,0.0,0.0
2007-09-27 00:00:00+09:00,87.43116324104354,91.47533612600189,87.43116324104354,87.62374877929688,48000,0.0,0.0
2007-09-28 00:00:00+09:00,88.87548828125,88.97178102608697,88.58661886233413,88.87548828125,36000,0.0,0.0
2007-10-01 00:00:00+09:00,91.475341796875,91.475341796875,91.475341796875,91.475341796875,12000,0.0,0.0
2007-10-02 00:00:00+09:00,91.475341796875,91.475341796875,91.475341796875,91.475341796875,0,0.0,0.0
2007-10-03 00:00:00+09:00,91.475341796875,91.475341796875,91.475341796875,91.475341796875,0,0.0,0.0
2007-10-04 00:00:00+09:00,91.47532900895568,91.47532900895568,89.5495354854355,89.64582824707031,24000,0.0,0.0
2007-10-05 00:00:00+09:00,88.68291689608755,88.68291689608755,88.58662414550783,88.58662414550781,12000,0.0,0.0
2007-10-09 00:00:00+09:00,88.58667425307274,89.16441345214844,88.58667425307274,89.16441345214844,30000,0.0,0.0
2007-10-10 00:00:00+09:00,89.16441345214844,89.16441345214844,89.16441345214844,89.16441345214844,0,0.0,0.0
2007-10-11 00:00:00+09:00,88.58662414550783,88.58662414550783,88.39404745994395,88.58662414550781,24000,0.0,0.0
2007-10-12 00:00:00+09:00,88.58662414550783,88.58662414550783,88.58662414550783,88.58662414550781,0,0.0,0.0
2007-10-15 00:00:00+09:00,90.51244930830434,91.475341796875,90.51244930830434,91.475341796875,42000,0.0,0.0
2007-10-16 00:00:00+09:00,89.5495376586914,89.5495376586914,89.5495376586914,89.5495376586914,24000,0.0,0.0
2007-10-17 00:00:00+09:00,88.49034021052367,88.58662414550783,88.49034021052367,88.58662414550781,12000,0.0,0.0
2007-10-18 00:00:00+09:00,88.58662414550783,88.68291689608755,88.58662414550783,88.58662414550781,24000,0.0,0.0
2007-10-19 00:00:00+09:00,87.62374877929689,87.62374877929689,87.62374877929689,87.62374877929688,12000,0.0,0.0
2007-10-22 00:00:00+09:00,87.62374877929689,87.62374877929689,87.62374877929689,87.62374877929688,0,0.0,0.0
2007-10-23 00:00:00+09:00,87.62374877929689,87.62374877929689,87.62374877929689,87.62374877929688,0,0.0,0.0
2007-10-24 00:00:00+09:00,87.62374877929689,87.62374877929689,87.62374877929689,87.62374877929688,0,0.0,0.0
2007-10-25 00:00:00+09:00,87.43116541939216,87.52745819091797,87.43116541939216,87.52745819091797,12000,0.0,0.0
2007-10-26 00:00:00+09:00,87.52745819091797,87.52745819091797,87.52745819091797,87.52745819091797,0,0.0,0.0
2007-10-29 00:00:00+09:00,79.05393981933594,80.97974210950294,78.0910474898488,79.05393981933594,216000,0.0,0.0
2007-10-30 00:00:00+09:00,79.34280928130134,79.4391020404886,77.99475473066154,79.05393981933594,72000,0.0,0.0
2007-10-31 00:00:00+09:00,79.05393981933594,79.1502325785232,78.95765587574505,79.05393981933594,48000,0.0,0.0
2007-11-01 00:00:00+09:00,78.95767426974594,79.05395823576717,78.37993521122486,78.4762191772461,84000,0.0,0.0
2007-11-02 00:00:00+09:00,78.09104373111492,78.18732767007141,77.89845822201006,77.9947509765625,60000,0.0,0.0
2007-11-05 00:00:00+09:00,77.9947509765625,77.9947509765625,77.9947509765625,77.9947509765625,0,0.0,0.0
2007-11-06 00:00:00+09:00,76.93554901999781,77.03183293778054,76.8392562866211,76.8392562866211,96000,0.0,0.0
2007-11-07 00:00:00+09:00,76.83927700384464,76.9355697631836,76.83927700384464,76.9355697631836,24000,0.0,0.0
2007-11-08 00:00:00+09:00,75.87640160389775,75.97269439591112,75.58753204345703,75.58753204345703,18000,0.0,0.0
2007-11-09 00:00:00+09:00,76.5504150390625,76.5504150390625,76.5504150390625,76.5504150390625,6000,0.0,0.0
2007-11-12 00:00:00+09:00,74.81720688750991,74.81720688750991,72.6025390625,72.6025390625,48000,0.0,0.0
2007-11-13 00:00:00+09:00,72.69881967605323,72.69881967605323,71.25447229446144,72.21736907958984,36000,0.0,0.0
2007-11-14 00:00:00+09:00,72.31365743576316,72.5062385559082,71.92849960327148,72.21736907958984,72000,0.0,0.0
2007-11-15 00:00:00+09:00,72.1210600319641,72.21734836051242,68.84720396775612,68.94349670410156,126000,0.0,0.0
2007-11-16 00:00:00+09:00,69.13607336119817,70.29155093496637,68.84720396775612,68.94349670410156,42000,0.0,0.0
2007-11-19 00:00:00+09:00,70.29156731278778,71.7359146165286,69.32867057955994,70.77301788330078,822000,0.0,0.0
2007-11-20 00:00:00+09:00,69.32867576554548,70.29157257080078,67.40287774723639,70.29157257080078,732000,0.0,0.0
2007-11-21 00:00:00+09:00,70.29157257080078,70.29157257080078,70.29157257080078,70.29157257080078,24000,0.0,0.0
2007-11-22 00:00:00+09:00,72.12107151409647,72.21735985797449,70.38785487750509,71.25446319580078,138000,0.0,0.0
2007-11-26 00:00:00+09:00,70.1952842126148,70.29157257080078,70.1952842126148,70.29157257080078,36000,0.0,0.0
2007-11-27 00:00:00+09:00,70.29156880332695,71.73591613769531,70.29156880332695,71.73591613769531,156000,0.0,0.0
2007-11-28 00:00:00+09:00,71.92849192753943,72.12107302713349,71.92849192753943,72.0247802734375,42000,0.0,0.0
2007-11-29 00:00:00+09:00,72.31365362533873,73.46913146972656,72.31365362533873,73.46913146972656,30000,0.0,0.0
2007-11-30 00:00:00+09:00,72.69882202148438,72.69882202148438,72.69882202148438,72.69882202148438,6000,0.0,0.0
2007-12-03 00:00:00+09:00,78.47619348924691,79.43909454345703,78.47619348924691,79.43909454345703,168000,0.0,0.0
2007-12-04 00:00:00+09:00,81.84634992574973,85.2164906866913,81.84634992574973,82.80924224853516,78000,0.0,0.0
2007-12-05 00:00:00+09:00,83.19441162994234,83.19441162994234,81.55748748779297,81.55748748779297,36000,0.0,0.0
2007-12-06 00:00:00+09:00,81.55748748779297,81.55748748779297,81.55748748779297,81.55748748779297,0,0.0,0.0
2007-12-07 00:00:00+09:00,85.02395091288409,86.56458282470703,84.83136531220612,86.56458282470703,54000,0.0,0.0
2007-12-10 00:00:00+09:00,89.45322833187733,89.45322833187733,86.56453410355411,87.14227294921875,60000,0.0,0.0
2007-12-11 00:00:00+09:00,88.58662006338037,88.58662006338037,87.14227294921875,87.14227294921875,12000,0.0,0.0
2007-12-12 00:00:00+09:00,87.14227294921875,87.14227294921875,87.14227294921875,87.14227294921875,6000,0.0,0.0
2007-12-13 00:00:00+09:00,87.14227294921875,87.14227294921875,87.14227294921875,87.14227294921875,0,0.0,0.0
2007-12-14 00:00:00+09:00,85.79421858119964,87.62372786433608,85.69792583505715,87.14227294921875,36000,0.0,0.0
2007-12-17 00:00:00+09:00,85.69792938232422,85.69792938232422,85.69792938232422,85.69792938232422,12000,0.0,0.0
2007-12-18 00:00:00+09:00,85.69792938232422,85.69792938232422,85.69792938232422,85.69792938232422,24000,0.0,0.0
2007-12-19 00:00:00+09:00,85.79423522949219,85.79423522949219,85.69794246466417,85.79423522949219,18000,0.0,0.0
2007-12-20 00:00:00+09:00,85.89051818847656,85.89051818847656,85.89051818847656,85.89051818847656,12000,0.0,0.0
2007-12-21 00:00:00+09:00,84.73506164550781,84.73506164550781,84.73506164550781,84.73506164550781,6000,0.0,0.0
2007-12-25 00:00:00+09:00,84.83134560788217,85.21650790417384,84.73506164550781,84.73506164550781,18000,0.0,0.0
2007-12-26 00:00:00+09:00,84.83133697509766,84.83133697509766,84.83133697509766,84.83133697509766,18000,0.0,0.0
2007-12-27 00:00:00+09:00,86.27568817138672,86.27568817138672,86.27568817138672,86.27568817138672,12000,0.0,0.0
2007-12-28 00:00:00+09:00,86.27568817138672,86.27568817138672,86.27568817138672,86.27568817138672,0,0.0,0.0
2008-01-04 00:00:00+09:00,87.23856353759766,87.23856353759766,87.23856353759766,87.23856353759766,6000,0.0,0.0
2008-01-07 00:00:00+09:00,88.20146452842069,88.20146452842069,87.23856353759766,87.23856353759766,24000,0.0,0.0
2008-01-08 00:00:00+09:00,86.66083526611327,86.66083526611327,86.66083526611327,86.66083526611328,6000,0.0,0.0
2008-01-09 00:00:00+09:00,86.17939758300781,86.17939758300781,86.17939758300781,86.17939758300781,12000,0.0,0.0
2008-01-10 00:00:00+09:00,84.73506164550781,84.73506164550781,84.73506164550781,84.73506164550781,6000,0.0,0.0
2008-01-11 00:00:00+09:00,82.80924224853516,82.80924224853516,82.80924224853516,82.80924224853516,6000,0.0,0.0
2008-01-15 00:00:00+09:00,81.84634399414061,81.84634399414061,81.84634399414061,81.84634399414062,24000,0.0,0.0
2008-01-16 00:00:00+09:00,81.75007624880371,81.75007624880371,81.36491394042969,81.36491394042969,18000,0.0,0.0
2008-01-17 00:00:00+09:00,81.36491394042969,81.36491394042969,81.36491394042969,81.36491394042969,0,0.0,0.0
2008-01-18 00:00:00+09:00,81.36491394042969,81.36491394042969,81.36491394042969,81.36491394042969,0,0.0,0.0
2008-01-21 00:00:00+09:00,79.92053734692553,79.92053734692553,77.51329803466797,77.51329803466797,48000,0.0,0.0
2008-01-22 00:00:00+09:00,76.93558127989438,76.93558127989438,72.21737641554613,75.10607147216797,114000,0.0,0.0
2008-01-23 00:00:00+09:00,79.92054185694487,81.84634399414061,79.92054185694487,81.84634399414062,30000,0.0,0.0
2008-01-24 00:00:00+09:00,81.84636228228837,81.84636228228837,78.9576672466264,80.88346099853516,24000,0.0,0.0
2008-01-25 00:00:00+09:00,83.7721373157407,83.7721373157407,80.88344292554274,81.84634399414062,66000,0.0,0.0
2008-01-28 00:00:00+09:00,81.84634399414061,81.84634399414061,81.84634399414061,81.84634399414062,3000,0.0,2.0
2008-01-29 00:00:00+09:00,81.84634399414061,81.84634399414061,81.84634399414061,81.84634399414062,0,0.0,0.0
2008-01-30 00:00:00+09:00,83.77214824503157,84.15731048583986,82.80924705080928,84.15731048583984,21000,0.0,0.0
2008-01-31 00:00:00+09:00,81.84634399414061,81.84634399414061,81.84634399414061,81.84634399414062,3000,0.0,0.0
2008-02-01 00:00:00+09:00,81.84634399414061,81.84634399414061,81.84634399414061,81.84634399414062,6000,0.0,0.0
2008-02-04 00:00:00+09:00,82.03892068162192,82.03892068162192,81.84634399414061,81.84634399414062,9000,0.0,0.0
2008-02-05 00:00:00+09:00,81.84634399414061,81.84634399414061,81.84634399414061,81.84634399414062,0,0.0,0.0
2008-02-06 00:00:00+09:00,76.06895330918988,79.92053985595703,75.10605226470037,79.92053985595703,12000,0.0,0.0
2008-02-07 00:00:00+09:00,79.92053985595703,79.92053985595703,79.92053985595703,79.92053985595703,3000,0.0,0.0
2008-02-08 00:00:00+09:00,79.92053985595703,79.92053985595703,79.92053985595703,79.92053985595703,0,0.0,0.0
2008-02-12 00:00:00+09:00,74.91349029541016,74.91349029541016,74.91349029541016,74.91349029541016,6000,0.0,0.0
2008-02-13 00:00:00+09:00,74.91349029541016,74.91349029541016,74.91349029541016,74.91349029541016,0,0.0,0.0
2008-02-14 00:00:00+09:00,74.91349029541016,74.91349029541016,74.91349029541016,74.91349029541016,0,0.0,0.0
2008-02-15 00:00:00+09:00,70.6767200240481,73.18025207519531,70.291557856335,73.18025207519531,21000,0.0,0.0
2008-02-18 00:00:00+09:00,76.06897735595703,76.06897735595703,76.06897735595703,76.06897735595703,9000,0.0,0.0
2008-02-19 00:00:00+09:00,76.8392760215483,77.03185272216797,76.8392760215483,77.03185272216797,9000,0.0,0.0
2008-02-20 00:00:00+09:00,77.03185272216797,77.03185272216797,77.03185272216797,77.03185272216797,0,0.0,0.0
2008-02-21 00:00:00+09:00,75.87638721540122,75.87638721540122,75.10607147216797,75.10607147216797,6000,0.0,0.0
2008-02-22 00:00:00+09:00,75.10607147216797,75.10607147216797,75.10607147216797,75.10607147216797,0,0.0,0.0
2008-02-25 00:00:00+09:00,76.06897858677289,76.64671764232914,76.06897858677289,76.45413208007812,18000,0.0,0.0
2008-02-26 00:00:00+09:00,76.8392562866211,76.8392562866211,76.8392562866211,76.8392562866211,3000,0.0,0.0
2008-02-27 00:00:00+09:00,76.06897735595703,76.06897735595703,76.06897735595703,76.06897735595703,3000,0.0,0.0
2008-02-28 00:00:00+09:00,76.06897735595703,76.06897735595703,76.06897735595703,76.06897735595703,0,0.0,0.0
2008-02-29 00:00:00+09:00,76.06897735595703,76.06897735595703,76.06897735595703,76.06897735595703,0,0.0,0.0
2008-03-03 00:00:00+09:00,76.06897735595703,76.06897735595703,76.06897735595703,76.06897735595703,0,0.0,0.0
2008-03-04 00:00:00+09:00,78.95767248036906,79.92056501235035,75.29865264892578,75.29865264892578,51000,0.0,0.0
2008-03-05 00:00:00+09:00,75.87638721540122,75.87638721540122,75.10607147216797,75.10607147216797,15000,0.0,0.0
2008-03-06 00:00:00+09:00,75.10607147216797,75.10607147216797,75.10607147216797,75.10607147216797,9000,0.0,0.0
2008-03-07 00:00:00+09:00,75.10607147216797,75.10607147216797,75.10607147216797,75.10607147216797,24000,0.0,0.0
2008-03-10 00:00:00+09:00,70.09898690868862,72.0247802734375,70.09898690868862,72.0247802734375,6000,0.0,0.0
2008-03-11 00:00:00+09:00,69.32867576554548,70.29157257080078,69.32867576554548,70.29157257080078,12000,0.0,0.0
2008-03-12 00:00:00+09:00,70.29157110153464,70.29157110153464,69.32867431640625,69.32867431640625,15000,0.0,0.0
2008-03-13 00:00:00+09:00,69.521240234375,69.521240234375,69.521240234375,69.521240234375,9000,0.0,0.0
2008-03-14 00:00:00+09:00,67.40287780761719,67.40287780761719,67.40287780761719,67.40287780761719,6000,0.0,0.0
2008-03-17 00:00:00+09:00,62.78094964342361,63.55126953125,62.588372977315025,63.55126953125,24000,0.0,0.0
2008-03-18 00:00:00+09:00,62.588382720947266,62.588382720947266,62.588382720947266,62.588382720947266,18000,0.0,0.0
2008-03-19 00:00:00+09:00,64.70677182113356,64.70677182113356,64.51419067382812,64.51419067382812,6000,0.0,0.0
2008-03-21 00:00:00+09:00,65.47708892822266,65.47708892822266,65.47708892822266,65.47708892822266,12000,0.0,0.0
2008-03-24 00:00:00+09:00,65.47708892822266,65.47708892822266,65.47708892822266,65.47708892822266,0,0.0,0.0
2008-03-25 00:00:00+09:00,73.5654296875,73.5654296875,73.5654296875,73.5654296875,12000,0.0,0.0
2008-03-26 00:00:00+09:00,73.18025207519531,73.18025207519531,73.18025207519531,73.18025207519531,3000,0.0,0.0
2008-03-27 00:00:00+09:00,73.18025207519531,73.18025207519531,73.18025207519531,73.18025207519531,0,0.0,0.0
2008-03-28 00:00:00+09:00,73.18025207519531,73.18025207519531,73.18025207519531,73.18025207519531,0,0.0,0.0
2008-03-31 00:00:00+09:00,71.06187778396361,73.18025207519531,70.86929670010706,73.18025207519531,12000,0.0,0.0
2008-04-01 00:00:00+09:00,69.32867431640625,69.32867431640625,69.32867431640625,69.32867431640625,12000,0.0,0.0
2008-04-02 00:00:00+09:00,74.91349029541016,74.91349029541016,74.91349029541016,74.91349029541016,12000,0.0,0.0
2008-04-03 00:00:00+09:00,72.0247802734375,72.0247802734375,72.0247802734375,72.0247802734375,3000,0.0,0.0
2008-04-04 00:00:00+09:00,74.91349029541016,74.91349029541016,74.91349029541016,74.91349029541016,6000,0.0,0.0
2008-04-07 00:00:00+09:00,74.91349029541016,74.91349029541016,74.91349029541016,74.91349029541016,0,0.0,0.0
2008-04-08 00:00:00+09:00,74.91349029541016,74.91349029541016,74.91349029541016,74.91349029541016,0,0.0,0.0
2008-04-09 00:00:00+09:00,72.21735985797449,72.21735985797449,71.25446319580078,71.25446319580078,12000,0.0,0.0
2008-04-10 00:00:00+09:00,71.25446319580078,71.25446319580078,71.25446319580078,71.25446319580078,12000,0.0,0.0
2008-04-11 00:00:00+09:00,71.25447229446144,71.25447229446144,69.32867431640625,69.32867431640625,6000,0.0,0.0
2008-04-14 00:00:00+09:00,69.52125543655129,69.52125543655129,69.32867431640625,69.32867431640625,12000,0.0,0.0
2008-04-15 00:00:00+09:00,69.32867431640625,69.32867431640625,69.32867431640625,69.32867431640625,6000,0.0,0.0
2008-04-16 00:00:00+09:00,69.32866546365551,71.25446319580078,69.32866546365551,71.25446319580078,12000,0.0,0.0
2008-04-17 00:00:00+09:00,71.25446319580078,71.25446319580078,71.25446319580078,71.25446319580078,0,0.0,0.0
2008-04-18 00:00:00+09:00,73.95057678222656,73.95057678222656,73.95057678222656,73.95057678222656,6000,0.0,0.0
2008-04-21 00:00:00+09:00,69.1360855102539,69.1360855102539,69.1360855102539,69.1360855102539,12000,0.0,0.0
2008-04-22 00:00:00+09:00,69.1360855102539,69.1360855102539,69.1360855102539,69.1360855102539,0,0.0,0.0
2008-04-23 00:00:00+09:00,70.4841432213831,71.25446319580078,70.4841432213831,71.25446319580078,6000,0.0,0.0
2008-04-24 00:00:00+09:00,71.25446319580078,71.25446319580078,71.25446319580078,71.25446319580078,0,0.0,0.0
2008-04-25 00:00:00+09:00,74.14315301241152,75.87636964503098,70.09898527743063,70.86930084228516,18000,0.0,0.0
2008-04-28 00:00:00+09:00,71.25446319580078,71.25446319580078,71.25446319580078,71.25446319580078,18000,0.0,0.0
2008-04-30 00:00:00+09:00,71.25447532981202,71.63963317871094,71.25447532981202,71.63963317871094,6000,0.0,0.0
2008-05-01 00:00:00+09:00,71.63963317871094,71.63963317871094,71.63963317871094,71.63963317871094,0,0.0,0.0
2008-05-02 00:00:00+09:00,75.87637357767109,76.64669799804688,75.87637357767109,76.64669799804688,12000,0.0,0.0
2008-05-07 00:00:00+09:00,76.0689604034734,77.03185272216797,76.0689604034734,77.03185272216797,15000,0.0,0.0
2008-05-08 00:00:00+09:00,77.9947538564588,77.9947538564588,77.03185272216797,77.03185272216797,9000,0.0,0.0
2008-05-09 00:00:00+09:00,77.03186523804996,77.03186523804996,75.10607147216797,75.10607147216797,12000,0.0,0.0
2008-05-12 00:00:00+09:00,75.10607147216797,75.10607147216797,75.10607147216797,75.10607147216797,6000,0.0,0.0
2008-05-13 00:00:00+09:00,74.14315795898438,74.14315795898438,74.14315795898438,74.14315795898438,3000,0.0,0.0
2008-05-14 00:00:00+09:00,74.14315795898438,74.14315795898438,74.14315795898438,74.14315795898438,0,0.0,0.0
2008-05-15 00:00:00+09:00,76.8392562866211,76.8392562866211,76.8392562866211,76.8392562866211,9000,0.0,0.0
2008-05-16 00:00:00+09:00,77.03185272216797,78.95765499074965,77.03185272216797,77.03185272216797,33000,0.0,0.0
2008-05-19 00:00:00+09:00,77.03185272216797,77.03185272216797,76.64669932092865,77.03185272216797,15000,0.0,0.0
2008-05-20 00:00:00+09:00,78.9576644897461,78.9576644897461,78.9576644897461,78.9576644897461,3000,0.0,0.0
2008-05-21 00:00:00+09:00,75.87638721540122,75.87638721540122,75.10607147216797,75.10607147216797,12000,0.0,0.0
2008-05-22 00:00:00+09:00,75.2986359698022,77.03185272216797,75.2986359698022,77.03185272216797,6000,0.0,0.0
2008-05-23 00:00:00+09:00,78.18732452392578,78.18732452392578,77.99474783816588,78.18732452392578,21000,0.0,0.0
2008-05-26 00:00:00+09:00,78.37992858886719,78.37992858886719,78.37992858886719,78.37992858886719,6000,0.0,0.0
2008-05-27 00:00:00+09:00,78.57249450683594,78.9576567321663,78.57249450683594,78.57249450683594,12000,0.0,0.0
2008-05-28 00:00:00+09:00,78.95765207529895,78.95765207529895,77.9947509765625,77.9947509765625,9000,0.0,0.0
2008-05-29 00:00:00+09:00,78.18732767007141,78.18732767007141,77.9947509765625,77.9947509765625,15000,0.0,0.0
2008-05-30 00:00:00+09:00,77.9947509765625,77.9947509765625,77.60958877394872,77.9947509765625,9000,0.0,0.0
2008-06-02 00:00:00+09:00,77.9947509765625,77.9947509765625,77.9947509765625,77.9947509765625,0,0.0,0.0
2008-06-03 00:00:00+09:00,78.76507568359375,78.76507568359375,78.76507568359375,78.76507568359375,6000,0.0,0.0
2008-06-04 00:00:00+09:00,77.99476323961348,78.9576644897461,77.99476323961348,78.9576644897461,12000,0.0,0.0
2008-06-05 00:00:00+09:00,78.95764889815658,78.95764889815658,78.18732452392578,78.18732452392578,9000,0.0,0.0
2008-06-06 00:00:00+09:00,78.95764889815658,78.95764889815658,78.18732452392578,78.18732452392578,9000,0.0,0.0
2008-06-09 00:00:00+09:00,77.80218047038856,77.80218047038856,77.22444152832031,77.22444152832031,6000,0.0,0.0
2008-06-10 00:00:00+09:00,77.22444152832031,77.22444152832031,77.22444152832031,77.22444152832031,6000,0.0,0.0
2008-06-11 00:00:00+09:00,77.6095962524414,77.6095962524414,77.6095962524414,77.6095962524414,6000,0.0,0.0
2008-06-12 00:00:00+09:00,76.8392822381222,76.8392822381222,76.26154327392578,76.26154327392578,9000,0.0,0.0
2008-06-13 00:00:00+09:00,76.2615369231598,76.2615369231598,74.14315795898438,74.14315795898438,21000,0.0,0.0
2008-06-16 00:00:00+09:00,76.06897735595703,76.06897735595703,76.06897735595703,76.06897735595703,6000,0.0,0.0
2008-06-17 00:00:00+09:00,76.06896022299702,76.06896022299702,74.14315795898438,74.14315795898438,9000,0.0,0.0
2008-06-18 00:00:00+09:00,76.06897735595703,76.06897735595703,76.06897735595703,76.06897735595703,3000,0.0,0.0
2008-06-19 00:00:00+09:00,76.06897735595703,76.06897735595703,76.06897735595703,76.06897735595703,0,0.0,0.0
2008-06-20 00:00:00+09:00,76.8392562866211,76.8392562866211,76.8392562866211,76.8392562866211,3000,0.0,0.0
2008-06-23 00:00:00+09:00,76.26154327392578,76.26154327392578,76.26154327392578,76.26154327392578,9000,0.0,0.0
2008-06-24 00:00:00+09:00,76.8392760215483,77.03185272216797,76.8392760215483,77.03185272216797,6000,0.0,0.0
2008-06-25 00:00:00+09:00,77.9947571132494,79.72797393798828,77.9947571132494,79.72797393798828,12000,0.0,0.0
2008-06-26 00:00:00+09:00,76.06897735595703,76.06897735595703,76.06897735595703,76.06897735595703,6000,0.0,0.0
2008-06-27 00:00:00+09:00,75.29864373637558,76.06896824950081,74.91349029541016,74.91349029541016,27000,0.0,0.0
2008-06-30 00:00:00+09:00,78.379925502786,78.9576644897461,78.379925502786,78.9576644897461,30000,0.0,0.0
2008-07-01 00:00:00+09:00,78.9576644897461,78.9576644897461,78.9576644897461,78.9576644897461,0,0.0,0.0
2008-07-02 00:00:00+09:00,78.57249450683594,78.57249450683594,78.57249450683594,78.57249450683594,9000,0.0,0.0
2008-07-03 00:00:00+09:00,77.03185272216797,77.03185272216797,77.03185272216797,77.03185272216797,3000,0.0,0.0
2008-07-04 00:00:00+09:00,77.6095962524414,77.6095962524414,77.03185730064756,77.6095962524414,12000,0.0,0.0
2008-07-07 00:00:00+09:00,77.6095962524414,77.6095962524414,77.6095962524414,77.6095962524414,3000,0.0,0.0
2008-07-08 00:00:00+09:00,76.64669799804688,76.64669799804688,76.64669799804688,76.64669799804688,3000,0.0,0.0
2008-07-09 00:00:00+09:00,76.64671640216532,76.64671640216532,76.06897735595703,76.06897735595703,6000,0.0,0.0
2008-07-10 00:00:00+09:00,80.88344704772923,82.61666377018057,76.64669799804688,76.64669799804688,87000,0.0,0.0
2008-07-11 00:00:00+09:00,76.45413208007812,76.45413208007812,76.45413208007812,76.45413208007812,3000,0.0,0.0
2008-07-14 00:00:00+09:00,76.45413208007812,77.03187113563438,76.45413208007812,76.45413208007812,15000,0.0,0.0
2008-07-15 00:00:00+09:00,76.45413208007812,76.45413208007812,76.45413208007812,76.45413208007812,0,0.0,0.0
2008-07-16 00:00:00+09:00,76.45413208007812,76.45413208007812,76.45413208007812,76.45413208007812,0,0.0,0.0
2008-07-17 00:00:00+09:00,76.45413208007812,76.45413208007812,76.45413208007812,76.45413208007812,0,0.0,0.0
2008-07-18 00:00:00+09:00,76.8392562866211,76.8392562866211,76.8392562866211,76.8392562866211,6000,0.0,0.0
2008-07-22 00:00:00+09:00,76.8392562866211,76.8392562866211,76.8392562866211,76.8392562866211,0,0.0,0.0
2008-07-23 00:00:00+09:00,76.8392562866211,76.8392562866211,76.8392562866211,76.8392562866211,0,0.0,0.0
2008-07-24 00:00:00+09:00,76.8392562866211,76.8392562866211,76.8392562866211,76.8392562866211,0,0.0,0.0
2008-07-25 00:00:00+09:00,76.8392562866211,76.8392562866211,76.8392562866211,76.8392562866211,12000,0.0,0.0
2008-07-28 00:00:00+09:00,76.83927118778229,76.83927118778229,73.95057678222656,73.95057678222656,9000,0.0,0.0
2008-07-29 00:00:00+09:00,73.95057678222656,73.95057678222656,73.95057678222656,73.95057678222656,0,0.0,0.0
2008-07-30 00:00:00+09:00,73.95057678222656,73.95057678222656,73.95057678222656,73.95057678222656,0,0.0,0.0
2008-07-31 00:00:00+09:00,73.95057678222656,73.95057678222656,73.95057678222656,73.95057678222656,0,0.0,0.0
2008-08-01 00:00:00+09:00,73.95057678222656,73.95057678222656,73.95057678222656,73.95057678222656,3000,0.0,0.0
2008-08-04 00:00:00+09:00,73.5654296875,73.5654296875,73.5654296875,73.5654296875,3000,0.0,0.0
2008-08-05 00:00:00+09:00,73.5654296875,73.5654296875,73.5654296875,73.5654296875,0,0.0,0.0
2008-08-06 00:00:00+09:00,73.5654296875,73.5654296875,73.5654296875,73.5654296875,0,0.0,0.0
2008-08-07 00:00:00+09:00,73.5654296875,73.5654296875,73.5654296875,73.5654296875,0,0.0,0.0
2008-08-08 00:00:00+09:00,73.5654296875,73.5654296875,73.5654296875,73.5654296875,0,0.0,0.0
2008-08-11 00:00:00+09:00,73.5654296875,73.5654296875,73.5654296875,73.5654296875,0,0.0,0.0
2008-08-12 00:00:00+09:00,73.5654296875,73.5654296875,73.5654296875,73.5654296875,0,0.0,0.0
2008-08-13 00:00:00+09:00,73.5654296875,73.5654296875,73.5654296875,73.5654296875,0,0.0,0.0
2008-08-14 00:00:00+09:00,73.5654296875,73.5654296875,73.5654296875,73.5654296875,0,0.0,0.0
2008-08-15 00:00:00+09:00,73.5654296875,73.5654296875,73.5654296875,73.5654296875,0,0.0,0.0
2008-08-18 00:00:00+09:00,73.5654296875,73.5654296875,73.5654296875,73.5654296875,0,0.0,0.0
2008-08-19 00:00:00+09:00,72.40995788574219,72.40995788574219,72.40995788574219,72.40995788574219,6000,0.0,0.0
2008-08-20 00:00:00+09:00,72.40995788574219,72.40995788574219,72.40995788574219,72.40995788574219,0,0.0,0.0
2008-08-21 00:00:00+09:00,72.40995788574219,72.40995788574219,72.40995788574219,72.40995788574219,0,0.0,0.0
2008-08-22 00:00:00+09:00,72.40995788574219,72.40995788574219,72.40995788574219,72.40995788574219,0,0.0,0.0
2008-08-25 00:00:00+09:00,74.91346332824463,76.8392562866211,74.91346332824463,76.8392562866211,21000,0.0,0.0
2008-08-26 00:00:00+09:00,72.9876708984375,72.9876708984375,72.9876708984375,72.9876708984375,6000,0.0,0.0
2008-08-27 00:00:00+09:00,72.9876708984375,72.9876708984375,72.9876708984375,72.9876708984375,0,0.0,0.0
2008-08-28 00:00:00+09:00,72.9876708984375,72.9876708984375,72.9876708984375,72.9876708984375,0,0.0,0.0
2008-08-29 00:00:00+09:00,72.9876708984375,72.9876708984375,72.9876708984375,72.9876708984375,0,0.0,0.0
2008-09-01 00:00:00+09:00,72.9876708984375,72.9876708984375,72.9876708984375,72.9876708984375,0,0.0,0.0
2008-09-02 00:00:00+09:00,72.6025390625,72.6025390625,72.6025390625,72.6025390625,3000,0.0,0.0
2008-09-03 00:00:00+09:00,72.6025390625,72.6025390625,72.6025390625,72.6025390625,0,0.0,0.0
2008-09-04 00:00:00+09:00,72.6025390625,72.6025390625,72.6025390625,72.6025390625,0,0.0,0.0
2008-09-05 00:00:00+09:00,65.47708276809425,69.32867431640625,65.47708276809425,69.32867431640625,15000,0.0,0.0
2008-09-08 00:00:00+09:00,69.32867431640625,69.32867431640625,69.32867431640625,69.32867431640625,0,0.0,0.0
2008-09-09 00:00:00+09:00,69.32867582765145,69.32867582765145,65.47708419538142,67.40287780761719,21000,0.0,0.0
2008-09-10 00:00:00+09:00,67.40287780761719,67.40287780761719,67.40287780761719,67.40287780761719,0,0.0,0.0
2008-09-11 00:00:00+09:00,67.40287780761719,67.40287780761719,67.40287780761719,67.40287780761719,6000,0.0,0.0
2008-09-12 00:00:00+09:00,67.40287780761719,67.40287780761719,67.40287780761719,67.40287780761719,0,0.0,0.0
2008-09-16 00:00:00+09:00,64.32160949707031,64.32160949707031,64.32160949707031,64.32160949707031,3000,0.0,0.0
2008-09-17 00:00:00+09:00,66.24740466567783,66.43998580394104,65.47708892822266,65.47708892822266,15000,0.0,0.0
2008-09-18 00:00:00+09:00,65.28450775146484,65.28450775146484,65.28450775146484,65.28450775146484,24000,0.0,0.0
2008-09-19 00:00:00+09:00,65.28450775146484,65.28450775146484,65.28450775146484,65.28450775146484,0,0.0,0.0
2008-09-22 00:00:00+09:00,65.28450778995945,65.47708892822266,63.55129076898708,65.47708892822266,18000,0.0,0.0
2008-09-24 00:00:00+09:00,62.588382720947266,62.588382720947266,62.588382720947266,62.588382720947266,9000,0.0,0.0
2008-09-25 00:00:00+09:00,62.588382720947266,62.588382720947266,62.588382720947266,62.588382720947266,33000,0.0,0.0
2008-09-26 00:00:00+09:00,62.588382720947266,62.588382720947266,62.588382720947266,62.588382720947266,9000,0.0,0.0
2008-09-29 00:00:00+09:00,58.736782163000086,60.66257981693043,58.736782163000086,58.92936325073242,15000,0.0,0.0
2008-09-30 00:00:00+09:00,59.69970703124999,59.69970703124999,59.69970703124999,59.69970703125,6000,0.0,0.0
2008-10-01 00:00:00+09:00,59.12194130480034,59.314517974853516,58.1590403233447,59.314517974853516,21000,0.0,0.0
2008-10-02 00:00:00+09:00,60.27742004394532,60.27742004394532,60.27742004394532,60.27742004394531,18000,0.0,0.0
2008-10-03 00:00:00+09:00,55.462953502112555,57.196170799053576,55.462953502112555,57.00358963012695,24000,0.0,0.0
2008-10-06 00:00:00+09:00,57.003589752703185,57.003589752703185,50.64845965025386,53.53715515136719,33000,0.0,0.0
2008-10-07 00:00:00+09:00,42.36752331445936,47.95233154296875,42.36752331445936,47.95233154296875,69000,0.0,0.0
2008-10-08 00:00:00+09:00,43.137835857642614,44.2933136431848,37.36044692993164,37.36044692993164,123000,0.0,0.0
2008-10-09 00:00:00+09:00,38.51593297163204,41.404628054699415,38.51593297163204,40.82688903808594,39000,0.0,0.0
2008-10-10 00:00:00+09:00,41.212052749476975,42.367530822753906,40.44173256469267,42.367530822753906,27000,0.0,0.0
2008-10-14 00:00:00+09:00,44.678480473172385,46.2191162109375,44.678480473172385,46.2191162109375,42000,0.0,0.0
2008-10-15 00:00:00+09:00,48.14491271972656,48.14491271972656,48.14491271972656,48.14491271972656,9000,0.0,0.0
2008-10-16 00:00:00+09:00,48.14491271972656,48.14491271972656,48.14491271972656,48.14491271972656,27000,0.0,0.0
2008-10-17 00:00:00+09:00,48.14491271972656,48.14491271972656,48.14491271972656,48.14491271972656,6000,0.0,0.0
2008-10-20 00:00:00+09:00,49.10780334472656,49.10780334472656,49.10780334472656,49.10780334472656,9000,0.0,0.0
2008-10-21 00:00:00+09:00,49.10780334472656,49.10780334472656,49.10780334472656,49.10780334472656,0,0.0,0.0
2008-10-22 00:00:00+09:00,48.91523742675781,48.91523742675781,48.91523742675781,48.91523742675781,3000,0.0,0.0
2008-10-23 00:00:00+09:00,48.91523742675781,48.91523742675781,48.91523742675781,48.91523742675781,0,0.0,0.0
2008-10-24 00:00:00+09:00,49.87813876875558,49.87813876875558,48.91523742675781,48.91523742675781,27000,0.0,0.0
2008-10-27 00:00:00+09:00,45.06364822387695,45.06364822387695,45.06364822387695,45.06364822387695,3000,0.0,0.0
2008-10-28 00:00:00+09:00,44.10073679855889,44.10073679855889,42.75267791748047,42.75267791748047,12000,0.0,0.0
2008-10-29 00:00:00+09:00,46.41169357299805,46.41169357299805,46.41169357299805,46.41169357299805,6000,0.0,0.0
2008-10-30 00:00:00+09:00,46.41169357299805,46.41169357299805,46.41169357299805,46.41169357299805,9000,0.0,0.0
2008-10-31 00:00:00+09:00,46.41169357299805,46.41169357299805,46.41169357299805,46.41169357299805,0,0.0,0.0
2008-11-04 00:00:00+09:00,48.33748942619622,49.10780947546968,48.14491271972656,48.14491271972656,33000,0.0,0.0
2008-11-05 00:00:00+09:00,53.92229461669922,53.92229461669922,52.959393586248986,53.92229461669922,39000,0.0,0.0
2008-11-06 00:00:00+09:00,53.92229461669922,53.92229461669922,53.92229461669922,53.92229461669922,9000,0.0,0.0
2008-11-07 00:00:00+09:00,53.92229461669922,53.92229461669922,53.92229461669922,53.92229461669922,6000,0.0,0.0
2008-11-10 00:00:00+09:00,53.92229776764939,55.84809112548828,53.92229776764939,55.84809112548828,18000,0.0,0.0
2008-11-11 00:00:00+09:00,55.84809112548828,55.84809112548828,55.84809112548828,55.84809112548828,0,0.0,0.0
2008-11-12 00:00:00+09:00,51.99650192260742,51.99650192260742,51.99650192260742,51.99650192260742,12000,0.0,0.0
2008-11-13 00:00:00+09:00,51.99650192260742,51.99650192260742,51.99650192260742,51.99650192260742,6000,0.0,0.0
2008-11-14 00:00:00+09:00,51.99650192260742,51.99650192260742,51.99650192260742,51.99650192260742,0,0.0,0.0
2008-11-17 00:00:00+09:00,51.99650192260742,51.99650192260742,51.99650192260742,51.99650192260742,0,0.0,0.0
2008-11-18 00:00:00+09:00,52.959388732910156,52.959388732910156,52.959388732910156,52.959388732910156,15000,0.0,0.0
2008-11-19 00:00:00+09:00,52.959388732910156,52.959388732910156,52.959388732910156,52.959388732910156,0,0.0,0.0
2008-11-20 00:00:00+09:00,52.959388732910156,52.959388732910156,52.959388732910156,52.959388732910156,0,0.0,0.0
2008-11-21 00:00:00+09:00,51.41876521549178,51.41876521549178,48.14491271972656,48.14491271972656,12000,0.0,0.0
2008-11-25 00:00:00+09:00,50.070706231212796,51.99650415049731,48.14491271972656,48.14491271972656,33000,0.0,0.0
2008-11-26 00:00:00+09:00,48.14491271972656,48.14491271972656,48.14491271972656,48.14491271972656,3000,0.0,0.0
2008-11-27 00:00:00+09:00,48.337486267089844,48.337486267089844,48.337486267089844,48.337486267089844,3000,0.0,0.0
2008-11-28 00:00:00+09:00,48.337486267089844,48.337486267089844,48.337486267089844,48.337486267089844,0,0.0,0.0
2008-12-01 00:00:00+09:00,51.22618036062035,51.22618036062035,50.84102256800748,51.03360366821289,18000,0.0,0.0
2008-12-02 00:00:00+09:00,51.03360739475419,51.03360739475419,48.14491271972656,48.14491271972656,24000,0.0,0.0
2008-12-03 00:00:00+09:00,48.14491271972656,48.14491271972656,48.14491271972656,48.14491271972656,0,0.0,0.0
2008-12-04 00:00:00+09:00,48.14490957320607,48.5300673687716,48.14490957320607,48.337486267089844,39000,0.0,0.0
2008-12-05 00:00:00+09:00,50.26328107048483,50.26328107048483,48.144906709193904,49.10780334472656,81000,0.0,0.0
2008-12-08 00:00:00+09:00,48.14491271972656,48.14491271972656,48.14491271972656,48.14491271972656,27000,0.0,0.0
2008-12-09 00:00:00+09:00,48.14491271972656,48.14491271972656,48.14491271972656,48.14491271972656,0,0.0,0.0
2008-12-10 00:00:00+09:00,48.14491271972656,48.14491271972656,48.14491271972656,48.14491271972656,12000,0.0,0.0
2008-12-11 00:00:00+09:00,48.14491271972656,48.14491271972656,48.14491271972656,48.14491271972656,0,0.0,0.0
2008-12-12 00:00:00+09:00,48.14491271972656,48.14491271972656,48.14491271972656,48.14491271972656,12000,0.0,0.0
2008-12-15 00:00:00+09:00,46.21910978297723,46.21910978297723,44.29331207275391,44.293312072753906,18000,0.0,0.0
2008-12-16 00:00:00+09:00,44.29331207275391,44.29331207275391,44.29331207275391,44.293312072753906,0,0.0,0.0
2008-12-17 00:00:00+09:00,48.14491271972656,48.14491271972656,48.14491271972656,48.14491271972656,12000,0.0,0.0
2008-12-18 00:00:00+09:00,49.87813186645508,49.87813186645508,49.87813186645508,49.87813186645508,6000,0.0,0.0
2008-12-19 00:00:00+09:00,49.87813186645508,49.87813186645508,49.87813186645508,49.87813186645508,6000,0.0,0.0
2008-12-22 00:00:00+09:00,48.14492856979632,48.530086517333984,47.759766214458935,48.530086517333984,33000,0.0,0.0
2008-12-24 00:00:00+09:00,47.37459945678711,47.37459945678711,47.37459945678711,47.37459945678711,9000,0.0,0.0
2008-12-25 00:00:00+09:00,54.11486816406249,54.11486816406249,54.11486816406249,54.1148681640625,27000,0.0,0.0
2008-12-26 00:00:00+09:00,53.34455871582032,53.34455871582032,53.34455871582032,53.34455871582031,3000,0.0,0.0
2008-12-29 00:00:00+09:00,53.34455871582032,53.34455871582032,53.34455871582032,53.34455871582031,0,0.0,0.0
2008-12-30 00:00:00+09:00,53.34455871582032,53.34455871582032,53.34455871582032,53.34455871582031,0,0.0,0.0
2009-01-05 00:00:00+09:00,53.34455871582032,53.34455871582032,53.34455871582032,53.34455871582031,0,0.0,0.0
2009-01-06 00:00:00+09:00,54.11486816406249,54.11486816406249,54.11486816406249,54.1148681640625,6000,0.0,0.0
2009-01-07 00:00:00+09:00,50.07069472188238,52.959388732910156,50.07069472188238,52.959388732910156,15000,0.0,0.0
2009-01-08 00:00:00+09:00,51.99649902687632,52.76681900024414,51.99649902687632,52.76681900024414,9000,0.0,0.0
2009-01-09 00:00:00+09:00,50.45587532414916,50.45587532414916,48.33749600239631,50.07071304321289,36000,0.0,0.0
2009-01-13 00:00:00+09:00,48.14491271972656,48.14491271972656,48.14491271972656,48.14491271972656,3000,0.0,0.0
2009-01-14 00:00:00+09:00,48.14491271972656,48.14491271972656,48.14491271972656,48.14491271972656,3000,0.0,0.0
2009-01-15 00:00:00+09:00,48.14491271972656,48.14491271972656,48.14491271972656,48.14491271972656,3000,0.0,0.0
2009-01-16 00:00:00+09:00,48.144906709193904,49.10780334472656,48.144906709193904,49.10780334472656,15000,0.0,0.0
2009-01-19 00:00:00+09:00,49.10780334472656,49.10780334472656,49.10780334472656,49.10780334472656,12000,0.0,0.0
2009-01-20 00:00:00+09:00,49.878123297831316,49.878123297831316,49.10780334472656,49.10780334472656,9000,0.0,0.0
2009-01-21 00:00:00+09:00,48.14491271972656,48.14491271972656,48.14491271972656,48.14491271972656,3000,0.0,0.0
2009-01-22 00:00:00+09:00,49.10781172818916,49.685550689697266,49.10781172818916,49.685550689697266,12000,0.0,0.0
2009-01-23 00:00:00+09:00,50.07070408583742,51.99650192260742,50.07070408583742,51.99650192260742,30000,0.0,0.0
2009-01-26 00:00:00+09:00,51.99650192260742,51.99650192260742,51.99650192260742,51.99650192260742,0,0.0,0.0
2009-01-27 00:00:00+09:00,51.99650192260742,51.99650192260742,51.99650192260742,51.99650192260742,0,0.0,0.0
2009-01-28 00:00:00+09:00,51.99650192260742,51.99650192260742,51.99650192260742,51.99650192260742,0,0.0,0.0
2009-01-29 00:00:00+09:00,51.99650192260742,51.99650192260742,51.99650192260742,51.99650192260742,0,0.0,0.0
2009-01-30 00:00:00+09:00,51.99650192260742,51.99650192260742,51.99650192260742,51.99650192260742,0,0.0,0.0
2009-02-02 00:00:00+09:00,49.685545163266156,49.685545163266156,48.337486267089844,48.337486267089844,15000,0.0,0.0
2009-02-03 00:00:00+09:00,51.2261848449707,51.2261848449707,51.2261848449707,51.2261848449707,9000,0.0,0.0
2009-02-04 00:00:00+09:00,51.2261848449707,51.2261848449707,51.2261848449707,51.2261848449707,0,0.0,0.0
2009-02-05 00:00:00+09:00,51.2261848449707,51.2261848449707,51.2261848449707,51.2261848449707,0,0.0,0.0
2009-02-06 00:00:00+09:00,51.2261848449707,51.2261848449707,51.2261848449707,51.2261848449707,0,0.0,0.0
2009-02-09 00:00:00+09:00,51.2261848449707,51.2261848449707,51.2261848449707,51.2261848449707,0,0.0,0.0
2009-02-10 00:00:00+09:00,50.07071304321289,50.07071304321289,50.07071304321289,50.07071304321289,3000,0.0,0.0
2009-02-12 00:00:00+09:00,50.07071304321289,50.07071304321289,50.07071304321289,50.07071304321289,0,0.0,0.0
2009-02-13 00:00:00+09:00,50.07071304321289,50.07071304321289,50.07071304321289,50.07071304321289,0,0.0,0.0
2009-02-16 00:00:00+09:00,50.07071304321289,50.07071304321289,50.07071304321289,50.07071304321289,0,0.0,0.0
2009-02-17 00:00:00+09:00,48.337486267089844,48.337486267089844,48.337486267089844,48.337486267089844,3000,0.0,0.0
2009-02-18 00:00:00+09:00,50.263282775878906,50.263282775878906,50.263282775878906,50.263282775878906,6000,0.0,0.0
2009-02-19 00:00:00+09:00,48.337486267089844,48.337486267089844,48.337486267089844,48.337486267089844,3000,0.0,0.0
2009-02-20 00:00:00+09:00,48.337486267089844,48.337486267089844,48.337486267089844,48.337486267089844,0,0.0,0.0
2009-02-23 00:00:00+09:00,48.72265165473209,48.91522836120175,48.14491271972656,48.14491271972656,24000,0.0,0.0
2009-02-24 00:00:00+09:00,48.14491961640768,48.14491961640768,47.18201831493224,47.37459945678711,21000,0.0,0.0
2009-02-25 00:00:00+09:00,50.64844146780208,51.03360366821289,50.64844146780208,51.03360366821289,27000,0.0,0.0
2009-02-26 00:00:00+09:00,47.37459945678711,47.37459945678711,47.37459945678711,47.37459945678711,6000,0.0,0.0
2009-02-27 00:00:00+09:00,50.648441314697266,50.648441314697266,50.648441314697266,50.648441314697266,6000,0.0,0.0
2009-03-02 00:00:00+09:00,50.648441314697266,50.648441314697266,50.648441314697266,50.648441314697266,6000,0.0,0.0
2009-03-03 00:00:00+09:00,50.45586013793945,50.45586013793945,50.45586013793945,50.45586013793945,6000,0.0,0.0
2009-03-04 00:00:00+09:00,50.45586013793945,50.45586013793945,50.45586013793945,50.45586013793945,0,0.0,0.0
2009-03-05 00:00:00+09:00,50.45586013793945,50.45586013793945,50.45586013793945,50.45586013793945,0,0.0,0.0
2009-03-06 00:00:00+09:00,50.45586013793945,50.45586013793945,50.45586013793945,50.45586013793945,0,0.0,0.0
2009-03-09 00:00:00+09:00,50.45586013793945,50.45586013793945,50.45586013793945,50.45586013793945,0,0.0,0.0
2009-03-10 00:00:00+09:00,50.45586013793945,50.45586013793945,50.45586013793945,50.45586013793945,0,0.0,0.0
2009-03-11 00:00:00+09:00,50.45586013793945,50.45586013793945,50.45586013793945,50.45586013793945,0,0.0,0.0
2009-03-12 00:00:00+09:00,50.45586013793945,50.45586013793945,50.45586013793945,50.45586013793945,0,0.0,0.0
2009-03-13 00:00:00+09:00,50.45586013793945,50.45586013793945,50.45586013793945,50.45586013793945,0,0.0,0.0
2009-03-16 00:00:00+09:00,49.87813186645508,49.87813186645508,49.87813186645508,49.87813186645508,6000,0.0,0.0
2009-03-17 00:00:00+09:00,50.648441314697266,50.648441314697266,50.648441314697266,50.648441314697266,6000,0.0,0.0
2009-03-18 00:00:00+09:00,50.648441314697266,50.648441314697266,50.648441314697266,50.648441314697266,6000,0.0,0.0
2009-03-19 00:00:00+09:00,50.648441314697266,50.648441314697266,50.648441314697266,50.648441314697266,0,0.0,0.0
2009-03-23 00:00:00+09:00,50.648441314697266,50.648441314697266,50.648441314697266,50.648441314697266,0,0.0,0.0
2009-03-24 00:00:00+09:00,50.648441314697266,50.648441314697266,50.648441314697266,50.648441314697266,0,0.0,0.0
2009-03-25 00:00:00+09:00,57.1961541515399,59.121952056884766,57.1961541515399,59.121952056884766,27000,0.0,0.0
2009-03-26 00:00:00+09:00,59.121952056884766,59.121952056884766,59.121952056884766,59.121952056884766,0,0.0,0.0
2009-03-27 00:00:00+09:00,59.121952056884766,59.121952056884766,59.121952056884766,59.121952056884766,0,0.0,0.0
2009-03-30 00:00:00+09:00,59.121952056884766,59.121952056884766,59.121952056884766,59.121952056884766,0,0.0,0.0
2009-03-31 00:00:00+09:00,50.648441314697266,50.648441314697266,50.648441314697266,50.648441314697266,3000,0.0,0.0
2009-04-01 00:00:00+09:00,50.648441314697266,50.648441314697266,50.648441314697266,50.648441314697266,3000,0.0,0.0
2009-04-02 00:00:00+09:00,52.57424545288086,52.57424545288086,52.57424545288086,52.57424545288086,6000,0.0,0.0
2009-04-03 00:00:00+09:00,52.57424545288086,52.57424545288086,52.57424545288086,52.57424545288086,0,0.0,0.0
2009-04-06 00:00:00+09:00,51.61134719848633,51.61134719848633,51.61134719848633,51.61134719848633,9000,0.0,0.0
2009-04-07 00:00:00+09:00,51.61134719848633,51.61134719848633,51.61134719848633,51.61134719848633,0,0.0,0.0
2009-04-08 00:00:00+09:00,51.61134719848633,51.61134719848633,51.61134719848633,51.61134719848633,0,0.0,0.0
2009-04-09 00:00:00+09:00,51.61134719848633,51.61134719848633,51.61134719848633,51.61134719848633,0,0.0,0.0
2009-04-10 00:00:00+09:00,52.38166809082031,52.38166809082031,52.38166809082031,52.38166809082031,3000,0.0,0.0
2009-04-13 00:00:00+09:00,51.61134719848633,51.61134719848633,51.61134719848633,51.61134719848633,3000,0.0,0.0
2009-04-14 00:00:00+09:00,51.61134719848633,51.61134719848633,51.61134719848633,51.61134719848633,0,0.0,0.0
2009-04-15 00:00:00+09:00,51.99650192260742,51.99650192260742,51.99650192260742,51.99650192260742,3000,0.0,0.0
2009-04-16 00:00:00+09:00,53.92229461669922,53.92229461669922,53.92229461669922,53.92229461669922,12000,0.0,0.0
2009-04-17 00:00:00+09:00,56.81100845336915,56.81100845336915,56.81100845336915,56.81100845336914,3000,0.0,0.0
2009-04-20 00:00:00+09:00,57.77388381958007,57.77388381958007,57.77388381958007,57.77388381958008,9000,0.0,0.0
2009-04-21 00:00:00+09:00,57.77388381958007,57.77388381958007,57.77388381958007,57.77388381958008,0,0.0,0.0
2009-04-22 00:00:00+09:00,56.81099221220565,56.81099221220565,55.84809112548828,55.84809112548828,21000,0.0,0.0
2009-04-23 00:00:00+09:00,55.84809112548828,55.84809112548828,55.84809112548828,55.84809112548828,6000,0.0,0.0
2009-04-24 00:00:00+09:00,58.736785888671875,58.736785888671875,58.736785888671875,58.736785888671875,24000,0.0,0.0
2009-04-27 00:00:00+09:00,58.736785888671875,58.736785888671875,58.736785888671875,58.736785888671875,0,0.0,0.0
2009-04-28 00:00:00+09:00,58.736785888671875,58.736785888671875,58.736785888671875,58.736785888671875,0,0.0,0.0
2009-04-30 00:00:00+09:00,58.736785888671875,58.736785888671875,58.736785888671875,58.736785888671875,0,0.0,0.0
2009-05-01 00:00:00+09:00,58.736785888671875,58.736785888671875,58.736785888671875,58.736785888671875,0,0.0,0.0
2009-05-07 00:00:00+09:00,57.77388381958007,57.77388381958007,57.77388381958007,57.77388381958008,3000,0.0,0.0
2009-05-08 00:00:00+09:00,57.77388381958007,57.77388381958007,57.77388381958007,57.77388381958008,0,0.0,0.0
2009-05-11 00:00:00+09:00,57.5813102722168,57.77389137941421,57.5813102722168,57.5813102722168,39000,0.0,0.0
2009-05-12 00:00:00+09:00,57.77388381958007,58.7367804139739,57.77388381958007,57.77388381958008,15000,0.0,0.0
2009-05-13 00:00:00+09:00,57.77388381958007,57.77388381958007,57.77388381958007,57.77388381958008,0,0.0,0.0
2009-05-14 00:00:00+09:00,57.77388381958007,57.77388381958007,57.77388381958007,57.77388381958008,6000,0.0,0.0
2009-05-15 00:00:00+09:00,57.77388381958007,57.77388381958007,57.77388381958007,57.77388381958008,12000,0.0,0.0
2009-05-18 00:00:00+09:00,57.77388381958007,57.77388381958007,57.77388381958007,57.77388381958008,48000,0.0,0.0
2009-05-19 00:00:00+09:00,59.31452271669723,60.084842681884766,59.31452271669723,60.084842681884766,12000,0.0,0.0
2009-05-20 00:00:00+09:00,56.23325256408407,56.23325256408407,55.46293258666992,55.46293258666992,15000,0.0,0.0
2009-05-21 00:00:00+09:00,56.0406926010929,57.00358963012695,55.462953502112555,57.00358963012695,27000,0.0,0.0
2009-05-22 00:00:00+09:00,57.38874750744477,57.38874750744477,56.81100845336915,56.81100845336914,6000,0.0,0.0
2009-05-25 00:00:00+09:00,55.84810709137699,57.00358519952823,55.84810709137699,56.81100845336914,45000,0.0,0.0
2009-05-26 00:00:00+09:00,57.77388846520151,58.54420844733682,57.77388846520151,58.351627349853516,9000,0.0,0.0
2009-05-27 00:00:00+09:00,57.77388381958007,57.77388381958007,57.77388381958007,57.77388381958008,3000,0.0,0.0
2009-05-28 00:00:00+09:00,55.84809112548828,55.84809112548828,55.84809112548828,55.84809112548828,21000,0.0,0.0
2009-05-29 00:00:00+09:00,55.84809112548828,55.84809112548828,55.84809112548828,55.84809112548828,18000,0.0,0.0
2009-06-01 00:00:00+09:00,55.84809112548828,55.84809112548828,55.84809112548828,55.84809112548828,0,0.0,0.0
2009-06-02 00:00:00+09:00,56.810991445195214,58.54420808852865,55.46293258666992,55.46293258666992,15000,0.0,0.0
2009-06-03 00:00:00+09:00,55.46293258666992,55.46293258666992,55.46293258666992,55.46293258666992,6000,0.0,0.0
2009-06-04 00:00:00+09:00,54.692610151702205,54.692610151702205,53.92229461669922,53.92229461669922,54000,0.0,0.0
2009-06-05 00:00:00+09:00,53.92229461669922,54.30745238420071,53.92229461669922,53.92229461669922,153000,0.0,0.0
2009-06-08 00:00:00+09:00,54.885191239351784,54.885191239351784,53.92229461669922,53.92229461669922,57000,0.0,0.0
2009-06-09 00:00:00+09:00,53.92229461669922,53.92229461669922,53.92229461669922,53.92229461669922,18000,0.0,0.0
2009-06-10 00:00:00+09:00,53.92229461669922,53.92229461669922,53.92229461669922,53.92229461669922,18000,0.0,0.0
2009-06-11 00:00:00+09:00,53.92229776764939,55.84809112548828,53.92229776764939,55.84809112548828,141000,0.0,0.0
2009-06-12 00:00:00+09:00,56.81098722518625,57.77388381958007,56.81098722518625,57.77388381958008,39000,0.0,0.0
2009-06-15 00:00:00+09:00,57.96646881103516,57.96646881103516,57.96646881103516,57.966468811035156,3000,0.0,0.0
2009-06-16 00:00:00+09:00,57.77388897138772,57.77388897138772,56.04067230224609,56.040672302246094,21000,0.0,0.0
2009-06-17 00:00:00+09:00,56.040672224391336,56.040672224391336,55.84809112548828,55.84809112548828,6000,0.0,0.0
2009-06-18 00:00:00+09:00,57.77390472793829,57.77390472793829,56.040687586100134,56.23326873779297,12000,0.0,0.0
2009-06-19 00:00:00+09:00,56.233268737792976,56.233268737792976,56.233268737792976,56.23326873779297,0,0.0,0.0
2009-06-22 00:00:00+09:00,56.233268737792976,56.233268737792976,56.233268737792976,56.23326873779297,0,0.0,0.0
2009-06-23 00:00:00+09:00,55.270347595214844,55.270347595214844,55.270347595214844,55.270347595214844,3000,0.0,0.0
2009-06-24 00:00:00+09:00,55.848088168050126,57.19614697338917,55.848088168050126,56.42582702636719,21000,0.0,0.0
2009-06-25 00:00:00+09:00,57.77390736595186,58.54422760009766,57.77390736595186,58.544227600097656,24000,0.0,0.0
2009-06-26 00:00:00+09:00,58.54422760009766,58.54422760009766,58.54422760009766,58.544227600097656,0,0.0,0.0
2009-06-29 00:00:00+09:00,57.38873067803279,58.35162734985352,57.38873067803279,58.351627349853516,12000,0.0,0.0
2009-06-30 00:00:00+09:00,58.73680561591086,59.69970703124999,58.73680561591086,59.69970703125,282000,0.0,0.0
2009-07-01 00:00:00+09:00,59.69970703124999,59.69970703124999,59.69970703124999,59.69970703125,12000,0.0,0.0
2009-07-02 00:00:00+09:00,61.625479061488015,61.625479061488015,60.66258239746093,60.66258239746094,27000,0.0,0.0
2009-07-03 00:00:00+09:00,60.66258239746093,60.66258239746093,60.66258239746093,60.66258239746094,0,0.0,0.0
2009-07-06 00:00:00+09:00,60.66258239746093,60.66258239746093,60.66258239746093,60.66258239746094,3000,0.0,0.0
2009-07-07 00:00:00+09:00,60.66258239746093,60.66258239746093,60.66258239746093,60.66258239746094,0,0.0,0.0
2009-07-08 00:00:00+09:00,61.24033339174161,64.32160949707031,61.24033339174161,64.32160949707031,21000,0.0,0.0
2009-07-09 00:00:00+09:00,62.97354653309159,63.93644332885742,62.97354653309159,63.93644332885742,6000,0.0,0.0
2009-07-10 00:00:00+09:00,61.43289809932242,62.78095245361328,61.43289809932242,62.78095245361328,15000,0.0,0.0
2009-07-13 00:00:00+09:00,64.70676878296867,65.47708892822266,64.51418764470546,65.47708892822266,96000,0.0,0.0
2009-07-14 00:00:00+09:00,65.47708892822266,65.47708892822266,65.47708892822266,65.47708892822266,0,0.0,0.0
2009-07-15 00:00:00+09:00,65.47708892822266,65.47708892822266,65.47708892822266,65.47708892822266,0,0.0,0.0
2009-07-16 00:00:00+09:00,65.47708892822266,65.47708892822266,65.47708892822266,65.47708892822266,0,0.0,0.0
2009-07-17 00:00:00+09:00,65.47708892822266,65.47708892822266,65.47708892822266,65.47708892822266,0,0.0,0.0
2009-07-21 00:00:00+09:00,67.21030446837888,67.21030446837888,64.32160949707031,64.32160949707031,9000,0.0,0.0
2009-07-22 00:00:00+09:00,64.32160949707031,64.32160949707031,64.32160949707031,64.32160949707031,6000,0.0,0.0
2009-07-23 00:00:00+09:00,63.93644332885742,63.93644332885742,63.93644332885742,63.93644332885742,3000,0.0,0.0
2009-07-24 00:00:00+09:00,65.47708892822266,65.47708892822266,65.47708892822266,65.47708892822266,45000,0.0,0.0
2009-07-27 00:00:00+09:00,65.47708892822266,65.47708892822266,65.47708892822266,65.47708892822266,12000,0.0,0.0
2009-07-28 00:00:00+09:00,65.47708892822266,65.47708892822266,65.47708892822266,65.47708892822266,3000,0.0,0.0
2009-07-29 00:00:00+09:00,65.47708892822266,65.47708892822266,65.47708892822266,65.47708892822266,0,0.0,0.0
2009-07-30 00:00:00+09:00,65.47708892822266,65.47708892822266,65.47708892822266,65.47708892822266,0,0.0,0.0
2009-07-31 00:00:00+09:00,65.47708892822266,65.47708892822266,65.47708892822266,65.47708892822266,0,0.0,0.0
2009-08-03 00:00:00+09:00,65.47708892822266,65.47708892822266,65.47708892822266,65.47708892822266,0,0.0,0.0
2009-08-04 00:00:00+09:00,65.28450775146484,65.28450775146484,65.28450775146484,65.28450775146484,6000,0.0,0.0
2009-08-05 00:00:00+09:00,65.28450775146484,65.28450775146484,65.28450775146484,65.28450775146484,0,0.0,0.0
2009-08-06 00:00:00+09:00,65.28450775146484,65.28450775146484,65.28450775146484,65.28450775146484,0,0.0,0.0
2009-08-07 00:00:00+09:00,65.28450775146484,65.28450775146484,65.28450775146484,65.28450775146484,0,0.0,0.0
2009-08-10 00:00:00+09:00,65.28450775146484,65.28450775146484,65.28450775146484,65.28450775146484,0,0.0,0.0
2009-08-11 00:00:00+09:00,65.28450775146484,65.28450775146484,65.28450775146484,65.28450775146484,0,0.0,0.0
2009-08-12 00:00:00+09:00,65.28450775146484,65.28450775146484,65.28450775146484,65.28450775146484,0,0.0,0.0
2009-08-13 00:00:00+09:00,65.28450775146484,65.28450775146484,65.28450775146484,65.28450775146484,0,0.0,0.0
2009-08-14 00:00:00+09:00,65.28450775146484,65.28450775146484,65.28450775146484,65.28450775146484,0,0.0,0.0
2009-08-17 00:00:00+09:00,63.35871124267578,63.35871124267578,63.35871124267578,63.35871124267578,3000,0.0,0.0
2009-08-18 00:00:00+09:00,61.43291473388671,61.43291473388671,61.43291473388671,61.43291473388672,9000,0.0,0.0
2009-08-19 00:00:00+09:00,60.66258239746093,60.66258239746093,59.69968573343385,60.66258239746094,18000,0.0,0.0
2009-08-20 00:00:00+09:00,59.699686980612654,60.0848447727102,58.736785888671875,58.736785888671875,36000,0.0,0.0
2009-08-21 00:00:00+09:00,58.92936325073242,58.92936325073242,58.736782163000086,58.92936325073242,15000,0.0,0.0
2009-08-24 00:00:00+09:00,58.92936325073242,58.92936325073242,58.92936325073242,58.92936325073242,15000,0.0,0.0
2009-08-25 00:00:00+09:00,58.92936007775993,61.81805419921875,58.92936007775993,61.81805419921875,30000,0.0,0.0
2009-08-26 00:00:00+09:00,58.15906652982715,59.69970703124999,58.15906652982715,59.69970703125,12000,0.0,0.0
2009-08-27 00:00:00+09:00,58.54422760009766,58.54422760009766,58.54422760009766,58.544227600097656,3000,0.0,0.0
2009-08-28 00:00:00+09:00,58.54422760009766,58.54422760009766,58.54422760009766,58.544227600097656,0,0.0,0.0
2009-08-31 00:00:00+09:00,58.15905380249023,58.15905380249023,58.15905380249023,58.159053802490234,3000,0.0,0.0
2009-09-02 00:00:00+09:00,60.85517120361328,60.85517120361328,60.85517120361328,60.85517120361328,6000,0.0,0.0
2009-09-03 00:00:00+09:00,60.85517120361328,60.85517120361328,60.85517120361328,60.85517120361328,0,0.0,0.0
2009-09-04 00:00:00+09:00,60.85517120361328,60.85517120361328,60.85517120361328,60.85517120361328,0,0.0,0.0
2009-09-07 00:00:00+09:00,60.85517120361328,60.85517120361328,60.85517120361328,60.85517120361328,0,0.0,0.0
2009-09-08 00:00:00+09:00,60.85517120361328,60.85517120361328,60.85517120361328,60.85517120361328,0,0.0,0.0
2009-09-09 00:00:00+09:00,60.85517120361328,60.85517120361328,60.85517120361328,60.85517120361328,0,0.0,0.0
2009-09-10 00:00:00+09:00,60.85517120361328,60.85517120361328,60.85517120361328,60.85517120361328,0,0.0,0.0
2009-09-11 00:00:00+09:00,60.85517120361328,60.85517120361328,60.85517120361328,60.85517120361328,0,0.0,0.0
2009-09-14 00:00:00+09:00,61.6254653930664,61.6254653930664,61.6254653930664,61.625465393066406,153000,0.0,0.0
2009-09-15 00:00:00+09:00,61.6254720155827,63.55126953125,61.6254720155827,63.55126953125,132000,0.0,0.0
2009-09-16 00:00:00+09:00,63.55126953125,63.55126953125,63.55126953125,63.55126953125,0,0.0,0.0
2009-09-17 00:00:00+09:00,63.55126953125,63.55126953125,63.55126953125,63.55126953125,0,0.0,0.0
2009-09-18 00:00:00+09:00,62.97355270385742,62.97355270385742,62.97355270385742,62.97355270385742,6000,0.0,0.0
2009-09-21 00:00:00+09:00,62.97355270385742,62.97355270385742,62.97355270385742,62.97355270385742,0,0.0,0.0
2009-09-24 00:00:00+09:00,62.97355270385742,62.97355270385742,62.588394829369236,62.97355270385742,9000,0.0,0.0
2009-09-25 00:00:00+09:00,63.93645163971086,64.51419067382812,63.93645163971086,64.51419067382812,24000,0.0,0.0
2009-09-28 00:00:00+09:00,59.121952056884766,59.121952056884766,59.121952056884766,59.121952056884766,18000,0.0,0.0
2009-09-29 00:00:00+09:00,59.121952056884766,59.121952056884766,59.121952056884766,59.121952056884766,0,0.0,0.0
2009-09-30 00:00:00+09:00,59.314519252169696,59.314519252169696,57.77388381958007,57.77388381958008,39000,0.0,0.0
2009-10-01 00:00:00+09:00,57.96646490157785,57.96646490157785,57.77388381958007,57.77388381958008,21000,0.0,0.0
2009-10-02 00:00:00+09:00,59.69970703124999,59.69970703124999,57.77390860837115,59.69970703125,15000,0.0,0.0
2009-10-05 00:00:00+09:00,56.81100845336915,56.81100845336915,56.81100845336915,56.81100845336914,3000,0.0,0.0
2009-10-06 00:00:00+09:00,56.81100845336915,56.81100845336915,56.81100845336915,56.81100845336914,0,0.0,0.0
2009-10-07 00:00:00+09:00,56.81100845336915,56.81100845336915,56.81100845336915,56.81100845336914,0,0.0,0.0
2009-10-08 00:00:00+09:00,56.81100845336915,56.81100845336915,56.81100845336915,56.81100845336914,0,0.0,0.0
2009-10-09 00:00:00+09:00,56.81098722518625,57.77388381958007,56.81098722518625,57.77388381958008,15000,0.0,0.0
2009-10-13 00:00:00+09:00,57.77391230018394,59.50712966918945,57.77391230018394,59.50712966918945,15000,0.0,0.0
2009-10-14 00:00:00+09:00,59.50710511915755,59.50710511915755,58.35162734985352,58.351627349853516,9000,0.0,0.0
2009-10-15 00:00:00+09:00,58.35162734985352,58.35162734985352,58.35162734985352,58.351627349853516,0,0.0,0.0
2009-10-16 00:00:00+09:00,58.35162734985352,58.35162734985352,58.35162734985352,58.351627349853516,0,0.0,0.0
2009-10-19 00:00:00+09:00,58.35162734985352,58.35162734985352,58.35162734985352,58.351627349853516,0,0.0,0.0
2009-10-20 00:00:00+09:00,59.314517974853516,59.314517974853516,59.314517974853516,59.314517974853516,6000,0.0,0.0
2009-10-21 00:00:00+09:00,58.159063307679475,58.159063307679475,56.81100845336915,56.81100845336914,6000,0.0,0.0
2009-10-22 00:00:00+09:00,57.38872606338205,57.77388381958007,57.38872606338205,57.77388381958008,12000,0.0,0.0
2009-10-23 00:00:00+09:00,60.66258239746093,60.66258239746093,60.66258239746093,60.66258239746094,27000,0.0,0.0
2009-10-26 00:00:00+09:00,60.66258239746093,60.66258239746093,60.66258239746093,60.66258239746094,0,0.0,0.0
2009-10-27 00:00:00+09:00,60.66258239746093,60.66258239746093,60.66258239746093,60.66258239746094,0,0.0,0.0
2009-10-28 00:00:00+09:00,57.773899324486486,57.773899324486486,54.885204358262165,55.07778549194336,42000,0.0,0.0
2009-10-29 00:00:00+09:00,55.07778549194336,55.07778549194336,55.07778549194336,55.07778549194336,6000,0.0,0.0
2009-10-30 00:00:00+09:00,54.885191239351784,54.885191239351784,53.92229461669922,53.92229461669922,30000,0.0,0.0
2009-11-02 00:00:00+09:00,53.922308369355385,53.922308369355385,52.18909136185252,52.38166809082031,60000,0.0,0.0
2009-11-04 00:00:00+09:00,53.344563909279636,53.344563909279636,51.2261848449707,51.2261848449707,30000,0.0,0.0
2009-11-05 00:00:00+09:00,51.22617350321124,51.41875457763672,51.22617350321124,51.41875457763672,24000,0.0,0.0
2009-11-06 00:00:00+09:00,53.92229461669922,53.92229461669922,53.92229461669922,53.92229461669922,9000,0.0,0.0
2009-11-09 00:00:00+09:00,53.92229461669922,53.92229461669922,53.92229461669922,53.92229461669922,0,0.0,0.0
2009-11-10 00:00:00+09:00,53.34455576154814,54.50003347185029,53.34455576154814,53.92229461669922,162000,0.0,0.0
2009-11-11 00:00:00+09:00,53.92229461669922,53.92229461669922,53.92229461669922,53.92229461669922,0,0.0,0.0
2009-11-12 00:00:00+09:00,53.922308369355385,53.922308369355385,52.38166809082031,52.38166809082031,9000,0.0,0.0
2009-11-13 00:00:00+09:00,52.38166809082031,52.38166809082031,52.38166809082031,52.38166809082031,0,0.0,0.0
2009-11-16 00:00:00+09:00,53.53715515136719,53.53715515136719,53.53715515136719,53.53715515136719,3000,0.0,0.0
2009-11-17 00:00:00+09:00,51.61134719848633,51.61134719848633,51.61134719848633,51.61134719848633,3000,0.0,0.0
2009-11-18 00:00:00+09:00,54.30744171142578,54.30744171142578,54.30744171142578,54.30744171142578,6000,0.0,0.0
2009-11-19 00:00:00+09:00,54.30744171142578,54.30744171142578,54.30744171142578,54.30744171142578,0,0.0,0.0
2009-11-20 00:00:00+09:00,54.30744171142578,54.30744171142578,54.30744171142578,54.30744171142578,0,0.0,0.0
2009-11-24 00:00:00+09:00,54.11486816406249,54.11486816406249,54.11486816406249,54.1148681640625,9000,0.0,0.0
2009-11-25 00:00:00+09:00,54.11486816406249,54.11486816406249,54.11486816406249,54.1148681640625,27000,0.0,0.0
2009-11-26 00:00:00+09:00,54.11486816406249,54.11486816406249,54.11486816406249,54.1148681640625,3000,0.0,0.0
2009-11-27 00:00:00+09:00,54.11486816406249,54.11486816406249,54.11486816406249,54.1148681640625,0,0.0,0.0
2009-11-30 00:00:00+09:00,54.11486816406249,54.11486816406249,54.11486816406249,54.1148681640625,0,0.0,0.0
2009-12-01 00:00:00+09:00,54.11486816406249,54.11486816406249,54.11486816406249,54.1148681640625,3000,0.0,0.0
2009-12-02 00:00:00+09:00,54.11486066162321,54.30744171142578,54.11486066162321,54.30744171142578,18000,0.0,0.0
2009-12-03 00:00:00+09:00,54.11486816406249,54.11486816406249,54.11486816406249,54.1148681640625,3000,0.0,0.0
2009-12-04 00:00:00+09:00,56.04067230224609,56.04067230224609,56.04067230224609,56.040672302246094,75000,0.0,0.0
2009-12-07 00:00:00+09:00,56.04067230224609,56.04067230224609,56.04067230224609,56.040672302246094,0,0.0,0.0
2009-12-08 00:00:00+09:00,56.04067230224609,56.04067230224609,56.04067230224609,56.040672302246094,0,0.0,0.0
2009-12-09 00:00:00+09:00,56.04067230224609,56.04067230224609,56.04067230224609,56.040672302246094,0,0.0,0.0
2009-12-10 00:00:00+09:00,56.04067230224609,56.04067230224609,56.04067230224609,56.040672302246094,0,0.0,0.0
2009-12-11 00:00:00+09:00,56.04067230224609,56.04067230224609,56.04067230224609,56.040672302246094,0,0.0,0.0
2009-12-14 00:00:00+09:00,56.04067230224609,56.04067230224609,56.04067230224609,56.040672302246094,0,0.0,0.0
2009-12-15 00:00:00+09:00,56.04067230224609,56.04067230224609,56.04067230224609,56.040672302246094,0,0.0,0.0
2009-12-16 00:00:00+09:00,56.04067230224609,56.04067230224609,56.04067230224609,56.040672302246094,0,0.0,0.0
2009-12-17 00:00:00+09:00,54.5000343322754,54.5000343322754,54.5000343322754,54.50003433227539,3000,0.0,0.0
2009-12-18 00:00:00+09:00,54.69261536784697,54.69261536784697,51.99650192260742,51.99650192260742,9000,0.0,0.0
2009-12-21 00:00:00+09:00,52.18908302862385,52.18908302862385,51.99650192260742,51.99650192260742,27000,0.0,0.0
2009-12-22 00:00:00+09:00,51.99650192260742,51.99650192260742,51.99650192260742,51.99650192260742,45000,0.0,0.0
2009-12-24 00:00:00+09:00,52.95939568773771,52.95939568773771,52.76681900024414,52.76681900024414,12000,0.0,0.0
2009-12-25 00:00:00+09:00,54.30745238420071,54.30745238420071,53.92229461669922,53.92229461669922,30000,0.0,0.0
2009-12-28 00:00:00+09:00,50.07070695818341,51.2261848449707,50.07070695818341,51.2261848449707,9000,0.0,0.0
2009-12-29 00:00:00+09:00,52.381664329941145,53.344565536841245,52.381664329941145,52.57424545288086,33000,0.0,0.0
2009-12-30 00:00:00+09:00,52.57424545288086,52.57424545288086,52.57424545288086,52.57424545288086,0,0.0,0.0
2010-01-04 00:00:00+09:00,50.45585802110406,51.41875457763672,50.45585802110406,51.41875457763672,18000,0.0,0.0
2010-01-05 00:00:00+09:00,52.959388732910156,52.959388732910156,52.959388732910156,52.959388732910156,6000,0.0,0.0
2010-01-06 00:00:00+09:00,52.959388732910156,52.959388732910156,52.959388732910156,52.959388732910156,3000,0.0,0.0
2010-01-07 00:00:00+09:00,53.15198441390153,54.88520129696354,52.1890876147999,52.57424545288086,21000,0.0,0.0
2010-01-08 00:00:00+09:00,53.53715515136719,53.53715515136719,53.53715515136719,53.53715515136719,3000,0.0,0.0
2010-01-12 00:00:00+09:00,54.11486816406249,54.11486816406249,54.11486816406249,54.1148681640625,6000,0.0,0.0
2010-01-13 00:00:00+09:00,54.11487129655113,54.11487129655113,53.92229461669922,53.92229461669922,12000,0.0,0.0
2010-01-14 00:00:00+09:00,53.92229461669922,53.92229461669922,53.92229461669922,53.92229461669922,12000,0.0,0.0
2010-01-15 00:00:00+09:00,53.92229461669922,53.92229461669922,53.34455576154814,53.92229461669922,27000,0.0,0.0
2010-01-18 00:00:00+09:00,54.30744171142578,54.30744171142578,54.30744171142578,54.30744171142578,3000,0.0,0.0
2010-01-19 00:00:00+09:00,54.30745482444763,55.46293258666992,54.30745482444763,55.46293258666992,27000,0.0,0.0
2010-01-20 00:00:00+09:00,55.46293258666992,55.46293258666992,55.46293258666992,55.46293258666992,0,0.0,0.0
2010-01-21 00:00:00+09:00,54.692615509033196,54.692615509033196,54.692615509033196,54.6926155090332,6000,0.0,0.0
2010-01-22 00:00:00+09:00,54.885191239351784,54.885191239351784,53.92229461669922,53.92229461669922,30000,0.0,0.0
2010-01-25 00:00:00+09:00,56.233268737792976,56.233268737792976,56.233268737792976,56.23326873779297,24000,0.0,0.0
2010-01-26 00:00:00+09:00,56.233268737792976,56.233268737792976,56.233268737792976,56.23326873779297,0,0.0,0.0
2010-01-27 00:00:00+09:00,56.233268737792976,56.233268737792976,56.233268737792976,56.23326873779297,0,0.0,0.0
2010-01-28 00:00:00+09:00,56.233268737792976,56.233268737792976,56.233268737792976,56.23326873779297,0,0.0,0.0
2010-01-29 00:00:00+09:00,56.233268737792976,56.233268737792976,56.233268737792976,56.23326873779297,0,0.0,0.0
2010-02-01 00:00:00+09:00,56.23325340141669,56.23325340141669,56.04067230224609,56.040672302246094,6000,0.0,0.0
2010-02-02 00:00:00+09:00,56.23324903272473,56.23324903272473,53.151973724365234,53.151973724365234,6000,0.0,0.0
2010-02-03 00:00:00+09:00,54.692615509033196,54.692615509033196,54.692615509033196,54.6926155090332,3000,0.0,0.0
2010-02-04 00:00:00+09:00,54.692615509033196,54.692615509033196,54.692615509033196,54.6926155090332,0,0.0,0.0
2010-02-05 00:00:00+09:00,53.92229461669922,53.92229461669922,53.92229461669922,53.92229461669922,15000,0.0,0.0
2010-02-08 00:00:00+09:00,53.7297248840332,53.7297248840332,53.7297248840332,53.7297248840332,3000,0.0,0.0
2010-02-09 00:00:00+09:00,53.7297248840332,53.7297248840332,53.7297248840332,53.7297248840332,0,0.0,0.0
2010-02-10 00:00:00+09:00,53.7297248840332,53.7297248840332,53.7297248840332,53.7297248840332,0,0.0,0.0
2010-02-12 00:00:00+09:00,53.7297248840332,53.7297248840332,53.7297248840332,53.7297248840332,0,0.0,0.0
2010-02-15 00:00:00+09:00,53.7297248840332,53.7297248840332,53.7297248840332,53.7297248840332,0,0.0,0.0
2010-02-16 00:00:00+09:00,53.7297248840332,53.7297248840332,53.7297248840332,53.7297248840332,0,0.0,0.0
2010-02-17 00:00:00+09:00,53.72971879206157,54.692615509033196,53.72971879206157,54.6926155090332,12000,0.0,0.0
2010-02-18 00:00:00+09:00,55.84809112548828,55.84809112548828,55.84809112548828,55.84809112548828,6000,0.0,0.0
2010-02-19 00:00:00+09:00,55.84809112548828,55.84809112548828,55.84809112548828,55.84809112548828,0,0.0,0.0
2010-02-22 00:00:00+09:00,54.30746386128087,54.30746386128087,53.7297248840332,53.7297248840332,24000,0.0,0.0
2010-02-23 00:00:00+09:00,53.92229461669922,53.92229461669922,53.92229461669922,53.92229461669922,27000,0.0,0.0
2010-02-24 00:00:00+09:00,54.11486633732127,54.11486633732127,52.959388732910156,52.959388732910156,21000,0.0,0.0
2010-02-25 00:00:00+09:00,53.7297248840332,53.7297248840332,53.7297248840332,53.7297248840332,27000,0.0,0.0
2010-02-26 00:00:00+09:00,53.7297248840332,53.7297248840332,53.7297248840332,53.7297248840332,0,0.0,0.0
2010-03-01 00:00:00+09:00,53.7297248840332,53.7297248840332,53.7297248840332,53.7297248840332,3000,0.0,0.0
2010-03-02 00:00:00+09:00,54.88520431518555,54.88520431518555,54.88520431518555,54.88520431518555,6000,0.0,0.0
2010-03-03 00:00:00+09:00,54.88520431518555,54.88520431518555,54.88520431518555,54.88520431518555,3000,0.0,0.0
2010-03-04 00:00:00+09:00,54.5000343322754,54.5000343322754,54.5000343322754,54.50003433227539,3000,0.0,0.0
2010-03-05 00:00:00+09:00,54.11486816406249,54.11486816406249,54.11486816406249,54.1148681640625,6000,0.0,0.0
2010-03-08 00:00:00+09:00,54.11486816406249,54.11486816406249,54.11486816406249,54.1148681640625,0,0.0,0.0
2010-03-09 00:00:00+09:00,54.5000343322754,54.5000343322754,54.5000343322754,54.50003433227539,6000,0.0,0.0
2010-03-10 00:00:00+09:00,54.5000343322754,54.5000343322754,54.5000343322754,54.50003433227539,0,0.0,0.0
2010-03-11 00:00:00+09:00,54.5000343322754,54.5000343322754,54.5000343322754,54.50003433227539,3000,0.0,0.0
2010-03-12 00:00:00+09:00,53.92229461669922,53.92229461669922,53.92229461669922,53.92229461669922,3000,0.0,0.0
2010-03-15 00:00:00+09:00,54.11486816406249,54.11486816406249,54.11486816406249,54.1148681640625,3000,0.0,0.0
2010-03-16 00:00:00+09:00,53.92229461669922,53.92229461669922,53.92229461669922,53.92229461669922,15000,0.0,0.0
2010-03-17 00:00:00+09:00,53.53715515136719,53.53715515136719,53.53715515136719,53.53715515136719,3000,0.0,0.0
2010-03-18 00:00:00+09:00,54.307451414025344,54.307451414025344,52.95939264015602,53.151973724365234,36000,0.0,0.0
2010-03-19 00:00:00+09:00,52.95939651919051,53.34455871582032,51.22617985775012,53.34455871582031,66000,0.0,0.0
2010-03-23 00:00:00+09:00,52.95940620328122,54.88520431518555,52.95940620328122,54.88520431518555,15000,0.0,0.0
2010-03-24 00:00:00+09:00,54.500030317066184,54.692606985770624,54.11486816406249,54.1148681640625,24000,0.0,0.0
2010-03-25 00:00:00+09:00,54.11488122457214,55.65552139282227,54.11488122457214,55.655521392822266,48000,0.0,0.0
2010-03-26 00:00:00+09:00,55.65550976067672,55.848086435610114,55.270347595214844,55.270347595214844,15000,0.0,0.0
2010-03-29 00:00:00+09:00,56.48065496140147,56.48065496140147,55.472068786621094,55.472068786621094,24000,4.333333,0.0
2010-03-30 00:00:00+09:00,55.472068786621094,55.472068786621094,55.27035524520663,55.472068786621094,15000,0.0,0.0
2010-03-31 00:00:00+09:00,55.472068786621094,55.472068786621094,55.472068786621094,55.472068786621094,9000,0.0,0.0
2010-04-01 00:00:00+09:00,55.673781706157484,57.48923110961914,55.673781706157484,57.48923110961914,24000,0.0,0.0
2010-04-02 00:00:00+09:00,57.48924217224121,60.51499176025391,57.48924217224121,60.514991760253906,5100,0.0,0.0
2010-04-05 00:00:00+09:00,60.51499176025391,60.51499176025391,60.51499176025391,60.514991760253906,0,0.0,0.0
2010-04-06 00:00:00+09:00,60.514989669141826,60.514989669141826,58.49782180786133,58.49782180786133,9000,0.0,0.0
2010-04-07 00:00:00+09:00,58.49782180786133,58.49782180786133,58.49782180786133,58.49782180786133,0,0.0,0.0
2010-04-08 00:00:00+09:00,58.49783285879257,58.49783285879257,56.682382825758374,57.085819244384766,15000,0.0,0.0
2010-04-09 00:00:00+09:00,57.28753627009495,57.28753627009495,55.67380434966065,56.07723617553711,63000,0.0,0.0
2010-04-12 00:00:00+09:00,56.077213247341525,56.077213247341525,55.8754997253418,55.8754997253418,39000,0.0,0.0
2010-04-13 00:00:00+09:00,55.8754997253418,56.077213247341525,55.8754997253418,55.8754997253418,12000,0.0,0.0
2010-04-14 00:00:00+09:00,55.8754997253418,55.8754997253418,55.673781586415494,55.8754997253418,27000,0.0,0.0
2010-04-15 00:00:00+09:00,56.48066711425781,56.48066711425781,56.48066711425781,56.48066711425781,3000,0.0,0.0
2010-04-16 00:00:00+09:00,56.48066711425781,56.48066711425781,56.48066711425781,56.48066711425781,63000,0.0,0.0
2010-04-19 00:00:00+09:00,56.48066711425781,56.48066711425781,56.48066711425781,56.48066711425781,0,0.0,0.0
2010-04-20 00:00:00+09:00,57.69094848632813,57.69094848632813,57.69094848632813,57.690948486328125,9000,0.0,0.0
2010-04-21 00:00:00+09:00,57.6909492489793,57.6909492489793,57.48923110961914,57.48923110961914,12000,0.0,0.0
2010-04-22 00:00:00+09:00,58.29610824584962,58.29610824584962,58.29610824584962,58.29610824584961,21000,0.0,0.0
2010-04-23 00:00:00+09:00,58.29612841715677,59.30471038818359,58.29612841715677,59.304710388183594,1500,0.0,0.0
2010-04-26 00:00:00+09:00,59.304686606507175,62.53215408325195,59.304686606507175,62.53215408325195,18000,0.0,0.0
2010-04-27 00:00:00+09:00,62.53215408325195,62.53215408325195,62.53215408325195,62.53215408325195,12000,0.0,0.0
2010-04-28 00:00:00+09:00,59.30471038818359,59.30471038818359,59.30471038818359,59.304710388183594,3000,0.0,0.0
2010-04-30 00:00:00+09:00,58.49781179924918,58.49781179924918,57.69094848632813,57.690948486328125,30000,0.0,0.0
2010-05-06 00:00:00+09:00,57.69094848632813,57.69094848632813,57.69094848632813,57.690948486328125,24000,0.0,0.0
2010-05-07 00:00:00+09:00,59.102968624051755,59.102968624051755,57.48923718929291,58.09438705444336,21000,0.0,0.0
2010-05-10 00:00:00+09:00,58.09438705444336,58.09438705444336,58.09438705444336,58.09438705444336,0,0.0,0.0
2010-05-11 00:00:00+09:00,58.09438705444336,58.09438705444336,58.09438705444336,58.09438705444336,0,0.0,0.0
2010-05-12 00:00:00+09:00,58.09438705444336,58.09438705444336,58.09438705444336,58.09438705444336,0,0.0,0.0
2010-05-13 00:00:00+09:00,58.699527740478516,58.699527740478516,58.699527740478516,58.699527740478516,3000,0.0,0.0
2010-05-14 00:00:00+09:00,58.49782180786133,58.49782180786133,58.49782180786133,58.49782180786133,9000,0.0,0.0
2010-05-17 00:00:00+09:00,58.49782180786133,58.49782180786133,58.49782180786133,58.49782180786133,3000,0.0,0.0
2010-05-18 00:00:00+09:00,59.90983977245041,59.90983977245041,58.49782180786133,58.49782180786133,12000,0.0,0.0
2010-05-19 00:00:00+09:00,57.69094848632813,57.69094848632813,57.69094848632813,57.690948486328125,6000,0.0,0.0
2010-05-20 00:00:00+09:00,57.69094848632813,57.69094848632813,57.69094848632813,57.690948486328125,0,0.0,0.0
2010-05-21 00:00:00+09:00,57.69094848632813,57.69094848632813,57.69094848632813,57.690948486328125,0,0.0,0.0
2010-05-24 00:00:00+09:00,60.71670378145795,61.32185363769531,60.71670378145795,61.32185363769531,6000,0.0,0.0
2010-05-25 00:00:00+09:00,64.14591441666128,64.14591441666128,59.50643157958984,59.506431579589844,45000,0.0,0.0
2010-05-26 00:00:00+09:00,59.50643157958984,59.50643157958984,59.50643157958984,59.506431579589844,3000,0.0,0.0
2010-05-27 00:00:00+09:00,58.49782180786133,58.49782180786133,58.49782180786133,58.49782180786133,6000,0.0,0.0
2010-05-28 00:00:00+09:00,58.49782180786133,58.49782180786133,58.49782180786133,58.49782180786133,0,0.0,0.0
2010-05-31 00:00:00+09:00,58.49782180786133,58.49782180786133,58.49782180786133,58.49782180786133,0,0.0,0.0
2010-06-01 00:00:00+09:00,58.49781184193547,58.49781184193547,57.89266204833984,57.892662048339844,4200,0.0,0.0
2010-06-02 00:00:00+09:00,62.532159499648515,62.532159499648515,62.12872314453125,62.12872314453125,11700,0.0,0.0
2010-06-03 00:00:00+09:00,62.12872314453125,62.12872314453125,62.12872314453125,62.12872314453125,300,0.0,0.0
2010-06-04 00:00:00+09:00,62.53215408325195,62.53215408325195,62.53215408325195,62.53215408325195,300,0.0,0.0
2010-06-07 00:00:00+09:00,61.52356719970703,61.52356719970703,61.52356719970703,61.52356719970703,7200,0.0,0.0
2010-06-08 00:00:00+09:00,61.52356719970703,61.52356719970703,61.52356719970703,61.52356719970703,0,0.0,0.0
2010-06-09 00:00:00+09:00,61.52356719970703,61.52356719970703,61.52356719970703,61.52356719970703,0,0.0,0.0
2010-06-10 00:00:00+09:00,61.52356719970703,61.52356719970703,61.52356719970703,61.52356719970703,0,0.0,0.0
2010-06-11 00:00:00+09:00,61.52356719970703,61.52356719970703,61.52356719970703,61.52356719970703,1800,0.0,0.0
2010-06-14 00:00:00+09:00,61.52356719970703,61.52356719970703,61.52356719970703,61.52356719970703,3000,0.0,0.0
2010-06-15 00:00:00+09:00,62.12872314453125,62.12872314453125,62.12872314453125,62.12872314453125,300,0.0,0.0
2010-06-16 00:00:00+09:00,62.12872314453125,62.12872314453125,62.12872314453125,62.12872314453125,900,0.0,0.0
2010-06-17 00:00:00+09:00,61.927027661301466,66.16307830810547,61.927027661301466,66.16307830810547,37200,0.0,0.0
2010-06-18 00:00:00+09:00,68.18021392822266,68.18021392822266,68.18021392822266,68.18021392822266,5100,0.0,0.0
2010-06-21 00:00:00+09:00,67.9784927368164,67.9784927368164,67.9784927368164,67.9784927368164,300,0.0,0.0
2010-06-22 00:00:00+09:00,67.77680206298828,67.77680206298828,67.77680206298828,67.77680206298828,900,0.0,0.0
2010-06-23 00:00:00+09:00,67.37334745315758,67.37334745315758,64.75103005524679,66.36476135253906,8100,0.0,0.0
2010-06-24 00:00:00+09:00,66.36475693013337,67.9784927368164,66.36475693013337,67.9784927368164,300,0.0,0.0
2010-06-25 00:00:00+09:00,67.978508170538,67.978508170538,66.56649017333984,66.56649017333984,42900,0.0,0.0
2010-06-28 00:00:00+09:00,67.97850039236563,68.18021392822266,67.97850039236563,68.18021392822266,15300,0.0,0.0
2010-06-29 00:00:00+09:00,67.17164611816406,67.17164611816406,67.17164611816406,67.17164611816406,9000,0.0,0.0
2010-06-30 00:00:00+09:00,70.60083770751953,72.0128560314256,69.59225582868861,70.60083770751953,80100,0.0,0.0
2010-07-01 00:00:00+09:00,64.75104061266406,64.9527587890625,64.75104061266406,64.9527587890625,15000,0.0,0.0
2010-07-02 00:00:00+09:00,66.56649342289677,66.56649342289677,63.74246190756794,65.35619354248047,11100,0.0,0.0
2010-07-05 00:00:00+09:00,60.71670228360453,63.7424514901475,59.90983428955078,63.540733337402344,30000,0.0,0.0
2010-07-06 00:00:00+09:00,63.54073487795316,63.54073487795316,62.73386686433682,62.935585021972656,6600,0.0,0.0
2010-07-07 00:00:00+09:00,64.34760284423828,64.34760284423828,64.34760284423828,64.34760284423828,600,0.0,0.0
2010-07-08 00:00:00+09:00,64.34760284423828,64.34760284423828,64.34760284423828,64.34760284423828,2400,0.0,0.0
2010-07-09 00:00:00+09:00,64.34760870653766,66.56649017333984,64.34760870653766,66.56649017333984,28500,0.0,0.0
2010-07-12 00:00:00+09:00,63.54074950611919,65.96134948730469,63.54074950611919,65.96134948730469,33600,0.0,0.0
2010-07-13 00:00:00+09:00,74.03003398349774,74.03003398349774,73.82831573486328,73.82831573486328,109800,0.0,0.0
2010-07-14 00:00:00+09:00,72.61800608210986,72.61800608210986,70.60083770751953,70.60083770751953,33600,0.0,0.0
2010-07-15 00:00:00+09:00,70.60083394330337,70.60083394330337,66.5665020261492,67.77680206298828,8100,0.0,0.0
2010-07-16 00:00:00+09:00,67.17164611816406,67.17164611816406,67.17164611816406,67.17164611816406,300,0.0,0.0
2010-07-21 00:00:00+09:00,70.60083770751953,70.60083770751953,70.60083770751953,70.60083770751953,9000,0.0,0.0
2010-07-22 00:00:00+09:00,70.60080572879023,71.40767363654017,70.60080572879023,71.2059555053711,23400,0.0,0.0
2010-07-23 00:00:00+09:00,73.22313544022361,73.22313544022361,70.60081775600572,72.41626739501953,31800,0.0,0.0
2010-07-26 00:00:00+09:00,71.6094069505901,72.61798858642578,71.6094069505901,72.61798858642578,8700,0.0,0.0
2010-07-27 00:00:00+09:00,73.02143136993884,73.02143136993884,71.40769958496094,71.40769958496094,4800,0.0,0.0
2010-07-28 00:00:00+09:00,66.56650594153875,66.56650594153875,63.33903744782131,65.15448760986328,10500,0.0,0.0
2010-07-29 00:00:00+09:00,65.15448760986328,65.15448760986328,65.15448760986328,65.15448760986328,0,0.0,0.0
2010-07-30 00:00:00+09:00,65.15446624033413,65.15446624033413,64.34760284423828,64.34760284423828,9600,0.0,0.0
2010-08-02 00:00:00+09:00,64.34760284423828,64.34760284423828,64.34760284423828,64.34760284423828,6000,0.0,0.0
2010-08-03 00:00:00+09:00,69.99567413330078,69.99567413330078,69.99567413330078,69.99567413330078,6900,0.0,0.0
2010-08-04 00:00:00+09:00,67.9784927368164,67.9784927368164,67.9784927368164,67.9784927368164,3300,0.0,0.0
2010-08-05 00:00:00+09:00,67.9784927368164,67.9784927368164,67.9784927368164,67.9784927368164,0,0.0,0.0
2010-08-06 00:00:00+09:00,67.9784927368164,67.9784927368164,67.9784927368164,67.9784927368164,0,0.0,0.0
2010-08-09 00:00:00+09:00,67.97852120446542,67.97852120446542,64.54933464190395,64.75105285644531,4500,0.0,0.0
2010-08-10 00:00:00+09:00,64.54931638479874,64.54931638479874,63.94416652926336,64.34760284423828,6000,0.0,0.0
2010-08-11 00:00:00+09:00,64.34760284423828,64.34760284423828,64.34760284423828,64.34760284423828,0,0.0,0.0
2010-08-12 00:00:00+09:00,64.54931640625,64.54931640625,64.54931640625,64.54931640625,600,0.0,0.0
2010-08-13 00:00:00+09:00,64.54931640625,64.54931640625,64.54931640625,64.54931640625,0,0.0,0.0
2010-08-16 00:00:00+09:00,64.54931640625,64.54931640625,64.54931640625,64.54931640625,0,0.0,0.0
2010-08-17 00:00:00+09:00,66.56650293653256,66.56650293653256,64.75105285644531,64.75105285644531,3000,0.0,0.0
2010-08-18 00:00:00+09:00,64.75105285644531,64.75105285644531,64.75105285644531,64.75105285644531,0,0.0,0.0
2010-08-19 00:00:00+09:00,67.17164611816406,67.17164611816406,67.17164611816406,67.17164611816406,300,0.0,0.0
2010-08-20 00:00:00+09:00,67.17164611816406,67.17164611816406,67.17164611816406,67.17164611816406,0,0.0,0.0
2010-08-23 00:00:00+09:00,67.3733643121495,67.3733643121495,67.17164611816406,67.17164611816406,3600,0.0,0.0
2010-08-24 00:00:00+09:00,67.17164008400657,67.17164008400657,66.56649017333984,66.56649017333984,37800,0.0,0.0
2010-08-25 00:00:00+09:00,68.18022785423562,68.18022785423562,67.17164611816406,67.17164611816406,30900,0.0,0.0
2010-08-26 00:00:00+09:00,67.17164611816406,67.17164611816406,67.17164611816406,67.17164611816406,300,0.0,0.0
2010-08-27 00:00:00+09:00,67.17164611816406,67.17164611816406,67.17164611816406,67.17164611816406,0,0.0,0.0
2010-08-30 00:00:00+09:00,67.17164611816406,67.17164611816406,67.17164611816406,67.17164611816406,0,0.0,0.0
2010-08-31 00:00:00+09:00,67.17164611816406,67.17164611816406,67.17164611816406,67.17164611816406,0,0.0,0.0
2010-09-01 00:00:00+09:00,67.17164611816406,67.57507788920712,67.17164611816406,67.17164611816406,6900,0.0,0.0
2010-09-02 00:00:00+09:00,67.17164611816406,67.17164611816406,67.17164611816406,67.17164611816406,5100,0.0,0.0
2010-09-03 00:00:00+09:00,67.17164611816406,67.17164611816406,67.17164611816406,67.17164611816406,0,0.0,0.0
2010-09-06 00:00:00+09:00,67.17164611816406,67.17164611816406,67.17164611816406,67.17164611816406,0,0.0,0.0
2010-09-07 00:00:00+09:00,67.17164611816406,67.17164611816406,67.17164611816406,67.17164611816406,0,0.0,0.0
2010-09-08 00:00:00+09:00,67.17164611816406,67.17164611816406,67.17164611816406,67.17164611816406,0,0.0,0.0
2010-09-09 00:00:00+09:00,67.17164611816406,67.17164611816406,67.17164611816406,67.17164611816406,0,0.0,0.0
2010-09-10 00:00:00+09:00,67.17164611816406,67.17164611816406,67.17164611816406,67.17164611816406,0,0.0,0.0
2010-09-13 00:00:00+09:00,67.17164611816406,67.17164611816406,67.17164611816406,67.17164611816406,0,0.0,0.0
2010-09-14 00:00:00+09:00,67.17164611816406,67.17164611816406,67.17164611816406,67.17164611816406,0,0.0,0.0
2010-09-16 00:00:00+09:00,67.17164611816406,67.17164611816406,67.17164611816406,67.17164611816406,0,0.0,0.0
2010-09-17 00:00:00+09:00,62.128720005052415,63.339019775390625,62.128720005052415,63.339019775390625,6000,0.0,0.0
2010-09-21 00:00:00+09:00,62.7338842486865,62.7338842486865,60.71672058105468,60.71672058105469,15300,0.0,0.0
2010-09-22 00:00:00+09:00,60.91841280755733,61.72528076171875,60.91841280755733,61.72528076171875,13500,0.0,0.0
2010-09-24 00:00:00+09:00,58.49783656804622,59.90985488891602,58.09440474076705,59.909854888916016,22200,0.0,0.0
2010-09-27 00:00:00+09:00,61.72528076171875,61.72528076171875,61.72528076171875,61.72528076171875,23400,0.0,0.0
2010-09-28 00:00:00+09:00,61.72528076171875,61.72528076171875,61.72528076171875,61.72528076171875,0,0.0,0.0
2010-09-29 00:00:00+09:00,61.72528076171875,61.72528076171875,61.72528076171875,61.72528076171875,0,0.0,0.0
2010-09-30 00:00:00+09:00,61.72528076171875,61.72528076171875,61.72528076171875,61.72528076171875,0,0.0,0.0
2010-10-01 00:00:00+09:00,60.51499176025391,60.51499176025391,60.51499176025391,60.514991760253906,4500,0.0,0.0
2010-10-04 00:00:00+09:00,60.51499176025391,60.51499176025391,60.51499176025391,60.514991760253906,5400,0.0,0.0
2010-10-05 00:00:00+09:00,60.51499176025391,60.51499176025391,60.51499176025391,60.514991760253906,0,0.0,0.0
2010-10-06 00:00:00+09:00,60.51499176025391,60.51499176025391,60.51499176025391,60.514991760253906,0,0.0,0.0
2010-10-07 00:00:00+09:00,60.51499176025391,60.51499176025391,60.51499176025391,60.514991760253906,0,0.0,0.0
2010-10-08 00:00:00+09:00,60.51499176025391,60.51499176025391,60.51499176025391,60.514991760253906,0,0.0,0.0
2010-10-12 00:00:00+09:00,60.31327438354492,60.31327438354492,60.31327438354492,60.31327438354492,300,0.0,0.0
2010-10-13 00:00:00+09:00,60.31327438354492,60.31327438354492,60.31327438354492,60.31327438354492,300,0.0,0.0
2010-10-14 00:00:00+09:00,57.08582007994149,57.28753367527896,56.88410186767578,56.88410186767578,12000,0.0,0.0
2010-10-15 00:00:00+09:00,57.69095835689098,58.49782180786133,57.69095835689098,58.49782180786133,9300,0.0,0.0
2010-10-18 00:00:00+09:00,57.08581924438476,57.08581924438476,57.08581924438476,57.085819244384766,6900,0.0,0.0
2010-10-19 00:00:00+09:00,58.29612011967928,58.29612011967928,56.88410186767578,56.88410186767578,10800,0.0,0.0
2010-10-20 00:00:00+09:00,57.08581924438476,57.08581924438476,57.08581924438476,57.085819244384766,300,0.0,0.0
2010-10-21 00:00:00+09:00,55.67379379272461,55.67379379272461,55.67379379272461,55.67379379272461,6600,0.0,0.0
2010-10-22 00:00:00+09:00,57.8926778481381,59.90984591628177,57.8926778481381,58.90126419067383,5700,0.0,0.0
2010-10-25 00:00:00+09:00,60.31327438354492,60.31327438354492,60.31327438354492,60.31327438354492,24000,0.0,0.0
2010-10-26 00:00:00+09:00,60.31327438354492,60.31327438354492,60.31327438354492,60.31327438354492,24000,0.0,0.0
2010-10-27 00:00:00+09:00,60.31327438354492,60.31327438354492,60.31327438354492,60.31327438354492,24000,0.0,0.0
2010-10-28 00:00:00+09:00,56.68236029976841,58.699527740478516,56.68236029976841,58.699527740478516,2400,0.0,0.0
2010-10-29 00:00:00+09:00,58.699527740478516,58.699527740478516,58.699527740478516,58.699527740478516,2400,0.0,0.0
2010-11-01 00:00:00+09:00,58.09438705444336,58.09438705444336,58.09438705444336,58.09438705444336,1500,0.0,0.0
2010-11-02 00:00:00+09:00,60.51499176025391,60.51499176025391,60.51499176025391,60.514991760253906,5700,0.0,0.0
2010-11-04 00:00:00+09:00,57.89266204833984,57.89266204833984,57.89266204833984,57.892662048339844,300,0.0,0.0
2010-11-05 00:00:00+09:00,57.89266204833984,57.89266204833984,57.89266204833984,57.892662048339844,300,0.0,0.0
2010-11-08 00:00:00+09:00,57.89266204833984,57.89266204833984,57.89266204833984,57.892662048339844,300,0.0,0.0
2010-11-09 00:00:00+09:00,57.89266204833984,57.89266204833984,57.89266204833984,57.892662048339844,300,0.0,0.0
2010-11-10 00:00:00+09:00,57.89266204833984,57.89266204833984,57.89266204833984,57.892662048339844,300,0.0,0.0
2010-11-11 00:00:00+09:00,57.89266204833984,57.89266204833984,57.89266204833984,57.892662048339844,300,0.0,0.0
2010-11-12 00:00:00+09:00,58.09439208984375,60.51499176025391,58.09439208984375,60.514991760253906,11100,0.0,0.0
2010-11-15 00:00:00+09:00,60.514995875032085,60.514995875032085,58.90126419067383,58.90126419067383,5400,0.0,0.0
2010-11-16 00:00:00+09:00,59.102970123291016,59.102970123291016,59.102970123291016,59.102970123291016,5700,0.0,0.0
2010-11-17 00:00:00+09:00,57.489240185684736,58.49782180786133,57.489240185684736,58.49782180786133,9300,0.0,0.0
2010-11-18 00:00:00+09:00,59.30471038818359,59.30471038818359,59.30471038818359,59.304710388183594,4800,0.0,0.0
2010-11-19 00:00:00+09:00,59.30471038818359,59.30471038818359,59.10299214720666,59.304710388183594,3300,0.0,0.0
2010-11-22 00:00:00+09:00,59.708123664474705,60.51499176025391,59.708123664474705,60.514991760253906,4200,0.0,0.0
2010-11-24 00:00:00+09:00,60.51499176025391,60.51499176025391,60.111560020828044,60.514991760253906,18600,0.0,0.0
2010-11-25 00:00:00+09:00,60.51499176025391,60.51499176025391,60.51499176025391,60.514991760253906,30000,0.0,0.0
2010-11-26 00:00:00+09:00,59.90985488891602,59.90985488891602,59.90985488891602,59.909854888916016,36000,0.0,0.0
2010-11-29 00:00:00+09:00,59.909835788159874,61.52356719970703,59.909835788159874,61.52356719970703,7200,0.0,0.0
2010-11-30 00:00:00+09:00,61.52357341728232,61.52357341728232,60.51499176025391,60.514991760253906,31800,0.0,0.0
2010-12-01 00:00:00+09:00,61.52357341728232,61.52357341728232,60.51499176025391,60.514991760253906,11400,0.0,0.0
2010-12-02 00:00:00+09:00,61.52356719970703,61.52356719970703,61.52356719970703,61.52356719970703,17700,0.0,0.0
2010-12-03 00:00:00+09:00,59.909832771657804,60.11155091929218,56.8840836417761,59.70811462402344,25800,0.0,0.0
2010-12-06 00:00:00+09:00,60.51499176025391,60.51499176025391,60.51499176025391,60.514991760253906,300,0.0,0.0
2010-12-07 00:00:00+09:00,58.90126419067383,60.514995875032085,58.90126419067383,58.90126419067383,83400,0.0,0.0
2010-12-08 00:00:00+09:00,60.111576080322266,60.111576080322266,60.111576080322266,60.111576080322266,300,0.0,0.0
2010-12-09 00:00:00+09:00,60.111556335410846,60.111556335410846,59.102970123291016,59.102970123291016,7200,0.0,0.0
2010-12-10 00:00:00+09:00,59.102970123291016,59.102970123291016,59.102970123291016,59.102970123291016,7200,0.0,0.0
2010-12-13 00:00:00+09:00,59.10298953691097,60.51500792752956,59.10298953691097,60.111576080322266,33000,0.0,0.0
2010-12-14 00:00:00+09:00,60.111576080322266,60.111576080322266,60.111576080322266,60.111576080322266,33000,0.0,0.0
2010-12-15 00:00:00+09:00,60.111576080322266,60.111576080322266,60.111576080322266,60.111576080322266,33000,0.0,0.0
2010-12-16 00:00:00+09:00,59.90985488891602,59.90985488891602,59.90985488891602,59.909854888916016,600,0.0,0.0
2010-12-17 00:00:00+09:00,59.90985488891602,59.90985488891602,59.90985488891602,59.909854888916016,1200,0.0,0.0
2010-12-20 00:00:00+09:00,63.13733239562727,63.13733239562727,59.50643157958984,59.506431579589844,6300,0.0,0.0
2010-12-21 00:00:00+09:00,59.708142253208536,59.708142253208536,59.30471038818359,59.304710388183594,3300,0.0,0.0
2010-12-22 00:00:00+09:00,59.304691743347654,62.12872314453125,59.304691743347654,62.12872314453125,18300,0.0,0.0
2010-12-24 00:00:00+09:00,60.313273582077244,61.12014167785645,59.304691925048836,60.514991760253906,18900,0.0,0.0
2010-12-27 00:00:00+09:00,62.12872314453125,62.12872314453125,62.12872314453125,62.12872314453125,23100,0.0,0.0
2010-12-28 00:00:00+09:00,60.111576080322266,60.111576080322266,60.111576080322266,60.111576080322266,600,0.0,0.0
2010-12-29 00:00:00+09:00,60.111576080322266,60.111576080322266,60.111576080322266,60.111576080322266,600,0.0,0.0
2010-12-30 00:00:00+09:00,60.111576080322266,60.111576080322266,60.111576080322266,60.111576080322266,600,0.0,0.0
2011-01-04 00:00:00+09:00,61.12013095032935,61.72528076171875,61.12013095032935,61.72528076171875,4500,0.0,0.0
2011-01-05 00:00:00+09:00,62.53214871588017,62.53214871588017,61.72528076171875,61.72528076171875,5700,0.0,0.0
2011-01-06 00:00:00+09:00,61.52356719970703,62.532153371735134,61.52356719970703,61.52356719970703,1200,0.0,0.0
2011-01-07 00:00:00+09:00,62.53215180753031,63.540733337402344,62.53215180753031,63.540733337402344,13800,0.0,0.0
2011-01-11 00:00:00+09:00,63.54073483121544,64.34760284423828,63.54073483121544,64.34760284423828,600,0.0,0.0
2011-01-12 00:00:00+09:00,63.54074115358677,64.54932280752503,62.12872314453125,62.12872314453125,7500,0.0,0.0
2011-01-13 00:00:00+09:00,62.12871776307945,62.53215408325195,62.12871776307945,62.53215408325195,18600,0.0,0.0
2011-01-14 00:00:00+09:00,62.5321778314204,62.5321778314204,62.33045959472656,62.33045959472656,5400,0.0,0.0
2011-01-17 00:00:00+09:00,62.12871776307945,62.53215408325195,62.12871776307945,62.53215408325195,3600,0.0,0.0
2011-01-18 00:00:00+09:00,64.1458969116211,64.1458969116211,64.1458969116211,64.1458969116211,6300,0.0,0.0
2011-01-19 00:00:00+09:00,62.53215408325195,62.53215408325195,62.53215408325195,62.53215408325195,300,0.0,0.0
2011-01-20 00:00:00+09:00,62.532159499648515,62.532159499648515,62.12872314453125,62.12872314453125,1500,0.0,0.0
2011-01-21 00:00:00+09:00,62.33044132208988,62.33044132208988,62.12872314453125,62.12872314453125,2400,0.0,0.0
2011-01-24 00:00:00+09:00,63.7424529887029,64.34760284423828,63.339016673727976,64.34760284423828,5100,0.0,0.0
2011-01-25 00:00:00+09:00,65.96135290983682,66.76822115107392,64.54933464190395,64.75105285644531,28200,0.0,0.0
2011-01-26 00:00:00+09:00,64.75105285644531,64.75105285644531,64.75105285644531,64.75105285644531,0,0.0,0.0
2011-01-27 00:00:00+09:00,63.339019775390625,63.339019775390625,63.339019775390625,63.339019775390625,300,0.0,0.0
2011-01-28 00:00:00+09:00,63.137315483245224,63.137315483245224,62.73387908935547,62.73387908935547,3000,0.0,0.0
2011-01-31 00:00:00+09:00,62.73387908935547,62.73387908935547,62.73387908935547,62.73387908935547,3000,0.0,0.0
2011-02-01 00:00:00+09:00,62.733867626411154,62.733867626411154,60.11155462992513,62.53215408325195,29700,0.0,0.0
2011-02-02 00:00:00+09:00,62.532153371735134,62.532153371735134,59.909835788159874,61.52356719970703,55200,0.0,0.0
2011-02-03 00:00:00+09:00,60.51499176025391,61.32185985603312,60.51499176025391,60.514991760253906,4200,0.0,0.0
2011-02-04 00:00:00+09:00,60.51499176025391,60.51499176025391,60.51499176025391,60.514991760253906,4200,0.0,0.0
2011-02-07 00:00:00+09:00,60.51499256440211,60.71671074525929,60.31327438354492,60.31327438354492,8400,0.0,0.0
2011-02-08 00:00:00+09:00,60.51499176025391,60.51499176025391,59.909841842651375,60.514991760253906,17400,0.0,0.0
2011-02-09 00:00:00+09:00,60.51499176025391,60.51499176025391,60.51499176025391,60.514991760253906,17400,0.0,0.0
2011-02-10 00:00:00+09:00,60.51499176025391,60.51499176025391,60.51499176025391,60.514991760253906,17400,0.0,0.0
2011-02-14 00:00:00+09:00,60.514999028929694,61.92701721191406,60.514999028929694,61.92701721191406,1500,0.0,0.0
2011-02-15 00:00:00+09:00,61.52356717848977,61.52356717848977,61.32185363769531,61.32185363769531,9900,0.0,0.0
2011-02-16 00:00:00+09:00,61.5235842013361,61.5235842013361,60.71672058105468,60.71672058105469,4800,0.0,0.0
2011-02-17 00:00:00+09:00,60.71669928171197,61.72528076171875,60.71669928171197,61.72528076171875,9900,0.0,0.0
2011-02-18 00:00:00+09:00,61.52356719970703,61.52356719970703,61.12013550105199,61.52356719970703,19500,0.0,0.0
2011-02-21 00:00:00+09:00,61.52357948428748,61.52357948428748,61.120147705078125,61.120147705078125,3900,0.0,0.0
2011-02-22 00:00:00+09:00,61.52359126488005,62.33045959472656,61.52359126488005,62.33045959472656,3300,0.0,0.0
2011-02-23 00:00:00+09:00,60.71672058105468,60.91843417766089,60.71672058105468,60.71672058105469,8100,0.0,0.0
2011-02-24 00:00:00+09:00,61.12014901921899,62.93559899008688,61.12014901921899,61.92701721191406,17100,0.0,0.0
2011-02-25 00:00:00+09:00,63.742469787597656,63.742469787597656,63.742469787597656,63.742469787597656,22500,0.0,0.0
2011-02-28 00:00:00+09:00,63.74244833865897,63.74244833865897,61.72528076171875,61.72528076171875,1500,0.0,0.0
2011-03-01 00:00:00+09:00,62.73386686433682,63.54073487795316,62.33043516599215,62.935585021972656,25500,0.0,0.0
2011-03-02 00:00:00+09:00,63.540733337402344,63.540733337402344,63.540733337402344,63.540733337402344,7500,0.0,0.0
2011-03-03 00:00:00+09:00,63.540733337402344,63.540733337402344,63.540733337402344,63.540733337402344,7500,0.0,0.0
2011-03-04 00:00:00+09:00,62.33045959472656,62.33045959472656,62.33045959472656,62.33045959472656,3000,0.0,0.0
2011-03-07 00:00:00+09:00,62.3304359231657,62.53215408325195,62.3304359231657,62.53215408325195,3300,0.0,0.0
2011-03-08 00:00:00+09:00,62.53215408325195,62.53215408325195,62.53215408325195,62.53215408325195,0,0.0,0.0
2011-03-09 00:00:00+09:00,61.32185363769531,61.32185363769531,61.32185363769531,61.32185363769531,2400,0.0,0.0
2011-03-10 00:00:00+09:00,61.32185363769531,61.32185363769531,61.32185363769531,61.32185363769531,2400,0.0,0.0
2011-03-11 00:00:00+09:00,61.52356719970703,61.52356719970703,61.52356719970703,61.52356719970703,2400,0.0,0.0
2011-03-14 00:00:00+09:00,61.52356719970703,61.52356719970703,61.52356719970703,61.52356719970703,0,0.0,0.0
2011-03-15 00:00:00+09:00,52.84975042717826,52.84975042717826,51.4377326965332,51.4377326965332,19800,0.0,0.0
2011-03-16 00:00:00+09:00,50.832586669921874,54.46348571777344,47.60511931063375,54.46348571777344,2700,0.0,0.0
2011-03-17 00:00:00+09:00,53.65662581198337,55.67379379272461,53.65662581198337,55.67379379272461,5100,0.0,0.0
2011-03-18 00:00:00+09:00,58.90126419067383,58.90126419067383,58.90126419067383,58.90126419067383,9300,0.0,0.0
2011-03-22 00:00:00+09:00,58.90124586962743,58.90124586962743,56.68236029976841,58.699527740478516,22800,0.0,0.0
2011-03-23 00:00:00+09:00,59.7081091523704,59.90982728151931,58.4978096113296,58.699527740478516,9000,0.0,0.0
2011-03-24 00:00:00+09:00,58.90126018562297,61.32185985603312,58.90126018562297,60.514991760253906,22800,0.0,0.0
2011-03-25 00:00:00+09:00,62.33044132208988,62.33044132208988,62.12872314453125,62.12872314453125,26400,0.0,0.0
2011-03-28 00:00:00+09:00,60.51499256440211,60.51499256440211,59.10297453225688,60.31327438354492,18300,0.0,0.0
2011-03-29 00:00:00+09:00,63.054786682128906,63.054786682128906,63.054786682128906,63.054786682128906,1500,4.333333,0.0
2011-03-30 00:00:00+09:00,63.26567077636719,63.26567077636719,63.26567077636719,63.26567077636719,30000,0.0,0.0
2011-03-31 00:00:00+09:00,63.687442779541016,63.687442779541016,63.687442779541016,63.687442779541016,12000,0.0,0.0
2011-04-01 00:00:00+09:00,63.68743459651118,64.3200912475586,63.68743459651118,64.3200912475586,12600,0.0,0.0
2011-04-04 00:00:00+09:00,63.687442779541016,63.687442779541016,63.687442779541016,63.687442779541016,19800,0.0,0.0
2011-04-05 00:00:00+09:00,63.687442779541016,63.687442779541016,63.687442779541016,63.687442779541016,19800,0.0,0.0
2011-04-06 00:00:00+09:00,63.687442779541016,63.687442779541016,63.687442779541016,63.687442779541016,19800,0.0,0.0
2011-04-07 00:00:00+09:00,63.687442779541016,63.687442779541016,63.687442779541016,63.687442779541016,19800,0.0,0.0
2011-04-08 00:00:00+09:00,63.687442779541016,63.687442779541016,63.687442779541016,63.687442779541016,19800,0.0,0.0
2011-04-11 00:00:00+09:00,62.00035858154297,62.00035858154297,62.00035858154297,62.00035858154297,900,0.0,0.0
2011-04-12 00:00:00+09:00,62.00035858154297,62.00035858154297,62.00035858154297,62.00035858154297,900,0.0,0.0
2011-04-13 00:00:00+09:00,62.00036234363325,62.00036234363325,61.15681838989258,61.15681838989258,1500,0.0,0.0
2011-04-14 00:00:00+09:00,61.15681838989258,61.15681838989258,61.15681838989258,61.15681838989258,1500,0.0,0.0
2011-04-15 00:00:00+09:00,61.15681838989258,61.15681838989258,61.15681838989258,61.15681838989258,1500,0.0,0.0
2011-04-18 00:00:00+09:00,62.000357852463395,64.10921517066008,61.78947067260743,61.78947067260742,11100,0.0,0.0
2011-04-19 00:00:00+09:00,61.78948086764683,67.0616226196289,61.78948086764683,67.0616226196289,53400,0.0,0.0
2011-04-20 00:00:00+09:00,67.06161363271747,68.95958382986984,64.32009951679031,67.48338317871094,31200,0.0,0.0
2011-04-21 00:00:00+09:00,68.53782667109095,70.8575668334961,67.69428259985787,70.8575668334961,51000,0.0,0.0
2011-04-22 00:00:00+09:00,70.43577575683594,70.43577575683594,68.9595752885196,70.43577575683594,9600,0.0,0.0
2011-04-25 00:00:00+09:00,70.22489793065536,70.64666748046875,68.95958445442733,70.64666748046875,45900,0.0,0.0
2011-04-26 00:00:00+09:00,68.9595752885196,70.43577575683594,68.9595752885196,70.43577575683594,1800,0.0,0.0
2011-04-27 00:00:00+09:00,70.64667013848903,70.64667013848903,68.11604309082031,68.11604309082031,8400,0.0,0.0
2011-04-28 00:00:00+09:00,70.85753661082691,73.80993236068248,70.64664947627057,71.70108032226562,48900,0.0,0.0
2011-05-02 00:00:00+09:00,71.70108032226562,71.70108032226562,71.70108032226562,71.70108032226562,0,0.0,0.0
2011-05-06 00:00:00+09:00,71.70108032226562,71.70108032226562,71.70108032226562,71.70108032226562,0,0.0,0.0
2011-05-09 00:00:00+09:00,71.70108032226562,71.70108032226562,71.70108032226562,71.70108032226562,0,0.0,0.0
2011-05-10 00:00:00+09:00,69.17046850697336,70.01400756835938,66.42895449049972,70.01400756835938,5100,0.0,0.0
2011-05-11 00:00:00+09:00,67.48336366572532,67.48336366572532,65.37451171875,65.37451171875,4200,0.0,0.0
2011-05-12 00:00:00+09:00,66.42896861890453,67.48339508329093,62.21125793457031,62.21125793457031,4500,0.0,0.0
2011-05-13 00:00:00+09:00,62.422126890419754,63.26567077636719,62.422126890419754,63.26567077636719,3000,0.0,0.0
2011-05-16 00:00:00+09:00,63.26567387062695,63.26567387062695,62.84390432041872,63.054786682128906,9900,0.0,0.0
2011-05-17 00:00:00+09:00,63.05478986027061,64.53099060058594,63.05478986027061,64.53099060058594,1200,0.0,0.0
2011-05-18 00:00:00+09:00,65.79629516601562,65.79629516601562,65.79629516601562,65.79629516601562,4500,0.0,0.0
2011-05-19 00:00:00+09:00,64.32011086334309,64.32011086334309,62.21125793457031,62.21125793457031,18300,0.0,0.0
2011-05-20 00:00:00+09:00,63.2656843989567,63.2656843989567,62.21125793457031,62.21125793457031,5100,0.0,0.0
2011-05-23 00:00:00+09:00,61.156826643395256,62.21125793457031,57.36088557945785,62.21125793457031,35100,0.0,0.0
2011-05-24 00:00:00+09:00,62.21125272328341,62.63302230834961,61.15682152043552,62.63302230834961,15300,0.0,0.0
2011-05-25 00:00:00+09:00,63.05477621269268,64.10920715332031,63.05477621269268,64.10920715332031,27000,0.0,0.0
2011-05-26 00:00:00+09:00,64.10920715332031,64.10920715332031,64.10920715332031,64.10920715332031,27000,0.0,0.0
2011-05-27 00:00:00+09:00,64.10920715332031,64.10920715332031,64.10920715332031,64.10920715332031,27000,0.0,0.0
2011-05-30 00:00:00+09:00,64.10920715332031,64.10920715332031,64.10920715332031,64.10920715332031,0,0.0,0.0
2011-05-31 00:00:00+09:00,64.10920715332031,64.10920715332031,64.10920715332031,64.10920715332031,0,0.0,0.0
2011-06-01 00:00:00+09:00,67.06160853459285,67.06160853459285,63.6874379427911,65.79629516601562,6600,0.0,0.0
2011-06-02 00:00:00+09:00,65.58540799565694,67.06160853459285,65.58540799565694,65.79629516601562,19500,0.0,0.0
2011-06-03 00:00:00+09:00,66.85071386287676,69.59222746276306,65.796287782976,66.63983154296875,23400,0.0,0.0
2011-06-06 00:00:00+09:00,66.42895518744884,67.27249908447266,66.21806800649595,67.27249908447266,7800,0.0,0.0
2011-06-07 00:00:00+09:00,66.21806800649595,67.27249908447266,66.21806800649595,67.27249908447266,900,0.0,0.0
2011-06-08 00:00:00+09:00,65.16365216812997,67.0616226196289,65.16365216812997,67.0616226196289,5400,0.0,0.0
2011-06-09 00:00:00+09:00,67.48338317871094,67.48338317871094,67.48338317871094,67.48338317871094,2100,0.0,0.0
2011-06-10 00:00:00+09:00,65.37452893625984,67.27249908447266,65.37452893625984,67.27249908447266,11400,0.0,0.0
2011-06-13 00:00:00+09:00,67.27250668585003,67.27250668585003,65.58541870117188,65.58541870117188,2100,0.0,0.0
2011-06-14 00:00:00+09:00,65.79628114278778,65.79628114278778,65.37451171875,65.37451171875,900,0.0,0.0
2011-06-15 00:00:00+09:00,65.79629516601562,65.79629516601562,65.79629516601562,65.79629516601562,300,0.0,0.0
2011-06-16 00:00:00+09:00,66.00718331226776,72.1228630752134,63.47655653769887,69.8031234741211,99900,0.0,0.0
2011-06-17 00:00:00+09:00,77.60590522795836,86.67398834228516,74.23173858334411,86.67398834228516,1431900,0.0,0.0
2011-06-20 00:00:00+09:00,103.54483795166016,103.54483795166016,101.6468674575579,103.54483795166016,1436700,0.0,0.0
2011-06-21 00:00:00+09:00,95.1094097806095,97.00738032825078,86.67398834228516,86.67398834228516,1760100,0.0,0.0
2011-06-22 00:00:00+09:00,86.4630806454106,86.67396298225376,78.8711958493748,83.08890533447266,1204800,0.0,0.0
2011-06-23 00:00:00+09:00,82.87801565335491,82.87801565335491,79.50384546820794,80.3473892211914,380700,0.0,0.0
2011-06-24 00:00:00+09:00,80.13650773577028,80.76916438849159,78.02765544455738,79.29296875,311700,0.0,0.0
2011-06-27 00:00:00+09:00,81.1909325528125,84.1433334350586,79.71473693847656,84.1433334350586,429300,0.0,0.0
2011-06-28 00:00:00+09:00,84.77599388550142,87.51750290772159,80.13651002413192,82.03448486328125,448800,0.0,0.0
2011-06-29 00:00:00+09:00,83.72156768523881,83.72156768523881,79.29297556249232,81.1909408569336,160500,0.0,0.0
2011-06-30 00:00:00+09:00,79.92563759514216,81.1909462668167,76.55146665697958,78.66032409667969,250800,0.0,0.0
2011-07-01 00:00:00+09:00,80.34741099780759,95.53117370605469,80.34741099780759,95.53117370605469,1903200,0.0,0.0
2011-07-04 00:00:00+09:00,109.66050642359745,110.29316320999047,91.52435164938193,92.78966522216797,2785500,0.0,0.0
2011-07-05 00:00:00+09:00,101.22507878648219,109.66049880083044,96.16382484715807,99.11622619628906,3464700,0.0,0.0
2011-07-06 00:00:00+09:00,99.53797408228051,103.33391389457393,97.00734754075157,98.6944351196289,1031700,0.0,0.0
2011-07-07 00:00:00+09:00,97.00734122108686,99.95974187839084,90.25901065235422,94.68760681152344,1084800,0.0,0.0
2011-07-08 00:00:00+09:00,95.74202313580486,95.74202313580486,89.41545751772144,90.89166259765625,604500,0.0,0.0
2011-07-11 00:00:00+09:00,93.63319197029902,95.53116207780509,90.25902610814664,91.73522186279297,615000,0.0,0.0
2011-07-12 00:00:00+09:00,90.46994018554688,91.10259710992132,88.57196941242351,90.46994018554688,276600,0.0,0.0
2011-07-13 00:00:00+09:00,88.78280865343777,92.36786603236942,88.15015203677771,90.68077850341797,255600,0.0,0.0
2011-07-14 00:00:00+09:00,91.10258648530464,92.78967463807683,87.51752778075526,88.15018463134766,279300,0.0,0.0
2011-07-15 00:00:00+09:00,91.10258648530464,92.78967463807683,87.51752778075526,88.15018463134766,279300,0.0,0.0
2011-07-19 00:00:00+09:00,91.10255718374346,91.3134395149218,88.15015627937514,90.04812622070312,277800,0.0,0.0
2011-07-20 00:00:00+09:00,91.52436685367465,94.6876513111337,88.99373928770741,89.62639617919922,607800,0.0,0.0
2011-07-21 00:00:00+09:00,88.57197759859885,89.41551702453522,85.6195751274524,85.8304672241211,305400,0.0,0.0
2011-07-22 00:00:00+09:00,85.8304492815605,88.57195908293507,85.61955722897808,88.15018463134766,231900,0.0,0.0
2011-07-25 00:00:00+09:00,87.93929396754751,87.93929396754751,84.5651276326947,85.19778442382812,213300,0.0,0.0
2011-07-26 00:00:00+09:00,83.72156288299765,83.72156288299765,80.98005386077747,82.03448486328125,291900,0.0,0.0
2011-07-27 00:00:00+09:00,80.13652598414818,81.4018444045114,75.91881561449459,76.76235961914062,405300,0.0,0.0
2011-07-28 00:00:00+09:00,76.76235824307237,78.02767181396484,73.38818711176306,78.02767181396484,356400,0.0,0.0
2011-07-29 00:00:00+09:00,74.65348859716832,77.39500249921382,71.06843566894531,71.06843566894531,242100,0.0,0.0
2011-08-01 00:00:00+09:00,72.54462671603376,78.66031081012417,72.33374438643555,75.28614044189453,333300,0.0,0.0
2011-08-02 00:00:00+09:00,75.07524551444725,75.07524551444725,69.3813363225058,71.70108032226562,285000,0.0,0.0
2011-08-03 00:00:00+09:00,68.53781748329045,70.01401337657185,66.63984719753891,68.11604309082031,235500,0.0,0.0
2011-08-04 00:00:00+09:00,68.32691192626953,70.22488170199924,67.69425533435962,68.32691192626953,77700,0.0,0.0
2011-08-05 00:00:00+09:00,62.2112469552827,64.32009951187682,61.78947258253363,63.687442779541016,274200,0.0,0.0
2011-08-08 00:00:00+09:00,63.054793792507475,63.26568100478623,56.72822569202886,57.57176971435547,264300,0.0,0.0
2011-08-09 00:00:00+09:00,54.83023757950761,60.524147033691406,54.197580973487185,60.524147033691406,318000,0.0,0.0
2011-08-10 00:00:00+09:00,60.52416472944209,62.63302230834961,60.52416472944209,62.63302230834961,947700,0.0,0.0
2011-08-11 00:00:00+09:00,62.63301489102319,67.27249908447266,62.63301489102319,67.27249908447266,167700,0.0,0.0
2011-08-12 00:00:00+09:00,67.48338725442846,70.22490153593175,64.32010340145857,64.53099060058594,195300,0.0,0.0
2011-08-15 00:00:00+09:00,63.89833076555753,64.95275705704998,63.265674025304484,64.74187469482422,87900,0.0,0.0
2011-08-16 00:00:00+09:00,64.95275372147444,66.42895431518555,63.26567077636719,63.26567077636719,96300,0.0,0.0
2011-08-17 00:00:00+09:00,63.26566390064369,63.4765510559082,62.21123777789533,63.4765510559082,31800,0.0,0.0
2011-08-18 00:00:00+09:00,64.74187657319943,64.74187657319943,61.15681838989258,61.15681838989258,55800,0.0,0.0
2011-08-19 00:00:00+09:00,59.469749600794664,60.3132937572534,58.62620544433594,58.62620544433594,89100,0.0,0.0
2011-08-22 00:00:00+09:00,58.41530536442683,60.73504505986753,58.20441818237305,58.20441818237305,43800,0.0,0.0
2011-08-23 00:00:00+09:00,59.25884942249091,60.102393394856875,57.99353587733603,59.89150619506836,64200,0.0,0.0
2011-08-24 00:00:00+09:00,60.313282705794634,61.15682188089892,56.9391115250126,58.83708190917969,61200,0.0,0.0
2011-08-25 00:00:00+09:00,60.52416296764579,61.36770694001176,58.83707984970199,59.89150619506836,77700,0.0,0.0
2011-08-26 00:00:00+09:00,59.891491930544774,61.57857947345835,59.891491930544774,60.9459228515625,55800,0.0,0.0
2011-08-29 00:00:00+09:00,60.73504514110331,62.00035858154297,60.31327560321934,62.00035858154297,33600,0.0,0.0
2011-08-30 00:00:00+09:00,62.63302230834961,64.9527622663961,62.63302230834961,62.63302230834961,69000,0.0,0.0
2011-08-31 00:00:00+09:00,63.68744868440924,63.68744868440924,62.00036551735618,62.63302230834961,24900,0.0,0.0
2011-09-01 00:00:00+09:00,62.63302443431112,62.63302443431112,60.10239718443996,61.57859802246094,61200,0.0,0.0
2011-09-02 00:00:00+09:00,61.78946179623232,61.78946179623232,60.52414855244062,60.9459228515625,33000,0.0,0.0
2011-09-05 00:00:00+09:00,58.20441767812082,60.10238781979867,58.20441767812082,59.68061828613281,40800,0.0,0.0
2011-09-06 00:00:00+09:00,58.83707490174667,59.04796208380045,56.72821756157203,58.20441818237305,81900,0.0,0.0
2011-09-07 00:00:00+09:00,64.95274327583437,64.95274327583437,59.047951504168324,60.524147033691406,63600,0.0,0.0
2011-09-08 00:00:00+09:00,60.102393394856875,60.94593736722284,59.047967049490516,59.89150619506836,39000,0.0,0.0
2011-09-09 00:00:00+09:00,59.89150619506835,61.57859413980028,59.047967049490516,59.89150619506836,109200,0.0,0.0
2011-09-12 00:00:00+09:00,59.469749600794664,59.89151926562944,57.360891623042434,58.62620544433594,39600,0.0,0.0
2011-09-13 00:00:00+09:00,57.99352264404297,58.41529694737714,56.93909653928158,57.99352264404297,39900,0.0,0.0
2011-09-14 00:00:00+09:00,58.20442332230255,58.20442332230255,55.88468342200973,56.09556579589844,42600,0.0,0.0
2011-09-15 00:00:00+09:00,56.51733192090871,56.728214263916016,56.095557581319234,56.728214263916016,18300,0.0,0.0
2011-09-16 00:00:00+09:00,55.88467838471224,57.99353089424181,55.25202166649583,57.36087417602539,74100,0.0,0.0
2011-09-20 00:00:00+09:00,59.25884099430316,59.25884099430316,55.88467523831193,56.728214263916016,35400,0.0,0.0
2011-09-21 00:00:00+09:00,58.41530347971017,58.41530347971017,56.09555903232619,57.14999008178711,26700,0.0,0.0
2011-09-22 00:00:00+09:00,55.46290220320781,56.30644607543946,54.830245505730964,56.30644607543945,52800,0.0,0.0
2011-09-26 00:00:00+09:00,56.939114383918394,56.939114383918394,52.72140381626136,55.462913513183594,99900,0.0,0.0
2011-09-27 00:00:00+09:00,54.830240391039794,56.306440823044916,53.35404478582178,54.61935806274414,73200,0.0,0.0
2011-09-28 00:00:00+09:00,53.77581024169922,54.40846683277803,52.93226651133189,53.77581024169922,67500,0.0,0.0
2011-09-29 00:00:00+09:00,53.14316802567514,54.6193687464288,52.2996240671319,53.564937591552734,56400,0.0,0.0
2011-09-30 00:00:00+09:00,56.93911020379318,65.58541792210646,53.77582630358245,60.102394104003906,483300,0.0,0.0
2011-10-03 00:00:00+09:00,60.10239481793848,65.58541870117188,60.10239481793848,65.58541870117188,316800,0.0,0.0
2011-10-04 00:00:00+09:00,65.58541363695399,65.79630082545202,62.63301713192068,63.054786682128906,111900,0.0,0.0
2011-10-05 00:00:00+09:00,62.84389271725005,63.4765493391459,58.83706583631401,60.9459228515625,60300,0.0,0.0
2011-10-06 00:00:00+09:00,60.102382103602096,61.15680825087657,57.3608683285438,60.73503875732422,24900,0.0,0.0
2011-10-07 00:00:00+09:00,60.10237908010571,60.9459228515625,58.20440921441816,60.9459228515625,72900,0.0,0.0
2011-10-11 00:00:00+09:00,60.94592132222959,61.156803639711825,60.102377571940075,60.524147033691406,18600,0.0,0.0
2011-10-12 00:00:00+09:00,61.15682046181143,61.15682046181143,59.68062452623854,60.102394104003906,26400,0.0,0.0
2011-10-13 00:00:00+09:00,60.735046915801874,64.32010015954144,60.31327736559364,63.054786682128906,77100,0.0,0.0
2011-10-14 00:00:00+09:00,62.42213821411133,63.26568225308192,60.94594217939842,62.42213821411133,24000,0.0,0.0
2011-10-17 00:00:00+09:00,62.00036039321441,63.054786682128906,60.945934104299916,63.054786682128906,43800,0.0,0.0
2011-10-18 00:00:00+09:00,62.63299818951271,62.63299818951271,59.46971545266864,60.31325912475586,34500,0.0,0.0
2011-10-19 00:00:00+09:00,60.31325912475586,61.57857221949349,60.31325912475586,60.31325912475586,8100,0.0,0.0
2011-10-20 00:00:00+09:00,61.15681529965476,61.36770248413086,60.73504575749033,61.36770248413086,11700,0.0,0.0
2011-10-21 00:00:00+09:00,61.156803639711825,61.156803639711825,59.89149042767099,60.524147033691406,10200,0.0,0.0
2011-10-24 00:00:00+09:00,60.52416296764579,60.52416296764579,59.25884942249091,59.89150619506836,17700,0.0,0.0
2011-10-25 00:00:00+09:00,63.2656843989567,66.21808139531178,61.78948348738482,62.21125793457031,138600,0.0,0.0
2011-10-26 00:00:00+09:00,62.633015301762796,63.05478483964677,61.156814678987296,62.00035858154297,19800,0.0,0.0
2011-10-27 00:00:00+09:00,60.94593602154842,62.633019102241754,60.52416163128407,61.15681838989258,12000,0.0,0.0
2011-10-28 00:00:00+09:00,61.15682359629013,62.63302443431112,61.15682359629013,61.57859802246094,28200,0.0,0.0
2011-10-31 00:00:00+09:00,62.63302230834961,63.26567909934304,61.78947831142895,62.63302230834961,15600,0.0,0.0
2011-11-01 00:00:00+09:00,62.21125272328341,62.843909514276845,61.15682152043552,62.63302230834961,15300,0.0,0.0
2011-11-02 00:00:00+09:00,62.21124981026558,62.21124981026558,57.99353484994341,59.04796600341797,29400,0.0,0.0
2011-11-04 00:00:00+09:00,59.4697380065918,60.10239479389597,59.25885080189433,59.4697380065918,8100,0.0,0.0
2011-11-07 00:00:00+09:00,59.4697380065918,59.68062521128927,59.25885080189433,59.4697380065918,23700,0.0,0.0
2011-11-08 00:00:00+09:00,60.313275412227114,60.313275412227114,57.14999182114506,57.36087417602539,35400,0.0,0.0
2011-11-09 00:00:00+09:00,56.93910607277791,59.04796346218044,56.93910607277791,57.782649993896484,21900,0.0,0.0
2011-11-10 00:00:00+09:00,56.939099295369644,56.939099295369644,53.143159342345,54.83024215698242,66600,0.0,0.0
2011-11-11 00:00:00+09:00,56.72821213349474,56.72821213349474,54.40847266001988,54.83024215698242,12300,0.0,0.0
2011-11-14 00:00:00+09:00,54.830249853602496,56.9391072880138,54.61936748891292,55.67379379272461,23700,0.0,0.0
2011-11-15 00:00:00+09:00,55.4629066012471,55.6737937927246,54.61936748891292,55.67379379272461,10800,0.0,0.0
2011-11-16 00:00:00+09:00,58.626190339470085,58.626190339470085,54.61936748891292,55.67379379272461,75600,0.0,0.0
2011-11-17 00:00:00+09:00,55.25202664676731,56.09556579589844,54.19759547017118,56.09556579589844,40800,0.0,0.0
2011-11-18 00:00:00+09:00,56.09554537277944,56.09554537277944,54.83023228296647,55.25200653076172,33600,0.0,0.0
2011-11-21 00:00:00+09:00,55.25202423655752,55.6737937927246,54.1975931059579,55.67379379272461,20700,0.0,0.0
2011-11-22 00:00:00+09:00,55.6737937927246,55.6737937927246,55.6737937927246,55.67379379272461,0,0.0,0.0
2011-11-24 00:00:00+09:00,54.40847356807857,56.51733074166189,54.40847356807857,55.884674072265625,25800,0.0,0.0
2011-11-25 00:00:00+09:00,57.571753167495814,59.04795357559138,57.36086601582873,57.99352264404297,74400,0.0,0.0
2011-11-28 00:00:00+09:00,57.571768319734964,59.46973870390205,57.571768319734964,58.83708190917969,25200,0.0,0.0
2011-11-29 00:00:00+09:00,59.469736622279434,59.89150619506835,58.62619264991347,59.89150619506836,19800,0.0,0.0
2011-11-30 00:00:00+09:00,61.15680825087657,61.57858257121613,59.04795595632762,60.73503875732422,23700,0.0,0.0
2011-12-01 00:00:00+09:00,60.9459228515625,62.00034894579326,60.73503570200156,60.9459228515625,15900,0.0,0.0
2011-12-02 00:00:00+09:00,62.00034894579326,62.00034894579326,58.62617868675307,60.9459228515625,53100,0.0,0.0
2011-12-05 00:00:00+09:00,59.89149042767099,61.36769078398092,59.469720965919656,60.524147033691406,28500,0.0,0.0
2011-12-06 00:00:00+09:00,62.42212749514238,62.42212749514238,59.25884392567929,59.68061828613281,113700,0.0,0.0
2011-12-07 00:00:00+09:00,60.735028547406266,60.735028547406266,59.258828327950226,60.31325912475586,24300,0.0,0.0
2011-12-08 00:00:00+09:00,59.25885772705078,60.73505867886958,58.62620086581256,59.25885772705078,29100,0.0,0.0
2011-12-09 00:00:00+09:00,60.102401817631346,60.102401817631346,58.8370880951549,59.25885772705078,12300,0.0,0.0
2011-12-12 00:00:00+09:00,59.25885772705078,59.891514588289006,59.25885772705078,59.25885772705078,4200,0.0,0.0
2011-12-13 00:00:00+09:00,58.62619161131293,60.31327952615701,58.62619161131293,59.04796600341797,19500,0.0,0.0
2011-12-14 00:00:00+09:00,59.0479615722402,60.524157353464524,58.62618721178667,59.68061828613281,9600,0.0,0.0
2011-12-15 00:00:00+09:00,59.68062276478749,59.891505134051975,59.04796600341797,59.04796600341797,3900,0.0,0.0
2011-12-16 00:00:00+09:00,59.68062276478749,59.891505134051975,59.04796600341797,59.04796600341797,3900,0.0,0.0
2011-12-19 00:00:00+09:00,60.102401817631346,60.102401817631346,58.62620086581256,59.25885772705078,10500,0.0,0.0
2011-12-20 00:00:00+09:00,59.891514588289006,59.891514588289006,58.41531846325901,59.25885772705078,17400,0.0,0.0
2011-12-21 00:00:00+09:00,59.04796600341797,59.469735568734976,57.78265248067893,59.04796600341797,26400,0.0,0.0
2011-12-22 00:00:00+09:00,57.360875619943286,58.626189088227235,56.728218885801304,57.782649993896484,46200,0.0,0.0
2011-12-26 00:00:00+09:00,57.782649993896484,57.782649993896484,57.782649993896484,57.782649993896484,0,0.0,0.0
2011-12-27 00:00:00+09:00,55.884688594666,56.93911504207113,55.884688594666,56.5173454284668,17100,0.0,0.0
2011-12-28 00:00:00+09:00,56.095556410872824,56.095556410872824,55.884674072265625,55.884674072265625,4500,0.0,0.0
2011-12-29 00:00:00+09:00,55.46289974147656,56.306443576267355,55.46289974147656,55.884674072265625,13200,0.0,0.0
2011-12-30 00:00:00+09:00,55.88467655271741,56.93910277291631,55.88467655271741,56.30644607543945,21600,0.0,0.0
2012-01-04 00:00:00+09:00,56.72823471239568,58.62620544433594,56.72823471239568,58.62620544433594,29700,0.0,0.0
2012-01-05 00:00:00+09:00,58.415310522979404,58.415310522979404,55.88468342200973,56.09556579589844,54900,0.0,0.0
2012-01-06 00:00:00+09:00,56.306458208270335,57.57177187587192,56.306458208270335,56.5173454284668,35400,0.0,0.0
2012-01-10 00:00:00+09:00,56.51733510292865,57.57176135769343,56.306447921260606,57.36087417602539,19500,0.0,0.0
2012-01-11 00:00:00+09:00,57.14999317420976,57.782649907404746,56.93910598754883,56.93910598754883,31200,0.0,0.0
2012-01-12 00:00:00+09:00,57.57176135769343,57.57176135769343,56.93910463947702,57.36087417602539,16200,0.0,0.0
2012-01-13 00:00:00+09:00,57.360870946512804,57.360870946512804,56.728214263916016,56.728214263916016,15900,0.0,0.0
2012-01-16 00:00:00+09:00,56.72821745780898,57.782648539361475,56.72821745780898,57.36087417602539,17400,0.0,0.0
2012-01-17 00:00:00+09:00,57.36087417602539,57.782648539361475,56.93910463947702,57.36087417602539,32100,0.0,0.0
2012-01-18 00:00:00+09:00,57.782648539361475,57.782648539361475,57.14999182114506,57.36087417602539,19500,0.0,0.0
2012-01-19 00:00:00+09:00,57.360875619943286,58.83707627520384,57.360875619943286,57.782649993896484,18300,0.0,0.0
2012-01-20 00:00:00+09:00,57.78264814445496,60.10238781979867,57.78264814445496,59.68061828613281,62700,0.0,0.0
2012-01-23 00:00:00+09:00,59.89149494343231,61.36769541104635,59.258838289710184,60.73503875732422,86100,0.0,0.0
2012-01-24 00:00:00+09:00,63.2656739489867,67.27250157468515,61.578590919276344,63.89833068847656,171300,0.0,0.0
2012-01-25 00:00:00+09:00,65.37453061696169,65.37453061696169,63.05478604720522,63.687442779541016,72000,0.0,0.0
2012-01-26 00:00:00+09:00,63.68744030594709,63.68744030594709,61.15681347489241,63.26567077636719,53700,0.0,0.0
2012-01-27 00:00:00+09:00,62.21125793457031,63.2656843989567,62.00037071097756,62.21125793457031,12000,0.0,0.0
2012-01-30 00:00:00+09:00,62.21125483492873,62.21125483492873,61.15682359629013,61.57859802246094,18000,0.0,0.0
2012-01-31 00:00:00+09:00,60.3132805946454,61.156819740223234,59.89150619506835,59.89150619506836,47100,0.0,0.0
2012-02-01 00:00:00+09:00,64.95275697869705,65.37453135621554,62.633017209496835,63.89833068847656,178800,0.0,0.0
2012-02-02 00:00:00+09:00,64.53099060058594,65.79630414177389,64.53099060058594,64.53099060058594,81000,0.0,0.0
2012-02-03 00:00:00+09:00,63.476561137745946,65.79630090694617,63.476561137745946,63.89833068847656,51300,0.0,0.0
2012-02-06 00:00:00+09:00,65.37451782046384,65.37451782046384,64.53097406686992,64.95274353027344,41700,0.0,0.0
2012-02-07 00:00:00+09:00,64.10923162574295,65.16365814208984,64.10923162574295,65.16365814208984,28200,0.0,0.0
2012-02-08 00:00:00+09:00,65.37452434351704,66.63983768676712,64.741867671892,66.21806335449219,50100,0.0,0.0
2012-02-09 00:00:00+09:00,66.21806467994556,66.85072136423416,65.163638481727,65.79629516601562,63000,0.0,0.0
2012-02-10 00:00:00+09:00,66.42897178896159,67.48339830366626,66.0072021484375,66.0072021484375,29400,0.0,0.0
2012-02-13 00:00:00+09:00,67.27248994179146,67.48337226729666,66.63983331170185,66.85071563720703,33300,0.0,0.0
2012-02-14 00:00:00+09:00,66.63984408672398,68.53781428387636,66.42895690033333,67.48338317871094,80100,0.0,0.0
2012-02-15 00:00:00+09:00,67.48339219683157,69.17048025983458,67.48339219683157,67.90516662597656,44100,0.0,0.0
2012-02-16 00:00:00+09:00,67.90516072137328,69.17047424520763,67.6942735251382,68.11604309082031,40200,0.0,0.0
2012-02-17 00:00:00+09:00,68.11602478670399,68.53779906583509,67.48336819479408,68.32691192626953,43800,0.0,0.0
2012-02-20 00:00:00+09:00,70.01400756835938,70.64666427779271,68.74869414949272,70.01400756835938,105900,0.0,0.0
2012-02-21 00:00:00+09:00,69.59224247784003,69.59224247784003,69.17047292023697,69.38135528564453,31200,0.0,0.0
2012-02-22 00:00:00+09:00,69.59224247784003,69.59224247784003,68.32692897824293,69.38135528564453,56400,0.0,0.0
2012-02-23 00:00:00+09:00,69.38135400424072,70.64666748046875,68.53781490461394,70.64666748046875,80700,0.0,0.0
2012-02-24 00:00:00+09:00,68.9595752885196,70.64665809031884,68.9595752885196,70.43577575683594,43800,0.0,0.0
2012-02-27 00:00:00+09:00,72.12288052695138,72.12288052695138,69.38136591553535,70.8575668334961,55200,0.0,0.0
2012-02-28 00:00:00+09:00,70.43578511895598,70.85755466876937,70.01401074235474,70.64666748046875,13500,0.0,0.0
2012-02-29 00:00:00+09:00,69.80311691835108,70.64665587945886,68.53780364990234,68.53780364990234,54300,0.0,0.0
2012-03-01 00:00:00+09:00,68.74868370277031,68.74868370277031,65.796287782976,66.63983154296875,74400,0.0,0.0
2012-03-02 00:00:00+09:00,66.85073537990257,67.90516662597656,65.16365214368803,67.90516662597656,49200,0.0,0.0
2012-03-05 00:00:00+09:00,67.9051666514468,67.9051666514468,66.85073540497731,67.0616226196289,32100,0.0,0.0
2012-03-06 00:00:00+09:00,67.0616226196289,67.0616226196289,67.0616226196289,67.0616226196289,0,0.0,0.0
2012-03-07 00:00:00+09:00,66.63983154296875,66.63983154296875,65.16363116967814,66.63983154296875,24000,0.0,0.0
2012-03-08 00:00:00+09:00,66.63983154296875,66.63983154296875,66.63983154296875,66.63983154296875,0,0.0,0.0
2012-03-09 00:00:00+09:00,69.38135980335012,70.22490380027078,68.53782063321772,69.59224700927734,74400,0.0,0.0
2012-03-12 00:00:00+09:00,69.59224700927734,69.59224700927734,69.59224700927734,69.59224700927734,0,0.0,0.0
2012-03-13 00:00:00+09:00,71.70109424530528,72.33375094503802,70.64666319455903,72.12286376953125,54000,0.0,0.0
2012-03-14 00:00:00+09:00,72.96639127595749,73.3881607055664,71.70107816034428,73.3881607055664,69900,0.0,0.0
2012-03-15 00:00:00+09:00,73.8099301351753,73.8099301351753,72.12284758995318,73.3881607055664,100500,0.0,0.0
2012-03-16 00:00:00+09:00,71.70108538440682,72.9663986275035,71.70108538440682,72.54462432861328,61200,0.0,0.0
2012-03-19 00:00:00+09:00,71.70107816034428,73.5990478337641,71.27930390394889,73.3881607055664,85800,0.0,0.0
2012-03-21 00:00:00+09:00,73.17729322448899,73.38818040930707,71.70109741112582,72.75552368164062,30000,0.0,0.0
2012-03-22 00:00:00+09:00,72.54462432861328,72.9663986275035,71.49019823496172,72.54462432861328,32100,0.0,0.0
2012-03-23 00:00:00+09:00,72.12287451160408,72.12287451160408,71.06844813059777,71.9119873046875,47100,0.0,0.0
2012-03-26 00:00:00+09:00,72.54464409864894,72.54464409864894,71.27933051072606,71.9119873046875,73500,0.0,0.0
2012-03-27 00:00:00+09:00,71.9119873046875,72.33376171852065,71.27933051072606,71.9119873046875,103800,0.0,0.0
2012-03-28 00:00:00+09:00,72.56972038115369,72.78896089892537,71.25425720214844,71.25425720214844,34500,4.333333,0.0
2012-03-29 00:00:00+09:00,71.47348511212216,75.63911945019272,71.47348511212216,72.78894805908203,27600,0.0,0.0
2012-03-30 00:00:00+09:00,73.66592502975291,73.66592502975291,72.35046208279304,72.78894805908203,6300,0.0,0.0
2012-04-02 00:00:00+09:00,72.35047258132448,72.7889586212407,71.25425497248715,71.47349548339844,31500,0.0,0.0
2012-04-03 00:00:00+09:00,72.13122930942274,72.13122930942274,70.37728007678035,71.25425720214844,35100,0.0,0.0
2012-04-04 00:00:00+09:00,70.8157661304175,71.25425720214844,68.4040853082725,71.25425720214844,21900,0.0,0.0
2012-04-05 00:00:00+09:00,70.37728081649018,71.03501241290599,68.62333156541268,70.15803527832031,18600,0.0,0.0
2012-04-06 00:00:00+09:00,69.50031314778936,70.15804483378767,68.62334091185464,69.71955871582031,18300,0.0,0.0
2012-04-09 00:00:00+09:00,69.71954023803004,71.0350032613891,69.0618087263505,70.81575775146484,3000,0.0,0.0
2012-04-10 00:00:00+09:00,70.81576575679516,71.25425682621264,69.06181653340657,71.0350112915039,3600,0.0,0.0
2012-04-11 00:00:00+09:00,71.4734984711519,71.91198954749166,68.84257208548871,70.15803527832031,21000,0.0,0.0
2012-04-12 00:00:00+09:00,70.15802623978531,70.81575775146484,69.93878574795427,70.81575775146484,9900,0.0,0.0
2012-04-13 00:00:00+09:00,71.4734984711519,71.4734984711519,69.7195492200744,70.15803527832031,8100,0.0,0.0
2012-04-16 00:00:00+09:00,70.81576762199889,71.2542587029657,68.84257281192994,70.59652709960938,7200,0.0,0.0
2012-04-17 00:00:00+09:00,70.81576575679516,71.25425682621264,70.81576575679516,71.0350112915039,6300,0.0,0.0
2012-04-18 00:00:00+09:00,71.03501241290599,71.03501241290599,69.93879475824427,70.15803527832031,14400,0.0,0.0
2012-04-19 00:00:00+09:00,70.8157668747361,70.8157668747361,69.7195492200744,70.15803527832031,14400,0.0,0.0
2012-04-20 00:00:00+09:00,69.93879475824427,70.15803527832031,69.28106316182847,70.15803527832031,12600,0.0,0.0
2012-04-23 00:00:00+09:00,69.50031158406173,70.37728881835938,69.28107103905815,70.37728881835938,24900,0.0,0.0
2012-04-24 00:00:00+09:00,70.37728081649018,70.37728081649018,69.0618176236586,70.15803527832031,20100,0.0,0.0
2012-04-25 00:00:00+09:00,71.25425948265303,71.25425948265303,67.30786981933244,69.50030517578125,64200,0.0,0.0
2012-04-26 00:00:00+09:00,69.06181910811027,69.50030517578125,68.84257356522781,69.50030517578125,11700,0.0,0.0
2012-04-27 00:00:00+09:00,69.50030517578125,69.50030517578125,68.6233330404393,69.50030517578125,4800,0.0,0.0
2012-05-01 00:00:00+09:00,69.2810603509581,69.50030086213911,68.40408325195312,68.40408325195312,20400,0.0,0.0
2012-05-02 00:00:00+09:00,69.2810603509581,69.50030086213911,68.40408325195312,68.40408325195312,20400,0.0,0.0
2012-05-07 00:00:00+09:00,68.40408286935697,68.40408286935697,66.86937420920557,68.1848373413086,4500,0.0,0.0
2012-05-08 00:00:00+09:00,66.86937458321783,68.40408325195312,66.65013407203682,68.40408325195312,18600,0.0,0.0
2012-05-09 00:00:00+09:00,66.86935424804688,67.74633108036056,65.9923824338253,66.86935424804688,19200,0.0,0.0
2012-05-10 00:00:00+09:00,68.40408325195312,69.71954639141377,67.96559721149747,68.40408325195312,63600,0.0,0.0
2012-05-11 00:00:00+09:00,67.74635205871894,69.5003012483827,67.52710652822584,68.62332916259766,12000,0.0,0.0
2012-05-14 00:00:00+09:00,69.28106073598327,69.28106073598327,64.89618023468336,68.62332916259766,29700,0.0,0.0
2012-05-15 00:00:00+09:00,65.55392176587894,67.08863067626953,63.58072674598866,67.08863067626953,24900,0.0,0.0
2012-05-16 00:00:00+09:00,63.799975682256054,66.65014808990044,63.799975682256054,65.99241638183594,19200,0.0,0.0
2012-05-17 00:00:00+09:00,64.23845403612358,65.77316284179688,64.01921350538032,65.77316284179688,9000,0.0,0.0
2012-05-18 00:00:00+09:00,64.67692479769238,65.11541073940161,63.36146195447214,64.23843383789062,33300,0.0,0.0
2012-05-21 00:00:00+09:00,62.92299410028121,64.67694854736328,62.92299410028121,64.67694854736328,4800,0.0,0.0
2012-05-22 00:00:00+09:00,64.67693907138361,65.33467063814992,64.45769354309698,65.11542510986328,16800,0.0,0.0
2012-05-23 00:00:00+09:00,67.30787164747017,67.74635772705078,65.55391729295953,65.77316284179688,42600,0.0,0.0
2012-05-24 00:00:00+09:00,66.43087768554688,66.43087768554688,65.55390072987176,66.43087768554688,27600,0.0,0.0
2012-05-25 00:00:00+09:00,68.18482700561347,68.18482700561347,66.43087810137703,66.6501235961914,30300,0.0,0.0
2012-05-28 00:00:00+09:00,66.65013407203682,68.8425692924088,66.65013407203682,68.40408325195312,60000,0.0,0.0
2012-05-29 00:00:00+09:00,67.08860820835851,68.40407111440476,66.65012224570735,67.30785369873047,5400,0.0,0.0
2012-05-30 00:00:00+09:00,68.40408899596606,69.06182062092728,66.21164857339734,68.84257507324219,22500,0.0,0.0
2012-05-31 00:00:00+09:00,66.43090028582878,69.93880428385125,66.43090028582878,69.71955871582031,30000,0.0,0.0
2012-06-01 00:00:00+09:00,69.06181335449219,69.28105887910905,66.8693731626041,69.06181335449219,10200,0.0,0.0
2012-06-04 00:00:00+09:00,63.799952235975965,66.6501235961914,63.799952235975965,66.6501235961914,43500,0.0,0.0
2012-06-05 00:00:00+09:00,66.65012317898886,66.65012317898886,63.58070634317234,66.43087768554688,17100,0.0,0.0
2012-06-06 00:00:00+09:00,65.77315137867708,67.96559143066406,65.77315137867708,67.96559143066406,19800,0.0,0.0
2012-06-07 00:00:00+09:00,67.96559143066406,68.1848319231975,66.86936889562396,67.96559143066406,5700,0.0,0.0
2012-06-08 00:00:00+09:00,65.5538915086224,67.52708561775911,65.5538915086224,66.86935424804688,32400,0.0,0.0
2012-06-11 00:00:00+09:00,67.7463459200374,68.1848319231975,67.30785991687729,67.96559143066406,8700,0.0,0.0
2012-06-12 00:00:00+09:00,67.96559143066406,67.96559143066406,67.96559143066406,67.96559143066406,8700,0.0,0.0
2012-06-13 00:00:00+09:00,67.96560633752226,67.96560633752226,66.65014302142889,67.7463607788086,12600,0.0,0.0
2012-06-14 00:00:00+09:00,66.86936889562396,67.96559143066406,65.33466537551698,67.96559143066406,44100,0.0,0.0
2012-06-15 00:00:00+09:00,66.43087675533539,67.52709417100968,65.77314530231226,67.30785369873047,31500,0.0,0.0
2012-06-18 00:00:00+09:00,67.08861440625063,69.06180894761094,66.65012840309052,67.96559143066406,28800,0.0,0.0
2012-06-19 00:00:00+09:00,68.84256677941215,69.93878936767578,67.96559473051339,69.93878936767578,36000,0.0,0.0
2012-06-20 00:00:00+09:00,70.15803601864258,70.59652709960938,70.15803601864258,70.59652709960938,19500,0.0,0.0
2012-06-21 00:00:00+09:00,70.5965252401802,71.69274287753635,69.06181653340657,71.0350112915039,21000,0.0,0.0
2012-06-22 00:00:00+09:00,71.0350032613891,71.0350032613891,69.0618087263505,70.81575775146484,27000,0.0,0.0
2012-06-25 00:00:00+09:00,71.03501166628297,72.35047484528822,69.06181689777512,71.25425720214844,55500,0.0,0.0
2012-06-26 00:00:00+09:00,70.15802389548415,73.0081953568892,70.15802389548415,72.3504638671875,41100,0.0,0.0
2012-06-27 00:00:00+09:00,70.59652561264582,71.91198879165107,70.15803454091488,71.25425720214844,25500,0.0,0.0
2012-06-28 00:00:00+09:00,71.47348825780807,71.69273376464844,70.81575675538011,71.69273376464844,27300,0.0,0.0
2012-06-29 00:00:00+09:00,70.15803454091488,71.25425720214844,70.15803454091488,71.25425720214844,20400,0.0,0.0
2012-07-02 00:00:00+09:00,71.25424877131333,71.25424877131333,70.15802623978531,70.81575775146484,34500,0.0,0.0
2012-07-03 00:00:00+09:00,72.56970895925892,72.56970895925892,70.59651450131616,72.13121795654297,96000,0.0,0.0
2012-07-04 00:00:00+09:00,72.35048102517288,72.78896711626373,69.71955444243932,71.91199493408203,66000,0.0,0.0
2012-07-05 00:00:00+09:00,71.47350820578427,71.69275377381523,69.71955871582031,69.71955871582031,13500,0.0,0.0
2012-07-06 00:00:00+09:00,71.25425245911737,71.25425245911737,69.06181230068357,69.93878936767578,30000,0.0,0.0
2012-07-09 00:00:00+09:00,71.03501241290599,71.03501241290599,69.0618176236586,70.15803527832031,20700,0.0,0.0
2012-07-10 00:00:00+09:00,72.35048102517288,72.56972657976542,70.59653164271525,71.91199493408203,110100,0.0,0.0
2012-07-11 00:00:00+09:00,70.81576143996318,73.0082015991211,70.81576143996318,73.0082015991211,33000,0.0,0.0
2012-07-12 00:00:00+09:00,73.00820604960123,73.22745158430997,70.5965252401802,71.0350112915039,39000,0.0,0.0
2012-07-13 00:00:00+09:00,69.71952994335682,71.03499277247676,66.65011834810778,69.28104400634766,97200,0.0,0.0
2012-07-17 00:00:00+09:00,69.28107259785294,70.15804483378767,67.30787753985803,69.71955871582031,18900,0.0,0.0
2012-07-18 00:00:00+09:00,70.37728081649018,70.37728081649018,68.4040860272428,70.15803527832031,12000,0.0,0.0
2012-07-19 00:00:00+09:00,69.50031314778936,69.71955871582031,68.18484977579276,69.71955871582031,6000,0.0,0.0
2012-07-20 00:00:00+09:00,67.74635205871894,68.62332916259766,66.86937495484021,68.62332916259766,19800,0.0,0.0
2012-07-23 00:00:00+09:00,67.96559143066406,69.06180894761094,66.86936889562396,67.96559143066406,33900,0.0,0.0
2012-07-24 00:00:00+09:00,67.96559683135384,68.1848373413086,67.30786526530233,68.1848373413086,24000,0.0,0.0
2012-07-25 00:00:00+09:00,68.84256967499708,68.84256967499708,67.08862048533331,68.62332916259766,27000,0.0,0.0
2012-07-26 00:00:00+09:00,66.86937420920557,68.1848373413086,66.43088817120244,68.1848373413086,8400,0.0,0.0
2012-07-27 00:00:00+09:00,67.96560291868995,69.06182062092728,67.96560291868995,68.84257507324219,12600,0.0,0.0
2012-07-30 00:00:00+09:00,68.40408363210456,68.84256967499708,67.3078660158264,68.62332916259766,9000,0.0,0.0
2012-07-31 00:00:00+09:00,68.40407743382417,68.40407743382417,67.52710040941074,67.96559143066406,5400,0.0,0.0
2012-08-01 00:00:00+09:00,67.96559143066406,67.96559143066406,67.30785991687729,67.96559143066406,6300,0.0,0.0
2012-08-02 00:00:00+09:00,67.96558294649682,68.1848234116624,67.08860603155672,67.52709197998047,12300,0.0,0.0
2012-08-03 00:00:00+09:00,66.86938356204824,67.7463607788086,66.86938356204824,67.7463607788086,7200,0.0,0.0
2012-08-06 00:00:00+09:00,68.8425692924088,68.8425692924088,67.08862011249249,68.40408325195312,900,0.0,0.0
2012-08-07 00:00:00+09:00,68.1848319231975,68.40407743382417,67.30785991687729,67.96559143066406,7200,0.0,0.0
2012-08-08 00:00:00+09:00,67.30786526530233,68.8425689073601,67.30786526530233,68.1848373413086,3900,0.0,0.0
2012-08-09 00:00:00+09:00,67.08863067626953,68.84258013236274,66.2116534391757,67.08863067626953,26700,0.0,0.0
2012-08-10 00:00:00+09:00,67.08861440625063,67.96559143066406,67.08861440625063,67.96559143066406,9900,0.0,0.0
2012-08-13 00:00:00+09:00,67.96558652889195,67.96558652889195,66.43087810137703,66.6501235961914,35400,0.0,0.0
2012-08-14 00:00:00+09:00,66.65012224570735,67.30785369873047,65.77314530231226,67.30785369873047,48300,0.0,0.0
2012-08-15 00:00:00+09:00,66.86936407291293,66.86936407291293,66.43087810137703,66.6501235961914,15000,0.0,0.0
2012-08-16 00:00:00+09:00,67.30787467947557,67.7463607788086,66.86938356204824,67.7463607788086,9600,0.0,0.0
2012-08-17 00:00:00+09:00,67.96560791336336,68.62333958666011,67.08863067626953,67.08863067626953,5400,0.0,0.0
2012-08-20 00:00:00+09:00,67.96559143066406,67.96559143066406,67.96559143066406,67.96559143066406,9300,0.0,0.0
2012-08-21 00:00:00+09:00,67.52711678576922,67.52711678576922,67.08863067626953,67.08863067626953,11700,0.0,0.0
2012-08-22 00:00:00+09:00,67.96559683135384,68.1848373413086,66.65013369925082,68.1848373413086,16500,0.0,0.0
2012-08-23 00:00:00+09:00,67.30785991687729,67.96559143066406,67.30785991687729,67.96559143066406,9000,0.0,0.0
2012-08-24 00:00:00+09:00,67.30786564176715,68.40408325195312,66.86937458321783,68.40408325195312,75600,0.0,0.0
2012-08-27 00:00:00+09:00,69.06181335449219,69.71954491024925,67.96559576759492,69.06181335449219,172500,0.0,0.0
2012-08-28 00:00:00+09:00,69.06179852879684,70.3772613579168,68.62331259178768,69.28104400634766,19500,0.0,0.0
2012-08-29 00:00:00+09:00,68.84258146179106,69.71955871582031,68.84258146179106,69.71955871582031,2700,0.0,0.0
2012-08-30 00:00:00+09:00,69.71952994335682,69.71952994335682,69.28104400634766,69.28104400634766,6600,0.0,0.0
2012-08-31 00:00:00+09:00,69.28105887910905,69.28105887910905,68.84256782987532,69.06181335449219,9300,0.0,0.0
2012-09-03 00:00:00+09:00,69.50030047341161,70.59652309555987,65.9924021331993,68.1848373413086,54900,0.0,0.0
2012-09-04 00:00:00+09:00,68.84256782987532,69.28105887910905,67.96559576759492,69.06181335449219,11700,0.0,0.0
2012-09-05 00:00:00+09:00,67.52710040941074,68.84256343698428,67.08861440625063,67.96559143066406,13500,0.0,0.0
2012-09-06 00:00:00+09:00,67.08860603155672,68.1848234116624,67.08860603155672,67.52709197998047,3000,0.0,0.0
2012-09-07 00:00:00+09:00,67.30786564176715,68.40408325195312,67.08862011249249,68.40408325195312,13200,0.0,0.0
2012-09-10 00:00:00+09:00,67.74635168222281,69.06181482168344,67.74635168222281,68.40408325195312,20400,0.0,0.0
2012-09-11 00:00:00+09:00,68.62333454365115,68.84257507324219,67.96560291868995,68.84257507324219,15300,0.0,0.0
2012-09-12 00:00:00+09:00,68.84257507324219,68.84257507324219,67.96560291868995,68.84257507324219,4200,0.0,0.0
2012-09-13 00:00:00+09:00,67.74636234956628,67.74636234956628,66.86938511247246,67.08863067626953,17700,0.0,0.0
2012-09-14 00:00:00+09:00,66.86936889562396,67.96559143066406,66.86936889562396,67.96559143066406,105600,0.0,0.0
2012-09-18 00:00:00+09:00,67.7463459200374,69.50029495077105,67.7463459200374,67.96559143066406,26700,0.0,0.0
2012-09-19 00:00:00+09:00,69.06181335449219,69.28105887910905,67.96559576759492,69.06181335449219,12300,0.0,0.0
2012-09-20 00:00:00+09:00,69.28106316182847,70.15803527832031,68.18484048907293,70.15803527832031,26100,0.0,0.0
2012-09-21 00:00:00+09:00,69.50029832513295,69.93878936767578,69.50029832513295,69.93878936767578,9300,0.0,0.0
2012-09-24 00:00:00+09:00,69.93880428385125,69.93880428385125,68.62334091185464,69.71955871582031,8400,0.0,0.0
2012-09-25 00:00:00+09:00,69.71954630563997,71.47349548339844,69.50030077663504,71.47349548339844,203400,0.0,0.0
2012-09-26 00:00:00+09:00,70.15803454091488,71.47349771992012,69.71954848727773,71.25425720214844,25500,0.0,0.0
2012-09-27 00:00:00+09:00,71.25425720214844,71.47349771992012,70.15803454091488,71.25425720214844,4500,0.0,0.0
2012-09-28 00:00:00+09:00,70.37729590279716,73.88520017501183,70.15805031762908,73.66595458984375,120600,0.0,0.0
2012-10-01 00:00:00+09:00,73.88517276463205,75.41987623717003,72.350464274001,72.56970977783203,253800,0.0,0.0
2012-10-02 00:00:00+09:00,74.10441283369437,74.54290383889087,72.3504638671875,72.3504638671875,199500,0.0,0.0
2012-10-03 00:00:00+09:00,72.35049830992965,73.44671630859375,71.47352090014112,73.44671630859375,6600,0.0,0.0
2012-10-04 00:00:00+09:00,71.9120121140831,73.44671630859375,71.9120121140831,73.44671630859375,3600,0.0,0.0
2012-10-05 00:00:00+09:00,73.44671630859375,74.32369371838227,72.35049830992965,73.44671630859375,4200,0.0,0.0
2012-10-09 00:00:00+09:00,72.35049830992965,73.44671630859375,72.35049830992965,73.44671630859375,1800,0.0,0.0
2012-10-10 00:00:00+09:00,71.6927306093131,72.78894805908203,71.47348511212216,72.78894805908203,3000,0.0,0.0
2012-10-11 00:00:00+09:00,71.69276650711211,73.44671630859375,71.69276650711211,73.44671630859375,2400,0.0,0.0
2012-10-12 00:00:00+09:00,71.69273197192003,73.00819494388186,69.71953751397727,72.13121795654297,8100,0.0,0.0
2012-10-15 00:00:00+09:00,72.13121795654297,72.13121795654297,72.13121795654297,72.13121795654297,2700,0.0,0.0
2012-10-16 00:00:00+09:00,70.59651450131616,72.13121795654297,70.37726899995819,72.13121795654297,2400,0.0,0.0
2012-10-17 00:00:00+09:00,72.3504652670764,72.3504652670764,70.3772707597925,71.69273376464844,7800,0.0,0.0
2012-10-18 00:00:00+09:00,72.13122930942274,72.35047484528822,71.25425720214844,71.25425720214844,15600,0.0,0.0
2012-10-19 00:00:00+09:00,71.25425497248715,71.47349548339844,71.25425497248715,71.47349548339844,17400,0.0,0.0
2012-10-22 00:00:00+09:00,69.71953751397727,72.13121795654297,69.71953751397727,72.13121795654297,7800,0.0,0.0
2012-10-23 00:00:00+09:00,72.13121795654297,72.13121795654297,71.69273197192003,72.13121795654297,6000,0.0,0.0
2012-10-24 00:00:00+09:00,76.29686152140299,82.21644560496013,74.10442129923952,78.92778778076172,509100,0.0,0.0
2012-10-25 00:00:00+09:00,78.92778633054623,81.1202265124259,78.05080925417565,79.58551788330078,109500,0.0,0.0
2012-10-26 00:00:00+09:00,79.58551066083152,80.68172814324171,78.48929317842133,79.80475616455078,31200,0.0,0.0
2012-10-29 00:00:00+09:00,78.92778528763803,81.12022544054803,77.83156772022977,80.46249389648438,45300,0.0,0.0
2012-10-30 00:00:00+09:00,80.24324133105286,80.24324133105286,75.20063494196305,79.36626434326172,79500,0.0,0.0
2012-10-31 00:00:00+09:00,78.05080002096109,80.02399444580078,76.73533707106797,80.02399444580078,48000,0.0,0.0
2012-11-01 00:00:00+09:00,80.24326839674478,80.46251397216636,76.73536428047301,78.48931884765625,64200,0.0,0.0
2012-11-02 00:00:00+09:00,78.92777804670662,78.92777804670662,76.07760661121122,76.2968521118164,43200,0.0,0.0
2012-11-05 00:00:00+09:00,76.95459935415974,77.17384489966162,75.41989057183463,76.51611328125,43200,0.0,0.0
2012-11-06 00:00:00+09:00,76.73536428047301,78.9278049804047,76.51612372314612,78.48931884765625,224400,0.0,0.0
2012-11-07 00:00:00+09:00,79.36627343175631,79.36627343175631,78.05081030847806,78.70854187011719,168300,0.0,0.0
2012-11-08 00:00:00+09:00,78.70853149590766,81.99718887064047,78.05080002096109,80.02399444580078,233400,0.0,0.0
2012-11-09 00:00:00+09:00,81.12022320709964,81.55870921837162,79.58551464050778,80.68173217773438,68400,0.0,0.0
2012-11-12 00:00:00+09:00,80.02400065177976,80.68173217773438,78.92778311455318,80.68173217773438,37800,0.0,0.0
2012-11-13 00:00:00+09:00,80.02401431165535,80.24325986376259,78.05081939697266,78.05081939697266,30300,0.0,0.0
2012-11-14 00:00:00+09:00,78.05081975450562,79.8047741432097,78.05081975450562,78.27006530761719,26700,0.0,0.0
2012-11-15 00:00:00+09:00,78.48929455739139,79.14702606201172,77.61231754519989,79.14702606201172,29400,0.0,0.0
2012-11-16 00:00:00+09:00,79.14703330840615,79.36627381795697,77.83157017872678,78.92778778076172,54600,0.0,0.0
2012-11-19 00:00:00+09:00,80.68173257262319,81.12022360413462,79.58551503003129,80.9009780883789,96600,0.0,0.0
2012-11-20 00:00:00+09:00,81.77795423655284,85.28585735971087,80.90097720124001,84.84736633300781,176400,0.0,0.0
2012-11-21 00:00:00+09:00,85.28585190223609,85.28585190223609,83.53189794384663,84.62812042236328,117000,0.0,0.0
2012-11-22 00:00:00+09:00,83.53191760301141,84.62814033952313,83.31267205209024,84.40888977050781,75600,0.0,0.0
2012-11-26 00:00:00+09:00,85.50510260895008,87.25905677709348,85.06661155786745,86.16283416748047,258600,0.0,0.0
2012-11-27 00:00:00+09:00,85.5051064865576,87.6975417690222,85.5051064865576,87.03981018066406,83700,0.0,0.0
2012-11-28 00:00:00+09:00,85.94358888167217,86.38206987218867,84.84736633300781,84.84736633300781,21300,0.0,0.0
2012-11-29 00:00:00+09:00,84.84737471367707,85.94359737061914,84.84737471367707,85.2858657836914,29700,0.0,0.0
2012-11-30 00:00:00+09:00,84.4088699049484,85.28585190223609,84.18962942371944,84.62812042236328,45600,0.0,0.0
2012-12-03 00:00:00+09:00,84.62812726456468,84.84736776351929,83.53190469741821,84.18963623046875,33300,0.0,0.0
2012-12-04 00:00:00+09:00,84.62812583774956,85.50509785496912,83.53190328908522,84.84736633300781,29400,0.0,0.0
2012-12-05 00:00:00+09:00,84.62812042236328,85.28585190223609,84.18962942371944,84.62812042236328,30300,0.0,0.0
2012-12-06 00:00:00+09:00,84.84738087235016,84.84738087235016,84.18964923768078,84.40888977050781,28800,0.0,0.0
2012-12-07 00:00:00+09:00,84.62812978261462,85.7243423461914,84.40887924094966,85.7243423461914,57000,0.0,0.0
2012-12-10 00:00:00+09:00,85.7243522250792,86.1628433227539,84.84738006591796,85.50511169433594,41700,0.0,0.0
2012-12-11 00:00:00+09:00,87.69754561437345,89.45149993896484,86.38208237997691,89.45149993896484,365100,0.0,0.0
2012-12-12 00:00:00+09:00,89.45151199119678,90.76697540283203,88.35528913610429,90.76697540283203,68700,0.0,0.0
2012-12-13 00:00:00+09:00,90.98618899550404,90.98618899550404,89.23224499056678,89.88997650146484,56400,0.0,0.0
2012-12-14 00:00:00+09:00,90.98618961687424,90.98618961687424,87.2590510537891,88.79375457763672,134100,0.0,0.0
2012-12-17 00:00:00+09:00,88.7937474744319,88.7937474744319,86.38206209886692,87.69752502441406,120300,0.0,0.0
2012-12-18 00:00:00+09:00,88.5745184087489,88.5745184087489,86.60132376624846,86.82056427001953,77400,0.0,0.0
2012-12-19 00:00:00+09:00,87.69752502441406,88.13601601165833,87.0397935616405,87.69752502441406,62100,0.0,0.0
2012-12-20 00:00:00+09:00,88.35525648718763,88.7937474744319,87.69752502441406,87.69752502441406,40200,0.0,0.0
2012-12-21 00:00:00+09:00,87.91677856445312,88.13601904753423,87.47828756210488,87.91677856445312,59700,0.0,0.0
2012-12-25 00:00:00+09:00,88.79376368736152,88.79376368736152,87.69754103718346,88.13603210449219,45300,0.0,0.0
2012-12-26 00:00:00+09:00,89.23225475467025,89.23225475467025,87.25906000606221,88.13603210449219,59100,0.0,0.0
2012-12-27 00:00:00+09:00,89.23225475467025,89.23225475467025,87.25906000606221,88.13603210449219,59100,0.0,0.0
2012-12-28 00:00:00+09:00,89.2322676581501,92.08243491733806,87.25907262420715,91.6439437866211,426900,0.0,0.0
2013-01-04 00:00:00+09:00,91.64393618229404,95.37108539364876,91.64393618229404,94.9325942993164,177600,0.0,0.0
2013-01-07 00:00:00+09:00,96.02878702097925,96.02878702097925,94.49408372448644,95.37105560302734,68700,0.0,0.0
2013-01-08 00:00:00+09:00,94.27481842041016,95.37104062354653,93.83633756810232,94.27481842041016,436200,0.0,0.0
2013-01-09 00:00:00+09:00,94.27484213110843,95.15182412865721,92.52089820838269,94.71333312988281,60600,0.0,0.0
2013-01-10 00:00:00+09:00,94.7133491370786,95.15184020996094,93.83637702750151,95.15184020996094,90300,0.0,0.0
2013-01-11 00:00:00+09:00,95.37105560302734,95.59029606361632,94.05559276712351,95.37105560302734,56100,0.0,0.0
2013-01-15 00:00:00+09:00,96.68654092661976,97.12503198596845,95.80956884410966,96.46730041503906,139800,0.0,0.0
2013-01-16 00:00:00+09:00,96.46730657656717,96.46730657656717,94.71335226333171,95.59032440185547,86400,0.0,0.0
2013-01-17 00:00:00+09:00,95.59031976137173,96.46730189350987,94.49410715048026,95.8095703125,66900,0.0,0.0
2013-01-18 00:00:00+09:00,96.02880637023532,97.56350997596213,95.80956586547062,96.248046875,141000,0.0,0.0
2013-01-21 00:00:00+09:00,95.80956884410966,97.12503198596845,94.71334621383158,96.46730041503906,87300,0.0,0.0
2013-01-22 00:00:00+09:00,96.02880935569037,96.46730041503905,95.15183727318028,96.46730041503906,78300,0.0,0.0
2013-01-23 00:00:00+09:00,97.56351470947267,98.22124629186504,96.24805154468793,97.56351470947266,543900,0.0,0.0
2013-01-24 00:00:00+09:00,97.34423967747907,101.94835912168415,97.34423967747907,100.63289642333984,293400,0.0,0.0
2013-01-25 00:00:00+09:00,101.94837372188022,101.94837372188022,100.19441986083984,100.19441986083984,200400,0.0,0.0
2013-01-28 00:00:00+09:00,99.75592463650494,100.85213686100259,99.31743372499552,100.63289642333984,73500,0.0,0.0
2013-01-29 00:00:00+09:00,99.53667416265827,100.85213686100259,99.53667416265827,100.63289642333984,90300,0.0,0.0
2013-01-30 00:00:00+09:00,100.6329179243608,101.94838090376422,100.19442691916431,101.2906494140625,146700,0.0,0.0
2013-01-31 00:00:00+09:00,100.41368788920609,100.63292839652613,99.53670578755171,99.9751968383789,138000,0.0,0.0
2013-02-01 00:00:00+09:00,102.16764220722543,102.16764220722543,100.63293843058638,101.5099105834961,597000,0.0,0.0
2013-02-04 00:00:00+09:00,103.04463237494963,111.59514414548704,102.60614124644886,108.52572631835938,373500,0.0,0.0
2013-02-05 00:00:00+09:00,107.86798624670327,108.0872267757924,106.11403190542588,106.33328247070312,529500,0.0,0.0
2013-02-06 00:00:00+09:00,107.42948373087805,109.62192893343008,106.11402062382163,107.21024322509766,144900,0.0,0.0
2013-02-07 00:00:00+09:00,108.0872163236549,109.40267944335938,106.99100374802593,109.40267944335938,106200,0.0,0.0
2013-02-08 00:00:00+09:00,108.74493832088602,113.56830935977806,108.74493832088602,111.15662384033203,505800,0.0,0.0
2013-02-12 00:00:00+09:00,114.00677841748951,116.19922321910434,112.69131555099469,113.12980651855469,256200,0.0,0.0
2013-02-13 00:00:00+09:00,114.00679895661293,115.32226206009764,110.71814119790115,111.59512329101562,173100,0.0,0.0
2013-02-14 00:00:00+09:00,109.40267612607354,110.93738974331823,106.1140184265304,107.42948150634766,296100,0.0,0.0
2013-02-15 00:00:00+09:00,104.36007650520443,107.42948373087805,102.6061223504002,107.21024322509766,302400,0.0,0.0
2013-02-18 00:00:00+09:00,107.64874574197984,109.84118114193173,107.64874574197984,109.62194061279297,45600,0.0,0.0
2013-02-19 00:00:00+09:00,108.52570737561877,112.03360568276831,107.64873530787817,109.40267944335938,91500,0.0,0.0
2013-02-20 00:00:00+09:00,109.62192034769525,112.91057785776425,109.40266982289982,111.15662384033203,120600,0.0,0.0
2013-02-21 00:00:00+09:00,111.59512356975242,113.34906768798828,111.37587302783267,113.34906768798828,403800,0.0,0.0
2013-02-22 00:00:00+09:00,114.0067746769678,117.95316314697266,113.34904326530031,117.95316314697266,246600,0.0,0.0
2013-02-25 00:00:00+09:00,120.5841489472022,122.77659477058815,120.1456678114769,121.89961242675781,225600,0.0,0.0
2013-02-26 00:00:00+09:00,119.707133273884,124.96898528592286,119.48789278544446,122.77655029296875,446700,0.0,0.0
2013-02-27 00:00:00+09:00,121.68033095336945,124.96898854670376,121.68033095336945,123.21503448486328,107700,0.0,0.0
2013-02-28 00:00:00+09:00,123.2150392313282,124.53050231933594,121.89957614332049,124.53050231933594,104100,0.0,0.0
2013-03-01 00:00:00+09:00,124.9689675397414,124.9689675397414,122.77653285812333,122.99577331542969,50400,0.0,0.0
2013-03-04 00:00:00+09:00,124.96901381439365,130.01162648914254,124.96901381439365,129.57313537597656,321000,0.0,0.0
2013-03-05 00:00:00+09:00,128.47690807224717,133.30028003810438,128.47690807224717,131.54632568359375,138300,0.0,0.0
2013-03-06 00:00:00+09:00,132.20404336435652,137.02740478515625,131.54631180532988,137.02740478515625,407100,0.0,0.0
2013-03-07 00:00:00+09:00,158.95179366201398,158.95179366201398,142.50850500857072,152.1552276611328,465000,0.0,0.0
2013-03-08 00:00:00+09:00,147.77032098267023,150.62048696855817,140.5352757571063,141.85073852539062,337200,0.0,0.0
2013-03-11 00:00:00+09:00,145.79718565412642,148.64735278995354,141.19306410753495,142.72776794433594,154800,0.0,0.0
2013-03-12 00:00:00+09:00,142.72776487864314,144.26246868247978,133.73876251631253,144.04322814941406,124800,0.0,0.0
2013-03-13 00:00:00+09:00,144.04320105781676,144.7009325694963,136.80815442934195,141.6315155029297,96900,0.0,0.0
2013-03-14 00:00:00+09:00,142.50850356289607,147.11262433915377,138.56211432610374,146.67413330078125,160200,0.0,0.0
2013-03-15 00:00:00+09:00,146.45490729726453,146.45490729726453,141.41229498346593,146.23565673828125,66300,0.0,0.0
2013-03-18 00:00:00+09:00,140.53530103083776,145.577902525328,138.34285599862037,143.38546752929688,109500,0.0,0.0
2013-03-19 00:00:00+09:00,143.16620279924322,147.98956298828125,140.31602674719775,147.98956298828125,111600,0.0,0.0
2013-03-21 00:00:00+09:00,147.77038277934136,149.08584609774445,144.9202055653423,147.55113220214844,107700,0.0,0.0
2013-03-22 00:00:00+09:00,148.8665665091243,156.97859541584657,147.55110344708143,154.56690979003906,175800,0.0,0.0
2013-03-25 00:00:00+09:00,152.37448336939758,154.34767807474438,148.8665749802118,150.6205291748047,119100,0.0,0.0
2013-03-26 00:00:00+09:00,147.98956298828125,149.52426622202412,144.0431746419271,147.98956298828125,62400,0.0,0.0
2013-03-27 00:00:00+09:00,151.81884017757557,151.81884017757557,146.412828186815,147.9895782470703,66000,6.0,0.0
2013-03-28 00:00:00+09:00,145.73709023521425,147.31384044203912,142.13307503225667,146.412841796875,92400,0.0,0.0
2013-03-29 00:00:00+09:00,144.38560891630755,146.41286390743593,141.90784937898877,143.9351043701172,63900,0.0,0.0
2013-04-01 00:00:00+09:00,141.90780912269253,143.70981648510977,133.57354440491747,136.27655029296875,126300,0.0,0.0
2013-04-02 00:00:00+09:00,127.26653105931625,131.09579305643382,119.60801737623086,129.51904296875,188700,0.0,0.0
2013-04-03 00:00:00+09:00,134.92505288866025,139.20480895007546,132.67254101536835,137.40280151367188,193500,0.0,0.0
2013-04-04 00:00:00+09:00,132.89779293290465,137.1775488186028,131.99678409612142,136.27655029296875,48000,0.0,0.0
2013-04-05 00:00:00+09:00,137.8533018018999,140.5563077195842,133.12304144595237,134.925048828125,169500,0.0,0.0
2013-04-08 00:00:00+09:00,135.15029082389853,140.78154950451133,133.79878791565955,139.65530395507812,123900,0.0,0.0
2013-04-09 00:00:00+09:00,140.7815315599122,143.48453703185385,135.82602496506834,142.35829162597656,75300,0.0,0.0
2013-04-10 00:00:00+09:00,141.23207012358165,143.4845717921709,139.6553199866842,141.90782165527344,91500,0.0,0.0
2013-04-11 00:00:00+09:00,141.90779312797216,143.03404889143397,137.62803772465406,139.8805389404297,64500,0.0,0.0
2013-04-12 00:00:00+09:00,139.43006260202023,141.90782165527344,137.4028080069449,141.90782165527344,93900,0.0,0.0
2013-04-15 00:00:00+09:00,138.75432460324677,141.45733099364216,138.75432460324677,140.33108520507812,15000,0.0,0.0
2013-04-16 00:00:00+09:00,137.17756255310454,138.75431270861887,135.37555501026654,137.62806701660156,38400,0.0,0.0
2013-04-17 00:00:00+09:00,135.37555501026654,138.75431270861887,135.37555501026654,137.62806701660156,51900,0.0,0.0
2013-04-18 00:00:00+09:00,138.97957257803077,138.97957257803077,135.15031034779318,135.60081481933594,48000,0.0,0.0
2013-04-19 00:00:00+09:00,136.27657666036194,145.96234619620807,135.82607215480473,144.83609008789062,91800,0.0,0.0
2013-04-22 00:00:00+09:00,146.6380910032828,150.69260043194498,146.41284391651845,150.24209594726562,90600,0.0,0.0
2013-04-23 00:00:00+09:00,151.14309533149356,152.71984546115158,148.8905833620963,152.49459838867188,114300,0.0,0.0
2013-04-24 00:00:00+09:00,153.17036017282078,157.67536379094884,147.5390901834346,156.5491180419922,205200,0.0,0.0
2013-04-25 00:00:00+09:00,154.97235666625394,157.67536294712554,150.46735307223508,157.22486877441406,172800,0.0,0.0
2013-04-26 00:00:00+09:00,156.54915773554652,157.22490948071987,152.04414266400633,152.7198944091797,77700,0.0,0.0
2013-04-30 00:00:00+09:00,151.36834161717263,153.17034912109375,151.14309454586376,153.17034912109375,9600,0.0,0.0
2013-05-01 00:00:00+09:00,153.17034225964068,159.92785720769618,151.36833483644273,159.25210571289062,174300,0.0,0.0
2013-05-02 00:00:00+09:00,155.87337898564354,159.4773842317975,153.84612410134102,158.57638549804688,67500,0.0,0.0
2013-05-07 00:00:00+09:00,158.57637527278217,174.34390880803477,157.4501191948531,166.68539428710938,321000,0.0,0.0
2013-05-08 00:00:00+09:00,168.48738427168402,168.48738427168402,161.05411716688693,165.7843780517578,62100,0.0,0.0
2013-05-09 00:00:00+09:00,167.8116494882289,167.8116494882289,158.12587966918946,162.18038940429688,173400,0.0,0.0
2013-05-10 00:00:00+09:00,162.1803612045095,163.75711127917012,159.47735518443434,160.15310668945312,119400,0.0,0.0
2013-05-13 00:00:00+09:00,163.53185810945473,167.3611199319876,162.18035514987247,165.55911254882812,99300,0.0,0.0
2013-05-14 00:00:00+09:00,165.78437481430367,168.4873809814453,161.95512295161984,168.4873809814453,254700,0.0,0.0
2013-05-15 00:00:00+09:00,152.71985535227924,159.7026181628996,146.41284411401412,147.3138427734375,309300,0.0,0.0
2013-05-16 00:00:00+09:00,150.69258661623354,150.69258661623354,140.78156103999936,145.9623260498047,114900,0.0,0.0
2013-05-17 00:00:00+09:00,140.1058340918071,147.08860778808594,140.1058340918071,147.08860778808594,109500,0.0,0.0
2013-05-20 00:00:00+09:00,148.6653297459154,149.1158341821953,145.06132518912486,147.9895782470703,68700,0.0,0.0
2013-05-21 00:00:00+09:00,152.0441041127134,157.67536379094884,152.0441041127134,156.5491180419922,235800,0.0,0.0
2013-05-22 00:00:00+09:00,159.92784619755716,159.92784619755716,153.1703317147188,155.1975860595703,203400,0.0,0.0
2013-05-23 00:00:00+09:00,154.52186037506277,157.2248666188764,144.1603295663435,149.34109497070312,241200,0.0,0.0
2013-05-24 00:00:00+09:00,147.08862208565856,151.81888394112678,142.1331027915425,147.76437377929688,111900,0.0,0.0
2013-05-27 00:00:00+09:00,145.51184057923527,146.4128495834678,137.62807881468274,140.33108520507812,94800,0.0,0.0
2013-05-28 00:00:00+09:00,138.52906629710552,143.03408002024034,138.52906629710552,142.80882263183594,10800,0.0,0.0
2013-05-29 00:00:00+09:00,141.682546099739,144.38555168312894,139.8805389404297,139.8805389404297,63000,0.0,0.0
2013-05-30 00:00:00+09:00,139.65529191219653,142.8087915520528,138.52903614873472,139.8805389404297,32700,0.0,0.0
2013-05-31 00:00:00+09:00,141.9078232691838,141.9078232691838,139.8805686510526,140.5563201904297,11700,0.0,0.0
2013-06-03 00:00:00+09:00,140.10581572712823,144.8360765027677,140.10581572712823,140.5563201904297,73800,0.0,0.0
2013-06-04 00:00:00+09:00,141.90783830119514,143.48458862304688,135.6008267026369,143.48458862304688,55200,0.0,0.0
2013-06-05 00:00:00+09:00,141.90783462505317,143.0340907178579,138.9795811571421,141.0068359375,59400,0.0,0.0
2013-06-06 00:00:00+09:00,138.75433494185563,139.43008658980483,131.54632423783187,135.15032958984375,71400,0.0,0.0
2013-06-07 00:00:00+09:00,132.89779513168492,132.89779513168492,119.38276546782372,119.83325958251953,138000,0.0,0.0
2013-06-10 00:00:00+09:00,126.59079569557342,128.16755629552532,124.33829380997923,127.94229888916016,62700,0.0,0.0
2013-06-11 00:00:00+09:00,127.94231088312289,132.22207827145542,127.94231088312289,130.87057495117188,9300,0.0,0.0
2013-06-12 00:00:00+09:00,127.26652589539843,135.1502966362282,127.26652589539843,134.24929809570312,25200,0.0,0.0
2013-06-13 00:00:00+09:00,132.44732950635526,132.89783406417595,130.42007446289062,130.42007446289062,10200,0.0,0.0
2013-06-14 00:00:00+09:00,131.09579159515073,136.95230805878808,131.09579159515073,133.79879760742188,24000,0.0,0.0
2013-06-17 00:00:00+09:00,136.05129851415657,139.43005601294482,133.348292515126,137.40280151367188,68100,0.0,0.0
2013-06-18 00:00:00+09:00,138.52907665779,141.0068359375,136.5018218774321,141.0068359375,48600,0.0,0.0
2013-06-19 00:00:00+09:00,141.0068359375,141.0068359375,139.65533275059474,141.0068359375,16500,0.0,0.0
2013-06-20 00:00:00+09:00,141.6825714111328,143.48456858121838,141.2320669630365,141.6825714111328,39600,0.0,0.0
2013-06-21 00:00:00+09:00,141.0068068633171,143.03406122567557,138.529048094496,139.65530395507812,17700,0.0,0.0
2013-06-24 00:00:00+09:00,139.88058875656964,141.90784366608514,139.20483712006447,139.43008422851562,8700,0.0,0.0
2013-06-25 00:00:00+09:00,141.0067976121239,141.0067976121239,132.22202928492277,133.5735321044922,23400,0.0,0.0
2013-06-26 00:00:00+09:00,134.6998250541603,136.72707999800798,131.77157135009764,135.15032958984375,36300,0.0,0.0
2013-06-27 00:00:00+09:00,132.89784658164572,136.95235705046386,132.89784658164572,134.69984436035156,9900,0.0,0.0
2013-06-28 00:00:00+09:00,132.44731731296045,138.3038347808561,132.44731731296045,136.95233154296875,30300,0.0,0.0
2013-07-01 00:00:00+09:00,137.17755071234254,141.90781108173368,137.17755071234254,140.78155517578125,17400,0.0,0.0
2013-07-02 00:00:00+09:00,143.25932471865698,143.93507625034877,140.78156566540378,141.90782165527344,58200,0.0,0.0
2013-07-03 00:00:00+09:00,140.33109678020344,143.0341033935547,139.20484058758976,143.0341033935547,40500,0.0,0.0
2013-07-04 00:00:00+09:00,142.80882344618016,145.28658255470586,141.90782482087548,142.13307189941406,12300,0.0,0.0
2013-07-05 00:00:00+09:00,142.13303429588302,143.7097943619474,141.23203590895167,142.35829162597656,31800,0.0,0.0
2013-07-08 00:00:00+09:00,144.38559676518287,144.38559676518287,142.35834194466307,144.16033935546875,16800,0.0,0.0
2013-07-09 00:00:00+09:00,148.66539643189617,148.66539643189617,144.16038098175702,144.6108856201172,117300,0.0,0.0
2013-07-10 00:00:00+09:00,144.61085603382665,144.61085603382665,143.9351043701172,143.9351043701172,87900,0.0,0.0
2013-07-11 00:00:00+09:00,143.93510216095447,143.93510216095447,143.0341033935547,143.0341033935547,5100,0.0,0.0
2013-07-12 00:00:00+09:00,143.0340944231757,144.16034023400496,139.65533636838535,143.48458862304688,75000,0.0,0.0
2013-07-16 00:00:00+09:00,143.0340944231757,146.18759506687917,141.90783830119514,143.48458862304688,43500,0.0,0.0
2013-07-17 00:00:00+09:00,143.034093551503,144.16033935546875,142.13308453494895,144.16033935546875,13200,0.0,0.0
2013-07-18 00:00:00+09:00,142.35829162597656,142.80878566386843,140.7815315599122,142.35829162597656,46500,0.0,0.0
2013-07-19 00:00:00+09:00,141.00682305006777,143.0340776451431,139.8805670601981,141.90782165527344,33600,0.0,0.0
2013-07-22 00:00:00+09:00,140.7815672665053,141.9078232691838,140.5563201904297,140.5563201904297,10200,0.0,0.0
2013-07-23 00:00:00+09:00,141.45731403150972,143.0340744442719,141.45731403150972,141.6825714111328,15300,0.0,0.0
2013-07-24 00:00:00+09:00,141.90782482087548,142.58357636764157,140.33107464880476,142.13307189941406,36300,0.0,0.0
2013-07-25 00:00:00+09:00,142.80882426830468,143.48457581896093,141.4573211669922,141.4573211669922,89100,0.0,0.0
2013-07-26 00:00:00+09:00,141.45730665712284,142.80880961980603,140.78155517578125,140.78155517578125,65700,0.0,0.0
2013-07-29 00:00:00+09:00,140.5563403930748,140.78158750152596,137.62808673860297,139.43008422851562,29400,0.0,0.0
2013-07-30 00:00:00+09:00,134.92503214126413,140.33104330804403,134.92503214126413,139.8805389404297,20100,0.0,0.0
2013-07-31 00:00:00+09:00,139.8805566377089,142.58356256307525,139.43005221309807,140.78155517578125,86700,0.0,0.0
2013-08-01 00:00:00+09:00,129.51906173182957,129.51906173182957,121.63528952900998,126.81605529785156,165900,0.0,0.0
2013-08-02 00:00:00+09:00,117.80600820839602,118.93226414683639,109.92224757276229,110.37274169921875,373800,0.0,0.0
2013-08-05 00:00:00+09:00,113.97676403044184,119.38277639060271,113.52625956337833,114.20201110839844,201000,0.0,0.0
2013-08-06 00:00:00+09:00,121.41003844927263,121.41003844927263,117.80602311469788,118.03128051757812,105300,0.0,0.0
2013-08-07 00:00:00+09:00,117.80601263889798,117.80601263889798,113.75150348140838,113.97676086425781,162000,0.0,0.0
2013-08-08 00:00:00+09:00,113.97678282839287,116.0040377978041,113.97678282839287,114.65253448486328,38100,0.0,0.0
2013-08-09 00:00:00+09:00,114.65252237889217,115.77876814665643,113.30101920865435,114.87776947021484,43200,0.0,0.0
2013-08-12 00:00:00+09:00,112.85050810376038,113.75150672741896,110.37274899976146,111.27375793457031,81300,0.0,0.0
2013-08-13 00:00:00+09:00,111.49901048737522,112.62526655561109,111.49901048737522,112.40000915527344,26400,0.0,0.0
2013-08-14 00:00:00+09:00,112.62526762353545,115.32827396401109,112.62526762353545,114.87776947021484,9600,0.0,0.0
2013-08-15 00:00:00+09:00,114.8777581726362,114.8777581726362,112.85050361664851,114.42725372314453,14100,0.0,0.0
2013-08-16 00:00:00+09:00,113.75150220448197,114.6525111034653,113.30100806614017,114.42725372314453,9900,0.0,0.0
2013-08-19 00:00:00+09:00,114.42725500765665,115.10300653390492,113.07575195516011,113.97676086425781,16200,0.0,0.0
2013-08-20 00:00:00+09:00,112.850529408248,113.75152820200162,112.62528228759766,112.62528228759766,34800,0.0,0.0
2013-08-21 00:00:00+09:00,112.62526788306279,112.85051497490451,110.59801312303458,111.94951629638672,7200,0.0,0.0
2013-08-22 00:00:00+09:00,111.72426879466893,112.40002044123176,109.69701385498047,109.69701385498047,37800,0.0,0.0
2013-08-23 00:00:00+09:00,111.49903086242578,111.49903086242578,108.57077692329176,109.24652862548828,97500,0.0,0.0
2013-08-26 00:00:00+09:00,111.04850369851442,113.52626287286931,110.37275213379498,111.49900817871094,30300,0.0,0.0
2013-08-27 00:00:00+09:00,112.40002256030083,114.65253496541122,111.49902378494788,113.75152587890625,55800,0.0,0.0
2013-08-28 00:00:00+09:00,109.69701430463678,112.62527832584674,109.24652007918284,109.92227172851562,50100,0.0,0.0
2013-08-29 00:00:00+09:00,111.49902033805846,111.49902033805846,108.1202621459961,108.1202621459961,39000,0.0,0.0
2013-08-30 00:00:00+09:00,108.796034747339,109.471786515956,107.21928405761719,107.21928405761719,68400,0.0,0.0
2013-09-02 00:00:00+09:00,108.12025198907209,110.14750671386719,106.31824435220398,110.14750671386719,21600,0.0,0.0
2013-09-03 00:00:00+09:00,111.27376470971065,112.62526788306279,110.59801312303458,111.94951629638672,35700,0.0,0.0
2013-09-04 00:00:00+09:00,111.94951802577302,112.85051671820935,109.47175873263423,110.59801483154297,27000,0.0,0.0
2013-09-05 00:00:00+09:00,111.72427318269179,113.07577652889834,110.37276983648522,112.62528228759766,26400,0.0,0.0
2013-09-06 00:00:00+09:00,112.62530383670762,113.75154996660137,110.59804842951381,110.82329559326172,18000,0.0,0.0
2013-09-09 00:00:00+09:00,115.7787520037644,117.80600647646348,113.75149753106531,115.55350494384766,57300,0.0,0.0
2013-09-10 00:00:00+09:00,117.13027183960172,123.2120361328125,117.13027183960172,123.2120361328125,57900,0.0,0.0
2013-09-11 00:00:00+09:00,127.26653049447147,128.16753937870595,125.0140289061847,126.36553192138672,79200,0.0,0.0
2013-09-12 00:00:00+09:00,123.8877848208814,126.14029693603517,123.8877848208814,126.14029693603516,27000,0.0,0.0
2013-09-13 00:00:00+09:00,124.78876905334037,128.1675262451172,123.66251321903188,128.1675262451172,35700,0.0,0.0
2013-09-17 00:00:00+09:00,129.51904379745991,132.6725439930048,128.39278783553686,131.77154541015625,57300,0.0,0.0
2013-09-18 00:00:00+09:00,133.3482931683268,136.05129918059794,130.870544531178,133.79879760742188,48900,0.0,0.0
2013-09-19 00:00:00+09:00,134.02407558953354,136.50183510942864,129.74431851985295,136.05133056640625,135300,0.0,0.0
2013-09-20 00:00:00+09:00,135.1502966362282,135.82604811940934,132.89779512934084,134.24929809570312,40500,0.0,0.0
2013-09-24 00:00:00+09:00,131.99680690512855,133.79881457893217,125.46454842099848,132.4473114013672,90900,0.0,0.0
2013-09-25 00:00:00+09:00,134.02404702285256,135.15030298477564,125.23927732884215,131.77154541015625,91500,0.0,0.0
2013-09-26 00:00:00+09:00,132.68661443371508,134.7455447118534,129.02629743000062,134.05923461914062,21000,3.0,0.0
2013-09-27 00:00:00+09:00,131.77155292500117,132.68662966289298,129.25507880547107,130.170166015625,95400,0.0,0.0
2013-09-30 00:00:00+09:00,128.56877818007277,129.02632181912182,126.28108092935327,128.3400115966797,33000,0.0,0.0
2013-10-01 00:00:00+09:00,128.11123657226562,130.17016710393278,127.19614935446096,128.11123657226562,24600,0.0,0.0
2013-10-02 00:00:00+09:00,127.65370219462626,128.79755606346865,126.96739196777344,126.96739196777344,35400,0.0,0.0
2013-10-03 00:00:00+09:00,126.0523231832833,126.73863345384154,126.0523231832833,126.28108978271484,12900,0.0,0.0
2013-10-04 00:00:00+09:00,126.28107260891852,128.11123657226562,124.6796856861537,128.11123657226562,61800,0.0,0.0
2013-10-07 00:00:00+09:00,127.88246154785156,128.11123859204068,125.82353098372374,127.88246154785156,35700,0.0,0.0
2013-10-08 00:00:00+09:00,127.65367289189211,127.65367289189211,125.36597615160815,125.8235092163086,15900,0.0,0.0
2013-10-09 00:00:00+09:00,124.45093183305178,126.73863983154297,123.53585491701381,126.73863983154297,51600,0.0,0.0
2013-10-10 00:00:00+09:00,126.73863087571601,129.2550948350637,123.99338984932696,128.7975616455078,69000,0.0,0.0
2013-10-11 00:00:00+09:00,129.94137402254205,130.39891757496224,129.25506393004227,129.4838409423828,17100,0.0,0.0
2013-10-15 00:00:00+09:00,127.19615773518848,129.02632181912182,127.19615773518848,128.3400115966797,4500,0.0,0.0
2013-10-16 00:00:00+09:00,128.1112458366158,128.1112458366158,126.96739196777344,126.96739196777344,6300,0.0,0.0
2013-10-17 00:00:00+09:00,128.3400115966797,129.4838654581709,128.3400115966797,128.3400115966797,18600,0.0,0.0
2013-10-18 00:00:00+09:00,130.17019165623483,130.17019165623483,127.19617334581281,127.65371704101562,12300,0.0,0.0
2013-10-21 00:00:00+09:00,129.02631331780805,129.2550798861281,127.19614935446096,128.11123657226562,37500,0.0,0.0
2013-10-22 00:00:00+09:00,126.50983917723858,130.39893367225284,126.50983917723858,128.11123657226562,41400,0.0,0.0
2013-10-23 00:00:00+09:00,129.48389041489176,129.48389041489176,126.96741562349102,127.19618225097656,21900,0.0,0.0
2013-10-24 00:00:00+09:00,127.19614935446096,129.9413900633505,126.73861621782086,128.11123657226562,50400,0.0,0.0
2013-10-25 00:00:00+09:00,126.96738278614092,128.11123657226562,125.8235290000162,128.11123657226562,52500,0.0,0.0
2013-10-28 00:00:00+09:00,129.2550948350637,129.71263849688302,128.7975616455078,128.7975616455078,52500,0.0,0.0
2013-10-29 00:00:00+09:00,132.91538895310092,135.66062927246094,132.68661194498043,135.66062927246094,65100,0.0,0.0
2013-10-30 00:00:00+09:00,137.0332749656908,137.0332749656908,132.00032646089585,133.14418029785156,59100,0.0,0.0
2013-10-31 00:00:00+09:00,133.14418029785156,133.14418029785156,133.14418029785156,133.14418029785156,0,0.0,0.0
2013-11-01 00:00:00+09:00,131.54276434984428,132.0002974061081,125.82350689620297,129.7126007080078,40800,0.0,0.0
2013-11-05 00:00:00+09:00,130.1701428230601,133.83045959472656,129.4838327738564,133.83045959472656,55800,0.0,0.0
2013-11-06 00:00:00+09:00,134.0592491724009,135.66064654408316,133.83048260741575,135.43186950683594,48600,0.0,0.0
2013-11-07 00:00:00+09:00,135.66062927246094,136.80447242402045,134.97431919262092,135.66062927246094,55200,0.0,0.0
2013-11-08 00:00:00+09:00,136.57572898864746,138.40589300186258,132.91541143447975,137.2620391845703,78300,0.0,0.0
2013-11-11 00:00:00+09:00,137.2620391845703,138.40589300186258,135.20310859680177,137.2620391845703,36600,0.0,0.0
2013-11-12 00:00:00+09:00,137.2620307206033,137.2620307206033,134.9743336993472,137.03326416015625,36900,0.0,0.0
2013-11-13 00:00:00+09:00,137.0332644655636,140.4648152412266,137.0332644655636,140.2360382080078,42600,0.0,0.0
2013-11-14 00:00:00+09:00,144.81143772139674,149.84437519410378,142.98127388029351,146.6416015625,165000,0.0,0.0
2013-11-15 00:00:00+09:00,147.0991273045721,148.7005245124671,144.58266393032736,148.24298095703125,87000,0.0,0.0
2013-11-18 00:00:00+09:00,148.70054089623073,148.70054089623073,145.26899003302742,146.18406677246094,33000,0.0,0.0
2013-11-19 00:00:00+09:00,146.18407561594907,147.09915241074066,145.49776540178968,145.72653198242188,48300,0.0,0.0
2013-11-20 00:00:00+09:00,145.7265456553648,145.7265456553648,145.26901245117188,145.26901245117188,7800,0.0,0.0
2013-11-21 00:00:00+09:00,146.4128644092059,146.4128644092059,145.04024377264375,145.49778747558594,42600,0.0,0.0
2013-11-22 00:00:00+09:00,146.41282485512005,148.47175525373387,145.72651472224877,145.95529174804688,54000,0.0,0.0
2013-11-25 00:00:00+09:00,145.9553002056681,146.87037694510158,145.9553002056681,146.18406677246094,37800,0.0,0.0
2013-11-26 00:00:00+09:00,146.18407521686734,146.412841796875,145.95530863685968,146.412841796875,38700,0.0,0.0
2013-11-27 00:00:00+09:00,146.64160188091816,146.64160188091816,145.95529174804688,145.95529174804688,28500,0.0,0.0
2013-11-28 00:00:00+09:00,145.49775659982026,146.18406677246094,145.49775659982026,146.18406677246094,13200,0.0,0.0
2013-11-29 00:00:00+09:00,145.72651472224877,146.18405830158346,145.2689816151756,145.95529174804688,35400,0.0,0.0
2013-12-02 00:00:00+09:00,144.3538944565062,145.95529174804688,144.3538944565062,145.95529174804688,22500,0.0,0.0
2013-12-03 00:00:00+09:00,145.72651472224877,146.64160188091816,145.72651472224877,145.95529174804688,48000,0.0,0.0
2013-12-04 00:00:00+09:00,146.18407521686734,146.64161884914543,145.95530863685968,146.412841796875,50700,0.0,0.0
2013-12-05 00:00:00+09:00,146.41282485512005,148.24298870019732,145.72651472224877,145.95529174804688,52800,0.0,0.0
2013-12-06 00:00:00+09:00,145.72651472224877,146.18405830158346,145.72651472224877,145.95529174804688,21600,0.0,0.0
2013-12-09 00:00:00+09:00,146.41282391020064,148.01422119140625,146.41282391020064,148.01422119140625,15900,0.0,0.0
2013-12-10 00:00:00+09:00,152.13212637810688,155.56367802218247,146.6416437475859,153.9622802734375,220500,0.0,0.0
2013-12-11 00:00:00+09:00,155.10606404622396,155.3348305614386,153.50467749520206,154.4197540283203,74100,0.0,0.0
2013-12-12 00:00:00+09:00,154.41979209717636,154.41979209717636,152.8184051513672,152.8184051513672,32700,0.0,0.0
2013-12-13 00:00:00+09:00,154.41982398340244,154.41982398340244,153.0472033257722,153.9622802734375,48300,0.0,0.0
2013-12-16 00:00:00+09:00,155.10609402425487,157.3937910353336,153.50470716372595,155.7924041748047,171000,0.0,0.0
2013-12-17 00:00:00+09:00,157.39380995906595,161.05413818359375,155.79242290599947,161.05413818359375,198900,0.0,0.0
2013-12-18 00:00:00+09:00,160.82534484139083,163.11305236816406,159.91026811403876,163.11305236816406,164400,0.0,0.0
2013-12-19 00:00:00+09:00,164.48567261343777,167.68844639370664,163.79936245019988,167.00213623046875,240000,0.0,0.0
2013-12-20 00:00:00+09:00,168.6035573904785,176.15295977939667,168.6035573904785,174.7803497314453,394200,0.0,0.0
2013-12-24 00:00:00+09:00,178.21188481552048,178.21188481552048,171.12001584708628,176.1529541015625,500400,0.0,0.0
2013-12-25 00:00:00+09:00,181.64344608583752,181.87222315937103,171.57756901827457,178.66944885253906,564000,0.0,0.0
2013-12-26 00:00:00+09:00,185.76125897840615,191.93804984160522,180.95708830702907,181.41464233398438,330300,0.0,0.0
2013-12-27 00:00:00+09:00,178.6694479363378,183.01606569949337,177.29682739123027,180.0420684814453,97800,0.0,0.0
2013-12-30 00:00:00+09:00,182.78727787361584,185.30374145507812,182.55850084092882,185.30374145507812,45300,0.0,0.0
2014-01-06 00:00:00+09:00,187.59147428159616,193.76826649757464,187.59147428159616,191.0230255126953,125700,0.0,0.0
2014-01-07 00:00:00+09:00,194.45460510253906,196.7422922938844,192.16689696666415,194.45460510253906,126300,0.0,0.0
2014-01-08 00:00:00+09:00,195.59845287749283,196.2847632384665,191.2518136098163,193.99705505371094,83100,0.0,0.0
2014-01-09 00:00:00+09:00,196.05592379018566,196.28470081926838,193.99699336201152,195.36961364746094,26100,0.0,0.0
2014-01-10 00:00:00+09:00,197.42858246035937,209.09585715507004,197.42858246035937,201.31768798828125,195900,0.0,0.0
2014-01-14 00:00:00+09:00,199.25865304440802,207.03681814699826,194.68323963104334,203.14773559570312,114000,0.0,0.0
2014-01-15 00:00:00+09:00,204.06287057867058,205.66424680083583,196.7422157691213,197.6573028564453,80700,0.0,0.0
2014-01-16 00:00:00+09:00,197.65731907894735,199.02993935032896,194.4545454272314,195.598388671875,53400,0.0,0.0
2014-01-17 00:00:00+09:00,196.9710235595703,201.31766172299706,194.45455985680996,196.9710235595703,39000,0.0,0.0
2014-01-20 00:00:00+09:00,200.17379559024576,202.69028021416418,197.88610895244207,200.40257263183594,42600,0.0,0.0
2014-01-21 00:00:00+09:00,198.57243669352187,202.6902981391627,198.57243669352187,199.4875030517578,39000,0.0,0.0
2014-01-22 00:00:00+09:00,198.80122381589095,198.80122381589095,195.14091592303225,196.28475952148438,29100,0.0,0.0
2014-01-23 00:00:00+09:00,195.14091544884857,196.28475904452125,193.99705090864632,194.45460510253906,35400,0.0,0.0
2014-01-24 00:00:00+09:00,191.0230271162559,193.7682681241804,188.27778610833138,191.48056030273438,38700,0.0,0.0
2014-01-27 00:00:00+09:00,184.84623718261722,186.67639089616867,182.1009961400265,184.8462371826172,49200,0.0,0.0
2014-01-28 00:00:00+09:00,183.47361280427717,191.0230255126953,183.47361280427717,191.0230255126953,16500,0.0,0.0
2014-01-29 00:00:00+09:00,191.02302668133217,192.1668701171875,187.8202315496946,192.1668701171875,26400,0.0,0.0
2014-01-30 00:00:00+09:00,189.87913755755605,189.87913755755605,183.01603594771035,185.07496643066406,23700,0.0,0.0
2014-01-31 00:00:00+09:00,185.53255017914256,187.59148099144676,185.53255017914256,186.44761657714844,11100,0.0,0.0
2014-02-03 00:00:00+09:00,178.89814704410077,179.12692404354323,170.4336598712385,175.00906372070312,75300,0.0,0.0
2014-02-04 00:00:00+09:00,171.5775632443964,173.86526059690055,156.70750427246094,156.70750427246094,224400,0.0,0.0
2014-02-05 00:00:00+09:00,164.71445629870982,167.00215358988197,162.42675900753767,163.5706024169922,24300,0.0,0.0
2014-02-06 00:00:00+09:00,170.4337133189607,171.3488006591797,169.7474030499283,171.3488006591797,4800,0.0,0.0
2014-02-07 00:00:00+09:00,173.86526240312642,175.69542658750072,167.00215980205218,174.7803497314453,35100,0.0,0.0
2014-02-10 00:00:00+09:00,171.34877318530337,173.63647022451667,167.00213519685755,169.06106567382812,50400,0.0,0.0
2014-02-12 00:00:00+09:00,165.85830007688804,167.23092046242846,160.82535168173155,166.08706665039062,70200,0.0,0.0
2014-02-13 00:00:00+09:00,162.65548837595972,166.54458230608225,159.22393798828125,159.22393798828125,71400,0.0,0.0
2014-02-14 00:00:00+09:00,160.13903919134802,161.05412641675395,156.02117809380826,158.08010864257812,78300,0.0,0.0
2014-02-17 00:00:00+09:00,158.08010556365664,161.28288984567226,154.6485547158764,160.36781311035156,24900,0.0,0.0
2014-02-18 00:00:00+09:00,160.13906279470754,167.00216563551305,160.13906279470754,165.8583221435547,59400,0.0,0.0
2014-02-19 00:00:00+09:00,164.94325148523174,167.45972627243034,163.1130975238736,166.3158721923828,19800,0.0,0.0
2014-02-20 00:00:00+09:00,162.19794403979,167.00211455903036,161.28286743164062,161.28286743164062,57900,0.0,0.0
2014-02-21 00:00:00+09:00,161.2829015274278,166.54461669921875,160.59659130816217,166.54461669921875,53100,0.0,0.0
2014-02-24 00:00:00+09:00,168.14599535243232,169.51861572265625,168.14599535243232,169.51861572265625,7200,0.0,0.0
2014-02-25 00:00:00+09:00,171.11999411897742,171.57753771029212,169.2898406982422,169.2898406982422,20100,0.0,0.0
2014-02-26 00:00:00+09:00,165.85830083877664,168.14599800109863,164.02813682556152,164.71444702148438,27300,0.0,0.0
2014-02-27 00:00:00+09:00,162.42674492981135,164.48567545509516,160.3678144045275,161.51165771484375,19800,0.0,0.0
2014-02-28 00:00:00+09:00,161.28290681110033,162.19798364267842,160.13905291743035,160.8253631591797,6300,0.0,0.0
2014-03-03 00:00:00+09:00,159.22395632619816,159.22395632619816,152.58962132185258,153.0471649169922,84600,0.0,0.0
2014-03-04 00:00:00+09:00,155.10614013671875,157.62261492762698,155.10614013671875,155.10614013671875,6000,0.0,0.0
2014-03-05 00:00:00+09:00,159.6815062505234,159.6815062505234,153.04717098321726,154.19102478027344,36000,0.0,0.0
2014-03-06 00:00:00+09:00,153.96223418814054,155.3348544349063,153.50470108739287,154.64854431152344,6900,0.0,0.0
2014-03-07 00:00:00+09:00,154.87735279489337,158.53767070571377,153.0471886033514,153.2759552001953,16800,0.0,0.0
2014-03-10 00:00:00+09:00,152.1320808406271,154.87732133415867,150.98822714423517,154.64854431152344,40800,0.0,0.0
2014-03-11 00:00:00+09:00,153.2759552001953,153.50473226930276,152.13211174371216,153.2759552001953,7200,0.0,0.0
2014-03-12 00:00:00+09:00,152.36083182395203,154.41976198373516,150.7594451904297,150.7594451904297,15000,0.0,0.0
2014-03-13 00:00:00+09:00,150.75948414630892,153.04718142422763,150.75948414630892,150.98825073242188,1500,0.0,0.0
2014-03-14 00:00:00+09:00,147.78544577180602,147.78544577180602,138.86341400518089,144.58267211914062,66900,0.0,0.0
2014-03-17 00:00:00+09:00,145.04022728837592,154.64857065229307,145.04022728837592,147.55670166015625,32700,0.0,0.0
2014-03-18 00:00:00+09:00,149.6156005859375,150.759454234076,148.7005239507833,149.6156005859375,15000,0.0,0.0
2014-03-19 00:00:00+09:00,153.73347018501585,153.73347018501585,148.7005326875698,149.15806579589844,15300,0.0,0.0
2014-03-20 00:00:00+09:00,149.38682055095143,149.38682055095143,144.12510681152344,144.12510681152344,6000,0.0,0.0
2014-03-24 00:00:00+09:00,144.81143965348687,144.81143965348687,142.06619909133545,142.52374267578125,38400,0.0,0.0
2014-03-25 00:00:00+09:00,146.41284100859983,148.24300505559597,145.04022059141838,147.78546142578125,31500,0.0,0.0
2014-03-26 00:00:00+09:00,146.64160188091816,146.87036843445475,144.5826714823043,145.95529174804688,10200,0.0,0.0
2014-03-27 00:00:00+09:00,150.8359842428392,150.8359842428392,140.60982267184562,142.23670959472656,13200,3.333333,0.0
2014-03-28 00:00:00+09:00,142.2367014672876,145.7228951307015,142.2367014672876,144.09600830078125,5700,0.0,0.0
2014-03-31 00:00:00+09:00,144.79326050733678,145.4904993049018,143.8636016845703,143.8636016845703,16200,0.0,0.0
2014-04-01 00:00:00+09:00,144.0959914056463,147.1173553466797,144.0959914056463,147.1173553466797,9300,0.0,0.0
2014-04-02 00:00:00+09:00,150.13871366289578,150.13871366289578,144.56080466441028,145.49046325683594,33900,0.0,0.0
2014-04-03 00:00:00+09:00,145.49048466129037,148.0470195690337,144.560825932094,146.6525421142578,21600,0.0,0.0
2014-04-04 00:00:00+09:00,147.11736250151856,147.11736250151856,142.4691010562371,145.72288513183594,98100,0.0,0.0
2014-04-07 00:00:00+09:00,146.6525376517174,146.6525376517174,144.56082153320312,144.56082153320312,9000,0.0,0.0
2014-04-08 00:00:00+09:00,144.56082153320312,147.11736700217114,144.09600282176774,144.56082153320312,9900,0.0,0.0
2014-04-09 00:00:00+09:00,144.56081234214307,144.56081234214307,140.37738037109375,140.37738037109375,13200,0.0,0.0
2014-04-10 00:00:00+09:00,143.8636044590232,144.79326329971843,141.77188802598886,143.63119506835938,9900,0.0,0.0
2014-04-11 00:00:00+09:00,141.77184072095815,142.00426067309033,139.2153063596353,141.30702209472656,17400,0.0,0.0
2014-04-14 00:00:00+09:00,139.91258843026915,142.0043048155771,139.91258843026915,141.07464599609375,5400,0.0,0.0
2014-04-15 00:00:00+09:00,141.77188295714168,143.16636052930707,141.77188295714168,142.00430297851562,1800,0.0,0.0
2014-04-16 00:00:00+09:00,142.4691028366182,142.70152282714844,142.4691028366182,142.70152282714844,600,0.0,0.0
2014-04-17 00:00:00+09:00,145.0256472906652,145.258056640625,144.095999251808,145.258056640625,11100,0.0,0.0
2014-04-18 00:00:00+09:00,147.5822063890108,148.2794451425982,145.7228994997713,146.18772888183594,21300,0.0,0.0
2014-04-21 00:00:00+09:00,144.79325737079054,147.34979248046875,144.79325737079054,147.34979248046875,8700,0.0,0.0
2014-04-22 00:00:00+09:00,148.27944395598666,148.7442626953125,147.58220520797892,148.7442626953125,6900,0.0,0.0
2014-04-23 00:00:00+09:00,148.74425548176774,150.13873291015625,147.34977805337923,150.13873291015625,11100,0.0,0.0
2014-04-24 00:00:00+09:00,150.60359849151237,150.60359849151237,149.44153014199676,149.6739501953125,4200,0.0,0.0
2014-04-25 00:00:00+09:00,150.8359546625148,152.23043193409126,149.44147739093833,151.06837463378906,29100,0.0,0.0
2014-04-28 00:00:00+09:00,152.2305010657561,152.46292114257812,150.37120428531267,152.46292114257812,7500,0.0,0.0
2014-04-30 00:00:00+09:00,152.92771409321384,153.6249529274367,151.3008270263672,151.3008270263672,6600,0.0,0.0
2014-05-01 00:00:00+09:00,151.06837463378906,151.30078396604605,151.06837463378906,151.06837463378906,900,0.0,0.0
2014-05-02 00:00:00+09:00,153.16012615603287,153.16012615603287,149.90634155273438,149.90634155273438,3600,0.0,0.0
2014-05-07 00:00:00+09:00,146.4201475631359,150.60358035065408,144.09602178307685,149.90634155273438,15300,0.0,0.0
2014-05-08 00:00:00+09:00,149.4414786683915,149.4414786683915,144.79322814941406,144.79322814941406,11100,0.0,0.0
2014-05-09 00:00:00+09:00,144.09602448870697,145.72291150139372,143.63119506835938,143.63119506835938,17700,0.0,0.0
2014-05-12 00:00:00+09:00,143.8636016845703,145.2580792797003,143.8636016845703,143.8636016845703,8100,0.0,0.0
2014-05-13 00:00:00+09:00,150.60355224609373,150.60355224609373,146.4201202392578,146.4201202392578,20400,0.0,0.0
2014-05-14 00:00:00+09:00,146.42012466846006,146.42012466846006,144.3284086017678,145.258056640625,12900,0.0,0.0
2014-05-15 00:00:00+09:00,151.0683700779721,160.1324720698701,149.2090635589361,158.04075622558594,117900,0.0,0.0
2014-05-16 00:00:00+09:00,154.78697672526042,159.90005649417017,152.2304315212969,156.87869262695312,56100,0.0,0.0
2014-05-19 00:00:00+09:00,157.11108055289495,163.85105664195214,157.11108055289495,157.80831909179688,62700,0.0,0.0
2014-05-20 00:00:00+09:00,160.3649041973328,160.3649041973328,155.716642558317,156.64630126953125,22500,0.0,0.0
2014-05-21 00:00:00+09:00,155.71664615942163,156.8787142558042,155.25182743208356,155.94906616210938,18900,0.0,0.0
2014-05-22 00:00:00+09:00,158.04077869733413,158.5055974139228,154.78699448612122,156.64630126953125,39300,0.0,0.0
2014-05-23 00:00:00+09:00,156.18144703331498,158.27316284179688,156.18144703331498,158.27316284179688,17400,0.0,0.0
2014-05-26 00:00:00+09:00,160.82975351064488,160.82975351064488,157.34355950852844,158.738037109375,27000,0.0,0.0
2014-05-27 00:00:00+09:00,160.82974699967517,162.22422454406825,159.43526945528208,159.6676788330078,16500,0.0,0.0
2014-05-28 00:00:00+09:00,159.20280726537877,159.66763653671532,158.97039794921875,158.97039794921875,27300,0.0,0.0
2014-05-29 00:00:00+09:00,160.3648872676988,165.0131484160002,158.2731713468158,162.9214324951172,36000,0.0,0.0
2014-05-30 00:00:00+09:00,166.17522743357986,168.03453426361085,165.24557933807375,167.33729553222656,32700,0.0,0.0
2014-06-02 00:00:00+09:00,170.8234756223617,173.14760099605454,169.42899827034242,172.91519165039062,56100,0.0,0.0
2014-06-03 00:00:00+09:00,174.3096607487376,174.3096607487376,171.28829684209862,171.5207061767578,29400,0.0,0.0
2014-06-04 00:00:00+09:00,172.21795297438098,172.91519165039062,169.89382760068816,172.91519165039062,17700,0.0,0.0
2014-06-05 00:00:00+09:00,173.14761352539062,173.38003352689083,170.82348798351902,173.14761352539062,18300,0.0,0.0
2014-06-06 00:00:00+09:00,173.14759554536332,173.14759554536332,170.823470244834,171.28829956054688,10800,0.0,0.0
2014-06-09 00:00:00+09:00,171.75311118215237,172.68276977539062,171.75311118215237,172.68276977539062,38400,0.0,0.0
2014-06-10 00:00:00+09:00,174.07726050379716,174.30966985059197,172.4503631591797,172.4503631591797,21000,0.0,0.0
2014-06-11 00:00:00+09:00,171.98555607396415,174.07727225335418,171.98555607396415,173.14761352539062,19200,0.0,0.0
2014-06-12 00:00:00+09:00,173.14762422058732,174.3096923828125,171.98556669738142,174.3096923828125,13500,0.0,0.0
2014-06-13 00:00:00+09:00,175.00694897039799,180.1200408935547,173.84488068985866,180.1200408935547,27600,0.0,0.0
2014-06-16 00:00:00+09:00,183.37380796999116,184.7682855971394,181.74691031230492,183.14138793945312,38400,0.0,0.0
2014-06-17 00:00:00+09:00,183.8386308621902,185.46552855624088,182.4441532038726,185.2331085205078,21900,0.0,0.0
2014-06-18 00:00:00+09:00,185.9303222361337,185.9303222361337,182.44412856121846,184.7682647705078,56700,0.0,0.0
2014-06-19 00:00:00+09:00,185.00070285604232,190.57861328106833,183.83862399880212,189.41653442382812,90000,0.0,0.0
2014-06-20 00:00:00+09:00,190.57859158330413,195.92408137267918,190.57859158330413,194.76202392578125,114300,0.0,0.0
2014-06-23 00:00:00+09:00,196.8537063457441,196.8537063457441,188.02200317382812,188.02200317382812,36000,0.0,0.0
2014-06-24 00:00:00+09:00,192.670327005161,197.08615851140232,188.25447422088033,196.853759765625,100800,0.0,0.0
2014-06-25 00:00:00+09:00,195.2268399325284,195.2268399325284,190.8109876508994,191.7406463623047,24000,0.0,0.0
2014-06-26 00:00:00+09:00,191.74064551772227,191.74064551772227,187.55721325188105,188.95169067382812,21300,0.0,0.0
2014-06-27 00:00:00+09:00,191.27586723521313,191.27586723521313,184.76829746453643,186.62759399414062,20700,0.0,0.0
2014-06-30 00:00:00+09:00,187.32483285249737,189.4165494275676,181.28210317275273,186.62759399414062,68100,0.0,0.0
2014-07-01 00:00:00+09:00,188.0220717108541,188.0220717108541,184.0710586061797,186.62759399414062,36900,0.0,0.0
2014-07-02 00:00:00+09:00,191.5082660026378,191.5082660026378,185.93035513578388,186.62759399414062,60600,0.0,0.0
2014-07-03 00:00:00+09:00,187.32483285249737,187.5572528979634,186.62759399414062,186.62759399414062,15600,0.0,0.0
2014-07-04 00:00:00+09:00,187.32482903338763,188.48690795898438,187.32482903338763,188.48690795898438,12000,0.0,0.0
2014-07-07 00:00:00+09:00,191.7406129595412,191.7406129595412,188.9516585892206,189.88131713867188,15300,0.0,0.0
2014-07-08 00:00:00+09:00,189.41650033602022,190.34615899890105,188.95168164359774,190.11373901367188,10500,0.0,0.0
2014-07-09 00:00:00+09:00,191.27582680308552,191.27582680308552,188.48687195919138,188.95169067382812,30000,0.0,0.0
2014-07-10 00:00:00+09:00,187.78966813926934,187.78966813926934,178.95796197399497,180.1200408935547,25200,0.0,0.0
2014-07-11 00:00:00+09:00,181.28207221198286,182.44412968476507,180.584833472706,182.21173095703125,19800,0.0,0.0
2014-07-14 00:00:00+09:00,182.21172546994524,183.37378290773347,182.21172546994524,182.67654418945312,3900,0.0,0.0
2014-07-15 00:00:00+09:00,184.7682438340298,184.7682438340298,177.7958572742551,179.8875732421875,9600,0.0,0.0
2014-07-16 00:00:00+09:00,181.9793150396461,181.9793150396461,174.77451811826035,175.00692749023438,21300,0.0,0.0
2014-07-17 00:00:00+09:00,176.6337890625,177.5634476952249,176.6337890625,176.6337890625,7800,0.0,0.0
2014-07-18 00:00:00+09:00,176.16899992171656,178.95794437043406,175.47176114978237,177.09864807128906,13500,0.0,0.0
2014-07-22 00:00:00+09:00,177.3310616699225,179.19036865234375,177.3310616699225,179.19036865234375,17700,0.0,0.0
2014-07-23 00:00:00+09:00,180.1200408935547,180.1200408935547,179.42280205303518,180.1200408935547,7200,0.0,0.0
2014-07-24 00:00:00+09:00,181.2820587158203,181.74687741472064,180.81724001691998,181.2820587158203,9300,0.0,0.0
2014-07-25 00:00:00+09:00,181.5145001217503,183.60621643066406,181.5145001217503,183.60621643066406,34800,0.0,0.0
2014-07-28 00:00:00+09:00,183.60619758123906,184.30343627929688,181.74688020106055,184.30343627929688,18300,0.0,0.0
2014-07-29 00:00:00+09:00,182.9089696963081,183.37378842981343,174.3096848192143,182.21173095703125,36300,0.0,0.0
2014-07-30 00:00:00+09:00,181.9793299047462,181.9793299047462,180.35243225097656,180.35243225097656,13500,0.0,0.0
2014-07-31 00:00:00+09:00,179.42277703655236,179.42277703655236,177.0986407995224,178.4931182861328,21000,0.0,0.0
2014-08-01 00:00:00+09:00,171.5207151329825,174.30966985059197,171.05588580037497,172.4503631591797,41100,0.0,0.0
2014-08-04 00:00:00+09:00,171.98553276296667,171.98553276296667,171.05587416100946,171.75311279296875,16200,0.0,0.0
2014-08-05 00:00:00+09:00,171.5207061767578,171.98553548509355,171.5207061767578,171.5207061767578,21300,0.0,0.0
2014-08-06 00:00:00+09:00,172.68278860153674,172.68278860153674,168.7317657470703,168.7317657470703,6600,0.0,0.0
2014-08-07 00:00:00+09:00,169.66142548342071,170.1262548627186,169.42901611328125,169.42901611328125,6300,0.0,0.0
2014-08-08 00:00:00+09:00,168.26697908610558,169.4290474296313,163.15389752483014,166.17526245117188,16200,0.0,0.0
2014-08-11 00:00:00+09:00,166.17523173623385,169.42901611328125,166.17523173623385,169.42901611328125,4200,0.0,0.0
2014-08-12 00:00:00+09:00,169.42901611328125,169.42901611328125,167.33729986496914,169.42901611328125,9300,0.0,0.0
2014-08-13 00:00:00+09:00,166.17519083464936,171.9855194091797,166.17519083464936,171.9855194091797,9900,0.0,0.0
2014-08-14 00:00:00+09:00,170.82346834977747,171.7531163318725,170.82346834977747,171.05587768554688,1500,0.0,0.0
2014-08-15 00:00:00+09:00,167.5697092351086,169.66142548342071,167.5697092351086,169.42901611328125,11100,0.0,0.0
2014-08-18 00:00:00+09:00,169.42900807234264,169.42900807234264,167.80212128053893,168.03453063964844,15000,0.0,0.0
2014-08-19 00:00:00+09:00,169.42899645919184,170.591064453125,168.73175779063547,170.591064453125,7500,0.0,0.0
2014-08-20 00:00:00+09:00,168.03451912207913,170.591064453125,168.03451912207913,170.591064453125,7800,0.0,0.0
2014-08-21 00:00:00+09:00,170.8234570974327,173.61241149902344,170.8234570974327,173.61241149902344,9000,0.0,0.0
2014-08-22 00:00:00+09:00,174.5420649663133,175.93654221142106,173.84482634375942,175.2393035888672,22500,0.0,0.0
2014-08-25 00:00:00+09:00,175.9365792987123,175.9365792987123,174.07728300597518,174.3096923828125,19200,0.0,0.0
2014-08-26 00:00:00+09:00,173.84484335152158,175.47174072265625,173.84484335152158,175.47174072265625,6600,0.0,0.0
2014-08-27 00:00:00+09:00,175.47174961660832,176.40139770507812,173.8448521630128,176.40139770507812,22800,0.0,0.0
2014-08-28 00:00:00+09:00,176.40139770507812,176.40139770507812,174.54209088911983,176.40139770507812,8700,0.0,0.0
2014-08-29 00:00:00+09:00,175.47175481612092,178.02828979492188,175.47175481612092,178.02828979492188,4500,0.0,0.0
2014-09-01 00:00:00+09:00,178.0283137947908,178.9579620361328,175.47177847134515,178.9579620361328,22500,0.0,0.0
2014-09-02 00:00:00+09:00,182.44411610208917,182.44411610208917,181.2820587158203,181.2820587158203,15300,0.0,0.0
2014-09-03 00:00:00+09:00,181.04965761457802,181.04965761457802,180.5848388671875,180.5848388671875,6900,0.0,0.0
2014-09-04 00:00:00+09:00,179.88755313648898,179.88755313648898,177.56342808933306,177.79583740234375,4500,0.0,0.0
2014-09-05 00:00:00+09:00,177.56345127564293,179.4227579395665,175.93655395507812,175.93655395507812,8700,0.0,0.0
2014-09-08 00:00:00+09:00,178.0283137947908,180.352439717656,178.0283137947908,178.9579620361328,7500,0.0,0.0
2014-09-09 00:00:00+09:00,181.28209109285064,181.51451112282913,180.12003349903796,180.35243225097656,10200,0.0,0.0
2014-09-10 00:00:00+09:00,181.28209859801842,181.28209859801842,178.9579620361328,178.9579620361328,6000,0.0,0.0
2014-09-11 00:00:00+09:00,178.9579620361328,178.9579620361328,178.9579620361328,178.9579620361328,0,0.0,0.0
2014-09-12 00:00:00+09:00,181.04964060905266,182.9089579800506,181.04964060905266,181.5144805908203,2400,0.0,0.0
2014-09-16 00:00:00+09:00,182.21173889138822,183.8386151685176,179.6551825506901,183.60621643066406,24000,0.0,0.0
2014-09-17 00:00:00+09:00,184.07100433820023,184.07100433820023,181.74686840286785,182.44410705566406,7200,0.0,0.0
2014-09-18 00:00:00+09:00,183.60620371368714,186.6275573208266,181.97930627120166,185.4654998779297,27900,0.0,0.0
2014-09-19 00:00:00+09:00,187.09242206839974,187.55724085143584,182.90898918695507,183.14138793945312,19200,0.0,0.0
2014-09-22 00:00:00+09:00,186.62754364750535,186.62754364750535,184.53582763671875,184.53582763671875,5400,0.0,0.0
2014-09-24 00:00:00+09:00,183.6062073048819,186.85998097545695,183.6062073048819,184.7682647705078,21900,0.0,0.0
2014-09-25 00:00:00+09:00,184.76827820480105,185.69793701171875,184.76827820480105,185.69793701171875,30000,0.0,0.0
2014-09-26 00:00:00+09:00,186.40394297951676,186.40394297951676,184.05035065831464,185.22715759277344,16800,3.333333,0.0
2014-09-29 00:00:00+09:00,185.69788837113666,187.81611523468575,185.69788837113666,187.58074951171875,14400,0.0,0.0
2014-09-30 00:00:00+09:00,186.8746817422955,187.3454132080078,186.16860609144587,187.3454132080078,5400,0.0,0.0
2014-10-01 00:00:00+09:00,185.46253803861748,185.46253803861748,184.5211181640625,184.5211181640625,11700,0.0,0.0
2014-10-02 00:00:00+09:00,183.81506092542526,183.81506092542526,179.34324065563726,180.04931640625,21300,0.0,0.0
2014-10-03 00:00:00+09:00,179.10787963867188,179.10787963867188,177.93108316928132,179.10787963867188,5100,0.0,0.0
2014-10-06 00:00:00+09:00,179.10790330846072,181.2261199951172,179.10790330846072,181.2261199951172,3000,0.0,0.0
2014-10-07 00:00:00+09:00,181.22607484080643,181.22607484080643,179.57856859551669,179.81393432617188,3000,0.0,0.0
2014-10-08 00:00:00+09:00,176.5189042950042,184.28573608398438,176.5189042950042,184.28573608398438,9600,0.0,0.0
2014-10-09 00:00:00+09:00,183.57971324493462,183.57971324493462,180.04933414407049,181.2261199951172,3600,0.0,0.0
2014-10-10 00:00:00+09:00,181.22607950875303,187.11005054494058,178.87249755859375,178.87249755859375,4800,0.0,0.0
2014-10-14 00:00:00+09:00,176.98963630801018,178.87249755859375,176.5189156084345,178.87249755859375,5400,0.0,0.0
2014-10-15 00:00:00+09:00,184.5211181640625,184.5211181640625,184.5211181640625,184.5211181640625,300,0.0,0.0
2014-10-16 00:00:00+09:00,176.51893171555685,182.16753753045467,175.3421352461663,179.10787963867188,2100,0.0,0.0
2014-10-17 00:00:00+09:00,176.5189355658006,182.16754150390625,174.400708339011,182.16754150390625,8100,0.0,0.0
2014-10-20 00:00:00+09:00,182.40289882971902,182.40289882971902,176.98964813148473,181.6968231201172,11700,0.0,0.0
2014-10-21 00:00:00+09:00,179.10786904166048,180.75537538224324,178.1664276123047,178.1664276123047,5700,0.0,0.0
2014-10-22 00:00:00+09:00,180.99077575354227,181.46148578441614,179.34325832389766,181.2261199951172,22800,0.0,0.0
2014-10-23 00:00:00+09:00,181.2261199951172,181.2261199951172,181.2261199951172,181.2261199951172,600,0.0,0.0
2014-10-24 00:00:00+09:00,181.22608102340018,181.22608102340018,179.81394046058995,180.75537109375,8100,0.0,0.0
2014-10-27 00:00:00+09:00,181.93215942382812,183.10896658720486,181.93215942382812,181.93215942382812,34500,0.0,0.0
2014-10-28 00:00:00+09:00,181.9321778919767,181.9321778919767,180.04931640625,180.04931640625,3300,0.0,0.0
2014-10-29 00:00:00+09:00,180.28465309759235,182.8736008449856,180.28465309759235,181.93215942382812,3600,0.0,0.0
2014-10-30 00:00:00+09:00,181.22607621967765,184.75645446777344,181.22607621967765,184.75645446777344,19500,0.0,0.0
2014-10-31 00:00:00+09:00,184.99185180664062,184.99185180664062,184.99185180664062,184.99185180664062,1800,0.0,0.0
2014-11-04 00:00:00+09:00,188.28683471679688,188.5222004517441,187.81612479462146,188.28683471679688,32400,0.0,0.0
2014-11-05 00:00:00+09:00,190.16972926525517,192.28795636766128,187.11006071253956,189.46365356445312,73200,0.0,0.0
2014-11-06 00:00:00+09:00,189.6990201004488,191.81724745224435,186.4040069580078,186.4040069580078,39300,0.0,0.0
2014-11-07 00:00:00+09:00,188.286888443836,188.286888443836,186.40402667014698,188.05154418945312,2400,0.0,0.0
2014-11-10 00:00:00+09:00,188.286888443836,188.286888443836,188.05154418945312,188.05154418945312,11700,0.0,0.0
2014-11-11 00:00:00+09:00,188.28684900955608,192.28795906878594,188.28684900955608,190.64044189453125,14400,0.0,0.0
2014-11-12 00:00:00+09:00,192.0525906181538,192.0525906181538,186.87469496303208,189.46365356445312,10200,0.0,0.0
2014-11-13 00:00:00+09:00,188.28683661182762,188.28683661182762,186.16860961914062,186.16860961914062,13500,0.0,0.0
2014-11-14 00:00:00+09:00,187.58076094759863,187.58076094759863,186.16860961914062,186.16860961914062,4200,0.0,0.0
2014-11-17 00:00:00+09:00,187.81615006396524,187.81615006396524,184.99184705548456,185.93328857421875,3300,0.0,0.0
2014-11-18 00:00:00+09:00,184.28577130336438,186.16863279311085,184.28577130336438,185.93328857421875,19800,0.0,0.0
2014-11-19 00:00:00+09:00,185.93328857421875,186.4039985597249,185.93328857421875,185.93328857421875,3000,0.0,0.0
2014-11-20 00:00:00+09:00,186.16860961914062,188.28683661182762,186.16860961914062,186.16860961914062,7800,0.0,0.0
2014-11-21 00:00:00+09:00,184.75647554161066,186.6393585205078,184.75647554161066,186.6393585205078,13200,0.0,0.0
2014-11-25 00:00:00+09:00,186.6393585205078,186.6393585205078,186.6393585205078,186.6393585205078,11700,0.0,0.0
2014-11-26 00:00:00+09:00,186.87470273207902,186.87470273207902,184.75647554161066,186.6393585205078,11400,0.0,0.0
2014-11-27 00:00:00+09:00,187.11007431184507,187.11007431184507,185.93328857421875,185.93328857421875,31500,0.0,0.0
2014-11-28 00:00:00+09:00,186.1685948388098,188.99289727149826,186.1685948388098,188.75755310058594,30000,0.0,0.0
2014-12-01 00:00:00+09:00,189.69901815334472,191.8172454833984,189.463673926265,191.81724548339844,21300,0.0,0.0
2014-12-02 00:00:00+09:00,190.6404487443509,191.81723445526072,190.16973876953125,190.16973876953125,15900,0.0,0.0
2014-12-03 00:00:00+09:00,192.75867965440756,192.75867965440756,191.34652815510788,191.58189392089844,19800,0.0,0.0
2014-12-04 00:00:00+09:00,192.05260390475772,192.05260390475772,191.58189392089844,191.58189392089844,15900,0.0,0.0
2014-12-05 00:00:00+09:00,190.64047138003698,190.87583716925369,190.16976134932762,190.4051055908203,27300,0.0,0.0
2014-12-08 00:00:00+09:00,191.34652604151105,191.5818918047018,189.93437455780986,191.1111602783203,28800,0.0,0.0
2014-12-09 00:00:00+09:00,190.16971581140632,190.16971581140632,186.40397182430203,187.3454132080078,21300,0.0,0.0
2014-12-10 00:00:00+09:00,191.3464835273679,191.3464835273679,185.46251313669697,186.87466430664062,51300,0.0,0.0
2014-12-11 00:00:00+09:00,184.05038077406107,190.1697175009366,183.57967085188565,188.28683471679688,25500,0.0,0.0
2014-12-12 00:00:00+09:00,190.40511251364393,190.64047831141815,189.46369241799667,189.9344024658203,19800,0.0,0.0
2014-12-15 00:00:00+09:00,189.9343635157477,190.64043921654974,189.46365356445312,189.46365356445312,9000,0.0,0.0
2014-12-16 00:00:00+09:00,192.75868901339445,192.75868901339445,185.9332969512942,186.4040069580078,38400,0.0,0.0
2014-12-17 00:00:00+09:00,189.9343635157477,189.9343635157477,187.11006071253956,189.46365356445312,2100,0.0,0.0
2014-12-18 00:00:00+09:00,191.58186911525982,191.58186911525982,189.2282764052582,190.87579345703125,12600,0.0,0.0
2014-12-19 00:00:00+09:00,191.346554157016,191.346554157016,189.6990366680461,189.9344024658203,6300,0.0,0.0
2014-12-22 00:00:00+09:00,190.16971104269732,191.34649658203125,190.16971104269732,191.34649658203125,25500,0.0,0.0
2014-12-24 00:00:00+09:00,192.52332126008298,192.52332126008298,191.34653548151627,191.81724548339844,15300,0.0,0.0
2014-12-25 00:00:00+09:00,192.2879379421294,192.2879379421294,190.64042094888723,191.34649658203125,24600,0.0,0.0
2014-12-26 00:00:00+09:00,190.6404275112866,194.17080579853265,190.6404275112866,193.93544006347656,57900,0.0,0.0
2014-12-29 00:00:00+09:00,193.70007557399188,198.87794882076867,193.70007557399188,197.23045349121094,49800,0.0,0.0
2014-12-30 00:00:00+09:00,197.70121184108095,198.40728759765622,196.99513608450565,198.40728759765625,19800,0.0,0.0
2015-01-05 00:00:00+09:00,198.87795058972412,199.1133163022045,197.46579941027588,198.171875,29100,0.0,0.0
2015-01-06 00:00:00+09:00,198.17186807449536,198.17186807449536,195.5829315185547,195.5829315185547,29400,0.0,0.0
2015-01-07 00:00:00+09:00,194.87685595350575,195.5829315185547,194.87685595350575,195.5829315185547,9000,0.0,0.0
2015-01-08 00:00:00+09:00,195.58293661393645,197.46579765388103,195.11222674087952,197.23045349121094,19500,0.0,0.0
2015-01-09 00:00:00+09:00,197.46581755753726,197.46581755753726,196.28903198242188,196.28903198242188,2100,0.0,0.0
2015-01-13 00:00:00+09:00,196.52442568008362,196.52442568008362,195.11227416992188,195.11227416992188,12600,0.0,0.0
2015-01-14 00:00:00+09:00,194.17080010118406,194.64151000976562,192.99401455587088,194.64151000976562,21000,0.0,0.0
2015-01-15 00:00:00+09:00,194.64154263471994,195.3476183898008,194.17083264724002,195.11227416992188,12600,0.0,0.0
2015-01-16 00:00:00+09:00,194.87688145598187,194.87688145598187,192.75865448363422,193.93544006347656,18000,0.0,0.0
2015-01-19 00:00:00+09:00,193.9354383913568,194.17080412438355,192.75865282166075,192.9940185546875,23100,0.0,0.0
2015-01-20 00:00:00+09:00,190.87579324634268,193.93544006347656,190.87579324634268,193.93544006347656,24300,0.0,0.0
2015-01-21 00:00:00+09:00,193.93546538791668,193.93546538791668,190.8758181712486,191.58189392089844,6900,0.0,0.0
2015-01-22 00:00:00+09:00,191.58190125631867,191.8172454833984,190.87582547963413,191.81724548339844,20700,0.0,0.0
2015-01-23 00:00:00+09:00,190.87579160060332,192.9940185546875,190.64042586757657,192.9940185546875,15600,0.0,0.0
2015-01-26 00:00:00+09:00,194.64151593577094,194.8768816710868,190.87579345703125,190.87579345703125,15000,0.0,0.0
2015-01-27 00:00:00+09:00,191.8172454833984,192.75868703488538,191.11116970671387,191.81724548339844,12000,0.0,0.0
2015-01-28 00:00:00+09:00,191.8172323498133,192.5233080781534,187.34543376880697,192.2879638671875,17400,0.0,0.0
2015-01-29 00:00:00+09:00,191.34650151893797,192.9940185546875,191.34650151893797,192.9940185546875,21600,0.0,0.0
2015-01-30 00:00:00+09:00,193.70012116984796,194.17083115370724,190.16974242159876,191.58189392089844,14700,0.0,0.0
2015-02-02 00:00:00+09:00,194.4061936971011,194.4061936971011,192.7586764593194,193.46475219726562,38700,0.0,0.0
2015-02-03 00:00:00+09:00,194.4061511574357,199.81939011459934,194.4061511574357,197.23045349121094,55800,0.0,0.0
2015-02-04 00:00:00+09:00,197.70122018671773,198.8780059814453,197.2305101783713,198.8780059814453,23400,0.0,0.0
2015-02-05 00:00:00+09:00,198.87800360131436,203.58518981933594,197.7012178206703,203.58518981933594,52500,0.0,0.0
2015-02-06 00:00:00+09:00,202.40836626159498,204.52659342554557,197.70120196872287,203.3498077392578,48600,0.0,0.0
2015-02-09 00:00:00+09:00,203.34982404411804,204.29126559726691,202.6437482661871,203.58518981933594,14100,0.0,0.0
2015-02-10 00:00:00+09:00,205.9387533312446,208.99842209859528,205.9387533312446,206.40948486328125,34200,0.0,0.0
2015-02-12 00:00:00+09:00,206.1740677513099,207.11550903320312,205.93870204390748,207.11550903320312,17100,0.0,0.0
2015-02-13 00:00:00+09:00,207.82163636394745,207.82163636394745,203.34981609593055,206.40948486328125,16800,0.0,0.0
2015-02-16 00:00:00+09:00,206.64478670915204,206.64478670915204,205.23263549804688,205.23263549804688,8100,0.0,0.0
2015-02-17 00:00:00+09:00,205.70339103260008,205.70339103260008,202.17301259123806,202.6437225341797,33600,0.0,0.0
2015-02-18 00:00:00+09:00,203.82052244717448,203.82052244717448,202.1730267575782,202.4083709716797,17100,0.0,0.0
2015-02-19 00:00:00+09:00,202.17302099296285,204.29124814580743,202.17302099296285,203.11444091796875,17700,0.0,0.0
2015-02-20 00:00:00+09:00,203.58519714587132,204.52661718517686,203.11446557849504,203.82054138183594,20400,0.0,0.0
2015-02-23 00:00:00+09:00,204.52659235319848,204.76195810831038,201.93765523785095,203.11444091796875,18900,0.0,0.0
2015-02-24 00:00:00+09:00,204.99734726772698,204.99734726772698,202.87911987304688,202.87911987304688,13800,0.0,0.0
2015-02-25 00:00:00+09:00,201.9376724882561,203.58518981933594,201.9376724882561,203.58518981933594,9300,0.0,0.0
2015-02-26 00:00:00+09:00,202.4083625442166,202.64372829623989,201.93765258789062,201.93765258789062,7500,0.0,0.0
2015-02-27 00:00:00+09:00,201.7022811005765,203.11443247712128,201.7022811005765,202.6437225341797,12600,0.0,0.0
2015-03-02 00:00:00+09:00,201.93766099575524,203.11444670942709,201.93766099575524,202.4083709716797,24900,0.0,0.0
2015-03-03 00:00:00+09:00,202.6437225341797,202.87908827951048,202.17301259123806,202.6437225341797,23400,0.0,0.0
2015-03-04 00:00:00+09:00,201.93765258789062,202.64372829623989,200.7608669232154,201.93765258789062,23400,0.0,0.0
2015-03-05 00:00:00+09:00,202.40838977515412,204.761982968865,202.40838977515412,203.82054138183594,22500,0.0,0.0
2015-03-06 00:00:00+09:00,203.8205340468311,205.93876138062402,203.58518981933594,203.58518981933594,12600,0.0,0.0
2015-03-09 00:00:00+09:00,203.58516773389763,204.76195338688095,203.3498019842128,204.05587768554688,7200,0.0,0.0
2015-03-10 00:00:00+09:00,204.0558739107245,204.0558739107245,202.6437225341797,202.6437225341797,2700,0.0,0.0
2015-03-11 00:00:00+09:00,202.87908753484916,203.11443173159617,199.3487091064453,199.3487091064453,33900,0.0,0.0
2015-03-12 00:00:00+09:00,199.34870802835027,202.64372069446753,199.11334228515625,199.11334228515625,28500,0.0,0.0
2015-03-13 00:00:00+09:00,200.5254917077851,202.40835299195166,200.05478177367334,201.2315673828125,13200,0.0,0.0
2015-03-16 00:00:00+09:00,204.52655989249428,206.64478670915204,202.4083330758365,205.23263549804688,40500,0.0,0.0
2015-03-17 00:00:00+09:00,205.93870204390748,207.11550903320312,205.2326264694167,207.11550903320312,35400,0.0,0.0
2015-03-18 00:00:00+09:00,207.3508912401844,211.82271121507617,207.11554703731463,209.93984985351562,68700,0.0,0.0
2015-03-19 00:00:00+09:00,209.46909423827577,209.70445996177074,205.93871612444124,206.88015747070312,30900,0.0,0.0
2015-03-20 00:00:00+09:00,207.11554422506055,208.2923298665922,205.46802708874012,206.17410278320312,24000,0.0,0.0
2015-03-23 00:00:00+09:00,206.40943632110069,209.70444853184586,206.40943632110069,208.29229736328125,60000,0.0,0.0
2015-03-24 00:00:00+09:00,208.29230871623693,208.29230871623693,206.88015747070312,206.88015747070312,41400,0.0,0.0
2015-03-25 00:00:00+09:00,208.29229736328125,208.29229736328125,207.58622177899895,208.29229736328125,21000,0.0,0.0
2015-03-26 00:00:00+09:00,208.29236322348356,208.29236322348356,207.35092163085938,207.35092163085938,23100,0.0,0.0
2015-03-27 00:00:00+09:00,211.16866558560355,211.16866558560355,205.20344176187885,206.39649963378906,23100,4.0,0.0
2015-03-30 00:00:00+09:00,206.39646638473943,206.39646638473943,202.8173370361328,202.8173370361328,19500,0.0,0.0
2015-03-31 00:00:00+09:00,203.29456073393956,206.87369032432582,201.38569890082468,204.96482849121094,10200,0.0,0.0
2015-04-01 00:00:00+09:00,204.9648492066572,204.9648492066572,198.76100939279394,201.6243133544922,26100,0.0,0.0
2015-04-02 00:00:00+09:00,204.7262400562653,204.7262400562653,198.99963194280335,201.14710998535156,19200,0.0,0.0
2015-04-03 00:00:00+09:00,200.9085160089758,203.0559942864302,200.669921875,200.669921875,15300,0.0,0.0
2015-04-06 00:00:00+09:00,201.3856908342283,202.81734261303734,201.3856908342283,202.1015167236328,6900,0.0,0.0
2015-04-07 00:00:00+09:00,202.81733149845624,203.5331573486328,202.5787155999736,203.5331573486328,13500,0.0,0.0
2015-04-08 00:00:00+09:00,203.53319933644298,208.7825754238086,203.29458338873516,205.2034454345703,10500,0.0,0.0
2015-04-09 00:00:00+09:00,204.7261907597452,205.4420166015625,204.4875748640491,205.4420166015625,16800,0.0,0.0
2015-04-10 00:00:00+09:00,206.3965033278336,206.3965033278336,205.2034454345703,205.2034454345703,9000,0.0,0.0
2015-04-13 00:00:00+09:00,205.44204048667865,205.91925048828125,202.81735270995398,205.91925048828125,9600,0.0,0.0
2015-04-14 00:00:00+09:00,203.29458535693723,206.157889376049,203.29458535693723,205.68067932128906,9300,0.0,0.0
2015-04-15 00:00:00+09:00,202.81732495439712,204.48757065406986,201.6242673457502,204.01036071777344,24900,0.0,0.0
2015-04-16 00:00:00+09:00,204.0103866520168,204.96482849121094,201.86290889778505,204.96482849121094,21300,0.0,0.0
2015-04-17 00:00:00+09:00,204.96479153735365,204.96479153735365,202.8173141702985,203.055908203125,16800,0.0,0.0
2015-04-20 00:00:00+09:00,200.43124800878215,202.81734157635844,200.43124800878215,201.86289978027344,15600,0.0,0.0
2015-04-21 00:00:00+09:00,204.01040727099925,204.01040727099925,201.3857192545344,201.6243133544922,13500,0.0,0.0
2015-04-22 00:00:00+09:00,201.1470738945278,204.0103774375104,201.1470738945278,201.86289978027344,17400,0.0,0.0
2015-04-23 00:00:00+09:00,203.77176256872835,203.77176256872835,201.62428490051482,202.1015167236328,22500,0.0,0.0
2015-04-24 00:00:00+09:00,201.62429508277313,201.62429508277313,200.4312591552734,200.43125915527344,35400,0.0,0.0
2015-04-27 00:00:00+09:00,200.90843083606984,203.055908203125,200.4312209251474,203.055908203125,26700,0.0,0.0
2015-04-28 00:00:00+09:00,203.05597023065462,203.2945861816406,202.57876017395878,203.29458618164062,5100,0.0,0.0
2015-04-30 00:00:00+09:00,203.53322624493921,203.53322624493921,200.669921875,200.669921875,22800,0.0,0.0
2015-05-01 00:00:00+09:00,200.6698740567019,200.9084681338223,199.95404813479365,200.19264221191406,21600,0.0,0.0
2015-05-07 00:00:00+09:00,200.6698750788828,200.6698750788828,200.4312591552734,200.43125915527344,6600,0.0,0.0
2015-05-08 00:00:00+09:00,200.90848736406764,202.57875529015013,199.4768353832185,201.6243133544922,14700,0.0,0.0
2015-05-11 00:00:00+09:00,202.81734173029935,207.35089111328125,202.81734173029935,207.35089111328125,56400,0.0,0.0
2015-05-12 00:00:00+09:00,206.39644505716242,210.69139983167955,205.2033875007279,208.7825164794922,49200,0.0,0.0
2015-05-13 00:00:00+09:00,209.73695908326576,212.12305236141898,205.20338840835555,211.4072265625,146400,0.0,0.0
2015-05-14 00:00:00+09:00,210.21421813964844,210.93004410589614,207.82814614900602,210.21421813964844,72600,0.0,0.0
2015-05-15 00:00:00+09:00,209.73700787110894,209.73700787110894,206.39649398085868,207.11231994628906,24300,0.0,0.0
2015-05-18 00:00:00+09:00,212.1230962607659,216.65664602863458,209.73700248880525,210.93003845214844,158100,0.0,0.0
2015-05-19 00:00:00+09:00,212.12304803163434,213.55469960024993,209.49833892565954,209.97557067871094,87900,0.0,0.0
2015-05-20 00:00:00+09:00,209.975574964662,213.55470395925698,208.30530748542776,211.4072265625,223500,0.0,0.0
2015-05-21 00:00:00+09:00,210.45278058649302,213.55469960024993,209.97557067871094,209.97557067871094,103500,0.0,0.0
2015-05-22 00:00:00+09:00,209.97563067492422,223.57632446289065,209.49839878551364,223.57632446289062,246300,0.0,0.0
2015-05-25 00:00:00+09:00,227.63258456902602,227.63258456902602,220.71294305361033,223.09901428222656,98400,0.0,0.0
2015-05-26 00:00:00+09:00,224.29211044226858,224.29211044226858,220.2357493322343,220.474365234375,17400,0.0,0.0
2015-05-27 00:00:00+09:00,219.04272715666292,219.04272715666292,215.70221354496385,217.1338653564453,55500,0.0,0.0
2015-05-28 00:00:00+09:00,217.61103927391562,220.71295829970816,217.3724233964641,217.8496551513672,27000,0.0,0.0
2015-05-29 00:00:00+09:00,219.28132976205112,219.28132976205112,216.65662037015446,218.08827209472656,29700,0.0,0.0
2015-06-01 00:00:00+09:00,218.3269012509222,218.56551716792677,215.94080761669542,217.1338653564453,22800,0.0,0.0
2015-06-02 00:00:00+09:00,218.08832358990117,218.32693954876257,217.13390344500917,217.37249755859375,34500,0.0,0.0
2015-06-03 00:00:00+09:00,217.1338653564453,217.61107534518146,216.89524943944073,217.1338653564453,21000,0.0,0.0
2015-06-04 00:00:00+09:00,218.08825894638963,218.56549072265625,217.37243312726005,218.56549072265625,13200,0.0,0.0
2015-06-05 00:00:00+09:00,218.0882782814724,220.71298774782701,217.37245239887974,219.99716186523438,28200,0.0,0.0
2015-06-08 00:00:00+09:00,221.190185546875,225.48514060603762,220.95156965072005,221.190185546875,65400,0.0,0.0
2015-06-09 00:00:00+09:00,221.1901682093419,221.90599399642713,217.8496551513672,217.8496551513672,54000,0.0,0.0
2015-06-10 00:00:00+09:00,217.84972947631658,218.565555507624,216.65667152728633,217.37249755859375,21300,0.0,0.0
2015-06-11 00:00:00+09:00,217.1338466677713,219.28132420016047,216.65661487483743,218.80409240722656,27600,0.0,0.0
2015-06-12 00:00:00+09:00,219.28137678392537,220.23579690812124,217.61110879866803,218.32693481445312,34200,0.0,0.0
2015-06-15 00:00:00+09:00,218.8040847655192,221.90600393017087,218.08825894638963,218.56549072265625,32100,0.0,0.0
2015-06-16 00:00:00+09:00,218.56555076814027,219.04276083023822,216.418072720785,218.32693481445312,41400,0.0,0.0
2015-06-17 00:00:00+09:00,218.3268876509233,220.71298113651577,218.3268876509233,220.474365234375,32700,0.0,0.0
2015-06-18 00:00:00+09:00,220.47434582392975,220.47434582392975,216.65660095214844,216.65660095214844,23100,0.0,0.0
2015-06-19 00:00:00+09:00,217.13390344500917,219.04276558006998,216.41807741370175,217.37249755859375,36900,0.0,0.0
2015-06-22 00:00:00+09:00,217.1338514813633,217.61106143960524,213.79331623785495,214.9863739013672,72300,0.0,0.0
2015-06-23 00:00:00+09:00,214.74775799961043,216.4180256213646,214.74775799961043,214.9863739013672,40200,0.0,0.0
2015-06-24 00:00:00+09:00,215.9408408134107,219.7585868460233,215.7022467049999,218.32693481445312,65400,0.0,0.0
2015-06-25 00:00:00+09:00,218.80414487655105,218.80414487655105,217.84972475235517,218.32693481445312,13800,0.0,0.0
2015-06-26 00:00:00+09:00,218.0882853339176,218.0882853339176,216.65663352243615,217.1338653564453,9300,0.0,0.0
2015-06-29 00:00:00+09:00,214.9864407064586,215.46365081298927,212.1231363767179,214.27061462402344,58800,0.0,0.0
2015-06-30 00:00:00+09:00,214.27059267672402,215.225012792026,214.03197672526042,214.747802734375,33300,0.0,0.0
2015-07-01 00:00:00+09:00,215.70221354496385,217.1338653564453,214.98638763922312,217.1338653564453,27000,0.0,0.0
2015-07-02 00:00:00+09:00,220.47436523437503,220.47436523437503,219.04271351207387,220.474365234375,57300,0.0,0.0
2015-07-03 00:00:00+09:00,219.51995285163704,220.47439474267085,219.51995285163704,220.23577880859375,12900,0.0,0.0
2015-07-06 00:00:00+09:00,219.51989968246198,220.23572546604098,217.37242233172506,217.6110382080078,29700,0.0,0.0
2015-07-07 00:00:00+09:00,219.28132391344863,221.190185546875,219.28132391344863,221.190185546875,26700,0.0,0.0
2015-07-08 00:00:00+09:00,221.19025947247073,221.42887544837524,213.7933826722144,214.27061462402344,57900,0.0,0.0
2015-07-09 00:00:00+09:00,214.2705612022974,214.7477711898505,202.8173467388387,214.5091552734375,82200,0.0,0.0
2015-07-10 00:00:00+09:00,217.13386125710912,217.13386125710912,214.98638358042982,215.70220947265625,3000,0.0,0.0
2015-07-13 00:00:00+09:00,217.84972272229692,217.84972272229692,211.6458827464531,214.747802734375,20700,0.0,0.0
2015-07-14 00:00:00+09:00,218.08828121656262,218.08828121656262,212.36167407875115,215.70220947265625,50400,0.0,0.0
2015-07-15 00:00:00+09:00,215.70221354496385,217.84969126218604,215.2249817109547,217.1338653564453,50700,0.0,0.0
2015-07-16 00:00:00+09:00,217.13389873657007,218.32693481445312,215.7022467049999,218.32693481445312,12300,0.0,0.0
2015-07-17 00:00:00+09:00,218.80412494761597,219.99718276211027,218.80412494761597,219.28135681152344,18000,0.0,0.0
2015-07-21 00:00:00+09:00,219.99715004429018,219.99715004429018,215.22496318657798,218.80409240722656,23100,0.0,0.0
2015-07-22 00:00:00+09:00,217.6110382080078,219.28130565144852,217.37242233172506,217.6110382080078,13800,0.0,0.0
2015-07-23 00:00:00+09:00,217.13391666093597,221.19025713680952,217.13391666093597,219.51998901367188,55200,0.0,0.0
2015-07-24 00:00:00+09:00,218.32688799724582,218.80409795701263,217.37244623244052,218.08827209472656,29400,0.0,0.0
2015-07-27 00:00:00+09:00,216.65662943210975,216.89524534460944,213.79332586320402,215.70220947265625,28800,0.0,0.0
2015-07-28 00:00:00+09:00,215.70222535668466,215.70222535668466,210.69144374211226,213.31613159179688,23100,0.0,0.0
2015-07-29 00:00:00+09:00,213.55473121334578,213.7933252799219,211.40725354252532,213.07749938964844,23700,0.0,0.0
2015-07-30 00:00:00+09:00,212.60030564685798,214.0319575367358,212.60030564685798,213.31613159179688,8700,0.0,0.0
2015-07-31 00:00:00+09:00,212.36167349937494,214.98638299389273,212.36167349937494,213.07749938964844,15900,0.0,0.0
2015-08-03 00:00:00+09:00,210.930021718828,215.46359297231754,209.02115995985622,213.07749938964844,51300,0.0,0.0
2015-08-04 00:00:00+09:00,215.46356523702227,217.13383271441467,214.98635532002575,216.65660095214844,23100,0.0,0.0
2015-08-05 00:00:00+09:00,215.22500144909844,216.41805929826288,214.74779141659766,216.179443359375,7200,0.0,0.0
2015-08-06 00:00:00+09:00,216.1794235337,217.1338653564453,215.94080761669542,217.1338653564453,20400,0.0,0.0
2015-08-07 00:00:00+09:00,217.37247236276224,217.37247236276224,211.64586477607895,213.55474853515625,33300,0.0,0.0
2015-08-10 00:00:00+09:00,212.12310791015625,214.74779591176377,211.64587602239092,212.12310791015625,30000,0.0,0.0
2015-08-11 00:00:00+09:00,213.55475988290135,213.55475988290135,211.64587602239092,212.12310791015625,15300,0.0,0.0
2015-08-12 00:00:00+09:00,211.64587007214385,212.36169603839153,209.02118214432724,210.21421813964844,29400,0.0,0.0
2015-08-13 00:00:00+09:00,209.97556961066354,209.97556961066354,207.58947639335136,209.73695373535156,29700,0.0,0.0
2015-08-14 00:00:00+09:00,207.82814591171947,208.0667400033464,206.87370400938732,207.11231994628906,20100,0.0,0.0
2015-08-17 00:00:00+09:00,208.7825285781512,208.7825285781512,205.20339939198135,207.58949279785156,64800,0.0,0.0
2015-08-18 00:00:00+09:00,207.58953291116302,208.30535888671875,205.9192650197746,208.30535888671875,19200,0.0,0.0
2015-08-19 00:00:00+09:00,206.87370967538786,208.06674570202264,205.20344176187885,206.39649963378906,31800,0.0,0.0
2015-08-20 00:00:00+09:00,206.873676349463,206.873676349463,200.90845348669467,202.8173370361328,62100,0.0,0.0
2015-08-21 00:00:00+09:00,198.28376215653455,200.6698556254943,194.46601697525327,198.9995880126953,63000,0.0,0.0
2015-08-24 00:00:00+09:00,191.84134370663912,193.27299552534538,182.53560688504842,185.39891052246094,78300,0.0,0.0
2015-08-25 00:00:00+09:00,174.66155154593258,195.4205064427852,174.66155154593258,194.466064453125,98100,0.0,0.0
2015-08-26 00:00:00+09:00,194.46603239309525,196.61351013183594,189.69386692209585,196.61351013183594,34800,0.0,0.0
2015-08-27 00:00:00+09:00,198.04514593220836,203.77175277213024,198.04514593220836,201.38568115234375,36000,0.0,0.0
2015-08-28 00:00:00+09:00,202.81734870919345,204.4875946044922,202.57873279046228,204.4875946044922,31200,0.0,0.0
2015-08-31 00:00:00+09:00,203.05593521599712,204.24899291992188,200.43124758885293,204.24899291992188,11700,0.0,0.0
2015-09-01 00:00:00+09:00,203.77174312132496,203.77174312132496,197.32931073153196,198.28375244140625,18000,0.0,0.0
2015-09-02 00:00:00+09:00,196.61351677233074,197.80657456433028,195.65909675305988,196.1363067626953,26400,0.0,0.0
2015-09-03 00:00:00+09:00,203.29452408122094,204.24896574833525,201.86287250318418,203.055908203125,28200,0.0,0.0
2015-09-04 00:00:00+09:00,203.05591730023684,203.05591730023684,195.89765908935576,198.28375244140625,25500,0.0,0.0
2015-09-07 00:00:00+09:00,195.89766724111377,195.89766724111377,193.27297973632812,193.27297973632812,4200,0.0,0.0
2015-09-08 00:00:00+09:00,195.65907318766955,195.65907318766955,193.27297973632812,193.27297973632812,7500,0.0,0.0
2015-09-09 00:00:00+09:00,197.32934270942087,197.80657456433028,193.98882895142492,196.1363067626953,12000,0.0,0.0
2015-09-10 00:00:00+09:00,195.8976593017578,195.8976593017578,194.94323943611911,195.8976593017578,14400,0.0,0.0
2015-09-11 00:00:00+09:00,196.85212852476675,200.19264221191406,195.8976866804646,200.19264221191406,12300,0.0,0.0
2015-09-14 00:00:00+09:00,200.19262215096123,204.01036730032678,200.19262215096123,203.5331573486328,5400,0.0,0.0
2015-09-15 00:00:00+09:00,203.5331604689021,205.20340624807235,203.29454456676137,204.7261962890625,9600,0.0,0.0
2015-09-16 00:00:00+09:00,204.72621456163796,205.91925048828125,203.29456271155658,205.91925048828125,5400,0.0,0.0
2015-09-17 00:00:00+09:00,203.77176168183638,207.35089111328125,203.77176168183638,207.35089111328125,15300,0.0,0.0
2015-09-18 00:00:00+09:00,206.87369233676006,206.87369233676006,205.91925048828125,205.91925048828125,19200,0.0,0.0
2015-09-24 00:00:00+09:00,195.18190726909737,201.14713198823029,195.18190726909737,200.669921875,15000,0.0,0.0
2015-09-25 00:00:00+09:00,204.24905233742402,204.4876464713998,197.56800152580627,200.669921875,15300,0.0,0.0
2015-09-28 00:00:00+09:00,203.33258056640625,203.5746505494828,203.33258056640625,203.33258056640625,4800,4.0,0.0
2015-09-29 00:00:00+09:00,203.09046740470248,203.09046740470248,195.82859107126274,197.76510620117188,6000,0.0,0.0
2015-09-30 00:00:00+09:00,197.76512975012042,200.6698806293805,197.76512975012042,200.4278106689453,8100,0.0,0.0
2015-10-01 00:00:00+09:00,203.33258056640625,203.33258056640625,203.33258056640625,203.33258056640625,300,0.0,0.0
2015-10-02 00:00:00+09:00,206.72141985632197,207.93174743652344,203.09048143869637,207.93174743652344,15300,0.0,0.0
2015-10-05 00:00:00+09:00,207.2055952201439,207.93178302796977,204.05877399906745,205.7532196044922,8100,0.0,0.0
2015-10-06 00:00:00+09:00,204.5428924560547,204.5428924560547,204.5428924560547,204.5428924560547,300,0.0,0.0
2015-10-07 00:00:00+09:00,204.5428924560547,205.7532202472073,204.5428924560547,204.5428924560547,3000,0.0,0.0
2015-10-08 00:00:00+09:00,204.5428924560547,204.5428924560547,204.5428924560547,204.5428924560547,300,0.0,0.0
2015-10-09 00:00:00+09:00,204.54285680574662,207.93174743652344,202.36429375517125,207.93174743652344,15600,0.0,0.0
2015-10-13 00:00:00+09:00,205.75316967199564,206.47935730358915,204.784912109375,204.784912109375,5700,0.0,0.0
2015-10-14 00:00:00+09:00,204.78489674916793,204.78489674916793,202.84840393066406,202.84840393066406,1200,0.0,0.0
2015-10-15 00:00:00+09:00,202.84841500923594,205.7531654763778,202.36427515705407,203.816650390625,26400,0.0,0.0
2015-10-16 00:00:00+09:00,203.81669299305943,207.4476318359375,203.81669299305943,207.4476318359375,5400,0.0,0.0
2015-10-19 00:00:00+09:00,207.20559586739583,207.20559586739583,203.81670464596044,204.5428924560547,2700,0.0,0.0
2015-10-20 00:00:00+09:00,207.44758815023823,207.44758815023823,205.0269775390625,205.0269775390625,1500,0.0,0.0
2015-10-21 00:00:00+09:00,204.5428421783479,205.02698204040212,204.5428421783479,204.784912109375,2400,0.0,0.0
2015-10-22 00:00:00+09:00,205.02703243711304,205.02703243711304,199.701647775924,204.5428924560547,18900,0.0,0.0
2015-10-23 00:00:00+09:00,204.78487941711072,206.4793243408203,204.78487941711072,206.4793243408203,23100,0.0,0.0
2015-10-26 00:00:00+09:00,210.59443930101236,210.59443930101236,208.89999389648438,208.89999389648438,12900,0.0,0.0
2015-10-27 00:00:00+09:00,208.89999152241734,210.3523669493669,208.17380380894255,208.65794372558594,2700,0.0,0.0
2015-10-28 00:00:00+09:00,208.65791768591836,210.3523406982422,208.65791768591836,210.3523406982422,10800,0.0,0.0
2015-10-29 00:00:00+09:00,213.74124853675997,213.98329632319206,211.5626854899351,211.8047332763672,3000,0.0,0.0
2015-10-30 00:00:00+09:00,206.2373103700835,212.53092982519962,206.2373103700835,210.5944366455078,3900,0.0,0.0
2015-11-02 00:00:00+09:00,214.22537302228503,214.22537302228503,210.5944344964836,211.07855224609375,19500,0.0,0.0
2015-11-04 00:00:00+09:00,213.98333335633774,213.98333335633774,211.80476993247854,212.28890991210938,12300,0.0,0.0
2015-11-05 00:00:00+09:00,212.53093575404733,213.01507568359375,212.53093575404733,213.01507568359375,11400,0.0,0.0
2015-11-06 00:00:00+09:00,213.74129345014416,214.95159912109375,213.0151056152756,214.95159912109375,30600,0.0,0.0
2015-11-09 00:00:00+09:00,214.95154013409712,216.88803310850292,214.95154013409712,216.40391540527344,15000,0.0,0.0
2015-11-10 00:00:00+09:00,215.1936359069611,216.888059152475,215.1936359069611,216.64601135253906,22200,0.0,0.0
2015-11-11 00:00:00+09:00,217.130105082194,217.85629272460938,216.88803514755952,217.85629272460938,18300,0.0,0.0
2015-11-12 00:00:00+09:00,217.85631059281576,217.85631059281576,215.43567753239896,216.161865234375,24900,0.0,0.0
2015-11-13 00:00:00+09:00,214.95156891730676,214.95156891730676,212.288887950765,213.01507568359375,13500,0.0,0.0
2015-11-16 00:00:00+09:00,213.01507568359375,213.01507568359375,209.62618482273237,213.01507568359375,22200,0.0,0.0
2015-11-17 00:00:00+09:00,213.01509500994638,215.67777621806687,213.01509500994638,214.7095184326172,12000,0.0,0.0
2015-11-18 00:00:00+09:00,214.70950991345532,214.70950991345532,213.74127432791582,213.9833221435547,3000,0.0,0.0
2015-11-19 00:00:00+09:00,216.64602540751832,216.64602540751832,213.25713437365405,213.9833221435547,84900,0.0,0.0
2015-11-20 00:00:00+09:00,216.1618854532566,216.1618854532566,213.9833221435547,213.9833221435547,600,0.0,0.0
2015-11-24 00:00:00+09:00,213.98333063390317,215.9198462048025,213.01509500994638,214.7095184326172,17400,0.0,0.0
2015-11-25 00:00:00+09:00,217.85631683669047,217.85631683669047,214.22537822274563,216.64601135253906,13800,0.0,0.0
2015-11-26 00:00:00+09:00,217.61422729492188,217.8562972345676,217.61422729492188,217.61422729492188,1500,0.0,0.0
2015-11-27 00:00:00+09:00,217.85629272460938,217.85629272460938,217.3721750168285,217.85629272460938,9300,0.0,0.0
2015-11-30 00:00:00+09:00,217.85628647900825,218.09835640670298,215.43565368652344,215.43565368652344,6600,0.0,0.0
2015-12-01 00:00:00+09:00,218.098386798117,218.098386798117,215.43568370689707,216.64601135253906,5100,0.0,0.0
2015-12-02 00:00:00+09:00,217.61422729492188,217.61422729492188,214.70947666512765,217.61422729492188,6900,0.0,0.0
2015-12-03 00:00:00+09:00,218.3404169501647,221.48723754839776,217.6142292860716,219.0666046142578,58500,0.0,0.0
2015-12-04 00:00:00+09:00,215.91979973199778,219.06659807480563,215.91979973199778,217.85629272460938,5100,0.0,0.0
2015-12-07 00:00:00+09:00,219.3086699540844,223.42372591043093,218.0983645931562,221.2451629638672,34200,0.0,0.0
2015-12-08 00:00:00+09:00,219.0666127677745,221.00312805175778,219.0666127677745,221.0031280517578,5100,0.0,0.0
2015-12-09 00:00:00+09:00,219.0666108349528,221.24517388909538,218.58249309897315,219.55075073242188,13500,0.0,0.0
2015-12-10 00:00:00+09:00,223.90787665319368,223.90787665319368,217.8563052318135,221.48724365234375,28800,0.0,0.0
2015-12-11 00:00:00+09:00,221.48724365234375,221.72931360087554,220.27693823266347,221.48724365234375,12000,0.0,0.0
2015-12-14 00:00:00+09:00,219.79282052985653,221.4872660177023,217.85632723052683,218.8245849609375,22500,0.0,0.0
2015-12-15 00:00:00+09:00,218.58249097767444,221.0031239570598,217.85630330000774,220.0348663330078,10800,0.0,0.0
2015-12-16 00:00:00+09:00,220.27692753971994,221.2451629638672,220.27692753971994,221.2451629638672,15600,0.0,0.0
2015-12-17 00:00:00+09:00,223.90787180332188,225.602294921875,222.93961419165663,225.602294921875,48900,0.0,0.0
2015-12-18 00:00:00+09:00,226.0864514826353,229.23325017002256,225.60231156035223,228.2650146484375,28800,0.0,0.0
2015-12-21 00:00:00+09:00,228.2650146484375,230.4435778142397,226.3284992822863,228.2650146484375,19200,0.0,0.0
2015-12-22 00:00:00+09:00,228.2650372867216,228.5070851103778,224.14995834665348,226.32852172851562,12600,0.0,0.0
2015-12-24 00:00:00+09:00,227.53884887695312,227.53884887695312,225.11821551649328,227.53884887695312,20700,0.0,0.0
2015-12-25 00:00:00+09:00,227.53884887695312,227.53884887695312,227.53884887695312,227.53884887695312,0,0.0,0.0
2015-12-28 00:00:00+09:00,229.95948634559423,229.95948634559423,228.50711059570312,228.50711059570312,3000,0.0,0.0
2015-12-29 00:00:00+09:00,229.7173705923627,229.7173705923627,225.11817469002722,227.29673767089844,2700,0.0,0.0
2015-12-30 00:00:00+09:00,229.95948634559423,230.44362636988808,227.53887487010584,228.50711059570312,4200,0.0,0.0
2016-01-04 00:00:00+09:00,226.57059171366456,226.57059171366456,225.36028611090538,226.32852172851562,9900,0.0,0.0
2016-01-05 00:00:00+09:00,224.8761047494342,228.26499527178188,223.90786931003942,227.29673767089844,15600,0.0,0.0
2016-01-06 00:00:00+09:00,225.36028611090538,227.29677950761862,225.11821612575645,226.32852172851562,4200,0.0,0.0
2016-01-07 00:00:00+09:00,227.05469236765433,227.05469236765433,224.63408134502203,224.87612915039062,11100,0.0,0.0
2016-01-08 00:00:00+09:00,222.45553433303232,227.53884887695312,219.06664319608998,227.53884887695312,38700,0.0,0.0
2016-01-12 00:00:00+09:00,225.84437584642976,226.32849359505727,220.27694417199834,223.9078826904297,44700,0.0,0.0
2016-01-13 00:00:00+09:00,221.7293195793709,225.602305891371,221.7293195793709,223.9078826904297,14400,0.0,0.0
2016-01-14 00:00:00+09:00,223.6658438530248,223.6658438530248,218.82459920873842,222.6975860595703,10200,0.0,0.0
2016-01-15 00:00:00+09:00,223.9079138417617,223.9079138417617,220.27697481817364,222.6975860595703,7800,0.0,0.0
2016-01-18 00:00:00+09:00,219.06661627902886,220.03487393654,208.173800737616,214.22537231445312,14400,0.0,0.0
2016-01-19 00:00:00+09:00,214.22536779449783,214.46743774414065,214.22536779449783,214.46743774414062,1800,0.0,0.0
2016-01-20 00:00:00+09:00,213.0150811331054,213.0150811331054,209.6261901855469,209.62619018554688,9300,0.0,0.0
2016-01-21 00:00:00+09:00,208.17383085624962,209.62620647190133,205.7532196044922,205.7532196044922,9900,0.0,0.0
2016-01-22 00:00:00+09:00,206.23728453346115,215.43565368652344,206.23728453346115,215.43565368652344,10800,0.0,0.0
2016-01-25 00:00:00+09:00,220.03486929400964,220.03486929400964,213.49918010705883,214.46743774414062,21600,0.0,0.0
2016-01-26 00:00:00+09:00,214.22537231445312,214.22537231445312,214.22537231445312,214.22537231445312,900,0.0,0.0
2016-01-27 00:00:00+09:00,214.22537231445312,214.46744226920342,211.56269145815997,214.22537231445312,13800,0.0,0.0
2016-01-28 00:00:00+09:00,214.22535451253256,217.85629272460938,214.22535451253256,217.85629272460938,9300,0.0,0.0
2016-01-29 00:00:00+09:00,217.85629922793223,219.0666046142578,216.40392389974602,219.0666046142578,17100,0.0,0.0
2016-02-01 00:00:00+09:00,225.3602315750814,228.26498204796545,217.8562854663019,226.81260681152344,114300,0.0,0.0
2016-02-02 00:00:00+09:00,226.57055253354028,227.53881014520556,225.602294921875,225.602294921875,23100,0.0,0.0
2016-02-03 00:00:00+09:00,225.11818814274346,225.11818814274346,220.27694417199834,223.9078826904297,35400,0.0,0.0
2016-02-04 00:00:00+09:00,222.45550147127867,222.45550147127867,219.55075073242188,219.55075073242188,11700,0.0,0.0
2016-02-05 00:00:00+09:00,219.30868553013158,220.03487323056248,216.64600468238157,217.3721923828125,10800,0.0,0.0
2016-02-08 00:00:00+09:00,216.64604868777877,217.3722365357138,213.01510944810366,215.91986083984375,18300,0.0,0.0
2016-02-09 00:00:00+09:00,212.28890597316214,212.53095379699326,208.41589701544376,211.32064819335938,27300,0.0,0.0
2016-02-10 00:00:00+09:00,210.35241082360636,210.35241082360636,203.33260218302408,209.14210510253906,53700,0.0,0.0
2016-02-12 00:00:00+09:00,196.31270931257154,199.94364707937936,196.31270931257154,198.49127197265625,36300,0.0,0.0
2016-02-15 00:00:00+09:00,200.9119467696738,210.35238798909148,200.9119467696738,205.26907348632812,9600,0.0,0.0
2016-02-16 00:00:00+09:00,205.26904448927172,207.93174743652344,205.26904448927172,207.93174743652344,2100,0.0,0.0
2016-02-17 00:00:00+09:00,207.9317717893159,212.04682842408042,205.26906853021066,207.4476318359375,41100,0.0,0.0
2016-02-18 00:00:00+09:00,211.320598249204,211.320598249204,208.89996545254317,210.3523406982422,5100,0.0,0.0
2016-02-19 00:00:00+09:00,209.3841564980647,212.7730255126953,208.17382872309503,212.7730255126953,6000,0.0,0.0
2016-02-22 00:00:00+09:00,209.3841311783867,212.77299978321994,209.3841311783867,210.5944366455078,9600,0.0,0.0
2016-02-23 00:00:00+09:00,213.01511141548855,214.22541711939368,210.8365478515625,210.8365478515625,1500,0.0,0.0
2016-02-24 00:00:00+09:00,208.65793045157773,212.28886878796544,208.41586050865558,210.1103057861328,10500,0.0,0.0
2016-02-25 00:00:00+09:00,214.95156673509248,214.95156673509248,213.015073521039,213.4991912841797,8700,0.0,0.0
2016-02-26 00:00:00+09:00,213.49918723483725,213.7412571925617,212.5309295654297,212.5309295654297,2400,0.0,0.0
2016-02-29 00:00:00+09:00,215.1936348012572,215.1936348012572,212.04681396484375,212.04681396484375,16500,0.0,0.0
2016-03-01 00:00:00+09:00,212.0467831367078,215.43565127912746,211.3205955232259,215.193603515625,5100,0.0,0.0
2016-03-02 00:00:00+09:00,217.6142141195731,217.6142141195731,210.35233798475434,215.193603515625,27300,0.0,0.0
2016-03-03 00:00:00+09:00,216.4039220328283,218.58248500631314,215.19361665694402,215.677734375,16500,0.0,0.0
2016-03-04 00:00:00+09:00,216.64600080645758,216.8880485946109,212.77299241961987,214.46743774414062,7500,0.0,0.0
2016-03-07 00:00:00+09:00,214.7095184326172,214.95158841935282,214.46747060737442,214.7095184326172,3000,0.0,0.0
2016-03-08 00:00:00+09:00,214.7095184326172,214.7095184326172,214.7095184326172,214.7095184326172,12900,0.0,0.0
2016-03-09 00:00:00+09:00,213.98329632319206,213.98329632319206,211.8047332763672,211.8047332763672,600,0.0,0.0
2016-03-10 00:00:00+09:00,211.8047392514203,214.22537231445312,211.8047392514203,214.22537231445312,1500,0.0,0.0
2016-03-11 00:00:00+09:00,214.22539212068557,214.22539212068557,213.9833221435547,213.9833221435547,900,0.0,0.0
2016-03-14 00:00:00+09:00,217.3722033012252,220.0348842827193,214.95157012437267,218.34043884277344,12900,0.0,0.0
2016-03-15 00:00:00+09:00,221.97137451171875,221.97137451171875,221.97137451171875,221.97137451171875,1200,0.0,0.0
2016-03-16 00:00:00+09:00,222.4555144374066,222.4555144374066,220.27695125628344,221.97137451171875,3900,0.0,0.0
2016-03-17 00:00:00+09:00,222.45554600678025,226.32853299296664,222.45554600678025,224.6341094970703,17700,0.0,0.0
2016-03-18 00:00:00+09:00,226.57056331327874,227.29675101620592,222.93962479864288,225.84437561035156,11400,0.0,0.0
2016-03-22 00:00:00+09:00,225.60231156035223,228.2650146484375,225.1181937995597,228.2650146484375,5700,0.0,0.0
2016-03-23 00:00:00+09:00,228.2650366689418,228.2650366689418,227.53884887695312,227.53884887695312,21600,0.0,0.0
2016-03-24 00:00:00+09:00,227.78084460833742,227.78084460833742,220.51896834918224,227.05465698242188,10800,0.0,0.0
2016-03-25 00:00:00+09:00,227.53884887695312,227.53884887695312,227.05470890796556,227.53884887695312,20100,0.0,0.0
2016-03-28 00:00:00+09:00,226.32852172851562,226.81266169881349,225.60233393456159,226.32852172851562,5400,0.0,0.0
2016-03-29 00:00:00+09:00,230.5427469914642,230.5427469914642,227.32009887695312,227.32009887695312,6600,7.333333,0.0
2016-03-30 00:00:00+09:00,228.06378300415685,228.06378300415685,227.81590270996094,227.81590270996094,6300,0.0,0.0
2016-03-31 00:00:00+09:00,227.32007997976308,231.53431701660153,226.82429673240065,231.53431701660156,17100,0.0,0.0
2016-04-01 00:00:00+09:00,231.03850935391137,231.03850935391137,226.57639207435832,226.8242950439453,11100,0.0,0.0
2016-04-04 00:00:00+09:00,229.55113152094668,229.55113152094668,226.32850646972656,226.32850646972656,12000,0.0,0.0
2016-04-05 00:00:00+09:00,226.32847919694885,226.32847919694885,223.60161501081168,225.5847930908203,9900,0.0,0.0
2016-04-06 00:00:00+09:00,228.06374372290418,228.06374372290418,224.59321594238284,224.5932159423828,5100,0.0,0.0
2016-04-07 00:00:00+09:00,225.5848324790155,225.5848324790155,223.60165405273435,223.60165405273438,2400,0.0,0.0
2016-04-08 00:00:00+09:00,223.3537531740265,225.58481167622375,223.10585021972656,223.10585021972656,5700,0.0,0.0
2016-04-11 00:00:00+09:00,223.10588062959565,223.10588062959565,216.9084874913834,218.14797973632812,6300,0.0,0.0
2016-04-12 00:00:00+09:00,219.38744776957745,220.62691731045237,219.38744776957745,220.13113403320312,2100,0.0,0.0
2016-04-13 00:00:00+09:00,220.131142742278,221.86641832455874,219.38745644922977,219.88323974609375,5400,0.0,0.0
2016-04-14 00:00:00+09:00,219.6353663478073,220.6269329726968,218.3958740234375,218.3958740234375,9900,0.0,0.0
2016-04-15 00:00:00+09:00,218.64377971550707,221.12274169921875,218.64377971550707,221.12274169921875,16800,0.0,0.0
2016-04-18 00:00:00+09:00,227.81587886121326,227.81587886121326,220.8748001357748,226.32850646972656,16200,0.0,0.0
2016-04-19 00:00:00+09:00,226.32847919694885,226.5763594353258,223.84951794468748,225.5847930908203,9600,0.0,0.0
2016-04-20 00:00:00+09:00,225.08901643407808,228.06376124464077,225.08901643407808,225.83270263671875,7200,0.0,0.0
2016-04-21 00:00:00+09:00,226.08056980181132,227.32003904476923,226.08056980181132,227.07215881347656,7800,0.0,0.0
2016-04-22 00:00:00+09:00,227.0722031714818,229.05535888671875,227.0722031714818,229.05535888671875,2700,0.0,0.0
2016-04-25 00:00:00+09:00,230.54269397748638,230.54269397748638,228.80741882324222,228.8074188232422,16500,0.0,0.0
2016-04-26 00:00:00+09:00,227.8159048610343,227.8159048610343,226.08062930775847,227.32009887695312,6900,0.0,0.0
2016-04-27 00:00:00+09:00,229.3032817198313,240.45857613816625,229.3032817198313,237.9796142578125,83700,0.0,0.0
2016-04-28 00:00:00+09:00,242.93748746662493,246.65591851302992,237.48380372889895,238.97117614746094,83100,0.0,0.0
2016-05-02 00:00:00+09:00,238.7232786534053,238.7232786534053,237.4838091746818,237.731689453125,12000,0.0,0.0
2016-05-06 00:00:00+09:00,238.97115432856836,240.45852661132812,237.9795652415619,240.45852661132812,7500,0.0,0.0
2016-05-09 00:00:00+09:00,239.2190822969954,244.17700602551125,234.26118126398399,235.00486755371094,52200,0.0,0.0
2016-05-10 00:00:00+09:00,235.25277207627659,238.4753975556814,235.25277207627659,237.9796142578125,9300,0.0,0.0
2016-05-11 00:00:00+09:00,239.96277014479273,240.21067314147948,235.50065237745875,237.9796142578125,8700,0.0,0.0
2016-05-12 00:00:00+09:00,240.21067314147948,240.21067314147948,237.9796142578125,237.9796142578125,2100,0.0,0.0
2016-05-13 00:00:00+09:00,237.97960239518028,237.97960239518028,235.500640638396,237.2359161376953,21900,0.0,0.0
2016-05-16 00:00:00+09:00,237.73168672529,239.21905916089244,224.8411407470703,224.8411407470703,34800,0.0,0.0
2016-05-17 00:00:00+09:00,257.81119348150787,262.76911632427755,248.6390793438348,251.3659210205078,163800,0.0,0.0
2016-05-18 00:00:00+09:00,258.8027867424986,280.1217826829398,254.0927667749299,259.0506896972656,190500,0.0,0.0
2016-05-19 00:00:00+09:00,260.2902057485706,265.2481068643275,252.1096564250441,255.58018493652344,47400,0.0,0.0
2016-05-20 00:00:00+09:00,255.5801691845548,267.4791492854148,253.10123012721124,265.743896484375,94200,0.0,0.0
2016-05-23 00:00:00+09:00,270.2059563777094,276.15544515890304,264.00856466546657,268.2227783203125,115200,0.0,0.0
2016-05-24 00:00:00+09:00,271.44546605393134,271.94124929434196,261.2817621047505,262.7691345214844,37500,0.0,0.0
2016-05-25 00:00:00+09:00,262.7691345214844,270.94968281352067,260.5380758963836,262.7691345214844,46500,0.0,0.0
2016-05-26 00:00:00+09:00,268.47070848233153,275.16388404006284,262.02543588079436,268.96649169921875,71700,0.0,0.0
2016-05-27 00:00:00+09:00,272.43704230393183,272.684922564625,268.96649169921875,268.96649169921875,13200,0.0,0.0
2016-05-30 00:00:00+09:00,270.2059563777094,272.43701467065705,265.9917200273649,268.2227783203125,18600,0.0,0.0
2016-05-31 00:00:00+09:00,269.9581343856567,276.40340826587584,268.22285873903775,273.9244689941406,45300,0.0,0.0
2016-06-01 00:00:00+09:00,272.6849724019241,301.19295514547025,272.6849724019241,291.2771301269531,146700,0.0,0.0
2016-06-02 00:00:00+09:00,285.0797222163266,285.8234084284601,277.14705415656834,279.37811279296875,59400,0.0,0.0
2016-06-03 00:00:00+09:00,279.8739270822831,287.31078942551915,279.8739270822831,282.60076904296875,18600,0.0,0.0
2016-06-06 00:00:00+09:00,282.10503445927986,286.8150329589844,280.8655420578784,286.8150329589844,43500,0.0,0.0
2016-06-07 00:00:00+09:00,285.07974598812393,300.69715774520756,285.07974598812393,294.2518615722656,87000,0.0,0.0
2016-06-08 00:00:00+09:00,292.5166269616184,300.44927348177737,291.27713463044904,295.24346923828125,52500,0.0,0.0
2016-06-09 00:00:00+09:00,297.97031151494406,299.2098038461134,295.24346923828125,295.24346923828125,21600,0.0,0.0
2016-06-10 00:00:00+09:00,297.22662519444464,297.22662519444464,294.7476859231167,295.24346923828125,25200,0.0,0.0
2016-06-13 00:00:00+09:00,295.2434510393722,295.2434510393722,280.36972554620485,287.5586853027344,76200,0.0,0.0
2016-06-14 00:00:00+09:00,286.31910912379465,286.31910912379465,270.20592007160343,273.1806640625,52800,0.0,0.0
2016-06-15 00:00:00+09:00,265.74388334527816,276.40337069492904,264.25651090621034,275.41180419921875,16500,0.0,0.0
2016-06-16 00:00:00+09:00,279.8739302636632,279.8739302636632,266.4875778936732,268.4707336425781,29400,0.0,0.0
2016-06-17 00:00:00+09:00,268.7186279296875,271.4454698331637,265.0001968360825,268.7186279296875,8400,0.0,0.0
2016-06-20 00:00:00+09:00,274.9159484866033,280.12175108091094,269.9580488190955,279.8738708496094,16800,0.0,0.0
2016-06-21 00:00:00+09:00,279.87394400722536,279.87394400722536,275.4118263314441,278.8823547363281,11100,0.0,0.0
2016-06-22 00:00:00+09:00,277.89075725832765,283.84024731699304,275.6596984863281,275.6596984863281,24300,0.0,0.0
2016-06-23 00:00:00+09:00,275.41187562992985,277.6429348671781,273.92450280509763,276.4034423828125,5400,0.0,0.0
2016-06-24 00:00:00+09:00,278.882300335428,278.882300335428,253.1011885806972,256.57171630859375,59400,0.0,0.0
2016-06-27 00:00:00+09:00,264.50440623575287,264.50440623575287,257.56334958874487,260.2901916503906,20400,0.0,0.0
2016-06-28 00:00:00+09:00,264.0085873907446,267.72701819906496,264.0085873907446,266.487548828125,10800,0.0,0.0
2016-06-29 00:00:00+09:00,266.487548828125,269.71017373166893,266.487548828125,266.487548828125,3300,0.0,0.0
2016-06-30 00:00:00+09:00,273.9243770324037,273.9243770324037,270.2059466776448,270.4538269042969,7500,0.0,0.0
2016-07-01 00:00:00+09:00,268.4707255324893,271.9412536621094,265.4959806512429,271.9412536621094,18600,0.0,0.0
2016-07-04 00:00:00+09:00,279.37811557306463,279.37811557306463,275.41180419921875,275.41180419921875,23700,0.0,0.0
2016-07-05 00:00:00+09:00,277.14707943472166,277.14707943472166,272.1891784667969,272.1891784667969,8100,0.0,0.0
2016-07-06 00:00:00+09:00,270.20600571365543,272.1891614376511,268.9665135275933,269.21441650390625,10800,0.0,0.0
2016-07-07 00:00:00+09:00,274.6681211207055,274.6681211207055,267.9749450683594,267.9749450683594,9300,0.0,0.0
2016-07-08 00:00:00+09:00,267.4791492854148,267.4791492854148,265.743896484375,265.743896484375,8400,0.0,0.0
2016-07-11 00:00:00+09:00,265.743896484375,265.743896484375,265.743896484375,265.743896484375,0,0.0,0.0
2016-07-12 00:00:00+09:00,287.8065815405729,288.054484524811,277.64287692386006,282.3528747558594,50400,0.0,0.0
2016-07-13 00:00:00+09:00,282.6007670908986,286.0712952619351,281.3612976074219,281.3612976074219,9000,0.0,0.0
2016-07-14 00:00:00+09:00,287.5586507345883,287.5586507345883,285.0797119140625,285.0797119140625,17700,0.0,0.0
2016-07-15 00:00:00+09:00,285.07972875335474,287.5586677203083,281.3612976074219,281.3612976074219,18300,0.0,0.0
2016-07-19 00:00:00+09:00,281.609176479698,290.03762793353224,281.609176479698,283.3444519042969,11100,0.0,0.0
2016-07-20 00:00:00+09:00,283.09653362304033,287.0628675095834,283.09653362304033,285.0797119140625,5100,0.0,0.0
2016-07-21 00:00:00+09:00,285.32757568359375,287.0628509140439,285.0796954331723,285.32757568359375,16200,0.0,0.0
2016-07-22 00:00:00+09:00,285.0797119140625,285.0797119140625,283.09653362304033,285.0797119140625,8700,0.0,0.0
2016-07-25 00:00:00+09:00,285.07974618420917,289.04605785205115,285.07974618420917,287.5586853027344,16800,0.0,0.0
2016-07-26 00:00:00+09:00,287.55863411038683,287.8065370563083,284.8317924872508,285.32757568359375,9000,0.0,0.0
2016-07-27 00:00:00+09:00,285.32762647875927,292.5166089307928,285.32762647875927,287.5586853027344,23700,0.0,0.0
2016-07-28 00:00:00+09:00,287.5587002008047,289.2939758300781,287.5587002008047,289.2939758300781,1800,0.0,0.0
2016-07-29 00:00:00+09:00,289.2939253794996,294.9955118877931,285.5754944620253,293.75604248046875,27600,0.0,0.0
2016-08-01 00:00:00+09:00,282.60074500390743,282.60074500390743,253.10120111691214,262.2733154296875,89700,0.0,0.0
2016-08-02 00:00:00+09:00,264.7523783503643,270.70186999868713,264.7523783503643,266.73553466796875,27600,0.0,0.0
2016-08-03 00:00:00+09:00,259.2985357871063,266.2396133464057,253.59695014280544,256.32379150390625,20100,0.0,0.0
2016-08-04 00:00:00+09:00,256.3238260611842,266.23964924052336,256.3238260611842,262.2733154296875,9000,0.0,0.0
2016-08-05 00:00:00+09:00,261.5296377402206,265.4959716796875,257.8112067643146,265.4959716796875,22500,0.0,0.0
2016-08-08 00:00:00+09:00,265.4960266030854,272.6849870785231,265.24812358824056,271.69342041015625,33000,0.0,0.0
2016-08-09 00:00:00+09:00,270.4538812214862,276.403370983979,268.96650878086297,271.9412536621094,22500,0.0,0.0
2016-08-10 00:00:00+09:00,271.94115660658537,276.8990781028538,270.2059045088362,271.44537353515625,20400,0.0,0.0
2016-08-12 00:00:00+09:00,273.92447078571325,276.4034100736617,273.92447078571325,275.1639404296875,19500,0.0,0.0
2016-08-15 00:00:00+09:00,274.1723510972048,280.1218417010899,271.6934118092563,275.1639404296875,30300,0.0,0.0
2016-08-16 00:00:00+09:00,275.16380574073946,275.41170862639143,270.45378708631875,272.6848449707031,34200,0.0,0.0
2016-08-17 00:00:00+09:00,272.68493252280905,272.68493252280905,267.97493505162396,270.20599365234375,8400,0.0,0.0
2016-08-18 00:00:00+09:00,267.9749133726197,270.2059717928483,267.9749133726197,269.95806884765625,3900,0.0,0.0
2016-08-19 00:00:00+09:00,266.4875488426373,266.73542909953846,262.76911803411446,263.0169982910156,18300,0.0,0.0
2016-08-22 00:00:00+09:00,263.0170487867074,263.26495178670314,261.0338928732565,262.0254821777344,7200,0.0,0.0
2016-08-23 00:00:00+09:00,263.26495599790593,264.25654531824534,257.8112487792969,257.8112487792969,32400,0.0,0.0
2016-08-24 00:00:00+09:00,260.29015908009916,262.273314631733,257.067511450131,259.0506896972656,24300,0.0,0.0
2016-08-25 00:00:00+09:00,266.4875568888019,266.4875568888019,259.29857531159763,259.5464782714844,24300,0.0,0.0
2016-08-26 00:00:00+09:00,259.2986214120534,260.53811373635403,257.8112487792969,257.8112487792969,8400,0.0,0.0
2016-08-29 00:00:00+09:00,264.0085899241006,264.0085899241006,258.5548837877316,259.0506896972656,13800,0.0,0.0
2016-08-30 00:00:00+09:00,260.29021073239284,260.29021073239284,257.8112487792969,257.8112487792969,6600,0.0,0.0
2016-08-31 00:00:00+09:00,257.8112487792969,263.760739310323,256.5717791505015,257.8112487792969,8400,0.0,0.0
2016-09-01 00:00:00+09:00,256.32380461002464,256.57170754479944,255.08433532714844,255.08433532714844,10800,0.0,0.0
2016-09-02 00:00:00+09:00,257.8112487792969,257.8112487792969,254.83650351378384,257.8112487792969,14100,0.0,0.0
2016-09-05 00:00:00+09:00,255.82803017436592,257.8111856338069,255.82803017436592,256.57171630859375,6300,0.0,0.0
2016-09-06 00:00:00+09:00,256.57176522566425,258.5549210632067,256.32386223515743,257.5633544921875,11100,0.0,0.0
2016-09-07 00:00:00+09:00,257.8112487792969,261.0338970487711,255.82809283412328,257.8112487792969,15600,0.0,0.0
2016-09-08 00:00:00+09:00,257.8112347871903,258.0591377776971,256.57176522566425,257.5633544921875,26400,0.0,0.0
2016-09-09 00:00:00+09:00,262.5212183852088,262.5212183852088,261.0338460430829,262.2733154296875,6900,0.0,0.0
2016-09-12 00:00:00+09:00,259.7943583273451,261.7775137450961,254.34065255915587,256.075927734375,9300,0.0,0.0
2016-09-13 00:00:00+09:00,259.29855575914695,259.29855575914695,252.85328354760966,255.33224487304688,27000,0.0,0.0
2016-09-14 00:00:00+09:00,255.33229267418835,255.33229267418835,249.87858581542972,249.8785858154297,24900,0.0,0.0
2016-09-15 00:00:00+09:00,249.87855658329602,250.3743398050006,247.64749804237374,247.89540100097656,13500,0.0,0.0
2016-09-16 00:00:00+09:00,247.89540833568307,258.8027984044185,247.89540833568307,249.6306610107422,19800,0.0,0.0
2016-09-20 00:00:00+09:00,255.33229267418835,256.819665208804,249.87858581542972,249.8785858154297,44700,0.0,0.0
2016-09-21 00:00:00+09:00,257.3154023854119,257.3154023854119,251.61381625610403,254.83644104003906,25200,0.0,0.0
2016-09-23 00:00:00+09:00,253.84486604427224,257.06749071885014,252.10959089184644,255.08433532714844,59700,0.0,0.0
2016-09-26 00:00:00+09:00,262.52125555033166,267.4791564941406,257.31545161590583,267.4791564941406,115200,0.0,0.0
2016-09-27 00:00:00+09:00,265.24808043521665,267.9749450683594,262.76914147209015,267.9749450683594,20700,0.0,0.0
2016-09-28 00:00:00+09:00,270.98870455911293,278.52314512139867,268.2260840173708,275.5093688964844,57600,4.666667,0.0
2016-09-29 00:00:00+09:00,276.0117146328451,283.7972888545041,274.00251490385057,281.03466796875,40200,0.0,0.0
2016-09-30 00:00:00+09:00,280.7834782581384,286.0575866699219,280.28118988335024,286.0575866699219,62100,0.0,0.0
2016-10-03 00:00:00+09:00,288.82020968307,311.1723741748665,286.81101034016973,297.6103820800781,117900,0.0,0.0
2016-10-04 00:00:00+09:00,301.12646881079394,301.12646881079394,295.0989163208812,296.6058044433594,50100,0.0,0.0
2016-10-05 00:00:00+09:00,295.60128481323966,296.35472902007604,286.81108707128686,290.57830810546875,93900,0.0,0.0
2016-10-06 00:00:00+09:00,291.331686015682,291.331686015682,284.0484013381083,284.5506896972656,57000,0.0,0.0
2016-10-07 00:00:00+09:00,288.82023467299456,289.8248114380785,283.0438148039644,286.81103515625,20400,0.0,0.0
2016-10-11 00:00:00+09:00,291.5828676218235,291.5828676218235,282.5415383932398,282.7926940917969,48000,0.0,0.0
2016-10-12 00:00:00+09:00,282.0392294107005,291.0805579795925,281.2857853632928,290.0759582519531,34800,0.0,0.0
2016-10-13 00:00:00+09:00,288.8202293156098,288.8202293156098,285.0530090332031,285.0530090332031,47100,0.0,0.0
2016-10-14 00:00:00+09:00,285.0529259337078,285.0529259337078,281.03455113949354,282.290283203125,45000,0.0,0.0
2016-10-17 00:00:00+09:00,286.0575998482965,288.5690878245148,279.27660300646716,288.31793212890625,26700,0.0,0.0
2016-10-18 00:00:00+09:00,288.3178835321823,288.3178835321823,284.2995310394835,285.3041076660156,44100,0.0,0.0
2016-10-19 00:00:00+09:00,283.79718365345434,287.3132703791678,283.5460510253906,283.5460510253906,40800,0.0,0.0
2016-10-20 00:00:00+09:00,282.54152991595845,288.82023824518706,282.54152991595845,286.5599060058594,17400,0.0,0.0
2016-10-21 00:00:00+09:00,291.0805668843659,291.0805668843659,283.2949704918795,286.81103515625,40800,0.0,0.0
2016-10-24 00:00:00+09:00,290.5782506103154,290.8294062939969,287.56447437928955,290.3271179199219,13800,0.0,0.0
2016-10-25 00:00:00+09:00,295.0989459041779,297.6104340245111,294.84781318744785,295.60125732421875,41400,0.0,0.0
2016-10-26 00:00:00+09:00,299.1173228449027,312.6793173315733,299.1173228449027,312.42816162109375,218400,0.0,0.0
2016-10-27 00:00:00+09:00,312.67929913561466,319.71145168020274,312.67929913561466,313.68389892578125,83400,0.0,0.0
2016-10-28 00:00:00+09:00,317.70228773930097,319.7114875450236,314.1862225692238,314.9396667480469,38700,0.0,0.0
2016-10-31 00:00:00+09:00,315.1907398634767,318.9579597702383,315.1907398634767,316.44647216796875,38700,0.0,0.0
2016-11-01 00:00:00+09:00,326.49246728905456,329.0039324188453,322.2229351804877,328.25048828125,109800,0.0,0.0
2016-11-02 00:00:00+09:00,328.25044412915855,337.29177256417705,325.2366679841524,330.2596435546875,192000,0.0,0.0
2016-11-04 00:00:00+09:00,331.51539442274304,340.30556767103775,331.51539442274304,339.0498352050781,93900,0.0,0.0
2016-11-07 00:00:00+09:00,341.56131601822557,356.3790415838506,341.3101603329479,353.8675537109375,148200,0.0,0.0
2016-11-08 00:00:00+09:00,361.4019640784701,361.4019640784701,347.8399720881181,359.1416320800781,105900,0.0,0.0
2016-11-09 00:00:00+09:00,357.88593288636855,363.16004137100975,330.2596580122011,348.3423156738281,216900,0.0,0.0
2016-11-10 00:00:00+09:00,351.60720252417747,389.02824794410736,351.60720252417747,375.96856689453125,188700,0.0,0.0
2016-11-11 00:00:00+09:00,376.72207718359704,379.7358538010658,365.1692591522031,366.6761474609375,74400,0.0,0.0
2016-11-14 00:00:00+09:00,364.1646256219496,371.1967546398573,357.6347619710945,366.92724609375,68100,0.0,0.0
2016-11-15 00:00:00+09:00,366.6760310320329,366.6760310320329,355.3743723050872,357.1324157714844,105000,0.0,0.0
2016-11-16 00:00:00+09:00,351.6072389569296,361.65316795339817,351.6072389569296,356.88134765625,114600,0.0,0.0
2016-11-17 00:00:00+09:00,354.87208621848396,354.87208621848396,346.58420310085484,347.8399353027344,66300,0.0,0.0
2016-11-18 00:00:00+09:00,346.33313007302183,355.87677066223165,346.33313007302183,351.60723876953125,90600,0.0,0.0
2016-11-21 00:00:00+09:00,350.3514524433277,351.3560520860883,344.8261888980724,346.83538818359375,90900,0.0,0.0
2016-11-22 00:00:00+09:00,346.83539627617586,346.83539627617586,341.81242093845896,343.06817626953125,61800,0.0,0.0
2016-11-24 00:00:00+09:00,343.3193439839718,343.3193439839718,337.79410273911844,339.0498352050781,57600,0.0,0.0
2016-11-25 00:00:00+09:00,339.0498010735763,346.5842410974335,339.0498010735763,343.5704650878906,67500,0.0,0.0
2016-11-28 00:00:00+09:00,350.3514358915132,351.6071681406747,346.83537179789033,349.5979919433594,67200,0.0,0.0
2016-11-29 00:00:00+09:00,346.8353931617709,350.35145747197134,346.8353931617709,348.09112548828125,34500,0.0,0.0
2016-11-30 00:00:00+09:00,350.10031972500565,351.10491943359375,349.0957430097047,351.10491943359375,78000,0.0,0.0
2016-12-01 00:00:00+09:00,351.8583679199219,357.8859202611625,351.8583679199219,351.8583679199219,83700,0.0,0.0
2016-12-02 00:00:00+09:00,353.6163589693998,356.630134690749,352.1094711087252,352.8629150390625,53100,0.0,0.0
2016-12-05 00:00:00+09:00,356.6302016666569,360.3974220258354,353.8675580744005,359.392822265625,63600,0.0,0.0
2016-12-06 00:00:00+09:00,357.1324157714844,366.92718666817063,357.1324157714844,357.1324157714844,64200,0.0,0.0
2016-12-07 00:00:00+09:00,360.3973838439367,363.66229248046875,359.8950725204042,363.66229248046875,36600,0.0,0.0
2016-12-08 00:00:00+09:00,371.6990927065823,376.7220456508304,368.1830049516486,371.44793701171875,100500,0.0,0.0
2016-12-09 00:00:00+09:00,372.9547815313501,372.9547815313501,366.17378550350736,369.6898498535156,52200,0.0,0.0
2016-12-12 00:00:00+09:00,376.7220952969971,376.7220952969971,363.91354405689924,364.41583251953125,79200,0.0,0.0
2016-12-13 00:00:00+09:00,365.6715181211189,370.443315085308,363.6623186688721,367.6806945800781,46500,0.0,0.0
2016-12-14 00:00:00+09:00,369.18758267261944,369.18758267261944,365.42036244126615,367.6806945800781,30300,0.0,0.0
2016-12-15 00:00:00+09:00,366.67609485395474,369.18758267261944,366.1738064875368,367.6806945800781,96600,0.0,0.0
2016-12-16 00:00:00+09:00,368.6852731782482,370.4432938566092,367.9318291751546,369.6898498535156,37500,0.0,0.0
2016-12-19 00:00:00+09:00,376.7220370740776,376.7220370740776,372.20137262918865,375.21514892578125,40800,0.0,0.0
2016-12-20 00:00:00+09:00,386.7679239631439,399.32533991836584,383.50301512914757,398.8230285644531,231300,0.0,0.0
2016-12-21 00:00:00+09:00,401.83680221205384,421.92865841795754,401.83680221205384,413.89190673828125,209100,0.0,0.0
2016-12-22 00:00:00+09:00,408.1155545308082,415.6499952545365,408.1155545308082,412.3850402832031,51300,0.0,0.0
2016-12-26 00:00:00+09:00,412.3850736720656,412.3850736720656,399.32539068908153,400.5811462402344,109200,0.0,0.0
2016-12-27 00:00:00+09:00,399.3253154591203,399.3253154591203,372.2013317675574,393.046630859375,146400,0.0,0.0
2016-12-28 00:00:00+09:00,396.3115632002274,413.138464686588,396.3115632002274,407.3620910644531,87000,0.0,0.0
2016-12-29 00:00:00+09:00,407.362037805213,407.362037805213,399.32528713773576,403.5948181152344,31200,0.0,0.0
2016-12-30 00:00:00+09:00,401.33456534143477,409.6224502916319,399.32536578222476,407.6132507324219,23400,0.0,0.0
2017-01-04 00:00:00+09:00,411.380372691529,433.7325572325616,411.380372691529,431.7233581542969,138600,0.0,0.0
2017-01-05 00:00:00+09:00,429.4630684068014,466.88413472549087,427.2027364678183,465.1260681152344,206400,0.0,0.0
2017-01-06 00:00:00+09:00,462.11222219627706,462.11222219627706,443.0249929317024,452.81976318359375,116400,0.0,0.0
2017-01-10 00:00:00+09:00,450.8106124503353,457.0893426592902,447.29457135935235,451.5640563964844,29400,0.0,0.0
2017-01-11 00:00:00+09:00,449.0525976888274,450.8106182569629,441.01584683086435,445.7876892089844,53400,0.0,0.0
2017-01-12 00:00:00+09:00,439.7601431410168,443.7784956276909,428.2073050136521,431.4722595214844,139200,0.0,0.0
2017-01-13 00:00:00+09:00,429.4630870041004,442.27163521299457,429.4630870041004,435.9929504394531,99600,0.0,0.0
2017-01-16 00:00:00+09:00,435.4906468246922,435.4906468246922,422.1797870427151,422.6820983886719,105900,0.0,0.0
2017-01-17 00:00:00+09:00,422.68209467489254,435.74177567585906,422.68209467489254,427.2027587890625,78900,0.0,0.0
2017-01-18 00:00:00+09:00,433.23040729535813,438.7556493349015,426.95172106921416,438.5045166015625,48600,0.0,0.0
2017-01-19 00:00:00+09:00,443.77852213541667,452.06640625,443.77852213541667,452.06640625,69600,0.0,0.0
2017-01-20 00:00:00+09:00,454.32674371485643,455.8336317537117,447.04343619819826,453.8244323730469,65400,0.0,0.0
2017-01-23 00:00:00+09:00,453.3221119928795,463.8703269845078,451.0617802089592,459.8519287109375,116100,0.0,0.0
2017-01-24 00:00:00+09:00,459.60083296688276,481.4507086325214,454.57785771489023,479.69268798828125,158400,0.0,0.0
2017-01-25 00:00:00+09:00,489.48743757835103,492.2500347527286,469.39558347065434,472.6604919433594,161700,0.0,0.0
2017-01-26 00:00:00+09:00,474.66962193868244,500.2867126464843,474.66962193868244,500.2867126464844,116700,0.0,0.0
2017-01-27 00:00:00+09:00,500.28682055748226,500.28682055748226,484.464496413345,488.48284912109375,75600,0.0,0.0
2017-01-30 00:00:00+09:00,489.48748495991947,501.0402780471871,489.48748495991947,495.0127258300781,50100,0.0,0.0
2017-01-31 00:00:00+09:00,489.73865626836067,494.0081880877645,471.65599819075965,476.42779541015625,116400,0.0,0.0
2017-02-01 00:00:00+09:00,450.81070476701603,481.70191288500644,450.81070476701603,477.9346923828125,117900,0.0,0.0
2017-02-02 00:00:00+09:00,479.6927636699826,484.71569372787724,475.17209902593015,478.6881408691406,70500,0.0,0.0
2017-02-03 00:00:00+09:00,475.925537109375,481.9530898918195,475.6743584190543,475.925537109375,64500,0.0,0.0
2017-02-06 00:00:00+09:00,479.69266617366645,479.69266617366645,472.6604919433594,472.6604919433594,17700,0.0,0.0
2017-02-07 00:00:00+09:00,472.15832497786334,472.40945768605104,460.60548461596625,461.610107421875,62400,0.0,0.0
2017-02-08 00:00:00+09:00,461.35887293514736,472.1582678799355,458.34509685503406,467.6376037597656,56400,0.0,0.0
2017-02-09 00:00:00+09:00,471.90711644109496,479.9438684472493,467.1353193678094,477.4324035644531,92400,0.0,0.0
2017-02-10 00:00:00+09:00,479.44153206507156,481.9530428034261,474.41860256151,474.9208679199219,49200,0.0,0.0
2017-02-13 00:00:00+09:00,479.44154906937024,479.44154906937024,472.9117312858331,476.9300842285156,40800,0.0,0.0
2017-02-14 00:00:00+09:00,477.4324031172697,477.4324031172697,472.1582946777344,472.1582946777344,11100,0.0,0.0
2017-02-15 00:00:00+09:00,476.6789590544789,476.9300917465505,469.8979624893621,472.1582946777344,25800,0.0,0.0
2017-02-16 00:00:00+09:00,472.1583697375817,477.1813002969735,469.8980371898804,470.149169921875,18300,0.0,0.0
2017-02-17 00:00:00+09:00,473.66514318659483,474.6697198574357,470.4001885298606,470.6513671875,20700,0.0,0.0
2017-02-20 00:00:00+09:00,472.40945419803745,472.40945419803745,467.1353454589844,467.1353454589844,21600,0.0,0.0
2017-02-21 00:00:00+09:00,470.14899167559787,470.14899167559787,458.8473332218575,460.10308837890625,42000,0.0,0.0
2017-02-22 00:00:00+09:00,457.59168974789134,457.59168974789134,442.0205427355993,442.77398681640625,139500,0.0,0.0
2017-02-23 00:00:00+09:00,444.5319359876404,448.29915578414585,444.5319359876404,447.7968444824219,23100,0.0,0.0
2017-02-24 00:00:00+09:00,449.5549155823372,452.5686914499583,446.0388284079225,448.55029296875,42000,0.0,0.0
2017-02-27 00:00:00+09:00,454.82908846710677,454.82908846710677,440.5136510464109,443.0251159667969,50400,0.0,0.0
2017-02-28 00:00:00+09:00,443.02501115217666,445.7876541015954,440.76467946262477,445.0342102050781,45000,0.0,0.0
2017-03-01 00:00:00+09:00,445.5366123771456,446.03892379135624,442.02057043741127,444.02972412109375,50100,0.0,0.0
2017-03-02 00:00:00+09:00,449.05262300404854,449.05262300404854,438.2532743568578,439.7601623535156,37200,0.0,0.0
2017-03-03 00:00:00+09:00,439.760228474729,440.01136118307426,436.24414062499994,436.244140625,25200,0.0,0.0
2017-03-06 00:00:00+09:00,435.99295490577504,444.5319718036541,435.99295490577504,436.74639892578125,28200,0.0,0.0
2017-03-07 00:00:00+09:00,436.7464125797869,439.50901008179443,432.47688100408226,434.7372131347656,50400,0.0,0.0
2017-03-08 00:00:00+09:00,436.99748951647405,439.508954012425,432.72795848544524,436.49517822265625,44700,0.0,0.0
2017-03-09 00:00:00+09:00,434.48605985549557,437.7509685606532,433.9837485214049,437.2486572265625,33900,0.0,0.0
2017-03-10 00:00:00+09:00,435.7418036130891,439.509023949763,432.72802734374994,432.72802734375,81000,0.0,0.0
2017-03-13 00:00:00+09:00,432.2258353290798,435.741877582457,422.4310607910156,422.4310607910156,69000,0.0,0.0
2017-03-14 00:00:00+09:00,423.68664009899743,426.1981506347656,422.1797521721645,426.1981506347656,65100,0.0,0.0
2017-03-15 00:00:00+09:00,428.20727436281607,428.20727436281607,410.1246204872733,412.1338195800781,90900,0.0,0.0
2017-03-16 00:00:00+09:00,412.13391610843127,415.9011365481793,407.864384281191,408.6178283691406,58500,0.0,0.0
2017-03-17 00:00:00+09:00,409.6224418101873,416.40343844721724,409.6224418101873,411.3804626464844,35100,0.0,0.0
2017-03-21 00:00:00+09:00,413.1385493550163,433.2304097748869,413.1385493550163,418.41265869140625,52200,0.0,0.0
2017-03-22 00:00:00+09:00,417.40792039279876,423.1843389521201,416.9056091308594,416.9056091308594,40800,0.0,0.0
2017-03-23 00:00:00+09:00,419.668348311666,419.668348311666,412.13390758793776,412.3850402832031,30000,0.0,0.0
2017-03-24 00:00:00+09:00,412.63627009864524,421.6776000875145,409.6224934356888,420.4218444824219,33900,0.0,0.0
2017-03-27 00:00:00+09:00,429.4630600469615,429.4630600469615,419.417155842556,422.9331970214844,31500,0.0,0.0
2017-03-28 00:00:00+09:00,435.4906429983741,435.4906429983741,424.18898271294916,427.2027587890625,27300,0.0,0.0
2017-03-29 00:00:00+09:00,432.3097654335409,438.182861328125,426.1813338065742,438.182861328125,36600,9.333333,0.0
2017-03-30 00:00:00+09:00,431.54367335122953,442.0130920410156,429.75622987003425,442.0130920410156,35700,0.0,0.0
2017-03-31 00:00:00+09:00,452.22718538091164,452.22718538091164,443.289920089943,444.3113098144531,37800,0.0,0.0
2017-04-03 00:00:00+09:00,451.4611896862375,452.2272437675808,434.60799989668504,445.8434753417969,39600,0.0,0.0
2017-04-04 00:00:00+09:00,449.4183171748995,449.4183171748995,432.8204665876079,434.60791015625,37500,0.0,0.0
2017-04-05 00:00:00+09:00,434.60792204239743,437.6721378188567,424.64922076890485,429.24554443359375,31500,0.0,0.0
2017-04-06 00:00:00+09:00,422.6064416669021,430.26698111248817,411.11563249852315,426.6920471191406,71700,0.0,0.0
2017-04-07 00:00:00+09:00,420.0528869628906,423.8831565909906,395.7945438224048,420.0528869628906,56100,0.0,0.0
2017-04-10 00:00:00+09:00,420.0529515557532,431.54376220703125,420.0529515557532,431.54376220703125,12300,0.0,0.0
2017-04-11 00:00:00+09:00,431.5436197934838,438.9488220214843,421.3295848373759,438.9488220214844,44400,0.0,0.0
2017-04-12 00:00:00+09:00,436.65075013963434,436.65075013963434,423.88316876067034,425.9259948730469,49200,0.0,0.0
2017-04-13 00:00:00+09:00,425.92601535164334,426.94740507882904,419.286865234375,419.286865234375,24900,0.0,0.0
2017-04-14 00:00:00+09:00,419.0315181003037,427.71344743592596,418.26546413668336,419.542236328125,17400,0.0,0.0
2017-04-17 00:00:00+09:00,420.052915748446,423.8831856390283,419.28686177032955,420.8189697265625,31500,0.0,0.0
2017-04-18 00:00:00+09:00,427.71347446442593,430.0116365005146,420.5636526042255,423.62786865234375,28200,0.0,0.0
2017-04-19 00:00:00+09:00,423.62782652610457,428.9902040770679,423.62782652610457,426.43670654296875,8100,0.0,0.0
2017-04-20 00:00:00+09:00,428.73486844979516,443.54522896095403,427.7134320309417,440.2256774902344,25200,0.0,0.0
2017-04-21 00:00:00+09:00,439.45966541221657,440.2257194212116,425.15997499223425,439.9703369140625,24600,0.0,0.0
2017-04-24 00:00:00+09:00,449.67369612279697,449.67369612279697,442.0131561547766,443.0345458984375,19200,0.0,0.0
2017-04-25 00:00:00+09:00,453.248585778133,453.248585778133,437.92750734908316,444.0559387207031,28800,0.0,0.0
2017-04-26 00:00:00+09:00,447.3754864614509,450.69503784179693,444.82198899627866,450.6950378417969,24900,0.0,0.0
2017-04-27 00:00:00+09:00,450.6951173660691,453.5039978027343,448.14161945033715,453.5039978027344,22500,0.0,0.0
2017-04-28 00:00:00+09:00,453.75933176521875,455.29143985981847,453.75933176521875,454.2700500488281,9300,0.0,0.0
2017-05-01 00:00:00+09:00,454.27001295926084,454.7807312011719,450.69507877833286,454.7807312011719,9900,0.0,0.0
2017-05-02 00:00:00+09:00,450.18442033307156,455.8021341319219,450.18442033307156,453.7593078613281,29100,0.0,0.0
2017-05-08 00:00:00+09:00,455.29138556907014,464.22869730725773,455.29138556907014,462.4412536621094,50100,0.0,0.0
2017-05-09 00:00:00+09:00,469.08033566873087,469.59105386845914,459.63235288919327,462.951904296875,76800,0.0,0.0
2017-05-10 00:00:00+09:00,464.48410536863236,464.48410536863236,456.82356461622925,457.8450012207031,41700,0.0,0.0
2017-05-11 00:00:00+09:00,457.84494121507925,463.9733730138032,455.80211503009656,462.1858825683594,28500,0.0,0.0
2017-05-12 00:00:00+09:00,462.18587772905283,463.2073141889613,459.63238009172886,461.9305419921875,19800,0.0,0.0
2017-05-15 00:00:00+09:00,462.1859220569246,465.2501382180892,458.35565185546875,458.35565185546875,48900,0.0,0.0
2017-05-16 00:00:00+09:00,472.39996614169075,481.5926138281914,471.6339121678157,475.974853515625,152400,0.0,0.0
2017-05-17 00:00:00+09:00,478.5284370910291,496.4030156920624,476.2302749813436,493.8495178222656,119700,0.0,0.0
2017-05-18 00:00:00+09:00,473.67672919503434,492.5727443026823,473.67672919503434,485.93359375,85200,0.0,0.0
2017-05-19 00:00:00+09:00,487.2102693441309,489.76376670077997,482.86928175723097,488.2316589355469,27000,0.0,0.0
2017-05-22 00:00:00+09:00,487.721085529771,495.8922974156119,487.721085529771,493.8495178222656,26700,0.0,0.0
2017-05-23 00:00:00+09:00,493.33880021897573,505.3403290602297,493.33880021897573,498.1904602050781,105900,0.0,0.0
2017-05-24 00:00:00+09:00,504.8295610422059,505.5956150043337,501.7653451936948,504.0635070800781,30300,0.0,0.0
2017-05-25 00:00:00+09:00,504.3188598001179,508.4045122398805,504.3188598001179,507.6384582519531,33600,0.0,0.0
2017-05-26 00:00:00+09:00,505.59561800178506,516.5757092719715,505.3402822649698,516.3203735351562,75000,0.0,0.0
2017-05-29 00:00:00+09:00,518.1078936976617,538.2806823023719,517.5972221486367,535.4718017578125,80700,0.0,0.0
2017-05-30 00:00:00+09:00,542.3661705613652,554.3676974539208,528.3218644043636,544.4089965820312,82800,0.0,0.0
2017-05-31 00:00:00+09:00,544.40903089012,550.026744355699,526.2790715492551,529.0879516601562,63300,0.0,0.0
2017-06-01 00:00:00+09:00,525.5130228889998,526.0237411205584,512.7454411498261,515.5543212890625,81900,0.0,0.0
2017-06-02 00:00:00+09:00,522.4487711654446,522.4487711654446,514.5328962786476,515.2989501953125,59400,0.0,0.0
2017-06-05 00:00:00+09:00,513.511493405294,528.3219012650509,513.511493405294,516.3203735351562,38400,0.0,0.0
2017-06-06 00:00:00+09:00,516.8311210144449,518.3632290344914,511.4687429442819,514.532958984375,24900,0.0,0.0
2017-06-07 00:00:00+09:00,514.532997741848,514.532997741848,500.4886419960386,502.78680419921875,60300,0.0,0.0
2017-06-08 00:00:00+09:00,503.29744999152786,506.10633008728905,503.0421142578125,503.0421142578125,12900,0.0,0.0
2017-06-09 00:00:00+09:00,500.9992257228188,508.404428640519,500.9992257228188,503.80810546875,15900,0.0,0.0
2017-06-12 00:00:00+09:00,508.1491094694581,508.1491094694581,502.2760603004433,503.0421142578125,23700,0.0,0.0
2017-06-13 00:00:00+09:00,504.3189075119061,504.3189075119061,498.1904750286982,502.5314636230469,48300,0.0,0.0
2017-06-14 00:00:00+09:00,509.42590202170373,509.42590202170373,497.93509220166527,498.95648193359375,30600,0.0,0.0
2017-06-15 00:00:00+09:00,499.4671021584187,502.7866532029007,499.4671021584187,502.0205993652344,18600,0.0,0.0
2017-06-16 00:00:00+09:00,502.53127868025877,504.82944001568677,498.7010097878787,500.74383544921875,19200,0.0,0.0
2017-06-19 00:00:00+09:00,500.48857430656756,517.3417615172157,500.48857430656756,517.08642578125,48900,0.0,0.0
2017-06-20 00:00:00+09:00,518.3632150502228,518.3632150502228,510.4472926560519,511.9794006347656,37200,0.0,0.0
2017-06-21 00:00:00+09:00,510.7026803969244,511.9794058881362,509.4259081494871,509.6812438964844,21600,0.0,0.0
2017-06-22 00:00:00+09:00,513.2561728691021,513.2561728691021,509.42590292231773,511.9794006347656,13500,0.0,0.0
2017-06-23 00:00:00+09:00,510.44734487648583,510.7027274032145,502.78680419921875,502.78680419921875,42900,0.0,0.0
2017-06-26 00:00:00+09:00,505.08500739193903,505.5957257306135,493.594195443516,496.403076171875,46800,0.0,0.0
2017-06-27 00:00:00+09:00,496.4029824953225,499.7225341796875,496.4029824953225,499.7225341796875,5700,0.0,0.0
2017-06-28 00:00:00+09:00,499.9778590974027,502.02063831887585,491.8066019428523,493.0833740234375,28800,0.0,0.0
2017-06-29 00:00:00+09:00,496.6582626052772,496.6582626052772,492.8279931076626,494.8708190917969,31200,0.0,0.0
2017-06-30 00:00:00+09:00,492.31734553273674,495.3815612792969,492.0619630497089,495.3815612792969,12300,0.0,0.0
2017-07-03 00:00:00+09:00,505.59555706470536,505.59555706470536,495.3815209922385,499.97784423828125,33000,0.0,0.0
2017-07-04 00:00:00+09:00,499.4672553140339,499.4672553140339,495.3816491790837,496.91375732421875,24000,0.0,0.0
2017-07-05 00:00:00+09:00,495.89208984375006,496.14747225319053,493.5939286960351,495.89208984375,17100,0.0,0.0
2017-07-06 00:00:00+09:00,493.3387351961829,496.1476152159369,493.3387351961829,495.3815612792969,12000,0.0,0.0
2017-07-07 00:00:00+09:00,493.5941179745074,493.5941179745074,487.97640415571635,492.82806396484375,36000,0.0,0.0
2017-07-10 00:00:00+09:00,503.0420695905645,503.0420695905645,496.9136384757809,497.9350280761719,40200,0.0,0.0
2017-07-11 00:00:00+09:00,497.9350818668105,507.63844776552037,497.9350818668105,503.55279541015625,20100,0.0,0.0
2017-07-12 00:00:00+09:00,507.38305551208896,507.38305551208896,501.51000634307417,503.0421142578125,19500,0.0,0.0
2017-07-13 00:00:00+09:00,505.5955521680582,510.191875369586,503.80810873064763,507.38299560546875,17400,0.0,0.0
2017-07-14 00:00:00+09:00,508.65976434243373,508.65976434243373,502.78666914865653,503.80810546875,29700,0.0,0.0
2017-07-17 00:00:00+09:00,503.80810546875,503.80810546875,503.80810546875,503.80810546875,0,0.0,0.0
2017-07-18 00:00:00+09:00,505.59554889458775,513.2560875142027,503.80810546875,503.80810546875,52500,0.0,0.0
2017-07-19 00:00:00+09:00,504.06357174384885,506.87245221739556,502.5314636230469,502.5314636230469,19800,0.0,0.0
2017-07-20 00:00:00+09:00,503.80817790500646,509.4258914483523,502.5314056994272,503.55279541015625,37500,0.0,0.0
2017-07-21 00:00:00+09:00,505.85096951429625,508.65984973175745,504.0635257883982,506.8724060058594,35100,0.0,0.0
2017-07-24 00:00:00+09:00,505.3403765605504,520.916794537284,505.3403765605504,516.5758056640625,48000,0.0,0.0
2017-07-25 00:00:00+09:00,518.3631996983491,518.3631996983491,513.2561576684787,516.3203735351562,43500,0.0,0.0
2017-07-26 00:00:00+09:00,514.5329093383194,516.3203529371655,513.7668554022108,514.2775268554688,31800,0.0,0.0
2017-07-27 00:00:00+09:00,514.277522201006,515.0435761301815,511.46868896484375,511.46868896484375,39000,0.0,0.0
2017-07-28 00:00:00+09:00,510.7026724539553,511.97939792531025,508.4045104980469,508.4045104980469,26700,0.0,0.0
2017-07-31 00:00:00+09:00,515.8095701137651,515.8095701137651,508.4044141631519,510.70257568359375,31500,0.0,0.0
2017-08-01 00:00:00+09:00,502.78673176787413,511.2133252989347,500.74395238570503,503.0421142578125,53100,0.0,0.0
2017-08-02 00:00:00+09:00,504.8295114168557,504.8295114168557,498.44574461206395,498.7010803222656,31200,0.0,0.0
2017-08-03 00:00:00+09:00,498.4458224966795,503.04214653582034,498.4458224966795,502.2760925292969,16200,0.0,0.0
2017-08-04 00:00:00+09:00,500.9993202663491,503.04214653582034,499.211876503203,502.2760925292969,27000,0.0,0.0
2017-08-07 00:00:00+09:00,502.27610267793466,502.27610267793466,498.7011683231838,500.2332763671875,20400,0.0,0.0
2017-08-08 00:00:00+09:00,498.70116705343634,500.48861084814723,497.93511303338494,498.4458312988281,18900,0.0,0.0
2017-08-09 00:00:00+09:00,498.44584023730323,499.9779483048808,494.6155700683594,494.6155700683594,32700,0.0,0.0
2017-08-10 00:00:00+09:00,494.87088539515094,494.87088539515094,491.2959511329972,492.5727233886719,34200,0.0,0.0
2017-08-11 00:00:00+09:00,492.5727233886719,492.5727233886719,492.5727233886719,492.5727233886719,0,0.0,0.0
2017-08-14 00:00:00+09:00,488.9977642528657,488.9977642528657,484.9121587012435,487.7210388183594,26100,0.0,0.0
2017-08-15 00:00:00+09:00,488.7424680123452,488.7424680123452,483.8908081054687,483.89080810546875,25500,0.0,0.0
2017-08-16 00:00:00+09:00,482.86931912264544,484.656809491216,480.06048583984375,480.06048583984375,30300,0.0,0.0
2017-08-17 00:00:00+09:00,480.06045862701944,481.59256642396076,477.76229693160747,478.5283508300781,38100,0.0,0.0
2017-08-18 00:00:00+09:00,480.0605552989513,480.0605552989513,476.2302850352794,478.7837829589844,16800,0.0,0.0
2017-08-21 00:00:00+09:00,474.69816205474365,475.9748875984745,473.42138975478554,474.4427795410156,35700,0.0,0.0
2017-08-22 00:00:00+09:00,474.4427305501358,480.3158264160156,474.4427305501358,480.3158264160156,18000,0.0,0.0
2017-08-23 00:00:00+09:00,483.38000652979287,484.9121143159412,482.61395263671875,482.61395263671875,15000,0.0,0.0
2017-08-24 00:00:00+09:00,485.16742890576137,490.52980592382164,481.8478777657011,490.0191345214844,35100,0.0,0.0
2017-08-25 00:00:00+09:00,491.5513710093758,504.3189075119061,491.5513710093758,502.5314636230469,81300,0.0,0.0
2017-08-28 00:00:00+09:00,503.0421554191363,506.61704300855814,498.4458312988281,498.4458312988281,34200,0.0,0.0
2017-08-29 00:00:00+09:00,498.44581569027594,500.7439776784644,494.8708814565744,496.6583251953125,39600,0.0,0.0
2017-08-30 00:00:00+09:00,501.7652795847803,505.59554889458775,498.7010641369343,503.80810546875,33300,0.0,0.0
2017-08-31 00:00:00+09:00,505.5955727942904,523.2148124522732,504.06346499794404,509.42584228515625,66600,0.0,0.0
2017-09-01 00:00:00+09:00,510.7026811282172,528.577258836807,510.7026811282172,522.7041625976562,129300,0.0,0.0
2017-09-04 00:00:00+09:00,523.72555183165,523.72555183165,507.12770111410947,511.46868896484375,74100,0.0,0.0
2017-09-05 00:00:00+09:00,511.4687496397013,522.1935059204203,498.4458312988281,498.4458312988281,67200,0.0,0.0
2017-09-06 00:00:00+09:00,497.6797365562285,505.8509475973507,494.10480250309814,503.0421142578125,38400,0.0,0.0
2017-09-07 00:00:00+09:00,509.42589295070326,517.0864326943229,505.8509588182728,514.022216796875,41100,0.0,0.0
2017-09-08 00:00:00+09:00,513.7668556235926,513.7668556235926,505.8509337762454,511.7240295410156,24300,0.0,0.0
2017-09-11 00:00:00+09:00,511.97938889433027,519.6399286122316,511.2133349225401,514.7882690429688,40500,0.0,0.0
2017-09-12 00:00:00+09:00,514.7882195723685,516.5756630826993,509.42584228515625,509.42584228515625,46200,0.0,0.0
2017-09-13 00:00:00+09:00,510.1919216681383,515.2989634964699,507.38304164912273,511.7240295410156,64500,0.0,0.0
2017-09-14 00:00:00+09:00,511.97941620460574,513.7669067382812,510.447308179299,513.7669067382812,8100,0.0,0.0
2017-09-15 00:00:00+09:00,510.7026600316554,516.8310917650103,510.7026600316554,516.3203735351562,23100,0.0,0.0
2017-09-18 00:00:00+09:00,516.3203735351562,516.3203735351562,516.3203735351562,516.3203735351562,0,0.0,0.0
2017-09-19 00:00:00+09:00,518.6185251572554,522.1934591829394,514.2775371800834,520.9166870117188,48900,0.0,0.0
2017-09-20 00:00:00+09:00,520.6613668267534,520.6613668267534,510.70266516004784,514.022216796875,55800,0.0,0.0
2017-09-21 00:00:00+09:00,513.256181460409,517.0864514713076,513.256181460409,516.8311157226562,13800,0.0,0.0
2017-09-22 00:00:00+09:00,512.4901327055709,514.532958984375,507.89380864543125,514.532958984375,21000,0.0,0.0
2017-09-25 00:00:00+09:00,517.0865239892156,517.0865239892156,510.9580911123064,516.5758056640625,27900,0.0,0.0
2017-09-26 00:00:00+09:00,513.0007981044786,516.0650138288335,513.0007981044786,515.8096313476562,17700,0.0,0.0
2017-09-27 00:00:00+09:00,529.9590026125898,530.9880334871106,514.7805499068353,520.1830444335938,42900,5.0,0.0
2017-09-28 00:00:00+09:00,520.6975775267746,522.2411473740812,516.3241139240679,516.5813598632812,24300,0.0,0.0
2017-09-29 00:00:00+09:00,521.2120235608174,522.7555932723559,517.8676382211538,521.7265625,23100,0.0,0.0
2017-10-02 00:00:00+09:00,521.7268280788279,522.755859375,520.9550428301907,522.755859375,38700,0.0,0.0
2017-10-03 00:00:00+09:00,524.042049520492,527.6437287930867,521.7266943679714,526.1001586914062,43800,0.0,0.0
2017-10-04 00:00:00+09:00,522.498364639797,527.3863198526906,521.4693338334013,521.9838256835938,56100,0.0,0.0
2017-10-05 00:00:00+09:00,521.9838256835938,526.1000431211985,519.6684710396951,521.9838256835938,40500,0.0,0.0
2017-10-06 00:00:00+09:00,522.2412191043021,523.7847891636193,520.4403559644189,520.9548950195312,22200,0.0,0.0
2017-10-09 00:00:00+09:00,520.9548950195312,520.9548950195312,520.9548950195312,520.9548950195312,0,0.0,0.0
2017-10-10 00:00:00+09:00,520.6977363393146,523.0130918164567,517.610595703125,517.610595703125,36900,0.0,0.0
2017-10-11 00:00:00+09:00,517.6105778542462,523.270319790085,517.6105778542462,519.6686401367188,16800,0.0,0.0
2017-10-12 00:00:00+09:00,522.2411751916635,522.4984211445792,520.4403122032057,521.2120971679688,11100,0.0,0.0
2017-10-13 00:00:00+09:00,524.042013235961,524.2992591997556,519.1540572877542,519.9258422851562,36000,0.0,0.0
2017-10-16 00:00:00+09:00,520.6975489521017,526.1000431211985,520.6975489521017,521.9838256835938,45900,0.0,0.0
2017-10-17 00:00:00+09:00,522.7557380340731,528.4155266143645,522.7557380340731,525.5856323242188,46800,0.0,0.0
2017-10-18 00:00:00+09:00,526.8719572026349,528.41552734375,524.5566019909622,528.41552734375,30300,0.0,0.0
2017-10-19 00:00:00+09:00,528.415444346525,533.8179389918682,528.1581512927368,529.7017211914062,83100,0.0,0.0
2017-10-20 00:00:00+09:00,527.6437287930867,531.2453609596602,525.5856196221724,526.1001586914062,23700,0.0,0.0
2017-10-23 00:00:00+09:00,526.357335446294,529.7017211914062,525.5855504969593,529.7017211914062,22200,0.0,0.0
2017-10-24 00:00:00+09:00,527.3864279475064,532.5316772460938,527.3864279475064,532.5316772460938,21000,0.0,0.0
2017-10-25 00:00:00+09:00,534.8469571442583,534.8469571442583,530.2162475585938,530.2162475585938,37200,0.0,0.0
2017-10-26 00:00:00+09:00,530.2163746230123,534.8470853184098,527.9010192753135,533.8180541992188,36000,0.0,0.0
2017-10-27 00:00:00+09:00,530.7308693645555,531.7599003977158,526.3574050380873,531.245361328125,42600,0.0,0.0
2017-10-30 00:00:00+09:00,531.2453223306787,534.8470013413809,527.6436904259944,529.9590454101562,55200,0.0,0.0
2017-10-31 00:00:00+09:00,529.9589982492248,533.817922879423,529.7017052032026,532.2743530273438,37200,0.0,0.0
2017-11-01 00:00:00+09:00,522.4985032341153,524.2993193994827,510.6644809505154,514.26611328125,138300,0.0,0.0
2017-11-02 00:00:00+09:00,514.5233801559164,517.0959812761789,512.4652709960938,512.4652709960938,75300,0.0,0.0
2017-11-03 00:00:00+09:00,512.4652709960938,512.4652709960938,512.4652709960938,512.4652709960938,0,0.0,0.0
2017-11-06 00:00:00+09:00,514.2661043248406,520.4403849054531,512.7225341796875,512.7225341796875,33300,0.0,0.0
2017-11-07 00:00:00+09:00,515.80971447455,520.9549643927837,515.80971447455,519.6686401367188,71400,0.0,0.0
2017-11-08 00:00:00+09:00,517.353302579424,519.9259511802672,516.5815174203766,517.610595703125,28800,0.0,0.0
2017-11-09 00:00:00+09:00,519.6684710396951,527.3863198526906,517.0958704707001,521.9838256835938,71100,0.0,0.0
2017-11-10 00:00:00+09:00,517.0959047040175,520.4402903757205,517.0959047040175,520.1830444335938,12600,0.0,0.0
2017-11-13 00:00:00+09:00,520.1831348582673,539.9923006018605,520.1831348582673,538.44873046875,129000,0.0,0.0
2017-11-14 00:00:00+09:00,538.9631496533434,549.2536472216565,537.6768727868161,544.1083984375,92100,0.0,0.0
2017-11-15 00:00:00+09:00,545.3948251947558,545.3948251947558,524.813873285474,527.386474609375,63000,0.0,0.0
2017-11-16 00:00:00+09:00,523.7847922362398,540.2495239302011,523.7847922362398,534.5897827148438,37200,0.0,0.0
2017-11-17 00:00:00+09:00,539.4777652877698,539.4777652877698,525.5856339928058,536.390625,18600,0.0,0.0
2017-11-20 00:00:00+09:00,538.7059560320597,545.394775390625,535.1042768226752,545.394775390625,59700,0.0,0.0
2017-11-21 00:00:00+09:00,545.3946941122146,572.6644123307206,544.1083702064125,562.3739624023438,134700,0.0,0.0
2017-11-22 00:00:00+09:00,560.8304524611656,562.6312684368265,552.5980633755388,559.5441284179688,46800,0.0,0.0
2017-11-23 00:00:00+09:00,559.5441284179688,559.5441284179688,559.5441284179688,559.5441284179688,0,0.0,0.0
2017-11-24 00:00:00+09:00,559.0297461164461,570.606524432981,559.0297461164461,568.5484619140625,62700,0.0,0.0
2017-11-27 00:00:00+09:00,578.324101376716,582.6975645833179,565.9755437166722,579.0958862304688,88500,0.0,0.0
2017-11-28 00:00:00+09:00,582.4405034565532,582.4405034565532,573.6935742682375,581.9259643554688,46500,0.0,0.0
2017-11-29 00:00:00+09:00,582.9549726850041,604.5649546022631,582.9549726850041,601.735107421875,84900,0.0,0.0
2017-11-30 00:00:00+09:00,604.5650156545123,630.2912186056162,601.7351681883508,606.88037109375,103200,0.0,0.0
2017-12-01 00:00:00+09:00,603.5358494414855,606.1084503185144,603.5358494414855,604.5648803710938,20100,0.0,0.0
2017-12-04 00:00:00+09:00,612.0255833057525,622.8305746881997,610.4820131082602,621.5442504882812,64800,0.0,0.0
2017-12-05 00:00:00+09:00,621.5441648846165,627.7184448242188,620.7723798921663,627.7184448242188,37500,0.0,0.0
2017-12-06 00:00:00+09:00,627.7185103371573,631.8347287971668,621.2869837641733,628.4902954101562,74100,0.0,0.0
2017-12-07 00:00:00+09:00,632.863700189534,664.7641311637484,632.863700189534,652.1583251953125,203400,0.0,0.0
2017-12-08 00:00:00+09:00,677.8844655161203,677.8844655161203,615.8844205070944,629.7765502929688,185700,0.0,0.0
2017-12-11 00:00:00+09:00,628.4902398874926,647.0130800031061,628.4902398874926,632.0919189453125,94500,0.0,0.0
2017-12-12 00:00:00+09:00,694.3492769336664,704.8969742108308,661.1625208392298,668.88037109375,642600,0.0,0.0
2017-12-13 00:00:00+09:00,668.88037109375,676.59822134827,664.5069069141821,668.88037109375,271800,0.0,0.0
2017-12-14 00:00:00+09:00,668.88037109375,673.511081246462,666.3077229382302,668.88037109375,145200,0.0,0.0
2017-12-15 00:00:00+09:00,668.8803146490515,669.652099609375,658.8471101648458,669.652099609375,122700,0.0,0.0
2017-12-18 00:00:00+09:00,669.1376170668941,669.3948630400382,643.1541721746698,668.88037109375,165900,0.0,0.0
2017-12-19 00:00:00+09:00,668.3658320414421,670.9384330909422,644.4404962524297,668.88037109375,116400,0.0,0.0
2017-12-20 00:00:00+09:00,668.3658320414421,668.88037109375,661.1625208392298,668.88037109375,96600,0.0,0.0
2017-12-21 00:00:00+09:00,668.6230659737407,678.1417791869117,663.7351099359089,674.5401000976562,140400,0.0,0.0
2017-12-22 00:00:00+09:00,671.9674496005736,685.8595787853067,669.3948016808721,684.0587158203125,152100,0.0,0.0
2017-12-25 00:00:00+09:00,687.660380859375,694.6064453125,677.3699307048984,694.6064453125,99600,0.0,0.0
2017-12-26 00:00:00+09:00,694.6064954269862,705.9260243878023,689.4612464255212,703.0961303710938,143700,0.0,0.0
2017-12-27 00:00:00+09:00,703.3534234168934,733.1957942534258,700.7808222969585,721.6190185546875,185400,0.0,0.0
2017-12-28 00:00:00+09:00,720.332763671875,720.332763671875,695.8929329185638,720.332763671875,118800,0.0,0.0
2017-12-29 00:00:00+09:00,720.332763671875,720.332763671875,697.4365031600793,720.332763671875,135600,0.0,0.0
2018-01-01 00:00:00+09:00,720.332763671875,720.332763671875,720.332763671875,720.332763671875,0,0.0,0.0
2018-01-02 00:00:00+09:00,720.332763671875,720.332763671875,720.332763671875,720.332763671875,0,0.0,0.0
2018-01-03 00:00:00+09:00,720.332763671875,720.332763671875,720.332763671875,720.332763671875,0,0.0,0.0
2018-01-04 00:00:00+09:00,720.3326542929659,742.4571734305318,718.7890842858338,735.5111083984375,210600,0.0,0.0
2018-01-05 00:00:00+09:00,733.1958081487692,753.5194657252716,732.4240230875599,752.7476806640625,162900,0.0,0.0
2018-01-08 00:00:00+09:00,752.7476806640625,752.7476806640625,752.7476806640625,752.7476806640625,0,0.0,0.0
2018-01-09 00:00:00+09:00,752.7476232475287,766.6397532896596,748.3742063049441,766.3825073242188,138600,0.0,0.0
2018-01-10 00:00:00+09:00,766.3825944696383,768.1834106445312,747.6025063125379,768.1834106445312,143100,0.0,0.0
2018-01-11 00:00:00+09:00,759.4364938745586,767.9261294768147,754.2912444742143,764.8389892578125,113400,0.0,0.0
2018-01-12 00:00:00+09:00,764.067108999154,766.1252179240525,750.1749797446239,751.4613037109375,139500,0.0,0.0
2018-01-15 00:00:00+09:00,748.6314239501953,751.2040248253383,739.3700042724608,740.91357421875,163200,0.0,0.0
2018-01-16 00:00:00+09:00,737.3119586879955,737.8264977496603,709.5276972664601,710.042236328125,209100,0.0,0.0
2018-01-17 00:00:00+09:00,706.6978241521425,708.7558861109261,691.0048308568091,692.5484008789062,187800,0.0,0.0
2018-01-18 00:00:00+09:00,705.4115577073342,705.4115577073342,687.4032550141874,691.7766723632812,159900,0.0,0.0
2018-01-19 00:00:00+09:00,689.9758151504944,706.1833007412779,689.9758151504944,700.5235595703125,114300,0.0,0.0
2018-01-22 00:00:00+09:00,696.6646486708225,702.3243899574841,685.6023649707752,687.1459350585938,225900,0.0,0.0
2018-01-23 00:00:00+09:00,689.4613536309529,705.9261341533687,689.4613536309529,703.6107788085938,157500,0.0,0.0
2018-01-24 00:00:00+09:00,703.61077767387,705.9261330149109,695.6356334284903,697.9509887695312,119100,0.0,0.0
2018-01-25 00:00:00+09:00,697.1790506981032,713.1292885834316,693.3201259763314,695.3782348632812,161400,0.0,0.0
2018-01-26 00:00:00+09:00,701.5526175697744,711.5858233215973,694.6065520492815,705.154296875,148200,0.0,0.0
2018-01-29 00:00:00+09:00,713.901181332694,748.1169699972627,710.0422560281929,747.6024780273438,448200,0.0,0.0
2018-01-30 00:00:00+09:00,757.3783661473083,845.1046142578125,754.8057650631421,845.1046142578125,1374600,0.0,0.0
2018-01-31 00:00:00+09:00,843.8185152390081,863.1131452047472,825.8101625336316,838.6732177734375,1369500,0.0,0.0
2018-02-01 00:00:00+09:00,776.9302622116049,793.6522865305396,733.195762434555,737.0546875,375300,0.0,0.0
2018-02-02 00:00:00+09:00,738.5982235189824,742.7143943639304,721.6189540127989,723.6770629882812,175800,0.0,0.0
2018-02-05 00:00:00+09:00,726.5069985053904,727.5360766717387,697.436458873486,704.6397705078125,169800,0.0,0.0
2018-02-06 00:00:00+09:00,678.141905220549,683.5444013054843,636.2082137286999,645.7269287109375,226800,0.0,0.0
2018-02-07 00:00:00+09:00,697.1791669070649,699.7518152210765,626.4322332861741,628.4902954101562,140700,0.0,0.0
2018-02-08 00:00:00+09:00,635.4363049308477,639.5525230272185,625.1458539019574,632.0919189453125,78000,0.0,0.0
2018-02-09 00:00:00+09:00,617.1707083819335,617.1707083819335,587.0710956084647,595.5607299804688,182100,0.0,0.0
2018-02-12 00:00:00+09:00,595.5607299804688,595.5607299804688,595.5607299804688,595.5607299804688,0,0.0,0.0
2018-02-13 00:00:00+09:00,624.6313788886347,626.4322421551437,596.8471158673046,598.3906860351562,130200,0.0,0.0
2018-02-14 00:00:00+09:00,595.5607846106649,600.7059866313491,582.954931316145,589.1292114257812,106200,0.0,0.0
2018-02-15 00:00:00+09:00,586.556607896163,594.7889970423258,577.8097268137527,578.32421875,121200,0.0,0.0
2018-02-16 00:00:00+09:00,579.096046633764,606.1085239972717,579.096046633764,598.9052124023438,90000,0.0,0.0
2018-02-19 00:00:00+09:00,611.768310546875,614.0836657418304,602.2495966747106,611.768310546875,50400,0.0,0.0
2018-02-20 00:00:00+09:00,613.3117345609694,619.2287205788398,601.992207269287,617.9424438476562,63000,0.0,0.0
2018-02-21 00:00:00+09:00,617.9425149524519,631.3201053957517,615.1126210274012,624.6312866210938,72900,0.0,0.0
2018-02-22 00:00:00+09:00,624.6313683727683,625.403153443701,604.564956528521,617.685302734375,67800,0.0,0.0
2018-02-23 00:00:00+09:00,627.7184911746206,627.7184911746206,609.4529430752574,617.4280395507812,48900,0.0,0.0
2018-02-26 00:00:00+09:00,630.2910443358346,630.2910443358346,621.2868710819181,624.8885498046875,51000,0.0,0.0
2018-02-27 00:00:00+09:00,634.9218230323778,637.4944240537523,625.6604028282071,636.4653930664062,49800,0.0,0.0
2018-02-28 00:00:00+09:00,630.8056691510561,638.5235201076597,628.4903138640751,634.4073486328125,78600,0.0,0.0
2018-03-01 00:00:00+09:00,638.2661869338857,638.2661869338857,617.942531226066,619.7433471679688,66000,0.0,0.0
2018-03-02 00:00:00+09:00,617.4280313680597,623.0877726202601,611.7682901158594,618.71435546875,93900,0.0,0.0
2018-03-05 00:00:00+09:00,618.9716465257188,624.1168961971841,596.8471247550443,599.9342651367188,79800,0.0,0.0
2018-03-06 00:00:00+09:00,606.623056624613,618.7143715892822,606.623056624613,610.9965209960938,37800,0.0,0.0
2018-03-07 00:00:00+09:00,623.8596443148268,623.8596443148268,601.2206290554001,606.88037109375,52800,0.0,0.0
2018-03-08 00:00:00+09:00,613.3118761740503,613.3118761740503,602.2495922531324,610.9965209960938,48300,0.0,0.0
2018-03-09 00:00:00+09:00,623.6021839404921,633.8926333200147,613.3117345609694,617.9424438476562,83700,0.0,0.0
2018-03-12 00:00:00+09:00,630.8056902017302,630.8056902017302,619.4862064916507,627.4613037109375,46200,0.0,0.0
2018-03-13 00:00:00+09:00,630.2910760461692,648.0421303987192,629.0047520577472,645.469482421875,63000,0.0,0.0
2018-03-14 00:00:00+09:00,642.125198945402,642.3824449416894,631.0629616207062,631.5774536132812,45300,0.0,0.0
2018-03-15 00:00:00+09:00,631.5773880421024,636.2080981306539,618.4570427912064,630.8056030273438,59700,0.0,0.0
2018-03-16 00:00:00+09:00,649.5857290786937,649.5857290786937,633.1209508801833,634.9218139648438,40500,0.0,0.0
2018-03-19 00:00:00+09:00,634.9218627785976,634.9218627785976,614.0836660147387,616.9135131835938,40200,0.0,0.0
2018-03-20 00:00:00+09:00,622.316043916295,622.316043916295,612.2828374983068,615.1127319335938,30600,0.0,0.0
2018-03-21 00:00:00+09:00,615.1127319335938,615.1127319335938,615.1127319335938,615.1127319335938,0,0.0,0.0
2018-03-22 00:00:00+09:00,618.7143420770611,640.5815686793705,618.7143420770611,637.2371826171875,36000,0.0,0.0
2018-03-23 00:00:00+09:00,629.776636709081,629.776636709081,614.0836888329624,623.6023559570312,49800,0.0,0.0
2018-03-26 00:00:00+09:00,625.9176326934618,625.9176326934618,614.08361177241,623.3450317382812,63600,0.0,0.0
2018-03-27 00:00:00+09:00,627.4612312720328,659.1044175969447,627.4612312720328,656.7890625,78300,0.0,0.0
2018-03-28 00:00:00+09:00,651.3758006474928,651.3758006474928,610.1331845556747,616.0618286132812,67500,1.666667,0.0
2018-03-29 00:00:00+09:00,626.3726683907487,626.3726683907487,606.0091282376147,610.64892578125,58800,0.0,0.0
2018-03-30 00:00:00+09:00,618.6396224651265,625.5993182178591,614.7731248247195,623.5371704101562,36300,0.0,0.0
2018-04-02 00:00:00+09:00,627.661466025562,631.5279636659691,617.350774185505,623.5371704101562,45900,0.0,0.0
2018-04-03 00:00:00+09:00,625.8570683032515,629.9813639141028,619.9284700601461,623.2794189453125,26400,0.0,0.0
2018-04-04 00:00:00+09:00,625.857073423098,631.5279681347952,618.6396268427519,629.4658203125,30900,0.0,0.0
2018-04-05 00:00:00+09:00,628.4346988971655,639.5186418912007,625.3415011129275,634.8788452148438,30900,0.0,0.0
2018-04-06 00:00:00+09:00,641.5807959971485,644.9317445646267,638.2298002312174,641.322998046875,23100,0.0,0.0
2018-04-09 00:00:00+09:00,641.3230588478002,641.3230588478002,620.4439716126594,623.2794189453125,48900,0.0,0.0
2018-04-10 00:00:00+09:00,627.4036545945152,643.6429443359375,627.4036545945152,643.6429443359375,43800,0.0,0.0
2018-04-11 00:00:00+09:00,640.0342959335408,642.6119454451859,630.7547010534659,631.2702026367188,25800,0.0,0.0
2018-04-12 00:00:00+09:00,631.270152245337,631.270152245337,623.5371571292305,625.8570556640625,21300,0.0,0.0
2018-04-13 00:00:00+09:00,629.4658790870949,633.3323771158854,621.7328830295139,626.3726806640625,18600,0.0,0.0
2018-04-16 00:00:00+09:00,626.3726037099718,630.4968520345026,623.5371564377251,625.5993041992188,18600,0.0,0.0
2018-04-17 00:00:00+09:00,625.5992839760545,640.2919742054056,622.5060860330333,636.6832275390625,34200,0.0,0.0
2018-04-18 00:00:00+09:00,631.7857008924797,648.2827414049153,631.7857008924797,643.6429443359375,22200,0.0,0.0
2018-04-19 00:00:00+09:00,641.8386458718463,647.7672916669364,624.5683044667493,631.2702026367188,33300,0.0,0.0
2018-04-20 00:00:00+09:00,641.322991532522,648.7982352439146,633.0744955735224,634.8788452148438,27900,0.0,0.0
2018-04-23 00:00:00+09:00,641.3230609587949,647.5094571969777,638.7454115923714,644.1585083007812,15900,0.0,0.0
2018-04-24 00:00:00+09:00,644.6741270590288,656.5313720703125,644.6741270590288,656.5313720703125,38100,0.0,0.0
2018-04-25 00:00:00+09:00,657.3045794391278,677.4103665749129,655.2424316923824,673.0283203125,56400,0.0,0.0
2018-04-26 00:00:00+09:00,682.8234616982882,682.8234616982882,670.7084204087237,672.5128173828125,32100,0.0,0.0
2018-04-27 00:00:00+09:00,677.1526330209756,680.5035818959775,667.0997391975122,676.3793334960938,31500,0.0,0.0
2018-04-30 00:00:00+09:00,676.3793334960938,676.3793334960938,676.3793334960938,676.3793334960938,0,0.0,0.0
2018-05-01 00:00:00+09:00,675.86376953125,675.86376953125,654.469134091683,658.077880859375,27900,0.0,0.0
2018-05-02 00:00:00+09:00,658.0778379403224,666.8418827206152,656.2734882733821,661.6865844726562,22500,0.0,0.0
2018-05-03 00:00:00+09:00,661.6865844726562,661.6865844726562,661.6865844726562,661.6865844726562,0,0.0,0.0
2018-05-04 00:00:00+09:00,661.6865844726562,661.6865844726562,661.6865844726562,661.6865844726562,0,0.0,0.0
2018-05-07 00:00:00+09:00,659.8822062749222,670.1928974594294,657.8201057967843,665.5531005859375,38700,0.0,0.0
2018-05-08 00:00:00+09:00,678.4415226481851,714.5288542523364,666.8420282609718,671.7396240234375,88500,0.0,0.0
2018-05-09 00:00:00+09:00,682.3080092469372,682.3080092469372,673.0284138939825,677.1527099609375,24000,0.0,0.0
2018-05-10 00:00:00+09:00,676.8948353287122,704.2181166848769,676.8948353287122,694.4229736328125,37800,0.0,0.0
2018-05-11 00:00:00+09:00,685.916743667973,702.6715840300376,679.2147980834549,700.6094360351562,42900,0.0,0.0
2018-05-14 00:00:00+09:00,700.6093875234122,716.8486779626966,692.1030925314061,716.0753784179688,48000,0.0,0.0
2018-05-15 00:00:00+09:00,721.4884158055272,721.4884158055272,705.7646754239698,718.9107666015625,37500,0.0,0.0
2018-05-16 00:00:00+09:00,721.7462170417033,747.5228996778606,719.6841164137004,742.3675537109375,164100,0.0,0.0
2018-05-17 00:00:00+09:00,746.491830954094,747.522928506318,733.3457383501462,740.563232421875,45600,0.0,0.0
2018-05-18 00:00:00+09:00,739.7898698984616,739.7898698984616,732.0568749071831,737.7277221679688,24600,0.0,0.0
2018-05-21 00:00:00+09:00,739.7899279735219,739.7899279735219,724.8394383511015,734.3768310546875,27600,0.0,0.0
2018-05-22 00:00:00+09:00,736.4388370897436,736.4388370897436,725.0971431356409,730.25244140625,15600,0.0,0.0
2018-05-23 00:00:00+09:00,731.5414154877534,731.5414154877534,708.0846768832288,715.3021240234375,39300,0.0,0.0
2018-05-24 00:00:00+09:00,712.982159924666,712.982159924666,704.9914139229714,709.3734130859375,36900,0.0,0.0
2018-05-25 00:00:00+09:00,714.013200757779,729.2214402353435,707.8268046582215,717.3641967773438,49800,0.0,0.0
2018-05-28 00:00:00+09:00,712.2088542496186,722.2617479578108,709.3734069580788,720.7151489257812,18900,0.0,0.0
2018-05-29 00:00:00+09:00,721.7462151336732,721.7462151336732,711.9511191804094,721.4884643554688,14100,0.0,0.0
2018-05-30 00:00:00+09:00,716.5909060660218,721.7462047466657,706.7957630552669,709.1156616210938,25800,0.0,0.0
2018-05-31 00:00:00+09:00,711.951145016014,718.6530430801944,711.951145016014,716.5909423828125,19500,0.0,0.0
2018-06-01 00:00:00+09:00,708.3424731335805,717.6220688514876,698.8051266007751,714.78662109375,17400,0.0,0.0
2018-06-04 00:00:00+09:00,716.5909012613046,727.9325960414412,716.5909012613046,720.972900390625,21600,0.0,0.0
2018-06-05 00:00:00+09:00,720.9730203590751,720.9730203590751,704.4759769893292,717.8798217773438,16800,0.0,0.0
2018-06-06 00:00:00+09:00,710.4045276457229,715.0443248933398,710.1467296663274,712.7244262695312,16500,0.0,0.0
2018-06-07 00:00:00+09:00,711.9511573654892,717.6220051793449,706.280262353173,711.693359375,31500,0.0,0.0
2018-06-08 00:00:00+09:00,699.5783974709435,716.8487397250254,699.5783974709435,716.3331909179688,34800,0.0,0.0
2018-06-11 00:00:00+09:00,716.5909889207284,716.5909889207284,712.9822416682562,716.3331909179688,11400,0.0,0.0
2018-06-12 00:00:00+09:00,709.1155692929856,713.7553658205296,699.8359762378974,707.8267211914062,20400,0.0,0.0
2018-06-13 00:00:00+09:00,707.8268126623597,709.6312096774392,702.4137160140353,708.85791015625,12000,0.0,0.0
2018-06-14 00:00:00+09:00,706.2802097867187,706.2802097867187,699.8360628779361,703.18701171875,17400,0.0,0.0
2018-06-15 00:00:00+09:00,703.1870992657948,703.1870992657948,693.9075039065756,698.28955078125,18900,0.0,0.0
2018-06-18 00:00:00+09:00,693.6496000808563,699.578244874194,691.071951004752,696.7427978515625,22800,0.0,0.0
2018-06-19 00:00:00+09:00,698.2894712588303,698.2894712588303,689.2676277319695,694.4229736328125,19500,0.0,0.0
2018-06-20 00:00:00+09:00,696.4851341500023,696.4851341500023,684.6278430814062,691.8453369140625,25200,0.0,0.0
2018-06-21 00:00:00+09:00,693.3919476274829,694.6807487490083,685.6589521044941,686.6900024414062,31500,0.0,0.0
2018-06-22 00:00:00+09:00,688.2365913586897,692.36083984375,687.7210425986353,692.36083984375,15600,0.0,0.0
2018-06-25 00:00:00+09:00,708.6002469034512,708.6002469034512,678.9571086882297,679.9881591796875,30600,0.0,0.0
2018-06-26 00:00:00+09:00,679.7302730485138,682.8234711056174,673.5438769343066,682.3079223632812,26700,0.0,0.0
2018-06-27 00:00:00+09:00,678.1836700107117,681.534618819945,678.1836700107117,678.69921875,11700,0.0,0.0
2018-06-28 00:00:00+09:00,677.1525893026447,678.6991882525567,675.3481923954445,677.6680908203125,23100,0.0,0.0
2018-06-29 00:00:00+09:00,673.8016191207344,678.4414161472699,665.5531225391975,672.7705688476562,48600,0.0,0.0
2018-07-02 00:00:00+09:00,668.1307846152343,670.9662319185655,651.8914947113919,652.4070434570312,53700,0.0,0.0
2018-07-03 00:00:00+09:00,662.4599962878203,671.2240425545602,658.0779495552198,667.6152954101562,80400,0.0,0.0
2018-07-04 00:00:00+09:00,664.2642523882605,669.9350995008214,664.0065016281069,665.5531005859375,16500,0.0,0.0
2018-07-05 00:00:00+09:00,664.0065261494854,664.5220276888298,656.7890326141015,658.077880859375,19200,0.0,0.0
2018-07-06 00:00:00+09:00,658.3355538241888,658.8511025010597,648.798210092006,657.0467529296875,30600,0.0,0.0
2018-07-09 00:00:00+09:00,657.0469056989499,657.5624072972289,653.6959093178284,656.0158081054688,19500,0.0,0.0
2018-07-10 00:00:00+09:00,654.9847253389111,658.5934723408157,654.21142578125,654.21142578125,35700,0.0,0.0
2018-07-11 00:00:00+09:00,667.0996453387412,667.6151468171614,654.4690567437835,657.0467529296875,63000,0.0,0.0
2018-07-12 00:00:00+09:00,658.0778960744983,661.944393701258,657.3045965491464,658.5934448242188,8100,0.0,0.0
2018-07-13 00:00:00+09:00,658.8512297634837,664.7798754980878,658.8512297634837,663.2332763671875,8700,0.0,0.0
2018-07-16 00:00:00+09:00,663.2332763671875,663.2332763671875,663.2332763671875,663.2332763671875,0,0.0,0.0
2018-07-17 00:00:00+09:00,658.8511863182,665.0375824338638,658.8511863182,664.5220336914062,14400,0.0,0.0
2018-07-18 00:00:00+09:00,664.5219872038275,670.192881378775,661.4287893623847,664.77978515625,21000,0.0,0.0
2018-07-19 00:00:00+09:00,663.233311595322,668.3886108398438,662.4600119887975,668.3886108398438,7500,0.0,0.0
2018-07-20 00:00:00+09:00,665.0376411619392,668.1308394929249,661.4288940429688,661.4288940429688,14400,0.0,0.0
2018-07-23 00:00:00+09:00,656.2735303812201,663.7487274799203,656.2735303812201,657.8201293945312,14400,0.0,0.0
2018-07-24 00:00:00+09:00,662.9755385553557,662.9755385553557,657.56244110588,660.6556396484375,20400,0.0,0.0
2018-07-25 00:00:00+09:00,670.1930304387037,670.1930304387037,657.3046875,657.3046875,27300,0.0,0.0
2018-07-26 00:00:00+09:00,664.5220058992736,669.1618027919725,659.8822090065747,668.6463012695312,24000,0.0,0.0
2018-07-27 00:00:00+09:00,668.6463311708047,672.7705795270405,666.8419341662054,667.3574829101562,26700,0.0,0.0
2018-07-30 00:00:00+09:00,667.3575762111288,669.419724276777,665.2954281454807,669.1619262695312,21900,0.0,0.0
2018-07-31 00:00:00+09:00,666.5842302410555,669.9351793160985,657.3046353885118,669.419677734375,65700,0.0,0.0
2018-08-01 00:00:00+09:00,695.1962631786557,703.9603086056716,685.1433694953158,700.0938110351562,91800,0.0,0.0
2018-08-02 00:00:00+09:00,703.4447089941455,716.5907989011911,700.3515113689582,709.8888549804688,64800,0.0,0.0
2018-08-03 00:00:00+09:00,706.7958481105165,710.6623461855194,701.125,701.125,45900,0.0,0.0
2018-08-06 00:00:00+09:00,701.382693935085,701.382693935085,686.1744536737207,686.6900024414062,29700,0.0,0.0
2018-08-07 00:00:00+09:00,688.7520526767223,698.2893967369156,687.2054537913692,696.7427978515625,12300,0.0,0.0
2018-08-08 00:00:00+09:00,694.6807384663074,702.413733874832,691.845338282154,692.36083984375,21000,0.0,0.0
2018-08-09 00:00:00+09:00,696.2272775538921,696.4850755109339,692.8763288984366,694.9384765625,8400,0.0,0.0
2018-08-10 00:00:00+09:00,690.5564715170901,695.4540194120519,687.2055226624802,688.4943237304688,16200,0.0,0.0
2018-08-13 00:00:00+09:00,688.4942392812544,689.5253366473214,680.5034942857164,681.01904296875,12900,0.0,0.0
2018-08-14 00:00:00+09:00,688.2365039821206,697.0005485996372,685.1433062114144,696.7427978515625,32100,0.0,0.0
2018-08-15 00:00:00+09:00,692.6186339307161,707.3113251243448,692.6186339307161,706.7957763671875,35400,0.0,0.0
2018-08-16 00:00:00+09:00,708.8579443482812,714.7865428310618,703.1870494537179,713.4977416992188,54900,0.0,0.0
2018-08-17 00:00:00+09:00,713.4976311986688,713.4976311986688,705.5068388661839,708.6000366210938,18300,0.0,0.0
2018-08-20 00:00:00+09:00,711.177780872763,711.177780872763,707.3112834182145,710.9199829101562,12900,0.0,0.0
2018-08-21 00:00:00+09:00,702.9292358502694,710.9199815077548,696.4850891715525,710.4044799804688,27900,0.0,0.0
2018-08-22 00:00:00+09:00,712.982225242821,716.5909724121561,703.7026301203547,715.3021240234375,36600,0.0,0.0
2018-08-23 00:00:00+09:00,716.5909321506406,739.0166191032846,716.5909321506406,722.2617797851562,76500,0.0,0.0
2018-08-24 00:00:00+09:00,726.6437190033744,739.2742607236459,722.5194238795883,737.9854125976562,44100,0.0,0.0
2018-08-27 00:00:00+09:00,742.367587159813,751.90493278981,740.5632372293974,746.7496337890625,77100,0.0,0.0
2018-08-28 00:00:00+09:00,747.2650103444744,759.3800506463269,745.4606607159461,758.864501953125,48300,0.0,0.0
2018-08-29 00:00:00+09:00,767.886423587402,770.464072922013,759.1223780909589,762.215576171875,60300,0.0,0.0
2018-08-30 00:00:00+09:00,767.1130711423768,771.7528679436413,763.7621225187261,771.4951171875,50100,0.0,0.0
2018-08-31 00:00:00+09:00,770.7218687075288,783.6101625424712,769.6907712178444,777.166015625,72900,0.0,0.0
2018-09-03 00:00:00+09:00,773.2995285410007,778.4548744640932,752.1626904936992,753.7092895507812,61800,0.0,0.0
2018-09-04 00:00:00+09:00,753.9670170964422,759.1223628606895,742.6252752944804,743.9141235351562,27300,0.0,0.0
2018-09-05 00:00:00+09:00,737.2121859071901,756.029172169933,737.2121859071901,752.9359741210938,24000,0.0,0.0
2018-09-06 00:00:00+09:00,752.9359304653261,757.0601785584993,748.8116351736991,754.2247314453125,19200,0.0,0.0
2018-09-07 00:00:00+09:00,753.7093323348417,753.7093323348417,741.0787411860623,749.8428344726562,17700,0.0,0.0
2018-09-10 00:00:00+09:00,749.8428136343031,749.8428136343031,740.5632190229406,742.8831176757812,18000,0.0,0.0
2018-09-11 00:00:00+09:00,738.758660412722,748.2960509214057,736.1810115393081,747.2649536132812,22500,0.0,0.0
2018-09-12 00:00:00+09:00,742.1098036175333,742.8831031533632,735.1501077950646,742.6253051757812,21900,0.0,0.0
2018-09-13 00:00:00+09:00,743.6565236396092,748.2963216092184,740.3055269736923,742.1099243164062,19800,0.0,0.0
2018-09-14 00:00:00+09:00,742.3675455393924,751.13159110808,742.3675455393924,750.8738403320312,46500,0.0,0.0
2018-09-17 00:00:00+09:00,750.8738403320312,750.8738403320312,750.8738403320312,750.8738403320312,0,0.0,0.0
2018-09-18 00:00:00+09:00,750.1005598501399,759.6379051875798,747.0073616651908,754.9981079101562,53700,0.0,0.0
2018-09-19 00:00:00+09:00,767.8864023219654,782.321342032639,764.2776555946831,773.041748046875,77100,0.0,0.0
2018-09-20 00:00:00+09:00,772.7840245580576,772.7840245580576,767.1131767530527,770.721923828125,25200,0.0,0.0
2018-09-21 00:00:00+09:00,770.7218920516641,770.9796428326637,764.2776977405499,769.17529296875,58500,0.0,0.0
2018-09-24 00:00:00+09:00,769.17529296875,769.17529296875,769.17529296875,769.17529296875,0,0.0,0.0
2018-09-25 00:00:00+09:00,782.3214293206187,793.920875898583,775.8772346458528,786.1879272460938,111900,0.0,0.0
2018-09-26 00:00:00+09:00,785.4102405903752,794.4826519297482,776.0786337714798,790.594482421875,67200,5.666667,0.0
2018-09-27 00:00:00+09:00,791.890370229071,795.778539064014,784.1140325591848,786.7061767578125,55800,0.0,0.0
2018-09-28 00:00:00+09:00,789.2984008789062,794.4826426498519,789.2984008789062,789.2984008789062,57000,0.0,0.0
2018-10-01 00:00:00+09:00,793.1865703413639,798.3707646493034,789.2984008789062,789.2984008789062,57300,0.0,0.0
2018-10-02 00:00:00+09:00,789.2983615610591,846.3248758117425,789.2983615610591,842.4367065429688,200400,0.0,0.0
2018-10-03 00:00:00+09:00,829.4761069238879,847.6209290970203,815.2195490762938,835.9564208984375,104100,0.0,0.0
2018-10-04 00:00:00+09:00,829.4761528895668,852.8051705795173,826.8841030969163,846.324951171875,99900,0.0,0.0
2018-10-05 00:00:00+09:00,835.9564635549481,837.2524884455862,829.4761492497263,833.3643188476562,39000,0.0,0.0
2018-10-08 00:00:00+09:00,833.3643188476562,833.3643188476562,833.3643188476562,833.3643188476562,0,0.0,0.0
2018-10-09 00:00:00+09:00,833.3642081854377,833.3642081854377,804.8509998955512,815.219482421875,36300,0.0,0.0
2018-10-10 00:00:00+09:00,815.2194382535083,824.2918006437516,794.4825217873828,803.554931640625,42900,0.0,0.0
2018-10-11 00:00:00+09:00,777.3746855706573,785.4102198537701,756.3785707824873,776.07861328125,97200,0.0,0.0
2018-10-12 00:00:00+09:00,771.9312458788221,798.3707502848221,771.9312458788221,785.4102172851562,54900,0.0,0.0
2018-10-15 00:00:00+09:00,793.1865560701578,795.7786531774899,772.4496368224853,785.4102172851562,49200,0.0,0.0
2018-10-16 00:00:00+09:00,778.9299926757812,781.5220899225151,769.0799471973805,778.9299926757812,28500,0.0,0.0
2018-10-17 00:00:00+09:00,788.0022290561478,791.8903980275811,778.9298664314703,780.2258911132812,37200,0.0,0.0
2018-10-18 00:00:00+09:00,778.9299903033601,781.5220875421991,768.3023109370076,774.0049438476562,32400,0.0,0.0
2018-10-19 00:00:00+09:00,771.4127592571399,780.2259268416307,768.5614193931859,774.2640991210938,36900,0.0,0.0
2018-10-22 00:00:00+09:00,784.1141475643626,784.1141475643626,772.9680777570766,776.07861328125,43800,0.0,0.0
2018-10-23 00:00:00+09:00,777.6338230125256,777.6338230125256,760.52587890625,760.52587890625,32400,0.0,0.0
2018-10-24 00:00:00+09:00,765.9693885688206,777.1154586051651,761.5627806646814,773.7457275390625,47100,0.0,0.0
2018-10-25 00:00:00+09:00,760.7850360494762,760.7850360494762,745.4916032756809,748.3428955078125,65400,0.0,0.0
2018-10-26 00:00:00+09:00,750.4167087553177,759.2298770785923,744.9732714897351,747.5653686523438,44700,0.0,0.0
2018-10-29 00:00:00+09:00,747.3061673804776,760.0075050806839,747.3061673804776,748.0838012695312,73500,0.0,0.0
2018-10-30 00:00:00+09:00,756.6377032834506,815.219482421875,750.416632752857,815.219482421875,110100,0.0,0.0
2018-10-31 00:00:00+09:00,793.1865892616453,816.5156065928701,768.0431086256609,813.9234619140625,125100,0.0,0.0
2018-11-01 00:00:00+09:00,777.6339619230037,777.6339619230037,748.343066869567,764.4141845703125,120000,0.0,0.0
2018-11-02 00:00:00+09:00,764.414223793532,767.0063213119429,741.3443992517327,744.1957397460938,66300,0.0,0.0
2018-11-05 00:00:00+09:00,737.4560761039002,743.9363897487572,726.5692023391038,727.6060791015625,50700,0.0,0.0
2018-11-06 00:00:00+09:00,725.7915147123606,729.4204881860272,711.7941066235029,717.7559814453125,48600,0.0,0.0
2018-11-07 00:00:00+09:00,718.2744500306007,733.3086879750845,717.7560116659629,719.311279296875,52500,0.0,0.0
2018-11-08 00:00:00+09:00,732.2718800765836,750.6758492707397,732.2718800765836,736.9376831054688,42600,0.0,0.0
2018-11-09 00:00:00+09:00,735.1231446086459,735.3823875201916,720.6073451561261,722.9402465820312,27300,0.0,0.0
2018-11-12 00:00:00+09:00,722.9402680934949,729.4205342039434,718.0152221835916,720.0889282226562,26100,0.0,0.0
2018-11-13 00:00:00+09:00,716.4599695217825,725.7915756984613,703.758632491193,720.8665771484375,48600,0.0,0.0
2018-11-14 00:00:00+09:00,720.8665988052666,722.4218665481042,710.238920074874,718.0152587890625,18600,0.0,0.0
2018-11-15 00:00:00+09:00,710.4981646397857,714.6455294758803,709.2020923634416,711.794189453125,27600,0.0,0.0
2018-11-16 00:00:00+09:00,707.9060884118552,711.275867162989,666.4322936589816,674.9862670898438,95700,0.0,0.0
2018-11-19 00:00:00+09:00,674.986281930348,692.6126676327892,673.1718184988506,690.7981567382812,21000,0.0,0.0
2018-11-20 00:00:00+09:00,690.5388178119745,693.9085484742909,686.9098442397101,693.6493530273438,12000,0.0,0.0
2018-11-21 00:00:00+09:00,687.1692161031284,692.3534107929373,672.9125620486298,686.9099731445312,37200,0.0,0.0
2018-11-22 00:00:00+09:00,682.76238945704,698.3150634765625,682.76238945704,698.3150634765625,44700,0.0,0.0
2018-11-23 00:00:00+09:00,698.3150634765625,698.3150634765625,698.3150634765625,698.3150634765625,0,0.0,0.0
2018-11-26 00:00:00+09:00,705.5730411182343,705.5730411182343,685.095367189712,686.650634765625,31500,0.0,0.0
2018-11-27 00:00:00+09:00,693.9085937049387,699.0928352228091,688.2059612593838,695.9822998046875,23100,0.0,0.0
2018-11-28 00:00:00+09:00,697.2784273732606,697.796818342075,693.3902577921141,696.5007934570312,27600,0.0,0.0
2018-11-29 00:00:00+09:00,697.5375526832241,723.4586647954533,694.4270173312365,719.5704956054688,60900,0.0,0.0
2018-11-30 00:00:00+09:00,710.7573447935199,733.8271650224801,703.2402016935207,728.3837280273438,57000,0.0,0.0
2018-12-03 00:00:00+09:00,728.642919220305,730.4573823870455,722.4218484051903,729.6797485351562,41400,0.0,0.0
2018-12-04 00:00:00+09:00,734.0862859339475,734.0862859339475,708.1651758392005,712.0533447265625,15000,0.0,0.0
2018-12-05 00:00:00+09:00,705.8324193584493,708.1653211696271,700.9073727817349,702.9810791015625,18600,0.0,0.0
2018-12-06 00:00:00+09:00,702.9811297740199,707.3877382226635,664.0994301183772,677.837646484375,52200,0.0,0.0
2018-12-07 00:00:00+09:00,703.7585796089041,707.1283102096043,676.282201529888,677.3190307617188,81300,0.0,0.0
2018-12-10 00:00:00+09:00,676.5414866862451,676.5414866862451,655.2861761056104,663.8401489257812,53400,0.0,0.0
2018-12-11 00:00:00+09:00,664.0993916022483,673.1718034833915,627.2914005506834,659.9520263671875,96600,0.0,0.0
2018-12-12 00:00:00+09:00,670.5796736389851,696.241594495784,667.7283807413478,690.7981567382812,73800,0.0,0.0
2018-12-13 00:00:00+09:00,689.5020888249413,689.5020888249413,675.2454353727044,682.244140625,43800,0.0,0.0
2018-12-14 00:00:00+09:00,686.9097906485092,686.9097906485092,677.0597948769822,680.688720703125,63600,0.0,0.0
2018-12-17 00:00:00+09:00,693.649502216442,693.649502216442,659.4336074882767,663.32177734375,48300,0.0,0.0
2018-12-18 00:00:00+09:00,650.3610291957485,653.9900026214649,630.4017940118052,633.5123291015625,50100,0.0,0.0
2018-12-19 00:00:00+09:00,634.0309177872699,635.326990300033,620.2927484966385,626.2545776367188,53100,0.0,0.0
2018-12-20 00:00:00+09:00,626.2543798026023,626.2543798026023,576.7450614594574,579.337158203125,83100,0.0,0.0
2018-12-21 00:00:00+09:00,553.4162191242561,560.6741207236222,535.0121984158836,541.751708984375,132600,0.0,0.0
2018-12-24 00:00:00+09:00,541.751708984375,541.751708984375,541.751708984375,541.751708984375,0,0.0,0.0
2018-12-25 00:00:00+09:00,528.7909674986394,528.7909674986394,497.68561646930766,505.2027587890625,116100,0.0,0.0
2018-12-26 00:00:00+09:00,505.4620683563422,528.5318913997631,496.13046094053277,500.7962646484375,84000,0.0,0.0
2018-12-27 00:00:00+09:00,516.089736582854,561.7108957264262,516.089736582854,550.04638671875,116400,0.0,0.0
2018-12-28 00:00:00+09:00,541.2331039366962,541.2331039366962,515.3119940902295,533.1975708007812,91500,0.0,0.0
2018-12-31 00:00:00+09:00,533.1975708007812,533.1975708007812,533.1975708007812,533.1975708007812,0,0.0,0.0
2019-01-04 00:00:00+09:00,513.7567730798464,517.1265039008057,493.53829322808565,504.1659240722656,78600,0.0,0.0
2019-01-07 00:00:00+09:00,524.9027718246252,524.9027718246252,508.8316587922058,515.5711669921875,58200,0.0,0.0
2019-01-08 00:00:00+09:00,516.3489321618134,522.3108081433192,507.7949588880484,516.8673706054688,60300,0.0,0.0
2019-01-09 00:00:00+09:00,517.1264485917853,529.3093932768517,510.9053785335382,525.680419921875,72000,0.0,0.0
2019-01-10 00:00:00+09:00,522.5700036336425,522.5700036336425,511.1646901142863,516.8673706054688,61500,0.0,0.0
2019-01-11 00:00:00+09:00,519.7186191766428,521.7923253118495,508.57254955879216,509.8686218261719,33600,0.0,0.0
2019-01-15 00:00:00+09:00,504.943571060957,517.9041512269779,503.64754626845786,512.7199096679688,40800,0.0,0.0
2019-01-16 00:00:00+09:00,509.8685658239054,517.385660745243,509.8685658239054,514.0159301757812,26100,0.0,0.0
2019-01-17 00:00:00+09:00,514.0158482305148,520.236917498055,509.3500462798596,513.7566528320312,26400,0.0,0.0
2019-01-18 00:00:00+09:00,513.7568063149843,516.6080989390922,504.42519962589074,510.6462707519531,52200,0.0,0.0
2019-01-21 00:00:00+09:00,514.793590315997,518.422563974069,504.4251551739362,506.758056640625,52200,0.0,0.0
2019-01-22 00:00:00+09:00,610.4426017518055,610.4426017518055,544.8621597200656,557.8226928710938,636000,0.0,0.0
2019-01-23 00:00:00+09:00,554.9714448608374,572.5977827539588,548.4911303015045,571.3017578125,185400,0.0,0.0
2019-01-24 00:00:00+09:00,570.2647917747084,570.2647917747084,550.3055551508602,560.414794921875,145500,0.0,0.0
2019-01-25 00:00:00+09:00,566.8951084573658,566.8951084573658,554.9714045760182,556.5266723632812,63300,0.0,0.0
2019-01-28 00:00:00+09:00,558.6002275498131,577.2634375371441,553.4160341953306,575.448974609375,95700,0.0,0.0
2019-01-29 00:00:00+09:00,572.079320585575,574.1529792191125,559.8963743957768,573.1161499023438,63300,0.0,0.0
2019-01-30 00:00:00+09:00,575.4491313167183,575.4491313167183,560.4148905537714,564.562255859375,55200,0.0,0.0
2019-01-31 00:00:00+09:00,567.6727445213642,578.0411806550902,565.0806473536843,568.4503784179688,63600,0.0,0.0
2019-02-01 00:00:00+09:00,583.4846206917839,600.8518094401218,578.0411833897988,591.5202026367188,166800,0.0,0.0
2019-02-04 00:00:00+09:00,596.1859633856168,605.2583265978587,594.112257312217,601.1109619140625,47700,0.0,0.0
2019-02-05 00:00:00+09:00,604.7400052260734,616.6637097276737,599.8149586682098,605.5176391601562,49500,0.0,0.0
2019-02-06 00:00:00+09:00,607.3321349852216,611.4795003677021,595.149186878983,600.8518676757812,54000,0.0,0.0
2019-02-07 00:00:00+09:00,601.3701851024957,603.1846957990099,585.5583120199055,590.7425537109375,68100,0.0,0.0
2019-02-08 00:00:00+09:00,583.2254111988533,587.6320190155798,570.2648306845435,573.3753662109375,51600,0.0,0.0
2019-02-12 00:00:00+09:00,574.6714024751083,585.0398377587553,569.4871611017835,572.3385009765625,62100,0.0,0.0
2019-02-13 00:00:00+09:00,575.4490514623262,576.2266853156536,565.3398113690691,573.1161499023438,30900,0.0,0.0
2019-02-14 00:00:00+09:00,579.0780556415824,581.1517143838955,572.8569844886308,574.6714477539062,31500,0.0,0.0
2019-02-15 00:00:00+09:00,574.9305897813771,574.9305897813771,564.0437162758316,564.8213500976562,25500,0.0,0.0
2019-02-18 00:00:00+09:00,569.746408389995,578.5595760755209,565.080605357128,578.0411376953125,36000,0.0,0.0
2019-02-19 00:00:00+09:00,582.9661356356637,598.2595682306876,579.3371621990992,591.2608642578125,70800,0.0,0.0
2019-02-20 00:00:00+09:00,595.149033131632,599.5556403429604,587.891133721502,591.2608642578125,23100,0.0,0.0
2019-02-21 00:00:00+09:00,597.2228310348005,597.2228310348005,588.4096627172682,592.8162231445312,33900,0.0,0.0
2019-02-22 00:00:00+09:00,592.8162586290939,592.8162586290939,585.5583576662742,589.9649658203125,29700,0.0,0.0
2019-02-25 00:00:00+09:00,595.9267067604732,596.1859496780646,586.5951008392323,594.1122436523438,30600,0.0,0.0
2019-02-26 00:00:00+09:00,593.0753755816099,593.0753755816099,584.0029657083281,585.039794921875,17100,0.0,0.0
2019-02-27 00:00:00+09:00,585.0398567212767,590.2240982626349,580.633296500976,581.9293212890625,36300,0.0,0.0
2019-02-28 00:00:00+09:00,585.2991490470569,585.2991490470569,571.8201293945312,571.8201293945312,49200,0.0,0.0
2019-03-01 00:00:00+09:00,572.3385691237041,584.2622734927786,572.0793736362269,579.855712890625,25500,0.0,0.0
2019-03-04 00:00:00+09:00,583.2254627339088,586.3359985351562,580.6333653872057,586.3359985351562,29100,0.0,0.0
2019-03-05 00:00:00+09:00,583.7438254133609,586.0767269614654,581.670119327378,585.5582885742188,30900,0.0,0.0
2019-03-06 00:00:00+09:00,586.8543927471093,586.8543927471093,580.633321613617,580.8925170898438,33300,0.0,0.0
2019-03-07 00:00:00+09:00,578.3003514117188,578.3003514117188,561.4516032673674,570.2647705078125,52800,0.0,0.0
2019-03-08 00:00:00+09:00,561.7107912782919,561.9700341833741,544.6028479148617,546.4173583984375,75300,0.0,0.0
2019-03-11 00:00:00+09:00,546.4173729424617,551.3423712511141,545.6397391325165,550.3055419921875,16500,0.0,0.0
2019-03-12 00:00:00+09:00,558.8595253632695,569.7463989257812,558.8595253632695,569.7463989257812,25800,0.0,0.0
2019-03-13 00:00:00+09:00,567.9319012604022,569.7464118707156,560.6740012081585,562.4884643554688,17400,0.0,0.0
2019-03-14 00:00:00+09:00,568.4503267282911,573.6345680552497,567.1542545308008,569.7463989257812,21300,0.0,0.0
2019-03-15 00:00:00+09:00,573.1161891517347,577.0043586846501,569.7464580442103,575.967529296875,37500,0.0,0.0
2019-03-18 00:00:00+09:00,581.1517563787405,588.4097048903245,578.041220577493,586.3359985351562,38100,0.0,0.0
2019-03-19 00:00:00+09:00,592.8162391490558,592.8162391490558,587.1136062558733,590.4833374023438,19500,0.0,0.0
2019-03-20 00:00:00+09:00,591.0017700195312,595.6675734670539,591.0017700195312,591.0017700195312,38400,0.0,0.0
2019-03-22 00:00:00+09:00,594.3714541927857,599.296500196001,587.3727495742195,594.889892578125,43200,0.0,0.0
2019-03-25 00:00:00+09:00,589.7056928292736,589.7056928292736,579.0780611505479,588.40966796875,42900,0.0,0.0
2019-03-26 00:00:00+09:00,595.6674809493418,605.5175247407834,585.8174371579001,592.5569458007812,41400,0.0,0.0
2019-03-27 00:00:00+09:00,606.0724276888312,612.4326107464293,602.8923361600322,608.1925048828125,34200,16.666668,0.0
2019-03-28 00:00:00+09:00,606.8674396837226,606.8674396837226,590.1719594570476,599.1822509765625,20700,0.0,0.0
2019-03-29 00:00:00+09:00,600.7721756771311,601.8321897793751,592.2919172861749,595.7369995117188,18300,0.0,0.0
2019-04-01 00:00:00+09:00,596.5321445791245,609.5175504857476,596.5321445791245,601.5673217773438,25800,0.0,0.0
2019-04-02 00:00:00+09:00,609.252538279202,609.252538279202,596.5321717660261,603.6873779296875,29400,0.0,0.0
2019-04-03 00:00:00+09:00,597.5921464330439,602.3622831712473,597.5921464330439,598.6521606445312,11700,0.0,0.0
2019-04-04 00:00:00+09:00,598.9172320732135,598.9172320732135,594.6771261365055,597.0621948242188,9300,0.0,0.0
2019-04-05 00:00:00+09:00,589.1119266272902,601.0372692715674,589.1119266272902,600.7722778320312,23400,0.0,0.0
2019-04-08 00:00:00+09:00,598.3871808159353,598.3871808159353,589.3768900085361,589.9069213867188,17700,0.0,0.0
2019-04-09 00:00:00+09:00,588.3168901096655,590.1719271919873,580.3666618649403,586.4618530273438,12300,0.0,0.0
2019-04-10 00:00:00+09:00,583.0167215388035,585.4017900112681,581.6917158481068,583.5467529296875,4200,0.0,0.0
2019-04-11 00:00:00+09:00,581.4267090845068,581.4267090845068,566.8513059843292,572.6814575195312,22500,0.0,0.0
2019-04-12 00:00:00+09:00,576.6565608498565,576.6565608498565,564.4662265912126,566.5863037109375,22500,0.0,0.0
2019-04-15 00:00:00+09:00,567.1163557171925,575.0665852296968,564.7312868634411,573.2115478515625,26400,0.0,0.0
2019-04-16 00:00:00+09:00,569.7663827353533,577.716611105966,568.971359898292,569.5013427734375,12900,0.0,0.0
2019-04-17 00:00:00+09:00,570.0312950578092,576.9215081974895,569.5012637318841,574.0064086914062,27300,0.0,0.0
2019-04-18 00:00:00+09:00,570.5614055724145,574.271479795805,567.1162742622537,569.5013427734375,45900,0.0,0.0
2019-04-19 00:00:00+09:00,570.2963256835938,571.6213798273754,566.0562203575679,570.2963256835938,21300,0.0,0.0
2019-04-22 00:00:00+09:00,572.416461742688,572.416461742688,564.9962645245089,570.826416015625,15300,0.0,0.0
2019-04-23 00:00:00+09:00,571.6214578298217,571.6214578298217,564.731243276006,569.2363891601562,19500,0.0,0.0
2019-04-24 00:00:00+09:00,569.2363637173355,572.1514636914143,565.2612494455665,566.5863037109375,16800,0.0,0.0
2019-04-25 00:00:00+09:00,572.9464765521872,574.801513671875,567.6463081074947,574.801513671875,39600,0.0,0.0
2019-04-26 00:00:00+09:00,574.2714263100652,580.1016255884044,566.3211986799105,579.5715942382812,38400,0.0,0.0
2019-05-07 00:00:00+09:00,579.5715683727324,590.1718552317484,574.2714006810562,576.9215087890625,23700,0.0,0.0
2019-05-08 00:00:00+09:00,574.5364966378628,581.1616705053227,565.5262058308551,572.1514282226562,39600,0.0,0.0
2019-05-09 00:00:00+09:00,567.3812309735199,567.3812309735199,547.5056629632885,553.8658447265625,42300,0.0,0.0
2019-05-10 00:00:00+09:00,553.6008891780745,560.2261118741285,553.335897738996,557.0460205078125,40500,0.0,0.0
2019-05-13 00:00:00+09:00,559.1660555656596,564.4662240792128,556.2510041288976,558.3710327148438,20700,0.0,0.0
2019-05-14 00:00:00+09:00,545.1207107530834,552.8058996688428,540.085533436583,546.1807250976562,37800,0.0,0.0
2019-05-15 00:00:00+09:00,552.8058495165822,555.19091796875,541.6755300731319,555.19091796875,21300,0.0,0.0
2019-05-16 00:00:00+09:00,556.2510224079521,557.8410681618343,531.870304673641,539.5555419921875,75600,0.0,0.0
2019-05-17 00:00:00+09:00,592.5569809219026,593.6170436777186,571.6213965731419,586.9918212890625,185700,0.0,0.0
2019-05-20 00:00:00+09:00,585.6668034772957,585.6668034772957,561.0210970432985,575.0664672851562,57600,0.0,0.0
2019-05-21 00:00:00+09:00,567.1162414638623,567.6462728326972,553.07087117097,559.696044921875,54000,0.0,0.0
2019-05-22 00:00:00+09:00,565.5262004130433,580.3666421402688,560.7560636283288,561.5510864257812,26700,0.0,0.0
2019-05-23 00:00:00+09:00,561.5511175938647,561.8161575572866,552.0108434949165,557.0460205078125,24000,0.0,0.0
2019-05-24 00:00:00+09:00,552.5408512792546,557.3109881248309,545.1206545831386,550.9508056640625,34200,0.0,0.0
2019-05-27 00:00:00+09:00,554.3958275239447,557.0459356081996,551.4807765653347,553.8658447265625,35400,0.0,0.0
2019-05-28 00:00:00+09:00,550.685870979697,556.2510312063107,544.8556707736805,546.1807250976562,17100,0.0,0.0
2019-05-29 00:00:00+09:00,544.5906561815382,548.830761904034,541.4105647585803,545.9157104492188,27000,0.0,0.0
2019-05-30 00:00:00+09:00,546.1807063235974,550.6858520507812,541.4105691504656,550.6858520507812,21000,0.0,0.0
2019-05-31 00:00:00+09:00,546.1805689039422,551.7457275390625,542.4704469724179,551.7457275390625,29100,0.0,0.0
2019-06-03 00:00:00+09:00,541.4106003066365,548.5658064780898,540.0855459519553,540.3505859375,30900,0.0,0.0
2019-06-04 00:00:00+09:00,545.3857782666153,545.3857782666153,537.7005397547406,542.7357177734375,20700,0.0,0.0
2019-06-05 00:00:00+09:00,544.32571071252,552.5409314075863,544.32571071252,552.2759399414062,18300,0.0,0.0
2019-06-06 00:00:00+09:00,555.1909368019976,559.1660510237883,551.7458539845601,553.6008911132812,15900,0.0,0.0
2019-06-07 00:00:00+09:00,556.5159115696225,558.370948433409,544.8555620095754,558.10595703125,24000,0.0,0.0
2019-06-10 00:00:00+09:00,559.9610646016033,573.2114612964122,559.9610646016033,570.5614013671875,22800,0.0,0.0
2019-06-11 00:00:00+09:00,568.441360284481,590.7020009669502,568.441360284481,582.2217407226562,50100,0.0,0.0
2019-06-12 00:00:00+09:00,582.7516817670958,595.4720458984375,580.1016220811789,595.4720458984375,39300,0.0,0.0
2019-06-13 00:00:00+09:00,599.1822552304843,606.0724211186246,596.5321466356501,598.1221923828125,49800,0.0,0.0
2019-06-14 00:00:00+09:00,595.7371383913023,605.2774131085528,581.4267263154267,591.7620239257812,42000,0.0,0.0
2019-06-17 00:00:00+09:00,591.7620260100738,597.8572177201231,591.2320430957019,597.0621948242188,24000,0.0,0.0
2019-06-18 00:00:00+09:00,598.9171417600653,607.1324094618285,584.3417403744838,586.19677734375,15000,0.0,0.0
2019-06-19 00:00:00+09:00,592.8219624780418,596.0020533835577,590.9668771002666,592.2919311523438,12600,0.0,0.0
2019-06-20 00:00:00+09:00,592.2919681346808,592.2919681346808,584.076748957257,586.19677734375,21900,0.0,0.0
2019-06-21 00:00:00+09:00,590.171888724188,590.171888724188,581.4266382250115,583.8117065429688,13200,0.0,0.0
2019-06-24 00:00:00+09:00,584.8717510963463,588.3168334960938,567.9112334568104,588.3168334960938,20700,0.0,0.0
2019-06-25 00:00:00+09:00,611.9025712677715,611.9025712677715,587.786847054433,595.2070922851562,40800,0.0,0.0
2019-06-26 00:00:00+09:00,590.7018542767571,590.7018542767571,581.1615820677113,584.8717041015625,24600,0.0,0.0
2019-06-27 00:00:00+09:00,584.8717910674873,592.0269962881955,583.0167055125579,590.4369506835938,14100,0.0,0.0
2019-06-28 00:00:00+09:00,588.58190937033,597.0621694070852,588.3169179244248,594.412109375,23100,0.0,0.0
2019-07-01 00:00:00+09:00,597.8571450541339,605.807373046875,597.8571450541339,605.807373046875,33300,0.0,0.0
2019-07-02 00:00:00+09:00,608.9875487491533,614.2877176545638,606.3374885586219,611.9026489257812,65100,0.0,0.0
2019-07-03 00:00:00+09:00,609.7825404443857,616.40771484375,606.6024489687958,616.40771484375,29400,0.0,0.0
2019-07-04 00:00:00+09:00,617.202688824178,617.997711630102,612.4325519886344,613.4926147460938,16500,0.0,0.0
2019-07-05 00:00:00+09:00,613.492598478132,617.4677124023438,613.492598478132,617.4677124023438,19800,0.0,0.0
2019-07-08 00:00:00+09:00,617.7327691333609,618.5277920022584,615.6126919748525,616.40771484375,15600,0.0,0.0
2019-07-09 00:00:00+09:00,629.6580526444612,636.0182349944054,621.7078247070312,621.7078247070312,85200,0.0,0.0
2019-07-10 00:00:00+09:00,622.7678061622768,627.8029826073264,617.467686832371,626.742919921875,19800,0.0,0.0
2019-07-11 00:00:00+09:00,625.1530151367188,628.0681153913772,622.237963406409,625.1530151367188,22200,0.0,0.0
2019-07-12 00:00:00+09:00,623.8279132886869,630.7180786132812,623.8279132886869,630.7180786132812,20400,0.0,0.0
2019-07-16 00:00:00+09:00,630.4531059863689,631.2481288186342,625.9479604287513,629.1280517578125,12600,0.0,0.0
2019-07-17 00:00:00+09:00,629.1281254406207,629.1281254406207,624.6230278797137,626.2130737304688,10800,0.0,0.0
2019-07-18 00:00:00+09:00,625.1528438390991,625.1528438390991,599.4471256258547,603.9522705078125,40500,0.0,0.0
2019-07-19 00:00:00+09:00,603.9523246880973,617.4677120220942,603.9523246880973,614.5526123046875,11400,0.0,0.0
2019-07-22 00:00:00+09:00,615.0827300534464,620.1178588867188,611.6375984878446,620.1178588867188,18600,0.0,0.0
2019-07-23 00:00:00+09:00,621.1777158413489,624.8878379240732,620.1177017567139,622.7677612304688,9000,0.0,0.0
2019-07-24 00:00:00+09:00,625.1528439005957,625.4178838211893,616.672633976981,622.23779296875,21300,0.0,0.0
2019-07-25 00:00:00+09:00,627.8031237655991,629.9231525645038,617.7328171355815,628.068115234375,29700,0.0,0.0
2019-07-26 00:00:00+09:00,627.5380839293442,628.8631383222524,623.0329863372841,625.1530151367188,15900,0.0,0.0
2019-07-29 00:00:00+09:00,621.7078504671161,628.8630559072748,621.7078504671161,627.2730102539062,20100,0.0,0.0
2019-07-30 00:00:00+09:00,628.068021115763,633.3681893674699,626.742966921751,633.1031494140625,57900,0.0,0.0
2019-07-31 00:00:00+09:00,628.0679935724676,634.1631843684147,628.0679935724676,630.9830932617188,12600,0.0,0.0
2019-08-01 00:00:00+09:00,630.4530688537674,635.2232055664062,623.8278951498822,635.2232055664062,17700,0.0,0.0
2019-08-02 00:00:00+09:00,633.1032444454703,634.9583303004116,622.5029548752511,625.1530151367188,35400,0.0,0.0
2019-08-05 00:00:00+09:00,572.4164595170454,585.9318481445313,564.9962623277171,568.4413452148438,124500,0.0,0.0
2019-08-06 00:00:00+09:00,564.4662028885409,582.7517277708457,553.3358833949641,581.1616821289062,57000,0.0,0.0
2019-08-07 00:00:00+09:00,575.5965223821178,581.956704949876,575.5965223821178,581.1616821289062,32400,0.0,0.0
2019-08-08 00:00:00+09:00,583.0167213035335,584.6067669512016,579.5716385750333,580.6316528320312,20400,0.0,0.0
2019-08-09 00:00:00+09:00,580.8967474574629,588.3169450034447,579.3067016601562,579.3067016601562,26400,0.0,0.0
2019-08-13 00:00:00+09:00,577.1865899716518,580.3666813764543,561.2861329476393,564.2012329101562,46500,0.0,0.0
2019-08-14 00:00:00+09:00,564.466209736451,572.6814294780222,559.6960727527627,564.731201171875,38100,0.0,0.0
2019-08-15 00:00:00+09:00,551.4808438371612,559.4310720110542,546.4456669774677,555.19091796875,30600,0.0,0.0
2019-08-16 00:00:00+09:00,555.985929218085,564.9962199772534,555.985929218085,563.9361572265625,17100,0.0,0.0
2019-08-19 00:00:00+09:00,564.2013022080623,571.6215002225376,564.2013022080623,567.911376953125,15000,0.0,0.0
2019-08-20 00:00:00+09:00,566.586263492672,567.6462777151188,557.3109813421545,564.4661865234375,21300,0.0,0.0
2019-08-21 00:00:00+09:00,558.6360351846828,562.3461092232336,558.6360351846828,561.5510864257812,11700,0.0,0.0
2019-08-22 00:00:00+09:00,567.9112473876954,567.9112473876954,558.9010055311525,560.7560424804688,12900,0.0,0.0
2019-08-23 00:00:00+09:00,559.1659814417153,568.1762715727716,557.5759359508627,567.646240234375,16200,0.0,0.0
2019-08-26 00:00:00+09:00,527.8950545172959,556.250879343354,522.5948871927461,525.2449951171875,256800,0.0,0.0
2019-08-27 00:00:00+09:00,526.0400363633292,532.135178051222,523.6549682617188,523.6549682617188,53100,0.0,0.0
2019-08-28 00:00:00+09:00,523.3900031275483,523.3900031275483,507.75458679921707,514.3797607421875,44700,0.0,0.0
2019-08-29 00:00:00+09:00,511.72973851107787,514.6447900277491,509.0796299194828,514.1148071289062,19200,0.0,0.0
2019-08-30 00:00:00+09:00,512.7896237404456,527.10003184483,508.8145103781165,525.2449951171875,35700,0.0,0.0
2019-09-02 00:00:00+09:00,524.9800556433593,524.9800556433593,517.2948673555023,518.619873046875,12600,0.0,0.0
2019-09-03 00:00:00+09:00,519.9449345461865,532.6652999173469,515.7048289305806,531.6052856445312,15300,0.0,0.0
2019-09-04 00:00:00+09:00,527.365060581885,528.9551060394427,522.06494140625,522.06494140625,14100,0.0,0.0
2019-09-05 00:00:00+09:00,523.1250839539007,530.0152988028483,523.1250839539007,529.2202758789062,21300,0.0,0.0
2019-09-06 00:00:00+09:00,533.9902596411144,541.6754466764335,533.7252197265625,533.7252197265625,27300,0.0,0.0
2019-09-09 00:00:00+09:00,533.7253586502454,533.7253586502454,527.1001839756605,529.750244140625,23700,0.0,0.0
2019-09-10 00:00:00+09:00,529.7502021081356,535.5804019425522,527.1001421534372,531.0752563476562,37500,0.0,0.0
2019-09-11 00:00:00+09:00,530.0152467425075,539.8205123332292,530.0152467425075,538.760498046875,34800,0.0,0.0
2019-09-12 00:00:00+09:00,541.1455920254288,541.9406149086569,534.7854089596033,538.4954833984375,34500,0.0,0.0
2019-09-13 00:00:00+09:00,542.7355745483989,542.7355745483989,534.7853466425353,541.9405517578125,52200,0.0,0.0
2019-09-17 00:00:00+09:00,542.2056169181035,554.1309603987069,542.2056169181035,553.3359375,36000,0.0,0.0
2019-09-18 00:00:00+09:00,553.0708947537233,553.6008776208163,541.1455523789978,545.1206665039062,36000,0.0,0.0
2019-09-19 00:00:00+09:00,545.1207757106937,552.2759825689677,543.2656897312028,548.0358276367188,36300,0.0,0.0
2019-09-20 00:00:00+09:00,550.9508585473947,567.38134765625,549.0958213263942,567.38134765625,65400,0.0,0.0
2019-09-24 00:00:00+09:00,567.116249066514,569.766357421875,562.3461122560732,569.766357421875,32400,0.0,0.0
2019-09-25 00:00:00+09:00,572.9465184709298,579.3067016601562,569.2363954357654,579.3067016601562,40200,0.0,0.0
2019-09-26 00:00:00+09:00,583.5467686230005,597.3271484375,579.3066629549261,597.3271484375,47700,0.0,0.0
2019-09-27 00:00:00+09:00,602.6675579388318,602.6675579388318,586.3792614193285,589.8505249023438,26400,5.666667,0.0
2019-09-30 00:00:00+09:00,585.8453367677229,585.8453367677229,571.1591660013438,575.1644897460938,22200,0.0,0.0
2019-10-01 00:00:00+09:00,567.4207503667591,577.8345903196598,567.4207503667591,575.431396484375,18600,0.0,0.0
2019-10-02 00:00:00+09:00,575.1644438815996,578.368702621887,568.2218669799406,570.6250610351562,15600,0.0,0.0
2019-10-03 00:00:00+09:00,560.478213942012,560.478213942012,551.3994492265973,559.4100952148438,18300,0.0,0.0
2019-10-04 00:00:00+09:00,560.211181640625,562.8814296694807,553.8026646003391,560.211181640625,8100,0.0,0.0
2019-10-07 00:00:00+09:00,560.2110891800758,560.2110891800758,549.7972507083725,554.6036376953125,10800,0.0,0.0
2019-10-08 00:00:00+09:00,556.2057961964873,561.8132479787139,556.2057961964873,560.7451782226562,11400,0.0,0.0
2019-10-09 00:00:00+09:00,560.7451782226562,560.7451782226562,556.7398555210659,560.7451782226562,8100,0.0,0.0
2019-10-10 00:00:00+09:00,560.745197266827,560.745197266827,552.2004922488702,558.6090087890625,9000,0.0,0.0
2019-10-11 00:00:00+09:00,558.6090136236352,559.1430729709737,550.5983678790653,553.2686157226562,18600,0.0,0.0
2019-10-15 00:00:00+09:00,559.6771375129712,566.88671875,555.4047604808121,566.88671875,23700,0.0,0.0
2019-10-16 00:00:00+09:00,571.6930225413355,573.8291618515667,563.6823778952313,566.0855712890625,21000,0.0,0.0
2019-10-17 00:00:00+09:00,562.6143171358827,565.0175107765577,560.2111234952077,563.1483764648438,16800,0.0,0.0
2019-10-18 00:00:00+09:00,563.6823778952313,567.4206461346834,558.0749266429583,566.0855712890625,19500,0.0,0.0
2019-10-21 00:00:00+09:00,562.8814756930191,566.0857344751556,559.6772169108826,564.7506103515625,15000,0.0,0.0
2019-10-23 00:00:00+09:00,563.9493238346836,573.8291015625,563.9493238346836,573.8291015625,21900,0.0,0.0
2019-10-24 00:00:00+09:00,576.7665258457199,597.0601465685161,576.7665258457199,592.5208129882812,48300,0.0,0.0
2019-10-25 00:00:00+09:00,598.9292883902053,601.5994873046875,593.3218364446224,601.5994873046875,41100,0.0,0.0
2019-10-28 00:00:00+09:00,599.1963119997788,622.9612444151178,596.2590588785497,622.4271850585938,28500,0.0,0.0
2019-10-29 00:00:00+09:00,621.893149248622,624.8304024810634,619.2229501511052,622.6942138671875,31200,0.0,0.0
2019-10-30 00:00:00+09:00,622.1602455822452,646.7261962890625,618.955986890651,646.7261962890625,57000,0.0,0.0
2019-10-31 00:00:00+09:00,643.5218274110556,643.5218274110556,620.0239506604688,631.505859375,23100,0.0,0.0
2019-11-01 00:00:00+09:00,622.1602085838484,628.5687255859375,611.7463684554536,628.5687255859375,21600,0.0,0.0
2019-11-05 00:00:00+09:00,653.9356393023052,663.8154674294304,641.1186072611454,659.5430908203125,67200,0.0,0.0
2019-11-06 00:00:00+09:00,664.0825149499187,664.3495201700915,656.8729339673501,661.6793212890625,37800,0.0,0.0
2019-11-07 00:00:00+09:00,653.1345872083441,658.742038832885,653.1345872083441,655.5377807617188,12000,0.0,0.0
2019-11-08 00:00:00+09:00,663.5484480882732,663.5484480882732,652.8676037922351,656.3388671875,21600,0.0,0.0
2019-11-11 00:00:00+09:00,656.605904060138,664.082489981775,653.9356563864046,657.9409790039062,12000,0.0,0.0
2019-11-12 00:00:00+09:00,659.2760950137833,664.3494873046875,658.2080252928292,664.3494873046875,14100,0.0,0.0
2019-11-13 00:00:00+09:00,662.7474671676853,664.0825912080653,655.0038748555564,657.1400146484375,9900,0.0,0.0
2019-11-14 00:00:00+09:00,657.139980466237,657.139980466237,650.1974531608417,652.6006469726562,9000,0.0,0.0
2019-11-15 00:00:00+09:00,658.7421158946357,666.2187515307295,654.4697875976562,654.4697875976562,31200,0.0,0.0
2019-11-18 00:00:00+09:00,654.7367972304681,658.7421203148574,650.4644689048209,656.8729858398438,15000,0.0,0.0
2019-11-19 00:00:00+09:00,657.6740268510499,660.3442258471009,655.8048924431246,656.60595703125,11400,0.0,0.0
2019-11-20 00:00:00+09:00,649.9303879244515,656.0718994140625,642.4538013798268,656.0718994140625,14700,0.0,0.0
2019-11-21 00:00:00+09:00,651.7995340305611,660.6112440203949,648.8622810695832,656.3388671875,17400,0.0,0.0
2019-11-22 00:00:00+09:00,648.8622992683136,660.61126254865,648.8622992683136,658.2080688476562,17100,0.0,0.0
2019-11-25 00:00:00+09:00,678.2346830226041,678.2346830226041,656.8729449382927,658.2080688476562,24000,0.0,0.0
2019-11-26 00:00:00+09:00,664.8836291307039,664.8836291307039,642.7208251953125,642.7208251953125,31500,0.0,0.0
2019-11-27 00:00:00+09:00,644.5899236590395,657.139901687495,644.5899236590395,654.2026977539062,23400,0.0,0.0
2019-11-28 00:00:00+09:00,657.1399003273236,657.1399003273236,648.595244856082,650.7313842773438,9000,0.0,0.0
2019-11-29 00:00:00+09:00,653.6686671596468,653.6686671596468,642.4537635564176,645.1239624023438,12900,0.0,0.0
2019-12-02 00:00:00+09:00,645.124002582943,648.5953150812621,641.1186796180384,647.7942504882812,26400,0.0,0.0
2019-12-03 00:00:00+09:00,647.7942504882812,651.2655140934977,638.982539965491,647.7942504882812,25500,0.0,0.0
2019-12-04 00:00:00+09:00,646.1920810551939,648.0612153580322,642.7207687730804,645.1239624023438,12600,0.0,0.0
2019-12-05 00:00:00+09:00,648.0612982959286,657.1400146484375,644.8570397135013,657.1400146484375,29100,0.0,0.0
2019-12-06 00:00:00+09:00,665.6845999412166,672.0931159454642,656.3388311373233,660.0771484375,84900,0.0,0.0
2019-12-09 00:00:00+09:00,662.2133888367946,662.4803940602794,653.1346245211,655.2708129882812,32400,0.0,0.0
2019-12-10 00:00:00+09:00,655.2708320841213,656.3389019022871,650.4644445627218,653.1346435546875,32700,0.0,0.0
2019-12-11 00:00:00+09:00,653.1346547516562,653.4017088806024,642.7208149434284,649.6633911132812,22200,0.0,0.0
2019-12-12 00:00:00+09:00,664.0824911678538,694.2559379046235,655.2707813936121,680.9048461914062,99900,0.0,0.0
2019-12-13 00:00:00+09:00,693.7219130081681,693.9889182320261,685.7112673614226,689.4495849609375,66000,0.0,0.0
2019-12-16 00:00:00+09:00,689.449596752685,693.7219248729858,681.4389509689322,681.9729614257812,42000,0.0,0.0
2019-12-17 00:00:00+09:00,688.6485847355506,704.9368827746881,684.1092021472541,699.596435546875,69000,0.0,0.0
2019-12-18 00:00:00+09:00,703.6017861127632,728.9688503152073,703.6017861127632,728.1677856445312,87000,0.0,0.0
2019-12-19 00:00:00+09:00,727.6335194002124,727.6335194002124,704.135645370785,707.8739624023438,69300,0.0,0.0
2019-12-20 00:00:00+09:00,715.0837738593533,720.9582320449797,710.5443909154411,719.6231079101562,21900,0.0,0.0
2019-12-23 00:00:00+09:00,719.6229980149512,719.6229980149512,699.5963835164545,704.4027709960938,33000,0.0,0.0
2019-12-24 00:00:00+09:00,706.2719306268383,706.2719306268383,701.4655433081523,704.1357421875,26100,0.0,0.0
2019-12-25 00:00:00+09:00,717.2197644180701,717.2197644180701,699.863398745962,705.2037963867188,28200,0.0,0.0
2019-12-26 00:00:00+09:00,706.004966327815,710.27734375,701.999643052708,710.27734375,30000,0.0,0.0
2019-12-27 00:00:00+09:00,711.8794424247766,711.8794424247766,696.926219876844,704.6698608398438,25200,0.0,0.0
2019-12-30 00:00:00+09:00,698.7953578581227,703.868799742391,695.8581534968141,703.6017456054688,14400,0.0,0.0
2020-01-06 00:00:00+09:00,698.2614385268688,698.2614385268688,684.9103434102519,687.3135375976562,34800,0.0,0.0
2020-01-07 00:00:00+09:00,682.7739402083741,696.1250311346622,682.7739402083741,689.9835205078125,25200,0.0,0.0
2020-01-08 00:00:00+09:00,689.716527221763,689.716527221763,670.2239742251573,678.234619140625,29700,0.0,0.0
2020-01-09 00:00:00+09:00,692.9208567789573,692.9208567789573,672.6272371941141,683.0410766601562,35400,0.0,0.0
2020-01-10 00:00:00+09:00,689.7166103939977,710.2772844541212,689.4496051623164,709.7432250976562,64500,0.0,0.0
2020-01-14 00:00:00+09:00,709.7431960941807,732.7070629803305,709.7431960941807,726.5655517578125,57600,0.0,0.0
2020-01-15 00:00:00+09:00,725.4975211320087,726.0315316023663,720.4240794118913,725.7645263671875,26400,0.0,0.0
2020-01-16 00:00:00+09:00,725.7645409606392,725.7645409606392,708.6751788104079,710.01025390625,53700,0.0,0.0
2020-01-17 00:00:00+09:00,710.2772526230601,730.8378768686573,710.2772526230601,723.6282958984375,78000,0.0,0.0
2020-01-20 00:00:00+09:00,726.5655891216849,748.9953978266542,726.5655891216849,745.257080078125,82500,0.0,0.0
2020-01-21 00:00:00+09:00,745.5240916014693,757.2730057515441,742.3198333981579,747.126220703125,69900,0.0,0.0
2020-01-22 00:00:00+09:00,750.3304650004944,753.534723144421,743.6548946052482,747.6602172851562,58800,0.0,0.0
2020-01-23 00:00:00+09:00,747.6602265338043,748.995350407989,739.1155706397012,744.7230224609375,80400,0.0,0.0
2020-01-24 00:00:00+09:00,747.3932120708621,750.3304650004944,736.9793731031009,747.6602172851562,66300,0.0,0.0
2020-01-27 00:00:00+09:00,734.3091984353139,734.3091984353139,724.4293695711527,728.4346923828125,72900,0.0,0.0
2020-01-28 00:00:00+09:00,717.2198231116733,739.1156214671531,710.8113063038458,736.4453735351562,83400,0.0,0.0
2020-01-29 00:00:00+09:00,750.3305303890911,750.3305303890911,736.7124320906353,738.8485717773438,46200,0.0,0.0
2020-01-30 00:00:00+09:00,744.7230010182559,744.7230010182559,708.6750974910866,720.4240112304688,75600,0.0,0.0
2020-01-31 00:00:00+09:00,720.4240205159389,733.7751123661521,715.8846874234835,725.2304077148438,71400,0.0,0.0
2020-02-03 00:00:00+09:00,698.5283362605601,711.0783647158477,691.0517495707628,708.6751708984375,83400,0.0,0.0
2020-02-04 00:00:00+09:00,707.606989992989,711.345307455998,697.1931510324845,705.2037963867188,32700,0.0,0.0
2020-02-05 00:00:00+09:00,711.612440093541,718.8220222033209,706.0049873414899,707.6071166992188,28500,0.0,0.0
2020-02-06 00:00:00+09:00,712.9475269567498,737.7805307046815,712.9475269567498,733.7752075195312,63600,0.0,0.0
2020-02-07 00:00:00+09:00,729.2358032677017,738.8485786263083,719.6230279090952,732.97412109375,42000,0.0,0.0
2020-02-10 00:00:00+09:00,725.2305322210167,736.7124917627783,719.3560742670948,728.1677856445312,26700,0.0,0.0
2020-02-12 00:00:00+09:00,732.9741903934855,738.84864848145,715.8848266601562,715.8848266601562,41100,0.0,0.0
2020-02-13 00:00:00+09:00,720.4239828528953,720.4239828528953,708.1410102844238,717.7537841796875,23100,0.0,0.0
2020-02-14 00:00:00+09:00,717.7538625559284,719.3559917134193,708.4080928395308,716.1517333984375,18900,0.0,0.0
2020-02-17 00:00:00+09:00,715.3506656270971,715.3506656270971,694.2559814453125,694.2559814453125,33300,0.0,0.0
2020-02-18 00:00:00+09:00,696.9260393986937,701.9994310506421,673.962176592074,684.1090087890625,79800,0.0,0.0
2020-02-19 00:00:00+09:00,681.4389309569883,691.585716056358,672.8942260742188,672.8942260742188,60300,0.0,0.0
2020-02-20 00:00:00+09:00,673.9624045093085,681.1719866653264,652.3336580412546,655.00390625,51300,0.0,0.0
2020-02-21 00:00:00+09:00,650.1974186753127,659.543139296839,649.3963541138619,655.8048706054688,49500,0.0,0.0
2020-02-25 00:00:00+09:00,620.5580528615267,633.3750863189551,610.9452777684554,614.1495361328125,109200,0.0,0.0
2020-02-26 00:00:00+09:00,602.4006233171788,614.1495879419891,599.4633699376996,605.8718872070312,75600,0.0,0.0
2020-02-27 00:00:00+09:00,601.065403141821,609.6101077656267,587.9813654401707,597.8611450195312,95400,0.0,0.0
2020-02-28 00:00:00+09:00,571.6930654908525,585.044108308652,562.3472964039142,564.2164306640625,84900,0.0,0.0
2020-03-02 00:00:00+09:00,545.525026023234,586.1123178743044,545.525026023234,582.1069946289062,96300,0.0,0.0
2020-03-03 00:00:00+09:00,589.0494585141528,596.5260936910273,567.4207153320312,567.4207153320312,65400,0.0,0.0
2020-03-04 00:00:00+09:00,561.0120817397808,570.357849313685,558.6088885544704,562.0802001953125,35400,0.0,0.0
2020-03-05 00:00:00+09:00,562.0803306126147,570.0909764223285,555.404759842452,555.6718139648438,49500,0.0,0.0
2020-03-06 00:00:00+09:00,548.1952406557705,548.1952406557705,522.0271606445312,522.0271606445312,90300,0.0,0.0
2020-03-09 00:00:00+09:00,500.66532245745583,507.3408437925226,483.0419031069534,488.11529541015625,69000,0.0,0.0
2020-03-10 00:00:00+09:00,466.7536545075491,496.1259904493802,456.6068199878949,495.59197998046875,129600,0.0,0.0
2020-03-11 00:00:00+09:00,484.91107594574237,495.5919696037745,479.03661865899596,481.7068176269531,58200,0.0,0.0
2020-03-12 00:00:00+09:00,475.29827872901376,475.29827872901376,450.1982727050781,450.1982727050781,118500,0.0,0.0
2020-03-13 00:00:00+09:00,416.0195690335786,427.2344744147813,398.12914103269577,410.1451110839844,137700,0.0,0.0
2020-03-16 00:00:00+09:00,429.6375727580955,430.70569134244477,411.74714874085447,421.89398193359375,102000,0.0,0.0
2020-03-17 00:00:00+09:00,408.8099423291778,438.98336498527703,393.85672138477764,436.0461120605469,130200,0.0,0.0
2020-03-18 00:00:00+09:00,440.5854714222239,446.72698217005075,425.09824084568703,427.5014343261719,68100,0.0,0.0
2020-03-19 00:00:00+09:00,438.182326277966,446.192972096576,418.15571173144104,428.0354919433594,82500,0.0,0.0
2020-03-23 00:00:00+09:00,437.38127174709035,466.7536567213359,427.23443717931036,460.879150390625,116100,0.0,0.0
2020-03-24 00:00:00+09:00,471.55998848363316,486.24615478515625,462.48122482689763,486.24615478515625,55200,0.0,0.0
2020-03-25 00:00:00+09:00,528.9695500801373,528.9695500801373,485.9791232172644,514.8174438476562,100800,0.0,0.0
2020-03-26 00:00:00+09:00,498.2622380164023,524.6973728307773,489.45052641161067,514.550537109375,71100,0.0,0.0
2020-03-27 00:00:00+09:00,517.2207056843876,529.7706846538676,509.74407045458963,527.9015502929688,120000,0.0,0.0
2020-03-30 00:00:00+09:00,509.42238417941064,526.5226140603303,504.18194716538386,524.316162109375,57300,21.0,0.0
2020-03-31 00:00:00+09:00,524.3161139695644,527.3499977491856,505.56097109374997,517.14501953125,37500,0.0,0.0
2020-04-01 00:00:00+09:00,505.8366952233457,507.2157652528496,471.9119866175271,475.49755859375,99600,0.0,0.0
2020-04-02 00:00:00+09:00,480.73801915440373,480.73801915440373,442.40035115638767,443.227783203125,87900,0.0,0.0
2020-04-03 00:00:00+09:00,453.1568910732481,464.18929966184425,428.05808956822096,432.74688720703125,56100,0.0,0.0
2020-04-06 00:00:00+09:00,427.5064900163519,449.8471508729705,419.50796497428195,445.7099914550781,86700,0.0,0.0
2020-04-07 00:00:00+09:00,456.7424307671344,476.6007973222272,447.3648856169309,462.5344543457031,74100,0.0,0.0
2020-04-08 00:00:00+09:00,452.3294279285482,482.6685620775677,452.3294279285482,472.7393798828125,63000,0.0,0.0
2020-04-09 00:00:00+09:00,472.7394889775214,484.32353754466845,463.3619426858836,479.91058349609375,31500,0.0,0.0
2020-04-10 00:00:00+09:00,486.80575264030256,493.97684596528944,469.42968268172456,493.1494140625,41700,0.0,0.0
2020-04-13 00:00:00+09:00,492.87361614764194,492.87361614764194,476.87656582564017,490.6671142578125,30000,0.0,0.0
2020-04-14 00:00:00+09:00,491.2188350619993,502.25124536379417,481.5654444839015,491.49462890625,76800,0.0,0.0
2020-04-15 00:00:00+09:00,496.1833413514797,500.32050081104614,489.83968001266624,491.21875,41100,0.0,0.0
2020-04-16 00:00:00+09:00,486.52990294696895,495.63165283203125,477.703946830341,495.63165283203125,42000,0.0,0.0
2020-04-17 00:00:00+09:00,493.14941707619874,507.7673976156228,485.9783237073884,486.8057556152344,28800,0.0,0.0
2020-04-20 00:00:00+09:00,486.80574262216476,491.21874634784865,479.91049374163094,482.9444274902344,19800,0.0,0.0
2020-04-21 00:00:00+09:00,481.0137322635714,485.1508918028293,472.4636193832504,484.59930419921875,30900,0.0,0.0
2020-04-22 00:00:00+09:00,474.394279990168,490.3913306443949,471.63619044742785,478.2556457519531,29400,0.0,0.0
2020-04-23 00:00:00+09:00,479.91047954910204,504.4576416015625,479.91047954910204,504.4576416015625,28200,0.0,0.0
2020-04-24 00:00:00+09:00,500.04472343880775,509.9739074707032,496.183407761365,509.9739074707031,35400,0.0,0.0
2020-04-27 00:00:00+09:00,521.0062972395849,533.6935693936085,513.283565926323,525.4192504882812,58500,0.0,0.0
2020-04-28 00:00:00+09:00,556.8617373668085,578.3749694196124,551.0697133525921,569.5490112304688,99300,0.0,0.0
2020-04-30 00:00:00+09:00,578.6507248530946,583.3395227209314,570.6522496992085,573.4103393554688,66600,0.0,0.0
2020-05-01 00:00:00+09:00,565.1360434223619,565.4118372487434,547.7599718090829,551.621337890625,42600,0.0,0.0
2020-05-07 00:00:00+09:00,555.2067627069977,568.1698783226759,538.1064879057233,566.5150146484375,47400,0.0,0.0
2020-05-08 00:00:00+09:00,565.4118152423157,576.4442749023438,555.4826318497535,576.4442749023438,51000,0.0,0.0
2020-05-11 00:00:00+09:00,576.7200435491401,606.7833862304688,564.3085648500911,606.7833862304688,66000,0.0,0.0
2020-05-12 00:00:00+09:00,606.7834250463314,607.0592693700245,583.8911743164062,583.8911743164062,54000,0.0,0.0
2020-05-13 00:00:00+09:00,584.1669744286834,585.8218383789062,575.0652227024574,585.8218383789062,40500,0.0,0.0
2020-05-14 00:00:00+09:00,576.4442546842922,582.5120719327798,560.9988420034442,564.0327758789062,54300,0.0,0.0
2020-05-15 00:00:00+09:00,565.1359537318652,572.3070466016503,549.414748576806,559.8955688476562,48600,0.0,0.0
2020-05-18 00:00:00+09:00,562.9294867830453,575.3409653047373,554.6551677685839,564.5843505859375,61200,0.0,0.0
2020-05-19 00:00:00+09:00,581.4089010353005,609.8173828125,575.6168770465792,609.8173828125,137700,0.0,0.0
2020-05-20 00:00:00+09:00,651.1888407686082,658.6357271306381,628.8481816825188,636.5708618164062,339600,0.0,0.0
2020-05-21 00:00:00+09:00,625.2626738207778,626.0901056562254,601.2671505927949,612.8511962890625,152100,0.0,0.0
2020-05-22 00:00:00+09:00,617.8158911511551,622.504638671875,608.1625012808054,622.504638671875,58500,0.0,0.0
2020-05-25 00:00:00+09:00,627.7450186406376,629.1240381397605,609.2656725290103,613.40283203125,80700,0.0,0.0
2020-05-26 00:00:00+09:00,615.3335308022226,621.4013478126757,611.7479589530343,620.0222778320312,51000,0.0,0.0
2020-05-27 00:00:00+09:00,620.2980741968601,621.6770935685079,602.3703678435628,615.8850708007812,94800,0.0,0.0
2020-05-28 00:00:00+09:00,615.8851335516927,620.0222930930216,609.5415225899455,618.9190673828125,58200,0.0,0.0
2020-05-29 00:00:00+09:00,617.5400303279418,619.7465323685626,613.1270767491387,616.1610107421875,48900,0.0,0.0
2020-06-01 00:00:00+09:00,620.0223181764147,620.0223181764147,608.4382709920537,611.1964111328125,38400,0.0,0.0
2020-06-02 00:00:00+09:00,613.1269815550551,618.3673662726641,610.0930480330547,615.8850708007812,51000,0.0,0.0
2020-06-03 00:00:00+09:00,620.574020225275,626.6418382555522,612.5754937971127,621.67724609375,42900,0.0,0.0
2020-06-04 00:00:00+09:00,621.4013431094738,628.5724362511403,611.7479543228961,621.1255493164062,52800,0.0,0.0
2020-06-05 00:00:00+09:00,615.0576782226562,620.5739075685211,613.6786587630155,615.0576782226562,32100,0.0,0.0
2020-06-08 00:00:00+09:00,618.0916616749956,636.846802558182,618.0916616749956,633.26123046875,43800,0.0,0.0
2020-06-09 00:00:00+09:00,639.053354147235,643.7421527279022,628.2967371993395,636.0194702148438,28200,0.0,0.0
2020-06-10 00:00:00+09:00,634.915936218132,637.3982314298914,624.1593236338406,624.9867553710938,32100,0.0,0.0
2020-06-11 00:00:00+09:00,623.332068744469,627.469228604504,593.2687239290275,597.4058837890625,70500,0.0,0.0
2020-06-12 00:00:00+09:00,572.3069940284159,576.9957404142526,556.0341523005567,572.8585815429688,124200,0.0,0.0
2020-06-15 00:00:00+09:00,575.0651928346549,575.0651928346549,552.448736857078,554.37939453125,59100,0.0,0.0
2020-06-16 00:00:00+09:00,559.8956359147401,577.2717068517239,557.1374957485139,576.4442749023438,81600,0.0,0.0
2020-06-17 00:00:00+09:00,573.1345569559714,590.5106281916187,559.0682135747332,569.8248291015625,95100,0.0,0.0
2020-06-18 00:00:00+09:00,570.6522257471988,575.6168172215512,564.5843580546998,573.134521484375,47700,0.0,0.0
2020-06-19 00:00:00+09:00,572.582845857828,585.5459618033971,568.1698927817,584.9943237304688,52500,0.0,0.0
2020-06-22 00:00:00+09:00,584.9942697971354,608.4381534499123,579.4780410837175,602.0945434570312,87300,0.0,0.0
2020-06-23 00:00:00+09:00,604.5769484104375,609.2656956895898,595.475197159517,602.646240234375,48300,0.0,0.0
2020-06-24 00:00:00+09:00,605.1284684561549,605.1284684561549,589.1314697265625,589.1314697265625,41700,0.0,0.0
2020-06-25 00:00:00+09:00,589.4073486328125,594.9235785270146,589.131554813956,589.4073486328125,38100,0.0,0.0
2020-06-26 00:00:00+09:00,590.2347469824056,602.9220699663791,590.2347469824056,595.7509765625,51300,0.0,0.0
2020-06-29 00:00:00+09:00,597.9574874370351,611.7479858398438,588.579891960396,611.7479858398438,53700,0.0,0.0
2020-06-30 00:00:00+09:00,614.5061472153145,618.919100796832,601.5430297851562,601.5430297851562,45300,0.0,0.0
2020-07-01 00:00:00+09:00,615.3335431254076,619.4707026477603,600.9913564462944,604.8527221679688,86100,0.0,0.0
2020-07-02 00:00:00+09:00,606.2318995362864,606.2318995362864,575.6169136491447,580.8572998046875,60600,0.0,0.0
2020-07-03 00:00:00+09:00,580.8572630076781,598.7849731445312,578.0991731798704,598.7849731445312,25500,0.0,0.0
2020-07-06 00:00:00+09:00,598.7848163294661,609.5414294940527,598.7848163294661,602.0945434570312,25800,0.0,0.0
2020-07-07 00:00:00+09:00,619.4706756844143,640.1564723957991,610.920512708753,639.3290405273438,159000,0.0,0.0
2020-07-08 00:00:00+09:00,639.0532528364364,639.0532528364364,611.1964111328125,611.1964111328125,32700,0.0,0.0
2020-07-09 00:00:00+09:00,617.8158334615035,617.8158334615035,601.8187831126837,613.9544677734375,38100,0.0,0.0
2020-07-10 00:00:00+09:00,611.1963997829757,611.1963997829757,592.9928974027307,600.1639404296875,37800,0.0,0.0
2020-07-13 00:00:00+09:00,609.8173954098578,626.3660357194876,609.8173954098578,620.2982177734375,40800,0.0,0.0
2020-07-14 00:00:00+09:00,623.6078748538628,629.3998983029622,616.7125751747388,626.9176025390625,26400,0.0,0.0
2020-07-15 00:00:00+09:00,628.5724963175473,643.7420654296875,623.3320602314466,643.7420654296875,40200,0.0,0.0
2020-07-16 00:00:00+09:00,648.1549585643199,648.1549585643199,626.6417295936476,632.157958984375,31500,0.0,0.0
2020-07-17 00:00:00+09:00,634.3644755427808,639.05322265625,629.3998841268002,639.05322265625,16500,0.0,0.0
2020-07-20 00:00:00+09:00,639.6048824600978,639.8806762695312,606.2318114211638,639.8806762695312,34800,0.0,0.0
2020-07-21 00:00:00+09:00,639.8805932815851,639.8805932815851,624.7110266862609,631.0546875,17100,0.0,0.0
2020-07-22 00:00:00+09:00,626.3660124690401,634.0886941593905,624.9869423269473,627.46923828125,32100,0.0,0.0
2020-07-27 00:00:00+09:00,629.951411400479,631.0546875,613.4027749319687,631.0546875,42900,0.0,0.0
2020-07-28 00:00:00+09:00,631.0546941217254,632.9853515625,618.3673723611176,632.9853515625,57000,0.0,0.0
2020-07-29 00:00:00+09:00,623.3320471486697,634.364506728162,620.5739575050156,633.26123046875,16200,0.0,0.0
2020-07-30 00:00:00+09:00,633.2612200593576,633.2612200593576,623.6078812140285,628.8482666015625,21900,0.0,0.0
2020-07-31 00:00:00+09:00,631.8822541951748,632.9854800277427,620.8497938597303,623.8837280273438,33600,0.0,0.0
2020-08-03 00:00:00+09:00,610.0930370002677,615.8850596632526,593.8202450915966,599.8880615234375,46800,0.0,0.0
2020-08-04 00:00:00+09:00,613.678713671082,613.678713671082,585.2701830256192,598.5090942382812,38700,0.0,0.0
2020-08-05 00:00:00+09:00,598.7849971725096,603.7495893632469,584.9944464752028,599.060791015625,23700,0.0,0.0
2020-08-06 00:00:00+09:00,606.78347381229,615.0577941392869,604.0253838707722,613.1271362304688,21600,0.0,0.0
2020-08-07 00:00:00+09:00,609.8173281840353,613.1270558810993,607.3350324112374,611.7479858398438,9900,0.0,0.0
2020-08-11 00:00:00+09:00,609.2657346163638,627.46923828125,609.2657346163638,627.46923828125,35700,0.0,0.0
2020-08-12 00:00:00+09:00,628.8481881049048,641.5354592763865,627.7449625037767,630.5030517578125,36300,0.0,0.0
2020-08-13 00:00:00+09:00,637.3983440789838,637.3983440789838,627.1933676834506,632.157958984375,20400,0.0,0.0
2020-08-14 00:00:00+09:00,636.5709174192928,636.5709174192928,623.0562133789062,623.0562133789062,19200,0.0,0.0
2020-08-17 00:00:00+09:00,623.0562306322831,644.017822265625,623.0562306322831,644.017822265625,33000,0.0,0.0
2020-08-18 00:00:00+09:00,644.0177871760085,658.3599732248233,635.7434684949359,647.3275146484375,48600,0.0,0.0
2020-08-19 00:00:00+09:00,640.156525512907,644.2936851984656,634.364501953125,634.364501953125,13800,0.0,0.0
2020-08-20 00:00:00+09:00,632.7097308721216,632.7097308721216,610.6448591456289,614.5062255859375,37500,0.0,0.0
2020-08-21 00:00:00+09:00,614.5061292187753,619.4707207910029,613.4028529788777,617.8158569335938,10200,0.0,0.0
2020-08-24 00:00:00+09:00,607.3350918894583,617.5400697873321,594.3719736389603,597.6817016601562,45000,0.0,0.0
2020-08-25 00:00:00+09:00,617.2641994809145,617.2641994809145,610.0931061559276,616.436767578125,38100,0.0,0.0
2020-08-26 00:00:00+09:00,617.540059673893,623.60792794834,613.6787440473622,621.9530639648438,7500,0.0,0.0
2020-08-27 00:00:00+09:00,623.0562026832991,623.0562026832991,618.6432495117188,618.6432495117188,35100,0.0,0.0
2020-08-28 00:00:00+09:00,619.7464470940668,624.986831904243,602.0945847052376,612.299560546875,32700,0.0,0.0
2020-08-31 00:00:00+09:00,607.3349266863884,624.9867878304151,607.3349266863884,622.2286987304688,38100,0.0,0.0
2020-09-01 00:00:00+09:00,624.98686442909,624.98686442909,615.6093199380141,621.1255493164062,12000,0.0,0.0
2020-09-02 00:00:00+09:00,632.1579713126042,632.1579713126042,615.3335395210648,616.9884033203125,20700,0.0,0.0
2020-09-03 00:00:00+09:00,619.1948716388221,646.7759693816329,619.1948716388221,623.33203125,54900,0.0,0.0
2020-09-04 00:00:00+09:00,623.332014215805,633.261197011291,615.3335395210648,616.9884033203125,47100,0.0,0.0
2020-09-07 00:00:00+09:00,626.090226265125,638.777500018566,617.5400619834563,632.433837890625,33300,0.0,0.0
2020-09-08 00:00:00+09:00,643.4662515585152,649.8098627246258,622.7804531854642,645.9485473632812,43800,0.0,0.0
2020-09-09 00:00:00+09:00,618.6433113180631,643.1904257590297,618.3674669968575,640.7081298828125,40200,0.0,0.0
2020-09-10 00:00:00+09:00,644.0178169018062,660.5664550277836,644.0178169018062,653.1195678710938,47700,0.0,0.0
2020-09-11 00:00:00+09:00,666.9101625651922,669.1166646352863,653.1196130063727,668.8408203125,53100,0.0,0.0
2020-09-14 00:00:00+09:00,678.4941015988035,678.4941015988035,665.8068303542703,667.7374877929688,23700,0.0,0.0
2020-09-15 00:00:00+09:00,671.8746271082475,671.8746271082475,662.2212391949629,669.9439697265625,10200,0.0,0.0
2020-09-16 00:00:00+09:00,676.5635111280624,683.7345540401393,671.0472815397881,681.2522583007812,28800,0.0,0.0
2020-09-17 00:00:00+09:00,681.252328483249,688.4234226365265,671.5989888373291,678.2184448242188,31800,0.0,0.0
2020-09-18 00:00:00+09:00,680.9764139054059,689.250732421875,679.0457564190406,689.250732421875,37200,0.0,0.0
2020-09-23 00:00:00+09:00,680.4247871481023,690.0781757452701,677.66669776424,682.0796508789062,52800,0.0,0.0
2020-09-24 00:00:00+09:00,682.0796561683054,686.7684536094218,661.1180655830459,664.9794311523438,51900,0.0,0.0
2020-09-25 00:00:00+09:00,675.4602429121547,688.4233598720971,670.7714956838812,686.2168579101562,81000,0.0,0.0
2020-09-28 00:00:00+09:00,685.6652704444675,701.3864769834009,676.2876749810231,700.8348388671875,67200,0.0,0.0
2020-09-29 00:00:00+09:00,706.9435851827178,729.7123712969653,698.335833056986,720.54931640625,67200,5.666667,0.0
2020-09-30 00:00:00+09:00,723.8813014348086,723.8813014348086,694.4484768203547,709.4425659179688,45300,0.0,0.0
2020-10-02 00:00:00+09:00,709.4425229133192,709.4425229133192,656.1302093534633,664.1825561523438,50100,0.0,0.0
2020-10-05 00:00:00+09:00,678.0660930363644,685.5631382910663,671.6797042051988,676.677734375,30900,0.0,0.0
2020-10-06 00:00:00+09:00,676.6777143655901,684.1747593986038,669.7360229492188,669.7360229492188,18300,0.0,0.0
2020-10-07 00:00:00+09:00,670.5689111042693,670.8465624429136,659.1844944237089,670.291259765625,27900,0.0,0.0
2020-10-08 00:00:00+09:00,664.4602583471908,671.4019488944356,661.4058901019627,664.1825561523438,24600,0.0,0.0
2020-10-09 00:00:00+09:00,664.1825614874916,666.4039248511905,634.1943848691881,647.2448120117188,54600,0.0,0.0
2020-10-12 00:00:00+09:00,654.4642492376761,654.4642492376761,631.6954130312928,642.246826171875,23100,0.0,0.0
2020-10-13 00:00:00+09:00,650.576776844643,651.4097816805515,637.5263508012142,650.0214233398438,26100,0.0,0.0
2020-10-14 00:00:00+09:00,649.7438555357569,655.5748901367188,638.637139910025,655.5748901367188,30300,0.0,0.0
2020-10-15 00:00:00+09:00,646.967178886516,652.5205111883598,631.417736587664,635.8604125976562,26400,0.0,0.0
2020-10-16 00:00:00+09:00,635.8604154768492,643.912813446346,632.5283957436211,636.6934204101562,29100,0.0,0.0
2020-10-19 00:00:00+09:00,641.4137521412587,657.2408447265625,641.4137521412587,657.2408447265625,33000,0.0,0.0
2020-10-20 00:00:00+09:00,657.2409725871853,657.2409725871853,640.025518250383,641.6915283203125,11100,0.0,0.0
2020-10-21 00:00:00+09:00,641.4137685039801,653.9088419163953,641.4137685039801,643.6351318359375,21300,0.0,0.0
2020-10-22 00:00:00+09:00,652.7981832135049,652.7981832135049,635.5827318514766,643.9127807617188,19200,0.0,0.0
2020-10-23 00:00:00+09:00,641.6913320512386,653.9087524414062,638.6370150856294,653.9087524414062,25800,0.0,0.0
2020-10-26 00:00:00+09:00,667.7922982689668,673.3456305387449,663.9049250060535,670.0136108398438,53400,0.0,0.0
2020-10-27 00:00:00+09:00,664.4603363072819,672.7903862783611,664.1826340798525,669.1806640625,30600,0.0,0.0
2020-10-28 00:00:00+09:00,662.239013959014,663.6273726548868,656.1303272138414,663.3496704101562,17400,0.0,0.0
2020-10-29 00:00:00+09:00,663.3496000092717,663.9049535972002,651.4098791882191,658.6292724609375,20100,0.0,0.0
2020-10-30 00:00:00+09:00,658.6292568235311,658.6292568235311,638.3594360351562,638.3594360351562,18900,0.0,0.0
2020-11-02 00:00:00+09:00,646.9672016996261,648.355509402748,634.7497786881088,641.413818359375,27300,0.0,0.0
2020-11-04 00:00:00+09:00,657.5185188817569,666.6815728016752,655.5748577250599,662.7942504882812,36900,0.0,0.0
2020-11-05 00:00:00+09:00,653.075867442313,705.2775268554688,653.075867442313,705.2775268554688,62400,0.0,0.0
2020-11-06 00:00:00+09:00,698.6134730454008,714.1628642463221,694.1707462657788,701.1124877929688,54600,0.0,0.0
2020-11-09 00:00:00+09:00,704.9999082083466,713.0523071289062,698.8912215901313,713.0523071289062,23400,0.0,0.0
2020-11-10 00:00:00+09:00,719.1609436417389,719.1609436417389,701.9455414145839,716.38427734375,47700,0.0,0.0
2020-11-11 00:00:00+09:00,721.3822203048175,728.8792641647982,711.9415153545914,727.4909057617188,54300,0.0,0.0
2020-11-12 00:00:00+09:00,717.4948898243472,730.26766586782,702.5008012153374,702.7785034179688,36600,0.0,0.0
2020-11-13 00:00:00+09:00,694.4484292036694,702.2231245884774,690.2834047399181,697.5027465820312,16200,0.0,0.0
2020-11-16 00:00:00+09:00,694.1707130274749,710.830810546875,693.8930616830125,710.830810546875,26700,0.0,0.0
2020-11-17 00:00:00+09:00,703.8891683530031,707.4988394483103,693.0601042244954,705.2775268554688,25800,0.0,0.0
2020-11-18 00:00:00+09:00,705.2775541215414,705.2775541215414,692.5047774272682,696.3921508789062,11400,0.0,0.0
2020-11-19 00:00:00+09:00,699.4464240765489,706.6657655627391,693.6153901147746,704.999755859375,20100,0.0,0.0
2020-11-20 00:00:00+09:00,697.7805292402855,702.7785591731425,693.0601506895018,702.2232055664062,17100,0.0,0.0
2020-11-24 00:00:00+09:00,714.4405838355121,727.4909606065002,710.8308618838888,724.7142944335938,35400,0.0,0.0
2020-11-25 00:00:00+09:00,724.7143348108575,724.7143348108575,686.1184542339777,701.6678466796875,54300,0.0,0.0
2020-11-26 00:00:00+09:00,705.8328524210285,717.7726240748785,701.9455298364805,711.9415893554688,36000,0.0,0.0
2020-11-27 00:00:00+09:00,708.0542276071948,720.2716508350054,707.7765762301725,716.38427734375,47100,0.0,0.0
2020-11-30 00:00:00+09:00,708.3318215088831,711.1085384241527,697.2251063755581,699.72412109375,24300,0.0,0.0
2020-12-01 00:00:00+09:00,707.221361794414,727.4911365276789,705.8330029509359,723.3261108398438,33300,0.0,0.0
2020-12-02 00:00:00+09:00,730.5453523728783,733.0443672612689,723.3259590811091,732.489013671875,47400,0.0,0.0
2020-12-03 00:00:00+09:00,732.4889500428355,749.1490478515625,731.1006424538307,749.1490478515625,24600,0.0,0.0
2020-12-04 00:00:00+09:00,740.541383747253,759.1451435942747,739.430727453316,757.7568359375,47400,0.0,0.0
2020-12-07 00:00:00+09:00,756.6461065295418,770.8071899414062,755.8131016229615,770.8071899414062,36900,0.0,0.0
2020-12-08 00:00:00+09:00,777.471272458362,793.8537201469439,777.471272458362,783.3023071289062,79800,0.0,0.0
2020-12-09 00:00:00+09:00,778.3042569279576,783.8576400822325,772.1955710480654,776.360595703125,36300,0.0,0.0
2020-12-10 00:00:00+09:00,766.6421533034062,775.8052071311065,749.4267527342977,766.364501953125,30600,0.0,0.0
2020-12-11 00:00:00+09:00,766.3645393723205,777.471254879463,764.4208781402818,777.193603515625,22200,0.0,0.0
2020-12-14 00:00:00+09:00,789.9662792866854,795.5196621128367,776.3605498315852,781.63623046875,39300,0.0,0.0
2020-12-15 00:00:00+09:00,781.6362590021881,791.0770152355362,780.2479513769078,788.8556518554688,19800,0.0,0.0
2020-12-16 00:00:00+09:00,779.1371971055622,780.247904149659,768.5858360847161,774.4168701171875,13200,0.0,0.0
2020-12-17 00:00:00+09:00,774.4170087347999,774.4170087347999,759.1452163068242,762.1995849609375,14400,0.0,0.0
2020-12-18 00:00:00+09:00,769.1411854476863,771.6402001847105,762.4771461489553,771.362548828125,10200,0.0,0.0
2020-12-21 00:00:00+09:00,771.9179086355624,777.1935895089233,768.3081867577916,774.1392211914062,21600,0.0,0.0
2020-12-22 00:00:00+09:00,774.4168931145894,774.4168931145894,754.7024271861145,763.5878295898438,15000,0.0,0.0
2020-12-23 00:00:00+09:00,766.6421793299708,773.861572265625,754.1471055043687,773.861572265625,12600,0.0,0.0
2020-12-24 00:00:00+09:00,774.6945171155428,791.3546142578125,772.7508560631385,791.3546142578125,42600,0.0,0.0
2020-12-25 00:00:00+09:00,791.3547618640557,801.9061756364401,791.3547618640557,799.9624633789062,81900,0.0,0.0
2020-12-28 00:00:00+09:00,796.9080704215675,802.1837513890237,787.4673139418001,795.79736328125,46200,0.0,0.0
2020-12-29 00:00:00+09:00,789.6886687834779,796.9080617466078,786.9120026480828,793.29833984375,30300,0.0,0.0
2020-12-30 00:00:00+09:00,795.7973159245932,795.7973159245932,780.247925311331,781.3585815429688,16200,0.0,0.0
2021-01-04 00:00:00+09:00,774.4170087347999,776.9160237674587,758.3122112959379,762.1995849609375,17100,0.0,0.0
2021-01-05 00:00:00+09:00,762.1995061464731,764.4208695600024,750.5374371999698,756.0908203125,15900,0.0,0.0
2021-01-06 00:00:00+09:00,763.3100948344166,763.3100948344166,753.0363852865155,754.4247436523438,9000,0.0,0.0
2021-01-07 00:00:00+09:00,754.7025030342406,788.0227018436993,754.7025030342406,786.0790405273438,24000,0.0,0.0
2021-01-08 00:00:00+09:00,790.52164951514,790.52164951514,774.416905074583,784.4129638671875,28800,0.0,0.0
2021-01-12 00:00:00+09:00,784.1352826858138,784.1352826858138,772.4732137819185,773.861572265625,21900,0.0,0.0
2021-01-13 00:00:00+09:00,773.0285074013158,791.3546142578125,773.0285074013158,791.3546142578125,18900,0.0,0.0
2021-01-14 00:00:00+09:00,785.8013627224163,788.3003777107659,773.0286363961592,775.25,21000,0.0,0.0
2021-01-15 00:00:00+09:00,775.2498207591146,775.2498207591146,759.4227294921875,759.4227294921875,30000,0.0,0.0
2021-01-18 00:00:00+09:00,755.8130835150239,767.4751519277452,747.2053833007812,747.2053833007812,24000,0.0,0.0
2021-01-19 00:00:00+09:00,747.2053744936949,752.7587572865863,741.929693888127,744.7063598632812,27900,0.0,0.0
2021-01-20 00:00:00+09:00,744.9841749019486,758.5899581077173,744.9841749019486,758.312255859375,38700,0.0,0.0
2021-01-21 00:00:00+09:00,756.3684494595514,769.1411743164062,755.2577932066984,769.1411743164062,27600,0.0,0.0
2021-01-22 00:00:00+09:00,768.863581128794,769.1412325023656,753.5918404157658,768.3082275390625,39900,0.0,0.0
2021-01-25 00:00:00+09:00,770.5295992104005,778.859648931594,769.418942861771,769.6965942382812,52200,0.0,0.0
2021-01-26 00:00:00+09:00,767.4751962650478,767.4751962650478,750.8150975701293,759.7005004882812,19500,0.0,0.0
2021-01-27 00:00:00+09:00,754.1471120280863,759.1451416015625,752.481102170261,759.1451416015625,25500,0.0,0.0
2021-01-28 00:00:00+09:00,753.3141402096855,769.1412345546768,753.3141402096855,766.919921875,55500,0.0,0.0
2021-01-29 00:00:00+09:00,774.9722381913829,786.0790045140851,758.5898417556643,759.9781494140625,63600,0.0,0.0
2021-02-01 00:00:00+09:00,754.7025565144094,756.9239202066476,745.2618497969327,749.982177734375,26400,0.0,0.0
2021-02-02 00:00:00+09:00,761.3664638639926,772.1955273543995,751.9257587942426,763.865478515625,15900,0.0,0.0
2021-02-03 00:00:00+09:00,763.8655837024476,764.1432350877791,752.7588673355109,758.8675537109375,23100,0.0,0.0
2021-02-04 00:00:00+09:00,758.8675159285514,773.3062515709543,758.8675159285514,766.6422119140625,25200,0.0,0.0
2021-02-05 00:00:00+09:00,773.0286923130108,775.8053588867188,766.0870004574439,775.8053588867188,11400,0.0,0.0
2021-02-08 00:00:00+09:00,769.418898345168,791.3546777276335,769.418898345168,791.0770263671875,44100,0.0,0.0
2021-02-09 00:00:00+09:00,785.2459376898653,794.6866425617294,781.0809133577807,793.8536376953125,30000,0.0,0.0
2021-02-10 00:00:00+09:00,791.9099711462188,816.9001169659532,788.8556030429463,808.570068359375,52800,0.0,0.0
2021-02-12 00:00:00+09:00,808.570181344922,808.570181344922,783.8576834113456,789.9663696289062,39900,0.0,0.0
2021-02-15 00:00:00+09:00,787.7450157114708,794.6867065429688,776.6382493699707,794.6867065429688,57300,0.0,0.0
2021-02-16 00:00:00+09:00,794.6866837930202,795.5196887026565,779.1372418656144,789.13330078125,29100,0.0,0.0
2021-02-17 00:00:00+09:00,788.5779741550726,794.9643110402191,781.3585815429688,781.3585815429688,36000,0.0,0.0
2021-02-18 00:00:00+09:00,786.9120901391045,788.300397939865,776.0830249116975,782.1917114257812,26100,0.0,0.0
2021-02-19 00:00:00+09:00,763.5879738093621,778.582064598649,753.0365596397404,770.2520141601562,33600,0.0,0.0
2021-02-22 00:00:00+09:00,775.5275763025047,783.5799740995757,772.195556640625,772.195556640625,15600,0.0,0.0
2021-02-24 00:00:00+09:00,772.1956814733045,773.3063379259506,760.2559593689291,773.0286865234375,30900,0.0,0.0
2021-02-25 00:00:00+09:00,786.9120118062041,786.9120118062041,767.475196104475,778.3042602539062,45000,0.0,0.0
2021-02-26 00:00:00+09:00,764.4208471098426,776.0829157138445,763.3101400144053,769.1411743164062,36000,0.0,0.0
2021-03-01 00:00:00+09:00,766.6421281470367,777.7488935900026,762.47710381657,777.47119140625,16200,0.0,0.0
2021-03-02 00:00:00+09:00,785.5237367752744,791.3547719369149,775.2500251046766,782.7470703125,36600,0.0,0.0
2021-03-03 00:00:00+09:00,776.0829187035437,787.7449873524713,767.4751674723741,787.46728515625,22500,0.0,0.0
2021-03-04 00:00:00+09:00,787.1897468214573,787.1897468214573,775.8053278916765,782.7470703125,15900,0.0,0.0
2021-03-05 00:00:00+09:00,780.8032024535145,791.3546142578125,771.917851206025,791.3546142578125,42900,0.0,0.0
2021-03-08 00:00:00+09:00,791.3547274352204,796.352757292706,782.1916726964968,787.7450561523438,27300,0.0,0.0
2021-03-09 00:00:00+09:00,787.7450606201766,808.0148315429688,786.6343534171542,808.0148315429688,43200,0.0,0.0
2021-03-10 00:00:00+09:00,801.3507655950156,820.7875309037757,794.1313723808646,819.1215209960938,42300,0.0,0.0
2021-03-11 00:00:00+09:00,819.1215299352153,821.898247040046,793.0207247108877,801.9061279296875,42000,0.0,0.0
2021-03-12 00:00:00+09:00,805.2381779392848,805.2381779392848,792.4654008009073,792.7431030273438,33000,0.0,0.0
2021-03-15 00:00:00+09:00,804.1274184259194,804.1274184259194,787.189668260955,797.46337890625,34500,0.0,0.0
2021-03-16 00:00:00+09:00,797.4634084146289,823.0089111328125,797.4634084146289,823.0089111328125,55500,0.0,0.0
2021-03-17 00:00:00+09:00,823.0088640893993,829.3952521145446,814.6788148577252,826.063232421875,35700,0.0,0.0
2021-03-18 00:00:00+09:00,819.121465790538,824.6748487227309,817.7331581894279,820.7874755859375,23100,0.0,0.0
2021-03-19 00:00:00+09:00,820.7875676560504,829.9506225585938,814.9565327180683,829.9506225585938,49200,0.0,0.0
2021-03-22 00:00:00+09:00,823.8418927342491,824.6748976814021,810.2361622116136,815.2341918945312,43800,0.0,0.0
2021-03-23 00:00:00+09:00,816.6224510974388,825.5078536204306,810.7914168135408,820.7874755859375,36000,0.0,0.0
2021-03-24 00:00:00+09:00,817.1778686359042,817.1778686359042,795.5197395996826,801.9061279296875,31500,0.0,0.0
2021-03-25 00:00:00+09:00,810.5138249284425,822.7312479386137,801.9061239682014,818.5662231445312,43500,0.0,0.0
2021-03-26 00:00:00+09:00,814.4012624855336,821.62060546875,806.0712122413672,821.62060546875,27000,0.0,0.0
2021-03-29 00:00:00+09:00,824.119532727539,831.6165771484375,809.1254438857419,831.6165771484375,55800,0.0,0.0
2021-03-30 00:00:00+09:00,831.3330819067875,837.8566955623319,818.8531411546744,831.61669921875,48900,21.0,0.0
2021-03-31 00:00:00+09:00,821.9729841542182,833.0347323881778,815.733040923665,823.3911743164062,40500,0.0,0.0
2021-04-01 00:00:00+09:00,823.3911709713125,835.0201536748707,815.4493684173734,833.0347290039062,30300,0.0,0.0
2021-04-02 00:00:00+09:00,838.1403201158905,840.6930317507612,830.1985678968653,839.2748413085938,21600,0.0,0.0
2021-04-05 00:00:00+09:00,839.2747187809782,845.2310450594323,833.034775229517,838.1401977539062,23700,0.0,0.0
2021-04-06 00:00:00+09:00,838.1402025912956,839.5583928346034,826.2275499656325,830.7656860351562,29700,0.0,0.0
2021-04-07 00:00:00+09:00,826.2275064932466,846.0819091796875,819.9875632340888,846.0819091796875,18600,0.0,0.0
2021-04-08 00:00:00+09:00,831.9002652458109,831.9002652458109,816.8676147460938,816.8676147460938,24300,0.0,0.0
2021-04-09 00:00:00+09:00,822.540278562324,827.362031677329,800.9840164027394,806.3731079101562,28200,0.0,0.0
2021-04-12 00:00:00+09:00,816.5839940995813,816.5839940995813,798.4313458901034,801.8349609375,6600,0.0,0.0
2021-04-13 00:00:00+09:00,795.3114627598164,812.8967739345196,795.3114627598164,796.4459838867188,25200,0.0,0.0
2021-04-14 00:00:00+09:00,800.7004708006212,831.6166246959062,797.0132383353256,830.198486328125,34500,0.0,0.0
2021-04-15 00:00:00+09:00,829.9147418306185,829.9147418306185,811.7621465021392,812.8966674804688,14100,0.0,0.0
2021-04-16 00:00:00+09:00,839.274731009919,844.9474400980223,824.5257497029039,836.15478515625,70800,0.0,0.0
2021-04-19 00:00:00+09:00,833.6021077976051,845.5147610131236,822.5403583831951,844.3801879882812,26400,0.0,0.0
2021-04-20 00:00:00+09:00,841.2601727187781,843.5292147114843,833.8856564048774,836.7219848632812,18900,0.0,0.0
2021-04-21 00:00:00+09:00,833.6021112326298,834.4530150372445,813.180419921875,813.180419921875,29100,0.0,0.0
2021-04-22 00:00:00+09:00,827.3620018074134,848.9182631887612,825.6601944317829,845.5146484375,67200,0.0,0.0
2021-04-23 00:00:00+09:00,834.1692790722295,846.6492178531018,828.4966221186861,846.3656005859375,18000,0.0,0.0
2021-04-26 00:00:00+09:00,846.6492685669834,846.6492685669834,838.1402306919384,842.9620361328125,18900,0.0,0.0
2021-04-27 00:00:00+09:00,846.3656564330543,846.3656564330543,833.0348130360155,835.5875244140625,21000,0.0,0.0
2021-04-28 00:00:00+09:00,835.5875063317949,836.7220273858047,820.8385248894868,825.6602783203125,27900,0.0,0.0
2021-04-30 00:00:00+09:00,823.6748386887048,844.663815388459,823.6748386887048,830.7656860351562,34200,0.0,0.0
2021-05-06 00:00:00+09:00,831.0493877606133,846.3656560214469,831.0493877606133,834.4530029296875,18600,0.0,0.0
2021-05-07 00:00:00+09:00,841.5437622070312,844.6637597628223,836.7219572453613,841.5437622070312,13500,0.0,0.0
2021-05-10 00:00:00+09:00,845.7983881811401,848.6347169062825,829.9148330632391,846.6492919921875,28800,0.0,0.0
2021-05-11 00:00:00+09:00,846.3656817939933,846.3656817939933,832.751220703125,832.751220703125,21600,0.0,0.0
2021-05-12 00:00:00+09:00,846.3656307993593,846.3656307993593,829.6311727384242,837.289306640625,46200,0.0,0.0
2021-05-13 00:00:00+09:00,831.0493973569435,835.58753365643,817.4349365234375,817.4349365234375,24300,0.0,0.0
2021-05-14 00:00:00+09:00,831.6166319349752,842.1111467841671,817.4349365234375,817.4349365234375,13800,0.0,0.0
2021-05-17 00:00:00+09:00,789.0713573976504,797.8640637018124,768.6496683325636,770.9187622070312,51300,0.0,0.0
2021-05-18 00:00:00+09:00,785.1005103359603,797.8640660390284,778.8605151466551,790.2059326171875,35700,0.0,0.0
2021-05-19 00:00:00+09:00,790.2059940754447,797.5804588762943,787.6532827362939,791.3405151367188,17700,0.0,0.0
2021-05-20 00:00:00+09:00,805.5222547729295,808.9258698607939,798.9986418761745,802.9695434570312,23700,0.0,0.0
2021-05-21 00:00:00+09:00,802.9695097474595,802.9695097474595,792.7586649125291,797.01318359375,29700,0.0,0.0
2021-05-24 00:00:00+09:00,801.8349664421021,812.6130981445312,798.9986378614815,812.6130981445312,27000,0.0,0.0
2021-05-25 00:00:00+09:00,815.165750154194,815.7330366030727,803.2530982730264,808.3585205078125,34200,0.0,0.0
2021-05-26 00:00:00+09:00,808.3586192492572,808.3586192492572,804.67138671875,804.67138671875,12600,0.0,0.0
2021-05-27 00:00:00+09:00,804.6713106768219,804.6713106768219,785.1005249023438,785.1005249023438,19200,0.0,0.0
2021-05-28 00:00:00+09:00,798.4314264443883,807.5077514648438,792.7587687497718,807.5077514648438,22500,0.0,0.0
2021-05-31 00:00:00+09:00,800.1331238268664,800.700410292137,785.9514296104804,787.3695678710938,23700,0.0,0.0
2021-06-01 00:00:00+09:00,788.504153371937,811.1948852539062,784.2496346521875,811.1948852539062,36300,0.0,0.0
2021-06-02 00:00:00+09:00,806.0894510468459,806.9403547783995,780.2787218347314,780.8460083007812,45600,0.0,0.0
2021-06-03 00:00:00+09:00,780.8460471443448,788.2205118946282,775.1733380067811,780.5623779296875,28800,0.0,0.0
2021-06-04 00:00:00+09:00,780.5623564952205,785.6677789983179,769.784276945377,772.62060546875,27000,0.0,0.0
2021-06-07 00:00:00+09:00,774.6059732822549,777.1586843460943,761.2751834611199,765.2460327148438,51300,0.0,0.0
2021-06-08 00:00:00+09:00,760.1406681562049,770.9187996648188,753.0498208646409,767.2315673828125,60900,0.0,0.0
2021-06-09 00:00:00+09:00,768.9334134208038,772.0533593792178,760.1407062487925,765.8134155273438,50100,0.0,0.0
2021-06-10 00:00:00+09:00,765.8132928726402,771.202332066361,760.4242536789194,764.6787719726562,54900,0.0,0.0
2021-06-11 00:00:00+09:00,772.0533593792178,772.0533593792178,762.1261830605608,765.8134155273438,31800,0.0,0.0
2021-06-14 00:00:00+09:00,775.1733572726779,777.7260686577691,763.8279906506216,765.8134155273438,15000,0.0,0.0
2021-06-15 00:00:00+09:00,765.813511760189,770.3516485922689,760.7080883484545,766.3807983398438,26100,0.0,0.0
2021-06-16 00:00:00+09:00,766.3807253334593,769.5006713867188,761.558919703357,769.5006713867188,15900,0.0,0.0
2021-06-17 00:00:00+09:00,769.5005511545761,771.4860277164776,761.8424179630579,765.2460327148438,34200,0.0,0.0
2021-06-18 00:00:00+09:00,779.4278999422066,779.4278999422066,767.2316291543568,769.5006713867188,11700,0.0,0.0
2021-06-21 00:00:00+09:00,758.7225560778262,758.7225560778262,740.8535766601562,740.8535766601562,54300,0.0,0.0
2021-06-22 00:00:00+09:00,755.0352886053614,763.5443266134423,754.468054028187,758.4389038085938,37800,0.0,0.0
2021-06-23 00:00:00+09:00,755.8861415852695,762.1261369950228,753.6170995590345,760.7079467773438,25500,0.0,0.0
2021-06-24 00:00:00+09:00,760.7079880934496,774.3224487304688,760.1407015885585,774.3224487304688,19500,0.0,0.0
2021-06-25 00:00:00+09:00,788.504124889632,788.504124889632,766.6642456054688,766.6642456054688,46800,0.0,0.0
2021-06-28 00:00:00+09:00,766.6642796729366,777.1587419572223,763.5442819408328,773.755126953125,31800,0.0,0.0
2021-06-29 00:00:00+09:00,773.755100735705,773.755100735705,766.3806364333946,773.1878662109375,21600,0.0,0.0
2021-06-30 00:00:00+09:00,773.1879678543731,789.3551407013773,773.1879678543731,786.8024291992188,30600,0.0,0.0
2021-07-01 00:00:00+09:00,786.2350393062144,786.2350393062144,772.0532932913193,773.1878662109375,64800,0.0,0.0
2021-07-02 00:00:00+09:00,781.4132512611576,788.504150390625,781.4132512611576,788.504150390625,13200,0.0,0.0
2021-07-05 00:00:00+09:00,789.9222849777925,802.4022237619102,789.3550504433161,798.147705078125,20100,0.0,0.0
2021-07-06 00:00:00+09:00,802.6858373683667,807.791259765625,798.9986051709166,807.791259765625,20100,0.0,0.0
2021-07-07 00:00:00+09:00,810.9113812529457,825.6603642298784,799.8496310364837,821.6895141601562,123600,0.0,0.0
2021-07-08 00:00:00+09:00,816.8676440746752,816.8676440746752,786.235107421875,786.235107421875,70500,0.0,0.0
2021-07-09 00:00:00+09:00,783.6823045382861,783.6823045382861,765.2460404676525,770.6351318359375,50400,0.0,0.0
2021-07-12 00:00:00+09:00,772.9042697280436,808.9258986464704,772.9042697280436,799.2822875976562,34200,0.0,0.0
2021-07-13 00:00:00+09:00,813.4640173340704,813.4640173340704,805.2385967787735,808.6422119140625,13500,0.0,0.0
2021-07-14 00:00:00+09:00,808.0749948442248,808.0749948442248,799.2822875976562,799.2822875976562,6600,0.0,0.0
2021-07-15 00:00:00+09:00,799.2823051181349,799.2823051181349,769.5006713867188,769.5006713867188,21300,0.0,0.0
2021-07-16 00:00:00+09:00,771.4862217515783,771.4862217515783,766.3807983398438,766.3807983398438,7200,0.0,0.0
2021-07-19 00:00:00+09:00,763.2606755908671,767.2315771308176,749.9298326557109,752.4825439453125,33000,0.0,0.0
2021-07-20 00:00:00+09:00,753.9008431356646,757.0208413632597,744.5409003879305,751.0645141601562,18300,0.0,0.0
2021-07-21 00:00:00+09:00,751.6315169891208,753.900610630764,745.3915743933965,750.21337890625,27900,0.0,0.0
2021-07-26 00:00:00+09:00,767.5151548058734,767.5151548058734,752.7661743164062,752.7661743164062,30600,0.0,0.0
2021-07-27 00:00:00+09:00,766.9479751853636,766.9479751853636,759.0062233439706,764.395263671875,12600,0.0,0.0
2021-07-28 00:00:00+09:00,764.3951790212576,764.3951790212576,757.8716182770287,760.7079467773438,7200,0.0,0.0
2021-07-29 00:00:00+09:00,760.7079109226107,760.7079109226107,753.900681294668,759.006103515625,10200,0.0,0.0
2021-07-30 00:00:00+09:00,752.1989077415299,752.1989077415299,741.4207763671875,741.4207763671875,18600,0.0,0.0
2021-08-02 00:00:00+09:00,749.9298047643025,780.8460083007812,749.9298047643025,780.8460083007812,35400,0.0,0.0
2021-08-03 00:00:00+09:00,780.8460048200141,781.6969085477747,762.977026537041,766.9478759765625,20700,0.0,0.0
2021-08-04 00:00:00+09:00,729.2244626925614,733.1953638928823,725.5372306790747,732.060791015625,35700,0.0,0.0
2021-08-05 00:00:00+09:00,734.6135540443721,734.6135540443721,722.1336669921875,722.1336669921875,12300,0.0,0.0
2021-08-06 00:00:00+09:00,718.4462780806173,721.8498925870158,713.6245254865765,715.0426635742188,13200,0.0,0.0
2021-08-10 00:00:00+09:00,722.7008803479746,723.2681668100945,715.326416015625,715.326416015625,12600,0.0,0.0
2021-08-11 00:00:00+09:00,713.6246110912381,713.6246110912381,709.9373269769649,712.2064208984375,9300,0.0,0.0
2021-08-12 00:00:00+09:00,713.3409930886553,713.3409930886553,709.9373779296875,709.9373779296875,7200,0.0,0.0
2021-08-13 00:00:00+09:00,709.9373443125545,709.9373443125545,703.6974007949375,703.9810180664062,24000,0.0,0.0
2021-08-16 00:00:00+09:00,706.2501522148151,719.8646129804018,696.039306640625,696.039306640625,18300,0.0,0.0
2021-08-17 00:00:00+09:00,690.6502222642962,697.7410694798494,683.5593231137,685.5447998046875,31800,0.0,0.0
2021-08-18 00:00:00+09:00,688.6647402642093,705.1155804639308,688.6647402642093,700.577392578125,17400,0.0,0.0
2021-08-19 00:00:00+09:00,694.3374376609974,700.5773809818911,689.2320153252547,694.9047241210938,7200,0.0,0.0
2021-08-20 00:00:00+09:00,694.9047312620539,696.6065387247895,684.4102172851562,684.4102172851562,30300,0.0,0.0
2021-08-23 00:00:00+09:00,698.5920072286852,698.5920072286852,688.3811618124316,691.5011596679688,27900,0.0,0.0
2021-08-24 00:00:00+09:00,694.0538457448666,719.013671875,694.0538457448666,719.013671875,26700,0.0,0.0
2021-08-25 00:00:00+09:00,726.3881477442121,726.3881477442121,719.2972489034314,724.6863403320312,25200,0.0,0.0
2021-08-26 00:00:00+09:00,725.2536180828098,725.2536180828098,711.6391579737228,715.8936767578125,12000,0.0,0.0
2021-08-27 00:00:00+09:00,711.9228039861508,736.8826293945312,711.9228039861508,736.8826293945312,24900,0.0,0.0
2021-08-30 00:00:00+09:00,748.2280011354769,748.2280011354769,739.7189637763356,747.6607666015625,21900,0.0,0.0
2021-08-31 00:00:00+09:00,751.3479799404827,751.3479799404827,737.7335205078125,737.7335205078125,12900,0.0,0.0
2021-09-01 00:00:00+09:00,737.7335315798167,751.6316084809047,735.1808203978796,742.2716674804688,24600,0.0,0.0
2021-09-02 00:00:00+09:00,742.2716315910911,743.1225352772617,731.4935528562905,740.56982421875,16800,0.0,0.0
2021-09-03 00:00:00+09:00,732.6280760434598,758.7224731445312,732.6280760434598,758.7224731445312,27000,0.0,0.0
2021-09-06 00:00:00+09:00,751.6316856163207,760.1407237626755,751.6316856163207,756.4534912109375,24300,0.0,0.0
2021-09-07 00:00:00+09:00,765.2461015163431,771.7697143554688,757.5879676362998,771.7697143554688,32400,0.0,0.0
2021-09-08 00:00:00+09:00,776.3078288167616,788.504150390625,774.0387867981696,788.504150390625,27300,0.0,0.0
2021-09-09 00:00:00+09:00,789.9222996256358,793.0422973632812,788.5041613281053,793.0422973632812,11100,0.0,0.0
2021-09-10 00:00:00+09:00,793.0422978219669,794.1768188476562,788.7877790568276,794.1768188476562,37800,0.0,0.0
2021-09-13 00:00:00+09:00,794.1768188476562,794.1768188476562,779.9951242538875,794.1768188476562,11400,0.0,0.0
2021-09-14 00:00:00+09:00,788.5042003731531,812.0458374023438,788.5042003731531,812.0458374023438,37200,0.0,0.0
2021-09-15 00:00:00+09:00,797.8641413200666,809.7767944335938,794.1768569234679,809.7767944335938,21600,0.0,0.0
2021-09-16 00:00:00+09:00,803.5367982098101,803.5367982098101,777.1587806159171,790.4896240234375,24600,0.0,0.0
2021-09-17 00:00:00+09:00,795.878582177766,808.3585205078125,791.3404463918586,808.3585205078125,37800,0.0,0.0
2021-09-21 00:00:00+09:00,797.296767949459,804.6712840041793,787.9368272371387,793.3258666992188,27900,0.0,0.0
2021-09-22 00:00:00+09:00,793.0423509818264,793.3259682734995,778.5769862106987,786.5187377929688,26700,0.0,0.0
2021-09-24 00:00:00+09:00,787.9368566435237,807.791259765625,786.5186664437156,807.791259765625,35700,0.0,0.0
2021-09-27 00:00:00+09:00,803.5368116349842,812.0458497106638,803.2531943441439,810.0604248046875,36600,0.0,0.0
2021-09-28 00:00:00+09:00,806.3731658900657,806.3731658900657,778.0096719428055,791.3405151367188,29700,0.0,0.0
2021-09-29 00:00:00+09:00,777.0718280455499,789.6282234955028,756.5249421237,758.2371826171875,28200,5.666667,0.0
2021-09-30 00:00:00+09:00,759.3787215684339,772.5058823513534,755.6688842773438,755.6688842773438,19500,0.0,0.0
2021-10-01 00:00:00+09:00,755.6688165939112,762.8031345157538,741.9708927417764,744.2538452148438,34200,0.0,0.0
2021-10-04 00:00:00+09:00,758.5225876011082,760.2348282051739,744.8246627685826,750.8175048828125,7800,0.0,0.0
2021-10-05 00:00:00+09:00,750.8174538823415,750.8174538823415,723.9923703252607,739.1171264648438,23400,0.0,0.0
2021-10-06 00:00:00+09:00,739.1170953466168,739.1170953466168,719.4263305664062,719.4263305664062,22800,0.0,0.0
2021-10-07 00:00:00+09:00,719.4263248018567,739.4024976602363,714.5750118319496,723.4215698242188,38700,0.0,0.0
2021-10-08 00:00:00+09:00,721.7093618524617,737.6902904065864,721.7093618524617,731.6974487304688,26100,0.0,0.0
2021-10-11 00:00:00+09:00,731.1266512585005,755.9541370740701,724.8484538723734,732.2681274414062,46800,0.0,0.0
2021-10-12 00:00:00+09:00,731.6974538678795,738.2610075807565,724.8484919042284,736.5487670898438,29400,0.0,0.0
2021-10-13 00:00:00+09:00,735.9780992873684,735.9780992873684,717.4288087708666,730.5559692382812,22800,0.0,0.0
2021-10-14 00:00:00+09:00,723.1362134712996,732.2681274414062,723.1362134712996,732.2681274414062,6900,0.0,0.0
2021-10-15 00:00:00+09:00,734.836502172797,737.1195068359375,732.2681415218008,737.1195068359375,14400,0.0,0.0
2021-10-18 00:00:00+09:00,749.6760104691866,764.2300552524451,737.9756825393436,753.6712036132812,35400,0.0,0.0
2021-10-19 00:00:00+09:00,767.9398424822261,767.9398424822261,749.9613177418395,754.8126831054688,10200,0.0,0.0
2021-10-20 00:00:00+09:00,753.3858212457619,754.527297496505,747.107623486525,750.5321044921875,11100,0.0,0.0
2021-10-21 00:00:00+09:00,750.5320897887946,763.3738933084502,742.5415994298318,754.5272827148438,14400,0.0,0.0
2021-10-22 00:00:00+09:00,748.2491230184377,761.9470474672877,747.9637670102315,758.8079223632812,12000,0.0,0.0
2021-10-25 00:00:00+09:00,773.076592251505,773.076592251505,755.3834228515625,755.3834228515625,23400,0.0,0.0
2021-10-26 00:00:00+09:00,755.3834412510687,758.8079223632812,751.3882481224441,758.8079223632812,9000,0.0,0.0
2021-10-27 00:00:00+09:00,758.8079238273963,760.5201643868063,749.6760090128328,756.2395629882812,7800,0.0,0.0
2021-10-28 00:00:00+09:00,757.0957676609735,764.5154949966342,749.1053282441825,751.9590454101562,29700,0.0,0.0
2021-10-29 00:00:00+09:00,746.8222111583156,761.6616636041625,746.8222111583156,758.2371826171875,7200,0.0,0.0
2021-11-01 00:00:00+09:00,758.2372000123933,770.5082397460938,756.2395512218732,770.5082397460938,12600,0.0,0.0
2021-11-02 00:00:00+09:00,781.3524461511074,783.3500426854995,774.503484029267,779.3547973632812,8400,0.0,0.0
2021-11-04 00:00:00+09:00,765.0862015662078,781.3524874656702,756.5249984612276,778.4987182617188,21900,0.0,0.0
2021-11-05 00:00:00+09:00,771.3644060125805,771.6497620339144,754.8127639599047,755.6688842773438,11400,0.0,0.0
2021-11-08 00:00:00+09:00,756.8103500169431,756.8103500169431,738.2610593144019,739.402587890625,12000,0.0,0.0
2021-11-09 00:00:00+09:00,742.2562878737087,742.2562878737087,733.4097290039062,733.4097290039062,4800,0.0,0.0
2021-11-10 00:00:00+09:00,739.1172072992086,742.541688649249,739.1172072992086,739.9733276367188,5700,0.0,0.0
2021-11-11 00:00:00+09:00,734.2658468407325,758.2372147659269,734.2658468407325,751.1028442382812,3900,0.0,0.0
2021-11-12 00:00:00+09:00,756.2396026125933,765.6569261827833,754.812770240614,757.9518432617188,14400,0.0,0.0
2021-11-15 00:00:00+09:00,754.2418997824728,763.659222027203,754.2418997824728,760.2347412109375,9000,0.0,0.0
2021-11-16 00:00:00+09:00,767.0837890624999,768.510673647467,753.3858642578125,753.3858642578125,5100,0.0,0.0
2021-11-17 00:00:00+09:00,754.2419831062052,754.2419831062052,727.9876098632812,727.9876098632812,14400,0.0,0.0
2021-11-18 00:00:00+09:00,727.7021901698711,727.7021901698711,713.7189106001038,717.99951171875,12600,0.0,0.0
2021-11-19 00:00:00+09:00,715.1457732351621,716.0018934953214,710.8651719343662,713.4335327148438,16500,0.0,0.0
2021-11-22 00:00:00+09:00,718.8556994004585,727.7022584580184,711.1506166638443,720.2825317382812,11700,0.0,0.0
2021-11-24 00:00:00+09:00,725.9900178498818,726.5607821370729,716.8580505220083,720.2825317382812,17400,0.0,0.0
2021-11-25 00:00:00+09:00,729.4144660135732,729.4144660135732,705.1577425819504,705.7284545898438,26400,0.0,0.0
2021-11-26 00:00:00+09:00,708.0114788755246,717.428802052829,693.7427899769485,694.0281982421875,25500,0.0,0.0
2021-11-29 00:00:00+09:00,694.0281463598483,713.433503287409,687.7498965420212,691.1743774414062,38700,0.0,0.0
2021-11-30 00:00:00+09:00,697.7379725302419,698.3087367558479,663.4931640625,663.4931640625,38700,0.0,0.0
2021-12-01 00:00:00+09:00,670.6275603158966,674.6228058563779,658.0711639088477,669.486083984375,22800,0.0,0.0
2021-12-02 00:00:00+09:00,657.2150475759213,696.5965821663767,657.2150475759213,689.7476196289062,34200,0.0,0.0
2021-12-03 00:00:00+09:00,692.3159364301193,708.8675774223302,692.3159364301193,695.7404174804688,15900,0.0,0.0
2021-12-06 00:00:00+09:00,701.4478490726152,720.5679030517929,701.4478490726152,713.4335327148438,30900,0.0,0.0
2021-12-07 00:00:00+09:00,716.2873587544042,746.5369262695312,716.2873587544042,746.5369262695312,21300,0.0,0.0
2021-12-08 00:00:00+09:00,782.4939387009905,782.4939387009905,742.5416414078546,751.1028442382812,69600,0.0,0.0
2021-12-09 00:00:00+09:00,750.8174165388615,765.3714599609375,749.9612963375629,765.3714599609375,11700,0.0,0.0
2021-12-10 00:00:00+09:00,756.5249031841103,766.7983456162441,756.5249031841103,762.8031005859375,21600,0.0,0.0
2021-12-13 00:00:00+09:00,759.949479604635,766.5130338153105,759.949479604635,765.9423217773438,9300,0.0,0.0
2021-12-14 00:00:00+09:00,770.2228712496789,770.2228712496789,763.0885009765625,763.0885009765625,19200,0.0,0.0
2021-12-15 00:00:00+09:00,763.0885065820203,766.227631615388,752.8150634765625,752.8150634765625,14400,0.0,0.0
2021-12-16 00:00:00+09:00,752.8151397324751,764.2301125082117,746.8222973139171,748.8199462890625,24000,0.0,0.0
2021-12-17 00:00:00+09:00,738.8317393618153,742.2562201931563,717.9994983889679,719.4263305664062,37200,0.0,0.0
2021-12-20 00:00:00+09:00,706.299238297833,715.1457971980949,692.3159576644958,694.0281982421875,38400,0.0,0.0
2021-12-21 00:00:00+09:00,696.0257600844609,714.0042852526942,693.1720433485841,697.167236328125,24900,0.0,0.0
2021-12-22 00:00:00+09:00,696.8818811824666,713.7189301276181,685.7523179694788,688.3206787109375,23400,0.0,0.0
2021-12-23 00:00:00+09:00,693.7427914734105,720.2825204848806,685.4669968323394,691.4598388671875,49500,0.0,0.0
2021-12-24 00:00:00+09:00,688.0353593790509,697.1672743330411,688.0353593790509,695.169677734375,26400,0.0,0.0
2021-12-27 00:00:00+09:00,694.884352739472,694.884352739472,683.7547884365789,684.3255004882812,99600,0.0,0.0
2021-12-28 00:00:00+09:00,684.8962631801518,701.7333137344765,682.8986664970224,686.8938598632812,48000,0.0,0.0
2021-12-29 00:00:00+09:00,685.7523118450923,710.5797987907948,685.7523118450923,707.440673828125,33300,0.0,0.0
2021-12-30 00:00:00+09:00,693.1720493419905,727.1314512288784,693.1720493419905,723.7069702148438,29400,0.0,0.0
2022-01-04 00:00:00+09:00,729.4144835852363,737.6903304333971,729.4144835852363,733.4097290039062,25800,0.0,0.0
2022-01-05 00:00:00+09:00,739.1171535805906,739.1171535805906,720.2825075242607,727.1314697265625,25200,0.0,0.0
2022-01-06 00:00:00+09:00,715.1457911400836,720.2825128296455,696.3111449450233,704.3016357421875,31800,0.0,0.0
2022-01-07 00:00:00+09:00,713.4335585543956,717.714160010229,689.4621904017295,704.0162353515625,34500,0.0,0.0
2022-01-11 00:00:00+09:00,704.0162165540003,704.0162165540003,694.3135375976562,694.3135375976562,3600,0.0,0.0
2022-01-12 00:00:00+09:00,693.4574343743254,706.5845947265625,693.4574343743254,706.5845947265625,13800,0.0,0.0
2022-01-13 00:00:00+09:00,706.5845762828599,708.296816816868,701.4478546808357,703.1600952148438,9600,0.0,0.0
2022-01-14 00:00:00+09:00,700.3064011774377,703.1601180757522,690.318313653183,698.8795166015625,35700,0.0,0.0
2022-01-17 00:00:00+09:00,692.0305555917453,706.2992446180017,690.032958984375,690.032958984375,9900,0.0,0.0
2022-01-18 00:00:00+09:00,690.8890655374985,698.5941480527865,684.8962235811632,685.1815795898438,11700,0.0,0.0
2022-01-19 00:00:00+09:00,689.1768601120989,689.4622161353265,682.0425415039062,682.0425415039062,22500,0.0,0.0
2022-01-20 00:00:00+09:00,683.4692560514236,692.0304578067793,679.7594193752457,680.6155395507812,17700,0.0,0.0
2022-01-21 00:00:00+09:00,680.9009917371585,690.032958984375,679.759515426295,690.032958984375,16800,0.0,0.0
2022-01-24 00:00:00+09:00,686.8938426960092,702.5894165039062,686.8938426960092,702.5894165039062,15300,0.0,0.0
2022-01-25 00:00:00+09:00,710.294448270711,710.294448270711,689.7475623641586,697.167236328125,24000,0.0,0.0
2022-01-26 00:00:00+09:00,691.745076998264,691.745076998264,681.186279296875,681.186279296875,15300,0.0,0.0
2022-01-27 00:00:00+09:00,685.4669736112868,685.4669736112868,674.052001953125,674.052001953125,52200,0.0,0.0
2022-01-28 00:00:00+09:00,674.05209241495,684.8963012695312,674.05209241495,684.8963012695312,18300,0.0,0.0
2022-01-31 00:00:00+09:00,689.1768537635683,694.3135756549738,684.3254878927618,692.3159790039062,6300,0.0,0.0
2022-02-01 00:00:00+09:00,694.5989243319407,694.5989243319407,683.4693603515625,683.4693603515625,17100,0.0,0.0
2022-02-02 00:00:00+09:00,689.4621902125562,697.738037109375,683.4693481760339,697.738037109375,23700,0.0,0.0
2022-02-03 00:00:00+09:00,698.0233560469569,698.0233560469569,690.8890380859375,690.8890380859375,10800,0.0,0.0
2022-02-04 00:00:00+09:00,690.8889982045807,693.1720028118317,689.1767578125,689.1767578125,10200,0.0,0.0
2022-02-07 00:00:00+09:00,692.3159591578801,697.4526809020356,688.320713716836,691.4598388671875,11700,0.0,0.0
2022-02-08 00:00:00+09:00,685.7523438606397,691.4598298082944,685.1815795898438,685.1815795898438,12600,0.0,0.0
2022-02-09 00:00:00+09:00,691.1744339480209,698.8795166015625,686.0377121789933,698.8795166015625,9000,0.0,0.0
2022-02-10 00:00:00+09:00,707.4406659388512,722.850830078125,700.0209921148222,722.850830078125,22500,0.0,0.0
2022-02-14 00:00:00+09:00,718.8556198487881,721.1385722380378,702.3039276328593,716.8579711914062,25200,0.0,0.0
2022-02-15 00:00:00+09:00,720.8532644360891,734.8365447052803,696.8818969726562,696.8818969726562,51900,0.0,0.0
2022-02-16 00:00:00+09:00,697.7380926931196,730.8414306640625,697.7380926931196,730.8414306640625,13800,0.0,0.0
2022-02-17 00:00:00+09:00,719.4264129750851,726.2753754223003,714.5750994105988,717.7141723632812,8100,0.0,0.0
2022-02-18 00:00:00+09:00,719.9971398021007,727.702222154323,702.5893785722988,704.5869750976562,8100,0.0,0.0
2022-02-21 00:00:00+09:00,696.8819962360735,705.4432001210375,689.4622687846241,694.8843994140625,10200,0.0,0.0
2022-02-22 00:00:00+09:00,695.1697191712028,710.5798853597271,687.7499921070633,688.035400390625,11100,0.0,0.0
2022-02-24 00:00:00+09:00,681.4716704035308,693.1719970703125,681.4716704035308,693.1719970703125,26400,0.0,0.0
2022-02-25 00:00:00+09:00,735.9780565535937,735.9780565535937,683.7547214772663,688.3206787109375,34200,0.0,0.0
2022-02-28 00:00:00+09:00,690.6036434438906,690.6036434438906,679.4740808757017,686.6083984375,12000,0.0,0.0
2022-03-01 00:00:00+09:00,692.8866910451043,707.1553803834875,687.7499691536988,692.3159790039062,14400,0.0,0.0
2022-03-02 00:00:00+09:00,684.0400742428783,692.0305124274039,684.0400742428783,687.17919921875,12900,0.0,0.0
2022-03-03 00:00:00+09:00,687.1792098708102,690.0329266409267,680.0448395653683,681.757080078125,9300,0.0,0.0
2022-03-04 00:00:00+09:00,683.4693390308909,702.8747494501688,679.7595019043046,685.1815795898438,9900,0.0,0.0
2022-03-07 00:00:00+09:00,686.0376246993648,687.1791531158781,671.198225565555,671.4835815429688,17700,0.0,0.0
2022-03-08 00:00:00+09:00,670.6275324824945,672.0544170277535,642.0902073513569,653.505126953125,38100,0.0,0.0
2022-03-09 00:00:00+09:00,653.505086438014,663.7785291187168,645.5146484375,645.5146484375,21600,0.0,0.0
2022-03-10 00:00:00+09:00,652.0783392966679,684.8962680565654,652.0783392966679,679.1887817382812,36300,0.0,0.0
2022-03-11 00:00:00+09:00,659.783412375168,666.0616106533165,656.358931086462,656.644287109375,20700,0.0,0.0
2022-03-14 00:00:00+09:00,656.6442048825585,658.3564453125,652.9343680354956,658.3564453125,5400,0.0,0.0
2022-03-15 00:00:00+09:00,658.0711748792786,658.0711748792786,653.5051649702,657.7857666015625,12000,0.0,0.0
2022-03-16 00:00:00+09:00,657.7857254304374,660.3540862485,654.3612443396873,658.641845703125,15600,0.0,0.0
2022-03-17 00:00:00+09:00,658.9272827420598,678.3326416015625,658.9272827420598,678.3326416015625,19200,0.0,0.0
2022-03-18 00:00:00+09:00,665.4907848910719,687.17919921875,665.4907848910719,687.17919921875,33600,0.0,0.0
2022-03-22 00:00:00+09:00,679.759569273988,684.3255271325742,673.7667267237135,674.908203125,23700,0.0,0.0
2022-03-23 00:00:00+09:00,676.335050575214,689.7476196289062,676.335050575214,689.7476196289062,33300,0.0,0.0
2022-03-24 00:00:00+09:00,689.7475650818018,692.030517578125,683.4693150833299,692.030517578125,31800,0.0,0.0
2022-03-25 00:00:00+09:00,698.3088694714326,698.3088694714326,687.4646606445312,687.4646606445312,26100,0.0,0.0
2022-03-28 00:00:00+09:00,685.4670155216863,686.8938478761196,673.1959228515625,673.1959228515625,12900,0.0,0.0
2022-03-29 00:00:00+09:00,687.4645740405933,696.8818969726562,673.1958855135957,696.8818969726562,33300,0.0,0.0
2022-03-30 00:00:00+09:00,713.7032369926338,713.7032369926338,692.6766448089235,701.6880493164062,29400,40.666668,0.0
2022-03-31 00:00:00+09:00,701.0873253573423,701.0873253573423,686.0682983398438,686.0682983398438,20400,0.0,0.0
2022-04-01 00:00:00+09:00,686.0682266387282,698.0834689975129,681.8629413142758,683.6652221679688,29400,0.0,0.0
2022-04-04 00:00:00+09:00,683.6652841829504,683.6652841829504,680.361083984375,680.361083984375,14400,0.0,0.0
2022-04-05 00:00:00+09:00,677.6576005778825,682.4636645177355,675.8553197252817,677.3572387695312,32400,0.0,0.0
2022-04-06 00:00:00+09:00,674.6537574642343,677.6575402842292,670.448417515248,670.748779296875,31500,0.0,0.0
2022-04-07 00:00:00+09:00,670.7487861666996,671.9503433079973,660.8362422578259,664.1404418945312,21600,0.0,0.0
2022-04-08 00:00:00+09:00,660.8362418440088,667.4446411132812,654.5282593604938,667.4446411132812,38100,0.0,0.0
2022-04-11 00:00:00+09:00,657.2316159744337,657.5320327307313,631.6993267596441,641.9122314453125,42600,0.0,0.0
2022-04-12 00:00:00+09:00,639.509347257329,639.509347257329,621.4865385511689,626.2926025390625,23700,0.0,0.0
2022-04-13 00:00:00+09:00,621.7869189415062,643.1139282147955,621.7869189415062,641.01123046875,29400,0.0,0.0
2022-04-14 00:00:00+09:00,639.5093320815042,658.733642578125,634.4028514021887,658.733642578125,22200,0.0,0.0
2022-04-15 00:00:00+09:00,658.7335840056052,669.5472680111691,644.6157004423718,668.0453491210938,19200,0.0,0.0
2022-04-18 00:00:00+09:00,660.5359239035506,670.748830268629,651.8248815619788,665.0416259765625,12300,0.0,0.0
2022-04-19 00:00:00+09:00,670.1481865521423,670.1481865521423,652.7260997920065,667.1443481445312,16200,0.0,0.0
2022-04-20 00:00:00+09:00,757.2582440344718,764.7677835021268,723.9160516017577,741.338134765625,271200,0.0,0.0
2022-04-21 00:00:00+09:00,728.722205589944,752.15185546875,728.4217887957967,752.15185546875,84600,0.0,0.0
2022-04-22 00:00:00+09:00,740.1365926628285,778.5852661132812,739.535869094125,778.5852661132812,53700,0.0,0.0
2022-04-25 00:00:00+09:00,774.0796239288916,796.007355904343,765.6689983084266,775.58154296875,127200,0.0,0.0
2022-04-26 00:00:00+09:00,769.2735102062566,789.999738608913,767.4712294755908,777.9844970703125,51900,0.0,0.0
2022-04-27 00:00:00+09:00,768.0719673067252,774.0795881875243,751.8514404296875,751.8514404296875,96900,0.0,0.0
2022-04-28 00:00:00+09:00,765.0681892381936,796.9084646065453,765.0681892381936,796.00732421875,69900,0.0,0.0
2022-05-02 00:00:00+09:00,781.8894345807594,806.820946721757,781.8894345807594,799.3114624023438,50100,0.0,0.0
2022-05-06 00:00:00+09:00,810.425613410336,815.5320942124504,803.5169067382812,803.5169067382812,45300,0.0,0.0
2022-05-09 00:00:00+09:00,803.2164892161466,811.326753129328,790.9009399414062,790.9009399414062,52800,0.0,0.0
2022-05-10 00:00:00+09:00,790.9009765248074,793.9047597793259,780.9884312835219,782.4902954101562,20100,0.0,0.0
2022-05-11 00:00:00+09:00,782.4902599345393,783.0910385587056,771.6765747070312,771.6765747070312,24900,0.0,0.0
2022-05-12 00:00:00+09:00,771.6764959997555,783.0909586872096,768.9730749686144,775.8818359375,27600,0.0,0.0
2022-05-13 00:00:00+09:00,775.8818991968066,820.0377796389013,775.8818991968066,817.0339965820312,54600,0.0,0.0
2022-05-16 00:00:00+09:00,840.7640192145099,846.7716404008098,826.0454105595089,832.3533935546875,68100,0.0,0.0
2022-05-17 00:00:00+09:00,840.4635330575389,862.0909001269146,840.4635330575389,864.1935424804688,63900,0.0,0.0
2022-05-18 00:00:00+09:00,864.7944704256972,878.311577179479,859.6879895405192,868.999755859375,57900,0.0,0.0
2022-05-19 00:00:00+09:00,858.1860191108,885.2202310008977,856.6841551177356,881.3153076171875,61800,0.0,0.0
2022-05-20 00:00:00+09:00,888.8247962071396,919.1632080078125,883.7183706079262,919.1632080078125,85500,0.0,0.0
2022-05-23 00:00:00+09:00,934.1821388526031,937.1859767275585,891.5281800404169,899.0377197265625,54600,0.0,0.0
2022-05-24 00:00:00+09:00,901.1403428566808,925.1707153320312,899.0377003904291,925.1707153320312,91200,0.0,0.0
2022-05-25 00:00:00+09:00,916.1594589657698,923.6689442437586,899.6385143524484,920.6651611328125,67200,0.0,0.0
2022-05-26 00:00:00+09:00,914.657440331564,949.2011898523027,914.657440331564,941.691650390625,66000,0.0,0.0
2022-05-27 00:00:00+09:00,943.1936456410072,947.6993479450286,907.1480822100838,922.1670532226562,50700,0.0,0.0
2022-05-30 00:00:00+09:00,940.1897943812982,940.1897943812982,910.1517462852477,925.1707153320312,73800,0.0,0.0
2022-05-31 00:00:00+09:00,925.1707929098262,941.6917372483473,923.6689288799579,937.18603515625,33600,0.0,0.0
2022-06-01 00:00:00+09:00,937.1861207365956,946.1975257436783,919.1633107224303,926.6728515625,58200,0.0,0.0
2022-06-02 00:00:00+09:00,935.6841783307971,935.6841783307971,908.649910568813,914.6575317382812,100800,0.0,0.0
2022-06-03 00:00:00+09:00,925.170836424921,937.1860792364777,919.1632700203916,922.1670532226562,61800,0.0,0.0
2022-06-06 00:00:00+09:00,920.6651621980783,926.6727834281688,916.1594600258222,923.6689453125,35400,0.0,0.0
2022-06-07 00:00:00+09:00,917.6613305991083,919.1632496676085,891.528257814441,898.1366577148438,77700,0.0,0.0
2022-06-08 00:00:00+09:00,898.13658360953,919.1631738273893,898.13658360953,917.6612548828125,76200,0.0,0.0
2022-06-09 00:00:00+09:00,910.1518544742872,913.1556376404529,881.0149982588597,884.919921875,108000,0.0,0.0
2022-06-10 00:00:00+09:00,871.4027458761401,898.1365954346301,864.4939846416162,872.604248046875,122700,0.0,0.0
2022-06-13 00:00:00+09:00,869.600508627712,881.0149723251407,860.2887425858273,873.5054321289062,54300,0.0,0.0
2022-06-14 00:00:00+09:00,865.0948317307692,883.4180025413174,859.9883508486091,878.6119384765625,47400,0.0,0.0
2022-06-15 00:00:00+09:00,865.9958987490367,874.1061621088091,847.6727294921875,847.6727294921875,64500,0.0,0.0
2022-06-16 00:00:00+09:00,860.5891289844969,878.311576152482,859.0872099020835,865.9959716796875,50400,0.0,0.0
2022-06-17 00:00:00+09:00,864.1936113834856,864.1936113834856,840.1631832789076,850.9768676757812,67800,0.0,0.0
2022-06-20 00:00:00+09:00,848.8742580198153,853.37996002629,830.5510881939003,849.4750366210938,68700,0.0,0.0
2022-06-21 00:00:00+09:00,864.1936477324296,885.821017435848,864.1936477324296,881.0149536132812,58500,0.0,0.0
2022-06-22 00:00:00+09:00,889.4256412506104,890.9275603632366,862.0910654088095,865.0948486328125,51900,0.0,0.0
2022-06-23 00:00:00+09:00,865.3951845137991,878.3115674924549,861.189899126502,869.6005249023438,36900,0.0,0.0
2022-06-24 00:00:00+09:00,872.6042577373986,884.0187209904939,866.296275018812,881.6156616210938,56700,0.0,0.0
2022-06-27 00:00:00+09:00,890.3267478215898,905.6461351828924,884.6195434128928,898.43701171875,77100,0.0,0.0
2022-06-28 00:00:00+09:00,898.437054464949,907.1480973989943,893.6309902606049,902.6423950195312,37800,0.0,0.0
2022-06-29 00:00:00+09:00,904.144187902098,908.6498899265291,884.61951579706,887.3229370117188,85500,0.0,0.0
2022-06-30 00:00:00+09:00,896.0338727655864,896.6346513347339,884.6194649604782,896.3342895507812,54600,0.0,0.0
2022-07-01 00:00:00+09:00,892.1289990984067,895.1327821084238,863.2925061982561,868.3989868164062,117600,0.0,0.0
2022-07-04 00:00:00+09:00,876.809570750779,889.7258975839665,876.809570750779,886.4217529296875,66600,0.0,0.0
2022-07-05 00:00:00+09:00,887.623344194771,911.6537745540979,886.1214251094231,910.15185546875,83400,0.0,0.0
2022-07-06 00:00:00+09:00,907.1480618054987,916.1594662108472,881.916129470523,891.8286743164062,113100,0.0,0.0
2022-07-07 00:00:00+09:00,902.6422755982882,911.6536791649891,892.1289531033896,908.6498413085938,147900,0.0,0.0
2022-07-08 00:00:00+09:00,907.1479634761392,937.1859565709481,904.1441256657893,925.1707153320312,95400,0.0,0.0
2022-07-11 00:00:00+09:00,937.1859840029762,965.722059027879,934.1821461047019,946.1973876953125,122100,0.0,0.0
2022-07-12 00:00:00+09:00,952.2050170898438,962.7183954347787,947.6993149427269,952.2050170898438,77700,0.0,0.0
2022-07-13 00:00:00+09:00,950.7031698516863,950.7031698516863,932.6803609445453,938.6879272460938,50100,0.0,0.0
2022-07-14 00:00:00+09:00,940.1899668830906,968.7260463083949,940.1899668830906,967.2241821289062,65700,0.0,0.0
2022-07-15 00:00:00+09:00,971.7298323695051,982.2431010650879,959.7145895727693,976.2355346679688,58200,0.0,0.0
2022-07-19 00:00:00+09:00,988.2505990801744,1000.2658410455151,980.7411691040152,998.7639770507812,46500,0.0,0.0
2022-07-20 00:00:00+09:00,1007.7755058444736,1016.7869109339846,1004.7716674804688,1004.7716674804688,60300,0.0,0.0
2022-07-21 00:00:00+09:00,1003.2696908920341,1015.2848229968547,994.258286812173,1013.782958984375,34200,0.0,0.0
2022-07-22 00:00:00+09:00,1013.7829940930933,1019.7905603535539,1000.2658875051853,1018.2886962890625,63300,0.0,0.0
2022-07-25 00:00:00+09:00,1019.7905598860582,1046.8247730494809,1016.7868317584523,1043.821044921875,85200,0.0,0.0
2022-07-26 00:00:00+09:00,1054.3342800798089,1066.349522218301,1037.8133358896935,1045.3228759765625,84600,0.0,0.0
2022-07-27 00:00:00+09:00,1045.322894713663,1046.8247587569606,1031.8057883165034,1037.8133544921875,40800,0.0,0.0
2022-07-28 00:00:00+09:00,1037.8134750768347,1039.3154492971419,1018.2888002353984,1031.805908203125,83700,0.0,0.0
2022-07-29 00:00:00+09:00,1039.3152391980652,1040.8171031122622,1024.2961600461601,1036.3114013671875,49500,0.0,0.0
2022-08-01 00:00:00+09:00,1030.303820331651,1030.303820331651,988.2505313369012,995.7600708007812,109500,0.0,0.0
2022-08-02 00:00:00+09:00,992.7563697606706,992.7563697606706,967.2241300710414,976.2355346679688,76500,0.0,0.0
2022-08-03 00:00:00+09:00,976.2354754704274,983.7449055108407,952.2049913341307,956.710693359375,76800,0.0,0.0
2022-08-04 00:00:00+09:00,965.722059027879,965.722059027879,944.6955237474186,946.1973876953125,45300,0.0,0.0
2022-08-05 00:00:00+09:00,943.193628833986,968.7259781026395,943.193628833986,964.2202758789062,41400,0.0,0.0
2022-08-08 00:00:00+09:00,974.7335113061355,995.7601576371627,973.2316472833807,991.2544555664062,55200,0.0,0.0
2022-08-09 00:00:00+09:00,1000.2658599351942,1028.8019363889712,997.2620218865101,1016.7868041992188,70800,0.0,0.0
2022-08-10 00:00:00+09:00,1016.7868229739701,1018.2886870247977,1003.2697165090391,1009.2772827148438,35400,0.0,0.0
2022-08-12 00:00:00+09:00,1016.7868658128945,1048.3267822265625,1016.7868658128945,1048.3267822265625,75900,0.0,0.0
2022-08-15 00:00:00+09:00,1051.3303705166086,1054.3342083474865,1028.801861791235,1036.3114013671875,56100,0.0,0.0
2022-08-16 00:00:00+09:00,1048.3265413666766,1057.3379439858672,1024.2960610471857,1054.3341064453125,87900,0.0,0.0
2022-08-17 00:00:00+09:00,1054.3344416673744,1054.3344416673744,1022.7945224721966,1024.29638671875,85800,0.0,0.0
2022-08-18 00:00:00+09:00,1024.2962480950282,1046.8247587569606,1012.2811157436598,1037.8133544921875,62700,0.0,0.0
2022-08-19 00:00:00+09:00,1051.3304397266984,1051.3304397266984,1031.8057675468747,1039.3153076171875,26400,0.0,0.0
2022-08-22 00:00:00+09:00,1052.8323864507056,1078.3646240234375,1036.3114427252704,1078.3646240234375,64200,0.0,0.0
2022-08-23 00:00:00+09:00,1078.3646082897292,1105.3988194446456,1078.3646082897292,1091.8817138671875,111600,0.0,0.0
2022-08-24 00:00:00+09:00,1106.900879461281,1109.9046075992658,1078.3646921329573,1081.3685302734375,78000,0.0,0.0
2022-08-25 00:00:00+09:00,1085.8741614077271,1085.8741614077271,1070.8551916933736,1072.3570556640625,45300,0.0,0.0
2022-08-26 00:00:00+09:00,1078.3646921329573,1090.379934692383,1073.8589899234846,1081.3685302734375,39000,0.0,0.0
2022-08-29 00:00:00+09:00,1066.349559576027,1093.383772832863,1060.3418832950667,1081.3685302734375,84600,0.0,0.0
2022-08-30 00:00:00+09:00,1088.8779808242173,1088.8779808242173,1078.3646032008166,1079.8665771484375,40800,0.0,0.0
2022-08-31 00:00:00+09:00,1075.3608911128892,1075.3608911128892,1063.345649367791,1066.3494873046875,45000,0.0,0.0
2022-09-01 00:00:00+09:00,1064.8474987172485,1070.855174508571,1051.330393190503,1060.341796875,63300,0.0,0.0
2022-09-02 00:00:00+09:00,1060.3416891139589,1060.3416891139589,1042.318883576597,1046.8245849609375,39600,0.0,0.0
2022-09-05 00:00:00+09:00,1045.3228591323802,1045.3228591323802,1031.8057531953236,1033.3076171875,35100,0.0,0.0
2022-09-06 00:00:00+09:00,1028.8019314439966,1036.3114715283662,1019.79052734375,1019.79052734375,44400,0.0,0.0
2022-09-07 00:00:00+09:00,1021.2925344205404,1022.7943984850318,1009.277291897124,1018.2886962890625,42900,0.0,0.0
2022-09-08 00:00:00+09:00,1025.7983250951763,1051.33056640625,1025.7983250951763,1051.33056640625,58500,0.0,0.0
2022-09-09 00:00:00+09:00,1034.8094374378904,1064.847372833544,1034.8094374378904,1054.3341064453125,54900,0.0,0.0
2022-09-12 00:00:00+09:00,1067.8512103740986,1067.8512103740986,1049.828405135717,1054.3341064453125,33000,0.0,0.0
2022-09-13 00:00:00+09:00,1057.3381391097992,1069.353271484375,1052.8324369687098,1069.353271484375,33000,0.0,0.0
2022-09-14 00:00:00+09:00,1045.3229110783261,1060.3418817539073,1042.319072942212,1049.82861328125,44700,0.0,0.0
2022-09-15 00:00:00+09:00,1049.8285594787665,1055.836125440619,1040.8171555347426,1052.8323974609375,27600,0.0,0.0
2022-09-16 00:00:00+09:00,1036.3114956447057,1042.3190618505103,997.2620403007404,1009.2772827148438,57300,0.0,0.0
2022-09-20 00:00:00+09:00,1016.7868521867804,1045.322929987326,1016.7868521867804,1042.319091796875,43500,0.0,0.0
2022-09-21 00:00:00+09:00,1024.296121842464,1031.8056611383292,1019.7904202654406,1025.798095703125,20400,0.0,0.0
2022-09-22 00:00:00+09:00,1016.7867832660905,1039.3152931611849,1016.7867832660905,1033.3076171875,37800,0.0,0.0
2022-09-26 00:00:00+09:00,1037.8134153101648,1037.8134153101648,1001.7677961387263,1006.2734985351562,69300,0.0,0.0
2022-09-27 00:00:00+09:00,1006.2734446106945,1015.2848489206484,1003.2697165090391,1009.2772827148438,36000,0.0,0.0
2022-09-28 00:00:00+09:00,1021.2925272952606,1025.7982294597948,998.7640164725894,1015.2848510742188,50400,0.0,0.0
2022-09-29 00:00:00+09:00,1025.6481250418876,1031.7441766458576,1018.0282279679393,1019.5521850585938,36600,16.333332,0.0
2022-09-30 00:00:00+09:00,1025.6479752870564,1025.6479752870564,998.2160819365498,1007.3600463867188,31800,0.0,0.0
2022-10-03 00:00:00+09:00,986.0243159144096,1005.8362039365725,969.2603419752426,1001.2642211914062,60900,0.0,0.0
2022-10-04 00:00:00+09:00,1021.0759178865114,1062.2237548828125,1019.5519611305693,1062.2237548828125,65700,0.0,0.0
2022-10-05 00:00:00+09:00,1062.2239844155333,1063.7480531214583,1043.9360529098387,1050.0321044921875,43500,0.0,0.0
2022-10-06 00:00:00+09:00,1051.5558376420784,1063.74782658974,1043.9358305972085,1048.5078125,29100,0.0,0.0
2022-10-07 00:00:00+09:00,1036.3160996666554,1054.6040301806513,1036.3160996666554,1039.364013671875,28500,0.0,0.0
2022-10-11 00:00:00+09:00,1028.6958767761926,1039.3637968099524,1001.2639867288274,1004.31201171875,54300,0.0,0.0
2022-10-12 00:00:00+09:00,999.740159638071,1010.4080810546875,987.5481697186086,1010.4080810546875,46200,0.0,0.0
2022-10-13 00:00:00+09:00,990.596138833593,998.2160344323365,986.0241568260852,996.6920776367188,62400,0.0,0.0
2022-10-14 00:00:00+09:00,1018.0280719784242,1034.7919322689734,1010.4080644513916,1031.7440185546875,50400,0.0,0.0
2022-10-17 00:00:00+09:00,1021.0760118240378,1027.1720626499373,1013.4561157226562,1013.4561157226562,26700,0.0,0.0
2022-10-18 00:00:00+09:00,1034.791971503475,1043.935936234347,1030.219989138039,1036.3160400390625,49800,0.0,0.0
2022-10-19 00:00:00+09:00,1036.3160400390625,1040.8880224044985,1024.1240498576785,1036.3160400390625,35700,0.0,0.0
2022-10-20 00:00:00+09:00,1036.3158359179108,1045.4597988477142,1030.2197862176147,1040.8878173828125,50700,0.0,0.0
2022-10-21 00:00:00+09:00,1040.8880352537633,1043.9359491212367,1028.696044921875,1028.696044921875,29400,0.0,0.0
2022-10-24 00:00:00+09:00,1050.031990388255,1057.6518866071453,1043.9359394683468,1056.1279296875,86400,0.0,0.0
2022-10-25 00:00:00+09:00,1059.1760311305652,1060.699988159536,1043.93601435817,1045.4600830078125,46500,0.0,0.0
2022-10-26 00:00:00+09:00,1051.5559913601937,1059.1759995189686,1045.4600518055747,1046.9840087890625,38400,0.0,0.0
2022-10-27 00:00:00+09:00,1051.5558376420784,1051.5558376420784,1036.3159351729903,1048.5078125,27900,0.0,0.0
2022-10-28 00:00:00+09:00,1050.0320657153966,1056.1280054519518,1031.7441348850598,1045.4600830078125,129900,0.0,0.0
2022-10-31 00:00:00+09:00,1057.6519332748337,1066.7958984375,1053.0799506935007,1066.7958984375,48900,0.0,0.0
2022-11-01 00:00:00+09:00,1068.3199670450567,1080.5118461814993,1060.6999588692786,1066.7958984375,38400,0.0,0.0
2022-11-02 00:00:00+09:00,1066.7957249013787,1078.9877136752136,1056.1278044871794,1069.84375,128700,0.0,0.0
2022-11-04 00:00:00+09:00,1050.031968345938,1078.987818935338,1028.6960138154707,1030.219970703125,79500,0.0,0.0
2022-11-07 00:00:00+09:00,1037.840009765625,1037.840009765625,1022.6001055662632,1028.696044921875,38400,0.0,0.0
2022-11-08 00:00:00+09:00,1040.8879170757818,1051.5558376420784,1031.7439532701985,1048.5078125,42900,0.0,0.0
2022-11-09 00:00:00+09:00,1057.6519309148127,1059.1759995189686,1043.9359832014188,1046.9840087890625,19500,0.0,0.0
2022-11-10 00:00:00+09:00,1050.0319513401519,1051.555908203125,1042.4119437839674,1051.555908203125,21000,0.0,0.0
2022-11-11 00:00:00+09:00,1065.2718505859375,1071.3677896341924,1053.0798608687687,1065.2718505859375,37200,0.0,0.0
2022-11-14 00:00:00+09:00,1048.5078998376223,1054.6039506295622,1030.219970703125,1030.219970703125,42600,0.0,0.0
2022-11-15 00:00:00+09:00,1037.839957603918,1042.411939796006,1025.647967884798,1031.7440185546875,19500,0.0,0.0
2022-11-16 00:00:00+09:00,1034.7919842774868,1034.7919842774868,1024.1240625,1028.696044921875,26400,0.0,0.0
2022-11-17 00:00:00+09:00,1030.2200018556118,1030.2200018556118,1021.0760370118618,1028.696044921875,21600,0.0,0.0
2022-11-18 00:00:00+09:00,1039.3639410604126,1039.3639410604126,1013.4561157226562,1013.4561157226562,51000,0.0,0.0
2022-11-21 00:00:00+09:00,1013.4560119044556,1028.6959141667085,1013.4560119044556,1022.5999755859375,30300,0.0,0.0
2022-11-22 00:00:00+09:00,1030.2198763873232,1042.411865234375,1030.2198763873232,1042.411865234375,58200,0.0,0.0
2022-11-24 00:00:00+09:00,1048.507978928873,1056.127987183261,1031.7441170381564,1039.364013671875,72000,0.0,0.0
2022-11-25 00:00:00+09:00,1033.2679754118303,1037.839957603918,1018.0280719784242,1031.7440185546875,109800,0.0,0.0
2022-11-28 00:00:00+09:00,1031.744044959031,1031.744044959031,1008.8841334135625,1013.4561157226562,48000,0.0,0.0
2022-11-29 00:00:00+09:00,1014.980093346289,1018.0281188214842,1004.312171614102,1011.9320678710938,65100,0.0,0.0
2022-11-30 00:00:00+09:00,1011.9320727619554,1011.9320727619554,998.2161254882812,998.2161254882812,49800,0.0,0.0
2022-12-01 00:00:00+09:00,1002.7881128945528,1004.3121814574199,981.4522692210649,984.5001831054688,55800,0.0,0.0
2022-12-02 00:00:00+09:00,979.9281847824442,979.9281847824442,960.1162983721293,972.3082885742188,72600,0.0,0.0
2022-12-05 00:00:00+09:00,972.3082885742188,978.4042278649318,964.68828074533,972.3082885742188,69300,0.0,0.0
2022-12-06 00:00:00+09:00,972.3082398690601,972.3082398690601,958.5922934365216,964.688232421875,61200,0.0,0.0
2022-12-07 00:00:00+09:00,964.688262349829,976.8802523194312,963.1643054613767,966.2122192382812,52800,0.0,0.0
2022-12-08 00:00:00+09:00,954.0203686466747,954.0203686466747,937.2563959033047,944.8764038085938,105000,0.0,0.0
2022-12-09 00:00:00+09:00,957.0682983398438,961.6402808344936,952.4963158451937,957.0682983398438,39900,0.0,0.0
2022-12-12 00:00:00+09:00,949.448354975764,954.0203372443141,941.8283473212938,946.4003295898438,27600,0.0,0.0
2022-12-13 00:00:00+09:00,940.304443359375,954.020390936964,937.2564178019106,940.304443359375,52200,0.0,0.0
2022-12-14 00:00:00+09:00,949.4483941287447,950.9723510742188,944.8764116716571,950.9723510742188,79200,0.0,0.0
2022-12-15 00:00:00+09:00,950.9723510742188,961.6402729338679,950.9723510742188,950.9723510742188,45000,0.0,0.0
2022-12-16 00:00:00+09:00,949.4483862276342,954.0203686466747,943.3523352551372,944.8764038085938,34500,0.0,0.0
2022-12-19 00:00:00+09:00,938.7802790623033,960.1162325480337,938.7802790623033,955.5442504882812,32400,0.0,0.0
2022-12-20 00:00:00+09:00,955.5442941269438,970.7841978152234,938.7803219353735,946.4003295898438,64200,0.0,0.0
2022-12-21 00:00:00+09:00,944.8763819445657,957.068260366116,940.3043996313188,949.4483642578125,44700,0.0,0.0
2022-12-22 00:00:00+09:00,957.0683549610626,967.7363891601562,949.448458099622,967.7363891601562,35400,0.0,0.0
2022-12-23 00:00:00+09:00,967.7364260899639,981.4523749087791,957.0683914837673,975.3563232421875,57900,0.0,0.0
2022-12-26 00:00:00+09:00,990.5963407879892,990.5963407879892,975.3563232421875,975.3563232421875,44400,0.0,0.0
2022-12-27 00:00:00+09:00,986.0240850205066,1005.8359684033882,981.4521033459457,1004.31201171875,58500,0.0,0.0
2022-12-28 00:00:00+09:00,1002.7879861891901,1002.7879861891901,989.0720405804292,995.1680908203125,51900,0.0,0.0
2022-12-29 00:00:00+09:00,986.0242037500979,1008.88411487552,978.4041961680705,1007.3600463867188,39600,0.0,0.0
2022-12-30 00:00:00+09:00,1008.8841540165627,1025.6480150784762,1002.7881030661723,1011.9320678710938,34200,0.0,0.0
2023-01-04 00:00:00+09:00,1011.9319938947424,1011.9319938947424,986.024169921875,986.024169921875,49200,0.0,0.0
2023-01-05 00:00:00+09:00,986.0241270811385,1004.3120545594865,978.4041200916099,995.1680908203125,80100,0.0,0.0
2023-01-06 00:00:00+09:00,982.9762609351085,1007.3601309762214,982.9762609351085,999.740234375,24900,0.0,0.0
2023-01-10 00:00:00+09:00,1007.3601309762214,1028.6960870251135,999.740234375,999.740234375,48000,0.0,0.0
2023-01-11 00:00:00+09:00,1007.3599371800918,1043.935791015625,1007.3599371800918,1043.935791015625,75300,0.0,0.0
2023-01-12 00:00:00+09:00,1043.935791015625,1059.175804527529,1040.8878776097622,1043.935791015625,41700,0.0,0.0
2023-01-13 00:00:00+09:00,1037.8397925326644,1057.651675007024,1036.3158359179108,1040.8878173828125,36000,0.0,0.0
2023-01-16 00:00:00+09:00,1036.3160089511048,1057.6518516026536,1036.3160089511048,1037.8399658203125,30900,0.0,0.0
2023-01-17 00:00:00+09:00,1037.8399658203125,1040.887991179388,1014.980054678896,1037.8399658203125,59700,0.0,0.0
2023-01-18 00:00:00+09:00,1037.8400176989376,1057.6519044716176,1028.6960527852905,1034.7919921875,64200,0.0,0.0
2023-01-19 00:00:00+09:00,1027.1720662053363,1069.8438640310253,1027.1720662053363,1063.7479248046875,87300,0.0,0.0
2023-01-20 00:00:00+09:00,1063.7478232594062,1068.3198051478842,1057.6517729943346,1062.2237548828125,27900,0.0,0.0
2023-01-23 00:00:00+09:00,1072.8918928679284,1086.6078398863224,1069.843867434731,1083.559814453125,47100,0.0,0.0
2023-01-24 00:00:00+09:00,1097.2757985413857,1123.1837365471683,1097.2757985413857,1121.65966796875,96900,0.0,0.0
2023-01-25 00:00:00+09:00,1127.7555999780777,1127.7555999780777,1100.3237079106705,1107.943603515625,58800,0.0,0.0
2023-01-26 00:00:00+09:00,1107.9437308127212,1107.9437308127212,1094.227783203125,1094.227783203125,28200,0.0,0.0
2023-01-27 00:00:00+09:00,1091.1799060882022,1100.3238714698891,1071.3679066807663,1078.9879150390625,54300,0.0,0.0
2023-01-30 00:00:00+09:00,1091.17973051194,1091.17973051194,1074.4157594693636,1082.0357666015625,59100,0.0,0.0
2023-01-31 00:00:00+09:00,1082.0357798657321,1110.9916287299995,1082.0357798657321,1107.943603515625,51900,0.0,0.0
2023-02-01 00:00:00+09:00,1123.1836344814662,1205.4793118937152,1115.5636271438173,1194.811279296875,250500,0.0,0.0
2023-02-02 00:00:00+09:00,1194.81128718306,1194.81128718306,1155.187516655328,1167.37939453125,100800,0.0,0.0
2023-02-03 00:00:00+09:00,1152.1396558947001,1158.235595703125,1141.4717333247884,1158.235595703125,53700,0.0,0.0
2023-02-06 00:00:00+09:00,1165.855335079668,1178.0473235030697,1153.6633466562662,1173.475341796875,41100,0.0,0.0
2023-02-07 00:00:00+09:00,1173.4755547470156,1184.1434767904911,1167.379503618743,1174.99951171875,33900,0.0,0.0
2023-02-08 00:00:00+09:00,1173.4753782708576,1191.7633056640625,1162.8073462110544,1191.7633056640625,24600,0.0,0.0
2023-02-09 00:00:00+09:00,1193.2872983752873,1223.7672154895868,1190.239273177661,1210.05126953125,65700,0.0,0.0
2023-02-10 00:00:00+09:00,1205.4795515757696,1229.863423635504,1203.9554828328198,1208.5274658203125,30300,0.0,0.0
2023-02-13 00:00:00+09:00,1208.5272999286228,1219.1953331821821,1202.431360655634,1217.6712646484375,45300,0.0,0.0
2023-02-14 00:00:00+09:00,1228.3392682672084,1258.8190755174626,1220.7192606443145,1246.627197265625,72600,0.0,0.0
2023-02-15 00:00:00+09:00,1249.6750881247306,1249.6750881247306,1211.5752739495551,1220.71923828125,53400,0.0,0.0
2023-02-16 00:00:00+09:00,1231.38710393685,1248.1510749959389,1228.339190377491,1237.483154296875,35700,0.0,0.0
2023-02-17 00:00:00+09:00,1237.483310093198,1266.4391622765056,1228.3393450226095,1255.771240234375,78300,0.0,0.0
2023-02-20 00:00:00+09:00,1271.0110691772902,1295.3949373742842,1254.2470970052352,1266.4390869140625,138300,0.0,0.0
2023-02-21 00:00:00+09:00,1263.3911794947103,1306.0630923495582,1258.8191968045958,1299.967041015625,111600,0.0,0.0
2023-02-22 00:00:00+09:00,1293.8709366891615,1330.4467935566995,1284.7269724722769,1309.11083984375,101700,0.0,0.0
2023-02-24 00:00:00+09:00,1307.5869659020816,1331.9708348192416,1283.2030969849213,1304.5389404296875,103500,0.0,0.0
2023-02-27 00:00:00+09:00,1310.6348139958732,1368.5465087890625,1310.6348139958732,1368.5465087890625,120600,0.0,0.0
2023-02-28 00:00:00+09:00,1365.498823485122,1379.214771115149,1341.1148421735181,1356.3548583984375,103200,0.0,0.0
2023-03-01 00:00:00+09:00,1367.0227726740636,1405.122589778046,1367.0227726740636,1403.5986328125,123600,0.0,0.0
2023-03-02 00:00:00+09:00,1400.5505019361115,1415.7905169281535,1365.498713019863,1382.2625732421875,114000,0.0,0.0
2023-03-03 00:00:00+09:00,1397.5026672004767,1400.5505810745815,1380.7386944102411,1391.4066162109375,89100,0.0,0.0
2023-03-06 00:00:00+09:00,1391.4066448213553,1395.9786273471873,1347.2108881520894,1370.07080078125,115200,0.0,0.0
2023-03-07 00:00:00+09:00,1374.6426996185312,1415.7905398459307,1370.0707173710423,1408.1705322265625,94200,0.0,0.0
2023-03-08 00:00:00+09:00,1411.2184748543698,1446.2702622828167,1405.1224244680411,1412.742431640625,85800,0.0,0.0
2023-03-09 00:00:00+09:00,1417.3145673565907,1427.9824892588376,1402.0746629789999,1411.2186279296875,57900,0.0,0.0
2023-03-10 00:00:00+09:00,1389.8827604162368,1415.790699955448,1389.8827604162368,1392.9307861328125,87300,0.0,0.0
2023-03-13 00:00:00+09:00,1371.594647913171,1376.1666300728816,1348.7347371146182,1362.45068359375,91800,0.0,0.0
2023-03-14 00:00:00+09:00,1330.4468965625313,1333.494922077696,1298.443019325632,1310.635009765625,129000,0.0,0.0
2023-03-15 00:00:00+09:00,1322.8268571655717,1342.6388551125751,1304.5389277502843,1312.158935546875,90900,0.0,0.0
2023-03-16 00:00:00+09:00,1284.7269482042846,1284.7269482042846,1249.675048828125,1249.675048828125,106800,0.0,0.0
2023-03-17 00:00:00+09:00,1271.0112495280553,1299.967104096982,1229.8634033203125,1229.8634033203125,640800,0.0,0.0
2023-03-20 00:00:00+09:00,1234.435313831676,1254.2472014146772,1199.383409688825,1207.00341796875,138600,0.0,0.0
2023-03-22 00:00:00+09:00,1223.767263598701,1240.5311237930357,1216.1472561154026,1220.71923828125,87000,0.0,0.0
2023-03-23 00:00:00+09:00,1210.0514456420672,1229.8633332584232,1194.8114290565593,1226.8153076171875,59400,0.0,0.0
2023-03-24 00:00:00+09:00,1226.8151955203787,1261.8670965194729,1216.1472741818109,1260.3431396484375,90600,0.0,0.0
2023-03-27 00:00:00+09:00,1260.3432381939924,1280.1551255491734,1257.2952125929382,1267.963134765625,79500,0.0,0.0
2023-03-28 00:00:00+09:00,1272.5349345394281,1283.2029668001717,1249.6750248673386,1264.9150390625,58500,0.0,0.0
2023-03-29 00:00:00+09:00,1275.5831169629857,1283.203125,1267.9631089259715,1283.203125,91800,0.0,0.0
2023-03-30 00:00:00+09:00,1287.274747922648,1331.1234845579618,1285.7087584818737,1329.5574951171875,94500,37.666668,0.0
2023-03-31 00:00:00+09:00,1345.2177720286813,1374.972375147933,1338.9536993874526,1370.2742919921875,89400,0.0,0.0
2023-04-03 00:00:00+09:00,1378.1042550250058,1385.9344312879773,1349.9157581174538,1353.0478515625,75300,0.0,0.0
2023-04-04 00:00:00+09:00,1346.783949309004,1353.04802229021,1334.2556886472903,1343.65185546875,62100,0.0,0.0
2023-04-05 00:00:00+09:00,1327.9915630406347,1327.9915630406347,1295.10498046875,1295.10498046875,67800,0.0,0.0
2023-04-06 00:00:00+09:00,1293.5387155721983,1295.104819585367,1263.784230412677,1265.3502197265625,51300,0.0,0.0
2023-04-07 00:00:00+09:00,1265.350247153906,1288.8406608677735,1265.350247153906,1284.142578125,46500,0.0,0.0
2023-04-10 00:00:00+09:00,1302.9348537035642,1302.9348537035642,1268.482286621025,1271.6143798828125,38100,0.0,0.0
2023-04-11 00:00:00+09:00,1277.8785266716611,1282.576609490307,1270.048350407489,1281.0106201171875,40200,0.0,0.0
2023-04-12 00:00:00+09:00,1281.01063664212,1318.5952996761257,1281.01063664212,1313.897216796875,40200,0.0,0.0
2023-04-13 00:00:00+09:00,1310.7651396335443,1327.9914819717415,1309.199150220723,1321.727294921875,33000,0.0,0.0
2023-04-14 00:00:00+09:00,1329.557410441654,1343.6516586088799,1329.557410441654,1334.2554931640625,48300,0.0,0.0
2023-04-17 00:00:00+09:00,1337.387580181054,1364.0099723484889,1334.2554868145917,1359.3118896484375,65100,0.0,0.0
2023-04-18 00:00:00+09:00,1376.53815061335,1378.1041398553577,1327.9913371183266,1338.9534912109375,99000,0.0,0.0
2023-04-19 00:00:00+09:00,1329.5574374728733,1360.8780278254715,1323.2933652820686,1353.0478515625,66600,0.0,0.0
2023-04-20 00:00:00+09:00,1343.6516487573497,1359.3118861507974,1343.6516487573497,1348.3497314453125,36000,0.0,0.0
2023-04-21 00:00:00+09:00,1348.3497820959892,1370.2742070298332,1345.217688619929,1349.915771484375,54900,0.0,0.0
2023-04-24 00:00:00+09:00,1354.6137601987582,1373.406090350414,1351.4817816396694,1368.7080078125,44100,0.0,0.0
2023-04-25 00:00:00+09:00,1365.5761560134165,1374.9723219614464,1331.1234710711133,1332.6895751953125,69900,0.0,0.0
2023-04-26 00:00:00+09:00,1324.8593242979346,1327.9914176712139,1299.8029214095557,1323.2933349609375,60900,0.0,0.0
2023-04-27 00:00:00+09:00,1304.5010074885693,1334.2554931640625,1304.5010074885693,1334.2554931640625,66600,0.0,0.0
2023-04-28 00:00:00+09:00,1334.255408785636,1345.217562878247,1331.1233156023422,1338.9534912109375,50100,0.0,0.0
2023-05-01 00:00:00+09:00,1340.5196506011928,1340.5196506011928,1315.463246052341,1329.5574951171875,49200,0.0,0.0
2023-05-02 00:00:00+09:00,1321.7273319696214,1326.4254150390625,1309.1991869173082,1326.4254150390625,45000,0.0,0.0
2023-05-08 00:00:00+09:00,1320.161222345028,1367.1420487630005,1320.161222345028,1351.4818115234375,68400,0.0,0.0
2023-05-09 00:00:00+09:00,1346.7838873219455,1360.8781369054334,1343.6517936258492,1356.1800537109375,50400,0.0,0.0
2023-05-10 00:00:00+09:00,1359.3118427366721,1368.7080078125,1346.7836991017555,1368.7080078125,47700,0.0,0.0
2023-05-11 00:00:00+09:00,1342.085696759583,1346.7837795782289,1274.7464332261347,1281.0106201171875,122400,0.0,0.0
2023-05-12 00:00:00+09:00,1274.7465451451865,1281.0107325862168,1249.6901394789581,1270.0484619140625,69300,0.0,0.0
2023-05-15 00:00:00+09:00,1268.482364169034,1295.104871773579,1254.388115678267,1291.9727783203125,73200,0.0,0.0
2023-05-16 00:00:00+09:00,1291.9727751275987,1291.9727751275987,1268.4823610343694,1281.0106201171875,45900,0.0,0.0
2023-05-17 00:00:00+09:00,1279.4445092051258,1320.161264982155,1279.4445092051258,1306.0670166015625,68100,0.0,0.0
2023-05-18 00:00:00+09:00,1315.4631310884765,1318.5952243955908,1291.972718033325,1304.5009765625,54600,0.0,0.0
2023-05-19 00:00:00+09:00,1301.368854960579,1306.0669374694621,1285.7086181640625,1285.7086181640625,27600,0.0,0.0
2023-05-22 00:00:00+09:00,1293.538757585718,1320.161264982155,1285.7086960626914,1306.0670166015625,55500,0.0,0.0
2023-05-23 00:00:00+09:00,1343.6518068046958,1359.3120460401826,1301.3690576395131,1317.029296875,96600,0.0,0.0
2023-05-24 00:00:00+09:00,1317.0290683264377,1348.3496560615406,1317.0290683264377,1338.9534912109375,46500,0.0,0.0
2023-05-25 00:00:00+09:00,1337.3876853339539,1338.9536747906695,1318.59535305619,1326.4254150390625,44100,0.0,0.0
2023-05-26 00:00:00+09:00,1327.9914548118707,1329.5574441926647,1302.9349365234375,1302.9349365234375,37800,0.0,0.0
2023-05-29 00:00:00+09:00,1310.7650484774463,1312.331037781362,1295.1048113404395,1304.5009765625,30900,0.0,0.0
2023-05-30 00:00:00+09:00,1304.5011012620691,1326.4254124098059,1290.406852081684,1315.4632568359375,49500,0.0,0.0
2023-05-31 00:00:00+09:00,1304.5011208544474,1304.5011208544474,1271.6145389396233,1276.3126220703125,74100,0.0,0.0
2023-06-01 00:00:00+09:00,1255.9541515658188,1295.1049197339748,1255.9541515658188,1282.57666015625,39600,0.0,0.0
2023-06-02 00:00:00+09:00,1284.142628564245,1313.8972302367183,1284.142628564245,1310.76513671875,49500,0.0,0.0
2023-06-05 00:00:00+09:00,1317.0291955835162,1327.9914654346271,1304.5010510383736,1313.897216796875,59400,0.0,0.0
2023-06-06 00:00:00+09:00,1302.9347969844757,1331.123291015625,1302.9347969844757,1331.123291015625,39900,0.0,0.0
2023-06-07 00:00:00+09:00,1340.5194804529453,1353.047738486842,1323.2932546930251,1338.9534912109375,69300,0.0,0.0
2023-06-08 00:00:00+09:00,1335.8215811779444,1346.7838514728357,1323.293436125631,1326.4254150390625,50100,0.0,0.0
2023-06-09 00:00:00+09:00,1331.1235561985482,1334.2556499479574,1310.7652335756343,1327.9915771484375,76200,0.0,0.0
2023-06-12 00:00:00+09:00,1327.991411363902,1348.3497314453125,1327.991411363902,1348.3497314453125,48900,0.0,0.0
2023-06-13 00:00:00+09:00,1348.3496311566414,1348.3496311566414,1331.123291015625,1331.123291015625,53100,0.0,0.0
2023-06-14 00:00:00+09:00,1323.2934092472829,1337.3876581693273,1310.765149750146,1332.6895751953125,51600,0.0,0.0
2023-06-15 00:00:00+09:00,1331.123447286998,1340.51961306714,1317.0291986167854,1324.859375,47100,0.0,0.0
2023-06-16 00:00:00+09:00,1317.0290440000504,1331.123291015625,1301.3688077713925,1331.123291015625,77400,0.0,0.0
2023-06-19 00:00:00+09:00,1331.1233156023422,1345.217562878247,1329.5573263603344,1338.9534912109375,32700,0.0,0.0
2023-06-20 00:00:00+09:00,1326.4253776171536,1346.7838134765625,1321.727294680258,1346.7838134765625,58800,0.0,0.0
2023-06-21 00:00:00+09:00,1338.9537353806554,1392.1986410106463,1338.9537353806554,1374.972412109375,89400,0.0,0.0
2023-06-22 00:00:00+09:00,1384.3684662605406,1387.500445061378,1349.915781857013,1360.8780517578125,36000,0.0,0.0
2023-06-23 00:00:00+09:00,1374.9722762792474,1390.6325141059026,1348.3497687445745,1353.0478515625,72600,0.0,0.0
2023-06-26 00:00:00+09:00,1351.4818964134583,1356.1799793503542,1320.1613052677228,1346.7838134765625,35700,0.0,0.0
2023-06-27 00:00:00+09:00,1337.3876869624444,1365.5761854134141,1332.6896038872826,1362.444091796875,38700,0.0,0.0
2023-06-28 00:00:00+09:00,1362.4440338652014,1392.198520509621,1362.4440338652014,1385.9344482421875,44400,0.0,0.0
2023-06-29 00:00:00+09:00,1387.5003771203594,1410.9907904728443,1382.8022944498623,1398.462646484375,54000,0.0,0.0
2023-06-30 00:00:00+09:00,1409.4248324508465,1514.3486428557585,1392.1984907100184,1500.25439453125,490500,0.0,0.0
2023-07-03 00:00:00+09:00,1544.1033210459673,1656.8573133000511,1537.8391338989902,1653.7252197265625,346500,0.0,0.0
2023-07-04 00:00:00+09:00,1681.9136424570725,1750.8188950925064,1653.725145656116,1741.4227294921875,315900,0.0,0.0
2023-07-05 00:00:00+09:00,1678.781562402826,1688.177728078027,1641.1968997020217,1666.25341796875,231300,0.0,0.0
2023-07-06 00:00:00+09:00,1644.329006389036,1681.913669392214,1631.8007471548804,1663.121337890625,105300,0.0,0.0
2023-07-07 00:00:00+09:00,1672.51755176891,1681.9137177900834,1644.3290537053888,1653.7252197265625,122700,0.0,0.0
2023-07-10 00:00:00+09:00,1650.5929706064783,1675.649487434557,1644.3288987490994,1659.9891357421875,65400,0.0,0.0
2023-07-11 00:00:00+09:00,1688.1777821873034,1691.3098757458558,1663.1213778167582,1678.7816162109375,64200,0.0,0.0
2023-07-12 00:00:00+09:00,1663.1213315032248,1672.5174972179323,1613.0084094583553,1616.1405029296875,103500,0.0,0.0
2023-07-13 00:00:00+09:00,1616.140510231306,1616.140510231306,1572.291774930995,1591.0841064453125,118800,0.0,0.0
2023-07-14 00:00:00+09:00,1603.6122033024337,1634.9327931280195,1594.2160378246863,1600.480224609375,50400,0.0,0.0
2023-07-18 00:00:00+09:00,1594.216051112799,1606.744310087316,1578.5558134191176,1597.34814453125,32400,0.0,0.0
2023-07-19 00:00:00+09:00,1644.329006389036,1675.6495971247807,1641.196912905675,1663.121337890625,63600,0.0,0.0
2023-07-20 00:00:00+09:00,1663.1213452867007,1672.517511079281,1638.06494140625,1638.06494140625,34500,0.0,0.0
2023-07-21 00:00:00+09:00,1638.0650029244364,1638.0650029244364,1625.5367431640625,1625.5367431640625,24000,0.0,0.0
2023-07-24 00:00:00+09:00,1644.3290537053888,1653.7252197265625,1631.8007941107267,1653.7252197265625,48300,0.0,0.0
2023-07-25 00:00:00+09:00,1659.9892921742476,1669.3854581954213,1644.3290537053888,1653.7252197265625,44400,0.0,0.0
2023-07-26 00:00:00+09:00,1644.3289661635722,1656.8572250912473,1634.9328006426374,1647.4610595703125,36300,0.0,0.0
2023-07-27 00:00:00+09:00,1641.196872756832,1656.8572250912473,1638.0648940493777,1647.4610595703125,33900,0.0,0.0
2023-07-28 00:00:00+09:00,1619.2726098210894,1644.3290137015404,1616.1405163237996,1638.06494140625,60000,0.0,0.0
2023-07-31 00:00:00+09:00,1656.8571571631387,1685.0456525702662,1653.7250638848084,1659.9891357421875,51900,0.0,0.0
2023-08-01 00:00:00+09:00,1678.781568664751,1763.347060056993,1675.6495898941935,1688.177734375,158400,0.0,0.0
2023-08-02 00:00:00+09:00,1659.9894032703714,1685.0459241366239,1616.1406638033798,1631.8009033203125,84300,0.0,0.0
2023-08-03 00:00:00+09:00,1613.0083346481647,1622.4044999270845,1597.3480974163924,1606.7442626953125,70200,0.0,0.0
2023-08-04 00:00:00+09:00,1603.6122300878178,1613.0083957225106,1591.0840857077524,1594.216064453125,58800,0.0,0.0
2023-08-07 00:00:00+09:00,1587.9520398275392,1594.2161122052016,1575.4237803729231,1584.8199462890625,39000,0.0,0.0
2023-08-08 00:00:00+09:00,1581.6879406881537,1606.7443444741473,1581.6879406881537,1591.0841064453125,35100,0.0,0.0
2023-08-09 00:00:00+09:00,1591.084133366016,1603.612278121341,1584.8199462890625,1584.8199462890625,21600,0.0,0.0
2023-08-10 00:00:00+09:00,1581.6879674498766,1587.9520398275392,1566.0276144567838,1584.8199462890625,55200,0.0,0.0
2023-08-14 00:00:00+09:00,1584.8198923760126,1591.0840792398685,1564.4615718166988,1572.291748046875,43200,0.0,0.0
2023-08-15 00:00:00+09:00,1566.0275745101676,1575.4237401866271,1566.0275745101676,1569.15966796875,29400,0.0,0.0
2023-08-16 00:00:00+09:00,1562.8955441344942,1566.0275227903517,1542.537109375,1542.537109375,36900,0.0,0.0
2023-08-17 00:00:00+09:00,1534.706992205431,1569.1595590615127,1534.706992205431,1566.0274658203125,45900,0.0,0.0
2023-08-18 00:00:00+09:00,1545.669189453125,1562.8955307095064,1545.669189453125,1545.669189453125,25500,0.0,0.0
2023-08-21 00:00:00+09:00,1545.6692126081928,1550.3672953212874,1528.44287109375,1528.44287109375,19800,0.0,0.0
2023-08-22 00:00:00+09:00,1537.8390134821727,1551.9332614103168,1528.4428481967434,1545.669189453125,20700,0.0,0.0
2023-08-23 00:00:00+09:00,1550.367285413212,1555.0653680962823,1536.2730373640009,1542.537109375,22800,0.0,0.0
2023-08-24 00:00:00+09:00,1547.2353295221712,1594.216160526886,1537.8391633212284,1575.423828125,74700,0.0,0.0
2023-08-25 00:00:00+09:00,1562.8955022254816,1606.7442345252402,1553.4993371112987,1587.951904296875,52500,0.0,0.0
2023-08-28 00:00:00+09:00,1609.8764440285092,1638.06494140625,1600.480278235929,1638.06494140625,33900,0.0,0.0
2023-08-29 00:00:00+09:00,1650.5930105529383,1663.1212692701774,1628.668701171875,1628.668701171875,29100,0.0,0.0
2023-08-30 00:00:00+09:00,1638.0649946506364,1659.9893057464349,1638.0649946506364,1650.5931396484375,26400,0.0,0.0
2023-08-31 00:00:00+09:00,1650.593065087615,1650.593065087615,1634.9328271981237,1641.1968994140625,27000,0.0,0.0
2023-09-01 00:00:00+09:00,1641.196805470769,1659.9891357421875,1634.9327336133902,1659.9891357421875,26700,0.0,0.0
2023-09-04 00:00:00+09:00,1669.3853897363774,1694.441907898171,1663.1213175455728,1691.309814453125,42600,0.0,0.0
2023-09-05 00:00:00+09:00,1672.5174427634565,1675.6495361328125,1659.989183985317,1675.6495361328125,30000,0.0,0.0
2023-09-06 00:00:00+09:00,1663.1213644869501,1681.9136962890625,1663.1213644869501,1681.9136962890625,18300,0.0,0.0
2023-09-07 00:00:00+09:00,1669.385498046875,1685.0458515888688,1666.2535190979122,1669.385498046875,32700,0.0,0.0
2023-09-08 00:00:00+09:00,1663.1212692701774,1666.2533626243085,1628.668701171875,1628.668701171875,45900,0.0,0.0
2023-09-11 00:00:00+09:00,1628.6687278264053,1647.4610588601743,1613.0083754987404,1622.404541015625,27900,0.0,0.0
2023-09-12 00:00:00+09:00,1616.1405163237996,1644.3290137015404,1616.1405163237996,1638.06494140625,13800,0.0,0.0
2023-09-13 00:00:00+09:00,1638.0648940493777,1656.8572250912473,1638.0648940493777,1647.4610595703125,36000,0.0,0.0
2023-09-14 00:00:00+09:00,1647.4609920274295,1663.1212290205176,1638.0648268917205,1659.9891357421875,23700,0.0,0.0
2023-09-15 00:00:00+09:00,1675.6495898941935,1691.3098278448458,1675.6495898941935,1688.177734375,62100,0.0,0.0
2023-09-19 00:00:00+09:00,1688.177795057073,1703.83814826993,1678.7816290090757,1700.7060546875,25500,0.0,0.0
2023-09-20 00:00:00+09:00,1700.7059106790084,1700.7059106790084,1656.857177734375,1656.857177734375,37500,0.0,0.0
2023-09-21 00:00:00+09:00,1666.25341796875,1678.781562402826,1656.8572522935488,1666.25341796875,20700,0.0,0.0
2023-09-22 00:00:00+09:00,1669.385498046875,1675.6496853433905,1650.5931655559184,1669.385498046875,36300,0.0,0.0
2023-09-25 00:00:00+09:00,1672.5174831814236,1700.7059800889756,1672.5174831814236,1691.309814453125,33600,0.0,0.0
2023-09-26 00:00:00+09:00,1678.781562402826,1678.781562402826,1659.9892310524237,1666.25341796875,22500,0.0,0.0
2023-09-27 00:00:00+09:00,1656.8571129216878,1697.5737509563562,1638.0647831520628,1694.4417724609375,49800,0.0,0.0
2023-09-28 00:00:00+09:00,1710.5974940083443,1710.5974940083443,1675.7520281698726,1694.7586669921875,52200,20.333332,0.0
2023-09-29 00:00:00+09:00,1720.1009659745046,1720.1009659745046,1637.7388957755895,1650.409912109375,45900,0.0,0.0
2023-10-02 00:00:00+09:00,1663.080991363094,1682.0876312643863,1656.7454833984375,1656.7454833984375,29700,0.0,0.0
2023-10-03 00:00:00+09:00,1640.9064370786302,1640.9064370786302,1599.7254638671875,1599.7254638671875,39600,0.0,0.0
2023-10-04 00:00:00+09:00,1568.0478413207222,1579.1350096104466,1550.6250488591606,1555.376708984375,64200,0.0,0.0
2023-10-05 00:00:00+09:00,1587.0542220150132,1596.5575407097137,1563.2959252782614,1577.5509033203125,61800,0.0,0.0
2023-10-06 00:00:00+09:00,1577.550967638922,1628.2353747462246,1572.7993080978408,1618.7320556640625,33900,0.0,0.0
2023-10-10 00:00:00+09:00,1631.403076171875,1653.5775261106628,1625.067568763927,1631.403076171875,36600,0.0,0.0
2023-10-11 00:00:00+09:00,1640.9063895175655,1640.9063895175655,1609.2287365819002,1618.7320556640625,28200,0.0,0.0
2023-10-12 00:00:00+09:00,1596.5578026724684,1650.409912109375,1587.0544824184656,1650.409912109375,28200,0.0,0.0
2023-10-13 00:00:00+09:00,1640.9064370786302,1640.9064370786302,1593.3898402905684,1599.7254638671875,35400,0.0,0.0
2023-10-16 00:00:00+09:00,1599.7255501105255,1599.7255501105255,1566.463930565704,1572.7994384765625,36600,0.0,0.0
2023-10-17 00:00:00+09:00,1606.061048243678,1606.061048243678,1566.4639210290654,1583.8865966796875,32700,0.0,0.0
2023-10-18 00:00:00+09:00,1596.5577480092945,1596.5577480092945,1542.705640416184,1561.7122802734375,34800,0.0,0.0
2023-10-19 00:00:00+09:00,1541.1215214043764,1571.2154421561465,1541.1215214043764,1558.5443115234375,30000,0.0,0.0
2023-10-20 00:00:00+09:00,1558.5443752407893,1569.6315424931122,1550.6249037706636,1564.8798828125,28500,0.0,0.0
2023-10-23 00:00:00+09:00,1556.9605695548998,1587.0543763454375,1528.450610698395,1533.2022705078125,36000,0.0,0.0
2023-10-24 00:00:00+09:00,1550.624974812112,1550.624974812112,1488.8533961341063,1536.3699951171875,63600,0.0,0.0
2023-10-25 00:00:00+09:00,1553.792785421936,1553.792785421936,1506.2761864793692,1512.6116943359375,37200,0.0,0.0
2023-10-26 00:00:00+09:00,1511.0277593247943,1542.705528797354,1509.4439114537265,1515.7794189453125,39000,0.0,0.0
2023-10-27 00:00:00+09:00,1537.9539228478075,1568.0477294921875,1530.0344512014678,1568.0477294921875,35400,0.0,0.0
2023-10-30 00:00:00+09:00,1545.8733135957343,1563.2961052104495,1504.6923385170576,1512.6116943359375,69600,0.0,0.0
2023-10-31 00:00:00+09:00,1534.786220128323,1534.786220128323,1485.6857708469904,1507.860107421875,65700,0.0,0.0
2023-11-01 00:00:00+09:00,1517.3634279826606,1556.960673030998,1517.3634279826606,1555.376708984375,85200,0.0,0.0
2023-11-02 00:00:00+09:00,1659.9130764247434,1659.9130764247434,1555.3765634512756,1564.8798828125,88500,0.0,0.0
2023-11-06 00:00:00+09:00,1583.8865966796875,1593.3899164917802,1563.2961090892604,1583.8865966796875,60900,0.0,0.0
2023-11-07 00:00:00+09:00,1583.8865712864751,1596.5577028352266,1566.463895915177,1569.631591796875,28200,0.0,0.0
2023-11-08 00:00:00+09:00,1582.3027560510368,1582.3027560510368,1511.027857129819,1525.2828369140625,124800,0.0,0.0
2023-11-09 00:00:00+09:00,1526.8666517162226,1549.0411029012987,1522.114991891372,1545.873291015625,30300,0.0,0.0
2023-11-10 00:00:00+09:00,1549.0409925507336,1564.879818836136,1534.7860140916778,1558.5443115234375,26400,0.0,0.0
2023-11-13 00:00:00+09:00,1571.2155063915272,1571.2155063915272,1553.7927155601772,1564.8798828125,22800,0.0,0.0
2023-11-14 00:00:00+09:00,1564.8798683843079,1571.2154919049206,1558.5443608710107,1563.2960205078125,17700,0.0,0.0
2023-11-15 00:00:00+09:00,1564.8800292348037,1579.1350096104466,1550.6250488591606,1555.376708984375,37500,0.0,0.0
2023-11-16 00:00:00+09:00,1552.2088744367686,1555.376570232777,1530.034423828125,1530.034423828125,27000,0.0,0.0
2023-11-17 00:00:00+09:00,1530.03436310447,1550.624848990602,1528.4505152693253,1547.4571533203125,28200,0.0,0.0
2023-11-20 00:00:00+09:00,1542.705528797354,1558.5443555299764,1515.7794189453125,1515.7794189453125,44400,0.0,0.0
2023-11-21 00:00:00+09:00,1511.0277566120124,1511.0277566120124,1477.7661393281003,1492.0211181640625,53100,0.0,0.0
2023-11-22 00:00:00+09:00,1476.1823744327867,1511.027841543509,1476.1823744327867,1499.940673828125,49200,0.0,0.0
2023-11-24 00:00:00+09:00,1515.7795553067597,1523.6990273891743,1501.524575162809,1517.3634033203125,32400,0.0,0.0
2023-11-27 00:00:00+09:00,1530.0344859506527,1530.0344859506527,1499.9406786228008,1512.6116943359375,33600,0.0,0.0
2023-11-28 00:00:00+09:00,1507.860107421875,1522.1150877945838,1503.1084472976388,1507.860107421875,28200,0.0,0.0
2023-11-29 00:00:00+09:00,1512.611763315987,1512.611763315987,1495.1890869140625,1495.1890869140625,18600,0.0,0.0
2023-11-30 00:00:00+09:00,1488.8532976155261,1503.1082763671875,1480.9339423139236,1503.1082763671875,23700,0.0,0.0
2023-12-01 00:00:00+09:00,1499.9405432110404,1511.0277099609375,1499.9405432110404,1511.0277099609375,28500,0.0,0.0
2023-12-04 00:00:00+09:00,1501.5245217853737,1512.6116895007578,1490.4373540699896,1499.940673828125,19200,0.0,0.0
2023-12-05 00:00:00+09:00,1499.9407015171953,1511.0278694372498,1479.35009765625,1479.35009765625,37200,0.0,0.0
2023-12-06 00:00:00+09:00,1482.517801601685,1518.947230694763,1482.517801601685,1515.7794189453125,29100,0.0,0.0
2023-12-07 00:00:00+09:00,1515.7795652756556,1515.7795652756556,1496.7729249587196,1506.2762451171875,28800,0.0,0.0
2023-12-08 00:00:00+09:00,1503.1083181644046,1503.1083181644046,1466.6790043464825,1471.4306640625,66900,0.0,0.0
2023-12-11 00:00:00+09:00,1471.4306945100718,1498.356689453125,1471.4306945100718,1498.356689453125,21600,0.0,0.0
2023-12-12 00:00:00+09:00,1511.027866736303,1515.7795266945932,1501.5245468197224,1514.1956787109375,28200,0.0,0.0
2023-12-13 00:00:00+09:00,1514.1956548425958,1531.6183304101435,1507.8600309931956,1523.698974609375,27600,0.0,0.0
2023-12-14 00:00:00+09:00,1536.3700035764919,1541.1216635009628,1488.8534043317825,1501.5245361328125,64200,0.0,0.0
2023-12-15 00:00:00+09:00,1499.9405806494722,1515.779407259991,1490.4372614816978,1503.1082763671875,37800,0.0,0.0
2023-12-18 00:00:00+09:00,1503.1083089057643,1503.1083089057643,1458.759523831881,1482.517822265625,25200,0.0,0.0
2023-12-19 00:00:00+09:00,1495.1889935817774,1503.108349267466,1477.7662022600866,1498.356689453125,18000,0.0,0.0
2023-12-20 00:00:00+09:00,1506.2760504956514,1515.7793694262234,1506.2760504956514,1511.0277099609375,19800,0.0,0.0
2023-12-21 00:00:00+09:00,1507.8599946063566,1507.8599946063566,1492.0211673797123,1496.7728271484375,21600,0.0,0.0
2023-12-22 00:00:00+09:00,1509.443946165422,1518.947265625,1503.108322520825,1518.947265625,30000,0.0,0.0
2023-12-25 00:00:00+09:00,1541.1216013649966,1541.1216013649966,1480.933988753264,1484.1016845703125,29100,0.0,0.0
2023-12-26 00:00:00+09:00,1484.1016557163996,1492.0211271196856,1477.76614819816,1480.9339599609375,26400,0.0,0.0
2023-12-27 00:00:00+09:00,1485.6858052446723,1492.0213135545628,1476.182484776172,1487.2696533203125,34800,0.0,0.0
2023-12-28 00:00:00+09:00,1477.7662986374876,1509.4440714681718,1477.7662986374876,1507.860107421875,25500,0.0,0.0
2023-12-29 00:00:00+09:00,1520.5310288915093,1520.5310288915093,1498.3565793844045,1511.0277099609375,26100,0.0,0.0
2024-01-04 00:00:00+09:00,1523.6989558378689,1547.4572549621219,1503.1083525919696,1545.873291015625,45600,0.0,0.0
2024-01-05 00:00:00+09:00,1549.041200819865,1571.215653406641,1544.2895406946507,1555.376708984375,29400,0.0,0.0
2024-01-09 00:00:00+09:00,1575.9671660721394,1575.9671660721394,1552.2088676690785,1564.8798828125,31500,0.0,0.0
2024-01-10 00:00:00+09:00,1558.5443752407893,1572.7993542826257,1556.9605273496907,1564.8798828125,27600,0.0,0.0
2024-01-11 00:00:00+09:00,1575.9673138369985,1615.5644428856756,1575.9673138369985,1602.893310546875,47700,0.0,0.0
2024-01-12 00:00:00+09:00,1599.72554037139,1615.5643680557707,1583.8865966796875,1583.8865966796875,16800,0.0,0.0
2024-01-15 00:00:00+09:00,1587.0543212890625,1587.0543212890625,1587.0543212890625,1587.0543212890625,300,0.0,0.0
2024-01-16 00:00:00+09:00,1640.9063774620906,1640.9063774620906,1590.2220867344702,1606.0609130859375,34800,0.0,0.0
2024-01-17 00:00:00+09:00,1615.5642791565306,1618.7320909220211,1587.0543212890625,1587.0543212890625,22500,0.0,0.0
2024-01-18 00:00:00+09:00,1606.061011460248,1618.7321429219403,1599.7255037330617,1615.5643310546875,14400,0.0,0.0
2024-01-19 00:00:00+09:00,1625.067615563116,1625.067615563116,1602.893164985742,1612.396484375,19800,0.0,0.0
2024-01-22 00:00:00+09:00,1625.067517041027,1644.074154667238,1618.7320098347268,1637.7386474609375,19800,0.0,0.0
2024-01-23 00:00:00+09:00,1647.242012910549,1656.745331992711,1618.7320556640625,1618.7320556640625,31500,0.0,0.0
2024-01-24 00:00:00+09:00,1637.7388416558224,1637.7388416558224,1602.8932578710808,1609.2288818359375,23400,0.0,0.0
2024-01-25 00:00:00+09:00,1602.893310546875,1618.7322549722076,1599.7256144676703,1602.893310546875,28200,0.0,0.0
2024-01-26 00:00:00+09:00,1615.5644431804737,1663.0810444504878,1606.061122926471,1650.409912109375,68400,0.0,0.0
2024-01-29 00:00:00+09:00,1647.2421634477914,1659.913179377104,1621.899899574519,1656.7454833984375,38400,0.0,0.0
2024-01-30 00:00:00+09:00,1720.1009280026615,1764.44971620655,1694.7587798872,1729.604248046875,85500,0.0,0.0
2024-01-31 00:00:00+09:00,1748.6107925907259,1777.1207511655746,1723.2686458599665,1767.617431640625,72900,0.0,0.0
2024-02-01 00:00:00+09:00,1967.1871843610493,2008.368159191424,1849.979535673651,1995.6971435546875,367800,0.0,0.0
2024-02-02 00:00:00+09:00,1964.0195073259163,1979.8582190203554,1926.0061120285097,1973.5228271484375,171900,0.0,0.0
2024-02-05 00:00:00+09:00,1941.8448734826354,2030.5425555037439,1941.8448734826354,2014.70361328125,81900,0.0,0.0
2024-02-06 00:00:00+09:00,2011.5361088768966,2052.7170841528596,1995.6971651486135,2021.0394287109375,66600,0.0,0.0
2024-02-07 00:00:00+09:00,2005.2004918486016,2081.22705078125,2005.2004918486016,2081.22705078125,48000,0.0,0.0
2024-02-08 00:00:00+09:00,2106.5693417637476,2106.5693417637476,2033.7104778363778,2036.878173828125,72000,0.0,0.0
2024-02-09 00:00:00+09:00,2036.8780649340365,2065.3880233795267,1998.8647870067161,2002.03271484375,48600,0.0,0.0
2024-02-13 00:00:00+09:00,2049.5493451423945,2052.717041015625,2002.0327469707363,2052.717041015625,39000,0.0,0.0
2024-02-14 00:00:00+09:00,2049.5494172415683,2049.5494172415683,2021.0394573356484,2024.2071533203125,29100,0.0,0.0
2024-02-15 00:00:00+09:00,2024.2069322118218,2036.8779467810436,2002.0325987120282,2014.70361328125,22800,0.0,0.0
2024-02-16 00:00:00+09:00,2002.0328146416737,2068.5560543305546,2002.0328146416737,2059.052734375,45000,0.0,0.0
2024-02-19 00:00:00+09:00,2122.4081058262523,2176.2603310955087,2109.7370895336376,2160.42138671875,66900,0.0,0.0
2024-02-20 00:00:00+09:00,2188.9314162435703,2230.1126265156167,2182.596023905303,2214.273681640625,72300,0.0,0.0
2024-02-21 00:00:00+09:00,2207.937861269403,2226.94450062614,2160.4212628775604,2195.266845703125,46800,0.0,0.0
2024-02-22 00:00:00+09:00,2220.6089619522977,2220.6089619522977,2166.7567433324352,2204.77001953125,47100,0.0,0.0
2024-02-26 00:00:00+09:00,2223.7769049149524,2277.6291295231895,2223.7769049149524,2252.286865234375,49200,0.0,0.0
2024-02-27 00:00:00+09:00,2252.2868382177116,2331.4810941501605,2252.2868382177116,2296.6357421875,48000,0.0,0.0
2024-02-28 00:00:00+09:00,2309.306616332298,2363.1588369869,2306.1389205342507,2353.655517578125,62400,0.0,0.0
2024-02-29 00:00:00+09:00,2353.655618218598,2436.017568606624,2340.98437045533,2410.675537109375,72600,0.0,0.0
2024-03-01 00:00:00+09:00,2410.675512226108,2410.675512226108,2299.8033715224847,2337.816650390625,107700,0.0,0.0
2024-03-04 00:00:00+09:00,2337.8167181500294,2337.8167181500294,2249.119142225101,2296.6357421875,116700,0.0,0.0
2024-03-05 00:00:00+09:00,2277.629109658254,2293.467821687802,2252.286845590468,2274.461181640625,39900,0.0,0.0
2024-03-06 00:00:00+09:00,2242.7834532202746,2347.31997010766,2217.441189969967,2337.816650390625,102300,0.0,0.0
2024-03-07 00:00:00+09:00,2337.8165849770808,2394.836501683839,2318.809946074828,2378.99755859375,95700,0.0,0.0
2024-03-08 00:00:00+09:00,2378.997663337316,2531.05078125,2378.997663337316,2531.05078125,147600,0.0,0.0
2024-03-11 00:00:00+09:00,2467.6955646484553,2467.6955646484553,2404.340019086611,2445.52099609375,83700,0.0,0.0
2024-03-12 00:00:00+09:00,2394.836647010501,2581.7353515625,2344.152350867014,2581.7353515625,150600,0.0,0.0
2024-03-13 00:00:00+09:00,2600.74175153279,2648.2583472854317,2546.8895323415873,2629.251708984375,144900,0.0,0.0
2024-03-14 00:00:00+09:00,2616.5807820367813,2686.271952338219,2534.2188273382185,2660.9296875,91800,0.0,0.0
2024-03-15 00:00:00+09:00,2676.768430512816,2733.7883480952337,2565.8962912087914,2594.40625,149100,0.0,0.0
2024-03-18 00:00:00+09:00,2622.9161245100177,2755.9625945938587,2603.9094859266115,2727.45263671875,145800,0.0,0.0
2024-03-19 00:00:00+09:00,2749.62690678279,2768.633544921875,2698.9426157501043,2768.633544921875,102000,0.0,0.0
2024-03-21 00:00:00+09:00,2800.3115962545903,2863.6669058070415,2736.9560546875,2736.9560546875,137700,0.0,0.0
2024-03-22 00:00:00+09:00,2812.9825675317798,2831.989206501589,2765.4659701072565,2803.479248046875,80700,0.0,0.0
2024-03-25 00:00:00+09:00,2828.8215147839587,2930.190101426979,2790.808236789167,2850.995849609375,161700,0.0,0.0
2024-03-26 00:00:00+09:00,2879.505793957647,2936.525710669679,2828.8215008851625,2920.686767578125,116700,0.0,0.0
2024-03-27 00:00:00+09:00,2923.8546712509715,2990.377906865455,2917.519047663762,2965.03564453125,133200,0.0,0.0
2024-03-28 00:00:00+09:00,2948.6276153503377,3045.145704232509,2829.9103660252667,2893.6123046875,181500,48.0,3.0
2024-03-29 00:00:00+09:00,3078.927117758554,3156.1415909311822,3025.8421674523715,3103.056640625,123800,0.0,0.0
2024-04-01 00:00:00+09:00,3117.5342833860263,3151.3156146301476,2885.890869140625,2885.890869140625,159400,0.0,0.0
2024-04-02 00:00:00+09:00,2900.3685825309626,3006.5384807267715,2885.890869140625,2885.890869140625,106800,0.0,0.0
2024-04-03 00:00:00+09:00,2849.213960177694,2934.149877689766,2847.283598416056,2848.248779296875,94200,0.0,0.0
2024-04-04 00:00:00+09:00,2900.368744350465,2987.235029538998,2895.5428396177685,2919.67236328125,97900,0.0,0.0
2024-04-05 00:00:00+09:00,2878.169456806317,2905.194522128442,2799.989803553027,2882.995361328125,83000,0.0,0.0
2024-04-08 00:00:00+09:00,2895.5427126024592,2943.8017578125,2822.1889638831967,2943.8017578125,74900,0.0,0.0
2024-04-09 00:00:00+09:00,2938.9758971878705,3054.797607421875,2924.4981834086198,3054.797607421875,80300,0.0,0.0
2024-04-10 00:00:00+09:00,3021.016228611484,3189.9228867606885,3021.016228611484,3146.48974609375,71800,0.0,0.0
2024-04-11 00:00:00+09:00,3088.578962933754,3117.534390711258,3021.016298119578,3059.62353515625,70500,0.0,0.0
2024-04-12 00:00:00+09:00,3088.578645007924,3088.578645007924,2992.0605623514266,3045.1455078125,61800,0.0,0.0
2024-04-15 00:00:00+09:00,3045.145785745529,3180.2711137976285,3011.364453732504,3103.056640625,76300,0.0,0.0
2024-04-16 00:00:00+09:00,3069.2750453917756,3083.7527578700387,2938.975633087408,2948.62744140625,93400,0.0,0.0
2024-04-17 00:00:00+09:00,3001.7124825330284,3035.493812722307,2888.7863216145834,2967.93115234375,68400,0.0,0.0
2024-04-18 00:00:00+09:00,2905.194554957546,3040.3198830951064,2890.716841228522,3001.712646484375,48700,0.0,0.0
2024-04-19 00:00:00+09:00,2992.0607443997774,3025.8420753849364,2879.134580820818,2982.408935546875,85500,0.0,0.0
2024-04-22 00:00:00+09:00,3016.1903018043154,3103.0565824962796,2982.408970424107,3040.31982421875,68300,0.0,0.0
2024-04-23 00:00:00+09:00,3011.3643742547692,3035.493896484375,2943.801712011874,3035.493896484375,53600,0.0,0.0
2024-04-24 00:00:00+09:00,3035.4938854044403,3083.7529296875,2953.453510123239,3083.7529296875,91400,0.0,0.0
2024-04-25 00:00:00+09:00,3078.9271327997344,3078.9271327997344,2943.8018040875204,2953.45361328125,56100,0.0,0.0
2024-04-26 00:00:00+09:00,2948.627708684385,3011.364468443627,2948.627708684385,2953.45361328125,46500,0.0,0.0
2024-04-30 00:00:00+09:00,2982.408901670903,3040.3197541305326,2943.801666697817,3025.842041015625,71800,0.0,0.0
2024-05-01 00:00:00+09:00,2987.2349585853144,3001.7126724395243,2881.065056987775,2905.194580078125,63700,0.0,0.0
2024-05-02 00:00:00+09:00,2924.497916481712,2948.6274372447624,2887.821044921875,2887.821044921875,59000,0.0,0.0
2024-05-07 00:00:00+09:00,2905.194580078125,2953.4536262588244,2895.5427708419847,2905.194580078125,68100,0.0,0.0
2024-05-08 00:00:00+09:00,2890.7168444251624,2905.1945581701966,2826.0497230306764,2839.562255859375,66100,0.0,0.0
2024-05-09 00:00:00+09:00,2886.8562110989155,2943.8018869447315,2836.666801878874,2919.67236328125,50800,0.0,0.0
2024-05-10 00:00:00+09:00,2934.149994893791,2992.060850056168,2910.020471909467,2953.45361328125,48400,0.0,0.0
2024-05-13 00:00:00+09:00,2938.9757834219263,2943.801687828202,2881.0649305466172,2929.323974609375,55700,0.0,0.0
2024-05-14 00:00:00+09:00,2885.8907965993603,2914.8462226521965,2731.461857650899,2790.337890625,110400,0.0,0.0
2024-05-15 00:00:00+09:00,2855.970226009226,2900.3685465217045,2815.4326290195713,2827.97998046875,133600,0.0,0.0
2024-05-16 00:00:00+09:00,2606.9536129305993,2773.9299087606596,2597.301803923081,2688.02880859375,187300,0.0,0.0
2024-05-17 00:00:00+09:00,2678.3769183230966,2724.70560015355,2646.5259495646596,2681.2724609375,85600,0.0,0.0
2024-05-20 00:00:00+09:00,2700.5760575382287,2859.8309001021344,2700.5760575382287,2757.521728515625,116400,0.0,0.0
2024-05-21 00:00:00+09:00,2767.173455060992,2840.5271985505756,2749.800200023986,2750.765380859375,66800,0.0,0.0
2024-05-22 00:00:00+09:00,2727.601237569734,2729.5315993797626,2657.143031503708,2660.03857421875,61400,0.0,0.0
2024-05-23 00:00:00+09:00,2681.2724719500275,2700.576089458667,2635.9089708047245,2653.2822265625,57800,0.0,0.0
2024-05-24 00:00:00+09:00,2605.0232046063024,2634.9438119952597,2571.2418736832865,2577.032958984375,136000,0.0,0.0
2024-05-27 00:00:00+09:00,2605.9884438904755,2644.5956800962604,2587.6500066927274,2619.5009765625,167000,0.0,0.0
2024-05-28 00:00:00+09:00,2625.2919907056144,2658.1081405894347,2534.564988085641,2544.216796875,104500,0.0,0.0
2024-05-29 00:00:00+09:00,2538.425769872573,2567.38119690534,2470.8631067961164,2485.3408203125,104600,0.0,0.0
2024-05-30 00:00:00+09:00,2441.907736269486,2522.982933837327,2429.3603842649395,2507.5400390625,95600,0.0,0.0
2024-05-31 00:00:00+09:00,2527.8089001527396,2571.2420427670477,2448.6640625,2448.6640625,738200,0.0,0.0
2024-06-03 00:00:00+09:00,2476.654133859473,2524.9131777772336,2437.081717846909,2463.1416015625,133500,0.0,0.0
2024-06-04 00:00:00+09:00,2432.2557897862234,2456.385311510293,2410.056629800079,2438.046875,88900,0.0,0.0
2024-06-05 00:00:00+09:00,2427.429884859188,2436.116512677769,2402.3351822721743,2417.778076171875,99300,0.0,0.0
2024-06-06 00:00:00+09:00,2417.778110411109,2432.2558236471036,2370.4842471735265,2374.344970703125,85800,0.0,0.0
2024-06-07 00:00:00+09:00,2374.344864174521,2395.578842634618,2327.0510030588493,2342.493896484375,80400,0.0,0.0
2024-06-10 00:00:00+09:00,2342.4939573980923,2425.49951171875,2342.4939573980923,2425.49951171875,92200,0.0,0.0
2024-06-11 00:00:00+09:00,2425.4994899854473,2481.4799796070774,2418.74322399663,2461.211181640625,78200,0.0,0.0
2024-06-12 00:00:00+09:00,2461.211356439534,2481.480155845507,2412.9523102348376,2446.733642578125,50600,0.0,0.0
2024-06-13 00:00:00+09:00,2451.559489261766,2455.4202128669026,2383.996826171875,2383.996826171875,44700,0.0,0.0
2024-06-14 00:00:00+09:00,2381.101271856399,2493.062255859375,2366.623558407738,2493.062255859375,111500,0.0,0.0
2024-06-17 00:00:00+09:00,2478.584674035571,2502.7141977314004,2400.4050172610846,2408.12646484375,93000,0.0,0.0
2024-06-18 00:00:00+09:00,2422.604152439357,2494.99272273137,2422.604152439357,2484.375732421875,52800,0.0,0.0
2024-06-19 00:00:00+09:00,2489.201715164679,2563.520649661647,2484.375810327214,2531.669677734375,83800,0.0,0.0
2024-06-20 00:00:00+09:00,2572.207255061115,2572.207255061115,2487.2713306913674,2526.84375,86100,0.0,0.0
2024-06-21 00:00:00+09:00,2526.843716008113,2558.6946872182994,2471.8284020996093,2509.470458984375,128800,0.0,0.0
2024-06-24 00:00:00+09:00,2509.4703674316406,2523.9480810899004,2377.240582686204,2409.091552734375,95300,0.0,0.0
2024-06-25 00:00:00+09:00,2401.3700474889733,2437.0817403173864,2376.2753444203586,2407.1611328125,57900,0.0,0.0
2024-06-26 00:00:00+09:00,2407.1612591253825,2460.246210709944,2396.5442688084704,2443.838134765625,52900,0.0,0.0
2024-06-27 00:00:00+09:00,2447.6985697396644,2489.2013451729476,2429.360134083098,2474.7236328125,45200,0.0,0.0
2024-06-28 00:00:00+09:00,2469.8977857548502,2469.8977857548502,2409.0913924361494,2456.38525390625,51100,0.0,0.0
2024-07-01 00:00:00+09:00,2462.1766588152514,2462.1766588152514,2385.9273620506865,2389.7880859375,72200,0.0,0.0
2024-07-02 00:00:00+09:00,2389.787794869602,2411.9869545149977,2361.79755009932,2380.135986328125,57000,0.0,0.0
2024-07-03 00:00:00+09:00,2386.8923920849115,2407.1611912089647,2353.11106021149,2388.82275390625,39300,0.0,0.0
2024-07-04 00:00:00+09:00,2391.718203045443,2393.6485647912423,2353.110968129455,2369.51904296875,35100,0.0,0.0
2024-07-05 00:00:00+09:00,2417.7782061714547,2417.7782061714547,2323.1904759499766,2332.84228515625,103200,0.0,0.0
2024-07-08 00:00:00+09:00,2325.120814688763,2346.354794731583,2300.026111001794,2328.016357421875,50500,0.0,0.0
2024-07-09 00:00:00+09:00,2328.016218430925,2355.041282326475,2303.886697095613,2339.598388671875,45400,0.0,0.0
2024-07-10 00:00:00+09:00,2335.737746164059,2335.737746164059,2300.9912342376515,2305.817138671875,50000,0.0,0.0
2024-07-11 00:00:00+09:00,2326.085914151832,2340.5636273104533,2301.9563922207963,2321.260009765625,44500,0.0,0.0
2024-07-12 00:00:00+09:00,2307.7475695674934,2351.1807107764175,2304.852026820232,2340.563720703125,33500,0.0,0.0
2024-07-16 00:00:00+09:00,2408.1261762612226,2455.420037037495,2399.439548771703,2439.011962890625,70600,0.0,0.0
2024-07-17 00:00:00+09:00,2432.2558710377684,2479.5497351968365,2401.370082199194,2424.534423828125,55700,0.0,0.0
2024-07-18 00:00:00+09:00,2395.5790205802386,2419.7085433499833,2356.9717841486477,2368.553955078125,43200,0.0,0.0
2024-07-19 00:00:00+09:00,2369.518880836369,2398.474305042109,2353.110807119783,2376.275146484375,29300,0.0,0.0
2024-07-22 00:00:00+09:00,2363.7279109151327,2379.1708045756645,2347.319836400818,2359.8671875,36900,0.0,0.0
2024-07-23 00:00:00+09:00,2408.12640677099,2450.5943674515206,2393.6486929026273,2406.196044921875,48200,0.0,0.0
2024-07-24 00:00:00+09:00,2397.509323543281,2442.8728252367328,2351.1806409627347,2366.62353515625,61100,0.0,0.0
2024-07-25 00:00:00+09:00,2354.075984128842,2386.8921315090715,2320.294655943311,2335.737548828125,82600,0.0,0.0
2024-07-26 00:00:00+09:00,2318.364572368421,2341.528914473684,2292.3046875,2292.3046875,58300,0.0,0.0
2024-07-29 00:00:00+09:00,2322.225157925688,2397.5092652898625,2319.3296153347583,2384.9619140625,49200,0.0,0.0
2024-07-30 00:00:00+09:00,2378.2058793868496,2411.0220319433242,2375.3103365142197,2392.68359375,38200,0.0,0.0
2024-07-31 00:00:00+09:00,2344.424243895819,2479.549560546875,2328.98135056427,2479.549560546875,54500,0.0,0.0
2024-08-01 00:00:00+09:00,2441.907584303253,2441.907584303253,2342.493955377073,2364.693115234375,79600,0.0,0.0
2024-08-02 00:00:00+09:00,2293.269846518209,2295.200208341877,2192.8910316874453,2206.403564453125,105800,0.0,0.0
2024-08-05 00:00:00+09:00,2061.6263767219857,2081.8951753695333,1882.1027315579927,1957.3868408203125,98600,0.0,0.0
2024-08-06 00:00:00+09:00,2053.9048355151067,2166.8309942346873,2053.9048355151067,2124.363037109375,71300,0.0,0.0
2024-08-07 00:00:00+09:00,2075.13875714103,2189.995274396743,2071.2780338719303,2122.4326171875,38700,0.0,0.0
2024-08-08 00:00:00+09:00,2119.537284001032,2162.9704250666264,2085.7559520611244,2105.0595703125,35500,0.0,0.0
2024-08-09 00:00:00+09:00,2186.1346276186155,2231.4981276177655,2134.014861662145,2217.985595703125,94100,0.0,0.0
2024-08-13 00:00:00+09:00,2274.9314426926553,2343.459288441989,2221.8464917600736,2284.583251953125,125500,0.0,0.0
2024-08-14 00:00:00+09:00,2253.6973462975543,2253.6973462975543,2135.9452793817936,2219.916015625,147300,0.0,0.0
2024-08-15 00:00:00+09:00,2174.552455496281,2220.8811363057885,2152.353295941725,2177.447998046875,93000,0.0,0.0
2024-08-16 00:00:00+09:00,2216.0554847106678,2293.2699615298548,2176.4830653408344,2291.339599609375,64800,0.0,0.0
2024-08-19 00:00:00+09:00,2273.0009526620865,2296.165293580936,2245.0107073851436,2247.90625,31400,0.0,0.0
2024-08-20 00:00:00+09:00,2272.0357615217135,2311.6081770792284,2272.0357615217135,2296.165283203125,35800,0.0,0.0
2024-08-21 00:00:00+09:00,2269.140218919944,2315.468900548254,2261.4187719818924,2296.165283203125,25800,0.0,0.0
2024-08-22 00:00:00+09:00,2306.782553316367,2316.434363162879,2275.8967618075285,2293.27001953125,26100,0.0,0.0
2024-08-23 00:00:00+09:00,2300.991257440476,2343.4592168898807,2300.991257440476,2330.911865234375,24300,0.0,0.0
2024-08-26 00:00:00+09:00,2340.5637335526317,2355.041447368421,2277.8269736842103,2292.3046875,39700,0.0,0.0
2024-08-27 00:00:00+09:00,2279.7574254724364,2331.877197265625,2267.210073003706,2331.877197265625,35000,0.0,0.0
2024-08-28 00:00:00+09:00,2332.84208688078,2332.84208688078,2288.4437683054734,2322.22509765625,24800,0.0,0.0
2024-08-29 00:00:00+09:00,2300.9911545353757,2358.902005740125,2297.1304311217255,2339.598388671875,27300,0.0,0.0
2024-08-30 00:00:00+09:00,2323.190474479429,2399.439767160723,2323.190474479429,2393.648681640625,53200,0.0,0.0
2024-09-02 00:00:00+09:00,2421.638797844364,2422.6039787123773,2323.1903493070486,2356.9716796875,40900,0.0,0.0
2024-09-03 00:00:00+09:00,2388.8227652890123,2428.395182815012,2385.9272225432073,2401.3701171875,60100,0.0,0.0
2024-09-04 00:00:00+09:00,2316.4339491670225,2338.63310784654,2259.48828125,2259.48828125,64000,0.0,0.0
2024-09-05 00:00:00+09:00,2249.8366232185413,2268.175059872832,2226.672282181542,2240.184814453125,44600,0.0,0.0
2024-09-06 00:00:00+09:00,2266.2447803405553,2273.0010467214684,2242.11525755158,2246.941162109375,33500,0.0,0.0
2024-09-09 00:00:00+09:00,2198.6821054925895,2232.46343722755,2186.1347537053184,2214.125,26100,0.0,0.0
2024-09-10 00:00:00+09:00,2237.289435791335,2237.289435791335,2210.2643692675397,2213.159912109375,24000,0.0,0.0
2024-09-11 00:00:00+09:00,2211.2293982114315,2219.9160261398047,2127.2586615704913,2151.38818359375,54400,0.0,0.0
2024-09-12 00:00:00+09:00,2199.647150458835,2274.931256529826,2198.681969611771,2266.24462890625,36400,0.0,0.0
2024-09-13 00:00:00+09:00,2268.1751069568454,2296.165352957589,2248.8714890252977,2270.10546875,44700,0.0,0.0
2024-09-17 00:00:00+09:00,2273.9662839042257,2309.677978515625,2261.418931743464,2309.677978515625,37400,0.0,0.0
2024-09-18 00:00:00+09:00,2316.4339876575627,2333.807242564995,2272.035669560793,2297.13037109375,27200,0.0,0.0
2024-09-19 00:00:00+09:00,2326.0859031959353,2372.4145850853147,2321.259998832458,2349.250244140625,41700,0.0,0.0
2024-09-20 00:00:00+09:00,2381.101050518665,2408.1261131106885,2363.727795995221,2376.275146484375,55400,0.0,0.0
2024-09-24 00:00:00+09:00,2403.3005015662293,2429.360386522971,2391.7183304743435,2426.46484375,58300,0.0,0.0
2024-09-25 00:00:00+09:00,2441.907501220703,2451.5593095259233,2358.9019497958097,2378.20556640625,46000,0.0,0.0
2024-09-26 00:00:00+09:00,2444.803255379918,2569.311593297016,2395.5790287615305,2563.5205078125,112500,0.0,0.0
2024-09-27 00:00:00+09:00,2533.3270260448594,2600.531779907641,2533.3270260448594,2582.026123046875,52800,24.0,0.0
2024-09-30 00:00:00+09:00,2533.3269901505437,2619.0373996596736,2506.0554962158203,2586.89599609375,67600,0.0,0.0
2024-10-01 00:00:00+09:00,2597.6097317185513,2715.461541819018,2597.6097317185513,2680.398193359375,73100,0.0,0.0
2024-10-02 00:00:00+09:00,2655.0747485180204,2679.424296835317,2614.1675073449624,2636.569091796875,65700,0.0,0.0
2024-10-03 00:00:00+09:00,2727.149294133772,2727.149294133772,2659.94454367119,2664.814453125,48900,0.0,0.0
2024-10-04 00:00:00+09:00,2671.6323003099305,2678.4501734787855,2630.7250612968,2635.594970703125,51200,0.0,0.0
2024-10-07 00:00:00+09:00,2677.476236716367,2732.9932048840037,2668.7103996372666,2714.487548828125,47300,0.0,0.0
2024-10-08 00:00:00+09:00,2665.7884965818544,2722.279447550706,2649.2308040565013,2689.1640625,31200,0.0,0.0
2024-10-09 00:00:00+09:00,2721.30553730058,2747.603049651015,2659.944675149565,2686.2421875,37200,0.0,0.0
2024-10-10 00:00:00+09:00,2690.1381329451597,2690.1381329451597,2606.375685648533,2638.51708984375,34400,0.0,0.0
2024-10-11 00:00:00+09:00,2639.490952489957,2639.490952489957,2575.208147004962,2576.18212890625,26000,0.0,0.0
2024-10-15 00:00:00+09:00,2624.8813451262954,2646.3089479436526,2594.687904792746,2631.69921875,30900,0.0,0.0
2024-10-16 00:00:00+09:00,2615.1414695450385,2633.647126126549,2588.8439575607867,2593.7138671875,20200,0.0,0.0
2024-10-17 00:00:00+09:00,2594.6878932913824,2601.505766884866,2556.7025975562606,2568.390380859375,15400,0.0,0.0
2024-10-18 00:00:00+09:00,2555.7286521656533,2569.364399547635,2534.3010491368254,2563.5205078125,25400,0.0,0.0
2024-10-21 00:00:00+09:00,2567.4163190621484,2599.557722146007,2557.676499945828,2598.583740234375,22400,0.0,0.0
2024-10-22 00:00:00+09:00,2620.0113708685058,2624.8812804797853,2516.769287109375,2516.769287109375,26800,0.0,0.0
2024-10-23 00:00:00+09:00,2500.211664813935,2537.2229789015582,2494.367773115889,2513.847412109375,24600,0.0,0.0
2024-10-24 00:00:00+09:00,2497.289655753146,2512.8733665534774,2448.5905595021095,2496.315673828125,38100,0.0,0.0
2024-10-25 00:00:00+09:00,2506.055435495029,2513.847290716156,2445.668557531293,2458.330322265625,25400,0.0,0.0
2024-10-28 00:00:00+09:00,2476.8359695482404,2520.6651550101637,2465.1481867583943,2485.601806640625,24200,0.0,0.0
2024-10-29 00:00:00+09:00,2505.081371441379,2523.587026984686,2466.1220966133637,2495.341552734375,25000,0.0,0.0
2024-10-30 00:00:00+09:00,2503.133459258498,2594.6877569901317,2503.133459258498,2553.780517578125,91400,0.0,0.0
2024-10-31 00:00:00+09:00,2556.7024207907502,2603.453550770924,2543.066674546533,2579.10400390625,50000,0.0,0.0
2024-11-01 00:00:00+09:00,2551.832631546502,2596.6357998866315,2526.5091016151246,2530.405029296875,34800,0.0,0.0
2024-11-05 00:00:00+09:00,2579.1041553921796,2659.9446557311335,2572.286281869617,2643.386962890625,42500,0.0,0.0
2024-11-06 00:00:00+09:00,2660.918529860856,2713.5135520469785,2647.2827833681577,2651.1787109375,54100,0.0,0.0
2024-11-07 00:00:00+09:00,2736.8893071656585,2746.629126764113,2673.5804797757055,2717.40966796875,48500,0.0,0.0
2024-11-08 00:00:00+09:00,2755.3948096272297,2804.0939048839855,2717.4095153269604,2757.3427734375,48800,0.0,0.0
2024-11-11 00:00:00+09:00,2740.7850700426334,2809.9377850294945,2704.747739697368,2791.43212890625,71200,0.0,0.0
2024-11-12 00:00:00+09:00,2862.532742328595,2882.012379908238,2656.048583984375,2656.048583984375,162800,0.0,0.0
2024-11-13 00:00:00+09:00,2656.0487007472825,2686.242140323068,2618.0634057971015,2620.9853515625,63300,0.0,0.0
2024-11-14 00:00:00+09:00,2600.5318099312162,2717.409644085428,2581.0521709055142,2688.190185546875,60800,0.0,0.0
2024-11-15 00:00:00+09:00,2710.5916942779136,2732.019296604221,2675.528345016683,2704.747802734375,53400,0.0,0.0
2024-11-18 00:00:00+09:00,2702.799721575798,2770.0044714095743,2678.4501745345747,2746.62890625,50800,0.0,0.0
2024-11-19 00:00:00+09:00,2765.134722006386,2779.7444510765145,2693.06005859375,2693.06005859375,106900,0.0,0.0
2024-11-20 00:00:00+09:00,2424.2410450407265,2454.434485135649,2395.0215868843497,2400.865478515625,785100,0.0,0.0
2024-11-21 00:00:00+09:00,2405.735373571188,2454.434470202184,2405.735373571188,2441.772705078125,331400,0.0,0.0
2024-11-22 00:00:00+09:00,2451.512467195085,2562.5464049226334,2451.512467195085,2508.00341796875,347200,0.0,0.0
2024-11-25 00:00:00+09:00,2545.0147798978364,2545.0147798978364,2450.538532806336,2469.044189453125,176700,0.0,0.0
2024-11-26 00:00:00+09:00,2455.4084248565823,2479.75797290157,2406.709328766606,2419.37109375,170200,0.0,0.0
2024-11-27 00:00:00+09:00,2406.7093131497,2439.824698276001,2348.270398220933,2362.880126953125,827300,0.0,0.0
2024-11-28 00:00:00+09:00,2327.816884030578,2368.724126344086,2315.1551185525873,2355.08837890625,1057600,0.0,0.0
2024-11-29 00:00:00+09:00,2340.4786031809404,2389.1777002092576,2336.5826754186746,2387.229736328125,409600,0.0,0.0
2024-12-02 00:00:00+09:00,2386.2558172511012,2413.5273123053994,2370.672105791502,2404.761474609375,219100,0.0,0.0
2024-12-03 00:00:00+09:00,2410.6051687253953,2429.1108245661153,2363.854038180418,2365.802001953125,341600,0.0,0.0
2024-12-04 00:00:00+09:00,2387.22956883981,2407.683188156675,2333.6605658670687,2363.85400390625,2085300,0.0,0.0
2024-12-05 00:00:00+09:00,2351.192341670841,2403.7873650553584,2345.3484501836724,2369.697998046875,351700,0.0,0.0
2024-12-06 00:00:00+09:00,2368.723962510024,2444.6945501234213,2361.906089262668,2429.11083984375,374300,0.0,0.0
2024-12-09 00:00:00+09:00,2469.044072023189,2530.404930617848,2449.564434374091,2510.92529296875,243500,0.0,0.0
2024-12-10 00:00:00+09:00,2517.7433156574625,2549.8847196871325,2463.2003270010537,2484.6279296875,213400,0.0,0.0
2024-12-11 00:00:00+09:00,2451.5125486549073,2483.65395274931,2420.3451265027593,2470.9921875,222500,0.0,0.0
2024-12-12 00:00:00+09:00,2510.925434593094,2523.5871997791724,2481.7059764713745,2505.08154296875,205300,0.0,0.0
2024-12-13 00:00:00+09:00,2483.653984459385,2500.211677689114,2445.6686882264767,2479.758056640625,129600,0.0,0.0
2024-12-16 00:00:00+09:00,2472.940201194498,2531.3791189068534,2461.252417652027,2522.61328125,132100,0.0,0.0
2024-12-17 00:00:00+09:00,2522.613169274323,2573.260229043537,2487.5498202033286,2544.040771484375,275400,0.0,0.0
2024-12-18 00:00:00+09:00,2560.598420693352,2620.011316723133,2514.821271293357,2569.3642578125,223800,0.0,0.0
2024-12-19 00:00:00+09:00,2542.09274314531,2641.4388963257015,2537.2228336756834,2637.54296875,217000,0.0,0.0
2024-12-20 00:00:00+09:00,2629.7512728809365,2653.1268397509893,2583.97412109375,2583.97412109375,153900,0.0,0.0
2024-12-23 00:00:00+09:00,2605.401677226097,2623.907333998918,2594.6878759365695,2616.115478515625,81100,0.0,0.0
2024-12-24 00:00:00+09:00,2623.9073724225714,2623.9073724225714,2501.185646763609,2513.847412109375,158600,0.0,0.0
2024-12-25 00:00:00+09:00,2519.691250222367,2566.4423828125,2511.8993947906783,2566.4423828125,93700,0.0,0.0
2024-12-26 00:00:00+09:00,2581.05219359039,2581.05219359039,2528.4571677587364,2536.2490234375,80900,0.0,0.0
2024-12-27 00:00:00+09:00,2540.1448300324982,2584.947998046875,2540.1448300324982,2584.947998046875,73200,0.0,0.0
2024-12-30 00:00:00+09:00,2590.791857425567,2600.531676438445,2548.9106356701914,2576.18212890625,76100,0.0,0.0
2025-01-06 00:00:00+09:00,2600.5316283182615,2657.022577547647,2504.107421875,2504.107421875,158200,0.0,0.0
2025-01-07 00:00:00+09:00,2552.8067220680505,2566.4424695342664,2499.237714165058,2522.61328125,128800,0.0,0.0
2025-01-08 00:00:00+09:00,2503.1334317285496,2549.8845619709505,2502.1594498484997,2531.37890625,137400,0.0,0.0
2025-01-09 00:00:00+09:00,2521.6391505267993,2521.6391505267993,2426.1889238942667,2444.694580078125,193000,0.0,0.0
2025-01-10 00:00:00+09:00,2444.6945394362892,2472.9400141947162,2434.954720554073,2463.2001953125,75500,0.0,0.0
2025-01-14 00:00:00+09:00,2464.1742550056138,2481.705929547156,2435.9287793553517,2439.82470703125,96800,0.0,0.0
2025-01-15 00:00:00+09:00,2432.032787683454,2445.6685341902894,2386.2556386962206,2422.29296875,93600,0.0,0.0
2025-01-16 00:00:00+09:00,2470.9920983381567,2470.9920983381567,2420.345039168435,2424.240966796875,61200,0.0,0.0
2025-01-17 00:00:00+09:00,2417.423127556077,2433.9808202105705,2391.1256156930576,2426.18896484375,67200,0.0,0.0
2025-01-20 00:00:00+09:00,2426.188967202597,2445.668605638587,2416.4491479846015,2419.37109375,52100,0.0,0.0
2025-01-21 00:00:00+09:00,2443.720656336379,2451.5125117571406,2378.4638671875,2378.4638671875,95500,0.0,0.0
2025-01-22 00:00:00+09:00,2390.151615930776,2394.0475435851054,2370.6719776591317,2376.515869140625,76100,0.0,0.0
2025-01-23 00:00:00+09:00,2387.229711823304,2394.047585337283,2348.2704346005653,2358.01025390625,81100,0.0,0.0
2025-01-24 00:00:00+09:00,2358.9843093827767,2376.515984679593,2342.426616046894,2348.2705078125,62800,0.0,0.0
2025-01-27 00:00:00+09:00,2376.515955277923,2381.3858650223447,2322.9469480892812,2332.686767578125,91600,0.0,0.0
2025-01-28 00:00:00+09:00,2348.270518467399,2363.854229913056,2305.4153119918433,2320.9990234375,115700,0.0,0.0
2025-01-29 00:00:00+09:00,2337.556604080042,2356.0622605290087,2318.076965712708,2342.426513671875,88800,0.0,0.0
2025-01-30 00:00:00+09:00,2342.4265552146635,2353.1403565067058,2311.259133274177,2323.9208984375,72100,0.0,0.0
2025-01-31 00:00:00+09:00,2317.102922404313,2330.7386689001773,2294.701338875394,2318.076904296875,83500,0.0,0.0
2025-02-03 00:00:00+09:00,2306.3892862938123,2318.0770698392203,2250.872314453125,2250.872314453125,110100,0.0,0.0
2025-02-04 00:00:00+09:00,2279.117799450737,2315.155132177095,2230.418701171875,2230.418701171875,136300,0.0,0.0
2025-02-05 00:00:00+09:00,2230.418623097518,2256.716135247576,2220.6788037826814,2253.794189453125,75600,0.0,0.0
2025-02-06 00:00:00+09:00,2263.5338629532184,2283.013500328031,2254.768026134553,2273.273681640625,102000,0.0,0.0
2025-02-07 00:00:00+09:00,2273.2738232170186,2286.909570228603,2254.7681665584396,2267.429931640625,68900,0.0,0.0
2025-02-10 00:00:00+09:00,2261.5861003987593,2318.077053810959,2255.742208666463,2291.779541015625,165800,0.0,0.0
2025-02-12 00:00:00+09:00,2486.5757798305776,2561.5723858027495,2455.408359166818,2512.873291015625,503700,0.0,0.0
2025-02-13 00:00:00+09:00,2503.133608126751,2557.676597253248,2478.7840594095646,2520.665283203125,146600,0.0,0.0
2025-02-14 00:00:00+09:00,2510.9254979021703,2523.5872634074954,2420.345175440998,2432.032958984375,116000,0.0,0.0
2025-02-17 00:00:00+09:00,2432.0328493543493,2453.460451551304,2420.3450663378285,2446.642578125,117500,0.0,0.0
2025-02-18 00:00:00+09:00,2483.653838469103,2508.0033859050745,2456.382345340815,2499.237548828125,85700,0.0,0.0
2025-02-19 00:00:00+09:00,2499.237553228779,2505.081444623702,2462.226241060933,2485.601806640625,60800,0.0,0.0
2025-02-20 00:00:00+09:00,2483.653830251386,2526.5090335969003,2408.657224396736,2415.47509765625,104800,0.0,0.0
2025-02-21 00:00:00+09:00,2421.3191388733185,2444.6947057811863,2374.5680050575825,2389.177734375,86100,0.0,0.0
2025-02-25 00:00:00+09:00,2380.4118286481726,2441.7726900249463,2374.56793708848,2385.28173828125,76800,0.0,0.0
2025-02-26 00:00:00+09:00,2392.099521520981,2401.8393404196822,2323.9207892300733,2338.530517578125,76900,0.0,0.0
2025-02-27 00:00:00+09:00,2349.2443417055474,2381.3857443905736,2337.5565589109924,2374.56787109375,69600,0.0,0.0
2025-02-28 00:00:00+09:00,2352.1662618947585,2369.6979358964586,2328.7906965591583,2345.348388671875,112500,0.0,0.0
2025-03-03 00:00:00+09:00,2394.0475856322514,2467.0962304338864,2394.0475856322514,2455.408447265625,75700,0.0,0.0
2025-03-04 00:00:00+09:00,2492.4197630961926,2492.4197630961926,2372.6199855030577,2448.590576171875,134400,0.0,0.0
2025-03-05 00:00:00+09:00,2410.605209036221,2467.096159389393,2406.7092814256575,2458.330322265625,69600,0.0,0.0
2025-03-06 00:00:00+09:00,2483.6540001835046,2548.910791560875,2481.706036261792,2529.43115234375,95900,0.0,0.0
2025-03-07 00:00:00+09:00,2488.5238113639525,2521.6391967206546,2457.356389851762,2516.769287109375,97600,0.0,0.0
2025-03-10 00:00:00+09:00,2530.4050436243765,2530.4050436243765,2478.7840015488982,2489.497802734375,60800,0.0,0.0
2025-03-11 00:00:00+09:00,2450.538540035178,2464.174287078299,2412.5532447007695,2448.590576171875,59100,0.0,0.0
2025-03-12 00:00:00+09:00,2460.278342602358,2513.847348478498,2459.304360677337,2496.315673828125,67900,0.0,0.0
2025-03-13 00:00:00+09:00,2498.2636376781666,2527.483095428788,2485.601872652897,2496.315673828125,36100,0.0,0.0
2025-03-14 00:00:00+09:00,2490.4717504251907,2511.8993525015903,2481.705913212118,2487.5498046875,35000,0.0,0.0
2025-03-17 00:00:00+09:00,2527.4829725891577,2570.33817520724,2523.587045078423,2551.83251953125,106600,0.0,0.0
2025-03-18 00:00:00+09:00,2572.2861431177453,2572.2861431177453,2538.19677734375,2538.19677734375,53000,0.0,0.0
2025-03-19 00:00:00+09:00,2532.352881977576,2584.947903372495,2523.587045078423,2551.83251953125,70300,0.0,0.0
2025-03-21 00:00:00+09:00,2545.9886603226632,2577.1560808009817,2545.9886603226632,2560.598388671875,71300,0.0,0.0
2025-03-24 00:00:00+09:00,2570.3383973817567,2570.3383973817567,2508.9775337837837,2522.61328125,59700,0.0,0.0
2025-03-25 00:00:00+09:00,2551.8325857860605,2568.3902781365805,2530.4049839206814,2562.54638671875,63200,0.0,0.0
2025-03-26 00:00:00+09:00,2570.3381990856997,2587.869873046875,2555.72847078472,2587.869873046875,66900,0.0,0.0
2025-03-27 00:00:00+09:00,2540.1447963800906,2598.58371040724,2540.1447963800906,2583.0,82800,0.0,0.0
2025-03-28 00:00:00+09:00,2576.0,2640.0,2537.0,2568.0,135400,69.0,0.0
2025-03-31 00:00:00+09:00,2495.0,2505.0,2433.0,2438.0,124500,0.0,0.0
2025-04-01 00:00:00+09:00,2480.0,2520.0,2376.0,2381.0,89000,0.0,0.0
2025-04-02 00:00:00+09:00,2409.0,2409.0,2350.0,2399.0,53200,0.0,0.0
2025-04-03 00:00:00+09:00,2300.0,2330.0,2293.0,2316.0,96100,0.0,0.0
2025-04-04 00:00:00+09:00,2266.0,2298.0,2111.0,2156.0,115900,0.0,0.0
2025-04-07 00:00:00+09:00,1980.0,2093.0,1940.0,2039.0,128800,0.0,0.0
2025-04-08 00:00:00+09:00,2166.0,2257.0,2166.0,2240.0,98900,0.0,0.0
2025-04-09 00:00:00+09:00,2202.0,2228.0,2160.0,2204.0,116800,0.0,0.0
2025-04-10 00:00:00+09:00,2354.0,2379.0,2281.0,2337.0,70300,0.0,0.0
2025-04-11 00:00:00+09:00,2312.0,2366.0,2269.0,2358.0,61100,0.0,0.0
2025-04-14 00:00:00+09:00,2399.0,2400.0,2363.0,2372.0,43200,0.0,0.0
2025-04-15 00:00:00+09:00,2422.0,2449.0,2413.0,2420.0,56400,0.0,0.0
2025-04-16 00:00:00+09:00,2434.0,2459.0,2415.0,2445.0,48600,0.0,0.0
2025-04-17 00:00:00+09:00,2439.0,2460.0,2405.0,2451.0,45700,0.0,0.0
2025-04-18 00:00:00+09:00,2449.0,2530.0,2445.0,2522.0,48900,0.0,0.0
2025-04-21 00:00:00+09:00,2472.0,2492.0,2460.0,2488.0,44500,0.0,0.0
2025-04-22 00:00:00+09:00,2473.0,2522.0,2469.0,2518.0,46300,0.0,0.0
2025-04-23 00:00:00+09:00,2533.0,2566.0,2512.0,2560.0,69900,0.0,0.0
2025-04-24 00:00:00+09:00,2561.0,2567.0,2538.0,2551.0,63600,0.0,0.0
2025-04-25 00:00:00+09:00,2582.0,2623.0,2576.0,2581.0,53300,0.0,0.0
