Date,Open,High,Low,Close,Volume,Dividends,Stock Splits
2001-01-01 00:00:00+09:00,333.6264953613281,333.6264953613281,333.6264953613281,333.6264953613281,0,0.0,0.0
2001-01-02 00:00:00+09:00,333.6264953613281,333.6264953613281,333.6264953613281,333.6264953613281,0,0.0,0.0
2001-01-03 00:00:00+09:00,333.6264953613281,333.6264953613281,333.6264953613281,333.6264953613281,0,0.0,0.0
2001-01-04 00:00:00+09:00,345.6274088541666,357.0283129656756,312.3247678968641,324.02569580078125,2117400,0.0,0.0
2001-01-05 00:00:00+09:00,327.0260288220946,334.526625813427,315.0250736359627,325.5259094238281,1252800,0.0,0.0
2001-01-08 00:00:00+09:00,325.5259094238281,325.5259094238281,325.5259094238281,325.5259094238281,0,0.0,0.0
2001-01-09 00:00:00+09:00,322.82559102971186,324.0256861636513,298.22364078395316,307.82440185546875,1035200,0.0,0.0
2001-01-10 00:00:00+09:00,303.3242069886616,304.52430276309747,291.923297131521,295.8236083984375,697400,0.0,0.0
2001-01-11 00:00:00+09:00,292.5232238769531,300.02381936097754,289.52298568334334,292.5232238769531,748800,0.0,0.0
2001-01-12 00:00:00+09:00,292.52311409293833,303.0239438296079,292.52311409293833,300.32373046875,504800,0.0,0.0
2001-01-15 00:00:00+09:00,306.3243929557323,312.0248468892866,304.5242496082941,311.7248229980469,512200,0.0,0.0
2001-01-16 00:00:00+09:00,309.0245331554878,314.12493807164634,301.5239376905488,307.5244140625,403200,0.0,0.0
2001-01-17 00:00:00+09:00,305.12429014651366,305.12429014651366,294.62345420243497,300.6239318847656,1155000,0.0,0.0
2001-01-18 00:00:00+09:00,306.0242682562934,329.4261240641276,298.52367344609013,324.02569580078125,2062600,0.0,0.0
2001-01-19 00:00:00+09:00,330.0261853346184,341.7271137237548,315.3250188969854,321.6255187988281,2511400,0.0,0.0
2001-01-22 00:00:00+09:00,315.62511351398217,333.0264980993538,315.025065769659,321.0255432128906,853200,0.0,0.0
2001-01-23 00:00:00+09:00,345.0274682232714,381.03033447265625,339.0269905150406,381.03033447265625,13409000,0.0,0.0
2001-01-24 00:00:00+09:00,441.0350646972656,441.0350646972656,433.5344683588767,441.0350646972656,10813600,0.0,0.0
2001-01-25 00:00:00+09:00,477.0379176339703,501.03982543945307,465.0369637312289,501.0398254394531,20266200,0.0,0.0
2001-01-26 00:00:00+09:00,501.0398421343635,556.5442557839785,477.0379335291245,510.0405578613281,26739000,0.0,0.0
2001-01-29 00:00:00+09:00,519.0412821942065,550.5437877609069,495.0393731910062,498.03961181640625,9685000,0.0,0.0
2001-01-30 00:00:00+09:00,498.0396034681326,516.041034918788,474.0376948672587,493.53924560546875,5247600,0.0,0.0
2001-01-31 00:00:00+09:00,489.03882359611913,507.0402526855468,480.0381090514053,507.0402526855469,2478800,0.0,0.0
2001-02-01 00:00:00+09:00,561.0445645586329,597.0474243164062,540.3429201979134,597.0474243164062,20492400,0.0,0.0
2001-02-02 00:00:00+09:00,595.5471866005345,615.0487317537006,562.5445717259457,570.045166015625,8729600,0.0,0.0
2001-02-05 00:00:00+09:00,543.0431821935316,553.5440172083237,510.04055786132807,510.0405578613281,4104800,0.0,0.0
2001-02-06 00:00:00+09:00,510.04055043813344,561.6446531883446,501.0398348421664,555.0441284179688,4065000,0.0,0.0
2001-02-07 00:00:00+09:00,555.0440941951659,585.046477665175,541.5430216336619,543.6431884765625,4637800,0.0,0.0
2001-02-08 00:00:00+09:00,538.5428164920291,555.0441284179688,504.6401210805532,555.0441284179688,4018800,0.0,0.0
2001-02-09 00:00:00+09:00,549.0435058197633,561.0444567666433,540.0427926096032,554.7439575195312,1902400,0.0,0.0
2001-02-12 00:00:00+09:00,554.7439575195312,554.7439575195312,554.7439575195312,554.7439575195312,0,0.0,0.0
2001-02-13 00:00:00+09:00,555.0439741346571,555.0439741346571,537.0425479465061,540.0427856445312,1029200,0.0,0.0
2001-02-14 00:00:00+09:00,537.042702623593,561.344634976951,528.041986937164,558.0443725585938,2205200,0.0,0.0
2001-02-15 00:00:00+09:00,561.0445823037163,574.545655139902,543.0431518554688,543.0431518554688,2983000,0.0,0.0
2001-02-16 00:00:00+09:00,552.3438662034706,559.2444142331717,549.0436041023091,549.3436279296875,1541000,0.0,0.0
2001-02-19 00:00:00+09:00,539.74274983545,546.0432488607665,531.3420844683613,545.7432250976562,1036000,0.0,0.0
2001-02-20 00:00:00+09:00,538.5427942434068,553.5439862836131,537.0426750393862,543.0431518554688,868600,0.0,0.0
2001-02-21 00:00:00+09:00,569.7452972247149,569.7452972247149,549.6436990603885,555.0441284179688,2079000,0.0,0.0
2001-02-22 00:00:00+09:00,560.7444980710978,582.0461884740128,555.0440457097544,574.5455932617188,3764400,0.0,0.0
2001-02-23 00:00:00+09:00,579.3460185380414,660.0524291992188,570.0452797629616,660.0524291992188,12205800,0.0,0.0
2001-02-26 00:00:00+09:00,667.5530923006222,696.055359162896,648.0515412895928,663.052734375,9475600,0.0,0.0
2001-02-27 00:00:00+09:00,657.0522716567095,675.0537037568934,630.0501235064338,637.5507202148438,3718600,0.0,0.0
2001-02-28 00:00:00+09:00,625.5497787120731,669.0532405409703,618.0491818450218,645.0513305664062,3984400,0.0,0.0
2001-03-01 00:00:00+09:00,666.0528411517654,681.0540312677962,655.5520080705438,658.55224609375,4821600,0.0,0.0
2001-03-02 00:00:00+09:00,670.5531981865746,678.05379324459,648.0514130125285,658.55224609375,2881200,0.0,0.0
2001-03-05 00:00:00+09:00,622.5492519802517,657.0519816080729,606.0479465060763,621.0491333007812,2677600,0.0,0.0
2001-03-06 00:00:00+09:00,627.04970783359,642.0508970162118,616.5488754057548,639.0506591796875,1729800,0.0,0.0
2001-03-07 00:00:00+09:00,655.5520378401657,675.0535858766008,645.0512042820852,673.553466796875,3974800,0.0,0.0
2001-03-08 00:00:00+09:00,681.0543261076274,705.0562406841077,676.5539671245374,684.0545654296875,5860600,0.0,0.0
2001-03-09 00:00:00+09:00,685.5546704101562,688.5549096679687,664.5529956054687,675.0538330078125,2443200,0.0,0.0
2001-03-12 00:00:00+09:00,639.0508395565257,654.0520329733456,636.0506008731618,637.5507202148438,1643200,0.0,0.0
2001-03-13 00:00:00+09:00,580.5462963867187,619.5494067382812,580.5462963867187,600.0478515625,2661800,0.0,0.0
2001-03-14 00:00:00+09:00,600.0478515625,600.0478515625,600.0478515625,600.0478515625,0,0.0,0.0
2001-03-15 00:00:00+09:00,546.0433400208468,579.0459594726562,531.0421493609334,579.0459594726562,2386800,0.0,0.0
2001-03-16 00:00:00+09:00,578.7459058334139,600.0475954726945,567.0449777216963,582.34619140625,1416600,0.0,0.0
2001-03-19 00:00:00+09:00,546.3431646399941,582.0459853935138,546.043140936183,551.7435913085938,3164200,0.0,0.0
2001-03-20 00:00:00+09:00,551.7435913085938,551.7435913085938,551.7435913085938,551.7435913085938,0,0.0,0.0
2001-03-21 00:00:00+09:00,555.0442626953125,600.0478515625,551.7439995117187,600.0478515625,2337800,0.0,0.0
2001-03-22 00:00:00+09:00,597.0473445970185,615.0487720723055,588.046630859375,588.046630859375,1628200,0.0,0.0
2001-03-23 00:00:00+09:00,597.0475016678914,606.0482177734375,589.5469049132696,606.0482177734375,1216400,0.0,0.0
2001-03-26 00:00:00+09:00,607.5481503772972,612.0485070467587,594.0470803689128,604.5479125976562,1784200,0.0,0.0
2001-03-27 00:00:00+09:00,607.5481904161031,610.5484283934667,576.0456916537867,582.34619140625,2038600,0.0,0.0
2001-03-28 00:00:00+09:00,598.5474658542208,654.051867449725,594.3471327605071,648.0513916015625,5741800,0.0,0.0
2001-03-29 00:00:00+09:00,642.0509936188997,679.5539722181346,627.0498021792058,657.0521850585938,5391800,0.0,0.0
2001-03-30 00:00:00+09:00,685.5544285056866,714.0566913976079,669.0531184103637,678.0538330078125,11877600,0.0,0.0
2001-04-02 00:00:00+09:00,702.0558333263026,717.0570263460954,684.0544017025513,694.5552368164062,7265200,0.0,0.0
2001-04-03 00:00:00+09:00,699.0555303664433,708.0562453497023,681.0541003999256,693.0550537109375,3249000,0.0,0.0
2001-04-04 00:00:00+09:00,679.5539521073873,690.054785804411,675.0535948086629,678.0538330078125,1473200,0.0,0.0
2001-04-05 00:00:00+09:00,679.5541120059872,684.0544703636428,655.5522007651576,664.5529174804688,1726400,0.0,0.0
2001-04-06 00:00:00+09:00,688.5545622313388,705.0558698229395,675.0534923836655,687.054443359375,3046400,0.0,0.0
2001-04-09 00:00:00+09:00,675.0535432584993,685.5543761536314,663.0525913783482,682.5541381835938,1193200,0.0,0.0
2001-04-10 00:00:00+09:00,681.0540913621039,681.0540913621039,655.5520659146243,657.0521850585938,901800,0.0,0.0
2001-04-11 00:00:00+09:00,669.0532758381244,672.053514743228,651.0518424075021,664.5529174804688,1141000,0.0,0.0
2001-04-12 00:00:00+09:00,670.5531863034427,702.0556849888393,661.5524723933293,682.5541381835938,2563600,0.0,0.0
2001-04-13 00:00:00+09:00,696.055265245585,699.0555034578505,675.0535977597268,679.553955078125,1905800,0.0,0.0
2001-04-16 00:00:00+09:00,669.0532598080842,696.0554093070651,661.5526627250339,690.054931640625,1409800,0.0,0.0
2001-04-17 00:00:00+09:00,696.055286431263,726.0576694670932,688.5546906723054,721.5573120117188,9659000,0.0,0.0
2001-04-18 00:00:00+09:00,733.5584800616916,777.0619482044095,723.0576429237941,775.5618286132812,18304600,0.0,0.0
2001-04-19 00:00:00+09:00,787.5625006043084,790.5627387018486,733.5582148485844,757.5601196289062,10255000,0.0,0.0
2001-04-20 00:00:00+09:00,735.0584106445312,753.0598411092952,724.5575762067522,735.0584106445312,4372800,0.0,0.0
2001-04-23 00:00:00+09:00,720.0570611167002,750.0594386632293,718.5569422393737,745.55908203125,2474800,0.0,0.0
2001-04-24 00:00:00+09:00,735.0582307710667,742.5588249626082,723.0572800646004,736.558349609375,1088200,0.0,0.0
2001-04-25 00:00:00+09:00,724.5575325092516,732.0581280838816,709.5563413599917,712.5565795898438,1958600,0.0,0.0
2001-04-26 00:00:00+09:00,724.5575325092516,732.0581280838816,709.5563413599917,712.5565795898438,1958600,0.0,0.0
2001-04-27 00:00:00+09:00,751.5595255614269,759.0601196289062,726.0575057319973,759.0601196289062,2370200,0.0,0.0
2001-04-30 00:00:00+09:00,759.0601196289062,759.0601196289062,759.0601196289062,759.0601196289062,0,0.0,0.0
2001-05-01 00:00:00+09:00,768.0609161793371,775.561511063901,753.0597264102095,769.56103515625,3223800,0.0,0.0
2001-05-02 00:00:00+09:00,780.0618308738426,813.0644467954282,771.0611174406829,810.064208984375,8562800,0.0,0.0
2001-05-03 00:00:00+09:00,810.064208984375,810.064208984375,810.064208984375,810.064208984375,0,0.0,0.0
2001-05-04 00:00:00+09:00,810.064208984375,810.064208984375,810.064208984375,810.064208984375,0,0.0,0.0
2001-05-07 00:00:00+09:00,822.0653191165648,837.0665110712466,798.0634119890739,828.0657958984375,47000,0.0,0.0
2001-05-08 00:00:00+09:00,816.0646846064815,825.0653980396412,802.5636144567419,810.064208984375,24300,0.0,0.0
2001-05-09 00:00:00+09:00,804.0638217745748,804.0638217745748,780.0619166469755,793.56298828125,19900,0.0,0.0
2001-05-10 00:00:00+09:00,783.0620808320887,831.0658865535961,783.0620808320887,816.064697265625,23000,0.0,0.0
2001-05-11 00:00:00+09:00,813.0645781178061,834.0662461872698,808.5642206743497,814.564697265625,19400,0.0,0.0
2001-05-14 00:00:00+09:00,804.0639426491477,810.0644198330966,792.06298828125,792.06298828125,7700,0.0,0.0
2001-05-15 00:00:00+09:00,795.0631912771328,811.5645027942054,792.0629528194833,805.5640258789062,1214800,0.0,0.0
2001-05-16 00:00:00+09:00,814.5646084560437,820.5650843931049,795.0630616605953,801.0635375976562,1588800,0.0,0.0
2001-05-17 00:00:00+09:00,817.5649026282747,819.065021715666,796.5632354047962,798.0633544921875,2194800,0.0,0.0
2001-05-18 00:00:00+09:00,807.0642117020815,813.0646891125059,799.5636149390509,808.5643310546875,1997600,0.0,0.0
2001-05-21 00:00:00+09:00,814.5645740006743,846.0670713377169,814.5645740006743,843.0668334960938,4487600,0.0,0.0
2001-05-22 00:00:00+09:00,852.0677349300622,858.0682119366119,838.5666616653253,844.567138671875,5006200,0.0,0.0
2001-05-23 00:00:00+09:00,810.0643835653806,829.5659335401027,805.5640258789062,805.5640258789062,3116400,0.0,0.0
2001-05-24 00:00:00+09:00,781.5619443331151,796.5631332838467,777.0615876478956,778.5617065429688,3250600,0.0,0.0
2001-05-25 00:00:00+09:00,777.0616027202802,787.5624351894733,711.0563700567816,727.5576782226562,5346000,0.0,0.0
2001-05-28 00:00:00+09:00,703.5559091567993,717.0569820404053,660.0524520874023,672.0534057617188,6115600,0.0,0.0
2001-05-29 00:00:00+09:00,648.0514538493377,699.0555034578505,636.050501000276,679.553955078125,9596000,0.0,0.0
2001-05-30 00:00:00+09:00,655.5520746140253,694.5551728748139,655.5520746140253,693.0550537109375,4690600,0.0,0.0
2001-05-31 00:00:00+09:00,681.0542123777057,684.0544511987528,639.0508688830454,654.0520629882812,4094600,0.0,0.0
2001-06-01 00:00:00+09:00,666.0528349363558,684.0542629076086,654.0518829555206,655.552001953125,2931200,0.0,0.0
2001-06-04 00:00:00+09:00,666.0529058283025,666.0529058283025,654.0519525701349,660.0524291992188,1179600,0.0,0.0
2001-06-05 00:00:00+09:00,663.0527453230102,676.5538193228,645.0513133232904,669.05322265625,1529000,0.0,0.0
2001-06-06 00:00:00+09:00,687.0544920261735,690.0547299826197,675.0535402003889,681.0540161132812,1829000,0.0,0.0
2001-06-07 00:00:00+09:00,675.0537536483317,682.554350911091,664.5529174804688,664.5529174804688,1257000,0.0,0.0
2001-06-08 00:00:00+09:00,673.5534786535941,679.553955078125,666.0528831229304,679.553955078125,1396000,0.0,0.0
2001-06-11 00:00:00+09:00,679.5539989087406,679.5539989087406,669.0531644885172,670.5532836914062,563200,0.0,0.0
2001-06-12 00:00:00+09:00,670.5532633001153,670.5532633001153,654.0519525701349,660.0524291992188,751200,0.0,0.0
2001-06-13 00:00:00+09:00,655.5520378401657,673.553466796875,646.551323361811,673.553466796875,1037200,0.0,0.0
2001-06-14 00:00:00+09:00,660.0524038129148,690.054785804411,654.0519274146156,678.0538330078125,1993200,0.0,0.0
2001-06-15 00:00:00+09:00,673.5536341957799,673.5536341957799,658.5524396702614,664.5529174804688,1297000,0.0,0.0
2001-06-18 00:00:00+09:00,660.0525018050207,661.5526211273049,624.0496380702015,633.0503540039062,1078800,0.0,0.0
2001-06-19 00:00:00+09:00,603.047699350596,621.0491232118077,567.0448516281723,584.4462280273438,2212000,0.0,0.0
2001-06-20 00:00:00+09:00,593.4470715455334,616.5489039565578,589.8467859749842,594.047119140625,2444800,0.0,0.0
2001-06-21 00:00:00+09:00,615.0489581756962,621.0494358164347,606.0482417145884,619.54931640625,1532200,0.0,0.0
2001-06-22 00:00:00+09:00,645.0512042820852,685.5544194346813,639.0507279631821,673.553466796875,3049800,0.0,0.0
2001-06-25 00:00:00+09:00,687.0544944324713,687.0544944324713,648.0514008620689,652.5517578125,1810000,0.0,0.0
2001-06-26 00:00:00+09:00,645.0513838828308,646.5515033802328,615.0489939347922,640.551025390625,1006200,0.0,0.0
2001-06-27 00:00:00+09:00,640.5507967913592,658.552224335847,634.5503209431965,648.0513916015625,860600,0.0,0.0
2001-06-28 00:00:00+09:00,658.5523909983915,658.5523909983915,630.0501235064338,637.5507202148438,477000,0.0,0.0
2001-06-29 00:00:00+09:00,655.5521378322965,666.0529729920815,648.0515412895928,663.052734375,1835000,0.0,0.0
2001-07-02 00:00:00+09:00,675.0535489219823,678.053786917191,654.0518829555206,655.552001953125,911400,0.0,0.0
2001-07-03 00:00:00+09:00,660.0525591228132,669.0532758381244,657.0523202177095,664.5529174804688,807600,0.0,0.0
2001-07-04 00:00:00+09:00,664.5529174804688,670.5533952906761,657.0523202177095,664.5529174804688,951800,0.0,0.0
2001-07-05 00:00:00+09:00,661.552559929925,666.0529174804688,660.0524407464104,666.0529174804688,1032600,0.0,0.0
2001-07-06 00:00:00+09:00,666.0531364889706,696.0555300245098,660.0526577818628,688.554931640625,3237600,0.0,0.0
2001-07-09 00:00:00+09:00,678.0538330078125,681.0540712069621,669.0531184103637,678.0538330078125,1221800,0.0,0.0
2001-07-10 00:00:00+09:00,682.5540867434839,699.0553943350847,678.0537301275929,687.054443359375,1757000,0.0,0.0
2001-07-11 00:00:00+09:00,660.052365105353,672.0533171981776,657.052127082147,658.55224609375,1256800,0.0,0.0
2001-07-12 00:00:00+09:00,661.5523208446717,675.0533886170119,660.0522022033006,667.5527954101562,1127600,0.0,0.0
2001-07-13 00:00:00+09:00,685.5546850907175,685.5546850907175,672.0536081414473,684.0545654296875,1290400,0.0,0.0
2001-07-16 00:00:00+09:00,684.0543123965232,684.0543123965232,669.0531213351959,679.553955078125,583600,0.0,0.0
2001-07-17 00:00:00+09:00,678.053882598877,678.053882598877,669.0531673431396,672.0534057617188,921000,0.0,0.0
2001-07-18 00:00:00+09:00,675.0535425646552,675.0535425646552,645.051162895115,652.5517578125,784000,0.0,0.0
2001-07-19 00:00:00+09:00,640.5509561502708,642.0510754855173,627.0498821330519,636.0505981445312,829600,0.0,0.0
2001-07-20 00:00:00+09:00,636.0505981445312,636.0505981445312,636.0505981445312,636.0505981445312,0,0.0,0.0
2001-07-23 00:00:00+09:00,624.0494877150079,628.549844597568,570.6452527086274,571.2453002929688,1925400,0.0,0.0
2001-07-24 00:00:00+09:00,559.2444105429092,591.0469360351562,558.0443152413151,591.0469360351562,2274400,0.0,0.0
2001-07-25 00:00:00+09:00,585.0463105801895,597.0472605408088,576.045598109725,589.2466430664062,917800,0.0,0.0
2001-07-26 00:00:00+09:00,592.5471436151183,610.5485758262105,589.2468810430847,606.0482177734375,732800,0.0,0.0
2001-07-27 00:00:00+09:00,604.5480929702076,612.0486896571829,598.5476156206274,603.0479736328125,571400,0.0,0.0
2001-07-30 00:00:00+09:00,598.8475434445112,600.0476387219551,570.0452567858573,585.0464477539062,815200,0.0,0.0
2001-07-31 00:00:00+09:00,585.0463138733376,593.146955142353,577.5457201057307,590.7467651367188,679000,0.0,0.0
2001-08-01 00:00:00+09:00,590.7467651367188,603.0477389155941,585.0463138733376,590.7467651367188,743600,0.0,0.0
2001-08-02 00:00:00+09:00,594.0472142836627,619.5492411594764,594.0472142836627,612.0486450195312,725000,0.0,0.0
2001-08-03 00:00:00+09:00,624.0496638141809,624.0496638141809,603.0479924358191,613.548828125,449800,0.0,0.0
2001-08-06 00:00:00+09:00,601.5477706725338,622.5494384765625,600.0476515436746,622.5494384765625,473800,0.0,0.0
2001-08-07 00:00:00+09:00,610.5485758262105,610.5485758262105,600.04774036974,606.0482177734375,451800,0.0,0.0
2001-08-08 00:00:00+09:00,600.0478515625,600.0478515625,591.9472055664062,600.0478515625,426800,0.0,0.0
2001-08-09 00:00:00+09:00,588.0466086647727,588.0466086647727,574.5455385678774,577.5457763671875,501400,0.0,0.0
2001-08-10 00:00:00+09:00,570.0454127194062,576.0458907480315,565.8450780993684,571.5455322265625,295400,0.0,0.0
2001-08-13 00:00:00+09:00,573.0454638463875,575.4456542708749,555.0440356627313,563.4447021484375,464200,0.0,0.0
2001-08-14 00:00:00+09:00,563.4447579520089,570.0452822730655,552.6438999720982,567.0450439453125,598200,0.0,0.0
2001-08-15 00:00:00+09:00,573.0454832086909,582.0461976046389,567.0450069447255,579.0459594726562,535600,0.0,0.0
2001-08-16 00:00:00+09:00,585.0464739118303,585.3464977446056,564.0448056175595,567.0450439453125,638800,0.0,0.0
2001-08-17 00:00:00+09:00,549.0434029620627,555.0438773113748,543.0429286127505,552.0436401367188,1066600,0.0,0.0
2001-08-20 00:00:00+09:00,541.5430604023564,553.5440146495001,534.0424639978917,551.44384765625,774400,0.0,0.0
2001-08-21 00:00:00+09:00,557.1442123691967,574.5455932617188,557.1442123691967,574.5455932617188,863600,0.0,0.0
2001-08-22 00:00:00+09:00,569.445124856839,579.0458856552684,561.0444591582134,573.04541015625,531000,0.0,0.0
2001-08-23 00:00:00+09:00,573.045696193605,573.045696193605,546.3435668945312,546.3435668945312,480400,0.0,0.0
2001-08-24 00:00:00+09:00,540.3428550011004,543.0430691571303,524.4415938600351,532.542236328125,1168200,0.0,0.0
2001-08-27 00:00:00+09:00,523.5416534131217,540.0429662714149,523.5416534131217,531.9423217773438,547600,0.0,0.0
2001-08-28 00:00:00+09:00,531.9422128704232,531.9422128704232,495.03928439717896,511.2405700683594,1544600,0.0,0.0
2001-08-29 00:00:00+09:00,493.2392941540434,493.539318055597,468.33731032509843,471.6375732421875,1589400,0.0,0.0
2001-08-30 00:00:00+09:00,472.2374997919256,541.5430032556707,469.53728537126017,528.0419311523438,3258400,0.0,0.0
2001-08-31 00:00:00+09:00,540.0428693319104,585.0464417762363,534.0423930060003,582.0462036132812,2471600,0.0,0.0
2001-09-03 00:00:00+09:00,591.0469967421665,622.5495016446678,540.0429411857359,558.0443725585938,1862600,0.0,0.0
2001-09-04 00:00:00+09:00,585.0464055858771,587.4465959677678,562.5446207556511,582.34619140625,1115000,0.0,0.0
2001-09-05 00:00:00+09:00,600.0477430555555,618.0491753472222,586.5466688368056,607.54833984375,2680600,0.0,0.0
2001-09-06 00:00:00+09:00,615.0487944715303,615.0487944715303,584.1463428468631,598.5474853515625,1192600,0.0,0.0
2001-09-07 00:00:00+09:00,579.0460642344916,603.0479736328125,569.1452766076843,603.0479736328125,664400,0.0,0.0
2001-09-10 00:00:00+09:00,570.3453979492188,593.4472367930324,555.3442038947942,570.3453979492188,695600,0.0,0.0
2001-09-11 00:00:00+09:00,570.9453662259308,592.2470588176498,570.9453662259308,586.24658203125,624200,0.0,0.0
2001-09-12 00:00:00+09:00,541.2432250976562,541.2432250976562,541.2432250976562,541.2432250976562,121000,0.0,0.0
2001-09-13 00:00:00+09:00,510.04049086711814,519.0412054118319,498.039538140833,507.0402526855469,1670600,0.0,0.0
2001-09-14 00:00:00+09:00,498.03949809676396,522.0414016194995,498.03949809676396,510.9405212402344,1502200,0.0,0.0
2001-09-17 00:00:00+09:00,486.33837594696973,488.73856534090913,444.03503787878793,445.53515625,2380400,0.0,0.0
2001-09-18 00:00:00+09:00,460.5367502520162,489.03902469758066,450.33593623991936,465.037109375,1960800,0.0,0.0
2001-09-19 00:00:00+09:00,474.03766444943983,492.0390947449882,467.4371400077388,477.03790283203125,866000,0.0,0.0
2001-09-20 00:00:00+09:00,459.03639494030676,486.03853581914836,450.6357288891116,453.0359191894531,1500800,0.0,0.0
2001-09-21 00:00:00+09:00,426.0339376720545,435.0346546651261,412.53286218244716,430.8343200683594,1928800,0.0,0.0
2001-09-24 00:00:00+09:00,430.8343200683594,430.8343200683594,430.8343200683594,430.8343200683594,0,0.0,0.0
2001-09-25 00:00:00+09:00,458.73644332627117,458.73644332627117,438.03479872881354,442.53515625,637400,0.0,0.0
2001-09-26 00:00:00+09:00,442.53520288338115,471.03747018773447,435.0346062243408,464.7369689941406,1032600,0.0,0.0
2001-09-27 00:00:00+09:00,477.63788873866963,477.63788873866963,462.33667496626254,473.7375793457031,654000,0.0,0.0
2001-09-28 00:00:00+09:00,473.7375793457031,473.7375793457031,473.7375793457031,473.7375793457031,0,0.0,0.0
2001-10-01 00:00:00+09:00,481.5382101453003,510.040471804991,478.5379720758592,509.7404479980469,1065600,0.0,0.0
2001-10-02 00:00:00+09:00,518.7411144538996,519.0411382332252,495.33925966650565,510.6404724121094,796600,0.0,0.0
2001-10-03 00:00:00+09:00,525.0416138197364,525.0416138197364,510.04042485345826,510.6404724121094,1046400,0.0,0.0
2001-10-04 00:00:00+09:00,528.6420343191965,528.6420343191965,519.6413186383928,525.041748046875,1318400,0.0,0.0
2001-10-05 00:00:00+09:00,534.0425292123485,534.0425292123485,516.041095643393,519.94140625,711600,0.0,0.0
2001-10-08 00:00:00+09:00,519.94140625,519.94140625,519.94140625,519.94140625,0,0.0,0.0
2001-10-09 00:00:00+09:00,501.9398742934405,507.6403271395704,490.83899243518744,495.6393737792969,890200,0.0,0.0
2001-10-10 00:00:00+09:00,504.6400728399103,529.5420502749356,500.43973929665304,528.0419311523438,1722600,0.0,0.0
2001-10-11 00:00:00+09:00,537.0427373482887,557.744384765625,537.0427373482887,557.744384765625,2758400,0.0,0.0
2001-10-12 00:00:00+09:00,585.0463014826216,622.5492695263794,568.5449955433681,601.547607421875,4732600,0.0,0.0
2001-10-15 00:00:00+09:00,600.0475147490887,609.0482274703251,587.1464931819833,596.7472534179688,1916200,0.0,0.0
2001-10-16 00:00:00+09:00,596.7475883789062,603.0480908203125,582.6464638671874,600.0478515625,1192600,0.0,0.0
2001-10-17 00:00:00+09:00,609.0483663168297,625.5496767342809,600.0476515436746,622.5494384765625,1288400,0.0,0.0
2001-10-18 00:00:00+09:00,615.0488919817328,640.5509192102437,606.0481764893173,616.5490112304688,1794200,0.0,0.0
2001-10-19 00:00:00+09:00,664.5527640167977,711.0564563069122,663.052644910665,679.553955078125,7920800,0.0,0.0
2001-10-22 00:00:00+09:00,685.5546704101562,709.5565844726563,667.5532348632812,675.0538330078125,4521200,0.0,0.0
2001-10-23 00:00:00+09:00,696.0552920386904,699.0555303664433,667.5530279250371,693.0550537109375,3033200,0.0,0.0
2001-10-24 00:00:00+09:00,705.0560070219493,723.0574369884672,693.0550537109374,693.0550537109375,4783800,0.0,0.0
2001-10-25 00:00:00+09:00,690.0550440738075,703.5561210230777,670.5534884804173,684.0545654296875,2290400,0.0,0.0
2001-10-26 00:00:00+09:00,708.0562133789062,714.0566897634732,696.0552606097722,708.0562133789062,2947600,0.0,0.0
2001-10-29 00:00:00+09:00,712.5568389892577,717.0571979723478,684.0545654296874,684.0545654296875,1519000,0.0,0.0
2001-10-30 00:00:00+09:00,660.0525433084239,696.0554093070651,654.0520656419836,690.054931640625,1483000,0.0,0.0
2001-10-31 00:00:00+09:00,690.0551517254652,715.5571899414062,678.0541925650223,715.5571899414062,2413200,0.0,0.0
2001-11-01 00:00:00+09:00,720.0574483989199,738.0588846088928,720.0574483989199,729.0581665039062,4060400,0.0,0.0
2001-11-02 00:00:00+09:00,738.0586490553252,738.0586490553252,724.5575762067522,735.0584106445312,2076400,0.0,0.0
2001-11-05 00:00:00+09:00,741.0588496564383,747.059326171875,738.0586113987199,747.059326171875,1815600,0.0,0.0
2001-11-06 00:00:00+09:00,750.0597135288509,768.0611466535433,747.0594746747355,762.0606689453125,3228000,0.0,0.0
2001-11-07 00:00:00+09:00,765.0606468610213,765.0606468610213,744.0589820452286,754.559814453125,2396000,0.0,0.0
2001-11-08 00:00:00+09:00,757.5600166630938,757.5600166630938,720.0570455411586,738.0584716796875,1600400,0.0,0.0
2001-11-09 00:00:00+09:00,738.0584716796875,738.0584716796875,738.0584716796875,738.0584716796875,0,0.0,0.0
2001-11-12 00:00:00+09:00,705.0560885756763,720.0572819496269,702.0558499008863,703.5559692382812,510200,0.0,0.0
2001-11-13 00:00:00+09:00,690.0546811033024,699.0553943350847,676.5536112556291,687.054443359375,1025800,0.0,0.0
2001-11-14 00:00:00+09:00,720.0571380046584,729.0578522297167,708.0561857045808,724.5574951171875,1361000,0.0,0.0
2001-11-15 00:00:00+09:00,736.5584789231593,774.0614564650717,730.5580025164534,771.0612182617188,2861800,0.0,0.0
2001-11-16 00:00:00+09:00,771.0611755371094,780.0618896484375,750.0595092773438,750.0595092773438,2948000,0.0,0.0
2001-11-19 00:00:00+09:00,750.0597030397445,777.0618523491753,748.5595836336649,756.0601806640625,1102800,0.0,0.0
2001-11-20 00:00:00+09:00,780.0619077501188,792.0628601770437,768.0609553231939,789.0626220703125,4076400,0.0,0.0
2001-11-21 00:00:00+09:00,801.0638941350973,817.5652103064195,793.5632958754054,795.0634155273438,5205200,0.0,0.0
2001-11-22 00:00:00+09:00,795.0630399352912,804.063753594936,784.5622073323723,790.5626831054688,1878200,0.0,0.0
2001-11-23 00:00:00+09:00,790.5626831054689,790.5626831054689,790.5626831054689,790.5626831054688,0,0.0,0.0
2001-11-26 00:00:00+09:00,801.0636249352555,819.0650547090814,795.0631483439802,814.564697265625,2345800,0.0,0.0
2001-11-27 00:00:00+09:00,817.5649056783537,820.5651438643293,799.5634765625001,799.5634765625,1732800,0.0,0.0
2001-11-28 00:00:00+09:00,775.561511063901,790.5627008330287,757.5600833409478,769.56103515625,2032400,0.0,0.0
2001-11-29 00:00:00+09:00,754.5599603146923,768.0610331632653,727.5578146175462,735.0584106445312,2486000,0.0,0.0
2001-11-30 00:00:00+09:00,765.0607938822468,772.5613899007002,756.0600786601027,766.5609130859375,1527400,0.0,0.0
2001-12-03 00:00:00+09:00,777.061760412054,777.061760412054,738.0586604685918,741.0588989257812,990200,0.0,0.0
2001-12-04 00:00:00+09:00,753.0597473144531,753.0597473144531,738.0585571289063,750.0595092773438,908600,0.0,0.0
2001-12-05 00:00:00+09:00,753.059756829872,756.0599949048914,709.5563047420906,724.5574951171875,2941800,0.0,0.0
2001-12-06 00:00:00+09:00,732.0585087870152,732.0585087870152,690.0551517254652,715.5571899414062,3524000,0.0,0.0
2001-12-07 00:00:00+09:00,715.5569298322811,774.0615844726562,714.0568104825278,774.0615844726562,2845600,0.0,0.0
2001-12-10 00:00:00+09:00,774.0613982858009,774.0613982858009,750.0594944629854,772.561279296875,1766600,0.0,0.0
2001-12-11 00:00:00+09:00,750.0595092773438,759.060223388672,744.0590332031251,750.0595092773438,1380400,0.0,0.0
2001-12-12 00:00:00+09:00,774.0615458015267,786.0624999999999,756.0601145038167,786.0625,2037000,0.0,0.0
2001-12-13 00:00:00+09:00,780.0618505025499,801.0635157083877,774.0613747294533,790.5626831054688,2028800,0.0,0.0
2001-12-14 00:00:00+09:00,802.5636472540386,810.0642420881886,790.5626955193989,796.5631713867188,2680200,0.0,0.0
2001-12-17 00:00:00+09:00,793.5629767993889,795.063095848159,750.0595243850556,757.5601196289062,1158000,0.0,0.0
2001-12-18 00:00:00+09:00,775.5615386378263,790.5627289402987,768.0609434865901,783.0621337890625,1681200,0.0,0.0
2001-12-19 00:00:00+09:00,792.0628020487429,795.0630399352912,768.0608989563568,790.5626831054688,829200,0.0,0.0
2001-12-20 00:00:00+09:00,795.0633312964851,798.0635702825095,769.5612999152771,781.562255859375,1003400,0.0,0.0
2001-12-21 00:00:00+09:00,754.5601849250073,795.0634155273438,751.5599456211306,795.0634155273438,1321600,0.0,0.0
2001-12-24 00:00:00+09:00,795.0634155273438,795.0634155273438,795.0634155273438,795.0634155273438,0,0.0,0.0
2001-12-25 00:00:00+09:00,792.0628198099414,792.0628198099414,763.5605592485989,769.56103515625,896200,0.0,0.0
2001-12-26 00:00:00+09:00,768.0608325098814,774.0613077638649,753.0596443749228,759.0601196289062,582400,0.0,0.0
2001-12-27 00:00:00+09:00,754.559881531366,771.0611910678372,751.5596434338257,757.5601196289062,453400,0.0,0.0
2001-12-28 00:00:00+09:00,780.0618987511949,784.5622558593749,760.5603512824151,784.562255859375,735400,0.0,0.0
2001-12-31 00:00:00+09:00,784.5622558593749,784.5622558593749,784.5622558593749,784.562255859375,0,0.0,0.0
2002-01-01 00:00:00+09:00,784.5622558593749,784.5622558593749,784.5622558593749,784.562255859375,0,0.0,0.0
2002-01-02 00:00:00+09:00,784.5622558593749,784.5622558593749,784.5622558593749,784.562255859375,0,0.0,0.0
2002-01-03 00:00:00+09:00,784.5622558593749,784.5622558593749,784.5622558593749,784.562255859375,0,0.0,0.0
2002-01-04 00:00:00+09:00,792.0630923104607,795.0633312964851,768.0611804222649,781.562255859375,358400,0.0,0.0
2002-01-07 00:00:00+09:00,769.5610991600422,780.0619328717777,765.0607418550128,771.0612182617188,627000,0.0,0.0
2002-01-08 00:00:00+09:00,759.0604300911971,772.5615049347164,754.5600718100239,762.0606689453125,858800,0.0,0.0
2002-01-09 00:00:00+09:00,748.5593197859029,759.0601519271881,742.558844276597,745.55908203125,1090600,0.0,0.0
2002-01-10 00:00:00+09:00,747.059326171875,769.5611131047627,724.5575392389871,747.059326171875,1411600,0.0,0.0
2002-01-11 00:00:00+09:00,771.0611910678372,771.0611910678372,750.0595243850556,757.5601196289062,1305800,0.0,0.0
2002-01-14 00:00:00+09:00,757.5601196289062,757.5601196289062,757.5601196289062,757.5601196289062,0,0.0,0.0
2002-01-15 00:00:00+09:00,742.5588642467153,742.5588642467153,726.0575561523439,726.0575561523438,960400,0.0,0.0
2002-01-16 00:00:00+09:00,720.0572916666666,742.55908203125,711.0565755208333,742.55908203125,673200,0.0,0.0
2002-01-17 00:00:00+09:00,730.5581271701388,742.55908203125,723.0575303819444,742.55908203125,696600,0.0,0.0
2002-01-18 00:00:00+09:00,742.5589141845703,751.5596282958985,735.0583190917969,750.0595092773438,625000,0.0,0.0
2002-01-21 00:00:00+09:00,750.0596200266192,750.0596200266192,735.0584276260869,744.0591430664062,488800,0.0,0.0
2002-01-22 00:00:00+09:00,735.0584852430555,742.55908203125,729.0580078124999,742.55908203125,379600,0.0,0.0
2002-01-23 00:00:00+09:00,727.5576782226562,733.5581539193379,726.0575592984858,727.5576782226562,703000,0.0,0.0
2002-01-24 00:00:00+09:00,750.0595092773438,750.0595092773438,735.0583190917969,750.0595092773438,799800,0.0,0.0
2002-01-25 00:00:00+09:00,750.0596788194445,751.5597981770833,730.5581271701388,742.55908203125,991400,0.0,0.0
2002-01-28 00:00:00+09:00,748.5593902587891,750.0595092773438,732.0580810546875,750.0595092773438,986800,0.0,0.0
2002-01-29 00:00:00+09:00,744.0592013888888,745.5593207465278,735.0584852430555,742.55908203125,413000,0.0,0.0
2002-01-30 00:00:00+09:00,730.5578774553004,738.0584716796875,724.5574020757907,738.0584716796875,719400,0.0,0.0
2002-01-31 00:00:00+09:00,738.0584716796875,738.0584716796875,738.0584716796875,738.0584716796875,0,0.0,0.0
2002-02-01 00:00:00+09:00,718.5569396706128,721.5571774145402,675.0534923836655,687.054443359375,1570400,0.0,0.0
2002-02-04 00:00:00+09:00,663.052817851654,666.0530568464579,639.0509058932231,640.551025390625,1551200,0.0,0.0
2002-02-05 00:00:00+09:00,616.5488933987087,657.0521053738064,606.0480606644242,648.0513916015625,2589600,0.0,0.0
2002-02-06 00:00:00+09:00,660.0524492711829,679.5539989087406,654.0519724596267,670.5532836914062,1066200,0.0,0.0
2002-02-07 00:00:00+09:00,670.5532865524292,684.0543594360352,664.552809715271,672.0534057617188,670000,0.0,0.0
2002-02-08 00:00:00+09:00,687.0546928074049,690.054931640625,672.0534986413043,690.054931640625,769600,0.0,0.0
2002-02-11 00:00:00+09:00,690.054931640625,690.054931640625,690.054931640625,690.054931640625,0,0.0,0.0
2002-02-12 00:00:00+09:00,693.0551175144269,703.555952628282,687.0546403065098,694.5552368164062,1198200,0.0,0.0
2002-02-13 00:00:00+09:00,697.5556423789576,700.5558817010176,681.0543261076274,684.0545654296875,474600,0.0,0.0
2002-02-14 00:00:00+09:00,684.0542692910022,696.0552213838268,658.55224609375,658.55224609375,798400,0.0,0.0
2002-02-15 00:00:00+09:00,660.052324035358,661.5524429536201,628.5498267518523,639.0506591796875,1660200,0.0,0.0
2002-02-18 00:00:00+09:00,615.0487733118742,625.549606026955,613.5486543525769,618.0490112304688,1235200,0.0,0.0
2002-02-19 00:00:00+09:00,642.0508970162118,643.551015934474,633.0501835066387,639.0506591796875,1147800,0.0,0.0
2002-02-20 00:00:00+09:00,637.5505797902838,637.5505797902838,624.0495086888425,628.5498657226562,687800,0.0,0.0
2002-02-21 00:00:00+09:00,633.0503594740381,639.0508368150242,630.050120803545,636.0505981445312,802800,0.0,0.0
2002-02-22 00:00:00+09:00,636.0505926484745,637.5507119707587,622.5495187479173,633.0503540039062,455000,0.0,0.0
2002-02-25 00:00:00+09:00,631.5502346816221,634.5504733261904,625.5497573924855,633.0503540039062,492000,0.0,0.0
2002-02-26 00:00:00+09:00,639.0508312930428,648.0515472267476,627.0498767147697,633.0503540039062,595400,0.0,0.0
2002-02-27 00:00:00+09:00,622.5495133172898,630.0501098632812,619.5492746988932,630.0501098632812,731800,0.0,0.0
2002-02-28 00:00:00+09:00,630.0501656418212,645.0513600618646,627.0499267578125,627.0499267578125,1043000,0.0,0.0
2002-03-01 00:00:00+09:00,630.0501098632812,633.0503484816778,625.5497519356863,630.0501098632812,907200,0.0,0.0
2002-03-04 00:00:00+09:00,642.0509368240976,642.0509368240976,622.5493896775712,628.5498657226562,2321800,0.0,0.0
2002-03-05 00:00:00+09:00,630.0501098632812,645.0513029552641,625.5497519356863,630.0501098632812,1801200,0.0,0.0
2002-03-06 00:00:00+09:00,631.550252098202,690.0549072806957,631.550252098202,676.5538330078125,3701200,0.0,0.0
2002-03-07 00:00:00+09:00,696.0553698417467,717.0570404835236,693.0551311786357,702.0558471679688,2979200,0.0,0.0
2002-03-08 00:00:00+09:00,714.0566250746418,729.0578146770503,697.5553165119925,706.5560302734375,3296000,0.0,0.0
2002-03-11 00:00:00+09:00,718.5569615639931,726.0575561523439,706.556010222632,726.0575561523438,1297000,0.0,0.0
2002-03-12 00:00:00+09:00,750.0595758957575,750.0595758957575,712.5565971009696,721.5573120117188,1392600,0.0,0.0
2002-03-13 00:00:00+09:00,705.0561258067255,720.057319972826,690.054931640625,690.054931640625,484200,0.0,0.0
2002-03-14 00:00:00+09:00,684.0544044231547,711.056551966174,669.0532113436996,696.0553588867188,769800,0.0,0.0
2002-03-15 00:00:00+09:00,717.0570705469565,718.5571899414062,699.0556378135601,718.5571899414062,914800,0.0,0.0
2002-03-18 00:00:00+09:00,723.0573669433594,726.0576049804688,705.0559387207031,720.05712890625,686800,0.0,0.0
2002-03-19 00:00:00+09:00,708.0561492336784,718.5569819553643,691.5548406710291,706.5560302734375,762400,0.0,0.0
2002-03-20 00:00:00+09:00,705.0558987929938,714.0566123946065,699.0554230585853,700.5555419921875,805000,0.0,0.0
2002-03-21 00:00:00+09:00,700.5555419921875,700.5555419921875,700.5555419921875,700.5555419921875,0,0.0,0.0
2002-03-22 00:00:00+09:00,684.0545654296874,690.0550440738075,681.0543261076274,684.0545654296875,532000,0.0,0.0
2002-03-25 00:00:00+09:00,666.0529289245605,675.0536441802979,654.0519752502441,672.0534057617188,625400,0.0,0.0
2002-03-26 00:00:00+09:00,663.0526791134396,672.053394214527,660.0524407464104,666.0529174804688,396600,0.0,0.0
2002-03-27 00:00:00+09:00,666.0530209748641,699.0556481402853,663.052782141644,690.054931640625,881600,0.0,0.0
2002-03-28 00:00:00+09:00,711.0564515711897,712.5565706673315,694.5551415136305,708.0562133789062,1281000,0.0,0.0
2002-03-29 00:00:00+09:00,715.5567440348826,727.5576957168093,705.0559113131967,706.5560302734375,1443400,0.0,0.0
2002-04-01 00:00:00+09:00,708.056136660198,708.056136660198,684.0542337225642,700.5555419921875,447600,0.0,0.0
2002-04-02 00:00:00+09:00,700.5556266704358,717.0569369346217,700.5556266704358,712.5565795898438,735600,0.0,0.0
2002-04-03 00:00:00+09:00,712.5565338134766,726.0576049804688,708.0561767578125,720.05712890625,1118800,0.0,0.0
2002-04-04 00:00:00+09:00,732.058183554213,744.0591373829706,730.5580643256183,741.0588989257812,1814600,0.0,0.0
2002-04-05 00:00:00+09:00,747.0592712402344,756.0599853515625,736.5584381103516,750.0595092773438,2282800,0.0,0.0
2002-04-08 00:00:00+09:00,756.0601912370817,768.0611466535433,751.5598329559085,762.0606689453125,1562600,0.0,0.0
2002-04-09 00:00:00+09:00,765.0606075372327,765.0606075372327,720.0570423879838,736.558349609375,1111600,0.0,0.0
2002-04-10 00:00:00+09:00,715.5567268292929,732.0580349951675,715.5567268292929,727.5576782226562,1123600,0.0,0.0
2002-04-11 00:00:00+09:00,733.5581183443204,748.5593068585192,729.0577617900608,739.55859375,965400,0.0,0.0
2002-04-12 00:00:00+09:00,741.0587253992707,745.55908203125,726.057536626006,745.55908203125,1082400,0.0,0.0
2002-04-15 00:00:00+09:00,750.0594577068837,757.5600522839525,747.0592198760561,754.559814453125,1081600,0.0,0.0
2002-04-16 00:00:00+09:00,754.5597631884186,762.0603572558979,745.5590503074435,759.0601196289062,1154400,0.0,0.0
2002-04-17 00:00:00+09:00,771.061112067603,780.061825438042,768.0608742774566,778.5617065429688,1891600,0.0,0.0
2002-04-18 00:00:00+09:00,781.5619443331151,783.0620632281882,777.0615876478956,778.5617065429688,1820400,0.0,0.0
2002-04-19 00:00:00+09:00,786.0622909973715,804.0637175087618,781.561934369524,802.5635986328125,2527600,0.0,0.0
2002-04-22 00:00:00+09:00,817.5650353149196,835.5664672851562,811.5645579915073,835.5664672851562,3087600,0.0,0.0
2002-04-23 00:00:00+09:00,838.5665804636565,846.0671759955318,823.5653893999059,834.0662231445312,3625000,0.0,0.0
2002-04-24 00:00:00+09:00,822.0653688665022,855.0679931640625,822.0653688665022,855.0679931640625,4551400,0.0,0.0
2002-04-25 00:00:00+09:00,856.5678034080142,864.0683971331282,849.0672096829003,853.5675659179688,2175800,0.0,0.0
2002-04-26 00:00:00+09:00,864.0685915646853,864.0685915646853,840.0666862434441,858.068115234375,1382600,0.0,0.0
2002-04-29 00:00:00+09:00,858.068115234375,858.068115234375,858.068115234375,858.068115234375,0,0.0,0.0
2002-04-30 00:00:00+09:00,855.0678888956705,871.5691990322537,841.5668169657389,864.068603515625,1991800,0.0,0.0
2002-05-01 00:00:00+09:00,876.0696144872063,903.0717601392093,873.0693760814282,894.071044921875,3622200,0.0,0.0
2002-05-02 00:00:00+09:00,895.5708275036267,897.0709461426612,873.0690479181085,880.5696411132812,815000,0.0,0.0
2002-05-03 00:00:00+09:00,880.5696411132811,880.5696411132811,880.5696411132811,880.5696411132812,0,0.0,0.0
2002-05-06 00:00:00+09:00,880.5696411132811,880.5696411132811,880.5696411132811,880.5696411132812,0,0.0,0.0
2002-05-07 00:00:00+09:00,868.5690667403372,868.5690667403372,850.5676353053043,855.0679931640625,1289200,0.0,0.0
2002-05-08 00:00:00+09:00,855.0680725097657,909.072371826172,853.5679530843099,900.0716552734375,3370600,0.0,0.0
2002-05-09 00:00:00+09:00,915.0728495279949,927.0738049316407,897.0714164225261,900.0716552734375,3470000,0.0,0.0
2002-05-10 00:00:00+09:00,915.0726870486611,918.0729253668534,906.0719720940841,912.0724487304688,1667400,0.0,0.0
2002-05-13 00:00:00+09:00,909.072371826172,909.072371826172,900.0716552734376,900.0716552734375,728400,0.0,0.0
2002-05-14 00:00:00+09:00,888.0705777600563,898.5714122943813,864.0686702530277,867.0689086914062,1791600,0.0,0.0
2002-05-15 00:00:00+09:00,855.0679175452849,859.5682750060496,840.0667260094027,847.5673217773438,4628000,0.0,0.0
2002-05-16 00:00:00+09:00,831.0659717479786,858.068115234375,796.5632328486943,858.068115234375,3929000,0.0,0.0
2002-05-17 00:00:00+09:00,870.0689728781197,877.5695674718966,840.0665945030121,871.569091796875,2076600,0.0,0.0
2002-05-20 00:00:00+09:00,892.5709648757685,927.0737080558401,877.5697721887807,915.07275390625,5290600,0.0,0.0
2002-05-21 00:00:00+09:00,909.0722556480994,963.076548062838,906.0720171806139,936.0744018554688,8335600,0.0,0.0
2002-05-22 00:00:00+09:00,918.0729821077578,948.075367143959,918.0729821077578,942.0748901367188,2425200,0.0,0.0
2002-05-23 00:00:00+09:00,933.0741633879832,948.0753557254105,921.0732095180413,936.0744018554688,1759000,0.0,0.0
2002-05-24 00:00:00+09:00,945.0753880449649,960.0765846805994,933.0744307364574,951.0758666992188,2239400,0.0,0.0
2002-05-27 00:00:00+09:00,960.0760086106811,981.0776712990398,948.0750585030477,969.0767211914062,3108400,0.0,0.0
2002-05-28 00:00:00+09:00,981.0779243751808,990.0786392777055,945.0750647650825,972.0772094726562,2464800,0.0,0.0
2002-05-29 00:00:00+09:00,957.0762034254807,987.0785922475961,957.0762034254807,975.07763671875,1602800,0.0,0.0
2002-05-30 00:00:00+09:00,963.0764160156251,972.0771301839955,951.0754637911314,963.076416015625,1118800,0.0,0.0
2002-05-31 00:00:00+09:00,948.0756552419356,963.0768523185485,930.0742187500001,930.07421875,1825600,0.0,0.0
2002-06-03 00:00:00+09:00,930.0739801045015,948.0754119774919,918.0730255225079,933.07421875,1752800,0.0,0.0
2002-06-04 00:00:00+09:00,930.0739361222383,951.0756056475791,924.0734591149981,942.0748901367188,1125400,0.0,0.0
2002-06-05 00:00:00+09:00,942.0751764112904,951.0758946572581,930.0742187500001,930.07421875,1281000,0.0,0.0
2002-06-06 00:00:00+09:00,942.0749457118611,948.0754230730831,930.073990989417,939.07470703125,1132600,0.0,0.0
2002-06-07 00:00:00+09:00,930.0742187500001,930.0742187500001,918.0732610887097,930.07421875,980000,0.0,0.0
2002-06-10 00:00:00+09:00,930.0739801045015,939.0746960409967,927.0737414590031,933.07421875,510800,0.0,0.0
2002-06-11 00:00:00+09:00,918.0731304218243,933.0743253633574,912.0726524452111,924.0736083984375,1293400,0.0,0.0
2002-06-12 00:00:00+09:00,912.0726473432411,921.0733642578125,906.0721694001934,921.0733642578125,752600,0.0,0.0
2002-06-13 00:00:00+09:00,918.0730233168563,921.0732619551467,894.0711142105332,898.5714721679688,665800,0.0,0.0
2002-06-14 00:00:00+09:00,912.0726524452111,945.0752813165839,885.0705015504516,924.0736083984375,2396800,0.0,0.0
2002-06-17 00:00:00+09:00,924.0732656314672,936.0742171331746,906.0718383789061,906.0718383789062,1055200,0.0,0.0
2002-06-18 00:00:00+09:00,921.0733605273106,921.0733605273106,880.5701345757839,883.5703735351562,1568400,0.0,0.0
2002-06-19 00:00:00+09:00,883.5700495149014,891.0706441627359,861.068265571398,874.5693359375,1626600,0.0,0.0
2002-06-20 00:00:00+09:00,850.5675286599864,867.0688387398097,837.0664567764945,862.5684814453125,2317200,0.0,0.0
2002-06-21 00:00:00+09:00,856.5680926849744,862.5685696915242,838.5666616653253,844.567138671875,1101600,0.0,0.0
2002-06-24 00:00:00+09:00,823.5652436755952,859.5680958581348,823.5652436755952,850.5673828125,1467200,0.0,0.0
2002-06-25 00:00:00+09:00,852.0674099392361,856.5677659776475,834.0659857855902,837.0662231445312,713000,0.0,0.0
2002-06-26 00:00:00+09:00,822.0651729808134,832.5660054823932,811.5643404792337,816.064697265625,806600,0.0,0.0
2002-06-27 00:00:00+09:00,813.0646095689024,835.5663976566026,813.0646095689024,831.0660400390625,1205800,0.0,0.0
2002-06-28 00:00:00+09:00,846.0671742757161,874.569437238905,843.0669360690646,864.068603515625,1505600,0.0,0.0
2002-07-01 00:00:00+09:00,865.5688091571515,880.5700016902043,862.5685706505409,877.5697631835938,1205000,0.0,0.0
2002-07-02 00:00:00+09:00,865.5689397789222,883.5703735351562,843.0671475836295,883.5703735351562,833200,0.0,0.0
2002-07-03 00:00:00+09:00,859.5683032554268,894.071044921875,858.0681840525377,894.071044921875,608600,0.0,0.0
2002-07-04 00:00:00+09:00,900.071340589667,900.071340589667,885.0701515798393,895.5709838867188,1009800,0.0,0.0
2002-07-05 00:00:00+09:00,885.0703125,895.5711467161017,882.0700741525424,885.0703125,529600,0.0,0.0
2002-07-08 00:00:00+09:00,885.0704399315085,898.5715144389384,877.5698429829365,888.0706787109375,1092600,0.0,0.0
2002-07-09 00:00:00+09:00,870.0691860265899,877.5697824578536,849.0675160190516,855.0679931640625,1551800,0.0,0.0
2002-07-10 00:00:00+09:00,855.067647298177,855.067647298177,826.5653923882378,837.0662231445312,1262800,0.0,0.0
2002-07-11 00:00:00+09:00,816.0647250791139,832.5660338582873,813.0644871192643,829.5657958984375,1269600,0.0,0.0
2002-07-12 00:00:00+09:00,865.5686768448502,865.5686768448502,840.066653436943,841.5667724609375,722200,0.0,0.0
2002-07-15 00:00:00+09:00,841.5667477378363,843.0668667177611,820.5650820188885,829.5657958984375,480400,0.0,0.0
2002-07-16 00:00:00+09:00,814.5645814668148,834.0661276161125,814.5645814668148,817.5648193359375,670600,0.0,0.0
2002-07-17 00:00:00+09:00,825.0654539654247,826.5655729726345,793.5629548140175,807.0640258789062,973200,0.0,0.0
2002-07-18 00:00:00+09:00,831.0659210480011,843.066872976492,819.0649691195101,832.5660400390625,1114400,0.0,0.0
2002-07-19 00:00:00+09:00,819.0650989383292,825.0655758536284,805.5640258789062,805.5640258789062,625800,0.0,0.0
2002-07-22 00:00:00+09:00,781.5623386598983,799.5637744831589,780.0622190079599,795.0634155273438,820600,0.0,0.0
2002-07-23 00:00:00+09:00,792.0628236920646,813.0644894717785,780.0618718179425,801.0635375976562,896600,0.0,0.0
2002-07-24 00:00:00+09:00,789.0627757481166,840.0668334960936,789.0627757481166,840.0668334960938,990200,0.0,0.0
2002-07-25 00:00:00+09:00,816.0647299757281,822.065205931432,766.5608033411711,772.561279296875,1248200,0.0,0.0
2002-07-26 00:00:00+09:00,768.0611304780876,772.5614886644827,750.0596977325075,753.0599365234375,1138800,0.0,0.0
2002-07-29 00:00:00+09:00,766.5609102136949,783.0622213924632,756.060075827206,765.060791015625,924400,0.0,0.0
2002-07-30 00:00:00+09:00,789.0626220703125,793.5629792304093,783.0621458568501,789.0626220703125,686000,0.0,0.0
2002-07-31 00:00:00+09:00,798.0634541984732,799.5635734732824,784.5623807251908,786.0625,608600,0.0,0.0
2002-08-01 00:00:00+09:00,780.0619115584936,780.0619115584936,760.5603637695312,760.5603637695312,432000,0.0,0.0
2002-08-02 00:00:00+09:00,756.0599853515625,762.0604614257812,750.0595092773438,750.0595092773438,880400,0.0,0.0
2002-08-05 00:00:00+09:00,748.5593068585192,753.0596634127788,726.057524087221,739.55859375,1035600,0.0,0.0
2002-08-06 00:00:00+09:00,727.5577239990234,733.5582000732422,712.5565338134766,720.05712890625,987200,0.0,0.0
2002-08-07 00:00:00+09:00,721.5573009812688,753.0598026873117,721.5573009812688,747.059326171875,1019200,0.0,0.0
2002-08-08 00:00:00+09:00,748.5593694794712,769.5610351562499,748.5593694794712,769.56103515625,531400,0.0,0.0
2002-08-09 00:00:00+09:00,774.0614504814149,780.061926841736,759.0602595806122,768.0609741210938,996400,0.0,0.0
2002-08-12 00:00:00+09:00,780.0620229007633,804.0639312977098,772.5614265267175,786.0625,928400,0.0,0.0
2002-08-13 00:00:00+09:00,795.0630042530667,820.5650251442028,789.06252874927,802.5635986328125,1001600,0.0,0.0
2002-08-14 00:00:00+09:00,795.0630524198888,816.0647179555085,775.5615058510991,796.5631713867188,788600,0.0,0.0
2002-08-15 00:00:00+09:00,813.064930367977,850.5679253111493,810.0646907725232,846.0675659179688,1202800,0.0,0.0
2002-08-16 00:00:00+09:00,856.5681842445081,864.0687813044425,853.5679454205343,861.0685424804688,1377800,0.0,0.0
2002-08-19 00:00:00+09:00,862.5685696915242,862.5685696915242,843.0670194202376,844.567138671875,968800,0.0,0.0
2002-08-20 00:00:00+09:00,853.5675659179686,858.0679221530371,840.0664972127636,853.5675659179688,809000,0.0,0.0
2002-08-21 00:00:00+09:00,829.5659980773925,855.0680269513811,829.5659980773925,840.0668334960938,1202200,0.0,0.0
2002-08-22 00:00:00+09:00,840.0666995700316,840.0666995700316,814.5646747616556,834.0662231445312,928000,0.0,0.0
2002-08-23 00:00:00+09:00,834.0662231445312,834.0662231445312,834.0662231445312,834.0662231445312,0,0.0,0.0
2002-08-26 00:00:00+09:00,828.0656716902911,856.5679321289062,828.0656716902911,856.5679321289062,963200,0.0,0.0
2002-08-27 00:00:00+09:00,855.0679473326095,855.0679473326095,828.0658016273692,831.0660400390625,643600,0.0,0.0
2002-08-28 00:00:00+09:00,825.0655459661554,838.5666185365105,816.0648309192518,822.0653076171875,732800,0.0,0.0
2002-08-29 00:00:00+09:00,825.065432789105,849.0673362884245,820.5650758829827,826.5655517578125,1163400,0.0,0.0
2002-08-30 00:00:00+09:00,829.565665997604,855.0676846629915,825.0653097625357,853.5675659179688,1679600,0.0,0.0
2002-09-02 00:00:00+09:00,865.5688612895324,877.5698160387807,859.5683839149083,873.0694580078125,1956800,0.0,0.0
2002-09-03 00:00:00+09:00,876.0694787448008,877.5695977152542,856.5679321289062,856.5679321289062,1125400,0.0,0.0
2002-09-04 00:00:00+09:00,826.5653923882378,844.5668165418837,825.0652737087673,837.0662231445312,948400,0.0,0.0
2002-09-05 00:00:00+09:00,840.066650390625,876.0695068359375,840.066650390625,870.0690307617188,1063600,0.0,0.0
2002-09-06 00:00:00+09:00,810.0644198330966,837.0665671608665,787.5626303932884,825.0656127929688,3103600,0.0,0.0
2002-09-09 00:00:00+09:00,814.5648084651119,814.5648084651119,798.0634955864449,808.5643310546875,1155800,0.0,0.0
2002-09-10 00:00:00+09:00,801.0636955915179,805.5640534319197,783.0622642299107,787.5626220703125,1341200,0.0,0.0
2002-09-11 00:00:00+09:00,786.0624999999999,787.5626192748091,768.06106870229,786.0625,1853200,0.0,0.0
2002-09-12 00:00:00+09:00,787.5624908798043,790.5627289402987,778.5617766983207,783.0621337890625,1124000,0.0,0.0
2002-09-13 00:00:00+09:00,771.0611022378797,813.0644307644568,768.0608644859814,802.5635986328125,2039800,0.0,0.0
2002-09-16 00:00:00+09:00,802.5635986328126,802.5635986328126,802.5635986328126,802.5635986328125,0,0.0,0.0
2002-09-17 00:00:00+09:00,816.0647004013762,838.5664844197966,813.0644625322535,817.5648193359375,1659800,0.0,0.0
2002-09-18 00:00:00+09:00,799.5633766456887,813.0644467954282,793.5629010235822,810.064208984375,692800,0.0,0.0
2002-09-19 00:00:00+09:00,801.0635157083877,831.0658945738704,789.0625641621947,790.5626831054688,750800,0.0,0.0
2002-09-20 00:00:00+09:00,790.5626684230554,804.0637386617793,753.0596955377111,754.559814453125,2191200,0.0,0.0
2002-09-23 00:00:00+09:00,754.559814453125,754.559814453125,754.559814453125,754.559814453125,0,0.0,0.0
2002-09-24 00:00:00+09:00,762.0604791097314,789.0626220703125,736.558455202516,789.0626220703125,2688600,0.0,0.0
2002-09-25 00:00:00+09:00,753.0598411092952,754.5599603146923,714.0567417689732,735.0584106445312,2687600,0.0,0.0
2002-09-26 00:00:00+09:00,703.5557509509757,708.0561075668669,682.5540867434839,687.054443359375,3983600,0.0,0.0
2002-09-27 00:00:00+09:00,693.055162425636,709.5564758167226,670.5533714377907,685.5545654296875,2979600,0.0,0.0
2002-09-30 00:00:00+09:00,687.0544951386504,697.5553280337826,675.0535432584993,682.5541381835938,2770800,0.0,0.0
2002-10-01 00:00:00+09:00,660.0525352372551,672.0534904233871,643.5512218563238,651.0518188476562,1997400,0.0,0.0
2002-10-02 00:00:00+09:00,648.0515989458733,649.5517183878776,624.0496878738039,627.0499267578125,2650600,0.0,0.0
2002-10-03 00:00:00+09:00,603.0477600405604,636.0503737741234,582.0460967555657,594.6470947265625,3700800,0.0,0.0
2002-10-04 00:00:00+09:00,576.6458331277239,609.048408558418,564.0448315713429,593.7471923828125,3630800,0.0,0.0
2002-10-07 00:00:00+09:00,579.0459523336654,586.546547571148,544.8432380507442,569.4451904296875,2282000,0.0,0.0
2002-10-08 00:00:00+09:00,569.7451025874195,597.9473351536215,560.1443425648827,590.7467651367188,2118800,0.0,0.0
2002-10-09 00:00:00+09:00,564.044677734375,577.5457471482297,549.6435370262633,564.044677734375,1670000,0.0,0.0
2002-10-10 00:00:00+09:00,543.3431256387086,547.2434352098313,534.0423874306467,542.4430541992188,1901400,0.0,0.0
2002-10-11 00:00:00+09:00,560.444610111297,560.444610111297,525.3418160090371,529.2421264648438,2279400,0.0,0.0
2002-10-14 00:00:00+09:00,529.2421264648438,529.2421264648438,529.2421264648438,529.2421264648438,0,0.0,0.0
2002-10-15 00:00:00+09:00,541.2429505191335,588.3466884523397,539.7428314766747,574.5455932617188,2487400,0.0,0.0
2002-10-16 00:00:00+09:00,601.5476754506429,613.5486265818278,570.9452500661214,576.045654296875,3741000,0.0,0.0
2002-10-17 00:00:00+09:00,564.0445888353431,564.0445888353431,541.842833742888,552.0436401367188,2833800,0.0,0.0
2002-10-18 00:00:00+09:00,558.044262146682,567.6450236459797,532.5422394141723,534.0423583984375,4720000,0.0,0.0
2002-10-21 00:00:00+09:00,525.0415207384873,525.0415207384873,487.23853124531627,500.4395751953125,5747400,0.0,0.0
2002-10-22 00:00:00+09:00,518.4411657714844,518.4411657714844,474.0376399993897,480.0381164550781,4806600,0.0,0.0
2002-10-23 00:00:00+09:00,438.0349546370968,471.0375882056452,417.03327872983874,465.037109375,13317800,0.0,0.0
2002-10-24 00:00:00+09:00,483.03839326516174,491.43906097412105,447.33555550208456,468.0372009277344,4715000,0.0,0.0
2002-10-25 00:00:00+09:00,465.03691814354886,507.0402526855468,459.33646559856345,507.0402526855469,3818800,0.0,0.0
2002-10-28 00:00:00+09:00,501.03982543945307,507.0403023908238,487.53875229886904,501.0398254394531,1462000,0.0,0.0
2002-10-29 00:00:00+09:00,483.0383990828399,489.0388760900801,468.33723041510126,471.0374450683594,1383400,0.0,0.0
2002-10-30 00:00:00+09:00,453.03591918945307,464.1367993285324,451.53580025173966,453.0359191894531,3379200,0.0,0.0
2002-10-31 00:00:00+09:00,462.03677203204177,462.03677203204177,431.1343126039247,444.03533935546875,2054800,0.0,0.0
2002-11-01 00:00:00+09:00,442.53523079159277,446.7355651855469,435.63468143009675,446.7355651855469,1105200,0.0,0.0
2002-11-04 00:00:00+09:00,446.7355651855469,446.7355651855469,446.7355651855469,446.7355651855469,0,0.0,0.0
2002-11-05 00:00:00+09:00,447.0355555004679,470.4374167951233,433.2344578138763,468.3372497558594,3734200,0.0,0.0
2002-11-06 00:00:00+09:00,467.73710495075846,472.5374857584635,452.4358911261987,453.635986328125,1932800,0.0,0.0
2002-11-07 00:00:00+09:00,462.0366902870707,465.03692853568805,363.6288757324219,363.6288757324219,9102000,0.0,0.0
2002-11-08 00:00:00+09:00,303.62408447265625,311.72472704257893,303.62408447265625,303.62408447265625,17581600,0.0,0.0
2002-11-11 00:00:00+09:00,291.9231297543174,297.0235338712993,271.2214895148026,285.0225830078125,21357200,0.0,0.0
2002-11-12 00:00:00+09:00,282.02238731777544,297.0235781325507,277.5220300733429,291.0231018066406,6579400,0.0,0.0
2002-11-13 00:00:00+09:00,291.02318668672126,291.62323449432273,277.22208711188705,279.92230224609375,2953600,0.0,0.0
2002-11-14 00:00:00+09:00,279.92219900156,292.5231983135273,267.3211996895926,277.22198486328125,3524000,0.0,0.0
2002-11-15 00:00:00+09:00,274.2217774743065,281.12232548514794,270.02144390249,280.52227783203125,2442800,0.0,0.0
2002-11-18 00:00:00+09:00,277.5220520999453,277.5220520999453,260.42069321378654,261.62078857421875,3444600,0.0,0.0
2002-11-19 00:00:00+09:00,255.62025339226972,257.7204197933799,242.41920744243419,256.52032470703125,4203200,0.0,0.0
2002-11-20 00:00:00+09:00,258.02055726863944,286.5228281297101,257.72053336483873,279.92230224609375,3715200,0.0,0.0
2002-11-21 00:00:00+09:00,294.92336747018913,297.0235338712993,280.5222264340049,285.0225830078125,3244400,0.0,0.0
2002-11-22 00:00:00+09:00,300.02379185945085,315.0249814524234,291.02307810366733,309.0245056152344,5165800,0.0,0.0
2002-11-25 00:00:00+09:00,306.9244239635037,330.9263339508745,299.1238032176082,319.22540283203125,3139400,0.0,0.0
2002-11-26 00:00:00+09:00,324.02573797052554,340.527048700506,319.2253566672585,330.0262145996094,5105200,0.0,0.0
2002-11-27 00:00:00+09:00,330.0260944819755,335.726545204846,322.525501425567,328.2259521484375,2249400,0.0,0.0
2002-11-28 00:00:00+09:00,336.02659381592827,356.12818469598824,336.02659381592827,355.52813720703125,3757200,0.0,0.0
2002-11-29 00:00:00+09:00,357.6283900193684,415.5329867255245,355.528223299456,395.7314147949219,9401600,0.0,0.0
2002-12-02 00:00:00+09:00,395.7314147949219,395.7314147949219,395.7314147949219,395.7314147949219,0,0.0,0.0
2002-12-03 00:00:00+09:00,387.6308399762294,395.7314844648967,375.6298851782037,387.0307922363281,2722800,0.0,0.0
2002-12-04 00:00:00+09:00,384.03054520259934,394.83140428642247,375.02982929941345,392.43121337890625,2127800,0.0,0.0
2002-12-05 00:00:00+09:00,390.93101202747806,405.0321306501116,384.03046461640207,396.9314880371094,1845600,0.0,0.0
2002-12-06 00:00:00+09:00,390.331074920414,392.7312660037063,379.53021504559854,381.03033447265625,1063400,0.0,0.0
2002-12-09 00:00:00+09:00,375.0298922179175,377.4300835281122,366.0291748046875,366.0291748046875,1879800,0.0,0.0
2002-12-10 00:00:00+09:00,354.0281016714621,363.0288161207365,350.7278397067281,357.6283874511719,3072600,0.0,0.0
2002-12-11 00:00:00+09:00,363.62884884172064,364.22889644707,349.52773011601033,353.42803955078125,1979600,0.0,0.0
2002-12-12 00:00:00+09:00,353.72813281355235,357.0283952910325,345.02744082746835,348.0276794433594,1391000,0.0,0.0
2002-12-13 00:00:00+09:00,339.0269422165891,354.02813435006647,339.0269422165891,352.52801513671875,1591600,0.0,0.0
2002-12-16 00:00:00+09:00,351.02786101892315,351.02786101892315,336.0266703770888,341.1270751953125,1483400,0.0,0.0
2002-12-17 00:00:00+09:00,339.0269865197122,340.5271059290914,329.4262222996849,330.3262939453125,2138000,0.0,0.0
2002-12-18 00:00:00+09:00,321.0255433569774,321.32556722927364,315.3250897833488,317.72528076171875,2998000,0.0,0.0
2002-12-19 00:00:00+09:00,317.42519779153446,330.92626953125,312.6248167285245,330.92626953125,1402800,0.0,0.0
2002-12-20 00:00:00+09:00,324.92591162109375,337.52691650390625,321.32562451171873,337.52691650390625,887000,0.0,0.0
2002-12-23 00:00:00+09:00,337.52691650390625,337.52691650390625,337.52691650390625,337.52691650390625,0,0.0,0.0
2002-12-24 00:00:00+09:00,340.5270693028087,349.2277609413826,339.02695005477864,347.1275939941406,746400,0.0,0.0
2002-12-25 00:00:00+09:00,335.12667767068615,345.0274658203125,335.12667767068615,345.0274658203125,871000,0.0,0.0
2002-12-26 00:00:00+09:00,352.5280791740319,352.5280791740319,349.52784020233804,350.7279357910156,572000,0.0,0.0
2002-12-27 00:00:00+09:00,350.7277990497736,358.528417334884,349.82772770918393,358.2283935546875,637000,0.0,0.0
2002-12-30 00:00:00+09:00,354.02816224709534,355.5282815786508,348.32770878718446,351.0279235839844,449600,0.0,0.0
2002-12-31 00:00:00+09:00,351.0279235839843,351.0279235839843,351.0279235839843,351.0279235839844,0,0.0,0.0
2003-01-01 00:00:00+09:00,351.0279235839843,351.0279235839843,351.0279235839843,351.0279235839844,0,0.0,0.0
2003-01-02 00:00:00+09:00,351.0279235839843,351.0279235839843,351.0279235839843,351.0279235839844,0,0.0,0.0
2003-01-03 00:00:00+09:00,351.0279235839843,351.0279235839843,351.0279235839843,351.0279235839844,0,0.0,0.0
2003-01-06 00:00:00+09:00,360.02847832177855,362.7286919091919,358.8283833940393,359.72845458984375,447400,0.0,0.0
2003-01-07 00:00:00+09:00,361.5286646133814,365.72899764623395,353.4280223357371,362.728759765625,929800,0.0,0.0
2003-01-08 00:00:00+09:00,360.02860260661294,360.02860260661294,346.5275300088649,351.3279113769531,942800,0.0,0.0
2003-01-09 00:00:00+09:00,349.527723691118,349.527723691118,324.0257009325386,335.4266052246094,1132800,0.0,0.0
2003-01-10 00:00:00+09:00,335.4266310603514,336.0266787008887,318.02524948476963,320.7254638671875,1276600,0.0,0.0
2003-01-13 00:00:00+09:00,320.7254638671875,320.7254638671875,320.7254638671875,320.7254638671875,0,0.0,0.0
2003-01-14 00:00:00+09:00,321.02543229323163,327.0259076631986,302.72398241483245,312.02471923828125,2332400,0.0,0.0
2003-01-15 00:00:00+09:00,288.02286317127215,290.123029881896,278.1220772497597,287.72283935546875,6681600,0.0,0.0
2003-01-16 00:00:00+09:00,290.7230749891212,295.5234560002935,285.6226701647507,289.5229797363281,3694800,0.0,0.0
2003-01-17 00:00:00+09:00,286.5227771931155,288.02289644543544,279.9222524829076,285.9227294921875,1872000,0.0,0.0
2003-01-20 00:00:00+09:00,283.2225288958449,285.0226720879795,270.3215026855469,270.3215026855469,2878200,0.0,0.0
2003-01-21 00:00:00+09:00,271.821515667412,275.121776895162,258.6204707564118,269.42132568359375,5479200,0.0,0.0
2003-01-22 00:00:00+09:00,264.0209189967105,264.0209189967105,255.02020584909536,256.52032470703125,5640200,0.0,0.0
2003-01-23 00:00:00+09:00,249.01972801800653,268.2212492145757,242.71922887538227,266.72113037109375,7817600,0.0,0.0
2003-01-24 00:00:00+09:00,275.72196759288335,286.5228281297101,270.0215134206692,279.92230224609375,7639000,0.0,0.0
2003-01-27 00:00:00+09:00,277.5220554848269,279.3221985474312,264.92105404659696,269.721435546875,2449200,0.0,0.0
2003-01-28 00:00:00+09:00,260.72068050234054,266.721156463269,256.8203711277371,258.6205139160156,1680400,0.0,0.0
2003-01-29 00:00:00+09:00,256.8204405785752,257.12046445775576,246.01958092807436,249.91989135742188,3185200,0.0,0.0
2003-01-30 00:00:00+09:00,247.5196196393269,253.52009526694692,243.01926291861184,246.01950073242188,1673600,0.0,0.0
2003-01-31 00:00:00+09:00,243.6193461621928,245.7195129394531,240.01906025831806,245.71951293945312,4945000,0.0,0.0
2003-02-03 00:00:00+09:00,249.01976112357022,264.6209991698662,243.31930876050055,263.1208801269531,4391200,0.0,0.0
2003-02-04 00:00:00+09:00,266.1211602599533,266.1211602599533,256.22037301240147,259.2206115722656,1936800,0.0,0.0
2003-02-05 00:00:00+09:00,255.02017857616957,257.1203447526792,249.31972752564343,253.82008361816406,1092000,0.0,0.0
2003-02-06 00:00:00+09:00,262.2208418030416,262.52086564949815,252.3200548699748,261.3207702636719,1760800,0.0,0.0
2003-02-07 00:00:00+09:00,255.32020231567094,257.72039223168196,252.0199411811558,253.82008361816406,1308800,0.0,0.0
2003-02-10 00:00:00+09:00,252.0200265931689,254.1201934814453,249.61983586371014,254.1201934814453,845400,0.0,0.0
2003-02-11 00:00:00+09:00,254.1201934814453,254.1201934814453,254.1201934814453,254.1201934814453,0,0.0,0.0
2003-02-12 00:00:00+09:00,262.5208191952463,266.12110471563824,258.3204860881224,265.52105712890625,2117200,0.0,0.0
2003-02-13 00:00:00+09:00,269.72145495483534,273.0217174737488,267.3212640319892,270.3215026855469,2678000,0.0,0.0
2003-02-14 00:00:00+09:00,273.3216009336529,284.7225019605232,241.21906383167612,247.51956176757812,20819000,0.0,0.0
2003-02-17 00:00:00+09:00,246.01955051633786,251.7200035161067,242.11924056912764,243.3193359375,5973400,0.0,0.0
2003-02-18 00:00:00+09:00,243.6193292645368,245.11944828710168,219.3174010989857,228.318115234375,9180400,0.0,0.0
2003-02-19 00:00:00+09:00,225.0179138183594,231.91846317545574,223.8178182779948,225.01791381835938,3845400,0.0,0.0
2003-02-20 00:00:00+09:00,224.11788731491913,224.11788731491913,213.91707316671665,216.9173126220703,2810800,0.0,0.0
2003-02-21 00:00:00+09:00,217.5173007550798,221.11758711240523,208.21656099865567,212.7169189453125,4057000,0.0,0.0
2003-02-24 00:00:00+09:00,207.3164238510473,210.61668530164283,199.8158296451483,201.31594848632812,2924200,0.0,0.0
2003-02-25 00:00:00+09:00,195.31550552845002,198.0157198905945,189.9150768041611,192.01524353027344,3774200,0.0,0.0
2003-02-26 00:00:00+09:00,186.01474428530094,210.01664677372685,186.01474428530094,202.51605224609375,5751800,0.0,0.0
2003-02-27 00:00:00+09:00,202.5160771608353,203.7161724328995,189.31502916812897,192.01524353027344,2756000,0.0,0.0
2003-02-28 00:00:00+09:00,219.01743089830552,222.01766967773435,210.91678619384763,222.01766967773438,8719200,0.0,0.0
2003-03-03 00:00:00+09:00,243.01929523275913,247.2196287306093,199.8158649691575,208.5165557861328,12014000,0.0,0.0
2003-03-04 00:00:00+09:00,211.51676074584438,214.5169984869202,204.31619016726245,210.31666564941406,1764800,0.0,0.0
2003-03-05 00:00:00+09:00,207.91656547717835,213.6170196533203,204.0162547250812,213.6170196533203,1837600,0.0,0.0
2003-03-06 00:00:00+09:00,216.01710838607593,216.01710838607593,209.71660939148205,213.31689453125,1312800,0.0,0.0
2003-03-07 00:00:00+09:00,211.51680656101394,211.81683040010756,207.01644897460938,207.01644897460938,1234800,0.0,0.0
2003-03-10 00:00:00+09:00,204.31623156470974,207.01644607878077,198.61577870167085,205.51632690429688,1811000,0.0,0.0
2003-03-11 00:00:00+09:00,198.91579350533246,209.71665107123286,198.91579350533246,208.5165557861328,1277200,0.0,0.0
2003-03-12 00:00:00+09:00,204.3163164504031,211.5168914794922,204.3163164504031,211.5168914794922,1388200,0.0,0.0
2003-03-13 00:00:00+09:00,213.0168926665267,216.31715438389543,210.01665474164605,212.1168212890625,1618600,0.0,0.0
2003-03-14 00:00:00+09:00,209.11664105427766,215.41714243467916,207.3164978027344,207.31649780273438,1806800,0.0,0.0
2003-03-17 00:00:00+09:00,207.61643749635613,208.51650875717849,201.0159149169922,201.0159149169922,1113600,0.0,0.0
2003-03-18 00:00:00+09:00,208.5165557861328,208.5165557861328,204.01619846700765,208.5165557861328,1086400,0.0,0.0
2003-03-19 00:00:00+09:00,205.5163297791412,207.316472813703,202.81611522729847,207.01644897460938,978200,0.0,0.0
2003-03-20 00:00:00+09:00,202.51612150616427,206.71645587814396,202.51612150616427,203.71621704101562,1400600,0.0,0.0
2003-03-21 00:00:00+09:00,203.7162170410156,203.7162170410156,203.7162170410156,203.71621704101562,0,0.0,0.0
2003-03-24 00:00:00+09:00,208.51652300476857,210.31666564941406,207.01640413423067,210.31666564941406,1617800,0.0,0.0
2003-03-25 00:00:00+09:00,204.3161827768991,208.81653922572949,202.51604019736695,208.21649169921875,1443400,0.0,0.0
2003-03-26 00:00:00+09:00,209.7166553207244,209.7166553207244,207.31646470188923,209.11660766601562,496200,0.0,0.0
2003-03-27 00:00:00+09:00,208.5165362337451,209.41660761317132,207.0164172680347,207.91648864746094,539400,0.0,0.0
2003-03-28 00:00:00+09:00,204.01617626811185,207.0164141544076,204.01617626811185,206.41636657714844,692400,0.0,0.0
2003-03-31 00:00:00+09:00,204.01616240045175,206.4163525463394,201.31594848632812,201.31594848632812,965800,0.0,0.0
2003-04-01 00:00:00+09:00,196.51560080051425,200.11588661670686,192.01524353027344,192.01524353027344,1133800,0.0,0.0
2003-04-02 00:00:00+09:00,203.71611490102916,203.71611490102916,190.51507063645582,195.0154266357422,1026800,0.0,0.0
2003-04-03 00:00:00+09:00,200.71596035533318,200.71596035533318,191.4152207872983,192.31529235839844,1209400,0.0,0.0
2003-04-04 00:00:00+09:00,191.1152123345269,193.21537950303818,187.51492575993612,189.01504516601562,1155200,0.0,0.0
2003-04-07 00:00:00+09:00,190.51512444019318,195.015481710434,189.61505298614503,192.01524353027344,881200,0.0,0.0
2003-04-08 00:00:00+09:00,193.51533622385185,194.11538377803433,189.0149795674832,192.61526489257812,849200,0.0,0.0
2003-04-09 00:00:00+09:00,189.61499943659857,195.91549783559947,188.41490450345552,195.0154266357422,1195200,0.0,0.0
2003-04-10 00:00:00+09:00,195.3154788863993,195.3154788863993,191.1151460071219,192.61526489257812,572200,0.0,0.0
2003-04-11 00:00:00+09:00,189.6150555054096,195.01548430144973,188.41496021740068,190.21510314941406,1466000,0.0,0.0
2003-04-14 00:00:00+09:00,195.01545774208387,195.01545774208387,183.61455405870052,186.6147918701172,1212600,0.0,0.0
2003-04-15 00:00:00+09:00,186.9148285009299,191.41518552743705,186.01475709562848,188.41494750976562,798800,0.0,0.0
2003-04-16 00:00:00+09:00,191.41520268662168,192.01525034394652,189.6150597146472,190.81515502929688,699800,0.0,0.0
2003-04-17 00:00:00+09:00,220.51749633706137,220.8175201416016,216.01713926895806,220.81752014160156,3940000,0.0,0.0
2003-04-18 00:00:00+09:00,225.0179075858962,231.91845675186372,210.91678537718005,213.01695251464844,6945400,0.0,0.0
2003-04-21 00:00:00+09:00,222.01766424309716,223.51778359609105,212.11687651333742,219.01742553710938,3365000,0.0,0.0
2003-04-22 00:00:00+09:00,219.61749773346978,219.91752163747725,212.71694794129792,213.6170196533203,1289600,0.0,0.0
2003-04-23 00:00:00+09:00,214.81702226102777,216.0171173574581,205.51628526369277,210.31666564941406,1667600,0.0,0.0
2003-04-24 00:00:00+09:00,208.51656817007756,210.31671120463938,207.01644897460938,207.01644897460938,570400,0.0,0.0
2003-04-25 00:00:00+09:00,205.51628566248812,205.51628566248812,198.015691295244,201.91600036621094,1044400,0.0,0.0
2003-04-28 00:00:00+09:00,200.41590213923035,201.61599736162097,193.81537841608204,194.1154022216797,685800,0.0,0.0
2003-04-29 00:00:00+09:00,194.11540222167972,194.11540222167972,194.11540222167972,194.1154022216797,0,0.0,0.0
2003-04-30 00:00:00+09:00,198.0157470703125,201.01598566228694,197.11567549272016,198.0157470703125,1337800,0.0,0.0
2003-05-01 00:00:00+09:00,199.5158194386682,208.51653309755548,196.21555776374285,206.41636657714844,1008200,0.0,0.0
2003-05-02 00:00:00+09:00,210.01664677372685,211.51676567925347,200.41588577835648,202.51605224609375,1536600,0.0,0.0
2003-05-05 00:00:00+09:00,202.51605224609375,202.51605224609375,202.51605224609375,202.51605224609375,0,0.0,0.0
2003-05-06 00:00:00+09:00,202.81609502568975,204.31621407173773,198.01571407833615,199.81585693359375,1759600,0.0,0.0
2003-05-07 00:00:00+09:00,205.81633111986065,216.91721195285604,202.81609305688892,212.41685485839844,4786200,0.0,0.0
2003-05-08 00:00:00+09:00,214.5170034903067,215.717098614728,198.31571931061922,202.51605224609375,5870800,0.0,0.0
2003-05-09 00:00:00+09:00,184.5145965865438,192.01518994372037,183.91454911796967,189.91502380371094,7597800,0.0,0.0
2003-05-12 00:00:00+09:00,188.1149664590525,194.41546772801598,186.31482323934864,193.51539611816406,3559600,0.0,0.0
2003-05-13 00:00:00+09:00,197.11565059957084,200.71593645527076,195.01548385041255,197.7156982421875,2265600,0.0,0.0
2003-05-14 00:00:00+09:00,198.01572206349582,198.9157935274208,195.91555531433752,197.7156982421875,1424400,0.0,0.0
2003-05-15 00:00:00+09:00,198.61575930564445,198.61575930564445,192.61528319369145,194.1154022216797,984800,0.0,0.0
2003-05-16 00:00:00+09:00,197.11566729452656,200.11590576171875,195.91557190764968,200.11590576171875,1451400,0.0,0.0
2003-05-19 00:00:00+09:00,196.51563055289265,198.0157498700903,195.015511235695,196.21560668945312,1127800,0.0,0.0
2003-05-20 00:00:00+09:00,202.21607562354157,205.21631413427662,199.51586096388004,204.91629028320312,3400000,0.0,0.0
2003-05-21 00:00:00+09:00,204.01620319911413,204.01620319911413,199.81586960383825,201.6160125732422,1825800,0.0,0.0
2003-05-22 00:00:00+09:00,201.91607109092462,202.5161188504816,197.41571289424726,202.21609497070312,1213600,0.0,0.0
2003-05-23 00:00:00+09:00,201.0159149169922,201.6159624242071,199.51579614895493,201.0159149169922,933000,0.0,0.0
2003-05-26 00:00:00+09:00,201.0159577104382,201.91602916287297,197.415671900699,199.51583862304688,1183000,0.0,0.0
2003-05-27 00:00:00+09:00,198.0157470703125,199.81589022549716,196.51562777432528,198.0157470703125,466800,0.0,0.0
2003-05-28 00:00:00+09:00,201.31597597964173,201.31597597964173,198.61576169675533,199.81585693359375,1261000,0.0,0.0
2003-05-29 00:00:00+09:00,201.3159698844831,207.01642208687534,200.11587468397948,204.3162078857422,1672600,0.0,0.0
2003-05-30 00:00:00+09:00,210.31672132842394,220.5175323486328,210.31672132842394,220.5175323486328,5949400,0.0,0.0
2003-06-02 00:00:00+09:00,229.5182104524269,229.81823425693986,222.31763914411547,228.318115234375,4419800,0.0,0.0
2003-06-03 00:00:00+09:00,226.51805484844095,226.81807876214748,219.61750483319042,221.4176483154297,2036200,0.0,0.0
2003-06-04 00:00:00+09:00,221.41754954828878,223.8177397872946,213.61693127151977,215.11705017089844,1554400,0.0,0.0
2003-06-05 00:00:00+09:00,216.9172942236127,220.51758126466854,215.1171507030848,218.71743774414062,1159000,0.0,0.0
2003-06-06 00:00:00+09:00,224.71786080274873,225.01788464894733,221.11757464836558,224.11781311035156,1582000,0.0,0.0
2003-06-09 00:00:00+09:00,225.0179697873564,228.9182812636706,224.41792186792347,227.7181854248047,1692200,0.0,0.0
2003-06-10 00:00:00+09:00,225.31793357726724,226.8180529752517,221.71764702210453,224.41786193847656,1181800,0.0,0.0
2003-06-11 00:00:00+09:00,229.81829514387772,241.21920273587165,229.81829514387772,234.918701171875,5300000,0.0,0.0
2003-06-12 00:00:00+09:00,242.41927414589344,254.42022831153173,238.518964042061,246.9196319580078,5758400,0.0,0.0
2003-06-13 00:00:00+09:00,252.92013186500185,268.22134980701264,246.91965424068388,264.6210632324219,9377200,0.0,0.0
2003-06-16 00:00:00+09:00,264.0209089006696,270.32140786307195,256.52031489780967,260.4206237792969,4794200,0.0,0.0
2003-06-17 00:00:00+09:00,269.4213976820731,269.4213976820731,249.91984885207899,254.72023010253906,3757400,0.0,0.0
2003-06-18 00:00:00+09:00,252.02006327899207,263.72099478837384,251.72003939413614,259.5206604003906,2258600,0.0,0.0
2003-06-19 00:00:00+09:00,262.5208753698012,262.5208753698012,255.02027893066403,255.02027893066406,1260200,0.0,0.0
2003-06-20 00:00:00+09:00,248.7197820456631,253.52016384630315,246.31959114534308,249.01980590820312,1774800,0.0,0.0
2003-06-23 00:00:00+09:00,252.02003195756922,253.22012734784334,248.4197457867468,250.51991271972656,902800,0.0,0.0
2003-06-24 00:00:00+09:00,246.01951655915593,249.3197783666568,241.81918334960938,241.81918334960938,1550000,0.0,0.0
2003-06-25 00:00:00+09:00,240.31899269797586,249.6197277462121,238.81887414180872,247.51956176757812,1500000,0.0,0.0
2003-06-26 00:00:00+09:00,246.01950073242188,246.91957207656486,240.6190726675638,246.01950073242188,1044000,0.0,0.0
2003-06-27 00:00:00+09:00,252.02003195756922,253.22012734784334,247.5196742440412,250.51991271972656,1222000,0.0,0.0
2003-06-30 00:00:00+09:00,250.81989870596882,258.3204937629655,250.51987490368896,255.92030334472656,1700200,0.0,0.0
2003-07-01 00:00:00+09:00,258.9205366841863,267.62122679292486,257.420417699921,267.02117919921875,3638800,0.0,0.0
2003-07-02 00:00:00+09:00,273.02163561313796,285.0225866291001,270.9214691853446,278.1220397949219,7017200,0.0,0.0
2003-07-03 00:00:00+09:00,296.1235403073062,297.6236595591162,279.0221808366715,282.6224670410156,6891200,0.0,0.0
2003-07-04 00:00:00+09:00,273.02165716466766,282.3223949362113,273.02165716466766,276.9219665527344,2801600,0.0,0.0
2003-07-07 00:00:00+09:00,282.9224429610654,306.9243469238281,282.9224429610654,306.9243469238281,5955800,0.0,0.0
2003-07-08 00:00:00+09:00,330.9263449243074,356.72839901632045,319.82546118704596,325.22589111328125,10733800,0.0,0.0
2003-07-09 00:00:00+09:00,330.0262480236235,339.02696387881326,312.02481631324406,315.0250549316406,3932200,0.0,0.0
2003-07-10 00:00:00+09:00,314.72497847481196,314.72497847481196,297.0235735844269,297.92364501953125,2731800,0.0,0.0
2003-07-11 00:00:00+09:00,283.2225174197635,289.22299448374156,276.92201650258653,277.5220642089844,3250600,0.0,0.0
2003-07-14 00:00:00+09:00,286.5227603004092,289.52299862816216,279.92223597935265,283.52252197265625,2748200,0.0,0.0
2003-07-15 00:00:00+09:00,292.5231843547248,292.8232081335501,278.4220667499329,279.6221618652344,2505400,0.0,0.0
2003-07-16 00:00:00+09:00,280.52226328565035,282.02238234065385,271.2215251446288,276.3219299316406,2103400,0.0,0.0
2003-07-17 00:00:00+09:00,270.0213655512384,270.0213655512384,253.82008361816406,253.82008361816406,2711600,0.0,0.0
2003-07-18 00:00:00+09:00,250.81986345563615,261.92074257986883,250.51983969552174,260.4206237792969,1859400,0.0,0.0
2003-07-21 00:00:00+09:00,260.4206237792969,260.4206237792969,260.4206237792969,260.4206237792969,0,0.0,0.0
2003-07-22 00:00:00+09:00,263.42093482776005,269.721435546875,261.3207679213884,269.721435546875,2057400,0.0,0.0
2003-07-23 00:00:00+09:00,276.02187822449883,292.2231623811542,275.72185444382006,286.2226867675781,3188000,0.0,0.0
2003-07-24 00:00:00+09:00,286.2226768264849,293.12322354242747,282.6223915833845,290.12298583984375,2850000,0.0,0.0
2003-07-25 00:00:00+09:00,284.12251169305097,290.1229871247944,279.9221788908306,285.0225830078125,1574000,0.0,0.0
2003-07-28 00:00:00+09:00,291.02313037062015,310.5246803439091,288.6229396046769,309.3245849609375,3802600,0.0,0.0
2003-07-29 00:00:00+09:00,312.0246853298611,324.025634765625,291.0230238172743,310.5245666503906,5614000,0.0,0.0
2003-07-30 00:00:00+09:00,300.6238317088278,306.32428360749816,297.02354629914123,299.4237365722656,2247600,0.0,0.0
2003-07-31 00:00:00+09:00,296.4235057597258,298.52367229850927,288.9229109783562,294.0233154296875,1758600,0.0,0.0
2003-08-01 00:00:00+09:00,300.92385784272227,303.0240243481052,295.52342968602335,297.62359619140625,1799400,0.0,0.0
2003-08-04 00:00:00+09:00,297.02357251906864,297.02357251906864,289.5229772534356,291.3231201171875,1477200,0.0,0.0
2003-08-05 00:00:00+09:00,287.122742867977,293.4232419277759,281.1222675729305,282.0223388671875,1976000,0.0,0.0
2003-08-06 00:00:00+09:00,273.02164013138236,277.5219968368447,272.42159257065407,274.5217590332031,1567600,0.0,0.0
2003-08-07 00:00:00+09:00,280.5222340783031,290.7230425902414,279.32213895925156,282.92242431640625,1998600,0.0,0.0
2003-08-08 00:00:00+09:00,296.42353277439025,309.0245331554878,289.2229611280488,307.5244140625,4635400,0.0,0.0
2003-08-11 00:00:00+09:00,310.52464873632425,314.42495833397857,302.42400572581147,302.7240295410156,1922800,0.0,0.0
2003-08-12 00:00:00+09:00,297.6236042612314,323.1256268037764,297.6236042612314,322.2255554199219,4384800,0.0,0.0
2003-08-13 00:00:00+09:00,328.22604302779195,348.6276617900313,325.5258287798485,339.9269714355469,8370200,0.0,0.0
2003-08-14 00:00:00+09:00,334.82660751342775,343.52729892730713,324.3257730484009,336.0267028808594,2707400,0.0,0.0
2003-08-15 00:00:00+09:00,336.02669059456167,323.4256896972656,321.6255467119376,323.4256896972656,2233000,0.0,0.0
2003-08-18 00:00:00+09:00,329.42620010172885,338.726939813162,327.9260807934332,338.12689208984375,2021800,0.0,0.0
2003-08-19 00:00:00+09:00,344.1273214424606,345.9274643619504,337.82682122424643,339.02691650390625,2312800,0.0,0.0
2003-08-20 00:00:00+09:00,337.5267878822658,339.32693075097126,330.926264030346,331.2262878417969,1315400,0.0,0.0
2003-08-21 00:00:00+09:00,325.2258174766116,334.82657961614257,322.5256031248685,334.2265319824219,1611600,0.0,0.0
2003-08-22 00:00:00+09:00,340.22694177441235,341.12701304894784,336.02660915991345,337.8267517089844,1751200,0.0,0.0
2003-08-25 00:00:00+09:00,339.32694032382125,339.6269641437362,335.1266068450118,339.02691650390625,1370400,0.0,0.0
2003-08-26 00:00:00+09:00,337.5267694004914,340.527007350718,328.52605554981164,337.22674560546875,1764400,0.0,0.0
2003-08-27 00:00:00+09:00,342.0271094240735,358.8284411150806,339.32689540230444,358.2283935546875,4558400,0.0,0.0
2003-08-28 00:00:00+09:00,358.52854056980294,371.4295675526494,343.2273225203804,345.0274658203125,3774000,0.0,0.0
2003-08-29 00:00:00+09:00,347.72751985059006,357.0282559294238,345.92737738371903,355.52813720703125,2199400,0.0,0.0
2003-09-01 00:00:00+09:00,363.028875233136,367.22920932674253,357.02839795655524,359.4285888671875,1985800,0.0,0.0
2003-09-02 00:00:00+09:00,369.029293742558,393.93127047477947,362.1287459733883,385.83062744140625,5940800,0.0,0.0
2003-09-03 00:00:00+09:00,397.83154137734255,412.23268314665813,390.63097049268475,391.23101806640625,6303800,0.0,0.0
2003-09-04 00:00:00+09:00,391.8311659464321,397.5316193560663,372.32961480821,372.629638671875,2996800,0.0,0.0
2003-09-05 00:00:00+09:00,369.0294423044464,378.0301604094329,356.1284130206324,364.5290832519531,2830200,0.0,0.0
2003-09-08 00:00:00+09:00,354.0281406525643,384.030525453629,348.0276636923513,372.0295715332031,2900400,0.0,0.0
2003-09-09 00:00:00+09:00,387.03081218088704,388.23090772253323,378.3301195039524,381.03033447265625,1945000,0.0,0.0
2003-09-10 00:00:00+09:00,369.0293245276626,372.0295629384566,366.0290861168686,367.5292053222656,2899000,0.0,0.0
2003-09-11 00:00:00+09:00,363.32883488854696,378.03000161814134,360.32859678046646,361.2286682128906,1674800,0.0,0.0
2003-09-12 00:00:00+09:00,361.5285969814526,369.029190279823,354.02800368308226,359.72845458984375,2561200,0.0,0.0
2003-09-15 00:00:00+09:00,359.72845458984375,359.72845458984375,359.72845458984375,359.72845458984375,0,0.0,0.0
2003-09-16 00:00:00+09:00,360.92861225883365,367.5291355087874,352.8279700884359,354.62811279296875,2016600,0.0,0.0
2003-09-17 00:00:00+09:00,360.6286816301017,365.1290395539383,347.4276317201812,348.0276794433594,3477200,0.0,0.0
2003-09-18 00:00:00+09:00,354.02810996263185,383.73046834085267,353.7280861406296,380.4302062988281,5460800,0.0,0.0
2003-09-19 00:00:00+09:00,384.33060736339337,387.03082240341723,360.0286720031788,365.7291259765625,2979800,0.0,0.0
2003-09-22 00:00:00+09:00,354.0281844483459,359.7286382657345,349.8278500565859,353.12811279296875,1726200,0.0,0.0
2003-09-23 00:00:00+09:00,353.12811279296875,353.12811279296875,353.12811279296875,353.12811279296875,0,0.0,0.0
2003-09-24 00:00:00+09:00,345.32754596910974,351.0280006810238,325.52596644351354,342.02728271484375,2572400,0.0,0.0
2003-09-25 00:00:00+09:00,327.0259589690174,334.82657817378293,321.02548265765927,324.32574462890625,1742800,0.0,0.0
2003-09-26 00:00:00+09:00,321.02549745018393,337.2267842373895,321.02549745018393,335.1266174316406,1777400,0.0,0.0
2003-09-29 00:00:00+09:00,335.426699937202,338.12691487408466,324.92586407154715,330.3262939453125,1111200,0.0,0.0
2003-09-30 00:00:00+09:00,332.12640671502976,343.8273370329035,326.72597733754964,340.22705078125,1881200,0.0,0.0
2003-10-01 00:00:00+09:00,339.0269635956863,352.52803736719596,336.0267249797953,348.0276794433594,1718600,0.0,0.0
2003-10-02 00:00:00+09:00,359.72863029791523,359.72863029791523,340.82712595365444,345.3274841308594,1637200,0.0,0.0
2003-10-03 00:00:00+09:00,346.52764169793375,346.52764169793375,340.5271630538137,342.02728271484375,1016800,0.0,0.0
2003-10-06 00:00:00+09:00,342.3270731357782,352.8279036000659,341.42700195312494,341.427001953125,1205400,0.0,0.0
2003-10-07 00:00:00+09:00,334.22660708987905,341.1271564283595,331.2263682470615,331.826416015625,2344800,0.0,0.0
2003-10-08 00:00:00+09:00,331.82641360781605,335.42670019307263,324.6258404373029,327.0260314941406,1945200,0.0,0.0
2003-10-09 00:00:00+09:00,325.82585022140796,334.52654051277153,322.5255883867528,326.7259216308594,1454200,0.0,0.0
2003-10-10 00:00:00+09:00,330.0261925959932,333.02643071050227,327.62600210438603,331.2262878417969,1491000,0.0,0.0
2003-10-13 00:00:00+09:00,331.2262878417969,331.2262878417969,331.2262878417969,331.2262878417969,0,0.0,0.0
2003-10-14 00:00:00+09:00,330.6262570936903,338.4268765895487,330.6262570936903,333.6264953613281,2310200,0.0,0.0
2003-10-15 00:00:00+09:00,339.6269602079556,339.92698402439373,330.92626953125,330.92626953125,1811600,0.0,0.0
2003-10-16 00:00:00+09:00,334.2265578130898,350.72786901571095,333.6265101329945,347.7276306152344,3129800,0.0,0.0
2003-10-17 00:00:00+09:00,407.73236083984375,407.73236083984375,407.73236083984375,407.73236083984375,1268200,0.0,0.0
2003-10-20 00:00:00+09:00,443.73527459321383,467.7371826171875,434.7345590842237,467.7371826171875,15564000,0.0,0.0
2003-10-21 00:00:00+09:00,453.33607781638557,465.6370567644146,393.0312785833654,426.0339050292969,12030000,0.0,0.0
2003-10-22 00:00:00+09:00,424.2336617539212,429.0340426507124,384.03047174329504,391.53106689453125,6213200,0.0,0.0
2003-10-23 00:00:00+09:00,375.0298351745852,385.53067055947355,369.0293578117918,372.3296203613281,3888400,0.0,0.0
2003-10-24 00:00:00+09:00,384.3305306489949,403.5320559897722,376.2298871458545,387.9308166503906,2866600,0.0,0.0
2003-10-27 00:00:00+09:00,375.929802461104,380.7301830192665,360.92861321684603,369.6293029785156,4067400,0.0,0.0
2003-10-28 00:00:00+09:00,369.6293704044118,388.8308961397059,369.6293704044118,382.5303955078125,2992200,0.0,0.0
2003-10-29 00:00:00+09:00,389.4309950627179,389.4309950627179,370.52949067985867,376.52996826171875,2492800,0.0,0.0
2003-10-30 00:00:00+09:00,375.02980134925065,378.03003976004464,366.329109957948,367.5292053222656,1416800,0.0,0.0
2003-10-31 00:00:00+09:00,369.0292767138391,373.22960994472834,363.6288482741244,365.12896728515625,1204400,0.0,0.0
2003-11-03 00:00:00+09:00,365.12896728515625,365.12896728515625,365.12896728515625,365.12896728515625,0,0.0,0.0
2003-11-04 00:00:00+09:00,369.02928888171357,374.42971749949476,366.02905076072403,371.12945556640625,1599800,0.0,0.0
2003-11-05 00:00:00+09:00,370.82939644805657,371.12942023159064,361.5286591585018,363.0287780761719,1457200,0.0,0.0
2003-11-06 00:00:00+09:00,360.9286186701302,361.52866624896666,345.92742919921875,345.92742919921875,2445200,0.0,0.0
2003-11-07 00:00:00+09:00,349.5278595470991,366.6292226322362,345.9275725818071,366.0291748046875,2061200,0.0,0.0
2003-11-10 00:00:00+09:00,360.92871387089286,365.7290957677626,352.52804555137084,355.82830810546875,1243000,0.0,0.0
2003-11-11 00:00:00+09:00,352.5279089541418,355.22812272485436,330.9261987884412,334.8265075683594,2542400,0.0,0.0
2003-11-12 00:00:00+09:00,336.3267354083247,348.02766554295863,333.9265446114767,347.1275939941406,1627200,0.0,0.0
2003-11-13 00:00:00+09:00,359.1285767555237,364.52900648117065,335.4266907374064,345.62750244140625,2761000,0.0,0.0
2003-11-14 00:00:00+09:00,350.42789143505183,350.42789143505183,321.62559898833524,325.5259094238281,2978800,0.0,0.0
2003-11-17 00:00:00+09:00,300.0237975457702,312.024749447601,294.32334539240054,297.0235595703125,3593800,0.0,0.0
2003-11-18 00:00:00+09:00,294.3232855656292,307.5243299742813,294.3232855656292,305.4241638183594,1697200,0.0,0.0
2003-11-19 00:00:00+09:00,298.82375035993573,309.3245849609375,295.52348805676377,309.3245849609375,1586000,0.0,0.0
2003-11-20 00:00:00+09:00,317.42524582635787,318.0252935500372,306.0243390764509,315.0250549316406,1226200,0.0,0.0
2003-11-21 00:00:00+09:00,303.0241115927109,308.42454130426415,301.8240161012546,304.52423095703125,1508400,0.0,0.0
2003-11-24 00:00:00+09:00,304.52423095703125,304.52423095703125,304.52423095703125,304.52423095703125,0,0.0,0.0
2003-11-25 00:00:00+09:00,315.02492268880206,317.4251125759548,309.62449544270834,310.5245666503906,813400,0.0,0.0
2003-11-26 00:00:00+09:00,307.52436271080603,313.52483808077295,307.52436271080603,312.02471923828125,1458000,0.0,0.0
2003-11-27 00:00:00+09:00,311.42480208774504,313.5249693465256,309.024610934853,309.9246826171875,1133200,0.0,0.0
2003-11-28 00:00:00+09:00,310.22455123765536,311.1246224694861,303.3240051269531,303.3240051269531,924400,0.0,0.0
2003-12-01 00:00:00+09:00,300.623873423381,327.0259700913027,296.72356368834716,323.7257080078125,1723400,0.0,0.0
2003-12-02 00:00:00+09:00,330.0262590904375,333.0264978094415,316.52518485491964,327.6260681152344,1983600,0.0,0.0
2003-12-03 00:00:00+09:00,321.3255419668042,326.4259473948487,315.9251126900512,317.42523193359375,1363400,0.0,0.0
2003-12-04 00:00:00+09:00,321.02542443626135,321.32544819741673,311.424664079289,314.1248779296875,1478800,0.0,0.0
2003-12-05 00:00:00+09:00,312.0247994217218,314.42499018650426,305.7242986641678,306.0243225097656,1782400,0.0,0.0
2003-12-08 00:00:00+09:00,312.02477134146346,314.12493807164634,304.5241758765244,307.5244140625,1358800,0.0,0.0
2003-12-09 00:00:00+09:00,327.6260684004454,339.0269755425854,308.12451670994267,321.0255432128906,5251200,0.0,0.0
2003-12-10 00:00:00+09:00,312.0246769831731,313.5247956225153,303.32398887498846,304.22406005859375,2032600,0.0,0.0
2003-12-11 00:00:00+09:00,303.02405335621984,309.02452966030336,300.6238628345864,302.7240295410156,1231400,0.0,0.0
2003-12-12 00:00:00+09:00,308.7246196289062,308.7246196289062,297.3237104492187,300.02392578125,2293200,0.0,0.0
2003-12-15 00:00:00+09:00,306.0243390764509,316.5251742408389,303.62414818173363,315.0250549316406,1722600,0.0,0.0
2003-12-16 00:00:00+09:00,303.3240831129918,310.2246309978571,302.1239878286674,305.7242736816406,825000,0.0,0.0
2003-12-17 00:00:00+09:00,309.0244969894082,311.12466347380223,303.6240688866807,307.82440185546875,1176400,0.0,0.0
2003-12-18 00:00:00+09:00,313.8249936337107,313.8249936337107,303.62418122114263,306.6244201660156,768800,0.0,0.0
2003-12-19 00:00:00+09:00,309.0245890499923,311.7248039057689,304.2242070841672,304.52423095703125,816800,0.0,0.0
2003-12-22 00:00:00+09:00,299.42371696257686,303.0240021364756,294.3233129662203,298.82366943359375,1894200,0.0,0.0
2003-12-23 00:00:00+09:00,298.82366943359375,298.82366943359375,298.82366943359375,298.82366943359375,0,0.0,0.0
2003-12-24 00:00:00+09:00,297.92364084942744,297.92364084942744,289.52297423937307,289.822998046875,1814400,0.0,0.0
2003-12-25 00:00:00+09:00,282.0224089607856,294.023362533585,279.9222420855457,293.123291015625,1466600,0.0,0.0
2003-12-26 00:00:00+09:00,294.0233154296875,295.5234343859614,291.0230775171397,294.0233154296875,607400,0.0,0.0
2003-12-29 00:00:00+09:00,295.22332745379623,301.223801589036,294.02323262674827,300.32373046875,1195600,0.0,0.0
2003-12-30 00:00:00+09:00,307.22441789215685,308.12448942895026,302.4240363625919,306.0243225097656,753200,0.0,0.0
2003-12-31 00:00:00+09:00,306.0243225097656,306.0243225097656,306.0243225097656,306.0243225097656,0,0.0,0.0
2004-01-01 00:00:00+09:00,306.0243225097656,306.0243225097656,306.0243225097656,306.0243225097656,0,0.0,0.0
2004-01-02 00:00:00+09:00,306.0243225097656,306.0243225097656,306.0243225097656,306.0243225097656,0,0.0,0.0
2004-01-05 00:00:00+09:00,312.0247626981819,312.0247626981819,306.3243103027344,306.3243103027344,643600,0.0,0.0
2004-01-06 00:00:00+09:00,309.02455271393086,311.4247434146216,305.12424282530844,308.1244812011719,1584200,0.0,0.0
2004-01-07 00:00:00+09:00,307.22441789215685,308.12448942895026,303.32410789938535,306.0243225097656,737200,0.0,0.0
2004-01-08 00:00:00+09:00,303.6241863162019,310.5247360052064,303.6241863162019,309.6246643066406,1037600,0.0,0.0
2004-01-09 00:00:00+09:00,309.6245402811629,325.225776806958,309.6245402811629,323.1256103515625,2774000,0.0,0.0
2004-01-12 00:00:00+09:00,323.1256103515625,323.1256103515625,323.1256103515625,323.1256103515625,0,0.0,0.0
2004-01-13 00:00:00+09:00,327.0259756679216,334.8265952710097,318.6253084030576,323.4256896972656,3132400,0.0,0.0
2004-01-14 00:00:00+09:00,318.6252268228866,326.42584442872,316.525060544393,324.6257019042969,1026000,0.0,0.0
2004-01-15 00:00:00+09:00,324.02566204781516,324.32568580897055,313.22480664622134,314.1248779296875,1188800,0.0,0.0
2004-01-16 00:00:00+09:00,309.02459693344366,315.9251461853555,309.02459693344366,312.3248596191406,912200,0.0,0.0
2004-01-19 00:00:00+09:00,312.3247633713942,319.5253342848557,309.3245254907852,315.925048828125,1117400,0.0,0.0
2004-01-20 00:00:00+09:00,319.2253012201137,327.02591948301125,316.5250872060338,323.1256103515625,1419600,0.0,0.0
2004-01-21 00:00:00+09:00,322.8256808582808,324.92584792706145,320.4254899225315,321.3255615234375,859600,0.0,0.0
2004-01-22 00:00:00+09:00,323.1256197415865,323.1256197415865,315.3250012520032,315.925048828125,887000,0.0,0.0
2004-01-23 00:00:00+09:00,321.92556728212173,321.92556728212173,315.92509072513906,318.62530517578125,600200,0.0,0.0
2004-01-26 00:00:00+09:00,318.62530517578125,321.6255434542726,315.6250668972899,318.62530517578125,774200,0.0,0.0
2004-01-27 00:00:00+09:00,320.725471619988,320.725471619988,315.02501889708833,315.3250427246094,665800,0.0,0.0
2004-01-28 00:00:00+09:00,309.32454534215253,313.52487864456776,303.0240453885296,304.8241882324219,1430600,0.0,0.0
2004-01-29 00:00:00+09:00,297.9235777359688,303.3240051269531,297.9235777359688,303.3240051269531,1386000,0.0,0.0
2004-01-30 00:00:00+09:00,303.32404813458845,306.9243335723877,297.0235486184397,297.62359619140625,1572800,0.0,0.0
2004-02-02 00:00:00+09:00,297.62367653917914,302.4240584188433,297.62367653917914,301.52398681640625,1189000,0.0,0.0
2004-02-03 00:00:00+09:00,300.0237612142092,301.5238800202802,297.0235236020671,297.32354736328125,788200,0.0,0.0
2004-02-04 00:00:00+09:00,299.7238127823885,300.0238366190075,294.02335988662736,294.9234313964844,804200,0.0,0.0
2004-02-05 00:00:00+09:00,288.9228853272998,293.42324179657237,288.9228853272998,290.4230041503906,672400,0.0,0.0
2004-02-06 00:00:00+09:00,299.4238114790483,311.424765846946,296.4235728870739,310.22467041015625,3061800,0.0,0.0
2004-02-09 00:00:00+09:00,310.82470095205116,312.62484400775804,299.7238187751922,301.22393798828125,1766400,0.0,0.0
2004-02-10 00:00:00+09:00,300.62380873663756,304.2240938712081,294.6233335123534,297.32354736328125,942400,0.0,0.0
2004-02-11 00:00:00+09:00,297.32354736328125,297.32354736328125,297.32354736328125,297.32354736328125,0,0.0,0.0
2004-02-12 00:00:00+09:00,300.32386646042784,307.22441484063745,298.82374724733876,301.22393798828125,1035800,0.0,0.0
2004-02-13 00:00:00+09:00,307.2244101525262,316.5251491317531,306.0243148003679,314.7250061035156,3104600,0.0,0.0
2004-02-16 00:00:00+09:00,318.0253160524095,319.2254115846827,310.82474285877004,313.8249816894531,1036200,0.0,0.0
2004-02-17 00:00:00+09:00,317.7252752052163,323.4257286791531,315.0250604017725,318.0252990722656,1995800,0.0,0.0
2004-02-18 00:00:00+09:00,327.0259389041362,342.32715255928383,325.5258199183374,335.4266052246094,9288400,0.0,0.0
2004-02-19 00:00:00+09:00,340.2270478039253,340.52707165560423,329.1261652918043,332.12640380859375,3496600,0.0,0.0
2004-02-20 00:00:00+09:00,329.72621019089934,334.2265679278088,328.5261147943902,330.62628173828125,1177800,0.0,0.0
2004-02-23 00:00:00+09:00,330.0262203732052,333.6265064136402,327.6260296795819,333.0264587402344,1575400,0.0,0.0
2004-02-24 00:00:00+09:00,330.3262745913337,332.1264177771175,321.62558252671187,326.42596435546875,810400,0.0,0.0
2004-02-25 00:00:00+09:00,322.525562792878,326.4258719243268,319.2253012201137,323.1256103515625,863200,0.0,0.0
2004-02-26 00:00:00+09:00,321.0255538520463,327.32605537624534,319.225410559418,327.0260314941406,737200,0.0,0.0
2004-02-27 00:00:00+09:00,327.32605537624534,331.52638972571134,325.8259359657217,327.0260314941406,1200800,0.0,0.0
2004-03-01 00:00:00+09:00,332.7264238810368,335.12661449514707,330.6262570936903,333.6264953613281,1571000,0.0,0.0
2004-03-02 00:00:00+09:00,336.02666015625,360.028564453125,335.1265887451172,360.028564453125,6781600,0.0,0.0
2004-03-03 00:00:00+09:00,358.2284963754507,365.72909303322814,348.02768492087336,351.0279235839844,3517200,0.0,0.0
2004-03-04 00:00:00+09:00,349.52782617146016,361.2287576913631,349.52782617146016,353.12811279296875,1875000,0.0,0.0
2004-03-05 00:00:00+09:00,353.128110137002,355.5283011999553,348.6277518939646,351.62799072265625,1256400,0.0,0.0
2004-03-08 00:00:00+09:00,351.6279880553101,355.82832238361584,345.3274865628515,350.12786865234375,1872800,0.0,0.0
2004-03-09 00:00:00+09:00,348.0276303048861,354.0281066894531,345.6274397510593,354.0281066894531,946200,0.0,0.0
2004-03-10 00:00:00+09:00,351.3279113769531,352.8280305544807,348.927720692909,351.3279113769531,1044600,0.0,0.0
2004-03-11 00:00:00+09:00,350.7277811278233,350.7277811278233,342.6271394764535,344.12725830078125,1293600,0.0,0.0
2004-03-12 00:00:00+09:00,338.12688931551844,344.1273664994673,336.62677001953125,343.227294921875,1455000,0.0,0.0
2004-03-15 00:00:00+09:00,346.827583997003,350.7278941976613,345.6274885506466,348.0276794433594,1413400,0.0,0.0
2004-03-16 00:00:00+09:00,346.5274603556597,349.227674332457,342.3271275028638,346.8274841308594,925400,0.0,0.0
2004-03-17 00:00:00+09:00,346.5275847138805,353.128110137002,344.7274414166655,351.62799072265625,1227800,0.0,0.0
2004-03-18 00:00:00+09:00,356.7281928832589,359.4284062860758,346.8274104062635,349.22760009765625,1664000,0.0,0.0
2004-03-19 00:00:00+09:00,346.8274104062635,353.42793205759375,346.8274104062635,349.22760009765625,878000,0.0,0.0
2004-03-22 00:00:00+09:00,345.0274658203125,347.72768077021055,343.82737028702445,345.0274658203125,636000,0.0,0.0
2004-03-23 00:00:00+09:00,339.0269272137457,341.7271416782799,328.826117014394,335.1266174316406,2142000,0.0,0.0
2004-03-24 00:00:00+09:00,330.3262941972925,333.62655690044437,321.6256016162557,327.0260314941406,2396200,0.0,0.0
2004-03-25 00:00:00+09:00,329.72620220184325,337.226798248291,326.72596378326415,336.0267028808594,1634600,0.0,0.0
2004-03-26 00:00:00+09:00,336.0267278448372,339.32699035045613,334.8266323882485,336.3267517089844,1293000,0.0,0.0
2004-03-29 00:00:00+09:00,336.3266533239564,345.92741416817285,336.02662954757466,341.7270812988281,1352800,0.0,0.0
2004-03-30 00:00:00+09:00,345.9274956371364,346.2275194841764,340.82709023745616,342.32720947265625,869400,0.0,0.0
2004-03-31 00:00:00+09:00,342.3272177613812,345.02743245012124,339.32697921833665,340.22705078125,1041800,0.0,0.0
2004-04-01 00:00:00+09:00,345.0274462577624,363.0288782364282,342.02720759465143,351.0279235839844,4413800,0.0,0.0
2004-04-02 00:00:00+09:00,363.02882918392316,374.12971073748116,356.4283050169428,373.5296630859375,6257400,0.0,0.0
2004-04-05 00:00:00+09:00,379.53015622620075,384.03051380991064,369.029321864211,369.329345703125,3850800,0.0,0.0
2004-04-06 00:00:00+09:00,373.2296444536319,376.52990658304503,365.429024875019,369.92938232421875,2348600,0.0,0.0
2004-04-07 00:00:00+09:00,369.9294604832662,372.929699416626,365.72912597656244,365.7291259765625,1312800,0.0,0.0
2004-04-08 00:00:00+09:00,365.4290384347098,372.0295629384566,360.0286092952806,367.5292053222656,1718200,0.0,0.0
2004-04-09 00:00:00+09:00,360.3286688842261,363.02888372182645,351.92800050058054,357.32843017578125,2351200,0.0,0.0
2004-04-12 00:00:00+09:00,361.5287283028566,365.7290620756699,360.02860909828047,364.22894287109375,839600,0.0,0.0
2004-04-13 00:00:00+09:00,366.3290816048123,369.62934360125206,362.1287481547981,362.42877197265625,1040600,0.0,0.0
2004-04-14 00:00:00+09:00,361.2285875266483,364.82887245216307,360.0284925514767,360.6285400390625,783400,0.0,0.0
2004-04-15 00:00:00+09:00,361.5286551368496,363.6288215982255,352.8279655111495,358.2283935546875,1467000,0.0,0.0
2004-04-16 00:00:00+09:00,358.228438522642,364.52893869766336,357.0283432512094,362.42877197265625,1326800,0.0,0.0
2004-04-19 00:00:00+09:00,359.7285787711074,361.5287217841405,345.02741083133736,351.3279113769531,1714000,0.0,0.0
2004-04-20 00:00:00+09:00,349.52775774775324,356.12828192839754,348.9277100949674,355.22821044921875,1491400,0.0,0.0
2004-04-21 00:00:00+09:00,351.0279347145394,354.02817347278335,349.5278153354175,350.4278869628906,1201400,0.0,0.0
2004-04-22 00:00:00+09:00,356.4283585632478,360.0286450133816,352.5280482422695,357.32843017578125,1367000,0.0,0.0
2004-04-23 00:00:00+09:00,360.0285632096244,363.02880123637124,351.3278729320584,353.42803955078125,1346200,0.0,0.0
2004-04-26 00:00:00+09:00,353.1281074582765,356.12834626420914,349.8278447717505,350.12786865234375,946400,0.0,0.0
2004-04-27 00:00:00+09:00,350.42778131706007,353.42801917080203,348.0275910340665,349.5277099609375,691200,0.0,0.0
2004-04-28 00:00:00+09:00,349.5277099609375,350.7278051024343,347.12751967794395,349.5277099609375,891600,0.0,0.0
2004-04-29 00:00:00+09:00,349.5277099609375,349.5277099609375,349.5277099609375,349.5277099609375,0,0.0,0.0
2004-04-30 00:00:00+09:00,345.32736525486087,348.32760300685794,343.2271988284629,346.8274841308594,1105000,0.0,0.0
2004-05-03 00:00:00+09:00,346.8274841308594,346.8274841308594,346.8274841308594,346.8274841308594,0,0.0,0.0
2004-05-04 00:00:00+09:00,346.8274841308594,346.8274841308594,346.8274841308594,346.8274841308594,0,0.0,0.0
2004-05-05 00:00:00+09:00,346.8274841308594,346.8274841308594,346.8274841308594,346.8274841308594,0,0.0,0.0
2004-05-06 00:00:00+09:00,351.02786930050473,351.02786930050473,339.02691650390625,339.02691650390625,1171000,0.0,0.0
2004-05-07 00:00:00+09:00,335.42671571928884,344.72745649504725,333.3265484473434,339.3270263671875,1126600,0.0,0.0
2004-05-10 00:00:00+09:00,333.6265635634914,337.2268502206514,305.4243180824049,316.8252258300781,2435200,0.0,0.0
2004-05-11 00:00:00+09:00,315.0250549316406,328.22610485258554,310.5246970040458,315.0250549316406,2048400,0.0,0.0
2004-05-12 00:00:00+09:00,324.02578193450637,326.1259490396375,315.9251373861437,321.0255432128906,1580000,0.0,0.0
2004-05-13 00:00:00+09:00,318.3253285063112,320.1254717400887,312.62487493268264,317.72528076171875,1219400,0.0,0.0
2004-05-14 00:00:00+09:00,313.52496670377855,316.2251817280216,305.7243455226319,308.424560546875,2055000,0.0,0.0
2004-05-17 00:00:00+09:00,308.4244638770518,310.5246304598721,291.0230836193971,297.0235595703125,2341000,0.0,0.0
2004-05-18 00:00:00+09:00,294.02344726562495,301.82406933593745,291.92327978515624,300.02392578125,1472600,0.0,0.0
2004-05-19 00:00:00+09:00,342.02714663382255,355.5282182114734,334.5265513129054,341.1270751953125,10462600,0.0,0.0
2004-05-20 00:00:00+09:00,335.12663958636045,338.72692577708233,326.72597180800943,333.9265441894531,3047200,0.0,0.0
2004-05-21 00:00:00+09:00,333.32649128873584,344.1273496923312,333.32649128873584,340.82708740234375,1962400,0.0,0.0
2004-05-24 00:00:00+09:00,342.02714168060544,347.42757023345706,342.02714168060544,344.72735595703125,2062600,0.0,0.0
2004-05-25 00:00:00+09:00,342.02714663382255,343.527265698006,338.1268370669456,341.1270751953125,1233000,0.0,0.0
2004-05-26 00:00:00+09:00,343.52740237587375,345.32754596910974,341.7272587826377,342.02728271484375,1131200,0.0,0.0
2004-05-27 00:00:00+09:00,337.82679389583905,342.0271270348637,334.8265559393929,340.5270080566406,1301000,0.0,0.0
2004-05-28 00:00:00+09:00,335.726706794773,340.2270647947029,330.3262771948571,334.526611328125,2379200,0.0,0.0
2004-05-31 00:00:00+09:00,330.32618281578783,332.726373063314,325.52580232073547,329.72613525390625,1403800,0.0,0.0
2004-06-01 00:00:00+09:00,327.02592122543933,330.026159034847,325.52580232073547,329.72613525390625,1190600,0.0,0.0
2004-06-02 00:00:00+09:00,325.52589532826516,336.326754528097,325.52589532826516,334.526611328125,1817600,0.0,0.0
2004-06-03 00:00:00+09:00,331.5263343579841,343.5272876379112,331.5263343579841,336.6267395019531,1348000,0.0,0.0
2004-06-04 00:00:00+09:00,333.3264300436531,347.4275481463099,333.3264300436531,345.92742919921875,2643200,0.0,0.0
2004-06-07 00:00:00+09:00,344.1272963248035,357.0283196395085,344.1272963248035,353.7280578613281,2632000,0.0,0.0
2004-06-08 00:00:00+09:00,357.02843158150205,358.52855104192855,353.4281448764785,354.3282165527344,2555600,0.0,0.0
2004-06-09 00:00:00+09:00,354.3281121826172,363.0288024902344,354.3281121826172,360.028564453125,2737800,0.0,0.0
2004-06-10 00:00:00+09:00,360.9285940775057,371.42942599164763,360.9285940775057,369.02923583984375,4241200,0.0,0.0
2004-06-11 00:00:00+09:00,368.7293004848222,370.2294196893984,363.92891903017846,364.22894287109375,1222400,0.0,0.0
2004-06-14 00:00:00+09:00,366.92915499181305,372.02956025335095,366.0290834750711,369.329345703125,1280800,0.0,0.0
2004-06-15 00:00:00+09:00,366.3290396950462,368.4292061797844,360.9286115914337,363.0287780761719,912800,0.0,0.0
2004-06-16 00:00:00+09:00,366.92915764010684,370.829467574139,365.4290384347098,367.5292053222656,1449400,0.0,0.0
2004-06-17 00:00:00+09:00,366.6291118028981,369.9293738567703,364.2289212182637,368.7292785644531,934800,0.0,0.0
2004-06-18 00:00:00+09:00,368.72941751153394,371.4296329367608,366.02920208630707,367.829345703125,1433800,0.0,0.0
2004-06-21 00:00:00+09:00,369.9293306790865,378.63002053285254,369.9293306790865,374.4296875,3079000,0.0,0.0
2004-06-22 00:00:00+09:00,377.7300002859823,389.13090577515413,375.9298573140078,381.63031005859375,4300000,0.0,0.0
2004-06-23 00:00:00+09:00,391.23101806640625,399.631684098507,387.6307326240774,391.23101806640625,5033000,0.0,0.0
2004-06-24 00:00:00+09:00,394.23123715147204,398.4315699673934,392.1310707435114,393.93121337890625,3022200,0.0,0.0
2004-06-25 00:00:00+09:00,395.4314052756353,402.03192949116186,394.53133379169986,399.9317626953125,2500600,0.0,0.0
2004-06-28 00:00:00+09:00,405.3322066155033,419.7333508919979,404.4321350982224,414.03289794921875,4667600,0.0,0.0
2004-06-29 00:00:00+09:00,414.03292008284683,414.03292008284683,403.5320851532094,409.5325622558594,2706400,0.0,0.0
2004-06-30 00:00:00+09:00,406.83236650739394,423.6337031773158,405.3322471618652,420.0334167480469,4586800,0.0,0.0
2004-07-01 00:00:00+09:00,423.0336160487647,424.5337352546114,414.0329008136846,415.53302001953125,3557600,0.0,0.0
2004-07-02 00:00:00+09:00,403.8322495480801,428.73423819034656,403.8322495480801,423.0337829589844,4244400,0.0,0.0
2004-07-05 00:00:00+09:00,420.03326855750186,425.73372005935363,415.2328883454161,416.4329833984375,1420200,0.0,0.0
2004-07-06 00:00:00+09:00,411.3326776434905,418.53324968101333,411.03265380859375,411.03265380859375,2246200,0.0,0.0
2004-07-07 00:00:00+09:00,399.03169121137705,404.73214394296815,397.5315720714847,399.9317626953125,2413200,0.0,0.0
2004-07-08 00:00:00+09:00,402.0319063019843,406.5322634620811,393.33121579246375,394.53131103515625,2130800,0.0,0.0
2004-07-09 00:00:00+09:00,390.33093921802663,409.8324849898727,390.33093921802663,405.0321044921875,3217200,0.0,0.0
2004-07-12 00:00:00+09:00,416.1329596351822,423.9335774798215,412.5326744761179,416.4329833984375,4223000,0.0,0.0
2004-07-13 00:00:00+09:00,420.0334167480468,422.7336315699986,416.13310644967214,420.0334167480469,3303400,0.0,0.0
2004-07-14 00:00:00+09:00,420.9334462483724,421.8335177656533,406.8323258109715,414.03289794921875,2180800,0.0,0.0
2004-07-15 00:00:00+09:00,414.6328837894192,415.2329313781159,402.33190822113687,410.7325744628906,1388800,0.0,0.0
2004-07-16 00:00:00+09:00,409.53252913393646,417.33314873648766,403.8320763474568,411.3326721191406,2178800,0.0,0.0
2004-07-19 00:00:00+09:00,411.3326721191406,411.3326721191406,411.3326721191406,411.3326721191406,0,0.0,0.0
2004-07-20 00:00:00+09:00,410.7327069913509,417.0332087056083,408.93256364442016,416.7331848144531,1555400,0.0,0.0
2004-07-21 00:00:00+09:00,420.0334001080275,421.8335432513476,415.53304224972715,420.9334716796875,3606400,0.0,0.0
2004-07-22 00:00:00+09:00,417.0333037680768,426.6340704735289,416.433255848986,423.0337829589844,2639800,0.0,0.0
2004-07-23 00:00:00+09:00,426.0337735104816,426.0337735104816,419.1332264747484,421.5334167480469,1895600,0.0,0.0
2004-07-26 00:00:00+09:00,416.43299898548645,434.4344254545997,416.43299898548645,432.3342590332031,3853000,0.0,0.0
2004-07-27 00:00:00+09:00,434.43449232313367,446.73546897040467,432.03430175781244,432.0343017578125,5432400,0.0,0.0
2004-07-28 00:00:00+09:00,444.035314388417,446.4355052770031,439.5349564723182,443.73529052734375,1766800,0.0,0.0
2004-07-29 00:00:00+09:00,441.33504362420723,444.9353295001355,435.33456716432676,436.8346862792969,1759800,0.0,0.0
2004-07-30 00:00:00+09:00,442.5352063785304,442.5352063785304,433.5344903165942,436.53472900390625,1297600,0.0,0.0
2004-08-02 00:00:00+09:00,440.1350289422112,444.6353871113545,438.03486179661104,444.03533935546875,1541200,0.0,0.0
2004-08-03 00:00:00+09:00,450.03578042856174,457.53637676903776,440.4350171127524,447.6355895996094,3781200,0.0,0.0
2004-08-04 00:00:00+09:00,441.6352009760332,445.23548794051175,429.3342205140649,442.8352966308594,2125000,0.0,0.0
2004-08-05 00:00:00+09:00,436.83446969696973,447.63532196969703,436.83446969696973,445.53515625,1689600,0.0,0.0
2004-08-06 00:00:00+09:00,435.0345595699739,437.7347740776496,430.8342258913672,432.6343688964844,2616800,0.0,0.0
2004-08-09 00:00:00+09:00,420.6334450737308,426.03387446840065,417.6332065211364,422.7336120605469,2114200,0.0,0.0
2004-08-10 00:00:00+09:00,416.73308114005135,432.03429578234267,416.73308114005135,429.0340576171875,1968600,0.0,0.0
2004-08-11 00:00:00+09:00,435.03459301329497,435.03459301329497,424.23373415227525,427.53399658203125,1062200,0.0,0.0
2004-08-12 00:00:00+09:00,426.03368599426574,429.03392321957745,420.9332827112358,426.3337097167969,1088000,0.0,0.0
2004-08-13 00:00:00+09:00,420.3332485428512,429.03393677107584,418.23308241879704,418.8331298828125,1356400,0.0,0.0
2004-08-16 00:00:00+09:00,417.93315357538745,417.93315357538745,396.3314399663222,408.6324157714844,1814800,0.0,0.0
2004-08-17 00:00:00+09:00,414.63285849944884,417.3330724838881,408.33235920242396,410.4325256347656,1326600,0.0,0.0
2004-08-18 00:00:00+09:00,408.0323049061334,410.1324711813856,396.6314022690503,402.0318298339844,1465400,0.0,0.0
2004-08-19 00:00:00+09:00,402.63187849495165,408.03230607536085,400.8317359681486,405.33209228515625,820000,0.0,0.0
2004-08-20 00:00:00+09:00,400.83179226227026,415.23293449923807,400.83179226227026,412.2326965332031,1119600,0.0,0.0
2004-08-23 00:00:00+09:00,415.2329686446156,423.6336356403159,415.2329686446156,417.0331115722656,1336400,0.0,0.0
2004-08-24 00:00:00+09:00,417.033164284446,419.1333312988281,408.6324962269176,412.5328063964844,582400,0.0,0.0
2004-08-25 00:00:00+09:00,412.532884247449,415.53312340561223,408.63257334183675,411.6328125,829400,0.0,0.0
2004-08-26 00:00:00+09:00,414.93294482334056,421.8334927126658,412.8327780744155,417.0331115722656,828600,0.0,0.0
2004-08-27 00:00:00+09:00,419.7333293279916,424.53371050686786,417.3331387385535,421.83349609375,1122800,0.0,0.0
2004-08-30 00:00:00+09:00,423.0336198113782,433.834478189541,422.7335959675403,433.5344543457031,1612000,0.0,0.0
2004-08-31 00:00:00+09:00,431.73425354003905,435.0345153808594,429.9341107177735,435.0345153808594,1940000,0.0,0.0
2004-09-01 00:00:00+09:00,435.9346591871612,442.53518396494337,435.3346114800901,441.0350646972656,1735800,0.0,0.0
2004-09-02 00:00:00+09:00,438.6348463983051,442.53515625,432.0343220338983,442.53515625,1378800,0.0,0.0
2004-09-03 00:00:00+09:00,442.53511169682383,447.0354687649271,439.8348974559618,441.6350402832031,1589400,0.0,0.0
2004-09-06 00:00:00+09:00,447.03549320574115,459.3364698644226,447.03549320574115,456.936279296875,4826400,0.0,0.0
2004-09-07 00:00:00+09:00,460.53647607641534,470.437260252651,460.53647607641534,466.83697509765625,2995400,0.0,0.0
2004-09-08 00:00:00+09:00,460.2366608062348,465.9371148840174,457.8364696155895,462.03680419921875,1991400,0.0,0.0
2004-09-09 00:00:00+09:00,456.03628826267334,457.8364315058155,450.63585853324696,454.23614501953125,1427400,0.0,0.0
2004-09-10 00:00:00+09:00,442.8351800847458,449.7357282838983,420.0333686440678,442.53515625,2234200,0.0,0.0
2004-09-13 00:00:00+09:00,443.4354648964078,459.9367846320657,443.4354648964078,459.0367126464844,1941600,0.0,0.0
2004-09-14 00:00:00+09:00,458.1363745806488,460.5365651481964,452.43592198272324,456.936279296875,1027600,0.0,0.0
2004-09-15 00:00:00+09:00,456.6362665039705,459.3364809576733,454.23607587845686,456.33624267578125,3476600,0.0,0.0
2004-09-16 00:00:00+09:00,450.03586544021255,453.0361045431473,429.63423954025626,439.8350524902344,2030200,0.0,0.0
2004-09-17 00:00:00+09:00,443.43525552555,447.3355656215123,439.2349215760523,441.0350646972656,3185400,0.0,0.0
2004-09-20 00:00:00+09:00,441.0350646972656,441.0350646972656,441.0350646972656,441.0350646972656,0,0.0,0.0
2004-09-21 00:00:00+09:00,441.03508672406593,446.4355163574219,441.03508672406593,446.4355163574219,1761800,0.0,0.0
2004-09-22 00:00:00+09:00,440.4350110316661,443.7352733759088,428.134033203125,428.134033203125,3249400,0.0,0.0
2004-09-23 00:00:00+09:00,428.134033203125,428.134033203125,428.134033203125,428.134033203125,0,0.0,0.0
2004-09-24 00:00:00+09:00,416.13312888673846,446.7355651855469,415.53308111617355,446.7355651855469,3441200,0.0,0.0
2004-09-27 00:00:00+09:00,446.7355651855469,446.7355651855469,446.7355651855469,446.7355651855469,0,0.0,0.0
2004-09-28 00:00:00+09:00,446.7355651855469,446.7355651855469,446.7355651855469,446.7355651855469,0,0.0,0.0
2004-09-29 00:00:00+09:00,446.7355651855469,446.7355651855469,446.7355651855469,446.7355651855469,0,0.0,0.0
2004-09-30 00:00:00+09:00,446.7355651855469,446.7355651855469,446.7355651855469,446.7355651855469,0,0.0,0.0
2004-10-01 00:00:00+09:00,1644.130810456285,1647.131049161497,1584.126036352041,1617.128662109375,5823200,0.0,0.0
2004-10-04 00:00:00+09:00,1617.1285286731115,1629.1294825037098,1596.1268594695648,1611.1280517578125,4206800,0.0,0.0
2004-10-05 00:00:00+09:00,1620.1284431008733,1641.1301081040326,1614.1279673856848,1632.12939453125,4076800,0.0,0.0
2004-10-06 00:00:00+09:00,1626.1290038154916,1632.129479844331,1605.1273377145535,1614.1280517578125,1870800,0.0,0.0
2004-10-07 00:00:00+09:00,1608.128096509117,1611.1283354951415,1563.12451171875,1563.12451171875,3626800,0.0,0.0
2004-10-08 00:00:00+09:00,1566.1244427849265,1566.1244427849265,1530.1215820312502,1530.12158203125,3370800,0.0,0.0
2004-10-11 00:00:00+09:00,1530.1215820312502,1530.1215820312502,1530.1215820312502,1530.12158203125,0,0.0,0.0
2004-10-12 00:00:00+09:00,1521.1207966632153,1521.1207966632153,1488.1181758283133,1494.11865234375,3807200,0.0,0.0
2004-10-13 00:00:00+09:00,1464.1162697665661,1494.11865234375,1416.1124576430723,1494.11865234375,10082000,0.0,0.0
2004-10-14 00:00:00+09:00,1488.1180963799504,1524.1209535504331,1476.1171439897896,1515.1202392578125,5081600,0.0,0.0
2004-10-15 00:00:00+09:00,1497.1193847656248,1518.121059501816,1485.1184277735156,1497.119384765625,2141600,0.0,0.0
2004-10-18 00:00:00+09:00,1500.1191877486524,1500.1191877486524,1446.114896989701,1461.1160888671875,2508400,0.0,0.0
2004-10-19 00:00:00+09:00,1470.1168039936795,1476.117280744674,1443.1146586142038,1461.1160888671875,2976400,0.0,0.0
2004-10-20 00:00:00+09:00,1455.1153501400279,1461.1158258107084,1425.1129717866252,1452.1151123046875,2366400,0.0,0.0
2004-10-21 00:00:00+09:00,1440.1139734968353,1455.1151607207607,1419.1123113833398,1422.112548828125,2404400,0.0,0.0
2004-10-22 00:00:00+09:00,1422.1129031423793,1437.114094103797,1395.110759411828,1416.1124267578125,2076000,0.0,0.0
2004-10-25 00:00:00+09:00,1395.110633023985,1446.1146776721737,1371.1087296601315,1413.112060546875,2466400,0.0,0.0
2004-10-26 00:00:00+09:00,1440.1142578125,1452.1152099609376,1416.112353515625,1440.1142578125,2271600,0.0,0.0
2004-10-27 00:00:00+09:00,1446.1147338867188,1461.1159240722657,1428.1133056640626,1440.1142578125,2582000,0.0,0.0
2004-10-28 00:00:00+09:00,1446.1153755344974,1470.1172904811278,1443.1151361661684,1458.1163330078125,2213200,0.0,0.0
2004-10-29 00:00:00+09:00,1461.1157549106008,1479.1171810491298,1434.1136157028075,1476.116943359375,1619600,0.0,0.0
2004-11-01 00:00:00+09:00,1491.118689643012,1524.1213165767608,1467.11677914574,1512.120361328125,3986400,0.0,0.0
2004-11-02 00:00:00+09:00,1515.1205512152776,1515.1205512152776,1482.1179253472221,1485.1181640625,1278800,0.0,0.0
2004-11-03 00:00:00+09:00,1485.1181640625,1485.1181640625,1485.1181640625,1485.1181640625,0,0.0,0.0
2004-11-04 00:00:00+09:00,1494.118401817153,1512.1198283450703,1491.1181640625,1491.1181640625,2650400,0.0,0.0
2004-11-05 00:00:00+09:00,1500.1190185546875,1503.119256591797,1482.1175903320313,1500.1190185546875,2034000,0.0,0.0
2004-11-08 00:00:00+09:00,1515.1204208806457,1515.1204208806457,1482.1177978515623,1482.1177978515625,1487600,0.0,0.0
2004-11-09 00:00:00+09:00,1506.1195664405823,1542.1224246025088,1503.1193282604218,1536.1219482421875,4386000,0.0,0.0
2004-11-10 00:00:00+09:00,1554.123315336147,1575.1249817596085,1545.1226011546635,1566.124267578125,4966400,0.0,0.0
2004-11-11 00:00:00+09:00,1560.1238231169873,1566.1242993597448,1521.1207275390625,1521.1207275390625,3545600,0.0,0.0
2004-11-12 00:00:00+09:00,1548.1228981878523,1623.128852557419,1548.1228981878523,1596.126708984375,9245600,0.0,0.0
2004-11-15 00:00:00+09:00,1623.1286557798032,1632.129369212963,1614.1279423466435,1620.12841796875,3538800,0.0,0.0
2004-11-16 00:00:00+09:00,1617.1280319441612,1620.1282694802355,1599.126606727714,1608.1273193359375,2623200,0.0,0.0
2004-11-17 00:00:00+09:00,1611.1279933957287,1647.1308535833427,1599.1270399998573,1644.130615234375,4228400,0.0,0.0
2004-11-18 00:00:00+09:00,1668.1324462890625,1692.1343519910636,1659.1317316508123,1668.1324462890625,8592400,0.0,0.0
2004-11-19 00:00:00+09:00,1665.1320173631022,1671.1324931013476,1632.1294008027523,1635.129638671875,2130800,0.0,0.0
2004-11-22 00:00:00+09:00,1608.1274350175236,1623.1286237770153,1599.1267217618283,1605.127197265625,1248000,0.0,0.0
2004-11-23 00:00:00+09:00,1605.1271972656252,1605.1271972656252,1605.1271972656252,1605.127197265625,0,0.0,0.0
2004-11-24 00:00:00+09:00,1623.1291318620954,1680.1336669921873,1614.128415788923,1680.1336669921875,3198000,0.0,0.0
2004-11-25 00:00:00+09:00,1677.1330320066158,1680.1332699887387,1659.1316041138793,1665.132080078125,2000400,0.0,0.0
2004-11-26 00:00:00+09:00,1665.132080078125,1680.1332699887387,1662.1318420960022,1665.132080078125,1574400,0.0,0.0
2004-11-29 00:00:00+09:00,1659.1319188827122,1665.132395985362,1626.1292948181374,1638.1302490234375,1554000,0.0,0.0
2004-11-30 00:00:00+09:00,1632.1294008027523,1647.1305901483659,1608.1274978497709,1635.129638671875,1503600,0.0,0.0
2004-12-01 00:00:00+09:00,1620.12841796875,1623.1286557798032,1608.127466724537,1620.12841796875,1661600,0.0,0.0
2004-12-02 00:00:00+09:00,1635.1294571606081,1641.1299322327573,1608.1273193359375,1608.1273193359375,1326000,0.0,0.0
2004-12-03 00:00:00+09:00,1632.1294379537205,1662.1318173278698,1620.128486204061,1653.131103515625,2660000,0.0,0.0
2004-12-06 00:00:00+09:00,1641.1304875747624,1659.1319188827122,1629.1295333694625,1638.1302490234375,1612400,0.0,0.0
2004-12-07 00:00:00+09:00,1635.1297178587506,1644.1304319020098,1611.1278137433928,1614.1280517578125,1622400,0.0,0.0
2004-12-08 00:00:00+09:00,1644.1307484019885,1656.1317027698863,1638.1302712180398,1650.1312255859375,3903200,0.0,0.0
2004-12-09 00:00:00+09:00,1650.130963369087,1665.1321539451696,1641.1302490234375,1641.1302490234375,3199200,0.0,0.0
2004-12-10 00:00:00+09:00,1650.1311517072568,1650.1311517072568,1608.1278133001629,1611.1280517578125,2010000,0.0,0.0
2004-12-13 00:00:00+09:00,1635.129638671875,1644.1303522792432,1620.1284493262615,1635.129638671875,2494000,0.0,0.0
2004-12-14 00:00:00+09:00,1635.1298711225254,1638.1301094181629,1617.1284413486994,1629.12939453125,1266800,0.0,0.0
2004-12-15 00:00:00+09:00,1692.1344052475113,1710.1358350905698,1641.1303540255117,1695.1346435546875,9898000,0.0,0.0
2004-12-16 00:00:00+09:00,1683.1339056832448,1707.1358152117048,1680.1336669921873,1680.1336669921875,4128400,0.0,0.0
2004-12-17 00:00:00+09:00,1668.1325853924418,1680.1335392441858,1650.1311546148254,1677.13330078125,3178000,0.0,0.0
2004-12-20 00:00:00+09:00,1653.131464177912,1665.1324185458097,1650.1312255859375,1650.1312255859375,2218800,0.0,0.0
2004-12-21 00:00:00+09:00,1650.1312255859375,1656.1317027698863,1638.1302712180398,1650.1312255859375,3145600,0.0,0.0
2004-12-22 00:00:00+09:00,1653.1311158771757,1659.131591796875,1638.1299260779274,1659.131591796875,2434800,0.0,0.0
2004-12-23 00:00:00+09:00,1659.131591796875,1659.131591796875,1659.131591796875,1659.131591796875,0,0.0,0.0
2004-12-24 00:00:00+09:00,1650.13086557821,1659.1315793904548,1647.1306276407952,1653.131103515625,2447600,0.0,0.0
2004-12-27 00:00:00+09:00,1650.1311264313517,1677.133272136592,1650.1311264313517,1662.132080078125,1733200,0.0,0.0
2004-12-28 00:00:00+09:00,1665.1323184898185,1668.1325569015119,1656.1316032547384,1662.132080078125,1122400,0.0,0.0
2004-12-29 00:00:00+09:00,1671.1325436362738,1671.1325436362738,1653.1311158771757,1659.131591796875,1084400,0.0,0.0
2004-12-30 00:00:00+09:00,1665.1323693175511,1698.1349928535747,1665.1323693175511,1689.13427734375,2163600,0.0,0.0
2004-12-31 00:00:00+09:00,1689.13427734375,1689.13427734375,1689.13427734375,1689.13427734375,0,0.0,0.0
2005-01-03 00:00:00+09:00,1689.13427734375,1689.13427734375,1689.13427734375,1689.13427734375,0,0.0,0.0
2005-01-04 00:00:00+09:00,1674.1324462890623,1680.1329210069443,1665.1317342122395,1674.1324462890625,930400,0.0,0.0
2005-01-05 00:00:00+09:00,1671.1326845018127,1683.1336373528131,1665.1322080763125,1668.1324462890625,1774000,0.0,0.0
2005-01-06 00:00:00+09:00,1665.1324735369,1692.1346217564173,1665.1324735369,1680.1336669921875,1964000,0.0,0.0
2005-01-07 00:00:00+09:00,1680.133378326789,1731.1374273117094,1680.133378326789,1719.136474609375,5203600,0.0,0.0
2005-01-10 00:00:00+09:00,1719.136474609375,1719.136474609375,1719.136474609375,1719.136474609375,0,0.0,0.0
2005-01-11 00:00:00+09:00,1734.138014509871,1782.1418349807325,1734.138014509871,1776.141357421875,7668000,0.0,0.0
2005-01-12 00:00:00+09:00,1785.1421808265466,1788.142419785919,1752.1395522734508,1767.1407470703125,3930800,0.0,0.0
2005-01-13 00:00:00+09:00,1782.1418669327445,1800.143299932065,1770.140911599864,1794.142822265625,4068400,0.0,0.0
2005-01-14 00:00:00+09:00,1800.1430418734806,1869.1485251452973,1794.1425650672356,1851.1470947265625,7028000,0.0,0.0
2005-01-17 00:00:00+09:00,1872.1490792410716,1899.151229422433,1869.1488403320313,1890.1505126953125,5069200,0.0,0.0
2005-01-18 00:00:00+09:00,1890.1508316532259,1893.1510710685486,1842.1470010080648,1860.1484375,3714400,0.0,0.0
2005-01-19 00:00:00+09:00,1848.1478103936888,1857.1485302495023,1818.1454108743108,1836.1468505859375,2974400,0.0,0.0
2005-01-20 00:00:00+09:00,1809.1436884604211,1827.1451181963457,1806.1434501711003,1815.1441650390625,2810800,0.0,0.0
2005-01-21 00:00:00+09:00,1803.143888608871,1866.1489163306453,1803.143888608871,1860.1484375,2460000,0.0,0.0
2005-01-24 00:00:00+09:00,1863.1483103038736,1941.154519752989,1857.1478326539416,1929.153564453125,5295200,0.0,0.0
2005-01-25 00:00:00+09:00,1899.1509727915382,1923.1528808204991,1884.1497802734375,1884.1497802734375,2932400,0.0,0.0
2005-01-26 00:00:00+09:00,1896.1499436716301,1914.1513671875,1872.1480456504703,1914.1513671875,2492800,0.0,0.0
2005-01-27 00:00:00+09:00,1914.1517015791615,1926.152652686241,1893.1500371417726,1899.1505126953125,2363200,0.0,0.0
2005-01-28 00:00:00+09:00,1911.151641750633,1938.1537842557439,1899.150689526139,1926.15283203125,3597600,0.0,0.0
2005-01-31 00:00:00+09:00,1950.1551226339955,2004.159418337706,1950.1551226339955,2001.1591796875,5330400,0.0,0.0
2005-02-01 00:00:00+09:00,2001.159063282127,2013.1600171848684,1983.157632428015,2004.1593017578125,2898000,0.0,0.0
2005-02-02 00:00:00+09:00,1992.157908369855,1995.1581461836652,1965.1557680455649,1968.156005859375,2615600,0.0,0.0
2005-02-03 00:00:00+09:00,1971.1565636528865,1980.157278555411,1926.1529891402633,1944.1544189453125,3397600,0.0,0.0
2005-02-04 00:00:00+09:00,1995.1581461836652,2016.1598108803353,1941.1538655350846,1968.156005859375,4913600,0.0,0.0
2005-02-07 00:00:00+09:00,1992.1584138725304,1992.1584138725304,1956.1555509712196,1974.156982421875,2403600,0.0,0.0
2005-02-08 00:00:00+09:00,1965.1564678485577,1983.1579011418269,1947.1550345552885,1950.1552734375,2087600,0.0,0.0
2005-02-09 00:00:00+09:00,1959.1556104495203,1959.1556104495203,1926.1529891402633,1944.1544189453125,1323200,0.0,0.0
2005-02-10 00:00:00+09:00,1944.1549123049883,1947.1551513671873,1929.153716993993,1947.1551513671875,1290800,0.0,0.0
2005-02-11 00:00:00+09:00,1947.1551513671873,1947.1551513671873,1947.1551513671873,1947.1551513671875,0,0.0,0.0
2005-02-14 00:00:00+09:00,1977.1572650531389,2004.1594128307993,1959.1558332013653,1998.158935546875,2494400,0.0,0.0
2005-02-15 00:00:00+09:00,1992.1584746356505,2019.16062263523,1983.1577586357905,2007.15966796875,3148800,0.0,0.0
2005-02-16 00:00:00+09:00,1980.1578468714597,1998.1592818430183,1962.1564118999008,1986.1583251953125,2081200,0.0,0.0
2005-02-17 00:00:00+09:00,1974.157099104,1980.1575766088754,1950.1551890844985,1971.1568603515625,2756000,0.0,0.0
2005-02-18 00:00:00+09:00,1959.1552670718702,1965.1557426218606,1944.154078196894,1956.155029296875,2270000,0.0,0.0
2005-02-21 00:00:00+09:00,1956.1553721486787,1956.1553721486787,1938.1539423436295,1944.1544189453125,2092000,0.0,0.0
2005-02-22 00:00:00+09:00,1941.1544873583446,1959.1559200077265,1911.1520996093748,1911.152099609375,2487200,0.0,0.0
2005-02-23 00:00:00+09:00,1881.1489293715533,1941.153679909721,1872.1482167908282,1938.1534423828125,2305600,0.0,0.0
2005-02-24 00:00:00+09:00,1947.154762445494,1950.15500090843,1908.1516624273254,1935.15380859375,1720800,0.0,0.0
2005-02-25 00:00:00+09:00,1935.153009435119,1959.1549072265623,1908.1508744197452,1959.1549072265625,2618400,0.0,0.0
2005-02-28 00:00:00+09:00,1959.1557673183054,1965.1562444004442,1944.1545746129586,1962.156005859375,1336400,0.0,0.0
2005-03-01 00:00:00+09:00,1965.155580124988,1965.155580124988,1938.1534423828125,1938.1534423828125,1984000,0.0,0.0
2005-03-02 00:00:00+09:00,1956.154670002632,1962.1551444504928,1941.1534838829798,1959.1549072265625,2172000,0.0,0.0
2005-03-03 00:00:00+09:00,1950.15500090843,1956.1554778343022,1932.1535701308137,1935.15380859375,1973600,0.0,0.0
2005-03-04 00:00:00+09:00,1926.152813692048,1929.1530517196059,1908.151385526702,1917.152099609375,2524800,0.0,0.0
2005-03-07 00:00:00+09:00,1932.153308143497,1935.1535461996205,1914.1518798067564,1926.15283203125,2146800,0.0,0.0
2005-03-08 00:00:00+09:00,1923.1524137719277,1956.155029296875,1917.1519382219371,1956.155029296875,1627600,0.0,0.0
2005-03-09 00:00:00+09:00,1950.1549130394344,1977.1570579892111,1944.1544363839284,1953.1551513671875,2250800,0.0,0.0
2005-03-10 00:00:00+09:00,1941.1542099578471,1953.1551633424397,1887.1499197271805,1896.150634765625,4632400,0.0,0.0
2005-03-11 00:00:00+09:00,1887.1499960483648,1890.1502345158501,1851.147134438539,1872.1488037109375,5755200,0.0,0.0
2005-03-14 00:00:00+09:00,1848.1467862215911,1863.147977668195,1809.1436884604211,1815.1441650390625,4589200,0.0,0.0
2005-03-15 00:00:00+09:00,1815.1443151255123,1845.1467004994877,1803.1433609759222,1830.1455078125,3834400,0.0,0.0
2005-03-16 00:00:00+09:00,1851.1472659370008,1884.1498914237222,1833.1458338533348,1878.1494140625,2910400,0.0,0.0
2005-03-17 00:00:00+09:00,1881.149942328986,1929.1537686085137,1881.149942328986,1905.15185546875,5289600,0.0,0.0
2005-03-18 00:00:00+09:00,1932.1538401442308,1962.1562289663461,1917.152645733173,1950.1552734375,4832000,0.0,0.0
2005-03-21 00:00:00+09:00,1950.1552734375,1950.1552734375,1950.1552734375,1950.1552734375,0,0.0,0.0
2005-03-22 00:00:00+09:00,1965.156382846687,1995.1587703710638,1953.1554278369363,1971.1568603515625,5308000,0.0,0.0
2005-03-23 00:00:00+09:00,1974.1568196614583,1986.1577729724702,1935.1537214006694,1953.1551513671875,2384000,0.0,0.0
2005-03-24 00:00:00+09:00,1962.1558147447681,1989.157958984375,1959.1555764959228,1989.157958984375,2600800,0.0,0.0
2005-03-25 00:00:00+09:00,1998.1586737309106,2013.1598649751368,1977.1570059889941,1989.157958984375,3547600,0.0,0.0
2005-03-28 00:00:00+09:00,1968.0932150724673,1971.1025319150856,1947.027997174138,1953.046630859375,1379200,10.0,0.0
2005-03-29 00:00:00+09:00,1962.0745813872302,1977.1211656003225,1950.0373140167565,1953.046630859375,1478400,0.0,0.0
2005-03-30 00:00:00+09:00,1931.9816098420517,1953.0468298870585,1907.9070726477582,1938.000244140625,1772400,0.0,0.0
2005-03-31 00:00:00+09:00,1947.0272739152965,1962.0738525390625,1916.934116667765,1962.0738525390625,1445200,0.0,0.0
2005-04-01 00:00:00+09:00,1950.037200322042,1983.1396836608421,1928.9719836518966,1971.1024169921875,1532000,0.0,0.0
2005-04-04 00:00:00+09:00,1974.1118237820995,1995.1770414139207,1971.1025069775537,1992.167724609375,1883200,0.0,0.0
2005-04-05 00:00:00+09:00,1992.1669780452078,2007.2135564292348,1974.111083984375,1974.111083984375,1248000,0.0,0.0
2005-04-06 00:00:00+09:00,1992.1677246093748,2001.1956750230124,1986.149091000283,1992.167724609375,1722800,0.0,0.0
2005-04-07 00:00:00+09:00,1986.1483537734732,1992.1669851485442,1968.0924596482598,1983.1390380859375,1350800,0.0,0.0
2005-04-08 00:00:00+09:00,1983.1390310147913,1986.1483466915968,1965.0831369539587,1974.111083984375,817600,0.0,0.0
2005-04-11 00:00:00+09:00,1956.0559477019933,1962.0745813872302,1944.0186803315196,1953.046630859375,826800,0.0,0.0
2005-04-12 00:00:00+09:00,1941.0083218278558,1941.0083218278558,1889.8499629579742,1919.943115234375,1929200,0.0,0.0
2005-04-13 00:00:00+09:00,1913.9252929687498,1931.981191959021,1901.8880269752358,1913.92529296875,972000,0.0,0.0
2005-04-14 00:00:00+09:00,1910.9159764703713,1925.962558962264,1883.8321279849645,1913.92529296875,1574000,0.0,0.0
2005-04-15 00:00:00+09:00,1898.878779903339,1904.8974131201483,1880.8228802529109,1889.850830078125,1433200,0.0,0.0
2005-04-18 00:00:00+09:00,1829.6641845703125,1850.7293972216155,1808.5989719190095,1829.6641845703125,2495200,0.0,0.0
2005-04-19 00:00:00+09:00,1793.5519500682146,1850.7289417650202,1790.5426347157513,1826.6544189453125,1956400,0.0,0.0
2005-04-20 00:00:00+09:00,1841.7013325043474,1859.7572279210567,1823.6454370876381,1838.6920166015625,1592000,0.0,0.0
2005-04-21 00:00:00+09:00,1817.6269201981395,1829.6641845703125,1769.477862709447,1829.6641845703125,3063200,0.0,0.0
2005-04-22 00:00:00+09:00,1847.7194447090953,1853.7380748221542,1823.6449242568597,1850.728759765625,2206400,0.0,0.0
2005-04-25 00:00:00+09:00,1841.7010652116203,1859.7569580078125,1838.6917497455881,1859.7569580078125,742800,0.0,0.0
2005-04-26 00:00:00+09:00,1859.7575143282531,1859.7575143282531,1835.6829833984375,1835.6829833984375,1481200,0.0,0.0
2005-04-27 00:00:00+09:00,1826.654239313389,1850.7287597656248,1826.654239313389,1850.728759765625,1998000,0.0,0.0
2005-04-28 00:00:00+09:00,1850.7294146322934,1856.748046875,1835.6828340255267,1856.748046875,1492800,0.0,0.0
2005-04-29 00:00:00+09:00,1856.748046875,1856.748046875,1856.748046875,1856.748046875,0,0.0,0.0
2005-05-02 00:00:00+09:00,1844.7118324828305,1853.7397859860089,1835.6838789796518,1841.7025146484375,672400,0.0,0.0
2005-05-03 00:00:00+09:00,1841.7025146484375,1841.7025146484375,1841.7025146484375,1841.7025146484375,0,0.0,0.0
2005-05-04 00:00:00+09:00,1841.7025146484375,1841.7025146484375,1841.7025146484375,1841.7025146484375,0,0.0,0.0
2005-05-05 00:00:00+09:00,1841.7025146484375,1841.7025146484375,1841.7025146484375,1841.7025146484375,0,0.0,0.0
2005-05-06 00:00:00+09:00,1856.749185932402,1856.749185932402,1838.6932781275489,1844.7119140625,983200,0.0,0.0
2005-05-09 00:00:00+09:00,1853.7397859860089,1853.7397859860089,1829.665243310866,1841.7025146484375,1555600,0.0,0.0
2005-05-10 00:00:00+09:00,1850.7296713929588,1883.8321533203125,1847.7203548541086,1883.8321533203125,2064000,0.0,0.0
2005-05-11 00:00:00+09:00,1862.7670425265928,1871.7949926519238,1841.7018255674877,1847.720458984375,1343600,0.0,0.0
2005-05-12 00:00:00+09:00,1838.69215014688,1862.7666791177066,1838.69215014688,1856.748046875,1054400,0.0,0.0
2005-05-13 00:00:00+09:00,1841.701443052686,1844.7107591361055,1808.5989661350723,1820.63623046875,1694400,0.0,0.0
2005-05-16 00:00:00+09:00,1790.5430256351706,1817.6268697204084,1787.5337096256997,1814.6175537109375,1203200,0.0,0.0
2005-05-17 00:00:00+09:00,1814.6173759816224,1817.6266916963516,1727.34722025448,1742.393798828125,3197600,0.0,0.0
2005-05-18 00:00:00+09:00,1772.4874357848607,1793.5526514902836,1760.4501696674763,1790.5433349609375,3252800,0.0,0.0
2005-05-19 00:00:00+09:00,1805.5899658203125,1805.5899658203125,1772.4874831136067,1805.5899658203125,1250400,0.0,0.0
2005-05-20 00:00:00+09:00,1805.5888474589647,1805.5888474589647,1778.5050147470802,1787.532958984375,856000,0.0,0.0
2005-05-23 00:00:00+09:00,1757.4402230076057,1763.4588539083168,1694.2445985501404,1706.2818603515625,4805200,0.0,0.0
2005-05-24 00:00:00+09:00,1700.2635792699352,1754.431268521013,1694.2449471309267,1745.4033203125,3092000,0.0,0.0
2005-05-25 00:00:00+09:00,1805.5900767369924,1808.599393531554,1769.4782752022525,1778.5062255859375,5586800,0.0,0.0
2005-05-26 00:00:00+09:00,1775.4967567673496,1808.5992386731816,1748.4129079353054,1799.5712890625,4220800,0.0,0.0
2005-05-27 00:00:00+09:00,1829.6642941205928,1916.934466044108,1817.627029027694,1877.8133544921875,6590000,0.0,0.0
2005-05-30 00:00:00+09:00,1892.8604309958134,1922.9536015998806,1886.8417968750002,1886.841796875,2406800,0.0,0.0
2005-05-31 00:00:00+09:00,1889.8511139354068,1901.8883821770337,1859.75794333134,1886.841796875,2140800,0.0,0.0
2005-06-01 00:00:00+09:00,1871.794721945738,1895.8692521315354,1871.794721945738,1877.8133544921875,1167200,0.0,0.0
2005-06-02 00:00:00+09:00,1889.850405602015,1922.952880859375,1886.8410896695275,1922.952880859375,2712000,0.0,0.0
2005-06-03 00:00:00+09:00,1934.9904345246075,1956.0556492083902,1925.9624853744149,1928.9718017578125,2279600,0.0,0.0
2005-06-06 00:00:00+09:00,1913.9247977451125,1919.9434291845625,1889.8502719873125,1904.8968505859375,1744400,0.0,0.0
2005-06-07 00:00:00+09:00,1907.9068782200982,1956.0559477019933,1895.8696108496245,1953.046630859375,4092800,0.0,0.0
2005-06-08 00:00:00+09:00,1956.0551899235422,1980.1297153379858,1953.0458742467367,1974.111083984375,3486400,0.0,0.0
2005-06-09 00:00:00+09:00,1977.1208445697748,1977.1208445697748,1953.046313737875,1968.0928955078125,2297200,0.0,0.0
2005-06-10 00:00:00+09:00,1977.1208445697748,1977.1208445697748,1965.0835791538248,1968.0928955078125,1395200,0.0,0.0
2005-06-13 00:00:00+09:00,1968.0929830719274,1989.1581984870702,1959.0650336082947,1980.1302490234375,2660800,0.0,0.0
2005-06-14 00:00:00+09:00,1968.093415633492,1971.1027327827787,1934.9909269913385,1938.000244140625,2626800,0.0,0.0
2005-06-15 00:00:00+09:00,1925.961808243034,1947.0270155206922,1922.9524929176541,1944.0177001953125,1226800,0.0,0.0
2005-06-16 00:00:00+09:00,1950.0375127377717,1956.0561470363452,1938.000244140625,1938.000244140625,1190400,0.0,0.0
2005-06-17 00:00:00+09:00,1983.1390310147913,1983.1390310147913,1962.0738212771532,1974.111083984375,2306400,0.0,0.0
2005-06-20 00:00:00+09:00,1977.120946240747,2010.223427836863,1971.1023132232713,2007.214111328125,2574000,0.0,0.0
2005-06-21 00:00:00+09:00,2001.1951006775362,2004.2044166184046,1983.1392050323254,1989.1578369140625,1247200,0.0,0.0
2005-06-22 00:00:00+09:00,2004.2047948193872,2013.2327443456008,2001.1954783106494,2007.214111328125,2316400,0.0,0.0
2005-06-23 00:00:00+09:00,2010.222907303698,2022.2601702216841,2004.2042758447049,2019.2508544921875,2400800,0.0,0.0
2005-06-24 00:00:00+09:00,2013.232274704431,2058.372011805427,2010.2229588976977,2034.2974853515625,3980000,0.0,0.0
2005-06-27 00:00:00+09:00,2034.297830972327,2043.3257799263463,1983.1394535662182,1998.18603515625,2208400,0.0,0.0
2005-06-28 00:00:00+09:00,2016.2415905111638,2043.3254327717616,2013.232274704431,2034.2974853515625,1040800,0.0,0.0
2005-06-29 00:00:00+09:00,2046.3346922762007,2094.4837438591703,2040.3160608283297,2067.39990234375,3029600,0.0,0.0
2005-06-30 00:00:00+09:00,2070.40961339614,2082.446878590303,2046.3350830078123,2046.3350830078125,1416800,0.0,0.0
2005-07-01 00:00:00+09:00,2100.503126972854,2109.531077375316,2082.4472261679293,2085.45654296875,3528000,0.0,0.0
2005-07-04 00:00:00+09:00,2106.5207900236946,2112.539420852334,2094.4835283664165,2103.511474609375,1882000,0.0,0.0
2005-07-05 00:00:00+09:00,2106.5214351955938,2118.5587005395687,2088.4655371796316,2091.474853515625,1644800,0.0,0.0
2005-07-06 00:00:00+09:00,2109.5309359573343,2136.6147853490834,2097.4936695610018,2133.60546875,3314000,0.0,0.0
2005-07-07 00:00:00+09:00,2148.65166192194,2172.726190346836,2139.6237137626044,2163.6982421875,3758800,0.0,0.0
2005-07-08 00:00:00+09:00,2163.6986347408324,2163.6986347408324,2133.60546875,2133.60546875,2537600,0.0,0.0
2005-07-11 00:00:00+09:00,2157.679585976176,2178.744798112624,2127.58642578125,2127.58642578125,2490000,0.0,0.0
2005-07-12 00:00:00+09:00,2130.595744288245,2136.614376334257,2067.400107805119,2070.409423828125,5454800,0.0,0.0
2005-07-13 00:00:00+09:00,2085.4561047048487,2100.502685546875,2067.400207694417,2100.502685546875,1982400,0.0,0.0
2005-07-14 00:00:00+09:00,2106.521532856826,2142.6333305629432,2103.5122163813166,2121.568115234375,1843200,0.0,0.0
2005-07-15 00:00:00+09:00,2148.6514825619724,2154.6701141657877,2136.6142193543424,2139.62353515625,2412400,0.0,0.0
2005-07-18 00:00:00+09:00,2139.62353515625,2139.62353515625,2139.62353515625,2139.62353515625,0,0.0,0.0
2005-07-19 00:00:00+09:00,2136.6148163450407,2139.6241329877803,2106.521649917646,2112.540283203125,1622000,0.0,0.0
2005-07-20 00:00:00+09:00,2118.558885754584,2142.6334185472497,2118.558885754584,2133.60546875,1758800,0.0,0.0
2005-07-21 00:00:00+09:00,2127.5868268942254,2133.605460067901,2112.540243960037,2115.549560546875,1331600,0.0,0.0
2005-07-22 00:00:00+09:00,2109.530712259227,2109.530712259227,2082.4468657394937,2094.484130859375,1733200,0.0,0.0
2005-07-25 00:00:00+09:00,2106.5213065615967,2109.5306227138276,2064.390880430365,2082.44677734375,2301600,0.0,0.0
2005-07-26 00:00:00+09:00,2073.41943359375,2085.456701713307,2055.363531414414,2073.41943359375,2220400,0.0,0.0
2005-07-27 00:00:00+09:00,2070.4095901268115,2088.465487715127,2070.4095901268115,2076.42822265625,1026400,0.0,0.0
2005-07-28 00:00:00+09:00,2079.4373839100776,2094.483964112032,2079.4373839100776,2088.46533203125,1588800,0.0,0.0
2005-07-29 00:00:00+09:00,2097.4934861876127,2100.502802523606,2085.4562208436378,2091.474853515625,1044400,0.0,0.0
2005-08-01 00:00:00+09:00,2094.483671543962,2142.6327214645125,2091.4743559239273,2130.595458984375,2312400,0.0,0.0
2005-08-02 00:00:00+09:00,2133.6054205460982,2139.6240536082873,2115.5495213595304,2118.558837890625,1458000,0.0,0.0
2005-08-03 00:00:00+09:00,2133.6048652563204,2157.6793912394664,2130.595549508427,2142.6328125,2180000,0.0,0.0
2005-08-04 00:00:00+09:00,2136.6143977094926,2166.707558240612,2121.5678174439327,2163.6982421875,3388400,0.0,0.0
2005-08-05 00:00:00+09:00,2160.6898654065517,2211.848260548489,2157.680548045261,2184.764404296875,5451200,0.0,0.0
2005-08-08 00:00:00+09:00,2166.7069722269916,2190.781494140625,2148.6510807917666,2190.781494140625,2504800,0.0,0.0
2005-08-09 00:00:00+09:00,2193.791120681453,2226.8935930099797,2190.781805015223,2223.88427734375,2644000,0.0,0.0
2005-08-10 00:00:00+09:00,2238.9310751089142,2263.0056027982573,2235.9217591477463,2244.94970703125,2126400,0.0,0.0
2005-08-11 00:00:00+09:00,2269.024363865362,2272.0336799978095,2253.977783203125,2253.977783203125,1683600,0.0,0.0
2005-08-12 00:00:00+09:00,2259.996145742911,2281.0613561559603,2241.940251103154,2275.042724609375,1787600,0.0,0.0
2005-08-15 00:00:00+09:00,2278.052491170976,2365.3226658657686,2275.0431748021897,2353.285400390625,4053200,0.0,0.0
2005-08-16 00:00:00+09:00,2383.3780833597716,2407.452609454315,2365.3221887888644,2371.3408203125,3008000,0.0,0.0
2005-08-17 00:00:00+09:00,2356.294677734375,2383.378524604885,2356.294677734375,2356.294677734375,1731600,0.0,0.0
2005-08-18 00:00:00+09:00,2377.3595417609963,2377.3595417609963,2302.1266448698257,2326.201171875,3265600,0.0,0.0
2005-08-19 00:00:00+09:00,2326.2012366600284,2332.2198685789417,2296.1080770654617,2302.126708984375,2168000,0.0,0.0
2005-08-22 00:00:00+09:00,2332.2199936591683,2371.341103230225,2317.1734130549157,2368.331787109375,1821200,0.0,0.0
2005-08-23 00:00:00+09:00,2362.3129754317433,2368.331607216283,2344.257080078125,2344.257080078125,1720000,0.0,0.0
2005-08-24 00:00:00+09:00,2314.1638568242392,2332.219751675924,2308.145225207011,2311.154541015625,2253600,0.0,0.0
2005-08-25 00:00:00+09:00,2290.089406782902,2347.2664090547487,2290.089406782902,2305.135986328125,1962000,0.0,0.0
2005-08-26 00:00:00+09:00,2326.201591696843,2350.276123046875,2311.155009603073,2350.276123046875,1399600,0.0,0.0
2005-08-29 00:00:00+09:00,2365.322998046875,2374.3509484211,2356.2950476726505,2365.322998046875,1863200,0.0,0.0
2005-08-30 00:00:00+09:00,2374.3509484211,2383.3788987953244,2347.2670972984256,2365.322998046875,1522400,0.0,0.0
2005-08-31 00:00:00+09:00,2368.332106602045,2488.7047676745756,2350.2762074411653,2437.54638671875,9313200,0.0,0.0
2005-09-01 00:00:00+09:00,2467.6389022189805,2497.7320595631145,2443.5643763436733,2449.5830078125,3659200,0.0,0.0
2005-09-02 00:00:00+09:00,2452.5926793109943,2497.732421875,2440.5554146272593,2497.732421875,3054400,0.0,0.0
2005-09-05 00:00:00+09:00,2527.8261078381147,2597.0403941241584,2524.8167910430693,2569.95654296875,5787200,0.0,0.0
2005-09-06 00:00:00+09:00,2479.67658069087,2515.7883755553003,2443.56478582644,2455.60205078125,7181200,0.0,0.0
2005-09-07 00:00:00+09:00,2452.5927521550047,2473.657965977195,2377.3598456471823,2416.48095703125,4565600,0.0,0.0
2005-09-08 00:00:00+09:00,2386.3873076146965,2395.41525455397,2326.200994686205,2359.303466796875,4818000,0.0,0.0
2005-09-09 00:00:00+09:00,2347.2665742634213,2389.3969999553287,2302.1268324506627,2368.331787109375,5770000,0.0,0.0
2005-09-12 00:00:00+09:00,2428.517769906289,2431.5270856062966,2386.38735010618,2413.47119140625,3425600,0.0,0.0
2005-09-13 00:00:00+09:00,2416.480507106258,2428.517769906289,2404.4432443062265,2413.47119140625,1856400,0.0,0.0
2005-09-14 00:00:00+09:00,2416.48095703125,2437.5461708534403,2398.4250594693726,2416.48095703125,2158000,0.0,0.0
2005-09-15 00:00:00+09:00,2437.5465520849366,2455.602452470751,2434.537235353968,2443.565185546875,4392800,0.0,0.0
2005-09-16 00:00:00+09:00,2500.7418550908783,2503.7511714026605,2476.667324596622,2488.70458984375,4091200,0.0,0.0
2005-09-19 00:00:00+09:00,2488.70458984375,2488.70458984375,2488.70458984375,2488.70458984375,0,0.0,0.0
2005-09-20 00:00:00+09:00,2497.73216469774,2506.7601122809842,2473.6576378090867,2479.67626953125,2946000,0.0,0.0
2005-09-21 00:00:00+09:00,2467.639853027939,2473.6584868158116,2452.593268558256,2470.649169921875,2602000,0.0,0.0
2005-09-22 00:00:00+09:00,2479.676270110469,2536.853271484375,2476.6669542486843,2536.853271484375,4658000,0.0,0.0
2005-09-23 00:00:00+09:00,2536.853271484375,2536.853271484375,2536.853271484375,2536.853271484375,0,0.0,0.0
2005-09-26 00:00:00+09:00,2551.9000065181763,2554.909322563599,2497.7323177005737,2524.816162109375,4051600,0.0,0.0
2005-09-27 00:00:00+09:00,2558.318338597074,2680.143021387411,2558.318338597074,2576.592041015625,2097000,50.0,2.0
2005-09-28 00:00:00+09:00,2637.5041892701624,2667.960357737485,2600.956787109375,2600.956787109375,1268000,0.0,0.0
2005-09-29 00:00:00+09:00,2655.7778512016457,2655.7778512016457,2607.0479823722576,2637.504150390625,1066400,0.0,0.0
2005-09-30 00:00:00+09:00,2935.9744938441686,2942.065727233887,2698.4163916451594,2728.87255859375,2984700,0.0,0.0
2005-10-03 00:00:00+09:00,2771.511171941888,2783.6936386317425,2643.595271698416,2667.960205078125,1559000,0.0,0.0
2005-10-04 00:00:00+09:00,2686.233735451666,2734.9635991333284,2637.5038717700027,2674.05126953125,1559700,0.0,0.0
2005-10-05 00:00:00+09:00,2698.416466949183,2710.5989340685924,2637.504131352136,2655.77783203125,1157400,0.0,0.0
2005-10-06 00:00:00+09:00,2625.3215514566295,2643.595251350759,2594.8653849664133,2607.0478515625,1254000,0.0,0.0
2005-10-07 00:00:00+09:00,2619.230318158586,2680.1426511390187,2607.0478515625,2607.0478515625,1271300,0.0,0.0
2005-10-10 00:00:00+09:00,2607.0478515625,2607.0478515625,2607.0478515625,2607.0478515625,0,0.0,0.0
2005-10-11 00:00:00+09:00,2625.321347992996,2661.8687449488148,2613.138882341056,2649.686279296875,912200,0.0,0.0
2005-10-12 00:00:00+09:00,2655.7779420045044,2722.781513935811,2655.7779420045044,2704.5078125,1846800,0.0,0.0
2005-10-13 00:00:00+09:00,2680.142877252252,2710.599046311937,2649.6867081925675,2704.5078125,1192400,0.0,0.0
2005-10-14 00:00:00+09:00,2698.4161419046336,2698.4161419046336,2637.5038136449352,2649.686279296875,767600,0.0,0.0
2005-10-17 00:00:00+09:00,2631.4126147290212,2674.0512450602787,2613.138916015625,2613.138916015625,751700,0.0,0.0
2005-10-18 00:00:00+09:00,2625.3221918150434,2649.687130950218,2613.139722247456,2619.23095703125,689900,0.0,0.0
2005-10-19 00:00:00+09:00,2600.9570201260863,2613.1394886044286,2521.7709750168615,2540.044677734375,924100,0.0,0.0
2005-10-20 00:00:00+09:00,2546.1358703180404,2576.592041015625,2454.767358225288,2576.592041015625,1861500,0.0,0.0
2005-10-21 00:00:00+09:00,2515.67919921875,2540.0441309303114,2485.2230345792977,2515.67919921875,1208900,0.0,0.0
2005-10-24 00:00:00+09:00,2521.7704150860127,2570.5002781794624,2515.6791821993315,2533.952880859375,895900,0.0,0.0
2005-10-25 00:00:00+09:00,2552.226579519419,2564.4090452927812,2515.6791821993315,2533.952880859375,679300,0.0,0.0
2005-10-26 00:00:00+09:00,2546.135329653938,2576.591493884248,2540.044096807876,2552.2265625,687100,0.0,0.0
2005-10-27 00:00:00+09:00,2521.770263671875,2533.952728713768,2497.4053335880885,2521.770263671875,1050000,0.0,0.0
2005-10-28 00:00:00+09:00,2503.496716425969,2552.226579519419,2503.496716425969,2533.952880859375,998900,0.0,0.0
2005-10-31 00:00:00+09:00,2540.0441137460566,2558.3178124061,2521.7704150860127,2533.952880859375,585500,0.0,0.0
2005-11-01 00:00:00+09:00,2558.3183804518885,2570.500848930231,2533.953443495204,2540.044677734375,666100,0.0,0.0
2005-11-02 00:00:00+09:00,2558.317829713983,2558.317829713983,2503.496733362969,2515.67919921875,1123500,0.0,0.0
2005-11-03 00:00:00+09:00,2515.67919921875,2515.67919921875,2515.67919921875,2515.67919921875,0,0.0,0.0
2005-11-04 00:00:00+09:00,2552.2266143054494,2552.2266143054494,2491.314284608422,2497.405517578125,934000,0.0,0.0
2005-11-07 00:00:00+09:00,2515.68012623682,2515.68012623682,2466.95024485693,2491.315185546875,581400,0.0,0.0
2005-11-08 00:00:00+09:00,2448.675700708763,2454.7669337951033,2339.0335051546394,2363.3984375,2574700,0.0,0.0
2005-11-09 00:00:00+09:00,2314.6682739257812,2381.671829223633,2265.9384155273438,2339.033203125,2462900,0.0,0.0
2005-11-10 00:00:00+09:00,2399.945818264466,2430.401983470868,2345.1247208929426,2381.672119140625,1856100,0.0,0.0
2005-11-11 00:00:00+09:00,2387.763369845361,2399.9458360180415,2357.3072044136597,2363.3984375,675400,0.0,0.0
2005-11-14 00:00:00+09:00,2381.672052556818,2387.7632854278077,2278.12109375,2278.12109375,1203400,0.0,0.0
2005-11-15 00:00:00+09:00,2284.2128483329234,2363.398893741798,2259.8479112840387,2320.76025390625,1462900,0.0,0.0
2005-11-16 00:00:00+09:00,2442.5842606556566,2454.766725796084,2381.6719349535206,2406.036865234375,4330700,0.0,0.0
2005-11-17 00:00:00+09:00,2436.493675595238,2649.686872209821,2436.493675595238,2558.318359375,7440000,0.0,0.0
2005-11-18 00:00:00+09:00,2631.4126320422533,2667.9600297095067,2576.591535541373,2594.865234375,3649500,0.0,0.0
2005-11-21 00:00:00+09:00,2625.3221918150434,2674.052070085392,2576.5923135446947,2619.23095703125,3109100,0.0,0.0
2005-11-22 00:00:00+09:00,2570.5002781794624,2576.5915110661435,2497.405483539288,2533.952880859375,3697600,0.0,0.0
2005-11-23 00:00:00+09:00,2533.952880859375,2533.952880859375,2533.952880859375,2533.952880859375,0,0.0,0.0
2005-11-24 00:00:00+09:00,2533.953010110294,2540.0442433076746,2466.949444939108,2485.22314453125,1927800,0.0,0.0
2005-11-25 00:00:00+09:00,2460.858493178638,2479.132194860658,2442.5847914966184,2448.676025390625,1167500,0.0,0.0
2005-11-28 00:00:00+09:00,2466.9494272496577,2509.588059325578,2454.766960942252,2503.496826171875,1622300,0.0,0.0
2005-11-29 00:00:00+09:00,2448.67549322587,2466.949190936511,2387.763167523734,2406.036865234375,2783800,0.0,0.0
2005-11-30 00:00:00+09:00,2406.0375881442774,2418.220056945008,2326.851540939529,2345.125244140625,2881200,0.0,0.0
2005-12-01 00:00:00+09:00,2332.94258678603,2381.67245805049,2278.1214816135125,2369.489990234375,5759600,0.0,0.0
2005-12-02 00:00:00+09:00,2369.490044280773,2406.0374485627385,2296.395235716842,2393.85498046875,4215300,0.0,0.0
2005-12-05 00:00:00+09:00,2430.4023847507156,2442.584852844704,2387.763746421756,2393.85498046875,2184900,0.0,0.0
2005-12-06 00:00:00+09:00,2406.0374485627385,2448.6760868916986,2387.763746421756,2393.85498046875,2205500,0.0,0.0
2005-12-07 00:00:00+09:00,2424.3106733273235,2430.4019061748795,2363.398344851763,2375.580810546875,1515700,0.0,0.0
2005-12-08 00:00:00+09:00,2363.397820723684,2369.4890522203946,2296.3942742598683,2314.66796875,2349000,0.0,0.0
2005-12-09 00:00:00+09:00,2320.759953425481,2332.942420372596,2290.3037860576924,2296.39501953125,2763200,0.0,0.0
2005-12-12 00:00:00+09:00,2326.851405951813,2406.0374485627385,2320.760171904819,2393.85498046875,2439900,0.0,0.0
2005-12-13 00:00:00+09:00,2418.2197819659837,2454.767184212321,2375.5811460119235,2442.584716796875,3070700,0.0,0.0
2005-12-14 00:00:00+09:00,2466.948955302336,2509.587579221142,2363.3980114995215,2387.762939453125,3009200,0.0,0.0
2005-12-15 00:00:00+09:00,2387.7633521819052,2424.3107504295876,2351.215953934223,2381.672119140625,1717100,0.0,0.0
2005-12-16 00:00:00+09:00,2387.763884943182,2387.763884943182,2320.760306539164,2345.125244140625,1607800,0.0,0.0
2005-12-19 00:00:00+09:00,2351.2157721024523,2412.1280978045884,2345.124539532239,2406.036865234375,1419000,0.0,0.0
2005-12-20 00:00:00+09:00,2412.1277760152284,2412.1277760152284,2363.3979219543144,2399.9453125,1564900,0.0,0.0
2005-12-21 00:00:00+09:00,2485.2235467175697,2485.2235467175697,2399.946268153731,2418.219970703125,3341500,0.0,0.0
2005-12-22 00:00:00+09:00,2406.0374485627385,2418.219916656727,2381.6725123747615,2393.85498046875,1797500,0.0,0.0
2005-12-23 00:00:00+09:00,2393.85498046875,2393.85498046875,2393.85498046875,2393.85498046875,0,0.0,0.0
2005-12-26 00:00:00+09:00,2412.1280978045884,2418.219330374802,2375.5807023833067,2406.036865234375,1266900,0.0,0.0
2005-12-27 00:00:00+09:00,2399.9453125,2430.4014712880708,2387.7628489847716,2399.9453125,1345800,0.0,0.0
2005-12-28 00:00:00+09:00,2399.946268153731,2430.4024390693876,2381.6725656043373,2418.219970703125,1233000,0.0,0.0
2005-12-29 00:00:00+09:00,2424.3114270019532,2466.95007019043,2418.2201922607424,2436.493896484375,1531100,0.0,0.0
2005-12-30 00:00:00+09:00,2436.493028085443,2436.493028085443,2399.945632664161,2406.036865234375,788000,0.0,0.0
2006-01-02 00:00:00+09:00,2406.036865234375,2406.036865234375,2406.036865234375,2406.036865234375,0,0.0,0.0
2006-01-03 00:00:00+09:00,2406.036865234375,2406.036865234375,2406.036865234375,2406.036865234375,0,0.0,0.0
2006-01-04 00:00:00+09:00,2424.31033138353,2430.401563371931,2387.762939453125,2387.762939453125,867900,0.0,0.0
2006-01-05 00:00:00+09:00,2406.037039791923,2479.1318359375,2393.8545737676595,2479.1318359375,2477800,0.0,0.0
2006-01-06 00:00:00+09:00,2509.588118793808,2631.412784754673,2509.588118793808,2607.0478515625,7616100,0.0,0.0
2006-01-09 00:00:00+09:00,2607.0478515625,2607.0478515625,2607.0478515625,2607.0478515625,0,0.0,0.0
2006-01-10 00:00:00+09:00,2637.5038223448687,2655.777520883055,2497.4054668854415,2552.2265625,3968900,0.0,0.0
2006-01-11 00:00:00+09:00,2521.7712904642644,2552.2274654698713,2460.8589404530503,2546.13623046875,2669400,0.0,0.0
2006-01-12 00:00:00+09:00,2546.1355162838854,2546.1355162838854,2497.405649943524,2527.86181640625,1561200,0.0,0.0
2006-01-13 00:00:00+09:00,2546.1354662024455,2680.1425960025745,2533.9529998569797,2661.868896484375,5115800,0.0,0.0
2006-01-16 00:00:00+09:00,2607.0480404260024,2625.321741643942,2564.409404250811,2582.68310546875,1701700,0.0,0.0
2006-01-17 00:00:00+09:00,2533.953279320988,2576.591916232639,2466.94970703125,2466.94970703125,2198500,0.0,0.0
2006-01-18 00:00:00+09:00,2436.493015788613,2436.493015788613,2247.6648070649953,2326.850830078125,3394000,0.0,0.0
2006-01-19 00:00:00+09:00,2326.851295049466,2473.040905209642,2326.851295049466,2424.31103515625,2026900,0.0,0.0
2006-01-20 00:00:00+09:00,2485.2232185132575,2515.6793854068023,2399.945951211332,2412.12841796875,1660100,0.0,0.0
2006-01-23 00:00:00+09:00,2339.033413461538,2430.4019061748795,2339.033413461538,2375.580810546875,1071300,0.0,0.0
2006-01-24 00:00:00+09:00,2399.946080842815,2460.858417920044,2381.6723797196464,2442.584716796875,1371500,0.0,0.0
2006-01-25 00:00:00+09:00,2466.949844168176,2466.949844168176,2406.0375023368624,2418.219970703125,1122000,0.0,0.0
2006-01-26 00:00:00+09:00,2436.492703045685,2454.7663983185275,2399.9453125,2399.9453125,1747600,0.0,0.0
2006-01-27 00:00:00+09:00,2430.4020283274403,2521.7705256329837,2430.4020283274403,2503.496826171875,1887900,0.0,0.0
2006-01-30 00:00:00+09:00,2594.8653457170426,2625.321511746585,2552.226713275683,2564.4091796875,3308900,0.0,0.0
2006-01-31 00:00:00+09:00,2576.5916460993167,2607.0478121288597,2540.0442468638657,2564.4091796875,1551900,0.0,0.0
2006-02-01 00:00:00+09:00,2546.135329653938,2582.68272673031,2527.8616311157516,2552.2265625,1381100,0.0,0.0
2006-02-02 00:00:00+09:00,2588.77400808834,2674.05126953125,2582.682775128132,2674.05126953125,3498400,0.0,0.0
2006-02-03 00:00:00+09:00,2643.5945948911517,2734.963071673104,2637.5033631056885,2710.59814453125,4762300,0.0,0.0
2006-02-06 00:00:00+09:00,2741.0552153716217,2759.3289168074325,2643.5954743806305,2704.5078125,3402700,0.0,0.0
2006-02-07 00:00:00+09:00,2680.142502491458,2722.7811332129127,2655.7775706506263,2674.05126953125,1487800,0.0,0.0
2006-02-08 00:00:00+09:00,2734.9638880494012,2789.7849904824625,2625.3216831832783,2637.504150390625,6352600,0.0,0.0
2006-02-09 00:00:00+09:00,2722.7809620250355,2722.7809620250355,2649.686171098189,2680.142333984375,2085200,0.0,0.0
2006-02-10 00:00:00+09:00,2704.5078125,2741.0552153716217,2637.5042405686936,2704.5078125,2668300,0.0,0.0
2006-02-13 00:00:00+09:00,2680.1424701397236,2692.3249359130864,2503.496716425969,2533.952880859375,2933000,0.0,0.0
2006-02-14 00:00:00+09:00,2503.4966997315037,2570.500261038186,2412.1282070405728,2552.2265625,2689200,0.0,0.0
2006-02-15 00:00:00+09:00,2613.138916015625,2637.5038476334867,2582.6827514932984,2613.138916015625,1848400,0.0,0.0
2006-02-16 00:00:00+09:00,2613.139552707185,2649.686959038754,2594.8658495414006,2625.322021484375,1561400,0.0,0.0
2006-02-17 00:00:00+09:00,2686.234019220013,2704.507720031034,2607.0479823722576,2637.504150390625,2181900,0.0,0.0
2006-02-20 00:00:00+09:00,2607.0481158088237,2637.5042853860296,2552.227010569853,2588.7744140625,1378600,0.0,0.0
2006-02-21 00:00:00+09:00,2619.230115167026,2649.686279296875,2564.4090197332976,2649.686279296875,1744000,0.0,0.0
2006-02-22 00:00:00+09:00,2655.777663311642,2686.2338291753076,2631.412730620709,2661.868896484375,1599600,0.0,0.0
2006-02-23 00:00:00+09:00,2661.868883010831,2771.5110795650526,2661.868883010831,2759.32861328125,2863700,0.0,0.0
2006-02-24 00:00:00+09:00,2765.41975339114,2820.2408498240043,2747.1460545801856,2771.510986328125,3262400,0.0,0.0
2006-02-27 00:00:00+09:00,2771.510443677228,2850.6964563537204,2765.4192119328827,2844.605224609375,2310500,0.0,0.0
2006-02-28 00:00:00+09:00,2875.062218063546,2935.9745531920107,2850.69728401216,2911.609619140625,3599200,0.0,0.0
2006-03-01 00:00:00+09:00,2838.513992865029,2862.8789198424115,2832.422761120684,2844.605224609375,2390600,0.0,0.0
2006-03-02 00:00:00+09:00,2862.8789198424115,2875.0613833311027,2832.422761120684,2844.605224609375,1753100,0.0,0.0
2006-03-03 00:00:00+09:00,2838.514816986467,2923.792086166318,2820.2411164479277,2911.609619140625,1846900,0.0,0.0
2006-03-06 00:00:00+09:00,2966.4311959946726,2990.796133949454,2911.6100855964137,2929.8837890625,2631400,0.0,0.0
2006-03-07 00:00:00+09:00,2899.427277595766,3033.4344206779233,2881.1535762663807,3021.251953125,3187500,0.0,0.0
2006-03-08 00:00:00+09:00,2990.7960683394454,3021.2522401147958,2923.7924904336733,2984.704833984375,3820000,0.0,0.0
2006-03-09 00:00:00+09:00,2972.5224609375,3002.978633693007,2948.157522733094,2972.5224609375,2314400,0.0,0.0
2006-03-10 00:00:00+09:00,2942.0658450909514,2954.248312358409,2832.423639683835,2856.78857421875,5724100,0.0,0.0
2006-03-13 00:00:00+09:00,2844.605938850565,2911.6095048620346,2838.514705576795,2862.879638671875,2273500,0.0,0.0
2006-03-14 00:00:00+09:00,2881.1537341101694,2905.518670550847,2856.7887976694915,2875.0625,2216400,0.0,0.0
2006-03-15 00:00:00+09:00,2893.335693359375,2893.335693359375,2844.6058290501646,2893.335693359375,980500,0.0,0.0
2006-03-16 00:00:00+09:00,2899.428002774842,2905.519238074789,2850.6981203752644,2881.154296875,1059100,0.0,0.0
2006-03-17 00:00:00+09:00,2868.9709845506995,2917.7008526534714,2868.9709845506995,2911.609619140625,1582200,0.0,0.0
2006-03-20 00:00:00+09:00,2893.336256011193,2917.701192903919,2887.245021788012,2899.427490234375,1529900,0.0,0.0
2006-03-21 00:00:00+09:00,2899.427490234375,2899.427490234375,2899.427490234375,2899.427490234375,0,0.0,0.0
2006-03-22 00:00:00+09:00,2881.1535087536645,2887.244742387393,2844.6061069512925,2856.78857421875,1586700,0.0,0.0
2006-03-23 00:00:00+09:00,2887.244571766955,2899.427038314495,2862.879638671875,2862.879638671875,853800,0.0,0.0
2006-03-24 00:00:00+09:00,2868.9709472656245,2875.06218069931,2844.606013530885,2868.970947265625,811100,0.0,0.0
2006-03-27 00:00:00+09:00,2862.880031779661,2875.0625,2862.880031779661,2875.0625,911900,0.0,0.0
2006-03-28 00:00:00+09:00,2899.5836998001832,2942.4950864779876,2893.453501703354,2924.1044921875,1692300,30.0,0.0
2006-03-29 00:00:00+09:00,2930.2334283112473,2936.3636237679652,2905.712646484375,2905.712646484375,1086600,0.0,0.0
2006-03-30 00:00:00+09:00,2936.3638070134207,2973.1449820490793,2924.103415334868,2954.75439453125,1641000,0.0,0.0
2006-03-31 00:00:00+09:00,2960.8846221030008,2967.014818007976,2930.233642578125,2930.233642578125,824100,0.0,0.0
2006-04-03 00:00:00+09:00,2960.884870831991,2991.535852931701,2948.6244779921067,2973.145263671875,1188400,0.0,0.0
2006-04-04 00:00:00+09:00,2979.2752891897912,3028.3168577361253,2954.7545049166242,3009.92626953125,1564200,0.0,0.0
2006-04-05 00:00:00+09:00,3009.926619177322,3034.4474062989298,2899.5830771300884,2936.3642578125,1451000,0.0,0.0
2006-04-06 00:00:00+09:00,2936.363944498698,2960.884729003906,2930.233748372396,2942.494140625,1032100,0.0,0.0
2006-04-07 00:00:00+09:00,2930.234690284329,2936.3648883811584,2905.7138978970124,2924.1044921875,1275300,0.0,0.0
2006-04-10 00:00:00+09:00,2905.713482512145,2930.2342713941043,2893.453088071166,2917.973876953125,807400,0.0,0.0
2006-04-11 00:00:00+09:00,2924.103552246094,2960.884729003906,2917.973356119792,2942.494140625,833300,0.0,0.0
2006-04-12 00:00:00+09:00,2942.4938192246836,2942.4938192246836,2899.5824510276566,2905.712646484375,1063600,0.0,0.0
2006-04-13 00:00:00+09:00,2905.71369375991,2911.84389142607,2875.0627054291094,2899.58349609375,822900,0.0,0.0
2006-04-14 00:00:00+09:00,2924.10407782516,2924.10407782516,2875.0625,2875.0625,826000,0.0,0.0
2006-04-17 00:00:00+09:00,2868.932449473505,2875.0626470151155,2813.7606715990146,2819.890869140625,972700,0.0,0.0
2006-04-18 00:00:00+09:00,2807.6305311013475,2899.58349609375,2801.5003334351873,2899.58349609375,852400,0.0,0.0
2006-04-19 00:00:00+09:00,2868.931845319323,2893.4526303220528,2783.109097809771,2807.6298828125,2461800,0.0,0.0
2006-04-20 00:00:00+09:00,2832.151335273693,2850.541928359886,2813.7607421875,2813.7607421875,976300,0.0,0.0
2006-04-21 00:00:00+09:00,2819.8910822962257,2838.281676311201,2783.1098942662748,2801.50048828125,1249400,0.0,0.0
2006-04-24 00:00:00+09:00,2758.588553763725,2764.7187505498664,2703.4167826884504,2721.807373046875,1359600,0.0,0.0
2006-04-25 00:00:00+09:00,2740.1981019017953,2758.588693189727,2727.937707709841,2752.45849609375,644400,0.0,0.0
2006-04-26 00:00:00+09:00,2758.589040413664,2783.1098318840077,2734.0682489433207,2764.71923828125,851300,0.0,0.0
2006-04-27 00:00:00+09:00,2770.849507378472,2776.9797054036458,2734.0683192274305,2758.589111328125,1000400,0.0,0.0
2006-04-28 00:00:00+09:00,2764.7185418889385,2789.2393271828537,2746.327952918502,2783.109130859375,1513900,0.0,0.0
2006-05-01 00:00:00+09:00,2758.5881609036874,2776.978748643045,2678.8956140331366,2691.156005859375,1564400,0.0,0.0
2006-05-02 00:00:00+09:00,2672.765662223234,2758.588412845081,2666.635465750245,2734.067626953125,1152100,0.0,0.0
2006-05-03 00:00:00+09:00,2734.067626953125,2734.067626953125,2734.067626953125,2734.067626953125,0,0.0,0.0
2006-05-04 00:00:00+09:00,2734.067626953125,2734.067626953125,2734.067626953125,2734.067626953125,0,0.0,0.0
2006-05-05 00:00:00+09:00,2734.067626953125,2734.067626953125,2734.067626953125,2734.067626953125,0,0.0,0.0
2006-05-08 00:00:00+09:00,2783.1098318840077,2795.37022761918,2752.4588425460784,2764.71923828125,1766700,0.0,0.0
2006-05-09 00:00:00+09:00,2789.238975322352,2807.629561972829,2764.718193121716,2770.848388671875,1450300,0.0,0.0
2006-05-10 00:00:00+09:00,2795.36987576559,2801.5000728615673,2746.328298997773,2752.45849609375,1640900,0.0,0.0
2006-05-11 00:00:00+09:00,2764.7192066737584,2776.9796022687638,2740.198415483747,2746.32861328125,699100,0.0,0.0
2006-05-12 00:00:00+09:00,2697.2872938868086,2721.808087467598,2654.375905120428,2660.506103515625,1173100,0.0,0.0
2006-05-15 00:00:00+09:00,2599.2037164392605,2642.115098550286,2574.682926661532,2611.464111328125,1410200,0.0,0.0
2006-05-16 00:00:00+09:00,2672.7661580882354,2685.0265533088236,2599.203786764706,2605.333984375,1047400,0.0,0.0
2006-05-17 00:00:00+09:00,2513.380411783854,2574.682373046875,2458.2086466471355,2574.682373046875,2814700,0.0,0.0
2006-05-18 00:00:00+09:00,2482.72914979516,2544.03110411109,2482.72914979516,2513.380126953125,1717800,0.0,0.0
2006-05-19 00:00:00+09:00,2494.990059988839,2550.161830357143,2482.729666573661,2531.771240234375,1768000,0.0,0.0
2006-05-22 00:00:00+09:00,2544.0317769569924,2562.4223681157177,2476.599609375,2476.599609375,1763000,0.0,0.0
2006-05-23 00:00:00+09:00,2458.2087426279104,2525.6409026501224,2458.2087426279104,2501.1201171875,2166800,0.0,0.0
2006-05-24 00:00:00+09:00,2537.901196289062,2580.812569173177,2531.77100016276,2574.682373046875,1916300,0.0,0.0
2006-05-25 00:00:00+09:00,2586.9436444004186,2599.204040819378,2544.032256934061,2562.4228515625,1344800,0.0,0.0
2006-05-26 00:00:00+09:00,2593.0731048583984,2654.3750695122612,2586.942908393012,2648.244873046875,1450300,0.0,0.0
2006-05-29 00:00:00+09:00,2709.5470159587903,2734.0678034335306,2648.2450472719397,2654.375244140625,1463100,0.0,0.0
2006-05-30 00:00:00+09:00,2685.025809946256,2703.4163976856134,2648.24463446754,2691.156005859375,641400,0.0,0.0
2006-05-31 00:00:00+09:00,2648.2449438202248,2727.9375,2629.854353932584,2727.9375,2024700,0.0,0.0
2006-06-01 00:00:00+09:00,2758.588122446603,2758.588122446603,2660.504989204057,2672.765380859375,1362400,0.0,0.0
2006-06-02 00:00:00+09:00,2678.8958553738066,2678.8958553738066,2568.5523189968535,2648.244873046875,1638000,0.0,0.0
2006-06-05 00:00:00+09:00,2586.943284429506,2648.245257994186,2580.813087073038,2635.98486328125,1131100,0.0,0.0
2006-06-06 00:00:00+09:00,2605.333289030556,2654.3748568240726,2599.2030930563665,2623.723876953125,702300,0.0,0.0
2006-06-07 00:00:00+09:00,2593.073589154412,2635.984972426471,2593.073589154412,2605.333984375,944200,0.0,0.0
2006-06-08 00:00:00+09:00,2593.072667563834,2593.072667563834,2507.249931521532,2513.380126953125,1720900,0.0,0.0
2006-06-09 00:00:00+09:00,2574.682791159442,2617.594171012099,2537.9016084285927,2580.81298828125,1336600,0.0,0.0
2006-06-12 00:00:00+09:00,2586.943113527098,2642.1148860904723,2568.55252267264,2629.8544921875,1068400,0.0,0.0
2006-06-13 00:00:00+09:00,2599.203224552488,2605.3334208368096,2494.9898877190153,2525.640869140625,1169000,0.0,0.0
2006-06-14 00:00:00+09:00,2482.7299649950482,2611.464111328125,2476.599767550616,2611.464111328125,1232000,0.0,0.0
2006-06-15 00:00:00+09:00,2629.8546659247822,2654.375455350654,2623.724468568314,2635.98486328125,1243700,0.0,0.0
2006-06-16 00:00:00+09:00,2666.636301910822,2685.0268970964144,2629.8551115396385,2660.506103515625,744900,0.0,0.0
2006-06-19 00:00:00+09:00,2648.2450472719397,2654.375244140625,2617.5940629285146,2654.375244140625,579400,0.0,0.0
2006-06-20 00:00:00+09:00,2635.9844801161025,2678.8958553738066,2629.8542836507163,2648.244873046875,411100,0.0,0.0
2006-06-21 00:00:00+09:00,2654.375455350654,2672.7660474200584,2611.464073855378,2635.98486328125,688300,0.0,0.0
2006-06-22 00:00:00+09:00,2648.2450472719397,2672.76583474668,2648.2450472719397,2654.375244140625,539300,0.0,0.0
2006-06-23 00:00:00+09:00,2635.9844801161025,2648.244873046875,2623.72408718533,2648.244873046875,689700,0.0,0.0
2006-06-26 00:00:00+09:00,2617.594379595588,2635.984972426471,2599.203786764706,2605.333984375,581000,0.0,0.0
2006-06-27 00:00:00+09:00,2605.3333536783853,2611.4635498046873,2568.552176920573,2574.682373046875,784900,0.0,0.0
2006-06-28 00:00:00+09:00,2544.0314609281772,2586.9428349679297,2544.0314609281772,2568.55224609375,538900,0.0,0.0
2006-06-29 00:00:00+09:00,2580.8132716483065,2586.943469443195,2550.162282673861,2556.29248046875,395100,0.0,0.0
2006-06-30 00:00:00+09:00,2605.333565765957,2611.4637623912886,2568.552386013967,2599.203369140625,965100,0.0,0.0
2006-07-03 00:00:00+09:00,2599.204119563652,2666.636301910822,2586.9437227732574,2660.506103515625,731000,0.0,0.0
2006-07-04 00:00:00+09:00,2691.1563202247194,2734.0676966292135,2691.1563202247194,2727.9375,1269000,0.0,0.0
2006-07-05 00:00:00+09:00,2697.286794926304,2727.9377812322846,2678.8962031427154,2703.4169921875,932200,0.0,0.0
2006-07-06 00:00:00+09:00,2691.1564253527354,2691.1564253527354,2642.114850403255,2654.375244140625,1306100,0.0,0.0
2006-07-07 00:00:00+09:00,2660.504989204057,2685.0257725146935,2654.374793376398,2672.765380859375,868400,0.0,0.0
2006-07-10 00:00:00+09:00,2623.724464119708,2678.896240234375,2623.724464119708,2678.896240234375,653100,0.0,0.0
2006-07-11 00:00:00+09:00,2648.2452626329787,2666.6358547345967,2574.6828942265074,2593.073486328125,1353200,0.0,0.0
2006-07-12 00:00:00+09:00,2568.552279626318,2593.0730651120107,2476.5993340549703,2544.031494140625,1638300,0.0,0.0
2006-07-13 00:00:00+09:00,2513.380514569757,2593.0730674707493,2507.2503181927577,2586.94287109375,1066900,0.0,0.0
2006-07-14 00:00:00+09:00,2494.9900946955227,2537.9014722455686,2494.9900946955227,2507.25048828125,1221000,0.0,0.0
2006-07-17 00:00:00+09:00,2507.25048828125,2507.25048828125,2507.25048828125,2507.25048828125,0,0.0,0.0
2006-07-18 00:00:00+09:00,2488.86004343591,2494.99024058723,2396.9070861661103,2409.16748046875,1994400,0.0,0.0
2006-07-19 00:00:00+09:00,2378.516833199966,2421.428219365945,2268.1732687731637,2274.303466796875,2921400,0.0,0.0
2006-07-20 00:00:00+09:00,2341.735107421875,2353.99550065445,2274.3029446427113,2341.735107421875,2280200,0.0,0.0
2006-07-21 00:00:00+09:00,2329.474748883929,2329.474748883929,2286.563371930804,2317.21435546875,1123100,0.0,0.0
2006-07-24 00:00:00+09:00,2286.5638628442975,2304.954456915431,2268.1732687731637,2274.303466796875,919900,0.0,0.0
2006-07-25 00:00:00+09:00,2317.2137309827303,2360.125096371299,2304.9533408717107,2329.47412109375,774500,0.0,0.0
2006-07-26 00:00:00+09:00,2360.1256966145834,2372.3860898437497,2292.6935338541666,2298.82373046875,743600,0.0,0.0
2006-07-27 00:00:00+09:00,2317.2143203124997,2341.735106770833,2262.0425507812497,2298.82373046875,1308000,0.0,0.0
2006-07-28 00:00:00+09:00,2274.3034039223035,2298.8241953392553,2194.610831817209,2237.522216796875,2429000,0.0,0.0
2006-07-31 00:00:00+09:00,2157.828659539474,2329.47412109375,2072.0059287623353,2329.47412109375,4690700,0.0,0.0
2006-08-01 00:00:00+09:00,2311.08447265625,2347.8656578974637,2268.173089874834,2311.08447265625,1915900,0.0,0.0
2006-08-02 00:00:00+09:00,2231.3918731199865,2317.2146374707554,2231.3918731199865,2292.69384765625,2641600,0.0,0.0
2006-08-03 00:00:00+09:00,2323.344386115146,2482.7294891204065,2317.2141898457126,2439.818115234375,5393000,0.0,0.0
2006-08-04 00:00:00+09:00,2409.167376193854,2433.688163737812,2372.386194877917,2396.906982421875,3358800,0.0,0.0
2006-08-07 00:00:00+09:00,2390.776538848877,2409.167127609253,2341.7349688212075,2353.995361328125,1331500,0.0,0.0
2006-08-08 00:00:00+09:00,2366.2558938870256,2384.6464837358885,2317.2143209567244,2341.735107421875,970000,0.0,0.0
2006-08-09 00:00:00+09:00,2341.734868302137,2390.776436224695,2317.214084340858,2384.646240234375,998200,0.0,0.0
2006-08-10 00:00:00+09:00,2366.255859375,2390.7766454825132,2353.995466321244,2366.255859375,798800,0.0,0.0
2006-08-11 00:00:00+09:00,2353.99550065445,2366.2558938870256,2317.2143209567244,2341.735107421875,834900,0.0,0.0
2006-08-14 00:00:00+09:00,2329.475129528394,2353.9959203655353,2323.3449318191088,2347.86572265625,761900,0.0,0.0
2006-08-15 00:00:00+09:00,2341.735245578973,2415.297609314438,2335.6050486010176,2372.38623046875,1731100,0.0,0.0
2006-08-16 00:00:00+09:00,2378.516044244055,2390.776436224695,2366.255652263416,2384.646240234375,1370300,0.0,0.0
2006-08-17 00:00:00+09:00,2445.948311503808,2507.250274198139,2439.818115234375,2439.818115234375,2889500,0.0,0.0
2006-08-18 00:00:00+09:00,2452.0788944128785,2464.339288884943,2396.907119288589,2427.55810546875,1738900,0.0,0.0
2006-08-21 00:00:00+09:00,2415.297397085337,2427.5577899639425,2384.646414888822,2390.776611328125,918500,0.0,0.0
2006-08-22 00:00:00+09:00,2360.125456273096,2390.776436224695,2347.8650642924567,2384.646240234375,1209900,0.0,0.0
2006-08-23 00:00:00+09:00,2360.125662848122,2384.6464489556347,2353.995466321244,2366.255859375,941300,0.0,0.0
2006-08-24 00:00:00+09:00,2347.8647062602795,2353.9949013157893,2311.0835359272205,2329.47412109375,1228900,0.0,0.0
2006-08-25 00:00:00+09:00,2280.433175223214,2317.21435546875,2225.261404854911,2317.21435546875,2722200,0.0,0.0
2006-08-28 00:00:00+09:00,2311.0838090612533,2329.474396401263,2280.432830161237,2304.95361328125,1083700,0.0,0.0
2006-08-29 00:00:00+09:00,2353.9957386363635,2427.55810546875,2341.735344164299,2427.55810546875,4155200,0.0,0.0
2006-08-30 00:00:00+09:00,2445.948486328125,2494.990059988839,2427.5578962053573,2445.948486328125,4075500,0.0,0.0
2006-08-31 00:00:00+09:00,2452.0787874064836,2494.990166186097,2439.818393469451,2458.208984375,2409900,0.0,0.0
2006-09-01 00:00:00+09:00,2452.078471123418,2464.338863479035,2415.2972940565664,2421.427490234375,1034300,0.0,0.0
2006-09-04 00:00:00+09:00,2439.818289620536,2476.5994698660716,2433.6880929129466,2445.948486328125,848800,0.0,0.0
2006-09-05 00:00:00+09:00,2445.9482749456092,2464.338863479035,2390.776509345332,2421.427490234375,1786300,0.0,0.0
2006-09-06 00:00:00+09:00,2360.12611807482,2403.037502039817,2341.7355249469647,2347.86572265625,1980600,0.0,0.0
2006-09-07 00:00:00+09:00,2353.9949013157893,2353.9949013157893,2323.34392603824,2329.47412109375,1351300,0.0,0.0
2006-09-08 00:00:00+09:00,2335.6045003674694,2403.036651296714,2329.474304828447,2378.515869140625,2050100,0.0,0.0
2006-09-11 00:00:00+09:00,2372.3860559018785,2396.9068420093913,2335.604876740609,2366.255859375,1329300,0.0,0.0
2006-09-12 00:00:00+09:00,2384.6469089119614,2384.6469089119614,2347.86572265625,2347.86572265625,677100,0.0,0.0
2006-09-13 00:00:00+09:00,2378.516322544643,2396.906912667411,2317.21435546875,2317.21435546875,1520900,0.0,0.0
2006-09-14 00:00:00+09:00,2341.735626775568,2384.647012606534,2335.605428799716,2360.126220703125,1935300,0.0,0.0
2006-09-15 00:00:00+09:00,2347.8652697943653,2378.5162524287566,2341.735073267487,2366.255859375,930400,0.0,0.0
2006-09-18 00:00:00+09:00,2366.255859375,2366.255859375,2366.255859375,2366.255859375,0,0.0,0.0
2006-09-19 00:00:00+09:00,2384.646342595418,2384.646342595418,2347.865165074666,2353.995361328125,635800,0.0,0.0
2006-09-20 00:00:00+09:00,2341.734999424011,2347.865195757582,2280.433036088304,2286.563232421875,1253300,0.0,0.0
2006-09-21 00:00:00+09:00,2317.2147728912432,2329.4751685150063,2286.5637838318353,2323.344970703125,1063600,0.0,0.0
2006-09-22 00:00:00+09:00,2292.693498508904,2304.953891549059,2280.43310546875,2280.43310546875,735800,0.0,0.0
2006-09-25 00:00:00+09:00,2280.433140625,2298.82373046875,2249.7821575520834,2298.82373046875,824300,0.0,0.0
2006-09-26 00:00:00+09:00,2292.644045666437,2298.8236792127072,2230.8477102037295,2237.02734375,1079400,30.0,0.0
2006-09-27 00:00:00+09:00,2267.925562048471,2298.82373046875,2255.5662946803595,2298.82373046875,1034500,0.0,0.0
2006-09-28 00:00:00+09:00,2305.0033602977364,2360.6200633612207,2305.0033602977364,2354.4404296875,1797400,0.0,0.0
2006-09-29 00:00:00+09:00,2360.6200092516447,2366.799642783717,2342.0811086554277,2348.2607421875,785000,0.0,0.0
2006-10-02 00:00:00+09:00,2317.3626315209176,2323.5422652049733,2267.925562048471,2298.82373046875,1574700,0.0,0.0
2006-10-03 00:00:00+09:00,2286.4645761986303,2286.4645761986303,2243.207138270548,2255.56640625,1733300,0.0,0.0
2006-10-04 00:00:00+09:00,2261.7461784930265,2280.2850815954284,2237.0276410231577,2243.207275390625,2056800,0.0,0.0
2006-10-05 00:00:00+09:00,2255.5662443888123,2267.9255114813536,2224.6680766574586,2237.02734375,1335200,0.0,0.0
2006-10-06 00:00:00+09:00,2230.8475190071063,2237.0271520237466,2181.4104548739847,2187.590087890625,1658500,0.0,0.0
2006-10-09 00:00:00+09:00,2187.590087890625,2187.590087890625,2187.590087890625,2187.590087890625,0,0.0,0.0
2006-10-10 00:00:00+09:00,2162.8716088443825,2187.5901415168896,2094.8956439949875,2138.153076171875,2793400,0.0,0.0
2006-10-11 00:00:00+09:00,2144.332722108057,2144.332722108057,2002.2011583948429,2014.5604248046875,3500000,0.0,0.0
2006-10-12 00:00:00+09:00,2014.5601225353423,2101.074974423363,2014.5601225353423,2076.3564453125,2973000,0.0,0.0
2006-10-13 00:00:00+09:00,1983.6626232516383,1996.0218919323338,1897.1477424867692,1915.6866455078125,12091300,0.0,0.0
2006-10-16 00:00:00+09:00,1921.8660068390477,1958.9438076140775,1872.428939139008,1940.4049072265625,7271000,0.0,0.0
2006-10-17 00:00:00+09:00,1946.5848172095516,1946.5848172095516,1878.6088394657259,1915.6866455078125,4883600,0.0,0.0
2006-10-18 00:00:00+09:00,1915.6866234951333,1915.6866234951333,1832.2615608590547,1884.7884521484375,9199600,0.0,0.0
2006-10-19 00:00:00+09:00,1915.6866234951333,1952.764429111168,1872.429183609759,1884.7884521484375,5294900,0.0,0.0
2006-10-20 00:00:00+09:00,1897.1477424867692,1928.0459141885083,1884.7884738060736,1915.6866455078125,3837800,0.0,0.0
2006-10-23 00:00:00+09:00,1928.0461774553573,1958.9443533761162,1884.7887311662948,1903.32763671875,6258200,0.0,0.0
2006-10-24 00:00:00+09:00,1890.9675784527055,1897.1472110620282,1835.3508849688026,1841.530517578125,6312200,0.0,0.0
2006-10-25 00:00:00+09:00,1844.6205792662638,1866.249296276086,1813.7224121093748,1813.722412109375,4161100,0.0,0.0
2006-10-26 00:00:00+09:00,1822.9921609719866,1832.2616126379457,1816.8125265280137,1819.90234375,3144200,0.0,0.0
2006-10-27 00:00:00+09:00,1826.0817189723205,1841.530802889176,1826.0817189723205,1832.2613525390625,5054300,0.0,0.0
2006-10-30 00:00:00+09:00,1838.4410572379725,1850.8003248496564,1782.824352985395,1798.2734375,3899800,0.0,0.0
2006-10-31 00:00:00+09:00,1795.183417910621,1832.2612165593775,1789.0037848024951,1816.8121337890625,2870900,0.0,0.0
2006-11-01 00:00:00+09:00,1832.26135111964,1878.6086028343022,1822.9919007767078,1860.0697021484375,6826400,0.0,0.0
2006-11-02 00:00:00+09:00,1853.8903601694915,1866.249629237288,1816.8125529661017,1822.9921875,4498800,0.0,0.0
2006-11-03 00:00:00+09:00,1822.9921875,1822.9921875,1822.9921875,1822.9921875,0,0.0,0.0
2006-11-06 00:00:00+09:00,1829.1715872050913,1872.4290233889953,1816.8123197239756,1866.2493896484375,2752800,0.0,0.0
2006-11-07 00:00:00+09:00,1878.6086571295532,1884.7882908701108,1844.6206715564856,1866.2493896484375,1925800,0.0,0.0
2006-11-08 00:00:00+09:00,1847.7107209099663,1860.0699899461536,1773.555106692844,1779.7347412109375,4116200,0.0,0.0
2006-11-09 00:00:00+09:00,1792.0936814258143,1826.0816650390625,1782.8242313494738,1826.0816650390625,2650200,0.0,0.0
2006-11-10 00:00:00+09:00,1841.530517578125,1872.4286806247378,1829.17125235948,1841.530517578125,3510500,0.0,0.0
2006-11-13 00:00:00+09:00,1742.6572265625,1782.82485767121,1733.3877732297208,1742.6572265625,4824800,0.0,0.0
2006-11-14 00:00:00+09:00,1742.656876046317,1758.1059618268694,1717.9383387974328,1730.297607421875,3452400,0.0,0.0
2006-11-15 00:00:00+09:00,1755.0153247846729,1764.2847719226202,1736.4764305087785,1748.835693359375,2765700,0.0,0.0
2006-11-16 00:00:00+09:00,1736.4767580847758,1739.5665743803004,1653.051718105614,1662.3211669921875,4103200,0.0,0.0
2006-11-17 00:00:00+09:00,1637.6031116477982,1646.872563223163,1541.8187787023608,1547.9984130859375,8028200,0.0,0.0
2006-11-20 00:00:00+09:00,1554.1780365974673,1606.7049284904235,1526.3696820659022,1532.54931640625,5762300,0.0,0.0
2006-11-21 00:00:00+09:00,1547.9984395912445,1569.6271603040962,1535.639170612472,1551.0882568359375,3575400,0.0,0.0
2006-11-22 00:00:00+09:00,1544.9089637169473,1619.0645939753606,1535.6395099346455,1606.705322265625,3151100,0.0,0.0
2006-11-23 00:00:00+09:00,1606.705322265625,1606.705322265625,1606.705322265625,1606.705322265625,0,0.0,0.0
2006-11-24 00:00:00+09:00,1581.986365830116,1606.7049027962114,1575.8067315885921,1600.5252685546875,2040700,0.0,0.0
2006-11-27 00:00:00+09:00,1588.1660889600169,1634.5133483654647,1581.9864543726237,1625.243896484375,2150600,0.0,0.0
2006-11-28 00:00:00+09:00,1600.5249168148002,1625.2434483486197,1597.4351003730728,1615.9739990234375,1943400,0.0,0.0
2006-11-29 00:00:00+09:00,1668.5008848459863,1742.65647972803,1665.4110683925678,1727.2073974609375,4587200,0.0,0.0
2006-11-30 00:00:00+09:00,1801.36376953125,1807.5434051042562,1773.555409452723,1801.36376953125,4320800,0.0,0.0
2006-12-01 00:00:00+09:00,1804.4529900690845,1804.4529900690845,1773.5548224309152,1789.00390625,2522800,0.0,0.0
2006-12-04 00:00:00+09:00,1792.0939381083504,1884.7884521484375,1789.0041209736808,1884.7884521484375,3985200,0.0,0.0
2006-12-05 00:00:00+09:00,1872.4289692723473,1878.6086028343022,1847.7104350245274,1860.0697021484375,3123900,0.0,0.0
2006-12-06 00:00:00+09:00,1841.5309903971354,1866.2495271809896,1841.5309903971354,1853.8902587890625,2192700,0.0,0.0
2006-12-07 00:00:00+09:00,1866.2493896484377,1878.6086571295532,1835.351220945649,1866.2493896484375,1632000,0.0,0.0
2006-12-08 00:00:00+09:00,1890.9677323445235,1903.3269985689976,1872.4288330078125,1872.4288330078125,2083700,0.0,0.0
2006-12-11 00:00:00+09:00,1890.9680864177767,1909.506989225794,1872.429183609759,1884.7884521484375,1640500,0.0,0.0
2006-12-12 00:00:00+09:00,1860.0701816373532,1866.2498167922947,1832.261823440117,1844.62109375,1802200,0.0,0.0
2006-12-13 00:00:00+09:00,1860.069915071081,1884.7884521484375,1844.6208293977331,1884.7884521484375,1843000,0.0,0.0
2006-12-14 00:00:00+09:00,1897.1477424867692,1928.0459141885083,1884.7884738060736,1915.6866455078125,1986400,0.0,0.0
2006-12-15 00:00:00+09:00,1934.225548528856,1934.225548528856,1897.1477424867692,1915.6866455078125,1160200,0.0,0.0
2006-12-18 00:00:00+09:00,1915.6860901075163,1921.8657226562502,1897.1471924613145,1921.86572265625,949000,0.0,0.0
2006-12-19 00:00:00+09:00,1921.8658979057086,1921.8658979057086,1872.4288330078125,1872.4288330078125,1704600,0.0,0.0
2006-12-20 00:00:00+09:00,1872.4294091637826,1909.5072192462337,1866.2497741500406,1897.14794921875,1084200,0.0,0.0
2006-12-21 00:00:00+09:00,1903.3275842324917,1915.6868542599755,1890.968314205008,1897.14794921875,1188900,0.0,0.0
2006-12-22 00:00:00+09:00,1884.7886791912663,1903.3275842324917,1884.7886791912663,1897.14794921875,808900,0.0,0.0
2006-12-25 00:00:00+09:00,1897.1471924613145,1928.045355204984,1884.7879273638466,1921.86572265625,1092600,0.0,0.0
2006-12-26 00:00:00+09:00,1921.866473620451,1958.9442834009099,1915.686838657041,1952.7646484375,1593200,0.0,0.0
2006-12-27 00:00:00+09:00,1958.9442834009099,1971.3035533277296,1940.4053785106805,1952.7646484375,1322900,0.0,0.0
2006-12-28 00:00:00+09:00,1946.5850134740901,1958.9442834009099,1934.2257435472707,1952.7646484375,839100,0.0,0.0
2006-12-29 00:00:00+09:00,1952.7641860153815,1983.662353515625,1946.584552515333,1983.662353515625,858400,0.0,0.0
2007-01-04 00:00:00+09:00,2002.201254015771,2002.201254015771,1965.1234530154788,1983.662353515625,551900,0.0,0.0
2007-01-05 00:00:00+09:00,1983.663052540905,1983.663052540905,1946.58523847472,1965.1241455078125,867700,0.0,0.0
2007-01-09 00:00:00+09:00,1977.48291015625,1983.6625442504883,1958.9440078735352,1977.48291015625,1052600,0.0,0.0
2007-01-10 00:00:00+09:00,1971.3030745390874,1977.4827080015925,1934.2252737640576,1940.4049072265625,1733400,0.0,0.0
2007-01-11 00:00:00+09:00,1934.22544875372,1958.9439848400295,1928.0458147321426,1946.584716796875,1526300,0.0,0.0
2007-01-12 00:00:00+09:00,1952.7641860153815,1996.0216205157224,1946.584552515333,1983.662353515625,1839200,0.0,0.0
2007-01-15 00:00:00+09:00,1983.6625290390866,2002.2014311796388,1983.6625290390866,1989.8421630859375,1252300,0.0,0.0
2007-01-16 00:00:00+09:00,2002.2008883568546,2131.973168157762,1996.021255985383,2107.254638671875,4657400,0.0,0.0
2007-01-17 00:00:00+09:00,2076.357525887574,2094.8964323687132,2045.459348419009,2088.716796875,1910400,0.0,0.0
2007-01-18 00:00:00+09:00,2088.716796875,2094.8964323687132,2063.998254900148,2088.716796875,1329900,0.0,0.0
2007-01-19 00:00:00+09:00,2026.9203756009617,2045.4592814753607,1971.3036579777645,2008.3814697265625,3232100,0.0,0.0
2007-01-22 00:00:00+09:00,2008.381417726822,2076.3574041729607,1996.022147463888,2045.459228515625,1391100,0.0,0.0
2007-01-23 00:00:00+09:00,2020.740333320191,2026.9199673670419,1989.8421630859373,1989.8421630859375,1015300,0.0,0.0
2007-01-24 00:00:00+09:00,2002.2014311796388,2008.3810652264897,1971.303260945385,1989.8421630859375,1802900,0.0,0.0
2007-01-25 00:00:00+09:00,2008.3810806274414,2014.5607147216797,1965.1236419677734,1977.48291015625,1994600,0.0,0.0
2007-01-26 00:00:00+09:00,1952.7645220216425,1958.9441565850022,1860.0700035712482,1909.507080078125,2219200,0.0,0.0
2007-01-29 00:00:00+09:00,1903.3274455147655,1952.7645220216425,1903.3274455147655,1909.507080078125,1102300,0.0,0.0
2007-01-30 00:00:00+09:00,1915.6865466889878,1977.4828869047617,1903.327278645833,1946.584716796875,1318900,0.0,0.0
2007-01-31 00:00:00+09:00,1952.7638853999197,1952.7638853999197,1909.5064575587824,1921.86572265625,1285600,0.0,0.0
2007-02-01 00:00:00+09:00,1934.2257593012012,1940.405394314943,1897.14794921875,1897.14794921875,1000700,0.0,0.0
2007-02-02 00:00:00+09:00,1946.5846091565995,1971.3031438760484,1921.8660744371507,1934.225341796875,1154300,0.0,0.0
2007-02-05 00:00:00+09:00,1977.4832589285716,1977.4832589285716,1897.1480015345983,1903.32763671875,842900,0.0,0.0
2007-02-06 00:00:00+09:00,1940.4052933361088,1971.303466796875,1921.8663892596492,1971.303466796875,1436600,0.0,0.0
2007-02-07 00:00:00+09:00,1940.4049945351305,1940.4049945351305,1847.7104884267644,1866.2493896484375,3461100,0.0,0.0
2007-02-08 00:00:00+09:00,1810.632821096501,1866.249528911752,1724.1179422727773,1755.01611328125,5858700,0.0,0.0
2007-02-09 00:00:00+09:00,1798.2737510944235,1801.3635685361664,1764.2857592352507,1792.0941162109375,2497300,0.0,0.0
2007-02-13 00:00:00+09:00,1798.2738296696507,1801.3636472464025,1742.657113288115,1758.106201171875,2400000,0.0,0.0
2007-02-14 00:00:00+09:00,1776.6449239518909,1792.0940102471245,1742.6569341023762,1779.7347412109375,1663600,0.0,0.0
2007-02-15 00:00:00+09:00,1789.004498385238,1813.7230406772621,1785.914680598735,1801.36376953125,1288700,0.0,0.0
2007-02-16 00:00:00+09:00,1813.7227356991525,1832.2616393008475,1801.363466631356,1822.9921875,1115400,0.0,0.0
2007-02-19 00:00:00+09:00,1829.1714956878193,1832.261312403508,1798.2733285309305,1813.722412109375,1086100,0.0,0.0
2007-02-20 00:00:00+09:00,1810.6334541939402,1838.441817824905,1807.543636012722,1829.17236328125,1061300,0.0,0.0
2007-02-21 00:00:00+09:00,1844.6206715564856,1872.4290233889953,1838.4410378159278,1866.2493896484375,1575500,0.0,0.0
2007-02-22 00:00:00+09:00,1872.428939139008,1952.7641741515727,1866.249305676503,1940.4049072265625,2394400,0.0,0.0
2007-02-23 00:00:00+09:00,1940.4052528949233,1940.4052528949233,1866.2496381346077,1909.507080078125,1819400,0.0,0.0
2007-02-26 00:00:00+09:00,1878.6085205078125,1909.506686963533,1860.06962063438,1878.6085205078125,1001700,0.0,0.0
2007-02-27 00:00:00+09:00,1903.327654271344,1915.6869247536256,1866.2498428244996,1890.9683837890625,1160500,0.0,0.0
2007-02-28 00:00:00+09:00,1804.4530014887227,1847.7104364559182,1795.1835511386093,1832.2613525390625,1514000,0.0,0.0
2007-03-01 00:00:00+09:00,1841.5306662215667,1841.5306662215667,1801.3630510187472,1816.8121337890625,954100,0.0,0.0
2007-03-02 00:00:00+09:00,1819.9027024360553,1819.9027024360553,1792.094341957406,1804.45361328125,572500,0.0,0.0
2007-03-05 00:00:00+09:00,1779.7346500880283,1779.7346500880283,1736.4772106761666,1755.01611328125,2253400,0.0,0.0
2007-03-06 00:00:00+09:00,1736.4763559194712,1813.7217454176684,1736.4763559194712,1807.5421142578125,1324700,0.0,0.0
2007-03-07 00:00:00+09:00,1832.2618230139224,1844.6210933209302,1758.106201171875,1758.106201171875,1819500,0.0,0.0
2007-03-08 00:00:00+09:00,1761.1955279426638,1813.7224121093748,1748.8362610799084,1813.722412109375,1684000,0.0,0.0
2007-03-09 00:00:00+09:00,1816.8122288250638,1826.0816789721305,1801.3631452466193,1813.722412109375,903500,0.0,0.0
2007-03-12 00:00:00+09:00,1816.812214962722,1835.351115115403,1816.812214962722,1826.0816650390625,555800,0.0,0.0
2007-03-13 00:00:00+09:00,1819.9021558204468,1822.9919727233676,1798.2734375,1798.2734375,743100,0.0,0.0
2007-03-14 00:00:00+09:00,1755.016383595123,1773.5552890556348,1748.836748441619,1758.106201171875,1106700,0.0,0.0
2007-03-15 00:00:00+09:00,1764.2854956911322,1776.6447636119108,1758.105861730743,1761.1956787109375,691200,0.0,0.0
2007-03-16 00:00:00+09:00,1758.1061028130619,1758.1061028130619,1677.770850311938,1717.9384765625,1555500,0.0,0.0
2007-03-19 00:00:00+09:00,1693.219711524853,1717.9382474595222,1674.6808095738509,1705.5789794921875,1470400,0.0,0.0
2007-03-20 00:00:00+09:00,1690.1301959194031,1693.2200134622174,1628.333845063118,1640.693115234375,4031700,0.0,0.0
2007-03-22 00:00:00+09:00,1665.4113806382666,1668.5011976709905,1591.2557718528892,1637.60302734375,3974800,0.0,0.0
2007-03-23 00:00:00+09:00,1640.6928481323475,1640.6928481323475,1600.525226614983,1609.794677734375,4258100,0.0,0.0
2007-03-26 00:00:00+09:00,1612.884958120493,1634.51368361253,1603.6155043381912,1606.705322265625,3536600,0.0,0.0
2007-03-27 00:00:00+09:00,1612.9563866036347,1612.9563866036347,1584.8234263721758,1591.0751953125,1961300,30.0,0.0
2007-03-28 00:00:00+09:00,1578.5718690171072,1591.0754085736783,1566.068329460536,1581.69775390625,3360500,0.0,0.0
2007-03-29 00:00:00+09:00,1597.327120948384,1653.5930469309103,1597.327120948384,1637.963623046875,3013100,0.0,0.0
2007-03-30 00:00:00+09:00,1659.8452348188919,1731.7406028053977,1659.8452348188919,1719.237060546875,4417200,0.0,0.0
2007-04-02 00:00:00+09:00,1719.2365085377412,1734.86593134263,1691.1035474889418,1700.481201171875,2319300,0.0,0.0
2007-04-03 00:00:00+09:00,1722.3621158704843,1734.865652101849,1669.2220868871846,1703.6068115234375,1944800,0.0,0.0
2007-04-04 00:00:00+09:00,1687.9780918337265,1697.3557478994694,1647.3415822155073,1656.71923828125,2948200,0.0,0.0
2007-04-05 00:00:00+09:00,1659.8443689576327,1694.229092231708,1650.466717155612,1684.8514404296875,2346400,0.0,0.0
2007-04-06 00:00:00+09:00,1675.4741192581062,1681.7258883598156,1656.718811952978,1662.9705810546875,1006200,0.0,0.0
2007-04-09 00:00:00+09:00,1672.3482065893418,1691.1035135791287,1669.222322091044,1678.5999755859375,738600,0.0,0.0
2007-04-10 00:00:00+09:00,1697.355292547969,1756.7470983645646,1687.9776389979802,1741.11767578125,3088800,0.0,0.0
2007-04-11 00:00:00+09:00,1737.9915512547348,1756.746855764678,1712.9844785748105,1753.6209716796875,1822500,0.0,0.0
2007-04-12 00:00:00+09:00,1741.1180433262891,1744.2439285028177,1706.7333063844774,1716.1109619140625,1142400,0.0,0.0
2007-04-13 00:00:00+09:00,1728.6143178434215,1741.1178572129943,1709.8590087890625,1709.8590087890625,1188200,0.0,0.0
2007-04-16 00:00:00+09:00,1725.4881510416667,1728.614035373264,1678.5998860677084,1687.9775390625,1161800,0.0,0.0
2007-04-17 00:00:00+09:00,1697.35546941949,1712.9848936314556,1681.726045207524,1709.8590087890625,1086500,0.0,0.0
2007-04-18 00:00:00+09:00,1712.9851006869612,1834.8946242759969,1709.8592154667297,1813.013427734375,6001400,0.0,0.0
2007-04-19 00:00:00+09:00,1800.509519777098,1831.7683656065615,1778.6283276964734,1788.0059814453125,2416300,0.0,0.0
2007-04-20 00:00:00+09:00,1806.7613115535673,1806.7613115535673,1722.3624267578125,1722.3624267578125,2939100,0.0,0.0
2007-04-23 00:00:00+09:00,1728.6142578125,1766.124874618558,1716.1107188771475,1728.6142578125,2225300,0.0,0.0
2007-04-24 00:00:00+09:00,1722.3621158704843,1722.3621158704843,1691.1032752920728,1703.6068115234375,1403800,0.0,0.0
2007-04-25 00:00:00+09:00,1725.4884330010284,1734.8660875282078,1697.35546941949,1709.8590087890625,1627600,0.0,0.0
2007-04-26 00:00:00+09:00,1722.3631668231326,1725.4890527883288,1697.3560791015625,1697.3560791015625,1165500,0.0,0.0
2007-04-27 00:00:00+09:00,1697.3553166108973,1716.1106239767635,1681.7258938060088,1700.481201171875,1213100,0.0,0.0
2007-05-01 00:00:00+09:00,1716.1108999100943,1797.3839115633957,1706.733244719329,1772.3768310546875,2632300,0.0,0.0
2007-05-02 00:00:00+09:00,1750.4950875946968,1775.502160274621,1725.4880149147725,1753.6209716796875,1809600,0.0,0.0
2007-05-07 00:00:00+09:00,1819.2646782722409,1828.6423312530255,1813.0129096183844,1816.1387939453125,1860500,0.0,0.0
2007-05-08 00:00:00+09:00,1797.3838207257893,1838.0203244987204,1794.2579358201792,1831.7685546875,1434400,0.0,0.0
2007-05-09 00:00:00+09:00,1881.7825927734377,1888.034362184645,1872.4049386566264,1881.7825927734375,2727400,0.0,0.0
2007-05-10 00:00:00+09:00,1863.0272183580462,1866.1531029526066,1822.39071862876,1838.0201416015625,2177100,0.0,0.0
2007-05-11 00:00:00+09:00,1794.2576628110157,1813.0129693909219,1781.7541250910783,1809.8870849609375,3214300,0.0,0.0
2007-05-14 00:00:00+09:00,1797.3837751185965,1809.8873144237696,1559.8165283203125,1559.8165283203125,3176100,0.0,0.0
2007-05-15 00:00:00+09:00,1406.6479336683917,1491.0468096884954,1403.522049371351,1472.29150390625,18444200,0.0,0.0
2007-05-16 00:00:00+09:00,1434.7812817382812,1437.9071668836805,1406.6483154296873,1406.6483154296875,5231400,0.0,0.0
2007-05-17 00:00:00+09:00,1375.3892506614702,1384.766904643253,1362.885712019093,1366.0115966796875,4495000,0.0,0.0
2007-05-18 00:00:00+09:00,1378.5149875521124,1400.3961778307175,1369.1373345755676,1394.1444091796875,5071600,0.0,0.0
2007-05-21 00:00:00+09:00,1394.1448679766859,1419.1519508103484,1378.5154412056468,1384.7672119140625,2092900,0.0,0.0
2007-05-22 00:00:00+09:00,1397.2706599934895,1412.900085720486,1384.7671194118923,1406.6483154296875,2285300,0.0,0.0
2007-05-23 00:00:00+09:00,1416.0259708658853,1425.4036263020832,1400.3965451388888,1406.6483154296875,1690500,0.0,0.0
2007-05-24 00:00:00+09:00,1391.0185248541725,1397.2702935052025,1384.7667562031424,1394.1444091796875,1522700,0.0,0.0
2007-05-25 00:00:00+09:00,1384.7664213373419,1394.1440720461726,1381.6405377677318,1391.0181884765625,1493300,0.0,0.0
2007-05-28 00:00:00+09:00,1403.5224906448768,1431.6554581633711,1403.5224906448768,1412.900146484375,1485700,0.0,0.0
2007-05-29 00:00:00+09:00,1419.1519170440404,1425.4036876037057,1412.900146484375,1412.900146484375,1264900,0.0,0.0
2007-05-30 00:00:00+09:00,1406.6482543945312,1419.1517944335938,1381.6411743164062,1387.8929443359375,1656100,0.0,0.0
2007-05-31 00:00:00+09:00,1403.522124699184,1406.6480091639928,1391.0185868399485,1400.396240234375,1362400,0.0,0.0
2007-06-01 00:00:00+09:00,1387.8928542041988,1419.151702271861,1387.8928542041988,1409.7740478515625,1311600,0.0,0.0
2007-06-04 00:00:00+09:00,1453.5366814754248,1487.921420176994,1453.5366814754248,1459.7884521484375,2597900,0.0,0.0
2007-06-05 00:00:00+09:00,1462.9139990868507,1462.9139990868507,1437.9069221793832,1444.15869140625,2857600,0.0,0.0
2007-06-06 00:00:00+09:00,1462.9143374849436,1466.04022282145,1450.4107961389186,1459.7884521484375,1088100,0.0,0.0
2007-06-07 00:00:00+09:00,1437.9067120295697,1462.913785282258,1437.9067120295697,1453.5361328125,1666200,0.0,0.0
2007-06-08 00:00:00+09:00,1456.6623540350731,1469.1658935546875,1447.2846993953624,1469.1658935546875,2660500,0.0,0.0
2007-06-11 00:00:00+09:00,1428.5295707370924,1441.033111837636,1425.4036854619565,1437.9072265625,1874300,0.0,0.0
2007-06-12 00:00:00+09:00,1397.2706599934895,1416.0259708658853,1394.1447748480903,1406.6483154296875,1882300,0.0,0.0
2007-06-13 00:00:00+09:00,1359.7597007484703,1362.885585118007,1325.3749726835665,1341.00439453125,3849500,0.0,0.0
2007-06-14 00:00:00+09:00,1315.9975588809743,1334.7528685087316,1315.9975588809743,1328.5010986328125,3062400,0.0,0.0
2007-06-15 00:00:00+09:00,1369.1376647254058,1372.2635498046875,1356.6341244082787,1372.2635498046875,2514800,0.0,0.0
2007-06-18 00:00:00+09:00,1331.6268310546875,1334.752715634628,1331.6268310546875,1331.6268310546875,2040100,0.0,0.0
2007-06-19 00:00:00+09:00,1303.4939875948255,1306.6198724571632,1284.7386784207993,1294.1163330078125,3972600,0.0,0.0
2007-06-20 00:00:00+09:00,1297.2422483873713,1300.3681333232444,1284.7387086438785,1290.990478515625,3814000,0.0,0.0
2007-06-21 00:00:00+09:00,1281.6128234117132,1287.864593282014,1275.361053541412,1278.4869384765625,2063200,0.0,0.0
2007-06-22 00:00:00+09:00,1334.7528991699219,1341.0046691894531,1312.8717041015625,1325.375244140625,4803400,0.0,0.0
2007-06-25 00:00:00+09:00,1297.2422178701502,1300.3681027324878,1290.9904481454746,1294.1163330078125,1646400,0.0,0.0
2007-06-26 00:00:00+09:00,1297.2419976128472,1300.3678819444444,1253.4796169704862,1265.983154296875,1975400,0.0,0.0
2007-06-27 00:00:00+09:00,1249.1034060058594,1253.479644165039,1240.3509296875,1250.353759765625,2942800,0.0,0.0
2007-06-28 00:00:00+09:00,1249.103710573111,1256.6058349609375,1247.853356508473,1256.6058349609375,1451000,0.0,0.0
2007-06-29 00:00:00+09:00,1265.9832121196546,1269.109096594024,1241.6013132195724,1247.2279052734375,1984500,0.0,0.0
2007-07-02 00:00:00+09:00,1275.3613305422339,1275.3613305422339,1262.8577880859375,1262.8577880859375,1677000,0.0,0.0
2007-07-03 00:00:00+09:00,1287.864775508283,1303.4942023955196,1269.1094632435993,1297.242431640625,2324300,0.0,0.0
2007-07-04 00:00:00+09:00,1287.864280833204,1294.1160491867633,1250.3536707118485,1259.7313232421875,1769800,0.0,0.0
2007-07-05 00:00:00+09:00,1253.4799991642033,1259.7317697336007,1247.8534056517456,1249.103759765625,1968800,0.0,0.0
2007-07-06 00:00:00+09:00,1253.4795548886282,1262.857207418967,1250.3536707118485,1259.7313232421875,1533600,0.0,0.0
2007-07-09 00:00:00+09:00,1250.3535576802706,1256.6053254686717,1247.2276737860698,1248.47802734375,1965500,0.0,0.0
2007-07-10 00:00:00+09:00,1253.4794415744711,1253.4794415744711,1244.7269666707093,1248.47802734375,3270800,0.0,0.0
2007-07-11 00:00:00+09:00,1247.8530821683114,1253.4796742221765,1244.727197693942,1247.2279052734375,2583500,0.0,0.0
2007-07-12 00:00:00+09:00,1249.7284964754926,1253.4795574954292,1215.3437704594087,1223.4710693359375,2119400,0.0,0.0
2007-07-13 00:00:00+09:00,1237.850313181889,1253.479736328125,1234.724428552642,1253.479736328125,3671600,0.0,0.0
2007-07-17 00:00:00+09:00,1244.1021781427285,1244.7273551166697,1225.9720458984375,1225.9720458984375,3574900,0.0,0.0
2007-07-18 00:00:00+09:00,1226.5973879197522,1235.9750437906985,1214.0938467584908,1224.0966796875,2306000,0.0,0.0
2007-07-19 00:00:00+09:00,1234.099365234375,1234.099365234375,1227.8475954003611,1234.099365234375,872400,0.0,0.0
2007-07-20 00:00:00+09:00,1244.1024290031219,1253.4800855031453,1237.8506580031062,1245.352783203125,1706300,0.0,0.0
2007-07-23 00:00:00+09:00,1224.7218876383088,1224.7218876383088,1217.8449398261487,1220.9708251953125,1875600,0.0,0.0
2007-07-24 00:00:00+09:00,1201.5907184491268,1204.0914275405923,1189.7123502646662,1197.2144775390625,3190900,0.0,0.0
2007-07-25 00:00:00+09:00,1152.826287219125,1152.826287219125,1144.0738099842727,1145.9493408203125,5206700,0.0,0.0
2007-07-26 00:00:00+09:00,1087.8077992345557,1087.8077992345557,1071.5531999356485,1081.5560302734375,5694200,0.0,0.0
2007-07-27 00:00:00+09:00,1096.5603116975797,1106.5631423630082,1061.5504043685805,1072.8035888671875,4020400,0.0,0.0
2007-07-30 00:00:00+09:00,1073.4285679490354,1094.0594023941828,1052.1725567025198,1065.30126953125,3281700,0.0,0.0
2007-07-31 00:00:00+09:00,1078.430181116491,1079.0553580330802,1065.3014658681163,1072.8035888671875,2027800,0.0,0.0
2007-08-01 00:00:00+09:00,1067.8020740464156,1071.5531351964614,1052.1726525878908,1062.8006591796875,2497700,0.0,0.0
2007-08-02 00:00:00+09:00,1062.1749650506897,1063.42531815846,1002.7831924316106,1013.4111938476562,4733600,0.0,0.0
2007-08-03 00:00:00+09:00,1014.0370435261138,1046.5462459079622,1014.0370435261138,1038.4189453125,4203500,0.0,0.0
2007-08-06 00:00:00+09:00,1032.7921894383028,1076.5545703467053,1026.5404207371023,1070.927978515625,3652600,0.0,0.0
2007-08-07 00:00:00+09:00,1125.318446118374,1127.1939768619045,1086.557477418741,1090.9337158203125,4856200,0.0,0.0
2007-08-08 00:00:00+09:00,1060.9253847785517,1060.9253847785517,1027.1658262764647,1039.044189453125,3884000,0.0,0.0
2007-08-09 00:00:00+09:00,1073.4285260037893,1122.8174913819485,1070.3026421190957,1085.306884765625,4509900,0.0,0.0
2007-08-10 00:00:00+09:00,1078.4303100797988,1094.059734863564,1070.303009192241,1079.6806640625,2436000,0.0,0.0
2007-08-13 00:00:00+09:00,1030.9166336978776,1054.673354183335,1029.0411031332362,1037.7935791015625,2611800,0.0,0.0
2007-08-14 00:00:00+09:00,1026.5401129807692,1029.0408197115385,1004.033752403846,1015.912109375,2810800,0.0,0.0
2007-08-15 00:00:00+09:00,995.9068055194773,1002.7837514458516,989.6550364955007,996.531982421875,2979500,0.0,0.0
2007-08-16 00:00:00+09:00,973.4008752681367,987.1547733130301,956.5210913039493,985.9044189453125,2812800,0.0,0.0
2007-08-17 00:00:00+09:00,975.276123046875,992.7810791015625,950.26904296875,962.7725830078125,2719700,0.0,0.0
2007-08-20 00:00:00+09:00,986.5292609854138,1015.2874016732015,986.5292609854138,1001.5335083007812,2285900,0.0,0.0
2007-08-21 00:00:00+09:00,1005.9097598597333,1023.4147152830227,1004.6594059009269,1015.2874145507812,1616900,0.0,0.0
2007-08-22 00:00:00+09:00,1017.7880010709914,1025.2901239290086,1016.5376472613218,1021.5390625,2086700,0.0,0.0
2007-08-23 00:00:00+09:00,1043.4203860319685,1053.4232177734375,1035.918262225867,1053.4232177734375,1422400,0.0,0.0
2007-08-24 00:00:00+09:00,1050.9226624261764,1056.5492560977027,1037.7939438592819,1050.2974853515625,1387200,0.0,0.0
2007-08-27 00:00:00+09:00,1065.926366197159,1065.926366197159,1055.9235381272736,1063.4256591796875,2350200,0.0,0.0
2007-08-28 00:00:00+09:00,1062.8005623257777,1072.8033911476673,1054.0480871066243,1065.30126953125,1122700,0.0,0.0
2007-08-29 00:00:00+09:00,1044.670559665376,1060.9251584393437,1044.670559665376,1059.6748046875,1797600,0.0,0.0
2007-08-30 00:00:00+09:00,1073.428778154331,1074.679132001919,1066.5518319925968,1074.053955078125,1861200,0.0,0.0
2007-08-31 00:00:00+09:00,1084.6818037320104,1101.5615781993097,1081.5559195713995,1100.9364013671875,1632600,0.0,0.0
2007-09-03 00:00:00+09:00,1100.9368323588637,1100.9368323588637,1059.049968208924,1069.677978515625,1495300,0.0,0.0
2007-09-04 00:00:00+09:00,1062.8004873166037,1082.8061435484458,1060.9249570448685,1075.92919921875,1534000,0.0,0.0
2007-09-05 00:00:00+09:00,1069.052505901153,1073.4287442294033,1049.6720218760443,1052.1727294921875,1220300,0.0,0.0
2007-09-06 00:00:00+09:00,1034.6679923788574,1053.4233034189576,1024.6651598241374,1049.6722412109375,1733100,0.0,0.0
2007-09-07 00:00:00+09:00,1046.5463560375877,1052.1729493496175,1030.2917531361675,1049.6722412109375,1509800,0.0,0.0
2007-09-10 00:00:00+09:00,1007.785284183952,1012.1615230110534,981.5278512213428,1002.15869140625,2746900,0.0,0.0
2007-09-11 00:00:00+09:00,1010.9108301175025,1016.5374210086947,959.0211585653982,969.0239868164062,3754900,0.0,0.0
2007-09-12 00:00:00+09:00,982.1530129554492,984.028543852245,940.2661562603408,944.6423950195312,2486500,0.0,0.0
2007-09-13 00:00:00+09:00,937.7653808593749,940.8912654622395,934.6394962565104,937.765380859375,2607000,0.0,0.0
2007-09-14 00:00:00+09:00,949.0186527257172,965.2732541558019,945.2675908572361,959.021484375,1762900,0.0,0.0
2007-09-18 00:00:00+09:00,954.019738875255,954.019738875255,936.5147895380944,938.3903198242188,2465100,0.0,0.0
2007-09-19 00:00:00+09:00,948.393366342447,957.1458430258974,948.393366342447,954.0199584960938,1392500,0.0,0.0
2007-09-20 00:00:00+09:00,940.8913454407506,948.393469125328,937.7654605721766,945.8927612304688,1983600,0.0,0.0
2007-09-21 00:00:00+09:00,945.8925088407514,945.8925088407514,934.6393263165388,939.0155639648438,1680200,0.0,0.0
2007-09-25 00:00:00+09:00,937.7401371815757,960.0672833049466,925.6196864288887,942.20556640625,2549500,30.0,0.0
2007-09-26 00:00:00+09:00,956.8774836676098,967.722095149176,947.9466271533787,958.1533203125,2200500,0.0,0.0
2007-09-27 00:00:00+09:00,968.3596323584296,1004.083044355842,967.0837962156648,1001.5313720703125,2083400,0.0,0.0
2007-09-28 00:00:00+09:00,1006.6349676393995,1006.6349676393995,968.9977920432495,976.014892578125,1559500,0.0,0.0
2007-10-01 00:00:00+09:00,988.7734546661377,1035.9794131469728,976.0150875091553,1020.6693725585938,3145800,0.0,0.0
2007-10-02 00:00:00+09:00,1016.203855003501,1020.0313648151903,991.9629595294689,1014.2901000976562,2088400,0.0,0.0
2007-10-03 00:00:00+09:00,1033.427725265275,1048.7377656395756,1020.0314399377623,1025.772705078125,2364600,0.0,0.0
2007-10-04 00:00:00+09:00,1023.2208439813074,1025.1345986770332,1002.1695423283254,1007.2728881835938,2379500,0.0,0.0
2007-10-05 00:00:00+09:00,976.0151515938558,993.2389483866884,974.101396394652,989.4114379882812,3199700,0.0,0.0
2007-10-09 00:00:00+09:00,893.0856227274961,1034.703485759999,878.4135017826873,1014.2901000976562,12018000,0.0,0.0
2007-10-10 00:00:00+09:00,1017.4801083595281,1031.514316750694,958.7916005419253,976.6533203125,4209800,0.0,0.0
2007-10-11 00:00:00+09:00,973.4632739485982,974.1011922146195,947.3086250417223,955.6015625,3280500,0.0,0.0
2007-10-12 00:00:00+09:00,955.6015697003064,955.6015697003064,930.0848388671874,930.0848388671875,3280500,0.0,0.0
2007-10-15 00:00:00+09:00,942.8430674554218,942.8430674554218,928.1709493556418,935.1880493164062,1631200,0.0,0.0
2007-10-16 00:00:00+09:00,950.8097135132591,950.8097135132591,950.4982299804688,950.4982299804688,1631200,0.0,0.0
2007-10-17 00:00:00+09:00,903.292293452951,916.0506591796876,903.292293452951,916.0506591796875,1631200,0.0,0.0
2007-10-18 00:00:00+09:00,914.1371879338386,915.4130249023436,914.1371879338386,915.4130249023438,1631200,0.0,0.0
2007-10-19 00:00:00+09:00,901.3788297949836,906.482177734375,901.3788297949836,906.482177734375,1631200,0.0,0.0
2007-10-22 00:00:00+09:00,896.2751751687417,908.3956223774294,891.8097472497516,902.6543579101562,2042600,0.0,0.0
2007-10-23 00:00:00+09:00,898.669203344295,898.669203344295,896.2754516601562,896.2754516601562,2042600,0.0,0.0
2007-10-24 00:00:00+09:00,895.6372230862446,895.6372230862446,892.4476318359375,892.4476318359375,2042600,0.0,0.0
2007-10-25 00:00:00+09:00,896.9134138824246,899.4650878906249,896.9134138824246,899.465087890625,2042600,0.0,0.0
2007-10-26 00:00:00+09:00,899.4650295415114,942.2055664062499,899.4650295415114,942.20556640625,2042600,0.0,0.0
2007-10-29 00:00:00+09:00,942.8432021445416,966.4461781116241,938.3777742588774,959.4290771484375,1728900,0.0,0.0
2007-10-30 00:00:00+09:00,961.9810670946465,1011.7387084960938,961.9810670946465,1011.7387084960938,1728900,0.0,0.0
2007-10-31 00:00:00+09:00,1004.721281129855,1013.0142186883871,980.4803867279918,1011.1004638671875,1963900,0.0,0.0
2007-11-01 00:00:00+09:00,1011.1005504859421,1065.3236083984375,1011.1005504859421,1065.3236083984375,1963900,0.0,0.0
2007-11-02 00:00:00+09:00,1062.134162311518,1062.134162311518,1012.3765258789062,1012.3765258789062,1963900,0.0,0.0
2007-11-05 00:00:00+09:00,1007.9110116848153,1014.9281136648995,980.4805221263045,991.3251342773438,1017400,0.0,0.0
2007-11-06 00:00:00+09:00,976.0148978233337,979.8424072265625,976.0148978233337,979.8424072265625,1017400,0.0,0.0
2007-11-07 00:00:00+09:00,979.8423995611074,979.8423995611074,944.7568969726562,944.7568969726562,1017400,0.0,0.0
2007-11-08 00:00:00+09:00,944.7570885245757,944.7570885245757,917.3265991210938,917.3265991210938,1017400,0.0,0.0
2007-11-09 00:00:00+09:00,917.3267316270149,917.3267316270149,887.9824829101562,887.9824829101562,1017400,0.0,0.0
2007-11-12 00:00:00+09:00,887.9825297162575,935.8264160156249,887.9825297162575,935.826416015625,1017400,0.0,0.0
2007-11-13 00:00:00+09:00,935.8259258836316,988.7731323242189,935.8259258836316,988.7731323242188,1017400,0.0,0.0
2007-11-14 00:00:00+09:00,988.773395072145,988.773395072145,970.9116821289062,970.9116821289062,1017400,0.0,0.0
2007-11-15 00:00:00+09:00,972.1875569443281,972.1875569443281,951.774169921875,951.774169921875,1017400,0.0,0.0
2007-11-16 00:00:00+09:00,948.6810282008555,953.6880493164062,948.6810282008555,953.6880493164062,1017400,0.0,0.0
2007-11-19 00:00:00+09:00,913.5286627432536,914.1371459960938,913.5286627432536,914.1371459960938,1017400,0.0,0.0
2007-11-20 00:00:00+09:00,910.7090437258913,910.7090437258913,909.6715698242188,909.6715698242188,1017400,0.0,0.0
2007-11-21 00:00:00+09:00,910.3093566675138,910.3093566675138,887.3442993164062,887.3442993164062,1017400,0.0,0.0
2007-11-22 00:00:00+09:00,888.6204013605227,888.6204013605227,887.9824829101562,887.9824829101562,1017400,0.0,0.0
2007-11-26 00:00:00+09:00,888.6200588630742,898.1888319305158,886.0683860450897,890.5338134765625,1380800,0.0,0.0
2007-11-27 00:00:00+09:00,875.8618971729679,909.6715698242188,875.8618971729679,909.6715698242188,1017400,0.0,0.0
2007-11-28 00:00:00+09:00,905.206151168002,917.3265999856144,897.5511308621415,900.74072265625,1569500,0.0,0.0
2007-11-29 00:00:00+09:00,919.2402431431899,919.2402431431899,910.3093872070312,910.3093872070312,1569500,0.0,0.0
2007-11-30 00:00:00+09:00,912.8611714738624,912.8611714738624,900.74072265625,900.74072265625,1569500,0.0,0.0
2007-12-03 00:00:00+09:00,900.7404164575332,913.498779296875,900.7404164575332,913.498779296875,1569500,0.0,0.0
2007-12-04 00:00:00+09:00,913.498999058265,913.498999058265,894.3614501953125,894.3614501953125,1569500,0.0,0.0
2007-12-05 00:00:00+09:00,896.9130757795687,896.9130757795687,889.258056640625,889.258056640625,1569500,0.0,0.0
2007-12-06 00:00:00+09:00,887.9820284296028,887.9820284296028,883.5166015624999,883.5166015625,1569500,0.0,0.0
2007-12-07 00:00:00+09:00,889.2582482545507,896.9132690429688,889.2582482545507,896.9132690429688,1569500,0.0,0.0
2007-12-10 00:00:00+09:00,894.3614540492825,929.4469604492188,894.3614540492825,929.4469604492188,1569500,0.0,0.0
2007-12-11 00:00:00+09:00,928.1712246989156,928.8091430664062,928.1712246989156,928.8091430664062,1569500,0.0,0.0
2007-12-12 00:00:00+09:00,909.033789272966,924.9817504882811,909.033789272966,924.9817504882812,1569500,0.0,0.0
2007-12-13 00:00:00+09:00,910.3094881761291,910.3094881761291,909.6715698242188,909.6715698242188,1569500,0.0,0.0
2007-12-14 00:00:00+09:00,910.3093946026561,916.0506591796876,910.3093946026561,916.0506591796875,1569500,0.0,0.0
2007-12-17 00:00:00+09:00,913.4990542836953,913.4990542836953,888.6202392578125,888.6202392578125,1569500,0.0,0.0
2007-12-18 00:00:00+09:00,877.1378633688088,889.2583138444504,871.3965973540311,882.2412109375,1849400,0.0,0.0
2007-12-19 00:00:00+09:00,877.1375225436303,877.1375225436303,870.1204223632812,870.1204223632812,1569500,0.0,0.0
2007-12-20 00:00:00+09:00,842.05225270704,847.7935180664062,842.05225270704,847.7935180664062,1569500,0.0,0.0
2007-12-21 00:00:00+09:00,847.7935190102489,866.2931518554688,847.7935190102489,866.2931518554688,1569500,0.0,0.0
2007-12-25 00:00:00+09:00,843.3280894535659,847.7935180664062,843.3280894535659,847.7935180664062,1569500,0.0,0.0
2007-12-26 00:00:00+09:00,884.7927667935003,889.8961136819992,880.9652566271261,886.068603515625,1569500,0.0,0.0
2007-12-27 00:00:00+09:00,887.3445703368966,893.7237548828125,887.3445703368966,893.7237548828125,1569500,0.0,0.0
2007-12-28 00:00:00+09:00,883.5168925858366,899.4648509357614,881.6031375838456,888.6202392578125,967800,0.0,0.0
2008-01-04 00:00:00+09:00,886.0685309273856,922.4298745291574,859.913880266462,893.0856323242188,2722200,0.0,0.0
2008-01-07 00:00:00+09:00,890.1831426693933,900.74072265625,890.1831426693933,900.74072265625,1569500,0.0,0.0
2008-01-08 00:00:00+09:00,900.7405047485001,900.7405047485001,890.5338134765625,890.5338134765625,1569500,0.0,0.0
2008-01-09 00:00:00+09:00,890.5340297858609,890.5340297858609,884.1548461914062,884.1548461914062,1569500,0.0,0.0
2008-01-10 00:00:00+09:00,879.051793148643,879.051793148643,872.672607421875,872.672607421875,1569500,0.0,0.0
2008-01-11 00:00:00+09:00,872.6721620963251,872.6721620963251,859.27587890625,859.27587890625,1569500,0.0,0.0
2008-01-15 00:00:00+09:00,860.552048968605,860.552048968605,824.82861328125,824.82861328125,1569500,0.0,0.0
2008-01-16 00:00:00+09:00,791.6566927197954,792.2946110862094,764.2262029639926,769.9674682617188,2040100,0.0,0.0
2008-01-17 00:00:00+09:00,769.9676313008348,791.6568603515625,769.9676313008348,791.6568603515625,2040100,0.0,0.0
2008-01-18 00:00:00+09:00,782.7257470703125,813.3458251953125,782.7257470703125,813.3458251953125,2040100,0.0,0.0
2008-01-21 00:00:00+09:00,780.1740957942549,782.7257690429688,780.1740957942549,782.7257690429688,2040100,0.0,0.0
2008-01-22 00:00:00+09:00,760.3988641658113,760.3988641658113,738.0717163085938,738.0717163085938,2040100,0.0,0.0
2008-01-23 00:00:00+09:00,734.244073791504,765.5020751953125,734.244073791504,765.5020751953125,2040100,0.0,0.0
2008-01-24 00:00:00+09:00,765.5018708124488,779.5360717773438,765.5018708124488,779.5360717773438,2040100,0.0,0.0
2008-01-25 00:00:00+09:00,777.6480303120297,777.6480303120297,769.9674682617188,769.9674682617188,2040100,0.0,0.0
2008-01-28 00:00:00+09:00,761.674564819336,765.5020751953125,761.674564819336,765.5020751953125,2040100,0.0,0.0
2008-01-29 00:00:00+09:00,780.174072265625,780.174072265625,780.174072265625,780.174072265625,2040100,0.0,0.0
2008-01-30 00:00:00+09:00,784.660026775904,784.660026775904,771.881103515625,771.881103515625,2040100,0.0,0.0
2008-01-31 00:00:00+09:00,782.087941422001,791.018798828125,782.087941422001,791.018798828125,2040100,0.0,0.0
2008-02-01 00:00:00+09:00,791.0187284488243,791.0187284488243,783.3637084960938,783.3637084960938,2040100,0.0,0.0
2008-02-04 00:00:00+09:00,783.3637219315056,811.43212890625,783.3637219315056,811.43212890625,2040100,0.0,0.0
2008-02-05 00:00:00+09:00,813.9837663397132,813.9837663397132,782.7257690429688,782.7257690429688,2040100,0.0,0.0
2008-02-06 00:00:00+09:00,786.5533303622542,786.5533303622542,739.9852905273438,739.9852905273438,2040100,0.0,0.0
2008-02-07 00:00:00+09:00,739.9854183931244,745.7266845703125,739.9854183931244,745.7266845703125,2040100,0.0,0.0
2008-02-08 00:00:00+09:00,745.7266373512962,745.7266373512962,701.7102661132812,701.7102661132812,2040100,0.0,0.0
2008-02-12 00:00:00+09:00,586.8849637215598,604.7466800087376,576.0403502614874,581.7816162109375,10088800,0.0,0.0
2008-02-13 00:00:00+09:00,584.0795832560576,584.0795832560576,547.9718627929688,547.9718627929688,2040100,0.0,0.0
2008-02-14 00:00:00+09:00,548.6097870897127,570.2990112304688,548.6097870897127,570.2990112304688,2040100,0.0,0.0
2008-02-15 00:00:00+09:00,602.1949673445766,608.5741513206845,595.1778649708581,602.8328857421875,2040100,0.0,0.0
2008-02-18 00:00:00+09:00,602.8328502879424,607.2982788085938,602.8328502879424,607.2982788085938,2040100,0.0,0.0
2008-02-19 00:00:00+09:00,604.595954304058,611.7638549804688,604.595954304058,611.7638549804688,2040100,0.0,0.0
2008-02-20 00:00:00+09:00,608.5741513206845,608.5741513206845,602.8328857421875,602.8328857421875,2040100,0.0,0.0
2008-02-21 00:00:00+09:00,600.281265685719,615.59130859375,600.281265685719,615.59130859375,2040100,0.0,0.0
2008-02-22 00:00:00+09:00,606.0225317762306,615.59130859375,606.0225317762306,615.59130859375,2040100,0.0,0.0
2008-02-25 00:00:00+09:00,637.918316199632,639.1941528320312,637.918316199632,639.1941528320312,2040100,0.0,0.0
2008-02-26 00:00:00+09:00,694.0551081730769,704.8997192382812,694.0551081730769,704.8997192382812,2040100,0.0,0.0
2008-02-27 00:00:00+09:00,704.8998498916626,704.8998498916626,694.0552368164062,694.0552368164062,2040100,0.0,0.0
2008-02-28 00:00:00+09:00,698.5205997601014,698.5205997601014,690.2276611328125,690.2276611328125,2040100,0.0,0.0
2008-02-29 00:00:00+09:00,690.8656538931282,740.623291015625,690.8656538931282,740.623291015625,2040100,0.0,0.0
2008-03-03 00:00:00+09:00,740.6232899613814,740.6232899613814,701.7102661132812,701.7102661132812,2040100,0.0,0.0
2008-03-04 00:00:00+09:00,698.9383526588545,736.7955932617188,698.9383526588545,736.7955932617188,2040100,0.0,0.0
2008-03-05 00:00:00+09:00,735.5198809155959,735.5198809155959,703.6239624023438,703.6239624023438,2040100,0.0,0.0
2008-03-06 00:00:00+09:00,749.5539787363663,752.1056518554688,749.5539787363663,752.1056518554688,2040100,0.0,0.0
2008-03-07 00:00:00+09:00,752.105970372563,752.105970372563,720.8479614257812,720.8479614257812,2040100,0.0,0.0
2008-03-10 00:00:00+09:00,687.6758608906686,687.6758608906686,686.4000244140625,686.4000244140625,2040100,0.0,0.0
2008-03-11 00:00:00+09:00,686.40008143961,699.158447265625,686.40008143961,699.158447265625,2040100,0.0,0.0
2008-03-12 00:00:00+09:00,699.1586704480593,699.1586704480593,698.520751953125,698.520751953125,2040100,0.0,0.0
2008-03-13 00:00:00+09:00,671.0900623595793,683.2105102539062,671.0900623595793,683.2105102539062,2040100,0.0,0.0
2008-03-14 00:00:00+09:00,683.2105171449723,683.2105171449723,672.3659057617188,672.3659057617188,2040100,0.0,0.0
2008-03-17 00:00:00+09:00,675.5554039747195,678.7449951171875,675.5554039747195,678.7449951171875,2040100,0.0,0.0
2008-03-18 00:00:00+09:00,676.193332601214,686.4000244140625,676.193332601214,686.4000244140625,2040100,0.0,0.0
2008-03-19 00:00:00+09:00,686.4003158330698,693.4174194335938,686.4003158330698,693.4174194335938,2040100,0.0,0.0
2008-03-21 00:00:00+09:00,693.4172032175501,693.4172032175501,683.2105102539062,683.2105102539062,2040100,0.0,0.0
2008-03-24 00:00:00+09:00,685.7623691665394,685.7623691665394,685.1244506835938,685.1244506835938,2040100,0.0,0.0
2008-03-25 00:00:00+09:00,685.1244204459933,695.3311157226562,685.1244204459933,695.3311157226562,2040100,0.0,0.0
2008-03-26 00:00:00+09:00,694.6842389304883,700.505615234375,694.6842389304883,700.505615234375,2040100,15.0,0.0
2008-03-27 00:00:00+09:00,700.5055780428593,700.5055780428593,692.096923828125,692.096923828125,2040100,0.0,0.0
2008-03-28 00:00:00+09:00,693.3905949659251,694.0374145507812,693.3905949659251,694.0374145507812,2040100,0.0,0.0
2008-03-31 00:00:00+09:00,699.2119623120926,699.2119623120926,682.3946533203125,682.3946533203125,2040100,0.0,0.0
2008-04-01 00:00:00+09:00,699.8586898240605,718.616455078125,699.8586898240605,718.616455078125,2040100,0.0,0.0
2008-04-02 00:00:00+09:00,718.616583098083,769.71533203125,718.616583098083,769.71533203125,2040100,0.0,0.0
2008-04-03 00:00:00+09:00,771.6557149181268,771.6557149181268,751.6043090820312,751.6043090820312,2040100,0.0,0.0
2008-04-04 00:00:00+09:00,802.7031386860893,822.1077270507812,802.7031386860893,822.1077270507812,2040100,0.0,0.0
2008-04-07 00:00:00+09:00,833.1037605226502,834.3973999023438,833.1037605226502,834.3973999023438,2040100,0.0,0.0
2008-04-08 00:00:00+09:00,846.686903297244,846.686903297244,821.4609374999999,821.4609375,2040100,0.0,0.0
2008-04-09 00:00:00+09:00,821.4607383542257,821.4607383542257,770.3619995117188,770.3619995117188,2040100,0.0,0.0
2008-04-10 00:00:00+09:00,744.4891617781633,744.4891617781633,739.96142578125,739.96142578125,2040100,0.0,0.0
2008-04-11 00:00:00+09:00,740.6086690446972,740.6086690446972,730.9063720703125,730.9063720703125,2040100,0.0,0.0
2008-04-14 00:00:00+09:00,728.9654280695756,761.306396484375,728.9654280695756,761.306396484375,2040100,0.0,0.0
2008-04-15 00:00:00+09:00,738.668071639324,757.4258422851562,738.668071639324,757.4258422851562,2040100,0.0,0.0
2008-04-16 00:00:00+09:00,757.4256315166448,760.6597290039062,757.4256315166448,760.6597290039062,2040100,0.0,0.0
2008-04-17 00:00:00+09:00,785.8856414794922,785.8856414794922,776.183349609375,776.183349609375,2040100,0.0,0.0
2008-04-18 00:00:00+09:00,794.2944108099105,803.9967041015624,794.2944108099105,803.9967041015625,2040100,0.0,0.0
2008-04-21 00:00:00+09:00,820.1673789566125,820.1673789566125,802.7032470703125,802.7032470703125,2040100,0.0,0.0
2008-04-22 00:00:00+09:00,803.3499212528815,803.3499212528815,771.65576171875,771.65576171875,2040100,0.0,0.0
2008-04-23 00:00:00+09:00,764.5408366158505,771.009033203125,764.5408366158505,771.009033203125,2040100,0.0,0.0
2008-04-24 00:00:00+09:00,771.6557467617255,771.6557467617255,752.2511596679688,752.2511596679688,2040100,0.0,0.0
2008-04-25 00:00:00+09:00,779.4174219577937,782.0046997070312,779.4174219577937,782.0046997070312,2040100,0.0,0.0
2008-04-28 00:00:00+09:00,841.5122134462168,849.2740478515625,841.5122134462168,849.2740478515625,2040100,0.0,0.0
2008-04-30 00:00:00+09:00,823.2247147843798,823.2247147843798,813.0523071289061,813.0523071289062,2040100,0.0,0.0
2008-05-01 00:00:00+09:00,806.5839770983025,806.5839770983025,797.5285034179688,797.5285034179688,2040100,0.0,0.0
2008-05-02 00:00:00+09:00,795.5881520669291,821.4609374999999,795.5881520669291,821.4609375,2040100,0.0,0.0
2008-05-07 00:00:00+09:00,818.2265585731948,818.2265585731948,814.3456420898436,814.3456420898438,200,0.0,0.0
2008-05-08 00:00:00+09:00,814.3456328242659,814.3456328242659,805.2901611328126,805.2901611328125,200,0.0,0.0
2008-05-09 00:00:00+09:00,803.3497411382406,803.3497411382406,782.0046997070312,782.0046997070312,200,0.0,0.0
2008-05-12 00:00:00+09:00,761.9532833726043,767.774658203125,761.9532833726043,767.774658203125,200,0.0,0.0
2008-05-13 00:00:00+09:00,772.9492136080323,772.9492136080323,767.774658203125,767.774658203125,200,0.0,0.0
2008-05-14 00:00:00+09:00,767.7748019226595,767.7748019226595,756.7788696289062,756.7788696289062,200,0.0,0.0
2008-05-15 00:00:00+09:00,755.4850683170995,755.4850683170995,747.0764160156249,747.076416015625,200,0.0,0.0
2008-05-16 00:00:00+09:00,765.8344701692487,765.8344701692487,761.9535522460938,761.9535522460938,200,0.0,0.0
2008-05-19 00:00:00+09:00,750.310543066914,750.310543066914,746.4296264648438,746.4296264648438,200,0.0,0.0
2008-05-20 00:00:00+09:00,725.7314636064161,725.7314636064161,712.1482543945312,712.1482543945312,200,0.0,0.0
2008-05-21 00:00:00+09:00,690.8034112898567,699.85888671875,690.8034112898567,699.85888671875,200,0.0,0.0
2008-05-22 00:00:00+09:00,702.4459872402988,706.326904296875,702.4459872402988,706.326904296875,200,0.0,0.0
2008-05-23 00:00:00+09:00,705.033412081318,705.033412081318,697.9183959960938,697.9183959960938,200,0.0,0.0
2008-05-26 00:00:00+09:00,698.5652078669888,698.5652078669888,686.275634765625,686.275634765625,200,0.0,0.0
2008-05-27 00:00:00+09:00,686.2756304101191,686.2756304101191,679.8074340820312,679.8074340820312,200,0.0,0.0
2008-05-28 00:00:00+09:00,676.5732589586911,676.5732589586911,659.109130859375,659.109130859375,200,0.0,0.0
2008-05-29 00:00:00+09:00,678.5137258925876,678.5137258925876,669.458251953125,669.458251953125,200,0.0,0.0
2008-05-30 00:00:00+09:00,674.6327739100302,701.7991943359375,674.6327739100302,701.7991943359375,200,0.0,0.0
2008-06-02 00:00:00+09:00,673.3391179359197,681.1009521484375,673.3391179359197,681.1009521484375,200,0.0,0.0
2008-06-03 00:00:00+09:00,682.3945186938747,701.1522827148438,682.3945186938747,701.1522827148438,200,0.0,0.0
2008-06-04 00:00:00+09:00,703.8008339556387,703.8008339556387,686.9221801757812,686.9221801757812,200,0.0,0.0
2008-06-05 00:00:00+09:00,686.9225206667878,695.3311767578125,686.9225206667878,695.3311767578125,200,0.0,0.0
2008-06-06 00:00:00+09:00,708.9141499332817,708.9141499332817,704.3864135742189,704.3864135742188,200,0.0,0.0
2008-06-09 00:00:00+09:00,682.3945623455626,683.0413818359375,682.3945623455626,683.0413818359375,200,0.0,0.0
2008-06-10 00:00:00+09:00,683.0414608086809,683.0414608086809,666.8709716796875,666.8709716796875,200,0.0,0.0
2008-06-11 00:00:00+09:00,666.8710036139423,668.8114624023438,666.8710036139423,668.8114624023438,200,0.0,0.0
2008-06-12 00:00:00+09:00,662.3431348425197,662.3431348425197,657.1685791015625,657.1685791015625,200,0.0,0.0
2008-06-13 00:00:00+09:00,657.8154618207146,659.7559204101562,657.8154618207146,659.7559204101562,200,0.0,0.0
2008-06-16 00:00:00+09:00,661.0495502878969,684.9818725585938,661.0495502878969,684.9818725585938,200,0.0,0.0
2008-06-17 00:00:00+09:00,684.3351307693038,684.3351307693038,666.2241821289062,666.2241821289062,200,0.0,0.0
2008-06-18 00:00:00+09:00,661.6963153749001,662.9899543101393,656.5217596339429,657.1685791015625,1524800,0.0,0.0
2008-06-19 00:00:00+09:00,657.1686575665364,657.1686575665364,640.9981689453125,640.9981689453125,1524800,0.0,0.0
2008-06-20 00:00:00+09:00,640.3513734033502,640.3513734033502,632.5895385742188,632.5895385742188,1524800,0.0,0.0
2008-06-23 00:00:00+09:00,632.5896004813059,633.8832397460938,632.5896004813059,633.8832397460938,1524800,0.0,0.0
2008-06-24 00:00:00+09:00,633.8832059352518,633.8832059352518,629.35546875,629.35546875,1524800,0.0,0.0
2008-06-25 00:00:00+09:00,621.5936279296875,621.5936279296875,621.5936279296875,621.5936279296875,1524800,0.0,0.0
2008-06-26 00:00:00+09:00,639.0576996572477,639.0576996572477,628.061767578125,628.061767578125,1524800,0.0,0.0
2008-06-27 00:00:00+09:00,628.0617249177632,628.0617249177632,614.478515625,614.478515625,1524800,0.0,0.0
2008-06-30 00:00:00+09:00,615.1252581800292,615.1252581800292,598.9547729492188,598.9547729492188,1524800,0.0,0.0
2008-07-01 00:00:00+09:00,598.954846732224,613.1848754882812,598.954846732224,613.1848754882812,1524800,0.0,0.0
2008-07-02 00:00:00+09:00,613.1849797175481,613.1849797175481,588.6058349609375,588.6058349609375,1524800,0.0,0.0
2008-07-03 00:00:00+09:00,588.6058059475116,590.5462646484375,588.6058059475116,590.5462646484375,1524800,0.0,0.0
2008-07-04 00:00:00+09:00,591.1930756509055,618.3594970703125,591.1930756509055,618.3594970703125,1524800,0.0,0.0
2008-07-07 00:00:00+09:00,611.2444819366583,618.3594970703125,611.2444819366583,618.3594970703125,1524800,0.0,0.0
2008-07-08 00:00:00+09:00,595.720771928267,604.7762451171875,595.720771928267,604.7762451171875,1524800,0.0,0.0
2008-07-09 00:00:00+09:00,604.7762513303471,648.1131591796875,604.7762513303471,648.1131591796875,1524800,0.0,0.0
2008-07-10 00:00:00+09:00,648.1131792508638,672.6923217773438,648.1131792508638,672.6923217773438,1524800,0.0,0.0
2008-07-11 00:00:00+09:00,672.6922512054443,672.6922512054443,662.3431396484375,662.3431396484375,1524800,0.0,0.0
2008-07-14 00:00:00+09:00,668.1647004542062,668.1647004542062,663.636962890625,663.636962890625,1524800,0.0,0.0
2008-07-15 00:00:00+09:00,663.6368005334799,663.6368005334799,652.640869140625,652.640869140625,1524800,0.0,0.0
2008-07-16 00:00:00+09:00,655.2281826296584,658.4622802734375,655.2281826296584,658.4622802734375,1524800,0.0,0.0
2008-07-17 00:00:00+09:00,663.6369037517067,666.2241821289062,663.6369037517067,666.2241821289062,1524800,0.0,0.0
2008-07-18 00:00:00+09:00,666.2240900126792,666.2240900126792,665.5772705078125,665.5772705078125,1524800,0.0,0.0
2008-07-22 00:00:00+09:00,664.2836314980791,668.1645485272792,648.7599633812789,665.5772705078125,1294000,0.0,0.0
2008-07-23 00:00:00+09:00,676.5734561311709,677.2202758789062,676.5734561311709,677.2202758789062,1294000,0.0,0.0
2008-07-24 00:00:00+09:00,683.6882302192768,683.6882302192768,681.1009521484375,681.1009521484375,1294000,0.0,0.0
2008-07-25 00:00:00+09:00,669.4581668190017,676.5731811523438,669.4581668190017,676.5731811523438,1294000,0.0,0.0
2008-07-28 00:00:00+09:00,676.5733350493773,678.5137939453125,676.5733350493773,678.5137939453125,1294000,0.0,0.0
2008-07-29 00:00:00+09:00,662.3432296767875,662.3432296767875,660.4027709960938,660.4027709960938,1294000,0.0,0.0
2008-07-30 00:00:00+09:00,666.8710017232062,666.8710017232062,666.2241821289062,666.2241821289062,1294000,0.0,0.0
2008-07-31 00:00:00+09:00,664.625300578596,664.625300578596,653.2877197265625,653.2877197265625,1294000,0.0,0.0
2008-08-01 00:00:00+09:00,653.9346553727412,690.1565551757812,653.9346553727412,690.1565551757812,1294000,0.0,0.0
2008-08-04 00:00:00+09:00,690.1564208984375,782.651611328125,690.1564208984375,782.651611328125,1294000,0.0,0.0
2008-08-05 00:00:00+09:00,782.6515147508327,782.6515147508327,746.4296264648438,746.4296264648438,1294000,0.0,0.0
2008-08-06 00:00:00+09:00,746.4297527372324,751.6043090820312,746.4297527372324,751.6043090820312,1294000,0.0,0.0
2008-08-07 00:00:00+09:00,732.1997123758346,738.6679077148438,732.1997123758346,738.6679077148438,1294000,0.0,0.0
2008-08-08 00:00:00+09:00,773.5962578981918,781.3580932617188,773.5962578981918,781.3580932617188,1294000,0.0,0.0
2008-08-11 00:00:00+09:00,809.8178201829088,818.873291015625,809.8178201829088,818.873291015625,1294000,0.0,0.0
2008-08-12 00:00:00+09:00,813.0521217827215,813.0521217827215,810.46484375,810.46484375,1294000,0.0,0.0
2008-08-13 00:00:00+09:00,809.8181840551181,821.4609374999999,809.8181840551181,821.4609375,1294000,0.0,0.0
2008-08-14 00:00:00+09:00,820.1674769699193,820.1674769699193,812.4056396484375,812.4056396484375,1294000,0.0,0.0
2008-08-15 00:00:00+09:00,812.4053745404412,824.6949462890625,812.4053745404412,824.6949462890625,1294000,0.0,0.0
2008-08-18 00:00:00+09:00,802.7031515047147,802.7031515047147,796.8817749023438,796.8817749023438,1294000,0.0,0.0
2008-08-19 00:00:00+09:00,761.3064898991989,763.2469482421875,761.3064898991989,763.2469482421875,1294000,0.0,0.0
2008-08-20 00:00:00+09:00,762.6003997046961,762.6003997046961,757.4258422851562,757.4258422851562,1294000,0.0,0.0
2008-08-21 00:00:00+09:00,752.2512026490283,769.71533203125,752.2512026490283,769.71533203125,1294000,0.0,0.0
2008-08-22 00:00:00+09:00,770.3623797661436,770.3623797661436,730.9063720703125,730.9063720703125,1294000,0.0,0.0
2008-08-25 00:00:00+09:00,731.5531047510663,739.31494140625,731.5531047510663,739.31494140625,1294000,0.0,0.0
2008-08-26 00:00:00+09:00,739.314802464431,739.314802464431,716.0292968750001,716.029296875,1294000,0.0,0.0
2008-08-27 00:00:00+09:00,712.1482520577249,712.1482520577249,709.5609741210938,709.5609741210938,1294000,0.0,0.0
2008-08-28 00:00:00+09:00,699.2119440714519,699.2119440714519,698.5651245117188,698.5651245117188,1294000,0.0,0.0
2008-08-29 00:00:00+09:00,712.1481858617742,712.1481858617742,673.98583984375,673.98583984375,1294000,0.0,0.0
2008-09-01 00:00:00+09:00,673.9859399852638,673.9859399852638,648.1131591796875,648.1131591796875,1294000,0.0,0.0
2008-09-02 00:00:00+09:00,648.1131186548224,648.1131186548224,637.1171875,637.1171875,1294000,0.0,0.0
2008-09-03 00:00:00+09:00,626.1212396731322,626.1212396731322,619.0062255859375,619.0062255859375,1294000,0.0,0.0
2008-09-04 00:00:00+09:00,619.006252055921,619.006252055921,614.478515625,614.478515625,1294000,0.0,0.0
2008-09-05 00:00:00+09:00,600.8953906172,607.3635864257812,600.8953906172,607.3635864257812,1294000,0.0,0.0
2008-09-08 00:00:00+09:00,607.3635584944386,610.59765625,607.3635584944386,610.59765625,1294000,0.0,0.0
2008-09-09 00:00:00+09:00,610.5976424206835,610.5976424206835,593.7803344726562,593.7803344726562,1294000,0.0,0.0
2008-09-10 00:00:00+09:00,608.0102911306354,619.6530413863285,606.0698327546867,615.1253051757812,2308800,0.0,0.0
2008-09-11 00:00:00+09:00,615.1254771299621,615.1254771299621,598.3081665039062,598.3081665039062,2308800,0.0,0.0
2008-09-12 00:00:00+09:00,598.3081599644253,633.8832397460938,598.3081599644253,633.8832397460938,2308800,0.0,0.0
2008-09-16 00:00:00+09:00,633.8831497766722,635.8236083984375,633.8831497766722,635.8236083984375,2308800,0.0,0.0
2008-09-17 00:00:00+09:00,622.2402716815858,622.2402716815858,598.9547729492188,598.9547729492188,2308800,0.0,0.0
2008-09-18 00:00:00+09:00,598.9548661772992,600.8953247070312,598.9548661772992,600.8953247070312,2308800,0.0,0.0
2008-09-19 00:00:00+09:00,613.1848857239906,624.82763671875,613.1848857239906,624.82763671875,2308800,0.0,0.0
2008-09-22 00:00:00+09:00,648.1132100910835,674.6328125,648.1132100910835,674.6328125,2308800,0.0,0.0
2008-09-24 00:00:00+09:00,653.9345435721466,658.4622802734375,653.9345435721466,658.4622802734375,2308800,0.0,0.0
2008-09-25 00:00:00+09:00,650.5843546385736,652.5538330078125,650.5843546385736,652.5538330078125,2308800,15.0,0.0
2008-09-26 00:00:00+09:00,651.897384223588,651.897384223588,644.0194702148438,644.0194702148438,2308800,0.0,0.0
2008-09-29 00:00:00+09:00,644.0194662831312,644.0194662831312,642.0499877929688,642.0499877929688,2308800,0.0,0.0
2008-09-30 00:00:00+09:00,642.0499416286663,642.0499416286663,619.7291870117188,619.7291870117188,2308800,0.0,0.0
2008-10-01 00:00:00+09:00,619.7290499113357,619.7290499113357,613.1641235351562,613.1641235351562,2308800,0.0,0.0
2008-10-02 00:00:00+09:00,613.8207872667715,637.4545288085938,613.8207872667715,637.4545288085938,2308800,0.0,0.0
2008-10-03 00:00:00+09:00,639.423951572516,640.0804443359375,639.423951572516,640.0804443359375,2308800,0.0,0.0
2008-10-06 00:00:00+09:00,636.7978584894021,636.7978584894021,613.1641235351562,613.1641235351562,2308800,0.0,0.0
2008-10-07 00:00:00+09:00,581.2799238113066,590.843505859375,581.2799238113066,590.843505859375,2308800,0.0,0.0
2008-10-08 00:00:00+09:00,590.8435592651367,590.8435592651367,525.1942749023438,525.1942749023438,2308800,0.0,0.0
2008-10-09 00:00:00+09:00,538.9807772590118,540.9502563476562,538.9807772590118,540.9502563476562,2308800,0.0,0.0
2008-10-10 00:00:00+09:00,510.0949401855469,510.0949401855469,510.0949401855469,510.0949401855469,2308800,0.0,0.0
2008-10-14 00:00:00+09:00,573.1181696301311,575.744140625,573.1181696301311,575.744140625,2308800,0.0,0.0
2008-10-15 00:00:00+09:00,555.3927581931742,555.3927581931742,554.0797729492188,554.0797729492188,2308800,0.0,0.0
2008-10-16 00:00:00+09:00,554.080064039964,554.080064039964,512.0645141601562,512.0645141601562,2308800,0.0,0.0
2008-10-17 00:00:00+09:00,508.12543654594475,512.7208862304688,508.12543654594475,512.7208862304688,2308800,0.0,0.0
2008-10-20 00:00:00+09:00,513.3773573133681,531.7591552734375,513.3773573133681,531.7591552734375,2308800,0.0,0.0
2008-10-21 00:00:00+09:00,535.6981708790996,535.6981708790996,530.4462280273438,530.4462280273438,2308800,0.0,0.0
2008-10-22 00:00:00+09:00,530.4461581231424,530.4461581231424,496.96502685546875,496.96502685546875,2308800,0.0,0.0
2008-10-23 00:00:00+09:00,477.55990062626745,477.55990062626745,475.30084228515625,475.30084228515625,2308800,0.0,0.0
2008-10-24 00:00:00+09:00,473.33136401656105,473.33136401656105,443.78918457031244,443.7891845703125,2308800,0.0,0.0
2008-10-27 00:00:00+09:00,408.9950256347656,408.9950256347656,408.9950256347656,408.9950256347656,2308800,0.0,0.0
2008-10-28 00:00:00+09:00,399.14765227027823,418.8424377441406,399.14765227027823,418.8424377441406,2308800,0.0,0.0
2008-10-29 00:00:00+09:00,419.49894071621907,419.49894071621907,408.33856201171875,408.33856201171875,2308800,0.0,0.0
2008-10-30 00:00:00+09:00,408.33839954403663,456.2623596191406,408.33839954403663,456.2623596191406,2308800,0.0,0.0
2008-10-31 00:00:00+09:00,456.9189946069236,481.209228515625,456.9189946069236,481.209228515625,2308800,0.0,0.0
2008-11-04 00:00:00+09:00,481.8657424390016,522.5682983398438,481.8657424390016,522.5682983398438,2599200,0.0,0.0
2008-11-05 00:00:00+09:00,522.5682514735631,588.217529296875,522.5682514735631,588.217529296875,2599200,0.0,0.0
2008-11-06 00:00:00+09:00,588.8741047330254,630.8896484375,588.8741047330254,630.8896484375,2599200,0.0,0.0
2008-11-07 00:00:00+09:00,630.8895643201926,630.8895643201926,619.7291870117188,619.7291870117188,2599200,0.0,0.0
2008-11-10 00:00:00+09:00,659.1187340434095,668.9661254882812,659.1187340434095,668.9661254882812,2599200,0.0,0.0
2008-11-11 00:00:00+09:00,669.6226413699861,669.6226413699861,650.5843505859375,650.5843505859375,2599200,0.0,0.0
2008-11-12 00:00:00+09:00,623.0116065117106,627.6070556640625,623.0116065117106,627.6070556640625,2599200,0.0,0.0
2008-11-13 00:00:00+09:00,605.2864479639197,610.5383911132812,605.2864479639197,610.5383911132812,2599200,0.0,0.0
2008-11-14 00:00:00+09:00,611.1946948980409,611.1946948980409,607.9122314453125,607.9122314453125,2599200,0.0,0.0
2008-11-17 00:00:00+09:00,607.9123613742288,611.851318359375,607.9123613742288,611.851318359375,2599200,0.0,0.0
2008-11-18 00:00:00+09:00,612.5079226674652,612.5079226674652,605.9429931640625,605.9429931640625,2599200,0.0,0.0
2008-11-19 00:00:00+09:00,605.2863337389288,613.8207397460938,605.2863337389288,613.8207397460938,2599200,0.0,0.0
2008-11-20 00:00:00+09:00,613.8209145644615,613.8209145644615,609.2254638671875,609.2254638671875,2599200,0.0,0.0
2008-11-21 00:00:00+09:00,609.2253024860964,619.7291870117188,609.2253024860964,619.7291870117188,2599200,0.0,0.0
2008-11-25 00:00:00+09:00,621.0423583984375,621.0423583984375,621.0423583984375,621.0423583984375,2599200,0.0,0.0
2008-11-26 00:00:00+09:00,621.0420852562263,621.0420852562263,607.9122314453125,607.9122314453125,2599200,0.0,0.0
2008-11-27 00:00:00+09:00,621.378316660566,621.6986694335938,621.378316660566,621.6986694335938,2599200,0.0,0.0
2008-11-28 00:00:00+09:00,622.3551259988294,622.3551259988294,604.6298217773438,604.6298217773438,2599200,0.0,0.0
2008-12-01 00:00:00+09:00,604.6298774877317,604.6298774877317,602.00390625,602.00390625,2599200,0.0,0.0
2008-12-02 00:00:00+09:00,602.0039022433158,602.0039022433158,600.034423828125,600.034423828125,2599200,0.0,0.0
2008-12-03 00:00:00+09:00,605.2863431310958,618.4161987304688,605.2863431310958,618.4161987304688,2599200,0.0,0.0
2008-12-04 00:00:00+09:00,618.4162370110147,637.4545288085938,618.4162370110147,637.4545288085938,2599200,0.0,0.0
2008-12-05 00:00:00+09:00,638.1110398655615,646.6454467773438,638.1110398655615,646.6454467773438,2599200,0.0,0.0
2008-12-08 00:00:00+09:00,647.3019266307131,701.1343383789062,647.3019266307131,701.1343383789062,2599200,0.0,0.0
2008-12-09 00:00:00+09:00,745.1194851976906,745.1194851976906,733.3026123046875,733.3026123046875,2599200,0.0,0.0
2008-12-10 00:00:00+09:00,733.958739999172,733.958739999172,681.4393310546875,681.4393310546875,2599200,0.0,0.0
2008-12-11 00:00:00+09:00,693.256374883829,706.38623046875,693.256374883829,706.38623046875,2599200,0.0,0.0
2008-12-12 00:00:00+09:00,706.3862504882812,706.3862504882812,656.4927978515625,656.4927978515625,2599200,0.0,0.0
2008-12-15 00:00:00+09:00,701.7907003916365,701.7907003916365,697.1952514648438,697.1952514648438,2599200,0.0,0.0
2008-12-16 00:00:00+09:00,700.4778187875529,700.4778187875529,688.0044555664062,688.0044555664062,1726400,0.0,0.0
2008-12-17 00:00:00+09:00,688.6610742164271,689.9740600585938,688.6610742164271,689.9740600585938,908200,0.0,0.0
2008-12-18 00:00:00+09:00,697.1952009980317,697.1952009980317,674.8744506835938,674.8744506835938,1326700,0.0,0.0
2008-12-19 00:00:00+09:00,675.5311262498209,675.5311262498209,644.0194702148438,644.0194702148438,2200500,0.0,0.0
2008-12-22 00:00:00+09:00,644.0193219051183,644.0193219051183,632.2024536132812,632.2024536132812,1288400,0.0,0.0
2008-12-24 00:00:00+09:00,634.1720309445162,650.5843505859375,634.1720309445162,650.5843505859375,835200,0.0,0.0
2008-12-25 00:00:00+09:00,650.3178703843192,650.3178703843192,649.9279174804688,649.9279174804688,304400,0.0,0.0
2008-12-26 00:00:00+09:00,659.1187797425285,662.401243785071,656.4928085084946,661.7447509765625,463400,0.0,0.0
2008-12-29 00:00:00+09:00,658.4622948400133,665.6837158203125,658.4622948400133,665.6837158203125,638300,0.0,0.0
2008-12-30 00:00:00+09:00,652.5538275824653,682.096002875434,651.8973347981771,679.4700317382812,380900,0.0,0.0
2009-01-05 00:00:00+09:00,691.2868935276399,700.4777923969533,672.9050957890132,675.5310668945312,388700,0.0,0.0
2009-01-06 00:00:00+09:00,681.439566078519,681.439566078519,676.8441162109375,676.8441162109375,1458600,0.0,0.0
2009-01-07 00:00:00+09:00,676.844024567467,676.844024567467,662.4011840820312,662.4011840820312,1275300,0.0,0.0
2009-01-08 00:00:00+09:00,662.4012207277607,662.4012207277607,650.5843505859375,650.5843505859375,706500,0.0,0.0
2009-01-09 00:00:00+09:00,651.2408392902328,651.2408392902328,648.6148681640625,648.6148681640625,874800,0.0,0.0
2009-01-13 00:00:00+09:00,651.2407941618724,651.2407941618724,627.6070556640625,627.6070556640625,2157100,0.0,0.0
2009-01-14 00:00:00+09:00,626.9506467224583,626.9506467224583,608.56884765625,608.56884765625,804300,0.0,0.0
2009-01-15 00:00:00+09:00,608.5689984449953,608.5689984449953,590.1871948242188,590.1871948242188,2080400,0.0,0.0
2009-01-16 00:00:00+09:00,592.1564492411998,628.2635498046875,592.1564492411998,628.2635498046875,1129200,0.0,0.0
2009-01-19 00:00:00+09:00,624.981087511417,628.9200439453125,624.981087511417,628.9200439453125,756900,0.0,0.0
2009-01-20 00:00:00+09:00,604.6299550702495,610.5383911132812,604.6299550702495,610.5383911132812,419900,0.0,0.0
2009-01-21 00:00:00+09:00,610.5382504406203,659.1187133789062,610.5382504406203,659.1187133789062,5317400,0.0,0.0
2009-01-22 00:00:00+09:00,659.1186920875726,677.50048828125,659.1186920875726,677.50048828125,1635800,0.0,0.0
2009-01-23 00:00:00+09:00,677.5004459278415,677.5004459278415,658.462158203125,658.462158203125,780400,0.0,0.0
2009-01-26 00:00:00+09:00,658.4624385794893,658.4624385794893,644.6760864257812,644.6760864257812,580700,0.0,0.0
2009-01-27 00:00:00+09:00,638.1109483237295,660.4317016601562,638.1109483237295,660.4317016601562,823400,0.0,0.0
2009-01-28 00:00:00+09:00,661.0883003122666,714.2642211914062,661.0883003122666,714.2642211914062,2034600,0.0,0.0
2009-01-29 00:00:00+09:00,714.9206446104082,769.4095458984375,714.9206446104082,769.4095458984375,3471900,0.0,0.0
2009-01-30 00:00:00+09:00,770.0661888155875,770.0661888155875,751.6843872070312,751.6843872070312,3660200,0.0,0.0
2009-02-02 00:00:00+09:00,751.6844507504816,751.6844507504816,718.8598022460938,718.8598022460938,1799800,0.0,0.0
2009-02-03 00:00:00+09:00,718.8595311060028,734.6153564453125,718.8595311060028,734.6153564453125,1442700,0.0,0.0
2009-02-04 00:00:00+09:00,734.6152968815395,735.2717895507812,734.6152968815395,735.2717895507812,1412500,0.0,0.0
2009-02-05 00:00:00+09:00,722.1420885108621,722.1420885108621,721.4855957031249,721.485595703125,1383900,0.0,0.0
2009-02-06 00:00:00+09:00,722.1418493778663,722.1418493778663,697.8516235351562,697.8516235351562,2314900,0.0,0.0
2009-02-09 00:00:00+09:00,697.851827023423,707.69921875,697.851827023423,707.69921875,1492100,0.0,0.0
2009-02-10 00:00:00+09:00,716.2336728217572,741.8368930234516,716.2336728217572,731.3330078125,1606900,0.0,0.0
2009-02-12 00:00:00+09:00,699.8212939453124,699.8212939453124,672.9050903320312,672.9050903320312,4895200,0.0,0.0
2009-02-13 00:00:00+09:00,672.9051508055143,672.9051508055143,642.0499877929688,642.0499877929688,2796300,0.0,0.0
2009-02-16 00:00:00+09:00,642.0500222277285,659.7753295898438,642.0500222277285,659.7753295898438,1619000,0.0,0.0
2009-02-17 00:00:00+09:00,642.7064793097693,642.7064793097693,641.3934936523438,641.3934936523438,1314600,0.0,0.0
2009-02-18 00:00:00+09:00,638.7675170898438,638.7675170898438,638.7675170898438,638.7675170898438,1000900,0.0,0.0
2009-02-19 00:00:00+09:00,634.1719316619208,634.1719316619208,632.2024536132812,632.2024536132812,2609700,0.0,0.0
2009-02-20 00:00:00+09:00,651.2407414167965,651.2407414167965,632.2024536132812,632.2024536132812,1685900,0.0,0.0
2009-02-23 00:00:00+09:00,633.5155098512001,636.7979736328125,633.5155098512001,636.7979736328125,853700,0.0,0.0
2009-02-24 00:00:00+09:00,592.8128995627615,607.9122314453125,592.8128995627615,607.9122314453125,1980200,0.0,0.0
2009-02-25 00:00:00+09:00,607.9124779536806,609.2254638671875,607.9124779536806,609.2254638671875,1591900,0.0,0.0
2009-02-26 00:00:00+09:00,609.2251686591163,609.2251686591163,586.9044189453125,586.9044189453125,1342800,0.0,0.0
2009-02-27 00:00:00+09:00,586.9044024375834,586.9044024375834,553.4232788085938,553.4232788085938,4133800,0.0,0.0
2009-03-02 00:00:00+09:00,553.4233911687677,577.713623046875,553.4233911687677,577.713623046875,1804400,0.0,0.0
2009-03-03 00:00:00+09:00,577.7136258149093,579.026611328125,577.7136258149093,579.026611328125,1762100,0.0,0.0
2009-03-04 00:00:00+09:00,571.148717062814,588.217529296875,571.148717062814,588.217529296875,1606800,0.0,0.0
2009-03-05 00:00:00+09:00,603.31697824839,603.31697824839,582.9656982421875,582.9656982421875,1670600,0.0,0.0
2009-03-06 00:00:00+09:00,550.7976085844494,551.4541015625,550.7976085844494,551.4541015625,1704800,0.0,0.0
2009-03-09 00:00:00+09:00,551.4539686476722,576.4006958007812,551.4539686476722,576.4006958007812,2086900,0.0,0.0
2009-03-10 00:00:00+09:00,573.7746511795167,573.7746511795167,570.4921875,570.4921875,1174900,0.0,0.0
2009-03-11 00:00:00+09:00,572.4616277145127,580.9960327148438,572.4616277145127,580.9960327148438,1029900,0.0,0.0
2009-03-12 00:00:00+09:00,580.996141531808,580.996141531808,574.4312133789062,574.4312133789062,1192200,0.0,0.0
2009-03-13 00:00:00+09:00,574.4312251854806,580.3396606445312,574.4312251854806,580.3396606445312,1381200,0.0,0.0
2009-03-16 00:00:00+09:00,603.9734369634272,603.9734369634272,597.4085083007812,597.4085083007812,819500,0.0,0.0
2009-03-17 00:00:00+09:00,598.7213870368486,604.6298217773438,598.7213870368486,604.6298217773438,810700,0.0,0.0
2009-03-18 00:00:00+09:00,599.3779296875,599.3779296875,599.3779296875,599.3779296875,1366500,0.0,0.0
2009-03-19 00:00:00+09:00,599.3778615943136,599.3778615943136,596.0953979492188,596.0953979492188,1521200,0.0,0.0
2009-03-23 00:00:00+09:00,597.4084565839695,602.00390625,597.4084565839695,602.00390625,1117400,0.0,0.0
2009-03-24 00:00:00+09:00,621.6986694335938,621.6986694335938,621.6986694335938,621.6986694335938,1270800,0.0,0.0
2009-03-25 00:00:00+09:00,628.9200297810357,628.9200297810357,622.3551025390625,622.3551025390625,882100,0.0,0.0
2009-03-26 00:00:00+09:00,623.6892149183485,624.3562622070312,623.6892149183485,624.3562622070312,964900,15.0,0.0
2009-03-27 00:00:00+09:00,625.6905594703159,625.6905594703159,612.349609375,612.349609375,876800,0.0,0.0
2009-03-30 00:00:00+09:00,612.3495011731933,612.3495011731933,593.005126953125,593.005126953125,1122200,0.0,0.0
2009-03-31 00:00:00+09:00,593.0050964001847,593.0050964001847,575.661865234375,575.661865234375,1133100,0.0,0.0
2009-04-01 00:00:00+09:00,576.3288810483871,578.9970703125,576.3288810483871,578.9970703125,1338500,0.0,0.0
2009-04-02 00:00:00+09:00,579.6641382424228,609.0142211914062,579.6641382424228,609.0142211914062,829500,0.0,0.0
2009-04-03 00:00:00+09:00,603.6777775462081,603.6777775462081,601.6766357421875,601.6766357421875,939000,0.0,0.0
2009-04-06 00:00:00+09:00,592.3381322601911,592.3381322601911,585.0006103515625,585.0006103515625,1175700,0.0,0.0
2009-04-07 00:00:00+09:00,584.333329893458,599.6754150390625,584.333329893458,599.6754150390625,931900,0.0,0.0
2009-04-08 00:00:00+09:00,610.3484936764366,610.3484936764366,608.3473510742188,608.3473510742188,1212200,0.0,0.0
2009-04-09 00:00:00+09:00,604.3448410284324,610.3482666015625,604.3448410284324,610.3482666015625,816900,0.0,0.0
2009-04-10 00:00:00+09:00,609.0142211914062,609.0142211914062,609.0142211914062,609.0142211914062,461100,0.0,0.0
2009-04-13 00:00:00+09:00,601.0096811828273,601.0096811828273,598.3414916992188,598.3414916992188,669500,0.0,0.0
2009-04-14 00:00:00+09:00,601.0095884741806,601.6766357421875,601.0095884741806,601.6766357421875,739100,0.0,0.0
2009-04-15 00:00:00+09:00,595.67333984375,595.67333984375,595.67333984375,595.67333984375,594500,0.0,0.0
2009-04-16 00:00:00+09:00,595.6731507168757,595.6731507168757,595.006103515625,595.006103515625,627000,0.0,0.0
2009-04-17 00:00:00+09:00,595.6732929466807,595.6732929466807,590.3369140625,590.3369140625,722800,0.0,0.0
2009-04-20 00:00:00+09:00,591.6709792397239,591.6709792397239,587.0016479492188,587.0016479492188,548300,0.0,0.0
2009-04-21 00:00:00+09:00,589.0027166900982,589.0027166900982,585.66748046875,585.66748046875,865500,0.0,0.0
2009-04-22 00:00:00+09:00,589.1815188353414,589.1815188353414,589.0027465820312,589.0027465820312,679900,0.0,0.0
2009-04-23 00:00:00+09:00,603.6779543531173,615.0177612304688,603.6779543531173,615.0177612304688,1644100,0.0,0.0
2009-04-24 00:00:00+09:00,613.2955498975856,617.685791015625,613.2955498975856,617.685791015625,1244200,0.0,0.0
2009-04-27 00:00:00+09:00,616.0180601792034,616.0180601792034,605.0119018554688,605.0119018554688,892400,0.0,0.0
2009-04-28 00:00:00+09:00,601.0096538656153,601.0096538656153,588.3357543945312,588.3357543945312,1010400,0.0,0.0
2009-04-30 00:00:00+09:00,588.3357894485061,592.3380737304688,588.3357894485061,592.3380737304688,847600,0.0,0.0
2009-05-01 00:00:00+09:00,593.672307931748,594.33935546875,593.672307931748,594.33935546875,586000,0.0,0.0
2009-05-07 00:00:00+09:00,596.2112916827152,601.0096435546875,596.2112916827152,601.0096435546875,1599700,0.0,0.0
2009-05-08 00:00:00+09:00,601.0098444036432,667.714599609375,601.0098444036432,667.714599609375,1543100,0.0,0.0
2009-05-11 00:00:00+09:00,668.3815358877182,683.0565795898438,668.3815358877182,683.0565795898438,3077000,0.0,0.0
2009-05-12 00:00:00+09:00,680.9048105658076,680.9048105658076,652.3722534179688,652.3722534179688,1603300,0.0,0.0
2009-05-13 00:00:00+09:00,652.3722967998798,652.3722967998798,650.3711547851562,650.3711547851562,1550000,0.0,0.0
2009-05-14 00:00:00+09:00,661.0439195393799,665.0462036132812,661.0439195393799,665.0462036132812,1802300,0.0,0.0
2009-05-15 00:00:00+09:00,658.3756730734631,658.3756730734631,651.7052001953125,651.7052001953125,956600,0.0,0.0
2009-05-18 00:00:00+09:00,644.3678183451186,644.3678183451186,639.698486328125,639.698486328125,528100,0.0,0.0
2009-05-19 00:00:00+09:00,667.0473279127892,667.0473279127892,663.0450439453125,663.0450439453125,1133800,0.0,0.0
2009-05-20 00:00:00+09:00,663.7120794480846,663.7120794480846,661.7109375,661.7109375,370400,0.0,0.0
2009-05-21 00:00:00+09:00,679.7211779155192,685.0575561523438,679.7211779155192,685.0575561523438,1836400,0.0,0.0
2009-05-22 00:00:00+09:00,682.3893551710175,683.7234497070312,682.3893551710175,683.7234497070312,894300,0.0,0.0
2009-05-25 00:00:00+09:00,682.3894314628117,692.3951416015625,682.3894314628117,692.3951416015625,764500,0.0,0.0
2009-05-26 00:00:00+09:00,692.3952333770529,731.083984375,692.3952333770529,731.083984375,2530000,0.0,0.0
2009-05-27 00:00:00+09:00,711.072553403178,711.072553403178,709.0714111328125,709.0714111328125,1577900,0.0,0.0
2009-05-28 00:00:00+09:00,709.7383442540322,709.7383442540322,703.06787109375,703.06787109375,976000,0.0,0.0
2009-05-29 00:00:00+09:00,703.7350086359847,706.4031982421875,703.7350086359847,706.4031982421875,1126700,0.0,0.0
2009-06-01 00:00:00+09:00,702.4008101123875,708.4042358398438,702.4008101123875,708.4042358398438,1040600,0.0,0.0
2009-06-02 00:00:00+09:00,710.317005920348,735.7532348632812,710.317005920348,735.7532348632812,1482700,0.0,0.0
2009-06-03 00:00:00+09:00,733.0850454349467,735.7532348632812,733.0850454349467,735.7532348632812,1753300,0.0,0.0
2009-06-04 00:00:00+09:00,735.7531560169567,735.7531560169567,733.7520141601562,733.7520141601562,1224900,0.0,0.0
2009-06-05 00:00:00+09:00,719.0771865134354,719.0771865134354,716.4089965820312,716.4089965820312,1091200,0.0,0.0
2009-06-08 00:00:00+09:00,725.0806066314307,729.7499389648438,725.0806066314307,729.7499389648438,1007400,0.0,0.0
2009-06-09 00:00:00+09:00,725.0804678325146,727.7486572265625,725.0804678325146,727.7486572265625,674200,0.0,0.0
2009-06-10 00:00:00+09:00,731.0839381445841,739.7555541992188,731.0839381445841,739.7555541992188,870700,0.0,0.0
2009-06-11 00:00:00+09:00,717.7428707766842,721.0781071650517,711.7394452776227,719.0769653320312,911000,0.0,0.0
2009-06-12 00:00:00+09:00,728.4155956490218,728.4155956490218,718.4098869175792,722.4121704101562,1297100,0.0,0.0
2009-06-15 00:00:00+09:00,717.7429633802715,724.4134370176346,710.4054423791721,715.7418212890625,811600,0.0,0.0
2009-06-16 00:00:00+09:00,690.393979889354,697.7315004485646,675.718938770933,697.064453125,1105400,0.0,0.0
2009-06-17 00:00:00+09:00,717.7428396688164,725.7474066539704,714.4076034250022,722.4121704101562,851300,0.0,0.0
2009-06-18 00:00:00+09:00,715.0748548183072,726.4146612846423,715.0748548183072,725.08056640625,736900,0.0,0.0
2009-06-19 00:00:00+09:00,731.7506591239476,736.4199887628424,729.0824707588648,730.4165649414062,839800,0.0,0.0
2009-06-22 00:00:00+09:00,759.7668412661722,763.7691248900501,751.7622740184161,752.4293212890625,1875600,0.0,0.0
2009-06-23 00:00:00+09:00,773.7749163309734,785.1147211392721,765.1033008893331,768.4385375976562,2739900,0.0,0.0
2009-06-24 00:00:00+09:00,797.7884641720576,805.1259834913658,787.7827560093646,799.12255859375,3005800,0.0,0.0
2009-06-25 00:00:00+09:00,801.1240425769194,825.8047999252508,777.7773802203897,810.4627075195312,2308100,0.0,0.0
2009-06-26 00:00:00+09:00,797.1217112587794,819.8013248008702,792.4523790589373,819.13427734375,1379700,0.0,0.0
2009-06-29 00:00:00+09:00,805.7932162953753,830.4739687812436,803.7920742019265,813.1307373046875,1066600,0.0,0.0
2009-06-30 00:00:00+09:00,813.7978080443837,819.1341871135272,804.4591446733826,815.7989501953125,1209400,0.0,0.0
2009-07-01 00:00:00+09:00,820.4680916993785,834.4760835088802,811.7964777220681,815.1317138671875,1478800,0.0,0.0
2009-07-02 00:00:00+09:00,827.8059107483776,827.8059107483776,797.1217271106457,799.7899169921875,1687500,0.0,0.0
2009-07-03 00:00:00+09:00,774.4418665075261,792.4521424728175,772.440724733605,791.7850952148438,973200,0.0,0.0
2009-07-06 00:00:00+09:00,792.4521438741239,799.7896637248101,779.778245950211,785.1146240234375,588800,0.0,0.0
2009-07-07 00:00:00+09:00,800.4565370092555,828.4725158045794,800.4565370092555,819.8009033203125,1504600,0.0,0.0
2009-07-08 00:00:00+09:00,833.1421591974073,861.1581485379127,822.4694013534054,827.1387329101562,2573100,0.0,0.0
2009-07-09 00:00:00+09:00,820.468376752428,820.468376752428,775.7761968805477,798.455810546875,2005700,0.0,0.0
2009-07-10 00:00:00+09:00,799.7899169921875,803.7922018145005,783.7807777029361,799.7899169921875,855900,0.0,0.0
2009-07-13 00:00:00+09:00,797.1214309951006,819.133989340572,784.4475337658898,787.11572265625,816500,0.0,0.0
2009-07-14 00:00:00+09:00,787.1156190057544,799.7895145660166,768.4382992327365,782.4462890625,897200,0.0,0.0
2009-07-15 00:00:00+09:00,775.7761318255484,786.4488903029421,767.1045155626662,783.7807006835938,1020900,0.0,0.0
2009-07-16 00:00:00+09:00,796.4545033816297,797.1215507043948,779.1112729897349,779.7783203125,568000,0.0,0.0
2009-07-17 00:00:00+09:00,793.1193328272989,809.1284699070762,787.1159064223824,801.1239013671875,1298400,0.0,0.0
2009-07-21 00:00:00+09:00,809.1283670479911,827.1386439732142,807.7942724609375,817.1329345703125,938400,0.0,0.0
2009-07-22 00:00:00+09:00,813.7976715087891,813.7976715087891,794.4533006286621,800.4567260742188,1200400,0.0,0.0
2009-07-23 00:00:00+09:00,813.7977637728719,857.8228886982896,808.4613849940334,838.478515625,1708100,0.0,0.0
2009-07-24 00:00:00+09:00,841.1465585134739,845.8158891317089,823.8033305028869,835.8101806640625,747500,0.0,0.0
2009-07-27 00:00:00+09:00,853.820669854101,865.8275230239242,845.8161010742188,845.8161010742188,867100,0.0,0.0
2009-07-28 00:00:00+09:00,853.8204559058261,853.8204559058261,825.8044721964161,835.8101806640625,577200,0.0,0.0
2009-07-29 00:00:00+09:00,836.4773263923639,845.14894141876,824.4704748173539,833.14208984375,499200,0.0,0.0
2009-07-30 00:00:00+09:00,827.8059104456307,839.1457174380366,818.4672458636494,835.1434326171875,944400,0.0,0.0
2009-07-31 00:00:00+09:00,803.7920025067451,832.4750366210938,802.4579078967755,832.4750366210938,1150300,0.0,0.0
2009-08-03 00:00:00+09:00,820.4680990870995,851.1522718984869,820.4680990870995,843.147705078125,998200,0.0,0.0
2009-08-04 00:00:00+09:00,848.4841324070176,851.1523215026372,838.4784232984442,841.8136596679688,829700,0.0,0.0
2009-08-05 00:00:00+09:00,828.4729569231877,829.14000439253,801.7910581494941,813.7979125976562,1085400,0.0,0.0
2009-08-06 00:00:00+09:00,824.4706161461532,824.4706161461532,805.1262408482256,814.4649047851562,874600,0.0,0.0
2009-08-07 00:00:00+09:00,808.4614225287521,813.1307541770205,789.1170485573546,801.1239013671875,990600,0.0,0.0
2009-08-10 00:00:00+09:00,813.7978161590397,813.7978161590397,785.7818257666793,795.7875366210938,1000800,0.0,0.0
2009-08-11 00:00:00+09:00,790.4512524067909,801.1240119329585,790.4512524067909,799.7899169921875,655900,0.0,0.0
2009-08-12 00:00:00+09:00,790.4511284105706,793.1193178735598,781.1124652901082,792.4522705078125,813800,0.0,0.0
2009-08-13 00:00:00+09:00,793.1192395059685,820.4681787992778,787.1158138074372,811.1295166015625,1095800,0.0,0.0
2009-08-14 00:00:00+09:00,810.4626233000878,823.1365244051921,804.4591964608279,807.79443359375,569100,0.0,0.0
2009-08-17 00:00:00+09:00,804.4591526949196,804.4591526949196,791.785252279328,795.7875366210938,458500,0.0,0.0
2009-08-18 00:00:00+09:00,787.7828546987997,800.4567532925993,782.4464763435158,789.7839965820312,570900,0.0,0.0
2009-08-19 00:00:00+09:00,784.4476515718563,791.1181247995082,779.1112729897349,779.7783203125,421300,0.0,0.0
2009-08-20 00:00:00+09:00,781.7794098233495,798.4555917735063,781.1123625453433,794.4533081054688,481900,0.0,0.0
2009-08-21 00:00:00+09:00,785.7817264479033,789.116962977818,769.7725911043128,784.4476318359375,866200,0.0,0.0
2009-08-24 00:00:00+09:00,811.1295166015624,815.1318004005833,801.1238071040102,811.1295166015625,971300,0.0,0.0
2009-08-25 00:00:00+09:00,800.4568339973097,819.1341601239135,798.4556919123163,805.793212890625,999300,0.0,0.0
2009-08-26 00:00:00+09:00,803.7920972897397,821.802376648099,803.7920972897397,815.7989501953125,1030100,0.0,0.0
2009-08-27 00:00:00+09:00,816.4660034179688,825.804666855756,809.7955295338351,816.4660034179688,1114900,0.0,0.0
2009-08-28 00:00:00+09:00,829.8068391635018,832.4750283569535,811.7965621077022,817.7999877929688,800100,0.0,0.0
2009-08-31 00:00:00+09:00,818.4672099935165,823.8035895207765,804.4592137344587,809.7955932617188,843900,0.0,0.0
2009-09-02 00:00:00+09:00,820.467908186613,831.1406614638373,810.4622019892154,828.4724731445312,906500,0.0,0.0
2009-09-03 00:00:00+09:00,817.132994779356,849.1512672278532,811.7966160379398,837.8114624023438,1342300,0.0,0.0
2009-09-04 00:00:00+09:00,832.4752003039983,834.4763426124215,803.7921605499344,809.1285400390625,904200,0.0,0.0
2009-09-07 00:00:00+09:00,807.7943583888241,821.8023530429655,805.7932162953753,813.1307373046875,435900,0.0,0.0
2009-09-08 00:00:00+09:00,808.4614289752402,817.8000923462414,801.7909551388109,815.7989501953125,595300,0.0,0.0
2009-09-09 00:00:00+09:00,813.7979021446846,813.7979021446846,791.1182884783573,798.455810546875,1003600,0.0,0.0
2009-09-10 00:00:00+09:00,809.1284120767424,814.4647907219311,802.4579387702564,808.4613647460938,548100,0.0,0.0
2009-09-11 00:00:00+09:00,797.1218162359193,811.1298146802325,790.4513407862463,803.125244140625,1041000,0.0,0.0
2009-09-14 00:00:00+09:00,803.7920875869879,808.461419216124,790.4511400751707,793.786376953125,543500,0.0,0.0
2009-09-15 00:00:00+09:00,794.4531374880115,796.4542788922635,775.7758177149935,782.4462890625,789200,0.0,0.0
2009-09-16 00:00:00+09:00,787.7827830135619,795.1203025843911,777.1100272741742,781.7793579101562,888000,0.0,0.0
2009-09-17 00:00:00+09:00,795.1205065658244,797.1216487803357,775.7761318255484,783.7807006835938,720400,0.0,0.0
2009-09-18 00:00:00+09:00,773.1077967683306,791.1180733108197,765.1032294161132,787.7828369140625,1065100,0.0,0.0
2009-09-21 00:00:00+09:00,787.7828369140625,787.7828369140625,787.7828369140625,787.7828369140625,0,0.0,0.0
2009-09-24 00:00:00+09:00,787.7828606070345,797.1215227988198,781.7794349123154,790.4510498046875,1251600,0.0,0.0
2009-09-25 00:00:00+09:00,776.9390258789061,778.2902241847826,759.3734479025135,776.9390258789062,1302200,15.0,0.0
2009-09-28 00:00:00+09:00,763.4271594905274,797.8827215560291,763.4271594905274,778.9659423828125,1380100,0.0,0.0
2009-09-29 00:00:00+09:00,778.2903487042684,783.6951427924924,766.1295620057641,775.5879516601562,813100,0.0,0.0
2009-09-30 00:00:00+09:00,776.263468912203,789.7754527052788,766.1294810673962,789.099853515625,727000,0.0,0.0
2009-10-01 00:00:00+09:00,776.9392712412969,785.0464636368582,771.5344763109226,776.263671875,571400,0.0,0.0
2009-10-02 00:00:00+09:00,755.9954906985057,762.751482572487,746.5371020749319,751.2662963867188,747800,0.0,0.0
2009-10-05 00:00:00+09:00,751.9418791101334,771.5342551156984,749.9150815923163,762.0758666992188,674700,0.0,0.0
2009-10-06 00:00:00+09:00,754.6445490680601,757.3469467370594,735.7277653850648,745.1861572265625,779500,0.0,0.0
2009-10-07 00:00:00+09:00,756.6710774160365,760.7246724736224,740.4566971856929,759.3734741210938,743900,0.0,0.0
2009-10-08 00:00:00+09:00,810.7189751140792,852.60612216164,810.0433759681508,823.5553588867188,3175400,0.0,0.0
2009-10-09 00:00:00+09:00,824.2309480920082,832.3381377453723,816.1237584386442,830.3113403320312,1889900,0.0,0.0
2009-10-13 00:00:00+09:00,837.7430840418655,854.6330655749676,834.3650877352451,849.228271484375,1578400,0.0,0.0
2009-10-14 00:00:00+09:00,843.8233180610249,858.686499003653,825.5821414496177,833.6893310546875,1172700,0.0,0.0
2009-10-15 00:00:00+09:00,830.3113982460716,835.7161917252974,816.799414548007,832.3381958007812,909400,0.0,0.0
2009-10-16 00:00:00+09:00,827.6090589515593,835.0406505013284,822.879864328979,834.3650512695312,500600,0.0,0.0
2009-10-19 00:00:00+09:00,820.8530774174905,828.9602683055643,820.1774781768175,827.6090698242188,752000,0.0,0.0
2009-10-20 00:00:00+09:00,839.0942372009818,848.5526263481747,833.0138441777862,839.7698364257812,711300,0.0,0.0
2009-10-21 00:00:00+09:00,841.1209077101487,848.552498059395,837.742912096855,843.147705078125,475200,0.0,0.0
2009-10-22 00:00:00+09:00,829.6358929059764,849.228271484375,829.6358929059764,849.228271484375,1002200,0.0,0.0
2009-10-23 00:00:00+09:00,844.4989232364618,846.5257206522293,822.8797508016083,829.6357421875,1192600,0.0,0.0
2009-10-26 00:00:00+09:00,824.231046875,856.6598093749999,824.231046875,844.4990234375,1093300,0.0,0.0
2009-10-27 00:00:00+09:00,849.9039435856994,858.686734735631,832.338361285836,842.4723510742188,777700,0.0,0.0
2009-10-28 00:00:00+09:00,864.767000861409,897.1957633937118,858.6866078866021,882.3325805664062,2777200,0.0,0.0
2009-10-29 00:00:00+09:00,878.9544747071068,885.710466057661,863.415694600832,874.2252807617188,1462700,0.0,0.0
2009-10-30 00:00:00+09:00,876.9277964925068,891.1153802570234,870.847403450571,876.252197265625,923800,0.0,0.0
2009-11-02 00:00:00+09:00,849.228261504693,867.4694413460826,842.472268970845,855.3086547851562,1300300,0.0,0.0
2009-11-04 00:00:00+09:00,848.5528039619195,857.3355957226719,828.9604223417797,843.8236083984375,1410900,0.0,0.0
2009-11-05 00:00:00+09:00,833.0136747034585,845.1744582757717,824.9064856552496,830.9868774414062,1161600,0.0,0.0
2009-11-06 00:00:00+09:00,836.3916526401033,837.7428507865333,786.3973212221973,799.2337036132812,1918400,0.0,0.0
2009-11-09 00:00:00+09:00,790.4510592675024,791.1266584634576,762.075893037387,784.3706665039062,2845500,0.0,0.0
2009-11-10 00:00:00+09:00,783.0193313430099,814.0968889286686,778.2901377973661,795.1801147460938,1359000,0.0,0.0
2009-11-11 00:00:00+09:00,808.6921136574666,814.7725054894777,775.5877581276288,783.0193481445312,1564200,0.0,0.0
2009-11-12 00:00:00+09:00,796.5313348356938,799.2337312219048,774.9121637460057,779.641357421875,1386900,0.0,0.0
2009-11-13 00:00:00+09:00,772.2101608951534,779.641754744538,760.7249704006498,763.4273681640625,1360800,0.0,0.0
2009-11-16 00:00:00+09:00,763.4273046486791,772.885696033707,761.4005064947445,764.7785034179688,960700,0.0,0.0
2009-11-17 00:00:00+09:00,762.0758844439132,768.1562771389443,739.7811112287986,750.5906982421875,1172600,0.0,0.0
2009-11-18 00:00:00+09:00,737.0786047918147,745.8613929332387,729.6470148259943,743.1589965820312,1076200,0.0,0.0
2009-11-19 00:00:00+09:00,751.9421274113782,760.0493201597488,736.4033413103344,758.0225219726562,1395200,0.0,0.0
2009-11-20 00:00:00+09:00,758.0225461543092,771.5345344993058,740.4569613058136,745.1861572265625,1342200,0.0,0.0
2009-11-24 00:00:00+09:00,738.4301630540641,749.9153531473113,730.3229700470662,745.1861572265625,920200,0.0,0.0
2009-11-25 00:00:00+09:00,739.1054697551535,739.7810689048383,731.6738791086209,738.4298706054688,658100,0.0,0.0
2009-11-26 00:00:00+09:00,736.403121464932,755.9954980910633,734.3763238829185,746.537109375,745600,0.0,0.0
2009-11-27 00:00:00+09:00,729.6471122964193,737.078703254994,714.78393037927,718.1619262695312,1429100,0.0,0.0
2009-11-30 00:00:00+09:00,730.3228607456688,747.2128436491301,729.6472614295303,739.1056518554688,1399900,0.0,0.0
2009-12-01 00:00:00+09:00,752.6175279667591,771.5343060485089,751.9419287495538,768.8319091796875,1631500,0.0,0.0
2009-12-02 00:00:00+09:00,767.4807841614906,768.8319827251553,750.5908021156832,761.400390625,1079500,0.0,0.0
2009-12-03 00:00:00+09:00,770.8586919572618,779.6414816114637,763.4271007113987,778.290283203125,1458300,0.0,0.0
2009-12-04 00:00:00+09:00,778.2903036738747,778.2903036738747,758.0223270157009,765.4539184570312,774900,0.0,0.0
2009-12-07 00:00:00+09:00,766.1294586424486,766.1294586424486,754.6442727545107,764.1026611328125,797000,0.0,0.0
2009-12-08 00:00:00+09:00,762.0758802200112,770.1830704351177,748.563896528167,753.2930908203125,808400,0.0,0.0
2009-12-09 00:00:00+09:00,758.6977348594398,779.6413054566283,758.0221358079176,772.8853149414062,1791400,0.0,0.0
2009-12-10 00:00:00+09:00,762.751600683856,776.9391858161509,752.6176113036454,754.6444091796875,915700,0.0,0.0
2009-12-11 00:00:00+09:00,760.0491920613354,764.1027877523292,754.644397806677,761.400390625,736000,0.0,0.0
2009-12-14 00:00:00+09:00,774.9125094277518,774.9125094277518,747.8885335104807,756.6713256835938,655100,0.0,0.0
2009-12-15 00:00:00+09:00,762.0758636231765,768.1562561520848,753.2930744147533,764.1026611328125,765700,0.0,0.0
2009-12-16 00:00:00+09:00,766.1295112429009,774.2367018380638,763.4271143778466,769.5075073242188,839000,0.0,0.0
2009-12-17 00:00:00+09:00,770.1832310820004,774.2368270350635,764.7784364779161,768.1564331054688,898400,0.0,0.0
2009-12-18 00:00:00+09:00,770.1831130106052,771.5343114544835,757.3467277937617,765.4539184570312,622900,0.0,0.0
2009-12-21 00:00:00+09:00,766.1295329648752,766.1295329648752,753.9687467273375,755.9955444335938,567100,0.0,0.0
2009-12-22 00:00:00+09:00,760.0490712357245,765.4538646311785,759.3734720612928,760.7246704101562,821300,0.0,0.0
2009-12-24 00:00:00+09:00,765.4540358034267,770.1832310820004,761.4004398503635,768.1564331054688,820900,0.0,0.0
2009-12-25 00:00:00+09:00,764.7785034179688,768.8320997258378,762.7517052640342,764.7785034179688,376600,0.0,0.0
2009-12-28 00:00:00+09:00,761.4005698415029,767.4809648091814,761.4005698415029,763.4273681640625,511600,0.0,0.0
2009-12-29 00:00:00+09:00,765.454166486622,767.4809648091814,762.7517687232092,763.4273681640625,522000,0.0,0.0
2009-12-30 00:00:00+09:00,758.0222246865181,760.0490220787282,751.9418325098884,752.617431640625,507800,0.0,0.0
2010-01-04 00:00:00+09:00,760.0490743309285,764.7782685712099,758.6978759765625,758.6978759765625,391900,0.0,0.0
2010-01-05 00:00:00+09:00,765.454117856707,768.156515448434,754.6445274897984,756.6713256835938,962500,0.0,0.0
2010-01-06 00:00:00+09:00,753.2933778315122,764.7785683455353,745.1861845274959,762.7517700195312,845600,0.0,0.0
2010-01-07 00:00:00+09:00,762.7514587133467,772.8854462073238,762.7514587133467,766.8050537109375,899600,0.0,0.0
2010-01-08 00:00:00+09:00,764.7782603026913,768.1562561520848,758.697867773783,764.1026611328125,689900,0.0,0.0
2010-01-12 00:00:00+09:00,763.427120791214,767.4807161228487,757.3467277937617,765.4539184570312,815000,0.0,0.0
2010-01-13 00:00:00+09:00,767.4809009565481,768.156500341193,760.7249071100996,764.7785034179688,929800,0.0,0.0
2010-01-14 00:00:00+09:00,765.4541003245735,768.832097236862,762.7517027947426,766.1296997070312,672000,0.0,0.0
2010-01-15 00:00:00+09:00,766.8049225786367,775.5877102381278,762.0757292235262,773.5609130859375,1284300,0.0,0.0
2010-01-18 00:00:00+09:00,767.4806528772026,770.8586487085283,763.4270578796118,766.8050537109375,462400,0.0,0.0
2010-01-19 00:00:00+09:00,768.1562561520848,769.5074544918422,761.4002644532977,764.1026611328125,414700,0.0,0.0
2010-01-20 00:00:00+09:00,766.805132200294,766.805132200294,753.2931474919187,755.9955444335938,499700,0.0,0.0
2010-01-21 00:00:00+09:00,750.5906303282927,756.6710224731664,741.8078416745864,755.31982421875,707200,0.0,0.0
2010-01-22 00:00:00+09:00,744.5103352864584,747.8883313630756,725.5935572574012,731.6739501953125,1166700,0.0,0.0
2010-01-25 00:00:00+09:00,746.5369415283203,747.8881396125345,733.0249606861788,735.0517578125,733500,0.0,0.0
2010-01-26 00:00:00+09:00,730.3227020946902,741.8078879740701,721.5399128928113,724.2423095703125,831100,0.0,0.0
2010-01-27 00:00:00+09:00,722.2155994094966,722.2155994094966,707.3524158856342,708.0280151367188,1184400,0.0,0.0
2010-01-28 00:00:00+09:00,708.027940640463,721.5399242404719,700.5963496604581,716.8107299804688,873400,0.0,0.0
2010-01-29 00:00:00+09:00,708.7035228077227,708.7035228077227,684.3819529115568,687.7599487304688,993700,0.0,0.0
2010-02-01 00:00:00+09:00,684.3818827232034,697.8938646130989,670.1943017388132,694.515869140625,1092700,0.0,0.0
2010-02-02 00:00:00+09:00,702.6232446598101,702.6232446598101,691.1380570067171,693.8404541015625,868500,0.0,0.0
2010-02-03 00:00:00+09:00,695.8671939373016,700.5963884592056,690.4624001979828,691.8135986328125,614000,0.0,0.0
2010-02-04 00:00:00+09:00,708.7035596265446,722.2155436041717,694.5159764500361,703.974365234375,1008200,0.0,0.0
2010-02-05 00:00:00+09:00,683.7064853815659,689.1112797324083,678.9772903245788,681.6796875,1047700,0.0,0.0
2010-02-08 00:00:00+09:00,706.0012053722925,736.4031711538745,706.0012053722925,715.4595947265625,2795200,0.0,0.0
2010-02-09 00:00:00+09:00,695.1915213095175,720.188689714233,692.489124725224,699.9207153320312,1754500,0.0,0.0
2010-02-10 00:00:00+09:00,693.8404806676614,693.8404806676614,671.5457037815535,678.3016967773438,1516000,0.0,0.0
2010-02-12 00:00:00+09:00,678.9772041077074,701.2719779739306,675.5992080673705,697.8939819335938,1820600,0.0,0.0
2010-02-15 00:00:00+09:00,698.5695521204568,724.2423209604736,697.8939529404564,716.8107299804688,1541400,0.0,0.0
2010-02-16 00:00:00+09:00,711.406061125613,718.837653407077,703.9744688441488,714.7840576171875,746500,0.0,0.0
2010-02-17 00:00:00+09:00,714.7840587720627,719.5132538679081,706.0012678797784,714.1084594726562,753400,0.0,0.0
2010-02-18 00:00:00+09:00,708.0279902325514,728.9715662795065,706.0011925505879,723.5667724609375,1024600,0.0,0.0
2010-02-19 00:00:00+09:00,719.5133178132405,721.5401158915877,710.0549267809538,712.75732421875,579700,0.0,0.0
2010-02-22 00:00:00+09:00,714.1083160004058,738.4298858925672,714.1083160004058,728.2958984375,690400,0.0,0.0
2010-02-23 00:00:00+09:00,747.2126544889857,750.5906502145236,737.7542664574795,741.807861328125,1964000,0.0,0.0
2010-02-24 00:00:00+09:00,726.2691564727247,733.7007478412829,721.5399619654605,731.6739501953125,1387200,0.0,0.0
2010-02-25 00:00:00+09:00,743.1592944733273,753.9688842111211,737.0789002458183,747.212890625,1619800,0.0,0.0
2010-02-26 00:00:00+09:00,737.0787897101292,745.8615800549795,730.3227971371674,741.1323852539062,1109900,0.0,0.0
2010-03-01 00:00:00+09:00,737.0785549388213,744.5101444019991,733.0249606861788,735.0517578125,760600,0.0,0.0
2010-03-02 00:00:00+09:00,722.2155323320418,750.5906982421875,722.2155323320418,750.5906982421875,982000,0.0,0.0
2010-03-03 00:00:00+09:00,745.861720647913,766.1297021872584,745.861720647913,764.7785034179688,1232200,0.0,0.0
2010-03-04 00:00:00+09:00,763.4270137452482,763.4270137452482,749.2394320738764,755.31982421875,722200,0.0,0.0
2010-03-05 00:00:00+09:00,762.7515215692748,768.1563153447878,759.3735254595791,765.4539184570312,1014000,0.0,0.0
2010-03-08 00:00:00+09:00,767.4808984719466,770.1832960017774,759.3737058824541,766.1296997070312,1262800,0.0,0.0
2010-03-09 00:00:00+09:00,764.7785034179688,766.8053015719033,759.3737083408099,764.7785034179688,659000,0.0,0.0
2010-03-10 00:00:00+09:00,759.3734669436616,772.8854503412357,758.697867773783,764.1026611328125,1185000,0.0,0.0
2010-03-11 00:00:00+09:00,763.4272378268951,770.1832310820004,763.4272378268951,768.1564331054688,542400,0.0,0.0
2010-03-12 00:00:00+09:00,766.8050537109375,773.561045373589,764.1026570458769,766.8050537109375,923700,0.0,0.0
2010-03-15 00:00:00+09:00,768.156500341193,769.5076991104827,760.0493077254548,764.7785034179688,583000,0.0,0.0
2010-03-16 00:00:00+09:00,765.453867748393,769.5074628114912,758.0222767993795,758.6978759765625,667800,0.0,0.0
2010-03-17 00:00:00+09:00,759.3735254595791,768.8319145667269,758.69792623764,765.4539184570312,740000,0.0,0.0
2010-03-18 00:00:00+09:00,762.7517202649798,768.8321148463658,754.6445274897984,756.6713256835938,1394600,0.0,0.0
2010-03-19 00:00:00+09:00,758.6978874480982,760.7246850102925,744.5103045127375,751.2662963867188,1225100,0.0,0.0
2010-03-23 00:00:00+09:00,746.5373560610622,747.8885548955618,739.1057624713139,745.1861572265625,1026700,0.0,0.0
2010-03-24 00:00:00+09:00,749.2397811795041,762.7517700195312,745.1861845274959,762.7517700195312,1969500,0.0,0.0
2010-03-25 00:00:00+09:00,760.7246612145512,772.8854462073238,759.3734628820209,766.8050537109375,1987400,0.0,0.0
2010-03-26 00:00:00+09:00,769.5075649922867,772.2099620598627,761.4003737895584,771.5343627929688,1854800,0.0,0.0
2010-03-29 00:00:00+09:00,777.0109113000739,780.4338668564618,760.5807246294115,767.4266357421875,948800,15.0,0.0
2010-03-30 00:00:00+09:00,769.4804833769273,778.3801686828882,759.8962068935848,777.010986328125,1379800,0.0,0.0
2010-03-31 00:00:00+09:00,777.0111714824772,780.434128185043,773.5882147799111,774.9573974609375,616200,0.0,0.0
2010-04-01 00:00:00+09:00,775.642007763844,777.6957818355929,771.5344596203462,776.3265991210938,470000,0.0,0.0
2010-04-02 00:00:00+09:00,780.4338781171259,783.1722426017474,774.2725580267276,781.1184692382812,757500,0.0,0.0
2010-04-05 00:00:00+09:00,783.1724151005716,798.918014355216,780.4340500128073,793.4412841796875,1482200,0.0,0.0
2010-04-06 00:00:00+09:00,794.1258754516285,805.0793358026855,789.3337365480411,793.4412841796875,1559300,0.0,0.0
2010-04-07 00:00:00+09:00,798.917935164797,803.0254823892947,787.9644758994699,790.0182495117188,1401000,0.0,0.0
2010-04-08 00:00:00+09:00,790.0183259895049,802.3409688558922,789.33373471915,795.4950561523438,2582500,0.0,0.0
2010-04-09 00:00:00+09:00,799.6026691581964,805.7639910952031,785.9108426315149,791.3875732421875,2303800,0.0,0.0
2010-04-12 00:00:00+09:00,797.5488851988652,811.2407115542105,794.8105199277961,801.6564331054688,1297800,0.0,0.0
2010-04-13 00:00:00+09:00,802.341043431639,805.7640001015692,795.4951300917786,803.025634765625,1527400,0.0,0.0
2010-04-14 00:00:00+09:00,803.0255564336907,805.0793302353114,794.810461227208,799.6026000976562,1199100,0.0,0.0
2010-04-15 00:00:00+09:00,811.2406920116213,834.5167962549926,806.4485529026919,822.1941528320312,1748600,0.0,0.0
2010-04-16 00:00:00+09:00,841.3623535257469,845.4698995966618,822.8783962066295,825.6167602539062,2155300,0.0,0.0
2010-04-19 00:00:00+09:00,818.7709558462997,827.6706401489769,810.5558626438284,818.0863647460938,1488300,0.0,0.0
2010-04-20 00:00:00+09:00,821.509305871613,826.3014434891975,803.0253464895018,808.5020751953125,1439600,0.0,0.0
2010-04-21 00:00:00+09:00,806.4483878258432,831.778260788115,804.3946143424157,829.7244873046875,1342500,0.0,0.0
2010-04-22 00:00:00+09:00,832.4628073770491,837.9395363729508,820.1401671362704,835.201171875,1124000,0.0,0.0
2010-04-23 00:00:00+09:00,828.3553989955358,838.624267578125,826.9862165178572,838.624267578125,822700,0.0,0.0
2010-04-26 00:00:00+09:00,839.9932446150008,847.5237464004654,838.624062472189,841.3624267578125,684400,0.0,0.0
2010-04-27 00:00:00+09:00,842.7317646980285,879.0150981903076,841.3625823020935,876.2767333984375,2587700,0.0,0.0
2010-04-28 00:00:00+09:00,855.7392074028973,857.7929815006643,840.6781973526063,845.4703369140625,1717900,0.0,0.0
2010-04-30 00:00:00+09:00,853.0007206309925,854.369903168121,834.5167563797592,843.4164428710938,1124100,0.0,0.0
2010-05-06 00:00:00+09:00,829.039896143545,838.6241723995397,818.7710287264077,829.7244873046875,1616900,0.0,0.0
2010-05-07 00:00:00+09:00,805.0791668340295,805.0791668340295,789.3335708840442,798.9178466796875,2345100,0.0,0.0
2010-05-10 00:00:00+09:00,773.5879790679984,798.2332598170674,765.3728854849754,792.7565307617188,2575900,0.0,0.0
2010-05-11 00:00:00+09:00,796.8641933343349,807.8176530365251,785.2261424007579,800.9717407226562,1669800,0.0,0.0
2010-05-12 00:00:00+09:00,812.6097687651393,812.6097687651393,798.9179445230982,803.7100830078125,1270600,0.0,0.0
2010-05-13 00:00:00+09:00,805.7639252076666,807.8176990187311,792.7566910709243,795.4950561523438,1159400,0.0,0.0
2010-05-14 00:00:00+09:00,792.0720736663089,807.1330811171808,788.6491174274744,802.3409423828125,1149000,0.0,0.0
2010-05-17 00:00:00+09:00,782.4877595344475,790.018262907045,764.0037967107992,773.5880737304688,4524900,0.0,0.0
2010-05-18 00:00:00+09:00,770.849574388091,779.7492586394633,755.1039791741247,761.9498901367188,2341200,0.0,0.0
2010-05-19 00:00:00+09:00,757.1578845538924,775.6418473775408,754.4195196911296,773.5880737304688,1465500,0.0,0.0
2010-05-20 00:00:00+09:00,757.1580139433856,788.6492152466368,754.4196486126682,763.3193359375,1824700,0.0,0.0
2010-05-21 00:00:00+09:00,742.7814589389535,744.8352325581395,727.7204523982558,735.935546875,1899600,0.0,0.0
2010-05-24 00:00:00+09:00,749.6274475206842,770.8497770851968,743.4661260342128,765.373046875,2591400,0.0,0.0
2010-05-25 00:00:00+09:00,747.573677337427,774.957328521948,746.2044947782009,761.2655029296875,1915700,0.0,0.0
2010-05-26 00:00:00+09:00,774.2726489388368,780.4339697526738,763.319189714238,768.111328125,1946100,0.0,0.0
2010-05-27 00:00:00+09:00,757.1580535998054,768.7961068649018,754.4196881256651,764.0039672851562,1600800,0.0,0.0
2010-05-28 00:00:00+09:00,784.5414371786958,794.1257130255559,783.8568460467772,792.7565307617188,1535000,0.0,0.0
2010-05-31 00:00:00+09:00,792.7566649140758,809.1868548604815,789.3337086752413,802.3409423828125,1807800,0.0,0.0
2010-06-01 00:00:00+09:00,800.2869821365963,811.2404395482179,796.8640266954646,808.5020751953125,857000,0.0,0.0
2010-06-02 00:00:00+09:00,798.2333390292482,807.817615827198,790.0182446310056,796.1795654296875,868000,0.0,0.0
2010-06-03 00:00:00+09:00,800.971777177809,809.1868723283507,790.0183169770869,805.763916015625,1111600,0.0,0.0
2010-06-04 00:00:00+09:00,814.6634079259703,821.509318916945,809.8712702322882,820.14013671875,1189000,0.0,0.0
2010-06-07 00:00:00+09:00,811.240475748288,832.4628004303106,809.1867023919631,815.3480224609375,2119300,0.0,0.0
2010-06-08 00:00:00+09:00,799.6025374924639,855.0544257945953,799.6025374924639,851.6314697265625,2195600,0.0,0.0
2010-06-09 00:00:00+09:00,834.5165185187551,838.6240649593724,826.3014256375204,837.2548828125,1680100,0.0,0.0
2010-06-10 00:00:00+09:00,832.463134765625,837.255274521677,824.932629434686,832.463134765625,908300,0.0,0.0
2010-06-11 00:00:00+09:00,845.4701712823683,851.6314923686365,836.5704852688697,848.8931274414062,1091800,0.0,0.0
2010-06-14 00:00:00+09:00,853.0003848483713,861.2154768372801,850.9466118511441,856.42333984375,618400,0.0,0.0
2010-06-15 00:00:00+09:00,851.6317398663277,867.3773427738241,846.8395998510027,864.6389770507812,956600,0.0,0.0
2010-06-16 00:00:00+09:00,875.5922793275821,887.9149228208554,874.9076880224003,881.7536010742188,1232600,0.0,0.0
2010-06-17 00:00:00+09:00,881.7535482517441,903.6604687052036,881.7535482517441,895.4453735351562,1165600,0.0,0.0
2010-06-18 00:00:00+09:00,900.2376831422923,918.0370593869309,894.7609519900959,907.7681884765625,1868200,0.0,0.0
2010-06-21 00:00:00+09:00,918.0366807665143,925.5671829950242,916.6674985431489,920.0904541015625,1170900,0.0,0.0
2010-06-22 00:00:00+09:00,907.7676500643489,910.5060140162775,870.7997367133121,885.1761474609375,2453100,0.0,0.0
2010-06-23 00:00:00+09:00,864.6385665641443,878.3303886791743,850.2621533433628,870.1152954101562,1681900,0.0,0.0
2010-06-24 00:00:00+09:00,874.2230224609376,885.8610736604959,870.8000662257733,874.2230224609375,585400,0.0,0.0
2010-06-25 00:00:00+09:00,853.6853126815602,872.1692769497255,850.2623563356037,865.3233642578125,698500,0.0,0.0
2010-06-28 00:00:00+09:00,874.2228516601563,881.0687627929688,853.6851182617188,855.7388916015625,720000,0.0,0.0
2010-06-29 00:00:00+09:00,863.2693782433856,873.5382447569865,844.785418518904,848.2083740234375,885300,0.0,0.0
2010-06-30 00:00:00+09:00,848.2083359359765,902.2910304791097,839.9932430939815,877.645751953125,2841200,0.0,0.0
2010-07-01 00:00:00+09:00,884.4916346650414,896.8142735380837,882.4378615195343,890.6529541015625,1972300,0.0,0.0
2010-07-02 00:00:00+09:00,895.4453227198402,895.4453227198402,871.4846298336059,883.1226806640625,1132200,0.0,0.0
2010-07-05 00:00:00+09:00,876.2767805789878,896.8145176238078,876.2767805789878,892.7069702148438,617900,0.0,0.0
2010-07-06 00:00:00+09:00,883.1226929272611,894.0761526844984,878.3305542834697,892.7069702148438,848800,0.0,0.0
2010-07-07 00:00:00+09:00,886.5456367906675,889.9685929172723,878.3305420868157,883.1226806640625,780500,0.0,0.0
2010-07-08 00:00:00+09:00,893.3918316325686,903.6607032605291,883.122960004608,887.9151000976562,897900,0.0,0.0
2010-07-09 00:00:00+09:00,890.6529822862835,895.4451197774473,875.5919787426262,877.645751953125,1224100,0.0,0.0
2010-07-12 00:00:00+09:00,874.907355608259,881.068675013951,861.2155347067213,862.584716796875,858600,0.0,0.0
2010-07-13 00:00:00+09:00,872.8540742199099,881.7537628197991,861.2160198969777,864.6389770507812,865200,0.0,0.0
2010-07-14 00:00:00+09:00,884.4916672215317,913.9290833906693,881.0687118530273,903.6602172851562,1732100,0.0,0.0
2010-07-15 00:00:00+09:00,904.3447936731313,906.3985668608825,893.3913366717914,894.075927734375,730400,0.0,0.0
2010-07-16 00:00:00+09:00,898.1833762325986,900.9217401845273,881.0686015330444,885.1761474609375,877900,0.0,0.0
2010-07-21 00:00:00+09:00,893.3918316325686,897.4993802837528,884.492142888336,887.9151000976562,1551400,0.0,0.0
2010-07-22 00:00:00+09:00,879.69970703125,885.1764367248298,876.2767509727627,879.69970703125,791400,0.0,0.0
2010-07-23 00:00:00+09:00,881.7534662603022,885.8610134633782,865.3232774479984,872.169189453125,1531600,0.0,0.0
2010-07-26 00:00:00+09:00,881.0689578839202,885.1765054731227,870.1154976460471,871.4846801757812,767700,0.0,0.0
2010-07-27 00:00:00+09:00,872.168995791999,894.0759093440743,861.9001300644636,890.6529541015625,1366600,0.0,0.0
2010-07-28 00:00:00+09:00,894.0762194777087,902.9759061953276,882.4381676162072,886.5457153320312,927500,0.0,0.0
2010-07-29 00:00:00+09:00,880.3841802423651,885.1763180819426,868.0615400834517,873.5382690429688,982200,0.0,0.0
2010-07-30 00:00:00+09:00,872.8538032591812,877.6459417868787,863.9541174220287,869.4308471679688,1037600,0.0,0.0
2010-08-02 00:00:00+09:00,889.9685680375117,940.6283172950316,887.9147944189635,913.9292602539062,3316600,0.0,0.0
2010-08-03 00:00:00+09:00,912.56005859375,915.9830145524663,903.6603731010878,912.56005859375,1703500,0.0,0.0
2010-08-04 00:00:00+09:00,904.3451558461861,909.1372952034332,895.4454684684417,902.2913818359375,1155600,0.0,0.0
2010-08-05 00:00:00+09:00,920.775407353154,930.359686686198,911.19112802011,924.1983642578125,1301800,0.0,0.0
2010-08-06 00:00:00+09:00,921.4596501885528,931.7285170182915,917.3521034566573,929.6747436523438,1413900,0.0,0.0
2010-08-09 00:00:00+09:00,928.306009133774,949.528344150844,922.8292775164656,928.9906005859375,1170700,0.0,0.0
2010-08-10 00:00:00+09:00,926.9364461686246,934.4669490547803,909.8216668819069,921.459716796875,855200,0.0,0.0
2010-08-11 00:00:00+09:00,911.8756605504315,915.9832085709289,896.1300598051913,902.2913818359375,704200,0.0,0.0
2010-08-12 00:00:00+09:00,883.1226309766821,896.8144547127547,879.6996750426639,894.7606811523438,794100,0.0,0.0
2010-08-13 00:00:00+09:00,896.8146352298925,920.7753315909964,894.7608612560836,918.7215576171875,1062400,0.0,0.0
2010-08-16 00:00:00+09:00,909.1368800441066,915.298199261273,905.029333899329,911.875244140625,609900,0.0,0.0
2010-08-17 00:00:00+09:00,911.1909213775059,918.0368336342866,905.0296003464033,907.0833740234375,689100,0.0,0.0
2010-08-18 00:00:00+09:00,915.9831844087543,928.990419463886,905.714314628387,926.9366455078125,1071600,0.0,0.0
2010-08-19 00:00:00+09:00,922.1443707316292,926.9365092580742,914.61386733293,919.406005859375,791500,0.0,0.0
2010-08-20 00:00:00+09:00,911.8756564506231,915.2986131189813,906.39892578125,906.39892578125,918700,0.0,0.0
2010-08-23 00:00:00+09:00,939.2593403830458,939.2593403830458,915.2986429242947,917.3524169921875,922300,0.0,0.0
2010-08-24 00:00:00+09:00,903.6601518510698,911.875244140625,898.8680146821627,911.875244140625,848400,0.0,0.0
2010-08-25 00:00:00+09:00,897.4992418193002,900.2376071642867,876.9615017319021,882.438232421875,1472000,0.0,0.0
2010-08-26 00:00:00+09:00,881.0689069880996,890.6531841425933,879.0151333121366,883.1226806640625,617500,0.0,0.0
2010-08-27 00:00:00+09:00,872.1693133034344,895.4454174261319,872.1693133034344,892.0224609375,837600,0.0,0.0
2010-08-30 00:00:00+09:00,894.7605333270448,911.8753101695667,894.0759422533439,903.6602172851562,791200,0.0,0.0
2010-08-31 00:00:00+09:00,889.2843662191603,889.2843662191603,848.8934673685595,853.6856079101562,1610200,0.0,0.0
2010-09-01 00:00:00+09:00,826.9861547612988,843.4163432664902,818.7710605087032,840.677978515625,2664200,0.0,0.0
2010-09-02 00:00:00+09:00,850.2622863920983,855.0544248822309,818.7710905997984,827.6707763671875,1592500,0.0,0.0
2010-09-03 00:00:00+09:00,835.2012474376143,847.5238887932512,826.3015620140986,842.7317504882812,1262700,0.0,0.0
2010-09-06 00:00:00+09:00,848.8929282062402,876.2765710516028,848.2083371351061,875.5919799804688,1589400,0.0,0.0
2010-09-07 00:00:00+09:00,857.1079711914062,862.5846994418306,851.6312429409819,857.1079711914062,976700,0.0,0.0
2010-09-08 00:00:00+09:00,855.0545405491142,861.2158622984673,837.9397579120223,859.8466796875,1580400,0.0,0.0
2010-09-09 00:00:00+09:00,872.8537949142753,881.7534806663424,860.5311531037208,879.69970703125,2238100,0.0,0.0
2010-09-10 00:00:00+09:00,893.3913366717914,897.4988830472938,884.4916528582025,894.075927734375,1758600,0.0,0.0
2010-09-13 00:00:00+09:00,903.660366580791,917.3521903168636,885.8609957238966,894.7606811523438,1120400,0.0,0.0
2010-09-14 00:00:00+09:00,896.1300278469977,902.291349658016,889.9687060359794,893.3916625976562,629800,0.0,0.0
2010-09-16 00:00:00+09:00,909.1370702235193,912.5600260602042,899.5527938808015,901.6065673828125,1004200,0.0,0.0
2010-09-17 00:00:00+09:00,914.6139335117597,920.0906636525488,910.506385906168,913.2447509765625,1455000,0.0,0.0
2010-09-21 00:00:00+09:00,915.2986172341793,918.0369825811777,898.8684251521896,902.2913818359375,622200,0.0,0.0
2010-09-22 00:00:00+09:00,894.0762718833142,917.3523769706287,889.9687239267294,916.6677856445312,1020800,0.0,0.0
2010-09-24 00:00:00+09:00,913.9294013606138,924.198271038823,909.8218534893302,915.298583984375,1180600,0.0,0.0
2010-09-27 00:00:00+09:00,911.1909567495492,911.8755480018028,879.0151678936297,889.9686279296875,2227900,0.0,0.0
2010-09-28 00:00:00+09:00,899.0074460995123,903.8744624357046,892.0545656192377,895.531005859375,669300,20.0,0.0
2010-09-29 00:00:00+09:00,888.5781253791002,905.2650385317595,887.1875492830453,895.531005859375,2010900,0.0,0.0
2010-09-30 00:00:00+09:00,891.3592280564263,896.2262441222571,883.0157719435737,887.1875,1848800,0.0,0.0
2010-10-01 00:00:00+09:00,928.9046939098697,935.8575733553029,898.3120243499638,900.3978881835938,4559300,0.0,0.0
2010-10-04 00:00:00+09:00,928.904857409706,935.8577380789403,887.1875733943,892.7498779296875,1784800,0.0,0.0
2010-10-05 00:00:00+09:00,894.8358764648438,903.17933452046,889.9688592657343,894.8358764648438,1740100,0.0,0.0
2010-10-06 00:00:00+09:00,900.3975601724884,905.9598617025115,892.0541078774538,903.1787109375,1620000,0.0,0.0
2010-10-07 00:00:00+09:00,894.140380094044,901.7885481974922,875.3676038401254,887.1875,1848100,0.0,0.0
2010-10-08 00:00:00+09:00,888.5780999500544,891.359252062574,876.7582034718455,880.929931640625,1390000,0.0,0.0
2010-10-12 00:00:00+09:00,886.4923095703125,895.5310546875,868.4148193359375,869.110107421875,986100,0.0,0.0
2010-10-13 00:00:00+09:00,886.4924321212168,895.531178487943,868.4149393877645,883.0159912109375,1056400,0.0,0.0
2010-10-14 00:00:00+09:00,890.6641235351562,901.7887339774377,885.7971064666582,890.6641235351562,1918500,0.0,0.0
2010-10-15 00:00:00+09:00,891.3592892338402,894.1404414623389,878.844104205596,883.7111206054688,1111500,0.0,0.0
2010-10-18 00:00:00+09:00,885.1015638320222,897.6167469812574,881.6251240683457,892.054443359375,1117300,0.0,0.0
2010-10-19 00:00:00+09:00,891.3591554066397,899.7026108394632,887.187427690228,892.054443359375,718200,0.0,0.0
2010-10-20 00:00:00+09:00,883.0156888740007,899.7025995298874,877.4533853220385,896.9214477539062,1239500,0.0,0.0
2010-10-21 00:00:00+09:00,888.5778432034623,894.1401458213243,881.6249649311347,885.7966918945312,1075300,0.0,0.0
2010-10-22 00:00:00+09:00,901.7884528984855,915.6942116170435,899.7025890907018,905.264892578125,2733900,0.0,0.0
2010-10-25 00:00:00+09:00,901.7885497293354,915.6943099410445,894.1403816128953,901.09326171875,890400,0.0,0.0
2010-10-26 00:00:00+09:00,901.7885126639446,904.5696645919753,890.6639049518219,898.3120727539062,1276900,0.0,0.0
2010-10-27 00:00:00+09:00,896.226041339275,910.1317983810015,895.5307534871887,907.3506469726562,1745200,0.0,0.0
2010-10-28 00:00:00+09:00,910.8273557036955,913.6085079348518,904.5697631835938,904.5697631835938,1619500,0.0,0.0
2010-10-29 00:00:00+09:00,910.827063991599,913.6082153320312,904.5694734756261,913.6082153320312,1580600,0.0,0.0
2010-11-01 00:00:00+09:00,910.1320796027733,910.8273676696967,885.7969972604532,892.7498779296875,2062100,0.0,0.0
2010-11-02 00:00:00+09:00,899.0074464771524,909.4367672019454,896.2262942838743,902.48388671875,1542500,0.0,0.0
2010-11-04 00:00:00+09:00,908.7413601243353,924.7329831410603,896.9214648511037,923.3424072265625,1743400,0.0,0.0
2010-11-05 00:00:00+09:00,922.6472406903025,927.5142570315475,905.9603275203197,912.9132080078125,1624400,0.0,0.0
2010-11-08 00:00:00+09:00,917.7803578633749,930.9908327114083,912.2180526642029,928.9049682617188,1649000,0.0,0.0
2010-11-09 00:00:00+09:00,928.9047735218495,945.5916856210443,926.123621505317,933.7717895507812,850400,0.0,0.0
2010-11-10 00:00:00+09:00,930.2951389706575,936.5527295915364,912.9129428015495,922.64697265625,1378100,0.0,0.0
2010-11-11 00:00:00+09:00,916.3895289217232,934.4670158352019,913.6083770888804,930.2952880859375,860600,0.0,0.0
2010-11-12 00:00:00+09:00,924.733020722554,940.029356403679,924.733020722554,929.6000366210938,905500,0.0,0.0
2010-11-15 00:00:00+09:00,928.9046639052013,937.9434068923028,921.951784684354,932.381103515625,642400,0.0,0.0
2010-11-16 00:00:00+09:00,932.3811885631166,937.9434924471619,926.8188846790711,929.6000366210938,851600,0.0,0.0
2010-11-17 00:00:00+09:00,927.5141983201393,942.8105344243694,927.5141983201393,940.7246704101562,1371700,0.0,0.0
2010-11-18 00:00:00+09:00,944.2011502619844,983.8325682037613,942.1152861597856,981.7467041015625,2039900,0.0,0.0
2010-11-19 00:00:00+09:00,988.0043579614822,1001.2148314317624,985.2232056519496,992.1760864257812,1402400,0.0,0.0
2010-11-22 00:00:00+09:00,1000.5190278272543,1001.2143155463837,983.1368348490184,994.9567260742188,995000,0.0,0.0
2010-11-24 00:00:00+09:00,981.0516224028104,996.3479623694028,980.3563342225108,989.3950805664062,760900,0.0,0.0
2010-11-25 00:00:00+09:00,990.0900507537413,997.738218280631,980.3560193558814,987.3088989257812,732800,0.0,0.0
2010-11-26 00:00:00+09:00,992.1758404760691,994.2617041911554,983.1370977106949,985.2229614257812,624800,0.0,0.0
2010-11-29 00:00:00+09:00,988.6995368157234,997.7382808231808,985.9183848134288,994.2618408203125,562700,0.0,0.0
2010-11-30 00:00:00+09:00,994.2617771879156,996.347641056142,980.3560180664062,980.3560180664062,1118800,0.0,0.0
2010-12-01 00:00:00+09:00,978.2699336267966,1009.5578845956708,972.0123434330219,1006.7767333984375,1189200,0.0,0.0
2010-12-02 00:00:00+09:00,1103.4220403418033,1103.4220403418033,1060.3141849535286,1063.0953369140625,4698500,0.0,0.0
2010-12-03 00:00:00+09:00,1059.6191641642915,1068.6579103152992,1047.1039771859732,1067.267333984375,1763000,0.0,0.0
2010-12-06 00:00:00+09:00,1070.7434306013474,1077.6963100208368,1058.9235355882158,1061.0093994140625,808500,0.0,0.0
2010-12-07 00:00:00+09:00,1056.8375512838832,1087.4302172421008,1054.751687695823,1064.4857177734375,2105000,0.0,0.0
2010-12-08 00:00:00+09:00,1067.2670419016831,1072.829345703125,1056.8377222739794,1072.829345703125,1189000,0.0,0.0
2010-12-09 00:00:00+09:00,1069.3531976891181,1077.0013675035395,1066.5720450293284,1074.22021484375,788500,0.0,0.0
2010-12-10 00:00:00+09:00,1061.7046154044613,1070.7433580372433,1052.6658727716792,1065.8763427734375,1576000,0.0,0.0
2010-12-13 00:00:00+09:00,1061.0093537167563,1073.5245361328125,1056.8376262447377,1073.5245361328125,909000,0.0,0.0
2010-12-14 00:00:00+09:00,1077.6968994140625,1087.4309359248991,1072.1345928364415,1077.6968994140625,1569200,0.0,0.0
2010-12-15 00:00:00+09:00,1086.0401136478558,1087.4306899777507,1070.7437740190128,1074.22021484375,1567400,0.0,0.0
2010-12-16 00:00:00+09:00,1079.0872559538202,1086.0401377576463,1076.3061032322896,1078.3919677734375,1106700,0.0,0.0
2010-12-17 00:00:00+09:00,1078.3916008518709,1086.039768233799,1074.9151611328125,1074.9151611328125,1057600,0.0,0.0
2010-12-20 00:00:00+09:00,1078.3915286976064,1094.3831503352885,1077.696240800316,1079.7821044921875,1416200,0.0,0.0
2010-12-21 00:00:00+09:00,1082.5635258822863,1108.2891844934904,1081.8682378117132,1104.812744140625,1335300,0.0,0.0
2010-12-22 00:00:00+09:00,1104.1169599059904,1104.8122476641174,1083.9536149203016,1087.4300537109375,1212800,0.0,0.0
2010-12-24 00:00:00+09:00,1078.3918212890626,1088.821142578125,1074.915380859375,1081.1729736328125,521100,0.0,0.0
2010-12-27 00:00:00+09:00,1075.6106689453125,1086.039990234375,1074.915380859375,1081.1729736328125,452900,0.0,0.0
2010-12-28 00:00:00+09:00,1083.258837890625,1083.258837890625,1077.696533203125,1081.1729736328125,245000,0.0,0.0
2010-12-29 00:00:00+09:00,1083.9541992657605,1083.9541992657605,1078.3918942021774,1083.2589111328125,461900,0.0,0.0
2010-12-30 00:00:00+09:00,1083.2589609880663,1088.1259781426982,1074.22021484375,1074.22021484375,480300,0.0,0.0
2011-01-04 00:00:00+09:00,1086.7349647493038,1106.2030255381587,1081.1726616667736,1099.9454345703125,767600,0.0,0.0
2011-01-05 00:00:00+09:00,1111.069922972261,1124.975679204705,1104.1170448560392,1113.85107421875,1107200,0.0,0.0
2011-01-06 00:00:00+09:00,1119.4134532822177,1122.889892578125,1115.9370139863101,1122.889892578125,1071500,0.0,0.0
2011-01-07 00:00:00+09:00,1129.8423693018053,1145.833984375,1129.1470816899273,1145.833984375,1131000,0.0,0.0
2011-01-11 00:00:00+09:00,1143.053490538991,1145.139354572821,1134.014746392393,1136.7958984375,1086400,0.0,0.0
2011-01-12 00:00:00+09:00,1141.6622587037318,1152.0915728819023,1140.2716834799758,1145.833984375,1663600,0.0,0.0
2011-01-13 00:00:00+09:00,1152.092093362632,1170.8648673643165,1150.7015175106555,1167.388427734375,1345700,0.0,0.0
2011-01-14 00:00:00+09:00,1172.95068359375,1184.770577856402,1163.2166530245072,1172.95068359375,1556200,0.0,0.0
2011-01-17 00:00:00+09:00,1180.5989750683937,1189.6377186937702,1177.8178231836625,1183.380126953125,1286600,0.0,0.0
2011-01-18 00:00:00+09:00,1186.1612310398393,1195.199974300987,1173.6460480628655,1188.9423828125,1175300,0.0,0.0
2011-01-19 00:00:00+09:00,1199.3719243678918,1227.8787353238822,1196.5907720795024,1226.4881591796875,2708300,0.0,0.0
2011-01-20 00:00:00+09:00,1217.4491407468577,1218.8397165786646,1193.809351606142,1197.9810791015625,1858300,0.0,0.0
2011-01-21 00:00:00+09:00,1193.1141796523718,1195.2000436028131,1150.7016126600672,1159.7403564453125,3064600,0.0,0.0
2011-01-24 00:00:00+09:00,1156.9591280395136,1156.9591280395136,1118.7182914757077,1143.7486572265625,3678900,0.0,0.0
2011-01-25 00:00:00+09:00,1150.006446296005,1185.46613720356,1150.006446296005,1173.646240234375,1935400,0.0,0.0
2011-01-26 00:00:00+09:00,1174.341431096425,1185.4660390878653,1165.3026871033796,1177.81787109375,1251200,0.0,0.0
2011-01-27 00:00:00+09:00,1191.028174567514,1204.2386446882279,1187.551735062063,1193.809326171875,1349500,0.0,0.0
2011-01-28 00:00:00+09:00,1193.8096184384829,1195.200194581102,1155.5687745164582,1160.435791015625,3050300,0.0,0.0
2011-01-31 00:00:00+09:00,1134.7101320141423,1154.873486075668,1124.976099018923,1143.0535888671875,1761400,0.0,0.0
2011-02-01 00:00:00+09:00,1153.4829345703126,1166.693408203125,1145.834765625,1161.131103515625,1728700,0.0,0.0
2011-02-02 00:00:00+09:00,1191.0285157251749,1197.2861086274088,1184.075634722693,1186.1614990234375,1957800,0.0,0.0
2011-02-03 00:00:00+09:00,1190.3332273410342,1204.9342774427641,1186.8567868406221,1200.0672607421875,1136800,0.0,0.0
2011-02-04 00:00:00+09:00,1211.8869873886808,1216.0587154003458,1206.3246833731275,1212.582275390625,1403300,0.0,0.0
2011-02-07 00:00:00+09:00,1240.3936057993458,1263.3381063550512,1240.3936057993458,1248.737060546875,2961000,0.0,0.0
2011-02-08 00:00:00+09:00,1264.7290283203126,1273.0724853515626,1249.4326904296875,1272.377197265625,2540800,0.0,0.0
2011-02-09 00:00:00+09:00,1279.3300533610116,1282.8064937234055,1257.0808350416896,1261.2525634765625,2108300,0.0,0.0
2011-02-10 00:00:00+09:00,1261.252977014046,1276.5493196239188,1258.4718238122512,1266.1199951171875,1183700,0.0,0.0
2011-02-14 00:00:00+09:00,1281.4159423828125,1283.501806640625,1268.9007568359375,1272.377197265625,1598600,0.0,0.0
2011-02-15 00:00:00+09:00,1268.9005862179679,1277.2440421273463,1255.690114361452,1270.9864501953125,1079800,0.0,0.0
2011-02-16 00:00:00+09:00,1282.806222050385,1284.1967979008461,1261.2522963682375,1267.5098876953125,1968400,0.0,0.0
2011-02-17 00:00:00+09:00,1266.8145299496857,1285.5873028962508,1266.119242062776,1279.3297119140625,1435200,0.0,0.0
2011-02-18 00:00:00+09:00,1286.2824025738987,1300.8834460625753,1279.3295247221479,1298.102294921875,1849700,0.0,0.0
2011-02-21 00:00:00+09:00,1310.6176552652312,1338.4291704963236,1309.2270795036766,1323.828125,1584600,0.0,0.0
2011-02-22 00:00:00+09:00,1322.4375965746144,1324.5234602916091,1309.9224142726464,1318.265869140625,1752900,0.0,0.0
2011-02-23 00:00:00+09:00,1309.922582004138,1318.9613259351643,1302.2744140625,1302.2744140625,1946300,0.0,0.0
2011-02-24 00:00:00+09:00,1281.4157464323837,1285.58747431008,1270.9864267381429,1277.2440185546875,1279900,0.0,0.0
2011-02-25 00:00:00+09:00,1255.6898000053511,1271.681419828232,1246.6510583663314,1268.9002685546875,1452000,0.0,0.0
2011-02-28 00:00:00+09:00,1269.5957328373217,1300.188401098462,1267.509869092244,1291.149658203125,1678600,0.0,0.0
2011-03-01 00:00:00+09:00,1318.2658986604827,1341.9056879824532,1315.4847469755448,1339.81982421875,1192700,0.0,0.0
2011-03-02 00:00:00+09:00,1318.2661863025546,1328.6955073967204,1305.7510009895557,1306.4462890625,1579200,0.0,0.0
2011-03-03 00:00:00+09:00,1307.141214845807,1325.9139876122097,1305.7506390853328,1320.3516845703125,1124900,0.0,0.0
2011-03-04 00:00:00+09:00,1341.9059809812647,1341.9059809812647,1314.7897461324205,1316.8756103515625,1430300,0.0,0.0
2011-03-07 00:00:00+09:00,1314.0941389896082,1318.9611543191993,1298.7978050966074,1307.8365478515625,982900,0.0,0.0
2011-03-08 00:00:00+09:00,1310.6177965494792,1326.60941953125,1302.9696290364584,1303.6649169921875,1170600,0.0,0.0
2011-03-09 00:00:00+09:00,1300.883934393768,1304.3603746246438,1279.3300049623372,1280.7205810546875,1724900,0.0,0.0
2011-03-10 00:00:00+09:00,1281.4157672071615,1281.4157672071615,1245.9560796718577,1250.1278076171875,1366100,0.0,0.0
2011-03-11 00:00:00+09:00,1229.2691650390625,1243.1749248245724,1225.0974371034097,1229.2691650390625,1745400,0.0,0.0
2011-03-14 00:00:00+09:00,1034.5885531556373,1117.3278258878422,1023.4639450571896,1063.7906494140625,3203000,0.0,0.0
2011-03-15 00:00:00+09:00,1034.5882779216693,1042.2364439546923,785.6752379378268,897.6165771484375,3479800,0.0,0.0
2011-03-16 00:00:00+09:00,1022.768698111472,1035.979170758731,946.287014364183,981.7467041015625,3682700,0.0,0.0
2011-03-17 00:00:00+09:00,973.4034266073126,1023.4641742614028,938.6390185141942,1006.0819702148438,2356900,0.0,0.0
2011-03-18 00:00:00+09:00,1026.9401180376763,1048.4940406234364,1019.291951958858,1042.2364501953125,2259700,0.0,0.0
2011-03-22 00:00:00+09:00,1134.7097043360113,1146.5295970895113,1101.3358895025992,1103.4217529296875,2897800,0.0,0.0
2011-03-23 00:00:00+09:00,1084.649235494809,1085.3445234662802,1032.5026376344817,1038.06494140625,3624400,0.0,0.0
2011-03-24 00:00:00+09:00,1051.275611290565,1063.7907971392622,1010.2536132309464,1012.3394775390625,2816700,0.0,0.0
2011-03-25 00:00:00+09:00,1030.4167725761758,1038.760228224566,1020.6827409863873,1031.112060546875,1573500,0.0,0.0
2011-03-28 00:00:00+09:00,1010.2536010323565,1037.3698367104446,1001.9101439006371,1013.7300415039062,1447800,0.0,0.0
2011-03-29 00:00:00+09:00,1003.1554941685463,1026.4191142019702,998.9257450715602,1010.9100341796875,1260200,20.0,0.0
2011-03-30 00:00:00+09:00,1010.2049952530974,1041.2231528184402,1007.3851627471572,1038.4033203125,1681200,0.0,0.0
2011-03-31 00:00:00+09:00,1039.8131691073977,1040.5181271881484,1017.2545105233727,1019.369384765625,1999000,0.0,0.0
2011-04-01 00:00:00+09:00,1032.0586405111467,1034.87847286227,1015.1396464044066,1015.8446044921875,956300,0.0,0.0
2011-04-04 00:00:00+09:00,1027.828992102757,1045.452946013984,1022.1893268511644,1023.5992431640625,990000,0.0,0.0
2011-04-05 00:00:00+09:00,1026.4188251718213,1027.828741140464,1005.2700856421822,1025.7138671875,1389100,0.0,0.0
2011-04-06 00:00:00+09:00,1022.8944179532276,1027.8291256897353,1002.4506287591245,1020.0745849609375,1121700,0.0,0.0
2011-04-07 00:00:00+09:00,1018.6644491268783,1036.2884015339177,1001.7454548161205,1011.6148681640625,1631600,0.0,0.0
2011-04-08 00:00:00+09:00,990.4662468775879,1012.3199505453496,983.4166650492776,1010.9100341796875,1603900,0.0,0.0
2011-04-11 00:00:00+09:00,996.8107993267953,1009.5000457114362,986.9413854720746,993.990966796875,1364200,0.0,0.0
2011-04-12 00:00:00+09:00,978.4817825183924,984.8264050275175,957.333040821309,967.2024536132812,1871700,0.0,0.0
2011-04-13 00:00:00+09:00,967.2024596320878,986.9412853388651,955.2181725958301,965.0875854492188,1242400,0.0,0.0
2011-04-14 00:00:00+09:00,984.8263451852404,993.9907993637717,982.7114711440408,988.3511352539062,1605200,0.0,0.0
2011-04-15 00:00:00+09:00,1001.7457186300712,1023.5994253700657,996.1060523745888,1004.5655517578125,1828200,0.0,0.0
2011-04-18 00:00:00+09:00,1011.6152033105119,1013.7300783000112,983.4168701171875,983.4168701171875,1601900,0.0,0.0
2011-04-19 00:00:00+09:00,972.1373664691293,981.3018231508543,960.1530769622583,979.8919067382812,1106000,0.0,0.0
2011-04-20 00:00:00+09:00,995.4008768328689,1004.5653324977608,988.3512955521828,996.1058349609375,1020800,0.0,0.0
2011-04-21 00:00:00+09:00,1009.4998498923367,1013.024639871011,985.531278037351,997.5155639648438,694700,0.0,0.0
2011-04-22 00:00:00+09:00,986.9413350061166,999.6305807419095,982.7115864275189,990.4661254882812,436000,0.0,0.0
2011-04-25 00:00:00+09:00,985.5315360453592,1009.5001141752177,985.5315360453592,991.8761596679688,596700,0.0,0.0
2011-04-26 00:00:00+09:00,982.0068616251136,996.1060269032919,979.187028569478,993.2861938476562,937500,0.0,0.0
2011-04-27 00:00:00+09:00,1000.3357146178183,1001.0406728381269,970.0225111445511,973.5473022460938,1796100,0.0,0.0
2011-04-28 00:00:00+09:00,979.8918247767857,990.4661969866072,978.4819084821429,986.94140625,1434000,0.0,0.0
2011-05-02 00:00:00+09:00,1001.7458457762493,1025.0094720328407,998.9260122906019,1021.4846801757812,1286000,0.0,0.0
2011-05-06 00:00:00+09:00,990.4657737364059,1016.5492140412081,987.645942352103,1008.794677734375,777200,0.0,0.0
2011-05-09 00:00:00+09:00,1015.1399372799297,1021.4845618879292,996.1060634559309,1001.040771484375,571600,0.0,0.0
2011-05-10 00:00:00+09:00,1010.205183467763,1075.0613431879544,1008.0903086942785,1054.6175537109375,2088700,0.0,0.0
2011-05-11 00:00:00+09:00,1074.3562476593709,1082.8157456724368,1055.3223771299727,1058.84716796875,1542200,0.0,0.0
2011-05-12 00:00:00+09:00,1048.2728143936024,1068.7166016279093,1046.8628980326157,1052.5025634765625,798500,0.0,0.0
2011-05-13 00:00:00+09:00,1048.2725128591876,1053.2072187031786,1009.4998240849743,1029.2386474609375,1113900,0.0,0.0
2011-05-16 00:00:00+09:00,1001.0405550560912,1015.1397178033601,977.7769365230974,1012.3198852539062,1672400,0.0,0.0
2011-05-17 00:00:00+09:00,1012.3199922240449,1028.5340310967142,1008.0902429529139,1017.2546997070312,1415200,0.0,0.0
2011-05-18 00:00:00+09:00,1003.1559208790134,1031.3542601869267,1002.4509623963155,1027.8294677734375,982900,0.0,0.0
2011-05-19 00:00:00+09:00,1036.2883102829392,1048.2725968644424,1029.9436879750845,1043.337890625,1287500,0.0,0.0
2011-05-20 00:00:00+09:00,1029.2391250540036,1084.9308311356926,1028.534166749172,1070.8316650390625,2696500,0.0,0.0
2011-05-23 00:00:00+09:00,1079.290927622626,1117.3586677216604,1072.9463042727868,1108.899169921875,3048100,0.0,0.0
2011-05-24 00:00:00+09:00,1083.5211542558106,1096.2104065502833,1071.536860422142,1072.94677734375,1674100,0.0,0.0
2011-05-25 00:00:00+09:00,1068.716316344246,1077.175812251984,1056.027072482639,1065.896484375,1006300,0.0,0.0
2011-05-26 00:00:00+09:00,1082.8156229980782,1104.6693237226486,1070.8313355039588,1100.4395751953125,1150700,0.0,0.0
2011-05-27 00:00:00+09:00,1099.7347582001048,1102.5545909134382,1081.4058455634363,1094.0950927734375,1144500,0.0,0.0
2011-05-30 00:00:00+09:00,1087.0455194517622,1094.8000594737916,1072.9463557753452,1091.2752685546875,1105300,0.0,0.0
2011-05-31 00:00:00+09:00,1084.2258711818515,1109.6043701171875,1079.9961213592956,1109.6043701171875,2075500,0.0,0.0
2011-06-01 00:00:00+09:00,1118.0637366805236,1160.361229871464,1110.3091962621845,1152.606689453125,2510100,0.0,0.0
2011-06-02 00:00:00+09:00,1134.277803658557,1149.0819266398062,1127.933179523736,1143.4422607421875,1530300,0.0,0.0
2011-06-03 00:00:00+09:00,1152.6065926543004,1173.7553374736453,1141.3272620839832,1144.1470947265625,1382500,0.0,0.0
2011-06-06 00:00:00+09:00,1151.901351724269,1159.655889587774,1119.4732842950668,1157.541015625,1616300,0.0,0.0
2011-06-07 00:00:00+09:00,1137.80248389306,1142.737191072274,1122.998362355418,1139.9173583984375,1411400,0.0,0.0
2011-06-08 00:00:00+09:00,1127.9333518996248,1132.1631019692484,1110.309393276193,1127.2283935546875,1527000,0.0,0.0
2011-06-09 00:00:00+09:00,1106.079587588948,1112.4242123743531,1082.8159633757962,1106.7845458984375,1943700,0.0,0.0
2011-06-10 00:00:00+09:00,1106.0794183932358,1130.0479972494306,1105.3744601915828,1122.29345703125,1137100,0.0,0.0
2011-06-13 00:00:00+09:00,1115.2435798103093,1144.8518164424413,1099.7345034791924,1141.3270263671875,1219700,0.0,0.0
2011-06-14 00:00:00+09:00,1141.3272683979553,1151.9016408661266,1124.4082724488812,1142.0322265625,803800,0.0,0.0
2011-06-15 00:00:00+09:00,1144.8521947848901,1153.311693761133,1130.0480715764647,1137.8026123046875,892800,0.0,0.0
2011-06-16 00:00:00+09:00,1125.818031378723,1132.8676120385771,1106.7841635971165,1112.423828125,930700,0.0,0.0
2011-06-17 00:00:00+09:00,1122.293529380813,1122.293529380813,1079.996034554903,1099.0299072265625,1175500,0.0,0.0
2011-06-20 00:00:00+09:00,1042.6333654205362,1101.8498648764692,1039.8135321131108,1098.3250732421875,1559100,0.0,0.0
2011-06-21 00:00:00+09:00,1085.6353700431382,1097.6196565955624,1074.3560415232096,1087.750244140625,1469600,0.0,0.0
2011-06-22 00:00:00+09:00,1098.324527308082,1122.9980564838093,1095.5046954022846,1119.4732666015625,1284400,0.0,0.0
2011-06-23 00:00:00+09:00,1106.7843059617646,1125.1132180350166,1101.8495988651198,1105.3743896484375,814200,0.0,0.0
2011-06-24 00:00:00+09:00,1096.9149935473802,1114.538949099234,1095.505077103232,1111.7191162109375,535000,0.0,0.0
2011-06-27 00:00:00+09:00,1099.7347560668866,1108.899212367444,1089.8653415893632,1094.800048828125,634700,0.0,0.0
2011-06-28 00:00:00+09:00,1093.3901345951042,1111.7190472317725,1089.1603855251037,1094.0950927734375,712100,0.0,0.0
2011-06-29 00:00:00+09:00,1115.2438059638241,1118.768596753849,1092.685144907666,1104.66943359375,1034700,0.0,0.0
2011-06-30 00:00:00+09:00,1103.2594321973097,1103.2594321973097,1085.6354796062985,1091.9801025390625,1359300,0.0,0.0
2011-07-01 00:00:00+09:00,1099.7347139721073,1109.604128071857,1096.914881372179,1108.899169921875,1017700,0.0,0.0
2011-07-04 00:00:00+09:00,1123.7033627198946,1132.1628610590658,1115.2438643807236,1125.8182373046875,885300,0.0,0.0
2011-07-05 00:00:00+09:00,1130.7526008087455,1165.2955418558954,1129.3426848476372,1161.770751953125,1841500,0.0,0.0
2011-07-06 00:00:00+09:00,1166.7057620242895,1183.6247579690526,1158.951222216273,1182.9197998046875,1308900,0.0,0.0
2011-07-07 00:00:00+09:00,1184.329508416255,1216.7575782895574,1183.6245503755313,1213.2327880859375,1949300,0.0,0.0
2011-07-08 00:00:00+09:00,1189.9692834164914,1197.7238225856747,1163.1808753774947,1174.460205078125,2210000,0.0,0.0
2011-07-11 00:00:00+09:00,1177.28001706071,1184.3295980011933,1167.4106037440333,1181.509765625,876800,0.0,0.0
2011-07-12 00:00:00+09:00,1156.1315498558997,1170.935673360152,1151.1968420211488,1169.5257568359375,743300,0.0,0.0
2011-07-13 00:00:00+09:00,1162.4761742148648,1177.2802977191172,1160.3612994285431,1169.5257568359375,874700,0.0,0.0
2011-07-14 00:00:00+09:00,1151.9016344936556,1152.6065926543004,1135.6875967988244,1144.1470947265625,1438500,0.0,0.0
2011-07-15 00:00:00+09:00,1156.1315195616035,1187.854640525184,1151.9017700997927,1179.3951416015625,1659700,0.0,0.0
2011-07-19 00:00:00+09:00,1186.4446676612392,1207.5934139653612,1185.7397094511018,1197.7239990234375,1299400,0.0,0.0
2011-07-20 00:00:00+09:00,1199.838891009619,1204.068640331627,1184.329810162256,1192.0843505859375,845400,0.0,0.0
2011-07-21 00:00:00+09:00,1192.084479381688,1194.9043125676883,1180.805146637686,1189.9696044921875,603800,0.0,0.0
2011-07-22 00:00:00+09:00,1193.4939493249963,1225.2170607955368,1192.7889912923176,1218.16748046875,1545800,0.0,0.0
2011-07-25 00:00:00+09:00,1223.1023382945823,1223.1023382945823,1200.5436784528379,1208.2982177734375,612200,0.0,0.0
2011-07-26 00:00:00+09:00,1201.9538955326893,1201.9538955326893,1180.805146637686,1189.9696044921875,1188500,0.0,0.0
2011-07-27 00:00:00+09:00,1180.805146637686,1192.789437678188,1171.6406887831847,1189.9696044921875,990000,0.0,0.0
2011-07-28 00:00:00+09:00,1183.6248910633733,1187.1496822815488,1168.1158097034006,1179.3951416015625,868500,0.0,0.0
2011-07-29 00:00:00+09:00,1163.8862167662285,1177.98538353505,1149.0820916589657,1168.115966796875,1170600,0.0,0.0
2011-08-01 00:00:00+09:00,1203.36375627668,1218.8728380798946,1192.7893823199431,1207.593505859375,1602700,0.0,0.0
2011-08-02 00:00:00+09:00,1182.2150257457386,1205.4786487926137,1173.755526455966,1201.953857421875,1534200,0.0,0.0
2011-08-03 00:00:00+09:00,1190.6745338507221,1205.4786577174273,1182.919992777686,1199.134033203125,2152500,0.0,0.0
2011-08-04 00:00:00+09:00,1194.199229591058,1200.5438535971498,1177.2802322414798,1190.6744384765625,1958900,0.0,0.0
2011-08-05 00:00:00+09:00,1134.2777821409936,1163.1810693179862,1132.8678656933355,1150.4918212890625,2262500,0.0,0.0
2011-08-08 00:00:00+09:00,1139.212635188541,1146.9671766409383,1133.5729686777067,1142.7374267578125,1787400,0.0,0.0
2011-08-09 00:00:00+09:00,1111.718985801856,1114.538818359375,1072.2413299965904,1114.538818359375,2289800,0.0,0.0
2011-08-10 00:00:00+09:00,1130.0480327980192,1160.3612364226697,1126.5232416788738,1150.4918212890625,1954800,0.0,0.0
2011-08-11 00:00:00+09:00,1122.9986353335173,1177.98538583949,1122.293676993697,1167.4110107421875,2303000,0.0,0.0
2011-08-12 00:00:00+09:00,1190.6744712911625,1223.8075086805554,1175.1653899599573,1180.10009765625,1754600,0.0,0.0
2011-08-15 00:00:00+09:00,1195.6088488520406,1209.7080098054846,1184.3295200892856,1209.0030517578125,1312200,0.0,0.0
2011-08-16 00:00:00+09:00,1209.0033588884564,1232.9719385981982,1182.919904498443,1188.5595703125,1809200,0.0,0.0
2011-08-17 00:00:00+09:00,1182.215072160662,1192.084488386213,1173.755572538761,1187.1497802734375,1444500,0.0,0.0
2011-08-18 00:00:00+09:00,1180.805040639756,1194.1992470708935,1172.3455418411427,1185.0347900390625,1584900,0.0,0.0
2011-08-19 00:00:00+09:00,1161.7709165642286,1169.5254554490627,1142.0320903119239,1146.966796875,1658200,0.0,0.0
2011-08-22 00:00:00+09:00,1131.458059279566,1137.0977256186543,1113.1291436775296,1115.2440185546875,1433100,0.0,0.0
2011-08-23 00:00:00+09:00,1125.8184722957576,1132.8680557165198,1115.244097164614,1128.6383056640625,1254700,0.0,0.0
2011-08-24 00:00:00+09:00,1150.4918184250157,1161.066191756128,1109.604241544715,1111.7191162109375,2074600,0.0,0.0
2011-08-25 00:00:00+09:00,1130.0479377652393,1158.2462643470294,1127.2281051070602,1142.0322265625,1965900,0.0,0.0
2011-08-26 00:00:00+09:00,1144.8519105461573,1155.4262816411035,1129.3428329402366,1151.196533203125,1199100,0.0,0.0
2011-08-29 00:00:00+09:00,1164.5911773829068,1177.2804274996697,1148.377135567043,1167.4110107421875,1634400,0.0,0.0
2011-08-30 00:00:00+09:00,1180.099958748653,1189.2644148201778,1179.395000589305,1185.7396240234375,1476500,0.0,0.0
2011-08-31 00:00:00+09:00,1193.494232454538,1256.235512246891,1193.494232454538,1243.5462646484375,2875100,0.0,0.0
2011-09-01 00:00:00+09:00,1249.8908927649024,1261.8751822048366,1224.5123974803357,1242.1363525390625,2647500,0.0,0.0
2011-09-02 00:00:00+09:00,1240.7264638997046,1322.5016172021851,1231.5620070640819,1312.6322021484375,3009800,0.0,0.0
2011-09-05 00:00:00+09:00,1292.8932725811624,1322.5015154647003,1288.6635235977997,1305.58251953125,3046600,0.0,0.0
2011-09-06 00:00:00+09:00,1275.269343367867,1279.4990924337637,1203.3636092476224,1216.0528564453125,3073300,0.0,0.0
2011-09-07 00:00:00+09:00,1226.6268876171434,1260.4648707238232,1209.7078960638034,1250.595458984375,1953400,0.0,0.0
2011-09-08 00:00:00+09:00,1290.0737350096588,1320.38694299076,1273.1547352062535,1288.663818359375,3091300,0.0,0.0
2011-09-09 00:00:00+09:00,1287.9586053776468,1303.4676854642962,1278.089190777052,1292.1883544921875,1475600,0.0,0.0
2011-09-12 00:00:00+09:00,1261.8750740636203,1284.4337346055397,1244.2511205152457,1278.089111328125,1127900,0.0,0.0
2011-09-13 00:00:00+09:00,1254.825521557115,1278.089140776994,1244.956107342621,1268.2197265625,1470900,0.0,0.0
2011-09-14 00:00:00+09:00,1275.9741190716024,1321.7963940658865,1271.0394125337564,1276.6790771484375,1912700,0.0,0.0
2011-09-15 00:00:00+09:00,1295.0078752596953,1302.057455418975,1267.5145126385041,1272.44921875,1870800,0.0,0.0
2011-09-16 00:00:00+09:00,1283.0240390175268,1293.5984129654735,1261.8752911216334,1285.8438720703125,2150100,0.0,0.0
2011-09-20 00:00:00+09:00,1288.6634140996607,1288.6634140996607,1254.8254251079848,1259.7601318359375,1037000,0.0,0.0
2011-09-21 00:00:00+09:00,1245.6611051752327,1266.809850594167,1245.6611051752327,1254.8255615234375,884500,0.0,0.0
2011-09-22 00:00:00+09:00,1228.741729753999,1250.5954266113565,1206.183074933501,1217.46240234375,1436100,0.0,0.0
2011-09-26 00:00:00+09:00,1204.0687411586935,1230.8571557746363,1194.9042835269236,1199.134033203125,1678000,0.0,0.0
2011-09-27 00:00:00+09:00,1226.626962975054,1246.3657876666066,1205.4782222341048,1223.1021728515625,1247500,0.0,0.0
2011-09-28 00:00:00+09:00,1240.9317620756663,1283.0093333184618,1240.9317620756663,1264.4666748046875,1725300,20.0,0.0
2011-09-29 00:00:00+09:00,1280.1568409178105,1321.521240234375,1262.3273584537742,1321.521240234375,2021500,0.0,0.0
2011-09-30 00:00:00+09:00,1305.1180202536386,1305.1180202536386,1285.149001364512,1301.5521240234375,1747500,0.0,0.0
2011-10-03 00:00:00+09:00,1263.0405075073243,1315.1025950556216,1256.6218939739724,1312.2498779296875,1600700,0.0,0.0
2011-10-04 00:00:00+09:00,1290.8545351133241,1301.552224630838,1273.0250525841348,1297.986328125,1063100,0.0,0.0
2011-10-05 00:00:00+09:00,1280.1567968667193,1302.9785336353739,1255.1955222760034,1261.6141357421875,1250000,0.0,0.0
2011-10-06 00:00:00+09:00,1290.141046868547,1320.8077494751515,1284.4356138254577,1295.13330078125,2674500,0.0,0.0
2011-10-07 00:00:00+09:00,1284.4357691299676,1300.8388911121938,1272.3117224474527,1280.869873046875,1773400,0.0,0.0
2011-10-11 00:00:00+09:00,1302.265285969591,1304.4048236792892,1257.3349940659305,1258.7613525390625,1454700,0.0,0.0
2011-10-12 00:00:00+09:00,1268.7459311526231,1275.8777239078374,1241.645118682809,1245.9241943359375,1202400,0.0,0.0
2011-10-13 00:00:00+09:00,1267.3196077511418,1268.0327870464434,1237.3660773484698,1239.505615234375,1123400,0.0,0.0
2011-10-14 00:00:00+09:00,1213.1176983894966,1240.218505290614,1200.2804740679146,1224.528564453125,1349000,0.0,0.0
2011-10-17 00:00:00+09:00,1238.7924901924025,1249.490180090437,1222.3893656820828,1244.4979248046875,684000,0.0,0.0
2011-10-18 00:00:00+09:00,1245.2110745365158,1253.056046941958,1219.536619391433,1227.381591796875,561800,0.0,0.0
2011-10-19 00:00:00+09:00,1227.3814380041065,1227.3814380041065,1203.1333445165183,1210.26513671875,970800,0.0,0.0
2011-10-20 00:00:00+09:00,1203.133289585452,1215.9705149633644,1196.0014977088342,1205.2728271484375,732400,0.0,0.0
2011-10-21 00:00:00+09:00,1218.8232421875,1237.365901226046,1209.551912668227,1218.8232421875,965600,0.0,0.0
2011-10-24 00:00:00+09:00,1234.5131060456577,1251.629405609549,1234.5131060456577,1249.4898681640625,1018300,0.0,0.0
2011-10-25 00:00:00+09:00,1247.3504432385805,1252.3426977283862,1223.1023500023819,1228.0946044921875,1020200,0.0,0.0
2011-10-26 00:00:00+09:00,1220.2494891051347,1223.1022056196996,1208.125443918234,1208.838623046875,1018400,0.0,0.0
2011-10-27 00:00:00+09:00,1211.6914502495977,1232.3736468695142,1202.4201207303247,1218.8232421875,1052400,0.0,0.0
2011-10-28 00:00:00+09:00,1247.3502965803818,1247.3502965803818,1215.257235776427,1224.528564453125,1584400,0.0,0.0
2011-10-31 00:00:00+09:00,1226.6683008603238,1245.2109612221661,1226.6683008603238,1233.0869140625,1023000,0.0,0.0
2011-11-01 00:00:00+09:00,1246.637174113413,1246.637174113413,1198.8541703001415,1205.9859619140625,1665600,0.0,0.0
2011-11-02 00:00:00+09:00,1194.5752662402047,1194.5752662402047,1157.4899445420012,1166.048095703125,1576400,0.0,0.0
2011-11-04 00:00:00+09:00,1205.2729264745174,1215.257435924602,1194.575237777998,1209.552001953125,1672900,0.0,0.0
2011-11-07 00:00:00+09:00,1208.1255538585574,1246.6372303097748,1199.5674035360648,1226.668212890625,1122000,0.0,0.0
2011-11-08 00:00:00+09:00,1217.3970532400328,1239.5056113246496,1196.001674448468,1202.4202880859375,1135400,0.0,0.0
2011-11-09 00:00:00+09:00,1214.5441347673868,1220.9627473410253,1181.737892724345,1186.0169677734375,1201400,0.0,0.0
2011-11-10 00:00:00+09:00,1161.0561864646083,1188.8701860175074,1161.0561864646083,1183.8779296875,710100,0.0,0.0
2011-11-11 00:00:00+09:00,1184.590743842741,1197.427970446696,1172.4666964945611,1176.0325927734375,536000,0.0,0.0
2011-11-14 00:00:00+09:00,1183.8774858489676,1194.575173974109,1174.606156140512,1183.164306640625,778100,0.0,0.0
2011-11-15 00:00:00+09:00,1160.3426191478857,1162.4821568598977,1146.7922136384757,1151.0712890625,929000,0.0,0.0
2011-11-16 00:00:00+09:00,1156.0636480147537,1162.4822617298264,1126.8232966460894,1131.8155517578125,839100,0.0,0.0
2011-11-17 00:00:00+09:00,1133.9551790159207,1144.6528693839953,1120.4047712163594,1130.3892822265625,810800,0.0,0.0
2011-11-18 00:00:00+09:00,1111.1329210069446,1121.117427357456,1094.7298034311038,1097.58251953125,1135800,0.0,0.0
2011-11-21 00:00:00+09:00,1083.3191809584578,1094.730047907329,1063.3501637979332,1074.0478515625,1860200,0.0,0.0
2011-11-22 00:00:00+09:00,1069.7689423925456,1077.6139146367575,1056.2185357889066,1073.3348388671875,1717500,0.0,0.0
2011-11-24 00:00:00+09:00,1074.761204225621,1106.8542726995115,1069.0557698302628,1094.730224609375,2081000,0.0,0.0
2011-11-25 00:00:00+09:00,1105.427835755429,1107.5673735020525,1077.6138450493247,1094.0169677734375,1053500,0.0,0.0
2011-11-28 00:00:00+09:00,1086.8852029065238,1087.5983821735229,1054.7921358915673,1058.3580322265625,1769700,0.0,0.0
2011-11-29 00:00:00+09:00,1063.3502424143783,1070.482034784696,1051.2261953848379,1059.0711669921875,1874600,0.0,0.0
2011-11-30 00:00:00+09:00,1069.055628117827,1110.4200220009716,1066.9160905031813,1106.8541259765625,1705600,0.0,0.0
2011-12-01 00:00:00+09:00,1148.2186346023411,1155.3504273638464,1104.0015194810087,1108.9937744140625,1545400,0.0,0.0
2011-12-02 00:00:00+09:00,1121.8307555844863,1133.241621502701,1106.8539940668293,1132.5284423828125,1392200,0.0,0.0
2011-12-05 00:00:00+09:00,1148.2187852257866,1151.0715027046083,1132.5288390922665,1141.8001708984375,1076600,0.0,0.0
2011-12-06 00:00:00+09:00,1150.358377485133,1166.7615037604944,1138.9475070327076,1146.79248046875,1472600,0.0,0.0
2011-12-07 00:00:00+09:00,1137.5208285299898,1154.6371293981526,1128.2494988930682,1153.9239501953125,1083300,0.0,0.0
2011-12-08 00:00:00+09:00,1138.9473760986327,1156.7768591308593,1131.102403564453,1141.0869140625,1021500,0.0,0.0
2011-12-09 00:00:00+09:00,1141.0868595025108,1146.7922938000233,1131.102349481864,1136.0946044921875,1096600,0.0,0.0
2011-12-12 00:00:00+09:00,1164.6216062732724,1176.0324732055274,1108.9936299785295,1113.272705078125,2009200,0.0,0.0
2011-12-13 00:00:00+09:00,1104.7144775390625,1118.264881072466,1094.7299696723442,1104.7144775390625,1104300,0.0,0.0
2011-12-14 00:00:00+09:00,1108.9938322785613,1111.8465495320108,1094.0170666979504,1098.296142578125,866900,0.0,0.0
2011-12-15 00:00:00+09:00,1126.8231932399908,1166.76123046875,1113.2727877516618,1166.76123046875,3469400,0.0,0.0
2011-12-16 00:00:00+09:00,1171.0400821904918,1193.8618133903065,1143.2260972907177,1154.636962890625,2331800,0.0,0.0
2011-12-19 00:00:00+09:00,1141.0867235137196,1175.319325219131,1134.6681106939548,1169.6138916015625,1844000,0.0,0.0
2011-12-20 00:00:00+09:00,1165.3349678332988,1191.7226017438447,1155.3504577049841,1186.7303466796875,1578500,0.0,0.0
2011-12-21 00:00:00+09:00,1192.4360833960843,1198.8546986775225,1175.3197759789157,1183.8779296875,1226600,0.0,0.0
2011-12-22 00:00:00+09:00,1193.8619725735905,1200.9937645244484,1161.7689087947306,1179.598388671875,1504100,0.0,0.0
2011-12-26 00:00:00+09:00,1187.4434274141904,1193.8620405353483,1169.6139465220856,1174.606201171875,651100,0.0,0.0
2011-12-27 00:00:00+09:00,1176.0327666156222,1190.2963538395836,1166.7614349200473,1188.8699951171875,752500,0.0,0.0
2011-12-28 00:00:00+09:00,1176.7457388789276,1183.8775312357695,1163.908512636612,1174.606201171875,933500,0.0,0.0
2011-12-29 00:00:00+09:00,1180.3116683080893,1183.1643853311905,1162.4821869137072,1176.0325927734375,868300,0.0,0.0
2011-12-30 00:00:00+09:00,1188.8696844728324,1196.7146553961684,1180.3115343746476,1186.0169677734375,780300,0.0,0.0
2012-01-04 00:00:00+09:00,1210.9783935546875,1220.9629032777532,1204.559780161288,1210.9783935546875,1247300,0.0,0.0
2012-01-05 00:00:00+09:00,1212.4043626329,1218.1097949276432,1204.5593932276283,1207.412109375,869000,0.0,0.0
2012-01-06 00:00:00+09:00,1203.8466968305463,1204.5598761533133,1171.0404479832685,1178.1722412109375,895800,0.0,0.0
2012-01-10 00:00:00+09:00,1203.8466632604045,1235.9397318899769,1203.8466632604045,1229.5211181640625,2410900,0.0,0.0
2012-01-11 00:00:00+09:00,1221.6758146324935,1233.799859494579,1214.544023537149,1223.1021728515625,1331300,0.0,0.0
2012-01-12 00:00:00+09:00,1227.38145755471,1239.5055044916246,1223.1023821652109,1237.365966796875,1686600,0.0,0.0
2012-01-13 00:00:00+09:00,1234.5133848927314,1247.3506124652727,1217.3970814626762,1227.381591796875,2596000,0.0,0.0
2012-01-16 00:00:00+09:00,1198.8543715060114,1203.133447192529,1173.1799173869058,1191.0093994140625,1750600,0.0,0.0
2012-01-17 00:00:00+09:00,1193.8620585315632,1214.5442566781674,1191.7225207922593,1209.552001953125,917600,0.0,0.0
2012-01-18 00:00:00+09:00,1193.1487816826616,1207.4123654445584,1183.1642730493338,1189.5828857421875,1208000,0.0,0.0
2012-01-19 00:00:00+09:00,1184.590768178304,1193.8620986938477,1156.776776631673,1163.9085693359375,1561400,0.0,0.0
2012-01-20 00:00:00+09:00,1182.4507976681905,1183.8771556870906,1141.0864151200874,1143.2259521484375,2006200,0.0,0.0
2012-01-23 00:00:00+09:00,1143.9396623019024,1157.4900697730598,1138.947406917792,1150.3582763671875,1259400,0.0,0.0
2012-01-24 00:00:00+09:00,1151.0712672127486,1154.6371633317472,1139.6603996319532,1147.50537109375,715500,0.0,0.0
2012-01-25 00:00:00+09:00,1133.2418555923655,1136.0945726611947,1109.7069397745254,1126.8232421875,1903100,0.0,0.0
2012-01-26 00:00:00+09:00,1121.8311674757888,1123.9707056210063,1110.4202973679612,1116.125732421875,2136200,0.0,0.0
2012-01-27 00:00:00+09:00,1137.5210174560546,1149.6450659179686,1124.6837896728516,1141.0869140625,1573700,0.0,0.0
2012-01-30 00:00:00+09:00,1141.0867797397768,1154.6371852491868,1127.536374230367,1151.0712890625,1383000,0.0,0.0
2012-01-31 00:00:00+09:00,1146.792080965909,1186.016934481534,1143.2261851917613,1176.74560546875,2293300,0.0,0.0
2012-02-01 00:00:00+09:00,1166.047963365216,1167.4743217301889,1138.947154430734,1144.652587890625,2076000,0.0,0.0
2012-02-02 00:00:00+09:00,1134.668090439319,1161.0557204495358,1134.668090439319,1142.5130615234375,937500,0.0,0.0
2012-02-03 00:00:00+09:00,1143.2263537543677,1148.2186085742558,1123.2573344748155,1128.9627685546875,1759800,0.0,0.0
2012-02-06 00:00:00+09:00,1128.9629716841819,1128.9629716841819,1081.8931320561617,1084.745849609375,3458200,0.0,0.0
2012-02-07 00:00:00+09:00,1091.1642889682473,1095.44336461126,1059.7844009194873,1064.0634765625,2462600,0.0,0.0
2012-02-08 00:00:00+09:00,1076.900434303029,1094.0167325965872,1064.7763896784254,1068.34228515625,2674200,0.0,0.0
2012-02-09 00:00:00+09:00,1066.9159153471057,1074.7608853128932,1059.784124469117,1062.6368408203125,1920100,0.0,0.0
2012-02-10 00:00:00+09:00,1065.489725636912,1066.202904837472,1029.1175864083427,1038.388916015625,2985300,0.0,0.0
2012-02-13 00:00:00+09:00,1041.2419079598153,1051.9395987950188,1023.412423234476,1047.6605224609375,3399000,0.0,0.0
2012-02-14 00:00:00+09:00,1044.0943363245128,1081.1796542813945,1041.2416195585988,1079.7532958984375,2265600,0.0,0.0
2012-02-15 00:00:00+09:00,1095.4430609284332,1106.8539261464377,1088.3112701671805,1106.1407470703125,3141100,0.0,0.0
2012-02-16 00:00:00+09:00,1110.4200904975503,1138.2340812036548,1089.0247130313162,1094.0169677734375,2241500,0.0,0.0
2012-02-17 00:00:00+09:00,1097.5829434132013,1098.2961227136645,1081.892998803006,1086.88525390625,1434000,0.0,0.0
2012-02-20 00:00:00+09:00,1085.458685132616,1090.4509392692312,1042.6679353902002,1049.0865478515625,2692900,0.0,0.0
2012-02-21 00:00:00+09:00,1054.7921358915673,1075.4743346345392,1049.0867017555752,1058.3580322265625,1611500,0.0,0.0
2012-02-22 00:00:00+09:00,1061.2107038038937,1084.7456186059962,1050.5130152574834,1066.9161376953125,1424400,0.0,0.0
2012-02-23 00:00:00+09:00,1075.4743866955139,1079.040283203125,1069.055772981814,1079.040283203125,1156000,0.0,0.0
2012-02-24 00:00:00+09:00,1091.1643706386528,1103.2884192013046,1086.1721153481492,1101.862060546875,2616900,0.0,0.0
2012-02-27 00:00:00+09:00,1116.1257206663793,1129.6761287767058,1096.1566981880032,1118.2652587890625,2694300,0.0,0.0
2012-02-28 00:00:00+09:00,1099.009381223496,1126.8233759462191,1089.0248702973902,1124.683837890625,2315700,0.0,0.0
2012-02-29 00:00:00+09:00,1119.691352225371,1124.6836066620447,1094.730080042003,1099.0091552734375,2180000,0.0,0.0
2012-03-01 00:00:00+09:00,1091.1642404058814,1108.2805422161698,1085.4588064691186,1088.3115234375,1623800,0.0,0.0
2012-03-02 00:00:00+09:00,1101.8619175593476,1101.8619175593476,1089.024691335355,1090.4510498046875,1431900,0.0,0.0
2012-03-05 00:00:00+09:00,1094.729754065499,1126.8228087449436,1094.0165750726226,1123.9700927734375,1973700,0.0,0.0
2012-03-06 00:00:00+09:00,1125.3967394449971,1145.3657563679756,1118.2649476867905,1131.1021728515625,2478400,0.0,0.0
2012-03-07 00:00:00+09:00,1121.1179691769792,1142.5133502681429,1121.1179691769792,1141.8001708984375,1715900,0.0,0.0
2012-03-08 00:00:00+09:00,1144.6524652842447,1151.0710772391096,1127.5361667379382,1136.8074951171875,1317500,0.0,0.0
2012-03-09 00:00:00+09:00,1152.4976475371745,1161.055798385223,1141.0867797397768,1151.0712890625,1517200,0.0,0.0
2012-03-12 00:00:00+09:00,1162.482134030189,1171.040284710166,1149.6449080102236,1155.350341796875,1150600,0.0,0.0
2012-03-13 00:00:00+09:00,1161.0560278156458,1178.1723328940093,1158.2033103025854,1168.9010009765625,1772900,0.0,0.0
2012-03-14 00:00:00+09:00,1176.745639169143,1176.745639169143,1138.9471428806796,1162.4820556640625,1734100,0.0,0.0
2012-03-15 00:00:00+09:00,1171.7530835827533,1173.8926205582543,1152.4972508032436,1165.33447265625,1564200,0.0,0.0
2012-03-16 00:00:00+09:00,1164.6217050799312,1172.4666767614249,1153.9240164233488,1156.7767333984375,1806900,0.0,0.0
2012-03-19 00:00:00+09:00,1157.4898446520338,1179.598399910329,1156.7766654501534,1177.4588623046875,1102000,0.0,0.0
2012-03-21 00:00:00+09:00,1178.172007662889,1196.714666379133,1169.613857486161,1191.722412109375,1419200,0.0,0.0
2012-03-22 00:00:00+09:00,1194.5752387796736,1203.846568991098,1181.0248330860534,1201.70703125,1085900,0.0,0.0
2012-03-23 00:00:00+09:00,1193.8617946079798,1208.1253763834636,1183.1641082763672,1198.140869140625,1278500,0.0,0.0
2012-03-26 00:00:00+09:00,1197.427978515625,1208.1256674243411,1192.4357236915575,1197.427978515625,1057300,0.0,0.0
2012-03-27 00:00:00+09:00,1211.691351054847,1225.9549337629676,1208.1254553778167,1222.3890380859375,1558800,0.0,0.0
2012-03-28 00:00:00+09:00,1231.770167065387,1242.594157988633,1222.3893749319072,1241.87255859375,1448100,20.0,0.0
2012-03-29 00:00:00+09:00,1244.0372804821045,1270.0148571047007,1243.315681131477,1266.4068603515625,2093900,0.0,0.0
2012-03-30 00:00:00+09:00,1270.0148793432813,1275.7876742493872,1246.923699718858,1251.2532958984375,1794300,0.0,0.0
2012-04-02 00:00:00+09:00,1226.7186569543692,1274.3442048125978,1214.4514703848256,1268.5714111328125,2808700,0.0,0.0
2012-04-03 00:00:00+09:00,1270.0148061260622,1281.5603952726628,1264.242011552762,1273.622802734375,1480800,0.0,0.0
2012-04-04 00:00:00+09:00,1279.3956748052397,1284.4468703628463,1272.1796811515158,1276.50927734375,1592200,0.0,0.0
2012-04-05 00:00:00+09:00,1249.088485245852,1271.4580652820287,1244.0372897538123,1259.9124755859375,1872000,0.0,0.0
2012-04-06 00:00:00+09:00,1231.0481297460708,1242.593715957054,1223.1105392260201,1236.8209228515625,2105700,0.0,0.0
2012-04-09 00:00:00+09:00,1217.3381382391706,1256.304504252754,1213.008542015439,1242.5941162109375,915400,0.0,0.0
2012-04-10 00:00:00+09:00,1241.8724751353473,1262.0772568342372,1232.4916836322911,1243.315673828125,940000,0.0,0.0
2012-04-11 00:00:00+09:00,1234.6561927751309,1252.696172213692,1229.6049985323339,1248.3665771484375,701000,0.0,0.0
2012-04-12 00:00:00+09:00,1231.0482731023485,1233.9346699912169,1213.0082925469212,1219.502685546875,1827100,0.0,0.0
2012-04-13 00:00:00+09:00,1233.9347640636356,1249.0883488854697,1220.224377796262,1241.1507568359375,1443400,0.0,0.0
2012-04-16 00:00:00+09:00,1216.6164968066116,1240.4292752138585,1207.957304658522,1215.8948974609375,1726000,0.0,0.0
2012-04-17 00:00:00+09:00,1215.8947821328807,1247.6451503310093,1215.1731828556506,1241.1507568359375,1001500,0.0,0.0
2012-04-18 00:00:00+09:00,1238.264519987206,1257.0261036233758,1235.3781225047182,1242.5941162109375,965700,0.0,0.0
2012-04-19 00:00:00+09:00,1223.832275390625,1231.7698667994084,1218.7810808577626,1223.832275390625,1573600,0.0,0.0
2012-04-20 00:00:00+09:00,1220.22447192068,1244.0372499061218,1218.7812732548955,1231.0484619140625,1011500,0.0,0.0
2012-04-23 00:00:00+09:00,1205.7925128221086,1234.656486797503,1200.7413173764144,1211.5653076171875,1131300,0.0,0.0
2012-04-24 00:00:00+09:00,1210.843558939799,1220.2243493249107,1194.9683752111487,1201.4627685546875,1409100,0.0,0.0
2012-04-25 00:00:00+09:00,1211.5650219145275,1218.7810137067522,1202.1842325846353,1212.28662109375,1279300,0.0,0.0
2012-04-26 00:00:00+09:00,1230.3268812279,1232.491679259386,1215.1732950074977,1218.0596923828125,925500,0.0,0.0
2012-04-27 00:00:00+09:00,1218.0598699860075,1225.275864476446,1198.5766848618237,1208.6790771484375,1096400,0.0,0.0
2012-05-01 00:00:00+09:00,1217.3378989182156,1238.9858757810173,1207.2355097155748,1210.843505859375,1054600,0.0,0.0
2012-05-02 00:00:00+09:00,1213.0086669921875,1218.0598631069674,1201.46307587269,1213.0086669921875,591600,0.0,0.0
2012-05-07 00:00:00+09:00,1179.8147444291549,1181.979542125355,1152.3939736106179,1174.7635498046875,1803300,0.0,0.0
2012-05-08 00:00:00+09:00,1183.4228186513863,1183.4228186513863,1166.1044359394148,1177.6500244140625,688700,0.0,0.0
2012-05-09 00:00:00+09:00,1165.3831403416577,1176.2071323572147,1156.7239467292118,1163.93994140625,537600,0.0,0.0
2012-05-10 00:00:00+09:00,1148.7860350955564,1169.7124138755632,1145.1780387541758,1161.05322265625,1082300,0.0,0.0
2012-05-11 00:00:00+09:00,1163.940015880693,1171.156011019445,1143.7352294921875,1143.7352294921875,750700,0.0,0.0
2012-05-14 00:00:00+09:00,1114.8709503992307,1153.1157143935086,1099.7173646656488,1130.0245361328125,1485200,0.0,0.0
2012-05-15 00:00:00+09:00,1111.2628781287026,1111.2628781287026,1054.9781349507552,1065.8021240234375,2704200,0.0,0.0
2012-05-16 00:00:00+09:00,1070.8532519330724,1082.3988395549923,1038.3812867464226,1054.2564697265625,2223400,0.0,0.0
2012-05-17 00:00:00+09:00,1075.1826706864294,1080.2338644413321,1056.4210938825051,1063.6370849609375,806400,0.0,0.0
2012-05-18 00:00:00+09:00,1043.432638774671,1051.3702314624452,1024.6710560581141,1028.279052734375,1344400,0.0,0.0
2012-05-21 00:00:00+09:00,1021.7848893826032,1045.5976728216044,1021.7848893826032,1023.2280883789062,1031500,0.0,0.0
2012-05-22 00:00:00+09:00,1024.6709262750642,1039.1029111521777,1015.2901361049403,1018.8981323242188,1008600,0.0,0.0
2012-05-23 00:00:00+09:00,1024.6712059981571,1026.1144048798446,996.52882780525,997.2504272460938,998600,0.0,0.0
2012-05-24 00:00:00+09:00,998.6932842002541,1011.6820696884078,984.9828995183142,993.64208984375,871400,0.0,0.0
2012-05-25 00:00:00+09:00,994.363910450655,997.2503078685088,968.3863336899702,981.3751220703125,1389700,0.0,0.0
2012-05-28 00:00:00+09:00,984.2614299930326,1005.9094086585685,982.0966321264791,987.1478271484375,1071100,0.0,0.0
2012-05-29 00:00:00+09:00,984.9831605008781,1009.5175395902772,982.8183623459311,1008.0743408203125,1427900,0.0,0.0
2012-05-30 00:00:00+09:00,1008.7958300428701,1008.7958300428701,990.7558473883123,999.4150390625,957400,0.0,0.0
2012-05-31 00:00:00+09:00,981.3751479215273,1011.6823216073391,965.4999617051496,1005.1879272460938,2017800,0.0,0.0
2012-06-01 00:00:00+09:00,1048.483741507146,1084.5637050827531,1047.762142235634,1065.8021240234375,4187200,0.0,0.0
2012-06-04 00:00:00+09:00,1047.040637065186,1070.8534151652213,1045.5974383924568,1055.6998291015625,1429900,0.0,0.0
2012-06-05 00:00:00+09:00,1056.421127751771,1070.8531103713308,1049.9267355729694,1069.409912109375,1136200,0.0,0.0
2012-06-06 00:00:00+09:00,1070.1317196525104,1077.3477123676319,1057.864532036804,1065.8021240234375,1266400,0.0,0.0
2012-06-07 00:00:00+09:00,1065.080530556913,1065.080530556913,1045.5973501198962,1061.4725341796875,2118700,0.0,0.0
2012-06-08 00:00:00+09:00,1062.9159386766614,1066.523935752957,1052.0919474477748,1060.029541015625,1377400,0.0,0.0
2012-06-11 00:00:00+09:00,1075.182861328125,1083.1204529218226,1061.472475848102,1075.182861328125,1011900,0.0,0.0
2012-06-12 00:00:00+09:00,1070.1318999450154,1088.1718847721397,1057.143110869486,1081.677490234375,1679200,0.0,0.0
2012-06-13 00:00:00+09:00,1085.2855752329954,1106.2119593299083,1083.84237632976,1103.3255615234375,1547200,0.0,0.0
2012-06-14 00:00:00+09:00,1103.325344043665,1115.5925323031433,1101.8821454249028,1113.427734375,1299400,0.0,0.0
2012-06-15 00:00:00+09:00,1114.1493276912524,1128.5813138012427,1111.9845297747538,1117.75732421875,1364800,0.0,0.0
2012-06-18 00:00:00+09:00,1119.2006322921552,1157.4453992241245,1119.2006322921552,1153.83740234375,1465900,0.0,0.0
2012-06-19 00:00:00+09:00,1145.17809759176,1158.8884843934259,1140.8485017596552,1147.3428955078125,1204300,0.0,0.0
2012-06-20 00:00:00+09:00,1151.6722622471432,1171.1554396159859,1151.6722622471432,1168.26904296875,1168200,0.0,0.0
2012-06-21 00:00:00+09:00,1169.7122935749971,1172.5986903512464,1158.1667064700002,1158.8883056640625,1535600,0.0,0.0
2012-06-22 00:00:00+09:00,1158.8887868270685,1172.5991772067164,1153.1159908777431,1163.2183837890625,1157300,0.0,0.0
2012-06-25 00:00:00+09:00,1153.1156720972772,1174.0420516284544,1145.1780798613136,1160.3316650390625,712700,0.0,0.0
2012-06-26 00:00:00+09:00,1147.3428538458516,1166.1044351037083,1141.5700596126649,1148.064453125,911800,0.0,0.0
2012-06-27 00:00:00+09:00,1145.8994018783142,1157.4449877914458,1131.4674194868996,1156.723388671875,924000,0.0,0.0
2012-06-28 00:00:00+09:00,1153.8372157806245,1172.598796525025,1153.1156165212246,1171.877197265625,601100,0.0,0.0
2012-06-29 00:00:00+09:00,1144.456468973042,1175.4852383083767,1144.456468973042,1168.9908447265625,1362700,0.0,0.0
2012-07-02 00:00:00+09:00,1171.8775494489228,1189.1959368792022,1161.0535573049979,1180.5367431640625,1111400,0.0,0.0
2012-07-03 00:00:00+09:00,1172.598638454405,1204.3490015879397,1172.598638454405,1202.1842041015625,1112500,0.0,0.0
2012-07-04 00:00:00+09:00,1209.400234890213,1220.2242226726432,1199.2978462932779,1203.62744140625,908900,0.0,0.0
2012-07-05 00:00:00+09:00,1202.1844183699964,1212.2868084403324,1192.0820282996601,1194.246826171875,795000,0.0,0.0
2012-07-06 00:00:00+09:00,1192.8034614990675,1204.3490485432205,1187.030667976991,1197.133056640625,839600,0.0,0.0
2012-07-09 00:00:00+09:00,1196.4115512773367,1223.8323226576376,1193.5251542899366,1218.7811279296875,1137700,0.0,0.0
2012-07-10 00:00:00+09:00,1213.7299981436454,1223.1107888546248,1196.4116152926065,1210.474609375,1205500,0.0,0.0
2012-07-11 00:00:00+09:00,1195.689799011128,1214.4513770282006,1186.3090100025918,1196.679443359375,1200200,0.0,0.0
2012-07-12 00:00:00+09:00,1201.462643849764,1210.8434332612035,1185.5874617688662,1203.62744140625,1030200,0.0,0.0
2012-07-13 00:00:00+09:00,1187.75253833154,1211.565317046571,1187.75253833154,1205.0709228515625,1153400,0.0,0.0
2012-07-17 00:00:00+09:00,1188.4743374029406,1195.6903321655573,1174.7639473539693,1180.5367431640625,1214200,0.0,0.0
2012-07-18 00:00:00+09:00,1181.9795998575032,1208.6787727480573,1181.9795998575032,1192.8035888671875,1568800,0.0,0.0
2012-07-19 00:00:00+09:00,1201.462704991448,1220.224284769092,1199.2979073247966,1219.502685546875,1425000,0.0,0.0
2012-07-20 00:00:00+09:00,1218.7810528150778,1222.3890488269637,1209.4002631841743,1213.7298583984375,1319400,0.0,0.0
2012-07-23 00:00:00+09:00,1208.678665288911,1217.3378557268015,1192.8034828194448,1198.4696044921875,1250600,0.0,0.0
2012-07-24 00:00:00+09:00,1191.3605989622838,1200.0197916864192,1186.3094032065383,1189.19580078125,1178800,0.0,0.0
2012-07-25 00:00:00+09:00,1187.0307730810816,1199.2979604016764,1174.041986506334,1178.37158203125,1766600,0.0,0.0
2012-07-26 00:00:00+09:00,1181.2581659783154,1196.411752713529,1179.8149672416284,1189.9173583984375,1171100,0.0,0.0
2012-07-27 00:00:00+09:00,1200.0195229270241,1210.1219121759589,1194.9683283025568,1206.513916015625,1071600,0.0,0.0
2012-07-30 00:00:00+09:00,1210.1221826084993,1219.5029747217434,1203.627788068561,1216.6165771484375,902200,0.0,0.0
2012-07-31 00:00:00+09:00,1218.0598699860075,1222.3894666802705,1208.6790771484375,1208.6790771484375,1562000,0.0,0.0
2012-08-01 00:00:00+09:00,1216.6161487678614,1248.366510894662,1163.2178124636966,1164.6610107421875,3085600,0.0,0.0
2012-08-02 00:00:00+09:00,1162.496721310723,1163.218320765292,1147.3431327647731,1151.6727294921875,1550500,0.0,0.0
2012-08-03 00:00:00+09:00,1132.9112050551043,1166.826381257391,1132.1896055614386,1163.2183837890625,1284400,0.0,0.0
2012-08-06 00:00:00+09:00,1161.7747468984082,1171.8771360018727,1145.1779647998596,1156.001953125,753100,0.0,0.0
2012-08-07 00:00:00+09:00,1144.4568329563426,1145.9000319890745,1113.4280537526083,1124.8553466796875,1671300,0.0,0.0
2012-08-08 00:00:00+09:00,1124.251795604777,1142.2917794880373,1110.5414078534993,1120.643798828125,2464700,0.0,0.0
2012-08-09 00:00:00+09:00,1110.5413985600392,1132.1893790387924,1105.4902031149968,1127.13818359375,1331600,0.0,0.0
2012-08-10 00:00:00+09:00,1114.8707745258148,1119.9219689735046,1103.3251872168096,1109.819580078125,1255500,0.0,0.0
2012-08-13 00:00:00+09:00,1117.0358862976193,1143.0134650487269,1115.5926874781135,1138.727294921875,1116900,0.0,0.0
2012-08-14 00:00:00+09:00,1140.8483858975496,1156.0019697709517,1132.9107943448153,1143.01318359375,1309400,0.0,0.0
2012-08-15 00:00:00+09:00,1154.5588311079853,1171.877213574605,1153.1156325691002,1160.5919189453125,1188700,0.0,0.0
2012-08-16 00:00:00+09:00,1162.4967842953968,1172.5991772067164,1156.0023888524058,1163.2183837890625,900500,0.0,0.0
2012-08-17 00:00:00+09:00,1166.8259582519531,1176.206748268821,1161.7747636274858,1174.7635498046875,1176100,0.0,0.0
2012-08-20 00:00:00+09:00,1184.8660172107172,1196.411605685365,1175.485226575066,1177.6500244140625,1068600,0.0,0.0
2012-08-21 00:00:00+09:00,1196.4114102793003,1198.5762077647273,1163.2178488360871,1168.26904296875,1310600,0.0,0.0
2012-08-22 00:00:00+09:00,1166.1042869765915,1172.598679663961,1159.609894289222,1167.5474853515625,824300,0.0,0.0
2012-08-23 00:00:00+09:00,1166.1044010302705,1179.0931876754096,1164.661202514144,1171.2855224609375,903000,0.0,0.0
2012-08-24 00:00:00+09:00,1161.774769135086,1179.8147500222767,1160.3315706641108,1170.4339599609375,654300,0.0,0.0
2012-08-27 00:00:00+09:00,1176.9288862488434,1189.196078809377,1167.548091937847,1169.712890625,416500,0.0,0.0
2012-08-28 00:00:00+09:00,1182.7009791600601,1193.524966156644,1167.5473973648427,1173.3201904296875,1175900,0.0,0.0
2012-08-29 00:00:00+09:00,1173.3204996943039,1186.309287513798,1169.7125030777777,1184.8660888671875,798100,0.0,0.0
2012-08-30 00:00:00+09:00,1187.752560293407,1193.525355240155,1167.5477779797889,1189.9173583984375,977900,0.0,0.0
2012-08-31 00:00:00+09:00,1169.71244695943,1181.2580355784005,1165.3828512273162,1166.8260498046875,821400,0.0,0.0
2012-09-03 00:00:00+09:00,1161.0532969861927,1179.8148791624767,1154.5589031559405,1166.1044921875,511200,0.0,0.0
2012-09-04 00:00:00+09:00,1165.3828182659067,1165.3828182659067,1148.0644358272802,1161.05322265625,455700,0.0,0.0
2012-09-05 00:00:00+09:00,1153.1159284013254,1160.331922947016,1141.570337128221,1151.6727294921875,516700,0.0,0.0
2012-09-06 00:00:00+09:00,1148.0643283743482,1150.2291259765625,1133.6323443595859,1150.2291259765625,691300,0.0,0.0
2012-09-07 00:00:00+09:00,1170.4338821015047,1175.4850764139032,1153.1155016018522,1167.5474853515625,839000,0.0,0.0
2012-09-10 00:00:00+09:00,1167.5477514296824,1171.8773475412884,1143.7349728158508,1152.3941650390625,695000,0.0,0.0
2012-09-11 00:00:00+09:00,1140.848336366967,1160.3315147868962,1140.1267371662288,1150.2291259765625,574200,0.0,0.0
2012-09-12 00:00:00+09:00,1143.013281978778,1167.5476579808476,1143.013281978778,1160.3316650390625,654700,0.0,0.0
2012-09-13 00:00:00+09:00,1140.8483973797702,1140.8483973797702,1088.893252148054,1102.6036376953125,2382400,0.0,0.0
2012-09-14 00:00:00+09:00,1106.9335303828022,1113.4279252807457,1090.3367434213912,1095.387939453125,1470300,0.0,0.0
2012-09-18 00:00:00+09:00,1079.512779620054,1113.427953846085,1078.7911801684363,1103.3255615234375,1528100,0.0,0.0
2012-09-19 00:00:00+09:00,1080.9557840599205,1096.830969139572,1055.6998077968383,1070.8533935546875,2004600,0.0,0.0
2012-09-20 00:00:00+09:00,1070.8533247604732,1086.7285088202648,1058.5861370779073,1061.4725341796875,1567600,0.0,0.0
2012-09-21 00:00:00+09:00,1061.4721917454976,1091.0577524943524,1053.5346022762926,1078.0689697265625,1759100,0.0,0.0
2012-09-24 00:00:00+09:00,1095.3876866788435,1110.5412712771674,1092.501289612496,1101.882080078125,1078600,0.0,0.0
2012-09-25 00:00:00+09:00,1080.9558715417973,1098.9958560468338,1080.9558715417973,1094.666259765625,1139800,0.0,0.0
2012-09-26 00:00:00+09:00,1091.0101989581578,1099.785079914926,1082.23531800139,1085.1602783203125,1060000,20.0,0.0
2012-09-27 00:00:00+09:00,1093.9348741319445,1099.7847932449495,1073.4601572364268,1085.8912353515625,1016900,0.0,0.0
2012-09-28 00:00:00+09:00,1102.7096619023253,1104.1721415600207,1077.8475077215037,1082.9661865234375,1053500,0.0,0.0
2012-10-01 00:00:00+09:00,1077.1164085751489,1082.235088045635,1053.7167309957838,1059.566650390625,768300,0.0,0.0
2012-10-02 00:00:00+09:00,1065.4165717046494,1082.2350899951139,1062.4916120019598,1075.6539306640625,825900,0.0,0.0
2012-10-03 00:00:00+09:00,1066.8788896156807,1066.8788896156807,1042.7479757312958,1046.4041748046875,1114300,0.0,0.0
2012-10-04 00:00:00+09:00,1042.0168902711928,1051.5230092701581,1042.0168902711928,1043.4793701171875,918200,0.0,0.0
2012-10-05 00:00:00+09:00,1042.7483352960326,1051.5232160979626,1040.55461509555,1044.2108154296875,1113700,0.0,0.0
2012-10-09 00:00:00+09:00,1037.629402292186,1040.5543618476254,1016.423445515249,1017.8859252929688,1194700,0.0,0.0
2012-10-10 00:00:00+09:00,1017.1546286434108,1024.467027123953,1006.1860309225976,1012.0359497070312,1177200,0.0,0.0
2012-10-11 00:00:00+09:00,1020.0794849645623,1023.0044440612348,1003.2609701586949,1004.7234497070312,849600,0.0,0.0
2012-10-12 00:00:00+09:00,1007.648331530718,1023.0043656106491,1003.2608932221661,1020.0794067382812,927900,0.0,0.0
2012-10-15 00:00:00+09:00,1016.4233827142074,1021.5420616199623,999.6048663095837,1009.8422241210938,877200,0.0,0.0
2012-10-16 00:00:00+09:00,1052.985353540682,1099.7847025869344,1052.2541137118342,1082.9661865234375,2868900,0.0,0.0
2012-10-17 00:00:00+09:00,1088.0852723817568,1103.4413145323058,1077.1166708456503,1082.2353515625,1772900,0.0,0.0
2012-10-18 00:00:00+09:00,1096.859902044071,1098.322381913463,1080.041383546062,1096.128662109375,967600,0.0,0.0
2012-10-19 00:00:00+09:00,1090.2789588784271,1096.8601195960032,1074.9229172040832,1085.1602783203125,1352500,0.0,0.0
2012-10-22 00:00:00+09:00,1077.847529497096,1109.2908427727916,1076.3850498098545,1105.6346435546875,1164600,0.0,0.0
2012-10-23 00:00:00+09:00,1114.4098461429014,1117.3348063689982,1096.8600847863204,1104.1724853515625,912400,0.0,0.0
2012-10-24 00:00:00+09:00,1104.9034243404628,1105.6346641977364,1093.2035866240847,1098.322265625,507000,0.0,0.0
2012-10-25 00:00:00+09:00,1098.3221622166611,1108.5595192546327,1095.397203062955,1104.9033203125,624100,0.0,0.0
2012-10-26 00:00:00+09:00,1104.9032435078857,1118.7967985222137,1091.7409282311537,1092.47216796875,689400,0.0,0.0
2012-10-29 00:00:00+09:00,1088.0847553799597,1100.5158312142737,1085.8910361150806,1087.353515625,406400,0.0,0.0
2012-10-30 00:00:00+09:00,1087.3535666785356,1120.2593571967159,1084.428607521364,1091.009765625,908200,0.0,0.0
2012-10-31 00:00:00+09:00,1088.816394975732,1106.3661555394779,1082.9664747878167,1100.5162353515625,771200,0.0,0.0
2012-11-01 00:00:00+09:00,1104.1723528820753,1118.0659122892007,1094.6662332877263,1115.8721923828125,647300,0.0,0.0
2012-11-02 00:00:00+09:00,1118.0656365041777,1118.0656365041777,1097.5909224282345,1104.9033203125,857200,0.0,0.0
2012-11-05 00:00:00+09:00,1126.1093602035985,1133.421758646479,1058.1040546848099,1061.76025390625,1020200,0.0,0.0
2012-11-06 00:00:00+09:00,1050.7917693471609,1052.9854891161528,1031.048291426233,1043.4793701171875,1700100,0.0,0.0
2012-11-07 00:00:00+09:00,1055.179257810755,1060.2979375090747,1017.1547800518088,1023.0046997070312,1147400,0.0,0.0
2012-11-08 00:00:00+09:00,1023.7361747863152,1027.392375410552,1007.6488920396731,1010.5738525390625,612800,0.0,0.0
2012-11-09 00:00:00+09:00,998.8736765147288,1015.6921937620485,998.1424366344105,1013.4984741210938,531200,0.0,0.0
2012-11-12 00:00:00+09:00,1001.0674752060015,1002.5299550821243,979.8615170022221,982.0552368164062,816800,0.0,0.0
2012-11-13 00:00:00+09:00,988.6362630691301,991.5612224273228,976.9364256363593,985.7113037109375,686400,0.0,0.0
2012-11-14 00:00:00+09:00,990.8300186983837,1001.7986166913547,988.6362990997894,998.8736572265625,654000,0.0,0.0
2012-11-15 00:00:00+09:00,1013.4984414519165,1018.6171204491485,1003.2610834574527,1016.4234008789062,683500,0.0,0.0
2012-11-16 00:00:00+09:00,1025.1981862571022,1026.660665838068,996.679834428267,1005.4547119140625,923800,0.0,0.0
2012-11-19 00:00:00+09:00,1036.167081012766,1042.7482410191985,1023.004760999901,1039.092041015625,1289200,0.0,0.0
2012-11-20 00:00:00+09:00,1051.5229615736926,1052.2542014635212,1022.2733659805439,1025.9295654296875,872900,0.0,0.0
2012-11-21 00:00:00+09:00,1033.9730359662183,1033.9730359662183,1017.8857610077623,1024.4669189453125,693400,0.0,0.0
2012-11-22 00:00:00+09:00,1035.4358575994318,1038.3608176491477,1021.5422973632812,1029.5859375,1050700,0.0,0.0
2012-11-26 00:00:00+09:00,1034.7047846368018,1036.1672648977726,1028.1236234624334,1031.048583984375,1051900,0.0,0.0
2012-11-27 00:00:00+09:00,1023.7357271634615,1024.4669669685784,987.9049767127403,998.142333984375,2556500,0.0,0.0
2012-11-28 00:00:00+09:00,998.1423809832564,1012.7671777742198,982.0551045131966,985.7113037109375,1421600,0.0,0.0
2012-11-29 00:00:00+09:00,995.9487389177406,1019.3484156030327,991.5612995392484,1014.229736328125,1282900,0.0,0.0
2012-11-30 00:00:00+09:00,1017.8862155213649,1017.8862155213649,1002.5301734768615,1003.2614135742188,869900,0.0,0.0
2012-12-03 00:00:00+09:00,1012.0361152716046,1016.4235550776954,995.2175960149233,997.4113159179688,988400,0.0,0.0
2012-12-04 00:00:00+09:00,991.5611757383242,1006.9172116457761,984.2487776871566,998.142333984375,902000,0.0,0.0
2012-12-05 00:00:00+09:00,1004.7236072934907,1025.9295640704274,1000.3361679603313,1017.8859252929688,1210300,0.0,0.0
2012-12-06 00:00:00+09:00,1023.7358921962597,1045.6730898861795,1020.079692581273,1043.4793701171875,1579800,0.0,0.0
2012-12-07 00:00:00+09:00,1042.7479634388706,1048.5978818873355,1023.0044886753014,1042.0167236328125,1348500,0.0,0.0
2012-12-10 00:00:00+09:00,1044.9416969882868,1051.5228553318098,1031.0481404852933,1032.5106201171875,581100,0.0,0.0
2012-12-11 00:00:00+09:00,1033.242137562145,1051.5231378728693,1032.510897549716,1045.6732177734375,831400,0.0,0.0
2012-12-12 00:00:00+09:00,1045.6729472139766,1055.9103047391484,1037.6293091584846,1050.7916259765625,1337900,0.0,0.0
2012-12-13 00:00:00+09:00,1061.7606642774244,1068.3418254196397,1053.7170228813832,1063.22314453125,1698000,0.0,0.0
2012-12-14 00:00:00+09:00,1060.2975816156338,1060.2975816156338,1047.1352668093707,1051.522705078125,966900,0.0,0.0
2012-12-17 00:00:00+09:00,1061.7603313577586,1066.1477707435345,1044.9418137122843,1060.2978515625,817300,0.0,0.0
2012-12-18 00:00:00+09:00,1066.147417074947,1085.1596481064619,1053.7163429389566,1078.5784912109375,1256600,0.0,0.0
2012-12-19 00:00:00+09:00,1085.8915076559065,1094.666388525853,1071.2667062059952,1080.7728271484375,1160300,0.0,0.0
2012-12-20 00:00:00+09:00,1081.5038251953124,1101.9785426432293,1069.0727467447916,1096.85986328125,1521600,0.0,0.0
2012-12-21 00:00:00+09:00,1104.1721932371404,1108.559632415566,1085.8911966603666,1086.6224365234375,1327700,0.0,0.0
2012-12-25 00:00:00+09:00,1096.8600922981195,1096.8600922981195,1073.4604103290928,1074.191650390625,657500,0.0,0.0
2012-12-26 00:00:00+09:00,1080.772559359812,1082.235039142437,1058.8353626204382,1071.9976806640625,741700,0.0,0.0
2012-12-27 00:00:00+09:00,1066.879045782687,1078.5788845301324,1062.4916062523948,1073.460205078125,1006600,0.0,0.0
2012-12-28 00:00:00+09:00,1069.8037755382838,1074.1912141255907,1060.2976585991194,1063.953857421875,960600,0.0,0.0
2013-01-04 00:00:00+09:00,1077.1164105154073,1077.8476504410796,1061.0291321506152,1075.6539306640625,933100,0.0,0.0
2013-01-07 00:00:00+09:00,1097.591052531877,1099.7847721571907,1087.353694280414,1093.20361328125,642500,0.0,0.0
2013-01-08 00:00:00+09:00,1084.4288999548576,1098.322459698042,1084.4288999548576,1094.666259765625,693600,0.0,0.0
2013-01-09 00:00:00+09:00,1099.0531775203249,1113.6779703016998,1091.0095414905686,1097.5906982421875,1195500,0.0,0.0
2013-01-10 00:00:00+09:00,1098.322053590986,1104.1719713198327,1085.8909784171865,1095.3970947265625,1026300,0.0,0.0
2013-01-11 00:00:00+09:00,1111.4847816443219,1167.059020726538,1102.709901789235,1159.015380859375,2576200,0.0,0.0
2013-01-15 00:00:00+09:00,1177.296374198718,1193.3836538461537,1135.6156951121795,1140.734375,1829700,0.0,0.0
2013-01-16 00:00:00+09:00,1150.2406715327859,1155.3593522071212,1108.5599860417694,1112.2161865234375,1480400,0.0,0.0
2013-01-17 00:00:00+09:00,1112.9469704675141,1126.8405266034422,1098.322174534958,1109.290771484375,1296300,0.0,0.0
2013-01-18 00:00:00+09:00,1126.8407293439304,1128.3032092003145,1103.4410516417854,1107.8284912109375,957800,0.0,0.0
2013-01-21 00:00:00+09:00,1126.8405515821717,1128.303031207846,1110.0220358869153,1118.065673828125,641500,0.0,0.0
2013-01-22 00:00:00+09:00,1111.484562303654,1113.6782818345166,1094.6660459003751,1105.6346435546875,1219400,0.0,0.0
2013-01-23 00:00:00+09:00,1097.5913248428444,1123.9159668777163,1096.1288447297961,1104.1724853515625,781500,0.0,0.0
2013-01-24 00:00:00+09:00,1099.0536890729563,1111.4847687231493,1099.0536890729563,1106.3660888671875,740500,0.0,0.0
2013-01-25 00:00:00+09:00,1109.290725727902,1127.5717198895352,1109.290725727902,1121.7218017578125,982300,0.0,0.0
2013-01-28 00:00:00+09:00,1147.3157091164412,1193.3838351039083,1137.809587880932,1178.759033203125,3045100,0.0,0.0
2013-01-29 00:00:00+09:00,1179.4900840405976,1191.9211636616083,1153.89668482087,1168.521484375,1277400,0.0,0.0
2013-01-30 00:00:00+09:00,1190.4584249296731,1196.308343479696,1165.5962710920755,1194.1146240234375,1080100,0.0,0.0
2013-01-31 00:00:00+09:00,1191.1897117690285,1191.1897117690285,1169.9837561881188,1181.68359375,954900,0.0,0.0
2013-02-01 00:00:00+09:00,1185.339852800696,1193.3834915303737,1172.1775348794051,1173.6400146484375,877800,0.0,0.0
2013-02-04 00:00:00+09:00,1176.5649197461184,1180.2211189995248,1150.2402851215938,1153.896484375,1610500,0.0,0.0
2013-02-05 00:00:00+09:00,1142.197030473116,1150.9719116291194,1107.8287459454357,1112.2161865234375,1759300,0.0,0.0
2013-02-06 00:00:00+09:00,1169.9839324199506,1217.5145296745113,1156.8216131802262,1187.53369140625,3792100,0.0,0.0
2013-02-07 00:00:00+09:00,1184.6085432952939,1186.8022628199149,1144.390352010577,1163.402587890625,2071200,0.0,0.0
2013-02-08 00:00:00+09:00,1164.1339358905152,1164.1339358905152,1137.0780592397934,1142.927978515625,1098000,0.0,0.0
2013-02-12 00:00:00+09:00,1147.315275101319,1166.3275103802448,1135.6154380065957,1150.240234375,1331700,0.0,0.0
2013-02-13 00:00:00+09:00,1115.8718196804575,1139.2714908664175,1115.8718196804575,1127.5716552734375,1339600,0.0,0.0
2013-02-14 00:00:00+09:00,1117.3346609015214,1125.3783004760742,1105.6348215203536,1111.4847412109375,1285900,0.0,0.0
2013-02-15 00:00:00+09:00,1098.3224219071237,1117.3346609015214,1091.741262255217,1111.4847412109375,1266400,0.0,0.0
2013-02-18 00:00:00+09:00,1116.6033453274267,1132.690623387154,1111.4846659447862,1129.034423828125,695800,0.0,0.0
2013-02-19 00:00:00+09:00,1129.765569302519,1165.5963219859,1126.1093700491128,1153.896484375,1872600,0.0,0.0
2013-02-20 00:00:00+09:00,1151.7028654852802,1164.1339440333754,1134.1531075350283,1161.208984375,1232100,0.0,0.0
2013-02-21 00:00:00+09:00,1161.940185546875,1176.5649833511152,1157.552746205603,1161.940185546875,989000,0.0,0.0
2013-02-22 00:00:00+09:00,1160.4777247769368,1228.4830356806895,1159.746484874746,1214.5894775390625,2409700,0.0,0.0
2013-02-25 00:00:00+09:00,1220.4391563406564,1246.763787633804,1213.1267587592263,1244.570068359375,1665400,0.0,0.0
2013-02-26 00:00:00+09:00,1202.1583046780534,1219.7080609507257,1191.1897070076332,1209.470703125,1045300,0.0,0.0
2013-02-27 00:00:00+09:00,1203.6207242046003,1237.2577553792123,1198.502045547594,1231.4078369140625,1260000,0.0,0.0
2013-02-28 00:00:00+09:00,1241.645491545971,1261.3889710935218,1232.8706117470595,1251.151611328125,1305300,0.0,0.0
2013-03-01 00:00:00+09:00,1262.1200908159626,1321.3505238148578,1245.3015728039306,1313.306884765625,2221000,0.0,0.0
2013-03-04 00:00:00+09:00,1314.7691363594938,1352.7936052642178,1309.6504578530887,1347.6749267578125,1725000,0.0,0.0
2013-03-05 00:00:00+09:00,1318.425670516234,1363.762548814629,1306.7258309553577,1322.8131103515625,3038900,0.0,0.0
2013-03-06 00:00:00+09:00,1319.8880321992842,1320.6192721063198,1287.7134762897172,1308.91943359375,1847000,0.0,0.0
2013-03-07 00:00:00+09:00,1308.1881190954596,1316.9629974795544,1289.9071224619288,1296.48828125,1591900,0.0,0.0
2013-03-08 00:00:00+09:00,1294.2947402928712,1322.0818590110234,1292.1010203940698,1318.4256591796875,2021900,0.0,0.0
2013-03-11 00:00:00+09:00,1333.0503171242465,1333.0503171242465,1304.53196146443,1311.8443603515625,1217200,0.0,0.0
2013-03-12 00:00:00+09:00,1314.0379720234857,1322.081610138265,1297.9506957939273,1302.338134765625,951100,0.0,0.0
2013-03-13 00:00:00+09:00,1314.0377840028254,1314.0377840028254,1295.7567909031757,1308.1878662109375,776300,0.0,0.0
2013-03-14 00:00:00+09:00,1308.9190483940972,1325.0063216145834,1303.8003705512153,1316.2314453125,1941300,0.0,0.0
2013-03-15 00:00:00+09:00,1323.5442350260416,1385.699627278646,1319.8880354817709,1371.0748291015625,2121800,0.0,0.0
2013-03-18 00:00:00+09:00,1389.3556577536872,1395.9368161325206,1364.493503878095,1369.6121826171875,1457500,0.0,0.0
2013-03-19 00:00:00+09:00,1392.2807650862069,1406.905563038793,1375.4622474407327,1378.38720703125,873200,0.0,0.0
2013-03-21 00:00:00+09:00,1403.9803696065992,1443.4673175017847,1389.3555740898637,1440.5423583984375,1599000,0.0,0.0
2013-03-22 00:00:00+09:00,1444.1988985864843,1444.930138535136,1397.399541872796,1399.59326171875,1635900,0.0,0.0
2013-03-25 00:00:00+09:00,1379.8497124891098,1414.2179883168724,1375.4622730217359,1403.2493896484375,1051200,0.0,0.0
2013-03-26 00:00:00+09:00,1403.2492882322429,1418.605325258234,1390.0869707813931,1395.9368896484375,836200,0.0,0.0
2013-03-27 00:00:00+09:00,1398.892720401818,1426.2350503832586,1391.502901487915,1410.7164306640625,1227100,20.0,0.0
2013-03-28 00:00:00+09:00,1398.892812551807,1418.8453249336872,1384.1131737504145,1392.98095703125,1484900,0.0,0.0
2013-03-29 00:00:00+09:00,1409.9779997485773,1417.3678215501945,1397.4153026858278,1412.1949462890625,1063100,0.0,0.0
2013-04-01 00:00:00+09:00,1400.3711874968087,1412.9338841656456,1354.5542937634038,1356.771240234375,779400,0.0,0.0
2013-04-02 00:00:00+09:00,1332.3846768585106,1392.2422247373456,1302.8253939553824,1375.984619140625,1538600,0.0,0.0
2013-04-03 00:00:00+09:00,1372.289675592567,1424.7574014768277,1367.1168012096116,1415.150634765625,2037500,0.0,0.0
2013-04-04 00:00:00+09:00,1402.5875852322324,1456.5332615873183,1385.5910022710411,1455.0552978515625,1897700,0.0,0.0
2013-04-05 00:00:00+09:00,1470.5742506971183,1507.5233524734278,1435.1031129918613,1451.3607177734375,2202000,0.0,0.0
2013-04-08 00:00:00+09:00,1485.353619301156,1520.8247505083477,1477.2248183995077,1510.47900390625,1949800,0.0,0.0
2013-04-09 00:00:00+09:00,1522.3027661215733,1538.5603684782113,1511.957019167349,1523.041748046875,1626700,0.0,0.0
2013-04-10 00:00:00+09:00,1528.9534974037729,1531.909424899962,1507.5230230564025,1514.912841796875,1253200,0.0,0.0
2013-04-11 00:00:00+09:00,1528.9534705190385,1535.6043072685172,1506.0450328263898,1517.1297607421875,1227800,0.0,0.0
2013-04-12 00:00:00+09:00,1511.9570169576984,1542.9942577750119,1501.611270018594,1540.038330078125,1029500,0.0,0.0
2013-04-15 00:00:00+09:00,1542.9943019701088,1557.0349589324803,1519.3468797176934,1529.692626953125,1097300,0.0,0.0
2013-04-16 00:00:00+09:00,1500.8726302450161,1522.3031109329065,1475.0082570010104,1508.262451171875,1386900,0.0,0.0
2013-04-17 00:00:00+09:00,1545.2116475604744,1592.506504300728,1528.2150584194458,1573.29296875,1867400,0.0,0.0
2013-04-18 00:00:00+09:00,1579.9435274038324,1625.021429729199,1576.248617377163,1609.5028076171875,1894200,0.0,0.0
2013-04-19 00:00:00+09:00,1625.7607220290997,1650.1471328595362,1557.7743645624284,1610.9810791015625,2707800,0.0,0.0
2013-04-22 00:00:00+09:00,1644.9742251763096,1950.9128277023617,1644.9742251763096,1830.458740234375,7799500,0.0,0.0
2013-04-23 00:00:00+09:00,1831.9363729109284,1834.1533189047698,1758.777155114163,1794.248291015625,5727200,0.0,0.0
2013-04-24 00:00:00+09:00,1763.210992048328,1862.234576681386,1742.5194967518682,1835.6312255859375,5098200,0.0,0.0
2013-04-25 00:00:00+09:00,1828.241417487267,1841.5430931197532,1778.7296248552352,1804.593994140625,2770100,0.0,0.0
2013-04-26 00:00:00+09:00,1847.4547972898922,1958.3020851272856,1834.153122749405,1843.7598876953125,5028000,0.0,0.0
2013-04-30 00:00:00+09:00,1880.7094892437037,1919.136559357917,1855.584097245949,1892.533203125,2591300,0.0,0.0
2013-05-01 00:00:00+09:00,1876.2755506674757,1919.1365124393203,1826.0247679004854,1902.87890625,1850800,0.0,0.0
2013-05-02 00:00:00+09:00,1921.3533949305283,1927.2652515303146,1867.4077034574789,1901.40087890625,1668900,0.0,0.0
2013-05-07 00:00:00+09:00,1929.4830065904184,1968.6490729823342,1929.4830065904184,1963.4761962890625,2015400,0.0,0.0
2013-05-08 00:00:00+09:00,1980.4715477492282,2008.5528607397023,1953.129216679556,1974.5596923828125,1792000,0.0,0.0
2013-05-09 00:00:00+09:00,1985.6444680143354,1987.8614138290145,1936.871660091393,1947.2174072265625,1134500,0.0,0.0
2013-05-10 00:00:00+09:00,1961.2583513445738,1973.8210461346484,1921.3533208349254,1933.916015625,1438600,0.0,0.0
2013-05-13 00:00:00+09:00,2002.6413120712302,2030.722629362266,1961.9973002026259,2012.987060546875,2507500,0.0,0.0
2013-05-14 00:00:00+09:00,2039.5898334487076,2131.223579589157,2035.155942506428,2101.664306640625,2763100,0.0,0.0
2013-05-15 00:00:00+09:00,2142.308498403644,2228.03039761538,2088.3628204514307,2140.091552734375,3026100,0.0,0.0
2013-05-16 00:00:00+09:00,2148.2202339200026,2160.782925346435,1965.6917173124207,2038.1119384765625,2593300,0.0,0.0
2013-05-17 00:00:00+09:00,1980.471689133417,2018.8987517583937,1965.6920496622722,1986.383544921875,2474500,0.0,0.0
2013-05-20 00:00:00+09:00,2022.5940302523345,2022.5940302523345,1974.5601932167474,1983.427978515625,1248400,0.0,0.0
2013-05-21 00:00:00+09:00,2001.163068877287,2051.4138401784894,1992.2952857064868,2009.2918701171875,1666700,0.0,0.0
2013-05-22 00:00:00+09:00,2028.5055270322352,2030.722472963418,1968.6479868903004,1992.29541015625,1213200,0.0,0.0
2013-05-23 00:00:00+09:00,1979.7324954051376,1990.8172238228597,1734.3905064262256,1754.343017578125,3016600,0.0,0.0
2013-05-24 00:00:00+09:00,1809.7669540987574,1864.4516231895325,1702.6145619614279,1800.899169921875,2609100,0.0,0.0
2013-05-27 00:00:00+09:00,1755.8213156192057,1820.11275268102,1694.4858066981644,1793.5093994140625,1781000,0.0,0.0
2013-05-28 00:00:00+09:00,1775.0345776478946,1794.248107630761,1726.2617707683105,1775.7735595703125,2005900,0.0,0.0
2013-05-29 00:00:00+09:00,1814.20082987754,1940.5667532620855,1800.8991537317984,1888.8380126953125,2408700,0.0,0.0
2013-05-30 00:00:00+09:00,1814.9399787194434,1863.7127957371483,1780.946803222255,1798.682373046875,2419400,0.0,0.0
2013-05-31 00:00:00+09:00,1803.1161476492002,1876.2753683939834,1792.770399261049,1801.63818359375,2214800,0.0,0.0
2013-06-03 00:00:00+09:00,1792.7701566150336,1885.8818795060038,1784.6413554102662,1838.5870361328125,3492300,0.0,0.0
2013-06-04 00:00:00+09:00,1838.587048373712,1871.10225340926,1759.5159815827203,1864.451416015625,2371600,0.0,0.0
2013-06-05 00:00:00+09:00,1905.8345703853158,1940.566724246545,1723.3060171146012,1734.3907470703125,2943400,0.0,0.0
2013-06-06 00:00:00+09:00,1697.4417275702156,1730.6959190115126,1614.675739982987,1667.8824462890625,3038600,0.0,0.0
2013-06-07 00:00:00+09:00,1645.712736803245,1689.3126701087642,1596.2009481342654,1644.9737548828125,2848400,0.0,0.0
2013-06-10 00:00:00+09:00,1744.7363592623503,1824.546408733055,1730.6957024110227,1819.37353515625,2241500,0.0,0.0
2013-06-11 00:00:00+09:00,1774.2956127562252,1834.1531490466268,1752.8651368004023,1767.644775390625,2152800,0.0,0.0
2013-06-12 00:00:00+09:00,1747.6924213610198,1824.5465489811238,1710.0043395473149,1811.244873046875,1403800,0.0,0.0
2013-06-13 00:00:00+09:00,1763.210778835305,1774.2955071180081,1677.4888801157344,1688.5736083984375,1617000,0.0,0.0
2013-06-14 00:00:00+09:00,1711.4821162463172,1755.8210311749783,1684.8787672891206,1693.007568359375,1580300,0.0,0.0
2013-06-17 00:00:00+09:00,1661.9706234960113,1753.6043973125988,1656.7977491676554,1751.387451171875,1236300,0.0,0.0
2013-06-18 00:00:00+09:00,1753.6041018977744,1808.288764156702,1736.6075176821616,1775.7735595703125,1527000,0.0,0.0
2013-06-19 00:00:00+09:00,1777.990922518968,1786.8587076686886,1743.997746111706,1768.3841552734375,1173400,0.0,0.0
2013-06-20 00:00:00+09:00,1743.997423930921,1774.2956842619242,1726.2618569078945,1755.0821533203125,847300,0.0,0.0
2013-06-21 00:00:00+09:00,1700.3975360894558,1757.2991485531186,1664.187419067125,1747.6923828125,1360700,0.0,0.0
2013-06-24 00:00:00+09:00,1780.9463002756393,1806.0716837650052,1752.126007449602,1769.861572265625,719900,0.0,0.0
2013-06-25 00:00:00+09:00,1768.384189156072,1790.553652455145,1717.3944235682036,1749.170654296875,1167500,0.0,0.0
2013-06-26 00:00:00+09:00,1784.6417267349807,1794.9874758754734,1736.6078914398363,1744.7366943359375,1160000,0.0,0.0
2013-06-27 00:00:00+09:00,1768.3839027316217,1783.9025245274279,1717.3941454025446,1782.424560546875,930700,0.0,0.0
2013-06-28 00:00:00+09:00,1799.4214368644282,1847.4552739881192,1787.597723110904,1834.892578125,1363800,0.0,0.0
2013-07-01 00:00:00+09:00,1849.6719367135845,1936.1328302795011,1840.065170761816,1928.0040283203125,1562000,0.0,0.0
2013-07-02 00:00:00+09:00,1950.9126565165373,1954.6075668508488,1906.5737325047978,1949.4346923828125,1045200,0.0,0.0
2013-07-03 00:00:00+09:00,1962.7355876462968,1964.2135511912113,1911.0068635742937,1925.7864990234375,1110400,0.0,0.0
2013-07-04 00:00:00+09:00,1922.0919507061126,1939.8275165719128,1912.4851858621373,1922.8309326171875,768700,0.0,0.0
2013-07-05 00:00:00+09:00,1950.1735252371705,1967.170111474554,1933.9159210101081,1951.6514892578125,750300,0.0,0.0
2013-07-08 00:00:00+09:00,1995.2516054777507,2008.5532828476023,1922.8313620196693,1924.309326171875,1366500,0.0,0.0
2013-07-09 00:00:00+09:00,1967.170019064442,1989.3394783326362,1929.4819383085116,1932.4378662109375,950700,0.0,0.0
2013-07-10 00:00:00+09:00,1956.0853943060938,1963.4752144583647,1772.8178545297767,1900.6617431640625,1609100,0.0,0.0
2013-07-11 00:00:00+09:00,1879.231516747301,1911.7467297779267,1866.66882080365,1886.621337890625,969700,0.0,0.0
2013-07-12 00:00:00+09:00,1879.2322044272057,1972.3439849060999,1878.4932220424525,1963.4761962890625,1366000,0.0,0.0
2013-07-16 00:00:00+09:00,1977.515532436596,1980.471459988818,1929.4817097129865,1941.305419921875,2178200,0.0,0.0
2013-07-17 00:00:00+09:00,1932.437357025961,1947.2169926437505,1925.786520997956,1937.6102294921875,1059900,0.0,0.0
2013-07-18 00:00:00+09:00,1956.8242139484446,1964.2140334875248,1933.9157733772959,1953.8682861328125,6118000,0.0,0.0
2013-07-19 00:00:00+09:00,1951.6515847403994,1962.736315437524,1900.6618235336264,1933.916015625,1316400,0.0,0.0
2013-07-22 00:00:00+09:00,1941.3059609865493,1961.9974596190668,1917.658533977958,1956.8245849609375,1322600,0.0,0.0
2013-07-23 00:00:00+09:00,1936.1330566406248,1953.1296445424318,1922.8313791522542,1936.133056640625,1869100,0.0,0.0
2013-07-24 00:00:00+09:00,1924.3088964393376,1932.4376974611628,1899.9224933738622,1922.8309326171875,1202500,0.0,0.0
2013-07-25 00:00:00+09:00,1906.573908293511,1916.9196581834758,1834.1536590637575,1836.37060546875,1936800,0.0,0.0
2013-07-26 00:00:00+09:00,1837.109638671875,1861.4960498046876,1822.3299955610796,1828.9808349609375,1484400,0.0,0.0
2013-07-29 00:00:00+09:00,1793.5094576784918,1813.4619732768926,1702.614664396887,1709.2655029296875,1943600,0.0,0.0
2013-07-30 00:00:00+09:00,1676.0108988417692,1763.2107604217201,1636.8448593185708,1713.698974609375,3402500,0.0,0.0
2013-07-31 00:00:00+09:00,1698.18052273482,1713.6991436997596,1670.0992086077865,1686.3568115234375,1130900,0.0,0.0
2013-08-01 00:00:00+09:00,1742.5194215273889,1766.9058256454566,1662.7093716864397,1731.4346923828125,1870800,0.0,0.0
2013-08-02 00:00:00+09:00,1764.6887447054326,1797.203947706705,1744.7362337728334,1796.4649658203125,1347600,0.0,0.0
2013-08-05 00:00:00+09:00,1786.8587770061729,1815.6790798611112,1769.1232060185187,1795.7265625,703600,0.0,0.0
2013-08-06 00:00:00+09:00,1777.2518985452418,1809.0281279163212,1760.9942928205037,1781.685791015625,1323100,0.0,0.0
2013-08-07 00:00:00+09:00,1735.1295354871165,1753.6040833521838,1710.004150390625,1710.004150390625,1489100,0.0,0.0
2013-08-08 00:00:00+09:00,1686.3567578509137,1743.2583662446561,1685.617775923722,1690.7906494140625,1052100,0.0,0.0
2013-08-09 00:00:00+09:00,1704.8313357406334,1712.2211551413297,1664.9263109768735,1671.5771484375,803700,0.0,0.0
2013-08-12 00:00:00+09:00,1650.1466528602932,1681.1838939799227,1648.6686889974537,1659.75341796875,793700,0.0,0.0
2013-08-13 00:00:00+09:00,1688.573703632488,1714.4380710841892,1671.5771193070843,1690.7906494140625,970000,0.0,0.0
2013-08-14 00:00:00+09:00,1686.3566793611203,1688.5736250395091,1652.3635122924914,1680.44482421875,1240100,0.0,0.0
2013-08-15 00:00:00+09:00,1652.363823616457,1685.6180150577543,1644.23502126414,1667.8824462890625,1157600,0.0,0.0
2013-08-16 00:00:00+09:00,1663.4483886926705,1770.600772682203,1659.753478899928,1735.129638671875,2320000,0.0,0.0
2013-08-19 00:00:00+09:00,1729.2176929926964,1738.0854760336845,1714.4380545910494,1735.8685302734375,838100,0.0,0.0
2013-08-20 00:00:00+09:00,1727.0007472324494,1758.037987875908,1709.265181150473,1735.8685302734375,1248100,0.0,0.0
2013-08-21 00:00:00+09:00,1746.2144689295694,1777.9906949828794,1733.6517749084933,1760.255126953125,1824100,0.0,0.0
2013-08-22 00:00:00+09:00,1780.946479855406,1805.3328839364137,1732.1736716933908,1748.4312744140625,1760900,0.0,0.0
2013-08-23 00:00:00+09:00,1766.166843702485,1766.166843702485,1722.5669090671515,1731.4346923828125,1836800,0.0,0.0
2013-08-26 00:00:00+09:00,1732.9128917228486,1758.0382811977215,1718.872232898655,1725.5230712890625,833900,0.0,0.0
2013-08-27 00:00:00+09:00,1701.1363004521677,1722.5667751320602,1680.4448076577885,1688.5736083984375,1470800,0.0,0.0
2013-08-28 00:00:00+09:00,1664.1878855530645,1690.7912442919235,1647.930277434873,1678.967529296875,2279600,0.0,0.0
2013-08-29 00:00:00+09:00,1679.7061537977152,1729.217949796152,1666.4044772608215,1724.7840576171875,1345900,0.0,0.0
2013-08-30 00:00:00+09:00,1749.9095834665386,1765.4282073064023,1709.2655686478479,1733.6519775390625,1667300,0.0,0.0
2013-09-02 00:00:00+09:00,1732.9131295784134,1749.9097189090332,1715.177558102984,1742.5198974609375,900900,0.0,0.0
2013-09-03 00:00:00+09:00,1758.0382617247856,1797.9432916252222,1752.8653874784327,1793.5093994140625,1587100,0.0,0.0
2013-09-04 00:00:00+09:00,1788.3363778871592,1822.3295487065018,1778.7296122208231,1815.6787109375,1461600,0.0,0.0
2013-09-05 00:00:00+09:00,1822.329364073904,1844.4988210577712,1785.3802691007916,1797.2039794921875,1976000,0.0,0.0
2013-09-06 00:00:00+09:00,1799.4210411730546,1811.9837342736469,1732.1736839875318,1737.3465576171875,1971000,0.0,0.0
2013-09-09 00:00:00+09:00,1884.4039060570035,1884.4039060570035,1825.2853521414895,1869.624267578125,3553100,0.0,0.0
2013-09-10 00:00:00+09:00,1887.3602391832655,1953.868626625119,1869.6246691987712,1936.133056640625,3352300,0.0,0.0
2013-09-11 00:00:00+09:00,1964.95335587017,2029.9837790806157,1925.7873055275154,2018.8990478515625,4510700,0.0,0.0
2013-09-12 00:00:00+09:00,2022.5938222556708,2065.454780125904,1995.9904690948363,2029.983642578125,3851900,0.0,0.0
2013-09-13 00:00:00+09:00,1998.9458902254971,2034.4170187766335,1984.1662533291903,2032.2000732421875,2790400,0.0,0.0
2013-09-17 00:00:00+09:00,2054.3699621918004,2061.0208001988963,2010.770024145284,2013.7259521484375,3159900,0.0,0.0
2013-09-18 00:00:00+09:00,2030.7217233900208,2073.582662238864,2003.379400331276,2006.3353271484375,4159600,0.0,0.0
2013-09-19 00:00:00+09:00,2061.7598470052085,2151.1766719111693,2028.5056559244792,2114.966552734375,5514900,0.0,0.0
2013-09-20 00:00:00+09:00,2106.8373735240116,2106.8373735240116,2061.759478124164,2072.105224609375,2323300,0.0,0.0
2013-09-24 00:00:00+09:00,2013.7259981285413,2114.2275525305527,2008.5531240049083,2103.142822265625,3350400,0.0,0.0
2013-09-25 00:00:00+09:00,2109.7933858307774,2126.7899700248604,2073.583271678165,2085.406982421875,1810700,0.0,0.0
2013-09-26 00:00:00+09:00,2101.0367671695217,2138.2496039950533,2075.7320381281597,2134.5283203125,2177100,20.0,0.0
2013-09-27 00:00:00+09:00,2134.5279295520545,2150.9015747578233,2124.8525937486456,2146.43603515625,1627900,0.0,0.0
2013-09-30 00:00:00+09:00,2117.4107954686674,2141.9712721823635,2103.269914936539,2105.502685546875,1405200,0.0,0.0
2013-10-01 00:00:00+09:00,2117.409896822973,2121.131179594191,2052.659576603782,2056.380859375,1981900,0.0,0.0
2013-10-02 00:00:00+09:00,2033.308597219463,2045.2167002778492,1976.000851250979,1990.1417236328125,2277500,0.0,0.0
2013-10-03 00:00:00+09:00,1977.490299299203,2023.6342204721614,1976.7460425060906,1985.6771240234375,1410400,0.0,0.0
2013-10-04 00:00:00+09:00,1972.2793522123263,2016.9347337718507,1942.50909783931,1993.1185302734375,1345100,0.0,0.0
2013-10-07 00:00:00+09:00,1982.6994311588196,1985.6764573317307,1944.7423474542024,1964.093017578125,1176000,0.0,0.0
2013-10-08 00:00:00+09:00,1935.8116061302924,1968.5588997364948,1923.1592426915322,1961.1163330078125,780500,0.0,0.0
2013-10-09 00:00:00+09:00,1942.5104175236224,1980.4675176361532,1917.2056841152687,1978.97900390625,1113700,0.0,0.0
2013-10-10 00:00:00+09:00,1993.1189070393268,2016.9351150397968,1964.8371600387688,1979.7222900390625,1161400,0.0,0.0
2013-10-11 00:00:00+09:00,2008.004715939546,2041.4962697635933,1989.3982971484088,2017.6800537109375,2021200,0.0,0.0
2013-10-15 00:00:00+09:00,2051.1715654864724,2092.1056859878354,2044.4732548589768,2073.499267578125,2424900,0.0,0.0
2013-10-16 00:00:00+09:00,2074.243919575158,2083.919258991906,2022.8901949785718,2045.962158203125,1269200,0.0,0.0
2013-10-17 00:00:00+09:00,2083.919258991906,2092.850341530443,2027.3557362478402,2045.962158203125,1134300,0.0,0.0
2013-10-18 00:00:00+09:00,2064.567895349622,2075.7317448197896,2054.892559142144,2067.544921875,1007300,0.0,0.0
2013-10-21 00:00:00+09:00,2073.4998736899083,2077.2211584596316,2042.985338578176,2057.126220703125,1067200,0.0,0.0
2013-10-22 00:00:00+09:00,2053.403887456891,2053.403887456891,2028.8434205173921,2033.3089599609375,953400,0.0,0.0
2013-10-23 00:00:00+09:00,2045.9617800828887,2057.8698879334984,1949.9526605373476,1952.9296875,2802400,0.0,0.0
2013-10-24 00:00:00+09:00,2002.0496848565904,2029.5871712282237,1959.6270707165065,1987.9088134765625,2404900,0.0,0.0
2013-10-25 00:00:00+09:00,1976.7454643848068,1984.1880301392678,1942.5096619142869,1944.742431640625,1416600,0.0,0.0
2013-10-28 00:00:00+09:00,1949.9522276687478,1957.3947934232085,1914.9721686227817,1944.742431640625,2321900,0.0,0.0
2013-10-29 00:00:00+09:00,1949.9519391473402,1994.6073270667448,1939.5323486328125,1939.5323486328125,1154800,0.0,0.0
2013-10-30 00:00:00+09:00,1955.1625818717032,1957.39535223547,1918.693999263514,1922.415283203125,1217700,0.0,0.0
2013-10-31 00:00:00+09:00,1948.4639796960423,1949.9524930495154,1869.572771961978,1871.8055419921875,1396500,0.0,0.0
2013-11-01 00:00:00+09:00,1886.6904969566508,1901.5756290825416,1871.80536483076,1879.9921875,1427400,0.0,0.0
2013-11-05 00:00:00+09:00,1972.280284190534,1973.7687976125646,1920.1823144194634,1943.2542724609375,1743100,0.0,0.0
2013-11-06 00:00:00+09:00,1948.4643006597455,1952.9298414557572,1901.5761223016234,1926.1365966796875,1367300,0.0,0.0
2013-11-07 00:00:00+09:00,1919.437914529453,1949.9524374048729,1903.8085247639942,1925.3919677734375,1793400,0.0,0.0
2013-11-08 00:00:00+09:00,1906.0417082732858,1923.1596150637135,1888.923801482858,1916.4613037109375,1178800,0.0,0.0
2013-11-11 00:00:00+09:00,1935.0668781152267,1939.5324170647234,1894.1327710781738,1903.80810546875,1845600,0.0,0.0
2013-11-12 00:00:00+09:00,1917.2047890208808,1993.863210321017,1894.1328369790922,1955.9061279296875,2522100,0.0,0.0
2013-11-13 00:00:00+09:00,1979.722627307899,1990.1422200832037,1943.2540525943325,1946.2310791015625,2188300,0.0,0.0
2013-11-14 00:00:00+09:00,1973.0246839171202,1973.0246839171202,1907.5300886003693,1914.97265625,2276700,0.0,0.0
2013-11-15 00:00:00+09:00,1931.3455275142549,1943.997887424753,1911.2506029505228,1939.5323486328125,1694700,0.0,0.0
2013-11-18 00:00:00+09:00,1966.3266485040838,1998.329693880948,1946.2317130348897,1964.838134765625,2104600,0.0,0.0
2013-11-19 00:00:00+09:00,1952.929445626935,1955.1622155723926,1919.4378964450705,1923.1591796875,1532300,0.0,0.0
2013-11-20 00:00:00+09:00,1934.3226442260038,1949.9520307318699,1917.9490012198582,1935.8111572265625,1243300,0.0,0.0
2013-11-21 00:00:00+09:00,1949.2079656954804,1976.7454589107276,1932.834321081009,1973.7684326171875,1496300,0.0,0.0
2013-11-22 00:00:00+09:00,2000.5617433840089,2001.3059999849702,1961.8604001340207,1982.6995849609375,2065200,0.0,0.0
2013-11-25 00:00:00+09:00,1993.8636277648745,2008.7487612308312,1983.444034338705,2006.5159912109375,1970000,0.0,0.0
2013-11-26 00:00:00+09:00,2011.725690744884,2015.4469739316114,1974.512858877609,1994.6077880859375,1761400,0.0,0.0
2013-11-27 00:00:00+09:00,1998.3293486804498,2005.7719160870809,1950.6969172780107,1952.9296875,1334700,0.0,0.0
2013-11-28 00:00:00+09:00,1959.6278575910314,1970.0474512128599,1935.8116435982806,1950.69677734375,1059200,0.0,0.0
2013-11-29 00:00:00+09:00,1962.6046266050505,2010.9813049248564,1958.8833436573732,2008.74853515625,3028500,0.0,0.0
2013-12-02 00:00:00+09:00,2083.9191224022275,2128.574532167989,2076.4765541079337,2121.876220703125,5767900,0.0,0.0
2013-12-03 00:00:00+09:00,2098.803790784416,2116.6659507059853,2077.2203475458527,2093.593994140625,2645500,0.0,0.0
2013-12-04 00:00:00+09:00,2057.870046419531,2083.919034348892,2028.8440312982427,2048.93896484375,2095300,0.0,0.0
2013-12-05 00:00:00+09:00,2011.7263418054008,2066.801350793044,1998.3297179975957,2045.962158203125,2368400,0.0,0.0
2013-12-06 00:00:00+09:00,2083.919471045134,2095.827582308249,2025.867428637448,2057.126220703125,2960300,0.0,0.0
2013-12-09 00:00:00+09:00,2074.987729741907,2077.220499895862,2039.2634072786318,2051.915771484375,2051300,0.0,0.0
2013-12-10 00:00:00+09:00,2042.2401926814962,2046.705732461412,2015.4469540020013,2022.145263671875,1641600,0.0,0.0
2013-12-11 00:00:00+09:00,2004.2833422069946,2009.4931392346398,1960.3721958311264,1976.0015869140625,2291700,0.0,0.0
2013-12-12 00:00:00+09:00,1968.5589008727486,2012.47004459732,1964.8376175062594,2006.5159912109375,1649100,0.0,0.0
2013-12-13 00:00:00+09:00,1996.0961975029409,2032.5647708353958,1981.2110655305103,1996.8404541015625,2575600,0.0,0.0
2013-12-16 00:00:00+09:00,1981.2111909260348,1989.3980140290348,1936.5557921823977,1937.300048828125,1428800,0.0,0.0
2013-12-17 00:00:00+09:00,1947.71930623744,1964.092949621935,1941.0209975801465,1955.9061279296875,1323100,0.0,0.0
2013-12-18 00:00:00+09:00,1961.116209568487,1993.1192444874414,1955.9064131863317,1990.886474609375,1384000,0.0,0.0
2013-12-19 00:00:00+09:00,2045.9613896105834,2045.9613896105834,1987.909374918104,1996.8404541015625,2369600,0.0,0.0
2013-12-20 00:00:00+09:00,1998.3291917588977,2016.9356088143809,1987.909598207827,2009.4930419921875,1960200,0.0,0.0
2013-12-24 00:00:00+09:00,2008.7484790960348,2010.2369922335643,1963.3488284013856,1972.2799072265625,1421900,0.0,0.0
2013-12-25 00:00:00+09:00,1962.6047846947365,1994.607820622637,1955.906474849362,1968.558837890625,1074000,0.0,0.0
2013-12-26 00:00:00+09:00,1979.722625219042,1996.8405276175524,1973.0243155848423,1990.886474609375,824600,0.0,0.0
2013-12-27 00:00:00+09:00,1993.1195809066362,2017.6800537109375,1972.2803918605623,2017.6800537109375,1331900,0.0,0.0
2013-12-30 00:00:00+09:00,2025.1221676677922,2028.0991940076199,1972.2799501358504,1992.3748779296875,1820300,0.0,0.0
2014-01-06 00:00:00+09:00,1998.3289611952948,2024.3779420674869,1987.1651122500698,1996.09619140625,1555600,0.0,0.0
2014-01-07 00:00:00+09:00,1987.1650390625,1996.8403744586844,1973.7684208216292,1987.1650390625,1023200,0.0,0.0
2014-01-08 00:00:00+09:00,2001.3062561501754,2044.4731445312502,2001.3062561501754,2044.47314453125,2262800,0.0,0.0
2014-01-09 00:00:00+09:00,2040.7520130119478,2045.2175535218207,2004.2834321813186,2017.6800537109375,1673100,0.0,0.0
2014-01-10 00:00:00+09:00,2031.8209584554036,2037.7750125461155,2006.5162285698784,2036.2864990234375,1390300,0.0,0.0
2014-01-14 00:00:00+09:00,2009.49295856679,2015.4470117773583,1975.2571526060226,1984.188232421875,1971100,0.0,0.0
2014-01-15 00:00:00+09:00,2016.935520107219,2016.935520107219,1958.8835014473063,1968.558837890625,1997100,0.0,0.0
2014-01-16 00:00:00+09:00,1976.0013054577823,2005.7715699467883,1967.0702261110803,2001.3060302734375,1876700,0.0,0.0
2014-01-17 00:00:00+09:00,1971.5357976057535,2002.7945758237383,1954.4178952482857,1960.3719482421875,2097900,0.0,0.0
2014-01-20 00:00:00+09:00,1955.9064857679145,1955.9064857679145,1906.0412899739838,1909.7625732421875,2047400,0.0,0.0
2014-01-21 00:00:00+09:00,1909.7628145528918,1933.5790304787267,1888.9236256177862,1894.1334228515625,2302400,0.0,0.0
2014-01-22 00:00:00+09:00,1908.2741361987182,1945.48697036796,1890.4119757974822,1934.3231201171875,2742900,0.0,0.0
2014-01-23 00:00:00+09:00,1952.9291211549764,1952.9291211549764,1898.598394842357,1899.3426513671875,1298100,0.0,0.0
2014-01-24 00:00:00+09:00,1891.9003724514757,1908.2740184758393,1879.2480096144673,1889.6676025390625,1463200,0.0,0.0
2014-01-27 00:00:00+09:00,1830.8712344104674,1852.4546757917292,1803.333740234375,1803.333740234375,2461800,0.0,0.0
2014-01-28 00:00:00+09:00,1804.0781238012735,1850.966292860465,1789.9372474183428,1818.9632568359375,1787400,0.0,0.0
2014-01-29 00:00:00+09:00,1856.176030013406,1889.6675782694617,1808.5436058270154,1886.6905517578125,1176000,0.0,0.0
2014-01-30 00:00:00+09:00,1859.897519549056,1867.3400866540942,1825.66171086588,1836.8255615234375,1204000,0.0,0.0
2014-01-31 00:00:00+09:00,1856.9205739913748,1862.1303711929538,1807.055372204833,1831.6158447265625,955900,0.0,0.0
2014-02-03 00:00:00+09:00,1808.5432330827068,1830.8709273182958,1780.2614870509608,1781.75,1176500,0.0,0.0
2014-02-04 00:00:00+09:00,1678.299135611689,1722.9545449849493,1670.8565673828125,1670.8565673828125,2123500,0.0,0.0
2014-02-05 00:00:00+09:00,1745.2818029703956,1761.6554488831243,1660.4365468771653,1678.2987060546875,2065700,0.0,0.0
2014-02-06 00:00:00+09:00,1719.232800868169,1744.5375260757526,1674.577403443022,1705.836181640625,1753400,0.0,0.0
2014-02-07 00:00:00+09:00,1743.049321731465,1781.7506730252464,1708.8135109715813,1774.30810546875,2096900,0.0,0.0
2014-02-10 00:00:00+09:00,1827.149674622839,1831.6152135424875,1738.5831527164773,1770.586181640625,2088500,0.0,0.0
2014-02-12 00:00:00+09:00,1771.3310156748034,1775.0522993211791,1730.3968955646715,1751.236083984375,2371200,0.0,0.0
2014-02-13 00:00:00+09:00,1749.0032829347504,1749.0032829347504,1712.5347038437703,1717.000244140625,1497300,0.0,0.0
2014-02-14 00:00:00+09:00,1711.7906926416342,1714.0234631102971,1642.5748081130812,1670.8565673828125,2865300,0.0,0.0
2014-02-17 00:00:00+09:00,1662.6693974328855,1684.9970974879375,1641.085954046335,1658.203857421875,1939300,0.0,0.0
2014-02-18 00:00:00+09:00,1661.9248679950995,1701.370464951544,1649.2725067071835,1699.1376953125,2316400,0.0,0.0
2014-02-19 00:00:00+09:00,1699.8825448019463,1703.6038288317227,1675.3220702054207,1696.905517578125,1489500,0.0,0.0
2014-02-20 00:00:00+09:00,1684.9969801274615,1693.1838029107662,1628.4334772609918,1644.0628662109375,1886000,0.0,0.0
2014-02-21 00:00:00+09:00,1670.11239317654,1714.7678047588006,1644.8076599465926,1712.5350341796875,3265700,0.0,0.0
2014-02-24 00:00:00+09:00,1700.6263775097366,1769.0979865823385,1697.649351028319,1749.747314453125,2869300,0.0,0.0
2014-02-25 00:00:00+09:00,1755.7012006703114,1836.0809080346155,1743.0488393259302,1833.1038818359375,2983400,0.0,0.0
2014-02-26 00:00:00+09:00,1800.3565452062915,1836.080858629153,1787.7041842023614,1827.1497802734375,1991100,0.0,0.0
2014-02-27 00:00:00+09:00,1812.2650224799354,1830.8714395485179,1792.170092045866,1798.1241455078125,1151900,0.0,0.0
2014-02-28 00:00:00+09:00,1815.2423156789614,1819.707856430939,1750.4919747752838,1769.8426513671875,2253500,0.0,0.0
2014-03-03 00:00:00+09:00,1711.790662909783,1802.5899937249974,1689.4629586109595,1790.681884765625,3681000,0.0,0.0
2014-03-04 00:00:00+09:00,1780.2622894261742,1802.5899937249974,1757.1903283173901,1790.681884765625,1267000,0.0,0.0
2014-03-05 00:00:00+09:00,1821.9401859490836,1830.8712652919712,1802.5895140394937,1807.0550537109375,1240800,0.0,0.0
2014-03-06 00:00:00+09:00,1813.0094113306884,1817.4749517526852,1779.5178581657126,1814.4979248046875,1865000,0.0,0.0
2014-03-07 00:00:00+09:00,1815.2415688185774,1823.4283901621627,1786.9598223589194,1799.6121826171875,1599800,0.0,0.0
2014-03-10 00:00:00+09:00,1786.2158264134735,1801.1009583002524,1778.773260470084,1786.9600830078125,1298300,0.0,0.0
2014-03-11 00:00:00+09:00,1786.216103986403,1807.7995485762387,1779.5177935964539,1806.31103515625,1084600,0.0,0.0
2014-03-12 00:00:00+09:00,1784.7276641101373,1789.193204554116,1735.606719226372,1739.3280029296875,1244900,0.0,0.0
2014-03-13 00:00:00+09:00,1740.0724096269455,1753.4690321133805,1722.954503116501,1727.4200439453125,945400,0.0,0.0
2014-03-14 00:00:00+09:00,1670.8561648615455,1682.7642711589997,1658.9480585640913,1666.390625,2275500,0.0,0.0
2014-03-17 00:00:00+09:00,1648.5283568094178,1687.2296997232281,1638.8530210809654,1682.76416015625,1474200,0.0,0.0
2014-03-18 00:00:00+09:00,1684.25330214488,1727.4202007416116,1665.6468803359442,1716.25634765625,1776900,0.0,0.0
2014-03-19 00:00:00+09:00,1730.396484375,1754.9569506048388,1722.209662298387,1730.396484375,1606700,0.0,0.0
2014-03-20 00:00:00+09:00,1717.0003771304446,1722.2101745469654,1670.8564571555476,1672.344970703125,1292600,0.0,0.0
2014-03-24 00:00:00+09:00,1662.66956156377,1711.7905065338725,1654.4827374020863,1693.9283447265625,1500200,0.0,0.0
2014-03-25 00:00:00+09:00,1664.1577825438237,1676.810144933468,1637.3645445422237,1642.5743408203125,1679600,0.0,0.0
2014-03-26 00:00:00+09:00,1656.7153199559493,1676.0659930551653,1647.7842400640036,1655.226806640625,1123200,0.0,0.0
2014-03-27 00:00:00+09:00,1646.214682466538,1660.483879075509,1607.1621443788283,1655.226806640625,1172000,20.0,0.0
2014-03-28 00:00:00+09:00,1659.7328497136682,1701.7894287109375,1652.9737566605356,1701.7894287109375,833000,0.0,0.0
2014-03-31 00:00:00+09:00,1738.589090789478,1740.091111602255,1704.7936225019937,1736.3360595703125,1039700,0.0,0.0
2014-04-01 00:00:00+09:00,1733.3321599054698,1734.834180841263,1678.5083957490144,1684.5164794921875,1754400,0.0,0.0
2014-04-02 00:00:00+09:00,1697.2832194439864,1725.070599585326,1688.2710961549033,1707.79736328125,982100,0.0,0.0
2014-04-03 00:00:00+09:00,1707.7970517805823,1763.371801926476,1703.290990957942,1739.3394775390625,1616700,0.0,0.0
2014-04-04 00:00:00+09:00,1732.5807542188004,1756.6130837094815,1717.5605482871244,1752.8580322265625,796000,0.0,0.0
2014-04-07 00:00:00+09:00,1723.568647142867,1727.3236986616969,1702.5403586374202,1706.29541015625,901600,0.0,0.0
2014-04-08 00:00:00+09:00,1685.2672436797752,1689.7733058286517,1664.2389536516855,1670.998046875,699400,0.0,0.0
2014-04-09 00:00:00+09:00,1652.2227552955771,1659.7328587287388,1630.4434553394083,1636.4515380859375,1065700,0.0,0.0
2014-04-10 00:00:00+09:00,1657.479861929397,1677.006131258878,1633.447530446959,1635.7005615234375,629800,0.0,0.0
2014-04-11 00:00:00+09:00,1580.12555136728,1604.1578791447291,1568.1093874785554,1586.8846435546875,1214000,0.0,0.0
2014-04-14 00:00:00+09:00,1577.1215901422343,1613.1700836311998,1576.3705798612143,1582.378662109375,593800,0.0,0.0
2014-04-15 00:00:00+09:00,1586.1338829091342,1592.1419657989416,1569.611654962164,1578.623779296875,833300,0.0,0.0
2014-04-16 00:00:00+09:00,1595.145954144414,1626.6883882659138,1588.3868611183784,1625.9373779296875,662800,0.0,0.0
2014-04-17 00:00:00+09:00,1626.6884241986995,1656.7288383113255,1626.6884241986995,1638.70458984375,867100,0.0,0.0
2014-04-18 00:00:00+09:00,1644.7127198274934,1652.222823570998,1611.6682633560733,1634.9495849609375,803900,0.0,0.0
2014-04-21 00:00:00+09:00,1644.712503482939,1661.2347295453246,1636.4513904517462,1642.45947265625,480500,0.0,0.0
2014-04-22 00:00:00+09:00,1640.9575505842242,1646.2146228286588,1621.431282247753,1626.6883544921875,998100,0.0,0.0
2014-04-23 00:00:00+09:00,1627.439364812821,1635.7004783397897,1612.4191584001508,1626.6883544921875,898200,0.0,0.0
2014-04-24 00:00:00+09:00,1649.2190487922878,1656.7291537503584,1626.6887339180762,1637.202880859375,834200,0.0,0.0
2014-04-25 00:00:00+09:00,1629.692728687774,1646.2149591168668,1624.4356553694265,1627.439697265625,1231700,0.0,0.0
2014-04-28 00:00:00+09:00,1577.121514901411,1589.1376788244695,1544.0770641130005,1556.84423828125,2811800,0.0,0.0
2014-04-30 00:00:00+09:00,1556.8445694622826,1561.3506318919854,1532.8122365038682,1544.077392578125,1491600,0.0,0.0
2014-05-01 00:00:00+09:00,1539.5713850252891,1565.1057397037573,1534.3143120032514,1559.09765625,1009700,0.0,0.0
2014-05-02 00:00:00+09:00,1558.346427755153,1571.1136033078458,1538.0691489361702,1553.08935546875,865300,0.0,0.0
2014-05-07 00:00:00+09:00,1529.8083360929388,1541.8245036812978,1515.5391370817626,1519.294189453125,1101000,0.0,0.0
2014-05-08 00:00:00+09:00,1530.5591122829442,1565.105588811411,1510.2818325814528,1551.58740234375,1114000,0.0,0.0
2014-05-09 00:00:00+09:00,1509.5310258648283,1515.5391095498624,1480.2416179002869,1484.7476806640625,2358200,0.0,0.0
2014-05-12 00:00:00+09:00,1460.714935393291,1549.334144841316,1459.212914894172,1518.542724609375,2898400,0.0,0.0
2014-05-13 00:00:00+09:00,1507.277801930031,1523.8000299531802,1475.7353666131096,1486.24951171875,1906400,0.0,0.0
2014-05-14 00:00:00+09:00,1483.2455231350293,1483.99653352649,1464.47026334851,1474.2333984375,1103500,0.0,0.0
2014-05-15 00:00:00+09:00,1453.95598429992,1455.458004944858,1405.1403133394372,1406.642333984375,2553600,0.0,0.0
2014-05-16 00:00:00+09:00,1389.3693850347986,1389.3693850347986,1354.0718925501308,1362.3330078125,2186200,0.0,0.0
2014-05-19 00:00:00+09:00,1362.3329798944355,1364.586011283456,1284.2278917417225,1287.23193359375,2919100,0.0,0.0
2014-05-20 00:00:00+09:00,1324.7824976769484,1349.5658437219254,1314.2683508699884,1332.2926025390625,1822300,0.0,0.0
2014-05-21 00:00:00+09:00,1321.7783638805765,1385.6142507725363,1317.2723012764384,1380.357177734375,2963900,0.0,0.0
2014-05-22 00:00:00+09:00,1389.3692493953108,1404.3894574968817,1374.34904129374,1392.373291015625,2161400,0.0,0.0
2014-05-23 00:00:00+09:00,1396.8793283016123,1422.4136816146524,1393.8752867353724,1411.8995361328125,1685300,0.0,0.0
2014-05-26 00:00:00+09:00,1424.6666709266415,1467.474261987695,1416.4055568622277,1456.2091064453125,1982800,0.0,0.0
2014-05-27 00:00:00+09:00,1464.4700427983432,1498.265505324459,1450.9518577878969,1454.7069091796875,1967000,0.0,0.0
2014-05-28 00:00:00+09:00,1471.9800815182678,1511.0326142932422,1464.4699790615418,1469.72705078125,2012800,0.0,0.0
2014-05-29 00:00:00+09:00,1462.968158151594,1480.2413961585173,1442.6908787521622,1451.7030029296875,1505000,0.0,0.0
2014-05-30 00:00:00+09:00,1462.9681810049099,1483.245460721097,1450.9520152471694,1467.4742431640625,1598200,0.0,0.0
2014-06-02 00:00:00+09:00,1514.0366252337906,1529.807840079976,1490.755308079898,1505.7755126953125,3234000,0.0,0.0
2014-06-03 00:00:00+09:00,1524.5509683030161,1541.8242058749222,1502.7716687558302,1509.53076171875,1356600,0.0,0.0
2014-06-04 00:00:00+09:00,1533.563164817377,1559.8485275835906,1522.2980093461426,1535.065185546875,2100300,0.0,0.0
2014-06-05 00:00:00+09:00,1521.547023444275,1545.5793555026248,1505.0247951541594,1515.5389404296875,1724800,0.0,0.0
2014-06-06 00:00:00+09:00,1503.5225760536541,1505.0245966091525,1468.2250929994475,1476.4862060546875,1988300,0.0,0.0
2014-06-09 00:00:00+09:00,1477.2372163324364,1485.4983293876762,1456.2089285554623,1476.4862060546875,1101300,0.0,0.0
2014-06-10 00:00:00+09:00,1485.4982659403743,1489.253317168737,1462.9679585701967,1469.72705078125,928400,0.0,0.0
2014-06-11 00:00:00+09:00,1473.4824229847302,1493.0086936257103,1468.2253501198509,1487.0006103515625,935400,0.0,0.0
2014-06-12 00:00:00+09:00,1473.4823633254384,1495.2616643124097,1460.7151868848,1493.7596435546875,1061300,0.0,0.0
2014-06-13 00:00:00+09:00,1487.0003712847647,1536.56705032759,1480.2412786880159,1535.8160400390625,1477800,0.0,0.0
2014-06-16 00:00:00+09:00,1544.0772946813422,1563.6035639720596,1506.5267768145782,1524.551025390625,2142900,0.0,0.0
2014-06-17 00:00:00+09:00,1532.0612012000179,1565.1056584808027,1517.0409933451158,1563.6036376953125,2676500,0.0,0.0
2014-06-18 00:00:00+09:00,1558.346356843647,1568.1094906455592,1535.816048070004,1541.0731201171875,1706500,0.0,0.0
2014-06-19 00:00:00+09:00,1556.8442046147993,1558.3462250727007,1537.3179386620811,1557.59521484375,1044000,0.0,0.0
2014-06-20 00:00:00+09:00,1558.3463698625565,1558.3463698625565,1529.0569682121277,1538.069091796875,1077900,0.0,0.0
2014-06-23 00:00:00+09:00,1485.4983293876762,1497.5144938316616,1469.7271135549456,1476.4862060546875,2613500,0.0,0.0
2014-06-24 00:00:00+09:00,1486.2497761223078,1499.7679650915861,1471.9805766547363,1488.5028076171875,1801400,0.0,0.0
2014-06-25 00:00:00+09:00,1464.4699790615418,1487.751296677392,1464.4699790615418,1469.72705078125,1278300,0.0,0.0
2014-06-26 00:00:00+09:00,1469.7273626068973,1483.2455498970987,1457.7111961267183,1468.225341796875,834700,0.0,0.0
2014-06-27 00:00:00+09:00,1465.9722224443449,1477.2373778422268,1451.7030256070282,1467.4742431640625,832200,0.0,0.0
2014-06-30 00:00:00+09:00,1455.4579827001928,1500.5186013596417,1455.4579827001928,1496.7635498046875,1194200,0.0,0.0
2014-07-01 00:00:00+09:00,1506.5266159784226,1506.5266159784226,1492.2574207124255,1498.2655029296875,937700,0.0,0.0
2014-07-02 00:00:00+09:00,1507.2778925165399,1508.7799133361877,1493.008694729886,1500.518798828125,710400,0.0,0.0
2014-07-03 00:00:00+09:00,1507.277905922357,1508.0289163388602,1492.2576975922887,1497.5147705078125,648300,0.0,0.0
2014-07-04 00:00:00+09:00,1505.7756057012648,1511.032677641369,1492.2574207124255,1498.2655029296875,600000,0.0,0.0
2014-07-07 00:00:00+09:00,1501.2696377002324,1508.0287306163414,1488.502462192026,1490.7554931640625,664400,0.0,0.0
2014-07-08 00:00:00+09:00,1474.2332297224339,1495.2615182768038,1464.470095750762,1477.98828125,1323400,0.0,0.0
2014-07-09 00:00:00+09:00,1472.7314934175176,1501.269890536266,1472.7314934175176,1496.0128173828125,1169100,0.0,0.0
2014-07-10 00:00:00+09:00,1503.5226607674656,1507.2777123677838,1483.2453821257463,1485.4984130859375,856800,0.0,0.0
2014-07-11 00:00:00+09:00,1470.478515625,1483.9967042262513,1465.221442280069,1470.478515625,817000,0.0,0.0
2014-07-14 00:00:00+09:00,1477.2374750310726,1491.5066728071733,1468.9763605291193,1487.0006103515625,705100,0.0,0.0
2014-07-15 00:00:00+09:00,1495.2618069323191,1499.7678696352793,1488.5027128778788,1496.0128173828125,1162700,0.0,0.0
2014-07-16 00:00:00+09:00,1499.7678898766478,1499.7678898766478,1476.4865655971405,1484.7476806640625,766000,0.0,0.0
2014-07-17 00:00:00+09:00,1490.7555454887674,1493.759586890256,1475.7353384813239,1478.7393798828125,596800,0.0,0.0
2014-07-18 00:00:00+09:00,1464.470082992956,1486.2493816631077,1464.470082992956,1480.9923095703125,870000,0.0,0.0
2014-07-22 00:00:00+09:00,1500.5185579572405,1518.5428048996698,1498.2655270894368,1514.0367431640625,1287100,0.0,0.0
2014-07-23 00:00:00+09:00,1517.791971560158,1524.5510649515686,1511.032878168747,1515.5389404296875,581400,0.0,0.0
2014-07-24 00:00:00+09:00,1520.7958984375,1537.3181254822532,1505.775692033179,1520.7958984375,1143600,0.0,0.0
2014-07-25 00:00:00+09:00,1529.8083826013512,1558.3467814913126,1519.2942356418919,1556.09375,864100,0.0,0.0
2014-07-28 00:00:00+09:00,1614.672272526168,1616.9253036041114,1545.5793194692342,1551.58740234375,2677900,0.0,0.0
2014-07-29 00:00:00+09:00,1558.3466109747792,1558.3466109747792,1534.3142776970958,1546.3304443359375,1197900,0.0,0.0
2014-07-30 00:00:00+09:00,1545.5790932300554,1550.8361649757358,1532.8119189905458,1540.322021484375,694600,0.0,0.0
2014-07-31 00:00:00+09:00,1544.077278140905,1553.089402332389,1525.302019408647,1549.3343505859375,1249400,0.0,0.0
2014-08-01 00:00:00+09:00,1532.8123244540661,1559.097690135542,1530.5592931099397,1558.3466796875,1319500,0.0,0.0
2014-08-04 00:00:00+09:00,1539.5711669921875,1564.3545077291349,1520.0448985327744,1539.5711669921875,1388900,0.0,0.0
2014-08-05 00:00:00+09:00,1553.8402869637264,1569.6115030228073,1535.8160400390625,1535.8160400390625,1021000,0.0,0.0
2014-08-06 00:00:00+09:00,1550.0853377892386,1559.0974618461528,1529.8080586611816,1533.5631103515625,1231400,0.0,0.0
2014-08-07 00:00:00+09:00,1521.5468284798515,1528.3059210051815,1485.4983350114244,1525.3018798828125,1323800,0.0,0.0
2014-08-08 00:00:00+09:00,1505.775675725063,1508.0287066613098,1468.2251601209466,1474.9842529296875,1114200,0.0,0.0
2014-08-11 00:00:00+09:00,1499.7674098362575,1506.5265018184941,1475.7350827883054,1503.5224609375,1040700,0.0,0.0
2014-08-12 00:00:00+09:00,1496.012463943819,1511.0326694051025,1484.7473098478567,1493.0084228515625,836000,0.0,0.0
2014-08-13 00:00:00+09:00,1502.020833006833,1502.020833006833,1485.4986038437578,1497.5147705078125,867100,0.0,0.0
2014-08-14 00:00:00+09:00,1495.2617259593576,1505.7758716968922,1487.0006114512948,1500.518798828125,851000,0.0,0.0
2014-08-15 00:00:00+09:00,1508.0288309743098,1532.8121733160192,1506.5268102263276,1523.800048828125,710800,0.0,0.0
2014-08-18 00:00:00+09:00,1535.0652044379929,1543.3263185518958,1520.7960073321601,1523.800048828125,700000,0.0,0.0
2014-08-19 00:00:00+09:00,1540.3221643553736,1553.8403500981317,1529.808019888784,1542.5751953125,931700,0.0,0.0
2014-08-20 00:00:00+09:00,1543.3259010877582,1545.578931600295,1523.0486264749263,1527.5546875,626800,0.0,0.0
2014-08-21 00:00:00+09:00,1528.3059128471043,1535.0650053363545,1514.0367175920208,1520.0447998046875,977400,0.0,0.0
2014-08-22 00:00:00+09:00,1529.0571330421649,1529.0571330421649,1502.7717697531295,1507.27783203125,1333400,0.0,0.0
2014-08-25 00:00:00+09:00,1517.0408650108832,1531.310061265936,1499.0166171097637,1509.53076171875,1787700,0.0,0.0
2014-08-26 00:00:00+09:00,1509.531039703078,1513.2860920406479,1495.2618408203125,1495.2618408203125,973700,0.0,0.0
2014-08-27 00:00:00+09:00,1502.020661124432,1503.5226817855564,1475.7352995547544,1487.75146484375,1358200,0.0,0.0
2014-08-28 00:00:00+09:00,1487.7514022610492,1493.7594846528152,1477.2372580754586,1480.9923095703125,751400,0.0,0.0
2014-08-29 00:00:00+09:00,1475.7352326316661,1502.0205930093293,1471.2291708526382,1489.25341796875,1165200,0.0,0.0
2014-09-01 00:00:00+09:00,1441.1889353389233,1463.7192469909128,1351.0676887309658,1357.8267822265625,9816200,0.0,0.0
2014-09-02 00:00:00+09:00,1357.826889143319,1359.328910038389,1299.9990846831224,1306.7581787109375,9796100,0.0,0.0
2014-09-03 00:00:00+09:00,1321.7783676103988,1332.2925137163907,1303.003106706842,1318.0233154296875,4710200,0.0,0.0
2014-09-04 00:00:00+09:00,1329.2882365178975,1330.039246821015,1236.162958931333,1244.424072265625,10096200,0.0,0.0
2014-09-05 00:00:00+09:00,1244.4242825387325,1264.7015641492007,1215.1348757680564,1245.17529296875,5245100,0.0,0.0
2014-09-08 00:00:00+09:00,1268.456372426073,1271.4604135685859,1229.4038375734053,1236.9139404296875,3130900,0.0,0.0
2014-09-09 00:00:00+09:00,1240.6688369996646,1263.9501529482054,1236.9137860402225,1259.444091796875,5492700,0.0,0.0
2014-09-10 00:00:00+09:00,1248.9302599254052,1278.2196646981597,1243.673187273885,1271.4605712890625,5587400,0.0,0.0
2014-09-11 00:00:00+09:00,1278.2199229333717,1285.730028238503,1259.4446596705432,1281.9749755859375,3836900,0.0,0.0
2014-09-12 00:00:00+09:00,1298.4967251044222,1301.500766111026,1291.7376328395642,1300.749755859375,3687800,0.0,0.0
2014-09-16 00:00:00+09:00,1306.0069864141117,1317.2721415585693,1303.7539553852203,1313.51708984375,3114500,0.0,0.0
2014-09-17 00:00:00+09:00,1321.7783274971703,1337.5495461775342,1319.5252962571183,1327.035400390625,3106500,0.0,0.0
2014-09-18 00:00:00+09:00,1329.2883918337639,1341.3045580876283,1316.5212151890328,1336.0474853515625,2847000,0.0,0.0
2014-09-19 00:00:00+09:00,1340.5535286485551,1349.5656532108983,1339.8025182683598,1347.3126220703125,2248500,0.0,0.0
2014-09-22 00:00:00+09:00,1347.3126204207135,1348.8146411792652,1327.0353401802681,1333.79443359375,1685800,0.0,0.0
2014-09-24 00:00:00+09:00,1329.2884592239818,1339.0515948002032,1307.509156784719,1334.5455322265625,1725000,0.0,0.0
2014-09-25 00:00:00+09:00,1334.5454439730256,1336.0474647315773,1320.2762467667862,1333.79443359375,2030600,0.0,0.0
2014-09-26 00:00:00+09:00,1317.8438664459125,1336.0734069615908,1315.5651738814527,1335.3138427734375,1597000,20.0,0.0
2014-09-29 00:00:00+09:00,1352.0236695928459,1355.0619250301334,1333.7941369691223,1339.111083984375,1953500,0.0,0.0
2014-09-30 00:00:00+09:00,1334.5538594967245,1345.9473187411472,1304.171301511597,1340.63037109375,2646400,0.0,0.0
2014-10-01 00:00:00+09:00,1339.8709853994055,1345.1879337541652,1317.0840638790075,1317.8436279296875,2328500,0.0,0.0
2014-10-02 00:00:00+09:00,1291.2587628015108,1300.3735305389332,1278.3461751734956,1285.1822509765625,1824800,0.0,0.0
2014-10-03 00:00:00+09:00,1275.3079398172572,1299.6139875088309,1275.3079398172572,1293.5374755859375,1375700,0.0,0.0
2014-10-06 00:00:00+09:00,1305.6905966969719,1306.4501607439158,1283.6632393355917,1287.4610595703125,1736400,0.0,0.0
2014-10-07 00:00:00+09:00,1276.0675922866315,1276.0675922866315,1249.4828507806599,1257.0784912109375,2482200,0.0,0.0
2014-10-08 00:00:00+09:00,1228.214902015866,1257.8378959420372,1211.5044951857183,1255.5592041015625,2167300,0.0,0.0
2014-10-09 00:00:00+09:00,1246.4445709078182,1255.559339250837,1226.6959061646107,1233.531982421875,1102200,0.0,0.0
2014-10-10 00:00:00+09:00,1210.7453005973834,1228.9748408824132,1202.3900946334115,1218.3409423828125,1650800,0.0,0.0
2014-10-14 00:00:00+09:00,1194.0346420561261,1200.1111542294398,1178.843361622842,1187.9581298828125,1656700,0.0,0.0
2014-10-15 00:00:00+09:00,1193.2751437274546,1222.1385781397037,1192.5155796639742,1210.7451171875,1560900,0.0,0.0
2014-10-16 00:00:00+09:00,1177.3240336529811,1200.1109504333615,1168.9688308335083,1187.1983642578125,1672500,0.0,0.0
2014-10-17 00:00:00+09:00,1180.3622503987524,1193.2748361495753,1165.9305369125386,1168.209228515625,1546400,0.0,0.0
2014-10-20 00:00:00+09:00,1198.592044529539,1215.30245326189,1197.8324804962501,1213.7833251953125,1031600,0.0,0.0
2014-10-21 00:00:00+09:00,1213.783355869391,1217.581176131811,1183.4007937700321,1184.919921875,794400,0.0,0.0
2014-10-22 00:00:00+09:00,1200.1111507060364,1224.4171993279308,1200.1111507060364,1222.8980712890625,932600,0.0,0.0
2014-10-23 00:00:00+09:00,1209.985378019963,1225.176657091149,1200.8706105772515,1216.0618896484375,778100,0.0,0.0
2014-10-24 00:00:00+09:00,1223.6578118603304,1230.4938890215612,1209.2260934088429,1217.581298828125,654700,0.0,0.0
2014-10-27 00:00:00+09:00,1219.8597918942344,1252.5210441055992,1218.3406638844035,1249.4827880859375,1272700,0.0,0.0
2014-10-28 00:00:00+09:00,1258.5976081127003,1262.3954282940906,1232.7724308792472,1261.6358642578125,1793300,0.0,0.0
2014-10-29 00:00:00+09:00,1272.2695793142848,1293.537369296852,1272.2695793142848,1286.7012939453125,1504900,0.0,0.0
2014-10-30 00:00:00+09:00,1277.5867494162676,1282.1441337780377,1269.231544753022,1278.3463134765625,1383100,0.0,0.0
2014-10-31 00:00:00+09:00,1285.9420512279514,1323.9202571118249,1284.4229229925966,1320.1224365234375,2297000,0.0,0.0
2014-11-04 00:00:00+09:00,1230.4935938563408,1277.5865585594847,1224.4170822817416,1255.5592041015625,6042400,0.0,0.0
2014-11-05 00:00:00+09:00,1234.2916802945838,1278.3463987297137,1232.7725520726829,1276.8272705078125,3783300,0.0,0.0
2014-11-06 00:00:00+09:00,1268.4720063441007,1272.2698267223766,1232.0129307126535,1251.7615966796875,3431400,0.0,0.0
2014-11-07 00:00:00+09:00,1251.0019732982603,1260.1167417740219,1240.3680767432054,1259.357177734375,1537200,0.0,0.0
2014-11-10 00:00:00+09:00,1253.280548714057,1274.54833984375,1251.001856807304,1274.54833984375,1108900,0.0,0.0
2014-11-11 00:00:00+09:00,1286.7016779777912,1286.7016779777912,1262.3956250289782,1279.8656005859375,1293800,0.0,0.0
2014-11-12 00:00:00+09:00,1294.297039576299,1304.1713714510008,1287.460963663044,1293.5374755859375,1783200,0.0,0.0
2014-11-13 00:00:00+09:00,1302.6520048153657,1317.8432818394515,1298.8541855593442,1308.728515625,1648800,0.0,0.0
2014-11-14 00:00:00+09:00,1314.0457448765853,1326.9583331210372,1301.1331566321333,1310.2479248046875,1292000,0.0,0.0
2014-11-17 00:00:00+09:00,1268.4719518563538,1278.3462844157148,1254.0402350388265,1257.0784912109375,1765600,0.0,0.0
2014-11-18 00:00:00+09:00,1266.19326862536,1270.750652915553,1254.0402438515111,1269.9910888671875,1093500,0.0,0.0
2014-11-19 00:00:00+09:00,1278.3462901265511,1285.18236654434,1254.040240641079,1254.7998046875,1292600,0.0,0.0
2014-11-20 00:00:00+09:00,1253.2805122610878,1264.6739714634614,1238.0892333245897,1255.5592041015625,1325000,0.0,0.0
2014-11-21 00:00:00+09:00,1284.4224304017023,1299.613706929221,1265.433334742304,1272.2694091796875,3092400,0.0,0.0
2014-11-25 00:00:00+09:00,1281.3844804276935,1282.14404443506,1254.0401761624908,1264.674072265625,1922800,0.0,0.0
2014-11-26 00:00:00+09:00,1254.7997658701622,1276.827122534953,1254.7997658701622,1270.7506103515625,1231600,0.0,0.0
2014-11-27 00:00:00+09:00,1274.5485447685498,1277.5868011327182,1254.7998784014567,1257.838134765625,996100,0.0,0.0
2014-11-28 00:00:00+09:00,1246.4445912772362,1249.4828474412272,1231.2533104572822,1241.88720703125,1915400,0.0,0.0
2014-12-01 00:00:00+09:00,1228.9744187241815,1241.12744140625,1207.7066290305615,1241.12744140625,2159800,0.0,0.0
2014-12-02 00:00:00+09:00,1234.2914984325812,1241.8871384229355,1232.7723704345103,1236.5701904296875,999700,0.0,0.0
2014-12-03 00:00:00+09:00,1241.8870531327884,1247.96356470775,1232.0127218234757,1238.0892333984375,1555200,0.0,0.0
2014-12-04 00:00:00+09:00,1253.2804640883187,1257.8378475940942,1232.0126743946987,1241.12744140625,1412900,0.0,0.0
2014-12-05 00:00:00+09:00,1242.6469666979674,1244.9256591796875,1226.6961193259276,1244.9256591796875,1134700,0.0,0.0
2014-12-08 00:00:00+09:00,1248.723400297619,1249.4829644097224,1236.5703745039684,1244.166015625,982400,0.0,0.0
2014-12-09 00:00:00+09:00,1225.176763347365,1242.6467357943516,1221.378943250194,1222.8980712890625,1428200,0.0,0.0
2014-12-10 00:00:00+09:00,1215.302536088198,1219.1003565134736,1193.2751776215994,1197.072998046875,1540100,0.0,0.0
2014-12-11 00:00:00+09:00,1184.9197573420483,1191.7558328651755,1177.324117871907,1185.6793212890625,1400300,0.0,0.0
2014-12-12 00:00:00+09:00,1180.3627328583689,1212.2644283410275,1179.6031686802103,1203.149658203125,1781300,0.0,0.0
2014-12-15 00:00:00+09:00,1203.1493660953242,1220.6193379515064,1197.072854145348,1206.1876220703125,969400,0.0,0.0
2014-12-16 00:00:00+09:00,1184.9195427687541,1194.793872291827,1172.0069580078125,1172.0069580078125,1298800,0.0,0.0
2014-12-17 00:00:00+09:00,1171.2477689302884,1196.3133826622598,1169.7286408253206,1184.919921875,1183200,0.0,0.0
2014-12-18 00:00:00+09:00,1200.8707182511039,1212.264178576067,1183.4007457528273,1187.9581298828125,1724000,0.0,0.0
2014-12-19 00:00:00+09:00,1197.0730952048789,1202.390044231804,1180.3626839773995,1190.99658203125,1722200,0.0,0.0
2014-12-22 00:00:00+09:00,1184.9198939732144,1196.3133544921875,1177.324253627232,1196.3133544921875,1405500,0.0,0.0
2014-12-24 00:00:00+09:00,1200.1111746651786,1205.428122907366,1194.034662388393,1196.3133544921875,981000,0.0,0.0
2014-12-25 00:00:00+09:00,1188.71774213742,1200.1112029246797,1183.4007937700321,1184.919921875,936600,0.0,0.0
2014-12-26 00:00:00+09:00,1185.6796821054786,1206.9474790939178,1185.6796821054786,1203.149658203125,536600,0.0,0.0
2014-12-29 00:00:00+09:00,1215.3022722791798,1225.1766032414482,1192.5153546739452,1203.9088134765625,955200,0.0,0.0
2014-12-30 00:00:00+09:00,1198.5921237033558,1202.389944120667,1181.8817138671875,1181.8817138671875,1177500,0.0,0.0
2015-01-05 00:00:00+09:00,1185.6794890198526,1208.4664106538023,1179.6029765841326,1200.1112060546875,943000,0.0,0.0
2015-01-06 00:00:00+09:00,1181.8817604005183,1185.6795809673579,1162.8926575663197,1163.6522216796875,1437200,0.0,0.0
2015-01-07 00:00:00+09:00,1159.8544244866623,1165.930937516062,1153.0183473285877,1154.5374755859375,1021200,0.0,0.0
2015-01-08 00:00:00+09:00,1161.3731740649064,1172.0070683990518,1155.296663016823,1159.094482421875,869200,0.0,0.0
2015-01-09 00:00:00+09:00,1161.373478549766,1165.1712989505174,1145.4226328666102,1151.4991455078125,1358200,0.0,0.0
2015-01-13 00:00:00+09:00,1140.1053737794587,1146.9414486388957,1129.4714795536675,1146.181884765625,1131900,0.0,0.0
2015-01-14 00:00:00+09:00,1139.345780761058,1152.25836627635,1110.4823543151113,1122.6353759765625,1984700,0.0,0.0
2015-01-15 00:00:00+09:00,1117.318705435975,1135.5482424383295,1106.6848088512684,1108.9635009765625,1719200,0.0,0.0
2015-01-16 00:00:00+09:00,1097.5698985224185,1100.608154296875,1074.7829802139947,1100.608154296875,1257800,0.0,0.0
2015-01-19 00:00:00+09:00,1107.4443414747102,1118.078237757732,1102.886957353415,1105.1656494140625,693700,0.0,0.0
2015-01-20 00:00:00+09:00,1115.0398485453302,1155.29673681025,1110.4824649681693,1144.662841796875,1046400,0.0,0.0
2015-01-21 00:00:00+09:00,1101.3675880690228,1134.028833784173,1094.5315133844565,1122.6353759765625,1667100,0.0,0.0
2015-01-22 00:00:00+09:00,1122.6356580287159,1157.5756040837368,1121.1165299393672,1156.8160400390625,1514700,0.0,0.0
2015-01-23 00:00:00+09:00,1166.6904296875,1175.0456345876057,1157.5756607055664,1166.6904296875,1020300,0.0,0.0
2015-01-26 00:00:00+09:00,1156.8162117624065,1172.0074949109608,1149.2205701881294,1168.96923828125,983500,0.0,0.0
2015-01-27 00:00:00+09:00,1179.6029735076122,1199.3516388721955,1172.0073329827726,1184.919921875,1713600,0.0,0.0
2015-01-28 00:00:00+09:00,1181.1218958713278,1209.9853248379584,1179.602768030979,1203.9088134765625,1591400,0.0,0.0
2015-01-29 00:00:00+09:00,1191.7559365982625,1192.5155006113907,1153.0181719287204,1159.854248046875,2116000,0.0,0.0
2015-01-30 00:00:00+09:00,1167.4498606878497,1184.919832578429,1167.4498606878497,1171.2476806640625,1295600,0.0,0.0
2015-02-02 00:00:00+09:00,1165.9305854263257,1190.236630203943,1162.132765929823,1182.6409912109375,1306000,0.0,0.0
2015-02-03 00:00:00+09:00,1182.6412073965291,1206.1876925791191,1182.6412073965291,1194.03466796875,2134900,0.0,0.0
2015-02-04 00:00:00+09:00,1209.226099243164,1225.176946029663,1197.8326372528077,1215.3026123046875,1912700,0.0,0.0
2015-02-05 00:00:00+09:00,1222.1386350336174,1233.532096516218,1215.3025581440572,1220.6195068359375,1655800,0.0,0.0
2015-02-06 00:00:00+09:00,1231.2535460746774,1236.5704953791333,1213.0240056022578,1228.974853515625,1098900,0.0,0.0
2015-02-09 00:00:00+09:00,1237.3300175739541,1250.2426083037008,1228.9748118076475,1244.9256591796875,1212500,0.0,0.0
2015-02-10 00:00:00+09:00,1249.4830629290957,1257.8382688210227,1241.8874212091619,1253.2808837890625,885000,0.0,0.0
2015-02-12 00:00:00+09:00,1266.9529911164316,1276.0677608366937,1262.3956062563004,1271.5103759765625,1683900,0.0,0.0
2015-02-13 00:00:00+09:00,1271.5101387933128,1350.504794966852,1266.952754783301,1319.3626708984375,4642800,0.0,0.0
2015-02-16 00:00:00+09:00,1313.286100530597,1340.6304033756528,1313.286100530597,1326.958251953125,1465900,0.0,0.0
2015-02-17 00:00:00+09:00,1328.4774524985467,1350.5048087721075,1327.7178884891134,1347.466552734375,1954700,0.0,0.0
2015-02-18 00:00:00+09:00,1353.5429580995701,1365.6959812923833,1353.5429580995701,1358.100341796875,2137400,0.0,0.0
2015-02-19 00:00:00+09:00,1375.5705972170697,1380.1279818572145,1342.1497765226738,1359.6197509765625,2781300,0.0,0.0
2015-02-20 00:00:00+09:00,1365.6959228515625,1373.2915620220385,1355.821591929944,1365.6959228515625,2142400,0.0,0.0
2015-02-23 00:00:00+09:00,1367.215326344114,1376.330095186408,1362.657941922967,1369.4940185546875,1707000,0.0,0.0
2015-02-24 00:00:00+09:00,1364.9364438471125,1374.8107753830125,1357.3408042041124,1364.1768798828125,1401600,0.0,0.0
2015-02-25 00:00:00+09:00,1361.1385975950784,1367.215109191485,1340.630370957206,1358.100341796875,2086400,0.0,0.0
2015-02-26 00:00:00+09:00,1345.9475686028393,1371.7727476843836,1345.9475686028393,1371.01318359375,1608700,0.0,0.0
2015-02-27 00:00:00+09:00,1375.5702173401853,1391.5210591757148,1371.7723978555352,1381.646728515625,1503000,0.0,0.0
2015-03-02 00:00:00+09:00,1388.4828209712587,1422.6631967610326,1388.4828209712587,1409.7506103515625,1834400,0.0,0.0
2015-03-03 00:00:00+09:00,1410.510429753484,1415.8273780616555,1393.8000207849452,1405.1934814453125,1026900,0.0,0.0
2015-03-04 00:00:00+09:00,1394.5595167949675,1408.2316689204083,1390.7616967601227,1399.87646484375,1103500,0.0,0.0
2015-03-05 00:00:00+09:00,1389.2426869677577,1420.3848139036122,1377.0896618220584,1417.3465576171875,1683400,0.0,0.0
2015-03-06 00:00:00+09:00,1419.6251609108665,1419.6251609108665,1396.0786761659565,1403.67431640625,2063200,0.0,0.0
2015-03-09 00:00:00+09:00,1393.79968768124,1405.9527094811854,1386.9636129187707,1391.52099609375,1548300,0.0,0.0
2015-03-10 00:00:00+09:00,1391.5209839876034,1399.876186402376,1375.5701430139463,1378.6083984375,1509600,0.0,0.0
2015-03-11 00:00:00+09:00,1367.2153434625836,1374.810984259598,1359.6197026655693,1362.657958984375,1661900,0.0,0.0
2015-03-12 00:00:00+09:00,1366.4556829217536,1372.5321951304106,1354.3026585044395,1368.734375,1206400,0.0,0.0
2015-03-13 00:00:00+09:00,1371.0132030873572,1392.2809979274934,1367.21538258019,1379.368408203125,1912800,0.0,0.0
2015-03-16 00:00:00+09:00,1389.2424741114778,1401.395497395121,1371.7725031412406,1388.48291015625,1403900,0.0,0.0
2015-03-17 00:00:00+09:00,1393.0404961087002,1395.3191883051702,1382.4065991918399,1389.24267578125,1050800,0.0,0.0
2015-03-18 00:00:00+09:00,1391.5211869987086,1401.3955185658392,1384.6851112983875,1396.838134765625,1316500,0.0,0.0
2015-03-19 00:00:00+09:00,1402.1550078763623,1407.471955360184,1385.4446014986377,1393.7998046875,1307300,0.0,0.0
2015-03-20 00:00:00+09:00,1392.2809063127445,1392.2809063127445,1370.2535488206172,1383.1661376953125,1408200,0.0,0.0
2015-03-23 00:00:00+09:00,1400.6356850369975,1416.5865252678961,1398.3569935754406,1408.2313232421875,1736800,0.0,0.0
2015-03-24 00:00:00+09:00,1410.5105966044466,1424.1827510141827,1406.7127759350756,1419.6253662109375,1653800,0.0,0.0
2015-03-25 00:00:00+09:00,1424.1827510141827,1426.4614434158054,1405.9532118012012,1419.6253662109375,1151800,0.0,0.0
2015-03-26 00:00:00+09:00,1412.7891299599096,1419.6252063951995,1380.887439928557,1385.44482421875,1347900,0.0,0.0
2015-03-27 00:00:00+09:00,1389.2846231251972,1394.6605171892527,1356.2612738745706,1369.3170166015625,1852200,20.0,0.0
2015-03-30 00:00:00+09:00,1362.4051513671875,1367.0130605600866,1345.5094843265572,1362.4051513671875,1047100,0.0,0.0
2015-03-31 00:00:00+09:00,1373.1568947316848,1376.9968189339547,1346.277425315796,1347.04541015625,1106500,0.0,0.0
2015-04-01 00:00:00+09:00,1343.2055258789064,1354.725298828125,1316.3260556640626,1343.9735107421875,1364800,0.0,0.0
2015-04-02 00:00:00+09:00,1343.9736730123618,1370.853146472609,1333.9898685842702,1338.5977783203125,2379800,0.0,0.0
2015-04-03 00:00:00+09:00,1337.0616469726563,1346.2774653320314,1326.3098588867188,1343.9735107421875,1197800,0.0,0.0
2015-04-06 00:00:00+09:00,1343.9735949878961,1367.0131423305459,1333.9897911394146,1363.1732177734375,1194900,0.0,0.0
2015-04-07 00:00:00+09:00,1384.6767983897016,1389.2847078685359,1369.3171001269206,1383.9088134765625,1524000,0.0,0.0
2015-04-08 00:00:00+09:00,1393.8924976390797,1415.3960733602335,1393.1245127918955,1397.732421875,1560100,0.0,0.0
2015-04-09 00:00:00+09:00,1403.876218689871,1408.4841275039514,1392.3564466546695,1396.96435546875,1257100,0.0,0.0
2015-04-10 00:00:00+09:00,1397.7326662830299,1406.180501079246,1396.9646813015556,1402.340576171875,1275200,0.0,0.0
2015-04-13 00:00:00+09:00,1402.3404547678851,1406.9483642578125,1388.516726298103,1406.9483642578125,1076000,0.0,0.0
2015-04-14 00:00:00+09:00,1401.5725131710199,1433.0598956586975,1394.6606487225054,1431.52392578125,1600800,0.0,0.0
2015-04-15 00:00:00+09:00,1400.8045597568846,1402.3405296688989,1330.917928760242,1338.5977783203125,5943900,0.0,0.0
2015-04-16 00:00:00+09:00,1338.597693979532,1347.8135128709573,1298.6624787833555,1319.3980712890625,5741900,0.0,0.0
2015-04-17 00:00:00+09:00,1316.3261683831197,1325.5419875316597,1280.230876718005,1288.6787109375,3714500,0.0,0.0
2015-04-20 00:00:00+09:00,1296.358601525364,1306.3424059209976,1284.0708422691994,1292.5186767578125,2785700,0.0,0.0
2015-04-21 00:00:00+09:00,1287.1427820832405,1301.734496199936,1261.7992786174011,1292.5186767578125,1980600,0.0,0.0
2015-04-22 00:00:00+09:00,1301.7342153366053,1317.8618958805987,1296.3583218219408,1311.718017578125,1710300,0.0,0.0
2015-04-23 00:00:00+09:00,1319.397830253116,1342.43737327267,1319.397830253116,1328.6136474609375,2048900,0.0,0.0
2015-04-24 00:00:00+09:00,1343.973836591167,1343.973836591167,1321.7022701562275,1333.2220458984375,1096800,0.0,0.0
2015-04-27 00:00:00+09:00,1332.4538565731823,1336.2937812318946,1310.1822935526507,1325.5419921875,1017300,0.0,0.0
2015-04-28 00:00:00+09:00,1333.2217999845657,1338.5976943393423,1317.0941169202363,1321.7020263671875,1138800,0.0,0.0
2015-04-30 00:00:00+09:00,1319.397899575367,1320.933869190705,1282.5346288072544,1287.9105224609375,1743700,0.0,0.0
2015-05-01 00:00:00+09:00,1279.4629308000397,1294.0546448967987,1262.5672618458975,1274.0870361328125,1377300,0.0,0.0
2015-05-07 00:00:00+09:00,1279.4629312417885,1292.5186754381334,1274.8550215254315,1278.6949462890625,1527700,0.0,0.0
2015-05-08 00:00:00+09:00,1278.6950275467102,1287.910847565065,1268.711222526826,1274.8551025390625,1402900,0.0,0.0
2015-05-11 00:00:00+09:00,1278.6947852291278,1301.7343309089317,1264.8710578212454,1286.3746337890625,2758500,0.0,0.0
2015-05-12 00:00:00+09:00,1347.8135557813403,1364.7092242868614,1327.8459475475427,1330.14990234375,3221400,0.0,0.0
2015-05-13 00:00:00+09:00,1348.581664617646,1351.6536046281647,1322.4701745282384,1334.7579345703125,2153900,0.0,0.0
2015-05-14 00:00:00+09:00,1330.9178009572383,1336.293695133061,1300.9663905490836,1304.038330078125,1280800,0.0,0.0
2015-05-15 00:00:00+09:00,1316.326374809863,1343.973836591167,1315.5583897603822,1333.2220458984375,1780200,0.0,0.0
2015-05-18 00:00:00+09:00,1338.5974965019486,1367.012933891835,1335.5255573246636,1348.581298828125,2068500,0.0,0.0
2015-05-19 00:00:00+09:00,1353.9574394333408,1376.2290025323578,1353.9574394333408,1364.709228515625,2046200,0.0,0.0
2015-05-20 00:00:00+09:00,1371.621052144483,1378.5329163490183,1356.261353912182,1365.4771728515625,1413800,0.0,0.0
2015-05-21 00:00:00+09:00,1367.013265019652,1379.3010247052218,1360.1014001965189,1367.78125,1131000,0.0,0.0
2015-05-22 00:00:00+09:00,1370.853190195247,1377.7650550197607,1363.941325370733,1372.38916015625,1111000,0.0,0.0
2015-05-25 00:00:00+09:00,1380.06901009842,1384.6769199818873,1369.31722037033,1374.693115234375,882000,0.0,0.0
2015-05-26 00:00:00+09:00,1373.9249673113727,1383.9087708748427,1369.3170579743864,1373.156982421875,698700,0.0,0.0
2015-05-27 00:00:00+09:00,1376.9969492583111,1397.7325419130655,1370.8530699531989,1383.9088134765625,1520100,0.0,0.0
2015-05-28 00:00:00+09:00,1383.9087290611417,1384.6767139274355,1353.9573192756898,1369.3170166015625,1555700,0.0,0.0
2015-05-29 00:00:00+09:00,1374.6929938437413,1385.4447826224075,1361.6372503267896,1379.3009033203125,2000600,0.0,0.0
2015-06-01 00:00:00+09:00,1362.4052737122784,1376.2290025323578,1350.8854996955454,1364.709228515625,1561300,0.0,0.0
2015-06-02 00:00:00+09:00,1363.1731751424086,1367.0130995794293,1345.5095227321126,1352.42138671875,1158800,0.0,0.0
2015-06-03 00:00:00+09:00,1343.9735107421875,1347.0454501953125,1331.6857529296876,1343.9735107421875,884900,0.0,0.0
2015-06-04 00:00:00+09:00,1343.9733900621975,1353.9571923883736,1333.9895877360211,1348.581298828125,858800,0.0,0.0
2015-06-05 00:00:00+09:00,1337.829751380404,1343.2056459037467,1320.9340828784702,1327.845947265625,1056000,0.0,0.0
2015-06-08 00:00:00+09:00,1326.3099354576316,1331.685829810963,1315.5581467509687,1319.3980712890625,837600,0.0,0.0
2015-06-09 00:00:00+09:00,1309.414225974278,1324.005938756396,1307.8782562077392,1313.254150390625,1026100,0.0,0.0
2015-06-10 00:00:00+09:00,1308.646484375,1330.1500651041665,1293.2867838541665,1294.82275390625,1751100,0.0,0.0
2015-06-11 00:00:00+09:00,1303.2705891927083,1311.7184244791665,1289.4468587239583,1294.82275390625,1003800,0.0,0.0
2015-06-12 00:00:00+09:00,1292.518839688176,1305.574585543612,1282.535034034019,1287.1429443359375,1555600,0.0,0.0
2015-06-15 00:00:00+09:00,1279.4630940511115,1282.535034252915,1267.943318294349,1280.2310791015625,1174000,0.0,0.0
2015-06-16 00:00:00+09:00,1281.7667241438724,1300.198360680393,1280.998739288184,1284.0706787109375,1126600,0.0,0.0
2015-06-17 00:00:00+09:00,1283.3026897097097,1290.214553388577,1265.6390380859375,1265.6390380859375,918800,0.0,0.0
2015-06-18 00:00:00+09:00,1265.6389970003038,1277.9267542527339,1264.10302734375,1264.10302734375,1351500,0.0,0.0
2015-06-19 00:00:00+09:00,1271.014892578125,1281.7666801890578,1263.3350442846015,1271.014892578125,886900,0.0,0.0
2015-06-22 00:00:00+09:00,1271.015015383358,1276.3909097082424,1257.9592720229248,1275.6229248046875,708100,0.0,0.0
2015-06-23 00:00:00+09:00,1298.662515890125,1300.1984857492498,1280.230877580626,1295.590576171875,1123100,0.0,0.0
2015-06-24 00:00:00+09:00,1297.1265021042245,1297.1265021042245,1272.5509851904678,1275.6229248046875,1416000,0.0,0.0
2015-06-25 00:00:00+09:00,1267.943196958167,1284.0708814742914,1262.5673021194589,1273.319091796875,1139100,0.0,0.0
2015-06-26 00:00:00+09:00,1269.4791248587023,1269.4791248587023,1255.6553957313845,1257.9593505859375,986800,0.0,0.0
2015-06-29 00:00:00+09:00,1213.4160598754881,1234.1516507720946,1210.3441204833985,1228.7757568359375,1236500,0.0,0.0
2015-06-30 00:00:00+09:00,1228.7757568359375,1233.3836659240721,1220.3279235076905,1228.7757568359375,870300,0.0,0.0
2015-07-01 00:00:00+09:00,1228.77579552615,1232.6157198871692,1214.9520678264807,1218.7919921875,833800,0.0,0.0
2015-07-02 00:00:00+09:00,1228.7757557638017,1231.8476951532111,1222.6318769849827,1224.1678466796875,805100,0.0,0.0
2015-07-03 00:00:00+09:00,1221.8641355107015,1228.0080155132694,1212.6483155068495,1214.9522705078125,816900,0.0,0.0
2015-07-06 00:00:00+09:00,1192.680300430513,1214.1838731362786,1191.9123156910211,1199.5921630859375,1066500,0.0,0.0
2015-07-07 00:00:00+09:00,1217.2560205853174,1229.5437785218255,1209.576171875,1209.576171875,1167700,0.0,0.0
2015-07-08 00:00:00+09:00,1205.736158591718,1205.736158591718,1181.16064453125,1181.16064453125,1391400,0.0,0.0
2015-07-09 00:00:00+09:00,1154.2813291851926,1158.8892386829377,1122.7939476172664,1138.921630859375,3258300,0.0,0.0
2015-07-10 00:00:00+09:00,1145.0655517578125,1161.9612205295575,1139.6896571486209,1145.0655517578125,1666100,0.0,0.0
2015-07-13 00:00:00+09:00,1148.905517578125,1157.3533522661994,1145.8335776915526,1148.905517578125,1389900,0.0,0.0
2015-07-14 00:00:00+09:00,1175.0171301649025,1193.448771422391,1172.7131750077165,1185.7689208984375,1300900,0.0,0.0
2015-07-15 00:00:00+09:00,1197.2882054088961,1204.2000680443548,1187.3044038243447,1190.3763427734375,1163100,0.0,0.0
2015-07-16 00:00:00+09:00,1198.056722109676,1212.648438596909,1191.144856405197,1196.520751953125,1176700,0.0,0.0
2015-07-17 00:00:00+09:00,1194.2166745678112,1196.5206295669773,1179.624959573092,1187.3048095703125,846000,0.0,0.0
2015-07-21 00:00:00+09:00,1187.3048910032282,1198.0566817367633,1182.696980688856,1185.7689208984375,1292600,0.0,0.0
2015-07-22 00:00:00+09:00,1178.8567733518696,1194.2164707245324,1169.640954928272,1191.14453125,1095300,0.0,0.0
2015-07-23 00:00:00+09:00,1185.7684352110832,1195.7522368028865,1174.248664143618,1192.6802978515625,996200,0.0,0.0
2015-07-24 00:00:00+09:00,1191.1447344098774,1199.592569405692,1179.6249594155845,1182.6968994140625,971800,0.0,0.0
2015-07-27 00:00:00+09:00,1170.4089345818923,1174.2488589079485,1160.4251313341465,1165.801025390625,918800,0.0,0.0
2015-07-28 00:00:00+09:00,1151.9774179609994,1166.5691319218388,1140.4576437813894,1161.1932373046875,1218400,0.0,0.0
2015-07-29 00:00:00+09:00,1162.7290854476073,1165.8010249071783,1150.4413276093235,1163.4970703125,1111700,0.0,0.0
2015-07-30 00:00:00+09:00,1163.4971116718493,1171.9449454859682,1158.1212174265008,1167.3370361328125,1107800,0.0,0.0
2015-07-31 00:00:00+09:00,1167.3373194399612,1195.7527673473812,1167.3373194399612,1189.60888671875,1811800,0.0,0.0
2015-08-03 00:00:00+09:00,1144.2976070928446,1166.5691712577388,1135.8497724096087,1139.689697265625,2853100,0.0,0.0
2015-08-04 00:00:00+09:00,1139.6896957575498,1142.761635638298,1109.7382819202558,1118.9541015625,2279100,0.0,0.0
2015-08-05 00:00:00+09:00,1117.418010966677,1133.5456935991858,1111.2741318685785,1125.8658447265625,1770400,0.0,0.0
2015-08-06 00:00:00+09:00,1134.3136391575097,1145.065427206396,1125.097820829893,1133.545654296875,1296400,0.0,0.0
2015-08-07 00:00:00+09:00,1128.93766452237,1138.1534821919402,1121.2578164643944,1135.08154296875,1057300,0.0,0.0
2015-08-10 00:00:00+09:00,1133.54536874841,1133.54536874841,1124.3295527423254,1132.0093994140625,976700,0.0,0.0
2015-08-11 00:00:00+09:00,1135.08154493895,1142.7613930102555,1125.0977424462528,1141.993408203125,1399300,0.0,0.0
2015-08-12 00:00:00+09:00,1132.7777082921705,1146.6014362577698,1122.025919874482,1123.5618896484375,1258000,0.0,0.0
2015-08-13 00:00:00+09:00,1122.0257553257893,1132.7775421666934,1114.3459075822861,1117.4178466796875,1000000,0.0,0.0
2015-08-14 00:00:00+09:00,1116.6502278645833,1122.7941080729165,1111.2743326822915,1115.1142578125,831900,0.0,0.0
2015-08-17 00:00:00+09:00,1115.882284183102,1116.6502692375984,1093.6107176027099,1098.2186279296875,1664000,0.0,0.0
2015-08-18 00:00:00+09:00,1096.68241273476,1105.8982313291697,1084.3946546088803,1091.3065185546875,1150300,0.0,0.0
2015-08-19 00:00:00+09:00,1086.6984419785254,1091.3063505664202,1074.4106857441393,1075.9466552734375,1566000,0.0,0.0
2015-08-20 00:00:00+09:00,1065.195272770843,1066.7312428829855,1038.3157958083489,1040.6197509765625,1942100,0.0,0.0
2015-08-21 00:00:00+09:00,1013.7401320294636,1022.1879664630425,1007.5962524414062,1007.5962524414062,2029200,0.0,0.0
2015-08-24 00:00:00+09:00,968.4290966008672,974.5729766744652,927.7258911132812,927.7258911132812,3394800,0.0,0.0
2015-08-25 00:00:00+09:00,881.6466515492584,943.0854425979873,863.2150142346399,906.22216796875,4185800,0.0,0.0
2015-08-26 00:00:00+09:00,903.1501736558378,939.2454612084096,900.0782342896615,931.5656127929688,2810800,0.0,0.0
2015-08-27 00:00:00+09:00,952.3013324978986,976.108865810346,949.9973776612101,970.7329711914062,3379500,0.0,0.0
2015-08-28 00:00:00+09:00,983.0208131772446,996.8445433625495,983.0208131772446,992.2366333007812,2187500,0.0,0.0
2015-08-31 00:00:00+09:00,991.4685659401113,998.3804304586713,972.2689422774446,982.2527465820312,1831300,0.0,0.0
2015-09-01 00:00:00+09:00,975.3409624023437,979.1808874511719,959.9812622070312,959.9812622070312,2300300,0.0,0.0
2015-09-02 00:00:00+09:00,942.3172863612779,973.0366762997058,930.0295303859067,956.9089965820312,2211200,0.0,0.0
2015-09-03 00:00:00+09:00,964.5888999526902,974.5727022611178,936.1734626133195,938.4774169921875,2452900,0.0,0.0
2015-09-04 00:00:00+09:00,941.5493701253733,943.0853397340607,911.5979627559691,916.2058715820312,2344100,0.0,0.0
2015-09-07 00:00:00+09:00,912.3661305051476,934.6376942969399,898.5424012550696,923.117919921875,1448700,0.0,0.0
2015-09-08 00:00:00+09:00,921.5817638676812,932.3335511128041,909.294007016112,911.5979614257812,1272000,0.0,0.0
2015-09-09 00:00:00+09:00,937.7096380605561,969.197021484375,936.9416530989996,969.197021484375,1774000,0.0,0.0
2015-09-10 00:00:00+09:00,946.925294737885,958.4450671799517,942.3173857610583,953.837158203125,1530100,0.0,0.0
2015-09-11 00:00:00+09:00,953.8373023890241,990.7005797760396,953.8373023890241,970.7329711914062,2333700,0.0,0.0
2015-09-14 00:00:00+09:00,970.732928211666,977.6447924157048,945.3894261301906,955.3732299804688,1499100,0.0,0.0
2015-09-15 00:00:00+09:00,965.3572575276058,996.0766611084366,959.9813619009605,984.556884765625,2295200,0.0,0.0
2015-09-16 00:00:00+09:00,999.1484395131536,1038.3156727300413,999.1484395131536,1024.491943359375,3592100,0.0,0.0
2015-09-17 00:00:00+09:00,1024.4918317990657,1027.5637713247002,966.8929656934212,972.2688598632812,3516000,0.0,0.0
2015-09-18 00:00:00+09:00,966.1250806623395,968.4290355446822,950.7653814467221,957.67724609375,1699300,0.0,0.0
2015-09-24 00:00:00+09:00,957.6773069312214,960.7492469694932,945.3895467781344,948.4614868164062,2052700,0.0,0.0
2015-09-25 00:00:00+09:00,949.2295740978725,963.8212908518042,935.405842436253,943.085693359375,2000600,0.0,0.0
2015-09-28 00:00:00+09:00,961.8222519611626,971.1906505192259,945.4275544845518,948.5503540039062,1575500,20.0,0.0
2015-09-29 00:00:00+09:00,936.0591667493184,936.0591667493184,898.585572083791,899.3662719726562,1698700,0.0,0.0
2015-09-30 00:00:00+09:00,918.8837788375382,920.4451786316547,903.2697808963736,908.7346801757812,1226900,0.0,0.0
2015-10-01 00:00:00+09:00,916.5417113043183,948.5504082067689,914.1996115309682,941.5241088867188,2153200,0.0,0.0
2015-10-02 00:00:00+09:00,929.032831965266,939.1819301295925,921.2258333773226,924.3486328125,1297700,0.0,0.0
2015-10-05 00:00:00+09:00,931.3750083644525,944.6469070586651,925.1294089789405,939.9627075195312,1172100,0.0,0.0
2015-10-06 00:00:00+09:00,953.2345557001423,968.0678534546901,948.5503564092326,950.8924560546875,1151400,0.0,0.0
2015-10-07 00:00:00+09:00,950.8925390977125,976.6556374476506,950.8925390977125,974.3135375976562,1170600,0.0,0.0
2015-10-08 00:00:00+09:00,977.4360821291431,984.4623798441289,965.7255859375,965.7255859375,1351100,0.0,0.0
2015-10-09 00:00:00+09:00,970.4098752769872,993.8308698532621,968.848475638569,992.2694702148438,1336700,0.0,0.0
2015-10-13 00:00:00+09:00,992.2696394265269,998.5152390452619,972.7521406179799,977.4363403320312,1446800,0.0,0.0
2015-10-14 00:00:00+09:00,972.751953125,985.2431499548555,965.7256549082063,972.751953125,1252100,0.0,0.0
2015-10-15 00:00:00+09:00,964.1646211839122,979.7786231464047,957.9190203989152,976.6558227539062,764400,0.0,0.0
2015-10-16 00:00:00+09:00,982.901494548488,999.2961977935383,982.901494548488,990.70849609375,837400,0.0,0.0
2015-10-19 00:00:00+09:00,989.9276,994.6117999999999,965.7258999999999,975.875,784600,0.0,0.0
2015-10-20 00:00:00+09:00,975.8750667072081,986.8048674543289,971.9715664403793,982.9013671875,597200,0.0,0.0
2015-10-21 00:00:00+09:00,982.9011376723705,996.9537353515625,975.0941389617083,996.9537353515625,721200,0.0,0.0
2015-10-22 00:00:00+09:00,988.3663913808485,994.6119925902062,979.7786897179818,984.462890625,611600,0.0,0.0
2015-10-23 00:00:00+09:00,1005.5414388274552,1013.3484375761155,998.5151399536609,1001.637939453125,1311900,0.0,0.0
2015-10-26 00:00:00+09:00,1014.9098478717569,1020.3747470526048,1001.6379498611262,1011.7870483398438,1232900,0.0,0.0
2015-10-27 00:00:00+09:00,1014.1290791118062,1020.3746777514477,1004.7606811523438,1004.7606811523438,1093000,0.0,0.0
2015-10-28 00:00:00+09:00,999.2960198397185,1007.883720010216,989.9276196537211,998.5153198242188,675600,0.0,0.0
2015-10-29 00:00:00+09:00,1001.6378792736018,1009.4448775532089,989.927381854191,1002.4185791015625,918200,0.0,0.0
2015-10-30 00:00:00+09:00,998.5153198242188,1003.9802199327172,985.2434195607225,998.5153198242188,808800,0.0,0.0
2015-11-02 00:00:00+09:00,988.3660904075068,1000.8572890224517,986.0239906672047,989.927490234375,1131500,0.0,0.0
2015-11-04 00:00:00+09:00,982.1205273832869,987.5854269792194,958.699529115005,964.1644287109375,2776000,0.0,0.0
2015-11-05 00:00:00+09:00,962.6031545290152,971.1908550154866,954.7961540867685,968.8487548828125,1406500,0.0,0.0
2015-11-06 00:00:00+09:00,968.0677000199521,981.3395959073224,959.4800026810655,978.216796875,1474700,0.0,0.0
2015-11-09 00:00:00+09:00,991.4884914560208,1011.0059814453125,990.7077918564491,1011.0059814453125,2167600,0.0,0.0
2015-11-10 00:00:00+09:00,1011.0063000292746,1024.2781974041764,998.5151024999553,1023.4974975585938,1107100,0.0,0.0
2015-11-11 00:00:00+09:00,1029.7432317159262,1046.9186305769954,1025.0590320265437,1036.76953125,1602000,0.0,0.0
2015-11-12 00:00:00+09:00,1039.111510404429,1041.4536099770912,1017.2519143929159,1038.330810546875,1288900,0.0,0.0
2015-11-13 00:00:00+09:00,1018.8135408590767,1029.7433412974117,1008.6644404520515,1022.717041015625,1313500,0.0,0.0
2015-11-16 00:00:00+09:00,1003.9802415429091,1028.9626425766362,997.7346412844773,1024.2784423828125,1037400,0.0,0.0
2015-11-17 00:00:00+09:00,1038.3309888082838,1040.6730887830392,1025.839788942921,1032.8660888671875,1223600,0.0,0.0
2015-11-18 00:00:00+09:00,1042.234552305748,1050.0415526975514,1032.8661518355839,1035.208251953125,936200,0.0,0.0
2015-11-19 00:00:00+09:00,1053.9448720212279,1060.1904712628352,1036.769474106808,1040.6729736328125,1249000,0.0,0.0
2015-11-20 00:00:00+09:00,1032.8659115439966,1039.111510404429,1022.7168133957941,1038.330810546875,1074000,0.0,0.0
2015-11-24 00:00:00+09:00,1033.6467372871443,1045.3572365766513,1028.9625375713417,1043.01513671875,1142300,0.0,0.0
2015-11-25 00:00:00+09:00,1039.892459886491,1053.945060695768,1039.892459886491,1044.57666015625,995100,0.0,0.0
2015-11-26 00:00:00+09:00,1052.3833779346883,1067.9973746399507,1050.821978264162,1067.2166748046875,1461700,0.0,0.0
2015-11-27 00:00:00+09:00,1067.9973000069342,1071.1200991297615,1050.821904831384,1055.506103515625,1279100,0.0,0.0
2015-11-30 00:00:00+09:00,1052.3834079828478,1053.1641078404018,1030.5238119713347,1038.330810546875,1810600,0.0,0.0
2015-12-01 00:00:00+09:00,1045.357235109252,1048.4800349154036,1036.769535642335,1041.4537353515625,1122200,0.0,0.0
2015-12-02 00:00:00+09:00,1032.866147960316,1039.1117482503255,1019.5942473440459,1030.5240478515625,1605200,0.0,0.0
2015-12-03 00:00:00+09:00,1028.1815204981876,1030.5236196337187,1023.4973222271252,1029.742919921875,1950800,0.0,0.0
2015-12-04 00:00:00+09:00,1011.0062174700652,1020.3746148520272,1000.857120306273,1003.9799194335938,1973200,0.0,0.0
2015-12-07 00:00:00+09:00,972.7521136434456,978.9977130889894,946.9890159305774,949.3311157226562,4525700,0.0,0.0
2015-12-08 00:00:00+09:00,953.2344387278837,961.8221363740809,950.111639583812,955.5765380859375,2705100,0.0,0.0
2015-12-09 00:00:00+09:00,953.2348070136893,965.7260084159981,953.2348070136893,959.4804077148438,3083100,0.0,0.0
2015-12-10 00:00:00+09:00,952.4538509759178,957.9187501208617,943.8661523195776,946.208251953125,1673900,0.0,0.0
2015-12-11 00:00:00+09:00,939.181957827413,954.7959554637789,938.4012579455947,950.8924560546875,1758500,0.0,0.0
2015-12-14 00:00:00+09:00,932.9364013671875,935.2785011195737,925.1294021925667,932.9364013671875,1915200,0.0,0.0
2015-12-15 00:00:00+09:00,934.4979167696796,948.5505170218553,925.1295166015625,925.1295166015625,1517300,0.0,0.0
2015-12-16 00:00:00+09:00,932.155620467449,932.9363203170868,912.6381242265059,914.1995239257812,2006800,0.0,0.0
2015-12-17 00:00:00+09:00,936.8398947583192,936.8398947583192,925.9100959861388,926.6907958984375,1367600,0.0,0.0
2015-12-18 00:00:00+09:00,915.7609151992995,928.2521126785738,906.3925170898438,906.3925170898438,2054900,0.0,0.0
2015-12-21 00:00:00+09:00,897.0242287201407,897.8049286581042,882.1909298988329,894.68212890625,1854600,0.0,0.0
2015-12-22 00:00:00+09:00,884.5332689702824,894.6823709090412,882.1911685228765,891.5595703125,1428900,0.0,0.0
2015-12-24 00:00:00+09:00,887.6557386035421,889.2171383196434,864.2347428620238,865.796142578125,2322600,0.0,0.0
2015-12-25 00:00:00+09:00,865.7961425781251,865.7961425781251,865.7961425781251,865.796142578125,0,0.0,0.0
2015-12-28 00:00:00+09:00,854.0856551716034,879.8487508029224,854.0856551716034,875.9452514648438,1350500,0.0,0.0
2015-12-29 00:00:00+09:00,877.5067191558217,886.8751182927166,872.8225195873742,882.9716186523438,942400,0.0,0.0
2015-12-30 00:00:00+09:00,882.9718041239331,892.3402052286964,880.6297038477423,886.0946044921875,980300,0.0,0.0
2016-01-04 00:00:00+09:00,875.1646707224292,895.4628700433775,869.6997709052507,872.8225708007812,1143400,0.0,0.0
2016-01-05 00:00:00+09:00,874.3838492794906,886.0943472609124,871.2610498177781,873.6031494140625,1679300,0.0,0.0
2016-01-06 00:00:00+09:00,880.6294996044304,889.9978985363924,861.8927017405064,863.4541015625,1992300,0.0,0.0
2016-01-07 00:00:00+09:00,863.4541575437898,872.8225570831438,856.4278578892744,857.9892578125,1588400,0.0,0.0
2016-01-08 00:00:00+09:00,852.5242927739736,867.3575909083193,846.2786935595122,853.3049926757812,2060300,0.0,0.0
2016-01-12 00:00:00+09:00,847.0595589863885,854.8665595300419,832.2262579534472,833.0069580078125,3247600,0.0,0.0
2016-01-13 00:00:00+09:00,843.9367237452892,867.3577244042704,836.9104235475949,864.2349243164062,1511100,0.0,0.0
2016-01-14 00:00:00+09:00,850.9630167049213,857.2086168275262,836.9104164290602,855.647216796875,2131300,0.0,0.0
2016-01-15 00:00:00+09:00,865.0156169807824,871.2612171033873,851.7437167202469,855.647216796875,1773000,0.0,0.0
2016-01-18 00:00:00+09:00,840.0332584971005,843.1560587145618,829.1034577359859,833.0069580078125,1504900,0.0,0.0
2016-01-19 00:00:00+09:00,825.9805459481698,850.962944313332,825.9805459481698,843.1559448242188,1673200,0.0,0.0
2016-01-20 00:00:00+09:00,839.2523490589402,844.7172480760682,807.243654815762,809.5857543945312,1933100,0.0,0.0
2016-01-21 00:00:00+09:00,808.0243960293857,829.1032933171088,788.5068985407531,790.0682983398438,1486200,0.0,0.0
2016-01-22 00:00:00+09:00,813.4891486890388,824.4189453125,803.3400518243963,824.4189453125,1880000,0.0,0.0
2016-01-25 00:00:00+09:00,834.5683581165432,838.4718583883699,825.9806575185245,833.0069580078125,1465200,0.0,0.0
2016-01-26 00:00:00+09:00,828.3226837857079,831.4454837245796,816.6121840149392,818.173583984375,1603200,0.0,0.0
2016-01-27 00:00:00+09:00,835.3489453351057,843.1559448242188,829.1033457438151,843.1559448242188,1788400,0.0,0.0
2016-01-28 00:00:00+09:00,840.0331464897903,856.427845445446,836.9103466887129,844.7173461914062,1547100,0.0,0.0
2016-01-29 00:00:00+09:00,854.0855990421709,880.6293927966807,843.9365014301524,879.0679931640625,1736600,0.0,0.0
2016-02-01 00:00:00+09:00,902.4890178775705,908.7346166172076,892.3399199256601,906.3925170898438,1681200,0.0,0.0
2016-02-02 00:00:00+09:00,900.1470947265625,906.3926946899732,893.9014947631518,900.1470947265625,1332800,0.0,0.0
2016-02-03 00:00:00+09:00,889.9979095458984,889.9979095458984,868.1383117675781,874.3839111328125,1560300,0.0,0.0
2016-02-04 00:00:00+09:00,870.4802960427123,889.997791469679,869.6995962256336,879.8486938476562,1402400,0.0,0.0
2016-02-05 00:00:00+09:00,881.41015625,892.339954467449,870.480358032551,881.41015625,1328200,0.0,0.0
2016-02-08 00:00:00+09:00,907.9538511388442,959.4800370160272,905.6117517807904,955.5765380859375,4477400,0.0,0.0
2016-02-09 00:00:00+09:00,929.0329952669722,930.5943952590176,900.9277954101562,900.9277954101562,2297600,0.0,0.0
2016-02-10 00:00:00+09:00,897.8048968423006,904.0504961246819,854.0857018656321,862.6734008789062,2597100,0.0,0.0
2016-02-12 00:00:00+09:00,835.3488011373754,850.1820976061699,821.296204482728,822.076904296875,2354100,0.0,0.0
2016-02-15 00:00:00+09:00,857.2086014751719,915.7611015759351,854.8665014711414,907.9541015625,2008600,0.0,0.0
2016-02-16 00:00:00+09:00,895.4627764676292,913.4188739905197,894.6820765753296,903.269775390625,1574800,0.0,0.0
2016-02-17 00:00:00+09:00,892.3402052286964,909.5156072540956,873.60340301917,886.0946044921875,1433900,0.0,0.0
2016-02-18 00:00:00+09:00,907.9539980032711,935.2784949337221,900.9276987925837,926.6907958984375,1757700,0.0,0.0
2016-02-19 00:00:00+09:00,917.3223299733454,925.12932852631,908.7346315650842,920.4451293945312,1425300,0.0,0.0
2016-02-22 00:00:00+09:00,914.9802442059469,941.5240396863242,914.199544338877,933.717041015625,999100,0.0,0.0
2016-02-23 00:00:00+09:00,936.8399528077412,939.1820526897606,919.6645536729326,922.787353515625,1443900,0.0,0.0
2016-02-24 00:00:00+09:00,911.0769163493869,927.4716166435918,893.9015160411723,925.1295166015625,1465900,0.0,0.0
2016-02-25 00:00:00+09:00,930.594252012898,947.7696492815925,927.471452509499,943.8661499023438,1669300,0.0,0.0
2016-02-26 00:00:00+09:00,951.6731583378922,964.1643564785045,936.0591606621269,953.2345581054688,1943400,0.0,0.0
2016-02-29 00:00:00+09:00,961.8222345451214,964.1643341422281,931.3749397827353,932.1556396484375,1310300,0.0,0.0
2016-03-01 00:00:00+09:00,928.252197265625,929.813597092817,912.6381989937053,928.252197265625,886200,0.0,0.0
2016-03-02 00:00:00+09:00,948.5504732517838,949.3311732297688,931.3750737361137,945.4276733398438,1259400,0.0,0.0
2016-03-03 00:00:00+09:00,941.5241339898879,968.0679321289062,938.4013342088269,968.0679321289062,1117400,0.0,0.0
2016-03-04 00:00:00+09:00,964.9449697752747,986.0238647460938,961.8221705203384,986.0238647460938,971100,0.0,0.0
2016-03-07 00:00:00+09:00,986.8048109202211,993.8311109979759,978.2171108251875,988.3662109375,862200,0.0,0.0
2016-03-08 00:00:00+09:00,988.3662068684896,994.6118069118924,965.7259067111545,983.6820068359375,968900,0.0,0.0
2016-03-09 00:00:00+09:00,978.99763671875,1000.0765332031249,978.99763671875,995.392333984375,1426000,0.0,0.0
2016-03-10 00:00:00+09:00,1003.9801070741825,1014.9099060625484,999.2959075077399,1008.664306640625,1066200,0.0,0.0
2016-03-11 00:00:00+09:00,999.2956702968388,1014.1289654028075,996.1728713271611,1012.5675659179688,1440000,0.0,0.0
2016-03-14 00:00:00+09:00,1021.1554557490915,1028.1817547565392,1011.7870570724943,1020.374755859375,939000,0.0,0.0
2016-03-15 00:00:00+09:00,1016.4714965820312,1028.9626977689072,1010.2258959885933,1016.4714965820312,834600,0.0,0.0
2016-03-16 00:00:00+09:00,1007.1027840541187,1022.7167807061205,1007.1027840541187,1007.8834838867188,736600,0.0,0.0
2016-03-17 00:00:00+09:00,1011.7871531360555,1018.8134528106115,982.9012544739921,993.0503540039062,1191200,0.0,0.0
2016-03-18 00:00:00+09:00,990.7082569756104,996.9538567043771,980.5591574163647,996.1731567382812,1095900,0.0,0.0
2016-03-22 00:00:00+09:00,1011.0064739488255,1020.3748737074246,998.5152742706932,1015.690673828125,1052100,0.0,0.0
2016-03-23 00:00:00+09:00,1016.471229637062,1020.3747289828266,989.9274340858639,994.6116333007812,893900,0.0,0.0
2016-03-24 00:00:00+09:00,993.0500223550451,993.0500223550451,971.1904306679844,971.9711303710938,1337400,0.0,0.0
2016-03-25 00:00:00+09:00,971.1908047356678,982.9013047927699,966.506604712827,981.3399047851562,1019000,0.0,0.0
2016-03-28 00:00:00+09:00,989.1467342167109,999.2958325156985,975.8748364411118,994.6116333007812,1022600,0.0,0.0
2016-03-29 00:00:00+09:00,999.3709109833466,1006.5092746332276,985.0941836835844,1000.1640625,858400,20.0,0.0
2016-03-30 00:00:00+09:00,1003.3362837780624,1007.3020398404262,978.7485961914062,978.7485961914062,1091600,0.0,0.0
2016-03-31 00:00:00+09:00,987.4733788226811,988.2665301309723,970.0240500402722,973.1966552734375,1003300,0.0,0.0
2016-04-01 00:00:00+09:00,967.6445083424688,969.2308108151614,935.9184588886174,938.2979125976562,1437900,0.0,0.0
2016-04-04 00:00:00+09:00,941.470583870907,962.0925174687533,935.918524825333,945.4363403320312,1286600,0.0,0.0
2016-04-05 00:00:00+09:00,931.1596590007496,937.504869624264,916.8829350978419,917.6760864257812,1116200,0.0,0.0
2016-04-06 00:00:00+09:00,907.3652335198664,920.0556563662981,891.5022049618268,905.7789306640625,1231800,0.0,0.0
2016-04-07 00:00:00+09:00,895.46772702535,916.0896587371826,889.9156684875488,913.710205078125,1220400,0.0,0.0
2016-04-08 00:00:00+09:00,894.6744788917334,946.2293025867358,894.6744788917334,939.0909423828125,1481700,0.0,0.0
2016-04-11 00:00:00+09:00,931.1596092133449,935.9185169265306,915.2965835027258,934.3322143554688,740700,0.0,0.0
2016-04-12 00:00:00+09:00,930.3666479736941,958.9201000854187,925.6077392884066,949.4022827148438,1358600,0.0,0.0
2016-04-13 00:00:00+09:00,964.4721131859757,977.1625357278964,961.2995075504955,975.5762329101562,1080800,0.0,0.0
2016-04-14 00:00:00+09:00,990.6458224600871,1001.7499389648438,984.3006130287974,1001.7499389648438,1104600,0.0,0.0
2016-04-15 00:00:00+09:00,989.0595632509893,995.4047729590951,976.3691438347777,980.3348999023438,1292900,0.0,0.0
2016-04-18 00:00:00+09:00,941.4704155748826,970.0238569908016,941.4704155748826,961.2991943359375,800800,0.0,0.0
2016-04-19 00:00:00+09:00,987.4732083029705,994.6115688449197,981.1279989323491,990.6458129882812,666500,0.0,0.0
2016-04-20 00:00:00+09:00,995.4049001991654,1005.7158672928618,981.9213278458699,985.0939331054688,712500,0.0,0.0
2016-04-21 00:00:00+09:00,1000.1637006693459,1007.3020617367717,991.4390371424919,1005.7157592773438,1070100,0.0,0.0
2016-04-22 00:00:00+09:00,1005.7158316855105,1021.5788574218749,997.7843188173282,1021.578857421875,1472700,0.0,0.0
2016-04-25 00:00:00+09:00,1019.1993301824817,1024.7513887904797,1001.7500031287739,1005.7157592773438,696000,0.0,0.0
2016-04-26 00:00:00+09:00,1001.7499389648438,1008.0951483961334,994.611578354643,1001.7499389648438,577600,0.0,0.0
2016-04-27 00:00:00+09:00,1003.3365372281993,1003.3365372281993,975.5762377791976,984.3009033203125,839000,0.0,0.0
2016-04-28 00:00:00+09:00,992.2323359586237,1001.7501521308886,952.5747685741862,953.367919921875,1017800,0.0,0.0
2016-05-02 00:00:00+09:00,932.7459737486759,954.9542112188825,924.0213090282376,935.9185791015625,1615300,0.0,0.0
2016-05-06 00:00:00+09:00,939.0911226410094,940.6774252130381,921.6417943486933,935.1253662109375,1123600,0.0,0.0
2016-05-09 00:00:00+09:00,941.4703415185588,950.9881545751913,939.8840393424534,946.229248046875,735300,0.0,0.0
2016-05-10 00:00:00+09:00,949.40203979594,954.9540985081969,939.0910736160342,950.9883422851562,1055500,0.0,0.0
2016-05-11 00:00:00+09:00,959.7131322330459,966.0583430246693,947.022710649799,955.7473754882812,860900,0.0,0.0
2016-05-12 00:00:00+09:00,948.6087759288624,961.2991943359375,942.2635667253248,961.2991943359375,701800,0.0,0.0
2016-05-13 00:00:00+09:00,959.7131889055962,964.4720972803347,947.81591796875,947.81591796875,924100,0.0,0.0
2016-05-16 00:00:00+09:00,971.6103415501049,972.4034928493294,937.5048356834482,957.3336181640625,1821300,0.0,0.0
2016-05-17 00:00:00+09:00,956.5403012362393,978.7485337690873,947.0224872935902,977.1622314453125,1517600,0.0,0.0
2016-05-18 00:00:00+09:00,977.1623057786313,1004.9225985564333,973.9897008897397,993.8184814453125,1681200,0.0,0.0
2016-05-19 00:00:00+09:00,994.6117488842656,998.5775054587642,973.9898146968725,985.0939331054688,1021900,0.0,0.0
2016-05-20 00:00:00+09:00,985.0940014240566,997.784423342563,981.92139594443,996.9912719726562,994500,0.0,0.0
2016-05-23 00:00:00+09:00,984.3006546787157,985.0938058911885,958.126664667114,978.7485961914062,1519300,0.0,0.0
2016-05-24 00:00:00+09:00,974.7830797105202,982.7145937846497,967.6447170438036,972.4036254882812,850700,0.0,0.0
2016-05-25 00:00:00+09:00,989.0595547417978,989.8527059484873,967.6444721611815,970.02392578125,1085400,0.0,0.0
2016-05-26 00:00:00+09:00,983.5076222812245,983.5076222812245,969.2308987319809,973.1966552734375,938100,0.0,0.0
2016-05-27 00:00:00+09:00,989.8529741187797,1008.095456814879,985.0940655893625,1004.1296997070312,1801600,0.0,0.0
2016-05-30 00:00:00+09:00,1016.8200330111825,1062.029660063942,1010.4748221967602,1057.270751953125,2380900,0.0,0.0
2016-05-31 00:00:00+09:00,1058.0636116343842,1081.0649944960014,1049.338949169633,1072.34033203125,2213000,0.0,0.0
2016-06-01 00:00:00+09:00,1069.9612292665424,1070.7543806596236,1039.8214763294566,1046.9598388671875,1878800,0.0,0.0
2016-06-02 00:00:00+09:00,1039.0281810760498,1043.7870887756349,1012.0610374450683,1015.233642578125,1577200,0.0,0.0
2016-06-03 00:00:00+09:00,1023.9582628639168,1041.4075903488172,1019.199355368035,1038.2349853515625,1255200,0.0,0.0
2016-06-06 00:00:00+09:00,1017.6129263157658,1034.2691004799365,1003.3362056036193,1030.3033447265625,1022800,0.0,0.0
2016-06-07 00:00:00+09:00,1031.0966841671445,1044.5802561908688,1028.717230280605,1037.44189453125,1098600,0.0,0.0
2016-06-08 00:00:00+09:00,1040.6145030679224,1042.2008056640625,1028.7172335968714,1042.2008056640625,771300,0.0,0.0
2016-06-09 00:00:00+09:00,1041.407831847347,1046.9598918800443,1028.7174089154678,1031.8900146484375,821100,0.0,0.0
2016-06-10 00:00:00+09:00,1046.1662159478485,1063.6155387309059,1031.8894973071654,1062.8223876953125,2412100,0.0,0.0
2016-06-13 00:00:00+09:00,1046.95963351526,1059.650053315445,1018.4061889648438,1018.4061889648438,1684900,0.0,0.0
2016-06-14 00:00:00+09:00,1015.2336279880478,1024.7514432504358,990.6459385602122,995.4048461914062,1440800,0.0,0.0
2016-06-15 00:00:00+09:00,993.0255102480328,1003.3364780061993,987.4734506859432,989.0597534179688,1250200,0.0,0.0
2016-06-16 00:00:00+09:00,986.6802110369496,989.0596649220869,940.6774359242944,950.1952514648438,1494300,0.0,0.0
2016-06-17 00:00:00+09:00,946.229248046875,954.9539100154548,941.4703415185588,946.229248046875,1583500,0.0,0.0
2016-06-20 00:00:00+09:00,960.5062866210938,968.4378001357188,950.9884704035437,960.5062866210938,1540500,0.0,0.0
2016-06-21 00:00:00+09:00,948.6090793029734,970.0241672136593,944.6433222824761,965.2652587890625,1340100,0.0,0.0
2016-06-22 00:00:00+09:00,965.2650708371298,970.817129584755,952.5746508425578,958.9198608398438,1618200,0.0,0.0
2016-06-23 00:00:00+09:00,963.678716127734,970.02392578125,952.5745992340811,970.02392578125,944800,0.0,0.0
2016-06-24 00:00:00+09:00,977.9554504554169,988.2664162753038,898.64032876398,909.7444458007812,3052200,0.0,0.0
2016-06-27 00:00:00+09:00,921.6416954879146,923.2279978897872,879.6046818382938,887.5361938476562,2724700,0.0,0.0
2016-06-28 00:00:00+09:00,872.4663702387035,886.7430926607914,859.7759503079587,873.259521484375,2167000,0.0,0.0
2016-06-29 00:00:00+09:00,885.9498914457837,891.5019498523374,854.223843408334,887.5361938476562,3025800,0.0,0.0
2016-06-30 00:00:00+09:00,902.6061795124474,905.7787847128426,866.121219707902,871.6732788085938,2837500,0.0,0.0
2016-07-01 00:00:00+09:00,866.9144246606783,869.2938787082372,852.637700375324,860.5692138671875,2364000,0.0,0.0
2016-07-04 00:00:00+09:00,860.5691697862412,890.7089195114737,856.6034132434476,885.1568603515625,1879700,0.0,0.0
2016-07-05 00:00:00+09:00,882.7773388892817,882.7773388892817,868.5006164274604,876.43212890625,1687500,0.0,0.0
2016-07-06 00:00:00+09:00,862.1554571039536,865.3280622818891,853.4307928646313,862.9486083984375,1992800,0.0,0.0
2016-07-07 00:00:00+09:00,864.5349109874053,879.6047855825985,858.1897006315344,862.9486083984375,1660800,0.0,0.0
2016-07-08 00:00:00+09:00,867.7074651795815,885.9499438807975,867.7074651795815,876.43212890625,1817700,0.0,0.0
2016-07-11 00:00:00+09:00,876.43212890625,876.43212890625,876.43212890625,876.43212890625,0,0.0,0.0
2016-07-12 00:00:00+09:00,937.5048200689806,944.64318164311,926.4007020647795,935.1253662109375,1812800,0.0,0.0
2016-07-13 00:00:00+09:00,957.3336131202558,962.0925208905304,943.8500411044776,950.1952514648438,1988800,0.0,0.0
2016-07-14 00:00:00+09:00,954.1608139244286,973.196441134891,931.1594310451197,939.0909423828125,2431800,0.0,0.0
2016-07-15 00:00:00+09:00,943.0568099230298,958.1266832523297,916.0896681758616,925.6074829101562,2353100,0.0,0.0
2016-07-19 00:00:00+09:00,920.0554243151511,927.193785365872,906.571853441567,925.6074829101562,1918100,0.0,0.0
2016-07-20 00:00:00+09:00,920.0554673757696,920.0554673757696,893.0883243664798,901.81298828125,2062800,0.0,0.0
2016-07-21 00:00:00+09:00,916.8829637304366,966.85149895104,913.7103583196046,962.8857421875,2578000,0.0,0.0
2016-07-22 00:00:00+09:00,943.056884765625,958.1267592908957,939.8842796024101,943.056884765625,1478600,0.0,0.0
2016-07-25 00:00:00+09:00,943.0568002065023,945.4362538655599,909.7444489796957,913.710205078125,1561700,0.0,0.0
2016-07-26 00:00:00+09:00,908.951356150132,916.8828688565031,899.4335409024866,910.5376586914062,1475200,0.0,0.0
2016-07-27 00:00:00+09:00,920.8487510714237,928.7802648618754,911.3309345228819,914.5035400390625,1278500,0.0,0.0
2016-07-28 00:00:00+09:00,912.9170369610694,914.50333937108,888.3293496059059,893.0882568359375,1533500,0.0,0.0
2016-07-29 00:00:00+09:00,894.6746245449029,899.4335321222694,878.8115992870146,898.640380859375,1691300,0.0,0.0
2016-08-01 00:00:00+09:00,881.19098683032,894.6745572858694,868.500567578038,890.7088012695312,1536300,0.0,0.0
2016-08-02 00:00:00+09:00,889.9155219792251,893.0881263356573,881.1908599990367,884.3634643554688,1468700,0.0,0.0
2016-08-03 00:00:00+09:00,966.0584142289777,991.4392592661922,928.7802980805689,972.4036254882812,4998300,0.0,0.0
2016-08-04 00:00:00+09:00,981.9213038453269,1039.8213484177895,981.1281525498136,1037.44189453125,4773500,0.0,0.0
2016-08-05 00:00:00+09:00,1016.0267984141474,1027.1309164296026,1011.267890693238,1021.578857421875,2093300,0.0,0.0
2016-08-08 00:00:00+09:00,1031.096311783754,1041.4072749015913,1022.3716506840451,1029.510009765625,2515000,0.0,0.0
2016-08-09 00:00:00+09:00,1053.3048134136056,1093.7555253745197,1050.1322085539261,1058.063720703125,2507500,0.0,0.0
2016-08-10 00:00:00+09:00,1065.995379399492,1103.273491625516,1061.2364714557443,1092.9625244140625,2376100,0.0,0.0
2016-08-12 00:00:00+09:00,1092.1693033734753,1094.5487571934611,1072.3405215402604,1081.065185546875,1405000,0.0,0.0
2016-08-15 00:00:00+09:00,1074.7200937629536,1088.203666895035,1074.7200937629536,1076.306396484375,977200,0.0,0.0
2016-08-16 00:00:00+09:00,1076.3062661427307,1081.8583249953463,1063.6158459081812,1065.2021484375,907100,0.0,0.0
2016-08-17 00:00:00+09:00,1068.3748217557384,1079.4789401704231,1063.6159138637306,1075.51318359375,1173600,0.0,0.0
2016-08-18 00:00:00+09:00,1064.4088278166873,1086.6170596936377,1058.8567698474496,1080.2718505859375,1575900,0.0,0.0
2016-08-19 00:00:00+09:00,1086.6173681461767,1090.5831249642285,1073.133794964801,1082.651611328125,1044300,0.0,0.0
2016-08-22 00:00:00+09:00,1085.8240978371741,1088.996702944076,1067.5816184724881,1087.410400390625,916200,0.0,0.0
2016-08-23 00:00:00+09:00,1077.8928879273528,1100.894281415133,1073.9271304294598,1088.203857421875,1244900,0.0,0.0
2016-08-24 00:00:00+09:00,1100.893801634339,1124.6883362517958,1096.1348947108477,1104.06640625,1646000,0.0,0.0
2016-08-25 00:00:00+09:00,1101.6870733686487,1111.998039498089,1096.9281659242918,1102.480224609375,813000,0.0,0.0
2016-08-26 00:00:00+09:00,1093.7557353515624,1096.1351894531251,1081.0653134765626,1090.5831298828125,1090800,0.0,0.0
2016-08-29 00:00:00+09:00,1109.6185250080034,1110.411676205293,1096.9281058513716,1103.2733154296875,1006600,0.0,0.0
2016-08-30 00:00:00+09:00,1103.2736279747703,1119.929807836359,1094.5489623329856,1116.7572021484375,2381300,0.0,0.0
2016-08-31 00:00:00+09:00,1121.5158074575372,1121.5158074575372,1096.9281200238854,1120.72265625,1814900,0.0,0.0
2016-09-01 00:00:00+09:00,1116.757028508772,1134.2063570792216,1112.791272015488,1130.2406005859375,1191500,0.0,0.0
2016-09-02 00:00:00+09:00,1127.8611489063046,1134.206359308028,1123.8953924052278,1133.4132080078125,1132500,0.0,0.0
2016-09-05 00:00:00+09:00,1147.689993734293,1149.2762964208644,1126.2749074655812,1134.2064208984375,1113900,0.0,0.0
2016-09-06 00:00:00+09:00,1134.2063000215499,1137.3789050565751,1125.4816361752303,1135.7926025390625,864600,0.0,0.0
2016-09-07 00:00:00+09:00,1128.6542597702944,1165.1392182730588,1126.2748059548967,1161.1734619140625,2230100,0.0,0.0
2016-09-08 00:00:00+09:00,1165.9324280998328,1177.0365464626884,1146.1036453090194,1157.207763671875,1792500,0.0,0.0
2016-09-09 00:00:00+09:00,1162.7598368121317,1185.761225125605,1162.7598368121317,1177.8297119140625,1729300,0.0,0.0
2016-09-12 00:00:00+09:00,1162.7599399147482,1169.8983024380993,1143.724306519145,1147.6900634765625,1293400,0.0,0.0
2016-09-13 00:00:00+09:00,1153.2418766219723,1154.8281790657438,1135.7925497404844,1146.103515625,1074300,0.0,0.0
2016-09-14 00:00:00+09:00,1142.1380018840957,1155.6215755174496,1138.9653963233065,1144.5174560546875,1056300,0.0,0.0
2016-09-15 00:00:00+09:00,1127.8609493940305,1135.7924609931447,1088.2033913984599,1113.584228515625,1901300,0.0,0.0
2016-09-16 00:00:00+09:00,1121.5157996102114,1124.688404418161,1101.687019560526,1111.204833984375,1178800,0.0,0.0
2016-09-20 00:00:00+09:00,1103.2734564316063,1137.3789622738486,1103.2734564316063,1130.2406005859375,1354700,0.0,0.0
2016-09-21 00:00:00+09:00,1119.1365473918834,1139.7584823544553,1103.2735204975975,1137.3790283203125,1337300,0.0,0.0
2016-09-23 00:00:00+09:00,1138.9652781147558,1150.8625477329463,1129.4474624202037,1149.2762451171875,871400,0.0,0.0
2016-09-26 00:00:00+09:00,1148.4830804550438,1154.8282908442982,1128.654297988624,1130.2406005859375,1080100,0.0,0.0
2016-09-27 00:00:00+09:00,1118.3432829924145,1146.896728515625,1111.2049216116118,1146.896728515625,1007700,0.0,0.0
2016-09-28 00:00:00+09:00,1139.6582498644043,1147.7010039213162,1134.8325974302572,1146.896728515625,830400,20.0,0.0
2016-09-29 00:00:00+09:00,1218.4772718622444,1223.302924424075,1133.2240766032357,1145.2882080078125,4315500,0.0,0.0
2016-09-30 00:00:00+09:00,1127.5939259173563,1162.1777624469185,1117.942622699804,1154.135009765625,1660600,0.0,0.0
2016-10-03 00:00:00+09:00,1166.19937049018,1173.4378493414983,1151.7224127875434,1158.1566162109375,1278100,0.0,0.0
2016-10-04 00:00:00+09:00,1159.765030445772,1164.590682444853,1150.1137264476104,1162.1778564453125,724800,0.0,0.0
2016-10-05 00:00:00+09:00,1170.220689487717,1181.480544919214,1167.807863323825,1180.67626953125,1125900,0.0,0.0
2016-10-06 00:00:00+09:00,1183.8932645734194,1186.3060905202403,1166.1992076300667,1183.0889892578125,1147300,0.0,0.0
2016-10-07 00:00:00+09:00,1179.06787109375,1187.9149015044125,1172.6336671587228,1179.06787109375,916900,0.0,0.0
2016-10-11 00:00:00+09:00,1183.0894467935866,1187.9151005534516,1173.4381392738565,1184.697998046875,1353100,0.0,0.0
2016-10-12 00:00:00+09:00,1173.43786502661,1184.697721168058,1158.9609071304628,1160.5694580078125,1228400,0.0,0.0
2016-10-13 00:00:00+09:00,1177.4593204390183,1203.196136186319,1173.4379429785024,1191.936279296875,1850500,0.0,0.0
2016-10-14 00:00:00+09:00,1191.1319600142278,1228.9329067533695,1186.3063072390182,1223.302978515625,2208700,0.0,0.0
2016-10-17 00:00:00+09:00,1218.4773108406116,1230.541442631113,1212.043107219011,1227.3243408203125,1163000,0.0,0.0
2016-10-18 00:00:00+09:00,1233.7585756772523,1245.0184323001217,1227.3243718927556,1238.584228515625,1300900,0.0,0.0
2016-10-19 00:00:00+09:00,1239.3886875311534,1240.1929631233215,1224.1074512799582,1235.3673095703125,1240500,0.0,0.0
2016-10-20 00:00:00+09:00,1234.5627304195434,1245.822585941285,1230.5413534474928,1245.018310546875,1088000,0.0,0.0
2016-10-21 00:00:00+09:00,1242.6057439052322,1245.822846154825,1231.3458860316573,1234.56298828125,1047900,0.0,0.0
2016-10-24 00:00:00+09:00,1234.5626993340122,1253.0610329396684,1226.5199455924226,1240.192626953125,1517100,0.0,0.0
2016-10-25 00:00:00+09:00,1237.780014038086,1240.9971160888672,1218.4774017333984,1222.498779296875,1762500,0.0,0.0
2016-10-26 00:00:00+09:00,1229.7374110016706,1249.0400256936523,1224.1074817165093,1233.7587890625,1589900,0.0,0.0
2016-10-27 00:00:00+09:00,1237.7799527240486,1237.7799527240486,1222.498718739801,1232.1500244140625,1231600,0.0,0.0
2016-10-28 00:00:00+09:00,1254.6698907742834,1265.9297487684116,1249.0399617772193,1262.712646484375,2355800,0.0,0.0
2016-10-31 00:00:00+09:00,1260.2995588153813,1262.712385028812,1245.018326130319,1247.43115234375,1445100,0.0,0.0
2016-11-01 00:00:00+09:00,1241.8009933253413,1241.8009933253413,1224.1069377209649,1236.975341796875,1241700,0.0,0.0
2016-11-02 00:00:00+09:00,1240.192622426014,1242.6054485396833,1210.4344336907595,1214.455810546875,1843900,0.0,0.0
2016-11-04 00:00:00+09:00,1254.6698297464623,1331.880280807783,1253.0612786826848,1278.798095703125,7214800,0.0,0.0
2016-11-07 00:00:00+09:00,1310.9690704252034,1316.5989989485017,1282.8194278087112,1310.164794921875,3126900,0.0,0.0
2016-11-08 00:00:00+09:00,1314.9904175921865,1324.641723409377,1306.143387259762,1318.20751953125,1567900,0.0,0.0
2016-11-09 00:00:00+09:00,1303.7304143388142,1310.1646174940952,1216.8686717425205,1245.018310546875,3620800,0.0,0.0
2016-11-10 00:00:00+09:00,1308.5560615198494,1316.5988154320796,1278.7978720445979,1313.3817138671875,2488000,0.0,0.0
2016-11-11 00:00:00+09:00,1318.207627674588,1323.033280979071,1284.4280545432073,1290.0579833984375,1778200,0.0,0.0
2016-11-14 00:00:00+09:00,1306.9476929085617,1312.57762143186,1290.8621828419948,1310.164794921875,1095800,0.0,0.0
2016-11-15 00:00:00+09:00,1319.0116599209339,1335.09716796875,1310.1646304946348,1335.09716796875,1879600,0.0,0.0
2016-11-16 00:00:00+09:00,1347.9655438548248,1350.3783700073095,1333.488586939916,1336.7056884765625,2101600,0.0,0.0
2016-11-17 00:00:00+09:00,1333.4888890256357,1375.3112184763793,1328.663235627473,1372.0941162109375,2777500,0.0,0.0
2016-11-18 00:00:00+09:00,1381.7453467658722,1382.5496222878546,1319.01185605124,1321.4246826171875,2896300,0.0,0.0
2016-11-21 00:00:00+09:00,1321.424697820355,1336.7059329138347,1309.3605648518187,1323.8375244140625,2052200,0.0,0.0
2016-11-22 00:00:00+09:00,1335.0975809253061,1336.7061322276259,1316.5992409486303,1329.4676513671875,1954300,0.0,0.0
2016-11-24 00:00:00+09:00,1336.7058403961848,1342.33576872517,1314.9904025558137,1322.2288818359375,2056800,0.0,0.0
2016-11-25 00:00:00+09:00,1321.424621245234,1323.8374476991205,1287.6450508908215,1311.7733154296875,1839600,0.0,0.0
2016-11-28 00:00:00+09:00,1332.684106127872,1367.2679423158615,1329.4670050871289,1360.833740234375,3148300,0.0,0.0
2016-11-29 00:00:00+09:00,1343.944396863859,1360.0299072990938,1335.9016416462418,1353.595703125,2239000,0.0,0.0
2016-11-30 00:00:00+09:00,1359.2254053305464,1376.9194638614765,1351.182651452851,1375.3109130859375,3176200,0.0,0.0
2016-12-01 00:00:00+09:00,1401.0476520285483,1414.7203329036834,1388.1792464990094,1395.417724609375,3093000,0.0,0.0
2016-12-02 00:00:00+09:00,1414.7205182917887,1446.8915363313972,1388.1794284091116,1392.2008056640625,5144000,0.0,0.0
2016-12-05 00:00:00+09:00,1367.2681884765625,1381.7451457663142,1351.182680376838,1367.2681884765625,2996100,0.0,0.0
2016-12-06 00:00:00+09:00,1374.5066198781,1379.3322721421541,1350.3783585578292,1360.0296630859375,2320700,0.0,0.0
2016-12-07 00:00:00+09:00,1367.2683866371335,1391.3966522836713,1364.0512845509286,1385.7667236328125,1908700,0.0,0.0
2016-12-08 00:00:00+09:00,1397.0264450766824,1420.3504329334605,1396.2221696333452,1415.5247802734375,1788700,0.0,0.0
2016-12-09 00:00:00+09:00,1421.154649977716,1442.8700860554738,1415.5247221057045,1438.04443359375,1915200,0.0,0.0
2016-12-12 00:00:00+09:00,1450.108506996726,1466.9982899401155,1440.4572024576464,1460.5640869140625,2731900,0.0,0.0
2016-12-13 00:00:00+09:00,1456.542723593815,1466.1940282228188,1443.67431742181,1450.1085205078125,2317100,0.0,0.0
2016-12-14 00:00:00+09:00,1448.5001983642578,1462.9771575927734,1428.393310546875,1441.26171875,2357700,0.0,0.0
2016-12-15 00:00:00+09:00,1447.6960790848975,1449.304630283881,1397.0267163169262,1413.91650390625,2652500,0.0,0.0
2016-12-16 00:00:00+09:00,1430.8060766275316,1445.2830352443364,1421.9590463617067,1444.478759765625,2440800,0.0,0.0
2016-12-19 00:00:00+09:00,1442.870315782563,1442.870315782563,1424.3719784007353,1435.6318359375,1257900,0.0,0.0
2016-12-20 00:00:00+09:00,1406.6774302089275,1414.7201828116088,1392.2004755241014,1409.89453125,2153000,0.0,0.0
2016-12-21 00:00:00+09:00,1415.5244701867816,1421.1543970568428,1397.0261390422952,1399.43896484375,1750800,0.0,0.0
2016-12-22 00:00:00+09:00,1397.0264439714065,1405.873473841116,1367.2682525914743,1402.6563720703125,1823800,0.0,0.0
2016-12-26 00:00:00+09:00,1368.876682140209,1401.8519723680283,1360.0296530546964,1389.787841796875,1573300,0.0,0.0
2016-12-27 00:00:00+09:00,1397.026734175056,1404.2652146630096,1388.179702467557,1390.592529296875,860600,0.0,0.0
2016-12-28 00:00:00+09:00,1387.375063308672,1414.7204268753358,1387.375063308672,1403.4605712890625,976800,0.0,0.0
2016-12-29 00:00:00+09:00,1399.4392245320569,1414.7204574436137,1391.3964703680795,1401.85205078125,1083200,0.0,0.0
2016-12-30 00:00:00+09:00,1388.1793077412935,1402.6562646007044,1384.96220621698,1398.6348876953125,779500,0.0,0.0
2017-01-04 00:00:00+09:00,1414.7204597442922,1421.9589385036431,1409.894807238058,1421.1546630859375,2310500,0.0,0.0
2017-01-05 00:00:00+09:00,1425.980514372238,1442.0660249686534,1421.9591367231342,1433.218994140625,1248800,0.0,0.0
2017-01-06 00:00:00+09:00,1427.5888287333592,1479.062454107407,1424.3717271474811,1478.2581787109375,2349300,0.0,0.0
2017-01-10 00:00:00+09:00,1471.8239264006913,1486.3008830538129,1453.3255928994804,1458.1512451171875,1725800,0.0,0.0
2017-01-11 00:00:00+09:00,1462.9768973348948,1465.3897234437484,1457.3469697475696,1458.1512451171875,843300,0.0,0.0
2017-01-12 00:00:00+09:00,1449.3042451220622,1453.3256220508138,1436.4358389500571,1450.1085205078125,1003600,0.0,0.0
2017-01-13 00:00:00+09:00,1443.674210154838,1455.7383400447113,1433.2186309169476,1446.0870361328125,1149100,0.0,0.0
2017-01-16 00:00:00+09:00,1446.0874648271981,1446.0874648271981,1417.9378200724975,1423.5677490234375,1423100,0.0,0.0
2017-01-17 00:00:00+09:00,1413.9161029391817,1420.3503059104637,1388.9835664254647,1389.787841796875,1870900,0.0,0.0
2017-01-18 00:00:00+09:00,1373.7024390743304,1387.3751214304566,1364.0511338817705,1380.94091796875,1797300,0.0,0.0
2017-01-19 00:00:00+09:00,1386.5705885341401,1401.0475436348447,1378.5278357004156,1391.396240234375,1863500,0.0,0.0
2017-01-20 00:00:00+09:00,1376.1152374565227,1408.2862541124318,1376.1152374565227,1401.85205078125,1190500,0.0,0.0
2017-01-23 00:00:00+09:00,1380.9407670595913,1399.4390999905002,1377.7236656803027,1388.9835205078125,883800,0.0,0.0
2017-01-24 00:00:00+09:00,1406.6779024856726,1414.720657788621,1391.3966674100707,1394.61376953125,1344900,0.0,0.0
2017-01-25 00:00:00+09:00,1413.9160760337977,1417.9374528143262,1403.4604964044238,1410.698974609375,1040400,0.0,0.0
2017-01-26 00:00:00+09:00,1428.3932507243378,1458.955718926773,1422.7633223712576,1457.34716796875,1674000,0.0,0.0
2017-01-27 00:00:00+09:00,1459.76010208771,1462.172928702731,1435.6318359375,1435.6318359375,1153000,0.0,0.0
2017-01-30 00:00:00+09:00,1448.5001983642578,1450.9130249023438,1439.6531677246094,1441.26171875,824100,0.0,0.0
2017-01-31 00:00:00+09:00,1425.1758431099556,1433.2185961749103,1419.5459159644874,1428.3929443359375,1006100,0.0,0.0
2017-02-01 00:00:00+09:00,1421.154649977716,1442.0658106451865,1412.3076204645554,1438.04443359375,926300,0.0,0.0
2017-02-02 00:00:00+09:00,1432.414503240261,1434.023054058049,1416.3289950623805,1418.7418212890625,1047300,0.0,0.0
2017-02-03 00:00:00+09:00,1421.9588308518373,1425.9802076359206,1409.090425142771,1417.1331787109375,975200,0.0,0.0
2017-02-06 00:00:00+09:00,1419.546052826597,1432.4144589712005,1400.2434436096912,1430.805908203125,1390000,0.0,0.0
2017-02-07 00:00:00+09:00,1447.695792061942,1447.695792061942,1315.7946198962984,1351.1827392578125,4224300,0.0,0.0
2017-02-08 00:00:00+09:00,1363.2465359846562,1368.0721874394692,1344.7482054078732,1362.4422607421875,2061000,0.0,0.0
2017-02-09 00:00:00+09:00,1367.2679903365668,1375.3107432208994,1360.8337880291006,1368.072265625,1330300,0.0,0.0
2017-02-10 00:00:00+09:00,1385.76657056503,1388.1793968631698,1370.485337343477,1380.94091796875,1051800,0.0,0.0
2017-02-13 00:00:00+09:00,1385.7664204622208,1397.0262753005672,1380.9407683886436,1395.417724609375,803600,0.0,0.0
2017-02-14 00:00:00+09:00,1395.4181829555107,1395.4181829555107,1383.3540488089213,1390.592529296875,1098000,0.0,0.0
2017-02-15 00:00:00+09:00,1399.439485467193,1401.0480365999138,1366.4641872464142,1372.0941162109375,1487300,0.0,0.0
2017-02-16 00:00:00+09:00,1362.4425965794978,1369.681075545977,1353.5955667315789,1364.0511474609375,1306300,0.0,0.0
2017-02-17 00:00:00+09:00,1360.0297856591883,1368.8768156072965,1345.5528275622837,1366.4639892578125,1130700,0.0,0.0
2017-02-20 00:00:00+09:00,1356.812697873212,1360.8340751638855,1343.9442905430571,1349.57421875,1167400,0.0,0.0
2017-02-21 00:00:00+09:00,1343.1399100683652,1359.2254179733754,1336.705706906361,1358.421142578125,1320100,0.0,0.0
2017-02-22 00:00:00+09:00,1365.659835951426,1367.2683869949494,1347.9657744726678,1353.595703125,1036800,0.0,0.0
2017-02-23 00:00:00+09:00,1356.0083163923734,1360.029693368626,1344.748460858866,1358.421142578125,796300,0.0,0.0
2017-02-24 00:00:00+09:00,1347.161314706808,1353.59551800093,1331.880081883268,1337.510009765625,1475400,0.0,0.0
2017-02-27 00:00:00+09:00,1324.6417091424516,1343.9443205689356,1315.7946789053133,1341.531494140625,1329300,0.0,0.0
2017-02-28 00:00:00+09:00,1342.3360617857447,1343.1403374369045,1328.6633757160275,1329.4676513671875,1283600,0.0,0.0
2017-03-01 00:00:00+09:00,1331.879916144274,1344.748321131175,1325.4457136508233,1343.1397705078125,891700,0.0,0.0
2017-03-02 00:00:00+09:00,1357.6168235814628,1372.0937802310282,1343.9441423013177,1370.4852294921875,1287700,0.0,0.0
2017-03-03 00:00:00+09:00,1350.3785234808631,1350.3785234808631,1315.794678031383,1322.2288818359375,2605800,0.0,0.0
2017-03-06 00:00:00+09:00,1314.1860030562789,1314.9902784559463,1295.6876688639322,1302.9261474609375,1450300,0.0,0.0
2017-03-07 00:00:00+09:00,1299.7091368494423,1301.3176877613846,1287.6450050098745,1298.1005859375,1686300,0.0,0.0
2017-03-08 00:00:00+09:00,1290.8620029129431,1317.4030908233026,1290.0577275217202,1313.3817138671875,1852500,0.0,0.0
2017-03-09 00:00:00+09:00,1300.5132931440305,1322.228728465545,1300.5132931440305,1317.403076171875,1230000,0.0,0.0
2017-03-10 00:00:00+09:00,1331.0757714843749,1333.48859765625,1303.7304082031249,1306.947509765625,1505000,0.0,0.0
2017-03-13 00:00:00+09:00,1303.7305458978435,1328.6630856404918,1302.9262704222742,1322.2288818359375,1140500,0.0,0.0
2017-03-14 00:00:00+09:00,1327.0546111968124,1335.9016419381246,1322.2289580651877,1327.85888671875,773800,0.0,0.0
2017-03-15 00:00:00+09:00,1327.0546111968124,1333.4888153723123,1325.4460601529374,1327.85888671875,664000,0.0,0.0
2017-03-16 00:00:00+09:00,1322.2289580651877,1329.4674377626247,1316.5990294116255,1327.85888671875,894000,0.0,0.0
2017-03-17 00:00:00+09:00,1314.990263671875,1318.207365234375,1298.904755859375,1306.947509765625,1567000,0.0,0.0
2017-03-21 00:00:00+09:00,1312.577862692831,1331.880478320667,1303.730830530073,1329.4676513671875,1183700,0.0,0.0
2017-03-22 00:00:00+09:00,1306.9475683930073,1319.0116997935581,1282.8193055919057,1284.4278564453125,1581200,0.0,0.0
2017-03-23 00:00:00+09:00,1279.602371389435,1286.0365756453214,1267.5382384096476,1272.3638916015625,1375500,0.0,0.0
2017-03-24 00:00:00+09:00,1275.5809937295057,1281.2109224534065,1264.3211362817044,1272.3638916015625,1437900,0.0,0.0
2017-03-27 00:00:00+09:00,1267.5380253659018,1283.6235333020174,1256.278169810621,1270.755126953125,1530500,0.0,0.0
2017-03-28 00:00:00+09:00,1280.406343267205,1289.2533720209358,1273.972140537219,1288.4490966796875,1352300,0.0,0.0
2017-03-29 00:00:00+09:00,1294.9646520464012,1302.2946406428903,1281.1191180308108,1289.2635498046875,1372600,20.0,0.0
2017-03-30 00:00:00+09:00,1272.974613658169,1274.6034999200476,1250.1702059918678,1253.427978515625,1883600,0.0,0.0
2017-03-31 00:00:00+09:00,1254.2425668015876,1254.2425668015876,1213.5204055417958,1215.1492919921875,2638500,0.0,0.0
2017-04-03 00:00:00+09:00,1229.809151877678,1242.0257990817609,1204.5614143225732,1235.51025390625,1819200,0.0,0.0
2017-04-04 00:00:00+09:00,1228.9950835834154,1231.4384137694658,1205.3762251182602,1215.9639892578125,1679100,0.0,0.0
2017-04-05 00:00:00+09:00,1222.479594876402,1233.8818029565284,1215.9640474020441,1220.8507080078125,1477700,0.0,0.0
2017-04-06 00:00:00+09:00,1220.0359646670324,1228.1803970079338,1200.489327048869,1206.1904296875,1522200,0.0,0.0
2017-04-07 00:00:00+09:00,1210.262370562521,1216.7779149531673,1201.3034970253827,1203.746826171875,1466900,0.0,0.0
2017-04-10 00:00:00+09:00,1213.5205568039298,1225.7372067046406,1211.8916701505018,1217.5927734375,1518700,0.0,0.0
2017-04-11 00:00:00+09:00,1203.7473339183912,1220.0362017657305,1195.6028999947214,1205.376220703125,1560200,0.0,0.0
2017-04-12 00:00:00+09:00,1194.7882112798002,1198.0459841803586,1175.2415738764496,1185.014892578125,1744000,0.0,0.0
2017-04-13 00:00:00+09:00,1173.6126776148233,1189.0870987631104,1165.4682454315143,1184.200439453125,1576900,0.0,0.0
2017-04-14 00:00:00+09:00,1177.6850291547557,1187.4583488987787,1171.1694826587404,1175.24169921875,1028300,0.0,0.0
2017-04-17 00:00:00+09:00,1164.6537238367696,1179.3137007801695,1159.7670648556361,1177.684814453125,2033600,0.0,0.0
2017-04-18 00:00:00+09:00,1183.3857032963267,1185.8290323464912,1149.179096594024,1160.581298828125,2641600,0.0,0.0
2017-04-19 00:00:00+09:00,1156.50927734375,1173.6125835579885,1149.1792889662192,1156.50927734375,2267600,0.0,0.0
2017-04-20 00:00:00+09:00,1152.4372698574664,1161.3961461602453,1136.9628471526664,1143.4783935546875,2569100,0.0,0.0
2017-04-21 00:00:00+09:00,1143.4784911073418,1156.5095850230948,1139.4062742586689,1151.6229248046875,2285300,0.0,0.0
2017-04-24 00:00:00+09:00,1164.6540995558648,1195.6029497538527,1154.8807784407106,1189.08740234375,2273400,0.0,0.0
2017-04-25 00:00:00+09:00,1185.0149868788876,1203.7471825477637,1185.0149868788876,1202.9327392578125,1325900,0.0,0.0
2017-04-26 00:00:00+09:00,1215.9637907116619,1247.7270779439157,1214.334904186931,1229.809326171875,1781500,0.0,0.0
2017-04-27 00:00:00+09:00,1229.8091742117515,1236.3247195055885,1221.664742594455,1227.3658447265625,1163800,0.0,0.0
2017-04-28 00:00:00+09:00,1231.4379599041833,1240.3968339511055,1216.7779841910383,1219.2213134765625,1826200,0.0,0.0
2017-05-01 00:00:00+09:00,1221.6651514421073,1227.3662554821706,1215.9640474020441,1220.8507080078125,1010100,0.0,0.0
2017-05-02 00:00:00+09:00,1228.9947945504257,1259.9436362952342,1222.4792489199397,1252.6136474609375,1817900,0.0,0.0
2017-05-08 00:00:00+09:00,1278.675753774367,1281.933526395448,1262.386890668961,1266.4591064453125,2225200,0.0,0.0
2017-05-09 00:00:00+09:00,1259.94356120315,1268.087992755853,1252.6135728057175,1266.4591064453125,1497800,0.0,0.0
2017-05-10 00:00:00+09:00,1275.4180841390655,1281.9336299073366,1258.314776497354,1264.830322265625,1322200,0.0,0.0
2017-05-11 00:00:00+09:00,1260.7584187958062,1261.572862218801,1231.4384555679967,1250.170654296875,2141200,0.0,0.0
2017-05-12 00:00:00+09:00,1246.0981961763823,1274.6037104679988,1244.4693096454328,1270.531494140625,2196800,0.0,0.0
2017-05-15 00:00:00+09:00,1180.9424040052625,1187.4579483032226,1151.6224546644423,1172.7979736328125,5562500,0.0,0.0
2017-05-16 00:00:00+09:00,1172.7981680095818,1186.6437019374728,1163.8392931150643,1168.7259521484375,3100200,0.0,0.0
2017-05-17 00:00:00+09:00,1163.0248102152123,1185.0147751142395,1161.3959239263954,1165.4681396484375,2847800,0.0,0.0
2017-05-18 00:00:00+09:00,1147.550402660101,1161.3959362621038,1141.8493005886883,1156.50927734375,2225500,0.0,0.0
2017-05-19 00:00:00+09:00,1164.653851687489,1166.2827381933457,1149.9938731347793,1158.1383056640625,1513400,0.0,0.0
2017-05-22 00:00:00+09:00,1143.477977353889,1144.2924203577022,1118.230244235676,1129.6324462890625,3229500,0.0,0.0
2017-05-23 00:00:00+09:00,1121.488129061903,1126.374787576334,1115.7870274617335,1119.0447998046875,1490200,0.0,0.0
2017-05-24 00:00:00+09:00,1130.447265625,1141.0350281992976,1123.9317194254324,1130.447265625,1870900,0.0,0.0
2017-05-25 00:00:00+09:00,1132.075794772707,1148.3646551291488,1124.7458076123082,1141.03466796875,2046700,0.0,0.0
2017-05-26 00:00:00+09:00,1141.0349973525679,1161.3960786757757,1139.4061108467113,1158.1383056640625,2332600,0.0,0.0
2017-05-29 00:00:00+09:00,1159.766979608988,1173.612512371174,1149.9936623650922,1150.80810546875,1524100,0.0,0.0
2017-05-30 00:00:00+09:00,1149.1793186297655,1162.2104094150782,1146.7359891075193,1158.95263671875,1049300,0.0,0.0
2017-05-31 00:00:00+09:00,1141.0351951734874,1154.8807328736655,1138.5918649911032,1144.29296875,3045600,0.0,0.0
2017-06-01 00:00:00+09:00,1149.9935685899522,1193.9734926011827,1145.1069103664822,1172.7979736328125,2401100,0.0,0.0
2017-06-02 00:00:00+09:00,1148.364911851492,1171.9837646484375,1142.6638094522293,1171.9837646484375,2729300,0.0,0.0
2017-06-05 00:00:00+09:00,1167.9117379238871,1167.9117379238871,1146.7362112948629,1157.323974609375,1477600,0.0,0.0
2017-06-06 00:00:00+09:00,1159.7672495879365,1159.7672495879365,1141.0350538431876,1142.6639404296875,1924400,0.0,0.0
2017-06-07 00:00:00+09:00,1141.8494406054963,1162.210521928704,1135.3338945820697,1158.1383056640625,1510100,0.0,0.0
2017-06-08 00:00:00+09:00,1159.7670499559858,1163.8392657212808,1152.437061578455,1156.50927734375,1109800,0.0,0.0
2017-06-09 00:00:00+09:00,1149.1795412905194,1160.5817479369173,1149.1795412905194,1157.323974609375,1415500,0.0,0.0
2017-06-12 00:00:00+09:00,1150.808486136508,1167.9117969708084,1150.808486136508,1162.210693359375,1147400,0.0,0.0
2017-06-13 00:00:00+09:00,1167.0974961523305,1198.8607915814587,1162.21083531708,1194.78857421875,2280500,0.0,0.0
2017-06-14 00:00:00+09:00,1198.0461119548033,1200.489441890809,1169.5405960347366,1175.24169921875,1856800,0.0,0.0
2017-06-15 00:00:00+09:00,1176.0559579073931,1193.9737079586137,1173.6126283549538,1180.128173828125,1342000,0.0,0.0
2017-06-16 00:00:00+09:00,1185.0148696639026,1195.6026313859857,1181.7570968263385,1193.1593017578125,1246100,0.0,0.0
2017-06-19 00:00:00+09:00,1195.6025762429456,1209.4481101640151,1193.9736898992903,1208.6336669921875,880000,0.0,0.0
2017-06-20 00:00:00+09:00,1220.8503945685584,1228.1803835953208,1213.5204055417958,1215.1492919921875,1670900,0.0,0.0
2017-06-21 00:00:00+09:00,1211.8915088763754,1211.8915088763754,1179.3137801431396,1184.200439453125,1668500,0.0,0.0
2017-06-22 00:00:00+09:00,1185.0149089483439,1204.5615466217187,1185.0149089483439,1196.4171142578125,1213800,0.0,0.0
2017-06-23 00:00:00+09:00,1198.0459057584285,1209.4481101640151,1196.4170194147732,1208.6336669921875,1372200,0.0,0.0
2017-06-26 00:00:00+09:00,1211.8917138639038,1221.6650341369998,1209.4483837956298,1211.0772705078125,829300,0.0,0.0
2017-06-27 00:00:00+09:00,1219.22148822554,1219.22148822554,1207.0048400469273,1213.5203857421875,1066000,0.0,0.0
2017-06-28 00:00:00+09:00,1213.520358845339,1213.520358845339,1197.2314949682204,1201.3037109375,920900,0.0,0.0
2017-06-29 00:00:00+09:00,1208.6340564933914,1222.479594876402,1197.2318484132652,1220.8507080078125,1442800,0.0,0.0
2017-06-30 00:00:00+09:00,1211.8917139446926,1235.5105712729157,1207.8194971639643,1231.4383544921875,2051000,0.0,0.0
2017-07-03 00:00:00+09:00,1231.4384182021913,1233.067304998755,1220.8506540245269,1226.5517578125,1335700,0.0,0.0
2017-07-04 00:00:00+09:00,1233.8813900203995,1242.025821637696,1221.664742594455,1227.3658447265625,1191200,0.0,0.0
2017-07-05 00:00:00+09:00,1227.3660122127983,1242.025991124431,1226.55156893993,1241.2115478515625,1115300,0.0,0.0
2017-07-06 00:00:00+09:00,1246.0982862029314,1264.8304826621911,1242.026069581353,1247.7271728515625,2140300,0.0,0.0
2017-07-07 00:00:00+09:00,1231.438482421875,1233.0673693033855,1216.7785004882812,1221.6651611328125,1320300,0.0,0.0
2017-07-10 00:00:00+09:00,1233.8814796306842,1239.5825821768326,1228.1803770845358,1234.6959228515625,1153100,0.0,0.0
2017-07-11 00:00:00+09:00,1206.1904905542835,1210.2627069302264,1146.7361314655172,1180.9427490234375,5559100,0.0,0.0
2017-07-12 00:00:00+09:00,1174.4272950231082,1188.2728317882904,1171.1695216665948,1178.49951171875,1647600,0.0,0.0
2017-07-13 00:00:00+09:00,1180.9426368802765,1185.8292960673673,1176.8704208910342,1181.757080078125,959000,0.0,0.0
2017-07-14 00:00:00+09:00,1184.2003646010367,1202.9325574386046,1175.2414897656781,1198.0458984375,1194800,0.0,0.0
2017-07-17 00:00:00+09:00,1198.0458984375,1198.0458984375,1198.0458984375,1198.0458984375,0,0.0,0.0
2017-07-18 00:00:00+09:00,1192.3449213395304,1197.231580853217,1181.7571590598761,1188.272705078125,1354400,0.0,0.0
2017-07-19 00:00:00+09:00,1190.7159324400561,1195.6025915335174,1186.6437165288385,1189.9014892578125,1061800,0.0,0.0
2017-07-20 00:00:00+09:00,1193.1598377876542,1204.5620478415976,1186.6442891854008,1197.2320556640625,949400,0.0,0.0
2017-07-21 00:00:00+09:00,1194.7882510963739,1198.8604673577793,1185.0149320690005,1188.272705078125,750600,0.0,0.0
2017-07-24 00:00:00+09:00,1181.757225952572,1183.3861125493363,1170.3550197752213,1173.61279296875,632800,0.0,0.0
2017-07-25 00:00:00+09:00,1172.7982078483321,1177.6848670477002,1168.725991848859,1171.9837646484375,1035300,0.0,0.0
2017-07-26 00:00:00+09:00,1180.128272555314,1195.602694348655,1170.3549535279408,1188.272705078125,1390200,0.0,0.0
2017-07-27 00:00:00+09:00,1189.0870308683245,1220.8503145696018,1188.272587696497,1208.6336669921875,2106300,0.0,0.0
2017-07-28 00:00:00+09:00,1204.5616258377147,1209.4482855774215,1194.7883063583013,1202.9327392578125,1420000,0.0,0.0
2017-07-31 00:00:00+09:00,1207.0050537273557,1215.9639306443605,1199.675063522534,1211.0772705078125,1274900,0.0,0.0
2017-08-01 00:00:00+09:00,1211.0770362936041,1223.293684272356,1204.5614907049364,1211.8914794921875,1338800,0.0,0.0
2017-08-02 00:00:00+09:00,1219.2217040687258,1221.6650341369998,1202.118393590808,1211.0772705078125,1061700,0.0,0.0
2017-08-03 00:00:00+09:00,1206.1906685136105,1220.0362062345635,1205.3762251182602,1215.9639892578125,1254200,0.0,0.0
2017-08-04 00:00:00+09:00,1167.9117431640625,1182.5717232037787,1139.4062264201698,1167.9117431640625,5383900,0.0,0.0
2017-08-07 00:00:00+09:00,1167.9114133571306,1194.7880358402447,1164.653640934935,1190.7158203125,2310200,0.0,0.0
2017-08-08 00:00:00+09:00,1195.6024169921875,1207.004619879034,1186.6435432953795,1195.6024169921875,1958500,0.0,0.0
2017-08-09 00:00:00+09:00,1200.48915978634,1206.1902616306443,1179.313638650353,1182.5714111328125,1568400,0.0,0.0
2017-08-10 00:00:00+09:00,1176.0563075235445,1189.9018457700129,1174.4274206710188,1189.08740234375,1530600,0.0,0.0
2017-08-11 00:00:00+09:00,1189.08740234375,1189.08740234375,1189.08740234375,1189.08740234375,0,0.0,0.0
2017-08-14 00:00:00+09:00,1183.3860465048401,1183.3860465048401,1156.509419158206,1158.1383056640625,2872500,0.0,0.0
2017-08-15 00:00:00+09:00,1158.9528664731247,1180.9428365326992,1157.3239798020452,1167.9117431640625,1661200,0.0,0.0
2017-08-16 00:00:00+09:00,1167.911758001338,1201.3039351826872,1163.839541271905,1179.31396484375,1802600,0.0,0.0
2017-08-17 00:00:00+09:00,1187.458261825844,1196.417137600936,1184.2004888167194,1188.272705078125,1307900,0.0,0.0
2017-08-18 00:00:00+09:00,1171.1694826587404,1195.6027820187976,1167.9117094107328,1175.24169921875,1671000,0.0,0.0
2017-08-21 00:00:00+09:00,1181.7569680121976,1198.0458304244953,1180.1280817709678,1182.5714111328125,1658600,0.0,0.0
2017-08-22 00:00:00+09:00,1180.942715807595,1193.9738078440926,1180.942715807595,1188.272705078125,1147500,0.0,0.0
2017-08-23 00:00:00+09:00,1198.0460303762686,1224.1082145856774,1195.6027006066365,1198.8604736328125,1934300,0.0,0.0
2017-08-24 00:00:00+09:00,1223.2935125321305,1272.1600975866763,1210.2624231842515,1257.5001220703125,4912800,0.0,0.0
2017-08-25 00:00:00+09:00,1259.9436362952342,1277.0469435752602,1250.984761053316,1252.6136474609375,2106700,0.0,0.0
2017-08-28 00:00:00+09:00,1260.7580117984694,1277.8613181600765,1249.355807557398,1277.046875,1739200,0.0,0.0
2017-08-29 00:00:00+09:00,1250.9846963367609,1277.0468775104434,1250.9846963367609,1267.2735595703125,1373100,0.0,0.0
2017-08-30 00:00:00+09:00,1270.5315001936983,1282.7481492340223,1263.201510769504,1281.1192626953125,1154600,0.0,0.0
2017-08-31 00:00:00+09:00,1286.0059912572933,1300.6659708916386,1286.0059912572933,1286.8204345703125,1334800,0.0,0.0
2017-09-01 00:00:00+09:00,1288.4492521195068,1295.7792415437013,1279.4903761566027,1281.1192626953125,1229800,0.0,0.0
2017-09-04 00:00:00+09:00,1276.2324065072903,1276.2324065072903,1251.7991121899843,1255.056884765625,1141000,0.0,0.0
2017-09-05 00:00:00+09:00,1255.056976176039,1256.685862582497,1222.479248046875,1222.479248046875,1588900,0.0,0.0
2017-09-06 00:00:00+09:00,1211.89132561999,1224.9224151427857,1206.190223953767,1219.2213134765625,1526500,0.0,0.0
2017-09-07 00:00:00+09:00,1224.108369140625,1246.912783203125,1219.221708984375,1242.026123046875,1957000,0.0,0.0
2017-09-08 00:00:00+09:00,1231.4384182021913,1237.1395219901644,1221.6650974228087,1226.5517578125,1031400,0.0,0.0
2017-09-11 00:00:00+09:00,1246.0981578713895,1250.1703740735836,1233.8815092648072,1237.1392822265625,994900,0.0,0.0
2017-09-12 00:00:00+09:00,1251.7993894731408,1256.6860494190346,1244.4693995543,1247.7271728515625,776400,0.0,0.0
2017-09-13 00:00:00+09:00,1250.1704733070787,1255.871576442681,1243.6549268663905,1245.2838134765625,579400,0.0,0.0
2017-09-14 00:00:00+09:00,1249.355890799041,1251.7992204420636,1233.8814697265625,1233.8814697265625,820500,0.0,0.0
2017-09-15 00:00:00+09:00,1224.1081344533332,1237.9536689082279,1219.2214752339585,1222.479248046875,1679000,0.0,0.0
2017-09-18 00:00:00+09:00,1222.479248046875,1222.479248046875,1222.479248046875,1222.479248046875,0,0.0,0.0
2017-09-19 00:00:00+09:00,1221.664742594455,1231.4380605352108,1210.2625383302402,1227.3658447265625,1748800,0.0,0.0
2017-09-20 00:00:00+09:00,1222.479467625573,1222.479467625573,1179.3139701011523,1210.2628173828125,2781000,0.0,0.0
2017-09-21 00:00:00+09:00,1214.3350150561475,1233.8816551375342,1204.5616950154542,1228.9949951171875,1993500,0.0,0.0
2017-09-22 00:00:00+09:00,1232.2527192298403,1235.5104924465747,1217.5927397545347,1224.9227294921875,1012000,0.0,0.0
2017-09-25 00:00:00+09:00,1229.8094046571352,1237.95383780056,1220.850528199368,1236.324951171875,899200,0.0,0.0
2017-09-26 00:00:00+09:00,1237.9534396488211,1246.0978701728266,1227.3656799676141,1243.654541015625,1479800,0.0,0.0
2017-09-27 00:00:00+09:00,1259.3346770901371,1268.4124499918355,1248.6064000244937,1263.4609375,1076100,20.0,0.0
2017-09-28 00:00:00+09:00,1267.5869582794307,1279.1404852429152,1260.1596909457623,1275.8394775390625,1325500,0.0,0.0
2017-09-29 00:00:00+09:00,1279.1407189599734,1299.7720208786825,1277.4902148064766,1297.2962646484375,2133000,0.0,0.0
2017-10-02 00:00:00+09:00,1304.7235107421875,1308.849771054465,1297.2962421800876,1304.7235107421875,1055400,0.0,0.0
2017-10-03 00:00:00+09:00,1307.1990878832175,1313.8011034785873,1299.7718203384266,1305.548583984375,764000,0.0,0.0
2017-10-04 00:00:00+09:00,1302.2477856724508,1311.325558576378,1293.995264850699,1298.94677734375,583200,0.0,0.0
2017-10-05 00:00:00+09:00,1304.7234102630614,1324.5294582366942,1303.89815826416,1320.4031982421875,1149900,0.0,0.0
2017-10-06 00:00:00+09:00,1326.1800416574538,1330.3063018990763,1308.8497486426395,1312.1507568359375,753700,0.0,0.0
2017-10-09 00:00:00+09:00,1312.1507568359375,1312.1507568359375,1312.1507568359375,1312.1507568359375,0,0.0,0.0
2017-10-10 00:00:00+09:00,1312.976063045957,1338.5588775993351,1312.976063045957,1334.4326171875,1165800,0.0,0.0
2017-10-11 00:00:00+09:00,1331.1315608271846,1339.3840813530815,1322.0537882486979,1336.9083251953125,837900,0.0,0.0
2017-10-12 00:00:00+09:00,1345.1608097727706,1365.7921105361565,1345.1608097727706,1353.413330078125,1281700,0.0,0.0
2017-10-13 00:00:00+09:00,1355.0637818882446,1364.1415538740978,1336.0829859178248,1343.51025390625,1143800,0.0,0.0
2017-10-16 00:00:00+09:00,1353.4132119842884,1356.7142198183965,1338.5586767308023,1342.6849365234375,837200,0.0,0.0
2017-10-17 00:00:00+09:00,1345.1608422775505,1345.9860943280275,1317.9275246118086,1324.529541015625,1036600,0.0,0.0
2017-10-18 00:00:00+09:00,1331.131382899252,1338.558650379781,1328.655627072409,1337.7333984375,863500,0.0,0.0
2017-10-19 00:00:00+09:00,1343.5102101480416,1344.3354621198769,1329.4809266268396,1335.2576904296875,748700,0.0,0.0
2017-10-20 00:00:00+09:00,1335.2578159386003,1350.112352827905,1332.7820597903828,1347.6365966796875,1026900,0.0,0.0
2017-10-23 00:00:00+09:00,1353.4132119842884,1353.4132119842884,1331.9566610625864,1342.6849365234375,1113700,0.0,0.0
2017-10-24 00:00:00+09:00,1345.1610291748786,1361.666072477638,1344.3357770097407,1360.8408203125,1031900,0.0,0.0
2017-10-25 00:00:00+09:00,1354.2387739963142,1357.5397825861894,1327.8307052773123,1331.1317138671875,1427600,0.0,0.0
2017-10-26 00:00:00+09:00,1326.1800192045077,1329.4810273419178,1312.9759866548673,1319.5780029296875,1336900,0.0,0.0
2017-10-27 00:00:00+09:00,1329.4811612875155,1336.9084303449877,1325.354900700031,1333.607421875,782600,0.0,0.0
2017-10-30 00:00:00+09:00,1336.9085360164972,1340.2095447474023,1317.927735813794,1330.3065185546875,922500,0.0,0.0
2017-10-31 00:00:00+09:00,1320.403334447766,1323.7043427838853,1309.675057355378,1311.3255615234375,1023900,0.0,0.0
2017-11-01 00:00:00+09:00,1322.0534528331123,1344.3352525999626,1312.9756825577288,1341.8594970703125,1542900,0.0,0.0
2017-11-02 00:00:00+09:00,1361.6657315695586,1362.4909835280855,1338.5586767308023,1342.6849365234375,1329500,0.0,0.0
2017-11-03 00:00:00+09:00,1342.6849365234375,1342.6849365234375,1342.6849365234375,1342.6849365234375,0,0.0,0.0
2017-11-06 00:00:00+09:00,1230.4508021905172,1259.3346238381819,1213.9457612489944,1218.072021484375,5131200,0.0,0.0
2017-11-07 00:00:00+09:00,1217.2466603562286,1219.7224162755972,1199.9163689206484,1208.994140625,2913900,0.0,0.0
2017-11-08 00:00:00+09:00,1204.8682055830145,1213.1207275390625,1185.887405084104,1213.1207275390625,2199200,0.0,0.0
2017-11-09 00:00:00+09:00,1219.722619838649,1221.3731240603522,1189.1882917371402,1200.7418212890625,2180900,0.0,0.0
2017-11-10 00:00:00+09:00,1184.236915802776,1215.5964996358807,1180.9359069782386,1204.04296875,1875500,0.0,0.0
2017-11-13 00:00:00+09:00,1200.741580957844,1203.2173367948703,1190.0133056640625,1190.0133056640625,1237000,0.0,0.0
2017-11-14 00:00:00+09:00,1189.1881980070764,1196.6154664193343,1182.586181640625,1182.586181640625,1302300,0.0,0.0
2017-11-15 00:00:00+09:00,1180.9357487605168,1180.9357487605168,1134.721631408603,1137.1973876953125,2453900,0.0,0.0
2017-11-16 00:00:00+09:00,1146.2751069034703,1157.0033836419475,1138.0225863354106,1150.4013671875,1522900,0.0,0.0
2017-11-17 00:00:00+09:00,1161.1300305678892,1166.0815445575176,1137.1977129513514,1141.323974609375,1859300,0.0,0.0
2017-11-20 00:00:00+09:00,1138.8479487932327,1145.4499658876862,1133.0711838355858,1136.3721923828125,1558000,0.0,0.0
2017-11-21 00:00:00+09:00,1135.546774986284,1135.546774986284,1122.3427427190015,1128.1195068359375,1840300,0.0,0.0
2017-11-22 00:00:00+09:00,1135.5467574972488,1142.9740255332047,1123.9932294413175,1124.8184814453125,1353400,0.0,0.0
2017-11-23 00:00:00+09:00,1124.8184814453125,1124.8184814453125,1124.8184814453125,1124.8184814453125,0,0.0,0.0
2017-11-24 00:00:00+09:00,1123.1682028997511,1123.1682028997511,1105.837907337007,1109.138916015625,1412100,0.0,0.0
2017-11-27 00:00:00+09:00,1111.6145875129814,1111.6145875129814,1089.3327806363293,1092.6337890625,2047800,0.0,0.0
2017-11-28 00:00:00+09:00,1093.458740234375,1105.8375184257075,1089.3324808372643,1093.458740234375,1565900,0.0,0.0
2017-11-29 00:00:00+09:00,1105.0126300806064,1109.1388908352017,1096.760108571416,1104.1873779296875,1245100,0.0,0.0
2017-11-30 00:00:00+09:00,1104.1872200832452,1122.3427648080817,1098.4104558526153,1120.6922607421875,2273700,0.0,0.0
2017-12-01 00:00:00+09:00,1105.012516488602,1123.1680619424849,1087.6822231008045,1105.8377685546875,4792600,0.0,0.0
2017-12-04 00:00:00+09:00,1126.4691515470806,1128.9449079241072,1094.2843186457353,1097.5853271484375,2268600,0.0,0.0
2017-12-05 00:00:00+09:00,1104.1873881097208,1119.8671791217423,1101.7116316341385,1118.2166748046875,1838800,0.0,0.0
2017-12-06 00:00:00+09:00,1142.9743487933338,1175.9844382891702,1132.246069707187,1139.67333984375,4100200,0.0,0.0
2017-12-07 00:00:00+09:00,1139.6729423074162,1140.498194256951,1120.692147468118,1122.3426513671875,2393200,0.0,0.0
2017-12-08 00:00:00+09:00,1122.3426486661313,1161.9547421484654,1121.5173967185826,1156.177978515625,2446900,0.0,0.0
2017-12-11 00:00:00+09:00,1158.6539049926234,1166.081173614371,1141.323611541879,1153.702392578125,2141300,0.0,0.0
2017-12-12 00:00:00+09:00,1147.1002937749574,1166.0810900028885,1144.6245377452274,1149.5760498046875,1765800,0.0,0.0
2017-12-13 00:00:00+09:00,1139.6730904490225,1157.8286356987535,1133.8963260513808,1150.4013671875,1504800,0.0,0.0
2017-12-14 00:00:00+09:00,1155.3530675963261,1157.828824169747,1142.1490325380823,1151.226806640625,954700,0.0,0.0
2017-12-15 00:00:00+09:00,1149.5763105475742,1165.2561022923005,1147.9258061533924,1152.8773193359375,1358400,0.0,0.0
2017-12-18 00:00:00+09:00,1159.479073923608,1164.4305859830683,1147.9255457848674,1149.5760498046875,907100,0.0,0.0
2017-12-19 00:00:00+09:00,1156.1781315851415,1160.3043918691715,1147.925611017082,1150.4013671875,1028500,0.0,0.0
2017-12-20 00:00:00+09:00,1148.750911271118,1153.7024238197002,1146.2751549968266,1147.9256591796875,595800,0.0,0.0
2017-12-21 00:00:00+09:00,1147.1005123608732,1154.527781865368,1138.0227385220462,1144.624755859375,922500,0.0,0.0
2017-12-22 00:00:00+09:00,1142.9742929708473,1161.1298413068462,1142.1490407737563,1152.8773193359375,1143400,0.0,0.0
2017-12-25 00:00:00+09:00,1151.2268711672928,1152.0521234046887,1129.7703129949991,1139.67333984375,794200,0.0,0.0
2017-12-26 00:00:00+09:00,1140.4984299961106,1148.7509511972403,1140.4984299961106,1143.7994384765625,818900,0.0,0.0
2017-12-27 00:00:00+09:00,1142.9741156800453,1161.9549132689558,1142.148863610962,1153.702392578125,657100,0.0,0.0
2017-12-28 00:00:00+09:00,1161.954763829023,1161.954763829023,1145.449724570088,1148.750732421875,699900,0.0,0.0
2017-12-29 00:00:00+09:00,1148.7508801636268,1157.0034008544574,1143.7993677491284,1153.702392578125,532200,0.0,0.0
2018-01-01 00:00:00+09:00,1153.702392578125,1153.702392578125,1153.702392578125,1153.702392578125,0,0.0,0.0
2018-01-02 00:00:00+09:00,1153.702392578125,1153.702392578125,1153.702392578125,1153.702392578125,0,0.0,0.0
2018-01-03 00:00:00+09:00,1153.702392578125,1153.702392578125,1153.702392578125,1153.702392578125,0,0.0,0.0
2018-01-04 00:00:00+09:00,1163.6053466796875,1165.255850717531,1149.5760623580175,1163.6053466796875,1168700,0.0,0.0
2018-01-05 00:00:00+09:00,1167.7318448075425,1174.3338623046875,1161.1298273103973,1174.3338623046875,867700,0.0,0.0
2018-01-08 00:00:00+09:00,1174.3338623046875,1174.3338623046875,1174.3338623046875,1174.3338623046875,0,0.0,0.0
2018-01-09 00:00:00+09:00,1176.809326171875,1177.6345781537627,1163.6052944616717,1176.809326171875,1071400,0.0,0.0
2018-01-10 00:00:00+09:00,1176.8095135117378,1185.8872867576208,1172.6832529454275,1177.634765625,1301500,0.0,0.0
2018-01-11 00:00:00+09:00,1171.85794201526,1204.0427728170876,1170.2074378715765,1201.5670166015625,1410100,0.0,0.0
2018-01-12 00:00:00+09:00,1204.8678980661216,1206.5184020360753,1184.2365984417017,1189.1881103515625,1256400,0.0,0.0
2018-01-15 00:00:00+09:00,1196.6154751129682,1198.2659792165723,1178.4599299733231,1184.2366943359375,813000,0.0,0.0
2018-01-16 00:00:00+09:00,1185.887045935685,1196.6153212294664,1181.7607862073075,1190.0133056640625,811200,0.0,0.0
2018-01-17 00:00:00+09:00,1185.061954973469,1197.4407358401836,1175.1589302800974,1185.88720703125,1192500,0.0,0.0
2018-01-18 00:00:00+09:00,1196.6157623398851,1197.4410145897748,1167.73193359375,1167.73193359375,1038900,0.0,0.0
2018-01-19 00:00:00+09:00,1173.5083574782284,1181.760877573012,1165.2558373834447,1172.68310546875,1026400,0.0,0.0
2018-01-22 00:00:00+09:00,1175.1590177243702,1186.7125473930087,1170.2075050092394,1179.2852783203125,829800,0.0,0.0
2018-01-23 00:00:00+09:00,1192.4894615436422,1199.9167315463362,1186.7126959859913,1196.61572265625,1145000,0.0,0.0
2018-01-24 00:00:00+09:00,1196.6155607348046,1212.2953508409848,1195.790308623953,1200.7418212890625,1508500,0.0,0.0
2018-01-25 00:00:00+09:00,1200.7415683271142,1205.6930799490817,1196.6153086421414,1199.091064453125,778700,0.0,0.0
2018-01-26 00:00:00+09:00,1204.8678720282596,1229.625431042539,1204.042620061117,1207.3436279296875,983000,0.0,0.0
2018-01-29 00:00:00+09:00,1213.120677304366,1214.771181627229,1201.5671470443244,1203.2176513671875,843800,0.0,0.0
2018-01-30 00:00:00+09:00,1201.56689453125,1254.383021763393,1181.7608468191963,1247.781005859375,3930500,0.0,0.0
2018-01-31 00:00:00+09:00,1246.1307309727408,1266.762034465667,1232.926696737268,1256.8590087890625,2492200,0.0,0.0
2018-02-01 00:00:00+09:00,1259.3349192985925,1267.5874417055297,1228.8005863929254,1238.70361328125,1818500,0.0,0.0
2018-02-02 00:00:00+09:00,1246.1306032971574,1246.1306032971574,1223.8487978077383,1232.101318359375,1360700,0.0,0.0
2018-02-05 00:00:00+09:00,1210.6448208826669,1218.0720897224378,1191.6640227365856,1195.790283203125,1491200,0.0,0.0
2018-02-06 00:00:00+09:00,1146.2747963448248,1151.2263073441545,1100.0606936844142,1115.740478515625,2437500,0.0,0.0
2018-02-07 00:00:00+09:00,1228.8003725331728,1269.2377252894692,1196.615540747549,1220.5478515625,4807100,0.0,0.0
2018-02-08 00:00:00+09:00,1311.3255787707913,1351.7629314201108,1274.189234501008,1279.1407470703125,5486900,0.0,0.0
2018-02-09 00:00:00+09:00,1236.2274613246284,1294.8203516811361,1231.275949463515,1290.694091796875,2619600,0.0,0.0
2018-02-12 00:00:00+09:00,1290.694091796875,1290.694091796875,1290.694091796875,1290.694091796875,0,0.0,0.0
2018-02-13 00:00:00+09:00,1291.5193612234932,1303.0728890555245,1277.4900774274554,1293.9951171875,1999100,0.0,0.0
2018-02-14 00:00:00+09:00,1290.69406062662,1290.69406062662,1254.3829745220348,1273.36376953125,1716700,0.0,0.0
2018-02-15 00:00:00+09:00,1292.3446351076411,1294.8203911135945,1277.4900990719211,1286.56787109375,1282600,0.0,0.0
2018-02-16 00:00:00+09:00,1293.1697465804612,1296.4707542296774,1275.839456422076,1283.2667236328125,1729500,0.0,0.0
2018-02-19 00:00:00+09:00,1303.8983012354652,1340.2093931686047,1301.4225449672965,1312.97607421875,1537200,0.0,0.0
2018-02-20 00:00:00+09:00,1308.0243833107716,1308.8496352876239,1286.5678319126139,1290.694091796875,940200,0.0,0.0
2018-02-21 00:00:00+09:00,1291.5195001111988,1304.7235333391727,1287.393239727457,1297.2962646484375,1073400,0.0,0.0
2018-02-22 00:00:00+09:00,1293.1701175762591,1300.5973869177947,1274.1893181478902,1295.6458740234375,1590600,0.0,0.0
2018-02-23 00:00:00+09:00,1291.5192272725023,1308.0242653207133,1281.616204443576,1303.07275390625,1125600,0.0,0.0
2018-02-26 00:00:00+09:00,1310.500204753217,1320.4032289704958,1303.8981886083645,1314.62646484375,1147000,0.0,0.0
2018-02-27 00:00:00+09:00,1321.228311598799,1322.8788154234073,1279.1404640712922,1283.2667236328125,1866900,0.0,0.0
2018-02-28 00:00:00+09:00,1282.4416110838279,1303.8981631354234,1281.6163590818433,1286.56787109375,1469100,0.0,0.0
2018-03-01 00:00:00+09:00,1275.0143128610662,1296.4708644043592,1270.8880529488945,1292.3446044921875,1417300,0.0,0.0
2018-03-02 00:00:00+09:00,1262.6357302628937,1293.9953104916453,1258.509469706479,1284.09228515625,1690800,0.0,0.0
2018-03-05 00:00:00+09:00,1289.8688572474887,1312.9759129115512,1286.5678492954798,1293.9951171875,1520100,0.0,0.0
2018-03-06 00:00:00+09:00,1308.849513988399,1331.131315298416,1308.024262088028,1313.801025390625,1703700,0.0,0.0
2018-03-07 00:00:00+09:00,1311.3255272418317,1315.4517875541092,1298.9467463049987,1304.7235107421875,1150300,0.0,0.0
2018-03-08 00:00:00+09:00,1310.5002086126983,1327.8305010439744,1305.5486964894765,1327.0052490234375,1163100,0.0,0.0
2018-03-09 00:00:00+09:00,1350.1121864530382,1357.5394539824254,1326.1798799694575,1339.3839111328125,1819600,0.0,0.0
2018-03-12 00:00:00+09:00,1361.6660472756105,1378.9963424227547,1353.4135257769706,1355.8892822265625,1691100,0.0,0.0
2018-03-13 00:00:00+09:00,1344.3355186763868,1359.1900547943578,1341.034510650171,1357.53955078125,1062900,0.0,0.0
2018-03-14 00:00:00+09:00,1338.558650379781,1339.383902322062,1322.053611534161,1337.7333984375,1551200,0.0,0.0
2018-03-15 00:00:00+09:00,1334.4323832749888,1362.490949157085,1331.9566274618626,1359.18994140625,1442500,0.0,0.0
2018-03-16 00:00:00+09:00,1360.8406226956859,1385.5981840546128,1354.2386063333054,1381.471923828125,1938700,0.0,0.0
2018-03-19 00:00:00+09:00,1382.2968958091049,1384.7726514433898,1354.2383319538753,1374.86962890625,1258500,0.0,0.0
2018-03-20 00:00:00+09:00,1360.8404938182193,1383.9475488982132,1357.5394859496487,1379.8212890625,965400,0.0,0.0
2018-03-21 00:00:00+09:00,1379.8212890625,1379.8212890625,1379.8212890625,1379.8212890625,0,0.0,0.0
2018-03-22 00:00:00+09:00,1373.2194374256837,1388.8992266751357,1362.4911605707955,1388.073974609375,1037400,0.0,0.0
2018-03-23 00:00:00+09:00,1361.6661293992718,1387.2489475879854,1355.8893640018205,1360.015625,1530700,0.0,0.0
2018-03-26 00:00:00+09:00,1355.0637685939375,1376.5203203499925,1351.7627606314675,1375.695068359375,1345400,0.0,0.0
2018-03-27 00:00:00+09:00,1382.2971536655618,1397.1516902422663,1376.520389441288,1388.899169921875,1512600,0.0,0.0
2018-03-28 00:00:00+09:00,1375.536082868055,1406.4376220703125,1374.7009061328588,1406.4376220703125,1135300,20.0,0.0
2018-03-29 00:00:00+09:00,1417.2952690415368,1424.8118615114095,1403.0972610428887,1423.9766845703125,2014400,0.0,0.0
2018-03-30 00:00:00+09:00,1420.6359016395818,1425.6469630210265,1391.4047102478207,1407.2730712890625,1139900,0.0,0.0
2018-04-02 00:00:00+09:00,1407.2732235092715,1407.2732235092715,1385.5586218408791,1386.393798828125,905400,0.0,0.0
2018-04-03 00:00:00+09:00,1369.6898954538556,1382.217546936665,1362.1733045641697,1375.5361328125,1226500,0.0,0.0
2018-04-04 00:00:00+09:00,1386.3939946385722,1412.284484899895,1386.3939946385722,1392.240234375,1717600,0.0,0.0
2018-04-05 00:00:00+09:00,1394.7457174759184,1404.767842391913,1388.0643008652553,1398.08642578125,1094400,0.0,0.0
2018-04-06 00:00:00+09:00,1396.4159226750753,1400.5918076113046,1386.393798828125,1386.393798828125,1179500,0.0,0.0
2018-04-09 00:00:00+09:00,1394.7453330961653,1418.965461634961,1388.8990951730077,1393.91015625,1265300,0.0,0.0
2018-04-10 00:00:00+09:00,1394.745549263714,1423.9767434099597,1388.064133458858,1393.0751953125,1665600,0.0,0.0
2018-04-11 00:00:00+09:00,1378.0418887761855,1381.3825963853399,1339.6237512709101,1360.503173828125,1604600,0.0,0.0
2018-04-12 00:00:00+09:00,1368.0197565530752,1385.5584713806788,1362.1735182772074,1363.8438720703125,1229100,0.0,0.0
2018-04-13 00:00:00+09:00,1362.1737257604311,1368.019964926785,1345.4701852851347,1355.4923095703125,1501500,0.0,0.0
2018-04-16 00:00:00+09:00,1388.8990690373194,1418.1302581030475,1380.5473007328255,1414.78955078125,2542500,0.0,0.0
2018-04-17 00:00:00+09:00,1414.789644659305,1418.1303522027742,1397.2509300560903,1413.9544677734375,1227400,0.0,0.0
2018-04-18 00:00:00+09:00,1411.448891233855,1433.998666419248,1405.6026532228273,1430.657958984375,1161600,0.0,0.0
2018-04-19 00:00:00+09:00,1436.504272389426,1451.5374566353619,1422.3062650460422,1425.64697265625,1374000,0.0,0.0
2018-04-20 00:00:00+09:00,1415.6247650272815,1424.8117104050395,1407.2729965020467,1412.2840576171875,982900,0.0,0.0
2018-04-23 00:00:00+09:00,1414.7896542039236,1423.9766000104428,1409.7785928549133,1421.4710693359375,711700,0.0,0.0
2018-04-24 00:00:00+09:00,1424.8121260922308,1424.8121260922308,1409.7789383608942,1417.2955322265625,590200,0.0,0.0
2018-04-25 00:00:00+09:00,1450.7023355981155,1493.2963592685264,1442.350566250976,1470.74658203125,3439400,0.0,0.0
2018-04-26 00:00:00+09:00,1468.2411353701636,1480.7687901088168,1455.7134806315103,1473.252197265625,951400,0.0,0.0
2018-04-27 00:00:00+09:00,1474.9223549891685,1507.4942529759055,1470.7464706318947,1499.9776611328125,1395300,0.0,0.0
2018-04-30 00:00:00+09:00,1499.9776611328125,1499.9776611328125,1499.9776611328125,1499.9776611328125,0,0.0,0.0
2018-05-01 00:00:00+09:00,1499.9778195759175,1520.0220666081123,1488.2853421404704,1519.1868896484375,1131500,0.0,0.0
2018-05-02 00:00:00+09:00,1517.5165734648178,1520.0221044061468,1489.955733110201,1516.681396484375,1005000,0.0,0.0
2018-05-03 00:00:00+09:00,1516.681396484375,1516.681396484375,1516.681396484375,1516.681396484375,0,0.0,0.0
2018-05-04 00:00:00+09:00,1516.681396484375,1516.681396484375,1516.681396484375,1516.681396484375,0,0.0,0.0
2018-05-07 00:00:00+09:00,1520.0220850894325,1525.0331469084088,1504.1537226626747,1523.36279296875,825900,0.0,0.0
2018-05-08 00:00:00+09:00,1523.3625588175123,1535.05503459791,1511.6700830371146,1530.879150390625,858400,0.0,0.0
2018-05-09 00:00:00+09:00,1532.5497396368728,1550.0884560032894,1513.3406693307977,1523.36279296875,1006000,0.0,0.0
2018-05-10 00:00:00+09:00,1524.197809961691,1534.2199325477407,1511.6701567291293,1515.0108642578125,849700,0.0,0.0
2018-05-11 00:00:00+09:00,1515.846097176535,1598.5286115679826,1515.01092026349,1570.9677734375,3215000,0.0,0.0
2018-05-14 00:00:00+09:00,1604.37466205196,1625.2540824326468,1592.6821866387756,1605.2098388671875,2299500,0.0,0.0
2018-05-15 00:00:00+09:00,1611.891375191604,1626.0893821233435,1568.4621775180478,1583.495361328125,1297300,0.0,0.0
2018-05-16 00:00:00+09:00,1582.6600116516897,1583.495188438841,1548.417763378487,1556.76953125,1110500,0.0,0.0
2018-05-17 00:00:00+09:00,1585.1657809592637,1586.0009578723086,1558.4401197418263,1570.9677734375,725600,0.0,0.0
2018-05-18 00:00:00+09:00,1571.8028850313983,1584.3305382064625,1556.7697012213212,1583.495361328125,759700,0.0,0.0
2018-05-21 00:00:00+09:00,1587.6714623443684,1598.528763244146,1580.1548694137534,1582.660400390625,656300,0.0,0.0
2018-05-22 00:00:00+09:00,1582.660118042316,1585.1656485721983,1560.9455201166695,1574.308349609375,654900,0.0,0.0
2018-05-23 00:00:00+09:00,1576.813965100605,1591.8471490899117,1568.4621962176568,1587.6712646484375,1184000,0.0,0.0
2018-05-24 00:00:00+09:00,1580.1545478337307,1584.3304319453418,1546.7474749408398,1555.0992431640625,1731200,0.0,0.0
2018-05-25 00:00:00+09:00,1545.077056229882,1565.1212991215127,1503.3182168723176,1556.76953125,756500,0.0,0.0
2018-05-28 00:00:00+09:00,1547.5829131377209,1560.9457445517542,1545.9125592109667,1559.275390625,467900,0.0,0.0
2018-05-29 00:00:00+09:00,1557.6050366982458,1570.1326911489018,1552.5939749179834,1559.275390625,645300,0.0,0.0
2018-05-30 00:00:00+09:00,1549.2530998225939,1577.6491135120646,1545.912392329715,1575.978759765625,1325600,0.0,0.0
2018-05-31 00:00:00+09:00,1586.8360047528747,1622.7486090709663,1575.9787057729868,1606.8802490234375,2572100,0.0,0.0
2018-06-01 00:00:00+09:00,1601.0341046552019,1613.5617580562598,1580.1546823201054,1606.045166015625,1491900,0.0,0.0
2018-06-04 00:00:00+09:00,1628.5951079342044,1646.1338244811882,1538.3959942640024,1560.110595703125,2554000,0.0,0.0
2018-06-05 00:00:00+09:00,1545.0774463982627,1572.6382873340156,1532.549791427466,1568.46240234375,1257600,0.0,0.0
2018-06-06 00:00:00+09:00,1570.13253088904,1575.1435921578347,1538.3958095200062,1572.6380615234375,1015100,0.0,0.0
2018-06-07 00:00:00+09:00,1559.2751158341118,1561.7806462826936,1522.5273359215778,1536.725341796875,1408500,0.0,0.0
2018-06-08 00:00:00+09:00,1541.7364968594939,1566.7918028756287,1530.8791975858355,1535.8902587890625,2878600,0.0,0.0
2018-06-11 00:00:00+09:00,1529.2089736922194,1576.814059164888,1527.5386198159854,1565.12158203125,1595400,0.0,0.0
2018-06-12 00:00:00+09:00,1565.9566001286582,1582.6601371966972,1556.7696547412368,1578.4842529296875,1542200,0.0,0.0
2018-06-13 00:00:00+09:00,1578.484347015001,1618.5728383677629,1576.813993208636,1610.2210693359375,1602300,0.0,0.0
2018-06-14 00:00:00+09:00,1595.1877830414592,1623.5837959332966,1578.4842460462605,1614.3968505859375,1171300,0.0,0.0
2018-06-15 00:00:00+09:00,1623.5838999745806,1645.2984994598373,1620.243192361464,1642.79296875,1634000,0.0,0.0
2018-06-18 00:00:00+09:00,1662.8370926048788,1695.408989446461,1660.3315620786032,1664.5074462890625,1761900,0.0,0.0
2018-06-19 00:00:00+09:00,1662.0020849089665,1674.5297388153153,1646.1337232942576,1647.8040771484375,1167600,0.0,0.0
2018-06-20 00:00:00+09:00,1664.5076835887292,1670.353922316838,1604.3749423853228,1624.419189453125,1587100,0.0,0.0
2018-06-21 00:00:00+09:00,1625.2545132588664,1655.3208865771187,1625.2545132588664,1646.9691162109375,1213400,0.0,0.0
2018-06-22 00:00:00+09:00,1628.5951121337134,1644.46347476476,1620.2433423278997,1621.9136962890625,1061700,0.0,0.0
2018-06-25 00:00:00+09:00,1627.7597179353545,1631.935602281007,1611.0561805527445,1611.891357421875,883000,0.0,0.0
2018-06-26 00:00:00+09:00,1595.1877807488286,1601.8691955373054,1567.626944746362,1581.824951171875,1410600,0.0,0.0
2018-06-27 00:00:00+09:00,1586.0010861240626,1626.0895811919693,1584.3307321628997,1621.9136962890625,1385200,0.0,0.0
2018-06-28 00:00:00+09:00,1614.3971083188349,1614.3971083188349,1561.7809583839737,1567.627197265625,1508700,0.0,0.0
2018-06-29 00:00:00+09:00,1578.484356219952,1596.8582481971152,1576.8140024038462,1585.165771484375,1071700,0.0,0.0
2018-07-02 00:00:00+09:00,1586.000870821332,1591.011932024559,1535.055081921858,1535.8902587890625,1212900,0.0,0.0
2018-07-03 00:00:00+09:00,1536.7256147856265,1549.2532692539874,1511.6703058489043,1526.7034912109375,884000,0.0,0.0
2018-07-04 00:00:00+09:00,1517.5161631465737,1539.2307587667228,1517.5161631465737,1533.384521484375,898100,0.0,0.0
2018-07-05 00:00:00+09:00,1536.725643068275,1551.7588287069864,1520.8572804496353,1527.5386962890625,838800,0.0,0.0
2018-07-06 00:00:00+09:00,1531.7147154818572,1537.5609548539253,1500.8131645152112,1513.3408203125,1435000,0.0,0.0
2018-07-09 00:00:00+09:00,1520.022028535848,1540.901452004747,1520.022028535848,1532.5496826171875,891500,0.0,0.0
2018-07-10 00:00:00+09:00,1540.9015003551137,1548.4180930397729,1515.84619140625,1515.84619140625,1034400,0.0,0.0
2018-07-11 00:00:00+09:00,1515.8462742753918,1534.2201685090329,1509.1648581904315,1529.2091064453125,1370000,0.0,0.0
2018-07-12 00:00:00+09:00,1537.5607065360616,1552.5938910649313,1527.5385835168152,1535.05517578125,1072700,0.0,0.0
2018-07-13 00:00:00+09:00,1540.901237184584,1563.4510113872852,1533.3846457836835,1555.0992431640625,903600,0.0,0.0
2018-07-16 00:00:00+09:00,1555.0992431640625,1555.0992431640625,1555.0992431640625,1555.0992431640625,0,0.0,0.0
2018-07-17 00:00:00+09:00,1578.484430243499,1626.9246931821883,1567.6271299296548,1601.869384765625,1847300,0.0,0.0
2018-07-18 00:00:00+09:00,1628.5950935927015,1632.7709784480674,1609.3860232580182,1617.73779296875,1060300,0.0,0.0
2018-07-19 00:00:00+09:00,1627.7597843027709,1627.7597843027709,1596.8582388850168,1610.2210693359375,854100,0.0,0.0
2018-07-20 00:00:00+09:00,1602.7047006276027,1628.5951882354484,1600.199169568779,1616.9027099609375,842900,0.0,0.0
2018-07-23 00:00:00+09:00,1603.539766805628,1613.5618903481632,1597.6935280724824,1602.70458984375,821500,0.0,0.0
2018-07-24 00:00:00+09:00,1601.8691955373054,1602.7043723858649,1578.4842437776365,1581.824951171875,965500,0.0,0.0
2018-07-25 00:00:00+09:00,1570.1326444551541,1571.8029983322342,1537.5607438520951,1543.406982421875,1110200,0.0,0.0
2018-07-26 00:00:00+09:00,1543.4068976656317,1549.2531359143652,1525.0330060267552,1530.0440673828125,1354900,0.0,0.0
2018-07-27 00:00:00+09:00,1537.5606125234715,1541.7364968594939,1530.8791975858355,1535.8902587890625,758500,0.0,0.0
2018-07-30 00:00:00+09:00,1519.1867393770626,1526.7033312706271,1512.505324360561,1518.3515625,598800,0.0,0.0
2018-07-31 00:00:00+09:00,1511.6700508031952,1515.845934921436,1477.42780103362,1486.61474609375,1489700,0.0,0.0
2018-08-01 00:00:00+09:00,1499.9775661588249,1504.9886270702686,1482.438852968772,1489.9554443359375,854700,0.0,0.0
2018-08-02 00:00:00+09:00,1484.9445888943142,1513.3406046549478,1480.7687042236328,1503.3184814453125,1422200,0.0,0.0
2018-08-03 00:00:00+09:00,1597.693329860651,1616.9023976007422,1528.3736506246687,1575.1435546875,3038800,0.0,0.0
2018-08-06 00:00:00+09:00,1592.6822000416403,1651.14457759954,1580.1545477078046,1645.29833984375,2800600,0.0,0.0
2018-08-07 00:00:00+09:00,1639.4521053574344,1688.727537968789,1634.4410444139069,1677.8702392578125,2386700,0.0,0.0
2018-08-08 00:00:00+09:00,1670.3537586451428,1689.5628268695618,1636.1115065929173,1637.7818603515625,1395700,0.0,0.0
2018-08-09 00:00:00+09:00,1635.27685546875,1649.4748669820128,1625.254729694682,1635.27685546875,1045900,0.0,0.0
2018-08-10 00:00:00+09:00,1641.1227266250119,1674.5298050295921,1634.4413109440957,1656.9910888671875,1192500,0.0,0.0
2018-08-13 00:00:00+09:00,1652.8152465183202,1652.8152465183202,1600.1990966796875,1600.1990966796875,1240400,0.0,0.0
2018-08-14 00:00:00+09:00,1616.9024287989882,1643.6280887791368,1607.7154831808123,1630.2652587890625,1356000,0.0,0.0
2018-08-15 00:00:00+09:00,1635.2765760002826,1638.6172840207123,1595.1880797551275,1616.0675048828125,1124000,0.0,0.0
2018-08-16 00:00:00+09:00,1586.8362121416983,1588.5065660492157,1540.066302731206,1544.2421875,1836900,0.0,0.0
2018-08-17 00:00:00+09:00,1555.9345046628896,1563.4510964728554,1540.9013210429584,1557.6048583984375,988100,0.0,0.0
2018-08-20 00:00:00+09:00,1544.2422378040721,1550.0884766708264,1504.9889196987226,1505.8240966796875,1615600,0.0,0.0
2018-08-21 00:00:00+09:00,1484.1095239925758,1501.6482409333996,1474.0874000263907,1495.802001953125,1626700,0.0,0.0
2018-08-22 00:00:00+09:00,1468.2411353701636,1475.7577282133557,1449.0320647708952,1473.252197265625,1998600,0.0,0.0
2018-08-23 00:00:00+09:00,1471.5816650390625,1489.9555564300156,1469.9113112762486,1471.5816650390625,1259500,0.0,0.0
2018-08-24 00:00:00+09:00,1491.625957782452,1499.9777268629807,1480.7686579777644,1487.4500732421875,1091700,0.0,0.0
2018-08-27 00:00:00+09:00,1489.955687865192,1505.8240500117383,1488.2853339550293,1500.81298828125,839700,0.0,0.0
2018-08-28 00:00:00+09:00,1503.3184725200365,1508.3295340951033,1484.1094031489472,1484.944580078125,1065800,0.0,0.0
2018-08-29 00:00:00+09:00,1482.43896518511,1500.8128565845875,1479.0982576579322,1493.2962646484375,848100,0.0,0.0
2018-08-30 00:00:00+09:00,1504.9886270702686,1510.8348648002864,1484.1092066059198,1489.9554443359375,887600,0.0,0.0
2018-08-31 00:00:00+09:00,1478.2630716051374,1500.8128472736903,1473.252010345459,1496.636962890625,988200,0.0,0.0
2018-09-03 00:00:00+09:00,1495.801937498342,1495.801937498342,1470.7466286625238,1475.7576904296875,833500,0.0,0.0
2018-09-04 00:00:00+09:00,1474.922607421875,1485.7799086090122,1466.5708372779231,1474.922607421875,1077200,0.0,0.0
2018-09-05 00:00:00+09:00,1474.9226535771286,1493.296548468803,1470.7467683744756,1479.9337158203125,1428000,0.0,0.0
2018-09-06 00:00:00+09:00,1474.9225522078902,1486.6150299717126,1459.0541895284168,1462.3948974609375,1136400,0.0,0.0
2018-09-07 00:00:00+09:00,1453.2079496837796,1479.93361312624,1453.2079496837796,1473.252197265625,1390300,0.0,0.0
2018-09-10 00:00:00+09:00,1475.7576338571691,1497.4722340157919,1473.2521030696357,1484.944580078125,1048900,0.0,0.0
2018-09-11 00:00:00+09:00,1486.6147633043456,1499.1424158041013,1468.2408729713704,1469.0760498046875,906500,0.0,0.0
2018-09-12 00:00:00+09:00,1465.7354831146838,1469.911367681962,1435.66911423028,1451.5374755859375,870600,0.0,0.0
2018-09-13 00:00:00+09:00,1455.7134440475343,1484.9446377031072,1452.372736201183,1464.900390625,889000,0.0,0.0
2018-09-14 00:00:00+09:00,1471.5816650390625,1482.438964497353,1463.229896224993,1471.5816650390625,915300,0.0,0.0
2018-09-17 00:00:00+09:00,1471.5816650390625,1471.5816650390625,1471.5816650390625,1471.5816650390625,0,0.0,0.0
2018-09-18 00:00:00+09:00,1466.5707445481755,1467.4059215097634,1443.1857896237173,1464.900390625,1211300,0.0,0.0
2018-09-19 00:00:00+09:00,1484.9445708314195,1487.4501016033512,1475.7576246676706,1477.427978515625,965400,0.0,0.0
2018-09-20 00:00:00+09:00,1486.614858020684,1486.614858020684,1447.3615443538458,1457.3836669921875,907000,0.0,0.0
2018-09-21 00:00:00+09:00,1465.7356053934582,1469.911490309109,1457.3838355621565,1462.3948974609375,1208700,0.0,0.0
2018-09-24 00:00:00+09:00,1462.3948974609375,1462.3948974609375,1462.3948974609375,1462.3948974609375,0,0.0,0.0
2018-09-25 00:00:00+09:00,1459.053852377417,1471.5815042295412,1455.7131452168503,1463.229736328125,1558400,0.0,0.0
2018-09-26 00:00:00+09:00,1475.057424545288,1491.1090230941772,1393.1097898483276,1405.7821044921875,4334900,20.0,0.0
2018-09-27 00:00:00+09:00,1436.195590484764,1445.4886207761358,1415.9198880308613,1426.0577392578125,2567400,0.0,0.0
2018-09-28 00:00:00+09:00,1429.4372758278917,1430.2820969128963,1407.4719276177705,1415.0753173828125,1892200,0.0,0.0
2018-10-01 00:00:00+09:00,1394.7997101051756,1408.316848422367,1387.1963198017554,1395.64453125,1126400,0.0,0.0
2018-10-02 00:00:00+09:00,1392.2648820935583,1392.2648820935583,1364.385791614743,1377.05810546875,1933200,0.0,0.0
2018-10-03 00:00:00+09:00,1375.3685204168285,1383.8167300016983,1350.0238916622186,1360.1617431640625,1371300,0.0,0.0
2018-10-04 00:00:00+09:00,1356.78248883314,1357.6273098099975,1334.817143434845,1342.4205322265625,2130900,0.0,0.0
2018-10-05 00:00:00+09:00,1325.52430022958,1330.5932268078957,1310.3175204946326,1314.5416259765625,1519100,0.0,0.0
2018-10-08 00:00:00+09:00,1314.5416259765625,1314.5416259765625,1314.5416259765625,1314.5416259765625,0,0.0,0.0
2018-10-09 00:00:00+09:00,1315.3864195011054,1327.2139146025925,1306.9382087143288,1313.69677734375,1926300,0.0,0.0
2018-10-10 00:00:00+09:00,1317.076132331096,1329.7484491912412,1308.627921090999,1319.610595703125,1307900,0.0,0.0
2018-10-11 00:00:00+09:00,1284.1279965929677,1288.3521018449183,1266.3867545347755,1282.4383544921875,2118300,0.0,0.0
2018-10-12 00:00:00+09:00,1271.4557509125257,1288.3521728515625,1262.1627188460554,1288.3521728515625,1683100,0.0,0.0
2018-10-15 00:00:00+09:00,1269.7659263482226,1273.9900312262937,1249.4902229334805,1252.8695068359375,1291300,0.0,0.0
2018-10-16 00:00:00+09:00,1236.818091351053,1253.7145133640454,1231.7491647471552,1243.57666015625,1602800,0.0,0.0
2018-10-17 00:00:00+09:00,1252.8696795326239,1277.3694912025132,1252.8696795326239,1273.1453857421875,1185500,0.0,0.0
2018-10-18 00:00:00+09:00,1275.6797398613205,1310.3174016721246,1274.8349188415448,1295.9554443359375,1468000,0.0,0.0
2018-10-19 00:00:00+09:00,1276.5245450745226,1295.955428288761,1275.679724065208,1291.7313232421875,1055200,0.0,0.0
2018-10-22 00:00:00+09:00,1284.1279732040464,1295.9554676940838,1279.9038680290332,1289.1968994140625,666600,0.0,0.0
2018-10-23 00:00:00+09:00,1246.1111234581988,1260.4730821692426,1241.8870179549508,1243.57666015625,1409000,0.0,0.0
2018-10-24 00:00:00+09:00,1243.5766207627119,1262.1626843882416,1236.8180521716101,1246.111083984375,1326500,0.0,0.0
2018-10-25 00:00:00+09:00,1222.4559949274515,1236.8179520205865,1212.3181428617088,1213.1629638671875,1112100,0.0,0.0
2018-10-26 00:00:00+09:00,1214.0075127259365,1221.6109000707752,1203.0248421167248,1212.31787109375,1160000,0.0,0.0
2018-10-29 00:00:00+09:00,1217.3870068426863,1230.059321278939,1214.007722993019,1222.4559326171875,1075400,0.0,0.0
2018-10-30 00:00:00+09:00,1220.7663662663406,1236.8179655459671,1217.3870822074718,1235.97314453125,1358200,0.0,0.0
2018-10-31 00:00:00+09:00,1241.8867357205459,1241.8867357205459,1215.6972875522895,1227.5247802734375,1657800,0.0,0.0
2018-11-01 00:00:00+09:00,1245.266162075372,1252.869551124679,1212.3181428617088,1213.1629638671875,1389900,0.0,0.0
2018-11-02 00:00:00+09:00,1309.472483767863,1361.8513831185774,1298.4898113233583,1315.38623046875,2650100,0.0,0.0
2018-11-05 00:00:00+09:00,1332.2827169693524,1375.3685879683612,1319.610401969644,1358.47216796875,1839600,0.0,0.0
2018-11-06 00:00:00+09:00,1366.0756242307898,1366.9204452723673,1332.2827825676904,1356.7825927734375,1324900,0.0,0.0
2018-11-07 00:00:00+09:00,1375.368655688142,1379.5927608960294,1349.1792033992401,1356.7825927734375,1271000,0.0,0.0
2018-11-08 00:00:00+09:00,1395.64453125,1416.7650598706114,1389.730783236229,1395.64453125,1381400,0.0,0.0
2018-11-09 00:00:00+09:00,1407.4717187382553,1414.2302864152698,1388.040836666839,1404.937255859375,1280100,0.0,0.0
2018-11-12 00:00:00+09:00,1399.8685503703791,1410.8512245736472,1382.972128519198,1385.506591796875,751300,0.0,0.0
2018-11-13 00:00:00+09:00,1351.713466761016,1386.351124346767,1345.7997203439365,1380.4373779296875,934200,0.0,0.0
2018-11-14 00:00:00+09:00,1388.8857640917056,1390.5754061404791,1349.1791759455316,1355.937744140625,1096000,0.0,0.0
2018-11-15 00:00:00+09:00,1340.7308771375533,1366.075506194974,1334.8171303574884,1364.3858642578125,910800,0.0,0.0
2018-11-16 00:00:00+09:00,1360.161900903785,1384.6617115411823,1352.5585113956272,1376.2135009765625,1033000,0.0,0.0
2018-11-19 00:00:00+09:00,1382.9720124744233,1419.29931640625,1382.9720124744233,1419.29931640625,1174300,0.0,0.0
2018-11-20 00:00:00+09:00,1402.4029298664668,1404.0925719506433,1377.0582986038198,1382.9720458984375,1020200,0.0,0.0
2018-11-21 00:00:00+09:00,1355.9377751205907,1366.075627644857,1337.3517121594361,1338.196533203125,1019700,0.0,0.0
2018-11-22 00:00:00+09:00,1323.8346105660041,1355.0929900114045,1312.0071156407175,1354.2481689453125,719600,0.0,0.0
2018-11-23 00:00:00+09:00,1354.2481689453125,1354.2481689453125,1354.2481689453125,1354.2481689453125,0,0.0,0.0
2018-11-26 00:00:00+09:00,1361.0066979813248,1376.2134767297196,1351.7136665239725,1356.7825927734375,762100,0.0,0.0
2018-11-27 00:00:00+09:00,1363.5410335113202,1363.5410335113202,1333.9722998230325,1349.1790771484375,1151600,0.0,0.0
2018-11-28 00:00:00+09:00,1339.0415526888546,1362.696545417743,1335.6622680132991,1359.3172607421875,771200,0.0,0.0
2018-11-29 00:00:00+09:00,1358.4719791748662,1359.3168000574376,1337.3514571105802,1341.5755615234375,1225000,0.0,0.0
2018-11-30 00:00:00+09:00,1339.0412417065338,1362.6962289417281,1324.6792851708801,1353.4031982421875,2497500,0.0,0.0
2018-12-03 00:00:00+09:00,1371.1444416221343,1391.420145010262,1367.7651577241131,1379.5926513671875,963100,0.0,0.0
2018-12-04 00:00:00+09:00,1380.4376377852825,1399.8685225276702,1375.3687113307467,1384.6617431640625,1292400,0.0,0.0
2018-12-05 00:00:00+09:00,1371.1444623214081,1400.7131968754743,1368.609999359631,1391.420166015625,1161400,0.0,0.0
2018-12-06 00:00:00+09:00,1382.971912446798,1409.1613622243487,1375.3685238017024,1386.3511962890625,1675400,0.0,0.0
2018-12-07 00:00:00+09:00,1368.6101231971154,1387.1961865985577,1350.024059795673,1372.834228515625,1389300,0.0,0.0
2018-12-10 00:00:00+09:00,1350.8687439549099,1352.5583859110761,1310.31733700692,1323.83447265625,775100,0.0,0.0
2018-12-11 00:00:00+09:00,1308.6276231228023,1339.0411766621316,1294.2656672847859,1336.5067138671875,1140700,0.0,0.0
2018-12-12 00:00:00+09:00,1357.62744140625,1370.2997572874533,1350.868872936275,1357.62744140625,669300,0.0,0.0
2018-12-13 00:00:00+09:00,1363.5412633758376,1372.8342955301957,1352.558589011596,1371.1446533203125,597300,0.0,0.0
2018-12-14 00:00:00+09:00,1369.4549321447953,1377.9031427070704,1339.8861951768324,1350.0240478515625,818200,0.0,0.0
2018-12-17 00:00:00+09:00,1353.4033440504809,1387.1961865985577,1344.9551334134617,1372.834228515625,925900,0.0,0.0
2018-12-18 00:00:00+09:00,1366.075702978306,1380.437661513019,1344.1103546310976,1377.9031982421875,960300,0.0,0.0
2018-12-19 00:00:00+09:00,1384.661632666165,1401.5580528329272,1366.9203914910645,1381.2823486328125,1138200,0.0,0.0
2018-12-20 00:00:00+09:00,1368.6099893792632,1370.2996313414599,1323.8344773810527,1331.4378662109375,642000,0.0,0.0
2018-12-21 00:00:00+09:00,1306.0931862747639,1317.0758586043705,1263.8521388531997,1273.989990234375,1276300,0.0,0.0
2018-12-24 00:00:00+09:00,1273.989990234375,1273.989990234375,1273.989990234375,1273.989990234375,0,0.0,0.0
2018-12-25 00:00:00+09:00,1215.697597449934,1224.9906298140406,1189.5081426056338,1199.64599609375,807900,0.0,0.0
2018-12-26 00:00:00+09:00,1214.007945076364,1257.093822041496,1214.007945076364,1236.818115234375,891300,0.0,0.0
2018-12-27 00:00:00+09:00,1269.7658401627436,1315.386169749429,1263.8520937348399,1306.0931396484375,872900,0.0,0.0
2018-12-28 00:00:00+09:00,1299.334905942281,1312.0072229703267,1287.5074100494385,1297.645263671875,608000,0.0,0.0
2018-12-31 00:00:00+09:00,1297.645263671875,1297.645263671875,1297.645263671875,1297.645263671875,0,0.0,0.0
2019-01-04 00:00:00+09:00,1262.162606375558,1279.0590268089657,1255.404038202195,1277.369384765625,1179300,0.0,0.0
2019-01-07 00:00:00+09:00,1309.4726719503617,1339.0414097040796,1290.0417871407758,1313.69677734375,1073500,0.0,0.0
2019-01-08 00:00:00+09:00,1306.0931396484375,1317.0758115859728,1286.6622585281825,1306.0931396484375,1025000,0.0,0.0
2019-01-09 00:00:00+09:00,1313.6965983072917,1344.9549739583333,1311.1621354166666,1330.593017578125,1121400,0.0,0.0
2019-01-10 00:00:00+09:00,1320.455166015625,1348.3342578125,1312.0069563802083,1330.593017578125,981200,0.0,0.0
2019-01-11 00:00:00+09:00,1332.2825036972094,1334.8169662914336,1309.4723403491912,1322.1446533203125,610500,0.0,0.0
2019-01-15 00:00:00+09:00,1314.5413097285548,1326.368802232539,1301.8689963314287,1308.6275634765625,802600,0.0,0.0
2019-01-16 00:00:00+09:00,1325.5240654699583,1325.5240654699583,1309.4724674814756,1311.162109375,555800,0.0,0.0
2019-01-17 00:00:00+09:00,1325.524091796875,1333.12748046875,1314.5414192708333,1330.593017578125,755800,0.0,0.0
2019-01-18 00:00:00+09:00,1336.5069304435485,1345.7999621975807,1330.5931829637098,1335.662109375,526900,0.0,0.0
2019-01-21 00:00:00+09:00,1344.9549739583333,1344.9549739583333,1326.3689127604166,1330.593017578125,499200,0.0,0.0
2019-01-22 00:00:00+09:00,1331.4379330626587,1336.5068592037603,1321.3000807804558,1329.748291015625,426700,0.0,0.0
2019-01-23 00:00:00+09:00,1309.4724951140436,1314.5414209015817,1301.869106432736,1312.0069580078125,439900,0.0,0.0
2019-01-24 00:00:00+09:00,1297.6452205882351,1306.0934316597732,1287.5073673023896,1292.5762939453125,636700,0.0,0.0
2019-01-25 00:00:00+09:00,1293.4207543167997,1314.541276105121,1290.0414708306682,1300.1793212890625,748700,0.0,0.0
2019-01-28 00:00:00+09:00,1295.955428288761,1308.6277434284816,1289.1968602142433,1291.7313232421875,544500,0.0,0.0
2019-01-29 00:00:00+09:00,1284.9728413754513,1305.2485469592848,1278.2142728475067,1301.8692626953125,691400,0.0,0.0
2019-01-30 00:00:00+09:00,1301.8691615931364,1306.9380875954457,1263.8522165758156,1268.921142578125,943600,0.0,0.0
2019-01-31 00:00:00+09:00,1294.26593615962,1306.938252766927,1284.9729039809283,1292.5762939453125,789200,0.0,0.0
2019-02-01 00:00:00+09:00,1288.352364721871,1307.7832528455451,1284.1282586080288,1294.26611328125,572900,0.0,0.0
2019-02-04 00:00:00+09:00,1305.2483627476643,1327.2137073634826,1301.0242580138531,1311.162109375,915700,0.0,0.0
2019-02-05 00:00:00+09:00,1306.9381014098522,1308.6277434284816,1286.6623971862991,1291.7313232421875,965700,0.0,0.0
2019-02-06 00:00:00+09:00,1232.59382811775,1235.9731120879153,1128.6808460351708,1137.973876953125,4713300,0.0,0.0
2019-02-07 00:00:00+09:00,1128.6808056151215,1132.0600894642685,1082.215652689349,1095.7327880859375,2357400,0.0,0.0
2019-02-08 00:00:00+09:00,1083.0605977049213,1088.9743451182867,1045.043650047572,1050.9573974609375,2246900,0.0,0.0
2019-02-12 00:00:00+09:00,1043.3539513887993,1051.802161521502,1022.2334260570422,1023.0782470703125,2472800,0.0,0.0
2019-02-13 00:00:00+09:00,1046.7332256188554,1064.4744667310392,1033.2160895333818,1052.64697265625,2150800,0.0,0.0
2019-02-14 00:00:00+09:00,1070.38802792254,1087.284445095745,1058.5605359012966,1061.9398193359375,1687500,0.0,0.0
2019-02-15 00:00:00+09:00,1057.715939125049,1084.750212329523,1050.9573708239304,1076.302001953125,1191300,0.0,0.0
2019-02-18 00:00:00+09:00,1077.9917457397366,1094.0433469694037,1076.302103505035,1090.6640625,895300,0.0,0.0
2019-02-19 00:00:00+09:00,1088.1294107695282,1099.9569043648492,1085.5949478562452,1092.353515625,1189100,0.0,0.0
2019-02-20 00:00:00+09:00,1088.129422184106,1102.4913788433682,1076.3019284647135,1088.9742431640625,1241300,0.0,0.0
2019-02-21 00:00:00+09:00,1088.974268378281,1116.0085403628466,1087.2846263792458,1108.4051513671875,1336400,0.0,0.0
2019-02-22 00:00:00+09:00,1102.4915531620395,1120.2327965462562,1099.957089821437,1109.2501220703125,893300,0.0,0.0
2019-02-25 00:00:00+09:00,1106.7153653231533,1119.3876786665483,1099.956798206676,1115.16357421875,1002900,0.0,0.0
2019-02-26 00:00:00+09:00,1119.3876786665483,1126.9910666725852,1105.8705444335938,1115.16357421875,707400,0.0,0.0
2019-02-27 00:00:00+09:00,1102.491659461905,1114.3191561917645,1096.5779110969752,1105.026123046875,1159000,0.0,0.0
2019-02-28 00:00:00+09:00,1094.8880615234375,1112.6293032610859,1094.0432404883113,1094.8880615234375,1352200,0.0,0.0
2019-03-01 00:00:00+09:00,1094.8880153749049,1109.2499723667052,1091.508731376834,1108.4051513671875,762700,0.0,0.0
2019-03-04 00:00:00+09:00,1119.3879198064155,1121.9223830210717,1099.1122140891673,1107.5604248046875,763700,0.0,0.0
2019-03-05 00:00:00+09:00,1106.71565872971,1116.0086909785855,1102.4915531620395,1109.2501220703125,766100,0.0,0.0
2019-03-06 00:00:00+09:00,1103.3363350633429,1121.0775778170414,1102.4915139798336,1111.7845458984375,813600,0.0,0.0
2019-03-07 00:00:00+09:00,1106.7156672551082,1112.6294150954027,1088.9744237342247,1098.2674560546875,934000,0.0,0.0
2019-03-08 00:00:00+09:00,1083.9053563048271,1100.801776512229,1083.9053563048271,1086.4398193359375,894000,0.0,0.0
2019-03-11 00:00:00+09:00,1077.1464950357433,1080.5257781574242,1064.4741833294404,1073.7672119140625,568100,0.0,0.0
2019-03-12 00:00:00+09:00,1078.8363800874902,1099.9569043648492,1077.9915591163958,1092.353515625,535300,0.0,0.0
2019-03-13 00:00:00+09:00,1082.215808437956,1092.3536614444006,1078.8365241024744,1085.5950927734375,550500,0.0,0.0
2019-03-14 00:00:00+09:00,1088.974377108919,1098.2674090314931,1083.9054506056966,1085.5950927734375,616600,0.0,0.0
2019-03-15 00:00:00+09:00,1079.6812076568604,1092.3535223007202,1073.767460823059,1081.370849609375,1506100,0.0,0.0
2019-03-18 00:00:00+09:00,1103.33638277494,1103.33638277494,1093.198529334435,1098.2674560546875,486000,0.0,0.0
2019-03-19 00:00:00+09:00,1109.2502318130992,1121.9225497698367,1102.4916622361725,1112.6295166015625,785400,0.0,0.0
2019-03-20 00:00:00+09:00,1123.6117719667554,1125.3014137291116,1104.1808916996613,1118.5428466796875,1000700,0.0,0.0
2019-03-22 00:00:00+09:00,1121.077459371315,1126.146385336822,1109.2499654517985,1119.3878173828125,1167500,0.0,0.0
2019-03-25 00:00:00+09:00,1096.5776573739402,1113.4740773642936,1093.1983733758693,1108.4051513671875,752900,0.0,0.0
2019-03-26 00:00:00+09:00,1128.6807028905664,1149.8012250254947,1121.0773149219922,1126.146240234375,1162500,0.0,0.0
2019-03-27 00:00:00+09:00,1111.5658073512586,1133.865738671577,1102.1312210234314,1124.43115234375,671000,20.0,0.0
2019-03-28 00:00:00+09:00,1104.7040078366874,1113.280902307469,1100.4155606012964,1108.134765625,510800,0.0,0.0
2019-03-29 00:00:00+09:00,1113.2813042119305,1127.0043403193195,1112.4236144552187,1120.142822265625,842000,0.0,0.0
2019-04-01 00:00:00+09:00,1123.5734702492193,1140.7272636881387,1117.5696425455976,1133.008056640625,547000,0.0,0.0
2019-04-02 00:00:00+09:00,1145.015668294516,1145.015668294516,1133.865702985281,1139.0118408203125,628700,0.0,0.0
2019-04-03 00:00:00+09:00,1134.7231346763733,1143.3000291183716,1123.5731719017756,1126.146240234375,481400,0.0,0.0
2019-04-04 00:00:00+09:00,1134.723309456034,1134.723309456034,1125.2887241166413,1128.719482421875,236700,0.0,0.0
2019-04-05 00:00:00+09:00,1121.0004951401743,1135.5812207846907,1117.5697361649939,1129.577392578125,589500,0.0,0.0
2019-04-08 00:00:00+09:00,1139.0116717575188,1144.1578088287124,1133.0078451744596,1140.72705078125,315800,0.0,0.0
2019-04-09 00:00:00+09:00,1145.8731359210155,1151.019272758984,1137.2962411910678,1138.1539306640625,401600,0.0,0.0
2019-04-10 00:00:00+09:00,1121.000201685425,1129.5770968781214,1118.4271331276161,1127.0040283203125,242900,0.0,0.0
2019-04-11 00:00:00+09:00,1130.434814453125,1135.5809516964623,1128.7194353720124,1130.434814453125,290800,0.0,0.0
2019-04-12 00:00:00+09:00,1142.442401592548,1142.442401592548,1133.007817195012,1137.2962646484375,696400,0.0,0.0
2019-04-15 00:00:00+09:00,1157.0232958804197,1167.3155713070803,1149.3040893104244,1162.16943359375,746800,0.0,0.0
2019-04-16 00:00:00+09:00,1165.6000178410457,1178.465360201322,1157.0231229341946,1159.59619140625,616500,0.0,0.0
2019-04-17 00:00:00+09:00,1158.7383513408174,1163.8844876162023,1150.1614575485094,1156.165283203125,643600,0.0,0.0
2019-04-18 00:00:00+09:00,1156.1654240115033,1162.1692503973197,1145.8731502072467,1151.019287109375,504700,0.0,0.0
2019-04-19 00:00:00+09:00,1161.3114194785098,1169.888313270818,1155.3075938238942,1156.165283203125,668500,0.0,0.0
2019-04-22 00:00:00+09:00,1156.1655024857955,1182.7538782848012,1150.1616756924716,1179.3231201171875,595300,0.0,0.0
2019-04-23 00:00:00+09:00,1176.7501772673234,1193.046280305282,1172.4617290994395,1183.6116943359375,865000,0.0,0.0
2019-04-24 00:00:00+09:00,1193.0462004570568,1198.1923379140967,1174.1770297812443,1177.6077880859375,1156200,0.0,0.0
2019-04-25 00:00:00+09:00,1187.9001425038214,1198.1924181067425,1181.0386254352072,1183.6116943359375,739400,0.0,0.0
2019-04-26 00:00:00+09:00,1174.1771508023949,1223.9231513477118,1148.446460865162,1204.1962890625,1792900,0.0,0.0
2019-05-07 00:00:00+09:00,1204.1964422487745,1207.6272013435005,1171.604230848879,1181.038818359375,1919500,0.0,0.0
2019-05-08 00:00:00+09:00,1188.7576849638526,1213.6306812581902,1181.896168744725,1206.7691650390625,1576400,0.0,0.0
2019-05-09 00:00:00+09:00,1200.7653247350934,1211.9152884647765,1182.753844864067,1193.90380859375,1246700,0.0,0.0
2019-05-10 00:00:00+09:00,1199.9074469747493,1202.4805151240876,1149.3037733710967,1160.4537353515625,1242300,0.0,0.0
2019-05-13 00:00:00+09:00,1152.7345564223513,1202.4805417441491,1148.4461094118515,1181.89599609375,1040300,0.0,0.0
2019-05-14 00:00:00+09:00,1149.3039036706714,1172.461519640155,1141.58469834751,1169.03076171875,1016300,0.0,0.0
2019-05-15 00:00:00+09:00,1181.8962316680372,1181.8962316680372,1151.8770966111567,1173.3193359375,989000,0.0,0.0
2019-05-16 00:00:00+09:00,1185.3267537021497,1185.3267537021497,1166.4575868559507,1181.89599609375,853700,0.0,0.0
2019-05-17 00:00:00+09:00,1193.0461791557773,1206.7692121295318,1190.4731104731984,1205.0538330078125,853600,0.0,0.0
2019-05-20 00:00:00+09:00,1209.3421027799434,1221.349754864283,1204.195966172369,1220.4920654296875,574300,0.0,0.0
2019-05-21 00:00:00+09:00,1209.342485534194,1222.2078311249834,1206.7694164160364,1215.3463134765625,736300,0.0,0.0
2019-05-22 00:00:00+09:00,1224.780760670186,1229.0692087117484,1191.3308659460004,1198.1923828125,885600,0.0,0.0
2019-05-23 00:00:00+09:00,1190.4728901147496,1203.338231146249,1175.0344808769503,1181.89599609375,1042700,0.0,0.0
2019-05-24 00:00:00+09:00,1166.4577769886364,1184.469257368608,1163.0270188210227,1179.3231201171875,860400,0.0,0.0
2019-05-27 00:00:00+09:00,1173.319348647641,1193.0462090415706,1170.7462799006066,1186.1846923828125,467600,0.0,0.0
2019-05-28 00:00:00+09:00,1168.1731574169523,1176.7500528458581,1157.023193359375,1157.023193359375,1296800,0.0,0.0
2019-05-29 00:00:00+09:00,1150.1616738859184,1153.5924320481433,1129.5771249125687,1130.434814453125,963900,0.0,0.0
2019-05-30 00:00:00+09:00,1111.5657446345708,1112.4234342523444,1084.119676865816,1108.99267578125,1328500,0.0,0.0
2019-05-31 00:00:00+09:00,1108.1349820912994,1115.8541886228952,1100.415775559704,1104.7042236328125,752000,0.0,0.0
2019-06-03 00:00:00+09:00,1086.6926224069248,1096.984896652294,1077.2580376820026,1082.4041748046875,601100,0.0,0.0
2019-06-04 00:00:00+09:00,1074.6851215977822,1080.688949092742,1060.9620873235888,1063.53515625,986100,0.0,0.0
2019-06-05 00:00:00+09:00,1076.400358099042,1082.4041847976023,1061.8196361168239,1068.68115234375,1330900,0.0,0.0
2019-06-06 00:00:00+09:00,1059.2466732198127,1081.546603182335,1059.2466732198127,1078.1158447265625,1206000,0.0,0.0
2019-06-07 00:00:00+09:00,1080.6888599395752,1099.5580305099486,1080.6888599395752,1097.8426513671875,1086400,0.0,0.0
2019-06-10 00:00:00+09:00,1111.5657099833015,1127.0041226219585,1101.2734348908637,1123.5733642578125,881700,0.0,0.0
2019-06-11 00:00:00+09:00,1126.1462732912373,1138.153925862507,1122.7155154137315,1133.865478515625,608100,0.0,0.0
2019-06-12 00:00:00+09:00,1126.1464413729582,1140.7271645285866,1123.5733725807884,1132.1502685546875,544600,0.0,0.0
2019-06-13 00:00:00+09:00,1122.7155623045367,1128.7193888409245,1106.4194617057694,1109.8502197265625,573800,0.0,0.0
2019-06-14 00:00:00+09:00,1117.569505109501,1126.1464007741943,1111.565678144216,1115.8541259765625,586900,0.0,0.0
2019-06-17 00:00:00+09:00,1111.5656973938223,1119.284903625724,1106.419559905888,1110.7080078125,531400,0.0,0.0
2019-06-18 00:00:00+09:00,1104.7042630473647,1115.8542284352652,1091.838918369018,1094.4119873046875,419600,0.0,0.0
2019-06-19 00:00:00+09:00,1106.4197558518456,1113.2812737175934,1096.9851687864423,1112.423583984375,539700,0.0,0.0
2019-06-20 00:00:00+09:00,1113.281023642,1133.0078830747937,1113.281023642,1130.434814453125,721200,0.0,0.0
2019-06-21 00:00:00+09:00,1138.1540744148165,1138.1540744148165,1108.1349390685327,1110.7080078125,1518000,0.0,0.0
2019-06-24 00:00:00+09:00,1122.7156553877162,1130.4348615744918,1114.9964492009403,1128.719482421875,487400,0.0,0.0
2019-06-25 00:00:00+09:00,1124.4309552034592,1141.5847455193014,1121.8578866560829,1122.715576171875,721000,0.0,0.0
2019-06-26 00:00:00+09:00,1108.992572775532,1113.281020466079,1097.8426087801088,1103.846435546875,781400,0.0,0.0
2019-06-27 00:00:00+09:00,1097.8426032110092,1122.7155996900085,1097.8426032110092,1121.85791015625,713300,0.0,0.0
2019-06-28 00:00:00+09:00,1119.2848181087065,1127.0040237508356,1114.1386810139538,1122.715576171875,663600,0.0,0.0
2019-07-01 00:00:00+09:00,1148.4463681451987,1154.4501953125,1142.4425409778976,1154.4501953125,715500,0.0,0.0
2019-07-02 00:00:00+09:00,1154.450011794941,1157.0230801718985,1141.5846699101535,1143.300048828125,505000,0.0,0.0
2019-07-03 00:00:00+09:00,1139.0116201370572,1153.5923411779684,1132.150104353099,1138.1539306640625,455100,0.0,0.0
2019-07-04 00:00:00+09:00,1149.3043040311575,1160.454271159818,1142.4427857981357,1158.7388916015625,342700,0.0,0.0
2019-07-05 00:00:00+09:00,1156.1655635525651,1168.1732177734375,1147.5886676805135,1168.1732177734375,442700,0.0,0.0
2019-07-08 00:00:00+09:00,1163.0267982369714,1164.742176995433,1152.7345256862018,1156.165283203125,525600,0.0,0.0
2019-07-09 00:00:00+09:00,1161.3117439748617,1181.8962948281826,1159.5963647370847,1162.16943359375,730700,0.0,0.0
2019-07-10 00:00:00+09:00,1156.1655038164845,1169.8885365027336,1152.7347456449222,1157.023193359375,610100,0.0,0.0
2019-07-11 00:00:00+09:00,1170.746271476551,1180.1808568144575,1165.6001340195114,1177.6077880859375,583200,0.0,0.0
2019-07-12 00:00:00+09:00,1186.1847511375342,1186.1847511375342,1167.3155793913118,1170.746337890625,490400,0.0,0.0
2019-07-16 00:00:00+09:00,1163.0271507171265,1167.315598912986,1138.1541511811406,1139.0118408203125,891200,0.0,0.0
2019-07-17 00:00:00+09:00,1129.5771955947005,1133.0079539716016,1119.2849204639972,1127.86181640625,805000,0.0,0.0
2019-07-18 00:00:00+09:00,1122.715486225329,1128.7193123548761,1100.4155606012964,1108.134765625,615600,0.0,0.0
2019-07-19 00:00:00+09:00,1117.569537120557,1129.577191395068,1113.2810891653746,1123.5733642578125,501300,0.0,0.0
2019-07-22 00:00:00+09:00,1110.7078339662346,1114.9962812016254,1099.5578711542182,1108.134765625,485200,0.0,0.0
2019-07-23 00:00:00+09:00,1098.7003963304603,1112.4234301644083,1094.4119482573515,1104.7042236328125,431200,0.0,0.0
2019-07-24 00:00:00+09:00,1120.142493788942,1120.142493788942,1103.8463931901747,1109.8502197265625,409700,0.0,0.0
2019-07-25 00:00:00+09:00,1105.5617441103439,1111.565570494186,1098.7002282430958,1106.41943359375,559700,0.0,0.0
2019-07-26 00:00:00+09:00,1098.7001817071402,1111.5655234133128,1098.7001817071402,1108.134765625,407700,0.0,0.0
2019-07-29 00:00:00+09:00,1114.99658203125,1122.7157891376203,1107.27737492488,1114.99658203125,681000,0.0,0.0
2019-07-30 00:00:00+09:00,1133.00799439818,1204.1962332589285,1126.1464773995535,1170.746337890625,2371100,0.0,0.0
2019-07-31 00:00:00+09:00,1172.461771473246,1221.3500823539887,1168.173323150374,1204.1962890625,1808800,0.0,0.0
2019-08-01 00:00:00+09:00,1193.0459583210495,1208.4843675588488,1169.8883444643504,1181.89599609375,1066900,0.0,0.0
2019-08-02 00:00:00+09:00,1163.027340497201,1181.0388258588835,1147.5889244729021,1158.7388916015625,881500,0.0,0.0
2019-08-05 00:00:00+09:00,1141.5847683153052,1144.1578369140625,1122.7155985910854,1144.1578369140625,737700,0.0,0.0
2019-08-06 00:00:00+09:00,1118.4273735188196,1154.4503410708062,1114.138925000726,1153.5926513671875,995300,0.0,0.0
2019-08-07 00:00:00+09:00,1157.8809814453125,1168.1732568359375,1153.5925333658854,1157.8809814453125,1026800,0.0,0.0
2019-08-08 00:00:00+09:00,1153.5925015329335,1158.7386390862405,1139.0117784652311,1150.1617431640625,704600,0.0,0.0
2019-08-09 00:00:00+09:00,1151.0195511686586,1156.16568925138,1141.5849646836698,1145.8734130859375,530800,0.0,0.0
2019-08-13 00:00:00+09:00,1130.434583014537,1133.007651109411,1117.5692425401683,1121.0,852800,0.0,0.0
2019-08-14 00:00:00+09:00,1123.5735812924722,1126.1466505626076,1113.2813042119305,1120.142822265625,721800,0.0,0.0
2019-08-15 00:00:00+09:00,1095.269633815703,1104.7042195416018,1090.9811857584762,1100.415771484375,932900,0.0,0.0
2019-08-16 00:00:00+09:00,1089.2656392494528,1108.9924972831043,1082.404123411661,1102.1309814453125,1054500,0.0,0.0
2019-08-19 00:00:00+09:00,1127.8618521363867,1145.873334185713,1120.1426455438182,1139.8695068359375,2189500,0.0,0.0
2019-08-20 00:00:00+09:00,1151.877259332235,1167.315673828125,1142.442672695858,1167.315673828125,921400,0.0,0.0
2019-08-21 00:00:00+09:00,1155.307599052886,1161.3114247346753,1145.0153264555329,1160.4537353515625,744200,0.0,0.0
2019-08-22 00:00:00+09:00,1158.7386046734052,1167.315500340862,1151.8770881394398,1164.742431640625,649500,0.0,0.0
2019-08-23 00:00:00+09:00,1169.030947255018,1187.0424292009866,1166.4578784055939,1184.4693603515625,688400,0.0,0.0
2019-08-26 00:00:00+09:00,1158.7387104131951,1178.465572248505,1156.1656414781546,1174.1771240234375,912700,0.0,0.0
2019-08-27 00:00:00+09:00,1203.3384050940551,1254.7997766590183,1202.4807155679725,1251.3690185546875,2601900,0.0,0.0
2019-08-28 00:00:00+09:00,1275.3844341252127,1280.530571720876,1241.9345397534014,1260.8037109375,1774100,0.0,0.0
2019-08-29 00:00:00+09:00,1264.2342280775536,1267.664985819962,1240.2189238806936,1242.7919921875,887200,0.0,0.0
2019-08-30 00:00:00+09:00,1254.7997248722957,1256.5151038536658,1238.5036245492788,1248.7958984375,1094300,0.0,0.0
2019-09-02 00:00:00+09:00,1248.795818236715,1259.0880914639406,1241.0766133162956,1242.7919921875,717100,0.0,0.0
2019-09-03 00:00:00+09:00,1246.2228206966236,1268.5227472885797,1246.2228206966236,1262.5189208984375,651300,0.0,0.0
2019-09-04 00:00:00+09:00,1252.2267170614577,1265.9497495771998,1242.792132206885,1259.9459228515625,776300,0.0,0.0
2019-09-05 00:00:00+09:00,1269.3806900250927,1281.388345201006,1268.5230003696704,1271.0960693359375,977500,0.0,0.0
2019-09-06 00:00:00+09:00,1277.9574209896007,1280.5304896224657,1266.8074569138525,1277.0997314453125,689800,0.0,0.0
2019-09-09 00:00:00+09:00,1277.0997358574925,1281.38818359375,1270.2382194794804,1281.38818359375,604400,0.0,0.0
2019-09-10 00:00:00+09:00,1277.0998063576774,1297.6843566280495,1265.9498416278923,1278.815185546875,1118900,0.0,0.0
2019-09-11 00:00:00+09:00,1278.8150779105522,1284.8189045674092,1264.2343560296135,1269.3804931640625,1231700,0.0,0.0
2019-09-12 00:00:00+09:00,1282.2460228546918,1301.1151950973695,1279.6729539125083,1284.819091796875,911100,0.0,0.0
2019-09-13 00:00:00+09:00,1297.6844794414985,1314.8382729569182,1282.2460652776208,1305.4036865234375,1059300,0.0,0.0
2019-09-17 00:00:00+09:00,1313.1227791489882,1325.1304335631526,1298.5420559317884,1313.98046875,839000,0.0,0.0
2019-09-18 00:00:00+09:00,1315.695852087315,1330.2765753503425,1308.8343352576549,1318.2689208984375,775200,0.0,0.0
2019-09-19 00:00:00+09:00,1315.69590712859,1326.8458724432392,1309.6920796514714,1325.1304931640625,795900,0.0,0.0
2019-09-20 00:00:00+09:00,1332.8496357556176,1337.9957733454075,1302.8304998151757,1309.6920166015625,1306800,0.0,0.0
2019-09-24 00:00:00+09:00,1318.2687799202802,1330.276433088064,1296.8265421206659,1323.4149169921875,1065700,0.0,0.0
2019-09-25 00:00:00+09:00,1319.9843196657107,1327.7035262134634,1306.2612858030393,1313.122802734375,932400,0.0,0.0
2019-09-26 00:00:00+09:00,1321.6995051457332,1356.007084773137,1321.6995051457332,1337.99560546875,1494700,0.0,0.0
2019-09-27 00:00:00+09:00,1337.9958897964784,1341.4712037959498,1322.3569767988572,1335.389404296875,644500,20.0,0.0
2019-09-30 00:00:00+09:00,1324.0943971664187,1331.0450239231977,1311.061971997458,1313.66845703125,837300,0.0,0.0
2019-10-01 00:00:00+09:00,1324.0943695599615,1349.2903910279658,1324.0943695599615,1347.552734375,889100,0.0,0.0
2019-10-02 00:00:00+09:00,1347.5526410363495,1364.0603780961112,1346.6838127700462,1351.0279541015625,633500,0.0,0.0
2019-10-03 00:00:00+09:00,1331.9141179504988,1341.471231647469,1330.176460914686,1338.86474609375,560600,0.0,0.0
2019-10-04 00:00:00+09:00,1344.9464511908375,1344.9464511908375,1326.7010535971633,1342.3399658203125,613300,0.0,0.0
2019-10-07 00:00:00+09:00,1347.5528281963325,1348.4216565833062,1333.651574004752,1344.0775146484375,557700,0.0,0.0
2019-10-08 00:00:00+09:00,1356.2412942836638,1369.2737218392401,1351.8971517651382,1366.667236328125,716900,0.0,0.0
2019-10-09 00:00:00+09:00,1360.5851432332795,1377.9617095580977,1357.9786582845566,1375.355224609375,807600,0.0,0.0
2019-10-10 00:00:00+09:00,1370.1425348298956,1371.8801918176316,1343.2088515199864,1357.110107421875,603800,0.0,0.0
2019-10-11 00:00:00+09:00,1359.7164256139654,1359.7164256139654,1337.995715939621,1344.0775146484375,592100,0.0,0.0
2019-10-15 00:00:00+09:00,1362.322969948849,1369.2735973465471,1354.5035141264386,1358.84765625,655300,0.0,0.0
2019-10-16 00:00:00+09:00,1374.486389901158,1375.3552182133585,1348.4215405351438,1359.71630859375,654200,0.0,0.0
2019-10-17 00:00:00+09:00,1355.3721733358338,1382.3058511393024,1351.8968600708702,1375.355224609375,922200,0.0,0.0
2019-10-18 00:00:00+09:00,1364.9294102609042,1367.535895449181,1342.339871962506,1345.815185546875,805000,0.0,0.0
2019-10-21 00:00:00+09:00,1350.1591258352591,1357.9785802319884,1344.0773279711364,1351.0279541015625,416700,0.0,0.0
2019-10-23 00:00:00+09:00,1358.8474802815495,1361.4539652181509,1345.8150555985424,1359.71630859375,607500,0.0,0.0
2019-10-24 00:00:00+09:00,1370.1422942728937,1376.2240926621835,1369.2734659315663,1372.748779296875,482600,0.0,0.0
2019-10-25 00:00:00+09:00,1379.69921875,1384.043359866971,1368.4044518458752,1379.69921875,756600,0.0,0.0
2019-10-28 00:00:00+09:00,1376.2242813692749,1376.2242813692749,1361.454197541448,1365.79833984375,450300,0.0,0.0
2019-10-29 00:00:00+09:00,1365.7980780299088,1370.1422194994695,1354.5033102090506,1356.240966796875,802500,0.0,0.0
2019-10-30 00:00:00+09:00,1358.8475972269916,1360.5852540009391,1340.6022011005423,1344.0775146484375,924500,0.0,0.0
2019-10-31 00:00:00+09:00,1347.5530017633089,1348.4218302621891,1313.668690306978,1327.5699462890625,1487400,0.0,0.0
2019-11-01 00:00:00+09:00,1466.582362104118,1491.7783860976128,1441.386338110623,1484.8277587890625,3031700,0.0,0.0
2019-11-05 00:00:00+09:00,1483.959004768608,1490.0408039684796,1450.9435233978782,1456.156494140625,1263400,0.0,0.0
2019-11-06 00:00:00+09:00,1454.4189669906327,1458.7631096638424,1406.6333975853252,1418.7969970703125,1419600,0.0,0.0
2019-11-07 00:00:00+09:00,1441.386516179265,1453.5501154719173,1430.9605739284207,1446.5994873046875,732800,0.0,0.0
2019-11-08 00:00:00+09:00,1450.9433653115502,1451.8121936740122,1421.403200987842,1429.22265625,823700,0.0,0.0
2019-11-11 00:00:00+09:00,1436.1733515613134,1438.7798367728585,1425.7474107151334,1430.091552734375,359000,0.0,0.0
2019-11-12 00:00:00+09:00,1429.2227035714454,1451.8122417433951,1426.6162183977588,1450.0745849609375,602900,0.0,0.0
2019-11-13 00:00:00+09:00,1442.2550760842425,1443.1239044433294,1407.5019417207668,1413.583740234375,919000,0.0,0.0
2019-11-14 00:00:00+09:00,1406.6333534330813,1414.4528099994172,1385.7814692561858,1397.945068359375,589100,0.0,0.0
2019-11-15 00:00:00+09:00,1393.6008964672424,1402.2891813579358,1381.4372976202715,1386.6502685546875,687200,0.0,0.0
2019-11-18 00:00:00+09:00,1382.3058542989606,1390.1253091630024,1374.4863994349187,1383.1746826171875,524000,0.0,0.0
2019-11-19 00:00:00+09:00,1381.436929107839,1389.2563834235439,1378.8304443359375,1378.8304443359375,459900,0.0,0.0
2019-11-20 00:00:00+09:00,1369.2733335056316,1379.699272593238,1364.929192219129,1378.8304443359375,507000,0.0,0.0
2019-11-21 00:00:00+09:00,1372.7487254037198,1383.1746650903303,1358.8474724882392,1373.6175537109375,632000,0.0,0.0
2019-11-22 00:00:00+09:00,1379.699308655754,1380.568136935764,1366.6668844556052,1368.404541015625,572900,0.0,0.0
2019-11-25 00:00:00+09:00,1373.6177698303495,1377.9619120499267,1365.7983138351103,1370.1424560546875,421800,0.0,0.0
2019-11-26 00:00:00+09:00,1372.748707765227,1375.3551926533887,1359.7162833244179,1364.0604248046875,759100,0.0,0.0
2019-11-27 00:00:00+09:00,1370.1421975756448,1375.3551672557044,1365.7980561755953,1368.404541015625,434000,0.0,0.0
2019-11-28 00:00:00+09:00,1389.2566717977577,1390.994328673052,1372.7489314824622,1384.043701171875,776200,0.0,0.0
2019-11-29 00:00:00+09:00,1390.125400767891,1394.4695426452909,1370.1423481318527,1371.8800048828125,487600,0.0,0.0
2019-12-02 00:00:00+09:00,1371.8802903810135,1384.0438901690654,1371.0114618247242,1377.09326171875,379100,0.0,0.0
2019-12-03 00:00:00+09:00,1368.404541015625,1376.2239955357143,1357.109773375496,1368.404541015625,680600,0.0,0.0
2019-12-04 00:00:00+09:00,1368.4045980794476,1377.092881241857,1362.3227998657612,1375.355224609375,431000,0.0,0.0
2019-12-05 00:00:00+09:00,1375.3551313067353,1382.3057573651395,1363.191535704528,1378.8304443359375,615200,0.0,0.0
2019-12-06 00:00:00+09:00,1372.749118937303,1379.6997473876183,1362.3231762618298,1377.09326171875,640500,0.0,0.0
2019-12-09 00:00:00+09:00,1381.4369864628234,1388.3876128098061,1378.8305015827048,1385.7811279296875,527000,0.0,0.0
2019-12-10 00:00:00+09:00,1390.1252693965516,1391.8629259832974,1384.0434713429418,1385.7811279296875,524300,0.0,0.0
2019-12-11 00:00:00+09:00,1389.2566340081046,1396.2072613202151,1384.0436635240214,1394.4696044921875,755400,0.0,0.0
2019-12-12 00:00:00+09:00,1390.1254669208256,1416.190319425591,1380.568354335745,1410.1085205078125,898900,0.0,0.0
2019-12-13 00:00:00+09:00,1420.534626379417,1423.1411119324068,1404.0268845438152,1415.3216552734375,1127300,0.0,0.0
2019-12-16 00:00:00+09:00,1419.6655216028194,1424.0096633457902,1404.026611328125,1404.026611328125,535400,0.0,0.0
2019-12-17 00:00:00+09:00,1411.846351147887,1413.5840081954536,1384.0438383868209,1393.6009521484375,1067400,0.0,0.0
2019-12-18 00:00:00+09:00,1396.2071167519978,1408.3707132887296,1392.7318034557886,1406.633056640625,610000,0.0,0.0
2019-12-19 00:00:00+09:00,1412.714854908991,1423.1407947976181,1401.4200866963115,1406.633056640625,759700,0.0,0.0
2019-12-20 00:00:00+09:00,1407.5019218288153,1416.1902052968944,1395.3383249735045,1396.2071533203125,708100,0.0,0.0
2019-12-23 00:00:00+09:00,1390.125248015873,1390.994076295883,1364.9292278955852,1368.404541015625,690000,0.0,0.0
2019-12-24 00:00:00+09:00,1379.6994979459157,1386.650125139598,1357.978787965659,1361.4541015625,517700,0.0,0.0
2019-12-25 00:00:00+09:00,1360.58553183668,1374.4867888669398,1360.58553183668,1371.011474609375,573200,0.0,0.0
2019-12-26 00:00:00+09:00,1374.4866834886382,1388.387939453125,1364.060741515273,1388.387939453125,482100,0.0,0.0
2019-12-27 00:00:00+09:00,1393.6009104398076,1407.5021664042945,1388.387939453125,1388.387939453125,751400,0.0,0.0
2019-12-30 00:00:00+09:00,1390.9941343017115,1394.4694475666752,1373.6175679768933,1375.355224609375,303100,0.0,0.0
2020-01-06 00:00:00+09:00,1359.716703272289,1377.962103124505,1357.9790461435064,1371.011474609375,590800,0.0,0.0
2020-01-07 00:00:00+09:00,1371.8801979952968,1393.6009104398076,1370.142540999736,1388.387939453125,920900,0.0,0.0
2020-01-08 00:00:00+09:00,1376.2239955357143,1386.6499348958332,1364.9292278955852,1368.404541015625,804500,0.0,0.0
2020-01-09 00:00:00+09:00,1379.6994602621319,1380.5682886376119,1367.535863005413,1371.8800048828125,658900,0.0,0.0
2020-01-10 00:00:00+09:00,1372.7487396606523,1384.0435077717843,1370.1422547119296,1375.355224609375,627000,0.0,0.0
2020-01-14 00:00:00+09:00,1380.5685367858923,1390.1256506340012,1372.7490800010762,1387.5191650390625,960700,0.0,0.0
2020-01-15 00:00:00+09:00,1390.9945206192979,1393.6010062919138,1377.0932636986804,1392.732177734375,826000,0.0,0.0
2020-01-16 00:00:00+09:00,1396.207212401141,1417.059093606883,1395.3383840175684,1410.977294921875,884500,0.0,0.0
2020-01-17 00:00:00+09:00,1409.2399203276084,1410.1087488851472,1388.3880349466822,1392.732177734375,535900,0.0,0.0
2020-01-20 00:00:00+09:00,1397.945038912589,1398.8138674016584,1382.3061261093408,1386.6502685546875,442200,0.0,0.0
2020-01-21 00:00:00+09:00,1380.5681008505385,1387.5187269089427,1374.4863030494348,1378.8304443359375,413100,0.0,0.0
2020-01-22 00:00:00+09:00,1377.0929380904797,1385.7812216115553,1371.8799679778344,1382.305908203125,366000,0.0,0.0
2020-01-23 00:00:00+09:00,1370.1422483401557,1377.0928748377596,1359.71630859375,1359.71630859375,559900,0.0,0.0
2020-01-24 00:00:00+09:00,1357.1098236571486,1359.71630859375,1346.6838839107427,1359.71630859375,619900,0.0,0.0
2020-01-27 00:00:00+09:00,1336.2580988592433,1345.8152113998492,1326.7009863186377,1341.4710693359375,682700,0.0,0.0
2020-01-28 00:00:00+09:00,1337.1270723060743,1337.995900813096,1314.5375311235157,1321.4881591796875,871700,0.0,0.0
2020-01-29 00:00:00+09:00,1321.4880790785394,1331.0451920764774,1313.6686229893173,1326.7010498046875,793300,0.0,0.0
2020-01-30 00:00:00+09:00,1320.6192184904485,1325.832189089753,1300.6361645264483,1307.5867919921875,621600,0.0,0.0
2020-01-31 00:00:00+09:00,1310.193234943087,1323.225661020107,1302.373779296875,1302.373779296875,832400,0.0,0.0
2020-02-03 00:00:00+09:00,1278.9155151284654,1291.9479422527363,1275.4402012286596,1284.997314453125,693500,0.0,0.0
2020-02-04 00:00:00+09:00,1279.7841541667108,1287.603609283819,1271.095870703257,1284.1282958984375,824300,0.0,0.0
2020-02-05 00:00:00+09:00,1308.4556128408394,1344.0775783962674,1271.9648188572305,1329.3074951171875,2124100,0.0,0.0
2020-02-06 00:00:00+09:00,1336.258144767917,1373.6177678010902,1328.4386887842295,1362.322998046875,1707700,0.0,0.0
2020-02-07 00:00:00+09:00,1368.4045980794476,1384.0435077717843,1362.3227998657612,1375.355224609375,897800,0.0,0.0
2020-02-10 00:00:00+09:00,1360.5854929798054,1384.9126920880012,1360.5854929798054,1381.4373779296875,764700,0.0,0.0
2020-02-12 00:00:00+09:00,1385.7815472816444,1393.6010042882492,1369.2738047121452,1377.09326171875,816100,0.0,0.0
2020-02-13 00:00:00+09:00,1364.0604423315444,1374.486382018155,1357.109815873804,1373.6175537109375,641600,0.0,0.0
2020-02-14 00:00:00+09:00,1371.8799679778344,1382.305908203125,1369.2734829215117,1382.305908203125,642700,0.0,0.0
2020-02-17 00:00:00+09:00,1377.092887501952,1397.0759388663334,1364.9292910192848,1390.994140625,1043400,0.0,0.0
2020-02-18 00:00:00+09:00,1392.732177734375,1397.076320522068,1381.4374064863732,1392.732177734375,721400,0.0,0.0
2020-02-19 00:00:00+09:00,1397.9451122389055,1427.485282416732,1396.2074551696217,1418.7969970703125,931000,0.0,0.0
2020-02-20 00:00:00+09:00,1421.4033659050265,1446.599391339773,1420.5345374417593,1442.2552490234375,774600,0.0,0.0
2020-02-21 00:00:00+09:00,1442.2552388266333,1470.926577911741,1442.2552388266333,1456.156494140625,851200,0.0,0.0
2020-02-25 00:00:00+09:00,1407.501964628216,1412.7149348675798,1395.338367403034,1401.420166015625,1262900,0.0,0.0
2020-02-26 00:00:00+09:00,1384.9125396012505,1385.781368045166,1367.535970722941,1370.1424560546875,1077300,0.0,0.0
2020-02-27 00:00:00+09:00,1360.5853185317096,1360.5853185317096,1318.8815539790135,1329.3074951171875,1277300,0.0,0.0
2020-02-28 00:00:00+09:00,1288.4724757609365,1295.4231027373946,1232.8674599492708,1236.3427734375,1973500,0.0,0.0
2020-03-02 00:00:00+09:00,1221.5728576995514,1280.6531950562864,1218.0975437373904,1265.0142822265625,1390900,0.0,0.0
2020-03-03 00:00:00+09:00,1295.4230788834159,1295.4230788834159,1248.50634765625,1248.50634765625,1195600,0.0,0.0
2020-03-04 00:00:00+09:00,1241.5557263141645,1282.390659230026,1235.473927794781,1264.145263671875,928100,0.0,0.0
2020-03-05 00:00:00+09:00,1272.8335329752829,1284.9971298774358,1252.8504809217459,1262.4075927734375,788900,0.0,0.0
2020-03-06 00:00:00+09:00,1239.8179865797165,1242.4244714849297,1218.0972790362737,1224.1790771484375,924000,0.0,0.0
2020-03-09 00:00:00+09:00,1166.8365262059135,1179.0001236496087,1131.2145622636629,1141.6405029296875,1353300,0.0,0.0
2020-03-10 00:00:00+09:00,1106.887492042824,1176.3937709780093,1085.1667798755786,1172.91845703125,1707400,0.0,0.0
2020-03-11 00:00:00+09:00,1172.9184395926338,1198.9832938058037,1154.6730416434152,1155.5418701171875,914300,0.0,0.0
2020-03-12 00:00:00+09:00,1129.4769645016859,1142.5093910151668,1094.7238271324031,1111.2315673828125,1162200,0.0,0.0
2020-03-13 00:00:00+09:00,1047.8072118900093,1083.429181780134,989.595700118342,1058.233154296875,1686700,0.0,0.0
2020-03-16 00:00:00+09:00,1067.7902125062333,1082.5602968126661,1017.398160166639,1020.8734741210938,848200,0.0,0.0
2020-03-17 00:00:00+09:00,997.4151426250518,1058.2331391265793,986.9892003676471,1048.676025390625,1522200,0.0,0.0
2020-03-18 00:00:00+09:00,1053.8887010315884,1079.0847210892273,1010.4472871391074,1013.0537719726562,1298100,0.0,0.0
2020-03-19 00:00:00+09:00,1049.544468999004,1094.7235355453188,1039.987358768053,1090.37939453125,1870600,0.0,0.0
2020-03-23 00:00:00+09:00,1109.494054544723,1109.494054544723,1012.185257278467,1075.6097412109375,1938600,0.0,0.0
2020-03-24 00:00:00+09:00,1101.6743360159387,1108.6249627415914,1071.2653440912086,1081.6912841796875,1312800,0.0,0.0
2020-03-25 00:00:00+09:00,1133.8210989361162,1143.378211647455,1102.5432755171887,1132.9522705078125,1568300,0.0,0.0
2020-03-26 00:00:00+09:00,1133.8211793120727,1137.2964932716498,1112.1004670647148,1127.7393798828125,1316400,0.0,0.0
2020-03-27 00:00:00+09:00,1190.2949618804864,1208.5403591063919,1152.0665105500184,1187.6884765625,1915600,0.0,0.0
2020-03-30 00:00:00+09:00,1174.4623876916494,1190.333501038834,1127.7307761693842,1175.3441162109375,1566200,20.0,0.0
2020-03-31 00:00:00+09:00,1175.3441360763723,1211.4950059781963,1146.2470944480751,1159.4730224609375,1292800,0.0,0.0
2020-04-01 00:00:00+09:00,1133.021205129799,1180.6345476021795,1133.021205129799,1149.7740478515625,1078600,0.0,0.0
2020-04-02 00:00:00+09:00,1140.956743924123,1179.7528001317437,1117.1500730694465,1121.5587158203125,956900,0.0,0.0
2020-04-03 00:00:00+09:00,1098.6339110321776,1117.1502129035064,1058.074392647362,1069.536865234375,1238700,0.0,0.0
2020-04-06 00:00:00+09:00,1073.9452943007782,1118.9134470178058,1056.3107246078262,1111.859619140625,1016100,0.0,0.0
2020-04-07 00:00:00+09:00,1137.429858115649,1162.9999867089466,1110.0962723779862,1141.8385009765625,1095200,0.0,0.0
2020-04-08 00:00:00+09:00,1131.2579162980321,1141.838660643766,1099.5156832608309,1125.0858154296875,1218100,0.0,0.0
2020-04-09 00:00:00+09:00,1123.3220468643933,1137.4297020840404,1106.5692062910625,1136.5479736328125,726800,0.0,0.0
2020-04-10 00:00:00+09:00,1136.5480994889667,1165.6451416015625,1111.8597001207036,1165.6451416015625,597500,0.0,0.0
2020-04-13 00:00:00+09:00,1153.3008984374999,1167.4085546874999,1140.95669921875,1146.2470703125,504800,0.0,0.0
2020-04-14 00:00:00+09:00,1140.9566279590579,1172.6988525390625,1140.9566279590579,1172.6988525390625,683300,0.0,0.0
2020-04-15 00:00:00+09:00,1180.6348252428606,1190.3338417310395,1159.4733347231977,1177.10791015625,702900,0.0,0.0
2020-04-16 00:00:00+09:00,1166.526914329037,1177.1076573161486,1159.4730856709627,1163.0,721100,0.0,0.0
2020-04-17 00:00:00+09:00,1175.344091574592,1178.8710055778167,1148.0105080496016,1162.1181640625,715200,0.0,0.0
2020-04-20 00:00:00+09:00,1141.838641423051,1149.774199548771,1131.2578972554243,1148.0107421875,682200,0.0,0.0
2020-04-21 00:00:00+09:00,1135.6665553240296,1155.0645865485083,1129.4944544798773,1147.1290283203125,736400,0.0,0.0
2020-04-22 00:00:00+09:00,1135.666451439951,1146.2471947763481,1118.913607823989,1124.2039794921875,830300,0.0,0.0
2020-04-23 00:00:00+09:00,1102.1607642080269,1126.8491653262868,1098.6338497625613,1124.2039794921875,1016800,0.0,0.0
2020-04-24 00:00:00+09:00,1127.730942249298,1133.903042793274,1121.5588417053223,1128.6126708984375,718300,0.0,0.0
2020-04-27 00:00:00+09:00,1139.1933063092504,1142.7202205702697,1124.2039206999182,1127.7308349609375,658600,0.0,0.0
2020-04-28 00:00:00+09:00,1137.4301633768764,1145.36572265625,1120.67731600931,1145.36572265625,793900,0.0,0.0
2020-04-30 00:00:00+09:00,1176.22592430784,1178.8711100446642,1153.3009812553632,1155.9461669921875,948300,0.0,0.0
2020-05-01 00:00:00+09:00,1147.1288724096585,1151.537515270572,1130.3760295381878,1141.8385009765625,695700,0.0,0.0
2020-05-07 00:00:00+09:00,1141.8384907728323,1150.6557764158658,1135.666390822709,1149.7740478515625,786500,0.0,0.0
2020-05-08 00:00:00+09:00,1164.7634130526958,1170.9355128947616,1153.300941917431,1165.6451416015625,826100,0.0,0.0
2020-05-11 00:00:00+09:00,1177.989566126222,1218.5490871155978,1177.989566126222,1217.6673583984375,877700,0.0,0.0
2020-05-12 00:00:00+09:00,1230.0114966859207,1259.1085428440824,1229.1297680144614,1243.2374267578125,1026500,0.0,0.0
2020-05-13 00:00:00+09:00,1236.183530706534,1267.9257611669013,1203.5595716222672,1232.6566162109375,1314900,0.0,0.0
2020-05-14 00:00:00+09:00,1230.8931401223265,1248.5277123303829,1224.7210398495067,1226.4844970703125,890600,0.0,0.0
2020-05-15 00:00:00+09:00,1243.2373364628525,1252.0546225370572,1209.7316493808748,1219.4306640625,1082100,0.0,0.0
2020-05-18 00:00:00+09:00,1211.4953315202579,1220.312619231468,1200.914586266806,1213.2587890625,775300,0.0,0.0
2020-05-19 00:00:00+09:00,1234.4201589595375,1235.3018876445087,1216.7855852601156,1220.3125,758200,0.0,0.0
2020-05-20 00:00:00+09:00,1213.2586039996356,1228.2479908223054,1207.086503543242,1209.731689453125,1245900,0.0,0.0
2020-05-21 00:00:00+09:00,1216.7855009807538,1237.065259330433,1213.2585864851574,1232.6566162109375,687600,0.0,0.0
2020-05-22 00:00:00+09:00,1237.9471584328226,1240.5923446687902,1226.4846847436297,1237.0654296875,803700,0.0,0.0
2020-05-25 00:00:00+09:00,1232.6563666254497,1234.419823516187,1210.613155491232,1225.6025390625,631500,0.0,0.0
2020-05-26 00:00:00+09:00,1232.6566039506004,1232.6566039506004,1206.2047454967249,1211.4951171875,986200,0.0,0.0
2020-05-27 00:00:00+09:00,1216.7855263306017,1226.4845413955557,1203.5595966965732,1223.83935546875,1014900,0.0,0.0
2020-05-28 00:00:00+09:00,1243.2371830425195,1275.861137491153,1241.4737260452962,1265.2803955078125,1049600,0.0,0.0
2020-05-29 00:00:00+09:00,1270.5708561650029,1276.7429560908565,1222.9575138798466,1237.9468994140625,1541400,0.0,0.0
2020-06-01 00:00:00+09:00,1232.6564159106183,1244.1188861587143,1222.9574026237678,1230.01123046875,1107100,0.0,0.0
2020-06-02 00:00:00+09:00,1243.2374940925645,1297.0229459646541,1240.5923079349207,1289.9691162109375,1531900,0.0,0.0
2020-06-03 00:00:00+09:00,1293.4955917722211,1300.5494191302157,1255.5812697230015,1257.3447265625,1653300,0.0,0.0
2020-06-04 00:00:00+09:00,1255.5815412136053,1264.3988273176335,1217.6672109662843,1226.4844970703125,1763200,0.0,0.0
2020-06-05 00:00:00+09:00,1214.1402093317993,1233.5382373676014,1208.8498380493077,1231.7747802734375,1128600,0.0,0.0
2020-06-08 00:00:00+09:00,1245.882492208653,1246.764220794788,1211.4950773493908,1221.194091796875,1057900,0.0,0.0
2020-06-09 00:00:00+09:00,1238.8287245603397,1251.172925374464,1230.0114382645365,1246.7642822265625,1045300,0.0,0.0
2020-06-10 00:00:00+09:00,1205.322799166301,1227.3660105629049,1200.9141568869802,1224.7208251953125,1046900,0.0,0.0
2020-06-11 00:00:00+09:00,1203.559713612432,1230.0115754500678,1202.6779848845108,1216.78564453125,964400,0.0,0.0
2020-06-12 00:00:00+09:00,1209.7314885457358,1212.3766740163169,1180.6344483693442,1185.0430908203125,1266200,0.0,0.0
2020-06-15 00:00:00+09:00,1192.0968786712876,1202.6776201979558,1170.9353956179511,1172.6988525390625,1073100,0.0,0.0
2020-06-16 00:00:00+09:00,1199.150845007847,1202.67775925787,1184.161459445249,1193.8604736328125,852400,0.0,0.0
2020-06-17 00:00:00+09:00,1201.7960900426795,1207.9681902850116,1185.043246527778,1190.3336181640625,662400,0.0,0.0
2020-06-18 00:00:00+09:00,1181.5161961344031,1184.161381648137,1160.3547120245332,1169.1719970703125,833800,0.0,0.0
2020-06-19 00:00:00+09:00,1158.5914187409157,1160.3548759992732,1134.7847457530886,1137.429931640625,1951700,0.0,0.0
2020-06-22 00:00:00+09:00,1135.6664156080951,1146.2471586106549,1125.0856726055351,1140.956787109375,731700,0.0,0.0
2020-06-23 00:00:00+09:00,1157.7095653925558,1168.2903078028457,1138.3115376403575,1159.4730224609375,802900,0.0,0.0
2020-06-24 00:00:00+09:00,1155.064438413246,1158.5913527290118,1143.6019668870078,1155.9461669921875,800000,0.0,0.0
2020-06-25 00:00:00+09:00,1144.4835497067297,1155.94601977313,1140.074907373499,1142.7200927734375,714200,0.0,0.0
2020-06-26 00:00:00+09:00,1143.6018750895244,1154.1826171875,1140.074961056866,1154.1826171875,856800,0.0,0.0
2020-06-29 00:00:00+09:00,1144.4839284521902,1151.537758519692,1130.3762683171863,1134.784912109375,1060200,0.0,0.0
2020-06-30 00:00:00+09:00,1154.1827755950217,1154.1827755950217,1135.6664743822673,1137.429931640625,531600,0.0,0.0
2020-07-01 00:00:00+09:00,1149.7741324491278,1149.7741324491278,1130.3761026071948,1137.429931640625,895200,0.0,0.0
2020-07-02 00:00:00+09:00,1140.0749756239952,1142.7201611822875,1120.6769481965182,1131.2576904296875,1232700,0.0,0.0
2020-07-03 00:00:00+09:00,1133.0212884947312,1142.7203034156976,1124.2040022029432,1137.429931640625,708200,0.0,0.0
2020-07-06 00:00:00+09:00,1135.6663664145738,1158.59130859375,1131.2577236878092,1158.59130859375,743300,0.0,0.0
2020-07-07 00:00:00+09:00,1158.5912939267466,1164.7633936660825,1148.0105515164566,1159.4730224609375,870500,0.0,0.0
2020-07-08 00:00:00+09:00,1173.5807385710157,1176.22592430784,1151.5375240974804,1155.9461669921875,793400,0.0,0.0
2020-07-09 00:00:00+09:00,1156.8277095686688,1159.4728948801824,1144.4835114482714,1152.4190673828125,745600,0.0,0.0
2020-07-10 00:00:00+09:00,1147.1290814937975,1149.7742676924765,1129.4945068359375,1129.4945068359375,743400,0.0,0.0
2020-07-13 00:00:00+09:00,1153.3010697288075,1157.7097129617157,1143.6020546164093,1150.6558837890625,735400,0.0,0.0
2020-07-14 00:00:00+09:00,1142.7204709353146,1148.0108434859412,1131.257997075624,1134.784912109375,615400,0.0,0.0
2020-07-15 00:00:00+09:00,1139.1931589864962,1147.1287150475478,1131.2576029254449,1136.5479736328125,828300,0.0,0.0
2020-07-16 00:00:00+09:00,1137.4298288643865,1154.1826713050248,1135.666371765372,1143.6019287109375,708400,0.0,0.0
2020-07-17 00:00:00+09:00,1143.601972860015,1148.0106157777482,1132.1395012739083,1140.956787109375,541200,0.0,0.0
2020-07-20 00:00:00+09:00,1143.6020320448763,1146.2472179324127,1126.8491880904796,1137.429931640625,587800,0.0,0.0
2020-07-21 00:00:00+09:00,1148.892329554024,1151.537515270572,1133.0212152547358,1141.8385009765625,603500,0.0,0.0
2020-07-22 00:00:00+09:00,1144.48361328125,1161.236455078125,1139.1932421875,1146.2470703125,602300,0.0,0.0
2020-07-27 00:00:00+09:00,1125.0857964909753,1155.94630031322,1118.031967045891,1148.0107421875,991800,0.0,0.0
2020-07-28 00:00:00+09:00,1161.236455078125,1161.236455078125,1140.074970703125,1146.2470703125,804600,0.0,0.0
2020-07-29 00:00:00+09:00,1137.4300253021993,1137.4300253021993,1105.6877920379518,1110.096435546875,636000,0.0,0.0
2020-07-30 00:00:00+09:00,1125.967618616616,1125.967618616616,1084.5263671875,1084.5263671875,899500,0.0,0.0
2020-07-31 00:00:00+09:00,1075.7090796493903,1078.3542659108232,1044.848573266006,1048.37548828125,1514900,0.0,0.0
2020-08-03 00:00:00+09:00,1064.2462940058433,1071.300121969428,1053.665552060466,1066.8914794921875,577300,0.0,0.0
2020-08-04 00:00:00+09:00,1085.407879487667,1104.805908203125,1080.117508019815,1104.805908203125,1305700,0.0,0.0
2020-08-05 00:00:00+09:00,1110.0961963198931,1121.5586669729182,1061.6011281724793,1117.1500244140625,2119200,0.0,0.0
2020-08-06 00:00:00+09:00,1116.2686023246952,1120.67724609375,1072.1821646341464,1084.5263671875,1372400,0.0,0.0
2020-08-07 00:00:00+09:00,1080.1176128965435,1088.0531708688447,1065.1282256155303,1076.5906982421875,1262600,0.0,0.0
2020-08-11 00:00:00+09:00,1084.5261465785015,1100.3972609186746,1071.3002179616906,1097.7520751953125,1931900,0.0,0.0
2020-08-12 00:00:00+09:00,1093.343416539634,1130.3760161321056,1088.053045169281,1120.677001953125,1504500,0.0,0.0
2020-08-13 00:00:00+09:00,1130.3758050713952,1135.6661754539448,1120.676792703388,1125.9671630859375,747600,0.0,0.0
2020-08-14 00:00:00+09:00,1120.6770375407161,1122.4404947201665,1103.0424657462124,1103.9241943359375,1106000,0.0,0.0
2020-08-17 00:00:00+09:00,1110.0961963198931,1122.4403954846894,1108.3327392963508,1117.1500244140625,872600,0.0,0.0
2020-08-18 00:00:00+09:00,1112.7417764173667,1121.5590646615613,1110.9783187685277,1115.386962890625,1052500,0.0,0.0
2020-08-19 00:00:00+09:00,1110.9777541848257,1117.149852819186,1103.0421987977913,1112.7412109375,774500,0.0,0.0
2020-08-20 00:00:00+09:00,1096.8702734375,1110.096201171875,1096.8702734375,1102.16064453125,742700,0.0,0.0
2020-08-21 00:00:00+09:00,1107.4512575797605,1112.7416298293454,1095.1070556640625,1095.1070556640625,684500,0.0,0.0
2020-08-24 00:00:00+09:00,1088.934663172778,1092.461577061597,1080.999106922936,1090.6981201171875,789300,0.0,0.0
2020-08-25 00:00:00+09:00,1112.7414654049032,1117.15010829478,1100.3972653132482,1104.805908203125,747000,0.0,0.0
2020-08-26 00:00:00+09:00,1084.5263111648928,1098.633970497119,1084.5263111648928,1095.1070556640625,626500,0.0,0.0
2020-08-27 00:00:00+09:00,1094.225087890625,1094.225087890625,1073.063603515625,1080.117431640625,856100,0.0,0.0
2020-08-28 00:00:00+09:00,1078.3538470303513,1099.5153289017564,1066.8913776833401,1073.0634765625,1432100,0.0,0.0
2020-08-31 00:00:00+09:00,1088.9347805833313,1092.4616948524272,1080.9992234778656,1083.6444091796875,797100,0.0,0.0
2020-09-01 00:00:00+09:00,1073.0636472811286,1080.9992042454096,1070.418461626368,1077.4722900390625,936200,0.0,0.0
2020-09-02 00:00:00+09:00,1074.8271927080657,1077.472378580194,1065.128177843596,1072.1820068359375,941200,0.0,0.0
2020-09-03 00:00:00+09:00,1086.2897917304942,1089.8167066387102,1073.0638608246848,1079.2359619140625,730000,0.0,0.0
2020-09-04 00:00:00+09:00,1056.311127319336,1061.6015002441407,1047.4938391113283,1058.0745849609375,1142000,0.0,0.0
2020-09-07 00:00:00+09:00,1047.4935347643186,1066.0098346212635,1046.6118061997022,1054.54736328125,722100,0.0,0.0
2020-09-08 00:00:00+09:00,1044.848444544854,1071.3003039004197,1044.848444544854,1063.36474609375,1051600,0.0,0.0
2020-09-09 00:00:00+09:00,1051.0206426483353,1083.6446055493325,1047.4937277401195,1079.2359619140625,1636200,0.0,0.0
2020-09-10 00:00:00+09:00,1088.9349467040433,1110.9781642486598,1079.2359309844123,1110.096435546875,1677000,0.0,0.0
2020-09-11 00:00:00+09:00,1117.150420539464,1124.2042511348197,1103.924488173172,1115.386962890625,1152500,0.0,0.0
2020-09-14 00:00:00+09:00,1124.2038052256514,1166.5267720106172,1124.2038052256514,1156.8277587890625,1127100,0.0,0.0
2020-09-15 00:00:00+09:00,1140.95677680413,1153.300976862289,1125.0856624436396,1148.892333984375,985000,0.0,0.0
2020-09-16 00:00:00+09:00,1140.956762208529,1153.3009621087758,1139.1933050799223,1149.7740478515625,822500,0.0,0.0
2020-09-17 00:00:00+09:00,1157.709716796875,1169.1721892404084,1150.6558876008544,1157.709716796875,941700,0.0,0.0
2020-09-18 00:00:00+09:00,1167.4085116841047,1193.8603661784575,1159.4729553357988,1192.9786376953125,1830800,0.0,0.0
2020-09-23 00:00:00+09:00,1197.387653764472,1199.1511112810617,1158.5915883994965,1170.935791015625,1329300,0.0,0.0
2020-09-24 00:00:00+09:00,1162.1182127799036,1177.9893264597506,1160.354755704365,1166.52685546875,1094500,0.0,0.0
2020-09-25 00:00:00+09:00,1169.1721703615524,1173.580813537878,1147.1289544799242,1151.53759765625,1266800,0.0,0.0
2020-09-28 00:00:00+09:00,1161.2365910740418,1169.1721486440238,1145.3654759340777,1167.40869140625,1544200,0.0,0.0
2020-09-29 00:00:00+09:00,1170.962312850484,1176.2929455341737,1151.4166596769555,1158.524169921875,1088800,10.0,0.0
2020-09-30 00:00:00+09:00,1156.7472118682144,1158.5240893058,1133.6478051796018,1135.4246826171875,1417700,0.0,0.0
2020-10-02 00:00:00+09:00,1114.9905994084104,1133.647812625603,1101.664018538987,1105.2177734375,1529500,0.0,0.0
2020-10-05 00:00:00+09:00,1110.5485617543181,1114.102317151932,1098.9988567120733,1112.325439453125,894600,0.0,0.0
2020-10-06 00:00:00+09:00,1118.5445661492195,1128.3173939710155,1110.5486161132044,1127.428955078125,534200,0.0,0.0
2020-10-07 00:00:00+09:00,1126.5404055597635,1142.5323040614005,1122.098211531531,1136.313232421875,660800,0.0,0.0
2020-10-08 00:00:00+09:00,1146.0859917321795,1146.9744304854603,1128.3172166665645,1131.8709716796875,510000,0.0,0.0
2020-10-09 00:00:00+09:00,1130.094281431686,1149.6399372426115,1120.3214535262234,1146.086181640625,801600,0.0,0.0
2020-10-12 00:00:00+09:00,1141.643964367835,1166.5202530855777,1134.5364533056227,1157.6358642578125,749900,0.0,0.0
2020-10-13 00:00:00+09:00,1162.078025458494,1166.520219745415,1149.6398814551158,1150.5283203125,453400,0.0,0.0
2020-10-14 00:00:00+09:00,1154.082020355853,1168.297041391799,1143.4207545788936,1164.7432861328125,810300,0.0,0.0
2020-10-15 00:00:00+09:00,1157.6359526793406,1168.2972200869783,1154.9706358274311,1160.30126953125,679800,0.0,0.0
2020-10-16 00:00:00+09:00,1160.3011585922534,1170.9624249805436,1153.1936476667265,1159.4127197265625,846800,0.0,0.0
2020-10-19 00:00:00+09:00,1160.3011251569608,1178.0699019587519,1157.6358086366922,1171.850830078125,753400,0.0,0.0
2020-10-20 00:00:00+09:00,1175.4043496444924,1181.623420277532,1157.6355764072364,1161.1893310546875,788700,0.0,0.0
2020-10-21 00:00:00+09:00,1161.1894978097946,1176.292957230427,1154.081987494203,1167.4085693359375,601800,0.0,0.0
2020-10-22 00:00:00+09:00,1163.8549469993575,1173.6277747985887,1160.3011914360006,1166.520263671875,474500,0.0,0.0
2020-10-23 00:00:00+09:00,1177.1814297259125,1178.9583073556873,1165.6317251323753,1174.51611328125,587700,0.0,0.0
2020-10-26 00:00:00+09:00,1181.62353515625,1199.3923101210055,1175.4044639185854,1181.62353515625,589900,0.0,0.0
2020-10-27 00:00:00+09:00,1178.9583075395315,1186.0658180597395,1162.077970054037,1184.2889404296875,531100,0.0,0.0
2020-10-28 00:00:00+09:00,1165.6318674868521,1183.4006459546395,1164.7434285634627,1182.51220703125,675400,0.0,0.0
2020-10-29 00:00:00+09:00,1171.8507098283987,1191.3963623046875,1169.185393581632,1191.3963623046875,643400,0.0,0.0
2020-10-30 00:00:00+09:00,1193.1735107048,1193.1735107048,1156.747513728704,1160.30126953125,813400,0.0,0.0
2020-11-02 00:00:00+09:00,1167.4086137839467,1186.0658290727313,1167.4086137839467,1173.627685546875,715400,0.0,0.0
2020-11-04 00:00:00+09:00,1190.5080119492247,1195.8386448385495,1173.6276744663626,1174.51611328125,827000,0.0,0.0
2020-11-05 00:00:00+09:00,1175.404671039274,1218.938177374062,1171.8509154201076,1213.6075439453125,1483400,0.0,0.0
2020-11-06 00:00:00+09:00,1203.8346169211648,1298.8975719105113,1187.8427179509943,1270.467529296875,2543500,0.0,0.0
2020-11-09 00:00:00+09:00,1282.017396297107,1320.2202708922391,1274.9098847445243,1315.778076171875,2069200,0.0,0.0
2020-11-10 00:00:00+09:00,1330.881381052845,1341.542647122694,1291.7900721300643,1318.4432373046875,2074400,0.0,0.0
2020-11-11 00:00:00+09:00,1345.096435546875,1353.9808241568278,1317.5548308560208,1345.096435546875,1346400,0.0,0.0
2020-11-12 00:00:00+09:00,1340.654140805238,1345.9847735718593,1316.6662933554426,1323.7738037109375,1008900,0.0,0.0
2020-11-13 00:00:00+09:00,1328.2161753445387,1336.212125564004,1307.782080339238,1329.1046142578125,803400,0.0,0.0
2020-11-16 00:00:00+09:00,1340.6540665969997,1377.0800551526504,1329.1043629086228,1369.0841064453125,1394200,0.0,0.0
2020-11-17 00:00:00+09:00,1367.3071632311278,1377.0799889592254,1353.9805826928127,1374.4146728515625,1283900,0.0,0.0
2020-11-18 00:00:00+09:00,1384.1878899929206,1385.9647679004854,1361.0884771945794,1372.63818359375,795300,0.0,0.0
2020-11-19 00:00:00+09:00,1367.3075299372438,1374.4150414638832,1342.4312395940062,1354.869384765625,1095700,0.0,0.0
2020-11-20 00:00:00+09:00,1329.10469140625,1338.8775200195312,1319.3318627929686,1332.658447265625,886800,0.0,0.0
2020-11-24 00:00:00+09:00,1353.9809794883379,1370.861319783796,1350.4272236366623,1352.2041015625,1185600,0.0,0.0
2020-11-25 00:00:00+09:00,1361.088346722599,1365.5305410656883,1333.5467417954446,1334.4351806640625,742800,0.0,0.0
2020-11-26 00:00:00+09:00,1318.4433362167042,1337.1005532386387,1312.2242638760595,1329.9930419921875,640800,0.0,0.0
2020-11-27 00:00:00+09:00,1329.992986320973,1341.5426916130054,1321.9970365034121,1334.4351806640625,718300,0.0,0.0
2020-11-30 00:00:00+09:00,1314.8895492501704,1328.2161325195977,1298.009210442229,1303.33984375,1686600,0.0,0.0
2020-12-01 00:00:00+09:00,1321.997004484451,1328.2160764141495,1276.6866232823631,1278.4635009765625,967200,0.0,0.0
2020-12-02 00:00:00+09:00,1297.120604794794,1313.1125026621269,1282.0171456978683,1287.3477783203125,1124100,0.0,0.0
2020-12-03 00:00:00+09:00,1290.9017894597343,1296.2324231395405,1279.3520831534877,1286.4595947265625,780400,0.0,0.0
2020-12-04 00:00:00+09:00,1309.5590531198602,1311.3359310752467,1272.2446160567433,1282.9058837890625,743300,0.0,0.0
2020-12-07 00:00:00+09:00,1290.9014524565728,1297.1205234594606,1263.3598523009268,1264.248291015625,632700,0.0,0.0
2020-12-08 00:00:00+09:00,1272.2445628668097,1282.0173912128537,1266.0254902829636,1267.8023681640625,504000,0.0,0.0
2020-12-09 00:00:00+09:00,1281.1286631175262,1307.781825318307,1279.3517856374742,1290.9014892578125,912100,0.0,0.0
2020-12-10 00:00:00+09:00,1292.6786087467403,1325.550848281881,1289.1248531213198,1320.22021484375,1107100,0.0,0.0
2020-12-11 00:00:00+09:00,1339.766023097378,1362.865437288712,1339.766023097378,1346.87353515625,1231400,0.0,0.0
2020-12-14 00:00:00+09:00,1354.869218306108,1383.2992609197443,1353.0923406427557,1377.9686279296875,1061800,0.0,0.0
2020-12-15 00:00:00+09:00,1399.2910813611952,1409.952346742995,1383.299183288496,1384.1876220703125,1128000,0.0,0.0
2020-12-16 00:00:00+09:00,1390.4068701264234,1411.7294035980108,1390.4068701264234,1409.0640869140625,1051700,0.0,0.0
2020-12-17 00:00:00+09:00,1433.0520119564223,1465.035813835177,1432.1635730153457,1441.9364013671875,1594600,0.0,0.0
2020-12-18 00:00:00+09:00,1444.6014846820574,1457.9280666440688,1433.940219112448,1441.0477294921875,956000,0.0,0.0
2020-12-21 00:00:00+09:00,1429.4982561921163,1443.7132792493405,1419.7254278402745,1441.9364013671875,627600,0.0,0.0
2020-12-22 00:00:00+09:00,1427.721224588211,1441.047807269495,1423.2790303611164,1434.8287353515625,677700,0.0,0.0
2020-12-23 00:00:00+09:00,1440.1595321618147,1462.370505822546,1433.0520205903806,1460.5936279296875,1002300,0.0,0.0
2020-12-24 00:00:00+09:00,1465.924005479436,1479.2505873474306,1453.4858624026406,1461.4818115234375,936700,0.0,0.0
2020-12-25 00:00:00+09:00,1465.0356223500908,1481.9159600242276,1461.4818670502725,1466.8125,664800,0.0,0.0
2020-12-28 00:00:00+09:00,1465.9243389240746,1471.2549728837987,1455.263071004627,1464.1474609375,712900,0.0,0.0
2020-12-29 00:00:00+09:00,1464.1474609375,1466.812777917362,1454.3746320113396,1464.1474609375,618900,0.0,0.0
2020-12-30 00:00:00+09:00,1449.932306872311,1455.2629403534593,1439.2710399100147,1445.4901123046875,795000,0.0,0.0
2021-01-04 00:00:00+09:00,1450.820634569103,1453.4859511053598,1420.6137138248598,1434.8287353515625,639300,0.0,0.0
2021-01-05 00:00:00+09:00,1426.832785742792,1437.4940518878193,1421.5021526702787,1434.8287353515625,623300,0.0,0.0
2021-01-06 00:00:00+09:00,1431.2752772795598,1431.2752772795598,1390.407081901,1392.1839599609375,806300,0.0,0.0
2021-01-07 00:00:00+09:00,1406.3984773741965,1419.7250580189298,1373.5262451171875,1373.5262451171875,1294300,0.0,0.0
2021-01-08 00:00:00+09:00,1420.6138468246793,1428.6097971820416,1400.179751466976,1424.1676025390625,1550600,0.0,0.0
2021-01-12 00:00:00+09:00,1401.9564873708534,1430.3865302072713,1387.7414659526446,1416.1715087890625,1262400,0.0,0.0
2021-01-13 00:00:00+09:00,1438.3825566088913,1460.5935287615919,1435.717239950567,1449.0438232421875,1335400,0.0,0.0
2021-01-14 00:00:00+09:00,1454.3744101728994,1525.449518794666,1452.597532457355,1511.2344970703125,2059500,0.0,0.0
2021-01-15 00:00:00+09:00,1496.1309700677427,1504.1269194327128,1477.4737548828125,1477.4737548828125,991400,0.0,0.0
2021-01-18 00:00:00+09:00,1471.254826958534,1499.6848719239163,1471.254826958534,1475.697021484375,889900,0.0,0.0
2021-01-19 00:00:00+09:00,1473.9200437991205,1496.1310149232786,1472.1431661091879,1483.69287109375,1653700,0.0,0.0
2021-01-20 00:00:00+09:00,1484.5813210626218,1488.1350764691151,1462.370349772038,1482.804443359375,1222400,0.0,0.0
2021-01-21 00:00:00+09:00,1486.358132573107,1512.1228581227904,1481.0274997007587,1507.6806640625,1138300,0.0,0.0
2021-01-22 00:00:00+09:00,1495.2426082894233,1523.6726519407966,1484.5813419201581,1520.118896484375,958100,0.0,0.0
2021-01-25 00:00:00+09:00,1529.8916569449277,1536.1107287211266,1511.2344416163312,1515.6766357421875,843500,0.0,0.0
2021-01-26 00:00:00+09:00,1509.457451786941,1526.3377882106913,1495.242431640625,1495.242431640625,792100,0.0,0.0
2021-01-27 00:00:00+09:00,1507.6809151926916,1536.9994008741053,1495.242769752092,1536.1109619140625,774500,0.0,0.0
2021-01-28 00:00:00+09:00,1500.5730211237715,1521.0071119975707,1496.1308274555545,1508.5689697265625,2170400,0.0,0.0
2021-01-29 00:00:00+09:00,1507.6808781066052,1513.8999506739278,1477.4739542081818,1481.0277099609375,1186400,0.0,0.0
2021-02-01 00:00:00+09:00,1482.8044648969435,1507.6807531037227,1481.027587167888,1500.5732421875,405200,0.0,0.0
2021-02-02 00:00:00+09:00,1495.2425313970095,1507.6806748548574,1479.2506326654907,1487.24658203125,526000,0.0,0.0
2021-02-03 00:00:00+09:00,1506.7923039566988,1507.6807428151637,1467.7009941842373,1472.1431884765625,502700,0.0,0.0
2021-02-04 00:00:00+09:00,1472.1431004875287,1510.3459691181647,1468.5893452660744,1498.7962646484375,639600,0.0,0.0
2021-02-05 00:00:00+09:00,1507.6807410737767,1545.8836119436485,1505.903863358899,1530.7801513671875,1026400,0.0,0.0
2021-02-08 00:00:00+09:00,1538.7760564630682,1550.325761274858,1521.0072798295455,1524.56103515625,630200,0.0,0.0
2021-02-09 00:00:00+09:00,1524.5609234017386,1529.8915560010455,1507.6805868372671,1513.899658203125,573200,0.0,0.0
2021-02-10 00:00:00+09:00,1551.214369871906,1558.3218813031633,1521.0074462890625,1521.0074462890625,674100,0.0,0.0
2021-02-12 00:00:00+09:00,1521.0074783845573,1621.4010794695193,1511.2346499603575,1615.1820068359375,2607100,0.0,0.0
2021-02-15 00:00:00+09:00,1626.7314680613715,1696.9181343512942,1626.7314680613715,1654.2730712890625,1456700,0.0,0.0
2021-02-16 00:00:00+09:00,1643.611928398587,1656.9385116018188,1617.847200872339,1624.9547119140625,952200,0.0,0.0
2021-02-17 00:00:00+09:00,1624.066151619982,1666.7112146822135,1608.9626917854416,1654.2730712890625,907400,0.0,0.0
2021-02-18 00:00:00+09:00,1661.3806946134307,1661.3806946134307,1618.7356286554389,1625.8431396484375,585700,0.0,0.0
2021-02-19 00:00:00+09:00,1624.0662619001878,1627.6200173966872,1605.4090455435664,1625.8431396484375,534700,0.0,0.0
2021-02-22 00:00:00+09:00,1637.3924541889842,1637.3924541889842,1620.5121196097161,1627.61962890625,527100,0.0,0.0
2021-02-24 00:00:00+09:00,1619.6240012307362,1626.7315119327911,1606.2974186643835,1621.40087890625,640400,0.0,0.0
2021-02-25 00:00:00+09:00,1624.0661843039773,1625.8430619673295,1595.636141690341,1622.289306640625,532000,0.0,0.0
2021-02-26 00:00:00+09:00,1615.181841095977,1615.181841095977,1582.309603405905,1589.4171142578125,752500,0.0,0.0
2021-03-01 00:00:00+09:00,1605.4089912316574,1611.6280631401364,1579.6442647536728,1591.1939697265625,637000,0.0,0.0
2021-03-02 00:00:00+09:00,1590.305731392762,1594.7479261731887,1563.652562710202,1584.97509765625,695900,0.0,0.0
2021-03-03 00:00:00+09:00,1584.086503724794,1587.6402592014622,1567.2061652106206,1577.867431640625,732200,0.0,0.0
2021-03-04 00:00:00+09:00,1548.5489390661955,1555.65644997413,1529.8917229328679,1549.4373779296875,802100,0.0,0.0
2021-03-05 00:00:00+09:00,1551.214200106534,1563.65234375,1522.7841574928977,1563.65234375,696200,0.0,0.0
2021-03-08 00:00:00+09:00,1579.644084056173,1584.9747165108056,1537.8874631615497,1546.7718505859375,529900,0.0,0.0
2021-03-09 00:00:00+09:00,1554.7679443359375,1560.9870161132812,1538.7760454799106,1554.7679443359375,558400,0.0,0.0
2021-03-10 00:00:00+09:00,1551.2142450882816,1568.0945833796204,1521.0073239353599,1530.7801513671875,961100,0.0,0.0
2021-03-11 00:00:00+09:00,1527.2262514842155,1542.3297106321106,1516.5649862033483,1522.7840576171875,635200,0.0,0.0
2021-03-12 00:00:00+09:00,1531.668434254282,1531.668434254282,1506.7921487791543,1523.6724853515625,747300,0.0,0.0
2021-03-15 00:00:00+09:00,1526.3378368195206,1560.0985107421875,1517.4534489451346,1560.0985107421875,838000,0.0,0.0
2021-03-16 00:00:00+09:00,1551.214266386652,1558.32177734375,1541.4414388206421,1558.32177734375,573600,0.0,0.0
2021-03-17 00:00:00+09:00,1541.4414380047772,1577.867431640625,1535.2223659206081,1577.867431640625,575300,0.0,0.0
2021-03-18 00:00:00+09:00,1578.7560390491908,1581.4213559412265,1560.0988208049403,1564.541015625,721200,0.0,0.0
2021-03-19 00:00:00+09:00,1555.6565510598657,1555.6565510598657,1536.999333714202,1541.4415283203125,1100200,0.0,0.0
2021-03-22 00:00:00+09:00,1556.544833096591,1576.978926225142,1538.7760564630682,1563.65234375,782300,0.0,0.0
2021-03-23 00:00:00+09:00,1563.652365969852,1599.1899197418943,1556.5448552154437,1561.87548828125,652500,0.0,0.0
2021-03-24 00:00:00+09:00,1577.8673987087363,1597.4130534224707,1553.8795497418805,1560.987060546875,1113900,0.0,0.0
2021-03-25 00:00:00+09:00,1550.3258496985586,1573.425260639626,1544.9952164044662,1556.544921875,447800,0.0,0.0
2021-03-26 00:00:00+09:00,1578.7558471813682,1624.0662288393592,1568.0945809088998,1618.735595703125,1101000,0.0,0.0
2021-03-29 00:00:00+09:00,1625.8431631702917,1627.6200409442483,1583.1980965953333,1604.5206298828125,839300,0.0,0.0
2021-03-30 00:00:00+09:00,1610.8092354104645,1610.8092354104645,1582.9592151663348,1593.7398681640625,570200,20.0,0.0
2021-03-31 00:00:00+09:00,1573.0768069657688,1577.5687453066191,1518.2751592073953,1551.5155029296875,1376500,0.0,0.0
2021-04-01 00:00:00+09:00,1557.8042316650822,1570.3816591410402,1515.5800108529374,1520.9703369140625,738100,0.0,0.0
2021-04-02 00:00:00+09:00,1531.751268174913,1549.719024986349,1503.0028572766157,1503.9012451171875,567500,0.0,0.0
2021-04-05 00:00:00+09:00,1511.9869082322762,1517.3772358908584,1494.019149370336,1504.7998046875,504700,0.0,0.0
2021-04-06 00:00:00+09:00,1518.2752050781248,1518.2752050781248,1447.3025771484374,1459.8800048828125,914900,0.0,0.0
2021-04-07 00:00:00+09:00,1474.25439453125,1492.22215071079,1460.7785773965952,1474.25439453125,1251700,0.0,0.0
2021-04-08 00:00:00+09:00,1500.3075630463206,1519.1737060546875,1489.5269098986823,1519.1737060546875,1638000,0.0,0.0
2021-04-09 00:00:00+09:00,1536.2432486053963,1550.6174544403007,1509.291612664951,1548.8206787109375,1288700,0.0,0.0
2021-04-12 00:00:00+09:00,1564.0929999100533,1592.8414065712375,1551.5155719957852,1570.3817138671875,1262800,0.0,0.0
2021-04-13 00:00:00+09:00,1567.6865588385958,1598.2317410738463,1552.4139677209705,1555.109130859375,1085200,0.0,0.0
2021-04-14 00:00:00+09:00,1557.8042092979501,1567.686473601455,1547.0235573304901,1566.7880859375,1022900,0.0,0.0
2021-04-15 00:00:00+09:00,1563.1945757339859,1574.8736156676305,1510.189702188983,1514.681640625,779500,0.0,0.0
2021-04-16 00:00:00+09:00,1525.4624843052454,1528.157647705078,1498.5108503069196,1509.29150390625,725400,0.0,0.0
2021-04-19 00:00:00+09:00,1502.1044756355932,1502.1044756355932,1469.7625132415253,1484.13671875,716300,0.0,0.0
2021-04-20 00:00:00+09:00,1476.0511668829388,1479.6447181108947,1441.9124302173564,1445.5059814453125,1185900,0.0,0.0
2021-04-21 00:00:00+09:00,1423.0459889297779,1424.8427641683256,1391.6024222551932,1396.0943603515625,1012500,0.0,0.0
2021-04-22 00:00:00+09:00,1398.789794921875,1401.4849583032274,1373.6349366959198,1398.789794921875,733700,0.0,0.0
2021-04-23 00:00:00+09:00,1410.4688086802262,1428.436564204815,1394.2978287080962,1420.35107421875,1154800,0.0,0.0
2021-04-26 00:00:00+09:00,1423.944593811035,1438.3187979125976,1398.7897366333007,1437.42041015625,912900,0.0,0.0
2021-04-27 00:00:00+09:00,1441.013956956593,1463.4736507994326,1438.318793695452,1457.1849365234375,1459700,0.0,0.0
2021-04-28 00:00:00+09:00,1449.9978247609424,1455.3881512470425,1416.7574780966581,1423.944580078125,1057100,0.0,0.0
2021-04-30 00:00:00+09:00,1414.9607612799505,1424.8430269142866,1394.2978422263386,1409.5704345703125,963800,0.0,0.0
2021-05-06 00:00:00+09:00,1423.944629799072,1447.3027120544511,1417.6559153457006,1424.843017578125,1427100,0.0,0.0
2021-05-07 00:00:00+09:00,1437.4204648907537,1446.4043427963209,1415.8591579173924,1418.5543212890625,779400,0.0,0.0
2021-05-10 00:00:00+09:00,1415.8591795657342,1447.3027527159884,1411.3672405442692,1441.0140380859375,707000,0.0,0.0
2021-05-11 00:00:00+09:00,1411.3672189646088,1438.3188526813103,1407.7736678023819,1418.5543212890625,771600,0.0,0.0
2021-05-12 00:00:00+09:00,1358.362234888521,1411.367110456261,1358.362234888521,1407.7735595703125,2378800,0.0,0.0
2021-05-13 00:00:00+09:00,1405.9767668089619,1425.7412964382252,1271.2186102458027,1277.50732421875,3093200,0.0,0.0
2021-05-14 00:00:00+09:00,1301.7638335987263,1308.9509355095543,1249.6573447452229,1269.421875,2168400,0.0,0.0
2021-05-17 00:00:00+09:00,1272.11708822436,1278.4058026435482,1240.673516128419,1246.0638427734375,1526400,0.0,0.0
2021-05-18 00:00:00+09:00,1237.9783528059097,1255.9461082893047,1217.3154340000056,1246.0638427734375,1923600,0.0,0.0
2021-05-19 00:00:00+09:00,1248.758952400901,1273.9138089960272,1228.0960344834762,1264.929931640625,1690700,0.0,0.0
2021-05-20 00:00:00+09:00,1264.9299409379407,1282.8976957808093,1259.5396144850802,1273.913818359375,1367800,0.0,0.0
2021-05-21 00:00:00+09:00,1266.7267432411227,1267.6251310022867,1242.470273689697,1252.3525390625,1479600,0.0,0.0
2021-05-24 00:00:00+09:00,1237.0798725782352,1278.4057071015459,1235.2830971641781,1273.015380859375,1886700,0.0,0.0
2021-05-25 00:00:00+09:00,1299.966997133002,1307.1540987066467,1255.047612297722,1259.53955078125,2016700,0.0,0.0
2021-05-26 00:00:00+09:00,1250.5559500406725,1250.5559500406725,1218.2139858154826,1242.470458984375,2934300,0.0,0.0
2021-05-27 00:00:00+09:00,1257.742760108374,1302.6621443979589,1256.8443724225822,1290.084716796875,15259600,0.0,0.0
2021-05-28 00:00:00+09:00,1277.5073145361189,1291.8815177939093,1267.625049796388,1268.5234375,3811000,0.0,0.0
2021-05-31 00:00:00+09:00,1253.2511215045652,1267.6253279160871,1213.72205387288,1251.454345703125,1483200,0.0,0.0
2021-06-01 00:00:00+09:00,1269.421865603283,1276.6089674609098,1253.2508864236236,1260.43798828125,862100,0.0,0.0
2021-06-02 00:00:00+09:00,1239.7751647993673,1249.657430605739,1227.1977355912577,1233.4864501953125,1515000,0.0,0.0
2021-06-03 00:00:00+09:00,1237.9782949761673,1264.0315392100633,1227.1976421897275,1260.43798828125,1917100,0.0,0.0
2021-06-04 00:00:00+09:00,1253.2508817353473,1266.7266976679855,1239.7750658027092,1255.946044921875,744000,0.0,0.0
2021-06-07 00:00:00+09:00,1275.7105760005481,1303.5605956174616,1270.320249623081,1280.2025146484375,1738300,0.0,0.0
2021-06-08 00:00:00+09:00,1283.7961593669281,1333.2074881039339,1281.1009959812734,1326.0203857421875,3133800,0.0,0.0
2021-06-09 00:00:00+09:00,1311.6462301513839,1335.9027015308957,1292.7800857450968,1326.9188232421875,2381700,0.0,0.0
2021-06-10 00:00:00+09:00,1309.849378910302,1309.849378910302,1289.1864600386032,1299.0687255859375,1737500,0.0,0.0
2021-06-11 00:00:00+09:00,1301.7639863612287,1335.902724443856,1299.9672106726696,1325.1220703125,1658300,0.0,0.0
2021-06-14 00:00:00+09:00,1323.3251455555792,1334.105798472529,1306.2557784370754,1322.4267578125,1986500,0.0,0.0
2021-06-15 00:00:00+09:00,1321.5284987665154,1358.3623998198311,1321.5284987665154,1355.667236328125,1590300,0.0,0.0
2021-06-16 00:00:00+09:00,1348.48019779954,1374.533446124781,1338.597931193414,1345.7850341796875,3212000,0.0,0.0
2021-06-17 00:00:00+09:00,1338.5976931228688,1358.3622228199852,1333.2073668418373,1350.2767333984375,1572000,0.0,0.0
2021-06-18 00:00:00+09:00,1352.9719641860652,1353.870351944489,1311.6461272985757,1320.6300048828125,1670400,0.0,0.0
2021-06-21 00:00:00+09:00,1298.1702968052455,1301.763847799862,1275.7106030888917,1282.897705078125,1212700,0.0,0.0
2021-06-22 00:00:00+09:00,1309.8494461153182,1322.4268756390593,1295.4752409453286,1317.9349365234375,953800,0.0,0.0
2021-06-23 00:00:00+09:00,1319.7316444576363,1319.7316444576363,1299.0687255859375,1299.0687255859375,862100,0.0,0.0
2021-06-24 00:00:00+09:00,1302.6620647110342,1309.8491657577158,1295.4749636643526,1306.255615234375,627800,0.0,0.0
2021-06-25 00:00:00+09:00,1300.8655985169491,1328.7156216896187,1300.8655985169491,1325.1220703125,892300,0.0,0.0
2021-06-28 00:00:00+09:00,1323.3252863027944,1325.1220619800554,1302.6623660142918,1316.13818359375,1126900,0.0,0.0
2021-06-29 00:00:00+09:00,1304.4589666375728,1318.833170126692,1302.662191201433,1310.7476806640625,1044200,0.0,0.0
2021-06-30 00:00:00+09:00,1320.6298953711741,1325.121833790804,1308.0524677962105,1309.8492431640625,986800,0.0,0.0
2021-07-01 00:00:00+09:00,1316.1381118276038,1316.1381118276038,1288.288090348658,1292.780029296875,770400,0.0,0.0
2021-07-02 00:00:00+09:00,1292.7798110044719,1317.0362772290173,1291.8814233665257,1315.239501953125,622100,0.0,0.0
2021-07-05 00:00:00+09:00,1315.239887182567,1320.630214589053,1307.154396072838,1308.951171875,419400,0.0,0.0
2021-07-06 00:00:00+09:00,1319.731743246822,1335.0043365995762,1308.9510891154662,1325.1220703125,580100,0.0,0.0
2021-07-07 00:00:00+09:00,1310.747780091627,1327.8171480297633,1308.9510045191917,1312.5445556640625,747000,0.0,0.0
2021-07-08 00:00:00+09:00,1324.2236013373442,1329.6139280727746,1313.442947866484,1317.0364990234375,718400,0.0,0.0
2021-07-09 00:00:00+09:00,1293.6783316115702,1307.1541475658573,1285.5928420389978,1304.458984375,1100800,0.0,0.0
2021-07-12 00:00:00+09:00,1337.699467139391,1352.972060115462,1332.30914020666,1342.19140625,1142100,0.0,0.0
2021-07-13 00:00:00+09:00,1359.2607195460757,1376.3300874716379,1352.0736172616287,1361.0574951171875,1827400,0.0,0.0
2021-07-14 00:00:00+09:00,1361.0576280255184,1372.7366703782127,1345.7850341796875,1345.7850341796875,1163200,0.0,0.0
2021-07-15 00:00:00+09:00,1356.5656427822798,1364.6511333683995,1339.4962737671385,1349.3785400390625,813000,0.0,0.0
2021-07-16 00:00:00+09:00,1334.1057079418285,1345.7847478093327,1326.020218802787,1329.61376953125,440200,0.0,0.0
2021-07-19 00:00:00+09:00,1309.8495087355711,1309.8495087355711,1272.1172183604722,1279.3043212890625,1187400,0.0,0.0
2021-07-20 00:00:00+09:00,1267.6251491778644,1287.38968020686,1262.2348225335927,1270.3203125,772300,0.0,0.0
2021-07-21 00:00:00+09:00,1293.6783400479094,1308.0525438262196,1286.4912381587544,1289.1864013671875,593100,0.0,0.0
2021-07-26 00:00:00+09:00,1316.1380069724823,1317.9347824086221,1290.0847631484537,1310.7476806640625,920000,0.0,0.0
2021-07-27 00:00:00+09:00,1313.4429484586735,1313.4429484586735,1290.9832537175882,1292.780029296875,560200,0.0,0.0
2021-07-28 00:00:00+09:00,1278.4057933666088,1284.694507740162,1257.742874710648,1261.33642578125,1066500,0.0,0.0
2021-07-29 00:00:00+09:00,1259.5395652539476,1273.9137685664034,1244.266974234463,1273.015380859375,1103000,0.0,0.0
2021-07-30 00:00:00+09:00,1270.3204054469384,1270.3204054469384,1236.1816675353516,1238.8768310546875,1019700,0.0,0.0
2021-08-02 00:00:00+09:00,1257.742619414986,1294.5765104121392,1254.1490690738003,1291.88134765625,587700,0.0,0.0
2021-08-03 00:00:00+09:00,1286.4912013229607,1290.084752164645,1266.7266716936972,1277.50732421875,546700,0.0,0.0
2021-08-04 00:00:00+09:00,1283.7959881218112,1284.694375797194,1267.6250099649235,1276.60888671875,477500,0.0,0.0
2021-08-05 00:00:00+09:00,1273.9138321593684,1291.8815871968773,1270.3202811518668,1287.3896484375,457400,0.0,0.0
2021-08-06 00:00:00+09:00,1292.7800106608072,1352.9719916992187,1290.0848473307292,1347.5816650390625,2113700,0.0,0.0
2021-08-10 00:00:00+09:00,1342.1912690470042,1356.565472731577,1295.4751070721418,1304.458984375,1427300,0.0,0.0
2021-08-11 00:00:00+09:00,1324.223697060033,1329.6140241851076,1308.0527156848086,1314.3414306640625,451300,0.0,0.0
2021-08-12 00:00:00+09:00,1328.7155222279403,1328.7155222279403,1299.0687255859375,1299.0687255859375,758500,0.0,0.0
2021-08-13 00:00:00+09:00,1301.763847799862,1316.1380517783284,1281.9993173294708,1282.897705078125,801600,0.0,0.0
2021-08-16 00:00:00+09:00,1275.7107134402056,1278.4058769193045,1245.16552734375,1245.16552734375,644600,0.0,0.0
2021-08-17 00:00:00+09:00,1248.7589831919397,1263.1331873150123,1220.0105749457944,1223.6041259765625,859000,0.0,0.0
2021-08-18 00:00:00+09:00,1211.924931896666,1223.6039712700217,1204.737830743832,1216.4168701171875,627200,0.0,0.0
2021-08-19 00:00:00+09:00,1190.3636972648885,1211.925001970064,1188.5669218727905,1191.2620849609375,705200,0.0,0.0
2021-08-20 00:00:00+09:00,1181.379820304399,1193.0588603530355,1176.887881824154,1191.2620849609375,1138700,0.0,0.0
2021-08-23 00:00:00+09:00,1181.379863427944,1266.7266976679855,1180.4814756991013,1255.946044921875,1732400,0.0,0.0
2021-08-24 00:00:00+09:00,1269.4218842646478,1293.678353390724,1261.3363945559558,1278.40576171875,893700,0.0,0.0
2021-08-25 00:00:00+09:00,1286.4913055084562,1317.0364901364503,1284.6945299421038,1308.0526123046875,1196900,0.0,0.0
2021-08-26 00:00:00+09:00,1315.2397228734092,1343.0897443276958,1310.7477839291694,1341.29296875,1217800,0.0,0.0
2021-08-27 00:00:00+09:00,1342.1913383789063,1360.1590939127605,1335.9026239420573,1347.5816650390625,1256900,0.0,0.0
2021-08-30 00:00:00+09:00,1340.3945860198207,1340.3945860198207,1310.7477888759506,1321.5284423828125,834900,0.0,0.0
2021-08-31 00:00:00+09:00,1322.4268432452893,1343.9881504721147,1318.8332920408184,1335.0042724609375,700800,0.0,0.0
2021-09-01 00:00:00+09:00,1341.2928116867379,1362.8541160942943,1341.2928116867379,1353.8702392578125,671100,0.0,0.0
2021-09-02 00:00:00+09:00,1358.3622418489413,1373.634833192481,1354.768690944579,1368.2445068359375,605100,0.0,0.0
2021-09-03 00:00:00+09:00,1365.5493179844054,1396.0945000972144,1363.7525425660049,1389.8057861328125,872600,0.0,0.0
2021-09-06 00:00:00+09:00,1380.8220880824274,1404.180171550315,1371.8382098255474,1399.688232421875,999000,0.0,0.0
2021-09-07 00:00:00+09:00,1405.0785408970646,1417.655970291284,1397.8914383860822,1405.9769287109375,666000,0.0,0.0
2021-09-08 00:00:00+09:00,1432.9283546138777,1453.591271326178,1424.842865465586,1441.9122314453125,1840400,0.0,0.0
2021-09-09 00:00:00+09:00,1436.5220496472973,1438.3188251940733,1396.9929876182284,1415.859130859375,968600,0.0,0.0
2021-09-10 00:00:00+09:00,1437.4204417366293,1459.880136138764,1432.030115080117,1444.6075439453125,1841500,0.0,0.0
2021-09-13 00:00:00+09:00,1441.9123177766946,1454.48974609375,1431.1316649335045,1454.48974609375,834000,0.0,0.0
2021-09-14 00:00:00+09:00,1458.9817120308646,1463.4736507994326,1449.9978344937288,1457.1849365234375,1350700,0.0,0.0
2021-09-15 00:00:00+09:00,1446.4042556225954,1450.8961943046531,1429.3348886307758,1430.2332763671875,750000,0.0,0.0
2021-09-16 00:00:00+09:00,1437.4204464848676,1438.3188342639205,1414.0623642294884,1424.843017578125,762300,0.0,0.0
2021-09-17 00:00:00+09:00,1433.8268591308592,1441.0139611816405,1423.944593811035,1437.42041015625,733400,0.0,0.0
2021-09-21 00:00:00+09:00,1405.0783267412812,1442.8106091729526,1398.7896130026693,1432.9283447265625,820700,0.0,0.0
2021-09-22 00:00:00+09:00,1424.842918010673,1434.7251828896879,1414.9606531316583,1423.046142578125,1142900,0.0,0.0
2021-09-24 00:00:00+09:00,1440.1155423028297,1464.3720112000076,1435.623603618167,1454.48974609375,977600,0.0,0.0
2021-09-27 00:00:00+09:00,1462.5753670652048,1474.2544086941039,1460.7785914299895,1463.4737548828125,1021200,0.0,0.0
2021-09-28 00:00:00+09:00,1447.3027299664832,1453.5914444976845,1423.944647422021,1442.810791015625,634800,0.0,0.0
2021-09-29 00:00:00+09:00,1427.3456298672422,1427.3456298672422,1401.8735599907077,1426.4359130859375,910400,20.0,0.0
2021-09-30 00:00:00+09:00,1428.255226724341,1457.3661612817798,1421.8872097899011,1449.1787109375,862600,0.0,0.0
2021-10-01 00:00:00+09:00,1442.810515925384,1451.9076818517735,1405.5121356271868,1413.6995849609375,673800,0.0,0.0
2021-10-04 00:00:00+09:00,1430.9843470371054,1434.6232137810016,1386.4082294243794,1401.8734130859375,560900,0.0,0.0
2021-10-05 00:00:00+09:00,1382.7693621317546,1406.4219959576926,1380.0402120749156,1397.3248291015625,920000,0.0,0.0
2021-10-06 00:00:00+09:00,1402.7834482217893,1420.9777860716179,1378.2210921245205,1393.686279296875,817200,0.0,0.0
2021-10-07 00:00:00+09:00,1404.6028820067722,1422.7972198566008,1392.7765624043834,1393.686279296875,1013700,0.0,0.0
2021-10-08 00:00:00+09:00,1426.4357169294174,1430.9843002104421,1418.2482670235725,1420.9774169921875,1094000,0.0,0.0
2021-10-11 00:00:00+09:00,1420.97753999138,1443.7204583651217,1409.1512224370342,1434.623291015625,734800,0.0,0.0
2021-10-12 00:00:00+09:00,1426.4357416879795,1439.171775095908,1420.9774416560103,1422.796875,511400,0.0,0.0
2021-10-13 00:00:00+09:00,1440.99140625,1467.373193359375,1437.3525390625,1437.3525390625,862900,0.0,0.0
2021-10-14 00:00:00+09:00,1432.8037155008763,1464.6437980675623,1429.1648489218264,1460.09521484375,505300,0.0,0.0
2021-10-15 00:00:00+09:00,1468.2827640340117,1475.560497684738,1451.9078633198778,1471.921630859375,569600,0.0,0.0
2021-10-18 00:00:00+09:00,1469.1923812913747,1478.2895477389993,1457.3660649094627,1460.09521484375,490400,0.0,0.0
2021-10-19 00:00:00+09:00,1461.0050543912055,1477.3799553744195,1459.1856209486261,1469.1925048828125,395700,0.0,0.0
2021-10-20 00:00:00+09:00,1484.6577880259522,1495.5743894084958,1477.380053770923,1481.0189208984375,688200,0.0,0.0
2021-10-21 00:00:00+09:00,1491.9354002117673,1511.0394510681376,1488.2965333819825,1490.115966796875,942900,0.0,0.0
2021-10-22 00:00:00+09:00,1496.4840826467305,1525.5950192088553,1496.4840826467305,1515.588134765625,929600,0.0,0.0
2021-10-25 00:00:00+09:00,1520.1367675781248,1547.4282714843748,1516.4979003906249,1528.32421875,1232700,0.0,0.0
2021-10-26 00:00:00+09:00,1540.1503347445878,1541.0600514219325,1485.5673341039053,1486.47705078125,910400,0.0,0.0
2021-10-27 00:00:00+09:00,1469.1924784457392,1471.0119118555792,1429.1649434292608,1449.1787109375,934900,0.0,0.0
2021-10-28 00:00:00+09:00,1461.0050299325792,1479.199364053782,1449.1787127537973,1467.373046875,2356100,0.0,0.0
2021-10-29 00:00:00+09:00,1461.9149411944798,1476.4704104285256,1425.5262681093652,1468.282958984375,692400,0.0,0.0
2021-11-01 00:00:00+09:00,1496.4839893638984,1572.9001930760974,1484.6576721227248,1549.24755859375,3195800,0.0,0.0
2021-11-02 00:00:00+09:00,1557.4348846814087,1563.802901149148,1538.3308352781905,1540.1502685546875,1042300,0.0,0.0
2021-11-04 00:00:00+09:00,1560.1644046971055,1561.0741215511564,1539.2409170539374,1553.79638671875,716300,0.0,0.0
2021-11-05 00:00:00+09:00,1545.6089108322876,1569.2615486672728,1541.9700434730591,1551.9769287109375,1024200,0.0,0.0
2021-11-08 00:00:00+09:00,1550.157172899381,1709.357586782827,1490.115873949053,1672.0592041015625,4082300,0.0,0.0
2021-11-09 00:00:00+09:00,1671.1495876169154,1741.197773924211,1657.5038370375719,1697.5313720703125,2574500,0.0,0.0
2021-11-10 00:00:00+09:00,1730.281322731104,1753.9339591091316,1692.9829345965218,1694.8023681640625,1405700,0.0,0.0
2021-11-11 00:00:00+09:00,1706.6286381993614,1734.8298577005237,1698.4411873764434,1718.4549560546875,1232400,0.0,0.0
2021-11-12 00:00:00+09:00,1718.454736637981,1730.2810529832925,1702.989553724881,1720.274169921875,853400,0.0,0.0
2021-11-15 00:00:00+09:00,1726.642672941816,1756.663330585167,1724.8232391452493,1752.11474609375,952600,0.0,0.0
2021-11-16 00:00:00+09:00,1752.1145260721148,1767.5797114008926,1731.1910400390625,1731.1910400390625,902800,0.0,0.0
2021-11-17 00:00:00+09:00,1754.843555367768,1773.947606514851,1743.926954712292,1763.031005859375,1105300,0.0,0.0
2021-11-18 00:00:00+09:00,1764.8504415372522,1796.690526822718,1763.0310080923684,1790.322509765625,1286600,0.0,0.0
2021-11-19 00:00:00+09:00,1787.5934073002938,1796.690574767471,1758.482471405327,1771.218505859375,869000,0.0,0.0
2021-11-22 00:00:00+09:00,1785.7739984973264,1792.1420158123958,1763.9407962742312,1773.0379638671875,631700,0.0,0.0
2021-11-24 00:00:00+09:00,1773.0378154494008,1785.7738490134293,1753.933765103358,1757.5726318359375,953800,0.0,0.0
2021-11-25 00:00:00+09:00,1757.5727785847246,1776.676830525863,1754.8436283074193,1763.9407958984375,429800,0.0,0.0
2021-11-26 00:00:00+09:00,1751.2047605131863,1758.4824945828516,1732.100708580315,1745.7464599609375,576800,0.0,0.0
2021-11-29 00:00:00+09:00,1715.7257557914857,1743.9269744709852,1701.1702880859375,1701.1702880859375,918500,0.0,0.0
2021-11-30 00:00:00+09:00,1712.9966039311273,1733.9200887375084,1676.6079347026382,1678.4273681640625,1377700,0.0,0.0
2021-12-01 00:00:00+09:00,1678.4272206569003,1703.8992868782516,1668.4203374985123,1672.0592041015625,711100,0.0,0.0
2021-12-02 00:00:00+09:00,1661.1426787309533,1703.8993632327906,1658.413528656368,1686.61474609375,960000,0.0,0.0
2021-12-03 00:00:00+09:00,1686.6149906326468,1700.2607429840436,1656.5943354595738,1672.96923828125,621100,0.0,0.0
2021-12-06 00:00:00+09:00,1662.0524670112425,1682.9759518176238,1653.8650164348323,1678.4273681640625,769500,0.0,0.0
2021-12-07 00:00:00+09:00,1680.2468762619083,1727.5521483602404,1680.2468762619083,1724.822998046875,621700,0.0,0.0
2021-12-08 00:00:00+09:00,1733.0104012543898,1751.2047361756959,1720.2743668094756,1748.4755859375,682800,0.0,0.0
2021-12-09 00:00:00+09:00,1743.017284951948,1766.6699203427365,1737.558984477151,1739.37841796875,850900,0.0,0.0
2021-12-10 00:00:00+09:00,1719.3646490536278,1742.1075676919033,1713.9063485804418,1730.28125,794200,0.0,0.0
2021-12-13 00:00:00+09:00,1737.5590079748297,1754.8436263787678,1713.9063722641774,1718.4549560546875,614500,0.0,0.0
2021-12-14 00:00:00+09:00,1718.4550779960978,1736.6494144492062,1708.4481929468882,1723.003662109375,548900,0.0,0.0
2021-12-15 00:00:00+09:00,1718.4549312773977,1737.558982922091,1703.8994633576315,1712.0869140625,617600,0.0,0.0
2021-12-16 00:00:00+09:00,1728.4618401982982,1743.017308326284,1710.2675050383161,1713.9063720703125,779600,0.0,0.0
2021-12-17 00:00:00+09:00,1691.163426295118,1696.621726756533,1648.4067393473663,1666.60107421875,1095900,0.0,0.0
2021-12-20 00:00:00+09:00,1642.948413691245,1669.330198850185,1642.948413691245,1651.1358642578125,718400,0.0,0.0
2021-12-21 00:00:00+09:00,1673.87888167567,1681.156615943825,1656.5942627888016,1662.9622802734375,602100,0.0,0.0
2021-12-22 00:00:00+09:00,1673.8787600040694,1685.705077330185,1665.691309547528,1676.60791015625,720300,0.0,0.0
2021-12-23 00:00:00+09:00,1693.892478562229,1698.4410620170147,1674.7884280521284,1677.517578125,420300,0.0,0.0
2021-12-24 00:00:00+09:00,1686.6149165087409,1686.6149165087409,1644.7679444702285,1653.8651123046875,420600,0.0,0.0
2021-12-27 00:00:00+09:00,1662.05266157646,1672.0595467857327,1646.5874753439477,1652.0457763671875,464100,0.0,0.0
2021-12-28 00:00:00+09:00,1681.1565921379633,1694.8023436975247,1672.0594244315892,1692.98291015625,693300,0.0,0.0
2021-12-29 00:00:00+09:00,1676.6079828378083,1690.2537341902594,1645.6776131055863,1663.8719482421875,536400,0.0,0.0
2021-12-30 00:00:00+09:00,1660.2331789541324,1662.052612574904,1629.3028074010142,1643.8582763671875,552700,0.0,0.0
2022-01-04 00:00:00+09:00,1673.8788097475833,1697.5314451027123,1665.691359047731,1693.892578125,640500,0.0,0.0
2022-01-05 00:00:00+09:00,1702.989819478558,1724.8230222923858,1700.2606691268297,1712.9967041015625,612100,0.0,0.0
2022-01-06 00:00:00+09:00,1700.2604224858128,1723.9130554363912,1685.7049560546875,1685.7049560546875,621200,0.0,0.0
2022-01-07 00:00:00+09:00,1687.5243871645257,1700.2604202752016,1664.781470895462,1672.0592041015625,675300,0.0,0.0
2022-01-11 00:00:00+09:00,1654.7750239455909,1669.3304941947001,1640.2195536964819,1659.3236083984375,600600,0.0,0.0
2022-01-12 00:00:00+09:00,1672.9692614426401,1708.4482180474597,1672.9692614426401,1702.0802001953125,658900,0.0,0.0
2022-01-13 00:00:00+09:00,1713.9064706966578,1716.6356211277034,1648.4068603515625,1648.4068603515625,549600,0.0,0.0
2022-01-14 00:00:00+09:00,1647.4969720062916,1654.7747057313331,1625.6637708311666,1640.21923828125,792100,0.0,0.0
2022-01-17 00:00:00+09:00,1636.5805901346753,1668.4206794369063,1632.941722785849,1652.0457763671875,597000,0.0,0.0
2022-01-18 00:00:00+09:00,1662.0525633557008,1682.976049374957,1642.9485109033365,1653.8651123046875,458300,0.0,0.0
2022-01-19 00:00:00+09:00,1664.781545497067,1711.1770967650182,1664.781545497067,1686.61474609375,1328500,0.0,0.0
2022-01-20 00:00:00+09:00,1716.6355225384834,1758.4824934111757,1707.5383549574635,1718.4549560546875,1160800,0.0,0.0
2022-01-21 00:00:00+09:00,1725.7327877058535,1753.934008801732,1703.8995842767863,1753.0242919921875,963600,0.0,0.0
2022-01-24 00:00:00+09:00,1743.0174070871983,1761.2117432780876,1732.1008053726648,1753.0242919921875,925600,0.0,0.0
2022-01-25 00:00:00+09:00,1750.2949935752467,1753.024143773129,1715.725757735403,1728.4617919921875,711100,0.0,0.0
2022-01-26 00:00:00+09:00,1714.816162109375,1750.2951171875,1711.1772949218748,1737.55908203125,648700,0.0,0.0
2022-01-27 00:00:00+09:00,1731.1907607932496,1737.5587772543913,1649.316263435713,1670.23974609375,1193800,0.0,0.0
2022-01-28 00:00:00+09:00,1673.8787129337009,1711.1770972979843,1673.8787129337009,1691.163330078125,596700,0.0,0.0
2022-01-31 00:00:00+09:00,1713.906517331436,1746.6563233950938,1704.8093489804198,1743.0174560546875,608300,0.0,0.0
2022-02-01 00:00:00+09:00,1779.405931610422,1785.7739487480872,1760.3018801974267,1764.8504638671875,882300,0.0,0.0
2022-02-02 00:00:00+09:00,1769.399169921875,1842.176513671875,1764.8505859375,1837.6279296875,1508700,0.0,0.0
2022-02-03 00:00:00+09:00,1831.2598635945599,1859.4610835505616,1821.2529790940432,1843.086181640625,774900,0.0,0.0
2022-02-04 00:00:00+09:00,1855.8222415414955,1899.4886472248247,1852.1833744012179,1881.2943115234375,991200,0.0,0.0
2022-02-07 00:00:00+09:00,1867.6485355806374,1895.849755552873,1857.6416510743602,1884.0234375,759100,0.0,0.0
2022-02-08 00:00:00+09:00,1878.5651611091441,1906.7663814454072,1870.3777100437774,1876.7457275390625,696000,0.0,0.0
2022-02-09 00:00:00+09:00,1891.301196335945,1905.856664898415,1868.5582767070857,1894.9400634765625,958000,0.0,0.0
2022-02-10 00:00:00+09:00,1897.6692875105728,1910.405322997221,1842.1765614616058,1882.2041015625,2112800,0.0,0.0
2022-02-14 00:00:00+09:00,1883.1138656550909,1940.4260267837242,1882.2041488117793,1913.134521484375,1912000,0.0,0.0
2022-02-15 00:00:00+09:00,1908.586103497346,1994.0994942164834,1908.586103497346,1944.0650634765625,1739200,0.0,0.0
2022-02-16 00:00:00+09:00,1948.613548852607,1970.4467538817678,1930.4192113283063,1959.5301513671875,782700,0.0,0.0
2022-02-17 00:00:00+09:00,1950.4327387417802,1973.1756578036013,1932.2384034923234,1936.7869873046875,829300,0.0,0.0
2022-02-18 00:00:00+09:00,1936.7872047953645,1979.5438974329325,1933.148337336848,1966.807861328125,729100,0.0,0.0
2022-02-21 00:00:00+09:00,1940.4260491217767,1966.8078378815196,1930.41916373015,1951.3426513671875,745500,0.0,0.0
2022-02-22 00:00:00+09:00,1937.6969487249514,1946.794117498308,1918.5928943009026,1932.2386474609375,576500,0.0,0.0
2022-02-24 00:00:00+09:00,1910.4053468194627,1930.419117119476,1902.2178953330936,1906.7664794921875,1199400,0.0,0.0
2022-02-25 00:00:00+09:00,1907.6762455260355,1918.5928477894176,1878.5653061570163,1901.3082275390625,897700,0.0,0.0
2022-02-28 00:00:00+09:00,1900.398193359375,1908.5856436897889,1877.6552757748923,1900.398193359375,1104200,0.0,0.0
2022-03-01 00:00:00+09:00,1906.7663102427298,1954.0715812983701,1906.7663102427298,1939.51611328125,795100,0.0,0.0
2022-03-02 00:00:00+09:00,1914.0440655998966,1925.8703834957134,1866.738794016629,1868.5582275390625,1047700,0.0,0.0
2022-03-03 00:00:00+09:00,1874.9262443269333,1879.4748281317052,1853.0930420640286,1854.9124755859375,579800,0.0,0.0
2022-03-04 00:00:00+09:00,1844.9055157498128,1845.8152324735552,1811.2459969713398,1822.16259765625,567800,0.0,0.0
2022-03-07 00:00:00+09:00,1790.3225330528846,1806.6974342698318,1752.1144302133414,1773.9476318359375,917800,0.0,0.0
2022-03-08 00:00:00+09:00,1779.4060546874998,1792.14208984375,1742.107666015625,1751.204833984375,1111500,0.0,0.0
2022-03-09 00:00:00+09:00,1771.2185793005565,1830.3501702890187,1766.669995378367,1785.7740478515625,1209200,0.0,0.0
2022-03-10 00:00:00+09:00,1828.5307856331094,1880.3846437331529,1819.4336175453825,1866.7388916015625,911900,0.0,0.0
2022-03-11 00:00:00+09:00,1866.738622808689,1875.835789586509,1846.7248558974848,1864.919189453125,687400,0.0,0.0
2022-03-14 00:00:00+09:00,1883.1136514538916,1976.8144756566699,1882.2039347140587,1946.7938232421875,1413100,0.0,0.0
2022-03-15 00:00:00+09:00,1940.4260502642462,1953.1620862247244,1927.6900143037683,1933.1483154296875,907100,0.0,0.0
2022-03-16 00:00:00+09:00,1940.4259034908018,1968.6271238415823,1937.6967531342746,1954.0716552734375,767000,0.0,0.0
2022-03-17 00:00:00+09:00,1992.2795398957137,2005.9252901689722,1959.5297392398938,1983.182373046875,1081300,0.0,0.0
2022-03-18 00:00:00+09:00,1963.1686026071948,1970.4463360737645,1925.8702185910247,1955.890869140625,1619700,0.0,0.0
2022-03-22 00:00:00+09:00,1978.6337890625,2006.8350062859195,1965.8977554777298,1978.6337890625,1118800,0.0,0.0
2022-03-23 00:00:00+09:00,2013.202911295573,2059.598459635417,2013.202911295573,2046.8624267578125,1141200,0.0,0.0
2022-03-24 00:00:00+09:00,2027.758691230372,2046.8627435030673,2001.3769047585547,2020.48095703125,869200,0.0,0.0
2022-03-25 00:00:00+09:00,2001.3768310546875,2016.842015658292,1984.092212968306,2001.3768310546875,891700,0.0,0.0
2022-03-28 00:00:00+09:00,1989.550586026643,2005.01577119466,1977.724267956983,1993.189453125,506300,0.0,0.0
2022-03-29 00:00:00+09:00,2005.0159696425474,2008.6548371010638,1943.155222847768,1966.807861328125,1002100,0.0,0.0
2022-03-30 00:00:00+09:00,1969.5626776333513,1998.94543086611,1964.9716224407327,1997.1090087890625,1091000,20.0,0.0
2022-03-31 00:00:00+09:00,1984.2536871242569,2001.6996936283572,1936.50672195514,1940.1795654296875,707900,0.0,0.0
2022-04-01 00:00:00+09:00,1933.7523233824672,2017.309522540969,1923.652002605066,1994.354248046875,1076200,0.0,0.0
2022-04-04 00:00:00+09:00,1988.8451094423492,2007.2093302128233,1986.0904763267781,1997.1090087890625,624800,0.0,0.0
2022-04-05 00:00:00+09:00,2013.6363669100674,2036.5916378506747,2004.4542585338247,2020.0638427734375,1127100,0.0,0.0
2022-04-06 00:00:00+09:00,2004.4540333955185,2034.7549876337466,2004.4540333955185,2027.4093017578125,600600,0.0,0.0
2022-04-07 00:00:00+09:00,1981.4987565886952,2023.7364501953125,1978.7441243969595,2023.7364501953125,852400,0.0,0.0
2022-04-08 00:00:00+09:00,2028.3277320514394,2031.0823645530938,2008.1270937059746,2016.3909912109375,892200,0.0,0.0
2022-04-11 00:00:00+09:00,1999.8632306126087,2035.6734537503,1983.3354353182897,2032.0006103515625,1038600,0.0,0.0
2022-04-12 00:00:00+09:00,2031.0821683384268,2069.647019635992,2021.9000608866256,2037.5096435546875,959400,0.0,0.0
2022-04-13 00:00:00+09:00,2029.2459259916,2068.728991519943,2017.3091852504729,2063.2197265625,874400,0.0,0.0
2022-04-14 00:00:00+09:00,2075.156309754698,2110.966529259315,2075.156309754698,2100.8662109375,776200,0.0,0.0
2022-04-15 00:00:00+09:00,2080.6655827334207,2115.557591623037,2075.1563181719025,2104.5390625,623200,0.0,0.0
2022-04-18 00:00:00+09:00,2085.256628076513,2118.3122153115437,2085.256628076513,2100.8662109375,612000,0.0,0.0
2022-04-19 00:00:00+09:00,2110.966762318724,2112.8031840345297,2091.6843343027635,2095.357177734375,703100,0.0,0.0
2022-04-20 00:00:00+09:00,2116.475783025179,2116.475783025179,2080.6655637028443,2096.275146484375,488800,0.0,0.0
2022-04-21 00:00:00+09:00,2073.32009858736,2089.8478938816793,2030.1641886521938,2032.0006103515625,1078100,0.0,0.0
2022-04-22 00:00:00+09:00,1993.4360730420613,2026.491668910101,1976.9082751080416,2011.80029296875,1202300,0.0,0.0
2022-04-25 00:00:00+09:00,1987.9264533318799,2023.736675816842,1983.335399167141,2015.4727783203125,648300,0.0,0.0
2022-04-26 00:00:00+09:00,2031.0821704761402,2056.7920713682433,2014.5543770455026,2038.4278564453125,638300,0.0,0.0
2022-04-27 00:00:00+09:00,1992.5174929419782,2078.8293106085894,1987.0082279845349,2063.2197265625,1294900,0.0,0.0
2022-04-28 00:00:00+09:00,2063.2196155894885,2121.06689453125,2054.9557185978083,2121.06689453125,917600,0.0,0.0
2022-05-02 00:00:00+09:00,2109.1304563343015,2162.386689014924,2099.030136343149,2148.613525390625,972600,0.0,0.0
2022-05-06 00:00:00+09:00,2144.022223062246,2156.877174292598,2110.9666341841985,2146.77685546875,554200,0.0,0.0
2022-05-09 00:00:00+09:00,2138.5128757365637,2142.185718803522,2091.6841266328433,2110.966552734375,483000,0.0,0.0
2022-05-10 00:00:00+09:00,2085.256604498786,2089.847658229519,2018.2272200300888,2038.4278564453125,743400,0.0,0.0
2022-05-11 00:00:00+09:00,2041.1829524245477,2056.792538655415,2006.2909361437862,2026.4915771484375,1160500,0.0,0.0
2022-05-12 00:00:00+09:00,2042.1008714210116,2098.1117316533323,2036.5916064801274,2060.465087890625,942600,0.0,0.0
2022-05-13 00:00:00+09:00,2106.3754104330437,2182.586900871554,2043.9370809171558,2073.31982421875,1327300,0.0,0.0
2022-05-16 00:00:00+09:00,2119.2307684911443,2209.2154371705774,2112.803292156899,2144.940673828125,1394100,0.0,0.0
2022-05-17 00:00:00+09:00,2144.0222787353,2177.996079297701,2113.7213214769426,2171.568603515625,925200,0.0,0.0
2022-05-18 00:00:00+09:00,2174.323454772534,2177.9962984461363,2121.0672215053014,2159.632080078125,1062300,0.0,0.0
2022-05-19 00:00:00+09:00,2159.6323649431342,2200.033650681866,2144.022777271351,2179.8330078125,864900,0.0,0.0
2022-05-20 00:00:00+09:00,2177.99614064131,2211.9699421605883,2173.405086381948,2199.114990234375,792900,0.0,0.0
2022-05-23 00:00:00+09:00,2218.397477052393,2245.0255924640314,2205.542524784705,2225.7431640625,712800,0.0,0.0
2022-05-24 00:00:00+09:00,2208.2968898792174,2236.761423594916,2206.460468349172,2214.724365234375,829800,0.0,0.0
2022-05-25 00:00:00+09:00,2213.8061309903424,2229.415713830175,2198.1965481505104,2204.6240234375,726000,0.0,0.0
2022-05-26 00:00:00+09:00,2201.8695628665205,2216.560936096656,2172.48681640625,2172.48681640625,860600,0.0,0.0
2022-05-27 00:00:00+09:00,2199.1149511883154,2199.1149511883154,2162.386517765546,2181.6689453125,724700,0.0,0.0
2022-05-30 00:00:00+09:00,2189.93312097622,2207.379129067854,2168.81426907582,2197.27880859375,1379300,0.0,0.0
2022-05-31 00:00:00+09:00,2212.8881550631263,2237.679848086655,2196.360359714107,2200.033203125,738000,0.0,0.0
2022-06-01 00:00:00+09:00,2189.0145841080534,2189.0145841080534,2151.3679406733095,2160.550048828125,1011800,0.0,0.0
2022-06-02 00:00:00+09:00,2153.204230612826,2153.204230612826,2089.8476882195278,2103.620849609375,1082800,0.0,0.0
2022-06-03 00:00:00+09:00,2111.8847528539122,2121.0668604750163,2078.829165417938,2106.37548828125,850000,0.0,0.0
2022-06-06 00:00:00+09:00,2088.0112835658847,2120.1486604017714,2086.1748620324056,2110.966552734375,858800,0.0,0.0
2022-06-07 00:00:00+09:00,2110.966110775624,2133.0031645636254,2083.4197935406223,2129.330322265625,912900,0.0,0.0
2022-06-08 00:00:00+09:00,2171.568818047706,2171.568818047706,2148.613545129654,2157.795654296875,1141500,0.0,0.0
2022-06-09 00:00:00+09:00,2169.7324800280117,2212.888394781002,2163.3050033626723,2197.27880859375,977300,0.0,0.0
2022-06-10 00:00:00+09:00,2194.523657934663,2199.11471161235,2154.122385571012,2184.42333984375,956800,0.0,0.0
2022-06-13 00:00:00+09:00,2166.977422552874,2175.2413195032877,2113.7211977613206,2116.475830078125,748600,0.0,0.0
2022-06-14 00:00:00+09:00,2071.483839465726,2105.4576435704384,2023.7368715347782,2049.44677734375,1171000,0.0,0.0
2022-06-15 00:00:00+09:00,2054.956024522971,2071.4838209668555,1979.6627296119418,1984.2537841796875,1199600,0.0,0.0
2022-06-16 00:00:00+09:00,1979.6625544313524,1996.1903494126902,1953.9526511270492,1960.380126953125,1204800,0.0,0.0
2022-06-17 00:00:00+09:00,1897.0236936591307,1907.1240134220786,1852.9495710571762,1902.532958984375,3462200,0.0,0.0
2022-06-20 00:00:00+09:00,1906.2056573815048,1934.6701927277604,1883.2503869409761,1892.4324951171875,891600,0.0,0.0
2022-06-21 00:00:00+09:00,1897.94181137597,1929.1609800197934,1888.759702951316,1915.3878173828125,876500,0.0,0.0
2022-06-22 00:00:00+09:00,1928.242779462204,1935.5884662411077,1911.714984209671,1919.9788818359375,946000,0.0,0.0
2022-06-23 00:00:00+09:00,1890.596158726466,1954.8709188580117,1887.8415261493997,1930.9974365234375,838800,0.0,0.0
2022-06-24 00:00:00+09:00,1946.6071074273357,1975.0716453189618,1946.6071074273357,1970.4805908203125,801100,0.0,0.0
2022-06-27 00:00:00+09:00,1986.0900093060661,1989.7628525965072,1936.50662488511,1951.197998046875,698300,0.0,0.0
2022-06-28 00:00:00+09:00,1964.9714281083022,2020.0640849711517,1955.7893186311605,2019.1458740234375,942100,0.0,0.0
2022-06-29 00:00:00+09:00,1994.3539311977033,2033.836997054748,1984.2536120249708,2016.3909912109375,2828900,0.0,0.0
2022-06-30 00:00:00+09:00,2025.5733093317767,2048.5285825562983,1999.8634033203125,1999.8634033203125,962200,0.0,0.0
2022-07-01 00:00:00+09:00,1997.1087189855184,2020.063991617536,1963.1349154901327,1975.9898681640625,961100,0.0,0.0
2022-07-04 00:00:00+09:00,1984.253823358605,2009.0455185139415,1969.5624484517386,2002.6180419921875,411200,0.0,0.0
2022-07-05 00:00:00+09:00,2007.2091317031536,2032.0008272914358,2000.7816550691543,2019.1458740234375,421300,0.0,0.0
2022-07-06 00:00:00+09:00,2008.127201280729,2014.5546774622403,1966.8077115424423,2009.963623046875,879800,0.0,0.0
2022-07-07 00:00:00+09:00,2016.3911052620324,2026.491425006059,1980.580880715029,2012.71826171875,836400,0.0,0.0
2022-07-08 00:00:00+09:00,2027.4095783919738,2059.546958484238,2016.391048074626,2042.1009521484375,942000,0.0,0.0
2022-07-11 00:00:00+09:00,2065.974377571268,2096.2753351089805,2047.610160881746,2071.483642578125,616900,0.0,0.0
2022-07-12 00:00:00+09:00,2054.955630339955,2055.8738410773726,2021.9000437929317,2030.1639404296875,561400,0.0,0.0
2022-07-13 00:00:00+09:00,2030.1641245421524,2033.8369678249062,1999.8631674594337,2003.5360107421875,631100,0.0,0.0
2022-07-14 00:00:00+09:00,1998.9450117174238,2036.5916564029608,1985.171849027593,2028.3277587890625,599900,0.0,0.0
2022-07-15 00:00:00+09:00,2027.4098316308864,2030.1644645542979,1982.4174938818314,1988.844970703125,736200,0.0,0.0
2022-07-19 00:00:00+09:00,1992.5176824016296,1998.0269478829246,1973.2352532170978,1984.2537841796875,619400,0.0,0.0
2022-07-20 00:00:00+09:00,2009.9633401702936,2053.119245601086,2003.5358648933673,2045.7735595703125,738900,0.0,0.0
2022-07-21 00:00:00+09:00,2049.446791082794,2062.301744073456,2032.9189943805131,2055.874267578125,522100,0.0,0.0
2022-07-22 00:00:00+09:00,2099.0297894244427,2110.966529259315,2076.9927312677555,2100.8662109375,828700,0.0,0.0
2022-07-25 00:00:00+09:00,2085.256858297443,2110.966762318724,2085.256858297443,2095.357177734375,517600,0.0,0.0
2022-07-26 00:00:00+09:00,2086.1748578308666,2117.3940238371383,2076.0745394170726,2109.130126953125,574300,0.0,0.0
2022-07-27 00:00:00+09:00,2091.684338357528,2101.7846578140393,2072.4019103041883,2097.193603515625,514400,0.0,0.0
2022-07-28 00:00:00+09:00,2101.7843589833374,2102.7025697124695,2052.200979610205,2074.238037109375,596500,0.0,0.0
2022-07-29 00:00:00+09:00,2091.6843282072728,2103.6210693252247,2076.074743668413,2092.6025390625,992400,0.0,0.0
2022-08-01 00:00:00+09:00,2084.3384067102634,2098.1115679880845,2056.792084154621,2096.275146484375,457900,0.0,0.0
2022-08-02 00:00:00+09:00,2088.0114888994613,2088.0114888994613,2033.8370483343476,2039.3463134765625,532900,0.0,0.0
2022-08-03 00:00:00+09:00,2056.7924922083703,2088.9298748991264,2044.8557500660897,2062.3017578125,788600,0.0,0.0
2022-08-04 00:00:00+09:00,2091.684217201791,2097.1934820407773,1850.1947750928923,1882.3321533203125,3069200,0.0,0.0
2022-08-05 00:00:00+09:00,1883.2504078313323,1890.596094453785,1841.9309205800355,1847.440185546875,2070200,0.0,0.0
2022-08-08 00:00:00+09:00,1836.421732686872,1858.4587934791143,1805.2025632311952,1827.2396240234375,1224600,0.0,0.0
2022-08-09 00:00:00+09:00,1830.9125313688103,1865.804545507233,1824.4850550801534,1856.6224365234375,898000,0.0,0.0
2022-08-10 00:00:00+09:00,1857.540526286595,1861.2133696405972,1793.2657675915573,1802.4478759765625,1096600,0.0,0.0
2022-08-12 00:00:00+09:00,1838.257949456936,1856.622164736226,1824.4847879974684,1844.6854248046875,1132800,0.0,0.0
2022-08-15 00:00:00+09:00,1842.8491148805904,1842.8491148805904,1824.4848984891546,1840.094482421875,780900,0.0,0.0
2022-08-16 00:00:00+09:00,1848.3583636875571,1891.5142718312804,1845.6037312528513,1886.9232177734375,1002600,0.0,0.0
2022-08-17 00:00:00+09:00,1896.1055242736204,1936.5068042097168,1888.759837012512,1921.8154296875,1219400,0.0,0.0
2022-08-18 00:00:00+09:00,1909.8787172379032,1947.5253650296117,1907.1240844726562,1935.588623046875,798700,0.0,0.0
2022-08-19 00:00:00+09:00,1936.506717914995,1953.0345135159766,1925.4881875143408,1938.3431396484375,664300,0.0,0.0
2022-08-22 00:00:00+09:00,1928.2431098852264,1966.807972082931,1923.6520548616902,1961.2987060546875,778900,0.0,0.0
2022-08-23 00:00:00+09:00,1955.7893338586093,1955.7893338586093,1900.6966765668174,1910.7969970703125,991700,0.0,0.0
2022-08-24 00:00:00+09:00,1908.0420643361656,1910.7966967678349,1878.6593183983614,1886.0050048828125,799700,0.0,0.0
2022-08-25 00:00:00+09:00,1903.451309431407,1930.0794271224397,1896.1056217925013,1910.7969970703125,618400,0.0,0.0
2022-08-26 00:00:00+09:00,1909.8786440729118,1912.6332767326323,1889.6780045682945,1901.61474609375,536300,0.0,0.0
2022-08-29 00:00:00+09:00,1855.7042650602007,1874.9866943359375,1850.194999552847,1874.9866943359375,560500,0.0,0.0
2022-08-30 00:00:00+09:00,1890.5962470894974,1920.8972068534379,1883.2505598739967,1916.30615234375,554500,0.0,0.0
2022-08-31 00:00:00+09:00,1911.7149472712779,1918.142423078626,1891.5143090196123,1903.4510498046875,1376300,0.0,0.0
2022-09-01 00:00:00+09:00,1881.4141628276611,1886.0052173977626,1852.9496244930308,1871.3138427734375,797400,0.0,0.0
2022-09-02 00:00:00+09:00,1855.7042176442294,1870.3955919551188,1836.421788861187,1852.9495849609375,783800,0.0,0.0
2022-09-05 00:00:00+09:00,1863.9681217093564,1869.477387093719,1833.6671620953618,1855.7042236328125,753200,0.0,0.0
2022-09-06 00:00:00+09:00,1860.295112060547,1860.295112060547,1832.7487875976562,1836.421630859375,582200,0.0,0.0
2022-09-07 00:00:00+09:00,1805.2024240046064,1818.9755859375,1787.7564188896076,1818.9755859375,820200,0.0,0.0
2022-09-08 00:00:00+09:00,1829.9942041932359,1865.804426954669,1829.9942041932359,1858.458740234375,750300,0.0,0.0
2022-09-09 00:00:00+09:00,1856.6221218612536,1881.4138119157808,1856.6221218612536,1878.6591796875,688100,0.0,0.0
2022-09-12 00:00:00+09:00,1905.287642563256,1908.0422752994918,1860.2953078714008,1869.4774169921875,570600,0.0,0.0
2022-09-13 00:00:00+09:00,1871.313714584613,1875.9047688402181,1846.522021604346,1868.55908203125,717800,0.0,0.0
2022-09-14 00:00:00+09:00,1824.4847879974684,1852.949321680368,1822.6483664695395,1844.6854248046875,1259400,0.0,0.0
2022-09-15 00:00:00+09:00,1842.849267478374,1848.3585328520014,1796.020511802541,1797.85693359375,835900,0.0,0.0
2022-09-16 00:00:00+09:00,1790.511250398597,1810.7118901466838,1783.1655632174745,1799.693359375,836900,0.0,0.0
2022-09-20 00:00:00+09:00,1809.793705131581,1820.8122360608447,1791.4294869161413,1811.630126953125,523400,0.0,0.0
2022-09-21 00:00:00+09:00,1792.3477627475565,1807.0391378520446,1785.0020751953125,1785.0020751953125,552100,0.0,0.0
2022-09-22 00:00:00+09:00,1765.7194986051995,1775.8198181500031,1752.8645464572678,1773.065185546875,617800,0.0,0.0
2022-09-26 00:00:00+09:00,1746.4370483398438,1784.0836934407553,1746.4370483398438,1762.96484375,1148900,0.0,0.0
2022-09-27 00:00:00+09:00,1762.9647233451237,1825.4030572969302,1762.9647233451237,1817.13916015625,1237900,0.0,0.0
2022-09-28 00:00:00+09:00,1821.7301536043326,1845.6036334398732,1810.7116244494678,1843.7672119140625,1453400,0.0,0.0
2022-09-29 00:00:00+09:00,1880.8652655573176,1905.9063711638498,1858.6065050181776,1873.4456787109375,1056000,20.0,0.0
2022-09-30 00:00:00+09:00,1876.2282123400996,1886.430145279171,1815.0166147056723,1826.14599609375,951400,0.0,0.0
2022-10-03 00:00:00+09:00,1810.3792445396077,1825.2184186751783,1780.7008962684667,1820.5811767578125,735600,0.0,0.0
2022-10-04 00:00:00+09:00,1854.8967045137165,1873.4456715588537,1835.4202891163225,1867.8809814453125,807700,0.0,0.0
2022-10-05 00:00:00+09:00,1884.5752325709088,1889.2124747770379,1841.9126042745202,1847.477294921875,620000,0.0,0.0
2022-10-06 00:00:00+09:00,1848.4046562052758,1868.8085209501407,1836.3478270378555,1842.8399658203125,665000,0.0,0.0
2022-10-07 00:00:00+09:00,1808.5242373948165,1832.637893893414,1803.8869957604709,1828.9281005859375,1123300,0.0,0.0
2022-10-11 00:00:00+09:00,1799.2498640005024,1826.1458671221594,1782.5557930974048,1788.1204833984375,994100,0.0,0.0
2022-10-12 00:00:00+09:00,1777.9185298828124,1777.9185298828124,1736.183353125,1738.9656982421875,1184200,0.0,0.0
2022-10-13 00:00:00+09:00,1736.1834994685958,1748.2403293260165,1690.738525390625,1690.738525390625,901000,0.0,0.0
2022-10-14 00:00:00+09:00,1722.271662127653,1746.385320294222,1706.5050394802806,1734.3284912109375,868300,0.0,0.0
2022-10-17 00:00:00+09:00,1715.7795444412354,1734.3285124892489,1709.287405624431,1718.5618896484375,822300,0.0,0.0
2022-10-18 00:00:00+09:00,1784.4108404041144,1787.19318578936,1753.805041166414,1777.918701171875,1108200,0.0,0.0
2022-10-19 00:00:00+09:00,1764.9343877786405,1809.4519130615488,1760.2971455616707,1782.555908203125,824500,0.0,0.0
2022-10-20 00:00:00+09:00,1745.4577745168313,1764.0067413023448,1738.9656361419015,1753.8048095703125,872800,0.0,0.0
2022-10-21 00:00:00+09:00,1758.4420717090782,1761.2244167592507,1734.3284146075823,1738.0382080078125,778800,0.0,0.0
2022-10-24 00:00:00+09:00,1751.02247402815,1754.7322674053285,1723.1990236993129,1729.691162109375,947800,0.0,0.0
2022-10-25 00:00:00+09:00,1730.6186698658046,1751.0225341407497,1723.1990828567336,1744.5303955078125,818400,0.0,0.0
2022-10-26 00:00:00+09:00,1762.151974128558,1774.2088034252272,1751.9500416467613,1759.36962890625,870600,0.0,0.0
2022-10-27 00:00:00+09:00,1764.9342633225103,1766.789160078498,1741.748053872661,1747.312744140625,770400,0.0,0.0
2022-10-28 00:00:00+09:00,1719.4892480728474,1748.2401470427817,1712.9971095957653,1743.6029052734375,4359800,0.0,0.0
2022-10-31 00:00:00+09:00,1761.2244942252091,1849.3320913560121,1716.7069714643824,1766.7891845703125,2977200,0.0,0.0
2022-11-01 00:00:00+09:00,1827.0734013022716,1930.9476251326544,1792.757809501163,1925.3829345703125,3084800,0.0,0.0
2022-11-02 00:00:00+09:00,1891.994670286017,1911.4710860095495,1850.2594937355902,1860.46142578125,1822100,0.0,0.0
2022-11-04 00:00:00+09:00,1853.9692872067392,1881.792738240357,1847.4771486322284,1860.46142578125,1268300,0.0,0.0
2022-11-07 00:00:00+09:00,1854.896777295092,1870.6633999021005,1841.9124998540265,1861.388916015625,1027800,0.0,0.0
2022-11-08 00:00:00+09:00,1826.1458669973686,1870.6633894025863,1821.5086250801585,1853.0418701171875,1292600,0.0,0.0
2022-11-09 00:00:00+09:00,1841.9125264054637,1843.7674232094976,1745.4578925957114,1751.0225830078125,1705900,0.0,0.0
2022-11-10 00:00:00+09:00,1721.3442563657409,1725.0540500217014,1690.7384587040656,1702.7952880859375,1854100,0.0,0.0
2022-11-11 00:00:00+09:00,1728.7635880934085,1734.3282777546535,1696.3028984028135,1697.2303466796875,1179400,0.0,0.0
2022-11-14 00:00:00+09:00,1697.2305813882278,1697.2305813882278,1656.4228515625,1656.4228515625,1062900,0.0,0.0
2022-11-15 00:00:00+09:00,1649.003094870224,1651.7854397997012,1615.614955716496,1620.252197265625,1182100,0.0,0.0
2022-11-16 00:00:00+09:00,1633.236727051599,1670.3346652015503,1604.485824985387,1661.0601806640625,1123600,0.0,0.0
2022-11-17 00:00:00+09:00,1660.1326279125935,1687.0286313815686,1638.80131481651,1642.5111083984375,1157900,0.0,0.0
2022-11-18 00:00:00+09:00,1632.3091997419085,1661.987548828125,1619.3249220166888,1661.987548828125,1232700,0.0,0.0
2022-11-21 00:00:00+09:00,1670.3346365231123,1681.4640177770143,1661.0601521448607,1671.2620849609375,695100,0.0,0.0
2022-11-22 00:00:00+09:00,1692.5933854271505,1730.618771072363,1689.8110401360373,1727.83642578125,1289500,0.0,0.0
2022-11-24 00:00:00+09:00,1697.230630856235,1749.1677430573,1696.303182424073,1730.6187744140625,1092500,0.0,0.0
2022-11-25 00:00:00+09:00,1751.0224921043882,1761.2244239969457,1729.6911799654047,1743.6029052734375,770700,0.0,0.0
2022-11-28 00:00:00+09:00,1760.297110581218,1767.716697980928,1714.8521377579937,1719.4893798828125,770200,0.0,0.0
2022-11-29 00:00:00+09:00,1706.5050328475259,1706.5050328475259,1685.1737199369318,1696.3031005859375,900900,0.0,0.0
2022-11-30 00:00:00+09:00,1697.2306645446208,1708.3600459514707,1688.8836284894833,1690.738525390625,856900,0.0,0.0
2022-12-01 00:00:00+09:00,1706.5050541959852,1706.5050541959852,1680.5364990234375,1680.5364990234375,713300,0.0,0.0
2022-12-02 00:00:00+09:00,1669.4071223226827,1670.334570723973,1641.5836702839713,1650.858154296875,878700,0.0,0.0
2022-12-05 00:00:00+09:00,1648.0758159163283,1658.2777483727602,1635.0915382445057,1656.4228515625,618000,0.0,0.0
2022-12-06 00:00:00+09:00,1669.4071979828134,1705.577687272441,1667.5523010961658,1679.609130859375,991000,0.0,0.0
2022-12-07 00:00:00+09:00,1665.6973515263312,1704.6501849139179,1662.9150062843605,1702.7952880859375,1089800,0.0,0.0
2022-12-08 00:00:00+09:00,1687.9561800389124,1712.9972882043248,1679.609143983775,1690.738525390625,711200,0.0,0.0
2022-12-09 00:00:00+09:00,1712.9972026430326,1739.893206366177,1709.2874090260473,1721.34423828125,1074400,0.0,0.0
2022-12-12 00:00:00+09:00,1707.4323199119547,1709.2872165115332,1690.7382505157489,1698.1578369140625,574200,0.0,0.0
2022-12-13 00:00:00+09:00,1727.8362417337805,1776.0635549759472,1691.6657568021553,1742.6754150390625,1662000,0.0,0.0
2022-12-14 00:00:00+09:00,1745.4578576964866,1828.928212209071,1744.5304093130135,1820.5811767578125,2624200,0.0,0.0
2022-12-15 00:00:00+09:00,1823.3634548275695,1836.3477317185086,1793.6851076482806,1800.17724609375,1377400,0.0,0.0
2022-12-16 00:00:00+09:00,1797.3949602738167,1827.0733084310727,1780.7008894353603,1815.0164794921875,1585800,0.0,0.0
2022-12-19 00:00:00+09:00,1800.1773158843378,1813.1615932786606,1783.4832449487797,1790.90283203125,840600,0.0,0.0
2022-12-20 00:00:00+09:00,1779.7734373704136,1799.249853308287,1718.561844422812,1747.312744140625,1018100,0.0,0.0
2022-12-21 00:00:00+09:00,1748.2401396098892,1855.8241482012668,1722.2715858119702,1832.637939453125,2742900,0.0,0.0
2022-12-22 00:00:00+09:00,1855.824159950785,1883.64761062471,1847.4771247486078,1873.4456787109375,1791600,0.0,0.0
2022-12-23 00:00:00+09:00,1856.7516883111768,1878.083001413653,1840.0576171875,1840.0576171875,904500,0.0,0.0
2022-12-26 00:00:00+09:00,1846.5497139504146,1857.6790944463487,1825.2184013332073,1839.130126953125,536500,0.0,0.0
2022-12-27 00:00:00+09:00,1842.8399760947677,1859.5340473427323,1825.2184564441384,1851.18701171875,550100,0.0,0.0
2022-12-28 00:00:00+09:00,1838.2027872163956,1842.840029363763,1821.5087154858734,1828.0008544921875,650100,0.0,0.0
2022-12-29 00:00:00+09:00,1828.0008184356159,1866.9536517051724,1818.7263343238167,1865.0987548828125,763100,0.0,0.0
2022-12-30 00:00:00+09:00,1865.0987798836927,1879.9379546614844,1850.259605105901,1852.114501953125,622400,0.0,0.0
2023-01-04 00:00:00+09:00,1850.259486694336,1873.4456958007813,1844.694796508789,1854.896728515625,767100,0.0,0.0
2023-01-05 00:00:00+09:00,1835.4204250093862,1853.0419450069498,1788.1205555422418,1814.089111328125,1171200,0.0,0.0
2023-01-06 00:00:00+09:00,1801.1047994548287,1805.7420414719625,1777.9185893691588,1786.265625,864000,0.0,0.0
2023-01-10 00:00:00+09:00,1810.3792446025673,1832.6380058066973,1785.338138247921,1788.1204833984375,1024200,0.0,0.0
2023-01-11 00:00:00+09:00,1778.8460860708742,1815.9440232152094,1775.1362923564407,1792.7578125,749100,0.0,0.0
2023-01-12 00:00:00+09:00,1806.6693943272683,1816.8713262254203,1775.136150278435,1776.0635986328125,764900,0.0,0.0
2023-01-13 00:00:00+09:00,1779.7735529339757,1808.5244545186308,1772.353965428258,1774.2088623046875,765200,0.0,0.0
2023-01-16 00:00:00+09:00,1752.8773612310367,1780.700811409307,1744.5303261775557,1753.8048095703125,708600,0.0,0.0
2023-01-17 00:00:00+09:00,1772.353975325792,1805.742119287973,1764.9343877786405,1782.555908203125,1005900,0.0,0.0
2023-01-18 00:00:00+09:00,1795.5401996348244,1803.8872356868458,1766.7892976778617,1793.685302734375,935300,0.0,0.0
2023-01-19 00:00:00+09:00,1791.8304570233665,1851.1871595334574,1772.354039012243,1838.202880859375,906800,0.0,0.0
2023-01-20 00:00:00+09:00,1838.2028105096167,1851.1870886867785,1828.9283260973582,1847.477294921875,615900,0.0,0.0
2023-01-23 00:00:00+09:00,1877.1556093906484,1892.922232592052,1848.404708258677,1852.114501953125,1052400,0.0,0.0
2023-01-24 00:00:00+09:00,1848.4045650102444,1856.7516001758702,1824.2909078651032,1835.4202880859375,1102600,0.0,0.0
2023-01-25 00:00:00+09:00,1843.7674614091763,1891.9947793132392,1842.8400129879442,1881.7928466796875,867200,0.0,0.0
2023-01-26 00:00:00+09:00,1881.7926554022727,1895.704380306676,1865.098585516989,1891.067138671875,541900,0.0,0.0
2023-01-27 00:00:00+09:00,1882.7201454312194,1897.5593189912684,1866.9535235236672,1891.99462890625,683000,0.0,0.0
2023-01-30 00:00:00+09:00,1889.2122565259706,1906.8337748735373,1874.373083180651,1902.196533203125,758900,0.0,0.0
2023-01-31 00:00:00+09:00,1916.1082582143617,1923.5278448870215,1887.3573598578055,1902.196533203125,729600,0.0,0.0
2023-02-01 00:00:00+09:00,1904.0514646289637,1920.7455349471913,1888.2848426617486,1897.559326171875,693200,0.0,0.0
2023-02-02 00:00:00+09:00,1891.994667240401,1912.398531298876,1885.502528676341,1890.1397705078125,430100,0.0,0.0
2023-02-03 00:00:00+09:00,1883.6475300361826,1884.5749783523008,1860.461322133226,1874.373046875,686000,0.0,0.0
2023-02-06 00:00:00+09:00,1876.228044468941,1887.3574248612433,1851.1869385862612,1857.6790771484375,787700,0.0,0.0
2023-02-07 00:00:00+09:00,1840.9848929329735,1871.5906871227912,1839.1299963154088,1863.24365234375,702100,0.0,0.0
2023-02-08 00:00:00+09:00,1854.8967668840717,1880.8653216204486,1840.9850411324412,1853.0418701171875,1288600,0.0,0.0
2023-02-09 00:00:00+09:00,1841.9124829035038,2058.935403849838,1791.8302703774268,2042.2413330078125,7088000,0.0,0.0
2023-02-10 00:00:00+09:00,2052.4432348418654,2149.8253133138023,2033.8942675138776,2114.582275390625,5187200,0.0,0.0
2023-02-13 00:00:00+09:00,2088.6138045171338,2107.1627725856697,2045.9511779595016,2083.9765625,1615700,0.0,0.0
2023-02-14 00:00:00+09:00,2111.8001709511677,2163.7372853882625,2105.3080316465307,2147.043212890625,1558900,0.0,0.0
2023-02-15 00:00:00+09:00,2185.9957369129734,2189.7055302721806,2146.1154583014936,2161.882080078125,1371800,0.0,0.0
2023-02-16 00:00:00+09:00,2157.2448598472756,2193.415345459504,2130.348857725362,2178.576171875,1313100,0.0,0.0
2023-02-17 00:00:00+09:00,2160.954905718515,2237.0056792244886,2160.954905718515,2222.16650390625,1736600,0.0,0.0
2023-02-20 00:00:00+09:00,2211.0370694474022,2214.7468631880856,2173.011683605396,2177.64892578125,1238700,0.0,0.0
2023-02-21 00:00:00+09:00,2177.64867434351,2197.125089233294,2162.80950109415,2172.083984375,987800,0.0,0.0
2023-02-22 00:00:00+09:00,2154.462611562198,2166.5194406411083,2131.276401795063,2159.099853515625,1092200,0.0,0.0
2023-02-24 00:00:00+09:00,2159.09984636853,2185.995849609375,2137.7685334533767,2185.995849609375,760500,0.0,0.0
2023-02-27 00:00:00+09:00,2161.882080078125,2179.50359853436,2156.317390039314,2161.882080078125,636800,0.0,0.0
2023-02-28 00:00:00+09:00,2146.115576046029,2179.503718110704,2139.6234373112316,2159.099853515625,1088800,0.0,0.0
2023-03-01 00:00:00+09:00,2170.229172003074,2212.891796751852,2164.6644818184504,2206.399658203125,1025500,0.0,0.0
2023-03-02 00:00:00+09:00,2216.601764843423,2234.2232851497097,2199.907692974309,2215.67431640625,810200,0.0,0.0
2023-03-03 00:00:00+09:00,2236.078186688207,2262.974191422325,2230.5134960535624,2253.69970703125,1296100,0.0,0.0
2023-03-06 00:00:00+09:00,2266.6840115945906,2304.7093980411446,2262.0467693450105,2275.95849609375,1364700,0.0,0.0
2023-03-07 00:00:00+09:00,2255.554770953164,2263.901807523303,2245.352837367438,2257.40966796875,1048600,0.0,0.0
2023-03-08 00:00:00+09:00,2294.5075556664424,2299.1447980990747,2268.5389980437017,2283.378173828125,827300,0.0,0.0
2023-03-09 00:00:00+09:00,2282.450702798035,2308.4192601642862,2272.248769547007,2299.144775390625,1069600,0.0,0.0
2023-03-10 00:00:00+09:00,2260.1919139232755,2291.725161799103,2251.8448777208505,2276.885986328125,1459400,0.0,0.0
2023-03-13 00:00:00+09:00,2287.087730473567,2295.4347659862437,2240.715310958693,2256.48193359375,1742200,0.0,0.0
2023-03-14 00:00:00+09:00,2254.627206514916,2258.3370003553355,2220.311613491036,2227.731201171875,1354100,0.0,0.0
2023-03-15 00:00:00+09:00,2272.248873708664,2275.9586677881884,2242.5705210724695,2247.207763671875,909800,0.0,0.0
2023-03-16 00:00:00+09:00,2203.6174933128914,2259.2643997096816,2202.6900448729452,2221.239013671875,1400100,0.0,0.0
2023-03-17 00:00:00+09:00,2228.6585388183594,2247.2075070981628,2198.052741156684,2203.617431640625,1755700,0.0,0.0
2023-03-20 00:00:00+09:00,2208.2547156013356,2228.658581096182,2199.90767971708,2204.544921875,1170800,0.0,0.0
2023-03-22 00:00:00+09:00,2224.9486747031838,2234.2231585493832,2209.1820521646455,2212.891845703125,1014500,0.0,0.0
2023-03-23 00:00:00+09:00,2201.7625202721188,2226.8036272844806,2192.488036193466,2224.94873046875,911700,0.0,0.0
2023-03-24 00:00:00+09:00,2228.6584195545515,2257.409318849679,2221.23883263968,2238.8603515625,865600,0.0,0.0
2023-03-27 00:00:00+09:00,2285.233123202547,2304.709541866205,2255.554770953164,2257.40966796875,1469600,0.0,0.0
2023-03-28 00:00:00+09:00,2257.4098052471577,2266.6842908890935,2223.0942083719956,2233.296142578125,1060700,0.0,0.0
2023-03-29 00:00:00+09:00,2248.135074633907,2313.056467053203,2225.87631151872,2303.781982421875,1213700,0.0,0.0
2023-03-30 00:00:00+09:00,2354.662550298852,2365.969453301487,2309.4349382883097,2346.182373046875,824500,39.0,0.0
2023-03-31 00:00:00+09:00,2372.5652136235326,2399.890229983772,2344.2979553198365,2367.85400390625,1494700,0.0,0.0
2023-04-03 00:00:00+09:00,2380.103429729007,2429.100016564283,2354.662894256844,2394.237060546875,1723900,0.0,0.0
2023-04-04 00:00:00+09:00,2396.121204527464,2412.1393171806167,2314.1461574201544,2352.778076171875,2292500,0.0,0.0
2023-04-05 00:00:00+09:00,2323.5689510569855,2349.9517290900735,2300.955141314338,2322.626708984375,1623400,0.0,0.0
2023-04-06 00:00:00+09:00,2332.049072265625,2358.431849648832,2319.799925623422,2332.049072265625,1725000,0.0,0.0
2023-04-07 00:00:00+09:00,2350.8937796435607,2371.6231035522414,2308.49288983035,2362.20068359375,1281700,0.0,0.0
2023-04-10 00:00:00+09:00,2381.9879005945477,2463.9629588824137,2381.9879005945477,2436.637939453125,2228000,0.0,0.0
2023-04-11 00:00:00+09:00,2446.0601337139424,2452.6558274489184,2398.948035606971,2400.83251953125,1475000,0.0,0.0
2023-04-12 00:00:00+09:00,2423.4461499296062,2453.5978905197103,2414.9659728886395,2447.002197265625,1165600,0.0,0.0
2023-04-13 00:00:00+09:00,2459.2516805090822,2476.212036926386,2439.4645980222276,2463.962890625,1326700,0.0,0.0
2023-04-14 00:00:00+09:00,2482.8078954326356,2518.6130946836565,2463.963053721572,2509.190673828125,1960300,0.0,0.0
2023-04-17 00:00:00+09:00,2424.38864432308,2451.713662078762,2355.6049789380877,2404.6015625,4743700,0.0,0.0
2023-04-18 00:00:00+09:00,2404.6015743084945,2404.6015743084945,2284.9368407907914,2337.702392578125,5680400,0.0,0.0
2023-04-19 00:00:00+09:00,2355.604868467081,2401.7747238890356,2338.6445134141177,2398.947998046875,3033900,0.0,0.0
2023-04-20 00:00:00+09:00,2375.392193215991,2378.218919348338,2348.067173936632,2374.449951171875,1616500,0.0,0.0
2023-04-21 00:00:00+09:00,2388.583458600381,2405.543814519437,2368.796376694816,2386.698974609375,1370000,0.0,0.0
2023-04-24 00:00:00+09:00,2397.063363438239,2406.4857823196785,2357.4892041361923,2391.409912109375,1284200,0.0,0.0
2023-04-25 00:00:00+09:00,2400.8323309908146,2411.1969917603983,2375.391800010928,2391.409912109375,1234700,0.0,0.0
2023-04-26 00:00:00+09:00,2374.4496414239,2391.4099960054996,2337.702206497102,2377.2763671875,1565900,0.0,0.0
2023-04-27 00:00:00+09:00,2374.4498278135993,2415.9084756008206,2368.7963758426145,2411.197265625,1608200,0.0,0.0
2023-04-28 00:00:00+09:00,2447.9451370961283,2449.829621420298,2315.088992242181,2389.526123046875,6306100,0.0,0.0
2023-05-01 00:00:00+09:00,2401.774960200472,2519.555215212264,2398.9482340801887,2496.94140625,4945900,0.0,0.0
2023-05-02 00:00:00+09:00,2482.8078954326356,2510.132915913678,2472.4432324915506,2509.190673828125,1963900,0.0,0.0
2023-05-08 00:00:00+09:00,2544.053587472355,2565.725155069342,2535.5734088474474,2556.302734375,2047900,0.0,0.0
2023-05-09 00:00:00+09:00,2587.3969273426083,2593.992622350401,2562.898631599379,2578.916748046875,1557500,0.0,0.0
2023-05-10 00:00:00+09:00,2587.3965999348957,2592.1078100585937,2528.035352376302,2544.053466796875,1364100,0.0,0.0
2023-05-11 00:00:00+09:00,2549.706997849654,2603.414794921875,2549.706997849654,2603.414794921875,1394000,0.0,0.0
2023-05-12 00:00:00+09:00,2587.3966712896295,2630.739805622959,2579.8587348838328,2596.819091796875,1964500,0.0,0.0
2023-05-15 00:00:00+09:00,2598.703857421875,2615.6642161722716,2566.6676242266813,2598.703857421875,1354600,0.0,0.0
2023-05-16 00:00:00+09:00,2618.490587548467,2673.140625,2613.7793774233346,2673.140625,1487500,0.0,0.0
2023-05-17 00:00:00+09:00,2662.7759433477204,2692.927687929153,2654.295765184193,2684.447509765625,1320500,0.0,0.0
2023-05-18 00:00:00+09:00,2677.8518367782262,2679.7363208294423,2624.144041318564,2648.642333984375,2395600,0.0,0.0
2023-05-19 00:00:00+09:00,2635.451167193577,2642.989104032172,2591.165788266835,2604.357177734375,2107400,0.0,0.0
2023-05-22 00:00:00+09:00,2596.819109248082,2620.3751606744977,2584.5699625063457,2610.010498046875,1841400,0.0,0.0
2023-05-23 00:00:00+09:00,2641.104115844244,2659.9489543447385,2612.836858093503,2622.25927734375,1395800,0.0,0.0
2023-05-24 00:00:00+09:00,2605.2990913321833,2627.9128989965493,2570.4361378496187,2593.9921875,1429600,0.0,0.0
2023-05-25 00:00:00+09:00,2575.147498339665,2605.2992436550217,2564.7828358875113,2577.031982421875,741800,0.0,0.0
2023-05-26 00:00:00+09:00,2577.0318699686813,2593.9922259684754,2554.4180619689564,2571.37841796875,745100,0.0,0.0
2023-05-29 00:00:00+09:00,2600.58798828125,2602.472472330729,2536.5155305989583,2544.053466796875,882200,0.0,0.0
2023-05-30 00:00:00+09:00,2534.631121031631,2557.2449302899063,2513.901795878213,2547.822509765625,920900,0.0,0.0
2023-05-31 00:00:00+09:00,2533.6888876661346,2564.7828755028704,2521.439740942572,2554.418212890625,1039800,0.0,0.0
2023-06-01 00:00:00+09:00,2542.1689899778175,2583.6276391842753,2527.093117539105,2575.1474609375,1076100,0.0,0.0
2023-06-02 00:00:00+09:00,2588.338976299647,2631.682111687264,2580.8010397104963,2618.49072265625,988200,0.0,0.0
2023-06-05 00:00:00+09:00,2665.6029777614895,2672.6697937152576,2640.1624403279225,2653.824951171875,1127800,0.0,0.0
2023-06-06 00:00:00+09:00,2659.949451455168,2706.119314409934,2651.469272545109,2705.648193359375,1420600,0.0,0.0
2023-06-07 00:00:00+09:00,2707.061522493049,2735.7999062159997,2670.785202055881,2679.265380859375,1577900,0.0,0.0
2023-06-08 00:00:00+09:00,2647.700190962943,2693.398930913727,2622.259655320239,2644.40234375,1455400,0.0,0.0
2023-06-09 00:00:00+09:00,2691.514109774047,2761.7111345169724,2677.380480631176,2753.23095703125,1860300,0.0,0.0
2023-06-12 00:00:00+09:00,2753.2312361334534,2758.884688363707,2715.54155459843,2727.319580078125,1116500,0.0,0.0
2023-06-13 00:00:00+09:00,2757.9420519977293,2765.4799872269678,2716.9545291887434,2723.0791015625,1293300,0.0,0.0
2023-06-14 00:00:00+09:00,2732.502006241339,2742.8666690236337,2699.5235337522195,2719.78173828125,861100,0.0,0.0
2023-06-15 00:00:00+09:00,2711.7723855092277,2771.1336295283663,2704.7055707450445,2757.0,1404800,0.0,0.0
2023-06-16 00:00:00+09:00,2784.7963537345836,2802.6989525236067,2770.662723111671,2786.209716796875,1825200,0.0,0.0
2023-06-19 00:00:00+09:00,2810.7080539152585,2861.589124954958,2792.8054548457344,2819.188232421875,1746000,0.0,0.0
2023-06-20 00:00:00+09:00,2797.045480545059,2820.1304103996504,2789.0364232485686,2797.5166015625,861300,0.0,0.0
2023-06-21 00:00:00+09:00,2753.7022896003405,2836.14846593568,2749.462200531666,2831.437255859375,1603900,0.0,0.0
2023-06-22 00:00:00+09:00,2843.686532153926,2882.318456547004,2837.0908377453516,2850.2822265625,1178300,0.0,0.0
2023-06-23 00:00:00+09:00,2872.895852587197,2891.740692551692,2802.698823719455,2819.6591796875,1322800,0.0,0.0
2023-06-26 00:00:00+09:00,2816.8324300021736,2848.3975366772274,2790.920775268921,2827.668212890625,1095900,0.0,0.0
2023-06-27 00:00:00+09:00,2799.401175067546,2840.859825926843,2792.8054806126574,2838.975341796875,1194900,0.0,0.0
2023-06-28 00:00:00+09:00,2866.300104400991,2923.776865205876,2857.8199265773196,2905.874267578125,1513300,0.0,0.0
2023-06-29 00:00:00+09:00,2921.8925624125845,2936.9684350338684,2869.127008238091,2884.202880859375,1146800,0.0,0.0
2023-06-30 00:00:00+09:00,2873.8385438919067,2902.1058082580566,2859.704911708832,2894.56787109375,957400,0.0,0.0
2023-07-03 00:00:00+09:00,2909.6431790865386,2943.563889723558,2904.9319692758413,2939.794921875,1027600,0.0,0.0
2023-07-04 00:00:00+09:00,2920.0081686858393,2930.3728314336754,2899.278843190167,2925.66162109375,958700,0.0,0.0
2023-07-05 00:00:00+09:00,2918.1233661237047,2933.199237566385,2897.39404289002,2921.892333984375,883100,0.0,0.0
2023-07-06 00:00:00+09:00,2902.1056244338765,2920.0082240651245,2851.2245517976985,2860.64697265625,756800,0.0,0.0
2023-07-07 00:00:00+09:00,2810.70800578408,2865.3580441131035,2800.3433433423684,2835.206298828125,1008700,0.0,0.0
2023-07-10 00:00:00+09:00,2837.0906474391854,2847.455309385991,2788.0940636906507,2813.0634765625,853200,0.0,0.0
2023-07-11 00:00:00+09:00,2834.263926062228,2835.2061680589245,2802.6988191729047,2816.361328125,592900,0.0,0.0
2023-07-12 00:00:00+09:00,2843.686615110857,2881.3762985450635,2840.8598888532915,2860.64697265625,965800,0.0,0.0
2023-07-13 00:00:00+09:00,2865.358174527742,2875.7228374411934,2829.5529753721835,2854.05126953125,705300,0.0,0.0
2023-07-14 00:00:00+09:00,2871.9537851018886,2873.838269212848,2809.7658094402336,2843.6865234375,769900,0.0,0.0
2023-07-18 00:00:00+09:00,2854.993520141119,2885.145266888484,2845.5710992825675,2860.64697265625,533500,0.0,0.0
2023-07-19 00:00:00+09:00,2873.8383271260204,2916.2392204770604,2847.4555490409293,2914.354736328125,895800,0.0,0.0
2023-07-20 00:00:00+09:00,2893.625047004997,2936.9681769829294,2893.625047004997,2902.105224609375,729500,0.0,0.0
2023-07-21 00:00:00+09:00,2892.6829363016936,2924.7191642607354,2887.971726307717,2896.451904296875,603300,0.0,0.0
2023-07-24 00:00:00+09:00,2932.2571760528344,2932.2571760528344,2886.0873169183265,2900.220947265625,732100,0.0,0.0
2023-07-25 00:00:00+09:00,2890.798568181349,2909.6434089126483,2838.0330141337104,2853.10888671875,1091900,0.0,0.0
2023-07-26 00:00:00+09:00,2863.4738315091276,2879.4919477103963,2847.455715307859,2854.99365234375,657900,0.0,0.0
2023-07-27 00:00:00+09:00,2863.473461243563,2921.892465717766,2856.8777671900243,2916.239013671875,778200,0.0,0.0
2023-07-28 00:00:00+09:00,2850.282301199086,2891.7409528528906,2808.8236495452807,2854.05126953125,1702900,0.0,0.0
2023-07-31 00:00:00+09:00,2910.5856823620497,2965.2357210726354,2895.509809614302,2928.48828125,2118600,0.0,0.0
2023-08-01 00:00:00+09:00,2994.444936934428,3033.076857140316,2854.9931274107353,3000.098388671875,5801500,0.0,0.0
2023-08-02 00:00:00+09:00,3001.0409769741277,3004.809945234064,2803.170143327482,2838.975341796875,4277700,0.0,0.0
2023-08-03 00:00:00+09:00,2852.166437997868,2916.2388918412294,2825.7836628858954,2879.491455078125,2240700,0.0,0.0
2023-08-04 00:00:00+09:00,2883.2605098904314,2884.2027518871278,2805.5255451629932,2816.361328125,1696900,0.0,0.0
2023-08-07 00:00:00+09:00,2786.6809785648165,2796.5745205005496,2742.395600376297,2787.152099609375,2043400,0.0,0.0
2023-08-08 00:00:00+09:00,2798.9298703389395,2843.6863654882745,2798.9298703389395,2805.054443359375,1443000,0.0,0.0
2023-08-09 00:00:00+09:00,2823.4282449318544,2870.069225450502,2814.476945640397,2839.91748046875,1316200,0.0,0.0
2023-08-10 00:00:00+09:00,2839.917482266305,2886.087341798836,2771.133813983146,2815.419189453125,2626500,0.0,0.0
2023-08-14 00:00:00+09:00,2836.148286707261,2837.0905286629777,2735.3283974455744,2755.115478515625,1736800,0.0,0.0
2023-08-15 00:00:00+09:00,2782.9119372859323,2841.8020663126363,2767.8360642550956,2811.17919921875,1404000,0.0,0.0
2023-08-16 00:00:00+09:00,2798.4585134134127,2798.4585134134127,2755.5865058846884,2762.6533203125,1889400,0.0,0.0
2023-08-17 00:00:00+09:00,2782.4409173006725,2789.9788540898376,2724.0219071846404,2754.644775390625,1394200,0.0,0.0
2023-08-18 00:00:00+09:00,2713.65688841759,2740.981905696795,2700.9366217531324,2721.19482421875,1094900,0.0,0.0
2023-08-21 00:00:00+09:00,2722.137224860328,2755.1156959126333,2721.194982830262,2735.32861328125,778000,0.0,0.0
2023-08-22 00:00:00+09:00,2751.3467897678233,2751.3467897678233,2708.4747764341123,2729.2041015625,574600,0.0,0.0
2023-08-23 00:00:00+09:00,2710.830370624812,2747.106689453125,2710.359249601068,2747.106689453125,493700,0.0,0.0
2023-08-24 00:00:00+09:00,2758.8846398441524,2768.3070600621995,2739.097557386254,2743.337646484375,616900,0.0,0.0
2023-08-25 00:00:00+09:00,2718.839294180336,2750.8755222178097,2714.599205175376,2724.9638671875,551200,0.0,0.0
2023-08-28 00:00:00+09:00,2736.742077103078,2759.8270076897625,2733.444229876409,2758.884765625,530300,0.0,0.0
2023-08-29 00:00:00+09:00,2760.7695030169075,2761.240624092508,2724.964301271296,2737.6845703125,843200,0.0,0.0
2023-08-30 00:00:00+09:00,2741.92437160474,2741.92437160474,2692.927784895652,2704.705810546875,2644600,0.0,0.0
2023-08-31 00:00:00+09:00,2732.5019289501674,2747.106680639384,2714.1282090830887,2740.510986328125,1445100,0.0,0.0
2023-09-01 00:00:00+09:00,2749.462134468969,2775.844910262366,2739.5685935464453,2757.47119140625,1074300,0.0,0.0
2023-09-04 00:00:00+09:00,2743.8088533575005,2751.8179107934684,2722.1372861778223,2729.2041015625,823000,0.0,0.0
2023-09-05 00:00:00+09:00,2715.5413206401345,2724.963740212099,2666.5447388659195,2684.91845703125,1214900,0.0,0.0
2023-09-06 00:00:00+09:00,2681.62046456228,2692.927367434644,2622.7303454353855,2680.67822265625,1616000,0.0,0.0
2023-09-07 00:00:00+09:00,2684.9187672137796,2703.76360853481,2672.198499322084,2682.092041015625,923500,0.0,0.0
2023-09-08 00:00:00+09:00,2661.8337223428884,2670.3139005733615,2628.3841304338007,2648.642333984375,1004600,0.0,0.0
2023-09-11 00:00:00+09:00,2659.4779758657,2666.544790681995,2632.152958576026,2647.699951171875,738900,0.0,0.0
2023-09-12 00:00:00+09:00,2634.5087007628526,2653.8246622670154,2602.9435929389774,2620.84619140625,1109700,0.0,0.0
2023-09-13 00:00:00+09:00,2621.3175814353813,2636.864576436705,2604.3572232521187,2612.83740234375,994800,0.0,0.0
2023-09-14 00:00:00+09:00,2624.6151656634397,2634.0375859314827,2586.9254845912665,2599.645751953125,911400,0.0,0.0
2023-09-15 00:00:00+09:00,2619.4326829481006,2630.2684656293604,2601.5300854747143,2616.60595703125,1059000,0.0,0.0
2023-09-19 00:00:00+09:00,2618.019287109375,2655.7089655273617,2593.520996137684,2618.019287109375,986300,0.0,0.0
2023-09-20 00:00:00+09:00,2628.384071781846,2643.9310648574515,2605.770263671875,2605.770263671875,1141500,0.0,0.0
2023-09-21 00:00:00+09:00,2605.7705276197976,2626.9709748703654,2560.0717857685736,2566.66748046875,998300,0.0,0.0
2023-09-22 00:00:00+09:00,2572.3207212004613,2661.362592318939,2570.907358166835,2642.046630859375,1636300,0.0,0.0
2023-09-25 00:00:00+09:00,2656.180203118123,2705.176787212533,2651.4689931090447,2675.96728515625,1001700,0.0,0.0
2023-09-26 00:00:00+09:00,2705.177185026111,2705.177185026111,2647.229293392845,2655.70947265625,1256000,0.0,0.0
2023-09-27 00:00:00+09:00,2661.8339844605284,2693.3990954266974,2655.2382896317763,2689.630126953125,1109100,0.0,0.0
2023-09-28 00:00:00+09:00,2678.7062044351624,2706.728131041842,2665.407662994704,2679.18115234375,796300,23.0,0.0
2023-09-29 00:00:00+09:00,2655.4336470645076,2658.758282287089,2603.189379281089,2620.762451171875,1996500,0.0,0.0
2023-10-02 00:00:00+09:00,2629.3114563067447,2639.7603096374432,2554.2696914771805,2563.293701171875,1222900,0.0,0.0
2023-10-03 00:00:00+09:00,2582.7666665862757,2594.165416126193,2485.402347599482,2500.125732421875,1153600,0.0,0.0
2023-10-04 00:00:00+09:00,2455.0057422553955,2485.40240843925,2451.2061589824134,2459.2802734375,1272200,0.0,0.0
2023-10-05 00:00:00+09:00,2489.6769309638357,2526.247919839115,2466.404483497749,2521.973388671875,1139200,0.0,0.0
2023-10-06 00:00:00+09:00,2521.973417609141,2525.2980529995866,2475.903470055829,2476.37841796875,992900,0.0,0.0
2023-10-10 00:00:00+09:00,2523.3983659970727,2532.4223767168064,2491.101906579079,2520.07373046875,999100,0.0,0.0
2023-10-11 00:00:00+09:00,2524.822742939903,2524.822742939903,2491.1014459593284,2495.3759765625,902600,0.0,0.0
2023-10-12 00:00:00+09:00,2502.9753663138713,2502.9753663138713,2464.0296395514924,2478.278076171875,1217300,0.0,0.0
2023-10-13 00:00:00+09:00,2443.13191504397,2445.5066544637248,2360.016035352544,2362.86572265625,2269600,0.0,0.0
2023-10-16 00:00:00+09:00,2343.867580848967,2344.3425286870315,2274.050248653466,2281.6494140625,1768400,0.0,0.0
2023-10-17 00:00:00+09:00,2327.2447351516907,2341.9681202108136,2274.050569776795,2278.800048828125,1241300,0.0,0.0
2023-10-18 00:00:00+09:00,2287.349354120778,2288.299250031958,2240.329506517382,2264.076904296875,1032600,0.0,0.0
2023-10-19 00:00:00+09:00,2222.2814271443863,2254.1029393518393,2188.0851752199587,2198.05908203125,1154500,0.0,0.0
2023-10-20 00:00:00+09:00,2208.9825558224243,2298.2727558857687,2204.2330770956505,2284.499267578125,2480500,0.0,0.0
2023-10-23 00:00:00+09:00,2247.4533089237734,2278.324920310089,2230.3551856944296,2231.780029296875,1280300,0.0,0.0
2023-10-24 00:00:00+09:00,2240.80409718678,2280.69971909515,2205.657954077026,2268.35107421875,948900,0.0,0.0
2023-10-25 00:00:00+09:00,2315.8459165834975,2327.24466596783,2280.6997726484733,2290.19873046875,1026300,0.0,0.0
2023-10-26 00:00:00+09:00,2280.2249809224854,2302.5475333289332,2238.429563650838,2248.87841796875,1076600,0.0,0.0
2023-10-27 00:00:00+09:00,2278.800075009561,2291.148720684894,2242.704033804741,2289.723876953125,882600,0.0,0.0
2023-10-30 00:00:00+09:00,2263.6016765418112,2270.250947098166,2179.5358987936156,2188.0849609375,3056300,0.0,0.0
2023-10-31 00:00:00+09:00,2193.78412905902,2231.3050093784964,2166.237153634594,2228.455322265625,1598700,0.0,0.0
2023-11-01 00:00:00+09:00,2259.3271421932327,2270.250943805687,2223.706049978708,2265.50146484375,1026200,0.0,0.0
2023-11-02 00:00:00+09:00,2287.8239146459064,2293.5232891478267,2251.2529282585833,2272.150634765625,1285600,0.0,0.0
2023-11-06 00:00:00+09:00,2316.795810233797,2322.970132811296,2281.6496663311113,2311.096435546875,1185200,0.0,0.0
2023-11-07 00:00:00+09:00,2343.3928711948433,2359.541099330357,2285.4492290615294,2293.998291015625,1495100,0.0,0.0
2023-11-08 00:00:00+09:00,2371.88999723983,2396.112342025419,2104.4943087244064,2208.032958984375,5772300,0.0,0.0
2023-11-09 00:00:00+09:00,2165.762464573389,2203.758297285203,2133.466006768347,2189.034912109375,2622300,0.0,0.0
2023-11-10 00:00:00+09:00,2158.1630365105907,2165.762202132107,2111.618147078804,2130.14111328125,1516000,0.0,0.0
2023-11-13 00:00:00+09:00,2099.2697520029287,2134.4158971722086,2066.023398464421,2067.4482421875,1669200,0.0,0.0
2023-11-14 00:00:00+09:00,2092.6202115183387,2123.966769384932,2067.447975655771,2092.145263671875,1544900,0.0,0.0
2023-11-15 00:00:00+09:00,2152.938705512395,2157.6881842362254,2105.9188661464723,2129.666259765625,1446700,0.0,0.0
2023-11-16 00:00:00+09:00,2130.616125471413,2131.566021202787,2056.5242584242574,2062.2236328125,1423600,0.0,0.0
2023-11-17 00:00:00+09:00,2050.8251778420904,2084.071533203125,2042.2761150349675,2084.071533203125,1301500,0.0,0.0
2023-11-20 00:00:00+09:00,2099.7446553859486,2123.9669981646603,2095.4701243073523,2110.66845703125,1637900,0.0,0.0
2023-11-21 00:00:00+09:00,2105.918801258484,2108.7684884049772,2066.023181207579,2099.26953125,1290500,0.0,0.0
2023-11-22 00:00:00+09:00,2106.869106184229,2125.3920762340904,2083.1217086844067,2087.396240234375,993000,0.0,0.0
2023-11-24 00:00:00+09:00,2104.9688952070906,2104.9688952070906,2069.82275390625,2069.82275390625,862500,0.0,0.0
2023-11-27 00:00:00+09:00,2080.271927794492,2087.871094654015,2050.350208285119,2052.25,1243500,0.0,0.0
2023-11-28 00:00:00+09:00,2060.3241609048346,2067.923327934451,2033.7270763011759,2044.65087890625,1127100,0.0,0.0
2023-11-29 00:00:00+09:00,2033.7268343437172,2054.6245411889117,2033.251886460872,2034.2017822265625,1019600,0.0,0.0
2023-11-30 00:00:00+09:00,2022.3281726912653,2041.801036730801,2004.7551002653431,2039.9012451171875,1458000,0.0,0.0
2023-12-01 00:00:00+09:00,2040.3760649699686,2049.875022441896,2026.1276287620778,2046.075439453125,1434400,0.0,0.0
2023-12-04 00:00:00+09:00,2055.0995108551388,2071.7226869309256,2035.6266474520742,2040.85107421875,1205700,0.0,0.0
2023-12-05 00:00:00+09:00,2040.3761638199217,2050.8250175452563,2001.9053841948253,2003.80517578125,1212800,0.0,0.0
2023-12-06 00:00:00+09:00,1989.5565350585011,2009.0293968244114,1955.8352378541197,2002.380126953125,1809500,0.0,0.0
2023-12-07 00:00:00+09:00,1993.8312496264641,2016.1538005393854,1982.4325002241214,1986.70703125,1536100,0.0,0.0
2023-12-08 00:00:00+09:00,1994.7812368254638,2009.9795700584195,1970.0839453219103,1971.5087890625,1532700,0.0,0.0
2023-12-11 00:00:00+09:00,1971.0337609116505,1995.256103515625,1964.3844903929123,1995.256103515625,1448600,0.0,0.0
2023-12-12 00:00:00+09:00,1999.5307189699204,2000.005666884165,1914.989990234375,1914.989990234375,1965500,0.0,0.0
2023-12-13 00:00:00+09:00,1914.9898449039883,1935.4126036666053,1900.266460679776,1929.23828125,1354700,0.0,0.0
2023-12-14 00:00:00+09:00,1889.3426145861763,1925.9136003385986,1836.6234013586586,1848.9720458984375,3174100,0.0,0.0
2023-12-15 00:00:00+09:00,1852.2968444127648,1890.2926771186676,1838.523355056875,1872.7196044921875,1792600,0.0,0.0
2023-12-18 00:00:00+09:00,1859.4208601841806,1861.7955994692177,1829.499145192711,1839.947998046875,1322500,0.0,0.0
2023-12-19 00:00:00+09:00,1845.1725611515321,1866.0702684078174,1829.0243328171302,1863.2205810546875,1182800,0.0,0.0
2023-12-20 00:00:00+09:00,1878.4190153569386,1886.968077879423,1855.621515296981,1856.5714111328125,1301000,0.0,0.0
2023-12-21 00:00:00+09:00,1844.6976381113166,1850.8719607929456,1832.3489927480584,1838.5233154296875,821000,0.0,0.0
2023-12-22 00:00:00+09:00,1844.6976545115374,1872.7195807772894,1835.6736443581597,1840.8980712890625,1358200,0.0,0.0
2023-12-25 00:00:00+09:00,1861.795718778461,1866.5451976528957,1821.9000962332082,1825.2247314453125,680900,0.0,0.0
2023-12-26 00:00:00+09:00,1841.3729308387014,1843.747670238803,1826.6495465580722,1835.1986083984375,765100,0.0,0.0
2023-12-27 00:00:00+09:00,1828.5493937821332,1883.6433495428416,1827.5994979931554,1882.218505859375,1122400,0.0,0.0
2023-12-28 00:00:00+09:00,1893.1422857621194,1898.8416604307458,1862.7456208627777,1875.5692138671875,860200,0.0,0.0
2023-12-29 00:00:00+09:00,1880.7936241660593,1891.2424776336484,1860.3708651157713,1873.1944580078125,808900,0.0,0.0
2024-01-04 00:00:00+09:00,1899.3164659814927,1965.809165465716,1883.6431868173543,1956.78515625,2257100,0.0,0.0
2024-01-05 00:00:00+09:00,1971.983696984555,1975.3083323118412,1930.1882814415299,1937.3125,1364300,0.0,0.0
2024-01-09 00:00:00+09:00,1960.5848170879922,1971.9835660245503,1930.6631011295271,1953.935546875,1145300,0.0,0.0
2024-01-10 00:00:00+09:00,1952.0360307327962,2065.548588237696,1946.3366554605836,2044.65087890625,3032200,0.0,0.0
2024-01-11 00:00:00+09:00,2070.7729855633092,2086.921215267243,2045.6007451424707,2054.624755859375,2306900,0.0,0.0
2024-01-12 00:00:00+09:00,2045.6007031795311,2073.6226306203466,2020.4284632750698,2041.326171875,2424900,0.0,0.0
2024-01-15 00:00:00+09:00,2061.2738664891453,2064.123553862172,2034.201836445394,2045.6005859375,218700,0.0,0.0
2024-01-16 00:00:00+09:00,2042.7506431310403,2045.1253823116158,1990.9813289944946,2005.7047119140625,1712100,0.0,0.0
2024-01-17 00:00:00+09:00,2004.2802099772994,2024.228022493661,1984.3323974609375,1984.3323974609375,1234900,0.0,0.0
2024-01-18 00:00:00+09:00,1998.5806097529648,2028.9772730191698,1995.255974708224,2022.3280029296875,1099100,0.0,0.0
2024-01-19 00:00:00+09:00,2042.2760383685056,2042.2760383685056,2007.1298925919314,2015.678955078125,1044500,0.0,0.0
2024-01-22 00:00:00+09:00,2037.0516910450744,2054.624764621355,2024.7030447482286,2038.0015869140625,1004100,0.0,0.0
2024-01-23 00:00:00+09:00,2054.149580299097,2079.321817930508,2045.1255705821764,2056.999267578125,1168100,0.0,0.0
2024-01-24 00:00:00+09:00,2040.3762305502435,2062.6987824207886,2035.6267514288509,2048.92529296875,1332800,0.0,0.0
2024-01-25 00:00:00+09:00,2038.0016559176975,2056.524625990126,2011.8795186360678,2051.775146484375,1270100,0.0,0.0
2024-01-26 00:00:00+09:00,2049.875140993066,2049.875140993066,2016.6287879185725,2031.3521728515625,1007100,0.0,0.0
2024-01-29 00:00:00+09:00,2059.374221801758,2077.8971910476685,2043.700940132141,2066.973388671875,814300,0.0,0.0
2024-01-30 00:00:00+09:00,2055.0993818034754,2075.5221396998354,2048.450111790707,2057.47412109375,1100500,0.0,0.0
2024-01-31 00:00:00+09:00,2060.3239071096973,2072.672552011692,2030.877138497249,2071.72265625,1132800,0.0,0.0
2024-02-01 00:00:00+09:00,2044.6505238493774,2056.0492724143915,2038.476201709995,2042.750732421875,1013900,0.0,0.0
2024-02-02 00:00:00+09:00,2058.8992887972063,2126.3418952583834,2043.7009549468003,2104.96923828125,1821500,0.0,0.0
2024-02-05 00:00:00+09:00,2126.8163781916387,2130.141012994529,2093.0950823337544,2115.892578125,1632400,0.0,0.0
2024-02-06 00:00:00+09:00,2100.2198418913667,2104.019425504015,2074.097704554409,2081.221923828125,1133300,0.0,0.0
2024-02-07 00:00:00+09:00,2089.7708431705014,2102.1194890619636,2045.125738793677,2074.572509765625,1112400,0.0,0.0
2024-02-08 00:00:00+09:00,2058.424339319124,2092.145642524398,2052.7249641295,2054.624755859375,1624200,0.0,0.0
2024-02-09 00:00:00+09:00,2053.6747148711515,2106.868879548665,1757.782173852482,1828.074462890625,7605400,0.0,0.0
2024-02-13 00:00:00+09:00,1824.7499228890617,1830.9242458972756,1741.6340362400283,1756.357421875,6117600,0.0,0.0
2024-02-14 00:00:00+09:00,1709.3373131552298,1752.5575675306468,1682.2652856893092,1734.9844970703125,3922100,0.0,0.0
2024-02-15 00:00:00+09:00,1696.988826656175,1706.0128366495887,1619.5723198705728,1630.9710693359375,4246400,0.0,0.0
2024-02-16 00:00:00+09:00,1639.0452874973964,1689.3897674958678,1632.8709644787161,1674.6663818359375,3245400,0.0,0.0
2024-02-19 00:00:00+09:00,1668.9668549357334,1719.7862782362809,1649.4939918018788,1705.537841796875,1968200,0.0,0.0
2024-02-20 00:00:00+09:00,1721.2111828606503,1724.0608702494924,1686.065038398264,1710.7623291015625,1835100,0.0,0.0
2024-02-21 00:00:00+09:00,1705.5379897741964,1720.2613753723583,1690.3396562535129,1716.4617919921875,1354500,0.0,0.0
2024-02-22 00:00:00+09:00,1721.6861663655166,1782.004550676805,1721.2112184575535,1776.30517578125,2799700,0.0,0.0
2024-02-26 00:00:00+09:00,1790.5535560770238,1818.100533862824,1769.6558487912441,1785.8040771484375,2237600,0.0,0.0
2024-02-27 00:00:00+09:00,1807.1768751234854,1828.0745840605243,1787.2290620472209,1802.90234375,2482400,0.0,0.0
2024-02-28 00:00:00+09:00,1804.802078373513,1810.9764012732119,1769.6559326367658,1776.7801513671875,1769000,0.0,0.0
2024-02-29 00:00:00+09:00,1774.4054053280668,1794.3532177005986,1743.5337909420057,1782.9544677734375,1988400,0.0,0.0
2024-03-01 00:00:00+09:00,1812.401223862441,1821.9001820587848,1801.002474026828,1805.751953125,1218500,0.0,0.0
2024-03-04 00:00:00+09:00,1808.6016666666667,1812.4012500000001,1771.5557291666667,1781.0546875,1655400,0.0,0.0
2024-03-05 00:00:00+09:00,1781.054646843776,1781.529594749601,1711.2373046875,1711.2373046875,1844200,0.0,0.0
2024-03-06 00:00:00+09:00,1696.513893374651,1711.2372782275663,1677.041029536924,1700.3134765625,2153200,0.0,0.0
2024-03-07 00:00:00+09:00,1723.1109654096188,1733.0848712182192,1691.764404296875,1691.764404296875,1294400,0.0,0.0
2024-03-08 00:00:00+09:00,1680.3656822973312,1713.612035536679,1677.0410469733963,1692.2393798828125,1477100,0.0,0.0
2024-03-11 00:00:00+09:00,1703.1631464127006,1736.88444685757,1691.289449072958,1708.3875732421875,1539700,0.0,0.0
2024-03-12 00:00:00+09:00,1718.3615105745384,1728.8103644254616,1687.9648448263986,1723.5859375,1244500,0.0,0.0
2024-03-13 00:00:00+09:00,1725.010805410357,1729.2853365911647,1695.5640350536826,1709.3375244140625,1320600,0.0,0.0
2024-03-14 00:00:00+09:00,1710.2872088557883,1740.2089234233847,1705.5377303529954,1734.9844970703125,1173400,0.0,0.0
2024-03-15 00:00:00+09:00,1747.8083735318792,1781.5296763907822,1744.4837380387478,1769.1810302734375,2012100,0.0,0.0
2024-03-18 00:00:00+09:00,1776.3049861363004,1811.4511275732218,1769.180768277465,1808.6014404296875,1353500,0.0,0.0
2024-03-19 00:00:00+09:00,1799.5776434387985,1829.0244140625,1794.353216392658,1829.0244140625,1164500,0.0,0.0
2024-03-21 00:00:00+09:00,1833.2987232103426,1854.6713767192714,1810.0262782783977,1814.7757568359375,1426400,0.0,0.0
2024-03-22 00:00:00+09:00,1808.601612856814,1813.8260397847093,1770.130832751404,1805.2769775390625,1339000,0.0,0.0
2024-03-25 00:00:00+09:00,1814.3009518479969,1817.6255871000744,1775.355224609375,1775.355224609375,950300,0.0,0.0
2024-03-26 00:00:00+09:00,1776.3050968631817,1793.403220790207,1757.782129275571,1789.6036376953125,759400,0.0,0.0
2024-03-27 00:00:00+09:00,1803.8520559757314,1820.0002839649824,1798.15268139129,1808.1265869140625,1220900,0.0,0.0
2024-03-28 00:00:00+09:00,1836.5519678793864,1844.7422573478937,1796.5640840037336,1798.4912109375,1126200,27.0,0.0
2024-03-29 00:00:00+09:00,1984.9405548505028,2009.9932026301694,1924.2360621536186,1939.653076171875,3185400,0.0,0.0
2024-04-01 00:00:00+09:00,1939.6530275606033,1969.04170979637,1931.9445207446645,1952.6611328125,1834000,0.0,0.0
2024-04-02 00:00:00+09:00,1941.5801388936272,1946.3979556154477,1870.758233082867,1875.5760498046875,1434800,0.0,0.0
2024-04-03 00:00:00+09:00,1870.2765300741855,1882.3210723853279,1851.968825761249,1863.0498046875,1283900,0.0,0.0
2024-04-04 00:00:00+09:00,1888.5842316060125,1888.5842316060125,1858.7137667183665,1864.9769287109375,1117300,0.0,0.0
2024-04-05 00:00:00+09:00,1845.223949492704,1862.086309344465,1832.6976250313958,1858.2320556640625,863800,0.0,0.0
2024-04-08 00:00:00+09:00,1869.31284368294,1914.6003197927844,1866.9039353792248,1908.337158203125,1059300,0.0,0.0
2024-04-09 00:00:00+09:00,1907.8554714348757,1935.317027463105,1899.1834011101719,1927.6085205078125,899000,0.0,0.0
2024-04-10 00:00:00+09:00,1904.0011748231132,1945.9161804429539,1904.0011748231132,1915.0821533203125,778200,0.0,0.0
2024-04-11 00:00:00+09:00,1903.0376573323238,1909.782600927932,1886.1752983433032,1904.001220703125,775000,0.0,0.0
2024-04-12 00:00:00+09:00,1927.1268552007982,1948.325250608007,1919.9001294937952,1931.462890625,1149300,0.0,0.0
2024-04-15 00:00:00+09:00,1908.3372286556641,1920.3817706189036,1882.8027996935964,1901.59228515625,1183400,0.0,0.0
2024-04-16 00:00:00+09:00,1880.8756783130236,1901.592290548541,1871.7218263950042,1897.738037109375,1035300,0.0,0.0
2024-04-17 00:00:00+09:00,1901.1103617505566,1927.126570451654,1883.7662226164919,1893.40185546875,1403900,0.0,0.0
2024-04-18 00:00:00+09:00,1893.8837057837623,1917.491007127798,1886.1751992224445,1910.2642822265625,815400,0.0,0.0
2024-04-19 00:00:00+09:00,1907.3737089386298,1922.3089413147593,1864.4951385684508,1892.4384765625,1173100,0.0,0.0
2024-04-22 00:00:00+09:00,1927.608394643504,1963.7420186370714,1927.1266129902565,1953.142822265625,1279400,0.0,0.0
2024-04-23 00:00:00+09:00,1944.4709229546265,1966.6328809466763,1933.871725654081,1940.1348876953125,736700,0.0,0.0
2024-04-24 00:00:00+09:00,1927.1268455253935,1965.6693824359015,1919.9001198546734,1958.9244384765625,937600,0.0,0.0
2024-04-25 00:00:00+09:00,1969.0417916777094,1977.7138622062632,1943.0255800920486,1959.887939453125,715000,0.0,0.0
2024-04-26 00:00:00+09:00,1931.9445154508971,1970.48704942498,1930.9809521015452,1956.515380859375,933700,0.0,0.0
2024-04-30 00:00:00+09:00,1965.6692041603915,2022.037659279697,1956.9971341420369,1999.3939208984375,1291100,0.0,0.0
2024-05-01 00:00:00+09:00,1975.3048054258593,2011.9202115752166,1975.3048054258593,2000.8392333984375,999300,0.0,0.0
2024-05-02 00:00:00+09:00,2000.8391412138997,2013.3654637931343,1987.3492553593394,2001.3209228515625,887200,0.0,0.0
2024-05-07 00:00:00+09:00,1992.648892436351,2027.3371710280862,1992.648892436351,2017.7015380859375,1010500,0.0,0.0
2024-05-08 00:00:00+09:00,2013.8474118141626,2016.2563202015,1982.5316027787749,1992.167236328125,1058600,0.0,0.0
2024-05-09 00:00:00+09:00,2008.0659478348375,2035.045720646438,1992.6489347996371,2008.5477294921875,1221000,0.0,0.0
2024-05-10 00:00:00+09:00,2056.7260938750856,2168.017667471981,2013.8475222295287,2106.349609375,6629800,0.0,0.0
2024-05-13 00:00:00+09:00,2141.5198939414595,2226.3134825429665,2127.5482230923476,2222.459228515625,3435400,0.0,0.0
2024-05-14 00:00:00+09:00,2230.6490659454917,2310.6248207936455,2230.6490659454917,2307.734130859375,2543700,0.0,0.0
2024-05-15 00:00:00+09:00,2282.6815524587237,2290.8718408487193,2233.539822118751,2235.94873046875,1373100,0.0,0.0
2024-05-16 00:00:00+09:00,2204.633227144013,2241.2486391332927,2184.88017593927,2233.058349609375,1403100,0.0,0.0
2024-05-17 00:00:00+09:00,2224.8679985125177,2229.204034022828,2182.952988579519,2192.588623046875,1103400,0.0,0.0
2024-05-20 00:00:00+09:00,2192.1067165203076,2225.8314352360044,2183.434645993414,2194.515625,875900,0.0,0.0
2024-05-21 00:00:00+09:00,2182.952919100871,2189.6978630133435,2163.1998690714877,2177.6533203125,901500,0.0,0.0
2024-05-22 00:00:00+09:00,2155.4912597985654,2179.0985623757065,2140.0742458706363,2142.483154296875,774400,0.0,0.0
2024-05-23 00:00:00+09:00,2143.928504801194,2157.418392022415,2135.2564344446946,2138.62890625,667700,0.0,0.0
2024-05-24 00:00:00+09:00,2118.8758733764507,2140.5560494341908,2109.722021263183,2127.066162109375,723800,0.0,0.0
2024-05-27 00:00:00+09:00,2117.4304850037915,2129.4750270117765,2094.7867460287794,2114.539794921875,795900,0.0,0.0
2024-05-28 00:00:00+09:00,2119.839360805157,2138.147064375747,2115.985107421875,2115.985107421875,590500,0.0,0.0
2024-05-29 00:00:00+09:00,2103.459149002465,2118.87616521137,2026.8558497144688,2036.9732666015625,1013700,0.0,0.0
2024-05-30 00:00:00+09:00,2071.6612628555563,2097.1956923744733,2041.3090164462772,2087.56005859375,1074100,0.0,0.0
2024-05-31 00:00:00+09:00,2087.560058152166,2142.001389001738,2086.1147130853637,2130.92041015625,1283600,0.0,0.0
2024-06-03 00:00:00+09:00,2134.2928332382376,2155.0094453893084,2121.7665096120086,2143.928466796875,731600,0.0,0.0
2024-06-04 00:00:00+09:00,2154.0459039605585,2206.560107389702,2154.0459039605585,2193.552001953125,900000,0.0,0.0
2024-06-05 00:00:00+09:00,2152.600775712241,2222.4591267593037,2126.584562218852,2208.96923828125,1338100,0.0,0.0
2024-06-06 00:00:00+09:00,2233.5399812510313,2263.410446919186,2186.3253742271745,2189.216064453125,1202900,0.0,0.0
2024-06-07 00:00:00+09:00,2214.268753562567,2253.774854039532,2188.2525410533462,2245.102783203125,1132500,0.0,0.0
2024-06-10 00:00:00+09:00,2260.5197491988906,2262.4468760098016,2208.969107007015,2236.4306640625,787300,0.0,0.0
2024-06-11 00:00:00+09:00,2253.7747559325803,2273.0460236190497,2245.102685473669,2249.438720703125,836500,0.0,0.0
2024-06-12 00:00:00+09:00,2236.9123317380704,2243.1754935542654,2220.0499730021597,2230.649169921875,778200,0.0,0.0
2024-06-13 00:00:00+09:00,2227.276944072894,2243.1757412077427,2204.1514209676598,2208.96923828125,743400,0.0,0.0
2024-06-14 00:00:00+09:00,2228.7219229578395,2303.8798606970145,2212.341346783917,2297.61669921875,1563500,0.0,0.0
2024-06-17 00:00:00+09:00,2274.0096021835775,2303.8800672970056,2232.0945946857023,2302.91650390625,1120000,0.0,0.0
2024-06-18 00:00:00+09:00,2312.552001953125,2341.458901977539,2282.681538594564,2312.552001953125,890100,0.0,0.0
2024-06-19 00:00:00+09:00,2312.552205646883,2318.3335861610003,2250.402365120123,2256.66552734375,668300,0.0,0.0
2024-06-20 00:00:00+09:00,2254.738384707404,2264.8558005362192,2201.742397032657,2246.548095703125,889100,0.0,0.0
2024-06-21 00:00:00+09:00,2250.8841606596766,2272.5643377208253,2195.9610454381004,2205.5966796875,1956100,0.0,0.0
2024-06-24 00:00:00+09:00,2202.7061319539835,2211.378203339629,2185.3619891826925,2192.10693359375,1310700,0.0,0.0
2024-06-25 00:00:00+09:00,2301.4710281658154,2312.5520065304404,2246.0661363426902,2287.017578125,1597300,0.0,0.0
2024-06-26 00:00:00+09:00,2266.783011043773,2300.9895134420954,2257.6291582892923,2293.281005859375,835700,0.0,0.0
2024-06-27 00:00:00+09:00,2288.944839677104,2321.224213337042,2265.3375365526713,2320.742431640625,814300,0.0,0.0
2024-06-28 00:00:00+09:00,2339.531697701879,2351.0944573280826,2290.871750941605,2301.470947265625,702800,0.0,0.0
2024-07-01 00:00:00+09:00,2348.2037361358484,2359.7664956079984,2305.325169759958,2324.596435546875,816100,0.0,0.0
2024-07-02 00:00:00+09:00,2302.9163903831422,2343.867832471545,2296.1714469803464,2318.815185546875,604600,0.0,0.0
2024-07-03 00:00:00+09:00,2313.033832580136,2325.0783745119215,2284.1269319438497,2321.22412109375,832100,0.0,0.0
2024-07-04 00:00:00+09:00,2335.6777064047155,2368.920644057753,2326.5238540075025,2354.948974609375,880300,0.0,0.0
2024-07-05 00:00:00+09:00,2372.774869058541,2405.5360246110245,2372.29308735924,2395.900390625,920500,0.0,0.0
2024-07-08 00:00:00+09:00,2399.272518300904,2401.1996448216278,2365.5478041882407,2378.555908203125,759500,0.0,0.0
2024-07-09 00:00:00+09:00,2375.1837727007255,2401.199984409821,2366.511702131027,2378.074462890625,680200,0.0,0.0
2024-07-10 00:00:00+09:00,2378.0741950215347,2419.507416409673,2370.365688716765,2419.025634765625,732900,0.0,0.0
2024-07-11 00:00:00+09:00,2420.4711751074356,2430.106808766303,2398.309217692041,2410.353759765625,712600,0.0,0.0
2024-07-12 00:00:00+09:00,2388.6735678128766,2436.8517357800583,2380.0014975787835,2400.236328125,590600,0.0,0.0
2024-07-16 00:00:00+09:00,2387.7100260416664,2400.236349826389,2361.212033420139,2363.13916015625,672900,0.0,0.0
2024-07-17 00:00:00+09:00,2363.6208400246314,2401.1998097600413,2351.094516779495,2393.009521484375,485600,0.0,0.0
2024-07-18 00:00:00+09:00,2382.4103785605325,2406.499462266908,2365.5480199660697,2376.147216796875,650100,0.0,0.0
2024-07-19 00:00:00+09:00,2370.8479717869564,2373.738662262616,2344.831757506018,2364.10302734375,433400,0.0,0.0
2024-07-22 00:00:00+09:00,2380.0013594022885,2388.673429132904,2344.831298828125,2344.831298828125,556600,0.0,0.0
2024-07-23 00:00:00+09:00,2437.8150789709493,2461.9041607789627,2375.665247906275,2402.64501953125,1340200,0.0,0.0
2024-07-24 00:00:00+09:00,2408.9082338890853,2423.36168329242,2373.7381736743046,2385.78271484375,594500,0.0,0.0
2024-07-25 00:00:00+09:00,2379.0378079881857,2405.054017310049,2356.875851899191,2358.802978515625,749700,0.0,0.0
2024-07-26 00:00:00+09:00,2370.8476229167745,2395.41848834428,2325.560145462156,2328.9326171875,660200,0.0,0.0
2024-07-29 00:00:00+09:00,2331.823410103224,2365.548128844386,2308.21610698441,2342.422607421875,819400,0.0,0.0
2024-07-30 00:00:00+09:00,2348.6856171388827,2356.875905444803,2324.114752221122,2341.940673828125,771400,0.0,0.0
2024-07-31 00:00:00+09:00,2300.9892699821244,2358.3212890625,2264.3738628383553,2358.3212890625,585600,0.0,0.0
2024-08-01 00:00:00+09:00,2312.5524009146343,2315.924873165968,2227.7588128810976,2251.847900390625,711500,0.0,0.0
2024-08-02 00:00:00+09:00,2172.835524011659,2182.4711582644823,2099.6047036902014,2101.050048828125,890900,0.0,0.0
2024-08-05 00:00:00+09:00,1927.1267130674278,1972.4141908245122,1780.6650828743032,1814.87158203125,1306300,0.0,0.0
2024-08-06 00:00:00+09:00,1941.5802167064278,2101.53173828125,1939.1713082489755,2101.53173828125,1634600,0.0,0.0
2024-08-07 00:00:00+09:00,2023.4830050709804,2380.0014392977723,1936.7623048536527,2265.33740234375,2888800,0.0,0.0
2024-08-08 00:00:00+09:00,2236.430550059901,2295.2079147965037,2202.2240509099115,2230.649169921875,1445000,0.0,0.0
2024-08-09 00:00:00+09:00,2266.3010806808256,2286.535911758333,2176.2079042166856,2206.078369140625,1005900,0.0,0.0
2024-08-13 00:00:00+09:00,2244.621207992862,2259.074660716576,2171.390380859375,2171.390380859375,1015500,0.0,0.0
2024-08-14 00:00:00+09:00,2201.2607305795054,2213.3052738634815,2162.7181920707812,2208.96923828125,1183000,0.0,0.0
2024-08-15 00:00:00+09:00,2200.7789582317405,2242.21218730528,2194.515795697368,2222.94091796875,719400,0.0,0.0
2024-08-16 00:00:00+09:00,2253.2929201686375,2305.3253416734938,2253.2929201686375,2287.981201171875,971800,0.0,0.0
2024-08-19 00:00:00+09:00,2276.418781521954,2301.471432662513,2262.9288924462685,2283.6455078125,680700,0.0,0.0
2024-08-20 00:00:00+09:00,2312.5519590423323,2341.4588585303613,2296.1713826657824,2321.705810546875,749200,0.0,0.0
2024-08-21 00:00:00+09:00,2264.855664553543,2308.6977971794468,2262.9285378447125,2299.5439453125,652200,0.0,0.0
2024-08-22 00:00:00+09:00,2300.0255652021333,2381.9284445662643,2300.0255652021333,2375.665283203125,971900,0.0,0.0
2024-08-23 00:00:00+09:00,2375.66569458969,2397.827654020054,2360.2486793337844,2386.264892578125,677200,0.0,0.0
2024-08-26 00:00:00+09:00,2374.2202189371255,2414.6898817599176,2358.3214228281718,2413.726318359375,585000,0.0,0.0
2024-08-27 00:00:00+09:00,2432.9977394458756,2432.9977394458756,2398.309454843875,2414.208251953125,488200,0.0,0.0
2024-08-28 00:00:00+09:00,2398.3091962706367,2425.770751953125,2388.673562697834,2425.770751953125,592800,0.0,0.0
2024-08-29 00:00:00+09:00,2410.353824941449,2423.3619307326585,2381.4469231832068,2407.463134765625,499800,0.0,0.0
2024-08-30 00:00:00+09:00,2407.944697265625,2466.7220588235296,2407.944697265625,2457.08642578125,873300,0.0,0.0
2024-09-02 00:00:00+09:00,2505.264614736817,2517.7909378105005,2465.2767372323638,2485.02978515625,733800,0.0,0.0
2024-09-03 00:00:00+09:00,2485.0299532268036,2522.6089249894426,2485.0299532268036,2495.629150390625,550600,0.0,0.0
2024-09-04 00:00:00+09:00,2459.49552369578,2512.491509514886,2459.49552369578,2495.629150390625,1050400,0.0,0.0
2024-09-05 00:00:00+09:00,2529.353918756386,2658.4714140376645,2529.353918756386,2652.208251953125,2063100,0.0,0.0
2024-09-06 00:00:00+09:00,2652.2080372401647,2755.3093124389648,2652.2080372401647,2697.977294921875,2274400,0.0,0.0
2024-09-09 00:00:00+09:00,2649.79921501311,2761.0907820436605,2635.345764749402,2744.710205078125,1796700,0.0,0.0
2024-09-10 00:00:00+09:00,2747.119398310181,2814.087058142716,2747.119398310181,2778.9169921875,2217100,0.0,0.0
2024-09-11 00:00:00+09:00,2778.9168423739347,2798.6698920510034,2713.39453125,2713.39453125,1505000,0.0,0.0
2024-09-12 00:00:00+09:00,2717.248794443349,2764.9451828564506,2715.321667638779,2749.04638671875,1463700,0.0,0.0
2024-09-13 00:00:00+09:00,2762.5362527171524,2787.5889009803705,2729.2933155986516,2742.783203125,1575300,0.0,0.0
2024-09-17 00:00:00+09:00,2752.4187341308593,2794.333740234375,2735.556375353583,2794.333740234375,1390000,0.0,0.0
2024-09-18 00:00:00+09:00,2799.6330121948304,2850.2200826268486,2796.260540832696,2834.3212890625,1015800,0.0,0.0
2024-09-19 00:00:00+09:00,2852.147656514741,2876.2367414515206,2816.4958108083065,2843.4755859375,1146500,0.0,0.0
2024-09-20 00:00:00+09:00,2883.9449230543833,2912.8518217151354,2822.2768725781116,2832.394287109375,1367900,0.0,0.0
2024-09-24 00:00:00+09:00,2832.394574005383,2901.2893561252627,2804.4512358029147,2866.60107421875,1161500,0.0,0.0
2024-09-25 00:00:00+09:00,2852.1476024029416,2853.592947471727,2809.2690320289785,2816.9775390625,1249200,0.0,0.0
2024-09-26 00:00:00+09:00,2841.5484425920995,2866.601090780433,2821.7953930589906,2855.038330078125,1352100,0.0,0.0
2024-09-27 00:00:00+09:00,2848.7218149350347,2888.0781968231017,2841.9194773247514,2867.185302734375,1040100,25.0,0.0
2024-09-30 00:00:00+09:00,2721.4208544751145,2794.3030412580583,2694.6973859880354,2779.24072265625,1971900,0.0,0.0
2024-10-01 00:00:00+09:00,2793.8174795737505,2832.6879836373855,2781.670447053865,2809.8515625,1224100,0.0,0.0
2024-10-02 00:00:00+09:00,2769.5230446399096,2788.958294075979,2745.7148640807245,2759.805419921875,1142000,0.0,0.0
2024-10-03 00:00:00+09:00,2808.3938493326796,2820.5408815529763,2772.4386339606003,2802.077392578125,921800,0.0,0.0
2024-10-04 00:00:00+09:00,2818.5971222764533,2846.2923534382803,2809.8512598042976,2821.998291015625,700400,0.0,0.0
2024-10-07 00:00:00+09:00,2854.066412618886,2914.801567807405,2846.7781939962633,2905.56982421875,1032400,0.0,0.0
2024-10-08 00:00:00+09:00,2895.8523165827105,3039.673169889503,2895.3664353215386,2990.11328125,2480400,0.0,0.0
2024-10-09 00:00:00+09:00,3007.605098960454,3023.153299795145,2977.480459843241,2983.31103515625,1146700,0.0,0.0
2024-10-10 00:00:00+09:00,2983.310812193126,2986.2260996317514,2936.6662131751227,2968.734375,862400,0.0,0.0
2024-10-11 00:00:00+09:00,2940.553496838016,2943.4687845083777,2871.072474027733,2894.394775390625,1673100,0.0,0.0
2024-10-15 00:00:00+09:00,2954.158124691409,2961.932225019544,2921.118198296834,2952.214599609375,1012300,0.0,0.0
2024-10-16 00:00:00+09:00,2925.0051966844767,2992.056810827742,2919.1746215415837,2932.779296875,993900,0.0,0.0
2024-10-17 00:00:00+09:00,2954.1580989583335,2963.875724283854,2913.829953857422,2915.28759765625,927900,0.0,0.0
2024-10-18 00:00:00+09:00,2909.456917097762,2914.315729584565,2876.4169921875,2876.4169921875,798100,0.0,0.0
2024-10-21 00:00:00+09:00,2884.1911181275495,2900.7110807313798,2847.264142895458,2858.92529296875,677200,0.0,0.0
2024-10-22 00:00:00+09:00,2831.7159575391233,2848.7218014845366,2800.1336759262126,2821.512451171875,876700,0.0,0.0
2024-10-23 00:00:00+09:00,2806.4503653947136,2821.9985668650447,2769.523386902678,2775.83984375,647600,0.0,0.0
2024-10-24 00:00:00+09:00,2809.8512569742343,2818.111238189618,2765.150182161571,2796.24658203125,750900,0.0,0.0
2024-10-25 00:00:00+09:00,2784.5853169955876,2787.014723135001,2744.257175081326,2763.20654296875,670900,0.0,0.0
2024-10-28 00:00:00+09:00,2758.833777687527,2826.8571536784134,2735.9973586048723,2815.681884765625,725400,0.0,0.0
2024-10-29 00:00:00+09:00,2818.111328125,2826.8571908674567,2787.014927262931,2818.111328125,813900,0.0,0.0
2024-10-30 00:00:00+09:00,2818.1111709847632,2833.173489312441,2794.302990402306,2814.22412109375,1232000,0.0,0.0
2024-10-31 00:00:00+09:00,2827.829008315224,2833.1737023171945,2798.6761319408406,2808.879638671875,635700,0.0,0.0
2024-11-01 00:00:00+09:00,2789.9303596771633,2824.427931174391,2771.95275199551,2776.32568359375,625400,0.0,0.0
2024-11-05 00:00:00+09:00,2735.511369012219,2824.913516773897,2725.7937442555144,2808.3935546875,859700,0.0,0.0
2024-11-06 00:00:00+09:00,2813.738153239125,2895.8520796589855,2813.738153239125,2875.445068359375,1060200,0.0,0.0
2024-11-07 00:00:00+09:00,2890.993389128337,2907.5133513519277,2837.060571280733,2848.23583984375,944500,0.0,0.0
2024-11-08 00:00:00+09:00,2915.287587865083,2959.016901683059,2696.6410187752017,2786.529052734375,3426100,0.0,0.0
2024-11-11 00:00:00+09:00,2792.359501453214,2798.6759576075365,2680.120934403328,2733.56787109375,1422700,0.0,0.0
2024-11-12 00:00:00+09:00,2716.076325687478,2748.63037109375,2672.3470109626346,2748.63037109375,1126100,0.0,0.0
2024-11-13 00:00:00+09:00,2728.7091908921543,2743.771510143874,2591.2047925619404,2591.690673828125,1864500,0.0,0.0
2024-11-14 00:00:00+09:00,2559.622315460187,2574.6846335655905,2464.8754757649067,2473.621337890625,2517000,0.0,0.0
2024-11-15 00:00:00+09:00,2512.977954780381,2545.532000211604,2477.9945029736937,2533.870849609375,1205400,0.0,0.0
2024-11-18 00:00:00+09:00,2507.6332147782064,2604.8094680151066,2488.683845397011,2591.690673828125,1029200,0.0,0.0
2024-11-19 00:00:00+09:00,2616.95654000947,2630.5612156723487,2544.0743489583333,2565.453125,900400,0.0,0.0
2024-11-20 00:00:00+09:00,2574.684721786942,2620.8434401431905,2565.4529781156925,2610.154052734375,936100,0.0,0.0
2024-11-21 00:00:00+09:00,2609.182424481649,2611.611830835915,2526.5826084366063,2548.447265625,624000,0.0,0.0
2024-11-22 00:00:00+09:00,2548.4471741709153,2602.8658745535927,2542.1307178764973,2555.24951171875,699300,0.0,0.0
2024-11-25 00:00:00+09:00,2570.3120574659415,2572.255582651171,2510.5486580201364,2541.1591796875,871000,0.0,0.0
2024-11-26 00:00:00+09:00,2552.8202442089164,2577.114308200246,2524.639129978974,2570.7978515625,620900,0.0,0.0
2024-11-27 00:00:00+09:00,2567.396681440018,2571.2837316768687,2514.9215032425304,2545.046142578125,675700,0.0,0.0
2024-11-28 00:00:00+09:00,2552.8202059421583,2584.4024886574684,2539.701411583491,2542.61669921875,658700,0.0,0.0
2024-11-29 00:00:00+09:00,2562.0519738973912,2579.543699871278,2543.102604092347,2553.7919921875,664300,0.0,0.0
2024-12-02 00:00:00+09:00,2553.791900646347,2569.3401009546965,2521.7237375103773,2560.59423828125,583300,0.0,0.0
2024-12-03 00:00:00+09:00,2580.0295811483306,2597.0354258451653,2551.8484670792905,2553.7919921875,729200,0.0,0.0
2024-12-04 00:00:00+09:00,2550.8768150056026,2564.481491352299,2510.5486672636093,2561.080322265625,770100,0.0,0.0
2024-12-05 00:00:00+09:00,2582.4585994944855,2582.9444806985293,2476.0506158088237,2477.994140625,1282000,0.0,0.0
2024-12-06 00:00:00+09:00,2510.0625915527344,2526.5825544084823,2495.9720349993027,2503.26025390625,698300,0.0,0.0
2024-12-09 00:00:00+09:00,2508.1190318885215,2557.6789197716344,2503.7461006047174,2526.58251953125,869400,0.0,0.0
2024-12-10 00:00:00+09:00,2555.735235699153,2573.226959745763,2493.0565578654664,2522.6953125,726600,0.0,0.0
2024-12-11 00:00:00+09:00,2508.119088479384,2522.6955264209537,2488.197956625906,2488.683837890625,962400,0.0,0.0
2024-12-12 00:00:00+09:00,2503.260084209124,2526.096501902802,2493.542459658623,2508.118896484375,741800,0.0,0.0
2024-12-13 00:00:00+09:00,2477.994244052626,2508.1188799607166,2462.4460448742566,2491.113037109375,963000,0.0,0.0
2024-12-16 00:00:00+09:00,2502.2885899727653,2560.1084622459225,2493.5427269398506,2545.046142578125,1041300,0.0,0.0
2024-12-17 00:00:00+09:00,2557.193161126867,2592.176613074641,2531.9273347201415,2553.7919921875,766500,0.0,0.0
2024-12-18 00:00:00+09:00,2560.1081416882353,2571.2834097198975,2521.2376441868005,2540.18701171875,474300,0.0,0.0
2024-12-19 00:00:00+09:00,2493.542658688601,2570.3118987651405,2490.1414898244507,2537.27197265625,635000,0.0,0.0
2024-12-20 00:00:00+09:00,2554.763535773617,2583.430528662671,2536.300048828125,2536.300048828125,1226400,0.0,0.0
2024-12-23 00:00:00+09:00,2583.916595597073,2593.6342210036055,2546.017856511595,2577.1142578125,1219600,0.0,0.0
2024-12-24 00:00:00+09:00,2594.605952200325,2662.143447959847,2578.085989208788,2651.93994140625,1090600,0.0,0.0
2024-12-25 00:00:00+09:00,2800.619840181004,2914.3160654763465,2770.0093179861037,2898.281982421875,6163400,0.0,0.0
2024-12-26 00:00:00+09:00,2925.0051879882812,2993.028564453125,2916.259325299944,2993.028564453125,2814000,0.0,0.0
2024-12-27 00:00:00+09:00,2993.028483124801,3067.854195202921,2933.7509709590176,3048.4189453125,1512300,0.0,0.0
2024-12-30 00:00:00+09:00,3050.3626421666736,3060.0802676593994,2965.819300379958,2989.1416015625,1272000,0.0,0.0
2025-01-06 00:00:00+09:00,3062.023618723502,3067.8541936877486,2985.2543816942552,2994.000244140625,1131000,0.0,0.0
2025-01-07 00:00:00+09:00,2994.0003488861134,3004.689736694535,2967.7627606290785,2978.4521484375,888600,0.0,0.0
2025-01-08 00:00:00+09:00,2978.451857598836,3010.520017892722,2887.106188882917,2895.85205078125,1459300,0.0,0.0
2025-01-09 00:00:00+09:00,2894.8807761319717,2897.7960639226385,2839.0044268108613,2844.34912109375,903000,0.0,0.0
2025-01-10 00:00:00+09:00,2839.975894347985,2846.292350571514,2791.3877695516126,2796.24658203125,876100,0.0,0.0
2025-01-14 00:00:00+09:00,2796.2468906618515,2810.3374484080186,2730.652914946934,2755.432861328125,829700,0.0,0.0
2025-01-15 00:00:00+09:00,2783.1278295533543,2802.077198504573,2769.5231544088897,2795.7607421875,843300,0.0,0.0
2025-01-16 00:00:00+09:00,2827.3429572670425,2855.0381881596736,2780.2124766251964,2785.0712890625,666900,0.0,0.0
2025-01-17 00:00:00+09:00,2752.031408671833,2763.206677457047,2715.590314807005,2727.25146484375,743600,0.0,0.0
2025-01-20 00:00:00+09:00,2759.319714981087,2786.0431846630663,2754.9467835785817,2777.783203125,730700,0.0,0.0
2025-01-21 00:00:00+09:00,2805.478297013196,2810.3371094430768,2749.6019540695665,2787.986572265625,677600,0.0,0.0
2025-01-22 00:00:00+09:00,2774.382012706577,2782.6419941804847,2715.5903798628824,2737.94091796875,690500,0.0,0.0
2025-01-23 00:00:00+09:00,2731.624361896363,2765.150167832124,2690.3244560334692,2750.57373046875,1030500,0.0,0.0
2025-01-24 00:00:00+09:00,2795.760744073749,2816.6536380597013,2750.0879060579455,2767.09375,1081400,0.0,0.0
2025-01-27 00:00:00+09:00,2754.9467489700783,2821.026600444493,2716.0762481027755,2801.10546875,1010000,0.0,0.0
2025-01-28 00:00:00+09:00,2794.7888626236568,2882.2474848893485,2783.6135942230408,2848.7216796875,892700,0.0,0.0
2025-01-29 00:00:00+09:00,2852.60904796879,2892.4513136702785,2842.4055408988966,2853.580810546875,570700,0.0,0.0
2025-01-30 00:00:00+09:00,2882.2477863831555,2957.07350437085,2854.5525531019953,2945.412353515625,877600,0.0,0.0
2025-01-31 00:00:00+09:00,2915.2873328669157,2951.2425433056073,2903.1403023133034,2929.86376953125,668600,0.0,0.0
2025-02-03 00:00:00+09:00,2895.852158136181,2928.8920820880708,2853.09460949256,2906.0556640625,862200,0.0,0.0
2025-02-04 00:00:00+09:00,2955.130076282429,3003.7182064416274,2930.83601120283,2987.1982421875,907300,0.0,0.0
2025-02-05 00:00:00+09:00,3056.1930299184623,3122.2728792139965,3039.6730675945787,3114.498779296875,1662900,0.0,0.0
2025-02-06 00:00:00+09:00,3148.5104656908884,3231.110277290804,3146.5669407120668,3226.25146484375,2265900,0.0,0.0
2025-02-07 00:00:00+09:00,3241.7996011732216,3266.0936629326134,3061.051781683348,3100.89404296875,3498600,0.0,0.0
2025-02-10 00:00:00+09:00,2920.1463927817376,3012.4638328197625,2898.2817359306264,2926.94873046875,2523300,0.0,0.0
2025-02-12 00:00:00+09:00,2866.6994927436663,2904.112350530321,2841.4336667059256,2900.711181640625,1590800,0.0,0.0
2025-02-13 00:00:00+09:00,2949.299146551835,2977.4802586605674,2921.1180344431023,2954.157958984375,908000,0.0,0.0
2025-02-14 00:00:00+09:00,2974.565142510554,2978.452192680447,2920.146440132053,2949.29931640625,524300,0.0,0.0
2025-02-17 00:00:00+09:00,2949.2993372032633,2975.5369260350553,2895.852396990354,2908.97119140625,589400,0.0,0.0
2025-02-18 00:00:00+09:00,2925.005235362139,2994.0003754653653,2914.315847458822,2960.96044921875,865300,0.0,0.0
2025-02-19 00:00:00+09:00,2959.988574202384,2960.960336702122,2898.767536718881,2899.25341796875,684400,0.0,0.0
2025-02-20 00:00:00+09:00,2866.6994565086816,2867.1853377724965,2805.964298531803,2843.863037109375,910200,0.0,0.0
2025-02-21 00:00:00+09:00,2856.010046782268,2861.354740643208,2794.303126751416,2804.020751953125,765600,0.0,0.0
2025-02-25 00:00:00+09:00,2755.4327117427447,2810.823177117224,2755.4327117427447,2800.1337890625,799000,0.0,0.0
2025-02-26 00:00:00+09:00,2800.6197049718326,2864.756034093325,2793.8173670347046,2856.98193359375,738300,0.0,0.0
2025-02-27 00:00:00+09:00,2866.69927218145,2908.970939415312,2844.834616715659,2886.134521484375,698100,0.0,0.0
2025-02-28 00:00:00+09:00,2846.7782608000502,2856.4958858582518,2781.6701729101023,2804.506591796875,864000,0.0,0.0
2025-03-03 00:00:00+09:00,2837.0605638367906,2844.8346636863175,2794.788895904987,2825.3994140625,528900,0.0,0.0
2025-03-04 00:00:00+09:00,2816.6536799636824,2830.7442365824418,2774.867891370121,2821.026611328125,496300,0.0,0.0
2025-03-05 00:00:00+09:00,2818.111306349164,2854.0665195681013,2794.7890058828257,2832.687744140625,452500,0.0,0.0
2025-03-06 00:00:00+09:00,2837.5464866593566,2868.1570052654424,2819.082999246162,2824.91357421875,566300,0.0,0.0
2025-03-07 00:00:00+09:00,2873.501743013013,2902.1687370674204,2782.6419482981946,2795.7607421875,926800,0.0,0.0
2025-03-10 00:00:00+09:00,2830.744329922744,2870.1007135004543,2806.4502659858854,2839.97607421875,782800,0.0,0.0
2025-03-11 00:00:00+09:00,2807.9079805732767,2813.2526747740562,2686.4376578282827,2741.828125,1124300,0.0,0.0
2025-03-12 00:00:00+09:00,2754.460842133226,2849.2076871175227,2754.460842133226,2818.59716796875,844800,0.0,0.0
2025-03-13 00:00:00+09:00,2839.4899957686234,2861.840533038534,2795.7606837187986,2807.90771484375,718700,0.0,0.0
2025-03-14 00:00:00+09:00,2825.885404395377,2920.1463687098035,2825.885404395377,2861.354736328125,1215700,0.0,0.0
2025-03-17 00:00:00+09:00,2870.1006317449023,2885.1629509567006,2850.179499884137,2866.699462890625,519600,0.0,0.0
2025-03-18 00:00:00+09:00,2866.6994084859143,2877.3887961107766,2842.405345702135,2875.93115234375,522000,0.0,0.0
2025-03-19 00:00:00+09:00,2827.343175439121,2874.4736597177935,2824.4278877517804,2856.98193359375,629200,0.0,0.0
2025-03-21 00:00:00+09:00,2890.5075539361983,2948.3274226399144,2887.1063851889207,2927.92041015625,838500,0.0,0.0
2025-03-24 00:00:00+09:00,2895.85232759117,2924.033440846252,2869.128858125144,2901.197021484375,568500,0.0,0.0
2025-03-25 00:00:00+09:00,2886.620529495774,2929.863961094011,2886.620529495774,2910.4287109375,482200,0.0,0.0
2025-03-26 00:00:00+09:00,2944.440534828353,2944.440534828353,2904.5982701656594,2928.892333984375,486000,0.0,0.0
2025-03-27 00:00:00+09:00,2888.0783067689326,2934.722909300867,2885.163019110687,2928.892333984375,996400,0.0,0.0
2025-03-28 00:00:00+09:00,2955.36690395004,2985.7638429090484,2893.1022064049744,2912.713134765625,872300,27.0,0.0
2025-03-31 00:00:00+09:00,2897.514892026443,2898.4954385212063,2801.9116087869916,2820.5419921875,772900,0.0,0.0
2025-04-01 00:00:00+09:00,2869.5693390713086,2895.0635481319114,2819.071194201268,2826.42529296875,487600,0.0,0.0
2025-04-02 00:00:00+09:00,2820.5417979943663,2848.977644384715,2765.14092485455,2822.9931640625,748100,0.0,0.0
2025-04-03 00:00:00+09:00,2685.2264015891337,2805.343339399858,2672.4792979847302,2782.790771484375,891500,0.0,0.0
2025-04-04 00:00:00+09:00,2733.7637104940954,2750.4330014117427,2643.553430233889,2677.87255859375,688900,0.0,0.0
2025-04-07 00:00:00+09:00,2434.6968755013945,2565.1095555020734,2402.3388421177674,2482.74365234375,940800,0.0,0.0
2025-04-08 00:00:00+09:00,2531.7709331161013,2666.596069949356,2515.5919166961107,2634.238037109375,672300,0.0,0.0
2025-04-09 00:00:00+09:00,2585.2106490330684,2627.864418512658,2541.5763331286603,2595.01611328125,821300,0.0,0.0
2025-04-10 00:00:00+09:00,2758.2771658403885,2794.067111291215,2692.090280417628,2775.927001953125,824000,0.0,0.0
2025-04-11 00:00:00+09:00,2728.8606796923164,2799.4600217468787,2683.265271282078,2783.281005859375,1035200,0.0,0.0
2025-04-14 00:00:00+09:00,2803.382386059119,2838.19178609588,2787.203369140625,2787.203369140625,465100,0.0,0.0
2025-04-15 00:00:00+09:00,2824.954148874224,2833.779066381988,2750.4326232531057,2762.689453125,490700,0.0,0.0
2025-04-16 00:00:00+09:00,2760.2383210294033,2791.1255349236935,2723.9581015345234,2738.176025390625,366300,0.0,0.0
2025-04-17 00:00:00+09:00,2741.1175372196044,2782.790760375331,2741.1175372196044,2779.84912109375,314400,0.0,0.0
2025-04-18 00:00:00+09:00,2776.4174658075635,2820.051785859987,2768.082820404292,2816.619873046875,330700,0.0,0.0
2025-04-21 00:00:00+09:00,2789.6548340543545,2807.3046713172644,2728.8609501487763,2736.705322265625,358100,0.0,0.0
2025-04-22 00:00:00+09:00,2736.7051829616007,2753.86474609375,2708.269335485468,2753.86474609375,484000,0.0,0.0
2025-04-23 00:00:00+09:00,2792.5963637964433,2798.479642652756,2759.257783610671,2784.26171875,610700,0.0,0.0
2025-04-24 00:00:00+09:00,2803.382223777826,2814.6585076440183,2722.977417079756,2733.763427734375,518700,0.0,0.0
2025-04-25 00:00:00+09:00,2724.4482367144765,2767.1020061213794,2708.269220732548,2733.763427734375,591100,0.0,0.0
2025-04-28 00:00:00+09:00,2745.530045729,2772.4950729638385,2742.5884063942904,2760.728515625,701400,0.0,0.0
2025-04-30 00:00:00+09:00,2807.3046286778144,2938.697859639333,2778.378506936286,2934.285400390625,1232300,0.0,0.0
2025-05-01 00:00:00+09:00,2885.257840203606,2927.9116094640503,2865.646911808,2881.825927734375,611400,0.0,0.0
2025-05-02 00:00:00+09:00,2873.0011758609694,2906.830029296875,2866.137350526148,2882.806640625,470700,0.0,0.0
2025-05-07 00:00:00+09:00,2863.1956290050316,2877.903825729373,2837.7014213495077,2849.958251953125,765300,0.0,0.0
2025-05-08 00:00:00+09:00,2837.701366030395,2843.5846446054406,2789.1643177862675,2813.677978515625,809900,0.0,0.0
2025-05-09 00:00:00+09:00,2813.1879633193435,2907.3204291536613,2795.0478527158552,2905.849609375,910700,0.0,0.0
2025-05-12 00:00:00+09:00,2873.491450022415,3173.048398659797,2787.6936333095805,3101.468505859375,6411500,0.0,0.0
2025-05-13 00:00:00+09:00,3035.7718929083094,3133.8265406120663,3032.830253477197,3079.896484375,1430700,0.0,0.0
2025-05-14 00:00:00+09:00,3070.090944061579,3103.429523460523,2968.114112958927,2994.5888671875,826300,0.0,0.0
2025-05-15 00:00:00+09:00,2925.9505847890005,2934.2852295513017,2833.7792191823764,2834.759765625,1352000,0.0,0.0
2025-05-16 00:00:00+09:00,2848.977898827143,2959.2893817450754,2835.7405208769906,2924.47998046875,975300,0.0,0.0
2025-05-19 00:00:00+09:00,2925.9506349734042,2926.4409082031248,2868.588667096077,2880.355224609375,667700,0.0,0.0
2025-05-20 00:00:00+09:00,2878.8845483092837,2904.3787575245565,2800.9311009010453,2820.0517578125,916000,0.0,0.0
2025-05-21 00:00:00+09:00,2820.0517983134832,2835.740542671277,2739.1567102186073,2742.588623046875,861400,0.0,0.0
2025-05-22 00:00:00+09:00,2741.6079720807475,2759.2578088108808,2708.269391590495,2725.428955078125,610400,0.0,0.0
2025-05-23 00:00:00+09:00,2716.1137927574096,2735.2344494212252,2666.1059214828147,2700.425048828125,920000,0.0,0.0
2025-05-26 00:00:00+09:00,2745.5301420043415,2747.4912349629158,2682.2848940903127,2710.23046875,731700,0.0,0.0
2025-05-27 00:00:00+09:00,2712.681818013586,2725.4289221647437,2692.5806153136846,2716.60400390625,559100,0.0,0.0
2025-05-28 00:00:00+09:00,2716.1137927574096,2734.253902925645,2697.973682589174,2700.425048828125,606500,0.0,0.0
2025-05-29 00:00:00+09:00,2676.891734664883,2683.7555596255625,2632.767145631946,2669.04736328125,970800,0.0,0.0
2025-05-30 00:00:00+09:00,2663.65467267542,2714.152819424098,2639.6312824745924,2677.38232421875,960100,0.0,0.0
2025-06-02 00:00:00+09:00,2683.2654247398436,2705.3277203936523,2658.751762902279,2695.031982421875,826600,0.0,0.0
2025-06-03 00:00:00+09:00,2697.973494078057,2755.3354600615444,2689.6388494479775,2693.56103515625,1092700,0.0,0.0
2025-06-04 00:00:00+09:00,2721.016484418792,2864.666543866487,2703.8569210035384,2842.604248046875,1719200,0.0,0.0
2025-06-05 00:00:00+09:00,2847.997295465835,2855.8416674278687,2785.7325930171933,2798.969970703125,1077600,0.0,0.0
2025-06-06 00:00:00+09:00,2811.7169408456025,2856.3318042487326,2762.1993452003703,2828.38623046875,1100900,0.0,0.0
2025-06-09 00:00:00+09:00,2873.0010267604043,2954.3863800781905,2856.331737526641,2918.596435546875,1362400,0.0,0.0
2025-06-10 00:00:00+09:00,2917.125722076933,2925.460366997153,2876.9233171676374,2892.612060546875,1216300,0.0,0.0
2025-06-11 00:00:00+09:00,2892.6120625785584,2915.1646312020525,2827.89599609375,2827.89599609375,897100,0.0,0.0
2025-06-12 00:00:00+09:00,2837.211219580832,2874.962258790738,2837.211219580832,2858.29296875,606800,0.0,0.0
2025-06-13 00:00:00+09:00,2884.2775319971815,2989.6862808293067,2873.491520488778,2968.1142578125,1171800,0.0,0.0
2025-06-16 00:00:00+09:00,3005.374920713173,3069.1104410545618,2995.5694560452675,3049.49951171875,1104600,0.0,0.0
2025-06-17 00:00:00+09:00,3048.519030792939,3079.8965184048316,3038.7135659142223,3067.1494140625,781300,0.0,0.0
2025-06-18 00:00:00+09:00,3067.1491928148603,3127.943070677559,3024.985696877827,3116.176513671875,1496500,0.0,0.0
2025-06-19 00:00:00+09:00,3184.8149950972033,3611.3527176548646,3162.2624258585224,3593.702880859375,8280800,0.0,0.0
2025-06-20 00:00:00+09:00,3586.839015794837,3593.7028411394417,3489.764914492571,3495.648193359375,3925300,0.0,0.0
2025-06-23 00:00:00+09:00,3468.1928568713115,3600.5666300343387,3438.7764628350833,3551.539306640625,1815900,0.0,0.0
2025-06-24 00:00:00+09:00,3533.8895735704505,3573.111433432498,3489.7649812256477,3491.72607421875,1638900,0.0,0.0
2025-06-25 00:00:00+09:00,3491.726173627664,3512.317650641475,3457.4070452713127,3496.62890625,1118900,0.0,0.0
2025-06-26 00:00:00+09:00,3477.0177335373164,3511.336859502857,3440.7375146594595,3475.056640625,1174500,0.0,0.0
2025-06-27 00:00:00+09:00,3458.387397950908,3471.134502054498,3356.4105651221885,3400.53515625,3449100,0.0,0.0
2025-06-30 00:00:00+09:00,3438.7765028604376,3441.7181422982994,3374.060435227478,3387.7880859375,1206000,0.0,0.0
2025-07-01 00:00:00+09:00,3456.42616965554,3552.5197199041195,3396.6128373579545,3408.37939453125,1704800,0.0,0.0
2025-07-02 00:00:00+09:00,3355.4300331794543,3398.5740780245437,3316.208174229373,3317.188720703125,1025300,0.0,0.0
2025-07-03 00:00:00+09:00,3313.2663226185355,3313.2663226185355,3225.9976920434983,3239.725341796875,970900,0.0,0.0
2025-07-04 00:00:00+09:00,3240.706264318796,3273.0642996357465,3226.978612972211,3253.453369140625,798800,0.0,0.0
2025-07-07 00:00:00+09:00,3233.842339688113,3291.69458287841,3211.289770308845,3248.550537109375,748600,0.0,0.0
2025-07-08 00:00:00+09:00,3235.803492094095,3251.4922362981874,3175.009608303236,3198.542724609375,1029200,0.0,0.0
2025-07-09 00:00:00+09:00,3196.5815689086917,3230.900696182251,3108.332384490967,3137.748779296875,1101500,0.0,0.0
2025-07-10 00:00:00+09:00,3137.7485795454545,3150.495683149858,3024.98573996804,3041.655029296875,1427400,0.0,0.0
2025-07-11 00:00:00+09:00,3042.6355868972746,3125.001487412702,3023.024658203125,3023.024658203125,927200,0.0,0.0
2025-07-14 00:00:00+09:00,2999.491766107687,3023.0248822850604,2944.5811616938163,2995.569580078125,950500,0.0,0.0
2025-07-15 00:00:00+09:00,3016.1609894726625,3034.7913726976235,2966.1531187109244,2999.49169921875,774600,0.0,0.0
2025-07-16 00:00:00+09:00,2995.56946854826,3017.1414909076907,2962.23088853823,3009.297119140625,686600,0.0,0.0
2025-07-17 00:00:00+09:00,3015.1802971592924,3113.2349409693506,3014.199750721192,3112.25439453125,1078500,0.0,0.0
2025-07-18 00:00:00+09:00,3089.702039704572,3118.1378883721163,3049.4996329676987,3060.28564453125,814800,0.0,0.0
2025-07-22 00:00:00+09:00,3039.694214855131,3081.8577152547346,3016.161098353027,3028.908203125,744700,0.0,0.0
2025-07-23 00:00:00+09:00,3031.8497975027226,3054.4023671477944,2986.7446582125785,3038.713623046875,804900,0.0,0.0
2025-07-24 00:00:00+09:00,3076.954914733117,3088.721472724448,3025.9664967706817,3032.830322265625,796900,0.0,0.0
2025-07-25 00:00:00+09:00,3056.3635648839613,3059.3052045036766,2988.705853630515,3000.472412109375,729100,0.0,0.0
2025-07-28 00:00:00+09:00,3005.375114534113,3029.888777784799,2955.3672415027136,2970.075439453125,706900,0.0,0.0
2025-07-29 00:00:00+09:00,2961.250550513174,3002.433505189185,2955.367271273744,3000.472412109375,641300,0.0,0.0
2025-07-30 00:00:00+09:00,2990.666537979755,3028.90784780966,2973.99724907954,3021.0634765625,531200,0.0,0.0
2025-07-31 00:00:00+09:00,3007.336156322338,3060.285668041088,2986.744679542824,3044.596923828125,781500,0.0,0.0
2025-08-01 00:00:00+09:00,3039.6939912317816,3077.935302734375,3029.888526743937,3077.935302734375,696100,0.0,0.0
2025-08-04 00:00:00+09:00,2980.8612489870343,3034.791304478576,2973.997423742656,3024.98583984375,678000,0.0,0.0
2025-08-05 00:00:00+09:00,3058.3242962662257,3059.3048426901646,3004.394242949572,3035.771728515625,408700,0.0,0.0
2025-08-06 00:00:00+09:00,3029.888581608447,3075.9742655358245,3027.927488675367,3071.071533203125,656200,0.0,0.0
2025-08-07 00:00:00+09:00,3060.2854995048942,3111.273915388987,3048.5189419931803,3086.76025390625,780300,0.0,0.0
2025-08-08 00:00:00+09:00,3098.526743515578,3283.8500202638197,3005.374831922546,3241.6865234375,4756600,0.0,0.0
2025-08-12 00:00:00+09:00,3216.192326388889,3330.916259982639,3163.242818576389,3309.34423828125,1977100,0.0,0.0
2025-08-13 00:00:00+09:00,3285.811232619769,3387.7880658613253,3270.1224890441445,3338.7607421875,1427800,0.0,0.0
2025-08-14 00:00:00+09:00,3284.83056640625,3326.994063228778,3261.297451900653,3284.83056640625,1138100,0.0,0.0
2025-08-15 00:00:00+09:00,3313.266547796043,3323.0720125720004,3249.531026752319,3276.986328125,1131500,0.0,0.0
2025-08-18 00:00:00+09:00,3333.857975449673,3407.3989602022393,3310.324860328852,3373.079833984375,1138300,0.0,0.0
2025-08-19 00:00:00+09:00,3396.6128598644245,3417.204335054134,3299.5387625415096,3349.546630859375,1025800,0.0,0.0
2025-08-20 00:00:00+09:00,3289.7335373617752,3301.5000954685834,3170.1068632758925,3217.173095703125,1439300,0.0,0.0
2025-08-21 00:00:00+09:00,3220.1145686451982,3224.0367544778965,3171.087245736471,3216.1923828125,569700,0.0,0.0
2025-08-22 00:00:00+09:00,3241.6866239441606,3260.3170068403915,3207.367497556367,3225.017333984375,499800,0.0,0.0
2025-08-25 00:00:00+09:00,3221.095083061135,3225.997815303237,3142.6513671875,3142.6513671875,795300,0.0,0.0
2025-08-26 00:00:00+09:00,3137.748851837061,3137.748851837061,3064.2078631221298,3069.110595703125,985800,0.0,0.0
2025-08-27 00:00:00+09:00,3069.110430700466,3081.8575347257397,3010.2776428915113,3024.98583984375,642100,0.0,0.0
2025-08-28 00:00:00+09:00,3050.4799134513137,3064.2075633350546,2991.6471282352804,3011.258056640625,627400,0.0,0.0
2025-08-29 00:00:00+09:00,3024.9858736991882,3054.402267932892,3012.23876953125,3012.23876953125,772500,0.0,0.0
2025-09-01 00:00:00+09:00,3010.2777297890198,3060.285600870205,2996.5500789039884,3048.51904296875,573000,0.0,0.0
2025-09-02 00:00:00+09:00,3060.285512529123,3086.7602670431525,3023.024746916785,3024.98583984375,658200,0.0,0.0
2025-09-03 00:00:00+09:00,3005.3749890766603,3024.0053723694687,2995.569524185709,3002.433349609375,590800,0.0,0.0
2025-09-04 00:00:00+09:00,2995.569576769346,3055.382913654102,2985.7641117062713,3038.713623046875,457000,0.0,0.0
2025-09-05 00:00:00+09:00,3053.421720498596,3061.2660922917844,3011.2582221102084,3033.810791015625,488700,0.0,0.0
2025-09-08 00:00:00+09:00,3048.518963704324,3116.1766698785273,3024.005302047004,3092.6435546875,657100,0.0,0.0
2025-09-09 00:00:00+09:00,3113.2350498301157,3168.145652283812,3075.9742838793927,3163.242919921875,847000,0.0,0.0
2025-09-10 00:00:00+09:00,3134.806973753615,3184.8148422745517,3115.196044921875,3115.196044921875,778900,0.0,0.0
2025-09-11 00:00:00+09:00,3104.410079087589,3105.390625543397,3039.6940130042726,3083.818603515625,750500,0.0,0.0
2025-09-12 00:00:00+09:00,3083.818570040992,3109.312777615258,3059.3049089118904,3096.565673828125,649700,0.0,0.0
2025-09-16 00:00:00+09:00,3049.499411782709,3094.604547776923,3040.674493870798,3066.168701171875,563100,0.0,0.0
2025-09-17 00:00:00+09:00,3049.4994666514162,3090.682417647995,3042.63564148532,3080.876953125,521800,0.0,0.0
2025-09-18 00:00:00+09:00,3087.7407672222193,3102.448963953986,3047.538362822057,3077.935302734375,634300,0.0,0.0
2025-09-19 00:00:00+09:00,3051.4604936079545,3069.110329367898,2976.93896484375,2976.93896484375,1462600,0.0,0.0
2025-09-22 00:00:00+09:00,3013.219127559878,3061.2659018034296,3006.355302667942,3026.94677734375,640100,0.0,0.0
2025-09-24 00:00:00+09:00,3083.8186127069803,3184.8148979562075,3065.1882299911035,3151.476318359375,1482600,0.0,0.0
2025-09-25 00:00:00+09:00,3131.865539453,3143.632097522329,3055.3829120023634,3060.28564453125,944000,0.0,0.0
2025-09-26 00:00:00+09:00,3043.616229870231,3138.729237053676,3028.9080328831005,3135.78759765625,1059300,0.0,0.0
2025-09-29 00:00:00+09:00,3139.7431702009817,3220.8326001085343,3097.22066427385,3107.109619140625,884200,27.0,0.0
2025-09-30 00:00:00+09:00,3106.1205793779836,3133.809651718825,3075.464820714909,3081.398193359375,748900,0.0,0.0
2025-10-01 00:00:00+09:00,3088.3205411817685,3116.009614237513,3052.7203043958116,3092.276123046875,1015000,0.0,0.0
2025-10-02 00:00:00+09:00,3085.353834463587,3091.287207222171,3014.1533613605816,3034.920166015625,588900,0.0,0.0
2025-10-03 00:00:00+09:00,3046.7870288784857,3067.5538343333537,2992.397776496689,3005.25341796875,712800,0.0,0.0
2025-10-06 00:00:00+09:00,3065.575943190306,3065.575943190306,2993.386574205502,3061.620361328125,813900,0.0,0.0
2025-10-07 00:00:00+09:00,3052.720234935323,3061.6202939293034,2996.3531946401126,3016.131103515625,671800,0.0,0.0
2025-10-08 00:00:00+09:00,3053.7092673814163,3109.087414717349,3040.853626035575,3043.8203125,798400,0.0,0.0
2025-10-09 00:00:00+09:00,3073.487209897009,3092.2762243719267,3046.787031432653,3066.56494140625,551500,0.0,0.0
2025-10-10 00:00:00+09:00,3016.1312829638605,3029.9758200004158,2966.6865078333053,2970.64208984375,795900,0.0,0.0
2025-10-14 00:00:00+09:00,2911.8027146678232,2939.9862355943073,2851.480090930436,2854.44677734375,1102400,0.0,0.0
2025-10-15 00:00:00+09:00,2846.0412531400293,2885.5970731975694,2821.813313354786,2878.6748046875,806200,0.0,0.0
2025-10-16 00:00:00+09:00,2849.007977996123,2884.1137687697646,2829.7245154584884,2853.4580078125,664700,0.0,0.0
2025-10-17 00:00:00+09:00,2835.657722554351,2845.54667712298,2798.5741429219925,2833.679931640625,774700,0.0,0.0
2025-10-20 00:00:00+09:00,2904.3859918767757,2944.4362583633297,2856.424561639791,2871.75244140625,976800,0.0,0.0
2025-10-21 00:00:00+09:00,2877.6858824467754,3039.8647431757345,2871.752509493277,2978.55322265625,1052800,0.0,0.0
2025-10-22 00:00:00+09:00,2980.5310826321092,2993.3867243289296,2898.452754875485,2899.441650390625,898700,0.0,0.0
2025-10-23 00:00:00+09:00,2965.697626442277,2980.531059052025,2908.341687017918,2920.702880859375,1294400,0.0,0.0
2025-10-24 00:00:00+09:00,2881.6415225090423,2908.8361490941484,2850.9857616312866,2870.763671875,1196400,0.0,0.0
2025-10-27 00:00:00+09:00,2872.741455078125,2895.4860517964717,2854.4468881524986,2872.741455078125,841400,0.0,0.0
2025-10-28 00:00:00+09:00,2848.018914473684,2867.302375873767,2818.35205078125,2818.35205078125,776500,0.0,0.0
2025-10-29 00:00:00+09:00,2775.335031550213,2803.5185513788897,2760.996047777728,2772.86279296875,874700,0.0,0.0
2025-10-30 00:00:00+09:00,2742.701623073245,2788.685263049054,2739.2404888815176,2783.246337890625,685300,0.0,0.0
2025-10-31 00:00:00+09:00,2786.2130498936212,2837.1411677532565,2778.7963337004708,2823.296630859375,1097600,0.0,0.0
2025-11-04 00:00:00+09:00,2797.5851974029165,2814.396419868752,2738.2514710529076,2799.56298828125,907600,0.0,0.0
2025-11-05 00:00:00+09:00,2788.1906830921976,2838.6243503515348,2776.818385572935,2801.540771484375,798700,0.0,0.0
2025-11-06 00:00:00+09:00,2828.2410556872974,2845.5467264825866,2743.196044921875,2743.196044921875,846500,0.0,0.0
2025-11-07 00:00:00+09:00,2694.7401174053757,2725.3958765391617,2568.1614990465177,2615.134033203125,3113300,0.0,0.0
2025-11-10 00:00:00+09:00,2628.978639611104,2640.3509376571933,2417.8494541467558,2457.4052734375,2336400,0.0,0.0
2025-11-11 00:00:00+09:00,2444.5496431421907,2537.5058188927433,2434.1662405317566,2516.739013671875,1472800,0.0,0.0
2025-11-12 00:00:00+09:00,2516.7388817207,2543.439058461942,2501.411002480358,2535.033447265625,850200,0.0,0.0
2025-11-13 00:00:00+09:00,2511.794469741021,2548.383601780556,2465.316383096207,2471.249755859375,1414600,0.0,0.0
2025-11-14 00:00:00+09:00,2471.744166591234,2513.7722230345735,2469.7663756997827,2496.466552734375,829500,0.0,0.0
2025-11-17 00:00:00+09:00,2474.216515388444,2514.76123046875,2456.4163965727,2514.76123046875,1755800,0.0,0.0
2025-11-18 00:00:00+09:00,2496.466663140996,2536.022482719384,2462.3497687546364,2499.433349609375,1469700,0.0,0.0
2025-11-19 00:00:00+09:00,2511.3000333743644,2546.40582238196,2500.916630991836,2515.255615234375,1548000,0.0,0.0
2025-11-20 00:00:00+09:00,2560.2503162005787,2603.761715935158,2532.0667959179536,2573.10595703125,1331900,0.0,0.0
2025-11-21 00:00:00+09:00,2586.95066136172,2639.856571294003,2583.9839748234613,2638.86767578125,1137300,0.0,0.0
2025-11-25 00:00:00+09:00,2676.4455435871964,2678.423334493228,2606.2339664230763,2617.11181640625,1381800,0.0,0.0
2025-11-26 00:00:00+09:00,2635.4064418891257,2679.90673828125,2621.5619052337984,2679.90673828125,772400,0.0,0.0
2025-11-27 00:00:00+09:00,2679.9066984712977,2719.956964629264,2666.556609751976,2674.4677734375,943400,0.0,0.0
2025-11-28 00:00:00+09:00,2670.0177737289023,2711.0569358065873,2651.228759765625,2651.228759765625,900500,0.0,0.0
2025-12-01 00:00:00+09:00,2695.2347366596236,2739.7350350084344,2652.712229348538,2665.56787109375,1207400,0.0,0.0
2025-12-02 00:00:00+09:00,2675.9511631702644,2701.662445595404,2651.2287762230153,2662.60107421875,1505800,0.0,0.0
2025-12-03 00:00:00+09:00,2623.539818441278,2639.3621467846856,2597.8285348832405,2617.6064453125,1040000,0.0,0.0
2025-12-04 00:00:00+09:00,2617.606391895402,2662.106689453125,2614.6397053915534,2662.106689453125,896800,0.0,0.0
2025-12-05 00:00:00+09:00,2650.7342761634736,2657.162096642885,2593.8727873071407,2597.828369140625,1104400,0.0,0.0
2025-12-08 00:00:00+09:00,2622.056374061433,2664.0844321031495,2615.1341056780916,2643.317626953125,753700,0.0,0.0
2025-12-09 00:00:00+09:00,2649.2509044924805,2663.095440760825,2622.056279679661,2636.395263671875,1113200,0.0,0.0
2025-12-10 00:00:00+09:00,2618.5951881591564,2622.5507700143817,2536.516864663231,2578.544921875,1530100,0.0,0.0
2025-12-11 00:00:00+09:00,2586.4561235234314,2591.4006009149884,2519.7056787374127,2553.328125,953400,0.0,0.0
2025-12-12 00:00:00+09:00,2567.172595700446,2593.872772928455,2519.705613961763,2523.166748046875,894400,0.0,0.0
2025-12-15 00:00:00+09:00,2542.4503674765656,2544.42815850533,2489.050009699928,2498.93896484375,766000,0.0,0.0
2025-12-16 00:00:00+09:00,2473.227671969212,2486.083313606797,2439.605224609375,2439.605224609375,805700,0.0,0.0
2025-12-17 00:00:00+09:00,2449.4940853962585,2456.91080144005,2418.3438780123333,2448.0107421875,566400,0.0,0.0
2025-12-18 00:00:00+09:00,2455.427436165586,2480.644270487867,2441.5828996749224,2469.27197265625,506000,0.0,0.0
2025-12-19 00:00:00+09:00,2438.6162816971537,2459.3830870157426,2424.2772970724136,2436.14404296875,1082300,0.0,0.0
2025-12-22 00:00:00+09:00,2474.2164041598066,2482.127567722268,2391.1491867539617,2402.521484375,1288600,0.0,0.0
2025-12-23 00:00:00+09:00,2419.3328751784106,2515.750187800481,2407.4661290095405,2468.283203125,1390700,0.0,0.0
2025-12-24 00:00:00+09:00,2478.6665403778698,2488.061047512755,2420.8161543367346,2422.7939453125,697700,0.0,0.0
2025-12-25 00:00:00+09:00,2444.5497257212514,2446.033069001422,2420.816233238521,2433.671875,535000,0.0,0.0
2025-12-26 00:00:00+09:00,2444.549505255768,2459.877384435163,2432.6827600846236,2443.066162109375,540200,0.0,0.0
2025-12-29 00:00:00+09:00,2443.5608380764857,2466.7998828740565,2417.8495544706625,2431.694091796875,813900,0.0,0.0
2025-12-30 00:00:00+09:00,2444.549653894761,2467.2942501890893,2420.816162109375,2420.816162109375,715700,0.0,0.0
2026-01-05 00:00:00+09:00,2428.727373546808,2443.560806202835,2386.2048665995308,2424.27734375,903300,0.0,0.0
2026-01-06 00:00:00+09:00,2449.4940252254623,2507.8388566700737,2445.5384434326074,2479.160888671875,1006900,0.0,0.0
2026-01-07 00:00:00+09:00,2463.338576813293,2477.6775609015276,2423.2883109116715,2475.205322265625,863800,0.0,0.0
2026-01-08 00:00:00+09:00,2465.3165328199316,2501.4112193213064,2462.3498462581747,2494.9833984375,879100,0.0,0.0
2026-01-09 00:00:00+09:00,2487.0721544341764,2493.9944228560607,2455.921946535697,2468.777587890625,867600,0.0,0.0
2026-01-13 00:00:00+09:00,2473.227687846535,2487.072225083581,2428.7273895846024,2435.649658203125,856800,0.0,0.0
2026-01-14 00:00:00+09:00,2438.121717106632,2482.1275643632716,2438.121717106632,2450.48291015625,866400,0.0,0.0
2026-01-15 00:00:00+09:00,2437.6273698168907,2443.560742725167,2415.377221410854,2424.771728515625,846300,0.0,0.0
2026-01-16 00:00:00+09:00,2407.9605427840497,2417.849497785216,2370.382513779617,2384.22705078125,998200,0.0,0.0
2026-01-19 00:00:00+09:00,2367.4156600050915,2435.649444691955,2345.659960539715,2427.73828125,1067800,0.0,0.0
2026-01-20 00:00:00+09:00,2424.2772807732686,2477.1831892053997,2422.7939375461997,2424.771728515625,825700,0.0,0.0
2026-01-21 00:00:00+09:00,2394.116044731516,2408.4550297164838,2354.0657763252266,2359.01025390625,1027500,0.0,0.0
2026-01-22 00:00:00+09:00,2387.1936810205852,2391.643710666233,2363.9546373155385,2367.415771484375,677400,0.0,0.0
2026-01-23 00:00:00+09:00,2392.138115403606,2441.5828883553136,2387.1936381084356,2425.26611328125,932300,0.0,0.0
2026-01-26 00:00:00+09:00,2393.62145355231,2409.443780863542,2358.515664830514,2363.95458984375,767500,0.0,0.0
2026-01-27 00:00:00+09:00,2358.515829690291,2372.360367055349,2340.2212624578924,2353.076904296875,587500,0.0,0.0
2026-01-28 00:00:00+09:00,2336.7600958040766,2342.693468878484,2312.0377079940463,2315.00439453125,651800,0.0,0.0
2026-01-29 00:00:00+09:00,2345.6599766475965,2363.4600945142306,2315.993113536539,2360.493408203125,847100,0.0,0.0
2026-01-30 00:00:00+09:00,2363.954716730305,2404.9938803966124,2354.5602093850057,2393.62158203125,1125200,0.0,0.0
2026-02-02 00:00:00+09:00,2383.732491213999,2393.126998024425,2352.582284421532,2365.932373046875,1306700,0.0,0.0
2026-02-03 00:00:00+09:00,2352.5822629509826,2411.9159896332267,2334.2876972239574,2387.193603515625,1043400,0.0,0.0
2026-02-04 00:00:00+09:00,2353.571232857464,2362.965739879374,2330.3321891716864,2336.760009765625,1127300,0.0,0.0
2026-02-05 00:00:00+09:00,2383.732524615197,2400.04929983036,2339.726676307636,2388.677001953125,905100,0.0,0.0
2026-02-06 00:00:00+09:00,2371.8658393922674,2379.282555587991,2322.9155125004945,2342.198974609375,872600,0.0,0.0
2026-02-09 00:00:00+09:00,2355.5490551602306,2361.4824280951434,2325.8821904856686,2328.848876953125,904700,0.0,0.0
2026-02-10 00:00:00+09:00,2323.904447681262,2398.071610905132,2321.9266566619585,2362.9658203125,1038100,0.0,0.0
2026-02-12 00:00:00+09:00,2375.82126863124,2390.654700069104,2333.793212890625,2333.793212890625,1070800,0.0,0.0
2026-02-13 00:00:00+09:00,2333.793339716256,2413.893873833636,2247.7594327012926,2348.13232421875,3685100,0.0,0.0
2026-02-16 00:00:00+09:00,2496.466621862462,2674.96225475855,2441.0884753683845,2587.939453125,4708300,0.0,0.0
2026-02-17 00:00:00+09:00,2562.2281755295526,2619.584113075178,2520.6945655827208,2539.97802734375,2371800,0.0,0.0
2026-02-18 00:00:00+09:00,2541.9559043106806,2568.6560830371495,2497.9500541874263,2518.222412109375,1754300,0.0,0.0
2026-02-19 00:00:00+09:00,2516.7390912995875,2516.7390912995875,2455.922016991169,2466.305419921875,1474500,0.0,0.0
2026-02-20 00:00:00+09:00,2445.044005572527,2452.4607214640514,2410.927112471515,2413.893798828125,959800,0.0,0.0
2026-02-24 00:00:00+09:00,2414.3884126511866,2461.855397622416,2404.4994574488474,2448.999755859375,1379600,0.0,0.0
2026-02-25 00:00:00+09:00,2482.127695996474,2541.9558735294563,2451.966383355879,2541.46142578125,1600000,0.0,0.0
2026-02-26 00:00:00+09:00,2507.8389388301784,2566.678219926549,2497.9499840240655,2520.694580078125,1582000,0.0,0.0
2026-02-27 00:00:00+09:00,2554.317014687649,2600.795102062918,2527.6168368337712,2585.961669921875,2043800,0.0,0.0
2026-03-02 00:00:00+09:00,2570.633829449816,2606.2340671340603,2538.0002782392585,2591.400634765625,1056000,0.0,0.0
2026-03-03 00:00:00+09:00,2564.205895155703,2582.994908656651,2525.6389727063884,2542.4501953125,1544800,0.0,0.0
2026-03-04 00:00:00+09:00,2540.966833726415,2614.639544025157,2519.2111340408806,2594.3671875,2066400,0.0,0.0
2026-03-05 00:00:00+09:00,2594.367201422766,2642.328630532354,2562.7225471648935,2575.083740234375,1514800,0.0,0.0
2026-03-06 00:00:00+09:00,2575.0838835995087,2643.3176731418916,2552.339287085381,2616.123046875,881300,0.0,0.0
2026-03-09 00:00:00+09:00,2587.4451238437737,2604.25634765625,2550.8559896636784,2604.25634765625,1321700,0.0,0.0
2026-03-10 00:00:00+09:00,2658.151148648649,2744.18505859375,2629.473178666948,2744.18505859375,1446700,0.0,0.0
2026-03-11 00:00:00+09:00,2739.240347641196,2742.20703393828,2673.47880138916,2694.24560546875,1393900,0.0,0.0
2026-03-12 00:00:00+09:00,2679.412288539042,2692.762377446692,2628.9786193323653,2649.2509765625,1095700,0.0,0.0
2026-03-13 00:00:00+09:00,2605.7394775841904,2691.773380639152,2595.850523210057,2674.962158203125,2282900,0.0,0.0
2026-03-16 00:00:00+09:00,2719.462593547136,2727.8682051999176,2594.861761988249,2608.706298828125,1145600,0.0,0.0
2026-03-17 00:00:00+09:00,2614.639573692909,2623.045185030424,2556.29474205604,2571.128173828125,1034000,0.0,0.0
2026-03-18 00:00:00+09:00,2608.706219182706,2610.6840100994477,2552.339178055559,2597.828369140625,866600,0.0,0.0
2026-03-19 00:00:00+09:00,2551.350387946866,2562.7226861877143,2494.983344492226,2524.15576171875,1817500,0.0,0.0
2026-03-23 00:00:00+09:00,2492.0167112886234,2512.2890694558523,2462.844293438221,2464.32763671875,1250000,0.0,0.0
2026-03-24 00:00:00+09:00,2486.0831383489794,2492.510958714639,2393.6214146275674,2452.460693359375,935500,0.0,0.0
2026-03-25 00:00:00+09:00,2456.4164083923674,2475.205422788283,2430.2106777875374,2434.166259765625,838600,0.0,0.0
2026-03-26 00:00:00+09:00,2413.8939193384335,2476.1943359375,2404.004964322709,2476.1943359375,820900,0.0,0.0
2026-03-27 00:00:00+09:00,2493.9944477493555,2536.0225064445767,2471.2498512790003,2493.5,1108400,0.0,0.0
2026-03-30 00:00:00+09:00,2446.5,2456.5,2373.0,2408.0,883200,28.0,0.0
2026-03-31 00:00:00+09:00,2448.5,2457.5,2419.5,2423.5,703200,0.0,0.0
2026-04-01 00:00:00+09:00,2456.0,2502.5,2440.5,2500.0,569900,0.0,0.0
2026-04-02 00:00:00+09:00,2490.5,2516.0,2465.0,2481.5,669300,0.0,0.0
2026-04-03 00:00:00+09:00,2453.0,2492.0,2451.5,2454.0,359000,0.0,0.0
2026-04-06 00:00:00+09:00,2464.5,2482.0,2445.5,2466.0,337000,0.0,0.0
2026-04-07 00:00:00+09:00,2480.0,2514.0,2476.0,2484.5,512200,0.0,0.0
2026-04-08 00:00:00+09:00,2531.0,2545.5,2506.0,2535.5,930900,0.0,0.0
2026-04-09 00:00:00+09:00,2512.0,2517.5,2450.5,2470.0,637800,0.0,0.0
2026-04-10 00:00:00+09:00,2445.0,2457.0,2390.0,2390.0,621000,0.0,0.0
2026-04-13 00:00:00+09:00,2390.0,2403.5,2377.5,2385.0,470200,0.0,0.0
2026-04-14 00:00:00+09:00,2433.0,2477.0,2426.0,2449.0,613800,0.0,0.0
2026-04-15 00:00:00+09:00,2439.5,2532.5,2432.0,2495.0,663800,0.0,0.0
2026-04-16 00:00:00+09:00,2487.5,2508.5,2467.5,2482.0,814400,0.0,0.0
2026-04-17 00:00:00+09:00,2488.5,2552.0,2485.5,2540.0,1122700,0.0,0.0
2026-04-20 00:00:00+09:00,2557.0,2562.0,2520.0,2524.5,687900,0.0,0.0
2026-04-21 00:00:00+09:00,2519.0,2525.0,2453.0,2469.5,628400,0.0,0.0
2026-04-22 00:00:00+09:00,2476.0,2483.5,2414.0,2417.5,731400,0.0,0.0
2026-04-23 00:00:00+09:00,2385.0,2390.0,2268.0,2288.0,1505700,0.0,0.0
2026-04-24 00:00:00+09:00,2305.0,2337.0,2284.5,2320.0,1078400,0.0,0.0
2026-04-27 00:00:00+09:00,2303.0,2324.0,2291.0,2319.5,505000,0.0,0.0
2026-04-28 00:00:00+09:00,2320.0,2350.0,2295.5,2332.0,1016200,0.0,0.0
2026-04-30 00:00:00+09:00,2308.5,2312.0,2267.0,2278.5,895200,0.0,0.0
2026-05-01 00:00:00+09:00,2280.0,2301.0,2246.0,2301.0,622500,0.0,0.0
2026-05-07 00:00:00+09:00,2257.5,2304.5,2231.0,2257.0,2093500,0.0,0.0
2026-05-08 00:00:00+09:00,2304.5,2336.0,2282.5,2300.0,1194800,0.0,0.0
2026-05-11 00:00:00+09:00,2290.0,2341.0,2278.5,2309.5,1075000,0.0,0.0
2026-05-12 00:00:00+09:00,2277.0,2335.5,2252.0,2294.0,2401500,0.0,0.0
2026-05-13 00:00:00+09:00,2252.0,2290.0,2111.0,2176.0,2604700,0.0,0.0
2026-05-14 00:00:00+09:00,2147.0,2186.5,2093.5,2136.0,1667800,0.0,0.0
2026-05-15 00:00:00+09:00,2138.5,2232.5,2127.0,2227.0,1329800,0.0,0.0
2026-05-18 00:00:00+09:00,2213.5,2229.0,2156.5,2183.0,964700,0.0,0.0
2026-05-19 00:00:00+09:00,2227.0,2299.0,2150.0,2298.0,1074100,0.0,0.0
2026-05-20 00:00:00+09:00,2312.5,2354.5,2284.0,2293.5,1265800,0.0,0.0
2026-05-21 00:00:00+09:00,2343.5,2343.5,2291.5,2302.0,639000,0.0,0.0
2026-05-22 00:00:00+09:00,2302.0,2375.0,2290.0,2349.0,952400,0.0,0.0
2026-05-25 00:00:00+09:00,2346.0,2355.5,2284.0,2342.0,1022600,0.0,0.0
2026-05-26 00:00:00+09:00,2351.0,2355.0,2267.5,2286.0,792000,0.0,0.0
2026-05-27 00:00:00+09:00,2293.5,2344.5,2269.5,2342.0,853900,0.0,0.0
2026-05-28 00:00:00+09:00,2346.5,2359.5,2246.5,2264.0,1399300,0.0,0.0
2026-05-29 00:00:00+09:00,2314.0,2376.0,2302.0,2310.5,1844200,0.0,0.0
2026-06-01 00:00:00+09:00,2356.0,2401.0,2310.5,2397.0,924300,0.0,0.0
2026-06-02 00:00:00+09:00,2380.0,2454.5,2371.0,2446.5,1179300,0.0,0.0
2026-06-03 00:00:00+09:00,2396.5,2429.5,2349.0,2360.0,1298000,0.0,0.0
2026-06-04 00:00:00+09:00,2360.0,2385.5,2331.0,2357.5,1017600,0.0,0.0
2026-06-05 00:00:00+09:00,2396.0,2448.0,2377.0,2387.5,764800,0.0,0.0
2026-06-08 00:00:00+09:00,2386.0,2396.0,2294.5,2317.0,1100400,0.0,0.0
2026-06-09 00:00:00+09:00,2320.5,2325.0,2261.0,2284.0,1166000,0.0,0.0
2026-06-10 00:00:00+09:00,2277.5,2279.0,2178.5,2219.5,1107300,0.0,0.0
2026-06-11 00:00:00+09:00,2182.0,2243.0,2180.0,2243.0,1336000,0.0,0.0
2026-06-12 00:00:00+09:00,2235.0,2240.0,2185.0,2190.5,978400,0.0,0.0
2026-06-15 00:00:00+09:00,2176.0,2176.0,2137.5,2137.5,882800,0.0,0.0
2026-06-16 00:00:00+09:00,2137.0,2159.5,2115.5,2149.5,782000,0.0,0.0
2026-06-17 00:00:00+09:00,2150.0,2190.5,2150.0,2166.5,614000,0.0,0.0
2026-06-18 00:00:00+09:00,2155.5,2189.0,2129.5,2130.0,682100,0.0,0.0
2026-06-19 00:00:00+09:00,2096.0,2126.5,2078.0,2114.5,1926600,0.0,0.0
2026-06-22 00:00:00+09:00,2145.0,2213.5,2128.5,2180.5,1224000,0.0,0.0
2026-06-23 00:00:00+09:00,2150.0,2190.5,2120.5,2168.0,947900,0.0,0.0
2026-06-24 00:00:00+09:00,2157.0,2183.0,2145.5,2150.5,651300,0.0,0.0
2026-06-25 00:00:00+09:00,2172.5,2173.0,2143.0,2143.0,631000,0.0,0.0
2026-06-26 00:00:00+09:00,2103.5,2175.5,2101.0,2174.5,757800,0.0,0.0
2026-06-29 00:00:00+09:00,2182.0,2243.5,2179.0,2229.5,843000,0.0,0.0
2026-06-30 00:00:00+09:00,2229.5,2238.5,2178.5,2207.5,925500,0.0,0.0
2026-07-01 00:00:00+09:00,2215.0,2231.0,2197.0,2220.0,614100,0.0,0.0
2026-07-02 00:00:00+09:00,2266.0,2330.5,2247.5,2305.0,935700,0.0,0.0
2026-07-03 00:00:00+09:00,2355.0,2360.0,2310.0,2331.5,771500,0.0,0.0
2026-07-06 00:00:00+09:00,2337.0,2417.0,2328.5,2408.5,897500,0.0,0.0
2026-07-07 00:00:00+09:00,2397.5,2447.0,2384.0,2443.0,841300,0.0,0.0
2026-07-08 00:00:00+09:00,2493.0,2504.0,2414.5,2441.0,774500,0.0,0.0
2026-07-09 00:00:00+09:00,2431.0,2442.0,2399.0,2415.0,543200,0.0,0.0
2026-07-10 00:00:00+09:00,2405.0,2435.5,2397.5,2400.0,618200,0.0,0.0
2026-07-13 00:00:00+09:00,2411.0,2423.0,2396.5,2414.5,406700,0.0,0.0
2026-07-14 00:00:00+09:00,2442.5,2485.5,2420.5,2444.5,687700,0.0,0.0
2026-07-15 00:00:00+09:00,2492.0,2492.0,2416.5,2433.5,729600,0.0,0.0
2026-07-16 00:00:00+09:00,2440.0,2547.0,2399.0,2481.5,1475200,0.0,0.0
2026-07-17 00:00:00+09:00,2500.0,2532.0,2490.0,2508.5,843900,0.0,0.0
2026-07-21 00:00:00+09:00,2510.0,2558.5,2482.5,2500.0,865400,0.0,0.0
2026-07-22 00:00:00+09:00,2456.5,2475.0,2436.5,2460.0,701600,0.0,0.0
2026-07-23 00:00:00+09:00,2434.0,2460.0,2410.5,2431.0,722000,0.0,0.0
2026-07-24 00:00:00+09:00,2431.0,2533.0,2408.0,2520.0,1303300,0.0,0.0
2026-07-27 00:00:00+09:00,2556.0,2672.0,2541.5,2664.0,1292000,0.0,0.0
2026-07-28 00:00:00+09:00,2699.5,2783.0,2678.5,2750.0,1496800,0.0,0.0
2026-07-29 00:00:00+09:00,2787.5,2954.5,2764.5,2921.5,1973500,0.0,0.0
2026-07-30 00:00:00+09:00,2921.5,2972.0,2860.5,2910.5,1165000,0.0,0.0
2026-07-31 00:00:00+09:00,2710.5,2792.5,2692.0,2748.5,1563300,0.0,0.0
2026-08-03 00:00:00+09:00,2732.5,2747.5,2646.0,2730.0,1134400,0.0,0.0
2026-08-04 00:00:00+09:00,2750.0,2773.5,2689.0,2706.5,1026700,0.0,0.0
2026-08-05 00:00:00+09:00,2680.0,2688.0,2629.5,2648.0,947100,0.0,0.0
2026-08-06 00:00:00+09:00,2697.0,2728.5,2632.5,2714.5,1145200,0.0,0.0
2026-08-07 00:00:00+09:00,2750.0,2849.0,2675.5,2769.5,1740500,0.0,0.0
