Date,Open,High,Low,Close,Volume,Dividends,Stock Splits
2006-05-19 00:00:00+09:00,14150.0,15000.0,12050.0,12050.0,1089800,0.0,0.0
2006-05-22 00:00:00+09:00,12100.0,12350.0,10500.0,10500.0,851100,0.0,0.0
2006-05-23 00:00:00+09:00,10500.0,10550.0,9710.0,9920.0,537000,0.0,0.0
2006-05-24 00:00:00+09:00,10050.0,11400.0,10000.0,11400.0,1707900,0.0,0.0
2006-05-25 00:00:00+09:00,12050.0,12200.0,10100.0,10150.0,738900,0.0,0.0
2006-05-26 00:00:00+09:00,10500.0,11100.0,10100.0,10650.0,469100,0.0,0.0
2006-05-29 00:00:00+09:00,10550.0,10900.0,10300.0,10300.0,360600,0.0,0.0
2006-05-30 00:00:00+09:00,10200.0,10350.0,9700.0,9920.0,230300,0.0,0.0
2006-05-31 00:00:00+09:00,9920.0,9920.0,9920.0,9920.0,0,0.0,0.0
2006-06-01 00:00:00+09:00,9750.0,9900.0,8750.0,9290.0,314100,0.0,0.0
2006-06-02 00:00:00+09:00,9300.0,9590.0,8790.0,8790.0,423000,0.0,0.0
2006-06-05 00:00:00+09:00,8760.0,8970.0,8100.0,8120.0,243900,0.0,0.0
2006-06-07 00:00:00+09:00,7600.0,7770.0,7290.0,7310.0,258700,0.0,0.0
2006-06-08 00:00:00+09:00,7150.0,7500.0,6900.0,7300.0,180800,0.0,0.0
2006-06-09 00:00:00+09:00,7420.0,8390.0,7420.0,7950.0,413700,0.0,0.0
2006-06-12 00:00:00+09:00,7860.0,7900.0,7530.0,7670.0,93700,0.0,0.0
2006-06-13 00:00:00+09:00,7350.0,8080.0,7290.0,7810.0,162800,0.0,0.0
2006-06-14 00:00:00+09:00,7790.0,8580.0,7720.0,8350.0,123500,0.0,0.0
2006-06-15 00:00:00+09:00,8470.0,8560.0,8000.0,8130.0,77500,0.0,0.0
2006-06-16 00:00:00+09:00,8250.0,8550.0,8130.0,8130.0,80200,0.0,0.0
2006-06-19 00:00:00+09:00,8080.0,8090.0,7480.0,7530.0,95200,0.0,0.0
2006-06-20 00:00:00+09:00,7400.0,7520.0,7190.0,7250.0,70200,0.0,0.0
2006-06-21 00:00:00+09:00,7120.0,7380.0,7050.0,7100.0,55500,0.0,0.0
2006-06-22 00:00:00+09:00,7210.0,7460.0,6990.0,7000.0,80800,0.0,0.0
2006-06-23 00:00:00+09:00,6860.0,7150.0,6790.0,6890.0,60000,0.0,0.0
2006-06-26 00:00:00+09:00,6990.0,7920.0,6910.0,7850.0,389400,0.0,0.0
2006-06-27 00:00:00+09:00,7890.0,7890.0,7420.0,7640.0,150600,0.0,0.0
2006-06-28 00:00:00+09:00,7410.0,7580.0,7330.0,7580.0,52800,0.0,0.0
2006-06-29 00:00:00+09:00,7580.0,7740.0,7450.0,7450.0,57600,0.0,0.0
2006-06-30 00:00:00+09:00,7560.0,7650.0,7410.0,7450.0,88100,0.0,0.0
2006-07-03 00:00:00+09:00,7410.0,7500.0,7210.0,7210.0,81800,0.0,0.0
2006-07-04 00:00:00+09:00,7250.0,7390.0,7100.0,7180.0,126900,0.0,0.0
2006-07-05 00:00:00+09:00,6910.0,7240.0,6910.0,7140.0,75100,0.0,0.0
2006-07-06 00:00:00+09:00,7160.0,7900.0,7100.0,7600.0,210400,0.0,0.0
2006-07-07 00:00:00+09:00,7880.0,8320.0,7730.0,8000.0,268200,0.0,0.0
2006-07-10 00:00:00+09:00,8150.0,8150.0,7600.0,7800.0,80200,0.0,0.0
2006-07-11 00:00:00+09:00,7660.0,7700.0,7470.0,7600.0,87200,0.0,0.0
2006-07-12 00:00:00+09:00,7700.0,7890.0,7560.0,7790.0,81700,0.0,0.0
2006-07-13 00:00:00+09:00,7650.0,7780.0,7400.0,7640.0,65800,0.0,0.0
2006-07-14 00:00:00+09:00,7500.0,8000.0,7410.0,8000.0,70100,0.0,0.0
2006-07-18 00:00:00+09:00,8100.0,8470.0,8000.0,8180.0,114700,0.0,0.0
2006-07-19 00:00:00+09:00,8180.0,8210.0,7340.0,7490.0,283000,0.0,0.0
2006-07-20 00:00:00+09:00,7580.0,7750.0,7400.0,7750.0,114800,0.0,0.0
2006-07-21 00:00:00+09:00,7730.0,7900.0,7510.0,7900.0,33200,0.0,0.0
2006-07-24 00:00:00+09:00,7900.0,8360.0,7900.0,8020.0,94100,0.0,0.0
2006-07-25 00:00:00+09:00,8080.0,8250.0,7900.0,8040.0,67300,0.0,0.0
2006-07-26 00:00:00+09:00,8040.0,8270.0,7940.0,8040.0,35000,0.0,0.0
2006-07-27 00:00:00+09:00,8060.0,8450.0,8060.0,8200.0,66200,0.0,0.0
2006-07-28 00:00:00+09:00,8200.0,8700.0,8200.0,8400.0,168100,0.0,0.0
2006-07-31 00:00:00+09:00,8400.0,8500.0,8000.0,8000.0,107000,0.0,0.0
2006-08-01 00:00:00+09:00,7920.0,8190.0,7920.0,7970.0,44700,0.0,0.0
2006-08-02 00:00:00+09:00,7900.0,8220.0,7900.0,8180.0,46800,0.0,0.0
2006-08-03 00:00:00+09:00,8180.0,8500.0,8180.0,8500.0,73200,0.0,0.0
2006-08-04 00:00:00+09:00,8540.0,9140.0,8540.0,8670.0,167500,0.0,0.0
2006-08-07 00:00:00+09:00,9150.0,9280.0,8600.0,8600.0,245300,0.0,0.0
2006-08-08 00:00:00+09:00,8690.0,8700.0,8430.0,8620.0,73600,0.0,0.0
2006-08-09 00:00:00+09:00,8540.0,8890.0,8540.0,8790.0,82400,0.0,0.0
2006-08-10 00:00:00+09:00,8720.0,9490.0,8720.0,9480.0,203900,0.0,0.0
2006-08-11 00:00:00+09:00,9890.0,10300.0,9150.0,9240.0,416600,0.0,0.0
2006-08-14 00:00:00+09:00,9410.0,9480.0,9150.0,9320.0,165800,0.0,0.0
2006-08-16 00:00:00+09:00,9440.0,9470.0,9200.0,9250.0,87600,0.0,0.0
2006-08-17 00:00:00+09:00,9300.0,9450.0,9110.0,9210.0,174300,0.0,0.0
2006-08-18 00:00:00+09:00,9210.0,9430.0,9210.0,9250.0,82100,0.0,0.0
2006-08-21 00:00:00+09:00,9260.0,9810.0,9250.0,9400.0,264100,0.0,0.0
2006-08-22 00:00:00+09:00,9500.0,9670.0,9300.0,9400.0,242800,0.0,0.0
2006-08-23 00:00:00+09:00,9400.0,9400.0,9240.0,9390.0,77200,0.0,0.0
2006-08-24 00:00:00+09:00,9350.0,9420.0,9180.0,9330.0,181300,0.0,0.0
2006-08-25 00:00:00+09:00,9270.0,9680.0,9270.0,9650.0,201100,0.0,0.0
2006-08-28 00:00:00+09:00,9700.0,11050.0,9700.0,10950.0,1192600,0.0,0.0
2006-08-29 00:00:00+09:00,11500.0,12550.0,11450.0,11950.0,3552600,0.0,0.0
2006-08-30 00:00:00+09:00,12100.0,12150.0,11500.0,11750.0,523900,0.0,0.0
2006-08-31 00:00:00+09:00,12250.0,12650.0,11400.0,11400.0,1365800,0.0,0.0
2006-09-01 00:00:00+09:00,11400.0,11700.0,10950.0,11450.0,462700,0.0,0.0
2006-09-04 00:00:00+09:00,11500.0,11700.0,11050.0,11200.0,469900,0.0,0.0
2006-09-05 00:00:00+09:00,11300.0,12000.0,11050.0,12000.0,788900,0.0,0.0
2006-09-06 00:00:00+09:00,12050.0,12200.0,11650.0,12200.0,460000,0.0,0.0
2006-09-07 00:00:00+09:00,12100.0,12850.0,11950.0,12300.0,1028200,0.0,0.0
2006-09-08 00:00:00+09:00,12300.0,12350.0,11650.0,12300.0,433200,0.0,0.0
2006-09-11 00:00:00+09:00,12550.0,12850.0,11800.0,11800.0,435700,0.0,0.0
2006-09-12 00:00:00+09:00,11500.0,11700.0,11100.0,11350.0,454200,0.0,0.0
2006-09-13 00:00:00+09:00,11450.0,11950.0,11250.0,11800.0,452400,0.0,0.0
2006-09-14 00:00:00+09:00,11850.0,12100.0,11500.0,11700.0,338000,0.0,0.0
2006-09-15 00:00:00+09:00,11750.0,12000.0,11350.0,11800.0,271300,0.0,0.0
2006-09-18 00:00:00+09:00,11950.0,12050.0,11700.0,11900.0,242700,0.0,0.0
2006-09-19 00:00:00+09:00,11800.0,12250.0,11600.0,12200.0,322300,0.0,0.0
2006-09-20 00:00:00+09:00,12300.0,13200.0,12150.0,13050.0,887000,0.0,0.0
2006-09-21 00:00:00+09:00,13300.0,13750.0,12900.0,13350.0,968900,0.0,0.0
2006-09-22 00:00:00+09:00,13200.0,13550.0,12900.0,13500.0,426900,0.0,0.0
2006-09-25 00:00:00+09:00,13400.0,13650.0,12600.0,12700.0,443100,0.0,0.0
2006-09-26 00:00:00+09:00,12850.0,13000.0,12200.0,12650.0,505300,0.0,0.0
2006-09-27 00:00:00+09:00,12900.0,14500.0,12650.0,14300.0,1122600,0.0,0.0
2006-09-28 00:00:00+09:00,14050.0,14150.0,13550.0,13800.0,433300,0.0,0.0
2006-09-29 00:00:00+09:00,13850.0,14450.0,13500.0,14300.0,569300,0.0,0.0
2006-10-02 00:00:00+09:00,14100.0,14650.0,13500.0,13600.0,390200,0.0,0.0
2006-10-04 00:00:00+09:00,13500.0,13550.0,12750.0,12800.0,409100,0.0,0.0
2006-10-09 00:00:00+09:00,12700.0,13250.0,10900.0,10900.0,774900,0.0,0.0
2006-10-10 00:00:00+09:00,10900.0,11900.0,10900.0,11650.0,487200,0.0,0.0
2006-10-11 00:00:00+09:00,11650.0,12250.0,11350.0,11950.0,403300,0.0,0.0
2006-10-12 00:00:00+09:00,11850.0,13400.0,11850.0,12700.0,650500,0.0,0.0
2006-10-13 00:00:00+09:00,13150.0,13200.0,12550.0,12750.0,217100,0.0,0.0
2006-10-16 00:00:00+09:00,12950.0,13050.0,12550.0,12700.0,143000,0.0,0.0
2006-10-17 00:00:00+09:00,12750.0,13300.0,12250.0,12900.0,466500,0.0,0.0
2006-10-18 00:00:00+09:00,12900.0,12900.0,12300.0,12800.0,236000,0.0,0.0
2006-10-19 00:00:00+09:00,12900.0,13200.0,12550.0,12650.0,348300,0.0,0.0
2006-10-20 00:00:00+09:00,12650.0,12850.0,12150.0,12150.0,261900,0.0,0.0
2006-10-23 00:00:00+09:00,12350.0,12350.0,11500.0,11800.0,242300,0.0,0.0
2006-10-24 00:00:00+09:00,11900.0,12100.0,11600.0,12050.0,180400,0.0,0.0
2006-10-25 00:00:00+09:00,12200.0,12500.0,11650.0,11850.0,219100,0.0,0.0
2006-10-26 00:00:00+09:00,12050.0,12150.0,11700.0,11900.0,107400,0.0,0.0
2006-10-27 00:00:00+09:00,12050.0,12200.0,11700.0,12000.0,127800,0.0,0.0
2006-10-30 00:00:00+09:00,11850.0,12100.0,11850.0,11850.0,62000,0.0,0.0
2006-10-31 00:00:00+09:00,11800.0,12200.0,11800.0,11950.0,175500,0.0,0.0
2006-11-01 00:00:00+09:00,12200.0,12500.0,11950.0,12400.0,158900,0.0,0.0
2006-11-02 00:00:00+09:00,12400.0,13450.0,12400.0,13450.0,320500,0.0,0.0
2006-11-03 00:00:00+09:00,13400.0,15450.0,13300.0,14750.0,802500,0.0,0.0
2006-11-06 00:00:00+09:00,14900.0,15300.0,14500.0,14950.0,378300,0.0,0.0
2006-11-07 00:00:00+09:00,15000.0,15700.0,14700.0,14850.0,552900,0.0,0.0
2006-11-08 00:00:00+09:00,14950.0,16300.0,14800.0,15200.0,659000,0.0,0.0
2006-11-09 00:00:00+09:00,15350.0,15850.0,14300.0,14800.0,537800,0.0,0.0
2006-11-10 00:00:00+09:00,15300.0,16000.0,14900.0,15600.0,592400,0.0,0.0
2006-11-13 00:00:00+09:00,15500.0,16000.0,15300.0,15450.0,209100,0.0,0.0
2006-11-14 00:00:00+09:00,15450.0,17750.0,15400.0,17750.0,1374600,0.0,0.0
2006-11-15 00:00:00+09:00,17700.0,19250.0,17400.0,18350.0,1197600,0.0,0.0
2006-11-16 00:00:00+09:00,18650.0,19050.0,18000.0,18450.0,539600,0.0,0.0
2006-11-17 00:00:00+09:00,18650.0,19200.0,18000.0,18600.0,469100,0.0,0.0
2006-11-20 00:00:00+09:00,18550.0,18550.0,17150.0,17400.0,416900,0.0,0.0
2006-11-21 00:00:00+09:00,17450.0,17850.0,16900.0,17450.0,429300,0.0,0.0
2006-11-22 00:00:00+09:00,17500.0,17500.0,17000.0,17450.0,251400,0.0,0.0
2006-11-23 00:00:00+09:00,17200.0,17550.0,17000.0,17000.0,192600,0.0,0.0
2006-11-24 00:00:00+09:00,16800.0,17500.0,16300.0,17250.0,276200,0.0,0.0
2006-11-27 00:00:00+09:00,17050.0,17500.0,16850.0,17400.0,144300,0.0,0.0
2006-11-28 00:00:00+09:00,16900.0,17400.0,16700.0,17400.0,211700,0.0,0.0
2006-11-29 00:00:00+09:00,17250.0,17700.0,17000.0,17500.0,196600,0.0,0.0
2006-11-30 00:00:00+09:00,17700.0,17750.0,17300.0,17650.0,144000,0.0,0.0
2006-12-01 00:00:00+09:00,17500.0,17900.0,17300.0,17300.0,182500,0.0,0.0
2006-12-04 00:00:00+09:00,17100.0,17250.0,16650.0,16700.0,125100,0.0,0.0
2006-12-05 00:00:00+09:00,16700.0,17600.0,16500.0,17600.0,245500,0.0,0.0
2006-12-06 00:00:00+09:00,17400.0,17650.0,16900.0,16900.0,150900,0.0,0.0
2006-12-07 00:00:00+09:00,16900.0,17350.0,16800.0,16900.0,100500,0.0,0.0
2006-12-08 00:00:00+09:00,16650.0,17250.0,16600.0,16600.0,115300,0.0,0.0
2006-12-11 00:00:00+09:00,16500.0,16750.0,16150.0,16300.0,103900,0.0,0.0
2006-12-12 00:00:00+09:00,16300.0,16300.0,15350.0,15600.0,134300,0.0,0.0
2006-12-13 00:00:00+09:00,15200.0,15750.0,15200.0,15550.0,74700,0.0,0.0
2006-12-14 00:00:00+09:00,15600.0,16500.0,15600.0,16300.0,103700,0.0,0.0
2006-12-15 00:00:00+09:00,16600.0,16600.0,16200.0,16200.0,44000,0.0,0.0
2006-12-18 00:00:00+09:00,16300.0,16800.0,16200.0,16300.0,89300,0.0,0.0
2006-12-19 00:00:00+09:00,16450.0,16450.0,16100.0,16150.0,49400,0.0,0.0
2006-12-20 00:00:00+09:00,16450.0,16450.0,15750.0,15950.0,50900,0.0,0.0
2006-12-21 00:00:00+09:00,15900.0,16150.0,15300.0,15350.0,113600,0.0,0.0
2006-12-22 00:00:00+09:00,15350.0,15400.0,14750.0,14950.0,121300,0.0,0.0
2006-12-26 00:00:00+09:00,15000.0,15100.0,13950.0,14100.0,123000,0.0,0.0
2006-12-27 00:00:00+09:00,14150.0,14650.0,14000.0,14350.0,54600,0.0,0.0
2006-12-28 00:00:00+09:00,14400.0,15150.0,14350.0,14900.0,106300,0.0,0.0
2007-01-02 00:00:00+09:00,14750.0,15100.0,14500.0,14750.0,57000,0.0,0.0
2007-01-03 00:00:00+09:00,14700.0,14950.0,14400.0,14700.0,135600,0.0,0.0
2007-01-04 00:00:00+09:00,14600.0,14900.0,14150.0,14300.0,65600,0.0,0.0
2007-01-05 00:00:00+09:00,14250.0,14400.0,13200.0,13700.0,185700,0.0,0.0
2007-01-08 00:00:00+09:00,13600.0,14200.0,13200.0,13500.0,116400,0.0,0.0
2007-01-09 00:00:00+09:00,13750.0,13750.0,12900.0,12900.0,119400,0.0,0.0
2007-01-10 00:00:00+09:00,13050.0,13050.0,12400.0,12550.0,161500,0.0,0.0
2007-01-11 00:00:00+09:00,12700.0,13800.0,12700.0,13700.0,200700,0.0,0.0
2007-01-12 00:00:00+09:00,13500.0,14000.0,13150.0,13350.0,172300,0.0,0.0
2007-01-15 00:00:00+09:00,13200.0,13350.0,12550.0,12700.0,122500,0.0,0.0
2007-01-16 00:00:00+09:00,12750.0,12950.0,12500.0,12700.0,50100,0.0,0.0
2007-01-17 00:00:00+09:00,12500.0,13250.0,12500.0,12800.0,116000,0.0,0.0
2007-01-18 00:00:00+09:00,12650.0,13000.0,12400.0,12500.0,113800,0.0,0.0
2007-01-19 00:00:00+09:00,12500.0,12650.0,11450.0,11750.0,186300,0.0,0.0
2007-01-22 00:00:00+09:00,11700.0,11850.0,10700.0,11000.0,277800,0.0,0.0
2007-01-23 00:00:00+09:00,10700.0,11250.0,10200.0,10500.0,186800,0.0,0.0
2007-01-24 00:00:00+09:00,10650.0,11150.0,10600.0,10850.0,229900,0.0,0.0
2007-01-25 00:00:00+09:00,11050.0,11250.0,10700.0,10700.0,117900,0.0,0.0
2007-01-26 00:00:00+09:00,10550.0,10700.0,9990.0,10450.0,206000,0.0,0.0
2007-01-29 00:00:00+09:00,10400.0,10800.0,10150.0,10500.0,250000,0.0,0.0
2007-01-30 00:00:00+09:00,10600.0,10600.0,9970.0,10000.0,304900,0.0,0.0
2007-01-31 00:00:00+09:00,10050.0,10150.0,9530.0,9870.0,270900,0.0,0.0
2007-02-01 00:00:00+09:00,9980.0,10150.0,9100.0,9640.0,650000,0.0,0.0
2007-02-02 00:00:00+09:00,9500.0,9750.0,9370.0,9730.0,161600,0.0,0.0
2007-02-05 00:00:00+09:00,9980.0,10350.0,9860.0,10050.0,220300,0.0,0.0
2007-02-06 00:00:00+09:00,10050.0,10050.0,9500.0,9650.0,192100,0.0,0.0
2007-02-07 00:00:00+09:00,9800.0,9800.0,9500.0,9650.0,133500,0.0,0.0
2007-02-08 00:00:00+09:00,9610.0,9760.0,9300.0,9390.0,217100,0.0,0.0
2007-02-09 00:00:00+09:00,9430.0,9470.0,9100.0,9160.0,116100,0.0,0.0
2007-02-12 00:00:00+09:00,9120.0,9640.0,8900.0,9640.0,268800,0.0,0.0
2007-02-13 00:00:00+09:00,9880.0,11050.0,9800.0,11050.0,726200,0.0,0.0
2007-02-14 00:00:00+09:00,11650.0,12700.0,11550.0,12600.0,1712700,0.0,0.0
2007-02-15 00:00:00+09:00,12700.0,12700.0,11450.0,11450.0,623000,0.0,0.0
2007-02-16 00:00:00+09:00,11600.0,12650.0,11600.0,11850.0,727300,0.0,0.0
2007-02-20 00:00:00+09:00,11900.0,12500.0,11350.0,11900.0,512900,0.0,0.0
2007-02-21 00:00:00+09:00,12000.0,12200.0,11400.0,11400.0,281700,0.0,0.0
2007-02-22 00:00:00+09:00,11450.0,11750.0,11000.0,11200.0,236200,0.0,0.0
2007-02-23 00:00:00+09:00,11200.0,11750.0,11100.0,11400.0,261700,0.0,0.0
2007-02-26 00:00:00+09:00,11550.0,12100.0,11400.0,11600.0,455400,0.0,0.0
2007-02-27 00:00:00+09:00,11650.0,11750.0,11100.0,11100.0,221300,0.0,0.0
2007-02-28 00:00:00+09:00,10250.0,10500.0,9610.0,10200.0,439300,0.0,0.0
2007-03-01 00:00:00+09:00,10200.0,10200.0,10200.0,10200.0,0,0.0,0.0
2007-03-05 00:00:00+09:00,9910.0,10050.0,9470.0,9510.0,240700,0.0,0.0
2007-03-06 00:00:00+09:00,9550.0,9970.0,9550.0,9870.0,209300,0.0,0.0
2007-03-07 00:00:00+09:00,9980.0,10000.0,9670.0,9680.0,189700,0.0,0.0
2007-03-08 00:00:00+09:00,9610.0,10100.0,9610.0,10100.0,297600,0.0,0.0
2007-03-09 00:00:00+09:00,10250.0,10500.0,10000.0,10200.0,234400,0.0,0.0
2007-03-12 00:00:00+09:00,10250.0,10650.0,10200.0,10400.0,197200,0.0,0.0
2007-03-13 00:00:00+09:00,10450.0,10450.0,9980.0,10100.0,161500,0.0,0.0
2007-03-14 00:00:00+09:00,9900.0,10250.0,9830.0,10150.0,180900,0.0,0.0
2007-03-15 00:00:00+09:00,10300.0,10350.0,10050.0,10250.0,116000,0.0,0.0
2007-03-16 00:00:00+09:00,10250.0,10300.0,10000.0,10050.0,112400,0.0,0.0
2007-03-19 00:00:00+09:00,10100.0,11500.0,10100.0,11100.0,496400,0.0,0.0
2007-03-20 00:00:00+09:00,11050.0,11300.0,10800.0,11000.0,259700,0.0,0.0
2007-03-21 00:00:00+09:00,10900.0,11350.0,10700.0,11200.0,273800,0.0,0.0
2007-03-22 00:00:00+09:00,11300.0,11350.0,10850.0,10900.0,171500,0.0,0.0
2007-03-23 00:00:00+09:00,11100.0,11150.0,10650.0,10650.0,142000,0.0,0.0
2007-03-26 00:00:00+09:00,10650.0,10900.0,10650.0,10800.0,104600,0.0,0.0
2007-03-27 00:00:00+09:00,10800.0,11500.0,10600.0,11250.0,357200,0.0,0.0
2007-03-28 00:00:00+09:00,11200.0,12700.0,11200.0,11800.0,861400,0.0,0.0
2007-03-29 00:00:00+09:00,12050.0,12350.0,11650.0,11650.0,309600,0.0,0.0
2007-03-30 00:00:00+09:00,11800.0,12000.0,11650.0,11650.0,175300,0.0,0.0
2007-04-02 00:00:00+09:00,11800.0,12350.0,11750.0,12300.0,296900,0.0,0.0
2007-04-03 00:00:00+09:00,12600.0,13000.0,12300.0,12300.0,354000,0.0,0.0
2007-04-04 00:00:00+09:00,12450.0,12500.0,12100.0,12300.0,144800,0.0,0.0
2007-04-05 00:00:00+09:00,12450.0,12450.0,11850.0,11900.0,165200,0.0,0.0
2007-04-06 00:00:00+09:00,12000.0,12200.0,11750.0,12000.0,118700,0.0,0.0
2007-04-09 00:00:00+09:00,12200.0,12650.0,12150.0,12400.0,263000,0.0,0.0
2007-04-10 00:00:00+09:00,12350.0,12550.0,12000.0,12100.0,106100,0.0,0.0
2007-04-11 00:00:00+09:00,12250.0,12350.0,12000.0,12150.0,153700,0.0,0.0
2007-04-12 00:00:00+09:00,12000.0,12200.0,11800.0,12050.0,176500,0.0,0.0
2007-04-13 00:00:00+09:00,12050.0,13050.0,12000.0,12700.0,438100,0.0,0.0
2007-04-16 00:00:00+09:00,13000.0,13300.0,12700.0,12900.0,246100,0.0,0.0
2007-04-17 00:00:00+09:00,13200.0,13750.0,12900.0,13600.0,438600,0.0,0.0
2007-04-18 00:00:00+09:00,14100.0,15050.0,13600.0,13650.0,1122200,0.0,0.0
2007-04-19 00:00:00+09:00,13700.0,14000.0,13050.0,13350.0,259500,0.0,0.0
2007-04-20 00:00:00+09:00,13250.0,14150.0,13250.0,14100.0,301900,0.0,0.0
2007-04-23 00:00:00+09:00,14100.0,14400.0,13700.0,13800.0,232400,0.0,0.0
2007-04-24 00:00:00+09:00,13900.0,14000.0,13450.0,13700.0,158300,0.0,0.0
2007-04-25 00:00:00+09:00,13750.0,13900.0,13300.0,13450.0,158400,0.0,0.0
2007-04-26 00:00:00+09:00,13600.0,14150.0,13400.0,13800.0,273900,0.0,0.0
2007-04-27 00:00:00+09:00,13800.0,13950.0,13450.0,13650.0,142000,0.0,0.0
2007-04-30 00:00:00+09:00,13650.0,14450.0,13550.0,14250.0,384600,0.0,0.0
2007-05-02 00:00:00+09:00,14800.0,16350.0,14700.0,16350.0,1108400,0.0,0.0
2007-05-03 00:00:00+09:00,16650.0,16950.0,15900.0,16300.0,522200,0.0,0.0
2007-05-04 00:00:00+09:00,16700.0,16750.0,15850.0,16050.0,354600,0.0,0.0
2007-05-07 00:00:00+09:00,16050.0,16500.0,15950.0,16000.0,301300,0.0,0.0
2007-05-08 00:00:00+09:00,16300.0,16450.0,16000.0,16100.0,180300,0.0,0.0
2007-05-09 00:00:00+09:00,16200.0,18000.0,16200.0,17000.0,673600,0.0,0.0
2007-05-10 00:00:00+09:00,17250.0,17250.0,16800.0,17050.0,162800,0.0,0.0
2007-05-11 00:00:00+09:00,17000.0,18350.0,16550.0,18350.0,352900,0.0,0.0
2007-05-14 00:00:00+09:00,18500.0,19100.0,17950.0,18350.0,425300,0.0,0.0
2007-05-15 00:00:00+09:00,18350.0,18350.0,16700.0,17300.0,264700,0.0,0.0
2007-05-16 00:00:00+09:00,17550.0,18300.0,17550.0,18200.0,188200,0.0,0.0
2007-05-17 00:00:00+09:00,18700.0,20350.0,18400.0,20000.0,517400,0.0,0.0
2007-05-18 00:00:00+09:00,20000.0,20000.0,19100.0,19500.0,192900,0.0,0.0
2007-05-21 00:00:00+09:00,19300.0,20300.0,18850.0,20050.0,206900,0.0,0.0
2007-05-22 00:00:00+09:00,20000.0,20000.0,18750.0,18850.0,304600,0.0,0.0
2007-05-23 00:00:00+09:00,18900.0,18900.0,17900.0,18100.0,415600,0.0,0.0
2007-05-25 00:00:00+09:00,17800.0,18750.0,17550.0,18400.0,302700,0.0,0.0
2007-05-28 00:00:00+09:00,18800.0,18800.0,17950.0,18450.0,161200,0.0,0.0
2007-05-29 00:00:00+09:00,18500.0,18500.0,17950.0,18500.0,196300,0.0,0.0
2007-05-30 00:00:00+09:00,18750.0,21250.0,18750.0,21250.0,884600,0.0,0.0
2007-05-31 00:00:00+09:00,21900.0,22500.0,21200.0,21750.0,484300,0.0,0.0
2007-06-01 00:00:00+09:00,22500.0,24600.0,22500.0,23000.0,438400,0.0,0.0
2007-06-04 00:00:00+09:00,23900.0,24400.0,22950.0,23500.0,193400,0.0,0.0
2007-06-05 00:00:00+09:00,23050.0,23900.0,23000.0,23500.0,141200,0.0,0.0
2007-06-07 00:00:00+09:00,23100.0,24800.0,22600.0,24750.0,229900,0.0,0.0
2007-06-08 00:00:00+09:00,24100.0,24800.0,23850.0,24500.0,164200,0.0,0.0
2007-06-11 00:00:00+09:00,24850.0,24850.0,23900.0,24000.0,125500,0.0,0.0
2007-06-12 00:00:00+09:00,23800.0,24250.0,23050.0,23850.0,119400,0.0,0.0
2007-06-13 00:00:00+09:00,23600.0,24100.0,23300.0,23450.0,77000,0.0,0.0
2007-06-14 00:00:00+09:00,23750.0,26950.0,23400.0,26950.0,370300,0.0,0.0
2007-06-15 00:00:00+09:00,28200.0,29600.0,27250.0,28350.0,353000,0.0,0.0
2007-06-18 00:00:00+09:00,28700.0,29550.0,28550.0,28750.0,208800,0.0,0.0
2007-06-19 00:00:00+09:00,29100.0,31650.0,28400.0,29550.0,219500,0.0,0.0
2007-06-20 00:00:00+09:00,29600.0,30450.0,28550.0,29700.0,122000,0.0,0.0
2007-06-21 00:00:00+09:00,29550.0,30050.0,29100.0,29900.0,110700,0.0,0.0
2007-06-22 00:00:00+09:00,30200.0,32800.0,30000.0,32650.0,278800,0.0,0.0
2007-06-25 00:00:00+09:00,33700.0,34850.0,32550.0,33000.0,337200,0.0,0.0
2007-06-26 00:00:00+09:00,33650.0,33650.0,28050.0,31900.0,308600,0.0,0.0
2007-06-27 00:00:00+09:00,31900.0,32550.0,28750.0,29600.0,157900,0.0,0.0
2007-06-28 00:00:00+09:00,31400.0,32600.0,30850.0,31100.0,244100,0.0,0.0
2007-06-29 00:00:00+09:00,31800.0,31800.0,30000.0,30800.0,117600,0.0,0.0
2007-07-02 00:00:00+09:00,30350.0,31000.0,30000.0,30900.0,74100,0.0,0.0
2007-07-03 00:00:00+09:00,31350.0,35450.0,31350.0,34800.0,289500,0.0,0.0
2007-07-04 00:00:00+09:00,35300.0,39500.0,35050.0,39300.0,458700,0.0,0.0
2007-07-05 00:00:00+09:00,40000.0,40200.0,37300.0,38000.0,234100,0.0,0.0
2007-07-06 00:00:00+09:00,38000.0,38900.0,36500.0,38000.0,194400,0.0,0.0
2007-07-09 00:00:00+09:00,39500.0,39800.0,36200.0,37400.0,192300,0.0,0.0
2007-07-10 00:00:00+09:00,37900.0,38000.0,34700.0,36800.0,128300,0.0,0.0
2007-07-11 00:00:00+09:00,36500.0,42300.0,35500.0,42300.0,476200,0.0,0.0
2007-07-12 00:00:00+09:00,43800.0,43900.0,40650.0,42300.0,245500,0.0,0.0
2007-07-13 00:00:00+09:00,41800.0,42950.0,40300.0,42300.0,173300,0.0,0.0
2007-07-16 00:00:00+09:00,42800.0,42850.0,40250.0,40400.0,162600,0.0,0.0
2007-07-18 00:00:00+09:00,40500.0,41300.0,38600.0,40400.0,138200,0.0,0.0
2007-07-19 00:00:00+09:00,40000.0,40950.0,39150.0,39500.0,86400,0.0,0.0
2007-07-20 00:00:00+09:00,39700.0,40100.0,38000.0,38850.0,168500,0.0,0.0
2007-07-23 00:00:00+09:00,38850.0,39800.0,37550.0,37900.0,163600,0.0,0.0
2007-07-24 00:00:00+09:00,38000.0,38250.0,35000.0,37200.0,234200,0.0,0.0
2007-07-25 00:00:00+09:00,36950.0,39850.0,35900.0,39150.0,254900,0.0,0.0
2007-07-26 00:00:00+09:00,39000.0,42000.0,36550.0,38000.0,375600,0.0,0.0
2007-07-27 00:00:00+09:00,37000.0,39900.0,35600.0,38750.0,176500,0.0,0.0
2007-07-30 00:00:00+09:00,38800.0,40600.0,38800.0,40050.0,129900,0.0,0.0
2007-07-31 00:00:00+09:00,41250.0,45000.0,40600.0,40800.0,372700,0.0,0.0
2007-08-01 00:00:00+09:00,41000.0,42900.0,40000.0,41000.0,213100,0.0,0.0
2007-08-02 00:00:00+09:00,42400.0,43100.0,39500.0,41000.0,179900,0.0,0.0
2007-08-03 00:00:00+09:00,41900.0,42000.0,40200.0,40500.0,86000,0.0,0.0
2007-08-06 00:00:00+09:00,39900.0,41700.0,39600.0,41000.0,125000,0.0,0.0
2007-08-07 00:00:00+09:00,41900.0,42400.0,40700.0,42400.0,172500,0.0,0.0
2007-08-08 00:00:00+09:00,43400.0,44500.0,42750.0,43200.0,134800,0.0,0.0
2007-08-09 00:00:00+09:00,43550.0,44250.0,43000.0,43600.0,127800,0.0,0.0
2007-08-10 00:00:00+09:00,42900.0,46000.0,42500.0,45500.0,132300,0.0,0.0
2007-08-13 00:00:00+09:00,45500.0,45500.0,45500.0,45500.0,0,0.0,0.0
2007-08-14 00:00:00+09:00,45000.0,45600.0,41000.0,41000.0,72500,0.0,0.0
2007-08-16 00:00:00+09:00,39000.0,39000.0,35250.0,36550.0,115800,0.0,0.0
2007-08-17 00:00:00+09:00,37000.0,39050.0,36700.0,38850.0,83100,0.0,0.0
2007-08-20 00:00:00+09:00,41000.0,42700.0,40700.0,42450.0,89400,0.0,0.0
2007-08-21 00:00:00+09:00,43000.0,43450.0,41300.0,41700.0,71900,0.0,0.0
2007-08-22 00:00:00+09:00,42000.0,42000.0,40900.0,41200.0,49700,0.0,0.0
2007-08-23 00:00:00+09:00,42000.0,42300.0,40700.0,40800.0,72900,0.0,0.0
2007-08-24 00:00:00+09:00,41200.0,42000.0,40800.0,40900.0,53000,0.0,0.0
2007-08-27 00:00:00+09:00,41700.0,41900.0,40100.0,40100.0,46600,0.0,0.0
2007-08-28 00:00:00+09:00,40100.0,40400.0,38850.0,39100.0,76100,0.0,0.0
2007-08-29 00:00:00+09:00,37000.0,38500.0,36900.0,38050.0,61800,0.0,0.0
2007-08-30 00:00:00+09:00,40200.0,40200.0,38800.0,39150.0,62500,0.0,0.0
2007-08-31 00:00:00+09:00,39200.0,40500.0,39200.0,40100.0,48600,0.0,0.0
2007-09-03 00:00:00+09:00,40800.0,41950.0,40400.0,41500.0,52400,0.0,0.0
2007-09-04 00:00:00+09:00,42000.0,42000.0,40200.0,40300.0,36100,0.0,0.0
2007-09-05 00:00:00+09:00,40600.0,40800.0,39050.0,39250.0,46400,0.0,0.0
2007-09-06 00:00:00+09:00,39100.0,39700.0,38700.0,39350.0,22700,0.0,0.0
2007-09-07 00:00:00+09:00,39250.0,40050.0,39000.0,39700.0,22200,0.0,0.0
2007-09-10 00:00:00+09:00,38400.0,38600.0,37750.0,38150.0,31400,0.0,0.0
2007-09-11 00:00:00+09:00,38050.0,39400.0,38050.0,39400.0,21300,0.0,0.0
2007-09-12 00:00:00+09:00,40550.0,40550.0,38300.0,38500.0,23000,0.0,0.0
2007-09-13 00:00:00+09:00,38000.0,39100.0,38000.0,39000.0,19300,0.0,0.0
2007-09-14 00:00:00+09:00,39000.0,40500.0,39000.0,40500.0,43200,0.0,0.0
2007-09-17 00:00:00+09:00,38200.0,38450.0,37250.0,37500.0,43900,0.0,0.0
2007-09-18 00:00:00+09:00,38200.0,38200.0,34600.0,36400.0,72200,0.0,0.0
2007-09-19 00:00:00+09:00,36800.0,37500.0,35800.0,35850.0,53600,0.0,0.0
2007-09-20 00:00:00+09:00,35150.0,36850.0,33850.0,35000.0,69600,0.0,0.0
2007-09-21 00:00:00+09:00,35000.0,36100.0,34650.0,35600.0,44600,0.0,0.0
2007-09-27 00:00:00+09:00,36500.0,36650.0,35250.0,36200.0,32000,0.0,0.0
2007-09-28 00:00:00+09:00,35500.0,36700.0,35500.0,36200.0,27300,0.0,0.0
2007-10-01 00:00:00+09:00,36500.0,36500.0,35300.0,35800.0,38100,0.0,0.0
2007-10-02 00:00:00+09:00,36750.0,41150.0,36300.0,41150.0,241100,0.0,0.0
2007-10-04 00:00:00+09:00,42500.0,43700.0,39850.0,41150.0,267400,0.0,0.0
2007-10-05 00:00:00+09:00,40700.0,45800.0,40600.0,43400.0,352900,0.0,0.0
2007-10-08 00:00:00+09:00,44100.0,48500.0,43500.0,48000.0,245000,0.0,0.0
2007-10-09 00:00:00+09:00,49000.0,49000.0,44150.0,46500.0,189500,0.0,0.0
2007-10-10 00:00:00+09:00,46500.0,46500.0,44500.0,44950.0,113000,0.0,0.0
2007-10-11 00:00:00+09:00,44000.0,47600.0,42800.0,43500.0,165100,0.0,0.0
2007-10-12 00:00:00+09:00,44000.0,45550.0,43050.0,44400.0,103100,0.0,0.0
2007-10-15 00:00:00+09:00,45000.0,46300.0,43400.0,43400.0,98100,0.0,0.0
2007-10-16 00:00:00+09:00,44000.0,44000.0,36900.0,42450.0,141900,0.0,0.0
2007-10-17 00:00:00+09:00,42000.0,42000.0,40000.0,41300.0,61500,0.0,0.0
2007-10-18 00:00:00+09:00,43300.0,43800.0,41700.0,42350.0,62000,0.0,0.0
2007-10-19 00:00:00+09:00,42850.0,44700.0,41500.0,42450.0,66800,0.0,0.0
2007-10-22 00:00:00+09:00,39700.0,40900.0,39050.0,39400.0,94600,0.0,0.0
2007-10-23 00:00:00+09:00,41300.0,41300.0,39400.0,40300.0,58800,0.0,0.0
2007-10-24 00:00:00+09:00,40500.0,40500.0,38250.0,38500.0,99400,0.0,0.0
2007-10-25 00:00:00+09:00,38550.0,40100.0,38550.0,39450.0,53300,0.0,0.0
2007-10-26 00:00:00+09:00,39450.0,42500.0,38700.0,41500.0,102500,0.0,0.0
2007-10-29 00:00:00+09:00,42900.0,45750.0,41700.0,44800.0,187600,0.0,0.0
2007-10-30 00:00:00+09:00,45450.0,45550.0,42700.0,42700.0,82500,0.0,0.0
2007-10-31 00:00:00+09:00,44000.0,45000.0,42800.0,43100.0,70600,0.0,0.0
2007-11-01 00:00:00+09:00,44800.0,44800.0,42700.0,43500.0,54500,0.0,0.0
2007-11-02 00:00:00+09:00,41400.0,43250.0,41300.0,42100.0,57900,0.0,0.0
2007-11-05 00:00:00+09:00,43050.0,43350.0,41500.0,42500.0,56300,0.0,0.0
2007-11-06 00:00:00+09:00,42550.0,43850.0,41700.0,42450.0,51100,0.0,0.0
2007-11-07 00:00:00+09:00,42100.0,42450.0,40250.0,41000.0,122200,0.0,0.0
2007-11-08 00:00:00+09:00,42100.0,42900.0,41300.0,41800.0,75600,0.0,0.0
2007-11-09 00:00:00+09:00,41950.0,42500.0,41200.0,41400.0,53000,0.0,0.0
2007-11-12 00:00:00+09:00,41000.0,41900.0,40250.0,41200.0,57900,0.0,0.0
2007-11-13 00:00:00+09:00,41900.0,44150.0,41300.0,43250.0,126100,0.0,0.0
2007-11-14 00:00:00+09:00,44500.0,45500.0,43900.0,44900.0,122800,0.0,0.0
2007-11-15 00:00:00+09:00,45000.0,45850.0,43100.0,44000.0,87200,0.0,0.0
2007-11-16 00:00:00+09:00,44050.0,46400.0,43400.0,45700.0,82600,0.0,0.0
2007-11-19 00:00:00+09:00,46000.0,46400.0,44750.0,45900.0,68400,0.0,0.0
2007-11-20 00:00:00+09:00,45000.0,45000.0,43700.0,44200.0,45900,0.0,0.0
2007-11-21 00:00:00+09:00,43600.0,44700.0,43600.0,43850.0,40500,0.0,0.0
2007-11-22 00:00:00+09:00,42500.0,43650.0,42500.0,42600.0,49000,0.0,0.0
2007-11-23 00:00:00+09:00,42000.0,43000.0,40700.0,41600.0,69600,0.0,0.0
2007-11-26 00:00:00+09:00,42500.0,43000.0,41650.0,43000.0,81600,0.0,0.0
2007-11-27 00:00:00+09:00,41900.0,42650.0,41350.0,41600.0,71700,0.0,0.0
2007-11-28 00:00:00+09:00,42200.0,42300.0,41500.0,41600.0,50200,0.0,0.0
2007-11-29 00:00:00+09:00,41800.0,42850.0,41550.0,41950.0,93800,0.0,0.0
2007-11-30 00:00:00+09:00,42850.0,42850.0,41950.0,42000.0,72300,0.0,0.0
2007-12-03 00:00:00+09:00,42450.0,44250.0,41650.0,42750.0,56300,0.0,0.0
2007-12-04 00:00:00+09:00,43300.0,43550.0,42000.0,43200.0,31900,0.0,0.0
2007-12-05 00:00:00+09:00,43500.0,44100.0,42700.0,42800.0,42900,0.0,0.0
2007-12-06 00:00:00+09:00,43500.0,43500.0,42300.0,42500.0,35600,0.0,0.0
2007-12-07 00:00:00+09:00,42500.0,44500.0,42000.0,43500.0,60800,0.0,0.0
2007-12-10 00:00:00+09:00,43500.0,43800.0,42350.0,43000.0,33200,0.0,0.0
2007-12-11 00:00:00+09:00,43250.0,43400.0,42050.0,42300.0,38900,0.0,0.0
2007-12-12 00:00:00+09:00,41950.0,42500.0,41500.0,42350.0,20900,0.0,0.0
2007-12-13 00:00:00+09:00,42500.0,42950.0,42150.0,42350.0,28400,0.0,0.0
2007-12-14 00:00:00+09:00,42650.0,42700.0,42000.0,42350.0,34000,0.0,0.0
2007-12-17 00:00:00+09:00,42000.0,43800.0,42000.0,42350.0,37100,0.0,0.0
2007-12-18 00:00:00+09:00,42000.0,44050.0,42000.0,43100.0,59000,0.0,0.0
2007-12-20 00:00:00+09:00,44000.0,44000.0,41050.0,41750.0,59700,0.0,0.0
2007-12-21 00:00:00+09:00,41750.0,42500.0,41750.0,42000.0,24200,0.0,0.0
2007-12-24 00:00:00+09:00,42900.0,42900.0,41100.0,41300.0,60200,0.0,0.0
2007-12-26 00:00:00+09:00,41300.0,41300.0,38200.0,38450.0,177200,0.0,0.0
2007-12-27 00:00:00+09:00,37750.0,38950.0,37450.0,38550.0,35100,0.0,0.0
2007-12-28 00:00:00+09:00,38000.0,40200.0,37900.0,39800.0,31964,0.0,0.0
2008-01-02 00:00:00+09:00,39800.0,41050.0,39800.0,40200.0,40875,0.0,0.0
2008-01-03 00:00:00+09:00,39400.0,40600.0,39400.0,40250.0,22046,0.0,0.0
2008-01-04 00:00:00+09:00,40000.0,40750.0,39500.0,40200.0,30605,0.0,0.0
2008-01-07 00:00:00+09:00,38900.0,39700.0,38800.0,38800.0,30188,0.0,0.0
2008-01-08 00:00:00+09:00,38800.0,39700.0,38800.0,39500.0,26218,0.0,0.0
2008-01-09 00:00:00+09:00,39500.0,39900.0,39050.0,39550.0,31703,0.0,0.0
2008-01-10 00:00:00+09:00,40950.0,40950.0,38500.0,39300.0,37759,0.0,0.0
2008-01-11 00:00:00+09:00,39600.0,40000.0,37950.0,38550.0,33152,0.0,0.0
2008-01-14 00:00:00+09:00,37700.0,38550.0,35750.0,37300.0,62310,0.0,0.0
2008-01-15 00:00:00+09:00,36350.0,36950.0,33150.0,34450.0,72138,0.0,0.0
2008-01-16 00:00:00+09:00,32500.0,35300.0,32500.0,34600.0,47620,0.0,0.0
2008-01-17 00:00:00+09:00,34650.0,35300.0,34600.0,35100.0,31189,0.0,0.0
2008-01-18 00:00:00+09:00,34400.0,35000.0,34100.0,34500.0,35015,0.0,0.0
2008-01-21 00:00:00+09:00,34400.0,34800.0,33000.0,33100.0,27807,0.0,0.0
2008-01-22 00:00:00+09:00,32500.0,32600.0,28700.0,29000.0,69473,0.0,0.0
2008-01-23 00:00:00+09:00,29450.0,30950.0,27600.0,27600.0,114940,0.0,0.0
2008-01-24 00:00:00+09:00,28000.0,30800.0,28000.0,30000.0,161150,0.0,0.0
2008-01-25 00:00:00+09:00,31200.0,34400.0,30150.0,32550.0,76665,0.0,0.0
2008-01-28 00:00:00+09:00,32350.0,33800.0,31100.0,31150.0,57926,0.0,0.0
2008-01-29 00:00:00+09:00,32700.0,32700.0,30700.0,31950.0,26286,0.0,0.0
2008-01-30 00:00:00+09:00,32150.0,32750.0,29850.0,30150.0,39127,0.0,0.0
2008-01-31 00:00:00+09:00,30200.0,31000.0,29600.0,30550.0,59572,0.0,0.0
2008-02-01 00:00:00+09:00,30550.0,31250.0,29800.0,30000.0,36893,0.0,0.0
2008-02-04 00:00:00+09:00,30150.0,31500.0,30150.0,30200.0,44381,0.0,0.0
2008-02-05 00:00:00+09:00,30250.0,30950.0,30000.0,30350.0,29316,0.0,0.0
2008-02-11 00:00:00+09:00,29500.0,30350.0,29100.0,29900.0,26163,0.0,0.0
2008-02-12 00:00:00+09:00,29950.0,30700.0,29800.0,30650.0,27488,0.0,0.0
2008-02-13 00:00:00+09:00,30700.0,31350.0,30200.0,30250.0,18423,0.0,0.0
2008-02-14 00:00:00+09:00,30850.0,32550.0,30200.0,31400.0,76755,0.0,0.0
2008-02-15 00:00:00+09:00,31250.0,33250.0,30800.0,33250.0,57356,0.0,0.0
2008-02-18 00:00:00+09:00,34250.0,34250.0,32750.0,33800.0,48771,0.0,0.0
2008-02-19 00:00:00+09:00,33800.0,34000.0,32600.0,33500.0,34025,0.0,0.0
2008-02-20 00:00:00+09:00,33500.0,34250.0,32500.0,34250.0,46613,0.0,0.0
2008-02-21 00:00:00+09:00,34450.0,36350.0,34250.0,35600.0,61210,0.0,0.0
2008-02-22 00:00:00+09:00,35300.0,36000.0,34900.0,36000.0,18285,0.0,0.0
2008-02-25 00:00:00+09:00,36200.0,36200.0,35250.0,35850.0,21850,0.0,0.0
2008-02-26 00:00:00+09:00,36050.0,36050.0,34250.0,35500.0,38679,0.0,0.0
2008-02-27 00:00:00+09:00,35700.0,35700.0,34100.0,34100.0,31500,0.0,0.0
2008-02-28 00:00:00+09:00,33900.0,34750.0,33850.0,34500.0,31555,0.0,0.0
2008-02-29 00:00:00+09:00,34500.0,34750.0,33900.0,34550.0,25911,0.0,0.0
2008-03-03 00:00:00+09:00,33800.0,35600.0,33600.0,35000.0,23458,0.0,0.0
2008-03-04 00:00:00+09:00,34500.0,36000.0,34400.0,36000.0,40110,0.0,0.0
2008-03-05 00:00:00+09:00,36300.0,38000.0,36000.0,37750.0,63863,0.0,0.0
2008-03-06 00:00:00+09:00,38300.0,38350.0,36850.0,37000.0,23598,0.0,0.0
2008-03-07 00:00:00+09:00,36700.0,37000.0,36050.0,36900.0,18804,0.0,0.0
2008-03-10 00:00:00+09:00,36500.0,36500.0,33700.0,36100.0,14301,0.0,0.0
2008-03-11 00:00:00+09:00,35500.0,37400.0,34700.0,37000.0,17285,0.0,0.0
2008-03-12 00:00:00+09:00,38400.0,38400.0,36150.0,36950.0,21613,0.0,0.0
2008-03-13 00:00:00+09:00,37050.0,37500.0,35700.0,36450.0,12733,0.0,0.0
2008-03-14 00:00:00+09:00,36900.0,36950.0,35600.0,36300.0,30477,0.0,0.0
2008-03-17 00:00:00+09:00,36250.0,36250.0,34500.0,35000.0,22845,0.0,0.0
2008-03-18 00:00:00+09:00,35000.0,35500.0,33350.0,34000.0,22968,0.0,0.0
2008-03-19 00:00:00+09:00,34100.0,35750.0,34100.0,35200.0,27212,0.0,0.0
2008-03-20 00:00:00+09:00,35400.0,35500.0,34800.0,34850.0,5389,0.0,0.0
2008-03-21 00:00:00+09:00,35500.0,35800.0,34650.0,35500.0,22746,0.0,0.0
2008-03-24 00:00:00+09:00,35850.0,35850.0,34850.0,34950.0,19365,0.0,0.0
2008-03-25 00:00:00+09:00,35300.0,35300.0,33500.0,33800.0,36523,0.0,0.0
2008-03-26 00:00:00+09:00,34000.0,34000.0,32750.0,33400.0,33780,0.0,0.0
2008-03-27 00:00:00+09:00,33500.0,34600.0,33000.0,33350.0,49666,0.0,0.0
2008-03-28 00:00:00+09:00,32800.0,33850.0,32750.0,33600.0,28901,0.0,0.0
2008-03-31 00:00:00+09:00,33750.0,33750.0,32100.0,32200.0,47908,0.0,0.0
2008-04-01 00:00:00+09:00,31500.0,32250.0,31200.0,31400.0,60474,0.0,0.0
2008-04-02 00:00:00+09:00,32250.0,32800.0,31600.0,31600.0,53090,0.0,0.0
2008-04-03 00:00:00+09:00,31600.0,32950.0,31600.0,32950.0,32039,0.0,0.0
2008-04-04 00:00:00+09:00,32950.0,33700.0,32550.0,33500.0,30072,0.0,0.0
2008-04-07 00:00:00+09:00,33900.0,34000.0,32900.0,32900.0,25751,0.0,0.0
2008-04-08 00:00:00+09:00,33200.0,33300.0,32000.0,32400.0,18199,0.0,0.0
2008-04-10 00:00:00+09:00,32300.0,32500.0,31900.0,32500.0,17803,0.0,0.0
2008-04-11 00:00:00+09:00,32700.0,33150.0,32150.0,32700.0,18072,0.0,0.0
2008-04-14 00:00:00+09:00,32600.0,32600.0,31100.0,31400.0,45652,0.0,0.0
2008-04-15 00:00:00+09:00,30800.0,31950.0,30350.0,31950.0,34887,0.0,0.0
2008-04-16 00:00:00+09:00,31850.0,32900.0,31800.0,32900.0,34546,0.0,0.0
2008-04-17 00:00:00+09:00,33000.0,33000.0,32250.0,32800.0,30900,0.0,0.0
2008-04-18 00:00:00+09:00,32650.0,32800.0,32050.0,32800.0,21508,0.0,0.0
2008-04-21 00:00:00+09:00,32100.0,32950.0,32100.0,32400.0,22659,0.0,0.0
2008-04-22 00:00:00+09:00,32250.0,32350.0,31250.0,31800.0,44823,0.0,0.0
2008-04-23 00:00:00+09:00,31100.0,31950.0,31100.0,31950.0,38631,0.0,0.0
2008-04-24 00:00:00+09:00,31950.0,32450.0,31200.0,32450.0,33688,0.0,0.0
2008-04-25 00:00:00+09:00,32050.0,32900.0,31800.0,31800.0,27682,0.0,0.0
2008-04-28 00:00:00+09:00,32000.0,32200.0,29850.0,30100.0,91095,0.0,0.0
2008-04-29 00:00:00+09:00,30100.0,30150.0,28500.0,28750.0,119834,0.0,0.0
2008-04-30 00:00:00+09:00,28850.0,30200.0,28800.0,29250.0,100459,0.0,0.0
2008-05-01 00:00:00+09:00,29250.0,29250.0,29250.0,29250.0,0,0.0,0.0
2008-05-02 00:00:00+09:00,29500.0,30750.0,29500.0,30300.0,69115,0.0,0.0
2008-05-05 00:00:00+09:00,30300.0,30300.0,30300.0,30300.0,0,0.0,0.0
2008-05-06 00:00:00+09:00,30600.0,30750.0,29700.0,30450.0,39433,0.0,0.0
2008-05-07 00:00:00+09:00,30800.0,30850.0,29500.0,29900.0,88314,0.0,0.0
2008-05-08 00:00:00+09:00,30000.0,31900.0,29650.0,29650.0,124651,0.0,0.0
2008-05-09 00:00:00+09:00,30500.0,30500.0,29100.0,29900.0,55637,0.0,0.0
2008-05-12 00:00:00+09:00,29900.0,29900.0,29900.0,29900.0,0,0.0,0.0
2008-05-13 00:00:00+09:00,30200.0,30200.0,29200.0,29350.0,27774,0.0,0.0
2008-05-14 00:00:00+09:00,29400.0,29500.0,28550.0,28600.0,53317,0.0,0.0
2008-05-15 00:00:00+09:00,28600.0,29700.0,28400.0,29450.0,50905,0.0,0.0
2008-05-16 00:00:00+09:00,29650.0,29650.0,28800.0,29000.0,43734,0.0,0.0
2008-05-19 00:00:00+09:00,29300.0,29400.0,28250.0,28400.0,59434,0.0,0.0
2008-05-20 00:00:00+09:00,28350.0,28700.0,27800.0,28300.0,49481,0.0,0.0
2008-05-21 00:00:00+09:00,28000.0,28000.0,26950.0,27150.0,93933,0.0,0.0
2008-05-22 00:00:00+09:00,26550.0,26950.0,25900.0,26000.0,59308,0.0,0.0
2008-05-23 00:00:00+09:00,26050.0,27300.0,26050.0,27000.0,49764,0.0,0.0
2008-05-26 00:00:00+09:00,27750.0,28100.0,27350.0,27750.0,59389,0.0,0.0
2008-05-27 00:00:00+09:00,27800.0,28150.0,27050.0,28100.0,37640,0.0,0.0
2008-05-28 00:00:00+09:00,28100.0,28350.0,27150.0,27500.0,30017,0.0,0.0
2008-05-29 00:00:00+09:00,28000.0,28450.0,27150.0,28450.0,42801,0.0,0.0
2008-05-30 00:00:00+09:00,28100.0,28450.0,27650.0,28400.0,54775,0.0,0.0
2008-06-02 00:00:00+09:00,28100.0,28350.0,27350.0,27350.0,52705,0.0,0.0
2008-06-03 00:00:00+09:00,27050.0,27550.0,26350.0,26500.0,51449,0.0,0.0
2008-06-04 00:00:00+09:00,26150.0,27300.0,26150.0,27150.0,33967,0.0,0.0
2008-06-05 00:00:00+09:00,26950.0,28050.0,26750.0,27550.0,58224,0.0,0.0
2008-06-06 00:00:00+09:00,27550.0,27550.0,27550.0,27550.0,0,0.0,0.0
2008-06-09 00:00:00+09:00,26400.0,27000.0,26400.0,27000.0,30774,0.0,0.0
2008-06-10 00:00:00+09:00,26900.0,27450.0,26600.0,26950.0,21285,0.0,0.0
2008-06-11 00:00:00+09:00,27250.0,27350.0,26350.0,26650.0,19222,0.0,0.0
2008-06-12 00:00:00+09:00,26300.0,26900.0,26150.0,26900.0,27105,0.0,0.0
2008-06-13 00:00:00+09:00,26600.0,27000.0,25700.0,26200.0,42589,0.0,0.0
2008-06-16 00:00:00+09:00,25800.0,26700.0,25600.0,25600.0,31876,0.0,0.0
2008-06-17 00:00:00+09:00,25550.0,25800.0,22950.0,23050.0,134155,0.0,0.0
2008-06-18 00:00:00+09:00,22300.0,25400.0,22000.0,23850.0,127716,0.0,0.0
2008-06-19 00:00:00+09:00,23450.0,24300.0,22900.0,22900.0,27894,0.0,0.0
2008-06-20 00:00:00+09:00,23100.0,23500.0,22150.0,22500.0,43072,0.0,0.0
2008-06-23 00:00:00+09:00,22000.0,22150.0,21350.0,21400.0,49793,0.0,0.0
2008-06-24 00:00:00+09:00,21550.0,21900.0,21350.0,21500.0,41601,0.0,0.0
2008-06-25 00:00:00+09:00,21850.0,22200.0,21500.0,22100.0,23732,0.0,0.0
2008-06-26 00:00:00+09:00,22300.0,24800.0,22200.0,23400.0,70545,0.0,0.0
2008-06-27 00:00:00+09:00,22700.0,24500.0,19900.0,24500.0,77541,0.0,0.0
2008-06-30 00:00:00+09:00,24000.0,24900.0,23400.0,23400.0,40715,0.0,0.0
2008-07-01 00:00:00+09:00,23450.0,24250.0,22900.0,23650.0,41070,0.0,0.0
2008-07-02 00:00:00+09:00,24200.0,24200.0,21750.0,23000.0,38646,0.0,0.0
2008-07-03 00:00:00+09:00,22000.0,22850.0,21300.0,22000.0,87590,0.0,0.0
2008-07-04 00:00:00+09:00,21900.0,23000.0,21900.0,22650.0,47478,0.0,0.0
2008-07-07 00:00:00+09:00,22100.0,23250.0,22100.0,23200.0,27530,0.0,0.0
2008-07-08 00:00:00+09:00,22750.0,23250.0,22050.0,23000.0,30353,0.0,0.0
2008-07-09 00:00:00+09:00,23100.0,23800.0,20550.0,21300.0,123680,0.0,0.0
2008-07-10 00:00:00+09:00,20550.0,21000.0,19150.0,20250.0,124766,0.0,0.0
2008-07-11 00:00:00+09:00,20250.0,22000.0,19750.0,20950.0,140658,0.0,0.0
2008-07-14 00:00:00+09:00,20800.0,20800.0,19750.0,19750.0,94529,0.0,0.0
2008-07-15 00:00:00+09:00,19450.0,20000.0,17150.0,17150.0,161293,0.0,0.0
2008-07-16 00:00:00+09:00,17650.0,18100.0,17050.0,17800.0,168360,0.0,0.0
2008-07-17 00:00:00+09:00,18250.0,18650.0,17850.0,18000.0,83953,0.0,0.0
2008-07-18 00:00:00+09:00,18100.0,18600.0,17800.0,17950.0,37621,0.0,0.0
2008-07-21 00:00:00+09:00,17950.0,18600.0,17950.0,18400.0,51618,0.0,0.0
2008-07-22 00:00:00+09:00,18200.0,18350.0,17950.0,18000.0,66179,0.0,0.0
2008-07-23 00:00:00+09:00,18150.0,18700.0,17750.0,18000.0,177694,0.0,0.0
2008-07-24 00:00:00+09:00,18200.0,18250.0,17750.0,18050.0,109519,0.0,0.0
2008-07-25 00:00:00+09:00,18000.0,18650.0,18000.0,18000.0,91662,0.0,0.0
2008-07-28 00:00:00+09:00,18200.0,18350.0,17950.0,18250.0,43767,0.0,0.0
2008-07-29 00:00:00+09:00,18000.0,18100.0,17650.0,17800.0,41400,0.0,0.0
2008-07-30 00:00:00+09:00,18100.0,18250.0,17250.0,17550.0,64200,0.0,0.0
2008-07-31 00:00:00+09:00,17750.0,17750.0,16850.0,17600.0,63500,0.0,0.0
2008-08-01 00:00:00+09:00,17200.0,17850.0,17200.0,17450.0,34400,0.0,0.0
2008-08-04 00:00:00+09:00,17500.0,17750.0,17100.0,17200.0,31000,0.0,0.0
2008-08-05 00:00:00+09:00,17050.0,17400.0,16450.0,16700.0,34400,0.0,0.0
2008-08-06 00:00:00+09:00,17000.0,17700.0,16700.0,17650.0,46300,0.0,0.0
2008-08-07 00:00:00+09:00,17800.0,18100.0,17250.0,17650.0,42400,0.0,0.0
2008-08-08 00:00:00+09:00,17700.0,17700.0,17000.0,17050.0,32300,0.0,0.0
2008-08-11 00:00:00+09:00,17250.0,17400.0,17000.0,17050.0,12200,0.0,0.0
2008-08-12 00:00:00+09:00,17350.0,17400.0,16950.0,17050.0,19200,0.0,0.0
2008-08-13 00:00:00+09:00,16900.0,17300.0,16700.0,16750.0,17400,0.0,0.0
2008-08-14 00:00:00+09:00,16700.0,18350.0,16700.0,17900.0,121700,0.0,0.0
2008-08-15 00:00:00+09:00,17900.0,17900.0,17900.0,17900.0,0,0.0,0.0
2008-08-18 00:00:00+09:00,17900.0,18000.0,17400.0,17400.0,21319,0.0,0.0
2008-08-19 00:00:00+09:00,17200.0,17350.0,16650.0,16650.0,46454,0.0,0.0
2008-08-20 00:00:00+09:00,16700.0,16900.0,16300.0,16850.0,69396,0.0,0.0
2008-08-21 00:00:00+09:00,16850.0,16900.0,16200.0,16300.0,80172,0.0,0.0
2008-08-22 00:00:00+09:00,15900.0,16550.0,15650.0,15700.0,56321,0.0,0.0
2008-08-25 00:00:00+09:00,16000.0,16000.0,15450.0,15450.0,35387,0.0,0.0
2008-08-26 00:00:00+09:00,15050.0,15700.0,14750.0,15700.0,49701,0.0,0.0
2008-08-27 00:00:00+09:00,15250.0,16050.0,15050.0,16000.0,75811,0.0,0.0
2008-08-28 00:00:00+09:00,15900.0,16100.0,15700.0,15750.0,30632,0.0,0.0
2008-08-29 00:00:00+09:00,15750.0,15950.0,15350.0,15500.0,31096,0.0,0.0
2008-09-01 00:00:00+09:00,15200.0,15200.0,13550.0,14300.0,83969,0.0,0.0
2008-09-02 00:00:00+09:00,13950.0,14300.0,13050.0,13050.0,55465,0.0,0.0
2008-09-03 00:00:00+09:00,12700.0,14000.0,12700.0,14000.0,190940,0.0,0.0
2008-09-04 00:00:00+09:00,13850.0,14200.0,13500.0,13850.0,181383,0.0,0.0
2008-09-05 00:00:00+09:00,13250.0,13600.0,12850.0,13250.0,142663,0.0,0.0
2008-09-08 00:00:00+09:00,13750.0,13750.0,13200.0,13300.0,200676,0.0,0.0
2008-09-09 00:00:00+09:00,13500.0,13700.0,13250.0,13350.0,122714,0.0,0.0
2008-09-10 00:00:00+09:00,13000.0,14200.0,12600.0,13900.0,308449,0.0,0.0
2008-09-11 00:00:00+09:00,14350.0,15950.0,14150.0,15450.0,586764,0.0,0.0
2008-09-12 00:00:00+09:00,16000.0,16300.0,14700.0,14800.0,387429,0.0,0.0
2008-09-15 00:00:00+09:00,14800.0,14800.0,14800.0,14800.0,0,0.0,0.0
2008-09-16 00:00:00+09:00,13200.0,14300.0,13000.0,13850.0,238441,0.0,0.0
2008-09-17 00:00:00+09:00,14500.0,14850.0,14150.0,14200.0,145614,0.0,0.0
2008-09-18 00:00:00+09:00,13500.0,14550.0,13100.0,14450.0,249994,0.0,0.0
2008-09-19 00:00:00+09:00,15100.0,16600.0,14800.0,16100.0,620795,0.0,0.0
2008-09-22 00:00:00+09:00,16350.0,16650.0,15700.0,16050.0,296633,0.0,0.0
2008-09-23 00:00:00+09:00,15750.0,16550.0,15750.0,16450.0,152713,0.0,0.0
2008-09-24 00:00:00+09:00,16450.0,16650.0,15950.0,16200.0,159992,0.0,0.0
2008-09-25 00:00:00+09:00,16200.0,16200.0,15300.0,15650.0,190773,0.0,0.0
2008-09-26 00:00:00+09:00,15800.0,15850.0,15250.0,15450.0,84286,0.0,0.0
2008-09-29 00:00:00+09:00,15800.0,16600.0,15600.0,16100.0,177879,0.0,0.0
2008-09-30 00:00:00+09:00,14800.0,16400.0,14300.0,16400.0,119704,0.0,0.0
2008-10-01 00:00:00+09:00,16600.0,17500.0,16000.0,17300.0,212308,0.0,0.0
2008-10-02 00:00:00+09:00,17300.0,18150.0,16850.0,17000.0,268410,0.0,0.0
2008-10-03 00:00:00+09:00,17000.0,17000.0,17000.0,17000.0,0,0.0,0.0
2008-10-06 00:00:00+09:00,16800.0,16850.0,15150.0,15150.0,197712,0.0,0.0
2008-10-07 00:00:00+09:00,14700.0,15250.0,13650.0,14300.0,201796,0.0,0.0
2008-10-08 00:00:00+09:00,13500.0,14000.0,12200.0,13550.0,396514,0.0,0.0
2008-10-09 00:00:00+09:00,13400.0,14300.0,12950.0,14250.0,133930,0.0,0.0
2008-10-10 00:00:00+09:00,13500.0,14900.0,13100.0,14600.0,328081,0.0,0.0
2008-10-13 00:00:00+09:00,15000.0,15300.0,14550.0,14800.0,183239,0.0,0.0
2008-10-14 00:00:00+09:00,15400.0,15800.0,14800.0,15250.0,367097,0.0,0.0
2008-10-15 00:00:00+09:00,15100.0,15600.0,14800.0,14800.0,146418,0.0,0.0
2008-10-16 00:00:00+09:00,13550.0,14850.0,12800.0,14300.0,269991,0.0,0.0
2008-10-17 00:00:00+09:00,14550.0,14900.0,13000.0,13500.0,183888,0.0,0.0
2008-10-20 00:00:00+09:00,13550.0,14150.0,12650.0,13750.0,182929,0.0,0.0
2008-10-21 00:00:00+09:00,14000.0,14200.0,12600.0,12600.0,162034,0.0,0.0
2008-10-22 00:00:00+09:00,12200.0,13000.0,11000.0,11200.0,156694,0.0,0.0
2008-10-23 00:00:00+09:00,10500.0,10900.0,9600.0,9800.0,167147,0.0,0.0
2008-10-24 00:00:00+09:00,9650.0,9800.0,8330.0,8330.0,164380,0.0,0.0
2008-10-27 00:00:00+09:00,7450.0,8460.0,7450.0,8200.0,117635,0.0,0.0
2008-10-28 00:00:00+09:00,7550.0,8790.0,7450.0,8700.0,132268,0.0,0.0
2008-10-29 00:00:00+09:00,9200.0,9730.0,7500.0,8010.0,222952,0.0,0.0
2008-10-30 00:00:00+09:00,8600.0,9210.0,8260.0,9150.0,176498,0.0,0.0
2008-10-31 00:00:00+09:00,9200.0,10500.0,8900.0,9900.0,197612,0.0,0.0
2008-11-03 00:00:00+09:00,10000.0,10950.0,9860.0,10250.0,238698,0.0,0.0
2008-11-04 00:00:00+09:00,10500.0,10650.0,10100.0,10200.0,171615,0.0,0.0
2008-11-05 00:00:00+09:00,10600.0,11200.0,10150.0,10150.0,212753,0.0,0.0
2008-11-06 00:00:00+09:00,9800.0,9800.0,8920.0,9000.0,110615,0.0,0.0
2008-11-07 00:00:00+09:00,8300.0,10350.0,8200.0,10350.0,127983,0.0,0.0
2008-11-10 00:00:00+09:00,10700.0,11900.0,10250.0,11900.0,202009,0.0,0.0
2008-11-11 00:00:00+09:00,11500.0,13250.0,11200.0,11300.0,404494,0.0,0.0
2008-11-12 00:00:00+09:00,11200.0,12000.0,10850.0,11150.0,208959,0.0,0.0
2008-11-13 00:00:00+09:00,10400.0,10600.0,9580.0,10350.0,220157,0.0,0.0
2008-11-14 00:00:00+09:00,10950.0,11150.0,10150.0,10350.0,157013,0.0,0.0
2008-11-17 00:00:00+09:00,10150.0,10500.0,9940.0,10000.0,81780,0.0,0.0
2008-11-18 00:00:00+09:00,9860.0,10650.0,9640.0,9640.0,203092,0.0,0.0
2008-11-19 00:00:00+09:00,9950.0,9990.0,8680.0,9080.0,175886,0.0,0.0
2008-11-20 00:00:00+09:00,8400.0,8560.0,7830.0,7830.0,80534,0.0,0.0
2008-11-21 00:00:00+09:00,7390.0,8470.0,7390.0,8390.0,86095,0.0,0.0
2008-11-24 00:00:00+09:00,8400.0,8540.0,8000.0,8010.0,67896,0.0,0.0
2008-11-25 00:00:00+09:00,8450.0,8860.0,7840.0,7960.0,175727,0.0,0.0
2008-11-26 00:00:00+09:00,8100.0,8370.0,8040.0,8200.0,109890,0.0,0.0
2008-11-27 00:00:00+09:00,8550.0,8890.0,8400.0,8800.0,270359,0.0,0.0
2008-11-28 00:00:00+09:00,8790.0,10100.0,8570.0,10100.0,149694,0.0,0.0
2008-12-01 00:00:00+09:00,10050.0,10200.0,9440.0,9450.0,222556,0.0,0.0
2008-12-02 00:00:00+09:00,8800.0,9180.0,8700.0,8810.0,111840,0.0,0.0
2008-12-03 00:00:00+09:00,9000.0,9340.0,8830.0,8830.0,99409,0.0,0.0
2008-12-04 00:00:00+09:00,9100.0,9190.0,8510.0,8600.0,50978,0.0,0.0
2008-12-05 00:00:00+09:00,8600.0,8770.0,8400.0,8720.0,52896,0.0,0.0
2008-12-08 00:00:00+09:00,8890.0,9340.0,8890.0,9340.0,111199,0.0,0.0
2008-12-09 00:00:00+09:00,9500.0,9870.0,9120.0,9210.0,197663,0.0,0.0
2008-12-10 00:00:00+09:00,9150.0,9490.0,9150.0,9420.0,99949,0.0,0.0
2008-12-11 00:00:00+09:00,9480.0,10300.0,9440.0,9870.0,221518,0.0,0.0
2008-12-12 00:00:00+09:00,9780.0,10150.0,9150.0,9150.0,122359,0.0,0.0
2008-12-15 00:00:00+09:00,9430.0,10500.0,9430.0,10400.0,172779,0.0,0.0
2008-12-16 00:00:00+09:00,10400.0,10750.0,10000.0,10300.0,212494,0.0,0.0
2008-12-17 00:00:00+09:00,10650.0,10750.0,9910.0,9980.0,163155,0.0,0.0
2008-12-18 00:00:00+09:00,10200.0,10550.0,9990.0,10100.0,127848,0.0,0.0
2008-12-19 00:00:00+09:00,10000.0,10350.0,9880.0,10050.0,112970,0.0,0.0
2008-12-22 00:00:00+09:00,10250.0,10650.0,10000.0,10200.0,162208,0.0,0.0
2008-12-23 00:00:00+09:00,10150.0,10350.0,9770.0,9820.0,96484,0.0,0.0
2008-12-24 00:00:00+09:00,9910.0,10850.0,9710.0,10100.0,417054,0.0,0.0
2008-12-25 00:00:00+09:00,10100.0,10100.0,10100.0,10100.0,0,0.0,0.0
2008-12-26 00:00:00+09:00,10150.0,10250.0,9840.0,10000.0,100586,0.0,0.0
2008-12-29 00:00:00+09:00,10000.0,10150.0,9350.0,9630.0,102189,0.0,0.0
2008-12-30 00:00:00+09:00,9570.0,9700.0,9250.0,9250.0,73445,0.0,0.0
2008-12-31 00:00:00+09:00,9250.0,9250.0,9250.0,9250.0,0,0.0,0.0
2009-01-02 00:00:00+09:00,9360.0,9560.0,9360.0,9500.0,45864,0.0,0.0
2009-01-05 00:00:00+09:00,9670.0,10200.0,9550.0,9800.0,235102,0.0,0.0
2009-01-06 00:00:00+09:00,9980.0,10200.0,9900.0,10050.0,115776,0.0,0.0
2009-01-07 00:00:00+09:00,10150.0,11100.0,9950.0,10750.0,365542,0.0,0.0
2009-01-08 00:00:00+09:00,10550.0,10750.0,10100.0,10400.0,161090,0.0,0.0
2009-01-09 00:00:00+09:00,10550.0,10850.0,10050.0,10500.0,186320,0.0,0.0
2009-01-12 00:00:00+09:00,10200.0,10400.0,9920.0,10000.0,114513,0.0,0.0
2009-01-13 00:00:00+09:00,9850.0,10500.0,9750.0,10150.0,141530,0.0,0.0
2009-01-14 00:00:00+09:00,10150.0,10600.0,10000.0,10300.0,115823,0.0,0.0
2009-01-15 00:00:00+09:00,9900.0,10050.0,9360.0,9420.0,152709,0.0,0.0
2009-01-16 00:00:00+09:00,9550.0,9640.0,9250.0,9500.0,116689,0.0,0.0
2009-01-19 00:00:00+09:00,9700.0,9850.0,9550.0,9730.0,106914,0.0,0.0
2009-01-20 00:00:00+09:00,9730.0,9830.0,9460.0,9500.0,113572,0.0,0.0
2009-01-21 00:00:00+09:00,9030.0,9240.0,8900.0,9100.0,80551,0.0,0.0
2009-01-22 00:00:00+09:00,9320.0,9450.0,9060.0,9100.0,115783,0.0,0.0
2009-01-23 00:00:00+09:00,9110.0,9220.0,9060.0,9100.0,71887,0.0,0.0
2009-01-28 00:00:00+09:00,9370.0,9600.0,9200.0,9500.0,64195,0.0,0.0
2009-01-29 00:00:00+09:00,9580.0,10350.0,9530.0,10150.0,279633,0.0,0.0
2009-01-30 00:00:00+09:00,10100.0,10200.0,9850.0,10050.0,157715,0.0,0.0
2009-02-02 00:00:00+09:00,9990.0,10800.0,9930.0,10350.0,237089,0.0,0.0
2009-02-03 00:00:00+09:00,10500.0,10600.0,10150.0,10300.0,131373,0.0,0.0
2009-02-04 00:00:00+09:00,10600.0,10950.0,10400.0,10850.0,213731,0.0,0.0
2009-02-05 00:00:00+09:00,10900.0,11750.0,10600.0,11250.0,380617,0.0,0.0
2009-02-06 00:00:00+09:00,11400.0,11850.0,11000.0,11100.0,385460,0.0,0.0
2009-02-09 00:00:00+09:00,11350.0,11450.0,10600.0,10600.0,125631,0.0,0.0
2009-02-10 00:00:00+09:00,10800.0,11200.0,10450.0,10900.0,174086,0.0,0.0
2009-02-11 00:00:00+09:00,10650.0,11450.0,10500.0,11350.0,152671,0.0,0.0
2009-02-12 00:00:00+09:00,11550.0,12900.0,11350.0,12250.0,634212,0.0,0.0
2009-02-13 00:00:00+09:00,12450.0,12750.0,11850.0,12400.0,301411,0.0,0.0
2009-02-16 00:00:00+09:00,12250.0,12600.0,12050.0,12550.0,214411,0.0,0.0
2009-02-17 00:00:00+09:00,12650.0,12700.0,11000.0,11400.0,290190,0.0,0.0
2009-02-18 00:00:00+09:00,11100.0,11650.0,10900.0,11450.0,240571,0.0,0.0
2009-02-19 00:00:00+09:00,11450.0,12400.0,11450.0,11700.0,395414,0.0,0.0
2009-02-20 00:00:00+09:00,11700.0,12400.0,10150.0,10250.0,497794,0.0,0.0
2009-02-23 00:00:00+09:00,10250.0,10450.0,9850.0,10150.0,202440,0.0,0.0
2009-02-24 00:00:00+09:00,9720.0,10000.0,9550.0,9650.0,132161,0.0,0.0
2009-02-25 00:00:00+09:00,10000.0,10100.0,9510.0,9510.0,125321,0.0,0.0
2009-02-26 00:00:00+09:00,9750.0,9890.0,8700.0,9000.0,142601,0.0,0.0
2009-02-27 00:00:00+09:00,9070.0,9250.0,8850.0,9010.0,75525,0.0,0.0
2009-03-02 00:00:00+09:00,8800.0,9110.0,8750.0,8970.0,59704,0.0,0.0
2009-03-03 00:00:00+09:00,8420.0,8880.0,8360.0,8800.0,40761,0.0,0.0
2009-03-04 00:00:00+09:00,8900.0,9300.0,8800.0,9150.0,48530,0.0,0.0
2009-03-05 00:00:00+09:00,9230.0,9430.0,9050.0,9050.0,55489,0.0,0.0
2009-03-06 00:00:00+09:00,8710.0,8940.0,8710.0,8920.0,33453,0.0,0.0
2009-03-09 00:00:00+09:00,9130.0,9300.0,8900.0,9000.0,58431,0.0,0.0
2009-03-10 00:00:00+09:00,9070.0,9410.0,9000.0,9340.0,83179,0.0,0.0
2009-03-11 00:00:00+09:00,9700.0,9700.0,9410.0,9500.0,58460,0.0,0.0
2009-03-12 00:00:00+09:00,9580.0,9580.0,9400.0,9420.0,44279,0.0,0.0
2009-03-13 00:00:00+09:00,9570.0,9940.0,9560.0,9750.0,69742,0.0,0.0
2009-03-16 00:00:00+09:00,9810.0,10200.0,9720.0,9930.0,92764,0.0,0.0
2009-03-17 00:00:00+09:00,10100.0,10150.0,9870.0,10000.0,92040,0.0,0.0
2009-03-18 00:00:00+09:00,10200.0,10250.0,10000.0,10000.0,77198,0.0,0.0
2009-03-19 00:00:00+09:00,10100.0,10600.0,10100.0,10300.0,151145,0.0,0.0
2009-03-20 00:00:00+09:00,10600.0,10800.0,10300.0,10400.0,79769,0.0,0.0
2009-03-23 00:00:00+09:00,10600.0,10600.0,10300.0,10500.0,7600,0.0,0.0
2009-03-24 00:00:00+09:00,10850.0,10850.0,10300.0,10300.0,69309,0.0,0.0
2009-03-25 00:00:00+09:00,10300.0,10850.0,10150.0,10800.0,90409,0.0,0.0
2009-03-26 00:00:00+09:00,10900.0,11200.0,10700.0,10900.0,126915,0.0,0.0
2009-03-27 00:00:00+09:00,11450.0,12300.0,11300.0,11300.0,393869,0.0,0.0
2009-03-30 00:00:00+09:00,11500.0,11650.0,10350.0,10350.0,138358,0.0,0.0
2009-03-31 00:00:00+09:00,10400.0,11050.0,10400.0,10600.0,121339,0.0,0.0
2009-04-01 00:00:00+09:00,10750.0,10900.0,10450.0,10650.0,115468,0.0,0.0
2009-04-02 00:00:00+09:00,10850.0,11650.0,10850.0,11250.0,227633,0.0,0.0
2009-04-03 00:00:00+09:00,11700.0,11700.0,11050.0,11450.0,145193,0.0,0.0
2009-04-06 00:00:00+09:00,11600.0,12150.0,11450.0,11500.0,193842,0.0,0.0
2009-04-07 00:00:00+09:00,11600.0,13200.0,11250.0,13200.0,507096,0.0,0.0
2009-04-08 00:00:00+09:00,13450.0,14100.0,13100.0,13450.0,598639,0.0,0.0
2009-04-09 00:00:00+09:00,13800.0,14500.0,13550.0,13900.0,312990,0.0,0.0
2009-04-10 00:00:00+09:00,14150.0,14800.0,13450.0,14450.0,330221,0.0,0.0
2009-04-13 00:00:00+09:00,14350.0,14800.0,14000.0,14350.0,214988,0.0,0.0
2009-04-14 00:00:00+09:00,14100.0,14350.0,13650.0,13800.0,201125,0.0,0.0
2009-04-15 00:00:00+09:00,14000.0,14750.0,13200.0,14000.0,422759,0.0,0.0
2009-04-16 00:00:00+09:00,14300.0,15650.0,14000.0,14450.0,819697,0.0,0.0
2009-04-17 00:00:00+09:00,15000.0,15350.0,13650.0,14300.0,395044,0.0,0.0
2009-04-20 00:00:00+09:00,14350.0,14450.0,13550.0,13800.0,155155,0.0,0.0
2009-04-21 00:00:00+09:00,13400.0,13950.0,13250.0,13900.0,135150,0.0,0.0
2009-04-22 00:00:00+09:00,14100.0,14450.0,13700.0,14450.0,228858,0.0,0.0
2009-04-23 00:00:00+09:00,14600.0,15300.0,14300.0,14900.0,476881,0.0,0.0
2009-04-24 00:00:00+09:00,15500.0,16100.0,14950.0,15200.0,547154,0.0,0.0
2009-04-27 00:00:00+09:00,15500.0,15500.0,14450.0,14450.0,202270,0.0,0.0
2009-04-28 00:00:00+09:00,14600.0,15050.0,12800.0,13350.0,290095,0.0,0.0
2009-04-29 00:00:00+09:00,13350.0,13900.0,12850.0,13700.0,119891,0.0,0.0
2009-04-30 00:00:00+09:00,13800.0,14250.0,13600.0,14000.0,127800,0.0,0.0
2009-05-04 00:00:00+09:00,14350.0,14850.0,14200.0,14600.0,146720,0.0,0.0
2009-05-06 00:00:00+09:00,15000.0,16000.0,14500.0,16000.0,433288,0.0,0.0
2009-05-07 00:00:00+09:00,16700.0,17000.0,15850.0,16000.0,383756,0.0,0.0
2009-05-08 00:00:00+09:00,16200.0,16550.0,15750.0,16300.0,193998,0.0,0.0
2009-05-11 00:00:00+09:00,16000.0,16400.0,15550.0,16250.0,218388,0.0,0.0
2009-05-12 00:00:00+09:00,15900.0,16500.0,15250.0,15400.0,265546,0.0,0.0
2009-05-13 00:00:00+09:00,15550.0,15750.0,14900.0,14900.0,191254,0.0,0.0
2009-05-14 00:00:00+09:00,15600.0,17000.0,15600.0,16250.0,836704,0.0,0.0
2009-05-15 00:00:00+09:00,16600.0,16750.0,15650.0,15750.0,263757,0.0,0.0
2009-05-18 00:00:00+09:00,15800.0,16050.0,15300.0,15700.0,129045,0.0,0.0
2009-05-19 00:00:00+09:00,15950.0,16150.0,15650.0,15750.0,130259,0.0,0.0
2009-05-20 00:00:00+09:00,15900.0,15900.0,15300.0,15800.0,121961,0.0,0.0
2009-05-21 00:00:00+09:00,15700.0,15900.0,15150.0,15400.0,108048,0.0,0.0
2009-05-22 00:00:00+09:00,15100.0,15150.0,14650.0,14700.0,150512,0.0,0.0
2009-05-25 00:00:00+09:00,14550.0,14800.0,12950.0,13800.0,194725,0.0,0.0
2009-05-26 00:00:00+09:00,13800.0,14400.0,13600.0,13750.0,114526,0.0,0.0
2009-05-27 00:00:00+09:00,14000.0,14450.0,13650.0,13950.0,145491,0.0,0.0
2009-05-28 00:00:00+09:00,13750.0,14000.0,12900.0,13350.0,103887,0.0,0.0
2009-05-29 00:00:00+09:00,13550.0,14150.0,13400.0,13800.0,74155,0.0,0.0
2009-06-01 00:00:00+09:00,14000.0,14200.0,13550.0,13950.0,88335,0.0,0.0
2009-06-02 00:00:00+09:00,14350.0,14700.0,14200.0,14200.0,111403,0.0,0.0
2009-06-03 00:00:00+09:00,14500.0,14500.0,13900.0,14000.0,57777,0.0,0.0
2009-06-04 00:00:00+09:00,14150.0,14150.0,13350.0,13450.0,55891,0.0,0.0
2009-06-05 00:00:00+09:00,13600.0,13650.0,13150.0,13300.0,54729,0.0,0.0
2009-06-08 00:00:00+09:00,13200.0,13550.0,13150.0,13400.0,52014,0.0,0.0
2009-06-09 00:00:00+09:00,13450.0,13600.0,12850.0,12950.0,54068,0.0,0.0
2009-06-10 00:00:00+09:00,12950.0,13150.0,12850.0,13050.0,30820,0.0,0.0
2009-06-11 00:00:00+09:00,12950.0,13250.0,12950.0,13050.0,30778,0.0,0.0
2009-06-12 00:00:00+09:00,13100.0,13200.0,12700.0,13050.0,54880,0.0,0.0
2009-06-15 00:00:00+09:00,13100.0,13100.0,12800.0,12900.0,31866,0.0,0.0
2009-06-16 00:00:00+09:00,12700.0,13450.0,12650.0,13250.0,104560,0.0,0.0
2009-06-17 00:00:00+09:00,13250.0,13350.0,13000.0,13000.0,45114,0.0,0.0
2009-06-18 00:00:00+09:00,13000.0,13150.0,12850.0,13000.0,30314,0.0,0.0
2009-06-19 00:00:00+09:00,13050.0,13150.0,12600.0,13000.0,32596,0.0,0.0
2009-06-22 00:00:00+09:00,13100.0,13300.0,12750.0,13050.0,83410,0.0,0.0
2009-06-23 00:00:00+09:00,12800.0,12850.0,12350.0,12350.0,70604,0.0,0.0
2009-06-24 00:00:00+09:00,12500.0,12500.0,12200.0,12250.0,29471,0.0,0.0
2009-06-25 00:00:00+09:00,12200.0,12650.0,12200.0,12550.0,37942,0.0,0.0
2009-06-26 00:00:00+09:00,12550.0,12650.0,12400.0,12400.0,28375,0.0,0.0
2009-06-29 00:00:00+09:00,12300.0,12850.0,12300.0,12500.0,47130,0.0,0.0
2009-06-30 00:00:00+09:00,12600.0,13600.0,12600.0,13350.0,110378,0.0,0.0
2009-07-01 00:00:00+09:00,13400.0,13900.0,13100.0,13750.0,88185,0.0,0.0
2009-07-02 00:00:00+09:00,13800.0,13850.0,13500.0,13750.0,42153,0.0,0.0
2009-07-03 00:00:00+09:00,13500.0,14100.0,13400.0,14100.0,40408,0.0,0.0
2009-07-06 00:00:00+09:00,14100.0,14200.0,13900.0,13900.0,36248,0.0,0.0
2009-07-07 00:00:00+09:00,13850.0,14750.0,13600.0,14450.0,70789,0.0,0.0
2009-07-08 00:00:00+09:00,14350.0,14600.0,14100.0,14300.0,45026,0.0,0.0
2009-07-09 00:00:00+09:00,14350.0,14700.0,14250.0,14250.0,42306,0.0,0.0
2009-07-10 00:00:00+09:00,14300.0,14350.0,13700.0,13700.0,24510,0.0,0.0
2009-07-13 00:00:00+09:00,13700.0,13700.0,12900.0,12900.0,37064,0.0,0.0
2009-07-14 00:00:00+09:00,13150.0,13400.0,12750.0,12750.0,29084,0.0,0.0
2009-07-15 00:00:00+09:00,13100.0,13750.0,13050.0,13750.0,39534,0.0,0.0
2009-07-16 00:00:00+09:00,14000.0,14000.0,13150.0,13800.0,46914,0.0,0.0
2009-07-17 00:00:00+09:00,13600.0,13850.0,13400.0,13600.0,18142,0.0,0.0
2009-07-20 00:00:00+09:00,13950.0,14050.0,13550.0,13650.0,24121,0.0,0.0
2009-07-21 00:00:00+09:00,13800.0,13950.0,13450.0,13600.0,27058,0.0,0.0
2009-07-22 00:00:00+09:00,13850.0,15100.0,13800.0,14450.0,284399,0.0,0.0
2009-07-23 00:00:00+09:00,14450.0,14550.0,14100.0,14300.0,56801,0.0,0.0
2009-07-24 00:00:00+09:00,14700.0,14750.0,14400.0,14500.0,71645,0.0,0.0
2009-07-27 00:00:00+09:00,14500.0,15550.0,14400.0,15350.0,205381,0.0,0.0
2009-07-28 00:00:00+09:00,15350.0,15450.0,14850.0,15050.0,68967,0.0,0.0
2009-07-29 00:00:00+09:00,14850.0,15000.0,14250.0,14250.0,103504,0.0,0.0
2009-07-30 00:00:00+09:00,14350.0,14800.0,14100.0,14500.0,58503,0.0,0.0
2009-07-31 00:00:00+09:00,14700.0,14700.0,14300.0,14700.0,63132,0.0,0.0
2009-08-03 00:00:00+09:00,15100.0,16150.0,15050.0,15350.0,392917,0.0,0.0
2009-08-04 00:00:00+09:00,15400.0,15500.0,14750.0,14850.0,109292,0.0,0.0
2009-08-05 00:00:00+09:00,15050.0,15300.0,14800.0,14850.0,53974,0.0,0.0
2009-08-06 00:00:00+09:00,14750.0,15100.0,14550.0,14700.0,38423,0.0,0.0
2009-08-07 00:00:00+09:00,14800.0,15350.0,14650.0,15050.0,42191,0.0,0.0
2009-08-10 00:00:00+09:00,15200.0,15550.0,15000.0,15300.0,84328,0.0,0.0
2009-08-11 00:00:00+09:00,15700.0,16150.0,15650.0,15750.0,314422,0.0,0.0
2009-08-12 00:00:00+09:00,15550.0,15750.0,15150.0,15350.0,112917,0.0,0.0
2009-08-13 00:00:00+09:00,15500.0,15500.0,14950.0,15200.0,179444,0.0,0.0
2009-08-14 00:00:00+09:00,15200.0,15300.0,14850.0,14850.0,106205,0.0,0.0
2009-08-17 00:00:00+09:00,14900.0,15000.0,13650.0,13800.0,204516,0.0,0.0
2009-08-18 00:00:00+09:00,13600.0,14000.0,13300.0,13600.0,160732,0.0,0.0
2009-08-19 00:00:00+09:00,13650.0,14050.0,13550.0,13550.0,88954,0.0,0.0
2009-08-20 00:00:00+09:00,13550.0,14100.0,13450.0,14000.0,66508,0.0,0.0
2009-08-21 00:00:00+09:00,14100.0,14150.0,13200.0,13200.0,109581,0.0,0.0
2009-08-24 00:00:00+09:00,13350.0,13500.0,12700.0,13000.0,98850,0.0,0.0
2009-08-25 00:00:00+09:00,13000.0,13250.0,12900.0,13100.0,75101,0.0,0.0
2009-08-26 00:00:00+09:00,13150.0,13450.0,13100.0,13400.0,72125,0.0,0.0
2009-08-27 00:00:00+09:00,13500.0,13500.0,13100.0,13150.0,55649,0.0,0.0
2009-08-28 00:00:00+09:00,13000.0,13200.0,12900.0,13000.0,67676,0.0,0.0
2009-08-31 00:00:00+09:00,13000.0,13150.0,12500.0,12550.0,84403,0.0,0.0
2009-09-01 00:00:00+09:00,12800.0,12800.0,12300.0,12450.0,59522,0.0,0.0
2009-09-02 00:00:00+09:00,12200.0,12700.0,12150.0,12500.0,60517,0.0,0.0
2009-09-03 00:00:00+09:00,12500.0,12650.0,12300.0,12350.0,49960,0.0,0.0
2009-09-04 00:00:00+09:00,12400.0,12800.0,12300.0,12500.0,49036,0.0,0.0
2009-09-07 00:00:00+09:00,12650.0,12850.0,12550.0,12600.0,32904,0.0,0.0
2009-09-08 00:00:00+09:00,12600.0,12700.0,12250.0,12350.0,56865,0.0,0.0
2009-09-09 00:00:00+09:00,12550.0,12550.0,11500.0,11500.0,172239,0.0,0.0
2009-09-10 00:00:00+09:00,11800.0,12050.0,11400.0,11550.0,141572,0.0,0.0
2009-09-11 00:00:00+09:00,11550.0,11850.0,11500.0,11550.0,96080,0.0,0.0
2009-09-14 00:00:00+09:00,11550.0,11650.0,11050.0,11100.0,83955,0.0,0.0
2009-09-15 00:00:00+09:00,11250.0,11450.0,11100.0,11350.0,59125,0.0,0.0
2009-09-16 00:00:00+09:00,11500.0,11850.0,11350.0,11600.0,118943,0.0,0.0
2009-09-17 00:00:00+09:00,11700.0,11700.0,11200.0,11350.0,158762,0.0,0.0
2009-09-18 00:00:00+09:00,11200.0,11350.0,11100.0,11150.0,78302,0.0,0.0
2009-09-21 00:00:00+09:00,11150.0,11400.0,11050.0,11200.0,103818,0.0,0.0
2009-09-22 00:00:00+09:00,11250.0,11300.0,11150.0,11200.0,67777,0.0,0.0
2009-09-23 00:00:00+09:00,11100.0,11400.0,11100.0,11250.0,106302,0.0,0.0
2009-09-24 00:00:00+09:00,11250.0,11350.0,10850.0,11050.0,99491,0.0,0.0
2009-09-25 00:00:00+09:00,11050.0,11100.0,10800.0,10850.0,75522,0.0,0.0
2009-09-28 00:00:00+09:00,10750.0,11050.0,10700.0,11000.0,51758,0.0,0.0
2009-09-29 00:00:00+09:00,11100.0,11450.0,10950.0,11300.0,94907,0.0,0.0
2009-09-30 00:00:00+09:00,11400.0,11850.0,11100.0,11100.0,140756,0.0,0.0
2009-10-01 00:00:00+09:00,11300.0,11350.0,10900.0,11100.0,51202,0.0,0.0
2009-10-05 00:00:00+09:00,11000.0,11100.0,10800.0,10850.0,25389,0.0,0.0
2009-10-06 00:00:00+09:00,10950.0,11150.0,10900.0,10900.0,37716,0.0,0.0
2009-10-07 00:00:00+09:00,11050.0,11150.0,10800.0,10950.0,57518,0.0,0.0
2009-10-08 00:00:00+09:00,11000.0,11600.0,11000.0,11600.0,127168,0.0,0.0
2009-10-09 00:00:00+09:00,11600.0,11850.0,11400.0,11800.0,154641,0.0,0.0
2009-10-12 00:00:00+09:00,11700.0,11850.0,11400.0,11450.0,55639,0.0,0.0
2009-10-13 00:00:00+09:00,11750.0,12650.0,11750.0,12000.0,374948,0.0,0.0
2009-10-14 00:00:00+09:00,12150.0,12400.0,11550.0,12100.0,153939,0.0,0.0
2009-10-15 00:00:00+09:00,12100.0,12300.0,11850.0,11900.0,72607,0.0,0.0
2009-10-16 00:00:00+09:00,11800.0,11950.0,11500.0,11650.0,74627,0.0,0.0
2009-10-19 00:00:00+09:00,11300.0,11600.0,11300.0,11500.0,40637,0.0,0.0
2009-10-20 00:00:00+09:00,11500.0,11800.0,11350.0,11750.0,65360,0.0,0.0
2009-10-21 00:00:00+09:00,11600.0,12100.0,11600.0,11800.0,107359,0.0,0.0
2009-10-22 00:00:00+09:00,11800.0,11800.0,11450.0,11500.0,52441,0.0,0.0
2009-10-23 00:00:00+09:00,11700.0,11700.0,11350.0,11400.0,36787,0.0,0.0
2009-10-26 00:00:00+09:00,11000.0,11300.0,10900.0,11100.0,63571,0.0,0.0
2009-10-27 00:00:00+09:00,11100.0,11250.0,11050.0,11150.0,33139,0.0,0.0
2009-10-28 00:00:00+09:00,11400.0,11400.0,10900.0,11100.0,37028,0.0,0.0
2009-10-29 00:00:00+09:00,11000.0,11000.0,10600.0,11000.0,50538,0.0,0.0
2009-10-30 00:00:00+09:00,11000.0,11200.0,10800.0,10900.0,30827,0.0,0.0
2009-11-02 00:00:00+09:00,10500.0,10700.0,10300.0,10500.0,29924,0.0,0.0
2009-11-03 00:00:00+09:00,10450.0,10700.0,10450.0,10500.0,26659,0.0,0.0
2009-11-04 00:00:00+09:00,10400.0,10600.0,10400.0,10600.0,20299,0.0,0.0
2009-11-05 00:00:00+09:00,10650.0,10650.0,10450.0,10600.0,17812,0.0,0.0
2009-11-06 00:00:00+09:00,10800.0,10800.0,10500.0,10600.0,31000,0.0,0.0
2009-11-09 00:00:00+09:00,10600.0,10750.0,10250.0,10400.0,53956,0.0,0.0
2009-11-10 00:00:00+09:00,10450.0,10550.0,9900.0,9900.0,85146,0.0,0.0
2009-11-11 00:00:00+09:00,9850.0,10500.0,9850.0,10350.0,85232,0.0,0.0
2009-11-12 00:00:00+09:00,10400.0,11050.0,10400.0,10600.0,244293,0.0,0.0
2009-11-13 00:00:00+09:00,10550.0,10750.0,10500.0,10600.0,53490,0.0,0.0
2009-11-16 00:00:00+09:00,10600.0,10800.0,10400.0,10800.0,40733,0.0,0.0
2009-11-17 00:00:00+09:00,10750.0,10900.0,10650.0,10900.0,44409,0.0,0.0
2009-11-18 00:00:00+09:00,10650.0,10800.0,10500.0,10600.0,57855,0.0,0.0
2009-11-19 00:00:00+09:00,10500.0,10850.0,10500.0,10850.0,42745,0.0,0.0
2009-11-20 00:00:00+09:00,10700.0,10950.0,10650.0,10650.0,48090,0.0,0.0
2009-11-23 00:00:00+09:00,10700.0,10750.0,10550.0,10650.0,31757,0.0,0.0
2009-11-24 00:00:00+09:00,10750.0,11300.0,10700.0,10900.0,278377,0.0,0.0
2009-11-25 00:00:00+09:00,11000.0,12300.0,10950.0,11900.0,505878,0.0,0.0
2009-11-26 00:00:00+09:00,11900.0,12100.0,11350.0,11350.0,201376,0.0,0.0
2009-11-27 00:00:00+09:00,11250.0,11900.0,10650.0,10650.0,380821,0.0,0.0
2009-11-30 00:00:00+09:00,10950.0,11300.0,10800.0,11100.0,125624,0.0,0.0
2009-12-01 00:00:00+09:00,11150.0,11850.0,11050.0,11600.0,380089,0.0,0.0
2009-12-02 00:00:00+09:00,11550.0,11700.0,11150.0,11550.0,192115,0.0,0.0
2009-12-03 00:00:00+09:00,11450.0,13100.0,11400.0,12500.0,976812,0.0,0.0
2009-12-04 00:00:00+09:00,12650.0,13350.0,12400.0,13350.0,431607,0.0,0.0
2009-12-07 00:00:00+09:00,13300.0,13700.0,12850.0,13450.0,251972,0.0,0.0
2009-12-08 00:00:00+09:00,13400.0,13450.0,13150.0,13350.0,133323,0.0,0.0
2009-12-09 00:00:00+09:00,13150.0,13650.0,12900.0,13450.0,279016,0.0,0.0
2009-12-10 00:00:00+09:00,13400.0,13450.0,12650.0,12950.0,262172,0.0,0.0
2009-12-11 00:00:00+09:00,13300.0,13500.0,13000.0,13150.0,312956,0.0,0.0
2009-12-14 00:00:00+09:00,13150.0,13300.0,13050.0,13250.0,116274,0.0,0.0
2009-12-15 00:00:00+09:00,13300.0,14100.0,13300.0,13500.0,347518,0.0,0.0
2009-12-16 00:00:00+09:00,13400.0,13750.0,13000.0,13350.0,243790,0.0,0.0
2009-12-17 00:00:00+09:00,13300.0,14100.0,13050.0,14100.0,299884,0.0,0.0
2009-12-18 00:00:00+09:00,14050.0,14300.0,13800.0,14000.0,227416,0.0,0.0
2009-12-21 00:00:00+09:00,14150.0,14400.0,13750.0,13950.0,180587,0.0,0.0
2009-12-22 00:00:00+09:00,14000.0,14250.0,13100.0,13150.0,285036,0.0,0.0
2009-12-23 00:00:00+09:00,13200.0,13350.0,12850.0,13100.0,142084,0.0,0.0
2009-12-24 00:00:00+09:00,13150.0,13400.0,12850.0,13050.0,90911,0.0,0.0
2009-12-28 00:00:00+09:00,13150.0,13150.0,12500.0,12550.0,147306,0.0,0.0
2009-12-29 00:00:00+09:00,12550.0,12750.0,12350.0,12400.0,80395,0.0,0.0
2009-12-30 00:00:00+09:00,12450.0,13150.0,12450.0,12850.0,111919,0.0,0.0
2010-01-04 00:00:00+09:00,13100.0,13550.0,12850.0,13150.0,203241,0.0,0.0
2010-01-05 00:00:00+09:00,13400.0,13550.0,12900.0,13000.0,199427,0.0,0.0
2010-01-06 00:00:00+09:00,13050.0,13200.0,12850.0,12950.0,97858,0.0,0.0
2010-01-07 00:00:00+09:00,13100.0,13150.0,12450.0,12450.0,187424,0.0,0.0
2010-01-08 00:00:00+09:00,12600.0,12700.0,12150.0,12350.0,133079,0.0,0.0
2010-01-11 00:00:00+09:00,12500.0,12650.0,12350.0,12400.0,134367,0.0,0.0
2010-01-12 00:00:00+09:00,12400.0,12650.0,11650.0,11950.0,317040,0.0,0.0
2010-01-13 00:00:00+09:00,11850.0,12100.0,11500.0,11600.0,160312,0.0,0.0
2010-01-14 00:00:00+09:00,11650.0,11800.0,11100.0,11250.0,157112,0.0,0.0
2010-01-15 00:00:00+09:00,11350.0,12200.0,11350.0,11900.0,327140,0.0,0.0
2010-01-18 00:00:00+09:00,11750.0,12150.0,11700.0,12100.0,148417,0.0,0.0
2010-01-19 00:00:00+09:00,12200.0,12250.0,11700.0,11850.0,145159,0.0,0.0
2010-01-20 00:00:00+09:00,12050.0,12500.0,11700.0,12150.0,239418,0.0,0.0
2010-01-21 00:00:00+09:00,12200.0,12250.0,11950.0,12050.0,105570,0.0,0.0
2010-01-22 00:00:00+09:00,11800.0,12550.0,11750.0,12450.0,202928,0.0,0.0
2010-01-25 00:00:00+09:00,12300.0,13150.0,12150.0,12800.0,292837,0.0,0.0
2010-01-26 00:00:00+09:00,12950.0,12950.0,12200.0,12300.0,160124,0.0,0.0
2010-01-27 00:00:00+09:00,12350.0,12900.0,12150.0,12150.0,213335,0.0,0.0
2010-01-28 00:00:00+09:00,12700.0,13950.0,12600.0,13950.0,1627836,0.0,0.0
2010-01-29 00:00:00+09:00,13750.0,14850.0,12850.0,12900.0,2155257,0.0,0.0
2010-02-01 00:00:00+09:00,13100.0,13550.0,12400.0,12500.0,634266,0.0,0.0
2010-02-02 00:00:00+09:00,12700.0,13250.0,12600.0,12900.0,426530,0.0,0.0
2010-02-03 00:00:00+09:00,13350.0,14800.0,13200.0,14800.0,1503542,0.0,0.0
2010-02-04 00:00:00+09:00,14600.0,14700.0,14100.0,14450.0,772195,0.0,0.0
2010-02-05 00:00:00+09:00,13600.0,13800.0,13200.0,13700.0,619207,0.0,0.0
2010-02-08 00:00:00+09:00,14100.0,14450.0,13400.0,13400.0,684449,0.0,0.0
2010-02-09 00:00:00+09:00,13350.0,13800.0,13150.0,13800.0,388226,0.0,0.0
2010-02-10 00:00:00+09:00,14000.0,14050.0,13000.0,13150.0,305027,0.0,0.0
2010-02-11 00:00:00+09:00,13250.0,13600.0,12950.0,13450.0,220964,0.0,0.0
2010-02-12 00:00:00+09:00,13450.0,13800.0,13200.0,13650.0,224475,0.0,0.0
2010-02-16 00:00:00+09:00,13700.0,14000.0,13550.0,13550.0,202451,0.0,0.0
2010-02-17 00:00:00+09:00,13700.0,13950.0,13300.0,13400.0,277202,0.0,0.0
2010-02-18 00:00:00+09:00,13600.0,13650.0,13150.0,13500.0,228530,0.0,0.0
2010-02-19 00:00:00+09:00,13450.0,14000.0,12850.0,12850.0,516777,0.0,0.0
2010-02-22 00:00:00+09:00,13150.0,13500.0,12900.0,13200.0,242116,0.0,0.0
2010-02-23 00:00:00+09:00,13350.0,13800.0,13350.0,13400.0,257712,0.0,0.0
2010-02-24 00:00:00+09:00,13300.0,13450.0,13150.0,13400.0,104395,0.0,0.0
2010-02-25 00:00:00+09:00,13700.0,14400.0,13500.0,13650.0,779718,0.0,0.0
2010-02-26 00:00:00+09:00,13750.0,13800.0,13250.0,13350.0,189418,0.0,0.0
2010-03-02 00:00:00+09:00,13550.0,13600.0,13250.0,13250.0,114002,0.0,0.0
2010-03-03 00:00:00+09:00,13250.0,13550.0,13200.0,13350.0,123166,0.0,0.0
2010-03-04 00:00:00+09:00,13350.0,13400.0,13000.0,13000.0,136966,0.0,0.0
2010-03-05 00:00:00+09:00,13150.0,13200.0,12900.0,13200.0,119987,0.0,0.0
2010-03-08 00:00:00+09:00,13350.0,13400.0,13150.0,13250.0,110608,0.0,0.0
2010-03-09 00:00:00+09:00,13400.0,14200.0,13300.0,13850.0,516099,0.0,0.0
2010-03-10 00:00:00+09:00,13850.0,14300.0,13650.0,13950.0,262980,0.0,0.0
2010-03-11 00:00:00+09:00,13950.0,13950.0,13550.0,13550.0,143460,0.0,0.0
2010-03-12 00:00:00+09:00,13650.0,14650.0,13550.0,14300.0,838389,0.0,0.0
2010-03-15 00:00:00+09:00,14300.0,14750.0,14000.0,14400.0,348950,0.0,0.0
2010-03-16 00:00:00+09:00,14500.0,14650.0,14200.0,14350.0,210543,0.0,0.0
2010-03-17 00:00:00+09:00,14400.0,14850.0,13900.0,13900.0,454486,0.0,0.0
2010-03-18 00:00:00+09:00,14100.0,14200.0,13850.0,14100.0,186648,0.0,0.0
2010-03-19 00:00:00+09:00,14250.0,14450.0,13950.0,14250.0,194849,0.0,0.0
2010-03-22 00:00:00+09:00,14300.0,14300.0,13900.0,13950.0,163669,0.0,0.0
2010-03-23 00:00:00+09:00,14000.0,14450.0,14000.0,14100.0,160284,0.0,0.0
2010-03-24 00:00:00+09:00,14300.0,14400.0,13750.0,13750.0,181901,0.0,0.0
2010-03-25 00:00:00+09:00,13750.0,13800.0,13350.0,13500.0,141311,0.0,0.0
2010-03-26 00:00:00+09:00,13500.0,13750.0,13400.0,13700.0,73757,0.0,0.0
2010-03-29 00:00:00+09:00,13500.0,13600.0,13400.0,13400.0,75886,0.0,0.0
2010-03-30 00:00:00+09:00,13600.0,13800.0,13500.0,13750.0,80747,0.0,0.0
2010-03-31 00:00:00+09:00,13800.0,13800.0,13350.0,13450.0,75848,0.0,0.0
2010-04-01 00:00:00+09:00,13450.0,13850.0,13350.0,13800.0,86080,0.0,0.0
2010-04-02 00:00:00+09:00,13800.0,13800.0,13550.0,13600.0,50988,0.0,0.0
2010-04-05 00:00:00+09:00,13600.0,13700.0,12800.0,13200.0,128434,0.0,0.0
2010-04-06 00:00:00+09:00,13200.0,13300.0,12850.0,13000.0,72286,0.0,0.0
2010-04-07 00:00:00+09:00,13000.0,13400.0,13000.0,13400.0,46479,0.0,0.0
2010-04-08 00:00:00+09:00,13400.0,14000.0,13250.0,13800.0,104335,0.0,0.0
2010-04-09 00:00:00+09:00,13900.0,14100.0,13550.0,14100.0,100147,0.0,0.0
2010-04-12 00:00:00+09:00,14150.0,14200.0,13750.0,13850.0,71649,0.0,0.0
2010-04-13 00:00:00+09:00,13850.0,14050.0,13750.0,13900.0,38053,0.0,0.0
2010-04-14 00:00:00+09:00,14000.0,14050.0,13800.0,13900.0,47523,0.0,0.0
2010-04-15 00:00:00+09:00,13900.0,13950.0,13600.0,13650.0,54429,0.0,0.0
2010-04-16 00:00:00+09:00,13650.0,13900.0,13600.0,13850.0,96080,0.0,0.0
2010-04-19 00:00:00+09:00,13800.0,14250.0,13350.0,13550.0,188292,0.0,0.0
2010-04-20 00:00:00+09:00,13600.0,13850.0,13500.0,13750.0,58840,0.0,0.0
2010-04-21 00:00:00+09:00,13900.0,14200.0,13900.0,13950.0,90662,0.0,0.0
2010-04-22 00:00:00+09:00,13900.0,14050.0,13700.0,13900.0,53237,0.0,0.0
2010-04-23 00:00:00+09:00,13900.0,14600.0,13800.0,14200.0,584743,0.0,0.0
2010-04-26 00:00:00+09:00,14200.0,14500.0,14000.0,14000.0,356226,0.0,0.0
2010-04-27 00:00:00+09:00,14150.0,14500.0,13900.0,14500.0,239257,0.0,0.0
2010-04-28 00:00:00+09:00,14150.0,15350.0,14050.0,14900.0,473424,0.0,0.0
2010-04-29 00:00:00+09:00,15150.0,15500.0,14650.0,14800.0,380813,0.0,0.0
2010-04-30 00:00:00+09:00,15450.0,15850.0,15200.0,15200.0,694649,0.0,0.0
2010-05-03 00:00:00+09:00,15300.0,15600.0,14950.0,15300.0,274530,0.0,0.0
2010-05-04 00:00:00+09:00,15550.0,16150.0,15450.0,15600.0,312910,0.0,0.0
2010-05-06 00:00:00+09:00,14850.0,15300.0,14800.0,15050.0,284453,0.0,0.0
2010-05-07 00:00:00+09:00,14400.0,14800.0,14150.0,14700.0,212165,0.0,0.0
2010-05-10 00:00:00+09:00,14900.0,15200.0,14650.0,15050.0,138306,0.0,0.0
2010-05-11 00:00:00+09:00,15250.0,15750.0,15050.0,15350.0,224679,0.0,0.0
2010-05-12 00:00:00+09:00,15500.0,15900.0,15250.0,15300.0,245310,0.0,0.0
2010-05-13 00:00:00+09:00,15600.0,17500.0,15600.0,17300.0,697006,0.0,0.0
2010-05-14 00:00:00+09:00,17100.0,17650.0,16900.0,17600.0,321386,0.0,0.0
2010-05-17 00:00:00+09:00,17350.0,17650.0,16700.0,16750.0,280162,0.0,0.0
2010-05-18 00:00:00+09:00,17000.0,17000.0,16050.0,16200.0,250301,0.0,0.0
2010-05-19 00:00:00+09:00,16000.0,16500.0,15850.0,16450.0,165395,0.0,0.0
2010-05-20 00:00:00+09:00,16400.0,16650.0,14300.0,15300.0,287033,0.0,0.0
2010-05-24 00:00:00+09:00,15000.0,15550.0,14750.0,15050.0,164143,0.0,0.0
2010-05-25 00:00:00+09:00,14850.0,14850.0,13150.0,13700.0,423544,0.0,0.0
2010-05-26 00:00:00+09:00,14000.0,14300.0,13500.0,14100.0,181556,0.0,0.0
2010-05-27 00:00:00+09:00,14300.0,14600.0,14100.0,14350.0,200584,0.0,0.0
2010-05-28 00:00:00+09:00,14650.0,14700.0,14300.0,14300.0,142288,0.0,0.0
2010-05-31 00:00:00+09:00,14350.0,15000.0,14300.0,14900.0,127163,0.0,0.0
2010-06-01 00:00:00+09:00,14900.0,14900.0,14450.0,14600.0,77037,0.0,0.0
2010-06-03 00:00:00+09:00,14800.0,15100.0,14650.0,14700.0,99807,0.0,0.0
2010-06-04 00:00:00+09:00,14750.0,14850.0,14350.0,14400.0,76738,0.0,0.0
2010-06-07 00:00:00+09:00,13750.0,14100.0,13650.0,14050.0,114489,0.0,0.0
2010-06-08 00:00:00+09:00,14050.0,14600.0,14050.0,14300.0,93734,0.0,0.0
2010-06-09 00:00:00+09:00,14400.0,14800.0,14300.0,14500.0,84803,0.0,0.0
2010-06-10 00:00:00+09:00,14500.0,14800.0,14400.0,14600.0,68807,0.0,0.0
2010-06-11 00:00:00+09:00,15050.0,16600.0,15050.0,15150.0,548266,0.0,0.0
2010-06-14 00:00:00+09:00,15200.0,15600.0,15150.0,15150.0,107004,0.0,0.0
2010-06-15 00:00:00+09:00,15150.0,15500.0,15050.0,15350.0,70025,0.0,0.0
2010-06-16 00:00:00+09:00,15550.0,15650.0,15200.0,15200.0,88713,0.0,0.0
2010-06-17 00:00:00+09:00,15250.0,15450.0,15150.0,15250.0,63912,0.0,0.0
2010-06-18 00:00:00+09:00,15400.0,15400.0,14800.0,14800.0,88583,0.0,0.0
2010-06-21 00:00:00+09:00,14950.0,15150.0,14800.0,14900.0,46044,0.0,0.0
2010-06-22 00:00:00+09:00,14900.0,14950.0,14300.0,14550.0,73538,0.0,0.0
2010-06-23 00:00:00+09:00,14600.0,15450.0,14550.0,15300.0,118457,0.0,0.0
2010-06-24 00:00:00+09:00,15350.0,15550.0,15200.0,15300.0,56414,0.0,0.0
2010-06-25 00:00:00+09:00,15200.0,15550.0,15050.0,15450.0,55165,0.0,0.0
2010-06-28 00:00:00+09:00,15650.0,15650.0,15300.0,15350.0,48455,0.0,0.0
2010-06-29 00:00:00+09:00,15350.0,15350.0,14650.0,14650.0,78524,0.0,0.0
2010-06-30 00:00:00+09:00,14200.0,15200.0,14100.0,14900.0,66885,0.0,0.0
2010-07-01 00:00:00+09:00,14750.0,14850.0,14300.0,14550.0,59666,0.0,0.0
2010-07-02 00:00:00+09:00,14500.0,14750.0,14350.0,14500.0,45209,0.0,0.0
2010-07-05 00:00:00+09:00,14400.0,14550.0,14300.0,14400.0,31057,0.0,0.0
2010-07-06 00:00:00+09:00,14500.0,14500.0,13950.0,14500.0,78627,0.0,0.0
2010-07-07 00:00:00+09:00,14500.0,14550.0,14300.0,14450.0,34226,0.0,0.0
2010-07-08 00:00:00+09:00,14700.0,14800.0,14500.0,14650.0,49849,0.0,0.0
2010-07-09 00:00:00+09:00,14650.0,14900.0,14500.0,14650.0,30573,0.0,0.0
2010-07-12 00:00:00+09:00,14600.0,15400.0,14600.0,15150.0,112752,0.0,0.0
2010-07-13 00:00:00+09:00,15300.0,15300.0,14950.0,14950.0,52377,0.0,0.0
2010-07-14 00:00:00+09:00,15150.0,15450.0,15000.0,15300.0,94211,0.0,0.0
2010-07-15 00:00:00+09:00,15400.0,15800.0,15200.0,15450.0,138948,0.0,0.0
2010-07-16 00:00:00+09:00,15300.0,15500.0,14850.0,14850.0,89778,0.0,0.0
2010-07-19 00:00:00+09:00,14600.0,14900.0,14550.0,14750.0,64229,0.0,0.0
2010-07-20 00:00:00+09:00,14700.0,14900.0,14700.0,14850.0,34678,0.0,0.0
2010-07-21 00:00:00+09:00,15050.0,15050.0,14750.0,14900.0,46031,0.0,0.0
2010-07-22 00:00:00+09:00,14850.0,15000.0,14300.0,14450.0,78447,0.0,0.0
2010-07-23 00:00:00+09:00,14700.0,14800.0,13750.0,14150.0,129029,0.0,0.0
2010-07-26 00:00:00+09:00,14200.0,14400.0,14000.0,14200.0,60223,0.0,0.0
2010-07-27 00:00:00+09:00,14150.0,14200.0,13900.0,14150.0,73892,0.0,0.0
2010-07-28 00:00:00+09:00,14100.0,14400.0,14100.0,14250.0,36303,0.0,0.0
2010-07-29 00:00:00+09:00,14350.0,14650.0,14250.0,14600.0,72356,0.0,0.0
2010-07-30 00:00:00+09:00,14550.0,14600.0,14250.0,14450.0,33176,0.0,0.0
2010-08-02 00:00:00+09:00,14500.0,14600.0,14200.0,14250.0,34904,0.0,0.0
2010-08-03 00:00:00+09:00,14250.0,14450.0,13750.0,13900.0,73524,0.0,0.0
2010-08-04 00:00:00+09:00,14000.0,14000.0,13450.0,13600.0,93329,0.0,0.0
2010-08-05 00:00:00+09:00,13500.0,13750.0,13200.0,13250.0,74194,0.0,0.0
2010-08-06 00:00:00+09:00,13400.0,14200.0,13200.0,14000.0,94919,0.0,0.0
2010-08-09 00:00:00+09:00,14000.0,14600.0,13800.0,14450.0,68699,0.0,0.0
2010-08-10 00:00:00+09:00,14400.0,14400.0,14000.0,14250.0,26553,0.0,0.0
2010-08-11 00:00:00+09:00,14050.0,14200.0,13800.0,14200.0,54986,0.0,0.0
2010-08-12 00:00:00+09:00,13700.0,14100.0,13700.0,13850.0,15816,0.0,0.0
2010-08-13 00:00:00+09:00,13900.0,14250.0,13900.0,14200.0,38017,0.0,0.0
2010-08-16 00:00:00+09:00,14150.0,14300.0,13700.0,13900.0,60051,0.0,0.0
2010-08-17 00:00:00+09:00,13850.0,14050.0,13800.0,13850.0,26406,0.0,0.0
2010-08-18 00:00:00+09:00,13850.0,14150.0,13850.0,14000.0,32362,0.0,0.0
2010-08-19 00:00:00+09:00,14000.0,14150.0,13950.0,14000.0,26259,0.0,0.0
2010-08-20 00:00:00+09:00,14000.0,14000.0,13550.0,13650.0,49380,0.0,0.0
2010-08-23 00:00:00+09:00,13500.0,13700.0,13250.0,13250.0,56758,0.0,0.0
2010-08-24 00:00:00+09:00,13250.0,13500.0,13250.0,13250.0,37056,0.0,0.0
2010-08-25 00:00:00+09:00,13050.0,13350.0,13050.0,13200.0,25381,0.0,0.0
2010-08-26 00:00:00+09:00,13400.0,13600.0,13300.0,13450.0,28470,0.0,0.0
2010-08-27 00:00:00+09:00,13400.0,13600.0,13000.0,13300.0,43578,0.0,0.0
2010-08-30 00:00:00+09:00,13400.0,13700.0,13200.0,13300.0,17209,0.0,0.0
2010-08-31 00:00:00+09:00,13000.0,13400.0,13000.0,13300.0,15860,0.0,0.0
2010-09-01 00:00:00+09:00,13400.0,13600.0,13350.0,13600.0,21896,0.0,0.0
2010-09-02 00:00:00+09:00,13650.0,13750.0,13500.0,13600.0,19552,0.0,0.0
2010-09-03 00:00:00+09:00,13650.0,13850.0,13600.0,13700.0,28502,0.0,0.0
2010-09-06 00:00:00+09:00,13800.0,13850.0,13650.0,13800.0,16489,0.0,0.0
2010-09-07 00:00:00+09:00,13850.0,13850.0,13650.0,13750.0,17660,0.0,0.0
2010-09-08 00:00:00+09:00,13700.0,13700.0,13400.0,13650.0,16832,0.0,0.0
2010-09-09 00:00:00+09:00,13700.0,14150.0,13700.0,14000.0,56953,0.0,0.0
2010-09-10 00:00:00+09:00,14000.0,14150.0,13800.0,13850.0,20966,0.0,0.0
2010-09-13 00:00:00+09:00,14000.0,14200.0,13850.0,14200.0,34782,0.0,0.0
2010-09-14 00:00:00+09:00,13950.0,14600.0,13950.0,14500.0,53768,0.0,0.0
2010-09-15 00:00:00+09:00,14450.0,14500.0,14150.0,14300.0,23589,0.0,0.0
2010-09-16 00:00:00+09:00,14300.0,14300.0,13850.0,13850.0,27371,0.0,0.0
2010-09-17 00:00:00+09:00,13650.0,14100.0,13650.0,13950.0,42983,0.0,0.0
2010-09-20 00:00:00+09:00,13950.0,13950.0,13600.0,13750.0,28536,0.0,0.0
2010-09-24 00:00:00+09:00,13550.0,13800.0,13300.0,13800.0,41018,0.0,0.0
2010-09-27 00:00:00+09:00,13550.0,14250.0,13550.0,14250.0,100776,0.0,0.0
2010-09-28 00:00:00+09:00,14250.0,14250.0,13600.0,13750.0,60411,0.0,0.0
2010-09-29 00:00:00+09:00,13800.0,13950.0,13700.0,13800.0,41445,0.0,0.0
2010-09-30 00:00:00+09:00,13800.0,13850.0,13650.0,13800.0,28508,0.0,0.0
2010-10-01 00:00:00+09:00,13800.0,13900.0,13400.0,13400.0,53147,0.0,0.0
2010-10-04 00:00:00+09:00,13500.0,13750.0,13400.0,13500.0,44486,0.0,0.0
2010-10-05 00:00:00+09:00,13500.0,13600.0,13300.0,13500.0,49056,0.0,0.0
2010-10-06 00:00:00+09:00,13600.0,15400.0,13400.0,14950.0,235461,0.0,0.0
2010-10-07 00:00:00+09:00,14900.0,14950.0,14300.0,14400.0,115826,0.0,0.0
2010-10-08 00:00:00+09:00,14500.0,14600.0,14100.0,14200.0,47465,0.0,0.0
2010-10-11 00:00:00+09:00,14150.0,14400.0,13900.0,14150.0,100076,0.0,0.0
2010-10-12 00:00:00+09:00,14200.0,14300.0,13950.0,14200.0,53857,0.0,0.0
2010-10-13 00:00:00+09:00,14250.0,14500.0,13900.0,14350.0,49152,0.0,0.0
2010-10-14 00:00:00+09:00,14400.0,14450.0,14050.0,14300.0,64725,0.0,0.0
2010-10-15 00:00:00+09:00,14150.0,14400.0,14000.0,14150.0,49945,0.0,0.0
2010-10-18 00:00:00+09:00,14250.0,14650.0,14200.0,14600.0,83790,0.0,0.0
2010-10-19 00:00:00+09:00,14800.0,15100.0,14600.0,14850.0,131647,0.0,0.0
2010-10-20 00:00:00+09:00,14800.0,15000.0,14600.0,15000.0,58033,0.0,0.0
2010-10-21 00:00:00+09:00,15100.0,15250.0,14700.0,14850.0,90535,0.0,0.0
2010-10-22 00:00:00+09:00,14950.0,14950.0,14300.0,14550.0,87221,0.0,0.0
2010-10-25 00:00:00+09:00,14600.0,15150.0,14600.0,15100.0,127181,0.0,0.0
2010-10-26 00:00:00+09:00,15050.0,15050.0,14550.0,14750.0,102106,0.0,0.0
2010-10-27 00:00:00+09:00,14750.0,14850.0,14600.0,14700.0,56651,0.0,0.0
2010-10-28 00:00:00+09:00,14900.0,14900.0,14600.0,14700.0,38627,0.0,0.0
2010-10-29 00:00:00+09:00,14800.0,14900.0,14650.0,14700.0,38877,0.0,0.0
2010-11-01 00:00:00+09:00,14800.0,14950.0,14600.0,14750.0,66903,0.0,0.0
2010-11-02 00:00:00+09:00,14750.0,14950.0,14700.0,14700.0,33944,0.0,0.0
2010-11-03 00:00:00+09:00,14900.0,14950.0,14600.0,14950.0,67902,0.0,0.0
2010-11-04 00:00:00+09:00,15000.0,16100.0,14750.0,15350.0,385202,0.0,0.0
2010-11-05 00:00:00+09:00,15600.0,16050.0,15150.0,15400.0,181401,0.0,0.0
2010-11-08 00:00:00+09:00,15500.0,15550.0,15150.0,15350.0,65391,0.0,0.0
2010-11-09 00:00:00+09:00,15250.0,15500.0,14800.0,14900.0,88857,0.0,0.0
2010-11-10 00:00:00+09:00,15000.0,16350.0,14500.0,16300.0,385176,0.0,0.0
2010-11-11 00:00:00+09:00,16150.0,16150.0,15450.0,15550.0,188805,0.0,0.0
2010-11-12 00:00:00+09:00,15600.0,15750.0,15100.0,15450.0,171553,0.0,0.0
2010-11-15 00:00:00+09:00,15550.0,15850.0,15400.0,15650.0,93571,0.0,0.0
2010-11-16 00:00:00+09:00,15700.0,15700.0,15200.0,15200.0,60861,0.0,0.0
2010-11-17 00:00:00+09:00,14750.0,15100.0,14600.0,15000.0,63351,0.0,0.0
2010-11-18 00:00:00+09:00,14850.0,15250.0,14850.0,15100.0,35332,0.0,0.0
2010-11-19 00:00:00+09:00,15100.0,15250.0,14900.0,15050.0,30379,0.0,0.0
2010-11-22 00:00:00+09:00,14900.0,15100.0,14850.0,14950.0,34443,0.0,0.0
2010-11-23 00:00:00+09:00,15000.0,15400.0,14950.0,15100.0,38840,0.0,0.0
2010-11-24 00:00:00+09:00,14400.0,14800.0,14300.0,14650.0,67109,0.0,0.0
2010-11-25 00:00:00+09:00,14800.0,15600.0,14600.0,15500.0,68612,0.0,0.0
2010-11-26 00:00:00+09:00,15600.0,16000.0,14900.0,14900.0,154156,0.0,0.0
2010-11-29 00:00:00+09:00,14950.0,15100.0,14650.0,14700.0,52805,0.0,0.0
2010-11-30 00:00:00+09:00,14900.0,15500.0,14750.0,15050.0,67572,0.0,0.0
2010-12-01 00:00:00+09:00,15200.0,15350.0,15000.0,15100.0,22831,0.0,0.0
2010-12-02 00:00:00+09:00,15300.0,15300.0,15000.0,15100.0,22316,0.0,0.0
2010-12-03 00:00:00+09:00,15150.0,15150.0,14700.0,14750.0,24751,0.0,0.0
2010-12-06 00:00:00+09:00,14650.0,14850.0,14600.0,14700.0,28960,0.0,0.0
2010-12-07 00:00:00+09:00,14700.0,14950.0,14700.0,14700.0,15226,0.0,0.0
2010-12-08 00:00:00+09:00,14800.0,15000.0,14550.0,14650.0,54691,0.0,0.0
2010-12-09 00:00:00+09:00,14700.0,14900.0,14500.0,14600.0,44369,0.0,0.0
2010-12-10 00:00:00+09:00,14600.0,14800.0,14550.0,14750.0,35952,0.0,0.0
2010-12-13 00:00:00+09:00,14800.0,14800.0,14550.0,14650.0,32368,0.0,0.0
2010-12-14 00:00:00+09:00,14700.0,15000.0,14600.0,14650.0,43274,0.0,0.0
2010-12-15 00:00:00+09:00,14750.0,14750.0,14500.0,14700.0,22214,0.0,0.0
2010-12-16 00:00:00+09:00,14400.0,14750.0,14400.0,14550.0,25255,0.0,0.0
2010-12-17 00:00:00+09:00,14700.0,14700.0,14350.0,14450.0,33201,0.0,0.0
2010-12-20 00:00:00+09:00,14450.0,14450.0,13750.0,14200.0,52708,0.0,0.0
2010-12-21 00:00:00+09:00,14200.0,14650.0,14200.0,14250.0,27895,0.0,0.0
2010-12-22 00:00:00+09:00,14300.0,14500.0,14250.0,14350.0,14331,0.0,0.0
2010-12-23 00:00:00+09:00,14350.0,14700.0,14350.0,14550.0,44668,0.0,0.0
2010-12-24 00:00:00+09:00,14550.0,14950.0,14550.0,14550.0,40403,0.0,0.0
2010-12-27 00:00:00+09:00,14450.0,14700.0,14450.0,14600.0,11600,0.0,0.0
2010-12-28 00:00:00+09:00,14700.0,14750.0,14350.0,14550.0,23337,0.0,0.0
2010-12-29 00:00:00+09:00,14400.0,14500.0,14250.0,14450.0,18300,0.0,0.0
2010-12-30 00:00:00+09:00,14400.0,14650.0,14300.0,14450.0,31137,0.0,0.0
2011-01-03 00:00:00+09:00,14450.0,14650.0,14400.0,14550.0,19872,0.0,0.0
2011-01-04 00:00:00+09:00,14600.0,14750.0,14500.0,14550.0,36581,0.0,0.0
2011-01-05 00:00:00+09:00,14450.0,14700.0,14300.0,14350.0,26082,0.0,0.0
2011-01-06 00:00:00+09:00,14400.0,14500.0,14250.0,14500.0,39865,0.0,0.0
2011-01-07 00:00:00+09:00,14500.0,14500.0,13900.0,14000.0,63205,0.0,0.0
2011-01-10 00:00:00+09:00,14100.0,14100.0,13600.0,13800.0,47635,0.0,0.0
2011-01-11 00:00:00+09:00,13800.0,13800.0,13550.0,13750.0,34946,0.0,0.0
2011-01-12 00:00:00+09:00,13700.0,13900.0,13650.0,13800.0,37253,0.0,0.0
2011-01-13 00:00:00+09:00,13750.0,13800.0,13450.0,13450.0,34879,0.0,0.0
2011-01-14 00:00:00+09:00,13350.0,13450.0,13200.0,13250.0,35159,0.0,0.0
2011-01-17 00:00:00+09:00,13250.0,13600.0,13200.0,13450.0,34363,0.0,0.0
2011-01-18 00:00:00+09:00,13600.0,13650.0,13450.0,13600.0,12381,0.0,0.0
2011-01-19 00:00:00+09:00,13650.0,13650.0,13250.0,13300.0,21071,0.0,0.0
2011-01-20 00:00:00+09:00,13000.0,13350.0,13000.0,13300.0,28003,0.0,0.0
2011-01-21 00:00:00+09:00,13300.0,13450.0,12350.0,13200.0,52001,0.0,0.0
2011-01-24 00:00:00+09:00,13200.0,13350.0,12850.0,13150.0,24597,0.0,0.0
2011-01-25 00:00:00+09:00,13150.0,13200.0,12650.0,12700.0,32637,0.0,0.0
2011-01-26 00:00:00+09:00,12750.0,13550.0,12550.0,13000.0,88154,0.0,0.0
2011-01-27 00:00:00+09:00,12950.0,13100.0,12800.0,12850.0,15571,0.0,0.0
2011-01-28 00:00:00+09:00,12950.0,13000.0,12400.0,12450.0,32808,0.0,0.0
2011-01-31 00:00:00+09:00,12350.0,13000.0,12200.0,12450.0,39401,0.0,0.0
2011-02-01 00:00:00+09:00,12600.0,12750.0,12550.0,12650.0,19673,0.0,0.0
2011-02-07 00:00:00+09:00,12700.0,12750.0,12300.0,12550.0,21009,0.0,0.0
2011-02-08 00:00:00+09:00,12700.0,12700.0,12450.0,12600.0,11623,0.0,0.0
2011-02-09 00:00:00+09:00,12600.0,12650.0,12450.0,12600.0,15603,0.0,0.0
2011-02-10 00:00:00+09:00,12500.0,12750.0,12500.0,12650.0,16244,0.0,0.0
2011-02-11 00:00:00+09:00,12700.0,12700.0,12200.0,12200.0,12945,0.0,0.0
2011-02-14 00:00:00+09:00,12250.0,12600.0,12150.0,12250.0,26828,0.0,0.0
2011-02-15 00:00:00+09:00,12250.0,12400.0,12000.0,12300.0,17715,0.0,0.0
2011-02-16 00:00:00+09:00,12300.0,12400.0,12200.0,12300.0,15893,0.0,0.0
2011-02-17 00:00:00+09:00,12200.0,12450.0,11650.0,12000.0,22650,0.0,0.0
2011-02-18 00:00:00+09:00,12350.0,12350.0,11750.0,11750.0,24707,0.0,0.0
2011-02-21 00:00:00+09:00,11800.0,11850.0,11400.0,11500.0,23262,0.0,0.0
2011-02-22 00:00:00+09:00,11500.0,11550.0,10500.0,10650.0,87876,0.0,0.0
2011-02-23 00:00:00+09:00,10650.0,11100.0,10650.0,10900.0,35733,0.0,0.0
2011-02-24 00:00:00+09:00,10850.0,10950.0,10650.0,10700.0,16674,0.0,0.0
2011-02-25 00:00:00+09:00,10600.0,10850.0,10600.0,10700.0,16629,0.0,0.0
2011-02-28 00:00:00+09:00,10800.0,10900.0,10500.0,10700.0,12173,0.0,0.0
2011-03-02 00:00:00+09:00,10800.0,11050.0,10700.0,10800.0,13199,0.0,0.0
2011-03-03 00:00:00+09:00,10800.0,11250.0,10800.0,10950.0,22041,0.0,0.0
2011-03-04 00:00:00+09:00,11000.0,11250.0,10950.0,11050.0,23001,0.0,0.0
2011-03-07 00:00:00+09:00,11200.0,11200.0,10950.0,11050.0,6215,0.0,0.0
2011-03-08 00:00:00+09:00,10950.0,11000.0,10650.0,10750.0,22897,0.0,0.0
2011-03-09 00:00:00+09:00,10750.0,11100.0,10750.0,11000.0,22146,0.0,0.0
2011-03-10 00:00:00+09:00,11250.0,11250.0,10750.0,10850.0,14416,0.0,0.0
2011-03-11 00:00:00+09:00,10700.0,10750.0,10500.0,10700.0,14437,0.0,0.0
2011-03-14 00:00:00+09:00,10500.0,10500.0,9990.0,10150.0,50590,0.0,0.0
2011-03-15 00:00:00+09:00,10000.0,10200.0,9600.0,9810.0,44261,0.0,0.0
2011-03-16 00:00:00+09:00,9800.0,10000.0,9700.0,9980.0,23986,0.0,0.0
2011-03-17 00:00:00+09:00,9890.0,10100.0,9720.0,10000.0,16067,0.0,0.0
2011-03-18 00:00:00+09:00,10100.0,10400.0,10000.0,10300.0,25188,0.0,0.0
2011-03-21 00:00:00+09:00,10250.0,10550.0,10200.0,10350.0,15079,0.0,0.0
2011-03-22 00:00:00+09:00,10400.0,10600.0,10250.0,10350.0,7061,0.0,0.0
2011-03-23 00:00:00+09:00,10350.0,10450.0,10150.0,10250.0,8430,0.0,0.0
2011-03-24 00:00:00+09:00,10250.0,10400.0,10150.0,10300.0,11471,0.0,0.0
2011-03-25 00:00:00+09:00,10300.0,10400.0,10200.0,10350.0,13263,0.0,0.0
2011-03-28 00:00:00+09:00,10350.0,10400.0,10100.0,10100.0,8499,0.0,0.0
2011-03-29 00:00:00+09:00,10100.0,10500.0,9700.0,10150.0,16136,0.0,0.0
2011-03-30 00:00:00+09:00,10100.0,10250.0,9980.0,10050.0,11780,0.0,0.0
2011-03-31 00:00:00+09:00,9990.0,10150.0,9990.0,10100.0,11052,0.0,0.0
2011-04-01 00:00:00+09:00,10100.0,11000.0,10100.0,10900.0,44395,0.0,0.0
2011-04-04 00:00:00+09:00,11000.0,11300.0,10750.0,11000.0,27448,0.0,0.0
2011-04-05 00:00:00+09:00,10850.0,11300.0,10850.0,11200.0,23825,0.0,0.0
2011-04-06 00:00:00+09:00,11100.0,11300.0,11100.0,11200.0,28060,0.0,0.0
2011-04-07 00:00:00+09:00,11300.0,11300.0,10950.0,11200.0,11362,0.0,0.0
2011-04-08 00:00:00+09:00,11200.0,11200.0,10900.0,10950.0,19226,0.0,0.0
2011-04-11 00:00:00+09:00,10900.0,11100.0,10800.0,10850.0,8480,0.0,0.0
2011-04-12 00:00:00+09:00,10750.0,10950.0,10600.0,10650.0,6378,0.0,0.0
2011-04-13 00:00:00+09:00,10600.0,11050.0,10550.0,11050.0,12541,0.0,0.0
2011-04-14 00:00:00+09:00,10900.0,11200.0,10850.0,10900.0,7012,0.0,0.0
2011-04-15 00:00:00+09:00,10850.0,11100.0,10800.0,10900.0,10293,0.0,0.0
2011-04-18 00:00:00+09:00,11000.0,11000.0,10650.0,10700.0,18480,0.0,0.0
2011-04-19 00:00:00+09:00,10750.0,10850.0,10350.0,10650.0,13293,0.0,0.0
2011-04-20 00:00:00+09:00,10750.0,10750.0,10300.0,10300.0,21806,0.0,0.0
2011-04-21 00:00:00+09:00,10400.0,10450.0,10000.0,10050.0,28064,0.0,0.0
2011-04-22 00:00:00+09:00,10200.0,10300.0,10050.0,10050.0,13960,0.0,0.0
2011-04-25 00:00:00+09:00,10100.0,10200.0,10000.0,10150.0,13769,0.0,0.0
2011-04-26 00:00:00+09:00,10150.0,10150.0,9970.0,9970.0,13657,0.0,0.0
2011-04-27 00:00:00+09:00,10000.0,10150.0,9900.0,9920.0,6759,0.0,0.0
2011-04-28 00:00:00+09:00,9900.0,10000.0,9770.0,9800.0,12684,0.0,0.0
2011-04-29 00:00:00+09:00,9880.0,10500.0,9810.0,10250.0,27347,0.0,0.0
2011-05-02 00:00:00+09:00,10250.0,10400.0,10100.0,10300.0,10196,0.0,0.0
2011-05-03 00:00:00+09:00,10450.0,10450.0,10100.0,10350.0,22640,0.0,0.0
2011-05-04 00:00:00+09:00,10450.0,10500.0,10150.0,10350.0,16059,0.0,0.0
2011-05-06 00:00:00+09:00,10450.0,10450.0,10000.0,10000.0,15187,0.0,0.0
2011-05-09 00:00:00+09:00,10100.0,10100.0,9950.0,10000.0,9774,0.0,0.0
2011-05-11 00:00:00+09:00,9940.0,10050.0,9920.0,9940.0,16365,0.0,0.0
2011-05-12 00:00:00+09:00,9950.0,9950.0,9620.0,9690.0,37021,0.0,0.0
2011-05-13 00:00:00+09:00,9700.0,9800.0,9400.0,9400.0,17739,0.0,0.0
2011-05-16 00:00:00+09:00,9400.0,9400.0,8970.0,9110.0,26402,0.0,0.0
2011-05-17 00:00:00+09:00,9090.0,9480.0,9090.0,9150.0,33808,0.0,0.0
2011-05-18 00:00:00+09:00,9180.0,9330.0,9180.0,9310.0,13534,0.0,0.0
2011-05-19 00:00:00+09:00,9310.0,9450.0,9000.0,9160.0,8310,0.0,0.0
2011-05-20 00:00:00+09:00,9160.0,9270.0,8900.0,8900.0,24799,0.0,0.0
2011-05-23 00:00:00+09:00,8900.0,9010.0,8500.0,8520.0,28552,0.0,0.0
2011-05-24 00:00:00+09:00,8480.0,8710.0,8300.0,8370.0,29238,0.0,0.0
2011-05-25 00:00:00+09:00,8250.0,8480.0,8230.0,8230.0,26028,0.0,0.0
2011-05-26 00:00:00+09:00,8150.0,8340.0,8150.0,8290.0,34304,0.0,0.0
2011-05-27 00:00:00+09:00,8360.0,8380.0,8230.0,8300.0,23751,0.0,0.0
2011-05-30 00:00:00+09:00,8310.0,8430.0,8300.0,8300.0,20300,0.0,0.0
2011-05-31 00:00:00+09:00,8400.0,8400.0,7720.0,7720.0,36224,0.0,0.0
2011-06-01 00:00:00+09:00,7800.0,8440.0,7800.0,8210.0,36756,0.0,0.0
2011-06-02 00:00:00+09:00,8090.0,8390.0,8090.0,8270.0,14641,0.0,0.0
2011-06-03 00:00:00+09:00,8270.0,8450.0,8250.0,8280.0,5770,0.0,0.0
2011-06-07 00:00:00+09:00,8380.0,8380.0,8280.0,8350.0,10192,0.0,0.0
2011-06-08 00:00:00+09:00,8220.0,8400.0,8220.0,8350.0,11732,0.0,0.0
2011-06-09 00:00:00+09:00,8420.0,8420.0,8010.0,8050.0,23556,0.0,0.0
2011-06-10 00:00:00+09:00,8220.0,8220.0,8090.0,8100.0,9809,0.0,0.0
2011-06-13 00:00:00+09:00,8020.0,8400.0,8010.0,8320.0,13857,0.0,0.0
2011-06-14 00:00:00+09:00,8440.0,8830.0,8390.0,8650.0,25818,0.0,0.0
2011-06-15 00:00:00+09:00,8550.0,8690.0,8550.0,8610.0,10501,0.0,0.0
2011-06-16 00:00:00+09:00,8610.0,8690.0,8510.0,8690.0,11909,0.0,0.0
2011-06-17 00:00:00+09:00,8790.0,8790.0,8570.0,8640.0,7559,0.0,0.0
2011-06-20 00:00:00+09:00,8630.0,8640.0,8200.0,8220.0,14139,0.0,0.0
2011-06-21 00:00:00+09:00,8300.0,8300.0,8150.0,8220.0,8528,0.0,0.0
2011-06-22 00:00:00+09:00,8110.0,8350.0,8110.0,8260.0,12475,0.0,0.0
2011-06-23 00:00:00+09:00,8290.0,8290.0,8150.0,8270.0,9813,0.0,0.0
2011-06-24 00:00:00+09:00,8220.0,8540.0,8220.0,8300.0,10102,0.0,0.0
2011-06-27 00:00:00+09:00,8250.0,8460.0,8250.0,8360.0,6569,0.0,0.0
2011-06-28 00:00:00+09:00,8360.0,8480.0,8360.0,8400.0,9194,0.0,0.0
2011-06-29 00:00:00+09:00,8520.0,8520.0,8350.0,8430.0,8850,0.0,0.0
2011-06-30 00:00:00+09:00,8440.0,8450.0,8280.0,8430.0,6428,0.0,0.0
2011-07-01 00:00:00+09:00,8330.0,8450.0,8150.0,8200.0,39613,0.0,0.0
2011-07-04 00:00:00+09:00,8250.0,8270.0,8210.0,8240.0,31170,0.0,0.0
2011-07-05 00:00:00+09:00,8270.0,8290.0,8200.0,8290.0,22231,0.0,0.0
2011-07-06 00:00:00+09:00,8300.0,8450.0,8290.0,8430.0,31253,0.0,0.0
2011-07-07 00:00:00+09:00,8480.0,8530.0,8380.0,8450.0,24792,0.0,0.0
2011-07-08 00:00:00+09:00,8490.0,8680.0,8450.0,8680.0,21473,0.0,0.0
2011-07-11 00:00:00+09:00,8670.0,8960.0,8670.0,8930.0,26899,0.0,0.0
2011-07-12 00:00:00+09:00,8970.0,9000.0,8610.0,8770.0,25604,0.0,0.0
2011-07-13 00:00:00+09:00,8870.0,8880.0,8670.0,8780.0,19399,0.0,0.0
2011-07-14 00:00:00+09:00,8780.0,8860.0,8580.0,8640.0,15262,0.0,0.0
2011-07-15 00:00:00+09:00,8690.0,8700.0,8560.0,8640.0,16634,0.0,0.0
2011-07-18 00:00:00+09:00,8610.0,8820.0,8590.0,8800.0,25665,0.0,0.0
2011-07-19 00:00:00+09:00,8710.0,8830.0,8690.0,8800.0,27816,0.0,0.0
2011-07-20 00:00:00+09:00,8850.0,8950.0,8750.0,8830.0,28019,0.0,0.0
2011-07-21 00:00:00+09:00,8860.0,9970.0,8860.0,9340.0,155052,0.0,0.0
2011-07-22 00:00:00+09:00,9400.0,9400.0,9200.0,9250.0,28892,0.0,0.0
2011-07-25 00:00:00+09:00,9250.0,9310.0,8970.0,9100.0,33891,0.0,0.0
2011-07-26 00:00:00+09:00,9290.0,9290.0,9090.0,9200.0,12857,0.0,0.0
2011-07-27 00:00:00+09:00,10450.0,10550.0,10100.0,10550.0,578805,0.0,0.0
2011-07-28 00:00:00+09:00,10500.0,11500.0,10100.0,10350.0,790428,0.0,0.0
2011-07-29 00:00:00+09:00,10350.0,10650.0,9340.0,9690.0,356247,0.0,0.0
2011-08-01 00:00:00+09:00,9870.0,9940.0,9560.0,9750.0,109840,0.0,0.0
2011-08-02 00:00:00+09:00,9700.0,9840.0,9260.0,9340.0,113264,0.0,0.0
2011-08-03 00:00:00+09:00,9440.0,9440.0,9000.0,9090.0,75379,0.0,0.0
2011-08-04 00:00:00+09:00,9150.0,9320.0,8920.0,9060.0,68858,0.0,0.0
2011-08-05 00:00:00+09:00,8460.0,8460.0,8110.0,8200.0,100773,0.0,0.0
2011-08-08 00:00:00+09:00,8180.0,8290.0,7390.0,7770.0,85439,0.0,0.0
2011-08-09 00:00:00+09:00,7300.0,7600.0,7050.0,7390.0,86723,0.0,0.0
2011-08-10 00:00:00+09:00,7570.0,7970.0,7570.0,7730.0,69040,0.0,0.0
2011-08-11 00:00:00+09:00,7580.0,8130.0,7310.0,8100.0,50025,0.0,0.0
2011-08-12 00:00:00+09:00,8390.0,8390.0,7960.0,8110.0,58610,0.0,0.0
2011-08-16 00:00:00+09:00,8260.0,8460.0,8200.0,8390.0,40880,0.0,0.0
2011-08-17 00:00:00+09:00,8390.0,8500.0,8240.0,8420.0,39965,0.0,0.0
2011-08-18 00:00:00+09:00,8430.0,8640.0,8180.0,8600.0,61608,0.0,0.0
2011-08-19 00:00:00+09:00,8250.0,8400.0,8100.0,8250.0,60695,0.0,0.0
2011-08-22 00:00:00+09:00,8250.0,8800.0,8250.0,8700.0,69116,0.0,0.0
2011-08-23 00:00:00+09:00,8700.0,9150.0,8610.0,9050.0,61611,0.0,0.0
2011-08-24 00:00:00+09:00,9140.0,9260.0,8910.0,9190.0,43760,0.0,0.0
2011-08-25 00:00:00+09:00,9110.0,9320.0,9000.0,9160.0,32521,0.0,0.0
2011-08-26 00:00:00+09:00,9010.0,9310.0,9010.0,9190.0,62254,0.0,0.0
2011-08-29 00:00:00+09:00,9120.0,9290.0,9100.0,9170.0,36408,0.0,0.0
2011-08-30 00:00:00+09:00,9240.0,9250.0,8760.0,8900.0,135924,0.0,0.0
2011-08-31 00:00:00+09:00,9360.0,9650.0,8990.0,9320.0,494714,0.0,0.0
2011-09-01 00:00:00+09:00,9400.0,9430.0,9020.0,9020.0,211661,0.0,0.0
2011-09-02 00:00:00+09:00,8910.0,9370.0,8860.0,9360.0,165134,0.0,0.0
2011-09-05 00:00:00+09:00,9290.0,9360.0,9090.0,9300.0,124308,0.0,0.0
2011-09-06 00:00:00+09:00,9210.0,9680.0,8050.0,8100.0,636990,0.0,0.0
2011-09-07 00:00:00+09:00,8260.0,8380.0,8020.0,8090.0,132142,0.0,0.0
2011-09-08 00:00:00+09:00,8150.0,8170.0,7900.0,7900.0,74241,0.0,0.0
2011-09-09 00:00:00+09:00,7850.0,8100.0,7750.0,7910.0,35258,0.0,0.0
2011-09-14 00:00:00+09:00,7880.0,8010.0,7310.0,7310.0,68406,0.0,0.0
2011-09-15 00:00:00+09:00,7510.0,7600.0,7110.0,7280.0,90245,0.0,0.0
2011-09-16 00:00:00+09:00,7450.0,7500.0,7340.0,7420.0,62968,0.0,0.0
2011-09-19 00:00:00+09:00,7420.0,7500.0,7240.0,7310.0,36920,0.0,0.0
2011-09-20 00:00:00+09:00,7250.0,7460.0,7230.0,7460.0,49136,0.0,0.0
2011-09-21 00:00:00+09:00,7480.0,7540.0,7380.0,7480.0,52144,0.0,0.0
2011-09-22 00:00:00+09:00,7450.0,7450.0,7160.0,7270.0,40567,0.0,0.0
2011-09-23 00:00:00+09:00,7120.0,7120.0,6800.0,6850.0,66752,0.0,0.0
2011-09-26 00:00:00+09:00,6910.0,7000.0,6200.0,6400.0,83800,0.0,0.0
2011-09-27 00:00:00+09:00,6400.0,6830.0,6400.0,6830.0,39555,0.0,0.0
2011-09-28 00:00:00+09:00,6950.0,6970.0,6830.0,6960.0,16795,0.0,0.0
2011-09-29 00:00:00+09:00,6950.0,7000.0,6820.0,6990.0,16658,0.0,0.0
2011-09-30 00:00:00+09:00,6950.0,7010.0,6860.0,6980.0,21405,0.0,0.0
2011-10-04 00:00:00+09:00,6770.0,6800.0,6620.0,6750.0,10107,0.0,0.0
2011-10-05 00:00:00+09:00,6770.0,6830.0,6560.0,6730.0,30628,0.0,0.0
2011-10-06 00:00:00+09:00,6730.0,7030.0,6730.0,6940.0,39386,0.0,0.0
2011-10-07 00:00:00+09:00,7020.0,7120.0,6950.0,7060.0,32723,0.0,0.0
2011-10-10 00:00:00+09:00,7130.0,7320.0,7050.0,7290.0,24676,0.0,0.0
2011-10-11 00:00:00+09:00,7410.0,7410.0,7110.0,7280.0,29008,0.0,0.0
2011-10-12 00:00:00+09:00,7430.0,7430.0,7080.0,7330.0,24714,0.0,0.0
2011-10-13 00:00:00+09:00,7400.0,7430.0,7300.0,7420.0,29283,0.0,0.0
2011-10-14 00:00:00+09:00,7420.0,7420.0,7200.0,7370.0,11879,0.0,0.0
2011-10-17 00:00:00+09:00,7310.0,7860.0,7300.0,7790.0,59309,0.0,0.0
2011-10-18 00:00:00+09:00,7600.0,7790.0,7560.0,7600.0,21013,0.0,0.0
2011-10-19 00:00:00+09:00,7700.0,7800.0,7470.0,7580.0,30177,0.0,0.0
2011-10-20 00:00:00+09:00,7690.0,7690.0,7370.0,7380.0,28052,0.0,0.0
2011-10-21 00:00:00+09:00,7480.0,7480.0,7310.0,7450.0,29693,0.0,0.0
2011-10-24 00:00:00+09:00,7450.0,7500.0,7300.0,7440.0,24187,0.0,0.0
2011-10-25 00:00:00+09:00,7490.0,7490.0,7310.0,7450.0,26330,0.0,0.0
2011-10-26 00:00:00+09:00,7460.0,7780.0,7450.0,7650.0,30916,0.0,0.0
2011-10-27 00:00:00+09:00,7700.0,7940.0,7600.0,7880.0,41664,0.0,0.0
2011-10-28 00:00:00+09:00,8060.0,8060.0,7500.0,7740.0,42935,0.0,0.0
2011-10-31 00:00:00+09:00,8000.0,8030.0,7510.0,7650.0,24091,0.0,0.0
2011-11-01 00:00:00+09:00,7450.0,7600.0,7410.0,7560.0,21721,0.0,0.0
2011-11-02 00:00:00+09:00,7330.0,7570.0,7330.0,7560.0,31477,0.0,0.0
2011-11-03 00:00:00+09:00,7560.0,7750.0,7400.0,7680.0,32687,0.0,0.0
2011-11-04 00:00:00+09:00,7800.0,8230.0,7800.0,8070.0,43400,0.0,0.0
2011-11-07 00:00:00+09:00,7930.0,8260.0,7860.0,8240.0,56550,0.0,0.0
2011-11-08 00:00:00+09:00,8180.0,8280.0,8100.0,8230.0,60401,0.0,0.0
2011-11-09 00:00:00+09:00,8240.0,8320.0,8090.0,8320.0,38194,0.0,0.0
2011-11-10 00:00:00+09:00,8290.0,9000.0,8040.0,8730.0,126345,0.0,0.0
2011-11-11 00:00:00+09:00,8800.0,9300.0,8740.0,9000.0,115514,0.0,0.0
2011-11-14 00:00:00+09:00,8900.0,9000.0,8610.0,8990.0,102352,0.0,0.0
2011-11-15 00:00:00+09:00,8810.0,9390.0,8770.0,9360.0,75943,0.0,0.0
2011-11-16 00:00:00+09:00,9510.0,9990.0,9300.0,9470.0,182514,0.0,0.0
2011-11-17 00:00:00+09:00,9330.0,9550.0,8900.0,8930.0,126839,0.0,0.0
2011-11-18 00:00:00+09:00,8920.0,9840.0,8800.0,9620.0,132911,0.0,0.0
2011-11-21 00:00:00+09:00,9900.0,11050.0,9900.0,11050.0,932361,0.0,0.0
2011-11-22 00:00:00+09:00,11300.0,12150.0,10900.0,11600.0,840757,0.0,0.0
2011-11-23 00:00:00+09:00,11750.0,12500.0,11100.0,12050.0,393963,0.0,0.0
2011-11-24 00:00:00+09:00,12000.0,12500.0,11100.0,11250.0,738727,0.0,0.0
2011-11-25 00:00:00+09:00,11150.0,12050.0,9600.0,10400.0,1584578,0.0,0.0
2011-11-28 00:00:00+09:00,10800.0,11850.0,10600.0,10800.0,763559,0.0,0.0
2011-11-29 00:00:00+09:00,10800.0,11150.0,9950.0,10300.0,288229,0.0,0.0
2011-11-30 00:00:00+09:00,10500.0,10600.0,10000.0,10300.0,203251,0.0,0.0
2011-12-01 00:00:00+09:00,10550.0,11000.0,10200.0,10200.0,287270,0.0,0.0
2011-12-02 00:00:00+09:00,10200.0,10400.0,9700.0,10400.0,225370,0.0,0.0
2011-12-05 00:00:00+09:00,10400.0,10600.0,10250.0,10600.0,127951,0.0,0.0
2011-12-06 00:00:00+09:00,10700.0,11300.0,10450.0,10700.0,421116,0.0,0.0
2011-12-07 00:00:00+09:00,10850.0,11050.0,10550.0,10750.0,208550,0.0,0.0
2011-12-08 00:00:00+09:00,10750.0,10800.0,10100.0,10250.0,131871,0.0,0.0
2011-12-09 00:00:00+09:00,10150.0,10250.0,9740.0,9810.0,106550,0.0,0.0
2011-12-12 00:00:00+09:00,10050.0,10100.0,9660.0,9700.0,77304,0.0,0.0
2011-12-13 00:00:00+09:00,9690.0,9810.0,9370.0,9720.0,93240,0.0,0.0
2011-12-14 00:00:00+09:00,9700.0,10450.0,9700.0,10200.0,235660,0.0,0.0
2011-12-15 00:00:00+09:00,10250.0,10400.0,9900.0,10100.0,74063,0.0,0.0
2011-12-16 00:00:00+09:00,10150.0,10150.0,9850.0,9960.0,43200,0.0,0.0
2011-12-19 00:00:00+09:00,10100.0,10100.0,8500.0,9160.0,128231,0.0,0.0
2011-12-20 00:00:00+09:00,9110.0,9500.0,8900.0,9450.0,25361,0.0,0.0
2011-12-21 00:00:00+09:00,9580.0,9930.0,9550.0,9740.0,51450,0.0,0.0
2011-12-22 00:00:00+09:00,9690.0,10350.0,9680.0,10200.0,108575,0.0,0.0
2011-12-23 00:00:00+09:00,10150.0,10400.0,10000.0,10300.0,115696,0.0,0.0
2011-12-26 00:00:00+09:00,10300.0,10300.0,10000.0,10150.0,70612,0.0,0.0
2011-12-27 00:00:00+09:00,10300.0,10300.0,9900.0,10150.0,108929,0.0,0.0
2011-12-28 00:00:00+09:00,10050.0,11650.0,10050.0,11650.0,598115,0.0,0.0
2011-12-29 00:00:00+09:00,12050.0,12450.0,11550.0,11650.0,866351,0.0,0.0
2012-01-02 00:00:00+09:00,11700.0,11950.0,11300.0,11850.0,326128,0.0,0.0
2012-01-03 00:00:00+09:00,12400.0,13500.0,12200.0,12500.0,1175705,0.0,0.0
2012-01-04 00:00:00+09:00,12600.0,13600.0,12250.0,13400.0,500448,0.0,0.0
2012-01-05 00:00:00+09:00,13200.0,13850.0,12950.0,13400.0,319650,0.0,0.0
2012-01-06 00:00:00+09:00,13400.0,14000.0,13100.0,13650.0,242791,0.0,0.0
2012-01-09 00:00:00+09:00,13650.0,13900.0,13250.0,13500.0,186202,0.0,0.0
2012-01-10 00:00:00+09:00,13750.0,14150.0,13350.0,13450.0,202748,0.0,0.0
2012-01-11 00:00:00+09:00,13650.0,13800.0,13000.0,13000.0,126343,0.0,0.0
2012-01-12 00:00:00+09:00,13150.0,13350.0,12800.0,13200.0,124376,0.0,0.0
2012-01-13 00:00:00+09:00,13200.0,13600.0,12950.0,13250.0,119955,0.0,0.0
2012-01-16 00:00:00+09:00,13150.0,13450.0,12850.0,13400.0,95143,0.0,0.0
2012-01-17 00:00:00+09:00,13600.0,13600.0,12350.0,12900.0,440600,0.0,0.0
2012-01-18 00:00:00+09:00,12800.0,13050.0,12350.0,12550.0,221893,0.0,0.0
2012-01-19 00:00:00+09:00,12700.0,12950.0,12400.0,12950.0,91675,0.0,0.0
2012-01-20 00:00:00+09:00,13100.0,13150.0,12850.0,12900.0,91790,0.0,0.0
2012-01-25 00:00:00+09:00,12900.0,12950.0,12650.0,12750.0,63280,0.0,0.0
2012-01-26 00:00:00+09:00,12750.0,13350.0,12750.0,13350.0,145277,0.0,0.0
2012-01-27 00:00:00+09:00,13450.0,13850.0,13150.0,13850.0,191758,0.0,0.0
2012-01-30 00:00:00+09:00,13800.0,14050.0,13650.0,13800.0,128991,0.0,0.0
2012-01-31 00:00:00+09:00,13850.0,14300.0,13700.0,14050.0,165078,0.0,0.0
2012-02-01 00:00:00+09:00,14500.0,14650.0,13900.0,14250.0,283754,0.0,0.0
2012-02-02 00:00:00+09:00,14300.0,14550.0,14050.0,14400.0,166958,0.0,0.0
2012-02-03 00:00:00+09:00,14400.0,14400.0,13800.0,13800.0,111281,0.0,0.0
2012-02-06 00:00:00+09:00,14150.0,14800.0,14050.0,14450.0,324217,0.0,0.0
2012-02-07 00:00:00+09:00,14550.0,14750.0,14400.0,14750.0,173087,0.0,0.0
2012-02-08 00:00:00+09:00,14800.0,15000.0,14550.0,15000.0,161497,0.0,0.0
2012-02-09 00:00:00+09:00,15000.0,15550.0,14800.0,15000.0,196814,0.0,0.0
2012-02-10 00:00:00+09:00,15200.0,17250.0,15200.0,16350.0,790348,0.0,0.0
2012-02-13 00:00:00+09:00,16300.0,16900.0,16300.0,16650.0,169003,0.0,0.0
2012-02-14 00:00:00+09:00,16950.0,16950.0,16150.0,16700.0,149683,0.0,0.0
2012-02-15 00:00:00+09:00,16350.0,16800.0,16000.0,16750.0,123655,0.0,0.0
2012-02-16 00:00:00+09:00,16750.0,16750.0,15900.0,15900.0,107761,0.0,0.0
2012-02-17 00:00:00+09:00,16100.0,16250.0,15700.0,16200.0,105803,0.0,0.0
2012-02-20 00:00:00+09:00,16250.0,16400.0,15950.0,16200.0,87149,0.0,0.0
2012-02-21 00:00:00+09:00,16100.0,16600.0,15950.0,16600.0,98976,0.0,0.0
2012-02-22 00:00:00+09:00,16750.0,18050.0,16600.0,17550.0,384565,0.0,0.0
2012-02-23 00:00:00+09:00,17500.0,17650.0,17250.0,17300.0,71821,0.0,0.0
2012-02-24 00:00:00+09:00,17750.0,19200.0,17650.0,18100.0,321118,0.0,0.0
2012-02-27 00:00:00+09:00,18000.0,18500.0,17550.0,18400.0,153106,0.0,0.0
2012-02-28 00:00:00+09:00,18400.0,18600.0,17900.0,18000.0,86404,0.0,0.0
2012-02-29 00:00:00+09:00,17850.0,18300.0,17450.0,18150.0,173105,0.0,0.0
2012-03-02 00:00:00+09:00,18350.0,18600.0,18000.0,18400.0,113133,0.0,0.0
2012-03-05 00:00:00+09:00,18650.0,19100.0,17900.0,18100.0,142725,0.0,0.0
2012-03-06 00:00:00+09:00,18450.0,18450.0,17350.0,17450.0,99356,0.0,0.0
2012-03-07 00:00:00+09:00,17300.0,17950.0,17000.0,17700.0,73814,0.0,0.0
2012-03-08 00:00:00+09:00,17750.0,18100.0,17650.0,17900.0,72899,0.0,0.0
2012-03-09 00:00:00+09:00,17900.0,18200.0,17500.0,18200.0,76344,0.0,0.0
2012-03-12 00:00:00+09:00,18250.0,19000.0,18000.0,18800.0,128324,0.0,0.0
2012-03-13 00:00:00+09:00,18800.0,19050.0,18400.0,18950.0,107899,0.0,0.0
2012-03-14 00:00:00+09:00,19150.0,19150.0,18550.0,18550.0,65515,0.0,0.0
2012-03-15 00:00:00+09:00,18100.0,18850.0,18000.0,18550.0,90370,0.0,0.0
2012-03-16 00:00:00+09:00,18800.0,18900.0,18300.0,18400.0,56066,0.0,0.0
2012-03-19 00:00:00+09:00,18400.0,18400.0,17800.0,17800.0,117915,0.0,0.0
2012-03-20 00:00:00+09:00,17800.0,17800.0,16700.0,16800.0,277534,0.0,0.0
2012-03-21 00:00:00+09:00,16800.0,17150.0,16800.0,16950.0,130142,0.0,0.0
2012-03-22 00:00:00+09:00,17100.0,17250.0,16650.0,16700.0,50851,0.0,0.0
2012-03-23 00:00:00+09:00,16700.0,17200.0,16200.0,17200.0,82755,0.0,0.0
2012-03-26 00:00:00+09:00,17300.0,17800.0,16900.0,17200.0,77180,0.0,0.0
2012-03-27 00:00:00+09:00,17250.0,17500.0,17050.0,17350.0,36365,0.0,0.0
2012-03-28 00:00:00+09:00,17350.0,17550.0,16750.0,17400.0,56499,0.0,0.0
2012-03-29 00:00:00+09:00,17300.0,17450.0,17000.0,17200.0,58536,0.0,0.0
2012-03-30 00:00:00+09:00,17200.0,17400.0,17050.0,17150.0,49651,0.0,0.0
2012-04-02 00:00:00+09:00,17050.0,17300.0,16300.0,16350.0,108765,0.0,0.0
2012-04-03 00:00:00+09:00,16500.0,16700.0,16250.0,16600.0,54821,0.0,0.0
2012-04-04 00:00:00+09:00,16500.0,18100.0,16500.0,17750.0,286934,0.0,0.0
2012-04-05 00:00:00+09:00,17500.0,18900.0,17500.0,18500.0,200334,0.0,0.0
2012-04-06 00:00:00+09:00,18550.0,18800.0,18300.0,18500.0,97370,0.0,0.0
2012-04-09 00:00:00+09:00,18800.0,20000.0,18700.0,19600.0,254527,0.0,0.0
2012-04-10 00:00:00+09:00,19900.0,20850.0,19900.0,20700.0,389925,0.0,0.0
2012-04-12 00:00:00+09:00,20950.0,22300.0,20450.0,21150.0,348231,0.0,0.0
2012-04-13 00:00:00+09:00,21100.0,21900.0,20700.0,21650.0,197597,0.0,0.0
2012-04-16 00:00:00+09:00,21450.0,22650.0,21450.0,22550.0,169132,0.0,0.0
2012-04-17 00:00:00+09:00,23500.0,23500.0,21400.0,22000.0,237619,0.0,0.0
2012-04-18 00:00:00+09:00,22400.0,22700.0,21550.0,22100.0,129720,0.0,0.0
2012-04-19 00:00:00+09:00,22100.0,22300.0,20850.0,22150.0,268596,0.0,0.0
2012-04-20 00:00:00+09:00,22100.0,22750.0,21500.0,22050.0,114424,0.0,0.0
2012-04-23 00:00:00+09:00,21700.0,21900.0,21050.0,21450.0,133016,0.0,0.0
2012-04-24 00:00:00+09:00,21500.0,21750.0,20150.0,21100.0,198724,0.0,0.0
2012-04-25 00:00:00+09:00,21200.0,21500.0,20600.0,20650.0,91632,0.0,0.0
2012-04-26 00:00:00+09:00,20800.0,21150.0,20350.0,20900.0,80194,0.0,0.0
2012-04-27 00:00:00+09:00,21100.0,23750.0,21000.0,23550.0,372581,0.0,0.0
2012-04-30 00:00:00+09:00,23500.0,24300.0,22150.0,22400.0,242421,0.0,0.0
2012-05-02 00:00:00+09:00,22300.0,22750.0,21200.0,22750.0,154335,0.0,0.0
2012-05-03 00:00:00+09:00,22750.0,22750.0,22050.0,22350.0,66383,0.0,0.0
2012-05-04 00:00:00+09:00,21900.0,22300.0,21250.0,21700.0,65053,0.0,0.0
2012-05-07 00:00:00+09:00,21100.0,22000.0,20550.0,21500.0,154009,0.0,0.0
2012-05-08 00:00:00+09:00,21600.0,22800.0,21600.0,21650.0,118894,0.0,0.0
2012-05-09 00:00:00+09:00,21800.0,22450.0,21150.0,21550.0,84581,0.0,0.0
2012-05-10 00:00:00+09:00,21650.0,22050.0,21000.0,21000.0,94890,0.0,0.0
2012-05-11 00:00:00+09:00,21150.0,21250.0,20450.0,21100.0,79472,0.0,0.0
2012-05-14 00:00:00+09:00,20800.0,21100.0,19500.0,19500.0,329212,0.0,0.0
2012-05-15 00:00:00+09:00,19150.0,20200.0,18400.0,20000.0,148105,0.0,0.0
2012-05-16 00:00:00+09:00,19950.0,21250.0,19700.0,20350.0,136678,0.0,0.0
2012-05-17 00:00:00+09:00,20350.0,20950.0,20050.0,20800.0,52814,0.0,0.0
2012-05-18 00:00:00+09:00,20500.0,20900.0,20250.0,20400.0,66924,0.0,0.0
2012-05-21 00:00:00+09:00,20200.0,20700.0,19850.0,19850.0,68279,0.0,0.0
2012-05-22 00:00:00+09:00,20250.0,20750.0,19900.0,20200.0,51846,0.0,0.0
2012-05-23 00:00:00+09:00,20500.0,20800.0,19900.0,20000.0,36648,0.0,0.0
2012-05-24 00:00:00+09:00,20050.0,20350.0,19850.0,20000.0,37634,0.0,0.0
2012-05-25 00:00:00+09:00,20400.0,20400.0,19900.0,20050.0,26533,0.0,0.0
2012-05-29 00:00:00+09:00,20700.0,21600.0,20550.0,20700.0,134311,0.0,0.0
2012-05-30 00:00:00+09:00,21000.0,21150.0,20200.0,20400.0,46451,0.0,0.0
2012-05-31 00:00:00+09:00,20400.0,20450.0,19950.0,20450.0,28706,0.0,0.0
2012-06-01 00:00:00+09:00,20450.0,21300.0,20250.0,21000.0,73291,0.0,0.0
2012-06-04 00:00:00+09:00,20050.0,20650.0,19850.0,19900.0,70669,0.0,0.0
2012-06-05 00:00:00+09:00,20100.0,20700.0,19900.0,20400.0,61360,0.0,0.0
2012-06-07 00:00:00+09:00,20950.0,20950.0,20000.0,20100.0,133010,0.0,0.0
2012-06-08 00:00:00+09:00,20300.0,20600.0,19100.0,19150.0,143472,0.0,0.0
2012-06-11 00:00:00+09:00,19300.0,19650.0,19000.0,19550.0,67709,0.0,0.0
2012-06-12 00:00:00+09:00,19200.0,19750.0,19200.0,19600.0,65470,0.0,0.0
2012-06-13 00:00:00+09:00,19550.0,19600.0,18400.0,18400.0,154339,0.0,0.0
2012-06-14 00:00:00+09:00,18050.0,18750.0,17900.0,18450.0,89218,0.0,0.0
2012-06-15 00:00:00+09:00,18650.0,18650.0,16850.0,17050.0,187883,0.0,0.0
2012-06-18 00:00:00+09:00,17500.0,17800.0,17350.0,17400.0,74419,0.0,0.0
2012-06-19 00:00:00+09:00,17600.0,17750.0,17200.0,17600.0,60807,0.0,0.0
2012-06-20 00:00:00+09:00,17900.0,18500.0,17800.0,18500.0,83146,0.0,0.0
2012-06-21 00:00:00+09:00,18350.0,18550.0,17550.0,17650.0,72016,0.0,0.0
2012-06-22 00:00:00+09:00,17500.0,17800.0,17150.0,17800.0,46109,0.0,0.0
2012-06-25 00:00:00+09:00,18000.0,18050.0,17500.0,17850.0,36155,0.0,0.0
2012-06-26 00:00:00+09:00,17900.0,17900.0,17500.0,17850.0,25194,0.0,0.0
2012-06-27 00:00:00+09:00,17900.0,18700.0,17600.0,18300.0,71905,0.0,0.0
2012-06-28 00:00:00+09:00,18450.0,18700.0,18000.0,18400.0,31021,0.0,0.0
2012-06-29 00:00:00+09:00,18150.0,18500.0,17950.0,18250.0,26669,0.0,0.0
2012-07-02 00:00:00+09:00,18300.0,18450.0,18100.0,18100.0,23825,0.0,0.0
2012-07-03 00:00:00+09:00,18100.0,18350.0,17650.0,17650.0,55753,0.0,0.0
2012-07-04 00:00:00+09:00,17800.0,17800.0,17150.0,17750.0,58523,0.0,0.0
2012-07-05 00:00:00+09:00,17950.0,18650.0,17900.0,18150.0,104217,0.0,0.0
2012-07-06 00:00:00+09:00,18450.0,18600.0,18200.0,18450.0,83686,0.0,0.0
2012-07-09 00:00:00+09:00,18600.0,19150.0,18500.0,19100.0,144457,0.0,0.0
2012-07-10 00:00:00+09:00,19250.0,19800.0,18900.0,19450.0,118795,0.0,0.0
2012-07-11 00:00:00+09:00,19450.0,19600.0,19000.0,19100.0,42242,0.0,0.0
2012-07-12 00:00:00+09:00,19250.0,19250.0,18500.0,18500.0,54345,0.0,0.0
2012-07-13 00:00:00+09:00,18300.0,18700.0,17550.0,18100.0,65601,0.0,0.0
2012-07-16 00:00:00+09:00,18100.0,18200.0,17750.0,17950.0,30060,0.0,0.0
2012-07-17 00:00:00+09:00,18200.0,18350.0,17750.0,17850.0,34818,0.0,0.0
2012-07-18 00:00:00+09:00,17750.0,18050.0,17400.0,17400.0,39788,0.0,0.0
2012-07-19 00:00:00+09:00,17750.0,17950.0,17400.0,17600.0,24845,0.0,0.0
2012-07-20 00:00:00+09:00,17650.0,17900.0,16750.0,17000.0,113945,0.0,0.0
2012-07-23 00:00:00+09:00,17000.0,17000.0,15900.0,16100.0,113824,0.0,0.0
2012-07-24 00:00:00+09:00,15950.0,16350.0,15450.0,15950.0,122365,0.0,0.0
2012-07-25 00:00:00+09:00,15600.0,16150.0,15100.0,15700.0,74943,0.0,0.0
2012-07-26 00:00:00+09:00,16000.0,16650.0,15950.0,16500.0,50976,0.0,0.0
2012-07-27 00:00:00+09:00,16800.0,16900.0,16350.0,16600.0,18863,0.0,0.0
2012-07-30 00:00:00+09:00,16800.0,16900.0,16350.0,16550.0,20693,0.0,0.0
2012-07-31 00:00:00+09:00,16750.0,16900.0,16400.0,16600.0,22694,0.0,0.0
2012-08-01 00:00:00+09:00,16600.0,16700.0,16200.0,16200.0,19343,0.0,0.0
2012-08-02 00:00:00+09:00,16200.0,16400.0,16100.0,16200.0,39125,0.0,0.0
2012-08-03 00:00:00+09:00,16000.0,16600.0,15900.0,16200.0,28059,0.0,0.0
2012-08-06 00:00:00+09:00,16400.0,16850.0,16400.0,16750.0,30837,0.0,0.0
2012-08-07 00:00:00+09:00,16750.0,17800.0,16750.0,17500.0,92328,0.0,0.0
2012-08-08 00:00:00+09:00,17550.0,17800.0,17300.0,17500.0,37635,0.0,0.0
2012-08-09 00:00:00+09:00,17500.0,17700.0,17100.0,17400.0,40998,0.0,0.0
2012-08-10 00:00:00+09:00,17400.0,17500.0,16850.0,16850.0,47691,0.0,0.0
2012-08-13 00:00:00+09:00,17000.0,17350.0,16800.0,17300.0,38584,0.0,0.0
2012-08-14 00:00:00+09:00,17100.0,17700.0,17100.0,17200.0,51450,0.0,0.0
2012-08-16 00:00:00+09:00,17150.0,17550.0,16900.0,17100.0,27444,0.0,0.0
2012-08-17 00:00:00+09:00,17100.0,17900.0,17100.0,17800.0,126245,0.0,0.0
2012-08-20 00:00:00+09:00,17700.0,17850.0,17300.0,17400.0,53665,0.0,0.0
2012-08-21 00:00:00+09:00,17400.0,17400.0,16750.0,16850.0,103897,0.0,0.0
2012-08-22 00:00:00+09:00,16850.0,16900.0,16150.0,16500.0,95611,0.0,0.0
2012-08-23 00:00:00+09:00,16350.0,17450.0,16200.0,17150.0,157385,0.0,0.0
2012-08-24 00:00:00+09:00,17150.0,17450.0,16950.0,17150.0,106092,0.0,0.0
2012-08-27 00:00:00+09:00,17150.0,18300.0,17000.0,17900.0,268886,0.0,0.0
2012-08-28 00:00:00+09:00,17800.0,17800.0,17100.0,17300.0,118714,0.0,0.0
2012-08-29 00:00:00+09:00,17700.0,18550.0,17650.0,18100.0,360448,0.0,0.0
2012-08-30 00:00:00+09:00,18300.0,19000.0,18200.0,18550.0,267445,0.0,0.0
2012-08-31 00:00:00+09:00,18500.0,18700.0,18250.0,18550.0,110696,0.0,0.0
2012-09-03 00:00:00+09:00,18550.0,18750.0,18300.0,18700.0,115079,0.0,0.0
2012-09-04 00:00:00+09:00,18800.0,18800.0,18000.0,18000.0,123823,0.0,0.0
2012-09-05 00:00:00+09:00,18000.0,18500.0,17650.0,17800.0,109334,0.0,0.0
2012-09-06 00:00:00+09:00,18000.0,18000.0,17550.0,17650.0,80743,0.0,0.0
2012-09-07 00:00:00+09:00,17700.0,18150.0,17600.0,17600.0,103289,0.0,0.0
2012-09-10 00:00:00+09:00,17600.0,17900.0,17300.0,17750.0,79070,0.0,0.0
2012-09-11 00:00:00+09:00,17650.0,17850.0,17450.0,17700.0,56382,0.0,0.0
2012-09-12 00:00:00+09:00,17850.0,17950.0,17350.0,17500.0,148206,0.0,0.0
2012-09-13 00:00:00+09:00,17500.0,17700.0,17000.0,17400.0,105175,0.0,0.0
2012-09-14 00:00:00+09:00,17600.0,17900.0,17150.0,17500.0,126108,0.0,0.0
2012-09-17 00:00:00+09:00,17600.0,17600.0,16950.0,17200.0,118001,0.0,0.0
2012-09-18 00:00:00+09:00,17100.0,18600.0,17100.0,18500.0,359420,0.0,0.0
2012-09-19 00:00:00+09:00,18500.0,19450.0,18200.0,19000.0,230346,0.0,0.0
2012-09-20 00:00:00+09:00,19100.0,19800.0,19100.0,19400.0,278078,0.0,0.0
2012-09-21 00:00:00+09:00,19500.0,19800.0,18950.0,19600.0,144189,0.0,0.0
2012-09-24 00:00:00+09:00,19750.0,19800.0,19300.0,19350.0,73007,0.0,0.0
2012-09-25 00:00:00+09:00,19650.0,20750.0,19650.0,19850.0,255200,0.0,0.0
2012-09-26 00:00:00+09:00,19750.0,20300.0,19450.0,19700.0,75190,0.0,0.0
2012-09-27 00:00:00+09:00,19700.0,19700.0,18750.0,19100.0,90526,0.0,0.0
2012-09-28 00:00:00+09:00,19300.0,19650.0,19000.0,19300.0,52070,0.0,0.0
2012-10-02 00:00:00+09:00,19600.0,20000.0,19500.0,19650.0,63052,0.0,0.0
2012-10-04 00:00:00+09:00,19500.0,20700.0,19300.0,20700.0,201181,0.0,0.0
2012-10-05 00:00:00+09:00,20850.0,21350.0,20400.0,21000.0,209273,0.0,0.0
2012-10-08 00:00:00+09:00,21100.0,21200.0,20600.0,21000.0,69705,0.0,0.0
2012-10-09 00:00:00+09:00,20900.0,21850.0,20750.0,21500.0,159237,0.0,0.0
2012-10-10 00:00:00+09:00,21300.0,21300.0,20500.0,20500.0,82090,0.0,0.0
2012-10-11 00:00:00+09:00,20500.0,20850.0,19800.0,20150.0,89736,0.0,0.0
2012-10-12 00:00:00+09:00,19750.0,20550.0,19750.0,20000.0,73110,0.0,0.0
2012-10-15 00:00:00+09:00,20300.0,20350.0,18200.0,18850.0,185452,0.0,0.0
2012-10-16 00:00:00+09:00,19150.0,19400.0,18200.0,19300.0,100246,0.0,0.0
2012-10-17 00:00:00+09:00,19450.0,19700.0,18950.0,19350.0,58905,0.0,0.0
2012-10-18 00:00:00+09:00,19150.0,19350.0,18750.0,18900.0,42141,0.0,0.0
2012-10-19 00:00:00+09:00,19100.0,19100.0,18500.0,19000.0,34740,0.0,0.0
2012-10-22 00:00:00+09:00,18900.0,19250.0,18550.0,19150.0,30616,0.0,0.0
2012-10-23 00:00:00+09:00,19200.0,19500.0,18800.0,18800.0,43606,0.0,0.0
2012-10-24 00:00:00+09:00,18550.0,18750.0,18300.0,18300.0,50695,0.0,0.0
2012-10-25 00:00:00+09:00,18300.0,18950.0,18300.0,18800.0,43156,0.0,0.0
2012-10-26 00:00:00+09:00,18750.0,18850.0,17500.0,17750.0,79321,0.0,0.0
2012-10-29 00:00:00+09:00,17700.0,18100.0,17100.0,17800.0,22926,0.0,0.0
2012-10-30 00:00:00+09:00,17250.0,18200.0,17250.0,18000.0,43441,0.0,0.0
2012-10-31 00:00:00+09:00,18450.0,18650.0,18200.0,18650.0,26448,0.0,0.0
2012-11-01 00:00:00+09:00,18750.0,19000.0,18000.0,18650.0,45797,0.0,0.0
2012-11-02 00:00:00+09:00,18750.0,18800.0,18150.0,18700.0,24722,0.0,0.0
2012-11-05 00:00:00+09:00,18700.0,18750.0,18400.0,18400.0,17901,0.0,0.0
2012-11-06 00:00:00+09:00,18250.0,18450.0,17800.0,17950.0,30768,0.0,0.0
2012-11-07 00:00:00+09:00,18000.0,18200.0,17700.0,17750.0,27380,0.0,0.0
2012-11-08 00:00:00+09:00,17750.0,17750.0,17400.0,17650.0,45302,0.0,0.0
2012-11-09 00:00:00+09:00,17650.0,18550.0,17650.0,18400.0,40640,0.0,0.0
2012-11-12 00:00:00+09:00,18700.0,18700.0,17800.0,18000.0,57408,0.0,0.0
2012-11-13 00:00:00+09:00,18000.0,18200.0,17250.0,17300.0,54943,0.0,0.0
2012-11-14 00:00:00+09:00,17500.0,17650.0,17300.0,17300.0,34534,0.0,0.0
2012-11-15 00:00:00+09:00,16900.0,17200.0,16100.0,17200.0,56291,0.0,0.0
2012-11-16 00:00:00+09:00,16850.0,17300.0,16700.0,16950.0,20217,0.0,0.0
2012-11-19 00:00:00+09:00,17000.0,17550.0,16950.0,17500.0,49682,0.0,0.0
2012-11-20 00:00:00+09:00,17600.0,17650.0,16300.0,17200.0,158382,0.0,0.0
2012-11-21 00:00:00+09:00,17350.0,17450.0,16200.0,16300.0,70655,0.0,0.0
2012-11-22 00:00:00+09:00,16400.0,16450.0,15750.0,15900.0,84537,0.0,0.0
2012-11-23 00:00:00+09:00,15750.0,16300.0,15450.0,15600.0,120090,0.0,0.0
2012-11-26 00:00:00+09:00,15650.0,16000.0,15100.0,15750.0,111459,0.0,0.0
2012-11-27 00:00:00+09:00,15950.0,15950.0,15400.0,15450.0,36200,0.0,0.0
2012-11-28 00:00:00+09:00,15300.0,15550.0,14450.0,15400.0,157961,0.0,0.0
2012-11-29 00:00:00+09:00,16100.0,16400.0,15650.0,15700.0,149568,0.0,0.0
2012-11-30 00:00:00+09:00,15600.0,15650.0,15150.0,15150.0,69344,0.0,0.0
2012-12-03 00:00:00+09:00,15150.0,15350.0,15000.0,15050.0,38363,0.0,0.0
2012-12-04 00:00:00+09:00,15100.0,16200.0,14950.0,16050.0,120505,0.0,0.0
2012-12-05 00:00:00+09:00,16050.0,16300.0,15650.0,15850.0,92234,0.0,0.0
2012-12-06 00:00:00+09:00,16200.0,17050.0,15900.0,16650.0,166526,0.0,0.0
2012-12-07 00:00:00+09:00,16850.0,17200.0,16100.0,17100.0,142808,0.0,0.0
2012-12-10 00:00:00+09:00,17300.0,17700.0,17100.0,17150.0,128715,0.0,0.0
2012-12-11 00:00:00+09:00,16900.0,17400.0,16900.0,17000.0,56590,0.0,0.0
2012-12-12 00:00:00+09:00,17000.0,17400.0,16750.0,16900.0,48485,0.0,0.0
2012-12-13 00:00:00+09:00,16900.0,17000.0,16600.0,16650.0,50699,0.0,0.0
2012-12-14 00:00:00+09:00,16700.0,17300.0,16350.0,17300.0,106880,0.0,0.0
2012-12-17 00:00:00+09:00,17400.0,18150.0,17250.0,18100.0,262237,0.0,0.0
2012-12-18 00:00:00+09:00,18100.0,18400.0,17650.0,18100.0,108215,0.0,0.0
2012-12-20 00:00:00+09:00,17850.0,18500.0,17850.0,18150.0,81998,0.0,0.0
2012-12-21 00:00:00+09:00,18150.0,18500.0,17450.0,17450.0,95411,0.0,0.0
2012-12-24 00:00:00+09:00,17200.0,18150.0,17150.0,18000.0,97396,0.0,0.0
2012-12-26 00:00:00+09:00,18000.0,18150.0,17600.0,18000.0,56922,0.0,0.0
2012-12-27 00:00:00+09:00,17800.0,18650.0,17700.0,18500.0,126147,0.0,0.0
2012-12-28 00:00:00+09:00,18600.0,18600.0,18200.0,18600.0,56477,0.0,0.0
2013-01-02 00:00:00+09:00,18800.0,18900.0,18450.0,18700.0,77957,0.0,0.0
2013-01-03 00:00:00+09:00,18850.0,18900.0,18050.0,18200.0,78229,0.0,0.0
2013-01-04 00:00:00+09:00,18100.0,18300.0,17700.0,17950.0,56690,0.0,0.0
2013-01-07 00:00:00+09:00,18000.0,18050.0,17350.0,17600.0,108173,0.0,0.0
2013-01-08 00:00:00+09:00,17600.0,17700.0,17000.0,17150.0,121000,0.0,0.0
2013-01-09 00:00:00+09:00,17250.0,17350.0,16800.0,17100.0,97410,0.0,0.0
2013-01-10 00:00:00+09:00,17200.0,17300.0,16950.0,17300.0,53568,0.0,0.0
2013-01-11 00:00:00+09:00,17200.0,17600.0,16850.0,16900.0,88263,0.0,0.0
2013-01-14 00:00:00+09:00,16800.0,16850.0,16450.0,16650.0,61406,0.0,0.0
2013-01-15 00:00:00+09:00,16950.0,17350.0,16650.0,16650.0,94009,0.0,0.0
2013-01-16 00:00:00+09:00,16700.0,17100.0,16450.0,16550.0,47517,0.0,0.0
2013-01-17 00:00:00+09:00,16600.0,17600.0,16150.0,17550.0,162745,0.0,0.0
2013-01-18 00:00:00+09:00,17600.0,17600.0,16900.0,17050.0,125283,0.0,0.0
2013-01-21 00:00:00+09:00,17100.0,17150.0,16650.0,16700.0,62081,0.0,0.0
2013-01-22 00:00:00+09:00,16750.0,17000.0,16700.0,17000.0,37796,0.0,0.0
2013-01-23 00:00:00+09:00,17050.0,17050.0,16800.0,16900.0,32860,0.0,0.0
2013-01-24 00:00:00+09:00,16800.0,17700.0,16600.0,17000.0,142850,0.0,0.0
2013-01-25 00:00:00+09:00,17050.0,17300.0,16600.0,16700.0,34656,0.0,0.0
2013-01-28 00:00:00+09:00,16600.0,16900.0,16100.0,16150.0,44491,0.0,0.0
2013-01-29 00:00:00+09:00,16250.0,16400.0,15900.0,16150.0,41993,0.0,0.0
2013-01-30 00:00:00+09:00,16100.0,16250.0,16000.0,16100.0,27203,0.0,0.0
2013-01-31 00:00:00+09:00,15950.0,16200.0,15900.0,16200.0,12135,0.0,0.0
2013-02-01 00:00:00+09:00,16200.0,16250.0,15600.0,16150.0,35237,0.0,0.0
2013-02-04 00:00:00+09:00,16100.0,16250.0,15500.0,15650.0,49626,0.0,0.0
2013-02-05 00:00:00+09:00,15500.0,15700.0,15250.0,15500.0,20706,0.0,0.0
2013-02-06 00:00:00+09:00,15550.0,15650.0,15450.0,15450.0,20068,0.0,0.0
2013-02-07 00:00:00+09:00,15550.0,15550.0,15350.0,15400.0,18360,0.0,0.0
2013-02-08 00:00:00+09:00,15300.0,15500.0,15300.0,15400.0,18187,0.0,0.0
2013-02-12 00:00:00+09:00,15000.0,15200.0,14500.0,14550.0,115021,0.0,0.0
2013-02-13 00:00:00+09:00,14550.0,14850.0,14400.0,14750.0,53752,0.0,0.0
2013-02-14 00:00:00+09:00,14650.0,15100.0,14650.0,15050.0,40768,0.0,0.0
2013-02-15 00:00:00+09:00,14900.0,15100.0,14800.0,14850.0,34282,0.0,0.0
2013-02-18 00:00:00+09:00,14950.0,15050.0,14850.0,14900.0,26293,0.0,0.0
2013-02-19 00:00:00+09:00,14900.0,15200.0,14900.0,15050.0,28718,0.0,0.0
2013-02-20 00:00:00+09:00,15100.0,15300.0,14900.0,15050.0,40241,0.0,0.0
2013-02-21 00:00:00+09:00,15050.0,15550.0,15000.0,15350.0,68643,0.0,0.0
2013-02-22 00:00:00+09:00,15300.0,15600.0,15200.0,15400.0,33914,0.0,0.0
2013-02-25 00:00:00+09:00,15500.0,15700.0,15300.0,15350.0,35661,0.0,0.0
2013-02-26 00:00:00+09:00,15350.0,15350.0,14850.0,14850.0,51601,0.0,0.0
2013-02-27 00:00:00+09:00,14750.0,15150.0,14750.0,15100.0,28654,0.0,0.0
2013-02-28 00:00:00+09:00,15100.0,15200.0,14700.0,14800.0,38996,0.0,0.0
2013-03-04 00:00:00+09:00,14800.0,15150.0,14750.0,14900.0,32518,0.0,0.0
2013-03-05 00:00:00+09:00,14900.0,15050.0,14850.0,15000.0,27301,0.0,0.0
2013-03-06 00:00:00+09:00,15150.0,15150.0,14800.0,14800.0,34168,0.0,0.0
2013-03-07 00:00:00+09:00,14850.0,14950.0,14550.0,14650.0,25145,0.0,0.0
2013-03-08 00:00:00+09:00,14650.0,14700.0,14450.0,14450.0,37582,0.0,0.0
2013-03-11 00:00:00+09:00,14500.0,14600.0,14050.0,14100.0,35742,0.0,0.0
2013-03-12 00:00:00+09:00,14050.0,14450.0,13900.0,14350.0,57637,0.0,0.0
2013-03-13 00:00:00+09:00,14250.0,14950.0,14200.0,14850.0,62380,0.0,0.0
2013-03-14 00:00:00+09:00,15050.0,15650.0,14850.0,15550.0,107100,0.0,0.0
2013-03-15 00:00:00+09:00,15650.0,15700.0,15300.0,15500.0,44390,0.0,0.0
2013-03-18 00:00:00+09:00,15350.0,15700.0,15250.0,15500.0,34348,0.0,0.0
2013-03-19 00:00:00+09:00,15450.0,15600.0,15100.0,15350.0,27976,0.0,0.0
2013-03-20 00:00:00+09:00,15550.0,15550.0,15050.0,15100.0,17670,0.0,0.0
2013-03-21 00:00:00+09:00,15200.0,15400.0,15000.0,15100.0,26018,0.0,0.0
2013-03-22 00:00:00+09:00,15100.0,15300.0,14800.0,14800.0,27216,0.0,0.0
2013-03-25 00:00:00+09:00,14950.0,15900.0,14800.0,15900.0,68541,0.0,0.0
2013-03-26 00:00:00+09:00,15750.0,16150.0,15750.0,16100.0,69706,0.0,0.0
2013-03-27 00:00:00+09:00,16000.0,16150.0,15750.0,15950.0,37183,0.0,0.0
2013-03-28 00:00:00+09:00,15900.0,16050.0,15800.0,16050.0,33187,0.0,0.0
2013-03-29 00:00:00+09:00,16050.0,16150.0,15550.0,15800.0,31864,0.0,0.0
2013-04-01 00:00:00+09:00,15900.0,15900.0,15150.0,15200.0,50468,0.0,0.0
2013-04-02 00:00:00+09:00,15250.0,15300.0,14400.0,14400.0,69972,0.0,0.0
2013-04-03 00:00:00+09:00,14600.0,14650.0,14300.0,14550.0,35580,0.0,0.0
2013-04-04 00:00:00+09:00,14400.0,14400.0,13800.0,14050.0,82483,0.0,0.0
2013-04-05 00:00:00+09:00,13950.0,14200.0,13000.0,13400.0,45432,0.0,0.0
2013-04-08 00:00:00+09:00,13050.0,13200.0,12150.0,12250.0,135315,0.0,0.0
2013-04-09 00:00:00+09:00,12200.0,12500.0,11650.0,12200.0,66740,0.0,0.0
2013-04-10 00:00:00+09:00,12500.0,12500.0,12150.0,12250.0,16097,0.0,0.0
2013-04-11 00:00:00+09:00,12350.0,12700.0,12200.0,12500.0,36952,0.0,0.0
2013-04-12 00:00:00+09:00,12350.0,12500.0,11450.0,11450.0,182963,0.0,0.0
2013-04-15 00:00:00+09:00,11450.0,11450.0,10600.0,10850.0,167931,0.0,0.0
2013-04-16 00:00:00+09:00,10450.0,11300.0,10400.0,11000.0,112382,0.0,0.0
2013-04-17 00:00:00+09:00,11300.0,11300.0,10750.0,10850.0,61587,0.0,0.0
2013-04-18 00:00:00+09:00,10900.0,11600.0,10900.0,11350.0,88446,0.0,0.0
2013-04-19 00:00:00+09:00,11650.0,11650.0,11100.0,11300.0,54165,0.0,0.0
2013-04-22 00:00:00+09:00,11200.0,11450.0,11100.0,11350.0,34870,0.0,0.0
2013-04-23 00:00:00+09:00,11300.0,11450.0,10850.0,11100.0,60039,0.0,0.0
2013-04-24 00:00:00+09:00,11150.0,11450.0,11150.0,11400.0,51334,0.0,0.0
2013-04-25 00:00:00+09:00,11400.0,11700.0,11400.0,11550.0,55194,0.0,0.0
2013-04-26 00:00:00+09:00,11550.0,12300.0,11450.0,12300.0,117400,0.0,0.0
2013-04-29 00:00:00+09:00,12400.0,12750.0,12200.0,12600.0,70978,0.0,0.0
2013-04-30 00:00:00+09:00,12650.0,12800.0,12100.0,12150.0,98018,0.0,0.0
2013-05-02 00:00:00+09:00,12200.0,12750.0,12200.0,12450.0,50452,0.0,0.0
2013-05-03 00:00:00+09:00,12550.0,12700.0,12250.0,12250.0,33329,0.0,0.0
2013-05-06 00:00:00+09:00,12250.0,12450.0,12000.0,12100.0,39752,0.0,0.0
2013-05-07 00:00:00+09:00,12200.0,12350.0,12000.0,12350.0,28431,0.0,0.0
2013-05-08 00:00:00+09:00,12350.0,12400.0,12150.0,12150.0,25193,0.0,0.0
2013-05-09 00:00:00+09:00,12200.0,12200.0,11850.0,12100.0,44588,0.0,0.0
2013-05-10 00:00:00+09:00,12100.0,12100.0,11650.0,11650.0,31085,0.0,0.0
2013-05-13 00:00:00+09:00,11750.0,11900.0,11600.0,11750.0,18519,0.0,0.0
2013-05-14 00:00:00+09:00,11800.0,11900.0,11500.0,11700.0,23992,0.0,0.0
2013-05-15 00:00:00+09:00,11800.0,11900.0,11550.0,11900.0,33053,0.0,0.0
2013-05-16 00:00:00+09:00,11900.0,11950.0,11600.0,11600.0,30605,0.0,0.0
2013-05-20 00:00:00+09:00,11750.0,11750.0,11200.0,11250.0,49142,0.0,0.0
2013-05-21 00:00:00+09:00,11250.0,11500.0,11250.0,11350.0,22269,0.0,0.0
2013-05-22 00:00:00+09:00,11450.0,12000.0,11300.0,11900.0,84941,0.0,0.0
2013-05-23 00:00:00+09:00,11950.0,12850.0,11950.0,12650.0,197799,0.0,0.0
2013-05-24 00:00:00+09:00,12650.0,12750.0,12250.0,12750.0,86271,0.0,0.0
2013-05-27 00:00:00+09:00,12750.0,13100.0,12550.0,12750.0,80914,0.0,0.0
2013-05-28 00:00:00+09:00,12550.0,12800.0,12450.0,12650.0,44371,0.0,0.0
2013-05-29 00:00:00+09:00,12500.0,12850.0,12450.0,12700.0,32904,0.0,0.0
2013-05-30 00:00:00+09:00,12600.0,13000.0,12550.0,12650.0,50952,0.0,0.0
2013-05-31 00:00:00+09:00,12650.0,12800.0,11900.0,12100.0,96361,0.0,0.0
2013-06-03 00:00:00+09:00,11950.0,12200.0,11350.0,11350.0,73080,0.0,0.0
2013-06-04 00:00:00+09:00,11350.0,11450.0,10850.0,11100.0,68956,0.0,0.0
2013-06-05 00:00:00+09:00,10800.0,11100.0,10550.0,10850.0,80553,0.0,0.0
2013-06-07 00:00:00+09:00,10800.0,10950.0,10350.0,10550.0,37858,0.0,0.0
2013-06-10 00:00:00+09:00,10500.0,10800.0,10500.0,10750.0,30024,0.0,0.0
2013-06-11 00:00:00+09:00,10550.0,11100.0,10550.0,11100.0,38230,0.0,0.0
2013-06-12 00:00:00+09:00,11000.0,11100.0,10700.0,10700.0,27030,0.0,0.0
2013-06-13 00:00:00+09:00,10700.0,11150.0,10700.0,11000.0,32267,0.0,0.0
2013-06-14 00:00:00+09:00,10850.0,11050.0,10650.0,10750.0,14756,0.0,0.0
2013-06-17 00:00:00+09:00,10650.0,10900.0,10050.0,10050.0,29526,0.0,0.0
2013-06-18 00:00:00+09:00,10100.0,10800.0,10100.0,10650.0,52940,0.0,0.0
2013-06-19 00:00:00+09:00,10600.0,10900.0,10500.0,10800.0,14787,0.0,0.0
2013-06-20 00:00:00+09:00,10650.0,10750.0,10500.0,10500.0,18111,0.0,0.0
2013-06-21 00:00:00+09:00,10050.0,10950.0,9900.0,10700.0,40707,0.0,0.0
2013-06-24 00:00:00+09:00,10950.0,11000.0,10750.0,10800.0,12495,0.0,0.0
2013-06-25 00:00:00+09:00,10500.0,10850.0,10300.0,10650.0,46015,0.0,0.0
2013-06-26 00:00:00+09:00,10500.0,10950.0,10500.0,10650.0,33678,0.0,0.0
2013-06-27 00:00:00+09:00,10700.0,11200.0,10700.0,10750.0,37987,0.0,0.0
2013-06-28 00:00:00+09:00,10900.0,11550.0,10850.0,11550.0,42822,0.0,0.0
2013-07-01 00:00:00+09:00,11850.0,12350.0,11600.0,11650.0,56776,0.0,0.0
2013-07-02 00:00:00+09:00,11700.0,12150.0,11350.0,11700.0,22127,0.0,0.0
2013-07-03 00:00:00+09:00,11700.0,11800.0,11350.0,11350.0,16648,0.0,0.0
2013-07-04 00:00:00+09:00,11500.0,11500.0,11100.0,11350.0,21292,0.0,0.0
2013-07-05 00:00:00+09:00,11500.0,11500.0,10950.0,11250.0,21620,0.0,0.0
2013-07-08 00:00:00+09:00,11100.0,11250.0,10650.0,10700.0,20470,0.0,0.0
2013-07-09 00:00:00+09:00,10700.0,10850.0,10600.0,10750.0,13096,0.0,0.0
2013-07-10 00:00:00+09:00,10750.0,10900.0,10700.0,10800.0,5166,0.0,0.0
2013-07-11 00:00:00+09:00,10800.0,11150.0,10800.0,10950.0,18860,0.0,0.0
2013-07-12 00:00:00+09:00,11000.0,11100.0,10700.0,10800.0,19493,0.0,0.0
2013-07-15 00:00:00+09:00,10900.0,10900.0,10700.0,10800.0,10264,0.0,0.0
2013-07-16 00:00:00+09:00,10750.0,11000.0,10700.0,10800.0,17088,0.0,0.0
2013-07-17 00:00:00+09:00,10850.0,10850.0,10550.0,10700.0,21803,0.0,0.0
2013-07-18 00:00:00+09:00,10650.0,10850.0,10650.0,10750.0,5108,0.0,0.0
2013-07-19 00:00:00+09:00,10800.0,11300.0,10750.0,11150.0,50040,0.0,0.0
2013-07-22 00:00:00+09:00,11100.0,11400.0,11000.0,11000.0,25831,0.0,0.0
2013-07-23 00:00:00+09:00,11150.0,11250.0,11050.0,11100.0,26888,0.0,0.0
2013-07-24 00:00:00+09:00,11050.0,11250.0,11000.0,11100.0,14885,0.0,0.0
2013-07-25 00:00:00+09:00,11250.0,12750.0,11100.0,12750.0,356612,0.0,0.0
2013-07-26 00:00:00+09:00,13500.0,14150.0,12750.0,12750.0,721841,0.0,0.0
2013-07-29 00:00:00+09:00,12750.0,12800.0,12100.0,12400.0,236939,0.0,0.0
2013-07-30 00:00:00+09:00,12350.0,12650.0,12100.0,12350.0,212535,0.0,0.0
2013-07-31 00:00:00+09:00,12450.0,13050.0,12150.0,12150.0,294724,0.0,0.0
2013-08-01 00:00:00+09:00,12250.0,12850.0,12100.0,12800.0,146688,0.0,0.0
2013-08-02 00:00:00+09:00,12800.0,13000.0,12550.0,12550.0,99379,0.0,0.0
2013-08-05 00:00:00+09:00,12600.0,12750.0,12400.0,12500.0,52985,0.0,0.0
2013-08-06 00:00:00+09:00,12550.0,12600.0,12200.0,12300.0,41591,0.0,0.0
2013-08-07 00:00:00+09:00,12300.0,12500.0,12150.0,12200.0,35810,0.0,0.0
2013-08-08 00:00:00+09:00,12200.0,12500.0,12150.0,12400.0,43771,0.0,0.0
2013-08-09 00:00:00+09:00,12450.0,12750.0,12350.0,12400.0,60480,0.0,0.0
2013-08-12 00:00:00+09:00,12600.0,12600.0,11950.0,12000.0,42386,0.0,0.0
2013-08-13 00:00:00+09:00,12100.0,12100.0,11500.0,11650.0,70587,0.0,0.0
2013-08-14 00:00:00+09:00,11600.0,11800.0,11600.0,11600.0,27871,0.0,0.0
2013-08-16 00:00:00+09:00,11400.0,11550.0,11100.0,11400.0,39608,0.0,0.0
2013-08-19 00:00:00+09:00,11350.0,11650.0,11250.0,11350.0,32143,0.0,0.0
2013-08-20 00:00:00+09:00,11500.0,11500.0,11050.0,11150.0,35147,0.0,0.0
2013-08-21 00:00:00+09:00,11050.0,11100.0,10400.0,10650.0,99999,0.0,0.0
2013-08-22 00:00:00+09:00,10900.0,12200.0,10700.0,10700.0,758570,0.0,0.0
2013-08-23 00:00:00+09:00,10700.0,11000.0,10550.0,10800.0,151242,0.0,0.0
2013-08-26 00:00:00+09:00,10850.0,10950.0,10700.0,10750.0,79809,0.0,0.0
2013-08-27 00:00:00+09:00,10950.0,11200.0,10750.0,10900.0,108075,0.0,0.0
2013-08-28 00:00:00+09:00,10600.0,10700.0,10350.0,10450.0,117734,0.0,0.0
2013-08-29 00:00:00+09:00,10450.0,10600.0,10400.0,10400.0,46195,0.0,0.0
2013-08-30 00:00:00+09:00,10450.0,10500.0,10150.0,10150.0,44324,0.0,0.0
2013-09-02 00:00:00+09:00,10050.0,10350.0,10000.0,10300.0,36671,0.0,0.0
2013-09-03 00:00:00+09:00,10300.0,10550.0,10300.0,10500.0,27628,0.0,0.0
2013-09-04 00:00:00+09:00,10400.0,10500.0,10300.0,10400.0,26207,0.0,0.0
2013-09-05 00:00:00+09:00,10500.0,10600.0,10400.0,10550.0,25942,0.0,0.0
2013-09-06 00:00:00+09:00,10550.0,10550.0,10350.0,10350.0,25501,0.0,0.0
2013-09-09 00:00:00+09:00,10400.0,10500.0,10250.0,10300.0,21918,0.0,0.0
2013-09-10 00:00:00+09:00,10300.0,10450.0,10250.0,10300.0,22592,0.0,0.0
2013-09-11 00:00:00+09:00,10400.0,10600.0,10300.0,10550.0,40644,0.0,0.0
2013-09-12 00:00:00+09:00,10550.0,10700.0,10500.0,10500.0,39975,0.0,0.0
2013-09-13 00:00:00+09:00,10450.0,10600.0,10400.0,10500.0,20208,0.0,0.0
2013-09-16 00:00:00+09:00,10500.0,10600.0,10300.0,10350.0,30247,0.0,0.0
2013-09-17 00:00:00+09:00,10450.0,10750.0,10400.0,10650.0,51341,0.0,0.0
2013-09-23 00:00:00+09:00,10550.0,10700.0,10500.0,10650.0,28119,0.0,0.0
2013-09-24 00:00:00+09:00,10650.0,10750.0,10500.0,10700.0,35346,0.0,0.0
2013-09-25 00:00:00+09:00,10700.0,10750.0,10550.0,10600.0,18717,0.0,0.0
2013-09-26 00:00:00+09:00,10550.0,10650.0,10450.0,10600.0,24333,0.0,0.0
2013-09-27 00:00:00+09:00,10600.0,10900.0,10550.0,10750.0,41766,0.0,0.0
2013-09-30 00:00:00+09:00,10850.0,10850.0,10500.0,10550.0,27747,0.0,0.0
2013-10-01 00:00:00+09:00,10450.0,10600.0,10300.0,10450.0,42560,0.0,0.0
2013-10-02 00:00:00+09:00,10450.0,10600.0,10400.0,10450.0,24551,0.0,0.0
2013-10-04 00:00:00+09:00,10400.0,10500.0,10300.0,10350.0,18756,0.0,0.0
2013-10-07 00:00:00+09:00,10250.0,10400.0,10000.0,10050.0,40354,0.0,0.0
2013-10-08 00:00:00+09:00,9980.0,10050.0,9650.0,9690.0,57464,0.0,0.0
2013-10-10 00:00:00+09:00,9580.0,9810.0,9580.0,9750.0,11662,0.0,0.0
2013-10-11 00:00:00+09:00,9850.0,9940.0,9720.0,9810.0,10388,0.0,0.0
2013-10-14 00:00:00+09:00,9610.0,10150.0,9610.0,9970.0,23308,0.0,0.0
2013-10-15 00:00:00+09:00,10150.0,10150.0,9930.0,9940.0,12479,0.0,0.0
2013-10-16 00:00:00+09:00,9950.0,10150.0,9880.0,9880.0,17078,0.0,0.0
2013-10-17 00:00:00+09:00,9900.0,10250.0,9890.0,10250.0,25630,0.0,0.0
2013-10-18 00:00:00+09:00,10100.0,10300.0,9950.0,10000.0,16331,0.0,0.0
2013-10-21 00:00:00+09:00,10050.0,10250.0,10000.0,10100.0,16094,0.0,0.0
2013-10-22 00:00:00+09:00,10050.0,10600.0,10050.0,10500.0,39507,0.0,0.0
2013-10-23 00:00:00+09:00,10400.0,10700.0,10400.0,10550.0,25611,0.0,0.0
2013-10-24 00:00:00+09:00,10600.0,10600.0,10400.0,10500.0,13780,0.0,0.0
2013-10-25 00:00:00+09:00,10650.0,10950.0,10400.0,10450.0,31756,0.0,0.0
2013-10-28 00:00:00+09:00,10650.0,10650.0,10250.0,10350.0,15121,0.0,0.0
2013-10-29 00:00:00+09:00,10350.0,10450.0,10200.0,10300.0,16532,0.0,0.0
2013-10-30 00:00:00+09:00,10250.0,10450.0,10150.0,10250.0,24033,0.0,0.0
2013-10-31 00:00:00+09:00,10200.0,10300.0,10100.0,10150.0,15674,0.0,0.0
2013-11-01 00:00:00+09:00,10100.0,10300.0,10000.0,10100.0,22386,0.0,0.0
2013-11-04 00:00:00+09:00,10050.0,10200.0,9980.0,10150.0,19274,0.0,0.0
2013-11-05 00:00:00+09:00,10100.0,10150.0,9810.0,9850.0,27485,0.0,0.0
2013-11-06 00:00:00+09:00,9850.0,9950.0,9800.0,9800.0,15557,0.0,0.0
2013-11-07 00:00:00+09:00,9800.0,9890.0,9510.0,9520.0,37887,0.0,0.0
2013-11-08 00:00:00+09:00,9390.0,9430.0,9000.0,9000.0,40827,0.0,0.0
2013-11-11 00:00:00+09:00,9010.0,9090.0,7950.0,8250.0,103919,0.0,0.0
2013-11-12 00:00:00+09:00,8110.0,8630.0,8110.0,8490.0,42376,0.0,0.0
2013-11-13 00:00:00+09:00,8700.0,9760.0,8650.0,9760.0,77392,0.0,0.0
2013-11-14 00:00:00+09:00,10250.0,10700.0,10100.0,10700.0,285613,0.0,0.0
2013-11-15 00:00:00+09:00,10700.0,11250.0,10350.0,11000.0,153612,0.0,0.0
2013-11-18 00:00:00+09:00,11200.0,12500.0,10300.0,10700.0,336948,0.0,0.0
2013-11-19 00:00:00+09:00,10700.0,10700.0,10100.0,10400.0,103608,0.0,0.0
2013-11-20 00:00:00+09:00,10450.0,10600.0,10150.0,10350.0,49333,0.0,0.0
2013-11-21 00:00:00+09:00,10150.0,10400.0,9990.0,10150.0,38003,0.0,0.0
2013-11-22 00:00:00+09:00,10100.0,10700.0,10100.0,10600.0,60696,0.0,0.0
2013-11-25 00:00:00+09:00,10750.0,10750.0,10300.0,10300.0,14076,0.0,0.0
2013-11-26 00:00:00+09:00,10300.0,10450.0,10200.0,10200.0,20793,0.0,0.0
2013-11-27 00:00:00+09:00,10200.0,10750.0,10200.0,10400.0,38638,0.0,0.0
2013-11-28 00:00:00+09:00,10500.0,10750.0,10250.0,10400.0,24444,0.0,0.0
2013-11-29 00:00:00+09:00,10200.0,10400.0,10150.0,10250.0,40274,0.0,0.0
2013-12-02 00:00:00+09:00,10150.0,10250.0,9950.0,9950.0,30338,0.0,0.0
2013-12-03 00:00:00+09:00,9950.0,10100.0,9510.0,9630.0,34100,0.0,0.0
2013-12-04 00:00:00+09:00,9500.0,9590.0,9400.0,9450.0,20221,0.0,0.0
2013-12-05 00:00:00+09:00,9580.0,9580.0,9330.0,9420.0,12867,0.0,0.0
2013-12-06 00:00:00+09:00,9340.0,9620.0,9330.0,9620.0,8915,0.0,0.0
2013-12-09 00:00:00+09:00,9590.0,9760.0,9110.0,9200.0,19225,0.0,0.0
2013-12-10 00:00:00+09:00,9200.0,9280.0,9160.0,9200.0,10117,0.0,0.0
2013-12-11 00:00:00+09:00,9110.0,9370.0,9110.0,9160.0,8799,0.0,0.0
2013-12-12 00:00:00+09:00,9150.0,9450.0,9120.0,9450.0,12223,0.0,0.0
2013-12-13 00:00:00+09:00,9500.0,9660.0,9290.0,9410.0,13149,0.0,0.0
2013-12-16 00:00:00+09:00,9360.0,9460.0,9090.0,9100.0,14761,0.0,0.0
2013-12-17 00:00:00+09:00,9100.0,9250.0,9100.0,9100.0,16071,0.0,0.0
2013-12-18 00:00:00+09:00,9010.0,9100.0,8650.0,8700.0,18665,0.0,0.0
2013-12-19 00:00:00+09:00,8750.0,9010.0,8610.0,8610.0,10140,0.0,0.0
2013-12-20 00:00:00+09:00,8660.0,8750.0,8550.0,8740.0,13422,0.0,0.0
2013-12-23 00:00:00+09:00,8740.0,8990.0,8670.0,8870.0,5112,0.0,0.0
2013-12-24 00:00:00+09:00,8810.0,8890.0,8730.0,8810.0,6795,0.0,0.0
2013-12-26 00:00:00+09:00,8800.0,8890.0,8500.0,8540.0,22192,0.0,0.0
2013-12-27 00:00:00+09:00,8540.0,8680.0,8300.0,8680.0,11023,0.0,0.0
2013-12-30 00:00:00+09:00,8790.0,8790.0,8500.0,8750.0,9366,0.0,0.0
2014-01-02 00:00:00+09:00,8670.0,8930.0,8670.0,8890.0,16120,0.0,0.0
2014-01-03 00:00:00+09:00,9490.0,10200.0,9350.0,10200.0,73957,0.0,0.0
2014-01-06 00:00:00+09:00,11700.0,11700.0,9800.0,9800.0,1220280,0.0,0.0
2014-01-07 00:00:00+09:00,9920.0,10150.0,9640.0,9810.0,263976,0.0,0.0
2014-01-08 00:00:00+09:00,9920.0,10200.0,9730.0,9770.0,211288,0.0,0.0
2014-01-09 00:00:00+09:00,9740.0,9840.0,9350.0,9500.0,149431,0.0,0.0
2014-01-10 00:00:00+09:00,9480.0,9630.0,9330.0,9390.0,55423,0.0,0.0
2014-01-13 00:00:00+09:00,9320.0,9650.0,9300.0,9430.0,69735,0.0,0.0
2014-01-14 00:00:00+09:00,9430.0,9620.0,9340.0,9520.0,50112,0.0,0.0
2014-01-15 00:00:00+09:00,9520.0,9600.0,9350.0,9380.0,38885,0.0,0.0
2014-01-16 00:00:00+09:00,9450.0,9770.0,9370.0,9490.0,78892,0.0,0.0
2014-01-17 00:00:00+09:00,9500.0,9520.0,9330.0,9380.0,39488,0.0,0.0
2014-01-20 00:00:00+09:00,9350.0,9390.0,9160.0,9240.0,36869,0.0,0.0
2014-01-21 00:00:00+09:00,9240.0,9360.0,9180.0,9320.0,35060,0.0,0.0
2014-01-22 00:00:00+09:00,9280.0,9370.0,9220.0,9260.0,17910,0.0,0.0
2014-01-23 00:00:00+09:00,9310.0,9320.0,9170.0,9230.0,27216,0.0,0.0
2014-01-24 00:00:00+09:00,9180.0,9270.0,8860.0,8860.0,60804,0.0,0.0
2014-01-27 00:00:00+09:00,8650.0,8700.0,8510.0,8520.0,37664,0.0,0.0
2014-01-28 00:00:00+09:00,8470.0,8690.0,8470.0,8690.0,19965,0.0,0.0
2014-01-29 00:00:00+09:00,8630.0,9000.0,8630.0,8930.0,19862,0.0,0.0
2014-02-03 00:00:00+09:00,8790.0,8900.0,8690.0,8840.0,20399,0.0,0.0
2014-02-04 00:00:00+09:00,8800.0,8800.0,8550.0,8740.0,31943,0.0,0.0
2014-02-05 00:00:00+09:00,8700.0,8840.0,8680.0,8700.0,11113,0.0,0.0
2014-02-06 00:00:00+09:00,8630.0,8860.0,8630.0,8770.0,11694,0.0,0.0
2014-02-07 00:00:00+09:00,8780.0,9190.0,8770.0,9140.0,31566,0.0,0.0
2014-02-10 00:00:00+09:00,9140.0,9200.0,8940.0,9090.0,18270,0.0,0.0
2014-02-11 00:00:00+09:00,9090.0,9180.0,8950.0,9090.0,13205,0.0,0.0
2014-02-12 00:00:00+09:00,9080.0,9150.0,8990.0,9030.0,22957,0.0,0.0
2014-02-13 00:00:00+09:00,9030.0,9030.0,8950.0,9000.0,6452,0.0,0.0
2014-02-14 00:00:00+09:00,8950.0,9090.0,8910.0,8920.0,17173,0.0,0.0
2014-02-17 00:00:00+09:00,8890.0,8950.0,8700.0,8810.0,9191,0.0,0.0
2014-02-18 00:00:00+09:00,8780.0,8910.0,8780.0,8870.0,13947,0.0,0.0
2014-02-19 00:00:00+09:00,8780.0,8920.0,8780.0,8840.0,9210,0.0,0.0
2014-02-20 00:00:00+09:00,8890.0,8890.0,8760.0,8830.0,6343,0.0,0.0
2014-02-21 00:00:00+09:00,8770.0,8870.0,8770.0,8800.0,12024,0.0,0.0
2014-02-24 00:00:00+09:00,8760.0,8850.0,8720.0,8830.0,10071,0.0,0.0
2014-02-25 00:00:00+09:00,8840.0,8890.0,8810.0,8880.0,14763,0.0,0.0
2014-02-26 00:00:00+09:00,8840.0,8900.0,8770.0,8800.0,10007,0.0,0.0
2014-02-27 00:00:00+09:00,8780.0,8880.0,8780.0,8840.0,6803,0.0,0.0
2014-02-28 00:00:00+09:00,8800.0,8840.0,8500.0,8500.0,38516,0.0,0.0
2014-03-03 00:00:00+09:00,8430.0,8560.0,8420.0,8430.0,26618,0.0,0.0
2014-03-04 00:00:00+09:00,8490.0,8550.0,8460.0,8460.0,12538,0.0,0.0
2014-03-05 00:00:00+09:00,8460.0,8550.0,8440.0,8490.0,21481,0.0,0.0
2014-03-06 00:00:00+09:00,8520.0,8760.0,8520.0,8760.0,36949,0.0,0.0
2014-03-07 00:00:00+09:00,8760.0,8790.0,8620.0,8770.0,18876,0.0,0.0
2014-03-10 00:00:00+09:00,8750.0,8830.0,8650.0,8750.0,9959,0.0,0.0
2014-03-11 00:00:00+09:00,8730.0,8790.0,8590.0,8640.0,19690,0.0,0.0
2014-03-12 00:00:00+09:00,8600.0,8690.0,8520.0,8600.0,10261,0.0,0.0
2014-03-13 00:00:00+09:00,8530.0,8680.0,8530.0,8670.0,22875,0.0,0.0
2014-03-14 00:00:00+09:00,8680.0,9180.0,8580.0,9050.0,69496,0.0,0.0
2014-03-17 00:00:00+09:00,9050.0,9330.0,9030.0,9140.0,76276,0.0,0.0
2014-03-18 00:00:00+09:00,9130.0,9190.0,8860.0,8960.0,33645,0.0,0.0
2014-03-19 00:00:00+09:00,8920.0,9090.0,8800.0,9070.0,28956,0.0,0.0
2014-03-20 00:00:00+09:00,9650.0,10100.0,9130.0,9130.0,319740,0.0,0.0
2014-03-21 00:00:00+09:00,9220.0,9350.0,9140.0,9270.0,56938,0.0,0.0
2014-03-24 00:00:00+09:00,9300.0,9430.0,9170.0,9290.0,60820,0.0,0.0
2014-03-25 00:00:00+09:00,9220.0,9350.0,9170.0,9250.0,29600,0.0,0.0
2014-03-26 00:00:00+09:00,9280.0,9370.0,9180.0,9220.0,25086,0.0,0.0
2014-03-27 00:00:00+09:00,9200.0,9330.0,9100.0,9150.0,19078,0.0,0.0
2014-03-28 00:00:00+09:00,9080.0,9210.0,9080.0,9150.0,15477,0.0,0.0
2014-03-31 00:00:00+09:00,9060.0,9150.0,8980.0,9040.0,26418,0.0,0.0
2014-04-01 00:00:00+09:00,9090.0,9200.0,9050.0,9120.0,16513,0.0,0.0
2014-04-02 00:00:00+09:00,9150.0,9340.0,9120.0,9280.0,47405,0.0,0.0
2014-04-03 00:00:00+09:00,9260.0,9340.0,9150.0,9160.0,21610,0.0,0.0
2014-04-04 00:00:00+09:00,9130.0,9270.0,9130.0,9160.0,17376,0.0,0.0
2014-04-07 00:00:00+09:00,9160.0,9250.0,9070.0,9150.0,15095,0.0,0.0
2014-04-08 00:00:00+09:00,9120.0,9220.0,9100.0,9200.0,18382,0.0,0.0
2014-04-09 00:00:00+09:00,9200.0,9380.0,9180.0,9380.0,29450,0.0,0.0
2014-04-10 00:00:00+09:00,9410.0,9460.0,9220.0,9220.0,28375,0.0,0.0
2014-04-11 00:00:00+09:00,9150.0,9280.0,9100.0,9210.0,18053,0.0,0.0
2014-04-14 00:00:00+09:00,9170.0,9280.0,9170.0,9260.0,11854,0.0,0.0
2014-04-15 00:00:00+09:00,9230.0,9300.0,9170.0,9250.0,14980,0.0,0.0
2014-04-16 00:00:00+09:00,9280.0,9300.0,9140.0,9200.0,28216,0.0,0.0
2014-04-17 00:00:00+09:00,9200.0,9280.0,9180.0,9250.0,13414,0.0,0.0
2014-04-18 00:00:00+09:00,9250.0,10050.0,9250.0,9700.0,313006,0.0,0.0
2014-04-21 00:00:00+09:00,9810.0,9820.0,9570.0,9660.0,43150,0.0,0.0
2014-04-22 00:00:00+09:00,9600.0,9870.0,9590.0,9630.0,46650,0.0,0.0
2014-04-23 00:00:00+09:00,9690.0,9820.0,9540.0,9560.0,61882,0.0,0.0
2014-04-24 00:00:00+09:00,9510.0,9630.0,9450.0,9540.0,31443,0.0,0.0
2014-04-25 00:00:00+09:00,9540.0,9610.0,9440.0,9460.0,27612,0.0,0.0
2014-04-28 00:00:00+09:00,9460.0,9570.0,9430.0,9450.0,20599,0.0,0.0
2014-04-29 00:00:00+09:00,9450.0,9570.0,9420.0,9440.0,12934,0.0,0.0
2014-04-30 00:00:00+09:00,9560.0,9670.0,9420.0,9440.0,23637,0.0,0.0
2014-05-02 00:00:00+09:00,9450.0,9570.0,9400.0,9430.0,19476,0.0,0.0
2014-05-07 00:00:00+09:00,9520.0,9520.0,9150.0,9210.0,13675,0.0,0.0
2014-05-08 00:00:00+09:00,9040.0,9180.0,9010.0,9150.0,31095,0.0,0.0
2014-05-09 00:00:00+09:00,9150.0,9210.0,9000.0,9110.0,21595,0.0,0.0
2014-05-12 00:00:00+09:00,9040.0,9600.0,9040.0,9170.0,19310,0.0,0.0
2014-05-13 00:00:00+09:00,9200.0,9300.0,9160.0,9220.0,6287,0.0,0.0
2014-05-14 00:00:00+09:00,9320.0,9320.0,9210.0,9220.0,8368,0.0,0.0
2014-05-15 00:00:00+09:00,9220.0,9470.0,9170.0,9360.0,16081,0.0,0.0
2014-05-16 00:00:00+09:00,9300.0,9400.0,9300.0,9340.0,9384,0.0,0.0
2014-05-19 00:00:00+09:00,9450.0,9460.0,9100.0,9200.0,9498,0.0,0.0
2014-05-20 00:00:00+09:00,9130.0,9240.0,8780.0,8910.0,28774,0.0,0.0
2014-05-21 00:00:00+09:00,8850.0,8950.0,8750.0,8770.0,26019,0.0,0.0
2014-05-22 00:00:00+09:00,8780.0,8930.0,8780.0,8840.0,13645,0.0,0.0
2014-05-23 00:00:00+09:00,8840.0,8910.0,8810.0,8870.0,4549,0.0,0.0
2014-05-26 00:00:00+09:00,8920.0,8920.0,8740.0,8760.0,23731,0.0,0.0
2014-05-27 00:00:00+09:00,8760.0,8760.0,8610.0,8610.0,10850,0.0,0.0
2014-05-28 00:00:00+09:00,8760.0,8860.0,8620.0,8730.0,8338,0.0,0.0
2014-05-29 00:00:00+09:00,8740.0,8930.0,8690.0,8730.0,6907,0.0,0.0
2014-05-30 00:00:00+09:00,8730.0,8770.0,8110.0,8480.0,42395,0.0,0.0
2014-06-02 00:00:00+09:00,8530.0,8990.0,8530.0,8780.0,38416,0.0,0.0
2014-06-03 00:00:00+09:00,8700.0,8910.0,8650.0,8700.0,15742,0.0,0.0
2014-06-05 00:00:00+09:00,8310.0,8650.0,8310.0,8380.0,16998,0.0,0.0
2014-06-09 00:00:00+09:00,8390.0,8780.0,8280.0,8280.0,21158,0.0,0.0
2014-06-10 00:00:00+09:00,8290.0,8470.0,8280.0,8370.0,7549,0.0,0.0
2014-06-11 00:00:00+09:00,8370.0,8440.0,8350.0,8390.0,11211,0.0,0.0
2014-06-12 00:00:00+09:00,8390.0,8450.0,8290.0,8430.0,13658,0.0,0.0
2014-06-13 00:00:00+09:00,8420.0,8450.0,8390.0,8430.0,7218,0.0,0.0
2014-06-16 00:00:00+09:00,8440.0,8440.0,8320.0,8400.0,4468,0.0,0.0
2014-06-17 00:00:00+09:00,8440.0,8440.0,8370.0,8410.0,9613,0.0,0.0
2014-06-18 00:00:00+09:00,8410.0,9670.0,8410.0,9510.0,391020,0.0,0.0
2014-06-19 00:00:00+09:00,9670.0,9670.0,9130.0,9240.0,116292,0.0,0.0
2014-06-20 00:00:00+09:00,9170.0,9240.0,8860.0,8890.0,67451,0.0,0.0
2014-06-23 00:00:00+09:00,8870.0,9030.0,8590.0,8680.0,46136,0.0,0.0
2014-06-24 00:00:00+09:00,8660.0,8730.0,8500.0,8600.0,26023,0.0,0.0
2014-06-25 00:00:00+09:00,8610.0,8700.0,8560.0,8660.0,13984,0.0,0.0
2014-06-26 00:00:00+09:00,8780.0,8790.0,8490.0,8610.0,16321,0.0,0.0
2014-06-27 00:00:00+09:00,8690.0,8720.0,8400.0,8630.0,20269,0.0,0.0
2014-06-30 00:00:00+09:00,8580.0,8700.0,8420.0,8570.0,15963,0.0,0.0
2014-07-01 00:00:00+09:00,8580.0,8590.0,8470.0,8550.0,22716,0.0,0.0
2014-07-02 00:00:00+09:00,8580.0,8580.0,8490.0,8510.0,27363,0.0,0.0
2014-07-03 00:00:00+09:00,8580.0,8580.0,8470.0,8470.0,15730,0.0,0.0
2014-07-04 00:00:00+09:00,8470.0,8700.0,8470.0,8610.0,25689,0.0,0.0
2014-07-07 00:00:00+09:00,8570.0,8680.0,8500.0,8550.0,15233,0.0,0.0
2014-07-08 00:00:00+09:00,8480.0,8650.0,8460.0,8460.0,14744,0.0,0.0
2014-07-09 00:00:00+09:00,8460.0,8600.0,8400.0,8550.0,16241,0.0,0.0
2014-07-10 00:00:00+09:00,8640.0,8910.0,8570.0,8740.0,40159,0.0,0.0
2014-07-11 00:00:00+09:00,8850.0,8890.0,8690.0,8850.0,28102,0.0,0.0
2014-07-14 00:00:00+09:00,8850.0,9100.0,8790.0,9060.0,49280,0.0,0.0
2014-07-15 00:00:00+09:00,9120.0,9120.0,8910.0,8910.0,18323,0.0,0.0
2014-07-16 00:00:00+09:00,8880.0,8970.0,8680.0,8720.0,19402,0.0,0.0
2014-07-17 00:00:00+09:00,8730.0,8880.0,8640.0,8750.0,19947,0.0,0.0
2014-07-18 00:00:00+09:00,8740.0,8750.0,8570.0,8580.0,17706,0.0,0.0
2014-07-21 00:00:00+09:00,8600.0,8680.0,8490.0,8600.0,24071,0.0,0.0
2014-07-22 00:00:00+09:00,8600.0,8710.0,8550.0,8570.0,16433,0.0,0.0
2014-07-23 00:00:00+09:00,8570.0,8640.0,8530.0,8600.0,23431,0.0,0.0
2014-07-24 00:00:00+09:00,8580.0,8640.0,8520.0,8560.0,23179,0.0,0.0
2014-07-25 00:00:00+09:00,8540.0,8650.0,8530.0,8630.0,13392,0.0,0.0
2014-07-28 00:00:00+09:00,8650.0,8740.0,8570.0,8660.0,18284,0.0,0.0
2014-07-29 00:00:00+09:00,8700.0,8730.0,8320.0,8510.0,18359,0.0,0.0
2014-07-30 00:00:00+09:00,8470.0,8600.0,8390.0,8390.0,25152,0.0,0.0
2014-07-31 00:00:00+09:00,8410.0,8410.0,8110.0,8240.0,39421,0.0,0.0
2014-08-01 00:00:00+09:00,8060.0,8250.0,8060.0,8180.0,5639,0.0,0.0
2014-08-04 00:00:00+09:00,8180.0,8310.0,8150.0,8240.0,7218,0.0,0.0
2014-08-05 00:00:00+09:00,8200.0,8340.0,8100.0,8100.0,18644,0.0,0.0
2014-08-06 00:00:00+09:00,8220.0,8230.0,7920.0,8090.0,12545,0.0,0.0
2014-08-07 00:00:00+09:00,7980.0,8100.0,7810.0,7880.0,34822,0.0,0.0
2014-08-08 00:00:00+09:00,7890.0,7980.0,7780.0,7960.0,18044,0.0,0.0
2014-08-11 00:00:00+09:00,7960.0,8000.0,7840.0,7880.0,21451,0.0,0.0
2014-08-12 00:00:00+09:00,7860.0,7970.0,7790.0,7850.0,8633,0.0,0.0
2014-08-13 00:00:00+09:00,7900.0,7900.0,7610.0,7630.0,18336,0.0,0.0
2014-08-14 00:00:00+09:00,7640.0,7840.0,7640.0,7770.0,9890,0.0,0.0
2014-08-18 00:00:00+09:00,7770.0,7820.0,7740.0,7750.0,11541,0.0,0.0
2014-08-19 00:00:00+09:00,7720.0,7840.0,7720.0,7830.0,9624,0.0,0.0
2014-08-20 00:00:00+09:00,7960.0,7960.0,7780.0,7780.0,9722,0.0,0.0
2014-08-21 00:00:00+09:00,7840.0,7950.0,7780.0,7850.0,25574,0.0,0.0
2014-08-22 00:00:00+09:00,7940.0,7940.0,7840.0,7850.0,21298,0.0,0.0
2014-08-25 00:00:00+09:00,7850.0,7960.0,7850.0,7960.0,9457,0.0,0.0
2014-08-26 00:00:00+09:00,7950.0,7960.0,7820.0,7820.0,14650,0.0,0.0
2014-08-27 00:00:00+09:00,7800.0,7920.0,7750.0,7810.0,13489,0.0,0.0
2014-08-28 00:00:00+09:00,7810.0,7970.0,7800.0,7840.0,9001,0.0,0.0
2014-08-29 00:00:00+09:00,7800.0,7940.0,7800.0,7890.0,9238,0.0,0.0
2014-09-01 00:00:00+09:00,8190.0,8190.0,7980.0,7980.0,20216,0.0,0.0
2014-09-02 00:00:00+09:00,8000.0,8010.0,7890.0,7910.0,10025,0.0,0.0
2014-09-03 00:00:00+09:00,7940.0,8090.0,7880.0,7980.0,15966,0.0,0.0
2014-09-04 00:00:00+09:00,7950.0,8070.0,7850.0,7870.0,21268,0.0,0.0
2014-09-05 00:00:00+09:00,7890.0,7900.0,7800.0,7820.0,11274,0.0,0.0
2014-09-11 00:00:00+09:00,7800.0,7910.0,7800.0,7820.0,4671,0.0,0.0
2014-09-12 00:00:00+09:00,7800.0,8210.0,7800.0,8080.0,30272,0.0,0.0
2014-09-15 00:00:00+09:00,8100.0,8180.0,7810.0,7810.0,16233,0.0,0.0
2014-09-16 00:00:00+09:00,7830.0,7980.0,7820.0,7970.0,19818,0.0,0.0
2014-09-17 00:00:00+09:00,8000.0,8080.0,7980.0,8030.0,11948,0.0,0.0
2014-09-18 00:00:00+09:00,8030.0,8320.0,8020.0,8160.0,35513,0.0,0.0
2014-09-19 00:00:00+09:00,8160.0,8290.0,8160.0,8210.0,12092,0.0,0.0
2014-09-22 00:00:00+09:00,8210.0,8340.0,8000.0,8070.0,13785,0.0,0.0
2014-09-23 00:00:00+09:00,8120.0,8250.0,7960.0,8080.0,5958,0.0,0.0
2014-09-24 00:00:00+09:00,8060.0,8190.0,8030.0,8070.0,14572,0.0,0.0
2014-09-25 00:00:00+09:00,8070.0,8140.0,7920.0,8000.0,11039,0.0,0.0
2014-09-26 00:00:00+09:00,8000.0,8140.0,7790.0,7810.0,19478,0.0,0.0
2014-09-29 00:00:00+09:00,7950.0,7950.0,7620.0,7700.0,30779,0.0,0.0
2014-09-30 00:00:00+09:00,7650.0,7840.0,7630.0,7630.0,19599,0.0,0.0
2014-10-01 00:00:00+09:00,7690.0,7730.0,7440.0,7490.0,20989,0.0,0.0
2014-10-02 00:00:00+09:00,7450.0,7630.0,7450.0,7630.0,17667,0.0,0.0
2014-10-06 00:00:00+09:00,7860.0,7880.0,7620.0,7690.0,18076,0.0,0.0
2014-10-07 00:00:00+09:00,7680.0,7680.0,7500.0,7500.0,8618,0.0,0.0
2014-10-08 00:00:00+09:00,7500.0,7580.0,7470.0,7560.0,15147,0.0,0.0
2014-10-10 00:00:00+09:00,7510.0,7530.0,7380.0,7410.0,13805,0.0,0.0
2014-10-13 00:00:00+09:00,7360.0,7370.0,6920.0,6990.0,29980,0.0,0.0
2014-10-14 00:00:00+09:00,6620.0,6840.0,6620.0,6800.0,44992,0.0,0.0
2014-10-15 00:00:00+09:00,6860.0,6960.0,6720.0,6750.0,27031,0.0,0.0
2014-10-16 00:00:00+09:00,6750.0,6810.0,6570.0,6740.0,16465,0.0,0.0
2014-10-17 00:00:00+09:00,6790.0,6820.0,6680.0,6700.0,9942,0.0,0.0
2014-10-20 00:00:00+09:00,6750.0,6870.0,6750.0,6800.0,4666,0.0,0.0
2014-10-21 00:00:00+09:00,6800.0,6900.0,6770.0,6800.0,9419,0.0,0.0
2014-10-22 00:00:00+09:00,6890.0,6920.0,6750.0,6750.0,9664,0.0,0.0
2014-10-23 00:00:00+09:00,6720.0,6870.0,6720.0,6740.0,4208,0.0,0.0
2014-10-24 00:00:00+09:00,6700.0,6820.0,6580.0,6740.0,8951,0.0,0.0
2014-10-27 00:00:00+09:00,6790.0,6820.0,6700.0,6780.0,8207,0.0,0.0
2014-10-28 00:00:00+09:00,6710.0,6830.0,6710.0,6800.0,9520,0.0,0.0
2014-10-29 00:00:00+09:00,6840.0,6840.0,6730.0,6820.0,13632,0.0,0.0
2014-10-30 00:00:00+09:00,6800.0,7100.0,6800.0,6970.0,38014,0.0,0.0
2014-10-31 00:00:00+09:00,6970.0,7290.0,6970.0,7290.0,27950,0.0,0.0
2014-11-03 00:00:00+09:00,7310.0,7460.0,7220.0,7460.0,34022,0.0,0.0
2014-11-04 00:00:00+09:00,7450.0,7500.0,7130.0,7400.0,25658,0.0,0.0
2014-11-05 00:00:00+09:00,7310.0,7560.0,7300.0,7440.0,46079,0.0,0.0
2014-11-06 00:00:00+09:00,7360.0,7800.0,7150.0,7800.0,24546,0.0,0.0
2014-11-07 00:00:00+09:00,7540.0,8210.0,7540.0,8000.0,89947,0.0,0.0
2014-11-10 00:00:00+09:00,8000.0,8040.0,7790.0,7800.0,9956,0.0,0.0
2014-11-11 00:00:00+09:00,7730.0,7740.0,7500.0,7680.0,7752,0.0,0.0
2014-11-12 00:00:00+09:00,7780.0,7840.0,7610.0,7770.0,25888,0.0,0.0
2014-11-13 00:00:00+09:00,7850.0,7850.0,7700.0,7710.0,5314,0.0,0.0
2014-11-14 00:00:00+09:00,7750.0,7800.0,7570.0,7640.0,14518,0.0,0.0
2014-11-17 00:00:00+09:00,7310.0,7630.0,7310.0,7630.0,11378,0.0,0.0
2014-11-18 00:00:00+09:00,7560.0,7690.0,7560.0,7670.0,3517,0.0,0.0
2014-11-19 00:00:00+09:00,7690.0,7690.0,7500.0,7570.0,3373,0.0,0.0
2014-11-20 00:00:00+09:00,7670.0,7670.0,7480.0,7650.0,5297,0.0,0.0
2014-11-21 00:00:00+09:00,7530.0,7720.0,7530.0,7670.0,3536,0.0,0.0
2014-11-24 00:00:00+09:00,7650.0,7770.0,7500.0,7500.0,10559,0.0,0.0
2014-11-25 00:00:00+09:00,7610.0,7610.0,7510.0,7550.0,4063,0.0,0.0
2014-11-26 00:00:00+09:00,7660.0,7920.0,7550.0,7710.0,21413,0.0,0.0
2014-11-27 00:00:00+09:00,7710.0,7730.0,7610.0,7620.0,4803,0.0,0.0
2014-11-28 00:00:00+09:00,7610.0,7740.0,7530.0,7740.0,6869,0.0,0.0
2014-12-01 00:00:00+09:00,7760.0,7800.0,7550.0,7750.0,8926,0.0,0.0
2014-12-02 00:00:00+09:00,7750.0,7790.0,7650.0,7750.0,11967,0.0,0.0
2014-12-03 00:00:00+09:00,7800.0,7800.0,7690.0,7740.0,9364,0.0,0.0
2014-12-04 00:00:00+09:00,7800.0,7810.0,7730.0,7790.0,19062,0.0,0.0
2014-12-05 00:00:00+09:00,7740.0,7880.0,7740.0,7820.0,11015,0.0,0.0
2014-12-08 00:00:00+09:00,7890.0,7980.0,7740.0,7960.0,21886,0.0,0.0
2014-12-09 00:00:00+09:00,8100.0,8500.0,8030.0,8060.0,51275,0.0,0.0
2014-12-10 00:00:00+09:00,8070.0,8170.0,7900.0,8100.0,18382,0.0,0.0
2014-12-11 00:00:00+09:00,7900.0,8080.0,7900.0,7950.0,11919,0.0,0.0
2014-12-12 00:00:00+09:00,7950.0,8060.0,7860.0,7860.0,12187,0.0,0.0
2014-12-15 00:00:00+09:00,7860.0,8170.0,7700.0,7750.0,11026,0.0,0.0
2014-12-16 00:00:00+09:00,7750.0,8030.0,7700.0,7700.0,5966,0.0,0.0
2014-12-17 00:00:00+09:00,7880.0,7900.0,7600.0,7620.0,8531,0.0,0.0
2014-12-18 00:00:00+09:00,7640.0,7820.0,7460.0,7590.0,12367,0.0,0.0
2014-12-19 00:00:00+09:00,7600.0,7690.0,7580.0,7600.0,7169,0.0,0.0
2014-12-22 00:00:00+09:00,7610.0,7800.0,7590.0,7600.0,8616,0.0,0.0
2014-12-23 00:00:00+09:00,7600.0,7900.0,7600.0,7700.0,6191,0.0,0.0
2014-12-24 00:00:00+09:00,7740.0,7850.0,7700.0,7700.0,7725,0.0,0.0
2014-12-26 00:00:00+09:00,7660.0,7840.0,7650.0,7720.0,9570,0.0,0.0
2014-12-29 00:00:00+09:00,7720.0,7850.0,7720.0,7720.0,11885,0.0,0.0
2014-12-30 00:00:00+09:00,7660.0,7880.0,7660.0,7810.0,6638,0.0,0.0
2015-01-02 00:00:00+09:00,7810.0,8000.0,7810.0,7860.0,7512,0.0,0.0
2015-01-05 00:00:00+09:00,7790.0,7940.0,7770.0,7900.0,12776,0.0,0.0
2015-01-06 00:00:00+09:00,7900.0,8230.0,7870.0,7910.0,35596,0.0,0.0
2015-01-07 00:00:00+09:00,7970.0,8060.0,7910.0,8050.0,20611,0.0,0.0
2015-01-08 00:00:00+09:00,8070.0,8100.0,7940.0,7940.0,11084,0.0,0.0
2015-01-09 00:00:00+09:00,8000.0,8340.0,7980.0,8290.0,50780,0.0,0.0
2015-01-12 00:00:00+09:00,8210.0,8450.0,8210.0,8250.0,27551,0.0,0.0
2015-01-13 00:00:00+09:00,8260.0,8320.0,8210.0,8240.0,7701,0.0,0.0
2015-01-14 00:00:00+09:00,8250.0,8340.0,8240.0,8300.0,7908,0.0,0.0
2015-01-15 00:00:00+09:00,8300.0,8500.0,8260.0,8400.0,43893,0.0,0.0
2015-01-16 00:00:00+09:00,8460.0,8460.0,8210.0,8210.0,22100,0.0,0.0
2015-01-19 00:00:00+09:00,8370.0,8370.0,8150.0,8180.0,27264,0.0,0.0
2015-01-20 00:00:00+09:00,8130.0,8280.0,8030.0,8030.0,11964,0.0,0.0
2015-01-21 00:00:00+09:00,8040.0,8140.0,8030.0,8120.0,10444,0.0,0.0
2015-01-22 00:00:00+09:00,8120.0,8220.0,8030.0,8140.0,16808,0.0,0.0
2015-01-23 00:00:00+09:00,8210.0,8210.0,8080.0,8150.0,9499,0.0,0.0
2015-01-26 00:00:00+09:00,8220.0,8280.0,8100.0,8100.0,21533,0.0,0.0
2015-01-27 00:00:00+09:00,8120.0,8190.0,8100.0,8120.0,17202,0.0,0.0
2015-01-28 00:00:00+09:00,8200.0,8350.0,8150.0,8350.0,25419,0.0,0.0
2015-01-29 00:00:00+09:00,8390.0,8490.0,8250.0,8450.0,32077,0.0,0.0
2015-01-30 00:00:00+09:00,8530.0,8550.0,8370.0,8430.0,14821,0.0,0.0
2015-02-02 00:00:00+09:00,8430.0,8580.0,8330.0,8580.0,19975,0.0,0.0
2015-02-03 00:00:00+09:00,8600.0,8790.0,8520.0,8670.0,26726,0.0,0.0
2015-02-04 00:00:00+09:00,8750.0,8810.0,8620.0,8700.0,14964,0.0,0.0
2015-02-05 00:00:00+09:00,8770.0,8770.0,8510.0,8600.0,16785,0.0,0.0
2015-02-06 00:00:00+09:00,8600.0,8600.0,8470.0,8490.0,12871,0.0,0.0
2015-02-09 00:00:00+09:00,8400.0,8450.0,8270.0,8290.0,24191,0.0,0.0
2015-02-10 00:00:00+09:00,8290.0,8350.0,8160.0,8220.0,20614,0.0,0.0
2015-02-11 00:00:00+09:00,8320.0,8320.0,8150.0,8270.0,8400,0.0,0.0
2015-02-12 00:00:00+09:00,8250.0,8280.0,8200.0,8250.0,8218,0.0,0.0
2015-02-13 00:00:00+09:00,8250.0,8290.0,8150.0,8250.0,9055,0.0,0.0
2015-02-16 00:00:00+09:00,8250.0,8420.0,8160.0,8390.0,17927,0.0,0.0
2015-02-17 00:00:00+09:00,8410.0,8450.0,8240.0,8400.0,16302,0.0,0.0
2015-02-23 00:00:00+09:00,8520.0,8520.0,8300.0,8370.0,17677,0.0,0.0
2015-02-24 00:00:00+09:00,8370.0,8430.0,8250.0,8300.0,17078,0.0,0.0
2015-02-25 00:00:00+09:00,8230.0,8310.0,8210.0,8230.0,16751,0.0,0.0
2015-02-26 00:00:00+09:00,8230.0,8380.0,8230.0,8290.0,19995,0.0,0.0
2015-02-27 00:00:00+09:00,8310.0,8690.0,8290.0,8620.0,36836,0.0,0.0
2015-03-02 00:00:00+09:00,8760.0,8760.0,8550.0,8630.0,52544,0.0,0.0
2015-03-03 00:00:00+09:00,8670.0,9100.0,8660.0,8950.0,48931,0.0,0.0
2015-03-04 00:00:00+09:00,8920.0,9130.0,8890.0,8890.0,25791,0.0,0.0
2015-03-05 00:00:00+09:00,8890.0,9430.0,8790.0,9050.0,90715,0.0,0.0
2015-03-06 00:00:00+09:00,8950.0,9060.0,8730.0,8730.0,34118,0.0,0.0
2015-03-09 00:00:00+09:00,8690.0,8860.0,8650.0,8840.0,16761,0.0,0.0
2015-03-10 00:00:00+09:00,8790.0,8870.0,8650.0,8740.0,22695,0.0,0.0
2015-03-11 00:00:00+09:00,8740.0,9030.0,8680.0,9020.0,33542,0.0,0.0
2015-03-12 00:00:00+09:00,9200.0,9200.0,8970.0,9020.0,22402,0.0,0.0
2015-03-13 00:00:00+09:00,8970.0,9180.0,8970.0,9000.0,24862,0.0,0.0
2015-03-16 00:00:00+09:00,9140.0,9140.0,8990.0,9090.0,20554,0.0,0.0
2015-03-17 00:00:00+09:00,9150.0,10450.0,9150.0,10450.0,660143,0.0,0.0
2015-03-18 00:00:00+09:00,10300.0,12000.0,10200.0,11500.0,1037436,0.0,0.0
2015-03-19 00:00:00+09:00,11550.0,11950.0,10800.0,10850.0,457141,0.0,0.0
2015-03-20 00:00:00+09:00,10850.0,11750.0,10550.0,11050.0,528403,0.0,0.0
2015-03-23 00:00:00+09:00,11300.0,11450.0,10550.0,10800.0,225224,0.0,0.0
2015-03-24 00:00:00+09:00,10750.0,11000.0,10300.0,10450.0,201992,0.0,0.0
2015-03-25 00:00:00+09:00,10650.0,11050.0,10450.0,10550.0,277286,0.0,0.0
2015-03-26 00:00:00+09:00,10600.0,10950.0,10450.0,10850.0,167105,0.0,0.0
2015-03-27 00:00:00+09:00,10850.0,10900.0,10050.0,10250.0,256215,0.0,0.0
2015-03-30 00:00:00+09:00,10250.0,10550.0,9960.0,10350.0,159489,0.0,0.0
2015-03-31 00:00:00+09:00,10400.0,10700.0,10300.0,10450.0,257053,0.0,0.0
2015-04-01 00:00:00+09:00,10650.0,10950.0,10400.0,10600.0,153258,0.0,0.0
2015-04-02 00:00:00+09:00,10600.0,10600.0,10300.0,10350.0,80210,0.0,0.0
2015-04-03 00:00:00+09:00,10550.0,10600.0,10150.0,10350.0,66337,0.0,0.0
2015-04-06 00:00:00+09:00,10450.0,10600.0,10150.0,10550.0,64264,0.0,0.0
2015-04-07 00:00:00+09:00,10750.0,10900.0,10200.0,10200.0,112591,0.0,0.0
2015-04-08 00:00:00+09:00,10300.0,10500.0,10150.0,10400.0,74048,0.0,0.0
2015-04-09 00:00:00+09:00,10400.0,10700.0,10200.0,10450.0,83016,0.0,0.0
2015-04-10 00:00:00+09:00,10550.0,11150.0,10500.0,11000.0,251409,0.0,0.0
2015-04-13 00:00:00+09:00,11300.0,11300.0,10500.0,10650.0,128279,0.0,0.0
2015-04-14 00:00:00+09:00,10650.0,10700.0,9700.0,9980.0,496882,0.0,0.0
2015-04-15 00:00:00+09:00,10250.0,11450.0,10150.0,11150.0,777491,0.0,0.0
2015-04-16 00:00:00+09:00,11300.0,11350.0,10850.0,11250.0,196565,0.0,0.0
2015-04-17 00:00:00+09:00,11300.0,11350.0,10800.0,10800.0,125228,0.0,0.0
2015-04-20 00:00:00+09:00,10700.0,10800.0,10300.0,10300.0,118144,0.0,0.0
2015-04-21 00:00:00+09:00,10550.0,10700.0,10350.0,10650.0,79268,0.0,0.0
2015-04-22 00:00:00+09:00,10700.0,10700.0,9740.0,10200.0,157746,0.0,0.0
2015-04-23 00:00:00+09:00,10200.0,10200.0,9620.0,9900.0,69318,0.0,0.0
2015-04-24 00:00:00+09:00,9900.0,10100.0,9760.0,9960.0,50906,0.0,0.0
2015-04-27 00:00:00+09:00,10300.0,10300.0,9830.0,9990.0,75995,0.0,0.0
2015-04-28 00:00:00+09:00,9990.0,10050.0,9630.0,9650.0,103062,0.0,0.0
2015-04-29 00:00:00+09:00,9580.0,10800.0,9550.0,10350.0,298970,0.0,0.0
2015-04-30 00:00:00+09:00,10350.0,11250.0,10300.0,10550.0,290791,0.0,0.0
2015-05-04 00:00:00+09:00,10500.0,11000.0,10250.0,10600.0,107090,0.0,0.0
2015-05-06 00:00:00+09:00,10500.0,11250.0,10450.0,10850.0,189172,0.0,0.0
2015-05-07 00:00:00+09:00,10950.0,11050.0,10250.0,10700.0,111255,0.0,0.0
2015-05-08 00:00:00+09:00,10850.0,11000.0,10450.0,10700.0,89349,0.0,0.0
2015-05-11 00:00:00+09:00,10700.0,10750.0,9970.0,10000.0,285172,0.0,0.0
2015-05-12 00:00:00+09:00,10000.0,10150.0,9870.0,10100.0,66040,0.0,0.0
2015-05-13 00:00:00+09:00,10000.0,11600.0,9910.0,11350.0,493072,0.0,0.0
2015-05-14 00:00:00+09:00,11800.0,13050.0,11800.0,13050.0,440534,0.0,0.0
2015-05-15 00:00:00+09:00,14000.0,15000.0,13650.0,15000.0,865691,0.0,0.0
2015-05-18 00:00:00+09:00,14800.0,15450.0,14650.0,15150.0,481077,0.0,0.0
2015-05-19 00:00:00+09:00,15150.0,16400.0,14700.0,16400.0,424247,0.0,0.0
2015-05-20 00:00:00+09:00,16150.0,17000.0,15600.0,15950.0,191820,0.0,0.0
2015-05-21 00:00:00+09:00,16150.0,16400.0,15350.0,15950.0,124285,0.0,0.0
2015-05-22 00:00:00+09:00,16150.0,18300.0,15800.0,17600.0,200189,0.0,0.0
2015-05-26 00:00:00+09:00,17350.0,18500.0,16250.0,16700.0,183020,0.0,0.0
2015-05-27 00:00:00+09:00,16400.0,16900.0,16050.0,16150.0,230670,0.0,0.0
2015-05-28 00:00:00+09:00,16450.0,18550.0,16250.0,17500.0,345309,0.0,0.0
2015-05-29 00:00:00+09:00,17200.0,17650.0,16850.0,17000.0,103514,0.0,0.0
2015-06-01 00:00:00+09:00,17000.0,17600.0,16600.0,17000.0,86948,0.0,0.0
2015-06-02 00:00:00+09:00,17000.0,17300.0,16650.0,16800.0,100392,0.0,0.0
2015-06-03 00:00:00+09:00,16850.0,19300.0,16200.0,18900.0,540654,0.0,0.0
2015-06-04 00:00:00+09:00,18200.0,18800.0,18050.0,18750.0,202452,0.0,0.0
2015-06-05 00:00:00+09:00,18850.0,18950.0,17700.0,18350.0,211915,0.0,0.0
2015-06-08 00:00:00+09:00,18450.0,20050.0,18400.0,18650.0,275082,0.0,0.0
2015-06-09 00:00:00+09:00,18650.0,19400.0,18550.0,19100.0,522904,0.0,0.0
2015-06-10 00:00:00+09:00,19300.0,20350.0,18450.0,18800.0,186803,0.0,0.0
2015-06-11 00:00:00+09:00,18800.0,19200.0,18400.0,18500.0,69276,0.0,0.0
2015-06-12 00:00:00+09:00,18600.0,19050.0,17750.0,18300.0,130993,0.0,0.0
2015-06-15 00:00:00+09:00,18300.0,18550.0,17550.0,17600.0,95177,0.0,0.0
2015-06-16 00:00:00+09:00,17500.0,18750.0,17100.0,18500.0,156870,0.0,0.0
2015-06-17 00:00:00+09:00,18500.0,19800.0,18500.0,19000.0,186542,0.0,0.0
2015-06-18 00:00:00+09:00,19300.0,19850.0,19000.0,19500.0,157686,0.0,0.0
2015-06-19 00:00:00+09:00,19850.0,20450.0,19600.0,19950.0,175774,0.0,0.0
2015-06-22 00:00:00+09:00,20250.0,20600.0,19100.0,19500.0,114926,0.0,0.0
2015-06-23 00:00:00+09:00,20000.0,20100.0,19400.0,19550.0,107206,0.0,0.0
2015-06-24 00:00:00+09:00,19600.0,20900.0,19550.0,20250.0,194406,0.0,0.0
2015-06-25 00:00:00+09:00,20300.0,20350.0,19000.0,19250.0,204989,0.0,0.0
2015-06-26 00:00:00+09:00,19150.0,19550.0,18600.0,18900.0,162857,0.0,0.0
2015-06-29 00:00:00+09:00,18550.0,18850.0,17050.0,17100.0,233271,0.0,0.0
2015-06-30 00:00:00+09:00,16700.0,17450.0,16650.0,17450.0,95719,0.0,0.0
2015-07-01 00:00:00+09:00,17350.0,17500.0,17000.0,17450.0,96873,0.0,0.0
2015-07-02 00:00:00+09:00,17450.0,17750.0,17000.0,17300.0,104172,0.0,0.0
2015-07-03 00:00:00+09:00,17300.0,17400.0,16500.0,16700.0,89459,0.0,0.0
2015-07-06 00:00:00+09:00,16300.0,16350.0,15000.0,15200.0,364856,0.0,0.0
2015-07-07 00:00:00+09:00,15500.0,16100.0,14750.0,15800.0,206454,0.0,0.0
2015-07-08 00:00:00+09:00,15700.0,16400.0,15450.0,15600.0,115179,0.0,0.0
2015-07-09 00:00:00+09:00,15200.0,16350.0,15150.0,16350.0,71085,0.0,0.0
2015-07-10 00:00:00+09:00,16600.0,17450.0,15850.0,17150.0,139854,0.0,0.0
2015-07-13 00:00:00+09:00,17800.0,18250.0,17500.0,18000.0,190922,0.0,0.0
2015-07-14 00:00:00+09:00,18250.0,18250.0,17500.0,18100.0,84406,0.0,0.0
2015-07-15 00:00:00+09:00,17900.0,19200.0,17900.0,19000.0,203993,0.0,0.0
2015-07-16 00:00:00+09:00,19050.0,20700.0,18650.0,19700.0,164329,0.0,0.0
2015-07-17 00:00:00+09:00,20000.0,20550.0,19200.0,19750.0,152888,0.0,0.0
2015-07-20 00:00:00+09:00,20000.0,20450.0,19250.0,19400.0,139850,0.0,0.0
2015-07-21 00:00:00+09:00,19600.0,19600.0,18500.0,18800.0,109516,0.0,0.0
2015-07-22 00:00:00+09:00,18800.0,19100.0,18250.0,18900.0,130822,0.0,0.0
2015-07-23 00:00:00+09:00,19400.0,19400.0,18500.0,19000.0,79197,0.0,0.0
2015-07-24 00:00:00+09:00,18750.0,18800.0,18000.0,18100.0,89616,0.0,0.0
2015-07-27 00:00:00+09:00,18100.0,18500.0,17050.0,17150.0,65020,0.0,0.0
2015-07-28 00:00:00+09:00,17000.0,17400.0,16250.0,16900.0,88460,0.0,0.0
2015-07-29 00:00:00+09:00,17400.0,17500.0,16800.0,17000.0,115667,0.0,0.0
2015-07-30 00:00:00+09:00,17150.0,17950.0,15650.0,15700.0,134759,0.0,0.0
2015-07-31 00:00:00+09:00,15600.0,16500.0,15000.0,16500.0,91451,0.0,0.0
2015-08-03 00:00:00+09:00,16250.0,17250.0,15900.0,17050.0,47446,0.0,0.0
2015-08-04 00:00:00+09:00,16700.0,18100.0,16600.0,18000.0,112189,0.0,0.0
2015-08-05 00:00:00+09:00,17650.0,19100.0,17650.0,18550.0,132958,0.0,0.0
2015-08-06 00:00:00+09:00,18750.0,19100.0,18350.0,18500.0,77875,0.0,0.0
2015-08-07 00:00:00+09:00,18450.0,20600.0,18200.0,20350.0,214183,0.0,0.0
2015-08-10 00:00:00+09:00,20850.0,21000.0,18850.0,19000.0,149251,0.0,0.0
2015-08-11 00:00:00+09:00,18900.0,19250.0,17550.0,17750.0,246550,0.0,0.0
2015-08-12 00:00:00+09:00,17150.0,17250.0,14500.0,15100.0,525651,0.0,0.0
2015-08-13 00:00:00+09:00,15100.0,15700.0,14550.0,14900.0,256297,0.0,0.0
2015-08-14 00:00:00+09:00,14900.0,14900.0,14900.0,14900.0,0,0.0,0.0
2015-08-17 00:00:00+09:00,15100.0,15250.0,14600.0,14850.0,75853,0.0,0.0
2015-08-18 00:00:00+09:00,15100.0,15100.0,13400.0,13500.0,182994,0.0,0.0
2015-08-19 00:00:00+09:00,13800.0,14850.0,13350.0,14100.0,195146,0.0,0.0
2015-08-20 00:00:00+09:00,13950.0,14750.0,13750.0,13900.0,99191,0.0,0.0
2015-08-21 00:00:00+09:00,12900.0,14000.0,12100.0,13350.0,102232,0.0,0.0
2015-08-24 00:00:00+09:00,12600.0,13750.0,12600.0,12950.0,205801,0.0,0.0
2015-08-25 00:00:00+09:00,13500.0,14750.0,13000.0,14100.0,133093,0.0,0.0
2015-08-26 00:00:00+09:00,13800.0,14250.0,13400.0,13600.0,115653,0.0,0.0
2015-08-27 00:00:00+09:00,13750.0,14350.0,13400.0,13550.0,170099,0.0,0.0
2015-08-28 00:00:00+09:00,13600.0,13700.0,12850.0,13100.0,388458,0.0,0.0
2015-08-31 00:00:00+09:00,13100.0,13300.0,12900.0,13100.0,110847,0.0,0.0
2015-09-01 00:00:00+09:00,13100.0,13600.0,12600.0,13100.0,269946,0.0,0.0
2015-09-02 00:00:00+09:00,13050.0,13500.0,12850.0,13000.0,197243,0.0,0.0
2015-09-03 00:00:00+09:00,13200.0,13400.0,12950.0,13050.0,306766,0.0,0.0
2015-09-04 00:00:00+09:00,13050.0,14050.0,13050.0,13250.0,392377,0.0,0.0
2015-09-07 00:00:00+09:00,13250.0,13750.0,12950.0,13550.0,106766,0.0,0.0
2015-09-08 00:00:00+09:00,13550.0,14950.0,13550.0,14850.0,667920,0.0,0.0
2015-09-09 00:00:00+09:00,15050.0,15200.0,14650.0,14950.0,256814,0.0,0.0
2015-09-10 00:00:00+09:00,14800.0,15750.0,14650.0,15350.0,289154,0.0,0.0
2015-09-11 00:00:00+09:00,15200.0,15600.0,14850.0,15400.0,124977,0.0,0.0
2015-09-14 00:00:00+09:00,15550.0,15600.0,15150.0,15300.0,119584,0.0,0.0
2015-09-15 00:00:00+09:00,15250.0,15850.0,15100.0,15100.0,183189,0.0,0.0
2015-09-16 00:00:00+09:00,15200.0,15700.0,14900.0,15350.0,156707,0.0,0.0
2015-09-17 00:00:00+09:00,15350.0,15800.0,15100.0,15200.0,96688,0.0,0.0
2015-09-18 00:00:00+09:00,15250.0,15600.0,15150.0,15500.0,108950,0.0,0.0
2015-09-21 00:00:00+09:00,15500.0,15700.0,15200.0,15450.0,62121,0.0,0.0
2015-09-22 00:00:00+09:00,15450.0,16050.0,15350.0,16000.0,121897,0.0,0.0
2015-09-23 00:00:00+09:00,15600.0,16050.0,15450.0,15650.0,57432,0.0,0.0
2015-09-24 00:00:00+09:00,15700.0,15900.0,15400.0,15650.0,37544,0.0,0.0
2015-09-25 00:00:00+09:00,15500.0,15700.0,14850.0,15600.0,47055,0.0,0.0
2015-09-30 00:00:00+09:00,15300.0,15600.0,14800.0,14900.0,78658,0.0,0.0
2015-10-01 00:00:00+09:00,15150.0,15150.0,14300.0,14750.0,89903,0.0,0.0
2015-10-02 00:00:00+09:00,14700.0,14850.0,13450.0,13750.0,237050,0.0,0.0
2015-10-05 00:00:00+09:00,13900.0,14000.0,13000.0,13500.0,448028,0.0,0.0
2015-10-06 00:00:00+09:00,13800.0,14100.0,13500.0,13500.0,359162,0.0,0.0
2015-10-07 00:00:00+09:00,14300.0,14750.0,13950.0,14200.0,546664,0.0,0.0
2015-10-08 00:00:00+09:00,14250.0,14450.0,13950.0,14150.0,179860,0.0,0.0
2015-10-12 00:00:00+09:00,14300.0,14300.0,13300.0,13950.0,176705,0.0,0.0
2015-10-13 00:00:00+09:00,13950.0,14300.0,13700.0,13950.0,95967,0.0,0.0
2015-10-14 00:00:00+09:00,14100.0,15800.0,13800.0,14150.0,788715,0.0,0.0
2015-10-15 00:00:00+09:00,14350.0,14850.0,14150.0,14800.0,241542,0.0,0.0
2015-10-16 00:00:00+09:00,15000.0,15200.0,14500.0,15150.0,212668,0.0,0.0
2015-10-19 00:00:00+09:00,15200.0,16200.0,15200.0,16100.0,368538,0.0,0.0
2015-10-20 00:00:00+09:00,16200.0,16650.0,15750.0,16150.0,210389,0.0,0.0
2015-10-21 00:00:00+09:00,16100.0,16500.0,15850.0,16300.0,171032,0.0,0.0
2015-10-22 00:00:00+09:00,16300.0,16300.0,15600.0,15650.0,97634,0.0,0.0
2015-10-23 00:00:00+09:00,15650.0,15900.0,15400.0,15900.0,78816,0.0,0.0
2015-10-26 00:00:00+09:00,16150.0,16350.0,15600.0,16200.0,123075,0.0,0.0
2015-10-27 00:00:00+09:00,16300.0,16550.0,16100.0,16500.0,104856,0.0,0.0
2015-10-28 00:00:00+09:00,16600.0,17950.0,16300.0,17350.0,366938,0.0,0.0
2015-10-29 00:00:00+09:00,17550.0,17950.0,16900.0,17150.0,143160,0.0,0.0
2015-10-30 00:00:00+09:00,17050.0,17350.0,16500.0,17300.0,140094,0.0,0.0
2015-11-02 00:00:00+09:00,17350.0,17350.0,16050.0,16250.0,139128,0.0,0.0
2015-11-03 00:00:00+09:00,16150.0,16300.0,15750.0,16150.0,88090,0.0,0.0
2015-11-04 00:00:00+09:00,16500.0,16700.0,15850.0,16350.0,94596,0.0,0.0
2015-11-05 00:00:00+09:00,16400.0,16400.0,15400.0,15400.0,163774,0.0,0.0
2015-11-06 00:00:00+09:00,15250.0,15350.0,14100.0,14850.0,335168,0.0,0.0
2015-11-09 00:00:00+09:00,15000.0,15400.0,14600.0,15300.0,110632,0.0,0.0
2015-11-10 00:00:00+09:00,15000.0,15050.0,14600.0,14750.0,119730,0.0,0.0
2015-11-11 00:00:00+09:00,14550.0,15400.0,14550.0,15200.0,50964,0.0,0.0
2015-11-12 00:00:00+09:00,15350.0,15350.0,14950.0,15000.0,51544,0.0,0.0
2015-11-13 00:00:00+09:00,15000.0,15300.0,14200.0,14500.0,136627,0.0,0.0
2015-11-16 00:00:00+09:00,13800.0,14600.0,13600.0,14450.0,112242,0.0,0.0
2015-11-17 00:00:00+09:00,14450.0,14750.0,14250.0,14500.0,31295,0.0,0.0
2015-11-18 00:00:00+09:00,14500.0,14650.0,13800.0,14500.0,147785,0.0,0.0
2015-11-19 00:00:00+09:00,14400.0,14400.0,14100.0,14200.0,42791,0.0,0.0
2015-11-20 00:00:00+09:00,14150.0,14700.0,14100.0,14500.0,85911,0.0,0.0
2015-11-23 00:00:00+09:00,14700.0,14700.0,14150.0,14350.0,49456,0.0,0.0
2015-11-24 00:00:00+09:00,14350.0,14400.0,13950.0,14100.0,28215,0.0,0.0
2015-11-25 00:00:00+09:00,14100.0,15050.0,13850.0,14950.0,131020,0.0,0.0
2015-11-26 00:00:00+09:00,15000.0,15000.0,14600.0,14900.0,60623,0.0,0.0
2015-11-27 00:00:00+09:00,14950.0,15000.0,14500.0,14500.0,34885,0.0,0.0
2015-11-30 00:00:00+09:00,14600.0,14600.0,14100.0,14350.0,25424,0.0,0.0
2015-12-01 00:00:00+09:00,14300.0,14500.0,14000.0,14300.0,54587,0.0,0.0
2015-12-02 00:00:00+09:00,14300.0,14400.0,13750.0,14100.0,30597,0.0,0.0
2015-12-03 00:00:00+09:00,14100.0,14100.0,13800.0,14000.0,28419,0.0,0.0
2015-12-04 00:00:00+09:00,14000.0,14200.0,13600.0,13850.0,40786,0.0,0.0
2015-12-07 00:00:00+09:00,13950.0,14000.0,13150.0,13650.0,123503,0.0,0.0
2015-12-08 00:00:00+09:00,13450.0,13800.0,13150.0,13200.0,130064,0.0,0.0
2015-12-09 00:00:00+09:00,13200.0,13250.0,12400.0,12700.0,105408,0.0,0.0
2015-12-10 00:00:00+09:00,12700.0,12700.0,12050.0,12050.0,98838,0.0,0.0
2015-12-11 00:00:00+09:00,12000.0,12150.0,11200.0,11300.0,104306,0.0,0.0
2015-12-14 00:00:00+09:00,11000.0,11050.0,10400.0,10700.0,326618,0.0,0.0
2015-12-15 00:00:00+09:00,10650.0,11100.0,10450.0,11050.0,87915,0.0,0.0
2015-12-16 00:00:00+09:00,11050.0,11350.0,11000.0,11250.0,58424,0.0,0.0
2015-12-17 00:00:00+09:00,11250.0,11450.0,10950.0,11400.0,46645,0.0,0.0
2015-12-18 00:00:00+09:00,11200.0,11750.0,11150.0,11650.0,66565,0.0,0.0
2015-12-21 00:00:00+09:00,11550.0,11800.0,11400.0,11600.0,19881,0.0,0.0
2015-12-22 00:00:00+09:00,11950.0,11950.0,11400.0,11600.0,39357,0.0,0.0
2015-12-23 00:00:00+09:00,11600.0,11950.0,11400.0,11700.0,44381,0.0,0.0
2015-12-24 00:00:00+09:00,11700.0,11700.0,10900.0,11150.0,85881,0.0,0.0
2015-12-28 00:00:00+09:00,11000.0,11350.0,10950.0,11300.0,40730,0.0,0.0
2015-12-29 00:00:00+09:00,11300.0,11350.0,10750.0,10950.0,59977,0.0,0.0
2015-12-30 00:00:00+09:00,11100.0,11100.0,10700.0,10800.0,65990,0.0,0.0
2016-01-04 00:00:00+09:00,10850.0,11100.0,10700.0,10700.0,34797,0.0,0.0
2016-01-05 00:00:00+09:00,10500.0,11250.0,10500.0,11250.0,69945,0.0,0.0
2016-01-06 00:00:00+09:00,11200.0,11450.0,10550.0,11350.0,84366,0.0,0.0
2016-01-07 00:00:00+09:00,11100.0,11450.0,10700.0,10700.0,90014,0.0,0.0
2016-01-08 00:00:00+09:00,10400.0,10550.0,9980.0,10500.0,155919,0.0,0.0
2016-01-11 00:00:00+09:00,10350.0,10600.0,9970.0,10300.0,271044,0.0,0.0
2016-01-12 00:00:00+09:00,10500.0,12600.0,10450.0,11550.0,768489,0.0,0.0
2016-01-13 00:00:00+09:00,11600.0,11800.0,11200.0,11700.0,213469,0.0,0.0
2016-01-14 00:00:00+09:00,11450.0,12450.0,11350.0,12150.0,592750,0.0,0.0
2016-01-15 00:00:00+09:00,12150.0,12900.0,11900.0,12900.0,425317,0.0,0.0
2016-01-18 00:00:00+09:00,12500.0,12900.0,12400.0,12700.0,195133,0.0,0.0
2016-01-19 00:00:00+09:00,12550.0,12800.0,12000.0,12250.0,92542,0.0,0.0
2016-01-20 00:00:00+09:00,12150.0,12250.0,11600.0,12100.0,138120,0.0,0.0
2016-01-21 00:00:00+09:00,11700.0,12000.0,11300.0,11550.0,81219,0.0,0.0
2016-01-22 00:00:00+09:00,11750.0,12350.0,11650.0,12150.0,60812,0.0,0.0
2016-01-25 00:00:00+09:00,12150.0,12450.0,11900.0,12400.0,67865,0.0,0.0
2016-01-26 00:00:00+09:00,12350.0,12450.0,11950.0,12300.0,53962,0.0,0.0
2016-01-27 00:00:00+09:00,12250.0,12550.0,12000.0,12500.0,95556,0.0,0.0
2016-01-28 00:00:00+09:00,12400.0,13250.0,12400.0,13150.0,393980,0.0,0.0
2016-01-29 00:00:00+09:00,13250.0,13250.0,12700.0,12850.0,125038,0.0,0.0
2016-02-01 00:00:00+09:00,12950.0,12950.0,12300.0,12500.0,85222,0.0,0.0
2016-02-02 00:00:00+09:00,12450.0,13700.0,12450.0,13250.0,287380,0.0,0.0
2016-02-03 00:00:00+09:00,13100.0,13450.0,13000.0,13250.0,94367,0.0,0.0
2016-02-04 00:00:00+09:00,13400.0,13400.0,12850.0,13000.0,76900,0.0,0.0
2016-02-05 00:00:00+09:00,13000.0,13300.0,12700.0,12900.0,72969,0.0,0.0
2016-02-11 00:00:00+09:00,12400.0,12450.0,11650.0,11650.0,107026,0.0,0.0
2016-02-12 00:00:00+09:00,11400.0,11650.0,9900.0,10200.0,238653,0.0,0.0
2016-02-15 00:00:00+09:00,10400.0,11000.0,10400.0,10900.0,120794,0.0,0.0
2016-02-16 00:00:00+09:00,11000.0,11450.0,11000.0,11400.0,55231,0.0,0.0
2016-02-17 00:00:00+09:00,11400.0,11850.0,11100.0,11400.0,97308,0.0,0.0
2016-02-18 00:00:00+09:00,11500.0,11750.0,11400.0,11450.0,61555,0.0,0.0
2016-02-19 00:00:00+09:00,11550.0,12400.0,11350.0,11900.0,111703,0.0,0.0
2016-02-22 00:00:00+09:00,11950.0,12200.0,11850.0,11950.0,59453,0.0,0.0
2016-02-23 00:00:00+09:00,12300.0,12300.0,11600.0,11700.0,86932,0.0,0.0
2016-02-24 00:00:00+09:00,11550.0,12200.0,11550.0,12000.0,41062,0.0,0.0
2016-02-25 00:00:00+09:00,12100.0,12100.0,11450.0,11450.0,56593,0.0,0.0
2016-02-26 00:00:00+09:00,11550.0,11650.0,11200.0,11300.0,56581,0.0,0.0
2016-02-29 00:00:00+09:00,11300.0,11350.0,10850.0,10950.0,69501,0.0,0.0
2016-03-02 00:00:00+09:00,11050.0,11300.0,11000.0,11050.0,55348,0.0,0.0
2016-03-03 00:00:00+09:00,11100.0,11250.0,10650.0,10800.0,89699,0.0,0.0
2016-03-04 00:00:00+09:00,10850.0,10850.0,10550.0,10550.0,89414,0.0,0.0
2016-03-07 00:00:00+09:00,10800.0,10900.0,10500.0,10600.0,121643,0.0,0.0
2016-03-08 00:00:00+09:00,10700.0,10850.0,10400.0,10500.0,135953,0.0,0.0
2016-03-09 00:00:00+09:00,10500.0,10950.0,10500.0,10850.0,109948,0.0,0.0
2016-03-10 00:00:00+09:00,10900.0,10950.0,10750.0,10900.0,107453,0.0,0.0
2016-03-11 00:00:00+09:00,10900.0,11350.0,10700.0,11350.0,115409,0.0,0.0
2016-03-14 00:00:00+09:00,11400.0,11600.0,11200.0,11350.0,94461,0.0,0.0
2016-03-15 00:00:00+09:00,11500.0,11650.0,11200.0,11200.0,59859,0.0,0.0
2016-03-16 00:00:00+09:00,11200.0,11350.0,10900.0,10950.0,56411,0.0,0.0
2016-03-17 00:00:00+09:00,11100.0,11200.0,10850.0,10900.0,76405,0.0,0.0
2016-03-18 00:00:00+09:00,10950.0,11100.0,10900.0,11000.0,36861,0.0,0.0
2016-03-21 00:00:00+09:00,11000.0,11050.0,10850.0,11050.0,35588,0.0,0.0
2016-03-22 00:00:00+09:00,11050.0,11700.0,11050.0,11700.0,160336,0.0,0.0
2016-03-23 00:00:00+09:00,11800.0,11850.0,11400.0,11500.0,132840,0.0,0.0
2016-03-24 00:00:00+09:00,11500.0,11550.0,11150.0,11150.0,79293,0.0,0.0
2016-03-25 00:00:00+09:00,11600.0,11750.0,11350.0,11500.0,97844,0.0,0.0
2016-03-28 00:00:00+09:00,11550.0,12150.0,11350.0,12000.0,186841,0.0,0.0
2016-03-29 00:00:00+09:00,12200.0,12200.0,11750.0,11850.0,107579,0.0,0.0
2016-03-30 00:00:00+09:00,12000.0,12150.0,11750.0,11850.0,96443,0.0,0.0
2016-03-31 00:00:00+09:00,11850.0,11900.0,11650.0,11700.0,79372,0.0,0.0
2016-04-01 00:00:00+09:00,11750.0,12150.0,11650.0,12000.0,117694,0.0,0.0
2016-04-04 00:00:00+09:00,12000.0,12250.0,11900.0,12200.0,132150,0.0,0.0
2016-04-05 00:00:00+09:00,12150.0,12150.0,11900.0,12000.0,59669,0.0,0.0
2016-04-06 00:00:00+09:00,11900.0,12450.0,11850.0,12250.0,136112,0.0,0.0
2016-04-07 00:00:00+09:00,12250.0,13900.0,12050.0,13400.0,1333018,0.0,0.0
2016-04-08 00:00:00+09:00,13550.0,14550.0,13450.0,14250.0,1139256,0.0,0.0
2016-04-11 00:00:00+09:00,14100.0,14300.0,13950.0,14150.0,251599,0.0,0.0
2016-04-12 00:00:00+09:00,14150.0,14200.0,13600.0,14150.0,355624,0.0,0.0
2016-04-14 00:00:00+09:00,14200.0,14700.0,13900.0,14600.0,431896,0.0,0.0
2016-04-15 00:00:00+09:00,14800.0,14850.0,14000.0,14350.0,305165,0.0,0.0
2016-04-18 00:00:00+09:00,14250.0,14400.0,13900.0,14100.0,187411,0.0,0.0
2016-04-19 00:00:00+09:00,14200.0,14450.0,13750.0,14000.0,287465,0.0,0.0
2016-04-20 00:00:00+09:00,14050.0,14650.0,14050.0,14200.0,275282,0.0,0.0
2016-04-21 00:00:00+09:00,14350.0,14350.0,13800.0,14000.0,230333,0.0,0.0
2016-04-22 00:00:00+09:00,14050.0,14300.0,13850.0,13900.0,156389,0.0,0.0
2016-04-25 00:00:00+09:00,14000.0,14250.0,13950.0,14150.0,101199,0.0,0.0
2016-04-26 00:00:00+09:00,14250.0,14300.0,13950.0,13950.0,92215,0.0,0.0
2016-04-27 00:00:00+09:00,14050.0,14100.0,13300.0,13350.0,223329,0.0,0.0
2016-04-28 00:00:00+09:00,13600.0,13850.0,13350.0,13650.0,161266,0.0,0.0
2016-04-29 00:00:00+09:00,13750.0,14050.0,13600.0,14050.0,170716,0.0,0.0
2016-05-02 00:00:00+09:00,14050.0,14100.0,13050.0,13050.0,212324,0.0,0.0
2016-05-03 00:00:00+09:00,13250.0,13600.0,13200.0,13500.0,138676,0.0,0.0
2016-05-04 00:00:00+09:00,13450.0,13750.0,13250.0,13500.0,99880,0.0,0.0
2016-05-09 00:00:00+09:00,13700.0,13700.0,13050.0,13200.0,77746,0.0,0.0
2016-05-10 00:00:00+09:00,13250.0,13600.0,13150.0,13600.0,66824,0.0,0.0
2016-05-11 00:00:00+09:00,13500.0,13600.0,13300.0,13400.0,44767,0.0,0.0
2016-05-12 00:00:00+09:00,13450.0,13550.0,13250.0,13500.0,74103,0.0,0.0
2016-05-13 00:00:00+09:00,13600.0,14100.0,13550.0,13900.0,238421,0.0,0.0
2016-05-16 00:00:00+09:00,13850.0,14100.0,13350.0,13600.0,112320,0.0,0.0
2016-05-17 00:00:00+09:00,13650.0,13750.0,13350.0,13550.0,61683,0.0,0.0
2016-05-18 00:00:00+09:00,13400.0,13850.0,13300.0,13650.0,81557,0.0,0.0
2016-05-19 00:00:00+09:00,13850.0,13850.0,13200.0,13350.0,65000,0.0,0.0
2016-05-20 00:00:00+09:00,13150.0,13450.0,13100.0,13300.0,74199,0.0,0.0
2016-05-23 00:00:00+09:00,13400.0,13550.0,13200.0,13250.0,47179,0.0,0.0
2016-05-24 00:00:00+09:00,13350.0,13350.0,12700.0,12950.0,90938,0.0,0.0
2016-05-25 00:00:00+09:00,13050.0,13150.0,12600.0,12650.0,135416,0.0,0.0
2016-05-26 00:00:00+09:00,12650.0,12750.0,12450.0,12650.0,56419,0.0,0.0
2016-05-27 00:00:00+09:00,12650.0,12750.0,12300.0,12300.0,93243,0.0,0.0
2016-05-30 00:00:00+09:00,12350.0,12450.0,11950.0,11950.0,84706,0.0,0.0
2016-05-31 00:00:00+09:00,12050.0,12400.0,11850.0,12400.0,87021,0.0,0.0
2016-06-01 00:00:00+09:00,12300.0,12450.0,12200.0,12350.0,70273,0.0,0.0
2016-06-02 00:00:00+09:00,12350.0,12650.0,12250.0,12650.0,70933,0.0,0.0
2016-06-03 00:00:00+09:00,12700.0,12950.0,12500.0,12800.0,109047,0.0,0.0
2016-06-07 00:00:00+09:00,12750.0,12850.0,12550.0,12700.0,61075,0.0,0.0
2016-06-08 00:00:00+09:00,12650.0,12650.0,12150.0,12200.0,96217,0.0,0.0
2016-06-09 00:00:00+09:00,12450.0,12750.0,12300.0,12500.0,75978,0.0,0.0
2016-06-10 00:00:00+09:00,12650.0,12700.0,12450.0,12550.0,47552,0.0,0.0
2016-06-13 00:00:00+09:00,12350.0,12400.0,12150.0,12150.0,44989,0.0,0.0
2016-06-14 00:00:00+09:00,12150.0,12450.0,12050.0,12400.0,40687,0.0,0.0
2016-06-15 00:00:00+09:00,12450.0,12450.0,12000.0,12200.0,35448,0.0,0.0
2016-06-16 00:00:00+09:00,12300.0,12300.0,11700.0,11800.0,52830,0.0,0.0
2016-06-17 00:00:00+09:00,11800.0,12100.0,11450.0,11700.0,53386,0.0,0.0
2016-06-20 00:00:00+09:00,11800.0,12200.0,11750.0,12100.0,57996,0.0,0.0
2016-06-21 00:00:00+09:00,12100.0,12250.0,12000.0,12050.0,35421,0.0,0.0
2016-06-22 00:00:00+09:00,11950.0,12200.0,11900.0,12150.0,27827,0.0,0.0
2016-06-23 00:00:00+09:00,12000.0,12200.0,11600.0,12100.0,67495,0.0,0.0
2016-06-24 00:00:00+09:00,12300.0,12300.0,10600.0,10950.0,183422,0.0,0.0
2016-06-27 00:00:00+09:00,10300.0,10900.0,10100.0,10900.0,238701,0.0,0.0
2016-06-28 00:00:00+09:00,10700.0,11300.0,10600.0,11000.0,68720,0.0,0.0
2016-06-29 00:00:00+09:00,11150.0,11250.0,11000.0,11050.0,141157,0.0,0.0
2016-06-30 00:00:00+09:00,11150.0,11250.0,10850.0,11050.0,92223,0.0,0.0
2016-07-01 00:00:00+09:00,11050.0,11200.0,11000.0,11100.0,62423,0.0,0.0
2016-07-04 00:00:00+09:00,11100.0,11450.0,11050.0,11300.0,97169,0.0,0.0
2016-07-05 00:00:00+09:00,11350.0,11450.0,11200.0,11350.0,62273,0.0,0.0
2016-07-06 00:00:00+09:00,11350.0,11400.0,11000.0,11050.0,50875,0.0,0.0
2016-07-07 00:00:00+09:00,11050.0,11600.0,11050.0,11500.0,59604,0.0,0.0
2016-07-08 00:00:00+09:00,11550.0,11550.0,11150.0,11350.0,49630,0.0,0.0
2016-07-11 00:00:00+09:00,11350.0,11400.0,11150.0,11400.0,46708,0.0,0.0
2016-07-12 00:00:00+09:00,11450.0,11900.0,11250.0,11850.0,88909,0.0,0.0
2016-07-13 00:00:00+09:00,13650.0,14000.0,12350.0,12500.0,1475090,0.0,0.0
2016-07-14 00:00:00+09:00,12850.0,13150.0,12450.0,12750.0,548089,0.0,0.0
2016-07-15 00:00:00+09:00,12950.0,14250.0,12600.0,13950.0,1282416,0.0,0.0
2016-07-18 00:00:00+09:00,16400.0,16750.0,14250.0,14500.0,2162522,0.0,0.0
2016-07-19 00:00:00+09:00,14200.0,14900.0,14000.0,14450.0,623210,0.0,0.0
2016-07-20 00:00:00+09:00,14700.0,14800.0,13800.0,13850.0,466207,0.0,0.0
2016-07-21 00:00:00+09:00,13900.0,14150.0,13300.0,13850.0,490950,0.0,0.0
2016-07-22 00:00:00+09:00,14000.0,15400.0,13950.0,14750.0,1253268,0.0,0.0
2016-07-25 00:00:00+09:00,14700.0,16350.0,14500.0,16350.0,1365261,0.0,0.0
2016-07-26 00:00:00+09:00,16150.0,16250.0,15500.0,15600.0,622145,0.0,0.0
2016-07-27 00:00:00+09:00,15450.0,16500.0,15450.0,16200.0,748862,0.0,0.0
2016-07-28 00:00:00+09:00,16100.0,17350.0,16100.0,16850.0,1468591,0.0,0.0
2016-07-29 00:00:00+09:00,16250.0,16350.0,15700.0,16050.0,1100066,0.0,0.0
2016-08-01 00:00:00+09:00,16100.0,16200.0,15700.0,16000.0,550445,0.0,0.0
2016-08-02 00:00:00+09:00,15900.0,16800.0,15500.0,16700.0,549785,0.0,0.0
2016-08-03 00:00:00+09:00,16900.0,17200.0,15600.0,15600.0,614403,0.0,0.0
2016-08-04 00:00:00+09:00,15650.0,15900.0,15100.0,15600.0,463442,0.0,0.0
2016-08-05 00:00:00+09:00,15700.0,15800.0,14900.0,15150.0,410357,0.0,0.0
2016-08-08 00:00:00+09:00,15250.0,15450.0,14900.0,15200.0,172474,0.0,0.0
2016-08-09 00:00:00+09:00,15250.0,15750.0,15150.0,15300.0,233760,0.0,0.0
2016-08-10 00:00:00+09:00,15300.0,15800.0,15150.0,15150.0,312490,0.0,0.0
2016-08-11 00:00:00+09:00,15200.0,15300.0,14550.0,14900.0,202025,0.0,0.0
2016-08-12 00:00:00+09:00,15000.0,15050.0,14300.0,14300.0,227162,0.0,0.0
2016-08-16 00:00:00+09:00,14800.0,16350.0,14500.0,15550.0,1260159,0.0,0.0
2016-08-17 00:00:00+09:00,14950.0,15200.0,14150.0,14350.0,518144,0.0,0.0
2016-08-18 00:00:00+09:00,14450.0,14600.0,13700.0,13800.0,377001,0.0,0.0
2016-08-19 00:00:00+09:00,13800.0,14100.0,13700.0,13800.0,197132,0.0,0.0
2016-08-22 00:00:00+09:00,13750.0,14250.0,13750.0,13850.0,167246,0.0,0.0
2016-08-23 00:00:00+09:00,13850.0,14150.0,13700.0,13900.0,181030,0.0,0.0
2016-08-24 00:00:00+09:00,14000.0,14050.0,13500.0,13600.0,197222,0.0,0.0
2016-08-25 00:00:00+09:00,13800.0,14350.0,13800.0,14050.0,410959,0.0,0.0
2016-08-26 00:00:00+09:00,13950.0,14100.0,13600.0,13850.0,138406,0.0,0.0
2016-08-29 00:00:00+09:00,13950.0,13950.0,12600.0,12600.0,345361,0.0,0.0
2016-08-30 00:00:00+09:00,12650.0,13100.0,12450.0,12700.0,161847,0.0,0.0
2016-08-31 00:00:00+09:00,12750.0,12800.0,11950.0,12050.0,304152,0.0,0.0
2016-09-01 00:00:00+09:00,12150.0,12350.0,11950.0,12200.0,106227,0.0,0.0
2016-09-02 00:00:00+09:00,12250.0,12300.0,12000.0,12050.0,92419,0.0,0.0
2016-09-05 00:00:00+09:00,12150.0,12400.0,12100.0,12250.0,82729,0.0,0.0
2016-09-06 00:00:00+09:00,12250.0,12300.0,12000.0,12000.0,106469,0.0,0.0
2016-09-07 00:00:00+09:00,12000.0,12100.0,11300.0,11400.0,351152,0.0,0.0
2016-09-08 00:00:00+09:00,11400.0,11700.0,11300.0,11650.0,177336,0.0,0.0
2016-09-09 00:00:00+09:00,11650.0,11650.0,11200.0,11500.0,158809,0.0,0.0
2016-09-12 00:00:00+09:00,11100.0,11300.0,10950.0,11000.0,179016,0.0,0.0
2016-09-13 00:00:00+09:00,11200.0,11300.0,10700.0,10800.0,182182,0.0,0.0
2016-09-19 00:00:00+09:00,10850.0,11300.0,10800.0,11250.0,124646,0.0,0.0
2016-09-20 00:00:00+09:00,11250.0,11600.0,11200.0,11450.0,116526,0.0,0.0
2016-09-21 00:00:00+09:00,11550.0,11800.0,11250.0,11450.0,172051,0.0,0.0
2016-09-22 00:00:00+09:00,11600.0,11600.0,11300.0,11550.0,144266,0.0,0.0
2016-09-23 00:00:00+09:00,11650.0,11700.0,11450.0,11550.0,83249,0.0,0.0
2016-09-26 00:00:00+09:00,11450.0,11550.0,11050.0,11150.0,180968,0.0,0.0
2016-09-27 00:00:00+09:00,11200.0,11700.0,11100.0,11700.0,216630,0.0,0.0
2016-09-28 00:00:00+09:00,11700.0,12350.0,11550.0,12100.0,303858,0.0,0.0
2016-09-29 00:00:00+09:00,12300.0,12550.0,12150.0,12350.0,310792,0.0,0.0
2016-09-30 00:00:00+09:00,12300.0,12450.0,12100.0,12300.0,145978,0.0,0.0
2016-10-04 00:00:00+09:00,12650.0,12700.0,12350.0,12400.0,164079,0.0,0.0
2016-10-05 00:00:00+09:00,12350.0,12350.0,12050.0,12100.0,143349,0.0,0.0
2016-10-06 00:00:00+09:00,12150.0,12450.0,12050.0,12300.0,123251,0.0,0.0
2016-10-07 00:00:00+09:00,12400.0,12400.0,11950.0,12050.0,108941,0.0,0.0
2016-10-10 00:00:00+09:00,12250.0,12350.0,12100.0,12250.0,71207,0.0,0.0
2016-10-11 00:00:00+09:00,12300.0,12400.0,12100.0,12300.0,81605,0.0,0.0
2016-10-12 00:00:00+09:00,12300.0,12400.0,12150.0,12400.0,104947,0.0,0.0
2016-10-13 00:00:00+09:00,12450.0,12900.0,12350.0,12600.0,297654,0.0,0.0
2016-10-14 00:00:00+09:00,12600.0,12650.0,12400.0,12600.0,88670,0.0,0.0
2016-10-17 00:00:00+09:00,12550.0,12850.0,12450.0,12450.0,79906,0.0,0.0
2016-10-18 00:00:00+09:00,12450.0,12500.0,12150.0,12200.0,129526,0.0,0.0
2016-10-19 00:00:00+09:00,12250.0,12600.0,12100.0,12450.0,153757,0.0,0.0
2016-10-20 00:00:00+09:00,12450.0,12550.0,11900.0,11900.0,108440,0.0,0.0
2016-10-21 00:00:00+09:00,11950.0,12000.0,11400.0,11500.0,164862,0.0,0.0
2016-10-24 00:00:00+09:00,11700.0,13000.0,11650.0,12600.0,593538,0.0,0.0
2016-10-25 00:00:00+09:00,12700.0,12700.0,12150.0,12300.0,223926,0.0,0.0
2016-10-26 00:00:00+09:00,12300.0,12600.0,11650.0,12100.0,198363,0.0,0.0
2016-10-27 00:00:00+09:00,11950.0,12200.0,11850.0,12050.0,76063,0.0,0.0
2016-10-28 00:00:00+09:00,12000.0,12150.0,11700.0,11850.0,81878,0.0,0.0
2016-10-31 00:00:00+09:00,11750.0,11850.0,11200.0,11350.0,103312,0.0,0.0
2016-11-01 00:00:00+09:00,11350.0,11700.0,11200.0,11500.0,79981,0.0,0.0
2016-11-02 00:00:00+09:00,11350.0,11600.0,10650.0,10800.0,210075,0.0,0.0
2016-11-03 00:00:00+09:00,10550.0,11150.0,10550.0,10950.0,91752,0.0,0.0
2016-11-04 00:00:00+09:00,11050.0,11050.0,10750.0,10950.0,34917,0.0,0.0
2016-11-07 00:00:00+09:00,11000.0,11500.0,10950.0,11500.0,55007,0.0,0.0
2016-11-08 00:00:00+09:00,11600.0,11700.0,11300.0,11500.0,50392,0.0,0.0
2016-11-09 00:00:00+09:00,11500.0,11600.0,10400.0,10900.0,261473,0.0,0.0
2016-11-10 00:00:00+09:00,11150.0,11300.0,10950.0,11200.0,83859,0.0,0.0
2016-11-11 00:00:00+09:00,11250.0,11300.0,11000.0,11200.0,95579,0.0,0.0
2016-11-14 00:00:00+09:00,11250.0,11400.0,11150.0,11400.0,96233,0.0,0.0
2016-11-15 00:00:00+09:00,11800.0,12000.0,11400.0,11500.0,402547,0.0,0.0
2016-11-16 00:00:00+09:00,11650.0,11750.0,11500.0,11550.0,114293,0.0,0.0
2016-11-17 00:00:00+09:00,11650.0,11650.0,11250.0,11350.0,143161,0.0,0.0
2016-11-18 00:00:00+09:00,11350.0,12000.0,11000.0,11650.0,403442,0.0,0.0
2016-11-21 00:00:00+09:00,11550.0,11650.0,11200.0,11200.0,78613,0.0,0.0
2016-11-22 00:00:00+09:00,11200.0,11400.0,11100.0,11200.0,67384,0.0,0.0
2016-11-23 00:00:00+09:00,11200.0,11400.0,10800.0,11050.0,142903,0.0,0.0
2016-11-24 00:00:00+09:00,10900.0,11050.0,10600.0,10600.0,92965,0.0,0.0
2016-11-25 00:00:00+09:00,10450.0,10850.0,10450.0,10650.0,63826,0.0,0.0
2016-11-28 00:00:00+09:00,10750.0,10900.0,10600.0,10850.0,42962,0.0,0.0
2016-11-29 00:00:00+09:00,10850.0,11050.0,10650.0,10800.0,45073,0.0,0.0
2016-11-30 00:00:00+09:00,10800.0,10850.0,10550.0,10800.0,70462,0.0,0.0
2016-12-01 00:00:00+09:00,10700.0,10750.0,10500.0,10550.0,55851,0.0,0.0
2016-12-02 00:00:00+09:00,10400.0,10700.0,10150.0,10200.0,104911,0.0,0.0
2016-12-05 00:00:00+09:00,10200.0,10400.0,10000.0,10050.0,92135,0.0,0.0
2016-12-06 00:00:00+09:00,10050.0,10200.0,9990.0,10050.0,94378,0.0,0.0
2016-12-07 00:00:00+09:00,10100.0,10200.0,9600.0,9830.0,120929,0.0,0.0
2016-12-08 00:00:00+09:00,9930.0,10100.0,9840.0,9880.0,80163,0.0,0.0
2016-12-09 00:00:00+09:00,9960.0,10300.0,9910.0,10250.0,92061,0.0,0.0
2016-12-12 00:00:00+09:00,10250.0,10650.0,10250.0,10500.0,93437,0.0,0.0
2016-12-13 00:00:00+09:00,10650.0,10650.0,10400.0,10450.0,62725,0.0,0.0
2016-12-14 00:00:00+09:00,10550.0,10650.0,10350.0,10350.0,61685,0.0,0.0
2016-12-15 00:00:00+09:00,10350.0,10500.0,10250.0,10450.0,111254,0.0,0.0
2016-12-16 00:00:00+09:00,10350.0,10450.0,10300.0,10450.0,76450,0.0,0.0
2016-12-19 00:00:00+09:00,10450.0,10550.0,10350.0,10450.0,45089,0.0,0.0
2016-12-20 00:00:00+09:00,10500.0,10800.0,10300.0,10800.0,133254,0.0,0.0
2016-12-21 00:00:00+09:00,10900.0,10950.0,10600.0,10650.0,73978,0.0,0.0
2016-12-22 00:00:00+09:00,10650.0,10750.0,10400.0,10500.0,64059,0.0,0.0
2016-12-23 00:00:00+09:00,10550.0,10750.0,10450.0,10500.0,69190,0.0,0.0
2016-12-26 00:00:00+09:00,10500.0,10650.0,10450.0,10450.0,66997,0.0,0.0
2016-12-27 00:00:00+09:00,10500.0,10700.0,10400.0,10650.0,89737,0.0,0.0
2016-12-28 00:00:00+09:00,10700.0,10950.0,10550.0,10800.0,81814,0.0,0.0
2016-12-29 00:00:00+09:00,10850.0,11350.0,10700.0,11250.0,280240,0.0,0.0
2017-01-02 00:00:00+09:00,11300.0,11400.0,11150.0,11350.0,104136,0.0,0.0
2017-01-03 00:00:00+09:00,11450.0,11500.0,11200.0,11300.0,86505,0.0,0.0
2017-01-04 00:00:00+09:00,11750.0,12350.0,11500.0,11500.0,674615,0.0,0.0
2017-01-05 00:00:00+09:00,11500.0,11650.0,11300.0,11500.0,106423,0.0,0.0
2017-01-06 00:00:00+09:00,11550.0,11800.0,11350.0,11450.0,106420,0.0,0.0
2017-01-09 00:00:00+09:00,11450.0,11450.0,11200.0,11300.0,71675,0.0,0.0
2017-01-10 00:00:00+09:00,11350.0,11500.0,11250.0,11350.0,87818,0.0,0.0
2017-01-11 00:00:00+09:00,11400.0,11550.0,11100.0,11150.0,158120,0.0,0.0
2017-01-12 00:00:00+09:00,11200.0,11350.0,11050.0,11300.0,75887,0.0,0.0
2017-01-13 00:00:00+09:00,11300.0,11350.0,11100.0,11100.0,50298,0.0,0.0
2017-01-16 00:00:00+09:00,11150.0,11500.0,11050.0,11150.0,120167,0.0,0.0
2017-01-17 00:00:00+09:00,11150.0,11250.0,10700.0,10900.0,204130,0.0,0.0
2017-01-18 00:00:00+09:00,10900.0,11150.0,10850.0,10950.0,48630,0.0,0.0
2017-01-19 00:00:00+09:00,10950.0,11050.0,10500.0,10550.0,115932,0.0,0.0
2017-01-20 00:00:00+09:00,10450.0,10550.0,10400.0,10450.0,48005,0.0,0.0
2017-01-23 00:00:00+09:00,10500.0,10600.0,10300.0,10300.0,51437,0.0,0.0
2017-01-24 00:00:00+09:00,10550.0,10950.0,10400.0,10650.0,247318,0.0,0.0
2017-01-25 00:00:00+09:00,10950.0,11450.0,10600.0,10600.0,496644,0.0,0.0
2017-01-26 00:00:00+09:00,10650.0,10750.0,10400.0,10600.0,100787,0.0,0.0
2017-01-31 00:00:00+09:00,10650.0,10900.0,10650.0,10850.0,89291,0.0,0.0
2017-02-01 00:00:00+09:00,10750.0,10950.0,10700.0,10900.0,62128,0.0,0.0
2017-02-02 00:00:00+09:00,10800.0,10900.0,10450.0,10500.0,98076,0.0,0.0
2017-02-03 00:00:00+09:00,10500.0,10700.0,10450.0,10550.0,51079,0.0,0.0
2017-02-06 00:00:00+09:00,10600.0,10700.0,10500.0,10500.0,47256,0.0,0.0
2017-02-07 00:00:00+09:00,10550.0,10600.0,10250.0,10350.0,86356,0.0,0.0
2017-02-08 00:00:00+09:00,10350.0,10350.0,10050.0,10150.0,131359,0.0,0.0
2017-02-09 00:00:00+09:00,10100.0,10300.0,10100.0,10250.0,74968,0.0,0.0
2017-02-10 00:00:00+09:00,10250.0,10300.0,10050.0,10100.0,95628,0.0,0.0
2017-02-13 00:00:00+09:00,10100.0,10200.0,10050.0,10150.0,44994,0.0,0.0
2017-02-14 00:00:00+09:00,10200.0,10350.0,10150.0,10300.0,87196,0.0,0.0
2017-02-15 00:00:00+09:00,10250.0,10400.0,10200.0,10300.0,84041,0.0,0.0
2017-02-16 00:00:00+09:00,10400.0,10400.0,10150.0,10200.0,102534,0.0,0.0
2017-02-17 00:00:00+09:00,10150.0,10250.0,10100.0,10150.0,77981,0.0,0.0
2017-02-20 00:00:00+09:00,10200.0,10350.0,10200.0,10350.0,73807,0.0,0.0
2017-02-21 00:00:00+09:00,10300.0,10600.0,10300.0,10500.0,119562,0.0,0.0
2017-02-22 00:00:00+09:00,10500.0,10650.0,10400.0,10550.0,105113,0.0,0.0
2017-02-23 00:00:00+09:00,10550.0,10750.0,10400.0,10650.0,170526,0.0,0.0
2017-02-24 00:00:00+09:00,10800.0,10850.0,10400.0,10400.0,118523,0.0,0.0
2017-02-27 00:00:00+09:00,10450.0,10500.0,10350.0,10450.0,38534,0.0,0.0
2017-02-28 00:00:00+09:00,10450.0,10550.0,10200.0,10300.0,117130,0.0,0.0
2017-03-02 00:00:00+09:00,10300.0,10350.0,10150.0,10200.0,41815,0.0,0.0
2017-03-03 00:00:00+09:00,10200.0,10300.0,9990.0,10300.0,134046,0.0,0.0
2017-03-06 00:00:00+09:00,10200.0,10400.0,10150.0,10400.0,47873,0.0,0.0
2017-03-07 00:00:00+09:00,10300.0,10400.0,10200.0,10250.0,54983,0.0,0.0
2017-03-08 00:00:00+09:00,10250.0,10600.0,10200.0,10600.0,97965,0.0,0.0
2017-03-09 00:00:00+09:00,10600.0,10600.0,10450.0,10450.0,31114,0.0,0.0
2017-03-10 00:00:00+09:00,10550.0,10650.0,10300.0,10600.0,63644,0.0,0.0
2017-03-13 00:00:00+09:00,10650.0,10800.0,10550.0,10800.0,109470,0.0,0.0
2017-03-14 00:00:00+09:00,11200.0,11400.0,10800.0,10800.0,377327,0.0,0.0
2017-03-15 00:00:00+09:00,10850.0,10900.0,10650.0,10700.0,73525,0.0,0.0
2017-03-16 00:00:00+09:00,10800.0,11250.0,10800.0,11250.0,301237,0.0,0.0
2017-03-17 00:00:00+09:00,11100.0,11300.0,11000.0,11200.0,113646,0.0,0.0
2017-03-20 00:00:00+09:00,11250.0,11300.0,10900.0,11050.0,100632,0.0,0.0
2017-03-21 00:00:00+09:00,10900.0,11050.0,10800.0,10900.0,94086,0.0,0.0
2017-03-22 00:00:00+09:00,10900.0,11200.0,10750.0,11100.0,139928,0.0,0.0
2017-03-23 00:00:00+09:00,11000.0,11100.0,10700.0,10750.0,135387,0.0,0.0
2017-03-24 00:00:00+09:00,10750.0,10800.0,10500.0,10600.0,93119,0.0,0.0
2017-03-27 00:00:00+09:00,10600.0,10650.0,10350.0,10450.0,57383,0.0,0.0
2017-03-28 00:00:00+09:00,10450.0,10850.0,10450.0,10750.0,77026,0.0,0.0
2017-03-29 00:00:00+09:00,10800.0,10850.0,10700.0,10750.0,42708,0.0,0.0
2017-03-30 00:00:00+09:00,10850.0,11200.0,10800.0,11200.0,165363,0.0,0.0
2017-03-31 00:00:00+09:00,11350.0,11350.0,11200.0,11250.0,144829,0.0,0.0
2017-04-03 00:00:00+09:00,11250.0,11600.0,11200.0,11500.0,171341,0.0,0.0
2017-04-04 00:00:00+09:00,11900.0,12150.0,11600.0,11650.0,661895,0.0,0.0
2017-04-05 00:00:00+09:00,11650.0,11850.0,11650.0,11750.0,110611,0.0,0.0
2017-04-06 00:00:00+09:00,11800.0,11900.0,11600.0,11900.0,81618,0.0,0.0
2017-04-07 00:00:00+09:00,11950.0,11950.0,11700.0,11900.0,94850,0.0,0.0
2017-04-10 00:00:00+09:00,11750.0,11800.0,11350.0,11500.0,266610,0.0,0.0
2017-04-11 00:00:00+09:00,11650.0,11850.0,11450.0,11650.0,201425,0.0,0.0
2017-04-12 00:00:00+09:00,11750.0,11850.0,11600.0,11800.0,104331,0.0,0.0
2017-04-13 00:00:00+09:00,11900.0,12400.0,11800.0,12250.0,361361,0.0,0.0
2017-04-14 00:00:00+09:00,12150.0,12250.0,11950.0,12000.0,147743,0.0,0.0
2017-04-17 00:00:00+09:00,11900.0,12300.0,11900.0,12150.0,139659,0.0,0.0
2017-04-18 00:00:00+09:00,12150.0,12800.0,12150.0,12600.0,455584,0.0,0.0
2017-04-19 00:00:00+09:00,12600.0,12650.0,12350.0,12450.0,152197,0.0,0.0
2017-04-20 00:00:00+09:00,12450.0,12750.0,12350.0,12500.0,174645,0.0,0.0
2017-04-21 00:00:00+09:00,12600.0,12650.0,12300.0,12400.0,94660,0.0,0.0
2017-04-24 00:00:00+09:00,12400.0,12450.0,12050.0,12150.0,147152,0.0,0.0
2017-04-25 00:00:00+09:00,12250.0,12350.0,12100.0,12150.0,86345,0.0,0.0
2017-04-26 00:00:00+09:00,12350.0,12600.0,12150.0,12550.0,149803,0.0,0.0
2017-04-27 00:00:00+09:00,12450.0,12500.0,12150.0,12250.0,94837,0.0,0.0
2017-04-28 00:00:00+09:00,12250.0,12350.0,11750.0,11800.0,154275,0.0,0.0
2017-05-02 00:00:00+09:00,11950.0,12100.0,11700.0,11700.0,90944,0.0,0.0
2017-05-04 00:00:00+09:00,11750.0,12200.0,11700.0,12050.0,80429,0.0,0.0
2017-05-08 00:00:00+09:00,12150.0,12150.0,11900.0,12050.0,70370,0.0,0.0
2017-05-10 00:00:00+09:00,12050.0,12100.0,11650.0,11700.0,94226,0.0,0.0
2017-05-11 00:00:00+09:00,11750.0,12000.0,11700.0,11850.0,86939,0.0,0.0
2017-05-12 00:00:00+09:00,11900.0,12000.0,11750.0,11900.0,59538,0.0,0.0
2017-05-15 00:00:00+09:00,11900.0,12300.0,11800.0,12250.0,122106,0.0,0.0
2017-05-16 00:00:00+09:00,12300.0,12350.0,11900.0,12000.0,103580,0.0,0.0
2017-05-17 00:00:00+09:00,12100.0,12100.0,11800.0,12000.0,76303,0.0,0.0
2017-05-18 00:00:00+09:00,11750.0,11950.0,11650.0,11950.0,85007,0.0,0.0
2017-05-19 00:00:00+09:00,11950.0,12100.0,11950.0,12100.0,73786,0.0,0.0
2017-05-22 00:00:00+09:00,12150.0,12150.0,11900.0,12000.0,77073,0.0,0.0
2017-05-23 00:00:00+09:00,12000.0,12050.0,11800.0,11900.0,91971,0.0,0.0
2017-05-24 00:00:00+09:00,11850.0,12000.0,11800.0,12000.0,65877,0.0,0.0
2017-05-25 00:00:00+09:00,12050.0,12050.0,11850.0,11850.0,61241,0.0,0.0
2017-05-26 00:00:00+09:00,11900.0,12100.0,11850.0,12000.0,78947,0.0,0.0
2017-05-29 00:00:00+09:00,12000.0,12250.0,11950.0,12050.0,101423,0.0,0.0
2017-05-30 00:00:00+09:00,12150.0,12500.0,12050.0,12500.0,206806,0.0,0.0
2017-05-31 00:00:00+09:00,12550.0,12550.0,12300.0,12400.0,112431,0.0,0.0
2017-06-01 00:00:00+09:00,12450.0,12800.0,12350.0,12750.0,161889,0.0,0.0
2017-06-02 00:00:00+09:00,12750.0,12800.0,12400.0,12450.0,177074,0.0,0.0
2017-06-05 00:00:00+09:00,12550.0,12600.0,12400.0,12450.0,79657,0.0,0.0
2017-06-07 00:00:00+09:00,12450.0,12600.0,12300.0,12500.0,108381,0.0,0.0
2017-06-08 00:00:00+09:00,12500.0,12700.0,12450.0,12550.0,84582,0.0,0.0
2017-06-09 00:00:00+09:00,12650.0,12650.0,12350.0,12500.0,52994,0.0,0.0
2017-06-12 00:00:00+09:00,12500.0,12500.0,11900.0,12050.0,124632,0.0,0.0
2017-06-13 00:00:00+09:00,11900.0,12150.0,11900.0,12050.0,61573,0.0,0.0
2017-06-14 00:00:00+09:00,11950.0,12100.0,11800.0,12000.0,92912,0.0,0.0
2017-06-15 00:00:00+09:00,12100.0,12150.0,11900.0,12100.0,85292,0.0,0.0
2017-06-16 00:00:00+09:00,12100.0,12150.0,11900.0,11950.0,66191,0.0,0.0
2017-06-19 00:00:00+09:00,12000.0,12050.0,11750.0,11800.0,104746,0.0,0.0
2017-06-20 00:00:00+09:00,11850.0,11950.0,11700.0,11700.0,68631,0.0,0.0
2017-06-21 00:00:00+09:00,11700.0,11800.0,11450.0,11450.0,63092,0.0,0.0
2017-06-22 00:00:00+09:00,11500.0,11800.0,11450.0,11550.0,72337,0.0,0.0
2017-06-23 00:00:00+09:00,11500.0,11750.0,11500.0,11750.0,36028,0.0,0.0
2017-06-26 00:00:00+09:00,11800.0,11800.0,11450.0,11700.0,62802,0.0,0.0
2017-06-27 00:00:00+09:00,11750.0,11800.0,11350.0,11400.0,107939,0.0,0.0
2017-06-28 00:00:00+09:00,11400.0,11500.0,11000.0,11100.0,115232,0.0,0.0
2017-06-29 00:00:00+09:00,11250.0,11250.0,11000.0,11050.0,54176,0.0,0.0
2017-06-30 00:00:00+09:00,11000.0,11100.0,10750.0,10900.0,101244,0.0,0.0
2017-07-03 00:00:00+09:00,10900.0,11000.0,10700.0,10850.0,71832,0.0,0.0
2017-07-04 00:00:00+09:00,10800.0,10950.0,10750.0,10850.0,63103,0.0,0.0
2017-07-05 00:00:00+09:00,10850.0,11000.0,10750.0,10900.0,55381,0.0,0.0
2017-07-06 00:00:00+09:00,10950.0,11150.0,10900.0,11050.0,61871,0.0,0.0
2017-07-07 00:00:00+09:00,11050.0,11100.0,10900.0,11100.0,34947,0.0,0.0
2017-07-10 00:00:00+09:00,11350.0,11650.0,11250.0,11450.0,164917,0.0,0.0
2017-07-11 00:00:00+09:00,11350.0,11700.0,11300.0,11700.0,101052,0.0,0.0
2017-07-12 00:00:00+09:00,12350.0,12450.0,11850.0,12000.0,440517,0.0,0.0
2017-07-13 00:00:00+09:00,12100.0,12150.0,11850.0,12000.0,110334,0.0,0.0
2017-07-14 00:00:00+09:00,12050.0,12200.0,11900.0,12200.0,132254,0.0,0.0
2017-07-17 00:00:00+09:00,12200.0,12300.0,11950.0,12150.0,91758,0.0,0.0
2017-07-18 00:00:00+09:00,12150.0,12150.0,11650.0,11900.0,167850,0.0,0.0
2017-07-19 00:00:00+09:00,11950.0,12100.0,11800.0,11950.0,94412,0.0,0.0
2017-07-20 00:00:00+09:00,12100.0,12300.0,12050.0,12050.0,134172,0.0,0.0
2017-07-21 00:00:00+09:00,12250.0,12300.0,12050.0,12100.0,89375,0.0,0.0
2017-07-24 00:00:00+09:00,12200.0,12600.0,12100.0,12600.0,292830,0.0,0.0
2017-07-25 00:00:00+09:00,12500.0,12550.0,12250.0,12450.0,144636,0.0,0.0
2017-07-26 00:00:00+09:00,12550.0,12600.0,12050.0,12200.0,114964,0.0,0.0
2017-07-27 00:00:00+09:00,12250.0,12250.0,11700.0,11950.0,153346,0.0,0.0
2017-07-28 00:00:00+09:00,11950.0,11950.0,11300.0,11550.0,132453,0.0,0.0
2017-07-31 00:00:00+09:00,11350.0,11550.0,11150.0,11450.0,67304,0.0,0.0
2017-08-01 00:00:00+09:00,11350.0,11600.0,11250.0,11400.0,83348,0.0,0.0
2017-08-02 00:00:00+09:00,11400.0,11650.0,11350.0,11500.0,42689,0.0,0.0
2017-08-03 00:00:00+09:00,11500.0,11600.0,11100.0,11300.0,44223,0.0,0.0
2017-08-04 00:00:00+09:00,11400.0,11400.0,11000.0,11100.0,55406,0.0,0.0
2017-08-07 00:00:00+09:00,11150.0,11350.0,11100.0,11150.0,38858,0.0,0.0
2017-08-08 00:00:00+09:00,11250.0,11300.0,11000.0,11100.0,47570,0.0,0.0
2017-08-09 00:00:00+09:00,11200.0,11200.0,10900.0,10900.0,52482,0.0,0.0
2017-08-10 00:00:00+09:00,10900.0,11050.0,10700.0,10850.0,52891,0.0,0.0
2017-08-11 00:00:00+09:00,10750.0,10850.0,10550.0,10750.0,46838,0.0,0.0
2017-08-14 00:00:00+09:00,10950.0,10950.0,10700.0,10800.0,30240,0.0,0.0
2017-08-16 00:00:00+09:00,10850.0,11100.0,10800.0,11000.0,47311,0.0,0.0
2017-08-17 00:00:00+09:00,10950.0,11050.0,10850.0,10900.0,37925,0.0,0.0
2017-08-18 00:00:00+09:00,10850.0,10900.0,10750.0,10900.0,21149,0.0,0.0
2017-08-21 00:00:00+09:00,11000.0,11000.0,10800.0,10800.0,29230,0.0,0.0
2017-08-22 00:00:00+09:00,10800.0,11200.0,10750.0,11100.0,76004,0.0,0.0
2017-08-23 00:00:00+09:00,11200.0,11200.0,10900.0,11100.0,25220,0.0,0.0
2017-08-24 00:00:00+09:00,11100.0,11200.0,10950.0,11200.0,35309,0.0,0.0
2017-08-25 00:00:00+09:00,11300.0,11300.0,11100.0,11200.0,16185,0.0,0.0
2017-08-28 00:00:00+09:00,11300.0,11350.0,11100.0,11300.0,38896,0.0,0.0
2017-08-29 00:00:00+09:00,11300.0,11300.0,11000.0,11100.0,30148,0.0,0.0
2017-08-30 00:00:00+09:00,11250.0,11300.0,11000.0,11050.0,30875,0.0,0.0
2017-08-31 00:00:00+09:00,11050.0,11200.0,11000.0,11150.0,22505,0.0,0.0
2017-09-01 00:00:00+09:00,11150.0,11450.0,11050.0,11350.0,72964,0.0,0.0
2017-09-04 00:00:00+09:00,10950.0,11200.0,10900.0,10950.0,47991,0.0,0.0
2017-09-05 00:00:00+09:00,11000.0,11100.0,10600.0,10750.0,83675,0.0,0.0
2017-09-06 00:00:00+09:00,10700.0,10900.0,10700.0,10800.0,18857,0.0,0.0
2017-09-07 00:00:00+09:00,10850.0,11050.0,10800.0,10850.0,32869,0.0,0.0
2017-09-08 00:00:00+09:00,10850.0,11050.0,10700.0,10800.0,46810,0.0,0.0
2017-09-11 00:00:00+09:00,10950.0,11100.0,10850.0,10900.0,29402,0.0,0.0
2017-09-12 00:00:00+09:00,10950.0,11300.0,10950.0,11100.0,46657,0.0,0.0
2017-09-13 00:00:00+09:00,11100.0,11350.0,11050.0,11150.0,39105,0.0,0.0
2017-09-14 00:00:00+09:00,11250.0,11550.0,11100.0,11550.0,113376,0.0,0.0
2017-09-15 00:00:00+09:00,11450.0,11650.0,11350.0,11400.0,58331,0.0,0.0
2017-09-18 00:00:00+09:00,11400.0,11450.0,11200.0,11400.0,49194,0.0,0.0
2017-09-19 00:00:00+09:00,11500.0,11500.0,11200.0,11200.0,40107,0.0,0.0
2017-09-20 00:00:00+09:00,11250.0,11250.0,10800.0,10800.0,68024,0.0,0.0
2017-09-21 00:00:00+09:00,10900.0,11000.0,10700.0,10800.0,48042,0.0,0.0
2017-09-25 00:00:00+09:00,10700.0,10800.0,10150.0,10200.0,89726,0.0,0.0
2017-09-26 00:00:00+09:00,10200.0,10200.0,10200.0,10200.0,0,0.0,0.0
2017-09-27 00:00:00+09:00,10200.0,10400.0,10150.0,10200.0,36551,0.0,0.0
2017-09-28 00:00:00+09:00,10250.0,10350.0,10200.0,10250.0,24814,0.0,0.0
2017-09-29 00:00:00+09:00,10250.0,10400.0,10200.0,10350.0,28770,0.0,0.0
2017-10-10 00:00:00+09:00,10350.0,10450.0,10200.0,10250.0,31645,0.0,0.0
2017-10-11 00:00:00+09:00,10200.0,10400.0,10200.0,10400.0,29167,0.0,0.0
2017-10-12 00:00:00+09:00,10450.0,10500.0,10300.0,10400.0,25511,0.0,0.0
2017-10-13 00:00:00+09:00,10350.0,10450.0,10200.0,10250.0,50948,0.0,0.0
2017-10-16 00:00:00+09:00,10300.0,10400.0,10100.0,10150.0,36859,0.0,0.0
2017-10-17 00:00:00+09:00,10150.0,10200.0,10150.0,10150.0,29876,0.0,0.0
2017-10-18 00:00:00+09:00,10150.0,10250.0,10000.0,10100.0,74484,0.0,0.0
2017-10-19 00:00:00+09:00,10050.0,10250.0,10050.0,10150.0,35580,0.0,0.0
2017-10-20 00:00:00+09:00,10150.0,10250.0,10100.0,10200.0,35771,0.0,0.0
2017-10-23 00:00:00+09:00,10200.0,10250.0,10150.0,10150.0,20841,0.0,0.0
2017-10-24 00:00:00+09:00,10150.0,10450.0,10150.0,10450.0,54647,0.0,0.0
2017-10-25 00:00:00+09:00,10450.0,10550.0,10350.0,10450.0,41425,0.0,0.0
2017-10-26 00:00:00+09:00,10400.0,10450.0,10250.0,10350.0,33175,0.0,0.0
2017-10-27 00:00:00+09:00,10350.0,10500.0,10300.0,10500.0,43251,0.0,0.0
2017-10-30 00:00:00+09:00,10450.0,10500.0,10300.0,10350.0,30294,0.0,0.0
2017-10-31 00:00:00+09:00,10350.0,10450.0,10300.0,10450.0,22667,0.0,0.0
2017-11-01 00:00:00+09:00,10450.0,10550.0,10400.0,10400.0,37782,0.0,0.0
2017-11-02 00:00:00+09:00,10500.0,10500.0,10300.0,10350.0,40315,0.0,0.0
2017-11-03 00:00:00+09:00,10400.0,10400.0,10200.0,10300.0,46533,0.0,0.0
2017-11-06 00:00:00+09:00,10350.0,10400.0,10200.0,10400.0,42176,0.0,0.0
2017-11-07 00:00:00+09:00,10350.0,10500.0,10300.0,10450.0,33056,0.0,0.0
2017-11-08 00:00:00+09:00,10400.0,10750.0,10400.0,10550.0,75770,0.0,0.0
2017-11-09 00:00:00+09:00,10600.0,10650.0,10500.0,10650.0,32007,0.0,0.0
2017-11-10 00:00:00+09:00,10700.0,10700.0,10450.0,10500.0,38713,0.0,0.0
2017-11-13 00:00:00+09:00,10500.0,10800.0,10500.0,10800.0,47050,0.0,0.0
2017-11-14 00:00:00+09:00,10900.0,10900.0,10600.0,10650.0,31316,0.0,0.0
2017-11-15 00:00:00+09:00,10650.0,10850.0,10450.0,10600.0,83637,0.0,0.0
2017-11-16 00:00:00+09:00,10650.0,10650.0,10350.0,10600.0,41245,0.0,0.0
2017-11-17 00:00:00+09:00,10650.0,10650.0,10450.0,10550.0,61711,0.0,0.0
2017-11-20 00:00:00+09:00,10500.0,10600.0,10450.0,10600.0,41823,0.0,0.0
2017-11-21 00:00:00+09:00,10600.0,10650.0,10350.0,10400.0,62412,0.0,0.0
2017-11-22 00:00:00+09:00,10400.0,10550.0,10350.0,10500.0,83856,0.0,0.0
2017-11-23 00:00:00+09:00,10550.0,11000.0,10550.0,10900.0,167850,0.0,0.0
2017-11-24 00:00:00+09:00,10950.0,10950.0,10750.0,10750.0,85174,0.0,0.0
2017-11-27 00:00:00+09:00,10850.0,11350.0,10800.0,11250.0,185090,0.0,0.0
2017-11-28 00:00:00+09:00,11250.0,11300.0,10900.0,10950.0,77591,0.0,0.0
2017-11-29 00:00:00+09:00,11000.0,11150.0,10850.0,10950.0,63055,0.0,0.0
2017-11-30 00:00:00+09:00,10950.0,11150.0,10700.0,10750.0,88239,0.0,0.0
2017-12-01 00:00:00+09:00,10850.0,11150.0,10800.0,11050.0,83679,0.0,0.0
2017-12-04 00:00:00+09:00,11050.0,11400.0,11050.0,11400.0,130952,0.0,0.0
2017-12-05 00:00:00+09:00,11550.0,11550.0,11200.0,11250.0,87786,0.0,0.0
2017-12-06 00:00:00+09:00,11200.0,11400.0,10850.0,11050.0,86171,0.0,0.0
2017-12-07 00:00:00+09:00,11200.0,11200.0,10800.0,10950.0,54173,0.0,0.0
2017-12-08 00:00:00+09:00,11050.0,11050.0,10650.0,10700.0,50827,0.0,0.0
2017-12-11 00:00:00+09:00,10700.0,10800.0,10600.0,10650.0,49881,0.0,0.0
2017-12-12 00:00:00+09:00,10800.0,10850.0,10550.0,10550.0,51103,0.0,0.0
2017-12-13 00:00:00+09:00,10600.0,10700.0,10450.0,10550.0,73235,0.0,0.0
2017-12-14 00:00:00+09:00,10650.0,10750.0,10500.0,10650.0,32927,0.0,0.0
2017-12-15 00:00:00+09:00,10700.0,10750.0,10500.0,10500.0,45200,0.0,0.0
2017-12-18 00:00:00+09:00,10550.0,10700.0,10450.0,10450.0,136890,0.0,0.0
2017-12-19 00:00:00+09:00,10450.0,10550.0,10200.0,10400.0,59454,0.0,0.0
2017-12-21 00:00:00+09:00,10150.0,10350.0,9930.0,9940.0,84325,0.0,0.0
2017-12-22 00:00:00+09:00,9940.0,10200.0,9940.0,10200.0,40141,0.0,0.0
2017-12-26 00:00:00+09:00,10150.0,10300.0,10100.0,10200.0,41110,0.0,0.0
2017-12-27 00:00:00+09:00,10300.0,10350.0,10100.0,10300.0,28567,0.0,0.0
2017-12-28 00:00:00+09:00,10300.0,10350.0,10150.0,10250.0,56245,0.0,0.0
2018-01-02 00:00:00+09:00,10200.0,10350.0,10150.0,10200.0,57112,0.0,0.0
2018-01-03 00:00:00+09:00,10300.0,10500.0,10250.0,10500.0,103030,0.0,0.0
2018-01-04 00:00:00+09:00,10500.0,10500.0,10300.0,10300.0,99669,0.0,0.0
2018-01-05 00:00:00+09:00,10350.0,10500.0,10300.0,10400.0,83202,0.0,0.0
2018-01-08 00:00:00+09:00,10600.0,11350.0,10550.0,10900.0,341359,0.0,0.0
2018-01-09 00:00:00+09:00,11050.0,11200.0,10750.0,10900.0,162024,0.0,0.0
2018-01-10 00:00:00+09:00,10900.0,11000.0,10500.0,10600.0,140661,0.0,0.0
2018-01-11 00:00:00+09:00,11000.0,11200.0,10550.0,10700.0,351284,0.0,0.0
2018-01-12 00:00:00+09:00,10750.0,10850.0,10400.0,10500.0,162201,0.0,0.0
2018-01-15 00:00:00+09:00,10500.0,10550.0,10150.0,10250.0,151843,0.0,0.0
2018-01-16 00:00:00+09:00,10250.0,10450.0,10150.0,10400.0,89420,0.0,0.0
2018-01-17 00:00:00+09:00,10400.0,10600.0,10350.0,10600.0,91833,0.0,0.0
2018-01-18 00:00:00+09:00,10700.0,10850.0,10650.0,10700.0,131020,0.0,0.0
2018-01-19 00:00:00+09:00,10750.0,10800.0,10600.0,10700.0,132334,0.0,0.0
2018-01-22 00:00:00+09:00,10800.0,10900.0,10700.0,10850.0,114269,0.0,0.0
2018-01-23 00:00:00+09:00,10800.0,11000.0,10700.0,10700.0,139919,0.0,0.0
2018-01-24 00:00:00+09:00,10700.0,11050.0,10650.0,11000.0,163799,0.0,0.0
2018-01-25 00:00:00+09:00,11100.0,11150.0,10900.0,11050.0,105275,0.0,0.0
2018-01-26 00:00:00+09:00,11200.0,11250.0,11050.0,11250.0,131022,0.0,0.0
2018-01-29 00:00:00+09:00,11300.0,11400.0,11100.0,11250.0,144960,0.0,0.0
2018-01-30 00:00:00+09:00,11150.0,11250.0,10900.0,11000.0,97243,0.0,0.0
2018-01-31 00:00:00+09:00,11400.0,11950.0,11200.0,11200.0,748497,0.0,0.0
2018-02-01 00:00:00+09:00,11350.0,11400.0,11050.0,11200.0,145226,0.0,0.0
2018-02-02 00:00:00+09:00,11150.0,11250.0,10850.0,10950.0,133809,0.0,0.0
2018-02-05 00:00:00+09:00,10600.0,10750.0,10500.0,10550.0,155014,0.0,0.0
2018-02-06 00:00:00+09:00,10100.0,10450.0,9960.0,10400.0,237524,0.0,0.0
2018-02-07 00:00:00+09:00,10500.0,10600.0,10050.0,10100.0,174069,0.0,0.0
2018-02-08 00:00:00+09:00,10100.0,10350.0,10100.0,10350.0,71300,0.0,0.0
2018-02-09 00:00:00+09:00,10050.0,10200.0,10050.0,10100.0,66592,0.0,0.0
2018-02-12 00:00:00+09:00,10250.0,10250.0,10100.0,10150.0,42570,0.0,0.0
2018-02-13 00:00:00+09:00,10250.0,10300.0,10000.0,10050.0,98435,0.0,0.0
2018-02-14 00:00:00+09:00,10050.0,10250.0,9960.0,10150.0,49766,0.0,0.0
2018-02-19 00:00:00+09:00,10200.0,10250.0,10150.0,10250.0,48576,0.0,0.0
2018-02-20 00:00:00+09:00,10250.0,10600.0,10200.0,10550.0,101555,0.0,0.0
2018-02-21 00:00:00+09:00,10550.0,10600.0,10350.0,10500.0,55139,0.0,0.0
2018-02-22 00:00:00+09:00,10450.0,10600.0,10400.0,10400.0,44418,0.0,0.0
2018-02-23 00:00:00+09:00,10450.0,10550.0,10400.0,10450.0,34975,0.0,0.0
2018-02-26 00:00:00+09:00,10500.0,10550.0,10300.0,10350.0,50840,0.0,0.0
2018-02-27 00:00:00+09:00,10400.0,10750.0,10400.0,10600.0,144751,0.0,0.0
2018-02-28 00:00:00+09:00,10600.0,10600.0,10350.0,10550.0,46076,0.0,0.0
2018-03-02 00:00:00+09:00,10400.0,10450.0,10250.0,10300.0,39923,0.0,0.0
2018-03-05 00:00:00+09:00,10300.0,10400.0,10100.0,10150.0,72949,0.0,0.0
2018-03-06 00:00:00+09:00,10200.0,10300.0,10050.0,10150.0,54707,0.0,0.0
2018-03-07 00:00:00+09:00,10150.0,10300.0,10100.0,10100.0,79617,0.0,0.0
2018-03-08 00:00:00+09:00,10200.0,10250.0,10000.0,10100.0,89000,0.0,0.0
2018-03-09 00:00:00+09:00,10100.0,10250.0,10100.0,10250.0,97495,0.0,0.0
2018-03-12 00:00:00+09:00,10350.0,10550.0,10250.0,10400.0,119647,0.0,0.0
2018-03-13 00:00:00+09:00,10400.0,10500.0,10350.0,10450.0,29593,0.0,0.0
2018-03-14 00:00:00+09:00,10400.0,11000.0,10350.0,11000.0,216127,0.0,0.0
2018-03-15 00:00:00+09:00,10900.0,11450.0,10850.0,11300.0,522548,0.0,0.0
2018-03-16 00:00:00+09:00,11400.0,11450.0,11100.0,11250.0,186438,0.0,0.0
2018-03-19 00:00:00+09:00,11250.0,11700.0,11050.0,11650.0,256623,0.0,0.0
2018-03-20 00:00:00+09:00,11450.0,11800.0,11350.0,11650.0,199727,0.0,0.0
2018-03-21 00:00:00+09:00,11550.0,11700.0,11450.0,11550.0,102433,0.0,0.0
2018-03-22 00:00:00+09:00,11600.0,12550.0,11550.0,12100.0,684027,0.0,0.0
2018-03-23 00:00:00+09:00,11800.0,12000.0,11300.0,11300.0,204260,0.0,0.0
2018-03-26 00:00:00+09:00,11300.0,12400.0,11250.0,12250.0,327843,0.0,0.0
2018-03-27 00:00:00+09:00,12250.0,12550.0,12050.0,12450.0,220114,0.0,0.0
2018-03-28 00:00:00+09:00,12250.0,12250.0,11500.0,11850.0,431903,0.0,0.0
2018-03-29 00:00:00+09:00,12100.0,12450.0,11800.0,12100.0,319971,0.0,0.0
2018-03-30 00:00:00+09:00,12050.0,12300.0,11950.0,12050.0,119639,0.0,0.0
2018-04-02 00:00:00+09:00,12000.0,12200.0,11500.0,11650.0,113906,0.0,0.0
2018-04-03 00:00:00+09:00,11600.0,11850.0,11450.0,11750.0,91121,0.0,0.0
2018-04-04 00:00:00+09:00,11700.0,11800.0,11300.0,11450.0,100571,0.0,0.0
2018-04-05 00:00:00+09:00,11700.0,11800.0,11250.0,11300.0,101380,0.0,0.0
2018-04-06 00:00:00+09:00,11350.0,11750.0,11150.0,11450.0,87585,0.0,0.0
2018-04-09 00:00:00+09:00,11400.0,11550.0,11200.0,11250.0,66379,0.0,0.0
2018-04-10 00:00:00+09:00,11250.0,11350.0,10800.0,11050.0,143671,0.0,0.0
2018-04-11 00:00:00+09:00,11100.0,11500.0,11100.0,11400.0,100838,0.0,0.0
2018-04-12 00:00:00+09:00,11500.0,11500.0,11250.0,11350.0,68239,0.0,0.0
2018-04-13 00:00:00+09:00,11400.0,11550.0,11150.0,11500.0,85792,0.0,0.0
2018-04-16 00:00:00+09:00,11500.0,11600.0,11250.0,11350.0,81701,0.0,0.0
2018-04-17 00:00:00+09:00,11350.0,11600.0,11250.0,11600.0,107132,0.0,0.0
2018-04-18 00:00:00+09:00,11800.0,11950.0,11600.0,11950.0,226012,0.0,0.0
2018-04-19 00:00:00+09:00,11850.0,12200.0,11350.0,11550.0,190053,0.0,0.0
2018-04-20 00:00:00+09:00,11400.0,11500.0,11150.0,11200.0,147963,0.0,0.0
2018-04-23 00:00:00+09:00,11200.0,11250.0,10700.0,10800.0,270702,0.0,0.0
2018-04-24 00:00:00+09:00,10800.0,10800.0,10500.0,10600.0,166349,0.0,0.0
2018-04-25 00:00:00+09:00,10500.0,10600.0,10300.0,10350.0,233760,0.0,0.0
2018-04-26 00:00:00+09:00,10450.0,10650.0,10350.0,10650.0,207378,0.0,0.0
2018-04-27 00:00:00+09:00,10700.0,11000.0,10400.0,10400.0,202526,0.0,0.0
2018-04-30 00:00:00+09:00,10450.0,10550.0,10250.0,10350.0,132345,0.0,0.0
2018-05-02 00:00:00+09:00,10400.0,10750.0,10300.0,10700.0,175253,0.0,0.0
2018-05-03 00:00:00+09:00,10650.0,10700.0,10500.0,10600.0,55879,0.0,0.0
2018-05-04 00:00:00+09:00,10650.0,10700.0,10300.0,10450.0,111173,0.0,0.0
2018-05-08 00:00:00+09:00,10450.0,10550.0,10250.0,10300.0,150093,0.0,0.0
2018-05-09 00:00:00+09:00,10350.0,10750.0,10150.0,10600.0,143713,0.0,0.0
2018-05-10 00:00:00+09:00,10600.0,10800.0,10500.0,10700.0,60937,0.0,0.0
2018-05-11 00:00:00+09:00,10700.0,10850.0,10550.0,10600.0,63224,0.0,0.0
2018-05-14 00:00:00+09:00,10600.0,10700.0,10350.0,10500.0,81905,0.0,0.0
2018-05-15 00:00:00+09:00,10550.0,10600.0,10400.0,10450.0,90681,0.0,0.0
2018-05-16 00:00:00+09:00,10500.0,10500.0,10150.0,10400.0,139982,0.0,0.0
2018-05-17 00:00:00+09:00,10400.0,10550.0,10250.0,10300.0,81410,0.0,0.0
2018-05-18 00:00:00+09:00,10300.0,10450.0,10250.0,10350.0,100506,0.0,0.0
2018-05-21 00:00:00+09:00,10450.0,10450.0,10150.0,10350.0,138438,0.0,0.0
2018-05-23 00:00:00+09:00,10350.0,10350.0,10150.0,10200.0,111894,0.0,0.0
2018-05-24 00:00:00+09:00,10300.0,10500.0,10100.0,10400.0,177899,0.0,0.0
2018-05-25 00:00:00+09:00,10200.0,10300.0,10100.0,10200.0,89774,0.0,0.0
2018-05-28 00:00:00+09:00,10200.0,10350.0,10150.0,10250.0,87553,0.0,0.0
2018-05-29 00:00:00+09:00,10250.0,10300.0,10100.0,10100.0,95924,0.0,0.0
2018-05-30 00:00:00+09:00,10200.0,10200.0,9790.0,9890.0,335654,0.0,0.0
2018-05-31 00:00:00+09:00,9910.0,9970.0,9800.0,9820.0,83830,0.0,0.0
2018-06-01 00:00:00+09:00,9950.0,9950.0,9750.0,9860.0,113882,0.0,0.0
2018-06-04 00:00:00+09:00,9780.0,9980.0,9780.0,9880.0,45825,0.0,0.0
2018-06-05 00:00:00+09:00,9980.0,9980.0,9840.0,9910.0,51020,0.0,0.0
2018-06-07 00:00:00+09:00,9920.0,9990.0,9920.0,9980.0,45154,0.0,0.0
2018-06-08 00:00:00+09:00,9990.0,10150.0,9990.0,10100.0,69809,0.0,0.0
2018-06-11 00:00:00+09:00,10050.0,10100.0,9950.0,9960.0,99464,0.0,0.0
2018-06-12 00:00:00+09:00,9970.0,10100.0,9940.0,9980.0,44864,0.0,0.0
2018-06-14 00:00:00+09:00,9980.0,10000.0,9810.0,9820.0,55287,0.0,0.0
2018-06-15 00:00:00+09:00,9820.0,9900.0,9800.0,9800.0,23445,0.0,0.0
2018-06-18 00:00:00+09:00,9710.0,9860.0,9120.0,9280.0,178119,0.0,0.0
2018-06-19 00:00:00+09:00,9280.0,9330.0,8970.0,9020.0,93260,0.0,0.0
2018-06-20 00:00:00+09:00,9030.0,9190.0,8910.0,9150.0,43454,0.0,0.0
2018-06-21 00:00:00+09:00,9130.0,9200.0,8810.0,8820.0,47723,0.0,0.0
2018-06-22 00:00:00+09:00,8820.0,8910.0,8740.0,8830.0,42815,0.0,0.0
2018-06-25 00:00:00+09:00,8760.0,9120.0,8760.0,9030.0,33217,0.0,0.0
2018-06-26 00:00:00+09:00,8910.0,9090.0,8870.0,9010.0,11414,0.0,0.0
2018-06-27 00:00:00+09:00,9050.0,9090.0,8900.0,8930.0,28079,0.0,0.0
2018-06-28 00:00:00+09:00,8980.0,8980.0,8800.0,8870.0,13054,0.0,0.0
2018-06-29 00:00:00+09:00,8830.0,8870.0,8600.0,8690.0,67774,0.0,0.0
2018-07-02 00:00:00+09:00,8690.0,8690.0,8200.0,8300.0,59971,0.0,0.0
2018-07-03 00:00:00+09:00,8230.0,8380.0,8150.0,8340.0,39172,0.0,0.0
2018-07-04 00:00:00+09:00,8240.0,8600.0,8240.0,8600.0,17907,0.0,0.0
2018-07-05 00:00:00+09:00,8580.0,8670.0,8350.0,8440.0,16851,0.0,0.0
2018-07-06 00:00:00+09:00,8430.0,8570.0,8370.0,8570.0,29825,0.0,0.0
2018-07-09 00:00:00+09:00,8570.0,8760.0,8510.0,8720.0,22610,0.0,0.0
2018-07-10 00:00:00+09:00,8700.0,8850.0,8590.0,8680.0,47787,0.0,0.0
2018-07-11 00:00:00+09:00,8640.0,8720.0,8620.0,8690.0,18206,0.0,0.0
2018-07-12 00:00:00+09:00,8620.0,8770.0,8610.0,8690.0,17747,0.0,0.0
2018-07-13 00:00:00+09:00,8700.0,8940.0,8700.0,8840.0,22762,0.0,0.0
2018-07-16 00:00:00+09:00,8840.0,8910.0,8800.0,8910.0,18849,0.0,0.0
2018-07-17 00:00:00+09:00,9000.0,9010.0,8850.0,8950.0,20319,0.0,0.0
2018-07-18 00:00:00+09:00,8910.0,9070.0,8910.0,9010.0,24633,0.0,0.0
2018-07-19 00:00:00+09:00,9030.0,9080.0,8870.0,8940.0,25773,0.0,0.0
2018-07-20 00:00:00+09:00,8950.0,8980.0,8760.0,8900.0,16806,0.0,0.0
2018-07-23 00:00:00+09:00,8900.0,8950.0,8570.0,8600.0,19864,0.0,0.0
2018-07-24 00:00:00+09:00,8410.0,8750.0,8400.0,8610.0,32385,0.0,0.0
2018-07-25 00:00:00+09:00,8540.0,8610.0,8300.0,8410.0,29831,0.0,0.0
2018-07-26 00:00:00+09:00,8430.0,8540.0,8410.0,8460.0,28045,0.0,0.0
2018-07-27 00:00:00+09:00,8390.0,8640.0,8390.0,8580.0,16377,0.0,0.0
2018-07-30 00:00:00+09:00,8580.0,8670.0,8540.0,8580.0,8725,0.0,0.0
2018-07-31 00:00:00+09:00,8470.0,8680.0,8470.0,8650.0,11309,0.0,0.0
2018-08-01 00:00:00+09:00,8650.0,8810.0,8650.0,8790.0,13004,0.0,0.0
2018-08-02 00:00:00+09:00,8720.0,8800.0,8260.0,8750.0,15171,0.0,0.0
2018-08-03 00:00:00+09:00,8830.0,8830.0,8710.0,8790.0,10892,0.0,0.0
2018-08-06 00:00:00+09:00,8840.0,8840.0,8700.0,8720.0,7383,0.0,0.0
2018-08-07 00:00:00+09:00,8800.0,8800.0,8570.0,8690.0,9918,0.0,0.0
2018-08-08 00:00:00+09:00,8690.0,8770.0,8410.0,8690.0,27864,0.0,0.0
2018-08-09 00:00:00+09:00,8740.0,9050.0,8740.0,9010.0,94698,0.0,0.0
2018-08-10 00:00:00+09:00,8940.0,9010.0,8870.0,8870.0,24381,0.0,0.0
2018-08-13 00:00:00+09:00,8840.0,8880.0,8390.0,8500.0,34873,0.0,0.0
2018-08-14 00:00:00+09:00,8460.0,8570.0,8370.0,8470.0,31834,0.0,0.0
2018-08-16 00:00:00+09:00,8460.0,8460.0,8210.0,8220.0,39582,0.0,0.0
2018-08-17 00:00:00+09:00,8250.0,8350.0,7880.0,8020.0,143551,0.0,0.0
2018-08-20 00:00:00+09:00,8120.0,8120.0,8010.0,8030.0,38039,0.0,0.0
2018-08-21 00:00:00+09:00,8030.0,8120.0,8030.0,8120.0,19821,0.0,0.0
2018-08-22 00:00:00+09:00,8160.0,8190.0,8100.0,8100.0,20125,0.0,0.0
2018-08-23 00:00:00+09:00,8150.0,8170.0,8050.0,8150.0,15494,0.0,0.0
2018-08-24 00:00:00+09:00,8160.0,8250.0,8060.0,8240.0,23818,0.0,0.0
2018-08-27 00:00:00+09:00,8250.0,8250.0,8140.0,8230.0,10965,0.0,0.0
2018-08-28 00:00:00+09:00,8180.0,8280.0,8180.0,8250.0,18129,0.0,0.0
2018-08-29 00:00:00+09:00,8230.0,8310.0,8230.0,8300.0,12590,0.0,0.0
2018-08-30 00:00:00+09:00,8300.0,8350.0,8260.0,8290.0,15445,0.0,0.0
2018-08-31 00:00:00+09:00,8310.0,8830.0,8310.0,8690.0,173621,0.0,0.0
2018-09-03 00:00:00+09:00,8640.0,8690.0,8460.0,8600.0,29702,0.0,0.0
2018-09-04 00:00:00+09:00,8690.0,8840.0,8650.0,8840.0,51182,0.0,0.0
2018-09-05 00:00:00+09:00,8840.0,8930.0,8720.0,8830.0,39657,0.0,0.0
2018-09-06 00:00:00+09:00,8900.0,8900.0,8730.0,8840.0,28413,0.0,0.0
2018-09-07 00:00:00+09:00,8750.0,8840.0,8540.0,8640.0,44228,0.0,0.0
2018-09-10 00:00:00+09:00,8640.0,8640.0,8470.0,8570.0,11656,0.0,0.0
2018-09-11 00:00:00+09:00,8570.0,8670.0,8480.0,8600.0,14264,0.0,0.0
2018-09-12 00:00:00+09:00,8560.0,8660.0,8540.0,8600.0,19130,0.0,0.0
2018-09-13 00:00:00+09:00,8600.0,8850.0,8550.0,8820.0,38871,0.0,0.0
2018-09-14 00:00:00+09:00,8780.0,8900.0,8740.0,8780.0,35276,0.0,0.0
2018-09-17 00:00:00+09:00,8770.0,8780.0,8630.0,8670.0,34767,0.0,0.0
2018-09-18 00:00:00+09:00,8620.0,8750.0,8620.0,8730.0,18907,0.0,0.0
2018-09-19 00:00:00+09:00,8700.0,8820.0,8560.0,8620.0,22988,0.0,0.0
2018-09-20 00:00:00+09:00,8620.0,8690.0,8490.0,8500.0,15762,0.0,0.0
2018-09-21 00:00:00+09:00,8500.0,8580.0,8410.0,8550.0,8117,0.0,0.0
2018-09-27 00:00:00+09:00,8530.0,8550.0,8400.0,8470.0,26984,0.0,0.0
2018-09-28 00:00:00+09:00,8530.0,8530.0,8350.0,8360.0,14126,0.0,0.0
2018-10-01 00:00:00+09:00,8360.0,8420.0,8110.0,8200.0,26308,0.0,0.0
2018-10-02 00:00:00+09:00,8200.0,8340.0,8040.0,8040.0,42344,0.0,0.0
2018-10-04 00:00:00+09:00,8040.0,8100.0,7950.0,8020.0,21383,0.0,0.0
2018-10-05 00:00:00+09:00,7900.0,8020.0,7870.0,7970.0,13510,0.0,0.0
2018-10-08 00:00:00+09:00,7850.0,7970.0,7550.0,7630.0,28695,0.0,0.0
2018-10-10 00:00:00+09:00,7630.0,7740.0,7330.0,7350.0,35669,0.0,0.0
2018-10-11 00:00:00+09:00,6930.0,7220.0,6610.0,6610.0,108931,0.0,0.0
2018-10-12 00:00:00+09:00,6210.0,6790.0,6210.0,6650.0,126993,0.0,0.0
2018-10-15 00:00:00+09:00,6600.0,6670.0,6510.0,6590.0,28528,0.0,0.0
2018-10-16 00:00:00+09:00,6650.0,6760.0,6640.0,6680.0,15595,0.0,0.0
2018-10-17 00:00:00+09:00,6720.0,6950.0,6720.0,6850.0,17936,0.0,0.0
2018-10-18 00:00:00+09:00,6850.0,7070.0,6850.0,6880.0,19097,0.0,0.0
2018-10-19 00:00:00+09:00,6850.0,7010.0,6700.0,7010.0,15325,0.0,0.0
2018-10-22 00:00:00+09:00,7010.0,7230.0,7000.0,7230.0,19908,0.0,0.0
2018-10-23 00:00:00+09:00,7160.0,7210.0,6810.0,6860.0,27925,0.0,0.0
2018-10-24 00:00:00+09:00,6930.0,6990.0,6610.0,6610.0,37173,0.0,0.0
2018-10-25 00:00:00+09:00,6400.0,6530.0,6280.0,6360.0,38536,0.0,0.0
2018-10-26 00:00:00+09:00,6410.0,6430.0,5950.0,6000.0,60714,0.0,0.0
2018-10-29 00:00:00+09:00,5840.0,6260.0,4965.0,4965.0,124790,0.0,0.0
2018-10-30 00:00:00+09:00,4600.0,5190.0,4600.0,5170.0,204071,0.0,0.0
2018-10-31 00:00:00+09:00,5180.0,5430.0,5110.0,5310.0,40134,0.0,0.0
2018-11-01 00:00:00+09:00,5370.0,5570.0,5370.0,5470.0,29425,0.0,0.0
2018-11-02 00:00:00+09:00,5600.0,5950.0,5520.0,5900.0,58229,0.0,0.0
2018-11-05 00:00:00+09:00,5980.0,6040.0,5840.0,5970.0,32808,0.0,0.0
2018-11-06 00:00:00+09:00,5970.0,6200.0,5950.0,6000.0,27705,0.0,0.0
2018-11-07 00:00:00+09:00,6120.0,6180.0,5930.0,6080.0,35909,0.0,0.0
2018-11-08 00:00:00+09:00,6150.0,6300.0,6150.0,6280.0,19481,0.0,0.0
2018-11-09 00:00:00+09:00,6270.0,6300.0,6050.0,6290.0,19213,0.0,0.0
2018-11-12 00:00:00+09:00,6250.0,6340.0,6200.0,6260.0,8111,0.0,0.0
2018-11-13 00:00:00+09:00,6230.0,6230.0,6000.0,6140.0,28978,0.0,0.0
2018-11-14 00:00:00+09:00,6140.0,6960.0,6140.0,6360.0,108398,0.0,0.0
2018-11-15 00:00:00+09:00,6270.0,6490.0,6270.0,6460.0,13211,0.0,0.0
2018-11-16 00:00:00+09:00,6460.0,6740.0,6460.0,6660.0,23678,0.0,0.0
2018-11-19 00:00:00+09:00,6520.0,6720.0,6500.0,6630.0,14623,0.0,0.0
2018-11-20 00:00:00+09:00,6510.0,6570.0,6470.0,6510.0,7652,0.0,0.0
2018-11-21 00:00:00+09:00,6390.0,6530.0,6310.0,6520.0,13678,0.0,0.0
2018-11-22 00:00:00+09:00,6520.0,6600.0,6410.0,6410.0,10685,0.0,0.0
2018-11-23 00:00:00+09:00,6410.0,6580.0,6190.0,6190.0,9654,0.0,0.0
2018-11-26 00:00:00+09:00,6300.0,6380.0,6190.0,6300.0,12263,0.0,0.0
2018-11-27 00:00:00+09:00,6520.0,6530.0,6310.0,6390.0,7742,0.0,0.0
2018-11-28 00:00:00+09:00,6390.0,6490.0,6300.0,6490.0,23046,0.0,0.0
2018-11-29 00:00:00+09:00,6560.0,6850.0,6430.0,6740.0,40549,0.0,0.0
2018-11-30 00:00:00+09:00,6860.0,6870.0,6680.0,6770.0,13783,0.0,0.0
2018-12-03 00:00:00+09:00,6870.0,7300.0,6780.0,7160.0,56604,0.0,0.0
2018-12-04 00:00:00+09:00,7160.0,7680.0,7160.0,7630.0,124387,0.0,0.0
2018-12-05 00:00:00+09:00,7560.0,7660.0,7500.0,7530.0,57944,0.0,0.0
2018-12-06 00:00:00+09:00,7540.0,7860.0,7450.0,7780.0,116851,0.0,0.0
2018-12-07 00:00:00+09:00,7780.0,7960.0,7720.0,7940.0,87339,0.0,0.0
2018-12-10 00:00:00+09:00,7850.0,8070.0,7720.0,8070.0,78841,0.0,0.0
2018-12-11 00:00:00+09:00,8000.0,8380.0,8000.0,8110.0,119175,0.0,0.0
2018-12-12 00:00:00+09:00,8110.0,8440.0,8110.0,8330.0,61049,0.0,0.0
2018-12-13 00:00:00+09:00,8430.0,8440.0,8050.0,8070.0,50790,0.0,0.0
2018-12-14 00:00:00+09:00,8030.0,8030.0,7780.0,7900.0,32329,0.0,0.0
2018-12-17 00:00:00+09:00,7900.0,8340.0,7800.0,8300.0,54466,0.0,0.0
2018-12-18 00:00:00+09:00,8310.0,8600.0,8010.0,8580.0,83010,0.0,0.0
2018-12-19 00:00:00+09:00,8600.0,8800.0,8420.0,8680.0,108802,0.0,0.0
2018-12-20 00:00:00+09:00,8590.0,8850.0,8520.0,8680.0,77052,0.0,0.0
2018-12-21 00:00:00+09:00,8550.0,8730.0,8460.0,8460.0,21811,0.0,0.0
2018-12-24 00:00:00+09:00,8460.0,8530.0,7870.0,8300.0,57441,0.0,0.0
2018-12-26 00:00:00+09:00,8240.0,8240.0,7610.0,7690.0,33950,0.0,0.0
2018-12-27 00:00:00+09:00,7720.0,7970.0,7700.0,7700.0,10516,0.0,0.0
2018-12-28 00:00:00+09:00,7980.0,7980.0,7530.0,7800.0,15497,0.0,0.0
2019-01-02 00:00:00+09:00,7800.0,7900.0,7640.0,7810.0,15070,0.0,0.0
2019-01-03 00:00:00+09:00,7810.0,8000.0,7810.0,7880.0,15836,0.0,0.0
2019-01-04 00:00:00+09:00,7760.0,8000.0,7640.0,7880.0,12945,0.0,0.0
2019-01-07 00:00:00+09:00,7970.0,8020.0,7850.0,7900.0,9169,0.0,0.0
2019-01-08 00:00:00+09:00,8500.0,8600.0,8040.0,8300.0,63687,0.0,0.0
2019-01-09 00:00:00+09:00,8450.0,8450.0,8100.0,8140.0,24711,0.0,0.0
2019-01-10 00:00:00+09:00,8150.0,8200.0,8000.0,8020.0,15052,0.0,0.0
2019-01-11 00:00:00+09:00,8120.0,8120.0,7860.0,7880.0,22856,0.0,0.0
2019-01-14 00:00:00+09:00,7880.0,7880.0,7720.0,7760.0,14501,0.0,0.0
2019-01-15 00:00:00+09:00,7800.0,8030.0,7730.0,7970.0,25114,0.0,0.0
2019-01-16 00:00:00+09:00,7970.0,7970.0,7830.0,7860.0,13387,0.0,0.0
2019-01-17 00:00:00+09:00,7970.0,7970.0,7750.0,7840.0,19811,0.0,0.0
2019-01-18 00:00:00+09:00,7840.0,7940.0,7770.0,7910.0,14768,0.0,0.0
2019-01-21 00:00:00+09:00,7880.0,7970.0,7850.0,7900.0,18756,0.0,0.0
2019-01-22 00:00:00+09:00,7970.0,7970.0,7870.0,7940.0,13121,0.0,0.0
2019-01-23 00:00:00+09:00,7930.0,8120.0,7900.0,7960.0,23039,0.0,0.0
2019-01-24 00:00:00+09:00,7950.0,8010.0,7900.0,7960.0,10139,0.0,0.0
2019-01-25 00:00:00+09:00,7960.0,8150.0,7960.0,7980.0,22784,0.0,0.0
2019-01-28 00:00:00+09:00,8110.0,8110.0,7900.0,7950.0,14045,0.0,0.0
2019-01-29 00:00:00+09:00,7920.0,8000.0,7840.0,7840.0,9529,0.0,0.0
2019-01-30 00:00:00+09:00,7850.0,7950.0,7810.0,7860.0,18471,0.0,0.0
2019-01-31 00:00:00+09:00,7940.0,7940.0,7780.0,7860.0,18484,0.0,0.0
2019-02-01 00:00:00+09:00,7930.0,7930.0,7690.0,7760.0,20565,0.0,0.0
2019-02-07 00:00:00+09:00,7760.0,7810.0,7670.0,7810.0,9292,0.0,0.0
2019-02-08 00:00:00+09:00,7760.0,7850.0,7700.0,7830.0,13526,0.0,0.0
2019-02-11 00:00:00+09:00,7830.0,7850.0,7460.0,7800.0,13644,0.0,0.0
2019-02-12 00:00:00+09:00,7720.0,7820.0,7700.0,7800.0,9990,0.0,0.0
2019-02-13 00:00:00+09:00,7800.0,7880.0,7730.0,7830.0,10868,0.0,0.0
2019-02-14 00:00:00+09:00,7810.0,7980.0,7810.0,7920.0,14548,0.0,0.0
2019-02-15 00:00:00+09:00,7970.0,8040.0,7810.0,7920.0,13195,0.0,0.0
2019-02-18 00:00:00+09:00,8040.0,8040.0,7830.0,7960.0,9986,0.0,0.0
2019-02-19 00:00:00+09:00,7880.0,8000.0,7880.0,7980.0,17114,0.0,0.0
2019-02-20 00:00:00+09:00,8030.0,8340.0,7990.0,8330.0,57555,0.0,0.0
2019-02-21 00:00:00+09:00,8430.0,8430.0,8160.0,8290.0,23891,0.0,0.0
2019-02-22 00:00:00+09:00,8210.0,8410.0,8200.0,8370.0,29358,0.0,0.0
2019-02-25 00:00:00+09:00,8310.0,8330.0,8020.0,8330.0,16073,0.0,0.0
2019-02-26 00:00:00+09:00,8250.0,8340.0,8170.0,8220.0,8581,0.0,0.0
2019-02-27 00:00:00+09:00,8170.0,8300.0,8070.0,8250.0,10175,0.0,0.0
2019-02-28 00:00:00+09:00,8210.0,8290.0,7800.0,8100.0,18973,0.0,0.0
2019-03-04 00:00:00+09:00,7970.0,8190.0,7970.0,8090.0,16361,0.0,0.0
2019-03-05 00:00:00+09:00,8090.0,8180.0,7800.0,7980.0,15232,0.0,0.0
2019-03-06 00:00:00+09:00,7950.0,9060.0,7950.0,8700.0,664365,0.0,0.0
2019-03-07 00:00:00+09:00,8700.0,8700.0,8110.0,8110.0,118381,0.0,0.0
2019-03-08 00:00:00+09:00,8060.0,8060.0,7720.0,7760.0,76628,0.0,0.0
2019-03-11 00:00:00+09:00,7690.0,7760.0,7510.0,7730.0,36437,0.0,0.0
2019-03-12 00:00:00+09:00,7700.0,7830.0,7700.0,7720.0,27216,0.0,0.0
2019-03-13 00:00:00+09:00,7660.0,7760.0,7580.0,7600.0,23931,0.0,0.0
2019-03-14 00:00:00+09:00,7600.0,7720.0,7570.0,7690.0,16550,0.0,0.0
2019-03-15 00:00:00+09:00,7780.0,7840.0,7570.0,7620.0,25348,0.0,0.0
2019-03-18 00:00:00+09:00,7630.0,7690.0,7520.0,7550.0,27873,0.0,0.0
2019-03-19 00:00:00+09:00,7490.0,7600.0,7480.0,7570.0,12515,0.0,0.0
2019-03-20 00:00:00+09:00,7590.0,7590.0,7400.0,7480.0,17826,0.0,0.0
2019-03-21 00:00:00+09:00,7490.0,7490.0,7300.0,7320.0,24303,0.0,0.0
2019-03-22 00:00:00+09:00,7320.0,7470.0,7210.0,7250.0,10227,0.0,0.0
2019-03-25 00:00:00+09:00,7250.0,7360.0,7170.0,7170.0,10996,0.0,0.0
2019-03-26 00:00:00+09:00,7280.0,7330.0,7190.0,7290.0,9288,0.0,0.0
2019-03-27 00:00:00+09:00,7290.0,7550.0,7100.0,7460.0,22049,0.0,0.0
2019-03-28 00:00:00+09:00,7450.0,7450.0,7240.0,7250.0,8884,0.0,0.0
2019-03-29 00:00:00+09:00,7270.0,7430.0,7030.0,7300.0,7407,0.0,0.0
2019-04-01 00:00:00+09:00,7270.0,7550.0,7270.0,7350.0,18223,0.0,0.0
2019-04-02 00:00:00+09:00,7500.0,8020.0,7400.0,8000.0,142199,0.0,0.0
2019-04-03 00:00:00+09:00,7940.0,8110.0,7710.0,7750.0,60578,0.0,0.0
2019-04-04 00:00:00+09:00,7750.0,7900.0,7750.0,7870.0,20141,0.0,0.0
2019-04-05 00:00:00+09:00,7770.0,7800.0,7650.0,7760.0,32450,0.0,0.0
2019-04-08 00:00:00+09:00,7700.0,7770.0,7670.0,7720.0,10339,0.0,0.0
2019-04-09 00:00:00+09:00,7720.0,7800.0,7660.0,7790.0,10617,0.0,0.0
2019-04-10 00:00:00+09:00,7800.0,8130.0,7790.0,8020.0,63496,0.0,0.0
2019-04-11 00:00:00+09:00,8150.0,8150.0,7950.0,8070.0,28384,0.0,0.0
2019-04-12 00:00:00+09:00,8070.0,8100.0,8010.0,8080.0,13635,0.0,0.0
2019-04-15 00:00:00+09:00,8180.0,8180.0,7950.0,8050.0,13716,0.0,0.0
2019-04-16 00:00:00+09:00,8050.0,8050.0,7810.0,8040.0,16164,0.0,0.0
2019-04-17 00:00:00+09:00,8040.0,8040.0,7880.0,7880.0,10976,0.0,0.0
2019-04-18 00:00:00+09:00,7880.0,7950.0,7810.0,7890.0,14795,0.0,0.0
2019-04-19 00:00:00+09:00,7930.0,8020.0,7810.0,7990.0,15614,0.0,0.0
2019-04-22 00:00:00+09:00,8000.0,8100.0,7910.0,8000.0,18466,0.0,0.0
2019-04-23 00:00:00+09:00,7920.0,8090.0,7910.0,8070.0,10286,0.0,0.0
2019-04-24 00:00:00+09:00,8070.0,8070.0,7850.0,7940.0,17608,0.0,0.0
2019-04-25 00:00:00+09:00,7940.0,8220.0,7930.0,8170.0,58533,0.0,0.0
2019-04-26 00:00:00+09:00,8240.0,8260.0,8080.0,8170.0,37153,0.0,0.0
2019-04-29 00:00:00+09:00,8250.0,8250.0,8080.0,8140.0,20531,0.0,0.0
2019-04-30 00:00:00+09:00,8060.0,8200.0,7910.0,8080.0,13401,0.0,0.0
2019-05-02 00:00:00+09:00,8080.0,8580.0,7930.0,8500.0,103206,0.0,0.0
2019-05-03 00:00:00+09:00,8630.0,8780.0,8420.0,8660.0,84946,0.0,0.0
2019-05-07 00:00:00+09:00,8660.0,8850.0,8470.0,8640.0,90134,0.0,0.0
2019-05-08 00:00:00+09:00,8570.0,8700.0,8400.0,8410.0,53835,0.0,0.0
2019-05-09 00:00:00+09:00,8690.0,8690.0,7960.0,8230.0,64609,0.0,0.0
2019-05-10 00:00:00+09:00,8220.0,8430.0,8160.0,8300.0,58223,0.0,0.0
2019-05-13 00:00:00+09:00,8170.0,8570.0,8110.0,8490.0,31278,0.0,0.0
2019-05-14 00:00:00+09:00,8280.0,8570.0,8280.0,8470.0,39753,0.0,0.0
2019-05-15 00:00:00+09:00,8510.0,8580.0,8430.0,8500.0,31329,0.0,0.0
2019-05-16 00:00:00+09:00,8550.0,8550.0,8260.0,8420.0,30742,0.0,0.0
2019-05-17 00:00:00+09:00,8420.0,8460.0,8070.0,8200.0,32738,0.0,0.0
2019-05-20 00:00:00+09:00,8150.0,8320.0,8070.0,8080.0,18277,0.0,0.0
2019-05-21 00:00:00+09:00,8070.0,8070.0,7910.0,7970.0,21022,0.0,0.0
2019-05-22 00:00:00+09:00,7990.0,8060.0,7830.0,7860.0,12051,0.0,0.0
2019-05-23 00:00:00+09:00,7860.0,8250.0,7820.0,8190.0,68253,0.0,0.0
2019-05-24 00:00:00+09:00,8220.0,8220.0,8080.0,8180.0,32762,0.0,0.0
2019-05-27 00:00:00+09:00,8110.0,8350.0,8110.0,8330.0,21235,0.0,0.0
2019-05-28 00:00:00+09:00,8380.0,8380.0,8190.0,8340.0,16533,0.0,0.0
2019-05-29 00:00:00+09:00,8390.0,8390.0,8120.0,8200.0,17368,0.0,0.0
2019-05-30 00:00:00+09:00,8270.0,8270.0,8020.0,8180.0,18915,0.0,0.0
2019-05-31 00:00:00+09:00,8240.0,8240.0,7980.0,8100.0,8872,0.0,0.0
2019-06-03 00:00:00+09:00,8090.0,8170.0,8000.0,8160.0,15332,0.0,0.0
2019-06-04 00:00:00+09:00,8050.0,8130.0,8050.0,8060.0,10225,0.0,0.0
2019-06-05 00:00:00+09:00,8160.0,8390.0,8040.0,8310.0,30345,0.0,0.0
2019-06-07 00:00:00+09:00,8380.0,8620.0,8280.0,8590.0,60228,0.0,0.0
2019-06-10 00:00:00+09:00,8680.0,9240.0,8610.0,9130.0,272254,0.0,0.0
2019-06-11 00:00:00+09:00,9140.0,9150.0,8740.0,8890.0,151803,0.0,0.0
2019-06-12 00:00:00+09:00,8890.0,8890.0,8720.0,8860.0,25912,0.0,0.0
2019-06-13 00:00:00+09:00,8840.0,9040.0,8560.0,8630.0,111890,0.0,0.0
2019-06-14 00:00:00+09:00,8690.0,8880.0,8600.0,8750.0,48683,0.0,0.0
2019-06-17 00:00:00+09:00,8810.0,8950.0,8730.0,8840.0,32221,0.0,0.0
2019-06-18 00:00:00+09:00,8860.0,8980.0,8800.0,8940.0,38011,0.0,0.0
2019-06-19 00:00:00+09:00,8990.0,9180.0,8780.0,8960.0,53410,0.0,0.0
2019-06-20 00:00:00+09:00,9010.0,9110.0,8940.0,9070.0,58318,0.0,0.0
2019-06-21 00:00:00+09:00,9070.0,9120.0,8800.0,8980.0,63485,0.0,0.0
2019-06-24 00:00:00+09:00,9070.0,9070.0,8690.0,8810.0,36906,0.0,0.0
2019-06-25 00:00:00+09:00,8820.0,8890.0,8510.0,8790.0,44039,0.0,0.0
2019-06-26 00:00:00+09:00,8680.0,8780.0,8570.0,8730.0,21824,0.0,0.0
2019-06-27 00:00:00+09:00,8720.0,8780.0,8450.0,8610.0,30761,0.0,0.0
2019-06-28 00:00:00+09:00,8610.0,8610.0,8250.0,8290.0,48641,0.0,0.0
2019-07-01 00:00:00+09:00,8370.0,8440.0,8310.0,8310.0,12768,0.0,0.0
2019-07-02 00:00:00+09:00,8420.0,8420.0,8250.0,8300.0,13206,0.0,0.0
2019-07-03 00:00:00+09:00,8310.0,8380.0,8220.0,8290.0,11463,0.0,0.0
2019-07-04 00:00:00+09:00,8210.0,8360.0,8130.0,8210.0,15727,0.0,0.0
2019-07-05 00:00:00+09:00,8210.0,8350.0,8160.0,8340.0,12980,0.0,0.0
2019-07-08 00:00:00+09:00,8400.0,8400.0,7900.0,7940.0,62205,0.0,0.0
2019-07-09 00:00:00+09:00,7940.0,7970.0,7700.0,7700.0,39504,0.0,0.0
2019-07-10 00:00:00+09:00,7580.0,7790.0,7580.0,7750.0,10045,0.0,0.0
2019-07-11 00:00:00+09:00,7880.0,7890.0,7750.0,7870.0,10407,0.0,0.0
2019-07-12 00:00:00+09:00,7870.0,8040.0,7740.0,8010.0,12335,0.0,0.0
2019-07-15 00:00:00+09:00,7930.0,8110.0,7930.0,8070.0,12888,0.0,0.0
2019-07-16 00:00:00+09:00,8100.0,8110.0,7700.0,7800.0,49102,0.0,0.0
2019-07-17 00:00:00+09:00,7800.0,7820.0,7510.0,7580.0,19111,0.0,0.0
2019-07-18 00:00:00+09:00,7460.0,7580.0,7460.0,7540.0,12090,0.0,0.0
2019-07-19 00:00:00+09:00,7580.0,7640.0,7500.0,7580.0,23401,0.0,0.0
2019-07-22 00:00:00+09:00,7520.0,7640.0,7520.0,7620.0,7133,0.0,0.0
2019-07-23 00:00:00+09:00,7560.0,7650.0,7330.0,7370.0,19612,0.0,0.0
2019-07-24 00:00:00+09:00,7370.0,7630.0,7330.0,7350.0,30310,0.0,0.0
2019-07-25 00:00:00+09:00,7470.0,7470.0,7110.0,7170.0,26411,0.0,0.0
2019-07-26 00:00:00+09:00,7120.0,7270.0,7090.0,7270.0,11778,0.0,0.0
2019-07-29 00:00:00+09:00,7210.0,7350.0,6500.0,6810.0,43076,0.0,0.0
2019-07-30 00:00:00+09:00,6420.0,7000.0,6420.0,6840.0,13806,0.0,0.0
2019-07-31 00:00:00+09:00,6820.0,6970.0,6700.0,6860.0,8809,0.0,0.0
2019-08-01 00:00:00+09:00,6860.0,6950.0,6770.0,6880.0,4086,0.0,0.0
2019-08-02 00:00:00+09:00,6800.0,6800.0,6700.0,6700.0,8117,0.0,0.0
2019-08-05 00:00:00+09:00,6700.0,6700.0,6000.0,6000.0,41870,0.0,0.0
2019-08-06 00:00:00+09:00,5580.0,6190.0,5580.0,5830.0,36203,0.0,0.0
2019-08-07 00:00:00+09:00,5610.0,6170.0,5610.0,6150.0,19818,0.0,0.0
2019-08-08 00:00:00+09:00,6240.0,6250.0,5960.0,6230.0,18100,0.0,0.0
2019-08-09 00:00:00+09:00,6300.0,6380.0,6280.0,6310.0,10107,0.0,0.0
2019-08-12 00:00:00+09:00,6380.0,7870.0,6240.0,6900.0,208209,0.0,0.0
2019-08-13 00:00:00+09:00,6900.0,7060.0,6810.0,6950.0,16908,0.0,0.0
2019-08-14 00:00:00+09:00,6960.0,7060.0,6920.0,6950.0,14377,0.0,0.0
2019-08-16 00:00:00+09:00,6940.0,6940.0,6710.0,6780.0,6963,0.0,0.0
2019-08-19 00:00:00+09:00,7500.0,7500.0,6780.0,6780.0,68893,0.0,0.0
2019-08-20 00:00:00+09:00,6880.0,7140.0,6790.0,7140.0,15213,0.0,0.0
2019-08-21 00:00:00+09:00,7140.0,7250.0,6990.0,7200.0,7860,0.0,0.0
2019-08-22 00:00:00+09:00,7200.0,7340.0,7090.0,7200.0,7880,0.0,0.0
2019-08-23 00:00:00+09:00,7110.0,7230.0,6920.0,7200.0,5818,0.0,0.0
2019-08-26 00:00:00+09:00,7000.0,7170.0,6810.0,6930.0,5096,0.0,0.0
2019-08-27 00:00:00+09:00,6960.0,7220.0,6960.0,6970.0,2271,0.0,0.0
2019-08-28 00:00:00+09:00,7100.0,7100.0,6900.0,6960.0,6161,0.0,0.0
2019-08-29 00:00:00+09:00,7170.0,7170.0,6900.0,6960.0,3692,0.0,0.0
2019-08-30 00:00:00+09:00,6960.0,7160.0,6960.0,7080.0,3870,0.0,0.0
2019-09-02 00:00:00+09:00,7140.0,7140.0,6950.0,7080.0,4712,0.0,0.0
2019-09-03 00:00:00+09:00,7150.0,7150.0,7000.0,7070.0,8474,0.0,0.0
2019-09-04 00:00:00+09:00,7070.0,7200.0,7050.0,7080.0,7419,0.0,0.0
2019-09-05 00:00:00+09:00,7080.0,7310.0,7080.0,7170.0,19181,0.0,0.0
2019-09-06 00:00:00+09:00,7220.0,7290.0,7100.0,7130.0,11086,0.0,0.0
2019-09-09 00:00:00+09:00,7050.0,7210.0,7050.0,7100.0,4561,0.0,0.0
2019-09-10 00:00:00+09:00,7270.0,7270.0,7080.0,7250.0,7802,0.0,0.0
2019-09-11 00:00:00+09:00,7260.0,7270.0,7110.0,7250.0,11016,0.0,0.0
2019-09-16 00:00:00+09:00,7250.0,7320.0,7170.0,7300.0,7311,0.0,0.0
2019-09-17 00:00:00+09:00,7210.0,7330.0,7210.0,7260.0,3889,0.0,0.0
2019-09-18 00:00:00+09:00,7340.0,7350.0,7220.0,7260.0,4748,0.0,0.0
2019-09-19 00:00:00+09:00,7260.0,7440.0,7120.0,7420.0,13695,0.0,0.0
2019-09-20 00:00:00+09:00,7450.0,7450.0,7350.0,7390.0,13887,0.0,0.0
2019-09-23 00:00:00+09:00,7240.0,7390.0,7140.0,7330.0,2604,0.0,0.0
2019-09-24 00:00:00+09:00,7330.0,8540.0,7330.0,7770.0,253192,0.0,0.0
2019-09-25 00:00:00+09:00,7770.0,7950.0,7430.0,7580.0,51890,0.0,0.0
2019-09-26 00:00:00+09:00,7560.0,7720.0,7440.0,7520.0,17258,0.0,0.0
2019-09-27 00:00:00+09:00,7640.0,7640.0,7350.0,7350.0,18006,0.0,0.0
2019-09-30 00:00:00+09:00,7350.0,7470.0,7250.0,7290.0,14906,0.0,0.0
2019-10-01 00:00:00+09:00,7300.0,7450.0,7250.0,7450.0,17560,0.0,0.0
2019-10-02 00:00:00+09:00,7330.0,7590.0,7330.0,7520.0,12045,0.0,0.0
2019-10-04 00:00:00+09:00,7490.0,7600.0,7450.0,7460.0,11589,0.0,0.0
2019-10-07 00:00:00+09:00,7520.0,7560.0,7410.0,7430.0,9241,0.0,0.0
2019-10-08 00:00:00+09:00,7430.0,7560.0,7430.0,7480.0,6077,0.0,0.0
2019-10-10 00:00:00+09:00,7690.0,7690.0,7500.0,7560.0,20569,0.0,0.0
2019-10-11 00:00:00+09:00,7640.0,7640.0,7440.0,7480.0,8395,0.0,0.0
2019-10-14 00:00:00+09:00,7630.0,7630.0,7500.0,7510.0,11820,0.0,0.0
2019-10-15 00:00:00+09:00,7510.0,7670.0,7510.0,7650.0,17264,0.0,0.0
2019-10-16 00:00:00+09:00,7710.0,7950.0,7710.0,7840.0,26819,0.0,0.0
2019-10-17 00:00:00+09:00,7950.0,7950.0,7790.0,7800.0,8983,0.0,0.0
2019-10-18 00:00:00+09:00,7960.0,8040.0,7820.0,7890.0,11845,0.0,0.0
2019-10-21 00:00:00+09:00,7920.0,7920.0,7460.0,7700.0,11491,0.0,0.0
2019-10-22 00:00:00+09:00,7700.0,7760.0,7620.0,7630.0,9000,0.0,0.0
2019-10-23 00:00:00+09:00,7720.0,7720.0,7560.0,7600.0,8425,0.0,0.0
2019-10-24 00:00:00+09:00,7690.0,7740.0,7580.0,7600.0,8594,0.0,0.0
2019-10-25 00:00:00+09:00,7600.0,7720.0,7560.0,7710.0,12844,0.0,0.0
2019-10-28 00:00:00+09:00,7550.0,7770.0,7550.0,7710.0,8011,0.0,0.0
2019-10-29 00:00:00+09:00,7700.0,7790.0,7680.0,7750.0,9108,0.0,0.0
2019-10-30 00:00:00+09:00,7630.0,7760.0,7620.0,7730.0,3190,0.0,0.0
2019-10-31 00:00:00+09:00,7710.0,7760.0,7640.0,7640.0,6701,0.0,0.0
2019-11-01 00:00:00+09:00,7640.0,7760.0,7600.0,7630.0,7687,0.0,0.0
2019-11-04 00:00:00+09:00,7670.0,7740.0,7400.0,7550.0,12216,0.0,0.0
2019-11-05 00:00:00+09:00,7600.0,7600.0,7420.0,7450.0,9838,0.0,0.0
2019-11-06 00:00:00+09:00,7560.0,7570.0,7430.0,7510.0,5213,0.0,0.0
2019-11-07 00:00:00+09:00,7400.0,7540.0,7370.0,7430.0,11152,0.0,0.0
2019-11-08 00:00:00+09:00,7570.0,7570.0,7380.0,7380.0,6702,0.0,0.0
2019-11-11 00:00:00+09:00,7380.0,7480.0,7380.0,7400.0,6896,0.0,0.0
2019-11-12 00:00:00+09:00,7400.0,7520.0,7400.0,7470.0,7527,0.0,0.0
2019-11-13 00:00:00+09:00,7550.0,7550.0,7290.0,7350.0,10424,0.0,0.0
2019-11-14 00:00:00+09:00,7330.0,7480.0,7260.0,7420.0,10815,0.0,0.0
2019-11-15 00:00:00+09:00,7400.0,7590.0,7400.0,7590.0,17245,0.0,0.0
2019-11-18 00:00:00+09:00,7600.0,7700.0,7540.0,7690.0,23786,0.0,0.0
2019-11-19 00:00:00+09:00,7740.0,7740.0,7680.0,7690.0,18636,0.0,0.0
2019-11-20 00:00:00+09:00,7750.0,7750.0,7460.0,7550.0,12081,0.0,0.0
2019-11-21 00:00:00+09:00,7550.0,7550.0,7280.0,7330.0,8403,0.0,0.0
2019-11-22 00:00:00+09:00,7210.0,7550.0,7210.0,7220.0,6874,0.0,0.0
2019-11-25 00:00:00+09:00,7260.0,7370.0,7250.0,7290.0,3974,0.0,0.0
2019-11-26 00:00:00+09:00,7240.0,7430.0,7240.0,7350.0,8841,0.0,0.0
2019-11-27 00:00:00+09:00,7350.0,7420.0,7280.0,7330.0,6199,0.0,0.0
2019-11-28 00:00:00+09:00,7330.0,7410.0,7230.0,7300.0,5445,0.0,0.0
2019-11-29 00:00:00+09:00,7340.0,7340.0,7170.0,7170.0,5345,0.0,0.0
2019-12-02 00:00:00+09:00,7250.0,7320.0,7170.0,7190.0,8092,0.0,0.0
2019-12-03 00:00:00+09:00,7120.0,7290.0,7040.0,7230.0,2230,0.0,0.0
2019-12-04 00:00:00+09:00,7230.0,7270.0,6950.0,7150.0,14301,0.0,0.0
2019-12-05 00:00:00+09:00,7150.0,7310.0,6920.0,6930.0,8132,0.0,0.0
2019-12-06 00:00:00+09:00,6920.0,7170.0,6920.0,7130.0,10562,0.0,0.0
2019-12-09 00:00:00+09:00,7130.0,7160.0,7000.0,7120.0,3241,0.0,0.0
2019-12-10 00:00:00+09:00,7120.0,7130.0,6960.0,7090.0,6792,0.0,0.0
2019-12-11 00:00:00+09:00,7090.0,7140.0,7020.0,7070.0,4430,0.0,0.0
2019-12-12 00:00:00+09:00,7140.0,7350.0,7040.0,7350.0,12357,0.0,0.0
2019-12-13 00:00:00+09:00,7350.0,7440.0,7220.0,7250.0,7566,0.0,0.0
2019-12-16 00:00:00+09:00,7250.0,7340.0,7180.0,7310.0,10954,0.0,0.0
2019-12-17 00:00:00+09:00,7440.0,7800.0,7200.0,7480.0,73033,0.0,0.0
2019-12-18 00:00:00+09:00,7500.0,7500.0,7310.0,7320.0,12766,0.0,0.0
2019-12-19 00:00:00+09:00,7380.0,7380.0,7250.0,7300.0,4481,0.0,0.0
2019-12-20 00:00:00+09:00,7340.0,7340.0,7020.0,7210.0,6545,0.0,0.0
2019-12-23 00:00:00+09:00,7170.0,7190.0,7080.0,7090.0,10108,0.0,0.0
2019-12-24 00:00:00+09:00,7040.0,7210.0,7040.0,7090.0,8015,0.0,0.0
2019-12-26 00:00:00+09:00,7100.0,7180.0,7010.0,7120.0,5194,0.0,0.0
2019-12-27 00:00:00+09:00,7070.0,7180.0,7060.0,7120.0,7243,0.0,0.0
2019-12-30 00:00:00+09:00,7120.0,7170.0,7090.0,7140.0,9879,0.0,0.0
2020-01-02 00:00:00+09:00,7140.0,7290.0,7090.0,7280.0,9494,0.0,0.0
2020-01-03 00:00:00+09:00,7270.0,7470.0,7220.0,7310.0,15596,0.0,0.0
2020-01-06 00:00:00+09:00,7280.0,7330.0,7110.0,7300.0,10696,0.0,0.0
2020-01-07 00:00:00+09:00,7200.0,7420.0,7200.0,7420.0,10564,0.0,0.0
2020-01-08 00:00:00+09:00,7310.0,7400.0,7130.0,7200.0,16621,0.0,0.0
2020-01-09 00:00:00+09:00,7220.0,7390.0,7200.0,7350.0,12903,0.0,0.0
2020-01-10 00:00:00+09:00,7350.0,7490.0,7270.0,7370.0,10861,0.0,0.0
2020-01-13 00:00:00+09:00,7350.0,7410.0,7340.0,7370.0,9027,0.0,0.0
2020-01-14 00:00:00+09:00,7330.0,7400.0,7330.0,7390.0,12825,0.0,0.0
2020-01-15 00:00:00+09:00,7380.0,7480.0,7350.0,7470.0,10867,0.0,0.0
2020-01-16 00:00:00+09:00,7500.0,7500.0,7360.0,7470.0,10194,0.0,0.0
2020-01-17 00:00:00+09:00,7470.0,7750.0,7470.0,7630.0,32372,0.0,0.0
2020-01-20 00:00:00+09:00,7710.0,7720.0,7570.0,7630.0,15465,0.0,0.0
2020-01-21 00:00:00+09:00,7620.0,7680.0,7430.0,7540.0,10647,0.0,0.0
2020-01-22 00:00:00+09:00,7540.0,7570.0,7410.0,7510.0,10224,0.0,0.0
2020-01-23 00:00:00+09:00,7540.0,7540.0,7400.0,7510.0,9371,0.0,0.0
2020-01-28 00:00:00+09:00,7250.0,7280.0,7120.0,7200.0,14347,0.0,0.0
2020-01-29 00:00:00+09:00,7290.0,7290.0,7170.0,7170.0,8424,0.0,0.0
2020-01-30 00:00:00+09:00,7140.0,7290.0,7080.0,7090.0,12974,0.0,0.0
2020-01-31 00:00:00+09:00,7050.0,7230.0,7020.0,7020.0,25188,0.0,0.0
2020-02-03 00:00:00+09:00,7020.0,7020.0,6600.0,6920.0,24324,0.0,0.0
2020-02-04 00:00:00+09:00,6830.0,7180.0,6830.0,7110.0,11957,0.0,0.0
2020-02-05 00:00:00+09:00,7110.0,7200.0,7000.0,7130.0,8517,0.0,0.0
2020-02-06 00:00:00+09:00,7190.0,7270.0,7100.0,7270.0,8930,0.0,0.0
2020-02-07 00:00:00+09:00,7270.0,7290.0,7130.0,7190.0,7578,0.0,0.0
2020-02-10 00:00:00+09:00,7200.0,7370.0,7150.0,7300.0,8300,0.0,0.0
2020-02-11 00:00:00+09:00,7230.0,7470.0,7230.0,7350.0,12112,0.0,0.0
2020-02-12 00:00:00+09:00,7380.0,7470.0,7270.0,7390.0,15405,0.0,0.0
2020-02-13 00:00:00+09:00,7360.0,7460.0,7230.0,7320.0,12950,0.0,0.0
2020-02-14 00:00:00+09:00,7350.0,7940.0,7300.0,7380.0,108362,0.0,0.0
2020-02-17 00:00:00+09:00,7490.0,7490.0,7370.0,7450.0,21648,0.0,0.0
2020-02-18 00:00:00+09:00,7450.0,7540.0,7370.0,7410.0,22251,0.0,0.0
2020-02-19 00:00:00+09:00,7410.0,7480.0,7330.0,7430.0,14064,0.0,0.0
2020-02-20 00:00:00+09:00,7370.0,7540.0,7340.0,7460.0,22515,0.0,0.0
2020-02-21 00:00:00+09:00,7460.0,7460.0,7270.0,7280.0,25999,0.0,0.0
2020-02-24 00:00:00+09:00,7200.0,7260.0,6740.0,7100.0,33947,0.0,0.0
2020-02-25 00:00:00+09:00,6860.0,7600.0,6860.0,7160.0,46374,0.0,0.0
2020-02-26 00:00:00+09:00,7200.0,7300.0,7100.0,7210.0,9689,0.0,0.0
2020-02-27 00:00:00+09:00,7310.0,7310.0,6970.0,7190.0,16386,0.0,0.0
2020-02-28 00:00:00+09:00,7190.0,7190.0,6700.0,6800.0,26462,0.0,0.0
2020-03-02 00:00:00+09:00,6660.0,6870.0,6480.0,6680.0,23984,0.0,0.0
2020-03-03 00:00:00+09:00,6810.0,6930.0,6700.0,6710.0,11337,0.0,0.0
2020-03-04 00:00:00+09:00,6710.0,6950.0,6700.0,6930.0,9365,0.0,0.0
2020-03-05 00:00:00+09:00,7070.0,7150.0,6870.0,6970.0,4649,0.0,0.0
2020-03-06 00:00:00+09:00,6970.0,6970.0,6560.0,6780.0,11035,0.0,0.0
2020-03-09 00:00:00+09:00,6780.0,6780.0,6780.0,6780.0,0,0.0,0.0
2020-03-10 00:00:00+09:00,6060.0,6320.0,6000.0,6290.0,35357,0.0,0.0
2020-03-11 00:00:00+09:00,6260.0,6480.0,6030.0,6130.0,21797,0.0,0.0
2020-03-12 00:00:00+09:00,6130.0,6130.0,6130.0,6130.0,0,0.0,0.0
2020-03-13 00:00:00+09:00,4960.0,5550.0,4610.0,5200.0,115691,0.0,0.0
2020-03-16 00:00:00+09:00,5100.0,5400.0,4990.0,4990.0,59853,0.0,0.0
2020-03-17 00:00:00+09:00,4370.0,5170.0,4370.0,5100.0,57800,0.0,0.0
2020-03-18 00:00:00+09:00,5000.0,5250.0,4805.0,4805.0,27797,0.0,0.0
2020-03-19 00:00:00+09:00,4750.0,4885.0,4050.0,4400.0,93555,0.0,0.0
2020-03-20 00:00:00+09:00,4065.0,4775.0,4065.0,4630.0,77382,0.0,0.0
2020-03-23 00:00:00+09:00,4205.0,4590.0,4205.0,4575.0,36239,0.0,0.0
2020-03-24 00:00:00+09:00,4575.0,4835.0,4450.0,4740.0,66673,0.0,0.0
2020-03-25 00:00:00+09:00,4920.0,4965.0,4775.0,4930.0,25597,0.0,0.0
2020-03-26 00:00:00+09:00,4990.0,5200.0,4940.0,5180.0,32264,0.0,0.0
2020-03-27 00:00:00+09:00,5210.0,5360.0,5030.0,5200.0,31200,0.0,0.0
2020-03-30 00:00:00+09:00,5140.0,5200.0,4945.0,5200.0,16156,0.0,0.0
2020-03-31 00:00:00+09:00,5210.0,5430.0,5150.0,5200.0,34920,0.0,0.0
2020-04-01 00:00:00+09:00,5250.0,5350.0,5140.0,5230.0,41266,0.0,0.0
2020-04-02 00:00:00+09:00,5330.0,5330.0,5010.0,5140.0,39722,0.0,0.0
2020-04-03 00:00:00+09:00,5280.0,5330.0,5140.0,5160.0,25860,0.0,0.0
2020-04-06 00:00:00+09:00,5110.0,5340.0,5090.0,5330.0,18875,0.0,0.0
2020-04-07 00:00:00+09:00,5400.0,5520.0,5360.0,5480.0,26950,0.0,0.0
2020-04-08 00:00:00+09:00,5500.0,5780.0,5410.0,5640.0,54836,0.0,0.0
2020-04-09 00:00:00+09:00,5860.0,5870.0,5650.0,5750.0,46652,0.0,0.0
2020-04-10 00:00:00+09:00,5840.0,5990.0,5690.0,5880.0,43709,0.0,0.0
2020-04-13 00:00:00+09:00,5900.0,5900.0,5600.0,5600.0,25279,0.0,0.0
2020-04-14 00:00:00+09:00,5600.0,5760.0,5590.0,5700.0,35072,0.0,0.0
2020-04-16 00:00:00+09:00,5780.0,5780.0,5510.0,5740.0,25679,0.0,0.0
2020-04-17 00:00:00+09:00,5770.0,6140.0,5770.0,6000.0,70223,0.0,0.0
2020-04-20 00:00:00+09:00,6090.0,6230.0,6020.0,6020.0,32613,0.0,0.0
2020-04-21 00:00:00+09:00,6020.0,6100.0,5460.0,5810.0,43368,0.0,0.0
2020-04-22 00:00:00+09:00,5820.0,5820.0,5610.0,5810.0,19995,0.0,0.0
2020-04-23 00:00:00+09:00,5750.0,6470.0,5750.0,6350.0,208201,0.0,0.0
2020-04-24 00:00:00+09:00,6350.0,6380.0,6100.0,6300.0,49336,0.0,0.0
2020-04-27 00:00:00+09:00,6300.0,6600.0,6210.0,6600.0,53193,0.0,0.0
2020-04-28 00:00:00+09:00,6680.0,6700.0,6450.0,6570.0,24574,0.0,0.0
2020-04-29 00:00:00+09:00,6850.0,6850.0,6470.0,6550.0,24388,0.0,0.0
2020-05-04 00:00:00+09:00,6600.0,6600.0,6260.0,6330.0,25390,0.0,0.0
2020-05-06 00:00:00+09:00,6350.0,6590.0,6340.0,6590.0,28176,0.0,0.0
2020-05-07 00:00:00+09:00,6580.0,6770.0,6430.0,6710.0,52727,0.0,0.0
2020-05-08 00:00:00+09:00,6720.0,6860.0,6720.0,6800.0,15178,0.0,0.0
2020-05-11 00:00:00+09:00,6820.0,6950.0,6700.0,6790.0,26723,0.0,0.0
2020-05-12 00:00:00+09:00,6730.0,6910.0,6450.0,6680.0,51920,0.0,0.0
2020-05-13 00:00:00+09:00,6600.0,6690.0,6400.0,6660.0,19632,0.0,0.0
2020-05-14 00:00:00+09:00,6650.0,6650.0,6430.0,6500.0,9346,0.0,0.0
2020-05-15 00:00:00+09:00,6450.0,6630.0,6410.0,6590.0,17538,0.0,0.0
2020-05-18 00:00:00+09:00,6590.0,7070.0,6440.0,7000.0,99722,0.0,0.0
2020-05-19 00:00:00+09:00,7100.0,7250.0,6940.0,7160.0,83797,0.0,0.0
2020-05-20 00:00:00+09:00,7180.0,7200.0,7060.0,7150.0,24654,0.0,0.0
2020-05-21 00:00:00+09:00,7180.0,7500.0,7150.0,7290.0,121171,0.0,0.0
2020-05-22 00:00:00+09:00,7340.0,7400.0,6900.0,7180.0,47050,0.0,0.0
2020-05-25 00:00:00+09:00,7180.0,7190.0,6870.0,7140.0,48729,0.0,0.0
2020-05-26 00:00:00+09:00,7150.0,7280.0,7080.0,7230.0,24992,0.0,0.0
2020-05-27 00:00:00+09:00,7160.0,7260.0,6970.0,6980.0,35798,0.0,0.0
2020-05-28 00:00:00+09:00,6950.0,7040.0,6730.0,6800.0,35344,0.0,0.0
2020-05-29 00:00:00+09:00,6800.0,6970.0,6680.0,6780.0,13098,0.0,0.0
2020-06-01 00:00:00+09:00,6800.0,7110.0,6800.0,7080.0,33481,0.0,0.0
2020-06-02 00:00:00+09:00,7120.0,7350.0,7010.0,7260.0,47056,0.0,0.0
2020-06-03 00:00:00+09:00,7280.0,7440.0,7160.0,7160.0,59427,0.0,0.0
2020-06-04 00:00:00+09:00,7170.0,7440.0,7090.0,7300.0,48816,0.0,0.0
2020-06-05 00:00:00+09:00,7260.0,7370.0,7250.0,7290.0,26778,0.0,0.0
2020-06-08 00:00:00+09:00,7320.0,7500.0,7230.0,7500.0,70903,0.0,0.0
2020-06-09 00:00:00+09:00,7790.0,9750.0,7600.0,9750.0,1605191,0.0,0.0
2020-06-10 00:00:00+09:00,10700.0,12050.0,9990.0,10200.0,4835613,0.0,0.0
2020-06-11 00:00:00+09:00,10150.0,10200.0,9690.0,9900.0,979142,0.0,0.0
2020-06-12 00:00:00+09:00,9530.0,9570.0,9260.0,9470.0,578565,0.0,0.0
2020-06-15 00:00:00+09:00,9370.0,9370.0,8280.0,8280.0,569167,0.0,0.0
2020-06-16 00:00:00+09:00,8450.0,8750.0,8390.0,8670.0,258596,0.0,0.0
2020-06-17 00:00:00+09:00,8520.0,8540.0,8130.0,8490.0,219684,0.0,0.0
2020-06-18 00:00:00+09:00,8490.0,8580.0,8370.0,8580.0,116653,0.0,0.0
2020-06-19 00:00:00+09:00,8630.0,9260.0,8510.0,9050.0,617365,0.0,0.0
2020-06-22 00:00:00+09:00,9070.0,9600.0,9060.0,9360.0,751233,0.0,0.0
2020-06-23 00:00:00+09:00,9280.0,9400.0,9050.0,9170.0,208214,0.0,0.0
2020-06-24 00:00:00+09:00,9250.0,9300.0,8900.0,9000.0,165902,0.0,0.0
2020-06-25 00:00:00+09:00,8730.0,8930.0,8620.0,8700.0,144736,0.0,0.0
2020-06-26 00:00:00+09:00,8790.0,8940.0,8660.0,8790.0,116126,0.0,0.0
2020-06-29 00:00:00+09:00,8650.0,8890.0,8400.0,8430.0,108312,0.0,0.0
2020-06-30 00:00:00+09:00,8450.0,8620.0,8440.0,8590.0,67815,0.0,0.0
2020-07-01 00:00:00+09:00,8600.0,8750.0,8330.0,8390.0,73594,0.0,0.0
2020-07-02 00:00:00+09:00,8480.0,8600.0,8220.0,8600.0,49366,0.0,0.0
2020-07-03 00:00:00+09:00,8560.0,8900.0,8470.0,8900.0,65480,0.0,0.0
2020-07-06 00:00:00+09:00,8980.0,9430.0,8920.0,9420.0,298695,0.0,0.0
2020-07-07 00:00:00+09:00,9490.0,10750.0,9380.0,10400.0,2107646,0.0,0.0
2020-07-08 00:00:00+09:00,10250.0,11050.0,10000.0,10950.0,767275,0.0,0.0
2020-07-09 00:00:00+09:00,10850.0,10850.0,10050.0,10200.0,328048,0.0,0.0
2020-07-10 00:00:00+09:00,10150.0,10150.0,9370.0,9630.0,359361,0.0,0.0
2020-07-13 00:00:00+09:00,9700.0,9710.0,9470.0,9630.0,150813,0.0,0.0
2020-07-14 00:00:00+09:00,9660.0,10350.0,9660.0,9990.0,552374,0.0,0.0
2020-07-15 00:00:00+09:00,10200.0,10450.0,9990.0,10000.0,234222,0.0,0.0
2020-07-16 00:00:00+09:00,9990.0,10150.0,9800.0,9940.0,107567,0.0,0.0
2020-07-17 00:00:00+09:00,9840.0,9970.0,9660.0,9710.0,80109,0.0,0.0
2020-07-20 00:00:00+09:00,9680.0,9790.0,9590.0,9780.0,51360,0.0,0.0
2020-07-21 00:00:00+09:00,9770.0,9830.0,9650.0,9700.0,82163,0.0,0.0
2020-07-22 00:00:00+09:00,9750.0,9750.0,9510.0,9530.0,106014,0.0,0.0
2020-07-23 00:00:00+09:00,9600.0,9610.0,9140.0,9150.0,130323,0.0,0.0
2020-07-24 00:00:00+09:00,9060.0,9410.0,9060.0,9150.0,64588,0.0,0.0
2020-07-27 00:00:00+09:00,9150.0,9550.0,9130.0,9460.0,60796,0.0,0.0
2020-07-28 00:00:00+09:00,10000.0,11900.0,9400.0,9400.0,6122784,0.0,0.0
2020-07-29 00:00:00+09:00,9330.0,9810.0,9150.0,9800.0,314834,0.0,0.0
2020-07-30 00:00:00+09:00,9850.0,10100.0,9600.0,9650.0,255379,0.0,0.0
2020-07-31 00:00:00+09:00,9600.0,10500.0,9600.0,10300.0,481896,0.0,0.0
2020-08-03 00:00:00+09:00,10250.0,10500.0,9550.0,10200.0,257399,0.0,0.0
2020-08-04 00:00:00+09:00,10150.0,10250.0,9840.0,9910.0,146306,0.0,0.0
2020-08-05 00:00:00+09:00,9910.0,10000.0,9700.0,9720.0,123827,0.0,0.0
2020-08-06 00:00:00+09:00,9750.0,9900.0,9670.0,9800.0,101368,0.0,0.0
2020-08-07 00:00:00+09:00,9860.0,9860.0,9600.0,9620.0,100583,0.0,0.0
2020-08-10 00:00:00+09:00,9610.0,10100.0,9550.0,10050.0,149785,0.0,0.0
2020-08-11 00:00:00+09:00,10200.0,10250.0,9900.0,10150.0,223917,0.0,0.0
2020-08-12 00:00:00+09:00,10250.0,10250.0,9820.0,9900.0,151151,0.0,0.0
2020-08-13 00:00:00+09:00,10150.0,10400.0,9980.0,10300.0,275296,0.0,0.0
2020-08-14 00:00:00+09:00,10450.0,10600.0,9900.0,10050.0,266389,0.0,0.0
2020-08-18 00:00:00+09:00,10000.0,10100.0,9220.0,9500.0,149022,0.0,0.0
2020-08-19 00:00:00+09:00,9410.0,9790.0,9410.0,9650.0,98998,0.0,0.0
2020-08-20 00:00:00+09:00,9570.0,9740.0,8810.0,8830.0,160613,0.0,0.0
2020-08-21 00:00:00+09:00,8970.0,9090.0,8350.0,8910.0,85945,0.0,0.0
2020-08-24 00:00:00+09:00,8890.0,8990.0,8510.0,8960.0,53852,0.0,0.0
2020-08-25 00:00:00+09:00,9000.0,9430.0,9000.0,9350.0,71582,0.0,0.0
2020-08-26 00:00:00+09:00,9400.0,9420.0,9120.0,9180.0,53014,0.0,0.0
2020-08-27 00:00:00+09:00,9270.0,9280.0,8980.0,8980.0,53815,0.0,0.0
2020-08-28 00:00:00+09:00,8980.0,9140.0,8750.0,8960.0,42803,0.0,0.0
2020-08-31 00:00:00+09:00,9000.0,9390.0,9000.0,9330.0,62016,0.0,0.0
2020-09-01 00:00:00+09:00,9350.0,9450.0,9230.0,9390.0,44898,0.0,0.0
2020-09-02 00:00:00+09:00,9470.0,9470.0,9280.0,9310.0,33925,0.0,0.0
2020-09-03 00:00:00+09:00,9310.0,9400.0,9100.0,9280.0,42350,0.0,0.0
2020-09-04 00:00:00+09:00,9120.0,9290.0,9000.0,9140.0,74229,0.0,0.0
2020-09-07 00:00:00+09:00,9080.0,9290.0,9000.0,9230.0,51321,0.0,0.0
2020-09-08 00:00:00+09:00,9230.0,9330.0,9000.0,9170.0,56585,0.0,0.0
2020-09-09 00:00:00+09:00,9100.0,9170.0,8990.0,9100.0,36146,0.0,0.0
2020-09-10 00:00:00+09:00,9100.0,9450.0,9100.0,9400.0,80880,0.0,0.0
2020-09-11 00:00:00+09:00,9400.0,9490.0,9160.0,9340.0,35105,0.0,0.0
2020-09-14 00:00:00+09:00,9520.0,9730.0,9320.0,9730.0,116537,0.0,0.0
2020-09-15 00:00:00+09:00,9920.0,10200.0,9800.0,9820.0,303716,0.0,0.0
2020-09-16 00:00:00+09:00,9820.0,10200.0,9620.0,9700.0,160068,0.0,0.0
2020-09-17 00:00:00+09:00,9790.0,9850.0,9340.0,9400.0,80400,0.0,0.0
2020-09-18 00:00:00+09:00,9550.0,9550.0,9260.0,9400.0,45618,0.0,0.0
2020-09-21 00:00:00+09:00,9180.0,9400.0,9120.0,9200.0,56667,0.0,0.0
2020-09-22 00:00:00+09:00,9200.0,9380.0,8650.0,8890.0,63283,0.0,0.0
2020-09-23 00:00:00+09:00,9450.0,10250.0,9050.0,9690.0,1100507,0.0,0.0
2020-09-24 00:00:00+09:00,9510.0,9640.0,9050.0,9060.0,213589,0.0,0.0
2020-09-25 00:00:00+09:00,9160.0,9430.0,8900.0,8900.0,93225,0.0,0.0
2020-09-28 00:00:00+09:00,8910.0,9180.0,8910.0,9180.0,45537,0.0,0.0
2020-09-29 00:00:00+09:00,9290.0,10150.0,9240.0,9950.0,657241,0.0,0.0
2020-10-05 00:00:00+09:00,9850.0,10150.0,9660.0,10150.0,187046,0.0,0.0
2020-10-06 00:00:00+09:00,10150.0,10150.0,9710.0,9800.0,186628,0.0,0.0
2020-10-07 00:00:00+09:00,9670.0,9960.0,9670.0,9850.0,94372,0.0,0.0
2020-10-08 00:00:00+09:00,9920.0,10700.0,9780.0,10400.0,626604,0.0,0.0
2020-10-12 00:00:00+09:00,10500.0,11000.0,10450.0,10550.0,538193,0.0,0.0
2020-10-13 00:00:00+09:00,10700.0,11100.0,10500.0,10800.0,370002,0.0,0.0
2020-10-14 00:00:00+09:00,10850.0,10850.0,10400.0,10400.0,224204,0.0,0.0
2020-10-15 00:00:00+09:00,10250.0,10400.0,9920.0,10150.0,189670,0.0,0.0
2020-10-16 00:00:00+09:00,10100.0,10150.0,9760.0,9880.0,118946,0.0,0.0
2020-10-19 00:00:00+09:00,9880.0,10100.0,9810.0,9810.0,88717,0.0,0.0
2020-10-20 00:00:00+09:00,9800.0,10000.0,9420.0,9730.0,108636,0.0,0.0
2020-10-21 00:00:00+09:00,10000.0,10000.0,9760.0,9930.0,53947,0.0,0.0
2020-10-22 00:00:00+09:00,9930.0,9960.0,9720.0,9730.0,38204,0.0,0.0
2020-10-23 00:00:00+09:00,9720.0,9830.0,9590.0,9650.0,47794,0.0,0.0
2020-10-26 00:00:00+09:00,9590.0,9730.0,9150.0,9150.0,80514,0.0,0.0
2020-10-27 00:00:00+09:00,9160.0,9420.0,9040.0,9240.0,43778,0.0,0.0
2020-10-28 00:00:00+09:00,9080.0,9470.0,9080.0,9470.0,31822,0.0,0.0
2020-10-29 00:00:00+09:00,9240.0,9400.0,9180.0,9400.0,44245,0.0,0.0
2020-10-30 00:00:00+09:00,9450.0,9490.0,9320.0,9320.0,41034,0.0,0.0
2020-11-02 00:00:00+09:00,9230.0,9470.0,9210.0,9350.0,20648,0.0,0.0
2020-11-03 00:00:00+09:00,9350.0,9600.0,9350.0,9490.0,27630,0.0,0.0
2020-11-04 00:00:00+09:00,9590.0,9590.0,9110.0,9430.0,44785,0.0,0.0
2020-11-05 00:00:00+09:00,9440.0,9740.0,9410.0,9730.0,47480,0.0,0.0
2020-11-06 00:00:00+09:00,9770.0,9770.0,9620.0,9680.0,29547,0.0,0.0
2020-11-09 00:00:00+09:00,9680.0,9970.0,9580.0,9960.0,73822,0.0,0.0
2020-11-10 00:00:00+09:00,9960.0,10100.0,9830.0,9960.0,71072,0.0,0.0
2020-11-11 00:00:00+09:00,10050.0,10150.0,9670.0,9800.0,127473,0.0,0.0
2020-11-12 00:00:00+09:00,9900.0,9900.0,9750.0,9810.0,37571,0.0,0.0
2020-11-13 00:00:00+09:00,9830.0,10100.0,9690.0,9940.0,106983,0.0,0.0
2020-11-16 00:00:00+09:00,10000.0,10200.0,9940.0,10150.0,110677,0.0,0.0
2020-11-17 00:00:00+09:00,10350.0,10350.0,10000.0,10050.0,80692,0.0,0.0
2020-11-18 00:00:00+09:00,10100.0,10200.0,10000.0,10100.0,51031,0.0,0.0
2020-11-19 00:00:00+09:00,10100.0,10650.0,9990.0,10300.0,160924,0.0,0.0
2020-11-20 00:00:00+09:00,10300.0,10350.0,10000.0,10100.0,62118,0.0,0.0
2020-11-23 00:00:00+09:00,10200.0,10350.0,10100.0,10200.0,75728,0.0,0.0
2020-11-24 00:00:00+09:00,10250.0,10450.0,10100.0,10300.0,89417,0.0,0.0
2020-11-25 00:00:00+09:00,10500.0,10500.0,9910.0,10100.0,102194,0.0,0.0
2020-11-26 00:00:00+09:00,10200.0,10400.0,10000.0,10300.0,76699,0.0,0.0
2020-11-27 00:00:00+09:00,10250.0,10500.0,10200.0,10350.0,89420,0.0,0.0
2020-11-30 00:00:00+09:00,10350.0,10600.0,10350.0,10500.0,119921,0.0,0.0
2020-12-01 00:00:00+09:00,10500.0,10550.0,10300.0,10400.0,47024,0.0,0.0
2020-12-02 00:00:00+09:00,10400.0,10450.0,10150.0,10300.0,77987,0.0,0.0
2020-12-03 00:00:00+09:00,10300.0,12250.0,10200.0,11250.0,1142097,0.0,0.0
2020-12-04 00:00:00+09:00,11300.0,13200.0,11000.0,12550.0,1536905,0.0,0.0
2020-12-07 00:00:00+09:00,12350.0,12400.0,11650.0,11750.0,459659,0.0,0.0
2020-12-08 00:00:00+09:00,11750.0,13100.0,11450.0,12600.0,753454,0.0,0.0
2020-12-09 00:00:00+09:00,13000.0,14500.0,12800.0,13300.0,1391944,0.0,0.0
2020-12-10 00:00:00+09:00,13100.0,13400.0,12900.0,13300.0,200763,0.0,0.0
2020-12-11 00:00:00+09:00,13250.0,14000.0,13050.0,13500.0,429434,0.0,0.0
2020-12-14 00:00:00+09:00,13500.0,13550.0,11550.0,11800.0,1077700,0.0,0.0
2020-12-15 00:00:00+09:00,11800.0,11800.0,11200.0,11500.0,422186,0.0,0.0
2020-12-16 00:00:00+09:00,11650.0,11650.0,11250.0,11500.0,254363,0.0,0.0
2020-12-17 00:00:00+09:00,11450.0,11750.0,11250.0,11300.0,237123,0.0,0.0
2020-12-18 00:00:00+09:00,11250.0,12200.0,11150.0,11600.0,617131,0.0,0.0
2020-12-21 00:00:00+09:00,11900.0,11900.0,11550.0,11650.0,206441,0.0,0.0
2020-12-22 00:00:00+09:00,11600.0,11750.0,11200.0,11400.0,228512,0.0,0.0
2020-12-23 00:00:00+09:00,11500.0,14350.0,11450.0,12650.0,5089459,0.0,0.0
2020-12-24 00:00:00+09:00,12550.0,12550.0,11500.0,11700.0,595760,0.0,0.0
2020-12-28 00:00:00+09:00,11700.0,12300.0,11450.0,11800.0,334818,0.0,0.0
2020-12-29 00:00:00+09:00,11700.0,12200.0,11700.0,12200.0,199521,0.0,0.0
2020-12-30 00:00:00+09:00,12100.0,12450.0,12000.0,12300.0,247709,0.0,0.0
2021-01-04 00:00:00+09:00,12350.0,13200.0,12050.0,13050.0,563811,0.0,0.0
2021-01-05 00:00:00+09:00,12800.0,13500.0,12600.0,13250.0,429915,0.0,0.0
2021-01-06 00:00:00+09:00,13400.0,13550.0,12800.0,12950.0,285199,0.0,0.0
2021-01-07 00:00:00+09:00,13350.0,13950.0,12900.0,13100.0,527229,0.0,0.0
2021-01-08 00:00:00+09:00,13450.0,17000.0,13400.0,15750.0,7234355,0.0,0.0
2021-01-11 00:00:00+09:00,17150.0,18850.0,15600.0,16500.0,3781283,0.0,0.0
2021-01-12 00:00:00+09:00,16000.0,16400.0,15500.0,16050.0,926076,0.0,0.0
2021-01-13 00:00:00+09:00,16900.0,18150.0,16150.0,16200.0,2106626,0.0,0.0
2021-01-14 00:00:00+09:00,16250.0,19450.0,16000.0,19350.0,2860268,0.0,0.0
2021-01-15 00:00:00+09:00,19050.0,20000.0,18200.0,19300.0,1565383,0.0,0.0
2021-01-18 00:00:00+09:00,19300.0,20150.0,18450.0,20000.0,1078016,0.0,0.0
2021-01-19 00:00:00+09:00,19850.0,21200.0,19300.0,19350.0,1116375,0.0,0.0
2021-01-20 00:00:00+09:00,20750.0,20800.0,18850.0,19200.0,776192,0.0,0.0
2021-01-21 00:00:00+09:00,19000.0,19400.0,18250.0,19350.0,448692,0.0,0.0
2021-01-22 00:00:00+09:00,19000.0,19350.0,18800.0,19200.0,270773,0.0,0.0
2021-01-25 00:00:00+09:00,19350.0,20700.0,19100.0,20450.0,835191,0.0,0.0
2021-01-26 00:00:00+09:00,20500.0,20800.0,19700.0,20600.0,442858,0.0,0.0
2021-01-27 00:00:00+09:00,21500.0,22550.0,19650.0,19800.0,1458992,0.0,0.0
2021-01-28 00:00:00+09:00,18700.0,19900.0,18650.0,18850.0,406060,0.0,0.0
2021-01-29 00:00:00+09:00,19300.0,19350.0,17100.0,17300.0,455682,0.0,0.0
2021-02-01 00:00:00+09:00,17050.0,18750.0,16500.0,18100.0,423489,0.0,0.0
2021-02-02 00:00:00+09:00,18100.0,18700.0,17900.0,18200.0,225324,0.0,0.0
2021-02-03 00:00:00+09:00,18650.0,18950.0,18200.0,18500.0,283998,0.0,0.0
2021-02-04 00:00:00+09:00,18550.0,19450.0,18300.0,19150.0,343365,0.0,0.0
2021-02-05 00:00:00+09:00,19600.0,19600.0,18650.0,19000.0,248077,0.0,0.0
2021-02-08 00:00:00+09:00,18150.0,18150.0,17500.0,17550.0,315672,0.0,0.0
2021-02-09 00:00:00+09:00,17500.0,18450.0,17450.0,17450.0,177970,0.0,0.0
2021-02-10 00:00:00+09:00,17250.0,18000.0,17150.0,18000.0,108844,0.0,0.0
2021-02-15 00:00:00+09:00,18000.0,18350.0,17500.0,18300.0,133025,0.0,0.0
2021-02-16 00:00:00+09:00,18500.0,19600.0,17750.0,19100.0,558906,0.0,0.0
2021-02-17 00:00:00+09:00,18900.0,18900.0,18550.0,18650.0,132906,0.0,0.0
2021-02-18 00:00:00+09:00,18750.0,18750.0,17700.0,17750.0,178650,0.0,0.0
2021-02-19 00:00:00+09:00,17600.0,17750.0,16550.0,17450.0,158486,0.0,0.0
2021-02-22 00:00:00+09:00,17400.0,17500.0,16700.0,16750.0,110478,0.0,0.0
2021-02-23 00:00:00+09:00,16650.0,17200.0,16250.0,17050.0,97779,0.0,0.0
2021-02-24 00:00:00+09:00,17100.0,17300.0,15600.0,15750.0,166925,0.0,0.0
2021-02-25 00:00:00+09:00,16100.0,17000.0,16100.0,16950.0,97192,0.0,0.0
2021-02-26 00:00:00+09:00,16100.0,17650.0,16000.0,16600.0,422962,0.0,0.0
2021-03-02 00:00:00+09:00,17000.0,17050.0,16450.0,16700.0,91830,0.0,0.0
2021-03-03 00:00:00+09:00,16600.0,16900.0,16450.0,16600.0,75374,0.0,0.0
2021-03-04 00:00:00+09:00,16500.0,16500.0,16050.0,16200.0,74797,0.0,0.0
2021-03-05 00:00:00+09:00,15950.0,16550.0,15500.0,16250.0,88650,0.0,0.0
2021-03-08 00:00:00+09:00,16250.0,16650.0,15800.0,16100.0,130323,0.0,0.0
2021-03-09 00:00:00+09:00,16100.0,16200.0,14750.0,15600.0,142493,0.0,0.0
2021-03-10 00:00:00+09:00,15950.0,16050.0,15200.0,15250.0,88898,0.0,0.0
2021-03-11 00:00:00+09:00,15250.0,16150.0,15250.0,15850.0,81766,0.0,0.0
2021-03-12 00:00:00+09:00,15950.0,16600.0,15850.0,16500.0,78718,0.0,0.0
2021-03-15 00:00:00+09:00,16700.0,16700.0,16000.0,16250.0,48241,0.0,0.0
2021-03-16 00:00:00+09:00,16300.0,16500.0,16100.0,16400.0,74761,0.0,0.0
2021-03-17 00:00:00+09:00,16450.0,16450.0,15600.0,16250.0,78738,0.0,0.0
2021-03-18 00:00:00+09:00,16300.0,16450.0,16100.0,16300.0,68977,0.0,0.0
2021-03-19 00:00:00+09:00,15950.0,17900.0,15750.0,17900.0,505699,0.0,0.0
2021-03-22 00:00:00+09:00,17900.0,18200.0,17500.0,17800.0,202996,0.0,0.0
2021-03-23 00:00:00+09:00,17700.0,17800.0,16750.0,16900.0,141903,0.0,0.0
2021-03-24 00:00:00+09:00,16900.0,17300.0,16500.0,16950.0,96242,0.0,0.0
2021-03-25 00:00:00+09:00,16900.0,17250.0,16550.0,16700.0,81637,0.0,0.0
2021-03-26 00:00:00+09:00,16850.0,16900.0,16100.0,16300.0,93711,0.0,0.0
2021-03-29 00:00:00+09:00,16150.0,16150.0,15550.0,15750.0,107890,0.0,0.0
2021-03-30 00:00:00+09:00,15750.0,16150.0,15650.0,16050.0,74643,0.0,0.0
2021-03-31 00:00:00+09:00,16000.0,16100.0,15700.0,15900.0,63312,0.0,0.0
2021-04-01 00:00:00+09:00,15900.0,16400.0,15750.0,16350.0,77125,0.0,0.0
2021-04-02 00:00:00+09:00,16350.0,17050.0,16200.0,16600.0,165572,0.0,0.0
2021-04-05 00:00:00+09:00,16600.0,16800.0,16250.0,16350.0,57903,0.0,0.0
2021-04-06 00:00:00+09:00,16500.0,16800.0,16350.0,16700.0,79380,0.0,0.0
2021-04-07 00:00:00+09:00,16700.0,17000.0,16700.0,16950.0,82208,0.0,0.0
2021-04-08 00:00:00+09:00,17400.0,17400.0,16950.0,17050.0,94890,0.0,0.0
2021-04-09 00:00:00+09:00,17100.0,17150.0,16400.0,16500.0,93745,0.0,0.0
2021-04-12 00:00:00+09:00,16500.0,16600.0,16050.0,16250.0,65488,0.0,0.0
2021-04-13 00:00:00+09:00,16400.0,16550.0,16200.0,16450.0,64433,0.0,0.0
2021-04-14 00:00:00+09:00,16550.0,16800.0,16250.0,16800.0,73074,0.0,0.0
2021-04-15 00:00:00+09:00,16800.0,17650.0,16400.0,17500.0,397526,0.0,0.0
2021-04-16 00:00:00+09:00,17600.0,17650.0,17050.0,17150.0,141498,0.0,0.0
2021-04-19 00:00:00+09:00,17200.0,17450.0,17200.0,17350.0,92306,0.0,0.0
2021-04-20 00:00:00+09:00,17450.0,17500.0,17100.0,17200.0,88569,0.0,0.0
2021-04-21 00:00:00+09:00,17200.0,17350.0,16600.0,16700.0,101606,0.0,0.0
2021-04-22 00:00:00+09:00,16750.0,16900.0,16500.0,16650.0,72074,0.0,0.0
2021-04-23 00:00:00+09:00,17900.0,18350.0,16700.0,16700.0,440708,0.0,0.0
2021-04-26 00:00:00+09:00,16800.0,16800.0,16150.0,16550.0,76671,0.0,0.0
2021-04-27 00:00:00+09:00,16700.0,16700.0,16250.0,16250.0,66715,0.0,0.0
2021-04-28 00:00:00+09:00,16150.0,16400.0,15750.0,15800.0,76763,0.0,0.0
2021-04-29 00:00:00+09:00,15900.0,16100.0,15600.0,15950.0,47775,0.0,0.0
2021-04-30 00:00:00+09:00,15850.0,16050.0,15300.0,15500.0,88476,0.0,0.0
2021-05-03 00:00:00+09:00,15350.0,15750.0,14800.0,15500.0,38634,0.0,0.0
2021-05-04 00:00:00+09:00,15350.0,15650.0,14800.0,15300.0,57599,0.0,0.0
2021-05-06 00:00:00+09:00,15700.0,18400.0,15350.0,16150.0,2027555,0.0,0.0
2021-05-07 00:00:00+09:00,16150.0,16300.0,15750.0,16150.0,197949,0.0,0.0
2021-05-10 00:00:00+09:00,16200.0,16500.0,15950.0,16350.0,170934,0.0,0.0
2021-05-11 00:00:00+09:00,16000.0,16250.0,15900.0,15950.0,86229,0.0,0.0
2021-05-12 00:00:00+09:00,15950.0,16200.0,15600.0,15700.0,95228,0.0,0.0
2021-05-13 00:00:00+09:00,15500.0,15800.0,14800.0,15150.0,112130,0.0,0.0
2021-05-14 00:00:00+09:00,15250.0,16000.0,15200.0,15550.0,73311,0.0,0.0
2021-05-17 00:00:00+09:00,15600.0,15650.0,15000.0,15100.0,47830,0.0,0.0
2021-05-18 00:00:00+09:00,15100.0,15400.0,15050.0,15200.0,24536,0.0,0.0
2021-05-20 00:00:00+09:00,15100.0,15650.0,14900.0,15300.0,34443,0.0,0.0
2021-05-21 00:00:00+09:00,15300.0,15600.0,15150.0,15200.0,42751,0.0,0.0
2021-05-24 00:00:00+09:00,15100.0,15200.0,14850.0,14850.0,42151,0.0,0.0
2021-05-25 00:00:00+09:00,14700.0,15050.0,14650.0,14950.0,46777,0.0,0.0
2021-05-26 00:00:00+09:00,14950.0,15050.0,14650.0,14850.0,40099,0.0,0.0
2021-05-27 00:00:00+09:00,14750.0,14850.0,14100.0,14500.0,108803,0.0,0.0
2021-05-28 00:00:00+09:00,14550.0,14700.0,14450.0,14500.0,41523,0.0,0.0
2021-05-31 00:00:00+09:00,14400.0,14500.0,14150.0,14400.0,53341,0.0,0.0
2021-06-01 00:00:00+09:00,14550.0,14700.0,14450.0,14550.0,50523,0.0,0.0
2021-06-02 00:00:00+09:00,15150.0,15300.0,14800.0,15300.0,168115,0.0,0.0
2021-06-03 00:00:00+09:00,15300.0,15700.0,15300.0,15700.0,118288,0.0,0.0
2021-06-04 00:00:00+09:00,15700.0,16450.0,15550.0,16350.0,254988,0.0,0.0
2021-06-07 00:00:00+09:00,16400.0,16450.0,15800.0,16200.0,121997,0.0,0.0
2021-06-08 00:00:00+09:00,16000.0,16100.0,15700.0,15750.0,74744,0.0,0.0
2021-06-09 00:00:00+09:00,15600.0,15900.0,15600.0,15750.0,35991,0.0,0.0
2021-06-10 00:00:00+09:00,15750.0,15800.0,15500.0,15600.0,39269,0.0,0.0
2021-06-11 00:00:00+09:00,15650.0,15900.0,15550.0,15700.0,30357,0.0,0.0
2021-06-14 00:00:00+09:00,15750.0,15850.0,15600.0,15650.0,30385,0.0,0.0
2021-06-15 00:00:00+09:00,15650.0,15800.0,15500.0,15600.0,31152,0.0,0.0
2021-06-16 00:00:00+09:00,15500.0,15650.0,15400.0,15500.0,28939,0.0,0.0
2021-06-17 00:00:00+09:00,15500.0,15750.0,15350.0,15700.0,38338,0.0,0.0
2021-06-18 00:00:00+09:00,15550.0,15850.0,15550.0,15750.0,45893,0.0,0.0
2021-06-21 00:00:00+09:00,15750.0,15750.0,15450.0,15500.0,27795,0.0,0.0
2021-06-22 00:00:00+09:00,15500.0,15750.0,15450.0,15450.0,30493,0.0,0.0
2021-06-23 00:00:00+09:00,15400.0,15700.0,15400.0,15550.0,38118,0.0,0.0
2021-06-24 00:00:00+09:00,15750.0,16450.0,15650.0,16400.0,188147,0.0,0.0
2021-06-25 00:00:00+09:00,16400.0,16400.0,16100.0,16300.0,117098,0.0,0.0
2021-06-28 00:00:00+09:00,16550.0,16550.0,16150.0,16250.0,64914,0.0,0.0
2021-06-29 00:00:00+09:00,16250.0,16400.0,16000.0,16100.0,50219,0.0,0.0
2021-06-30 00:00:00+09:00,16100.0,16600.0,16000.0,16600.0,144509,0.0,0.0
2021-07-01 00:00:00+09:00,16700.0,16700.0,16250.0,16350.0,53632,0.0,0.0
2021-07-02 00:00:00+09:00,16500.0,16500.0,16000.0,16050.0,53036,0.0,0.0
2021-07-05 00:00:00+09:00,16050.0,16300.0,15950.0,16100.0,42537,0.0,0.0
2021-07-06 00:00:00+09:00,16000.0,16250.0,16000.0,16150.0,35078,0.0,0.0
2021-07-07 00:00:00+09:00,16000.0,16400.0,16000.0,16200.0,76847,0.0,0.0
2021-07-08 00:00:00+09:00,16200.0,16250.0,15650.0,16050.0,68288,0.0,0.0
2021-07-09 00:00:00+09:00,15950.0,15950.0,15100.0,15600.0,96277,0.0,0.0
2021-07-12 00:00:00+09:00,15550.0,16000.0,15450.0,15950.0,52756,0.0,0.0
2021-07-13 00:00:00+09:00,15950.0,16400.0,15950.0,16100.0,73916,0.0,0.0
2021-07-14 00:00:00+09:00,16100.0,16150.0,15900.0,16050.0,38707,0.0,0.0
2021-07-15 00:00:00+09:00,16000.0,16300.0,16000.0,16150.0,45558,0.0,0.0
2021-07-16 00:00:00+09:00,16150.0,16500.0,16100.0,16450.0,92702,0.0,0.0
2021-07-19 00:00:00+09:00,16450.0,16450.0,16150.0,16300.0,41816,0.0,0.0
2021-07-20 00:00:00+09:00,15950.0,16250.0,15950.0,16050.0,41639,0.0,0.0
2021-07-21 00:00:00+09:00,16100.0,16250.0,15800.0,15800.0,30867,0.0,0.0
2021-07-22 00:00:00+09:00,15800.0,16050.0,15650.0,15650.0,39632,0.0,0.0
2021-07-23 00:00:00+09:00,15650.0,16050.0,15650.0,15800.0,40909,0.0,0.0
2021-07-26 00:00:00+09:00,15950.0,16100.0,15850.0,15950.0,34655,0.0,0.0
2021-07-27 00:00:00+09:00,15950.0,16100.0,15850.0,15950.0,37771,0.0,0.0
2021-07-28 00:00:00+09:00,15950.0,16100.0,15500.0,15700.0,37475,0.0,0.0
2021-07-29 00:00:00+09:00,15600.0,16150.0,15600.0,16000.0,28234,0.0,0.0
2021-07-30 00:00:00+09:00,16000.0,16200.0,15700.0,15850.0,22663,0.0,0.0
2021-08-02 00:00:00+09:00,15700.0,16000.0,15550.0,15800.0,25665,0.0,0.0
2021-08-03 00:00:00+09:00,15700.0,16000.0,15600.0,15850.0,28946,0.0,0.0
2021-08-04 00:00:00+09:00,15900.0,16000.0,15700.0,16000.0,29500,0.0,0.0
2021-08-05 00:00:00+09:00,16200.0,16200.0,15850.0,15950.0,24819,0.0,0.0
2021-08-06 00:00:00+09:00,16200.0,16200.0,15950.0,16150.0,35267,0.0,0.0
2021-08-09 00:00:00+09:00,16300.0,17000.0,16050.0,16950.0,283580,0.0,0.0
2021-08-10 00:00:00+09:00,17050.0,17400.0,16550.0,17100.0,187174,0.0,0.0
2021-08-11 00:00:00+09:00,17100.0,17250.0,16050.0,16200.0,159102,0.0,0.0
2021-08-12 00:00:00+09:00,16100.0,16750.0,16100.0,16750.0,120028,0.0,0.0
2021-08-13 00:00:00+09:00,16950.0,16950.0,16050.0,16350.0,113658,0.0,0.0
2021-08-17 00:00:00+09:00,16250.0,16350.0,15600.0,15650.0,100560,0.0,0.0
2021-08-18 00:00:00+09:00,15450.0,15900.0,15300.0,15850.0,49378,0.0,0.0
2021-08-19 00:00:00+09:00,15800.0,15850.0,14800.0,14950.0,82010,0.0,0.0
2021-08-20 00:00:00+09:00,15100.0,15400.0,14100.0,14150.0,84294,0.0,0.0
2021-08-23 00:00:00+09:00,14150.0,14950.0,14150.0,14750.0,49067,0.0,0.0
2021-08-24 00:00:00+09:00,14850.0,15350.0,14750.0,15050.0,44243,0.0,0.0
2021-08-25 00:00:00+09:00,15050.0,15300.0,14900.0,15000.0,21769,0.0,0.0
2021-08-26 00:00:00+09:00,15000.0,15150.0,14700.0,14750.0,47227,0.0,0.0
2021-08-27 00:00:00+09:00,14700.0,14900.0,14400.0,14800.0,31613,0.0,0.0
2021-08-30 00:00:00+09:00,15100.0,15100.0,14750.0,14750.0,34151,0.0,0.0
2021-08-31 00:00:00+09:00,14750.0,15000.0,14700.0,14950.0,22453,0.0,0.0
2021-09-01 00:00:00+09:00,15100.0,15300.0,15050.0,15250.0,27427,0.0,0.0
2021-09-02 00:00:00+09:00,15400.0,15400.0,15100.0,15350.0,22873,0.0,0.0
2021-09-03 00:00:00+09:00,15350.0,15850.0,15250.0,15850.0,55522,0.0,0.0
2021-09-06 00:00:00+09:00,16000.0,16050.0,15650.0,15900.0,71865,0.0,0.0
2021-09-07 00:00:00+09:00,15900.0,16050.0,15700.0,15750.0,47967,0.0,0.0
2021-09-08 00:00:00+09:00,15950.0,15950.0,15400.0,15600.0,33344,0.0,0.0
2021-09-09 00:00:00+09:00,15600.0,15750.0,15300.0,15650.0,36060,0.0,0.0
2021-09-10 00:00:00+09:00,16100.0,16550.0,15400.0,16350.0,272864,0.0,0.0
2021-09-13 00:00:00+09:00,16250.0,16600.0,15850.0,16150.0,108758,0.0,0.0
2021-09-14 00:00:00+09:00,16150.0,16200.0,15500.0,15900.0,54343,0.0,0.0
2021-09-15 00:00:00+09:00,15900.0,16200.0,15600.0,16000.0,43504,0.0,0.0
2021-09-16 00:00:00+09:00,16150.0,16150.0,15650.0,15900.0,26271,0.0,0.0
2021-09-17 00:00:00+09:00,15750.0,16000.0,15600.0,15950.0,27369,0.0,0.0
2021-09-23 00:00:00+09:00,15950.0,16250.0,15650.0,16100.0,79011,0.0,0.0
2021-09-24 00:00:00+09:00,16200.0,16300.0,15900.0,16000.0,60189,0.0,0.0
2021-09-27 00:00:00+09:00,16000.0,16850.0,16000.0,16750.0,220991,0.0,0.0
2021-09-28 00:00:00+09:00,16550.0,17100.0,16400.0,16800.0,141599,0.0,0.0
2021-09-29 00:00:00+09:00,16800.0,16900.0,16000.0,16800.0,152350,0.0,0.0
2021-09-30 00:00:00+09:00,17000.0,17200.0,16500.0,17200.0,152706,0.0,0.0
2021-10-01 00:00:00+09:00,17000.0,17450.0,16600.0,16900.0,132712,0.0,0.0
2021-10-05 00:00:00+09:00,16600.0,16850.0,16350.0,16550.0,134233,0.0,0.0
2021-10-06 00:00:00+09:00,16550.0,16700.0,15300.0,15650.0,125157,0.0,0.0
2021-10-07 00:00:00+09:00,15700.0,16450.0,15500.0,16200.0,67350,0.0,0.0
2021-10-08 00:00:00+09:00,16250.0,17100.0,16150.0,16850.0,137979,0.0,0.0
2021-10-12 00:00:00+09:00,16800.0,16850.0,16400.0,16450.0,56086,0.0,0.0
2021-10-13 00:00:00+09:00,16300.0,17050.0,16300.0,16900.0,63074,0.0,0.0
2021-10-14 00:00:00+09:00,17150.0,17350.0,16800.0,16900.0,68256,0.0,0.0
2021-10-15 00:00:00+09:00,17150.0,17900.0,16950.0,17700.0,314305,0.0,0.0
2021-10-18 00:00:00+09:00,17600.0,18000.0,17350.0,17750.0,214729,0.0,0.0
2021-10-19 00:00:00+09:00,17750.0,18200.0,17400.0,18100.0,173348,0.0,0.0
2021-10-20 00:00:00+09:00,18200.0,18200.0,17650.0,17850.0,169708,0.0,0.0
2021-10-21 00:00:00+09:00,17650.0,17700.0,17000.0,17050.0,107588,0.0,0.0
2021-10-22 00:00:00+09:00,16950.0,17550.0,16650.0,17200.0,117921,0.0,0.0
2021-10-25 00:00:00+09:00,17200.0,17700.0,16900.0,17700.0,66976,0.0,0.0
2021-10-26 00:00:00+09:00,17500.0,17900.0,17350.0,17600.0,57529,0.0,0.0
2021-10-27 00:00:00+09:00,17600.0,17800.0,17250.0,17350.0,44268,0.0,0.0
2021-10-28 00:00:00+09:00,17150.0,17900.0,17150.0,17650.0,100727,0.0,0.0
2021-10-29 00:00:00+09:00,17800.0,17850.0,17400.0,17400.0,68398,0.0,0.0
2021-11-01 00:00:00+09:00,17450.0,17550.0,16900.0,16950.0,72164,0.0,0.0
2021-11-02 00:00:00+09:00,16750.0,17350.0,16700.0,17200.0,87912,0.0,0.0
2021-11-03 00:00:00+09:00,17200.0,17550.0,17100.0,17400.0,51858,0.0,0.0
2021-11-04 00:00:00+09:00,17400.0,18050.0,17400.0,17950.0,119597,0.0,0.0
2021-11-05 00:00:00+09:00,18200.0,18200.0,17350.0,17800.0,85183,0.0,0.0
2021-11-08 00:00:00+09:00,17700.0,18100.0,17350.0,18050.0,106653,0.0,0.0
2021-11-09 00:00:00+09:00,18100.0,18250.0,17700.0,18100.0,104614,0.0,0.0
2021-11-10 00:00:00+09:00,18100.0,18100.0,17500.0,17700.0,88886,0.0,0.0
2021-11-11 00:00:00+09:00,17300.0,18900.0,17300.0,18600.0,508845,0.0,0.0
2021-11-12 00:00:00+09:00,18750.0,18800.0,18300.0,18600.0,179735,0.0,0.0
2021-11-15 00:00:00+09:00,18650.0,18800.0,18300.0,18500.0,124248,0.0,0.0
2021-11-16 00:00:00+09:00,18300.0,18600.0,18300.0,18600.0,60753,0.0,0.0
2021-11-17 00:00:00+09:00,18800.0,19200.0,18100.0,19100.0,253101,0.0,0.0
2021-11-18 00:00:00+09:00,19200.0,19250.0,18600.0,19100.0,136238,0.0,0.0
2021-11-19 00:00:00+09:00,19400.0,20300.0,18800.0,19000.0,470599,0.0,0.0
2021-11-22 00:00:00+09:00,19400.0,19700.0,19000.0,19200.0,211342,0.0,0.0
2021-11-23 00:00:00+09:00,19000.0,19850.0,18900.0,19350.0,214442,0.0,0.0
2021-11-24 00:00:00+09:00,19900.0,19950.0,18800.0,19150.0,157390,0.0,0.0
2021-11-25 00:00:00+09:00,19350.0,19550.0,19050.0,19100.0,62525,0.0,0.0
2021-11-26 00:00:00+09:00,19350.0,19350.0,18350.0,19150.0,139322,0.0,0.0
2021-11-29 00:00:00+09:00,18500.0,19050.0,18350.0,18700.0,136884,0.0,0.0
2021-11-30 00:00:00+09:00,18950.0,18950.0,17750.0,17750.0,208573,0.0,0.0
2021-12-01 00:00:00+09:00,17600.0,18550.0,17600.0,18450.0,107356,0.0,0.0
2021-12-02 00:00:00+09:00,18450.0,18750.0,18000.0,18600.0,81321,0.0,0.0
2021-12-03 00:00:00+09:00,18950.0,19150.0,18400.0,19100.0,83529,0.0,0.0
2021-12-06 00:00:00+09:00,19300.0,20600.0,18950.0,20300.0,752274,0.0,0.0
2021-12-07 00:00:00+09:00,20250.0,20450.0,19850.0,20150.0,210666,0.0,0.0
2021-12-08 00:00:00+09:00,20050.0,20700.0,19700.0,19900.0,262921,0.0,0.0
2021-12-09 00:00:00+09:00,19900.0,20200.0,19650.0,20000.0,118196,0.0,0.0
2021-12-10 00:00:00+09:00,19900.0,20400.0,19900.0,20000.0,124805,0.0,0.0
2021-12-13 00:00:00+09:00,19850.0,21250.0,19850.0,20600.0,499898,0.0,0.0
2021-12-14 00:00:00+09:00,20500.0,20900.0,19950.0,20000.0,141825,0.0,0.0
2021-12-15 00:00:00+09:00,19850.0,20250.0,19600.0,20050.0,121109,0.0,0.0
2021-12-16 00:00:00+09:00,20250.0,20650.0,20050.0,20500.0,129295,0.0,0.0
2021-12-17 00:00:00+09:00,20000.0,20800.0,20000.0,20450.0,144658,0.0,0.0
2021-12-20 00:00:00+09:00,20400.0,20800.0,20050.0,20100.0,124865,0.0,0.0
2021-12-21 00:00:00+09:00,20200.0,20700.0,19800.0,20700.0,130099,0.0,0.0
2021-12-22 00:00:00+09:00,21050.0,22800.0,19300.0,19950.0,2088986,0.0,0.0
2021-12-23 00:00:00+09:00,20100.0,21450.0,19900.0,20650.0,728282,0.0,0.0
2021-12-24 00:00:00+09:00,20800.0,21000.0,20050.0,20100.0,243264,0.0,0.0
2021-12-27 00:00:00+09:00,20100.0,20450.0,19850.0,20050.0,151921,0.0,0.0
2021-12-28 00:00:00+09:00,20150.0,20450.0,19950.0,20350.0,130169,0.0,0.0
2021-12-29 00:00:00+09:00,20550.0,20600.0,20050.0,20200.0,64764,0.0,0.0
2021-12-30 00:00:00+09:00,20100.0,20550.0,20100.0,20500.0,79959,0.0,0.0
2022-01-04 00:00:00+09:00,20600.0,21450.0,20350.0,21450.0,384824,0.0,0.0
2022-01-05 00:00:00+09:00,21450.0,21500.0,20600.0,20800.0,233888,0.0,0.0
2022-01-06 00:00:00+09:00,20200.0,20900.0,20050.0,20050.0,162493,0.0,0.0
2022-01-07 00:00:00+09:00,20250.0,20450.0,20200.0,20400.0,80835,0.0,0.0
2022-01-10 00:00:00+09:00,20300.0,20400.0,19600.0,20300.0,91479,0.0,0.0
2022-01-11 00:00:00+09:00,20200.0,20400.0,19850.0,20150.0,55057,0.0,0.0
2022-01-12 00:00:00+09:00,20800.0,20900.0,20250.0,20400.0,137817,0.0,0.0
2022-01-13 00:00:00+09:00,20500.0,21150.0,20450.0,20750.0,149574,0.0,0.0
2022-01-14 00:00:00+09:00,20350.0,20950.0,20350.0,20500.0,87371,0.0,0.0
2022-01-17 00:00:00+09:00,20400.0,20500.0,19950.0,20000.0,102488,0.0,0.0
2022-01-18 00:00:00+09:00,20100.0,20200.0,19600.0,19750.0,88260,0.0,0.0
2022-01-19 00:00:00+09:00,19450.0,19900.0,19400.0,19400.0,67431,0.0,0.0
2022-01-20 00:00:00+09:00,19400.0,20100.0,19000.0,20100.0,66317,0.0,0.0
2022-01-21 00:00:00+09:00,19850.0,20200.0,19550.0,19700.0,46151,0.0,0.0
2022-01-24 00:00:00+09:00,19350.0,19600.0,18450.0,18800.0,115686,0.0,0.0
2022-01-25 00:00:00+09:00,18850.0,19450.0,18200.0,18300.0,103047,0.0,0.0
2022-01-26 00:00:00+09:00,18300.0,18300.0,18300.0,18300.0,0,0.0,0.0
2022-01-27 00:00:00+09:00,18100.0,18550.0,17300.0,17500.0,74562,0.0,0.0
2022-01-28 00:00:00+09:00,17700.0,18950.0,17700.0,18950.0,79092,0.0,0.0
2022-02-03 00:00:00+09:00,19300.0,19300.0,18700.0,19050.0,49185,0.0,0.0
2022-02-04 00:00:00+09:00,18700.0,19050.0,18500.0,18850.0,53308,0.0,0.0
2022-02-07 00:00:00+09:00,19000.0,19050.0,18550.0,18800.0,36969,0.0,0.0
2022-02-08 00:00:00+09:00,18800.0,18800.0,18800.0,18800.0,0,0.0,0.0
2022-02-09 00:00:00+09:00,18800.0,18800.0,18800.0,18800.0,0,0.0,0.0
2022-02-10 00:00:00+09:00,18150.0,18150.0,17600.0,17850.0,52218,0.0,0.0
2022-02-11 00:00:00+09:00,17750.0,17800.0,17200.0,17300.0,51057,0.0,0.0
2022-02-14 00:00:00+09:00,16250.0,17250.0,16200.0,16400.0,61129,0.0,0.0
2022-02-15 00:00:00+09:00,16400.0,17200.0,16400.0,16600.0,38399,0.0,0.0
2022-02-16 00:00:00+09:00,17050.0,17550.0,17050.0,17500.0,19371,0.0,0.0
2022-02-17 00:00:00+09:00,17450.0,17800.0,16700.0,17200.0,58091,0.0,0.0
2022-02-18 00:00:00+09:00,17050.0,17300.0,16900.0,16950.0,34721,0.0,0.0
2022-02-21 00:00:00+09:00,16850.0,16900.0,16450.0,16800.0,28815,0.0,0.0
2022-02-22 00:00:00+09:00,16800.0,16800.0,16800.0,16800.0,0,0.0,0.0
2022-02-23 00:00:00+09:00,16800.0,16800.0,16800.0,16800.0,0,0.0,0.0
2022-02-24 00:00:00+09:00,16500.0,16900.0,16200.0,16250.0,27792,0.0,0.0
2022-02-25 00:00:00+09:00,16550.0,16900.0,16100.0,16250.0,48854,0.0,0.0
2022-02-28 00:00:00+09:00,16250.0,16250.0,16250.0,16250.0,0,0.0,0.0
2022-03-02 00:00:00+09:00,16750.0,17150.0,16500.0,17100.0,59041,0.0,0.0
2022-03-03 00:00:00+09:00,17300.0,17300.0,16900.0,17100.0,39853,0.0,0.0
2022-03-04 00:00:00+09:00,17100.0,17100.0,17100.0,17100.0,0,0.0,0.0
2022-03-07 00:00:00+09:00,16800.0,16800.0,16400.0,16500.0,21774,0.0,0.0
2022-03-08 00:00:00+09:00,16050.0,16700.0,16050.0,16250.0,19185,0.0,0.0
2022-03-10 00:00:00+09:00,16250.0,16250.0,16250.0,16250.0,0,0.0,0.0
2022-03-11 00:00:00+09:00,16250.0,16750.0,16150.0,16350.0,22077,0.0,0.0
2022-03-14 00:00:00+09:00,16350.0,16350.0,16000.0,16100.0,25007,0.0,0.0
2022-03-15 00:00:00+09:00,16000.0,16450.0,15900.0,16400.0,39632,0.0,0.0
2022-03-16 00:00:00+09:00,16400.0,16800.0,16350.0,16800.0,29653,0.0,0.0
2022-03-17 00:00:00+09:00,16950.0,17100.0,16800.0,16900.0,40671,0.0,0.0
2022-03-18 00:00:00+09:00,16950.0,17150.0,16700.0,17050.0,25427,0.0,0.0
2022-03-21 00:00:00+09:00,17050.0,17050.0,17050.0,17050.0,0,0.0,0.0
2022-03-22 00:00:00+09:00,16850.0,17200.0,16750.0,17050.0,14260,0.0,0.0
2022-03-23 00:00:00+09:00,17050.0,17200.0,16950.0,17100.0,20192,0.0,0.0
2022-03-24 00:00:00+09:00,17050.0,17350.0,16850.0,17350.0,31206,0.0,0.0
2022-03-25 00:00:00+09:00,17350.0,17350.0,17350.0,17350.0,0,0.0,0.0
2022-03-28 00:00:00+09:00,17450.0,17950.0,17300.0,17600.0,39636,0.0,0.0
2022-03-29 00:00:00+09:00,17600.0,18000.0,17550.0,17650.0,27137,0.0,0.0
2022-03-30 00:00:00+09:00,17700.0,18100.0,17550.0,17550.0,47773,0.0,0.0
2022-03-31 00:00:00+09:00,17700.0,17700.0,17350.0,17600.0,37042,0.0,0.0
2022-04-01 00:00:00+09:00,17450.0,17650.0,17250.0,17600.0,17901,0.0,0.0
2022-04-04 00:00:00+09:00,17600.0,18000.0,17400.0,17850.0,38868,0.0,0.0
2022-04-05 00:00:00+09:00,17800.0,18050.0,17800.0,17950.0,21426,0.0,0.0
2022-04-06 00:00:00+09:00,17950.0,17950.0,17700.0,17750.0,26163,0.0,0.0
2022-04-07 00:00:00+09:00,17750.0,18000.0,17600.0,17800.0,46867,0.0,0.0
2022-04-08 00:00:00+09:00,17800.0,17900.0,17350.0,17700.0,26361,0.0,0.0
2022-04-11 00:00:00+09:00,17550.0,17850.0,17550.0,17600.0,12842,0.0,0.0
2022-04-12 00:00:00+09:00,17400.0,17600.0,17300.0,17550.0,24118,0.0,0.0
2022-04-13 00:00:00+09:00,17500.0,20200.0,17350.0,18100.0,985013,0.0,0.0
2022-04-14 00:00:00+09:00,18100.0,18250.0,17800.0,17800.0,81326,0.0,0.0
2022-04-15 00:00:00+09:00,17850.0,19150.0,17750.0,18650.0,346957,0.0,0.0
2022-04-18 00:00:00+09:00,18600.0,19000.0,18150.0,18250.0,83527,0.0,0.0
2022-04-19 00:00:00+09:00,18300.0,18550.0,18250.0,18350.0,38889,0.0,0.0
2022-04-20 00:00:00+09:00,18400.0,18750.0,18250.0,18650.0,54495,0.0,0.0
2022-04-21 00:00:00+09:00,18700.0,18800.0,18500.0,18700.0,31866,0.0,0.0
2022-04-22 00:00:00+09:00,18500.0,18600.0,18150.0,18400.0,52600,0.0,0.0
2022-04-25 00:00:00+09:00,18050.0,18600.0,17800.0,18000.0,74296,0.0,0.0
2022-04-26 00:00:00+09:00,18100.0,18400.0,18000.0,18100.0,35555,0.0,0.0
2022-04-27 00:00:00+09:00,17650.0,18350.0,17550.0,18150.0,36574,0.0,0.0
2022-04-28 00:00:00+09:00,18200.0,18300.0,17850.0,18050.0,28107,0.0,0.0
2022-04-29 00:00:00+09:00,18150.0,18400.0,17950.0,18150.0,20559,0.0,0.0
2022-05-02 00:00:00+09:00,17800.0,19850.0,17750.0,18350.0,352751,0.0,0.0
2022-05-03 00:00:00+09:00,18350.0,18400.0,17800.0,18100.0,94988,0.0,0.0
2022-05-04 00:00:00+09:00,18100.0,18100.0,17800.0,18000.0,44995,0.0,0.0
2022-05-06 00:00:00+09:00,17600.0,17950.0,17450.0,17600.0,41589,0.0,0.0
2022-05-10 00:00:00+09:00,16550.0,16900.0,16150.0,16900.0,40651,0.0,0.0
2022-05-11 00:00:00+09:00,16850.0,17100.0,16800.0,16900.0,13419,0.0,0.0
2022-05-12 00:00:00+09:00,16500.0,16800.0,15750.0,16350.0,46646,0.0,0.0
2022-05-13 00:00:00+09:00,16550.0,16800.0,16150.0,16700.0,32145,0.0,0.0
2022-05-16 00:00:00+09:00,16950.0,17100.0,16550.0,16650.0,10436,0.0,0.0
2022-05-17 00:00:00+09:00,16400.0,16950.0,16400.0,16850.0,18404,0.0,0.0
2022-05-18 00:00:00+09:00,17000.0,17300.0,16850.0,17300.0,16126,0.0,0.0
2022-05-19 00:00:00+09:00,16750.0,17000.0,16700.0,16850.0,17808,0.0,0.0
2022-05-20 00:00:00+09:00,16750.0,17100.0,16750.0,16800.0,15995,0.0,0.0
2022-05-23 00:00:00+09:00,16800.0,18450.0,16800.0,16900.0,443679,0.0,0.0
2022-05-24 00:00:00+09:00,17000.0,17050.0,16550.0,16550.0,36712,0.0,0.0
2022-05-25 00:00:00+09:00,16750.0,16750.0,16200.0,16300.0,41966,0.0,0.0
2022-05-26 00:00:00+09:00,16500.0,16700.0,16300.0,16300.0,27154,0.0,0.0
2022-05-27 00:00:00+09:00,16550.0,16950.0,16450.0,16850.0,17098,0.0,0.0
2022-05-30 00:00:00+09:00,16850.0,17050.0,16800.0,16950.0,23554,0.0,0.0
2022-05-31 00:00:00+09:00,17050.0,17200.0,16850.0,17100.0,24840,0.0,0.0
2022-06-02 00:00:00+09:00,17150.0,17350.0,16750.0,17100.0,32736,0.0,0.0
2022-06-03 00:00:00+09:00,17350.0,17350.0,17050.0,17150.0,17288,0.0,0.0
2022-06-07 00:00:00+09:00,17150.0,17150.0,16400.0,16500.0,34484,0.0,0.0
2022-06-08 00:00:00+09:00,16650.0,16950.0,16450.0,16450.0,22153,0.0,0.0
2022-06-09 00:00:00+09:00,16450.0,16550.0,16200.0,16300.0,22221,0.0,0.0
2022-06-10 00:00:00+09:00,16550.0,17800.0,16350.0,16550.0,175544,0.0,0.0
2022-06-13 00:00:00+09:00,16050.0,16200.0,15750.0,15750.0,66257,0.0,0.0
2022-06-14 00:00:00+09:00,15150.0,15950.0,15050.0,15750.0,48635,0.0,0.0
2022-06-15 00:00:00+09:00,15750.0,15900.0,14850.0,14900.0,56862,0.0,0.0
2022-06-16 00:00:00+09:00,15200.0,15500.0,14800.0,14850.0,21571,0.0,0.0
2022-06-17 00:00:00+09:00,14350.0,14800.0,14050.0,14450.0,41658,0.0,0.0
2022-06-20 00:00:00+09:00,14450.0,14650.0,13000.0,13350.0,94619,0.0,0.0
2022-06-21 00:00:00+09:00,13300.0,13750.0,13150.0,13600.0,41612,0.0,0.0
2022-06-22 00:00:00+09:00,13900.0,13900.0,12600.0,12650.0,45131,0.0,0.0
2022-06-23 00:00:00+09:00,12550.0,13000.0,11900.0,11900.0,74457,0.0,0.0
2022-06-24 00:00:00+09:00,11700.0,13150.0,11700.0,13150.0,45831,0.0,0.0
2022-06-27 00:00:00+09:00,13100.0,13700.0,13050.0,13500.0,26151,0.0,0.0
2022-06-28 00:00:00+09:00,13350.0,13600.0,13000.0,13150.0,19743,0.0,0.0
2022-06-29 00:00:00+09:00,13050.0,13200.0,12700.0,12850.0,27944,0.0,0.0
2022-06-30 00:00:00+09:00,12700.0,12950.0,12400.0,12550.0,27176,0.0,0.0
2022-07-01 00:00:00+09:00,12600.0,13000.0,12000.0,12300.0,53036,0.0,0.0
2022-07-04 00:00:00+09:00,12250.0,15500.0,11750.0,13450.0,1485731,0.0,0.0
2022-07-05 00:00:00+09:00,13300.0,13800.0,13300.0,13500.0,185473,0.0,0.0
2022-07-06 00:00:00+09:00,13600.0,13800.0,13050.0,13200.0,112166,0.0,0.0
2022-07-07 00:00:00+09:00,13300.0,14100.0,13200.0,13700.0,142714,0.0,0.0
2022-07-08 00:00:00+09:00,13700.0,14000.0,13650.0,13750.0,83864,0.0,0.0
2022-07-11 00:00:00+09:00,13900.0,13950.0,13300.0,13350.0,62259,0.0,0.0
2022-07-12 00:00:00+09:00,13150.0,13250.0,12700.0,12850.0,43315,0.0,0.0
2022-07-13 00:00:00+09:00,12900.0,12950.0,12450.0,12750.0,34274,0.0,0.0
2022-07-14 00:00:00+09:00,12650.0,13100.0,12350.0,13000.0,25579,0.0,0.0
2022-07-15 00:00:00+09:00,12950.0,13100.0,12600.0,13000.0,21600,0.0,0.0
2022-07-18 00:00:00+09:00,13100.0,13450.0,13050.0,13400.0,22007,0.0,0.0
2022-07-19 00:00:00+09:00,13400.0,14150.0,13150.0,13750.0,70536,0.0,0.0
2022-07-20 00:00:00+09:00,13950.0,14150.0,13750.0,13750.0,33623,0.0,0.0
2022-07-21 00:00:00+09:00,13800.0,14000.0,13600.0,13750.0,39747,0.0,0.0
2022-07-22 00:00:00+09:00,13800.0,13900.0,13600.0,13650.0,21343,0.0,0.0
2022-07-25 00:00:00+09:00,13650.0,13800.0,13500.0,13750.0,31424,0.0,0.0
2022-07-26 00:00:00+09:00,13650.0,14900.0,13650.0,14700.0,170113,0.0,0.0
2022-07-27 00:00:00+09:00,14850.0,14850.0,14250.0,14400.0,108044,0.0,0.0
2022-07-28 00:00:00+09:00,14550.0,15300.0,14350.0,14600.0,189935,0.0,0.0
2022-07-29 00:00:00+09:00,15200.0,17350.0,15100.0,15200.0,2261500,0.0,0.0
2022-08-01 00:00:00+09:00,15250.0,15650.0,15100.0,15400.0,165622,0.0,0.0
2022-08-02 00:00:00+09:00,15250.0,15500.0,15050.0,15150.0,58887,0.0,0.0
2022-08-03 00:00:00+09:00,15300.0,15900.0,15200.0,15750.0,106275,0.0,0.0
2022-08-04 00:00:00+09:00,15900.0,15950.0,15750.0,15800.0,58072,0.0,0.0
2022-08-05 00:00:00+09:00,16100.0,16400.0,15950.0,16200.0,105021,0.0,0.0
2022-08-08 00:00:00+09:00,16200.0,16450.0,15850.0,16350.0,50488,0.0,0.0
2022-08-09 00:00:00+09:00,16400.0,16750.0,16150.0,16700.0,71604,0.0,0.0
2022-08-10 00:00:00+09:00,18100.0,18150.0,16800.0,16900.0,510761,0.0,0.0
2022-08-11 00:00:00+09:00,17050.0,17100.0,16750.0,16950.0,66553,0.0,0.0
2022-08-12 00:00:00+09:00,16800.0,18000.0,16800.0,16850.0,225010,0.0,0.0
2022-08-16 00:00:00+09:00,16900.0,17500.0,16800.0,16900.0,67250,0.0,0.0
2022-08-17 00:00:00+09:00,16900.0,17850.0,16450.0,17150.0,329595,0.0,0.0
2022-08-18 00:00:00+09:00,17100.0,17400.0,16800.0,17000.0,92158,0.0,0.0
2022-08-19 00:00:00+09:00,17100.0,17350.0,16750.0,17050.0,64109,0.0,0.0
2022-08-22 00:00:00+09:00,16650.0,16800.0,16100.0,16150.0,84604,0.0,0.0
2022-08-23 00:00:00+09:00,16100.0,16100.0,15550.0,15650.0,66766,0.0,0.0
2022-08-24 00:00:00+09:00,15850.0,16150.0,15800.0,15900.0,33212,0.0,0.0
2022-08-25 00:00:00+09:00,15950.0,16500.0,15850.0,16500.0,38873,0.0,0.0
2022-08-26 00:00:00+09:00,16500.0,16650.0,16050.0,16100.0,41061,0.0,0.0
2022-08-29 00:00:00+09:00,15500.0,16000.0,15450.0,15900.0,43354,0.0,0.0
2022-08-30 00:00:00+09:00,15900.0,16500.0,15900.0,16350.0,29285,0.0,0.0
2022-08-31 00:00:00+09:00,16250.0,16600.0,16100.0,16400.0,17930,0.0,0.0
2022-09-01 00:00:00+09:00,16400.0,16400.0,15800.0,15800.0,29082,0.0,0.0
2022-09-02 00:00:00+09:00,15950.0,16500.0,15550.0,15550.0,40294,0.0,0.0
2022-09-05 00:00:00+09:00,15550.0,15650.0,15050.0,15250.0,24042,0.0,0.0
2022-09-06 00:00:00+09:00,15250.0,15700.0,15250.0,15500.0,17660,0.0,0.0
2022-09-07 00:00:00+09:00,15350.0,15700.0,15250.0,15400.0,22355,0.0,0.0
2022-09-08 00:00:00+09:00,15500.0,15850.0,15250.0,15250.0,30138,0.0,0.0
2022-09-13 00:00:00+09:00,15400.0,15800.0,15400.0,15700.0,13569,0.0,0.0
2022-09-14 00:00:00+09:00,15050.0,15800.0,15050.0,15750.0,26022,0.0,0.0
2022-09-15 00:00:00+09:00,15900.0,16050.0,15650.0,15750.0,15635,0.0,0.0
2022-09-16 00:00:00+09:00,15700.0,16100.0,15600.0,15950.0,33854,0.0,0.0
2022-09-19 00:00:00+09:00,16250.0,16250.0,15350.0,15400.0,33087,0.0,0.0
2022-09-20 00:00:00+09:00,15700.0,16150.0,15550.0,15850.0,36255,0.0,0.0
2022-09-21 00:00:00+09:00,15900.0,16450.0,15750.0,16050.0,72074,0.0,0.0
2022-09-22 00:00:00+09:00,15900.0,15900.0,15500.0,15750.0,27171,0.0,0.0
2022-09-23 00:00:00+09:00,15550.0,15750.0,15100.0,15100.0,36395,0.0,0.0
2022-09-26 00:00:00+09:00,14600.0,15050.0,13900.0,14050.0,65342,0.0,0.0
2022-09-27 00:00:00+09:00,14050.0,16000.0,13800.0,14000.0,256616,0.0,0.0
2022-09-28 00:00:00+09:00,13900.0,14200.0,13150.0,13300.0,41215,0.0,0.0
2022-09-29 00:00:00+09:00,13450.0,14000.0,13050.0,13050.0,27684,0.0,0.0
2022-09-30 00:00:00+09:00,12900.0,13250.0,12850.0,12950.0,22854,0.0,0.0
2022-10-04 00:00:00+09:00,13350.0,13900.0,13250.0,13850.0,34893,0.0,0.0
2022-10-05 00:00:00+09:00,14350.0,14400.0,13050.0,13750.0,39424,0.0,0.0
2022-10-06 00:00:00+09:00,14200.0,14200.0,13850.0,14050.0,16169,0.0,0.0
2022-10-07 00:00:00+09:00,13900.0,14300.0,13900.0,14150.0,16785,0.0,0.0
2022-10-11 00:00:00+09:00,13800.0,14200.0,13700.0,13800.0,30554,0.0,0.0
2022-10-12 00:00:00+09:00,13950.0,14100.0,13700.0,13800.0,21062,0.0,0.0
2022-10-13 00:00:00+09:00,14150.0,14650.0,13300.0,13300.0,41743,0.0,0.0
2022-10-14 00:00:00+09:00,13850.0,13850.0,13550.0,13600.0,21003,0.0,0.0
2022-10-17 00:00:00+09:00,13200.0,14100.0,13200.0,13850.0,21330,0.0,0.0
2022-10-18 00:00:00+09:00,14250.0,14250.0,13750.0,14150.0,17642,0.0,0.0
2022-10-19 00:00:00+09:00,14150.0,14400.0,13950.0,13950.0,18318,0.0,0.0
2022-10-20 00:00:00+09:00,13900.0,14150.0,13850.0,13950.0,6569,0.0,0.0
2022-10-21 00:00:00+09:00,14200.0,14200.0,13700.0,13700.0,11951,0.0,0.0
2022-10-24 00:00:00+09:00,14200.0,14250.0,13750.0,13750.0,13917,0.0,0.0
2022-10-25 00:00:00+09:00,14050.0,14050.0,13700.0,13750.0,11886,0.0,0.0
2022-10-26 00:00:00+09:00,13850.0,13850.0,13500.0,13500.0,7512,0.0,0.0
2022-10-27 00:00:00+09:00,13900.0,13900.0,13650.0,13650.0,11516,0.0,0.0
2022-10-28 00:00:00+09:00,13650.0,13850.0,13550.0,13600.0,14201,0.0,0.0
2022-10-31 00:00:00+09:00,13850.0,13850.0,13550.0,13650.0,5260,0.0,0.0
2022-11-01 00:00:00+09:00,13500.0,13850.0,13450.0,13850.0,14214,0.0,0.0
2022-11-02 00:00:00+09:00,13900.0,14700.0,13700.0,13850.0,49506,0.0,0.0
2022-11-03 00:00:00+09:00,13700.0,14200.0,13600.0,14200.0,23793,0.0,0.0
2022-11-04 00:00:00+09:00,14200.0,14450.0,13900.0,14450.0,26535,0.0,0.0
2022-11-07 00:00:00+09:00,14300.0,14450.0,14250.0,14350.0,9844,0.0,0.0
2022-11-08 00:00:00+09:00,14500.0,14500.0,14200.0,14450.0,19248,0.0,0.0
2022-11-09 00:00:00+09:00,14450.0,14650.0,14350.0,14500.0,20691,0.0,0.0
2022-11-10 00:00:00+09:00,14450.0,14700.0,14350.0,14500.0,22235,0.0,0.0
2022-11-11 00:00:00+09:00,14800.0,15150.0,14500.0,15000.0,39896,0.0,0.0
2022-11-14 00:00:00+09:00,14950.0,15100.0,14850.0,14850.0,17452,0.0,0.0
2022-11-15 00:00:00+09:00,14800.0,15200.0,14650.0,15100.0,18443,0.0,0.0
2022-11-16 00:00:00+09:00,15150.0,15250.0,14950.0,15050.0,16414,0.0,0.0
2022-11-17 00:00:00+09:00,15050.0,15100.0,14900.0,15000.0,9339,0.0,0.0
2022-11-18 00:00:00+09:00,15000.0,15200.0,14850.0,14900.0,20464,0.0,0.0
2022-11-21 00:00:00+09:00,14900.0,14950.0,14400.0,14500.0,13730,0.0,0.0
2022-11-22 00:00:00+09:00,14350.0,14650.0,14300.0,14350.0,11259,0.0,0.0
2022-11-23 00:00:00+09:00,14400.0,14550.0,14350.0,14400.0,9284,0.0,0.0
2022-11-24 00:00:00+09:00,14400.0,14600.0,14400.0,14550.0,14229,0.0,0.0
2022-11-25 00:00:00+09:00,15150.0,15150.0,14550.0,14650.0,32097,0.0,0.0
2022-11-28 00:00:00+09:00,14700.0,14750.0,14150.0,14200.0,18907,0.0,0.0
2022-11-29 00:00:00+09:00,14000.0,14350.0,14000.0,14200.0,7696,0.0,0.0
2022-11-30 00:00:00+09:00,14100.0,14500.0,14000.0,14350.0,379267,0.0,0.0
2022-12-01 00:00:00+09:00,14550.0,14700.0,14400.0,14650.0,19087,0.0,0.0
2022-12-02 00:00:00+09:00,14500.0,14650.0,14400.0,14650.0,10264,0.0,0.0
2022-12-05 00:00:00+09:00,14600.0,16050.0,14450.0,14650.0,316524,0.0,0.0
2022-12-06 00:00:00+09:00,14500.0,15150.0,14250.0,14600.0,59130,0.0,0.0
2022-12-07 00:00:00+09:00,14600.0,14950.0,14500.0,14700.0,39602,0.0,0.0
2022-12-08 00:00:00+09:00,14600.0,14700.0,14200.0,14250.0,31758,0.0,0.0
2022-12-09 00:00:00+09:00,14300.0,14550.0,14200.0,14300.0,17064,0.0,0.0
2022-12-12 00:00:00+09:00,14450.0,14450.0,14050.0,14150.0,12899,0.0,0.0
2022-12-13 00:00:00+09:00,14250.0,14250.0,13800.0,13800.0,23356,0.0,0.0
2022-12-14 00:00:00+09:00,13950.0,14150.0,13900.0,13950.0,16002,0.0,0.0
2022-12-15 00:00:00+09:00,13950.0,14800.0,13800.0,14050.0,64291,0.0,0.0
2022-12-16 00:00:00+09:00,13800.0,14150.0,13800.0,13900.0,10861,0.0,0.0
2022-12-19 00:00:00+09:00,13650.0,13950.0,13550.0,13700.0,20537,0.0,0.0
2022-12-20 00:00:00+09:00,13850.0,13850.0,13250.0,13300.0,18586,0.0,0.0
2022-12-21 00:00:00+09:00,13350.0,13500.0,13100.0,13100.0,12982,0.0,0.0
2022-12-22 00:00:00+09:00,13300.0,13400.0,13100.0,13200.0,6014,0.0,0.0
2022-12-23 00:00:00+09:00,13150.0,13150.0,12700.0,12700.0,21609,0.0,0.0
2022-12-26 00:00:00+09:00,12700.0,12850.0,12450.0,12600.0,11075,0.0,0.0
2022-12-27 00:00:00+09:00,12350.0,13050.0,12350.0,12900.0,14155,0.0,0.0
2022-12-28 00:00:00+09:00,13050.0,13050.0,12600.0,12800.0,11803,0.0,0.0
2022-12-29 00:00:00+09:00,12800.0,13300.0,12700.0,12700.0,31973,0.0,0.0
2023-01-02 00:00:00+09:00,12700.0,12900.0,12300.0,12500.0,24649,0.0,0.0
2023-01-03 00:00:00+09:00,12300.0,13000.0,12300.0,12900.0,21224,0.0,0.0
2023-01-04 00:00:00+09:00,12750.0,13200.0,12750.0,13100.0,25669,0.0,0.0
2023-01-05 00:00:00+09:00,13050.0,13250.0,12900.0,13100.0,21066,0.0,0.0
2023-01-06 00:00:00+09:00,13000.0,13400.0,13000.0,13350.0,20772,0.0,0.0
2023-01-09 00:00:00+09:00,13400.0,14200.0,13200.0,13600.0,87920,0.0,0.0
2023-01-10 00:00:00+09:00,13700.0,13750.0,13350.0,13450.0,12990,0.0,0.0
2023-01-11 00:00:00+09:00,13450.0,13750.0,13350.0,13600.0,29063,0.0,0.0
2023-01-12 00:00:00+09:00,13650.0,13650.0,13400.0,13500.0,11282,0.0,0.0
2023-01-13 00:00:00+09:00,13400.0,13700.0,13300.0,13450.0,16782,0.0,0.0
2023-01-16 00:00:00+09:00,13450.0,14800.0,13400.0,13900.0,687281,0.0,0.0
2023-01-17 00:00:00+09:00,14050.0,14150.0,13700.0,13900.0,61075,0.0,0.0
2023-01-18 00:00:00+09:00,13900.0,14000.0,13600.0,13700.0,32591,0.0,0.0
2023-01-19 00:00:00+09:00,13450.0,13600.0,13300.0,13500.0,28231,0.0,0.0
2023-01-20 00:00:00+09:00,13500.0,13650.0,13350.0,13400.0,15684,0.0,0.0
2023-01-25 00:00:00+09:00,13530.0,13690.0,13450.0,13470.0,1349,0.0,0.0
2023-01-26 00:00:00+09:00,13610.0,13980.0,13460.0,13980.0,142,0.0,0.0
2023-01-27 00:00:00+09:00,14100.0,14100.0,13840.0,14000.0,619,0.0,0.0
2023-01-30 00:00:00+09:00,14100.0,14240.0,13500.0,13810.0,565,0.0,0.0
2023-01-31 00:00:00+09:00,13900.0,14070.0,13780.0,13810.0,239,0.0,0.0
2023-02-01 00:00:00+09:00,13950.0,14030.0,13840.0,13910.0,145,0.0,0.0
2023-02-02 00:00:00+09:00,13900.0,14050.0,13880.0,13910.0,20024,0.0,0.0
2023-02-03 00:00:00+09:00,14080.0,14140.0,13830.0,14040.0,68,0.0,0.0
2023-02-06 00:00:00+09:00,14100.0,14290.0,14030.0,14090.0,644,0.0,0.0
2023-02-07 00:00:00+09:00,14010.0,14130.0,14010.0,14050.0,21331,0.0,0.0
2023-02-08 00:00:00+09:00,14070.0,14440.0,14010.0,14410.0,751,0.0,0.0
2023-02-09 00:00:00+09:00,14410.0,14500.0,14200.0,14240.0,87,0.0,0.0
2023-02-10 00:00:00+09:00,14300.0,14300.0,13790.0,13810.0,16,0.0,0.0
2023-02-13 00:00:00+09:00,13810.0,13810.0,13490.0,13650.0,27442,0.0,0.0
2023-02-14 00:00:00+09:00,13610.0,13850.0,13450.0,13770.0,210,0.0,0.0
2023-02-15 00:00:00+09:00,13950.0,14170.0,13650.0,13670.0,42735,0.0,0.0
2023-02-16 00:00:00+09:00,13670.0,13990.0,13660.0,13850.0,63,0.0,0.0
2023-02-17 00:00:00+09:00,13700.0,13750.0,13600.0,13680.0,20376,0.0,0.0
2023-02-20 00:00:00+09:00,13700.0,13850.0,13530.0,13820.0,13842,0.0,0.0
2023-02-21 00:00:00+09:00,13710.0,13840.0,13630.0,13720.0,307,0.0,0.0
2023-02-22 00:00:00+09:00,13720.0,13720.0,13390.0,13450.0,19,0.0,0.0
2023-02-23 00:00:00+09:00,13410.0,14090.0,13410.0,14050.0,124,0.0,0.0
2023-02-24 00:00:00+09:00,14170.0,14170.0,13670.0,13740.0,31624,0.0,0.0
2023-02-27 00:00:00+09:00,13540.0,13600.0,13250.0,13300.0,36708,0.0,0.0
2023-02-28 00:00:00+09:00,13350.0,13440.0,13310.0,13320.0,18148,0.0,0.0
2023-03-02 00:00:00+09:00,13450.0,13450.0,13240.0,13240.0,22392,0.0,0.0
2023-03-03 00:00:00+09:00,13250.0,13390.0,13000.0,13150.0,34138,0.0,0.0
2023-03-06 00:00:00+09:00,13150.0,13210.0,12270.0,13150.0,39776,0.0,0.0
2023-03-07 00:00:00+09:00,13180.0,13180.0,12980.0,13120.0,29017,0.0,0.0
2023-03-08 00:00:00+09:00,13070.0,13120.0,12750.0,12900.0,29990,0.0,0.0
2023-03-09 00:00:00+09:00,13180.0,13180.0,12740.0,12910.0,14632,0.0,0.0
2023-03-10 00:00:00+09:00,12890.0,13090.0,12740.0,13090.0,18620,0.0,0.0
2023-03-13 00:00:00+09:00,12700.0,12930.0,12590.0,12730.0,23043,0.0,0.0
2023-03-14 00:00:00+09:00,12840.0,12840.0,12080.0,12130.0,38829,0.0,0.0
2023-03-15 00:00:00+09:00,12300.0,12880.0,12300.0,12400.0,33821,0.0,0.0
2023-03-16 00:00:00+09:00,12270.0,12420.0,12110.0,12370.0,18332,0.0,0.0
2023-03-17 00:00:00+09:00,12380.0,12700.0,12380.0,12570.0,22510,0.0,0.0
2023-03-20 00:00:00+09:00,12780.0,13450.0,12600.0,13030.0,82530,0.0,0.0
2023-03-21 00:00:00+09:00,13000.0,13200.0,12790.0,12900.0,17903,0.0,0.0
2023-03-22 00:00:00+09:00,12970.0,13290.0,12780.0,13110.0,39766,0.0,0.0
2023-03-23 00:00:00+09:00,13000.0,13030.0,12600.0,12610.0,44919,0.0,0.0
2023-03-24 00:00:00+09:00,12640.0,13090.0,12640.0,13000.0,37591,0.0,0.0
2023-03-27 00:00:00+09:00,13300.0,13670.0,13030.0,13550.0,192168,0.0,0.0
2023-03-28 00:00:00+09:00,13500.0,14870.0,13490.0,14050.0,1110820,0.0,0.0
2023-03-29 00:00:00+09:00,13910.0,13960.0,13610.0,13850.0,105833,0.0,0.0
2023-03-30 00:00:00+09:00,13890.0,14050.0,13750.0,13880.0,86936,0.0,0.0
2023-03-31 00:00:00+09:00,14160.0,14310.0,13970.0,14120.0,145465,0.0,0.0
2023-04-03 00:00:00+09:00,14130.0,14330.0,13880.0,14130.0,64357,0.0,0.0
2023-04-04 00:00:00+09:00,14040.0,14180.0,13900.0,14040.0,57451,0.0,0.0
2023-04-05 00:00:00+09:00,14010.0,14120.0,13920.0,13950.0,41314,0.0,0.0
2023-04-06 00:00:00+09:00,13950.0,14000.0,13650.0,13860.0,31279,0.0,0.0
2023-04-07 00:00:00+09:00,13860.0,14780.0,13690.0,14490.0,172544,0.0,0.0
2023-04-10 00:00:00+09:00,14500.0,14540.0,14150.0,14270.0,71408,0.0,0.0
2023-04-11 00:00:00+09:00,14400.0,15460.0,14060.0,15450.0,262633,0.0,0.0
2023-04-12 00:00:00+09:00,15500.0,15500.0,14940.0,15180.0,127650,0.0,0.0
2023-04-13 00:00:00+09:00,15050.0,15300.0,14950.0,15080.0,34794,0.0,0.0
2023-04-14 00:00:00+09:00,15390.0,15640.0,14980.0,15090.0,100795,0.0,0.0
2023-04-17 00:00:00+09:00,15090.0,15150.0,14610.0,14790.0,36322,0.0,0.0
2023-04-18 00:00:00+09:00,14700.0,15340.0,14520.0,15080.0,67553,0.0,0.0
2023-04-19 00:00:00+09:00,15080.0,15080.0,14740.0,14890.0,25929,0.0,0.0
2023-04-20 00:00:00+09:00,14800.0,15000.0,13990.0,14000.0,89207,0.0,0.0
2023-04-21 00:00:00+09:00,14020.0,14030.0,13480.0,13720.0,49216,0.0,0.0
2023-04-24 00:00:00+09:00,13730.0,13820.0,13090.0,13150.0,47903,0.0,0.0
2023-04-25 00:00:00+09:00,13290.0,13300.0,12800.0,12950.0,61206,0.0,0.0
2023-04-26 00:00:00+09:00,14820.0,16300.0,13500.0,13500.0,2315822,0.0,0.0
2023-04-27 00:00:00+09:00,13580.0,14190.0,13100.0,13830.0,267669,0.0,0.0
2023-04-28 00:00:00+09:00,13810.0,13990.0,13290.0,13350.0,110320,0.0,0.0
2023-05-02 00:00:00+09:00,13210.0,13590.0,13210.0,13480.0,38853,0.0,0.0
2023-05-03 00:00:00+09:00,13500.0,14040.0,13350.0,13810.0,72263,0.0,0.0
2023-05-04 00:00:00+09:00,13830.0,13960.0,13580.0,13760.0,42550,0.0,0.0
2023-05-08 00:00:00+09:00,13960.0,13960.0,13730.0,13730.0,32630,0.0,0.0
2023-05-09 00:00:00+09:00,13650.0,13900.0,13510.0,13710.0,26313,0.0,0.0
2023-05-10 00:00:00+09:00,13810.0,13880.0,13580.0,13600.0,25670,0.0,0.0
2023-05-11 00:00:00+09:00,13600.0,13800.0,12940.0,13520.0,31940,0.0,0.0
2023-05-12 00:00:00+09:00,13410.0,13600.0,13350.0,13370.0,15957,0.0,0.0
2023-05-15 00:00:00+09:00,13380.0,13380.0,13160.0,13220.0,17756,0.0,0.0
2023-05-16 00:00:00+09:00,13230.0,13450.0,13160.0,13210.0,17840,0.0,0.0
2023-05-17 00:00:00+09:00,13170.0,13610.0,13170.0,13550.0,17276,0.0,0.0
2023-05-18 00:00:00+09:00,13690.0,13690.0,13510.0,13590.0,11192,0.0,0.0
2023-05-19 00:00:00+09:00,13690.0,13890.0,13670.0,13850.0,30343,0.0,0.0
2023-05-22 00:00:00+09:00,13900.0,13970.0,13800.0,13900.0,23623,0.0,0.0
2023-05-23 00:00:00+09:00,13930.0,14080.0,13780.0,13810.0,32173,0.0,0.0
2023-05-24 00:00:00+09:00,13810.0,13890.0,13600.0,13610.0,34859,0.0,0.0
2023-05-25 00:00:00+09:00,13630.0,14000.0,13610.0,13700.0,22372,0.0,0.0
2023-05-26 00:00:00+09:00,13610.0,13710.0,13400.0,13420.0,19418,0.0,0.0
2023-05-30 00:00:00+09:00,13430.0,13690.0,13370.0,13390.0,24138,0.0,0.0
2023-05-31 00:00:00+09:00,13450.0,13790.0,13410.0,13750.0,17567,0.0,0.0
2023-06-01 00:00:00+09:00,14010.0,14020.0,13680.0,13910.0,31160,0.0,0.0
2023-06-02 00:00:00+09:00,13910.0,14050.0,13840.0,13890.0,17491,0.0,0.0
2023-06-05 00:00:00+09:00,13890.0,13920.0,13700.0,13830.0,12889,0.0,0.0
2023-06-07 00:00:00+09:00,14050.0,14100.0,13820.0,13840.0,23174,0.0,0.0
2023-06-08 00:00:00+09:00,13850.0,13900.0,13740.0,13760.0,14134,0.0,0.0
2023-06-09 00:00:00+09:00,13900.0,14640.0,13760.0,14000.0,201869,0.0,0.0
2023-06-12 00:00:00+09:00,14000.0,14080.0,13800.0,13930.0,21119,0.0,0.0
2023-06-13 00:00:00+09:00,13980.0,14240.0,13930.0,14050.0,53637,0.0,0.0
2023-06-14 00:00:00+09:00,14110.0,14110.0,13700.0,13700.0,33580,0.0,0.0
2023-06-15 00:00:00+09:00,13710.0,13970.0,13640.0,13710.0,20727,0.0,0.0
2023-06-16 00:00:00+09:00,13700.0,13800.0,13610.0,13720.0,20469,0.0,0.0
2023-06-19 00:00:00+09:00,13650.0,13720.0,13600.0,13600.0,15272,0.0,0.0
2023-06-20 00:00:00+09:00,13780.0,13780.0,13400.0,13450.0,27267,0.0,0.0
2023-06-21 00:00:00+09:00,13430.0,13590.0,13330.0,13330.0,20441,0.0,0.0
2023-06-22 00:00:00+09:00,13250.0,13360.0,13070.0,13080.0,26324,0.0,0.0
2023-06-23 00:00:00+09:00,13080.0,13170.0,12700.0,12900.0,41461,0.0,0.0
2023-06-26 00:00:00+09:00,12780.0,12980.0,12650.0,12900.0,24332,0.0,0.0
2023-06-27 00:00:00+09:00,12780.0,13180.0,12780.0,12950.0,25511,0.0,0.0
2023-06-28 00:00:00+09:00,12950.0,13050.0,12690.0,12840.0,42660,0.0,0.0
2023-06-29 00:00:00+09:00,12830.0,13080.0,12700.0,12700.0,22454,0.0,0.0
2023-06-30 00:00:00+09:00,12790.0,12790.0,12480.0,12540.0,21634,0.0,0.0
2023-07-03 00:00:00+09:00,12540.0,12750.0,12410.0,12470.0,50714,0.0,0.0
2023-07-04 00:00:00+09:00,12550.0,12810.0,12350.0,12350.0,37689,0.0,0.0
2023-07-05 00:00:00+09:00,12350.0,12380.0,12090.0,12110.0,47451,0.0,0.0
2023-07-06 00:00:00+09:00,12010.0,12090.0,11570.0,11610.0,65902,0.0,0.0
2023-07-07 00:00:00+09:00,11600.0,11640.0,11160.0,11190.0,38133,0.0,0.0
2023-07-10 00:00:00+09:00,11190.0,11400.0,10630.0,11400.0,28363,0.0,0.0
2023-07-11 00:00:00+09:00,11500.0,11630.0,11400.0,11630.0,21298,0.0,0.0
2023-07-12 00:00:00+09:00,11630.0,12200.0,11500.0,12130.0,32007,0.0,0.0
2023-07-13 00:00:00+09:00,12160.0,12560.0,11820.0,11910.0,49895,0.0,0.0
2023-07-14 00:00:00+09:00,11910.0,12000.0,11600.0,11640.0,28332,0.0,0.0
2023-07-17 00:00:00+09:00,11640.0,11680.0,11200.0,11640.0,31904,0.0,0.0
2023-07-18 00:00:00+09:00,11520.0,11650.0,11340.0,11540.0,37130,0.0,0.0
2023-07-19 00:00:00+09:00,11600.0,12150.0,11600.0,12140.0,57963,0.0,0.0
2023-07-20 00:00:00+09:00,12170.0,12500.0,11900.0,12370.0,40285,0.0,0.0
2023-07-21 00:00:00+09:00,12180.0,12370.0,12000.0,12010.0,15050,0.0,0.0
2023-07-24 00:00:00+09:00,12020.0,12020.0,11570.0,11770.0,41162,0.0,0.0
2023-07-25 00:00:00+09:00,11690.0,11870.0,11150.0,11530.0,47290,0.0,0.0
2023-07-26 00:00:00+09:00,11550.0,12040.0,11000.0,11770.0,83793,0.0,0.0
2023-07-27 00:00:00+09:00,11720.0,12360.0,11650.0,11840.0,32129,0.0,0.0
2023-07-28 00:00:00+09:00,11660.0,12280.0,11660.0,12180.0,34014,0.0,0.0
2023-07-31 00:00:00+09:00,13050.0,13500.0,12420.0,12510.0,271840,0.0,0.0
2023-08-01 00:00:00+09:00,12510.0,14270.0,12450.0,14250.0,559921,0.0,0.0
2023-08-02 00:00:00+09:00,14320.0,14370.0,13740.0,14190.0,184800,0.0,0.0
2023-08-03 00:00:00+09:00,14050.0,14600.0,13750.0,14600.0,182619,0.0,0.0
2023-08-04 00:00:00+09:00,14600.0,15800.0,14410.0,15800.0,375173,0.0,0.0
2023-08-07 00:00:00+09:00,15820.0,16490.0,15420.0,15870.0,511716,0.0,0.0
2023-08-08 00:00:00+09:00,15840.0,16430.0,14750.0,15510.0,320286,0.0,0.0
2023-08-09 00:00:00+09:00,15500.0,15940.0,15210.0,15940.0,172720,0.0,0.0
2023-08-10 00:00:00+09:00,15950.0,16070.0,15400.0,15800.0,170473,0.0,0.0
2023-08-11 00:00:00+09:00,15710.0,17000.0,15130.0,15740.0,862653,0.0,0.0
2023-08-14 00:00:00+09:00,15800.0,15800.0,14110.0,14110.0,329222,0.0,0.0
2023-08-16 00:00:00+09:00,14080.0,14080.0,12950.0,13260.0,287848,0.0,0.0
2023-08-17 00:00:00+09:00,13320.0,14180.0,13150.0,14000.0,207309,0.0,0.0
2023-08-18 00:00:00+09:00,13730.0,14190.0,13500.0,13730.0,101396,0.0,0.0
2023-08-21 00:00:00+09:00,13800.0,14200.0,13730.0,13890.0,70847,0.0,0.0
2023-08-22 00:00:00+09:00,14100.0,14460.0,13930.0,14090.0,90998,0.0,0.0
2023-08-23 00:00:00+09:00,14090.0,14560.0,13810.0,14270.0,81749,0.0,0.0
2023-08-24 00:00:00+09:00,14310.0,14400.0,13990.0,14000.0,66275,0.0,0.0
2023-08-25 00:00:00+09:00,13900.0,13950.0,13430.0,13430.0,73708,0.0,0.0
2023-08-28 00:00:00+09:00,13570.0,14530.0,13550.0,14530.0,124148,0.0,0.0
2023-08-29 00:00:00+09:00,14530.0,15050.0,14260.0,14640.0,125897,0.0,0.0
2023-08-30 00:00:00+09:00,14850.0,16280.0,14740.0,16020.0,1563286,0.0,0.0
2023-08-31 00:00:00+09:00,15850.0,16210.0,15570.0,15780.0,404177,0.0,0.0
2023-09-01 00:00:00+09:00,15780.0,16100.0,15480.0,15750.0,229000,0.0,0.0
2023-09-04 00:00:00+09:00,15750.0,15750.0,15050.0,15350.0,136571,0.0,0.0
2023-09-05 00:00:00+09:00,15950.0,15960.0,14880.0,15040.0,210049,0.0,0.0
2023-09-06 00:00:00+09:00,15150.0,16590.0,15080.0,16290.0,569491,0.0,0.0
2023-09-07 00:00:00+09:00,16500.0,17460.0,16330.0,16550.0,581315,0.0,0.0
2023-09-08 00:00:00+09:00,16900.0,17150.0,16500.0,16760.0,218278,0.0,0.0
2023-09-11 00:00:00+09:00,16770.0,17570.0,16700.0,17090.0,312950,0.0,0.0
2023-09-12 00:00:00+09:00,17400.0,17760.0,16510.0,16700.0,248621,0.0,0.0
2023-09-13 00:00:00+09:00,16510.0,16810.0,15980.0,16100.0,139951,0.0,0.0
2023-09-14 00:00:00+09:00,16300.0,16560.0,16000.0,16320.0,75250,0.0,0.0
2023-09-15 00:00:00+09:00,16280.0,16340.0,16060.0,16220.0,54965,0.0,0.0
2023-09-18 00:00:00+09:00,16220.0,16490.0,15760.0,16070.0,82957,0.0,0.0
2023-09-19 00:00:00+09:00,16070.0,16280.0,15510.0,15720.0,86260,0.0,0.0
2023-09-20 00:00:00+09:00,15600.0,16100.0,15500.0,15850.0,60491,0.0,0.0
2023-09-21 00:00:00+09:00,15830.0,15950.0,14300.0,15230.0,85266,0.0,0.0
2023-09-22 00:00:00+09:00,15230.0,15490.0,14800.0,14910.0,69321,0.0,0.0
2023-09-25 00:00:00+09:00,14740.0,15130.0,14550.0,14790.0,75810,0.0,0.0
2023-09-26 00:00:00+09:00,14810.0,15050.0,14300.0,14350.0,43333,0.0,0.0
2023-09-27 00:00:00+09:00,14640.0,14750.0,14220.0,14750.0,49489,0.0,0.0
2023-10-04 00:00:00+09:00,14750.0,14780.0,14020.0,14080.0,51975,0.0,0.0
2023-10-05 00:00:00+09:00,14300.0,14700.0,14060.0,14490.0,55626,0.0,0.0
2023-10-06 00:00:00+09:00,14500.0,15090.0,14490.0,15030.0,52526,0.0,0.0
2023-10-10 00:00:00+09:00,15090.0,15090.0,14460.0,14660.0,41289,0.0,0.0
2023-10-11 00:00:00+09:00,14830.0,15340.0,14830.0,14960.0,64490,0.0,0.0
2023-10-12 00:00:00+09:00,15120.0,15520.0,15040.0,15200.0,53860,0.0,0.0
2023-10-13 00:00:00+09:00,15080.0,15220.0,14540.0,14860.0,53778,0.0,0.0
2023-10-16 00:00:00+09:00,14860.0,14860.0,14060.0,14150.0,49778,0.0,0.0
2023-10-17 00:00:00+09:00,14310.0,14700.0,14310.0,14650.0,21507,0.0,0.0
2023-10-18 00:00:00+09:00,14460.0,14640.0,14100.0,14110.0,35692,0.0,0.0
2023-10-19 00:00:00+09:00,13900.0,13970.0,13280.0,13400.0,84527,0.0,0.0
2023-10-20 00:00:00+09:00,13420.0,13420.0,12630.0,12970.0,64900,0.0,0.0
2023-10-23 00:00:00+09:00,12860.0,13170.0,12660.0,12690.0,25266,0.0,0.0
2023-10-24 00:00:00+09:00,12940.0,13500.0,12830.0,13380.0,44015,0.0,0.0
2023-10-25 00:00:00+09:00,13580.0,13920.0,13450.0,13570.0,48046,0.0,0.0
2023-10-26 00:00:00+09:00,13250.0,13560.0,13150.0,13290.0,25762,0.0,0.0
2023-10-27 00:00:00+09:00,13220.0,13630.0,12950.0,13620.0,50141,0.0,0.0
2023-10-30 00:00:00+09:00,13600.0,14180.0,13420.0,14010.0,48479,0.0,0.0
2023-10-31 00:00:00+09:00,14300.0,14620.0,13890.0,14050.0,69139,0.0,0.0
2023-11-01 00:00:00+09:00,14280.0,14310.0,14040.0,14120.0,47813,0.0,0.0
2023-11-02 00:00:00+09:00,14310.0,14680.0,14180.0,14550.0,66778,0.0,0.0
2023-11-03 00:00:00+09:00,14550.0,14990.0,14550.0,14980.0,61075,0.0,0.0
2023-11-06 00:00:00+09:00,14990.0,15500.0,14650.0,15070.0,116443,0.0,0.0
2023-11-07 00:00:00+09:00,15000.0,15260.0,14830.0,15250.0,77677,0.0,0.0
2023-11-08 00:00:00+09:00,15460.0,15900.0,15100.0,15620.0,219910,0.0,0.0
2023-11-09 00:00:00+09:00,15710.0,15740.0,15370.0,15630.0,62668,0.0,0.0
2023-11-10 00:00:00+09:00,15550.0,15670.0,15210.0,15630.0,59276,0.0,0.0
2023-11-13 00:00:00+09:00,15760.0,15760.0,14870.0,15180.0,99871,0.0,0.0
2023-11-14 00:00:00+09:00,15340.0,15800.0,14540.0,14990.0,142602,0.0,0.0
2023-11-15 00:00:00+09:00,15140.0,15870.0,15130.0,15800.0,176307,0.0,0.0
2023-11-16 00:00:00+09:00,16190.0,16470.0,15700.0,16120.0,127602,0.0,0.0
2023-11-17 00:00:00+09:00,16300.0,16300.0,15610.0,15610.0,64694,0.0,0.0
2023-11-20 00:00:00+09:00,15960.0,16470.0,15610.0,16290.0,136214,0.0,0.0
2023-11-21 00:00:00+09:00,16450.0,17130.0,16110.0,17050.0,232373,0.0,0.0
2023-11-22 00:00:00+09:00,17300.0,17400.0,16570.0,16810.0,231158,0.0,0.0
2023-11-23 00:00:00+09:00,17100.0,17130.0,16590.0,16640.0,128861,0.0,0.0
2023-11-24 00:00:00+09:00,16550.0,16840.0,16220.0,16380.0,86889,0.0,0.0
2023-11-27 00:00:00+09:00,16680.0,17120.0,16520.0,16680.0,180668,0.0,0.0
2023-11-28 00:00:00+09:00,16760.0,17300.0,16330.0,16840.0,232426,0.0,0.0
2023-11-29 00:00:00+09:00,16940.0,17020.0,16420.0,16420.0,87176,0.0,0.0
2023-11-30 00:00:00+09:00,16430.0,16580.0,16190.0,16520.0,94258,0.0,0.0
2023-12-01 00:00:00+09:00,16940.0,17070.0,16600.0,16610.0,147935,0.0,0.0
2023-12-04 00:00:00+09:00,16700.0,16750.0,16160.0,16300.0,73914,0.0,0.0
2023-12-05 00:00:00+09:00,16270.0,16500.0,15660.0,15850.0,74995,0.0,0.0
2023-12-06 00:00:00+09:00,15850.0,16110.0,15630.0,15940.0,55781,0.0,0.0
2023-12-07 00:00:00+09:00,15960.0,16500.0,15860.0,16360.0,99170,0.0,0.0
2023-12-08 00:00:00+09:00,16520.0,16520.0,15750.0,15910.0,100358,0.0,0.0
2023-12-11 00:00:00+09:00,15970.0,16450.0,15930.0,15930.0,72884,0.0,0.0
2023-12-12 00:00:00+09:00,16090.0,16270.0,15690.0,15750.0,88899,0.0,0.0
2023-12-13 00:00:00+09:00,15800.0,16000.0,15500.0,15730.0,49601,0.0,0.0
2023-12-14 00:00:00+09:00,15870.0,16110.0,15580.0,15900.0,93063,0.0,0.0
2023-12-15 00:00:00+09:00,15900.0,16870.0,15900.0,16620.0,252218,0.0,0.0
2023-12-18 00:00:00+09:00,16650.0,16820.0,16380.0,16690.0,100171,0.0,0.0
2023-12-19 00:00:00+09:00,16720.0,16760.0,16350.0,16400.0,79125,0.0,0.0
2023-12-20 00:00:00+09:00,16390.0,16800.0,16300.0,16760.0,122009,0.0,0.0
2023-12-21 00:00:00+09:00,16600.0,16650.0,16240.0,16290.0,105361,0.0,0.0
2023-12-22 00:00:00+09:00,16390.0,16510.0,16190.0,16190.0,96478,0.0,0.0
2023-12-26 00:00:00+09:00,16250.0,16530.0,15880.0,15910.0,83248,0.0,0.0
2023-12-27 00:00:00+09:00,15990.0,16180.0,15830.0,16130.0,65268,0.0,0.0
2023-12-28 00:00:00+09:00,16200.0,16200.0,15850.0,16130.0,57374,0.0,0.0
2024-01-02 00:00:00+09:00,16260.0,17310.0,16250.0,16790.0,220369,0.0,0.0
2024-01-03 00:00:00+09:00,16700.0,17420.0,16550.0,17410.0,200670,0.0,0.0
2024-01-04 00:00:00+09:00,17340.0,17340.0,16560.0,16810.0,153787,0.0,0.0
2024-01-05 00:00:00+09:00,16600.0,16940.0,16500.0,16780.0,101167,0.0,0.0
2024-01-08 00:00:00+09:00,16780.0,17900.0,16780.0,17750.0,386981,0.0,0.0
2024-01-09 00:00:00+09:00,18000.0,18000.0,17260.0,17590.0,173599,0.0,0.0
2024-01-10 00:00:00+09:00,17670.0,17780.0,17180.0,17480.0,147187,0.0,0.0
2024-01-11 00:00:00+09:00,17650.0,18940.0,17450.0,18900.0,540403,0.0,0.0
2024-01-12 00:00:00+09:00,19100.0,19200.0,18150.0,18550.0,327481,0.0,0.0
2024-01-15 00:00:00+09:00,18700.0,18700.0,18350.0,18740.0,55947,0.0,0.0
2024-01-16 00:00:00+09:00,18810.0,19270.0,17940.0,18220.0,174104,0.0,0.0
2024-01-17 00:00:00+09:00,18230.0,18230.0,17330.0,17390.0,153109,0.0,0.0
2024-01-18 00:00:00+09:00,17260.0,17910.0,17210.0,17740.0,123254,0.0,0.0
2024-01-19 00:00:00+09:00,18000.0,18590.0,17950.0,18500.0,189371,0.0,0.0
2024-01-22 00:00:00+09:00,18580.0,18590.0,17960.0,17990.0,117035,0.0,0.0
2024-01-23 00:00:00+09:00,18000.0,18340.0,17770.0,18170.0,65632,0.0,0.0
2024-01-24 00:00:00+09:00,18260.0,18260.0,17690.0,17760.0,85654,0.0,0.0
2024-01-25 00:00:00+09:00,17820.0,17820.0,17120.0,17170.0,110760,0.0,0.0
2024-01-26 00:00:00+09:00,17170.0,17450.0,17090.0,17180.0,76165,0.0,0.0
2024-01-29 00:00:00+09:00,17390.0,17390.0,16360.0,16500.0,169834,0.0,0.0
2024-01-30 00:00:00+09:00,16590.0,16760.0,15950.0,16220.0,117299,0.0,0.0
2024-01-31 00:00:00+09:00,16220.0,16540.0,15980.0,15980.0,118756,0.0,0.0
2024-02-01 00:00:00+09:00,15930.0,16150.0,15230.0,15460.0,203463,0.0,0.0
2024-02-02 00:00:00+09:00,15520.0,15750.0,15090.0,15290.0,190921,0.0,0.0
2024-02-05 00:00:00+09:00,15320.0,15430.0,15060.0,15150.0,68133,0.0,0.0
2024-02-06 00:00:00+09:00,15150.0,15390.0,15020.0,15230.0,75292,0.0,0.0
2024-02-07 00:00:00+09:00,15380.0,15420.0,15120.0,15250.0,58215,0.0,0.0
2024-02-08 00:00:00+09:00,15340.0,15640.0,15190.0,15500.0,70868,0.0,0.0
2024-02-13 00:00:00+09:00,15540.0,15740.0,15300.0,15690.0,62251,0.0,0.0
2024-02-14 00:00:00+09:00,15510.0,15870.0,15370.0,15870.0,58937,0.0,0.0
2024-02-15 00:00:00+09:00,15930.0,15990.0,15590.0,15640.0,70727,0.0,0.0
2024-02-16 00:00:00+09:00,15800.0,16080.0,15600.0,15870.0,99370,0.0,0.0
2024-02-19 00:00:00+09:00,15880.0,15970.0,15620.0,15840.0,54636,0.0,0.0
2024-02-20 00:00:00+09:00,15960.0,16040.0,15680.0,15860.0,210904,0.0,0.0
2024-02-21 00:00:00+09:00,16900.0,16900.0,16110.0,16110.0,491348,0.0,0.0
2024-02-22 00:00:00+09:00,16290.0,16290.0,15620.0,15650.0,165221,0.0,0.0
2024-02-23 00:00:00+09:00,15810.0,15820.0,15310.0,15420.0,82531,0.0,0.0
2024-02-26 00:00:00+09:00,15470.0,15500.0,15180.0,15180.0,67193,0.0,0.0
2024-02-27 00:00:00+09:00,15230.0,15420.0,14910.0,14980.0,59152,0.0,0.0
2024-02-28 00:00:00+09:00,14910.0,15190.0,14800.0,14970.0,206154,0.0,0.0
2024-02-29 00:00:00+09:00,15020.0,15510.0,14950.0,15340.0,66382,0.0,0.0
2024-03-04 00:00:00+09:00,15350.0,15410.0,14980.0,15020.0,53675,0.0,0.0
2024-03-05 00:00:00+09:00,15000.0,15240.0,14950.0,15030.0,43639,0.0,0.0
2024-03-06 00:00:00+09:00,14930.0,15110.0,14890.0,14900.0,42553,0.0,0.0
2024-03-07 00:00:00+09:00,15040.0,15070.0,14580.0,14580.0,54588,0.0,0.0
2024-03-08 00:00:00+09:00,14590.0,14680.0,14250.0,14310.0,62765,0.0,0.0
2024-03-11 00:00:00+09:00,14310.0,14770.0,14200.0,14630.0,43819,0.0,0.0
2024-03-12 00:00:00+09:00,14860.0,15070.0,14510.0,15030.0,62660,0.0,0.0
2024-03-13 00:00:00+09:00,15170.0,15220.0,14890.0,15170.0,45377,0.0,0.0
2024-03-14 00:00:00+09:00,15080.0,15170.0,14840.0,14870.0,31215,0.0,0.0
2024-03-15 00:00:00+09:00,14820.0,14970.0,14780.0,14870.0,15466,0.0,0.0
2024-03-18 00:00:00+09:00,14990.0,15040.0,14770.0,14870.0,16865,0.0,0.0
2024-03-19 00:00:00+09:00,14800.0,15290.0,14420.0,15190.0,84206,0.0,0.0
2024-03-20 00:00:00+09:00,15270.0,15370.0,15110.0,15330.0,50567,0.0,0.0
2024-03-21 00:00:00+09:00,15420.0,15470.0,15230.0,15230.0,35171,0.0,0.0
2024-03-22 00:00:00+09:00,15380.0,15380.0,14850.0,15170.0,25065,0.0,0.0
2024-03-25 00:00:00+09:00,15160.0,15160.0,14820.0,14820.0,50791,0.0,0.0
2024-03-26 00:00:00+09:00,14800.0,15240.0,14750.0,15160.0,54654,0.0,0.0
2024-03-27 00:00:00+09:00,15160.0,15320.0,14970.0,15010.0,49975,0.0,0.0
2024-03-28 00:00:00+09:00,15010.0,15150.0,14810.0,14810.0,31659,0.0,0.0
2024-03-29 00:00:00+09:00,14810.0,14840.0,14310.0,14410.0,73477,0.0,0.0
2024-04-01 00:00:00+09:00,14310.0,16700.0,14310.0,16700.0,703912,0.0,0.0
2024-04-02 00:00:00+09:00,16420.0,16420.0,15470.0,15560.0,222267,0.0,0.0
2024-04-03 00:00:00+09:00,15520.0,17060.0,15040.0,15390.0,278588,0.0,0.0
2024-04-04 00:00:00+09:00,15450.0,15660.0,15150.0,15250.0,72056,0.0,0.0
2024-04-05 00:00:00+09:00,15140.0,15200.0,14730.0,14730.0,75362,0.0,0.0
2024-04-08 00:00:00+09:00,14730.0,14970.0,14500.0,14500.0,47580,0.0,0.0
2024-04-09 00:00:00+09:00,14570.0,14930.0,14570.0,14720.0,24041,0.0,0.0
2024-04-11 00:00:00+09:00,14510.0,14880.0,14250.0,14820.0,28349,0.0,0.0
2024-04-12 00:00:00+09:00,14720.0,15000.0,14580.0,14620.0,34953,0.0,0.0
2024-04-15 00:00:00+09:00,14380.0,14490.0,13960.0,14170.0,62594,0.0,0.0
2024-04-16 00:00:00+09:00,14060.0,14720.0,13740.0,13740.0,87227,0.0,0.0
2024-04-17 00:00:00+09:00,13800.0,14290.0,13800.0,14020.0,40303,0.0,0.0
2024-04-18 00:00:00+09:00,13950.0,14460.0,13950.0,14350.0,28933,0.0,0.0
2024-04-19 00:00:00+09:00,14360.0,14360.0,13750.0,13970.0,32482,0.0,0.0
2024-04-22 00:00:00+09:00,14020.0,14270.0,13950.0,14160.0,45446,0.0,0.0
2024-04-23 00:00:00+09:00,14200.0,14410.0,14150.0,14250.0,23090,0.0,0.0
2024-04-24 00:00:00+09:00,14350.0,14830.0,14350.0,14740.0,64093,0.0,0.0
2024-04-25 00:00:00+09:00,14740.0,15560.0,14600.0,15230.0,124231,0.0,0.0
2024-04-26 00:00:00+09:00,15240.0,15630.0,15230.0,15260.0,74839,0.0,0.0
2024-04-29 00:00:00+09:00,15260.0,15600.0,15220.0,15540.0,51203,0.0,0.0
2024-04-30 00:00:00+09:00,15990.0,16120.0,15540.0,15540.0,117605,0.0,0.0
2024-05-02 00:00:00+09:00,15540.0,15910.0,15350.0,15630.0,75480,0.0,0.0
2024-05-03 00:00:00+09:00,15630.0,15850.0,15570.0,15570.0,48538,0.0,0.0
2024-05-07 00:00:00+09:00,15580.0,15920.0,15490.0,15700.0,67247,0.0,0.0
2024-05-08 00:00:00+09:00,15700.0,16240.0,15700.0,16010.0,106202,0.0,0.0
2024-05-09 00:00:00+09:00,15940.0,16090.0,15820.0,15820.0,30171,0.0,0.0
2024-05-10 00:00:00+09:00,15920.0,16000.0,15510.0,15900.0,44556,0.0,0.0
2024-05-13 00:00:00+09:00,16000.0,16000.0,15670.0,15890.0,28463,0.0,0.0
2024-05-14 00:00:00+09:00,16000.0,16130.0,15000.0,15190.0,211377,0.0,0.0
2024-05-16 00:00:00+09:00,15190.0,15380.0,15100.0,15230.0,50339,0.0,0.0
2024-05-17 00:00:00+09:00,15220.0,15360.0,14730.0,14810.0,82178,0.0,0.0
2024-05-20 00:00:00+09:00,14810.0,14910.0,14500.0,14590.0,38795,0.0,0.0
2024-05-21 00:00:00+09:00,14700.0,14730.0,14280.0,14410.0,53985,0.0,0.0
2024-05-22 00:00:00+09:00,14480.0,14620.0,14130.0,14170.0,43279,0.0,0.0
2024-05-23 00:00:00+09:00,14190.0,14290.0,13980.0,14120.0,49026,0.0,0.0
2024-05-24 00:00:00+09:00,14100.0,14100.0,13820.0,13820.0,52049,0.0,0.0
2024-05-27 00:00:00+09:00,14000.0,14010.0,13790.0,13980.0,33005,0.0,0.0
2024-05-28 00:00:00+09:00,14200.0,14450.0,13900.0,14000.0,55735,0.0,0.0
2024-05-29 00:00:00+09:00,14140.0,14140.0,13520.0,13600.0,58811,0.0,0.0
2024-05-30 00:00:00+09:00,13580.0,13650.0,13400.0,13440.0,58906,0.0,0.0
2024-05-31 00:00:00+09:00,13530.0,13610.0,13280.0,13290.0,43233,0.0,0.0
2024-06-03 00:00:00+09:00,13400.0,13530.0,13280.0,13400.0,54872,0.0,0.0
2024-06-04 00:00:00+09:00,13480.0,13480.0,13080.0,13200.0,46816,0.0,0.0
2024-06-05 00:00:00+09:00,13200.0,13350.0,13120.0,13200.0,35573,0.0,0.0
2024-06-07 00:00:00+09:00,13250.0,13250.0,12970.0,12970.0,49361,0.0,0.0
2024-06-10 00:00:00+09:00,13050.0,13110.0,12890.0,12970.0,41124,0.0,0.0
2024-06-11 00:00:00+09:00,12990.0,13020.0,12800.0,12800.0,39315,0.0,0.0
2024-06-12 00:00:00+09:00,12830.0,13360.0,12810.0,13270.0,53106,0.0,0.0
2024-06-13 00:00:00+09:00,13390.0,13400.0,12990.0,13200.0,57619,0.0,0.0
2024-06-14 00:00:00+09:00,13200.0,13330.0,12940.0,12940.0,32004,0.0,0.0
2024-06-17 00:00:00+09:00,12900.0,13020.0,12800.0,12900.0,28415,0.0,0.0
2024-06-18 00:00:00+09:00,12990.0,13020.0,12900.0,13000.0,22078,0.0,0.0
2024-06-19 00:00:00+09:00,13010.0,13200.0,12940.0,13030.0,23617,0.0,0.0
2024-06-20 00:00:00+09:00,13000.0,13510.0,13000.0,13230.0,51777,0.0,0.0
2024-06-21 00:00:00+09:00,13100.0,13360.0,12850.0,12870.0,47574,0.0,0.0
2024-06-24 00:00:00+09:00,12870.0,13170.0,12860.0,12860.0,36826,0.0,0.0
2024-06-25 00:00:00+09:00,12780.0,12990.0,12730.0,12870.0,33662,0.0,0.0
2024-06-26 00:00:00+09:00,12830.0,13010.0,12810.0,12990.0,21555,0.0,0.0
2024-06-27 00:00:00+09:00,13070.0,13370.0,12900.0,13270.0,48371,0.0,0.0
2024-06-28 00:00:00+09:00,13280.0,13300.0,13100.0,13260.0,23095,0.0,0.0
2024-07-01 00:00:00+09:00,13370.0,13370.0,13090.0,13100.0,24806,0.0,0.0
2024-07-02 00:00:00+09:00,13160.0,13230.0,12770.0,12770.0,42442,0.0,0.0
2024-07-03 00:00:00+09:00,12820.0,14540.0,12820.0,13190.0,883325,0.0,0.0
2024-07-04 00:00:00+09:00,13260.0,14430.0,13220.0,14110.0,353036,0.0,0.0
2024-07-05 00:00:00+09:00,13780.0,13990.0,13470.0,13470.0,158222,0.0,0.0
2024-07-08 00:00:00+09:00,13690.0,14370.0,13650.0,13900.0,236411,0.0,0.0
2024-07-09 00:00:00+09:00,14400.0,15440.0,13930.0,14550.0,1349752,0.0,0.0
2024-07-10 00:00:00+09:00,14430.0,14540.0,14120.0,14340.0,165510,0.0,0.0
2024-07-11 00:00:00+09:00,14820.0,14950.0,14510.0,14510.0,252097,0.0,0.0
2024-07-12 00:00:00+09:00,14300.0,14480.0,14120.0,14260.0,104264,0.0,0.0
2024-07-15 00:00:00+09:00,14280.0,14280.0,13960.0,14010.0,73991,0.0,0.0
2024-07-16 00:00:00+09:00,14000.0,14080.0,13510.0,13930.0,111248,0.0,0.0
2024-07-17 00:00:00+09:00,13730.0,13840.0,13230.0,13240.0,111246,0.0,0.0
2024-07-18 00:00:00+09:00,13120.0,13600.0,12900.0,13530.0,62291,0.0,0.0
2024-07-19 00:00:00+09:00,13610.0,13610.0,13200.0,13380.0,29834,0.0,0.0
2024-07-22 00:00:00+09:00,13320.0,13360.0,12880.0,12900.0,56451,0.0,0.0
2024-07-23 00:00:00+09:00,12930.0,13290.0,12890.0,12900.0,43962,0.0,0.0
2024-07-24 00:00:00+09:00,12900.0,13180.0,12760.0,12920.0,36933,0.0,0.0
2024-07-25 00:00:00+09:00,12790.0,12790.0,12360.0,12400.0,69098,0.0,0.0
2024-07-26 00:00:00+09:00,12360.0,12590.0,12050.0,12190.0,69190,0.0,0.0
2024-07-29 00:00:00+09:00,12200.0,12340.0,12110.0,12190.0,30057,0.0,0.0
2024-07-30 00:00:00+09:00,12180.0,12180.0,11790.0,11960.0,57641,0.0,0.0
2024-07-31 00:00:00+09:00,11960.0,12050.0,11770.0,12040.0,33369,0.0,0.0
2024-08-01 00:00:00+09:00,12100.0,12300.0,12070.0,12190.0,30357,0.0,0.0
2024-08-02 00:00:00+09:00,12020.0,12050.0,11520.0,11530.0,81274,0.0,0.0
2024-08-05 00:00:00+09:00,11220.0,11470.0,9510.0,9950.0,158376,0.0,0.0
2024-08-06 00:00:00+09:00,9900.0,10570.0,9900.0,10330.0,89032,0.0,0.0
2024-08-07 00:00:00+09:00,10200.0,11340.0,10200.0,11110.0,85847,0.0,0.0
2024-08-08 00:00:00+09:00,10780.0,11340.0,10780.0,11320.0,33270,0.0,0.0
2024-08-09 00:00:00+09:00,11350.0,11600.0,11310.0,11340.0,56670,0.0,0.0
2024-08-12 00:00:00+09:00,11460.0,11630.0,11380.0,11590.0,30249,0.0,0.0
2024-08-13 00:00:00+09:00,11600.0,11760.0,11370.0,11740.0,83253,0.0,0.0
2024-08-14 00:00:00+09:00,11900.0,11970.0,11740.0,11880.0,57952,0.0,0.0
2024-08-16 00:00:00+09:00,11620.0,11660.0,11210.0,11280.0,105209,0.0,0.0
2024-08-19 00:00:00+09:00,11280.0,11280.0,11100.0,11150.0,28521,0.0,0.0
2024-08-20 00:00:00+09:00,11170.0,11490.0,11170.0,11420.0,36653,0.0,0.0
2024-08-21 00:00:00+09:00,11410.0,11410.0,10960.0,11120.0,45479,0.0,0.0
2024-08-22 00:00:00+09:00,11150.0,11200.0,10900.0,10930.0,31106,0.0,0.0
2024-08-23 00:00:00+09:00,10790.0,10880.0,10620.0,10720.0,35379,0.0,0.0
2024-08-26 00:00:00+09:00,10820.0,10820.0,10500.0,10550.0,29795,0.0,0.0
2024-08-27 00:00:00+09:00,10550.0,10750.0,10430.0,10630.0,18998,0.0,0.0
2024-08-28 00:00:00+09:00,10570.0,10800.0,10510.0,10790.0,13762,0.0,0.0
2024-08-29 00:00:00+09:00,10900.0,11020.0,10580.0,10670.0,39107,0.0,0.0
2024-08-30 00:00:00+09:00,10860.0,10860.0,10670.0,10770.0,22527,0.0,0.0
2024-09-02 00:00:00+09:00,11130.0,11490.0,10960.0,11300.0,117961,0.0,0.0
2024-09-03 00:00:00+09:00,11150.0,11340.0,11150.0,11300.0,46437,0.0,0.0
2024-09-04 00:00:00+09:00,11070.0,11190.0,10870.0,10910.0,44766,0.0,0.0
2024-09-05 00:00:00+09:00,11200.0,11200.0,10830.0,11080.0,37833,0.0,0.0
2024-09-06 00:00:00+09:00,11010.0,11870.0,11010.0,11290.0,182486,0.0,0.0
2024-09-09 00:00:00+09:00,11090.0,11250.0,10950.0,11190.0,32504,0.0,0.0
2024-09-10 00:00:00+09:00,11190.0,11350.0,11110.0,11200.0,34330,0.0,0.0
2024-09-11 00:00:00+09:00,11240.0,11630.0,11160.0,11270.0,47794,0.0,0.0
2024-09-12 00:00:00+09:00,11300.0,11500.0,11300.0,11500.0,38229,0.0,0.0
2024-09-13 00:00:00+09:00,11550.0,12040.0,11500.0,11930.0,81305,0.0,0.0
2024-09-19 00:00:00+09:00,12050.0,12050.0,11400.0,11550.0,72614,0.0,0.0
2024-09-20 00:00:00+09:00,11720.0,11770.0,11500.0,11550.0,33389,0.0,0.0
2024-09-23 00:00:00+09:00,11550.0,11740.0,11470.0,11620.0,18466,0.0,0.0
2024-09-24 00:00:00+09:00,11750.0,12000.0,11500.0,11670.0,25302,0.0,0.0
2024-09-25 00:00:00+09:00,11670.0,12520.0,11670.0,11700.0,206305,0.0,0.0
2024-09-26 00:00:00+09:00,11750.0,11970.0,11750.0,11930.0,33174,0.0,0.0
2024-09-27 00:00:00+09:00,12090.0,12140.0,11880.0,11930.0,41314,0.0,0.0
2024-09-30 00:00:00+09:00,11900.0,11950.0,11680.0,11770.0,27342,0.0,0.0
2024-10-02 00:00:00+09:00,11660.0,11750.0,11450.0,11550.0,25323,0.0,0.0
2024-10-04 00:00:00+09:00,11440.0,11670.0,11370.0,11550.0,16326,0.0,0.0
2024-10-07 00:00:00+09:00,11550.0,11730.0,11400.0,11730.0,16957,0.0,0.0
2024-10-08 00:00:00+09:00,11620.0,11770.0,11420.0,11470.0,19218,0.0,0.0
2024-10-10 00:00:00+09:00,11590.0,11590.0,11000.0,11050.0,43752,0.0,0.0
2024-10-11 00:00:00+09:00,10940.0,11100.0,10810.0,10860.0,27890,0.0,0.0
2024-10-14 00:00:00+09:00,10950.0,10950.0,10640.0,10650.0,32957,0.0,0.0
2024-10-15 00:00:00+09:00,10800.0,10800.0,10450.0,10570.0,24305,0.0,0.0
2024-10-16 00:00:00+09:00,10560.0,10560.0,10370.0,10410.0,14110,0.0,0.0
2024-10-17 00:00:00+09:00,10410.0,10440.0,10140.0,10230.0,23714,0.0,0.0
2024-10-18 00:00:00+09:00,10360.0,10390.0,10180.0,10200.0,13271,0.0,0.0
2024-10-21 00:00:00+09:00,10300.0,10500.0,10070.0,10200.0,23648,0.0,0.0
2024-10-22 00:00:00+09:00,10100.0,10180.0,9920.0,9940.0,42993,0.0,0.0
2024-10-23 00:00:00+09:00,9950.0,10400.0,9850.0,10400.0,39778,0.0,0.0
2024-10-24 00:00:00+09:00,10310.0,10310.0,9990.0,10030.0,30110,0.0,0.0
2024-10-25 00:00:00+09:00,10050.0,10150.0,9830.0,9910.0,15490,0.0,0.0
2024-10-28 00:00:00+09:00,9910.0,10230.0,9900.0,10200.0,27297,0.0,0.0
2024-10-29 00:00:00+09:00,10200.0,10400.0,10140.0,10390.0,14839,0.0,0.0
2024-10-30 00:00:00+09:00,10440.0,10580.0,10230.0,10410.0,10414,0.0,0.0
2024-10-31 00:00:00+09:00,10310.0,10610.0,10230.0,10590.0,15727,0.0,0.0
2024-11-01 00:00:00+09:00,10590.0,10590.0,10230.0,10320.0,18812,0.0,0.0
2024-11-04 00:00:00+09:00,10310.0,10500.0,10210.0,10500.0,22896,0.0,0.0
2024-11-05 00:00:00+09:00,10410.0,11120.0,10410.0,10860.0,47003,0.0,0.0
2024-11-06 00:00:00+09:00,10800.0,10860.0,10430.0,10640.0,45492,0.0,0.0
2024-11-07 00:00:00+09:00,10660.0,11080.0,10590.0,10640.0,63423,0.0,0.0
2024-11-08 00:00:00+09:00,10990.0,11440.0,10880.0,11300.0,40370,0.0,0.0
2024-11-11 00:00:00+09:00,11200.0,11390.0,10980.0,11110.0,36138,0.0,0.0
2024-11-12 00:00:00+09:00,11000.0,11310.0,10540.0,10590.0,49182,0.0,0.0
2024-11-13 00:00:00+09:00,10890.0,11050.0,10440.0,10460.0,42530,0.0,0.0
2024-11-14 00:00:00+09:00,10500.0,10670.0,9530.0,9700.0,164562,0.0,0.0
2024-11-15 00:00:00+09:00,9700.0,9760.0,9380.0,9720.0,49883,0.0,0.0
2024-11-18 00:00:00+09:00,9910.0,10150.0,9750.0,10050.0,35689,0.0,0.0
2024-11-19 00:00:00+09:00,9900.0,10480.0,9900.0,10280.0,46994,0.0,0.0
2024-11-20 00:00:00+09:00,10290.0,10290.0,10050.0,10150.0,21574,0.0,0.0
2024-11-21 00:00:00+09:00,10200.0,10200.0,10000.0,10030.0,16229,0.0,0.0
2024-11-22 00:00:00+09:00,10200.0,10250.0,10020.0,10070.0,18374,0.0,0.0
2024-11-25 00:00:00+09:00,10010.0,10190.0,9610.0,9960.0,20749,0.0,0.0
2024-11-26 00:00:00+09:00,10130.0,10130.0,9600.0,10000.0,35100,0.0,0.0
2024-11-27 00:00:00+09:00,10100.0,10100.0,9760.0,9890.0,27498,0.0,0.0
2024-11-28 00:00:00+09:00,9840.0,9920.0,9680.0,9720.0,35076,0.0,0.0
2024-11-29 00:00:00+09:00,9840.0,9840.0,9310.0,9340.0,52442,0.0,0.0
2024-12-02 00:00:00+09:00,9530.0,9530.0,9000.0,9100.0,46388,0.0,0.0
2024-12-03 00:00:00+09:00,9100.0,9320.0,9090.0,9240.0,18100,0.0,0.0
2024-12-04 00:00:00+09:00,9000.0,9180.0,8900.0,9170.0,47789,0.0,0.0
2024-12-05 00:00:00+09:00,9080.0,9290.0,8920.0,8990.0,22216,0.0,0.0
2024-12-06 00:00:00+09:00,8740.0,8970.0,8460.0,8540.0,57839,0.0,0.0
2024-12-09 00:00:00+09:00,8220.0,8600.0,7900.0,7910.0,55516,0.0,0.0
2024-12-10 00:00:00+09:00,7610.0,8530.0,7610.0,8440.0,38114,0.0,0.0
2024-12-11 00:00:00+09:00,8450.0,8870.0,8450.0,8870.0,25526,0.0,0.0
2024-12-12 00:00:00+09:00,8880.0,8990.0,8710.0,8960.0,24068,0.0,0.0
2024-12-13 00:00:00+09:00,8850.0,9160.0,8850.0,9050.0,14877,0.0,0.0
2024-12-16 00:00:00+09:00,9140.0,9210.0,9070.0,9140.0,17540,0.0,0.0
2024-12-17 00:00:00+09:00,9120.0,9210.0,9040.0,9160.0,11953,0.0,0.0
2024-12-18 00:00:00+09:00,9210.0,9350.0,9140.0,9330.0,19650,0.0,0.0
2024-12-19 00:00:00+09:00,8980.0,9250.0,8980.0,9190.0,15927,0.0,0.0
2024-12-20 00:00:00+09:00,9180.0,9210.0,8840.0,8840.0,26930,0.0,0.0
2024-12-23 00:00:00+09:00,8840.0,9080.0,8840.0,9040.0,10055,0.0,0.0
2024-12-24 00:00:00+09:00,9040.0,9100.0,8940.0,9010.0,6314,0.0,0.0
2024-12-26 00:00:00+09:00,8900.0,8990.0,8810.0,8810.0,11478,0.0,0.0
2024-12-27 00:00:00+09:00,8790.0,8890.0,8620.0,8790.0,15514,0.0,0.0
2024-12-30 00:00:00+09:00,8790.0,8900.0,8730.0,8900.0,14106,0.0,0.0
2025-01-02 00:00:00+09:00,8810.0,9140.0,8800.0,9140.0,14525,0.0,0.0
2025-01-03 00:00:00+09:00,9100.0,9290.0,9100.0,9200.0,23886,0.0,0.0
2025-01-06 00:00:00+09:00,9300.0,9420.0,9230.0,9380.0,26392,0.0,0.0
2025-01-07 00:00:00+09:00,9380.0,9460.0,9180.0,9200.0,27028,0.0,0.0
2025-01-08 00:00:00+09:00,9110.0,9350.0,9080.0,9200.0,23406,0.0,0.0
2025-01-09 00:00:00+09:00,9110.0,9350.0,8960.0,9290.0,23382,0.0,0.0
2025-01-10 00:00:00+09:00,9300.0,9480.0,9160.0,9330.0,29843,0.0,0.0
2025-01-13 00:00:00+09:00,9220.0,10070.0,9190.0,9500.0,215533,0.0,0.0
2025-01-14 00:00:00+09:00,9480.0,9560.0,9350.0,9510.0,48265,0.0,0.0
2025-01-15 00:00:00+09:00,9560.0,9680.0,9280.0,9280.0,52770,0.0,0.0
2025-01-16 00:00:00+09:00,9300.0,9480.0,9300.0,9410.0,26123,0.0,0.0
2025-01-17 00:00:00+09:00,9370.0,9480.0,9300.0,9350.0,12982,0.0,0.0
2025-01-20 00:00:00+09:00,9440.0,9440.0,9200.0,9230.0,25967,0.0,0.0
2025-01-21 00:00:00+09:00,9160.0,9400.0,9150.0,9250.0,23980,0.0,0.0
2025-01-22 00:00:00+09:00,9200.0,9300.0,9070.0,9250.0,66450,0.0,0.0
2025-01-23 00:00:00+09:00,9230.0,9230.0,8860.0,8920.0,52179,0.0,0.0
2025-01-24 00:00:00+09:00,8910.0,9090.0,8810.0,9010.0,23700,0.0,0.0
2025-01-31 00:00:00+09:00,8980.0,8980.0,8780.0,8830.0,17209,0.0,0.0
2025-02-03 00:00:00+09:00,8730.0,8760.0,8410.0,8560.0,26216,0.0,0.0
2025-02-04 00:00:00+09:00,8560.0,8980.0,8560.0,8890.0,38480,0.0,0.0
2025-02-05 00:00:00+09:00,8990.0,9640.0,8900.0,9550.0,127937,0.0,0.0
2025-02-06 00:00:00+09:00,9560.0,9920.0,9450.0,9850.0,93758,0.0,0.0
2025-02-07 00:00:00+09:00,9750.0,10000.0,9400.0,9730.0,45232,0.0,0.0
2025-02-10 00:00:00+09:00,9780.0,10030.0,9550.0,10020.0,51937,0.0,0.0
2025-02-11 00:00:00+09:00,10060.0,10060.0,9700.0,9890.0,35460,0.0,0.0
2025-02-12 00:00:00+09:00,9840.0,10060.0,9760.0,9830.0,43804,0.0,0.0
2025-02-13 00:00:00+09:00,10050.0,10120.0,9740.0,10020.0,39260,0.0,0.0
2025-02-14 00:00:00+09:00,10020.0,10120.0,9870.0,9980.0,21724,0.0,0.0
2025-02-17 00:00:00+09:00,9900.0,10020.0,9800.0,9990.0,25611,0.0,0.0
2025-02-18 00:00:00+09:00,9850.0,9970.0,9770.0,9800.0,25073,0.0,0.0
2025-02-19 00:00:00+09:00,9800.0,9890.0,9720.0,9770.0,21619,0.0,0.0
2025-02-20 00:00:00+09:00,9770.0,9850.0,9670.0,9720.0,17024,0.0,0.0
2025-02-21 00:00:00+09:00,9820.0,9820.0,9610.0,9690.0,12396,0.0,0.0
2025-02-24 00:00:00+09:00,9620.0,10060.0,9580.0,9950.0,45883,0.0,0.0
2025-02-25 00:00:00+09:00,9880.0,9950.0,9700.0,9840.0,19997,0.0,0.0
2025-02-26 00:00:00+09:00,9800.0,10210.0,9740.0,10030.0,57909,0.0,0.0
2025-02-27 00:00:00+09:00,10000.0,10160.0,9820.0,9990.0,34093,0.0,0.0
2025-02-28 00:00:00+09:00,9910.0,9950.0,9560.0,9610.0,39099,0.0,0.0
2025-03-04 00:00:00+09:00,9610.0,9810.0,9390.0,9810.0,22322,0.0,0.0
2025-03-05 00:00:00+09:00,9910.0,10700.0,9910.0,10530.0,117637,0.0,0.0
2025-03-06 00:00:00+09:00,10540.0,10730.0,10270.0,10400.0,48017,0.0,0.0
2025-03-07 00:00:00+09:00,10370.0,10400.0,10210.0,10400.0,36905,0.0,0.0
2025-03-10 00:00:00+09:00,10400.0,10460.0,10220.0,10390.0,25480,0.0,0.0
2025-03-11 00:00:00+09:00,10180.0,10290.0,9960.0,10240.0,23889,0.0,0.0
2025-03-12 00:00:00+09:00,10200.0,10320.0,10090.0,10150.0,41735,0.0,0.0
2025-03-13 00:00:00+09:00,10250.0,10370.0,10110.0,10220.0,38103,0.0,0.0
2025-03-14 00:00:00+09:00,10200.0,10540.0,10100.0,10420.0,58598,0.0,0.0
2025-03-17 00:00:00+09:00,10390.0,10550.0,10270.0,10540.0,24958,0.0,0.0
2025-03-18 00:00:00+09:00,10440.0,10640.0,10430.0,10540.0,48902,0.0,0.0
2025-03-19 00:00:00+09:00,10510.0,11180.0,10440.0,11020.0,132920,0.0,0.0
2025-03-20 00:00:00+09:00,11060.0,11060.0,10780.0,11020.0,48261,0.0,0.0
2025-03-21 00:00:00+09:00,11100.0,11100.0,10770.0,10940.0,37091,0.0,0.0
2025-03-24 00:00:00+09:00,10980.0,11120.0,10750.0,10780.0,47883,0.0,0.0
2025-03-25 00:00:00+09:00,10860.0,11020.0,10800.0,10900.0,57648,0.0,0.0
2025-03-26 00:00:00+09:00,10990.0,11070.0,10790.0,10970.0,36966,0.0,0.0
2025-03-27 00:00:00+09:00,10970.0,10970.0,10760.0,10820.0,35687,0.0,0.0
2025-03-28 00:00:00+09:00,10870.0,10870.0,10320.0,10350.0,42988,0.0,0.0
2025-03-31 00:00:00+09:00,10350.0,10350.0,9920.0,10090.0,17091,0.0,0.0
2025-04-01 00:00:00+09:00,10090.0,10380.0,9590.0,10100.0,27566,0.0,0.0
2025-04-02 00:00:00+09:00,10350.0,10350.0,9980.0,9980.0,22601,0.0,0.0
2025-04-03 00:00:00+09:00,9900.0,9990.0,9680.0,9920.0,18292,0.0,0.0
2025-04-04 00:00:00+09:00,9700.0,9990.0,9670.0,9890.0,18079,0.0,0.0
2025-04-07 00:00:00+09:00,9500.0,9500.0,9100.0,9360.0,42881,0.0,0.0
2025-04-08 00:00:00+09:00,9480.0,9620.0,9270.0,9380.0,28210,0.0,0.0
2025-04-09 00:00:00+09:00,9310.0,9390.0,8600.0,9090.0,23461,0.0,0.0
2025-04-10 00:00:00+09:00,9500.0,9650.0,9450.0,9500.0,34602,0.0,0.0
2025-04-11 00:00:00+09:00,9500.0,9670.0,9320.0,9640.0,9883,0.0,0.0
2025-04-14 00:00:00+09:00,9640.0,9890.0,9530.0,9860.0,28431,0.0,0.0
2025-04-15 00:00:00+09:00,10000.0,10000.0,9770.0,9900.0,10433,0.0,0.0
2025-04-16 00:00:00+09:00,9870.0,9880.0,9610.0,9710.0,14270,0.0,0.0
2025-04-17 00:00:00+09:00,9690.0,9800.0,9580.0,9750.0,22060,0.0,0.0
2025-04-18 00:00:00+09:00,9660.0,9670.0,9230.0,9600.0,54902,0.0,0.0
2025-04-21 00:00:00+09:00,9600.0,9690.0,9420.0,9510.0,14784,0.0,0.0
2025-04-22 00:00:00+09:00,9460.0,9550.0,9410.0,9480.0,9497,0.0,0.0
2025-04-23 00:00:00+09:00,9600.0,9600.0,9500.0,9500.0,9157,0.0,0.0
2025-04-24 00:00:00+09:00,9620.0,9620.0,9120.0,9500.0,11600,0.0,0.0
2025-04-25 00:00:00+09:00,9680.0,9880.0,9510.0,9860.0,38770,0.0,0.0
2025-04-28 00:00:00+09:00,10300.0,10780.0,9930.0,10000.0,90766,0.0,0.0
2025-04-29 00:00:00+09:00,9940.0,9960.0,9740.0,9960.0,44614,0.0,0.0
2025-04-30 00:00:00+09:00,9850.0,9960.0,9600.0,9600.0,17192,0.0,0.0
2025-05-02 00:00:00+09:00,9600.0,9650.0,9470.0,9610.0,26790,0.0,0.0
2025-05-07 00:00:00+09:00,9660.0,9660.0,9350.0,9610.0,16010,0.0,0.0
2025-05-08 00:00:00+09:00,9500.0,9660.0,9500.0,9550.0,14052,0.0,0.0
2025-05-09 00:00:00+09:00,9600.0,9600.0,9380.0,9430.0,17935,0.0,0.0
2025-05-12 00:00:00+09:00,9440.0,9750.0,9440.0,9750.0,19612,0.0,0.0
2025-05-13 00:00:00+09:00,9870.0,9870.0,9610.0,9650.0,18134,0.0,0.0
2025-05-14 00:00:00+09:00,9660.0,9840.0,9610.0,9830.0,8957,0.0,0.0
2025-05-15 00:00:00+09:00,9830.0,9830.0,9550.0,9580.0,23949,0.0,0.0
2025-05-16 00:00:00+09:00,9650.0,9650.0,9180.0,9190.0,39229,0.0,0.0
2025-05-19 00:00:00+09:00,9110.0,9170.0,8930.0,9150.0,29171,0.0,0.0
2025-05-20 00:00:00+09:00,9220.0,9220.0,9120.0,9140.0,7646,0.0,0.0
2025-05-21 00:00:00+09:00,9040.0,9270.0,9040.0,9120.0,15585,0.0,0.0
2025-05-22 00:00:00+09:00,9180.0,9180.0,9000.0,9060.0,17381,0.0,0.0
2025-05-23 00:00:00+09:00,9200.0,9200.0,8860.0,8860.0,24904,0.0,0.0
2025-05-26 00:00:00+09:00,8820.0,8990.0,8760.0,8860.0,41479,0.0,0.0
2025-05-27 00:00:00+09:00,8860.0,8910.0,8700.0,8710.0,36707,0.0,0.0
2025-05-28 00:00:00+09:00,8850.0,8960.0,8700.0,8840.0,22505,0.0,0.0
2025-05-29 00:00:00+09:00,8990.0,9160.0,8820.0,9150.0,25081,0.0,0.0
2025-05-30 00:00:00+09:00,9150.0,9370.0,9070.0,9250.0,32511,0.0,0.0
2025-06-02 00:00:00+09:00,9300.0,9390.0,9110.0,9280.0,41619,0.0,0.0
2025-06-04 00:00:00+09:00,9350.0,9390.0,9270.0,9310.0,17415,0.0,0.0
2025-06-05 00:00:00+09:00,9360.0,9360.0,9200.0,9290.0,16420,0.0,0.0
2025-06-09 00:00:00+09:00,9350.0,9350.0,9210.0,9320.0,25646,0.0,0.0
2025-06-10 00:00:00+09:00,9320.0,9640.0,9250.0,9390.0,20750,0.0,0.0
2025-06-11 00:00:00+09:00,9400.0,9500.0,9310.0,9410.0,23744,0.0,0.0
2025-06-12 00:00:00+09:00,9490.0,9500.0,9340.0,9440.0,14711,0.0,0.0
2025-06-13 00:00:00+09:00,9430.0,9490.0,9090.0,9230.0,24338,0.0,0.0
2025-06-16 00:00:00+09:00,9060.0,9230.0,8960.0,9100.0,24339,0.0,0.0
2025-06-17 00:00:00+09:00,9100.0,9150.0,8940.0,9040.0,30546,0.0,0.0
2025-06-18 00:00:00+09:00,9040.0,9120.0,8980.0,9110.0,17530,0.0,0.0
2025-06-19 00:00:00+09:00,9150.0,9230.0,9000.0,9140.0,24277,0.0,0.0
2025-06-20 00:00:00+09:00,9150.0,9260.0,9010.0,9190.0,19759,0.0,0.0
2025-06-23 00:00:00+09:00,9190.0,9190.0,8970.0,9020.0,19490,0.0,0.0
2025-06-24 00:00:00+09:00,9040.0,9320.0,9040.0,9320.0,30543,0.0,0.0
2025-06-25 00:00:00+09:00,9230.0,9370.0,9220.0,9290.0,27351,0.0,0.0
2025-06-26 00:00:00+09:00,9320.0,9320.0,9110.0,9310.0,14963,0.0,0.0
2025-06-27 00:00:00+09:00,9320.0,9320.0,9000.0,9010.0,28814,0.0,0.0
2025-06-30 00:00:00+09:00,9010.0,9050.0,8910.0,8940.0,10202,0.0,0.0
2025-07-01 00:00:00+09:00,8900.0,9070.0,8880.0,8990.0,20447,0.0,0.0
2025-07-02 00:00:00+09:00,8990.0,9070.0,8820.0,9070.0,21158,0.0,0.0
2025-07-03 00:00:00+09:00,9000.0,9130.0,8970.0,9060.0,16729,0.0,0.0
2025-07-04 00:00:00+09:00,9060.0,9070.0,8890.0,8890.0,18202,0.0,0.0
2025-07-07 00:00:00+09:00,8980.0,8980.0,8780.0,8930.0,6927,0.0,0.0
2025-07-08 00:00:00+09:00,8930.0,9020.0,8880.0,9020.0,7967,0.0,0.0
2025-07-09 00:00:00+09:00,9090.0,9090.0,8960.0,9010.0,7579,0.0,0.0
2025-07-10 00:00:00+09:00,9100.0,9100.0,8990.0,9080.0,10523,0.0,0.0
2025-07-11 00:00:00+09:00,9080.0,9150.0,9040.0,9100.0,9196,0.0,0.0
2025-07-14 00:00:00+09:00,9110.0,9110.0,9010.0,9110.0,4265,0.0,0.0
2025-07-15 00:00:00+09:00,9040.0,9110.0,8980.0,9030.0,8318,0.0,0.0
2025-07-16 00:00:00+09:00,9000.0,9030.0,8920.0,9000.0,12455,0.0,0.0
2025-07-17 00:00:00+09:00,8930.0,8980.0,8820.0,8920.0,21139,0.0,0.0
2025-07-18 00:00:00+09:00,9000.0,9000.0,8800.0,8970.0,21098,0.0,0.0
2025-07-21 00:00:00+09:00,8970.0,8970.0,8860.0,8950.0,15173,0.0,0.0
2025-07-22 00:00:00+09:00,8930.0,9000.0,8840.0,8860.0,12488,0.0,0.0
2025-07-23 00:00:00+09:00,8860.0,8960.0,8770.0,8860.0,20239,0.0,0.0
2025-07-24 00:00:00+09:00,8860.0,8980.0,8710.0,8800.0,21027,0.0,0.0
2025-07-25 00:00:00+09:00,8850.0,9400.0,8720.0,9040.0,58388,0.0,0.0
2025-07-28 00:00:00+09:00,9150.0,9150.0,8840.0,8890.0,16868,0.0,0.0
2025-07-29 00:00:00+09:00,8900.0,8960.0,8740.0,8880.0,11043,0.0,0.0
2025-07-30 00:00:00+09:00,8760.0,8920.0,8760.0,8830.0,11606,0.0,0.0
2025-07-31 00:00:00+09:00,8790.0,8910.0,8750.0,8790.0,17921,0.0,0.0
2025-08-01 00:00:00+09:00,8700.0,8920.0,8200.0,8550.0,42863,0.0,0.0
2025-08-04 00:00:00+09:00,8410.0,8610.0,8360.0,8450.0,18562,0.0,0.0
2025-08-05 00:00:00+09:00,8410.0,8730.0,8410.0,8660.0,20153,0.0,0.0
2025-08-06 00:00:00+09:00,8670.0,8770.0,8630.0,8750.0,10902,0.0,0.0
2025-08-07 00:00:00+09:00,8800.0,8820.0,8670.0,8800.0,6690,0.0,0.0
2025-08-08 00:00:00+09:00,8800.0,8830.0,8700.0,8750.0,8569,0.0,0.0
2025-08-11 00:00:00+09:00,8750.0,8810.0,8630.0,8730.0,13646,0.0,0.0
2025-08-12 00:00:00+09:00,8730.0,8780.0,8550.0,8590.0,7340,0.0,0.0
2025-08-13 00:00:00+09:00,8550.0,8660.0,8450.0,8600.0,20759,0.0,0.0
2025-08-14 00:00:00+09:00,8680.0,8730.0,8590.0,8670.0,19847,0.0,0.0
2025-08-18 00:00:00+09:00,8610.0,8630.0,8460.0,8550.0,17477,0.0,0.0
2025-08-19 00:00:00+09:00,8550.0,8550.0,8440.0,8550.0,9078,0.0,0.0
2025-08-20 00:00:00+09:00,8500.0,8550.0,8210.0,8470.0,24508,0.0,0.0
2025-08-21 00:00:00+09:00,8520.0,8620.0,8360.0,8520.0,14164,0.0,0.0
2025-08-22 00:00:00+09:00,8590.0,8590.0,8430.0,8540.0,9445,0.0,0.0
2025-08-25 00:00:00+09:00,8550.0,8630.0,8450.0,8550.0,10222,0.0,0.0
2025-08-26 00:00:00+09:00,8560.0,8790.0,8470.0,8620.0,13648,0.0,0.0
2025-08-27 00:00:00+09:00,8650.0,8650.0,8460.0,8630.0,8870,0.0,0.0
2025-08-28 00:00:00+09:00,8690.0,8690.0,8510.0,8610.0,8240,0.0,0.0
2025-08-29 00:00:00+09:00,8520.0,8610.0,8410.0,8530.0,15151,0.0,0.0
2025-09-01 00:00:00+09:00,8520.0,8520.0,8260.0,8310.0,19499,0.0,0.0
2025-09-02 00:00:00+09:00,8370.0,8370.0,8250.0,8360.0,7590,0.0,0.0
2025-09-03 00:00:00+09:00,8420.0,8420.0,8140.0,8280.0,27842,0.0,0.0
2025-09-04 00:00:00+09:00,8300.0,8300.0,8160.0,8210.0,17880,0.0,0.0
2025-09-05 00:00:00+09:00,8230.0,8260.0,8130.0,8190.0,13758,0.0,0.0
2025-09-08 00:00:00+09:00,8200.0,8260.0,8140.0,8260.0,8102,0.0,0.0
2025-09-09 00:00:00+09:00,8180.0,8260.0,8160.0,8220.0,10971,0.0,0.0
2025-09-10 00:00:00+09:00,8250.0,8280.0,8130.0,8230.0,31729,0.0,0.0
2025-09-11 00:00:00+09:00,8220.0,8220.0,8140.0,8220.0,14756,0.0,0.0
2025-09-12 00:00:00+09:00,8240.0,8250.0,8160.0,8200.0,16456,0.0,0.0
2025-09-15 00:00:00+09:00,8200.0,8200.0,8150.0,8180.0,19220,0.0,0.0
2025-09-16 00:00:00+09:00,8180.0,8200.0,8140.0,8170.0,18523,0.0,0.0
2025-09-17 00:00:00+09:00,8170.0,8190.0,8100.0,8130.0,16407,0.0,0.0
2025-09-18 00:00:00+09:00,8160.0,8160.0,8090.0,8160.0,12478,0.0,0.0
2025-09-22 00:00:00+09:00,8200.0,8600.0,8190.0,8570.0,68542,0.0,0.0
2025-09-23 00:00:00+09:00,8570.0,8570.0,8480.0,8570.0,16795,0.0,0.0
2025-09-24 00:00:00+09:00,8550.0,8630.0,8470.0,8620.0,24610,0.0,0.0
2025-09-25 00:00:00+09:00,8620.0,8880.0,8570.0,8830.0,52155,0.0,0.0
2025-09-26 00:00:00+09:00,8840.0,8940.0,8730.0,8860.0,38106,0.0,0.0
2025-09-29 00:00:00+09:00,8860.0,8860.0,8480.0,8810.0,23774,0.0,0.0
2025-09-30 00:00:00+09:00,8800.0,8850.0,8660.0,8720.0,13995,0.0,0.0
2025-10-01 00:00:00+09:00,8800.0,8800.0,8560.0,8760.0,18432,0.0,0.0
2025-10-02 00:00:00+09:00,8760.0,8810.0,8690.0,8780.0,19497,0.0,0.0
2025-10-10 00:00:00+09:00,8810.0,8840.0,8670.0,8840.0,23619,0.0,0.0
2025-10-13 00:00:00+09:00,8670.0,9040.0,8650.0,9000.0,46403,0.0,0.0
2025-10-14 00:00:00+09:00,9000.0,9280.0,8900.0,8960.0,55767,0.0,0.0
2025-10-15 00:00:00+09:00,8960.0,9080.0,8920.0,8970.0,30263,0.0,0.0
2025-10-16 00:00:00+09:00,8970.0,9150.0,8880.0,8970.0,23405,0.0,0.0
2025-10-17 00:00:00+09:00,9070.0,9070.0,8800.0,8890.0,15977,0.0,0.0
2025-10-20 00:00:00+09:00,8890.0,8900.0,8280.0,8780.0,36771,0.0,0.0
2025-10-21 00:00:00+09:00,8780.0,8900.0,8680.0,8810.0,20575,0.0,0.0
2025-10-22 00:00:00+09:00,8820.0,8860.0,8650.0,8860.0,21219,0.0,0.0
2025-10-23 00:00:00+09:00,8790.0,8860.0,8750.0,8840.0,8989,0.0,0.0
2025-10-24 00:00:00+09:00,8890.0,8890.0,8610.0,8640.0,17732,0.0,0.0
2025-10-27 00:00:00+09:00,8600.0,8770.0,8250.0,8530.0,24829,0.0,0.0
2025-10-28 00:00:00+09:00,8450.0,8610.0,8300.0,8570.0,20309,0.0,0.0
2025-10-29 00:00:00+09:00,8570.0,8660.0,8500.0,8660.0,22835,0.0,0.0
2025-10-30 00:00:00+09:00,8660.0,8750.0,8350.0,8350.0,39330,0.0,0.0
2025-10-31 00:00:00+09:00,8550.0,8550.0,8250.0,8350.0,30224,0.0,0.0
2025-11-03 00:00:00+09:00,8350.0,8430.0,7910.0,7920.0,60947,0.0,0.0
2025-11-04 00:00:00+09:00,7950.0,8070.0,7840.0,7980.0,53468,0.0,0.0
2025-11-05 00:00:00+09:00,7990.0,7990.0,7580.0,7830.0,56449,0.0,0.0
2025-11-06 00:00:00+09:00,7830.0,7920.0,7730.0,7830.0,34828,0.0,0.0
2025-11-07 00:00:00+09:00,7830.0,7850.0,7520.0,7600.0,25832,0.0,0.0
2025-11-10 00:00:00+09:00,7510.0,7800.0,7510.0,7800.0,22036,0.0,0.0
2025-11-11 00:00:00+09:00,7760.0,7920.0,7700.0,7800.0,15264,0.0,0.0
2025-11-12 00:00:00+09:00,7800.0,7980.0,7730.0,7970.0,21321,0.0,0.0
2025-11-13 00:00:00+09:00,7970.0,8080.0,7940.0,8040.0,23799,0.0,0.0
2025-11-14 00:00:00+09:00,8000.0,8080.0,7840.0,7910.0,22550,0.0,0.0
2025-11-17 00:00:00+09:00,8100.0,8100.0,7610.0,7680.0,25236,0.0,0.0
2025-11-18 00:00:00+09:00,7680.0,7810.0,7400.0,7450.0,23823,0.0,0.0
2025-11-19 00:00:00+09:00,7380.0,7550.0,7370.0,7480.0,11453,0.0,0.0
2025-11-20 00:00:00+09:00,7550.0,7750.0,7550.0,7730.0,17064,0.0,0.0
2025-11-21 00:00:00+09:00,7730.0,7730.0,7580.0,7650.0,7656,0.0,0.0
2025-11-24 00:00:00+09:00,7590.0,7660.0,7540.0,7660.0,6079,0.0,0.0
2025-11-25 00:00:00+09:00,7600.0,7730.0,7520.0,7570.0,8299,0.0,0.0
2025-11-26 00:00:00+09:00,7710.0,7740.0,7570.0,7740.0,15360,0.0,0.0
2025-11-27 00:00:00+09:00,7790.0,7910.0,7700.0,7910.0,15596,0.0,0.0
2025-11-28 00:00:00+09:00,7980.0,8100.0,7810.0,8050.0,22041,0.0,0.0
2025-12-01 00:00:00+09:00,8070.0,8070.0,7900.0,8000.0,7506,0.0,0.0
2025-12-02 00:00:00+09:00,7930.0,8060.0,7830.0,8020.0,26496,0.0,0.0
2025-12-03 00:00:00+09:00,8050.0,8100.0,7930.0,8100.0,27002,0.0,0.0
2025-12-04 00:00:00+09:00,8110.0,8240.0,8080.0,8180.0,31006,0.0,0.0
2025-12-05 00:00:00+09:00,8240.0,8240.0,8050.0,8150.0,11916,0.0,0.0
2025-12-08 00:00:00+09:00,8100.0,8200.0,8010.0,8100.0,11010,0.0,0.0
2025-12-09 00:00:00+09:00,8100.0,8150.0,7900.0,8150.0,16706,0.0,0.0
2025-12-10 00:00:00+09:00,8070.0,8200.0,8020.0,8110.0,10940,0.0,0.0
2025-12-11 00:00:00+09:00,8190.0,8190.0,8000.0,8040.0,5622,0.0,0.0
2025-12-12 00:00:00+09:00,8040.0,8130.0,8000.0,8130.0,8790,0.0,0.0
2025-12-15 00:00:00+09:00,8230.0,8230.0,7990.0,8090.0,11852,0.0,0.0
2025-12-16 00:00:00+09:00,8110.0,8110.0,7850.0,7940.0,16010,0.0,0.0
2025-12-17 00:00:00+09:00,7970.0,8070.0,7900.0,8070.0,11804,0.0,0.0
2025-12-18 00:00:00+09:00,7950.0,8070.0,7870.0,8070.0,15780,0.0,0.0
2025-12-19 00:00:00+09:00,8070.0,8090.0,7780.0,8090.0,29099,0.0,0.0
2025-12-22 00:00:00+09:00,8080.0,8140.0,7920.0,8060.0,17589,0.0,0.0
2025-12-23 00:00:00+09:00,8150.0,8150.0,7930.0,7960.0,14808,0.0,0.0
2025-12-24 00:00:00+09:00,7960.0,8100.0,7940.0,8060.0,13631,0.0,0.0
2025-12-26 00:00:00+09:00,8180.0,8660.0,8060.0,8290.0,117438,0.0,0.0
2025-12-29 00:00:00+09:00,8290.0,8290.0,7920.0,8010.0,37243,0.0,0.0
2025-12-30 00:00:00+09:00,8090.0,8090.0,7720.0,7770.0,28468,0.0,0.0
2026-01-02 00:00:00+09:00,7870.0,7870.0,7690.0,7730.0,9963,0.0,0.0
2026-01-05 00:00:00+09:00,7830.0,7840.0,7610.0,7770.0,13733,0.0,0.0
2026-01-06 00:00:00+09:00,7730.0,7960.0,7680.0,7940.0,20509,0.0,0.0
2026-01-07 00:00:00+09:00,7990.0,7990.0,7680.0,7880.0,23505,0.0,0.0
2026-01-08 00:00:00+09:00,7930.0,8900.0,7910.0,8300.0,424021,0.0,0.0
2026-01-09 00:00:00+09:00,8310.0,8370.0,8150.0,8370.0,43155,0.0,0.0
2026-01-12 00:00:00+09:00,8370.0,8460.0,8190.0,8260.0,26982,0.0,0.0
2026-01-13 00:00:00+09:00,8370.0,10180.0,8360.0,9510.0,2632967,0.0,0.0
2026-01-14 00:00:00+09:00,9500.0,9520.0,9150.0,9510.0,265886,0.0,0.0
2026-01-15 00:00:00+09:00,9600.0,9600.0,9120.0,9260.0,175308,0.0,0.0
2026-01-16 00:00:00+09:00,9200.0,9560.0,9020.0,9540.0,186744,0.0,0.0
2026-01-19 00:00:00+09:00,9420.0,9430.0,9140.0,9310.0,141109,0.0,0.0
2026-01-20 00:00:00+09:00,9550.0,9850.0,9320.0,9340.0,295525,0.0,0.0
2026-01-21 00:00:00+09:00,9320.0,9750.0,9190.0,9730.0,243412,0.0,0.0
2026-01-22 00:00:00+09:00,9750.0,9750.0,9460.0,9580.0,158480,0.0,0.0
2026-01-23 00:00:00+09:00,9580.0,9760.0,9500.0,9560.0,129668,0.0,0.0
2026-01-26 00:00:00+09:00,9550.0,9740.0,9300.0,9710.0,137830,0.0,0.0
2026-01-27 00:00:00+09:00,9800.0,10150.0,9760.0,9890.0,195255,0.0,0.0
2026-01-28 00:00:00+09:00,9900.0,10050.0,9720.0,9990.0,162107,0.0,0.0
2026-01-29 00:00:00+09:00,10200.0,10730.0,10110.0,10270.0,323311,0.0,0.0
2026-01-30 00:00:00+09:00,10290.0,10290.0,9900.0,9920.0,102674,0.0,0.0
2026-02-02 00:00:00+09:00,9750.0,9950.0,9370.0,9450.0,107858,0.0,0.0
2026-02-03 00:00:00+09:00,9630.0,9780.0,9430.0,9630.0,83785,0.0,0.0
2026-02-04 00:00:00+09:00,9650.0,9770.0,9540.0,9750.0,51681,0.0,0.0
2026-02-05 00:00:00+09:00,9760.0,9760.0,9310.0,9340.0,69057,0.0,0.0
2026-02-06 00:00:00+09:00,9270.0,9480.0,8500.0,9380.0,75564,0.0,0.0
2026-02-09 00:00:00+09:00,9400.0,9600.0,9390.0,9550.0,46485,0.0,0.0
2026-02-10 00:00:00+09:00,9630.0,9630.0,9430.0,9580.0,30154,0.0,0.0
2026-02-11 00:00:00+09:00,9580.0,9610.0,9110.0,9610.0,48569,0.0,0.0
2026-02-12 00:00:00+09:00,9610.0,9930.0,9490.0,9800.0,67553,0.0,0.0
2026-02-13 00:00:00+09:00,9650.0,10000.0,9590.0,9990.0,100192,0.0,0.0
2026-02-19 00:00:00+09:00,10050.0,10300.0,9900.0,10270.0,100411,0.0,0.0
2026-02-20 00:00:00+09:00,10300.0,10300.0,9920.0,9940.0,84498,0.0,0.0
2026-02-23 00:00:00+09:00,9930.0,10250.0,9820.0,10190.0,91335,0.0,0.0
2026-02-24 00:00:00+09:00,10040.0,10070.0,9830.0,9980.0,84169,0.0,0.0
2026-02-25 00:00:00+09:00,9980.0,10330.0,9920.0,9940.0,54889,0.0,0.0
2026-02-26 00:00:00+09:00,9950.0,10120.0,9480.0,9480.0,109452,0.0,0.0
2026-02-27 00:00:00+09:00,9480.0,9500.0,8900.0,9200.0,133604,0.0,0.0
2026-03-03 00:00:00+09:00,9000.0,9150.0,8570.0,8580.0,95240,0.0,0.0
2026-03-04 00:00:00+09:00,8520.0,8530.0,7360.0,7510.0,100433,0.0,0.0
2026-03-05 00:00:00+09:00,8000.0,8400.0,7950.0,8150.0,59707,0.0,0.0
2026-03-06 00:00:00+09:00,8150.0,8360.0,8020.0,8250.0,20414,0.0,0.0
2026-03-09 00:00:00+09:00,7810.0,7940.0,7700.0,7830.0,35614,0.0,0.0
2026-03-10 00:00:00+09:00,7920.0,8150.0,7920.0,8130.0,18712,0.0,0.0
2026-03-11 00:00:00+09:00,8190.0,8510.0,8190.0,8370.0,23986,0.0,0.0
2026-03-12 00:00:00+09:00,8370.0,8570.0,8320.0,8570.0,19736,0.0,0.0
2026-03-13 00:00:00+09:00,8560.0,8630.0,8340.0,8580.0,13843,0.0,0.0
2026-03-16 00:00:00+09:00,8500.0,8560.0,7900.0,8400.0,17725,0.0,0.0
2026-03-17 00:00:00+09:00,8400.0,8570.0,8310.0,8560.0,12469,0.0,0.0
2026-03-18 00:00:00+09:00,8560.0,8690.0,8560.0,8630.0,19201,0.0,0.0
2026-03-19 00:00:00+09:00,8630.0,8730.0,8540.0,8660.0,11190,0.0,0.0
2026-03-20 00:00:00+09:00,8660.0,8870.0,8590.0,8860.0,25405,0.0,0.0
2026-03-23 00:00:00+09:00,8730.0,8930.0,8430.0,8660.0,42194,0.0,0.0
2026-03-24 00:00:00+09:00,8790.0,8840.0,8510.0,8760.0,10459,0.0,0.0
2026-03-25 00:00:00+09:00,8720.0,8800.0,8550.0,8640.0,19735,0.0,0.0
2026-03-26 00:00:00+09:00,8640.0,8860.0,8410.0,8550.0,23159,0.0,0.0
2026-03-27 00:00:00+09:00,8400.0,8600.0,8310.0,8550.0,23296,0.0,0.0
2026-03-30 00:00:00+09:00,8540.0,8540.0,8240.0,8320.0,16618,0.0,0.0
2026-03-31 00:00:00+09:00,8320.0,8400.0,8100.0,8160.0,29636,0.0,0.0
2026-04-01 00:00:00+09:00,8330.0,8470.0,8110.0,8460.0,14241,0.0,0.0
2026-04-02 00:00:00+09:00,8450.0,8500.0,8010.0,8030.0,28523,0.0,0.0
2026-04-03 00:00:00+09:00,8030.0,8280.0,7990.0,8050.0,11355,0.0,0.0
2026-04-06 00:00:00+09:00,8050.0,8200.0,7930.0,8110.0,17271,0.0,0.0
2026-04-07 00:00:00+09:00,8230.0,8300.0,7900.0,8200.0,13668,0.0,0.0
2026-04-08 00:00:00+09:00,8300.0,8390.0,8100.0,8390.0,17166,0.0,0.0
2026-04-09 00:00:00+09:00,8490.0,8490.0,8170.0,8330.0,8613,0.0,0.0
2026-04-10 00:00:00+09:00,8400.0,8430.0,8270.0,8400.0,14284,0.0,0.0
2026-04-13 00:00:00+09:00,8430.0,8430.0,8220.0,8280.0,11909,0.0,0.0
2026-04-14 00:00:00+09:00,8390.0,8390.0,8210.0,8340.0,31146,0.0,0.0
2026-04-15 00:00:00+09:00,8390.0,8530.0,8250.0,8520.0,40772,0.0,0.0
2026-04-16 00:00:00+09:00,8590.0,8730.0,8460.0,8730.0,36138,0.0,0.0
2026-04-17 00:00:00+09:00,8660.0,8710.0,8540.0,8690.0,35316,0.0,0.0
2026-04-20 00:00:00+09:00,8690.0,8690.0,8490.0,8600.0,31166,0.0,0.0
2026-04-21 00:00:00+09:00,8600.0,8640.0,8480.0,8580.0,31513,0.0,0.0
2026-04-22 00:00:00+09:00,8580.0,8600.0,8480.0,8600.0,34691,0.0,0.0
2026-04-23 00:00:00+09:00,8600.0,8670.0,8480.0,8620.0,28570,0.0,0.0
2026-04-24 00:00:00+09:00,8680.0,8680.0,8520.0,8620.0,26636,0.0,0.0
2026-04-27 00:00:00+09:00,8620.0,8760.0,8600.0,8760.0,49806,0.0,0.0
2026-04-28 00:00:00+09:00,8710.0,8760.0,8660.0,8760.0,20650,0.0,0.0
2026-04-29 00:00:00+09:00,8770.0,8790.0,8610.0,8780.0,44208,0.0,0.0
2026-04-30 00:00:00+09:00,8800.0,8810.0,8630.0,8720.0,34586,0.0,0.0
2026-05-04 00:00:00+09:00,8720.0,8750.0,8510.0,8730.0,40422,0.0,0.0
2026-05-06 00:00:00+09:00,8680.0,8700.0,8500.0,8660.0,35138,0.0,0.0
2026-05-07 00:00:00+09:00,8660.0,8660.0,8370.0,8490.0,31375,0.0,0.0
2026-05-08 00:00:00+09:00,8450.0,8500.0,8340.0,8430.0,25186,0.0,0.0
2026-05-11 00:00:00+09:00,8430.0,8430.0,8180.0,8300.0,42832,0.0,0.0
2026-05-12 00:00:00+09:00,8220.0,8350.0,7840.0,7880.0,55068,0.0,0.0
2026-05-13 00:00:00+09:00,8050.0,8050.0,7840.0,8000.0,25030,0.0,0.0
2026-05-14 00:00:00+09:00,8090.0,8090.0,7810.0,8060.0,33599,0.0,0.0
2026-05-15 00:00:00+09:00,8060.0,8060.0,7600.0,7800.0,32042,0.0,0.0
2026-05-18 00:00:00+09:00,7890.0,7890.0,7560.0,7700.0,46671,0.0,0.0
2026-05-19 00:00:00+09:00,7700.0,7760.0,7510.0,7720.0,25547,0.0,0.0
2026-05-20 00:00:00+09:00,7720.0,7730.0,7450.0,7640.0,39072,0.0,0.0
2026-05-21 00:00:00+09:00,7790.0,7800.0,7530.0,7700.0,30086,0.0,0.0
2026-05-22 00:00:00+09:00,7880.0,8070.0,7690.0,7990.0,29483,0.0,0.0
2026-05-26 00:00:00+09:00,7990.0,8060.0,7690.0,7890.0,31751,0.0,0.0
2026-05-27 00:00:00+09:00,7790.0,7800.0,7430.0,7650.0,49571,0.0,0.0
2026-05-28 00:00:00+09:00,7600.0,7680.0,7390.0,7560.0,30159,0.0,0.0
2026-05-29 00:00:00+09:00,7430.0,7590.0,6980.0,7340.0,63618,0.0,0.0
2026-06-01 00:00:00+09:00,7340.0,7340.0,6930.0,7210.0,71961,0.0,0.0
2026-06-02 00:00:00+09:00,6960.0,7210.0,6820.0,7120.0,39869,0.0,0.0
2026-06-04 00:00:00+09:00,7200.0,7200.0,6920.0,7170.0,19701,0.0,0.0
2026-06-05 00:00:00+09:00,6990.0,7170.0,6850.0,7060.0,26384,0.0,0.0
2026-06-08 00:00:00+09:00,6850.0,6950.0,6650.0,6800.0,38696,0.0,0.0
2026-06-09 00:00:00+09:00,7100.0,7360.0,6980.0,7190.0,25068,0.0,0.0
2026-06-10 00:00:00+09:00,7270.0,7270.0,6810.0,7150.0,15181,0.0,0.0
2026-06-11 00:00:00+09:00,7130.0,7150.0,6860.0,7150.0,16965,0.0,0.0
2026-06-12 00:00:00+09:00,7200.0,7280.0,6980.0,7250.0,15735,0.0,0.0
2026-06-15 00:00:00+09:00,7290.0,7300.0,7090.0,7170.0,9145,0.0,0.0
2026-06-16 00:00:00+09:00,7300.0,7300.0,6970.0,7050.0,13052,0.0,0.0
2026-06-17 00:00:00+09:00,7050.0,7200.0,6940.0,7110.0,11877,0.0,0.0
2026-06-18 00:00:00+09:00,7160.0,7160.0,6890.0,6990.0,12873,0.0,0.0
2026-06-19 00:00:00+09:00,6990.0,7000.0,6660.0,7000.0,35184,0.0,0.0
2026-06-22 00:00:00+09:00,7000.0,7080.0,6610.0,6900.0,27909,0.0,0.0
2026-06-23 00:00:00+09:00,6810.0,6810.0,6300.0,6300.0,43647,0.0,0.0
2026-06-24 00:00:00+09:00,6240.0,6440.0,5920.0,6190.0,34688,0.0,0.0
2026-06-25 00:00:00+09:00,6020.0,6270.0,5900.0,5990.0,63010,0.0,0.0
2026-06-26 00:00:00+09:00,5950.0,5990.0,5690.0,5830.0,31128,0.0,0.0
2026-06-29 00:00:00+09:00,5600.0,6200.0,5600.0,6120.0,17051,0.0,0.0
2026-06-30 00:00:00+09:00,6190.0,6270.0,6110.0,6140.0,8190,0.0,0.0
2026-07-01 00:00:00+09:00,6140.0,6230.0,6050.0,6210.0,6602,0.0,0.0
2026-07-02 00:00:00+09:00,6130.0,6160.0,5950.0,5950.0,12126,0.0,0.0
2026-07-03 00:00:00+09:00,5950.0,6180.0,5900.0,6100.0,8257,0.0,0.0
2026-07-06 00:00:00+09:00,6270.0,6270.0,6050.0,6060.0,6420,0.0,0.0
2026-07-07 00:00:00+09:00,6210.0,6330.0,6080.0,6200.0,19131,0.0,0.0
2026-07-08 00:00:00+09:00,6100.0,6380.0,6060.0,6190.0,19597,0.0,0.0
2026-07-09 00:00:00+09:00,6030.0,6380.0,6030.0,6190.0,33462,0.0,0.0
2026-07-10 00:00:00+09:00,6290.0,6490.0,6150.0,6450.0,11588,0.0,0.0
2026-07-13 00:00:00+09:00,6520.0,6590.0,6200.0,6430.0,16449,0.0,0.0
2026-07-14 00:00:00+09:00,6430.0,6490.0,6230.0,6490.0,30263,0.0,0.0
2026-07-15 00:00:00+09:00,6440.0,6710.0,6340.0,6690.0,17505,0.0,0.0
2026-07-16 00:00:00+09:00,6640.0,6680.0,6350.0,6350.0,14707,0.0,0.0
2026-07-20 00:00:00+09:00,6350.0,6370.0,6110.0,6320.0,7878,0.0,0.0
2026-07-21 00:00:00+09:00,6270.0,6700.0,6190.0,6650.0,37608,0.0,0.0
2026-07-22 00:00:00+09:00,6600.0,6710.0,6400.0,6490.0,6489,0.0,0.0
2026-07-23 00:00:00+09:00,6440.0,6520.0,6320.0,6440.0,12516,0.0,0.0
2026-07-24 00:00:00+09:00,6390.0,6500.0,6270.0,6380.0,6229,0.0,0.0
2026-07-27 00:00:00+09:00,6440.0,6440.0,6250.0,6400.0,2783,0.0,0.0
2026-07-28 00:00:00+09:00,6280.0,6280.0,6020.0,6020.0,7138,0.0,0.0
2026-07-29 00:00:00+09:00,6010.0,6110.0,5710.0,5960.0,18177,0.0,0.0
2026-07-30 00:00:00+09:00,5500.0,6180.0,5500.0,5950.0,18433,0.0,0.0
2026-07-31 00:00:00+09:00,6010.0,6250.0,5950.0,6240.0,5831,0.0,0.0
2026-08-03 00:00:00+09:00,6240.0,6300.0,6130.0,6240.0,3094,0.0,0.0
2026-08-04 00:00:00+09:00,6060.0,6380.0,6060.0,6370.0,7264,0.0,0.0
2026-08-05 00:00:00+09:00,6420.0,6630.0,6330.0,6540.0,26112,0.0,0.0
2026-08-06 00:00:00+09:00,6690.0,6690.0,6420.0,6540.0,8869,0.0,0.0
2026-08-07 00:00:00+09:00,6630.0,6630.0,6420.0,6500.0,1539,0.0,0.0
