Date,Open,High,Low,Close,Volume,Dividends,Stock Splits
2014-07-25 00:00:00+09:00,8032.282766959063,9209.9482421875,8032.282766959063,9209.9482421875,1579462,0.0,0.0
2014-07-28 00:00:00+09:00,9632.698988965989,9783.68203125,7851.103159471512,9058.96484375,3702069,0.0,0.0
2014-07-29 00:00:00+09:00,8998.571243509434,9270.340182588556,8485.230503914103,8515.4267578125,998323,0.0,0.0
2014-07-30 00:00:00+09:00,8998.571607399781,9058.965002303321,7277.368699294426,7549.13720703125,999105,0.0,0.0
2014-07-31 00:00:00+09:00,7488.744773701216,8394.64128323505,7035.79607660202,8273.8544921875,956997,0.0,0.0
2014-08-01 00:00:00+09:00,7881.2993511189225,8213.461687625137,7579.334153627063,7911.49560546875,990201,0.0,0.0
2014-08-04 00:00:00+09:00,8122.87292354932,8636.213726662269,8032.283265980609,8092.67578125,720619,0.0,0.0
2014-08-05 00:00:00+09:00,8183.264757192483,8394.641197022594,7549.13720703125,7549.13720703125,632928,0.0,0.0
2014-08-06 00:00:00+09:00,7518.941041224551,7971.889296720005,7367.958436836826,7820.90625,235204,0.0,0.0
2014-08-07 00:00:00+09:00,8032.282212830389,8062.4784665059115,7579.333984375,7579.333984375,123421,0.0,0.0
2014-08-08 00:00:00+09:00,7488.7443496888545,7669.923641337258,7035.7956782355905,7367.9580078125,149154,0.0,0.0
2014-08-11 00:00:00+09:00,7277.369336176279,7307.5655939384105,6673.43798828125,6673.43798828125,500338,0.0,0.0
2014-08-12 00:00:00+09:00,6643.2415104184,6884.813776173365,6190.293235670152,6552.65185546875,263730,0.0,0.0
2014-08-13 00:00:00+09:00,6552.651467130589,6613.044419407111,6311.0787733599545,6371.47216796875,118168,0.0,0.0
2014-08-14 00:00:00+09:00,6462.062583704337,6643.241904347147,5954.760485904469,5972.87841796875,225814,0.0,0.0
2014-08-18 00:00:00+09:00,6039.3096714318335,6311.07861328125,5966.837953605323,6311.07861328125,163203,0.0,0.0
2014-08-19 00:00:00+09:00,6311.078406234761,6582.8473391683,6250.685457471391,6431.86474609375,119955,0.0,0.0
2014-08-20 00:00:00+09:00,6371.472359415834,6552.651664021665,6371.472359415834,6462.06201171875,46492,0.0,0.0
2014-08-21 00:00:00+09:00,6462.062038861669,6492.258294867951,6160.096382472826,6250.68603515625,88143,0.0,0.0
2014-08-22 00:00:00+09:00,6280.8827392155945,6945.206564610926,6220.489342483445,6492.25830078125,158493,0.0,0.0
2014-08-25 00:00:00+09:00,6039.30973132414,6220.4890276871865,5972.877617545867,6099.703125,1186333,0.0,0.0
2014-08-26 00:00:00+09:00,6129.898924821548,6643.240521328006,6069.5059779575895,6341.27490234375,600264,0.0,0.0
2014-08-27 00:00:00+09:00,6431.865340523098,6431.865340523098,6160.096382472826,6250.68603515625,176548,0.0,0.0
2014-08-28 00:00:00+09:00,6250.6858210834325,6552.651467130589,6220.489123779035,6371.47216796875,341695,0.0,0.0
2014-08-29 00:00:00+09:00,6462.061359073955,6613.043950219358,6341.275020758288,6401.66796875,379945,0.0,0.0
2014-09-01 00:00:00+09:00,6401.668260564389,6552.651300924462,6311.07861328125,6311.07861328125,251058,0.0,0.0
2014-09-02 00:00:00+09:00,6341.275877590934,6673.437799925406,6220.4895229546255,6582.84814453125,434548,0.0,0.0
2014-09-03 00:00:00+09:00,6582.848330330227,6703.634688375696,6492.258672379205,6673.43798828125,221889,0.0,0.0
2014-09-04 00:00:00+09:00,6703.634688375696,6733.831388470142,6431.865714522627,6673.43798828125,297378,0.0,0.0
2014-09-05 00:00:00+09:00,6643.240933396055,6703.633884006076,6190.292697990239,6522.45458984375,202569,0.0,0.0
2014-09-11 00:00:00+09:00,6431.865501425118,6613.0448113244165,6431.865501425118,6552.65185546875,71977,0.0,0.0
2014-09-12 00:00:00+09:00,6643.241316324581,6643.241316324581,6341.2756612041,6462.06201171875,71386,0.0,0.0
2014-09-15 00:00:00+09:00,6462.061412162516,6462.061412162516,6190.29248046875,6190.29248046875,102276,0.0,0.0
2014-09-16 00:00:00+09:00,6280.881955479792,6552.650879865953,6190.292314017739,6341.27490234375,178902,0.0,0.0
2014-09-17 00:00:00+09:00,6401.66796875,6703.633593373047,6401.66796875,6401.66796875,268603,0.0,0.0
2014-09-18 00:00:00+09:00,6703.634466274067,6854.617077079382,6522.455156374767,6552.65185546875,340939,0.0,0.0
2014-09-19 00:00:00+09:00,6703.634388594151,6824.420741238143,6643.241433438301,6764.02734375,278595,0.0,0.0
2014-09-22 00:00:00+09:00,6703.634466274067,6764.027422129733,6552.65185546875,6552.65185546875,113649,0.0,0.0
2014-09-23 00:00:00+09:00,6643.241350279334,6643.241350279334,6371.47239198153,6492.25830078125,115644,0.0,0.0
2014-09-24 00:00:00+09:00,6431.8657886402025,6703.634765625,6371.472830087688,6703.634765625,171933,0.0,0.0
2014-09-25 00:00:00+09:00,6764.027035775087,6764.027035775087,6462.061831412414,6613.04443359375,146965,0.0,0.0
2014-09-26 00:00:00+09:00,6492.258164606282,6673.43746633792,6341.275560607342,6643.2412109375,237535,0.0,0.0
2014-09-29 00:00:00+09:00,6582.847657523578,6643.241051539901,6069.506462378446,6129.8994140625,349347,0.0,0.0
2014-09-30 00:00:00+09:00,6129.899201423614,6250.685542934057,5544.086307645859,5586.361328125,699151,0.0,0.0
2014-10-01 00:00:00+09:00,5519.929935019765,5622.597918456269,5356.868551798165,5362.90771484375,207135,0.0,0.0
2014-10-02 00:00:00+09:00,5374.985819223506,5525.96841536873,5236.081547677256,5513.8896484375,132111,0.0,0.0
2014-10-06 00:00:00+09:00,5453.496880291737,5532.007762132024,5048.863261424038,5085.09912109375,292603,0.0,0.0
2014-10-07 00:00:00+09:00,5097.177404639244,5175.688728173256,4861.644318701744,4982.4306640625,179685,0.0,0.0
2014-10-08 00:00:00+09:00,4970.352088186485,5103.217205898336,4885.8020412778005,5073.0205078125,81246,0.0,0.0
2014-10-10 00:00:00+09:00,5018.666665704536,5018.666665704536,4831.448201070602,4903.919921875,88800,0.0,0.0
2014-10-13 00:00:00+09:00,4891.840494008742,4891.840494008742,4481.167317438009,4740.85791015625,373155,0.0,0.0
2014-10-14 00:00:00+09:00,4668.386955951681,4952.234241917116,4668.386955951681,4928.0771484375,75592,0.0,0.0
2014-10-15 00:00:00+09:00,4922.037147314171,5103.21642338301,4746.897033003556,4952.2333984375,90021,0.0,0.0
2014-10-16 00:00:00+09:00,4897.880366646307,5127.374298967634,4837.48741280692,5073.0205078125,75780,0.0,0.0
2014-10-17 00:00:00+09:00,5073.020367940254,5242.120899427505,5006.587810915993,5151.53125,83920,0.0,0.0
2014-10-20 00:00:00+09:00,5151.531309397271,5242.120959869276,5018.666636149089,5217.9638671875,57745,0.0,0.0
2014-10-21 00:00:00+09:00,5248.160648978693,5248.160648978693,5030.745484358157,5073.0205078125,41443,0.0,0.0
2014-10-22 00:00:00+09:00,5079.059516260617,5260.23881460918,5018.666564255187,5085.09912109375,72445,0.0,0.0
2014-10-23 00:00:00+09:00,5085.098495776126,5187.766457326989,4952.2333984375,4952.2333984375,45999,0.0,0.0
2014-10-24 00:00:00+09:00,4952.233439083296,4964.312205031094,4722.739982400662,4740.85791015625,45783,0.0,0.0
2014-10-27 00:00:00+09:00,4734.818460305811,5073.019936874881,4614.032566220756,5042.8232421875,79129,0.0,0.0
2014-10-28 00:00:00+09:00,5224.002868176169,5308.553353445324,4771.054629827591,4879.76220703125,214675,0.0,0.0
2014-10-29 00:00:00+09:00,4946.195454686069,4946.195454686069,4589.8759765625,4589.8759765625,158656,0.0,0.0
2014-10-30 00:00:00+09:00,4656.307970496697,4680.465062847661,4408.696115153301,4457.0107421875,105543,0.0,0.0
2014-10-31 00:00:00+09:00,4438.893500624099,4523.444000461052,4215.439145315707,4306.02880859375,201084,0.0,0.0
2014-11-03 00:00:00+09:00,4306.0280076268855,4330.185099230108,4028.219463694662,4064.455322265625,125818,0.0,0.0
2014-11-04 00:00:00+09:00,4106.73069591347,4644.228958104387,4106.73069591347,4438.892578125,215619,0.0,0.0
2014-11-05 00:00:00+09:00,4469.089282396687,4499.28553571766,4124.8486328125,4124.8486328125,237712,0.0,0.0
2014-11-06 00:00:00+09:00,4136.92695694093,4251.6741350164175,3998.023130076023,4227.5166015625,181168,0.0,0.0
2014-11-07 00:00:00+09:00,4185.241524137824,4601.953883684014,4161.084433347343,4547.60009765625,185274,0.0,0.0
2014-11-10 00:00:00+09:00,4607.993207548903,4801.251267653245,4583.836115910457,4710.66162109375,145186,0.0,0.0
2014-11-11 00:00:00+09:00,4746.897557818701,4765.015487428695,4541.5611696828455,4565.71826171875,107631,0.0,0.0
2014-11-12 00:00:00+09:00,4565.71830109627,4668.386717215805,4487.207419553255,4493.24658203125,83365,0.0,0.0
2014-11-13 00:00:00+09:00,4505.3256073827,4771.054964287128,4493.246839402573,4716.701171875,153430,0.0,0.0
2014-11-14 00:00:00+09:00,4716.701228421386,4734.819159442636,4529.482755312567,4541.5615234375,49135,0.0,0.0
2014-11-17 00:00:00+09:00,4583.835959655989,4589.875121776672,4197.320294955165,4233.55615234375,146467,0.0,0.0
2014-11-18 00:00:00+09:00,4463.049362752591,4553.639000983918,4336.223869228735,4354.341796875,135331,0.0,0.0
2014-11-19 00:00:00+09:00,4378.499563906569,4408.695816718149,4215.438206327965,4269.7919921875,108174,0.0,0.0
2014-11-20 00:00:00+09:00,4324.146647621226,4589.876025928248,4287.910783094602,4517.404296875,222543,0.0,0.0
2014-11-21 00:00:00+09:00,4553.639614633216,4698.583055335942,4475.128731696665,4523.443359375,168756,0.0,0.0
2014-11-24 00:00:00+09:00,4607.993404896738,4620.072172399391,4438.892871520984,4523.443359375,87082,0.0,0.0
2014-11-25 00:00:00+09:00,4771.054878851974,4861.64453125,4638.190202778964,4861.64453125,304009,0.0,0.0
2014-11-26 00:00:00+09:00,4891.841094627809,4922.037792038739,4740.858492237709,4837.4873046875,109170,0.0,0.0
2014-11-27 00:00:00+09:00,4885.802145780325,5048.86352273345,4837.487516276042,4891.84130859375,99556,0.0,0.0
2014-11-28 00:00:00+09:00,4940.155938098033,5042.823917587731,4891.84130859375,4891.84130859375,86841,0.0,0.0
2014-12-01 00:00:00+09:00,4897.880236762972,4940.155701428527,4650.268822955113,4698.5830078125,124294,0.0,0.0
2014-12-02 00:00:00+09:00,4680.465288834437,4771.054942439828,4632.151101799757,4752.93701171875,60726,0.0,0.0
2014-12-03 00:00:00+09:00,4728.779896875366,4879.7625047593465,4710.661966235997,4789.1728515625,37216,0.0,0.0
2014-12-04 00:00:00+09:00,4831.4479833614,4885.801771515469,4674.42578125,4674.42578125,82909,0.0,0.0
2014-12-05 00:00:00+09:00,4674.426473659362,4722.74110661933,4511.365085043338,4589.8759765625,75274,0.0,0.0
2014-12-08 00:00:00+09:00,4595.915316501251,4638.190341440069,4541.5615234375,4541.5615234375,64846,0.0,0.0
2014-12-09 00:00:00+09:00,4523.443379871119,4589.875495606027,4457.010821803932,4487.20751953125,50242,0.0,0.0
2014-12-10 00:00:00+09:00,4457.010680968002,4517.403632182017,4348.303103383417,4390.578125,58353,0.0,0.0
2014-12-11 00:00:00+09:00,4390.578245432427,4475.128733317058,4281.870664866021,4348.30322265625,70119,0.0,0.0
2014-12-12 00:00:00+09:00,4384.5391626973615,4414.735860848738,4287.9103478781535,4378.5,47758,0.0,0.0
2014-12-15 00:00:00+09:00,4299.988575007699,4384.5390625,4299.988575007699,4384.5390625,20457,0.0,0.0
2014-12-16 00:00:00+09:00,4408.695835888254,4408.695835888254,4330.184958971622,4336.22412109375,23128,0.0,0.0
2014-12-17 00:00:00+09:00,4360.382102454731,4420.775056880587,4330.185404075657,4408.6962890625,40030,0.0,0.0
2014-12-18 00:00:00+09:00,4457.0116162306695,4457.0116162306695,4239.596415438929,4396.61865234375,73792,0.0,0.0
2014-12-19 00:00:00+09:00,4426.814064875538,4463.049924730814,4396.617809884323,4420.77490234375,27666,0.0,0.0
2014-12-22 00:00:00+09:00,4463.050080745458,4463.050080745458,4348.303334636643,4408.6962890625,25635,0.0,0.0
2014-12-23 00:00:00+09:00,4644.229433081291,5066.9814453125,4529.4826858179995,5066.9814453125,695632,0.0,0.0
2014-12-24 00:00:00+09:00,4994.50930722679,5525.968417413755,4964.312611053668,5411.2216796875,1397065,0.0,0.0
2014-12-26 00:00:00+09:00,5411.222030523538,5906.445314343409,5302.51444805096,5314.5927734375,854199,0.0,0.0
2014-12-29 00:00:00+09:00,5400.115203070828,5516.1808752268935,5326.8104738319325,5455.09375,212808,66.666664,0.0
2014-12-30 00:00:00+09:00,5485.636833737238,5577.2677410235865,5265.72265625,5265.72265625,223626,0.0,0.0
2015-01-02 00:00:00+09:00,5229.070449189566,5620.029296875,5161.874746787814,5620.029296875,434166,0.0,0.0
2015-01-05 00:00:00+09:00,5644.463541198966,5742.203020479158,5497.854098570421,5675.00732421875,272385,0.0,0.0
2015-01-06 00:00:00+09:00,5577.267907255828,5729.986388895925,5516.18078304972,5620.029296875,232969,0.0,0.0
2015-01-07 00:00:00+09:00,5613.9198807988,5620.028905986097,5381.788556511051,5418.44091796875,173869,0.0,0.0
2015-01-08 00:00:00+09:00,5467.310382431901,5620.028851982505,5436.767046454995,5528.39794921875,165541,0.0,0.0
2015-01-09 00:00:00+09:00,5510.071673423582,5552.832611502033,5314.5922684342895,5351.24462890625,295036,0.0,0.0
2015-01-12 00:00:00+09:00,5357.353533987165,5668.898617042384,5277.940230582524,5662.7900390625,263448,0.0,0.0
2015-01-13 00:00:00+09:00,5644.463987455582,5864.3781687850205,5503.963111356259,5748.3125,414288,0.0,0.0
2015-01-14 00:00:00+09:00,5907.139162164721,5956.009129804531,5626.137854923049,5656.681640625,235377,0.0,0.0
2015-01-15 00:00:00+09:00,5705.551254939914,5705.551254939914,5491.74609375,5491.74609375,145392,0.0,0.0
2015-01-16 00:00:00+09:00,5528.398267606802,5687.224876600008,5436.767359565896,5516.1806640625,125050,0.0,0.0
2015-01-19 00:00:00+09:00,5589.485208683121,5589.485208683121,5479.528122610666,5522.2890625,89572,0.0,0.0
2015-01-20 00:00:00+09:00,5522.289089280449,6322.532479827398,5467.310545977602,6169.814453125,684835,0.0,0.0
2015-01-21 00:00:00+09:00,6200.357817096343,6689.056131061606,6078.183574167427,6383.61962890625,1111503,0.0,0.0
2015-01-22 00:00:00+09:00,6505.794290836888,6536.33807514398,6102.61830661601,6169.814453125,372127,0.0,0.0
2015-01-23 00:00:00+09:00,6169.815114222232,6322.533157288407,6102.618960513158,6108.7275390625,204061,0.0,0.0
2015-01-26 00:00:00+09:00,6169.814453125,6322.532479827398,6108.7268845108165,6169.814453125,156849,0.0,0.0
2015-01-27 00:00:00+09:00,6169.814722315964,6261.445631818595,5925.46533203125,5925.46533203125,284623,0.0,0.0
2015-01-28 00:00:00+09:00,5925.4650735013265,6169.814453125,5894.921736610765,6169.814453125,163567,0.0,0.0
2015-01-29 00:00:00+09:00,6108.727100145516,6200.35800888478,6017.09619140625,6017.09619140625,144370,0.0,0.0
2015-01-30 00:00:00+09:00,6053.748544999125,6200.3579987421235,5986.552843644615,6035.42236328125,108505,0.0,0.0
2015-02-02 00:00:00+09:00,6035.422806804084,6169.815114222232,5876.596185188568,6108.7275390625,146122,0.0,0.0
2015-02-03 00:00:00+09:00,6322.531985244048,6933.404491684351,6169.813970488096,6475.25,1194768,0.0,0.0
2015-02-04 00:00:00+09:00,6444.7072182919555,6689.05615234375,6200.357836823627,6689.05615234375,375315,0.0,0.0
2015-02-05 00:00:00+09:00,6689.05624862456,6933.4051861934595,6322.53261856294,6505.79443359375,330990,0.0,0.0
2015-02-06 00:00:00+09:00,6414.162837886746,6505.793735570843,6200.357260818358,6261.44482421875,287560,0.0,0.0
2015-02-09 00:00:00+09:00,6322.532078610973,6414.162978300987,5809.399040346894,5949.89990234375,284485,0.0,0.0
2015-02-10 00:00:00+09:00,5870.486294168509,6029.31333979641,5784.96441741361,5943.791015625,117237,0.0,0.0
2015-02-11 00:00:00+09:00,6004.879183728638,6261.445734545292,5876.595908320311,6065.96630859375,159759,0.0,0.0
2015-02-12 00:00:00+09:00,6010.987572042232,6065.966116908472,5833.834333889944,5839.943359375,127995,0.0,0.0
2015-02-13 00:00:00+09:00,5894.921808875069,5962.117508791262,5613.92006360477,5681.1162109375,131365,0.0,0.0
2015-02-16 00:00:00+09:00,5699.44241022993,5986.552734375,5577.267718535244,5986.552734375,174189,0.0,0.0
2015-02-17 00:00:00+09:00,5937.683699955277,6096.510779339864,5937.683699955277,6041.5322265625,79602,0.0,0.0
2015-02-23 00:00:00+09:00,6078.183161909769,6108.726496862106,5803.290462839727,5949.89990234375,85276,0.0,0.0
2015-02-24 00:00:00+09:00,5986.5526378377435,5986.5526378377435,5748.3122836956445,5827.7255859375,133765,0.0,0.0
2015-02-25 00:00:00+09:00,5852.161357607175,6065.966989769126,5827.726594400549,6041.5322265625,191184,0.0,0.0
2015-02-26 00:00:00+09:00,6072.075045388989,6169.814984624896,5943.791766631358,6096.51025390625,153201,0.0,0.0
2015-02-27 00:00:00+09:00,6169.814995592442,6200.358335168459,6041.531716606773,6078.18408203125,129135,0.0,0.0
2015-03-02 00:00:00+09:00,6053.748961954199,6139.271298333526,5925.465681093499,5931.57470703125,98410,0.0,0.0
2015-03-03 00:00:00+09:00,5931.574527132842,6004.879256829988,5852.160771683227,5937.68310546875,65400,0.0,0.0
2015-03-04 00:00:00+09:00,5949.900597094386,6261.445692418547,5894.92205086071,6139.27099609375,246954,0.0,0.0
2015-03-05 00:00:00+09:00,6169.8146408207385,6200.357978640477,6065.966128950611,6072.07470703125,126552,0.0,0.0
2015-03-06 00:00:00+09:00,6072.074548829408,6475.250534811204,6072.074548829408,6383.61962890625,293500,0.0,0.0
2015-03-09 00:00:00+09:00,6414.163413346746,6536.338103692195,6291.988723001296,6383.61962890625,204669,0.0,0.0
2015-03-10 00:00:00+09:00,6383.619998950743,6566.881821383938,6108.727265300952,6353.07666015625,163180,0.0,0.0
2015-03-11 00:00:00+09:00,6200.35791015625,6261.445479954092,6096.509846849691,6200.35791015625,116911,0.0,0.0
2015-03-12 00:00:00+09:00,6200.357260818358,6383.619056186551,6139.270144834458,6261.44482421875,135688,0.0,0.0
2015-03-13 00:00:00+09:00,6261.445358629745,6383.6196010250505,6108.7268845108165,6169.814453125,115356,0.0,0.0
2015-03-16 00:00:00+09:00,6139.270144834458,6291.988158502454,6059.856849313738,6261.44482421875,125556,0.0,0.0
2015-03-17 00:00:00+09:00,6353.076500286192,6505.794532665308,6200.358020490529,6322.53271484375,263782,0.0,0.0
2015-03-18 00:00:00+09:00,6291.989369708541,6414.164072611427,6108.7275390625,6108.7275390625,158722,0.0,0.0
2015-03-19 00:00:00+09:00,6169.814061599784,6169.814061599784,5907.138517544075,5949.89990234375,197872,0.0,0.0
2015-03-20 00:00:00+09:00,5968.227100511587,6108.7275390625,5925.465708416459,6108.7275390625,89211,0.0,0.0
2015-03-23 00:00:00+09:00,6200.35739655212,6200.35739655212,5931.573722405747,5949.89990234375,118426,0.0,0.0
2015-03-24 00:00:00+09:00,5949.900616989515,6102.61865234375,5949.900616989515,6102.61865234375,71290,0.0,0.0
2015-03-25 00:00:00+09:00,6139.270744047753,6139.270744047753,5986.552715473968,6023.205078125,100254,0.0,0.0
2015-03-26 00:00:00+09:00,6023.205078125,6200.35786599396,6010.987474769144,6023.205078125,125230,0.0,0.0
2015-03-27 00:00:00+09:00,6029.313814950729,6139.270905800894,5925.465302231168,5980.44384765625,52701,0.0,0.0
2015-03-30 00:00:00+09:00,5962.117490166082,6078.183603143356,5956.008912215475,6059.857421875,65502,0.0,0.0
2015-03-31 00:00:00+09:00,6230.901789451873,6933.4052734375,6169.814666145115,6933.4052734375,1150618,0.0,0.0
2015-04-01 00:00:00+09:00,7025.036734079891,7086.124309602992,6689.056858369159,6841.77490234375,513931,0.0,0.0
2015-04-02 00:00:00+09:00,6933.405374700885,7116.66719471427,6719.600216296304,6750.1435546875,440256,0.0,0.0
2015-04-03 00:00:00+09:00,6780.687156139965,7147.210786201584,6444.70731105566,6505.79443359375,612519,0.0,0.0
2015-04-06 00:00:00+09:00,6597.426054450662,6689.056971873588,6475.251348747898,6658.51318359375,215683,0.0,0.0
2015-04-07 00:00:00+09:00,6658.512479204398,6811.23095703125,6444.707326113273,6811.23095703125,282904,0.0,0.0
2015-04-08 00:00:00+09:00,6780.687156139965,6811.230941117279,6475.250648616435,6505.79443359375,236181,0.0,0.0
2015-04-09 00:00:00+09:00,6505.794532665308,6566.881656133645,6291.988929401308,6322.53271484375,252507,0.0,0.0
2015-04-10 00:00:00+09:00,6291.988203326259,6536.337563835577,6291.988203326259,6475.25,248416,0.0,0.0
2015-04-13 00:00:00+09:00,6414.163623754529,6566.881656133645,6322.53271484375,6322.53271484375,192837,0.0,0.0
2015-04-14 00:00:00+09:00,6322.532567253352,6383.619689295698,5974.3351215205585,6004.87890625,412741,0.0,0.0
2015-04-15 00:00:00+09:00,6035.4227789741,6035.4227789741,5870.487132153199,5931.57470703125,304914,0.0,0.0
2015-04-16 00:00:00+09:00,5949.90075236965,5962.117909129373,5827.726052856446,5864.37841796875,172465,0.0,0.0
2015-04-17 00:00:00+09:00,5913.2481558219,5998.770039459037,5864.3781884459995,5962.11767578125,126115,0.0,0.0
2015-04-20 00:00:00+09:00,5894.922420034156,5992.661914765062,5778.856294661086,5803.29150390625,146385,0.0,0.0
2015-04-21 00:00:00+09:00,5809.4000046917245,5980.4442300338,5729.986694250149,5931.57470703125,169674,0.0,0.0
2015-04-22 00:00:00+09:00,5937.683236929086,5956.009419759114,5558.941975969649,5717.76904296875,161331,0.0,0.0
2015-04-23 00:00:00+09:00,5693.333842983852,5778.855724656621,5577.267729059105,5626.1376953125,95164,0.0,0.0
2015-04-24 00:00:00+09:00,5601.703145457099,5723.877394536391,5552.833177375449,5565.05078125,69793,0.0,0.0
2015-04-27 00:00:00+09:00,5644.463802083334,5772.7470703125,5577.2676553006395,5772.7470703125,51330,0.0,0.0
2015-04-28 00:00:00+09:00,5778.856410161911,5852.161144529363,5711.660701936142,5833.8349609375,49528,0.0,0.0
2015-04-29 00:00:00+09:00,5852.160595663974,5852.160595663974,5589.485471288709,5693.333984375,83199,0.0,0.0
2015-04-30 00:00:00+09:00,5693.333628901496,5711.659809630346,5394.005712052603,5418.44091796875,86250,0.0,0.0
2015-05-04 00:00:00+09:00,5412.331622350441,5473.419186672004,5222.961246753193,5229.06982421875,89158,0.0,0.0
2015-05-06 00:00:00+09:00,5106.896193499483,5314.5927734375,5070.243829544742,5314.5927734375,57294,0.0,0.0
2015-05-07 00:00:00+09:00,5314.59250124798,5314.59250124798,5113.004509821332,5235.17919921875,53530,0.0,0.0
2015-05-08 00:00:00+09:00,5277.939907962328,5375.67938674872,5186.309006782427,5351.24462890625,39352,0.0,0.0
2015-05-11 00:00:00+09:00,5375.680101449563,5473.420040647065,5229.070640069879,5271.83203125,65023,0.0,0.0
2015-05-12 00:00:00+09:00,5253.50545594403,5308.483999852456,5088.56982421875,5088.56982421875,48429,0.0,0.0
2015-05-13 00:00:00+09:00,5100.787109375,5192.418018210578,5088.569953141287,5100.787109375,54799,0.0,0.0
2015-05-14 00:00:00+09:00,5076.3521837916,5259.613995480827,5076.3521837916,5161.87451171875,31504,0.0,0.0
2015-05-15 00:00:00+09:00,5143.549014475398,5271.832299715382,4978.613362023988,5064.13525390625,95206,0.0,0.0
2015-05-18 00:00:00+09:00,4825.8950608566975,4844.221245198452,4306.6533203125,4306.6533203125,830070,0.0,0.0
2015-05-19 00:00:00+09:00,4233.3485829454785,4337.197110020962,4196.696214261968,4306.6533203125,242316,0.0,0.0
2015-05-20 00:00:00+09:00,4306.652751655735,4453.26220703125,4227.239445799515,4453.26220703125,267096,0.0,0.0
2015-05-21 00:00:00+09:00,4459.370847092248,4508.24081536788,4306.652811428666,4343.30517578125,108382,0.0,0.0
2015-05-22 00:00:00+09:00,4434.935865031234,4624.306255583806,4324.978777468476,4422.71826171875,133906,0.0,0.0
2015-05-26 00:00:00+09:00,4422.718233908084,4599.871467450741,4349.413509327195,4477.69677734375,70407,0.0,0.0
2015-05-27 00:00:00+09:00,4447.15436222008,4520.4591019961435,4337.197252555984,4355.5234375,51675,0.0,0.0
2015-05-28 00:00:00+09:00,4648.741349941077,5003.04736328125,4612.088988305317,5003.04736328125,373693,0.0,0.0
2015-05-29 00:00:00+09:00,5070.244257102605,5345.137009944013,4770.91629461979,4886.982421875,673861,0.0,0.0
2015-06-01 00:00:00+09:00,4801.459662428454,4856.438208181452,4654.850207087127,4777.02490234375,142950,0.0,0.0
2015-06-02 00:00:00+09:00,4777.024553321813,4819.785492199957,4471.588061204523,4483.8056640625,184296,0.0,0.0
2015-06-03 00:00:00+09:00,4410.501197315932,4660.9587147934435,4404.392171824694,4581.54541015625,120468,0.0,0.0
2015-06-04 00:00:00+09:00,4532.675528498576,5216.853287551738,4532.675528498576,4990.830078125,279583,0.0,0.0
2015-06-05 00:00:00+09:00,4844.220883206075,4948.069402521307,4770.91615131687,4838.1123046875,81406,0.0,0.0
2015-06-08 00:00:00+09:00,4886.981486003717,4893.090063535963,4722.045865884527,4795.3505859375,72001,0.0,0.0
2015-06-09 00:00:00+09:00,4740.372022036523,4948.068578668979,4740.372022036523,4850.3291015625,78894,0.0,0.0
2015-06-10 00:00:00+09:00,4996.939464558384,5094.678959730907,4880.873338660893,4978.61328125,198648,0.0,0.0
2015-06-11 00:00:00+09:00,4917.52561509528,5009.156529956786,4770.91615131687,4838.1123046875,95124,0.0,0.0
2015-06-12 00:00:00+09:00,4868.656019925938,4886.982202626517,4654.850405946997,4660.958984375,95904,0.0,0.0
2015-06-15 00:00:00+09:00,4752.58981226366,4813.677385109523,4624.306535670533,4807.568359375,58720,0.0,0.0
2015-06-16 00:00:00+09:00,4819.7853192220055,5003.047118431968,4691.502059775032,4850.3291015625,135709,0.0,0.0
2015-06-17 00:00:00+09:00,4911.416833035216,4911.416833035216,4795.351161492888,4880.873046875,38674,0.0,0.0
2015-06-18 00:00:00+09:00,4917.525432289144,4923.634457997196,4832.003546542016,4844.220703125,49212,0.0,0.0
2015-06-19 00:00:00+09:00,4899.19907997271,4917.525261627741,4832.003378848627,4905.30810546875,45805,0.0,0.0
2015-06-22 00:00:00+09:00,4917.524985386436,5131.33057515681,4886.981649288183,5113.00439453125,168582,0.0,0.0
2015-06-23 00:00:00+09:00,5070.244140625,5137.439847053723,4996.9394082179715,5070.244140625,96717,0.0,0.0
2015-06-24 00:00:00+09:00,5106.896294042128,5155.765815332873,5058.026325334821,5131.3310546875,47361,0.0,0.0
2015-06-25 00:00:00+09:00,5131.330619867701,5131.330619867701,4917.525028234372,5021.37353515625,63637,0.0,0.0
2015-06-26 00:00:00+09:00,5021.373406607064,5021.373406607064,4905.307747077368,4917.52490234375,76066,0.0,0.0
2015-06-29 00:00:00+09:00,4874.764390099118,4874.764390099118,4673.176389004793,4777.02490234375,122145,0.0,0.0
2015-06-30 00:00:00+09:00,4734.263493170855,4813.67724609375,4673.176369505709,4813.67724609375,46546,0.0,0.0
2015-07-01 00:00:00+09:00,4813.6768372648,4954.177254503494,4734.263091086571,4935.85107421875,79080,0.0,0.0
2015-07-02 00:00:00+09:00,4941.96053789973,5082.460967609051,4941.96053789973,5027.482421875,102585,0.0,0.0
2015-07-03 00:00:00+09:00,5027.48236294575,5210.744179911167,5027.48236294575,5137.439453125,151831,0.0,0.0
2015-07-06 00:00:00+09:00,5009.156055200276,5259.614014556077,5009.156055200276,5125.22216796875,102693,0.0,0.0
2015-07-07 00:00:00+09:00,5186.30951231589,5186.30951231589,4966.395328048078,4972.50390625,104292,0.0,0.0
2015-07-08 00:00:00+09:00,4960.286652220299,5161.87465049824,4899.199081737166,5155.765625,81145,0.0,0.0
2015-07-09 00:00:00+09:00,5210.744169984892,5357.353623277941,5088.569923851715,5155.765625,221046,0.0,0.0
2015-07-10 00:00:00+09:00,5167.98335746285,5277.940450174826,5161.874779228814,5241.2880859375,111082,0.0,0.0
2015-07-13 00:00:00+09:00,5296.266484764327,5565.050630823163,5259.614121547965,5516.1806640625,265092,0.0,0.0
2015-07-14 00:00:00+09:00,5595.593561287045,5717.768245588019,5479.527902021852,5711.65966796875,206901,0.0,0.0
2015-07-15 00:00:00+09:00,5803.291179515552,6078.183912533396,5742.2036072338815,6065.96630859375,339820,0.0,0.0
2015-07-16 00:00:00+09:00,6383.619962672177,6475.25087336803,6096.510074102878,6102.61865234375,462651,0.0,0.0
2015-07-17 00:00:00+09:00,6102.61830661601,6597.425196341633,6065.9659444141125,6169.814453125,397026,0.0,0.0
2015-07-20 00:00:00+09:00,6200.357880827156,6719.59998456998,6200.357880827156,6597.42529296875,487524,0.0,0.0
2015-07-21 00:00:00+09:00,6689.056854634918,6689.056854634918,6322.533191367251,6627.9697265625,272472,0.0,0.0
2015-07-22 00:00:00+09:00,6475.250648616435,6811.230941117279,6444.70731105566,6505.79443359375,185871,0.0,0.0
2015-07-23 00:00:00+09:00,6597.425196341633,6597.425196341633,5937.682676707469,6169.814453125,420483,0.0,0.0
2015-07-24 00:00:00+09:00,6047.640105926238,6169.81480265956,5870.486862775406,6102.61865234375,162126,0.0,0.0
2015-07-27 00:00:00+09:00,6004.878954381242,6102.61843991572,5913.248046875,5913.248046875,70240,0.0,0.0
2015-07-28 00:00:00+09:00,5882.704119930447,6169.814438993206,5705.550887221528,5846.0517578125,267568,0.0,0.0
2015-07-29 00:00:00+09:00,5919.357181862737,6291.9894249773615,5797.1824778866685,5803.29150390625,157209,0.0,0.0
2015-07-30 00:00:00+09:00,5974.33597378096,6029.314525686919,5748.313187306437,5919.357421875,102586,0.0,0.0
2015-07-31 00:00:00+09:00,6023.205097141752,6230.901670347834,5956.008949597194,5986.552734375,212133,0.0,0.0
2015-08-03 00:00:00+09:00,5986.552643098136,6090.400704409539,5436.767209979425,5467.310546875,239031,0.0,0.0
2015-08-04 00:00:00+09:00,5418.4411034521545,5662.7900390625,5418.4411034521545,5662.7900390625,75498,0.0,0.0
2015-08-05 00:00:00+09:00,5681.1162109375,5748.312358270229,5522.289156976745,5681.1162109375,54282,0.0,0.0
2015-08-06 00:00:00+09:00,5644.464196723261,5833.834599638974,5565.05088854891,5613.92041015625,69822,0.0,0.0
2015-08-07 00:00:00+09:00,5601.703036161149,5766.638671875,5558.941647142822,5766.638671875,31714,0.0,0.0
2015-08-10 00:00:00+09:00,5711.660857414828,5766.639409687003,5583.377568779752,5595.5947265625,52279,0.0,0.0
2015-08-11 00:00:00+09:00,5601.703285452577,5699.442776641987,5528.398555206378,5558.94189453125,29695,0.0,0.0
2015-08-12 00:00:00+09:00,5558.941706799724,5558.941706799724,5198.52709353855,5332.9189453125,74419,0.0,0.0
2015-08-13 00:00:00+09:00,5332.918627429726,5442.87571253137,5284.048662690154,5345.13623046875,35046,0.0,0.0
2015-08-14 00:00:00+09:00,5345.13623046875,5345.13623046875,5345.13623046875,5345.13623046875,0,0.0,0.0
2015-08-17 00:00:00+09:00,5461.202370652513,5461.202370652513,5314.592911037681,5381.7890625,38194,0.0,0.0
2015-08-18 00:00:00+09:00,5381.78916070126,5436.767709060013,5198.527332838748,5216.853515625,79375,0.0,0.0
2015-08-19 00:00:00+09:00,5100.786845171102,5186.3091714600505,4886.981700573518,5003.04736328125,69565,0.0,0.0
2015-08-20 00:00:00+09:00,4954.177381045818,5125.222033016681,4954.177381045818,5039.69970703125,23662,0.0,0.0
2015-08-21 00:00:00+09:00,4819.785423130138,4978.612468341705,4813.676845496947,4917.52490234375,72940,0.0,0.0
2015-08-24 00:00:00+09:00,4764.807715917734,5003.04810171362,4764.807715917734,4886.982421875,52222,0.0,0.0
2015-08-25 00:00:00+09:00,4844.220612467379,5039.700035718965,4844.220612467379,5009.15625,57619,0.0,0.0
2015-08-26 00:00:00+09:00,5009.156346449819,5192.41816945916,4948.069221252224,5149.6572265625,66847,0.0,0.0
2015-08-27 00:00:00+09:00,5100.787089731916,5235.179387117586,5088.569933545252,5137.439453125,38542,0.0,0.0
2015-08-28 00:00:00+09:00,5180.200317552937,5394.005450754626,5100.786573297224,5210.74365234375,44467,0.0,0.0
2015-08-31 00:00:00+09:00,5229.070201678845,5277.940167180471,5161.8745024577065,5180.20068359375,16608,0.0,0.0
2015-09-01 00:00:00+09:00,5149.657509656061,5277.940792814753,4978.61328125,4978.61328125,27379,0.0,0.0
2015-09-02 00:00:00+09:00,4972.503711023271,5088.56982421875,4941.96037379628,5088.56982421875,16627,0.0,0.0
2015-09-03 00:00:00+09:00,5100.787480850208,5241.28836710254,4978.613225116214,5070.244140625,55711,0.0,0.0
2015-09-04 00:00:00+09:00,7605.361968941763,7660.340515073865,7220.512146017045,7330.46923828125,21699,0.0,0.0
2015-09-07 00:00:00+09:00,4868.655619504024,4941.960344277402,4783.133291462906,4801.45947265625,25846,0.0,0.0
2015-09-08 00:00:00+09:00,4801.459884700279,4929.7431640625,4758.6989407183955,4929.7431640625,49149,0.0,0.0
2015-09-09 00:00:00+09:00,4966.395676572215,5003.048043188985,4893.090943338677,4978.61328125,26836,0.0,0.0
2015-09-10 00:00:00+09:00,4978.612843366002,5277.940328604001,4978.612843366002,5137.439453125,49009,0.0,0.0
2015-09-11 00:00:00+09:00,5259.614087841004,5259.614087841004,5125.222239381126,5247.396484375,23149,0.0,0.0
2015-09-14 00:00:00+09:00,5222.96159605405,5277.940139170408,5180.200656102392,5235.17919921875,10380,0.0,0.0
2015-09-15 00:00:00+09:00,5253.505548869555,5271.831730496523,5106.896095853815,5174.091796875,16884,0.0,0.0
2015-09-16 00:00:00+09:00,5204.635721700175,5339.027574764849,5094.678628988199,5241.2880859375,39765,0.0,0.0
2015-09-17 00:00:00+09:00,5204.635911295309,5253.505881197502,5161.874967266247,5216.853515625,17065,0.0,0.0
2015-09-18 00:00:00+09:00,5271.83187194079,5326.810418296777,5167.98335746285,5241.2880859375,45352,0.0,0.0
2015-09-21 00:00:00+09:00,5277.940642440313,5277.940642440313,5125.222601693745,5216.853515625,14082,0.0,0.0
2015-09-22 00:00:00+09:00,5271.831772388075,5448.984564578775,5253.505590615481,5424.5498046875,49977,0.0,0.0
2015-09-23 00:00:00+09:00,5436.76740834141,5687.224927622482,5357.35365571581,5424.5498046875,51603,0.0,0.0
2015-09-24 00:00:00+09:00,5497.854165825326,5595.593646301159,5455.093227007746,5528.39794921875,22744,0.0,0.0
2015-09-25 00:00:00+09:00,5528.3982482261,5681.11627862005,5424.549737004951,5552.8330078125,35080,0.0,0.0
2015-09-30 00:00:00+09:00,5607.8118638342385,5607.8118638342385,5436.767642398629,5558.94189453125,33937,0.0,0.0
2015-10-01 00:00:00+09:00,5626.137558836374,6096.5096862926985,5626.137558836374,5901.0302734375,184758,0.0,0.0
2015-10-02 00:00:00+09:00,6023.2056497054,6230.902241965387,5943.791891481063,6108.7275390625,126586,0.0,0.0
2015-10-05 00:00:00+09:00,6291.988723001296,6444.707197787241,6059.857392986436,6383.61962890625,251842,0.0,0.0
2015-10-06 00:00:00+09:00,6475.25063199692,6475.25063199692,6108.727002876028,6200.35791015625,119724,0.0,0.0
2015-10-07 00:00:00+09:00,6139.270849609376,6536.338267628432,6047.639941406251,6414.16357421875,224553,0.0,0.0
2015-10-08 00:00:00+09:00,6536.3384825894445,6566.881821383938,6065.966322538727,6353.07666015625,189612,0.0,0.0
2015-10-12 00:00:00+09:00,6536.338775514314,6536.338775514314,6096.510381963816,6108.7275390625,116160,0.0,0.0
2015-10-13 00:00:00+09:00,6322.532816872667,6566.881762105707,6139.27099609375,6139.27099609375,273438,0.0,0.0
2015-10-14 00:00:00+09:00,6108.726841997286,6291.98865173137,5901.0302734375,5901.0302734375,87172,0.0,0.0
2015-10-15 00:00:00+09:00,5827.725786284184,6065.966148616557,5821.617208183741,6035.42236328125,56203,0.0,0.0
2015-10-16 00:00:00+09:00,6096.509728721204,6291.9886955203065,6047.639763313163,6169.814453125,50776,0.0,0.0
2015-10-19 00:00:00+09:00,6291.989062590879,6291.989062590879,6041.5315378774,6084.29248046875,43047,0.0,0.0
2015-10-20 00:00:00+09:00,6169.814572673869,6200.35791015625,6053.748458507894,6200.35791015625,44976,0.0,0.0
2015-10-21 00:00:00+09:00,6200.3577900155615,6658.5123175392855,6169.814453125,6169.814453125,167553,0.0,0.0
2015-10-22 00:00:00+09:00,6200.35791015625,6414.163509615618,6102.618424862859,6200.35791015625,63243,0.0,0.0
2015-10-23 00:00:00+09:00,6353.076831885858,6414.163958542646,6230.902131155713,6291.9892578125,30640,0.0,0.0
2015-10-26 00:00:00+09:00,6475.251085199433,6475.251085199433,6096.510273544152,6291.9892578125,67977,0.0,0.0
2015-10-27 00:00:00+09:00,6322.532602335395,6353.076387234315,6102.618424862859,6200.35791015625,55434,0.0,0.0
2015-10-28 00:00:00+09:00,6291.988158502454,6566.8808515547435,6200.357260818358,6261.44482421875,234496,0.0,0.0
2015-10-29 00:00:00+09:00,6261.445539054821,6322.532662012714,6029.313755948357,6090.40087890625,60078,0.0,0.0
2015-10-30 00:00:00+09:00,6169.814538439217,6200.357875752122,5949.900362186927,6004.87890625,81127,0.0,0.0
2015-11-02 00:00:00+09:00,6047.639937577379,6169.814630909709,5974.33521106129,6090.40087890625,27538,0.0,0.0
2015-11-03 00:00:00+09:00,6169.814548208759,6169.814548208759,5943.791346202764,5986.552734375,32863,0.0,0.0
2015-11-04 00:00:00+09:00,6047.639675315367,6200.3576997956,5962.117348949843,5992.6611328125,55170,0.0,0.0
2015-11-05 00:00:00+09:00,5986.553336162063,6041.531885838806,5760.530111435505,5803.29150390625,80391,0.0,0.0
2015-11-06 00:00:00+09:00,5803.291159876151,6322.532838013794,5772.7473738386825,6102.61865234375,149314,0.0,0.0
2015-11-09 00:00:00+09:00,6102.619358287368,6230.902648101217,5992.662252732641,6041.5322265625,33864,0.0,0.0
2015-11-10 00:00:00+09:00,5931.574307588852,6047.639976174565,5687.224919364708,5766.638671875,80038,0.0,0.0
2015-11-11 00:00:00+09:00,5766.638831609053,5821.617378369891,5436.76755104402,5723.87744140625,66741,0.0,0.0
2015-11-12 00:00:00+09:00,5723.877273089925,6047.639965855375,5607.811604702257,5784.96484375,131475,0.0,0.0
2015-11-13 00:00:00+09:00,5784.96495589474,5839.94350210467,5497.854620992925,5583.376953125,180840,0.0,0.0
2015-11-16 00:00:00+09:00,5503.962881487924,5644.463751719349,5497.854303622742,5522.2890625,43851,0.0,0.0
2015-11-17 00:00:00+09:00,5522.289391397348,5632.246484018644,5503.963209293799,5565.05078125,28015,0.0,0.0
2015-11-18 00:00:00+09:00,5565.0502257741855,5919.356228605546,5565.0502257741855,5711.65966796875,118209,0.0,0.0
2015-11-19 00:00:00+09:00,5742.202995064381,5815.50771605421,5662.789696464237,5729.98583984375,49969,0.0,0.0
2015-11-20 00:00:00+09:00,5723.87744140625,5772.747409888071,5681.1164986200065,5723.87744140625,42934,0.0,0.0
2015-11-23 00:00:00+09:00,5778.85562056438,5858.269370222767,5723.877077300819,5827.7255859375,33673,0.0,0.0
2015-11-24 00:00:00+09:00,5852.160085127533,5852.160085127533,5668.898282384328,5711.65966796875,42021,0.0,0.0
2015-11-25 00:00:00+09:00,5736.095477458779,5821.617816889893,5601.70361328125,5601.70361328125,75153,0.0,0.0
2015-11-26 00:00:00+09:00,5601.702925324104,5998.769890352892,5601.702925324104,5986.552734375,108072,0.0,0.0
2015-11-27 00:00:00+09:00,6212.575729575393,6780.687374462818,6120.944819109679,6130.10791015625,149075,0.0,1.5
2015-11-30 00:00:00+09:00,6130.10785486558,6258.391128360524,6047.640036190258,6230.90185546875,25205,0.0,0.0
2015-12-01 00:00:00+09:00,6258.391001930993,6698.219359314138,6029.313732460606,6469.14208984375,71826,0.0,0.0
2015-12-02 00:00:00+09:00,6560.7731039005475,6560.7731039005475,6249.228012374543,6276.71728515625,65809,0.0,0.0
2015-12-03 00:00:00+09:00,6258.391573174055,6368.3486725563225,6139.271382176598,6304.20703125,25547,0.0,0.0
2015-12-04 00:00:00+09:00,6258.39114357344,6276.7173255458365,6093.45550582187,6203.41259765625,18044,0.0,0.0
2015-12-07 00:00:00+09:00,6267.554219324449,6267.554219324449,6075.129309082032,6230.90185546875,22831,0.0,0.0
2015-12-08 00:00:00+09:00,6166.76031595712,6166.76031595712,5891.867582704945,6056.80322265625,42301,0.0,0.0
2015-12-09 00:00:00+09:00,6075.129473650897,6093.4556560751835,5910.193831832321,5937.68310546875,20605,0.0,0.0
2015-12-10 00:00:00+09:00,5891.867247953869,5983.498153831845,5772.7470703125,5772.7470703125,28954,0.0,0.0
2015-12-11 00:00:00+09:00,5772.747542394845,5855.215364429057,5671.953537686364,5800.23681640625,10445,0.0,0.0
2015-12-14 00:00:00+09:00,5726.931717595443,5800.236443580665,5479.52826739532,5580.322265625,16389,0.0,0.0
2015-12-15 00:00:00+09:00,5644.463886335784,5763.584065755208,5543.669888365503,5607.8115234375,9327,0.0,0.0
2015-12-16 00:00:00+09:00,5580.322698688661,5671.95361328125,5543.670332851626,5671.95361328125,14871,0.0,0.0
2015-12-17 00:00:00+09:00,5736.09463147218,6093.455159630989,5653.626817281685,5928.51953125,44397,0.0,0.0
2015-12-18 00:00:00+09:00,5818.562993672367,5864.3784503154575,5626.138075771391,5809.39990234375,87100,0.0,0.0
2015-12-21 00:00:00+09:00,5726.9316219942375,5809.399437350954,5726.9316219942375,5763.583984375,22482,0.0,0.0
2015-12-22 00:00:00+09:00,5763.584500043819,5800.236865703876,5635.301220233623,5717.76904296875,40666,0.0,0.0
2015-12-23 00:00:00+09:00,5809.40007211041,5809.40007211041,5507.018049429585,5534.50732421875,41095,0.0,0.0
2015-12-24 00:00:00+09:00,5543.669966115247,5580.322329527579,5342.08196734742,5461.2021484375,46344,0.0,0.0
2015-12-28 00:00:00+09:00,5507.017093912761,5552.832543945313,5387.896923828125,5497.85400390625,39449,0.0,0.0
2015-12-29 00:00:00+09:00,5599.83872959622,5599.83872959622,5358.786069050687,5395.87109375,56621,70.0,0.0
2015-12-30 00:00:00+09:00,5562.75328125,5831.61968984375,5507.1257484375,5794.53466796875,77428,0.0,0.0
2016-01-04 00:00:00+09:00,5655.465881549093,5720.364670353754,5599.8383482879535,5618.380859375,29146,0.0,0.0
2016-01-05 00:00:00+09:00,5618.380964176829,5785.263567073171,5590.567197027439,5701.822265625,26726,0.0,0.0
2016-01-06 00:00:00+09:00,5794.534565489969,6165.384777681327,5738.907033661266,6007.7734375,101364,0.0,0.0
2016-01-07 00:00:00+09:00,6091.215300170713,6285.911679628224,5979.960226194992,6109.7578125,92761,0.0,0.0
2016-01-08 00:00:00+09:00,6081.94404400607,6193.199117981791,5896.518920713202,6109.7578125,63635,0.0,0.0
2016-01-11 00:00:00+09:00,6183.927175029343,6211.7409404342725,5868.704500440141,5924.33203125,41731,0.0,0.0
2016-01-12 00:00:00+09:00,5989.231205047123,6044.858739459325,5785.263578869048,5840.89111328125,38721,0.0,0.0
2016-01-13 00:00:00+09:00,5952.145707667151,6026.315747638082,5785.263117732558,5979.95947265625,93426,0.0,0.0
2016-01-14 00:00:00+09:00,5952.146479702452,5952.146479702452,5674.008793735048,5813.07763671875,60436,0.0,0.0
2016-01-15 00:00:00+09:00,5813.07695779062,5877.975743603274,5609.109345236563,5627.65185546875,70474,0.0,0.0
2016-01-18 00:00:00+09:00,5627.651339125359,5748.17764457615,5572.023813532686,5646.19384765625,35399,0.0,0.0
2016-01-19 00:00:00+09:00,5729.635310340766,5729.635310340766,5451.497673916458,5534.93896484375,28570,0.0,0.0
2016-01-20 00:00:00+09:00,5488.58315340909,5534.939430042613,5062.105408380681,5099.1904296875,62580,0.0,0.0
2016-01-21 00:00:00+09:00,5117.7329403409085,5182.6317276278405,5025.020387073863,5099.1904296875,24723,0.0,0.0
2016-01-22 00:00:00+09:00,5191.9032157441015,5247.530750198503,5043.563123865699,5108.4619140625,18664,0.0,0.0
2016-01-25 00:00:00+09:00,5330.9720135550215,5479.312104366987,5238.259456797543,5423.6845703125,34851,0.0,0.0
2016-01-26 00:00:00+09:00,5460.76953125,5609.109620384126,5377.328231112055,5460.76953125,44899,0.0,0.0
2016-01-27 00:00:00+09:00,5460.769886973797,5507.126167847938,5377.328581400344,5395.87109375,24450,0.0,0.0
2016-01-28 00:00:00+09:00,5368.05706692887,5507.12590285967,5340.24329974271,5405.14208984375,9321,0.0,0.0
2016-01-29 00:00:00+09:00,5405.141741426112,5488.583037605932,5321.7004452462925,5470.04052734375,21780,0.0,0.0
2016-02-01 00:00:00+09:00,5405.141997824703,5488.583297962648,5284.615675403226,5460.76953125,33035,0.0,0.0
2016-02-02 00:00:00+09:00,5442.226912715517,5442.226912715517,5303.158081896551,5377.328125,21583,0.0,0.0
2016-02-03 00:00:00+09:00,5377.328447690217,5432.955983355978,5256.802120414402,5330.97216796875,12706,0.0,0.0
2016-02-04 00:00:00+09:00,5414.41334557247,5516.39715858839,5154.81818516831,5405.14208984375,45793,0.0,0.0
2016-02-05 00:00:00+09:00,5405.141830653361,5442.226851789918,5358.785554232662,5414.4130859375,7622,0.0,0.0
2016-02-11 00:00:00+09:00,5303.158239428439,5303.158239428439,4950.850524221654,4987.935546875,61158,0.0,0.0
2016-02-12 00:00:00+09:00,4941.57975524531,5089.919860468433,4566.0938638992775,4570.7294921875,62236,0.0,0.0
2016-02-15 00:00:00+09:00,4589.271081972362,4709.79739321608,4552.186063128141,4612.44921875,62292,0.0,0.0
2016-02-16 00:00:00+09:00,4654.1706382796965,4802.510738304548,4612.449985147708,4663.44189453125,25400,0.0,0.0
2016-02-17 00:00:00+09:00,4691.255295138889,4709.797806186869,4487.287673611111,4589.271484375,33570,0.0,0.0
2016-02-18 00:00:00+09:00,4607.81413117063,4709.797944938994,4607.81413117063,4654.17041015625,42421,0.0,0.0
2016-02-19 00:00:00+09:00,4672.7129934210525,4774.696808753655,4635.627969663743,4756.154296875,27784,0.0,0.0
2016-02-22 00:00:00+09:00,4654.170348397357,4709.797882441946,4635.62783704916,4691.25537109375,66281,0.0,0.0
2016-02-23 00:00:00+09:00,4728.340211374879,4821.052764539092,4700.526445425615,4802.51025390625,31664,0.0,0.0
2016-02-24 00:00:00+09:00,4783.968096410225,4858.138144416585,4719.06930440466,4737.61181640625,50682,0.0,0.0
2016-02-25 00:00:00+09:00,4783.9674279995215,4941.578757991754,4737.611154472394,4848.8662109375,29467,0.0,0.0
2016-02-26 00:00:00+09:00,4821.052963051823,4904.4942643354125,4783.967940259117,4830.32421875,20519,0.0,0.0
2016-02-29 00:00:00+09:00,4821.052963051823,4913.765520033589,4728.340406070058,4830.32421875,16652,0.0,0.0
2016-03-02 00:00:00+09:00,4885.951880025585,4885.951880025585,4746.883040935672,4756.154296875,52221,0.0,0.0
2016-03-03 00:00:00+09:00,4756.15432840784,4811.78186441261,4672.713024400685,4737.61181640625,69286,0.0,0.0
2016-03-04 00:00:00+09:00,4802.51025390625,4839.595275171935,4728.340211374879,4802.51025390625,39449,0.0,0.0
2016-03-07 00:00:00+09:00,4839.595616799033,5052.834504129259,4774.696825002878,5034.2919921875,56014,0.0,0.0
2016-03-08 00:00:00+09:00,5015.749161546248,5089.9192046005355,4941.579118491959,5080.64794921875,32433,0.0,0.0
2016-03-09 00:00:00+09:00,5071.377016071017,5099.190783983656,4941.579432478707,5034.2919921875,32377,0.0,0.0
2016-03-10 00:00:00+09:00,5006.477394318715,5034.291157620485,4876.679832243785,4941.57861328125,34614,0.0,0.0
2016-03-11 00:00:00+09:00,4941.579238100405,5052.83430537471,4885.951704463252,5006.47802734375,32879,0.0,0.0
2016-03-14 00:00:00+09:00,5062.105239392202,5071.376494409404,4941.578924168578,5052.833984375,51010,0.0,0.0
2016-03-15 00:00:00+09:00,4969.3926892201835,5136.2752795298165,4969.3926892201835,5052.833984375,27533,0.0,0.0
2016-03-16 00:00:00+09:00,5099.1909302783615,5562.7537421218485,5015.749624146534,5516.3974609375,213884,0.0,0.0
2016-03-17 00:00:00+09:00,5516.396655273437,5775.991791992187,5451.497871093749,5562.7529296875,134318,0.0,0.0
2016-03-18 00:00:00+09:00,5562.753356529388,5646.194656877328,5451.4982893988,5599.83837890625,66334,0.0,0.0
2016-03-21 00:00:00+09:00,5572.024839391787,5757.449958839102,5572.024839391787,5609.10986328125,60065,0.0,0.0
2016-03-22 00:00:00+09:00,5664.736925875756,5748.17822265625,5395.870525138609,5748.17822265625,127538,0.0,0.0
2016-03-23 00:00:00+09:00,5646.1945648693645,5748.178374743852,5646.1945648693645,5655.4658203125,43516,0.0,0.0
2016-03-24 00:00:00+09:00,5618.380548650568,5701.821843927557,5451.497958096591,5507.12548828125,31859,0.0,0.0
2016-03-25 00:00:00+09:00,5414.413178790984,5692.550842085041,5405.141923347848,5655.4658203125,67528,0.0,0.0
2016-03-28 00:00:00+09:00,5850.16202983241,6026.31587859123,5748.17822265625,5748.17822265625,128621,0.0,0.0
2016-03-29 00:00:00+09:00,5748.178544207317,5896.518635670732,5664.737242759146,5701.822265625,51139,0.0,0.0
2016-03-30 00:00:00+09:00,5766.72116010617,5859.43371895032,5711.09362479968,5785.263671875,54811,0.0,0.0
2016-03-31 00:00:00+09:00,5831.6197655635815,5896.5185546875,5692.550931726612,5896.5185546875,84214,0.0,0.0
2016-04-01 00:00:00+09:00,5924.331481348592,5924.331481348592,5785.262667232429,5803.80517578125,48104,0.0,0.0
2016-04-04 00:00:00+09:00,5896.518568188364,6193.198747719854,5813.077267695132,6035.58740234375,234871,0.0,0.0
2016-04-05 00:00:00+09:00,5989.2303833756705,6193.1979815711275,5942.8741110585215,6044.85791015625,111413,0.0,0.0
2016-04-06 00:00:00+09:00,6063.4007976526045,6063.4007976526045,5840.89067663783,5961.4169921875,62764,0.0,0.0
2016-04-07 00:00:00+09:00,5961.41770868716,6017.045245626698,5757.4500732421875,5970.68896484375,136165,0.0,0.0
2016-04-08 00:00:00+09:00,5989.230582061069,6137.570658396947,5896.518034351145,6072.671875,87498,0.0,0.0
2016-04-11 00:00:00+09:00,6081.943468045113,6341.538616071429,5933.603383458647,6165.384765625,134263,0.0,0.0
2016-04-12 00:00:00+09:00,6183.927444321362,6230.283722014925,5998.502333547108,6211.7412109375,107549,0.0,0.0
2016-04-14 00:00:00+09:00,6202.469266831427,6360.080593492316,6054.129194680004,6183.9267578125,122286,0.0,0.0
2016-04-15 00:00:00+09:00,6119.028609375,6174.6561421875,5794.53466796875,5794.53466796875,162580,0.0,0.0
2016-04-18 00:00:00+09:00,5738.907504866147,5757.450016998187,5349.5147500933235,5432.9560546875,234947,0.0,0.0
2016-04-19 00:00:00+09:00,5488.583483573718,5785.263671875,5460.769715920473,5785.263671875,141811,0.0,0.0
2016-04-20 00:00:00+09:00,5785.262980015674,6193.198190144984,5785.262980015674,5915.060546875,357311,0.0,0.0
2016-04-21 00:00:00+09:00,6091.214735243056,6183.927288290895,5989.230926890432,6007.7734375,146781,0.0,0.0
2016-04-22 00:00:00+09:00,5970.687874448811,6304.453035132286,5877.975329814513,6044.85791015625,235053,0.0,0.0
2016-04-25 00:00:00+09:00,6044.859211988022,6109.758007208752,5924.332878006666,5998.5029296875,62189,0.0,0.0
2016-04-26 00:00:00+09:00,5998.502133058563,6017.04464351624,5794.534518024115,5887.2470703125,65801,0.0,0.0
2016-04-27 00:00:00+09:00,5896.518416509341,6044.858502459261,5822.34837353438,5831.61962890625,50396,0.0,0.0
2016-04-28 00:00:00+09:00,5970.688926926506,6100.486512294473,5840.891341558538,5850.16259765625,75682,0.0,0.0
2016-04-29 00:00:00+09:00,5887.2470703125,6007.773388287402,5757.44949710876,5887.2470703125,75507,0.0,0.0
2016-05-02 00:00:00+09:00,5896.51900442023,5924.332773309005,5470.041214792352,5636.923828125,159025,0.0,0.0
2016-05-03 00:00:00+09:00,5590.566972465391,5701.822036594055,5572.0244617772805,5692.55078125,48596,0.0,0.0
2016-05-04 00:00:00+09:00,5664.73716806576,5915.061069109583,5590.567123312035,5599.83837890625,111537,0.0,0.0
2016-05-09 00:00:00+09:00,5618.3808900946815,5887.247302326935,5544.210845340956,5599.83837890625,143073,0.0,0.0
2016-05-10 00:00:00+09:00,5646.194626005569,5646.194626005569,5544.210815026815,5618.380859375,41368,0.0,0.0
2016-05-11 00:00:00+09:00,5646.194821985757,6332.267756020151,5599.8385426591085,6081.94384765625,1012170,0.0,0.0
2016-05-12 00:00:00+09:00,6183.92741394043,6285.911224365234,6007.7735595703125,6230.28369140625,316222,0.0,0.0
2016-05-13 00:00:00+09:00,6350.81010266498,6675.304049516476,6295.18256891901,6471.33642578125,551471,0.0,0.0
2016-05-16 00:00:00+09:00,6684.574936293499,7101.781416367296,6471.336068700225,6693.84619140625,787087,0.0,0.0
2016-05-17 00:00:00+09:00,6656.76123046875,6842.1863343815285,6526.963657729805,6656.76123046875,309478,0.0,0.0
2016-05-18 00:00:00+09:00,6628.947376230145,6953.4413037379145,6322.995958865677,6712.388671875,633078,0.0,0.0
2016-05-19 00:00:00+09:00,6703.117736901296,6703.117736901296,6443.522582498479,6666.03271484375,263438,0.0,0.0
2016-05-20 00:00:00+09:00,6740.2025272295,7009.068927903029,6545.506168121083,6656.76123046875,449850,0.0,0.0
2016-05-23 00:00:00+09:00,6564.049087804986,6740.202947505967,6369.352716556533,6554.77783203125,307968,0.0,0.0
2016-05-24 00:00:00+09:00,6415.708878568814,6443.522645383418,6211.7412552617125,6332.267578125,319612,0.0,0.0
2016-05-25 00:00:00+09:00,6341.539211107337,6424.980516516644,5970.68896484375,5970.68896484375,365579,0.0,0.0
2016-05-26 00:00:00+09:00,6221.012685636195,6304.453988424161,5998.502544868284,6081.94384765625,365211,0.0,0.0
2016-05-27 00:00:00+09:00,5989.231227805398,6211.741366299716,5933.603693181819,6119.02880859375,120703,0.0,0.0
2016-05-30 00:00:00+09:00,6128.299880981445,6165.384902954102,5868.704727172852,5933.603515625,145519,0.0,0.0
2016-05-31 00:00:00+09:00,5933.603197674419,6100.485787609012,5905.78943268532,5979.95947265625,85588,0.0,0.0
2016-06-01 00:00:00+09:00,5942.874697132658,6221.01235846492,5924.332186377174,6128.2998046875,180163,0.0,0.0
2016-06-02 00:00:00+09:00,6128.299989767912,6183.927523714368,5970.688643586286,6017.044921875,94453,0.0,0.0
2016-06-03 00:00:00+09:00,6017.045408615931,6026.316665023659,5813.077767645899,5877.9765625,87169,0.0,0.0
2016-06-07 00:00:00+09:00,5924.331801650666,5924.331801650666,5813.076744342673,5915.060546875,71880,0.0,0.0
2016-06-08 00:00:00+09:00,5915.060816217238,5970.688347404234,5664.736925875756,5748.17822265625,151003,0.0,0.0
2016-06-09 00:00:00+09:00,5813.0771007227195,5813.0771007227195,5627.651993841612,5692.55078125,54841,0.0,0.0
2016-06-10 00:00:00+09:00,5701.822277250744,5877.976136222718,5609.109719897073,5840.89111328125,75433,0.0,0.0
2016-06-13 00:00:00+09:00,5840.891101371952,5887.247379954269,5646.19473132622,5701.822265625,67470,0.0,0.0
2016-06-14 00:00:00+09:00,5701.821896397499,5887.246998719368,5562.753069656096,5627.65185546875,80702,0.0,0.0
2016-06-15 00:00:00+09:00,5627.651905084425,5748.17822265625,5599.8381394909275,5748.17822265625,56475,0.0,0.0
2016-06-16 00:00:00+09:00,5748.178727545706,5775.992495582217,5451.49853515625,5451.49853515625,99046,0.0,0.0
2016-06-17 00:00:00+09:00,5470.040270443163,5497.854034530162,5293.886431225501,5321.7001953125,63443,0.0,0.0
2016-06-20 00:00:00+09:00,5340.24292652027,5534.939283216322,5330.971671439505,5488.5830078125,38076,0.0,0.0
2016-06-21 00:00:00+09:00,5525.668072882802,7129.59521484375,5395.870500700992,7129.59521484375,3336851,0.0,0.0
2016-06-22 00:00:00+09:00,6322.9962296875,6582.5913828125,5794.53466796875,5794.53466796875,3331242,0.0,0.0
2016-06-23 00:00:00+09:00,5933.603204617834,6267.368384877588,5822.34814453125,5822.34814453125,2400760,0.0,0.0
2016-06-24 00:00:00+09:00,5877.975512035473,5952.14555004223,4978.663801203547,5145.54638671875,1171769,0.0,0.0
2016-06-27 00:00:00+09:00,4904.4937631967905,5349.513991237331,4885.9512536951015,5145.54638671875,334116,0.0,0.0
2016-06-28 00:00:00+09:00,5034.291879175408,5377.328342397305,5034.291879175408,5247.53076171875,251375,0.0,0.0
2016-06-29 00:00:00+09:00,5368.056869612069,5497.854445043104,5293.88682650862,5377.328125,255749,0.0,0.0
2016-06-30 00:00:00+09:00,5377.328155411981,5544.21075333856,5293.886856448692,5358.78564453125,208763,0.0,0.0
2016-07-01 00:00:00+09:00,5432.956154805673,5599.838767069328,5405.142386095064,5516.3974609375,272728,0.0,0.0
2016-07-04 00:00:00+09:00,5609.109901996107,5961.41763137768,5572.0248778506775,5729.63623046875,431740,0.0,0.0
2016-07-05 00:00:00+09:00,5729.635940330616,5794.534729298762,5692.550918063104,5757.44970703125,129075,0.0,0.0
2016-07-06 00:00:00+09:00,5785.263473731884,5813.077240432518,5627.652129094958,5757.44970703125,166544,0.0,0.0
2016-07-07 00:00:00+09:00,5766.720931982343,5887.247253711877,5720.36465439406,5775.9921875,131722,0.0,0.0
2016-07-08 00:00:00+09:00,5831.62007250286,5831.62007250286,5516.397365881084,5572.02490234375,259478,0.0,0.0
2016-07-11 00:00:00+09:00,5636.923537234043,5701.822327958776,5507.125955784574,5664.7373046875,124886,0.0,0.0
2016-07-12 00:00:00+09:00,5655.466219604299,5877.976365949386,5646.194963506587,5850.16259765625,214310,0.0,0.0
2016-07-13 00:00:00+09:00,5896.518783114207,5933.603806907378,5794.5349676829865,5905.7900390625,135542,0.0,0.0
2016-07-14 00:00:00+09:00,5952.146182105655,5952.146182105655,5794.534834604415,5840.89111328125,97799,0.0,0.0
2016-07-15 00:00:00+09:00,5813.07763671875,5942.875223503539,5813.07763671875,5813.07763671875,85327,0.0,0.0
2016-07-18 00:00:00+09:00,5840.890930746204,5979.959762430637,5757.449631735543,5952.14599609375,105496,0.0,0.0
2016-07-19 00:00:00+09:00,5952.145737145218,6026.315777483475,5896.518206891524,5961.4169921875,74459,0.0,0.0
2016-07-20 00:00:00+09:00,5961.4169921875,5970.688247229782,5868.7044417646775,5961.4169921875,60119,0.0,0.0
2016-07-21 00:00:00+09:00,6026.315948109568,6044.858458719136,5952.1459056712965,6007.7734375,90058,0.0,0.0
2016-07-22 00:00:00+09:00,6007.773666217257,6119.028734110169,5933.603620955316,6017.044921875,100790,0.0,0.0
2016-07-25 00:00:00+09:00,6017.045015992981,6610.405387369792,5979.959992781929,6397.16650390625,458924,0.0,0.0
2016-07-26 00:00:00+09:00,6526.963349858357,6768.015973574717,6174.6556690421385,6545.505859375,726371,0.0,0.0
2016-07-27 00:00:00+09:00,6647.490378319184,6851.458004990065,6415.708984375,6415.708984375,446327,0.0,0.0
2016-07-28 00:00:00+09:00,6397.166166417739,6554.7775067497705,6211.741060144761,6304.45361328125,163708,0.0,0.0
2016-07-29 00:00:00+09:00,6304.4533203125,6564.04845703125,6267.36830078125,6489.87841796875,203343,0.0,0.0
2016-08-01 00:00:00+09:00,6619.676917336204,6619.676917336204,6285.91169461337,6526.96435546875,188371,0.0,0.0
2016-08-02 00:00:00+09:00,6517.692656576883,6740.202789945083,6387.895078778765,6647.490234375,340303,0.0,0.0
2016-08-03 00:00:00+09:00,6610.4049174767415,7722.955534723878,6526.963621183206,7287.20654296875,3672153,0.0,0.0
2016-08-04 00:00:00+09:00,7231.579284667969,7611.700759887695,7138.866729736328,7417.00439453125,988726,0.0,0.0
2016-08-05 00:00:00+09:00,7417.004592154421,7593.158451218089,7277.9357560515255,7444.818359375,487309,0.0,0.0
2016-08-08 00:00:00+09:00,7417.004425125313,7806.397157444392,7296.478103217027,7398.4619140625,992911,0.0,0.0
2016-08-09 00:00:00+09:00,7417.00454303528,7620.97216796875,7277.9357078533685,7620.97216796875,467634,0.0,0.0
2016-08-10 00:00:00+09:00,7602.430140082869,7648.7864214248375,7463.361296056963,7481.90380859375,266770,0.0,0.0
2016-08-11 00:00:00+09:00,7398.461785082547,7481.903083410546,6879.271484375,6879.271484375,500338,0.0,0.0
2016-08-12 00:00:00+09:00,6916.356625329442,7973.279755741716,6907.08536979951,7695.14208984375,2439257,0.0,0.0
2016-08-16 00:00:00+09:00,7658.056576058884,7852.7529296875,7518.987752038444,7852.7529296875,605226,0.0,0.0
2016-08-17 00:00:00+09:00,7843.481987847223,7862.02449845679,7389.190477912809,7509.716796875,547922,0.0,0.0
2016-08-18 00:00:00+09:00,7472.631726885979,7620.971810794385,7185.222814313442,7389.1904296875,401008,0.0,0.0
2016-08-19 00:00:00+09:00,7324.291708096591,7926.923304332386,7324.291708096591,7648.78564453125,574501,0.0,0.0
2016-08-22 00:00:00+09:00,7648.78551468867,7787.854342228465,7417.004135455681,7426.275390625,304720,0.0,0.0
2016-08-23 00:00:00+09:00,7407.73301334971,7556.073098723421,7138.866608609858,7194.494140625,287448,0.0,0.0
2016-08-24 00:00:00+09:00,7231.579241071428,7593.158203125,7194.494219322344,7593.158203125,348752,0.0,0.0
2016-08-25 00:00:00+09:00,7556.073352543995,7593.158375133167,7333.563217008957,7342.83447265625,227760,0.0,0.0
2016-08-26 00:00:00+09:00,7342.834306318681,7667.3282466231685,7240.8504965086995,7593.158203125,291575,0.0,0.0
2016-08-29 00:00:00+09:00,7556.072982523482,8575.91105378432,7435.546665010838,8019.6357421875,2567355,0.0,0.0
2016-08-30 00:00:00+09:00,8019.63505559407,8242.145161182807,7843.481222002986,8149.4326171875,777006,0.0,0.0
2016-08-31 00:00:00+09:00,8084.534477699531,8140.16200850939,7787.854313380281,7899.109375,407134,0.0,0.0
2016-09-01 00:00:00+09:00,7899.109925468013,8260.688900929577,7639.514763598172,7862.02490234375,449984,0.0,0.0
2016-09-02 00:00:00+09:00,7843.482571179573,8288.502858906073,7787.85503521376,8186.51904296875,368300,0.0,0.0
2016-09-05 00:00:00+09:00,8205.061096659365,8900.40525739321,8130.891052847755,8464.65625,983816,0.0,0.0
2016-09-06 00:00:00+09:00,8529.555084030777,8585.1826171875,8297.773695877768,8585.1826171875,364434,0.0,0.0
2016-09-07 00:00:00+09:00,8594.453811743952,8854.048964633737,8436.84246891801,8622.267578125,517839,0.0,0.0
2016-09-08 00:00:00+09:00,8705.708349455019,9317.611172739396,7973.279212493414,8798.4208984375,1539234,0.0,0.0
2016-09-09 00:00:00+09:00,8974.575347222222,9243.44175741793,8640.810148358585,9178.54296875,624132,0.0,0.0
2016-09-12 00:00:00+09:00,8928.219245099355,9734.818491541353,8631.5390625,8631.5390625,1095302,0.0,0.0
2016-09-13 00:00:00+09:00,8891.135155238018,9317.612962475712,8668.62499494009,8946.7626953125,570757,0.0,0.0
2016-09-19 00:00:00+09:00,9122.91457864114,9363.967199621497,9030.202032110235,9261.9833984375,516795,0.0,0.0
2016-09-20 00:00:00+09:00,9642.10609375,9873.887490234376,9261.984603515626,9271.255859375,515094,0.0,0.0
2016-09-21 00:00:00+09:00,9363.968635346935,9410.32491571994,8835.507039094682,9002.3896484375,429686,0.0,0.0
2016-09-22 00:00:00+09:00,9002.388697350543,9058.016227921196,8529.5546875,8529.5546875,364389,0.0,0.0
2016-09-23 00:00:00+09:00,8612.995699390116,8752.064521231721,8242.1455078125,8242.1455078125,570679,0.0,0.0
2016-09-26 00:00:00+09:00,8334.858658854168,8668.623855426747,8167.976060567877,8622.267578125,503899,0.0,0.0
2016-09-27 00:00:00+09:00,8603.725067204301,8714.980132728495,8344.129914314517,8622.267578125,443810,0.0,0.0
2016-09-28 00:00:00+09:00,8585.183237875133,8770.608361803323,8538.826956893086,8650.08203125,279346,0.0,0.0
2016-09-29 00:00:00+09:00,8640.810400927197,8854.049284211882,8436.8427734375,8436.8427734375,284045,0.0,0.0
2016-09-30 00:00:00+09:00,8344.129602849887,8381.214623306998,8019.635673850169,8214.33203125,410382,0.0,0.0
2016-10-04 00:00:00+09:00,8158.705171982266,8297.774010141055,8056.721357332487,8103.07763671875,119898,0.0,0.0
2016-10-05 00:00:00+09:00,8205.060611300998,8371.943200005426,7973.279238100405,8010.3642578125,195961,0.0,0.0
2016-10-06 00:00:00+09:00,8065.991327591723,8260.687669981868,7899.10874840017,8149.4326171875,155649,0.0,0.0
2016-10-07 00:00:00+09:00,8149.433336388764,8177.247102041968,7602.4292785424195,7704.4130859375,268825,0.0,0.0
2016-10-10 00:00:00+09:00,7704.413206969548,7815.668271330119,7602.429397972357,7630.2431640625,112389,0.0,0.0
2016-10-11 00:00:00+09:00,7630.243397722341,7713.68469854798,7240.850660536024,7342.83447265625,262964,0.0,0.0
2016-10-12 00:00:00+09:00,7240.850267250119,7472.631645843273,7222.307756962667,7287.20654296875,121983,0.0,0.0
2016-10-13 00:00:00+09:00,7231.578969804067,7389.190306325438,6934.89880694031,7009.06884765625,221580,0.0,0.0
2016-10-14 00:00:00+09:00,7046.153889023994,7194.493970898184,7009.068868555448,7148.1376953125,117216,0.0,0.0
2016-10-17 00:00:00+09:00,7055.42480881382,7148.137355578785,6582.5908203125,6582.5908203125,296945,0.0,0.0
2016-10-18 00:00:00+09:00,6666.03216848202,6925.627301607884,6647.48965897303,6703.1171875,180710,0.0,0.0
2016-10-19 00:00:00+09:00,6712.38908085151,6925.627960491821,6656.761547032299,6907.08544921875,106063,0.0,0.0
2016-10-20 00:00:00+09:00,6934.898824337777,6934.898824337777,6675.303681180748,6693.84619140625,134538,0.0,0.0
2016-10-21 00:00:00+09:00,6656.760857724472,6721.659640459947,6582.5908203125,6582.5908203125,99222,0.0,0.0
2016-10-24 00:00:00+09:00,6666.032446520946,6944.170100756869,6619.67617081496,6832.9150390625,150699,0.0,0.0
2016-10-25 00:00:00+09:00,6823.644365595075,6953.441948636286,6564.049199512654,6777.2880859375,192849,0.0,0.0
2016-10-26 00:00:00+09:00,6869.999853710678,7148.137499609895,6647.489736991303,6962.71240234375,647315,0.0,0.0
2016-10-27 00:00:00+09:00,7185.223461429015,7787.855106581125,6971.98457160596,6999.79833984375,500300,0.0,0.0
2016-10-28 00:00:00+09:00,7138.866629803311,7676.599440879405,7101.781608349787,7630.2431640625,974475,0.0,0.0
2016-10-31 00:00:00+09:00,7750.769623023343,8028.90728892131,7370.648146296122,7695.14208984375,881141,0.0,0.0
2016-11-01 00:00:00+09:00,7704.413361609202,7880.567217049123,7342.834395179889,7537.53076171875,554143,0.0,0.0
2016-11-02 00:00:00+09:00,7546.801516228321,7787.8541445107985,6981.254965257894,7083.23876953125,436088,0.0,0.0
2016-11-03 00:00:00+09:00,7046.1547256097565,7259.393618621631,6981.255932084403,7222.30859375,344080,0.0,0.0
2016-11-04 00:00:00+09:00,7092.510634005426,7741.49853515625,6962.713053775262,7741.49853515625,564016,0.0,0.0
2016-11-07 00:00:00+09:00,7889.838455972326,8038.1785444512425,7528.259490304969,7695.14208984375,734881,0.0,0.0
2016-11-08 00:00:00+09:00,7685.87061689405,7769.311914303033,7509.71676680842,7528.25927734375,268787,0.0,0.0
2016-11-09 00:00:00+09:00,7556.072973134566,7583.8867386798465,6276.639758051658,6814.37255859375,870100,0.0,0.0
2016-11-10 00:00:00+09:00,6907.085386073543,7277.935608144606,6888.54287496999,7240.8505859375,332753,0.0,0.0
2016-11-11 00:00:00+09:00,7213.036463994566,7509.716627038044,7073.967637567935,7463.3603515625,225544,0.0,0.0
2016-11-14 00:00:00+09:00,7685.870909120466,8251.417501950802,7509.717052337247,7797.1259765625,1149412,0.0,0.0
2016-11-15 00:00:00+09:00,7695.142778416498,8158.705596393395,7417.005087630359,8001.09423828125,971992,0.0,0.0
2016-11-16 00:00:00+09:00,8028.907506402933,8269.960156710642,7862.02490234375,7862.02490234375,453708,0.0,0.0
2016-11-17 00:00:00+09:00,7602.429564839976,7732.227142776268,7518.988264738074,7676.599609375,418828,0.0,0.0
2016-11-18 00:00:00+09:00,7722.955889677882,7722.955889677882,7379.91943359375,7379.91943359375,175896,0.0,0.0
2016-11-21 00:00:00+09:00,7379.9190512359455,7379.9190512359455,7009.06884765625,7009.06884765625,218019,0.0,0.0
2016-11-22 00:00:00+09:00,7046.153928066822,7185.222755594456,6823.643804022607,6971.98388671875,109785,0.0,0.0
2016-11-23 00:00:00+09:00,6962.712919384203,7324.291885903489,6962.712919384203,7240.8505859375,262821,0.0,0.0
2016-11-24 00:00:00+09:00,7222.308485746068,7259.393510063121,6925.628291209644,6999.79833984375,149745,0.0,0.0
2016-11-25 00:00:00+09:00,6971.984929229195,7064.697494777456,6740.203515358544,6795.8310546875,197354,0.0,0.0
2016-11-28 00:00:00+09:00,6768.016025709069,6944.1698674741,6684.574732241424,6823.6435546875,86694,0.0,0.0
2016-11-29 00:00:00+09:00,6832.914979757084,7092.51012145749,6777.287449392712,6870.0,194036,0.0,0.0
2016-11-30 00:00:00+09:00,6879.2719011841655,6981.255716430831,6730.931806279925,6777.2880859375,112749,0.0,0.0
2016-12-01 00:00:00+09:00,6730.931647660753,6777.287926225909,6406.437697704656,6434.25146484375,140023,0.0,0.0
2016-12-02 00:00:00+09:00,6341.539132756295,6564.049277765288,6341.539132756295,6443.52294921875,93434,0.0,0.0
2016-12-05 00:00:00+09:00,6360.080943616137,6517.692278953564,6276.6396484375,6276.6396484375,101150,0.0,0.0
2016-12-06 00:00:00+09:00,6202.469804831112,6462.064953613281,6202.469804831112,6304.45361328125,77261,0.0,0.0
2016-12-07 00:00:00+09:00,6350.809883777007,6443.5224368248455,5933.603395061728,6007.7734375,174932,0.0,0.0
2016-12-08 00:00:00+09:00,6054.130039204031,6471.336550328351,6054.130039204031,6397.16650390625,145539,0.0,0.0
2016-12-09 00:00:00+09:00,6397.16606563389,6564.048658650427,6285.911003622866,6517.6923828125,139478,0.0,0.0
2016-12-12 00:00:00+09:00,6610.405181757433,6666.03271484375,6434.251326984093,6666.03271484375,107577,0.0,0.0
2016-12-13 00:00:00+09:00,6610.405793996132,6758.74589596519,6591.86328125,6591.86328125,94283,0.0,0.0
2016-12-14 00:00:00+09:00,6619.6757212856355,6638.218230308845,6341.5380859375,6341.5380859375,95795,0.0,0.0
2016-12-15 00:00:00+09:00,6397.165613007127,6443.52188556515,6322.995576914291,6341.5380859375,78749,0.0,0.0
2016-12-16 00:00:00+09:00,6341.538640054424,6879.27144871401,6258.0973421589715,6601.1337890625,295981,0.0,0.0
2016-12-19 00:00:00+09:00,6638.2185151980875,6869.999887935451,6489.878436646175,6786.55859375,169734,0.0,0.0
2016-12-20 00:00:00+09:00,6795.830186047001,6916.356505854111,6749.473909198113,6879.271484375,126481,0.0,0.0
2016-12-21 00:00:00+09:00,6897.814180222603,6897.814180222603,6749.474090325343,6768.0166015625,70862,0.0,0.0
2016-12-22 00:00:00+09:00,6768.016054740719,6869.999858305305,6712.388525523671,6805.10107421875,42078,0.0,0.0
2016-12-23 00:00:00+09:00,6758.745501708984,6823.644292534723,6564.049129231771,6675.30419921875,94414,0.0,0.0
2016-12-26 00:00:00+09:00,6675.304261958799,6721.660541555734,6526.964167248603,6638.21923828125,81802,0.0,0.0
2016-12-27 00:00:00+09:00,6536.234575691869,6638.218377582098,6508.42081153999,6564.04833984375,73136,0.0,0.0
2016-12-28 00:00:00+09:00,6601.291239754099,6880.612448770492,6582.669825819672,6815.4375,101244,30.0,0.0
2016-12-29 00:00:00+09:00,6889.92396570701,6889.92396570701,6657.156264162854,6740.95263671875,66210,0.0,0.0
2017-01-02 00:00:00+09:00,6740.952200660094,6983.03059460645,6740.952200660094,6964.4091796875,164649,0.0,0.0
2017-01-03 00:00:00+09:00,6983.030958299512,7253.041488687094,6889.923878855519,7169.2451171875,219658,0.0,0.0
2017-01-04 00:00:00+09:00,7169.2447702508225,7206.487600226151,6973.719912880345,7076.1376953125,94684,0.0,0.0
2017-01-05 00:00:00+09:00,7076.137669201203,7206.487573633856,6889.923520011697,6964.4091796875,51415,0.0,0.0
2017-01-06 00:00:00+09:00,6983.030588034815,7066.826955091233,6815.43785392198,6936.47705078125,75913,0.0,0.0
2017-01-09 00:00:00+09:00,6889.923713235294,7122.69140625,6889.923713235294,7122.69140625,101181,0.0,0.0
2017-01-10 00:00:00+09:00,7169.245212560179,7178.555920628439,6619.913436532841,6768.884765625,242197,0.0,0.0
2017-01-11 00:00:00+09:00,6722.330685177365,6834.0591730196475,6517.495124133179,6545.42724609375,189781,0.0,0.0
2017-01-12 00:00:00+09:00,6573.359490645559,7467.187410053453,6508.184538188733,7076.1376953125,1240970,0.0,0.0
2017-01-13 00:00:00+09:00,7122.691394670208,7280.973425662879,6889.923702033927,7066.8271484375,460066,0.0,0.0
2017-01-16 00:00:00+09:00,7169.244789550146,7420.633892560346,7029.584176766702,7159.93408203125,472344,0.0,0.0
2017-01-17 00:00:00+09:00,7104.069973415798,7206.487758091517,6992.341481042286,7038.89501953125,158214,0.0,0.0
2017-01-18 00:00:00+09:00,7029.584207340163,7560.294538225447,7010.96279222138,7299.5947265625,425634,0.0,0.0
2017-01-19 00:00:00+09:00,7262.352039425872,7299.594870397287,7085.448592311652,7206.48779296875,167309,0.0,0.0
2017-01-20 00:00:00+09:00,7327.526993625848,7523.051856225775,7048.205761340238,7206.48779296875,362460,0.0,0.0
2017-01-23 00:00:00+09:00,7299.595174207398,7439.255796162896,6992.3418059053,7048.2060546875,200820,0.0,0.0
2017-01-24 00:00:00+09:00,7010.962321301218,7094.7586837072095,6629.223337007261,6731.64111328125,190262,0.0,0.0
2017-01-25 00:00:00+09:00,6731.641250931364,6871.30185779716,6638.5341796875,6638.5341796875,89320,0.0,0.0
2017-01-26 00:00:00+09:00,6647.844938106693,6880.612618012389,6638.534230910464,6834.05908203125,81649,0.0,0.0
2017-01-31 00:00:00+09:00,6843.370625,7104.070458333333,6843.370625,6983.03125,69685,0.0,0.0
2017-02-01 00:00:00+09:00,6983.030885130494,6983.030885130494,6666.466818337912,6778.1953125,171328,0.0,0.0
2017-02-02 00:00:00+09:00,6889.923910094067,6917.856034053907,6433.69921875,6433.69921875,367565,0.0,0.0
2017-02-03 00:00:00+09:00,6443.009458705357,6666.4664341517855,6443.009458705357,6517.4951171875,95599,0.0,0.0
2017-02-06 00:00:00+09:00,6517.4955805200725,6573.359828353102,6377.8349609375,6377.8349609375,83713,0.0,0.0
2017-02-07 00:00:00+09:00,6424.38818359375,6461.631013643569,6247.48474085711,6424.38818359375,61837,0.0,0.0
2017-02-08 00:00:00+09:00,6573.359644744738,6610.602475593149,6303.34912109375,6303.34912109375,89735,0.0,0.0
2017-02-09 00:00:00+09:00,6238.173968690815,6424.388117009943,6126.445479699337,6145.06689453125,123967,0.0,0.0
2017-02-10 00:00:00+09:00,6154.377426496899,6359.212983808445,6098.51318359375,6098.51318359375,109186,0.0,0.0
2017-02-13 00:00:00+09:00,6126.445621995193,6145.067037259616,5996.095715144231,6051.9599609375,45596,0.0,0.0
2017-02-14 00:00:00+09:00,6024.027684949589,6294.038199421827,6014.716977553994,6089.20263671875,106866,0.0,0.0
2017-02-15 00:00:00+09:00,6089.202609338493,6145.066853460864,5949.5419990325645,5977.47412109375,56022,0.0,0.0
2017-02-16 00:00:00+09:00,5949.542146745816,6024.027807424951,5884.367193651575,5912.29931640625,71032,0.0,0.0
2017-02-17 00:00:00+09:00,5884.367505233254,5986.785294090161,5837.81396484375,5837.81396484375,66025,0.0,0.0
2017-02-20 00:00:00+09:00,5837.814102172852,5865.746227063631,5642.289227937397,5660.91064453125,110114,0.0,0.0
2017-02-21 00:00:00+09:00,5660.91064453125,5912.299768548262,5614.357103046618,5660.91064453125,109632,0.0,0.0
2017-02-22 00:00:00+09:00,5660.910497572815,5772.638994235436,5632.97837340716,5754.017578125,93715,0.0,0.0
2017-02-23 00:00:00+09:00,5772.638482655993,5772.638482655993,5623.667166974548,5670.220703125,43997,0.0,0.0
2017-02-24 00:00:00+09:00,5623.667130287247,5670.220666133996,5530.56005859375,5530.56005859375,97873,0.0,0.0
2017-02-27 00:00:00+09:00,5549.181851009847,5809.881669513666,5549.181851009847,5791.26025390625,113483,0.0,0.0
2017-02-28 00:00:00+09:00,5791.260560688219,5800.571268985146,5651.599936234324,5660.91064453125,63895,0.0,0.0
2017-03-02 00:00:00+09:00,5660.9099739583335,5744.706338704427,5539.870780436198,5586.42431640625,72621,0.0,0.0
2017-03-03 00:00:00+09:00,5567.80333202436,5605.046163676698,5269.860678805666,5279.17138671875,126803,0.0,0.0
2017-03-06 00:00:00+09:00,5139.510481658777,5511.938777431153,5102.26765208154,5409.52099609375,108256,0.0,0.0
2017-03-07 00:00:00+09:00,5409.521662454044,5549.182290572478,5409.521662454044,5539.87158203125,86522,0.0,0.0
2017-03-08 00:00:00+09:00,5567.803228343386,5642.288890261023,5465.385443206635,5595.7353515625,20490,0.0,0.0
2017-03-09 00:00:00+09:00,5679.531492248062,6238.173934108528,5623.6672480620155,6005.40625,694110,0.0,0.0
2017-03-10 00:00:00+09:00,6014.717408602556,6266.106526299567,5130.200142631592,5781.94970703125,419499,0.0,0.0
2017-03-13 00:00:00+09:00,5781.949385690459,5884.367168689807,5726.085140418088,5800.57080078125,123508,0.0,0.0
2017-03-14 00:00:00+09:00,5800.571447615862,5819.192864783168,5679.532236028372,5763.32861328125,94723,0.0,0.0
2017-03-15 00:00:00+09:00,5763.327753092448,5809.8812890625,5558.492194824219,5586.42431640625,124154,0.0,0.0
2017-03-16 00:00:00+09:00,5595.735190965012,5754.017217997301,5558.492361075062,5605.0458984375,73378,0.0,0.0
2017-03-17 00:00:00+09:00,5586.42431640625,5679.531388346354,5558.492194824219,5586.42431640625,56020,0.0,0.0
2017-03-20 00:00:00+09:00,5586.424953654661,5632.978494935116,5400.210788532839,5493.31787109375,86531,0.0,0.0
2017-03-21 00:00:00+09:00,5493.3176999866455,5511.9391159188035,5428.142744224092,5446.76416015625,49752,0.0,0.0
2017-03-22 00:00:00+09:00,5446.763352454216,5530.559711722743,5316.413460258731,5465.384765625,98769,0.0,0.0
2017-03-23 00:00:00+09:00,5474.696622242647,5549.182290572478,5418.832370995273,5539.87158203125,67356,0.0,0.0
2017-03-24 00:00:00+09:00,5586.424614707765,5605.046030090123,5428.142583957711,5456.07470703125,66243,0.0,0.0
2017-03-27 00:00:00+09:00,5418.831920786372,5781.949523725666,5418.831920786372,5679.53173828125,168973,0.0,0.0
2017-03-28 00:00:00+09:00,5726.085762882864,5772.63930567053,5586.425134519867,5623.66796875,131252,0.0,0.0
2017-03-29 00:00:00+09:00,5660.9101752431125,5828.502910694388,5549.181684942261,5744.70654296875,120193,0.0,0.0
2017-03-30 00:00:00+09:00,5902.988577368951,6349.9025390625,5707.463719128024,5772.638671875,956983,0.0,0.0
2017-03-31 00:00:00+09:00,5735.396054025424,6089.202953462057,5735.396054025424,6042.6494140625,288809,0.0,0.0
2017-04-03 00:00:00+09:00,6238.174446011767,6340.592235423901,6014.717450930749,6033.3388671875,252794,0.0,0.0
2017-04-04 00:00:00+09:00,6135.7564004653705,6145.067108205075,5577.11393608309,5595.7353515625,716787,0.0,0.0
2017-04-05 00:00:00+09:00,5623.667469037416,5707.463838609166,5567.80322265625,5567.80322265625,167585,0.0,0.0
2017-04-06 00:00:00+09:00,5567.8035371424785,5605.046370166843,5353.657247252383,5493.31787109375,198345,0.0,0.0
2017-04-07 00:00:00+09:00,5493.31787109375,5567.8035371424785,5465.385746325476,5493.31787109375,47397,0.0,0.0
2017-04-10 00:00:00+09:00,5362.967438811189,5372.278146170236,5213.996121066433,5325.724609375,233488,0.0,0.0
2017-04-11 00:00:00+09:00,5325.724758019911,5428.142541827987,5204.685558974004,5260.5498046875,92358,0.0,0.0
2017-04-12 00:00:00+09:00,5232.617681830752,5325.724758019911,5213.99626659292,5260.5498046875,73806,0.0,0.0
2017-04-13 00:00:00+09:00,5260.549492016174,5307.10302734375,5139.510300164474,5307.10302734375,90724,0.0,0.0
2017-04-14 00:00:00+09:00,5325.724782008232,5632.9781348164,5325.724782008232,5372.2783203125,164829,0.0,0.0
2017-04-17 00:00:00+09:00,5409.521156889817,5474.696110587284,5120.8892190867455,5400.21044921875,98647,0.0,0.0
2017-04-18 00:00:00+09:00,5446.76416015625,5474.6962840544875,5362.9677884615385,5446.76416015625,56771,0.0,0.0
2017-04-19 00:00:00+09:00,5418.831858616768,5465.385396921036,5325.724782008232,5372.2783203125,56185,0.0,0.0
2017-04-20 00:00:00+09:00,5325.724989686469,6182.310127887789,5316.414281662542,5642.2890625,1189447,0.0,0.0
2017-04-21 00:00:00+09:00,5623.667786679025,5623.667786679025,5456.075038069385,5493.31787109375,276758,0.0,0.0
2017-04-24 00:00:00+09:00,5465.385560777452,5558.492640177408,5353.657065497504,5362.9677734375,121666,0.0,0.0
2017-04-25 00:00:00+09:00,5400.210288699441,5456.074533065296,5381.588873910821,5409.52099609375,45466,0.0,0.0
2017-04-26 00:00:00+09:00,5409.521318241311,5484.006981831552,5381.58919439497,5390.89990234375,57601,0.0,0.0
2017-04-27 00:00:00+09:00,5362.967459122203,5474.695947853916,5353.656751727894,5409.52099609375,98056,0.0,0.0
2017-04-28 00:00:00+09:00,5418.832175417399,5437.453591827768,5288.482260544815,5297.79296875,98328,0.0,0.0
2017-05-02 00:00:00+09:00,5241.928570217557,5390.899897257486,5241.928570217557,5362.9677734375,96919,0.0,0.0
2017-05-04 00:00:00+09:00,5307.103221318493,5437.453125,5307.103221318493,5437.453125,40354,0.0,0.0
2017-05-08 00:00:00+09:00,5539.8704183081345,5539.8704183081345,5390.8991129418655,5465.384765625,53477,0.0,0.0
2017-05-10 00:00:00+09:00,5418.832184103261,5456.075016983696,5316.414393682066,5353.6572265625,62342,0.0,0.0
2017-05-11 00:00:00+09:00,5353.6572265625,5400.210767663043,5316.414393682066,5353.6572265625,46679,0.0,0.0
2017-05-12 00:00:00+09:00,5353.6572265625,5362.967934782609,5307.103685461956,5353.6572265625,31027,0.0,0.0
2017-05-15 00:00:00+09:00,5316.413734409265,5372.277976802357,5307.10302734375,5307.10302734375,25537,0.0,0.0
2017-05-16 00:00:00+09:00,5307.1038247526985,5335.0359501461335,5167.443197785522,5176.75390625,56371,0.0,0.0
2017-05-17 00:00:00+09:00,5213.99626659292,5325.724758019911,5213.99626659292,5260.5498046875,35939,0.0,0.0
2017-05-18 00:00:00+09:00,5213.996100688277,5307.103173914853,5148.821149429674,5241.92822265625,23324,0.0,0.0
2017-05-19 00:00:00+09:00,5223.307134100732,5269.860673620346,5213.996426196809,5251.2392578125,26233,0.0,0.0
2017-05-22 00:00:00+09:00,5241.928727921196,5381.589351222826,5232.618019701087,5353.6572265625,58340,0.0,0.0
2017-05-23 00:00:00+09:00,5353.656562671327,5381.588683867873,5279.170906147204,5307.10302734375,26837,0.0,0.0
2017-05-24 00:00:00+09:00,5288.482089428191,5307.103505236038,5213.996426196809,5251.2392578125,54616,0.0,0.0
2017-05-25 00:00:00+09:00,5251.2385141609875,5772.63808294293,5251.2385141609875,5465.384765625,804401,0.0,0.0
2017-05-26 00:00:00+09:00,5539.871244884673,5539.871244884673,5390.899917291135,5474.6962890625,125055,0.0,0.0
2017-05-29 00:00:00+09:00,5493.317369434932,5511.938784246575,5353.656758347603,5437.453125,135230,0.0,0.0
2017-05-30 00:00:00+09:00,5456.074718578441,5549.181795687288,5381.589056891364,5511.93896484375,120592,0.0,0.0
2017-05-31 00:00:00+09:00,5511.938532320554,5763.327620787877,5465.384997419199,5707.46337890625,354155,0.0,0.0
2017-06-01 00:00:00+09:00,5642.28872832745,5698.152973162375,5558.492361075062,5605.0458984375,199242,0.0,0.0
2017-06-02 00:00:00+09:00,5651.599288664819,5772.638482655993,5632.977874204638,5670.220703125,154173,0.0,0.0
2017-06-05 00:00:00+09:00,5679.532061125103,5865.746227063631,5614.357103046618,5660.91064453125,199921,0.0,0.0
2017-06-07 00:00:00+09:00,5670.220681152344,5679.531388346354,5539.870780436198,5586.42431640625,94958,0.0,0.0
2017-06-08 00:00:00+09:00,5586.424301609849,5642.288544625947,5502.627937085701,5530.56005859375,118840,0.0,0.0
2017-06-09 00:00:00+09:00,5539.87158203125,5623.667958902311,5521.250164948792,5539.87158203125,71537,0.0,0.0
2017-06-12 00:00:00+09:00,5539.871099465667,5623.667469037416,5474.696145354305,5567.80322265625,57765,0.0,0.0
2017-06-13 00:00:00+09:00,5530.560397384567,5632.978182521319,5511.9389819051585,5595.7353515625,41791,0.0,0.0
2017-06-14 00:00:00+09:00,5595.735682463843,5642.289223915289,5558.4928493026855,5632.978515625,42269,0.0,0.0
2017-06-15 00:00:00+09:00,5670.221013480137,5716.774552178661,5502.628274165453,5595.7353515625,63972,0.0,0.0
2017-06-16 00:00:00+09:00,5623.667958902311,5632.97866744354,5521.250164948792,5539.87158203125,41007,0.0,0.0
2017-06-19 00:00:00+09:00,5521.249965674429,5539.871382084798,5297.79296875,5297.79296875,173210,0.0,0.0
2017-06-20 00:00:00+09:00,5325.725093365554,5362.967926186292,5288.482260544815,5297.79296875,81658,0.0,0.0
2017-06-21 00:00:00+09:00,5390.8992197815805,5390.8992197815805,5195.374377613337,5288.4814453125,57321,0.0,0.0
2017-06-22 00:00:00+09:00,5260.550122942243,5316.414372035435,5186.064457484654,5213.99658203125,59725,0.0,0.0
2017-06-23 00:00:00+09:00,5213.996254472272,5260.549792458632,5120.889178499553,5204.685546875,38218,0.0,0.0
2017-06-26 00:00:00+09:00,5204.685588126347,5409.521156889817,5195.37488045528,5400.21044921875,67371,0.0,0.0
2017-06-27 00:00:00+09:00,5418.831858616768,5800.5708727117635,5372.2783203125,5372.2783203125,405482,0.0,0.0
2017-06-28 00:00:00+09:00,5372.278476255727,5418.832015911322,5279.171396944535,5335.03564453125,56284,0.0,0.0
2017-06-29 00:00:00+09:00,5335.035148540296,5446.763633326481,5260.549492016174,5307.10302734375,64937,0.0,0.0
2017-06-30 00:00:00+09:00,5269.860031772668,5409.520633321413,5232.617204693002,5288.4814453125,27450,0.0,0.0
2017-07-03 00:00:00+09:00,5232.618011313709,5390.900050801845,5232.618011313709,5297.79296875,35597,0.0,0.0
2017-07-04 00:00:00+09:00,5372.278634391477,5372.278634391477,5260.550135929262,5297.79296875,32534,0.0,0.0
2017-07-05 00:00:00+09:00,5372.277976802357,5372.277976802357,5232.6173708196275,5307.10302734375,33337,0.0,0.0
2017-07-06 00:00:00+09:00,5381.58919439497,5465.3855659339915,5335.035654651068,5390.89990234375,57541,0.0,0.0
2017-07-07 00:00:00+09:00,5381.588873910821,5428.1424108823685,5269.860385179109,5409.52099609375,52187,0.0,0.0
2017-07-10 00:00:00+09:00,5437.453273938475,5446.763981599329,5316.414074347379,5372.2783203125,19647,0.0,0.0
2017-07-11 00:00:00+09:00,5288.4814453125,5400.209926551497,5213.995791153169,5288.4814453125,38417,0.0,0.0
2017-07-12 00:00:00+09:00,5288.482089428191,5372.278460563497,5251.2392578125,5251.2392578125,26573,0.0,0.0
2017-07-13 00:00:00+09:00,5251.239414760044,5325.725080217634,5204.685873849051,5213.99658203125,19469,0.0,0.0
2017-07-14 00:00:00+09:00,5204.685713116923,5241.928544695577,5167.442881538269,5223.30712890625,22789,0.0,0.0
2017-07-17 00:00:00+09:00,5251.2390848613595,5251.2390848613595,5083.646348110466,5204.685546875,58692,0.0,0.0
2017-07-18 00:00:00+09:00,5148.821770202525,5186.0646039833755,5083.646811086038,5092.95751953125,47360,0.0,0.0
2017-07-19 00:00:00+09:00,5092.9568918663035,5186.06396484375,5083.646184568559,5186.06396484375,21543,0.0,0.0
2017-07-20 00:00:00+09:00,5186.06367084342,5288.4814453125,5111.57801668409,5288.4814453125,46419,0.0,0.0
2017-07-21 00:00:00+09:00,5307.103499958222,5307.103499958222,5186.064297327595,5223.30712890625,59024,0.0,0.0
2017-07-24 00:00:00+09:00,5223.306779754141,5251.238901571008,5130.19970703125,5130.19970703125,22796,0.0,0.0
2017-07-25 00:00:00+09:00,5130.200353312101,5241.92885465465,5083.646811086038,5092.95751953125,40824,0.0,0.0
2017-07-26 00:00:00+09:00,5139.51041430354,5186.063950664984,5083.6461706698055,5130.19970703125,20634,0.0,0.0
2017-07-27 00:00:00+09:00,5130.199855131262,5186.0641003777,5046.403487261604,5065.02490234375,36198,0.0,0.0
2017-07-28 00:00:00+09:00,5065.025375939849,5092.957501174812,4925.364749765037,4953.296875,80158,0.0,0.0
2017-07-31 00:00:00+09:00,4999.850244974502,4999.850244974502,4822.9467912416985,4906.7431640625,43933,0.0,0.0
2017-08-01 00:00:00+09:00,4953.296373722671,4999.8499110696885,4850.8785915592325,4897.43212890625,17160,0.0,0.0
2017-08-02 00:00:00+09:00,4943.986001068691,4943.986001068691,4832.2575038693985,4934.67529296875,21663,0.0,0.0
2017-08-03 00:00:00+09:00,4925.364244741873,4925.364244741873,4795.014340344168,4869.5,41898,0.0,0.0
2017-08-04 00:00:00+09:00,4850.878896768811,4869.500312879248,4673.97544371966,4795.0146484375,79267,0.0,0.0
2017-08-07 00:00:00+09:00,4785.703940382281,4804.325356492718,4720.528983995752,4795.0146484375,29350,0.0,0.0
2017-08-08 00:00:00+09:00,4776.3928855971535,4813.63571511448,4701.9072265625,4701.9072265625,25815,0.0,0.0
2017-08-09 00:00:00+09:00,4673.975010166416,4720.528546124249,4636.73218140015,4650.6982421875,36537,0.0,0.0
2017-08-10 00:00:00+09:00,4636.732491416582,4683.286030487029,4543.625413275687,4576.212890625,50916,0.0,0.0
2017-08-11 00:00:00+09:00,4543.625138925209,4543.625138925209,4357.410993887291,4450.51806640625,167256,0.0,0.0
2017-08-14 00:00:00+09:00,4450.518290441176,4506.382536764706,4329.479090073529,4352.755859375,68032,0.0,0.0
2017-08-16 00:00:00+09:00,4352.756097188007,4399.309638334402,4310.85791015625,4310.85791015625,30752,0.0,0.0
2017-08-17 00:00:00+09:00,4376.032634414852,4515.6932504068145,4348.1005112164585,4380.68798828125,58080,0.0,0.0
2017-08-18 00:00:00+09:00,4282.925307638144,4399.309147519615,4282.925307638144,4338.78955078125,65479,0.0,0.0
2017-08-21 00:00:00+09:00,4338.789736061976,4469.139642295598,4338.789736061976,4441.20751953125,33839,0.0,0.0
2017-08-22 00:00:00+09:00,4483.10546875,4483.10546875,4436.551933248962,4483.10546875,16784,0.0,0.0
2017-08-23 00:00:00+09:00,4483.10546875,4515.692943600727,4455.173347449377,4483.10546875,22607,0.0,0.0
2017-08-24 00:00:00+09:00,4501.72691275646,4739.149945383739,4478.450144851824,4594.833984375,94344,0.0,0.0
2017-08-25 00:00:00+09:00,4590.179210890812,4739.150544307146,4590.179210890812,4673.9755859375,49788,0.0,0.0
2017-08-28 00:00:00+09:00,4673.9754827724355,4711.218315304487,4515.693444511218,4538.97021484375,35268,0.0,0.0
2017-08-29 00:00:00+09:00,4538.9698805705475,4557.591295465196,4450.518159820967,4501.72705078125,8834,0.0,0.0
2017-08-30 00:00:00+09:00,4501.727137184928,4571.557444380144,4501.727137184928,4525.00390625,5697,0.0,0.0
2017-08-31 00:00:00+09:00,4562.24658203125,4585.523350306919,4525.003752790179,4562.24658203125,27555,0.0,0.0
2017-09-01 00:00:00+09:00,4525.003738781637,4571.557275188856,4469.139495092975,4506.38232421875,21692,0.0,0.0
2017-09-04 00:00:00+09:00,4329.479662470457,4450.5188788405985,4329.479662470457,4431.8974609375,33538,0.0,0.0
2017-09-05 00:00:00+09:00,4436.552336760082,4552.936186097964,4436.552336760082,4487.76123046875,13991,0.0,0.0
2017-09-06 00:00:00+09:00,4562.246730638587,4562.246730638587,4431.896824048913,4497.07177734375,12143,0.0,0.0
2017-09-07 00:00:00+09:00,4497.072191809244,4608.800693469101,4497.072191809244,4557.591796875,12675,0.0,0.0
2017-09-08 00:00:00+09:00,4557.591228376116,4599.489411272321,4487.760923549107,4562.24658203125,16065,0.0,0.0
2017-09-11 00:00:00+09:00,4599.489397033187,4599.489397033187,4487.760909655863,4506.38232421875,12219,0.0,0.0
2017-09-12 00:00:00+09:00,4497.072028245192,4552.936277043269,4478.450611979167,4538.97021484375,9956,0.0,0.0
2017-09-13 00:00:00+09:00,4497.071933308324,4552.936180927061,4445.8630396578155,4459.8291015625,15768,0.0,0.0
2017-09-14 00:00:00+09:00,4459.829182177377,4506.382722701149,4417.930995705982,4455.173828125,17059,0.0,0.0
2017-09-15 00:00:00+09:00,4455.173412828947,4534.314424342105,4324.823511513157,4422.5859375,37100,0.0,0.0
2017-09-18 00:00:00+09:00,4422.58601776541,4478.450262200342,4376.032480736301,4417.9306640625,15764,0.0,0.0
2017-09-19 00:00:00+09:00,4389.998627796613,4552.93601058864,4366.721858826324,4441.20751953125,48234,0.0,0.0
2017-09-20 00:00:00+09:00,4445.86328125,4464.484698134817,4348.100842604712,4445.86328125,44086,0.0,0.0
2017-09-21 00:00:00+09:00,4515.693333402593,4599.489704537899,4376.03271484375,4376.03271484375,50733,0.0,0.0
2017-09-25 00:00:00+09:00,4194.473631931126,4236.371814714012,3868.598876953125,3868.598876953125,80193,0.0,0.0
2017-09-26 00:00:00+09:00,3868.598876953125,3868.598876953125,3868.598876953125,3868.598876953125,0,0.0,0.0
2017-09-27 00:00:00+09:00,3761.5259566425684,3770.83666445604,3724.2831253886816,3742.904541015625,20744,0.0,0.0
2017-09-28 00:00:00+09:00,3747.5597440567485,3803.4239886886503,3747.5597440567485,3794.11328125,15507,0.0,0.0
2017-09-29 00:00:00+09:00,3817.390307323042,3952.395574289345,3794.1135371564383,3863.94384765625,35678,0.0,0.0
2017-10-10 00:00:00+09:00,3910.4973831917473,3943.084861385012,3808.0795945843447,3836.01171875,19114,0.0,0.0
2017-10-11 00:00:00+09:00,3840.6668315919737,3943.08461376776,3836.011477856711,3849.9775390625,30008,0.0,0.0
2017-10-12 00:00:00+09:00,3887.2202915232965,3924.4631206636395,3845.3221087404104,3868.598876953125,14333,0.0,0.0
2017-10-13 00:00:00+09:00,3868.598954003552,3896.53107641513,3770.8365255630288,3849.9775390625,19721,0.0,0.0
2017-10-16 00:00:00+09:00,3817.390302639563,3863.9438429156553,3742.9046381978155,3836.01171875,11070,0.0,0.0
2017-10-17 00:00:00+09:00,3780.1470794677734,3910.4969787597656,3780.1470794677734,3873.254150390625,21114,0.0,0.0
2017-10-18 00:00:00+09:00,3863.943628672973,4371.3771895468935,3863.943628672973,3975.672119140625,157022,0.0,0.0
2017-10-19 00:00:00+09:00,3901.1867028524707,4003.6044921875,3873.254578488372,4003.6044921875,25866,0.0,0.0
2017-10-20 00:00:00+09:00,4017.570299876983,4017.570299876983,3919.8078707953878,3961.7060546875,12060,0.0,0.0
2017-10-23 00:00:00+09:00,3961.7061520062284,4050.1578757290467,3933.7740287253387,4040.84716796875,15340,0.0,0.0
2017-10-24 00:00:00+09:00,3961.7057475337274,4045.5021088211624,3961.7057475337274,4022.225341796875,6361,0.0,0.0
2017-10-25 00:00:00+09:00,4022.2257496387283,4054.813226777005,3947.7400876083816,4026.881103515625,13858,0.0,0.0
2017-10-26 00:00:00+09:00,4026.8812624909156,4180.50794649346,3980.3277218840844,4003.6044921875,30291,0.0,0.0
2017-10-27 00:00:00+09:00,4087.4006981455545,4087.4006981455545,3938.4293742951468,3998.948974609375,19598,0.0,0.0
2017-10-30 00:00:00+09:00,3971.017013762718,4008.2598462481833,3971.017013762718,4003.6044921875,11690,0.0,0.0
2017-10-31 00:00:00+09:00,3966.3614116016543,4031.5363643744513,3966.3614116016543,3975.672119140625,15535,0.0,0.0
2017-11-01 00:00:00+09:00,3975.672205257749,4003.6043284797,3966.3614975170985,3998.948974609375,6538,0.0,0.0
2017-11-02 00:00:00+09:00,3998.94898857623,4068.779296875,3938.4293880506293,4068.779296875,43027,0.0,0.0
2017-11-03 00:00:00+09:00,4050.1577920891673,4050.1577920891673,3989.63819289703,4031.536376953125,28167,0.0,0.0
2017-11-06 00:00:00+09:00,4171.196650752315,4175.852004157172,4003.6039281774447,4022.225341796875,23852,0.0,0.0
2017-11-07 00:00:00+09:00,4022.225341796875,4045.5021088211624,3984.982514558015,4022.225341796875,19041,0.0,0.0
2017-11-08 00:00:00+09:00,4040.8473269571987,4040.8473269571987,3980.327724134107,4017.570556640625,12210,0.0,0.0
2017-11-09 00:00:00+09:00,4017.570060382785,4022.225413871062,3971.016525500018,3989.637939453125,8942,0.0,0.0
2017-11-10 00:00:00+09:00,4036.1914020114473,4036.1914020114473,3998.9485747725876,4022.225341796875,13940,0.0,0.0
2017-11-13 00:00:00+09:00,4022.2259084302327,4022.2259084302327,3980.3277218840844,4003.6044921875,12353,0.0,0.0
2017-11-14 00:00:00+09:00,4106.022017045455,4767.082251082251,4106.022017045455,4301.546875,3354984,0.0,0.0
2017-11-15 00:00:00+09:00,4282.925776976203,4324.823963924884,4185.163340762617,4254.99365234375,237093,0.0,0.0
2017-11-16 00:00:00+09:00,4324.823527518331,4324.823527518331,4064.123723921962,4166.54150390625,196354,0.0,0.0
2017-11-17 00:00:00+09:00,4124.643560161505,4161.886391404499,4101.3667906346345,4152.57568359375,53937,0.0,0.0
2017-11-20 00:00:00+09:00,4124.64388457774,4180.50813583613,4106.022467491611,4161.88671875,53866,0.0,0.0
2017-11-21 00:00:00+09:00,4143.264964710583,4185.163149746982,4073.434656316584,4096.71142578125,103078,0.0,0.0
2017-11-22 00:00:00+09:00,4082.7450292744766,4124.643210874785,4059.46826171875,4059.46826171875,53783,0.0,0.0
2017-11-23 00:00:00+09:00,4064.123782641267,4115.332673373287,4050.157721532534,4078.08984375,39701,0.0,0.0
2017-11-24 00:00:00+09:00,4082.7455378941127,4180.507973807198,4073.434829711914,4171.197265625,49026,0.0,0.0
2017-11-27 00:00:00+09:00,4189.818925846865,4189.818925846865,4096.711838605823,4157.2314453125,41892,0.0,0.0
2017-11-28 00:00:00+09:00,4185.162889167444,4185.162889167444,4054.81298828125,4054.81298828125,48441,0.0,0.0
2017-11-29 00:00:00+09:00,4054.8131551339284,4096.7113392857145,4036.1917399553568,4073.4345703125,29484,0.0,0.0
2017-11-30 00:00:00+09:00,4073.4346507615846,4157.231020720109,4068.779296875,4068.779296875,26840,0.0,0.0
2017-12-01 00:00:00+09:00,4073.434486695035,4106.021962588595,4054.8130718987145,4064.123779296875,26824,0.0,0.0
2017-12-04 00:00:00+09:00,4059.4681690357347,4096.710996274594,3998.9485747725876,4022.225341796875,51002,0.0,0.0
2017-12-05 00:00:00+09:00,4045.5023162198254,4213.095047386584,4003.604133428136,4194.4736328125,150194,0.0,0.0
2017-12-06 00:00:00+09:00,4185.163571484813,4241.027823829437,4129.299319140187,4157.2314453125,54407,0.0,0.0
2017-12-07 00:00:00+09:00,4157.230628770342,4199.128809799383,4040.8467925785635,4147.919921875,67084,0.0,0.0
2017-12-08 00:00:00+09:00,4171.196896853146,4171.196896853146,3798.7686024912587,3994.29345703125,103415,0.0,0.0
2017-12-11 00:00:00+09:00,3961.7060701929668,4040.847084521146,3947.7400088409354,4031.536376953125,29120,0.0,0.0
2017-12-12 00:00:00+09:00,4031.5364517016515,4068.7792826642535,3971.0168513874237,3998.948974609375,20521,0.0,0.0
2017-12-13 00:00:00+09:00,3998.9493943550942,4133.95467076522,3971.0172682012753,4129.29931640625,67145,0.0,0.0
2017-12-14 00:00:00+09:00,4138.609198352176,4138.609198352176,4050.157483201792,4092.0556640625,22741,0.0,0.0
2017-12-15 00:00:00+09:00,4092.0560773931293,4133.954262485891,3984.9829377116253,4124.6435546875,48993,0.0,0.0
2017-12-18 00:00:00+09:00,4124.6436225978805,4133.954330549569,4026.8811891051546,4050.157958984375,19609,0.0,0.0
2017-12-19 00:00:00+09:00,4022.225892058999,4026.881246100734,3849.977792514806,3905.842041015625,62501,0.0,0.0
2017-12-21 00:00:00+09:00,3863.943742590757,3919.807989471587,3742.904541015625,3742.904541015625,46603,0.0,0.0
2017-12-22 00:00:00+09:00,3877.90958775948,3891.8756486997904,3705.661502828987,3882.56494140625,29417,0.0,0.0
2017-12-26 00:00:00+09:00,3882.5650052767805,3910.4971276169013,3724.282978682763,3808.079345703125,22827,0.0,0.0
2017-12-27 00:00:00+09:00,3884.051019991938,3988.512049869472,3822.324047791577,3865.05810546875,18518,80.0,0.0
2017-12-28 00:00:00+09:00,3865.058225133736,3898.295826578375,3803.3312510222636,3855.561767578125,22551,0.0,0.0
2018-01-02 00:00:00+09:00,3893.547739787274,3979.015860904556,3846.0654502776733,3941.030029296875,20117,0.0,0.0
2018-01-03 00:00:00+09:00,3960.022891465054,4045.491011424731,3917.288831485215,3974.267578125,44577,0.0,0.0
2018-01-04 00:00:00+09:00,4073.9804566295434,4073.9804566295434,3950.526503398345,4017.001708984375,25416,0.0,0.0
2018-01-05 00:00:00+09:00,4017.001767195841,4045.491141431272,3964.7712477642162,4002.757080078125,22267,0.0,0.0
2018-01-08 00:00:00+09:00,4073.9803623584435,4140.45556640625,3998.008700589521,4140.45556640625,218991,0.0,0.0
2018-01-09 00:00:00+09:00,4059.735538509342,4121.462511609484,4012.2532515092325,4073.980224609375,67958,0.0,0.0
2018-01-10 00:00:00+09:00,4073.9804023483293,4126.210920327154,4035.9945710910024,4050.2392578125,24016,0.0,0.0
2018-01-11 00:00:00+09:00,4050.239495596801,4088.225329084227,3988.5125161797337,4012.253662109375,26316,0.0,0.0
2018-01-12 00:00:00+09:00,3974.267506475034,4012.2533368833974,3893.547616857262,3931.533447265625,38484,0.0,0.0
2018-01-15 00:00:00+09:00,3969.519258245459,3969.519258245459,3855.561767578125,3855.561767578125,37795,0.0,0.0
2018-01-16 00:00:00+09:00,3850.8135299593387,4102.469654605264,3850.8135299593387,4059.735595703125,131438,0.0,0.0
2018-01-17 00:00:00+09:00,4126.21083188084,4240.168323210115,4059.735628605429,4192.68603515625,171766,0.0,0.0
2018-01-18 00:00:00+09:00,4273.406042884122,4273.406042884122,4111.966259041833,4164.19677734375,60701,0.0,0.0
2018-01-19 00:00:00+09:00,4164.196662323931,4244.916552015501,4149.951975907772,4192.68603515625,60506,0.0,0.0
2018-01-22 00:00:00+09:00,4159.448490767045,4235.420152698864,4159.448490767045,4178.44140625,22007,0.0,0.0
2018-01-23 00:00:00+09:00,4235.420270487701,4235.420270487701,4107.2180874124,4149.9521484375,28995,0.0,0.0
2018-01-24 00:00:00+09:00,4149.951672335601,4221.175099206349,4097.7211592970525,4187.9375,27362,0.0,0.0
2018-01-25 00:00:00+09:00,4173.693308900983,4230.672057145365,4154.700392819523,4225.923828125,32122,0.0,0.0
2018-01-26 00:00:00+09:00,4254.412581256772,4401.607659402932,4244.91612460218,4382.61474609375,114941,0.0,0.0
2018-01-29 00:00:00+09:00,4387.363302027926,4463.3349609375,4335.132786527593,4463.3349609375,97949,0.0,0.0
2018-01-30 00:00:00+09:00,4463.334755067568,4487.0758973817565,4368.370185810811,4392.111328125,46194,0.0,0.0
2018-01-31 00:00:00+09:00,4392.111463903743,4463.334893048128,4263.90929144385,4439.59375,43004,0.0,0.0
2018-02-01 00:00:00+09:00,4491.824195648521,4491.824195648521,4344.629111013104,4415.8525390625,46467,0.0,0.0
2018-02-02 00:00:00+09:00,4430.097513767931,4458.586886846823,4292.3988772199455,4344.62939453125,47861,0.0,0.0
2018-02-05 00:00:00+09:00,4225.923568968892,4301.895228635749,4168.94482421875,4168.94482421875,37712,0.0,0.0
2018-02-06 00:00:00+09:00,4149.95170485407,4149.95170485407,3903.043823100739,4097.72119140625,80767,0.0,0.0
2018-02-07 00:00:00+09:00,4149.952033025568,4520.313884943182,4107.21797318892,4178.44140625,359379,0.0,0.0
2018-02-08 00:00:00+09:00,4263.909552380047,4382.61527488506,4225.923721178443,4292.39892578125,90934,0.0,0.0
2018-02-09 00:00:00+09:00,4202.182425323,4273.405856260678,4168.94482421875,4168.94482421875,51050,0.0,0.0
2018-02-12 00:00:00+09:00,4211.6792510568275,4249.665084211793,4140.455813891267,4159.44873046875,46643,0.0,0.0
2018-02-13 00:00:00+09:00,4197.434186422413,4292.398760775862,4083.476697198276,4130.958984375,59682,0.0,0.0
2018-02-14 00:00:00+09:00,4178.441213845934,4178.441213845934,4107.217784064469,4145.20361328125,26077,0.0,0.0
2018-02-19 00:00:00+09:00,4206.930654052178,4230.671797698071,4107.217850739429,4168.94482421875,54574,0.0,0.0
2018-02-20 00:00:00+09:00,4168.944698296382,4444.341956270403,4126.2106410245515,4363.6220703125,112304,0.0,0.0
2018-02-21 00:00:00+09:00,4363.622623592228,4406.356686282467,4330.385019277597,4387.36376953125,58625,0.0,0.0
2018-02-22 00:00:00+09:00,4406.356686282467,4449.090748972707,4349.3779360288145,4387.36376953125,51422,0.0,0.0
2018-02-23 00:00:00+09:00,4382.615292225713,4382.615292225713,4320.8883162788725,4368.37060546875,26464,0.0,0.0
2018-02-26 00:00:00+09:00,4396.859970360471,4420.6011149088545,4301.895392166941,4330.384765625,40195,0.0,0.0
2018-02-27 00:00:00+09:00,4330.384698869901,4330.384698869901,4249.664808649738,4306.6435546875,29438,0.0,0.0
2018-02-28 00:00:00+09:00,4306.643854166667,4344.6296875,4216.4275,4273.40625,30830,0.0,0.0
2018-03-02 00:00:00+09:00,4216.427377679565,4292.39904214226,4178.441545448218,4263.90966796875,35390,0.0,0.0
2018-03-05 00:00:00+09:00,4263.909903842762,4263.909903842762,4197.4346937605815,4206.93115234375,19815,0.0,0.0
2018-03-06 00:00:00+09:00,4249.664914941734,4259.161372852219,4187.937938523586,4240.16845703125,12364,0.0,0.0
2018-03-07 00:00:00+09:00,4244.916685986493,4330.384807180852,4202.182625389313,4240.16845703125,29549,0.0,0.0
2018-03-08 00:00:00+09:00,4240.168218061943,4316.139877064172,4187.937702497909,4259.1611328125,8477,0.0,0.0
2018-03-09 00:00:00+09:00,4301.89532585102,4320.888241196941,4225.923664467337,4306.6435546875,27872,0.0,0.0
2018-03-12 00:00:00+09:00,4297.147106066427,4368.370538763661,4282.90241952698,4344.62939453125,35398,0.0,0.0
2018-03-13 00:00:00+09:00,4344.629818423764,4396.860340831044,4282.902837396978,4320.888671875,29998,0.0,0.0
2018-03-14 00:00:00+09:00,4316.139973782566,4396.85986328125,4287.650601018325,4396.85986328125,62940,0.0,0.0
2018-03-15 00:00:00+09:00,4349.377681263706,4387.363512541118,4292.398934347588,4330.384765625,46178,0.0,0.0
2018-03-16 00:00:00+09:00,4330.384194243604,4373.1182487920605,4197.433802315072,4268.6572265625,51143,0.0,0.0
2018-03-19 00:00:00+09:00,4268.657696042434,4268.657696042434,4192.68603515625,4192.68603515625,21555,0.0,0.0
2018-03-20 00:00:00+09:00,4192.685532924107,4225.923130580357,4130.958565848214,4154.69970703125,28821,0.0,0.0
2018-03-21 00:00:00+09:00,4116.714298221983,4178.441271551724,4059.7355536099135,4130.958984375,36417,0.0,0.0
2018-03-22 00:00:00+09:00,4130.959224568779,4173.693285512593,4064.484018656178,4111.96630859375,19170,0.0,0.0
2018-03-23 00:00:00+09:00,4064.484109731821,4111.96640073336,3922.0372367272007,3950.526611328125,52026,0.0,0.0
2018-03-26 00:00:00+09:00,3945.7781701376275,4083.476806640625,3884.051195153525,4083.476806640625,41934,0.0,0.0
2018-03-27 00:00:00+09:00,4130.958911217879,4140.455368485046,4050.2390244469548,4088.224853515625,16945,0.0,0.0
2018-03-28 00:00:00+09:00,4111.965991239425,4111.965991239425,3993.2602755569937,4069.23193359375,19184,0.0,0.0
2018-03-29 00:00:00+09:00,4111.9660542094625,4121.462511609484,4017.0014802092437,4073.980224609375,20071,0.0,0.0
2018-03-30 00:00:00+09:00,4121.46240234375,4126.210630917879,4017.001373712918,4121.46240234375,47117,0.0,0.0
2018-04-02 00:00:00+09:00,4178.441256009615,4178.441256009615,4031.2461663092763,4073.980224609375,35254,0.0,0.0
2018-04-03 00:00:00+09:00,4083.476697198276,4130.958984375,3993.2603515624996,4130.958984375,32000,0.0,0.0
2018-04-04 00:00:00+09:00,4130.958984375,4154.700127963362,4083.476697198276,4130.958984375,25575,0.0,0.0
2018-04-05 00:00:00+09:00,4154.700377440289,4178.441522454234,4097.721629406822,4149.9521484375,60371,0.0,0.0
2018-04-06 00:00:00+09:00,4463.3347505668935,4548.802862811792,4183.18927154195,4187.9375,329021,0.0,0.0
2018-04-09 00:00:00+09:00,4197.4346937605815,4268.658133134347,4126.211254386815,4206.93115234375,93509,0.0,0.0
2018-04-10 00:00:00+09:00,4206.930829257768,4206.930829257768,4092.9733350115075,4126.2109375,53025,0.0,0.0
2018-04-11 00:00:00+09:00,4126.210765656143,4178.441281677107,4107.217850739429,4168.94482421875,32280,0.0,0.0
2018-04-12 00:00:00+09:00,4168.945318011075,4263.909903842762,4130.9594836784,4206.93115234375,94881,0.0,0.0
2018-04-13 00:00:00+09:00,4249.664882494056,4387.363521144701,4197.434364385191,4368.37060546875,146180,0.0,0.0
2018-04-16 00:00:00+09:00,4415.8528859991775,4415.8528859991775,4249.664874160499,4330.384765625,61821,0.0,0.0
2018-04-17 00:00:00+09:00,4368.370061111864,4411.104116057523,4297.146636202431,4382.61474609375,67018,0.0,0.0
2018-04-18 00:00:00+09:00,4382.614939306115,4420.600767599126,4344.629111013104,4415.8525390625,61549,0.0,0.0
2018-04-19 00:00:00+09:00,4415.853008563702,4938.158203125,4411.104779522236,4938.158203125,530262,0.0,0.0
2018-04-20 00:00:00+09:00,4624.77452329559,4995.136343436305,4615.2780663689055,4966.64697265625,605674,0.0,0.0
2018-04-23 00:00:00+09:00,5052.115435767267,5052.115435767267,4748.228793014348,4881.17919921875,212258,0.0,0.0
2018-04-24 00:00:00+09:00,4824.200453702578,4947.654402320951,4714.9911914632485,4881.17919921875,148686,0.0,0.0
2018-04-25 00:00:00+09:00,4852.68997428549,4890.675805786746,4719.739564031093,4724.48779296875,44886,0.0,0.0
2018-04-26 00:00:00+09:00,4729.236217899133,5014.129965965346,4677.005697420328,4795.71142578125,148713,0.0,0.0
2018-04-27 00:00:00+09:00,4748.229134436881,4890.676008469987,4724.487988764697,4795.71142578125,27601,0.0,0.0
2018-04-30 00:00:00+09:00,4843.193414238061,5109.094229137407,4757.725295163273,5071.1083984375,307412,0.0,0.0
2018-05-02 00:00:00+09:00,5128.0869140625,5156.576285807291,4938.157769097222,5128.0869140625,252081,0.0,0.0
2018-05-03 00:00:00+09:00,5156.576698242187,5166.0731562500005,4729.236087890626,4748.22900390625,254650,0.0,0.0
2018-05-04 00:00:00+09:00,4691.250384823638,4833.697258856745,4691.250384823638,4795.71142578125,90555,0.0,0.0
2018-05-08 00:00:00+09:00,4786.2146233584635,4919.165029562865,4748.228793014348,4881.17919921875,114492,0.0,0.0
2018-05-09 00:00:00+09:00,4757.72508684922,4852.689659441021,4510.817198110538,4719.7392578125,122435,0.0,0.0
2018-05-10 00:00:00+09:00,4890.6756847076995,5185.065871554182,4824.200481226236,4995.13671875,363240,0.0,0.0
2018-05-11 00:00:00+09:00,4995.136512586805,5156.576285807291,4909.6683973524305,5128.0869140625,159688,0.0,0.0
2018-05-14 00:00:00+09:00,5128.087162707565,5318.016316881919,4995.136754785517,5147.080078125,525625,0.0,0.0
2018-05-15 00:00:00+09:00,5261.037713744896,5308.520003580138,5147.080218140313,5232.54833984375,243142,0.0,0.0
2018-05-16 00:00:00+09:00,5080.604700245921,5147.079901931382,4871.682637805902,4947.654296875,208247,0.0,0.0
2018-05-17 00:00:00+09:00,5033.122674409986,5156.576626801174,4890.675806266307,5004.63330078125,164518,0.0,0.0
2018-05-18 00:00:00+09:00,5004.632836229556,5147.079691150701,5004.632836229556,5080.6044921875,66079,0.0,0.0
2018-05-21 00:00:00+09:00,5080.6045835072755,5128.086869334446,4928.661268860329,4976.1435546875,70696,0.0,0.0
2018-05-23 00:00:00+09:00,4919.165154733009,5071.108479975728,4824.200576456311,4890.67578125,52720,0.0,0.0
2018-05-24 00:00:00+09:00,4862.186776061776,4957.151361531733,4786.215107685811,4919.16552734375,78566,0.0,0.0
2018-05-25 00:00:00+09:00,4719.739057148972,4852.689453125,4520.313463184932,4852.689453125,114147,0.0,0.0
2018-05-28 00:00:00+09:00,5052.115518465909,5280.030504261364,4957.150941051136,5223.0517578125,318460,0.0,0.0
2018-05-29 00:00:00+09:00,5261.037304323111,5261.037304323111,5023.625873622609,5090.10107421875,130769,0.0,0.0
2018-05-30 00:00:00+09:00,5061.612158203126,5071.108616286058,4824.200706129808,4938.158203125,126119,0.0,0.0
2018-05-31 00:00:00+09:00,4938.158008533211,5223.051739794742,4928.661550824493,5147.080078125,93952,0.0,0.0
2018-06-01 00:00:00+09:00,5147.080177436441,5156.57663532839,5023.626224841102,5042.619140625,67835,0.0,0.0
2018-06-04 00:00:00+09:00,5099.597635943407,5099.597635943407,4947.654317181593,5023.6259765625,26845,0.0,0.0
2018-06-05 00:00:00+09:00,4995.136480158026,5061.611680464312,4871.682536732067,5014.12939453125,30096,0.0,0.0
2018-06-07 00:00:00+09:00,5014.129634030418,5071.108379871673,4947.654430548954,4995.13671875,27473,0.0,0.0
2018-06-08 00:00:00+09:00,5185.06623186384,6400.6128942788055,5185.06623186384,5583.91748046875,9727571,0.0,0.0
2018-06-11 00:00:00+09:00,5517.441611207561,5650.392011477623,5318.016010802469,5384.4912109375,955385,0.0,0.0
2018-06-12 00:00:00+09:00,5384.4910736627,5526.9379274633,5251.54067678214,5337.0087890625,516936,0.0,0.0
2018-06-14 00:00:00+09:00,5213.555399539077,5280.030604997681,4995.1368673179495,5118.5908203125,349752,0.0,0.0
2018-06-15 00:00:00+09:00,5137.58336035885,5204.058560954991,5004.632959166569,5090.10107421875,180964,0.0,0.0
2018-06-18 00:00:00+09:00,5052.115425857843,5137.583543964461,4805.207529105392,4843.193359375,247932,0.0,0.0
2018-06-19 00:00:00+09:00,4776.71792076803,4928.661234351109,4629.522835734423,4658.01220703125,173430,0.0,0.0
2018-06-20 00:00:00+09:00,4567.795972303229,4843.193234666625,4567.795972303229,4833.69677734375,132596,0.0,0.0
2018-06-21 00:00:00+09:00,4833.696990411931,4862.186363636363,4700.74658203125,4700.74658203125,81000,0.0,0.0
2018-06-22 00:00:00+09:00,4695.998484863281,4814.704209960938,4624.775049804688,4748.22900390625,79585,0.0,0.0
2018-06-25 00:00:00+09:00,4757.725241268382,4890.67564721201,4729.235868566177,4843.193359375,71269,0.0,0.0
2018-06-26 00:00:00+09:00,4814.703947368421,4833.696862348178,4586.788967611336,4691.25,71877,0.0,0.0
2018-06-27 00:00:00+09:00,4648.516163219106,4814.704177225917,4577.2927286447575,4596.28564453125,91424,0.0,0.0
2018-06-28 00:00:00+09:00,4596.285988523822,4643.768281793697,4434.84619140625,4434.84619140625,137909,0.0,0.0
2018-06-29 00:00:00+09:00,4434.845635848358,4529.8102104917925,4368.370433597955,4411.1044921875,75459,0.0,0.0
2018-07-02 00:00:00+09:00,4396.859743012202,4539.306602937003,4183.189453125,4183.189453125,118621,0.0,0.0
2018-07-03 00:00:00+09:00,4183.189252226003,4320.887876873625,4130.95873942863,4316.1396484375,124183,0.0,0.0
2018-07-04 00:00:00+09:00,4254.412934310532,4392.111567229065,4254.412934310532,4373.11865234375,31354,0.0,0.0
2018-07-05 00:00:00+09:00,4373.118447006933,4392.111361000449,4268.657420042598,4301.89501953125,42882,0.0,0.0
2018-07-06 00:00:00+09:00,4349.377173605564,4463.334654136715,4301.894890050919,4458.58642578125,88857,0.0,0.0
2018-07-09 00:00:00+09:00,4377.866788797389,4506.068961571282,4335.132731206091,4477.57958984375,62718,0.0,0.0
2018-07-10 00:00:00+09:00,4477.58014302314,4510.817747478243,4430.097850944422,4501.3212890625,73186,0.0,0.0
2018-07-11 00:00:00+09:00,4501.320790392288,4501.320790392288,4396.859759391622,4463.3349609375,38926,0.0,0.0
2018-07-12 00:00:00+09:00,4463.3349609375,4506.069019074136,4415.852674119016,4463.3349609375,22434,0.0,0.0
2018-07-13 00:00:00+09:00,4415.852797198448,4506.069144668093,4415.852797198448,4472.83154296875,48116,0.0,0.0
2018-07-16 00:00:00+09:00,4472.831913815269,4515.565976686115,4425.34962173655,4501.3212890625,48532,0.0,0.0
2018-07-17 00:00:00+09:00,4444.342351056058,4496.572870138982,4425.349435025903,4468.08349609375,51927,0.0,0.0
2018-07-18 00:00:00+09:00,4463.335192450161,4501.321023875269,4401.608216384361,4406.3564453125,55197,0.0,0.0
2018-07-19 00:00:00+09:00,4396.859290500069,4453.838028605901,4273.405357937431,4335.13232421875,30018,0.0,0.0
2018-07-20 00:00:00+09:00,4278.154134114583,4368.370481004902,4278.154134114583,4358.8740234375,18647,0.0,0.0
2018-07-23 00:00:00+09:00,4358.874163741804,4377.867079487956,4130.959174787985,4164.19677734375,58827,0.0,0.0
2018-07-24 00:00:00+09:00,4130.959374999999,4282.902708333333,4130.959374999999,4273.40625,34191,0.0,0.0
2018-07-25 00:00:00+09:00,4273.405983664772,4282.90244140625,4178.44140625,4178.44140625,22585,0.0,0.0
2018-07-26 00:00:00+09:00,4225.923664467337,4316.140012360461,4178.441376102536,4306.6435546875,20482,0.0,0.0
2018-07-27 00:00:00+09:00,4282.90248492697,4368.37060546875,4273.406027088995,4368.37060546875,18692,0.0,0.0
2018-07-30 00:00:00+09:00,4377.866756069777,4411.10435617009,4316.13978445491,4363.6220703125,33442,0.0,0.0
2018-07-31 00:00:00+09:00,4387.363099662162,4392.111328125,4339.880815033784,4392.111328125,21397,0.0,0.0
2018-08-01 00:00:00+09:00,4382.615373958057,4477.579954108827,4363.622457927902,4468.08349609375,33639,0.0,0.0
2018-08-02 00:00:00+09:00,4468.083189619349,4487.076104346742,4420.600902800865,4463.3349609375,20603,0.0,0.0
2018-08-03 00:00:00+09:00,4558.299671052632,4558.299671052632,4434.8457216282895,4510.8173828125,41496,0.0,0.0
2018-08-06 00:00:00+09:00,4501.3212890625,4510.817747478243,4449.09076777591,4501.3212890625,32011,0.0,0.0
2018-08-07 00:00:00+09:00,4468.083554395988,4515.565845090951,4449.090638118004,4453.8388671875,35985,0.0,0.0
2018-08-08 00:00:00+09:00,4453.838996983782,4525.062435101859,4453.838996983782,4501.3212890625,28471,0.0,0.0
2018-08-09 00:00:00+09:00,4501.320740851358,4795.71091588594,4463.334911814638,4719.7392578125,476695,0.0,0.0
2018-08-10 00:00:00+09:00,4714.9914008789065,4824.20066796875,4672.25733984375,4748.22900390625,113855,0.0,0.0
2018-08-13 00:00:00+09:00,4748.228697447447,4843.193271396396,4691.249953078078,4743.48046875,149196,0.0,0.0
2018-08-14 00:00:00+09:00,4786.214873798077,4976.144035456731,4757.725499549279,4938.158203125,227579,0.0,0.0
2018-08-16 00:00:00+09:00,4938.158333333333,5061.612291666666,4890.676041666667,4985.640625,120348,0.0,0.0
2018-08-17 00:00:00+09:00,5014.130112813707,5023.626571360703,4909.669068796755,4919.16552734375,61719,0.0,0.0
2018-08-20 00:00:00+09:00,4928.661577060371,4957.150950338177,4733.984192995365,4738.732421875,104523,0.0,0.0
2018-08-21 00:00:00+09:00,4738.732070196243,4824.200183686756,4738.732070196243,4786.21435546875,58765,0.0,0.0
2018-08-22 00:00:00+09:00,4786.214604434289,4833.696892176692,4757.725231788846,4805.20751953125,47393,0.0,0.0
2018-08-23 00:00:00+09:00,4795.710711992417,4871.682366835861,4743.480199287549,4852.689453125,41441,0.0,0.0
2018-08-24 00:00:00+09:00,4833.697258856745,4833.697258856745,4743.480905302444,4795.71142578125,46097,0.0,0.0
2018-08-27 00:00:00+09:00,4795.711177272304,4805.207635049081,4653.264310620651,4776.71826171875,81164,0.0,0.0
2018-08-28 00:00:00+09:00,4748.22900390625,4843.193583984375,4729.236087890626,4748.22900390625,27236,0.0,0.0
2018-08-29 00:00:00+09:00,4776.717898414248,4824.200183686756,4738.732070196243,4786.21435546875,38956,0.0,0.0
2018-08-30 00:00:00+09:00,4786.214490729371,4947.654265218259,4748.228661437868,4833.69677734375,122332,0.0,0.0
2018-08-31 00:00:00+09:00,4881.178960755814,4957.150617732558,4871.68250363372,4900.171875,48464,0.0,0.0
2018-09-03 00:00:00+09:00,4871.682973786602,4938.158180056595,4786.2148514394685,4824.20068359375,40514,0.0,0.0
2018-09-04 00:00:00+09:00,4824.2008139924465,4919.1653969450535,4824.2008139924465,4871.68310546875,51305,0.0,0.0
2018-09-05 00:00:00+09:00,4871.68286559466,4919.165154733009,4795.711202973301,4890.67578125,58938,0.0,0.0
2018-09-06 00:00:00+09:00,4890.6761517027635,4976.144278625724,4871.683234608772,4919.16552734375,63795,0.0,0.0
2018-09-07 00:00:00+09:00,4976.144278625724,4976.144278625724,4881.179693155767,4919.16552734375,34129,0.0,0.0
2018-09-10 00:00:00+09:00,4928.66161256068,4947.65452821602,4862.186407766991,4890.67578125,26847,0.0,0.0
2018-09-11 00:00:00+09:00,4900.1723556518555,4928.661729812622,4748.229026794434,4862.1865234375,68646,0.0,0.0
2018-09-12 00:00:00+09:00,4862.1865157480315,4890.675889863743,4757.725477323757,4824.20068359375,43526,0.0,0.0
2018-09-13 00:00:00+09:00,4824.200082558708,4890.675280546722,4776.717798281556,4852.689453125,40001,0.0,0.0
2018-09-14 00:00:00+09:00,4814.704342318997,4881.179550201114,4786.2149675123765,4795.71142578125,61469,0.0,0.0
2018-09-17 00:00:00+09:00,4795.711439106664,4890.676022059271,4795.711439106664,4871.68310546875,33330,0.0,0.0
2018-09-18 00:00:00+09:00,4871.683234608772,4966.647820078729,4852.69031751478,4919.16552734375,44903,0.0,0.0
2018-09-19 00:00:00+09:00,4900.171774169456,5004.632800362991,4814.7036618292905,4966.64697265625,92563,0.0,0.0
2018-09-20 00:00:00+09:00,4957.151080078125,4957.151080078125,4724.487858886719,4748.22900390625,94144,0.0,0.0
2018-09-21 00:00:00+09:00,4767.221919921875,4833.697125976562,4733.984316894532,4748.22900390625,36112,0.0,0.0
2018-09-27 00:00:00+09:00,4795.711293945313,4805.207751953125,4700.746713867188,4748.22900390625,29549,0.0,0.0
2018-09-28 00:00:00+09:00,4748.228687090061,4767.221601838421,4658.012342035349,4705.49462890625,26941,0.0,0.0
2018-10-01 00:00:00+09:00,4748.228996030746,4748.228996030746,4672.257332094254,4710.2431640625,34382,0.0,0.0
2018-10-02 00:00:00+09:00,4738.731977623163,4738.731977623163,4677.005007974765,4686.50146484375,23530,0.0,0.0
2018-10-04 00:00:00+09:00,4686.501578328077,4733.983863822789,4292.398608721967,4658.01220703125,48242,0.0,0.0
2018-10-05 00:00:00+09:00,4582.04052734375,4658.012183755667,4548.802927663536,4582.04052734375,42377,0.0,0.0
2018-10-08 00:00:00+09:00,4586.788823896585,4691.249853012243,4572.544138108086,4605.78173828125,30018,0.0,0.0
2018-10-10 00:00:00+09:00,4667.508486915918,4667.508486915918,4430.097068456309,4496.572265625,66325,0.0,0.0
2018-10-11 00:00:00+09:00,4301.895218211207,4425.3491648706895,4130.958984375,4130.958984375,81441,0.0,0.0
2018-10-12 00:00:00+09:00,3964.7709345736375,4202.18236778164,3964.7709345736375,4183.189453125,42573,0.0,0.0
2018-10-15 00:00:00+09:00,4149.952400844737,4230.672298801672,4145.204171553153,4206.93115234375,10562,0.0,0.0
2018-10-16 00:00:00+09:00,4273.405983664772,4349.377645596591,4168.944948508522,4178.44140625,13911,0.0,0.0
2018-10-17 00:00:00+09:00,4197.434339250837,4273.406001499721,4187.937881469727,4254.4130859375,7506,0.0,0.0
2018-10-18 00:00:00+09:00,4249.665215968009,4301.895738175437,4021.7502099719595,4206.93115234375,15601,0.0,0.0
2018-10-19 00:00:00+09:00,4216.426939472943,4225.923396543828,4111.965911693208,4211.6787109375,11649,0.0,0.0
2018-10-22 00:00:00+09:00,4140.455022321428,4206.930217633929,4121.462109375,4154.69970703125,19860,0.0,0.0
2018-10-23 00:00:00+09:00,4121.462802164035,4216.4273828590585,3960.023014982494,3983.76416015625,27409,0.0,0.0
2018-10-24 00:00:00+09:00,4078.7283823472394,4083.4766109646403,3803.331122537996,3827.072265625,36009,0.0,0.0
2018-10-25 00:00:00+09:00,3694.1218483105713,3798.582877440176,3613.4019621649677,3770.093505859375,85347,0.0,0.0
2018-10-26 00:00:00+09:00,3760.5970896181,3874.5545771822854,3594.4090869203305,3698.8701171875,55506,0.0,0.0
2018-10-29 00:00:00+09:00,3603.9056811062796,3751.1007748010024,3470.955273898143,3523.185791015625,34705,0.0,0.0
2018-10-30 00:00:00+09:00,3323.760230654762,3532.6823022959184,3323.760230654762,3489.9482421875,53518,0.0,0.0
2018-10-31 00:00:00+09:00,3466.2071632179054,3546.927056059966,3418.724873310811,3513.689453125,42919,0.0,0.0
2018-11-01 00:00:00+09:00,3523.1856520917336,3717.8630263986893,3523.1856520917336,3679.877197265625,37283,0.0,0.0
2018-11-02 00:00:00+09:00,3646.6398148148146,3846.0654296875,3646.6398148148146,3846.0654296875,36813,0.0,0.0
2018-11-05 00:00:00+09:00,3846.06512307826,3888.799180001352,3741.6040950440356,3841.31689453125,14803,0.0,0.0
2018-11-06 00:00:00+09:00,3784.3382747476107,3884.051077469944,3774.841817345484,3850.8134765625,7207,0.0,0.0
2018-11-07 00:00:00+09:00,3850.8132889247177,3917.2884875004834,3717.862891773186,3836.568603515625,49349,0.0,0.0
2018-11-08 00:00:00+09:00,3850.8136751853813,3922.037109375,3812.8278436175847,3922.037109375,30450,0.0,0.0
2018-11-09 00:00:00+09:00,3922.0371216111653,3979.015869140625,3822.32431343461,3979.015869140625,32971,0.0,0.0
2018-11-12 00:00:00+09:00,3979.0158113713214,4083.476846992048,3898.295920209851,3993.260498046875,168800,0.0,0.0
2018-11-13 00:00:00+09:00,3964.7709645091236,4078.7284533093857,3860.309933108883,4073.980224609375,67602,0.0,0.0
2018-11-14 00:00:00+09:00,4069.2322235469865,4102.469826306413,3945.7782704405436,3998.0087890625,72794,0.0,0.0
2018-11-15 00:00:00+09:00,3955.2748609881533,4073.9805891090464,3922.0372571143034,4064.484130859375,54225,0.0,0.0
2018-11-16 00:00:00+09:00,4064.483877505896,4102.469708136792,3993.260445072966,4026.498046875,24166,0.0,0.0
2018-11-19 00:00:00+09:00,4026.498046875,4073.98033516362,3964.771072099794,4026.498046875,26691,0.0,0.0
2018-11-20 00:00:00+09:00,4007.5049643926595,4035.9943361774417,3817.57581916078,3865.05810546875,78736,0.0,0.0
2018-11-21 00:00:00+09:00,3841.3172253213056,3960.02294921875,3755.8491041151456,3960.02294921875,30839,0.0,0.0
2018-11-22 00:00:00+09:00,3941.029958225487,3983.7640180134745,3898.2958984375,3898.2958984375,23475,0.0,0.0
2018-11-23 00:00:00+09:00,3884.051130456118,3988.512163304571,3817.575927734375,3817.575927734375,38111,0.0,0.0
2018-11-26 00:00:00+09:00,3888.7994362353697,3888.7994362353697,3808.0795456175415,3879.302978515625,19587,0.0,0.0
2018-11-27 00:00:00+09:00,3879.302921053258,3898.295836211414,3850.813548316025,3893.547607421875,11612,0.0,0.0
2018-11-28 00:00:00+09:00,3893.547735699153,3960.0229409427966,3879.303048861229,3922.037109375,15985,0.0,0.0
2018-11-29 00:00:00+09:00,3941.030033395159,3964.771178174648,3907.7924307038747,3960.02294921875,16964,0.0,0.0
2018-11-30 00:00:00+09:00,3964.7710675424873,4017.0015845999333,3926.785236955254,4007.505126953125,45264,0.0,0.0
2018-12-03 00:00:00+09:00,4017.0013185275548,4135.70703125,4017.0013185275548,4135.70703125,61202,0.0,0.0
2018-12-04 00:00:00+09:00,4135.706794084821,4168.944391741071,4088.22451171875,4154.69970703125,41043,0.0,0.0
2018-12-05 00:00:00+09:00,4111.96606950431,4149.95189924569,4069.2320110452583,4130.958984375,27457,0.0,0.0
2018-12-06 00:00:00+09:00,4126.210828108488,4154.700200914761,3884.0511592551707,3931.533447265625,92769,0.0,0.0
2018-12-07 00:00:00+09:00,3931.533447265625,4007.5051080823523,3922.0369896635343,3931.533447265625,33623,0.0,0.0
2018-12-10 00:00:00+09:00,3888.799506753178,3931.5335672669494,3836.568988347458,3922.037109375,30038,0.0,0.0
2018-12-11 00:00:00+09:00,3931.5335004948233,3931.5335004948233,3836.568923188185,3898.2958984375,17169,0.0,0.0
2018-12-12 00:00:00+09:00,3898.296030056032,3955.2747783637938,3850.813739799564,3945.7783203125,27935,0.0,0.0
2018-12-13 00:00:00+09:00,3950.5264293217288,3988.512260372899,3907.792369389162,3955.274658203125,29888,0.0,0.0
2018-12-14 00:00:00+09:00,3960.022965303309,4035.99462890625,3936.28182042739,4035.99462890625,43419,0.0,0.0
2018-12-17 00:00:00+09:00,4035.994772715111,4159.44873046875,3993.260710415775,4159.44873046875,42112,0.0,0.0
2018-12-18 00:00:00+09:00,4111.965996683543,4216.427026622387,4083.476624882041,4088.224853515625,20768,0.0,0.0
2018-12-19 00:00:00+09:00,4088.224925915948,4130.958984375,4035.9944100215516,4130.958984375,16752,0.0,0.0
2018-12-20 00:00:00+09:00,4159.448356681034,4211.67887257543,4107.217840786638,4130.958984375,17718,0.0,0.0
2018-12-21 00:00:00+09:00,4130.959335112236,4130.959335112236,4045.4912109375,4045.4912109375,12767,0.0,0.0
2018-12-24 00:00:00+09:00,4035.994683352795,4050.2393704705105,3998.0088510388864,4002.757080078125,10025,0.0,0.0
2018-12-26 00:00:00+09:00,4002.7568695812693,4002.7568695812693,3865.058234684642,3893.547607421875,37265,0.0,0.0
2018-12-27 00:00:00+09:00,4108.768690191388,4157.6826031698565,4015.8322555322966,4089.203125,16147,120.0,0.0
2018-12-28 00:00:00+09:00,4098.9860784023385,4138.117210415727,4045.1807718839314,4064.746337890625,17282,0.0,0.0
2019-01-02 00:00:00+09:00,4064.7461201515985,4084.31168511021,3986.483860317151,4025.614990234375,15516,0.0,0.0
2019-01-03 00:00:00+09:00,3996.2667101024854,4054.963405966904,3966.9183621702764,4015.832275390625,12240,0.0,0.0
2019-01-04 00:00:00+09:00,4010.9407751300487,4040.289122265147,3942.461298481487,3996.2666015625,21509,0.0,0.0
2019-01-07 00:00:00+09:00,4001.1582090435604,4059.8549064867425,4001.1582090435604,4035.39794921875,9407,0.0,0.0
2019-01-08 00:00:00+09:00,4054.963345079537,4059.854736328125,3991.3752588478915,4059.854736328125,23576,0.0,0.0
2019-01-09 00:00:00+09:00,4059.8548572468308,4147.89990234375,4054.9634658525574,4147.89990234375,23547,0.0,0.0
2019-01-10 00:00:00+09:00,4147.899914805685,4216.37939453125,4118.551566351871,4216.37939453125,34405,0.0,0.0
2019-01-11 00:00:00+09:00,4206.596530330882,4226.162095588235,4147.899834558823,4157.6826171875,34422,0.0,0.0
2019-01-14 00:00:00+09:00,4177.2483307594475,4226.162245639535,4167.46554778343,4206.5966796875,24291,0.0,0.0
2019-01-15 00:00:00+09:00,4206.596334552433,4255.510245419322,4206.596334552433,4221.2705078125,23375,0.0,0.0
2019-01-16 00:00:00+09:00,4211.488144644148,4270.1848435242055,4206.596753070809,4231.0537109375,22562,0.0,0.0
2019-01-17 00:00:00+09:00,4235.94482421875,4265.293171730658,4187.030911698903,4235.94482421875,25197,0.0,0.0
2019-01-18 00:00:00+09:00,4201.704951845366,4284.858600484914,4162.573823073814,4255.51025390625,53119,0.0,0.0
2019-01-21 00:00:00+09:00,4255.51053817958,4319.098626681114,4231.053581063606,4284.85888671875,42707,0.0,0.0
2019-01-22 00:00:00+09:00,4265.292892156863,4338.663756127451,4113.659773284314,4240.8359375,34464,0.0,0.0
2019-01-23 00:00:00+09:00,4275.076085069444,4275.076085069444,4138.1171258223685,4182.1396484375,46623,0.0,0.0
2019-01-24 00:00:00+09:00,4177.24797095848,4206.596317358657,4123.4426692248235,4152.791015625,43510,0.0,0.0
2019-01-25 00:00:00+09:00,4191.922424892209,4191.922424892209,4113.660162583837,4147.89990234375,24727,0.0,0.0
2019-01-28 00:00:00+09:00,4187.030637254902,4690.8439031862745,4157.682291666667,4490.296875,672909,0.0,0.0
2019-01-29 00:00:00+09:00,4465.840325563949,4553.885370317674,4426.709194562293,4431.6005859375,142599,0.0,0.0
2019-01-30 00:00:00+09:00,4431.600267767137,4637.0386907762095,4382.686357526882,4548.99365234375,225233,0.0,0.0
2019-01-31 00:00:00+09:00,4578.342623605821,4578.342623605821,4436.492264541111,4495.18896484375,80429,0.0,0.0
2019-02-01 00:00:00+09:00,4460.948805547982,4524.536891591978,4416.926284440601,4485.40576171875,60822,0.0,0.0
2019-02-07 00:00:00+09:00,4485.405916463129,4568.5595703125,4436.492002434087,4568.5595703125,50528,0.0,0.0
2019-02-08 00:00:00+09:00,4548.993855265828,4568.559420234713,4446.27463917918,4519.6455078125,20490,0.0,0.0
2019-02-11 00:00:00+09:00,4490.297357385428,4519.645706126509,4446.274834273806,4456.0576171875,20436,0.0,0.0
2019-02-12 00:00:00+09:00,4456.057272078433,4495.188400702612,4446.274489922388,4470.7314453125,17654,0.0,0.0
2019-02-13 00:00:00+09:00,4500.079964451058,4656.604484953704,4456.057443059689,4622.36474609375,70422,0.0,0.0
2019-02-14 00:00:00+09:00,4676.170341858037,4827.803480558455,4602.7994682933195,4685.953125,161997,0.0,0.0
2019-02-15 00:00:00+09:00,4651.712775735294,5018.567095588235,4607.690257352941,4739.7578125,341378,0.0,0.0
2019-02-18 00:00:00+09:00,4739.758447415252,4862.043237080248,4685.953139962653,4788.67236328125,122437,0.0,0.0
2019-02-19 00:00:00+09:00,4813.129096699949,4847.368836208992,4715.30126953125,4715.30126953125,53560,0.0,0.0
2019-02-20 00:00:00+09:00,4715.301262898381,4759.32378506237,4627.256218570403,4681.0615234375,47162,0.0,0.0
2019-02-21 00:00:00+09:00,4666.387417171139,4720.192722819863,4568.559588718914,4671.27880859375,39204,0.0,0.0
2019-02-22 00:00:00+09:00,4637.038631938898,4695.735323482428,4563.667767509485,4593.01611328125,39650,0.0,0.0
2019-02-25 00:00:00+09:00,4597.908203125,4695.736037234043,4578.342636303191,4597.908203125,51156,0.0,0.0
2019-02-26 00:00:00+09:00,4651.713433101259,4651.713433101259,4509.863076045595,4539.21142578125,33679,0.0,0.0
2019-02-27 00:00:00+09:00,4500.080219901138,4524.537177617992,4387.578214403609,4514.75439453125,71489,0.0,0.0
2019-02-28 00:00:00+09:00,4500.0801981494415,4568.559679425629,4353.338452557612,4377.79541015625,56548,0.0,0.0
2019-03-04 00:00:00+09:00,4377.795023136367,4529.428146842766,4377.795023136367,4504.97119140625,30622,0.0,0.0
2019-03-05 00:00:00+09:00,4504.971387686708,4519.645561587968,4382.686605176212,4441.38330078125,27025,0.0,0.0
2019-03-06 00:00:00+09:00,4490.297420662417,4490.297420662417,4348.447066414911,4412.03515625,46656,0.0,0.0
2019-03-07 00:00:00+09:00,4412.035076149929,4412.035076149929,4294.641681662571,4353.33837890625,28215,0.0,0.0
2019-03-08 00:00:00+09:00,4279.967150726145,4343.555234108362,4265.2929776379415,4299.53271484375,33996,0.0,0.0
2019-03-11 00:00:00+09:00,4382.686576704546,4392.4693592418325,4206.5964910333805,4304.42431640625,36691,0.0,0.0
2019-03-12 00:00:00+09:00,4343.555318813132,4412.034794560185,4304.424189814815,4358.2294921875,21833,0.0,0.0
2019-03-13 00:00:00+09:00,4363.121161780196,4402.252293275983,4309.31585597349,4353.33837890625,16248,0.0,0.0
2019-03-14 00:00:00+09:00,4353.338264173497,4475.623046875,4338.664090249316,4475.623046875,43847,0.0,0.0
2019-03-15 00:00:00+09:00,4646.821742657104,4651.713133965163,4392.4693946379775,4475.623046875,137569,0.0,0.0
2019-03-18 00:00:00+09:00,4480.5146484375,4548.994129963838,4446.274907674331,4480.5146484375,17708,0.0,0.0
2019-03-19 00:00:00+09:00,4480.514637610865,4485.40602913664,4387.57819862112,4412.03515625,17746,0.0,0.0
2019-03-20 00:00:00+09:00,4490.297042943869,4607.6904296875,4402.252002886146,4607.6904296875,116646,0.0,0.0
2019-03-21 00:00:00+09:00,4656.604166666667,4656.604166666667,4490.296875,4490.296875,72914,0.0,0.0
2019-03-22 00:00:00+09:00,4495.188686735733,4524.537035071331,4402.252250339674,4500.080078125,30543,0.0,0.0
2019-03-25 00:00:00+09:00,4456.057399272391,4524.536876319387,4402.2520958783225,4416.92626953125,39389,0.0,0.0
2019-03-26 00:00:00+09:00,4416.926411811879,4456.057542813535,4363.121106684603,4431.6005859375,18128,0.0,0.0
2019-03-27 00:00:00+09:00,4407.143403435396,4470.7314880576605,4358.2294921875,4358.2294921875,15225,0.0,0.0
2019-03-28 00:00:00+09:00,4358.229612999356,4363.121004259737,4255.510396531357,4270.1845703125,32752,0.0,0.0
2019-03-29 00:00:00+09:00,4270.1844271955815,4343.555293642241,4206.596342941811,4255.51025390625,22193,0.0,0.0
2019-04-01 00:00:00+09:00,4255.510683770104,4372.904081943073,4245.727900589024,4333.77294921875,21558,0.0,0.0
2019-04-02 00:00:00+09:00,4309.315795219514,4402.252231211763,4309.315795219514,4397.36083984375,18803,0.0,0.0
2019-04-03 00:00:00+09:00,4397.361194518372,4451.16650390625,4328.881709842892,4451.16650390625,21255,0.0,0.0
2019-04-04 00:00:00+09:00,4451.16650390625,4475.6234627189215,4402.252586280906,4451.16650390625,25211,0.0,0.0
2019-04-05 00:00:00+09:00,4480.51437787473,4539.211072781385,4446.27463917918,4519.6455078125,27062,0.0,0.0
2019-04-08 00:00:00+09:00,4475.622979250444,4519.645500357825,4470.73158801629,4485.40576171875,19738,0.0,0.0
2019-04-09 00:00:00+09:00,4485.40582949112,4504.97139472336,4431.600525102459,4475.623046875,25512,0.0,0.0
2019-04-10 00:00:00+09:00,4485.4056862278985,4504.971250835218,4436.4917747096015,4460.94873046875,16235,0.0,0.0
2019-04-11 00:00:00+09:00,4495.188619021997,4509.86279296875,4436.491923234985,4509.86279296875,35226,0.0,0.0
2019-04-12 00:00:00+09:00,4509.86279296875,4558.776706124593,4456.057488497322,4509.86279296875,24225,0.0,0.0
2019-04-15 00:00:00+09:00,4504.971469514266,4509.862860903532,4470.731729789402,4500.080078125,23565,0.0,0.0
2019-04-16 00:00:00+09:00,4500.079875641199,4529.42822265625,4421.817616934395,4529.42822265625,31280,0.0,0.0
2019-04-17 00:00:00+09:00,4548.993711191979,4548.993711191979,4485.405627057037,4504.97119140625,23458,0.0,0.0
2019-04-18 00:00:00+09:00,4504.971469514266,4544.102600628396,4431.600598675272,4500.080078125,45405,0.0,0.0
2019-04-19 00:00:00+09:00,4500.079817012032,4578.342074699198,4480.51425259024,4573.45068359375,22540,0.0,0.0
2019-04-22 00:00:00+09:00,4573.450818906921,4583.233601407257,4514.754123904907,4553.88525390625,18730,0.0,0.0
2019-04-23 00:00:00+09:00,4553.885314809009,4573.450880071347,4485.405836390828,4509.86279296875,19239,0.0,0.0
2019-04-24 00:00:00+09:00,4558.77663775027,4597.907767688041,4495.188551601394,4519.6455078125,30260,0.0,0.0
2019-04-25 00:00:00+09:00,4553.885162353516,4553.885162353516,4426.708992405942,4460.94873046875,25837,0.0,0.0
2019-04-26 00:00:00+09:00,4416.925982114862,4460.9485002090305,4304.423991429766,4387.57763671875,45476,0.0,0.0
2019-04-29 00:00:00+09:00,4387.578334884814,4421.81807662862,4333.773026430262,4392.4697265625,22691,0.0,0.0
2019-04-30 00:00:00+09:00,4402.2520958783225,4416.92626953125,4333.772618831326,4416.92626953125,11958,0.0,0.0
2019-05-02 00:00:00+09:00,4495.188605085868,4495.188605085868,4358.2296486741125,4441.38330078125,25615,0.0,0.0
2019-05-03 00:00:00+09:00,4441.383157803867,4475.622895804558,4363.120899516574,4426.708984375,24024,0.0,0.0
2019-05-07 00:00:00+09:00,4333.772536563552,4421.817576809764,4314.206972064394,4358.2294921875,21234,0.0,0.0
2019-05-08 00:00:00+09:00,4358.2296486741125,4441.38330078125,4328.881300871592,4441.38330078125,22955,0.0,0.0
2019-05-09 00:00:00+09:00,4509.862986765521,4803.346478312084,4382.686807095343,4412.03515625,714296,0.0,0.0
2019-05-10 00:00:00+09:00,4475.622819010417,4480.514210069444,4358.2294335937495,4402.251953125,112706,0.0,0.0
2019-05-13 00:00:00+09:00,4402.252287124858,4436.49202713583,4260.401935650835,4319.0986328125,110616,0.0,0.0
2019-05-14 00:00:00+09:00,4255.510759587278,4465.840601727798,4216.379626165785,4392.4697265625,91105,0.0,0.0
2019-05-15 00:00:00+09:00,4392.46947980795,4617.473484341542,4382.686697002141,4568.5595703125,319580,0.0,0.0
2019-05-16 00:00:00+09:00,4593.0162563445465,4617.473211916136,4470.731478486598,4607.6904296875,119811,0.0,0.0
2019-05-17 00:00:00+09:00,4617.47371939433,4788.672427210857,4583.233977831024,4744.64990234375,350886,0.0,0.0
2019-05-20 00:00:00+09:00,4842.477444850558,5038.133099187954,4656.604573230031,4715.30126953125,713971,0.0,0.0
2019-05-21 00:00:00+09:00,4666.387669613487,5126.1784882127195,4666.387669613487,5018.56787109375,478256,0.0,0.0
2019-05-22 00:00:00+09:00,5135.96098058364,5214.223243144914,4930.522541360294,4989.21923828125,352667,0.0,0.0
2019-05-23 00:00:00+09:00,4920.739808292064,5126.178249592527,4832.694762020436,4876.71728515625,289684,0.0,0.0
2019-05-24 00:00:00+09:00,4876.716940974987,4876.716940974987,4553.885127430002,4607.6904296875,412280,0.0,0.0
2019-05-27 00:00:00+09:00,4744.64990234375,4852.260518685567,4656.6048526095365,4744.64990234375,310201,0.0,0.0
2019-05-28 00:00:00+09:00,4783.780841619318,4862.043104876894,4627.256315104167,4842.4775390625,156242,0.0,0.0
2019-05-29 00:00:00+09:00,4754.43245010295,4808.237755608229,4568.559576539254,4602.79931640625,188980,0.0,0.0
2019-05-30 00:00:00+09:00,4597.908110529217,4627.256460170893,4431.600795893054,4436.4921875,126854,0.0,0.0
2019-05-31 00:00:00+09:00,4436.49211387888,4495.188812188193,4353.3384579406875,4412.03515625,80301,0.0,0.0
2019-06-03 00:00:00+09:00,4412.035076149929,4412.035076149929,4304.424464536517,4353.33837890625,84739,0.0,0.0
2019-06-04 00:00:00+09:00,4402.252156302433,4402.252156302433,4348.446852169847,4372.90380859375,39700,0.0,0.0
2019-06-05 00:00:00+09:00,4402.251970220186,4509.86257393668,4358.229450517984,4470.7314453125,71407,0.0,0.0
2019-06-07 00:00:00+09:00,4509.86243872549,4524.5366115196075,4426.708792892156,4490.296875,67825,0.0,0.0
2019-06-10 00:00:00+09:00,4490.296960055443,4568.559216439852,4446.274440839214,4548.99365234375,74946,0.0,0.0
2019-06-11 00:00:00+09:00,4563.668111165364,4593.016459147136,4509.862806532118,4578.34228515625,100980,0.0,0.0
2019-06-12 00:00:00+09:00,4578.34247918941,4578.34247918941,4451.166299211927,4480.5146484375,75698,0.0,0.0
2019-06-13 00:00:00+09:00,4480.514586148649,4548.994066722973,4451.166237331081,4524.537109375,67043,0.0,0.0
2019-06-14 00:00:00+09:00,4524.536959955601,4544.102525187841,4441.383307718579,4475.623046875,43407,0.0,0.0
2019-06-17 00:00:00+09:00,4456.057196051636,4519.645278981023,4426.708850084227,4446.2744140625,48852,0.0,0.0
2019-06-18 00:00:00+09:00,4446.274816208743,4475.623164830583,4348.446987469277,4353.33837890625,112975,0.0,0.0
2019-06-19 00:00:00+09:00,4363.12088331229,4377.795056686658,4333.772536563552,4358.2294921875,30329,0.0,0.0
2019-06-20 00:00:00+09:00,4392.469171006945,4446.27447265625,4353.338042534722,4402.251953125,52212,0.0,0.0
2019-06-21 00:00:00+09:00,4431.600722353104,4441.383505404657,4377.795415569568,4412.03515625,49922,0.0,0.0
2019-06-24 00:00:00+09:00,4412.035013947789,4426.709188051828,4353.338317531632,4397.36083984375,21304,0.0,0.0
2019-06-25 00:00:00+09:00,4368.012627116795,4431.600716873254,4333.772886478701,4377.79541015625,63853,0.0,0.0
2019-06-26 00:00:00+09:00,4363.121303716405,4412.035219677351,4333.772954139838,4368.0126953125,47344,0.0,0.0
2019-06-27 00:00:00+09:00,4407.1434638959745,4407.1434638959745,4279.967292906746,4314.20703125,71505,0.0,0.0
2019-06-28 00:00:00+09:00,4314.207166945473,4343.555515019932,4255.510470796555,4294.6416015625,48208,0.0,0.0
2019-07-01 00:00:00+09:00,4358.2296347394085,4382.68659116331,4279.967374182921,4372.90380859375,37116,0.0,0.0
2019-07-02 00:00:00+09:00,4372.903944654144,4397.36090183901,4314.207247410463,4353.33837890625,55740,0.0,0.0
2019-07-03 00:00:00+09:00,4372.90380859375,4387.5779824480915,4279.967374182921,4372.90380859375,34219,0.0,0.0
2019-07-04 00:00:00+09:00,4382.686995967742,4397.361171177456,4240.836635607179,4245.72802734375,83795,0.0,0.0
2019-07-05 00:00:00+09:00,4226.1619664634145,4353.338136750508,4143.008316660315,4211.48779296875,45608,0.0,0.0
2019-07-08 00:00:00+09:00,4167.46533618431,4240.836204779104,4015.832207755069,4025.614990234375,69718,0.0,0.0
2019-07-09 00:00:00+09:00,4030.5063319830247,4103.87719967689,3937.5698995707944,3962.02685546875,70362,0.0,0.0
2019-07-10 00:00:00+09:00,3962.0273577341886,4103.8777199246715,3952.2445741348447,4098.986328125,65014,0.0,0.0
2019-07-11 00:00:00+09:00,4138.116901506696,4147.899683779761,4074.528816731771,4108.7685546875,14805,0.0,0.0
2019-07-12 00:00:00+09:00,4108.7685805100655,4108.7685805100655,4025.6149306664097,4069.637451171875,23856,0.0,0.0
2019-07-15 00:00:00+09:00,4040.289266149009,4064.746222965892,4001.158135241997,4010.94091796875,26964,0.0,0.0
2019-07-16 00:00:00+09:00,3996.26674387862,4098.985962509528,3966.918395698361,4010.94091796875,21568,0.0,0.0
2019-07-17 00:00:00+09:00,4010.940890842014,4010.940890842014,3864.1991509331597,3873.98193359375,50100,0.0,0.0
2019-07-18 00:00:00+09:00,3873.9820415554336,3932.678739154758,3790.8283866230568,3893.547607421875,32796,0.0,0.0
2019-07-19 00:00:00+09:00,3893.547445467203,3957.1355318881497,3883.7646629409037,3952.244140625,15259,0.0,0.0
2019-07-22 00:00:00+09:00,3952.244261217464,4094.0946121770016,3927.7873041554744,4040.289306640625,27924,0.0,0.0
2019-07-23 00:00:00+09:00,3996.26688170834,4059.8549716253638,3766.3714797006387,3781.045654296875,154352,0.0,0.0
2019-07-24 00:00:00+09:00,3825.0679233640667,3829.959314570415,3737.0228816498043,3746.8056640625,46523,0.0,0.0
2019-07-25 00:00:00+09:00,3746.805799909777,3795.719713746719,3609.8468411663384,3727.240234375,72382,0.0,0.0
2019-07-26 00:00:00+09:00,3746.805675219464,3746.805675219464,3521.8016790574598,3639.195068359375,79655,0.0,0.0
2019-07-29 00:00:00+09:00,3639.195243043208,3639.195243043208,3428.8654104479688,3438.648193359375,106569,0.0,0.0
2019-07-30 00:00:00+09:00,3379.9513336509785,3688.1089805685065,3379.9513336509785,3639.195068359375,112935,0.0,0.0
2019-07-31 00:00:00+09:00,3634.3039083345125,3785.9370458289536,3521.801903096701,3781.045654296875,91039,0.0,0.0
2019-08-01 00:00:00+09:00,3766.371337890625,3839.7422081092736,3717.457424411526,3766.371337890625,151012,0.0,0.0
2019-08-02 00:00:00+09:00,3766.371228887892,3800.610967332327,3688.108969586325,3746.8056640625,54901,0.0,0.0
2019-08-05 00:00:00+09:00,3688.109163869938,3741.9144699741414,3467.9965479891066,3472.887939453125,143166,0.0,0.0
2019-08-06 00:00:00+09:00,3467.9965014683467,3639.195200412482,3326.1461509146343,3409.2998046875,110633,0.0,0.0
2019-08-07 00:00:00+09:00,3423.973898285801,3531.5845065176404,3423.973898285801,3526.693115234375,34170,0.0,0.0
2019-08-08 00:00:00+09:00,3560.9329418285474,3658.7607699007604,3526.6932020032727,3619.629638671875,22612,0.0,0.0
2019-08-09 00:00:00+09:00,3619.629604735999,3663.6521269557607,3590.2812565894906,3624.52099609375,31824,0.0,0.0
2019-08-12 00:00:00+09:00,3624.5209552375636,3634.3037378427935,3502.236172672194,3595.172607421875,21298,0.0,0.0
2019-08-13 00:00:00+09:00,3595.172668961454,3595.172668961454,3507.127624007296,3551.150146484375,17918,0.0,0.0
2019-08-14 00:00:00+09:00,3590.2813864511986,3600.0641695205477,3541.367471104452,3570.7158203125,30744,0.0,0.0
2019-08-16 00:00:00+09:00,3531.584677243366,3546.258851802549,3438.6482383685407,3502.236328125,45199,0.0,0.0
2019-08-19 00:00:00+09:00,3482.6706944202647,3531.58460866774,3482.6706944202647,3512.01904296875,19151,0.0,0.0
2019-08-20 00:00:00+09:00,3512.0191271094814,3614.7383494901205,3512.0191271094814,3604.95556640625,31076,0.0,0.0
2019-08-21 00:00:00+09:00,3604.955396955547,3688.109049259813,3531.5845272753118,3629.412353515625,40160,0.0,0.0
2019-08-22 00:00:00+09:00,3600.0639861294585,3737.022942123514,3600.0639861294585,3702.783203125,40051,0.0,0.0
2019-08-23 00:00:00+09:00,3697.891879656457,3732.131619282906,3648.9779659043875,3693.00048828125,57565,0.0,0.0
2019-08-26 00:00:00+09:00,3619.6297651380714,3653.8695061596477,3512.019150498831,3531.584716796875,47713,0.0,0.0
2019-08-27 00:00:00+09:00,3536.4757710441213,3648.977766526853,3536.4757710441213,3580.498291015625,22264,0.0,0.0
2019-08-28 00:00:00+09:00,3619.629638671875,3639.1952042863177,3526.6932020032727,3619.629638671875,41595,0.0,0.0
2019-08-29 00:00:00+09:00,3609.846808642108,3668.5435047175893,3507.1275905100156,3556.04150390625,29757,0.0,0.0
2019-08-30 00:00:00+09:00,3585.3898248166456,3595.172607421875,3512.0189552774236,3595.172607421875,49194,0.0,0.0
2019-09-02 00:00:00+09:00,3624.5209552375636,3624.5209552375636,3556.0414770009565,3595.172607421875,33856,0.0,0.0
2019-09-03 00:00:00+09:00,3609.846918150436,3614.738309638445,3560.933003270349,3575.607177734375,22309,0.0,0.0
2019-09-04 00:00:00+09:00,3556.0414176038516,3707.674545452159,3541.367243941112,3639.195068359375,32407,0.0,0.0
2019-09-05 00:00:00+09:00,3653.8693237304688,3702.7832370334204,3595.1726277669272,3697.891845703125,33079,0.0,0.0
2019-09-06 00:00:00+09:00,3707.6747026681587,3746.8058340947355,3634.303831243327,3722.348876953125,31103,0.0,0.0
2019-09-09 00:00:00+09:00,3717.4574793808024,3727.240262221278,3663.652173758185,3688.109130859375,24778,0.0,0.0
2019-09-10 00:00:00+09:00,3717.457267285027,3717.457267285027,3629.4122267440657,3683.217529296875,19783,0.0,0.0
2019-09-11 00:00:00+09:00,3683.217807526284,3761.4800716968293,3663.652241483648,3678.326416015625,26395,0.0,0.0
2019-09-16 00:00:00+09:00,3678.3262395833335,3717.4573697916667,3663.6520657552082,3668.54345703125,22221,0.0,0.0
2019-09-17 00:00:00+09:00,3693.000420553996,3727.24015955251,3663.652072840984,3702.783203125,13617,0.0,0.0
2019-09-18 00:00:00+09:00,3697.891919811514,3732.131659809769,3668.5435712415815,3722.348876953125,14096,0.0,0.0
2019-09-19 00:00:00+09:00,3722.3487488741703,3825.067965334561,3707.6745750941145,3776.154052734375,69376,0.0,0.0
2019-09-20 00:00:00+09:00,3800.6110431359434,3800.6110431359434,3741.914347489056,3771.2626953125,12023,0.0,0.0
2019-09-23 00:00:00+09:00,3771.262688282273,3771.262688282273,3737.02294921875,3737.02294921875,9952,0.0,0.0
2019-09-24 00:00:00+09:00,3737.0230691036604,3825.068115234375,3707.6747203934224,3825.068115234375,90769,0.0,0.0
2019-09-25 00:00:00+09:00,4040.289063771566,4054.9632371266684,3697.89168548584,3756.58837890625,198823,0.0,0.0
2019-09-26 00:00:00+09:00,3771.262785003419,3785.936959264133,3668.5435651784233,3688.109130859375,27413,0.0,0.0
2019-09-27 00:00:00+09:00,3688.1089204380396,3717.457267285027,3604.955271038243,3683.217529296875,22378,0.0,0.0
2019-09-30 00:00:00+09:00,3683.2178710280327,3683.2178710280327,3565.8244727482547,3634.303955078125,22232,0.0,0.0
2019-10-01 00:00:00+09:00,3634.3038924196935,3683.217807526284,3614.738326377057,3678.326416015625,20792,0.0,0.0
2019-10-02 00:00:00+09:00,3658.760659922724,3673.4348336924677,3580.4983998174253,3600.06396484375,16852,0.0,0.0
2019-10-04 00:00:00+09:00,3570.7157862463664,3634.30387559048,3570.7157862463664,3575.607177734375,14723,0.0,0.0
2019-10-07 00:00:00+09:00,3570.715568405299,3619.629480301262,3536.475830078125,3536.475830078125,19707,0.0,0.0
2019-10-08 00:00:00+09:00,3565.824177215703,3565.824177215703,3502.236091750951,3536.475830078125,9395,0.0,0.0
2019-10-10 00:00:00+09:00,3565.8243890414583,3565.8243890414583,3492.453516838959,3541.367431640625,7780,0.0,0.0
2019-10-11 00:00:00+09:00,3551.150003646914,3556.0413948365103,3497.344700561355,3536.475830078125,7327,0.0,0.0
2019-10-14 00:00:00+09:00,3541.367162152066,3668.5433309586324,3521.8015977202867,3580.498291015625,27682,0.0,0.0
2019-10-15 00:00:00+09:00,3580.49850744299,3663.652161304371,3546.2587676177154,3619.629638671875,23518,0.0,0.0
2019-10-16 00:00:00+09:00,3663.652051179305,3663.652051179305,3600.06396484375,3600.06396484375,11504,0.0,0.0
2019-10-17 00:00:00+09:00,3600.0638554474044,3619.629419879184,3565.8241176917904,3580.498291015625,19591,0.0,0.0
2019-10-18 00:00:00+09:00,3619.629672699594,3658.760804296346,3570.7157582036534,3614.73828125,20839,0.0,0.0
2019-10-21 00:00:00+09:00,3590.281115027947,3614.7380708523883,3521.801638719512,3609.8466796875,30876,0.0,0.0
2019-10-22 00:00:00+09:00,3609.8467284506073,3673.434814453125,3546.25864244809,3673.434814453125,62312,0.0,0.0
2019-10-23 00:00:00+09:00,3766.371481699486,3947.3529684824484,3541.367471104452,3570.7158203125,144169,0.0,0.0
2019-10-24 00:00:00+09:00,3614.738388698162,3639.195346673116,3546.2589063682917,3634.303955078125,22282,0.0,0.0
2019-10-25 00:00:00+09:00,3673.4349162871827,3673.4349162871827,3575.607088955966,3658.7607421875,19284,0.0,0.0
2019-10-28 00:00:00+09:00,3639.1952105296186,3668.543559001632,3600.064079233601,3653.869384765625,24810,0.0,0.0
2019-10-29 00:00:00+09:00,3648.97802734375,3653.869418801315,3575.6071554802697,3648.97802734375,17269,0.0,0.0
2019-10-30 00:00:00+09:00,3648.9778090066056,3648.9778090066056,3580.4983326981705,3609.8466796875,14312,0.0,0.0
2019-10-31 00:00:00+09:00,3644.0867631513993,3644.0867631513993,3507.1277975564476,3560.93310546875,37911,0.0,0.0
2019-11-01 00:00:00+09:00,3556.041443534519,3604.955356100331,3556.041443534519,3600.06396484375,9141,0.0,0.0
2019-11-04 00:00:00+09:00,3619.629741032056,3619.629741032056,3546.2588679030277,3604.95556640625,8638,0.0,0.0
2019-11-05 00:00:00+09:00,3604.9553900271044,3604.9553900271044,3565.8242596061864,3595.172607421875,5752,0.0,0.0
2019-11-06 00:00:00+09:00,3648.978090283667,3673.4350479933432,3570.7158256127036,3604.95556640625,7301,0.0,0.0
2019-11-07 00:00:00+09:00,3653.869242022114,3653.869242022114,3575.606982487504,3639.195068359375,18839,0.0,0.0
2019-11-08 00:00:00+09:00,3600.0638973577234,3668.5433736661585,3570.7155503683944,3609.8466796875,13455,0.0,0.0
2019-11-11 00:00:00+09:00,3658.7607699007604,3668.5435527079817,3600.064073057433,3619.629638671875,7921,0.0,0.0
2019-11-12 00:00:00+09:00,3619.6295034757222,3668.5434156848537,3604.955329812983,3639.195068359375,8920,0.0,0.0
2019-11-13 00:00:00+09:00,3653.8694128467523,3653.8694128467523,3585.3899325524358,3614.73828125,6198,0.0,0.0
2019-11-14 00:00:00+09:00,3639.1952262931036,3639.1952262931036,3546.2587890625,3546.2587890625,19544,0.0,0.0
2019-11-15 00:00:00+09:00,3560.9329975612914,3614.7383038431244,3512.0190827596252,3541.367431640625,18395,0.0,0.0
2019-11-18 00:00:00+09:00,3541.3673231336807,3604.9554104275176,3463.1050618489585,3521.8017578125,20470,0.0,0.0
2019-11-19 00:00:00+09:00,3521.8017785904253,3560.9329094636523,3443.5395168439713,3448.430908203125,34958,0.0,0.0
2019-11-20 00:00:00+09:00,3448.430908203125,3507.1276045129653,3409.299777329898,3448.430908203125,18304,0.0,0.0
2019-11-21 00:00:00+09:00,3448.4309990461484,3448.4309990461484,3340.8203863099566,3365.27734375,23077,0.0,0.0
2019-11-22 00:00:00+09:00,3326.1461318879437,3370.168654221755,3262.558044072439,3306.58056640625,22031,0.0,0.0
2019-11-25 00:00:00+09:00,3399.5169133438176,3399.5169133438176,3311.471870983834,3389.734130859375,8145,0.0,0.0
2019-11-26 00:00:00+09:00,3360.3858844259507,3419.0825810971464,3345.711710258152,3375.06005859375,29113,0.0,0.0
2019-11-27 00:00:00+09:00,3370.1686672044834,3414.1911897078803,3355.4944930366846,3375.06005859375,4657,0.0,0.0
2019-11-28 00:00:00+09:00,3375.06005859375,3419.0825810971464,3345.711710258152,3375.06005859375,3854,0.0,0.0
2019-11-29 00:00:00+09:00,3375.059983747719,3375.059983747719,3272.340766851049,3350.60302734375,22001,0.0,0.0
2019-12-02 00:00:00+09:00,3404.408281598772,3404.408281598772,3287.014892578125,3287.014892578125,19230,0.0,0.0
2019-12-03 00:00:00+09:00,3272.340741046063,3419.0824783127027,3262.5579585616206,3389.734130859375,26541,0.0,0.0
2019-12-04 00:00:00+09:00,3389.7342954123073,3404.4084698513216,3326.1462061765787,3331.03759765625,8426,0.0,0.0
2019-12-05 00:00:00+09:00,3311.4720097684312,3433.7567959489493,3311.4720097684312,3404.408447265625,19162,0.0,0.0
2019-12-06 00:00:00+09:00,3404.4083924025635,3761.479962295361,3404.4083924025635,3482.670654296875,174986,0.0,0.0
2019-12-09 00:00:00+09:00,3497.345039185769,3521.8019975017532,3423.974164237816,3487.562255859375,41972,0.0,0.0
2019-12-10 00:00:00+09:00,3482.670716460704,3482.670716460704,3438.648193359375,3438.648193359375,16738,0.0,0.0
2019-12-11 00:00:00+09:00,3433.756591796875,3521.8016326121797,3419.0824183276577,3433.756591796875,10821,0.0,0.0
2019-12-12 00:00:00+09:00,3409.2998504208845,3492.453505309199,3409.2998504208845,3472.887939453125,7870,0.0,0.0
2019-12-13 00:00:00+09:00,3472.88801286604,3521.8019285402097,3433.7568803267045,3497.344970703125,10945,0.0,0.0
2019-12-16 00:00:00+09:00,3458.2137312104433,3492.453471123418,3453.322339794304,3477.779296875,3806,0.0,0.0
2019-12-17 00:00:00+09:00,3443.539456407563,3516.910325507156,3423.9738913143383,3492.453369140625,4819,0.0,0.0
2019-12-18 00:00:00+09:00,3492.453622671274,3585.390063610706,3492.453622671274,3560.93310546875,23303,0.0,0.0
2019-12-19 00:00:00+09:00,3556.041443534519,3629.412312383237,3521.801704738451,3600.06396484375,35683,0.0,0.0
2019-12-20 00:00:00+09:00,3600.06399872449,3639.1951291454084,3546.258694395727,3595.172607421875,17173,0.0,0.0
2019-12-23 00:00:00+09:00,3590.2810732315147,3590.2810732315147,3531.5843799361764,3580.498291015625,22305,0.0,0.0
2019-12-24 00:00:00+09:00,3541.367262517147,3634.303696201989,3521.801697530864,3565.82421875,9175,0.0,0.0
2019-12-26 00:00:00+09:00,3565.8244287778252,3590.2813864511986,3526.693296500428,3570.7158203125,8519,0.0,0.0
2019-12-27 00:00:00+09:00,3521.801843707713,3619.629672699594,3516.9104522581188,3614.73828125,10010,0.0,0.0
2019-12-30 00:00:00+09:00,3619.6297011264537,3648.978050054506,3472.887956486192,3575.607177734375,4803,0.0,0.0
2020-01-02 00:00:00+09:00,3570.7156173042627,3609.846747356912,3570.7156173042627,3600.06396484375,20001,0.0,0.0
2020-01-03 00:00:00+09:00,3604.955356100331,3604.955356100331,3570.7156173042627,3600.06396484375,14037,0.0,0.0
2020-01-06 00:00:00+09:00,3619.629584418403,3619.629584418403,3472.887844509549,3521.8017578125,7931,0.0,0.0
2020-01-07 00:00:00+09:00,3570.7156711154516,3570.7156711154516,3512.0189751519097,3521.8017578125,4925,0.0,0.0
2020-01-08 00:00:00+09:00,3472.887844509549,3536.4759318033853,3345.711669921875,3345.711669921875,31090,0.0,0.0
2020-01-09 00:00:00+09:00,3423.9739788827114,3521.801806850789,3394.6256304922886,3409.2998046875,7993,0.0,0.0
2020-01-10 00:00:00+09:00,3438.6481188580096,3443.5395102077364,3404.4083794099215,3414.191162109375,3470,0.0,0.0
2020-01-13 00:00:00+09:00,3419.0825000410323,3492.453369140625,3360.3858047613576,3492.453369140625,18830,0.0,0.0
2020-01-14 00:00:00+09:00,3541.3672399143716,3541.3672399143716,3453.322198038047,3463.10498046875,19183,0.0,0.0
2020-01-15 00:00:00+09:00,3463.1051565250878,3502.236288237236,3419.0826333489217,3472.887939453125,12902,0.0,0.0
2020-01-16 00:00:00+09:00,3472.887939453125,3502.236288237236,3423.97402481294,3472.887939453125,25186,0.0,0.0
2020-01-17 00:00:00+09:00,3472.8879335492975,3482.670716460704,3423.9740189922654,3438.648193359375,20247,0.0,0.0
2020-01-20 00:00:00+09:00,3502.23632261548,3502.23632261548,3433.7568414470206,3467.99658203125,7936,0.0,0.0
2020-01-21 00:00:00+09:00,3467.9962619434705,3467.9962619434705,3423.973742398349,3443.539306640625,14148,0.0,0.0
2020-01-22 00:00:00+09:00,3482.670722381162,3492.453505309199,3428.8654162769585,3472.887939453125,11966,0.0,0.0
2020-01-23 00:00:00+09:00,3472.887844509549,3526.6931491427954,3448.4308878580728,3521.8017578125,18074,0.0,0.0
2020-01-28 00:00:00+09:00,3463.104999492695,3463.104999492695,3316.363262226055,3389.734130859375,20795,0.0,0.0
2020-01-29 00:00:00+09:00,3389.7342729239626,3458.213753185053,3326.146184110093,3404.408447265625,14756,0.0,0.0
2020-01-30 00:00:00+09:00,3404.408447265625,3414.1912301600664,3331.037575557314,3404.408447265625,18158,0.0,0.0
2020-01-31 00:00:00+09:00,3404.40847565407,3443.53960755814,3331.037603333939,3365.27734375,21627,0.0,0.0
2020-02-03 00:00:00+09:00,3365.27733801395,3389.7342954123073,3267.4495084205214,3331.03759765625,23994,0.0,0.0
2020-02-04 00:00:00+09:00,3331.037328357447,3375.0598481154752,3321.2545461889968,3370.16845703125,17965,0.0,0.0
2020-02-05 00:00:00+09:00,3375.060148612081,3512.0191111644554,3375.060148612081,3502.236328125,30259,0.0,0.0
2020-02-06 00:00:00+09:00,3507.1277141275123,3570.7158037839386,3326.146228182299,3467.99658203125,43725,0.0,0.0
2020-02-07 00:00:00+09:00,3467.9964866160685,3521.801791768081,3467.9964866160685,3516.910400390625,15670,0.0,0.0
2020-02-10 00:00:00+09:00,3516.910542073342,3551.1502830949184,3482.670801051766,3531.584716796875,9765,0.0,0.0
2020-02-11 00:00:00+09:00,3531.5846880351023,3580.498603381849,3502.2363388270546,3570.7158203125,24771,0.0,0.0
2020-02-12 00:00:00+09:00,3570.7157862463664,3595.17274368641,3536.4760458303053,3575.607177734375,15964,0.0,0.0
2020-02-13 00:00:00+09:00,3570.7157805216248,3575.6071720017912,3521.8018657199586,3541.367431640625,5510,0.0,0.0
2020-02-14 00:00:00+09:00,3521.8017578125,3541.3673231336807,3463.1050618489585,3521.8017578125,23485,0.0,0.0
2020-02-17 00:00:00+09:00,3531.584574522992,3531.584574522992,3492.453443503347,3516.910400390625,10327,0.0,0.0
2020-02-18 00:00:00+09:00,3492.453437033664,3521.801785244031,3482.670654296875,3482.670654296875,8271,0.0,0.0
2020-02-19 00:00:00+09:00,3502.2361644237717,3502.2361644237717,3360.385816982027,3384.8427734375,39310,0.0,0.0
2020-02-20 00:00:00+09:00,3404.4082736137216,3404.4082736137216,3213.644016902608,3252.775146484375,58439,0.0,0.0
2020-02-21 00:00:00+09:00,3242.9924229775706,3252.7752055506553,2998.4228586504537,3032.66259765625,85687,0.0,0.0
2020-02-24 00:00:00+09:00,2969.074564750621,3022.8798698778974,2890.81230274731,2954.400390625,57548,0.0,0.0
2020-02-25 00:00:00+09:00,2876.138128621689,3017.9884785026907,2876.138128621689,2954.400390625,25912,0.0,0.0
2020-02-26 00:00:00+09:00,2934.834691097862,3022.879731830798,2934.834691097862,2973.9658203125,5552,0.0,0.0
2020-02-27 00:00:00+09:00,3027.771308293026,3184.2958347314375,2949.50904507382,3017.988525390625,65613,0.0,0.0
2020-02-28 00:00:00+09:00,3017.988289046087,3017.988289046087,2837.006819524685,2910.377685546875,46608,0.0,0.0
2020-03-02 00:00:00+09:00,2910.3778956880506,2949.509027058646,2856.5725900534817,2915.269287109375,11838,0.0,0.0
2020-03-03 00:00:00+09:00,3037.5538622073555,3037.5538622073555,2934.8346494757056,2944.617431640625,13207,0.0,0.0
2020-03-04 00:00:00+09:00,2925.052153995173,3057.1197261655234,2925.052153995173,3008.205810546875,9655,0.0,0.0
2020-03-05 00:00:00+09:00,3008.2057365042265,3008.2057365042265,2959.2918220895235,2983.748779296875,5117,0.0,0.0
2020-03-06 00:00:00+09:00,2973.9660986408567,2973.9660986408567,2920.1607909351833,2969.07470703125,10528,0.0,0.0
2020-03-09 00:00:00+09:00,2969.07470703125,2969.07470703125,2969.07470703125,2969.07470703125,0,0.0,0.0
2020-03-10 00:00:00+09:00,2827.22421651491,2827.22421651491,2665.808301039145,2778.310302734375,26218,0.0,0.0
2020-03-11 00:00:00+09:00,2778.310439522385,2812.550180854527,2670.6998239070813,2758.744873046875,31111,0.0,0.0
2020-03-12 00:00:00+09:00,2660.9169941367263,2729.3964756034807,2450.587158203125,2450.587158203125,85874,0.0,0.0
2020-03-13 00:00:00+09:00,2108.1897033970104,2294.0625774784176,2039.7102234722818,2142.429443359375,95448,0.0,0.0
2020-03-16 00:00:00+09:00,2078.841354857841,2176.6691833217396,2078.841354857841,2142.429443359375,28315,0.0,0.0
2020-03-17 00:00:00+09:00,1966.3393147786458,2142.429402669271,1858.7287055121528,2113.0810546875,31417,0.0,0.0
2020-03-18 00:00:00+09:00,2093.5154145930915,2152.212108460187,2025.0359384148126,2088.6240234375,16111,0.0,0.0
2020-03-19 00:00:00+09:00,2044.6015671209582,2088.6240889010746,1535.8968709951696,1550.571044921875,84729,0.0,0.0
2020-03-20 00:00:00+09:00,1565.2452592879258,1663.073087993421,1511.4399534999034,1579.91943359375,115145,0.0,0.0
2020-03-23 00:00:00+09:00,1398.9377977073445,1428.2861431137921,1159.2596435546875,1159.2596435546875,501046,0.0,0.0
2020-03-24 00:00:00+09:00,1173.9339192708333,1320.6756591796875,1173.9339192708333,1232.630615234375,214144,0.0,0.0
2020-03-25 00:00:00+09:00,1359.8068071184537,1599.4849853515625,1242.4134136981556,1599.4849853515625,643194,0.0,0.0
2020-03-26 00:00:00+09:00,1814.7062515396256,1848.945992134713,1623.9419825098537,1628.8333740234375,397056,0.0,0.0
2020-03-27 00:00:00+09:00,1707.0955672079058,1721.7697411380598,1516.331306115905,1638.6160888671875,135638,0.0,0.0
2020-03-30 00:00:00+09:00,1570.136578151158,1653.2902287074498,1526.1140572684153,1643.5074462890625,86259,0.0,0.0
2020-03-31 00:00:00+09:00,1731.5525170475073,1809.8147777050217,1609.267734770141,1692.42138671875,229257,0.0,0.0
2020-04-01 00:00:00+09:00,1697.3126980174673,1809.8146924105558,1672.8557427146218,1721.7696533203125,144158,0.0,0.0
2020-04-02 00:00:00+09:00,1775.5750528971355,1809.8147922092014,1707.0955742730034,1760.90087890625,88587,0.0,0.0
2020-04-03 00:00:00+09:00,1775.5751047234785,1902.7512830232317,1775.5751047234785,1858.728759765625,115872,0.0,0.0
2020-04-06 00:00:00+09:00,1902.751263622824,2201.126140437714,1858.7287408140696,2142.429443359375,356425,0.0,0.0
2020-04-07 00:00:00+09:00,2186.4518705095566,2250.0399562290736,2142.4293496268137,2191.34326171875,132569,0.0,0.0
2020-04-08 00:00:00+09:00,2176.6691682235055,2269.605604619565,2171.777776834239,2250.0400390625,55108,0.0,0.0
2020-04-09 00:00:00+09:00,2254.931430451766,2298.953952955163,2215.800299337636,2250.0400390625,151275,0.0,0.0
2020-04-10 00:00:00+09:00,2279.3883873980976,2308.7367357336957,2054.3843834918475,2250.0400390625,160457,0.0,0.0
2020-04-13 00:00:00+09:00,2250.0398871527777,2250.0398871527777,2152.2120659722223,2201.1259765625,37044,0.0,0.0
2020-04-14 00:00:00+09:00,2171.7779310375863,2201.126281457013,2073.9500963061637,2122.864013671875,81762,0.0,0.0
2020-04-16 00:00:00+09:00,2147.320762260128,2303.8452825159916,2083.7326759061834,2294.0625,194503,0.0,0.0
2020-04-17 00:00:00+09:00,2338.0850905881957,2386.9990046172375,2186.4519570981665,2284.27978515625,89300,0.0,0.0
2020-04-20 00:00:00+09:00,2303.845337722475,2347.867860099338,2215.80029296875,2215.80029296875,50984,0.0,0.0
2020-04-21 00:00:00+09:00,2181.560586844925,2220.6917184475246,2054.3844091364767,2210.908935546875,120447,0.0,0.0
2020-04-22 00:00:00+09:00,2142.4293777081148,2352.759202460281,2103.298247521665,2328.30224609375,82569,0.0,0.0
2020-04-23 00:00:00+09:00,2377.2162218114295,2377.2162218114295,2250.0400453359207,2284.27978515625,51571,0.0,0.0
2020-04-24 00:00:00+09:00,2333.193763433065,2333.193763433065,2230.474541143559,2240.25732421875,13851,0.0,0.0
2020-04-27 00:00:00+09:00,2240.2573631549703,2284.2798877584523,2225.583188287143,2269.605712890625,30801,0.0,0.0
2020-04-28 00:00:00+09:00,2269.6056109475376,2298.9539593649624,2245.1486539330167,2284.27978515625,1616199,0.0,0.0
2020-04-29 00:00:00+09:00,2347.867973372781,2856.5727009368834,2347.867973372781,2479.935546875,1560460,0.0,0.0
2020-05-04 00:00:00+09:00,2445.6957612443066,2455.478544289284,2338.085147749557,2416.347412109375,165438,0.0,0.0
2020-05-06 00:00:00+09:00,2416.3472433147545,2470.1525463035446,2391.890287410759,2440.80419921875,37400,0.0,0.0
2020-05-07 00:00:00+09:00,2440.8041249962657,2592.437246990022,2416.347169835982,2558.197509765625,127349,0.0,0.0
2020-05-08 00:00:00+09:00,2612.0031349875712,2612.0031349875712,2509.2839105779476,2582.65478515625,48504,0.0,0.0
2020-05-11 00:00:00+09:00,2558.1977198942927,2656.0255485709386,2489.7182398206405,2563.089111328125,88847,0.0,0.0
2020-05-12 00:00:00+09:00,2563.0889684051103,2572.871750727267,2372.3247131230505,2548.414794921875,79750,0.0,0.0
2020-05-13 00:00:00+09:00,2435.9129939699637,2533.740825053095,2431.021602415807,2519.066650390625,57687,0.0,0.0
2020-05-14 00:00:00+09:00,2484.8268363204656,2538.632141831342,2431.0215308095894,2494.609619140625,31950,0.0,0.0
2020-05-15 00:00:00+09:00,2494.6095852189337,2572.871846715998,2470.152628501101,2499.5009765625,15650,0.0,0.0
2020-05-18 00:00:00+09:00,2523.958047099497,2558.1977880485215,2416.3474326882783,2553.306396484375,30325,0.0,0.0
2020-05-19 00:00:00+09:00,2553.3062273926707,2602.2201397948293,2523.9578799513756,2577.76318359375,14896,0.0,0.0
2020-05-20 00:00:00+09:00,2577.7631418883457,2577.7631418883457,2514.175056794326,2548.414794921875,33938,0.0,0.0
2020-05-21 00:00:00+09:00,2543.523573764535,2548.414965252544,2494.609658884448,2523.9580078125,60420,0.0,0.0
2020-05-22 00:00:00+09:00,2514.1752639712045,2612.0030952541306,2484.826914586327,2553.306396484375,66614,0.0,0.0
2020-05-25 00:00:00+09:00,2528.8493441244714,2827.224218382871,2528.8493441244714,2602.22021484375,390385,0.0,0.0
2020-05-26 00:00:00+09:00,2641.3512916286495,2724.504943402144,2533.740683451186,2680.482421875,145167,0.0,0.0
2020-05-27 00:00:00+09:00,2680.482607144836,2890.812446756566,2641.3514741938166,2758.744873046875,105542,0.0,0.0
2020-05-28 00:00:00+09:00,2792.984550968723,2817.4415085078535,2563.0891501008946,2802.767333984375,105827,0.0,0.0
2020-05-29 00:00:00+09:00,2802.767205643327,2920.1605964556134,2729.3963363856487,2856.572509765625,96111,0.0,0.0
2020-06-01 00:00:00+09:00,2920.160467683167,2925.051858751313,2832.1154284565387,2910.377685546875,73805,0.0,0.0
2020-06-02 00:00:00+09:00,2881.0294801846,2934.834784568353,2822.332784493233,2925.052001953125,78805,0.0,0.0
2020-06-03 00:00:00+09:00,2925.0521777343747,2978.8574853515624,2846.7899121093747,2934.8349609375,35231,0.0,0.0
2020-06-04 00:00:00+09:00,2934.834929435484,2983.7488449260754,2729.396484375,2729.396484375,108188,0.0,0.0
2020-06-05 00:00:00+09:00,2729.396395210598,2822.3328316066577,2729.396395210598,2812.550048828125,23402,0.0,0.0
2020-06-08 00:00:00+09:00,2778.3103764452444,3057.119692391334,2768.527593429592,2802.767333984375,374958,0.0,0.0
2020-06-09 00:00:00+09:00,2778.3101678594844,2876.137990671438,2729.3962564535072,2797.875732421875,47116,0.0,0.0
2020-06-10 00:00:00+09:00,2773.418810201401,2797.8757661996497,2704.9393334063047,2792.984375,34950,0.0,0.0
2020-06-11 00:00:00+09:00,2783.201508168884,2792.984290271411,2690.265078194879,2734.28759765625,34592,0.0,0.0
2020-06-12 00:00:00+09:00,2680.4822694005575,2680.4822694005575,2538.6319303264404,2631.568359375,126794,0.0,0.0
2020-06-15 00:00:00+09:00,2631.5687554907126,2631.5687554907126,2401.6733437656876,2435.9130859375,57737,0.0,0.0
2020-06-16 00:00:00+09:00,2435.9129989448634,2582.654745869253,2435.9129989448634,2553.306396484375,31433,0.0,0.0
2020-06-17 00:00:00+09:00,2553.306322344959,2567.9804966113093,2470.1526681689734,2528.849365234375,25380,0.0,0.0
2020-06-18 00:00:00+09:00,2528.84937718853,2597.328857421875,2504.392419962335,2597.328857421875,20349,0.0,0.0
2020-06-19 00:00:00+09:00,2616.894388987606,2670.6996941817433,2567.9804751747533,2602.22021484375,7008,0.0,0.0
2020-06-22 00:00:00+09:00,2631.5685218259864,2700.048000089116,2504.3923479087453,2572.871826171875,24271,0.0,0.0
2020-06-23 00:00:00+09:00,2514.1751437717016,2641.351318359375,2514.1751437717016,2641.351318359375,39993,0.0,0.0
2020-06-24 00:00:00+09:00,2690.2652174800974,2690.2652174800974,2567.980434867366,2572.871826171875,16131,0.0,0.0
2020-06-25 00:00:00+09:00,2621.7858085341127,2621.7858085341127,2533.740762725131,2563.089111328125,3700,0.0,0.0
2020-06-26 00:00:00+09:00,2553.306396484375,2553.306396484375,2504.392480842912,2553.306396484375,24495,0.0,0.0
2020-06-29 00:00:00+09:00,2538.63208704031,2626.677130521477,2514.175130517764,2572.871826171875,7106,0.0,0.0
2020-06-30 00:00:00+09:00,2572.871826171875,2572.871826171875,2523.9579131267824,2572.871826171875,10276,0.0,0.0
2020-07-01 00:00:00+09:00,2572.871769237895,2597.328725219244,2470.15255411623,2475.0439453125,12464,0.0,0.0
2020-07-02 00:00:00+09:00,2479.9355854235196,2563.0892441063597,2470.152802049068,2509.283935546875,13544,0.0,0.0
2020-07-03 00:00:00+09:00,2509.2837202879505,2734.287718598371,2475.0439814146257,2646.24267578125,79467,0.0,0.0
2020-07-06 00:00:00+09:00,2675.591201135906,2680.482592728476,2592.437544062212,2656.025634765625,41234,0.0,0.0
2020-07-07 00:00:00+09:00,2700.047945254843,2964.183070334121,2626.677077177266,2651.134033203125,350377,0.0,0.0
2020-07-08 00:00:00+09:00,2700.048089879587,2739.1792216169724,2626.67721787199,2665.808349609375,33835,0.0,0.0
2020-07-09 00:00:00+09:00,2700.0481984289618,2739.1793317395263,2636.460106799294,2685.3740234375,21287,0.0,0.0
2020-07-10 00:00:00+09:00,2597.3289356547825,2680.482592728476,2572.8719776919315,2656.025634765625,21473,0.0,0.0
2020-07-13 00:00:00+09:00,2656.0254923502603,2665.8082750108506,2567.9804484049478,2641.351318359375,38309,0.0,0.0
2020-07-14 00:00:00+09:00,2641.3514150943397,2641.3514150943397,2543.5235849056603,2592.4375,48114,0.0,0.0
2020-07-15 00:00:00+09:00,2592.437405056424,2670.699666341146,2592.437405056424,2641.351318359375,67940,0.0,0.0
2020-07-16 00:00:00+09:00,2675.5911960886488,2675.5911960886488,2597.32893075516,2621.785888671875,30374,0.0,0.0
2020-07-17 00:00:00+09:00,2621.785792983059,2675.5910984360694,2616.8944015782395,2670.69970703125,20823,0.0,0.0
2020-07-20 00:00:00+09:00,2675.5911325437214,2719.6136557482796,2597.3288690689506,2665.808349609375,30450,0.0,0.0
2020-07-21 00:00:00+09:00,2665.8083782515714,2665.8083782515714,2572.871939376746,2626.67724609375,87321,0.0,0.0
2020-07-22 00:00:00+09:00,2612.0029910714284,2621.785773809524,2563.0890773809524,2567.98046875,14415,0.0,0.0
2020-07-23 00:00:00+09:00,2567.9806102405896,2592.4375684333572,2479.9355607466264,2582.65478515625,56336,0.0,0.0
2020-07-24 00:00:00+09:00,2504.392441860465,2631.568620548692,2475.0440929324127,2523.9580078125,73155,0.0,0.0
2020-07-27 00:00:00+09:00,2514.175031752127,2592.437289549858,2514.175031752127,2587.5458984375,14784,0.0,0.0
2020-07-28 00:00:00+09:00,2646.242795012718,2646.242795012718,2509.2838333484738,2523.9580078125,36917,0.0,0.0
2020-07-29 00:00:00+09:00,2592.437246990022,2592.437246990022,2519.066381509172,2558.197509765625,12694,0.0,0.0
2020-07-30 00:00:00+09:00,2558.1976111778845,2558.1976111778845,2509.2836989182692,2543.5234375,27447,0.0,0.0
2020-07-31 00:00:00+09:00,2543.5234783448195,2582.654608780894,2543.5234783448195,2572.871826171875,13808,0.0,0.0
2020-08-03 00:00:00+09:00,2572.8718601190476,2592.437425595238,2533.740729166667,2567.98046875,17009,0.0,0.0
2020-08-04 00:00:00+09:00,2577.763285629622,2577.763285629622,2475.0440655191437,2563.089111328125,9035,0.0,0.0
2020-08-05 00:00:00+09:00,2523.9577725412287,2563.0889007976816,2484.8266442847753,2558.197509765625,23253,0.0,0.0
2020-08-06 00:00:00+09:00,2543.5237159802505,2553.3064995032514,2465.2614477962425,2538.63232421875,50692,0.0,0.0
2020-08-07 00:00:00+09:00,2538.632046274038,2563.0890024038463,2489.718134014423,2543.5234375,16086,0.0,0.0
2020-08-10 00:00:00+09:00,2543.5234037607966,2572.871750727267,2494.609492150012,2548.414794921875,11717,0.0,0.0
2020-08-11 00:00:00+09:00,2514.1752639712045,2567.980571176814,2514.1752639712045,2553.306396484375,15424,0.0,0.0
2020-08-12 00:00:00+09:00,2621.7858783824236,2626.6772699465696,2523.958047099497,2553.306396484375,14646,0.0,0.0
2020-08-13 00:00:00+09:00,2553.306396484375,2631.568661510716,2514.1752639712045,2553.306396484375,19584,0.0,0.0
2020-08-14 00:00:00+09:00,2553.3061860829534,2572.871750727267,2514.175056794326,2548.414794921875,24865,0.0,0.0
2020-08-18 00:00:00+09:00,2548.4147439791464,2616.8942188653423,2431.0213584599533,2484.82666015625,81168,0.0,0.0
2020-08-19 00:00:00+09:00,2509.2836809104847,2616.894287109375,2401.673074711595,2616.894287109375,71798,0.0,0.0
2020-08-20 00:00:00+09:00,2631.5683855797183,2734.28759765625,2538.6319556057133,2734.28759765625,173205,0.0,0.0
2020-08-21 00:00:00+09:00,2734.287914952488,2817.4415724734044,2592.4375580050423,2758.744873046875,103079,0.0,0.0
2020-08-24 00:00:00+09:00,2709.830847413748,2954.4004184799705,2709.830847413748,2915.269287109375,114573,0.0,0.0
2020-08-25 00:00:00+09:00,2910.3778154926913,3062.010945375504,2871.2466852003527,3032.66259765625,132945,0.0,0.0
2020-08-26 00:00:00+09:00,2993.53166015625,3228.3184570312496,2763.6362548828124,2934.8349609375,468122,0.0,0.0
2020-08-27 00:00:00+09:00,3223.426930054106,3717.4574610639156,2993.5315344356795,3022.8798828125,1780658,0.0,0.0
2020-08-28 00:00:00+09:00,2969.0745374891494,2988.64010281033,2797.8758409288193,2817.44140625,225770,0.0,0.0
2020-08-31 00:00:00+09:00,2817.44152676951,2851.681267546223,2695.15673828125,2695.15673828125,156662,0.0,0.0
2020-09-01 00:00:00+09:00,2695.156806765141,2734.287940075706,2646.2428901269354,2685.3740234375,115787,0.0,0.0
2020-09-02 00:00:00+09:00,2690.265177994323,2729.3963078560587,2685.3737867616064,2719.613525390625,43209,0.0,0.0
2020-09-03 00:00:00+09:00,2714.722083031714,2812.549905843668,2714.722083031714,2797.875732421875,90332,0.0,0.0
2020-09-04 00:00:00+09:00,2695.1565906121373,2846.789720029517,2695.1565906121373,2822.332763671875,67116,0.0,0.0
2020-09-07 00:00:00+09:00,2871.24671771146,2876.138109053388,2719.613586111707,2851.68115234375,91551,0.0,0.0
2020-09-08 00:00:00+09:00,2851.681288961302,2876.138246842617,2778.3104153173576,2832.11572265625,41522,0.0,0.0
2020-09-09 00:00:00+09:00,2773.418870593305,2827.2241749610766,2739.179131450178,2748.9619140625,58424,0.0,0.0
2020-09-10 00:00:00+09:00,2748.9617962015086,2837.0068359375,2748.9617962015086,2837.0068359375,38526,0.0,0.0
2020-09-11 00:00:00+09:00,2837.0071531116455,2905.4866361177887,2807.65880325187,2861.464111328125,52806,0.0,0.0
2020-09-14 00:00:00+09:00,2890.812197853031,3717.457310267857,2890.812197853031,3252.775146484375,9035380,0.0,0.0
2020-09-15 00:00:00+09:00,3218.535509590905,3267.449423110523,3042.4454209202777,3062.010986328125,776145,0.0,0.0
2020-09-16 00:00:00+09:00,3062.010892664112,3150.055934306211,3027.77115424774,3110.9248046875,672782,0.0,0.0
2020-09-17 00:00:00+09:00,3688.1091171934095,4040.2892981455657,3228.318325394762,3233.209716796875,6836114,0.0,0.0
2020-09-18 00:00:00+09:00,3257.666470231681,3326.1459455818967,3066.9022174703664,3120.70751953125,543579,0.0,0.0
2020-09-21 00:00:00+09:00,3120.7075612322883,3213.643993306604,3076.6850407760335,3150.055908203125,313380,0.0,0.0
2020-09-22 00:00:00+09:00,3150.0561242816093,3150.0561242816093,2949.50907289101,2978.857421875,203053,0.0,0.0
2020-09-23 00:00:00+09:00,2978.8571692178416,3071.793599784572,2827.2240456615964,2944.617431640625,112997,0.0,0.0
2020-09-24 00:00:00+09:00,2944.617510204909,2944.617510204909,2739.1790792603806,2827.22412109375,166599,0.0,0.0
2020-09-25 00:00:00+09:00,2871.246751922922,2900.5951003241785,2748.961966917687,2846.789794921875,65233,0.0,0.0
2020-09-28 00:00:00+09:00,2851.6809664736224,2934.834613866507,2788.0928831731817,2807.658447265625,76791,0.0,0.0
2020-09-29 00:00:00+09:00,2827.224095263172,2890.812180450752,2827.224095263172,2866.355224609375,61987,0.0,0.0
2020-10-05 00:00:00+09:00,2885.9209176171235,3008.205702261917,2881.0295262313316,2988.64013671875,140104,0.0,0.0
2020-10-06 00:00:00+09:00,2988.6400460485634,3419.082474939355,2934.8347424372146,3213.64404296875,512277,0.0,0.0
2020-10-07 00:00:00+09:00,3213.6442918892367,3277.2323829007437,3164.730375726539,3247.884033203125,169531,0.0,0.0
2020-10-08 00:00:00+09:00,3228.318466738046,3287.0151661332834,3184.295942191618,3247.884033203125,101922,0.0,0.0
2020-10-12 00:00:00+09:00,3321.254796993371,3321.254796993371,3150.056096117424,3228.318359375,81562,0.0,0.0
2020-10-13 00:00:00+09:00,3228.3181667920226,3267.4492960864713,3125.5989523940943,3150.055908203125,60060,0.0,0.0
2020-10-14 00:00:00+09:00,3150.0560029327685,3184.295742095081,3091.3593072259464,3101.14208984375,75796,0.0,0.0
2020-10-15 00:00:00+09:00,3101.1420372596153,3194.0784705528845,3032.662560096154,3179.404296875,115359,0.0,0.0
2020-10-16 00:00:00+09:00,3179.4044555083697,3228.3183702084984,3022.8799284679576,3086.468017578125,121520,0.0,0.0
2020-10-19 00:00:00+09:00,3086.468017578125,3145.1647152182795,3037.5541028779962,3086.468017578125,65025,0.0,0.0
2020-10-20 00:00:00+09:00,3086.4678359829877,3394.625480463064,3062.0108800718704,3360.3857421875,541578,0.0,0.0
2020-10-21 00:00:00+09:00,3272.340741046063,3404.408304586039,3164.7301337171943,3389.734130859375,427250,0.0,0.0
2020-10-22 00:00:00+09:00,3365.2772352430557,3365.2772352430557,3135.381842719184,3169.62158203125,184083,0.0,0.0
2020-10-23 00:00:00+09:00,3169.621413787328,3291.906190553814,3135.3816762927117,3194.078369140625,131142,0.0,0.0
2020-10-26 00:00:00+09:00,3189.187255859375,3360.385958244464,3120.707774905339,3189.187255859375,432031,0.0,0.0
2020-10-27 00:00:00+09:00,3184.295932617187,3184.295932617187,2885.921044921875,2934.8349609375,370637,0.0,0.0
2020-10-28 00:00:00+09:00,2929.9435741543966,2998.42305668889,2910.37800771597,2969.07470703125,66438,0.0,0.0
2020-10-29 00:00:00+09:00,2949.5088825193666,2949.5088825193666,2822.3327117971385,2900.594970703125,103176,0.0,0.0
2020-10-30 00:00:00+09:00,2900.594962787303,2954.400265638332,2866.355224609375,2866.355224609375,53048,0.0,0.0
2020-11-02 00:00:00+09:00,2822.332837920828,2905.486491724388,2817.4414465206187,2846.789794921875,57767,0.0,0.0
2020-11-03 00:00:00+09:00,2846.7898790102436,2939.726318359375,2846.7898790102436,2939.726318359375,28590,0.0,0.0
2020-11-04 00:00:00+09:00,2939.7261964984455,2939.7261964984455,2841.898369659895,2851.68115234375,65430,0.0,0.0
2020-11-05 00:00:00+09:00,2885.921006122422,2929.9435299446286,2856.572656907618,2905.486572265625,26662,0.0,0.0
2020-11-06 00:00:00+09:00,2905.4864297469862,2934.8347775222082,2866.3552993800236,2890.812255859375,30865,0.0,0.0
2020-11-09 00:00:00+09:00,2890.8124788915934,2998.423095703125,2890.8124788915934,2998.423095703125,38051,0.0,0.0
2020-11-10 00:00:00+09:00,2998.4228854709204,3047.3367987738716,2939.7261895073784,2993.531494140625,48695,0.0,0.0
2020-11-11 00:00:00+09:00,2998.4228987526208,3125.5990739036292,2973.9659419928116,3062.010986328125,98893,0.0,0.0
2020-11-12 00:00:00+09:00,3062.010952452153,3145.1646045155503,3047.3367785586124,3066.90234375,77748,0.0,0.0
2020-11-13 00:00:00+09:00,3066.9022174703664,3120.70751953125,2993.531351023707,3120.70751953125,56053,0.0,0.0
2020-11-16 00:00:00+09:00,3120.707695770264,3203.861349105835,3101.142130279541,3130.490478515625,73005,0.0,0.0
2020-11-17 00:00:00+09:00,3130.4904580152674,3301.689154937977,3027.7712398616413,3203.861328125,291206,0.0,0.0
2020-11-18 00:00:00+09:00,3174.5131589590787,3619.6297960396273,3154.9475924939998,3247.884033203125,855351,0.0,0.0
2020-11-19 00:00:00+09:00,3247.8838846282492,3267.449450198299,3169.6216223480506,3198.969970703125,91150,0.0,0.0
2020-11-20 00:00:00+09:00,3198.969970703125,3257.666667413274,3179.404405133075,3198.969970703125,78185,0.0,0.0
2020-11-23 00:00:00+09:00,3233.2094814277693,3316.363129210329,3203.861135151572,3267.44921875,81592,0.0,0.0
2020-11-24 00:00:00+09:00,3267.4495996682044,3321.2549074471717,3208.752900272967,3247.884033203125,49123,0.0,0.0
2020-11-25 00:00:00+09:00,3247.8839776295135,3282.1237183575354,3081.576665521978,3115.81640625,65111,0.0,0.0
2020-11-26 00:00:00+09:00,3115.81625105695,3208.752685546875,3096.2506859011764,3208.752685546875,40749,0.0,0.0
2020-11-27 00:00:00+09:00,3208.7527057332295,3228.3182710120905,3091.3593140600624,3135.3818359375,37046,0.0,0.0
2020-11-30 00:00:00+09:00,3101.142231652276,3115.81640625,3071.7938824568287,3115.81640625,27079,0.0,0.0
2020-12-01 00:00:00+09:00,3086.4679430879346,3115.8162911997056,2915.269245769269,3062.010986328125,63788,0.0,0.0
2020-12-02 00:00:00+09:00,3062.01109406002,3096.2508347284224,3032.6627449156745,3081.57666015625,36261,0.0,0.0
2020-12-03 00:00:00+09:00,3081.576620248648,3081.576620248648,3032.6627056415264,3052.228271484375,19572,0.0,0.0
2020-12-04 00:00:00+09:00,3052.2282939513034,3189.187255859375,2969.0746385071175,3189.187255859375,114428,0.0,0.0
2020-12-07 00:00:00+09:00,3179.4043922424316,3189.187174987793,3076.685173416138,3130.490478515625,55663,0.0,0.0
2020-12-08 00:00:00+09:00,3179.4043187057564,3316.363273973081,3159.8387536675673,3282.12353515625,202403,0.0,0.0
2020-12-09 00:00:00+09:00,3282.1235963758027,3345.7116839359896,3194.078552061698,3238.10107421875,126207,0.0,0.0
2020-12-10 00:00:00+09:00,3238.100972891212,3296.797667263863,3189.1870609140037,3252.775146484375,94880,0.0,0.0
2020-12-11 00:00:00+09:00,3247.883856920317,3247.883856920317,3154.9474212554287,3238.10107421875,41297,0.0,0.0
2020-12-14 00:00:00+09:00,3238.1009312168057,3282.1234514297234,3194.0784110038885,3223.4267578125,58999,0.0,0.0
2020-12-15 00:00:00+09:00,3223.4269963363927,3233.2097793298262,3145.1647323889233,3189.187255859375,31542,0.0,0.0
2020-12-16 00:00:00+09:00,3189.187174987793,3189.187174987793,3110.9249130249023,3130.490478515625,75662,0.0,0.0
2020-12-17 00:00:00+09:00,3130.490478515625,3218.535523223877,3130.490478515625,3130.490478515625,33188,0.0,0.0
2020-12-18 00:00:00+09:00,3130.4905578987727,3257.6667368134104,3106.0336004151886,3189.187255859375,82163,0.0,0.0
2020-12-21 00:00:00+09:00,3189.1871541030537,3247.88385019084,3150.056023377863,3203.861328125,41012,0.0,0.0
2020-12-22 00:00:00+09:00,3194.078403625978,3194.078403625978,3037.5538876749347,3047.336669921875,85761,0.0,0.0
2020-12-23 00:00:00+09:00,3017.988340678968,3047.3366875899465,2964.1830380088404,2973.9658203125,53295,0.0,0.0
2020-12-24 00:00:00+09:00,2973.9658203125,3008.2055583753086,2944.6174734015212,2973.9658203125,43229,0.0,0.0
2020-12-28 00:00:00+09:00,2973.9658879950493,3017.9884093633973,2939.726149153001,2964.18310546875,21530,0.0,0.0
2020-12-29 00:00:00+09:00,2964.183126495215,3066.90234375,2915.2692135167463,3066.90234375,43295,0.0,0.0
2020-12-30 00:00:00+09:00,3066.902390670776,3130.490478515625,3032.6626510620117,3130.490478515625,53434,0.0,0.0
2021-01-04 00:00:00+09:00,3125.599149338228,3125.599149338228,3052.228277288035,3086.468017578125,47326,0.0,0.0
2021-01-05 00:00:00+09:00,3086.468017578125,3125.599149338228,3017.9885369979447,3086.468017578125,52804,0.0,0.0
2021-01-06 00:00:00+09:00,3086.4680516803073,3106.0336177765375,3032.6627449156745,3081.57666015625,34063,0.0,0.0
2021-01-07 00:00:00+09:00,3052.2282101599526,3101.1421237843106,3032.6626447102094,3096.250732421875,44836,0.0,0.0
2021-01-08 00:00:00+09:00,3096.2506843813003,3096.2506843813003,3032.66259765625,3032.66259765625,51546,0.0,0.0
2021-01-11 00:00:00+09:00,3032.6625563034404,3032.6625563034404,2949.5089055660883,3003.314208984375,70538,0.0,0.0
2021-01-12 00:00:00+09:00,2993.5314673639114,3032.66259765625,2949.5089457850304,3032.66259765625,34759,0.0,0.0
2021-01-13 00:00:00+09:00,3032.66259765625,3071.7937279485886,3022.8798150831653,3032.66259765625,25232,0.0,0.0
2021-01-14 00:00:00+09:00,3032.6624965514643,3066.902234415755,3013.096932057584,3047.336669921875,25853,0.0,0.0
2021-01-15 00:00:00+09:00,3047.33684609375,3076.68519453125,3022.8798890625003,3057.11962890625,33596,0.0,0.0
2021-01-18 00:00:00+09:00,3057.119561154306,3130.4904306220096,2993.5314742822966,3066.90234375,110032,0.0,0.0
2021-01-19 00:00:00+09:00,3066.9022986778846,3228.3182091346152,3062.010907451923,3179.404296875,181095,0.0,0.0
2021-01-20 00:00:00+09:00,3213.644213342959,3218.5356048396757,3135.3819493954898,3189.187255859375,60439,0.0,0.0
2021-01-21 00:00:00+09:00,3189.187333807888,3252.775424819395,3135.3820260289203,3247.884033203125,113933,0.0,0.0
2021-01-22 00:00:00+09:00,3247.883713486343,3252.7751046211115,3208.7525844081943,3223.4267578125,55630,0.0,0.0
2021-01-25 00:00:00+09:00,3223.4266993357037,3311.4717381642963,3218.5353082896704,3267.44921875,105558,0.0,0.0
2021-01-26 00:00:00+09:00,3306.580476479262,3306.580476479262,3198.969869256564,3213.64404296875,66423,0.0,0.0
2021-01-27 00:00:00+09:00,3213.6441850142046,3257.666708096591,3184.295836292614,3228.318359375,68729,0.0,0.0
2021-01-28 00:00:00+09:00,3218.535564410797,3218.535564410797,3096.250778528928,3159.8388671875,310685,0.0,0.0
2021-01-29 00:00:00+09:00,3619.6293740643714,4089.202914483533,3184.29557096744,3267.44921875,10412604,0.0,0.0
2021-02-01 00:00:00+09:00,3228.3184917902545,3252.775450061393,3062.011175546514,3174.51318359375,663397,0.0,0.0
2021-02-02 00:00:00+09:00,3262.5580810164806,3262.5580810164806,3076.6852068356316,3125.59912109375,408983,0.0,0.0
2021-02-03 00:00:00+09:00,3130.490451388889,3223.4268866644966,3101.142103407118,3169.62158203125,232147,0.0,0.0
2021-02-04 00:00:00+09:00,3169.6215249594156,3629.4123017282195,3159.8387424749726,3389.734130859375,1146106,0.0,0.0
2021-02-05 00:00:00+09:00,3448.430833217076,3463.1050069754465,3287.0149218750003,3423.973876953125,321609,0.0,0.0
2021-02-08 00:00:00+09:00,3404.4084698513216,3419.082644290336,3291.9064658188786,3331.03759765625,160847,0.0,0.0
2021-02-09 00:00:00+09:00,3331.0376622419276,3546.258891520408,3267.449571773286,3531.584716796875,340350,0.0,0.0
2021-02-10 00:00:00+09:00,3531.584561308732,3590.2812576185725,3404.408385970745,3448.430908203125,255984,0.0,0.0
2021-02-15 00:00:00+09:00,3502.236178735836,3502.236178735836,3428.865309069582,3453.322265625,98814,0.0,0.0
2021-02-16 00:00:00+09:00,3453.3222459853937,3526.693115234375,3409.2997244360045,3526.693115234375,143474,0.0,0.0
2021-02-17 00:00:00+09:00,3619.6296323435367,3624.5210237385954,3521.80180444236,3585.389892578125,194501,0.0,0.0
2021-02-18 00:00:00+09:00,3585.3898861887697,3678.32632252927,3492.4534498482694,3551.150146484375,166466,0.0,0.0
2021-02-19 00:00:00+09:00,3531.5845809390066,3609.8468431204806,3472.887884302901,3551.150146484375,150997,0.0,0.0
2021-02-22 00:00:00+09:00,3536.4758681260146,3653.869257939326,3326.146044710498,3389.734130859375,290076,0.0,0.0
2021-02-23 00:00:00+09:00,3335.9288014889444,3438.6480167840587,3287.014889443652,3428.865234375,90204,0.0,0.0
2021-02-24 00:00:00+09:00,3443.539474924585,3448.4308662241942,3218.535475142581,3242.992431640625,93561,0.0,0.0
2021-02-25 00:00:00+09:00,3282.123688453852,3365.27734375,3184.2958586936775,3365.27734375,104591,0.0,0.0
2021-02-26 00:00:00+09:00,3257.6667769875567,3301.689301000902,3203.8614698601345,3218.53564453125,77242,0.0,0.0
2021-03-02 00:00:00+09:00,3223.427051212721,3331.037665972478,3218.535659632732,3321.2548828125,101670,0.0,0.0
2021-03-03 00:00:00+09:00,3287.0147671120058,3360.3856324493277,3228.3180748421487,3340.820068359375,79290,0.0,0.0
2021-03-04 00:00:00+09:00,3340.820346507858,3370.168695086258,3233.209735053725,3335.928955078125,37191,0.0,0.0
2021-03-05 00:00:00+09:00,3277.2321101597377,3335.9288046700613,3203.8612420218333,3287.014892578125,98499,0.0,0.0
2021-03-08 00:00:00+09:00,3287.015034722222,3335.928948929398,3272.3408604600695,3301.689208984375,46861,0.0,0.0
2021-03-09 00:00:00+09:00,3301.689141187569,3335.9288804295143,3189.1871408211778,3311.471923828125,55007,0.0,0.0
2021-03-10 00:00:00+09:00,3311.4719511981502,3345.7116907230943,3247.8838635089687,3272.3408203125,42568,0.0,0.0
2021-03-11 00:00:00+09:00,3272.340718950544,3326.1460222516744,3272.340718950544,3287.014892578125,21107,0.0,0.0
2021-03-12 00:00:00+09:00,3296.7979249125556,3326.146274392489,3287.0151417525776,3321.2548828125,24368,0.0,0.0
2021-03-15 00:00:00+09:00,3335.9288390112706,3340.820230270818,3218.535448782135,3282.12353515625,70331,0.0,0.0
2021-03-16 00:00:00+09:00,3335.928846331121,3335.928846331121,3267.4493685471975,3316.36328125,40051,0.0,0.0
2021-03-17 00:00:00+09:00,3316.363196239883,3414.191019137815,3296.797631660297,3399.516845703125,58650,0.0,0.0
2021-03-18 00:00:00+09:00,3375.06005859375,3399.5170155400815,3316.3633619225543,3375.06005859375,61204,0.0,0.0
2021-03-19 00:00:00+09:00,3301.689141187569,3340.820271749792,3228.3182713834008,3311.471923828125,58164,0.0,0.0
2021-03-22 00:00:00+09:00,3311.472099652522,3321.2548828125,3282.1237501725886,3321.2548828125,32093,0.0,0.0
2021-03-23 00:00:00+09:00,3331.037435952719,3414.1910870704814,3282.1235235305057,3389.734130859375,60679,0.0,0.0
2021-03-24 00:00:00+09:00,3375.0599343436106,3379.951325552804,3272.340718950544,3287.014892578125,43571,0.0,0.0
2021-03-25 00:00:00+09:00,3287.0149805535457,3404.4083727161724,3277.2321978733266,3379.951416015625,62260,0.0,0.0
2021-03-26 00:00:00+09:00,3399.516920689174,3497.344745744978,3340.820225655692,3423.973876953125,104069,0.0,0.0
2021-03-29 00:00:00+09:00,3423.97402481294,3570.7157687334948,3419.0826333489217,3472.887939453125,80133,0.0,0.0
2021-03-30 00:00:00+09:00,3443.5394079885878,3551.150014488231,3428.865234375,3428.865234375,75907,0.0,0.0
2021-03-31 00:00:00+09:00,3428.865349244536,3521.801785244031,3414.1911751393523,3482.670654296875,40635,0.0,0.0
2021-04-01 00:00:00+09:00,3482.670579362624,3570.7156220993193,3458.213623046875,3458.213623046875,60819,0.0,0.0
2021-04-02 00:00:00+09:00,3472.887816677204,3477.7792079682986,3340.820251817648,3384.8427734375,42016,0.0,0.0
2021-04-05 00:00:00+09:00,3384.8426722684353,3453.3221482969875,3350.602934254159,3399.516845703125,61426,0.0,0.0
2021-04-06 00:00:00+09:00,3443.5396298882683,3570.715809401187,3379.9515401318085,3502.236328125,128462,0.0,0.0
2021-04-07 00:00:00+09:00,3570.7155503683944,3624.5208531821645,3516.9102475546238,3609.8466796875,171310,0.0,0.0
2021-04-08 00:00:00+09:00,3609.8469525898972,3790.8284393728595,3516.9105134310785,3570.7158203125,237749,0.0,0.0
2021-04-09 00:00:00+09:00,3604.955543355739,3781.0456377394657,3595.172760334421,3678.326416015625,219166,0.0,0.0
2021-04-12 00:00:00+09:00,3722.348855559359,3859.3078147652222,3693.0005071581027,3795.7197265625,206973,0.0,0.0
2021-04-13 00:00:00+09:00,3795.719707160596,3864.1991864134934,3658.7607486548013,3693.00048828125,99392,0.0,0.0
2021-04-14 00:00:00+09:00,3693.0005905476023,3800.611203782102,3619.629717887716,3678.326416015625,88017,0.0,0.0
2021-04-15 00:00:00+09:00,3678.3262873968365,3712.5660267742005,3531.584547208133,3556.04150390625,128551,0.0,0.0
2021-04-16 00:00:00+09:00,3580.4984928641734,3766.3713654445537,3580.4984928641734,3727.240234375,220490,0.0,0.0
2021-04-19 00:00:00+09:00,3761.479932996962,3790.828280978733,3648.977932400174,3697.891845703125,133304,0.0,0.0
2021-04-20 00:00:00+09:00,3805.5023506978755,3805.5023506978755,3653.8692236135125,3712.56591796875,102444,0.0,0.0
2021-04-21 00:00:00+09:00,3683.217736352848,4089.2032238924053,3619.629647943038,3864.19921875,968758,0.0,0.0
2021-04-22 00:00:00+09:00,3859.307895408669,3859.307895408669,3766.371456862706,3854.41650390625,188170,0.0,0.0
2021-04-23 00:00:00+09:00,3766.3712478414195,3829.959333843937,3590.281163526756,3673.434814453125,153906,0.0,0.0
2021-04-26 00:00:00+09:00,3673.434996273643,3795.7197831003286,3619.6296900699012,3717.45751953125,79402,0.0,0.0
2021-04-27 00:00:00+09:00,3717.4574110243057,3883.7647162543403,3717.4574110243057,3873.98193359375,235049,0.0,0.0
2021-04-28 00:00:00+09:00,3873.981827445652,3893.547392230731,3712.56591796875,3712.56591796875,125602,0.0,0.0
2021-04-29 00:00:00+09:00,3712.56599395752,4079.4203411865237,3639.195124511719,3913.113037109375,634025,0.0,0.0
2021-04-30 00:00:00+09:00,3922.895819702149,4079.4203411865237,3825.0679937744144,3913.113037109375,250133,0.0,0.0
2021-05-03 00:00:00+09:00,4001.158080444336,4054.96338470459,3864.199124145508,3913.113037109375,216668,0.0,0.0
2021-05-04 00:00:00+09:00,3918.0043249863843,4108.7685805100655,3864.1990221463716,4069.637451171875,182861,0.0,0.0
2021-05-06 00:00:00+09:00,4138.117044101417,4279.967391948865,3913.1130440675342,3947.352783203125,548686,0.0,0.0
2021-05-07 00:00:00+09:00,4001.1580945514047,4069.6375729422602,3922.8958335332845,3981.592529296875,95243,0.0,0.0
2021-05-10 00:00:00+09:00,3996.266593725887,4010.9407672646603,3942.4612907503856,3962.02685546875,60153,0.0,0.0
2021-05-11 00:00:00+09:00,3962.0271780195026,4069.6377927311437,3771.2629064852304,4020.723876953125,156969,0.0,0.0
2021-05-12 00:00:00+09:00,4006.049569818038,4035.3979183148736,3815.2853045886077,3864.19921875,87745,0.0,0.0
2021-05-13 00:00:00+09:00,3815.2852026915457,3859.3077242610634,3683.217637982992,3702.783203125,128372,0.0,0.0
2021-05-14 00:00:00+09:00,3702.783271031664,3771.262750284561,3644.086574529181,3693.00048828125,71891,0.0,0.0
2021-05-17 00:00:00+09:00,3663.652119584517,4025.61507932985,3619.6295974533277,3766.371337890625,168845,0.0,0.0
2021-05-18 00:00:00+09:00,3776.1540264423074,3854.416286057692,3766.3712439903843,3815.28515625,67591,0.0,0.0
2021-05-20 00:00:00+09:00,3859.30760672433,4206.596377418155,3859.30760672433,4108.7685546875,545215,0.0,0.0
2021-05-21 00:00:00+09:00,4108.768821022727,5341.399467329546,4108.768821022727,4842.4775390625,12833772,0.0,0.0
2021-05-24 00:00:00+09:00,4734.866921255087,5155.5265857467575,4451.166217295588,4808.23779296875,3084767,0.0,0.0
2021-05-25 00:00:00+09:00,4705.518466662248,4822.9118587619305,4612.58203125,4612.58203125,654737,0.0,0.0
2021-05-26 00:00:00+09:00,4671.278720431857,4827.803243001302,4568.55950249566,4578.34228515625,653331,0.0,0.0
2021-05-27 00:00:00+09:00,4578.342238822993,4749.5409336507755,4578.342238822993,4690.84423828125,359761,0.0,0.0
2021-05-28 00:00:00+09:00,4700.6266559327205,4783.780301250989,4558.776319801556,4637.03857421875,225183,0.0,0.0
2021-05-31 00:00:00+09:00,4597.907850477431,4632.147589789497,4544.1025458441845,4578.34228515625,219283,0.0,0.0
2021-06-01 00:00:00+09:00,4578.341998487903,4578.341998487903,4500.079742103495,4548.99365234375,179617,0.0,0.0
2021-06-02 00:00:00+09:00,4519.645873123024,4685.953188800711,4519.645873123024,4641.9306640625,322326,0.0,0.0
2021-06-03 00:00:00+09:00,4808.237690725905,5155.526476119129,4734.866820572407,4999.001953125,2408946,0.0,0.0
2021-06-04 00:00:00+09:00,4999.0018407507005,5096.829665422925,4764.21506153736,4803.34619140625,701539,0.0,0.0
2021-06-07 00:00:00+09:00,4803.346383267281,4803.346383267281,4558.776811817827,4705.5185546875,306398,0.0,0.0
2021-06-08 00:00:00+09:00,4681.061797163133,4695.7359720758695,4593.01674768671,4641.9306640625,168451,0.0,0.0
2021-06-09 00:00:00+09:00,4641.930243325964,4641.930243325964,4573.450766606718,4632.1474609375,162181,0.0,0.0
2021-06-10 00:00:00+09:00,4617.473010614452,4661.495528724124,4539.210756197257,4637.03857421875,156332,0.0,0.0
2021-06-11 00:00:00+09:00,4681.061296402269,4715.3010342024945,4500.0798251725055,4607.6904296875,174754,0.0,0.0
2021-06-14 00:00:00+09:00,4627.255994144772,4632.14738525909,4544.102345201367,4607.6904296875,73506,0.0,0.0
2021-06-15 00:00:00+09:00,4607.690653164185,4720.192654249935,4597.9078704610765,4681.0615234375,144197,0.0,0.0
2021-06-16 00:00:00+09:00,4681.061178588868,4695.7353515625,4588.12474975586,4695.7353515625,94011,0.0,0.0
2021-06-17 00:00:00+09:00,4695.735237730061,4852.259745654396,4661.495501621613,4783.7802734375,201933,0.0,0.0
2021-06-18 00:00:00+09:00,4783.780466726036,4862.042723850389,4681.061254250324,4720.1923828125,140029,0.0,0.0
2021-06-21 00:00:00+09:00,4749.541155660378,5439.227358490566,4720.1928066037735,5184.875,2766788,0.0,0.0
2021-06-22 00:00:00+09:00,5184.875081795838,5233.788997661836,4764.215405348251,4788.67236328125,603764,0.0,0.0
2021-06-23 00:00:00+09:00,4788.672229868121,4803.346404219095,4358.229782239526,4421.81787109375,832675,0.0,0.0
2021-06-24 00:00:00+09:00,4431.600936856113,4514.754596819196,4387.578410993304,4451.16650390625,181081,0.0,0.0
2021-06-25 00:00:00+09:00,4451.166237331081,4583.233807010135,4412.035105574325,4524.537109375,153093,0.0,0.0
2021-06-28 00:00:00+09:00,4524.537028618736,4553.88537691248,4416.926418208345,4465.84033203125,117410,0.0,0.0
2021-06-29 00:00:00+09:00,4470.731729789402,4548.993992017663,4431.600598675272,4500.080078125,157883,0.0,0.0
2021-06-30 00:00:00+09:00,4500.080023871528,4646.821763780382,4431.6005452473955,4578.34228515625,180788,0.0,0.0
2021-07-01 00:00:00+09:00,4583.233643832702,4910.956860627569,4583.233643832702,4759.32373046875,616158,0.0,0.0
2021-07-02 00:00:00+09:00,4759.323418339596,5409.87841796875,4646.821425922525,5409.87841796875,3885170,0.0,0.0
2021-07-05 00:00:00+09:00,5253.354387353421,5341.399432951523,4989.219250559115,5057.69873046875,953680,0.0,0.0
2021-07-06 00:00:00+09:00,5067.481324863615,5292.485321913544,4999.001847500593,5155.5263671875,483485,0.0,0.0
2021-07-07 00:00:00+09:00,5155.526815558779,5155.526815558779,4842.477748959384,4847.369140625,354524,0.0,0.0
2021-07-08 00:00:00+09:00,4837.586092332723,5272.91992672869,4813.129135344185,4920.73974609375,822175,0.0,0.0
2021-07-09 00:00:00+09:00,4871.825875704406,4901.174224353227,4690.844392370005,4773.998046875,236044,0.0,0.0
2021-07-12 00:00:00+09:00,4788.672091414876,6202.2841796875,4788.672091414876,6202.2841796875,3948009,0.0,0.0
2021-07-13 00:00:00+09:00,6349.026098492502,7415.349433986619,6133.804874814789,6808.81689453125,11779847,0.0,0.0
2021-07-14 00:00:00+09:00,6710.989065586835,6926.210289264547,6701.206282692394,6808.81689453125,1718637,0.0,0.0
2021-07-15 00:00:00+09:00,6476.2023416530865,6583.812954580857,6378.37451171875,6378.37451171875,1514776,0.0,0.0
2021-07-16 00:00:00+09:00,6378.374688992834,7014.255601239053,6045.7600579717355,6143.587890625,2973061,0.0,0.0
2021-07-19 00:00:00+09:00,6153.370537264384,6251.1983677455355,6006.628791542658,6163.1533203125,485305,0.0,0.0
2021-07-20 00:00:00+09:00,6124.021798632137,6124.021798632137,5576.185982780061,5654.4482421875,718281,0.0,0.0
2021-07-21 00:00:00+09:00,5664.231077816612,5752.276120476974,5527.27212256716,5576.18603515625,377211,0.0,0.0
2021-07-22 00:00:00+09:00,5566.4034134383055,5781.624635047519,5497.923933835374,5693.57958984375,509651,0.0,0.0
2021-07-23 00:00:00+09:00,5732.710222295999,5977.279771028763,5400.09563601944,5409.87841796875,1348670,0.0,0.0
2021-07-26 00:00:00+09:00,5576.186473357372,5742.493789229434,5488.1414237780455,5722.92822265625,684481,0.0,0.0
2021-07-27 00:00:00+09:00,5957.714970703125,6300.1123828125,5625.100341796875,5869.669921875,1730576,0.0,0.0
2021-07-28 00:00:00+09:00,5820.755683051216,5859.886813693576,5478.358289930556,5634.8828125,384561,0.0,0.0
2021-07-29 00:00:00+09:00,5634.882898351649,5810.9729889251375,5321.833848443223,5341.3994140625,350539,0.0,0.0
2021-07-30 00:00:00+09:00,5409.878876528533,5918.583581012228,5390.313310971467,5625.10009765625,786086,0.0,0.0
2021-08-02 00:00:00+09:00,5625.10014125279,6035.977021135603,5439.227267020089,5478.3583984375,1162346,0.0,0.0
2021-08-03 00:00:00+09:00,5556.62020225392,5801.189753409462,5507.706292022811,5615.31689453125,592535,0.0,0.0
2021-08-04 00:00:00+09:00,5625.100002085187,5625.100002085187,5400.096002001779,5497.923828125,219563,0.0,0.0
2021-08-05 00:00:00+09:00,5497.9239690220775,5947.931980721393,5497.9239690220775,5899.01806640625,469821,0.0,0.0
2021-08-06 00:00:00+09:00,5928.366158451242,6045.759547727504,5859.886681373422,6006.62841796875,290040,0.0,0.0
2021-08-09 00:00:00+09:00,6006.6287235597365,6055.542638246705,5742.493584250106,5752.2763671875,253161,0.0,0.0
2021-08-10 00:00:00+09:00,5722.92789887617,5742.493464342413,5439.227199615641,5488.14111328125,161787,0.0,0.0
2021-08-11 00:00:00+09:00,5488.141273584905,5488.141273584905,5047.916037735849,5184.875,370793,0.0,0.0
2021-08-12 00:00:00+09:00,5184.8746995192305,5233.788611778846,5038.132962740385,5087.046875,141309,0.0,0.0
2021-08-13 00:00:00+09:00,5087.047091185592,5184.874919862237,4749.541082251163,5126.17822265625,242089,0.0,0.0
2021-08-17 00:00:00+09:00,4999.001968320475,5018.567533754214,4681.061530022205,4715.30126953125,197148,0.0,0.0
2021-08-18 00:00:00+09:00,4607.690534855769,4837.5859224759615,4539.211057692308,4769.1064453125,185492,0.0,0.0
2021-08-19 00:00:00+09:00,4725.083639705882,4725.083639705882,4431.60018382353,4490.296875,224145,0.0,0.0
2021-08-20 00:00:00+09:00,4495.188408667077,4671.278487787877,4162.573814772233,4221.2705078125,179986,0.0,0.0
2021-08-23 00:00:00+09:00,4221.270650462796,4343.555431762414,4098.985869163178,4235.94482421875,114432,0.0,0.0
2021-08-24 00:00:00+09:00,4260.4018358739495,4749.540967432382,4260.4018358739495,4509.86279296875,431182,0.0,0.0
2021-08-25 00:00:00+09:00,4695.735908141962,4695.735908141962,4514.754420015657,4685.953125,133203,0.0,0.0
2021-08-26 00:00:00+09:00,4700.6271679128395,5674.014063245468,4700.6271679128395,5126.17822265625,3753803,0.0,0.0
2021-08-27 00:00:00+09:00,5038.133359529093,5145.743974975345,4881.608827970907,4959.87109375,475856,0.0,0.0
2021-08-30 00:00:00+09:00,5272.919882284628,5439.227188404923,5067.4814453125,5067.4814453125,906482,0.0,0.0
2021-08-31 00:00:00+09:00,4999.001847500593,5155.5263671875,4891.391240215844,5155.5263671875,277283,0.0,0.0
2021-09-01 00:00:00+09:00,5155.526528438079,5331.61661859346,5096.8298317196195,5272.919921875,248723,0.0,0.0
2021-09-02 00:00:00+09:00,5272.919786492029,5351.182046773914,5145.743613533965,5292.4853515625,155011,0.0,0.0
2021-09-03 00:00:00+09:00,5214.223437679846,5400.096318197514,5145.743955383863,5312.05126953125,253805,0.0,0.0
2021-09-06 00:00:00+09:00,5312.05097088268,5312.05097088268,5175.0920139906775,5214.22314453125,129511,0.0,0.0
2021-09-07 00:00:00+09:00,5184.8749663864355,5468.575672094373,5135.961051609205,5400.09619140625,209307,0.0,0.0
2021-09-08 00:00:00+09:00,5331.616278255687,5576.185832304113,5204.4401101505055,5321.83349609375,142547,0.0,0.0
2021-09-09 00:00:00+09:00,5194.657770918452,5615.31743974989,5184.874987922372,5537.05517578125,352274,0.0,0.0
2021-09-10 00:00:00+09:00,5458.792699297136,6045.759656210807,5458.792699297136,5850.10400390625,1053358,0.0,0.0
2021-09-13 00:00:00+09:00,5938.149454961272,6446.854185864049,5683.797089509882,5722.92822265625,2218013,0.0,0.0
2021-09-14 00:00:00+09:00,5713.145073784723,6182.718641493056,5644.665595160591,5987.06298828125,664763,0.0,0.0
2021-09-15 00:00:00+09:00,5977.279919854526,6094.673306169181,5674.013671875,5674.013671875,334155,0.0,0.0
2021-09-16 00:00:00+09:00,5674.013998542034,5762.059043346996,5184.874860736686,5556.62060546875,376151,0.0,0.0
2021-09-17 00:00:00+09:00,5507.70654296875,5537.054890444605,5341.399240605572,5507.70654296875,137681,0.0,0.0
2021-09-23 00:00:00+09:00,5429.444465188419,5429.444465188419,4989.21923828125,4989.21923828125,271924,0.0,0.0
2021-09-24 00:00:00+09:00,4920.73974609375,5096.829836411221,4842.47748373043,4920.73974609375,129534,0.0,0.0
2021-09-27 00:00:00+09:00,4910.956755622079,5370.747527562792,4881.608408476927,5233.78857421875,228133,0.0,0.0
2021-09-28 00:00:00+09:00,5204.440375434028,5204.440375434028,4910.956895616319,4930.5224609375,185310,0.0,0.0
2021-09-29 00:00:00+09:00,4729.9754815831575,5155.526533183711,4695.735741799205,4920.73974609375,155953,0.0,0.0
2021-09-30 00:00:00+09:00,4842.477685546874,5096.830048828125,4842.477685546874,4891.3916015625,105056,0.0,0.0
2021-10-01 00:00:00+09:00,4842.4773454157785,4871.825692963753,4500.079957356077,4588.125,187710,0.0,0.0
2021-10-05 00:00:00+09:00,4451.165934244791,4451.165934244791,3942.4612560453866,4108.7685546875,447252,0.0,0.0
2021-10-06 00:00:00+09:00,4108.768688964844,4314.207123413086,3888.6560806274415,3913.113037109375,313988,0.0,0.0
2021-10-07 00:00:00+09:00,3922.8959041483918,4201.705214044225,3922.8959041483918,4182.1396484375,159767,0.0,0.0
2021-10-08 00:00:00+09:00,4216.379473862987,4539.211312929062,4191.92251635798,4275.076171875,201250,0.0,0.0
2021-10-12 00:00:00+09:00,4275.076001584742,4299.532958115547,4010.940871052046,4123.44287109375,142047,0.0,0.0
2021-10-13 00:00:00+09:00,4147.900068778216,4416.926606257936,4138.117285597136,4333.77294921875,188239,0.0,0.0
2021-10-14 00:00:00+09:00,4338.664216438226,4480.514568497649,4338.664216438226,4421.81787109375,107642,0.0,0.0
2021-10-15 00:00:00+09:00,4421.81742961262,4612.581677129094,4392.469083840854,4593.01611328125,161581,0.0,0.0
2021-10-18 00:00:00+09:00,4593.016376445819,4734.866722470238,4495.188551601394,4519.6455078125,77795,0.0,0.0
2021-10-19 00:00:00+09:00,4529.428032402519,4676.169761314049,4226.161792652027,4343.55517578125,193988,0.0,0.0
2021-10-20 00:00:00+09:00,4368.012388022337,4387.577953030275,4084.3116954072243,4235.94482421875,111063,0.0,0.0
2021-10-21 00:00:00+09:00,4235.944517167184,4348.446507807883,4035.3974903728945,4138.11669921875,82188,0.0,0.0
2021-10-22 00:00:00+09:00,4128.334119233631,4206.596377418155,4010.940731956845,4108.7685546875,75054,0.0,0.0
2021-10-25 00:00:00+09:00,4108.768637213909,4206.5964619094775,4094.0944635095734,4167.46533203125,76917,0.0,0.0
2021-10-26 00:00:00+09:00,4177.248480036702,4353.338579897733,4143.008738397057,4289.75048828125,80027,0.0,0.0
2021-10-27 00:00:00+09:00,4275.076160519622,4353.3384243277615,4167.46554778343,4206.5966796875,86519,0.0,0.0
2021-10-28 00:00:00+09:00,4211.487907446172,4270.184603020335,4059.8547772129186,4089.203125,92214,0.0,0.0
2021-10-29 00:00:00+09:00,4089.2033590423507,4143.008666398171,4010.9410937975213,4020.723876953125,49696,0.0,0.0
2021-11-01 00:00:00+09:00,3991.375299043062,4143.008429276316,3991.375299043062,4089.203125,82389,0.0,0.0
2021-11-02 00:00:00+09:00,4089.2030158409702,4138.116927513709,4020.7235394991358,4069.637451171875,69503,0.0,0.0
2021-11-03 00:00:00+09:00,4206.5969477177805,4235.945298515811,4059.855193727625,4098.986328125,110477,0.0,0.0
2021-11-04 00:00:00+09:00,4128.334145179161,4182.139448019174,4040.2891041682315,4069.637451171875,63319,0.0,0.0
2021-11-05 00:00:00+09:00,4069.63777156801,4069.63777156801,3825.0681939497404,3883.764892578125,111941,0.0,0.0
2021-11-08 00:00:00+09:00,3864.1993818611936,4979.43667181607,3815.2854656351024,4539.21142578125,2115641,0.0,0.0
2021-11-09 00:00:00+09:00,4539.2114396733405,5409.879151162408,4534.320048035762,4641.9306640625,2625136,0.0,0.0
2021-11-10 00:00:00+09:00,4607.6906331380205,4940.305243598091,4602.799241807726,4930.5224609375,608301,0.0,0.0
2021-11-11 00:00:00+09:00,4842.477601777523,4989.219347285933,4710.410030819954,4798.455078125,307671,0.0,0.0
2021-11-12 00:00:00+09:00,4999.001995455834,4999.001995455834,4764.2152089764995,4852.26025390625,197039,0.0,0.0
2021-11-15 00:00:00+09:00,4871.82608529317,4979.436701634987,4729.975727388048,4744.64990234375,182180,0.0,0.0
2021-11-16 00:00:00+09:00,4744.649954288564,4773.998304521277,4500.080369015957,4597.908203125,203312,0.0,0.0
2021-11-17 00:00:00+09:00,4597.90794324974,4710.409946116489,4416.926460377144,4705.5185546875,165500,0.0,0.0
2021-11-18 00:00:00+09:00,4627.256198459201,4739.758199055989,4534.319763183594,4578.34228515625,123028,0.0,0.0
2021-11-19 00:00:00+09:00,4504.971274618167,4617.47327170418,4500.079883440514,4563.66796875,77450,0.0,0.0
2021-11-22 00:00:00+09:00,4548.993808460884,4617.473285147392,4206.596425028344,4314.20703125,112347,0.0,0.0
2021-11-23 00:00:00+09:00,4314.207229034811,4666.387410996836,4226.162183544304,4250.619140625,82151,0.0,0.0
2021-11-24 00:00:00+09:00,4211.487935384114,4304.424370659723,4089.2031521267363,4226.162109375,99091,0.0,0.0
2021-11-25 00:00:00+09:00,4226.162404451439,4294.641887856902,4001.1583875477745,4079.420654296875,130094,0.0,0.0
2021-11-26 00:00:00+09:00,4079.4206966683882,4235.945231792355,4010.941212551653,4143.0087890625,125883,0.0,0.0
2021-11-29 00:00:00+09:00,3913.113139115433,4289.750278755293,3859.307833452596,3898.43896484375,308212,0.0,0.0
2021-11-30 00:00:00+09:00,3913.112997256516,3971.8096922153636,3546.2586537637176,3565.82421875,269422,0.0,0.0
2021-12-01 00:00:00+09:00,3521.8017901490066,3746.8057934085264,3433.7567453952815,3693.00048828125,130750,0.0,0.0
2021-12-02 00:00:00+09:00,3693.000422089277,3883.7646823031605,3678.326248226671,3878.873291015625,104109,0.0,0.0
2021-12-03 00:00:00+09:00,3952.2440992245947,3952.2440992245947,3839.7421013506273,3922.895751953125,46098,0.0,0.0
2021-12-06 00:00:00+09:00,3869.090508440554,4001.1580732040115,3820.1765955651995,3878.873291015625,85857,0.0,0.0
2021-12-07 00:00:00+09:00,3844.6336810412004,3957.1356844304464,3766.3714178138985,3825.068115234375,48462,0.0,0.0
2021-12-08 00:00:00+09:00,3962.0270879544205,3962.0270879544205,3878.873433022044,3893.547607421875,39966,0.0,0.0
2021-12-09 00:00:00+09:00,3952.244248864686,3996.266771438674,3893.547552099369,3971.809814453125,41314,0.0,0.0
2021-12-10 00:00:00+09:00,3971.8095366793514,4050.0717935597327,3947.352581404232,3976.700927734375,47504,0.0,0.0
2021-12-13 00:00:00+09:00,3991.3753392524814,4059.8548181122055,3942.46142578125,3942.46142578125,41386,0.0,0.0
2021-12-14 00:00:00+09:00,3942.461370492406,3981.592500720619,3795.719632136609,3844.633544921875,56122,0.0,0.0
2021-12-15 00:00:00+09:00,3844.6334616491035,3873.981808684593,3741.9142470248908,3785.936767578125,34686,0.0,0.0
2021-12-16 00:00:00+09:00,3795.719658780527,3932.678615540649,3795.719658780527,3805.50244140625,24878,0.0,0.0
2021-12-17 00:00:00+09:00,3844.633703756519,3913.1131844850065,3697.891959338331,3751.697265625,65512,0.0,0.0
2021-12-20 00:00:00+09:00,3639.19523849797,3746.8058503890393,3580.4985411028415,3614.73828125,55869,0.0,0.0
2021-12-21 00:00:00+09:00,3614.7382472682643,3746.805815165752,3472.887896563556,3619.629638671875,50778,0.0,0.0
2021-12-22 00:00:00+09:00,3658.760715060764,3717.4574110243057,3629.412367078993,3697.891845703125,25276,0.0,0.0
2021-12-23 00:00:00+09:00,3707.674736585115,3898.439004034745,3658.7608218544406,3717.45751953125,66143,0.0,0.0
2021-12-24 00:00:00+09:00,3737.0230450617537,3751.6972193224674,3624.521042396282,3688.109130859375,25447,0.0,0.0
2021-12-27 00:00:00+09:00,3732.131682122361,3732.131682122361,3629.4124615134883,3648.97802734375,32418,0.0,0.0
2021-12-28 00:00:00+09:00,3648.9778919270834,3717.4573697916667,3648.9778919270834,3668.54345703125,18755,0.0,0.0
2021-12-29 00:00:00+09:00,3732.1314904434566,3766.371228887892,3619.6294926974547,3746.8056640625,25375,0.0,0.0
2021-12-30 00:00:00+09:00,3741.9145220402447,3913.1132256630012,3697.8919982515363,3781.045654296875,32114,0.0,0.0
2022-01-04 00:00:00+09:00,3825.0679937744144,3952.244167480469,3815.285211181641,3913.113037109375,43946,0.0,0.0
2022-01-05 00:00:00+09:00,3893.5473377740204,4020.7235070982974,3815.2850797283113,3932.678466796875,54899,0.0,0.0
2022-01-06 00:00:00+09:00,3883.7646629409037,4006.0494445196473,3864.1990978883045,3952.244140625,62476,0.0,0.0
2022-01-07 00:00:00+09:00,3952.244248864686,3986.4839886444543,3873.98198651093,3971.809814453125,28656,0.0,0.0
2022-01-10 00:00:00+09:00,3971.809595819729,4030.506289354011,3913.1129022854475,3932.678466796875,51239,0.0,0.0
2022-01-11 00:00:00+09:00,3932.6786083414395,3962.0269561648834,3707.6746083617054,3771.2626953125,96225,0.0,0.0
2022-01-12 00:00:00+09:00,3766.3711853414134,3864.1990083372943,3732.131447292855,3859.3076171875,62073,0.0,0.0
2022-01-13 00:00:00+09:00,3898.439067235221,3947.352982758875,3776.1542784260864,3883.764892578125,68556,0.0,0.0
2022-01-14 00:00:00+09:00,3854.4164359177216,3888.6561758306966,3805.5025217563293,3864.19921875,41221,0.0,0.0
2022-01-17 00:00:00+09:00,3829.9594048566883,3952.2441878980894,3829.9594048566883,3839.7421875,81747,0.0,0.0
2022-01-18 00:00:00+09:00,3839.7423768861313,3873.982117826517,3702.7834131245877,3707.6748046875,81212,0.0,0.0
2022-01-19 00:00:00+09:00,3541.3672212677216,3702.7831305243994,3423.97383271741,3536.475830078125,130637,0.0,0.0
2022-01-20 00:00:00+09:00,3536.4761083713856,3648.9781145851366,3423.974102157635,3531.584716796875,91741,0.0,0.0
2022-01-21 00:00:00+09:00,3565.824238240218,3639.195107339811,3467.996412774094,3492.453369140625,44111,0.0,0.0
2022-01-24 00:00:00+09:00,3497.3445979135477,3536.475726281811,3228.3180903817365,3267.44921875,137770,0.0,0.0
2022-01-25 00:00:00+09:00,3267.449478763545,3345.711741727941,3081.576604223104,3159.8388671875,110820,0.0,0.0
2022-01-26 00:00:00+09:00,3159.8388671875,3159.8388671875,3159.8388671875,3159.8388671875,0,0.0,0.0
2022-01-27 00:00:00+09:00,3262.558233369848,3370.1688497628566,2944.6177758450503,3174.51318359375,161571,0.0,0.0
2022-01-28 00:00:00+09:00,3042.445608929603,3247.884058407165,3042.445608929603,3174.51318359375,95622,0.0,0.0
2022-02-03 00:00:00+09:00,3189.1871341534516,3350.6030473851447,3189.1871341534516,3277.232177734375,39591,0.0,0.0
2022-02-04 00:00:00+09:00,3277.232177734375,3389.734177865555,3257.66661249417,3277.232177734375,37321,0.0,0.0
2022-02-07 00:00:00+09:00,3375.0599078010114,3375.0599078010114,3277.232084386489,3326.14599609375,24697,0.0,0.0
2022-02-08 00:00:00+09:00,3326.14599609375,3326.14599609375,3326.14599609375,3326.14599609375,0,0.0,0.0
2022-02-09 00:00:00+09:00,3326.14599609375,3326.14599609375,3326.14599609375,3326.14599609375,0,0.0,0.0
2022-02-10 00:00:00+09:00,3311.47199182581,3365.2772974537033,3291.90642614294,3301.689208984375,12798,0.0,0.0
2022-02-11 00:00:00+09:00,3267.449478763545,3301.6892188104684,3159.8388671875,3159.8388671875,38594,0.0,0.0
2022-02-14 00:00:00+09:00,3125.599149338228,3135.3819322782538,2993.5315796478803,3086.468017578125,50708,0.0,0.0
2022-02-15 00:00:00+09:00,3086.4680516803073,3198.970056733631,3037.5541364397322,3081.57666015625,59797,0.0,0.0
2022-02-16 00:00:00+09:00,3091.3591566567766,3213.6439334232628,3091.3591566567766,3194.078369140625,14174,0.0,0.0
2022-02-17 00:00:00+09:00,3228.3181066352413,3272.3406262711765,3130.490285222052,3194.078369140625,47095,0.0,0.0
2022-02-18 00:00:00+09:00,3189.1871273449283,3282.1235620374955,3115.816257850797,3242.992431640625,30643,0.0,0.0
2022-02-21 00:00:00+09:00,3242.992431640625,3242.992431640625,3242.992431640625,3242.992431640625,0,0.0,0.0
2022-02-22 00:00:00+09:00,3242.992431640625,3242.992431640625,3242.992431640625,3242.992431640625,0,0.0,0.0
2022-02-23 00:00:00+09:00,3242.992431640625,3242.992431640625,3242.992431640625,3242.992431640625,0,0.0,0.0
2022-02-24 00:00:00+09:00,3233.209600360577,3272.340730168269,3145.1645582932692,3179.404296875,59819,0.0,0.0
2022-02-25 00:00:00+09:00,3179.404575247978,3287.0151916409864,3150.0562253226117,3174.51318359375,32330,0.0,0.0
2022-02-28 00:00:00+09:00,3174.51318359375,3174.51318359375,3174.51318359375,3174.51318359375,0,0.0,0.0
2022-03-02 00:00:00+09:00,3203.8614303495256,3233.2097793298262,3120.707774905339,3189.187255859375,56204,0.0,0.0
2022-03-03 00:00:00+09:00,3335.9289774058284,3335.9289774058284,3154.9474932943685,3262.55810546875,62868,0.0,0.0
2022-03-04 00:00:00+09:00,3262.55810546875,3262.55810546875,3262.55810546875,3262.55810546875,0,0.0,0.0
2022-03-07 00:00:00+09:00,3345.711795291385,3345.711795291385,3257.666748046875,3257.666748046875,43892,0.0,0.0
2022-03-08 00:00:00+09:00,3218.535426682692,3218.535426682692,3096.2506460336535,3179.404296875,59632,0.0,0.0
2022-03-10 00:00:00+09:00,3179.404296875,3179.404296875,3179.404296875,3179.404296875,0,0.0,0.0
2022-03-11 00:00:00+09:00,3179.404296875,3179.404296875,3179.404296875,3179.404296875,0,0.0,0.0
2022-03-14 00:00:00+09:00,3609.846759699974,3609.846759699974,3458.2136302274816,3492.453369140625,152110,0.0,0.0
2022-03-15 00:00:00+09:00,3492.453369140625,3492.453369140625,3492.453369140625,3492.453369140625,0,0.0,0.0
2022-03-16 00:00:00+09:00,3492.453369140625,3492.453369140625,3492.453369140625,3492.453369140625,0,0.0,0.0
2022-03-17 00:00:00+09:00,3492.453369140625,3492.453369140625,3492.453369140625,3492.453369140625,0,0.0,0.0
2022-03-18 00:00:00+09:00,4216.379462663517,4216.379462663517,4084.311892487282,4206.5966796875,385925,0.0,0.0
2022-03-21 00:00:00+09:00,4206.5966796875,4206.5966796875,4206.5966796875,4206.5966796875,0,0.0,0.0
2022-03-22 00:00:00+09:00,4040.2892077379297,4436.491902443466,4035.397816445269,4407.1435546875,1155846,0.0,0.0
2022-03-23 00:00:00+09:00,4309.315768849562,4382.686638920781,4196.813768073694,4260.40185546875,512464,0.0,0.0
2022-03-24 00:00:00+09:00,4245.727890714593,4597.908084414421,4133.225884393814,4265.29345703125,1486031,0.0,0.0
2022-03-25 00:00:00+09:00,4245.727949766355,4260.402124707944,4133.225941880841,4187.03125,435110,0.0,0.0
2022-03-28 00:00:00+09:00,4353.33863313533,4402.25255036157,4143.0087890625,4143.0087890625,564035,0.0,0.0
2022-03-29 00:00:00+09:00,4157.6829210459755,4187.0312710768885,4025.6153459068682,4079.420654296875,169021,0.0,0.0
2022-03-30 00:00:00+09:00,4108.768661045792,4108.768661045792,3913.113010519802,3952.244140625,153677,0.0,0.0
2022-03-31 00:00:00+09:00,3913.113337455036,4084.312045968694,3908.221945783217,4079.420654296875,109292,0.0,0.0
2022-04-01 00:00:00+09:00,4138.1170654296875,4304.424370659723,4050.072021484375,4226.162109375,624069,0.0,0.0
2022-04-04 00:00:00+09:00,4294.641496394231,4294.641496394231,4103.877238581731,4133.2255859375,247611,0.0,0.0
2022-04-05 00:00:00+09:00,4172.356939271439,4245.72781159157,4128.334415879361,4206.5966796875,184289,0.0,0.0
2022-04-06 00:00:00+09:00,4147.899882859734,4147.899882859734,3976.7011848643438,4045.1806640625,165438,0.0,0.0
2022-04-07 00:00:00+09:00,3996.2667869857596,3996.2667869857596,3854.4164359177216,3864.19921875,114709,0.0,0.0
2022-04-08 00:00:00+09:00,3776.1542784260864,3883.764892578125,3727.2403629024325,3883.764892578125,164308,0.0,0.0
2022-04-11 00:00:00+09:00,3883.7647093949045,3971.8097531847134,3805.5024482484077,3839.7421875,35115,0.0,0.0
2022-04-12 00:00:00+09:00,3829.9592456817627,3829.9592456817627,3688.108903249105,3756.58837890625,51367,0.0,0.0
2022-04-13 00:00:00+09:00,3756.5885019083967,3859.3077187574545,3751.69711062987,3844.633544921875,39655,0.0,0.0
2022-04-14 00:00:00+09:00,3888.6561143323684,3932.678636381414,3869.090548977237,3908.2216796875,37127,0.0,0.0
2022-04-15 00:00:00+09:00,3947.3527230655445,4020.7235915240117,3913.112984451593,3991.375244140625,63534,0.0,0.0
2022-04-18 00:00:00+09:00,3991.375414226264,4015.832371421278,3932.678716958231,3966.91845703125,36583,0.0,0.0
2022-04-19 00:00:00+09:00,3942.4612907503856,3966.9182466483408,3893.5473789544753,3962.02685546875,32669,0.0,0.0
2022-04-20 00:00:00+09:00,3981.5925152587893,3986.483906555176,3864.199124145508,3913.113037109375,52995,0.0,0.0
2022-04-21 00:00:00+09:00,3918.004521330679,4147.899917713378,3918.004521330679,4040.289306640625,109107,0.0,0.0
2022-04-22 00:00:00+09:00,4103.877395001798,4103.877395001798,3952.244261217464,4040.289306640625,43457,0.0,0.0
2022-04-25 00:00:00+09:00,3913.113091916454,3957.1356142005143,3815.285264618543,3834.850830078125,80976,0.0,0.0
2022-04-26 00:00:00+09:00,3815.285427203757,4695.7359104046245,3815.285427203757,4231.0537109375,6832800,0.0,0.0
2022-04-27 00:00:00+09:00,4123.442951617324,4514.754263751827,3996.266775173611,4182.1396484375,2209625,0.0,0.0
2022-04-28 00:00:00+09:00,4558.776719835069,4602.799241807726,4103.877326117622,4226.162109375,1583819,0.0,0.0
2022-04-29 00:00:00+09:00,4221.27100500196,4412.035279851411,4118.551780083025,4289.75048828125,451308,0.0,0.0
2022-05-02 00:00:00+09:00,4270.184712449165,4358.229758066674,4216.379406794021,4284.85888671875,249467,0.0,0.0
2022-05-03 00:00:00+09:00,4284.859023347907,4338.664330718714,4231.0537159771,4265.29345703125,218735,0.0,0.0
2022-05-04 00:00:00+09:00,4284.858713942308,4304.424278846153,4103.877238581731,4133.2255859375,225285,0.0,0.0
2022-05-06 00:00:00+09:00,4128.334002585956,4255.510168542395,4045.1803556144378,4196.8134765625,94257,0.0,0.0
2022-05-10 00:00:00+09:00,3962.0269775390625,3976.7011515299478,3795.719672309028,3873.98193359375,122480,0.0,0.0
2022-05-11 00:00:00+09:00,3878.8733117105917,4030.5064424332,3878.8733117105917,3981.592529296875,65102,0.0,0.0
2022-05-12 00:00:00+09:00,3952.2441380950454,4040.2891807753804,3766.3712702143375,3776.154052734375,92877,0.0,0.0
2022-05-13 00:00:00+09:00,3776.154119979063,4108.768731583436,3737.0229892020784,3942.46142578125,190685,0.0,0.0
2022-05-16 00:00:00+09:00,3981.5925095653647,4108.7686830895655,3942.461379250226,4054.96337890625,76485,0.0,0.0
2022-05-17 00:00:00+09:00,4118.551500108507,4275.076022677951,4054.9634128146704,4226.162109375,299780,0.0,0.0
2022-05-18 00:00:00+09:00,4240.8360806169185,4304.424164870689,4226.161907327586,4255.51025390625,159515,0.0,0.0
2022-05-19 00:00:00+09:00,4191.922356387868,4255.510443474265,4108.768704044118,4157.6826171875,121629,0.0,0.0
2022-05-20 00:00:00+09:00,4157.6826031698565,4216.379298744019,4074.5289511064593,4089.203125,81844,0.0,0.0
2022-05-23 00:00:00+09:00,4162.5740569736245,4162.5740569736245,3947.3528366365626,4045.1806640625,41699,0.0,0.0
2022-05-24 00:00:00+09:00,4084.311634958526,4084.311634958526,3918.0043348524305,3962.02685546875,46193,0.0,0.0
2022-05-25 00:00:00+09:00,3962.0269007604034,3966.91829199591,3839.7421198727366,3849.52490234375,94676,0.0,0.0
2022-05-26 00:00:00+09:00,3859.3076848147634,3937.56994458287,3829.959337401723,3849.52490234375,46543,0.0,0.0
2022-05-27 00:00:00+09:00,3888.6560282987707,3991.375244140625,3869.0904633765126,3991.375244140625,62706,0.0,0.0
2022-05-30 00:00:00+09:00,3991.375352515244,4113.660136599657,3991.375352515244,4010.94091796875,59870,0.0,0.0
2022-05-31 00:00:00+09:00,4069.6376551150124,4157.682700538174,4006.0495667538403,4040.289306640625,66824,0.0,0.0
2022-06-02 00:00:00+09:00,4187.030943719843,4240.836247903158,4020.7236398805035,4054.96337890625,145413,0.0,0.0
2022-06-03 00:00:00+09:00,4054.9635993270513,4182.139779764329,4054.9635993270513,4128.33447265625,97773,0.0,0.0
2022-06-07 00:00:00+09:00,4128.333917423906,4147.899481013594,4010.940535885786,4138.11669921875,80484,0.0,0.0
2022-06-08 00:00:00+09:00,4094.094550254959,4138.117072300711,4045.1806368707894,4084.311767578125,51657,0.0,0.0
2022-06-09 00:00:00+09:00,4064.7462637026147,4108.768786414195,3996.266783929045,4040.289306640625,61667,0.0,0.0
2022-06-10 00:00:00+09:00,4040.289011449685,4059.8545756697804,3815.2850229185888,3976.700927734375,71870,0.0,0.0
2022-06-13 00:00:00+09:00,3844.6337273780337,3888.6562509739656,3678.326416015625,3678.326416015625,78630,0.0,0.0
2022-06-14 00:00:00+09:00,3565.8242260476813,3644.0864861529803,3423.9738796068273,3600.06396484375,132396,0.0,0.0
2022-06-15 00:00:00+09:00,3565.8242232840403,3771.262655901228,3384.8427469308035,3423.973876953125,157423,0.0,0.0
2022-06-16 00:00:00+09:00,3521.8017981663224,3693.000496688296,3467.996492916559,3551.150146484375,86996,0.0,0.0
2022-06-17 00:00:00+09:00,3502.2360740599593,3648.9778090066056,3394.6254684324185,3609.8466796875,76235,0.0,0.0
2022-06-20 00:00:00+09:00,3644.086615151324,3648.9780065810573,3247.883909342925,3335.928955078125,110959,0.0,0.0
2022-06-21 00:00:00+09:00,3335.928948929398,3448.4309516059025,3252.7752947771987,3301.689208984375,78930,0.0,0.0
2022-06-22 00:00:00+09:00,3340.8203502926663,3487.5620933509094,3091.3593870936534,3159.8388671875,128176,0.0,0.0
2022-06-23 00:00:00+09:00,3159.838639268843,3179.4042035986813,2939.7260405581656,2944.617431640625,90948,0.0,0.0
2022-06-24 00:00:00+09:00,2973.965954589844,3130.490478515625,2929.943432235718,3130.490478515625,62743,0.0,0.0
2022-06-27 00:00:00+09:00,3262.557869659333,3355.4943007290894,3159.838656371708,3296.797607421875,56387,0.0,0.0
2022-06-28 00:00:00+09:00,3311.4718920282958,3619.6295422465864,3311.4718920282958,3492.453369140625,182135,0.0,0.0
2022-06-29 00:00:00+09:00,3526.6933201076267,3756.5887237762236,3497.344970703125,3497.344970703125,139892,0.0,0.0
2022-06-30 00:00:00+09:00,3546.2587420860036,3707.6746572430216,3482.670654296875,3482.670654296875,92261,0.0,0.0
2022-07-01 00:00:00+09:00,3482.670864196178,3556.0417391441315,3384.8430309322407,3487.562255859375,64885,0.0,0.0
2022-07-04 00:00:00+09:00,3453.322455472202,3526.693329172036,3277.2323585925997,3321.2548828125,67417,0.0,0.0
2022-07-05 00:00:00+09:00,3326.1461955325703,3962.0270858549734,3326.1461955325703,3472.887939453125,821037,0.0,0.0
2022-07-06 00:00:00+09:00,3512.018961358003,3668.543483312677,3453.322265625,3453.322265625,128008,0.0,0.0
2022-07-07 00:00:00+09:00,3458.2137764777926,3756.588656767956,3419.08264463646,3541.367431640625,411240,0.0,0.0
2022-07-08 00:00:00+09:00,3570.715568405299,3717.457304093188,3512.0188741301436,3536.475830078125,89200,0.0,0.0
2022-07-11 00:00:00+09:00,3570.715809401187,3580.4985924406424,3502.236328125,3502.236328125,53726,0.0,0.0
2022-07-12 00:00:00+09:00,3502.2361570483577,3502.2361570483577,3345.711636062956,3350.60302734375,63974,0.0,0.0
2022-07-13 00:00:00+09:00,3350.602934254159,3399.516845703125,3277.2320670807107,3399.516845703125,32442,0.0,0.0
2022-07-14 00:00:00+09:00,3399.5169880601943,3487.5620323552785,3340.8202918634715,3414.191162109375,26994,0.0,0.0
2022-07-15 00:00:00+09:00,3414.1909336966964,3443.539279831625,3287.0147671120058,3340.820068359375,20619,0.0,0.0
2022-07-18 00:00:00+09:00,3340.820232731281,3472.8877968363245,3340.820232731281,3458.213623046875,23235,0.0,0.0
2022-07-19 00:00:00+09:00,3458.2137372965267,3541.3673915172353,3438.6481715975365,3512.01904296875,15571,0.0,0.0
2022-07-20 00:00:00+09:00,3512.0192141753596,3585.390089123313,3458.213905880194,3487.562255859375,25791,0.0,0.0
2022-07-21 00:00:00+09:00,3502.2360740599593,3658.7605913363823,3502.2360740599593,3609.8466796875,82993,0.0,0.0
2022-07-22 00:00:00+09:00,3590.2812902502114,3668.5435527079817,3580.49850744299,3619.629638671875,31946,0.0,0.0
2022-07-25 00:00:00+09:00,3619.6297356592463,3644.0866933326197,3531.5846880351023,3570.7158203125,19691,0.0,0.0
2022-07-26 00:00:00+09:00,3570.7155087997353,3609.846637663294,3560.9327265838456,3580.498291015625,16314,0.0,0.0
2022-07-27 00:00:00+09:00,3541.3675389551854,3614.7384133810524,3541.3675389551854,3560.93310546875,13071,0.0,0.0
2022-07-28 00:00:00+09:00,3580.498580379614,3668.543627438129,3556.04162286336,3644.086669921875,41751,0.0,0.0
2022-07-29 00:00:00+09:00,3644.086527451672,3707.6746145078755,3580.498440395468,3629.412353515625,27609,0.0,0.0
2022-08-01 00:00:00+09:00,3639.1952105296186,3697.891907473645,3600.064079233601,3653.869384765625,37517,0.0,0.0
2022-08-02 00:00:00+09:00,3678.326138155711,3717.457267285027,3619.6294444617365,3683.217529296875,74678,0.0,0.0
2022-08-03 00:00:00+09:00,3673.4348635864258,3922.895819702149,3648.9779071044923,3913.113037109375,487585,0.0,0.0
2022-08-04 00:00:00+09:00,3913.113155241935,3966.918461126512,3746.8058461441533,3790.828369140625,170610,0.0,0.0
2022-08-05 00:00:00+09:00,3849.524860767946,3898.4387725947304,3795.719557758483,3820.176513671875,106519,0.0,0.0
2022-08-08 00:00:00+09:00,3785.936895934693,4084.311767578125,3741.9143738889406,4084.311767578125,259362,0.0,0.0
2022-08-09 00:00:00+09:00,3913.1129198352346,3962.026831333175,3844.633443738118,3859.3076171875,258168,0.0,0.0
2022-08-10 00:00:00+09:00,3927.7873476881477,3957.13569648781,3859.3078671556023,3893.547607421875,164816,0.0,0.0
2022-08-11 00:00:00+09:00,3893.547419529335,4020.7235915240117,3893.547419529335,3991.375244140625,85460,0.0,0.0
2022-08-12 00:00:00+09:00,3991.375244140625,4069.637503829657,3922.895766912722,3991.375244140625,144872,0.0,0.0
2022-08-16 00:00:00+09:00,3991.375178231939,3991.375178231939,3820.176487989148,3859.3076171875,193352,0.0,0.0
2022-08-17 00:00:00+09:00,3878.8735093894293,3903.330467203991,3673.435063747114,3707.6748046875,136264,0.0,0.0
2022-08-18 00:00:00+09:00,3707.6748197308248,3810.39404296875,3693.00064498255,3810.39404296875,117790,0.0,0.0
2022-08-19 00:00:00+09:00,3810.393765024038,3913.1129807692305,3795.7195913461537,3815.28515625,96950,0.0,0.0
2022-08-22 00:00:00+09:00,3776.154217208059,4152.791360634252,3658.7608218544406,3717.45751953125,1518088,0.0,0.0
2022-08-23 00:00:00+09:00,3639.195301797945,3697.8920002140408,3546.2588626391266,3570.7158203125,134723,0.0,0.0
2022-08-24 00:00:00+09:00,3570.7156384164464,3776.15407240753,3565.8242471309445,3702.783203125,137177,0.0,0.0
2022-08-25 00:00:00+09:00,3702.7831176442382,3815.2851146136145,3702.7831176442382,3785.936767578125,91496,0.0,0.0
2022-08-26 00:00:00+09:00,3785.936937428885,3815.2852857810467,3756.588589076723,3761.47998046875,75930,0.0,0.0
2022-08-29 00:00:00+09:00,3688.109076975477,3741.914381811989,3580.4984673024524,3590.28125,70951,0.0,0.0
2022-08-30 00:00:00+09:00,3590.281196614583,3737.0229348958333,3575.6070227864584,3668.54345703125,57992,0.0,0.0
2022-08-31 00:00:00+09:00,3668.5436490590637,3795.7198288931113,3668.5436490590637,3781.045654296875,75738,0.0,0.0
2022-09-01 00:00:00+09:00,3805.5024201205415,3834.8507678335536,3702.783203125,3702.783203125,70538,0.0,0.0
2022-09-02 00:00:00+09:00,3702.783204664348,4030.5064209292245,3702.783204664348,3878.873291015625,451517,0.0,0.0
2022-09-05 00:00:00+09:00,3878.8732644984784,3966.9183070722147,3805.502395687032,3918.00439453125,132431,0.0,0.0
2022-09-06 00:00:00+09:00,3918.004633444683,3922.8960249970482,3795.719844635548,3883.764892578125,76546,0.0,0.0
2022-09-07 00:00:00+09:00,3922.8958964056405,3957.135636149829,3737.023023508615,3761.47998046875,74357,0.0,0.0
2022-09-08 00:00:00+09:00,3766.3712028877985,3957.1354586184793,3766.3712028877985,3785.936767578125,47028,0.0,0.0
2022-09-13 00:00:00+09:00,3795.719659378839,3991.37531192414,3795.719659378839,3981.592529296875,93152,0.0,0.0
2022-09-14 00:00:00+09:00,3898.4386870496555,3932.6784245770677,3810.3936476934523,3903.330078125,40902,0.0,0.0
2022-09-15 00:00:00+09:00,3903.330163777409,3903.330163777409,3820.176513671875,3820.176513671875,37549,0.0,0.0
2022-09-16 00:00:00+09:00,3805.5024002944865,3820.1765740745427,3741.9143139142448,3776.154052734375,44116,0.0,0.0
2022-09-19 00:00:00+09:00,3776.1540500806723,3776.1540500806723,3570.7156173042627,3600.06396484375,77906,0.0,0.0
2022-09-20 00:00:00+09:00,3600.063903020026,3785.936767578125,3595.172511847444,3785.936767578125,53170,0.0,0.0
2022-09-21 00:00:00+09:00,3781.0453344980874,3864.1989835103354,3658.7605565389,3756.58837890625,40834,0.0,0.0
2022-09-22 00:00:00+09:00,3668.5435651784233,3707.6746965403263,3570.7157367736654,3688.109130859375,42549,0.0,0.0
2022-09-23 00:00:00+09:00,3639.195001961297,3658.7605664879707,3482.670485747908,3507.12744140625,61592,0.0,0.0
2022-09-26 00:00:00+09:00,3423.9739241945163,3458.2136634364615,3247.8838366645123,3311.471923828125,55607,0.0,0.0
2022-09-27 00:00:00+09:00,3257.6665453229634,3414.1910640171595,3027.771158490862,3287.014892578125,131932,0.0,0.0
2022-09-28 00:00:00+09:00,3252.775079135237,3296.797599003233,3027.7710886988148,3120.70751953125,72466,0.0,0.0
2022-09-29 00:00:00+09:00,3208.7525592672414,3228.318123653017,3120.70751953125,3120.70751953125,28405,0.0,0.0
2022-09-30 00:00:00+09:00,3106.033594885538,3203.8614246457123,2983.74880768532,3154.947509765625,38132,0.0,0.0
2022-10-04 00:00:00+09:00,3169.6215689132464,3277.232177734375,3169.6215689132464,3277.232177734375,41852,0.0,0.0
2022-10-05 00:00:00+09:00,3340.8201880433508,3433.756620800047,3223.42679929805,3252.775146484375,78659,0.0,0.0
2022-10-06 00:00:00+09:00,3262.557997893196,3419.08251953125,3262.557997893196,3419.08251953125,31720,0.0,0.0
2022-10-07 00:00:00+09:00,3419.0825124751627,3453.3222515128255,3350.6030343998377,3384.8427734375,38025,0.0,0.0
2022-10-11 00:00:00+09:00,3335.9288872612847,3340.82027859158,3150.0560167100693,3169.62158203125,53826,0.0,0.0
2022-10-12 00:00:00+09:00,3130.490580847724,3159.838930043171,3057.1197078591053,3115.81640625,41008,0.0,0.0
2022-10-13 00:00:00+09:00,3115.816128434806,3115.816128434806,2837.0068359375,2837.0068359375,87020,0.0,0.0
2022-10-14 00:00:00+09:00,2885.9208984375,2973.9659427966103,2885.9208984375,2885.9208984375,76862,0.0,0.0
2022-10-17 00:00:00+09:00,2856.5725368923613,3003.3142768012153,2797.8758409288193,2993.531494140625,44866,0.0,0.0
2022-10-18 00:00:00+09:00,3081.576626108112,3135.3819322782538,3017.9885369979447,3086.468017578125,53076,0.0,0.0
2022-10-19 00:00:00+09:00,3140.27318605438,3198.9698811208173,3071.79370847687,3106.033447265625,50879,0.0,0.0
2022-10-20 00:00:00+09:00,3110.9250783738057,3179.404561231091,3071.7939453125,3071.7939453125,28409,0.0,0.0
2022-10-21 00:00:00+09:00,3052.2284041088906,3106.033712514656,2988.640312356622,2998.423095703125,38630,0.0,0.0
2022-10-24 00:00:00+09:00,3032.6626633577025,3335.928929693473,3032.6626633577025,3198.969970703125,210397,0.0,0.0
2022-10-25 00:00:00+09:00,3277.232257921325,3379.951477945725,3218.535560764525,3335.928955078125,143952,0.0,0.0
2022-10-26 00:00:00+09:00,3384.842766309306,3423.9738965556567,3335.9288535013684,3350.60302734375,80071,0.0,0.0
2022-10-27 00:00:00+09:00,3350.6031471567167,3482.670716460704,3350.6031471567167,3438.648193359375,76143,0.0,0.0
2022-10-28 00:00:00+09:00,3438.648125484818,3487.562039076352,3409.299777329898,3448.430908203125,60351,0.0,0.0
2022-10-31 00:00:00+09:00,3531.5845728994204,3712.5660537820777,3458.2137022713164,3693.00048828125,143984,0.0,0.0
2022-11-01 00:00:00+09:00,3693.000277815194,3864.198966190733,3673.434713429418,3829.959228515625,106893,0.0,0.0
2022-11-02 00:00:00+09:00,3829.9593299278845,3829.9593299278845,3688.108984375,3815.28515625,81573,0.0,0.0
2022-11-03 00:00:00+09:00,3707.6746965403263,3732.131653641516,3536.475996832,3688.109130859375,81945,0.0,0.0
2022-11-04 00:00:00+09:00,3629.412518728596,3648.9780848672945,3507.1277303617294,3570.7158203125,48450,0.0,0.0
2022-11-07 00:00:00+09:00,3570.7157753392266,3790.828391627261,3570.7157753392266,3717.45751953125,62130,0.0,0.0
2022-11-08 00:00:00+09:00,3722.3486410776773,3844.6334190368652,3717.45724995931,3756.58837890625,60466,0.0,0.0
2022-11-09 00:00:00+09:00,3756.58837890625,3776.15394337972,3688.108903249105,3756.58837890625,34142,0.0,0.0
2022-11-10 00:00:00+09:00,3737.0229763454863,3756.5885416666665,3629.412367078993,3697.891845703125,39710,0.0,0.0
2022-11-11 00:00:00+09:00,3751.6971847837335,3810.393881286217,3658.7607486548013,3693.00048828125,59967,0.0,0.0
2022-11-14 00:00:00+09:00,3722.3489793762365,3825.0682021973944,3653.869497495465,3707.6748046875,78388,0.0,0.0
2022-11-15 00:00:00+09:00,3707.6747832833903,3707.6747832833903,3526.693296500428,3570.7158203125,110212,0.0,0.0
2022-11-16 00:00:00+09:00,3580.4984816647648,3580.4984816647648,3414.1911751393523,3482.670654296875,125505,0.0,0.0
2022-11-17 00:00:00+09:00,3482.670526992566,3570.715568405299,3433.7566150966027,3536.475830078125,84207,0.0,0.0
2022-11-18 00:00:00+09:00,3536.476028485365,3600.0641175176056,3384.842893100792,3472.887939453125,65453,0.0,0.0
2022-11-21 00:00:00+09:00,3492.453499372111,3526.6932395620333,3423.9740189922654,3438.648193359375,74705,0.0,0.0
2022-11-22 00:00:00+09:00,3438.6480062861992,3785.9367807475364,3409.2996591486212,3536.475830078125,567019,0.0,0.0
2022-11-23 00:00:00+09:00,3536.4759451634877,3619.629598092643,3497.344814373297,3590.28125,72965,0.0,0.0
2022-11-24 00:00:00+09:00,3600.06404578877,3673.4349162871827,3507.127609824114,3658.7607421875,113986,0.0,0.0
2022-11-25 00:00:00+09:00,3648.9779519335184,3805.5024753408543,3556.041516160413,3800.611083984375,142816,0.0,0.0
2022-11-28 00:00:00+09:00,3810.3939745264142,4108.7688557152605,3717.457536123331,4030.506591796875,526609,0.0,0.0
2022-11-29 00:00:00+09:00,3864.1991509331597,4304.424370659723,3761.479932996962,4226.162109375,2893986,0.0,0.0
2022-11-30 00:00:00+09:00,4128.334206267086,4255.510378498063,4006.049425275763,4025.614990234375,441585,0.0,0.0
2022-12-01 00:00:00+09:00,3991.3752588478915,4098.98586631683,3922.895781367658,4059.854736328125,237882,0.0,0.0
2022-12-02 00:00:00+09:00,4025.6150431156775,4025.6150431156775,3746.8057387929634,3771.2626953125,237772,0.0,0.0
2022-12-05 00:00:00+09:00,3771.2628257349916,3825.0681319387336,3663.652213327508,3717.45751953125,140849,0.0,0.0
2022-12-06 00:00:00+09:00,3717.4573785269545,3898.438856165767,3614.73816148871,3878.873291015625,252806,0.0,0.0
2022-12-07 00:00:00+09:00,3800.6111563345735,3800.6111563345735,3614.73828125,3614.73828125,156934,0.0,0.0
2022-12-08 00:00:00+09:00,3609.846871463701,3614.738262888449,3423.973997323294,3512.01904296875,92701,0.0,0.0
2022-12-09 00:00:00+09:00,3512.0191271094814,3629.4125241159263,3453.3224286062587,3604.95556640625,105502,0.0,0.0
2022-12-12 00:00:00+09:00,3629.4125634831344,3756.5887449528936,3575.607255938236,3634.303955078125,114822,0.0,0.0
2022-12-13 00:00:00+09:00,3634.303834859914,3712.5660977909483,3531.584614762931,3546.2587890625,62591,0.0,0.0
2022-12-14 00:00:00+09:00,3526.693095995032,3600.06396484375,3453.322227146314,3600.06396484375,53506,0.0,0.0
2022-12-15 00:00:00+09:00,3600.0641294026245,3668.543610124957,3497.3449083191254,3541.367431640625,51948,0.0,0.0
2022-12-16 00:00:00+09:00,3502.236110191561,3507.127501406912,3428.8652419612904,3463.10498046875,77175,0.0,0.0
2022-12-19 00:00:00+09:00,3448.4308743139163,3546.2587005355876,3375.060004647663,3453.322265625,49293,0.0,0.0
2022-12-20 00:00:00+09:00,3453.3223725051535,3453.3223725051535,3252.7753225438064,3262.55810546875,94382,0.0,0.0
2022-12-21 00:00:00+09:00,3262.5579513683265,3399.5169058485562,3262.5579513683265,3355.494384765625,58206,0.0,0.0
2022-12-22 00:00:00+09:00,3355.494333294382,3487.5618945173387,3267.4492924790775,3433.756591796875,54150,0.0,0.0
2022-12-23 00:00:00+09:00,3467.9963400448073,3492.453295898438,3326.14599609375,3326.14599609375,70013,0.0,0.0
2022-12-26 00:00:00+09:00,3282.1236493510582,3463.105132251191,3277.232257921325,3335.928955078125,64594,0.0,0.0
2022-12-27 00:00:00+09:00,3335.9288014889444,3463.1049728067046,3296.7976718527107,3428.865234375,51109,0.0,0.0
2022-12-28 00:00:00+09:00,3423.9737589577285,3423.9737589577285,3287.0148085994197,3370.16845703125,36875,0.0,0.0
2022-12-29 00:00:00+09:00,3335.9288161057693,3335.9288161057693,3179.404296875,3179.404296875,63218,0.0,0.0
2023-01-02 00:00:00+09:00,3140.27335844494,3262.558146546379,3066.902485584077,3081.57666015625,70484,0.0,0.0
2023-01-03 00:00:00+09:00,3081.5764761662135,3125.5989972543025,2915.2691742778784,3037.553955078125,84700,0.0,0.0
2023-01-04 00:00:00+09:00,3032.6626510620117,3130.490478515625,2964.1831718444823,3130.490478515625,28698,0.0,0.0
2023-01-05 00:00:00+09:00,3159.838906879074,3218.5356048396757,3086.4680344283215,3189.187255859375,39542,0.0,0.0
2023-01-06 00:00:00+09:00,3169.621667681784,3301.6892371685253,3120.707753057065,3262.55810546875,32365,0.0,0.0
2023-01-09 00:00:00+09:00,3296.7976749965123,3375.0599343436106,3228.3181980678014,3287.014892578125,29296,0.0,0.0
2023-01-10 00:00:00+09:00,3287.0151417525776,3414.19132283229,3228.31844279271,3321.2548828125,43542,0.0,0.0
2023-01-11 00:00:00+09:00,3321.25468665327,3389.734164728595,3311.47190407108,3384.8427734375,25667,0.0,0.0
2023-01-12 00:00:00+09:00,3389.734138183594,3472.887789481027,3384.8427469308035,3423.973876953125,25815,0.0,0.0
2023-01-13 00:00:00+09:00,3423.9740816935337,3453.3224309651923,3375.060166240769,3394.625732421875,38410,0.0,0.0
2023-01-16 00:00:00+09:00,3414.191155396391,3428.8653294167193,3350.6030679749683,3379.951416015625,29465,0.0,0.0
2023-01-17 00:00:00+09:00,3379.951477945725,3404.4084350943913,3331.037563648392,3335.928955078125,21237,0.0,0.0
2023-01-18 00:00:00+09:00,3306.580668705888,3340.8204093581676,3267.4495365318535,3291.906494140625,29115,0.0,0.0
2023-01-19 00:00:00+09:00,3291.9062987569473,3375.0599496913724,3228.318212748269,3355.494384765625,41997,0.0,0.0
2023-01-20 00:00:00+09:00,3365.277107688849,3419.0824102827114,3345.711543109263,3399.516845703125,32670,0.0,0.0
2023-01-25 00:00:00+09:00,3448.4308878580728,3453.322279188368,3355.4944525824653,3345.711669921875,30319,0.0,0.0
2023-01-26 00:00:00+09:00,3384.842949331322,3453.3224309651923,3384.842949331322,3394.625732421875,38421,0.0,0.0
2023-01-27 00:00:00+09:00,3394.6254545582287,3428.865192572505,3375.0598899786423,3399.516845703125,18259,0.0,0.0
2023-01-30 00:00:00+09:00,3370.1686265733506,3399.5169745551216,3296.797756618924,3345.711669921875,63189,0.0,0.0
2023-01-31 00:00:00+09:00,3345.7117165082495,3409.2998046875,3287.0150197274033,3409.2998046875,58685,0.0,0.0
2023-02-01 00:00:00+09:00,3409.2996883114297,3448.430818162924,3350.6029935341885,3355.494384765625,39527,0.0,0.0
2023-02-02 00:00:00+09:00,3365.277248612106,3443.5395102077364,3365.277248612106,3414.191162109375,38378,0.0,0.0
2023-02-03 00:00:00+09:00,3448.430845547566,3453.3222368178467,3311.47188997972,3316.36328125,37911,0.0,0.0
2023-02-06 00:00:00+09:00,3291.906384710217,3360.385863738364,3277.232210632757,3448.430908203125,48,0.0,0.0
2023-02-07 00:00:00+09:00,3335.928768668759,3448.4307652660923,3335.928768668759,3433.756591796875,81769,0.0,0.0
2023-02-08 00:00:00+09:00,3448.4309015574636,3492.4534237050057,3414.191162109375,3414.191162109375,36457,0.0,0.0
2023-02-09 00:00:00+09:00,3448.430757152091,3448.430757152091,3326.1459785296765,3399.516845703125,501,0.0,0.0
2023-02-10 00:00:00+09:00,3399.5170783716503,3399.5170783716503,3287.0150743392073,3331.03759765625,39732,0.0,0.0
2023-02-13 00:00:00+09:00,3331.0374622205745,3350.60302734375,3272.340766851049,3350.60302734375,22229,0.0,0.0
2023-02-14 00:00:00+09:00,3301.6890228051934,3487.5618863112636,3287.0148493705037,3399.516845703125,96,0.0,0.0
2023-02-15 00:00:00+09:00,3399.517055818404,3482.6707104211564,3282.123661085107,3404.408447265625,1200,0.0,0.0
2023-02-16 00:00:00+09:00,3370.1686196714595,3399.516967593127,3296.7977498672913,3311.471923828125,710,0.0,0.0
2023-02-17 00:00:00+09:00,3316.3632440082097,3629.4122817906955,3262.557940639345,3463.10498046875,1093,0.0,0.0
2023-02-20 00:00:00+09:00,3463.105134698276,3595.1727033943966,3394.625654633621,3546.2587890625,113104,0.0,0.0
2023-02-21 00:00:00+09:00,3546.2588863772944,3546.2588863772944,3472.88801286604,3497.344970703125,85,0.0,0.0
2023-02-22 00:00:00+09:00,3453.3222515128255,3453.3222515128255,3355.494425690932,3384.8427734375,48234,0.0,0.0
2023-02-23 00:00:00+09:00,3355.4943994140626,3438.6480507114957,3335.928834402902,3423.973876953125,47212,0.0,0.0
2023-02-24 00:00:00+09:00,3453.3222442404194,3453.3222442404194,3326.1460709397807,3350.60302734375,50014,0.0,0.0
2023-02-27 00:00:00+09:00,3316.363368117826,3458.2137186715386,3277.2322369305953,3409.2998046875,75026,0.0,0.0
2023-02-28 00:00:00+09:00,3409.2997837709577,3492.453437033664,3365.2772614554074,3482.670654296875,86096,0.0,0.0
2023-03-02 00:00:00+09:00,3531.584780828147,3531.584780828147,3443.539730890603,3487.562255859375,54471,0.0,0.0
2023-03-03 00:00:00+09:00,3487.562085845012,3551.1501743667304,3487.562085845012,3512.01904296875,51354,0.0,0.0
2023-03-06 00:00:00+09:00,3512.0188325379186,3531.584397064592,3453.3221389578976,3507.12744140625,48936,0.0,0.0
2023-03-07 00:00:00+09:00,3507.127651544002,3526.6932172429924,3453.3223458717794,3512.01904296875,69559,0.0,0.0
2023-03-08 00:00:00+09:00,3477.7791122045273,3477.7791122045273,3389.7340713892227,3433.756591796875,33739,0.0,0.0
2023-03-09 00:00:00+09:00,3414.191241884903,3487.56211384518,3404.408458956866,3472.887939453125,66056,0.0,0.0
2023-03-10 00:00:00+09:00,3433.7567207568286,3438.6481120969383,3370.168633335406,3379.951416015625,42189,0.0,0.0
2023-03-13 00:00:00+09:00,3326.146077944364,3384.8427734375,3233.209643413566,3384.8427734375,71060,0.0,0.0
2023-03-14 00:00:00+09:00,3331.0374056479086,3331.0374056479086,3174.512887320841,3252.775146484375,78483,0.0,0.0
2023-03-15 00:00:00+09:00,3252.775176077178,3389.734130859375,3252.775176077178,3389.734130859375,54051,0.0,0.0
2023-03-16 00:00:00+09:00,3389.7343649323457,3409.299931252301,3311.472099652522,3321.2548828125,25625,0.0,0.0
2023-03-17 00:00:00+09:00,3335.928948929398,3355.494514612268,3287.015034722222,3301.689208984375,75051,0.0,0.0
2023-03-20 00:00:00+09:00,3301.689175035827,3340.8203059992143,3272.3408268132857,3306.58056640625,51142,0.0,0.0
2023-03-21 00:00:00+09:00,3306.58056640625,3384.8428283330254,3272.3408268132857,3306.58056640625,55463,0.0,0.0
2023-03-22 00:00:00+09:00,3306.5805325078472,3335.9288804295143,3282.1235759064575,3311.471923828125,31381,0.0,0.0
2023-03-23 00:00:00+09:00,3301.6891272359308,3321.2546924343656,3238.1010403410164,3242.992431640625,37604,0.0,0.0
2023-03-24 00:00:00+09:00,3228.318466738046,3267.4495996682044,3218.5356835055068,3247.884033203125,19524,0.0,0.0
2023-03-27 00:00:00+09:00,3247.883856920317,3301.689161778937,3179.4043780093466,3238.10107421875,50055,0.0,0.0
2023-03-28 00:00:00+09:00,3203.861119729708,3340.820068359375,3203.861119729708,3340.820068359375,30968,0.0,0.0
2023-03-29 00:00:00+09:00,3340.820237601401,3370.1685852230826,3262.5579772769174,3316.36328125,22517,0.0,0.0
2023-03-30 00:00:00+09:00,3316.363428869913,3414.1912586300873,3277.232296965843,3365.27734375,43243,0.0,0.0
2023-03-31 00:00:00+09:00,3365.2771561617233,3463.10498046875,3247.883766993291,3463.10498046875,67576,0.0,0.0
2023-04-03 00:00:00+09:00,3477.7791237054867,3795.719549923288,3472.8877325329054,3785.936767578125,345633,0.0,0.0
2023-04-04 00:00:00+09:00,3785.9368088942306,3815.28515625,3722.348722956731,3815.28515625,129277,0.0,0.0
2023-04-05 00:00:00+09:00,3815.2852921633375,3927.787294368154,3717.4574641591494,3795.7197265625,126289,0.0,0.0
2023-04-06 00:00:00+09:00,3795.7195913461537,3878.8732421874997,3697.891766826923,3815.28515625,77975,0.0,0.0
2023-04-07 00:00:00+09:00,3918.004329237827,3918.004329237827,3717.457291161983,3785.936767578125,63752,0.0,0.0
2023-04-10 00:00:00+09:00,3766.3712969874837,3785.9368621666395,3658.760688502127,3737.02294921875,71035,0.0,0.0
2023-04-11 00:00:00+09:00,3727.240193684896,3805.502454969618,3551.150105794271,3697.891845703125,155611,0.0,0.0
2023-04-12 00:00:00+09:00,3732.1314065867455,3878.8731394800648,3732.1314065867455,3829.959228515625,84404,0.0,0.0
2023-04-13 00:00:00+09:00,3849.524834887912,3888.6559640862642,3756.588403041825,3859.3076171875,44766,0.0,0.0
2023-04-14 00:00:00+09:00,3869.090717921029,3942.4615912065096,3859.307934816298,3883.764892578125,58265,0.0,0.0
2023-04-17 00:00:00+09:00,3888.6560542040534,3996.266661993348,3888.6560542040534,3952.244140625,91125,0.0,0.0
2023-04-18 00:00:00+09:00,3952.2443108849625,3996.26683414977,3781.045609299599,3927.787353515625,80902,0.0,0.0
2023-04-19 00:00:00+09:00,3927.7870335017233,3976.7009442551694,3878.873122748277,3903.330078125,49610,0.0,0.0
2023-04-20 00:00:00+09:00,3898.439010043188,3898.439010043188,3707.6747422995436,3751.697265625,110790,0.0,0.0
2023-04-21 00:00:00+09:00,3712.5660977909483,3761.480012122845,3477.779308997845,3546.2587890625,196768,0.0,0.0
2023-04-24 00:00:00+09:00,3546.2588114134023,3560.9329858054575,3433.756807740977,3472.887939453125,70399,0.0,0.0
2023-04-25 00:00:00+09:00,3472.887939453125,3575.607160197513,3335.928978460607,3472.887939453125,82996,0.0,0.0
2023-04-26 00:00:00+09:00,3472.887712876574,3600.063882643885,3379.951281123539,3399.516845703125,97736,0.0,0.0
2023-04-27 00:00:00+09:00,3399.517084166061,3629.412484102471,3379.9515182140262,3575.607177734375,86377,0.0,0.0
2023-04-28 00:00:00+09:00,3585.389845106337,3614.738193088108,3467.9964531792534,3521.8017578125,67398,0.0,0.0
2023-05-02 00:00:00+09:00,3536.475918587327,3668.5434840117505,3531.5845272753118,3629.412353515625,72434,0.0,0.0
2023-05-03 00:00:00+09:00,3629.4123807901906,3648.9779461852863,3585.389858651226,3590.28125,52084,0.0,0.0
2023-05-04 00:00:00+09:00,3585.389892578125,3644.0865893188306,3560.9329356028306,3585.389892578125,43818,0.0,0.0
2023-05-08 00:00:00+09:00,3590.28121611926,3712.56599868463,3585.3898248166456,3595.172607421875,49512,0.0,0.0
2023-05-09 00:00:00+09:00,3609.846808642108,3668.5435047175893,3556.04150390625,3556.04150390625,29441,0.0,0.0
2023-05-10 00:00:00+09:00,3556.041544207772,3619.6296323435367,3516.910413047301,3585.389892578125,36385,0.0,0.0
2023-05-11 00:00:00+09:00,3600.064019097222,3727.240193684896,3590.281236436632,3697.891845703125,93050,0.0,0.0
2023-05-12 00:00:00+09:00,3697.891726471657,3805.502332268451,3629.412250055515,3785.936767578125,92433,0.0,0.0
2023-05-15 00:00:00+09:00,3761.480024737821,3771.2628076370092,3580.4985411028415,3614.73828125,107253,0.0,0.0
2023-05-16 00:00:00+09:00,3619.629584418403,3903.330281575521,3619.629584418403,3873.98193359375,203561,0.0,0.0
2023-05-17 00:00:00+09:00,3873.982001582279,3903.330350079114,3722.348867681962,3864.19921875,159897,0.0,0.0
2023-05-18 00:00:00+09:00,3883.7645138236217,3952.243988878446,3873.9817316729323,3903.330078125,43483,0.0,0.0
2023-05-19 00:00:00+09:00,3922.8960249970482,3927.7874165494136,3864.1993263686636,3883.764892578125,43639,0.0,0.0
2023-05-22 00:00:00+09:00,3883.764892578125,3942.4615912065096,3829.9595855021057,3883.764892578125,40847,0.0,0.0
2023-05-23 00:00:00+09:00,3922.8959849401176,3947.352942452213,3825.0681548917355,3854.41650390625,41541,0.0,0.0
2023-05-24 00:00:00+09:00,3854.4163821530033,3878.8733388925525,3712.566033063616,3766.371337890625,48164,0.0,0.0
2023-05-25 00:00:00+09:00,3785.936725616455,3844.6334190368652,3737.02281443278,3756.58837890625,39868,0.0,0.0
2023-05-26 00:00:00+09:00,3756.5885416666665,3825.068020290799,3697.891845703125,3697.891845703125,40445,0.0,0.0
2023-05-30 00:00:00+09:00,3717.4574373206315,3839.7422214430208,3717.4574373206315,3834.850830078125,56273,0.0,0.0
2023-05-31 00:00:00+09:00,3873.9819597942073,4059.8548316025153,3859.3077857040776,4010.94091796875,135600,0.0,0.0
2023-06-01 00:00:00+09:00,4010.9407248425837,4010.9407248425837,3878.87316439045,3932.678466796875,71100,0.0,0.0
2023-06-02 00:00:00+09:00,3932.678549373851,4025.6149827545764,3932.678549373851,3991.375244140625,57500,0.0,0.0
2023-06-05 00:00:00+09:00,3991.3752779907977,3991.3752779907977,3864.1991049175613,3986.48388671875,66571,0.0,0.0
2023-06-07 00:00:00+09:00,3986.483900854757,4084.311726642604,3976.7011182759725,4054.96337890625,93186,0.0,0.0
2023-06-08 00:00:00+09:00,4045.1805819833207,4045.1805819833207,3913.113017638037,3986.48388671875,60521,0.0,0.0
2023-06-09 00:00:00+09:00,3981.5925361363807,4035.397840678764,3942.461405560102,4015.832275390625,47244,0.0,0.0
2023-06-12 00:00:00+09:00,4015.8322891407224,4015.8322891407224,3873.98194031602,3908.2216796875,46312,0.0,0.0
2023-06-13 00:00:00+09:00,3908.2215111575906,3947.352640180445,3898.4387289018773,3932.678466796875,33393,0.0,0.0
2023-06-14 00:00:00+09:00,3932.678721018145,3971.8098525705645,3756.588629032258,3790.828369140625,48716,0.0,0.0
2023-06-15 00:00:00+09:00,3790.8282478399865,3937.5699864660505,3790.8282478399865,3878.873291015625,44477,0.0,0.0
2023-06-16 00:00:00+09:00,3903.3302614573654,3966.9183484234627,3888.656087542112,3947.352783203125,30564,0.0,0.0
2023-06-19 00:00:00+09:00,3957.1358338127225,4133.225932721571,3957.1358338127225,4118.5517578125,151043,0.0,0.0
2023-06-20 00:00:00+09:00,4074.528617552268,4162.573653705858,4054.9630539625814,4138.11669921875,84451,0.0,0.0
2023-06-21 00:00:00+09:00,4206.596563824152,4485.405870961335,4201.705172470868,4328.88134765625,551055,0.0,0.0
2023-06-22 00:00:00+09:00,4328.8813342018875,4328.8813342018875,4045.180636593176,4260.40185546875,148343,0.0,0.0
2023-06-23 00:00:00+09:00,4250.619134394033,4363.121136800319,4177.248263259498,4216.37939453125,76767,0.0,0.0
2023-06-26 00:00:00+09:00,4157.682890903355,4270.184898539564,4118.5517578125,4118.5517578125,69727,0.0,0.0
2023-06-27 00:00:00+09:00,4157.682482252634,4216.379176119731,4108.768570696721,4177.248046875,102261,0.0,0.0
2023-06-28 00:00:00+09:00,4177.2479880323,4372.903631499855,4177.2479880323,4221.2705078125,142736,0.0,0.0
2023-06-29 00:00:00+09:00,4221.270768936821,4500.080078125,4064.7462444802986,4500.080078125,324782,0.0,0.0
2023-06-30 00:00:00+09:00,4451.166439616771,4524.537314995069,4206.5968550224425,4495.18896484375,232024,0.0,0.0
2023-07-03 00:00:00+09:00,4495.188393579987,4725.083773882772,4485.405611439443,4720.1923828125,277257,0.0,0.0
2023-07-04 00:00:00+09:00,4734.8665112567205,4734.8665112567205,4509.862524151546,4548.99365234375,141104,0.0,0.0
2023-07-05 00:00:00+09:00,4602.799004419106,4720.192390291644,4436.491707766343,4470.7314453125,132719,0.0,0.0
2023-07-06 00:00:00+09:00,4460.948697327489,4500.0798262514145,4182.139403744521,4323.98974609375,141216,0.0,0.0
2023-07-07 00:00:00+09:00,4279.967631768743,4392.469638089521,4226.162324397936,4265.29345703125,110932,0.0,0.0
2023-07-10 00:00:00+09:00,4255.510605870995,4514.7543554240565,4138.117209846968,4275.076171875,160261,0.0,0.0
2023-07-11 00:00:00+09:00,4275.076365573347,4309.316107631715,4064.7465215005163,4143.0087890625,175488,0.0,0.0
2023-07-12 00:00:00+09:00,4196.813694202872,4255.510389226689,4123.442825423102,4235.94482421875,80590,0.0,0.0
2023-07-13 00:00:00+09:00,4275.076142775998,4279.967534243706,4098.986049938543,4103.87744140625,62676,0.0,0.0
2023-07-14 00:00:00+09:00,4108.768641308475,4128.334206267086,3971.8096865981925,4025.614990234375,93379,0.0,0.0
2023-07-17 00:00:00+09:00,4064.7464792814185,4108.769004327788,4030.506737578687,4079.420654296875,48289,0.0,0.0
2023-07-18 00:00:00+09:00,4079.420460128314,4079.420460128314,3957.1356741532445,3966.91845703125,56431,0.0,0.0
2023-07-19 00:00:00+09:00,3947.3528171283733,4020.7236873352203,3893.5475123100186,3942.46142578125,57598,0.0,0.0
2023-07-20 00:00:00+09:00,3922.8956593480602,3922.8956593480602,3825.067837419181,3829.959228515625,55860,0.0,0.0
2023-07-21 00:00:00+09:00,3790.8284373610322,3869.0907018742923,3776.1542627647964,3781.045654296875,36881,0.0,0.0
2023-07-24 00:00:00+09:00,3776.1540035202565,3781.0453947165265,3590.2811380620055,3712.56591796875,131772,0.0,0.0
2023-07-25 00:00:00+09:00,3678.326344936709,3913.1131329113928,3673.4349535205697,3864.19921875,210737,0.0,0.0
2023-07-26 00:00:00+09:00,3795.719861820464,3849.525169140084,3467.996626328233,3531.584716796875,169600,0.0,0.0
2023-07-27 00:00:00+09:00,3531.5845602964746,3727.2402146065283,3516.9103862232205,3624.52099609375,77796,0.0,0.0
2023-07-28 00:00:00+09:00,3624.5210090283526,3717.457445157285,3551.1501384002486,3693.00048828125,44438,0.0,0.0
2023-07-31 00:00:00+09:00,3693.000654218014,3741.9145701679217,3595.172822318199,3634.303955078125,79193,0.0,0.0
2023-08-01 00:00:00+09:00,3634.3037448276405,3658.760701387719,3580.498440395468,3629.412353515625,58502,0.0,0.0
2023-08-02 00:00:00+09:00,3639.1952042863177,3756.5885979729733,3580.49850744299,3619.629638671875,79731,0.0,0.0
2023-08-03 00:00:00+09:00,3580.4983326981705,3609.8466796875,3497.344682895071,3609.8466796875,49355,0.0,0.0
2023-08-04 00:00:00+09:00,3560.932901907357,3609.8468153950953,3521.801771117166,3590.28125,30391,0.0,0.0
2023-08-07 00:00:00+09:00,3590.2813917804447,3629.4125241159263,3502.236344025611,3604.95556640625,41820,0.0,0.0
2023-08-08 00:00:00+09:00,3604.9553757666217,3668.5434624490726,3487.5619849682516,3526.693115234375,42659,0.0,0.0
2023-08-09 00:00:00+09:00,3516.9105369727927,3551.1502779447114,3467.9966212986233,3497.344970703125,42704,0.0,0.0
2023-08-10 00:00:00+09:00,3536.4760224734396,3560.932979751956,3423.9740189922654,3438.648193359375,83052,0.0,0.0
2023-08-11 00:00:00+09:00,3477.7792358398438,3570.7156711154516,3463.1050618489585,3521.8017578125,61008,0.0,0.0
2023-08-14 00:00:00+09:00,3516.910366482205,3516.910366482205,3287.0149739583335,3345.711669921875,160148,0.0,0.0
2023-08-16 00:00:00+09:00,3345.7117557010138,3458.213759182188,3282.1236667768717,3438.648193359375,150914,0.0,0.0
2023-08-17 00:00:00+09:00,3335.929033878557,3394.625732421875,3228.3184198824747,3394.625732421875,153757,0.0,0.0
2023-08-18 00:00:00+09:00,3394.6257565123346,3399.5171480923236,3291.9065333325666,3321.2548828125,61491,0.0,0.0
2023-08-21 00:00:00+09:00,3316.3633425588564,3340.820299362388,3238.101080787556,3272.3408203125,37897,0.0,0.0
2023-08-22 00:00:00+09:00,3301.689107439159,3360.385802682522,3252.7751947363568,3316.36328125,51131,0.0,0.0
2023-08-23 00:00:00+09:00,3331.037428608441,3389.7341233856823,3316.363254914131,3355.494384765625,40408,0.0,0.0
2023-08-24 00:00:00+09:00,3355.494425690932,3394.6255560196896,3321.25468665327,3384.8427734375,23076,0.0,0.0
2023-08-25 00:00:00+09:00,3384.842587561768,3394.6253696067442,3340.820068359375,3340.820068359375,31021,0.0,0.0
2023-08-28 00:00:00+09:00,3350.6030152575804,3458.213623046875,3326.1460589418316,3458.213623046875,48745,0.0,0.0
2023-08-29 00:00:00+09:00,3463.105048247167,3497.344787424752,3433.7567003806657,3453.322265625,31259,0.0,0.0
2023-08-30 00:00:00+09:00,3453.3224074951518,3487.562148079381,3438.6482329590535,3467.99658203125,40247,0.0,0.0
2023-08-31 00:00:00+09:00,3467.996371684101,3497.344718976209,3443.5394156073444,3463.10498046875,38305,0.0,0.0
2023-09-01 00:00:00+09:00,3463.1051565250878,3526.6932455573283,3404.408458956866,3472.887939453125,92689,0.0,0.0
2023-09-04 00:00:00+09:00,3472.887973543283,3521.801888663611,3375.060143302627,3467.99658203125,66605,0.0,0.0
2023-09-05 00:00:00+09:00,3463.1049728067046,3463.1049728067046,3379.9513223297076,3428.865234375,47319,0.0,0.0
2023-09-06 00:00:00+09:00,3428.8652878364505,3453.3222442404194,3335.9288535013684,3350.60302734375,45356,0.0,0.0
2023-09-07 00:00:00+09:00,3345.7116288716816,3375.0599764933627,3277.232151087758,3316.36328125,55380,0.0,0.0
2023-09-08 00:00:00+09:00,3272.340693215763,3365.277125459559,3252.7751285328586,3326.14599609375,55284,0.0,0.0
2023-09-11 00:00:00+09:00,3375.0600441921965,3482.670654296875,3326.1461305082516,3482.670654296875,54047,0.0,0.0
2023-09-12 00:00:00+09:00,3463.1051565250878,3497.3448967732174,3443.539590669014,3472.887939453125,34347,0.0,0.0
2023-09-13 00:00:00+09:00,3463.105082280585,3507.1276045129653,3399.516994611591,3448.430908203125,64999,0.0,0.0
2023-09-14 00:00:00+09:00,3428.8653427665113,3482.6706477171983,3370.168646456671,3448.430908203125,59864,0.0,0.0
2023-09-15 00:00:00+09:00,3448.4309544470316,3512.01904296875,3433.756780172789,3512.01904296875,26648,0.0,0.0
2023-09-18 00:00:00+09:00,3482.670579362624,3512.0189269415223,3399.516927889078,3458.213623046875,42885,0.0,0.0
2023-09-19 00:00:00+09:00,3433.7566863484467,3458.21364280392,3340.820251817648,3384.8427734375,32370,0.0,0.0
2023-09-20 00:00:00+09:00,3365.2772758152173,3384.8428413722822,3335.9289274796192,3375.06005859375,21162,0.0,0.0
2023-09-21 00:00:00+09:00,3360.385946534279,3360.385946534279,3272.3408999001927,3331.03759765625,33879,0.0,0.0
2023-09-22 00:00:00+09:00,3316.3632150102953,3908.221546892664,3252.775129766735,3785.936767578125,2995941,0.0,0.0
2023-09-25 00:00:00+09:00,3771.262701564079,4006.0494845408316,3600.064005643531,3629.412353515625,743137,0.0,0.0
2023-09-26 00:00:00+09:00,3648.977839935542,3873.981835427546,3585.389754253019,3746.8056640625,445974,0.0,0.0
2023-09-27 00:00:00+09:00,3507.12750539472,3663.6520244639405,3311.4718565581948,3639.195068359375,503115,0.0,0.0
2023-10-04 00:00:00+09:00,3595.172660777111,3746.8057934085264,3531.5845728994204,3693.00048828125,287547,0.0,0.0
2023-10-05 00:00:00+09:00,3663.652173758185,3932.67870187127,3590.281302454617,3688.109130859375,647339,0.0,0.0
2023-10-06 00:00:00+09:00,3771.2625940603803,3878.8731998571743,3746.8056381974725,3785.936767578125,233179,0.0,0.0
2023-10-10 00:00:00+09:00,3756.5886169513797,3805.5025312346006,3570.7157426751396,3722.348876953125,248122,0.0,0.0
2023-10-11 00:00:00+09:00,3722.3488222807073,3903.330302470439,3722.3488222807073,3800.611083984375,274581,0.0,0.0
2023-10-12 00:00:00+09:00,3766.371350969587,3873.9819609972897,3737.0230027802136,3834.850830078125,203168,0.0,0.0
2023-10-13 00:00:00+09:00,3815.285333806818,4035.39794921875,3722.348896188447,4035.39794921875,270104,0.0,0.0
2023-10-16 00:00:00+09:00,4025.6149408034335,4128.334155574846,3913.1129436728393,3962.02685546875,291720,0.0,0.0
2023-10-17 00:00:00+09:00,3937.57013646336,4001.158225623638,3903.3303961462875,3927.787353515625,114390,0.0,0.0
2023-10-18 00:00:00+09:00,3918.0044416020646,3918.0044416020646,3766.371310903358,3805.50244140625,114169,0.0,0.0
2023-10-19 00:00:00+09:00,3732.131762502061,3800.611244382833,3648.978105932553,3707.6748046875,105763,0.0,0.0
2023-10-20 00:00:00+09:00,3673.4349802314778,3859.307855396319,3600.064108455882,3825.068115234375,122785,0.0,0.0
2023-10-23 00:00:00+09:00,3825.0679986447703,3873.981911670918,3590.28121611926,3595.172607421875,113172,0.0,0.0
2023-10-24 00:00:00+09:00,3590.2813412314968,3722.3489110043174,3502.236294716283,3717.45751953125,107228,0.0,0.0
2023-10-25 00:00:00+09:00,3697.8918590198864,3795.7196859780843,3673.4349022803367,3766.371337890625,75393,0.0,0.0
2023-10-26 00:00:00+09:00,3732.1315991144415,3741.914381811989,3575.6070759536783,3590.28125,70861,0.0,0.0
2023-10-27 00:00:00+09:00,3590.2810732315147,3702.783068714246,3575.60689990768,3580.498291015625,52649,0.0,0.0
2023-10-30 00:00:00+09:00,3580.4985135855927,3663.6521675896297,3521.8018166415663,3653.869384765625,42797,0.0,0.0
2023-10-31 00:00:00+09:00,3658.760938036573,3697.892071063702,3536.4761473267945,3560.93310546875,61122,0.0,0.0
2023-11-01 00:00:00+09:00,3560.9328161409785,3688.1089881460134,3560.9328161409785,3673.434814453125,59190,0.0,0.0
2023-11-02 00:00:00+09:00,3683.217552953912,3795.719549923288,3673.434770608749,3785.936767578125,43482,0.0,0.0
2023-11-03 00:00:00+09:00,3834.850782263294,3839.7421735672015,3737.0229561851493,3771.2626953125,81650,0.0,0.0
2023-11-06 00:00:00+09:00,3776.1539609790007,3815.285090108317,3653.8691824498883,3683.217529296875,113622,0.0,0.0
2023-11-07 00:00:00+09:00,3683.217705530836,3707.674662406871,3580.49848665149,3693.00048828125,64386,0.0,0.0
2023-11-08 00:00:00+09:00,3732.1314588097052,3732.1314588097052,3590.281115027947,3609.8466796875,41181,0.0,0.0
2023-11-09 00:00:00+09:00,3609.846822020496,3663.6521269557607,3560.9329084429824,3624.52099609375,21863,0.0,0.0
2023-11-10 00:00:00+09:00,3619.629638671875,3663.652161304371,3575.6071160393794,3619.629638671875,30677,0.0,0.0
2023-11-13 00:00:00+09:00,3712.565944300828,3756.5884653794938,3644.0864670673477,3673.434814453125,88454,0.0,0.0
2023-11-14 00:00:00+09:00,3707.674758833677,3932.678767944956,3697.891975828839,3854.41650390625,213611,0.0,0.0
2023-11-15 00:00:00+09:00,3922.895702134823,3922.895702134823,3815.2850968393536,3859.3076171875,162443,0.0,0.0
2023-11-16 00:00:00+09:00,3986.483860317151,4094.094467589516,3913.112991722357,4025.614990234375,231892,0.0,0.0
2023-11-17 00:00:00+09:00,4025.6151261661516,4025.6151261661516,3932.678689474588,4006.049560546875,86858,0.0,0.0
2023-11-20 00:00:00+09:00,3971.809747242647,4206.596530330882,3922.895834099265,4157.6826171875,121490,0.0,0.0
2023-11-21 00:00:00+09:00,4206.596837764164,4275.076321169627,4025.6153459068682,4079.420654296875,102102,0.0,0.0
2023-11-22 00:00:00+09:00,4079.4205721640174,4260.402060377529,4025.6152648572975,4231.0537109375,105463,0.0,0.0
2023-11-23 00:00:00+09:00,4231.053471374512,4231.053471374512,3869.0905154418947,3913.113037109375,274576,0.0,0.0
2023-11-24 00:00:00+09:00,3913.1132019352794,3942.461550949794,3795.719805877221,3854.41650390625,91052,0.0,0.0
2023-11-27 00:00:00+09:00,3854.4163682725693,3913.1130642361113,3785.9368896484375,3873.98193359375,105314,0.0,0.0
2023-11-28 00:00:00+09:00,3859.307766299671,3908.2216796875,3849.5249836221055,3908.2216796875,77351,0.0,0.0
2023-11-29 00:00:00+09:00,3913.113057324841,3932.678622611465,3820.176622213376,3839.7421875,87910,0.0,0.0
2023-11-30 00:00:00+09:00,3805.502454969618,3873.98193359375,3648.977932400174,3873.98193359375,111185,0.0,0.0
2023-12-01 00:00:00+09:00,3873.9818044809194,4069.637451171875,3873.9818044809194,4069.637451171875,145596,0.0,0.0
2023-12-04 00:00:00+09:00,4064.746254797149,4182.1396484375,3996.266775173611,4182.1396484375,122086,0.0,0.0
2023-12-05 00:00:00+09:00,4138.1171816802,4167.465530486443,4050.072135261472,4103.87744140625,79834,0.0,0.0
2023-12-06 00:00:00+09:00,4098.986200350467,4221.270991530374,4035.398108936916,4187.03125,80653,0.0,0.0
2023-12-07 00:00:00+09:00,4133.225646680622,4206.5965161483255,4089.203125,4089.203125,76846,0.0,0.0
2023-12-08 00:00:00+09:00,4089.2032178980567,4240.836351576095,4089.2032178980567,4216.37939453125,89055,0.0,0.0
2023-12-11 00:00:00+09:00,4216.379536217485,4333.7729339776015,4108.768921604046,4231.0537109375,89786,0.0,0.0
2023-12-12 00:00:00+09:00,4294.641237745098,4382.686274509804,4191.9220281862745,4240.8359375,87062,0.0,0.0
2023-12-13 00:00:00+09:00,4231.053155637255,4382.686274509804,4211.487591911765,4240.8359375,119337,0.0,0.0
2023-12-14 00:00:00+09:00,4265.293211722488,4299.5329508074165,4074.5289511064593,4089.203125,51025,0.0,0.0
2023-12-15 00:00:00+09:00,4089.2033453290246,4187.031176556992,4089.2033453290246,4162.57421875,35855,0.0,0.0
2023-12-18 00:00:00+09:00,4167.465759558612,4304.424728182604,4167.465759558612,4245.72802734375,73967,0.0,0.0
2023-12-19 00:00:00+09:00,4314.206947063578,4333.772511449353,4240.8360806169185,4255.51025390625,41069,0.0,0.0
2023-12-20 00:00:00+09:00,4289.750265665784,4289.750265665784,4182.139654668467,4216.37939453125,33404,0.0,0.0
2023-12-21 00:00:00+09:00,4167.465351282482,4294.641523974201,4079.420308649753,4094.094482421875,50916,0.0,0.0
2023-12-22 00:00:00+09:00,4094.0944635095734,4196.813679439921,4079.420289805238,4167.46533203125,42121,0.0,0.0
2023-12-26 00:00:00+09:00,4167.465392849199,4231.053479829293,4108.768697175267,4123.44287109375,46883,0.0,0.0
2023-12-27 00:00:00+09:00,4182.987329277204,4262.379734103342,4138.3291015625,4138.3291015625,30407,60.0,0.0
2023-12-28 00:00:00+09:00,4148.253202550552,4192.911430807674,4034.126619226792,4049.0126953125,47493,0.0,0.0
2024-01-02 00:00:00+09:00,4049.0126405519864,4282.2278294073085,4039.088589962398,4247.49365234375,95405,0.0,0.0
2024-01-03 00:00:00+09:00,4247.493695494186,4336.8101517078485,4207.797492732559,4267.341796875,75659,0.0,0.0
2024-01-04 00:00:00+09:00,4287.189786585366,4311.999912665143,4187.9492822662605,4272.3037109375,32260,0.0,0.0
2024-01-05 00:00:00+09:00,4272.3038908305925,4316.962119654606,4118.481102658991,4242.53173828125,50517,0.0,0.0
2024-01-08 00:00:00+09:00,4262.379737158737,4346.734167346977,4044.0506237303503,4083.746826171875,68905,0.0,0.0
2024-01-09 00:00:00+09:00,4158.177092616998,4158.177092616998,3994.4302620008157,4088.708740234375,42350,0.0,0.0
2024-01-10 00:00:00+09:00,4088.7089457470643,4168.1013524606,3979.544386515953,4014.278564453125,36464,0.0,0.0
2024-01-11 00:00:00+09:00,4014.278568736294,4053.974772135417,3944.810212787829,3959.6962890625,29293,0.0,0.0
2024-01-12 00:00:00+09:00,3959.6962890625,3994.430467036733,3870.3798314144738,3959.6962890625,58160,0.0,0.0
2024-01-15 00:00:00+09:00,4009.316318359375,4158.177072753906,4009.316318359375,3969.6201171875,57136,0.0,0.0
2024-01-16 00:00:00+09:00,3969.6201646419436,3969.6201646419436,3805.8733328504636,3880.3037109375,66445,0.0,0.0
2024-01-17 00:00:00+09:00,3880.3038005706435,3880.3038005706435,3746.329116919227,3865.417724609375,63867,0.0,0.0
2024-01-18 00:00:00+09:00,3815.7974745432534,3850.5316518147783,3771.139246622721,3810.83544921875,39371,0.0,0.0
2024-01-19 00:00:00+09:00,3776.101268841764,3885.265825891066,3776.101268841764,3865.417724609375,57941,0.0,0.0
2024-01-22 00:00:00+09:00,3910.075819192063,3915.0378443433224,3771.139114956812,3805.873291015625,44464,0.0,0.0
2024-01-23 00:00:00+09:00,3800.911265864366,3830.68341677192,3746.3289892005173,3805.873291015625,45294,0.0,0.0
2024-01-24 00:00:00+09:00,3835.6454432250334,3880.3036696015215,3721.5188647073414,3751.291015625,39738,0.0,0.0
2024-01-25 00:00:00+09:00,3721.518950936682,3905.1138858495583,3661.974647721695,3790.9873046875,44478,0.0,0.0
2024-01-26 00:00:00+09:00,3741.366943359375,3786.025169473744,3711.594792616462,3741.366943359375,32701,0.0,0.0
2024-01-29 00:00:00+09:00,3746.329036045456,3786.025237751898,3676.860683059183,3716.556884765625,33218,0.0,0.0
2024-01-30 00:00:00+09:00,3716.557017578125,3751.2911953125,3657.012712890625,3721.51904296875,55072,0.0,0.0
2024-01-31 00:00:00+09:00,3657.0127339464552,3746.329191491959,3657.0127339464552,3731.443115234375,48987,0.0,0.0
2024-02-01 00:00:00+09:00,3691.7469077654,3786.025390625,3681.8228569380735,3786.025390625,53984,0.0,0.0
2024-02-02 00:00:00+09:00,3786.0251904105894,3840.607467074438,3761.2150646542946,3805.873291015625,43933,0.0,0.0
2024-02-05 00:00:00+09:00,3805.873513773999,3845.569717307496,3746.329208473754,3795.949462890625,36461,0.0,0.0
2024-02-06 00:00:00+09:00,3795.949351656842,3845.5696046196763,3741.3670733977237,3800.911376953125,35041,0.0,0.0
2024-02-07 00:00:00+09:00,3766.1772889703475,3800.9114668659895,3706.6329840063895,3786.025390625,29991,0.0,0.0
2024-02-08 00:00:00+09:00,3810.835383858268,3810.835383858268,3721.5189295490895,3781.063232421875,17707,0.0,0.0
2024-02-13 00:00:00+09:00,3781.063232421875,3820.7594343370656,3711.5948790702923,3781.063232421875,43773,0.0,0.0
2024-02-14 00:00:00+09:00,3781.063361116158,3934.886148773114,3746.3291832581353,3840.607666015625,88634,0.0,0.0
2024-02-15 00:00:00+09:00,3845.5694935309193,3919.9998708250664,3746.3289904720573,3751.291015625,85507,0.0,0.0
2024-02-16 00:00:00+09:00,3766.17724609375,3810.8354743083005,3706.632941807683,3766.17724609375,42843,0.0,0.0
2024-02-19 00:00:00+09:00,3771.1392891839378,3850.5316952720204,3771.1392891839378,3830.68359375,49140,0.0,0.0
2024-02-20 00:00:00+09:00,3830.6834626850327,3880.303714792352,3761.2151097347864,3771.13916015625,35079,0.0,0.0
2024-02-21 00:00:00+09:00,3766.177271484375,3805.873474609375,3721.51904296875,3721.51904296875,35890,0.0,0.0
2024-02-22 00:00:00+09:00,3721.5189997696043,3751.291151767761,3696.7088731044737,3701.6708984375,24070,0.0,0.0
2024-02-23 00:00:00+09:00,3701.6707889722743,3736.4049652763038,3652.050537109375,3652.050537109375,49878,0.0,0.0
2024-02-26 00:00:00+09:00,3632.202392578125,3691.7466940957993,3612.3542920722334,3632.202392578125,44045,0.0,0.0
2024-02-27 00:00:00+09:00,3632.2024600778027,3681.822712264658,3592.5062583283184,3607.392333984375,34633,0.0,0.0
2024-02-28 00:00:00+09:00,3597.4683483170616,3637.16455078125,3592.506323009038,3637.16455078125,19927,0.0,0.0
2024-02-29 00:00:00+09:00,3637.1645659392543,3910.075959017916,3523.0379833790867,3756.253173828125,203374,0.0,0.0
2024-03-04 00:00:00+09:00,3761.215148149253,3934.8860322986247,3756.253122887842,3900.15185546875,122298,0.0,0.0
2024-03-05 00:00:00+09:00,3895.1899540677987,3895.1899540677987,3731.443115234375,3731.443115234375,60813,0.0,0.0
2024-03-06 00:00:00+09:00,3686.784757377006,3731.4429845861487,3671.898681640625,3671.898681640625,30388,0.0,0.0
2024-03-07 00:00:00+09:00,3642.126666176156,3701.6709713452483,3602.4304627300944,3622.278564453125,32347,0.0,0.0
2024-03-08 00:00:00+09:00,3612.3544921875,3647.0886699969956,3587.5443651807177,3612.3544921875,33400,0.0,0.0
2024-03-11 00:00:00+09:00,3612.3544272636773,3612.3544272636773,3562.7341741419236,3582.582275390625,22787,0.0,0.0
2024-03-12 00:00:00+09:00,3552.81005859375,3657.0125882452426,3523.037907264752,3552.81005859375,41962,0.0,0.0
2024-03-13 00:00:00+09:00,3552.810208422517,3627.240589883883,3523.038055837971,3622.278564453125,35277,0.0,0.0
2024-03-14 00:00:00+09:00,3607.3922679546636,3612.3542930825242,3537.923916164615,3577.6201171875,36918,0.0,0.0
2024-03-15 00:00:00+09:00,3552.810191389906,3572.6582930177824,3537.9241151689985,3557.772216796875,19256,0.0,0.0
2024-03-18 00:00:00+09:00,3542.8860728932223,3622.278477888028,3523.0379716445204,3582.582275390625,28865,0.0,0.0
2024-03-19 00:00:00+09:00,3582.582165664501,3657.0125430675034,3532.9619140625,3532.9619140625,24246,0.0,0.0
2024-03-20 00:00:00+09:00,3532.9620938827907,3557.772220946574,3478.3798143424665,3503.18994140625,42590,0.0,0.0
2024-03-21 00:00:00+09:00,3503.1897412797093,3557.7720177019146,3473.417590503961,3523.037841796875,27526,0.0,0.0
2024-03-22 00:00:00+09:00,3523.0379312345294,3562.7341332766086,3498.22780495823,3508.15185546875,17414,0.0,0.0
2024-03-25 00:00:00+09:00,3508.151853088549,3572.6581813631615,3508.151853088549,3562.734130859375,24701,0.0,0.0
2024-03-26 00:00:00+09:00,3527.9999564897894,3562.7341332766086,3493.26577970297,3508.15185546875,54110,0.0,0.0
2024-03-27 00:00:00+09:00,3508.151877162487,3547.8480794500397,3488.3037760187103,3518.075927734375,39038,0.0,0.0
2024-03-28 00:00:00+09:00,3498.2278907615823,3552.8101699082167,3488.3038400076484,3547.84814453125,26055,0.0,0.0
2024-03-29 00:00:00+09:00,3508.1517664090006,3532.9618920554576,3493.2656910211267,3523.037841796875,29004,0.0,0.0
2024-04-01 00:00:00+09:00,3488.3037568892555,3488.3037568892555,3423.7974285257274,3453.569580078125,89578,0.0,0.0
2024-04-02 00:00:00+09:00,3453.5696447649575,3523.0379996883903,3423.7974926549145,3483.341796875,73223,0.0,0.0
2024-04-03 00:00:00+09:00,3453.569648267909,3458.531673624616,3384.101293274014,3428.759521484375,55961,0.0,0.0
2024-04-04 00:00:00+09:00,3478.379662309768,3483.3416875056446,3403.949284371613,3433.721435546875,27762,0.0,0.0
2024-04-05 00:00:00+09:00,3394.0251904864645,3433.7213915447855,3374.177089957304,3413.873291015625,31644,0.0,0.0
2024-04-08 00:00:00+09:00,3408.9114017992947,3408.9114017992947,3364.253173828125,3364.253173828125,34339,0.0,0.0
2024-04-09 00:00:00+09:00,3334.480978764837,3389.0632566910467,3334.480978764837,3344.405029296875,37859,0.0,0.0
2024-04-11 00:00:00+09:00,3294.784800869361,3334.4810032894734,3265.012649054276,3299.746826171875,52910,0.0,0.0
2024-04-12 00:00:00+09:00,3299.746736994761,3344.4049635104793,3289.8226866579344,3314.6328125,20122,0.0,0.0
2024-04-15 00:00:00+09:00,3279.898681640625,3314.6328582994515,3240.2024797448234,3279.898681640625,45361,0.0,0.0
2024-04-16 00:00:00+09:00,3235.240572651352,3265.0127251604135,3136.0000642878135,3165.772216796875,80622,0.0,0.0
2024-04-17 00:00:00+09:00,3160.810191378698,3190.5823438877596,3136.0000642878135,3165.772216796875,60616,0.0,0.0
2024-04-18 00:00:00+09:00,3145.9240688590116,3215.3924236918606,3145.9240688590116,3200.50634765625,32017,0.0,0.0
2024-04-19 00:00:00+09:00,3230.2783439140503,3230.2783439140503,3091.341640950005,3131.037841796875,42453,0.0,0.0
2024-04-22 00:00:00+09:00,3131.0378856268453,3160.810036678765,3101.2657345749262,3150.885986328125,48477,0.0,0.0
2024-04-23 00:00:00+09:00,3150.88594222031,3170.734042643745,3111.18974137344,3131.037841796875,35953,0.0,0.0
2024-04-24 00:00:00+09:00,3131.0380176088347,3160.8101699157332,3121.113966839868,3155.84814453125,26667,0.0,0.0
2024-04-25 00:00:00+09:00,3155.8481918844395,3190.582370097004,3101.265911836124,3121.114013671875,31956,0.0,0.0
2024-04-26 00:00:00+09:00,3121.113992256031,3136.000068530702,3036.759560032895,3111.18994140625,51873,0.0,0.0
2024-04-29 00:00:00+09:00,3111.18974137344,3140.9618920085927,3096.3036660558637,3131.037841796875,36819,0.0,0.0
2024-04-30 00:00:00+09:00,3131.037841796875,3160.8099924320277,3131.037841796875,3131.037841796875,45209,0.0,0.0
2024-05-02 00:00:00+09:00,3131.0380102464856,3289.8228221765767,3131.0380102464856,3265.0126953125,99679,0.0,0.0
2024-05-03 00:00:00+09:00,3255.0886264534884,3255.0886264534884,3185.6202716206394,3200.50634765625,42257,0.0,0.0
2024-05-07 00:00:00+09:00,3225.316488725009,3364.253199008548,3225.316488725009,3319.594970703125,83292,0.0,0.0
2024-05-08 00:00:00+09:00,3304.708851474389,3304.708851474389,3230.2784719366773,3299.746826171875,36803,0.0,0.0
2024-05-09 00:00:00+09:00,3299.746804445937,3364.2531329539024,3289.82275390625,3289.82275390625,50408,0.0,0.0
2024-05-10 00:00:00+09:00,3294.784735394537,3314.6328362101667,3225.316382539833,3269.974609375,44025,0.0,0.0
2024-05-13 00:00:00+09:00,3269.9746112588014,3269.9746112588014,3180.658157537013,3215.392333984375,43199,0.0,0.0
2024-05-14 00:00:00+09:00,3190.58231472027,3269.9747206853153,3180.658263974639,3265.0126953125,51131,0.0,0.0
2024-05-16 00:00:00+09:00,3265.0125841710924,3299.7467605984443,3215.392332132018,3269.974609375,53619,0.0,0.0
2024-05-17 00:00:00+09:00,3255.08860139526,3265.01265200927,3195.5442977112007,3245.16455078125,72469,0.0,0.0
2024-05-20 00:00:00+09:00,3230.278521436075,3255.088648328825,3136.000039243624,3210.430419921875,102548,0.0,0.0
2024-05-21 00:00:00+09:00,3205.46826171875,3205.46826171875,3140.96193447054,3205.46826171875,48430,0.0,0.0
2024-05-22 00:00:00+09:00,3185.62033996582,3215.3924926757813,3150.886161804199,3175.6962890625,33613,0.0,0.0
2024-05-23 00:00:00+09:00,3175.6962890625,3180.6583145141603,3136.0000854492187,3175.6962890625,24440,0.0,0.0
2024-05-24 00:00:00+09:00,3155.8480333840266,3160.81005859375,3131.03790733541,3160.81005859375,22380,0.0,0.0
2024-05-27 00:00:00+09:00,3145.924072265625,3165.772173667932,3101.2658441104345,3145.924072265625,46036,0.0,0.0
2024-05-28 00:00:00+09:00,3150.8861405423445,3165.772216796875,3121.113988033283,3165.772216796875,24139,0.0,0.0
2024-05-29 00:00:00+09:00,3165.77219921875,3165.77219921875,3086.37979296875,3101.265869140625,39191,0.0,0.0
2024-05-30 00:00:00+09:00,3076.45567763025,3101.2658040627525,3026.8354247652464,3071.49365234375,24011,0.0,0.0
2024-05-31 00:00:00+09:00,3066.531516192036,3121.1137923702117,3046.683415763609,3076.45556640625,57966,0.0,0.0
2024-06-03 00:00:00+09:00,3056.6076782226564,3175.6962890625,3056.6076782226564,3175.6962890625,89601,0.0,0.0
2024-06-04 00:00:00+09:00,3175.696224369085,3175.696224369085,3091.3417934092813,3145.924072265625,71212,0.0,0.0
2024-06-05 00:00:00+09:00,3160.8102127075194,3190.5823654174806,3081.417805480957,3175.6962890625,62076,0.0,0.0
2024-06-07 00:00:00+09:00,3170.734199018508,3170.734199018508,3096.3038187598577,3145.924072265625,69743,0.0,0.0
2024-06-10 00:00:00+09:00,3116.151898734177,3195.5443037974683,3096.3037974683543,3136.0,47310,0.0,0.0
2024-06-11 00:00:00+09:00,3116.151992945995,3145.924145744842,3066.53173828125,3066.53173828125,69922,0.0,0.0
2024-06-12 00:00:00+09:00,3066.5315598707934,3096.3037109375,3056.6075095152246,3096.3037109375,26312,0.0,0.0
2024-06-13 00:00:00+09:00,3096.30384375,3116.1519453125,3076.4557421875,3101.265869140625,26488,0.0,0.0
2024-06-14 00:00:00+09:00,3116.151992945995,3116.151992945995,3046.683636415352,3066.53173828125,44167,0.0,0.0
2024-06-17 00:00:00+09:00,3066.5316486450783,3314.6329147166866,3041.7215220379176,3081.417724609375,188503,0.0,0.0
2024-06-18 00:00:00+09:00,3091.341818359375,3145.92409765625,3071.493716796875,3101.265869140625,84946,0.0,0.0
2024-06-19 00:00:00+09:00,3101.2657752403848,3294.7847596153847,3101.2657752403848,3225.31640625,126350,0.0,0.0
2024-06-20 00:00:00+09:00,3225.316316535674,3463.493521449078,3220.3542914333116,3294.78466796875,164673,0.0,0.0
2024-06-21 00:00:00+09:00,3299.746869234048,3374.1772497430866,3260.0506662958937,3319.594970703125,95325,0.0,0.0
2024-06-24 00:00:00+09:00,3319.5949029667795,3403.949332489104,3284.8607261046454,3344.405029296875,85702,0.0,0.0
2024-06-25 00:00:00+09:00,3344.40514066563,3354.329191528139,3235.2405811780277,3339.443115234375,48033,0.0,0.0
2024-06-26 00:00:00+09:00,3339.4429822649277,3379.1391841343475,3304.7088056291855,3334.48095703125,42112,0.0,0.0
2024-06-27 00:00:00+09:00,3334.4810766563946,3339.443102068086,3170.7342380705895,3220.3544921875,134349,0.0,0.0
2024-06-28 00:00:00+09:00,3195.5443651290448,3235.2405684225732,3160.8101872472075,3220.3544921875,35988,0.0,0.0
2024-07-01 00:00:00+09:00,3220.3543521241645,3433.721435546875,3210.4303017324105,3433.721435546875,121991,0.0,0.0
2024-07-02 00:00:00+09:00,3423.797543174342,3443.6456448739036,3344.405136376097,3394.025390625,62893,0.0,0.0
2024-07-03 00:00:00+09:00,3438.683464391908,3438.683464391908,3274.936632754198,3324.556884765625,40733,0.0,0.0
2024-07-04 00:00:00+09:00,3379.1391619781953,3379.1391619781953,3215.3923303404854,3324.556884765625,38996,0.0,0.0
2024-07-05 00:00:00+09:00,3324.557021632339,3324.557021632339,3205.4684119022254,3274.936767578125,59006,0.0,0.0
2024-07-08 00:00:00+09:00,3274.936654227121,3339.4429822649277,3245.164502825056,3334.48095703125,29728,0.0,0.0
2024-07-09 00:00:00+09:00,3304.7088457798855,3433.7215034229444,3304.7088457798855,3408.911376953125,46256,0.0,0.0
2024-07-10 00:00:00+09:00,3408.911420057548,3428.759521484375,3324.556988993533,3428.759521484375,43140,0.0,0.0
2024-07-11 00:00:00+09:00,3359.2911159939235,3622.2784559461807,3359.2911159939235,3572.658203125,203764,0.0,0.0
2024-07-12 00:00:00+09:00,3642.126414853051,4168.10107421875,3542.885913085938,4168.10107421875,1326329,0.0,0.0
2024-07-15 00:00:00+09:00,4133.367137007932,4411.240557983255,4103.594984760575,4222.68359375,424721,0.0,0.0
2024-07-16 00:00:00+09:00,4386.430373018011,4386.430373018011,3994.4303736193424,4029.16455078125,144380,0.0,0.0
2024-07-17 00:00:00+09:00,4029.1645025414155,4212.75943677052,3959.6961490493222,4118.48095703125,146131,0.0,0.0
2024-07-18 00:00:00+09:00,4103.5947974220735,4103.5947974220735,3825.7213891323076,3915.037841796875,134044,0.0,0.0
2024-07-19 00:00:00+09:00,3900.1517663527807,4004.354294461443,3875.341640612623,3915.037841796875,49643,0.0,0.0
2024-07-22 00:00:00+09:00,3905.113935842803,4584.91140625,3905.113935842803,4093.6708984375,570483,0.0,0.0
2024-07-23 00:00:00+09:00,4093.671052352242,4207.797639266304,4039.088771654212,4108.55712890625,115015,0.0,0.0
2024-07-24 00:00:00+09:00,4093.6708767822565,4187.949357580878,3984.506320068063,4083.746826171875,146897,0.0,0.0
2024-07-25 00:00:00+09:00,4019.2404812656446,4068.8607341207758,3805.873393988579,3964.658203125,100715,0.0,0.0
2024-07-26 00:00:00+09:00,3924.962089806945,4024.2025977666653,3910.076013612987,3949.772216796875,72381,0.0,0.0
2024-07-29 00:00:00+09:00,3964.6582573137307,4356.658260227103,3929.924079840394,4158.17724609375,150017,0.0,0.0
2024-07-30 00:00:00+09:00,4163.139119315998,4192.911270348055,3994.4302634676737,4034.12646484375,78002,0.0,0.0
2024-07-31 00:00:00+09:00,3994.430458627096,4143.2912210604045,3974.5823569693216,4068.86083984375,46561,0.0,0.0
2024-08-01 00:00:00+09:00,4098.632930465831,4103.594955805378,3984.50634765625,3984.50634765625,59425,0.0,0.0
2024-08-02 00:00:00+09:00,3984.506425051345,4034.1266794106396,3810.8355347938145,3850.53173828125,68205,0.0,0.0
2024-08-05 00:00:00+09:00,3661.9745454170334,3810.8352992957743,3155.8479822293134,3523.037841796875,277878,0.0,0.0
2024-08-06 00:00:00+09:00,3518.075842878429,3567.69609454103,3304.7087607292433,3369.215087890625,267486,0.0,0.0
2024-08-07 00:00:00+09:00,3344.4049579748944,3547.8479895431,3314.6328070136938,3532.9619140625,129139,0.0,0.0
2024-08-08 00:00:00+09:00,3478.37970637179,3513.1138831829203,3394.0252769733297,3453.569580078125,57664,0.0,0.0
2024-08-09 00:00:00+09:00,3498.2278907615823,3592.506372923951,3443.6456116149475,3547.84814453125,69703,0.0,0.0
2024-08-12 00:00:00+09:00,3562.7341803850445,3597.468357631138,3468.4556992885045,3473.417724609375,54411,0.0,0.0
2024-08-13 00:00:00+09:00,3493.265832411504,3810.835453539823,3314.6329205268253,3364.253173828125,434426,0.0,0.0
2024-08-14 00:00:00+09:00,3374.1771735767325,3527.9999564897894,3374.1771735767325,3508.15185546875,85199,0.0,0.0
2024-08-16 00:00:00+09:00,3562.734216947529,3671.89877512698,3518.0759886013902,3602.430419921875,103559,0.0,0.0
2024-08-19 00:00:00+09:00,3602.430354817708,3771.139214409722,3518.0759250217016,3572.658203125,93283,0.0,0.0
2024-08-20 00:00:00+09:00,3587.5442789713543,3612.3544053819446,3537.9240261501736,3572.658203125,38750,0.0,0.0
2024-08-21 00:00:00+09:00,3572.658155487805,3701.6708111026423,3557.772079839939,3661.974609375,94351,0.0,0.0
2024-08-22 00:00:00+09:00,3622.2785688673503,3652.050721488178,3547.8481873152814,3567.6962890625,55332,0.0,0.0
2024-08-23 00:00:00+09:00,3567.696293545308,3567.696293545308,3453.5697083554023,3513.114013671875,55555,0.0,0.0
2024-08-26 00:00:00+09:00,3532.9618920554576,3577.62011821908,3458.531515116087,3523.037841796875,42873,0.0,0.0
2024-08-27 00:00:00+09:00,3523.037992867317,3617.3164743665834,3463.493688762517,3592.50634765625,45174,0.0,0.0
2024-08-28 00:00:00+09:00,3592.5062159849017,3612.3543166257023,3523.0378637420995,3532.9619140625,37017,0.0,0.0
2024-08-29 00:00:00+09:00,3513.1138134216994,3592.5062159849017,3498.227737941099,3532.9619140625,37595,0.0,0.0
2024-08-30 00:00:00+09:00,3532.961890048668,3652.050493084016,3532.961890048668,3632.202392578125,47796,0.0,0.0
2024-09-02 00:00:00+09:00,3632.2024347389556,3781.063190261044,3602.4302836345382,3706.6328125,42949,0.0,0.0
2024-09-03 00:00:00+09:00,3666.9366143588363,3726.4809166217674,3587.5442113415947,3597.46826171875,37105,0.0,0.0
2024-09-04 00:00:00+09:00,3468.455674874934,3567.6961805938163,3468.455674874934,3518.075927734375,45552,0.0,0.0
2024-09-05 00:00:00+09:00,3493.265798611111,3612.3544053819446,3458.531621636285,3572.658203125,31969,0.0,0.0
2024-09-06 00:00:00+09:00,3572.658271416084,3577.620296793051,3433.721560861014,3547.84814453125,25002,0.0,0.0
2024-09-09 00:00:00+09:00,3547.848092356036,3706.6329020838584,3508.15188992408,3691.746826171875,63026,0.0,0.0
2024-09-10 00:00:00+09:00,3691.7468728799186,3726.4810504473376,3552.8101626102443,3657.0126953125,42724,0.0,0.0
2024-09-11 00:00:00+09:00,3607.3922679546636,3647.0884689775485,3537.923916164615,3577.6201171875,40665,0.0,0.0
2024-09-12 00:00:00+09:00,3577.620136522127,3771.13911755453,3547.8479855940645,3696.708740234375,92202,0.0,0.0
2024-09-13 00:00:00+09:00,3696.708803352096,3810.835383858268,3666.936651915703,3781.063232421875,55177,0.0,0.0
2024-09-19 00:00:00+09:00,3820.759560360271,3969.620322452229,3766.1772809265526,3895.18994140625,117143,0.0,0.0
2024-09-20 00:00:00+09:00,3919.999869494581,4004.3542970659837,3781.06316525933,3805.873291015625,44169,0.0,0.0
2024-09-23 00:00:00+09:00,3880.3036682845095,4004.3542970659837,3766.1770898055534,3805.873291015625,65396,0.0,0.0
2024-09-24 00:00:00+09:00,3766.177175844254,3880.3037569304433,3751.291100050403,3845.569580078125,52506,0.0,0.0
2024-09-25 00:00:00+09:00,3840.60764451101,4133.367141960816,3671.898781573834,3830.68359375,118868,0.0,0.0
2024-09-26 00:00:00+09:00,3830.6834372495996,3875.3416638496597,3790.9872358273237,3870.379638671875,30850,0.0,0.0
2024-09-27 00:00:00+09:00,3845.569601758567,3875.341753514117,3790.9873235400582,3855.49365234375,27527,0.0,0.0
2024-09-30 00:00:00+09:00,3820.7593453404756,3919.999847816852,3741.366943359375,3741.366943359375,61821,0.0,0.0
2024-10-02 00:00:00+09:00,3681.8227971053952,3771.139253099866,3652.050645107239,3701.6708984375,76269,0.0,0.0
2024-10-04 00:00:00+09:00,3711.594970703125,3741.36712287454,3627.2405395507812,3711.594970703125,40961,0.0,0.0
2024-10-07 00:00:00+09:00,3686.7848783586683,3875.341843873647,3671.8988021338014,3840.607666015625,43733,0.0,0.0
2024-10-08 00:00:00+09:00,3820.759585665673,3910.0760435124034,3786.0254076141673,3850.53173828125,31777,0.0,0.0
2024-10-10 00:00:00+09:00,3850.531559702685,3959.6961142303385,3845.5695344968826,3880.3037109375,36360,0.0,0.0
2024-10-11 00:00:00+09:00,3875.3416418551174,3915.037843052097,3810.8353149100258,3860.45556640625,20478,0.0,0.0
2024-10-14 00:00:00+09:00,3865.4175915558726,3885.265692154362,3810.8353149100258,3860.45556640625,17069,0.0,0.0
2024-10-15 00:00:00+09:00,3860.4556101142903,3905.113836966512,3805.8733328504636,3880.3037109375,13368,0.0,0.0
2024-10-16 00:00:00+09:00,3880.303869281936,3885.265894690225,3771.13931029958,3840.607666015625,39881,0.0,0.0
2024-10-17 00:00:00+09:00,3840.6075131064968,3840.6075131064968,3746.3290341025904,3771.13916015625,30491,0.0,0.0
2024-10-18 00:00:00+09:00,3771.139275045956,3771.139275045956,3686.784843893612,3711.594970703125,28178,0.0,0.0
2024-10-21 00:00:00+09:00,3691.7467567845397,3795.9492862099096,3537.92397525185,3771.13916015625,40167,0.0,0.0
2024-10-22 00:00:00+09:00,3691.7467164083787,3771.139118911785,3622.278364217899,3642.12646484375,35701,0.0,0.0
2024-10-23 00:00:00+09:00,3622.278556012093,3751.2912169111537,3592.506403496925,3731.443115234375,36257,0.0,0.0
2024-10-24 00:00:00+09:00,3731.44309375,3731.44309375,3622.27853515625,3721.51904296875,33831,0.0,0.0
2024-10-25 00:00:00+09:00,3721.519046933144,3721.519046933144,3637.1646152026597,3666.936767578125,33811,0.0,0.0
2024-10-28 00:00:00+09:00,3666.936651915703,3781.063232421875,3622.278424761114,3781.063232421875,38137,0.0,0.0
2024-10-29 00:00:00+09:00,3781.0632729548747,3860.455677636342,3726.480994736366,3855.49365234375,37433,0.0,0.0
2024-10-30 00:00:00+09:00,3855.4936087584897,3905.1138611234637,3776.101204974531,3835.6455078125,29893,0.0,0.0
2024-10-31 00:00:00+09:00,3805.873358618869,3865.4176614916546,3721.5189295490895,3781.063232421875,34508,0.0,0.0
2024-11-01 00:00:00+09:00,3691.746826171875,3766.1772057317917,3681.822775563886,3691.746826171875,50550,0.0,0.0
2024-11-04 00:00:00+09:00,3691.74680185508,3761.215155653428,3666.9366754985267,3736.405029296875,22328,0.0,0.0
2024-11-05 00:00:00+09:00,3771.1392435213415,3895.189876531912,3736.4050662783816,3865.417724609375,66677,0.0,0.0
2024-11-06 00:00:00+09:00,3949.772155056563,3949.772155056563,3751.29114223965,3865.417724609375,46953,0.0,0.0
2024-11-07 00:00:00+09:00,3944.81012973614,3959.6962056974085,3751.29114223965,3865.417724609375,82525,0.0,0.0
2024-11-08 00:00:00+09:00,3959.696183488176,3979.544284658543,3835.6455511733834,3855.49365234375,58844,0.0,0.0
2024-11-11 00:00:00+09:00,3865.4177310595896,3885.2658323744013,3706.6329205410957,3756.253173828125,56071,0.0,0.0
2024-11-12 00:00:00+09:00,3691.74676479574,3795.9492944472327,3513.1138568217525,3552.81005859375,161018,0.0,0.0
2024-11-13 00:00:00+09:00,3537.923987133015,3622.278415998739,3418.835381675522,3443.6455078125,62524,0.0,0.0
2024-11-14 00:00:00+09:00,3443.6455271503714,3597.4683100634284,3374.1771735767325,3508.15185546875,48571,0.0,0.0
2024-11-15 00:00:00+09:00,3473.417721518987,3920.0,3324.5569620253164,3920.0,299395,0.0,0.0
2024-11-18 00:00:00+09:00,4014.278568736294,5091.0380859375,3840.6076788651317,5091.0380859375,1599699,0.0,0.0
2024-11-19 00:00:00+09:00,5577.316334052773,5835.341644880837,4684.151796571012,5100.9619140625,2583788,0.0,0.0
2024-11-20 00:00:00+09:00,4962.025208232004,5220.050519060068,4937.2150821908435,5100.9619140625,917487,0.0,0.0
2024-11-21 00:00:00+09:00,5140.657980173938,5319.2908829599055,5051.341528780955,5259.74658203125,737102,0.0,0.0
2024-11-22 00:00:00+09:00,5210.126594500353,5388.759506311794,5061.265834657486,5269.6708984375,592874,0.0,0.0
2024-11-25 00:00:00+09:00,5249.8227767568505,5249.8227767568505,3741.3670828683034,4029.16455078125,1638904,0.0,0.0
2024-11-26 00:00:00+09:00,4108.556956281565,4485.670879804994,4098.632905662528,4421.16455078125,596736,0.0,0.0
2024-11-27 00:00:00+09:00,4421.164487651065,4436.050563367062,4257.4176547751,4336.81005859375,216000,0.0,0.0
2024-11-28 00:00:00+09:00,4292.151767726262,4371.544170366285,4227.645440581243,4252.45556640625,124229,0.0,0.0
2024-11-29 00:00:00+09:00,4297.113748351407,4297.113748351407,4138.328944717175,4232.607421875,79114,0.0,0.0
2024-12-02 00:00:00+09:00,4227.645634874535,4227.645634874535,3969.6203144361834,4004.3544921875,126889,0.0,0.0
2024-12-03 00:00:00+09:00,4029.1644980560445,4237.569558300323,3954.734119397374,4227.6455078125,131615,0.0,0.0
2024-12-04 00:00:00+09:00,3969.6201422275644,4197.873300405649,3681.822681916066,3870.379638671875,899506,0.0,0.0
2024-12-05 00:00:00+09:00,3870.3797785943675,3915.038006808918,3716.5569925220275,3766.17724609375,203964,0.0,0.0
2024-12-06 00:00:00+09:00,3771.13926727208,3790.987368678775,3339.4430616764603,3483.341796875,990862,0.0,0.0
2024-12-09 00:00:00+09:00,3666.9367615891056,3716.557015467172,3304.708908279221,3438.68359375,785686,0.0,0.0
2024-12-10 00:00:00+09:00,3458.5316656068317,4416.202557231105,3458.5316656068317,4267.341796875,1279520,0.0,0.0
2024-12-11 00:00:00+09:00,4297.114098590353,4614.683731742527,4103.5951033882475,4565.0634765625,503558,0.0,0.0
2024-12-12 00:00:00+09:00,4505.518940864389,5507.848044448758,4371.544258702122,4793.31640625,3124958,0.0,0.0
2024-12-13 00:00:00+09:00,4743.696144028465,4743.696144028465,4331.848047841893,4510.48095703125,678925,0.0,0.0
2024-12-16 00:00:00+09:00,4515.442826900524,4555.1390275765725,4331.8478987738,4495.5947265625,427595,0.0,0.0
2024-12-17 00:00:00+09:00,4555.1392280770815,4912.405049887048,4460.860747321673,4530.3291015625,943627,0.0,0.0
2024-12-18 00:00:00+09:00,4530.329151754539,4570.025354617668,4371.544340302025,4441.0126953125,234347,0.0,0.0
2024-12-19 00:00:00+09:00,4366.582481476399,4674.2280653986,4297.114123816547,4520.4052734375,962788,0.0,0.0
2024-12-20 00:00:00+09:00,4416.202521619646,4426.126572230028,3939.8480923213474,4083.746826171875,544670,0.0,0.0
2024-12-23 00:00:00+09:00,4044.0506735855006,4217.721561408191,3929.924090159161,3994.430419921875,228681,0.0,0.0
2024-12-24 00:00:00+09:00,3994.4302869198928,4098.63281614389,3924.9619341038947,3989.46826171875,108340,0.0,0.0
2024-12-26 00:00:00+09:00,3994.430379746835,4128.405063291139,3880.3037974683543,3920.0,137186,0.0,0.0
2024-12-27 00:00:00+09:00,3920.0,3920.0,3725.0,3760.0,196767,30.0,0.0
2024-12-30 00:00:00+09:00,3680.0,3800.0,3670.0,3750.0,73789,0.0,0.0
2025-01-02 00:00:00+09:00,3755.0,3980.0,3725.0,3965.0,128924,0.0,0.0
2025-01-03 00:00:00+09:00,3965.0,4135.0,3950.0,4040.0,193811,0.0,0.0
2025-01-06 00:00:00+09:00,3985.0,4015.0,3945.0,3950.0,79038,0.0,0.0
2025-01-07 00:00:00+09:00,3955.0,4040.0,3945.0,4005.0,67424,0.0,0.0
2025-01-08 00:00:00+09:00,3970.0,4100.0,3950.0,4005.0,66686,0.0,0.0
2025-01-09 00:00:00+09:00,3985.0,4090.0,3955.0,4075.0,79893,0.0,0.0
2025-01-10 00:00:00+09:00,4095.0,4200.0,4040.0,4145.0,115668,0.0,0.0
2025-01-13 00:00:00+09:00,4125.0,4190.0,4070.0,4150.0,58344,0.0,0.0
2025-01-14 00:00:00+09:00,4250.0,4270.0,4090.0,4140.0,118673,0.0,0.0
2025-01-15 00:00:00+09:00,4110.0,4370.0,4075.0,4330.0,198657,0.0,0.0
2025-01-16 00:00:00+09:00,4270.0,4320.0,4215.0,4280.0,102229,0.0,0.0
2025-01-17 00:00:00+09:00,4260.0,4380.0,4220.0,4350.0,178192,0.0,0.0
2025-01-20 00:00:00+09:00,4390.0,4550.0,4320.0,4405.0,341969,0.0,0.0
2025-01-21 00:00:00+09:00,4420.0,4495.0,4355.0,4440.0,122305,0.0,0.0
2025-01-22 00:00:00+09:00,4440.0,4490.0,4350.0,4370.0,114203,0.0,0.0
2025-01-23 00:00:00+09:00,4345.0,4370.0,4130.0,4285.0,132317,0.0,0.0
2025-01-24 00:00:00+09:00,4285.0,4385.0,4170.0,4230.0,65769,0.0,0.0
2025-01-31 00:00:00+09:00,4130.0,4295.0,4130.0,4255.0,51381,0.0,0.0
2025-02-03 00:00:00+09:00,4220.0,4320.0,3950.0,4075.0,225230,0.0,0.0
2025-02-04 00:00:00+09:00,4035.0,4185.0,4035.0,4110.0,62039,0.0,0.0
2025-02-05 00:00:00+09:00,4100.0,4230.0,4075.0,4215.0,70795,0.0,0.0
2025-02-06 00:00:00+09:00,4230.0,4350.0,4190.0,4240.0,226572,0.0,0.0
2025-02-07 00:00:00+09:00,4205.0,4245.0,4150.0,4180.0,71906,0.0,0.0
2025-02-10 00:00:00+09:00,4120.0,4230.0,4120.0,4150.0,68028,0.0,0.0
2025-02-11 00:00:00+09:00,4125.0,4300.0,3990.0,4120.0,83298,0.0,0.0
2025-02-12 00:00:00+09:00,4090.0,4220.0,3990.0,4005.0,92859,0.0,0.0
2025-02-13 00:00:00+09:00,4010.0,4220.0,3950.0,4160.0,176103,0.0,0.0
2025-02-14 00:00:00+09:00,4120.0,4195.0,4010.0,4030.0,60283,0.0,0.0
2025-02-17 00:00:00+09:00,4030.0,4100.0,4005.0,4075.0,41998,0.0,0.0
2025-02-18 00:00:00+09:00,4070.0,4145.0,4060.0,4075.0,40286,0.0,0.0
2025-02-19 00:00:00+09:00,4100.0,4100.0,3960.0,4075.0,52972,0.0,0.0
2025-02-20 00:00:00+09:00,4080.0,4080.0,3930.0,4020.0,44277,0.0,0.0
2025-02-21 00:00:00+09:00,4020.0,4030.0,3915.0,3920.0,46906,0.0,0.0
2025-02-24 00:00:00+09:00,3885.0,4080.0,3830.0,4000.0,141703,0.0,0.0
2025-02-25 00:00:00+09:00,4000.0,4095.0,3965.0,4005.0,45804,0.0,0.0
2025-02-26 00:00:00+09:00,4005.0,4050.0,3925.0,3930.0,102278,0.0,0.0
2025-02-27 00:00:00+09:00,3960.0,3960.0,3755.0,3755.0,102387,0.0,0.0
2025-02-28 00:00:00+09:00,3740.0,3745.0,3600.0,3600.0,153639,0.0,0.0
2025-03-04 00:00:00+09:00,3570.0,3650.0,3500.0,3575.0,51452,0.0,0.0
2025-03-05 00:00:00+09:00,3590.0,3775.0,3590.0,3700.0,34874,0.0,0.0
2025-03-06 00:00:00+09:00,3710.0,3720.0,3635.0,3680.0,27817,0.0,0.0
2025-03-07 00:00:00+09:00,3680.0,3725.0,3630.0,3720.0,46338,0.0,0.0
2025-03-10 00:00:00+09:00,3740.0,3830.0,3685.0,3755.0,83591,0.0,0.0
2025-03-11 00:00:00+09:00,3725.0,3745.0,3575.0,3700.0,37918,0.0,0.0
2025-03-12 00:00:00+09:00,3755.0,3790.0,3632.0,3700.0,54769,0.0,0.0
2025-03-13 00:00:00+09:00,3700.0,3780.0,3575.0,3575.0,57890,0.0,0.0
2025-03-14 00:00:00+09:00,3570.0,3670.0,3550.0,3665.0,27731,0.0,0.0
2025-03-17 00:00:00+09:00,3695.0,3770.0,3625.0,3715.0,90370,0.0,0.0
2025-03-18 00:00:00+09:00,3715.0,3765.0,3695.0,3740.0,26010,0.0,0.0
2025-03-19 00:00:00+09:00,3740.0,3890.0,3735.0,3860.0,90235,0.0,0.0
2025-03-20 00:00:00+09:00,3860.0,3975.0,3840.0,3915.0,165294,0.0,0.0
2025-03-21 00:00:00+09:00,3950.0,3965.0,3760.0,3855.0,116661,0.0,0.0
2025-03-24 00:00:00+09:00,3820.0,4070.0,3775.0,4020.0,199344,0.0,0.0
2025-03-25 00:00:00+09:00,3990.0,4115.0,3920.0,3955.0,236336,0.0,0.0
2025-03-26 00:00:00+09:00,3960.0,4190.0,3215.0,3225.0,1083976,0.0,0.0
2025-03-27 00:00:00+09:00,3310.0,3395.0,3270.0,3300.0,276856,0.0,0.0
2025-03-28 00:00:00+09:00,3315.0,3500.0,3275.0,3420.0,233061,0.0,0.0
2025-03-31 00:00:00+09:00,3420.0,3420.0,3255.0,3300.0,106845,0.0,0.0
2025-04-01 00:00:00+09:00,3310.0,3375.0,3230.0,3295.0,105079,0.0,0.0
2025-04-02 00:00:00+09:00,3295.0,3345.0,3245.0,3310.0,85158,0.0,0.0
2025-04-03 00:00:00+09:00,3240.0,3360.0,3230.0,3275.0,65849,0.0,0.0
2025-04-04 00:00:00+09:00,3235.0,3385.0,3175.0,3360.0,149555,0.0,0.0
2025-04-07 00:00:00+09:00,3335.0,3335.0,3120.0,3205.0,121741,0.0,0.0
2025-04-08 00:00:00+09:00,3220.0,3365.0,3205.0,3325.0,125257,0.0,0.0
2025-04-09 00:00:00+09:00,3325.0,3325.0,3145.0,3225.0,133151,0.0,0.0
2025-04-10 00:00:00+09:00,3265.0,3290.0,3195.0,3230.0,93274,0.0,0.0
2025-04-11 00:00:00+09:00,3230.0,3230.0,3160.0,3210.0,41620,0.0,0.0
2025-04-14 00:00:00+09:00,3210.0,3240.0,2970.0,3030.0,314474,0.0,0.0
2025-04-15 00:00:00+09:00,3040.0,3170.0,3010.0,3165.0,124912,0.0,0.0
2025-04-16 00:00:00+09:00,3165.0,3215.0,3070.0,3165.0,66468,0.0,0.0
2025-04-17 00:00:00+09:00,3130.0,3185.0,3110.0,3160.0,61253,0.0,0.0
2025-04-18 00:00:00+09:00,3135.0,3150.0,3030.0,3140.0,39987,0.0,0.0
2025-04-21 00:00:00+09:00,3140.0,3140.0,3010.0,3055.0,119859,0.0,0.0
2025-04-22 00:00:00+09:00,3045.0,3205.0,3045.0,3180.0,116977,0.0,0.0
2025-04-23 00:00:00+09:00,3180.0,3250.0,3125.0,3190.0,79509,0.0,0.0
2025-04-24 00:00:00+09:00,3240.0,3240.0,3110.0,3145.0,111122,0.0,0.0
2025-04-25 00:00:00+09:00,3130.0,3170.0,3080.0,3170.0,63083,0.0,0.0
2025-04-28 00:00:00+09:00,3175.0,3175.0,3050.0,3060.0,108336,0.0,0.0
2025-04-29 00:00:00+09:00,3060.0,3140.0,3055.0,3140.0,53549,0.0,0.0
2025-04-30 00:00:00+09:00,3230.0,3230.0,3090.0,3110.0,94452,0.0,0.0
2025-05-02 00:00:00+09:00,3190.0,3240.0,3000.0,3030.0,228398,0.0,0.0
2025-05-07 00:00:00+09:00,3020.0,3035.0,2960.0,3020.0,121335,0.0,0.0
2025-05-08 00:00:00+09:00,3025.0,3085.0,3025.0,3070.0,63010,0.0,0.0
2025-05-09 00:00:00+09:00,3100.0,3100.0,3040.0,3065.0,29724,0.0,0.0
2025-05-12 00:00:00+09:00,3085.0,3135.0,3050.0,3120.0,34794,0.0,0.0
2025-05-13 00:00:00+09:00,3120.0,3135.0,3030.0,3065.0,64487,0.0,0.0
2025-05-14 00:00:00+09:00,3065.0,3115.0,3060.0,3110.0,20228,0.0,0.0
2025-05-15 00:00:00+09:00,3110.0,3110.0,3010.0,3020.0,54770,0.0,0.0
2025-05-16 00:00:00+09:00,3020.0,3045.0,2925.0,2930.0,120530,0.0,0.0
2025-05-19 00:00:00+09:00,2945.0,2995.0,2880.0,2975.0,43950,0.0,0.0
2025-05-20 00:00:00+09:00,2980.0,2995.0,2940.0,2990.0,20282,0.0,0.0
2025-05-21 00:00:00+09:00,2995.0,3005.0,2965.0,2970.0,13708,0.0,0.0
2025-05-22 00:00:00+09:00,2970.0,2970.0,2925.0,2955.0,15883,0.0,0.0
2025-05-23 00:00:00+09:00,2955.0,2980.0,2930.0,2960.0,13129,0.0,0.0
2025-05-26 00:00:00+09:00,2965.0,3000.0,2940.0,2985.0,10093,0.0,0.0
2025-05-27 00:00:00+09:00,2985.0,3000.0,2940.0,2940.0,10277,0.0,0.0
2025-05-28 00:00:00+09:00,2940.0,2965.0,2925.0,2960.0,23181,0.0,0.0
2025-05-29 00:00:00+09:00,2960.0,3045.0,2955.0,3020.0,19457,0.0,0.0
2025-05-30 00:00:00+09:00,3020.0,3055.0,2985.0,3040.0,12438,0.0,0.0
2025-06-02 00:00:00+09:00,3040.0,3085.0,3035.0,3075.0,29849,0.0,0.0
2025-06-04 00:00:00+09:00,3090.0,3095.0,3007.0,3040.0,39782,0.0,0.0
2025-06-05 00:00:00+09:00,3040.0,3075.0,3020.0,3040.0,25141,0.0,0.0
2025-06-09 00:00:00+09:00,3030.0,3075.0,3030.0,3050.0,20217,0.0,0.0
2025-06-10 00:00:00+09:00,3055.0,3070.0,3020.0,3060.0,22415,0.0,0.0
2025-06-11 00:00:00+09:00,3060.0,3090.0,3045.0,3070.0,14547,0.0,0.0
2025-06-12 00:00:00+09:00,3070.0,3100.0,3055.0,3080.0,14939,0.0,0.0
2025-06-13 00:00:00+09:00,3100.0,3100.0,2980.0,2995.0,40249,0.0,0.0
2025-06-16 00:00:00+09:00,2995.0,3040.0,2990.0,3010.0,25629,0.0,0.0
2025-06-17 00:00:00+09:00,3010.0,3050.0,2985.0,3030.0,26422,0.0,0.0
2025-06-18 00:00:00+09:00,3030.0,3085.0,2980.0,3015.0,31127,0.0,0.0
2025-06-19 00:00:00+09:00,3015.0,3025.0,2955.0,2990.0,104744,0.0,0.0
2025-06-20 00:00:00+09:00,2990.0,2990.0,2910.0,2950.0,98559,0.0,0.0
2025-06-23 00:00:00+09:00,2900.0,2930.0,2805.0,2805.0,143978,0.0,0.0
2025-06-24 00:00:00+09:00,2820.0,2875.0,2800.0,2870.0,62998,0.0,0.0
2025-06-25 00:00:00+09:00,2880.0,2905.0,2855.0,2895.0,26942,0.0,0.0
2025-06-26 00:00:00+09:00,2905.0,2905.0,2830.0,2835.0,23632,0.0,0.0
2025-06-27 00:00:00+09:00,2835.0,2845.0,2805.0,2820.0,18905,0.0,0.0
2025-06-30 00:00:00+09:00,2820.0,2850.0,2810.0,2835.0,9865,0.0,0.0
2025-07-01 00:00:00+09:00,2835.0,2895.0,2835.0,2850.0,17127,0.0,0.0
2025-07-02 00:00:00+09:00,2865.0,2880.0,2810.0,2835.0,21186,0.0,0.0
2025-07-03 00:00:00+09:00,2835.0,2910.0,2835.0,2855.0,24951,0.0,0.0
2025-07-04 00:00:00+09:00,2855.0,2880.0,2840.0,2850.0,14414,0.0,0.0
2025-07-07 00:00:00+09:00,2850.0,2900.0,2820.0,2835.0,27166,0.0,0.0
2025-07-08 00:00:00+09:00,2845.0,2845.0,2815.0,2825.0,25285,0.0,0.0
2025-07-09 00:00:00+09:00,2840.0,2840.0,2805.0,2810.0,39646,0.0,0.0
2025-07-10 00:00:00+09:00,2845.0,2865.0,2815.0,2855.0,18564,0.0,0.0
2025-07-11 00:00:00+09:00,2860.0,2980.0,2825.0,2855.0,67502,0.0,0.0
2025-07-14 00:00:00+09:00,2870.0,2885.0,2850.0,2855.0,7345,0.0,0.0
2025-07-15 00:00:00+09:00,2860.0,2880.0,2835.0,2870.0,10441,0.0,0.0
2025-07-16 00:00:00+09:00,2870.0,2870.0,2820.0,2830.0,17202,0.0,0.0
2025-07-17 00:00:00+09:00,2845.0,2860.0,2810.0,2840.0,32693,0.0,0.0
2025-07-18 00:00:00+09:00,2850.0,2850.0,2820.0,2840.0,14498,0.0,0.0
2025-07-21 00:00:00+09:00,2850.0,2890.0,2805.0,2850.0,48513,0.0,0.0
2025-07-22 00:00:00+09:00,2850.0,2875.0,2805.0,2815.0,36560,0.0,0.0
2025-07-23 00:00:00+09:00,2815.0,2850.0,2755.0,2820.0,65316,0.0,0.0
2025-07-24 00:00:00+09:00,2830.0,2830.0,2795.0,2800.0,73054,0.0,0.0
2025-07-25 00:00:00+09:00,2995.0,3620.0,2860.0,2905.0,8467467,0.0,0.0
2025-07-28 00:00:00+09:00,2905.0,2965.0,2810.0,2850.0,475509,0.0,0.0
2025-07-29 00:00:00+09:00,2870.0,2880.0,2770.0,2845.0,216968,0.0,0.0
2025-07-30 00:00:00+09:00,2825.0,2845.0,2800.0,2840.0,167102,0.0,0.0
2025-07-31 00:00:00+09:00,2820.0,2870.0,2785.0,2800.0,151064,0.0,0.0
2025-08-01 00:00:00+09:00,2770.0,2790.0,2660.0,2660.0,316202,0.0,0.0
2025-08-04 00:00:00+09:00,2690.0,2725.0,2660.0,2700.0,65083,0.0,0.0
2025-08-05 00:00:00+09:00,2700.0,2780.0,2700.0,2735.0,84385,0.0,0.0
2025-08-06 00:00:00+09:00,2730.0,2780.0,2715.0,2755.0,60332,0.0,0.0
2025-08-07 00:00:00+09:00,2800.0,2800.0,2740.0,2765.0,36475,0.0,0.0
2025-08-08 00:00:00+09:00,2765.0,2820.0,2745.0,2795.0,42176,0.0,0.0
2025-08-11 00:00:00+09:00,2775.0,2805.0,2745.0,2780.0,35280,0.0,0.0
2025-08-12 00:00:00+09:00,2765.0,2820.0,2760.0,2790.0,33181,0.0,0.0
2025-08-13 00:00:00+09:00,2770.0,2820.0,2765.0,2780.0,33245,0.0,0.0
2025-08-14 00:00:00+09:00,2790.0,2810.0,2725.0,2760.0,32289,0.0,0.0
2025-08-18 00:00:00+09:00,2750.0,2810.0,2710.0,2745.0,19870,0.0,0.0
2025-08-19 00:00:00+09:00,2730.0,2745.0,2690.0,2700.0,26635,0.0,0.0
2025-08-20 00:00:00+09:00,2700.0,2700.0,2605.0,2650.0,84842,0.0,0.0
2025-08-21 00:00:00+09:00,2650.0,2685.0,2645.0,2670.0,10850,0.0,0.0
2025-08-22 00:00:00+09:00,2670.0,2720.0,2650.0,2670.0,13672,0.0,0.0
2025-08-25 00:00:00+09:00,2670.0,2720.0,2650.0,2660.0,19367,0.0,0.0
2025-08-26 00:00:00+09:00,2655.0,2830.0,2645.0,2650.0,260468,0.0,0.0
2025-08-27 00:00:00+09:00,2645.0,2680.0,2620.0,2645.0,32135,0.0,0.0
2025-08-28 00:00:00+09:00,2645.0,2655.0,2615.0,2625.0,30959,0.0,0.0
2025-08-29 00:00:00+09:00,2625.0,2655.0,2610.0,2625.0,22006,0.0,0.0
2025-09-01 00:00:00+09:00,2645.0,2650.0,2570.0,2580.0,51345,0.0,0.0
2025-09-02 00:00:00+09:00,2560.0,2605.0,2560.0,2575.0,26225,0.0,0.0
2025-09-03 00:00:00+09:00,2600.0,2645.0,2570.0,2595.0,16533,0.0,0.0
2025-09-04 00:00:00+09:00,2610.0,2650.0,2580.0,2615.0,14545,0.0,0.0
2025-09-05 00:00:00+09:00,2605.0,2625.0,2600.0,2620.0,25910,0.0,0.0
2025-09-08 00:00:00+09:00,2625.0,2680.0,2620.0,2665.0,33812,0.0,0.0
2025-09-09 00:00:00+09:00,2665.0,2700.0,2610.0,2660.0,37922,0.0,0.0
2025-09-10 00:00:00+09:00,2660.0,2700.0,2610.0,2650.0,21165,0.0,0.0
2025-09-11 00:00:00+09:00,2635.0,2720.0,2630.0,2720.0,31178,0.0,0.0
2025-09-12 00:00:00+09:00,2720.0,2730.0,2665.0,2715.0,26325,0.0,0.0
2025-09-15 00:00:00+09:00,2700.0,2715.0,2660.0,2700.0,34194,0.0,0.0
2025-09-16 00:00:00+09:00,2700.0,2705.0,2655.0,2665.0,13973,0.0,0.0
2025-09-17 00:00:00+09:00,2665.0,2720.0,2650.0,2720.0,19922,0.0,0.0
2025-09-18 00:00:00+09:00,2690.0,2725.0,2690.0,2720.0,13569,0.0,0.0
2025-09-22 00:00:00+09:00,2675.0,2720.0,2660.0,2700.0,9344,0.0,0.0
2025-09-23 00:00:00+09:00,2700.0,2715.0,2625.0,2640.0,40975,0.0,0.0
2025-09-24 00:00:00+09:00,2620.0,2640.0,2585.0,2625.0,38384,0.0,0.0
2025-09-25 00:00:00+09:00,2620.0,2625.0,2565.0,2580.0,48287,0.0,0.0
2025-09-26 00:00:00+09:00,2580.0,2580.0,2510.0,2520.0,38342,0.0,0.0
2025-09-29 00:00:00+09:00,2505.0,2575.0,2505.0,2525.0,25940,0.0,0.0
2025-09-30 00:00:00+09:00,2525.0,2575.0,2405.0,2405.0,152755,0.0,0.0
2025-10-01 00:00:00+09:00,2410.0,2450.0,2375.0,2430.0,83125,0.0,0.0
2025-10-02 00:00:00+09:00,2430.0,2550.0,2430.0,2530.0,41987,0.0,0.0
2025-10-10 00:00:00+09:00,2530.0,2780.0,2430.0,2500.0,286153,0.0,0.0
2025-10-13 00:00:00+09:00,2455.0,2520.0,2450.0,2505.0,14238,0.0,0.0
2025-10-14 00:00:00+09:00,2490.0,2565.0,2490.0,2520.0,37873,0.0,0.0
2025-10-15 00:00:00+09:00,2520.0,2580.0,2515.0,2535.0,54883,0.0,0.0
2025-10-16 00:00:00+09:00,2600.0,2600.0,2530.0,2570.0,19424,0.0,0.0
2025-10-17 00:00:00+09:00,2540.0,2560.0,2530.0,2530.0,14938,0.0,0.0
2025-10-20 00:00:00+09:00,2530.0,2555.0,2480.0,2495.0,49523,0.0,0.0
2025-10-21 00:00:00+09:00,2490.0,2525.0,2435.0,2445.0,37055,0.0,0.0
2025-10-22 00:00:00+09:00,2460.0,2460.0,2405.0,2450.0,29384,0.0,0.0
2025-10-23 00:00:00+09:00,2445.0,2520.0,2420.0,2500.0,17987,0.0,0.0
2025-10-24 00:00:00+09:00,2520.0,2520.0,2450.0,2465.0,16247,0.0,0.0
2025-10-27 00:00:00+09:00,2465.0,2470.0,2405.0,2440.0,60764,0.0,0.0
2025-10-28 00:00:00+09:00,2410.0,2435.0,2400.0,2425.0,28687,0.0,0.0
2025-10-29 00:00:00+09:00,2425.0,2445.0,2390.0,2405.0,31038,0.0,0.0
2025-10-30 00:00:00+09:00,2405.0,2415.0,2300.0,2340.0,103292,0.0,0.0
2025-10-31 00:00:00+09:00,2340.0,2370.0,2305.0,2315.0,19455,0.0,0.0
2025-11-03 00:00:00+09:00,2300.0,2340.0,2195.0,2220.0,76993,0.0,0.0
2025-11-04 00:00:00+09:00,2200.0,2335.0,2180.0,2210.0,37108,0.0,0.0
2025-11-05 00:00:00+09:00,2180.0,2205.0,2095.0,2180.0,71172,0.0,0.0
2025-11-06 00:00:00+09:00,2180.0,2200.0,2130.0,2185.0,27806,0.0,0.0
2025-11-07 00:00:00+09:00,2085.0,2200.0,2085.0,2135.0,37388,0.0,0.0
2025-11-10 00:00:00+09:00,2135.0,2210.0,2135.0,2190.0,15685,0.0,0.0
2025-11-11 00:00:00+09:00,2190.0,2240.0,2160.0,2170.0,13485,0.0,0.0
2025-11-12 00:00:00+09:00,2180.0,2220.0,2175.0,2215.0,15102,0.0,0.0
2025-11-13 00:00:00+09:00,2215.0,2300.0,2215.0,2295.0,12836,0.0,0.0
2025-11-14 00:00:00+09:00,2295.0,2295.0,2200.0,2225.0,14556,0.0,0.0
2025-11-17 00:00:00+09:00,2220.0,2220.0,2170.0,2185.0,11226,0.0,0.0
2025-11-18 00:00:00+09:00,2150.0,2180.0,2130.0,2130.0,10457,0.0,0.0
2025-11-19 00:00:00+09:00,2130.0,2155.0,2100.0,2105.0,11908,0.0,0.0
2025-11-20 00:00:00+09:00,2100.0,2160.0,2100.0,2140.0,9180,0.0,0.0
2025-11-21 00:00:00+09:00,2120.0,2145.0,2115.0,2115.0,8849,0.0,0.0
2025-11-24 00:00:00+09:00,2105.0,2155.0,2070.0,2095.0,40597,0.0,0.0
2025-11-25 00:00:00+09:00,2090.0,2125.0,2035.0,2075.0,30409,0.0,0.0
2025-11-26 00:00:00+09:00,2075.0,2100.0,2040.0,2075.0,39730,0.0,0.0
2025-11-27 00:00:00+09:00,2080.0,2090.0,2040.0,2045.0,46013,0.0,0.0
2025-11-28 00:00:00+09:00,2045.0,2085.0,2045.0,2055.0,32017,0.0,0.0
2025-12-01 00:00:00+09:00,2050.0,2080.0,2050.0,2065.0,18590,0.0,0.0
2025-12-02 00:00:00+09:00,2065.0,2175.0,2065.0,2155.0,22110,0.0,0.0
2025-12-03 00:00:00+09:00,2135.0,2295.0,2130.0,2235.0,33317,0.0,0.0
2025-12-04 00:00:00+09:00,2220.0,2290.0,2205.0,2235.0,23042,0.0,0.0
2025-12-05 00:00:00+09:00,2235.0,2290.0,2210.0,2280.0,22091,0.0,0.0
2025-12-08 00:00:00+09:00,2280.0,2310.0,2235.0,2240.0,17326,0.0,0.0
2025-12-09 00:00:00+09:00,2250.0,2255.0,2210.0,2210.0,7722,0.0,0.0
2025-12-10 00:00:00+09:00,2200.0,2300.0,2200.0,2270.0,18916,0.0,0.0
2025-12-11 00:00:00+09:00,2270.0,2315.0,2260.0,2295.0,18343,0.0,0.0
2025-12-12 00:00:00+09:00,2305.0,2350.0,2285.0,2300.0,39943,0.0,0.0
2025-12-15 00:00:00+09:00,2295.0,2320.0,2280.0,2305.0,20049,0.0,0.0
2025-12-16 00:00:00+09:00,2330.0,2340.0,2265.0,2280.0,8724,0.0,0.0
2025-12-17 00:00:00+09:00,2280.0,2280.0,2230.0,2250.0,18690,0.0,0.0
2025-12-18 00:00:00+09:00,2250.0,2255.0,2200.0,2200.0,29586,0.0,0.0
2025-12-19 00:00:00+09:00,2225.0,2250.0,2215.0,2245.0,7618,0.0,0.0
2025-12-22 00:00:00+09:00,2265.0,2295.0,2245.0,2275.0,8188,0.0,0.0
2025-12-23 00:00:00+09:00,2250.0,2300.0,2210.0,2240.0,11067,0.0,0.0
2025-12-24 00:00:00+09:00,2220.0,2265.0,2220.0,2250.0,9177,0.0,0.0
2025-12-26 00:00:00+09:00,2235.0,2275.0,2170.0,2175.0,28484,0.0,0.0
2025-12-29 00:00:00+09:00,2175.0,2270.0,2165.0,2195.0,12269,0.0,0.0
2025-12-30 00:00:00+09:00,2180.0,2230.0,2170.0,2185.0,7250,0.0,0.0
2026-01-02 00:00:00+09:00,2185.0,2210.0,2155.0,2185.0,11825,0.0,0.0
2026-01-05 00:00:00+09:00,2185.0,2185.0,2025.0,2150.0,24524,0.0,0.0
2026-01-06 00:00:00+09:00,2200.0,2200.0,2115.0,2160.0,15894,0.0,0.0
2026-01-07 00:00:00+09:00,2160.0,2160.0,2115.0,2130.0,9644,0.0,0.0
2026-01-08 00:00:00+09:00,2130.0,2130.0,2065.0,2065.0,15066,0.0,0.0
2026-01-09 00:00:00+09:00,2055.0,2135.0,2035.0,2120.0,13021,0.0,0.0
2026-01-12 00:00:00+09:00,2120.0,2155.0,2115.0,2145.0,9570,0.0,0.0
2026-01-13 00:00:00+09:00,2170.0,2170.0,2100.0,2150.0,17053,0.0,0.0
2026-01-14 00:00:00+09:00,2135.0,2165.0,2135.0,2150.0,5515,0.0,0.0
2026-01-15 00:00:00+09:00,2150.0,2220.0,2115.0,2195.0,34760,0.0,0.0
2026-01-16 00:00:00+09:00,2195.0,2240.0,2100.0,2120.0,33421,0.0,0.0
2026-01-19 00:00:00+09:00,2120.0,2140.0,1970.0,2140.0,39214,0.0,0.0
2026-01-20 00:00:00+09:00,2120.0,2190.0,2040.0,2185.0,27494,0.0,0.0
2026-01-21 00:00:00+09:00,2195.0,2195.0,2115.0,2190.0,21017,0.0,0.0
2026-01-22 00:00:00+09:00,2190.0,2210.0,2130.0,2180.0,25106,0.0,0.0
2026-01-23 00:00:00+09:00,2180.0,2185.0,2125.0,2185.0,26284,0.0,0.0
2026-01-26 00:00:00+09:00,2185.0,2190.0,2160.0,2185.0,11685,0.0,0.0
2026-01-27 00:00:00+09:00,2185.0,2215.0,2140.0,2190.0,23659,0.0,0.0
2026-01-28 00:00:00+09:00,2180.0,2195.0,2160.0,2190.0,25135,0.0,0.0
2026-01-29 00:00:00+09:00,2175.0,2190.0,2145.0,2180.0,23144,0.0,0.0
2026-01-30 00:00:00+09:00,2180.0,2180.0,2130.0,2175.0,18917,0.0,0.0
2026-02-02 00:00:00+09:00,2175.0,2180.0,2060.0,2095.0,53930,0.0,0.0
2026-02-03 00:00:00+09:00,2045.0,2110.0,2045.0,2110.0,35471,0.0,0.0
2026-02-04 00:00:00+09:00,2100.0,2110.0,2065.0,2075.0,39682,0.0,0.0
2026-02-05 00:00:00+09:00,2075.0,2110.0,2055.0,2070.0,34336,0.0,0.0
2026-02-06 00:00:00+09:00,2070.0,2215.0,2030.0,2160.0,90617,0.0,0.0
2026-02-09 00:00:00+09:00,2160.0,2270.0,2105.0,2215.0,112929,0.0,0.0
2026-02-10 00:00:00+09:00,2235.0,2350.0,2215.0,2305.0,120951,0.0,0.0
2026-02-11 00:00:00+09:00,2330.0,2405.0,2290.0,2355.0,96905,0.0,0.0
2026-02-12 00:00:00+09:00,2355.0,2370.0,2320.0,2335.0,38266,0.0,0.0
2026-02-13 00:00:00+09:00,2330.0,2425.0,2295.0,2330.0,62187,0.0,0.0
2026-02-19 00:00:00+09:00,2350.0,2370.0,2155.0,2155.0,110177,0.0,0.0
2026-02-20 00:00:00+09:00,2200.0,2200.0,2065.0,2130.0,61426,0.0,0.0
2026-02-23 00:00:00+09:00,2130.0,2180.0,2095.0,2160.0,39198,0.0,0.0
2026-02-24 00:00:00+09:00,2160.0,2205.0,2120.0,2190.0,36514,0.0,0.0
2026-02-25 00:00:00+09:00,2200.0,2225.0,2145.0,2175.0,38989,0.0,0.0
2026-02-26 00:00:00+09:00,2175.0,2225.0,2110.0,2165.0,43755,0.0,0.0
2026-02-27 00:00:00+09:00,2140.0,2190.0,2105.0,2190.0,39291,0.0,0.0
2026-03-03 00:00:00+09:00,2190.0,2190.0,2070.0,2140.0,39522,0.0,0.0
2026-03-04 00:00:00+09:00,2125.0,2125.0,1857.0,1900.0,89361,0.0,0.0
2026-03-05 00:00:00+09:00,1950.0,2025.0,1950.0,2000.0,27184,0.0,0.0
2026-03-06 00:00:00+09:00,1971.0,2050.0,1971.0,2020.0,10598,0.0,0.0
2026-03-09 00:00:00+09:00,2015.0,2015.0,1844.0,1890.0,38540,0.0,0.0
2026-03-10 00:00:00+09:00,1891.0,2035.0,1891.0,2000.0,19827,0.0,0.0
2026-03-11 00:00:00+09:00,1984.0,2045.0,1984.0,1994.0,15287,0.0,0.0
2026-03-12 00:00:00+09:00,1994.0,2040.0,1976.0,2040.0,5729,0.0,0.0
2026-03-13 00:00:00+09:00,2025.0,2095.0,2010.0,2060.0,66635,0.0,0.0
2026-03-16 00:00:00+09:00,2060.0,2105.0,2020.0,2065.0,12919,0.0,0.0
2026-03-17 00:00:00+09:00,2075.0,2100.0,2050.0,2060.0,7912,0.0,0.0
2026-03-18 00:00:00+09:00,2060.0,2100.0,2050.0,2050.0,7025,0.0,0.0
2026-03-19 00:00:00+09:00,2050.0,2090.0,2035.0,2045.0,10915,0.0,0.0
2026-03-20 00:00:00+09:00,2045.0,2120.0,2020.0,2045.0,7277,0.0,0.0
2026-03-23 00:00:00+09:00,2040.0,2045.0,1995.0,2005.0,27471,0.0,0.0
2026-03-24 00:00:00+09:00,1942.0,2010.0,1942.0,2005.0,33061,0.0,0.0
2026-03-25 00:00:00+09:00,2000.0,2055.0,2000.0,2035.0,7227,0.0,0.0
2026-03-26 00:00:00+09:00,2035.0,2100.0,2010.0,2010.0,11644,0.0,0.0
2026-03-27 00:00:00+09:00,2010.0,2040.0,1970.0,2010.0,12097,0.0,0.0
2026-03-30 00:00:00+09:00,1998.0,2080.0,1977.0,2030.0,23477,0.0,0.0
2026-03-31 00:00:00+09:00,2030.0,2035.0,1991.0,2020.0,22038,0.0,0.0
2026-04-01 00:00:00+09:00,2040.0,2095.0,2010.0,2070.0,23339,0.0,0.0
2026-04-02 00:00:00+09:00,2100.0,2100.0,1942.0,1980.0,53456,0.0,0.0
2026-04-03 00:00:00+09:00,1971.0,2070.0,1971.0,2005.0,11411,0.0,0.0
2026-04-06 00:00:00+09:00,2005.0,2005.0,1950.0,1992.0,14321,0.0,0.0
2026-04-07 00:00:00+09:00,1980.0,1992.0,1950.0,1988.0,50472,0.0,0.0
2026-04-08 00:00:00+09:00,2015.0,2050.0,1991.0,2045.0,29709,0.0,0.0
2026-04-09 00:00:00+09:00,2095.0,2095.0,1986.0,2035.0,10083,0.0,0.0
2026-04-10 00:00:00+09:00,2090.0,2090.0,1910.0,2030.0,38578,0.0,0.0
2026-04-13 00:00:00+09:00,2030.0,2235.0,1990.0,2005.0,171887,0.0,0.0
2026-04-14 00:00:00+09:00,2015.0,2080.0,2005.0,2060.0,28472,0.0,0.0
2026-04-15 00:00:00+09:00,2100.0,2100.0,2020.0,2055.0,15204,0.0,0.0
2026-04-16 00:00:00+09:00,2115.0,2115.0,2055.0,2060.0,12717,0.0,0.0
2026-04-17 00:00:00+09:00,2070.0,2130.0,2055.0,2070.0,8444,0.0,0.0
2026-04-20 00:00:00+09:00,2120.0,2120.0,2050.0,2090.0,18235,0.0,0.0
2026-04-21 00:00:00+09:00,2130.0,2130.0,2050.0,2090.0,17186,0.0,0.0
2026-04-22 00:00:00+09:00,2130.0,2130.0,1999.0,2005.0,94891,0.0,0.0
2026-04-23 00:00:00+09:00,2005.0,2035.0,1987.0,2005.0,36904,0.0,0.0
2026-04-24 00:00:00+09:00,2005.0,2005.0,1978.0,1995.0,71768,0.0,0.0
2026-04-27 00:00:00+09:00,1995.0,2015.0,1935.0,1958.0,146938,0.0,0.0
2026-04-28 00:00:00+09:00,1942.0,1992.0,1917.0,1987.0,66609,0.0,0.0
2026-04-29 00:00:00+09:00,1999.0,2000.0,1949.0,1949.0,29993,0.0,0.0
2026-04-30 00:00:00+09:00,1949.0,1979.0,1920.0,1959.0,47862,0.0,0.0
2026-05-04 00:00:00+09:00,1943.0,1952.0,1910.0,1911.0,55919,0.0,0.0
2026-05-06 00:00:00+09:00,1893.0,1901.0,1860.0,1880.0,43608,0.0,0.0
2026-05-07 00:00:00+09:00,1861.0,1950.0,1860.0,1950.0,23479,0.0,0.0
2026-05-08 00:00:00+09:00,1921.0,1923.0,1889.0,1905.0,10665,0.0,0.0
2026-05-11 00:00:00+09:00,1984.0,1984.0,1785.0,1814.0,70482,0.0,0.0
2026-05-12 00:00:00+09:00,1820.0,1861.0,1756.0,1800.0,43582,0.0,0.0
2026-05-13 00:00:00+09:00,1800.0,1820.0,1777.0,1792.0,30135,0.0,0.0
2026-05-14 00:00:00+09:00,1790.0,1824.0,1765.0,1817.0,14139,0.0,0.0
2026-05-15 00:00:00+09:00,1836.0,1854.0,1798.0,1815.0,23736,0.0,0.0
2026-05-18 00:00:00+09:00,1815.0,1933.0,1737.0,1868.0,19230,0.0,0.0
2026-05-19 00:00:00+09:00,1837.0,1867.0,1815.0,1847.0,7042,0.0,0.0
2026-05-20 00:00:00+09:00,1803.0,1856.0,1748.0,1754.0,49157,0.0,0.0
2026-05-21 00:00:00+09:00,1744.0,1841.0,1744.0,1793.0,31828,0.0,0.0
2026-05-22 00:00:00+09:00,1820.0,1820.0,1776.0,1820.0,22669,0.0,0.0
2026-05-26 00:00:00+09:00,1820.0,1838.0,1750.0,1799.0,37803,0.0,0.0
2026-05-27 00:00:00+09:00,1784.0,1809.0,1680.0,1695.0,49688,0.0,0.0
2026-05-28 00:00:00+09:00,1695.0,1695.0,1543.0,1592.0,79726,0.0,0.0
2026-05-29 00:00:00+09:00,1592.0,1610.0,1495.0,1517.0,42315,0.0,0.0
2026-06-01 00:00:00+09:00,1517.0,1598.0,1394.0,1414.0,61092,0.0,0.0
2026-06-02 00:00:00+09:00,1414.0,1617.0,1344.0,1510.0,384278,0.0,0.0
2026-06-04 00:00:00+09:00,1520.0,1861.0,1513.0,1729.0,604673,0.0,0.0
2026-06-05 00:00:00+09:00,1795.0,1863.0,1626.0,1812.0,127459,0.0,0.0
2026-06-08 00:00:00+09:00,1812.0,1858.0,1758.0,1789.0,67192,0.0,0.0
2026-06-09 00:00:00+09:00,1854.0,1854.0,1712.0,1778.0,24160,0.0,0.0
2026-06-10 00:00:00+09:00,1857.0,1857.0,1695.0,1780.0,33062,0.0,0.0
2026-06-11 00:00:00+09:00,1780.0,1880.0,1731.0,1840.0,74431,0.0,0.0
2026-06-12 00:00:00+09:00,1840.0,1874.0,1794.0,1845.0,49872,0.0,0.0
2026-06-15 00:00:00+09:00,1860.0,1890.0,1794.0,1853.0,29156,0.0,0.0
2026-06-16 00:00:00+09:00,1879.0,1890.0,1835.0,1880.0,21388,0.0,0.0
2026-06-17 00:00:00+09:00,1864.0,1880.0,1769.0,1859.0,24330,0.0,0.0
2026-06-18 00:00:00+09:00,1898.0,1898.0,1813.0,1814.0,13956,0.0,0.0
2026-06-19 00:00:00+09:00,1814.0,1887.0,1710.0,1744.0,50279,0.0,0.0
2026-06-22 00:00:00+09:00,1659.0,1850.0,1659.0,1710.0,23807,0.0,0.0
2026-06-23 00:00:00+09:00,1710.0,1749.0,1425.0,1594.0,69152,0.0,0.0
2026-06-24 00:00:00+09:00,1594.0,1708.0,1594.0,1612.0,29032,0.0,0.0
2026-06-25 00:00:00+09:00,1612.0,1739.0,1612.0,1661.0,34399,0.0,0.0
2026-06-26 00:00:00+09:00,1615.0,1660.0,1560.0,1596.0,28761,0.0,0.0
2026-06-29 00:00:00+09:00,1466.0,1676.0,1466.0,1637.0,32650,0.0,0.0
2026-06-30 00:00:00+09:00,1623.0,1636.0,1511.0,1589.0,78152,0.0,0.0
2026-07-01 00:00:00+09:00,1589.0,1697.0,1589.0,1668.0,79170,0.0,0.0
2026-07-02 00:00:00+09:00,1665.0,1719.0,1621.0,1654.0,60187,0.0,0.0
2026-07-03 00:00:00+09:00,1654.0,1694.0,1599.0,1681.0,26655,0.0,0.0
2026-07-06 00:00:00+09:00,1681.0,1717.0,1600.0,1716.0,42176,0.0,0.0
2026-07-07 00:00:00+09:00,1702.0,1956.0,1615.0,1801.0,230496,0.0,0.0
2026-07-08 00:00:00+09:00,1801.0,1867.0,1720.0,1841.0,146585,0.0,0.0
2026-07-09 00:00:00+09:00,1841.0,1895.0,1818.0,1883.0,47101,0.0,0.0
2026-07-10 00:00:00+09:00,1882.0,1980.0,1854.0,1926.0,78133,0.0,0.0
2026-07-13 00:00:00+09:00,1979.0,1979.0,1800.0,1800.0,37829,0.0,0.0
2026-07-14 00:00:00+09:00,1800.0,1858.0,1750.0,1830.0,18007,0.0,0.0
2026-07-15 00:00:00+09:00,1967.0,1967.0,1824.0,1883.0,15343,0.0,0.0
2026-07-16 00:00:00+09:00,1922.0,1978.0,1839.0,1860.0,20813,0.0,0.0
2026-07-20 00:00:00+09:00,1860.0,1900.0,1768.0,1822.0,12616,0.0,0.0
2026-07-21 00:00:00+09:00,1818.0,1964.0,1756.0,1834.0,21199,0.0,0.0
2026-07-22 00:00:00+09:00,1836.0,1938.0,1815.0,1835.0,10603,0.0,0.0
2026-07-23 00:00:00+09:00,1874.0,1874.0,1780.0,1851.0,11653,0.0,0.0
2026-07-24 00:00:00+09:00,1848.0,1851.0,1800.0,1814.0,9526,0.0,0.0
2026-07-27 00:00:00+09:00,1899.0,2065.0,1725.0,1735.0,102715,0.0,0.0
2026-07-28 00:00:00+09:00,1733.0,1825.0,1721.0,1795.0,24357,0.0,0.0
2026-07-29 00:00:00+09:00,1731.0,1885.0,1731.0,1777.0,15165,0.0,0.0
2026-07-30 00:00:00+09:00,1400.0,1878.0,1400.0,1733.0,27490,0.0,0.0
2026-07-31 00:00:00+09:00,1869.0,1869.0,1697.0,1793.0,16347,0.0,0.0
2026-08-03 00:00:00+09:00,1799.0,1824.0,1757.0,1819.0,15563,0.0,0.0
2026-08-04 00:00:00+09:00,1819.0,1859.0,1730.0,1757.0,34383,0.0,0.0
2026-08-05 00:00:00+09:00,1759.0,1855.0,1750.0,1807.0,10191,0.0,0.0
2026-08-06 00:00:00+09:00,1883.0,1883.0,1779.0,1808.0,12164,0.0,0.0
2026-08-07 00:00:00+09:00,1883.0,1883.0,1792.0,1809.0,10622,0.0,0.0
