Date,Open,High,Low,Close,Volume,Dividends,Stock Splits
2019-10-11 00:00:00+09:00,2025.0,2035.0,2015.0,2025.0,2275942,0.0,0.0
2019-10-14 00:00:00+09:00,2025.0,2025.0,2020.0,2020.0,302792,0.0,0.0
2019-10-15 00:00:00+09:00,2020.0,2030.0,2020.0,2025.0,95600,0.0,0.0
2019-10-16 00:00:00+09:00,2025.0,2030.0,2025.0,2030.0,110468,0.0,0.0
2019-10-17 00:00:00+09:00,2025.0,2030.0,2025.0,2030.0,81770,0.0,0.0
2019-10-18 00:00:00+09:00,2030.0,2030.0,2020.0,2025.0,32702,0.0,0.0
2019-10-21 00:00:00+09:00,2025.0,2030.0,2020.0,2025.0,50926,0.0,0.0
2019-10-22 00:00:00+09:00,2020.0,2025.0,2020.0,2025.0,19832,0.0,0.0
2019-10-23 00:00:00+09:00,2025.0,2025.0,2020.0,2025.0,13595,0.0,0.0
2019-10-24 00:00:00+09:00,2020.0,2025.0,2020.0,2025.0,19265,0.0,0.0
2019-10-25 00:00:00+09:00,2020.0,2025.0,2015.0,2025.0,34149,0.0,0.0
2019-10-28 00:00:00+09:00,2015.0,2025.0,2015.0,2025.0,24602,0.0,0.0
2019-10-29 00:00:00+09:00,2020.0,2025.0,2015.0,2020.0,101767,0.0,0.0
2019-10-30 00:00:00+09:00,2020.0,2020.0,2005.0,2015.0,247326,0.0,0.0
2019-10-31 00:00:00+09:00,2020.0,2020.0,2010.0,2015.0,57413,0.0,0.0
2019-11-01 00:00:00+09:00,2015.0,2020.0,2015.0,2020.0,48935,0.0,0.0
2019-11-04 00:00:00+09:00,2020.0,2020.0,2015.0,2020.0,2384,0.0,0.0
2019-11-05 00:00:00+09:00,2015.0,2020.0,2005.0,2010.0,37385,0.0,0.0
2019-11-06 00:00:00+09:00,2010.0,2015.0,2005.0,2010.0,40541,0.0,0.0
2019-11-07 00:00:00+09:00,2015.0,2020.0,2015.0,2020.0,42604,0.0,0.0
2019-11-08 00:00:00+09:00,2020.0,2020.0,2010.0,2020.0,10159,0.0,0.0
2019-11-11 00:00:00+09:00,2020.0,2020.0,2010.0,2015.0,4039,0.0,0.0
2019-11-12 00:00:00+09:00,2010.0,2020.0,2010.0,2020.0,8317,0.0,0.0
2019-11-13 00:00:00+09:00,2005.0,2020.0,2005.0,2020.0,10794,0.0,0.0
2019-11-14 00:00:00+09:00,2015.0,2020.0,2010.0,2020.0,8662,0.0,0.0
2019-11-15 00:00:00+09:00,2015.0,2020.0,2015.0,2020.0,3320,0.0,0.0
2019-11-18 00:00:00+09:00,2005.0,2015.0,2005.0,2015.0,5938,0.0,0.0
2019-11-19 00:00:00+09:00,2015.0,2020.0,2015.0,2015.0,2100,0.0,0.0
2019-11-20 00:00:00+09:00,2020.0,2020.0,2010.0,2010.0,3110,0.0,0.0
2019-11-21 00:00:00+09:00,2020.0,2020.0,2010.0,2015.0,4600,0.0,0.0
2019-11-22 00:00:00+09:00,2015.0,2020.0,2010.0,2010.0,31103,0.0,0.0
2019-11-25 00:00:00+09:00,2015.0,2020.0,2015.0,2020.0,11978,0.0,0.0
2019-11-26 00:00:00+09:00,2020.0,2025.0,2015.0,2020.0,66382,0.0,0.0
2019-11-27 00:00:00+09:00,2020.0,2025.0,2015.0,2025.0,23480,0.0,0.0
2019-11-28 00:00:00+09:00,2025.0,2025.0,2015.0,2025.0,44075,0.0,0.0
2019-11-29 00:00:00+09:00,2010.0,2025.0,2010.0,2025.0,10933,0.0,0.0
2019-12-02 00:00:00+09:00,2020.0,2025.0,2020.0,2025.0,9956,0.0,0.0
2019-12-03 00:00:00+09:00,2025.0,2025.0,2015.0,2025.0,3,0.0,0.0
2019-12-04 00:00:00+09:00,2010.0,2025.0,2010.0,2025.0,7227,0.0,0.0
2019-12-05 00:00:00+09:00,2005.0,2020.0,2005.0,2015.0,4877,0.0,0.0
2019-12-06 00:00:00+09:00,2010.0,2020.0,2010.0,2020.0,26829,0.0,0.0
2019-12-09 00:00:00+09:00,2015.0,2015.0,2015.0,2015.0,50,0.0,0.0
2019-12-10 00:00:00+09:00,2010.0,2015.0,2010.0,2010.0,52,0.0,0.0
2019-12-11 00:00:00+09:00,2005.0,2020.0,2000.0,2015.0,38665,0.0,0.0
2019-12-12 00:00:00+09:00,2015.0,2015.0,2015.0,2015.0,0,0.0,0.0
2019-12-13 00:00:00+09:00,2015.0,2015.0,1995.0,2005.0,40144,0.0,0.0
2019-12-16 00:00:00+09:00,2000.0,2010.0,2000.0,2005.0,7968,0.0,0.0
2019-12-17 00:00:00+09:00,2000.0,2010.0,2000.0,2010.0,10983,0.0,0.0
2019-12-18 00:00:00+09:00,2000.0,2010.0,1995.0,2000.0,3593,0.0,0.0
2019-12-19 00:00:00+09:00,2005.0,2005.0,2000.0,2000.0,11554,0.0,0.0
2019-12-20 00:00:00+09:00,2005.0,2010.0,2000.0,2010.0,11011,0.0,0.0
2019-12-23 00:00:00+09:00,2005.0,2010.0,2000.0,2010.0,7208,0.0,0.0
2019-12-24 00:00:00+09:00,2010.0,2010.0,2010.0,2010.0,100,0.0,0.0
2019-12-26 00:00:00+09:00,2010.0,2010.0,2000.0,2010.0,2120,0.0,0.0
2019-12-27 00:00:00+09:00,2000.0,2010.0,2000.0,2010.0,1186,0.0,0.0
2019-12-30 00:00:00+09:00,2010.0,2010.0,2010.0,2010.0,15001,0.0,0.0
2020-01-02 00:00:00+09:00,2010.0,2010.0,2010.0,2010.0,0,0.0,0.0
2020-01-03 00:00:00+09:00,2005.0,2020.0,2005.0,2020.0,535,0.0,0.0
2020-01-06 00:00:00+09:00,2010.0,2020.0,2010.0,2015.0,2002,0.0,0.0
2020-01-07 00:00:00+09:00,2020.0,2020.0,2005.0,2020.0,1149,0.0,0.0
2020-01-08 00:00:00+09:00,2000.0,2010.0,2000.0,2010.0,3001,0.0,0.0
2020-01-09 00:00:00+09:00,2020.0,2020.0,2000.0,2015.0,1002,0.0,0.0
2020-01-10 00:00:00+09:00,2015.0,2015.0,2005.0,2005.0,12707,0.0,0.0
2020-01-13 00:00:00+09:00,2005.0,2015.0,2005.0,2015.0,2685,0.0,0.0
2020-01-14 00:00:00+09:00,2010.0,2015.0,2010.0,2015.0,22931,0.0,0.0
2020-01-15 00:00:00+09:00,2015.0,2015.0,2015.0,2015.0,0,0.0,0.0
2020-01-16 00:00:00+09:00,2015.0,2015.0,2015.0,2015.0,0,0.0,0.0
2020-01-17 00:00:00+09:00,2010.0,2015.0,2010.0,2015.0,332,0.0,0.0
2020-01-20 00:00:00+09:00,2010.0,2015.0,2010.0,2015.0,931,0.0,0.0
2020-01-21 00:00:00+09:00,2010.0,2015.0,2010.0,2015.0,8433,0.0,0.0
2020-01-22 00:00:00+09:00,2015.0,2015.0,2015.0,2015.0,0,0.0,0.0
2020-01-23 00:00:00+09:00,2010.0,2015.0,2010.0,2015.0,242,0.0,0.0
2020-01-28 00:00:00+09:00,2000.0,2015.0,2000.0,2015.0,1103,0.0,0.0
2020-01-29 00:00:00+09:00,2015.0,2015.0,2015.0,2015.0,10,0.0,0.0
2020-01-30 00:00:00+09:00,2005.0,2015.0,2000.0,2015.0,10501,0.0,0.0
2020-01-31 00:00:00+09:00,2000.0,2015.0,2000.0,2015.0,11,0.0,0.0
2020-02-03 00:00:00+09:00,2005.0,2015.0,2005.0,2015.0,701,0.0,0.0
2020-02-04 00:00:00+09:00,2005.0,2015.0,2005.0,2015.0,204,0.0,0.0
2020-02-05 00:00:00+09:00,2000.0,2020.0,2000.0,2020.0,16728,0.0,0.0
2020-02-06 00:00:00+09:00,2005.0,2010.0,2005.0,2010.0,11431,0.0,0.0
2020-02-07 00:00:00+09:00,2005.0,2020.0,2005.0,2015.0,7249,0.0,0.0
2020-02-10 00:00:00+09:00,2015.0,2020.0,2015.0,2020.0,2430,0.0,0.0
2020-02-11 00:00:00+09:00,2015.0,2020.0,2015.0,2020.0,2,0.0,0.0
2020-02-12 00:00:00+09:00,2005.0,2015.0,2005.0,2015.0,1002,0.0,0.0
2020-02-13 00:00:00+09:00,2020.0,2020.0,2020.0,2020.0,1,0.0,0.0
2020-02-14 00:00:00+09:00,2020.0,2020.0,2010.0,2020.0,3360,0.0,0.0
2020-02-17 00:00:00+09:00,2020.0,2020.0,2020.0,2020.0,8343,0.0,0.0
2020-02-18 00:00:00+09:00,2020.0,2020.0,2020.0,2020.0,16507,0.0,0.0
2020-02-19 00:00:00+09:00,2020.0,2020.0,2015.0,2020.0,23121,0.0,0.0
2020-02-20 00:00:00+09:00,2020.0,2020.0,2020.0,2020.0,0,0.0,0.0
2020-02-21 00:00:00+09:00,2020.0,2025.0,2020.0,2025.0,4000,0.0,0.0
2020-02-24 00:00:00+09:00,2015.0,2025.0,2010.0,2025.0,9357,0.0,0.0
2020-02-25 00:00:00+09:00,2015.0,2020.0,2000.0,2020.0,89252,0.0,0.0
2020-02-26 00:00:00+09:00,2020.0,2020.0,2020.0,2020.0,1000,0.0,0.0
2020-02-27 00:00:00+09:00,2010.0,2020.0,2010.0,2020.0,14057,0.0,0.0
2020-02-28 00:00:00+09:00,2010.0,2020.0,2010.0,2015.0,26768,0.0,0.0
2020-03-02 00:00:00+09:00,2005.0,2020.0,2005.0,2015.0,9229,0.0,0.0
2020-03-03 00:00:00+09:00,2005.0,2015.0,2005.0,2015.0,7364,0.0,0.0
2020-03-04 00:00:00+09:00,2015.0,2020.0,2010.0,2020.0,21512,0.0,0.0
2020-03-05 00:00:00+09:00,2010.0,2020.0,2010.0,2020.0,1038,0.0,0.0
2020-03-06 00:00:00+09:00,2005.0,2020.0,2005.0,2020.0,1924,0.0,0.0
2020-03-09 00:00:00+09:00,2015.0,2025.0,2015.0,2015.0,9813,0.0,0.0
2020-03-10 00:00:00+09:00,2015.0,2015.0,2015.0,2015.0,1000,0.0,0.0
2020-03-11 00:00:00+09:00,2015.0,2015.0,2010.0,2010.0,2962,0.0,0.0
2020-03-12 00:00:00+09:00,2010.0,2020.0,2005.0,2010.0,5081,0.0,0.0
2020-03-13 00:00:00+09:00,2010.0,2020.0,1995.0,2000.0,100197,0.0,0.0
2020-03-16 00:00:00+09:00,2000.0,2005.0,2000.0,2005.0,3145,0.0,0.0
2020-03-17 00:00:00+09:00,2000.0,2010.0,1995.0,2005.0,23418,0.0,0.0
2020-03-18 00:00:00+09:00,2000.0,2000.0,2000.0,2000.0,11001,0.0,0.0
2020-03-19 00:00:00+09:00,1995.0,2005.0,1995.0,2000.0,11704,0.0,0.0
2020-03-20 00:00:00+09:00,2000.0,2000.0,2000.0,2000.0,0,0.0,0.0
2020-03-23 00:00:00+09:00,1990.0,2000.0,1985.0,2000.0,5526,0.0,0.0
2020-03-24 00:00:00+09:00,1975.0,2000.0,1975.0,1995.0,7159,0.0,0.0
2020-03-25 00:00:00+09:00,2000.0,2000.0,1995.0,2000.0,504,0.0,0.0
2020-03-26 00:00:00+09:00,1990.0,1995.0,1990.0,1995.0,23164,0.0,0.0
2020-03-27 00:00:00+09:00,2000.0,2000.0,1995.0,1995.0,9689,0.0,0.0
2020-03-30 00:00:00+09:00,1980.0,1995.0,1980.0,1995.0,7279,0.0,0.0
2020-03-31 00:00:00+09:00,1990.0,1995.0,1985.0,1995.0,8087,0.0,0.0
2020-04-01 00:00:00+09:00,1990.0,1995.0,1985.0,1990.0,14624,0.0,0.0
2020-04-02 00:00:00+09:00,1995.0,1995.0,1985.0,1990.0,7150,0.0,0.0
2020-04-03 00:00:00+09:00,1995.0,1995.0,1985.0,1990.0,9496,0.0,0.0
2020-04-06 00:00:00+09:00,1995.0,1995.0,1990.0,1995.0,10020,0.0,0.0
2020-04-07 00:00:00+09:00,1990.0,2000.0,1980.0,1990.0,33773,0.0,0.0
2020-04-08 00:00:00+09:00,2000.0,2000.0,1990.0,1990.0,1710,0.0,0.0
2020-04-09 00:00:00+09:00,2000.0,2000.0,1980.0,1990.0,24728,0.0,0.0
2020-04-10 00:00:00+09:00,2000.0,2000.0,1980.0,1990.0,21638,0.0,0.0
2020-04-13 00:00:00+09:00,2000.0,2000.0,1980.0,1990.0,5374,0.0,0.0
2020-04-14 00:00:00+09:00,1995.0,2000.0,1985.0,1995.0,15431,0.0,0.0
2020-04-16 00:00:00+09:00,1985.0,2005.0,1985.0,1995.0,1046,0.0,0.0
2020-04-17 00:00:00+09:00,1990.0,2010.0,1985.0,1990.0,16129,0.0,0.0
2020-04-20 00:00:00+09:00,1990.0,2005.0,1990.0,1990.0,8763,0.0,0.0
2020-04-21 00:00:00+09:00,1995.0,2000.0,1990.0,2000.0,1958,0.0,0.0
2020-04-22 00:00:00+09:00,2005.0,2005.0,1990.0,1995.0,8857,0.0,0.0
2020-04-23 00:00:00+09:00,1995.0,2000.0,1990.0,1995.0,28317,0.0,0.0
2020-04-24 00:00:00+09:00,2005.0,2005.0,1990.0,1990.0,7342,0.0,0.0
2020-04-27 00:00:00+09:00,1995.0,2010.0,1990.0,2010.0,11308,0.0,0.0
2020-04-28 00:00:00+09:00,1990.0,2010.0,1990.0,2010.0,8644,0.0,0.0
2020-04-29 00:00:00+09:00,1990.0,2000.0,1990.0,2000.0,4999,0.0,0.0
2020-05-04 00:00:00+09:00,2000.0,2000.0,2000.0,2000.0,0,0.0,0.0
2020-05-06 00:00:00+09:00,1995.0,2010.0,1995.0,2010.0,35476,0.0,0.0
2020-05-07 00:00:00+09:00,2010.0,2010.0,2010.0,2010.0,0,0.0,0.0
2020-05-08 00:00:00+09:00,2010.0,2010.0,2005.0,2010.0,3314,0.0,0.0
2020-05-11 00:00:00+09:00,2020.0,2020.0,2015.0,2015.0,594,0.0,0.0
2020-05-12 00:00:00+09:00,2000.0,2015.0,2000.0,2015.0,2126,0.0,0.0
2020-05-13 00:00:00+09:00,2015.0,2020.0,2015.0,2015.0,5300,0.0,0.0
2020-05-14 00:00:00+09:00,2025.0,2025.0,2025.0,2025.0,1,0.0,0.0
2020-05-15 00:00:00+09:00,2000.0,2025.0,2000.0,2025.0,2,0.0,0.0
2020-05-18 00:00:00+09:00,2000.0,2000.0,2000.0,2000.0,1449,0.0,0.0
2020-05-19 00:00:00+09:00,2010.0,2010.0,2010.0,2010.0,1,0.0,0.0
2020-05-20 00:00:00+09:00,2010.0,2010.0,1990.0,2005.0,12479,0.0,0.0
2020-05-21 00:00:00+09:00,2010.0,2010.0,2010.0,2010.0,3000,0.0,0.0
2020-05-22 00:00:00+09:00,2025.0,2025.0,2010.0,2010.0,2,0.0,0.0
2020-05-25 00:00:00+09:00,2005.0,2010.0,2005.0,2010.0,4962,0.0,0.0
2020-05-26 00:00:00+09:00,2010.0,2020.0,2010.0,2015.0,13802,0.0,0.0
2020-05-27 00:00:00+09:00,2010.0,2010.0,1995.0,2010.0,1994,0.0,0.0
2020-05-28 00:00:00+09:00,2000.0,2010.0,2000.0,2010.0,2028,0.0,0.0
2020-05-29 00:00:00+09:00,2010.0,2010.0,2010.0,2010.0,0,0.0,0.0
2020-06-01 00:00:00+09:00,2020.0,2020.0,1995.0,2015.0,13,0.0,0.0
2020-06-02 00:00:00+09:00,1995.0,2010.0,1990.0,2010.0,8063,0.0,0.0
2020-06-03 00:00:00+09:00,2000.0,2005.0,2000.0,2005.0,3001,0.0,0.0
2020-06-04 00:00:00+09:00,2000.0,2010.0,1995.0,2010.0,7103,0.0,0.0
2020-06-05 00:00:00+09:00,2000.0,2010.0,2000.0,2010.0,2303,0.0,0.0
2020-06-08 00:00:00+09:00,2005.0,2010.0,2005.0,2010.0,14810,0.0,0.0
2020-06-09 00:00:00+09:00,2005.0,2010.0,2000.0,2010.0,10128,0.0,0.0
2020-06-10 00:00:00+09:00,2005.0,2010.0,2000.0,2010.0,288,0.0,0.0
2020-06-11 00:00:00+09:00,2015.0,2015.0,2005.0,2010.0,2034,0.0,0.0
2020-06-12 00:00:00+09:00,2000.0,2010.0,2000.0,2010.0,1071,0.0,0.0
2020-06-15 00:00:00+09:00,2010.0,2010.0,2010.0,2010.0,260,0.0,0.0
2020-06-16 00:00:00+09:00,2015.0,2015.0,2005.0,2005.0,1165,0.0,0.0
2020-06-17 00:00:00+09:00,2010.0,2010.0,2010.0,2010.0,1,0.0,0.0
2020-06-18 00:00:00+09:00,2015.0,2015.0,2000.0,2010.0,3865,0.0,0.0
2020-06-19 00:00:00+09:00,2015.0,2015.0,2005.0,2010.0,53,0.0,0.0
2020-06-22 00:00:00+09:00,2000.0,2010.0,1995.0,2005.0,13824,0.0,0.0
2020-06-23 00:00:00+09:00,2020.0,2020.0,2005.0,2005.0,105,0.0,0.0
2020-06-24 00:00:00+09:00,2005.0,2010.0,2000.0,2010.0,10814,0.0,0.0
2020-06-25 00:00:00+09:00,2005.0,2020.0,2005.0,2010.0,6144,0.0,0.0
2020-06-26 00:00:00+09:00,2005.0,2005.0,2000.0,2000.0,30135,0.0,0.0
2020-06-29 00:00:00+09:00,2005.0,2015.0,2005.0,2010.0,569,0.0,0.0
2020-06-30 00:00:00+09:00,2025.0,2025.0,2025.0,2025.0,1,0.0,0.0
2020-07-01 00:00:00+09:00,2015.0,2015.0,2010.0,2010.0,1550,0.0,0.0
2020-07-02 00:00:00+09:00,2020.0,2020.0,2010.0,2015.0,1080,0.0,0.0
2020-07-03 00:00:00+09:00,2010.0,2010.0,2010.0,2010.0,6477,0.0,0.0
2020-07-06 00:00:00+09:00,2005.0,2020.0,2005.0,2015.0,7388,0.0,0.0
2020-07-07 00:00:00+09:00,2015.0,2015.0,2015.0,2015.0,0,0.0,0.0
2020-07-08 00:00:00+09:00,2000.0,2015.0,2000.0,2015.0,45419,0.0,0.0
2020-07-09 00:00:00+09:00,2000.0,2010.0,1995.0,2010.0,10127,0.0,0.0
2020-07-10 00:00:00+09:00,1995.0,2010.0,1995.0,2010.0,5090,0.0,0.0
2020-07-13 00:00:00+09:00,2010.0,2010.0,2005.0,2005.0,211,0.0,0.0
2020-07-14 00:00:00+09:00,1995.0,2005.0,1995.0,2005.0,801,0.0,0.0
2020-07-15 00:00:00+09:00,2000.0,2005.0,2000.0,2005.0,11362,0.0,0.0
2020-07-16 00:00:00+09:00,2010.0,2010.0,1995.0,2000.0,2201,0.0,0.0
2020-07-17 00:00:00+09:00,2010.0,2010.0,2000.0,2010.0,5002,0.0,0.0
2020-07-20 00:00:00+09:00,2000.0,2010.0,2000.0,2010.0,4167,0.0,0.0
2020-07-21 00:00:00+09:00,2000.0,2010.0,2000.0,2000.0,5749,0.0,0.0
2020-07-22 00:00:00+09:00,2000.0,2005.0,1995.0,2005.0,25234,0.0,0.0
2020-07-23 00:00:00+09:00,2005.0,2005.0,2005.0,2005.0,0,0.0,0.0
2020-07-24 00:00:00+09:00,2000.0,2000.0,2000.0,2000.0,100,0.0,0.0
2020-07-27 00:00:00+09:00,2000.0,2010.0,2000.0,2005.0,12893,0.0,0.0
2020-07-28 00:00:00+09:00,2010.0,2010.0,2000.0,2005.0,4105,0.0,0.0
2020-07-29 00:00:00+09:00,2000.0,2005.0,1995.0,2005.0,5102,0.0,0.0
2020-07-30 00:00:00+09:00,2005.0,2005.0,2005.0,2005.0,0,0.0,0.0
2020-07-31 00:00:00+09:00,2005.0,2005.0,2005.0,2005.0,0,0.0,0.0
2020-08-03 00:00:00+09:00,2000.0,2005.0,2000.0,2005.0,2532,0.0,0.0
2020-08-04 00:00:00+09:00,2000.0,2005.0,1995.0,2000.0,895,0.0,0.0
2020-08-05 00:00:00+09:00,2005.0,2005.0,1995.0,2005.0,10966,0.0,0.0
2020-08-06 00:00:00+09:00,1995.0,2005.0,1995.0,2005.0,12887,0.0,0.0
2020-08-07 00:00:00+09:00,1995.0,2010.0,1995.0,2010.0,2718,0.0,0.0
2020-08-10 00:00:00+09:00,2000.0,2015.0,1995.0,2015.0,37761,0.0,0.0
2020-08-11 00:00:00+09:00,2015.0,2015.0,2015.0,2015.0,5000,0.0,0.0
2020-08-12 00:00:00+09:00,2000.0,2010.0,2000.0,2010.0,2538,0.0,0.0
2020-08-13 00:00:00+09:00,2015.0,2015.0,2015.0,2015.0,1,0.0,0.0
2020-08-14 00:00:00+09:00,2005.0,2005.0,2000.0,2005.0,7509,0.0,0.0
2020-08-18 00:00:00+09:00,2000.0,2015.0,1995.0,2015.0,48496,0.0,0.0
2020-08-19 00:00:00+09:00,2015.0,2015.0,2015.0,2015.0,0,0.0,0.0
2020-08-20 00:00:00+09:00,2015.0,2015.0,2000.0,2000.0,542,0.0,0.0
2020-08-21 00:00:00+09:00,2010.0,2010.0,1995.0,2010.0,4912,0.0,0.0
2020-08-24 00:00:00+09:00,2000.0,2010.0,1990.0,2010.0,12108,0.0,0.0
2020-08-25 00:00:00+09:00,2000.0,2010.0,1995.0,2000.0,3419,0.0,0.0
2020-08-26 00:00:00+09:00,2000.0,2010.0,1990.0,2010.0,2117,0.0,0.0
2020-08-27 00:00:00+09:00,1990.0,2005.0,1990.0,2005.0,1570,0.0,0.0
2020-08-28 00:00:00+09:00,1990.0,2005.0,1990.0,2005.0,16943,0.0,0.0
2020-08-31 00:00:00+09:00,2005.0,2005.0,1990.0,2000.0,551,0.0,0.0
2020-09-01 00:00:00+09:00,2005.0,2005.0,1990.0,2005.0,21712,0.0,0.0
2020-09-02 00:00:00+09:00,2000.0,2005.0,1990.0,2005.0,3985,0.0,0.0
2020-09-03 00:00:00+09:00,1990.0,2005.0,1985.0,2005.0,7044,0.0,0.0
2020-09-04 00:00:00+09:00,2005.0,2080.0,1995.0,2030.0,57319,0.0,0.0
2020-09-07 00:00:00+09:00,2030.0,2040.0,2010.0,2020.0,38011,0.0,0.0
2020-09-08 00:00:00+09:00,2030.0,2055.0,2010.0,2020.0,53339,0.0,0.0
2020-09-09 00:00:00+09:00,2010.0,2035.0,2005.0,2025.0,16413,0.0,0.0
2020-09-10 00:00:00+09:00,2010.0,2035.0,2010.0,2025.0,4650,0.0,0.0
2020-09-11 00:00:00+09:00,2035.0,2035.0,2030.0,2030.0,2,0.0,0.0
2020-09-14 00:00:00+09:00,2085.0,2085.0,2010.0,2025.0,19933,0.0,0.0
2020-09-15 00:00:00+09:00,2010.0,2020.0,2005.0,2020.0,47969,0.0,0.0
2020-09-16 00:00:00+09:00,2030.0,2030.0,2005.0,2005.0,10880,0.0,0.0
2020-09-17 00:00:00+09:00,2005.0,2025.0,2000.0,2020.0,32322,0.0,0.0
2020-09-18 00:00:00+09:00,2015.0,2025.0,2015.0,2025.0,4992,0.0,0.0
2020-09-21 00:00:00+09:00,2015.0,2045.0,2015.0,2025.0,10578,0.0,0.0
2020-09-22 00:00:00+09:00,2015.0,2025.0,2005.0,2020.0,16119,0.0,0.0
2020-09-23 00:00:00+09:00,2020.0,2020.0,2005.0,2015.0,11054,0.0,0.0
2020-09-24 00:00:00+09:00,2015.0,2015.0,2005.0,2015.0,7442,0.0,0.0
2020-09-25 00:00:00+09:00,2040.0,2040.0,2005.0,2005.0,2606,0.0,0.0
2020-09-28 00:00:00+09:00,2010.0,2010.0,2005.0,2010.0,1132,0.0,0.0
2020-09-29 00:00:00+09:00,2010.0,2015.0,1995.0,2015.0,20540,0.0,0.0
2020-10-05 00:00:00+09:00,2000.0,2015.0,2000.0,2015.0,5008,0.0,0.0
2020-10-06 00:00:00+09:00,1995.0,2010.0,1995.0,2010.0,503,0.0,0.0
2020-10-07 00:00:00+09:00,1995.0,2010.0,1990.0,2000.0,68154,0.0,0.0
2020-10-08 00:00:00+09:00,1995.0,2005.0,1995.0,2005.0,18926,0.0,0.0
2020-10-12 00:00:00+09:00,2000.0,2010.0,2000.0,2010.0,1596,0.0,0.0
2020-10-13 00:00:00+09:00,2000.0,2020.0,2000.0,2020.0,23243,0.0,0.0
2020-10-14 00:00:00+09:00,2020.0,2020.0,2015.0,2020.0,2741,0.0,0.0
2020-10-15 00:00:00+09:00,2015.0,2020.0,2015.0,2020.0,398,0.0,0.0
2020-10-16 00:00:00+09:00,2030.0,2030.0,2025.0,2025.0,25061,0.0,0.0
2020-10-19 00:00:00+09:00,2025.0,2030.0,2005.0,2020.0,18285,0.0,0.0
2020-10-20 00:00:00+09:00,2020.0,2025.0,2005.0,2015.0,9734,0.0,0.0
2020-10-21 00:00:00+09:00,2020.0,2030.0,2020.0,2025.0,4441,0.0,0.0
2020-10-22 00:00:00+09:00,2030.0,2030.0,2025.0,2030.0,1006,0.0,0.0
2020-10-23 00:00:00+09:00,2030.0,2030.0,2020.0,2020.0,2,0.0,0.0
2020-10-26 00:00:00+09:00,2030.0,2030.0,2010.0,2030.0,264,0.0,0.0
2020-10-27 00:00:00+09:00,2030.0,2030.0,2025.0,2030.0,1147,0.0,0.0
2020-10-28 00:00:00+09:00,2010.0,2030.0,2010.0,2030.0,797,0.0,0.0
2020-10-29 00:00:00+09:00,2030.0,2030.0,2030.0,2030.0,2,0.0,0.0
2020-10-30 00:00:00+09:00,2010.0,2025.0,2010.0,2025.0,20,0.0,0.0
2020-11-02 00:00:00+09:00,2025.0,2025.0,2010.0,2025.0,2663,0.0,0.0
2020-11-03 00:00:00+09:00,2025.0,2030.0,2025.0,2030.0,6212,0.0,0.0
2020-11-04 00:00:00+09:00,2010.0,2030.0,2010.0,2030.0,12226,0.0,0.0
2020-11-05 00:00:00+09:00,2020.0,2020.0,2020.0,2020.0,1096,0.0,0.0
2020-11-06 00:00:00+09:00,2025.0,2030.0,2010.0,2030.0,11942,0.0,0.0
2020-11-09 00:00:00+09:00,2025.0,2025.0,2015.0,2025.0,3597,0.0,0.0
2020-11-10 00:00:00+09:00,2025.0,2025.0,2005.0,2015.0,3876,0.0,0.0
2020-11-11 00:00:00+09:00,2015.0,2025.0,2005.0,2025.0,5656,0.0,0.0
2020-11-12 00:00:00+09:00,2015.0,2025.0,2015.0,2025.0,1913,0.0,0.0
2020-11-13 00:00:00+09:00,2025.0,2025.0,2015.0,2025.0,4062,0.0,0.0
2020-11-16 00:00:00+09:00,2025.0,2025.0,2015.0,2025.0,5003,0.0,0.0
2020-11-17 00:00:00+09:00,2020.0,2025.0,2015.0,2025.0,7584,0.0,0.0
2020-11-18 00:00:00+09:00,2020.0,2020.0,2015.0,2015.0,4026,0.0,0.0
2020-11-19 00:00:00+09:00,2025.0,2025.0,2020.0,2020.0,3001,0.0,0.0
2020-11-20 00:00:00+09:00,2020.0,2030.0,2020.0,2030.0,7401,0.0,0.0
2020-11-23 00:00:00+09:00,2030.0,2030.0,2025.0,2030.0,7101,0.0,0.0
2020-11-24 00:00:00+09:00,2030.0,2030.0,2025.0,2030.0,7522,0.0,0.0
2020-11-25 00:00:00+09:00,2030.0,2040.0,2025.0,2035.0,15967,0.0,0.0
2020-11-26 00:00:00+09:00,2020.0,2035.0,2020.0,2035.0,1634,0.0,0.0
2020-11-27 00:00:00+09:00,2035.0,2045.0,2030.0,2045.0,10430,0.0,0.0
2020-11-30 00:00:00+09:00,2040.0,2045.0,2040.0,2045.0,20766,0.0,0.0
2020-12-01 00:00:00+09:00,2045.0,2050.0,2035.0,2050.0,23726,0.0,0.0
2020-12-02 00:00:00+09:00,2055.0,2055.0,2040.0,2050.0,1591,0.0,0.0
2020-12-03 00:00:00+09:00,2035.0,2055.0,2035.0,2055.0,42,0.0,0.0
2020-12-04 00:00:00+09:00,2055.0,2060.0,2040.0,2060.0,44076,0.0,0.0
2020-12-07 00:00:00+09:00,2065.0,2065.0,2045.0,2060.0,8714,0.0,0.0
2020-12-08 00:00:00+09:00,2045.0,2055.0,2005.0,2055.0,55730,0.0,0.0
2020-12-09 00:00:00+09:00,2060.0,2060.0,2050.0,2055.0,1302,0.0,0.0
2020-12-10 00:00:00+09:00,2055.0,2060.0,2045.0,2060.0,10607,0.0,0.0
2020-12-11 00:00:00+09:00,2055.0,2060.0,2050.0,2055.0,7324,0.0,0.0
2020-12-14 00:00:00+09:00,2055.0,2070.0,2055.0,2065.0,18354,0.0,0.0
2020-12-15 00:00:00+09:00,2065.0,2080.0,2060.0,2075.0,36231,0.0,0.0
2020-12-16 00:00:00+09:00,2055.0,2085.0,2040.0,2075.0,20526,0.0,0.0
2020-12-17 00:00:00+09:00,2080.0,2105.0,2075.0,2095.0,59370,0.0,0.0
2020-12-18 00:00:00+09:00,2095.0,2105.0,2085.0,2090.0,41014,0.0,0.0
2020-12-21 00:00:00+09:00,2090.0,2170.0,2090.0,2130.0,144128,0.0,0.0
2020-12-22 00:00:00+09:00,2145.0,2145.0,2085.0,2100.0,27024,0.0,0.0
2020-12-23 00:00:00+09:00,2100.0,2110.0,2080.0,2110.0,24665,0.0,0.0
2020-12-24 00:00:00+09:00,2110.0,2110.0,2080.0,2110.0,340,0.0,0.0
2020-12-28 00:00:00+09:00,2110.0,2110.0,2090.0,2110.0,5298,0.0,0.0
2020-12-29 00:00:00+09:00,2105.0,2140.0,2100.0,2115.0,28720,0.0,0.0
2020-12-30 00:00:00+09:00,2115.0,2165.0,2080.0,2130.0,51132,0.0,0.0
2021-01-04 00:00:00+09:00,2150.0,2155.0,2120.0,2145.0,21206,0.0,0.0
2021-01-05 00:00:00+09:00,2165.0,2170.0,2140.0,2170.0,10826,0.0,0.0
2021-01-06 00:00:00+09:00,2170.0,2170.0,2125.0,2140.0,14850,0.0,0.0
2021-01-07 00:00:00+09:00,2140.0,2160.0,2135.0,2140.0,8103,0.0,0.0
2021-01-08 00:00:00+09:00,2100.0,2135.0,2090.0,2135.0,10225,0.0,0.0
2021-01-11 00:00:00+09:00,2135.0,2145.0,2085.0,2110.0,15302,0.0,0.0
2021-01-12 00:00:00+09:00,2080.0,2105.0,2065.0,2070.0,11406,0.0,0.0
2021-01-13 00:00:00+09:00,2080.0,2095.0,2075.0,2075.0,1085,0.0,0.0
2021-01-14 00:00:00+09:00,2075.0,2125.0,2075.0,2125.0,8793,0.0,0.0
2021-01-15 00:00:00+09:00,2080.0,2115.0,2080.0,2110.0,4366,0.0,0.0
2021-01-18 00:00:00+09:00,2085.0,2110.0,2080.0,2105.0,5546,0.0,0.0
2021-01-19 00:00:00+09:00,2100.0,2105.0,2100.0,2105.0,1640,0.0,0.0
2021-01-20 00:00:00+09:00,2070.0,2105.0,2070.0,2100.0,6849,0.0,0.0
2021-01-21 00:00:00+09:00,2070.0,2100.0,2065.0,2095.0,11918,0.0,0.0
2021-01-22 00:00:00+09:00,2070.0,2095.0,2065.0,2085.0,10528,0.0,0.0
2021-01-25 00:00:00+09:00,2065.0,2080.0,2065.0,2080.0,6711,0.0,0.0
2021-01-26 00:00:00+09:00,2080.0,2095.0,2080.0,2095.0,2195,0.0,0.0
2021-01-27 00:00:00+09:00,2095.0,2135.0,2095.0,2130.0,736,0.0,0.0
2021-01-28 00:00:00+09:00,2125.0,2125.0,2090.0,2110.0,2833,0.0,0.0
2021-01-29 00:00:00+09:00,2080.0,2110.0,2080.0,2110.0,4800,0.0,0.0
2021-02-01 00:00:00+09:00,2105.0,2165.0,2100.0,2140.0,6408,0.0,0.0
2021-02-02 00:00:00+09:00,2135.0,2140.0,2090.0,2110.0,4114,0.0,0.0
2021-02-03 00:00:00+09:00,2120.0,2120.0,2090.0,2115.0,2212,0.0,0.0
2021-02-04 00:00:00+09:00,2090.0,2125.0,2085.0,2120.0,10986,0.0,0.0
2021-02-05 00:00:00+09:00,2080.0,2130.0,2080.0,2105.0,14423,0.0,0.0
2021-02-08 00:00:00+09:00,2145.0,2145.0,2065.0,2100.0,11882,0.0,0.0
2021-02-09 00:00:00+09:00,2075.0,2120.0,2075.0,2105.0,6389,0.0,0.0
2021-02-10 00:00:00+09:00,2100.0,2100.0,2095.0,2100.0,1259,0.0,0.0
2021-02-15 00:00:00+09:00,2110.0,2115.0,2080.0,2100.0,2456,0.0,0.0
2021-02-16 00:00:00+09:00,2105.0,2105.0,2075.0,2095.0,1050,0.0,0.0
2021-02-17 00:00:00+09:00,2105.0,2115.0,2090.0,2105.0,3686,0.0,0.0
2021-02-18 00:00:00+09:00,2090.0,2105.0,2075.0,2105.0,11058,0.0,0.0
2021-02-19 00:00:00+09:00,2115.0,2115.0,2075.0,2105.0,184,0.0,0.0
2021-02-22 00:00:00+09:00,2070.0,2095.0,2070.0,2095.0,11598,0.0,0.0
2021-02-23 00:00:00+09:00,2100.0,2105.0,2090.0,2105.0,4484,0.0,0.0
2021-02-24 00:00:00+09:00,2070.0,2105.0,2070.0,2105.0,685,0.0,0.0
2021-02-25 00:00:00+09:00,2105.0,2110.0,2070.0,2095.0,5676,0.0,0.0
2021-02-26 00:00:00+09:00,2100.0,2100.0,2080.0,2100.0,359,0.0,0.0
2021-03-02 00:00:00+09:00,2080.0,2100.0,2070.0,2090.0,4604,0.0,0.0
2021-03-03 00:00:00+09:00,2070.0,2105.0,2070.0,2085.0,26573,0.0,0.0
2021-03-04 00:00:00+09:00,2080.0,2095.0,2080.0,2085.0,7547,0.0,0.0
2021-03-05 00:00:00+09:00,2075.0,2100.0,2075.0,2090.0,11396,0.0,0.0
2021-03-08 00:00:00+09:00,2090.0,2090.0,2080.0,2090.0,1612,0.0,0.0
2021-03-09 00:00:00+09:00,2080.0,2090.0,2075.0,2090.0,7838,0.0,0.0
2021-03-10 00:00:00+09:00,2085.0,2100.0,2080.0,2085.0,34579,0.0,0.0
2021-03-11 00:00:00+09:00,2090.0,2095.0,2080.0,2095.0,590,0.0,0.0
2021-03-12 00:00:00+09:00,2110.0,2110.0,2095.0,2110.0,9772,0.0,0.0
2021-03-15 00:00:00+09:00,2120.0,2120.0,2080.0,2110.0,6313,0.0,0.0
2021-03-16 00:00:00+09:00,2125.0,2125.0,2090.0,2110.0,590,0.0,0.0
2021-03-17 00:00:00+09:00,2085.0,2125.0,2085.0,2125.0,6639,0.0,0.0
2021-03-18 00:00:00+09:00,2125.0,2125.0,2095.0,2110.0,2284,0.0,0.0
2021-03-19 00:00:00+09:00,2125.0,2125.0,2090.0,2115.0,1474,0.0,0.0
2021-03-22 00:00:00+09:00,2115.0,2115.0,2095.0,2110.0,11793,0.0,0.0
2021-03-23 00:00:00+09:00,2110.0,2110.0,2075.0,2105.0,12974,0.0,0.0
2021-03-24 00:00:00+09:00,2100.0,2110.0,2085.0,2110.0,4420,0.0,0.0
2021-03-25 00:00:00+09:00,2115.0,2115.0,2080.0,2080.0,9619,0.0,0.0
2021-03-26 00:00:00+09:00,2080.0,2115.0,2080.0,2115.0,427,0.0,0.0
2021-03-29 00:00:00+09:00,2115.0,2115.0,2085.0,2115.0,2024,0.0,0.0
2021-03-30 00:00:00+09:00,2115.0,2120.0,2085.0,2115.0,7770,0.0,0.0
2021-03-31 00:00:00+09:00,2115.0,2115.0,2095.0,2100.0,3186,0.0,0.0
2021-04-01 00:00:00+09:00,2090.0,2110.0,2090.0,2095.0,3936,0.0,0.0
2021-04-02 00:00:00+09:00,2090.0,2115.0,2080.0,2080.0,6170,0.0,0.0
2021-04-05 00:00:00+09:00,2110.0,2110.0,2085.0,2110.0,2022,0.0,0.0
2021-04-06 00:00:00+09:00,2110.0,2110.0,2085.0,2110.0,564,0.0,0.0
2021-04-07 00:00:00+09:00,2105.0,2115.0,2085.0,2115.0,968,0.0,0.0
2021-04-08 00:00:00+09:00,2110.0,2110.0,2095.0,2095.0,8284,0.0,0.0
2021-04-09 00:00:00+09:00,2090.0,2110.0,2090.0,2110.0,12288,0.0,0.0
2021-04-12 00:00:00+09:00,2095.0,2115.0,2095.0,2115.0,240,0.0,0.0
2021-04-13 00:00:00+09:00,2115.0,2120.0,2100.0,2120.0,271,0.0,0.0
2021-04-14 00:00:00+09:00,2120.0,2130.0,2110.0,2130.0,2013,0.0,0.0
2021-04-15 00:00:00+09:00,2105.0,2125.0,2105.0,2125.0,1837,0.0,0.0
2021-04-16 00:00:00+09:00,2125.0,2130.0,2125.0,2125.0,1725,0.0,0.0
2021-04-19 00:00:00+09:00,2125.0,2125.0,2100.0,2115.0,11113,0.0,0.0
2021-04-20 00:00:00+09:00,2105.0,2115.0,2105.0,2115.0,1140,0.0,0.0
2021-04-21 00:00:00+09:00,2110.0,2110.0,2105.0,2105.0,1578,0.0,0.0
2021-04-22 00:00:00+09:00,2110.0,2110.0,2110.0,2110.0,2,0.0,0.0
2021-04-23 00:00:00+09:00,2110.0,2120.0,2105.0,2115.0,5641,0.0,0.0
2021-04-26 00:00:00+09:00,2115.0,2130.0,2105.0,2130.0,7059,0.0,0.0
2021-04-27 00:00:00+09:00,2125.0,2160.0,2105.0,2160.0,20005,0.0,0.0
2021-04-28 00:00:00+09:00,2160.0,2160.0,2125.0,2155.0,7244,0.0,0.0
2021-04-29 00:00:00+09:00,2150.0,2150.0,2150.0,2150.0,1,0.0,0.0
2021-04-30 00:00:00+09:00,2150.0,2150.0,2150.0,2150.0,0,0.0,0.0
2021-05-03 00:00:00+09:00,2155.0,2155.0,2140.0,2150.0,2525,0.0,0.0
2021-05-04 00:00:00+09:00,2160.0,2160.0,2145.0,2155.0,6701,0.0,0.0
2021-05-06 00:00:00+09:00,2175.0,2175.0,2135.0,2140.0,14943,0.0,0.0
2021-05-07 00:00:00+09:00,2125.0,2150.0,2125.0,2130.0,3808,0.0,0.0
2021-05-10 00:00:00+09:00,2130.0,2170.0,2125.0,2160.0,7967,0.0,0.0
2021-05-11 00:00:00+09:00,2160.0,2160.0,2105.0,2135.0,21661,0.0,0.0
2021-05-12 00:00:00+09:00,2110.0,2130.0,2110.0,2120.0,3833,0.0,0.0
2021-05-13 00:00:00+09:00,2145.0,2145.0,2110.0,2130.0,4927,0.0,0.0
2021-05-14 00:00:00+09:00,2130.0,2150.0,2125.0,2150.0,2130,0.0,0.0
2021-05-17 00:00:00+09:00,2130.0,2155.0,2125.0,2150.0,714,0.0,0.0
2021-05-18 00:00:00+09:00,2145.0,2150.0,2140.0,2145.0,6151,0.0,0.0
2021-05-20 00:00:00+09:00,2140.0,2145.0,2130.0,2145.0,5155,0.0,0.0
2021-05-21 00:00:00+09:00,2145.0,2150.0,2130.0,2150.0,511,0.0,0.0
2021-05-24 00:00:00+09:00,2130.0,2150.0,2130.0,2145.0,5155,0.0,0.0
2021-05-25 00:00:00+09:00,2160.0,2160.0,2135.0,2140.0,6724,0.0,0.0
2021-05-26 00:00:00+09:00,2160.0,2215.0,2155.0,2175.0,58500,0.0,0.0
2021-05-27 00:00:00+09:00,2200.0,2210.0,2155.0,2200.0,33247,0.0,0.0
2021-05-28 00:00:00+09:00,2220.0,2235.0,2185.0,2205.0,130997,0.0,0.0
2021-05-31 00:00:00+09:00,2235.0,2370.0,2210.0,2345.0,337708,0.0,0.0
2021-06-01 00:00:00+09:00,2480.0,2680.0,2155.0,2180.0,1544885,0.0,0.0
2021-06-02 00:00:00+09:00,2180.0,2200.0,2145.0,2160.0,111888,0.0,0.0
2021-06-03 00:00:00+09:00,2195.0,2195.0,2135.0,2160.0,77591,0.0,0.0
2021-06-04 00:00:00+09:00,2155.0,2155.0,2130.0,2145.0,29208,0.0,0.0
2021-06-07 00:00:00+09:00,2160.0,2160.0,2125.0,2130.0,30864,0.0,0.0
2021-06-08 00:00:00+09:00,2150.0,2150.0,2115.0,2125.0,72276,0.0,0.0
2021-06-09 00:00:00+09:00,2120.0,2140.0,2110.0,2125.0,33356,0.0,0.0
2021-06-10 00:00:00+09:00,2130.0,2170.0,2130.0,2145.0,68648,0.0,0.0
2021-06-11 00:00:00+09:00,2145.0,2150.0,2120.0,2145.0,49903,0.0,0.0
2021-06-14 00:00:00+09:00,2155.0,2155.0,2115.0,2140.0,38916,0.0,0.0
2021-06-15 00:00:00+09:00,2150.0,2155.0,2125.0,2155.0,7546,0.0,0.0
2021-06-16 00:00:00+09:00,2150.0,2150.0,2125.0,2145.0,3077,0.0,0.0
2021-06-17 00:00:00+09:00,2155.0,2155.0,2130.0,2150.0,17623,0.0,0.0
2021-06-18 00:00:00+09:00,2170.0,2170.0,2145.0,2170.0,27795,0.0,0.0
2021-06-21 00:00:00+09:00,2175.0,2185.0,2165.0,2185.0,30466,0.0,0.0
2021-06-22 00:00:00+09:00,2175.0,2180.0,2145.0,2160.0,43138,0.0,0.0
2021-06-23 00:00:00+09:00,2170.0,2170.0,2145.0,2155.0,15204,0.0,0.0
2021-06-24 00:00:00+09:00,2160.0,2235.0,2150.0,2200.0,41448,0.0,0.0
2021-06-25 00:00:00+09:00,2210.0,2210.0,2175.0,2195.0,31853,0.0,0.0
2021-06-28 00:00:00+09:00,2195.0,2195.0,2150.0,2155.0,17189,0.0,0.0
2021-06-29 00:00:00+09:00,2175.0,2175.0,2155.0,2170.0,21184,0.0,0.0
2021-06-30 00:00:00+09:00,2175.0,2185.0,2155.0,2170.0,1874,0.0,0.0
2021-07-01 00:00:00+09:00,2175.0,2175.0,2160.0,2175.0,6977,0.0,0.0
2021-07-02 00:00:00+09:00,2195.0,2195.0,2165.0,2180.0,8956,0.0,0.0
2021-07-05 00:00:00+09:00,2200.0,2220.0,2165.0,2190.0,43131,0.0,0.0
2021-07-06 00:00:00+09:00,2190.0,2225.0,2185.0,2190.0,12472,0.0,0.0
2021-07-07 00:00:00+09:00,2205.0,2270.0,2200.0,2210.0,76023,0.0,0.0
2021-07-08 00:00:00+09:00,2230.0,2235.0,2210.0,2210.0,37742,0.0,0.0
2021-07-09 00:00:00+09:00,2245.0,2245.0,2175.0,2200.0,40984,0.0,0.0
2021-07-12 00:00:00+09:00,2200.0,2230.0,2195.0,2210.0,39249,0.0,0.0
2021-07-13 00:00:00+09:00,2240.0,2255.0,2205.0,2255.0,95466,0.0,0.0
2021-07-14 00:00:00+09:00,2250.0,2315.0,2225.0,2280.0,38079,0.0,0.0
2021-07-15 00:00:00+09:00,2310.0,2315.0,2270.0,2275.0,14143,0.0,0.0
2021-07-16 00:00:00+09:00,2305.0,2345.0,2260.0,2345.0,60331,0.0,0.0
2021-07-19 00:00:00+09:00,2345.0,2470.0,2340.0,2360.0,73364,0.0,0.0
2021-07-20 00:00:00+09:00,2390.0,2410.0,2345.0,2400.0,36692,0.0,0.0
2021-07-21 00:00:00+09:00,2400.0,2400.0,2400.0,2400.0,0,0.0,0.0
2021-07-22 00:00:00+09:00,2400.0,2400.0,2400.0,2400.0,0,0.0,0.0
2021-07-23 00:00:00+09:00,2400.0,2400.0,2400.0,2400.0,0,0.0,0.0
2021-07-26 00:00:00+09:00,2400.0,2400.0,2400.0,2400.0,0,0.0,0.0
2021-07-27 00:00:00+09:00,2400.0,2400.0,2400.0,2400.0,0,0.0,0.0
2021-07-28 00:00:00+09:00,2400.0,2400.0,2400.0,2400.0,0,0.0,0.0
2021-07-29 00:00:00+09:00,2400.0,2400.0,2400.0,2400.0,0,0.0,0.0
2021-07-30 00:00:00+09:00,2400.0,2400.0,2400.0,2400.0,0,0.0,0.0
2021-08-02 00:00:00+09:00,2400.0,2400.0,2400.0,2400.0,0,0.0,0.0
2021-08-03 00:00:00+09:00,2400.0,2400.0,2400.0,2400.0,0,0.0,0.0
2021-08-04 00:00:00+09:00,2400.0,2400.0,2400.0,2400.0,0,0.0,0.0
2021-08-05 00:00:00+09:00,2400.0,2400.0,2400.0,2400.0,0,0.0,0.0
2021-08-06 00:00:00+09:00,2400.0,2400.0,2400.0,2400.0,0,0.0,0.0
2021-08-09 00:00:00+09:00,2400.0,2400.0,2400.0,2400.0,0,0.0,0.0
2021-08-10 00:00:00+09:00,2400.0,2400.0,2400.0,2400.0,0,0.0,0.0
2021-08-11 00:00:00+09:00,2400.0,2400.0,2400.0,2400.0,0,0.0,0.0
2021-08-12 00:00:00+09:00,2400.0,2400.0,2400.0,2400.0,0,0.0,0.0
2021-08-13 00:00:00+09:00,2400.0,2400.0,2400.0,2400.0,0,0.0,0.0
2021-08-17 00:00:00+09:00,2400.0,2400.0,2400.0,2400.0,0,0.0,0.0
2021-08-18 00:00:00+09:00,2400.0,2400.0,2400.0,2400.0,0,0.0,0.0
2021-08-19 00:00:00+09:00,2400.0,2400.0,2400.0,2400.0,0,0.0,0.0
2021-08-20 00:00:00+09:00,2400.0,2400.0,2400.0,2400.0,0,0.0,0.0
2021-08-23 00:00:00+09:00,2400.0,2400.0,2400.0,2400.0,0,0.0,0.0
2021-08-24 00:00:00+09:00,2400.0,2400.0,2400.0,2400.0,0,0.0,0.0
2021-08-25 00:00:00+09:00,2400.0,2400.0,2400.0,2400.0,0,0.0,0.0
2021-08-26 00:00:00+09:00,2400.0,2400.0,2400.0,2400.0,0,0.0,0.0
2021-08-27 00:00:00+09:00,2400.0,2400.0,2400.0,2400.0,0,0.0,0.0
2021-08-30 00:00:00+09:00,2400.0,2400.0,2400.0,2400.0,0,0.0,0.0
2021-08-31 00:00:00+09:00,2400.0,2400.0,2400.0,2400.0,0,0.0,0.0
2021-09-01 00:00:00+09:00,2400.0,2400.0,2400.0,2400.0,0,0.0,0.0
2021-09-02 00:00:00+09:00,2400.0,2400.0,2400.0,2400.0,0,0.0,0.0
2021-09-03 00:00:00+09:00,2400.0,2400.0,2400.0,2400.0,0,0.0,0.0
2021-09-06 00:00:00+09:00,2400.0,2400.0,2400.0,2400.0,0,0.0,0.0
2021-09-07 00:00:00+09:00,2400.0,2400.0,2400.0,2400.0,0,0.0,0.0
2021-09-08 00:00:00+09:00,2400.0,2400.0,2400.0,2400.0,0,0.0,0.0
2021-09-09 00:00:00+09:00,2400.0,2400.0,2400.0,2400.0,0,0.0,0.0
2021-09-10 00:00:00+09:00,2400.0,2400.0,2400.0,2400.0,0,0.0,0.0
2021-09-13 00:00:00+09:00,2400.0,2400.0,2400.0,2400.0,0,0.0,0.0
2021-09-14 00:00:00+09:00,2400.0,2400.0,2400.0,2400.0,0,0.0,0.0
2021-09-15 00:00:00+09:00,2400.0,2400.0,2400.0,2400.0,0,0.0,0.0
2021-09-16 00:00:00+09:00,2400.0,2400.0,2400.0,2400.0,0,0.0,0.0
2021-09-17 00:00:00+09:00,2400.0,2400.0,2400.0,2400.0,0,0.0,0.0
2021-09-23 00:00:00+09:00,2400.0,2400.0,2400.0,2400.0,0,0.0,0.0
2021-09-24 00:00:00+09:00,2400.0,2400.0,2400.0,2400.0,0,0.0,0.0
2021-09-27 00:00:00+09:00,2400.0,2400.0,2400.0,2400.0,0,0.0,0.0
2021-09-28 00:00:00+09:00,2400.0,2400.0,2400.0,2400.0,0,0.0,0.0
2021-09-29 00:00:00+09:00,2400.0,2400.0,2400.0,2400.0,0,0.0,0.0
2021-09-30 00:00:00+09:00,2400.0,2400.0,2400.0,2400.0,0,0.0,0.0
2021-10-01 00:00:00+09:00,2400.0,2400.0,2400.0,2400.0,0,0.0,0.0
2021-10-05 00:00:00+09:00,2400.0,2400.0,2400.0,2400.0,0,0.0,0.0
2021-10-06 00:00:00+09:00,2400.0,2400.0,2400.0,2400.0,0,0.0,0.0
2021-10-07 00:00:00+09:00,2400.0,2400.0,2400.0,2400.0,0,0.0,0.0
2021-10-08 00:00:00+09:00,2400.0,2400.0,2400.0,2400.0,0,0.0,0.0
2021-10-12 00:00:00+09:00,2400.0,2400.0,2400.0,2400.0,0,0.0,0.0
2021-10-13 00:00:00+09:00,2400.0,2400.0,2400.0,2400.0,0,0.0,0.0
2021-10-14 00:00:00+09:00,2400.0,2400.0,2400.0,2400.0,0,0.0,0.0
2021-10-15 00:00:00+09:00,2400.0,2400.0,2400.0,2400.0,0,0.0,0.0
2021-10-18 00:00:00+09:00,2400.0,2400.0,2400.0,2400.0,0,0.0,0.0
2021-10-19 00:00:00+09:00,2400.0,2400.0,2400.0,2400.0,0,0.0,0.0
2021-10-20 00:00:00+09:00,2400.0,2400.0,2400.0,2400.0,0,0.0,0.0
2021-10-21 00:00:00+09:00,2400.0,2400.0,2400.0,2400.0,0,0.0,0.0
2021-10-22 00:00:00+09:00,2400.0,2400.0,2400.0,2400.0,0,0.0,0.0
2021-10-25 00:00:00+09:00,2400.0,2400.0,2400.0,2400.0,0,0.0,0.0
2021-10-26 00:00:00+09:00,2400.0,2400.0,2400.0,2400.0,0,0.0,0.0
2021-10-27 00:00:00+09:00,2400.0,2400.0,2400.0,2400.0,0,0.0,0.0
2021-10-28 00:00:00+09:00,2400.0,2400.0,2400.0,2400.0,0,0.0,0.0
2021-10-29 00:00:00+09:00,2400.0,2400.0,2400.0,2400.0,0,0.0,0.0
2021-11-01 00:00:00+09:00,2400.0,2400.0,2400.0,2400.0,0,0.0,0.0
2021-11-02 00:00:00+09:00,2400.0,2400.0,2400.0,2400.0,0,0.0,0.0
2021-11-03 00:00:00+09:00,2400.0,2400.0,2400.0,2400.0,0,0.0,0.0
2021-11-04 00:00:00+09:00,2400.0,2400.0,2400.0,2400.0,0,0.0,0.0
2021-11-05 00:00:00+09:00,2400.0,2400.0,2400.0,2400.0,0,0.0,0.0
2021-11-08 00:00:00+09:00,2400.0,2400.0,2400.0,2400.0,0,0.0,0.0
2021-11-09 00:00:00+09:00,2400.0,2400.0,2400.0,2400.0,0,0.0,0.0
2021-11-10 00:00:00+09:00,2400.0,2400.0,2400.0,2400.0,0,0.0,0.0
2021-11-11 00:00:00+09:00,2400.0,2400.0,2400.0,2400.0,0,0.0,0.0
2021-11-12 00:00:00+09:00,2400.0,2400.0,2400.0,2400.0,0,0.0,0.0
2021-11-15 00:00:00+09:00,2400.0,2400.0,2400.0,2400.0,0,0.0,0.0
2021-11-16 00:00:00+09:00,2400.0,2400.0,2400.0,2400.0,0,0.0,0.0
2021-11-17 00:00:00+09:00,2400.0,2400.0,2400.0,2400.0,0,0.0,0.0
2021-11-18 00:00:00+09:00,2400.0,2400.0,2400.0,2400.0,0,0.0,0.0
2021-11-19 00:00:00+09:00,2400.0,2400.0,2400.0,2400.0,0,0.0,0.0
2021-11-22 00:00:00+09:00,2400.0,2400.0,2400.0,2400.0,0,0.0,0.0
2021-11-23 00:00:00+09:00,2400.0,2400.0,2400.0,2400.0,0,0.0,0.0
2021-11-24 00:00:00+09:00,2400.0,2400.0,2400.0,2400.0,0,0.0,0.0
2021-11-25 00:00:00+09:00,2400.0,2400.0,2400.0,2400.0,0,0.0,0.0
2021-11-26 00:00:00+09:00,2300.0,2430.0,2265.0,2330.0,1226985,0.0,0.0
2021-11-29 00:00:00+09:00,2320.0,2350.0,2270.0,2310.0,206747,0.0,0.0
2021-11-30 00:00:00+09:00,2305.0,2385.0,2280.0,2280.0,110218,0.0,0.0
2021-12-01 00:00:00+09:00,2270.0,2280.0,2160.0,2200.0,359366,0.0,0.0
2021-12-02 00:00:00+09:00,2165.0,2230.0,2155.0,2210.0,167266,0.0,0.0
2021-12-03 00:00:00+09:00,2220.0,2220.0,2145.0,2145.0,159242,0.0,0.0
2021-12-06 00:00:00+09:00,2170.0,2170.0,2100.0,2120.0,129351,0.0,0.0
2021-12-07 00:00:00+09:00,2160.0,2160.0,2115.0,2130.0,114975,0.0,0.0
2021-12-08 00:00:00+09:00,2135.0,2150.0,2110.0,2125.0,94304,0.0,0.0
2021-12-09 00:00:00+09:00,2125.0,2160.0,2120.0,2130.0,182124,0.0,0.0
2021-12-10 00:00:00+09:00,2155.0,2165.0,2140.0,2145.0,61444,0.0,0.0
2021-12-13 00:00:00+09:00,2165.0,2240.0,2145.0,2205.0,74190,0.0,0.0
2021-12-14 00:00:00+09:00,2220.0,2250.0,2165.0,2180.0,134788,0.0,0.0
2021-12-15 00:00:00+09:00,2205.0,2205.0,2165.0,2180.0,67984,0.0,0.0
2021-12-16 00:00:00+09:00,2195.0,2195.0,2135.0,2135.0,64446,0.0,0.0
2021-12-17 00:00:00+09:00,2120.0,2175.0,2120.0,2170.0,63568,0.0,0.0
2021-12-20 00:00:00+09:00,2140.0,2180.0,2140.0,2150.0,20394,0.0,0.0
2021-12-21 00:00:00+09:00,2170.0,2170.0,2120.0,2150.0,42106,0.0,0.0
2021-12-22 00:00:00+09:00,2130.0,2160.0,2130.0,2140.0,20304,0.0,0.0
2021-12-23 00:00:00+09:00,2140.0,2155.0,2125.0,2140.0,115830,0.0,0.0
2021-12-24 00:00:00+09:00,2150.0,2150.0,2130.0,2130.0,12030,0.0,0.0
2021-12-27 00:00:00+09:00,2140.0,2140.0,2120.0,2135.0,16962,0.0,0.0
2021-12-28 00:00:00+09:00,2140.0,2140.0,2110.0,2125.0,91192,0.0,0.0
2021-12-29 00:00:00+09:00,2135.0,2145.0,2110.0,2145.0,22780,0.0,0.0
2021-12-30 00:00:00+09:00,2145.0,2145.0,2115.0,2135.0,39498,0.0,0.0
2022-01-04 00:00:00+09:00,2155.0,2165.0,2140.0,2155.0,28732,0.0,0.0
2022-01-05 00:00:00+09:00,2150.0,2160.0,2135.0,2155.0,52436,0.0,0.0
2022-01-06 00:00:00+09:00,2155.0,2160.0,2125.0,2155.0,37791,0.0,0.0
2022-01-07 00:00:00+09:00,2150.0,2150.0,2130.0,2150.0,24948,0.0,0.0
2022-01-10 00:00:00+09:00,2130.0,2150.0,2120.0,2125.0,63483,0.0,0.0
2022-01-11 00:00:00+09:00,2115.0,2125.0,2075.0,2080.0,73213,0.0,0.0
2022-01-12 00:00:00+09:00,2095.0,2095.0,2060.0,2070.0,128657,0.0,0.0
2022-01-13 00:00:00+09:00,2070.0,2105.0,2040.0,2045.0,119528,0.0,0.0
2022-01-14 00:00:00+09:00,2050.0,2115.0,2030.0,2080.0,228311,0.0,0.0
2022-01-17 00:00:00+09:00,2080.0,2080.0,2005.0,2035.0,61451,0.0,0.0
2022-01-18 00:00:00+09:00,2050.0,2065.0,2010.0,2035.0,99290,0.0,0.0
2022-01-19 00:00:00+09:00,2045.0,2085.0,2030.0,2045.0,128509,0.0,0.0
2022-01-20 00:00:00+09:00,2085.0,2085.0,2025.0,2055.0,22678,0.0,0.0
2022-01-21 00:00:00+09:00,2055.0,2235.0,2055.0,2145.0,1016157,0.0,0.0
2022-01-24 00:00:00+09:00,2145.0,2180.0,2120.0,2150.0,193122,0.0,0.0
2022-01-25 00:00:00+09:00,2180.0,2195.0,2070.0,2150.0,238989,0.0,0.0
2022-01-26 00:00:00+09:00,2160.0,2235.0,2160.0,2190.0,178293,0.0,0.0
2022-01-27 00:00:00+09:00,2225.0,2225.0,2125.0,2195.0,151797,0.0,0.0
2022-01-28 00:00:00+09:00,2190.0,2205.0,2150.0,2205.0,102696,0.0,0.0
2022-02-03 00:00:00+09:00,2245.0,2280.0,2205.0,2265.0,189111,0.0,0.0
2022-02-04 00:00:00+09:00,2280.0,2280.0,2220.0,2245.0,103702,0.0,0.0
2022-02-07 00:00:00+09:00,2245.0,2290.0,2215.0,2260.0,53256,0.0,0.0
2022-02-08 00:00:00+09:00,2260.0,2260.0,2260.0,2260.0,0,0.0,0.0
2022-02-09 00:00:00+09:00,2260.0,2260.0,2260.0,2260.0,0,0.0,0.0
2022-02-10 00:00:00+09:00,2230.0,2260.0,2155.0,2225.0,77302,0.0,0.0
2022-02-11 00:00:00+09:00,2220.0,2335.0,2180.0,2215.0,318025,0.0,0.0
2022-02-14 00:00:00+09:00,2215.0,2235.0,2180.0,2215.0,117164,0.0,0.0
2022-02-15 00:00:00+09:00,2215.0,2285.0,2175.0,2230.0,186883,0.0,0.0
2022-02-16 00:00:00+09:00,2200.0,2260.0,2190.0,2195.0,102784,0.0,0.0
2022-02-17 00:00:00+09:00,2230.0,2245.0,2180.0,2200.0,70590,0.0,0.0
2022-02-18 00:00:00+09:00,2200.0,2225.0,2170.0,2185.0,66432,0.0,0.0
2022-02-21 00:00:00+09:00,2185.0,2230.0,2125.0,2140.0,107396,0.0,0.0
2022-02-22 00:00:00+09:00,2130.0,2170.0,2115.0,2120.0,124568,0.0,0.0
2022-02-23 00:00:00+09:00,2130.0,2170.0,2095.0,2135.0,120995,0.0,0.0
2022-02-24 00:00:00+09:00,2170.0,2180.0,2110.0,2130.0,85413,0.0,0.0
2022-02-25 00:00:00+09:00,2115.0,2175.0,2110.0,2125.0,67016,0.0,0.0
2022-02-28 00:00:00+09:00,2125.0,2125.0,2125.0,2125.0,0,0.0,0.0
2022-03-02 00:00:00+09:00,2100.0,2100.0,2015.0,2025.0,237059,0.0,0.0
2022-03-03 00:00:00+09:00,2025.0,2065.0,1940.0,1940.0,331250,0.0,0.0
2022-03-04 00:00:00+09:00,1940.0,1940.0,1940.0,1940.0,0,0.0,0.0
2022-03-07 00:00:00+09:00,2400.0,3060.0,2360.0,2975.0,20400219,0.0,0.0
2022-03-08 00:00:00+09:00,3105.0,3650.0,2570.0,2730.0,21370570,0.0,0.0
2022-03-10 00:00:00+09:00,2730.0,2730.0,2730.0,2730.0,0,0.0,0.0
2022-03-11 00:00:00+09:00,3075.0,3140.0,2585.0,2595.0,14681337,0.0,0.0
2022-03-14 00:00:00+09:00,2610.0,2975.0,2610.0,2730.0,7551736,0.0,0.0
2022-03-15 00:00:00+09:00,2730.0,2730.0,2730.0,2730.0,0,0.0,0.0
2022-03-16 00:00:00+09:00,2730.0,2730.0,2730.0,2730.0,0,0.0,0.0
2022-03-17 00:00:00+09:00,2730.0,2730.0,2730.0,2730.0,0,0.0,0.0
2022-03-18 00:00:00+09:00,2420.0,2850.0,2400.0,2630.0,13712624,0.0,0.0
2022-03-21 00:00:00+09:00,2630.0,2630.0,2630.0,2630.0,0,0.0,0.0
2022-03-22 00:00:00+09:00,2785.0,3605.0,2785.0,3605.0,22102983,0.0,0.0
2022-03-23 00:00:00+09:00,3890.0,4455.0,3610.0,3665.0,36418310,0.0,0.0
2022-03-24 00:00:00+09:00,3730.0,3800.0,3475.0,3480.0,5074205,0.0,0.0
2022-03-25 00:00:00+09:00,3480.0,3630.0,3340.0,3450.0,4266613,0.0,0.0
2022-03-28 00:00:00+09:00,3525.0,3780.0,3250.0,3665.0,12287783,0.0,0.0
2022-03-29 00:00:00+09:00,3435.0,3475.0,3135.0,3140.0,4880948,0.0,0.0
2022-03-30 00:00:00+09:00,3120.0,3240.0,3040.0,3050.0,2268784,0.0,0.0
2022-03-31 00:00:00+09:00,3170.0,3775.0,3150.0,3510.0,23038935,0.0,0.0
2022-04-01 00:00:00+09:00,3620.0,3970.0,3330.0,3390.0,16691025,0.0,0.0
2022-04-04 00:00:00+09:00,3290.0,3405.0,3245.0,3305.0,2416888,0.0,0.0
2022-04-05 00:00:00+09:00,3755.0,4040.0,3525.0,3570.0,15097226,0.0,0.0
2022-04-06 00:00:00+09:00,3780.0,4215.0,3675.0,4005.0,29335268,0.0,0.0
2022-04-07 00:00:00+09:00,4395.0,4750.0,4105.0,4180.0,27120915,0.0,0.0
2022-04-08 00:00:00+09:00,4370.0,4430.0,3725.0,4165.0,7698490,0.0,0.0
2022-04-11 00:00:00+09:00,4070.0,4320.0,3900.0,4290.0,10426123,0.0,0.0
2022-04-12 00:00:00+09:00,4260.0,4290.0,3940.0,4045.0,5782873,0.0,0.0
2022-04-13 00:00:00+09:00,3955.0,4120.0,3850.0,4120.0,5044284,0.0,0.0
2022-04-14 00:00:00+09:00,4285.0,4690.0,3935.0,4035.0,17632487,0.0,0.0
2022-04-15 00:00:00+09:00,4000.0,4220.0,3975.0,4145.0,7042713,0.0,0.0
2022-04-18 00:00:00+09:00,4090.0,4230.0,4005.0,4190.0,4399120,0.0,0.0
2022-04-19 00:00:00+09:00,4155.0,4295.0,4030.0,4095.0,5101347,0.0,0.0
2022-04-20 00:00:00+09:00,4345.0,4475.0,4075.0,4085.0,6611154,0.0,0.0
2022-04-21 00:00:00+09:00,4025.0,4030.0,3850.0,3920.0,2149290,0.0,0.0
2022-04-22 00:00:00+09:00,3930.0,4300.0,3890.0,3990.0,11290787,0.0,0.0
2022-04-25 00:00:00+09:00,4105.0,4215.0,3950.0,3955.0,7606766,0.0,0.0
2022-04-26 00:00:00+09:00,3960.0,3995.0,3760.0,3790.0,1944331,0.0,0.0
2022-04-27 00:00:00+09:00,3800.0,3925.0,3530.0,3530.0,2587966,0.0,0.0
2022-04-28 00:00:00+09:00,3525.0,3550.0,3335.0,3495.0,2487977,0.0,0.0
2022-04-29 00:00:00+09:00,3610.0,3770.0,3475.0,3475.0,3922551,0.0,0.0
2022-05-02 00:00:00+09:00,3475.0,3615.0,3455.0,3470.0,2268223,0.0,0.0
2022-05-03 00:00:00+09:00,3505.0,4000.0,3355.0,3740.0,13624987,0.0,0.0
2022-05-04 00:00:00+09:00,3625.0,3665.0,3370.0,3385.0,1755189,0.0,0.0
2022-05-06 00:00:00+09:00,3335.0,3450.0,3150.0,3165.0,1124543,0.0,0.0
2022-05-10 00:00:00+09:00,3020.0,3575.0,3020.0,3065.0,5526111,0.0,0.0
2022-05-11 00:00:00+09:00,3055.0,3125.0,2980.0,3030.0,787723,0.0,0.0
2022-05-12 00:00:00+09:00,2945.0,2990.0,2695.0,2695.0,1094490,0.0,0.0
2022-05-13 00:00:00+09:00,2720.0,2775.0,2660.0,2695.0,686689,0.0,0.0
2022-05-16 00:00:00+09:00,2760.0,3200.0,2755.0,2945.0,5099751,0.0,0.0
2022-05-17 00:00:00+09:00,2945.0,2945.0,2745.0,2785.0,1127567,0.0,0.0
2022-05-18 00:00:00+09:00,2785.0,3150.0,2770.0,2860.0,5184166,0.0,0.0
2022-05-19 00:00:00+09:00,2795.0,2840.0,2700.0,2755.0,666294,0.0,0.0
2022-05-20 00:00:00+09:00,2790.0,2980.0,2690.0,2850.0,2097268,0.0,0.0
2022-05-23 00:00:00+09:00,2815.0,2915.0,2795.0,2845.0,469327,0.0,0.0
2022-05-24 00:00:00+09:00,2815.0,2840.0,2710.0,2710.0,411843,0.0,0.0
2022-05-25 00:00:00+09:00,2720.0,2765.0,2580.0,2650.0,431393,0.0,0.0
2022-05-26 00:00:00+09:00,2645.0,2800.0,2610.0,2725.0,371092,0.0,0.0
2022-05-27 00:00:00+09:00,2725.0,2970.0,2685.0,2775.0,2594127,0.0,0.0
2022-05-30 00:00:00+09:00,2855.0,3140.0,2785.0,2890.0,3435629,0.0,0.0
2022-05-31 00:00:00+09:00,2890.0,2955.0,2830.0,2860.0,720906,0.0,0.0
2022-06-02 00:00:00+09:00,2825.0,2910.0,2825.0,2885.0,401560,0.0,0.0
2022-06-03 00:00:00+09:00,2890.0,2890.0,2855.0,2865.0,277926,0.0,0.0
2022-06-07 00:00:00+09:00,2820.0,2860.0,2780.0,2825.0,273587,0.0,0.0
2022-06-08 00:00:00+09:00,2820.0,2820.0,2705.0,2715.0,231210,0.0,0.0
2022-06-09 00:00:00+09:00,2705.0,2705.0,2585.0,2630.0,299971,0.0,0.0
2022-06-10 00:00:00+09:00,2600.0,2950.0,2590.0,2640.0,2221066,0.0,0.0
2022-06-13 00:00:00+09:00,2590.0,2980.0,2580.0,2730.0,5530430,0.0,0.0
2022-06-14 00:00:00+09:00,2620.0,2775.0,2445.0,2490.0,1263435,0.0,0.0
2022-06-15 00:00:00+09:00,2485.0,2730.0,2445.0,2450.0,1875428,0.0,0.0
2022-06-16 00:00:00+09:00,2425.0,2550.0,2410.0,2420.0,415367,0.0,0.0
2022-06-17 00:00:00+09:00,2505.0,2690.0,2420.0,2455.0,1957533,0.0,0.0
2022-06-20 00:00:00+09:00,2435.0,2515.0,2380.0,2435.0,1031368,0.0,0.0
2022-06-21 00:00:00+09:00,2920.0,3165.0,2745.0,3015.0,29428897,0.0,0.0
2022-06-22 00:00:00+09:00,3105.0,3805.0,3035.0,3515.0,41684823,0.0,0.0
2022-06-23 00:00:00+09:00,3515.0,3540.0,2860.0,2940.0,6660471,0.0,0.0
2022-06-24 00:00:00+09:00,2840.0,2990.0,2755.0,2955.0,3996866,0.0,0.0
2022-06-27 00:00:00+09:00,3095.0,3320.0,3015.0,3220.0,10322141,0.0,0.0
2022-06-28 00:00:00+09:00,3145.0,3300.0,2950.0,3070.0,3779341,0.0,0.0
2022-06-29 00:00:00+09:00,3125.0,3215.0,3020.0,3095.0,3801913,0.0,0.0
2022-06-30 00:00:00+09:00,3350.0,3670.0,3110.0,3185.0,21510694,0.0,0.0
2022-07-01 00:00:00+09:00,3305.0,3460.0,2895.0,2985.0,6284417,0.0,0.0
2022-07-04 00:00:00+09:00,2935.0,2960.0,2660.0,2765.0,1506048,0.0,0.0
2022-07-05 00:00:00+09:00,2700.0,2920.0,2600.0,2805.0,1471792,0.0,0.0
2022-07-06 00:00:00+09:00,2785.0,2790.0,2600.0,2620.0,1003703,0.0,0.0
2022-07-07 00:00:00+09:00,2680.0,2730.0,2615.0,2655.0,922652,0.0,0.0
2022-07-08 00:00:00+09:00,2640.0,2840.0,2620.0,2795.0,1545294,0.0,0.0
2022-07-11 00:00:00+09:00,2765.0,2785.0,2645.0,2700.0,754995,0.0,0.0
2022-07-12 00:00:00+09:00,2655.0,2705.0,2515.0,2535.0,882147,0.0,0.0
2022-07-13 00:00:00+09:00,2505.0,2630.0,2415.0,2575.0,1392326,0.0,0.0
2022-07-14 00:00:00+09:00,2630.0,2760.0,2530.0,2550.0,1167436,0.0,0.0
2022-07-15 00:00:00+09:00,2540.0,2600.0,2410.0,2510.0,652441,0.0,0.0
2022-07-18 00:00:00+09:00,2480.0,2660.0,2465.0,2535.0,668872,0.0,0.0
2022-07-19 00:00:00+09:00,2535.0,2550.0,2475.0,2490.0,517562,0.0,0.0
2022-07-20 00:00:00+09:00,2505.0,2535.0,2450.0,2470.0,416429,0.0,0.0
2022-07-21 00:00:00+09:00,2470.0,2480.0,2430.0,2440.0,294603,0.0,0.0
2022-07-22 00:00:00+09:00,2440.0,2480.0,2340.0,2345.0,548486,0.0,0.0
2022-07-25 00:00:00+09:00,2390.0,2390.0,2225.0,2275.0,317089,0.0,0.0
2022-07-26 00:00:00+09:00,2250.0,2400.0,2205.0,2300.0,836673,0.0,0.0
2022-07-27 00:00:00+09:00,2275.0,2330.0,2260.0,2275.0,266955,0.0,0.0
2022-07-28 00:00:00+09:00,2290.0,2345.0,2260.0,2295.0,398443,0.0,0.0
2022-07-29 00:00:00+09:00,2300.0,2435.0,2295.0,2350.0,745173,0.0,0.0
2022-08-01 00:00:00+09:00,2360.0,2375.0,2320.0,2340.0,222452,0.0,0.0
2022-08-02 00:00:00+09:00,2380.0,2380.0,2265.0,2295.0,251302,0.0,0.0
2022-08-03 00:00:00+09:00,2340.0,2345.0,2280.0,2320.0,322193,0.0,0.0
2022-08-04 00:00:00+09:00,2325.0,2400.0,2310.0,2370.0,465596,0.0,0.0
2022-08-05 00:00:00+09:00,2390.0,2400.0,2340.0,2370.0,344720,0.0,0.0
2022-08-08 00:00:00+09:00,2370.0,2370.0,2270.0,2300.0,444106,0.0,0.0
2022-08-09 00:00:00+09:00,2365.0,2370.0,2295.0,2300.0,339225,0.0,0.0
2022-08-10 00:00:00+09:00,2305.0,2385.0,2265.0,2300.0,660563,0.0,0.0
2022-08-11 00:00:00+09:00,2325.0,2375.0,2300.0,2345.0,512195,0.0,0.0
2022-08-12 00:00:00+09:00,2300.0,2395.0,2295.0,2335.0,414847,0.0,0.0
2022-08-16 00:00:00+09:00,2350.0,2355.0,2305.0,2305.0,216089,0.0,0.0
2022-08-17 00:00:00+09:00,2325.0,2485.0,2275.0,2485.0,2331510,0.0,0.0
2022-08-18 00:00:00+09:00,2455.0,2545.0,2400.0,2400.0,1713359,0.0,0.0
2022-08-19 00:00:00+09:00,2415.0,2430.0,2350.0,2350.0,414866,0.0,0.0
2022-08-22 00:00:00+09:00,2400.0,2590.0,2370.0,2550.0,4351951,0.0,0.0
2022-08-23 00:00:00+09:00,2480.0,2585.0,2410.0,2540.0,1320609,0.0,0.0
2022-08-24 00:00:00+09:00,2600.0,2605.0,2480.0,2490.0,670059,0.0,0.0
2022-08-25 00:00:00+09:00,2535.0,2555.0,2485.0,2530.0,543601,0.0,0.0
2022-08-26 00:00:00+09:00,2580.0,2835.0,2550.0,2690.0,7507636,0.0,0.0
2022-08-29 00:00:00+09:00,2900.0,2930.0,2650.0,2710.0,3719860,0.0,0.0
2022-08-30 00:00:00+09:00,2700.0,2705.0,2600.0,2610.0,812592,0.0,0.0
2022-08-31 00:00:00+09:00,2595.0,2610.0,2520.0,2540.0,493042,0.0,0.0
2022-09-01 00:00:00+09:00,2490.0,2520.0,2320.0,2360.0,675782,0.0,0.0
2022-09-02 00:00:00+09:00,2365.0,2535.0,2330.0,2535.0,973724,0.0,0.0
2022-09-05 00:00:00+09:00,2545.0,2555.0,2365.0,2465.0,669073,0.0,0.0
2022-09-06 00:00:00+09:00,2400.0,2425.0,2330.0,2360.0,400229,0.0,0.0
2022-09-07 00:00:00+09:00,2330.0,2380.0,2230.0,2235.0,415734,0.0,0.0
2022-09-08 00:00:00+09:00,2265.0,2385.0,2260.0,2275.0,394394,0.0,0.0
2022-09-13 00:00:00+09:00,2295.0,2300.0,2265.0,2275.0,214785,0.0,0.0
2022-09-14 00:00:00+09:00,2230.0,2250.0,2080.0,2235.0,256346,0.0,0.0
2022-09-15 00:00:00+09:00,2235.0,2255.0,2145.0,2160.0,319169,0.0,0.0
2022-09-16 00:00:00+09:00,2130.0,2695.0,2095.0,2385.0,10929147,0.0,0.0
2022-09-19 00:00:00+09:00,2310.0,2340.0,2180.0,2200.0,1421746,0.0,0.0
2022-09-20 00:00:00+09:00,2220.0,2400.0,2110.0,2200.0,1715936,0.0,0.0
2022-09-21 00:00:00+09:00,2215.0,2345.0,2200.0,2210.0,1196645,0.0,0.0
2022-09-22 00:00:00+09:00,2200.0,2500.0,2200.0,2365.0,3959826,0.0,0.0
2022-09-23 00:00:00+09:00,2340.0,2420.0,2200.0,2205.0,957483,0.0,0.0
2022-09-26 00:00:00+09:00,2170.0,2270.0,2000.0,2025.0,854429,0.0,0.0
2022-09-27 00:00:00+09:00,1965.0,2025.0,1885.0,1910.0,731090,0.0,0.0
2022-09-28 00:00:00+09:00,1885.0,2020.0,1780.0,1865.0,1049389,0.0,0.0
2022-09-29 00:00:00+09:00,1870.0,2130.0,1850.0,1865.0,2166123,0.0,0.0
2022-09-30 00:00:00+09:00,1830.0,1850.0,1785.0,1810.0,341781,0.0,0.0
2022-10-04 00:00:00+09:00,1845.0,1855.0,1815.0,1845.0,216356,0.0,0.0
2022-10-05 00:00:00+09:00,1850.0,1890.0,1815.0,1835.0,376056,0.0,0.0
2022-10-06 00:00:00+09:00,1870.0,1895.0,1855.0,1870.0,493152,0.0,0.0
2022-10-07 00:00:00+09:00,1850.0,1865.0,1815.0,1830.0,264215,0.0,0.0
2022-10-11 00:00:00+09:00,1815.0,1820.0,1720.0,1735.0,357399,0.0,0.0
2022-10-12 00:00:00+09:00,1720.0,1800.0,1615.0,1655.0,569302,0.0,0.0
2022-10-13 00:00:00+09:00,1645.0,1645.0,1520.0,1540.0,249826,0.0,0.0
2022-10-14 00:00:00+09:00,1585.0,1625.0,1540.0,1585.0,212297,0.0,0.0
2022-10-17 00:00:00+09:00,1570.0,1590.0,1500.0,1590.0,213357,0.0,0.0
2022-10-18 00:00:00+09:00,1600.0,1630.0,1565.0,1590.0,183434,0.0,0.0
2022-10-19 00:00:00+09:00,1595.0,1605.0,1560.0,1585.0,205184,0.0,0.0
2022-10-20 00:00:00+09:00,1590.0,1880.0,1580.0,1600.0,3082264,0.0,0.0
2022-10-21 00:00:00+09:00,1600.0,1600.0,1530.0,1550.0,398336,0.0,0.0
2022-10-24 00:00:00+09:00,1580.0,1580.0,1540.0,1550.0,254783,0.0,0.0
2022-10-25 00:00:00+09:00,1560.0,1595.0,1540.0,1565.0,115999,0.0,0.0
2022-10-26 00:00:00+09:00,1565.0,1590.0,1530.0,1530.0,154720,0.0,0.0
2022-10-27 00:00:00+09:00,1565.0,1595.0,1525.0,1575.0,129743,0.0,0.0
2022-10-28 00:00:00+09:00,1570.0,1650.0,1545.0,1580.0,205846,0.0,0.0
2022-10-31 00:00:00+09:00,1665.0,1675.0,1605.0,1605.0,467932,0.0,0.0
2022-11-01 00:00:00+09:00,1615.0,1620.0,1570.0,1585.0,253026,0.0,0.0
2022-11-02 00:00:00+09:00,1590.0,1605.0,1555.0,1590.0,225456,0.0,0.0
2022-11-03 00:00:00+09:00,1545.0,1710.0,1540.0,1620.0,716609,0.0,0.0
2022-11-04 00:00:00+09:00,1620.0,1635.0,1585.0,1590.0,185157,0.0,0.0
2022-11-07 00:00:00+09:00,1590.0,1610.0,1570.0,1595.0,160290,0.0,0.0
2022-11-08 00:00:00+09:00,1600.0,1710.0,1600.0,1635.0,250464,0.0,0.0
2022-11-09 00:00:00+09:00,1650.0,1700.0,1620.0,1665.0,299900,0.0,0.0
2022-11-10 00:00:00+09:00,1660.0,1670.0,1620.0,1655.0,115390,0.0,0.0
2022-11-11 00:00:00+09:00,1680.0,1690.0,1650.0,1670.0,273380,0.0,0.0
2022-11-14 00:00:00+09:00,1675.0,1720.0,1670.0,1680.0,207962,0.0,0.0
2022-11-15 00:00:00+09:00,1680.0,1720.0,1680.0,1700.0,127557,0.0,0.0
2022-11-16 00:00:00+09:00,1735.0,1800.0,1690.0,1710.0,920344,0.0,0.0
2022-11-17 00:00:00+09:00,1715.0,1735.0,1660.0,1685.0,198078,0.0,0.0
2022-11-18 00:00:00+09:00,1675.0,1695.0,1655.0,1670.0,232100,0.0,0.0
2022-11-21 00:00:00+09:00,1685.0,1685.0,1600.0,1640.0,229711,0.0,0.0
2022-11-22 00:00:00+09:00,1630.0,1680.0,1615.0,1675.0,134628,0.0,0.0
2022-11-23 00:00:00+09:00,1740.0,1745.0,1660.0,1700.0,162629,0.0,0.0
2022-11-24 00:00:00+09:00,1710.0,1770.0,1685.0,1725.0,515304,0.0,0.0
2022-11-25 00:00:00+09:00,1725.0,1795.0,1720.0,1735.0,549042,0.0,0.0
2022-11-28 00:00:00+09:00,1730.0,1735.0,1650.0,1670.0,229893,0.0,0.0
2022-11-29 00:00:00+09:00,1660.0,1700.0,1650.0,1695.0,86861,0.0,0.0
2022-11-30 00:00:00+09:00,1690.0,1690.0,1650.0,1665.0,90539,0.0,0.0
2022-12-01 00:00:00+09:00,1670.0,1720.0,1665.0,1685.0,95273,0.0,0.0
2022-12-02 00:00:00+09:00,1685.0,1685.0,1665.0,1670.0,86955,0.0,0.0
2022-12-05 00:00:00+09:00,1670.0,1675.0,1650.0,1660.0,49271,0.0,0.0
2022-12-06 00:00:00+09:00,1660.0,1660.0,1580.0,1580.0,224220,0.0,0.0
2022-12-07 00:00:00+09:00,1610.0,1655.0,1560.0,1560.0,177056,0.0,0.0
2022-12-08 00:00:00+09:00,1555.0,1630.0,1555.0,1600.0,211857,0.0,0.0
2022-12-09 00:00:00+09:00,1630.0,2050.0,1585.0,1815.0,17384781,0.0,0.0
2022-12-12 00:00:00+09:00,1810.0,1855.0,1780.0,1830.0,3266186,0.0,0.0
2022-12-13 00:00:00+09:00,1950.0,1995.0,1745.0,1750.0,3518817,0.0,0.0
2022-12-14 00:00:00+09:00,1740.0,1780.0,1705.0,1770.0,463654,0.0,0.0
2022-12-15 00:00:00+09:00,1760.0,1760.0,1725.0,1725.0,351263,0.0,0.0
2022-12-16 00:00:00+09:00,1700.0,1715.0,1650.0,1690.0,346525,0.0,0.0
2022-12-19 00:00:00+09:00,1670.0,1690.0,1640.0,1685.0,220624,0.0,0.0
2022-12-20 00:00:00+09:00,1650.0,1770.0,1600.0,1605.0,879946,0.0,0.0
2022-12-21 00:00:00+09:00,1605.0,1645.0,1575.0,1575.0,189919,0.0,0.0
2022-12-22 00:00:00+09:00,1600.0,1735.0,1575.0,1595.0,515819,0.0,0.0
2022-12-23 00:00:00+09:00,1590.0,1595.0,1520.0,1535.0,311616,0.0,0.0
2022-12-26 00:00:00+09:00,1525.0,1550.0,1500.0,1500.0,249885,0.0,0.0
2022-12-27 00:00:00+09:00,1505.0,1550.0,1500.0,1530.0,173295,0.0,0.0
2022-12-28 00:00:00+09:00,1515.0,1575.0,1515.0,1545.0,141063,0.0,0.0
2022-12-29 00:00:00+09:00,1525.0,1565.0,1500.0,1500.0,144809,0.0,0.0
2023-01-02 00:00:00+09:00,1505.0,1535.0,1415.0,1425.0,309039,0.0,0.0
2023-01-03 00:00:00+09:00,1425.0,1470.0,1340.0,1405.0,400575,0.0,0.0
2023-01-04 00:00:00+09:00,1435.0,1445.0,1370.0,1430.0,245937,0.0,0.0
2023-01-05 00:00:00+09:00,1430.0,1445.0,1410.0,1415.0,103649,0.0,0.0
2023-01-06 00:00:00+09:00,1415.0,1475.0,1390.0,1460.0,130366,0.0,0.0
2023-01-09 00:00:00+09:00,1465.0,1510.0,1465.0,1480.0,74528,0.0,0.0
2023-01-10 00:00:00+09:00,1505.0,1510.0,1485.0,1505.0,87958,0.0,0.0
2023-01-11 00:00:00+09:00,1505.0,1535.0,1505.0,1520.0,83268,0.0,0.0
2023-01-12 00:00:00+09:00,1520.0,1540.0,1495.0,1510.0,75066,0.0,0.0
2023-01-13 00:00:00+09:00,1520.0,1525.0,1500.0,1510.0,63055,0.0,0.0
2023-01-16 00:00:00+09:00,1510.0,1550.0,1505.0,1545.0,109300,0.0,0.0
2023-01-17 00:00:00+09:00,1550.0,1550.0,1505.0,1530.0,90749,0.0,0.0
2023-01-18 00:00:00+09:00,1510.0,1535.0,1500.0,1515.0,62805,0.0,0.0
2023-01-19 00:00:00+09:00,1510.0,1545.0,1495.0,1525.0,61614,0.0,0.0
2023-01-20 00:00:00+09:00,1525.0,1620.0,1520.0,1565.0,266062,0.0,0.0
2023-01-25 00:00:00+09:00,1586.0,1586.0,1544.0,1619.0,72876,0.0,0.0
2023-01-26 00:00:00+09:00,1635.0,1667.0,1555.0,1618.0,15790,0.0,0.0
2023-01-27 00:00:00+09:00,1613.0,1633.0,1580.0,1600.0,288,0.0,0.0
2023-01-30 00:00:00+09:00,1592.0,1625.0,1581.0,1600.0,330,0.0,0.0
2023-01-31 00:00:00+09:00,1587.0,1602.0,1564.0,1602.0,1923,0.0,0.0
2023-02-01 00:00:00+09:00,1577.0,1632.0,1577.0,1622.0,1791,0.0,0.0
2023-02-02 00:00:00+09:00,1621.0,1634.0,1613.0,1625.0,1271,0.0,0.0
2023-02-03 00:00:00+09:00,1615.0,1684.0,1615.0,1664.0,19877,0.0,0.0
2023-02-06 00:00:00+09:00,1683.0,1727.0,1668.0,1697.0,430,0.0,0.0
2023-02-07 00:00:00+09:00,1697.0,1707.0,1661.0,1672.0,136147,0.0,0.0
2023-02-08 00:00:00+09:00,1690.0,1692.0,1655.0,1672.0,8253,0.0,0.0
2023-02-09 00:00:00+09:00,1672.0,1675.0,1652.0,1653.0,627,0.0,0.0
2023-02-10 00:00:00+09:00,1650.0,1670.0,1630.0,1655.0,1822,0.0,0.0
2023-02-13 00:00:00+09:00,1673.0,1690.0,1620.0,1650.0,87318,0.0,0.0
2023-02-14 00:00:00+09:00,1640.0,1669.0,1638.0,1645.0,2551,0.0,0.0
2023-02-15 00:00:00+09:00,1647.0,1660.0,1595.0,1596.0,1278,0.0,0.0
2023-02-16 00:00:00+09:00,1596.0,1626.0,1596.0,1625.0,58121,0.0,0.0
2023-02-17 00:00:00+09:00,1617.0,1637.0,1609.0,1618.0,53641,0.0,0.0
2023-02-20 00:00:00+09:00,1608.0,1650.0,1594.0,1635.0,43784,0.0,0.0
2023-02-21 00:00:00+09:00,1635.0,1645.0,1614.0,1616.0,235,0.0,0.0
2023-02-22 00:00:00+09:00,1618.0,1684.0,1600.0,1638.0,4535,0.0,0.0
2023-02-23 00:00:00+09:00,1620.0,1634.0,1601.0,1609.0,645,0.0,0.0
2023-02-24 00:00:00+09:00,1609.0,1619.0,1574.0,1579.0,1317,0.0,0.0
2023-02-27 00:00:00+09:00,1562.0,1562.0,1524.0,1550.0,175490,0.0,0.0
2023-02-28 00:00:00+09:00,1532.0,1560.0,1504.0,1530.0,117111,0.0,0.0
2023-03-02 00:00:00+09:00,1530.0,1540.0,1517.0,1534.0,74758,0.0,0.0
2023-03-03 00:00:00+09:00,1534.0,1565.0,1534.0,1556.0,61930,0.0,0.0
2023-03-06 00:00:00+09:00,1543.0,1564.0,1490.0,1501.0,241916,0.0,0.0
2023-03-07 00:00:00+09:00,1501.0,1535.0,1460.0,1497.0,133648,0.0,0.0
2023-03-08 00:00:00+09:00,1497.0,1505.0,1376.0,1393.0,599097,0.0,0.0
2023-03-09 00:00:00+09:00,1395.0,1423.0,1380.0,1392.0,146223,0.0,0.0
2023-03-10 00:00:00+09:00,1392.0,1396.0,1360.0,1368.0,103771,0.0,0.0
2023-03-13 00:00:00+09:00,1330.0,1364.0,1329.0,1352.0,134392,0.0,0.0
2023-03-14 00:00:00+09:00,1352.0,1352.0,1255.0,1269.0,260943,0.0,0.0
2023-03-15 00:00:00+09:00,1285.0,1312.0,1282.0,1311.0,106286,0.0,0.0
2023-03-16 00:00:00+09:00,1311.0,1320.0,1262.0,1268.0,129962,0.0,0.0
2023-03-17 00:00:00+09:00,1268.0,1330.0,1266.0,1310.0,79147,0.0,0.0
2023-03-20 00:00:00+09:00,1295.0,1345.0,1295.0,1345.0,106121,0.0,0.0
2023-03-21 00:00:00+09:00,1345.0,1349.0,1321.0,1338.0,55791,0.0,0.0
2023-03-22 00:00:00+09:00,1338.0,1346.0,1310.0,1332.0,93943,0.0,0.0
2023-03-23 00:00:00+09:00,1300.0,1315.0,1272.0,1300.0,109758,0.0,0.0
2023-03-24 00:00:00+09:00,1295.0,1357.0,1270.0,1357.0,117282,0.0,0.0
2023-03-27 00:00:00+09:00,1356.0,1356.0,1293.0,1329.0,111121,0.0,0.0
2023-03-28 00:00:00+09:00,1316.0,1326.0,1290.0,1317.0,245338,0.0,0.0
2023-03-29 00:00:00+09:00,1323.0,1323.0,1286.0,1309.0,166139,0.0,0.0
2023-03-30 00:00:00+09:00,1370.0,1370.0,1300.0,1361.0,433844,0.0,0.0
2023-03-31 00:00:00+09:00,1361.0,1370.0,1328.0,1350.0,93679,0.0,0.0
2023-04-03 00:00:00+09:00,1360.0,1360.0,1283.0,1310.0,199453,0.0,0.0
2023-04-04 00:00:00+09:00,1310.0,1361.0,1300.0,1353.0,131198,0.0,0.0
2023-04-05 00:00:00+09:00,1345.0,1360.0,1339.0,1340.0,89529,0.0,0.0
2023-04-06 00:00:00+09:00,1340.0,1352.0,1333.0,1352.0,107276,0.0,0.0
2023-04-07 00:00:00+09:00,1370.0,1399.0,1312.0,1316.0,241765,0.0,0.0
2023-04-10 00:00:00+09:00,1316.0,1325.0,1277.0,1292.0,171122,0.0,0.0
2023-04-11 00:00:00+09:00,1292.0,1347.0,1283.0,1333.0,135391,0.0,0.0
2023-04-12 00:00:00+09:00,1325.0,1352.0,1303.0,1346.0,95155,0.0,0.0
2023-04-13 00:00:00+09:00,1340.0,1346.0,1308.0,1312.0,60115,0.0,0.0
2023-04-14 00:00:00+09:00,1315.0,1342.0,1312.0,1340.0,130387,0.0,0.0
2023-04-17 00:00:00+09:00,1350.0,1359.0,1314.0,1351.0,85168,0.0,0.0
2023-04-18 00:00:00+09:00,1351.0,1385.0,1335.0,1350.0,131689,0.0,0.0
2023-04-19 00:00:00+09:00,1352.0,1387.0,1350.0,1381.0,178766,0.0,0.0
2023-04-20 00:00:00+09:00,1380.0,1517.0,1376.0,1482.0,3204732,0.0,0.0
2023-04-21 00:00:00+09:00,1656.0,1926.0,1599.0,1926.0,5866832,0.0,0.0
2023-04-24 00:00:00+09:00,2490.0,2500.0,2060.0,2500.0,47613198,0.0,0.0
2023-04-25 00:00:00+09:00,2680.0,3040.0,2190.0,2330.0,46254252,0.0,0.0
2023-04-26 00:00:00+09:00,2285.0,3025.0,2105.0,2975.0,63833190,0.0,0.0
2023-04-27 00:00:00+09:00,2710.0,2895.0,2100.0,2200.0,23350704,0.0,0.0
2023-04-28 00:00:00+09:00,2240.0,2455.0,2130.0,2155.0,13532880,0.0,0.0
2023-05-02 00:00:00+09:00,2090.0,2260.0,2040.0,2185.0,4688487,0.0,0.0
2023-05-03 00:00:00+09:00,2275.0,2300.0,2110.0,2235.0,4256254,0.0,0.0
2023-05-04 00:00:00+09:00,2355.0,2355.0,1990.0,2080.0,4041087,0.0,0.0
2023-05-08 00:00:00+09:00,2115.0,2255.0,2080.0,2195.0,4767286,0.0,0.0
2023-05-09 00:00:00+09:00,2260.0,2270.0,1991.0,2030.0,2500063,0.0,0.0
2023-05-10 00:00:00+09:00,2120.0,2200.0,1990.0,2185.0,2354616,0.0,0.0
2023-05-11 00:00:00+09:00,2080.0,2170.0,2030.0,2115.0,1093102,0.0,0.0
2023-05-12 00:00:00+09:00,2110.0,2120.0,1970.0,1998.0,1237171,0.0,0.0
2023-05-15 00:00:00+09:00,2025.0,2040.0,1856.0,1856.0,1735424,0.0,0.0
2023-05-16 00:00:00+09:00,1855.0,2250.0,1810.0,2070.0,17872892,0.0,0.0
2023-05-17 00:00:00+09:00,2000.0,2270.0,1934.0,2035.0,8272707,0.0,0.0
2023-05-18 00:00:00+09:00,1807.0,1923.0,1723.0,1860.0,3852707,0.0,0.0
2023-05-19 00:00:00+09:00,1814.0,2205.0,1808.0,1970.0,23140010,0.0,0.0
2023-05-22 00:00:00+09:00,1970.0,2070.0,1959.0,1980.0,4194999,0.0,0.0
2023-05-23 00:00:00+09:00,1970.0,1990.0,1910.0,1915.0,1299314,0.0,0.0
2023-05-24 00:00:00+09:00,1935.0,2485.0,1935.0,2485.0,21265189,0.0,0.0
2023-05-25 00:00:00+09:00,2665.0,3230.0,2400.0,2975.0,94314833,0.0,0.0
2023-05-26 00:00:00+09:00,2970.0,3690.0,2885.0,3195.0,81872794,0.0,0.0
2023-05-30 00:00:00+09:00,3135.0,3215.0,2895.0,2955.0,11651274,0.0,0.0
2023-05-31 00:00:00+09:00,2895.0,3155.0,2810.0,2840.0,16939801,0.0,0.0
2023-06-01 00:00:00+09:00,2810.0,2850.0,2745.0,2775.0,3084090,0.0,0.0
2023-06-02 00:00:00+09:00,2825.0,3025.0,2725.0,2775.0,14798894,0.0,0.0
2023-06-05 00:00:00+09:00,2760.0,2850.0,2735.0,2800.0,2677235,0.0,0.0
2023-06-07 00:00:00+09:00,2850.0,2865.0,2640.0,2670.0,3349256,0.0,0.0
2023-06-08 00:00:00+09:00,2840.0,2920.0,2710.0,2730.0,8622763,0.0,0.0
2023-06-09 00:00:00+09:00,2730.0,2880.0,2730.0,2765.0,3466386,0.0,0.0
2023-06-12 00:00:00+09:00,2765.0,2810.0,2610.0,2685.0,2397419,0.0,0.0
2023-06-13 00:00:00+09:00,2690.0,2765.0,2650.0,2765.0,2111607,0.0,0.0
2023-06-14 00:00:00+09:00,2795.0,3115.0,2710.0,2925.0,20141622,0.0,0.0
2023-06-15 00:00:00+09:00,2825.0,2880.0,2775.0,2795.0,3316464,0.0,0.0
2023-06-16 00:00:00+09:00,2795.0,2815.0,2705.0,2755.0,1462802,0.0,0.0
2023-06-19 00:00:00+09:00,2770.0,2965.0,2750.0,2915.0,8033691,0.0,0.0
2023-06-20 00:00:00+09:00,2925.0,3210.0,2840.0,2875.0,12502183,0.0,0.0
2023-06-21 00:00:00+09:00,2890.0,3000.0,2780.0,3000.0,3422591,0.0,0.0
2023-06-22 00:00:00+09:00,3000.0,3120.0,2875.0,2925.0,3845795,0.0,0.0
2023-06-23 00:00:00+09:00,2895.0,2905.0,2740.0,2775.0,1642906,0.0,0.0
2023-06-26 00:00:00+09:00,2710.0,2750.0,2580.0,2615.0,1362997,0.0,0.0
2023-06-27 00:00:00+09:00,2600.0,2635.0,2510.0,2550.0,902578,0.0,0.0
2023-06-28 00:00:00+09:00,2520.0,2585.0,2480.0,2580.0,1122414,0.0,0.0
2023-06-29 00:00:00+09:00,2530.0,2540.0,2390.0,2405.0,1016336,0.0,0.0
2023-06-30 00:00:00+09:00,2400.0,2465.0,2355.0,2410.0,684430,0.0,0.0
2023-07-03 00:00:00+09:00,2450.0,2555.0,2410.0,2550.0,713955,0.0,0.0
2023-07-04 00:00:00+09:00,2520.0,2520.0,2405.0,2435.0,812743,0.0,0.0
2023-07-05 00:00:00+09:00,2490.0,2540.0,2425.0,2470.0,550283,0.0,0.0
2023-07-06 00:00:00+09:00,2465.0,2480.0,2390.0,2415.0,444655,0.0,0.0
2023-07-07 00:00:00+09:00,2365.0,2420.0,2280.0,2310.0,543050,0.0,0.0
2023-07-10 00:00:00+09:00,2315.0,2450.0,2245.0,2420.0,609226,0.0,0.0
2023-07-11 00:00:00+09:00,2420.0,2460.0,2370.0,2435.0,396198,0.0,0.0
2023-07-12 00:00:00+09:00,2405.0,2460.0,2355.0,2390.0,328563,0.0,0.0
2023-07-13 00:00:00+09:00,2350.0,2440.0,2300.0,2365.0,478069,0.0,0.0
2023-07-14 00:00:00+09:00,2405.0,3070.0,2405.0,2935.0,27755522,0.0,0.0
2023-07-17 00:00:00+09:00,2845.0,3390.0,2815.0,3090.0,16600320,0.0,0.0
2023-07-18 00:00:00+09:00,3275.0,3360.0,2850.0,3110.0,8842948,0.0,0.0
2023-07-19 00:00:00+09:00,3150.0,3185.0,2690.0,2750.0,6776942,0.0,0.0
2023-07-20 00:00:00+09:00,2930.0,2935.0,2640.0,2775.0,5615499,0.0,0.0
2023-07-21 00:00:00+09:00,2825.0,2880.0,2620.0,2635.0,2736286,0.0,0.0
2023-07-24 00:00:00+09:00,2575.0,2615.0,2480.0,2555.0,1765996,0.0,0.0
2023-07-25 00:00:00+09:00,2605.0,2750.0,2425.0,2455.0,3423177,0.0,0.0
2023-07-26 00:00:00+09:00,2440.0,2495.0,2200.0,2340.0,2040453,0.0,0.0
2023-07-27 00:00:00+09:00,2275.0,2390.0,2245.0,2320.0,852292,0.0,0.0
2023-07-28 00:00:00+09:00,2370.0,2425.0,2245.0,2395.0,629701,0.0,0.0
2023-07-31 00:00:00+09:00,2390.0,2520.0,2380.0,2500.0,541986,0.0,0.0
2023-08-01 00:00:00+09:00,2455.0,2515.0,2395.0,2495.0,533012,0.0,0.0
2023-08-02 00:00:00+09:00,2485.0,2580.0,2450.0,2500.0,723250,0.0,0.0
2023-08-03 00:00:00+09:00,2525.0,2690.0,2340.0,2350.0,1142988,0.0,0.0
2023-08-04 00:00:00+09:00,2350.0,2440.0,2300.0,2340.0,560338,0.0,0.0
2023-08-07 00:00:00+09:00,2410.0,2555.0,2340.0,2545.0,1367571,0.0,0.0
2023-08-08 00:00:00+09:00,2500.0,2505.0,2290.0,2305.0,1263106,0.0,0.0
2023-08-09 00:00:00+09:00,2290.0,2390.0,2250.0,2380.0,624515,0.0,0.0
2023-08-10 00:00:00+09:00,2335.0,2440.0,2300.0,2315.0,540002,0.0,0.0
2023-08-11 00:00:00+09:00,2315.0,2320.0,2250.0,2260.0,582623,0.0,0.0
2023-08-14 00:00:00+09:00,2260.0,2265.0,2120.0,2135.0,630525,0.0,0.0
2023-08-16 00:00:00+09:00,2140.0,2155.0,2030.0,2065.0,492200,0.0,0.0
2023-08-17 00:00:00+09:00,2015.0,2085.0,1875.0,2045.0,375788,0.0,0.0
2023-08-18 00:00:00+09:00,2005.0,2060.0,1948.0,2030.0,312590,0.0,0.0
2023-08-21 00:00:00+09:00,2025.0,2150.0,2015.0,2015.0,221352,0.0,0.0
2023-08-22 00:00:00+09:00,2000.0,2135.0,1986.0,2035.0,743001,0.0,0.0
2023-08-23 00:00:00+09:00,2055.0,2055.0,1983.0,1984.0,322381,0.0,0.0
2023-08-24 00:00:00+09:00,1985.0,2030.0,1981.0,1998.0,273541,0.0,0.0
2023-08-25 00:00:00+09:00,2020.0,2125.0,1994.0,2015.0,533973,0.0,0.0
2023-08-28 00:00:00+09:00,2015.0,2100.0,1995.0,2075.0,320794,0.0,0.0
2023-08-29 00:00:00+09:00,2070.0,2100.0,2035.0,2035.0,227869,0.0,0.0
2023-08-30 00:00:00+09:00,2060.0,2085.0,2025.0,2035.0,159079,0.0,0.0
2023-08-31 00:00:00+09:00,2035.0,2070.0,1989.0,2000.0,367339,0.0,0.0
2023-09-01 00:00:00+09:00,2000.0,2030.0,1967.0,1981.0,312623,0.0,0.0
2023-09-04 00:00:00+09:00,1981.0,1983.0,1900.0,1963.0,170332,0.0,0.0
2023-09-05 00:00:00+09:00,1998.0,2015.0,1965.0,1995.0,235268,0.0,0.0
2023-09-06 00:00:00+09:00,1996.0,2005.0,1965.0,1965.0,161650,0.0,0.0
2023-09-07 00:00:00+09:00,2030.0,2030.0,1960.0,1965.0,317102,0.0,0.0
2023-09-08 00:00:00+09:00,2450.0,2550.0,2055.0,2130.0,17167658,0.0,0.0
2023-09-11 00:00:00+09:00,2130.0,2130.0,2005.0,2025.0,1323920,0.0,0.0
2023-09-12 00:00:00+09:00,2025.0,2080.0,1999.0,2050.0,760093,0.0,0.0
2023-09-13 00:00:00+09:00,2075.0,2390.0,2065.0,2160.0,7487450,0.0,0.0
2023-09-14 00:00:00+09:00,2210.0,2270.0,2110.0,2145.0,1410474,0.0,0.0
2023-09-15 00:00:00+09:00,2115.0,2175.0,2095.0,2175.0,578750,0.0,0.0
2023-09-18 00:00:00+09:00,2180.0,2205.0,2070.0,2100.0,606237,0.0,0.0
2023-09-19 00:00:00+09:00,2100.0,2100.0,2000.0,2030.0,402895,0.0,0.0
2023-09-20 00:00:00+09:00,1970.0,2025.0,1960.0,2015.0,247503,0.0,0.0
2023-09-21 00:00:00+09:00,2000.0,2000.0,1919.0,1930.0,321380,0.0,0.0
2023-09-22 00:00:00+09:00,1925.0,1974.0,1880.0,1958.0,157994,0.0,0.0
2023-09-25 00:00:00+09:00,1930.0,1958.0,1815.0,1860.0,234957,0.0,0.0
2023-09-26 00:00:00+09:00,1861.0,1904.0,1781.0,1815.0,260460,0.0,0.0
2023-09-27 00:00:00+09:00,1852.0,1899.0,1785.0,1840.0,182416,0.0,0.0
2023-10-04 00:00:00+09:00,1840.0,1884.0,1787.0,1840.0,166978,0.0,0.0
2023-10-05 00:00:00+09:00,1821.0,1857.0,1745.0,1759.0,172322,0.0,0.0
2023-10-06 00:00:00+09:00,1759.0,1889.0,1759.0,1822.0,276143,0.0,0.0
2023-10-10 00:00:00+09:00,1823.0,2030.0,1823.0,1962.0,1007661,0.0,0.0
2023-10-11 00:00:00+09:00,1828.0,1934.0,1800.0,1885.0,370350,0.0,0.0
2023-10-12 00:00:00+09:00,1905.0,1929.0,1880.0,1899.0,152627,0.0,0.0
2023-10-13 00:00:00+09:00,1903.0,2225.0,1899.0,1986.0,4413582,0.0,0.0
2023-10-16 00:00:00+09:00,1986.0,2265.0,1950.0,2020.0,4107651,0.0,0.0
2023-10-17 00:00:00+09:00,2020.0,2060.0,1980.0,2025.0,567320,0.0,0.0
2023-10-18 00:00:00+09:00,2025.0,2145.0,1964.0,1985.0,839106,0.0,0.0
2023-10-19 00:00:00+09:00,1995.0,2040.0,1902.0,1923.0,499717,0.0,0.0
2023-10-20 00:00:00+09:00,1923.0,1975.0,1861.0,1868.0,417462,0.0,0.0
2023-10-23 00:00:00+09:00,1865.0,1919.0,1741.0,1785.0,363727,0.0,0.0
2023-10-24 00:00:00+09:00,1810.0,1810.0,1688.0,1755.0,235773,0.0,0.0
2023-10-25 00:00:00+09:00,1760.0,1870.0,1712.0,1789.0,313632,0.0,0.0
2023-10-26 00:00:00+09:00,1746.0,1788.0,1701.0,1703.0,185848,0.0,0.0
2023-10-27 00:00:00+09:00,1700.0,1725.0,1678.0,1685.0,126514,0.0,0.0
2023-10-30 00:00:00+09:00,1679.0,1740.0,1679.0,1701.0,99766,0.0,0.0
2023-10-31 00:00:00+09:00,1701.0,1734.0,1649.0,1658.0,229648,0.0,0.0
2023-11-01 00:00:00+09:00,1658.0,1709.0,1658.0,1660.0,101439,0.0,0.0
2023-11-02 00:00:00+09:00,1677.0,1725.0,1672.0,1709.0,133451,0.0,0.0
2023-11-03 00:00:00+09:00,1711.0,1777.0,1699.0,1739.0,187676,0.0,0.0
2023-11-06 00:00:00+09:00,1734.0,1779.0,1712.0,1740.0,157859,0.0,0.0
2023-11-07 00:00:00+09:00,1769.0,2095.0,1717.0,1950.0,9181051,0.0,0.0
2023-11-08 00:00:00+09:00,1857.0,1955.0,1832.0,1840.0,1490884,0.0,0.0
2023-11-09 00:00:00+09:00,1864.0,1930.0,1809.0,1832.0,520500,0.0,0.0
2023-11-10 00:00:00+09:00,1842.0,1915.0,1702.0,1720.0,1368341,0.0,0.0
2023-11-13 00:00:00+09:00,1713.0,1739.0,1650.0,1651.0,342993,0.0,0.0
2023-11-14 00:00:00+09:00,1651.0,1725.0,1649.0,1672.0,319265,0.0,0.0
2023-11-15 00:00:00+09:00,1708.0,1735.0,1674.0,1713.0,225980,0.0,0.0
2023-11-16 00:00:00+09:00,1713.0,1733.0,1690.0,1718.0,115779,0.0,0.0
2023-11-17 00:00:00+09:00,1702.0,1730.0,1680.0,1688.0,169538,0.0,0.0
2023-11-20 00:00:00+09:00,1688.0,1716.0,1651.0,1693.0,132408,0.0,0.0
2023-11-21 00:00:00+09:00,1690.0,1720.0,1684.0,1695.0,106773,0.0,0.0
2023-11-22 00:00:00+09:00,1694.0,1719.0,1674.0,1683.0,125989,0.0,0.0
2023-11-23 00:00:00+09:00,1687.0,1855.0,1667.0,1702.0,1211867,0.0,0.0
2023-11-24 00:00:00+09:00,1717.0,1727.0,1691.0,1700.0,219205,0.0,0.0
2023-11-27 00:00:00+09:00,1705.0,1709.0,1670.0,1678.0,130952,0.0,0.0
2023-11-28 00:00:00+09:00,1678.0,1706.0,1670.0,1690.0,198140,0.0,0.0
2023-11-29 00:00:00+09:00,1690.0,1699.0,1674.0,1681.0,113972,0.0,0.0
2023-11-30 00:00:00+09:00,1682.0,1689.0,1670.0,1682.0,69624,0.0,0.0
2023-12-01 00:00:00+09:00,1682.0,1685.0,1668.0,1669.0,81855,0.0,0.0
2023-12-04 00:00:00+09:00,1764.0,1800.0,1672.0,1684.0,403842,0.0,0.0
2023-12-05 00:00:00+09:00,1712.0,1838.0,1700.0,1709.0,1407733,0.0,0.0
2023-12-06 00:00:00+09:00,1729.0,1729.0,1680.0,1709.0,206030,0.0,0.0
2023-12-07 00:00:00+09:00,1726.0,1726.0,1684.0,1687.0,157704,0.0,0.0
2023-12-08 00:00:00+09:00,1770.0,1976.0,1716.0,1750.0,3358053,0.0,0.0
2023-12-11 00:00:00+09:00,1729.0,1766.0,1722.0,1735.0,221428,0.0,0.0
2023-12-12 00:00:00+09:00,1735.0,1743.0,1710.0,1715.0,191555,0.0,0.0
2023-12-13 00:00:00+09:00,1716.0,1720.0,1702.0,1710.0,117391,0.0,0.0
2023-12-14 00:00:00+09:00,1699.0,1719.0,1698.0,1699.0,186963,0.0,0.0
2023-12-15 00:00:00+09:00,1716.0,1716.0,1690.0,1705.0,106941,0.0,0.0
2023-12-18 00:00:00+09:00,1705.0,1713.0,1690.0,1693.0,104886,0.0,0.0
2023-12-19 00:00:00+09:00,1706.0,1708.0,1689.0,1699.0,86957,0.0,0.0
2023-12-20 00:00:00+09:00,1695.0,1750.0,1689.0,1696.0,97987,0.0,0.0
2023-12-21 00:00:00+09:00,1695.0,1695.0,1670.0,1674.0,120961,0.0,0.0
2023-12-22 00:00:00+09:00,1671.0,1716.0,1668.0,1672.0,205619,0.0,0.0
2023-12-26 00:00:00+09:00,1650.0,1711.0,1650.0,1655.0,126861,0.0,0.0
2023-12-27 00:00:00+09:00,1645.0,1655.0,1550.0,1604.0,220926,0.0,0.0
2023-12-28 00:00:00+09:00,1604.0,1632.0,1595.0,1618.0,84498,0.0,0.0
2024-01-02 00:00:00+09:00,1624.0,1647.0,1612.0,1647.0,109426,0.0,0.0
2024-01-03 00:00:00+09:00,1647.0,1710.0,1619.0,1631.0,227200,0.0,0.0
2024-01-04 00:00:00+09:00,1631.0,1742.0,1621.0,1661.0,620767,0.0,0.0
2024-01-05 00:00:00+09:00,1643.0,1678.0,1620.0,1660.0,161940,0.0,0.0
2024-01-08 00:00:00+09:00,1660.0,1660.0,1637.0,1655.0,91899,0.0,0.0
2024-01-09 00:00:00+09:00,1655.0,1675.0,1640.0,1665.0,126550,0.0,0.0
2024-01-10 00:00:00+09:00,1658.0,1670.0,1645.0,1655.0,71798,0.0,0.0
2024-01-11 00:00:00+09:00,1670.0,1670.0,1645.0,1646.0,67448,0.0,0.0
2024-01-12 00:00:00+09:00,1659.0,1720.0,1642.0,1657.0,493663,0.0,0.0
2024-01-15 00:00:00+09:00,1657.0,1670.0,1651.0,1673.0,9598,0.0,0.0
2024-01-16 00:00:00+09:00,1651.0,1679.0,1651.0,1674.0,107601,0.0,0.0
2024-01-17 00:00:00+09:00,1662.0,1800.0,1660.0,1730.0,1398779,0.0,0.0
2024-01-18 00:00:00+09:00,2110.0,2245.0,1977.0,2105.0,26104288,0.0,0.0
2024-01-19 00:00:00+09:00,2025.0,2050.0,1845.0,1876.0,7813558,0.0,0.0
2024-01-22 00:00:00+09:00,1850.0,1855.0,1770.0,1803.0,1321200,0.0,0.0
2024-01-23 00:00:00+09:00,1761.0,1799.0,1730.0,1779.0,1001891,0.0,0.0
2024-01-24 00:00:00+09:00,1753.0,1767.0,1680.0,1693.0,978236,0.0,0.0
2024-01-25 00:00:00+09:00,1682.0,1705.0,1655.0,1693.0,351137,0.0,0.0
2024-01-26 00:00:00+09:00,1670.0,1720.0,1665.0,1700.0,248414,0.0,0.0
2024-01-29 00:00:00+09:00,1702.0,1740.0,1675.0,1697.0,390346,0.0,0.0
2024-01-30 00:00:00+09:00,1687.0,1713.0,1667.0,1696.0,253151,0.0,0.0
2024-01-31 00:00:00+09:00,1669.0,1718.0,1664.0,1676.0,301595,0.0,0.0
2024-02-01 00:00:00+09:00,1655.0,1698.0,1651.0,1675.0,127882,0.0,0.0
2024-02-02 00:00:00+09:00,1675.0,1700.0,1674.0,1675.0,201228,0.0,0.0
2024-02-05 00:00:00+09:00,1679.0,1714.0,1665.0,1697.0,204169,0.0,0.0
2024-02-06 00:00:00+09:00,1695.0,1730.0,1660.0,1715.0,342715,0.0,0.0
2024-02-07 00:00:00+09:00,1701.0,1727.0,1676.0,1708.0,170667,0.0,0.0
2024-02-08 00:00:00+09:00,1708.0,1722.0,1691.0,1696.0,111455,0.0,0.0
2024-02-13 00:00:00+09:00,1697.0,1710.0,1661.0,1701.0,163611,0.0,0.0
2024-02-14 00:00:00+09:00,1705.0,1716.0,1672.0,1699.0,99174,0.0,0.0
2024-02-15 00:00:00+09:00,1710.0,1720.0,1702.0,1707.0,91426,0.0,0.0
2024-02-16 00:00:00+09:00,1711.0,1735.0,1690.0,1715.0,134208,0.0,0.0
2024-02-19 00:00:00+09:00,1710.0,1729.0,1704.0,1720.0,145728,0.0,0.0
2024-02-20 00:00:00+09:00,1720.0,1750.0,1710.0,1726.0,197782,0.0,0.0
2024-02-21 00:00:00+09:00,1726.0,1746.0,1717.0,1717.0,130610,0.0,0.0
2024-02-22 00:00:00+09:00,1717.0,1717.0,1686.0,1698.0,155214,0.0,0.0
2024-02-23 00:00:00+09:00,1698.0,1698.0,1676.0,1683.0,144326,0.0,0.0
2024-02-26 00:00:00+09:00,1684.0,1719.0,1675.0,1712.0,99892,0.0,0.0
2024-02-27 00:00:00+09:00,1712.0,1714.0,1683.0,1713.0,84663,0.0,0.0
2024-02-28 00:00:00+09:00,1721.0,1721.0,1690.0,1690.0,89828,0.0,0.0
2024-02-29 00:00:00+09:00,1690.0,1700.0,1671.0,1688.0,87372,0.0,0.0
2024-03-04 00:00:00+09:00,1671.0,1701.0,1660.0,1694.0,70367,0.0,0.0
2024-03-05 00:00:00+09:00,1695.0,1695.0,1669.0,1671.0,77878,0.0,0.0
2024-03-06 00:00:00+09:00,1671.0,1761.0,1663.0,1676.0,151679,0.0,0.0
2024-03-07 00:00:00+09:00,1676.0,1692.0,1600.0,1659.0,115843,0.0,0.0
2024-03-08 00:00:00+09:00,1640.0,1666.0,1556.0,1627.0,369374,0.0,0.0
2024-03-11 00:00:00+09:00,1585.0,1625.0,1577.0,1604.0,144889,0.0,0.0
2024-03-12 00:00:00+09:00,1588.0,1625.0,1582.0,1591.0,70560,0.0,0.0
2024-03-13 00:00:00+09:00,1577.0,1660.0,1577.0,1655.0,100922,0.0,0.0
2024-03-14 00:00:00+09:00,1639.0,1665.0,1606.0,1612.0,76880,0.0,0.0
2024-03-15 00:00:00+09:00,1602.0,1639.0,1600.0,1613.0,87857,0.0,0.0
2024-03-18 00:00:00+09:00,1613.0,1650.0,1595.0,1600.0,81995,0.0,0.0
2024-03-19 00:00:00+09:00,1600.0,1710.0,1591.0,1650.0,304197,0.0,0.0
2024-03-20 00:00:00+09:00,1638.0,1656.0,1623.0,1627.0,75112,0.0,0.0
2024-03-21 00:00:00+09:00,1629.0,1658.0,1629.0,1635.0,100215,0.0,0.0
2024-03-22 00:00:00+09:00,1625.0,1653.0,1597.0,1620.0,82446,0.0,0.0
2024-03-25 00:00:00+09:00,1625.0,1743.0,1620.0,1743.0,1353642,0.0,0.0
2024-03-26 00:00:00+09:00,1673.0,1687.0,1651.0,1652.0,346045,0.0,0.0
2024-03-27 00:00:00+09:00,1651.0,1667.0,1624.0,1630.0,182620,0.0,0.0
2024-03-28 00:00:00+09:00,1620.0,1643.0,1603.0,1622.0,118180,0.0,0.0
2024-03-29 00:00:00+09:00,1620.0,1665.0,1605.0,1623.0,142214,0.0,0.0
2024-04-01 00:00:00+09:00,1625.0,1639.0,1611.0,1628.0,71365,0.0,0.0
2024-04-02 00:00:00+09:00,1626.0,1660.0,1616.0,1653.0,133901,0.0,0.0
2024-04-03 00:00:00+09:00,1649.0,1685.0,1635.0,1657.0,167550,0.0,0.0
2024-04-04 00:00:00+09:00,1656.0,1684.0,1653.0,1672.0,86393,0.0,0.0
2024-04-05 00:00:00+09:00,1654.0,1709.0,1645.0,1693.0,230546,0.0,0.0
2024-04-08 00:00:00+09:00,1686.0,1704.0,1640.0,1645.0,113402,0.0,0.0
2024-04-09 00:00:00+09:00,1610.0,1652.0,1610.0,1641.0,71192,0.0,0.0
2024-04-11 00:00:00+09:00,1685.0,1685.0,1608.0,1608.0,91364,0.0,0.0
2024-04-12 00:00:00+09:00,1614.0,1630.0,1595.0,1620.0,54401,0.0,0.0
2024-04-15 00:00:00+09:00,1630.0,1684.0,1616.0,1632.0,199348,0.0,0.0
2024-04-16 00:00:00+09:00,1632.0,1650.0,1600.0,1601.0,164343,0.0,0.0
2024-04-17 00:00:00+09:00,1600.0,1657.0,1599.0,1607.0,131222,0.0,0.0
2024-04-18 00:00:00+09:00,1607.0,1649.0,1598.0,1606.0,70702,0.0,0.0
2024-04-19 00:00:00+09:00,1606.0,1709.0,1592.0,1625.0,669792,0.0,0.0
2024-04-22 00:00:00+09:00,1605.0,1625.0,1591.0,1611.0,93837,0.0,0.0
2024-04-23 00:00:00+09:00,1611.0,1630.0,1599.0,1599.0,57822,0.0,0.0
2024-04-24 00:00:00+09:00,1599.0,1609.0,1593.0,1602.0,50390,0.0,0.0
2024-04-25 00:00:00+09:00,1602.0,1625.0,1590.0,1601.0,148746,0.0,0.0
2024-04-26 00:00:00+09:00,1600.0,1600.0,1571.0,1582.0,108105,0.0,0.0
2024-04-29 00:00:00+09:00,1582.0,1590.0,1559.0,1565.0,136753,0.0,0.0
2024-04-30 00:00:00+09:00,1572.0,1587.0,1550.0,1553.0,105672,0.0,0.0
2024-05-02 00:00:00+09:00,1553.0,1565.0,1547.0,1560.0,61066,0.0,0.0
2024-05-03 00:00:00+09:00,1561.0,1568.0,1554.0,1562.0,57744,0.0,0.0
2024-05-07 00:00:00+09:00,1561.0,1568.0,1555.0,1566.0,99389,0.0,0.0
2024-05-08 00:00:00+09:00,1633.0,1633.0,1569.0,1569.0,251939,0.0,0.0
2024-05-09 00:00:00+09:00,1569.0,1578.0,1559.0,1565.0,131162,0.0,0.0
2024-05-10 00:00:00+09:00,1605.0,1620.0,1564.0,1574.0,148858,0.0,0.0
2024-05-13 00:00:00+09:00,1574.0,1581.0,1562.0,1569.0,41202,0.0,0.0
2024-05-14 00:00:00+09:00,1581.0,1581.0,1565.0,1568.0,43322,0.0,0.0
2024-05-16 00:00:00+09:00,1568.0,1584.0,1549.0,1557.0,130007,0.0,0.0
2024-05-17 00:00:00+09:00,1561.0,1582.0,1512.0,1560.0,74199,0.0,0.0
2024-05-20 00:00:00+09:00,1556.0,1569.0,1513.0,1557.0,58534,0.0,0.0
2024-05-21 00:00:00+09:00,1558.0,1568.0,1521.0,1531.0,66379,0.0,0.0
2024-05-22 00:00:00+09:00,1549.0,1549.0,1512.0,1519.0,69692,0.0,0.0
2024-05-23 00:00:00+09:00,1527.0,1530.0,1512.0,1513.0,26008,0.0,0.0
2024-05-24 00:00:00+09:00,1521.0,1530.0,1510.0,1513.0,32397,0.0,0.0
2024-05-27 00:00:00+09:00,1514.0,1538.0,1511.0,1515.0,50015,0.0,0.0
2024-05-28 00:00:00+09:00,1515.0,1525.0,1513.0,1518.0,68447,0.0,0.0
2024-05-29 00:00:00+09:00,1512.0,1518.0,1431.0,1498.0,109366,0.0,0.0
2024-05-30 00:00:00+09:00,1462.0,1497.0,1462.0,1476.0,65834,0.0,0.0
2024-05-31 00:00:00+09:00,1489.0,1493.0,1460.0,1474.0,48859,0.0,0.0
2024-06-03 00:00:00+09:00,1491.0,1491.0,1464.0,1481.0,60700,0.0,0.0
2024-06-04 00:00:00+09:00,1481.0,1490.0,1465.0,1483.0,46786,0.0,0.0
2024-06-05 00:00:00+09:00,1482.0,1483.0,1464.0,1475.0,58016,0.0,0.0
2024-06-07 00:00:00+09:00,1475.0,1483.0,1440.0,1454.0,93138,0.0,0.0
2024-06-10 00:00:00+09:00,1466.0,1466.0,1442.0,1453.0,52796,0.0,0.0
2024-06-11 00:00:00+09:00,1460.0,1460.0,1447.0,1450.0,24113,0.0,0.0
2024-06-12 00:00:00+09:00,1445.0,1482.0,1445.0,1472.0,61279,0.0,0.0
2024-06-13 00:00:00+09:00,1498.0,1498.0,1472.0,1477.0,30835,0.0,0.0
2024-06-14 00:00:00+09:00,1477.0,1498.0,1458.0,1479.0,23678,0.0,0.0
2024-06-17 00:00:00+09:00,1479.0,1479.0,1459.0,1465.0,29667,0.0,0.0
2024-06-18 00:00:00+09:00,1465.0,1465.0,1401.0,1455.0,78147,0.0,0.0
2024-06-19 00:00:00+09:00,1474.0,1519.0,1447.0,1456.0,62723,0.0,0.0
2024-06-20 00:00:00+09:00,1470.0,1473.0,1439.0,1451.0,33498,0.0,0.0
2024-06-21 00:00:00+09:00,1459.0,1460.0,1434.0,1436.0,32039,0.0,0.0
2024-06-24 00:00:00+09:00,1436.0,1436.0,1400.0,1409.0,56676,0.0,0.0
2024-06-25 00:00:00+09:00,1409.0,1409.0,1378.0,1387.0,52723,0.0,0.0
2024-06-26 00:00:00+09:00,1362.0,1390.0,1362.0,1390.0,54671,0.0,0.0
2024-06-27 00:00:00+09:00,1390.0,1441.0,1390.0,1431.0,46599,0.0,0.0
2024-06-28 00:00:00+09:00,1415.0,1478.0,1415.0,1456.0,72493,0.0,0.0
2024-07-01 00:00:00+09:00,1456.0,1494.0,1450.0,1459.0,57300,0.0,0.0
2024-07-02 00:00:00+09:00,1483.0,1493.0,1462.0,1482.0,50113,0.0,0.0
2024-07-03 00:00:00+09:00,1480.0,1516.0,1480.0,1513.0,93953,0.0,0.0
2024-07-04 00:00:00+09:00,1497.0,1521.0,1497.0,1515.0,119204,0.0,0.0
2024-07-05 00:00:00+09:00,1520.0,1536.0,1512.0,1527.0,71316,0.0,0.0
2024-07-08 00:00:00+09:00,1527.0,1536.0,1473.0,1536.0,85180,0.0,0.0
2024-07-09 00:00:00+09:00,1537.0,1537.0,1510.0,1524.0,33284,0.0,0.0
2024-07-10 00:00:00+09:00,1510.0,1521.0,1500.0,1519.0,80596,0.0,0.0
2024-07-11 00:00:00+09:00,1519.0,1519.0,1500.0,1504.0,27558,0.0,0.0
2024-07-12 00:00:00+09:00,1504.0,1505.0,1481.0,1492.0,39631,0.0,0.0
2024-07-15 00:00:00+09:00,1470.0,1491.0,1470.0,1490.0,22411,0.0,0.0
2024-07-16 00:00:00+09:00,1497.0,1532.0,1495.0,1509.0,28385,0.0,0.0
2024-07-17 00:00:00+09:00,1508.0,1529.0,1505.0,1527.0,45072,0.0,0.0
2024-07-18 00:00:00+09:00,1527.0,1527.0,1480.0,1516.0,72500,0.0,0.0
2024-07-19 00:00:00+09:00,1502.0,1531.0,1494.0,1516.0,39751,0.0,0.0
2024-07-22 00:00:00+09:00,1500.0,1500.0,1477.0,1478.0,100175,0.0,0.0
2024-07-23 00:00:00+09:00,1440.0,1525.0,1440.0,1478.0,29205,0.0,0.0
2024-07-24 00:00:00+09:00,1478.0,1507.0,1475.0,1488.0,25676,0.0,0.0
2024-07-25 00:00:00+09:00,1461.0,1504.0,1461.0,1472.0,92144,0.0,0.0
2024-07-26 00:00:00+09:00,1444.0,1499.0,1438.0,1461.0,18886,0.0,0.0
2024-07-29 00:00:00+09:00,1475.0,1484.0,1450.0,1450.0,13334,0.0,0.0
2024-07-30 00:00:00+09:00,1459.0,1462.0,1450.0,1454.0,11599,0.0,0.0
2024-07-31 00:00:00+09:00,1466.0,1467.0,1443.0,1445.0,15751,0.0,0.0
2024-08-01 00:00:00+09:00,1445.0,1467.0,1440.0,1449.0,20108,0.0,0.0
2024-08-02 00:00:00+09:00,1454.0,1482.0,1432.0,1441.0,35249,0.0,0.0
2024-08-05 00:00:00+09:00,1426.0,1475.0,1185.0,1262.0,149851,0.0,0.0
2024-08-06 00:00:00+09:00,1200.0,1369.0,1200.0,1355.0,60306,0.0,0.0
2024-08-07 00:00:00+09:00,1355.0,1400.0,1353.0,1388.0,45819,0.0,0.0
2024-08-08 00:00:00+09:00,1379.0,1399.0,1353.0,1381.0,10988,0.0,0.0
2024-08-09 00:00:00+09:00,1367.0,1410.0,1367.0,1384.0,20591,0.0,0.0
2024-08-12 00:00:00+09:00,1384.0,1388.0,1372.0,1387.0,27969,0.0,0.0
2024-08-13 00:00:00+09:00,1388.0,1388.0,1363.0,1384.0,19820,0.0,0.0
2024-08-14 00:00:00+09:00,1384.0,1400.0,1380.0,1385.0,14892,0.0,0.0
2024-08-16 00:00:00+09:00,1410.0,1449.0,1408.0,1425.0,54080,0.0,0.0
2024-08-19 00:00:00+09:00,1425.0,1447.0,1410.0,1423.0,28373,0.0,0.0
2024-08-20 00:00:00+09:00,1425.0,1450.0,1380.0,1391.0,31961,0.0,0.0
2024-08-21 00:00:00+09:00,1391.0,1400.0,1383.0,1398.0,6876,0.0,0.0
2024-08-22 00:00:00+09:00,1398.0,1407.0,1390.0,1396.0,6468,0.0,0.0
2024-08-23 00:00:00+09:00,1385.0,1396.0,1361.0,1378.0,13916,0.0,0.0
2024-08-26 00:00:00+09:00,1370.0,1370.0,1300.0,1320.0,30429,0.0,0.0
2024-08-27 00:00:00+09:00,1320.0,1320.0,1270.0,1280.0,45620,0.0,0.0
2024-08-28 00:00:00+09:00,1280.0,1307.0,1251.0,1277.0,26494,0.0,0.0
2024-08-29 00:00:00+09:00,1250.0,1266.0,1216.0,1230.0,36342,0.0,0.0
2024-08-30 00:00:00+09:00,1230.0,1261.0,1212.0,1212.0,60866,0.0,0.0
2024-09-02 00:00:00+09:00,1212.0,1236.0,1209.0,1219.0,34666,0.0,0.0
2024-09-03 00:00:00+09:00,1232.0,1232.0,1150.0,1202.0,33287,0.0,0.0
2024-09-04 00:00:00+09:00,1163.0,1230.0,1163.0,1166.0,50598,0.0,0.0
2024-09-05 00:00:00+09:00,1169.0,1202.0,1166.0,1182.0,48435,0.0,0.0
2024-09-06 00:00:00+09:00,1182.0,1209.0,1155.0,1160.0,30253,0.0,0.0
2024-09-09 00:00:00+09:00,1160.0,1160.0,1120.0,1139.0,26599,0.0,0.0
2024-09-10 00:00:00+09:00,1152.0,1171.0,1130.0,1131.0,47062,0.0,0.0
2024-09-11 00:00:00+09:00,1131.0,1168.0,1131.0,1132.0,17751,0.0,0.0
2024-09-12 00:00:00+09:00,1155.0,1164.0,1140.0,1150.0,28166,0.0,0.0
2024-09-13 00:00:00+09:00,1158.0,1198.0,1155.0,1194.0,24952,0.0,0.0
2024-09-19 00:00:00+09:00,1194.0,1204.0,1170.0,1201.0,38542,0.0,0.0
2024-09-20 00:00:00+09:00,1214.0,1214.0,1179.0,1201.0,34807,0.0,0.0
2024-09-23 00:00:00+09:00,1215.0,1215.0,1189.0,1207.0,43014,0.0,0.0
2024-09-24 00:00:00+09:00,1274.0,1274.0,1215.0,1224.0,29325,0.0,0.0
2024-09-25 00:00:00+09:00,1200.0,1249.0,1200.0,1221.0,18671,0.0,0.0
2024-09-26 00:00:00+09:00,1221.0,1245.0,1178.0,1218.0,24616,0.0,0.0
2024-09-27 00:00:00+09:00,1279.0,1316.0,1220.0,1289.0,347911,0.0,0.0
2024-09-30 00:00:00+09:00,1273.0,1333.0,1250.0,1279.0,218810,0.0,0.0
2024-10-02 00:00:00+09:00,1309.0,1309.0,1210.0,1232.0,96699,0.0,0.0
2024-10-04 00:00:00+09:00,1232.0,1279.0,1191.0,1233.0,59048,0.0,0.0
2024-10-07 00:00:00+09:00,1233.0,1290.0,1216.0,1229.0,28287,0.0,0.0
2024-10-08 00:00:00+09:00,1238.0,1238.0,1193.0,1195.0,40675,0.0,0.0
2024-10-10 00:00:00+09:00,1217.0,1217.0,1183.0,1194.0,38764,0.0,0.0
2024-10-11 00:00:00+09:00,1194.0,1210.0,1176.0,1178.0,25400,0.0,0.0
2024-10-14 00:00:00+09:00,1178.0,1199.0,1176.0,1197.0,19280,0.0,0.0
2024-10-15 00:00:00+09:00,1202.0,1365.0,1199.0,1248.0,807084,0.0,0.0
2024-10-16 00:00:00+09:00,1249.0,1260.0,1198.0,1201.0,85201,0.0,0.0
2024-10-17 00:00:00+09:00,1192.0,1201.0,1184.0,1193.0,44792,0.0,0.0
2024-10-18 00:00:00+09:00,1193.0,1221.0,1165.0,1214.0,55497,0.0,0.0
2024-10-21 00:00:00+09:00,1200.0,1221.0,1127.0,1161.0,44406,0.0,0.0
2024-10-22 00:00:00+09:00,1195.0,1195.0,1124.0,1138.0,36891,0.0,0.0
2024-10-23 00:00:00+09:00,1144.0,1220.0,1138.0,1185.0,48867,0.0,0.0
2024-10-24 00:00:00+09:00,1200.0,1200.0,1150.0,1166.0,28520,0.0,0.0
2024-10-25 00:00:00+09:00,1162.0,1165.0,1130.0,1157.0,26820,0.0,0.0
2024-10-28 00:00:00+09:00,1157.0,1157.0,1133.0,1141.0,14727,0.0,0.0
2024-10-29 00:00:00+09:00,1148.0,1150.0,1131.0,1150.0,19235,0.0,0.0
2024-10-30 00:00:00+09:00,1150.0,1156.0,1140.0,1155.0,11621,0.0,0.0
2024-10-31 00:00:00+09:00,1136.0,1167.0,1120.0,1125.0,35472,0.0,0.0
2024-11-01 00:00:00+09:00,1125.0,1160.0,1100.0,1121.0,45490,0.0,0.0
2024-11-04 00:00:00+09:00,1112.0,1123.0,1105.0,1116.0,36611,0.0,0.0
2024-11-05 00:00:00+09:00,1116.0,1121.0,1110.0,1121.0,30468,0.0,0.0
2024-11-06 00:00:00+09:00,1121.0,1122.0,1106.0,1114.0,30604,0.0,0.0
2024-11-07 00:00:00+09:00,1114.0,1125.0,1100.0,1109.0,16888,0.0,0.0
2024-11-08 00:00:00+09:00,1109.0,1120.0,1103.0,1108.0,9368,0.0,0.0
2024-11-11 00:00:00+09:00,1109.0,1143.0,1107.0,1115.0,34404,0.0,0.0
2024-11-12 00:00:00+09:00,1115.0,1137.0,1088.0,1088.0,63408,0.0,0.0
2024-11-13 00:00:00+09:00,1088.0,1088.0,1019.0,1024.0,65278,0.0,0.0
2024-11-14 00:00:00+09:00,1030.0,1041.0,1003.0,1039.0,26260,0.0,0.0
2024-11-15 00:00:00+09:00,1039.0,1048.0,973.0,986.0,90652,0.0,0.0
2024-11-18 00:00:00+09:00,1002.0,1015.0,987.0,997.0,48252,0.0,0.0
2024-11-19 00:00:00+09:00,991.0,1009.0,991.0,998.0,13566,0.0,0.0
2024-11-20 00:00:00+09:00,998.0,1007.0,981.0,987.0,20047,0.0,0.0
2024-11-21 00:00:00+09:00,1053.0,1054.0,981.0,982.0,39961,0.0,0.0
2024-11-22 00:00:00+09:00,982.0,1007.0,981.0,1005.0,42930,0.0,0.0
2024-11-25 00:00:00+09:00,1000.0,1027.0,980.0,998.0,23353,0.0,0.0
2024-11-26 00:00:00+09:00,998.0,1017.0,991.0,1008.0,9981,0.0,0.0
2024-11-27 00:00:00+09:00,1008.0,1028.0,1000.0,1000.0,40215,0.0,0.0
2024-11-28 00:00:00+09:00,1000.0,1019.0,1000.0,1000.0,30198,0.0,0.0
2024-11-29 00:00:00+09:00,991.0,1010.0,987.0,987.0,18385,0.0,0.0
2024-12-02 00:00:00+09:00,987.0,991.0,981.0,981.0,24734,0.0,0.0
2024-12-03 00:00:00+09:00,981.0,981.0,970.0,974.0,38060,0.0,0.0
2024-12-04 00:00:00+09:00,974.0,974.0,964.0,967.0,17369,0.0,0.0
2024-12-05 00:00:00+09:00,967.0,967.0,910.0,910.0,25771,0.0,0.0
2024-12-06 00:00:00+09:00,910.0,1183.0,910.0,959.0,2251282,0.0,0.0
2024-12-09 00:00:00+09:00,973.0,981.0,876.0,901.0,201185,0.0,0.0
2024-12-10 00:00:00+09:00,901.0,973.0,901.0,962.0,235569,0.0,0.0
2024-12-11 00:00:00+09:00,968.0,1150.0,920.0,1025.0,899733,0.0,0.0
2024-12-12 00:00:00+09:00,1047.0,1047.0,980.0,995.0,141214,0.0,0.0
2024-12-13 00:00:00+09:00,990.0,1030.0,965.0,1012.0,55040,0.0,0.0
2024-12-16 00:00:00+09:00,1035.0,1035.0,1001.0,1015.0,53208,0.0,0.0
2024-12-17 00:00:00+09:00,1015.0,1018.0,980.0,1014.0,43775,0.0,0.0
2024-12-18 00:00:00+09:00,1003.0,1024.0,962.0,1017.0,44441,0.0,0.0
2024-12-19 00:00:00+09:00,1000.0,1048.0,988.0,1045.0,49756,0.0,0.0
2024-12-20 00:00:00+09:00,1045.0,1045.0,992.0,1030.0,63885,0.0,0.0
2024-12-23 00:00:00+09:00,1030.0,1035.0,1010.0,1011.0,16687,0.0,0.0
2024-12-24 00:00:00+09:00,1011.0,1020.0,999.0,999.0,6261,0.0,0.0
2024-12-26 00:00:00+09:00,999.0,1019.0,976.0,981.0,34780,0.0,0.0
2024-12-27 00:00:00+09:00,981.0,995.0,969.0,983.0,50079,0.0,0.0
2024-12-30 00:00:00+09:00,970.0,998.0,970.0,993.0,18052,0.0,0.0
2025-01-02 00:00:00+09:00,993.0,1000.0,983.0,999.0,12154,0.0,0.0
2025-01-03 00:00:00+09:00,999.0,1013.0,998.0,998.0,32358,0.0,0.0
2025-01-06 00:00:00+09:00,1010.0,1010.0,952.0,996.0,55296,0.0,0.0
2025-01-07 00:00:00+09:00,1016.0,1019.0,1002.0,1005.0,29061,0.0,0.0
2025-01-08 00:00:00+09:00,1005.0,1022.0,1005.0,1007.0,50487,0.0,0.0
2025-01-09 00:00:00+09:00,1007.0,1027.0,1007.0,1024.0,20751,0.0,0.0
2025-01-10 00:00:00+09:00,1019.0,1105.0,1019.0,1055.0,202197,0.0,0.0
2025-01-13 00:00:00+09:00,1066.0,1084.0,1020.0,1056.0,41953,0.0,0.0
2025-01-14 00:00:00+09:00,1055.0,1084.0,1041.0,1062.0,64310,0.0,0.0
2025-01-15 00:00:00+09:00,1062.0,1090.0,1030.0,1063.0,30823,0.0,0.0
2025-01-16 00:00:00+09:00,1037.0,1049.0,1024.0,1049.0,64880,0.0,0.0
2025-01-17 00:00:00+09:00,1049.0,1049.0,980.0,1028.0,34369,0.0,0.0
2025-01-20 00:00:00+09:00,1027.0,1035.0,1004.0,1024.0,12032,0.0,0.0
2025-01-21 00:00:00+09:00,1018.0,1021.0,1005.0,1012.0,24277,0.0,0.0
2025-01-22 00:00:00+09:00,1012.0,1012.0,1000.0,1004.0,32994,0.0,0.0
2025-01-23 00:00:00+09:00,996.0,1006.0,981.0,997.0,45924,0.0,0.0
2025-01-24 00:00:00+09:00,1000.0,1011.0,980.0,1005.0,25883,0.0,0.0
2025-01-31 00:00:00+09:00,1005.0,1030.0,995.0,1004.0,22720,0.0,0.0
2025-02-03 00:00:00+09:00,1004.0,1034.0,988.0,992.0,38616,0.0,0.0
2025-02-04 00:00:00+09:00,980.0,1030.0,979.0,999.0,81013,0.0,0.0
2025-02-05 00:00:00+09:00,1006.0,1037.0,1002.0,1029.0,29708,0.0,0.0
2025-02-06 00:00:00+09:00,1028.0,1038.0,1015.0,1030.0,20080,0.0,0.0
2025-02-07 00:00:00+09:00,1030.0,1045.0,1009.0,1038.0,8119,0.0,0.0
2025-02-10 00:00:00+09:00,1040.0,1040.0,995.0,1028.0,67534,0.0,0.0
2025-02-11 00:00:00+09:00,1038.0,1040.0,1016.0,1024.0,12433,0.0,0.0
2025-02-12 00:00:00+09:00,1045.0,1045.0,1018.0,1027.0,20076,0.0,0.0
2025-02-13 00:00:00+09:00,1045.0,1045.0,1026.0,1028.0,9521,0.0,0.0
2025-02-14 00:00:00+09:00,1055.0,1055.0,1010.0,1021.0,18918,0.0,0.0
2025-02-17 00:00:00+09:00,1010.0,1021.0,1008.0,1008.0,86753,0.0,0.0
2025-02-18 00:00:00+09:00,1008.0,1014.0,1001.0,1008.0,30863,0.0,0.0
2025-02-19 00:00:00+09:00,1008.0,1015.0,990.0,1007.0,29581,0.0,0.0
2025-02-20 00:00:00+09:00,1010.0,1020.0,998.0,998.0,57474,0.0,0.0
2025-02-21 00:00:00+09:00,1006.0,1007.0,999.0,999.0,14194,0.0,0.0
2025-02-24 00:00:00+09:00,1008.0,1011.0,1000.0,1007.0,9664,0.0,0.0
2025-02-25 00:00:00+09:00,1012.0,1017.0,1004.0,1007.0,23809,0.0,0.0
2025-02-26 00:00:00+09:00,1009.0,1016.0,957.0,1001.0,36045,0.0,0.0
2025-02-27 00:00:00+09:00,1004.0,1086.0,965.0,1010.0,258786,0.0,0.0
2025-02-28 00:00:00+09:00,1029.0,1029.0,1006.0,1012.0,109466,0.0,0.0
2025-03-04 00:00:00+09:00,1048.0,1048.0,1019.0,1029.0,151051,0.0,0.0
2025-03-05 00:00:00+09:00,1026.0,1071.0,1026.0,1052.0,123610,0.0,0.0
2025-03-06 00:00:00+09:00,1042.0,1084.0,1011.0,1024.0,57183,0.0,0.0
2025-03-07 00:00:00+09:00,1018.0,1044.0,1018.0,1036.0,19971,0.0,0.0
2025-03-10 00:00:00+09:00,1086.0,1155.0,1047.0,1060.0,691936,0.0,0.0
2025-03-11 00:00:00+09:00,1079.0,1112.0,1050.0,1079.0,253515,0.0,0.0
2025-03-12 00:00:00+09:00,1079.0,1104.0,1048.0,1052.0,80152,0.0,0.0
2025-03-13 00:00:00+09:00,1052.0,1052.0,1000.0,1006.0,133086,0.0,0.0
2025-03-14 00:00:00+09:00,1006.0,1027.0,1000.0,1005.0,71181,0.0,0.0
2025-03-17 00:00:00+09:00,1015.0,1035.0,1000.0,1008.0,53771,0.0,0.0
2025-03-18 00:00:00+09:00,1015.0,1015.0,1003.0,1006.0,49307,0.0,0.0
2025-03-19 00:00:00+09:00,1001.0,1027.0,1001.0,1013.0,23411,0.0,0.0
2025-03-20 00:00:00+09:00,1013.0,1049.0,1003.0,1005.0,91735,0.0,0.0
2025-03-21 00:00:00+09:00,1005.0,1049.0,1000.0,1007.0,48780,0.0,0.0
2025-03-24 00:00:00+09:00,1007.0,1014.0,996.0,1007.0,20293,0.0,0.0
2025-03-25 00:00:00+09:00,1007.0,1013.0,997.0,998.0,30467,0.0,0.0
2025-03-26 00:00:00+09:00,998.0,1012.0,998.0,998.0,34137,0.0,0.0
2025-03-27 00:00:00+09:00,998.0,1066.0,996.0,1056.0,227677,0.0,0.0
2025-03-28 00:00:00+09:00,1034.0,1372.0,1005.0,1165.0,8790382,0.0,0.0
2025-03-31 00:00:00+09:00,1107.0,1279.0,1100.0,1119.0,5510446,0.0,0.0
2025-04-01 00:00:00+09:00,1147.0,1147.0,1067.0,1086.0,743032,0.0,0.0
2025-04-02 00:00:00+09:00,1085.0,1085.0,1034.0,1041.0,475831,0.0,0.0
2025-04-03 00:00:00+09:00,1034.0,1047.0,1018.0,1034.0,285063,0.0,0.0
2025-04-04 00:00:00+09:00,1020.0,1054.0,1001.0,1021.0,284770,0.0,0.0
2025-04-07 00:00:00+09:00,1006.0,1032.0,997.0,1022.0,219621,0.0,0.0
2025-04-08 00:00:00+09:00,1031.0,1071.0,1011.0,1046.0,249775,0.0,0.0
2025-04-09 00:00:00+09:00,1046.0,1052.0,1007.0,1010.0,255500,0.0,0.0
2025-04-10 00:00:00+09:00,1020.0,1041.0,1020.0,1030.0,142238,0.0,0.0
2025-04-11 00:00:00+09:00,1025.0,1038.0,1011.0,1032.0,84532,0.0,0.0
2025-04-14 00:00:00+09:00,1039.0,1062.0,1032.0,1050.0,147293,0.0,0.0
2025-04-15 00:00:00+09:00,1058.0,1059.0,1018.0,1045.0,115070,0.0,0.0
2025-04-16 00:00:00+09:00,1051.0,1065.0,1041.0,1051.0,97067,0.0,0.0
2025-04-17 00:00:00+09:00,1041.0,1055.0,1027.0,1035.0,123431,0.0,0.0
2025-04-18 00:00:00+09:00,1034.0,1034.0,1009.0,1025.0,151655,0.0,0.0
2025-04-21 00:00:00+09:00,1025.0,1127.0,1025.0,1127.0,455412,0.0,0.0
2025-04-22 00:00:00+09:00,1177.0,1177.0,1075.0,1077.0,247053,0.0,0.0
2025-04-23 00:00:00+09:00,1083.0,1118.0,1060.0,1109.0,150752,0.0,0.0
2025-04-24 00:00:00+09:00,1135.0,1139.0,1044.0,1078.0,128881,0.0,0.0
2025-04-25 00:00:00+09:00,1097.0,1097.0,1059.0,1086.0,75348,0.0,0.0
2025-04-28 00:00:00+09:00,1086.0,1095.0,1050.0,1060.0,61765,0.0,0.0
2025-04-29 00:00:00+09:00,1054.0,1116.0,1040.0,1097.0,87317,0.0,0.0
2025-04-30 00:00:00+09:00,1109.0,1109.0,1071.0,1084.0,58823,0.0,0.0
2025-05-02 00:00:00+09:00,1090.0,1112.0,1084.0,1110.0,71547,0.0,0.0
2025-05-07 00:00:00+09:00,1121.0,1145.0,1092.0,1142.0,159247,0.0,0.0
2025-05-08 00:00:00+09:00,1136.0,1149.0,1118.0,1142.0,102073,0.0,0.0
2025-05-09 00:00:00+09:00,1142.0,1157.0,1122.0,1139.0,79854,0.0,0.0
2025-05-12 00:00:00+09:00,1141.0,1188.0,1141.0,1157.0,166666,0.0,0.0
2025-05-13 00:00:00+09:00,1156.0,1194.0,1156.0,1168.0,148188,0.0,0.0
2025-05-14 00:00:00+09:00,1169.0,1171.0,1098.0,1146.0,81243,0.0,0.0
2025-05-15 00:00:00+09:00,1130.0,1132.0,1100.0,1110.0,78137,0.0,0.0
2025-05-16 00:00:00+09:00,1148.0,1149.0,1082.0,1105.0,77513,0.0,0.0
2025-05-19 00:00:00+09:00,1105.0,1130.0,1099.0,1117.0,72628,0.0,0.0
2025-05-20 00:00:00+09:00,1119.0,1145.0,1103.0,1121.0,69319,0.0,0.0
2025-05-21 00:00:00+09:00,1121.0,1130.0,1107.0,1109.0,82249,0.0,0.0
2025-05-22 00:00:00+09:00,1120.0,1126.0,1060.0,1079.0,70172,0.0,0.0
2025-05-23 00:00:00+09:00,1073.0,1073.0,1043.0,1044.0,129943,0.0,0.0
2025-05-26 00:00:00+09:00,1030.0,1044.0,1002.0,1041.0,60349,0.0,0.0
2025-05-27 00:00:00+09:00,1041.0,1181.0,1021.0,1093.0,369120,0.0,0.0
2025-05-28 00:00:00+09:00,1093.0,1140.0,1065.0,1138.0,130727,0.0,0.0
2025-05-29 00:00:00+09:00,1138.0,1176.0,1121.0,1144.0,84592,0.0,0.0
2025-05-30 00:00:00+09:00,1141.0,1144.0,1089.0,1104.0,91680,0.0,0.0
2025-06-02 00:00:00+09:00,1104.0,1333.0,1104.0,1169.0,1639548,0.0,0.0
2025-06-04 00:00:00+09:00,1195.0,1314.0,1170.0,1276.0,776948,0.0,0.0
2025-06-05 00:00:00+09:00,1276.0,1330.0,1210.0,1255.0,505039,0.0,0.0
2025-06-09 00:00:00+09:00,1245.0,1251.0,1200.0,1220.0,133744,0.0,0.0
2025-06-10 00:00:00+09:00,1230.0,1239.0,1194.0,1220.0,95942,0.0,0.0
2025-06-11 00:00:00+09:00,1238.0,1238.0,1200.0,1208.0,97932,0.0,0.0
2025-06-12 00:00:00+09:00,1220.0,1370.0,1195.0,1270.0,2440068,0.0,0.0
2025-06-13 00:00:00+09:00,1271.0,1285.0,1161.0,1199.0,734240,0.0,0.0
2025-06-16 00:00:00+09:00,1193.0,1258.0,1165.0,1213.0,564134,0.0,0.0
2025-06-17 00:00:00+09:00,1200.0,1250.0,1194.0,1200.0,181571,0.0,0.0
2025-06-18 00:00:00+09:00,1200.0,1204.0,1164.0,1194.0,93410,0.0,0.0
2025-06-19 00:00:00+09:00,1194.0,1200.0,1185.0,1194.0,76024,0.0,0.0
2025-06-20 00:00:00+09:00,1180.0,1212.0,1168.0,1210.0,155320,0.0,0.0
2025-06-23 00:00:00+09:00,1210.0,1279.0,1159.0,1227.0,601842,0.0,0.0
2025-06-24 00:00:00+09:00,1276.0,1276.0,1223.0,1250.0,251643,0.0,0.0
2025-06-25 00:00:00+09:00,1250.0,1271.0,1229.0,1253.0,117067,0.0,0.0
2025-06-26 00:00:00+09:00,1253.0,1253.0,1217.0,1239.0,197433,0.0,0.0
2025-06-27 00:00:00+09:00,1239.0,1258.0,1225.0,1232.0,81464,0.0,0.0
2025-06-30 00:00:00+09:00,1238.0,1280.0,1216.0,1278.0,134023,0.0,0.0
2025-07-01 00:00:00+09:00,1278.0,1305.0,1261.0,1290.0,220615,0.0,0.0
2025-07-02 00:00:00+09:00,1290.0,1296.0,1246.0,1268.0,96638,0.0,0.0
2025-07-03 00:00:00+09:00,1268.0,1302.0,1255.0,1290.0,122568,0.0,0.0
2025-07-04 00:00:00+09:00,1290.0,1290.0,1237.0,1255.0,116720,0.0,0.0
2025-07-07 00:00:00+09:00,1255.0,1255.0,1230.0,1239.0,51830,0.0,0.0
2025-07-08 00:00:00+09:00,1239.0,1398.0,1212.0,1220.0,1122886,0.0,0.0
2025-07-09 00:00:00+09:00,1220.0,1243.0,1206.0,1220.0,95420,0.0,0.0
2025-07-10 00:00:00+09:00,1213.0,1236.0,1213.0,1232.0,57484,0.0,0.0
2025-07-11 00:00:00+09:00,1232.0,1278.0,1220.0,1274.0,99458,0.0,0.0
2025-07-14 00:00:00+09:00,1265.0,1286.0,1262.0,1278.0,75127,0.0,0.0
2025-07-15 00:00:00+09:00,1280.0,1341.0,1279.0,1287.0,186355,0.0,0.0
2025-07-16 00:00:00+09:00,1287.0,1326.0,1272.0,1274.0,73413,0.0,0.0
2025-07-17 00:00:00+09:00,1275.0,1297.0,1252.0,1265.0,55360,0.0,0.0
2025-07-18 00:00:00+09:00,1264.0,1264.0,1242.0,1254.0,61675,0.0,0.0
2025-07-21 00:00:00+09:00,1255.0,1264.0,1249.0,1257.0,25692,0.0,0.0
2025-07-22 00:00:00+09:00,1257.0,1285.0,1251.0,1257.0,82112,0.0,0.0
2025-07-23 00:00:00+09:00,1256.0,1278.0,1250.0,1260.0,70536,0.0,0.0
2025-07-24 00:00:00+09:00,1260.0,1296.0,1243.0,1248.0,61832,0.0,0.0
2025-07-25 00:00:00+09:00,1248.0,1248.0,1213.0,1233.0,35714,0.0,0.0
2025-07-28 00:00:00+09:00,1233.0,1259.0,1188.0,1188.0,117312,0.0,0.0
2025-07-29 00:00:00+09:00,1188.0,1221.0,1176.0,1187.0,21314,0.0,0.0
2025-07-30 00:00:00+09:00,1187.0,1209.0,1176.0,1195.0,43789,0.0,0.0
2025-07-31 00:00:00+09:00,1229.0,1229.0,1165.0,1181.0,91029,0.0,0.0
2025-08-01 00:00:00+09:00,1181.0,1181.0,1125.0,1127.0,66042,0.0,0.0
2025-08-04 00:00:00+09:00,1215.0,1440.0,1180.0,1216.0,5607173,0.0,0.0
2025-08-05 00:00:00+09:00,1220.0,1266.0,1168.0,1194.0,375604,0.0,0.0
2025-08-06 00:00:00+09:00,1194.0,1200.0,1171.0,1175.0,122710,0.0,0.0
2025-08-07 00:00:00+09:00,1180.0,1265.0,1170.0,1205.0,452768,0.0,0.0
2025-08-08 00:00:00+09:00,1205.0,1460.0,1204.0,1308.0,7001409,0.0,0.0
2025-08-11 00:00:00+09:00,1357.0,1700.0,1322.0,1468.0,16531799,0.0,0.0
2025-08-12 00:00:00+09:00,1449.0,1556.0,1406.0,1521.0,5344376,0.0,0.0
2025-08-13 00:00:00+09:00,1490.0,1500.0,1406.0,1420.0,1069441,0.0,0.0
2025-08-14 00:00:00+09:00,1390.0,1536.0,1322.0,1423.0,2696442,0.0,0.0
2025-08-18 00:00:00+09:00,1410.0,1507.0,1391.0,1450.0,753066,0.0,0.0
2025-08-19 00:00:00+09:00,1458.0,1539.0,1420.0,1466.0,1474082,0.0,0.0
2025-08-20 00:00:00+09:00,1469.0,1905.0,1461.0,1719.0,36335486,0.0,0.0
2025-08-21 00:00:00+09:00,1711.0,1800.0,1584.0,1600.0,6220641,0.0,0.0
2025-08-22 00:00:00+09:00,1660.0,1697.0,1600.0,1629.0,3495977,0.0,0.0
2025-08-25 00:00:00+09:00,1619.0,1619.0,1541.0,1599.0,1487987,0.0,0.0
2025-08-26 00:00:00+09:00,1599.0,1647.0,1492.0,1515.0,1360799,0.0,0.0
2025-08-27 00:00:00+09:00,1515.0,1515.0,1449.0,1459.0,735193,0.0,0.0
2025-08-28 00:00:00+09:00,1420.0,1454.0,1382.0,1383.0,949607,0.0,0.0
2025-08-29 00:00:00+09:00,1383.0,1383.0,1323.0,1363.0,601752,0.0,0.0
2025-09-01 00:00:00+09:00,1349.0,1350.0,1300.0,1320.0,409498,0.0,0.0
2025-09-02 00:00:00+09:00,1318.0,1354.0,1310.0,1329.0,366752,0.0,0.0
2025-09-03 00:00:00+09:00,1345.0,1345.0,1289.0,1307.0,242341,0.0,0.0
2025-09-04 00:00:00+09:00,1307.0,1339.0,1293.0,1330.0,208009,0.0,0.0
2025-09-05 00:00:00+09:00,1320.0,1320.0,1143.0,1167.0,3911631,0.0,0.0
2025-09-08 00:00:00+09:00,1167.0,1173.0,1135.0,1169.0,969280,0.0,0.0
2025-09-09 00:00:00+09:00,1171.0,1208.0,1165.0,1177.0,749510,0.0,0.0
2025-09-10 00:00:00+09:00,1177.0,1234.0,1173.0,1219.0,792899,0.0,0.0
2025-09-11 00:00:00+09:00,1219.0,1253.0,1212.0,1228.0,730817,0.0,0.0
2025-09-12 00:00:00+09:00,1227.0,1241.0,1200.0,1232.0,389729,0.0,0.0
2025-09-15 00:00:00+09:00,1232.0,1237.0,1200.0,1205.0,433802,0.0,0.0
2025-09-16 00:00:00+09:00,1206.0,1235.0,1200.0,1227.0,414848,0.0,0.0
2025-09-17 00:00:00+09:00,1216.0,1290.0,1213.0,1268.0,1290266,0.0,0.0
2025-09-18 00:00:00+09:00,1285.0,1307.0,1256.0,1280.0,720976,0.0,0.0
2025-09-22 00:00:00+09:00,1300.0,1334.0,1291.0,1313.0,427055,0.0,0.0
2025-09-23 00:00:00+09:00,1327.0,1327.0,1282.0,1300.0,262541,0.0,0.0
2025-09-24 00:00:00+09:00,1300.0,1300.0,1259.0,1270.0,430736,0.0,0.0
2025-09-25 00:00:00+09:00,1270.0,1410.0,1261.0,1287.0,2400275,0.0,0.0
2025-09-26 00:00:00+09:00,1309.0,1393.0,1280.0,1293.0,3244030,0.0,0.0
2025-09-29 00:00:00+09:00,1285.0,1290.0,1250.0,1255.0,557359,0.0,0.0
2025-09-30 00:00:00+09:00,1262.0,1263.0,1216.0,1240.0,208469,0.0,0.0
2025-10-01 00:00:00+09:00,1235.0,1258.0,1198.0,1224.0,216739,0.0,0.0
2025-10-02 00:00:00+09:00,1224.0,1243.0,1181.0,1233.0,428372,0.0,0.0
2025-10-10 00:00:00+09:00,1226.0,1248.0,1184.0,1209.0,208283,0.0,0.0
2025-10-13 00:00:00+09:00,1208.0,1246.0,1176.0,1196.0,479921,0.0,0.0
2025-10-14 00:00:00+09:00,1201.0,1216.0,1163.0,1172.0,329953,0.0,0.0
2025-10-15 00:00:00+09:00,1183.0,1272.0,1183.0,1226.0,452551,0.0,0.0
2025-10-16 00:00:00+09:00,1215.0,1226.0,1172.0,1190.0,354169,0.0,0.0
2025-10-17 00:00:00+09:00,1225.0,1226.0,1145.0,1146.0,493427,0.0,0.0
2025-10-20 00:00:00+09:00,1147.0,1173.0,1130.0,1165.0,196229,0.0,0.0
2025-10-21 00:00:00+09:00,1166.0,1179.0,1145.0,1154.0,177465,0.0,0.0
2025-10-22 00:00:00+09:00,1154.0,1285.0,1123.0,1196.0,1513982,0.0,0.0
2025-10-23 00:00:00+09:00,1198.0,1316.0,1185.0,1256.0,1216622,0.0,0.0
2025-10-24 00:00:00+09:00,1256.0,1344.0,1256.0,1323.0,1067142,0.0,0.0
2025-10-27 00:00:00+09:00,1325.0,1353.0,1303.0,1309.0,428580,0.0,0.0
2025-10-28 00:00:00+09:00,1310.0,1355.0,1273.0,1310.0,929533,0.0,0.0
2025-10-29 00:00:00+09:00,1310.0,1363.0,1304.0,1344.0,486181,0.0,0.0
2025-10-30 00:00:00+09:00,1330.0,1349.0,1284.0,1284.0,369921,0.0,0.0
2025-10-31 00:00:00+09:00,1284.0,1299.0,1259.0,1264.0,143341,0.0,0.0
2025-11-03 00:00:00+09:00,1264.0,1275.0,1200.0,1220.0,298626,0.0,0.0
2025-11-04 00:00:00+09:00,1220.0,1279.0,1185.0,1204.0,290776,0.0,0.0
2025-11-05 00:00:00+09:00,1204.0,1205.0,1160.0,1186.0,241648,0.0,0.0
2025-11-06 00:00:00+09:00,1183.0,1197.0,1158.0,1165.0,157740,0.0,0.0
2025-11-07 00:00:00+09:00,1155.0,1155.0,1105.0,1109.0,334482,0.0,0.0
2025-11-10 00:00:00+09:00,1123.0,1160.0,1107.0,1160.0,158230,0.0,0.0
2025-11-11 00:00:00+09:00,1160.0,1176.0,1116.0,1125.0,192738,0.0,0.0
2025-11-12 00:00:00+09:00,1126.0,1148.0,1121.0,1146.0,54051,0.0,0.0
2025-11-13 00:00:00+09:00,1168.0,1168.0,1135.0,1143.0,90793,0.0,0.0
2025-11-14 00:00:00+09:00,1161.0,1425.0,1160.0,1193.0,11798052,0.0,0.0
2025-11-17 00:00:00+09:00,1194.0,1209.0,1162.0,1177.0,800217,0.0,0.0
2025-11-18 00:00:00+09:00,1177.0,1195.0,1137.0,1153.0,547139,0.0,0.0
2025-11-19 00:00:00+09:00,1153.0,1189.0,1141.0,1184.0,321913,0.0,0.0
2025-11-20 00:00:00+09:00,1184.0,1217.0,1180.0,1204.0,386430,0.0,0.0
2025-11-21 00:00:00+09:00,1201.0,1201.0,1170.0,1183.0,291718,0.0,0.0
2025-11-24 00:00:00+09:00,1187.0,1254.0,1180.0,1218.0,685902,0.0,0.0
2025-11-25 00:00:00+09:00,1229.0,1241.0,1153.0,1161.0,633293,0.0,0.0
2025-11-26 00:00:00+09:00,1160.0,1343.0,1157.0,1210.0,2941338,0.0,0.0
2025-11-27 00:00:00+09:00,1203.0,1235.0,1190.0,1222.0,485312,0.0,0.0
2025-11-28 00:00:00+09:00,1222.0,1250.0,1210.0,1248.0,481897,0.0,0.0
2025-12-01 00:00:00+09:00,1246.0,1272.0,1238.0,1240.0,282002,0.0,0.0
2025-12-02 00:00:00+09:00,1240.0,1300.0,1239.0,1285.0,436572,0.0,0.0
2025-12-03 00:00:00+09:00,1285.0,1289.0,1257.0,1272.0,224236,0.0,0.0
2025-12-04 00:00:00+09:00,1272.0,1272.0,1241.0,1254.0,201962,0.0,0.0
2025-12-05 00:00:00+09:00,1254.0,1278.0,1240.0,1260.0,173025,0.0,0.0
2025-12-08 00:00:00+09:00,1257.0,1289.0,1235.0,1271.0,295682,0.0,0.0
2025-12-09 00:00:00+09:00,1260.0,1261.0,1211.0,1255.0,254243,0.0,0.0
2025-12-10 00:00:00+09:00,1271.0,1295.0,1230.0,1292.0,339408,0.0,0.0
2025-12-11 00:00:00+09:00,1292.0,1383.0,1272.0,1370.0,1455342,0.0,0.0
2025-12-12 00:00:00+09:00,1390.0,1390.0,1317.0,1330.0,563136,0.0,0.0
2025-12-15 00:00:00+09:00,1330.0,1339.0,1302.0,1308.0,207228,0.0,0.0
2025-12-16 00:00:00+09:00,1308.0,1308.0,1253.0,1280.0,210221,0.0,0.0
2025-12-17 00:00:00+09:00,1280.0,1284.0,1243.0,1253.0,694595,0.0,0.0
2025-12-18 00:00:00+09:00,1247.0,1272.0,1222.0,1252.0,266700,0.0,0.0
2025-12-19 00:00:00+09:00,1252.0,1282.0,1244.0,1273.0,144395,0.0,0.0
2025-12-22 00:00:00+09:00,1285.0,1285.0,1259.0,1273.0,124169,0.0,0.0
2025-12-23 00:00:00+09:00,1262.0,1273.0,1229.0,1255.0,151518,0.0,0.0
2025-12-24 00:00:00+09:00,1255.0,1256.0,1224.0,1224.0,126868,0.0,0.0
2025-12-26 00:00:00+09:00,1223.0,1246.0,1192.0,1204.0,159156,0.0,0.0
2025-12-29 00:00:00+09:00,1206.0,1246.0,1206.0,1246.0,91047,0.0,0.0
2025-12-30 00:00:00+09:00,1246.0,1250.0,1215.0,1220.0,91266,0.0,0.0
2026-01-02 00:00:00+09:00,1220.0,1247.0,1213.0,1225.0,77516,0.0,0.0
2026-01-05 00:00:00+09:00,1225.0,1237.0,1190.0,1198.0,215309,0.0,0.0
2026-01-06 00:00:00+09:00,1198.0,1215.0,1195.0,1200.0,135713,0.0,0.0
2026-01-07 00:00:00+09:00,1201.0,1201.0,1176.0,1184.0,176684,0.0,0.0
2026-01-08 00:00:00+09:00,1184.0,1188.0,1155.0,1155.0,167533,0.0,0.0
2026-01-09 00:00:00+09:00,1178.0,1178.0,1153.0,1161.0,78107,0.0,0.0
2026-01-12 00:00:00+09:00,1161.0,1179.0,1156.0,1170.0,136363,0.0,0.0
2026-01-13 00:00:00+09:00,1171.0,1172.0,1130.0,1140.0,215660,0.0,0.0
2026-01-14 00:00:00+09:00,1141.0,1330.0,1115.0,1158.0,3525796,0.0,0.0
2026-01-15 00:00:00+09:00,1158.0,1160.0,1123.0,1134.0,373958,0.0,0.0
2026-01-16 00:00:00+09:00,1134.0,1144.0,1112.0,1121.0,260330,0.0,0.0
2026-01-19 00:00:00+09:00,1122.0,1134.0,1099.0,1117.0,278132,0.0,0.0
2026-01-20 00:00:00+09:00,1112.0,1136.0,1098.0,1116.0,194987,0.0,0.0
2026-01-21 00:00:00+09:00,1116.0,1116.0,1070.0,1085.0,290369,0.0,0.0
2026-01-22 00:00:00+09:00,1090.0,1098.0,1064.0,1081.0,175974,0.0,0.0
2026-01-23 00:00:00+09:00,1101.0,1114.0,1064.0,1113.0,152105,0.0,0.0
2026-01-26 00:00:00+09:00,1112.0,1195.0,1110.0,1139.0,168831,0.0,0.0
2026-01-27 00:00:00+09:00,1148.0,1148.0,1118.0,1132.0,100602,0.0,0.0
2026-01-28 00:00:00+09:00,1122.0,1134.0,1122.0,1132.0,81737,0.0,0.0
2026-01-29 00:00:00+09:00,1132.0,1132.0,1097.0,1114.0,259924,0.0,0.0
2026-01-30 00:00:00+09:00,1114.0,1125.0,1093.0,1105.0,180844,0.0,0.0
2026-02-02 00:00:00+09:00,1090.0,1110.0,1075.0,1080.0,217756,0.0,0.0
2026-02-03 00:00:00+09:00,1176.0,1212.0,1096.0,1141.0,1920075,0.0,0.0
2026-02-04 00:00:00+09:00,1124.0,1180.0,1121.0,1140.0,656016,0.0,0.0
2026-02-05 00:00:00+09:00,1140.0,1167.0,1111.0,1141.0,344841,0.0,0.0
2026-02-06 00:00:00+09:00,1112.0,1274.0,1080.0,1217.0,5400282,0.0,0.0
2026-02-09 00:00:00+09:00,1247.0,1325.0,1220.0,1250.0,1517419,0.0,0.0
2026-02-10 00:00:00+09:00,1250.0,1259.0,1220.0,1243.0,453277,0.0,0.0
2026-02-11 00:00:00+09:00,1248.0,1294.0,1237.0,1264.0,456848,0.0,0.0
2026-02-12 00:00:00+09:00,1264.0,1290.0,1250.0,1272.0,380558,0.0,0.0
2026-02-13 00:00:00+09:00,1271.0,1313.0,1233.0,1257.0,422528,0.0,0.0
2026-02-19 00:00:00+09:00,1257.0,1272.0,1222.0,1236.0,257762,0.0,0.0
2026-02-20 00:00:00+09:00,1232.0,1240.0,1211.0,1216.0,237475,0.0,0.0
2026-02-23 00:00:00+09:00,1216.0,1253.0,1208.0,1221.0,324749,0.0,0.0
2026-02-24 00:00:00+09:00,1214.0,1238.0,1210.0,1221.0,282657,0.0,0.0
2026-02-25 00:00:00+09:00,1222.0,1320.0,1209.0,1223.0,992380,0.0,0.0
2026-02-26 00:00:00+09:00,1222.0,1313.0,1221.0,1232.0,800908,0.0,0.0
2026-02-27 00:00:00+09:00,1232.0,1243.0,1196.0,1224.0,458118,0.0,0.0
2026-03-03 00:00:00+09:00,1220.0,1341.0,1202.0,1301.0,2707482,0.0,0.0
2026-03-04 00:00:00+09:00,1280.0,1342.0,1130.0,1177.0,3340687,0.0,0.0
2026-03-05 00:00:00+09:00,1186.0,1249.0,1182.0,1222.0,795794,0.0,0.0
2026-03-06 00:00:00+09:00,1246.0,1273.0,1232.0,1265.0,709072,0.0,0.0
2026-03-09 00:00:00+09:00,1382.0,1618.0,1320.0,1369.0,26177638,0.0,0.0
2026-03-10 00:00:00+09:00,1301.0,1354.0,1260.0,1276.0,2208266,0.0,0.0
2026-03-11 00:00:00+09:00,1274.0,1296.0,1220.0,1253.0,1664274,0.0,0.0
2026-03-12 00:00:00+09:00,1270.0,1283.0,1213.0,1227.0,1153145,0.0,0.0
2026-03-13 00:00:00+09:00,1270.0,1439.0,1260.0,1276.0,8033465,0.0,0.0
2026-03-16 00:00:00+09:00,1301.0,1400.0,1289.0,1362.0,2923916,0.0,0.0
2026-03-17 00:00:00+09:00,1353.0,1353.0,1285.0,1308.0,1481524,0.0,0.0
2026-03-18 00:00:00+09:00,1308.0,1310.0,1263.0,1271.0,611421,0.0,0.0
2026-03-19 00:00:00+09:00,1342.0,1354.0,1297.0,1325.0,1235389,0.0,0.0
2026-03-20 00:00:00+09:00,1326.0,1398.0,1316.0,1363.0,998500,0.0,0.0
2026-03-23 00:00:00+09:00,1410.0,1415.0,1286.0,1355.0,1304502,0.0,0.0
2026-03-24 00:00:00+09:00,1301.0,1354.0,1287.0,1294.0,711702,0.0,0.0
2026-03-25 00:00:00+09:00,1295.0,1326.0,1283.0,1326.0,452164,0.0,0.0
2026-03-26 00:00:00+09:00,1361.0,1385.0,1316.0,1364.0,687428,0.0,0.0
2026-03-27 00:00:00+09:00,1372.0,1420.0,1330.0,1353.0,658335,0.0,0.0
2026-03-30 00:00:00+09:00,1375.0,1402.0,1318.0,1330.0,1154886,0.0,0.0
2026-03-31 00:00:00+09:00,1330.0,1332.0,1269.0,1276.0,609693,0.0,0.0
2026-04-01 00:00:00+09:00,1278.0,1306.0,1240.0,1305.0,347640,0.0,0.0
2026-04-02 00:00:00+09:00,1306.0,1330.0,1273.0,1275.0,401301,0.0,0.0
2026-04-03 00:00:00+09:00,1278.0,1380.0,1275.0,1357.0,1091713,0.0,0.0
2026-04-06 00:00:00+09:00,1372.0,1485.0,1358.0,1450.0,3304090,0.0,0.0
2026-04-07 00:00:00+09:00,1430.0,1433.0,1360.0,1398.0,1169516,0.0,0.0
2026-04-08 00:00:00+09:00,1350.0,1380.0,1305.0,1329.0,1667763,0.0,0.0
2026-04-09 00:00:00+09:00,1330.0,1420.0,1325.0,1380.0,1206170,0.0,0.0
2026-04-10 00:00:00+09:00,1383.0,1429.0,1369.0,1416.0,1304545,0.0,0.0
2026-04-13 00:00:00+09:00,1429.0,1605.0,1391.0,1439.0,7461762,0.0,0.0
2026-04-14 00:00:00+09:00,1449.0,1455.0,1392.0,1399.0,1470030,0.0,0.0
2026-04-15 00:00:00+09:00,1405.0,1405.0,1358.0,1377.0,672449,0.0,0.0
2026-04-16 00:00:00+09:00,1378.0,1398.0,1361.0,1380.0,658567,0.0,0.0
2026-04-17 00:00:00+09:00,1386.0,1402.0,1368.0,1388.0,527051,0.0,0.0
2026-04-20 00:00:00+09:00,1410.0,1429.0,1391.0,1415.0,647796,0.0,0.0
2026-04-21 00:00:00+09:00,1429.0,1429.0,1350.0,1369.0,741923,0.0,0.0
2026-04-22 00:00:00+09:00,1357.0,1400.0,1357.0,1382.0,493927,0.0,0.0
2026-04-23 00:00:00+09:00,1405.0,1406.0,1352.0,1356.0,417037,0.0,0.0
2026-04-24 00:00:00+09:00,1356.0,1375.0,1321.0,1321.0,564549,0.0,0.0
2026-04-27 00:00:00+09:00,1320.0,1351.0,1303.0,1351.0,454350,0.0,0.0
2026-04-28 00:00:00+09:00,1358.0,1358.0,1290.0,1322.0,391934,0.0,0.0
2026-04-29 00:00:00+09:00,1319.0,1325.0,1305.0,1305.0,245156,0.0,0.0
2026-04-30 00:00:00+09:00,1306.0,1422.0,1301.0,1382.0,2093472,0.0,0.0
2026-05-04 00:00:00+09:00,1382.0,1410.0,1351.0,1357.0,677442,0.0,0.0
2026-05-06 00:00:00+09:00,1390.0,1390.0,1275.0,1282.0,900678,0.0,0.0
2026-05-07 00:00:00+09:00,1278.0,1282.0,1237.0,1278.0,580626,0.0,0.0
2026-05-08 00:00:00+09:00,1266.0,1269.0,1241.0,1249.0,360822,0.0,0.0
2026-05-11 00:00:00+09:00,1237.0,1250.0,1187.0,1200.0,668263,0.0,0.0
2026-05-12 00:00:00+09:00,1200.0,1219.0,1160.0,1185.0,442411,0.0,0.0
2026-05-13 00:00:00+09:00,1195.0,1232.0,1171.0,1186.0,294030,0.0,0.0
2026-05-14 00:00:00+09:00,1186.0,1225.0,1176.0,1197.0,350450,0.0,0.0
2026-05-15 00:00:00+09:00,1197.0,1197.0,1133.0,1133.0,423687,0.0,0.0
2026-05-18 00:00:00+09:00,1134.0,1165.0,1110.0,1128.0,273442,0.0,0.0
2026-05-19 00:00:00+09:00,1128.0,1131.0,1109.0,1114.0,218158,0.0,0.0
2026-05-20 00:00:00+09:00,1115.0,1123.0,1082.0,1093.0,273161,0.0,0.0
2026-05-21 00:00:00+09:00,1095.0,1143.0,1046.0,1093.0,299078,0.0,0.0
2026-05-22 00:00:00+09:00,1100.0,1120.0,1100.0,1116.0,160798,0.0,0.0
2026-05-26 00:00:00+09:00,1117.0,1154.0,1100.0,1103.0,304086,0.0,0.0
2026-05-27 00:00:00+09:00,1103.0,1127.0,1035.0,1047.0,401855,0.0,0.0
2026-05-28 00:00:00+09:00,1047.0,1100.0,1032.0,1065.0,225927,0.0,0.0
2026-05-29 00:00:00+09:00,1066.0,1069.0,960.0,964.0,755272,0.0,0.0
2026-06-01 00:00:00+09:00,977.0,977.0,893.0,911.0,494476,0.0,0.0
2026-06-02 00:00:00+09:00,911.0,921.0,873.0,912.0,344906,0.0,0.0
2026-06-04 00:00:00+09:00,920.0,980.0,910.0,961.0,239232,0.0,0.0
2026-06-05 00:00:00+09:00,961.0,990.0,943.0,976.0,228462,0.0,0.0
2026-06-08 00:00:00+09:00,976.0,978.0,891.0,913.0,173852,0.0,0.0
2026-06-09 00:00:00+09:00,905.0,978.0,899.0,962.0,172905,0.0,0.0
2026-06-10 00:00:00+09:00,918.0,962.0,917.0,936.0,159051,0.0,0.0
2026-06-11 00:00:00+09:00,963.0,981.0,935.0,969.0,208355,0.0,0.0
2026-06-12 00:00:00+09:00,976.0,994.0,957.0,988.0,126166,0.0,0.0
2026-06-15 00:00:00+09:00,962.0,1003.0,960.0,995.0,157931,0.0,0.0
2026-06-16 00:00:00+09:00,995.0,1039.0,989.0,1013.0,184306,0.0,0.0
2026-06-17 00:00:00+09:00,1019.0,1039.0,993.0,1025.0,101509,0.0,0.0
2026-06-18 00:00:00+09:00,1025.0,1049.0,990.0,994.0,153540,0.0,0.0
2026-06-19 00:00:00+09:00,994.0,1012.0,951.0,967.0,159141,0.0,0.0
2026-06-22 00:00:00+09:00,993.0,1001.0,954.0,977.0,108667,0.0,0.0
2026-06-23 00:00:00+09:00,951.0,1004.0,890.0,890.0,170446,0.0,0.0
2026-06-24 00:00:00+09:00,866.0,950.0,866.0,919.0,193598,0.0,0.0
2026-06-25 00:00:00+09:00,919.0,947.0,899.0,918.0,82458,0.0,0.0
2026-06-26 00:00:00+09:00,905.0,917.0,866.0,900.0,157834,0.0,0.0
2026-06-29 00:00:00+09:00,900.0,919.0,866.0,869.0,175452,0.0,0.0
2026-06-30 00:00:00+09:00,863.0,909.0,767.0,784.0,581673,0.0,0.0
2026-07-01 00:00:00+09:00,786.0,838.0,786.0,837.0,175765,0.0,0.0
2026-07-02 00:00:00+09:00,797.0,850.0,796.0,809.0,161587,0.0,0.0
2026-07-03 00:00:00+09:00,810.0,830.0,777.0,807.0,93734,0.0,0.0
2026-07-06 00:00:00+09:00,807.0,832.0,784.0,796.0,145970,0.0,0.0
2026-07-07 00:00:00+09:00,789.0,794.0,739.0,791.0,113982,0.0,0.0
2026-07-08 00:00:00+09:00,790.0,805.0,719.0,787.0,167303,0.0,0.0
2026-07-09 00:00:00+09:00,781.0,790.0,746.0,754.0,70439,0.0,0.0
2026-07-10 00:00:00+09:00,755.0,796.0,755.0,795.0,110417,0.0,0.0
2026-07-13 00:00:00+09:00,780.0,856.0,760.0,760.0,166800,0.0,0.0
2026-07-14 00:00:00+09:00,761.0,936.0,758.0,765.0,1303368,0.0,0.0
2026-07-15 00:00:00+09:00,749.0,784.0,749.0,773.0,193075,0.0,0.0
2026-07-16 00:00:00+09:00,771.0,803.0,761.0,791.0,167197,0.0,0.0
2026-07-20 00:00:00+09:00,791.0,894.0,765.0,831.0,1079217,0.0,0.0
2026-07-21 00:00:00+09:00,847.0,847.0,780.0,803.0,292490,0.0,0.0
2026-07-22 00:00:00+09:00,800.0,832.0,765.0,793.0,203122,0.0,0.0
2026-07-23 00:00:00+09:00,815.0,815.0,772.0,813.0,119178,0.0,0.0
2026-07-24 00:00:00+09:00,812.0,879.0,790.0,804.0,344613,0.0,0.0
2026-07-27 00:00:00+09:00,810.0,820.0,772.0,776.0,101710,0.0,0.0
2026-07-28 00:00:00+09:00,780.0,798.0,705.0,759.0,162349,0.0,0.0
2026-07-29 00:00:00+09:00,759.0,795.0,719.0,767.0,95780,0.0,0.0
2026-07-30 00:00:00+09:00,736.0,880.0,736.0,878.0,708738,0.0,0.0
2026-07-31 00:00:00+09:00,878.0,894.0,822.0,881.0,338823,0.0,0.0
2026-08-03 00:00:00+09:00,876.0,895.0,835.0,856.0,135088,0.0,0.0
2026-08-04 00:00:00+09:00,838.0,935.0,838.0,903.0,243293,0.0,0.0
2026-08-05 00:00:00+09:00,950.0,966.0,900.0,954.0,280585,0.0,0.0
2026-08-06 00:00:00+09:00,965.0,1030.0,914.0,1028.0,373823,0.0,0.0
2026-08-07 00:00:00+09:00,1028.0,1040.0,950.0,962.0,202689,0.0,0.0
