Date,Open,High,Low,Close,Volume,Dividends,Stock Splits
2001-01-30 00:00:00-05:00,18.125,18.1875,16.25,16.875,812300,0.0,0.0
2001-01-31 00:00:00-05:00,17.125,17.1875,13.4375,13.5,1212700,0.0,0.0
2001-02-01 00:00:00-05:00,13.125,14.375,13.0,14.1875,669100,0.0,0.0
2001-02-02 00:00:00-05:00,14.0,14.5625,13.75,14.125,775000,0.0,0.0
2001-02-05 00:00:00-05:00,14.4375,14.5,13.875,14.125,489400,0.0,0.0
2001-02-06 00:00:00-05:00,14.015625,14.0625,13.875,14.0,737900,0.0,0.0
2001-02-07 00:00:00-05:00,14.0,14.0625,13.0,13.0625,1361000,0.0,0.0
2001-02-08 00:00:00-05:00,13.125,13.1875,13.0,13.0625,712000,0.0,0.0
2001-02-09 00:00:00-05:00,13.046875,13.0625,11.875,12.0,1100800,0.0,0.0
2001-02-12 00:00:00-05:00,12.046875,12.125,10.9375,11.0625,552000,0.0,0.0
2001-02-13 00:00:00-05:00,11.0,11.5625,11.0,11.4375,304300,0.0,0.0
2001-02-14 00:00:00-05:00,11.421875,11.75,11.0,11.625,136900,0.0,0.0
2001-02-15 00:00:00-05:00,12.0625,13.0,12.046875,12.8125,1568600,0.0,0.0
2001-02-16 00:00:00-05:00,12.84375,13.0625,12.5,13.0625,161500,0.0,0.0
2001-02-20 00:00:00-05:00,13.625,13.6875,12.625,12.75,411200,0.0,0.0
2001-02-21 00:00:00-05:00,12.59375,13.125,12.25,12.3125,219000,0.0,0.0
2001-02-22 00:00:00-05:00,12.0,12.5,11.5,12.109375,712500,0.0,0.0
2001-02-23 00:00:00-05:00,12.125,12.25,10.625,11.0625,217800,0.0,0.0
2001-02-26 00:00:00-05:00,10.65625,11.375,8.75,9.0,839200,0.0,0.0
2001-02-27 00:00:00-05:00,9.40625,9.5,7.125,7.5625,865200,0.0,0.0
2001-02-28 00:00:00-05:00,8.09375,8.125,7.375,7.5,503600,0.0,0.0
2001-03-01 00:00:00-05:00,7.484375,7.625,7.3125,7.5625,464200,0.0,0.0
2001-03-02 00:00:00-05:00,7.5625,7.625,7.3125,7.5,277800,0.0,0.0
2001-03-05 00:00:00-05:00,7.59375,7.625,6.125,6.6875,697900,0.0,0.0
2001-03-06 00:00:00-05:00,6.515625,7.625,6.5,7.5,1922300,0.0,0.0
2001-03-07 00:00:00-05:00,7.96875,8.0,7.4375,7.8125,321800,0.0,0.0
2001-03-08 00:00:00-05:00,7.8125,8.5,7.625,8.46875,242900,0.0,0.0
2001-03-09 00:00:00-05:00,8.5625,8.625,8.0,8.125,165700,0.0,0.0
2001-03-12 00:00:00-05:00,8.375,8.625,7.9375,8.5,276100,0.0,0.0
2001-03-13 00:00:00-05:00,8.5,9.9375,8.4375,9.5,128100,0.0,0.0
2001-03-14 00:00:00-05:00,9.75,10.484375,9.125,10.25,215200,0.0,0.0
2001-03-15 00:00:00-05:00,10.4375,10.5,9.4375,9.4375,224600,0.0,0.0
2001-03-16 00:00:00-05:00,9.4375,9.75,8.0,8.25,580300,0.0,0.0
2001-03-19 00:00:00-05:00,8.5,9.46875,8.25,8.875,161300,0.0,0.0
2001-03-20 00:00:00-05:00,8.6875,8.9375,8.1875,8.1875,138100,0.0,0.0
2001-03-21 00:00:00-05:00,8.484375,8.5,8.0,8.1875,139400,0.0,0.0
2001-03-22 00:00:00-05:00,8.046875,8.0625,7.625,7.75,129200,0.0,0.0
2001-03-23 00:00:00-05:00,7.96875,8.0,7.75,7.8125,58900,0.0,0.0
2001-03-26 00:00:00-05:00,8.0,8.25,7.25,7.5,104300,0.0,0.0
2001-03-27 00:00:00-05:00,7.25,7.5625,7.25,7.40625,35700,0.0,0.0
2001-03-28 00:00:00-05:00,7.53125,8.09375,7.25,7.5625,187200,0.0,0.0
2001-03-29 00:00:00-05:00,7.625,7.875,6.8125,7.25,246400,0.0,0.0
2001-03-30 00:00:00-05:00,7.46875,7.625,7.1875,7.25,527400,0.0,0.0
2001-04-02 00:00:00-04:00,7.296875,7.8125,7.1875,7.25,513800,0.0,0.0
2001-04-03 00:00:00-04:00,7.25,7.25,6.25,6.6875,129700,0.0,0.0
2001-04-04 00:00:00-04:00,6.515625,6.78125,6.5,6.5625,55600,0.0,0.0
2001-04-05 00:00:00-04:00,6.71875,6.875,6.5,6.5625,75800,0.0,0.0
2001-04-06 00:00:00-04:00,6.734375,7.21875,6.5,6.625,44800,0.0,0.0
2001-04-09 00:00:00-04:00,6.809999942779541,6.989999771118164,6.5,6.550000190734863,49100,0.0,0.0
2001-04-10 00:00:00-04:00,6.75,7.269999980926514,6.75,7.150000095367432,115800,0.0,0.0
2001-04-11 00:00:00-04:00,7.28000020980835,7.75,6.519999980926514,6.599999904632568,95300,0.0,0.0
2001-04-12 00:00:00-04:00,6.659999847412109,6.980000019073486,5.75,6.0,144100,0.0,0.0
2001-04-16 00:00:00-04:00,6.75,6.75,5.349999904632568,5.449999809265137,93400,0.0,0.0
2001-04-17 00:00:00-04:00,5.5,5.889999866485596,5.5,5.800000190734863,32900,0.0,0.0
2001-04-18 00:00:00-04:00,5.989999771118164,7.699999809265137,5.650000095367432,7.28000020980835,157400,0.0,0.0
2001-04-19 00:00:00-04:00,7.739999771118164,7.75,6.75,7.150000095367432,94100,0.0,0.0
2001-04-20 00:00:00-04:00,7.099999904632568,7.099999904632568,6.0,6.150000095367432,73300,0.0,0.0
2001-04-23 00:00:00-04:00,6.099999904632568,7.150000095367432,6.050000190734863,6.650000095367432,97100,0.0,0.0
2001-04-24 00:00:00-04:00,6.5,8.5,6.25,8.329999923706055,180800,0.0,0.0
2001-04-25 00:00:00-04:00,8.319999694824219,8.329999923706055,7.550000190734863,8.0,220400,0.0,0.0
2001-04-26 00:00:00-04:00,7.900000095367432,9.199999809265137,7.800000190734863,8.800000190734863,395900,0.0,0.0
2001-04-27 00:00:00-04:00,9.130000114440918,9.149999618530273,8.399999618530273,8.75,260500,0.0,0.0
2001-04-30 00:00:00-04:00,8.680000305175781,9.399999618530273,8.520000457763672,8.75,325800,0.0,0.0
2001-05-01 00:00:00-04:00,9.0,9.050000190734863,8.25,8.5,344800,0.0,0.0
2001-05-02 00:00:00-04:00,8.5,9.0,8.399999618530273,8.75,195500,0.0,0.0
2001-05-03 00:00:00-04:00,8.890000343322754,8.899999618530273,8.119999885559082,8.699999809265137,163200,0.0,0.0
2001-05-04 00:00:00-04:00,8.789999961853027,8.789999961853027,7.900000095367432,8.600000381469727,163700,0.0,0.0
2001-05-07 00:00:00-04:00,8.109999656677246,8.800000190734863,8.0,8.800000190734863,243000,0.0,0.0
2001-05-08 00:00:00-04:00,8.770000457763672,9.699999809265137,8.329999923706055,9.5,1355500,0.0,0.0
2001-05-09 00:00:00-04:00,9.600000381469727,9.600000381469727,9.0,9.149999618530273,376300,0.0,0.0
2001-05-10 00:00:00-04:00,9.050000190734863,9.270000457763672,8.399999618530273,8.890000343322754,399000,0.0,0.0
2001-05-11 00:00:00-04:00,8.989999771118164,9.100000381469727,8.300000190734863,8.800000190734863,185800,0.0,0.0
2001-05-14 00:00:00-04:00,8.649999618530273,9.199999809265137,8.550000190734863,9.199999809265137,251100,0.0,0.0
2001-05-15 00:00:00-04:00,9.25,10.199999809265137,9.199999809265137,9.800000190734863,556100,0.0,0.0
2001-05-16 00:00:00-04:00,9.899999618530273,10.199999809265137,9.510000228881836,10.130000114440918,439800,0.0,0.0
2001-05-17 00:00:00-04:00,10.130000114440918,12.449999809265137,10.130000114440918,10.960000038146973,936200,0.0,0.0
2001-05-18 00:00:00-04:00,11.25,11.34000015258789,10.949999809265137,11.050000190734863,116300,0.0,0.0
2001-05-21 00:00:00-04:00,11.449999809265137,12.100000381469727,11.300000190734863,11.949999809265137,280900,0.0,0.0
2001-05-22 00:00:00-04:00,12.050000190734863,12.069999694824219,11.3100004196167,12.069999694824219,298400,0.0,0.0
2001-05-23 00:00:00-04:00,11.930000305175781,12.050000190734863,11.220000267028809,12.010000228881836,171900,0.0,0.0
2001-05-24 00:00:00-04:00,11.949999809265137,12.050000190734863,11.5600004196167,11.5600004196167,128900,0.0,0.0
2001-05-25 00:00:00-04:00,11.949999809265137,11.949999809265137,10.0,10.149999618530273,315400,0.0,0.0
2001-05-29 00:00:00-04:00,10.5600004196167,10.5600004196167,9.699999809265137,9.949999809265137,199600,0.0,0.0
2001-05-30 00:00:00-04:00,9.680000305175781,9.8100004196167,9.0,9.25,362300,0.0,0.0
2001-05-31 00:00:00-04:00,9.300000190734863,10.149999618530273,9.300000190734863,10.0,474000,0.0,0.0
2001-06-01 00:00:00-04:00,10.0,10.149999618530273,10.0,10.050000190734863,50700,0.0,0.0
2001-06-04 00:00:00-04:00,10.069999694824219,10.220000267028809,9.949999809265137,10.149999618530273,175600,0.0,0.0
2001-06-05 00:00:00-04:00,10.220000267028809,10.529999732971191,10.170000076293945,10.25,90600,0.0,0.0
2001-06-06 00:00:00-04:00,10.25,10.479999542236328,9.800000190734863,9.899999618530273,123400,0.0,0.0
2001-06-07 00:00:00-04:00,10.119999885559082,10.119999885559082,9.300000190734863,9.550000190734863,320000,0.0,0.0
2001-06-08 00:00:00-04:00,9.449999809265137,9.470000267028809,9.0,9.300000190734863,48500,0.0,0.0
2001-06-11 00:00:00-04:00,9.34000015258789,9.34000015258789,9.149999618530273,9.260000228881836,818800,0.0,0.0
2001-06-12 00:00:00-04:00,9.15999984741211,9.15999984741211,8.859999656677246,8.880000114440918,86400,0.0,0.0
2001-06-13 00:00:00-04:00,8.880000114440918,9.069999694824219,8.880000114440918,9.0,470800,0.0,0.0
2001-06-14 00:00:00-04:00,8.880000114440918,9.039999961853027,8.880000114440918,8.989999771118164,87400,0.0,0.0
2001-06-15 00:00:00-04:00,9.09000015258789,9.100000381469727,8.899999618530273,8.899999618530273,78200,0.0,0.0
2001-06-18 00:00:00-04:00,9.100000381469727,9.130000114440918,8.899999618530273,9.020000457763672,112000,0.0,0.0
2001-06-19 00:00:00-04:00,8.949999809265137,9.100000381469727,8.529999732971191,8.529999732971191,323600,0.0,0.0
2001-06-20 00:00:00-04:00,8.3100004196167,8.6899995803833,8.25,8.430000305175781,285800,0.0,0.0
2001-06-21 00:00:00-04:00,8.479999542236328,8.5,8.199999809265137,8.260000228881836,177600,0.0,0.0
2001-06-22 00:00:00-04:00,8.100000381469727,8.15999984741211,7.599999904632568,7.820000171661377,665500,0.0,0.0
2001-06-25 00:00:00-04:00,7.889999866485596,7.900000095367432,7.650000095367432,7.699999809265137,165900,0.0,0.0
2001-06-26 00:00:00-04:00,7.860000133514404,8.640000343322754,7.800000190734863,8.489999771118164,170200,0.0,0.0
2001-06-27 00:00:00-04:00,8.899999618530273,8.899999618530273,7.849999904632568,7.960000038146973,131600,0.0,0.0
2001-06-28 00:00:00-04:00,7.989999771118164,8.3100004196167,7.849999904632568,8.0,159200,0.0,0.0
2001-06-29 00:00:00-04:00,7.900000095367432,8.260000228881836,7.840000152587891,7.840000152587891,990300,0.0,0.0
2001-07-02 00:00:00-04:00,8.020000457763672,8.100000381469727,7.849999904632568,8.0,219000,0.0,0.0
2001-07-03 00:00:00-04:00,8.0,8.100000381469727,7.929999828338623,7.989999771118164,258200,0.0,0.0
2001-07-05 00:00:00-04:00,8.09000015258789,8.100000381469727,7.949999809265137,7.949999809265137,34000,0.0,0.0
2001-07-06 00:00:00-04:00,8.0,8.010000228881836,7.849999904632568,7.889999866485596,287900,0.0,0.0
2001-07-09 00:00:00-04:00,7.880000114440918,7.980000019073486,7.699999809265137,7.78000020980835,399000,0.0,0.0
2001-07-10 00:00:00-04:00,7.920000076293945,7.949999809265137,7.75,7.900000095367432,127500,0.0,0.0
2001-07-11 00:00:00-04:00,7.909999847412109,7.909999847412109,7.75,7.800000190734863,126500,0.0,0.0
2001-07-12 00:00:00-04:00,8.0,8.0,7.599999904632568,7.619999885559082,210000,0.0,0.0
2001-07-13 00:00:00-04:00,7.619999885559082,7.739999771118164,7.5,7.5,632300,0.0,0.0
2001-07-16 00:00:00-04:00,7.510000228881836,7.75,7.400000095367432,7.599999904632568,259400,0.0,0.0
2001-07-17 00:00:00-04:00,7.75,7.800000190734863,7.400000095367432,7.670000076293945,255800,0.0,0.0
2001-07-18 00:00:00-04:00,7.590000152587891,7.75,7.400000095367432,7.650000095367432,172000,0.0,0.0
2001-07-19 00:00:00-04:00,7.75,7.75,7.579999923706055,7.590000152587891,268300,0.0,0.0
2001-07-20 00:00:00-04:00,7.570000171661377,7.679999828338623,7.320000171661377,7.380000114440918,113500,0.0,0.0
2001-07-23 00:00:00-04:00,7.400000095367432,7.570000171661377,7.389999866485596,7.400000095367432,112600,0.0,0.0
2001-07-24 00:00:00-04:00,7.5,7.539999961853027,7.389999866485596,7.389999866485596,56100,0.0,0.0
2001-07-25 00:00:00-04:00,7.550000190734863,7.550000190734863,6.5,7.019999980926514,985100,0.0,0.0
2001-07-26 00:00:00-04:00,7.139999866485596,7.199999809265137,7.0,7.190000057220459,1335600,0.0,0.0
2001-07-27 00:00:00-04:00,7.610000133514404,7.730000019073486,7.5,7.599999904632568,205800,0.0,0.0
2001-07-30 00:00:00-04:00,7.75,7.75,6.75,7.340000152587891,383000,0.0,0.0
2001-07-31 00:00:00-04:00,7.090000152587891,7.650000095367432,7.090000152587891,7.460000038146973,188200,0.0,0.0
2001-08-01 00:00:00-04:00,7.5,7.599999904632568,7.300000190734863,7.5,300500,0.0,0.0
2001-08-02 00:00:00-04:00,7.599999904632568,7.599999904632568,7.409999847412109,7.449999809265137,102800,0.0,0.0
2001-08-03 00:00:00-04:00,7.449999809265137,7.730000019073486,7.449999809265137,7.5,112300,0.0,0.0
2001-08-06 00:00:00-04:00,7.730000019073486,7.730000019073486,7.400000095367432,7.690000057220459,129600,0.0,0.0
2001-08-07 00:00:00-04:00,7.690000057220459,7.889999866485596,7.599999904632568,7.800000190734863,108700,0.0,0.0
2001-08-08 00:00:00-04:00,7.800000190734863,7.800000190734863,7.449999809265137,7.449999809265137,143900,0.0,0.0
2001-08-09 00:00:00-04:00,7.599999904632568,7.849999904632568,7.449999809265137,7.559999942779541,54900,0.0,0.0
2001-08-10 00:00:00-04:00,7.510000228881836,7.860000133514404,7.5,7.550000190734863,192700,0.0,0.0
2001-08-13 00:00:00-04:00,7.900000095367432,7.900000095367432,7.550000190734863,7.650000095367432,90700,0.0,0.0
2001-08-14 00:00:00-04:00,7.860000133514404,8.25,7.610000133514404,7.889999866485596,272600,0.0,0.0
2001-08-15 00:00:00-04:00,7.900000095367432,8.09000015258789,7.599999904632568,7.699999809265137,271200,0.0,0.0
2001-08-16 00:00:00-04:00,7.699999809265137,7.710000038146973,7.389999866485596,7.5,289200,0.0,0.0
2001-08-17 00:00:00-04:00,7.480000019073486,7.670000076293945,7.360000133514404,7.369999885559082,216100,0.0,0.0
2001-08-20 00:00:00-04:00,7.449999809265137,7.449999809265137,7.0,7.050000190734863,140600,0.0,0.0
2001-08-21 00:00:00-04:00,7.199999809265137,7.199999809265137,6.949999809265137,6.949999809265137,41000,0.0,0.0
2001-08-22 00:00:00-04:00,7.139999866485596,7.199999809265137,7.0,7.099999904632568,583300,0.0,0.0
2001-08-23 00:00:00-04:00,7.050000190734863,7.139999866485596,6.840000152587891,6.909999847412109,68900,0.0,0.0
2001-08-24 00:00:00-04:00,6.900000095367432,7.070000171661377,6.800000190734863,6.960000038146973,257100,0.0,0.0
2001-08-27 00:00:00-04:00,6.900000095367432,7.0,6.900000095367432,7.0,57000,0.0,0.0
2001-08-28 00:00:00-04:00,6.900000095367432,6.960000038146973,6.800000190734863,6.809999942779541,160100,0.0,0.0
2001-08-29 00:00:00-04:00,6.889999866485596,6.889999866485596,6.619999885559082,6.679999828338623,292700,0.0,0.0
2001-08-30 00:00:00-04:00,6.690000057220459,6.75,6.480000019073486,6.599999904632568,770700,0.0,0.0
2001-08-31 00:00:00-04:00,6.590000152587891,6.739999771118164,6.550000190734863,6.599999904632568,69700,0.0,0.0
2001-09-04 00:00:00-04:00,6.730000019073486,7.25,6.519999980926514,6.869999885559082,143100,0.0,0.0
2001-09-05 00:00:00-04:00,6.800000190734863,7.050000190734863,6.789999961853027,7.0,189400,0.0,0.0
2001-09-06 00:00:00-04:00,7.0,7.0,6.610000133514404,6.630000114440918,151400,0.0,0.0
2001-09-07 00:00:00-04:00,6.599999904632568,6.699999809265137,6.480000019073486,6.650000095367432,363400,0.0,0.0
2001-09-10 00:00:00-04:00,6.699999809265137,6.699999809265137,6.449999809265137,6.5,82000,0.0,0.0
2001-09-17 00:00:00-04:00,3.990000009536743,5.820000171661377,3.990000009536743,5.550000190734863,490300,0.0,0.0
2001-09-18 00:00:00-04:00,5.679999828338623,5.739999771118164,4.449999809265137,5.050000190734863,606200,0.0,0.0
2001-09-19 00:00:00-04:00,4.860000133514404,4.900000095367432,3.299999952316284,4.480000019073486,892600,0.0,0.0
2001-09-20 00:00:00-04:00,4.0,4.5,3.75,3.8499999046325684,758900,0.0,0.0
2001-09-21 00:00:00-04:00,3.509999990463257,3.9200000762939453,3.450000047683716,3.700000047683716,402600,0.0,0.0
2001-09-24 00:00:00-04:00,4.150000095367432,4.150000095367432,3.25,3.4000000953674316,563000,0.0,0.0
2001-09-25 00:00:00-04:00,3.0999999046325684,3.5399999618530273,2.940000057220459,3.069999933242798,497200,0.0,0.0
2001-09-26 00:00:00-04:00,3.0,3.4800000190734863,2.4000000953674316,2.700000047683716,576200,0.0,0.0
2001-09-27 00:00:00-04:00,2.680000066757202,2.690000057220459,2.450000047683716,2.5299999713897705,257600,0.0,0.0
2001-09-28 00:00:00-04:00,2.6600000858306885,2.799999952316284,2.180000066757202,2.180000066757202,1098100,0.0,0.0
2001-10-01 00:00:00-04:00,2.430000066757202,3.130000114440918,2.140000104904175,2.869999885559082,884500,0.0,0.0
2001-10-02 00:00:00-04:00,3.259999990463257,3.799999952316284,3.25,3.3499999046325684,695600,0.0,0.0
2001-10-03 00:00:00-04:00,3.5399999618530273,3.5399999618530273,3.1500000953674316,3.390000104904175,582400,0.0,0.0
2001-10-04 00:00:00-04:00,3.4100000858306885,3.4800000190734863,3.1700000762939453,3.200000047683716,526300,0.0,0.0
2001-10-05 00:00:00-04:00,3.3299999237060547,3.3399999141693115,3.0,3.009999990463257,480600,0.0,0.0
2001-10-08 00:00:00-04:00,3.490000009536743,3.5,2.9800000190734863,3.0299999713897705,202100,0.0,0.0
2001-10-09 00:00:00-04:00,3.049999952316284,3.0899999141693115,2.930000066757202,2.990000009536743,160400,0.0,0.0
2001-10-10 00:00:00-04:00,3.4000000953674316,3.509999990463257,3.049999952316284,3.200000047683716,275800,0.0,0.0
2001-10-11 00:00:00-04:00,3.2200000286102295,4.050000190734863,3.2100000381469727,3.869999885559082,291100,0.0,0.0
2001-10-12 00:00:00-04:00,3.869999885559082,4.150000095367432,3.75,4.050000190734863,142000,0.0,0.0
2001-10-15 00:00:00-04:00,4.159999847412109,4.159999847412109,3.8499999046325684,3.950000047683716,147100,0.0,0.0
2001-10-16 00:00:00-04:00,4.090000152587891,4.199999809265137,4.0,4.179999828338623,182900,0.0,0.0
2001-10-17 00:00:00-04:00,4.199999809265137,4.449999809265137,3.799999952316284,3.9700000286102295,188700,0.0,0.0
2001-10-18 00:00:00-04:00,3.8499999046325684,4.25,3.740000009536743,3.930000066757202,99000,0.0,0.0
2001-10-19 00:00:00-04:00,3.9100000858306885,4.78000020980835,3.9100000858306885,4.550000190734863,124000,0.0,0.0
2001-10-22 00:00:00-04:00,4.789999961853027,5.789999961853027,4.789999961853027,5.590000152587891,610400,0.0,0.0
2001-10-23 00:00:00-04:00,5.489999771118164,5.650000095367432,4.650000095367432,4.849999904632568,998500,0.0,0.0
2001-10-24 00:00:00-04:00,4.789999961853027,4.900000095367432,4.590000152587891,4.650000095367432,302200,0.0,0.0
2001-10-25 00:00:00-04:00,4.599999904632568,4.619999885559082,4.039999961853027,4.059999942779541,233300,0.0,0.0
2001-10-26 00:00:00-04:00,4.199999809265137,4.489999771118164,4.0,4.25,116700,0.0,0.0
2001-10-29 00:00:00-05:00,4.329999923706055,4.349999904632568,4.159999847412109,4.210000038146973,55700,0.0,0.0
2001-10-30 00:00:00-05:00,4.159999847412109,4.440000057220459,4.150000095367432,4.179999828338623,82200,0.0,0.0
2001-10-31 00:00:00-05:00,4.429999828338623,4.699999809265137,4.360000133514404,4.360000133514404,57700,0.0,0.0
2001-11-01 00:00:00-05:00,4.349999904632568,4.599999904632568,4.199999809265137,4.590000152587891,158700,0.0,0.0
2001-11-02 00:00:00-05:00,4.409999847412109,5.300000190734863,4.409999847412109,4.989999771118164,294300,0.0,0.0
2001-11-05 00:00:00-05:00,5.260000228881836,5.5,5.010000228881836,5.329999923706055,70100,0.0,0.0
2001-11-06 00:00:00-05:00,5.159999847412109,5.5,5.159999847412109,5.5,99000,0.0,0.0
2001-11-07 00:00:00-05:00,4.889999866485596,5.090000152587891,4.559999942779541,4.909999847412109,89600,0.0,0.0
2001-11-08 00:00:00-05:00,5.010000228881836,5.050000190734863,4.889999866485596,5.050000190734863,37300,0.0,0.0
2001-11-09 00:00:00-05:00,4.989999771118164,5.099999904632568,4.909999847412109,4.949999809265137,35000,0.0,0.0
2001-11-12 00:00:00-05:00,4.920000076293945,5.0,4.599999904632568,4.75,50100,0.0,0.0
2001-11-13 00:00:00-05:00,4.980000019073486,4.980000019073486,3.880000114440918,3.890000104904175,221500,0.0,0.0
2001-11-14 00:00:00-05:00,4.239999771118164,4.239999771118164,2.950000047683716,3.069999933242798,772500,0.0,0.0
2001-11-15 00:00:00-05:00,3.5,4.210000038146973,3.4200000762939453,4.010000228881836,907400,0.0,0.0
2001-11-16 00:00:00-05:00,4.190000057220459,4.710000038146973,4.050000190734863,4.650000095367432,164300,0.0,0.0
2001-11-19 00:00:00-05:00,4.659999847412109,4.690000057220459,4.349999904632568,4.579999923706055,89100,0.0,0.0
2001-11-20 00:00:00-05:00,4.619999885559082,4.639999866485596,4.369999885559082,4.550000190734863,274900,0.0,0.0
2001-11-21 00:00:00-05:00,4.360000133514404,4.550000190734863,4.25,4.369999885559082,317900,0.0,0.0
2001-11-23 00:00:00-05:00,4.199999809265137,4.289999961853027,4.150000095367432,4.25,15300,0.0,0.0
2001-11-26 00:00:00-05:00,4.449999809265137,4.46999979019165,3.700000047683716,4.0,116500,0.0,0.0
2001-11-27 00:00:00-05:00,4.179999828338623,4.300000190734863,3.869999885559082,4.170000076293945,127000,0.0,0.0
2001-11-28 00:00:00-05:00,4.25,4.429999828338623,4.110000133514404,4.329999923706055,94100,0.0,0.0
2001-11-29 00:00:00-05:00,4.340000152587891,4.409999847412109,4.25,4.25,62500,0.0,0.0
2001-11-30 00:00:00-05:00,4.300000190734863,4.409999847412109,3.9700000286102295,4.0,220500,0.0,0.0
2001-12-03 00:00:00-05:00,4.0,4.260000228881836,3.8499999046325684,3.9100000858306885,66600,0.0,0.0
2001-12-04 00:00:00-05:00,3.9100000858306885,4.150000095367432,3.8399999141693115,3.9700000286102295,41500,0.0,0.0
2001-12-05 00:00:00-05:00,3.990000009536743,4.5,3.950000047683716,4.349999904632568,204700,0.0,0.0
2001-12-06 00:00:00-05:00,4.269999980926514,4.480000019073486,3.9600000381469727,4.179999828338623,95400,0.0,0.0
2001-12-07 00:00:00-05:00,4.0,4.199999809265137,3.950000047683716,4.050000190734863,87000,0.0,0.0
2001-12-10 00:00:00-05:00,3.9800000190734863,4.039999961853027,3.8499999046325684,3.940000057220459,39200,0.0,0.0
2001-12-11 00:00:00-05:00,4.079999923706055,4.079999923706055,3.799999952316284,3.950000047683716,128000,0.0,0.0
2001-12-12 00:00:00-05:00,3.9000000953674316,4.130000114440918,3.799999952316284,3.9000000953674316,67200,0.0,0.0
2001-12-13 00:00:00-05:00,3.9100000858306885,4.150000095367432,3.7699999809265137,3.890000104904175,45600,0.0,0.0
2001-12-14 00:00:00-05:00,4.0,4.039999961853027,3.75,3.859999895095825,95000,0.0,0.0
2001-12-17 00:00:00-05:00,3.8499999046325684,4.090000152587891,3.5999999046325684,4.050000190734863,92900,0.0,0.0
2001-12-18 00:00:00-05:00,4.0,4.199999809265137,3.859999895095825,4.050000190734863,103700,0.0,0.0
2001-12-19 00:00:00-05:00,4.019999980926514,4.139999866485596,3.8499999046325684,3.8499999046325684,133900,0.0,0.0
2001-12-20 00:00:00-05:00,3.859999895095825,4.5,3.809999942779541,4.5,230100,0.0,0.0
2001-12-21 00:00:00-05:00,4.300000190734863,5.159999847412109,4.289999961853027,5.0,337000,0.0,0.0
2001-12-24 00:00:00-05:00,4.699999809265137,5.050000190734863,4.460000038146973,4.75,65300,0.0,0.0
2001-12-26 00:00:00-05:00,4.900000095367432,4.900000095367432,4.510000228881836,4.800000190734863,99900,0.0,0.0
2001-12-27 00:00:00-05:00,4.53000020980835,4.840000152587891,4.5,4.71999979019165,79200,0.0,0.0
2001-12-28 00:00:00-05:00,4.760000228881836,4.760000228881836,4.449999809265137,4.599999904632568,194500,0.0,0.0
2001-12-31 00:00:00-05:00,4.630000114440918,4.690000057220459,4.400000095367432,4.5,232500,0.0,0.0
2002-01-02 00:00:00-05:00,4.5,4.599999904632568,4.159999847412109,4.300000190734863,98900,0.0,0.0
2002-01-03 00:00:00-05:00,4.5,4.599999904632568,4.150000095367432,4.480000019073486,387200,0.0,0.0
2002-01-04 00:00:00-05:00,4.489999771118164,4.650000095367432,4.190000057220459,4.5,1061400,0.0,0.0
2002-01-07 00:00:00-05:00,4.769999980926514,5.25,4.650000095367432,5.010000228881836,874100,0.0,0.0
2002-01-08 00:00:00-05:00,5.489999771118164,5.599999904632568,5.050000190734863,5.25,803900,0.0,0.0
2002-01-09 00:00:00-05:00,5.5,6.25,5.199999809265137,5.980000019073486,2049000,0.0,0.0
2002-01-10 00:00:00-05:00,6.230000019073486,6.230000019073486,4.880000114440918,4.880000114440918,674000,0.0,0.0
2002-01-11 00:00:00-05:00,5.300000190734863,5.559999942779541,5.099999904632568,5.28000020980835,1076800,0.0,0.0
2002-01-14 00:00:00-05:00,5.380000114440918,5.880000114440918,5.349999904632568,5.519999980926514,636000,0.0,0.0
2002-01-15 00:00:00-05:00,5.869999885559082,5.880000114440918,5.400000095367432,5.5,280500,0.0,0.0
2002-01-16 00:00:00-05:00,5.5,5.900000095367432,5.25,5.880000114440918,200400,0.0,0.0
2002-01-17 00:00:00-05:00,5.909999847412109,6.010000228881836,5.489999771118164,5.699999809265137,141400,0.0,0.0
2002-01-18 00:00:00-05:00,5.75,5.760000228881836,5.25,5.300000190734863,77000,0.0,0.0
2002-01-22 00:00:00-05:00,5.300000190734863,5.550000190734863,4.849999904632568,4.889999866485596,279800,0.0,0.0
2002-01-23 00:00:00-05:00,4.829999923706055,5.010000228881836,4.25,4.420000076293945,274900,0.0,0.0
2002-01-24 00:00:00-05:00,4.570000171661377,4.630000114440918,4.230000019073486,4.300000190734863,137700,0.0,0.0
2002-01-25 00:00:00-05:00,4.320000171661377,4.75,4.0,4.449999809265137,100900,0.0,0.0
2002-01-28 00:00:00-05:00,4.409999847412109,4.639999866485596,4.21999979019165,4.300000190734863,58500,0.0,0.0
2002-01-29 00:00:00-05:00,4.329999923706055,4.380000114440918,4.019999980926514,4.150000095367432,106300,0.0,0.0
2002-01-30 00:00:00-05:00,4.019999980926514,4.550000190734863,4.010000228881836,4.550000190734863,59300,0.0,0.0
2002-01-31 00:00:00-05:00,4.510000228881836,4.96999979019165,4.510000228881836,4.880000114440918,144800,0.0,0.0
2002-02-01 00:00:00-05:00,4.889999866485596,5.190000057220459,4.840000152587891,4.949999809265137,209900,0.0,0.0
2002-02-04 00:00:00-05:00,5.539999961853027,5.579999923706055,4.929999828338623,5.079999923706055,154300,0.0,0.0
2002-02-05 00:00:00-05:00,5.329999923706055,5.329999923706055,4.900000095367432,4.900000095367432,238200,0.0,0.0
2002-02-06 00:00:00-05:00,5.03000020980835,5.050000190734863,4.800000190734863,4.869999885559082,179200,0.0,0.0
2002-02-07 00:00:00-05:00,4.599999904632568,4.880000114440918,4.599999904632568,4.679999828338623,104200,0.0,0.0
2002-02-08 00:00:00-05:00,4.679999828338623,4.710000038146973,4.099999904632568,4.360000133514404,120100,0.0,0.0
2002-02-11 00:00:00-05:00,4.420000076293945,4.699999809265137,4.400000095367432,4.570000171661377,139800,0.0,0.0
2002-02-12 00:00:00-05:00,4.579999923706055,4.909999847412109,4.550000190734863,4.900000095367432,328100,0.0,0.0
2002-02-13 00:00:00-05:00,4.769999980926514,4.800000190734863,4.099999904632568,4.78000020980835,517500,0.0,0.0
2002-02-14 00:00:00-05:00,4.789999961853027,4.789999961853027,4.269999980926514,4.510000228881836,312600,0.0,0.0
2002-02-15 00:00:00-05:00,4.360000133514404,4.849999904632568,4.300000190734863,4.800000190734863,186400,0.0,0.0
2002-02-19 00:00:00-05:00,4.800000190734863,4.800000190734863,4.46999979019165,4.630000114440918,92000,0.0,0.0
2002-02-20 00:00:00-05:00,4.670000076293945,4.670000076293945,4.309999942779541,4.449999809265137,136300,0.0,0.0
2002-02-21 00:00:00-05:00,4.409999847412109,4.460000038146973,4.300000190734863,4.349999904632568,86900,0.0,0.0
2002-02-22 00:00:00-05:00,4.449999809265137,4.579999923706055,4.269999980926514,4.400000095367432,26900,0.0,0.0
2002-02-25 00:00:00-05:00,4.309999942779541,4.489999771118164,4.150000095367432,4.25,144900,0.0,0.0
2002-02-26 00:00:00-05:00,4.210000038146973,4.25,4.099999904632568,4.170000076293945,112600,0.0,0.0
2002-02-27 00:00:00-05:00,4.199999809265137,4.340000152587891,4.110000133514404,4.329999923706055,69900,0.0,0.0
2002-02-28 00:00:00-05:00,4.340000152587891,4.349999904632568,4.170000076293945,4.25,34700,0.0,0.0
2002-03-01 00:00:00-05:00,4.25,4.400000095367432,4.199999809265137,4.340000152587891,70300,0.0,0.0
2002-03-04 00:00:00-05:00,4.260000228881836,4.550000190734863,4.099999904632568,4.400000095367432,100700,0.0,0.0
2002-03-05 00:00:00-05:00,4.300000190734863,4.400000095367432,4.099999904632568,4.150000095367432,81400,0.0,0.0
2002-03-06 00:00:00-05:00,4.170000076293945,4.300000190734863,4.050000190734863,4.050000190734863,78500,0.0,0.0
2002-03-07 00:00:00-05:00,4.059999942779541,4.369999885559082,4.03000020980835,4.090000152587891,121100,0.0,0.0
2002-03-08 00:00:00-05:00,4.300000190734863,4.5,4.170000076293945,4.5,105100,0.0,0.0
2002-03-11 00:00:00-05:00,4.590000152587891,4.800000190734863,4.25,4.78000020980835,131800,0.0,0.0
2002-03-12 00:00:00-05:00,4.650000095367432,4.849999904632568,4.610000133514404,4.619999885559082,78400,0.0,0.0
2002-03-13 00:00:00-05:00,4.650000095367432,4.699999809265137,4.599999904632568,4.639999866485596,25100,0.0,0.0
2002-03-14 00:00:00-05:00,4.559999942779541,4.800000190734863,4.449999809265137,4.75,44200,0.0,0.0
2002-03-15 00:00:00-05:00,4.710000038146973,4.800000190734863,4.400000095367432,4.699999809265137,111200,0.0,0.0
2002-03-18 00:00:00-05:00,4.75,4.949999809265137,4.550000190734863,4.949999809265137,94600,0.0,0.0
2002-03-19 00:00:00-05:00,4.849999904632568,4.889999866485596,4.389999866485596,4.5,254100,0.0,0.0
2002-03-20 00:00:00-05:00,4.5,4.840000152587891,4.480000019073486,4.510000228881836,41000,0.0,0.0
2002-03-21 00:00:00-05:00,4.480000019073486,4.599999904632568,4.199999809265137,4.269999980926514,184000,0.0,0.0
2002-03-22 00:00:00-05:00,4.269999980926514,4.510000228881836,4.25,4.400000095367432,481800,0.0,0.0
2002-03-25 00:00:00-05:00,4.400000095367432,5.0,4.25,4.849999904632568,649700,0.0,0.0
2002-03-26 00:00:00-05:00,4.900000095367432,5.190000057220459,4.650000095367432,5.03000020980835,378600,0.0,0.0
2002-03-27 00:00:00-05:00,5.039999961853027,5.25,4.929999828338623,4.949999809265137,110700,0.0,0.0
2002-03-28 00:00:00-05:00,5.0,5.400000095367432,4.989999771118164,5.300000190734863,264700,0.0,0.0
2002-04-01 00:00:00-05:00,5.340000152587891,5.519999980926514,5.0,5.480000019073486,713500,0.0,0.0
2002-04-02 00:00:00-05:00,5.349999904632568,5.349999904632568,5.150000095367432,5.199999809265137,129000,0.0,0.0
2002-04-03 00:00:00-05:00,5.340000152587891,5.349999904632568,4.900000095367432,5.0,142700,0.0,0.0
2002-04-04 00:00:00-05:00,4.960000038146973,5.079999923706055,4.860000133514404,5.0,270900,0.0,0.0
2002-04-05 00:00:00-05:00,4.949999809265137,5.0,4.78000020980835,4.78000020980835,61800,0.0,0.0
2002-04-08 00:00:00-04:00,4.889999866485596,4.900000095367432,4.449999809265137,4.5,314500,0.0,0.0
2002-04-09 00:00:00-04:00,4.46999979019165,4.650000095367432,4.420000076293945,4.570000171661377,112100,0.0,0.0
2002-04-10 00:00:00-04:00,4.480000019073486,4.699999809265137,4.400000095367432,4.539999961853027,89900,0.0,0.0
2002-04-11 00:00:00-04:00,4.550000190734863,4.550000190734863,4.449999809265137,4.489999771118164,79100,0.0,0.0
2002-04-12 00:00:00-04:00,4.5,4.550000190734863,4.269999980926514,4.349999904632568,150600,0.0,0.0
2002-04-15 00:00:00-04:00,4.309999942779541,4.429999828338623,4.300000190734863,4.400000095367432,63200,0.0,0.0
2002-04-16 00:00:00-04:00,4.400000095367432,4.449999809265137,4.25,4.429999828338623,112800,0.0,0.0
2002-04-17 00:00:00-04:00,4.380000114440918,4.449999809265137,4.25,4.289999961853027,123700,0.0,0.0
2002-04-18 00:00:00-04:00,4.349999904632568,4.46999979019165,4.300000190734863,4.420000076293945,110200,0.0,0.0
2002-04-19 00:00:00-04:00,4.46999979019165,4.550000190734863,4.449999809265137,4.5,147200,0.0,0.0
2002-04-22 00:00:00-04:00,4.53000020980835,4.550000190734863,4.420000076293945,4.510000228881836,267100,0.0,0.0
2002-04-23 00:00:00-04:00,4.579999923706055,4.579999923706055,4.380000114440918,4.429999828338623,127800,0.0,0.0
2002-04-24 00:00:00-04:00,4.610000133514404,4.619999885559082,4.360000133514404,4.460000038146973,129300,0.0,0.0
2002-04-25 00:00:00-04:00,4.519999980926514,4.519999980926514,3.9600000381469727,4.170000076293945,1204100,0.0,0.0
2002-04-26 00:00:00-04:00,4.099999904632568,4.150000095367432,3.3299999237060547,3.4000000953674316,194500,0.0,0.0
2002-04-29 00:00:00-04:00,3.509999990463257,3.75,3.509999990463257,3.700000047683716,96800,0.0,0.0
2002-04-30 00:00:00-04:00,3.8499999046325684,4.010000228881836,3.700000047683716,3.8499999046325684,192200,0.0,0.0
2002-05-01 00:00:00-04:00,3.8299999237060547,3.9800000190734863,3.7200000286102295,3.890000104904175,145000,0.0,0.0
2002-05-02 00:00:00-04:00,3.9800000190734863,4.070000171661377,3.7799999713897705,4.0,121800,0.0,0.0
2002-05-03 00:00:00-04:00,4.0,4.050000190734863,3.950000047683716,3.990000009536743,142900,0.0,0.0
2002-05-06 00:00:00-04:00,4.0,4.050000190734863,3.940000057220459,4.019999980926514,67600,0.0,0.0
2002-05-07 00:00:00-04:00,4.039999961853027,4.050000190734863,3.950000047683716,3.9600000381469727,114900,0.0,0.0
2002-05-08 00:00:00-04:00,3.950000047683716,4.050000190734863,3.950000047683716,4.010000228881836,576500,0.0,0.0
2002-05-09 00:00:00-04:00,4.050000190734863,4.050000190734863,3.9700000286102295,4.0,96500,0.0,0.0
2002-05-10 00:00:00-04:00,3.9800000190734863,4.079999923706055,3.930000066757202,4.050000190734863,187000,0.0,0.0
2002-05-13 00:00:00-04:00,4.050000190734863,4.050000190734863,3.809999942779541,3.8299999237060547,91500,0.0,0.0
2002-05-14 00:00:00-04:00,3.950000047683716,4.0,3.8299999237060547,3.9100000858306885,106200,0.0,0.0
2002-05-15 00:00:00-04:00,3.819999933242798,4.039999961853027,3.799999952316284,4.0,319700,0.0,0.0
2002-05-16 00:00:00-04:00,3.950000047683716,4.039999961853027,3.9200000762939453,4.039999961853027,62200,0.0,0.0
2002-05-17 00:00:00-04:00,4.039999961853027,4.059999942779541,3.9700000286102295,4.050000190734863,92300,0.0,0.0
2002-05-20 00:00:00-04:00,4.019999980926514,4.050000190734863,3.880000114440918,3.9800000190734863,53400,0.0,0.0
2002-05-21 00:00:00-04:00,3.9600000381469727,4.050000190734863,3.8499999046325684,4.0,51000,0.0,0.0
2002-05-22 00:00:00-04:00,3.859999895095825,4.0,3.75,3.7699999809265137,16300,0.0,0.0
2002-05-23 00:00:00-04:00,3.7699999809265137,3.9100000858306885,3.509999990463257,3.9100000858306885,74000,0.0,0.0
2002-05-24 00:00:00-04:00,3.9000000953674316,3.9000000953674316,3.690000057220459,3.7699999809265137,94400,0.0,0.0
2002-05-28 00:00:00-04:00,3.7699999809265137,4.0,3.619999885559082,3.9200000762939453,62600,0.0,0.0
2002-05-29 00:00:00-04:00,3.990000009536743,4.019999980926514,3.759999990463257,4.0,57200,0.0,0.0
2002-05-30 00:00:00-04:00,4.0,4.03000020980835,3.809999942779541,4.0,56900,0.0,0.0
2002-05-31 00:00:00-04:00,4.0,4.039999961853027,3.8499999046325684,3.8499999046325684,45900,0.0,0.0
2002-06-03 00:00:00-04:00,3.859999895095825,4.059999942779541,3.8499999046325684,4.0,66900,0.0,0.0
2002-06-04 00:00:00-04:00,3.880000114440918,4.050000190734863,3.869999885559082,4.050000190734863,77100,0.0,0.0
2002-06-05 00:00:00-04:00,4.0,4.050000190734863,3.9000000953674316,3.9800000190734863,91800,0.0,0.0
2002-06-06 00:00:00-04:00,3.990000009536743,4.050000190734863,3.869999885559082,4.0,69400,0.0,0.0
2002-06-07 00:00:00-04:00,3.990000009536743,4.050000190734863,3.8499999046325684,4.0,41900,0.0,0.0
2002-06-10 00:00:00-04:00,3.950000047683716,4.059999942779541,3.799999952316284,4.050000190734863,122100,0.0,0.0
2002-06-11 00:00:00-04:00,3.940000057220459,4.050000190734863,3.2699999809265137,3.319999933242798,254000,0.0,0.0
2002-06-12 00:00:00-04:00,3.3499999046325684,3.8499999046325684,3.3499999046325684,3.8499999046325684,37500,0.0,0.0
2002-06-13 00:00:00-04:00,3.869999885559082,4.0,3.8499999046325684,3.930000066757202,148700,0.0,0.0
2002-06-14 00:00:00-04:00,3.880000114440918,3.990000009536743,3.5299999713897705,3.5799999237060547,44300,0.0,0.0
2002-06-17 00:00:00-04:00,3.809999942779541,4.019999980926514,3.559999942779541,4.0,249600,0.0,0.0
2002-06-18 00:00:00-04:00,3.700000047683716,4.0,3.640000104904175,4.0,63100,0.0,0.0
2002-06-19 00:00:00-04:00,3.809999942779541,4.0,3.680000066757202,3.799999952316284,94500,0.0,0.0
2002-06-20 00:00:00-04:00,3.809999942779541,4.0,3.809999942779541,3.9000000953674316,63600,0.0,0.0
2002-06-21 00:00:00-04:00,3.8499999046325684,3.9000000953674316,3.680000066757202,3.7799999713897705,55800,0.0,0.0
2002-06-24 00:00:00-04:00,3.7100000381469727,4.0,3.450000047683716,3.9700000286102295,268000,0.0,0.0
2002-06-25 00:00:00-04:00,3.9100000858306885,4.0,3.25,3.4000000953674316,221400,0.0,0.0
2002-06-26 00:00:00-04:00,3.3299999237060547,3.5999999046325684,3.0899999141693115,3.5999999046325684,324000,0.0,0.0
2002-06-27 00:00:00-04:00,3.5399999618530273,3.8299999237060547,3.5,3.7699999809265137,323900,0.0,0.0
2002-06-28 00:00:00-04:00,3.9600000381469727,4.150000095367432,3.75,3.9200000762939453,2607500,0.0,0.0
2002-07-01 00:00:00-04:00,3.9200000762939453,3.9200000762939453,2.990000009536743,3.5,177900,0.0,0.0
2002-07-02 00:00:00-04:00,3.25,3.5,3.25,3.4000000953674316,108000,0.0,0.0
2002-07-03 00:00:00-04:00,3.259999990463257,3.3499999046325684,3.0999999046325684,3.0999999046325684,81200,0.0,0.0
2002-07-05 00:00:00-04:00,3.0999999046325684,3.109999895095825,2.9100000858306885,3.049999952316284,52300,0.0,0.0
2002-07-08 00:00:00-04:00,3.0,3.140000104904175,2.7899999618530273,2.9000000953674316,83500,0.0,0.0
2002-07-09 00:00:00-04:00,2.9100000858306885,2.930000066757202,2.680000066757202,2.819999933242798,135500,0.0,0.0
2002-07-10 00:00:00-04:00,2.509999990463257,2.5199999809265137,1.5299999713897705,1.7400000095367432,1721000,0.0,0.0
2002-07-11 00:00:00-04:00,1.8600000143051147,1.9500000476837158,1.5399999618530273,1.7000000476837158,390300,0.0,0.0
2002-07-12 00:00:00-04:00,1.850000023841858,2.200000047683716,1.75,2.0199999809265137,851400,0.0,0.0
2002-07-15 00:00:00-04:00,2.240000009536743,2.5,2.0299999713897705,2.1600000858306885,482500,0.0,0.0
2002-07-16 00:00:00-04:00,2.240000009536743,2.390000104904175,2.130000114440918,2.200000047683716,458300,0.0,0.0
2002-07-17 00:00:00-04:00,2.3499999046325684,2.4000000953674316,2.1700000762939453,2.2799999713897705,70900,0.0,0.0
2002-07-18 00:00:00-04:00,2.440000057220459,2.5899999141693115,2.369999885559082,2.450000047683716,192400,0.0,0.0
2002-07-19 00:00:00-04:00,2.4600000381469727,2.490000009536743,2.259999990463257,2.2699999809265137,68400,0.0,0.0
2002-07-22 00:00:00-04:00,2.3399999141693115,2.549999952316284,2.049999952316284,2.490000009536743,94800,0.0,0.0
2002-07-23 00:00:00-04:00,2.450000047683716,2.5,2.299999952316284,2.3299999237060547,59100,0.0,0.0
2002-07-24 00:00:00-04:00,2.259999990463257,2.5,2.140000104904175,2.1500000953674316,73900,0.0,0.0
2002-07-25 00:00:00-04:00,2.1500000953674316,2.430000066757202,1.899999976158142,1.9900000095367432,121300,0.0,0.0
2002-07-26 00:00:00-04:00,2.190000057220459,2.240000009536743,2.0399999618530273,2.0399999618530273,44400,0.0,0.0
2002-07-29 00:00:00-04:00,2.0,2.430000066757202,2.0,2.299999952316284,146800,0.0,0.0
2002-07-30 00:00:00-04:00,2.369999885559082,2.5,2.2699999809265137,2.5,186400,0.0,0.0
2002-07-31 00:00:00-04:00,2.509999990463257,2.509999990463257,2.309999942779541,2.3499999046325684,147500,0.0,0.0
2002-08-01 00:00:00-04:00,2.3499999046325684,2.5299999713897705,2.2799999713897705,2.490000009536743,27800,0.0,0.0
2002-08-02 00:00:00-04:00,2.5,2.5,2.180000066757202,2.180000066757202,61100,0.0,0.0
2002-08-05 00:00:00-04:00,2.2200000286102295,2.5,2.2200000286102295,2.3499999046325684,35900,0.0,0.0
2002-08-06 00:00:00-04:00,2.430000066757202,2.4800000190734863,2.2200000286102295,2.3499999046325684,94200,0.0,0.0
2002-08-07 00:00:00-04:00,2.4100000858306885,2.5199999809265137,2.3499999046325684,2.5199999809265137,28500,0.0,0.0
2002-08-08 00:00:00-04:00,2.4000000953674316,2.440000057220459,2.3499999046325684,2.440000057220459,86900,0.0,0.0
2002-08-09 00:00:00-04:00,2.4200000762939453,2.450000047683716,2.3499999046325684,2.3499999046325684,11800,0.0,0.0
2002-08-12 00:00:00-04:00,2.430000066757202,2.450000047683716,2.3499999046325684,2.450000047683716,20800,0.0,0.0
2002-08-13 00:00:00-04:00,2.4200000762939453,2.430000066757202,2.369999885559082,2.369999885559082,22300,0.0,0.0
2002-08-14 00:00:00-04:00,2.440000057220459,2.450000047683716,2.309999942779541,2.430000066757202,32900,0.0,0.0
2002-08-15 00:00:00-04:00,2.4000000953674316,2.4100000858306885,2.309999942779541,2.3499999046325684,357900,0.0,0.0
2002-08-16 00:00:00-04:00,2.390000104904175,2.450000047683716,2.25,2.440000057220459,211200,0.0,0.0
2002-08-19 00:00:00-04:00,2.4700000286102295,2.490000009536743,2.299999952316284,2.380000114440918,79800,0.0,0.0
2002-08-20 00:00:00-04:00,2.430000066757202,2.440000057220459,2.299999952316284,2.3399999141693115,30600,0.0,0.0
2002-08-21 00:00:00-04:00,2.3499999046325684,2.450000047683716,2.299999952316284,2.380000114440918,38000,0.0,0.0
2002-08-22 00:00:00-04:00,2.380000114440918,2.450000047683716,2.319999933242798,2.450000047683716,70200,0.0,0.0
2002-08-23 00:00:00-04:00,2.4200000762939453,2.490000009536743,2.4000000953674316,2.4100000858306885,29700,0.0,0.0
2002-08-26 00:00:00-04:00,2.4700000286102295,2.6600000858306885,2.2799999713897705,2.549999952316284,106600,0.0,0.0
2002-08-27 00:00:00-04:00,2.4600000381469727,3.140000104904175,2.4600000381469727,2.8399999141693115,110800,0.0,0.0
2002-08-28 00:00:00-04:00,2.7899999618530273,3.140000104904175,2.7899999618530273,2.809999942779541,129000,0.0,0.0
2002-08-29 00:00:00-04:00,2.9200000762939453,3.380000114440918,2.9200000762939453,3.3399999141693115,167200,0.0,0.0
2002-08-30 00:00:00-04:00,3.390000104904175,3.740000009536743,3.0,3.0,119600,0.0,0.0
2002-09-03 00:00:00-04:00,2.950000047683716,3.200000047683716,2.950000047683716,3.1500000953674316,86900,0.0,0.0
2002-09-04 00:00:00-04:00,3.0799999237060547,3.4000000953674316,3.0799999237060547,3.319999933242798,155700,0.0,0.0
2002-09-05 00:00:00-04:00,3.369999885559082,3.4000000953674316,3.1600000858306885,3.1700000762939453,168100,0.0,0.0
2002-09-06 00:00:00-04:00,3.2699999809265137,3.2699999809265137,3.180000066757202,3.25,76600,0.0,0.0
2002-09-09 00:00:00-04:00,3.2300000190734863,3.299999952316284,3.1600000858306885,3.2699999809265137,20700,0.0,0.0
2002-09-10 00:00:00-04:00,3.259999990463257,3.309999942779541,3.109999895095825,3.259999990463257,15500,0.0,0.0
2002-09-11 00:00:00-04:00,3.2799999713897705,3.2799999713897705,3.0,3.119999885559082,120700,0.0,0.0
2002-09-12 00:00:00-04:00,3.0999999046325684,3.240000009536743,2.9200000762939453,3.009999990463257,153000,0.0,0.0
2002-09-13 00:00:00-04:00,3.0999999046325684,3.259999990463257,3.009999990463257,3.25,66100,0.0,0.0
2002-09-16 00:00:00-04:00,3.2899999618530273,3.2899999618530273,3.0999999046325684,3.119999885559082,24100,0.0,0.0
2002-09-17 00:00:00-04:00,3.2200000286102295,3.2200000286102295,3.059999942779541,3.130000114440918,52700,0.0,0.0
2002-09-18 00:00:00-04:00,3.140000104904175,3.259999990463257,3.109999895095825,3.2100000381469727,63600,0.0,0.0
2002-09-19 00:00:00-04:00,3.25,3.25,2.869999885559082,3.0799999237060547,102200,0.0,0.0
2002-09-20 00:00:00-04:00,3.1600000858306885,3.200000047683716,2.869999885559082,3.180000066757202,239200,0.0,0.0
2002-09-23 00:00:00-04:00,2.990000009536743,3.190000057220459,2.640000104904175,2.9000000953674316,195300,0.0,0.0
2002-09-24 00:00:00-04:00,2.7699999809265137,2.869999885559082,2.5899999141693115,2.7200000286102295,282800,0.0,0.0
2002-09-25 00:00:00-04:00,2.640000104904175,3.0,2.640000104904175,2.9000000953674316,37300,0.0,0.0
2002-09-26 00:00:00-04:00,2.8499999046325684,3.0199999809265137,2.799999952316284,2.950000047683716,70900,0.0,0.0
2002-09-27 00:00:00-04:00,3.0799999237060547,3.0799999237060547,2.5199999809265137,2.5999999046325684,57700,0.0,0.0
2002-09-30 00:00:00-04:00,2.619999885559082,2.9000000953674316,2.5299999713897705,2.75,92200,0.0,0.0
2002-10-01 00:00:00-04:00,2.799999952316284,2.950000047683716,2.690000057220459,2.950000047683716,130200,0.0,0.0
2002-10-02 00:00:00-04:00,2.8299999237060547,3.0799999237060547,2.8299999237060547,2.9100000858306885,45100,0.0,0.0
2002-10-03 00:00:00-04:00,2.8499999046325684,3.0,2.740000009536743,2.869999885559082,75200,0.0,0.0
2002-10-04 00:00:00-04:00,2.9100000858306885,2.950000047683716,2.490000009536743,2.5,103300,0.0,0.0
2002-10-07 00:00:00-04:00,2.5999999046325684,2.9000000953674316,2.4100000858306885,2.430000066757202,69200,0.0,0.0
2002-10-08 00:00:00-04:00,2.5999999046325684,2.8499999046325684,2.3399999141693115,2.4000000953674316,67100,0.0,0.0
2002-10-09 00:00:00-04:00,2.390000104904175,2.5999999046325684,1.9900000095367432,2.009999990463257,178600,0.0,0.0
2002-10-10 00:00:00-04:00,2.069999933242798,2.1600000858306885,1.850000023841858,2.069999933242798,135800,0.0,0.0
2002-10-11 00:00:00-04:00,1.9600000381469727,2.25,1.9600000381469727,2.25,23000,0.0,0.0
2002-10-14 00:00:00-04:00,2.240000009536743,2.2899999618530273,2.0,2.0199999809265137,96800,0.0,0.0
2002-10-15 00:00:00-04:00,2.240000009536743,2.390000104904175,2.009999990463257,2.109999895095825,72700,0.0,0.0
2002-10-16 00:00:00-04:00,2.0999999046325684,2.190000057220459,2.009999990463257,2.009999990463257,90900,0.0,0.0
2002-10-17 00:00:00-04:00,2.180000066757202,2.180000066757202,2.0,2.1500000953674316,78500,0.0,0.0
2002-10-18 00:00:00-04:00,2.140000104904175,2.359999895095825,2.0999999046325684,2.109999895095825,140600,0.0,0.0
2002-10-21 00:00:00-04:00,2.1500000953674316,2.450000047683716,2.1500000953674316,2.450000047683716,106400,0.0,0.0
2002-10-22 00:00:00-04:00,2.509999990463257,2.509999990463257,2.25,2.25,91300,0.0,0.0
2002-10-23 00:00:00-04:00,2.259999990463257,2.559999942779541,2.1500000953674316,2.4700000286102295,105400,0.0,0.0
2002-10-24 00:00:00-04:00,2.190000057220459,2.309999942779541,1.75,1.9900000095367432,439000,0.0,0.0
2002-10-25 00:00:00-04:00,1.9900000095367432,2.140000104904175,1.899999976158142,1.9900000095367432,146200,0.0,0.0
2002-10-28 00:00:00-05:00,2.0399999618530273,2.0399999618530273,1.850000023841858,1.8899999856948853,74500,0.0,0.0
2002-10-29 00:00:00-05:00,1.9700000286102295,1.9800000190734863,1.6799999475479126,1.7100000381469727,169300,0.0,0.0
2002-10-30 00:00:00-05:00,1.7100000381469727,1.9500000476837158,1.659999966621399,1.7300000190734863,153500,0.0,0.0
2002-10-31 00:00:00-05:00,1.75,1.850000023841858,1.7000000476837158,1.7699999809265137,172400,0.0,0.0
2002-11-01 00:00:00-05:00,2.0199999809265137,2.0299999713897705,1.7200000286102295,1.8200000524520874,315600,0.0,0.0
2002-11-04 00:00:00-05:00,1.9199999570846558,1.9199999570846558,1.659999966621399,1.7100000381469727,169100,0.0,0.0
2002-11-05 00:00:00-05:00,1.75,1.7899999618530273,1.659999966621399,1.7000000476837158,136000,0.0,0.0
2002-11-06 00:00:00-05:00,1.7300000190734863,1.7400000095367432,1.590000033378601,1.7200000286102295,197700,0.0,0.0
2002-11-07 00:00:00-05:00,1.7300000190734863,1.7300000190734863,1.590000033378601,1.6100000143051147,105800,0.0,0.0
2002-11-08 00:00:00-05:00,1.6100000143051147,1.7000000476837158,1.5299999713897705,1.5700000524520874,72100,0.0,0.0
2002-11-11 00:00:00-05:00,1.5199999809265137,1.600000023841858,1.4299999475479126,1.4500000476837158,798500,0.0,0.0
2002-11-12 00:00:00-05:00,1.4600000381469727,1.5399999618530273,1.2699999809265137,1.3700000047683716,400000,0.0,0.0
2002-11-13 00:00:00-05:00,1.3799999952316284,1.4800000190734863,1.2599999904632568,1.2999999523162842,617200,0.0,0.0
2002-11-14 00:00:00-05:00,1.3300000429153442,1.4800000190734863,1.2599999904632568,1.3899999856948853,433500,0.0,0.0
2002-11-15 00:00:00-05:00,1.5,2.369999885559082,1.5,1.9800000190734863,1352500,0.0,0.0
2002-11-18 00:00:00-05:00,2.059999942779541,2.2200000286102295,1.8300000429153442,2.0199999809265137,666200,0.0,0.0
2002-11-19 00:00:00-05:00,1.9199999570846558,2.0999999046325684,1.840000033378601,1.9900000095367432,65400,0.0,0.0
2002-11-20 00:00:00-05:00,1.9500000476837158,2.1500000953674316,1.899999976158142,2.0899999141693115,91300,0.0,0.0
2002-11-21 00:00:00-05:00,2.119999885559082,2.4600000381469727,2.119999885559082,2.4600000381469727,437300,0.0,0.0
2002-11-22 00:00:00-05:00,2.450000047683716,3.0,2.4000000953674316,2.9100000858306885,464300,0.0,0.0
2002-11-25 00:00:00-05:00,2.9700000286102295,3.4200000762939453,2.8499999046325684,3.1600000858306885,676800,0.0,0.0
2002-11-26 00:00:00-05:00,3.490000009536743,3.5,3.200000047683716,3.319999933242798,447800,0.0,0.0
2002-11-27 00:00:00-05:00,3.3399999141693115,3.5,3.1600000858306885,3.25,389900,0.0,0.0
2002-11-29 00:00:00-05:00,3.299999952316284,3.619999885559082,3.259999990463257,3.5899999141693115,90800,0.0,0.0
2002-12-02 00:00:00-05:00,3.490000009536743,3.509999990463257,3.1500000953674316,3.1600000858306885,108100,0.0,0.0
2002-12-03 00:00:00-05:00,3.190000057220459,3.190000057220459,2.759999990463257,2.890000104904175,128900,0.0,0.0
2002-12-04 00:00:00-05:00,2.6500000953674316,2.75,2.5799999237060547,2.6500000953674316,76000,0.0,0.0
2002-12-05 00:00:00-05:00,2.700000047683716,2.740000009536743,2.5,2.5,112900,0.0,0.0
2002-12-06 00:00:00-05:00,2.4100000858306885,2.4800000190734863,2.380000114440918,2.440000057220459,137200,0.0,0.0
2002-12-09 00:00:00-05:00,2.4200000762939453,2.680000066757202,2.4200000762939453,2.450000047683716,134800,0.0,0.0
2002-12-10 00:00:00-05:00,2.609999895095825,2.6500000953674316,2.5,2.5399999618530273,67100,0.0,0.0
2002-12-11 00:00:00-05:00,2.5999999046325684,2.859999895095825,2.509999990463257,2.8499999046325684,171400,0.0,0.0
2002-12-12 00:00:00-05:00,2.75,3.1500000953674316,2.75,3.0,325900,0.0,0.0
2002-12-13 00:00:00-05:00,3.0999999046325684,3.3499999046325684,3.009999990463257,3.180000066757202,160900,0.0,0.0
2002-12-16 00:00:00-05:00,3.180000066757202,3.5,3.049999952316284,3.430000066757202,149000,0.0,0.0
2002-12-17 00:00:00-05:00,3.359999895095825,3.4000000953674316,3.0999999046325684,3.2799999713897705,55200,0.0,0.0
2002-12-18 00:00:00-05:00,3.25,3.369999885559082,2.9800000190734863,3.049999952316284,119400,0.0,0.0
2002-12-19 00:00:00-05:00,3.049999952316284,3.0999999046325684,2.8499999046325684,2.9000000953674316,135400,0.0,0.0
2002-12-20 00:00:00-05:00,2.9700000286102295,3.299999952316284,2.859999895095825,3.049999952316284,275000,0.0,0.0
2002-12-23 00:00:00-05:00,3.0999999046325684,3.240000009536743,2.809999942779541,2.950000047683716,242400,0.0,0.0
2002-12-24 00:00:00-05:00,2.950000047683716,2.990000009536743,2.9000000953674316,2.9000000953674316,50600,0.0,0.0
2002-12-26 00:00:00-05:00,2.9000000953674316,3.049999952316284,2.859999895095825,2.950000047683716,41600,0.0,0.0
2002-12-27 00:00:00-05:00,2.9600000381469727,3.1500000953674316,2.9100000858306885,2.9800000190734863,154800,0.0,0.0
2002-12-30 00:00:00-05:00,2.9600000381469727,3.069999933242798,2.759999990463257,2.950000047683716,297900,0.0,0.0
2002-12-31 00:00:00-05:00,2.930000066757202,2.9700000286102295,2.700000047683716,2.759999990463257,203800,0.0,0.0
2003-01-02 00:00:00-05:00,2.950000047683716,2.9800000190734863,2.690000057220459,2.7300000190734863,112900,0.0,0.0
2003-01-03 00:00:00-05:00,2.7799999713897705,2.7799999713897705,2.5399999618530273,2.630000114440918,215900,0.0,0.0
2003-01-06 00:00:00-05:00,2.6700000762939453,2.859999895095825,2.640000104904175,2.8499999046325684,40500,0.0,0.0
2003-01-07 00:00:00-05:00,2.930000066757202,3.069999933242798,2.869999885559082,3.0299999713897705,129400,0.0,0.0
2003-01-08 00:00:00-05:00,3.069999933242798,3.069999933242798,2.950000047683716,3.009999990463257,84500,0.0,0.0
2003-01-09 00:00:00-05:00,3.0,3.0899999141693115,2.9800000190734863,3.069999933242798,145000,0.0,0.0
2003-01-10 00:00:00-05:00,3.049999952316284,3.299999952316284,3.0199999809265137,3.2200000286102295,137700,0.0,0.0
2003-01-13 00:00:00-05:00,3.2200000286102295,3.3399999141693115,3.190000057220459,3.25,240900,0.0,0.0
2003-01-14 00:00:00-05:00,3.299999952316284,3.299999952316284,3.119999885559082,3.299999952316284,46500,0.0,0.0
2003-01-15 00:00:00-05:00,3.1500000953674316,3.2699999809265137,3.130000114440918,3.190000057220459,48300,0.0,0.0
2003-01-16 00:00:00-05:00,3.1600000858306885,3.3399999141693115,3.1600000858306885,3.2899999618530273,145900,0.0,0.0
2003-01-17 00:00:00-05:00,3.190000057220459,3.2899999618530273,3.1700000762939453,3.25,83900,0.0,0.0
2003-01-21 00:00:00-05:00,3.1600000858306885,3.299999952316284,3.140000104904175,3.200000047683716,70300,0.0,0.0
2003-01-22 00:00:00-05:00,3.299999952316284,3.299999952316284,3.200000047683716,3.2200000286102295,33100,0.0,0.0
2003-01-23 00:00:00-05:00,3.200000047683716,3.299999952316284,3.200000047683716,3.2300000190734863,64400,0.0,0.0
2003-01-24 00:00:00-05:00,3.2100000381469727,3.3299999237060547,3.009999990463257,3.009999990463257,68000,0.0,0.0
2003-01-27 00:00:00-05:00,2.9100000858306885,3.0,2.8499999046325684,2.930000066757202,116400,0.0,0.0
2003-01-28 00:00:00-05:00,2.9100000858306885,3.200000047683716,2.9100000858306885,3.190000057220459,92800,0.0,0.0
2003-01-29 00:00:00-05:00,3.0999999046325684,3.1500000953674316,3.0,3.140000104904175,60100,0.0,0.0
2003-01-30 00:00:00-05:00,3.119999885559082,3.3499999046325684,3.0199999809265137,3.130000114440918,211000,0.0,0.0
2003-01-31 00:00:00-05:00,3.0999999046325684,3.3499999046325684,3.0999999046325684,3.299999952316284,84500,0.0,0.0
2003-02-03 00:00:00-05:00,3.299999952316284,3.3399999141693115,3.2100000381469727,3.299999952316284,160800,0.0,0.0
2003-02-04 00:00:00-05:00,3.2100000381469727,3.2100000381469727,3.1500000953674316,3.200000047683716,57400,0.0,0.0
2003-02-05 00:00:00-05:00,3.200000047683716,3.5299999713897705,3.109999895095825,3.430000066757202,79800,0.0,0.0
2003-02-06 00:00:00-05:00,3.319999933242798,3.740000009536743,3.319999933242798,3.700000047683716,105600,0.0,0.0
2003-02-07 00:00:00-05:00,3.5299999713897705,3.6500000953674316,3.5,3.6500000953674316,164200,0.0,0.0
2003-02-10 00:00:00-05:00,3.5,3.680000066757202,3.5,3.6500000953674316,117200,0.0,0.0
2003-02-11 00:00:00-05:00,3.6500000953674316,3.6500000953674316,3.5,3.5899999141693115,189700,0.0,0.0
2003-02-12 00:00:00-05:00,3.5999999046325684,3.6500000953674316,3.5199999809265137,3.559999942779541,191900,0.0,0.0
2003-02-13 00:00:00-05:00,3.549999952316284,3.6500000953674316,3.5,3.5999999046325684,170000,0.0,0.0
2003-02-14 00:00:00-05:00,3.6500000953674316,4.099999904632568,3.5799999237060547,3.930000066757202,220700,0.0,0.0
2003-02-18 00:00:00-05:00,4.010000228881836,4.099999904632568,3.9600000381469727,4.0,415700,0.0,0.0
2003-02-19 00:00:00-05:00,3.990000009536743,4.099999904632568,3.990000009536743,4.050000190734863,488100,0.0,0.0
2003-02-20 00:00:00-05:00,4.039999961853027,4.75,3.990000009536743,4.619999885559082,289500,0.0,0.0
2003-02-21 00:00:00-05:00,4.679999828338623,4.75,4.300000190734863,4.400000095367432,368000,0.0,0.0
2003-02-24 00:00:00-05:00,4.289999961853027,4.369999885559082,4.199999809265137,4.199999809265137,112800,0.0,0.0
2003-02-25 00:00:00-05:00,4.199999809265137,4.75,3.75,4.489999771118164,567800,0.0,0.0
2003-02-26 00:00:00-05:00,4.559999942779541,4.75,4.260000228881836,4.650000095367432,100600,0.0,0.0
2003-02-27 00:00:00-05:00,4.409999847412109,4.849999904632568,4.400000095367432,4.78000020980835,192400,0.0,0.0
2003-02-28 00:00:00-05:00,4.789999961853027,4.989999771118164,4.579999923706055,4.710000038146973,317200,0.0,0.0
2003-03-03 00:00:00-05:00,4.650000095367432,4.900000095367432,4.570000171661377,4.769999980926514,63700,0.0,0.0
2003-03-04 00:00:00-05:00,4.809999942779541,4.849999904632568,4.510000228881836,4.650000095367432,181100,0.0,0.0
2003-03-05 00:00:00-05:00,4.730000019073486,4.730000019073486,4.099999904632568,4.440000057220459,662000,0.0,0.0
2003-03-06 00:00:00-05:00,4.5,4.510000228881836,4.320000171661377,4.510000228881836,65700,0.0,0.0
2003-03-07 00:00:00-05:00,4.510000228881836,4.900000095367432,4.510000228881836,4.690000057220459,237900,0.0,0.0
2003-03-10 00:00:00-05:00,4.690000057220459,4.75,4.659999847412109,4.710000038146973,185200,0.0,0.0
2003-03-11 00:00:00-05:00,4.71999979019165,4.849999904632568,4.699999809265137,4.800000190734863,66900,0.0,0.0
2003-03-12 00:00:00-05:00,4.71999979019165,4.840000152587891,4.710000038146973,4.840000152587891,114900,0.0,0.0
2003-03-13 00:00:00-05:00,4.840000152587891,5.119999885559082,4.699999809265137,5.010000228881836,262500,0.0,0.0
2003-03-14 00:00:00-05:00,5.0,5.199999809265137,4.900000095367432,5.199999809265137,245300,0.0,0.0
2003-03-17 00:00:00-05:00,4.980000019073486,5.340000152587891,4.96999979019165,5.320000171661377,306800,0.0,0.0
2003-03-18 00:00:00-05:00,5.400000095367432,5.5,5.25,5.480000019073486,128200,0.0,0.0
2003-03-19 00:00:00-05:00,5.489999771118164,5.5,5.25,5.320000171661377,156300,0.0,0.0
2003-03-20 00:00:00-05:00,5.260000228881836,5.5,4.96999979019165,5.389999866485596,186300,0.0,0.0
2003-03-21 00:00:00-05:00,5.429999828338623,5.519999980926514,5.019999980926514,5.449999809265137,209500,0.0,0.0
2003-03-24 00:00:00-05:00,5.400000095367432,5.440000057220459,5.099999904632568,5.269999980926514,87000,0.0,0.0
2003-03-25 00:00:00-05:00,5.130000114440918,5.679999828338623,5.119999885559082,5.570000171661377,287300,0.0,0.0
2003-03-26 00:00:00-05:00,5.639999866485596,6.239999771118164,5.5,6.079999923706055,576300,0.0,0.0
2003-03-27 00:00:00-05:00,6.099999904632568,6.150000095367432,6.0,6.090000152587891,313500,0.0,0.0
2003-03-28 00:00:00-05:00,6.0,6.239999771118164,5.949999809265137,6.130000114440918,203700,0.0,0.0
2003-03-31 00:00:00-05:00,6.130000114440918,6.130000114440918,6.0,6.050000190734863,510400,0.0,0.0
2003-04-01 00:00:00-05:00,6.130000114440918,6.130000114440918,5.900000095367432,6.0,464800,0.0,0.0
2003-04-02 00:00:00-05:00,5.949999809265137,6.849999904632568,5.949999809265137,6.659999847412109,685100,0.0,0.0
2003-04-03 00:00:00-05:00,6.889999866485596,7.0,6.559999942779541,6.639999866485596,734000,0.0,0.0
2003-04-04 00:00:00-05:00,6.849999904632568,6.889999866485596,6.349999904632568,6.550000190734863,192400,0.0,0.0
2003-04-07 00:00:00-04:00,6.789999961853027,6.980000019073486,6.5,6.619999885559082,154300,0.0,0.0
2003-04-08 00:00:00-04:00,6.800000190734863,6.800000190734863,6.5,6.599999904632568,129500,0.0,0.0
2003-04-09 00:00:00-04:00,6.630000114440918,6.889999866485596,6.610000133514404,6.829999923706055,100600,0.0,0.0
2003-04-10 00:00:00-04:00,6.769999980926514,6.869999885559082,6.599999904632568,6.710000038146973,137400,0.0,0.0
2003-04-11 00:00:00-04:00,6.659999847412109,6.900000095367432,6.340000152587891,6.659999847412109,129900,0.0,0.0
2003-04-14 00:00:00-04:00,6.599999904632568,6.789999961853027,6.46999979019165,6.760000228881836,337600,0.0,0.0
2003-04-15 00:00:00-04:00,6.789999961853027,6.849999904632568,6.590000152587891,6.849999904632568,191800,0.0,0.0
2003-04-16 00:00:00-04:00,6.929999828338623,6.929999828338623,6.659999847412109,6.670000076293945,126400,0.0,0.0
2003-04-17 00:00:00-04:00,6.730000019073486,6.900000095367432,6.650000095367432,6.840000152587891,142300,0.0,0.0
2003-04-21 00:00:00-04:00,6.699999809265137,6.889999866485596,6.199999809265137,6.210000038146973,555300,0.0,0.0
2003-04-22 00:00:00-04:00,6.150000095367432,6.400000095367432,5.900000095367432,6.199999809265137,208300,0.0,0.0
2003-04-23 00:00:00-04:00,6.199999809265137,6.349999904632568,5.929999828338623,6.150000095367432,771200,0.0,0.0
2003-04-24 00:00:00-04:00,6.489999771118164,6.5,5.53000020980835,5.75,399600,0.0,0.0
2003-04-25 00:00:00-04:00,6.099999904632568,6.590000152587891,5.960000038146973,6.119999885559082,893300,0.0,0.0
2003-04-28 00:00:00-04:00,6.190000057220459,6.460000038146973,6.010000228881836,6.460000038146973,471700,0.0,0.0
2003-04-29 00:00:00-04:00,6.369999885559082,7.349999904632568,6.369999885559082,7.099999904632568,639100,0.0,0.0
2003-04-30 00:00:00-04:00,7.21999979019165,7.659999847412109,7.150000095367432,7.519999980926514,590500,0.0,0.0
2003-05-01 00:00:00-04:00,7.659999847412109,7.880000114440918,7.190000057220459,7.880000114440918,507200,0.0,0.0
2003-05-02 00:00:00-04:00,7.949999809265137,8.020000457763672,7.75,7.849999904632568,348700,0.0,0.0
2003-05-05 00:00:00-04:00,7.989999771118164,8.470000267028809,7.789999961853027,8.15999984741211,400800,0.0,0.0
2003-05-06 00:00:00-04:00,8.09000015258789,8.470000267028809,8.050000190734863,8.15999984741211,635400,0.0,0.0
2003-05-07 00:00:00-04:00,8.149999618530273,8.15999984741211,7.75,7.789999961853027,341600,0.0,0.0
2003-05-08 00:00:00-04:00,7.800000190734863,7.989999771118164,7.5,7.78000020980835,280700,0.0,0.0
2003-05-09 00:00:00-04:00,7.860000133514404,8.380000114440918,7.840000152587891,8.010000228881836,199700,0.0,0.0
2003-05-12 00:00:00-04:00,8.0,8.789999961853027,7.949999809265137,8.699999809265137,455600,0.0,0.0
2003-05-13 00:00:00-04:00,8.5600004196167,8.75,8.399999618530273,8.720000267028809,397000,0.0,0.0
2003-05-14 00:00:00-04:00,8.75,8.789999961853027,8.550000190734863,8.65999984741211,297400,0.0,0.0
2003-05-15 00:00:00-04:00,8.800000190734863,8.84000015258789,8.5600004196167,8.84000015258789,323000,0.0,0.0
2003-05-16 00:00:00-04:00,8.779999732971191,8.84000015258789,8.420000076293945,8.430000305175781,365700,0.0,0.0
2003-05-19 00:00:00-04:00,8.380000114440918,8.510000228881836,7.96999979019165,7.980000019073486,243800,0.0,0.0
2003-05-20 00:00:00-04:00,7.989999771118164,8.069999694824219,7.25,7.889999866485596,400600,0.0,0.0
2003-05-21 00:00:00-04:00,6.800000190734863,9.1899995803833,6.800000190734863,8.890000343322754,1393300,0.0,0.0
2003-05-22 00:00:00-04:00,8.949999809265137,9.34000015258789,8.710000038146973,9.079999923706055,326400,0.0,0.0
2003-05-23 00:00:00-04:00,9.050000190734863,9.149999618530273,8.800000190734863,9.079999923706055,195200,0.0,0.0
2003-05-27 00:00:00-04:00,9.149999618530273,9.289999961853027,8.699999809265137,9.279999732971191,505700,0.0,0.0
2003-05-28 00:00:00-04:00,9.399999618530273,10.09000015258789,8.8100004196167,9.649999618530273,1020500,0.0,0.0
2003-05-29 00:00:00-04:00,9.550000190734863,11.399999618530273,9.479999542236328,10.609999656677246,1332300,0.0,0.0
2003-05-30 00:00:00-04:00,10.550000190734863,10.649999618530273,10.0600004196167,10.130000114440918,927400,0.0,0.0
2003-06-02 00:00:00-04:00,10.170000076293945,10.850000381469727,10.0,10.229999542236328,760600,0.0,0.0
2003-06-03 00:00:00-04:00,10.15999984741211,10.649999618530273,10.029999732971191,10.300000190734863,467000,0.0,0.0
2003-06-04 00:00:00-04:00,10.399999618530273,10.729999542236328,10.25,10.300000190734863,512000,0.0,0.0
2003-06-05 00:00:00-04:00,10.40999984741211,10.609999656677246,10.010000228881836,10.220000267028809,516700,0.0,0.0
2003-06-06 00:00:00-04:00,10.100000381469727,10.380000114440918,9.34000015258789,9.489999771118164,645400,0.0,0.0
2003-06-09 00:00:00-04:00,9.329999923706055,10.079999923706055,9.25,9.680000305175781,378300,0.0,0.0
2003-06-10 00:00:00-04:00,9.6899995803833,10.380000114440918,9.399999618530273,10.079999923706055,327000,0.0,0.0
2003-06-11 00:00:00-04:00,10.0,11.09000015258789,9.850000381469727,10.890000343322754,281600,0.0,0.0
2003-06-12 00:00:00-04:00,10.979999542236328,11.25,10.75,11.0,210300,0.0,0.0
2003-06-13 00:00:00-04:00,11.020000457763672,11.140000343322754,10.75,10.8100004196167,114300,0.0,0.0
2003-06-16 00:00:00-04:00,10.75,12.069999694824219,10.649999618530273,11.75,521200,0.0,0.0
2003-06-17 00:00:00-04:00,11.829999923706055,11.90999984741211,11.359999656677246,11.899999618530273,284700,0.0,0.0
2003-06-18 00:00:00-04:00,12.010000228881836,12.029999732971191,11.350000381469727,11.8100004196167,348200,0.0,0.0
2003-06-19 00:00:00-04:00,11.75,11.899999618530273,11.5,11.65999984741211,333200,0.0,0.0
2003-06-20 00:00:00-04:00,11.949999809265137,11.979999542236328,11.5,11.75,154900,0.0,0.0
2003-06-23 00:00:00-04:00,11.979999542236328,11.979999542236328,11.25,11.5,316600,0.0,0.0
2003-06-24 00:00:00-04:00,11.5,11.75,11.479999542236328,11.479999542236328,264200,0.0,0.0
2003-06-25 00:00:00-04:00,11.399999618530273,11.510000228881836,11.260000228881836,11.369999885559082,204800,0.0,0.0
2003-06-26 00:00:00-04:00,11.529999732971191,11.75,10.680000305175781,11.739999771118164,422300,0.0,0.0
2003-06-27 00:00:00-04:00,11.5,12.0600004196167,11.5,11.869999885559082,593400,0.0,0.0
2003-06-30 00:00:00-04:00,11.880000114440918,12.6899995803833,11.850000381469727,12.600000381469727,746800,0.0,0.0
2003-07-01 00:00:00-04:00,13.039999961853027,13.069999694824219,12.1899995803833,13.039999961853027,348300,0.0,0.0
2003-07-02 00:00:00-04:00,13.109999656677246,13.720000267028809,12.890000343322754,13.600000381469727,526600,0.0,0.0
2003-07-03 00:00:00-04:00,13.600000381469727,14.010000228881836,13.5,13.800000190734863,282300,0.0,0.0
2003-07-07 00:00:00-04:00,14.699999809265137,14.770000457763672,14.0,14.100000381469727,576500,0.0,0.0
2003-07-08 00:00:00-04:00,14.100000381469727,14.100000381469727,13.289999961853027,13.369999885559082,595000,0.0,0.0
2003-07-09 00:00:00-04:00,13.34000015258789,13.949999809265137,12.5,13.850000381469727,534800,0.0,0.0
2003-07-10 00:00:00-04:00,14.300000190734863,14.300000190734863,12.899999618530273,13.5,292300,0.0,0.0
2003-07-11 00:00:00-04:00,13.289999961853027,13.899999618530273,13.239999771118164,13.380000114440918,221000,0.0,0.0
2003-07-14 00:00:00-04:00,13.100000381469727,13.699999809265137,13.050000190734863,13.180000305175781,305600,0.0,0.0
2003-07-15 00:00:00-04:00,13.260000228881836,13.600000381469727,13.050000190734863,13.470000267028809,231700,0.0,0.0
2003-07-16 00:00:00-04:00,13.550000190734863,13.550000190734863,12.5,13.0,587400,0.0,0.0
2003-07-17 00:00:00-04:00,12.789999961853027,12.989999771118164,11.100000381469727,11.109999656677246,833500,0.0,0.0
2003-07-18 00:00:00-04:00,11.079999923706055,11.850000381469727,9.9399995803833,11.350000381469727,912700,0.0,0.0
2003-07-21 00:00:00-04:00,11.539999961853027,12.020000457763672,10.470000267028809,11.220000267028809,335000,0.0,0.0
2003-07-22 00:00:00-04:00,11.15999984741211,11.829999923706055,10.5,11.59000015258789,348700,0.0,0.0
2003-07-23 00:00:00-04:00,11.600000381469727,12.3100004196167,11.5,12.300000190734863,285700,0.0,0.0
2003-07-24 00:00:00-04:00,12.5,13.0,12.329999923706055,12.630000114440918,356800,0.0,0.0
2003-07-25 00:00:00-04:00,12.039999961853027,14.0,11.649999618530273,13.829999923706055,951800,0.0,0.0
2003-07-28 00:00:00-04:00,13.960000038146973,14.369999885559082,13.800000190734863,14.300000190734863,674700,0.0,0.0
2003-07-29 00:00:00-04:00,14.289999961853027,14.329999923706055,13.0,13.260000228881836,454900,0.0,0.0
2003-07-30 00:00:00-04:00,13.149999618530273,13.850000381469727,12.899999618530273,13.550000190734863,752700,0.0,0.0
2003-07-31 00:00:00-04:00,13.5,13.5,12.5600004196167,13.0,881400,0.0,0.0
2003-08-01 00:00:00-04:00,12.84000015258789,13.0,12.289999961853027,12.460000038146973,240300,0.0,0.0
2003-08-04 00:00:00-04:00,12.289999961853027,12.329999923706055,11.770000457763672,11.84000015258789,390800,0.0,0.0
2003-08-05 00:00:00-04:00,11.989999771118164,12.199999809265137,11.819999694824219,11.949999809265137,228800,0.0,0.0
2003-08-06 00:00:00-04:00,12.199999809265137,12.399999618530273,10.9399995803833,11.170000076293945,526500,0.0,0.0
2003-08-07 00:00:00-04:00,11.0600004196167,11.25,10.949999809265137,11.050000190734863,130100,0.0,0.0
2003-08-08 00:00:00-04:00,11.050000190734863,11.300000190734863,11.0,11.130000114440918,307500,0.0,0.0
2003-08-11 00:00:00-04:00,11.420000076293945,12.199999809265137,11.140000343322754,11.270000457763672,194400,0.0,0.0
2003-08-12 00:00:00-04:00,11.489999771118164,11.649999618530273,11.260000228881836,11.399999618530273,136100,0.0,0.0
2003-08-13 00:00:00-04:00,11.399999618530273,12.550000190734863,11.399999618530273,11.84000015258789,319400,0.0,0.0
2003-08-14 00:00:00-04:00,11.75,12.0600004196167,11.100000381469727,11.390000343322754,380100,0.0,0.0
2003-08-15 00:00:00-04:00,11.199999809265137,11.59000015258789,11.0600004196167,11.180000305175781,266100,0.0,0.0
2003-08-18 00:00:00-04:00,11.579999923706055,11.770000457763672,11.25,11.5600004196167,308600,0.0,0.0
2003-08-19 00:00:00-04:00,11.65999984741211,11.75,11.380000114440918,11.449999809265137,206400,0.0,0.0
2003-08-20 00:00:00-04:00,11.229999542236328,11.600000381469727,11.220000267028809,11.529999732971191,139500,0.0,0.0
2003-08-21 00:00:00-04:00,11.550000190734863,11.600000381469727,11.130000114440918,11.300000190734863,189400,0.0,0.0
2003-08-22 00:00:00-04:00,11.199999809265137,11.600000381469727,11.100000381469727,11.229999542236328,180200,0.0,0.0
2003-08-25 00:00:00-04:00,11.140000343322754,11.149999618530273,10.600000381469727,10.800000190734863,338400,0.0,0.0
2003-08-26 00:00:00-04:00,10.619999885559082,10.720000267028809,10.149999618530273,10.449999809265137,780800,0.0,0.0
2003-08-27 00:00:00-04:00,10.229999542236328,10.819999694824219,10.229999542236328,10.760000228881836,460200,0.0,0.0
2003-08-28 00:00:00-04:00,10.449999809265137,10.789999961853027,10.449999809265137,10.619999885559082,335800,0.0,0.0
2003-08-29 00:00:00-04:00,10.84000015258789,11.130000114440918,10.779999732971191,11.069999694824219,467200,0.0,0.0
2003-09-02 00:00:00-04:00,11.0,11.5,10.850000381469727,11.300000190734863,338000,0.0,0.0
2003-09-03 00:00:00-04:00,11.579999923706055,12.699999809265137,11.539999961853027,12.529999732971191,841400,0.0,0.0
2003-09-04 00:00:00-04:00,12.649999618530273,13.5,12.350000381469727,13.399999618530273,674200,0.0,0.0
2003-09-05 00:00:00-04:00,13.239999771118164,13.6899995803833,12.680000305175781,13.489999771118164,439300,0.0,0.0
2003-09-08 00:00:00-04:00,13.630000114440918,13.800000190734863,13.579999923706055,13.75,272000,0.0,0.0
2003-09-09 00:00:00-04:00,13.789999961853027,13.800000190734863,13.140000343322754,13.34000015258789,360500,0.0,0.0
2003-09-10 00:00:00-04:00,13.0,13.390000343322754,12.760000228881836,13.25,367200,0.0,0.0
2003-09-11 00:00:00-04:00,13.5600004196167,13.9399995803833,13.489999771118164,13.729999542236328,428200,0.0,0.0
2003-09-12 00:00:00-04:00,13.710000038146973,13.8100004196167,13.449999809265137,13.6899995803833,131200,0.0,0.0
2003-09-15 00:00:00-04:00,13.789999961853027,13.850000381469727,13.449999809265137,13.539999961853027,111700,0.0,0.0
2003-09-16 00:00:00-04:00,13.59000015258789,14.25,13.4399995803833,14.09000015258789,442000,0.0,0.0
2003-09-17 00:00:00-04:00,14.079999923706055,14.1899995803833,13.8100004196167,13.949999809265137,271200,0.0,0.0
2003-09-18 00:00:00-04:00,13.949999809265137,14.0600004196167,13.8100004196167,13.9399995803833,272600,0.0,0.0
2003-09-19 00:00:00-04:00,13.760000228881836,14.0,13.65999984741211,13.9399995803833,257100,0.0,0.0
2003-09-22 00:00:00-04:00,13.739999771118164,14.050000190734863,13.489999771118164,13.819999694824219,226400,0.0,0.0
2003-09-23 00:00:00-04:00,13.850000381469727,13.979999542236328,13.550000190734863,13.75,133500,0.0,0.0
2003-09-24 00:00:00-04:00,13.770000457763672,13.770000457763672,12.850000381469727,13.09000015258789,366400,0.0,0.0
2003-09-25 00:00:00-04:00,13.050000190734863,13.479999542236328,12.850000381469727,12.949999809265137,304600,0.0,0.0
2003-09-26 00:00:00-04:00,12.949999809265137,12.949999809265137,12.4399995803833,12.930000305175781,390700,0.0,0.0
2003-09-29 00:00:00-04:00,12.84000015258789,13.100000381469727,12.449999809265137,12.699999809265137,285100,0.0,0.0
2003-09-30 00:00:00-04:00,12.65999984741211,12.880000114440918,12.479999542236328,12.510000228881836,208900,0.0,0.0
2003-10-01 00:00:00-04:00,12.5,13.0600004196167,12.489999771118164,12.850000381469727,210400,0.0,0.0
2003-10-02 00:00:00-04:00,12.779999732971191,13.4399995803833,12.779999732971191,13.399999618530273,231300,0.0,0.0
2003-10-03 00:00:00-04:00,13.4399995803833,13.760000228881836,13.289999961853027,13.630000114440918,317200,0.0,0.0
2003-10-06 00:00:00-04:00,13.460000038146973,13.899999618530273,13.4399995803833,13.850000381469727,153700,0.0,0.0
2003-10-07 00:00:00-04:00,13.470000267028809,13.869999885559082,13.210000038146973,13.649999618530273,258500,0.0,0.0
2003-10-08 00:00:00-04:00,13.6899995803833,13.859999656677246,13.319999694824219,13.489999771118164,381700,0.0,0.0
2003-10-09 00:00:00-04:00,13.609999656677246,15.460000038146973,13.369999885559082,15.380000114440918,2508000,0.0,0.0
2003-10-10 00:00:00-04:00,15.850000381469727,16.079999923706055,15.229999542236328,15.600000381469727,837300,0.0,0.0
2003-10-13 00:00:00-04:00,16.0,16.059999465942383,14.800000190734863,15.479999542236328,654800,0.0,0.0
2003-10-14 00:00:00-04:00,15.619999885559082,16.270000457763672,15.399999618530273,16.1200008392334,600600,0.0,0.0
2003-10-15 00:00:00-04:00,16.190000534057617,16.200000762939453,15.270000457763672,15.460000038146973,418100,0.0,0.0
2003-10-16 00:00:00-04:00,15.170000076293945,15.84000015258789,15.050000190734863,15.75,199200,0.0,0.0
2003-10-17 00:00:00-04:00,15.850000381469727,15.989999771118164,15.210000038146973,15.210000038146973,246400,0.0,0.0
2003-10-20 00:00:00-04:00,15.199999809265137,15.520000457763672,13.5,14.300000190734863,1274800,0.0,0.0
2003-10-21 00:00:00-04:00,14.350000381469727,14.899999618530273,14.199999809265137,14.6899995803833,303300,0.0,0.0
2003-10-22 00:00:00-04:00,14.5,14.800000190734863,14.0,14.0,226300,0.0,0.0
2003-10-23 00:00:00-04:00,13.619999885559082,15.300000190734863,13.5,14.09000015258789,641700,0.0,0.0
2003-10-24 00:00:00-04:00,14.09000015258789,14.789999961853027,13.520000457763672,14.619999885559082,415400,0.0,0.0
2003-10-27 00:00:00-05:00,14.569999694824219,15.520000457763672,14.5,15.399999618530273,485300,0.0,0.0
2003-10-28 00:00:00-05:00,15.399999618530273,16.139999389648438,15.199999809265137,16.1299991607666,373300,0.0,0.0
2003-10-29 00:00:00-05:00,15.680000305175781,15.720000267028809,15.100000381469727,15.649999618530273,699000,0.0,0.0
2003-10-30 00:00:00-05:00,15.359999656677246,15.449999809265137,15.0,15.300000190734863,828400,0.0,0.0
2003-10-31 00:00:00-05:00,15.399999618530273,15.460000038146973,15.210000038146973,15.40999984741211,324400,0.0,0.0
2003-11-03 00:00:00-05:00,15.220000267028809,16.969999313354492,15.199999809265137,16.93000030517578,1788500,0.0,0.0
2003-11-04 00:00:00-05:00,16.799999237060547,17.329999923706055,16.299999237060547,17.020000457763672,1301600,0.0,0.0
2003-11-05 00:00:00-05:00,17.0,17.149999618530273,16.5,16.940000534057617,740200,0.0,0.0
2003-11-06 00:00:00-05:00,16.959999084472656,17.8700008392334,16.850000381469727,17.729999542236328,716600,0.0,0.0
2003-11-07 00:00:00-05:00,17.90999984741211,17.959999084472656,17.510000228881836,17.8700008392334,654100,0.0,0.0
2003-11-10 00:00:00-05:00,17.799999237060547,17.799999237060547,17.100000381469727,17.549999237060547,416300,0.0,0.0
2003-11-11 00:00:00-05:00,17.510000228881836,17.600000381469727,16.670000076293945,16.950000762939453,638800,0.0,0.0
2003-11-12 00:00:00-05:00,17.010000228881836,17.860000610351562,16.889999389648438,17.790000915527344,449000,0.0,0.0
2003-11-13 00:00:00-05:00,16.790000915527344,17.0,16.549999237060547,16.8700008392334,1344100,0.0,0.0
2003-11-14 00:00:00-05:00,17.0,17.299999237060547,16.700000762939453,16.8799991607666,556300,0.0,0.0
2003-11-17 00:00:00-05:00,16.780000686645508,16.899999618530273,15.100000381469727,15.890000343322754,804200,0.0,0.0
2003-11-18 00:00:00-05:00,15.960000038146973,16.100000381469727,15.649999618530273,15.65999984741211,368600,0.0,0.0
2003-11-19 00:00:00-05:00,15.680000305175781,16.290000915527344,15.680000305175781,16.15999984741211,284100,0.0,0.0
2003-11-20 00:00:00-05:00,16.100000381469727,16.75,15.890000343322754,16.059999465942383,324700,0.0,0.0
2003-11-21 00:00:00-05:00,16.170000076293945,16.399999618530273,16.0,16.139999389648438,188200,0.0,0.0
2003-11-24 00:00:00-05:00,16.25,17.34000015258789,16.209999084472656,17.25,504600,0.0,0.0
2003-11-25 00:00:00-05:00,17.329999923706055,17.690000534057617,17.190000534057617,17.229999542236328,397600,0.0,0.0
2003-11-26 00:00:00-05:00,17.360000610351562,17.690000534057617,16.709999084472656,17.31999969482422,238500,0.0,0.0
2003-11-28 00:00:00-05:00,17.420000076293945,18.010000228881836,17.0,17.940000534057617,262300,0.0,0.0
2003-12-01 00:00:00-05:00,18.040000915527344,18.850000381469727,17.920000076293945,18.610000610351562,590400,0.0,0.0
2003-12-02 00:00:00-05:00,18.850000381469727,18.969999313354492,18.450000762939453,18.559999465942383,747400,0.0,0.0
2003-12-03 00:00:00-05:00,18.799999237060547,18.799999237060547,17.540000915527344,17.610000610351562,515700,0.0,0.0
2003-12-04 00:00:00-05:00,17.649999618530273,17.899999618530273,16.559999465942383,17.229999542236328,558500,0.0,0.0
2003-12-05 00:00:00-05:00,16.770000457763672,17.25,16.65999984741211,16.68000030517578,310600,0.0,0.0
2003-12-08 00:00:00-05:00,16.549999237060547,16.950000762939453,16.229999542236328,16.6299991607666,542100,0.0,0.0
2003-12-09 00:00:00-05:00,16.700000762939453,16.940000534057617,16.360000610351562,16.399999618530273,396600,0.0,0.0
2003-12-10 00:00:00-05:00,16.34000015258789,16.729999542236328,15.520000457763672,15.880000114440918,376200,0.0,0.0
2003-12-11 00:00:00-05:00,15.880000114440918,16.850000381469727,15.770000457763672,16.850000381469727,387900,0.0,0.0
2003-12-12 00:00:00-05:00,16.93000030517578,17.0,16.299999237060547,16.8700008392334,170700,0.0,0.0
2003-12-15 00:00:00-05:00,17.280000686645508,17.510000228881836,16.59000015258789,16.739999771118164,353300,0.0,0.0
2003-12-16 00:00:00-05:00,16.729999542236328,17.030000686645508,16.200000762939453,16.770000457763672,270500,0.0,0.0
2003-12-17 00:00:00-05:00,16.559999465942383,16.700000762939453,16.0,16.34000015258789,441700,0.0,0.0
2003-12-18 00:00:00-05:00,16.309999465942383,17.200000762939453,16.309999465942383,17.18000030517578,273400,0.0,0.0
2003-12-19 00:00:00-05:00,17.450000762939453,17.469999313354492,16.850000381469727,17.09000015258789,546200,0.0,0.0
2003-12-22 00:00:00-05:00,17.0,17.100000381469727,16.559999465942383,16.90999984741211,319400,0.0,0.0
2003-12-23 00:00:00-05:00,16.860000610351562,17.18000030517578,16.649999618530273,16.799999237060547,260500,0.0,0.0
2003-12-24 00:00:00-05:00,16.790000915527344,16.799999237060547,16.600000381469727,16.610000610351562,82600,0.0,0.0
2003-12-26 00:00:00-05:00,16.5,16.770000457763672,16.5,16.700000762939453,44400,0.0,0.0
2003-12-29 00:00:00-05:00,16.760000228881836,17.100000381469727,16.59000015258789,16.799999237060547,317900,0.0,0.0
2003-12-30 00:00:00-05:00,16.790000915527344,17.290000915527344,16.700000762939453,16.940000534057617,380600,0.0,0.0
2003-12-31 00:00:00-05:00,16.899999618530273,17.06999969482422,16.459999084472656,16.510000228881836,368500,0.0,0.0
2004-01-02 00:00:00-05:00,16.739999771118164,17.049999237060547,16.469999313354492,16.690000534057617,290700,0.0,0.0
2004-01-05 00:00:00-05:00,17.190000534057617,18.049999237060547,16.81999969482422,17.59000015258789,894200,0.0,0.0
2004-01-06 00:00:00-05:00,17.739999771118164,18.18000030517578,17.399999618530273,18.18000030517578,430700,0.0,0.0
2004-01-07 00:00:00-05:00,17.8799991607666,18.790000915527344,17.829999923706055,18.700000762939453,545100,0.0,0.0
2004-01-08 00:00:00-05:00,18.770000457763672,18.799999237060547,18.010000228881836,18.68000030517578,471500,0.0,0.0
2004-01-09 00:00:00-05:00,18.649999618530273,18.850000381469727,18.200000762939453,18.5,521900,0.0,0.0
2004-01-12 00:00:00-05:00,18.420000076293945,19.790000915527344,18.260000228881836,19.790000915527344,809600,0.0,0.0
2004-01-13 00:00:00-05:00,19.75,19.81999969482422,18.43000030517578,19.170000076293945,519300,0.0,0.0
2004-01-14 00:00:00-05:00,19.489999771118164,19.850000381469727,18.760000228881836,19.68000030517578,440400,0.0,0.0
2004-01-15 00:00:00-05:00,19.790000915527344,19.81999969482422,18.899999618530273,19.200000762939453,633900,0.0,0.0
2004-01-16 00:00:00-05:00,19.399999618530273,20.940000534057617,19.170000076293945,20.059999465942383,1099400,0.0,0.0
2004-01-20 00:00:00-05:00,20.200000762939453,20.5,19.950000762939453,20.479999542236328,394600,0.0,0.0
2004-01-21 00:00:00-05:00,20.389999389648438,21.0,20.079999923706055,20.389999389648438,425900,0.0,0.0
2004-01-22 00:00:00-05:00,20.549999237060547,20.760000228881836,19.600000381469727,20.0,568000,0.0,0.0
2004-01-23 00:00:00-05:00,20.43000030517578,20.899999618530273,20.239999771118164,20.780000686645508,508500,0.0,0.0
2004-01-26 00:00:00-05:00,20.700000762939453,21.899999618530273,20.520000457763672,21.790000915527344,597000,0.0,0.0
2004-01-27 00:00:00-05:00,21.799999237060547,21.850000381469727,21.020000457763672,21.450000762939453,633300,0.0,0.0
2004-01-28 00:00:00-05:00,21.270000457763672,21.479999542236328,19.6200008392334,19.739999771118164,508300,0.0,0.0
2004-01-29 00:00:00-05:00,20.350000381469727,20.5,16.549999237060547,19.0,2584800,0.0,0.0
2004-01-30 00:00:00-05:00,19.170000076293945,21.479999542236328,18.200000762939453,20.75,1349300,0.0,0.0
2004-02-02 00:00:00-05:00,21.0,21.100000381469727,19.899999618530273,20.68000030517578,684500,0.0,0.0
2004-02-03 00:00:00-05:00,20.559999465942383,21.1299991607666,20.25,20.809999465942383,306300,0.0,0.0
2004-02-04 00:00:00-05:00,20.149999618530273,20.25,19.799999237060547,20.0,1018200,0.0,0.0
2004-02-05 00:00:00-05:00,19.950000762939453,20.450000762939453,19.950000762939453,20.25,463700,0.0,0.0
2004-02-06 00:00:00-05:00,20.469999313354492,20.799999237060547,20.020000457763672,20.68000030517578,371200,0.0,0.0
2004-02-09 00:00:00-05:00,20.520000457763672,20.829999923706055,20.149999618530273,20.790000915527344,440000,0.0,0.0
2004-02-10 00:00:00-05:00,20.540000915527344,20.989999771118164,20.440000534057617,20.700000762939453,497600,0.0,0.0
2004-02-11 00:00:00-05:00,20.75,21.5,20.59000015258789,21.420000076293945,861000,0.0,0.0
2004-02-12 00:00:00-05:00,21.309999465942383,21.799999237060547,21.149999618530273,21.389999389648438,367000,0.0,0.0
2004-02-13 00:00:00-05:00,21.559999465942383,21.59000015258789,20.280000686645508,20.290000915527344,519100,0.0,0.0
2004-02-17 00:00:00-05:00,20.549999237060547,21.25,20.450000762939453,20.829999923706055,366700,0.0,0.0
2004-02-18 00:00:00-05:00,20.899999618530273,21.079999923706055,20.25,20.350000381469727,326900,0.0,0.0
2004-02-19 00:00:00-05:00,20.3799991607666,20.75,19.68000030517578,19.68000030517578,455600,0.0,0.0
2004-02-20 00:00:00-05:00,19.65999984741211,20.25,19.520000457763672,20.020000457763672,464100,0.0,0.0
2004-02-23 00:00:00-05:00,19.989999771118164,20.219999313354492,19.510000228881836,19.969999313354492,518800,0.0,0.0
2004-02-24 00:00:00-05:00,19.709999084472656,20.479999542236328,19.1200008392334,19.520000457763672,478200,0.0,0.0
2004-02-25 00:00:00-05:00,19.690000534057617,20.059999465942383,19.3799991607666,20.059999465942383,274200,0.0,0.0
2004-02-26 00:00:00-05:00,20.190000534057617,20.239999771118164,19.5,19.700000762939453,412400,0.0,0.0
2004-02-27 00:00:00-05:00,19.579999923706055,19.75,19.520000457763672,19.670000076293945,353500,0.0,0.0
2004-03-01 00:00:00-05:00,19.6200008392334,19.84000015258789,19.549999237060547,19.610000610351562,364500,0.0,0.0
2004-03-02 00:00:00-05:00,19.520000457763672,19.850000381469727,19.5,19.56999969482422,543800,0.0,0.0
2004-03-03 00:00:00-05:00,19.299999237060547,19.829999923706055,19.260000228881836,19.479999542236328,228200,0.0,0.0
2004-03-04 00:00:00-05:00,19.299999237060547,20.0,18.809999465942383,19.93000030517578,411100,0.0,0.0
2004-03-05 00:00:00-05:00,19.899999618530273,20.229999542236328,19.360000610351562,19.65999984741211,266500,0.0,0.0
2004-03-08 00:00:00-05:00,19.600000381469727,20.190000534057617,19.100000381469727,19.110000610351562,253100,0.0,0.0
2004-03-09 00:00:00-05:00,19.100000381469727,19.459999084472656,18.8700008392334,19.139999389648438,290500,0.0,0.0
2004-03-10 00:00:00-05:00,18.959999084472656,19.59000015258789,18.610000610351562,18.75,322100,0.0,0.0
2004-03-11 00:00:00-05:00,18.75,19.040000915527344,18.110000610351562,18.200000762939453,369700,0.0,0.0
2004-03-12 00:00:00-05:00,18.0,19.049999237060547,17.989999771118164,18.729999542236328,337000,0.0,0.0
2004-03-15 00:00:00-05:00,18.700000762939453,18.790000915527344,17.770000457763672,17.93000030517578,334900,0.0,0.0
2004-03-16 00:00:00-05:00,17.90999984741211,18.219999313354492,17.450000762939453,18.09000015258789,614200,0.0,0.0
2004-03-17 00:00:00-05:00,18.25,18.75,18.219999313354492,18.389999389648438,201700,0.0,0.0
2004-03-18 00:00:00-05:00,18.139999389648438,18.809999465942383,18.139999389648438,18.350000381469727,222600,0.0,0.0
2004-03-19 00:00:00-05:00,18.860000610351562,18.8799991607666,18.350000381469727,18.510000228881836,241500,0.0,0.0
2004-03-22 00:00:00-05:00,18.530000686645508,18.600000381469727,17.760000228881836,17.969999313354492,317300,0.0,0.0
2004-03-23 00:00:00-05:00,18.3799991607666,18.3799991607666,17.56999969482422,18.0,313000,0.0,0.0
2004-03-24 00:00:00-05:00,17.75,18.239999771118164,17.75,18.010000228881836,260100,0.0,0.0
2004-03-25 00:00:00-05:00,18.200000762939453,19.0,18.010000228881836,18.850000381469727,354300,0.0,0.0
2004-03-26 00:00:00-05:00,18.84000015258789,19.149999618530273,18.719999313354492,18.969999313354492,186500,0.0,0.0
2004-03-29 00:00:00-05:00,19.139999389648438,19.649999618530273,19.139999389648438,19.450000762939453,218500,0.0,0.0
2004-03-30 00:00:00-05:00,19.3799991607666,19.700000762939453,19.270000457763672,19.399999618530273,237400,0.0,0.0
2004-03-31 00:00:00-05:00,19.489999771118164,19.56999969482422,18.959999084472656,19.010000228881836,263000,0.0,0.0
2004-04-01 00:00:00-05:00,19.219999313354492,20.0,19.18000030517578,19.93000030517578,305600,0.0,0.0
2004-04-02 00:00:00-05:00,20.0,20.5,19.950000762939453,20.260000228881836,306100,0.0,0.0
2004-04-05 00:00:00-04:00,20.309999465942383,21.190000534057617,20.059999465942383,21.049999237060547,418100,0.0,0.0
2004-04-06 00:00:00-04:00,20.979999542236328,21.1200008392334,20.65999984741211,20.799999237060547,261900,0.0,0.0
2004-04-07 00:00:00-04:00,20.809999465942383,21.049999237060547,20.5,20.579999923706055,737500,0.0,0.0
2004-04-08 00:00:00-04:00,20.739999771118164,20.959999084472656,20.190000534057617,20.420000076293945,518000,0.0,0.0
2004-04-12 00:00:00-04:00,20.350000381469727,22.75,20.170000076293945,22.43000030517578,921800,0.0,0.0
2004-04-13 00:00:00-04:00,22.450000762939453,22.600000381469727,21.420000076293945,21.5,507700,0.0,0.0
2004-04-14 00:00:00-04:00,21.40999984741211,22.149999618530273,20.75,22.030000686645508,386300,0.0,0.0
2004-04-15 00:00:00-04:00,22.06999969482422,22.290000915527344,21.540000915527344,21.700000762939453,425900,0.0,0.0
2004-04-16 00:00:00-04:00,21.760000228881836,22.399999618530273,21.299999237060547,22.059999465942383,246400,0.0,0.0
2004-04-19 00:00:00-04:00,22.100000381469727,22.809999465942383,21.899999618530273,22.799999237060547,217900,0.0,0.0
2004-04-20 00:00:00-04:00,22.75,22.75,20.68000030517578,20.770000457763672,821100,0.0,0.0
2004-04-21 00:00:00-04:00,20.600000381469727,21.729999542236328,20.0,21.239999771118164,464700,0.0,0.0
2004-04-22 00:00:00-04:00,21.0,21.0,18.3700008392334,19.200000762939453,2041200,0.0,0.0
2004-04-23 00:00:00-04:00,19.31999969482422,19.31999969482422,18.799999237060547,19.0,535800,0.0,0.0
2004-04-26 00:00:00-04:00,19.25,19.290000915527344,18.75,18.979999542236328,606300,0.0,0.0
2004-04-27 00:00:00-04:00,18.899999618530273,19.149999618530273,18.700000762939453,18.950000762939453,476400,0.0,0.0
2004-04-28 00:00:00-04:00,18.860000610351562,19.0,18.15999984741211,18.200000762939453,453600,0.0,0.0
2004-04-29 00:00:00-04:00,18.15999984741211,18.600000381469727,17.84000015258789,18.030000686645508,368500,0.0,0.0
2004-04-30 00:00:00-04:00,18.3799991607666,18.3799991607666,17.31999969482422,17.360000610351562,356800,0.0,0.0
2004-05-03 00:00:00-04:00,17.670000076293945,18.600000381469727,17.280000686645508,18.459999084472656,671700,0.0,0.0
2004-05-04 00:00:00-04:00,18.600000381469727,18.860000610351562,17.8799991607666,18.739999771118164,352000,0.0,0.0
2004-05-05 00:00:00-04:00,18.75,18.950000762939453,18.43000030517578,18.860000610351562,250200,0.0,0.0
2004-05-06 00:00:00-04:00,18.84000015258789,18.84000015258789,17.979999542236328,18.299999237060547,342800,0.0,0.0
2004-05-07 00:00:00-04:00,18.209999084472656,18.8700008392334,17.969999313354492,18.0,234700,0.0,0.0
2004-05-10 00:00:00-04:00,18.0,18.34000015258789,17.25,18.040000915527344,511600,0.0,0.0
2004-05-11 00:00:00-04:00,18.299999237060547,18.690000534057617,18.020000457763672,18.68000030517578,242400,0.0,0.0
2004-05-12 00:00:00-04:00,18.729999542236328,18.979999542236328,18.049999237060547,18.799999237060547,391300,0.0,0.0
2004-05-13 00:00:00-04:00,18.479999542236328,19.34000015258789,18.459999084472656,19.110000610351562,513600,0.0,0.0
2004-05-14 00:00:00-04:00,19.149999618530273,19.489999771118164,18.950000762939453,19.31999969482422,324700,0.0,0.0
2004-05-17 00:00:00-04:00,19.190000534057617,19.5,18.559999465942383,19.420000076293945,347400,0.0,0.0
2004-05-18 00:00:00-04:00,19.489999771118164,19.639999389648438,19.200000762939453,19.610000610351562,289500,0.0,0.0
2004-05-19 00:00:00-04:00,19.700000762939453,20.190000534057617,19.200000762939453,19.399999618530273,395500,0.0,0.0
2004-05-20 00:00:00-04:00,19.520000457763672,19.75,19.0,19.459999084472656,208900,0.0,0.0
2004-05-21 00:00:00-04:00,19.399999618530273,19.399999618530273,19.1200008392334,19.270000457763672,251100,0.0,0.0
2004-05-24 00:00:00-04:00,19.549999237060547,20.0,19.290000915527344,19.639999389648438,442900,0.0,0.0
2004-05-25 00:00:00-04:00,19.549999237060547,20.0,19.489999771118164,19.969999313354492,393800,0.0,0.0
2004-05-26 00:00:00-04:00,19.200000762939453,19.450000762939453,18.799999237060547,18.90999984741211,977900,0.0,0.0
2004-05-27 00:00:00-04:00,18.989999771118164,19.209999084472656,18.479999542236328,19.09000015258789,529200,0.0,0.0
2004-05-28 00:00:00-04:00,19.18000030517578,19.299999237060547,18.700000762939453,19.059999465942383,569700,0.0,0.0
2004-06-01 00:00:00-04:00,19.0,19.299999237060547,18.65999984741211,18.809999465942383,494000,0.0,0.0
2004-06-02 00:00:00-04:00,18.920000076293945,19.270000457763672,18.81999969482422,19.079999923706055,819200,0.0,0.0
2004-06-03 00:00:00-04:00,19.0,19.270000457763672,18.780000686645508,18.90999984741211,450900,0.0,0.0
2004-06-04 00:00:00-04:00,18.989999771118164,19.100000381469727,18.329999923706055,18.59000015258789,411300,0.0,0.0
2004-06-07 00:00:00-04:00,18.799999237060547,18.799999237060547,18.299999237060547,18.68000030517578,675800,0.0,0.0
2004-06-08 00:00:00-04:00,18.700000762939453,18.700000762939453,18.260000228881836,18.399999618530273,387500,0.0,0.0
2004-06-09 00:00:00-04:00,18.459999084472656,18.469999313354492,17.780000686645508,17.84000015258789,564900,0.0,0.0
2004-06-10 00:00:00-04:00,17.739999771118164,18.559999465942383,17.729999542236328,17.829999923706055,446900,0.0,0.0
2004-06-14 00:00:00-04:00,17.850000381469727,17.969999313354492,17.399999618530273,17.399999618530273,760200,0.0,0.0
2004-06-15 00:00:00-04:00,17.389999389648438,18.510000228881836,17.299999237060547,18.299999237060547,604000,0.0,0.0
2004-06-16 00:00:00-04:00,18.489999771118164,18.600000381469727,18.09000015258789,18.520000457763672,556700,0.0,0.0
2004-06-17 00:00:00-04:00,18.3700008392334,18.540000915527344,18.100000381469727,18.209999084472656,578000,0.0,0.0
2004-06-18 00:00:00-04:00,18.100000381469727,18.6299991607666,17.90999984741211,18.3700008392334,461700,0.0,0.0
2004-06-21 00:00:00-04:00,18.270000457763672,18.649999618530273,18.149999618530273,18.389999389648438,381700,0.0,0.0
2004-06-22 00:00:00-04:00,18.299999237060547,18.549999237060547,18.18000030517578,18.530000686645508,407400,0.0,0.0
2004-06-23 00:00:00-04:00,18.6200008392334,18.84000015258789,18.549999237060547,18.790000915527344,691700,0.0,0.0
2004-06-24 00:00:00-04:00,18.799999237060547,18.799999237060547,18.219999313354492,18.360000610351562,417500,0.0,0.0
2004-06-25 00:00:00-04:00,18.200000762939453,18.649999618530273,18.200000762939453,18.450000762939453,670600,0.0,0.0
2004-06-28 00:00:00-04:00,18.5,18.5,18.200000762939453,18.280000686645508,414300,0.0,0.0
2004-06-29 00:00:00-04:00,18.25,18.479999542236328,18.170000076293945,18.350000381469727,534000,0.0,0.0
2004-06-30 00:00:00-04:00,18.399999618530273,19.149999618530273,18.299999237060547,19.0,604700,0.0,0.0
2004-07-01 00:00:00-04:00,18.90999984741211,19.149999618530273,18.299999237060547,18.719999313354492,306300,0.0,0.0
2004-07-02 00:00:00-04:00,18.5,18.700000762939453,18.350000381469727,18.3700008392334,273800,0.0,0.0
2004-07-06 00:00:00-04:00,18.299999237060547,18.5,17.56999969482422,17.690000534057617,760900,0.0,0.0
2004-07-07 00:00:00-04:00,17.790000915527344,18.059999465942383,17.559999465942383,17.899999618530273,578700,0.0,0.0
2004-07-08 00:00:00-04:00,17.889999389648438,18.059999465942383,16.860000610351562,16.950000762939453,1164500,0.0,0.0
2004-07-09 00:00:00-04:00,17.06999969482422,17.06999969482422,16.059999465942383,16.239999771118164,892400,0.0,0.0
2004-07-12 00:00:00-04:00,16.200000762939453,16.5,15.800000190734863,16.049999237060547,1082400,0.0,0.0
2004-07-13 00:00:00-04:00,16.1200008392334,16.329999923706055,15.949999809265137,15.970000267028809,633500,0.0,0.0
2004-07-14 00:00:00-04:00,15.75,16.18000030517578,15.579999923706055,15.920000076293945,552600,0.0,0.0
2004-07-15 00:00:00-04:00,15.649999618530273,16.299999237060547,15.640000343322754,16.079999923706055,604400,0.0,0.0
2004-07-16 00:00:00-04:00,16.079999923706055,16.18000030517578,15.420000076293945,15.5,317900,0.0,0.0
2004-07-19 00:00:00-04:00,15.40999984741211,15.75,15.40999984741211,15.600000381469727,967500,0.0,0.0
2004-07-20 00:00:00-04:00,15.819999694824219,16.219999313354492,15.600000381469727,16.1299991607666,1159500,0.0,0.0
2004-07-21 00:00:00-04:00,15.9399995803833,16.389999389648438,15.229999542236328,15.260000228881836,887000,0.0,0.0
2004-07-22 00:00:00-04:00,15.949999809265137,17.75,15.949999809265137,17.700000762939453,2401500,0.0,0.0
2004-07-23 00:00:00-04:00,17.75,18.049999237060547,17.559999465942383,17.90999984741211,700100,0.0,0.0
2004-07-26 00:00:00-04:00,17.170000076293945,17.600000381469727,16.56999969482422,16.899999618530273,1808400,0.0,0.0
2004-07-27 00:00:00-04:00,16.899999618530273,17.0,16.399999618530273,16.68000030517578,999500,0.0,0.0
2004-07-28 00:00:00-04:00,16.510000228881836,17.200000762939453,16.510000228881836,17.020000457763672,917400,0.0,0.0
2004-07-29 00:00:00-04:00,17.280000686645508,17.299999237060547,16.440000534057617,16.799999237060547,414500,0.0,0.0
2004-07-30 00:00:00-04:00,16.649999618530273,17.290000915527344,16.649999618530273,17.18000030517578,381500,0.0,0.0
2004-08-02 00:00:00-04:00,17.34000015258789,17.350000381469727,16.729999542236328,16.959999084472656,616100,0.0,0.0
2004-08-03 00:00:00-04:00,16.81999969482422,16.940000534057617,16.040000915527344,16.260000228881836,700100,0.0,0.0
2004-08-04 00:00:00-04:00,16.100000381469727,16.34000015258789,15.680000305175781,16.010000228881836,651600,0.0,0.0
2004-08-05 00:00:00-04:00,16.0,16.219999313354492,15.5,15.579999923706055,393300,0.0,0.0
2004-08-06 00:00:00-04:00,15.5,15.5,14.739999771118164,14.84000015258789,710700,0.0,0.0
2004-08-09 00:00:00-04:00,14.84000015258789,15.0,14.550000190734863,14.850000381469727,427800,0.0,0.0
2004-08-10 00:00:00-04:00,14.739999771118164,15.529999732971191,14.739999771118164,15.5,638900,0.0,0.0
2004-08-11 00:00:00-04:00,15.289999961853027,15.399999618530273,14.920000076293945,15.100000381469727,810800,0.0,0.0
2004-08-12 00:00:00-04:00,15.0600004196167,15.1899995803833,14.470000267028809,14.479999542236328,569500,0.0,0.0
2004-08-13 00:00:00-04:00,14.390000343322754,14.619999885559082,13.600000381469727,13.899999618530273,1211200,0.0,0.0
2004-08-16 00:00:00-04:00,13.800000190734863,14.25,13.710000038146973,14.1899995803833,369800,0.0,0.0
2004-08-17 00:00:00-04:00,14.289999961853027,15.180000305175781,14.0600004196167,14.520000457763672,680600,0.0,0.0
2004-08-18 00:00:00-04:00,14.300000190734863,15.100000381469727,14.300000190734863,15.020000457763672,548200,0.0,0.0
2004-08-19 00:00:00-04:00,14.819999694824219,15.220000267028809,14.819999694824219,15.020000457763672,547300,0.0,0.0
2004-08-20 00:00:00-04:00,14.970000267028809,15.0600004196167,14.899999618530273,14.899999618530273,411400,0.0,0.0
2004-08-23 00:00:00-04:00,15.0,15.029999732971191,14.600000381469727,14.829999923706055,411200,0.0,0.0
2004-08-24 00:00:00-04:00,14.930000305175781,15.050000190734863,14.760000228881836,14.880000114440918,391500,0.0,0.0
2004-08-25 00:00:00-04:00,14.789999961853027,15.5,14.640000343322754,15.300000190734863,581000,0.0,0.0
2004-08-26 00:00:00-04:00,15.40999984741211,15.420000076293945,14.989999771118164,15.300000190734863,427100,0.0,0.0
2004-08-27 00:00:00-04:00,15.149999618530273,15.489999771118164,15.130000114440918,15.420000076293945,296200,0.0,0.0
2004-08-30 00:00:00-04:00,15.350000381469727,15.5,15.09000015258789,15.390000343322754,526300,0.0,0.0
2004-08-31 00:00:00-04:00,15.239999771118164,15.40999984741211,14.880000114440918,15.319999694824219,518100,0.0,0.0
2004-09-01 00:00:00-04:00,15.199999809265137,15.770000457763672,14.75,15.359999656677246,476100,0.0,0.0
2004-09-02 00:00:00-04:00,15.149999618530273,15.479999542236328,15.149999618530273,15.359999656677246,381700,0.0,0.0
2004-09-03 00:00:00-04:00,15.449999809265137,15.449999809265137,15.020000457763672,15.25,324500,0.0,0.0
2004-09-07 00:00:00-04:00,15.25,15.399999618530273,15.180000305175781,15.34000015258789,421200,0.0,0.0
2004-09-08 00:00:00-04:00,15.319999694824219,15.510000228881836,15.300000190734863,15.3100004196167,229500,0.0,0.0
2004-09-09 00:00:00-04:00,15.350000381469727,15.739999771118164,15.3100004196167,15.510000228881836,292500,0.0,0.0
2004-09-10 00:00:00-04:00,15.449999809265137,16.75,15.449999809265137,16.280000686645508,738000,0.0,0.0
2004-09-13 00:00:00-04:00,16.290000915527344,16.559999465942383,16.18000030517578,16.290000915527344,322100,0.0,0.0
2004-09-14 00:00:00-04:00,16.360000610351562,16.5,16.049999237060547,16.15999984741211,525600,0.0,0.0
2004-09-15 00:00:00-04:00,16.280000686645508,16.290000915527344,15.609999656677246,15.739999771118164,487700,0.0,0.0
2004-09-16 00:00:00-04:00,15.789999961853027,15.84000015258789,15.600000381469727,15.75,338300,0.0,0.0
2004-09-17 00:00:00-04:00,16.399999618530273,16.420000076293945,15.229999542236328,15.6899995803833,420100,0.0,0.0
2004-09-20 00:00:00-04:00,15.550000190734863,15.800000190734863,15.3100004196167,15.390000343322754,192300,0.0,0.0
2004-09-21 00:00:00-04:00,15.220000267028809,15.739999771118164,15.220000267028809,15.609999656677246,236100,0.0,0.0
2004-09-22 00:00:00-04:00,15.470000267028809,15.600000381469727,14.949999809265137,15.109999656677246,547700,0.0,0.0
2004-09-23 00:00:00-04:00,15.140000343322754,15.239999771118164,15.0,15.039999961853027,343700,0.0,0.0
2004-09-24 00:00:00-04:00,14.930000305175781,15.020000457763672,14.84000015258789,14.850000381469727,470200,0.0,0.0
2004-09-27 00:00:00-04:00,14.789999961853027,14.930000305175781,14.579999923706055,14.699999809265137,582400,0.0,0.0
2004-09-28 00:00:00-04:00,14.729999542236328,15.239999771118164,14.539999961853027,15.140000343322754,528100,0.0,0.0
2004-09-29 00:00:00-04:00,15.25,15.380000114440918,15.0,15.369999885559082,402700,0.0,0.0
2004-09-30 00:00:00-04:00,15.239999771118164,15.369999885559082,15.119999885559082,15.279999732971191,567900,0.0,0.0
2004-10-01 00:00:00-04:00,15.430000305175781,15.789999961853027,15.229999542236328,15.720000267028809,412800,0.0,0.0
2004-10-04 00:00:00-04:00,15.760000228881836,16.25,15.640000343322754,16.200000762939453,820800,0.0,0.0
2004-10-05 00:00:00-04:00,16.219999313354492,16.34000015258789,16.100000381469727,16.34000015258789,549300,0.0,0.0
2004-10-06 00:00:00-04:00,16.09000015258789,16.25,16.0,16.190000534057617,633100,0.0,0.0
2004-10-07 00:00:00-04:00,16.06999969482422,16.190000534057617,15.699999809265137,15.75,302300,0.0,0.0
2004-10-08 00:00:00-04:00,15.770000457763672,15.859999656677246,15.5,15.550000190734863,273400,0.0,0.0
2004-10-11 00:00:00-04:00,15.649999618530273,15.720000267028809,15.399999618530273,15.649999618530273,483200,0.0,0.0
2004-10-12 00:00:00-04:00,15.630000114440918,15.680000305175781,15.5,15.579999923706055,358600,0.0,0.0
2004-10-13 00:00:00-04:00,15.579999923706055,15.619999885559082,15.029999732971191,15.170000076293945,414600,0.0,0.0
2004-10-14 00:00:00-04:00,15.0600004196167,15.210000038146973,14.890000343322754,14.9399995803833,315000,0.0,0.0
2004-10-15 00:00:00-04:00,14.949999809265137,15.199999809265137,14.880000114440918,15.0,210600,0.0,0.0
2004-10-18 00:00:00-04:00,14.960000038146973,15.100000381469727,14.380000114440918,14.479999542236328,765300,0.0,0.0
2004-10-19 00:00:00-04:00,14.770000457763672,14.869999885559082,13.630000114440918,14.119999885559082,1369900,0.0,0.0
2004-10-20 00:00:00-04:00,14.300000190734863,14.819999694824219,13.960000038146973,14.819999694824219,817800,0.0,0.0
2004-10-21 00:00:00-04:00,14.149999618530273,14.279999732971191,9.710000038146973,9.899999618530273,13008100,0.0,0.0
2004-10-22 00:00:00-04:00,10.149999618530273,10.199999809265137,9.550000190734863,9.760000228881836,2963400,0.0,0.0
2004-10-25 00:00:00-04:00,9.75,9.930000305175781,9.149999618530273,9.25,1691000,0.0,0.0
2004-10-26 00:00:00-04:00,9.260000228881836,9.279999732971191,8.850000381469727,8.970000267028809,1257400,0.0,0.0
2004-10-27 00:00:00-04:00,9.0,9.729999542236328,8.899999618530273,9.640000343322754,1666200,0.0,0.0
2004-10-28 00:00:00-04:00,9.619999885559082,10.0600004196167,9.609999656677246,9.949999809265137,1987700,0.0,0.0
2004-10-29 00:00:00-04:00,10.149999618530273,10.649999618530273,10.0,10.380000114440918,2836900,0.0,0.0
2004-11-01 00:00:00-05:00,10.529999732971191,10.600000381469727,10.100000381469727,10.489999771118164,1404300,0.0,0.0
2004-11-02 00:00:00-05:00,10.5600004196167,10.869999885559082,10.350000381469727,10.6899995803833,1299300,0.0,0.0
2004-11-03 00:00:00-05:00,11.020000457763672,11.149999618530273,10.760000228881836,11.020000457763672,1129800,0.0,0.0
2004-11-04 00:00:00-05:00,10.779999732971191,11.0,10.699999809265137,10.979999542236328,824600,0.0,0.0
2004-11-05 00:00:00-05:00,10.899999618530273,11.029999732971191,10.8100004196167,10.989999771118164,657000,0.0,0.0
2004-11-08 00:00:00-05:00,11.0,11.0,10.699999809265137,10.75,857500,0.0,0.0
2004-11-09 00:00:00-05:00,11.039999961853027,11.279999732971191,10.850000381469727,11.270000457763672,1753400,0.0,0.0
2004-11-10 00:00:00-05:00,11.479999542236328,11.489999771118164,11.09000015258789,11.119999885559082,802700,0.0,0.0
2004-11-11 00:00:00-05:00,11.09000015258789,11.09000015258789,10.760000228881836,10.949999809265137,750600,0.0,0.0
2004-11-12 00:00:00-05:00,10.760000228881836,11.050000190734863,10.710000038146973,10.720000267028809,702800,0.0,0.0
2004-11-15 00:00:00-05:00,10.739999771118164,10.869999885559082,10.699999809265137,10.770000457763672,498800,0.0,0.0
2004-11-16 00:00:00-05:00,10.520000457763672,10.850000381469727,10.420000076293945,10.539999961853027,857100,0.0,0.0
2004-11-17 00:00:00-05:00,10.59000015258789,10.699999809265137,10.390000343322754,10.5600004196167,830900,0.0,0.0
2004-11-18 00:00:00-05:00,10.949999809265137,11.119999885559082,10.800000190734863,10.850000381469727,1224900,0.0,0.0
2004-11-19 00:00:00-05:00,10.800000190734863,10.9399995803833,10.65999984741211,10.65999984741211,485800,0.0,0.0
2004-11-22 00:00:00-05:00,10.569999694824219,10.869999885559082,10.350000381469727,10.529999732971191,599800,0.0,0.0
2004-11-23 00:00:00-05:00,10.510000228881836,10.59000015258789,10.199999809265137,10.369999885559082,423400,0.0,0.0
2004-11-24 00:00:00-05:00,10.4399995803833,10.4399995803833,10.199999809265137,10.239999771118164,600100,0.0,0.0
2004-11-26 00:00:00-05:00,10.34000015258789,10.359999656677246,10.239999771118164,10.300000190734863,93200,0.0,0.0
2004-11-29 00:00:00-05:00,10.279999732971191,10.609999656677246,10.279999732971191,10.579999923706055,607400,0.0,0.0
2004-11-30 00:00:00-05:00,10.65999984741211,10.65999984741211,10.430000305175781,10.569999694824219,534600,0.0,0.0
2004-12-01 00:00:00-05:00,11.0600004196167,11.760000228881836,10.859999656677246,11.739999771118164,1900300,0.0,0.0
2004-12-02 00:00:00-05:00,11.739999771118164,11.899999618530273,11.5,11.720000267028809,671000,0.0,0.0
2004-12-03 00:00:00-05:00,11.949999809265137,12.0,11.449999809265137,11.460000038146973,599100,0.0,0.0
2004-12-06 00:00:00-05:00,11.449999809265137,11.739999771118164,11.420000076293945,11.5,386200,0.0,0.0
2004-12-07 00:00:00-05:00,11.5600004196167,11.600000381469727,11.020000457763672,11.039999961853027,572400,0.0,0.0
2004-12-08 00:00:00-05:00,11.350000381469727,11.380000114440918,11.010000228881836,11.100000381469727,482500,0.0,0.0
2004-12-09 00:00:00-05:00,10.75,10.800000190734863,10.300000190734863,10.479999542236328,1222400,0.0,0.0
2004-12-10 00:00:00-05:00,10.579999923706055,10.710000038146973,10.399999618530273,10.600000381469727,1255000,0.0,0.0
2004-12-13 00:00:00-05:00,11.0,11.0,10.5,10.720000267028809,732300,0.0,0.0
2004-12-14 00:00:00-05:00,10.899999618530273,10.930000305175781,10.59000015258789,10.800000190734863,791700,0.0,0.0
2004-12-15 00:00:00-05:00,10.880000114440918,10.880000114440918,10.420000076293945,10.470000267028809,790900,0.0,0.0
2004-12-16 00:00:00-05:00,10.5,10.680000305175781,10.369999885559082,10.390000343322754,977700,0.0,0.0
2004-12-17 00:00:00-05:00,10.479999542236328,10.550000190734863,10.289999961853027,10.319999694824219,326400,0.0,0.0
2004-12-20 00:00:00-05:00,10.300000190734863,10.579999923706055,10.270000457763672,10.329999923706055,652500,0.0,0.0
2004-12-21 00:00:00-05:00,10.25,10.720000267028809,10.25,10.470000267028809,694300,0.0,0.0
2004-12-22 00:00:00-05:00,10.5600004196167,10.850000381469727,10.470000267028809,10.65999984741211,1089900,0.0,0.0
2004-12-23 00:00:00-05:00,10.65999984741211,10.90999984741211,10.630000114440918,10.8100004196167,528400,0.0,0.0
2004-12-27 00:00:00-05:00,10.949999809265137,10.949999809265137,10.569999694824219,10.829999923706055,378200,0.0,0.0
2004-12-28 00:00:00-05:00,10.920000076293945,11.15999984741211,10.760000228881836,11.069999694824219,530100,0.0,0.0
2004-12-29 00:00:00-05:00,11.0,11.119999885559082,10.819999694824219,10.859999656677246,292500,0.0,0.0
2004-12-30 00:00:00-05:00,11.0,11.0,10.829999923706055,10.850000381469727,420700,0.0,0.0
2004-12-31 00:00:00-05:00,10.84000015258789,11.0,10.720000267028809,10.75,459500,0.0,0.0
2005-01-03 00:00:00-05:00,10.869999885559082,10.869999885559082,10.359999656677246,10.5600004196167,898400,0.0,0.0
2005-01-04 00:00:00-05:00,10.4399995803833,10.739999771118164,10.350000381469727,10.40999984741211,677600,0.0,0.0
2005-01-05 00:00:00-05:00,10.350000381469727,10.569999694824219,10.300000190734863,10.399999618530273,629900,0.0,0.0
2005-01-06 00:00:00-05:00,10.399999618530273,10.460000038146973,10.220000267028809,10.239999771118164,582000,0.0,0.0
2005-01-07 00:00:00-05:00,10.170000076293945,10.329999923706055,10.170000076293945,10.279999732971191,676100,0.0,0.0
2005-01-10 00:00:00-05:00,10.199999809265137,10.380000114440918,10.199999809265137,10.289999961853027,760600,0.0,0.0
2005-01-11 00:00:00-05:00,10.449999809265137,10.449999809265137,9.979999542236328,10.079999923706055,801200,0.0,0.0
2005-01-12 00:00:00-05:00,10.069999694824219,10.1899995803833,10.050000190734863,10.109999656677246,542100,0.0,0.0
2005-01-13 00:00:00-05:00,10.25,10.25,10.069999694824219,10.100000381469727,599100,0.0,0.0
2005-01-14 00:00:00-05:00,10.100000381469727,10.350000381469727,10.100000381469727,10.279999732971191,1272200,0.0,0.0
2005-01-18 00:00:00-05:00,10.15999984741211,10.649999618530273,10.149999618530273,10.619999885559082,930100,0.0,0.0
2005-01-19 00:00:00-05:00,10.739999771118164,10.800000190734863,10.510000228881836,10.720000267028809,903000,0.0,0.0
2005-01-20 00:00:00-05:00,10.699999809265137,10.699999809265137,10.350000381469727,10.510000228881836,745900,0.0,0.0
2005-01-21 00:00:00-05:00,10.510000228881836,10.609999656677246,10.149999618530273,10.239999771118164,545400,0.0,0.0
2005-01-24 00:00:00-05:00,10.260000228881836,10.289999961853027,9.270000457763672,9.489999771118164,1259400,0.0,0.0
2005-01-25 00:00:00-05:00,9.5,9.720000267028809,9.25,9.4399995803833,1266500,0.0,0.0
2005-01-26 00:00:00-05:00,9.529999732971191,9.739999771118164,7.78000020980835,8.5,7266200,0.0,0.0
2005-01-27 00:00:00-05:00,8.489999771118164,8.930000305175781,8.399999618530273,8.850000381469727,2787200,0.0,0.0
2005-01-28 00:00:00-05:00,9.0,9.0,8.579999923706055,8.760000228881836,1204000,0.0,0.0
2005-01-31 00:00:00-05:00,8.880000114440918,8.880000114440918,8.479999542236328,8.65999984741211,1054300,0.0,0.0
2005-02-01 00:00:00-05:00,8.65999984741211,8.699999809265137,8.229999542236328,8.65999984741211,1332500,0.0,0.0
2005-02-02 00:00:00-05:00,8.550000190734863,8.890000343322754,8.550000190734863,8.699999809265137,662100,0.0,0.0
2005-02-03 00:00:00-05:00,8.600000381469727,8.600000381469727,7.760000228881836,7.949999809265137,2141300,0.0,0.0
2005-02-04 00:00:00-05:00,7.75,8.0,7.579999923706055,7.989999771118164,1559900,0.0,0.0
2005-02-07 00:00:00-05:00,8.34000015258789,8.4399995803833,7.590000152587891,7.96999979019165,1807400,0.0,0.0
2005-02-08 00:00:00-05:00,8.0600004196167,8.069999694824219,7.699999809265137,7.730000019073486,661300,0.0,0.0
2005-02-09 00:00:00-05:00,7.840000152587891,7.840000152587891,7.480000019073486,7.579999923706055,779100,0.0,0.0
2005-02-10 00:00:00-05:00,7.510000228881836,7.730000019073486,7.420000076293945,7.699999809265137,711500,0.0,0.0
2005-02-11 00:00:00-05:00,7.710000038146973,7.829999923706055,7.619999885559082,7.739999771118164,690200,0.0,0.0
2005-02-14 00:00:00-05:00,7.630000114440918,8.300000190734863,7.630000114440918,8.0,1161900,0.0,0.0
2005-02-15 00:00:00-05:00,8.079999923706055,8.319999694824219,8.0,8.300000190734863,1432600,0.0,0.0
2005-02-16 00:00:00-05:00,8.319999694824219,8.34000015258789,8.119999885559082,8.3100004196167,717000,0.0,0.0
2005-02-17 00:00:00-05:00,8.279999732971191,8.279999732971191,7.869999885559082,7.909999847412109,1116000,0.0,0.0
2005-02-18 00:00:00-05:00,7.849999904632568,7.949999809265137,7.489999771118164,7.599999904632568,1066400,0.0,0.0
2005-02-22 00:00:00-05:00,7.559999942779541,7.650000095367432,7.349999904632568,7.349999904632568,774600,0.0,0.0
2005-02-23 00:00:00-05:00,7.340000152587891,7.570000171661377,7.340000152587891,7.449999809265137,459900,0.0,0.0
2005-02-24 00:00:00-05:00,7.539999961853027,7.610000133514404,7.380000114440918,7.590000152587891,532200,0.0,0.0
2005-02-25 00:00:00-05:00,7.599999904632568,7.650000095367432,7.5,7.599999904632568,721000,0.0,0.0
2005-02-28 00:00:00-05:00,7.809999942779541,7.849999904632568,7.460000038146973,7.570000171661377,1460000,0.0,0.0
2005-03-01 00:00:00-05:00,7.570000171661377,7.630000114440918,7.369999885559082,7.400000095367432,743800,0.0,0.0
2005-03-02 00:00:00-05:00,7.619999885559082,7.679999828338623,7.400000095367432,7.429999828338623,1756700,0.0,0.0
2005-03-03 00:00:00-05:00,7.800000190734863,7.920000076293945,7.429999828338623,7.550000190734863,2293600,0.0,0.0
2005-03-04 00:00:00-05:00,7.650000095367432,7.690000057220459,7.5,7.53000020980835,810100,0.0,0.0
2005-03-07 00:00:00-05:00,7.699999809265137,7.949999809265137,7.550000190734863,7.880000114440918,1594600,0.0,0.0
2005-03-08 00:00:00-05:00,7.880000114440918,8.010000228881836,7.690000057220459,7.690000057220459,864500,0.0,0.0
2005-03-09 00:00:00-05:00,7.699999809265137,7.789999961853027,7.559999942779541,7.599999904632568,689400,0.0,0.0
2005-03-10 00:00:00-05:00,7.630000114440918,7.699999809265137,7.400000095367432,7.5,470500,0.0,0.0
2005-03-11 00:00:00-05:00,7.539999961853027,7.539999961853027,7.230000019073486,7.320000171661377,927000,0.0,0.0
2005-03-14 00:00:00-05:00,7.289999961853027,7.489999771118164,7.050000190734863,7.150000095367432,773300,0.0,0.0
2005-03-15 00:00:00-05:00,7.25,7.269999980926514,6.809999942779541,6.920000076293945,585700,0.0,0.0
2005-03-16 00:00:00-05:00,6.860000133514404,6.869999885559082,6.46999979019165,6.679999828338623,1263500,0.0,0.0
2005-03-17 00:00:00-05:00,6.730000019073486,6.840000152587891,6.670000076293945,6.699999809265137,457100,0.0,0.0
2005-03-18 00:00:00-05:00,6.659999847412109,6.760000228881836,6.519999980926514,6.579999923706055,653200,0.0,0.0
2005-03-21 00:00:00-05:00,6.599999904632568,6.650000095367432,6.5,6.619999885559082,504100,0.0,0.0
2005-03-22 00:00:00-05:00,6.659999847412109,6.699999809265137,6.369999885559082,6.420000076293945,416500,0.0,0.0
2005-03-23 00:00:00-05:00,6.380000114440918,6.400000095367432,5.840000152587891,5.960000038146973,1294000,0.0,0.0
2005-03-24 00:00:00-05:00,6.019999980926514,6.400000095367432,5.989999771118164,6.309999942779541,1211500,0.0,0.0
2005-03-28 00:00:00-05:00,6.320000171661377,6.400000095367432,6.300000190734863,6.380000114440918,609700,0.0,0.0
2005-03-29 00:00:00-05:00,6.349999904632568,6.460000038146973,6.159999847412109,6.170000076293945,508000,0.0,0.0
2005-03-30 00:00:00-05:00,6.25,6.409999847412109,6.159999847412109,6.360000133514404,654100,0.0,0.0
2005-03-31 00:00:00-05:00,6.409999847412109,6.409999847412109,6.150000095367432,6.239999771118164,591600,0.0,0.0
2005-04-01 00:00:00-05:00,6.260000228881836,6.260000228881836,5.75,5.889999866485596,1617400,0.0,0.0
2005-04-04 00:00:00-04:00,5.840000152587891,6.179999828338623,5.75,6.050000190734863,1419900,0.0,0.0
2005-04-05 00:00:00-04:00,6.0,6.070000171661377,5.860000133514404,6.010000228881836,652000,0.0,0.0
2005-04-06 00:00:00-04:00,6.050000190734863,6.079999923706055,5.960000038146973,6.0,345700,0.0,0.0
2005-04-07 00:00:00-04:00,6.070000171661377,6.320000171661377,6.0,6.199999809265137,969400,0.0,0.0
2005-04-08 00:00:00-04:00,6.21999979019165,6.239999771118164,6.099999904632568,6.110000133514404,796900,0.0,0.0
2005-04-11 00:00:00-04:00,6.199999809265137,6.260000228881836,5.769999980926514,5.960000038146973,1382400,0.0,0.0
2005-04-12 00:00:00-04:00,5.989999771118164,5.989999771118164,5.75,5.900000095367432,789000,0.0,0.0
2005-04-13 00:00:00-04:00,6.0,6.179999828338623,5.960000038146973,6.099999904632568,2419300,0.0,0.0
2005-04-14 00:00:00-04:00,6.179999828338623,6.409999847412109,6.03000020980835,6.400000095367432,2545900,0.0,0.0
2005-04-15 00:00:00-04:00,6.440000057220459,7.119999885559082,6.349999904632568,6.849999904632568,3104500,0.0,0.0
2005-04-18 00:00:00-04:00,6.900000095367432,7.0,6.699999809265137,6.880000114440918,1512700,0.0,0.0
2005-04-19 00:00:00-04:00,6.880000114440918,7.059999942779541,6.610000133514404,6.949999809265137,1635300,0.0,0.0
2005-04-20 00:00:00-04:00,7.400000095367432,8.84000015258789,7.360000133514404,8.359999656677246,10518700,0.0,0.0
2005-04-21 00:00:00-04:00,8.4399995803833,8.479999542236328,7.889999866485596,8.34000015258789,2453400,0.0,0.0
2005-04-22 00:00:00-04:00,8.260000228881836,8.449999809265137,7.960000038146973,8.15999984741211,1181800,0.0,0.0
2005-04-25 00:00:00-04:00,8.15999984741211,8.350000381469727,8.130000114440918,8.220000267028809,700200,0.0,0.0
2005-04-26 00:00:00-04:00,8.09000015258789,8.470000267028809,8.0600004196167,8.1899995803833,1085300,0.0,0.0
2005-04-27 00:00:00-04:00,8.109999656677246,8.770000457763672,8.039999961853027,8.529999732971191,1572100,0.0,0.0
2005-04-28 00:00:00-04:00,8.4399995803833,8.739999771118164,8.390000343322754,8.430000305175781,884900,0.0,0.0
2005-04-29 00:00:00-04:00,8.40999984741211,8.670000076293945,8.25,8.420000076293945,593100,0.0,0.0
2005-05-02 00:00:00-04:00,8.420000076293945,8.5600004196167,8.260000228881836,8.390000343322754,828600,0.0,0.0
2005-05-03 00:00:00-04:00,8.5,8.5600004196167,8.270000457763672,8.350000381469727,775300,0.0,0.0
2005-05-04 00:00:00-04:00,8.260000228881836,8.359999656677246,8.199999809265137,8.3100004196167,1005600,0.0,0.0
2005-05-05 00:00:00-04:00,8.260000228881836,8.390000343322754,8.09000015258789,8.350000381469727,705900,0.0,0.0
2005-05-06 00:00:00-04:00,8.329999923706055,8.579999923706055,8.329999923706055,8.430000305175781,730000,0.0,0.0
2005-05-09 00:00:00-04:00,8.449999809265137,8.899999618530273,8.4399995803833,8.800000190734863,1478300,0.0,0.0
2005-05-10 00:00:00-04:00,8.819999694824219,8.819999694824219,8.5,8.550000190734863,681400,0.0,0.0
2005-05-11 00:00:00-04:00,8.550000190734863,8.579999923706055,8.1899995803833,8.520000457763672,938100,0.0,0.0
2005-05-12 00:00:00-04:00,8.550000190734863,8.75,8.430000305175781,8.529999732971191,623200,0.0,0.0
2005-05-13 00:00:00-04:00,8.550000190734863,8.729999542236328,8.279999732971191,8.350000381469727,595100,0.0,0.0
2005-05-16 00:00:00-04:00,8.470000267028809,8.529999732971191,8.029999732971191,8.199999809265137,1387300,0.0,0.0
2005-05-17 00:00:00-04:00,8.119999885559082,8.350000381469727,8.119999885559082,8.300000190734863,418800,0.0,0.0
2005-05-18 00:00:00-04:00,8.350000381469727,8.399999618530273,8.0600004196167,8.1899995803833,616900,0.0,0.0
2005-05-19 00:00:00-04:00,8.1899995803833,8.199999809265137,7.599999904632568,8.079999923706055,1389300,0.0,0.0
2005-05-20 00:00:00-04:00,8.079999923706055,8.289999961853027,7.670000076293945,7.940000057220459,866700,0.0,0.0
2005-05-23 00:00:00-04:00,7.400000095367432,7.5,6.960000038146973,7.340000152587891,1786100,0.0,0.0
2005-05-24 00:00:00-04:00,7.239999771118164,7.489999771118164,7.199999809265137,7.289999961853027,1165500,0.0,0.0
2005-05-25 00:00:00-04:00,7.260000228881836,7.289999961853027,7.150000095367432,7.190000057220459,622600,0.0,0.0
2005-05-26 00:00:00-04:00,7.210000038146973,7.420000076293945,7.110000133514404,7.239999771118164,690500,0.0,0.0
2005-05-27 00:00:00-04:00,7.329999923706055,7.380000114440918,7.119999885559082,7.179999828338623,440800,0.0,0.0
2005-05-31 00:00:00-04:00,7.139999866485596,7.400000095367432,7.139999866485596,7.269999980926514,348100,0.0,0.0
2005-06-01 00:00:00-04:00,7.300000190734863,7.400000095367432,7.210000038146973,7.25,475700,0.0,0.0
2005-06-02 00:00:00-04:00,7.170000076293945,7.739999771118164,7.170000076293945,7.650000095367432,685900,0.0,0.0
2005-06-03 00:00:00-04:00,7.619999885559082,7.75,7.550000190734863,7.570000171661377,312300,0.0,0.0
2005-06-06 00:00:00-04:00,7.53000020980835,7.579999923706055,7.389999866485596,7.489999771118164,504400,0.0,0.0
2005-06-07 00:00:00-04:00,7.380000114440918,7.570000171661377,7.099999904632568,7.28000020980835,417800,0.0,0.0
2005-06-08 00:00:00-04:00,7.329999923706055,7.329999923706055,7.099999904632568,7.110000133514404,406500,0.0,0.0
2005-06-09 00:00:00-04:00,7.150000095367432,7.570000171661377,7.099999904632568,7.539999961853027,507300,0.0,0.0
2005-06-10 00:00:00-04:00,7.519999980926514,7.570000171661377,7.409999847412109,7.460000038146973,500300,0.0,0.0
2005-06-13 00:00:00-04:00,7.460000038146973,7.760000228881836,7.409999847412109,7.659999847412109,486100,0.0,0.0
2005-06-14 00:00:00-04:00,7.679999828338623,7.679999828338623,7.329999923706055,7.460000038146973,586500,0.0,0.0
2005-06-15 00:00:00-04:00,7.440000057220459,7.539999961853027,7.239999771118164,7.289999961853027,451300,0.0,0.0
2005-06-16 00:00:00-04:00,7.269999980926514,7.570000171661377,7.269999980926514,7.5,478300,0.0,0.0
2005-06-17 00:00:00-04:00,7.449999809265137,7.590000152587891,7.340000152587891,7.559999942779541,733000,0.0,0.0
2005-06-20 00:00:00-04:00,7.550000190734863,7.599999904632568,7.420000076293945,7.449999809265137,475600,0.0,0.0
2005-06-21 00:00:00-04:00,7.409999847412109,7.489999771118164,7.190000057220459,7.369999885559082,308200,0.0,0.0
2005-06-22 00:00:00-04:00,7.369999885559082,7.46999979019165,7.150000095367432,7.25,312700,0.0,0.0
2005-06-23 00:00:00-04:00,7.199999809265137,7.309999942779541,6.929999828338623,6.929999828338623,692400,0.0,0.0
2005-06-24 00:00:00-04:00,6.920000076293945,7.070000171661377,6.920000076293945,7.070000171661377,619700,0.0,0.0
2005-06-27 00:00:00-04:00,7.0,7.070000171661377,6.949999809265137,6.960000038146973,364600,0.0,0.0
2005-06-28 00:00:00-04:00,7.039999961853027,7.420000076293945,6.949999809265137,7.400000095367432,624600,0.0,0.0
2005-06-29 00:00:00-04:00,7.420000076293945,7.46999979019165,7.28000020980835,7.320000171661377,294000,0.0,0.0
2005-06-30 00:00:00-04:00,7.400000095367432,7.5,7.340000152587891,7.369999885559082,388800,0.0,0.0
2005-07-01 00:00:00-04:00,7.349999904632568,7.539999961853027,7.349999904632568,7.440000057220459,267800,0.0,0.0
2005-07-05 00:00:00-04:00,7.409999847412109,7.789999961853027,7.409999847412109,7.789999961853027,406100,0.0,0.0
2005-07-06 00:00:00-04:00,7.789999961853027,7.940000057220459,7.679999828338623,7.71999979019165,419700,0.0,0.0
2005-07-07 00:00:00-04:00,7.559999942779541,7.849999904632568,7.559999942779541,7.78000020980835,283800,0.0,0.0
2005-07-08 00:00:00-04:00,7.75,8.25,7.75,8.140000343322754,608100,0.0,0.0
2005-07-11 00:00:00-04:00,8.109999656677246,8.350000381469727,8.109999656677246,8.34000015258789,636900,0.0,0.0
2005-07-12 00:00:00-04:00,8.350000381469727,8.40999984741211,8.020000457763672,8.199999809265137,861700,0.0,0.0
2005-07-13 00:00:00-04:00,8.180000305175781,8.25,8.069999694824219,8.069999694824219,498600,0.0,0.0
2005-07-14 00:00:00-04:00,8.100000381469727,8.319999694824219,7.920000076293945,7.949999809265137,709000,0.0,0.0
2005-07-15 00:00:00-04:00,7.900000095367432,8.0,7.610000133514404,7.699999809265137,708700,0.0,0.0
2005-07-18 00:00:00-04:00,7.659999847412109,7.710000038146973,7.309999942779541,7.400000095367432,671500,0.0,0.0
2005-07-19 00:00:00-04:00,7.25,7.380000114440918,6.920000076293945,7.050000190734863,1572600,0.0,0.0
2005-07-20 00:00:00-04:00,7.010000228881836,7.010000228881836,5.630000114440918,6.170000076293945,4232200,0.0,0.0
2005-07-21 00:00:00-04:00,6.289999961853027,6.300000190734863,5.829999923706055,5.880000114440918,1627200,0.0,0.0
2005-07-22 00:00:00-04:00,5.849999904632568,6.059999942779541,5.800000190734863,6.059999942779541,1199300,0.0,0.0
2005-07-25 00:00:00-04:00,6.130000114440918,6.25,6.059999942779541,6.179999828338623,993100,0.0,0.0
2005-07-26 00:00:00-04:00,6.239999771118164,6.550000190734863,6.179999828338623,6.460000038146973,1036000,0.0,0.0
2005-07-27 00:00:00-04:00,6.460000038146973,6.739999771118164,6.420000076293945,6.630000114440918,864600,0.0,0.0
2005-07-28 00:00:00-04:00,6.670000076293945,6.789999961853027,6.570000171661377,6.699999809265137,520700,0.0,0.0
2005-07-29 00:00:00-04:00,6.699999809265137,6.78000020980835,6.510000228881836,6.519999980926514,569000,0.0,0.0
2005-08-01 00:00:00-04:00,6.53000020980835,6.630000114440918,6.400000095367432,6.559999942779541,647800,0.0,0.0
2005-08-02 00:00:00-04:00,6.519999980926514,6.559999942779541,6.429999828338623,6.480000019073486,581300,0.0,0.0
2005-08-03 00:00:00-04:00,6.389999866485596,6.449999809265137,6.190000057220459,6.230000019073486,792000,0.0,0.0
2005-08-04 00:00:00-04:00,6.179999828338623,6.289999961853027,6.179999828338623,6.25,336100,0.0,0.0
2005-08-05 00:00:00-04:00,6.21999979019165,6.309999942779541,6.190000057220459,6.230000019073486,485600,0.0,0.0
2005-08-08 00:00:00-04:00,6.139999866485596,6.309999942779541,6.130000114440918,6.210000038146973,719500,0.0,0.0
2005-08-09 00:00:00-04:00,6.199999809265137,6.289999961853027,6.179999828338623,6.25,463400,0.0,0.0
2005-08-10 00:00:00-04:00,6.25,6.309999942779541,6.059999942779541,6.130000114440918,639400,0.0,0.0
2005-08-11 00:00:00-04:00,6.070000171661377,6.25,6.070000171661377,6.210000038146973,473800,0.0,0.0
2005-08-12 00:00:00-04:00,6.190000057220459,6.429999828338623,6.070000171661377,6.230000019073486,679900,0.0,0.0
2005-08-15 00:00:00-04:00,6.190000057220459,6.599999904632568,6.179999828338623,6.539999961853027,605600,0.0,0.0
2005-08-16 00:00:00-04:00,6.5,6.630000114440918,6.380000114440918,6.5,871800,0.0,0.0
2005-08-17 00:00:00-04:00,6.5,6.710000038146973,6.46999979019165,6.670000076293945,636300,0.0,0.0
2005-08-18 00:00:00-04:00,6.690000057220459,6.690000057220459,6.360000133514404,6.389999866485596,1630000,0.0,0.0
2005-08-19 00:00:00-04:00,6.360000133514404,6.5,6.28000020980835,6.440000057220459,687500,0.0,0.0
2005-08-22 00:00:00-04:00,6.400000095367432,6.599999904632568,6.400000095367432,6.53000020980835,1399900,0.0,0.0
2005-08-23 00:00:00-04:00,6.53000020980835,6.579999923706055,6.480000019073486,6.480000019073486,701700,0.0,0.0
2005-08-24 00:00:00-04:00,6.480000019073486,6.78000020980835,6.449999809265137,6.71999979019165,1384600,0.0,0.0
2005-08-25 00:00:00-04:00,6.78000020980835,6.849999904632568,6.679999828338623,6.71999979019165,661600,0.0,0.0
2005-08-26 00:00:00-04:00,6.699999809265137,6.75,6.510000228881836,6.510000228881836,763400,0.0,0.0
2005-08-29 00:00:00-04:00,6.5,6.659999847412109,6.429999828338623,6.619999885559082,353600,0.0,0.0
2005-08-30 00:00:00-04:00,6.75,6.960000038146973,6.699999809265137,6.769999980926514,1067300,0.0,0.0
2005-08-31 00:00:00-04:00,6.710000038146973,6.849999904632568,6.690000057220459,6.809999942779541,582600,0.0,0.0
2005-09-01 00:00:00-04:00,6.829999923706055,7.21999979019165,6.809999942779541,7.179999828338623,518500,0.0,0.0
2005-09-02 00:00:00-04:00,7.230000019073486,7.260000228881836,7.039999961853027,7.130000114440918,594700,0.0,0.0
2005-09-06 00:00:00-04:00,7.150000095367432,7.420000076293945,7.079999923706055,7.289999961853027,569700,0.0,0.0
2005-09-07 00:00:00-04:00,7.230000019073486,7.440000057220459,7.119999885559082,7.199999809265137,466100,0.0,0.0
2005-09-08 00:00:00-04:00,7.199999809265137,7.289999961853027,6.960000038146973,7.019999980926514,428700,0.0,0.0
2005-09-09 00:00:00-04:00,7.010000228881836,7.099999904632568,6.980000019073486,7.070000171661377,299200,0.0,0.0
2005-09-12 00:00:00-04:00,7.03000020980835,7.289999961853027,7.0,7.230000019073486,377200,0.0,0.0
2005-09-13 00:00:00-04:00,7.210000038146973,7.25,7.090000152587891,7.170000076293945,220900,0.0,0.0
2005-09-14 00:00:00-04:00,7.139999866485596,7.170000076293945,6.849999904632568,6.960000038146973,319100,0.0,0.0
2005-09-15 00:00:00-04:00,6.960000038146973,7.03000020980835,6.739999771118164,6.840000152587891,578200,0.0,0.0
2005-09-16 00:00:00-04:00,6.889999866485596,6.909999847412109,6.820000171661377,6.860000133514404,507700,0.0,0.0
2005-09-19 00:00:00-04:00,6.849999904632568,6.849999904632568,6.599999904632568,6.650000095367432,411900,0.0,0.0
2005-09-20 00:00:00-04:00,6.650000095367432,6.769999980926514,6.46999979019165,6.5,589300,0.0,0.0
2005-09-21 00:00:00-04:00,6.449999809265137,6.480000019073486,6.269999980926514,6.269999980926514,1025200,0.0,0.0
2005-09-22 00:00:00-04:00,6.260000228881836,6.53000020980835,6.199999809265137,6.309999942779541,840400,0.0,0.0
2005-09-23 00:00:00-04:00,6.349999904632568,6.670000076293945,6.269999980926514,6.619999885559082,694500,0.0,0.0
2005-09-26 00:00:00-04:00,6.670000076293945,6.670000076293945,6.510000228881836,6.639999866485596,412900,0.0,0.0
2005-09-27 00:00:00-04:00,6.599999904632568,6.699999809265137,6.449999809265137,6.599999904632568,404800,0.0,0.0
2005-09-28 00:00:00-04:00,6.570000171661377,6.610000133514404,6.440000057220459,6.550000190734863,225200,0.0,0.0
2005-09-29 00:00:00-04:00,6.510000228881836,6.690000057220459,6.409999847412109,6.670000076293945,275500,0.0,0.0
2005-09-30 00:00:00-04:00,6.690000057220459,6.75,6.5,6.71999979019165,448900,0.0,0.0
2005-10-03 00:00:00-04:00,6.71999979019165,6.840000152587891,6.599999904632568,6.699999809265137,570400,0.0,0.0
2005-10-04 00:00:00-04:00,6.71999979019165,6.78000020980835,6.570000171661377,6.659999847412109,379000,0.0,0.0
2005-10-05 00:00:00-04:00,6.599999904632568,6.659999847412109,6.400000095367432,6.400000095367432,439500,0.0,0.0
2005-10-06 00:00:00-04:00,6.400000095367432,6.590000152587891,6.329999923706055,6.409999847412109,550000,0.0,0.0
2005-10-07 00:00:00-04:00,6.389999866485596,6.510000228881836,6.309999942779541,6.409999847412109,368600,0.0,0.0
2005-10-10 00:00:00-04:00,6.519999980926514,6.71999979019165,6.460000038146973,6.599999904632568,576900,0.0,0.0
2005-10-11 00:00:00-04:00,6.630000114440918,6.659999847412109,6.539999961853027,6.590000152587891,813700,0.0,0.0
2005-10-12 00:00:00-04:00,6.559999942779541,6.650000095367432,6.5,6.590000152587891,565500,0.0,0.0
2005-10-13 00:00:00-04:00,6.619999885559082,6.630000114440918,6.400000095367432,6.630000114440918,243100,0.0,0.0
2005-10-14 00:00:00-04:00,6.659999847412109,7.110000133514404,6.650000095367432,7.019999980926514,777500,0.0,0.0
2005-10-17 00:00:00-04:00,6.96999979019165,7.139999866485596,6.960000038146973,7.079999923706055,668600,0.0,0.0
2005-10-18 00:00:00-04:00,7.079999923706055,7.170000076293945,6.829999923706055,7.099999904632568,474500,0.0,0.0
2005-10-19 00:00:00-04:00,7.070000171661377,7.320000171661377,6.960000038146973,7.289999961853027,784100,0.0,0.0
2005-10-20 00:00:00-04:00,7.289999961853027,7.409999847412109,7.019999980926514,7.300000190734863,557100,0.0,0.0
2005-10-21 00:00:00-04:00,7.289999961853027,7.519999980926514,7.190000057220459,7.340000152587891,772000,0.0,0.0
2005-10-24 00:00:00-04:00,7.300000190734863,7.599999904632568,7.300000190734863,7.590000152587891,743300,0.0,0.0
2005-10-25 00:00:00-04:00,7.590000152587891,7.690000057220459,7.179999828338623,7.400000095367432,1566900,0.0,0.0
2005-10-26 00:00:00-04:00,7.349999904632568,7.420000076293945,6.949999809265137,7.199999809265137,1165300,0.0,0.0
2005-10-27 00:00:00-04:00,7.130000114440918,7.199999809265137,6.75,6.840000152587891,792300,0.0,0.0
2005-10-28 00:00:00-04:00,6.809999942779541,7.150000095367432,6.800000190734863,7.110000133514404,919400,0.0,0.0
2005-10-31 00:00:00-05:00,7.099999904632568,7.400000095367432,7.050000190734863,7.380000114440918,698700,0.0,0.0
2005-11-01 00:00:00-05:00,7.300000190734863,7.300000190734863,6.860000133514404,6.949999809265137,909900,0.0,0.0
2005-11-02 00:00:00-05:00,6.900000095367432,7.170000076293945,6.889999866485596,7.150000095367432,914700,0.0,0.0
2005-11-03 00:00:00-05:00,7.079999923706055,7.260000228881836,6.929999828338623,7.039999961853027,933700,0.0,0.0
2005-11-04 00:00:00-05:00,7.070000171661377,7.199999809265137,6.909999847412109,7.0,623200,0.0,0.0
2005-11-07 00:00:00-05:00,7.0,7.099999904632568,6.949999809265137,6.989999771118164,450000,0.0,0.0
2005-11-08 00:00:00-05:00,7.010000228881836,7.010000228881836,6.800000190734863,6.900000095367432,418200,0.0,0.0
2005-11-09 00:00:00-05:00,6.960000038146973,7.0,6.710000038146973,6.769999980926514,433500,0.0,0.0
2005-11-10 00:00:00-05:00,6.75,7.010000228881836,6.659999847412109,6.989999771118164,338600,0.0,0.0
2005-11-11 00:00:00-05:00,6.960000038146973,7.0,6.880000114440918,6.980000019073486,427300,0.0,0.0
2005-11-14 00:00:00-05:00,6.900000095367432,7.010000228881836,6.769999980926514,6.849999904632568,472000,0.0,0.0
2005-11-15 00:00:00-05:00,6.820000171661377,6.849999904632568,6.670000076293945,6.730000019073486,437100,0.0,0.0
2005-11-16 00:00:00-05:00,6.710000038146973,6.75,6.489999771118164,6.590000152587891,422800,0.0,0.0
2005-11-17 00:00:00-05:00,6.650000095367432,6.650000095367432,6.269999980926514,6.300000190734863,715000,0.0,0.0
2005-11-18 00:00:00-05:00,6.340000152587891,6.480000019073486,6.21999979019165,6.440000057220459,858200,0.0,0.0
2005-11-21 00:00:00-05:00,6.440000057220459,6.5,6.21999979019165,6.269999980926514,946900,0.0,0.0
2005-11-22 00:00:00-05:00,6.239999771118164,6.360000133514404,6.199999809265137,6.289999961853027,1333600,0.0,0.0
2005-11-23 00:00:00-05:00,6.300000190734863,6.78000020980835,6.289999961853027,6.75,850600,0.0,0.0
2005-11-25 00:00:00-05:00,6.75,6.900000095367432,6.710000038146973,6.900000095367432,220700,0.0,0.0
2005-11-28 00:00:00-05:00,6.900000095367432,7.03000020980835,6.75,6.78000020980835,684400,0.0,0.0
2005-11-29 00:00:00-05:00,6.860000133514404,6.949999809265137,6.690000057220459,6.840000152587891,561000,0.0,0.0
2005-11-30 00:00:00-05:00,6.840000152587891,6.949999809265137,6.789999961853027,6.920000076293945,729700,0.0,0.0
2005-12-01 00:00:00-05:00,6.920000076293945,7.03000020980835,6.880000114440918,6.889999866485596,593000,0.0,0.0
2005-12-02 00:00:00-05:00,6.840000152587891,6.989999771118164,6.820000171661377,6.909999847412109,294700,0.0,0.0
2005-12-05 00:00:00-05:00,6.889999866485596,6.909999847412109,6.630000114440918,6.769999980926514,400400,0.0,0.0
2005-12-06 00:00:00-05:00,6.75,6.900000095367432,6.75,6.760000228881836,450500,0.0,0.0
2005-12-07 00:00:00-05:00,6.800000190734863,6.889999866485596,6.619999885559082,6.630000114440918,410600,0.0,0.0
2005-12-08 00:00:00-05:00,6.690000057220459,7.099999904632568,6.610000133514404,7.070000171661377,1053200,0.0,0.0
2005-12-09 00:00:00-05:00,7.050000190734863,7.130000114440918,6.829999923706055,6.909999847412109,669300,0.0,0.0
2005-12-12 00:00:00-05:00,6.900000095367432,7.0,6.78000020980835,6.869999885559082,385300,0.0,0.0
2005-12-13 00:00:00-05:00,6.849999904632568,6.960000038146973,6.829999923706055,6.860000133514404,345800,0.0,0.0
2005-12-14 00:00:00-05:00,6.849999904632568,6.909999847412109,6.610000133514404,6.809999942779541,598400,0.0,0.0
2005-12-15 00:00:00-05:00,6.760000228881836,6.809999942779541,6.599999904632568,6.800000190734863,373200,0.0,0.0
2005-12-16 00:00:00-05:00,6.760000228881836,6.929999828338623,6.75,6.789999961853027,605400,0.0,0.0
2005-12-19 00:00:00-05:00,6.849999904632568,6.849999904632568,6.5,6.590000152587891,576100,0.0,0.0
2005-12-20 00:00:00-05:00,6.550000190734863,6.599999904632568,6.449999809265137,6.519999980926514,417700,0.0,0.0
2005-12-21 00:00:00-05:00,6.480000019073486,6.639999866485596,6.460000038146973,6.599999904632568,253300,0.0,0.0
2005-12-22 00:00:00-05:00,6.559999942779541,6.690000057220459,6.559999942779541,6.670000076293945,508400,0.0,0.0
2005-12-23 00:00:00-05:00,6.630000114440918,6.78000020980835,6.53000020980835,6.769999980926514,269200,0.0,0.0
2005-12-27 00:00:00-05:00,6.730000019073486,6.760000228881836,6.360000133514404,6.389999866485596,327200,0.0,0.0
2005-12-28 00:00:00-05:00,6.349999904632568,6.429999828338623,6.300000190734863,6.389999866485596,444500,0.0,0.0
2005-12-29 00:00:00-05:00,6.5,6.590000152587891,6.389999866485596,6.400000095367432,578700,0.0,0.0
2005-12-30 00:00:00-05:00,6.349999904632568,6.53000020980835,6.269999980926514,6.46999979019165,539100,0.0,0.0
2006-01-03 00:00:00-05:00,6.349999904632568,6.389999866485596,5.960000038146973,6.28000020980835,1399000,0.0,0.0
2006-01-04 00:00:00-05:00,6.300000190734863,6.300000190734863,6.059999942779541,6.079999923706055,741500,0.0,0.0
2006-01-05 00:00:00-05:00,6.119999885559082,6.28000020980835,6.079999923706055,6.210000038146973,364700,0.0,0.0
2006-01-06 00:00:00-05:00,6.25,6.349999904632568,6.119999885559082,6.190000057220459,593200,0.0,0.0
2006-01-09 00:00:00-05:00,6.150000095367432,6.360000133514404,6.150000095367432,6.340000152587891,261700,0.0,0.0
2006-01-10 00:00:00-05:00,6.340000152587891,6.349999904632568,6.179999828338623,6.329999923706055,375400,0.0,0.0
2006-01-11 00:00:00-05:00,6.320000171661377,6.329999923706055,6.130000114440918,6.25,350900,0.0,0.0
2006-01-12 00:00:00-05:00,6.590000152587891,6.900000095367432,6.429999828338623,6.849999904632568,1346700,0.0,0.0
2006-01-13 00:00:00-05:00,6.829999923706055,7.559999942779541,6.829999923706055,7.460000038146973,1963600,0.0,0.0
2006-01-17 00:00:00-05:00,7.380000114440918,8.479999542236328,7.360000133514404,8.369999885559082,2043300,0.0,0.0
2006-01-18 00:00:00-05:00,8.260000228881836,8.289999961853027,7.71999979019165,7.809999942779541,1712100,0.0,0.0
2006-01-19 00:00:00-05:00,7.800000190734863,7.929999828338623,7.579999923706055,7.610000133514404,1054500,0.0,0.0
2006-01-20 00:00:00-05:00,7.639999866485596,7.75,7.579999923706055,7.590000152587891,399300,0.0,0.0
2006-01-23 00:00:00-05:00,7.480000019073486,7.650000095367432,7.260000228881836,7.480000019073486,557800,0.0,0.0
2006-01-24 00:00:00-05:00,7.440000057220459,7.630000114440918,7.389999866485596,7.53000020980835,901900,0.0,0.0
2006-01-25 00:00:00-05:00,7.630000114440918,8.6899995803833,7.550000190734863,8.050000190734863,4254200,0.0,0.0
2006-01-26 00:00:00-05:00,8.140000343322754,8.609999656677246,8.140000343322754,8.539999961853027,1514700,0.0,0.0
2006-01-27 00:00:00-05:00,8.4399995803833,8.529999732971191,8.289999961853027,8.399999618530273,747800,0.0,0.0
2006-01-30 00:00:00-05:00,8.420000076293945,8.4399995803833,8.170000076293945,8.210000038146973,979400,0.0,0.0
2006-01-31 00:00:00-05:00,8.039999961853027,8.25,7.96999979019165,8.180000305175781,838600,0.0,0.0
2006-02-01 00:00:00-05:00,8.0600004196167,8.1899995803833,7.809999942779541,7.880000114440918,1931900,0.0,0.0
2006-02-02 00:00:00-05:00,7.809999942779541,7.989999771118164,7.78000020980835,7.869999885559082,577900,0.0,0.0
2006-02-03 00:00:00-05:00,7.949999809265137,8.149999618530273,7.829999923706055,7.909999847412109,1066800,0.0,0.0
2006-02-06 00:00:00-05:00,7.900000095367432,8.130000114440918,7.880000114440918,8.079999923706055,776400,0.0,0.0
2006-02-07 00:00:00-05:00,8.010000228881836,8.079999923706055,7.75,7.900000095367432,644900,0.0,0.0
2006-02-08 00:00:00-05:00,7.960000038146973,8.0600004196167,7.900000095367432,8.010000228881836,296700,0.0,0.0
2006-02-09 00:00:00-05:00,7.989999771118164,8.5600004196167,7.889999866485596,8.40999984741211,957400,0.0,0.0
2006-02-10 00:00:00-05:00,8.359999656677246,8.479999542236328,8.100000381469727,8.25,635500,0.0,0.0
2006-02-13 00:00:00-05:00,8.1899995803833,8.239999771118164,7.960000038146973,8.119999885559082,496400,0.0,0.0
2006-02-14 00:00:00-05:00,8.180000305175781,8.369999885559082,8.100000381469727,8.170000076293945,457500,0.0,0.0
2006-02-15 00:00:00-05:00,8.130000114440918,8.399999618530273,8.100000381469727,8.329999923706055,369300,0.0,0.0
2006-02-16 00:00:00-05:00,8.34000015258789,8.5,8.199999809265137,8.3100004196167,419600,0.0,0.0
2006-02-17 00:00:00-05:00,8.350000381469727,8.5,8.270000457763672,8.40999984741211,395900,0.0,0.0
2006-02-21 00:00:00-05:00,8.449999809265137,8.479999542236328,7.929999828338623,8.0,802800,0.0,0.0
2006-02-22 00:00:00-05:00,8.050000190734863,8.239999771118164,7.989999771118164,8.210000038146973,456400,0.0,0.0
2006-02-23 00:00:00-05:00,8.170000076293945,8.449999809265137,8.079999923706055,8.34000015258789,469500,0.0,0.0
2006-02-24 00:00:00-05:00,8.300000190734863,8.399999618530273,8.170000076293945,8.380000114440918,291500,0.0,0.0
2006-02-27 00:00:00-05:00,8.260000228881836,8.350000381469727,7.900000095367432,8.25,952000,0.0,0.0
2006-02-28 00:00:00-05:00,8.199999809265137,8.279999732971191,8.100000381469727,8.15999984741211,357300,0.0,0.0
2006-03-01 00:00:00-05:00,8.109999656677246,8.520000457763672,8.109999656677246,8.460000038146973,699400,0.0,0.0
2006-03-02 00:00:00-05:00,8.5,8.699999809265137,8.34000015258789,8.579999923706055,587200,0.0,0.0
2006-03-03 00:00:00-05:00,8.510000228881836,8.619999885559082,8.289999961853027,8.430000305175781,545100,0.0,0.0
2006-03-06 00:00:00-05:00,8.390000343322754,8.4399995803833,8.130000114440918,8.300000190734863,341600,0.0,0.0
2006-03-07 00:00:00-05:00,8.199999809265137,8.300000190734863,8.100000381469727,8.130000114440918,329800,0.0,0.0
2006-03-08 00:00:00-05:00,8.100000381469727,8.170000076293945,8.010000228881836,8.069999694824219,189000,0.0,0.0
2006-03-09 00:00:00-05:00,8.039999961853027,8.100000381469727,7.96999979019165,8.010000228881836,262700,0.0,0.0
2006-03-10 00:00:00-05:00,7.989999771118164,8.25,7.989999771118164,8.210000038146973,181300,0.0,0.0
2006-03-13 00:00:00-05:00,8.180000305175781,8.489999771118164,8.180000305175781,8.399999618530273,466300,0.0,0.0
2006-03-14 00:00:00-05:00,8.359999656677246,8.359999656677246,8.15999984741211,8.260000228881836,254500,0.0,0.0
2006-03-15 00:00:00-05:00,8.289999961853027,8.430000305175781,8.119999885559082,8.420000076293945,303000,0.0,0.0
2006-03-16 00:00:00-05:00,8.40999984741211,8.460000038146973,8.319999694824219,8.449999809265137,239200,0.0,0.0
2006-03-17 00:00:00-05:00,8.489999771118164,9.15999984741211,8.220000267028809,9.050000190734863,1383000,0.0,0.0
2006-03-20 00:00:00-05:00,9.050000190734863,9.449999809265137,8.770000457763672,9.229999542236328,1228900,0.0,0.0
2006-03-21 00:00:00-05:00,9.239999771118164,9.239999771118164,8.75,8.770000457763672,523300,0.0,0.0
2006-03-22 00:00:00-05:00,8.789999961853027,8.9399995803833,8.609999656677246,8.760000228881836,681200,0.0,0.0
2006-03-23 00:00:00-05:00,8.720000267028809,8.869999885559082,8.619999885559082,8.670000076293945,456200,0.0,0.0
2006-03-24 00:00:00-05:00,8.699999809265137,8.989999771118164,8.6899995803833,8.970000267028809,440200,0.0,0.0
2006-03-27 00:00:00-05:00,8.960000038146973,9.069999694824219,8.930000305175781,9.0,518300,0.0,0.0
2006-03-28 00:00:00-05:00,9.050000190734863,9.15999984741211,8.890000343322754,9.020000457763672,447900,0.0,0.0
2006-03-29 00:00:00-05:00,9.0,9.25,9.0,9.210000038146973,353600,0.0,0.0
2006-03-30 00:00:00-05:00,9.210000038146973,9.430000305175781,9.050000190734863,9.329999923706055,669500,0.0,0.0
2006-03-31 00:00:00-05:00,9.319999694824219,9.390000343322754,9.050000190734863,9.170000076293945,706800,0.0,0.0
2006-04-03 00:00:00-04:00,9.149999618530273,9.319999694824219,8.970000267028809,9.029999732971191,570300,0.0,0.0
2006-04-04 00:00:00-04:00,8.989999771118164,9.170000076293945,8.760000228881836,9.039999961853027,652700,0.0,0.0
2006-04-05 00:00:00-04:00,9.020000457763672,9.069999694824219,8.880000114440918,8.979999542236328,407900,0.0,0.0
2006-04-06 00:00:00-04:00,8.930000305175781,8.989999771118164,8.829999923706055,8.90999984741211,289300,0.0,0.0
2006-04-07 00:00:00-04:00,8.880000114440918,9.100000381469727,8.8100004196167,8.90999984741211,306900,0.0,0.0
2006-04-10 00:00:00-04:00,8.869999885559082,8.9399995803833,8.720000267028809,8.920000076293945,371800,0.0,0.0
2006-04-11 00:00:00-04:00,8.9399995803833,8.949999809265137,8.720000267028809,8.739999771118164,433200,0.0,0.0
2006-04-12 00:00:00-04:00,8.699999809265137,9.010000228881836,8.680000305175781,9.010000228881836,535300,0.0,0.0
2006-04-13 00:00:00-04:00,9.029999732971191,9.079999923706055,8.899999618530273,9.050000190734863,357000,0.0,0.0
2006-04-17 00:00:00-04:00,9.010000228881836,9.1899995803833,8.90999984741211,9.010000228881836,433900,0.0,0.0
2006-04-18 00:00:00-04:00,9.0,9.529999732971191,8.989999771118164,9.430000305175781,852900,0.0,0.0
2006-04-19 00:00:00-04:00,9.479999542236328,9.75,9.319999694824219,9.520000457763672,682300,0.0,0.0
2006-04-20 00:00:00-04:00,9.489999771118164,9.520000457763672,9.3100004196167,9.460000038146973,284200,0.0,0.0
2006-04-21 00:00:00-04:00,9.4399995803833,9.569999694824219,9.09000015258789,9.149999618530273,485200,0.0,0.0
2006-04-24 00:00:00-04:00,9.199999809265137,9.270000457763672,9.09000015258789,9.15999984741211,723500,0.0,0.0
2006-04-25 00:00:00-04:00,9.109999656677246,9.270000457763672,8.920000076293945,9.220000267028809,647800,0.0,0.0
2006-04-26 00:00:00-04:00,9.550000190734863,9.619999885559082,8.199999809265137,8.539999961853027,1797900,0.0,0.0
2006-04-27 00:00:00-04:00,8.430000305175781,8.729999542236328,8.270000457763672,8.5600004196167,874400,0.0,0.0
2006-04-28 00:00:00-04:00,8.489999771118164,8.850000381469727,8.369999885559082,8.789999961853027,543400,0.0,0.0
2006-05-01 00:00:00-04:00,8.789999961853027,9.069999694824219,8.680000305175781,8.890000343322754,662000,0.0,0.0
2006-05-02 00:00:00-04:00,9.350000381469727,9.399999618530273,8.680000305175781,8.770000457763672,753700,0.0,0.0
2006-05-03 00:00:00-04:00,8.770000457763672,8.8100004196167,8.3100004196167,8.359999656677246,670400,0.0,0.0
2006-05-04 00:00:00-04:00,8.329999923706055,8.4399995803833,8.25,8.390000343322754,234500,0.0,0.0
2006-05-05 00:00:00-04:00,8.470000267028809,8.6899995803833,8.270000457763672,8.600000381469727,311000,0.0,0.0
2006-05-08 00:00:00-04:00,8.619999885559082,8.670000076293945,8.460000038146973,8.510000228881836,225600,0.0,0.0
2006-05-09 00:00:00-04:00,8.460000038146973,8.550000190734863,8.25,8.300000190734863,644500,0.0,0.0
2006-05-10 00:00:00-04:00,8.319999694824219,8.329999923706055,8.039999961853027,8.119999885559082,307400,0.0,0.0
2006-05-11 00:00:00-04:00,8.100000381469727,8.149999618530273,7.929999828338623,7.980000019073486,351600,0.0,0.0
2006-05-12 00:00:00-04:00,7.920000076293945,8.0,7.519999980926514,7.75,902500,0.0,0.0
2006-05-15 00:00:00-04:00,7.639999866485596,8.0,7.639999866485596,7.769999980926514,569400,0.0,0.0
2006-05-16 00:00:00-04:00,7.769999980926514,7.940000057220459,7.690000057220459,7.809999942779541,243100,0.0,0.0
2006-05-17 00:00:00-04:00,7.730000019073486,7.809999942779541,7.559999942779541,7.760000228881836,510400,0.0,0.0
2006-05-18 00:00:00-04:00,7.75,7.840000152587891,7.659999847412109,7.659999847412109,279800,0.0,0.0
2006-05-19 00:00:00-04:00,7.690000057220459,7.710000038146973,7.389999866485596,7.489999771118164,364200,0.0,0.0
2006-05-22 00:00:00-04:00,7.420000076293945,7.619999885559082,7.329999923706055,7.53000020980835,352600,0.0,0.0
2006-05-23 00:00:00-04:00,7.599999904632568,7.679999828338623,7.099999904632568,7.190000057220459,386400,0.0,0.0
2006-05-24 00:00:00-04:00,7.139999866485596,7.369999885559082,6.980000019073486,7.349999904632568,847700,0.0,0.0
2006-05-25 00:00:00-04:00,7.429999828338623,7.570000171661377,7.320000171661377,7.570000171661377,284500,0.0,0.0
2006-05-26 00:00:00-04:00,7.599999904632568,7.699999809265137,7.5,7.619999885559082,271100,0.0,0.0
2006-05-30 00:00:00-04:00,7.550000190734863,7.570000171661377,7.289999961853027,7.369999885559082,332700,0.0,0.0
2006-05-31 00:00:00-04:00,7.369999885559082,7.480000019073486,7.320000171661377,7.389999866485596,599500,0.0,0.0
2006-06-01 00:00:00-04:00,7.429999828338623,7.489999771118164,7.369999885559082,7.449999809265137,184400,0.0,0.0
2006-06-02 00:00:00-04:00,7.519999980926514,8.149999618530273,7.519999980926514,7.789999961853027,633300,0.0,0.0
2006-06-05 00:00:00-04:00,7.789999961853027,7.789999961853027,7.449999809265137,7.570000171661377,476400,0.0,0.0
2006-06-06 00:00:00-04:00,7.590000152587891,7.739999771118164,7.5,7.690000057220459,442200,0.0,0.0
2006-06-07 00:00:00-04:00,7.679999828338623,8.010000228881836,7.519999980926514,7.849999904632568,357200,0.0,0.0
2006-06-08 00:00:00-04:00,7.840000152587891,8.0,7.619999885559082,7.929999828338623,357000,0.0,0.0
2006-06-09 00:00:00-04:00,7.940000057220459,7.949999809265137,7.630000114440918,7.659999847412109,526500,0.0,0.0
2006-06-12 00:00:00-04:00,7.650000095367432,7.690000057220459,7.400000095367432,7.449999809265137,466500,0.0,0.0
2006-06-13 00:00:00-04:00,7.409999847412109,7.849999904632568,7.400000095367432,7.639999866485596,367000,0.0,0.0
2006-06-14 00:00:00-04:00,7.659999847412109,7.659999847412109,7.269999980926514,7.389999866485596,760900,0.0,0.0
2006-06-15 00:00:00-04:00,7.429999828338623,7.610000133514404,7.429999828338623,7.570000171661377,342800,0.0,0.0
2006-06-16 00:00:00-04:00,7.579999923706055,7.639999866485596,7.420000076293945,7.590000152587891,1089900,0.0,0.0
2006-06-19 00:00:00-04:00,7.639999866485596,7.679999828338623,7.510000228881836,7.599999904632568,289400,0.0,0.0
2006-06-20 00:00:00-04:00,7.579999923706055,7.679999828338623,7.53000020980835,7.619999885559082,304500,0.0,0.0
2006-06-21 00:00:00-04:00,7.579999923706055,7.630000114440918,7.420000076293945,7.550000190734863,296400,0.0,0.0
2006-06-22 00:00:00-04:00,7.510000228881836,7.590000152587891,7.309999942779541,7.440000057220459,260000,0.0,0.0
2006-06-23 00:00:00-04:00,7.400000095367432,7.519999980926514,7.309999942779541,7.5,136400,0.0,0.0
2006-06-26 00:00:00-04:00,7.53000020980835,7.579999923706055,7.400000095367432,7.489999771118164,241300,0.0,0.0
2006-06-27 00:00:00-04:00,7.5,7.5,7.090000152587891,7.159999847412109,635400,0.0,0.0
2006-06-28 00:00:00-04:00,7.150000095367432,7.199999809265137,7.019999980926514,7.050000190734863,229900,0.0,0.0
2006-06-29 00:00:00-04:00,7.059999942779541,7.28000020980835,7.019999980926514,7.239999771118164,406800,0.0,0.0
2006-06-30 00:00:00-04:00,7.289999961853027,7.389999866485596,7.179999828338623,7.389999866485596,736300,0.0,0.0
2006-07-03 00:00:00-04:00,7.420000076293945,7.679999828338623,7.289999961853027,7.590000152587891,337000,0.0,0.0
2006-07-05 00:00:00-04:00,7.5,7.559999942779541,7.349999904632568,7.5,262700,0.0,0.0
2006-07-06 00:00:00-04:00,7.5,7.519999980926514,7.28000020980835,7.349999904632568,295700,0.0,0.0
2006-07-07 00:00:00-04:00,7.309999942779541,7.440000057220459,7.090000152587891,7.199999809265137,319700,0.0,0.0
2006-07-10 00:00:00-04:00,6.909999847412109,7.019999980926514,6.480000019073486,6.980000019073486,768600,0.0,0.0
2006-07-11 00:00:00-04:00,6.920000076293945,7.0,6.840000152587891,6.989999771118164,392300,0.0,0.0
2006-07-12 00:00:00-04:00,6.940000057220459,6.960000038146973,6.769999980926514,6.849999904632568,327900,0.0,0.0
2006-07-13 00:00:00-04:00,6.75,6.860000133514404,6.619999885559082,6.659999847412109,233800,0.0,0.0
2006-07-14 00:00:00-04:00,6.690000057220459,6.739999771118164,6.449999809265137,6.670000076293945,369800,0.0,0.0
2006-07-17 00:00:00-04:00,6.659999847412109,6.730000019073486,6.440000057220459,6.550000190734863,281300,0.0,0.0
2006-07-18 00:00:00-04:00,6.550000190734863,6.730000019073486,6.5,6.599999904632568,253700,0.0,0.0
2006-07-19 00:00:00-04:00,6.579999923706055,6.980000019073486,6.510000228881836,6.840000152587891,249700,0.0,0.0
2006-07-20 00:00:00-04:00,6.840000152587891,6.880000114440918,6.53000020980835,6.619999885559082,260700,0.0,0.0
2006-07-21 00:00:00-04:00,6.599999904632568,6.639999866485596,6.409999847412109,6.510000228881836,331800,0.0,0.0
2006-07-24 00:00:00-04:00,6.510000228881836,6.829999923706055,6.510000228881836,6.670000076293945,294700,0.0,0.0
2006-07-25 00:00:00-04:00,6.650000095367432,6.809999942779541,6.519999980926514,6.739999771118164,295300,0.0,0.0
2006-07-26 00:00:00-04:00,6.610000133514404,6.909999847412109,6.150000095367432,6.889999866485596,603900,0.0,0.0
2006-07-27 00:00:00-04:00,6.639999866485596,6.889999866485596,6.590000152587891,6.630000114440918,464800,0.0,0.0
2006-07-28 00:00:00-04:00,6.659999847412109,6.769999980926514,6.460000038146973,6.760000228881836,441800,0.0,0.0
2006-07-31 00:00:00-04:00,6.78000020980835,6.829999923706055,6.619999885559082,6.760000228881836,307000,0.0,0.0
2006-08-01 00:00:00-04:00,6.610000133514404,6.880000114440918,6.46999979019165,6.800000190734863,591700,0.0,0.0
2006-08-02 00:00:00-04:00,6.849999904632568,6.849999904632568,6.489999771118164,6.610000133514404,464200,0.0,0.0
2006-08-03 00:00:00-04:00,6.550000190734863,6.619999885559082,6.320000171661377,6.519999980926514,669200,0.0,0.0
2006-08-04 00:00:00-04:00,6.599999904632568,6.75,6.190000057220459,6.340000152587891,479900,0.0,0.0
2006-08-07 00:00:00-04:00,6.300000190734863,6.300000190734863,6.019999980926514,6.110000133514404,432300,0.0,0.0
2006-08-08 00:00:00-04:00,6.150000095367432,6.210000038146973,5.920000076293945,6.039999961853027,453100,0.0,0.0
2006-08-09 00:00:00-04:00,6.070000171661377,6.090000152587891,5.940000057220459,5.960000038146973,310400,0.0,0.0
2006-08-10 00:00:00-04:00,5.900000095367432,6.090000152587891,5.900000095367432,5.96999979019165,479900,0.0,0.0
2006-08-11 00:00:00-04:00,5.929999828338623,5.960000038146973,5.800000190734863,5.820000171661377,257800,0.0,0.0
2006-08-14 00:00:00-04:00,5.889999866485596,5.96999979019165,5.829999923706055,5.840000152587891,217300,0.0,0.0
2006-08-15 00:00:00-04:00,5.929999828338623,5.989999771118164,5.809999942779541,5.920000076293945,425800,0.0,0.0
2006-08-16 00:00:00-04:00,5.989999771118164,6.0,5.860000133514404,5.889999866485596,171200,0.0,0.0
2006-08-17 00:00:00-04:00,5.849999904632568,6.079999923706055,5.849999904632568,5.949999809265137,476300,0.0,0.0
2006-08-18 00:00:00-04:00,5.989999771118164,6.0,5.909999847412109,5.940000057220459,382200,0.0,0.0
2006-08-21 00:00:00-04:00,5.929999828338623,5.96999979019165,5.800000190734863,5.880000114440918,225800,0.0,0.0
2006-08-22 00:00:00-04:00,5.849999904632568,5.949999809265137,5.840000152587891,5.889999866485596,159600,0.0,0.0
2006-08-23 00:00:00-04:00,5.900000095367432,5.960000038146973,5.760000228881836,5.809999942779541,236900,0.0,0.0
2006-08-24 00:00:00-04:00,5.800000190734863,5.900000095367432,5.619999885559082,5.659999847412109,390000,0.0,0.0
2006-08-25 00:00:00-04:00,5.650000095367432,5.730000019073486,5.650000095367432,5.690000057220459,344000,0.0,0.0
2006-08-28 00:00:00-04:00,5.670000076293945,6.079999923706055,5.670000076293945,6.010000228881836,1061900,0.0,0.0
2006-08-29 00:00:00-04:00,6.050000190734863,6.139999866485596,5.880000114440918,6.139999866485596,329100,0.0,0.0
2006-08-30 00:00:00-04:00,6.179999828338623,6.28000020980835,5.96999979019165,6.059999942779541,719600,0.0,0.0
2006-08-31 00:00:00-04:00,6.010000228881836,6.269999980926514,5.960000038146973,6.25,290300,0.0,0.0
2006-09-01 00:00:00-04:00,6.260000228881836,6.309999942779541,6.059999942779541,6.110000133514404,277500,0.0,0.0
2006-09-05 00:00:00-04:00,6.150000095367432,6.409999847412109,6.139999866485596,6.389999866485596,184400,0.0,0.0
2006-09-06 00:00:00-04:00,6.389999866485596,6.449999809265137,6.190000057220459,6.380000114440918,200900,0.0,0.0
2006-09-07 00:00:00-04:00,6.320000171661377,6.420000076293945,6.230000019073486,6.230000019073486,139200,0.0,0.0
2006-09-08 00:00:00-04:00,6.21999979019165,6.230000019073486,6.099999904632568,6.150000095367432,180200,0.0,0.0
2006-09-11 00:00:00-04:00,6.090000152587891,6.300000190734863,6.090000152587891,6.25,126800,0.0,0.0
2006-09-12 00:00:00-04:00,6.28000020980835,6.449999809265137,6.28000020980835,6.449999809265137,137400,0.0,0.0
2006-09-13 00:00:00-04:00,6.460000038146973,6.699999809265137,6.409999847412109,6.699999809265137,160800,0.0,0.0
2006-09-14 00:00:00-04:00,6.699999809265137,6.760000228881836,6.599999904632568,6.760000228881836,172800,0.0,0.0
2006-09-15 00:00:00-04:00,6.820000171661377,6.829999923706055,6.619999885559082,6.760000228881836,576900,0.0,0.0
2006-09-18 00:00:00-04:00,6.710000038146973,6.78000020980835,6.670000076293945,6.710000038146973,174800,0.0,0.0
2006-09-19 00:00:00-04:00,6.690000057220459,6.710000038146973,6.349999904632568,6.559999942779541,165600,0.0,0.0
2006-09-20 00:00:00-04:00,6.639999866485596,6.730000019073486,6.550000190734863,6.639999866485596,139900,0.0,0.0
2006-09-21 00:00:00-04:00,6.679999828338623,6.699999809265137,6.480000019073486,6.570000171661377,96000,0.0,0.0
2006-09-22 00:00:00-04:00,6.53000020980835,7.059999942779541,6.53000020980835,6.710000038146973,691300,0.0,0.0
2006-09-25 00:00:00-04:00,6.800000190734863,6.989999771118164,6.699999809265137,6.980000019073486,306400,0.0,0.0
2006-09-26 00:00:00-04:00,6.949999809265137,7.789999961853027,6.949999809265137,7.650000095367432,1450600,0.0,0.0
2006-09-27 00:00:00-04:00,7.650000095367432,8.0600004196167,7.519999980926514,7.800000190734863,1389200,0.0,0.0
2006-09-28 00:00:00-04:00,12.989999771118164,13.34000015258789,10.869999885559082,11.5600004196167,24482300,0.0,0.0
2006-09-29 00:00:00-04:00,11.579999923706055,12.020000457763672,11.199999809265137,11.380000114440918,5198500,0.0,0.0
2006-10-02 00:00:00-04:00,11.300000190734863,11.5600004196167,11.029999732971191,11.3100004196167,2201300,0.0,0.0
2006-10-03 00:00:00-04:00,11.0,11.390000343322754,11.0,11.380000114440918,2116300,0.0,0.0
2006-10-04 00:00:00-04:00,11.329999923706055,11.869999885559082,11.3100004196167,11.739999771118164,2593400,0.0,0.0
2006-10-05 00:00:00-04:00,11.699999809265137,12.949999809265137,11.600000381469727,12.9399995803833,2840100,0.0,0.0
2006-10-06 00:00:00-04:00,13.0,13.649999618530273,12.789999961853027,13.609999656677246,3639700,0.0,0.0
2006-10-09 00:00:00-04:00,13.579999923706055,13.760000228881836,13.079999923706055,13.380000114440918,995600,0.0,0.0
2006-10-10 00:00:00-04:00,13.350000381469727,13.899999618530273,13.260000228881836,13.739999771118164,1493500,0.0,0.0
2006-10-11 00:00:00-04:00,13.770000457763672,13.90999984741211,13.539999961853027,13.880000114440918,1194700,0.0,0.0
2006-10-12 00:00:00-04:00,13.949999809265137,14.710000038146973,13.869999885559082,14.65999984741211,1708800,0.0,0.0
2006-10-13 00:00:00-04:00,14.699999809265137,15.329999923706055,14.680000305175781,15.029999732971191,2957200,0.0,0.0
2006-10-16 00:00:00-04:00,15.0,15.130000114440918,14.600000381469727,14.960000038146973,1269100,0.0,0.0
2006-10-17 00:00:00-04:00,14.850000381469727,14.9399995803833,14.270000457763672,14.720000267028809,851500,0.0,0.0
2006-10-18 00:00:00-04:00,14.829999923706055,14.9399995803833,13.829999923706055,14.039999961853027,1612600,0.0,0.0
2006-10-19 00:00:00-04:00,13.970000267028809,14.149999618530273,13.800000190734863,14.130000114440918,1452400,0.0,0.0
2006-10-20 00:00:00-04:00,14.180000305175781,14.220000267028809,13.90999984741211,14.119999885559082,707900,0.0,0.0
2006-10-23 00:00:00-04:00,14.020000457763672,14.279999732971191,13.829999923706055,14.119999885559082,766600,0.0,0.0
2006-10-24 00:00:00-04:00,14.1899995803833,14.1899995803833,13.760000228881836,14.130000114440918,874100,0.0,0.0
2006-10-25 00:00:00-04:00,13.75,14.420000076293945,13.220000267028809,14.220000267028809,1474600,0.0,0.0
2006-10-26 00:00:00-04:00,14.199999809265137,14.5,14.100000381469727,14.380000114440918,1568000,0.0,0.0
2006-10-27 00:00:00-04:00,14.350000381469727,14.579999923706055,14.270000457763672,14.5,954800,0.0,0.0
2006-10-30 00:00:00-05:00,14.210000038146973,14.65999984741211,13.960000038146973,14.529999732971191,1077600,0.0,0.0
2006-10-31 00:00:00-05:00,13.899999618530273,14.15999984741211,13.739999771118164,13.859999656677246,2549900,0.0,0.0
2006-11-01 00:00:00-05:00,13.779999732971191,13.850000381469727,12.850000381469727,12.920000076293945,2104600,0.0,0.0
2006-11-02 00:00:00-05:00,12.920000076293945,13.359999656677246,12.920000076293945,12.989999771118164,1051000,0.0,0.0
2006-11-03 00:00:00-05:00,13.0600004196167,13.210000038146973,12.829999923706055,13.0,785200,0.0,0.0
2006-11-06 00:00:00-05:00,12.90999984741211,13.0600004196167,12.8100004196167,12.989999771118164,694400,0.0,0.0
2006-11-07 00:00:00-05:00,12.949999809265137,13.4399995803833,12.920000076293945,13.220000267028809,651700,0.0,0.0
2006-11-08 00:00:00-05:00,13.100000381469727,13.199999809265137,12.800000190734863,13.170000076293945,731300,0.0,0.0
2006-11-09 00:00:00-05:00,13.15999984741211,13.170000076293945,12.600000381469727,12.760000228881836,593000,0.0,0.0
2006-11-10 00:00:00-05:00,12.710000038146973,12.829999923706055,12.600000381469727,12.829999923706055,324100,0.0,0.0
2006-11-13 00:00:00-05:00,12.739999771118164,12.970000267028809,12.550000190734863,12.670000076293945,307900,0.0,0.0
2006-11-14 00:00:00-05:00,12.649999618530273,12.899999618530273,12.569999694824219,12.850000381469727,572200,0.0,0.0
2006-11-15 00:00:00-05:00,12.819999694824219,13.220000267028809,12.779999732971191,12.960000038146973,679500,0.0,0.0
2006-11-16 00:00:00-05:00,12.90999984741211,13.039999961853027,12.829999923706055,12.949999809265137,391600,0.0,0.0
2006-11-17 00:00:00-05:00,12.949999809265137,12.989999771118164,12.699999809265137,12.949999809265137,420400,0.0,0.0
2006-11-20 00:00:00-05:00,12.9399995803833,13.0600004196167,12.819999694824219,13.010000228881836,443000,0.0,0.0
2006-11-21 00:00:00-05:00,13.0,13.25,12.9399995803833,13.149999618530273,599600,0.0,0.0
2006-11-22 00:00:00-05:00,13.149999618530273,13.640000343322754,13.149999618530273,13.350000381469727,837300,0.0,0.0
2006-11-24 00:00:00-05:00,13.25,13.34000015258789,13.069999694824219,13.220000267028809,138700,0.0,0.0
2006-11-27 00:00:00-05:00,13.149999618530273,13.239999771118164,12.899999618530273,13.0,734000,0.0,0.0
2006-11-28 00:00:00-05:00,13.0,13.130000114440918,12.8100004196167,13.079999923706055,652300,0.0,0.0
2006-11-29 00:00:00-05:00,13.100000381469727,13.34000015258789,13.069999694824219,13.25,500300,0.0,0.0
2006-11-30 00:00:00-05:00,13.149999618530273,13.25,12.989999771118164,13.119999885559082,680300,0.0,0.0
2006-12-01 00:00:00-05:00,13.050000190734863,13.300000190734863,13.0,13.079999923706055,451200,0.0,0.0
2006-12-04 00:00:00-05:00,13.09000015258789,13.600000381469727,13.0,13.510000228881836,1046300,0.0,0.0
2006-12-05 00:00:00-05:00,13.59000015258789,14.25,13.449999809265137,14.220000267028809,890400,0.0,0.0
2006-12-06 00:00:00-05:00,14.140000343322754,14.279999732971191,13.979999542236328,14.069999694824219,561100,0.0,0.0
2006-12-07 00:00:00-05:00,14.109999656677246,14.199999809265137,14.0,14.050000190734863,251200,0.0,0.0
2006-12-08 00:00:00-05:00,14.0,14.34000015258789,13.90999984741211,14.15999984741211,369000,0.0,0.0
2006-12-11 00:00:00-05:00,14.09000015258789,14.25,13.989999771118164,14.020000457763672,268500,0.0,0.0
2006-12-12 00:00:00-05:00,14.0,14.210000038146973,13.6899995803833,13.710000038146973,1792800,0.0,0.0
2006-12-13 00:00:00-05:00,13.729999542236328,13.960000038146973,13.470000267028809,13.5,641200,0.0,0.0
2006-12-14 00:00:00-05:00,13.460000038146973,13.84000015258789,13.34000015258789,13.609999656677246,643400,0.0,0.0
2006-12-15 00:00:00-05:00,13.800000190734863,13.899999618530273,13.359999656677246,13.520000457763672,828000,0.0,0.0
2006-12-18 00:00:00-05:00,13.569999694824219,13.59000015258789,13.010000228881836,13.130000114440918,693200,0.0,0.0
2006-12-19 00:00:00-05:00,13.010000228881836,13.100000381469727,12.779999732971191,12.960000038146973,816900,0.0,0.0
2006-12-20 00:00:00-05:00,12.989999771118164,13.539999961853027,12.989999771118164,13.510000228881836,389200,0.0,0.0
2006-12-21 00:00:00-05:00,14.0,14.229999542236328,13.760000228881836,13.960000038146973,843000,0.0,0.0
2006-12-22 00:00:00-05:00,13.899999618530273,14.069999694824219,13.800000190734863,13.970000267028809,599100,0.0,0.0
2006-12-26 00:00:00-05:00,13.920000076293945,14.140000343322754,13.880000114440918,14.09000015258789,523100,0.0,0.0
2006-12-27 00:00:00-05:00,14.149999618530273,14.25,14.010000228881836,14.109999656677246,495000,0.0,0.0
2006-12-28 00:00:00-05:00,14.119999885559082,14.119999885559082,13.890000343322754,13.989999771118164,603300,0.0,0.0
2006-12-29 00:00:00-05:00,14.010000228881836,14.010000228881836,13.720000267028809,13.970000267028809,784000,0.0,0.0
2007-01-03 00:00:00-05:00,13.970000267028809,14.079999923706055,13.069999694824219,13.350000381469727,1201200,0.0,0.0
2007-01-04 00:00:00-05:00,13.4399995803833,13.65999984741211,13.3100004196167,13.600000381469727,504600,0.0,0.0
2007-01-05 00:00:00-05:00,13.550000190734863,13.710000038146973,13.460000038146973,13.640000343322754,435800,0.0,0.0
2007-01-08 00:00:00-05:00,13.619999885559082,13.760000228881836,13.199999809265137,13.680000305175781,635300,0.0,0.0
2007-01-09 00:00:00-05:00,13.65999984741211,13.869999885559082,13.569999694824219,13.699999809265137,982400,0.0,0.0
2007-01-10 00:00:00-05:00,13.579999923706055,13.9399995803833,13.510000228881836,13.890000343322754,541400,0.0,0.0
2007-01-11 00:00:00-05:00,13.9399995803833,14.220000267028809,13.90999984741211,14.100000381469727,417600,0.0,0.0
2007-01-12 00:00:00-05:00,14.1899995803833,14.729999542236328,14.1899995803833,14.510000228881836,611800,0.0,0.0
2007-01-16 00:00:00-05:00,14.510000228881836,14.720000267028809,14.220000267028809,14.350000381469727,454700,0.0,0.0
2007-01-17 00:00:00-05:00,14.319999694824219,14.539999961853027,14.229999542236328,14.270000457763672,554600,0.0,0.0
2007-01-18 00:00:00-05:00,14.229999542236328,14.470000267028809,14.229999542236328,14.350000381469727,407700,0.0,0.0
2007-01-19 00:00:00-05:00,14.3100004196167,14.489999771118164,14.220000267028809,14.4399995803833,314100,0.0,0.0
2007-01-22 00:00:00-05:00,14.399999618530273,14.420000076293945,13.970000267028809,14.0,346800,0.0,0.0
2007-01-23 00:00:00-05:00,14.020000457763672,14.229999542236328,13.970000267028809,14.109999656677246,546300,0.0,0.0
2007-01-24 00:00:00-05:00,14.15999984741211,14.25,14.069999694824219,14.170000076293945,266700,0.0,0.0
2007-01-25 00:00:00-05:00,14.220000267028809,14.25,13.84000015258789,14.0,401500,0.0,0.0
2007-01-26 00:00:00-05:00,14.029999732971191,14.170000076293945,13.75,13.989999771118164,487900,0.0,0.0
2007-01-29 00:00:00-05:00,14.079999923706055,14.079999923706055,13.529999732971191,13.770000457763672,602500,0.0,0.0
2007-01-30 00:00:00-05:00,15.760000228881836,17.010000228881836,15.760000228881836,16.690000534057617,8792900,0.0,0.0
2007-01-31 00:00:00-05:00,16.520000457763672,16.90999984741211,15.869999885559082,16.559999465942383,2088600,0.0,0.0
2007-02-01 00:00:00-05:00,16.030000686645508,16.649999618530273,15.979999542236328,16.610000610351562,1826000,0.0,0.0
2007-02-02 00:00:00-05:00,16.190000534057617,16.549999237060547,16.15999984741211,16.469999313354492,783200,0.0,0.0
2007-02-05 00:00:00-05:00,16.110000610351562,16.399999618530273,16.100000381469727,16.219999313354492,523700,0.0,0.0
2007-02-06 00:00:00-05:00,16.209999084472656,16.700000762939453,16.149999618530273,16.329999923706055,1095100,0.0,0.0
2007-02-07 00:00:00-05:00,16.389999389648438,16.59000015258789,16.25,16.420000076293945,554000,0.0,0.0
2007-02-08 00:00:00-05:00,16.399999618530273,16.65999984741211,16.219999313354492,16.520000457763672,716500,0.0,0.0
2007-02-09 00:00:00-05:00,16.559999465942383,16.6200008392334,16.010000228881836,16.219999313354492,499800,0.0,0.0
2007-02-12 00:00:00-05:00,16.989999771118164,17.0,16.299999237060547,16.75,1088400,0.0,0.0
2007-02-13 00:00:00-05:00,16.8700008392334,17.15999984741211,16.600000381469727,16.989999771118164,1198300,0.0,0.0
2007-02-14 00:00:00-05:00,16.959999084472656,17.420000076293945,16.75,16.959999084472656,1143900,0.0,0.0
2007-02-15 00:00:00-05:00,16.969999313354492,17.549999237060547,16.899999618530273,17.459999084472656,1073800,0.0,0.0
2007-02-16 00:00:00-05:00,17.450000762939453,17.6299991607666,17.25,17.559999465942383,718100,0.0,0.0
2007-02-20 00:00:00-05:00,17.479999542236328,17.950000762939453,17.459999084472656,17.8799991607666,731600,0.0,0.0
2007-02-21 00:00:00-05:00,17.729999542236328,17.889999389648438,17.510000228881836,17.579999923706055,730000,0.0,0.0
2007-02-22 00:00:00-05:00,17.65999984741211,17.770000457763672,17.299999237060547,17.510000228881836,676100,0.0,0.0
2007-02-23 00:00:00-05:00,17.43000030517578,17.43000030517578,17.09000015258789,17.260000228881836,362500,0.0,0.0
2007-02-26 00:00:00-05:00,17.190000534057617,17.34000015258789,16.920000076293945,16.979999542236328,587800,0.0,0.0
2007-02-27 00:00:00-05:00,16.709999084472656,16.8700008392334,16.299999237060547,16.329999923706055,834100,0.0,0.0
2007-02-28 00:00:00-05:00,16.309999465942383,16.520000457763672,15.899999618530273,16.420000076293945,654400,0.0,0.0
2007-03-01 00:00:00-05:00,16.079999923706055,16.709999084472656,16.010000228881836,16.309999465942383,991200,0.0,0.0
2007-03-02 00:00:00-05:00,16.290000915527344,16.520000457763672,16.280000686645508,16.459999084472656,879900,0.0,0.0
2007-03-05 00:00:00-05:00,16.389999389648438,16.65999984741211,16.200000762939453,16.229999542236328,971900,0.0,0.0
2007-03-06 00:00:00-05:00,16.440000534057617,16.799999237060547,16.290000915527344,16.399999618530273,1026400,0.0,0.0
2007-03-07 00:00:00-05:00,16.420000076293945,16.68000030517578,16.049999237060547,16.06999969482422,852400,0.0,0.0
2007-03-08 00:00:00-05:00,16.260000228881836,16.579999923706055,16.229999542236328,16.520000457763672,629100,0.0,0.0
2007-03-09 00:00:00-05:00,16.6200008392334,16.6299991607666,16.360000610351562,16.59000015258789,418000,0.0,0.0
2007-03-12 00:00:00-04:00,16.549999237060547,16.90999984741211,16.549999237060547,16.790000915527344,497900,0.0,0.0
2007-03-13 00:00:00-04:00,16.739999771118164,16.969999313354492,16.110000610351562,16.219999313354492,457500,0.0,0.0
2007-03-14 00:00:00-04:00,16.18000030517578,16.829999923706055,16.18000030517578,16.700000762939453,545700,0.0,0.0
2007-03-15 00:00:00-04:00,16.729999542236328,16.950000762939453,16.489999771118164,16.579999923706055,273300,0.0,0.0
2007-03-16 00:00:00-04:00,16.56999969482422,16.65999984741211,15.970000267028809,16.0,765100,0.0,0.0
2007-03-19 00:00:00-04:00,16.100000381469727,16.5,16.0,16.3799991607666,371300,0.0,0.0
2007-03-20 00:00:00-04:00,16.3799991607666,16.440000534057617,15.989999771118164,16.059999465942383,472600,0.0,0.0
2007-03-21 00:00:00-04:00,16.06999969482422,16.479999542236328,15.970000267028809,16.450000762939453,392100,0.0,0.0
2007-03-22 00:00:00-04:00,16.540000915527344,16.540000915527344,16.15999984741211,16.43000030517578,358600,0.0,0.0
2007-03-23 00:00:00-04:00,16.440000534057617,16.5,16.260000228881836,16.43000030517578,328400,0.0,0.0
2007-03-26 00:00:00-04:00,16.3799991607666,16.530000686645508,16.100000381469727,16.25,202700,0.0,0.0
2007-03-27 00:00:00-04:00,16.170000076293945,16.31999969482422,16.030000686645508,16.219999313354492,428600,0.0,0.0
2007-03-28 00:00:00-04:00,16.079999923706055,16.510000228881836,16.06999969482422,16.25,867100,0.0,0.0
2007-03-29 00:00:00-04:00,16.309999465942383,16.31999969482422,15.9399995803833,16.149999618530273,779600,0.0,0.0
2007-03-30 00:00:00-04:00,16.1299991607666,16.1299991607666,15.720000267028809,15.859999656677246,435400,0.0,0.0
2007-04-02 00:00:00-04:00,15.880000114440918,15.890000343322754,15.449999809265137,15.739999771118164,869300,0.0,0.0
2007-04-03 00:00:00-04:00,15.739999771118164,16.65999984741211,15.699999809265137,16.56999969482422,829400,0.0,0.0
2007-04-04 00:00:00-04:00,16.530000686645508,16.670000076293945,16.290000915527344,16.540000915527344,296500,0.0,0.0
2007-04-05 00:00:00-04:00,16.610000610351562,16.719999313354492,16.43000030517578,16.700000762939453,257400,0.0,0.0
2007-04-09 00:00:00-04:00,16.700000762939453,16.729999542236328,16.31999969482422,16.6200008392334,505300,0.0,0.0
2007-04-10 00:00:00-04:00,16.530000686645508,17.290000915527344,16.530000686645508,17.209999084472656,856800,0.0,0.0
2007-04-11 00:00:00-04:00,17.280000686645508,17.280000686645508,16.6299991607666,16.81999969482422,356000,0.0,0.0
2007-04-12 00:00:00-04:00,16.75,16.920000076293945,16.579999923706055,16.690000534057617,563000,0.0,0.0
2007-04-13 00:00:00-04:00,16.65999984741211,16.920000076293945,16.59000015258789,16.920000076293945,299300,0.0,0.0
2007-04-16 00:00:00-04:00,16.950000762939453,17.09000015258789,16.84000015258789,17.059999465942383,429300,0.0,0.0
2007-04-17 00:00:00-04:00,17.040000915527344,17.100000381469727,16.799999237060547,16.93000030517578,739100,0.0,0.0
2007-04-18 00:00:00-04:00,16.81999969482422,16.940000534057617,16.549999237060547,16.559999465942383,484800,0.0,0.0
2007-04-19 00:00:00-04:00,16.540000915527344,16.6299991607666,15.880000114440918,15.949999809265137,678600,0.0,0.0
2007-04-20 00:00:00-04:00,16.149999618530273,17.059999465942383,16.0,16.75,1108500,0.0,0.0
2007-04-23 00:00:00-04:00,17.579999923706055,17.75,17.020000457763672,17.450000762939453,973400,0.0,0.0
2007-04-24 00:00:00-04:00,17.34000015258789,17.450000762939453,17.0,17.309999465942383,534900,0.0,0.0
2007-04-25 00:00:00-04:00,17.459999084472656,17.790000915527344,17.030000686645508,17.690000534057617,815200,0.0,0.0
2007-04-26 00:00:00-04:00,22.18000030517578,23.940000534057617,22.170000076293945,23.600000381469727,10304700,0.0,0.0
2007-04-27 00:00:00-04:00,23.56999969482422,24.280000686645508,22.959999084472656,23.8700008392334,2147300,0.0,0.0
2007-04-30 00:00:00-04:00,22.950000762939453,23.3700008392334,22.56999969482422,22.65999984741211,2823800,0.0,0.0
2007-05-01 00:00:00-04:00,22.700000762939453,23.950000762939453,22.600000381469727,23.899999618530273,2205100,0.0,0.0
2007-05-02 00:00:00-04:00,23.860000610351562,24.010000228881836,23.25,23.399999618530273,1587300,0.0,0.0
2007-05-03 00:00:00-04:00,23.299999237060547,24.18000030517578,23.280000686645508,23.93000030517578,1462800,0.0,0.0
2007-05-04 00:00:00-04:00,24.049999237060547,24.049999237060547,23.059999465942383,23.5,1023900,0.0,0.0
2007-05-07 00:00:00-04:00,23.34000015258789,23.600000381469727,23.299999237060547,23.469999313354492,761400,0.0,0.0
2007-05-08 00:00:00-04:00,23.399999618530273,24.190000534057617,23.09000015258789,23.329999923706055,731500,0.0,0.0
2007-05-09 00:00:00-04:00,23.170000076293945,23.389999389648438,23.010000228881836,23.31999969482422,589200,0.0,0.0
2007-05-10 00:00:00-04:00,23.270000457763672,23.309999465942383,22.520000457763672,22.579999923706055,808100,0.0,0.0
2007-05-11 00:00:00-04:00,22.700000762939453,23.3700008392334,22.530000686645508,23.100000381469727,588300,0.0,0.0
2007-05-14 00:00:00-04:00,23.010000228881836,23.100000381469727,22.3799991607666,22.610000610351562,724400,0.0,0.0
2007-05-15 00:00:00-04:00,22.540000915527344,23.0,22.170000076293945,22.34000015258789,694400,0.0,0.0
2007-05-16 00:00:00-04:00,22.3700008392334,22.6299991607666,22.09000015258789,22.600000381469727,593100,0.0,0.0
2007-05-17 00:00:00-04:00,22.530000686645508,22.579999923706055,21.989999771118164,22.219999313354492,571900,0.0,0.0
2007-05-18 00:00:00-04:00,22.290000915527344,22.5,22.100000381469727,22.360000610351562,550500,0.0,0.0
2007-05-21 00:00:00-04:00,22.440000534057617,23.09000015258789,22.299999237060547,22.68000030517578,795500,0.0,0.0
2007-05-22 00:00:00-04:00,22.770000457763672,23.0,22.479999542236328,22.510000228881836,657100,0.0,0.0
2007-05-23 00:00:00-04:00,22.59000015258789,23.049999237060547,22.510000228881836,22.670000076293945,639100,0.0,0.0
2007-05-24 00:00:00-04:00,22.510000228881836,22.75,22.100000381469727,22.299999237060547,757000,0.0,0.0
2007-05-25 00:00:00-04:00,22.420000076293945,22.68000030517578,22.18000030517578,22.639999389648438,375400,0.0,0.0
2007-05-29 00:00:00-04:00,22.700000762939453,22.700000762939453,22.209999084472656,22.600000381469727,580400,0.0,0.0
2007-05-30 00:00:00-04:00,22.389999389648438,23.010000228881836,22.299999237060547,22.940000534057617,813600,0.0,0.0
2007-05-31 00:00:00-04:00,22.950000762939453,23.829999923706055,22.6299991607666,22.790000915527344,1289900,0.0,0.0
2007-06-01 00:00:00-04:00,22.989999771118164,23.350000381469727,22.420000076293945,22.700000762939453,1010000,0.0,0.0
2007-06-04 00:00:00-04:00,22.540000915527344,23.399999618530273,22.540000915527344,23.3799991607666,817400,0.0,0.0
2007-06-05 00:00:00-04:00,23.40999984741211,23.739999771118164,22.989999771118164,23.219999313354492,775100,0.0,0.0
2007-06-06 00:00:00-04:00,23.229999542236328,23.280000686645508,22.989999771118164,23.030000686645508,443400,0.0,0.0
2007-06-07 00:00:00-04:00,23.110000610351562,23.1299991607666,21.790000915527344,22.25,910400,0.0,0.0
2007-06-08 00:00:00-04:00,22.200000762939453,23.1200008392334,22.190000534057617,23.110000610351562,1092700,0.0,0.0
2007-06-11 00:00:00-04:00,23.010000228881836,23.540000915527344,22.850000381469727,23.440000534057617,811800,0.0,0.0
2007-06-12 00:00:00-04:00,23.360000610351562,23.479999542236328,22.889999389648438,23.030000686645508,826700,0.0,0.0
2007-06-13 00:00:00-04:00,23.110000610351562,24.06999969482422,23.030000686645508,23.68000030517578,1269500,0.0,0.0
2007-06-14 00:00:00-04:00,23.709999084472656,24.649999618530273,23.709999084472656,24.440000534057617,1326900,0.0,0.0
2007-06-15 00:00:00-04:00,24.700000762939453,25.290000915527344,24.3700008392334,24.5,1736200,0.0,0.0
2007-06-18 00:00:00-04:00,24.520000457763672,24.90999984741211,24.110000610351562,24.829999923706055,818700,0.0,0.0
2007-06-19 00:00:00-04:00,24.770000457763672,24.850000381469727,24.510000228881836,24.649999618530273,537300,0.0,0.0
2007-06-20 00:00:00-04:00,24.719999313354492,24.860000610351562,24.450000762939453,24.56999969482422,908000,0.0,0.0
2007-06-21 00:00:00-04:00,24.469999313354492,24.959999084472656,24.229999542236328,24.889999389648438,652900,0.0,0.0
2007-06-22 00:00:00-04:00,24.739999771118164,24.8700008392334,24.09000015258789,24.260000228881836,1196600,0.0,0.0
2007-06-25 00:00:00-04:00,24.1299991607666,24.34000015258789,23.479999542236328,23.59000015258789,956600,0.0,0.0
2007-06-26 00:00:00-04:00,23.649999618530273,23.899999618530273,23.350000381469727,23.65999984741211,714300,0.0,0.0
2007-06-27 00:00:00-04:00,23.450000762939453,23.90999984741211,23.079999923706055,23.8799991607666,590800,0.0,0.0
2007-06-28 00:00:00-04:00,23.90999984741211,24.68000030517578,23.90999984741211,24.40999984741211,761700,0.0,0.0
2007-06-29 00:00:00-04:00,24.440000534057617,24.649999618530273,24.100000381469727,24.15999984741211,565400,0.0,0.0
2007-07-02 00:00:00-04:00,24.229999542236328,24.510000228881836,24.09000015258789,24.299999237060547,628400,0.0,0.0
2007-07-03 00:00:00-04:00,24.350000381469727,24.450000762939453,24.1200008392334,24.350000381469727,196800,0.0,0.0
2007-07-05 00:00:00-04:00,24.350000381469727,24.700000762939453,24.25,24.5,668800,0.0,0.0
2007-07-06 00:00:00-04:00,24.459999084472656,24.68000030517578,24.309999465942383,24.549999237060547,444300,0.0,0.0
2007-07-09 00:00:00-04:00,24.639999389648438,24.8799991607666,24.549999237060547,24.729999542236328,534000,0.0,0.0
2007-07-10 00:00:00-04:00,24.610000610351562,24.670000076293945,24.34000015258789,24.459999084472656,601800,0.0,0.0
2007-07-11 00:00:00-04:00,24.399999618530273,25.780000686645508,24.350000381469727,25.739999771118164,1377300,0.0,0.0
2007-07-12 00:00:00-04:00,25.940000534057617,26.290000915527344,25.510000228881836,25.719999313354492,1273500,0.0,0.0
2007-07-13 00:00:00-04:00,25.549999237060547,26.020000457763672,25.5,25.799999237060547,659200,0.0,0.0
2007-07-16 00:00:00-04:00,25.969999313354492,26.149999618530273,25.809999465942383,25.969999313354492,649200,0.0,0.0
2007-07-17 00:00:00-04:00,26.09000015258789,26.450000762939453,25.799999237060547,26.25,678500,0.0,0.0
2007-07-18 00:00:00-04:00,26.139999389648438,26.260000228881836,25.780000686645508,25.979999542236328,1295100,0.0,0.0
2007-07-19 00:00:00-04:00,26.010000228881836,26.149999618530273,25.760000228881836,26.010000228881836,742300,0.0,0.0
2007-07-20 00:00:00-04:00,25.959999084472656,26.059999465942383,25.950000762939453,26.020000457763672,1455400,0.0,0.0
2007-07-23 00:00:00-04:00,26.18000030517578,26.190000534057617,25.850000381469727,26.0,1168900,0.0,0.0
2007-07-24 00:00:00-04:00,26.15999984741211,27.360000610351562,25.649999618530273,25.84000015258789,1520500,0.0,0.0
2007-07-25 00:00:00-04:00,29.68000030517578,29.709999084472656,26.8700008392334,27.690000534057617,4721500,0.0,0.0
2007-07-26 00:00:00-04:00,27.40999984741211,28.06999969482422,27.170000076293945,27.6200008392334,2418400,0.0,0.0
2007-07-27 00:00:00-04:00,27.469999313354492,27.940000534057617,26.81999969482422,27.079999923706055,1307200,0.0,0.0
2007-07-30 00:00:00-04:00,27.200000762939453,27.360000610351562,26.360000610351562,27.010000228881836,868900,0.0,0.0
2007-07-31 00:00:00-04:00,27.18000030517578,27.239999771118164,26.06999969482422,26.100000381469727,829700,0.0,0.0
2007-08-01 00:00:00-04:00,25.959999084472656,26.479999542236328,25.670000076293945,25.950000762939453,1076900,0.0,0.0
2007-08-02 00:00:00-04:00,25.690000534057617,26.709999084472656,25.6299991607666,26.559999465942383,954600,0.0,0.0
2007-08-03 00:00:00-04:00,26.559999465942383,26.719999313354492,25.56999969482422,25.639999389648438,763200,0.0,0.0
2007-08-06 00:00:00-04:00,26.010000228881836,26.90999984741211,24.8799991607666,26.899999618530273,1213900,0.0,0.0
2007-08-07 00:00:00-04:00,26.510000228881836,27.260000228881836,26.190000534057617,27.040000915527344,1017000,0.0,0.0
2007-08-08 00:00:00-04:00,27.489999771118164,27.5,26.850000381469727,27.290000915527344,1479000,0.0,0.0
2007-08-09 00:00:00-04:00,26.90999984741211,28.34000015258789,26.700000762939453,26.93000030517578,2109500,0.0,0.0
2007-08-10 00:00:00-04:00,26.56999969482422,26.989999771118164,25.799999237060547,26.479999542236328,1187900,0.0,0.0
2007-08-13 00:00:00-04:00,26.690000534057617,27.0,25.1299991607666,26.040000915527344,1062700,0.0,0.0
2007-08-14 00:00:00-04:00,26.1299991607666,26.979999542236328,26.059999465942383,26.56999969482422,784400,0.0,0.0
2007-08-15 00:00:00-04:00,26.530000686645508,27.0,26.15999984741211,26.15999984741211,607500,0.0,0.0
2007-08-16 00:00:00-04:00,26.170000076293945,26.18000030517578,22.239999771118164,24.989999771118164,2388200,0.0,0.0
2007-08-17 00:00:00-04:00,25.989999771118164,26.200000762939453,24.520000457763672,25.799999237060547,1411800,0.0,0.0
2007-08-20 00:00:00-04:00,25.860000610351562,26.329999923706055,25.209999084472656,25.540000915527344,796000,0.0,0.0
2007-08-21 00:00:00-04:00,25.510000228881836,26.299999237060547,25.350000381469727,26.1200008392334,855700,0.0,0.0
2007-08-22 00:00:00-04:00,26.350000381469727,26.850000381469727,26.209999084472656,26.260000228881836,631200,0.0,0.0
2007-08-23 00:00:00-04:00,26.440000534057617,26.479999542236328,25.690000534057617,25.790000915527344,720300,0.0,0.0
2007-08-24 00:00:00-04:00,25.770000457763672,25.829999923706055,21.739999771118164,23.420000076293945,7275000,0.0,0.0
2007-08-27 00:00:00-04:00,23.700000762939453,24.670000076293945,23.700000762939453,23.920000076293945,2087200,0.0,0.0
2007-08-28 00:00:00-04:00,23.68000030517578,23.700000762939453,22.690000534057617,22.719999313354492,939700,0.0,0.0
2007-08-29 00:00:00-04:00,22.0,22.850000381469727,21.549999237060547,22.549999237060547,2399400,0.0,0.0
2007-08-30 00:00:00-04:00,22.25,22.93000030517578,22.209999084472656,22.709999084472656,1347600,0.0,0.0
2007-08-31 00:00:00-04:00,22.6200008392334,22.8700008392334,22.270000457763672,22.729999542236328,946400,0.0,0.0
2007-09-04 00:00:00-04:00,22.649999618530273,23.56999969482422,22.600000381469727,23.459999084472656,916200,0.0,0.0
2007-09-05 00:00:00-04:00,23.260000228881836,24.030000686645508,23.260000228881836,24.010000228881836,1663700,0.0,0.0
2007-09-06 00:00:00-04:00,24.040000915527344,24.979999542236328,23.940000534057617,24.520000457763672,1189100,0.0,0.0
2007-09-07 00:00:00-04:00,24.190000534057617,24.420000076293945,23.770000457763672,23.84000015258789,614100,0.0,0.0
2007-09-10 00:00:00-04:00,24.040000915527344,24.1200008392334,23.25,24.0,527900,0.0,0.0
2007-09-11 00:00:00-04:00,24.059999465942383,24.5,23.59000015258789,24.239999771118164,771900,0.0,0.0
2007-09-12 00:00:00-04:00,24.25,25.010000228881836,24.100000381469727,24.690000534057617,544800,0.0,0.0
2007-09-13 00:00:00-04:00,24.989999771118164,25.1200008392334,24.5,24.540000915527344,400800,0.0,0.0
2007-09-14 00:00:00-04:00,24.309999465942383,24.530000686645508,23.760000228881836,23.899999618530273,573400,0.0,0.0
2007-09-17 00:00:00-04:00,23.739999771118164,24.06999969482422,23.559999465942383,23.600000381469727,813900,0.0,0.0
2007-09-18 00:00:00-04:00,23.700000762939453,24.229999542236328,23.350000381469727,24.110000610351562,780200,0.0,0.0
2007-09-19 00:00:00-04:00,24.260000228881836,24.5,24.139999389648438,24.260000228881836,458400,0.0,0.0
2007-09-20 00:00:00-04:00,24.239999771118164,24.690000534057617,24.239999771118164,24.479999542236328,340900,0.0,0.0
2007-09-21 00:00:00-04:00,24.709999084472656,25.969999313354492,24.389999389648438,25.559999465942383,1472800,0.0,0.0
2007-09-24 00:00:00-04:00,25.600000381469727,25.799999237060547,25.450000762939453,25.59000015258789,1719200,0.0,0.0
2007-09-25 00:00:00-04:00,25.440000534057617,25.81999969482422,25.219999313354492,25.270000457763672,993300,0.0,0.0
2007-09-26 00:00:00-04:00,25.479999542236328,26.239999771118164,25.459999084472656,25.979999542236328,672300,0.0,0.0
2007-09-27 00:00:00-04:00,26.020000457763672,26.170000076293945,25.729999542236328,25.8799991607666,530500,0.0,0.0
2007-09-28 00:00:00-04:00,25.860000610351562,26.110000610351562,25.209999084472656,25.329999923706055,1174800,0.0,0.0
2007-10-01 00:00:00-04:00,25.219999313354492,27.489999771118164,25.020000457763672,27.059999465942383,1620200,0.0,0.0
2007-10-02 00:00:00-04:00,27.040000915527344,27.170000076293945,26.15999984741211,26.739999771118164,780300,0.0,0.0
2007-10-03 00:00:00-04:00,26.6200008392334,27.299999237060547,25.899999618530273,27.110000610351562,693200,0.0,0.0
2007-10-04 00:00:00-04:00,27.170000076293945,28.0,27.170000076293945,27.739999771118164,819800,0.0,0.0
2007-10-05 00:00:00-04:00,27.989999771118164,28.6299991607666,27.90999984741211,28.459999084472656,768600,0.0,0.0
2007-10-08 00:00:00-04:00,28.299999237060547,28.639999389648438,28.100000381469727,28.489999771118164,615200,0.0,0.0
2007-10-09 00:00:00-04:00,28.510000228881836,28.540000915527344,27.579999923706055,27.84000015258789,690200,0.0,0.0
2007-10-10 00:00:00-04:00,27.68000030517578,28.25,27.549999237060547,28.209999084472656,591100,0.0,0.0
2007-10-11 00:00:00-04:00,28.299999237060547,28.59000015258789,26.899999618530273,27.040000915527344,695100,0.0,0.0
2007-10-12 00:00:00-04:00,27.3700008392334,27.799999237060547,27.31999969482422,27.6200008392334,389800,0.0,0.0
2007-10-15 00:00:00-04:00,27.809999465942383,27.950000762939453,26.610000610351562,26.770000457763672,558600,0.0,0.0
2007-10-16 00:00:00-04:00,26.690000534057617,27.34000015258789,26.65999984741211,27.15999984741211,778900,0.0,0.0
2007-10-17 00:00:00-04:00,28.5,29.299999237060547,27.75,28.139999389648438,2511500,0.0,0.0
2007-10-18 00:00:00-04:00,28.280000686645508,28.459999084472656,27.639999389648438,28.09000015258789,825300,0.0,0.0
2007-10-19 00:00:00-04:00,28.100000381469727,28.139999389648438,26.90999984741211,27.049999237060547,993000,0.0,0.0
2007-10-22 00:00:00-04:00,26.84000015258789,27.75,26.6299991607666,27.579999923706055,844000,0.0,0.0
2007-10-23 00:00:00-04:00,27.850000381469727,28.790000915527344,27.729999542236328,28.479999542236328,1230500,0.0,0.0
2007-10-24 00:00:00-04:00,28.690000534057617,28.959999084472656,27.8700008392334,28.700000762939453,1800200,0.0,0.0
2007-10-25 00:00:00-04:00,22.5,22.75,18.780000686645508,19.06999969482422,12676700,0.0,0.0
2007-10-26 00:00:00-04:00,18.75,19.15999984741211,18.0,18.850000381469727,5046500,0.0,0.0
2007-10-29 00:00:00-04:00,18.860000610351562,20.889999389648438,18.850000381469727,20.149999618530273,3012000,0.0,0.0
2007-10-30 00:00:00-04:00,20.149999618530273,20.149999618530273,19.68000030517578,19.90999984741211,2046100,0.0,0.0
2007-10-31 00:00:00-04:00,20.0,21.020000457763672,19.860000610351562,20.700000762939453,1624000,0.0,0.0
2007-11-01 00:00:00-04:00,20.479999542236328,20.690000534057617,19.81999969482422,19.8700008392334,1422300,0.0,0.0
2007-11-02 00:00:00-04:00,20.149999618530273,20.25,19.459999084472656,19.510000228881836,1066300,0.0,0.0
2007-11-05 00:00:00-05:00,19.190000534057617,19.75,18.81999969482422,19.09000015258789,1202500,0.0,0.0
2007-11-06 00:00:00-05:00,19.1200008392334,19.450000762939453,18.959999084472656,19.34000015258789,1133600,0.0,0.0
2007-11-07 00:00:00-05:00,19.030000686645508,19.25,18.690000534057617,18.709999084472656,1401300,0.0,0.0
2007-11-08 00:00:00-05:00,18.739999771118164,18.889999389648438,16.360000610351562,17.040000915527344,2450700,0.0,0.0
2007-11-09 00:00:00-05:00,16.739999771118164,17.81999969482422,16.600000381469727,17.6299991607666,1393900,0.0,0.0
2007-11-12 00:00:00-05:00,17.510000228881836,17.649999618530273,17.010000228881836,17.110000610351562,1372700,0.0,0.0
2007-11-13 00:00:00-05:00,17.309999465942383,17.459999084472656,17.1200008392334,17.299999237060547,1001900,0.0,0.0
2007-11-14 00:00:00-05:00,17.450000762939453,17.700000762939453,17.299999237060547,17.459999084472656,834800,0.0,0.0
2007-11-15 00:00:00-05:00,17.40999984741211,17.40999984741211,16.059999465942383,16.170000076293945,1400200,0.0,0.0
2007-11-16 00:00:00-05:00,16.209999084472656,16.3799991607666,15.720000267028809,15.869999885559082,1351700,0.0,0.0
2007-11-19 00:00:00-05:00,15.670000076293945,15.779999732971191,15.369999885559082,15.529999732971191,1249400,0.0,0.0
2007-11-20 00:00:00-05:00,15.470000267028809,16.049999237060547,15.430000305175781,15.899999618530273,1220700,0.0,0.0
2007-11-21 00:00:00-05:00,15.779999732971191,15.859999656677246,14.65999984741211,14.6899995803833,1382400,0.0,0.0
2007-11-23 00:00:00-05:00,14.75,14.979999542236328,14.619999885559082,14.800000190734863,527900,0.0,0.0
2007-11-26 00:00:00-05:00,14.75,15.539999961853027,14.699999809265137,15.260000228881836,1115800,0.0,0.0
2007-11-27 00:00:00-05:00,15.149999618530273,15.729999542236328,15.100000381469727,15.640000343322754,943800,0.0,0.0
2007-11-28 00:00:00-05:00,15.829999923706055,16.3700008392334,15.75,16.329999923706055,842600,0.0,0.0
2007-11-29 00:00:00-05:00,16.31999969482422,16.59000015258789,16.0,16.190000534057617,432600,0.0,0.0
2007-11-30 00:00:00-05:00,16.34000015258789,17.190000534057617,16.280000686645508,16.889999389648438,1023700,0.0,0.0
2007-12-03 00:00:00-05:00,16.81999969482422,16.920000076293945,16.290000915527344,16.34000015258789,494300,0.0,0.0
2007-12-04 00:00:00-05:00,16.299999237060547,16.829999923706055,16.239999771118164,16.520000457763672,714900,0.0,0.0
2007-12-05 00:00:00-05:00,16.709999084472656,17.0,16.709999084472656,16.84000015258789,401300,0.0,0.0
2007-12-06 00:00:00-05:00,16.809999465942383,17.639999389648438,16.809999465942383,17.549999237060547,960400,0.0,0.0
2007-12-07 00:00:00-05:00,18.420000076293945,19.8799991607666,18.290000915527344,18.6200008392334,1943800,0.0,0.0
2007-12-10 00:00:00-05:00,18.59000015258789,19.110000610351562,18.59000015258789,18.829999923706055,642000,0.0,0.0
2007-12-11 00:00:00-05:00,18.889999389648438,19.1299991607666,17.959999084472656,18.1200008392334,503300,0.0,0.0
2007-12-12 00:00:00-05:00,18.700000762939453,18.920000076293945,17.93000030517578,18.34000015258789,895500,0.0,0.0
2007-12-13 00:00:00-05:00,18.18000030517578,18.360000610351562,17.889999389648438,18.0,683700,0.0,0.0
2007-12-14 00:00:00-05:00,17.90999984741211,18.520000457763672,17.6299991607666,17.770000457763672,433700,0.0,0.0
2007-12-17 00:00:00-05:00,17.65999984741211,17.90999984741211,17.329999923706055,17.34000015258789,433500,0.0,0.0
2007-12-18 00:00:00-05:00,17.510000228881836,17.56999969482422,16.989999771118164,17.239999771118164,896700,0.0,0.0
2007-12-19 00:00:00-05:00,17.239999771118164,17.290000915527344,16.959999084472656,17.079999923706055,654400,0.0,0.0
2007-12-20 00:00:00-05:00,17.25,17.81999969482422,17.25,17.75,432200,0.0,0.0
2007-12-21 00:00:00-05:00,17.989999771118164,18.190000534057617,17.389999389648438,17.6200008392334,898800,0.0,0.0
2007-12-24 00:00:00-05:00,17.6200008392334,18.030000686645508,17.5,17.950000762939453,116800,0.0,0.0
2007-12-26 00:00:00-05:00,17.809999465942383,18.18000030517578,17.549999237060547,18.149999618530273,293400,0.0,0.0
2007-12-27 00:00:00-05:00,18.06999969482422,18.139999389648438,17.139999389648438,17.139999389648438,343100,0.0,0.0
2007-12-28 00:00:00-05:00,17.239999771118164,17.850000381469727,17.049999237060547,17.149999618530273,402700,0.0,0.0
2007-12-31 00:00:00-05:00,17.239999771118164,17.239999771118164,16.530000686645508,16.68000030517578,484600,0.0,0.0
2008-01-02 00:00:00-05:00,16.68000030517578,17.219999313354492,16.34000015258789,16.469999313354492,704500,0.0,0.0
2008-01-03 00:00:00-05:00,16.540000915527344,17.020000457763672,16.489999771118164,16.549999237060547,609400,0.0,0.0
2008-01-04 00:00:00-05:00,16.329999923706055,16.829999923706055,16.239999771118164,16.5,737800,0.0,0.0
2008-01-07 00:00:00-05:00,16.450000762939453,16.56999969482422,15.960000038146973,16.139999389648438,1740500,0.0,0.0
2008-01-08 00:00:00-05:00,16.190000534057617,16.450000762939453,15.329999923706055,15.34000015258789,1075600,0.0,0.0
2008-01-09 00:00:00-05:00,15.430000305175781,15.970000267028809,15.289999961853027,15.930000305175781,1584200,0.0,0.0
2008-01-10 00:00:00-05:00,15.720000267028809,15.720000267028809,14.850000381469727,15.260000228881836,1815200,0.0,0.0
2008-01-11 00:00:00-05:00,15.109999656677246,15.359999656677246,14.710000038146973,14.770000457763672,918300,0.0,0.0
2008-01-14 00:00:00-05:00,14.899999618530273,15.050000190734863,14.5,14.699999809265137,1139300,0.0,0.0
2008-01-15 00:00:00-05:00,14.489999771118164,14.579999923706055,13.899999618530273,13.960000038146973,952900,0.0,0.0
2008-01-16 00:00:00-05:00,13.949999809265137,14.59000015258789,13.930000305175781,14.220000267028809,2499700,0.0,0.0
2008-01-17 00:00:00-05:00,14.300000190734863,14.3100004196167,13.420000076293945,13.5,1507800,0.0,0.0
2008-01-18 00:00:00-05:00,13.550000190734863,13.699999809265137,13.25,13.399999618530273,929200,0.0,0.0
2008-01-22 00:00:00-05:00,12.960000038146973,13.149999618530273,12.15999984741211,12.979999542236328,1505100,0.0,0.0
2008-01-23 00:00:00-05:00,12.649999618530273,13.670000076293945,12.569999694824219,13.479999542236328,3099200,0.0,0.0
2008-01-24 00:00:00-05:00,13.609999656677246,13.6899995803833,13.09000015258789,13.119999885559082,1055600,0.0,0.0
2008-01-25 00:00:00-05:00,13.260000228881836,14.010000228881836,13.210000038146973,13.869999885559082,1584800,0.0,0.0
2008-01-28 00:00:00-05:00,13.75,13.899999618530273,12.819999694824219,12.989999771118164,2546800,0.0,0.0
2008-01-29 00:00:00-05:00,13.140000343322754,14.850000381469727,13.039999961853027,14.0,4862800,0.0,0.0
2008-01-30 00:00:00-05:00,10.960000038146973,12.399999618530273,10.800000190734863,11.930000305175781,8776600,0.0,0.0
2008-01-31 00:00:00-05:00,11.600000381469727,12.029999732971191,11.390000343322754,11.779999732971191,2948700,0.0,0.0
2008-02-01 00:00:00-05:00,11.59000015258789,12.399999618530273,11.569999694824219,12.0600004196167,1591900,0.0,0.0
2008-02-04 00:00:00-05:00,12.050000190734863,12.800000190734863,12.050000190734863,12.699999809265137,1965300,0.0,0.0
2008-02-05 00:00:00-05:00,12.510000228881836,12.979999542236328,12.510000228881836,12.710000038146973,1360000,0.0,0.0
2008-02-06 00:00:00-05:00,12.84000015258789,13.619999885559082,12.5600004196167,13.390000343322754,2765200,0.0,0.0
2008-02-07 00:00:00-05:00,13.260000228881836,13.449999809265137,12.9399995803833,13.15999984741211,1658100,0.0,0.0
2008-02-08 00:00:00-05:00,13.15999984741211,13.489999771118164,12.949999809265137,13.010000228881836,1165200,0.0,0.0
2008-02-11 00:00:00-05:00,13.010000228881836,13.100000381469727,12.729999542236328,13.09000015258789,1178900,0.0,0.0
2008-02-12 00:00:00-05:00,13.0600004196167,13.289999961853027,12.850000381469727,13.25,1253600,0.0,0.0
2008-02-13 00:00:00-05:00,13.300000190734863,13.479999542236328,13.09000015258789,13.1899995803833,928100,0.0,0.0
2008-02-14 00:00:00-05:00,13.420000076293945,13.479999542236328,12.710000038146973,12.90999984741211,1702000,0.0,0.0
2008-02-15 00:00:00-05:00,13.0,13.050000190734863,12.729999542236328,13.020000457763672,1833900,0.0,0.0
2008-02-19 00:00:00-05:00,13.130000114440918,13.5,13.09000015258789,13.199999809265137,1147000,0.0,0.0
2008-02-20 00:00:00-05:00,13.130000114440918,13.199999809265137,12.739999771118164,13.0,1027400,0.0,0.0
2008-02-21 00:00:00-05:00,12.880000114440918,13.399999618530273,12.779999732971191,12.8100004196167,679800,0.0,0.0
2008-02-22 00:00:00-05:00,12.859999656677246,12.9399995803833,12.59000015258789,12.819999694824219,758800,0.0,0.0
2008-02-25 00:00:00-05:00,12.75,13.130000114440918,12.739999771118164,12.949999809265137,983600,0.0,0.0
2008-02-26 00:00:00-05:00,12.890000343322754,13.170000076293945,12.710000038146973,13.020000457763672,605000,0.0,0.0
2008-02-27 00:00:00-05:00,12.920000076293945,13.449999809265137,12.779999732971191,13.40999984741211,1127000,0.0,0.0
2008-02-28 00:00:00-05:00,13.260000228881836,13.359999656677246,12.800000190734863,12.84000015258789,1380700,0.0,0.0
2008-02-29 00:00:00-05:00,12.710000038146973,12.720000267028809,12.300000190734863,12.350000381469727,909300,0.0,0.0
2008-03-03 00:00:00-05:00,12.380000114440918,12.4399995803833,12.0,12.039999961853027,1191000,0.0,0.0
2008-03-04 00:00:00-05:00,12.010000228881836,12.09000015258789,11.789999961853027,11.960000038146973,942400,0.0,0.0
2008-03-05 00:00:00-05:00,12.0,12.050000190734863,11.84000015258789,11.899999618530273,592800,0.0,0.0
2008-03-06 00:00:00-05:00,11.859999656677246,11.979999542236328,11.569999694824219,11.59000015258789,585900,0.0,0.0
2008-03-07 00:00:00-05:00,11.420000076293945,11.470000267028809,10.960000038146973,11.100000381469727,785700,0.0,0.0
2008-03-10 00:00:00-04:00,11.149999618530273,11.180000305175781,10.859999656677246,10.890000343322754,565600,0.0,0.0
2008-03-11 00:00:00-04:00,11.119999885559082,11.279999732971191,10.9399995803833,11.220000267028809,629900,0.0,0.0
2008-03-12 00:00:00-04:00,11.239999771118164,11.630000114440918,11.1899995803833,11.329999923706055,553400,0.0,0.0
2008-03-13 00:00:00-04:00,11.1899995803833,11.569999694824219,10.880000114440918,11.460000038146973,648300,0.0,0.0
2008-03-14 00:00:00-04:00,11.539999961853027,11.6899995803833,10.869999885559082,10.920000076293945,600500,0.0,0.0
2008-03-17 00:00:00-04:00,10.949999809265137,11.100000381469727,10.34000015258789,10.34000015258789,806700,0.0,0.0
2008-03-18 00:00:00-04:00,10.550000190734863,11.680000305175781,10.34000015258789,11.529999732971191,1025000,0.0,0.0
2008-03-19 00:00:00-04:00,11.640000343322754,11.899999618530273,11.180000305175781,11.180000305175781,405100,0.0,0.0
2008-03-20 00:00:00-04:00,11.329999923706055,11.609999656677246,11.029999732971191,11.390000343322754,1267300,0.0,0.0
2008-03-24 00:00:00-04:00,11.420000076293945,12.899999618530273,11.420000076293945,12.550000190734863,1002700,0.0,0.0
2008-03-25 00:00:00-04:00,12.5,12.579999923706055,11.789999961853027,12.0600004196167,519500,0.0,0.0
2008-03-26 00:00:00-04:00,12.0,12.140000343322754,11.449999809265137,11.600000381469727,586700,0.0,0.0
2008-03-27 00:00:00-04:00,11.65999984741211,11.789999961853027,11.449999809265137,11.619999885559082,528200,0.0,0.0
2008-03-28 00:00:00-04:00,11.520000457763672,11.9399995803833,11.149999618530273,11.1899995803833,580500,0.0,0.0
2008-03-31 00:00:00-04:00,11.15999984741211,11.289999961853027,11.050000190734863,11.109999656677246,612500,0.0,0.0
2008-04-01 00:00:00-04:00,11.229999542236328,12.5,11.109999656677246,12.399999618530273,953500,0.0,0.0
2008-04-02 00:00:00-04:00,12.449999809265137,12.520000457763672,12.140000343322754,12.220000267028809,534900,0.0,0.0
2008-04-03 00:00:00-04:00,12.130000114440918,12.130000114440918,11.210000038146973,11.270000457763672,1231300,0.0,0.0
2008-04-04 00:00:00-04:00,11.300000190734863,11.710000038146973,11.220000267028809,11.609999656677246,1954900,0.0,0.0
2008-04-07 00:00:00-04:00,11.619999885559082,11.710000038146973,11.4399995803833,11.4399995803833,1053100,0.0,0.0
2008-04-08 00:00:00-04:00,11.34000015258789,11.34000015258789,11.100000381469727,11.140000343322754,383900,0.0,0.0
2008-04-09 00:00:00-04:00,11.239999771118164,11.289999961853027,10.649999618530273,10.6899995803833,1252700,0.0,0.0
2008-04-10 00:00:00-04:00,10.6899995803833,10.779999732971191,10.220000267028809,10.329999923706055,1929000,0.0,0.0
2008-04-11 00:00:00-04:00,10.229999542236328,10.3100004196167,9.920000076293945,9.949999809265137,1408700,0.0,0.0
2008-04-14 00:00:00-04:00,9.899999618530273,10.050000190734863,9.869999885559082,9.970000267028809,1055700,0.0,0.0
2008-04-15 00:00:00-04:00,10.0,10.09000015258789,9.9399995803833,9.970000267028809,896300,0.0,0.0
2008-04-16 00:00:00-04:00,10.0600004196167,10.100000381469727,9.930000305175781,10.069999694824219,861100,0.0,0.0
2008-04-17 00:00:00-04:00,10.050000190734863,10.069999694824219,9.800000190734863,9.890000343322754,563800,0.0,0.0
2008-04-18 00:00:00-04:00,10.0,10.050000190734863,9.9399995803833,10.029999732971191,696000,0.0,0.0
2008-04-21 00:00:00-04:00,10.029999732971191,10.149999618530273,9.850000381469727,10.100000381469727,577200,0.0,0.0
2008-04-22 00:00:00-04:00,10.0,10.020000457763672,9.649999618530273,9.84000015258789,565200,0.0,0.0
2008-04-23 00:00:00-04:00,9.869999885559082,10.029999732971191,9.8100004196167,9.989999771118164,691000,0.0,0.0
2008-04-24 00:00:00-04:00,9.869999885559082,10.050000190734863,9.649999618530273,9.880000114440918,778100,0.0,0.0
2008-04-25 00:00:00-04:00,9.9399995803833,10.050000190734863,9.890000343322754,10.0,1236200,0.0,0.0
2008-04-28 00:00:00-04:00,9.970000267028809,10.489999771118164,9.970000267028809,10.399999618530273,2300200,0.0,0.0
2008-04-29 00:00:00-04:00,10.5,10.59000015258789,10.199999809265137,10.319999694824219,1324200,0.0,0.0
2008-04-30 00:00:00-04:00,12.229999542236328,12.789999961853027,11.899999618530273,12.279999732971191,5158500,0.0,0.0
2008-05-01 00:00:00-04:00,12.170000076293945,12.369999885559082,12.0,12.199999809265137,1534900,0.0,0.0
2008-05-02 00:00:00-04:00,12.319999694824219,12.6899995803833,12.1899995803833,12.1899995803833,1478000,0.0,0.0
2008-05-05 00:00:00-04:00,12.180000305175781,12.420000076293945,12.09000015258789,12.15999984741211,961300,0.0,0.0
2008-05-06 00:00:00-04:00,12.0600004196167,12.40999984741211,12.0,12.260000228881836,744000,0.0,0.0
2008-05-07 00:00:00-04:00,12.220000267028809,12.539999961853027,11.979999542236328,12.029999732971191,948300,0.0,0.0
2008-05-08 00:00:00-04:00,12.130000114440918,12.550000190734863,12.050000190734863,12.260000228881836,690200,0.0,0.0
2008-05-09 00:00:00-04:00,12.34000015258789,12.5,12.130000114440918,12.4399995803833,616000,0.0,0.0
2008-05-12 00:00:00-04:00,12.449999809265137,12.779999732971191,12.270000457763672,12.760000228881836,816900,0.0,0.0
2008-05-13 00:00:00-04:00,12.75,12.75,12.300000190734863,12.479999542236328,530900,0.0,0.0
2008-05-14 00:00:00-04:00,12.510000228881836,12.739999771118164,12.5,12.5,621600,0.0,0.0
2008-05-15 00:00:00-04:00,12.470000267028809,12.989999771118164,12.399999618530273,12.890000343322754,1143500,0.0,0.0
2008-05-16 00:00:00-04:00,12.930000305175781,12.930000305175781,12.399999618530273,12.539999961853027,1105900,0.0,0.0
2008-05-19 00:00:00-04:00,12.619999885559082,13.140000343322754,12.520000457763672,12.930000305175781,825900,0.0,0.0
2008-05-20 00:00:00-04:00,12.869999885559082,13.130000114440918,12.649999618530273,12.890000343322754,919600,0.0,0.0
2008-05-21 00:00:00-04:00,12.9399995803833,13.420000076293945,12.6899995803833,12.75,1208600,0.0,0.0
2008-05-22 00:00:00-04:00,12.699999809265137,13.050000190734863,12.670000076293945,12.979999542236328,638500,0.0,0.0
2008-05-23 00:00:00-04:00,12.880000114440918,13.0,12.539999961853027,12.720000267028809,674200,0.0,0.0
2008-05-27 00:00:00-04:00,12.760000228881836,13.100000381469727,12.75,12.960000038146973,433700,0.0,0.0
2008-05-28 00:00:00-04:00,12.970000267028809,13.050000190734863,12.520000457763672,12.760000228881836,655600,0.0,0.0
2008-05-29 00:00:00-04:00,12.710000038146973,13.239999771118164,12.710000038146973,13.149999618530273,621900,0.0,0.0
2008-05-30 00:00:00-04:00,13.180000305175781,13.25,12.859999656677246,13.170000076293945,595300,0.0,0.0
2008-06-02 00:00:00-04:00,13.199999809265137,13.449999809265137,12.979999542236328,13.0600004196167,1533200,0.0,0.0
2008-06-03 00:00:00-04:00,13.140000343322754,13.319999694824219,12.970000267028809,13.0600004196167,504900,0.0,0.0
2008-06-04 00:00:00-04:00,13.079999923706055,13.350000381469727,12.930000305175781,13.109999656677246,296100,0.0,0.0
2008-06-05 00:00:00-04:00,13.100000381469727,13.3100004196167,12.699999809265137,13.1899995803833,1377900,0.0,0.0
2008-06-06 00:00:00-04:00,13.069999694824219,13.130000114440918,12.8100004196167,12.899999618530273,726200,0.0,0.0
2008-06-09 00:00:00-04:00,12.899999618530273,12.970000267028809,12.300000190734863,12.609999656677246,783200,0.0,0.0
2008-06-10 00:00:00-04:00,12.489999771118164,12.520000457763672,11.970000267028809,12.100000381469727,908400,0.0,0.0
2008-06-11 00:00:00-04:00,12.039999961853027,12.289999961853027,11.670000076293945,11.670000076293945,699700,0.0,0.0
2008-06-12 00:00:00-04:00,11.760000228881836,12.15999984741211,11.760000228881836,12.020000457763672,702800,0.0,0.0
2008-06-13 00:00:00-04:00,12.15999984741211,12.300000190734863,12.050000190734863,12.300000190734863,345700,0.0,0.0
2008-06-16 00:00:00-04:00,12.279999732971191,12.3100004196167,12.039999961853027,12.25,455400,0.0,0.0
2008-06-17 00:00:00-04:00,12.25,13.010000228881836,12.069999694824219,12.930000305175781,970400,0.0,0.0
2008-06-18 00:00:00-04:00,12.890000343322754,12.949999809265137,12.319999694824219,12.369999885559082,357300,0.0,0.0
2008-06-19 00:00:00-04:00,12.359999656677246,12.800000190734863,12.229999542236328,12.75,427500,0.0,0.0
2008-06-20 00:00:00-04:00,12.670000076293945,12.680000305175781,11.960000038146973,12.119999885559082,663000,0.0,0.0
2008-06-23 00:00:00-04:00,12.210000038146973,12.210000038146973,11.619999885559082,11.6899995803833,629000,0.0,0.0
2008-06-24 00:00:00-04:00,11.600000381469727,11.739999771118164,10.960000038146973,11.069999694824219,836800,0.0,0.0
2008-06-25 00:00:00-04:00,11.300000190734863,11.720000267028809,11.0600004196167,11.3100004196167,1164200,0.0,0.0
2008-06-26 00:00:00-04:00,11.149999618530273,11.220000267028809,10.75,10.90999984741211,577100,0.0,0.0
2008-06-27 00:00:00-04:00,10.869999885559082,11.029999732971191,10.680000305175781,10.710000038146973,1139800,0.0,0.0
2008-06-30 00:00:00-04:00,10.729999542236328,10.920000076293945,10.470000267028809,10.489999771118164,945800,0.0,0.0
2008-07-01 00:00:00-04:00,10.380000114440918,10.859999656677246,10.1899995803833,10.84000015258789,1601000,0.0,0.0
2008-07-02 00:00:00-04:00,10.850000381469727,11.390000343322754,10.84000015258789,11.220000267028809,1085900,0.0,0.0
2008-07-03 00:00:00-04:00,11.199999809265137,11.300000190734863,10.920000076293945,11.15999984741211,448300,0.0,0.0
2008-07-07 00:00:00-04:00,11.25,11.4399995803833,11.010000228881836,11.130000114440918,695300,0.0,0.0
2008-07-08 00:00:00-04:00,11.170000076293945,11.520000457763672,11.15999984741211,11.300000190734863,698100,0.0,0.0
2008-07-09 00:00:00-04:00,11.4399995803833,11.4399995803833,10.869999885559082,10.869999885559082,730100,0.0,0.0
2008-07-10 00:00:00-04:00,10.920000076293945,11.079999923706055,10.100000381469727,10.229999542236328,1742900,0.0,0.0
2008-07-11 00:00:00-04:00,10.119999885559082,10.75,10.010000228881836,10.680000305175781,880300,0.0,0.0
2008-07-14 00:00:00-04:00,10.789999961853027,10.930000305175781,10.270000457763672,10.510000228881836,527900,0.0,0.0
2008-07-15 00:00:00-04:00,10.40999984741211,11.140000343322754,10.380000114440918,10.789999961853027,880300,0.0,0.0
2008-07-16 00:00:00-04:00,10.710000038146973,11.329999923706055,10.5600004196167,11.260000228881836,926600,0.0,0.0
2008-07-17 00:00:00-04:00,11.399999618530273,12.239999771118164,11.34000015258789,12.15999984741211,763800,0.0,0.0
2008-07-18 00:00:00-04:00,12.149999618530273,12.149999618530273,11.390000343322754,11.449999809265137,780300,0.0,0.0
2008-07-21 00:00:00-04:00,11.470000267028809,11.6899995803833,10.979999542236328,11.039999961853027,831900,0.0,0.0
2008-07-22 00:00:00-04:00,11.029999732971191,11.680000305175781,10.90999984741211,11.619999885559082,539500,0.0,0.0
2008-07-23 00:00:00-04:00,11.470000267028809,11.779999732971191,11.25,11.699999809265137,719400,0.0,0.0
2008-07-24 00:00:00-04:00,11.75,11.869999885559082,11.59000015258789,11.670000076293945,570400,0.0,0.0
2008-07-25 00:00:00-04:00,11.779999732971191,11.960000038146973,11.460000038146973,11.520000457763672,448400,0.0,0.0
2008-07-28 00:00:00-04:00,11.470000267028809,11.520000457763672,11.079999923706055,11.260000228881836,688400,0.0,0.0
2008-07-29 00:00:00-04:00,11.260000228881836,11.5600004196167,10.9399995803833,11.1899995803833,1836300,0.0,0.0
2008-07-30 00:00:00-04:00,9.100000381469727,10.619999885559082,9.020000457763672,10.170000076293945,5371000,0.0,0.0
2008-07-31 00:00:00-04:00,10.010000228881836,10.09000015258789,9.800000190734863,10.010000228881836,1866100,0.0,0.0
2008-08-01 00:00:00-04:00,9.9399995803833,10.699999809265137,9.90999984741211,10.539999961853027,1305800,0.0,0.0
2008-08-04 00:00:00-04:00,10.5,10.550000190734863,10.260000228881836,10.510000228881836,983500,0.0,0.0
2008-08-05 00:00:00-04:00,10.65999984741211,10.970000267028809,10.40999984741211,10.949999809265137,658500,0.0,0.0
2008-08-06 00:00:00-04:00,10.90999984741211,11.369999885559082,10.729999542236328,11.350000381469727,760300,0.0,0.0
2008-08-07 00:00:00-04:00,11.279999732971191,11.770000457763672,11.09000015258789,11.720000267028809,849300,0.0,0.0
2008-08-08 00:00:00-04:00,11.699999809265137,12.350000381469727,11.5600004196167,12.3100004196167,836300,0.0,0.0
2008-08-11 00:00:00-04:00,12.15999984741211,13.1899995803833,11.949999809265137,12.84000015258789,1309700,0.0,0.0
2008-08-12 00:00:00-04:00,12.760000228881836,13.029999732971191,12.720000267028809,12.880000114440918,691900,0.0,0.0
2008-08-13 00:00:00-04:00,12.819999694824219,13.050000190734863,12.520000457763672,12.819999694824219,827500,0.0,0.0
2008-08-14 00:00:00-04:00,12.720000267028809,13.0,12.720000267028809,12.8100004196167,809400,0.0,0.0
2008-08-15 00:00:00-04:00,12.960000038146973,13.130000114440918,12.859999656677246,13.020000457763672,1037100,0.0,0.0
2008-08-18 00:00:00-04:00,13.039999961853027,13.1899995803833,12.6899995803833,12.819999694824219,442300,0.0,0.0
2008-08-19 00:00:00-04:00,12.720000267028809,12.829999923706055,12.0600004196167,12.289999961853027,777000,0.0,0.0
2008-08-20 00:00:00-04:00,12.300000190734863,12.84000015258789,12.100000381469727,12.329999923706055,1008600,0.0,0.0
2008-08-21 00:00:00-04:00,12.199999809265137,12.609999656677246,12.199999809265137,12.40999984741211,586500,0.0,0.0
2008-08-22 00:00:00-04:00,12.479999542236328,13.0,12.479999542236328,12.960000038146973,486400,0.0,0.0
2008-08-25 00:00:00-04:00,12.920000076293945,12.989999771118164,12.5600004196167,12.619999885559082,498900,0.0,0.0
2008-08-26 00:00:00-04:00,12.579999923706055,12.9399995803833,12.470000267028809,12.640000343322754,414400,0.0,0.0
2008-08-27 00:00:00-04:00,12.619999885559082,12.829999923706055,12.550000190734863,12.699999809265137,438900,0.0,0.0
2008-08-28 00:00:00-04:00,12.680000305175781,13.180000305175781,12.619999885559082,13.140000343322754,659700,0.0,0.0
2008-08-29 00:00:00-04:00,13.0,13.140000343322754,12.899999618530273,13.039999961853027,351300,0.0,0.0
2008-09-02 00:00:00-04:00,13.180000305175781,13.739999771118164,13.039999961853027,13.420000076293945,559700,0.0,0.0
2008-09-03 00:00:00-04:00,13.430000305175781,13.65999984741211,13.369999885559082,13.479999542236328,593500,0.0,0.0
2008-09-04 00:00:00-04:00,13.420000076293945,13.520000457763672,12.949999809265137,13.140000343322754,666800,0.0,0.0
2008-09-05 00:00:00-04:00,13.140000343322754,13.239999771118164,12.84000015258789,12.960000038146973,823200,0.0,0.0
2008-09-08 00:00:00-04:00,13.319999694824219,13.359999656677246,12.899999618530273,13.300000190734863,784500,0.0,0.0
2008-09-09 00:00:00-04:00,13.34000015258789,13.729999542236328,13.1899995803833,13.3100004196167,909400,0.0,0.0
2008-09-10 00:00:00-04:00,13.4399995803833,13.4399995803833,13.010000228881836,13.319999694824219,1596700,0.0,0.0
2008-09-11 00:00:00-04:00,13.229999542236328,13.550000190734863,12.850000381469727,13.380000114440918,1075300,0.0,0.0
2008-09-12 00:00:00-04:00,13.34000015258789,13.449999809265137,13.109999656677246,13.1899995803833,557200,0.0,0.0
2008-09-15 00:00:00-04:00,12.850000381469727,13.109999656677246,12.670000076293945,12.829999923706055,626000,0.0,0.0
2008-09-16 00:00:00-04:00,12.90999984741211,13.270000457763672,12.539999961853027,13.25,741500,0.0,0.0
2008-09-17 00:00:00-04:00,13.109999656677246,13.289999961853027,12.369999885559082,12.449999809265137,982100,0.0,0.0
2008-09-18 00:00:00-04:00,12.579999923706055,12.75,12.0,12.619999885559082,1870300,0.0,0.0
2008-09-19 00:00:00-04:00,13.34000015258789,13.460000038146973,12.75,13.0,2367400,0.0,0.0
2008-09-22 00:00:00-04:00,13.15999984741211,13.15999984741211,12.199999809265137,12.199999809265137,718400,0.0,0.0
2008-09-23 00:00:00-04:00,12.210000038146973,12.640000343322754,11.600000381469727,11.670000076293945,583300,0.0,0.0
2008-09-24 00:00:00-04:00,11.710000038146973,12.0,11.09000015258789,11.09000015258789,518400,0.0,0.0
2008-09-25 00:00:00-04:00,11.079999923706055,11.460000038146973,11.020000457763672,11.130000114440918,616600,0.0,0.0
2008-09-26 00:00:00-04:00,10.979999542236328,11.270000457763672,10.890000343322754,11.229999542236328,519400,0.0,0.0
2008-09-29 00:00:00-04:00,11.020000457763672,11.149999618530273,10.449999809265137,10.449999809265137,562300,0.0,0.0
2008-09-30 00:00:00-04:00,10.470000267028809,10.869999885559082,10.470000267028809,10.829999923706055,380000,0.0,0.0
2008-10-01 00:00:00-04:00,10.75,10.880000114440918,10.369999885559082,10.479999542236328,581400,0.0,0.0
2008-10-02 00:00:00-04:00,10.510000228881836,10.720000267028809,9.680000305175781,9.779999732971191,780600,0.0,0.0
2008-10-03 00:00:00-04:00,9.930000305175781,10.399999618530273,9.039999961853027,9.109999656677246,948800,0.0,0.0
2008-10-06 00:00:00-04:00,9.010000228881836,9.0600004196167,7.909999847412109,8.510000228881836,2186400,0.0,0.0
2008-10-07 00:00:00-04:00,8.630000114440918,8.970000267028809,7.980000019073486,8.229999542236328,1650200,0.0,0.0
2008-10-08 00:00:00-04:00,7.989999771118164,8.789999961853027,7.909999847412109,8.390000343322754,1164400,0.0,0.0
2008-10-09 00:00:00-04:00,8.5,8.84000015258789,6.889999866485596,7.010000228881836,1919000,0.0,0.0
2008-10-10 00:00:00-04:00,7.03000020980835,7.090000152587891,5.590000152587891,6.769999980926514,2486000,0.0,0.0
2008-10-13 00:00:00-04:00,6.880000114440918,7.21999979019165,6.679999828338623,6.929999828338623,1180300,0.0,0.0
2008-10-14 00:00:00-04:00,7.110000133514404,7.230000019073486,6.340000152587891,6.460000038146973,1121400,0.0,0.0
2008-10-15 00:00:00-04:00,6.380000114440918,6.710000038146973,6.03000020980835,6.079999923706055,883000,0.0,0.0
2008-10-16 00:00:00-04:00,6.130000114440918,6.5,5.829999923706055,6.460000038146973,856900,0.0,0.0
2008-10-17 00:00:00-04:00,6.199999809265137,8.6899995803833,6.0,6.079999923706055,869800,0.0,0.0
2008-10-20 00:00:00-04:00,6.239999771118164,6.5,5.940000057220459,6.159999847412109,650400,0.0,0.0
2008-10-21 00:00:00-04:00,6.050000190734863,6.230000019073486,5.769999980926514,5.78000020980835,475400,0.0,0.0
2008-10-22 00:00:00-04:00,5.659999847412109,5.849999904632568,5.380000114440918,5.480000019073486,466600,0.0,0.0
2008-10-23 00:00:00-04:00,5.5,5.639999866485596,4.960000038146973,5.0,906500,0.0,0.0
2008-10-24 00:00:00-04:00,4.960000038146973,6.050000190734863,4.880000114440918,5.619999885559082,2129300,0.0,0.0
2008-10-27 00:00:00-04:00,5.769999980926514,5.769999980926514,5.429999828338623,5.480000019073486,630900,0.0,0.0
2008-10-28 00:00:00-04:00,5.590000152587891,6.0,5.360000133514404,5.980000019073486,714300,0.0,0.0
2008-10-29 00:00:00-04:00,5.980000019073486,7.789999961853027,5.920000076293945,6.760000228881836,1457800,0.0,0.0
2008-10-30 00:00:00-04:00,6.920000076293945,7.170000076293945,6.619999885559082,6.889999866485596,499600,0.0,0.0
2008-10-31 00:00:00-04:00,6.880000114440918,7.019999980926514,6.739999771118164,6.929999828338623,1296800,0.0,0.0
2008-11-03 00:00:00-05:00,6.900000095367432,7.010000228881836,6.699999809265137,7.0,737800,0.0,0.0
2008-11-04 00:00:00-05:00,7.210000038146973,7.300000190734863,6.880000114440918,7.010000228881836,762400,0.0,0.0
2008-11-05 00:00:00-05:00,6.940000057220459,7.190000057220459,6.809999942779541,6.900000095367432,827400,0.0,0.0
2008-11-06 00:00:00-05:00,6.989999771118164,7.059999942779541,6.829999923706055,6.849999904632568,661700,0.0,0.0
2008-11-07 00:00:00-05:00,6.920000076293945,7.0,6.610000133514404,6.889999866485596,297000,0.0,0.0
2008-11-10 00:00:00-05:00,7.039999961853027,7.28000020980835,6.769999980926514,6.860000133514404,278900,0.0,0.0
2008-11-11 00:00:00-05:00,6.809999942779541,7.039999961853027,6.550000190734863,6.75,333700,0.0,0.0
2008-11-12 00:00:00-05:00,6.659999847412109,7.010000228881836,6.489999771118164,6.510000228881836,742300,0.0,0.0
2008-11-13 00:00:00-05:00,6.539999961853027,7.190000057220459,6.340000152587891,7.159999847412109,491800,0.0,0.0
2008-11-14 00:00:00-05:00,7.050000190734863,7.449999809265137,6.800000190734863,6.869999885559082,631500,0.0,0.0
2008-11-17 00:00:00-05:00,6.820000171661377,7.059999942779541,6.75,6.789999961853027,225300,0.0,0.0
2008-11-18 00:00:00-05:00,6.800000190734863,7.070000171661377,6.800000190734863,6.989999771118164,740400,0.0,0.0
2008-11-19 00:00:00-05:00,6.96999979019165,7.130000114440918,6.119999885559082,6.119999885559082,696700,0.0,0.0
2008-11-20 00:00:00-05:00,6.099999904632568,6.639999866485596,6.090000152587891,6.130000114440918,720300,0.0,0.0
2008-11-21 00:00:00-05:00,6.21999979019165,6.440000057220459,5.670000076293945,6.389999866485596,751100,0.0,0.0
2008-11-24 00:00:00-05:00,6.460000038146973,7.010000228881836,6.130000114440918,7.010000228881836,821800,0.0,0.0
2008-11-25 00:00:00-05:00,7.070000171661377,7.119999885559082,6.849999904632568,7.0,654600,0.0,0.0
2008-11-26 00:00:00-05:00,6.849999904632568,7.360000133514404,6.849999904632568,7.340000152587891,1075600,0.0,0.0
2008-11-28 00:00:00-05:00,7.260000228881836,7.510000228881836,6.920000076293945,7.0,410800,0.0,0.0
2008-12-01 00:00:00-05:00,6.789999961853027,7.039999961853027,6.630000114440918,6.869999885559082,810600,0.0,0.0
2008-12-02 00:00:00-05:00,7.0,7.230000019073486,6.71999979019165,6.829999923706055,1078500,0.0,0.0
2008-12-03 00:00:00-05:00,6.659999847412109,7.46999979019165,6.659999847412109,7.420000076293945,700700,0.0,0.0
2008-12-04 00:00:00-05:00,7.349999904632568,7.900000095367432,6.909999847412109,7.010000228881836,1171800,0.0,0.0
2008-12-05 00:00:00-05:00,6.889999866485596,7.389999866485596,6.739999771118164,7.389999866485596,838700,0.0,0.0
2008-12-08 00:00:00-05:00,7.579999923706055,7.940000057220459,7.559999942779541,7.619999885559082,690400,0.0,0.0
2008-12-09 00:00:00-05:00,7.579999923706055,8.680000305175781,7.579999923706055,7.599999904632568,869900,0.0,0.0
2008-12-10 00:00:00-05:00,7.71999979019165,8.260000228881836,7.71999979019165,8.260000228881836,399500,0.0,0.0
2008-12-11 00:00:00-05:00,8.140000343322754,8.140000343322754,7.53000020980835,7.670000076293945,496500,0.0,0.0
2008-12-12 00:00:00-05:00,7.519999980926514,7.849999904632568,7.389999866485596,7.849999904632568,429600,0.0,0.0
2008-12-15 00:00:00-05:00,7.880000114440918,8.140000343322754,7.510000228881836,7.570000171661377,331000,0.0,0.0
2008-12-16 00:00:00-05:00,7.670000076293945,8.229999542236328,7.400000095367432,8.180000305175781,561100,0.0,0.0
2008-12-17 00:00:00-05:00,8.069999694824219,8.380000114440918,7.800000190734863,8.319999694824219,523700,0.0,0.0
2008-12-18 00:00:00-05:00,8.239999771118164,8.489999771118164,8.109999656677246,8.239999771118164,575400,0.0,0.0
2008-12-19 00:00:00-05:00,8.430000305175781,8.75,8.100000381469727,8.470000267028809,654700,0.0,0.0
2008-12-22 00:00:00-05:00,8.489999771118164,8.520000457763672,7.800000190734863,8.15999984741211,418200,0.0,0.0
2008-12-23 00:00:00-05:00,8.210000038146973,8.4399995803833,8.069999694824219,8.149999618530273,309300,0.0,0.0
2008-12-24 00:00:00-05:00,8.130000114440918,8.359999656677246,7.96999979019165,8.239999771118164,122600,0.0,0.0
2008-12-26 00:00:00-05:00,8.289999961853027,8.300000190734863,7.909999847412109,8.210000038146973,110600,0.0,0.0
2008-12-29 00:00:00-05:00,8.210000038146973,8.260000228881836,7.929999828338623,8.0600004196167,196100,0.0,0.0
2008-12-30 00:00:00-05:00,8.15999984741211,8.3100004196167,8.079999923706055,8.270000457763672,565300,0.0,0.0
2008-12-31 00:00:00-05:00,8.300000190734863,8.8100004196167,8.029999732971191,8.75,653400,0.0,0.0
2009-01-02 00:00:00-05:00,8.520000457763672,9.0600004196167,8.520000457763672,8.890000343322754,538900,0.0,0.0
2009-01-05 00:00:00-05:00,8.9399995803833,9.350000381469727,8.350000381469727,9.25,826500,0.0,0.0
2009-01-06 00:00:00-05:00,9.329999923706055,9.630000114440918,9.069999694824219,9.600000381469727,782100,0.0,0.0
2009-01-07 00:00:00-05:00,9.479999542236328,9.59000015258789,9.199999809265137,9.359999656677246,711100,0.0,0.0
2009-01-08 00:00:00-05:00,9.300000190734863,9.350000381469727,8.739999771118164,9.010000228881836,801800,0.0,0.0
2009-01-09 00:00:00-05:00,9.039999961853027,9.199999809265137,8.75,8.819999694824219,257400,0.0,0.0
2009-01-12 00:00:00-05:00,8.850000381469727,9.350000381469727,8.850000381469727,9.210000038146973,412700,0.0,0.0
2009-01-13 00:00:00-05:00,9.180000305175781,9.670000076293945,9.119999885559082,9.210000038146973,678500,0.0,0.0
2009-01-14 00:00:00-05:00,9.0,9.300000190734863,8.609999656677246,9.029999732971191,399900,0.0,0.0
2009-01-15 00:00:00-05:00,9.0,9.270000457763672,8.640000343322754,9.25,261200,0.0,0.0
2009-01-16 00:00:00-05:00,9.3100004196167,9.3100004196167,8.859999656677246,9.25,476500,0.0,0.0
2009-01-20 00:00:00-05:00,9.289999961853027,9.289999961853027,8.3100004196167,8.359999656677246,698000,0.0,0.0
2009-01-21 00:00:00-05:00,8.420000076293945,8.930000305175781,8.300000190734863,8.84000015258789,524500,0.0,0.0
2009-01-22 00:00:00-05:00,8.649999618530273,8.880000114440918,8.3100004196167,8.729999542236328,493300,0.0,0.0
2009-01-23 00:00:00-05:00,8.510000228881836,8.5600004196167,8.25,8.40999984741211,438800,0.0,0.0
2009-01-26 00:00:00-05:00,8.449999809265137,8.75,8.279999732971191,8.470000267028809,601400,0.0,0.0
2009-01-27 00:00:00-05:00,8.449999809265137,8.609999656677246,7.949999809265137,8.149999618530273,638000,0.0,0.0
2009-01-28 00:00:00-05:00,8.239999771118164,8.300000190734863,7.679999828338623,7.820000171661377,757000,0.0,0.0
2009-01-29 00:00:00-05:00,7.599999904632568,8.550000190734863,7.480000019073486,7.659999847412109,1177700,0.0,0.0
2009-01-30 00:00:00-05:00,7.5,8.119999885559082,7.5,7.880000114440918,762200,0.0,0.0
2009-02-02 00:00:00-05:00,7.710000038146973,8.149999618530273,7.710000038146973,8.020000457763672,644900,0.0,0.0
2009-02-03 00:00:00-05:00,8.050000190734863,8.359999656677246,8.050000190734863,8.270000457763672,718100,0.0,0.0
2009-02-04 00:00:00-05:00,8.25,8.4399995803833,8.0600004196167,8.1899995803833,460300,0.0,0.0
2009-02-05 00:00:00-05:00,8.09000015258789,8.579999923706055,8.0,8.539999961853027,566600,0.0,0.0
2009-02-06 00:00:00-05:00,8.510000228881836,8.979999542236328,8.489999771118164,8.850000381469727,425400,0.0,0.0
2009-02-09 00:00:00-05:00,8.779999732971191,8.8100004196167,8.420000076293945,8.609999656677246,310300,0.0,0.0
2009-02-10 00:00:00-05:00,8.579999923706055,9.1899995803833,8.460000038146973,8.539999961853027,765600,0.0,0.0
2009-02-11 00:00:00-05:00,8.550000190734863,8.699999809265137,8.430000305175781,8.579999923706055,528700,0.0,0.0
2009-02-12 00:00:00-05:00,8.5,8.670000076293945,8.3100004196167,8.609999656677246,626600,0.0,0.0
2009-02-13 00:00:00-05:00,8.640000343322754,8.949999809265137,8.529999732971191,8.850000381469727,389500,0.0,0.0
2009-02-17 00:00:00-05:00,8.579999923706055,8.720000267028809,8.260000228881836,8.420000076293945,501100,0.0,0.0
2009-02-18 00:00:00-05:00,8.449999809265137,8.609999656677246,8.020000457763672,8.029999732971191,442500,0.0,0.0
2009-02-19 00:00:00-05:00,8.119999885559082,8.25,7.920000076293945,7.929999828338623,395500,0.0,0.0
2009-02-20 00:00:00-05:00,7.869999885559082,8.319999694824219,7.730000019073486,7.809999942779541,317200,0.0,0.0
2009-02-23 00:00:00-05:00,7.699999809265137,7.980000019073486,7.699999809265137,7.820000171661377,732100,0.0,0.0
2009-02-24 00:00:00-05:00,7.889999866485596,8.149999618530273,7.75,8.0600004196167,753400,0.0,0.0
2009-02-25 00:00:00-05:00,7.989999771118164,8.0,7.460000038146973,7.550000190734863,311900,0.0,0.0
2009-02-26 00:00:00-05:00,7.590000152587891,7.800000190734863,7.199999809265137,7.21999979019165,402800,0.0,0.0
2009-02-27 00:00:00-05:00,7.159999847412109,7.400000095367432,6.849999904632568,6.849999904632568,485500,0.0,0.0
2009-03-02 00:00:00-05:00,6.809999942779541,6.829999923706055,6.25,6.28000020980835,537400,0.0,0.0
2009-03-03 00:00:00-05:00,6.360000133514404,6.849999904632568,6.349999904632568,6.78000020980835,665300,0.0,0.0
2009-03-04 00:00:00-05:00,6.880000114440918,7.199999809265137,6.699999809265137,7.039999961853027,433700,0.0,0.0
2009-03-05 00:00:00-05:00,7.0,7.0,6.360000133514404,6.420000076293945,524000,0.0,0.0
2009-03-06 00:00:00-05:00,6.46999979019165,6.46999979019165,6.099999904632568,6.409999847412109,431300,0.0,0.0
2009-03-09 00:00:00-04:00,6.369999885559082,6.489999771118164,6.159999847412109,6.300000190734863,327000,0.0,0.0
2009-03-10 00:00:00-04:00,6.380000114440918,7.03000020980835,6.309999942779541,6.880000114440918,506700,0.0,0.0
2009-03-11 00:00:00-04:00,6.940000057220459,7.170000076293945,6.579999923706055,6.710000038146973,329200,0.0,0.0
2009-03-12 00:00:00-04:00,6.71999979019165,7.53000020980835,6.53000020980835,7.510000228881836,603800,0.0,0.0
2009-03-13 00:00:00-04:00,7.460000038146973,7.760000228881836,7.21999979019165,7.590000152587891,920800,0.0,0.0
2009-03-16 00:00:00-04:00,7.570000171661377,7.730000019073486,7.25,7.289999961853027,245800,0.0,0.0
2009-03-17 00:00:00-04:00,7.269999980926514,7.650000095367432,7.079999923706055,7.650000095367432,247800,0.0,0.0
2009-03-18 00:00:00-04:00,7.570000171661377,8.0600004196167,7.449999809265137,7.96999979019165,306200,0.0,0.0
2009-03-19 00:00:00-04:00,8.039999961853027,8.039999961853027,7.5,7.539999961853027,299700,0.0,0.0
2009-03-20 00:00:00-04:00,7.570000171661377,7.710000038146973,6.849999904632568,6.909999847412109,639800,0.0,0.0
2009-03-23 00:00:00-04:00,7.090000152587891,7.659999847412109,6.96999979019165,7.659999847412109,685400,0.0,0.0
2009-03-24 00:00:00-04:00,7.53000020980835,7.699999809265137,7.46999979019165,7.550000190734863,594500,0.0,0.0
2009-03-25 00:00:00-04:00,7.559999942779541,8.050000190734863,7.480000019073486,7.909999847412109,795600,0.0,0.0
2009-03-26 00:00:00-04:00,7.909999847412109,8.260000228881836,7.679999828338623,8.199999809265137,517400,0.0,0.0
2009-03-27 00:00:00-04:00,8.289999961853027,8.369999885559082,7.909999847412109,8.1899995803833,752500,0.0,0.0
2009-03-30 00:00:00-04:00,7.960000038146973,8.170000076293945,7.71999979019165,7.989999771118164,464400,0.0,0.0
2009-03-31 00:00:00-04:00,8.0,8.229999542236328,7.889999866485596,7.929999828338623,881200,0.0,0.0
2009-04-01 00:00:00-04:00,7.829999923706055,7.909999847412109,7.619999885559082,7.849999904632568,601800,0.0,0.0
2009-04-02 00:00:00-04:00,7.949999809265137,8.390000343322754,7.71999979019165,8.140000343322754,425800,0.0,0.0
2009-04-03 00:00:00-04:00,8.100000381469727,8.220000267028809,7.960000038146973,8.09000015258789,331700,0.0,0.0
2009-04-06 00:00:00-04:00,8.020000457763672,8.180000305175781,7.949999809265137,8.09000015258789,407200,0.0,0.0
2009-04-07 00:00:00-04:00,7.980000019073486,7.980000019073486,7.679999828338623,7.820000171661377,657300,0.0,0.0
2009-04-08 00:00:00-04:00,7.849999904632568,8.220000267028809,7.789999961853027,8.210000038146973,605000,0.0,0.0
2009-04-09 00:00:00-04:00,8.390000343322754,8.800000190734863,8.260000228881836,8.680000305175781,873600,0.0,0.0
2009-04-13 00:00:00-04:00,8.539999961853027,8.869999885559082,8.479999542236328,8.829999923706055,335500,0.0,0.0
2009-04-14 00:00:00-04:00,8.680000305175781,9.380000114440918,8.5,9.319999694824219,1068900,0.0,0.0
2009-04-15 00:00:00-04:00,9.289999961853027,9.75,8.869999885559082,9.680000305175781,811400,0.0,0.0
2009-04-16 00:00:00-04:00,9.729999542236328,9.930000305175781,9.600000381469727,9.859999656677246,436500,0.0,0.0
2009-04-17 00:00:00-04:00,9.880000114440918,10.069999694824219,9.710000038146973,10.0,498300,0.0,0.0
2009-04-20 00:00:00-04:00,9.779999732971191,9.970000267028809,9.430000305175781,9.699999809265137,693900,0.0,0.0
2009-04-21 00:00:00-04:00,9.619999885559082,9.989999771118164,9.40999984741211,9.960000038146973,787200,0.0,0.0
2009-04-22 00:00:00-04:00,9.779999732971191,10.369999885559082,9.779999732971191,10.170000076293945,865800,0.0,0.0
2009-04-23 00:00:00-04:00,10.25,10.539999961853027,10.0,10.34000015258789,1635800,0.0,0.0
2009-04-24 00:00:00-04:00,11.449999809265137,12.4399995803833,11.4399995803833,12.119999885559082,2610400,0.0,0.0
2009-04-27 00:00:00-04:00,12.0,12.0600004196167,11.670000076293945,11.890000343322754,1450100,0.0,0.0
2009-04-28 00:00:00-04:00,11.829999923706055,11.989999771118164,11.630000114440918,11.829999923706055,1301400,0.0,0.0
2009-04-29 00:00:00-04:00,11.9399995803833,12.569999694824219,11.75,12.460000038146973,762900,0.0,0.0
2009-04-30 00:00:00-04:00,12.510000228881836,12.829999923706055,12.300000190734863,12.40999984741211,1140400,0.0,0.0
2009-05-01 00:00:00-04:00,12.569999694824219,12.710000038146973,11.850000381469727,12.0600004196167,594000,0.0,0.0
2009-05-04 00:00:00-04:00,12.199999809265137,12.34000015258789,11.970000267028809,12.329999923706055,455500,0.0,0.0
2009-05-05 00:00:00-04:00,12.300000190734863,12.489999771118164,12.199999809265137,12.430000305175781,466700,0.0,0.0
2009-05-06 00:00:00-04:00,12.510000228881836,12.539999961853027,11.59000015258789,11.930000305175781,1038600,0.0,0.0
2009-05-07 00:00:00-04:00,12.050000190734863,12.239999771118164,11.800000190734863,12.020000457763672,785800,0.0,0.0
2009-05-08 00:00:00-04:00,12.149999618530273,12.539999961853027,12.130000114440918,12.539999961853027,385800,0.0,0.0
2009-05-11 00:00:00-04:00,12.34000015258789,12.529999732971191,11.65999984741211,12.260000228881836,492400,0.0,0.0
2009-05-12 00:00:00-04:00,12.289999961853027,12.289999961853027,11.350000381469727,11.579999923706055,522700,0.0,0.0
2009-05-13 00:00:00-04:00,11.390000343322754,11.720000267028809,11.09000015258789,11.199999809265137,1075400,0.0,0.0
2009-05-14 00:00:00-04:00,11.100000381469727,11.6899995803833,11.069999694824219,11.539999961853027,780000,0.0,0.0
2009-05-15 00:00:00-04:00,11.5,11.729999542236328,11.210000038146973,11.5600004196167,329100,0.0,0.0
2009-05-18 00:00:00-04:00,11.630000114440918,11.90999984741211,11.380000114440918,11.869999885559082,363800,0.0,0.0
2009-05-19 00:00:00-04:00,11.949999809265137,12.119999885559082,11.699999809265137,12.0600004196167,346600,0.0,0.0
2009-05-20 00:00:00-04:00,12.109999656677246,12.430000305175781,11.869999885559082,11.920000076293945,284800,0.0,0.0
2009-05-21 00:00:00-04:00,11.670000076293945,11.930000305175781,11.3100004196167,11.8100004196167,752200,0.0,0.0
2009-05-22 00:00:00-04:00,11.84000015258789,12.15999984741211,11.760000228881836,11.970000267028809,354500,0.0,0.0
2009-05-26 00:00:00-04:00,11.920000076293945,12.329999923706055,11.65999984741211,12.180000305175781,376500,0.0,0.0
2009-05-27 00:00:00-04:00,12.010000228881836,12.210000038146973,11.8100004196167,12.010000228881836,299000,0.0,0.0
2009-05-28 00:00:00-04:00,12.0600004196167,12.109999656677246,11.520000457763672,11.699999809265137,245200,0.0,0.0
2009-05-29 00:00:00-04:00,11.699999809265137,11.899999618530273,11.579999923706055,11.829999923706055,481900,0.0,0.0
2009-06-01 00:00:00-04:00,12.079999923706055,12.640000343322754,12.079999923706055,12.550000190734863,520400,0.0,0.0
2009-06-02 00:00:00-04:00,12.460000038146973,12.90999984741211,12.380000114440918,12.710000038146973,602300,0.0,0.0
2009-06-03 00:00:00-04:00,12.649999618530273,12.789999961853027,11.989999771118164,12.09000015258789,315600,0.0,0.0
2009-06-04 00:00:00-04:00,12.1899995803833,12.25,11.649999618530273,11.800000190734863,1185200,0.0,0.0
2009-06-05 00:00:00-04:00,11.859999656677246,11.989999771118164,11.010000228881836,11.079999923706055,688800,0.0,0.0
2009-06-08 00:00:00-04:00,11.1899995803833,11.210000038146973,10.770000457763672,10.970000267028809,632000,0.0,0.0
2009-06-09 00:00:00-04:00,11.0,11.420000076293945,10.890000343322754,11.329999923706055,965800,0.0,0.0
2009-06-10 00:00:00-04:00,11.430000305175781,11.699999809265137,11.020000457763672,11.270000457763672,654700,0.0,0.0
2009-06-11 00:00:00-04:00,11.329999923706055,11.449999809265137,11.130000114440918,11.140000343322754,427300,0.0,0.0
2009-06-12 00:00:00-04:00,11.149999618530273,11.34000015258789,10.779999732971191,10.979999542236328,258400,0.0,0.0
2009-06-15 00:00:00-04:00,10.90999984741211,10.970000267028809,10.25,10.460000038146973,566500,0.0,0.0
2009-06-16 00:00:00-04:00,10.34000015258789,10.449999809265137,9.699999809265137,9.8100004196167,983600,0.0,0.0
2009-06-17 00:00:00-04:00,9.760000228881836,9.979999542236328,9.670000076293945,9.75,812400,0.0,0.0
2009-06-18 00:00:00-04:00,9.75,9.9399995803833,9.539999961853027,9.829999923706055,443100,0.0,0.0
2009-06-19 00:00:00-04:00,9.930000305175781,10.359999656677246,9.84000015258789,9.90999984741211,714600,0.0,0.0
2009-06-22 00:00:00-04:00,9.819999694824219,9.9399995803833,9.430000305175781,9.489999771118164,409900,0.0,0.0
2009-06-23 00:00:00-04:00,10.520000457763672,10.6899995803833,10.100000381469727,10.239999771118164,1271100,0.0,0.0
2009-06-24 00:00:00-04:00,10.25,10.699999809265137,10.25,10.59000015258789,722900,0.0,0.0
2009-06-25 00:00:00-04:00,10.489999771118164,10.84000015258789,10.489999771118164,10.819999694824219,521600,0.0,0.0
2009-06-26 00:00:00-04:00,10.229999542236328,10.899999618530273,10.149999618530273,10.8100004196167,1394600,0.0,0.0
2009-06-29 00:00:00-04:00,10.880000114440918,11.079999923706055,10.630000114440918,10.960000038146973,7308600,0.0,0.0
2009-06-30 00:00:00-04:00,10.899999618530273,10.960000038146973,10.579999923706055,10.600000381469727,655100,0.0,0.0
2009-07-01 00:00:00-04:00,10.720000267028809,10.930000305175781,10.600000381469727,10.789999961853027,613400,0.0,0.0
2009-07-02 00:00:00-04:00,10.670000076293945,10.699999809265137,10.380000114440918,10.420000076293945,680600,0.0,0.0
2009-07-06 00:00:00-04:00,10.220000267028809,10.34000015258789,9.949999809265137,10.109999656677246,519400,0.0,0.0
2009-07-07 00:00:00-04:00,10.079999923706055,10.180000305175781,9.680000305175781,9.680000305175781,596300,0.0,0.0
2009-07-08 00:00:00-04:00,9.6899995803833,9.84000015258789,9.270000457763672,9.390000343322754,744000,0.0,0.0
2009-07-09 00:00:00-04:00,9.460000038146973,9.65999984741211,9.229999542236328,9.270000457763672,949200,0.0,0.0
2009-07-10 00:00:00-04:00,9.25,9.449999809265137,9.149999618530273,9.350000381469727,535400,0.0,0.0
2009-07-13 00:00:00-04:00,9.359999656677246,9.760000228881836,9.210000038146973,9.760000228881836,889500,0.0,0.0
2009-07-14 00:00:00-04:00,9.729999542236328,9.789999961853027,9.609999656677246,9.6899995803833,500600,0.0,0.0
2009-07-15 00:00:00-04:00,9.829999923706055,10.079999923706055,9.779999732971191,10.0,468700,0.0,0.0
2009-07-16 00:00:00-04:00,9.930000305175781,10.329999923706055,9.890000343322754,10.210000038146973,541100,0.0,0.0
2009-07-17 00:00:00-04:00,10.239999771118164,10.380000114440918,10.010000228881836,10.300000190734863,626200,0.0,0.0
2009-07-20 00:00:00-04:00,10.350000381469727,10.470000267028809,10.300000190734863,10.430000305175781,487200,0.0,0.0
2009-07-21 00:00:00-04:00,10.3100004196167,10.359999656677246,9.25,9.359999656677246,1371400,0.0,0.0
2009-07-22 00:00:00-04:00,9.25,9.489999771118164,9.229999542236328,9.34000015258789,725200,0.0,0.0
2009-07-23 00:00:00-04:00,9.3100004196167,9.520000457763672,9.180000305175781,9.460000038146973,733400,0.0,0.0
2009-07-24 00:00:00-04:00,11.489999771118164,11.489999771118164,10.579999923706055,11.460000038146973,3553500,0.0,0.0
2009-07-27 00:00:00-04:00,11.5,12.069999694824219,11.270000457763672,11.5600004196167,973800,0.0,0.0
2009-07-28 00:00:00-04:00,11.399999618530273,11.729999542236328,10.899999618530273,11.039999961853027,1022300,0.0,0.0
2009-07-29 00:00:00-04:00,10.90999984741211,11.100000381469727,10.829999923706055,11.020000457763672,588900,0.0,0.0
2009-07-30 00:00:00-04:00,11.1899995803833,11.399999618530273,10.970000267028809,11.100000381469727,531000,0.0,0.0
2009-07-31 00:00:00-04:00,11.029999732971191,11.300000190734863,10.899999618530273,10.90999984741211,496600,0.0,0.0
2009-08-03 00:00:00-04:00,10.880000114440918,11.199999809265137,10.760000228881836,11.1899995803833,585000,0.0,0.0
2009-08-04 00:00:00-04:00,11.15999984741211,11.260000228881836,10.970000267028809,11.130000114440918,308500,0.0,0.0
2009-08-05 00:00:00-04:00,11.039999961853027,11.039999961853027,10.380000114440918,10.399999618530273,926600,0.0,0.0
2009-08-06 00:00:00-04:00,10.470000267028809,10.470000267028809,9.75,9.829999923706055,1650400,0.0,0.0
2009-08-07 00:00:00-04:00,10.0,10.3100004196167,9.850000381469727,10.130000114440918,1064000,0.0,0.0
2009-08-10 00:00:00-04:00,10.050000190734863,10.420000076293945,9.800000190734863,10.40999984741211,484500,0.0,0.0
2009-08-11 00:00:00-04:00,10.390000343322754,10.449999809265137,9.90999984741211,9.970000267028809,688000,0.0,0.0
2009-08-12 00:00:00-04:00,9.949999809265137,11.069999694824219,9.869999885559082,10.920000076293945,1315500,0.0,0.0
2009-08-13 00:00:00-04:00,10.9399995803833,10.9399995803833,10.229999542236328,10.380000114440918,575200,0.0,0.0
2009-08-14 00:00:00-04:00,10.34000015258789,10.369999885559082,9.850000381469727,10.130000114440918,541600,0.0,0.0
2009-08-17 00:00:00-04:00,10.640000343322754,13.350000381469727,10.569999694824219,13.0,6490500,0.0,0.0
2009-08-18 00:00:00-04:00,12.949999809265137,12.949999809265137,12.260000228881836,12.609999656677246,1782400,0.0,0.0
2009-08-19 00:00:00-04:00,12.4399995803833,13.449999809265137,12.180000305175781,13.1899995803833,971400,0.0,0.0
2009-08-20 00:00:00-04:00,13.119999885559082,13.25,12.819999694824219,13.180000305175781,700500,0.0,0.0
2009-08-21 00:00:00-04:00,13.350000381469727,13.850000381469727,13.09000015258789,13.3100004196167,1067100,0.0,0.0
2009-08-24 00:00:00-04:00,13.300000190734863,13.670000076293945,13.079999923706055,13.600000381469727,623900,0.0,0.0
2009-08-25 00:00:00-04:00,13.5600004196167,13.960000038146973,13.5600004196167,13.760000228881836,551600,0.0,0.0
2009-08-26 00:00:00-04:00,13.710000038146973,14.0,13.3100004196167,13.779999732971191,345100,0.0,0.0
2009-08-27 00:00:00-04:00,13.8100004196167,13.880000114440918,13.470000267028809,13.75,481400,0.0,0.0
2009-08-28 00:00:00-04:00,13.369999885559082,13.779999732971191,13.369999885559082,13.5,422100,0.0,0.0
2009-08-31 00:00:00-04:00,13.359999656677246,13.5600004196167,13.079999923706055,13.399999618530273,519900,0.0,0.0
2009-09-01 00:00:00-04:00,13.260000228881836,13.619999885559082,12.75,12.90999984741211,610600,0.0,0.0
2009-09-02 00:00:00-04:00,12.829999923706055,13.170000076293945,12.699999809265137,13.069999694824219,710600,0.0,0.0
2009-09-03 00:00:00-04:00,13.079999923706055,13.180000305175781,12.699999809265137,13.050000190734863,230500,0.0,0.0
2009-09-04 00:00:00-04:00,13.0600004196167,13.100000381469727,12.739999771118164,13.079999923706055,290000,0.0,0.0
2009-09-08 00:00:00-04:00,13.130000114440918,13.369999885559082,12.989999771118164,13.15999984741211,344100,0.0,0.0
2009-09-09 00:00:00-04:00,13.1899995803833,13.470000267028809,13.140000343322754,13.34000015258789,254000,0.0,0.0
2009-09-10 00:00:00-04:00,13.420000076293945,13.680000305175781,13.260000228881836,13.449999809265137,332000,0.0,0.0
2009-09-11 00:00:00-04:00,13.5,13.699999809265137,13.350000381469727,13.619999885559082,498900,0.0,0.0
2009-09-14 00:00:00-04:00,13.5,13.869999885559082,13.420000076293945,13.720000267028809,325900,0.0,0.0
2009-09-15 00:00:00-04:00,13.670000076293945,13.770000457763672,13.470000267028809,13.609999656677246,244100,0.0,0.0
2009-09-16 00:00:00-04:00,13.609999656677246,13.739999771118164,13.399999618530273,13.529999732971191,284800,0.0,0.0
2009-09-17 00:00:00-04:00,13.5,13.680000305175781,13.4399995803833,13.510000228881836,296400,0.0,0.0
2009-09-18 00:00:00-04:00,13.539999961853027,13.800000190734863,13.4399995803833,13.680000305175781,666600,0.0,0.0
2009-09-21 00:00:00-04:00,13.579999923706055,14.5,13.430000305175781,14.029999732971191,736800,0.0,0.0
2009-09-22 00:00:00-04:00,14.069999694824219,14.3100004196167,13.899999618530273,14.0,424100,0.0,0.0
2009-09-23 00:00:00-04:00,14.0600004196167,14.270000457763672,13.899999618530273,14.0,423400,0.0,0.0
2009-09-24 00:00:00-04:00,14.399999618530273,14.670000076293945,14.399999618530273,14.609999656677246,678700,0.0,0.0
2009-09-25 00:00:00-04:00,14.649999618530273,14.829999923706055,14.399999618530273,14.569999694824219,532800,0.0,0.0
2009-09-28 00:00:00-04:00,14.729999542236328,14.90999984741211,14.510000228881836,14.630000114440918,376400,0.0,0.0
2009-09-29 00:00:00-04:00,14.600000381469727,14.699999809265137,14.149999618530273,14.350000381469727,516200,0.0,0.0
2009-09-30 00:00:00-04:00,14.3100004196167,14.390000343322754,13.699999809265137,14.220000267028809,875000,0.0,0.0
2009-10-01 00:00:00-04:00,14.680000305175781,14.90999984741211,14.180000305175781,14.600000381469727,849700,0.0,0.0
2009-10-02 00:00:00-04:00,14.430000305175781,15.350000381469727,14.319999694824219,15.069999694824219,1501700,0.0,0.0
2009-10-05 00:00:00-04:00,15.170000076293945,15.899999618530273,15.170000076293945,15.760000228881836,1026300,0.0,0.0
2009-10-06 00:00:00-04:00,15.850000381469727,16.420000076293945,15.550000190734863,16.25,822100,0.0,0.0
2009-10-07 00:00:00-04:00,15.979999542236328,16.31999969482422,15.779999732971191,16.290000915527344,486300,0.0,0.0
2009-10-08 00:00:00-04:00,16.329999923706055,16.450000762939453,15.899999618530273,15.930000305175781,600800,0.0,0.0
2009-10-09 00:00:00-04:00,15.90999984741211,16.260000228881836,15.770000457763672,16.25,574200,0.0,0.0
2009-10-12 00:00:00-04:00,16.18000030517578,16.34000015258789,15.880000114440918,16.020000457763672,383500,0.0,0.0
2009-10-13 00:00:00-04:00,16.049999237060547,16.139999389648438,15.869999885559082,16.09000015258789,331000,0.0,0.0
2009-10-14 00:00:00-04:00,16.190000534057617,16.190000534057617,15.829999923706055,15.920000076293945,614200,0.0,0.0
2009-10-15 00:00:00-04:00,15.90999984741211,16.09000015258789,15.65999984741211,15.819999694824219,407500,0.0,0.0
2009-10-16 00:00:00-04:00,15.770000457763672,15.8100004196167,15.460000038146973,15.630000114440918,557700,0.0,0.0
2009-10-19 00:00:00-04:00,15.720000267028809,15.800000190734863,15.460000038146973,15.600000381469727,716500,0.0,0.0
2009-10-20 00:00:00-04:00,15.609999656677246,15.899999618530273,15.119999885559082,15.220000267028809,541700,0.0,0.0
2009-10-21 00:00:00-04:00,15.199999809265137,15.600000381469727,14.859999656677246,14.9399995803833,567400,0.0,0.0
2009-10-22 00:00:00-04:00,14.970000267028809,15.609999656677246,14.539999961853027,15.380000114440918,890700,0.0,0.0
2009-10-23 00:00:00-04:00,18.0,18.850000381469727,17.530000686645508,17.700000762939453,4805000,0.0,0.0
2009-10-26 00:00:00-04:00,17.6200008392334,17.700000762939453,16.979999542236328,17.030000686645508,1250500,0.0,0.0
2009-10-27 00:00:00-04:00,16.959999084472656,17.229999542236328,16.530000686645508,16.809999465942383,1328000,0.0,0.0
2009-10-28 00:00:00-04:00,16.84000015258789,17.0,15.989999771118164,16.049999237060547,1099500,0.0,0.0
2009-10-29 00:00:00-04:00,16.1299991607666,16.5,15.869999885559082,15.9399995803833,595200,0.0,0.0
2009-10-30 00:00:00-04:00,15.949999809265137,16.1200008392334,15.550000190734863,15.720000267028809,917600,0.0,0.0
2009-11-02 00:00:00-05:00,15.869999885559082,16.190000534057617,15.84000015258789,16.049999237060547,796100,0.0,0.0
2009-11-03 00:00:00-05:00,16.0,16.3700008392334,15.850000381469727,16.350000381469727,671500,0.0,0.0
2009-11-04 00:00:00-05:00,16.350000381469727,16.979999542236328,16.309999465942383,16.790000915527344,1004600,0.0,0.0
2009-11-05 00:00:00-05:00,16.799999237060547,17.389999389648438,16.729999542236328,17.079999923706055,724200,0.0,0.0
2009-11-06 00:00:00-05:00,16.920000076293945,16.950000762939453,16.40999984741211,16.520000457763672,384500,0.0,0.0
2009-11-09 00:00:00-05:00,16.579999923706055,16.639999389648438,16.190000534057617,16.600000381469727,499100,0.0,0.0
2009-11-10 00:00:00-05:00,16.540000915527344,16.75,16.100000381469727,16.200000762939453,302200,0.0,0.0
2009-11-11 00:00:00-05:00,16.360000610351562,16.360000610351562,15.9399995803833,16.06999969482422,392700,0.0,0.0
2009-11-12 00:00:00-05:00,16.06999969482422,16.1299991607666,15.520000457763672,15.59000015258789,467300,0.0,0.0
2009-11-13 00:00:00-05:00,15.59000015258789,15.880000114440918,15.380000114440918,15.779999732971191,336500,0.0,0.0
2009-11-16 00:00:00-05:00,15.930000305175781,16.860000610351562,15.930000305175781,16.790000915527344,727900,0.0,0.0
2009-11-17 00:00:00-05:00,16.780000686645508,16.809999465942383,16.469999313354492,16.75,403400,0.0,0.0
2009-11-18 00:00:00-05:00,16.799999237060547,16.799999237060547,16.31999969482422,16.459999084472656,297000,0.0,0.0
2009-11-19 00:00:00-05:00,16.31999969482422,16.540000915527344,15.680000305175781,15.850000381469727,526100,0.0,0.0
2009-11-20 00:00:00-05:00,15.720000267028809,15.979999542236328,15.520000457763672,15.539999961853027,418000,0.0,0.0
2009-11-23 00:00:00-05:00,15.649999618530273,16.25,15.640000343322754,15.8100004196167,239400,0.0,0.0
2009-11-24 00:00:00-05:00,15.739999771118164,16.06999969482422,15.619999885559082,15.890000343322754,263100,0.0,0.0
2009-11-25 00:00:00-05:00,15.869999885559082,16.549999237060547,15.649999618530273,16.489999771118164,493300,0.0,0.0
2009-11-27 00:00:00-05:00,16.010000228881836,16.290000915527344,16.010000228881836,16.079999923706055,209600,0.0,0.0
2009-11-30 00:00:00-05:00,16.110000610351562,16.43000030517578,15.989999771118164,16.360000610351562,640500,0.0,0.0
2009-12-01 00:00:00-05:00,16.520000457763672,17.309999465942383,16.5,17.100000381469727,938800,0.0,0.0
2009-12-02 00:00:00-05:00,17.190000534057617,17.950000762939453,17.139999389648438,17.610000610351562,590500,0.0,0.0
2009-12-03 00:00:00-05:00,17.700000762939453,17.989999771118164,17.309999465942383,17.360000610351562,372400,0.0,0.0
2009-12-04 00:00:00-05:00,17.700000762939453,18.110000610351562,17.549999237060547,18.0,555400,0.0,0.0
2009-12-07 00:00:00-05:00,18.0,18.06999969482422,17.65999984741211,18.0,403400,0.0,0.0
2009-12-08 00:00:00-05:00,17.850000381469727,18.1299991607666,17.579999923706055,17.889999389648438,274400,0.0,0.0
2009-12-09 00:00:00-05:00,17.850000381469727,18.0,17.25,17.690000534057617,364900,0.0,0.0
2009-12-10 00:00:00-05:00,17.760000228881836,17.780000686645508,17.420000076293945,17.65999984741211,592100,0.0,0.0
2009-12-11 00:00:00-05:00,17.719999313354492,17.8700008392334,17.239999771118164,17.399999618530273,641600,0.0,0.0
2009-12-14 00:00:00-05:00,17.5,17.969999313354492,17.200000762939453,17.950000762939453,295300,0.0,0.0
2009-12-15 00:00:00-05:00,17.8799991607666,18.229999542236328,17.75,17.790000915527344,470700,0.0,0.0
2009-12-16 00:00:00-05:00,17.93000030517578,18.18000030517578,17.790000915527344,17.979999542236328,336600,0.0,0.0
2009-12-17 00:00:00-05:00,17.940000534057617,17.940000534057617,17.139999389648438,17.15999984741211,357500,0.0,0.0
2009-12-18 00:00:00-05:00,17.299999237060547,17.59000015258789,16.75,16.93000030517578,1191400,0.0,0.0
2009-12-21 00:00:00-05:00,16.93000030517578,17.280000686645508,16.81999969482422,17.18000030517578,401700,0.0,0.0
2009-12-22 00:00:00-05:00,17.15999984741211,17.469999313354492,17.100000381469727,17.420000076293945,378500,0.0,0.0
2009-12-23 00:00:00-05:00,17.450000762939453,17.8799991607666,17.360000610351562,17.760000228881836,290600,0.0,0.0
2009-12-24 00:00:00-05:00,17.860000610351562,17.989999771118164,17.760000228881836,17.81999969482422,71100,0.0,0.0
2009-12-28 00:00:00-05:00,17.8799991607666,17.989999771118164,17.56999969482422,17.920000076293945,237100,0.0,0.0
2009-12-29 00:00:00-05:00,17.979999542236328,18.06999969482422,17.889999389648438,17.93000030517578,206400,0.0,0.0
2009-12-30 00:00:00-05:00,17.899999618530273,18.010000228881836,17.610000610351562,17.8799991607666,223500,0.0,0.0
2009-12-31 00:00:00-05:00,17.860000610351562,18.100000381469727,17.790000915527344,17.81999969482422,249200,0.0,0.0
2010-01-04 00:00:00-05:00,18.049999237060547,18.5,18.049999237060547,18.5,374200,0.0,0.0
2010-01-05 00:00:00-05:00,18.5,18.5,17.700000762939453,18.010000228881836,431900,0.0,0.0
2010-01-06 00:00:00-05:00,17.969999313354492,17.969999313354492,17.3700008392334,17.479999542236328,667000,0.0,0.0
2010-01-07 00:00:00-05:00,17.489999771118164,17.489999771118164,16.950000762939453,17.43000030517578,450000,0.0,0.0
2010-01-08 00:00:00-05:00,17.40999984741211,17.799999237060547,17.049999237060547,17.65999984741211,675200,0.0,0.0
2010-01-11 00:00:00-05:00,17.260000228881836,17.760000228881836,17.260000228881836,17.540000915527344,440800,0.0,0.0
2010-01-12 00:00:00-05:00,17.3799991607666,17.610000610351562,17.110000610351562,17.229999542236328,317300,0.0,0.0
2010-01-13 00:00:00-05:00,17.229999542236328,17.700000762939453,17.1200008392334,17.579999923706055,296800,0.0,0.0
2010-01-14 00:00:00-05:00,17.479999542236328,17.510000228881836,17.049999237060547,17.1299991607666,379000,0.0,0.0
2010-01-15 00:00:00-05:00,17.219999313354492,17.219999313354492,16.469999313354492,16.93000030517578,706500,0.0,0.0
2010-01-19 00:00:00-05:00,16.950000762939453,17.350000381469727,16.950000762939453,17.34000015258789,492200,0.0,0.0
2010-01-20 00:00:00-05:00,17.18000030517578,17.790000915527344,17.139999389648438,17.68000030517578,646600,0.0,0.0
2010-01-21 00:00:00-05:00,17.700000762939453,17.75,16.829999923706055,16.850000381469727,931800,0.0,0.0
2010-01-22 00:00:00-05:00,16.760000228881836,16.93000030517578,16.469999313354492,16.530000686645508,667000,0.0,0.0
2010-01-25 00:00:00-05:00,16.649999618530273,16.889999389648438,16.25,16.700000762939453,549700,0.0,0.0
2010-01-26 00:00:00-05:00,16.600000381469727,17.040000915527344,16.399999618530273,16.459999084472656,494400,0.0,0.0
2010-01-27 00:00:00-05:00,16.40999984741211,16.780000686645508,16.110000610351562,16.690000534057617,575500,0.0,0.0
2010-01-28 00:00:00-05:00,18.739999771118164,19.25,17.989999771118164,18.030000686645508,2492500,0.0,0.0
2010-01-29 00:00:00-05:00,18.18000030517578,19.09000015258789,18.139999389648438,18.75,1092700,0.0,0.0
2010-02-01 00:00:00-05:00,18.729999542236328,18.75,18.5,18.579999923706055,594300,0.0,0.0
2010-02-02 00:00:00-05:00,18.0,18.520000457763672,17.969999313354492,18.1200008392334,1289100,0.0,0.0
2010-02-03 00:00:00-05:00,18.100000381469727,18.479999542236328,17.829999923706055,18.110000610351562,553300,0.0,0.0
2010-02-04 00:00:00-05:00,17.940000534057617,17.940000534057617,17.329999923706055,17.489999771118164,897800,0.0,0.0
2010-02-05 00:00:00-05:00,17.489999771118164,17.860000610351562,17.270000457763672,17.68000030517578,540600,0.0,0.0
2010-02-08 00:00:00-05:00,17.6200008392334,17.809999465942383,17.25,17.280000686645508,310500,0.0,0.0
2010-02-09 00:00:00-05:00,17.5,17.600000381469727,17.09000015258789,17.200000762939453,423500,0.0,0.0
2010-02-10 00:00:00-05:00,17.06999969482422,17.299999237060547,16.93000030517578,17.260000228881836,446000,0.0,0.0
2010-02-11 00:00:00-05:00,17.25,17.739999771118164,17.18000030517578,17.450000762939453,405300,0.0,0.0
2010-02-12 00:00:00-05:00,17.299999237060547,17.540000915527344,17.219999313354492,17.530000686645508,371700,0.0,0.0
2010-02-16 00:00:00-05:00,17.700000762939453,17.950000762939453,17.399999618530273,17.950000762939453,268400,0.0,0.0
2010-02-17 00:00:00-05:00,18.0,18.0,17.829999923706055,17.920000076293945,190100,0.0,0.0
2010-02-18 00:00:00-05:00,17.850000381469727,18.0,17.809999465942383,17.989999771118164,187200,0.0,0.0
2010-02-19 00:00:00-05:00,18.0,18.020000457763672,17.899999618530273,17.940000534057617,317100,0.0,0.0
2010-02-22 00:00:00-05:00,17.889999389648438,18.0,17.670000076293945,17.920000076293945,477200,0.0,0.0
2010-02-23 00:00:00-05:00,17.200000762939453,18.0,17.170000076293945,17.920000076293945,677800,0.0,0.0
2010-02-24 00:00:00-05:00,17.8799991607666,18.25,17.8700008392334,18.0,557100,0.0,0.0
2010-02-25 00:00:00-05:00,17.549999237060547,18.15999984741211,17.399999618530273,18.1200008392334,750500,0.0,0.0
2010-02-26 00:00:00-05:00,17.84000015258789,18.200000762939453,17.84000015258789,18.100000381469727,800400,0.0,0.0
2010-03-01 00:00:00-05:00,18.15999984741211,18.780000686645508,18.079999923706055,18.780000686645508,797400,0.0,0.0
2010-03-02 00:00:00-05:00,18.770000457763672,19.010000228881836,18.579999923706055,18.959999084472656,815200,0.0,0.0
2010-03-03 00:00:00-05:00,19.079999923706055,19.079999923706055,18.600000381469727,18.75,520200,0.0,0.0
2010-03-04 00:00:00-05:00,18.739999771118164,18.8700008392334,18.600000381469727,18.829999923706055,243600,0.0,0.0
2010-03-05 00:00:00-05:00,18.84000015258789,19.34000015258789,18.799999237060547,19.170000076293945,628000,0.0,0.0
2010-03-08 00:00:00-05:00,19.170000076293945,19.43000030517578,19.079999923706055,19.270000457763672,336400,0.0,0.0
2010-03-09 00:00:00-05:00,19.200000762939453,19.600000381469727,19.079999923706055,19.440000534057617,514500,0.0,0.0
2010-03-10 00:00:00-05:00,19.43000030517578,19.709999084472656,19.350000381469727,19.469999313354492,275500,0.0,0.0
2010-03-11 00:00:00-05:00,19.389999389648438,19.510000228881836,19.25,19.43000030517578,171100,0.0,0.0
2010-03-12 00:00:00-05:00,19.5,19.530000686645508,19.09000015258789,19.18000030517578,377700,0.0,0.0
2010-03-15 00:00:00-04:00,19.049999237060547,19.059999465942383,18.1200008392334,18.540000915527344,699300,0.0,0.0
2010-03-16 00:00:00-04:00,18.6200008392334,19.1299991607666,18.3700008392334,18.899999618530273,497900,0.0,0.0
2010-03-17 00:00:00-04:00,18.989999771118164,19.579999923706055,18.809999465942383,19.31999969482422,625500,0.0,0.0
2010-03-18 00:00:00-04:00,19.34000015258789,19.440000534057617,19.06999969482422,19.200000762939453,281000,0.0,0.0
2010-03-19 00:00:00-04:00,19.34000015258789,19.34000015258789,19.040000915527344,19.15999984741211,556600,0.0,0.0
2010-03-22 00:00:00-04:00,19.030000686645508,19.90999984741211,19.030000686645508,19.610000610351562,558100,0.0,0.0
2010-03-23 00:00:00-04:00,19.649999618530273,19.899999618530273,19.540000915527344,19.889999389648438,400500,0.0,0.0
2010-03-24 00:00:00-04:00,19.799999237060547,19.979999542236328,19.479999542236328,19.65999984741211,315200,0.0,0.0
2010-03-25 00:00:00-04:00,19.719999313354492,20.0,19.350000381469727,19.350000381469727,270500,0.0,0.0
2010-03-26 00:00:00-04:00,19.450000762939453,19.8799991607666,19.299999237060547,19.459999084472656,877300,0.0,0.0
2010-03-29 00:00:00-04:00,19.559999465942383,19.649999618530273,19.309999465942383,19.520000457763672,436000,0.0,0.0
2010-03-30 00:00:00-04:00,19.549999237060547,19.940000534057617,19.40999984741211,19.510000228881836,339900,0.0,0.0
2010-03-31 00:00:00-04:00,19.5,19.850000381469727,19.299999237060547,19.34000015258789,245700,0.0,0.0
2010-04-01 00:00:00-04:00,19.440000534057617,19.790000915527344,19.34000015258789,19.579999923706055,272800,0.0,0.0
2010-04-05 00:00:00-04:00,19.579999923706055,20.559999465942383,19.459999084472656,20.440000534057617,405900,0.0,0.0
2010-04-06 00:00:00-04:00,19.899999618530273,20.030000686645508,18.18000030517578,18.440000534057617,4069500,0.0,0.0
2010-04-07 00:00:00-04:00,18.3700008392334,18.889999389648438,17.959999084472656,18.170000076293945,1414600,0.0,0.0
2010-04-08 00:00:00-04:00,18.100000381469727,18.149999618530273,17.479999542236328,17.489999771118164,1831800,0.0,0.0
2010-04-09 00:00:00-04:00,17.540000915527344,18.1299991607666,17.329999923706055,17.56999969482422,1000700,0.0,0.0
2010-04-12 00:00:00-04:00,17.6200008392334,17.889999389648438,17.520000457763672,17.700000762939453,990200,0.0,0.0
2010-04-13 00:00:00-04:00,17.709999084472656,18.18000030517578,17.690000534057617,18.09000015258789,618200,0.0,0.0
2010-04-14 00:00:00-04:00,18.219999313354492,18.3799991607666,17.93000030517578,18.34000015258789,793400,0.0,0.0
2010-04-15 00:00:00-04:00,18.489999771118164,18.770000457763672,18.290000915527344,18.670000076293945,583200,0.0,0.0
2010-04-16 00:00:00-04:00,18.649999618530273,18.899999618530273,18.040000915527344,18.700000762939453,850200,0.0,0.0
2010-04-19 00:00:00-04:00,18.59000015258789,18.65999984741211,18.06999969482422,18.6299991607666,544600,0.0,0.0
2010-04-20 00:00:00-04:00,18.65999984741211,18.81999969482422,18.469999313354492,18.81999969482422,360600,0.0,0.0
2010-04-21 00:00:00-04:00,18.780000686645508,18.889999389648438,18.510000228881836,18.799999237060547,702800,0.0,0.0
2010-04-22 00:00:00-04:00,19.420000076293945,19.420000076293945,17.18000030517578,17.6200008392334,5676800,0.0,0.0
2010-04-23 00:00:00-04:00,17.739999771118164,17.790000915527344,16.420000076293945,16.8799991607666,4019800,0.0,0.0
2010-04-26 00:00:00-04:00,16.920000076293945,17.25,16.5,17.139999389648438,2787400,0.0,0.0
2010-04-27 00:00:00-04:00,17.040000915527344,17.1299991607666,16.729999542236328,17.0,3349400,0.0,0.0
2010-04-28 00:00:00-04:00,17.1200008392334,17.15999984741211,16.510000228881836,16.559999465942383,1182800,0.0,0.0
2010-04-29 00:00:00-04:00,16.700000762939453,18.200000762939453,16.579999923706055,17.93000030517578,3052300,0.0,0.0
2010-04-30 00:00:00-04:00,17.889999389648438,17.93000030517578,16.889999389648438,17.0,1533300,0.0,0.0
2010-05-03 00:00:00-04:00,17.0,17.59000015258789,16.93000030517578,17.399999618530273,1232700,0.0,0.0
2010-05-04 00:00:00-04:00,17.270000457763672,17.530000686645508,16.93000030517578,17.530000686645508,1469600,0.0,0.0
2010-05-05 00:00:00-04:00,17.450000762939453,17.59000015258789,17.25,17.489999771118164,1395000,0.0,0.0
2010-05-06 00:00:00-04:00,16.989999771118164,17.579999923706055,16.56999969482422,17.260000228881836,1772900,0.0,0.0
2010-05-07 00:00:00-04:00,17.110000610351562,17.110000610351562,16.360000610351562,16.520000457763672,2664900,0.0,0.0
2010-05-10 00:00:00-04:00,17.030000686645508,17.459999084472656,17.030000686645508,17.260000228881836,1066700,0.0,0.0
2010-05-11 00:00:00-04:00,17.06999969482422,17.399999618530273,17.0,17.170000076293945,1145000,0.0,0.0
2010-05-12 00:00:00-04:00,17.170000076293945,17.459999084472656,17.09000015258789,17.459999084472656,730600,0.0,0.0
2010-05-13 00:00:00-04:00,17.3700008392334,17.479999542236328,17.170000076293945,17.309999465942383,940400,0.0,0.0
2010-05-14 00:00:00-04:00,17.170000076293945,17.170000076293945,16.6200008392334,17.020000457763672,1088900,0.0,0.0
2010-05-17 00:00:00-04:00,17.010000228881836,17.3700008392334,16.940000534057617,17.309999465942383,798900,0.0,0.0
2010-05-18 00:00:00-04:00,17.309999465942383,17.90999984741211,17.219999313354492,17.299999237060547,997400,0.0,0.0
2010-05-19 00:00:00-04:00,17.209999084472656,17.3700008392334,16.670000076293945,16.90999984741211,862000,0.0,0.0
2010-05-20 00:00:00-04:00,16.6299991607666,16.639999389648438,15.800000190734863,16.010000228881836,1460000,0.0,0.0
2010-05-21 00:00:00-04:00,15.770000457763672,16.1200008392334,15.5,15.859999656677246,1333400,0.0,0.0
2010-05-24 00:00:00-04:00,15.8100004196167,16.219999313354492,15.8100004196167,15.84000015258789,993000,0.0,0.0
2010-05-25 00:00:00-04:00,15.539999961853027,15.609999656677246,14.869999885559082,15.25,1542200,0.0,0.0
2010-05-26 00:00:00-04:00,15.289999961853027,15.449999809265137,14.729999542236328,14.75,1535600,0.0,0.0
2010-05-27 00:00:00-04:00,15.020000457763672,15.220000267028809,14.869999885559082,15.1899995803833,1139400,0.0,0.0
2010-05-28 00:00:00-04:00,15.180000305175781,15.229999542236328,14.880000114440918,14.920000076293945,933500,0.0,0.0
2010-06-01 00:00:00-04:00,14.850000381469727,14.850000381469727,14.210000038146973,14.380000114440918,1673000,0.0,0.0
2010-06-02 00:00:00-04:00,14.420000076293945,14.789999961853027,14.3100004196167,14.770000457763672,1013000,0.0,0.0
2010-06-03 00:00:00-04:00,14.869999885559082,15.079999923706055,14.25,14.430000305175781,1199600,0.0,0.0
2010-06-04 00:00:00-04:00,14.0,14.050000190734863,13.380000114440918,13.789999961853027,2776300,0.0,0.0
2010-06-07 00:00:00-04:00,13.859999656677246,14.40999984741211,13.84000015258789,14.1899995803833,1935200,0.0,0.0
2010-06-08 00:00:00-04:00,14.1899995803833,14.1899995803833,13.4399995803833,13.510000228881836,1264200,0.0,0.0
2010-06-09 00:00:00-04:00,13.600000381469727,13.800000190734863,13.180000305175781,13.270000457763672,978800,0.0,0.0
2010-06-10 00:00:00-04:00,13.489999771118164,13.979999542236328,13.329999923706055,13.699999809265137,1452600,0.0,0.0
2010-06-11 00:00:00-04:00,13.609999656677246,14.5600004196167,13.430000305175781,14.539999961853027,1368700,0.0,0.0
2010-06-14 00:00:00-04:00,14.600000381469727,15.229999542236328,14.600000381469727,14.8100004196167,1223100,0.0,0.0
2010-06-15 00:00:00-04:00,14.869999885559082,15.029999732971191,14.800000190734863,15.0,692400,0.0,0.0
2010-06-16 00:00:00-04:00,14.899999618530273,15.020000457763672,14.6899995803833,14.850000381469727,362100,0.0,0.0
2010-06-17 00:00:00-04:00,14.859999656677246,15.020000457763672,14.710000038146973,14.880000114440918,431700,0.0,0.0
2010-06-18 00:00:00-04:00,14.970000267028809,14.970000267028809,14.6899995803833,14.75,1039700,0.0,0.0
2010-06-21 00:00:00-04:00,14.9399995803833,15.34000015258789,14.869999885559082,15.199999809265137,783200,0.0,0.0
2010-06-22 00:00:00-04:00,15.279999732971191,15.369999885559082,14.850000381469727,14.960000038146973,771000,0.0,0.0
2010-06-23 00:00:00-04:00,14.960000038146973,14.960000038146973,14.350000381469727,14.75,779400,0.0,0.0
2010-06-24 00:00:00-04:00,14.680000305175781,14.8100004196167,14.4399995803833,14.489999771118164,587300,0.0,0.0
2010-06-25 00:00:00-04:00,14.5,15.0,14.40999984741211,14.960000038146973,797600,0.0,0.0
2010-06-28 00:00:00-04:00,15.0,15.100000381469727,14.930000305175781,15.0,698200,0.0,0.0
2010-06-29 00:00:00-04:00,14.779999732971191,14.970000267028809,14.010000228881836,14.90999984741211,1107700,0.0,0.0
2010-06-30 00:00:00-04:00,14.949999809265137,15.170000076293945,14.779999732971191,14.869999885559082,1060500,0.0,0.0
2010-07-01 00:00:00-04:00,14.890000343322754,14.890000343322754,13.899999618530273,14.300000190734863,662500,0.0,0.0
2010-07-02 00:00:00-04:00,14.390000343322754,14.449999809265137,13.970000267028809,14.199999809265137,328800,0.0,0.0
2010-07-06 00:00:00-04:00,14.369999885559082,14.600000381469727,14.010000228881836,14.100000381469727,612500,0.0,0.0
2010-07-07 00:00:00-04:00,14.210000038146973,14.920000076293945,14.140000343322754,14.880000114440918,651900,0.0,0.0
2010-07-08 00:00:00-04:00,14.970000267028809,15.15999984741211,14.6899995803833,14.880000114440918,557200,0.0,0.0
2010-07-09 00:00:00-04:00,14.819999694824219,14.819999694824219,14.25,14.4399995803833,674800,0.0,0.0
2010-07-12 00:00:00-04:00,14.359999656677246,14.579999923706055,14.199999809265137,14.270000457763672,387900,0.0,0.0
2010-07-13 00:00:00-04:00,14.449999809265137,14.869999885559082,14.420000076293945,14.84000015258789,447300,0.0,0.0
2010-07-14 00:00:00-04:00,15.069999694824219,16.3799991607666,15.069999694824219,15.619999885559082,2141800,0.0,0.0
2010-07-15 00:00:00-04:00,15.619999885559082,15.680000305175781,15.050000190734863,15.270000457763672,651700,0.0,0.0
2010-07-16 00:00:00-04:00,15.119999885559082,15.119999885559082,14.460000038146973,14.569999694824219,790700,0.0,0.0
2010-07-19 00:00:00-04:00,14.600000381469727,14.739999771118164,14.1899995803833,14.289999961853027,207500,0.0,0.0
2010-07-20 00:00:00-04:00,14.130000114440918,14.510000228881836,14.0,14.4399995803833,1068500,0.0,0.0
2010-07-21 00:00:00-04:00,14.489999771118164,14.6899995803833,14.279999732971191,14.489999771118164,687000,0.0,0.0
2010-07-22 00:00:00-04:00,14.609999656677246,15.270000457763672,14.550000190734863,14.829999923706055,1459800,0.0,0.0
2010-07-23 00:00:00-04:00,17.260000228881836,17.5,15.859999656677246,17.1200008392334,3750700,0.0,0.0
2010-07-26 00:00:00-04:00,17.170000076293945,18.459999084472656,17.1299991607666,18.350000381469727,2234600,0.0,0.0
2010-07-27 00:00:00-04:00,18.350000381469727,18.5,17.809999465942383,18.049999237060547,973600,0.0,0.0
2010-07-28 00:00:00-04:00,17.889999389648438,18.229999542236328,17.239999771118164,17.3700008392334,1340800,0.0,0.0
2010-07-29 00:00:00-04:00,17.420000076293945,17.489999771118164,17.079999923706055,17.469999313354492,667100,0.0,0.0
2010-07-30 00:00:00-04:00,17.25,17.670000076293945,17.190000534057617,17.350000381469727,685200,0.0,0.0
2010-08-02 00:00:00-04:00,17.469999313354492,18.020000457763672,17.469999313354492,17.899999618530273,771700,0.0,0.0
2010-08-03 00:00:00-04:00,17.790000915527344,17.920000076293945,17.420000076293945,17.790000915527344,918100,0.0,0.0
2010-08-04 00:00:00-04:00,17.81999969482422,17.969999313354492,17.3700008392334,17.760000228881836,899800,0.0,0.0
2010-08-05 00:00:00-04:00,17.610000610351562,17.760000228881836,17.329999923706055,17.649999618530273,385900,0.0,0.0
2010-08-06 00:00:00-04:00,17.5,17.920000076293945,17.049999237060547,17.829999923706055,496400,0.0,0.0
2010-08-09 00:00:00-04:00,17.969999313354492,18.280000686645508,17.729999542236328,18.110000610351562,543700,0.0,0.0
2010-08-10 00:00:00-04:00,17.90999984741211,18.25,17.700000762939453,17.959999084472656,527800,0.0,0.0
2010-08-11 00:00:00-04:00,17.649999618530273,17.649999618530273,16.860000610351562,17.209999084472656,563400,0.0,0.0
2010-08-12 00:00:00-04:00,16.93000030517578,17.40999984741211,16.530000686645508,17.329999923706055,497600,0.0,0.0
2010-08-13 00:00:00-04:00,17.219999313354492,17.40999984741211,16.899999618530273,17.0,509600,0.0,0.0
2010-08-16 00:00:00-04:00,16.920000076293945,17.299999237060547,16.829999923706055,17.149999618530273,473400,0.0,0.0
2010-08-17 00:00:00-04:00,17.329999923706055,17.719999313354492,17.0,17.649999618530273,723100,0.0,0.0
2010-08-18 00:00:00-04:00,17.610000610351562,17.889999389648438,17.420000076293945,17.549999237060547,530000,0.0,0.0
2010-08-19 00:00:00-04:00,17.420000076293945,17.549999237060547,16.950000762939453,17.31999969482422,715000,0.0,0.0
2010-08-20 00:00:00-04:00,17.229999542236328,17.420000076293945,16.899999618530273,17.239999771118164,555900,0.0,0.0
2010-08-23 00:00:00-04:00,17.260000228881836,17.260000228881836,16.389999389648438,16.639999389648438,598000,0.0,0.0
2010-08-24 00:00:00-04:00,16.389999389648438,16.690000534057617,15.710000038146973,16.209999084472656,576300,0.0,0.0
2010-08-25 00:00:00-04:00,16.040000915527344,16.360000610351562,15.75,16.290000915527344,725400,0.0,0.0
2010-08-26 00:00:00-04:00,16.290000915527344,16.510000228881836,16.1299991607666,16.239999771118164,420200,0.0,0.0
2010-08-27 00:00:00-04:00,16.399999618530273,16.399999618530273,15.979999542236328,16.299999237060547,421900,0.0,0.0
2010-08-30 00:00:00-04:00,16.200000762939453,16.350000381469727,15.800000190734863,15.800000190734863,325500,0.0,0.0
2010-08-31 00:00:00-04:00,15.720000267028809,16.440000534057617,15.720000267028809,15.989999771118164,469300,0.0,0.0
2010-09-01 00:00:00-04:00,16.239999771118164,17.040000915527344,16.170000076293945,16.950000762939453,571600,0.0,0.0
2010-09-02 00:00:00-04:00,16.8700008392334,17.290000915527344,16.68000030517578,17.260000228881836,387900,0.0,0.0
2010-09-03 00:00:00-04:00,17.40999984741211,17.850000381469727,17.100000381469727,17.219999313354492,496600,0.0,0.0
2010-09-07 00:00:00-04:00,17.190000534057617,17.229999542236328,16.639999389648438,16.649999618530273,340900,0.0,0.0
2010-09-08 00:00:00-04:00,16.719999313354492,17.1299991607666,16.5,16.959999084472656,374100,0.0,0.0
2010-09-09 00:00:00-04:00,17.1200008392334,17.170000076293945,16.790000915527344,17.049999237060547,289800,0.0,0.0
2010-09-10 00:00:00-04:00,17.110000610351562,17.920000076293945,16.969999313354492,17.81999969482422,640700,0.0,0.0
2010-09-13 00:00:00-04:00,17.850000381469727,18.950000762939453,17.739999771118164,18.68000030517578,1387500,0.0,0.0
2010-09-14 00:00:00-04:00,18.639999389648438,18.81999969482422,18.3700008392334,18.420000076293945,776900,0.0,0.0
2010-09-15 00:00:00-04:00,18.350000381469727,18.950000762939453,18.25,18.93000030517578,642000,0.0,0.0
2010-09-16 00:00:00-04:00,18.850000381469727,19.0,18.600000381469727,18.920000076293945,655500,0.0,0.0
2010-09-17 00:00:00-04:00,19.06999969482422,19.3799991607666,18.790000915527344,19.290000915527344,978400,0.0,0.0
2010-09-20 00:00:00-04:00,19.34000015258789,19.950000762939453,19.290000915527344,19.889999389648438,754800,0.0,0.0
2010-09-21 00:00:00-04:00,19.850000381469727,19.93000030517578,19.479999542236328,19.579999923706055,440900,0.0,0.0
2010-09-22 00:00:00-04:00,19.43000030517578,19.700000762939453,18.950000762939453,19.290000915527344,322900,0.0,0.0
2010-09-23 00:00:00-04:00,19.139999389648438,19.420000076293945,18.829999923706055,18.899999618530273,471000,0.0,0.0
2010-09-24 00:00:00-04:00,19.1299991607666,19.65999984741211,19.059999465942383,19.65999984741211,501000,0.0,0.0
2010-09-27 00:00:00-04:00,19.719999313354492,19.8700008392334,19.43000030517578,19.75,262200,0.0,0.0
2010-09-28 00:00:00-04:00,19.719999313354492,19.790000915527344,19.25,19.729999542236328,976000,0.0,0.0
2010-09-29 00:00:00-04:00,19.59000015258789,19.940000534057617,19.520000457763672,19.850000381469727,637900,0.0,0.0
2010-09-30 00:00:00-04:00,19.950000762939453,19.950000762939453,19.299999237060547,19.579999923706055,646000,0.0,0.0
2010-10-01 00:00:00-04:00,19.770000457763672,19.860000610351562,19.3700008392334,19.649999618530273,495600,0.0,0.0
2010-10-04 00:00:00-04:00,19.540000915527344,19.600000381469727,19.239999771118164,19.31999969482422,302200,0.0,0.0
2010-10-05 00:00:00-04:00,19.479999542236328,19.59000015258789,19.219999313354492,19.5,1035600,0.0,0.0
2010-10-06 00:00:00-04:00,19.520000457763672,19.760000228881836,19.469999313354492,19.690000534057617,493400,0.0,0.0
2010-10-07 00:00:00-04:00,19.760000228881836,19.899999618530273,19.5,19.829999923706055,305500,0.0,0.0
2010-10-08 00:00:00-04:00,19.780000686645508,19.799999237060547,19.40999984741211,19.6299991607666,425300,0.0,0.0
2010-10-11 00:00:00-04:00,19.600000381469727,19.809999465942383,19.540000915527344,19.56999969482422,483300,0.0,0.0
2010-10-12 00:00:00-04:00,19.600000381469727,19.959999084472656,19.40999984741211,19.8799991607666,1400600,0.0,0.0
2010-10-13 00:00:00-04:00,20.100000381469727,20.610000610351562,20.040000915527344,20.5,2654100,0.0,0.0
2010-10-14 00:00:00-04:00,20.579999923706055,20.969999313354492,20.549999237060547,20.68000030517578,1440700,0.0,0.0
2010-10-15 00:00:00-04:00,20.950000762939453,20.950000762939453,20.43000030517578,20.479999542236328,1235400,0.0,0.0
2010-10-18 00:00:00-04:00,20.489999771118164,21.049999237060547,20.479999542236328,21.0,830600,0.0,0.0
2010-10-19 00:00:00-04:00,20.700000762939453,20.889999389648438,20.079999923706055,20.280000686645508,1498100,0.0,0.0
2010-10-20 00:00:00-04:00,20.43000030517578,21.290000915527344,20.329999923706055,21.079999923706055,3015400,0.0,0.0
2010-10-21 00:00:00-04:00,21.239999771118164,21.399999618530273,20.229999542236328,20.709999084472656,2314800,0.0,0.0
2010-10-22 00:00:00-04:00,18.139999389648438,18.420000076293945,17.5,18.149999618530273,7228800,0.0,0.0
2010-10-25 00:00:00-04:00,18.1200008392334,18.1200008392334,17.420000076293945,17.479999542236328,2566400,0.0,0.0
2010-10-26 00:00:00-04:00,16.899999618530273,17.059999465942383,16.25,16.649999618530273,4126900,0.0,0.0
2010-10-27 00:00:00-04:00,16.5,16.969999313354492,16.350000381469727,16.889999389648438,2130500,0.0,0.0
2010-10-28 00:00:00-04:00,16.959999084472656,17.290000915527344,16.299999237060547,17.059999465942383,2269100,0.0,0.0
2010-10-29 00:00:00-04:00,16.979999542236328,17.170000076293945,16.90999984741211,17.020000457763672,1108100,0.0,0.0
2010-11-01 00:00:00-04:00,17.020000457763672,17.450000762939453,17.0,17.149999618530273,942100,0.0,0.0
2010-11-02 00:00:00-04:00,17.200000762939453,17.459999084472656,16.649999618530273,17.360000610351562,1062700,0.0,0.0
2010-11-03 00:00:00-04:00,17.329999923706055,17.40999984741211,17.0,17.399999618530273,888400,0.0,0.0
2010-11-04 00:00:00-04:00,17.579999923706055,17.899999618530273,17.450000762939453,17.799999237060547,1488300,0.0,0.0
2010-11-05 00:00:00-04:00,17.799999237060547,18.670000076293945,17.729999542236328,18.5,1559800,0.0,0.0
2010-11-08 00:00:00-05:00,18.5,18.549999237060547,18.139999389648438,18.239999771118164,695300,0.0,0.0
2010-11-09 00:00:00-05:00,18.239999771118164,18.360000610351562,18.030000686645508,18.25,899500,0.0,0.0
2010-11-10 00:00:00-05:00,18.329999923706055,18.43000030517578,18.110000610351562,18.43000030517578,439800,0.0,0.0
2010-11-11 00:00:00-05:00,18.200000762939453,18.540000915527344,18.190000534057617,18.5,379300,0.0,0.0
2010-11-12 00:00:00-05:00,18.309999465942383,18.559999465942383,18.200000762939453,18.309999465942383,606800,0.0,0.0
2010-11-15 00:00:00-05:00,18.350000381469727,18.459999084472656,18.06999969482422,18.270000457763672,508300,0.0,0.0
2010-11-16 00:00:00-05:00,18.1299991607666,18.290000915527344,17.709999084472656,17.8799991607666,1213700,0.0,0.0
2010-11-17 00:00:00-05:00,17.989999771118164,18.0,17.6299991607666,17.68000030517578,650900,0.0,0.0
2010-11-18 00:00:00-05:00,17.90999984741211,18.200000762939453,17.799999237060547,17.90999984741211,967000,0.0,0.0
2010-11-19 00:00:00-05:00,17.90999984741211,18.15999984741211,17.469999313354492,17.5,1019700,0.0,0.0
2010-11-22 00:00:00-05:00,17.3700008392334,17.639999389648438,17.1200008392334,17.399999618530273,737400,0.0,0.0
2010-11-23 00:00:00-05:00,17.1200008392334,17.540000915527344,17.010000228881836,17.450000762939453,608400,0.0,0.0
2010-11-24 00:00:00-05:00,17.579999923706055,17.850000381469727,17.520000457763672,17.850000381469727,426200,0.0,0.0
2010-11-26 00:00:00-05:00,17.670000076293945,18.040000915527344,17.5,17.56999969482422,295500,0.0,0.0
2010-11-29 00:00:00-05:00,17.440000534057617,17.729999542236328,17.290000915527344,17.600000381469727,361800,0.0,0.0
2010-11-30 00:00:00-05:00,17.360000610351562,17.84000015258789,16.729999542236328,17.489999771118164,1702800,0.0,0.0
2010-12-01 00:00:00-05:00,17.84000015258789,18.31999969482422,17.700000762939453,17.969999313354492,781100,0.0,0.0
2010-12-02 00:00:00-05:00,17.940000534057617,18.030000686645508,17.43000030517578,17.5,1068400,0.0,0.0
2010-12-03 00:00:00-05:00,17.450000762939453,17.719999313354492,17.18000030517578,17.6200008392334,1338000,0.0,0.0
2010-12-06 00:00:00-05:00,17.68000030517578,17.979999542236328,17.6299991607666,17.770000457763672,484800,0.0,0.0
2010-12-07 00:00:00-05:00,17.979999542236328,18.190000534057617,17.719999313354492,17.809999465942383,407400,0.0,0.0
2010-12-08 00:00:00-05:00,17.829999923706055,18.34000015258789,17.6299991607666,18.100000381469727,557600,0.0,0.0
2010-12-09 00:00:00-05:00,18.309999465942383,18.530000686645508,18.200000762939453,18.389999389648438,477100,0.0,0.0
2010-12-10 00:00:00-05:00,18.450000762939453,18.790000915527344,18.329999923706055,18.670000076293945,352600,0.0,0.0
2010-12-13 00:00:00-05:00,18.770000457763672,18.770000457763672,18.5,18.520000457763672,299100,0.0,0.0
2010-12-14 00:00:00-05:00,18.6200008392334,18.940000534057617,18.579999923706055,18.709999084472656,543300,0.0,0.0
2010-12-15 00:00:00-05:00,18.729999542236328,19.139999389648438,18.690000534057617,18.790000915527344,390600,0.0,0.0
2010-12-16 00:00:00-05:00,18.809999465942383,19.43000030517578,18.649999618530273,19.420000076293945,391800,0.0,0.0
2010-12-17 00:00:00-05:00,19.399999618530273,20.15999984741211,19.200000762939453,20.110000610351562,1661100,0.0,0.0
2010-12-20 00:00:00-05:00,20.299999237060547,20.649999618530273,19.969999313354492,20.06999969482422,778000,0.0,0.0
2010-12-21 00:00:00-05:00,20.139999389648438,20.610000610351562,19.889999389648438,20.280000686645508,618400,0.0,0.0
2010-12-22 00:00:00-05:00,20.290000915527344,20.6200008392334,20.149999618530273,20.3700008392334,407400,0.0,0.0
2010-12-23 00:00:00-05:00,20.3799991607666,20.469999313354492,20.190000534057617,20.239999771118164,186600,0.0,0.0
2010-12-27 00:00:00-05:00,20.1200008392334,20.229999542236328,19.959999084472656,20.1200008392334,274600,0.0,0.0
2010-12-28 00:00:00-05:00,20.110000610351562,20.170000076293945,19.420000076293945,20.1299991607666,418400,0.0,0.0
2010-12-29 00:00:00-05:00,20.1299991607666,20.209999084472656,19.899999618530273,19.959999084472656,273700,0.0,0.0
2010-12-30 00:00:00-05:00,19.90999984741211,20.239999771118164,19.90999984741211,20.020000457763672,324700,0.0,0.0
2010-12-31 00:00:00-05:00,20.040000915527344,20.239999771118164,19.5,19.540000915527344,349300,0.0,0.0
2011-01-03 00:00:00-05:00,19.75,20.270000457763672,19.6200008392334,19.8700008392334,444700,0.0,0.0
2011-01-04 00:00:00-05:00,20.0,20.1200008392334,19.229999542236328,19.5,476000,0.0,0.0
2011-01-05 00:00:00-05:00,19.450000762939453,20.100000381469727,19.34000015258789,19.829999923706055,656200,0.0,0.0
2011-01-06 00:00:00-05:00,19.829999923706055,20.0,19.440000534057617,19.59000015258789,531500,0.0,0.0
2011-01-07 00:00:00-05:00,19.540000915527344,20.139999389648438,19.299999237060547,20.0,1317000,0.0,0.0
2011-01-10 00:00:00-05:00,19.950000762939453,20.290000915527344,19.6200008392334,20.200000762939453,722300,0.0,0.0
2011-01-11 00:00:00-05:00,20.25,20.459999084472656,20.020000457763672,20.299999237060547,847200,0.0,0.0
2011-01-12 00:00:00-05:00,20.5,20.799999237060547,20.360000610351562,20.420000076293945,534900,0.0,0.0
2011-01-13 00:00:00-05:00,20.3799991607666,20.600000381469727,20.309999465942383,20.559999465942383,359800,0.0,0.0
2011-01-14 00:00:00-05:00,20.5,20.56999969482422,20.350000381469727,20.5,617300,0.0,0.0
2011-01-18 00:00:00-05:00,20.399999618530273,20.850000381469727,20.200000762939453,20.81999969482422,786400,0.0,0.0
2011-01-19 00:00:00-05:00,20.770000457763672,20.889999389648438,20.399999618530273,20.520000457763672,1026400,0.0,0.0
2011-01-20 00:00:00-05:00,20.420000076293945,20.579999923706055,20.049999237060547,20.290000915527344,902400,0.0,0.0
2011-01-21 00:00:00-05:00,20.3700008392334,20.3700008392334,19.8700008392334,19.8700008392334,801300,0.0,0.0
2011-01-24 00:00:00-05:00,19.940000534057617,20.40999984741211,19.8700008392334,19.950000762939453,967600,0.0,0.0
2011-01-25 00:00:00-05:00,19.790000915527344,20.030000686645508,19.719999313354492,19.920000076293945,649900,0.0,0.0
2011-01-26 00:00:00-05:00,19.93000030517578,20.510000228881836,19.729999542236328,20.510000228881836,1372300,0.0,0.0
2011-01-27 00:00:00-05:00,19.940000534057617,21.200000762939453,19.40999984741211,20.899999618530273,1804800,0.0,0.0
2011-01-28 00:00:00-05:00,20.850000381469727,20.920000076293945,20.309999465942383,20.350000381469727,1116800,0.0,0.0
2011-01-31 00:00:00-05:00,20.299999237060547,21.0,20.290000915527344,20.829999923706055,863200,0.0,0.0
2011-02-01 00:00:00-05:00,20.510000228881836,21.389999389648438,20.510000228881836,21.3799991607666,1187100,0.0,0.0
2011-02-02 00:00:00-05:00,21.239999771118164,22.239999771118164,21.239999771118164,21.950000762939453,1244000,0.0,0.0
2011-02-03 00:00:00-05:00,21.889999389648438,22.239999771118164,21.729999542236328,22.049999237060547,820400,0.0,0.0
2011-02-04 00:00:00-05:00,21.969999313354492,22.149999618530273,21.649999618530273,21.860000610351562,789200,0.0,0.0
2011-02-07 00:00:00-05:00,21.25,21.469999313354492,20.31999969482422,21.0,3073900,0.0,0.0
2011-02-08 00:00:00-05:00,20.959999084472656,21.399999618530273,20.770000457763672,21.260000228881836,756200,0.0,0.0
2011-02-09 00:00:00-05:00,21.1200008392334,21.25,20.6200008392334,20.719999313354492,480400,0.0,0.0
2011-02-10 00:00:00-05:00,20.65999984741211,21.170000076293945,20.649999618530273,20.790000915527344,535500,0.0,0.0
2011-02-11 00:00:00-05:00,20.799999237060547,20.950000762939453,20.549999237060547,20.8700008392334,728200,0.0,0.0
2011-02-14 00:00:00-05:00,20.940000534057617,21.200000762939453,20.700000762939453,20.969999313354492,455900,0.0,0.0
2011-02-15 00:00:00-05:00,20.75,21.06999969482422,20.5,20.510000228881836,665800,0.0,0.0
2011-02-16 00:00:00-05:00,20.65999984741211,21.049999237060547,20.540000915527344,21.020000457763672,546300,0.0,0.0
2011-02-17 00:00:00-05:00,20.959999084472656,21.219999313354492,20.739999771118164,21.030000686645508,661600,0.0,0.0
2011-02-18 00:00:00-05:00,21.100000381469727,21.149999618530273,20.65999984741211,20.790000915527344,678700,0.0,0.0
2011-02-22 00:00:00-05:00,20.5,20.559999465942383,19.670000076293945,19.860000610351562,859300,0.0,0.0
2011-02-23 00:00:00-05:00,19.5,19.81999969482422,19.100000381469727,19.309999465942383,1277200,0.0,0.0
2011-02-24 00:00:00-05:00,19.270000457763672,19.610000610351562,19.200000762939453,19.540000915527344,604800,0.0,0.0
2011-02-25 00:00:00-05:00,19.600000381469727,20.3700008392334,19.510000228881836,20.290000915527344,945500,0.0,0.0
2011-02-28 00:00:00-05:00,20.510000228881836,21.149999618530273,20.149999618530273,20.850000381469727,1181300,0.0,0.0
2011-03-01 00:00:00-05:00,20.829999923706055,20.989999771118164,20.459999084472656,20.520000457763672,724300,0.0,0.0
2011-03-02 00:00:00-05:00,20.520000457763672,20.860000610351562,20.440000534057617,20.799999237060547,314700,0.0,0.0
2011-03-03 00:00:00-05:00,21.010000228881836,21.8799991607666,21.010000228881836,21.600000381469727,523300,0.0,0.0
2011-03-04 00:00:00-05:00,21.649999618530273,21.780000686645508,21.31999969482422,21.68000030517578,428600,0.0,0.0
2011-03-07 00:00:00-05:00,21.850000381469727,21.889999389648438,21.149999618530273,21.510000228881836,642800,0.0,0.0
2011-03-08 00:00:00-05:00,21.09000015258789,22.049999237060547,21.020000457763672,21.799999237060547,667600,0.0,0.0
2011-03-09 00:00:00-05:00,21.770000457763672,21.93000030517578,21.600000381469727,21.780000686645508,435900,0.0,0.0
2011-03-10 00:00:00-05:00,21.549999237060547,21.549999237060547,20.850000381469727,20.959999084472656,452400,0.0,0.0
2011-03-11 00:00:00-05:00,20.93000030517578,21.190000534057617,20.700000762939453,21.040000915527344,827900,0.0,0.0
2011-03-14 00:00:00-04:00,20.93000030517578,21.149999618530273,20.81999969482422,20.850000381469727,724800,0.0,0.0
2011-03-15 00:00:00-04:00,20.219999313354492,20.739999771118164,20.170000076293945,20.43000030517578,284900,0.0,0.0
2011-03-16 00:00:00-04:00,20.31999969482422,21.110000610351562,20.229999542236328,20.329999923706055,473200,0.0,0.0
2011-03-17 00:00:00-04:00,20.6200008392334,20.690000534057617,20.239999771118164,20.329999923706055,363000,0.0,0.0
2011-03-18 00:00:00-04:00,20.549999237060547,20.90999984741211,20.479999542236328,20.90999984741211,493900,0.0,0.0
2011-03-21 00:00:00-04:00,21.149999618530273,21.270000457763672,20.760000228881836,20.799999237060547,733000,0.0,0.0
2011-03-22 00:00:00-04:00,20.889999389648438,21.030000686645508,20.719999313354492,20.739999771118164,206000,0.0,0.0
2011-03-23 00:00:00-04:00,20.65999984741211,20.739999771118164,20.219999313354492,20.34000015258789,407900,0.0,0.0
2011-03-24 00:00:00-04:00,20.510000228881836,20.68000030517578,20.229999542236328,20.6299991607666,456900,0.0,0.0
2011-03-25 00:00:00-04:00,20.670000076293945,21.209999084472656,20.559999465942383,21.0,249100,0.0,0.0
2011-03-28 00:00:00-04:00,21.100000381469727,21.1299991607666,20.93000030517578,20.979999542236328,186800,0.0,0.0
2011-03-29 00:00:00-04:00,20.940000534057617,21.200000762939453,20.780000686645508,21.18000030517578,276300,0.0,0.0
2011-03-30 00:00:00-04:00,21.139999389648438,21.350000381469727,19.559999465942383,20.3700008392334,2656300,0.0,0.0
2011-03-31 00:00:00-04:00,20.350000381469727,20.6200008392334,20.100000381469727,20.479999542236328,671100,0.0,0.0
2011-04-01 00:00:00-04:00,20.579999923706055,20.780000686645508,20.40999984741211,20.700000762939453,462700,0.0,0.0
2011-04-04 00:00:00-04:00,20.780000686645508,21.3799991607666,20.780000686645508,21.209999084472656,553600,0.0,0.0
2011-04-05 00:00:00-04:00,21.25,21.420000076293945,21.010000228881836,21.139999389648438,390500,0.0,0.0
2011-04-06 00:00:00-04:00,21.280000686645508,21.3799991607666,21.1200008392334,21.260000228881836,451600,0.0,0.0
2011-04-07 00:00:00-04:00,21.31999969482422,21.5,21.0,21.149999618530273,570900,0.0,0.0
2011-04-08 00:00:00-04:00,21.329999923706055,21.40999984741211,21.059999465942383,21.200000762939453,485300,0.0,0.0
2011-04-11 00:00:00-04:00,21.239999771118164,21.450000762939453,20.989999771118164,21.040000915527344,315300,0.0,0.0
2011-04-12 00:00:00-04:00,20.860000610351562,21.09000015258789,20.739999771118164,20.920000076293945,392400,0.0,0.0
2011-04-13 00:00:00-04:00,21.0,21.149999618530273,20.850000381469727,21.049999237060547,325400,0.0,0.0
2011-04-14 00:00:00-04:00,20.81999969482422,21.450000762939453,20.760000228881836,21.450000762939453,547900,0.0,0.0
2011-04-15 00:00:00-04:00,21.360000610351562,22.31999969482422,21.360000610351562,22.170000076293945,713200,0.0,0.0
2011-04-18 00:00:00-04:00,21.899999618530273,21.93000030517578,21.030000686645508,21.34000015258789,395800,0.0,0.0
2011-04-19 00:00:00-04:00,21.440000534057617,21.700000762939453,21.229999542236328,21.40999984741211,433700,0.0,0.0
2011-04-20 00:00:00-04:00,21.68000030517578,21.829999923706055,21.200000762939453,21.389999389648438,886200,0.0,0.0
2011-04-21 00:00:00-04:00,24.0,25.940000534057617,23.579999923706055,24.989999771118164,2802700,0.0,0.0
2011-04-25 00:00:00-04:00,24.809999465942383,25.260000228881836,24.670000076293945,24.979999542236328,1090800,0.0,0.0
2011-04-26 00:00:00-04:00,24.3799991607666,24.90999984741211,24.149999618530273,24.56999969482422,2100000,0.0,0.0
2011-04-27 00:00:00-04:00,24.489999771118164,24.860000610351562,24.399999618530273,24.59000015258789,410000,0.0,0.0
2011-04-28 00:00:00-04:00,24.420000076293945,24.450000762939453,23.920000076293945,24.06999969482422,745700,0.0,0.0
2011-04-29 00:00:00-04:00,24.170000076293945,24.280000686645508,23.8700008392334,24.139999389648438,611000,0.0,0.0
2011-05-02 00:00:00-04:00,24.139999389648438,24.799999237060547,24.0,24.600000381469727,705800,0.0,0.0
2011-05-03 00:00:00-04:00,24.489999771118164,24.799999237060547,24.059999465942383,24.350000381469727,562500,0.0,0.0
2011-05-04 00:00:00-04:00,24.3799991607666,24.43000030517578,23.709999084472656,23.950000762939453,313700,0.0,0.0
2011-05-05 00:00:00-04:00,23.719999313354492,23.989999771118164,23.09000015258789,23.18000030517578,624800,0.0,0.0
2011-05-06 00:00:00-04:00,23.530000686645508,23.75,23.229999542236328,23.459999084472656,426600,0.0,0.0
2011-05-09 00:00:00-04:00,23.399999618530273,23.829999923706055,23.190000534057617,23.780000686645508,300000,0.0,0.0
2011-05-10 00:00:00-04:00,23.940000534057617,24.100000381469727,23.549999237060547,23.770000457763672,313300,0.0,0.0
2011-05-11 00:00:00-04:00,23.6200008392334,23.8799991607666,23.06999969482422,23.610000610351562,358800,0.0,0.0
2011-05-12 00:00:00-04:00,23.469999313354492,23.979999542236328,23.25,23.600000381469727,452000,0.0,0.0
2011-05-13 00:00:00-04:00,23.559999465942383,23.809999465942383,23.280000686645508,23.3799991607666,349700,0.0,0.0
2011-05-16 00:00:00-04:00,23.18000030517578,23.399999618530273,22.940000534057617,23.020000457763672,391600,0.0,0.0
2011-05-17 00:00:00-04:00,22.84000015258789,23.510000228881836,22.75,23.40999984741211,552200,0.0,0.0
2011-05-18 00:00:00-04:00,23.399999618530273,23.81999969482422,23.059999465942383,23.709999084472656,424200,0.0,0.0
2011-05-19 00:00:00-04:00,23.809999465942383,24.510000228881836,23.809999465942383,24.209999084472656,743300,0.0,0.0
2011-05-20 00:00:00-04:00,24.200000762939453,24.420000076293945,23.709999084472656,23.969999313354492,713600,0.0,0.0
2011-05-23 00:00:00-04:00,23.479999542236328,23.530000686645508,23.0,23.270000457763672,609800,0.0,0.0
2011-05-24 00:00:00-04:00,23.270000457763672,23.270000457763672,22.649999618530273,22.81999969482422,610700,0.0,0.0
2011-05-25 00:00:00-04:00,22.770000457763672,23.170000076293945,22.360000610351562,23.100000381469727,736700,0.0,0.0
2011-05-26 00:00:00-04:00,23.0,24.219999313354492,23.0,24.18000030517578,695500,0.0,0.0
2011-05-27 00:00:00-04:00,24.18000030517578,24.5,24.149999618530273,24.399999618530273,470400,0.0,0.0
2011-05-31 00:00:00-04:00,24.530000686645508,24.75,24.09000015258789,24.5,624400,0.0,0.0
2011-06-01 00:00:00-04:00,24.420000076293945,24.760000228881836,23.989999771118164,24.209999084472656,606100,0.0,0.0
2011-06-02 00:00:00-04:00,24.149999618530273,24.290000915527344,23.3700008392334,23.780000686645508,821800,0.0,0.0
2011-06-03 00:00:00-04:00,23.600000381469727,23.84000015258789,23.219999313354492,23.59000015258789,675800,0.0,0.0
2011-06-06 00:00:00-04:00,24.190000534057617,24.190000534057617,23.25,23.469999313354492,804400,0.0,0.0
2011-06-07 00:00:00-04:00,23.520000457763672,23.8799991607666,23.479999542236328,23.5,353400,0.0,0.0
2011-06-08 00:00:00-04:00,23.3799991607666,23.389999389648438,22.850000381469727,23.0,630000,0.0,0.0
2011-06-09 00:00:00-04:00,23.079999923706055,23.6200008392334,22.979999542236328,23.43000030517578,424700,0.0,0.0
2011-06-10 00:00:00-04:00,23.290000915527344,23.68000030517578,23.030000686645508,23.40999984741211,643900,0.0,0.0
2011-06-13 00:00:00-04:00,23.510000228881836,23.760000228881836,23.290000915527344,23.520000457763672,447900,0.0,0.0
2011-06-14 00:00:00-04:00,23.799999237060547,24.09000015258789,23.65999984741211,24.010000228881836,453900,0.0,0.0
2011-06-15 00:00:00-04:00,23.719999313354492,24.059999465942383,23.200000762939453,23.34000015258789,509800,0.0,0.0
2011-06-16 00:00:00-04:00,23.309999465942383,23.559999465942383,22.829999923706055,23.190000534057617,596200,0.0,0.0
2011-06-17 00:00:00-04:00,23.3700008392334,23.969999313354492,22.829999923706055,22.920000076293945,1006200,0.0,0.0
2011-06-20 00:00:00-04:00,22.8799991607666,22.959999084472656,22.59000015258789,22.690000534057617,618100,0.0,0.0
2011-06-21 00:00:00-04:00,22.829999923706055,23.649999618530273,22.5,23.579999923706055,542600,0.0,0.0
2011-06-22 00:00:00-04:00,23.5,23.950000762939453,23.190000534057617,23.219999313354492,577500,0.0,0.0
2011-06-23 00:00:00-04:00,22.93000030517578,23.0,22.389999389648438,22.649999618530273,948300,0.0,0.0
2011-06-24 00:00:00-04:00,22.700000762939453,22.700000762939453,22.059999465942383,22.09000015258789,760100,0.0,0.0
2011-06-27 00:00:00-04:00,21.799999237060547,22.1200008392334,21.649999618530273,22.0,1048100,0.0,0.0
2011-06-28 00:00:00-04:00,22.1200008392334,22.549999237060547,22.079999923706055,22.450000762939453,525700,0.0,0.0
2011-06-29 00:00:00-04:00,22.5,22.65999984741211,22.350000381469727,22.549999237060547,351800,0.0,0.0
2011-06-30 00:00:00-04:00,22.549999237060547,22.860000610351562,22.440000534057617,22.799999237060547,443200,0.0,0.0
2011-07-01 00:00:00-04:00,22.799999237060547,23.31999969482422,22.600000381469727,23.010000228881836,519800,0.0,0.0
2011-07-05 00:00:00-04:00,22.479999542236328,23.059999465942383,22.479999542236328,23.0,303200,0.0,0.0
2011-07-06 00:00:00-04:00,22.950000762939453,23.290000915527344,22.84000015258789,23.229999542236328,376000,0.0,0.0
2011-07-07 00:00:00-04:00,23.479999542236328,23.889999389648438,23.219999313354492,23.8799991607666,412400,0.0,0.0
2011-07-08 00:00:00-04:00,23.479999542236328,23.889999389648438,23.290000915527344,23.860000610351562,259900,0.0,0.0
2011-07-11 00:00:00-04:00,23.530000686645508,23.90999984741211,23.350000381469727,23.389999389648438,371200,0.0,0.0
2011-07-12 00:00:00-04:00,23.350000381469727,23.780000686645508,23.290000915527344,23.389999389648438,435600,0.0,0.0
2011-07-13 00:00:00-04:00,23.450000762939453,24.15999984741211,23.299999237060547,23.799999237060547,479200,0.0,0.0
2011-07-14 00:00:00-04:00,23.799999237060547,23.950000762939453,23.34000015258789,23.360000610351562,240700,0.0,0.0
2011-07-15 00:00:00-04:00,23.510000228881836,23.75,23.34000015258789,23.469999313354492,409400,0.0,0.0
2011-07-18 00:00:00-04:00,23.350000381469727,23.450000762939453,22.639999389648438,23.040000915527344,506200,0.0,0.0
2011-07-19 00:00:00-04:00,23.149999618530273,23.670000076293945,22.889999389648438,23.549999237060547,230700,0.0,0.0
2011-07-20 00:00:00-04:00,23.600000381469727,23.600000381469727,23.1299991607666,23.290000915527344,137600,0.0,0.0
2011-07-21 00:00:00-04:00,23.350000381469727,23.670000076293945,23.209999084472656,23.6299991607666,375100,0.0,0.0
2011-07-22 00:00:00-04:00,23.68000030517578,24.059999465942383,23.56999969482422,24.020000457763672,414700,0.0,0.0
2011-07-25 00:00:00-04:00,23.780000686645508,23.860000610351562,23.270000457763672,23.31999969482422,288200,0.0,0.0
2011-07-26 00:00:00-04:00,23.299999237060547,23.450000762939453,22.809999465942383,23.049999237060547,419700,0.0,0.0
2011-07-27 00:00:00-04:00,22.940000534057617,23.209999084472656,21.93000030517578,22.079999923706055,631200,0.0,0.0
2011-07-28 00:00:00-04:00,22.100000381469727,22.670000076293945,21.979999542236328,22.100000381469727,412800,0.0,0.0
2011-07-29 00:00:00-04:00,21.90999984741211,22.260000228881836,21.520000457763672,21.989999771118164,952900,0.0,0.0
2011-08-01 00:00:00-04:00,22.260000228881836,22.530000686645508,21.290000915527344,22.149999618530273,1393000,0.0,0.0
2011-08-02 00:00:00-04:00,21.81999969482422,22.489999771118164,21.1200008392334,21.1299991607666,1665000,0.0,0.0
2011-08-03 00:00:00-04:00,21.200000762939453,21.729999542236328,20.229999542236328,20.56999969482422,799100,0.0,0.0
2011-08-04 00:00:00-04:00,20.18000030517578,20.309999465942383,19.34000015258789,19.350000381469727,918900,0.0,0.0
2011-08-05 00:00:00-04:00,19.469999313354492,19.729999542236328,18.899999618530273,19.100000381469727,959600,0.0,0.0
2011-08-08 00:00:00-04:00,18.459999084472656,18.729999542236328,17.209999084472656,17.209999084472656,1498400,0.0,0.0
2011-08-09 00:00:00-04:00,17.709999084472656,18.600000381469727,16.670000076293945,18.280000686645508,1213900,0.0,0.0
2011-08-10 00:00:00-04:00,17.84000015258789,18.420000076293945,17.440000534057617,17.540000915527344,663000,0.0,0.0
2011-08-11 00:00:00-04:00,17.610000610351562,19.020000457763672,17.209999084472656,18.68000030517578,709900,0.0,0.0
2011-08-12 00:00:00-04:00,18.8700008392334,19.200000762939453,18.170000076293945,18.56999969482422,590300,0.0,0.0
2011-08-15 00:00:00-04:00,18.81999969482422,19.209999084472656,18.399999618530273,19.059999465942383,540900,0.0,0.0
2011-08-16 00:00:00-04:00,18.860000610351562,18.860000610351562,18.040000915527344,18.25,679500,0.0,0.0
2011-08-17 00:00:00-04:00,18.420000076293945,18.649999618530273,18.030000686645508,18.25,487400,0.0,0.0
2011-08-18 00:00:00-04:00,17.639999389648438,17.649999618530273,16.81999969482422,16.989999771118164,751600,0.0,0.0
2011-08-19 00:00:00-04:00,16.579999923706055,17.15999984741211,16.239999771118164,16.639999389648438,1494200,0.0,0.0
2011-08-22 00:00:00-04:00,17.110000610351562,17.309999465942383,16.649999618530273,16.729999542236328,436700,0.0,0.0
2011-08-23 00:00:00-04:00,16.760000228881836,17.93000030517578,16.6200008392334,17.90999984741211,486300,0.0,0.0
2011-08-24 00:00:00-04:00,17.809999465942383,18.329999923706055,17.610000610351562,18.079999923706055,612000,0.0,0.0
2011-08-25 00:00:00-04:00,18.219999313354492,18.25,17.459999084472656,17.59000015258789,591600,0.0,0.0
2011-08-26 00:00:00-04:00,17.43000030517578,18.459999084472656,17.389999389648438,18.34000015258789,732000,0.0,0.0
2011-08-29 00:00:00-04:00,18.579999923706055,19.450000762939453,18.579999923706055,19.360000610351562,465500,0.0,0.0
2011-08-30 00:00:00-04:00,19.1200008392334,19.329999923706055,18.719999313354492,18.850000381469727,488900,0.0,0.0
2011-08-31 00:00:00-04:00,19.020000457763672,19.260000228881836,18.799999237060547,19.100000381469727,510500,0.0,0.0
2011-09-01 00:00:00-04:00,19.149999618530273,19.350000381469727,18.709999084472656,18.850000381469727,446400,0.0,0.0
2011-09-02 00:00:00-04:00,18.389999389648438,18.790000915527344,17.56999969482422,17.81999969482422,421700,0.0,0.0
2011-09-06 00:00:00-04:00,17.229999542236328,17.6200008392334,17.06999969482422,17.600000381469727,294700,0.0,0.0
2011-09-07 00:00:00-04:00,17.93000030517578,18.59000015258789,17.709999084472656,18.579999923706055,375000,0.0,0.0
2011-09-08 00:00:00-04:00,18.360000610351562,18.559999465942383,17.790000915527344,17.93000030517578,275300,0.0,0.0
2011-09-09 00:00:00-04:00,17.719999313354492,17.719999313354492,16.90999984741211,17.06999969482422,432300,0.0,0.0
2011-09-12 00:00:00-04:00,16.719999313354492,16.760000228881836,16.170000076293945,16.420000076293945,922800,0.0,0.0
2011-09-13 00:00:00-04:00,16.559999465942383,17.290000915527344,16.420000076293945,17.25,781900,0.0,0.0
2011-09-14 00:00:00-04:00,17.3700008392334,17.719999313354492,16.93000030517578,17.43000030517578,392400,0.0,0.0
2011-09-15 00:00:00-04:00,17.639999389648438,17.639999389648438,16.979999542236328,17.450000762939453,492900,0.0,0.0
2011-09-16 00:00:00-04:00,17.59000015258789,17.81999969482422,17.049999237060547,17.149999618530273,641200,0.0,0.0
2011-09-19 00:00:00-04:00,16.729999542236328,16.940000534057617,16.389999389648438,16.639999389648438,442200,0.0,0.0
2011-09-20 00:00:00-04:00,16.719999313354492,17.0,16.100000381469727,16.219999313354492,504900,0.0,0.0
2011-09-21 00:00:00-04:00,16.219999313354492,16.260000228881836,15.529999732971191,15.619999885559082,477400,0.0,0.0
2011-09-22 00:00:00-04:00,15.199999809265137,15.399999618530273,14.6899995803833,15.010000228881836,747600,0.0,0.0
2011-09-23 00:00:00-04:00,15.0,15.279999732971191,14.789999961853027,14.960000038146973,615300,0.0,0.0
2011-09-26 00:00:00-04:00,15.0600004196167,15.350000381469727,14.649999618530273,15.130000114440918,557000,0.0,0.0
2011-09-27 00:00:00-04:00,15.520000457763672,16.290000915527344,15.5,16.030000686645508,947000,0.0,0.0
2011-09-28 00:00:00-04:00,16.0,16.280000686645508,15.520000457763672,15.539999961853027,641300,0.0,0.0
2011-09-29 00:00:00-04:00,15.90999984741211,16.139999389648438,15.350000381469727,15.729999542236328,346900,0.0,0.0
2011-09-30 00:00:00-04:00,15.479999542236328,15.8100004196167,15.149999618530273,15.170000076293945,385900,0.0,0.0
2011-10-03 00:00:00-04:00,15.0,15.489999771118164,14.25,14.260000228881836,736000,0.0,0.0
2011-10-04 00:00:00-04:00,14.260000228881836,16.149999618530273,14.260000228881836,16.079999923706055,1252900,0.0,0.0
2011-10-05 00:00:00-04:00,16.079999923706055,16.25,15.770000457763672,16.100000381469727,450900,0.0,0.0
2011-10-06 00:00:00-04:00,16.09000015258789,16.829999923706055,15.850000381469727,16.790000915527344,627900,0.0,0.0
2011-10-07 00:00:00-04:00,16.809999465942383,17.110000610351562,16.18000030517578,16.200000762939453,606700,0.0,0.0
2011-10-10 00:00:00-04:00,16.520000457763672,17.100000381469727,16.520000457763672,17.030000686645508,569600,0.0,0.0
2011-10-11 00:00:00-04:00,16.8700008392334,17.100000381469727,16.549999237060547,16.760000228881836,688600,0.0,0.0
2011-10-12 00:00:00-04:00,16.790000915527344,16.950000762939453,16.459999084472656,16.700000762939453,428500,0.0,0.0
2011-10-13 00:00:00-04:00,16.600000381469727,16.75,16.040000915527344,16.329999923706055,372500,0.0,0.0
2011-10-14 00:00:00-04:00,16.5,16.56999969482422,16.15999984741211,16.3799991607666,316500,0.0,0.0
2011-10-17 00:00:00-04:00,16.270000457763672,16.469999313354492,15.75,15.829999923706055,526000,0.0,0.0
2011-10-18 00:00:00-04:00,15.850000381469727,16.559999465942383,15.550000190734863,16.399999618530273,688500,0.0,0.0
2011-10-19 00:00:00-04:00,16.3799991607666,16.610000610351562,16.049999237060547,16.1299991607666,383100,0.0,0.0
2011-10-20 00:00:00-04:00,16.1299991607666,16.56999969482422,15.739999771118164,16.520000457763672,408400,0.0,0.0
2011-10-21 00:00:00-04:00,16.8700008392334,17.350000381469727,16.739999771118164,17.31999969482422,486200,0.0,0.0
2011-10-24 00:00:00-04:00,17.3700008392334,18.100000381469727,17.31999969482422,18.040000915527344,420500,0.0,0.0
2011-10-25 00:00:00-04:00,17.81999969482422,17.8799991607666,17.40999984741211,17.56999969482422,571700,0.0,0.0
2011-10-26 00:00:00-04:00,17.81999969482422,17.81999969482422,17.200000762939453,17.260000228881836,933600,0.0,0.0
2011-10-27 00:00:00-04:00,17.889999389648438,18.34000015258789,17.459999084472656,17.809999465942383,1484300,0.0,0.0
2011-10-28 00:00:00-04:00,21.489999771118164,24.0,21.25,23.649999618530273,3976700,0.0,0.0
2011-10-31 00:00:00-04:00,23.15999984741211,23.860000610351562,22.760000228881836,23.030000686645508,1352800,0.0,0.0
2011-11-01 00:00:00-04:00,21.8799991607666,22.5,21.520000457763672,21.719999313354492,1513600,0.0,0.0
2011-11-02 00:00:00-04:00,21.920000076293945,22.209999084472656,21.649999618530273,22.0,597800,0.0,0.0
2011-11-03 00:00:00-04:00,22.059999465942383,22.469999313354492,21.530000686645508,22.34000015258789,551200,0.0,0.0
2011-11-04 00:00:00-04:00,22.0,22.670000076293945,22.0,22.56999969482422,1044200,0.0,0.0
2011-11-07 00:00:00-05:00,22.549999237060547,23.0,22.420000076293945,22.979999542236328,540500,0.0,0.0
2011-11-08 00:00:00-05:00,23.0,23.190000534057617,22.350000381469727,22.8799991607666,712100,0.0,0.0
2011-11-09 00:00:00-05:00,22.100000381469727,22.549999237060547,21.700000762939453,21.940000534057617,654400,0.0,0.0
2011-11-10 00:00:00-05:00,22.329999923706055,22.479999542236328,21.709999084472656,22.040000915527344,496400,0.0,0.0
2011-11-11 00:00:00-05:00,22.290000915527344,23.110000610351562,22.049999237060547,23.030000686645508,642800,0.0,0.0
2011-11-14 00:00:00-05:00,22.780000686645508,23.459999084472656,22.40999984741211,23.1200008392334,613900,0.0,0.0
2011-11-15 00:00:00-05:00,22.8799991607666,23.290000915527344,22.56999969482422,23.100000381469727,640200,0.0,0.0
2011-11-16 00:00:00-05:00,22.850000381469727,23.18000030517578,22.270000457763672,22.309999465942383,564200,0.0,0.0
2011-11-17 00:00:00-05:00,22.260000228881836,23.030000686645508,21.8799991607666,22.25,585700,0.0,0.0
2011-11-18 00:00:00-05:00,22.350000381469727,22.799999237060547,22.200000762939453,22.43000030517578,624200,0.0,0.0
2011-11-21 00:00:00-05:00,22.059999465942383,22.489999771118164,21.760000228881836,22.440000534057617,586900,0.0,0.0
2011-11-22 00:00:00-05:00,22.3799991607666,22.799999237060547,22.18000030517578,22.260000228881836,391800,0.0,0.0
2011-11-23 00:00:00-05:00,22.09000015258789,22.290000915527344,21.43000030517578,21.549999237060547,430300,0.0,0.0
2011-11-25 00:00:00-05:00,21.479999542236328,21.780000686645508,21.200000762939453,21.229999542236328,119500,0.0,0.0
2011-11-28 00:00:00-05:00,22.0,22.950000762939453,21.829999923706055,22.8799991607666,591600,0.0,0.0
2011-11-29 00:00:00-05:00,22.84000015258789,23.049999237060547,22.59000015258789,22.809999465942383,497600,0.0,0.0
2011-11-30 00:00:00-05:00,23.329999923706055,24.989999771118164,22.950000762939453,24.5,1271900,0.0,0.0
2011-12-01 00:00:00-05:00,24.3700008392334,24.81999969482422,24.239999771118164,24.5,766700,0.0,0.0
2011-12-02 00:00:00-05:00,24.729999542236328,25.010000228881836,24.270000457763672,24.3700008392334,942100,0.0,0.0
2011-12-05 00:00:00-05:00,24.770000457763672,24.979999542236328,24.18000030517578,24.479999542236328,403900,0.0,0.0
2011-12-06 00:00:00-05:00,24.43000030517578,25.010000228881836,24.06999969482422,24.850000381469727,603100,0.0,0.0
2011-12-07 00:00:00-05:00,24.700000762939453,25.110000610351562,24.280000686645508,25.049999237060547,818900,0.0,0.0
2011-12-08 00:00:00-05:00,24.90999984741211,25.100000381469727,24.40999984741211,24.450000762939453,694800,0.0,0.0
2011-12-09 00:00:00-05:00,24.469999313354492,25.579999923706055,24.18000030517578,25.40999984741211,774300,0.0,0.0
2011-12-12 00:00:00-05:00,25.010000228881836,25.010000228881836,24.190000534057617,24.639999389648438,411000,0.0,0.0
2011-12-13 00:00:00-05:00,24.760000228881836,24.93000030517578,23.56999969482422,23.850000381469727,478300,0.0,0.0
2011-12-14 00:00:00-05:00,23.68000030517578,23.770000457763672,23.1299991607666,23.18000030517578,733200,0.0,0.0
2011-12-15 00:00:00-05:00,23.530000686645508,23.780000686645508,23.149999618530273,23.6299991607666,570600,0.0,0.0
2011-12-16 00:00:00-05:00,23.940000534057617,24.479999542236328,23.809999465942383,23.950000762939453,1157500,0.0,0.0
2011-12-19 00:00:00-05:00,24.0,24.40999984741211,23.68000030517578,23.799999237060547,638400,0.0,0.0
2011-12-20 00:00:00-05:00,24.299999237060547,25.0,23.649999618530273,24.959999084472656,716300,0.0,0.0
2011-12-21 00:00:00-05:00,24.790000915527344,24.989999771118164,24.299999237060547,24.600000381469727,693500,0.0,0.0
2011-12-22 00:00:00-05:00,24.6200008392334,25.1200008392334,24.450000762939453,24.719999313354492,363300,0.0,0.0
2011-12-23 00:00:00-05:00,24.850000381469727,24.979999542236328,24.309999465942383,24.540000915527344,410400,0.0,0.0
2011-12-27 00:00:00-05:00,24.5,24.989999771118164,24.5,24.8700008392334,450200,0.0,0.0
2011-12-28 00:00:00-05:00,24.809999465942383,24.8700008392334,23.6299991607666,23.729999542236328,667800,0.0,0.0
2011-12-29 00:00:00-05:00,23.799999237060547,24.18000030517578,23.6299991607666,24.020000457763672,590800,0.0,0.0
2011-12-30 00:00:00-05:00,24.020000457763672,24.059999465942383,23.5,23.729999542236328,696200,0.0,0.0
2012-01-03 00:00:00-05:00,24.239999771118164,24.65999984741211,23.8799991607666,23.950000762939453,372300,0.0,0.0
2012-01-04 00:00:00-05:00,23.920000076293945,24.579999923706055,23.799999237060547,24.40999984741211,454700,0.0,0.0
2012-01-05 00:00:00-05:00,24.280000686645508,24.610000610351562,23.790000915527344,24.190000534057617,500400,0.0,0.0
2012-01-06 00:00:00-05:00,24.1200008392334,24.200000762939453,23.639999389648438,23.709999084472656,591500,0.0,0.0
2012-01-09 00:00:00-05:00,23.579999923706055,23.579999923706055,22.389999389648438,22.670000076293945,1853700,0.0,0.0
2012-01-10 00:00:00-05:00,23.079999923706055,23.479999542236328,22.700000762939453,23.329999923706055,1207300,0.0,0.0
2012-01-11 00:00:00-05:00,23.219999313354492,24.049999237060547,23.219999313354492,23.950000762939453,638600,0.0,0.0
2012-01-12 00:00:00-05:00,24.06999969482422,24.760000228881836,23.899999618530273,24.709999084472656,562900,0.0,0.0
2012-01-13 00:00:00-05:00,24.31999969482422,24.6200008392334,23.829999923706055,24.079999923706055,619600,0.0,0.0
2012-01-17 00:00:00-05:00,24.25,25.3799991607666,24.170000076293945,24.90999984741211,757300,0.0,0.0
2012-01-18 00:00:00-05:00,24.90999984741211,25.1200008392334,24.510000228881836,24.790000915527344,486900,0.0,0.0
2012-01-19 00:00:00-05:00,24.719999313354492,25.329999923706055,24.65999984741211,25.239999771118164,551200,0.0,0.0
2012-01-20 00:00:00-05:00,25.209999084472656,25.299999237060547,25.010000228881836,25.200000762939453,351900,0.0,0.0
2012-01-23 00:00:00-05:00,25.139999389648438,25.459999084472656,24.8700008392334,25.0,410100,0.0,0.0
2012-01-24 00:00:00-05:00,24.93000030517578,25.299999237060547,24.389999389648438,24.90999984741211,848100,0.0,0.0
2012-01-25 00:00:00-05:00,24.940000534057617,24.959999084472656,24.530000686645508,24.799999237060547,759400,0.0,0.0
2012-01-26 00:00:00-05:00,25.059999465942383,25.209999084472656,24.770000457763672,24.950000762939453,559800,0.0,0.0
2012-01-27 00:00:00-05:00,24.780000686645508,25.75,24.540000915527344,25.549999237060547,746100,0.0,0.0
2012-01-30 00:00:00-05:00,25.479999542236328,25.75,25.139999389648438,25.3799991607666,1121700,0.0,0.0
2012-01-31 00:00:00-05:00,24.079999923706055,24.889999389648438,23.420000076293945,23.559999465942383,2936100,0.0,0.0
2012-02-01 00:00:00-05:00,23.579999923706055,24.43000030517578,23.399999618530273,24.3799991607666,1212600,0.0,0.0
2012-02-02 00:00:00-05:00,24.280000686645508,24.8700008392334,24.010000228881836,24.75,1013700,0.0,0.0
2012-02-03 00:00:00-05:00,25.09000015258789,25.65999984741211,24.8700008392334,25.43000030517578,810200,0.0,0.0
2012-02-06 00:00:00-05:00,25.1200008392334,25.920000076293945,25.079999923706055,25.860000610351562,701800,0.0,0.0
2012-02-07 00:00:00-05:00,25.8799991607666,26.06999969482422,25.6299991607666,25.920000076293945,540000,0.0,0.0
2012-02-08 00:00:00-05:00,25.950000762939453,27.1200008392334,25.510000228881836,27.079999923706055,1274400,0.0,0.0
2012-02-09 00:00:00-05:00,27.0,27.09000015258789,26.0,26.059999465942383,727200,0.0,0.0
2012-02-10 00:00:00-05:00,25.700000762939453,26.15999984741211,25.170000076293945,26.020000457763672,370000,0.0,0.0
2012-02-13 00:00:00-05:00,26.43000030517578,26.639999389648438,26.200000762939453,26.43000030517578,345900,0.0,0.0
2012-02-14 00:00:00-05:00,26.200000762939453,26.469999313354492,26.059999465942383,26.469999313354492,306100,0.0,0.0
2012-02-15 00:00:00-05:00,26.530000686645508,26.59000015258789,26.100000381469727,26.360000610351562,343400,0.0,0.0
2012-02-16 00:00:00-05:00,26.520000457763672,27.100000381469727,26.309999465942383,27.06999969482422,686300,0.0,0.0
2012-02-17 00:00:00-05:00,27.010000228881836,27.239999771118164,26.8799991607666,27.219999313354492,688500,0.0,0.0
2012-02-21 00:00:00-05:00,27.489999771118164,27.75,26.510000228881836,26.829999923706055,842400,0.0,0.0
2012-02-22 00:00:00-05:00,25.700000762939453,26.719999313354492,25.700000762939453,26.530000686645508,630200,0.0,0.0
2012-02-23 00:00:00-05:00,26.530000686645508,26.8700008392334,26.389999389648438,26.5,620500,0.0,0.0
2012-02-24 00:00:00-05:00,26.510000228881836,26.799999237060547,26.3799991607666,26.6200008392334,400400,0.0,0.0
2012-02-27 00:00:00-05:00,26.469999313354492,27.190000534057617,26.219999313354492,27.1200008392334,729300,0.0,0.0
2012-02-28 00:00:00-05:00,27.25,27.450000762939453,26.34000015258789,26.739999771118164,776700,0.0,0.0
2012-02-29 00:00:00-05:00,26.739999771118164,26.920000076293945,25.350000381469727,25.610000610351562,1060200,0.0,0.0
2012-03-01 00:00:00-05:00,25.940000534057617,26.34000015258789,25.399999618530273,26.18000030517578,887800,0.0,0.0
2012-03-02 00:00:00-05:00,26.190000534057617,26.479999542236328,25.940000534057617,25.989999771118164,932900,0.0,0.0
2012-03-05 00:00:00-05:00,26.059999465942383,26.139999389648438,25.739999771118164,25.889999389648438,517700,0.0,0.0
2012-03-06 00:00:00-05:00,25.68000030517578,26.219999313354492,25.079999923706055,25.350000381469727,696800,0.0,0.0
2012-03-07 00:00:00-05:00,25.450000762939453,25.799999237060547,25.43000030517578,25.770000457763672,278000,0.0,0.0
2012-03-08 00:00:00-05:00,26.049999237060547,26.6299991607666,25.760000228881836,26.5,401300,0.0,0.0
2012-03-09 00:00:00-05:00,26.479999542236328,27.0,26.3700008392334,26.600000381469727,293700,0.0,0.0
2012-03-12 00:00:00-04:00,26.690000534057617,26.690000534057617,25.770000457763672,26.040000915527344,404800,0.0,0.0
2012-03-13 00:00:00-04:00,26.290000915527344,27.139999389648438,26.09000015258789,27.09000015258789,414600,0.0,0.0
2012-03-14 00:00:00-04:00,27.0,27.25,26.75,26.850000381469727,695900,0.0,0.0
2012-03-15 00:00:00-04:00,26.799999237060547,27.190000534057617,26.649999618530273,27.190000534057617,182900,0.0,0.0
2012-03-16 00:00:00-04:00,27.25,27.25,26.850000381469727,27.06999969482422,455300,0.0,0.0
2012-03-19 00:00:00-04:00,27.0,27.09000015258789,26.639999389648438,26.739999771118164,347600,0.0,0.0
2012-03-20 00:00:00-04:00,26.489999771118164,26.600000381469727,26.260000228881836,26.399999618530273,351600,0.0,0.0
2012-03-21 00:00:00-04:00,26.479999542236328,27.09000015258789,26.299999237060547,26.790000915527344,440000,0.0,0.0
2012-03-22 00:00:00-04:00,26.56999969482422,26.709999084472656,25.979999542236328,26.1299991607666,299100,0.0,0.0
2012-03-23 00:00:00-04:00,26.1299991607666,26.81999969482422,25.889999389648438,26.799999237060547,280000,0.0,0.0
2012-03-26 00:00:00-04:00,27.059999465942383,28.5,27.059999465942383,28.239999771118164,943700,0.0,0.0
2012-03-27 00:00:00-04:00,28.3700008392334,28.5,27.940000534057617,28.1299991607666,1001300,0.0,0.0
2012-03-28 00:00:00-04:00,28.170000076293945,28.690000534057617,27.520000457763672,27.90999984741211,684400,0.0,0.0
2012-03-29 00:00:00-04:00,27.65999984741211,27.8799991607666,27.190000534057617,27.25,626700,0.0,0.0
2012-03-30 00:00:00-04:00,27.59000015258789,27.959999084472656,27.450000762939453,27.549999237060547,674200,0.0,0.0
2012-04-02 00:00:00-04:00,27.399999618530273,28.719999313354492,27.309999465942383,28.700000762939453,681700,0.0,0.0
2012-04-03 00:00:00-04:00,28.690000534057617,29.649999618530273,28.40999984741211,28.670000076293945,1007600,0.0,0.0
2012-04-04 00:00:00-04:00,28.239999771118164,28.649999618530273,27.5,27.68000030517578,557700,0.0,0.0
2012-04-05 00:00:00-04:00,27.469999313354492,27.8799991607666,27.40999984741211,27.739999771118164,251400,0.0,0.0
2012-04-09 00:00:00-04:00,27.290000915527344,27.579999923706055,27.1200008392334,27.25,295900,0.0,0.0
2012-04-10 00:00:00-04:00,27.239999771118164,27.3700008392334,26.059999465942383,26.329999923706055,644300,0.0,0.0
2012-04-11 00:00:00-04:00,26.690000534057617,26.770000457763672,26.299999237060547,26.75,496900,0.0,0.0
2012-04-12 00:00:00-04:00,26.809999465942383,27.489999771118164,26.809999465942383,27.270000457763672,322400,0.0,0.0
2012-04-13 00:00:00-04:00,27.020000457763672,27.020000457763672,26.510000228881836,26.729999542236328,287600,0.0,0.0
2012-04-16 00:00:00-04:00,26.770000457763672,27.0,26.260000228881836,26.809999465942383,484700,0.0,0.0
2012-04-17 00:00:00-04:00,27.170000076293945,28.010000228881836,27.1200008392334,27.850000381469727,669100,0.0,0.0
2012-04-18 00:00:00-04:00,27.6299991607666,28.31999969482422,27.31999969482422,28.299999237060547,976800,0.0,0.0
2012-04-19 00:00:00-04:00,28.399999618530273,28.670000076293945,27.68000030517578,28.110000610351562,1084500,0.0,0.0
2012-04-20 00:00:00-04:00,28.530000686645508,28.530000686645508,27.780000686645508,27.940000534057617,585100,0.0,0.0
2012-04-23 00:00:00-04:00,27.5,27.520000457763672,26.850000381469727,27.440000534057617,1400800,0.0,0.0
2012-04-24 00:00:00-04:00,32.86000061035156,34.290000915527344,31.010000228881836,31.760000228881836,5048400,0.0,0.0
2012-04-25 00:00:00-04:00,31.90999984741211,32.13999938964844,31.579999923706055,31.829999923706055,1491800,0.0,0.0
2012-04-26 00:00:00-04:00,31.489999771118164,31.809999465942383,31.239999771118164,31.450000762939453,1266000,0.0,0.0
2012-04-27 00:00:00-04:00,31.25,32.290000915527344,31.25,31.959999084472656,966700,0.0,0.0
2012-04-30 00:00:00-04:00,31.90999984741211,32.09000015258789,31.520000457763672,31.709999084472656,580200,0.0,0.0
2012-05-01 00:00:00-04:00,31.579999923706055,32.54999923706055,31.520000457763672,32.099998474121094,1059400,0.0,0.0
2012-05-02 00:00:00-04:00,31.729999542236328,32.459999084472656,31.360000610351562,32.43000030517578,1241000,0.0,0.0
2012-05-03 00:00:00-04:00,32.40999984741211,32.5,32.02000045776367,32.310001373291016,947100,0.0,0.0
2012-05-04 00:00:00-04:00,32.099998474121094,32.099998474121094,31.170000076293945,31.479999542236328,526200,0.0,0.0
2012-05-07 00:00:00-04:00,31.219999313354492,31.760000228881836,31.139999389648438,31.600000381469727,412000,0.0,0.0
2012-05-08 00:00:00-04:00,31.270000457763672,31.540000915527344,30.770000457763672,31.459999084472656,683200,0.0,0.0
2012-05-09 00:00:00-04:00,31.059999465942383,31.600000381469727,30.709999084472656,31.440000534057617,601700,0.0,0.0
2012-05-10 00:00:00-04:00,31.649999618530273,31.649999618530273,30.639999389648438,31.1299991607666,738000,0.0,0.0
2012-05-11 00:00:00-04:00,30.8700008392334,31.3799991607666,30.600000381469727,30.799999237060547,1269800,0.0,0.0
2012-05-14 00:00:00-04:00,30.6299991607666,30.84000015258789,30.260000228881836,30.59000015258789,687200,0.0,0.0
2012-05-15 00:00:00-04:00,30.760000228881836,31.459999084472656,30.25,31.25,907600,0.0,0.0
2012-05-16 00:00:00-04:00,31.25,31.399999618530273,30.780000686645508,30.889999389648438,685200,0.0,0.0
2012-05-17 00:00:00-04:00,30.979999542236328,31.149999618530273,30.229999542236328,30.31999969482422,876100,0.0,0.0
2012-05-18 00:00:00-04:00,30.329999923706055,30.389999389648438,28.860000610351562,29.719999313354492,1368100,0.0,0.0
2012-05-21 00:00:00-04:00,29.959999084472656,31.270000457763672,29.829999923706055,31.209999084472656,1078400,0.0,0.0
2012-05-22 00:00:00-04:00,31.459999084472656,32.16999816894531,31.010000228881836,31.209999084472656,1203300,0.0,0.0
2012-05-23 00:00:00-04:00,30.6200008392334,31.43000030517578,30.1299991607666,31.229999542236328,812000,0.0,0.0
2012-05-24 00:00:00-04:00,31.459999084472656,32.08000183105469,30.950000762939453,31.510000228881836,869300,0.0,0.0
2012-05-25 00:00:00-04:00,31.43000030517578,31.8799991607666,31.190000534057617,31.850000381469727,500000,0.0,0.0
2012-05-29 00:00:00-04:00,32.099998474121094,32.900001525878906,32.0099983215332,32.2599983215332,1037400,0.0,0.0
2012-05-30 00:00:00-04:00,31.90999984741211,32.029998779296875,31.280000686645508,31.399999618530273,770000,0.0,0.0
2012-05-31 00:00:00-04:00,31.459999084472656,31.579999923706055,30.610000610351562,31.229999542236328,1000300,0.0,0.0
2012-06-01 00:00:00-04:00,30.420000076293945,30.5,29.360000610351562,29.56999969482422,1149600,0.0,0.0
2012-06-04 00:00:00-04:00,29.719999313354492,29.950000762939453,28.6200008392334,28.8700008392334,1159700,0.0,0.0
2012-06-05 00:00:00-04:00,28.84000015258789,30.190000534057617,28.84000015258789,30.100000381469727,1017800,0.0,0.0
2012-06-06 00:00:00-04:00,30.540000915527344,31.25,30.43000030517578,31.219999313354492,731900,0.0,0.0
2012-06-07 00:00:00-04:00,31.81999969482422,31.8799991607666,30.270000457763672,30.31999969482422,792300,0.0,0.0
2012-06-08 00:00:00-04:00,30.15999984741211,31.020000457763672,29.8700008392334,30.860000610351562,577800,0.0,0.0
2012-06-11 00:00:00-04:00,31.399999618530273,31.399999618530273,30.190000534057617,30.209999084472656,939100,0.0,0.0
2012-06-12 00:00:00-04:00,30.479999542236328,30.790000915527344,29.8700008392334,30.510000228881836,726700,0.0,0.0
2012-06-13 00:00:00-04:00,30.469999313354492,31.5,30.229999542236328,31.100000381469727,1302900,0.0,0.0
2012-06-14 00:00:00-04:00,31.100000381469727,31.6299991607666,30.600000381469727,31.170000076293945,672900,0.0,0.0
2012-06-15 00:00:00-04:00,31.049999237060547,31.809999465942383,30.959999084472656,31.739999771118164,811900,0.0,0.0
2012-06-18 00:00:00-04:00,31.760000228881836,35.099998474121094,31.719999313354492,33.25,3793100,0.0,0.0
2012-06-19 00:00:00-04:00,33.869998931884766,35.150001525878906,33.81999969482422,34.72999954223633,2221300,0.0,0.0
2012-06-20 00:00:00-04:00,34.869998931884766,34.90999984741211,33.70000076293945,34.38999938964844,2187500,0.0,0.0
2012-06-21 00:00:00-04:00,34.27000045776367,34.5099983215332,32.599998474121094,32.810001373291016,1482800,0.0,0.0
2012-06-22 00:00:00-04:00,32.97999954223633,33.09000015258789,31.170000076293945,32.79999923706055,3113200,0.0,0.0
2012-06-25 00:00:00-04:00,32.380001068115234,32.56999969482422,31.290000915527344,31.93000030517578,996400,0.0,0.0
2012-06-26 00:00:00-04:00,31.90999984741211,32.630001068115234,31.5,32.38999938964844,742200,0.0,0.0
2012-06-27 00:00:00-04:00,32.63999938964844,33.11000061035156,32.22999954223633,32.40999984741211,756500,0.0,0.0
2012-06-28 00:00:00-04:00,32.0,32.529998779296875,31.3700008392334,31.899999618530273,686200,0.0,0.0
2012-06-29 00:00:00-04:00,32.75,33.459999084472656,32.290000915527344,33.459999084472656,1022100,0.0,0.0
2012-07-02 00:00:00-04:00,34.25,35.41999816894531,33.68000030517578,35.220001220703125,2133500,0.0,0.0
2012-07-03 00:00:00-04:00,35.529998779296875,35.560001373291016,34.79999923706055,35.040000915527344,717100,0.0,0.0
2012-07-05 00:00:00-04:00,35.0,35.54999923706055,34.61000061035156,34.939998626708984,674300,0.0,0.0
2012-07-06 00:00:00-04:00,34.75,34.810001373291016,34.0,34.20000076293945,604500,0.0,0.0
2012-07-09 00:00:00-04:00,34.189998626708984,34.810001373291016,34.119998931884766,34.63999938964844,843400,0.0,0.0
2012-07-10 00:00:00-04:00,34.900001525878906,35.470001220703125,33.36000061035156,33.59000015258789,1398100,0.0,0.0
2012-07-11 00:00:00-04:00,33.52000045776367,33.599998474121094,32.439998626708984,32.77000045776367,981800,0.0,0.0
2012-07-12 00:00:00-04:00,32.22999954223633,32.40999984741211,31.219999313354492,31.579999923706055,1537300,0.0,0.0
2012-07-13 00:00:00-04:00,31.84000015258789,31.860000610351562,31.450000762939453,31.65999984741211,884300,0.0,0.0
2012-07-16 00:00:00-04:00,31.469999313354492,31.469999313354492,30.020000457763672,30.979999542236328,2177000,0.0,0.0
2012-07-17 00:00:00-04:00,31.200000762939453,31.3799991607666,30.1200008392334,30.889999389648438,1391800,0.0,0.0
2012-07-18 00:00:00-04:00,30.760000228881836,31.280000686645508,30.1200008392334,30.860000610351562,1630100,0.0,0.0
2012-07-19 00:00:00-04:00,31.100000381469727,32.0,30.790000915527344,31.700000762939453,2999900,0.0,0.0
2012-07-20 00:00:00-04:00,31.209999084472656,34.29999923706055,31.0,34.18000030517578,5130400,0.0,0.0
2012-07-23 00:00:00-04:00,33.349998474121094,33.77000045776367,33.040000915527344,33.650001525878906,1601100,0.0,0.0
2012-07-24 00:00:00-04:00,33.5099983215332,33.849998474121094,32.86000061035156,33.15999984741211,1511300,0.0,0.0
2012-07-25 00:00:00-04:00,33.130001068115234,34.40999984741211,33.130001068115234,34.2599983215332,2371100,0.0,0.0
2012-07-26 00:00:00-04:00,34.790000915527344,35.400001525878906,34.540000915527344,35.0,1870500,0.0,0.0
2012-07-27 00:00:00-04:00,35.029998779296875,36.040000915527344,35.029998779296875,35.81999969482422,1905500,0.0,0.0
2012-07-30 00:00:00-04:00,36.060001373291016,36.099998474121094,34.13999938964844,34.34000015258789,1721500,0.0,0.0
2012-07-31 00:00:00-04:00,34.439998626708984,35.04999923706055,33.939998626708984,33.959999084472656,1238300,0.0,0.0
2012-08-01 00:00:00-04:00,34.08000183105469,34.5,33.43000030517578,33.56999969482422,1079300,0.0,0.0
2012-08-02 00:00:00-04:00,33.72999954223633,33.86000061035156,32.5,33.560001373291016,922600,0.0,0.0
2012-08-03 00:00:00-04:00,34.25,34.849998474121094,34.18000030517578,34.29999923706055,946400,0.0,0.0
2012-08-06 00:00:00-04:00,35.099998474121094,35.15999984741211,34.22999954223633,34.2599983215332,682400,0.0,0.0
2012-08-07 00:00:00-04:00,34.380001068115234,35.77000045776367,34.380001068115234,35.290000915527344,917700,0.0,0.0
2012-08-08 00:00:00-04:00,34.95000076293945,35.20000076293945,34.40999984741211,34.59000015258789,544900,0.0,0.0
2012-08-09 00:00:00-04:00,34.59000015258789,34.90999984741211,34.31999969482422,34.720001220703125,614900,0.0,0.0
2012-08-10 00:00:00-04:00,34.56999969482422,34.599998474121094,34.209999084472656,34.439998626708984,303300,0.0,0.0
2012-08-13 00:00:00-04:00,34.5,34.52000045776367,33.52000045776367,34.040000915527344,483400,0.0,0.0
2012-08-14 00:00:00-04:00,34.290000915527344,34.849998474121094,34.06999969482422,34.27000045776367,573800,0.0,0.0
2012-08-15 00:00:00-04:00,34.08000183105469,34.34000015258789,33.810001373291016,34.25,434600,0.0,0.0
2012-08-16 00:00:00-04:00,34.29999923706055,34.47999954223633,33.72999954223633,34.310001373291016,402700,0.0,0.0
2012-08-17 00:00:00-04:00,34.2599983215332,34.68000030517578,34.0,34.66999816894531,552300,0.0,0.0
2012-08-20 00:00:00-04:00,34.72999954223633,35.04999923706055,33.540000915527344,33.970001220703125,985300,0.0,0.0
2012-08-21 00:00:00-04:00,34.0099983215332,34.529998779296875,33.849998474121094,34.06999969482422,825100,0.0,0.0
2012-08-22 00:00:00-04:00,34.099998474121094,34.16999816894531,33.560001373291016,33.779998779296875,600000,0.0,0.0
2012-08-23 00:00:00-04:00,33.650001525878906,33.88999938964844,32.130001068115234,32.400001525878906,1271500,0.0,0.0
2012-08-24 00:00:00-04:00,32.220001220703125,33.29999923706055,32.16999816894531,32.88999938964844,796500,0.0,0.0
2012-08-27 00:00:00-04:00,32.93000030517578,33.15999984741211,32.41999816894531,32.81999969482422,643300,0.0,0.0
2012-08-28 00:00:00-04:00,32.75,33.849998474121094,32.599998474121094,33.599998474121094,1234300,0.0,0.0
2012-08-29 00:00:00-04:00,33.599998474121094,34.04999923706055,33.189998626708984,33.9900016784668,545800,0.0,0.0
2012-08-30 00:00:00-04:00,33.65999984741211,34.060001373291016,33.41999816894531,33.83000183105469,856300,0.0,0.0
2012-08-31 00:00:00-04:00,33.88999938964844,34.5,33.81999969482422,33.95000076293945,822200,0.0,0.0
2012-09-04 00:00:00-04:00,33.91999816894531,35.400001525878906,33.709999084472656,35.18000030517578,740800,0.0,0.0
2012-09-05 00:00:00-04:00,34.970001220703125,35.84000015258789,34.970001220703125,35.63999938964844,1305200,0.0,0.0
2012-09-06 00:00:00-04:00,35.95000076293945,37.720001220703125,35.779998779296875,37.369998931884766,1660400,0.0,0.0
2012-09-07 00:00:00-04:00,37.7400016784668,38.2400016784668,37.36000061035156,37.91999816894531,1167800,0.0,0.0
2012-09-10 00:00:00-04:00,37.91999816894531,37.970001220703125,37.27000045776367,37.47999954223633,855200,0.0,0.0
2012-09-11 00:00:00-04:00,37.810001373291016,38.7400016784668,37.560001373291016,38.099998474121094,1202100,0.0,0.0
2012-09-12 00:00:00-04:00,38.33000183105469,38.7400016784668,38.08000183105469,38.5099983215332,1220800,0.0,0.0
2012-09-13 00:00:00-04:00,38.61000061035156,39.81999969482422,38.099998474121094,39.16999816894531,867900,0.0,0.0
2012-09-14 00:00:00-04:00,39.18000030517578,39.5,37.810001373291016,38.220001220703125,1302000,0.0,0.0
2012-09-17 00:00:00-04:00,37.41999816894531,37.90999984741211,36.33000183105469,37.54999923706055,1294000,0.0,0.0
2012-09-18 00:00:00-04:00,37.400001525878906,37.58000183105469,37.02000045776367,37.459999084472656,739500,0.0,0.0
2012-09-19 00:00:00-04:00,37.68000030517578,37.68000030517578,36.9900016784668,37.029998779296875,664000,0.0,0.0
2012-09-20 00:00:00-04:00,36.849998474121094,36.849998474121094,36.02000045776367,36.52000045776367,1288700,0.0,0.0
2012-09-21 00:00:00-04:00,37.02000045776367,37.849998474121094,36.68000030517578,37.83000183105469,1618600,0.0,0.0
2012-09-24 00:00:00-04:00,37.63999938964844,37.7400016784668,37.130001068115234,37.33000183105469,712700,0.0,0.0
2012-09-25 00:00:00-04:00,37.65999984741211,38.22999954223633,37.119998931884766,37.22999954223633,779000,0.0,0.0
2012-09-26 00:00:00-04:00,37.220001220703125,37.40999984741211,36.290000915527344,36.72999954223633,612500,0.0,0.0
2012-09-27 00:00:00-04:00,36.970001220703125,37.599998474121094,36.619998931884766,37.56999969482422,567400,0.0,0.0
2012-09-28 00:00:00-04:00,37.279998779296875,37.40999984741211,36.779998779296875,36.970001220703125,541100,0.0,0.0
2012-10-01 00:00:00-04:00,37.16999816894531,38.459999084472656,37.150001525878906,38.0,1444400,0.0,0.0
2012-10-02 00:00:00-04:00,38.33000183105469,38.5,37.83000183105469,38.15999984741211,836800,0.0,0.0
2012-10-03 00:00:00-04:00,37.380001068115234,38.33000183105469,37.380001068115234,38.119998931884766,971200,0.0,0.0
2012-10-04 00:00:00-04:00,38.439998626708984,38.900001525878906,38.06999969482422,38.900001525878906,720900,0.0,0.0
2012-10-05 00:00:00-04:00,39.11000061035156,39.38999938964844,38.02000045776367,38.13999938964844,525000,0.0,0.0
2012-10-08 00:00:00-04:00,38.0,38.369998931884766,37.599998474121094,38.09000015258789,756800,0.0,0.0
2012-10-09 00:00:00-04:00,38.22999954223633,38.2599983215332,36.630001068115234,37.029998779296875,743000,0.0,0.0
2012-10-10 00:00:00-04:00,37.0,37.40999984741211,36.33000183105469,36.56999969482422,703900,0.0,0.0
2012-10-11 00:00:00-04:00,37.060001373291016,37.150001525878906,36.099998474121094,36.900001525878906,1336000,0.0,0.0
2012-10-12 00:00:00-04:00,37.040000915527344,37.33000183105469,36.54999923706055,36.560001373291016,313200,0.0,0.0
2012-10-15 00:00:00-04:00,36.68000030517578,37.04999923706055,36.59000015258789,36.869998931884766,564000,0.0,0.0
2012-10-16 00:00:00-04:00,37.04999923706055,38.310001373291016,36.93000030517578,38.27000045776367,842500,0.0,0.0
2012-10-17 00:00:00-04:00,38.27000045776367,38.43000030517578,34.54999923706055,35.40999984741211,6821300,0.0,0.0
2012-10-18 00:00:00-04:00,27.6299991607666,28.3799991607666,25.329999923706055,28.18000030517578,20905400,0.0,0.0
2012-10-19 00:00:00-04:00,27.770000457763672,28.969999313354492,27.399999618530273,27.68000030517578,5212400,0.0,0.0
2012-10-22 00:00:00-04:00,27.420000076293945,28.149999618530273,27.3700008392334,27.59000015258789,2314600,0.0,0.0
2012-10-23 00:00:00-04:00,27.06999969482422,27.420000076293945,26.760000228881836,26.920000076293945,1293800,0.0,0.0
2012-10-24 00:00:00-04:00,27.010000228881836,27.559999465942383,26.780000686645508,26.8799991607666,1042900,0.0,0.0
2012-10-25 00:00:00-04:00,27.010000228881836,27.3700008392334,26.309999465942383,26.489999771118164,1221800,0.0,0.0
2012-10-26 00:00:00-04:00,26.530000686645508,26.770000457763672,25.940000534057617,26.09000015258789,2187900,0.0,0.0
2012-10-31 00:00:00-04:00,26.40999984741211,26.639999389648438,26.100000381469727,26.56999969482422,1200700,0.0,0.0
2012-11-01 00:00:00-04:00,26.549999237060547,26.829999923706055,26.270000457763672,26.420000076293945,1437600,0.0,0.0
2012-11-02 00:00:00-04:00,26.540000915527344,26.729999542236328,25.969999313354492,25.979999542236328,1393900,0.0,0.0
2012-11-05 00:00:00-05:00,26.31999969482422,26.329999923706055,25.639999389648438,26.209999084472656,1131900,0.0,0.0
2012-11-06 00:00:00-05:00,26.40999984741211,26.68000030517578,25.8700008392334,26.030000686645508,930900,0.0,0.0
2012-11-07 00:00:00-05:00,25.84000015258789,25.8700008392334,25.059999465942383,25.690000534057617,1912400,0.0,0.0
2012-11-08 00:00:00-05:00,25.920000076293945,26.389999389648438,25.700000762939453,26.229999542236328,2355100,0.0,0.0
2012-11-09 00:00:00-05:00,26.010000228881836,26.239999771118164,25.6200008392334,25.8799991607666,1405400,0.0,0.0
2012-11-12 00:00:00-05:00,26.079999923706055,26.84000015258789,25.8700008392334,26.510000228881836,1235700,0.0,0.0
2012-11-13 00:00:00-05:00,26.389999389648438,26.81999969482422,26.139999389648438,26.420000076293945,1043100,0.0,0.0
2012-11-14 00:00:00-05:00,26.420000076293945,26.510000228881836,25.649999618530273,25.649999618530273,1398100,0.0,0.0
2012-11-15 00:00:00-05:00,25.75,25.899999618530273,24.770000457763672,25.389999389648438,1590500,0.0,0.0
2012-11-16 00:00:00-05:00,25.399999618530273,26.149999618530273,25.1200008392334,26.1200008392334,1891300,0.0,0.0
2012-11-19 00:00:00-05:00,26.440000534057617,26.770000457763672,26.270000457763672,26.709999084472656,1003800,0.0,0.0
2012-11-20 00:00:00-05:00,26.309999465942383,26.75,26.1200008392334,26.719999313354492,1063800,0.0,0.0
2012-11-21 00:00:00-05:00,26.729999542236328,27.110000610351562,26.600000381469727,26.8700008392334,871900,0.0,0.0
2012-11-23 00:00:00-05:00,26.979999542236328,27.440000534057617,26.93000030517578,27.40999984741211,310100,0.0,0.0
2012-11-26 00:00:00-05:00,27.399999618530273,27.489999771118164,26.84000015258789,26.989999771118164,863900,0.0,0.0
2012-11-27 00:00:00-05:00,26.989999771118164,27.260000228881836,26.850000381469727,26.899999618530273,999500,0.0,0.0
2012-11-28 00:00:00-05:00,26.690000534057617,26.899999618530273,26.510000228881836,26.799999237060547,633600,0.0,0.0
2012-11-29 00:00:00-05:00,26.899999618530273,27.540000915527344,26.889999389648438,27.469999313354492,1067200,0.0,0.0
2012-11-30 00:00:00-05:00,27.43000030517578,27.59000015258789,27.030000686645508,27.389999389648438,854900,0.0,0.0
2012-12-03 00:00:00-05:00,27.56999969482422,27.6299991607666,26.889999389648438,27.059999465942383,573100,0.0,0.0
2012-12-04 00:00:00-05:00,27.020000457763672,27.049999237060547,26.459999084472656,26.530000686645508,1029300,0.0,0.0
2012-12-05 00:00:00-05:00,26.65999984741211,26.760000228881836,26.06999969482422,26.139999389648438,1173800,0.0,0.0
2012-12-06 00:00:00-05:00,24.600000381469727,25.719999313354492,23.450000762939453,25.639999389648438,6786400,0.0,0.0
2012-12-07 00:00:00-05:00,25.75,25.959999084472656,25.25,25.510000228881836,1223100,0.0,0.0
2012-12-10 00:00:00-05:00,25.489999771118164,26.25,25.40999984741211,26.200000762939453,740800,0.0,0.0
2012-12-11 00:00:00-05:00,26.100000381469727,26.959999084472656,25.780000686645508,26.790000915527344,972200,0.0,0.0
2012-12-12 00:00:00-05:00,26.90999984741211,27.239999771118164,26.690000534057617,26.739999771118164,1088300,0.0,0.0
2012-12-13 00:00:00-05:00,26.700000762939453,26.989999771118164,26.25,26.3799991607666,715900,0.0,0.0
2012-12-14 00:00:00-05:00,26.260000228881836,26.59000015258789,26.25,26.360000610351562,591800,0.0,0.0
2012-12-17 00:00:00-05:00,26.34000015258789,26.56999969482422,26.209999084472656,26.530000686645508,563300,0.0,0.0
2012-12-18 00:00:00-05:00,26.530000686645508,27.18000030517578,26.450000762939453,27.18000030517578,763100,0.0,0.0
2012-12-19 00:00:00-05:00,27.200000762939453,27.760000228881836,27.0,27.6299991607666,775500,0.0,0.0
2012-12-20 00:00:00-05:00,27.739999771118164,28.280000686645508,27.579999923706055,28.18000030517578,1359500,0.0,0.0
2012-12-21 00:00:00-05:00,28.0,28.549999237060547,27.770000457763672,28.399999618530273,1833300,0.0,0.0
2012-12-24 00:00:00-05:00,28.43000030517578,28.56999969482422,27.8799991607666,28.0,426700,0.0,0.0
2012-12-26 00:00:00-05:00,28.010000228881836,28.219999313354492,27.360000610351562,27.389999389648438,705100,0.0,0.0
2012-12-27 00:00:00-05:00,27.489999771118164,27.610000610351562,26.850000381469727,27.5,511200,0.0,0.0
2012-12-28 00:00:00-05:00,27.260000228881836,27.3700008392334,26.889999389648438,27.06999969482422,518400,0.0,0.0
2012-12-31 00:00:00-05:00,27.0,27.770000457763672,26.920000076293945,27.75,587100,0.0,0.0
2013-01-02 00:00:00-05:00,28.56999969482422,28.700000762939453,28.0,28.399999618530273,847900,0.0,0.0
2013-01-03 00:00:00-05:00,29.040000915527344,29.25,28.600000381469727,29.170000076293945,1242400,0.0,0.0
2013-01-04 00:00:00-05:00,29.3799991607666,29.510000228881836,29.020000457763672,29.309999465942383,902300,0.0,0.0
2013-01-07 00:00:00-05:00,29.25,29.309999465942383,28.59000015258789,28.940000534057617,579400,0.0,0.0
2013-01-08 00:00:00-05:00,29.0,29.010000228881836,28.059999465942383,28.25,946600,0.0,0.0
2013-01-09 00:00:00-05:00,28.420000076293945,28.469999313354492,27.229999542236328,27.299999237060547,1335000,0.0,0.0
2013-01-10 00:00:00-05:00,27.389999389648438,27.479999542236328,26.649999618530273,26.889999389648438,1320700,0.0,0.0
2013-01-11 00:00:00-05:00,26.5,26.549999237060547,25.68000030517578,25.8700008392334,1828700,0.0,0.0
2013-01-14 00:00:00-05:00,25.84000015258789,26.780000686645508,25.610000610351562,26.639999389648438,1143000,0.0,0.0
2013-01-15 00:00:00-05:00,26.690000534057617,26.690000534057617,26.149999618530273,26.34000015258789,588900,0.0,0.0
2013-01-16 00:00:00-05:00,26.309999465942383,26.399999618530273,25.68000030517578,26.0,802900,0.0,0.0
2013-01-17 00:00:00-05:00,26.110000610351562,26.860000610351562,26.059999465942383,26.479999542236328,723600,0.0,0.0
2013-01-18 00:00:00-05:00,26.540000915527344,27.200000762939453,26.280000686645508,26.639999389648438,659000,0.0,0.0
2013-01-22 00:00:00-05:00,26.6200008392334,27.440000534057617,26.549999237060547,27.420000076293945,1161000,0.0,0.0
2013-01-23 00:00:00-05:00,27.469999313354492,27.520000457763672,26.809999465942383,27.09000015258789,808900,0.0,0.0
2013-01-24 00:00:00-05:00,27.059999465942383,27.90999984741211,27.059999465942383,27.81999969482422,1117400,0.0,0.0
2013-01-25 00:00:00-05:00,27.889999389648438,28.610000610351562,27.579999923706055,28.59000015258789,1209900,0.0,0.0
2013-01-28 00:00:00-05:00,28.549999237060547,29.06999969482422,28.5,28.579999923706055,1449800,0.0,0.0
2013-01-29 00:00:00-05:00,28.6299991607666,28.770000457763672,28.239999771118164,28.770000457763672,1055800,0.0,0.0
2013-01-30 00:00:00-05:00,29.209999084472656,30.040000915527344,28.270000457763672,29.270000457763672,4455900,0.0,0.0
2013-01-31 00:00:00-05:00,32.619998931884766,32.79999923706055,30.729999542236328,31.360000610351562,5756800,0.0,0.0
2013-02-01 00:00:00-05:00,31.440000534057617,32.08000183105469,31.09000015258789,31.899999618530273,1561400,0.0,0.0
2013-02-04 00:00:00-05:00,31.260000228881836,32.5099983215332,31.15999984741211,32.119998931884766,2651900,0.0,0.0
2013-02-05 00:00:00-05:00,32.150001525878906,32.5,32.029998779296875,32.310001373291016,1061100,0.0,0.0
2013-02-06 00:00:00-05:00,32.11000061035156,32.459999084472656,31.6299991607666,32.25,1296800,0.0,0.0
2013-02-07 00:00:00-05:00,32.18000030517578,32.40999984741211,31.829999923706055,32.2400016784668,623100,0.0,0.0
2013-02-08 00:00:00-05:00,32.400001525878906,33.040000915527344,32.189998626708984,32.72999954223633,872100,0.0,0.0
2013-02-11 00:00:00-05:00,32.560001373291016,33.06999969482422,32.5,33.029998779296875,999100,0.0,0.0
2013-02-12 00:00:00-05:00,33.06999969482422,33.15999984741211,32.77000045776367,33.02000045776367,741500,0.0,0.0
2013-02-13 00:00:00-05:00,32.959999084472656,33.150001525878906,32.4900016784668,32.75,1502000,0.0,0.0
2013-02-14 00:00:00-05:00,32.7599983215332,32.90999984741211,32.5,32.560001373291016,645000,0.0,0.0
2013-02-15 00:00:00-05:00,32.84000015258789,32.84000015258789,32.45000076293945,32.72999954223633,728100,0.0,0.0
2013-02-19 00:00:00-05:00,32.5099983215332,32.66999816894531,32.25,32.599998474121094,809700,0.0,0.0
2013-02-20 00:00:00-05:00,32.380001068115234,32.91999816894531,31.709999084472656,31.729999542236328,711900,0.0,0.0
2013-02-21 00:00:00-05:00,31.059999465942383,31.43000030517578,30.950000762939453,31.40999984741211,1042000,0.0,0.0
2013-02-22 00:00:00-05:00,31.489999771118164,32.04999923706055,31.020000457763672,31.8799991607666,687900,0.0,0.0
2013-02-25 00:00:00-05:00,31.979999542236328,32.33000183105469,31.1299991607666,31.200000762939453,468400,0.0,0.0
2013-02-26 00:00:00-05:00,31.309999465942383,31.43000030517578,30.969999313354492,31.049999237060547,546000,0.0,0.0
2013-02-27 00:00:00-05:00,31.059999465942383,31.850000381469727,31.059999465942383,31.469999313354492,466200,0.0,0.0
2013-02-28 00:00:00-05:00,31.350000381469727,31.65999984741211,31.239999771118164,31.440000534057617,460900,0.0,0.0
2013-03-01 00:00:00-05:00,31.18000030517578,31.639999389648438,30.700000762939453,31.1299991607666,626900,0.0,0.0
2013-03-04 00:00:00-05:00,31.1200008392334,31.15999984741211,30.670000076293945,30.989999771118164,493300,0.0,0.0
2013-03-05 00:00:00-05:00,31.139999389648438,32.09000015258789,31.139999389648438,31.799999237060547,525100,0.0,0.0
2013-03-06 00:00:00-05:00,31.90999984741211,32.470001220703125,31.90999984741211,32.439998626708984,690200,0.0,0.0
2013-03-07 00:00:00-05:00,32.41999816894531,32.75,32.2400016784668,32.720001220703125,387200,0.0,0.0
2013-03-08 00:00:00-05:00,32.9900016784668,33.29999923706055,32.439998626708984,33.290000915527344,621200,0.0,0.0
2013-03-11 00:00:00-04:00,33.099998474121094,33.599998474121094,32.900001525878906,33.529998779296875,443700,0.0,0.0
2013-03-12 00:00:00-04:00,33.439998626708984,33.66999816894531,32.810001373291016,32.959999084472656,572900,0.0,0.0
2013-03-13 00:00:00-04:00,32.90999984741211,32.9900016784668,32.4900016784668,32.880001068115234,480400,0.0,0.0
2013-03-14 00:00:00-04:00,33.029998779296875,33.349998474121094,32.689998626708984,33.290000915527344,342500,0.0,0.0
2013-03-15 00:00:00-04:00,33.349998474121094,33.5,32.459999084472656,33.040000915527344,966400,0.0,0.0
2013-03-18 00:00:00-04:00,32.5099983215332,33.0,32.220001220703125,32.369998931884766,512300,0.0,0.0
2013-03-19 00:00:00-04:00,32.380001068115234,32.849998474121094,31.84000015258789,32.290000915527344,475300,0.0,0.0
2013-03-20 00:00:00-04:00,32.41999816894531,32.75,32.290000915527344,32.599998474121094,315900,0.0,0.0
2013-03-21 00:00:00-04:00,32.2599983215332,32.59000015258789,31.719999313354492,32.029998779296875,423100,0.0,0.0
2013-03-22 00:00:00-04:00,32.16999816894531,32.70000076293945,32.029998779296875,32.630001068115234,405400,0.0,0.0
2013-03-25 00:00:00-04:00,32.689998626708984,33.25,32.650001525878906,32.869998931884766,546400,0.0,0.0
2013-03-26 00:00:00-04:00,33.0,33.70000076293945,32.900001525878906,33.599998474121094,395300,0.0,0.0
2013-03-27 00:00:00-04:00,33.400001525878906,33.70000076293945,33.290000915527344,33.31999969482422,357500,0.0,0.0
2013-03-28 00:00:00-04:00,33.41999816894531,33.650001525878906,32.959999084472656,33.5099983215332,545500,0.0,0.0
2013-04-01 00:00:00-04:00,33.400001525878906,33.84000015258789,32.2400016784668,32.439998626708984,736500,0.0,0.0
2013-04-02 00:00:00-04:00,32.72999954223633,32.91999816894531,31.780000686645508,31.850000381469727,729300,0.0,0.0
2013-04-03 00:00:00-04:00,31.829999923706055,32.22999954223633,30.09000015258789,30.950000762939453,2162500,0.0,0.0
2013-04-04 00:00:00-04:00,30.940000534057617,31.510000228881836,30.450000762939453,31.5,1022600,0.0,0.0
2013-04-05 00:00:00-04:00,30.899999618530273,31.209999084472656,30.540000915527344,31.040000915527344,508700,0.0,0.0
2013-04-08 00:00:00-04:00,31.190000534057617,31.75,31.049999237060547,31.68000030517578,714600,0.0,0.0
2013-04-09 00:00:00-04:00,31.75,32.15999984741211,31.5,31.8799991607666,577200,0.0,0.0
2013-04-10 00:00:00-04:00,31.979999542236328,32.66999816894531,31.969999313354492,32.630001068115234,469600,0.0,0.0
2013-04-11 00:00:00-04:00,32.5,33.0,32.41999816894531,32.86000061035156,476600,0.0,0.0
2013-04-12 00:00:00-04:00,32.7400016784668,32.970001220703125,32.18000030517578,32.7599983215332,415300,0.0,0.0
2013-04-15 00:00:00-04:00,32.439998626708984,32.709999084472656,31.170000076293945,31.200000762939453,891200,0.0,0.0
2013-04-16 00:00:00-04:00,31.530000686645508,32.040000915527344,31.18000030517578,31.799999237060547,1163600,0.0,0.0
2013-04-17 00:00:00-04:00,31.450000762939453,31.920000076293945,30.100000381469727,30.780000686645508,953400,0.0,0.0
2013-04-18 00:00:00-04:00,30.899999618530273,30.950000762939453,29.719999313354492,30.1299991607666,1522000,0.0,0.0
2013-04-19 00:00:00-04:00,29.559999465942383,32.08000183105469,29.530000686645508,31.5,3658400,0.0,0.0
2013-04-22 00:00:00-04:00,31.540000915527344,32.189998626708984,30.889999389648438,32.0,1366800,0.0,0.0
2013-04-23 00:00:00-04:00,31.90999984741211,32.34000015258789,31.459999084472656,31.989999771118164,1517700,0.0,0.0
2013-04-24 00:00:00-04:00,31.8700008392334,32.4900016784668,31.40999984741211,32.040000915527344,833600,0.0,0.0
2013-04-25 00:00:00-04:00,32.11000061035156,32.630001068115234,32.11000061035156,32.25,1502100,0.0,0.0
2013-04-26 00:00:00-04:00,32.20000076293945,32.68000030517578,32.099998474121094,32.34000015258789,556400,0.0,0.0
2013-04-29 00:00:00-04:00,32.380001068115234,32.959999084472656,32.22999954223633,32.93000030517578,815700,0.0,0.0
2013-04-30 00:00:00-04:00,33.0,33.38999938964844,32.70000076293945,33.119998931884766,943200,0.0,0.0
2013-05-01 00:00:00-04:00,32.880001068115234,33.11000061035156,32.380001068115234,32.650001525878906,1651200,0.0,0.0
2013-05-02 00:00:00-04:00,32.7599983215332,33.220001220703125,32.34000015258789,32.400001525878906,1947300,0.0,0.0
2013-05-03 00:00:00-04:00,32.7400016784668,33.08000183105469,32.470001220703125,32.599998474121094,1494400,0.0,0.0
2013-05-06 00:00:00-04:00,32.58000183105469,35.650001525878906,32.150001525878906,34.41999816894531,2885500,0.0,0.0
2013-05-07 00:00:00-04:00,34.70000076293945,35.68000030517578,34.369998931884766,35.630001068115234,2000300,0.0,0.0
2013-05-08 00:00:00-04:00,35.619998931884766,35.939998626708984,35.31999969482422,35.90999984741211,645700,0.0,0.0
2013-05-09 00:00:00-04:00,35.849998474121094,36.25,35.599998474121094,35.68000030517578,932900,0.0,0.0
2013-05-10 00:00:00-04:00,35.849998474121094,37.04999923706055,35.849998474121094,36.869998931884766,1051400,0.0,0.0
2013-05-13 00:00:00-04:00,36.61000061035156,37.63999938964844,36.4900016784668,37.06999969482422,995200,0.0,0.0
2013-05-14 00:00:00-04:00,37.02000045776367,37.43000030517578,36.20000076293945,36.279998779296875,1439200,0.0,0.0
2013-05-15 00:00:00-04:00,36.279998779296875,36.40999984741211,36.0099983215332,36.220001220703125,1088600,0.0,0.0
2013-05-16 00:00:00-04:00,36.04999923706055,37.33000183105469,35.810001373291016,36.849998474121094,869000,0.0,0.0
2013-05-17 00:00:00-04:00,36.959999084472656,37.880001068115234,36.959999084472656,37.59000015258789,1014300,0.0,0.0
2013-05-20 00:00:00-04:00,37.41999816894531,38.060001373291016,37.380001068115234,37.79999923706055,1052300,0.0,0.0
2013-05-21 00:00:00-04:00,37.68000030517578,38.5099983215332,37.16999816894531,38.15999984741211,765400,0.0,0.0
2013-05-22 00:00:00-04:00,38.150001525878906,38.7400016784668,37.16999816894531,37.29999923706055,763500,0.0,0.0
2013-05-23 00:00:00-04:00,36.81999969482422,37.20000076293945,36.290000915527344,36.97999954223633,508000,0.0,0.0
2013-05-24 00:00:00-04:00,36.619998931884766,36.9900016784668,36.150001525878906,36.70000076293945,255000,0.0,0.0
2013-05-28 00:00:00-04:00,36.27000045776367,37.150001525878906,35.939998626708984,36.45000076293945,717400,0.0,0.0
2013-05-29 00:00:00-04:00,36.09000015258789,36.33000183105469,35.630001068115234,35.970001220703125,587100,0.0,0.0
2013-05-30 00:00:00-04:00,36.04999923706055,36.650001525878906,35.709999084472656,36.18000030517578,473900,0.0,0.0
2013-05-31 00:00:00-04:00,36.029998779296875,36.4900016784668,35.7400016784668,35.75,381400,0.0,0.0
2013-06-03 00:00:00-04:00,36.029998779296875,37.15999984741211,35.7599983215332,36.849998474121094,888400,0.0,0.0
2013-06-04 00:00:00-04:00,37.150001525878906,37.349998474121094,35.68000030517578,35.880001068115234,624800,0.0,0.0
2013-06-05 00:00:00-04:00,35.75,36.38999938964844,35.209999084472656,35.380001068115234,425400,0.0,0.0
2013-06-06 00:00:00-04:00,35.369998931884766,35.40999984741211,34.709999084472656,35.189998626708984,1036200,0.0,0.0
2013-06-07 00:00:00-04:00,35.540000915527344,35.779998779296875,35.09000015258789,35.45000076293945,532100,0.0,0.0
2013-06-10 00:00:00-04:00,35.52000045776367,35.65999984741211,35.130001068115234,35.290000915527344,536400,0.0,0.0
2013-06-11 00:00:00-04:00,34.83000183105469,35.650001525878906,34.349998474121094,34.77000045776367,493700,0.0,0.0
2013-06-12 00:00:00-04:00,35.130001068115234,35.130001068115234,34.11000061035156,34.220001220703125,562400,0.0,0.0
2013-06-13 00:00:00-04:00,34.279998779296875,34.68000030517578,33.84000015258789,34.66999816894531,963400,0.0,0.0
2013-06-14 00:00:00-04:00,34.869998931884766,35.2599983215332,34.08000183105469,35.02000045776367,509600,0.0,0.0
2013-06-17 00:00:00-04:00,35.4900016784668,36.16999816894531,35.4900016784668,35.869998931884766,366300,0.0,0.0
2013-06-18 00:00:00-04:00,35.880001068115234,36.380001068115234,35.66999816894531,36.25,316100,0.0,0.0
2013-06-19 00:00:00-04:00,36.099998474121094,36.58000183105469,35.939998626708984,36.099998474121094,373300,0.0,0.0
2013-06-20 00:00:00-04:00,35.5099983215332,36.400001525878906,35.22999954223633,35.47999954223633,427600,0.0,0.0
2013-06-21 00:00:00-04:00,35.56999969482422,36.040000915527344,35.16999816894531,35.84000015258789,631800,0.0,0.0
2013-06-24 00:00:00-04:00,35.290000915527344,36.220001220703125,34.880001068115234,35.77000045776367,605900,0.0,0.0
2013-06-25 00:00:00-04:00,36.13999938964844,36.2400016784668,34.91999816894531,35.40999984741211,504700,0.0,0.0
2013-06-26 00:00:00-04:00,35.650001525878906,36.18000030517578,35.099998474121094,35.779998779296875,1081500,0.0,0.0
2013-06-27 00:00:00-04:00,36.0099983215332,36.959999084472656,35.7400016784668,36.689998626708984,748400,0.0,0.0
2013-06-28 00:00:00-04:00,36.709999084472656,37.380001068115234,36.13999938964844,37.040000915527344,863200,0.0,0.0
2013-07-01 00:00:00-04:00,37.0099983215332,38.5,37.0099983215332,37.790000915527344,709500,0.0,0.0
2013-07-02 00:00:00-04:00,37.9900016784668,38.189998626708984,37.040000915527344,37.29999923706055,531800,0.0,0.0
2013-07-03 00:00:00-04:00,37.02000045776367,38.0,36.91999816894531,37.779998779296875,329700,0.0,0.0
2013-07-05 00:00:00-04:00,38.36000061035156,38.38999938964844,37.83000183105469,38.38999938964844,361100,0.0,0.0
2013-07-08 00:00:00-04:00,38.5,38.7400016784668,38.08000183105469,38.41999816894531,600800,0.0,0.0
2013-07-09 00:00:00-04:00,38.58000183105469,38.9900016784668,38.0099983215332,38.880001068115234,583900,0.0,0.0
2013-07-10 00:00:00-04:00,39.060001373291016,39.61000061035156,38.2400016784668,39.189998626708984,1600500,0.0,0.0
2013-07-11 00:00:00-04:00,39.790000915527344,39.810001373291016,39.029998779296875,39.400001525878906,503500,0.0,0.0
2013-07-12 00:00:00-04:00,39.220001220703125,39.68000030517578,38.9900016784668,39.20000076293945,510400,0.0,0.0
2013-07-15 00:00:00-04:00,39.11000061035156,39.29999923706055,38.689998626708984,38.70000076293945,535300,0.0,0.0
2013-07-16 00:00:00-04:00,38.63999938964844,38.790000915527344,37.970001220703125,38.189998626708984,1191800,0.0,0.0
2013-07-17 00:00:00-04:00,38.400001525878906,38.97999954223633,38.130001068115234,38.91999816894531,824800,0.0,0.0
2013-07-18 00:00:00-04:00,39.150001525878906,40.5,38.54999923706055,39.650001525878906,1129400,0.0,0.0
2013-07-19 00:00:00-04:00,43.790000915527344,44.43000030517578,41.25,42.95000076293945,3085300,0.0,0.0
2013-07-22 00:00:00-04:00,43.060001373291016,44.25,42.38999938964844,44.0,1167300,0.0,0.0
2013-07-23 00:00:00-04:00,43.66999816894531,44.310001373291016,43.27000045776367,44.0,765100,0.0,0.0
2013-07-24 00:00:00-04:00,44.0,44.150001525878906,43.310001373291016,43.43000030517578,711300,0.0,0.0
2013-07-25 00:00:00-04:00,43.349998474121094,43.880001068115234,43.16999816894531,43.880001068115234,460800,0.0,0.0
2013-07-26 00:00:00-04:00,43.470001220703125,43.79999923706055,42.38999938964844,42.75,1061200,0.0,0.0
2013-07-29 00:00:00-04:00,42.70000076293945,42.869998931884766,42.189998626708984,42.34000015258789,505800,0.0,0.0
2013-07-30 00:00:00-04:00,42.63999938964844,42.880001068115234,42.04999923706055,42.45000076293945,459000,0.0,0.0
2013-07-31 00:00:00-04:00,42.540000915527344,43.369998931884766,42.349998474121094,43.040000915527344,897800,0.0,0.0
2013-08-01 00:00:00-04:00,43.22999954223633,44.040000915527344,42.810001373291016,43.9900016784668,742500,0.0,0.0
2013-08-02 00:00:00-04:00,43.4900016784668,44.47999954223633,43.439998626708984,43.61000061035156,828900,0.0,0.0
2013-08-05 00:00:00-04:00,43.5,44.47999954223633,43.45000076293945,44.41999816894531,733400,0.0,0.0
2013-08-06 00:00:00-04:00,44.130001068115234,44.849998474121094,44.119998931884766,44.27000045776367,738600,0.0,0.0
2013-08-07 00:00:00-04:00,44.27000045776367,44.43000030517578,43.630001068115234,43.83000183105469,524300,0.0,0.0
2013-08-08 00:00:00-04:00,44.11000061035156,44.349998474121094,43.7599983215332,44.08000183105469,418600,0.0,0.0
2013-08-09 00:00:00-04:00,43.95000076293945,44.119998931884766,43.5,43.900001525878906,355600,0.0,0.0
2013-08-12 00:00:00-04:00,43.59000015258789,44.63999938964844,43.45000076293945,44.439998626708984,363000,0.0,0.0
2013-08-13 00:00:00-04:00,44.31999969482422,44.900001525878906,44.02000045776367,44.77000045776367,383600,0.0,0.0
2013-08-14 00:00:00-04:00,44.689998626708984,44.869998931884766,44.220001220703125,44.380001068115234,362300,0.0,0.0
2013-08-15 00:00:00-04:00,43.790000915527344,43.790000915527344,43.0,43.15999984741211,422400,0.0,0.0
2013-08-16 00:00:00-04:00,42.93000030517578,43.47999954223633,42.560001373291016,42.959999084472656,366800,0.0,0.0
2013-08-19 00:00:00-04:00,42.56999969482422,43.34000015258789,42.34000015258789,42.86000061035156,276000,0.0,0.0
2013-08-20 00:00:00-04:00,43.04999923706055,43.63999938964844,42.84000015258789,43.61000061035156,514000,0.0,0.0
2013-08-21 00:00:00-04:00,43.41999816894531,44.060001373291016,43.16999816894531,43.54999923706055,345100,0.0,0.0
2013-08-22 00:00:00-04:00,43.70000076293945,44.369998931884766,43.599998474121094,44.36000061035156,230300,0.0,0.0
2013-08-23 00:00:00-04:00,44.369998931884766,44.560001373291016,43.93000030517578,44.5099983215332,270700,0.0,0.0
2013-08-26 00:00:00-04:00,44.470001220703125,45.0,44.0,44.45000076293945,307200,0.0,0.0
2013-08-27 00:00:00-04:00,43.72999954223633,44.27000045776367,43.5,43.619998931884766,473900,0.0,0.0
2013-08-28 00:00:00-04:00,43.52000045776367,43.880001068115234,43.02000045776367,43.130001068115234,373200,0.0,0.0
2013-08-29 00:00:00-04:00,43.0,44.130001068115234,43.0,43.790000915527344,258800,0.0,0.0
2013-08-30 00:00:00-04:00,43.65999984741211,44.150001525878906,43.369998931884766,43.54999923706055,513200,0.0,0.0
2013-09-03 00:00:00-04:00,44.33000183105469,44.88999938964844,43.66999816894531,44.369998931884766,422000,0.0,0.0
2013-09-04 00:00:00-04:00,44.369998931884766,44.720001220703125,44.0,44.720001220703125,544900,0.0,0.0
2013-09-05 00:00:00-04:00,44.63999938964844,45.189998626708984,44.34000015258789,44.83000183105469,312700,0.0,0.0
2013-09-06 00:00:00-04:00,45.13999938964844,45.4900016784668,44.0099983215332,44.849998474121094,229900,0.0,0.0
2013-09-09 00:00:00-04:00,45.029998779296875,46.84000015258789,44.97999954223633,46.709999084472656,529500,0.0,0.0
2013-09-10 00:00:00-04:00,47.0,47.04999923706055,46.16999816894531,47.029998779296875,707500,0.0,0.0
2013-09-11 00:00:00-04:00,47.0099983215332,47.630001068115234,46.59000015258789,47.5099983215332,627100,0.0,0.0
2013-09-12 00:00:00-04:00,47.380001068115234,47.43000030517578,46.939998626708984,47.119998931884766,370500,0.0,0.0
2013-09-13 00:00:00-04:00,47.369998931884766,47.59000015258789,46.22999954223633,46.810001373291016,399000,0.0,0.0
2013-09-16 00:00:00-04:00,47.349998474121094,47.58000183105469,46.220001220703125,46.25,456200,0.0,0.0
2013-09-17 00:00:00-04:00,46.52000045776367,48.130001068115234,46.40999984741211,47.959999084472656,537300,0.0,0.0
2013-09-18 00:00:00-04:00,48.060001373291016,48.5099983215332,46.790000915527344,48.25,619000,0.0,0.0
2013-09-19 00:00:00-04:00,48.290000915527344,49.08000183105469,47.63999938964844,47.66999816894531,596600,0.0,0.0
2013-09-20 00:00:00-04:00,47.720001220703125,48.08000183105469,47.2400016784668,47.59000015258789,1585400,0.0,0.0
2013-09-23 00:00:00-04:00,47.45000076293945,47.70000076293945,47.20000076293945,47.45000076293945,930900,0.0,0.0
2013-09-24 00:00:00-04:00,47.369998931884766,48.06999969482422,47.130001068115234,47.47999954223633,499400,0.0,0.0
2013-09-25 00:00:00-04:00,47.470001220703125,47.959999084472656,47.130001068115234,47.41999816894531,436700,0.0,0.0
2013-09-26 00:00:00-04:00,47.52000045776367,48.09000015258789,47.130001068115234,48.08000183105469,402900,0.0,0.0
2013-09-27 00:00:00-04:00,47.630001068115234,48.0099983215332,47.29999923706055,47.779998779296875,638000,0.0,0.0
2013-09-30 00:00:00-04:00,47.34000015258789,48.439998626708984,47.04999923706055,48.099998474121094,687600,0.0,0.0
2013-10-01 00:00:00-04:00,48.0,49.2599983215332,47.810001373291016,49.2599983215332,691200,0.0,0.0
2013-10-02 00:00:00-04:00,49.22999954223633,49.22999954223633,48.58000183105469,48.869998931884766,449700,0.0,0.0
2013-10-03 00:00:00-04:00,48.849998474121094,49.209999084472656,47.33000183105469,47.869998931884766,544700,0.0,0.0
2013-10-04 00:00:00-04:00,46.7599983215332,47.02000045776367,45.599998474121094,45.79999923706055,1557700,0.0,0.0
2013-10-07 00:00:00-04:00,45.439998626708984,46.130001068115234,44.959999084472656,45.02000045776367,886100,0.0,0.0
2013-10-08 00:00:00-04:00,44.88999938964844,45.380001068115234,43.9900016784668,44.029998779296875,1247200,0.0,0.0
2013-10-09 00:00:00-04:00,44.2400016784668,44.369998931884766,43.5,44.02000045776367,1258500,0.0,0.0
2013-10-10 00:00:00-04:00,44.150001525878906,44.66999816894531,41.83000183105469,42.52000045776367,3324000,0.0,0.0
2013-10-11 00:00:00-04:00,42.27000045776367,43.5099983215332,42.18000030517578,43.349998474121094,1220900,0.0,0.0
2013-10-14 00:00:00-04:00,43.31999969482422,43.790000915527344,43.08000183105469,43.459999084472656,1059900,0.0,0.0
2013-10-15 00:00:00-04:00,43.470001220703125,43.61000061035156,42.849998474121094,43.0099983215332,893400,0.0,0.0
2013-10-16 00:00:00-04:00,43.47999954223633,43.7400016784668,43.06999969482422,43.720001220703125,1230100,0.0,0.0
2013-10-17 00:00:00-04:00,43.58000183105469,46.34000015258789,43.0099983215332,45.93000030517578,4490000,0.0,0.0
2013-10-18 00:00:00-04:00,53.20000076293945,60.0,53.150001525878906,57.97999954223633,7357900,0.0,0.0
2013-10-21 00:00:00-04:00,58.5,59.43000030517578,57.93000030517578,58.25,2142000,0.0,0.0
2013-10-22 00:00:00-04:00,58.20000076293945,58.5099983215332,56.58000183105469,56.66999816894531,1478500,0.0,0.0
2013-10-23 00:00:00-04:00,56.970001220703125,57.900001525878906,56.099998474121094,57.5099983215332,1426700,0.0,0.0
2013-10-24 00:00:00-04:00,57.43000030517578,57.5,56.38999938964844,56.56999969482422,1131500,0.0,0.0
2013-10-25 00:00:00-04:00,56.790000915527344,56.790000915527344,55.79999923706055,56.0,800400,0.0,0.0
2013-10-28 00:00:00-04:00,56.13999938964844,56.56999969482422,55.90999984741211,56.04999923706055,641300,0.0,0.0
2013-10-29 00:00:00-04:00,56.290000915527344,57.27000045776367,56.2599983215332,57.2400016784668,1042400,0.0,0.0
2013-10-30 00:00:00-04:00,57.45000076293945,57.709999084472656,56.27000045776367,56.779998779296875,863400,0.0,0.0
2013-10-31 00:00:00-04:00,56.970001220703125,57.59000015258789,56.310001373291016,57.060001373291016,427700,0.0,0.0
2013-11-01 00:00:00-04:00,56.959999084472656,57.36000061035156,56.2400016784668,56.75,710500,0.0,0.0
2013-11-04 00:00:00-05:00,57.16999816894531,58.95000076293945,56.93000030517578,58.029998779296875,1523300,0.0,0.0
2013-11-05 00:00:00-05:00,57.779998779296875,58.279998779296875,56.20000076293945,56.650001525878906,906000,0.0,0.0
2013-11-06 00:00:00-05:00,57.189998626708984,57.75,56.310001373291016,57.09000015258789,664100,0.0,0.0
2013-11-07 00:00:00-05:00,57.220001220703125,57.90999984741211,56.45000076293945,56.630001068115234,649800,0.0,0.0
2013-11-08 00:00:00-05:00,56.709999084472656,58.439998626708984,56.70000076293945,58.2400016784668,814400,0.0,0.0
2013-11-11 00:00:00-05:00,58.40999984741211,59.79999923706055,57.77000045776367,58.59000015258789,869700,0.0,0.0
2013-11-12 00:00:00-05:00,58.52000045776367,58.70000076293945,57.810001373291016,58.5,548800,0.0,0.0
2013-11-13 00:00:00-05:00,58.0,58.88999938964844,57.65999984741211,58.380001068115234,877300,0.0,0.0
2013-11-14 00:00:00-05:00,55.630001068115234,55.95000076293945,54.04999923706055,54.68000030517578,3970500,0.0,0.0
2013-11-15 00:00:00-05:00,54.90999984741211,55.529998779296875,54.900001525878906,55.40999984741211,1381000,0.0,0.0
2013-11-18 00:00:00-05:00,55.81999969482422,55.9900016784668,53.63999938964844,54.0,1155800,0.0,0.0
2013-11-19 00:00:00-05:00,53.869998931884766,53.97999954223633,51.81999969482422,52.439998626708984,1972200,0.0,0.0
2013-11-20 00:00:00-05:00,52.779998779296875,53.16999816894531,52.45000076293945,52.689998626708984,795700,0.0,0.0
2013-11-21 00:00:00-05:00,52.779998779296875,53.93000030517578,52.68000030517578,53.88999938964844,767500,0.0,0.0
2013-11-22 00:00:00-05:00,54.0099983215332,54.83000183105469,53.79999923706055,54.150001525878906,728100,0.0,0.0
2013-11-25 00:00:00-05:00,54.20000076293945,54.880001068115234,52.869998931884766,53.58000183105469,826300,0.0,0.0
2013-11-26 00:00:00-05:00,53.66999816894531,54.130001068115234,53.099998474121094,53.93000030517578,637500,0.0,0.0
2013-11-27 00:00:00-05:00,53.880001068115234,54.91999816894531,53.630001068115234,54.7599983215332,584400,0.0,0.0
2013-11-29 00:00:00-05:00,54.88999938964844,55.33000183105469,54.41999816894531,54.63999938964844,311500,0.0,0.0
2013-12-02 00:00:00-05:00,54.79999923706055,55.5,54.04999923706055,55.11000061035156,547400,0.0,0.0
2013-12-03 00:00:00-05:00,54.88999938964844,55.38999938964844,54.63999938964844,55.16999816894531,660200,0.0,0.0
2013-12-04 00:00:00-05:00,54.75,55.25,53.939998626708984,54.650001525878906,558700,0.0,0.0
2013-12-05 00:00:00-05:00,54.540000915527344,54.56999969482422,53.83000183105469,54.529998779296875,520900,0.0,0.0
2013-12-06 00:00:00-05:00,54.90999984741211,55.790000915527344,54.15999984741211,55.459999084472656,453300,0.0,0.0
2013-12-09 00:00:00-05:00,55.7400016784668,56.16999816894531,55.130001068115234,55.75,852900,0.0,0.0
2013-12-10 00:00:00-05:00,55.5099983215332,55.70000076293945,54.7400016784668,54.869998931884766,720300,0.0,0.0
2013-12-11 00:00:00-05:00,55.130001068115234,55.380001068115234,53.5,53.68000030517578,579300,0.0,0.0
2013-12-12 00:00:00-05:00,53.47999954223633,54.43000030517578,52.7400016784668,54.119998931884766,881100,0.0,0.0
2013-12-13 00:00:00-05:00,54.369998931884766,54.849998474121094,54.02000045776367,54.20000076293945,374700,0.0,0.0
2013-12-16 00:00:00-05:00,54.59000015258789,55.61000061035156,54.45000076293945,55.58000183105469,656400,0.0,0.0
2013-12-17 00:00:00-05:00,55.70000076293945,56.2400016784668,55.11000061035156,56.0,847500,0.0,0.0
2013-12-18 00:00:00-05:00,56.13999938964844,57.209999084472656,55.75,57.15999984741211,1236200,0.0,0.0
2013-12-19 00:00:00-05:00,57.220001220703125,57.52000045776367,56.06999969482422,56.470001220703125,810600,0.0,0.0
2013-12-20 00:00:00-05:00,56.68000030517578,57.209999084472656,56.2599983215332,57.029998779296875,937000,0.0,0.0
2013-12-23 00:00:00-05:00,57.209999084472656,58.09000015258789,57.06999969482422,58.040000915527344,534400,0.0,0.0
2013-12-24 00:00:00-05:00,58.25,58.25,57.38999938964844,57.959999084472656,269100,0.0,0.0
2013-12-26 00:00:00-05:00,58.34000015258789,58.5,57.41999816894531,57.77000045776367,495200,0.0,0.0
2013-12-27 00:00:00-05:00,57.9900016784668,57.9900016784668,56.709999084472656,57.20000076293945,333700,0.0,0.0
2013-12-30 00:00:00-05:00,58.08000183105469,58.369998931884766,56.79999923706055,57.04999923706055,317500,0.0,0.0
2013-12-31 00:00:00-05:00,56.9900016784668,57.5,56.70000076293945,57.13999938964844,502600,0.0,0.0
2014-01-02 00:00:00-05:00,57.060001373291016,57.369998931884766,56.43000030517578,56.959999084472656,437600,0.0,0.0
2014-01-03 00:00:00-05:00,57.02000045776367,57.529998779296875,56.619998931884766,57.16999816894531,331300,0.0,0.0
2014-01-06 00:00:00-05:00,57.650001525878906,61.09000015258789,57.5,59.900001525878906,2293400,0.0,0.0
2014-01-07 00:00:00-05:00,60.66999816894531,62.439998626708984,60.5,61.36000061035156,2170400,0.0,0.0
2014-01-08 00:00:00-05:00,61.40999984741211,61.75,60.5099983215332,60.72999954223633,970900,0.0,0.0
2014-01-09 00:00:00-05:00,60.720001220703125,61.08000183105469,59.45000076293945,60.34000015258789,725400,0.0,0.0
2014-01-10 00:00:00-05:00,60.43000030517578,61.439998626708984,59.869998931884766,60.709999084472656,568500,0.0,0.0
2014-01-13 00:00:00-05:00,61.18000030517578,61.189998626708984,58.16999816894531,58.689998626708984,938700,0.0,0.0
2014-01-14 00:00:00-05:00,58.66999816894531,60.41999816894531,57.029998779296875,60.400001525878906,996100,0.0,0.0
2014-01-15 00:00:00-05:00,60.63999938964844,62.43000030517578,60.59000015258789,62.22999954223633,1431300,0.0,0.0
2014-01-16 00:00:00-05:00,62.02000045776367,63.47999954223633,61.779998779296875,62.119998931884766,1076700,0.0,0.0
2014-01-17 00:00:00-05:00,63.91999816894531,64.93000030517578,62.959999084472656,63.95000076293945,1751600,0.0,0.0
2014-01-21 00:00:00-05:00,65.0,65.0999984741211,62.279998779296875,62.66999816894531,1722000,0.0,0.0
2014-01-22 00:00:00-05:00,62.40999984741211,63.58000183105469,61.970001220703125,63.20000076293945,1205900,0.0,0.0
2014-01-23 00:00:00-05:00,63.119998931884766,63.41999816894531,62.209999084472656,63.400001525878906,10838700,0.0,0.0
2014-01-24 00:00:00-05:00,62.849998474121094,63.099998474121094,58.130001068115234,58.880001068115234,2777800,0.0,0.0
2014-01-27 00:00:00-05:00,58.869998931884766,58.880001068115234,53.7599983215332,55.43000030517578,3022500,0.0,0.0
2014-01-28 00:00:00-05:00,55.650001525878906,57.75,55.540000915527344,57.470001220703125,1840000,0.0,0.0
2014-01-29 00:00:00-05:00,57.18000030517578,58.13999938964844,56.13999938964844,57.7400016784668,1521300,0.0,0.0
2014-01-30 00:00:00-05:00,58.7400016784668,59.810001373291016,58.15999984741211,58.4900016784668,1906600,0.0,0.0
2014-01-31 00:00:00-05:00,57.279998779296875,59.7400016784668,55.75,59.41999816894531,2423100,0.0,0.0
2014-02-03 00:00:00-05:00,59.08000183105469,59.720001220703125,54.470001220703125,54.959999084472656,1908000,0.0,0.0
2014-02-04 00:00:00-05:00,55.02000045776367,55.4900016784668,54.11000061035156,55.22999954223633,1485100,0.0,0.0
2014-02-05 00:00:00-05:00,54.7400016784668,55.5099983215332,54.040000915527344,54.66999816894531,930500,0.0,0.0
2014-02-06 00:00:00-05:00,54.9900016784668,55.63999938964844,53.88999938964844,54.0099983215332,1220300,0.0,0.0
2014-02-07 00:00:00-05:00,54.36000061035156,55.06999969482422,54.130001068115234,55.0099983215332,1384700,0.0,0.0
2014-02-10 00:00:00-05:00,55.099998474121094,55.59000015258789,54.56999969482422,54.9900016784668,823200,0.0,0.0
2014-02-11 00:00:00-05:00,55.5,56.099998474121094,54.709999084472656,55.189998626708984,949400,0.0,0.0
2014-02-12 00:00:00-05:00,55.099998474121094,55.63999938964844,54.599998474121094,54.90999984741211,574800,0.0,0.0
2014-02-13 00:00:00-05:00,54.380001068115234,55.16999816894531,54.04999923706055,54.65999984741211,852000,0.0,0.0
2014-02-14 00:00:00-05:00,54.599998474121094,55.209999084472656,54.349998474121094,54.58000183105469,736700,0.0,0.0
2014-02-18 00:00:00-05:00,54.4900016784668,55.65999984741211,54.4900016784668,55.31999969482422,930500,0.0,0.0
2014-02-19 00:00:00-05:00,54.70000076293945,55.130001068115234,53.560001373291016,53.79999923706055,998500,0.0,0.0
2014-02-20 00:00:00-05:00,53.650001525878906,54.040000915527344,52.09000015258789,53.52000045776367,1385400,0.0,0.0
2014-02-21 00:00:00-05:00,54.0,54.09000015258789,52.900001525878906,52.97999954223633,1144700,0.0,0.0
2014-02-24 00:00:00-05:00,53.869998931884766,54.58000183105469,53.13999938964844,54.310001373291016,950900,0.0,0.0
2014-02-25 00:00:00-05:00,54.099998474121094,54.349998474121094,53.25,53.459999084472656,903400,0.0,0.0
2014-02-26 00:00:00-05:00,53.61000061035156,54.150001525878906,52.790000915527344,53.150001525878906,1154300,0.0,0.0
2014-02-27 00:00:00-05:00,52.7400016784668,53.400001525878906,52.7400016784668,52.93000030517578,750900,0.0,0.0
2014-02-28 00:00:00-05:00,53.02000045776367,53.4900016784668,51.72999954223633,52.33000183105469,827000,0.0,0.0
2014-03-03 00:00:00-05:00,53.290000915527344,53.290000915527344,51.7599983215332,52.29999923706055,895700,0.0,0.0
2014-03-04 00:00:00-05:00,53.040000915527344,55.58000183105469,52.939998626708984,55.130001068115234,1461300,0.0,0.0
2014-03-05 00:00:00-05:00,55.15999984741211,55.63999938964844,53.9900016784668,54.06999969482422,844800,0.0,0.0
2014-03-06 00:00:00-05:00,54.279998779296875,55.22999954223633,54.27000045776367,54.75,897500,0.0,0.0
2014-03-07 00:00:00-05:00,55.310001373291016,55.31999969482422,53.90999984741211,55.279998779296875,892000,0.0,0.0
2014-03-10 00:00:00-04:00,55.25,55.959999084472656,54.880001068115234,55.599998474121094,897700,0.0,0.0
2014-03-11 00:00:00-04:00,55.619998931884766,55.900001525878906,54.02000045776367,54.279998779296875,727500,0.0,0.0
2014-03-12 00:00:00-04:00,53.689998626708984,54.619998931884766,53.09000015258789,54.31999969482422,462400,0.0,0.0
2014-03-13 00:00:00-04:00,54.66999816894531,54.7400016784668,51.77000045776367,52.380001068115234,757800,0.0,0.0
2014-03-14 00:00:00-04:00,52.25,53.119998931884766,51.77000045776367,52.7400016784668,470000,0.0,0.0
2014-03-17 00:00:00-04:00,53.0,53.779998779296875,52.88999938964844,53.45000076293945,470800,0.0,0.0
2014-03-18 00:00:00-04:00,53.58000183105469,55.040000915527344,53.5099983215332,54.779998779296875,682800,0.0,0.0
2014-03-19 00:00:00-04:00,55.130001068115234,55.310001373291016,53.61000061035156,54.15999984741211,674200,0.0,0.0
2014-03-20 00:00:00-04:00,54.08000183105469,54.790000915527344,53.38999938964844,54.720001220703125,573600,0.0,0.0
2014-03-21 00:00:00-04:00,54.84000015258789,54.970001220703125,52.959999084472656,53.91999816894531,1361100,0.0,0.0
2014-03-24 00:00:00-04:00,53.790000915527344,54.0,52.06999969482422,52.75,706400,0.0,0.0
2014-03-25 00:00:00-04:00,53.15999984741211,54.29999923706055,52.349998474121094,52.90999984741211,584600,0.0,0.0
2014-03-26 00:00:00-04:00,53.38999938964844,54.04999923706055,52.029998779296875,52.06999969482422,722200,0.0,0.0
2014-03-27 00:00:00-04:00,52.119998931884766,53.65999984741211,50.900001525878906,51.43000030517578,1077900,0.0,0.0
2014-03-28 00:00:00-04:00,51.56999969482422,52.220001220703125,50.61000061035156,50.72999954223633,610200,0.0,0.0
2014-03-31 00:00:00-04:00,51.22999954223633,52.08000183105469,50.369998931884766,51.790000915527344,750600,0.0,0.0
2014-04-01 00:00:00-04:00,51.880001068115234,53.72999954223633,51.459999084472656,53.59000015258789,1043500,0.0,0.0
2014-04-02 00:00:00-04:00,53.65999984741211,54.75,52.18000030517578,54.2400016784668,744200,0.0,0.0
2014-04-03 00:00:00-04:00,54.18000030517578,54.29999923706055,52.720001220703125,53.59000015258789,569300,0.0,0.0
2014-04-04 00:00:00-04:00,57.060001373291016,57.5,53.970001220703125,54.810001373291016,2606600,0.0,0.0
2014-04-07 00:00:00-04:00,55.400001525878906,55.59000015258789,52.5,52.939998626708984,1504300,0.0,0.0
2014-04-08 00:00:00-04:00,52.970001220703125,53.720001220703125,52.040000915527344,52.349998474121094,951200,0.0,0.0
2014-04-09 00:00:00-04:00,52.470001220703125,54.25,52.2599983215332,54.15999984741211,796900,0.0,0.0
2014-04-10 00:00:00-04:00,53.970001220703125,54.150001525878906,50.38999938964844,50.61000061035156,759200,0.0,0.0
2014-04-11 00:00:00-04:00,50.029998779296875,50.439998626708984,48.75,49.38999938964844,1119600,0.0,0.0
2014-04-14 00:00:00-04:00,49.689998626708984,50.2400016784668,48.459999084472656,49.150001525878906,684200,0.0,0.0
2014-04-15 00:00:00-04:00,49.459999084472656,51.119998931884766,49.0099983215332,51.04999923706055,1199800,0.0,0.0
2014-04-16 00:00:00-04:00,51.84000015258789,52.66999816894531,51.130001068115234,51.68000030517578,776300,0.0,0.0
2014-04-17 00:00:00-04:00,51.43000030517578,53.61000061035156,50.810001373291016,53.400001525878906,953000,0.0,0.0
2014-04-21 00:00:00-04:00,53.47999954223633,53.79999923706055,52.119998931884766,52.25,1170500,0.0,0.0
2014-04-22 00:00:00-04:00,52.11000061035156,53.380001068115234,51.779998779296875,52.060001373291016,755600,0.0,0.0
2014-04-23 00:00:00-04:00,51.90999984741211,52.939998626708984,51.90999984741211,52.45000076293945,1260500,0.0,0.0
2014-04-24 00:00:00-04:00,52.25,52.79999923706055,48.560001373291016,50.79999923706055,2825500,0.0,0.0
2014-04-25 00:00:00-04:00,50.40999984741211,50.7400016784668,49.790000915527344,50.0,1352700,0.0,0.0
2014-04-28 00:00:00-04:00,50.0,50.75,48.130001068115234,49.16999816894531,1018400,0.0,0.0
2014-04-29 00:00:00-04:00,49.560001373291016,50.470001220703125,49.189998626708984,50.060001373291016,1038400,0.0,0.0
2014-04-30 00:00:00-04:00,49.810001373291016,50.77000045776367,49.47999954223633,50.38999938964844,1070600,0.0,0.0
2014-05-01 00:00:00-04:00,50.349998474121094,51.83000183105469,49.61000061035156,51.0,1160600,0.0,0.0
2014-05-02 00:00:00-04:00,51.150001525878906,51.59000015258789,50.349998474121094,50.43000030517578,620900,0.0,0.0
2014-05-05 00:00:00-04:00,49.90999984741211,50.59000015258789,49.220001220703125,50.33000183105469,655700,0.0,0.0
2014-05-06 00:00:00-04:00,49.9900016784668,50.95000076293945,48.90999984741211,49.029998779296875,847300,0.0,0.0
2014-05-07 00:00:00-04:00,49.04999923706055,49.04999923706055,47.220001220703125,48.189998626708984,1444300,0.0,0.0
2014-05-08 00:00:00-04:00,48.18000030517578,49.529998779296875,47.220001220703125,48.040000915527344,925200,0.0,0.0
2014-05-09 00:00:00-04:00,47.869998931884766,49.459999084472656,47.52000045776367,49.45000076293945,648800,0.0,0.0
2014-05-12 00:00:00-04:00,49.709999084472656,51.52000045776367,49.220001220703125,51.29999923706055,872400,0.0,0.0
2014-05-13 00:00:00-04:00,51.08000183105469,51.650001525878906,50.72999954223633,51.0099983215332,695500,0.0,0.0
2014-05-14 00:00:00-04:00,50.709999084472656,51.15999984741211,49.93000030517578,50.09000015258789,715300,0.0,0.0
2014-05-15 00:00:00-04:00,49.650001525878906,50.0,48.880001068115234,49.689998626708984,538200,0.0,0.0
2014-05-16 00:00:00-04:00,49.72999954223633,50.36000061035156,49.06999969482422,50.349998474121094,559900,0.0,0.0
2014-05-19 00:00:00-04:00,50.06999969482422,51.15999984741211,49.79999923706055,50.790000915527344,804200,0.0,0.0
2014-05-20 00:00:00-04:00,50.630001068115234,50.630001068115234,49.52000045776367,50.040000915527344,978600,0.0,0.0
2014-05-21 00:00:00-04:00,50.13999938964844,52.9900016784668,49.75,52.709999084472656,1316200,0.0,0.0
2014-05-22 00:00:00-04:00,52.54999923706055,53.25,51.9900016784668,52.720001220703125,778500,0.0,0.0
2014-05-23 00:00:00-04:00,52.709999084472656,54.349998474121094,52.31999969482422,54.130001068115234,875800,0.0,0.0
2014-05-27 00:00:00-04:00,54.720001220703125,54.9900016784668,53.54999923706055,53.689998626708984,956000,0.0,0.0
2014-05-28 00:00:00-04:00,53.5,54.13999938964844,52.54999923706055,53.18000030517578,1004400,0.0,0.0
2014-05-29 00:00:00-04:00,53.599998474121094,55.41999816894531,52.849998474121094,55.119998931884766,1456700,0.0,0.0
2014-05-30 00:00:00-04:00,54.9900016784668,55.33000183105469,53.77000045776367,54.61000061035156,1290600,0.0,0.0
2014-06-02 00:00:00-04:00,54.75,55.2400016784668,54.22999954223633,55.0099983215332,823300,0.0,0.0
2014-06-03 00:00:00-04:00,54.25,55.439998626708984,53.869998931884766,53.88999938964844,1183900,0.0,0.0
2014-06-04 00:00:00-04:00,53.63999938964844,53.63999938964844,52.88999938964844,53.369998931884766,1128000,0.0,0.0
2014-06-05 00:00:00-04:00,53.459999084472656,54.099998474121094,52.66999816894531,53.560001373291016,614800,0.0,0.0
2014-06-06 00:00:00-04:00,53.880001068115234,53.880001068115234,52.939998626708984,53.369998931884766,804000,0.0,0.0
2014-06-09 00:00:00-04:00,53.189998626708984,53.77000045776367,52.83000183105469,53.150001525878906,703900,0.0,0.0
2014-06-10 00:00:00-04:00,53.130001068115234,53.470001220703125,52.06999969482422,52.470001220703125,644800,0.0,0.0
2014-06-11 00:00:00-04:00,51.849998474121094,52.709999084472656,51.54999923706055,51.599998474121094,648100,0.0,0.0
2014-06-12 00:00:00-04:00,51.650001525878906,51.86000061035156,50.66999816894531,50.810001373291016,826700,0.0,0.0
2014-06-13 00:00:00-04:00,51.08000183105469,51.08000183105469,50.310001373291016,50.779998779296875,728200,0.0,0.0
2014-06-16 00:00:00-04:00,50.689998626708984,51.189998626708984,50.369998931884766,50.95000076293945,745100,0.0,0.0
2014-06-17 00:00:00-04:00,50.75,51.9900016784668,50.560001373291016,51.060001373291016,595500,0.0,0.0
2014-06-18 00:00:00-04:00,51.0099983215332,51.91999816894531,50.79999923706055,51.83000183105469,562900,0.0,0.0
2014-06-19 00:00:00-04:00,52.029998779296875,52.18000030517578,51.709999084472656,52.15999984741211,628900,0.0,0.0
2014-06-20 00:00:00-04:00,52.52000045776367,52.650001525878906,52.08000183105469,52.38999938964844,1222500,0.0,0.0
2014-06-23 00:00:00-04:00,52.25,52.7400016784668,52.060001373291016,52.5099983215332,925900,0.0,0.0
2014-06-24 00:00:00-04:00,52.150001525878906,53.11000061035156,52.150001525878906,52.7400016784668,1378600,0.0,0.0
2014-06-25 00:00:00-04:00,52.43000030517578,54.130001068115234,52.20000076293945,54.04999923706055,1096200,0.0,0.0
2014-06-26 00:00:00-04:00,55.18000030517578,55.18000030517578,54.08000183105469,55.130001068115234,1458800,0.0,0.0
2014-06-27 00:00:00-04:00,54.95000076293945,56.630001068115234,54.779998779296875,56.31999969482422,10715600,0.0,0.0
2014-06-30 00:00:00-04:00,56.400001525878906,56.75,55.7599983215332,56.040000915527344,1352200,0.0,0.0
2014-07-01 00:00:00-04:00,56.33000183105469,57.630001068115234,56.16999816894531,57.36000061035156,1213600,0.0,0.0
2014-07-02 00:00:00-04:00,57.36000061035156,57.790000915527344,56.56999969482422,56.790000915527344,873000,0.0,0.0
2014-07-03 00:00:00-04:00,56.90999984741211,57.189998626708984,56.41999816894531,57.13999938964844,749600,0.0,0.0
2014-07-07 00:00:00-04:00,56.970001220703125,57.22999954223633,55.9900016784668,56.119998931884766,678500,0.0,0.0
2014-07-08 00:00:00-04:00,56.04999923706055,56.04999923706055,54.5,55.11000061035156,979100,0.0,0.0
2014-07-09 00:00:00-04:00,55.20000076293945,55.630001068115234,54.849998474121094,55.060001373291016,558900,0.0,0.0
2014-07-10 00:00:00-04:00,54.22999954223633,55.15999984741211,54.0099983215332,54.459999084472656,881200,0.0,0.0
2014-07-11 00:00:00-04:00,54.56999969482422,54.79999923706055,53.459999084472656,54.09000015258789,779900,0.0,0.0
2014-07-14 00:00:00-04:00,54.720001220703125,54.7400016784668,54.099998474121094,54.310001373291016,391000,0.0,0.0
2014-07-15 00:00:00-04:00,54.27000045776367,54.439998626708984,53.060001373291016,53.90999984741211,524500,0.0,0.0
2014-07-16 00:00:00-04:00,54.349998474121094,54.45000076293945,53.5,53.91999816894531,590700,0.0,0.0
2014-07-17 00:00:00-04:00,53.599998474121094,54.130001068115234,52.16999816894531,52.2599983215332,836600,0.0,0.0
2014-07-18 00:00:00-04:00,52.29999923706055,52.61000061035156,51.86000061035156,52.56999969482422,1705200,0.0,0.0
2014-07-21 00:00:00-04:00,52.150001525878906,52.369998931884766,51.290000915527344,51.619998931884766,1439200,0.0,0.0
2014-07-22 00:00:00-04:00,52.0,53.16999816894531,51.959999084472656,52.619998931884766,1070300,0.0,0.0
2014-07-23 00:00:00-04:00,52.790000915527344,53.2400016784668,52.5099983215332,53.119998931884766,705400,0.0,0.0
2014-07-24 00:00:00-04:00,53.27000045776367,53.52000045776367,52.939998626708984,53.22999954223633,1024500,0.0,0.0
2014-07-25 00:00:00-04:00,55.77000045776367,56.90999984741211,55.0,56.36000061035156,1804100,0.0,0.0
2014-07-28 00:00:00-04:00,56.36000061035156,56.58000183105469,54.68000030517578,54.720001220703125,1156400,0.0,0.0
2014-07-29 00:00:00-04:00,54.65999984741211,55.09000015258789,54.029998779296875,54.720001220703125,795200,0.0,0.0
2014-07-30 00:00:00-04:00,55.099998474121094,55.880001068115234,54.75,55.540000915527344,862900,0.0,0.0
2014-07-31 00:00:00-04:00,55.11000061035156,55.540000915527344,54.209999084472656,54.209999084472656,749000,0.0,0.0
2014-08-01 00:00:00-04:00,54.0,54.13999938964844,53.189998626708984,53.41999816894531,871700,0.0,0.0
2014-08-04 00:00:00-04:00,53.5,54.0,53.20000076293945,53.959999084472656,511600,0.0,0.0
2014-08-05 00:00:00-04:00,53.720001220703125,54.540000915527344,53.59000015258789,54.13999938964844,609100,0.0,0.0
2014-08-06 00:00:00-04:00,53.83000183105469,55.08000183105469,53.720001220703125,54.2599983215332,689300,0.0,0.0
2014-08-07 00:00:00-04:00,54.5099983215332,54.7400016784668,53.47999954223633,53.540000915527344,550100,0.0,0.0
2014-08-08 00:00:00-04:00,53.72999954223633,54.279998779296875,53.099998474121094,54.11000061035156,571400,0.0,0.0
2014-08-11 00:00:00-04:00,54.439998626708984,54.470001220703125,53.66999816894531,54.27000045776367,419200,0.0,0.0
2014-08-12 00:00:00-04:00,53.9900016784668,54.380001068115234,53.41999816894531,53.7599983215332,423400,0.0,0.0
2014-08-13 00:00:00-04:00,53.9900016784668,54.83000183105469,53.810001373291016,54.75,433100,0.0,0.0
2014-08-14 00:00:00-04:00,54.65999984741211,54.970001220703125,54.209999084472656,54.709999084472656,332200,0.0,0.0
2014-08-15 00:00:00-04:00,55.0,55.06999969482422,53.75,54.349998474121094,420900,0.0,0.0
2014-08-18 00:00:00-04:00,54.900001525878906,55.02000045776367,54.59000015258789,54.95000076293945,408700,0.0,0.0
2014-08-19 00:00:00-04:00,54.810001373291016,55.310001373291016,54.720001220703125,55.13999938964844,414100,0.0,0.0
2014-08-20 00:00:00-04:00,54.81999969482422,55.349998474121094,54.68000030517578,55.09000015258789,272600,0.0,0.0
2014-08-21 00:00:00-04:00,55.099998474121094,55.13999938964844,54.25,54.4900016784668,353800,0.0,0.0
2014-08-22 00:00:00-04:00,54.33000183105469,54.65999984741211,53.5,54.290000915527344,679900,0.0,0.0
2014-08-25 00:00:00-04:00,54.72999954223633,55.439998626708984,54.279998779296875,55.220001220703125,497100,0.0,0.0
2014-08-26 00:00:00-04:00,55.4900016784668,56.88999938964844,55.0099983215332,56.61000061035156,780600,0.0,0.0
2014-08-27 00:00:00-04:00,56.58000183105469,56.58000183105469,55.290000915527344,55.5,450200,0.0,0.0
2014-08-28 00:00:00-04:00,55.220001220703125,55.220001220703125,54.720001220703125,54.790000915527344,309000,0.0,0.0
2014-08-29 00:00:00-04:00,54.849998474121094,54.849998474121094,54.130001068115234,54.459999084472656,431000,0.0,0.0
2014-09-02 00:00:00-04:00,54.459999084472656,55.560001373291016,54.189998626708984,55.529998779296875,597300,0.0,0.0
2014-09-03 00:00:00-04:00,55.470001220703125,55.540000915527344,54.81999969482422,55.290000915527344,543500,0.0,0.0
2014-09-04 00:00:00-04:00,55.5,55.810001373291016,54.91999816894531,55.310001373291016,449200,0.0,0.0
2014-09-05 00:00:00-04:00,55.22999954223633,55.65999984741211,54.779998779296875,55.310001373291016,405400,0.0,0.0
2014-09-08 00:00:00-04:00,55.310001373291016,55.619998931884766,55.0099983215332,55.58000183105469,571000,0.0,0.0
2014-09-09 00:00:00-04:00,55.56999969482422,55.90999984741211,54.79999923706055,54.900001525878906,990800,0.0,0.0
2014-09-10 00:00:00-04:00,54.81999969482422,55.540000915527344,54.81999969482422,55.31999969482422,498500,0.0,0.0
2014-09-11 00:00:00-04:00,55.130001068115234,55.58000183105469,55.02000045776367,55.54999923706055,457000,0.0,0.0
2014-09-12 00:00:00-04:00,55.33000183105469,55.709999084472656,54.7599983215332,54.900001525878906,384200,0.0,0.0
2014-09-15 00:00:00-04:00,54.90999984741211,55.16999816894531,53.61000061035156,53.779998779296875,383500,0.0,0.0
2014-09-16 00:00:00-04:00,53.70000076293945,54.27000045776367,53.040000915527344,54.16999816894531,855800,0.0,0.0
2014-09-17 00:00:00-04:00,54.25,54.439998626708984,53.5,53.900001525878906,312300,0.0,0.0
2014-09-18 00:00:00-04:00,54.09000015258789,54.77000045776367,53.790000915527344,54.369998931884766,321200,0.0,0.0
2014-09-19 00:00:00-04:00,54.47999954223633,54.970001220703125,54.369998931884766,54.880001068115234,844300,0.0,0.0
2014-09-22 00:00:00-04:00,54.599998474121094,54.970001220703125,53.880001068115234,53.939998626708984,515500,0.0,0.0
2014-09-23 00:00:00-04:00,53.63999938964844,53.91999816894531,52.90999984741211,52.93000030517578,320600,0.0,0.0
2014-09-24 00:00:00-04:00,53.040000915527344,53.869998931884766,52.70000076293945,53.79999923706055,605300,0.0,0.0
2014-09-25 00:00:00-04:00,53.59000015258789,53.90999984741211,52.7599983215332,52.83000183105469,462500,0.0,0.0
2014-09-26 00:00:00-04:00,52.970001220703125,53.41999816894531,52.459999084472656,53.189998626708984,784100,0.0,0.0
2014-09-29 00:00:00-04:00,52.52000045776367,53.43000030517578,52.52000045776367,53.119998931884766,561500,0.0,0.0
2014-09-30 00:00:00-04:00,53.22999954223633,53.5099983215332,51.65999984741211,51.68000030517578,839100,0.0,0.0
2014-10-01 00:00:00-04:00,51.810001373291016,51.86000061035156,50.0,50.06999969482422,1216000,0.0,0.0
2014-10-02 00:00:00-04:00,49.939998626708984,50.11000061035156,47.61000061035156,48.79999923706055,2388500,0.0,0.0
2014-10-03 00:00:00-04:00,48.95000076293945,49.04999923706055,48.02000045776367,48.4900016784668,1741500,0.0,0.0
2014-10-06 00:00:00-04:00,48.7599983215332,48.93000030517578,47.83000183105469,47.86000061035156,1292700,0.0,0.0
2014-10-07 00:00:00-04:00,47.63999938964844,47.86000061035156,47.02000045776367,47.029998779296875,1019600,0.0,0.0
2014-10-08 00:00:00-04:00,46.91999816894531,47.869998931884766,46.5,47.790000915527344,816600,0.0,0.0
2014-10-09 00:00:00-04:00,47.58000183105469,47.77000045776367,46.61000061035156,46.630001068115234,917900,0.0,0.0
2014-10-10 00:00:00-04:00,46.560001373291016,47.02000045776367,45.189998626708984,45.220001220703125,1003100,0.0,0.0
2014-10-13 00:00:00-04:00,45.11000061035156,46.959999084472656,44.7599983215332,44.959999084472656,884100,0.0,0.0
2014-10-14 00:00:00-04:00,45.209999084472656,45.869998931884766,44.15999984741211,44.369998931884766,1132200,0.0,0.0
2014-10-15 00:00:00-04:00,43.68000030517578,44.95000076293945,43.27000045776367,44.560001373291016,967700,0.0,0.0
2014-10-16 00:00:00-04:00,44.119998931884766,45.43000030517578,44.029998779296875,45.15999984741211,992600,0.0,0.0
2014-10-17 00:00:00-04:00,45.79999923706055,46.029998779296875,45.119998931884766,45.380001068115234,649700,0.0,0.0
2014-10-20 00:00:00-04:00,48.31999969482422,48.47999954223633,46.81999969482422,47.59000015258789,926700,0.0,0.0
2014-10-21 00:00:00-04:00,47.869998931884766,48.900001525878906,47.869998931884766,48.79999923706055,916300,0.0,0.0
2014-10-22 00:00:00-04:00,48.97999954223633,49.02000045776367,47.939998626708984,47.97999954223633,629300,0.0,0.0
2014-10-23 00:00:00-04:00,48.599998474121094,49.61000061035156,48.290000915527344,49.040000915527344,915100,0.0,0.0
2014-10-24 00:00:00-04:00,51.91999816894531,53.22999954223633,50.560001373291016,51.5,2244300,0.0,0.0
2014-10-27 00:00:00-04:00,51.02000045776367,51.470001220703125,50.790000915527344,51.31999969482422,700500,0.0,0.0
2014-10-28 00:00:00-04:00,51.31999969482422,52.83000183105469,50.939998626708984,52.209999084472656,661600,0.0,0.0
2014-10-29 00:00:00-04:00,52.099998474121094,52.45000076293945,51.650001525878906,52.18000030517578,568700,0.0,0.0
2014-10-30 00:00:00-04:00,51.900001525878906,52.310001373291016,51.27000045776367,51.95000076293945,487300,0.0,0.0
2014-10-31 00:00:00-04:00,52.4900016784668,52.880001068115234,52.060001373291016,52.619998931884766,577500,0.0,0.0
2014-11-03 00:00:00-05:00,52.77000045776367,53.04999923706055,51.790000915527344,51.810001373291016,674100,0.0,0.0
2014-11-04 00:00:00-05:00,51.95000076293945,52.41999816894531,51.7599983215332,52.22999954223633,506800,0.0,0.0
2014-11-05 00:00:00-05:00,52.56999969482422,52.97999954223633,51.709999084472656,51.84000015258789,351700,0.0,0.0
2014-11-06 00:00:00-05:00,51.810001373291016,52.70000076293945,51.63999938964844,52.630001068115234,412200,0.0,0.0
2014-11-07 00:00:00-05:00,52.77000045776367,52.79999923706055,52.13999938964844,52.38999938964844,611000,0.0,0.0
2014-11-10 00:00:00-05:00,52.630001068115234,53.209999084472656,52.0099983215332,52.369998931884766,585800,0.0,0.0
2014-11-11 00:00:00-05:00,52.279998779296875,53.599998474121094,52.0099983215332,53.56999969482422,534500,0.0,0.0
2014-11-12 00:00:00-05:00,53.11000061035156,54.90999984741211,53.11000061035156,54.86000061035156,920000,0.0,0.0
2014-11-13 00:00:00-05:00,54.810001373291016,54.95000076293945,54.27000045776367,54.709999084472656,1042000,0.0,0.0
2014-11-14 00:00:00-05:00,54.619998931884766,54.91999816894531,54.08000183105469,54.27000045776367,319700,0.0,0.0
2014-11-17 00:00:00-05:00,54.369998931884766,54.90999984741211,54.06999969482422,54.25,402700,0.0,0.0
2014-11-18 00:00:00-05:00,54.400001525878906,55.11000061035156,54.11000061035156,54.7599983215332,395700,0.0,0.0
2014-11-19 00:00:00-05:00,54.58000183105469,54.58000183105469,53.88999938964844,54.41999816894531,374600,0.0,0.0
2014-11-20 00:00:00-05:00,54.0099983215332,55.130001068115234,53.65999984741211,55.130001068115234,423000,0.0,0.0
2014-11-21 00:00:00-05:00,55.65999984741211,56.0099983215332,55.18000030517578,55.65999984741211,580200,0.0,0.0
2014-11-24 00:00:00-05:00,55.63999938964844,57.02000045776367,55.54999923706055,56.97999954223633,593900,0.0,0.0
2014-11-25 00:00:00-05:00,57.540000915527344,57.709999084472656,56.58000183105469,57.29999923706055,1038400,0.0,0.0
2014-11-26 00:00:00-05:00,56.95000076293945,57.380001068115234,56.849998474121094,57.34000015258789,867600,0.0,0.0
2014-11-28 00:00:00-05:00,57.34000015258789,57.58000183105469,56.7599983215332,56.900001525878906,646600,0.0,0.0
2014-12-01 00:00:00-05:00,56.7400016784668,56.810001373291016,55.84000015258789,55.849998474121094,647100,0.0,0.0
2014-12-02 00:00:00-05:00,56.0,57.130001068115234,55.7599983215332,57.0,505000,0.0,0.0
2014-12-03 00:00:00-05:00,57.38999938964844,57.38999938964844,55.959999084472656,56.31999969482422,938200,0.0,0.0
2014-12-04 00:00:00-05:00,56.38999938964844,56.7400016784668,56.0,56.33000183105469,658100,0.0,0.0
2014-12-05 00:00:00-05:00,56.29999923706055,56.869998931884766,56.11000061035156,56.790000915527344,467900,0.0,0.0
2014-12-08 00:00:00-05:00,56.599998474121094,57.349998474121094,56.599998474121094,56.84000015258789,619800,0.0,0.0
2014-12-09 00:00:00-05:00,56.0,57.720001220703125,55.560001373291016,57.630001068115234,532200,0.0,0.0
2014-12-10 00:00:00-05:00,57.52000045776367,57.70000076293945,56.5099983215332,56.56999969482422,692200,0.0,0.0
2014-12-11 00:00:00-05:00,56.959999084472656,57.66999816894531,56.439998626708984,56.459999084472656,460900,0.0,0.0
2014-12-12 00:00:00-05:00,55.900001525878906,56.75,55.58000183105469,55.72999954223633,446900,0.0,0.0
2014-12-15 00:00:00-05:00,56.06999969482422,56.11000061035156,54.9900016784668,55.40999984741211,539000,0.0,0.0
2014-12-16 00:00:00-05:00,55.689998626708984,56.130001068115234,54.869998931884766,55.08000183105469,423400,0.0,0.0
2014-12-17 00:00:00-05:00,54.84000015258789,55.56999969482422,54.0099983215332,55.45000076293945,639500,0.0,0.0
2014-12-18 00:00:00-05:00,56.439998626708984,56.63999938964844,55.54999923706055,56.099998474121094,494800,0.0,0.0
2014-12-19 00:00:00-05:00,56.27000045776367,57.209999084472656,55.88999938964844,56.83000183105469,736400,0.0,0.0
2014-12-22 00:00:00-05:00,56.7400016784668,57.33000183105469,56.209999084472656,56.880001068115234,299700,0.0,0.0
2014-12-23 00:00:00-05:00,57.31999969482422,57.349998474121094,55.79999923706055,56.84000015258789,322000,0.0,0.0
2014-12-24 00:00:00-05:00,57.0,57.63999938964844,56.88999938964844,57.0099983215332,142000,0.0,0.0
2014-12-26 00:00:00-05:00,57.33000183105469,57.52000045776367,56.4900016784668,56.65999984741211,146600,0.0,0.0
2014-12-29 00:00:00-05:00,56.56999969482422,57.040000915527344,56.290000915527344,56.33000183105469,272400,0.0,0.0
2014-12-30 00:00:00-05:00,56.29999923706055,56.849998474121094,56.18000030517578,56.36000061035156,163900,0.0,0.0
2014-12-31 00:00:00-05:00,56.41999816894531,57.36000061035156,55.849998474121094,55.90999984741211,221800,0.0,0.0
2015-01-02 00:00:00-05:00,57.2400016784668,58.380001068115234,55.779998779296875,56.20000076293945,796900,0.0,0.0
2015-01-05 00:00:00-05:00,55.88999938964844,57.52000045776367,55.63999938964844,56.9900016784668,593600,0.0,0.0
2015-01-06 00:00:00-05:00,57.33000183105469,57.939998626708984,56.790000915527344,57.45000076293945,825000,0.0,0.0
2015-01-07 00:00:00-05:00,57.970001220703125,59.75,57.45000076293945,59.56999969482422,1053500,0.0,0.0
2015-01-08 00:00:00-05:00,60.0,61.66999816894531,59.7400016784668,61.439998626708984,1289100,0.0,0.0
2015-01-09 00:00:00-05:00,61.66999816894531,62.81999969482422,61.5,62.58000183105469,1549400,0.0,0.0
2015-01-12 00:00:00-05:00,62.869998931884766,63.29999923706055,62.66999816894531,63.16999816894531,1097700,0.0,0.0
2015-01-13 00:00:00-05:00,63.59000015258789,64.75,62.0,62.650001525878906,1155600,0.0,0.0
2015-01-14 00:00:00-05:00,61.41999816894531,62.5099983215332,60.630001068115234,61.060001373291016,853400,0.0,0.0
2015-01-15 00:00:00-05:00,61.38999938964844,61.939998626708984,59.5,59.630001068115234,599500,0.0,0.0
2015-01-16 00:00:00-05:00,59.029998779296875,59.20000076293945,56.0099983215332,56.91999816894531,1869600,0.0,0.0
2015-01-20 00:00:00-05:00,57.09000015258789,57.220001220703125,55.45000076293945,56.2400016784668,1221400,0.0,0.0
2015-01-21 00:00:00-05:00,56.2400016784668,57.04999923706055,55.66999816894531,55.900001525878906,868100,0.0,0.0
2015-01-22 00:00:00-05:00,56.130001068115234,58.11000061035156,55.959999084472656,58.0099983215332,881800,0.0,0.0
2015-01-23 00:00:00-05:00,58.029998779296875,58.15999984741211,57.0099983215332,57.459999084472656,790300,0.0,0.0
2015-01-26 00:00:00-05:00,57.470001220703125,58.34000015258789,56.65999984741211,58.20000076293945,725300,0.0,0.0
2015-01-27 00:00:00-05:00,57.560001373291016,58.880001068115234,57.08000183105469,58.75,662100,0.0,0.0
2015-01-28 00:00:00-05:00,59.41999816894531,60.16999816894531,58.459999084472656,58.56999969482422,1218700,0.0,0.0
2015-01-29 00:00:00-05:00,58.04999923706055,58.779998779296875,56.63999938964844,58.66999816894531,1473100,0.0,0.0
2015-01-30 00:00:00-05:00,52.790000915527344,55.150001525878906,51.77000045776367,53.04999923706055,5114900,0.0,0.0
2015-02-02 00:00:00-05:00,53.0,55.29999923706055,52.02000045776367,55.18000030517578,1931900,0.0,0.0
2015-02-03 00:00:00-05:00,55.220001220703125,55.97999954223633,54.04999923706055,54.68000030517578,1220300,0.0,0.0
2015-02-04 00:00:00-05:00,54.2599983215332,55.310001373291016,53.9900016784668,54.29999923706055,808600,0.0,0.0
2015-02-05 00:00:00-05:00,54.63999938964844,55.29999923706055,54.25,55.0,717000,0.0,0.0
2015-02-06 00:00:00-05:00,54.959999084472656,55.4900016784668,54.34000015258789,54.630001068115234,493500,0.0,0.0
2015-02-09 00:00:00-05:00,54.22999954223633,55.08000183105469,54.0099983215332,55.02000045776367,742700,0.0,0.0
2015-02-10 00:00:00-05:00,54.650001525878906,55.79999923706055,54.290000915527344,55.7400016784668,794700,0.0,0.0
2015-02-11 00:00:00-05:00,55.70000076293945,56.150001525878906,55.2599983215332,55.79999923706055,630400,0.0,0.0
2015-02-12 00:00:00-05:00,56.36000061035156,57.36000061035156,55.81999969482422,57.2400016784668,813800,0.0,0.0
2015-02-13 00:00:00-05:00,57.04999923706055,57.31999969482422,56.720001220703125,56.900001525878906,704500,0.0,0.0
2015-02-17 00:00:00-05:00,56.900001525878906,58.15999984741211,56.400001525878906,57.630001068115234,775900,0.0,0.0
2015-02-18 00:00:00-05:00,57.650001525878906,57.66999816894531,55.849998474121094,56.540000915527344,1021400,0.0,0.0
2015-02-19 00:00:00-05:00,56.56999969482422,57.099998474121094,56.09000015258789,56.810001373291016,657600,0.0,0.0
2015-02-20 00:00:00-05:00,56.849998474121094,57.25,56.400001525878906,56.810001373291016,569100,0.0,0.0
2015-02-23 00:00:00-05:00,56.369998931884766,56.77000045776367,56.08000183105469,56.540000915527344,649900,0.0,0.0
2015-02-24 00:00:00-05:00,56.54999923706055,56.81999969482422,56.18000030517578,56.560001373291016,561000,0.0,0.0
2015-02-25 00:00:00-05:00,56.779998779296875,57.13999938964844,55.9900016784668,56.15999984741211,493500,0.0,0.0
2015-02-26 00:00:00-05:00,55.720001220703125,56.63999938964844,55.630001068115234,56.43000030517578,877200,0.0,0.0
2015-02-27 00:00:00-05:00,56.34000015258789,57.529998779296875,55.86000061035156,57.349998474121094,591700,0.0,0.0
2015-03-02 00:00:00-05:00,57.959999084472656,58.150001525878906,57.15999984741211,57.7599983215332,430000,0.0,0.0
2015-03-03 00:00:00-05:00,57.75,57.869998931884766,56.779998779296875,56.970001220703125,442400,0.0,0.0
2015-03-04 00:00:00-05:00,57.0,57.31999969482422,56.599998474121094,57.150001525878906,456700,0.0,0.0
2015-03-05 00:00:00-05:00,57.150001525878906,58.130001068115234,56.93000030517578,57.88999938964844,453300,0.0,0.0
2015-03-06 00:00:00-05:00,57.77000045776367,58.15999984741211,56.7599983215332,57.09000015258789,576100,0.0,0.0
2015-03-09 00:00:00-04:00,57.029998779296875,57.290000915527344,56.22999954223633,56.4900016784668,615400,0.0,0.0
2015-03-10 00:00:00-04:00,56.439998626708984,57.41999816894531,56.349998474121094,56.86000061035156,833500,0.0,0.0
2015-03-11 00:00:00-04:00,56.84000015258789,57.68000030517578,56.52000045776367,56.93000030517578,625400,0.0,0.0
2015-03-12 00:00:00-04:00,57.0,57.209999084472656,56.34000015258789,56.9900016784668,519300,0.0,0.0
2015-03-13 00:00:00-04:00,56.97999954223633,57.220001220703125,55.400001525878906,55.97999954223633,621700,0.0,0.0
2015-03-16 00:00:00-04:00,56.11000061035156,56.68000030517578,55.90999984741211,56.34000015258789,813500,0.0,0.0
2015-03-17 00:00:00-04:00,56.0,56.41999816894531,55.400001525878906,56.189998626708984,1040900,0.0,0.0
2015-03-18 00:00:00-04:00,56.119998931884766,56.709999084472656,55.709999084472656,56.380001068115234,699700,0.0,0.0
2015-03-19 00:00:00-04:00,56.29999923706055,58.38999938964844,56.189998626708984,58.31999969482422,741000,0.0,0.0
2015-03-20 00:00:00-04:00,58.52000045776367,58.52000045776367,56.779998779296875,57.18000030517578,1688700,0.0,0.0
2015-03-23 00:00:00-04:00,57.09000015258789,57.15999984741211,56.29999923706055,56.33000183105469,617900,0.0,0.0
2015-03-24 00:00:00-04:00,56.439998626708984,56.61000061035156,55.36000061035156,55.47999954223633,669300,0.0,0.0
2015-03-25 00:00:00-04:00,55.41999816894531,56.130001068115234,54.650001525878906,54.689998626708984,680700,0.0,0.0
2015-03-26 00:00:00-04:00,54.400001525878906,54.91999816894531,53.150001525878906,54.58000183105469,775800,0.0,0.0
2015-03-27 00:00:00-04:00,54.189998626708984,54.650001525878906,52.13999938964844,54.040000915527344,1696100,0.0,0.0
2015-03-30 00:00:00-04:00,54.400001525878906,55.02000045776367,53.97999954223633,54.599998474121094,844400,0.0,0.0
2015-03-31 00:00:00-04:00,54.47999954223633,54.95000076293945,53.7400016784668,53.790000915527344,834500,0.0,0.0
2015-04-01 00:00:00-04:00,53.66999816894531,53.869998931884766,52.279998779296875,52.45000076293945,1177600,0.0,0.0
2015-04-02 00:00:00-04:00,52.290000915527344,53.29999923706055,52.290000915527344,52.75,1095800,0.0,0.0
2015-04-06 00:00:00-04:00,52.619998931884766,53.40999984741211,52.2599983215332,53.06999969482422,924400,0.0,0.0
2015-04-07 00:00:00-04:00,53.349998474121094,53.7400016784668,52.5,52.54999923706055,985500,0.0,0.0
2015-04-08 00:00:00-04:00,52.709999084472656,53.15999984741211,51.650001525878906,52.720001220703125,2163600,0.0,0.0
2015-04-09 00:00:00-04:00,52.630001068115234,53.0,52.27000045776367,52.720001220703125,921300,0.0,0.0
2015-04-10 00:00:00-04:00,53.0,54.68000030517578,52.95000076293945,54.290000915527344,1917200,0.0,0.0
2015-04-13 00:00:00-04:00,54.29999923706055,54.86000061035156,53.79999923706055,53.81999969482422,828200,0.0,0.0
2015-04-14 00:00:00-04:00,53.86000061035156,54.34000015258789,53.0099983215332,53.150001525878906,457900,0.0,0.0
2015-04-15 00:00:00-04:00,53.29999923706055,53.56999969482422,52.75,52.86000061035156,721600,0.0,0.0
2015-04-16 00:00:00-04:00,52.900001525878906,53.2599983215332,52.290000915527344,52.77000045776367,601900,0.0,0.0
2015-04-17 00:00:00-04:00,52.43000030517578,53.439998626708984,52.290000915527344,53.380001068115234,762600,0.0,0.0
2015-04-20 00:00:00-04:00,53.56999969482422,54.27000045776367,53.369998931884766,54.209999084472656,597800,0.0,0.0
2015-04-21 00:00:00-04:00,58.09000015258789,58.09000015258789,55.9900016784668,56.150001525878906,1637500,0.0,0.0
2015-04-22 00:00:00-04:00,56.18000030517578,56.2599983215332,55.40999984741211,55.939998626708984,955100,0.0,0.0
2015-04-23 00:00:00-04:00,55.900001525878906,56.72999954223633,55.5,56.0099983215332,1419500,0.0,0.0
2015-04-24 00:00:00-04:00,60.93000030517578,61.2400016784668,58.880001068115234,59.18000030517578,3776100,0.0,0.0
2015-04-27 00:00:00-04:00,59.18000030517578,59.88999938964844,58.369998931884766,58.59000015258789,1176900,0.0,0.0
2015-04-28 00:00:00-04:00,58.439998626708984,59.560001373291016,57.720001220703125,59.45000076293945,1110200,0.0,0.0
2015-04-29 00:00:00-04:00,59.31999969482422,60.7400016784668,59.060001373291016,60.18000030517578,1431900,0.0,0.0
2015-04-30 00:00:00-04:00,59.599998474121094,60.130001068115234,58.7599983215332,58.84000015258789,1239200,0.0,0.0
2015-05-01 00:00:00-04:00,58.7400016784668,59.7599983215332,58.54999923706055,59.18000030517578,1084500,0.0,0.0
2015-05-04 00:00:00-04:00,59.34000015258789,60.61000061035156,59.11000061035156,60.349998474121094,651500,0.0,0.0
2015-05-05 00:00:00-04:00,60.369998931884766,60.45000076293945,58.77000045776367,59.5099983215332,859900,0.0,0.0
2015-05-06 00:00:00-04:00,59.47999954223633,59.58000183105469,58.63999938964844,58.90999984741211,721000,0.0,0.0
2015-05-07 00:00:00-04:00,58.65999984741211,59.349998474121094,58.65999984741211,58.869998931884766,483200,0.0,0.0
2015-05-08 00:00:00-04:00,59.41999816894531,60.400001525878906,59.22999954223633,59.709999084472656,468400,0.0,0.0
2015-05-11 00:00:00-04:00,59.4900016784668,59.90999984741211,59.22999954223633,59.349998474121094,351400,0.0,0.0
2015-05-12 00:00:00-04:00,59.130001068115234,59.130001068115234,57.88999938964844,58.63999938964844,489300,0.0,0.0
2015-05-13 00:00:00-04:00,58.86000061035156,59.119998931884766,58.29999923706055,58.75,525300,0.0,0.0
2015-05-14 00:00:00-04:00,59.02000045776367,59.689998626708984,58.54999923706055,59.310001373291016,439600,0.0,0.0
2015-05-15 00:00:00-04:00,59.310001373291016,59.58000183105469,59.11000061035156,59.279998779296875,279600,0.0,0.0
2015-05-18 00:00:00-04:00,59.25,60.0,59.060001373291016,59.86000061035156,490300,0.0,0.0
2015-05-19 00:00:00-04:00,59.86000061035156,60.0099983215332,59.060001373291016,59.2400016784668,566200,0.0,0.0
2015-05-20 00:00:00-04:00,59.349998474121094,59.790000915527344,59.060001373291016,59.220001220703125,336300,0.0,0.0
2015-05-21 00:00:00-04:00,59.06999969482422,59.689998626708984,58.81999969482422,59.380001068115234,418900,0.0,0.0
2015-05-22 00:00:00-04:00,59.20000076293945,59.959999084472656,58.779998779296875,59.290000915527344,320100,0.0,0.0
2015-05-26 00:00:00-04:00,59.08000183105469,59.63999938964844,58.79999923706055,59.27000045776367,459500,0.0,0.0
2015-05-27 00:00:00-04:00,59.209999084472656,59.779998779296875,58.900001525878906,59.70000076293945,327700,0.0,0.0
2015-05-28 00:00:00-04:00,59.5,61.33000183105469,59.310001373291016,61.18000030517578,1059900,0.0,0.0
2015-05-29 00:00:00-04:00,61.34000015258789,61.41999816894531,60.41999816894531,60.66999816894531,644300,0.0,0.0
2015-06-01 00:00:00-04:00,61.08000183105469,62.720001220703125,61.08000183105469,61.7400016784668,844200,0.0,0.0
2015-06-02 00:00:00-04:00,61.38999938964844,62.40999984741211,61.099998474121094,62.369998931884766,792700,0.0,0.0
2015-06-03 00:00:00-04:00,62.75,63.93000030517578,62.400001525878906,63.400001525878906,1235000,0.0,0.0
2015-06-04 00:00:00-04:00,63.11000061035156,63.36000061035156,62.38999938964844,62.790000915527344,1308800,0.0,0.0
2015-06-05 00:00:00-04:00,62.72999954223633,62.97999954223633,61.810001373291016,62.90999984741211,478300,0.0,0.0
2015-06-08 00:00:00-04:00,63.04999923706055,63.22999954223633,61.72999954223633,61.9900016784668,344900,0.0,0.0
2015-06-09 00:00:00-04:00,62.11000061035156,62.36000061035156,61.31999969482422,61.58000183105469,251300,0.0,0.0
2015-06-10 00:00:00-04:00,61.91999816894531,62.650001525878906,61.040000915527344,62.52000045776367,286500,0.0,0.0
2015-06-11 00:00:00-04:00,62.59000015258789,63.04999923706055,62.20000076293945,62.959999084472656,406400,0.0,0.0
2015-06-12 00:00:00-04:00,62.83000183105469,63.369998931884766,62.38999938964844,63.02000045776367,678700,0.0,0.0
2015-06-15 00:00:00-04:00,62.65999984741211,63.400001525878906,61.7599983215332,63.220001220703125,643600,0.0,0.0
2015-06-16 00:00:00-04:00,63.040000915527344,64.30999755859375,62.75,64.29000091552734,668500,0.0,0.0
2015-06-17 00:00:00-04:00,64.54000091552734,64.98999786376953,59.560001373291016,62.290000915527344,3297200,0.0,0.0
2015-06-18 00:00:00-04:00,62.290000915527344,63.47999954223633,62.0,62.150001525878906,783900,0.0,0.0
2015-06-19 00:00:00-04:00,62.400001525878906,63.47999954223633,62.209999084472656,63.2400016784668,991100,0.0,0.0
2015-06-22 00:00:00-04:00,63.709999084472656,63.709999084472656,62.79999923706055,63.310001373291016,497100,0.0,0.0
2015-06-23 00:00:00-04:00,63.310001373291016,63.599998474121094,62.52000045776367,62.97999954223633,664500,0.0,0.0
2015-06-24 00:00:00-04:00,63.0,63.16999816894531,60.93000030517578,61.119998931884766,959100,0.0,0.0
2015-06-25 00:00:00-04:00,61.25,62.16999816894531,61.16999816894531,61.56999969482422,790700,0.0,0.0
2015-06-26 00:00:00-04:00,61.880001068115234,62.65999984741211,61.689998626708984,62.630001068115234,735000,0.0,0.0
2015-06-29 00:00:00-04:00,62.2599983215332,62.7400016784668,61.540000915527344,61.650001525878906,862800,0.0,0.0
2015-06-30 00:00:00-04:00,62.34000015258789,63.11000061035156,61.650001525878906,62.709999084472656,843600,0.0,0.0
2015-07-01 00:00:00-04:00,63.18000030517578,63.75,62.619998931884766,63.220001220703125,786000,0.0,0.0
2015-07-02 00:00:00-04:00,63.369998931884766,64.0,62.79999923706055,63.290000915527344,1005900,0.0,0.0
2015-07-06 00:00:00-04:00,62.720001220703125,64.18000030517578,62.290000915527344,62.5,2088900,0.0,0.0
2015-07-07 00:00:00-04:00,62.790000915527344,63.65999984741211,61.779998779296875,63.5,640800,0.0,0.0
2015-07-08 00:00:00-04:00,63.2400016784668,63.709999084472656,62.099998474121094,62.7400016784668,746900,0.0,0.0
2015-07-09 00:00:00-04:00,63.36000061035156,63.369998931884766,62.0099983215332,62.20000076293945,567200,0.0,0.0
2015-07-10 00:00:00-04:00,62.84000015258789,63.150001525878906,62.2599983215332,62.939998626708984,573300,0.0,0.0
2015-07-13 00:00:00-04:00,63.2599983215332,63.81999969482422,62.68000030517578,63.61000061035156,471400,0.0,0.0
2015-07-14 00:00:00-04:00,63.529998779296875,64.51000213623047,63.529998779296875,64.30999755859375,423700,0.0,0.0
2015-07-15 00:00:00-04:00,64.5,65.04000091552734,63.970001220703125,64.62999725341797,812100,0.0,0.0
2015-07-16 00:00:00-04:00,65.05000305175781,65.58000183105469,64.70999908447266,65.37000274658203,561800,0.0,0.0
2015-07-17 00:00:00-04:00,65.45999908447266,65.62999725341797,64.72000122070312,64.93000030517578,607800,0.0,0.0
2015-07-20 00:00:00-04:00,65.08000183105469,66.45999908447266,64.94999694824219,66.04000091552734,645900,0.0,0.0
2015-07-21 00:00:00-04:00,66.44999694824219,66.44999694824219,64.73999786376953,65.16000366210938,848600,0.0,0.0
2015-07-22 00:00:00-04:00,64.83000183105469,65.52999877929688,64.7300033569336,65.2300033569336,727900,0.0,0.0
2015-07-23 00:00:00-04:00,65.73999786376953,66.52999877929688,65.16999816894531,65.58999633789062,1484200,0.0,0.0
2015-07-24 00:00:00-04:00,63.5,64.5999984741211,60.04999923706055,60.400001525878906,3805400,0.0,0.0
2015-07-27 00:00:00-04:00,59.59000015258789,60.97999954223633,58.86000061035156,60.97999954223633,1459300,0.0,0.0
2015-07-28 00:00:00-04:00,61.20000076293945,61.61000061035156,60.18000030517578,61.20000076293945,1102100,0.0,0.0
2015-07-29 00:00:00-04:00,61.47999954223633,62.70000076293945,60.72999954223633,62.599998474121094,1435400,0.0,0.0
2015-07-30 00:00:00-04:00,62.79999923706055,62.93000030517578,62.13999938964844,62.36000061035156,663600,0.0,0.0
2015-07-31 00:00:00-04:00,62.59000015258789,63.529998779296875,62.08000183105469,62.70000076293945,628800,0.0,0.0
2015-08-03 00:00:00-04:00,62.47999954223633,63.060001373291016,61.5,62.61000061035156,820200,0.0,0.0
2015-08-04 00:00:00-04:00,62.33000183105469,62.83000183105469,61.38999938964844,61.439998626708984,694700,0.0,0.0
2015-08-05 00:00:00-04:00,61.869998931884766,62.599998474121094,61.5,62.06999969482422,511600,0.0,0.0
2015-08-06 00:00:00-04:00,61.95000076293945,62.040000915527344,60.54999923706055,60.939998626708984,390800,0.0,0.0
2015-08-07 00:00:00-04:00,60.939998626708984,61.209999084472656,60.15999984741211,60.72999954223633,530000,0.0,0.0
2015-08-10 00:00:00-04:00,61.04999923706055,61.970001220703125,61.04999923706055,61.70000076293945,486300,0.0,0.0
2015-08-11 00:00:00-04:00,61.130001068115234,61.779998779296875,60.77000045776367,61.150001525878906,491300,0.0,0.0
2015-08-12 00:00:00-04:00,60.33000183105469,60.95000076293945,59.66999816894531,60.83000183105469,431300,0.0,0.0
2015-08-13 00:00:00-04:00,60.630001068115234,61.27000045776367,60.13999938964844,60.20000076293945,509500,0.0,0.0
2015-08-14 00:00:00-04:00,60.0,60.66999816894531,59.68000030517578,60.56999969482422,341500,0.0,0.0
2015-08-17 00:00:00-04:00,60.47999954223633,60.9900016784668,60.04999923706055,60.880001068115234,701000,0.0,0.0
2015-08-18 00:00:00-04:00,60.810001373291016,61.31999969482422,60.31999969482422,60.52000045776367,385200,0.0,0.0
2015-08-19 00:00:00-04:00,60.06999969482422,60.43000030517578,59.439998626708984,59.72999954223633,726200,0.0,0.0
2015-08-20 00:00:00-04:00,59.5,59.5,57.959999084472656,58.02000045776367,539500,0.0,0.0
2015-08-21 00:00:00-04:00,57.63999938964844,57.9900016784668,56.38999938964844,56.45000076293945,669400,0.0,0.0
2015-08-24 00:00:00-04:00,53.38999938964844,56.40999984741211,52.0099983215332,54.54999923706055,874200,0.0,0.0
2015-08-25 00:00:00-04:00,56.380001068115234,56.470001220703125,54.150001525878906,54.22999954223633,774500,0.0,0.0
2015-08-26 00:00:00-04:00,55.529998779296875,56.220001220703125,54.709999084472656,55.95000076293945,914200,0.0,0.0
2015-08-27 00:00:00-04:00,56.83000183105469,57.4900016784668,55.81999969482422,56.81999969482422,426800,0.0,0.0
2015-08-28 00:00:00-04:00,57.02000045776367,57.36000061035156,56.36000061035156,57.27000045776367,375000,0.0,0.0
2015-08-31 00:00:00-04:00,57.06999969482422,57.84000015258789,56.54999923706055,56.599998474121094,595700,0.0,0.0
2015-09-01 00:00:00-04:00,55.619998931884766,56.439998626708984,53.849998474121094,53.939998626708984,928800,0.0,0.0
2015-09-02 00:00:00-04:00,54.4900016784668,55.130001068115234,53.56999969482422,55.099998474121094,806800,0.0,0.0
2015-09-03 00:00:00-04:00,55.16999816894531,55.86000061035156,54.880001068115234,55.130001068115234,633000,0.0,0.0
2015-09-04 00:00:00-04:00,54.439998626708984,54.869998931884766,53.75,54.279998779296875,510000,0.0,0.0
2015-09-08 00:00:00-04:00,55.209999084472656,55.52000045776367,54.70000076293945,55.400001525878906,474800,0.0,0.0
2015-09-09 00:00:00-04:00,56.029998779296875,56.209999084472656,54.849998474121094,54.970001220703125,332500,0.0,0.0
2015-09-10 00:00:00-04:00,54.689998626708984,55.84000015258789,54.34000015258789,55.189998626708984,369700,0.0,0.0
2015-09-11 00:00:00-04:00,55.529998779296875,56.900001525878906,55.09000015258789,55.54999923706055,631300,0.0,0.0
2015-09-14 00:00:00-04:00,55.65999984741211,55.880001068115234,55.380001068115234,55.61000061035156,563000,0.0,0.0
2015-09-15 00:00:00-04:00,55.84000015258789,56.65999984741211,55.029998779296875,56.52000045776367,484800,0.0,0.0
2015-09-16 00:00:00-04:00,56.33000183105469,56.790000915527344,56.119998931884766,56.599998474121094,447100,0.0,0.0
2015-09-17 00:00:00-04:00,56.72999954223633,59.470001220703125,56.45000076293945,58.45000076293945,755700,0.0,0.0
2015-09-18 00:00:00-04:00,57.7400016784668,58.540000915527344,57.2400016784668,57.41999816894531,686200,0.0,0.0
2015-09-21 00:00:00-04:00,57.5,58.06999969482422,56.68000030517578,57.0099983215332,421300,0.0,0.0
2015-09-22 00:00:00-04:00,56.45000076293945,56.97999954223633,56.119998931884766,56.869998931884766,562000,0.0,0.0
2015-09-23 00:00:00-04:00,56.849998474121094,57.540000915527344,56.709999084472656,57.209999084472656,323800,0.0,0.0
2015-09-24 00:00:00-04:00,56.810001373291016,57.099998474121094,56.09000015258789,56.959999084472656,361600,0.0,0.0
2015-09-25 00:00:00-04:00,57.369998931884766,57.790000915527344,55.90999984741211,56.650001525878906,702200,0.0,0.0
2015-09-28 00:00:00-04:00,56.16999816894531,56.470001220703125,54.63999938964844,55.33000183105469,881200,0.0,0.0
2015-09-29 00:00:00-04:00,55.5099983215332,56.79999923706055,55.150001525878906,55.90999984741211,742600,0.0,0.0
2015-09-30 00:00:00-04:00,56.2400016784668,56.939998626708984,55.5099983215332,56.7599983215332,847200,0.0,0.0
2015-10-01 00:00:00-04:00,56.58000183105469,56.790000915527344,55.0,55.439998626708984,882300,0.0,0.0
2015-10-02 00:00:00-04:00,54.90999984741211,56.970001220703125,54.689998626708984,56.90999984741211,693300,0.0,0.0
2015-10-05 00:00:00-04:00,57.29999923706055,58.59000015258789,57.29999923706055,58.470001220703125,744700,0.0,0.0
2015-10-06 00:00:00-04:00,58.54999923706055,58.959999084472656,55.529998779296875,55.75,721000,0.0,0.0
2015-10-07 00:00:00-04:00,56.04999923706055,56.83000183105469,55.369998931884766,56.54999923706055,671300,0.0,0.0
2015-10-08 00:00:00-04:00,56.59000015258789,56.959999084472656,55.43000030517578,56.22999954223633,450100,0.0,0.0
2015-10-09 00:00:00-04:00,56.33000183105469,56.630001068115234,55.68000030517578,56.38999938964844,689300,0.0,0.0
2015-10-12 00:00:00-04:00,56.45000076293945,57.65999984741211,56.380001068115234,57.2599983215332,355600,0.0,0.0
2015-10-13 00:00:00-04:00,56.83000183105469,57.529998779296875,56.15999984741211,56.209999084472656,747400,0.0,0.0
2015-10-14 00:00:00-04:00,56.52000045776367,57.04999923706055,55.31999969482422,56.5,742500,0.0,0.0
2015-10-15 00:00:00-04:00,57.130001068115234,60.93000030517578,56.97999954223633,60.650001525878906,1555900,0.0,0.0
2015-10-16 00:00:00-04:00,60.83000183105469,61.41999816894531,59.84000015258789,60.650001525878906,653000,0.0,0.0
2015-10-19 00:00:00-04:00,60.470001220703125,61.72999954223633,60.33000183105469,61.099998474121094,769600,0.0,0.0
2015-10-20 00:00:00-04:00,61.279998779296875,62.0,60.720001220703125,61.97999954223633,821200,0.0,0.0
2015-10-21 00:00:00-04:00,62.439998626708984,62.439998626708984,60.7400016784668,61.59000015258789,700000,0.0,0.0
2015-10-22 00:00:00-04:00,61.7599983215332,61.900001525878906,60.349998474121094,60.779998779296875,2557600,0.0,0.0
2015-10-23 00:00:00-04:00,64.5,68.4800033569336,64.4000015258789,67.97000122070312,2609100,0.0,0.0
2015-10-26 00:00:00-04:00,67.0,68.43000030517578,66.18000030517578,68.2699966430664,1298000,0.0,0.0
2015-10-27 00:00:00-04:00,68.0,68.16000366210938,66.22000122070312,67.08999633789062,1255500,0.0,0.0
2015-10-28 00:00:00-04:00,67.12000274658203,67.12000274658203,65.38999938964844,66.30000305175781,1379500,0.0,0.0
2015-10-29 00:00:00-04:00,66.47000122070312,66.47000122070312,65.27999877929688,65.69999694824219,1193900,0.0,0.0
2015-10-30 00:00:00-04:00,65.38999938964844,65.97000122070312,64.55999755859375,65.45999908447266,923900,0.0,0.0
2015-11-02 00:00:00-05:00,65.76000213623047,67.08000183105469,65.1500015258789,66.37000274658203,891900,0.0,0.0
2015-11-03 00:00:00-05:00,66.19999694824219,66.95999908447266,65.61000061035156,66.93000030517578,464600,0.0,0.0
2015-11-04 00:00:00-05:00,67.18000030517578,67.30999755859375,65.9800033569336,66.52999877929688,340100,0.0,0.0
2015-11-05 00:00:00-05:00,66.5999984741211,66.80000305175781,65.77999877929688,66.38999938964844,322100,0.0,0.0
2015-11-06 00:00:00-05:00,66.16000366210938,67.19000244140625,65.94000244140625,67.16999816894531,334200,0.0,0.0
2015-11-09 00:00:00-05:00,66.93000030517578,67.9800033569336,66.56999969482422,67.08000183105469,496500,0.0,0.0
2015-11-10 00:00:00-05:00,66.66000366210938,67.11000061035156,64.69000244140625,66.0999984741211,1177000,0.0,0.0
2015-11-11 00:00:00-05:00,66.0,66.19000244140625,65.43000030517578,65.58999633789062,741000,0.0,0.0
2015-11-12 00:00:00-05:00,65.04000091552734,65.5999984741211,63.880001068115234,64.0,483800,0.0,0.0
2015-11-13 00:00:00-05:00,64.0,64.36000061035156,63.599998474121094,63.66999816894531,475300,0.0,0.0
2015-11-16 00:00:00-05:00,63.650001525878906,65.2300033569336,63.04999923706055,65.1500015258789,699300,0.0,0.0
2015-11-17 00:00:00-05:00,65.33000183105469,66.41000366210938,65.11000061035156,65.27999877929688,642800,0.0,0.0
2015-11-18 00:00:00-05:00,66.62999725341797,66.72000122070312,65.13999938964844,66.33000183105469,436300,0.0,0.0
2015-11-19 00:00:00-05:00,66.37999725341797,67.45999908447266,66.0,67.38999938964844,802100,0.0,0.0
2015-11-20 00:00:00-05:00,67.36000061035156,67.95999908447266,66.91999816894531,67.19000244140625,454000,0.0,0.0
2015-11-23 00:00:00-05:00,67.04000091552734,67.68000030517578,66.91999816894531,67.20999908447266,595500,0.0,0.0
2015-11-24 00:00:00-05:00,67.0,67.30000305175781,66.19000244140625,67.25,663600,0.0,0.0
2015-11-25 00:00:00-05:00,67.45999908447266,67.97000122070312,67.22000122070312,67.76000213623047,321500,0.0,0.0
2015-11-27 00:00:00-05:00,67.7300033569336,67.97000122070312,67.25,67.6500015258789,141200,0.0,0.0
2015-11-30 00:00:00-05:00,67.79000091552734,68.0,66.44999694824219,66.73999786376953,424900,0.0,0.0
2015-12-01 00:00:00-05:00,66.86000061035156,67.2300033569336,66.1500015258789,67.08999633789062,301900,0.0,0.0
2015-12-02 00:00:00-05:00,67.33999633789062,68.33000183105469,67.08999633789062,67.93000030517578,580600,0.0,0.0
2015-12-03 00:00:00-05:00,68.33000183105469,68.41999816894531,65.58000183105469,65.81999969482422,517900,0.0,0.0
2015-12-04 00:00:00-05:00,65.80000305175781,66.29000091552734,64.5199966430664,65.55999755859375,588700,0.0,0.0
2015-12-07 00:00:00-05:00,65.70999908447266,66.58999633789062,65.05999755859375,66.47000122070312,308400,0.0,0.0
2015-12-08 00:00:00-05:00,66.2300033569336,66.72000122070312,65.12999725341797,66.58000183105469,341900,0.0,0.0
2015-12-09 00:00:00-05:00,66.16999816894531,66.95999908447266,64.5199966430664,64.83999633789062,353500,0.0,0.0
2015-12-10 00:00:00-05:00,65.04000091552734,66.3499984741211,64.45999908447266,65.02999877929688,370700,0.0,0.0
2015-12-11 00:00:00-05:00,64.69000244140625,65.3499984741211,64.02999877929688,65.08999633789062,434900,0.0,0.0
2015-12-14 00:00:00-05:00,65.19999694824219,65.69000244140625,64.4000015258789,65.04000091552734,346500,0.0,0.0
2015-12-15 00:00:00-05:00,65.69000244140625,66.16000366210938,64.58000183105469,65.83999633789062,342600,0.0,0.0
2015-12-16 00:00:00-05:00,66.11000061035156,66.30999755859375,63.189998626708984,65.76000213623047,286900,0.0,0.0
2015-12-17 00:00:00-05:00,65.75,65.94000244140625,64.11000061035156,64.7699966430664,248500,0.0,0.0
2015-12-18 00:00:00-05:00,64.41000366210938,64.72000122070312,63.849998474121094,64.16000366210938,659700,0.0,0.0
2015-12-21 00:00:00-05:00,64.45999908447266,64.68000030517578,63.72999954223633,64.20999908447266,319700,0.0,0.0
2015-12-22 00:00:00-05:00,64.72000122070312,65.8499984741211,64.0999984741211,65.41999816894531,305400,0.0,0.0
2015-12-23 00:00:00-05:00,65.75,65.91000366210938,63.84000015258789,65.12000274658203,364600,0.0,0.0
2015-12-24 00:00:00-05:00,65.36000061035156,65.7300033569336,65.22000122070312,65.38999938964844,243500,0.0,0.0
2015-12-28 00:00:00-05:00,65.0999984741211,66.48999786376953,65.0999984741211,66.33999633789062,303000,0.0,0.0
2015-12-29 00:00:00-05:00,66.93000030517578,67.37000274658203,66.01000213623047,66.37000274658203,212000,0.0,0.0
2015-12-30 00:00:00-05:00,66.41000366210938,66.63999938964844,66.06999969482422,66.0999984741211,212500,0.0,0.0
2015-12-31 00:00:00-05:00,66.5,67.37000274658203,65.79000091552734,65.8499984741211,545800,0.0,0.0
2016-01-04 00:00:00-05:00,64.98999786376953,65.0,63.43000030517578,64.2699966430664,987300,0.0,0.0
2016-01-05 00:00:00-05:00,64.63999938964844,67.0,64.63999938964844,64.94999694824219,746600,0.0,0.0
2016-01-06 00:00:00-05:00,64.11000061035156,65.81999969482422,64.02999877929688,64.87000274658203,877500,0.0,0.0
2016-01-07 00:00:00-05:00,63.529998779296875,64.88999938964844,62.90999984741211,63.5,768700,0.0,0.0
2016-01-08 00:00:00-05:00,64.37999725341797,66.0999984741211,63.939998626708984,64.52999877929688,916000,0.0,0.0
2016-01-11 00:00:00-05:00,64.77999877929688,64.94999694824219,60.439998626708984,61.0,884900,0.0,0.0
2016-01-12 00:00:00-05:00,61.0,62.209999084472656,60.61000061035156,61.77000045776367,383600,0.0,0.0
2016-01-13 00:00:00-05:00,61.88999938964844,62.029998779296875,58.68000030517578,58.86000061035156,482100,0.0,0.0
2016-01-14 00:00:00-05:00,59.310001373291016,60.52000045776367,58.18000030517578,59.9900016784668,408300,0.0,0.0
2016-01-15 00:00:00-05:00,58.70000076293945,59.86000061035156,57.83000183105469,59.86000061035156,460400,0.0,0.0
2016-01-19 00:00:00-05:00,60.27000045776367,61.04999923706055,59.310001373291016,59.77000045776367,605600,0.0,0.0
2016-01-20 00:00:00-05:00,59.15999984741211,60.939998626708984,57.310001373291016,60.33000183105469,740200,0.0,0.0
2016-01-21 00:00:00-05:00,60.459999084472656,61.349998474121094,59.880001068115234,60.72999954223633,397800,0.0,0.0
2016-01-22 00:00:00-05:00,61.18000030517578,61.459999084472656,59.86000061035156,60.95000076293945,697300,0.0,0.0
2016-01-25 00:00:00-05:00,60.810001373291016,61.33000183105469,60.16999816894531,60.38999938964844,333800,0.0,0.0
2016-01-26 00:00:00-05:00,60.470001220703125,62.34000015258789,59.939998626708984,62.209999084472656,342400,0.0,0.0
2016-01-27 00:00:00-05:00,62.400001525878906,62.939998626708984,61.209999084472656,61.41999816894531,366200,0.0,0.0
2016-01-28 00:00:00-05:00,61.58000183105469,62.20000076293945,58.43000030517578,59.5099983215332,1244500,0.0,0.0
2016-01-29 00:00:00-05:00,64.5,69.36000061035156,62.88999938964844,66.13999938964844,2197900,0.0,0.0
2016-02-01 00:00:00-05:00,66.11000061035156,68.02999877929688,65.58000183105469,67.55000305175781,1052800,0.0,0.0
2016-02-02 00:00:00-05:00,65.6500015258789,67.75,65.56999969482422,67.54000091552734,837100,0.0,0.0
2016-02-03 00:00:00-05:00,67.76000213623047,68.0,65.25,67.16999816894531,587200,0.0,0.0
2016-02-04 00:00:00-05:00,67.01000213623047,67.98999786376953,66.58999633789062,67.37999725341797,398100,0.0,0.0
2016-02-05 00:00:00-05:00,67.0999984741211,67.33999633789062,65.0199966430664,65.87000274658203,557900,0.0,0.0
2016-02-08 00:00:00-05:00,65.0,65.0,57.5099983215332,58.650001525878906,1550000,0.0,0.0
2016-02-09 00:00:00-05:00,58.220001220703125,59.7400016784668,58.04999923706055,58.65999984741211,989900,0.0,0.0
2016-02-10 00:00:00-05:00,59.209999084472656,62.68000030517578,58.689998626708984,60.130001068115234,1135100,0.0,0.0
2016-02-11 00:00:00-05:00,59.209999084472656,59.720001220703125,57.75,58.790000915527344,724100,0.0,0.0
2016-02-12 00:00:00-05:00,59.7400016784668,59.95000076293945,58.0,58.779998779296875,512400,0.0,0.0
2016-02-16 00:00:00-05:00,59.61000061035156,61.95000076293945,58.959999084472656,61.869998931884766,741900,0.0,0.0
2016-02-17 00:00:00-05:00,62.06999969482422,63.65999984741211,61.060001373291016,63.099998474121094,609400,0.0,0.0
2016-02-18 00:00:00-05:00,63.619998931884766,63.83000183105469,62.38999938964844,62.880001068115234,447000,0.0,0.0
2016-02-19 00:00:00-05:00,62.349998474121094,63.439998626708984,61.439998626708984,63.290000915527344,289200,0.0,0.0
2016-02-22 00:00:00-05:00,63.77000045776367,64.66000366210938,63.68000030517578,64.33000183105469,398000,0.0,0.0
2016-02-23 00:00:00-05:00,63.41999816894531,64.5,62.81999969482422,62.939998626708984,427600,0.0,0.0
2016-02-24 00:00:00-05:00,62.2400016784668,63.54999923706055,61.4900016784668,63.31999969482422,407400,0.0,0.0
2016-02-25 00:00:00-05:00,63.5,64.5,62.25,64.45999908447266,354400,0.0,0.0
2016-02-26 00:00:00-05:00,64.19999694824219,65.62000274658203,64.16000366210938,65.4000015258789,422600,0.0,0.0
2016-02-29 00:00:00-05:00,65.31999969482422,66.25,65.08000183105469,66.02999877929688,627300,0.0,0.0
2016-03-01 00:00:00-05:00,66.26000213623047,68.08000183105469,65.7699966430664,67.86000061035156,694800,0.0,0.0
2016-03-02 00:00:00-05:00,67.9800033569336,68.62000274658203,66.72000122070312,68.51000213623047,562600,0.0,0.0
2016-03-03 00:00:00-05:00,68.58999633789062,69.58000183105469,67.7699966430664,69.44000244140625,465600,0.0,0.0
2016-03-04 00:00:00-05:00,69.4800033569336,70.5999984741211,68.4800033569336,70.38999938964844,772600,0.0,0.0
2016-03-07 00:00:00-05:00,70.3499984741211,71.6500015258789,69.83999633789062,71.55000305175781,618500,0.0,0.0
2016-03-08 00:00:00-05:00,71.06999969482422,71.51000213623047,69.83999633789062,70.5999984741211,843200,0.0,0.0
2016-03-09 00:00:00-05:00,70.66000366210938,71.13999938964844,70.12999725341797,70.69000244140625,718300,0.0,0.0
2016-03-10 00:00:00-05:00,70.62999725341797,71.08000183105469,69.44999694824219,70.41999816894531,691800,0.0,0.0
2016-03-11 00:00:00-05:00,71.22000122070312,72.75,70.83999633789062,72.30000305175781,652800,0.0,0.0
2016-03-14 00:00:00-04:00,71.58000183105469,72.55999755859375,71.12000274658203,72.20999908447266,488000,0.0,0.0
2016-03-15 00:00:00-04:00,71.97000122070312,72.73999786376953,70.81999969482422,71.04000091552734,616200,0.0,0.0
2016-03-16 00:00:00-04:00,70.5999984741211,72.83000183105469,70.41000366210938,72.63999938964844,702500,0.0,0.0
2016-03-17 00:00:00-04:00,68.66999816894531,69.23999786376953,66.79000091552734,68.47000122070312,3110900,0.0,0.0
2016-03-18 00:00:00-04:00,68.5,69.43000030517578,68.25,68.9000015258789,1293300,0.0,0.0
2016-03-21 00:00:00-04:00,69.22000122070312,69.87999725341797,68.45999908447266,68.80000305175781,892500,0.0,0.0
2016-03-22 00:00:00-04:00,68.70999908447266,69.87999725341797,68.44000244140625,69.81999969482422,673000,0.0,0.0
2016-03-23 00:00:00-04:00,69.91000366210938,70.4000015258789,69.51000213623047,69.77999877929688,689700,0.0,0.0
2016-03-24 00:00:00-04:00,69.5999984741211,70.3499984741211,68.80999755859375,70.2300033569336,597200,0.0,0.0
2016-03-28 00:00:00-04:00,70.33999633789062,70.68000030517578,69.69999694824219,70.3499984741211,782800,0.0,0.0
2016-03-29 00:00:00-04:00,70.05999755859375,72.62999725341797,69.70999908447266,72.47000122070312,923800,0.0,0.0
2016-03-30 00:00:00-04:00,72.52999877929688,73.43000030517578,71.94000244140625,72.01000213623047,616900,0.0,0.0
2016-03-31 00:00:00-04:00,72.0,73.55000305175781,71.97000122070312,72.69000244140625,996000,0.0,0.0
2016-04-01 00:00:00-04:00,72.56999969482422,73.45999908447266,71.9000015258789,73.0199966430664,564700,0.0,0.0
2016-04-04 00:00:00-04:00,73.30000305175781,73.83000183105469,72.29000091552734,73.33999633789062,606300,0.0,0.0
2016-04-05 00:00:00-04:00,72.91999816894531,73.05999755859375,71.93000030517578,72.18000030517578,628900,0.0,0.0
2016-04-06 00:00:00-04:00,72.08999633789062,73.58000183105469,71.91000366210938,73.55000305175781,636100,0.0,0.0
2016-04-07 00:00:00-04:00,73.56999969482422,73.62000274658203,72.30000305175781,72.48999786376953,627200,0.0,0.0
2016-04-08 00:00:00-04:00,73.16999816894531,73.31999969482422,72.36000061035156,73.05999755859375,377000,0.0,0.0
2016-04-11 00:00:00-04:00,73.25,74.20999908447266,72.98999786376953,73.31999969482422,420900,0.0,0.0
2016-04-12 00:00:00-04:00,73.37000274658203,73.69999694824219,72.70999908447266,73.08999633789062,367500,0.0,0.0
2016-04-13 00:00:00-04:00,73.22000122070312,73.48999786376953,72.87000274658203,73.08999633789062,502500,0.0,0.0
2016-04-14 00:00:00-04:00,73.16000366210938,73.43000030517578,72.62000274658203,73.12999725341797,317800,0.0,0.0
2016-04-15 00:00:00-04:00,72.9800033569336,73.66999816894531,72.75,73.47000122070312,488100,0.0,0.0
2016-04-18 00:00:00-04:00,73.44999694824219,74.02999877929688,73.12999725341797,73.62999725341797,580300,0.0,0.0
2016-04-19 00:00:00-04:00,74.06999969482422,74.12999725341797,72.70999908447266,72.9000015258789,433800,0.0,0.0
2016-04-20 00:00:00-04:00,73.41999816894531,74.02999877929688,72.4800033569336,73.55000305175781,906200,0.0,0.0
2016-04-21 00:00:00-04:00,73.7300033569336,74.19999694824219,73.04000091552734,73.30000305175781,440800,0.0,0.0
2016-04-22 00:00:00-04:00,73.30000305175781,73.87999725341797,72.94000244140625,73.87000274658203,702600,0.0,0.0
2016-04-25 00:00:00-04:00,73.79000091552734,74.5199966430664,73.54000091552734,74.27999877929688,459600,0.0,0.0
2016-04-26 00:00:00-04:00,74.7300033569336,75.16999816894531,74.05000305175781,74.69999694824219,568000,0.0,0.0
2016-04-27 00:00:00-04:00,74.04000091552734,74.98999786376953,73.6500015258789,74.77999877929688,448900,0.0,0.0
2016-04-28 00:00:00-04:00,74.41999816894531,75.73999786376953,73.41000366210938,73.69999694824219,871800,0.0,0.0
2016-04-29 00:00:00-04:00,75.05000305175781,75.69000244140625,70.02999877929688,72.19000244140625,1508900,0.0,0.0
2016-05-02 00:00:00-04:00,72.55999755859375,75.11000061035156,72.38999938964844,75.0999984741211,1374800,0.0,0.0
2016-05-03 00:00:00-04:00,74.0999984741211,75.41000366210938,73.97000122070312,74.9000015258789,1097700,0.0,0.0
2016-05-04 00:00:00-04:00,74.4000015258789,75.08000183105469,74.05000305175781,74.80000305175781,802900,0.0,0.0
2016-05-05 00:00:00-04:00,74.36000061035156,76.29000091552734,74.26000213623047,75.55999755859375,1268400,0.0,0.0
2016-05-06 00:00:00-04:00,75.05000305175781,75.62999725341797,73.8499984741211,74.69999694824219,983100,0.0,0.0
2016-05-09 00:00:00-04:00,74.4800033569336,76.5199966430664,74.4800033569336,75.58000183105469,930700,0.0,0.0
2016-05-10 00:00:00-04:00,76.30000305175781,77.08999633789062,75.98999786376953,76.55999755859375,731500,0.0,0.0
2016-05-11 00:00:00-04:00,77.08999633789062,77.19000244140625,76.01000213623047,76.33000183105469,632700,0.0,0.0
2016-05-12 00:00:00-04:00,76.4000015258789,77.19000244140625,75.13999938964844,75.72000122070312,550300,0.0,0.0
2016-05-13 00:00:00-04:00,75.47000122070312,76.80000305175781,75.47000122070312,76.08000183105469,478700,0.0,0.0
2016-05-16 00:00:00-04:00,76.4000015258789,77.5999984741211,76.36000061035156,76.9800033569336,569000,0.0,0.0
2016-05-17 00:00:00-04:00,77.12999725341797,77.31999969482422,75.76000213623047,75.95999908447266,690800,0.0,0.0
2016-05-18 00:00:00-04:00,75.9000015258789,77.11000061035156,75.5199966430664,76.02999877929688,1030700,0.0,0.0
2016-05-19 00:00:00-04:00,75.62000274658203,77.08999633789062,74.91999816894531,75.97000122070312,664000,0.0,0.0
2016-05-20 00:00:00-04:00,76.4800033569336,78.25,76.13999938964844,77.43000030517578,783600,0.0,0.0
2016-05-23 00:00:00-04:00,77.69999694824219,78.27999877929688,77.19000244140625,77.37999725341797,1013700,0.0,0.0
2016-05-24 00:00:00-04:00,78.04000091552734,78.94000244140625,77.54000091552734,78.77999877929688,808400,0.0,0.0
2016-05-25 00:00:00-04:00,78.83000183105469,79.45999908447266,78.29000091552734,79.0,951600,0.0,0.0
2016-05-26 00:00:00-04:00,79.0199966430664,79.0999984741211,78.05999755859375,78.73999786376953,619200,0.0,0.0
2016-05-27 00:00:00-04:00,78.58999633789062,79.58000183105469,78.29000091552734,79.18000030517578,653000,0.0,0.0
2016-05-31 00:00:00-04:00,79.18000030517578,79.79000091552734,78.72000122070312,78.83000183105469,789300,0.0,0.0
2016-06-01 00:00:00-04:00,78.91999816894531,79.66000366210938,78.44999694824219,79.22000122070312,679300,0.0,0.0
2016-06-02 00:00:00-04:00,79.0199966430664,79.63999938964844,79.0,79.62999725341797,756500,0.0,0.0
2016-06-03 00:00:00-04:00,79.5999984741211,79.5999984741211,78.27999877929688,78.4000015258789,897200,0.0,0.0
2016-06-06 00:00:00-04:00,78.41000366210938,79.0199966430664,77.91000366210938,78.69999694824219,701800,0.0,0.0
2016-06-07 00:00:00-04:00,78.83999633789062,79.30000305175781,78.3499984741211,78.83999633789062,518600,0.0,0.0
2016-06-08 00:00:00-04:00,78.97000122070312,79.58000183105469,78.4000015258789,79.37000274658203,481600,0.0,0.0
2016-06-09 00:00:00-04:00,79.0999984741211,79.77999877929688,78.9800033569336,79.69000244140625,431400,0.0,0.0
2016-06-10 00:00:00-04:00,78.94999694824219,79.23999786376953,78.56999969482422,78.83000183105469,444300,0.0,0.0
2016-06-13 00:00:00-04:00,78.61000061035156,79.55999755859375,78.23999786376953,78.25,414500,0.0,0.0
2016-06-14 00:00:00-04:00,78.0,79.12000274658203,77.69999694824219,78.95999908447266,376700,0.0,0.0
2016-06-15 00:00:00-04:00,79.38999938964844,79.62999725341797,78.94999694824219,79.25,673600,0.0,0.0
2016-06-16 00:00:00-04:00,78.94999694824219,79.58000183105469,78.30999755859375,79.3499984741211,626600,0.0,0.0
2016-06-17 00:00:00-04:00,79.19999694824219,79.66000366210938,78.52999877929688,79.16999816894531,756800,0.0,0.0
2016-06-20 00:00:00-04:00,80.16999816894531,81.0,79.61000061035156,79.66999816894531,662800,0.0,0.0
2016-06-21 00:00:00-04:00,79.51000213623047,79.94000244140625,78.94000244140625,79.33999633789062,627100,0.0,0.0
2016-06-22 00:00:00-04:00,79.38999938964844,80.52999877929688,78.83999633789062,80.41999816894531,577400,0.0,0.0
2016-06-23 00:00:00-04:00,81.19000244140625,81.9800033569336,79.88999938964844,81.81999969482422,647600,0.0,0.0
2016-06-24 00:00:00-04:00,78.8499984741211,80.18000030517578,78.13999938964844,79.0,850500,0.0,0.0
2016-06-27 00:00:00-04:00,78.33000183105469,79.23999786376953,77.06999969482422,77.20999908447266,589300,0.0,0.0
2016-06-28 00:00:00-04:00,77.87000274658203,78.6500015258789,77.4000015258789,78.62000274658203,642500,0.0,0.0
2016-06-29 00:00:00-04:00,79.3499984741211,79.98999786376953,78.95999908447266,79.8499984741211,602900,0.0,0.0
2016-06-30 00:00:00-04:00,79.91000366210938,80.56999969482422,79.37000274658203,80.55000305175781,659900,0.0,0.0
2016-07-01 00:00:00-04:00,80.73999786376953,82.56999969482422,80.30999755859375,82.54000091552734,658700,0.0,0.0
2016-07-05 00:00:00-04:00,82.55000305175781,82.62999725341797,80.30000305175781,80.87000274658203,473800,0.0,0.0
2016-07-06 00:00:00-04:00,80.70999908447266,81.9000015258789,80.5,81.25,1005000,0.0,0.0
2016-07-07 00:00:00-04:00,82.18000030517578,83.18000030517578,81.37999725341797,81.88999938964844,780600,0.0,0.0
2016-07-08 00:00:00-04:00,82.20999908447266,83.30000305175781,81.91999816894531,82.93000030517578,647000,0.0,0.0
2016-07-11 00:00:00-04:00,83.48999786376953,83.7699966430664,82.93000030517578,83.37000274658203,526000,0.0,0.0
2016-07-12 00:00:00-04:00,83.9800033569336,84.75,83.7699966430664,84.37000274658203,735000,0.0,0.0
2016-07-13 00:00:00-04:00,84.37000274658203,84.80000305175781,82.9000015258789,83.05999755859375,640200,0.0,0.0
2016-07-14 00:00:00-04:00,83.6500015258789,83.91999816894531,82.95999908447266,83.25,451800,0.0,0.0
2016-07-15 00:00:00-04:00,83.3499984741211,83.95999908447266,82.0,82.41999816894531,564300,0.0,0.0
2016-07-18 00:00:00-04:00,82.4000015258789,82.9800033569336,82.4000015258789,82.87000274658203,427200,0.0,0.0
2016-07-19 00:00:00-04:00,83.19999694824219,83.3499984741211,82.73999786376953,82.9800033569336,451700,0.0,0.0
2016-07-20 00:00:00-04:00,83.58999633789062,83.91000366210938,83.33999633789062,83.41000366210938,557000,0.0,0.0
2016-07-21 00:00:00-04:00,83.68000030517578,84.12000274658203,82.30999755859375,82.72000122070312,553600,0.0,0.0
2016-07-22 00:00:00-04:00,83.0,84.5999984741211,82.5999984741211,84.58999633789062,509600,0.0,0.0
2016-07-25 00:00:00-04:00,84.62999725341797,84.66999816894531,83.7699966430664,84.16999816894531,355900,0.0,0.0
2016-07-26 00:00:00-04:00,84.1500015258789,85.66000366210938,84.1500015258789,85.61000061035156,467000,0.0,0.0
2016-07-27 00:00:00-04:00,85.56999969482422,85.7699966430664,84.55999755859375,85.1500015258789,367000,0.0,0.0
2016-07-28 00:00:00-04:00,85.36000061035156,86.19999694824219,84.4000015258789,85.27999877929688,1102700,0.0,0.0
2016-07-29 00:00:00-04:00,85.25,89.58000183105469,85.1500015258789,89.1500015258789,1811000,0.0,0.0
2016-08-01 00:00:00-04:00,89.48999786376953,90.0999984741211,88.6500015258789,89.69000244140625,566200,0.0,0.0
2016-08-02 00:00:00-04:00,89.31999969482422,90.61000061035156,89.26000213623047,90.37999725341797,800700,0.0,0.0
2016-08-03 00:00:00-04:00,90.5199966430664,92.04000091552734,90.0199966430664,91.94999694824219,1043500,0.0,0.0
2016-08-04 00:00:00-04:00,91.9800033569336,92.4000015258789,90.68000030517578,91.72000122070312,1130700,0.0,0.0
2016-08-05 00:00:00-04:00,92.0,92.61000061035156,91.41999816894531,91.83000183105469,879900,0.0,0.0
2016-08-08 00:00:00-04:00,92.20999908447266,92.4000015258789,91.47000122070312,91.80000305175781,780000,0.0,0.0
2016-08-09 00:00:00-04:00,91.9800033569336,93.2699966430664,91.87000274658203,93.16000366210938,629900,0.0,0.0
2016-08-10 00:00:00-04:00,93.47000122070312,93.9000015258789,93.12000274658203,93.37000274658203,705100,0.0,0.0
2016-08-11 00:00:00-04:00,93.37999725341797,95.05000305175781,93.37000274658203,94.62999725341797,646800,0.0,0.0
2016-08-12 00:00:00-04:00,94.83999633789062,95.77999877929688,94.55999755859375,95.6500015258789,888900,0.0,0.0
2016-08-15 00:00:00-04:00,95.62000274658203,96.12999725341797,94.86000061035156,96.0,640700,0.0,0.0
2016-08-16 00:00:00-04:00,95.83000183105469,95.93000030517578,94.62999725341797,94.70999908447266,277700,0.0,0.0
2016-08-17 00:00:00-04:00,94.81999969482422,95.0,92.33000183105469,93.02999877929688,1081600,0.0,0.0
2016-08-18 00:00:00-04:00,92.48999786376953,95.2300033569336,92.48999786376953,94.70999908447266,1060300,0.0,0.0
2016-08-19 00:00:00-04:00,94.47000122070312,95.58999633789062,94.0199966430664,94.81999969482422,411100,0.0,0.0
2016-08-22 00:00:00-04:00,94.5199966430664,95.4000015258789,94.22000122070312,94.4000015258789,561600,0.0,0.0
2016-08-23 00:00:00-04:00,94.5,94.5999984741211,93.2699966430664,93.61000061035156,805700,0.0,0.0
2016-08-24 00:00:00-04:00,93.5999984741211,93.62999725341797,92.18000030517578,92.41000366210938,721500,0.0,0.0
2016-08-25 00:00:00-04:00,92.4000015258789,92.70999908447266,90.56999969482422,92.0199966430664,1019900,0.0,0.0
2016-08-26 00:00:00-04:00,92.0999984741211,93.79000091552734,92.0999984741211,92.66999816894531,618600,0.0,0.0
2016-08-29 00:00:00-04:00,92.9800033569336,93.81999969482422,92.73999786376953,93.44999694824219,571200,0.0,0.0
2016-08-30 00:00:00-04:00,93.51000213623047,93.72000122070312,92.44999694824219,93.19000244140625,868600,0.0,0.0
2016-08-31 00:00:00-04:00,93.05000305175781,93.44000244140625,92.33999633789062,92.9000015258789,670200,0.0,0.0
2016-09-01 00:00:00-04:00,93.19999694824219,93.91999816894531,92.4000015258789,93.76000213623047,643300,0.0,0.0
2016-09-02 00:00:00-04:00,94.43000030517578,95.94000244140625,94.43000030517578,95.77999877929688,869900,0.0,0.0
2016-09-06 00:00:00-04:00,96.2300033569336,96.56999969482422,94.38999938964844,95.26000213623047,653100,0.0,0.0
2016-09-07 00:00:00-04:00,95.37999725341797,96.4800033569336,95.37999725341797,96.29000091552734,819800,0.0,0.0
2016-09-08 00:00:00-04:00,96.25,96.9000015258789,95.19999694824219,95.4000015258789,473600,0.0,0.0
2016-09-09 00:00:00-04:00,94.56999969482422,95.44000244140625,91.51000213623047,91.79000091552734,988200,0.0,0.0
2016-09-12 00:00:00-04:00,91.56999969482422,93.3499984741211,91.0199966430664,93.12000274658203,975800,0.0,0.0
2016-09-13 00:00:00-04:00,92.61000061035156,93.5999984741211,91.31999969482422,91.9800033569336,577700,0.0,0.0
2016-09-14 00:00:00-04:00,92.0999984741211,92.58999633789062,91.44999694824219,92.3499984741211,662300,0.0,0.0
2016-09-15 00:00:00-04:00,92.94999694824219,93.58999633789062,92.04000091552734,92.93000030517578,928300,0.0,0.0
2016-09-16 00:00:00-04:00,92.86000061035156,94.0999984741211,92.47000122070312,93.83999633789062,1032700,0.0,0.0
2016-09-19 00:00:00-04:00,93.88999938964844,95.44000244140625,93.5,94.12999725341797,521200,0.0,0.0
2016-09-20 00:00:00-04:00,94.79000091552734,94.9800033569336,93.66999816894531,93.69999694824219,919800,0.0,0.0
2016-09-21 00:00:00-04:00,93.76000213623047,95.69999694824219,93.47000122070312,95.33999633789062,1333100,0.0,0.0
2016-09-22 00:00:00-04:00,95.9800033569336,96.2300033569336,95.45999908447266,95.66999816894531,1132600,0.0,0.0
2016-09-23 00:00:00-04:00,95.30000305175781,95.55000305175781,93.7300033569336,94.12999725341797,422800,0.0,0.0
2016-09-26 00:00:00-04:00,94.06999969482422,94.12999725341797,92.86000061035156,93.08999633789062,504400,0.0,0.0
2016-09-27 00:00:00-04:00,93.48999786376953,94.6500015258789,93.06999969482422,94.44000244140625,578000,0.0,0.0
2016-09-28 00:00:00-04:00,94.54000091552734,94.69999694824219,93.58999633789062,94.5999984741211,318100,0.0,0.0
2016-09-29 00:00:00-04:00,94.51000213623047,94.51000213623047,91.63999938964844,92.41000366210938,557900,0.0,0.0
2016-09-30 00:00:00-04:00,92.5,94.5199966430664,92.33000183105469,93.75,615900,0.0,0.0
2016-10-03 00:00:00-04:00,92.04000091552734,92.30000305175781,88.19999694824219,90.20999908447266,1614400,0.0,0.0
2016-10-04 00:00:00-04:00,90.58000183105469,91.68000030517578,88.75,89.45999908447266,840200,0.0,0.0
2016-10-05 00:00:00-04:00,89.51000213623047,90.33999633789062,89.18000030517578,89.4800033569336,749700,0.0,0.0
2016-10-06 00:00:00-04:00,89.08999633789062,90.1500015258789,88.91999816894531,89.44000244140625,871400,0.0,0.0
2016-10-07 00:00:00-04:00,89.7699966430664,90.0,88.5,89.68000030517578,698300,0.0,0.0
2016-10-10 00:00:00-04:00,89.70999908447266,92.18000030517578,89.70999908447266,91.08000183105469,535500,0.0,0.0
2016-10-11 00:00:00-04:00,91.31999969482422,92.04000091552734,88.80000305175781,89.61000061035156,654800,0.0,0.0
2016-10-12 00:00:00-04:00,90.0199966430664,90.55999755859375,89.11000061035156,90.26000213623047,499900,0.0,0.0
2016-10-13 00:00:00-04:00,89.95999908447266,91.44000244140625,89.47000122070312,90.94999694824219,641900,0.0,0.0
2016-10-14 00:00:00-04:00,91.05000305175781,91.81999969482422,90.56999969482422,90.87999725341797,630800,0.0,0.0
2016-10-17 00:00:00-04:00,90.72000122070312,91.2699966430664,89.3499984741211,89.79000091552734,644400,0.0,0.0
2016-10-18 00:00:00-04:00,90.9000015258789,91.18000030517578,90.29000091552734,90.41000366210938,537300,0.0,0.0
2016-10-19 00:00:00-04:00,91.11000061035156,91.5199966430664,90.25,91.01000213623047,501700,0.0,0.0
2016-10-20 00:00:00-04:00,91.0,91.61000061035156,90.66999816894531,91.52999877929688,400800,0.0,0.0
2016-10-21 00:00:00-04:00,90.5,90.62000274658203,88.86000061035156,89.5,1010300,0.0,0.0
2016-10-24 00:00:00-04:00,90.0,91.05000305175781,89.04000091552734,89.26000213623047,845000,0.0,0.0
2016-10-25 00:00:00-04:00,89.98999786376953,89.98999786376953,87.12000274658203,87.5,699100,0.0,0.0
2016-10-26 00:00:00-04:00,87.0,87.0,84.18000030517578,84.5199966430664,1181800,0.0,0.0
2016-10-27 00:00:00-04:00,84.9000015258789,84.9000015258789,83.2699966430664,84.13999938964844,807000,0.0,0.0
2016-10-28 00:00:00-04:00,83.80000305175781,86.62999725341797,83.30000305175781,85.16999816894531,753500,0.0,0.0
2016-10-31 00:00:00-04:00,85.30999755859375,86.3499984741211,83.62999725341797,85.91999816894531,1377400,0.0,0.0
2016-11-01 00:00:00-04:00,85.86000061035156,86.7300033569336,83.7699966430664,84.55999755859375,1308400,0.0,0.0
2016-11-02 00:00:00-04:00,84.4800033569336,86.7300033569336,84.20999908447266,85.20999908447266,1150600,0.0,0.0
2016-11-03 00:00:00-04:00,85.70999908447266,87.01000213623047,85.41999816894531,86.08000183105469,585300,0.0,0.0
2016-11-04 00:00:00-04:00,86.08999633789062,86.54000091552734,85.55999755859375,85.7300033569336,719100,0.0,0.0
2016-11-07 00:00:00-05:00,87.13999938964844,88.69000244140625,86.37999725341797,87.86000061035156,1237200,0.0,0.0
2016-11-08 00:00:00-05:00,89.88999938964844,91.95999908447266,86.72000122070312,88.79000091552734,2245900,0.0,0.0
2016-11-09 00:00:00-05:00,87.7699966430664,91.37999725341797,87.19000244140625,90.87999725341797,1182900,0.0,0.0
2016-11-10 00:00:00-05:00,91.7699966430664,92.62000274658203,88.73999786376953,90.5999984741211,911900,0.0,0.0
2016-11-11 00:00:00-05:00,90.51000213623047,92.1500015258789,89.81999969482422,91.54000091552734,925200,0.0,0.0
2016-11-14 00:00:00-05:00,92.05999755859375,92.87000274658203,89.98999786376953,90.22000122070312,1109600,0.0,0.0
2016-11-15 00:00:00-05:00,90.5199966430664,94.55999755859375,90.5199966430664,93.94999694824219,1372700,0.0,0.0
2016-11-16 00:00:00-05:00,93.41999816894531,95.33999633789062,93.20999908447266,94.04000091552734,987400,0.0,0.0
2016-11-17 00:00:00-05:00,93.75,97.27999877929688,93.72000122070312,97.23999786376953,1291300,0.0,0.0
2016-11-18 00:00:00-05:00,97.7300033569336,98.62000274658203,94.80000305175781,94.83999633789062,951300,0.0,0.0
2016-11-21 00:00:00-05:00,94.75,97.0999984741211,94.25,96.18000030517578,878200,0.0,0.0
2016-11-22 00:00:00-05:00,95.0,95.11000061035156,93.19000244140625,94.45999908447266,1101900,0.0,0.0
2016-11-23 00:00:00-05:00,94.05000305175781,96.08000183105469,94.05000305175781,95.55000305175781,765400,0.0,0.0
2016-11-25 00:00:00-05:00,96.44000244140625,96.87999725341797,95.7300033569336,96.19000244140625,510800,0.0,0.0
2016-11-28 00:00:00-05:00,96.33000183105469,98.11000061035156,95.01000213623047,95.33999633789062,1035900,0.0,0.0
2016-11-29 00:00:00-05:00,95.94999694824219,96.2300033569336,94.94000244140625,95.51000213623047,1086200,0.0,0.0
2016-11-30 00:00:00-05:00,95.0,95.44999694824219,92.30999755859375,93.05000305175781,4981800,0.0,0.0
2016-12-01 00:00:00-05:00,93.12000274658203,93.68000030517578,91.45999908447266,92.54000091552734,1439500,0.0,0.0
2016-12-02 00:00:00-05:00,92.30000305175781,94.16000366210938,92.25,92.45999908447266,789200,0.0,0.0
2016-12-05 00:00:00-05:00,93.26000213623047,94.70999908447266,93.20999908447266,94.01000213623047,880300,0.0,0.0
2016-12-06 00:00:00-05:00,94.6500015258789,96.37000274658203,92.73999786376953,96.23999786376953,1175900,0.0,0.0
2016-12-07 00:00:00-05:00,98.16999816894531,98.22000122070312,95.25,98.13999938964844,1484600,0.0,0.0
2016-12-08 00:00:00-05:00,97.88999938964844,99.58000183105469,97.47000122070312,99.30000305175781,925000,0.0,0.0
2016-12-09 00:00:00-05:00,99.83999633789062,100.66999816894531,98.43000030517578,98.62000274658203,1192000,0.0,0.0
2016-12-12 00:00:00-05:00,97.98999786376953,99.4800033569336,97.62000274658203,98.52999877929688,1030900,0.0,0.0
2016-12-13 00:00:00-05:00,99.69000244140625,100.5,97.94000244140625,99.1500015258789,752500,0.0,0.0
2016-12-14 00:00:00-05:00,99.05000305175781,99.93000030517578,98.05000305175781,98.5999984741211,725200,0.0,0.0
2016-12-15 00:00:00-05:00,98.93000030517578,100.58999633789062,98.25,100.2699966430664,829900,0.0,0.0
2016-12-16 00:00:00-05:00,100.18000030517578,101.79000091552734,100.0199966430664,101.13999938964844,1401900,0.0,0.0
2016-12-19 00:00:00-05:00,101.55999755859375,102.0999984741211,100.08999633789062,100.25,738700,0.0,0.0
2016-12-20 00:00:00-05:00,100.12999725341797,100.9000015258789,99.05000305175781,99.38999938964844,616400,0.0,0.0
2016-12-21 00:00:00-05:00,99.76000213623047,99.76000213623047,98.3499984741211,98.70999908447266,530200,0.0,0.0
2016-12-22 00:00:00-05:00,98.93000030517578,99.16000366210938,97.98999786376953,98.20999908447266,563500,0.0,0.0
2016-12-23 00:00:00-05:00,98.38999938964844,98.69000244140625,97.91000366210938,98.5,419700,0.0,0.0
2016-12-27 00:00:00-05:00,98.70999908447266,99.44999694824219,98.58999633789062,98.66000366210938,385500,0.0,0.0
2016-12-28 00:00:00-05:00,98.5999984741211,99.23999786376953,96.5,96.80000305175781,505600,0.0,0.0
2016-12-29 00:00:00-05:00,97.08999633789062,97.58999633789062,96.55000305175781,96.95999908447266,457200,0.0,0.0
2016-12-30 00:00:00-05:00,97.12000274658203,97.3499984741211,95.83999633789062,96.12999725341797,489400,0.0,0.0
2017-01-03 00:00:00-05:00,96.48999786376953,98.33000183105469,95.80000305175781,96.95999908447266,816700,0.0,0.0
2017-01-04 00:00:00-05:00,96.8499984741211,98.81999969482422,96.80000305175781,97.7699966430664,675500,0.0,0.0
2017-01-05 00:00:00-05:00,97.5199966430664,97.7699966430664,94.41000366210938,94.81999969482422,731700,0.0,0.0
2017-01-06 00:00:00-05:00,94.81999969482422,95.73999786376953,93.5999984741211,94.08000183105469,998400,0.0,0.0
2017-01-09 00:00:00-05:00,94.12999725341797,95.87000274658203,93.51000213623047,94.79000091552734,1033000,0.0,0.0
2017-01-10 00:00:00-05:00,94.61000061035156,96.79000091552734,94.1500015258789,96.12999725341797,781200,0.0,0.0
2017-01-11 00:00:00-05:00,96.06999969482422,96.76000213623047,95.05999755859375,96.0,600000,0.0,0.0
2017-01-12 00:00:00-05:00,95.56999969482422,95.8499984741211,94.4000015258789,95.55000305175781,513500,0.0,0.0
2017-01-13 00:00:00-05:00,95.6500015258789,96.63999938964844,95.27999877929688,96.01000213623047,516400,0.0,0.0
2017-01-17 00:00:00-05:00,95.47000122070312,96.16999816894531,94.62999725341797,95.33999633789062,539500,0.0,0.0
2017-01-18 00:00:00-05:00,95.79000091552734,96.11000061035156,93.83000183105469,94.41999816894531,794100,0.0,0.0
2017-01-19 00:00:00-05:00,91.51000213623047,91.8499984741211,90.20999908447266,90.55000305175781,2107500,0.0,0.0
2017-01-20 00:00:00-05:00,90.88999938964844,92.02999877929688,90.86000061035156,91.69999694824219,822200,0.0,0.0
2017-01-23 00:00:00-05:00,91.58000183105469,92.47000122070312,91.44000244140625,92.04000091552734,673000,0.0,0.0
2017-01-24 00:00:00-05:00,92.52999877929688,92.66999816894531,90.77999877929688,91.6500015258789,848700,0.0,0.0
2017-01-25 00:00:00-05:00,91.87999725341797,93.5999984741211,91.76000213623047,93.41000366210938,449200,0.0,0.0
2017-01-26 00:00:00-05:00,93.45999908447266,93.55999755859375,91.83999633789062,92.2300033569336,594600,0.0,0.0
2017-01-27 00:00:00-05:00,91.66999816894531,92.47000122070312,89.95999908447266,90.93000030517578,1719100,0.0,0.0
2017-01-30 00:00:00-05:00,89.63999938964844,90.08999633789062,88.55999755859375,89.9800033569336,1433400,0.0,0.0
2017-01-31 00:00:00-05:00,91.69000244140625,91.75,89.31999969482422,91.69000244140625,1693000,0.0,0.0
2017-02-01 00:00:00-05:00,97.0,102.0,95.43000030517578,97.25,3782000,0.0,0.0
2017-02-02 00:00:00-05:00,97.37999725341797,98.54000091552734,94.72000122070312,95.12999725341797,1761600,0.0,0.0
2017-02-03 00:00:00-05:00,95.43000030517578,96.5199966430664,94.13999938964844,95.81999969482422,1104700,0.0,0.0
2017-02-06 00:00:00-05:00,96.0,96.23999786376953,93.30000305175781,93.8499984741211,1238500,0.0,0.0
2017-02-07 00:00:00-05:00,94.30999755859375,94.5,93.08999633789062,93.6500015258789,954100,0.0,0.0
2017-02-08 00:00:00-05:00,93.25,94.19000244140625,92.61000061035156,94.16999816894531,599400,0.0,0.0
2017-02-09 00:00:00-05:00,94.19999694824219,96.48999786376953,94.19999694824219,95.9800033569336,670500,0.0,0.0
2017-02-10 00:00:00-05:00,95.95999908447266,97.22000122070312,95.16999816894531,96.97000122070312,740500,0.0,0.0
2017-02-13 00:00:00-05:00,96.91999816894531,98.0199966430664,96.4000015258789,97.61000061035156,592100,0.0,0.0
2017-02-14 00:00:00-05:00,97.66999816894531,99.27999877929688,97.30999755859375,98.38999938964844,791100,0.0,0.0
2017-02-15 00:00:00-05:00,98.2699966430664,100.12000274658203,98.16999816894531,99.95999908447266,598000,0.0,0.0
2017-02-16 00:00:00-05:00,100.0,100.76000213623047,99.62000274658203,100.41999816894531,846200,0.0,0.0
2017-02-17 00:00:00-05:00,100.3499984741211,101.83000183105469,99.5999984741211,101.7699966430664,664200,0.0,0.0
2017-02-21 00:00:00-05:00,102.27999877929688,102.9000015258789,101.05999755859375,101.86000061035156,571800,0.0,0.0
2017-02-22 00:00:00-05:00,100.61000061035156,101.19999694824219,100.02999877929688,101.08999633789062,870900,0.0,0.0
2017-02-23 00:00:00-05:00,101.20999908447266,101.6500015258789,100.2699966430664,101.16000366210938,610400,0.0,0.0
2017-02-24 00:00:00-05:00,100.56999969482422,103.04000091552734,100.56999969482422,102.88999938964844,723900,0.0,0.0
2017-02-27 00:00:00-05:00,102.56999969482422,103.23999786376953,102.11000061035156,102.26000213623047,631000,0.0,0.0
2017-02-28 00:00:00-05:00,102.2699966430664,103.83000183105469,102.2699966430664,102.76000213623047,778500,0.0,0.0
2017-03-01 00:00:00-05:00,103.7699966430664,104.41999816894531,102.66999816894531,103.83000183105469,780900,0.0,0.0
2017-03-02 00:00:00-05:00,104.08999633789062,104.52999877929688,103.16000366210938,104.12000274658203,568500,0.0,0.0
2017-03-03 00:00:00-05:00,104.19999694824219,104.25,103.12000274658203,104.04000091552734,516600,0.0,0.0
2017-03-06 00:00:00-05:00,104.0999984741211,104.69999694824219,102.18000030517578,102.73999786376953,771700,0.0,0.0
2017-03-07 00:00:00-05:00,102.47000122070312,103.81999969482422,102.0199966430664,103.1500015258789,609300,0.0,0.0
2017-03-08 00:00:00-05:00,103.6500015258789,104.58999633789062,103.38999938964844,103.72000122070312,375200,0.0,0.0
2017-03-09 00:00:00-05:00,104.08999633789062,105.58999633789062,103.22000122070312,105.36000061035156,481400,0.0,0.0
2017-03-10 00:00:00-05:00,105.83999633789062,105.91999816894531,104.4000015258789,105.31999969482422,448000,0.0,0.0
2017-03-13 00:00:00-04:00,105.47000122070312,108.2699966430664,105.47000122070312,107.98999786376953,665800,0.0,0.0
2017-03-14 00:00:00-04:00,107.83999633789062,107.83999633789062,106.62000274658203,107.4800033569336,490500,0.0,0.0
2017-03-15 00:00:00-04:00,107.58999633789062,110.87000274658203,107.12000274658203,110.30999755859375,1082000,0.0,0.0
2017-03-16 00:00:00-04:00,110.6500015258789,111.4000015258789,109.76000213623047,110.47000122070312,616800,0.0,0.0
2017-03-17 00:00:00-04:00,110.88999938964844,113.0,110.55999755859375,111.8499984741211,1195100,0.0,0.0
2017-03-20 00:00:00-04:00,112.25,113.30999755859375,111.6500015258789,113.2300033569336,862200,0.0,0.0
2017-03-21 00:00:00-04:00,113.7699966430664,114.29000091552734,110.58000183105469,111.05999755859375,1027600,0.0,0.0
2017-03-22 00:00:00-04:00,110.94999694824219,112.48999786376953,110.25,111.98999786376953,509500,0.0,0.0
2017-03-23 00:00:00-04:00,111.93000030517578,113.33000183105469,111.3499984741211,112.55000305175781,526700,0.0,0.0
2017-03-24 00:00:00-04:00,112.63999938964844,114.98999786376953,112.63999938964844,113.87000274658203,664400,0.0,0.0
2017-03-27 00:00:00-04:00,113.41999816894531,114.48999786376953,112.20999908447266,114.0199966430664,641100,0.0,0.0
2017-03-28 00:00:00-04:00,113.76000213623047,114.3499984741211,113.22000122070312,113.9000015258789,394400,0.0,0.0
2017-03-29 00:00:00-04:00,113.80999755859375,114.91999816894531,113.25,114.2300033569336,297600,0.0,0.0
2017-03-30 00:00:00-04:00,114.58999633789062,114.9800033569336,113.75,113.95999908447266,637300,0.0,0.0
2017-03-31 00:00:00-04:00,113.69999694824219,115.19999694824219,113.45999908447266,114.70999908447266,563200,0.0,0.0
2017-04-03 00:00:00-04:00,115.12999725341797,116.75,114.80000305175781,116.36000061035156,1110000,0.0,0.0
2017-04-04 00:00:00-04:00,116.55999755859375,116.98999786376953,115.25,115.61000061035156,578900,0.0,0.0
2017-04-05 00:00:00-04:00,115.94000244140625,116.44999694824219,114.72000122070312,114.80000305175781,448800,0.0,0.0
2017-04-06 00:00:00-04:00,114.7699966430664,115.36000061035156,114.18000030517578,115.19000244140625,509600,0.0,0.0
2017-04-07 00:00:00-04:00,114.76000213623047,115.73999786376953,114.66000366210938,114.73999786376953,511700,0.0,0.0
2017-04-10 00:00:00-04:00,115.25,115.25,114.2699966430664,114.7300033569336,446300,0.0,0.0
2017-04-11 00:00:00-04:00,114.81999969482422,115.25,114.0999984741211,114.94999694824219,473900,0.0,0.0
2017-04-12 00:00:00-04:00,115.16000366210938,115.5,113.93000030517578,114.11000061035156,484600,0.0,0.0
2017-04-13 00:00:00-04:00,113.97000122070312,114.72000122070312,113.4000015258789,113.7300033569336,497200,0.0,0.0
2017-04-17 00:00:00-04:00,113.95999908447266,115.30999755859375,113.81999969482422,115.18000030517578,465000,0.0,0.0
2017-04-18 00:00:00-04:00,114.94000244140625,116.4000015258789,114.73999786376953,116.31999969482422,410100,0.0,0.0
2017-04-19 00:00:00-04:00,116.6500015258789,117.9800033569336,116.56999969482422,117.55000305175781,490000,0.0,0.0
2017-04-20 00:00:00-04:00,117.5,119.19000244140625,116.31999969482422,118.87000274658203,670100,0.0,0.0
2017-04-21 00:00:00-04:00,119.0999984741211,120.0199966430664,118.08000183105469,118.44000244140625,719400,0.0,0.0
2017-04-24 00:00:00-04:00,120.0199966430664,120.87999725341797,119.05000305175781,120.33999633789062,824100,0.0,0.0
2017-04-25 00:00:00-04:00,121.47000122070312,121.79000091552734,118.37000274658203,118.77999877929688,1075000,0.0,0.0
2017-04-26 00:00:00-04:00,119.23999786376953,120.05999755859375,118.44999694824219,119.73999786376953,570000,0.0,0.0
2017-04-27 00:00:00-04:00,119.95999908447266,120.41000366210938,119.16000366210938,120.08999633789062,1301300,0.0,0.0
2017-04-28 00:00:00-04:00,139.7899932861328,145.24000549316406,133.7100067138672,134.6199951171875,4319300,0.0,0.0
2017-05-01 00:00:00-04:00,135.38999938964844,136.3300018310547,133.02999877929688,133.67999267578125,1433300,0.0,0.0
2017-05-02 00:00:00-04:00,133.55999755859375,135.3000030517578,133.3800048828125,134.1199951171875,1643000,0.0,0.0
2017-05-03 00:00:00-04:00,134.5,135.83999633789062,131.32000732421875,131.97000122070312,1720200,0.0,0.0
2017-05-04 00:00:00-04:00,132.2100067138672,142.17999267578125,132.02000427246094,141.88999938964844,2072500,0.0,0.0
2017-05-05 00:00:00-04:00,141.69000244140625,141.85000610351562,137.77000427246094,138.02999877929688,1440100,0.0,0.0
2017-05-08 00:00:00-04:00,138.25,138.77000427246094,136.32000732421875,137.0,1411600,0.0,0.0
2017-05-09 00:00:00-04:00,137.97000122070312,138.97000122070312,137.22999572753906,138.1699981689453,729900,0.0,0.0
2017-05-10 00:00:00-04:00,137.9600067138672,138.35000610351562,135.80999755859375,137.00999450683594,1119300,0.0,0.0
2017-05-11 00:00:00-04:00,136.50999450683594,137.61000061035156,135.85000610351562,137.4600067138672,561000,0.0,0.0
2017-05-12 00:00:00-04:00,137.24000549316406,139.22999572753906,137.13999938964844,138.6699981689453,689600,0.0,0.0
2017-05-15 00:00:00-04:00,138.89999389648438,139.9499969482422,138.16000366210938,138.4600067138672,788700,0.0,0.0
2017-05-16 00:00:00-04:00,138.8300018310547,139.1199951171875,137.5,138.61000061035156,595600,0.0,0.0
2017-05-17 00:00:00-04:00,137.52999877929688,137.88999938964844,134.67999267578125,136.0800018310547,733300,0.0,0.0
2017-05-18 00:00:00-04:00,136.0,138.83999633789062,135.58999633789062,137.69000244140625,882700,0.0,0.0
2017-05-19 00:00:00-04:00,138.0,138.99000549316406,137.6999969482422,138.42999267578125,768100,0.0,0.0
2017-05-22 00:00:00-04:00,139.22999572753906,139.4199981689453,138.0399932861328,138.10000610351562,982900,0.0,0.0
2017-05-23 00:00:00-04:00,137.92999267578125,138.30999755859375,136.25999450683594,138.22000122070312,894300,0.0,0.0
2017-05-24 00:00:00-04:00,138.77999877929688,139.25999450683594,137.77999877929688,138.64999389648438,1017400,0.0,0.0
2017-05-25 00:00:00-04:00,138.7100067138672,141.94000244140625,138.7100067138672,141.38999938964844,1908300,0.0,0.0
2017-05-26 00:00:00-04:00,141.39999389648438,143.08999633789062,140.24000549316406,142.10000610351562,1176600,0.0,0.0
2017-05-30 00:00:00-04:00,142.55999755859375,144.4499969482422,141.6999969482422,143.3300018310547,766700,0.0,0.0
2017-05-31 00:00:00-04:00,144.58999633789062,146.0,142.60000610351562,145.1999969482422,1151300,0.0,0.0
2017-06-01 00:00:00-04:00,146.36000061035156,147.0,144.0399932861328,145.91000366210938,964600,0.0,0.0
2017-06-02 00:00:00-04:00,146.57000732421875,150.35000610351562,146.52000427246094,149.6999969482422,1235800,0.0,0.0
2017-06-05 00:00:00-04:00,150.0,150.55999755859375,148.60000610351562,148.8300018310547,830600,0.0,0.0
2017-06-06 00:00:00-04:00,148.74000549316406,149.52999877929688,147.39999389648438,148.6199951171875,534500,0.0,0.0
2017-06-07 00:00:00-04:00,149.14999389648438,149.63999938964844,148.57000732421875,149.1300048828125,652300,0.0,0.0
2017-06-08 00:00:00-04:00,149.25,151.91000366210938,148.4600067138672,151.82000732421875,776400,0.0,0.0
2017-06-09 00:00:00-04:00,152.16000366210938,153.92999267578125,146.11000061035156,148.85000610351562,1149900,0.0,0.0
2017-06-12 00:00:00-04:00,147.33999633789062,147.7899932861328,139.0,143.41000366210938,2236800,0.0,0.0
2017-06-13 00:00:00-04:00,144.1699981689453,146.02999877929688,142.0399932861328,144.3800048828125,1023900,0.0,0.0
2017-06-14 00:00:00-04:00,145.3800048828125,145.80999755859375,142.99000549316406,144.3000030517578,867300,0.0,0.0
2017-06-15 00:00:00-04:00,142.9499969482422,144.1699981689453,142.00999450683594,144.02000427246094,1055600,0.0,0.0
2017-06-16 00:00:00-04:00,144.77999877929688,145.50999450683594,144.00999450683594,145.25999450683594,17940200,0.0,0.0
2017-06-19 00:00:00-04:00,146.32000732421875,152.13999938964844,146.25,149.6999969482422,1636500,0.0,0.0
2017-06-20 00:00:00-04:00,150.0800018310547,150.83999633789062,146.77000427246094,146.99000549316406,943500,0.0,0.0
2017-06-21 00:00:00-04:00,147.16000366210938,149.77000427246094,147.14999389648438,149.4199981689453,670200,0.0,0.0
2017-06-22 00:00:00-04:00,150.07000732421875,150.97999572753906,148.85000610351562,149.69000244140625,654900,0.0,0.0
2017-06-23 00:00:00-04:00,154.85000610351562,154.85000610351562,151.24000549316406,153.5,2206200,0.0,0.0
2017-06-26 00:00:00-04:00,153.66000366210938,154.7899932861328,151.4499969482422,151.6699981689453,724800,0.0,0.0
2017-06-27 00:00:00-04:00,151.14999389648438,152.8300018310547,148.94000244140625,149.33999633789062,883100,0.0,0.0
2017-06-28 00:00:00-04:00,150.19000244140625,152.58999633789062,149.6199951171875,152.24000549316406,727700,0.0,0.0
2017-06-29 00:00:00-04:00,151.5,152.08999633789062,148.00999450683594,148.6199951171875,781100,0.0,0.0
2017-06-30 00:00:00-04:00,148.3300018310547,150.9499969482422,148.3300018310547,150.1199951171875,577200,0.0,0.0
2017-07-03 00:00:00-04:00,151.05999755859375,152.22999572753906,148.9499969482422,149.02999877929688,340600,0.0,0.0
2017-07-05 00:00:00-04:00,151.52000427246094,152.8000030517578,149.16000366210938,151.94000244140625,551900,0.0,0.0
2017-07-06 00:00:00-04:00,151.1199951171875,151.47999572753906,149.5,149.74000549316406,679100,0.0,0.0
2017-07-07 00:00:00-04:00,150.97999572753906,152.8000030517578,150.9199981689453,151.9499969482422,486400,0.0,0.0
2017-07-10 00:00:00-04:00,152.10000610351562,153.47999572753906,150.55999755859375,151.5800018310547,533000,0.0,0.0
2017-07-11 00:00:00-04:00,151.55999755859375,152.25999450683594,150.3300018310547,151.58999633789062,754800,0.0,0.0
2017-07-12 00:00:00-04:00,152.07000732421875,152.92999267578125,151.13999938964844,152.50999450683594,682600,0.0,0.0
2017-07-13 00:00:00-04:00,153.1300048828125,153.64999389648438,150.75999450683594,152.19000244140625,409800,0.0,0.0
2017-07-14 00:00:00-04:00,152.13999938964844,154.82000732421875,152.1199951171875,154.3000030517578,517900,0.0,0.0
2017-07-17 00:00:00-04:00,155.00999450683594,157.86000061035156,154.89999389648438,156.2100067138672,1003200,0.0,0.0
2017-07-18 00:00:00-04:00,155.99000549316406,156.75,155.11000061035156,156.02000427246094,556000,0.0,0.0
2017-07-19 00:00:00-04:00,157.08999633789062,159.4499969482422,156.75999450683594,159.27999877929688,892300,0.0,0.0
2017-07-20 00:00:00-04:00,159.5,160.5399932861328,158.10000610351562,160.1699981689453,952700,0.0,0.0
2017-07-21 00:00:00-04:00,160.30999755859375,160.92999267578125,158.4199981689453,158.8699951171875,837300,0.0,0.0
2017-07-24 00:00:00-04:00,158.6699981689453,161.80999755859375,158.64999389648438,161.19000244140625,833300,0.0,0.0
2017-07-25 00:00:00-04:00,161.80999755859375,161.80999755859375,158.4499969482422,158.55999755859375,1071000,0.0,0.0
2017-07-26 00:00:00-04:00,158.66000366210938,159.92999267578125,157.3699951171875,158.69000244140625,810300,0.0,0.0
2017-07-27 00:00:00-04:00,160.52000427246094,160.64999389648438,155.5500030517578,157.25999450683594,1489200,0.0,0.0
2017-07-28 00:00:00-04:00,168.10000610351562,173.7899932861328,160.3699951171875,173.05999755859375,2454700,0.0,0.0
2017-07-31 00:00:00-04:00,173.33999633789062,173.75,166.11000061035156,167.22999572753906,1289400,0.0,0.0
2017-08-01 00:00:00-04:00,167.41000366210938,171.64999389648438,167.3699951171875,169.42999267578125,1286000,0.0,0.0
2017-08-02 00:00:00-04:00,170.27999877929688,171.0500030517578,166.3800048828125,167.99000549316406,725800,0.0,0.0
2017-08-03 00:00:00-04:00,168.08999633789062,170.6199951171875,167.58999633789062,170.4600067138672,757000,0.0,0.0
2017-08-04 00:00:00-04:00,170.8800048828125,171.0,168.57000732421875,169.3000030517578,508600,0.0,0.0
2017-08-07 00:00:00-04:00,169.49000549316406,174.82000732421875,169.49000549316406,174.00999450683594,1088100,0.0,0.0
2017-08-08 00:00:00-04:00,173.88999938964844,176.83999633789062,173.35000610351562,173.6199951171875,1085400,0.0,0.0
2017-08-09 00:00:00-04:00,173.83999633789062,176.44000244140625,172.3699951171875,175.77000427246094,991800,0.0,0.0
2017-08-10 00:00:00-04:00,174.9199981689453,174.9199981689453,171.14999389648438,171.22999572753906,1084000,0.0,0.0
2017-08-11 00:00:00-04:00,171.75999450683594,175.16000366210938,171.47999572753906,173.55999755859375,719200,0.0,0.0
2017-08-14 00:00:00-04:00,173.91000366210938,175.36000061035156,173.67999267578125,174.16000366210938,610600,0.0,0.0
2017-08-15 00:00:00-04:00,174.8800048828125,178.5800018310547,174.17999267578125,177.97000122070312,893500,0.0,0.0
2017-08-16 00:00:00-04:00,178.88999938964844,179.75999450683594,176.80999755859375,178.4600067138672,628700,0.0,0.0
2017-08-17 00:00:00-04:00,177.89999389648438,177.89999389648438,169.1300048828125,169.36000061035156,1957700,0.0,0.0
2017-08-18 00:00:00-04:00,169.9600067138672,172.17999267578125,167.27000427246094,168.61000061035156,1393400,0.0,0.0
2017-08-21 00:00:00-04:00,168.50999450683594,169.63999938964844,165.17999267578125,167.97999572753906,953400,0.0,0.0
2017-08-22 00:00:00-04:00,167.97000122070312,173.0,166.63999938964844,172.5500030517578,899800,0.0,0.0
2017-08-23 00:00:00-04:00,172.3300018310547,173.83999633789062,170.7899932861328,172.85000610351562,869700,0.0,0.0
2017-08-24 00:00:00-04:00,174.0,175.9600067138672,173.35000610351562,175.30999755859375,926300,0.0,0.0
2017-08-25 00:00:00-04:00,175.41000366210938,176.1999969482422,171.5500030517578,172.5500030517578,822600,0.0,0.0
2017-08-28 00:00:00-04:00,173.02000427246094,175.92999267578125,173.02000427246094,175.11000061035156,598300,0.0,0.0
2017-08-29 00:00:00-04:00,173.02999877929688,174.61000061035156,172.27000427246094,173.99000549316406,699000,0.0,0.0
2017-08-30 00:00:00-04:00,173.5500030517578,174.91000366210938,172.91000366210938,174.8800048828125,589300,0.0,0.0
2017-08-31 00:00:00-04:00,175.0500030517578,177.07000732421875,173.94000244140625,176.74000549316406,998700,0.0,0.0
2017-09-01 00:00:00-04:00,176.80999755859375,177.39999389648438,173.8800048828125,176.3800048828125,665400,0.0,0.0
2017-09-05 00:00:00-04:00,176.4199981689453,179.9600067138672,176.4199981689453,179.3300018310547,1043800,0.0,0.0
2017-09-06 00:00:00-04:00,180.0,180.36000061035156,175.3699951171875,176.6300048828125,685600,0.0,0.0
2017-09-07 00:00:00-04:00,176.55999755859375,180.5500030517578,174.44000244140625,179.99000549316406,1003500,0.0,0.0
2017-09-08 00:00:00-04:00,179.8000030517578,181.99000549316406,179.0800018310547,181.44000244140625,566200,0.0,0.0
2017-09-11 00:00:00-04:00,185.61000061035156,185.61000061035156,181.49000549316406,184.1199951171875,739200,0.0,0.0
2017-09-12 00:00:00-04:00,184.8000030517578,186.10000610351562,182.5500030517578,185.66000366210938,639800,0.0,0.0
2017-09-13 00:00:00-04:00,185.17999267578125,185.8699951171875,183.25999450683594,183.57000732421875,998200,0.0,0.0
2017-09-14 00:00:00-04:00,183.4199981689453,185.49000549316406,182.10000610351562,184.86000061035156,872100,0.0,0.0
2017-09-15 00:00:00-04:00,184.5,185.60000610351562,183.16000366210938,184.5,1861700,0.0,0.0
2017-09-18 00:00:00-04:00,185.9499969482422,188.97000122070312,185.05999755859375,188.33999633789062,1111100,0.0,0.0
2017-09-19 00:00:00-04:00,189.07000732421875,190.0399932861328,186.0399932861328,187.17999267578125,893200,0.0,0.0
2017-09-20 00:00:00-04:00,187.8300018310547,189.00999450683594,186.5399932861328,188.77999877929688,565000,0.0,0.0
2017-09-21 00:00:00-04:00,188.75999450683594,189.38999938964844,184.75,186.32000732421875,641000,0.0,0.0
2017-09-22 00:00:00-04:00,186.1999969482422,188.24000549316406,186.0500030517578,188.0,575100,0.0,0.0
2017-09-25 00:00:00-04:00,187.39999389648438,187.4600067138672,183.52999877929688,184.88999938964844,605200,0.0,0.0
2017-09-26 00:00:00-04:00,185.61000061035156,186.10000610351562,183.0399932861328,184.1999969482422,693700,0.0,0.0
2017-09-27 00:00:00-04:00,184.49000549316406,186.80999755859375,183.2100067138672,184.77999877929688,675600,0.0,0.0
2017-09-28 00:00:00-04:00,184.5,184.77000427246094,180.30999755859375,183.0399932861328,889700,0.0,0.0
2017-09-29 00:00:00-04:00,183.60000610351562,186.6199951171875,182.05999755859375,186.27000427246094,784700,0.0,0.0
2017-10-02 00:00:00-04:00,187.16000366210938,187.97999572753906,185.0500030517578,187.22000122070312,705700,0.0,0.0
2017-10-03 00:00:00-04:00,187.75,188.3800048828125,185.1999969482422,186.4499969482422,558700,0.0,0.0
2017-10-04 00:00:00-04:00,186.41000366210938,186.8699951171875,184.6699981689453,185.97999572753906,599900,0.0,0.0
2017-10-05 00:00:00-04:00,185.44000244140625,187.49000549316406,185.2100067138672,186.61000061035156,641600,0.0,0.0
2017-10-06 00:00:00-04:00,186.99000549316406,191.77999877929688,186.14999389648438,187.0399932861328,1104100,0.0,0.0
2017-10-09 00:00:00-04:00,186.8300018310547,189.27999877929688,185.49000549316406,188.1300048828125,779800,0.0,0.0
2017-10-10 00:00:00-04:00,188.52999877929688,189.9199981689453,188.1300048828125,188.6699981689453,665100,0.0,0.0
2017-10-11 00:00:00-04:00,188.22000122070312,193.19000244140625,188.22000122070312,192.4600067138672,878700,0.0,0.0
2017-10-12 00:00:00-04:00,192.7899932861328,194.83999633789062,192.1999969482422,192.3800048828125,736700,0.0,0.0
2017-10-13 00:00:00-04:00,192.5800018310547,193.94000244140625,191.35000610351562,192.80999755859375,699800,0.0,0.0
2017-10-16 00:00:00-04:00,193.00999450683594,195.60000610351562,192.2100067138672,193.3699951171875,1187500,0.0,0.0
2017-10-17 00:00:00-04:00,193.4600067138672,196.0399932861328,192.64999389648438,194.27000427246094,805600,0.0,0.0
2017-10-18 00:00:00-04:00,194.72000122070312,196.0,193.6199951171875,194.22999572753906,775700,0.0,0.0
2017-10-19 00:00:00-04:00,194.22999572753906,196.88999938964844,191.8000030517578,196.85000610351562,928100,0.0,0.0
2017-10-20 00:00:00-04:00,196.6699981689453,201.6999969482422,196.6699981689453,200.8800048828125,2882500,0.0,0.0
2017-10-23 00:00:00-04:00,205.4499969482422,205.99000549316406,202.4600067138672,202.75999450683594,1243700,0.0,0.0
2017-10-24 00:00:00-04:00,202.75999450683594,205.07000732421875,198.44000244140625,203.72000122070312,1112200,0.0,0.0
2017-10-25 00:00:00-04:00,203.0,203.88999938964844,200.27000427246094,201.75,1106000,0.0,0.0
2017-10-26 00:00:00-04:00,202.58999633789062,207.64999389648438,199.4499969482422,202.97999572753906,1933400,0.0,0.0
2017-10-27 00:00:00-04:00,225.63999938964844,239.8300018310547,223.55999755859375,235.94000244140625,3295000,0.0,0.0
2017-10-30 00:00:00-04:00,234.35000610351562,243.27000427246094,233.36000061035156,235.57000732421875,1407500,0.0,0.0
2017-10-31 00:00:00-04:00,235.10000610351562,240.66000366210938,235.0500030517578,238.97999572753906,951700,0.0,0.0
2017-11-01 00:00:00-04:00,243.0,244.60000610351562,232.30999755859375,234.9499969482422,1441600,0.0,0.0
2017-11-02 00:00:00-04:00,235.3800048828125,237.9499969482422,233.0,233.47000122070312,1036800,0.0,0.0
2017-11-03 00:00:00-04:00,233.85000610351562,242.5500030517578,233.85000610351562,241.35000610351562,1034900,0.0,0.0
2017-11-06 00:00:00-05:00,244.02000427246094,246.8300018310547,238.58999633789062,244.5,1063600,0.0,0.0
2017-11-07 00:00:00-05:00,245.0,246.83999633789062,243.66000366210938,246.4600067138672,613000,0.0,0.0
2017-11-08 00:00:00-05:00,246.0,253.64999389648438,246.0,252.74000549316406,1080500,0.0,0.0
2017-11-09 00:00:00-05:00,251.8000030517578,254.19000244140625,245.52999877929688,249.6300048828125,1314700,0.0,0.0
2017-11-10 00:00:00-05:00,249.3800048828125,251.02000427246094,246.25999450683594,249.4600067138672,927600,0.0,0.0
2017-11-13 00:00:00-05:00,249.2899932861328,257.6000061035156,248.2899932861328,253.72999572753906,952400,0.0,0.0
2017-11-14 00:00:00-05:00,251.77999877929688,256.1000061035156,251.0,254.02000427246094,948300,0.0,0.0
2017-11-15 00:00:00-05:00,252.24000549316406,253.63999938964844,243.0,249.19000244140625,1465100,0.0,0.0
2017-11-16 00:00:00-05:00,251.75999450683594,255.97999572753906,249.17999267578125,254.9199981689453,1048900,0.0,0.0
2017-11-17 00:00:00-05:00,254.74000549316406,255.77000427246094,251.5,253.88999938964844,666800,0.0,0.0
2017-11-20 00:00:00-05:00,254.63999938964844,258.6099853515625,253.6699981689453,255.50999450683594,718200,0.0,0.0
2017-11-21 00:00:00-05:00,257.6700134277344,258.8800048828125,252.02999877929688,256.42999267578125,1303800,0.0,0.0
2017-11-22 00:00:00-05:00,255.41000366210938,257.3500061035156,251.57000732421875,254.3800048828125,805000,0.0,0.0
2017-11-24 00:00:00-05:00,254.32000732421875,255.72999572753906,253.44000244140625,254.75999450683594,285600,0.0,0.0
2017-11-27 00:00:00-05:00,255.77999877929688,263.8999938964844,255.5399932861328,262.4200134277344,1049100,0.0,0.0
2017-11-28 00:00:00-05:00,264.3999938964844,266.4100036621094,259.0,264.2300109863281,1018300,0.0,0.0
2017-11-29 00:00:00-05:00,264.3999938964844,264.6400146484375,254.02000427246094,258.3699951171875,1336200,0.0,0.0
2017-11-30 00:00:00-05:00,259.9599914550781,262.7900085449219,254.24000549316406,260.8800048828125,1085100,0.0,0.0
2017-12-01 00:00:00-05:00,259.3500061035156,261.0,244.82000732421875,254.07000732421875,1354900,0.0,0.0
2017-12-04 00:00:00-05:00,257.8299865722656,257.989990234375,222.74000549316406,225.8000030517578,3879100,0.0,0.0
2017-12-05 00:00:00-05:00,225.02000427246094,233.82000732421875,224.3000030517578,227.36000061035156,2147900,0.0,0.0
2017-12-06 00:00:00-05:00,228.16000366210938,233.74000549316406,225.74000549316406,233.00999450683594,1216400,0.0,0.0
2017-12-07 00:00:00-05:00,236.11000061035156,242.1699981689453,232.5,241.3800048828125,1218000,0.0,0.0
2017-12-08 00:00:00-05:00,242.72000122070312,245.80999755859375,235.0500030517578,238.42999267578125,1004300,0.0,0.0
2017-12-11 00:00:00-05:00,237.4199981689453,239.02000427246094,232.77999877929688,233.66000366210938,1056900,0.0,0.0
2017-12-12 00:00:00-05:00,234.8000030517578,238.60000610351562,233.8800048828125,234.3699951171875,1010800,0.0,0.0
2017-12-13 00:00:00-05:00,234.52999877929688,237.5,234.52999877929688,235.6300048828125,739200,0.0,0.0
2017-12-14 00:00:00-05:00,235.80999755859375,237.89999389648438,232.83999633789062,233.8000030517578,979900,0.0,0.0
2017-12-15 00:00:00-05:00,235.33999633789062,235.33999633789062,231.5,233.5500030517578,1642600,0.0,0.0
2017-12-18 00:00:00-05:00,234.35000610351562,236.9199981689453,232.6699981689453,235.47000122070312,800200,0.0,0.0
2017-12-19 00:00:00-05:00,235.47000122070312,236.52999877929688,234.2100067138672,235.0500030517578,611300,0.0,0.0
2017-12-20 00:00:00-05:00,235.86000061035156,236.24000549316406,232.66000366210938,233.64999389648438,485800,0.0,0.0
2017-12-21 00:00:00-05:00,234.2899932861328,235.1300048828125,217.5500030517578,218.75999450683594,2062600,0.0,0.0
2017-12-22 00:00:00-05:00,216.3699951171875,224.00999450683594,212.86000061035156,223.1199951171875,1154700,0.0,0.0
2017-12-26 00:00:00-05:00,222.36000061035156,224.4199981689453,220.25999450683594,223.5399932861328,445800,0.0,0.0
2017-12-27 00:00:00-05:00,223.22000122070312,229.00999450683594,223.1199951171875,226.4499969482422,706600,0.0,0.0
2017-12-28 00:00:00-05:00,227.7899932861328,227.7899932861328,222.61000061035156,226.47999572753906,612100,0.0,0.0
2017-12-29 00:00:00-05:00,225.99000549316406,227.66000366210938,222.08999633789062,222.19000244140625,560200,0.0,0.0
2018-01-02 00:00:00-05:00,222.61000061035156,226.19000244140625,220.36000061035156,224.6199951171875,979700,0.0,0.0
2018-01-03 00:00:00-05:00,226.05999755859375,231.47999572753906,225.00999450683594,231.1999969482422,924700,0.0,0.0
2018-01-04 00:00:00-05:00,234.89999389648438,235.66000366210938,230.25,233.3000030517578,1363000,0.0,0.0
2018-01-05 00:00:00-05:00,234.8800048828125,243.3000030517578,234.22000122070312,241.07000732421875,1569500,0.0,0.0
2018-01-08 00:00:00-05:00,242.0,250.99000549316406,241.0399932861328,248.89999389648438,2067000,0.0,0.0
2018-01-09 00:00:00-05:00,250.0,253.63999938964844,250.0,251.44000244140625,1212400,0.0,0.0
2018-01-10 00:00:00-05:00,249.14999389648438,250.88999938964844,243.27999877929688,248.30999755859375,874800,0.0,0.0
2018-01-11 00:00:00-05:00,248.0,253.1999969482422,246.00999450683594,252.91000366210938,722400,0.0,0.0
2018-01-12 00:00:00-05:00,254.10000610351562,259.95001220703125,250.00999450683594,258.42999267578125,892900,0.0,0.0
2018-01-16 00:00:00-05:00,262.1199951171875,268.17999267578125,260.55999755859375,263.8800048828125,1197900,0.0,0.0
2018-01-17 00:00:00-05:00,265.1600036621094,273.6000061035156,264.25,272.25,1174800,0.0,0.0
2018-01-18 00:00:00-05:00,272.25,272.69000244140625,266.510009765625,270.70001220703125,1088500,0.0,0.0
2018-01-19 00:00:00-05:00,268.1000061035156,269.75,263.20001220703125,269.4599914550781,1231400,0.0,0.0
2018-01-22 00:00:00-05:00,269.6400146484375,271.7300109863281,258.9200134277344,267.1000061035156,1147200,0.0,0.0
2018-01-23 00:00:00-05:00,267.0,276.989990234375,266.8800048828125,272.1600036621094,973400,0.0,0.0
2018-01-24 00:00:00-05:00,273.5199890136719,274.3900146484375,267.6000061035156,272.2799987792969,798900,0.0,0.0
2018-01-25 00:00:00-05:00,273.70001220703125,276.2300109863281,270.0,273.55999755859375,565800,0.0,0.0
2018-01-26 00:00:00-05:00,275.1600036621094,287.32000732421875,273.2699890136719,283.9700012207031,1132600,0.0,0.0
2018-01-29 00:00:00-05:00,284.45001220703125,284.9700012207031,268.1600036621094,276.7699890136719,1585200,0.0,0.0
2018-01-30 00:00:00-05:00,270.45001220703125,272.0,245.0,270.0799865722656,2451300,0.0,0.0
2018-01-31 00:00:00-05:00,261.010009765625,270.6000061035156,248.2100067138672,262.0,4011400,0.0,0.0
2018-02-01 00:00:00-05:00,261.5899963378906,262.6499938964844,252.1999969482422,255.57000732421875,1735600,0.0,0.0
2018-02-02 00:00:00-05:00,251.57000732421875,262.57000732421875,250.86000061035156,257.3800048828125,1622800,0.0,0.0
2018-02-05 00:00:00-05:00,252.2100067138672,259.1400146484375,241.66000366210938,242.39999389648438,1878100,0.0,0.0
2018-02-06 00:00:00-05:00,232.7100067138672,245.64999389648438,228.0,241.4499969482422,2283400,0.0,0.0
2018-02-07 00:00:00-05:00,241.0,242.22000122070312,233.60000610351562,234.3300018310547,1160700,0.0,0.0
2018-02-08 00:00:00-05:00,233.57000732421875,233.9600067138672,220.6999969482422,220.7100067138672,1918300,0.0,0.0
2018-02-09 00:00:00-05:00,223.75,232.41000366210938,219.11000061035156,229.3699951171875,1549900,0.0,0.0
2018-02-12 00:00:00-05:00,233.25,235.0,225.91000366210938,233.1300048828125,1206800,0.0,0.0
2018-02-13 00:00:00-05:00,230.75999450683594,236.6999969482422,229.67999267578125,233.72999572753906,727400,0.0,0.0
2018-02-14 00:00:00-05:00,231.97999572753906,246.89999389648438,231.35000610351562,246.33999633789062,1214400,0.0,0.0
2018-02-15 00:00:00-05:00,250.0,253.7100067138672,245.38999938964844,252.77000427246094,1410700,0.0,0.0
2018-02-16 00:00:00-05:00,253.85000610351562,255.38999938964844,249.0399932861328,251.5,1056300,0.0,0.0
2018-02-20 00:00:00-05:00,250.57000732421875,259.75,250.5,255.4499969482422,1138900,0.0,0.0
2018-02-21 00:00:00-05:00,255.36000061035156,262.82000732421875,252.0,252.13999938964844,1086000,0.0,0.0
2018-02-22 00:00:00-05:00,254.16000366210938,262.3299865722656,253.25999450683594,259.67999267578125,1084800,0.0,0.0
2018-02-23 00:00:00-05:00,261.989990234375,266.79998779296875,258.1400146484375,265.07000732421875,940000,0.0,0.0
2018-02-26 00:00:00-05:00,266.79998779296875,268.3999938964844,262.4200134277344,266.5799865722656,722100,0.0,0.0
2018-02-27 00:00:00-05:00,265.4800109863281,267.2699890136719,263.5,263.8699951171875,635600,0.0,0.0
2018-02-28 00:00:00-05:00,264.8999938964844,267.7799987792969,262.44000244140625,262.5199890136719,657300,0.0,0.0
2018-03-01 00:00:00-05:00,255.0,259.8399963378906,244.14999389648438,245.5500030517578,1833400,0.0,0.0
2018-03-02 00:00:00-05:00,243.64999389648438,254.88999938964844,241.3000030517578,253.7100067138672,1015700,0.0,0.0
2018-03-05 00:00:00-05:00,252.83999633789062,256.6400146484375,247.63999938964844,255.49000549316406,818300,0.0,0.0
2018-03-06 00:00:00-05:00,256.010009765625,257.3900146484375,252.16000366210938,255.97000122070312,741100,0.0,0.0
2018-03-07 00:00:00-05:00,252.4600067138672,263.9200134277344,252.1300048828125,262.8999938964844,679300,0.0,0.0
2018-03-08 00:00:00-05:00,264.9200134277344,268.69000244140625,263.57000732421875,268.17999267578125,630000,0.0,0.0
2018-03-09 00:00:00-05:00,270.0,273.2200012207031,269.989990234375,271.739990234375,854900,0.0,0.0
2018-03-12 00:00:00-04:00,272.07000732421875,277.32000732421875,271.1300048828125,275.6099853515625,827100,0.0,0.0
2018-03-13 00:00:00-04:00,276.55999755859375,276.9800109863281,267.2900085449219,269.7099914550781,854300,0.0,0.0
2018-03-14 00:00:00-04:00,271.2900085449219,274.07000732421875,269.2699890136719,272.4800109863281,612000,0.0,0.0
2018-03-15 00:00:00-04:00,272.2300109863281,276.1400146484375,269.760009765625,272.8699951171875,719200,0.0,0.0
2018-03-16 00:00:00-04:00,273.760009765625,274.1499938964844,267.57000732421875,270.4100036621094,810100,0.0,0.0
2018-03-19 00:00:00-04:00,268.6499938964844,274.3999938964844,262.1300048828125,265.3900146484375,868000,0.0,0.0
2018-03-20 00:00:00-04:00,266.9200134277344,270.6700134277344,264.7699890136719,270.3999938964844,542800,0.0,0.0
2018-03-21 00:00:00-04:00,270.6700134277344,271.989990234375,267.20001220703125,270.1400146484375,578300,0.0,0.0
2018-03-22 00:00:00-04:00,266.54998779296875,269.79998779296875,260.0,260.1300048828125,714100,0.0,0.0
2018-03-23 00:00:00-04:00,260.1300048828125,265.8399963378906,250.27999877929688,250.9199981689453,996900,0.0,0.0
2018-03-26 00:00:00-04:00,254.0,261.8699951171875,250.14999389648438,261.5199890136719,893500,0.0,0.0
2018-03-27 00:00:00-04:00,263.9800109863281,264.739990234375,245.82000732421875,248.3000030517578,1041700,0.0,0.0
2018-03-28 00:00:00-04:00,248.52000427246094,248.89999389648438,241.02999877929688,244.4199981689453,1175000,0.0,0.0
2018-03-29 00:00:00-04:00,245.97999572753906,257.4700012207031,243.0800018310547,251.1300048828125,1259400,0.0,0.0
2018-04-02 00:00:00-04:00,251.0,254.8000030517578,238.1699981689453,242.69000244140625,927800,0.0,0.0
2018-04-03 00:00:00-04:00,244.00999450683594,248.08999633789062,240.0800018310547,243.6199951171875,847500,0.0,0.0
2018-04-04 00:00:00-04:00,239.72000122070312,250.02000427246094,238.5,248.92999267578125,752900,0.0,0.0
2018-04-05 00:00:00-04:00,251.32000732421875,259.7300109863281,251.32000732421875,255.35000610351562,1096500,0.0,0.0
2018-04-06 00:00:00-04:00,252.39999389648438,255.72000122070312,243.1999969482422,245.22999572753906,909700,0.0,0.0
2018-04-09 00:00:00-04:00,248.3699951171875,255.25999450683594,247.6199951171875,249.05999755859375,578900,0.0,0.0
2018-04-10 00:00:00-04:00,254.1699981689453,259.9599914550781,252.33999633789062,258.2699890136719,935200,0.0,0.0
2018-04-11 00:00:00-04:00,255.5800018310547,260.4599914550781,254.52999877929688,257.0199890136719,490800,0.0,0.0
2018-04-12 00:00:00-04:00,259.6199951171875,264.8800048828125,258.4700012207031,263.760009765625,579300,0.0,0.0
2018-04-13 00:00:00-04:00,266.2200012207031,267.2099914550781,259.5,261.7200012207031,594100,0.0,0.0
2018-04-16 00:00:00-04:00,264.7699890136719,268.32000732421875,263.0199890136719,265.5,533600,0.0,0.0
2018-04-17 00:00:00-04:00,269.1700134277344,274.5199890136719,267.7799987792969,272.6499938964844,958100,0.0,0.0
2018-04-18 00:00:00-04:00,274.0,280.2300109863281,270.57000732421875,277.04998779296875,885900,0.0,0.0
2018-04-19 00:00:00-04:00,265.82000732421875,267.0199890136719,250.27000427246094,252.77999877929688,2458600,0.0,0.0
2018-04-20 00:00:00-04:00,253.3800048828125,256.6600036621094,245.41000366210938,247.07000732421875,1323300,0.0,0.0
2018-04-23 00:00:00-04:00,248.6300048828125,251.3699951171875,245.00999450683594,247.1999969482422,846500,0.0,0.0
2018-04-24 00:00:00-04:00,248.6199951171875,251.47000122070312,235.8300018310547,239.66000366210938,1267400,0.0,0.0
2018-04-25 00:00:00-04:00,238.47000122070312,245.77999877929688,234.39999389648438,245.6300048828125,1298100,0.0,0.0
2018-04-26 00:00:00-04:00,261.989990234375,266.1000061035156,242.7100067138672,259.8900146484375,2927800,0.0,0.0
2018-04-27 00:00:00-04:00,259.989990234375,260.8399963378906,251.47999572753906,257.8999938964844,981700,0.0,0.0
2018-04-30 00:00:00-04:00,258.6300048828125,258.6300048828125,249.5800018310547,249.85000610351562,1103500,0.0,0.0
2018-05-01 00:00:00-04:00,249.2100067138672,252.69000244140625,247.50999450683594,251.33999633789062,570400,0.0,0.0
2018-05-02 00:00:00-04:00,250.39999389648438,252.92999267578125,249.1699981689453,249.47000122070312,745900,0.0,0.0
2018-05-03 00:00:00-04:00,249.0,255.41000366210938,244.39999389648438,255.13999938964844,964700,0.0,0.0
2018-05-04 00:00:00-04:00,251.99000549316406,260.260009765625,246.3800048828125,258.9700012207031,1020600,0.0,0.0
2018-05-07 00:00:00-04:00,259.25,267.0400085449219,259.2300109863281,265.0299987792969,1186300,0.0,0.0
2018-05-08 00:00:00-04:00,263.5400085449219,266.0799865722656,260.2300109863281,265.4599914550781,820800,0.0,0.0
2018-05-09 00:00:00-04:00,265.489990234375,270.6000061035156,265.489990234375,268.0,747000,0.0,0.0
2018-05-10 00:00:00-04:00,268.010009765625,280.25,267.1300048828125,277.7300109863281,1202500,0.0,0.0
2018-05-11 00:00:00-04:00,278.2900085449219,288.3599853515625,277.989990234375,286.489990234375,1471600,0.0,0.0
2018-05-14 00:00:00-04:00,286.989990234375,296.4700012207031,284.75,286.4200134277344,1231100,0.0,0.0
2018-05-15 00:00:00-04:00,283.5299987792969,284.260009765625,276.80999755859375,283.7699890136719,868300,0.0,0.0
2018-05-16 00:00:00-04:00,283.5,292.82000732421875,281.6099853515625,287.9599914550781,880800,0.0,0.0
2018-05-17 00:00:00-04:00,289.5199890136719,294.9100036621094,287.7300109863281,292.7200012207031,927900,0.0,0.0
2018-05-18 00:00:00-04:00,293.489990234375,299.4599914550781,292.760009765625,298.0,900800,0.0,0.0
2018-05-21 00:00:00-04:00,300.0,304.989990234375,299.4700012207031,302.4599914550781,853700,0.0,0.0
2018-05-22 00:00:00-04:00,305.9599914550781,306.1099853515625,294.0,297.8599853515625,856100,0.0,0.0
2018-05-23 00:00:00-04:00,297.8599853515625,308.6700134277344,297.1700134277344,308.20001220703125,1243400,0.0,0.0
2018-05-24 00:00:00-04:00,310.1300048828125,318.5899963378906,308.010009765625,317.0400085449219,1354300,0.0,0.0
2018-05-25 00:00:00-04:00,318.0799865722656,322.6700134277344,316.3800048828125,318.5400085449219,1268100,0.0,0.0
2018-05-29 00:00:00-04:00,318.19000244140625,326.82000732421875,317.8599853515625,326.17999267578125,1027800,0.0,0.0
2018-05-30 00:00:00-04:00,327.9200134277344,333.3399963378906,327.2300109863281,331.45001220703125,903300,0.0,0.0
2018-05-31 00:00:00-04:00,331.70001220703125,338.5,330.2099914550781,331.95001220703125,1421700,0.0,0.0
2018-06-01 00:00:00-04:00,333.1700134277344,335.3500061035156,325.2799987792969,333.0899963378906,1081700,0.0,0.0
2018-06-04 00:00:00-04:00,335.5400085449219,343.8800048828125,333.2200012207031,343.20001220703125,794600,0.0,0.0
2018-06-05 00:00:00-04:00,343.2099914550781,346.54998779296875,341.5400085449219,346.0799865722656,925200,0.0,0.0
2018-06-06 00:00:00-04:00,347.25,347.9700012207031,342.8299865722656,346.3699951171875,768000,0.0,0.0
2018-06-07 00:00:00-04:00,346.8599853515625,347.8500061035156,333.29998779296875,339.32000732421875,1225400,0.0,0.0
2018-06-08 00:00:00-04:00,337.0299987792969,347.44000244140625,333.0,346.6700134277344,774400,0.0,0.0
2018-06-11 00:00:00-04:00,345.2799987792969,349.7900085449219,343.7200012207031,348.44000244140625,635000,0.0,0.0
2018-06-12 00:00:00-04:00,349.6000061035156,355.9800109863281,349.2900085449219,354.25,861900,0.0,0.0
2018-06-13 00:00:00-04:00,356.0,365.760009765625,354.5899963378906,363.489990234375,1231800,0.0,0.0
2018-06-14 00:00:00-04:00,364.3500061035156,370.4700012207031,363.70001220703125,366.2699890136719,872400,0.0,0.0
2018-06-15 00:00:00-04:00,364.80999755859375,366.8900146484375,358.2699890136719,362.6600036621094,1143500,0.0,0.0
2018-06-18 00:00:00-04:00,361.010009765625,371.54998779296875,357.1099853515625,370.1000061035156,874700,0.0,0.0
2018-06-19 00:00:00-04:00,366.20001220703125,369.0799865722656,358.6700134277344,365.239990234375,847500,0.0,0.0
2018-06-20 00:00:00-04:00,368.010009765625,369.20001220703125,362.69000244140625,364.70001220703125,794200,0.0,0.0
2018-06-21 00:00:00-04:00,365.6600036621094,369.0,359.1499938964844,359.6000061035156,1019500,0.0,0.0
2018-06-22 00:00:00-04:00,361.57000732421875,363.9599914550781,347.1499938964844,353.2699890136719,1296500,0.0,0.0
2018-06-25 00:00:00-04:00,350.0,350.4700012207031,341.2799987792969,346.29998779296875,1174100,0.0,0.0
2018-06-26 00:00:00-04:00,349.2699890136719,357.69000244140625,348.29998779296875,352.4200134277344,939900,0.0,0.0
2018-06-27 00:00:00-04:00,352.4200134277344,356.4700012207031,342.260009765625,342.7799987792969,1009800,0.0,0.0
2018-06-28 00:00:00-04:00,340.57000732421875,345.8999938964844,334.44000244140625,343.79998779296875,1262200,0.0,0.0
2018-06-29 00:00:00-04:00,345.7099914550781,346.1300048828125,341.70001220703125,342.1400146484375,937600,0.0,0.0
2018-07-02 00:00:00-04:00,334.8999938964844,341.04998779296875,332.010009765625,340.2799987792969,1047100,0.0,0.0
2018-07-03 00:00:00-04:00,341.1000061035156,344.5199890136719,337.1099853515625,338.67999267578125,475400,0.0,0.0
2018-07-05 00:00:00-04:00,342.17999267578125,343.2300109863281,333.57000732421875,341.3800048828125,737500,0.0,0.0
2018-07-06 00:00:00-04:00,341.3900146484375,349.70001220703125,338.79998779296875,347.4700012207031,641600,0.0,0.0
2018-07-09 00:00:00-04:00,350.5799865722656,354.1199951171875,345.44000244140625,348.9700012207031,784900,0.0,0.0
2018-07-10 00:00:00-04:00,350.0,352.8299865722656,347.25,351.45001220703125,594600,0.0,0.0
2018-07-11 00:00:00-04:00,346.9800109863281,352.3999938964844,345.5,348.8699951171875,433400,0.0,0.0
2018-07-12 00:00:00-04:00,350.30999755859375,363.0400085449219,350.30999755859375,362.82000732421875,810200,0.0,0.0
2018-07-13 00:00:00-04:00,364.0,368.9700012207031,361.2900085449219,363.45001220703125,734000,0.0,0.0
2018-07-16 00:00:00-04:00,365.0,366.32000732421875,358.0199890136719,362.2799987792969,400600,0.0,0.0
2018-07-17 00:00:00-04:00,359.5899963378906,371.04998779296875,357.4599914550781,370.5299987792969,558900,0.0,0.0
2018-07-18 00:00:00-04:00,373.8599853515625,375.3299865722656,367.80999755859375,372.30999755859375,452100,0.0,0.0
2018-07-19 00:00:00-04:00,369.8800048828125,373.489990234375,365.0,370.32000732421875,560000,0.0,0.0
2018-07-20 00:00:00-04:00,371.05999755859375,378.9800109863281,369.5799865722656,375.3800048828125,755500,0.0,0.0
2018-07-23 00:00:00-04:00,375.5,385.0,368.739990234375,377.5,722100,0.0,0.0
2018-07-24 00:00:00-04:00,378.9599914550781,384.75,369.760009765625,372.5899963378906,937400,0.0,0.0
2018-07-25 00:00:00-04:00,374.69000244140625,383.4599914550781,373.0,381.7699890136719,975500,0.0,0.0
2018-07-26 00:00:00-04:00,377.6099853515625,380.0,354.739990234375,363.0199890136719,1834800,0.0,0.0
2018-07-27 00:00:00-04:00,364.510009765625,365.54998779296875,349.1300048828125,353.7699890136719,837800,0.0,0.0
2018-07-30 00:00:00-04:00,353.5,356.0299987792969,341.239990234375,348.5799865722656,1262800,0.0,0.0
2018-07-31 00:00:00-04:00,348.8800048828125,358.55999755859375,341.9100036621094,356.6499938964844,1286200,0.0,0.0
2018-08-01 00:00:00-04:00,356.6499938964844,361.2900085449219,352.6000061035156,353.70001220703125,871200,0.0,0.0
2018-08-02 00:00:00-04:00,351.0,369.0199890136719,350.510009765625,367.9200134277344,803900,0.0,0.0
2018-08-03 00:00:00-04:00,368.5199890136719,369.489990234375,356.1300048828125,363.510009765625,712900,0.0,0.0
2018-08-06 00:00:00-04:00,362.1099853515625,370.45001220703125,362.1099853515625,369.54998779296875,526700,0.0,0.0
2018-08-07 00:00:00-04:00,369.54998779296875,373.6600036621094,365.0,365.5799865722656,615900,0.0,0.0
2018-08-08 00:00:00-04:00,366.1300048828125,367.3500061035156,363.30999755859375,366.2099914550781,462400,0.0,0.0
2018-08-09 00:00:00-04:00,366.80999755859375,371.6099853515625,363.5,366.8699951171875,529800,0.0,0.0
2018-08-10 00:00:00-04:00,363.7099914550781,369.6700134277344,362.4800109863281,364.5299987792969,389700,0.0,0.0
2018-08-13 00:00:00-04:00,364.4800109863281,369.0400085449219,361.5400085449219,362.2799987792969,364600,0.0,0.0
2018-08-14 00:00:00-04:00,361.2799987792969,368.79998779296875,361.2799987792969,368.6600036621094,559600,0.0,0.0
2018-08-15 00:00:00-04:00,366.7300109863281,368.489990234375,349.79998779296875,350.45001220703125,1074700,0.0,0.0
2018-08-16 00:00:00-04:00,353.0,355.0,344.3500061035156,351.20001220703125,950500,0.0,0.0
2018-08-17 00:00:00-04:00,350.1099853515625,358.7099914550781,342.29998779296875,357.29998779296875,998200,0.0,0.0
2018-08-20 00:00:00-04:00,358.0,358.9200134277344,351.8800048828125,352.2799987792969,528900,0.0,0.0
2018-08-21 00:00:00-04:00,353.010009765625,357.3999938964844,351.5199890136719,355.8900146484375,518200,0.0,0.0
2018-08-22 00:00:00-04:00,354.0199890136719,362.20001220703125,352.3900146484375,361.3599853515625,573500,0.0,0.0
2018-08-23 00:00:00-04:00,361.0,366.7200012207031,360.92999267578125,363.5899963378906,570700,0.0,0.0
2018-08-24 00:00:00-04:00,365.0899963378906,370.55999755859375,363.2699890136719,367.6000061035156,614300,0.0,0.0
2018-08-27 00:00:00-04:00,370.0,383.70001220703125,369.1199951171875,381.8699951171875,941300,0.0,0.0
2018-08-28 00:00:00-04:00,382.55999755859375,390.19000244140625,378.1600036621094,382.25,920000,0.0,0.0
2018-08-29 00:00:00-04:00,384.3999938964844,391.25,382.260009765625,385.42999267578125,709400,0.0,0.0
2018-08-30 00:00:00-04:00,383.0799865722656,391.3699951171875,383.0,387.04998779296875,502400,0.0,0.0
2018-08-31 00:00:00-04:00,388.42999267578125,392.69000244140625,384.510009765625,386.489990234375,541900,0.0,0.0
2018-09-04 00:00:00-04:00,386.6400146484375,388.8999938964844,381.1099853515625,385.3299865722656,525700,0.0,0.0
2018-09-05 00:00:00-04:00,384.9200134277344,384.9200134277344,366.0799865722656,372.9100036621094,1028200,0.0,0.0
2018-09-06 00:00:00-04:00,373.54998779296875,376.6099853515625,367.0899963378906,370.82000732421875,671300,0.0,0.0
2018-09-07 00:00:00-04:00,368.760009765625,374.5199890136719,365.20001220703125,368.6400146484375,515400,0.0,0.0
2018-09-10 00:00:00-04:00,370.8900146484375,376.489990234375,367.4100036621094,374.7799987792969,550900,0.0,0.0
2018-09-11 00:00:00-04:00,373.3599853515625,382.9800109863281,371.0,382.79998779296875,603200,0.0,0.0
2018-09-12 00:00:00-04:00,382.8999938964844,385.239990234375,374.239990234375,381.8299865722656,527400,0.0,0.0
2018-09-13 00:00:00-04:00,383.8699951171875,388.7900085449219,377.54998779296875,379.6400146484375,553100,0.0,0.0
2018-09-14 00:00:00-04:00,383.30999755859375,391.6000061035156,381.989990234375,390.1600036621094,746400,0.0,0.0
2018-09-17 00:00:00-04:00,390.5400085449219,393.9800109863281,377.55999755859375,378.3699951171875,754400,0.0,0.0
2018-09-18 00:00:00-04:00,378.3800048828125,386.8900146484375,378.3800048828125,385.9599914550781,475100,0.0,0.0
2018-09-19 00:00:00-04:00,386.3999938964844,388.6700134277344,377.1400146484375,379.94000244140625,552200,0.0,0.0
2018-09-20 00:00:00-04:00,381.19000244140625,385.4800109863281,375.92999267578125,379.8399963378906,626800,0.0,0.0
2018-09-21 00:00:00-04:00,381.8399963378906,384.239990234375,378.42999267578125,380.8399963378906,785800,0.0,0.0
2018-09-24 00:00:00-04:00,379.0,391.9200134277344,377.30999755859375,388.9599914550781,475400,0.0,0.0
2018-09-25 00:00:00-04:00,390.0,398.8800048828125,389.0799865722656,392.9800109863281,613200,0.0,0.0
2018-09-26 00:00:00-04:00,392.7300109863281,395.1600036621094,386.0400085449219,389.2300109863281,591500,0.0,0.0
2018-09-27 00:00:00-04:00,391.0,395.1600036621094,387.67999267578125,389.9700012207031,447000,0.0,0.0
2018-09-28 00:00:00-04:00,389.8500061035156,395.2300109863281,387.9599914550781,391.2200012207031,495700,0.0,0.0
2018-10-01 00:00:00-04:00,393.3599853515625,397.8500061035156,390.0,391.5199890136719,615700,0.0,0.0
2018-10-02 00:00:00-04:00,390.5199890136719,390.5199890136719,374.55999755859375,376.1700134277344,892100,0.0,0.0
2018-10-03 00:00:00-04:00,379.94000244140625,381.0,372.4700012207031,375.260009765625,879800,0.0,0.0
2018-10-04 00:00:00-04:00,373.57000732421875,375.1400146484375,355.3800048828125,357.8900146484375,1277100,0.0,0.0
2018-10-05 00:00:00-04:00,356.20001220703125,364.7900085449219,345.239990234375,353.1099853515625,1301600,0.0,0.0
2018-10-08 00:00:00-04:00,350.1199951171875,352.95001220703125,333.0799865722656,342.8699951171875,1379000,0.0,0.0
2018-10-09 00:00:00-04:00,341.5899963378906,346.7699890136719,336.0199890136719,340.9700012207031,1025400,0.0,0.0
2018-10-10 00:00:00-04:00,336.2799987792969,336.6199951171875,315.3299865722656,316.0299987792969,1670200,0.0,0.0
2018-10-11 00:00:00-04:00,312.29998779296875,325.3699951171875,309.17999267578125,312.8599853515625,1588400,0.0,0.0
2018-10-12 00:00:00-04:00,326.1300048828125,329.17999267578125,317.1199951171875,327.5,1478700,0.0,0.0
2018-10-15 00:00:00-04:00,326.5299987792969,327.4800109863281,316.4200134277344,317.42999267578125,1120000,0.0,0.0
2018-10-16 00:00:00-04:00,321.25,335.3399963378906,320.6499938964844,334.94000244140625,1123700,0.0,0.0
2018-10-17 00:00:00-04:00,338.80999755859375,339.95001220703125,329.010009765625,332.8299865722656,706900,0.0,0.0
2018-10-18 00:00:00-04:00,331.8500061035156,333.2200012207031,317.5199890136719,323.05999755859375,834700,0.0,0.0
2018-10-19 00:00:00-04:00,326.2900085449219,327.7099914550781,310.4599914550781,312.7900085449219,1335200,0.0,0.0
2018-10-22 00:00:00-04:00,313.70001220703125,318.010009765625,306.010009765625,314.2200012207031,1272400,0.0,0.0
2018-10-23 00:00:00-04:00,305.8999938964844,313.29998779296875,295.7799987792969,311.69000244140625,1263300,0.0,0.0
2018-10-24 00:00:00-04:00,311.0799865722656,315.9800109863281,290.2099914550781,290.8299865722656,2090000,0.0,0.0
2018-10-25 00:00:00-04:00,231.22999572753906,235.5,203.1199951171875,232.07000732421875,8520300,0.0,0.0
2018-10-26 00:00:00-04:00,228.0,237.58999633789062,218.00999450683594,230.1300048828125,4629400,0.0,0.0
2018-10-29 00:00:00-04:00,234.75999450683594,235.49000549316406,212.02000427246094,217.94000244140625,2542500,0.0,0.0
2018-10-30 00:00:00-04:00,216.8000030517578,225.6199951171875,215.0,223.00999450683594,1850400,0.0,0.0
2018-10-31 00:00:00-04:00,226.49000549316406,229.75999450683594,220.25999450683594,221.1999969482422,1603700,0.0,0.0
2018-11-01 00:00:00-04:00,222.27000427246094,231.3800048828125,220.5399932861328,230.9499969482422,1557900,0.0,0.0
2018-11-02 00:00:00-04:00,233.52999877929688,239.47999572753906,227.02000427246094,229.75,2215600,0.0,0.0
2018-11-05 00:00:00-05:00,227.77000427246094,229.63999938964844,221.5399932861328,228.1199951171875,1315100,0.0,0.0
2018-11-06 00:00:00-05:00,227.5,231.22999572753906,225.42999267578125,229.3699951171875,954900,0.0,0.0
2018-11-07 00:00:00-05:00,231.72000122070312,248.5,230.77000427246094,245.30999755859375,2228100,0.0,0.0
2018-11-08 00:00:00-05:00,245.5399932861328,246.8000030517578,240.9499969482422,245.6699981689453,1431200,0.0,0.0
2018-11-09 00:00:00-05:00,243.4199981689453,244.6199951171875,226.3699951171875,235.9600067138672,2022900,0.0,0.0
2018-11-12 00:00:00-05:00,231.97000122070312,232.99000549316406,214.6199951171875,217.2899932861328,1601200,0.0,0.0
2018-11-13 00:00:00-05:00,219.0,225.2100067138672,217.3000030517578,219.32000732421875,1400300,0.0,0.0
2018-11-14 00:00:00-05:00,221.89999389648438,225.19000244140625,217.35000610351562,219.99000549316406,1026200,0.0,0.0
2018-11-15 00:00:00-05:00,219.52000427246094,223.4499969482422,216.00999450683594,222.77000427246094,958200,0.0,0.0
2018-11-16 00:00:00-05:00,220.75999450683594,228.8000030517578,218.7100067138672,225.41000366210938,1061200,0.0,0.0
2018-11-19 00:00:00-05:00,223.85000610351562,223.9499969482422,203.6999969482422,204.42999267578125,1804400,0.0,0.0
2018-11-20 00:00:00-05:00,189.02999877929688,212.82000732421875,188.57000732421875,210.10000610351562,3432600,0.0,0.0
2018-11-21 00:00:00-05:00,213.94000244140625,219.75,212.24000549316406,215.72000122070312,1130600,0.0,0.0
2018-11-23 00:00:00-05:00,214.8800048828125,220.55999755859375,214.2100067138672,218.8699951171875,539300,0.0,0.0
2018-11-26 00:00:00-05:00,221.9199981689453,229.3699951171875,221.10000610351562,223.3800048828125,1076400,0.0,0.0
2018-11-27 00:00:00-05:00,221.7899932861328,225.38999938964844,219.6300048828125,220.7100067138672,1416300,0.0,0.0
2018-11-28 00:00:00-05:00,222.25,236.35000610351562,222.02000427246094,235.58999633789062,1375100,0.0,0.0
2018-11-29 00:00:00-05:00,234.52999877929688,235.5,224.1300048828125,228.6999969482422,1157100,0.0,0.0
2018-11-30 00:00:00-05:00,227.69000244140625,232.97000122070312,224.72000122070312,229.88999938964844,1206200,0.0,0.0
2018-12-03 00:00:00-05:00,234.39999389648438,235.9199981689453,228.0,235.6999969482422,1372400,0.0,0.0
2018-12-04 00:00:00-05:00,234.22000122070312,234.36000061035156,218.30999755859375,220.9499969482422,1542000,0.0,0.0
2018-12-06 00:00:00-05:00,211.11000061035156,219.3800048828125,210.11000061035156,219.33999633789062,1413500,0.0,0.0
2018-12-07 00:00:00-05:00,217.38999938964844,220.39999389648438,208.8699951171875,210.27999877929688,1000200,0.0,0.0
2018-12-10 00:00:00-05:00,209.7899932861328,218.1699981689453,208.99000549316406,216.66000366210938,1081300,0.0,0.0
2018-12-11 00:00:00-05:00,220.07000732421875,223.8000030517578,218.02000427246094,220.27000427246094,1099200,0.0,0.0
2018-12-12 00:00:00-05:00,225.0800018310547,226.89999389648438,219.1300048828125,219.2899932861328,749600,0.0,0.0
2018-12-13 00:00:00-05:00,218.82000732421875,221.4600067138672,212.94000244140625,217.22999572753906,884500,0.0,0.0
2018-12-14 00:00:00-05:00,214.27000427246094,217.4499969482422,212.00999450683594,215.57000732421875,1206800,0.0,0.0
2018-12-17 00:00:00-05:00,213.02999877929688,213.97999572753906,205.22000122070312,206.97000122070312,981000,0.0,0.0
2018-12-18 00:00:00-05:00,209.83999633789062,213.32000732421875,206.50999450683594,209.5,981700,0.0,0.0
2018-12-19 00:00:00-05:00,209.13999938964844,212.8800048828125,198.50999450683594,201.55999755859375,1019900,0.0,0.0
2018-12-20 00:00:00-05:00,201.19000244140625,204.6999969482422,191.24000549316406,197.77999877929688,1787700,0.0,0.0
2018-12-21 00:00:00-05:00,199.13999938964844,201.0500030517578,193.27999877929688,199.1699981689453,1983800,0.0,0.0
2018-12-24 00:00:00-05:00,196.57000732421875,198.19000244140625,190.75,193.72000122070312,504800,0.0,0.0
2018-12-26 00:00:00-05:00,194.7100067138672,212.3000030517578,194.24000549316406,210.99000549316406,1274600,0.0,0.0
2018-12-27 00:00:00-05:00,207.0,211.3300018310547,201.49000549316406,211.3300018310547,894600,0.0,0.0
2018-12-28 00:00:00-05:00,212.86000061035156,212.86000061035156,206.0,208.2899932861328,875800,0.0,0.0
2018-12-31 00:00:00-05:00,209.88999938964844,214.17999267578125,206.67999267578125,209.42999267578125,809300,0.0,0.0
2019-01-02 00:00:00-05:00,205.32000732421875,207.16000366210938,200.5399932861328,202.1199951171875,1126800,0.0,0.0
2019-01-03 00:00:00-05:00,200.02999877929688,200.77000427246094,183.6199951171875,184.77999877929688,2414200,0.0,0.0
2019-01-04 00:00:00-05:00,181.67999267578125,190.38999938964844,177.92999267578125,186.7100067138672,2518200,0.0,0.0
2019-01-07 00:00:00-05:00,187.41000366210938,190.77000427246094,184.50999450683594,189.9199981689453,1311200,0.0,0.0
2019-01-08 00:00:00-05:00,191.35000610351562,194.99000549316406,187.58999633789062,192.9499969482422,1001500,0.0,0.0
2019-01-09 00:00:00-05:00,194.25999450683594,207.0,194.25999450683594,200.32000732421875,1666300,0.0,0.0
2019-01-10 00:00:00-05:00,198.99000549316406,205.99000549316406,194.1199951171875,202.63999938964844,1247500,0.0,0.0
2019-01-11 00:00:00-05:00,201.60000610351562,201.60000610351562,195.6300048828125,198.25,1084800,0.0,0.0
2019-01-14 00:00:00-05:00,196.5399932861328,198.33999633789062,193.22999572753906,193.94000244140625,1816900,0.0,0.0
2019-01-15 00:00:00-05:00,194.89999389648438,197.5,191.92999267578125,195.0500030517578,1927600,0.0,0.0
2019-01-16 00:00:00-05:00,197.07000732421875,208.50999450683594,195.3800048828125,206.7899932861328,2213800,0.0,0.0
2019-01-17 00:00:00-05:00,206.8699951171875,215.85000610351562,206.77999877929688,212.6699981689453,1798700,0.0,0.0
2019-01-18 00:00:00-05:00,216.0,223.60000610351562,212.88999938964844,220.08999633789062,2433200,0.0,0.0
2019-01-22 00:00:00-05:00,220.67999267578125,221.64999389648438,213.89999389648438,216.16000366210938,1107900,0.0,0.0
2019-01-23 00:00:00-05:00,217.0,221.2100067138672,215.13999938964844,217.22000122070312,1111000,0.0,0.0
2019-01-24 00:00:00-05:00,218.25,224.0800018310547,218.25,220.6699981689453,970000,0.0,0.0
2019-01-25 00:00:00-05:00,222.61000061035156,228.97000122070312,221.47999572753906,227.22000122070312,1344100,0.0,0.0
2019-01-28 00:00:00-05:00,224.5,225.9199981689453,220.14999389648438,221.49000549316406,1421200,0.0,0.0
2019-01-29 00:00:00-05:00,222.16000366210938,223.83999633789062,216.52000427246094,222.02999877929688,1928000,0.0,0.0
2019-01-30 00:00:00-05:00,208.74000549316406,234.44000244140625,207.99000549316406,232.8300018310547,4375400,0.0,0.0
2019-01-31 00:00:00-05:00,233.57000732421875,249.24000549316406,231.75999450683594,248.9499969482422,3182600,0.0,0.0
2019-02-01 00:00:00-05:00,248.0800018310547,248.75,239.0,244.0,1569900,0.0,0.0
2019-02-04 00:00:00-05:00,243.91000366210938,245.22999572753906,239.6999969482422,244.5399932861328,943900,0.0,0.0
2019-02-05 00:00:00-05:00,241.85000610351562,246.1999969482422,241.4199981689453,243.50999450683594,1175700,0.0,0.0
2019-02-06 00:00:00-05:00,244.0,246.4600067138672,240.6999969482422,244.0399932861328,988000,0.0,0.0
2019-02-07 00:00:00-05:00,241.88999938964844,244.5500030517578,238.25999450683594,239.4499969482422,904500,0.0,0.0
2019-02-08 00:00:00-05:00,236.77999877929688,241.41000366210938,234.22999572753906,241.25999450683594,831200,0.0,0.0
2019-02-11 00:00:00-05:00,242.86000061035156,247.5399932861328,242.07000732421875,244.57000732421875,873500,0.0,0.0
2019-02-12 00:00:00-05:00,246.8000030517578,256.7699890136719,246.36000061035156,254.32000732421875,1601100,0.0,0.0
2019-02-13 00:00:00-05:00,256.989990234375,259.92999267578125,248.83999633789062,251.85000610351562,1137700,0.0,0.0
2019-02-14 00:00:00-05:00,247.0399932861328,252.91000366210938,246.47000122070312,250.75,1120700,0.0,0.0
2019-02-15 00:00:00-05:00,253.0399932861328,255.67999267578125,251.38999938964844,254.9600067138672,851700,0.0,0.0
2019-02-19 00:00:00-05:00,254.9600067138672,257.5899963378906,254.00999450683594,255.24000549316406,830300,0.0,0.0
2019-02-20 00:00:00-05:00,255.22999572753906,256.489990234375,250.91000366210938,253.7899932861328,1191300,0.0,0.0
2019-02-21 00:00:00-05:00,252.97999572753906,252.97999572753906,247.4600067138672,250.22999572753906,1073900,0.0,0.0
2019-02-22 00:00:00-05:00,251.52000427246094,254.24000549316406,248.85000610351562,253.99000549316406,803100,0.0,0.0
2019-02-25 00:00:00-05:00,255.52000427246094,263.6400146484375,255.52000427246094,262.3500061035156,1442100,0.0,0.0
2019-02-26 00:00:00-05:00,261.1300048828125,262.3500061035156,256.3299865722656,259.7900085449219,1298700,0.0,0.0
2019-02-27 00:00:00-05:00,258.2300109863281,262.1600036621094,257.2900085449219,258.25,1182200,0.0,0.0
2019-02-28 00:00:00-05:00,258.0799865722656,259.75,254.5500030517578,258.9700012207031,1076500,0.0,0.0
2019-03-01 00:00:00-05:00,261.239990234375,264.4599914550781,258.9599914550781,263.3500061035156,1417400,0.0,0.0
2019-03-04 00:00:00-05:00,264.3699951171875,266.2099914550781,252.3000030517578,256.30999755859375,1930200,0.0,0.0
2019-03-05 00:00:00-05:00,244.94000244140625,244.94000244140625,233.89999389648438,239.22000122070312,3432900,0.0,0.0
2019-03-06 00:00:00-05:00,237.7899932861328,240.5,229.6199951171875,231.4499969482422,2318500,0.0,0.0
2019-03-07 00:00:00-05:00,231.0,233.0800018310547,227.25999450683594,230.75,1645200,0.0,0.0
2019-03-08 00:00:00-05:00,228.63999938964844,231.72999572753906,224.5800018310547,230.83999633789062,1357800,0.0,0.0
2019-03-11 00:00:00-04:00,231.55999755859375,243.94000244140625,231.55999755859375,243.36000061035156,1528700,0.0,0.0
2019-03-12 00:00:00-04:00,243.9600067138672,251.6699981689453,243.0,250.83999633789062,1592500,0.0,0.0
2019-03-13 00:00:00-04:00,251.27999877929688,254.02999877929688,247.49000549316406,252.1300048828125,1085800,0.0,0.0
2019-03-14 00:00:00-04:00,249.92999267578125,251.39999389648438,244.5500030517578,247.58999633789062,2026600,0.0,0.0
2019-03-15 00:00:00-04:00,248.47999572753906,256.8299865722656,247.94000244140625,252.3300018310547,1542900,0.0,0.0
2019-03-18 00:00:00-04:00,252.6999969482422,254.1199951171875,248.1699981689453,253.72999572753906,1212700,0.0,0.0
2019-03-19 00:00:00-04:00,256.42999267578125,260.92999267578125,256.0299987792969,259.2900085449219,1455800,0.0,0.0
2019-03-20 00:00:00-04:00,258.92999267578125,266.05999755859375,258.010009765625,265.67999267578125,1245200,0.0,0.0
2019-03-21 00:00:00-04:00,265.45001220703125,281.6300048828125,265.3500061035156,280.7300109863281,2020400,0.0,0.0
2019-03-22 00:00:00-04:00,279.6400146484375,279.6400146484375,269.2300109863281,269.6199951171875,1240400,0.0,0.0
2019-03-25 00:00:00-04:00,269.75,274.32000732421875,266.0,271.0199890136719,1004400,0.0,0.0
2019-03-26 00:00:00-04:00,275.25,277.45001220703125,272.7699890136719,274.2699890136719,629100,0.0,0.0
2019-03-27 00:00:00-04:00,274.2699890136719,276.0400085449219,262.8699951171875,268.9599914550781,1242600,0.0,0.0
2019-03-28 00:00:00-04:00,270.239990234375,274.70001220703125,266.5400085449219,273.9100036621094,1073800,0.0,0.0
2019-03-29 00:00:00-04:00,281.3599853515625,284.6099853515625,277.7900085449219,284.3299865722656,1182400,0.0,0.0
2019-04-01 00:00:00-04:00,287.44000244140625,290.8900146484375,281.5199890136719,285.1499938964844,966500,0.0,0.0
2019-04-02 00:00:00-04:00,285.75,292.69000244140625,284.1000061035156,292.0299987792969,907600,0.0,0.0
2019-04-03 00:00:00-04:00,293.44000244140625,296.0,288.6199951171875,289.2699890136719,1270600,0.0,0.0
2019-04-04 00:00:00-04:00,289.9200134277344,291.1099853515625,283.19000244140625,287.9599914550781,550400,0.0,0.0
2019-04-05 00:00:00-04:00,291.0,301.0899963378906,291.0,295.8800048828125,1386200,0.0,0.0
2019-04-08 00:00:00-04:00,295.54998779296875,295.70001220703125,289.75,292.7099914550781,752400,0.0,0.0
2019-04-09 00:00:00-04:00,290.0,290.0,283.010009765625,285.25,1086600,0.0,0.0
2019-04-10 00:00:00-04:00,286.3900146484375,291.82000732421875,286.2900085449219,290.1199951171875,831200,0.0,0.0
2019-04-11 00:00:00-04:00,290.9200134277344,292.20001220703125,286.67999267578125,289.6600036621094,498400,0.0,0.0
2019-04-12 00:00:00-04:00,290.6199951171875,297.8699951171875,290.6199951171875,293.0799865722656,746500,0.0,0.0
2019-04-15 00:00:00-04:00,293.8299865722656,299.0400085449219,291.1600036621094,292.54998779296875,1064700,0.0,0.0
2019-04-16 00:00:00-04:00,293.5899963378906,295.6300048828125,285.0400085449219,288.3800048828125,732900,0.0,0.0
2019-04-17 00:00:00-04:00,290.0899963378906,290.79998779296875,271.6600036621094,273.67999267578125,1823800,0.0,0.0
2019-04-18 00:00:00-04:00,276.3299865722656,281.5,272.3599853515625,281.489990234375,1140300,0.0,0.0
2019-04-22 00:00:00-04:00,279.3800048828125,292.3299865722656,278.1499938964844,290.6300048828125,1462700,0.0,0.0
2019-04-23 00:00:00-04:00,292.1000061035156,298.8500061035156,289.010009765625,296.0799865722656,1572200,0.0,0.0
2019-04-24 00:00:00-04:00,296.0,298.32000732421875,291.7300109863281,297.0799865722656,1373100,0.0,0.0
2019-04-25 00:00:00-04:00,294.1000061035156,316.0,286.6099853515625,296.739990234375,3274200,0.0,0.0
2019-04-26 00:00:00-04:00,298.75,318.19000244140625,297.8999938964844,317.9800109863281,1802100,0.0,0.0
2019-04-29 00:00:00-04:00,318.239990234375,321.3500061035156,315.6199951171875,317.5,1213400,0.0,0.0
2019-04-30 00:00:00-04:00,318.5199890136719,325.3699951171875,318.0,324.67999267578125,920500,0.0,0.0
2019-05-01 00:00:00-04:00,325.260009765625,327.8599853515625,320.510009765625,321.3399963378906,1006500,0.0,0.0
2019-05-02 00:00:00-04:00,320.70001220703125,332.0,318.55999755859375,325.8800048828125,1128900,0.0,0.0
2019-05-03 00:00:00-04:00,328.8599853515625,333.1700134277344,327.2699890136719,331.0799865722656,885600,0.0,0.0
2019-05-06 00:00:00-04:00,320.79998779296875,329.5899963378906,317.20001220703125,329.4599914550781,1377200,0.0,0.0
2019-05-07 00:00:00-04:00,324.19000244140625,328.44000244140625,320.67999267578125,325.510009765625,846500,0.0,0.0
2019-05-08 00:00:00-04:00,324.2699890136719,325.0,318.5199890136719,322.8699951171875,751500,0.0,0.0
2019-05-09 00:00:00-04:00,318.54998779296875,325.57000732421875,313.7300109863281,323.25,784900,0.0,0.0
2019-05-10 00:00:00-04:00,322.1499938964844,324.7699890136719,314.0,321.92999267578125,704000,0.0,0.0
2019-05-13 00:00:00-04:00,312.2699890136719,317.94000244140625,308.1499938964844,310.1499938964844,947300,0.0,0.0
2019-05-14 00:00:00-04:00,312.25,323.17999267578125,312.0799865722656,320.0899963378906,918700,0.0,0.0
2019-05-15 00:00:00-04:00,319.0,328.6600036621094,316.010009765625,325.7099914550781,727200,0.0,0.0
2019-05-16 00:00:00-04:00,326.0,334.6400146484375,326.0,330.8699951171875,865800,0.0,0.0
2019-05-17 00:00:00-04:00,328.20001220703125,330.7200012207031,321.7099914550781,322.6099853515625,826200,0.0,0.0
2019-05-20 00:00:00-04:00,319.54998779296875,322.69000244140625,313.5799865722656,319.67999267578125,716700,0.0,0.0
2019-05-21 00:00:00-04:00,322.5,326.2099914550781,319.1400146484375,319.67999267578125,575600,0.0,0.0
2019-05-22 00:00:00-04:00,321.0400085449219,323.0,315.8900146484375,318.82000732421875,560300,0.0,0.0
2019-05-23 00:00:00-04:00,315.1300048828125,315.82000732421875,305.5899963378906,307.8500061035156,1150100,0.0,0.0
2019-05-24 00:00:00-04:00,309.5899963378906,312.8999938964844,306.82000732421875,311.4700012207031,545200,0.0,0.0
2019-05-28 00:00:00-04:00,311.07000732421875,317.3399963378906,304.30999755859375,304.80999755859375,964000,0.0,0.0
2019-05-29 00:00:00-04:00,302.3699951171875,302.3699951171875,293.82000732421875,297.4100036621094,1354100,0.0,0.0
2019-05-30 00:00:00-04:00,297.8900146484375,303.8999938964844,293.7799987792969,296.67999267578125,653500,0.0,0.0
2019-05-31 00:00:00-04:00,277.8800048828125,289.6099853515625,272.6000061035156,284.3500061035156,2509600,0.0,0.0
2019-06-03 00:00:00-04:00,282.8599853515625,285.2699890136719,276.04998779296875,283.32000732421875,1349900,0.0,0.0
2019-06-04 00:00:00-04:00,288.1600036621094,298.0799865722656,286.6300048828125,297.239990234375,1088100,0.0,0.0
2019-06-05 00:00:00-04:00,301.9200134277344,303.739990234375,295.32000732421875,302.57000732421875,870000,0.0,0.0
2019-06-06 00:00:00-04:00,302.0299987792969,308.5899963378906,298.4800109863281,306.3599853515625,603900,0.0,0.0
2019-06-07 00:00:00-04:00,309.42999267578125,314.0,306.6300048828125,307.6600036621094,780200,0.0,0.0
2019-06-10 00:00:00-04:00,309.3399963378906,319.1700134277344,309.3399963378906,315.0299987792969,747100,0.0,0.0
2019-06-11 00:00:00-04:00,315.4100036621094,316.7099914550781,304.54998779296875,308.8800048828125,818100,0.0,0.0
2019-06-12 00:00:00-04:00,309.29998779296875,312.1700134277344,304.6499938964844,312.0,439100,0.0,0.0
2019-06-13 00:00:00-04:00,312.82000732421875,313.8800048828125,307.260009765625,311.07000732421875,483300,0.0,0.0
2019-06-14 00:00:00-04:00,312.0799865722656,312.0799865722656,305.0199890136719,305.70001220703125,482700,0.0,0.0
2019-06-17 00:00:00-04:00,306.6600036621094,306.6600036621094,282.3999938964844,288.67999267578125,2348600,0.0,0.0
2019-06-18 00:00:00-04:00,293.2300109863281,297.04998779296875,288.95001220703125,290.05999755859375,1099300,0.0,0.0
2019-06-19 00:00:00-04:00,290.29998779296875,298.1700134277344,287.1300048828125,296.8399963378906,988800,0.0,0.0
2019-06-20 00:00:00-04:00,302.0299987792969,302.0299987792969,294.29998779296875,295.6700134277344,768600,0.0,0.0
2019-06-21 00:00:00-04:00,294.9100036621094,294.9100036621094,283.1499938964844,283.55999755859375,1497400,0.0,0.0
2019-06-24 00:00:00-04:00,283.5,286.75,279.4599914550781,282.1600036621094,1074200,0.0,0.0
2019-06-25 00:00:00-04:00,282.2699890136719,283.8699951171875,274.8599853515625,276.0199890136719,991000,0.0,0.0
2019-06-26 00:00:00-04:00,277.239990234375,277.239990234375,267.3599853515625,268.0799865722656,1563500,0.0,0.0
2019-06-27 00:00:00-04:00,269.0799865722656,273.4200134277344,268.2900085449219,269.95001220703125,1001200,0.0,0.0
2019-06-28 00:00:00-04:00,270.04998779296875,274.1700134277344,263.70001220703125,273.70001220703125,1413700,0.0,0.0
2019-07-01 00:00:00-04:00,280.6400146484375,283.3299865722656,271.25,271.67999267578125,1230700,0.0,0.0
2019-07-02 00:00:00-04:00,272.6499938964844,276.2200012207031,269.57000732421875,270.8999938964844,897800,0.0,0.0
2019-07-03 00:00:00-04:00,272.3299865722656,277.4700012207031,271.3800048828125,275.0,588000,0.0,0.0
2019-07-05 00:00:00-04:00,274.1099853515625,276.94000244140625,268.6600036621094,273.2900085449219,661400,0.0,0.0
2019-07-08 00:00:00-04:00,270.5,273.8900146484375,268.8900146484375,272.239990234375,573400,0.0,0.0
2019-07-09 00:00:00-04:00,269.6300048828125,275.9200134277344,269.6300048828125,275.4100036621094,509800,0.0,0.0
2019-07-10 00:00:00-04:00,278.20001220703125,287.95001220703125,278.20001220703125,286.6499938964844,1010800,0.0,0.0
2019-07-11 00:00:00-04:00,290.0,290.7799987792969,280.1499938964844,282.5899963378906,610800,0.0,0.0
2019-07-12 00:00:00-04:00,284.0199890136719,285.1700134277344,278.7300109863281,283.9100036621094,524200,0.0,0.0
2019-07-15 00:00:00-04:00,283.57000732421875,286.9100036621094,280.55999755859375,284.29998779296875,490200,0.0,0.0
2019-07-16 00:00:00-04:00,284.6499938964844,284.8999938964844,279.989990234375,281.07000732421875,366600,0.0,0.0
2019-07-17 00:00:00-04:00,281.67999267578125,286.2799987792969,281.0,283.9100036621094,525600,0.0,0.0
2019-07-18 00:00:00-04:00,283.4700012207031,288.80999755859375,281.510009765625,283.3699951171875,1346000,0.0,0.0
2019-07-19 00:00:00-04:00,284.57000732421875,288.3599853515625,280.0,281.2099914550781,951900,0.0,0.0
2019-07-22 00:00:00-04:00,281.42999267578125,283.260009765625,274.010009765625,274.4700012207031,799400,0.0,0.0
2019-07-23 00:00:00-04:00,274.8800048828125,276.1400146484375,269.2900085449219,272.9599914550781,900400,0.0,0.0
2019-07-24 00:00:00-04:00,272.0,279.95001220703125,270.1099853515625,275.1600036621094,2407700,0.0,0.0
2019-07-25 00:00:00-04:00,219.27999877929688,219.7100067138672,197.11000061035156,200.89999389648438,9535000,0.0,0.0
2019-07-26 00:00:00-04:00,203.25999450683594,203.52000427246094,195.7100067138672,198.83999633789062,2954100,0.0,0.0
2019-07-29 00:00:00-04:00,199.17999267578125,199.63999938964844,189.60000610351562,196.0500030517578,3145500,0.0,0.0
2019-07-30 00:00:00-04:00,194.64999389648438,204.0500030517578,194.02000427246094,203.25,2281300,0.0,0.0
2019-07-31 00:00:00-04:00,208.0,214.5,206.27000427246094,209.0800018310547,2984700,0.0,0.0
2019-08-01 00:00:00-04:00,209.08999633789062,209.99000549316406,200.25999450683594,202.35000610351562,1859000,0.0,0.0
2019-08-02 00:00:00-04:00,201.5500030517578,205.39999389648438,198.67999267578125,199.3800048828125,1715800,0.0,0.0
2019-08-05 00:00:00-04:00,194.39999389648438,194.39999389648438,186.2899932861328,188.3699951171875,2319800,0.0,0.0
2019-08-06 00:00:00-04:00,189.07000732421875,192.3300018310547,186.50999450683594,188.44000244140625,1216300,0.0,0.0
2019-08-07 00:00:00-04:00,186.1300048828125,186.1300048828125,181.9499969482422,183.89999389648438,2025100,0.0,0.0
2019-08-08 00:00:00-04:00,185.1999969482422,189.75,185.1999969482422,188.27999877929688,1137800,0.0,0.0
2019-08-09 00:00:00-04:00,186.13999938964844,189.3699951171875,183.05999755859375,183.3300018310547,1079600,0.0,0.0
2019-08-12 00:00:00-04:00,181.25999450683594,182.77000427246094,178.60000610351562,179.67999267578125,1121300,0.0,0.0
2019-08-13 00:00:00-04:00,178.97000122070312,183.8000030517578,178.6300048828125,182.0,862000,0.0,0.0
2019-08-14 00:00:00-04:00,179.22000122070312,179.86000061035156,174.08999633789062,174.2899932861328,1149500,0.0,0.0
2019-08-15 00:00:00-04:00,175.61000061035156,176.77999877929688,172.6199951171875,174.3699951171875,950800,0.0,0.0
2019-08-16 00:00:00-04:00,175.92999267578125,178.33999633789062,175.4600067138672,177.2899932861328,1047200,0.0,0.0
2019-08-19 00:00:00-04:00,180.0,181.3300018310547,176.58999633789062,177.6199951171875,1070200,0.0,0.0
2019-08-20 00:00:00-04:00,177.24000549316406,178.16000366210938,174.3000030517578,174.5,774500,0.0,0.0
2019-08-21 00:00:00-04:00,176.07000732421875,177.52000427246094,175.02000427246094,176.38999938964844,620200,0.0,0.0
2019-08-22 00:00:00-04:00,177.91000366210938,181.41000366210938,177.4499969482422,178.97000122070312,972700,0.0,0.0
2019-08-23 00:00:00-04:00,177.83999633789062,179.14999389648438,173.8000030517578,175.0399932861328,1146600,0.0,0.0
2019-08-26 00:00:00-04:00,177.1699981689453,179.0800018310547,173.3000030517578,175.19000244140625,784400,0.0,0.0
2019-08-27 00:00:00-04:00,175.9199981689453,177.24000549316406,173.05999755859375,173.8000030517578,874000,0.0,0.0
2019-08-28 00:00:00-04:00,172.5,178.8300018310547,172.11000061035156,177.30999755859375,989500,0.0,0.0
2019-08-29 00:00:00-04:00,178.4600067138672,181.25,178.3000030517578,179.9499969482422,1028100,0.0,0.0
2019-08-30 00:00:00-04:00,182.0,186.2100067138672,180.5500030517578,183.11000061035156,1679300,0.0,0.0
2019-09-03 00:00:00-04:00,182.22999572753906,182.5,177.25,177.91000366210938,1890200,0.0,0.0
2019-09-04 00:00:00-04:00,180.35000610351562,180.72000122070312,174.24000549316406,176.3800048828125,1283900,0.0,0.0
2019-09-05 00:00:00-04:00,178.72999572753906,182.36000061035156,176.86000061035156,177.11000061035156,1222200,0.0,0.0
2019-09-06 00:00:00-04:00,178.64999389648438,179.1300048828125,174.3800048828125,175.05999755859375,1554900,0.0,0.0
2019-09-09 00:00:00-04:00,175.92999267578125,176.1999969482422,169.83999633789062,173.16000366210938,2014900,0.0,0.0
2019-09-10 00:00:00-04:00,172.88999938964844,179.35000610351562,171.32000732421875,177.8000030517578,2024500,0.0,0.0
2019-09-11 00:00:00-04:00,177.89999389648438,181.85000610351562,175.27000427246094,179.77000427246094,1278000,0.0,0.0
2019-09-12 00:00:00-04:00,181.64999389648438,184.5500030517578,174.05999755859375,174.6199951171875,1616800,0.0,0.0
2019-09-13 00:00:00-04:00,176.00999450683594,179.49000549316406,175.0,177.47000122070312,1210100,0.0,0.0
2019-09-16 00:00:00-04:00,176.4600067138672,179.5399932861328,176.16000366210938,179.3699951171875,1032000,0.0,0.0
2019-09-17 00:00:00-04:00,179.3699951171875,180.64999389648438,177.38999938964844,177.64999389648438,575500,0.0,0.0
2019-09-18 00:00:00-04:00,177.58999633789062,178.02000427246094,171.85000610351562,175.8000030517578,952700,0.0,0.0
2019-09-19 00:00:00-04:00,176.0,180.88999938964844,175.75,180.36000061035156,1119900,0.0,0.0
2019-09-20 00:00:00-04:00,180.8000030517578,188.16000366210938,179.5,186.5399932861328,2782000,0.0,0.0
2019-09-23 00:00:00-04:00,186.3699951171875,186.8300018310547,182.50999450683594,183.88999938964844,1224800,0.0,0.0
2019-09-24 00:00:00-04:00,185.17999267578125,186.57000732421875,182.24000549316406,183.0500030517578,1810200,0.0,0.0
2019-09-25 00:00:00-04:00,184.50999450683594,184.50999450683594,180.3699951171875,183.6300048828125,854500,0.0,0.0
2019-09-26 00:00:00-04:00,183.27000427246094,185.0,176.6300048828125,178.99000549316406,1160700,0.0,0.0
2019-09-27 00:00:00-04:00,179.58999633789062,181.83999633789062,175.17999267578125,175.83999633789062,687000,0.0,0.0
2019-09-30 00:00:00-04:00,176.50999450683594,181.85000610351562,176.50999450683594,180.9199981689453,948100,0.0,0.0
2019-10-01 00:00:00-04:00,181.22000122070312,183.33999633789062,179.52999877929688,182.3000030517578,1110800,0.0,0.0
2019-10-02 00:00:00-04:00,181.44000244140625,182.0,176.36000061035156,179.75,973200,0.0,0.0
2019-10-03 00:00:00-04:00,179.89999389648438,184.86000061035156,175.52000427246094,184.77000427246094,777200,0.0,0.0
2019-10-04 00:00:00-04:00,184.58999633789062,187.6699981689453,180.1199951171875,181.58999633789062,862500,0.0,0.0
2019-10-07 00:00:00-04:00,177.85000610351562,186.49000549316406,177.17999267578125,184.50999450683594,850600,0.0,0.0
2019-10-08 00:00:00-04:00,183.42999267578125,186.07000732421875,181.25999450683594,184.3000030517578,1057300,0.0,0.0
2019-10-09 00:00:00-04:00,186.0800018310547,191.55999755859375,185.64999389648438,189.2100067138672,1215500,0.0,0.0
2019-10-10 00:00:00-04:00,189.25,194.19000244140625,189.1699981689453,194.1699981689453,949300,0.0,0.0
2019-10-11 00:00:00-04:00,195.50999450683594,202.52000427246094,194.0,200.16000366210938,1754000,0.0,0.0
2019-10-14 00:00:00-04:00,200.16000366210938,206.6999969482422,199.8000030517578,205.14999389648438,1077900,0.0,0.0
2019-10-15 00:00:00-04:00,208.02000427246094,209.47999572753906,205.05999755859375,209.25,1024400,0.0,0.0
2019-10-16 00:00:00-04:00,208.97999572753906,212.64999389648438,208.10000610351562,211.55999755859375,827400,0.0,0.0
2019-10-17 00:00:00-04:00,212.22999572753906,215.1999969482422,209.22000122070312,213.9199981689453,838400,0.0,0.0
2019-10-18 00:00:00-04:00,214.67999267578125,216.42999267578125,210.27999877929688,213.8800048828125,1027800,0.0,0.0
2019-10-21 00:00:00-04:00,214.8800048828125,215.60000610351562,209.60000610351562,210.0399932861328,1393600,0.0,0.0
2019-10-22 00:00:00-04:00,210.97999572753906,215.60000610351562,207.02999877929688,213.60000610351562,1157400,0.0,0.0
2019-10-23 00:00:00-04:00,213.19000244140625,218.1699981689453,210.72999572753906,217.5,1186500,0.0,0.0
2019-10-24 00:00:00-04:00,237.3000030517578,251.6999969482422,233.41000366210938,249.47000122070312,4091100,0.0,0.0
2019-10-25 00:00:00-04:00,245.83999633789062,246.39999389648438,240.22999572753906,243.3800048828125,1127000,0.0,0.0
2019-10-28 00:00:00-04:00,243.36000061035156,253.4499969482422,241.75999450683594,250.4199981689453,1163500,0.0,0.0
2019-10-29 00:00:00-04:00,250.0399932861328,257.6300048828125,248.25999450683594,256.1199951171875,1104200,0.0,0.0
2019-10-30 00:00:00-04:00,255.64999389648438,255.64999389648438,247.5399932861328,252.7100067138672,812400,0.0,0.0
2019-10-31 00:00:00-04:00,251.32000732421875,253.41000366210938,246.16000366210938,252.2899932861328,702700,0.0,0.0
2019-11-01 00:00:00-04:00,254.30999755859375,261.8699951171875,253.02000427246094,257.0400085449219,935400,0.0,0.0
2019-11-04 00:00:00-05:00,258.25,260.1700134277344,255.11000061035156,258.7699890136719,815800,0.0,0.0
2019-11-05 00:00:00-05:00,258.8699951171875,260.20001220703125,255.14999389648438,257.9100036621094,833900,0.0,0.0
2019-11-06 00:00:00-05:00,257.8299865722656,260.489990234375,255.11000061035156,256.1600036621094,931100,0.0,0.0
2019-11-07 00:00:00-05:00,257.9200134277344,261.6000061035156,253.3300018310547,258.94000244140625,844700,0.0,0.0
2019-11-08 00:00:00-05:00,258.17999267578125,261.2799987792969,255.64999389648438,259.9200134277344,685500,0.0,0.0
2019-11-11 00:00:00-05:00,258.69000244140625,260.7200012207031,257.510009765625,258.6000061035156,527300,0.0,0.0
2019-11-12 00:00:00-05:00,258.4200134277344,262.5,257.07000732421875,258.9700012207031,548200,0.0,0.0
2019-11-13 00:00:00-05:00,257.32000732421875,261.0,255.27000427246094,259.6300048828125,382800,0.0,0.0
2019-11-14 00:00:00-05:00,260.260009765625,262.0199890136719,259.0,260.44000244140625,392300,0.0,0.0
2019-11-15 00:00:00-05:00,260.4800109863281,265.239990234375,259.20001220703125,263.9200134277344,602200,0.0,0.0
2019-11-18 00:00:00-05:00,266.6000061035156,269.42999267578125,265.0,268.510009765625,801600,0.0,0.0
2019-11-19 00:00:00-05:00,269.6000061035156,272.8599853515625,266.2200012207031,271.6000061035156,605900,0.0,0.0
2019-11-20 00:00:00-05:00,269.8399963378906,271.3900146484375,264.9599914550781,268.7699890136719,601900,0.0,0.0
2019-11-21 00:00:00-05:00,269.0,273.0,267.42999267578125,272.1400146484375,500400,0.0,0.0
2019-11-22 00:00:00-05:00,271.07000732421875,275.739990234375,268.70001220703125,274.3999938964844,639200,0.0,0.0
2019-11-25 00:00:00-05:00,276.0,279.8800048828125,275.0299987792969,278.07000732421875,655600,0.0,0.0
2019-11-26 00:00:00-05:00,277.6700134277344,281.57000732421875,277.20001220703125,277.70001220703125,647300,0.0,0.0
2019-11-27 00:00:00-05:00,279.010009765625,280.7200012207031,278.0799865722656,279.6199951171875,442800,0.0,0.0
2019-11-29 00:00:00-05:00,278.8500061035156,279.79998779296875,276.0199890136719,277.3399963378906,266200,0.0,0.0
2019-12-02 00:00:00-05:00,276.5400085449219,278.989990234375,269.5400085449219,274.3399963378906,616000,0.0,0.0
2019-12-03 00:00:00-05:00,271.1199951171875,276.6000061035156,266.1099853515625,276.3599853515625,500100,0.0,0.0
2019-12-04 00:00:00-05:00,277.260009765625,279.5,275.82000732421875,277.7099914550781,486100,0.0,0.0
2019-12-05 00:00:00-05:00,279.0199890136719,279.04998779296875,273.57000732421875,274.5299987792969,434600,0.0,0.0
2019-12-06 00:00:00-05:00,276.45001220703125,278.489990234375,274.1099853515625,275.7200012207031,585500,0.0,0.0
2019-12-09 00:00:00-05:00,275.2099914550781,277.2099914550781,273.17999267578125,273.4599914550781,456400,0.0,0.0
2019-12-10 00:00:00-05:00,273.04998779296875,274.1600036621094,269.5,273.6499938964844,490800,0.0,0.0
2019-12-11 00:00:00-05:00,273.8500061035156,278.92999267578125,273.1300048828125,275.2300109863281,539700,0.0,0.0
2019-12-12 00:00:00-05:00,275.8999938964844,276.3399963378906,266.2900085449219,268.3900146484375,915300,0.0,0.0
2019-12-13 00:00:00-05:00,268.1499938964844,268.1499938964844,257.42999267578125,266.05999755859375,1011700,0.0,0.0
2019-12-16 00:00:00-05:00,267.3399963378906,271.9800109863281,267.3399963378906,270.010009765625,726400,0.0,0.0
2019-12-17 00:00:00-05:00,269.67999267578125,270.2900085449219,266.75,268.2900085449219,637200,0.0,0.0
2019-12-18 00:00:00-05:00,269.4800109863281,274.0299987792969,268.8500061035156,272.6099853515625,745000,0.0,0.0
2019-12-19 00:00:00-05:00,272.17999267578125,276.94000244140625,271.010009765625,273.75,589400,0.0,0.0
2019-12-20 00:00:00-05:00,275.32000732421875,275.32000732421875,270.1499938964844,272.8900146484375,1270400,0.0,0.0
2019-12-23 00:00:00-05:00,273.3800048828125,278.80999755859375,272.07000732421875,278.1400146484375,543800,0.0,0.0
2019-12-24 00:00:00-05:00,276.9200134277344,278.82000732421875,274.6199951171875,277.8900146484375,200000,0.0,0.0
2019-12-26 00:00:00-05:00,277.42999267578125,279.5400085449219,276.1600036621094,278.260009765625,258500,0.0,0.0
2019-12-27 00:00:00-05:00,278.75,279.8999938964844,275.2099914550781,277.6400146484375,332200,0.0,0.0
2019-12-30 00:00:00-05:00,277.8299865722656,279.3299865722656,274.7099914550781,275.6300048828125,429500,0.0,0.0
2019-12-31 00:00:00-05:00,275.1700134277344,280.67999267578125,275.1700134277344,279.0400085449219,548700,0.0,0.0
2020-01-02 00:00:00-05:00,281.20001220703125,284.1400146484375,278.6099853515625,283.67999267578125,789700,0.0,0.0
2020-01-03 00:00:00-05:00,279.1000061035156,282.0199890136719,278.67999267578125,280.44000244140625,488800,0.0,0.0
2020-01-06 00:00:00-05:00,276.67999267578125,286.17999267578125,276.3999938964844,285.8800048828125,775700,0.0,0.0
2020-01-07 00:00:00-05:00,285.9200134277344,286.45001220703125,281.4700012207031,283.05999755859375,522900,0.0,0.0
2020-01-08 00:00:00-05:00,284.1400146484375,287.69000244140625,281.0,286.0,602600,0.0,0.0
2020-01-09 00:00:00-05:00,290.7699890136719,301.6499938964844,290.0,296.5400085449219,1331300,0.0,0.0
2020-01-10 00:00:00-05:00,297.2099914550781,299.07000732421875,292.6300048828125,293.3299865722656,589200,0.0,0.0
2020-01-13 00:00:00-05:00,295.6499938964844,299.8699951171875,293.07000732421875,298.07000732421875,468100,0.0,0.0
2020-01-14 00:00:00-05:00,286.17999267578125,294.9100036621094,282.010009765625,287.6099853515625,1082300,0.0,0.0
2020-01-15 00:00:00-05:00,285.69000244140625,287.260009765625,269.4599914550781,274.1000061035156,1571500,0.0,0.0
2020-01-16 00:00:00-05:00,271.8399963378906,285.239990234375,271.8399963378906,285.0299987792969,959300,0.0,0.0
2020-01-17 00:00:00-05:00,285.69000244140625,287.7699890136719,278.6400146484375,280.70001220703125,793400,0.0,0.0
2020-01-21 00:00:00-05:00,280.55999755859375,282.0,272.2900085449219,273.1700134277344,858200,0.0,0.0
2020-01-22 00:00:00-05:00,274.8900146484375,281.79998779296875,274.8900146484375,279.30999755859375,832500,0.0,0.0
2020-01-23 00:00:00-05:00,280.010009765625,280.010009765625,269.6099853515625,270.7799987792969,982100,0.0,0.0
2020-01-24 00:00:00-05:00,272.1099853515625,278.3900146484375,269.42999267578125,269.9800109863281,964400,0.0,0.0
2020-01-27 00:00:00-05:00,264.0,264.4200134277344,252.5,260.9100036621094,1025300,0.0,0.0
2020-01-28 00:00:00-05:00,265.80999755859375,268.67999267578125,262.55999755859375,267.82000732421875,690400,0.0,0.0
2020-01-29 00:00:00-05:00,266.19000244140625,268.9200134277344,261.510009765625,261.6000061035156,1391600,0.0,0.0
2020-01-30 00:00:00-05:00,248.74000549316406,264.45001220703125,248.35000610351562,262.8900146484375,1833100,0.0,0.0
2020-01-31 00:00:00-05:00,260.9599914550781,261.489990234375,251.52000427246094,257.1000061035156,1207300,0.0,0.0
2020-02-03 00:00:00-05:00,257.5,259.6199951171875,251.8800048828125,253.02000427246094,1142900,0.0,0.0
2020-02-04 00:00:00-05:00,256.92999267578125,257.8599853515625,254.1199951171875,256.5199890136719,994200,0.0,0.0
2020-02-05 00:00:00-05:00,260.04998779296875,269.3399963378906,258.0,267.5,1128300,0.0,0.0
2020-02-06 00:00:00-05:00,267.989990234375,267.989990234375,261.44000244140625,266.760009765625,714100,0.0,0.0
2020-02-07 00:00:00-05:00,265.0,265.0,258.0899963378906,258.6700134277344,609900,0.0,0.0
2020-02-10 00:00:00-05:00,257.75,259.3500061035156,253.2100067138672,259.0299987792969,766800,0.0,0.0
2020-02-11 00:00:00-05:00,259.510009765625,265.8500061035156,259.2900085449219,264.4599914550781,591200,0.0,0.0
2020-02-12 00:00:00-05:00,265.17999267578125,276.1099853515625,265.17999267578125,273.6099853515625,863000,0.0,0.0
2020-02-13 00:00:00-05:00,271.1099853515625,275.20001220703125,265.4700012207031,272.9700012207031,545800,0.0,0.0
2020-02-14 00:00:00-05:00,274.25,277.4800109863281,270.0299987792969,274.95001220703125,732900,0.0,0.0
2020-02-18 00:00:00-05:00,273.0,273.5,264.70001220703125,269.92999267578125,639300,0.0,0.0
2020-02-19 00:00:00-05:00,271.260009765625,277.67999267578125,271.260009765625,277.1499938964844,524100,0.0,0.0
2020-02-20 00:00:00-05:00,277.239990234375,277.239990234375,270.0,272.489990234375,584400,0.0,0.0
2020-02-21 00:00:00-05:00,270.79998779296875,270.79998779296875,258.5,260.260009765625,791700,0.0,0.0
2020-02-24 00:00:00-05:00,245.36000061035156,248.99000549316406,238.5,240.11000061035156,1367700,0.0,0.0
2020-02-25 00:00:00-05:00,241.4499969482422,242.50999450683594,229.25,229.61000061035156,1134900,0.0,0.0
2020-02-26 00:00:00-05:00,232.69000244140625,236.69000244140625,226.75,227.5399932861328,720200,0.0,0.0
2020-02-27 00:00:00-05:00,222.25,234.39999389648438,217.07000732421875,223.97000122070312,1049800,0.0,0.0
2020-02-28 00:00:00-05:00,215.3300018310547,220.47000122070312,211.00999450683594,218.35000610351562,1738800,0.0,0.0
2020-03-02 00:00:00-05:00,218.91000366210938,230.49000549316406,212.94000244140625,230.22000122070312,1325200,0.0,0.0
2020-03-03 00:00:00-05:00,229.44000244140625,238.67999267578125,222.0,224.55999755859375,1065000,0.0,0.0
2020-03-04 00:00:00-05:00,228.32000732421875,234.99000549316406,225.13999938964844,234.6999969482422,924300,0.0,0.0
2020-03-05 00:00:00-05:00,229.5399932861328,236.5800018310547,226.52000427246094,230.69000244140625,1101100,0.0,0.0
2020-03-06 00:00:00-05:00,219.77000427246094,226.5800018310547,218.8000030517578,225.1699981689453,1061000,0.0,0.0
2020-03-09 00:00:00-04:00,209.25999450683594,221.5,202.9499969482422,216.83999633789062,1313600,0.0,0.0
2020-03-10 00:00:00-04:00,221.55999755859375,229.6699981689453,216.85000610351562,228.16000366210938,1006500,0.0,0.0
2020-03-11 00:00:00-04:00,221.42999267578125,223.14999389648438,199.4600067138672,202.17999267578125,1588000,0.0,0.0
2020-03-12 00:00:00-04:00,182.22999572753906,194.39999389648438,174.57000732421875,180.1199951171875,1874800,0.0,0.0
2020-03-13 00:00:00-04:00,190.0,195.97000122070312,179.0500030517578,195.8800048828125,1240400,0.0,0.0
2020-03-16 00:00:00-04:00,170.64999389648438,172.89999389648438,161.3800048828125,161.72000122070312,1513400,0.0,0.0
2020-03-17 00:00:00-04:00,165.42999267578125,171.67999267578125,147.0800018310547,169.25,1882700,0.0,0.0
2020-03-18 00:00:00-04:00,158.7899932861328,163.82000732421875,135.0,145.75999450683594,1614000,0.0,0.0
2020-03-19 00:00:00-04:00,141.2899932861328,146.7899932861328,127.87999725341797,142.22999572753906,1832200,0.0,0.0
2020-03-20 00:00:00-04:00,144.9499969482422,157.94000244140625,142.6199951171875,144.82000732421875,1759400,0.0,0.0
2020-03-23 00:00:00-04:00,146.25,148.66000366210938,133.0,137.72000122070312,1631500,0.0,0.0
2020-03-24 00:00:00-04:00,149.52999877929688,165.8000030517578,146.5399932861328,165.27999877929688,1477900,0.0,0.0
2020-03-25 00:00:00-04:00,170.3699951171875,194.47999572753906,168.00999450683594,183.67999267578125,2143400,0.0,0.0
2020-03-26 00:00:00-04:00,182.89999389648438,200.6199951171875,182.5,191.63999938964844,1528800,0.0,0.0
2020-03-27 00:00:00-04:00,180.5,182.00999450683594,173.38999938964844,177.0399932861328,1168200,0.0,0.0
2020-03-30 00:00:00-04:00,174.69000244140625,180.7899932861328,170.3300018310547,179.9199981689453,1222500,0.0,0.0
2020-03-31 00:00:00-04:00,177.99000549316406,182.5399932861328,169.75999450683594,173.9499969482422,1270500,0.0,0.0
2020-04-01 00:00:00-04:00,164.08999633789062,170.6199951171875,153.19000244140625,157.1999969482422,1513100,0.0,0.0
2020-04-02 00:00:00-04:00,155.07000732421875,160.6999969482422,150.3800048828125,152.07000732421875,1316700,0.0,0.0
2020-04-03 00:00:00-04:00,151.3699951171875,158.9600067138672,151.3699951171875,154.1999969482422,1464400,0.0,0.0
2020-04-06 00:00:00-04:00,167.0500030517578,177.8800048828125,164.0399932861328,176.74000549316406,1574900,0.0,0.0
2020-04-07 00:00:00-04:00,189.6999969482422,194.75,172.44000244140625,174.5500030517578,1496900,0.0,0.0
2020-04-08 00:00:00-04:00,176.83999633789062,185.94000244140625,174.42999267578125,184.41000366210938,1805200,0.0,0.0
2020-04-09 00:00:00-04:00,183.8699951171875,197.99000549316406,181.86000061035156,193.19000244140625,1765500,0.0,0.0
2020-04-13 00:00:00-04:00,189.33999633789062,190.42999267578125,178.89999389648438,185.72000122070312,1071300,0.0,0.0
2020-04-14 00:00:00-04:00,189.11000061035156,193.44000244140625,187.0399932861328,190.0,885300,0.0,0.0
2020-04-15 00:00:00-04:00,182.11000061035156,186.8699951171875,181.1699981689453,183.8300018310547,920400,0.0,0.0
2020-04-16 00:00:00-04:00,185.77000427246094,187.57000732421875,178.6999969482422,180.33999633789062,1110700,0.0,0.0
2020-04-17 00:00:00-04:00,188.3699951171875,193.3800048828125,183.99000549316406,193.0,1340500,0.0,0.0
2020-04-20 00:00:00-04:00,189.77000427246094,205.0,188.38999938964844,196.7100067138672,1388100,0.0,0.0
2020-04-21 00:00:00-04:00,191.0800018310547,193.82000732421875,184.6699981689453,187.25999450683594,1051100,0.0,0.0
2020-04-22 00:00:00-04:00,190.89999389648438,197.25999450683594,187.63999938964844,190.02999877929688,1122400,0.0,0.0
2020-04-23 00:00:00-04:00,190.33999633789062,195.99000549316406,187.75999450683594,188.57000732421875,1013800,0.0,0.0
2020-04-24 00:00:00-04:00,189.7100067138672,194.22000122070312,186.64999389648438,191.97000122070312,829400,0.0,0.0
2020-04-27 00:00:00-04:00,193.4499969482422,196.99000549316406,192.41000366210938,196.6699981689453,1009300,0.0,0.0
2020-04-28 00:00:00-04:00,201.52000427246094,208.0,198.25,203.50999450683594,1446000,0.0,0.0
2020-04-29 00:00:00-04:00,206.41000366210938,227.44000244140625,205.60000610351562,220.5800018310547,2182400,0.0,0.0
2020-04-30 00:00:00-04:00,215.0,219.94000244140625,206.39999389648438,214.85000610351562,2504300,0.0,0.0
2020-05-01 00:00:00-04:00,208.0800018310547,209.02000427246094,201.00999450683594,203.25999450683594,1341800,0.0,0.0
2020-05-04 00:00:00-04:00,199.39999389648438,210.30999755859375,197.13999938964844,210.13999938964844,1158200,0.0,0.0
2020-05-05 00:00:00-04:00,214.80999755859375,219.99000549316406,207.5800018310547,208.61000061035156,1337100,0.0,0.0
2020-05-06 00:00:00-04:00,210.30999755859375,218.5800018310547,209.02000427246094,215.92999267578125,1125800,0.0,0.0
2020-05-07 00:00:00-04:00,218.41000366210938,221.99000549316406,210.5,213.5,1263500,0.0,0.0
2020-05-08 00:00:00-04:00,217.2899932861328,217.75999450683594,207.02000427246094,210.02999877929688,844200,0.0,0.0
2020-05-11 00:00:00-04:00,207.7100067138672,217.64999389648438,206.42999267578125,214.3000030517578,941500,0.0,0.0
2020-05-12 00:00:00-04:00,216.3699951171875,216.63999938964844,206.44000244140625,206.4499969482422,1067000,0.0,0.0
2020-05-13 00:00:00-04:00,204.19000244140625,205.07000732421875,197.5399932861328,200.97999572753906,1169600,0.0,0.0
2020-05-14 00:00:00-04:00,196.66000366210938,206.25999450683594,195.55999755859375,206.08999633789062,883800,0.0,0.0
2020-05-15 00:00:00-04:00,201.0800018310547,205.64999389648438,199.55999755859375,203.6699981689453,950600,0.0,0.0
2020-05-18 00:00:00-04:00,213.25,234.33999633789062,210.0,229.4199981689453,1829100,0.0,0.0
2020-05-19 00:00:00-04:00,229.4199981689453,229.97999572753906,224.2899932861328,224.3699951171875,1159400,0.0,0.0
2020-05-20 00:00:00-04:00,227.97999572753906,240.72000122070312,226.14999389648438,236.02000427246094,1382400,0.0,0.0
2020-05-21 00:00:00-04:00,235.0,240.08999633789062,232.22999572753906,235.9600067138672,879400,0.0,0.0
2020-05-22 00:00:00-04:00,237.22999572753906,245.5,235.35000610351562,243.74000549316406,967900,0.0,0.0
2020-05-26 00:00:00-04:00,252.3000030517578,255.64999389648438,244.64999389648438,247.89999389648438,1220900,0.0,0.0
2020-05-27 00:00:00-04:00,251.36000061035156,252.36000061035156,238.44000244140625,251.41000366210938,1101000,0.0,0.0
2020-05-28 00:00:00-04:00,253.0800018310547,254.97999572753906,248.00999450683594,249.17999267578125,854800,0.0,0.0
2020-05-29 00:00:00-04:00,247.6699981689453,252.85000610351562,242.60000610351562,245.6199951171875,1461300,0.0,0.0
2020-06-01 00:00:00-04:00,247.33999633789062,250.85000610351562,243.8000030517578,250.5500030517578,806400,0.0,0.0
2020-06-02 00:00:00-04:00,253.08999633789062,263.8299865722656,251.0,263.7900085449219,1248600,0.0,0.0
2020-06-03 00:00:00-04:00,265.0,272.94000244140625,263.1300048828125,268.3500061035156,877600,0.0,0.0
2020-06-04 00:00:00-04:00,268.1099853515625,271.0,258.8299865722656,260.07000732421875,913900,0.0,0.0
2020-06-05 00:00:00-04:00,267.8500061035156,288.8800048828125,267.04998779296875,288.2099914550781,1900000,0.0,0.0
2020-06-08 00:00:00-04:00,286.30999755859375,292.0400085449219,285.2099914550781,289.75,1205800,0.0,0.0
2020-06-09 00:00:00-04:00,286.0,287.510009765625,279.4200134277344,279.7099914550781,1316300,0.0,0.0
2020-06-10 00:00:00-04:00,280.0,283.9100036621094,266.6099853515625,267.55999755859375,1277900,0.0,0.0
2020-06-11 00:00:00-04:00,254.44000244140625,255.0,237.24000549316406,238.27999877929688,1583200,0.0,0.0
2020-06-12 00:00:00-04:00,250.63999938964844,257.3399963378906,243.94000244140625,251.39999389648438,1305800,0.0,0.0
2020-06-15 00:00:00-04:00,244.9600067138672,259.8299865722656,241.57000732421875,258.79998779296875,738400,0.0,0.0
2020-06-16 00:00:00-04:00,268.2300109863281,273.8299865722656,260.0199890136719,264.7900085449219,804400,0.0,0.0
2020-06-17 00:00:00-04:00,269.1000061035156,269.1000061035156,261.1199951171875,262.2099914550781,499600,0.0,0.0
2020-06-18 00:00:00-04:00,261.0899963378906,268.0,258.3900146484375,264.6099853515625,774800,0.0,0.0
2020-06-19 00:00:00-04:00,269.05999755859375,271.05999755859375,257.04998779296875,260.9100036621094,1062400,0.0,0.0
2020-06-22 00:00:00-04:00,261.8500061035156,262.42999267578125,255.7899932861328,260.5,641300,0.0,0.0
2020-06-23 00:00:00-04:00,263.1099853515625,268.8800048828125,262.9599914550781,267.4100036621094,735500,0.0,0.0
2020-06-24 00:00:00-04:00,261.9700012207031,265.57000732421875,253.2899932861328,257.6499938964844,988800,0.0,0.0
2020-06-25 00:00:00-04:00,255.44000244140625,258.30999755859375,251.11000061035156,257.42999267578125,693500,0.0,0.0
2020-06-26 00:00:00-04:00,258.0299987792969,265.8999938964844,254.69000244140625,263.1400146484375,1452500,0.0,0.0
2020-06-29 00:00:00-04:00,265.3399963378906,268.0,259.1600036621094,266.4800109863281,595200,0.0,0.0
2020-06-30 00:00:00-04:00,266.6700134277344,275.80999755859375,264.3699951171875,274.44000244140625,862500,0.0,0.0
2020-07-01 00:00:00-04:00,275.95001220703125,280.6099853515625,272.55999755859375,273.8399963378906,690200,0.0,0.0
2020-07-02 00:00:00-04:00,279.1499938964844,285.6000061035156,276.6499938964844,279.92999267578125,696300,0.0,0.0
2020-07-06 00:00:00-04:00,284.1499938964844,288.1300048828125,279.94000244140625,282.44000244140625,787700,0.0,0.0
2020-07-07 00:00:00-04:00,281.8800048828125,284.489990234375,274.4100036621094,274.7099914550781,449400,0.0,0.0
2020-07-08 00:00:00-04:00,274.3500061035156,279.2900085449219,272.25,278.3900146484375,551600,0.0,0.0
2020-07-09 00:00:00-04:00,278.6700134277344,279.80999755859375,268.7699890136719,274.0799865722656,592400,0.0,0.0
2020-07-10 00:00:00-04:00,273.6000061035156,274.0,269.92999267578125,273.2900085449219,764200,0.0,0.0
2020-07-13 00:00:00-04:00,274.92999267578125,279.4599914550781,269.45001220703125,270.239990234375,647900,0.0,0.0
2020-07-14 00:00:00-04:00,269.0400085449219,299.9599914550781,267.6300048828125,299.6199951171875,1604400,0.0,0.0
2020-07-15 00:00:00-04:00,303.5199890136719,321.489990234375,302.0,314.29998779296875,1867200,0.0,0.0
2020-07-16 00:00:00-04:00,308.80999755859375,313.7699890136719,305.8699951171875,309.0,665900,0.0,0.0
2020-07-17 00:00:00-04:00,312.8299865722656,326.3599853515625,310.3299865722656,322.29998779296875,1002700,0.0,0.0
2020-07-20 00:00:00-04:00,310.4700012207031,315.4599914550781,309.0400085449219,312.9700012207031,931100,0.0,0.0
2020-07-21 00:00:00-04:00,316.1199951171875,319.20001220703125,312.19000244140625,315.3299865722656,694100,0.0,0.0
2020-07-22 00:00:00-04:00,315.0,319.5,312.489990234375,317.9700012207031,840500,0.0,0.0
2020-07-23 00:00:00-04:00,305.5,314.3999938964844,296.7300109863281,299.04998779296875,2345100,0.0,0.0
2020-07-24 00:00:00-04:00,298.05999755859375,303.29998779296875,293.92999267578125,298.1400146484375,796300,0.0,0.0
2020-07-27 00:00:00-04:00,296.3999938964844,309.4599914550781,294.57000732421875,308.75,649300,0.0,0.0
2020-07-28 00:00:00-04:00,307.8699951171875,308.4700012207031,299.05999755859375,299.1099853515625,448500,0.0,0.0
2020-07-29 00:00:00-04:00,299.07000732421875,306.489990234375,299.07000732421875,300.239990234375,816900,0.0,0.0
2020-07-30 00:00:00-04:00,296.8299865722656,296.8299865722656,289.7300109863281,296.1300048828125,755000,0.0,0.0
2020-07-31 00:00:00-04:00,297.42999267578125,297.6000061035156,288.5299987792969,293.82000732421875,579000,0.0,0.0
2020-08-03 00:00:00-04:00,296.010009765625,297.75,287.0,287.3599853515625,627400,0.0,0.0
2020-08-04 00:00:00-04:00,286.6499938964844,289.2900085449219,279.8299865722656,288.2699890136719,824700,0.0,0.0
2020-08-05 00:00:00-04:00,289.70001220703125,299.6600036621094,287.2300109863281,298.510009765625,719800,0.0,0.0
2020-08-06 00:00:00-04:00,294.5199890136719,301.8999938964844,292.3399963378906,301.79998779296875,633000,0.0,0.0
2020-08-07 00:00:00-04:00,301.1000061035156,309.1000061035156,299.989990234375,305.80999755859375,818600,0.0,0.0
2020-08-10 00:00:00-04:00,305.3699951171875,307.2099914550781,298.8599853515625,302.8999938964844,552000,0.0,0.0
2020-08-11 00:00:00-04:00,304.95001220703125,311.42999267578125,302.6000061035156,304.1300048828125,699900,0.0,0.0
2020-08-12 00:00:00-04:00,306.2699890136719,309.75,303.8800048828125,307.9800109863281,360600,0.0,0.0
2020-08-13 00:00:00-04:00,308.55999755859375,316.2799987792969,306.989990234375,312.2200012207031,443600,0.0,0.0
2020-08-14 00:00:00-04:00,311.010009765625,312.8900146484375,305.7099914550781,306.9599914550781,334100,0.0,0.0
2020-08-17 00:00:00-04:00,310.6700134277344,314.8900146484375,308.82000732421875,309.5199890136719,590200,0.0,0.0
2020-08-18 00:00:00-04:00,310.8699951171875,311.0,304.5799865722656,306.07000732421875,431200,0.0,0.0
2020-08-19 00:00:00-04:00,307.4800109863281,308.45001220703125,301.07000732421875,301.510009765625,398200,0.0,0.0
2020-08-20 00:00:00-04:00,300.0,302.1000061035156,295.2300109863281,297.25,449200,0.0,0.0
2020-08-21 00:00:00-04:00,296.2699890136719,299.8399963378906,293.6300048828125,294.2900085449219,464000,0.0,0.0
2020-08-24 00:00:00-04:00,297.30999755859375,303.3500061035156,293.1300048828125,295.0799865722656,624300,0.0,0.0
2020-08-25 00:00:00-04:00,296.0299987792969,297.2699890136719,289.5199890136719,296.67999267578125,580500,0.0,0.0
2020-08-26 00:00:00-04:00,294.1199951171875,301.92999267578125,291.2300109863281,300.70001220703125,673800,0.0,0.0
2020-08-27 00:00:00-04:00,300.2699890136719,310.3500061035156,299.260009765625,305.6400146484375,739000,0.0,0.0
2020-08-28 00:00:00-04:00,306.0,306.239990234375,299.79998779296875,300.5799865722656,418700,0.0,0.0
2020-08-31 00:00:00-04:00,300.2099914550781,300.94000244140625,295.0299987792969,296.9800109863281,575000,0.0,0.0
2020-09-01 00:00:00-04:00,297.1000061035156,307.25,293.3299865722656,305.42999267578125,714000,0.0,0.0
2020-09-02 00:00:00-04:00,307.7200012207031,324.8800048828125,306.6400146484375,324.42999267578125,870900,0.0,0.0
2020-09-03 00:00:00-04:00,324.45001220703125,325.0,310.67999267578125,314.5199890136719,810700,0.0,0.0
2020-09-04 00:00:00-04:00,318.0,318.0,299.3299865722656,309.0,837500,0.0,0.0
2020-09-08 00:00:00-04:00,299.989990234375,313.80999755859375,299.0299987792969,309.2200012207031,916300,0.0,0.0
2020-09-09 00:00:00-04:00,310.07000732421875,328.8399963378906,310.07000732421875,323.9200134277344,946100,0.0,0.0
2020-09-10 00:00:00-04:00,324.05999755859375,333.07000732421875,324.0,327.95001220703125,1093200,0.0,0.0
2020-09-11 00:00:00-04:00,328.95001220703125,333.0,314.0,317.6600036621094,746200,0.0,0.0
2020-09-14 00:00:00-04:00,319.489990234375,326.6000061035156,319.489990234375,323.4599914550781,454100,0.0,0.0
2020-09-15 00:00:00-04:00,326.92999267578125,339.7300109863281,324.7300109863281,335.239990234375,796000,0.0,0.0
2020-09-16 00:00:00-04:00,338.2300109863281,340.2900085449219,328.739990234375,329.8599853515625,610600,0.0,0.0
2020-09-17 00:00:00-04:00,323.3699951171875,329.260009765625,319.0199890136719,328.0299987792969,620500,0.0,0.0
2020-09-18 00:00:00-04:00,329.6000061035156,333.1300048828125,314.9700012207031,320.9700012207031,909200,0.0,0.0
2020-09-21 00:00:00-04:00,314.7900085449219,322.55999755859375,302.0400085449219,322.29998779296875,642600,0.0,0.0
2020-09-22 00:00:00-04:00,326.760009765625,327.0199890136719,313.9800109863281,322.57000732421875,492700,0.0,0.0
2020-09-23 00:00:00-04:00,322.0400085449219,325.0,307.3800048828125,308.32000732421875,578800,0.0,0.0
2020-09-24 00:00:00-04:00,306.1499938964844,316.42999267578125,297.44000244140625,311.8800048828125,734200,0.0,0.0
2020-09-25 00:00:00-04:00,310.0299987792969,320.95001220703125,307.1700134277344,317.92999267578125,479800,0.0,0.0
2020-09-28 00:00:00-04:00,324.92999267578125,328.7799987792969,320.989990234375,322.8599853515625,522100,0.0,0.0
2020-09-29 00:00:00-04:00,323.8999938964844,328.9200134277344,320.0,320.1700134277344,452400,0.0,0.0
2020-09-30 00:00:00-04:00,322.55999755859375,332.8800048828125,320.2900085449219,327.3599853515625,687000,0.0,0.0
2020-10-01 00:00:00-04:00,333.6400146484375,333.6400146484375,313.8599853515625,317.6099853515625,856900,0.0,0.0
2020-10-02 00:00:00-04:00,312.0199890136719,319.1300048828125,310.0299987792969,314.8900146484375,544600,0.0,0.0
2020-10-05 00:00:00-04:00,317.6300048828125,320.30999755859375,312.7200012207031,319.510009765625,645800,0.0,0.0
2020-10-06 00:00:00-04:00,322.19000244140625,327.9100036621094,315.239990234375,316.0799865722656,499400,0.0,0.0
2020-10-07 00:00:00-04:00,320.3999938964844,327.0899963378906,320.3999938964844,323.6199951171875,488400,0.0,0.0
2020-10-08 00:00:00-04:00,325.5899963378906,328.55999755859375,321.8599853515625,327.57000732421875,346100,0.0,0.0
2020-10-09 00:00:00-04:00,331.3900146484375,331.8599853515625,325.17999267578125,328.6400146484375,384200,0.0,0.0
2020-10-12 00:00:00-04:00,334.989990234375,339.7699890136719,330.8999938964844,335.75,603800,0.0,0.0
2020-10-13 00:00:00-04:00,334.4800109863281,336.260009765625,329.0199890136719,330.82000732421875,525000,0.0,0.0
2020-10-14 00:00:00-04:00,333.5299987792969,337.20001220703125,328.3900146484375,333.1000061035156,555500,0.0,0.0
2020-10-15 00:00:00-04:00,330.1099853515625,338.1199951171875,330.0,336.6700134277344,616500,0.0,0.0
2020-10-16 00:00:00-04:00,338.8900146484375,343.0,335.0799865722656,336.5199890136719,548800,0.0,0.0
2020-10-19 00:00:00-04:00,339.0,343.2099914550781,322.8699951171875,326.8399963378906,660500,0.0,0.0
2020-10-20 00:00:00-04:00,330.1400146484375,339.67999267578125,327.9100036621094,334.6000061035156,565300,0.0,0.0
2020-10-21 00:00:00-04:00,334.20001220703125,338.67999267578125,328.9700012207031,335.80999755859375,892600,0.0,0.0
2020-10-22 00:00:00-04:00,424.32000732421875,459.0,424.0,453.2300109863281,5114700,0.0,0.0
2020-10-23 00:00:00-04:00,451.3399963378906,470.42999267578125,444.7699890136719,469.55999755859375,1959900,0.0,0.0
2020-10-26 00:00:00-04:00,462.7300109863281,475.3699951171875,447.92999267578125,454.510009765625,1641100,0.0,0.0
2020-10-27 00:00:00-04:00,455.3500061035156,469.9100036621094,450.9200134277344,455.0899963378906,803000,0.0,0.0
2020-10-28 00:00:00-04:00,447.80999755859375,450.4800109863281,439.0,439.510009765625,801800,0.0,0.0
2020-10-29 00:00:00-04:00,436.6000061035156,442.8599853515625,428.8800048828125,436.57000732421875,774500,0.0,0.0
2020-10-30 00:00:00-04:00,432.0,435.8999938964844,417.3599853515625,426.0799865722656,767500,0.0,0.0
2020-11-02 00:00:00-05:00,432.1000061035156,458.44000244140625,430.3699951171875,458.44000244140625,1247300,0.0,0.0
2020-11-03 00:00:00-05:00,460.2300109863281,465.6600036621094,453.1600036621094,465.010009765625,799500,0.0,0.0
2020-11-04 00:00:00-05:00,472.2300109863281,484.5,471.010009765625,483.4599914550781,960200,0.0,0.0
2020-11-05 00:00:00-05:00,486.4700012207031,498.6700134277344,486.4700012207031,491.9100036621094,890800,0.0,0.0
2020-11-06 00:00:00-05:00,490.45001220703125,491.5,476.1199951171875,477.8500061035156,664400,0.0,0.0
2020-11-09 00:00:00-05:00,501.0,507.04998779296875,476.7900085449219,476.989990234375,957200,0.0,0.0
2020-11-10 00:00:00-05:00,484.4800109863281,484.4800109863281,457.6099853515625,464.32000732421875,742100,0.0,0.0
2020-11-11 00:00:00-05:00,464.70001220703125,469.5899963378906,456.4800109863281,461.7799987792969,543900,0.0,0.0
2020-11-12 00:00:00-05:00,455.7200012207031,464.8500061035156,449.0299987792969,452.760009765625,621500,0.0,0.0
2020-11-13 00:00:00-05:00,455.7699890136719,461.1700134277344,452.25,457.260009765625,421500,0.0,0.0
2020-11-16 00:00:00-05:00,463.239990234375,466.75,450.8900146484375,457.1700134277344,481000,0.0,0.0
2020-11-17 00:00:00-05:00,452.0,456.4100036621094,444.75,451.3800048828125,516500,0.0,0.0
2020-11-18 00:00:00-05:00,449.05999755859375,455.1499938964844,442.8699951171875,444.6099853515625,509100,0.0,0.0
2020-11-19 00:00:00-05:00,443.5400085449219,447.1400146484375,439.7099914550781,441.3500061035156,408900,0.0,0.0
2020-11-20 00:00:00-05:00,443.3900146484375,452.57000732421875,439.8599853515625,446.45001220703125,560100,0.0,0.0
2020-11-23 00:00:00-05:00,452.1499938964844,479.5400085449219,449.4700012207031,476.5799865722656,814600,0.0,0.0
2020-11-24 00:00:00-05:00,483.010009765625,486.0,465.4599914550781,475.1000061035156,633900,0.0,0.0
2020-11-25 00:00:00-05:00,470.69000244140625,474.6099853515625,465.760009765625,473.69000244140625,415800,0.0,0.0
2020-11-27 00:00:00-05:00,470.9200134277344,477.1700134277344,468.1400146484375,475.5,249800,0.0,0.0
2020-11-30 00:00:00-05:00,472.3999938964844,483.8800048828125,471.30999755859375,481.2900085449219,1113800,0.0,0.0
2020-12-01 00:00:00-05:00,487.4599914550781,508.9599914550781,485.6000061035156,500.1000061035156,1162100,0.0,0.0
2020-12-02 00:00:00-05:00,496.57000732421875,507.6400146484375,491.7900085449219,505.4800109863281,553200,0.0,0.0
2020-12-03 00:00:00-05:00,506.239990234375,516.2899780273438,505.30999755859375,511.0,583500,0.0,0.0
2020-12-04 00:00:00-05:00,511.9599914550781,524.8800048828125,510.32000732421875,521.719970703125,635200,0.0,0.0
2020-12-07 00:00:00-05:00,521.9000244140625,524.6099853515625,515.5,517.7100219726562,533100,0.0,0.0
2020-12-08 00:00:00-05:00,516.75,518.1699829101562,509.2699890136719,515.760009765625,458100,0.0,0.0
2020-12-09 00:00:00-05:00,516.239990234375,520.8800048828125,507.30999755859375,509.010009765625,463500,0.0,0.0
2020-12-10 00:00:00-05:00,506.8900146484375,511.32000732421875,499.57000732421875,508.3900146484375,376700,0.0,0.0
2020-12-11 00:00:00-05:00,507.0,509.5,498.260009765625,507.0799865722656,305900,0.0,0.0
2020-12-14 00:00:00-05:00,510.8999938964844,522.3400268554688,502.30999755859375,504.30999755859375,426900,0.0,0.0
2020-12-15 00:00:00-05:00,511.79998779296875,519.0599975585938,502.6000061035156,516.2999877929688,347300,0.0,0.0
2020-12-16 00:00:00-05:00,511.0799865722656,520.3800048828125,510.2699890136719,516.3400268554688,399300,0.0,0.0
2020-12-17 00:00:00-05:00,522.0,527.25,516.9500122070312,526.719970703125,535900,0.0,0.0
2020-12-18 00:00:00-05:00,533.010009765625,535.0,521.6500244140625,529.9199829101562,896700,0.0,0.0
2020-12-21 00:00:00-05:00,518.0900268554688,531.5999755859375,513.3400268554688,530.7100219726562,449500,0.0,0.0
2020-12-22 00:00:00-05:00,531.989990234375,536.5999755859375,527.5999755859375,536.5900268554688,435600,0.0,0.0
2020-12-23 00:00:00-05:00,540.52001953125,543.6500244140625,524.989990234375,525.0,308200,0.0,0.0
2020-12-24 00:00:00-05:00,528.1400146484375,529.2100219726562,521.1300048828125,528.030029296875,163700,0.0,0.0
2020-12-28 00:00:00-05:00,532.3200073242188,532.739990234375,518.8400268554688,520.8599853515625,246900,0.0,0.0
2020-12-29 00:00:00-05:00,524.9199829101562,525.77001953125,512.7999877929688,520.4500122070312,223700,0.0,0.0
2020-12-30 00:00:00-05:00,522.2899780273438,527.969970703125,519.75,524.3200073242188,250200,0.0,0.0
2020-12-31 00:00:00-05:00,526.8699951171875,535.4000244140625,523.3300170898438,534.3800048828125,320900,0.0,0.0
2021-01-04 00:00:00-05:00,549.6099853515625,560.0,519.7000122070312,526.4600219726562,602400,0.0,0.0
2021-01-05 00:00:00-05:00,526.969970703125,544.0700073242188,526.77001953125,543.6500244140625,344800,0.0,0.0
2021-01-06 00:00:00-05:00,534.3300170898438,546.47998046875,531.4600219726562,540.3900146484375,429000,0.0,0.0
2021-01-07 00:00:00-05:00,547.780029296875,561.3499755859375,544.27001953125,558.3599853515625,513900,0.0,0.0
2021-01-08 00:00:00-05:00,561.6300048828125,579.5,559.0,570.530029296875,464200,0.0,0.0
2021-01-11 00:00:00-05:00,565.010009765625,566.0999755859375,551.8300170898438,557.0399780273438,351800,0.0,0.0
2021-01-12 00:00:00-05:00,552.3400268554688,562.3900146484375,548.4099731445312,552.8800048828125,329000,0.0,0.0
2021-01-13 00:00:00-05:00,551.260009765625,553.760009765625,543.9099731445312,551.1400146484375,322000,0.0,0.0
2021-01-14 00:00:00-05:00,546.510009765625,561.1199951171875,543.010009765625,554.6400146484375,304700,0.0,0.0
2021-01-15 00:00:00-05:00,553.1900024414062,569.6599731445312,548.0,567.22998046875,551700,0.0,0.0
2021-01-19 00:00:00-05:00,574.719970703125,574.719970703125,545.0800170898438,557.4099731445312,606900,0.0,0.0
2021-01-20 00:00:00-05:00,568.8400268554688,575.9199829101562,560.0700073242188,564.3699951171875,401800,0.0,0.0
2021-01-21 00:00:00-05:00,563.969970703125,565.3200073242188,543.3200073242188,543.8099975585938,402600,0.0,0.0
2021-01-22 00:00:00-05:00,546.8499755859375,546.8499755859375,531.1699829101562,534.0800170898438,690700,0.0,0.0
2021-01-25 00:00:00-05:00,533.3900146484375,540.739990234375,510.1099853515625,539.469970703125,568800,0.0,0.0
2021-01-26 00:00:00-05:00,541.27001953125,545.0,530.0599975585938,535.0999755859375,469400,0.0,0.0
2021-01-27 00:00:00-05:00,519.3300170898438,527.6900024414062,507.7699890136719,509.6400146484375,859100,0.0,0.0
2021-01-28 00:00:00-05:00,509.3599853515625,547.5700073242188,509.3599853515625,536.5800170898438,681500,0.0,0.0
2021-01-29 00:00:00-05:00,525.1599731445312,530.5399780273438,517.5399780273438,525.3800048828125,686200,0.0,0.0
2021-02-01 00:00:00-05:00,539.9299926757812,544.75,527.02001953125,543.0499877929688,538500,0.0,0.0
2021-02-02 00:00:00-05:00,551.780029296875,567.8300170898438,548.010009765625,557.77001953125,790900,0.0,0.0
2021-02-03 00:00:00-05:00,557.489990234375,557.489990234375,541.1699829101562,546.1799926757812,756300,0.0,0.0
2021-02-04 00:00:00-05:00,607.5,634.4600219726562,600.9500122070312,615.1599731445312,1758800,0.0,0.0
2021-02-05 00:00:00-05:00,622.0900268554688,624.5399780273438,614.010009765625,620.4500122070312,656500,0.0,0.0
2021-02-08 00:00:00-05:00,622.1900024414062,630.0399780273438,595.780029296875,602.4400024414062,618300,0.0,0.0
2021-02-09 00:00:00-05:00,601.3900146484375,618.8400268554688,601.3900146484375,615.0,426900,0.0,0.0
2021-02-10 00:00:00-05:00,618.0700073242188,618.0700073242188,598.2100219726562,605.780029296875,454100,0.0,0.0
2021-02-11 00:00:00-05:00,611.77001953125,611.77001953125,591.1500244140625,599.0,469200,0.0,0.0
2021-02-12 00:00:00-05:00,601.8599853515625,609.989990234375,595.1599731445312,609.5800170898438,394900,0.0,0.0
2021-02-16 00:00:00-05:00,612.6900024414062,615.760009765625,604.0700073242188,614.2100219726562,404600,0.0,0.0
2021-02-17 00:00:00-05:00,603.6699829101562,611.9600219726562,589.0,599.530029296875,398300,0.0,0.0
2021-02-18 00:00:00-05:00,596.0700073242188,600.0900268554688,584.5499877929688,594.989990234375,288100,0.0,0.0
2021-02-19 00:00:00-05:00,595.9099731445312,601.9299926757812,593.1500244140625,599.25,372400,0.0,0.0
2021-02-22 00:00:00-05:00,590.3699951171875,596.8900146484375,578.1199951171875,579.5399780273438,616200,0.0,0.0
2021-02-23 00:00:00-05:00,563.280029296875,572.6099853515625,552.9099731445312,567.8099975585938,816200,0.0,0.0
2021-02-24 00:00:00-05:00,560.1300048828125,577.4400024414062,553.8499755859375,573.260009765625,647500,0.0,0.0
2021-02-25 00:00:00-05:00,578.8699951171875,581.6699829101562,547.72998046875,556.1099853515625,810700,0.0,0.0
2021-02-26 00:00:00-05:00,561.4600219726562,574.97998046875,554.2000122070312,567.1099853515625,1105600,0.0,0.0
2021-03-01 00:00:00-05:00,567.5700073242188,577.7999877929688,557.7899780273438,565.1099853515625,1015900,0.0,0.0
2021-03-02 00:00:00-05:00,565.0,576.3499755859375,558.0,563.2100219726562,933300,0.0,0.0
2021-03-03 00:00:00-05:00,559.0,560.0,525.77001953125,527.4299926757812,832000,0.0,0.0
2021-03-04 00:00:00-05:00,523.7000122070312,535.2100219726562,510.0,520.4500122070312,1053500,0.0,0.0
2021-03-05 00:00:00-05:00,525.0,539.9400024414062,504.0299987792969,536.4600219726562,953400,0.0,0.0
2021-03-08 00:00:00-05:00,532.280029296875,538.2000122070312,494.45001220703125,496.07000732421875,945400,0.0,0.0
2021-03-09 00:00:00-05:00,511.1600036621094,527.02001953125,511.1600036621094,515.8699951171875,933600,0.0,0.0
2021-03-10 00:00:00-05:00,527.4400024414062,534.8200073242188,509.2099914550781,511.7900085449219,661300,0.0,0.0
2021-03-11 00:00:00-05:00,529.3099975585938,544.9199829101562,523.9000244140625,544.0,668300,0.0,0.0
2021-03-12 00:00:00-05:00,538.6500244140625,538.6500244140625,529.22998046875,536.4400024414062,428400,0.0,0.0
2021-03-15 00:00:00-04:00,551.0900268554688,560.1799926757812,540.6099853515625,558.8499755859375,733600,0.0,0.0
2021-03-16 00:00:00-04:00,566.4099731445312,566.6500244140625,539.1099853515625,542.5399780273438,482000,0.0,0.0
2021-03-17 00:00:00-04:00,532.3800048828125,546.489990234375,527.260009765625,540.010009765625,779700,0.0,0.0
2021-03-18 00:00:00-04:00,527.9099731445312,533.4099731445312,512.25,514.3599853515625,1008600,0.0,0.0
2021-03-19 00:00:00-04:00,520.969970703125,533.8099975585938,513.02001953125,529.4600219726562,1012500,0.0,0.0
2021-03-22 00:00:00-04:00,532.3400268554688,538.9099731445312,528.1900024414062,530.5999755859375,639600,0.0,0.0
2021-03-23 00:00:00-04:00,528.3200073242188,531.9299926757812,517.1799926757812,518.8800048828125,699200,0.0,0.0
2021-03-24 00:00:00-04:00,521.0,522.489990234375,504.5799865722656,506.1700134277344,498900,0.0,0.0
2021-03-25 00:00:00-04:00,502.05999755859375,520.239990234375,498.0,517.8699951171875,512600,0.0,0.0
2021-03-26 00:00:00-04:00,518.8099975585938,528.780029296875,511.9700012207031,528.3400268554688,547000,0.0,0.0
2021-03-29 00:00:00-04:00,523.1900024414062,526.7899780273438,502.2300109863281,516.0,522300,0.0,0.0
2021-03-30 00:00:00-04:00,516.219970703125,526.1099853515625,511.1300048828125,524.3300170898438,518300,0.0,0.0
2021-03-31 00:00:00-04:00,532.0,545.2100219726562,529.25,541.530029296875,606000,0.0,0.0
2021-04-01 00:00:00-04:00,546.239990234375,557.1500244140625,544.0,545.0499877929688,610000,0.0,0.0
2021-04-05 00:00:00-04:00,550.3300170898438,554.489990234375,544.510009765625,547.9400024414062,366100,0.0,0.0
2021-04-06 00:00:00-04:00,551.5399780273438,563.9600219726562,547.5599975585938,553.8400268554688,650200,0.0,0.0
2021-04-07 00:00:00-04:00,556.010009765625,559.3800048828125,545.9500122070312,552.5599975585938,453900,0.0,0.0
2021-04-08 00:00:00-04:00,558.8699951171875,577.9199829101562,556.8200073242188,575.75,826800,0.0,0.0
2021-04-09 00:00:00-04:00,576.52001953125,592.989990234375,575.0,592.5599975585938,951200,0.0,0.0
2021-04-12 00:00:00-04:00,593.5900268554688,602.0700073242188,585.6599731445312,601.1099853515625,524300,0.0,0.0
2021-04-13 00:00:00-04:00,602.489990234375,608.02001953125,591.6300048828125,595.6300048828125,390800,0.0,0.0
2021-04-14 00:00:00-04:00,595.7000122070312,604.1699829101562,589.260009765625,594.9299926757812,395600,0.0,0.0
2021-04-15 00:00:00-04:00,598.5700073242188,608.2000122070312,598.5700073242188,606.22998046875,443800,0.0,0.0
2021-04-16 00:00:00-04:00,607.1400146484375,608.0,599.02001953125,606.3300170898438,428800,0.0,0.0
2021-04-19 00:00:00-04:00,608.3099975585938,610.0,593.6699829101562,603.719970703125,406300,0.0,0.0
2021-04-20 00:00:00-04:00,603.8499755859375,604.5,588.2899780273438,596.2000122070312,371600,0.0,0.0
2021-04-21 00:00:00-04:00,595.6300048828125,618.0,593.1799926757812,616.0800170898438,400900,0.0,0.0
2021-04-22 00:00:00-04:00,621.52001953125,627.530029296875,609.75,615.3099975585938,447500,0.0,0.0
2021-04-23 00:00:00-04:00,616.0,624.7899780273438,616.0,620.1199951171875,537900,0.0,0.0
2021-04-26 00:00:00-04:00,620.97998046875,625.6099853515625,613.5499877929688,617.239990234375,418900,0.0,0.0
2021-04-27 00:00:00-04:00,620.4099731445312,625.7899780273438,613.72998046875,621.760009765625,365400,0.0,0.0
2021-04-28 00:00:00-04:00,616.1199951171875,623.1099853515625,611.6500244140625,613.3599853515625,549200,0.0,0.0
2021-04-29 00:00:00-04:00,643.1599731445312,647.2000122070312,590.4400024414062,604.3400268554688,1263500,0.0,0.0
2021-04-30 00:00:00-04:00,597.760009765625,615.75,594.219970703125,595.530029296875,660200,0.0,0.0
2021-05-03 00:00:00-04:00,599.1400146484375,610.1199951171875,595.5999755859375,599.77001953125,633200,0.0,0.0
2021-05-04 00:00:00-04:00,594.1799926757812,594.1799926757812,560.5,582.1500244140625,1100900,0.0,0.0
2021-05-05 00:00:00-04:00,587.0,587.239990234375,568.260009765625,569.25,609000,0.0,0.0
2021-05-06 00:00:00-04:00,568.6900024414062,584.9500122070312,560.5800170898438,584.719970703125,705600,0.0,0.0
2021-05-07 00:00:00-04:00,586.0800170898438,604.0,586.0800170898438,598.3400268554688,694700,0.0,0.0
2021-05-10 00:00:00-04:00,596.1599731445312,596.1599731445312,551.280029296875,554.5,866500,0.0,0.0
2021-05-11 00:00:00-04:00,539.9099731445312,570.1199951171875,536.22998046875,566.260009765625,824000,0.0,0.0
2021-05-12 00:00:00-04:00,553.4199829101562,557.5800170898438,547.510009765625,548.6400146484375,651000,0.0,0.0
2021-05-13 00:00:00-04:00,557.5800170898438,559.9500122070312,546.02001953125,553.6199951171875,421000,0.0,0.0
2021-05-14 00:00:00-04:00,562.5499877929688,572.5,555.97998046875,569.0399780273438,367000,0.0,0.0
2021-05-17 00:00:00-04:00,562.0999755859375,567.530029296875,554.969970703125,559.52001953125,369700,0.0,0.0
2021-05-18 00:00:00-04:00,567.0999755859375,582.7100219726562,565.510009765625,569.5,653300,0.0,0.0
2021-05-19 00:00:00-04:00,557.4199829101562,572.3099975585938,551.010009765625,571.489990234375,502400,0.0,0.0
2021-05-20 00:00:00-04:00,575.0,590.530029296875,574.1900024414062,587.9000244140625,444500,0.0,0.0
2021-05-21 00:00:00-04:00,594.0999755859375,601.3900146484375,587.8099975585938,591.75,544000,0.0,0.0
2021-05-24 00:00:00-04:00,596.9000244140625,611.0,594.0999755859375,604.4500122070312,514200,0.0,0.0
2021-05-25 00:00:00-04:00,605.1500244140625,610.489990234375,592.9500122070312,594.9500122070312,449100,0.0,0.0
2021-05-26 00:00:00-04:00,593.0,599.489990234375,591.260009765625,596.6900024414062,455800,0.0,0.0
2021-05-27 00:00:00-04:00,595.0,603.1699829101562,586.510009765625,599.77001953125,878200,0.0,0.0
2021-05-28 00:00:00-04:00,605.0,609.1400146484375,589.72998046875,590.1500244140625,358400,0.0,0.0
2021-06-01 00:00:00-04:00,592.4400024414062,596.760009765625,585.1099853515625,593.47998046875,611900,0.0,0.0
2021-06-02 00:00:00-04:00,592.8200073242188,592.8200073242188,573.8499755859375,575.489990234375,463000,0.0,0.0
2021-06-03 00:00:00-04:00,567.280029296875,576.5599975585938,563.8699951171875,566.9600219726562,517800,0.0,0.0
2021-06-04 00:00:00-04:00,574.4500122070312,586.0,572.530029296875,582.3499755859375,511300,0.0,0.0
2021-06-07 00:00:00-04:00,579.4400024414062,585.9500122070312,575.2899780273438,580.27001953125,438300,0.0,0.0
2021-06-08 00:00:00-04:00,582.0800170898438,591.9400024414062,579.1500244140625,589.760009765625,337000,0.0,0.0
2021-06-09 00:00:00-04:00,593.0,595.6500244140625,583.6699829101562,585.5,326400,0.0,0.0
2021-06-10 00:00:00-04:00,585.8099975585938,612.5599975585938,582.5499877929688,612.1500244140625,585400,0.0,0.0
2021-06-11 00:00:00-04:00,611.989990234375,615.7999877929688,605.6400146484375,611.5399780273438,345000,0.0,0.0
2021-06-14 00:00:00-04:00,613.5900268554688,614.9500122070312,601.2000122070312,605.77001953125,381700,0.0,0.0
2021-06-15 00:00:00-04:00,609.3800048828125,613.1500244140625,596.1199951171875,600.0499877929688,398500,0.0,0.0
2021-06-16 00:00:00-04:00,599.2000122070312,601.8800048828125,587.5900268554688,599.5999755859375,414400,0.0,0.0
2021-06-17 00:00:00-04:00,596.7999877929688,616.6599731445312,595.8200073242188,613.3300170898438,600000,0.0,0.0
2021-06-18 00:00:00-04:00,609.780029296875,617.1099853515625,599.3400268554688,601.6400146484375,993800,0.0,0.0
2021-06-21 00:00:00-04:00,604.9400024414062,615.1799926757812,597.8400268554688,611.5399780273438,549400,0.0,0.0
2021-06-22 00:00:00-04:00,611.510009765625,611.8099975585938,598.1099853515625,604.7100219726562,618200,0.0,0.0
2021-06-23 00:00:00-04:00,602.3900146484375,608.6099853515625,596.0,605.8200073242188,574900,0.0,0.0
2021-06-24 00:00:00-04:00,609.6400146484375,627.4400024414062,608.0,617.3900146484375,837500,0.0,0.0
2021-06-25 00:00:00-04:00,623.0,625.6500244140625,607.3200073242188,614.97998046875,2123200,0.0,0.0
2021-06-28 00:00:00-04:00,618.4500122070312,629.3499755859375,614.4299926757812,621.52001953125,574900,0.0,0.0
2021-06-29 00:00:00-04:00,623.0,624.5499877929688,611.5700073242188,612.7999877929688,427500,0.0,0.0
2021-06-30 00:00:00-04:00,608.72998046875,616.0800170898438,603.5399780273438,611.0,508800,0.0,0.0
2021-07-01 00:00:00-04:00,609.3099975585938,619.0399780273438,607.5900268554688,618.9600219726562,658800,0.0,0.0
2021-07-02 00:00:00-04:00,624.8099975585938,625.3599853515625,615.3599853515625,624.1699829101562,372800,0.0,0.0
2021-07-06 00:00:00-04:00,624.0399780273438,626.9600219726562,592.1300048828125,604.6699829101562,846800,0.0,0.0
2021-07-07 00:00:00-04:00,609.010009765625,617.27001953125,604.010009765625,612.219970703125,370800,0.0,0.0
2021-07-08 00:00:00-04:00,604.9299926757812,620.530029296875,598.02001953125,616.7899780273438,410600,0.0,0.0
2021-07-09 00:00:00-04:00,621.9199829101562,638.47998046875,613.7100219726562,627.1900024414062,610100,0.0,0.0
2021-07-12 00:00:00-04:00,631.7000122070312,644.8900146484375,623.75,642.8599853515625,573800,0.0,0.0
2021-07-13 00:00:00-04:00,642.8599853515625,647.8300170898438,636.4500122070312,642.4000244140625,400300,0.0,0.0
2021-07-14 00:00:00-04:00,647.5,653.8599853515625,631.72998046875,635.0900268554688,488200,0.0,0.0
2021-07-15 00:00:00-04:00,633.8900146484375,638.27001953125,609.3599853515625,621.7000122070312,701000,0.0,0.0
2021-07-16 00:00:00-04:00,623.3900146484375,628.3499755859375,613.52001953125,616.1199951171875,472700,0.0,0.0
2021-07-19 00:00:00-04:00,609.3699951171875,609.3699951171875,591.5599975585938,595.5599975585938,679700,0.0,0.0
2021-07-20 00:00:00-04:00,596.0399780273438,620.3699951171875,589.239990234375,615.7100219726562,663900,0.0,0.0
2021-07-21 00:00:00-04:00,615.530029296875,621.469970703125,603.5,619.6500244140625,627300,0.0,0.0
2021-07-22 00:00:00-04:00,623.3900146484375,628.989990234375,615.9199829101562,627.9199829101562,358800,0.0,0.0
2021-07-23 00:00:00-04:00,624.9000244140625,640.4099731445312,624.9000244140625,638.280029296875,412200,0.0,0.0
2021-07-26 00:00:00-04:00,636.010009765625,636.6199951171875,623.5599975585938,635.5800170898438,577900,0.0,0.0
2021-07-27 00:00:00-04:00,632.739990234375,638.2000122070312,617.6699829101562,625.510009765625,489700,0.0,0.0
2021-07-28 00:00:00-04:00,624.1400146484375,630.0,616.5800170898438,621.8699951171875,547900,0.0,0.0
2021-07-29 00:00:00-04:00,634.3599853515625,682.5900268554688,634.0,676.97998046875,1576500,0.0,0.0
2021-07-30 00:00:00-04:00,675.5999755859375,697.8699951171875,673.0,695.7999877929688,967500,0.0,0.0
2021-08-02 00:00:00-04:00,700.0,713.7000122070312,695.5999755859375,700.0,871600,0.0,0.0
2021-08-03 00:00:00-04:00,700.4199829101562,706.0700073242188,687.5599975585938,701.3400268554688,706900,0.0,0.0
2021-08-04 00:00:00-04:00,698.9000244140625,712.97998046875,698.5800170898438,708.010009765625,520700,0.0,0.0
2021-08-05 00:00:00-04:00,711.0,714.1500244140625,694.1199951171875,699.219970703125,553200,0.0,0.0
2021-08-06 00:00:00-04:00,696.739990234375,700.7899780273438,684.0,693.6699829101562,656700,0.0,0.0
2021-08-09 00:00:00-04:00,693.5,695.0,684.9000244140625,686.5599975585938,331000,0.0,0.0
2021-08-10 00:00:00-04:00,689.5700073242188,691.8099975585938,674.1900024414062,687.3800048828125,513600,0.0,0.0
2021-08-11 00:00:00-04:00,690.22998046875,692.1199951171875,676.239990234375,687.780029296875,416800,0.0,0.0
2021-08-12 00:00:00-04:00,687.719970703125,705.8400268554688,683.5900268554688,704.27001953125,480300,0.0,0.0
2021-08-13 00:00:00-04:00,700.8599853515625,704.8499755859375,685.6900024414062,691.1900024414062,398000,0.0,0.0
2021-08-16 00:00:00-04:00,684.2000122070312,690.8400268554688,681.1900024414062,690.75,310600,0.0,0.0
2021-08-17 00:00:00-04:00,690.780029296875,690.780029296875,669.3099975585938,680.8900146484375,610300,0.0,0.0
2021-08-18 00:00:00-04:00,680.8200073242188,690.9600219726562,672.72998046875,675.260009765625,475000,0.0,0.0
2021-08-19 00:00:00-04:00,671.030029296875,685.530029296875,669.6400146484375,679.8599853515625,359100,0.0,0.0
2021-08-20 00:00:00-04:00,681.4000244140625,684.260009765625,672.8099975585938,681.5700073242188,292900,0.0,0.0
2021-08-23 00:00:00-04:00,687.3800048828125,699.530029296875,686.8599853515625,697.5,417800,0.0,0.0
2021-08-24 00:00:00-04:00,696.3400268554688,715.739990234375,696.3400268554688,712.8400268554688,602500,0.0,0.0
2021-08-25 00:00:00-04:00,713.25,721.4500122070312,711.719970703125,716.9000244140625,526500,0.0,0.0
2021-08-26 00:00:00-04:00,714.6500244140625,717.75,692.9000244140625,696.5599975585938,540600,0.0,0.0
2021-08-27 00:00:00-04:00,699.3200073242188,709.1500244140625,696.0,701.8499755859375,384500,0.0,0.0
2021-08-30 00:00:00-04:00,706.4199829101562,712.7999877929688,698.6799926757812,702.1099853515625,351100,0.0,0.0
2021-08-31 00:00:00-04:00,702.010009765625,710.6799926757812,700.280029296875,709.0,497700,0.0,0.0
2021-09-01 00:00:00-04:00,713.1400146484375,719.8300170898438,708.7899780273438,718.719970703125,431100,0.0,0.0
2021-09-02 00:00:00-04:00,721.5900268554688,731.72998046875,719.0,729.030029296875,384300,0.0,0.0
2021-09-03 00:00:00-04:00,729.8699951171875,729.8699951171875,711.97998046875,721.5,356600,0.0,0.0
2021-09-07 00:00:00-04:00,719.7999877929688,720.510009765625,706.0,716.2100219726562,439400,0.0,0.0
2021-09-08 00:00:00-04:00,716.97998046875,733.3300170898438,715.1199951171875,729.9199829101562,503600,0.0,0.0
2021-09-09 00:00:00-04:00,734.4600219726562,735.1699829101562,723.780029296875,726.4099731445312,422800,0.0,0.0
2021-09-10 00:00:00-04:00,730.219970703125,731.239990234375,718.75,720.6699829101562,344400,0.0,0.0
2021-09-13 00:00:00-04:00,726.5399780273438,726.5399780273438,695.6300048828125,710.6799926757812,502800,0.0,0.0
2021-09-14 00:00:00-04:00,718.3599853515625,724.6400146484375,703.5999755859375,706.4500122070312,441100,0.0,0.0
2021-09-15 00:00:00-04:00,706.0599975585938,713.8499755859375,692.22998046875,710.3099975585938,844000,0.0,0.0
2021-09-16 00:00:00-04:00,712.97998046875,731.2000122070312,710.3499755859375,728.2899780273438,656800,0.0,0.0
2021-09-17 00:00:00-04:00,728.9000244140625,730.6099853515625,715.0,719.3800048828125,834200,0.0,0.0
2021-09-20 00:00:00-04:00,708.02001953125,713.6900024414062,698.030029296875,709.6400146484375,684100,0.0,0.0
2021-09-21 00:00:00-04:00,717.1400146484375,721.0,704.6099853515625,709.1500244140625,646900,0.0,0.0
2021-09-22 00:00:00-04:00,713.3099975585938,725.27001953125,701.2100219726562,716.6099853515625,447900,0.0,0.0
2021-09-23 00:00:00-04:00,723.0,737.4500122070312,720.1799926757812,727.1099853515625,349700,0.0,0.0
2021-09-24 00:00:00-04:00,718.469970703125,726.2999877929688,715.2899780273438,725.239990234375,272100,0.0,0.0
2021-09-27 00:00:00-04:00,716.5900268554688,720.0700073242188,693.3900146484375,701.0399780273438,473300,0.0,0.0
2021-09-28 00:00:00-04:00,692.0700073242188,692.739990234375,672.6500244140625,677.3200073242188,496000,0.0,0.0
2021-09-29 00:00:00-04:00,679.4000244140625,683.1199951171875,671.4400024414062,673.0599975585938,356700,0.0,0.0
2021-09-30 00:00:00-04:00,684.6199951171875,684.6199951171875,665.4099731445312,665.4299926757812,433500,0.0,0.0
2021-10-01 00:00:00-04:00,672.0,674.9500122070312,648.2000122070312,662.0599975585938,566600,0.0,0.0
2021-10-04 00:00:00-04:00,658.5999755859375,659.3800048828125,637.5599975585938,640.4000244140625,520800,0.0,0.0
2021-10-05 00:00:00-04:00,643.8099975585938,657.1599731445312,642.1900024414062,648.5800170898438,496500,0.0,0.0
2021-10-06 00:00:00-04:00,640.5999755859375,651.3499755859375,638.5900268554688,650.6500244140625,369800,0.0,0.0
2021-10-07 00:00:00-04:00,653.6199951171875,671.9000244140625,653.6199951171875,661.4099731445312,488300,0.0,0.0
2021-10-08 00:00:00-04:00,663.969970703125,664.4500122070312,641.8200073242188,643.5599975585938,258300,0.0,0.0
2021-10-11 00:00:00-04:00,638.0,644.280029296875,631.1400146484375,631.8499755859375,252300,0.0,0.0
2021-10-12 00:00:00-04:00,632.0,632.3800048828125,621.8699951171875,627.4299926757812,505700,0.0,0.0
2021-10-13 00:00:00-04:00,608.6099853515625,608.6099853515625,572.510009765625,596.219970703125,2044000,0.0,0.0
2021-10-14 00:00:00-04:00,600.989990234375,604.0,586.1900024414062,597.719970703125,904200,0.0,0.0
2021-10-15 00:00:00-04:00,605.25,606.9500122070312,587.0599975585938,589.6099853515625,742500,0.0,0.0
2021-10-18 00:00:00-04:00,586.4500122070312,596.989990234375,580.1099853515625,595.1300048828125,560700,0.0,0.0
2021-10-19 00:00:00-04:00,601.3900146484375,603.6799926757812,592.6599731445312,594.27001953125,393000,0.0,0.0
2021-10-20 00:00:00-04:00,597.0599975585938,608.72998046875,592.52001953125,608.2000122070312,532800,0.0,0.0
2021-10-21 00:00:00-04:00,611.1900024414062,618.010009765625,597.5999755859375,599.489990234375,780700,0.0,0.0
2021-10-22 00:00:00-04:00,599.0,600.1500244140625,586.9000244140625,590.5599975585938,877200,0.0,0.0
2021-10-25 00:00:00-04:00,590.0,597.0,583.6500244140625,589.8099975585938,1110100,0.0,0.0
2021-10-26 00:00:00-04:00,594.6599731445312,603.3400268554688,586.7999877929688,593.2999877929688,793800,0.0,0.0
2021-10-27 00:00:00-04:00,591.280029296875,615.25,583.3800048828125,604.3900146484375,1577900,0.0,0.0
2021-10-28 00:00:00-04:00,658.3900146484375,662.0,607.280029296875,631.7999877929688,1927900,0.0,0.0
2021-10-29 00:00:00-04:00,629.1799926757812,629.1799926757812,619.7000122070312,624.3699951171875,987100,0.0,0.0
2021-11-01 00:00:00-04:00,631.5,667.0999755859375,631.5,661.4600219726562,1246000,0.0,0.0
2021-11-02 00:00:00-04:00,663.0,678.719970703125,649.1900024414062,667.0599975585938,606900,0.0,0.0
2021-11-03 00:00:00-04:00,667.0599975585938,675.75,657.8699951171875,673.6099853515625,426000,0.0,0.0
2021-11-04 00:00:00-04:00,673.4600219726562,680.7899780273438,670.8699951171875,679.260009765625,355200,0.0,0.0
2021-11-05 00:00:00-04:00,680.4000244140625,687.27001953125,675.4299926757812,687.1900024414062,383000,0.0,0.0
2021-11-08 00:00:00-05:00,690.469970703125,711.6099853515625,682.8800048828125,710.8699951171875,876900,0.0,0.0
2021-11-09 00:00:00-05:00,711.1799926757812,713.3300170898438,699.47998046875,711.02001953125,779500,0.0,0.0
2021-11-10 00:00:00-05:00,702.1699829101562,709.97998046875,687.0999755859375,689.6099853515625,645300,0.0,0.0
2021-11-11 00:00:00-05:00,696.989990234375,697.8900146484375,681.6599731445312,685.9099731445312,340000,0.0,0.0
2021-11-12 00:00:00-05:00,688.989990234375,693.3400268554688,686.3099975585938,687.7999877929688,250200,0.0,0.0
2021-11-15 00:00:00-05:00,692.0599975585938,692.0599975585938,674.510009765625,680.1900024414062,325100,0.0,0.0
2021-11-16 00:00:00-05:00,682.4199829101562,691.9500122070312,679.0,689.0599975585938,329500,0.0,0.0
2021-11-17 00:00:00-05:00,689.0599975585938,698.8099975585938,680.3400268554688,692.3200073242188,348900,0.0,0.0
2021-11-18 00:00:00-05:00,692.5399780273438,695.9400024414062,677.9600219726562,683.8300170898438,322200,0.0,0.0
2021-11-19 00:00:00-05:00,685.5499877929688,691.9600219726562,679.1799926757812,683.2899780273438,433500,0.0,0.0
2021-11-22 00:00:00-05:00,678.3400268554688,682.97998046875,665.3599853515625,669.6799926757812,463300,0.0,0.0
2021-11-23 00:00:00-05:00,665.969970703125,666.469970703125,650.4000244140625,657.260009765625,419800,0.0,0.0
2021-11-24 00:00:00-05:00,653.1599731445312,657.739990234375,642.5499877929688,653.2000122070312,528000,0.0,0.0
2021-11-26 00:00:00-05:00,653.2000122070312,654.1500244140625,627.0,634.219970703125,444500,0.0,0.0
2021-11-29 00:00:00-05:00,636.8599853515625,642.1400146484375,629.5399780273438,634.469970703125,537200,0.0,0.0
2021-11-30 00:00:00-05:00,632.6099853515625,638.9400024414062,607.469970703125,611.530029296875,972800,0.0,0.0
2021-12-01 00:00:00-05:00,622.9199829101562,624.0,601.72998046875,602.2899780273438,486000,0.0,0.0
2021-12-02 00:00:00-05:00,602.7999877929688,628.72998046875,595.0700073242188,624.9299926757812,732900,0.0,0.0
2021-12-03 00:00:00-05:00,629.3599853515625,632.5700073242188,605.489990234375,619.75,536100,0.0,0.0
2021-12-06 00:00:00-05:00,622.0,641.280029296875,615.0,638.9199829101562,470800,0.0,0.0
2021-12-07 00:00:00-05:00,649.1599731445312,675.2100219726562,648.6599731445312,666.719970703125,581500,0.0,0.0
2021-12-08 00:00:00-05:00,670.27001953125,676.9400024414062,663.6699829101562,675.219970703125,303700,0.0,0.0
2021-12-09 00:00:00-05:00,670.0,688.5999755859375,670.0,673.5900268554688,354900,0.0,0.0
2021-12-10 00:00:00-05:00,672.5599975585938,683.8300170898438,660.5900268554688,668.1199951171875,394400,0.0,0.0
2021-12-13 00:00:00-05:00,665.719970703125,666.5,628.77001953125,629.9099731445312,527800,0.0,0.0
2021-12-14 00:00:00-05:00,620.2000122070312,631.8200073242188,598.9199829101562,605.72998046875,668800,0.0,0.0
2021-12-15 00:00:00-05:00,605.72998046875,610.2000122070312,591.0599975585938,602.010009765625,1132300,0.0,0.0
2021-12-16 00:00:00-05:00,610.010009765625,611.3200073242188,592.4099731445312,595.0599975585938,830100,0.0,0.0
2021-12-17 00:00:00-05:00,592.469970703125,619.0,586.9099731445312,609.0599975585938,1006600,0.0,0.0
2021-12-20 00:00:00-05:00,597.8300170898438,599.9500122070312,581.2899780273438,593.9400024414062,544000,0.0,0.0
2021-12-21 00:00:00-05:00,601.47998046875,630.8400268554688,599.8699951171875,628.719970703125,550700,0.0,0.0
2021-12-22 00:00:00-05:00,623.2000122070312,646.5999755859375,616.8699951171875,645.8900146484375,377800,0.0,0.0
2021-12-23 00:00:00-05:00,648.280029296875,663.6099853515625,647.2100219726562,653.97998046875,387400,0.0,0.0
2021-12-27 00:00:00-05:00,656.719970703125,663.6199951171875,651.7899780273438,661.0700073242188,257300,0.0,0.0
2021-12-28 00:00:00-05:00,667.469970703125,668.8200073242188,652.3300170898438,656.3699951171875,269100,0.0,0.0
2021-12-29 00:00:00-05:00,649.9199829101562,660.0,649.9199829101562,653.3400268554688,231800,0.0,0.0
2021-12-30 00:00:00-05:00,658.5700073242188,671.010009765625,656.4400024414062,662.219970703125,261200,0.0,0.0
2021-12-31 00:00:00-05:00,659.469970703125,674.8900146484375,655.6199951171875,657.1799926757812,464300,0.0,0.0
2022-01-03 00:00:00-05:00,656.2999877929688,658.5,641.1199951171875,648.0499877929688,428200,0.0,0.0
2022-01-04 00:00:00-05:00,645.8599853515625,652.1900024414062,617.3699951171875,623.5,552000,0.0,0.0
2022-01-05 00:00:00-05:00,616.9500122070312,621.0399780273438,578.25,578.8400268554688,980000,0.0,0.0
2022-01-06 00:00:00-05:00,575.47998046875,587.489990234375,563.5999755859375,567.6199951171875,1149400,0.0,0.0
2022-01-07 00:00:00-05:00,567.1300048828125,567.1300048828125,545.8599853515625,546.989990234375,1190500,0.0,0.0
2022-01-10 00:00:00-05:00,533.02001953125,549.5599975585938,524.3400268554688,548.9099731445312,1388400,0.0,0.0
2022-01-11 00:00:00-05:00,547.4500122070312,561.5599975585938,535.3200073242188,559.6400146484375,1048000,0.0,0.0
2022-01-12 00:00:00-05:00,562.239990234375,562.260009765625,534.52001953125,539.469970703125,841200,0.0,0.0
2022-01-13 00:00:00-05:00,542.6699829101562,547.969970703125,523.010009765625,524.780029296875,914000,0.0,0.0
2022-01-14 00:00:00-05:00,519.9299926757812,529.4099731445312,510.8299865722656,524.6300048828125,809500,0.0,0.0
2022-01-18 00:00:00-05:00,509.25,511.989990234375,487.5,489.55999755859375,1390900,0.0,0.0
2022-01-19 00:00:00-05:00,491.7900085449219,506.989990234375,486.1099853515625,497.5899963378906,1352800,0.0,0.0
2022-01-20 00:00:00-05:00,502.2699890136719,518.4099731445312,489.79998779296875,490.7099914550781,710500,0.0,0.0
2022-01-21 00:00:00-05:00,486.489990234375,488.6700134277344,462.32000732421875,462.7799987792969,1064000,0.0,0.0
2022-01-24 00:00:00-05:00,453.739990234375,475.32000732421875,432.0899963378906,474.42999267578125,1093300,0.0,0.0
2022-01-25 00:00:00-05:00,464.04998779296875,477.7900085449219,458.07000732421875,467.989990234375,1083100,0.0,0.0
2022-01-26 00:00:00-05:00,475.0,491.4800109863281,451.6199951171875,457.3599853515625,876900,0.0,0.0
2022-01-27 00:00:00-05:00,467.70001220703125,476.760009765625,451.6199951171875,455.6199951171875,848500,0.0,0.0
2022-01-28 00:00:00-05:00,454.7200012207031,467.5,442.3699951171875,463.9599914550781,1039800,0.0,0.0
2022-01-31 00:00:00-05:00,479.2200012207031,498.69000244140625,478.0,494.9599914550781,1353300,0.0,0.0
2022-02-01 00:00:00-05:00,494.17999267578125,510.45001220703125,494.17999267578125,508.55999755859375,898500,0.0,0.0
2022-02-02 00:00:00-05:00,511.239990234375,521.8400268554688,498.0,505.6199951171875,1593900,0.0,0.0
2022-02-03 00:00:00-05:00,480.3599853515625,518.0,479.4700012207031,503.30999755859375,1890700,0.0,0.0
2022-02-04 00:00:00-05:00,496.8900146484375,497.3599853515625,474.2699890136719,489.8599853515625,1471300,0.0,0.0
2022-02-07 00:00:00-05:00,490.0,509.4100036621094,489.0799865722656,500.2200012207031,864300,0.0,0.0
2022-02-08 00:00:00-05:00,496.1499938964844,516.719970703125,491.0,515.489990234375,913700,0.0,0.0
2022-02-09 00:00:00-05:00,522.3099975585938,548.989990234375,522.3099975585938,545.9400024414062,1246500,0.0,0.0
2022-02-10 00:00:00-05:00,525.989990234375,552.0,524.1900024414062,532.3599853515625,1062800,0.0,0.0
2022-02-11 00:00:00-05:00,528.3800048828125,534.469970703125,505.5,509.1000061035156,1162700,0.0,0.0
2022-02-14 00:00:00-05:00,510.5299987792969,514.5499877929688,500.17999267578125,505.6700134277344,550900,0.0,0.0
2022-02-15 00:00:00-05:00,515.0,528.9500122070312,513.3800048828125,528.239990234375,675000,0.0,0.0
2022-02-16 00:00:00-05:00,526.1699829101562,529.489990234375,514.22998046875,526.3800048828125,534900,0.0,0.0
2022-02-17 00:00:00-05:00,521.010009765625,523.7100219726562,501.05999755859375,501.760009765625,619300,0.0,0.0
2022-02-18 00:00:00-05:00,504.0299987792969,510.6400146484375,494.739990234375,498.6499938964844,645800,0.0,0.0
2022-02-22 00:00:00-05:00,492.55999755859375,510.8599853515625,490.010009765625,494.1099853515625,698400,0.0,0.0
2022-02-23 00:00:00-05:00,496.3299865722656,501.510009765625,481.25,482.6600036621094,631600,0.0,0.0
2022-02-24 00:00:00-05:00,468.5799865722656,511.5,464.010009765625,509.1499938964844,986100,0.0,0.0
2022-02-25 00:00:00-05:00,506.2099914550781,512.8800048828125,497.2200012207031,512.5599975585938,460400,0.0,0.0
2022-02-28 00:00:00-05:00,503.94000244140625,513.1199951171875,499.30999755859375,511.4599914550781,592600,0.0,0.0
2022-03-01 00:00:00-05:00,508.7300109863281,509.8299865722656,490.92999267578125,500.9700012207031,614900,0.0,0.0
2022-03-02 00:00:00-05:00,505.1700134277344,505.20001220703125,481.82000732421875,496.1400146484375,581400,0.0,0.0
2022-03-03 00:00:00-05:00,501.2200012207031,502.239990234375,475.3699951171875,477.45001220703125,655900,0.0,0.0
2022-03-04 00:00:00-05:00,474.7799987792969,475.1600036621094,452.9800109863281,464.4800109863281,755700,0.0,0.0
2022-03-07 00:00:00-05:00,464.0,468.79998779296875,434.6400146484375,435.57000732421875,1075900,0.0,0.0
2022-03-08 00:00:00-05:00,430.0,433.0,411.79998779296875,415.010009765625,1154600,0.0,0.0
2022-03-09 00:00:00-05:00,433.2200012207031,444.8399963378906,426.30999755859375,442.04998779296875,694300,0.0,0.0
2022-03-10 00:00:00-05:00,428.2699890136719,434.80999755859375,417.0,430.0899963378906,532600,0.0,0.0
2022-03-11 00:00:00-05:00,438.1600036621094,438.1600036621094,400.0,400.6700134277344,957000,0.0,0.0
2022-03-14 00:00:00-04:00,403.2099914550781,403.2099914550781,372.6199951171875,378.0899963378906,2019600,0.0,0.0
2022-03-15 00:00:00-04:00,381.0899963378906,392.6300048828125,375.0,390.7300109863281,1708600,0.0,0.0
2022-03-16 00:00:00-04:00,402.3399963378906,421.010009765625,400.010009765625,420.6499938964844,1067500,0.0,0.0
2022-03-17 00:00:00-04:00,417.6600036621094,427.3500061035156,414.010009765625,425.4800109863281,626200,0.0,0.0
2022-03-18 00:00:00-04:00,426.010009765625,444.2300109863281,421.07000732421875,442.8699951171875,1066600,0.0,0.0
2022-03-21 00:00:00-04:00,436.42999267578125,446.7900085449219,423.9200134277344,432.4700012207031,664100,0.0,0.0
2022-03-22 00:00:00-04:00,434.80999755859375,461.7900085449219,434.80999755859375,457.0299987792969,919200,0.0,0.0
2022-03-23 00:00:00-04:00,451.2200012207031,452.739990234375,435.7699890136719,437.05999755859375,622600,0.0,0.0
2022-03-24 00:00:00-04:00,438.8500061035156,438.8500061035156,422.20001220703125,436.260009765625,794100,0.0,0.0
2022-03-25 00:00:00-04:00,439.04998779296875,439.989990234375,418.6700134277344,430.44000244140625,678900,0.0,0.0
2022-03-28 00:00:00-04:00,435.0799865722656,438.30999755859375,426.5899963378906,434.0,546700,0.0,0.0
2022-03-29 00:00:00-04:00,442.57000732421875,458.25,441.4200134277344,452.94000244140625,821900,0.0,0.0
2022-03-30 00:00:00-04:00,449.6499938964844,450.32000732421875,437.9700012207031,442.1700134277344,494100,0.0,0.0
2022-03-31 00:00:00-04:00,444.9599914550781,451.6099853515625,435.7799987792969,436.0,696300,0.0,0.0
2022-04-01 00:00:00-04:00,439.4200134277344,448.1300048828125,438.95001220703125,446.4100036621094,693200,0.0,0.0
2022-04-04 00:00:00-04:00,445.42999267578125,451.19000244140625,439.2200012207031,445.3900146484375,537400,0.0,0.0
2022-04-05 00:00:00-04:00,446.8699951171875,446.8699951171875,434.5799865722656,436.79998779296875,614200,0.0,0.0
2022-04-06 00:00:00-04:00,429.6600036621094,429.6600036621094,412.69000244140625,421.739990234375,708200,0.0,0.0
2022-04-07 00:00:00-04:00,418.7900085449219,426.70001220703125,415.1300048828125,422.17999267578125,541600,0.0,0.0
2022-04-08 00:00:00-04:00,418.9800109863281,426.6300048828125,411.42999267578125,420.55999755859375,514400,0.0,0.0
2022-04-11 00:00:00-04:00,414.0,425.42999267578125,408.8500061035156,409.69000244140625,689700,0.0,0.0
2022-04-12 00:00:00-04:00,414.05999755859375,430.44000244140625,401.0799865722656,406.2300109863281,570000,0.0,0.0
2022-04-13 00:00:00-04:00,409.0199890136719,420.17999267578125,407.010009765625,416.9100036621094,442500,0.0,0.0
2022-04-14 00:00:00-04:00,416.0,417.8699951171875,407.3699951171875,409.82000732421875,458000,0.0,0.0
2022-04-18 00:00:00-04:00,408.0199890136719,409.6600036621094,401.2099914550781,405.8800048828125,435800,0.0,0.0
2022-04-19 00:00:00-04:00,403.1700134277344,426.7099914550781,403.010009765625,424.5400085449219,711700,0.0,0.0
2022-04-20 00:00:00-04:00,427.7799987792969,431.2699890136719,418.20001220703125,419.17999267578125,626300,0.0,0.0
2022-04-21 00:00:00-04:00,421.739990234375,425.0299987792969,382.30999755859375,383.6300048828125,927200,0.0,0.0
2022-04-22 00:00:00-04:00,380.57000732421875,381.6000061035156,360.1700134277344,360.57000732421875,1235800,0.0,0.0
2022-04-25 00:00:00-04:00,363.45001220703125,371.1600036621094,354.8599853515625,368.8599853515625,1065700,0.0,0.0
2022-04-26 00:00:00-04:00,363.2200012207031,365.5400085449219,353.92999267578125,361.29998779296875,1143900,0.0,0.0
2022-04-27 00:00:00-04:00,365.0199890136719,378.9800109863281,357.2200012207031,360.42999267578125,1299500,0.0,0.0
2022-04-28 00:00:00-04:00,282.0,306.9599914550781,270.3699951171875,304.6600036621094,4212100,0.0,0.0
2022-04-29 00:00:00-04:00,303.3299865722656,319.0899963378906,288.8800048828125,289.9100036621094,1758600,0.0,0.0
2022-05-02 00:00:00-04:00,292.4800109863281,310.9700012207031,288.0199890136719,308.8800048828125,1683000,0.0,0.0
2022-05-03 00:00:00-04:00,304.0199890136719,311.9200134277344,297.04998779296875,301.0199890136719,1077800,0.0,0.0
2022-05-04 00:00:00-04:00,300.0299987792969,311.6199951171875,286.70001220703125,310.8900146484375,1118300,0.0,0.0
2022-05-05 00:00:00-04:00,305.7900085449219,309.0,280.04998779296875,283.7200012207031,1584500,0.0,0.0
2022-05-06 00:00:00-04:00,285.8500061035156,286.3399963378906,271.5299987792969,280.4100036621094,1243700,0.0,0.0
2022-05-09 00:00:00-04:00,274.2200012207031,277.6700134277344,265.29998779296875,268.9599914550781,1308000,0.0,0.0
2022-05-10 00:00:00-04:00,273.5,279.6000061035156,254.47999572753906,258.1300048828125,2246600,0.0,0.0
2022-05-11 00:00:00-04:00,258.7699890136719,269.5899963378906,255.0,256.1099853515625,1037500,0.0,0.0
2022-05-12 00:00:00-04:00,253.82000732421875,265.3999938964844,250.63999938964844,259.5299987792969,1200500,0.0,0.0
2022-05-13 00:00:00-04:00,264.4200134277344,276.8399963378906,264.4200134277344,275.5199890136719,1112500,0.0,0.0
2022-05-16 00:00:00-04:00,274.6600036621094,281.6199951171875,270.1199951171875,274.20001220703125,1101000,0.0,0.0
2022-05-17 00:00:00-04:00,279.9599914550781,285.4599914550781,273.989990234375,280.5899963378906,1190200,0.0,0.0
2022-05-18 00:00:00-04:00,276.5,277.4100036621094,267.30999755859375,269.1099853515625,1321600,0.0,0.0
2022-05-19 00:00:00-04:00,267.07000732421875,278.79998779296875,265.510009765625,273.8900146484375,782700,0.0,0.0
2022-05-20 00:00:00-04:00,280.0,282.4100036621094,267.010009765625,275.0400085449219,922900,0.0,0.0
2022-05-23 00:00:00-04:00,278.4599914550781,279.54998779296875,266.04998779296875,278.7099914550781,981700,0.0,0.0
2022-05-24 00:00:00-04:00,273.1700134277344,274.2099914550781,265.010009765625,270.17999267578125,1194900,0.0,0.0
2022-05-25 00:00:00-04:00,267.1499938964844,281.4800109863281,266.69000244140625,276.57000732421875,908900,0.0,0.0
2022-05-26 00:00:00-04:00,274.4200134277344,279.1499938964844,268.1499938964844,274.8299865722656,983500,0.0,0.0
2022-05-27 00:00:00-04:00,276.0299987792969,284.57000732421875,275.6199951171875,284.57000732421875,953300,0.0,0.0
2022-05-31 00:00:00-04:00,284.70001220703125,286.3999938964844,272.1700134277344,277.6400146484375,1677900,0.0,0.0
2022-06-01 00:00:00-04:00,281.07000732421875,283.2699890136719,263.4800109863281,265.1700134277344,1106500,0.0,0.0
2022-06-02 00:00:00-04:00,266.760009765625,287.04998779296875,264.5400085449219,284.8699951171875,1126600,0.0,0.0
2022-06-03 00:00:00-04:00,278.6600036621094,280.4599914550781,272.8500061035156,273.6000061035156,643200,0.0,0.0
2022-06-06 00:00:00-04:00,280.8699951171875,281.5,266.6199951171875,269.010009765625,829300,0.0,0.0
2022-06-07 00:00:00-04:00,265.760009765625,275.75,265.760009765625,273.510009765625,654200,0.0,0.0
2022-06-08 00:00:00-04:00,275.4200134277344,277.7099914550781,272.32000732421875,273.1300048828125,750900,0.0,0.0
2022-06-09 00:00:00-04:00,268.7200012207031,273.9100036621094,262.1300048828125,262.54998779296875,813600,0.0,0.0
2022-06-10 00:00:00-04:00,257.3999938964844,259.3399963378906,251.6300048828125,257.05999755859375,1547400,0.0,0.0
2022-06-13 00:00:00-04:00,246.88999938964844,251.97000122070312,242.6699981689453,244.00999450683594,1273100,0.0,0.0
2022-06-14 00:00:00-04:00,245.02999877929688,245.6300048828125,235.5500030517578,238.0800018310547,1011000,0.0,0.0
2022-06-15 00:00:00-04:00,240.99000549316406,249.52999877929688,237.1199951171875,243.77999877929688,1396100,0.0,0.0
2022-06-16 00:00:00-04:00,235.58999633789062,239.22000122070312,228.35000610351562,229.82000732421875,1506400,0.0,0.0
2022-06-17 00:00:00-04:00,230.9600067138672,240.32000732421875,230.83999633789062,234.47000122070312,1941600,0.0,0.0
2022-06-21 00:00:00-04:00,241.13999938964844,241.99000549316406,229.97000122070312,230.30999755859375,1412000,0.0,0.0
2022-06-22 00:00:00-04:00,226.47999572753906,240.8000030517578,225.86000061035156,235.08999633789062,1600100,0.0,0.0
2022-06-23 00:00:00-04:00,237.97999572753906,252.57000732421875,236.6199951171875,251.1199951171875,1164100,0.0,0.0
2022-06-24 00:00:00-04:00,253.0800018310547,258.92999267578125,252.50999450683594,258.75,2794000,0.0,0.0
2022-06-27 00:00:00-04:00,258.760009765625,259.7900085449219,249.10000610351562,250.1699981689453,1045000,0.0,0.0
2022-06-28 00:00:00-04:00,251.50999450683594,254.75999450683594,241.42999267578125,241.9199981689453,702500,0.0,0.0
2022-06-29 00:00:00-04:00,243.8699951171875,244.19000244140625,236.80999755859375,242.14999389648438,841400,0.0,0.0
2022-06-30 00:00:00-04:00,240.6699981689453,243.64999389648438,232.6199951171875,236.6699981689453,835800,0.0,0.0
2022-07-01 00:00:00-04:00,237.02999877929688,247.6699981689453,235.27999877929688,247.33999633789062,681800,0.0,0.0
2022-07-05 00:00:00-04:00,243.5,255.27000427246094,239.17999267578125,254.11000061035156,765100,0.0,0.0
2022-07-06 00:00:00-04:00,254.22000122070312,256.0400085449219,247.4199981689453,249.5399932861328,920600,0.0,0.0
2022-07-07 00:00:00-04:00,251.83999633789062,260.19000244140625,250.52000427246094,259.6400146484375,681600,0.0,0.0
2022-07-08 00:00:00-04:00,254.27000427246094,269.4599914550781,252.27999877929688,261.5199890136719,971800,0.0,0.0
2022-07-11 00:00:00-04:00,257.9700012207031,261.5400085449219,247.86000061035156,249.47999572753906,706900,0.0,0.0
2022-07-12 00:00:00-04:00,251.36000061035156,254.3000030517578,245.91000366210938,248.97999572753906,565200,0.0,0.0
2022-07-13 00:00:00-04:00,242.63999938964844,254.02999877929688,238.3000030517578,249.86000061035156,568900,0.0,0.0
2022-07-14 00:00:00-04:00,245.14999389648438,248.97000122070312,240.0500030517578,247.17999267578125,905700,0.0,0.0
2022-07-15 00:00:00-04:00,252.02000427246094,256.0899963378906,247.27000427246094,254.8800048828125,449800,0.0,0.0
2022-07-18 00:00:00-04:00,257.7799987792969,261.8500061035156,252.7899932861328,254.0800018310547,617300,0.0,0.0
2022-07-19 00:00:00-04:00,259.1099853515625,269.8399963378906,257.0,267.30999755859375,690500,0.0,0.0
2022-07-20 00:00:00-04:00,265.739990234375,282.9100036621094,265.3299865722656,274.489990234375,954200,0.0,0.0
2022-07-21 00:00:00-04:00,275.4700012207031,286.4599914550781,273.0899963378906,284.239990234375,733200,0.0,0.0
2022-07-22 00:00:00-04:00,278.70001220703125,281.2300109863281,262.0,265.8800048828125,1256800,0.0,0.0
2022-07-25 00:00:00-04:00,265.29998779296875,266.6400146484375,250.22000122070312,252.07000732421875,1597000,0.0,0.0
2022-07-26 00:00:00-04:00,253.16000366210938,253.16000366210938,247.11000061035156,251.86000061035156,1335000,0.0,0.0
2022-07-27 00:00:00-04:00,256.57000732421875,265.7200012207031,255.30999755859375,262.6099853515625,1440900,0.0,0.0
2022-07-28 00:00:00-04:00,270.54998779296875,283.8299865722656,255.89999389648438,282.25,2250300,0.0,0.0
2022-07-29 00:00:00-04:00,277.5899963378906,283.5400085449219,274.0299987792969,280.9700012207031,893100,0.0,0.0
2022-08-01 00:00:00-04:00,278.3299865722656,289.9800109863281,276.69000244140625,282.82000732421875,918100,0.0,0.0
2022-08-02 00:00:00-04:00,278.0199890136719,285.1499938964844,275.5400085449219,281.2300109863281,584200,0.0,0.0
2022-08-03 00:00:00-04:00,284.0,287.989990234375,279.0,286.2099914550781,628600,0.0,0.0
2022-08-04 00:00:00-04:00,286.6300048828125,296.25,285.0,293.7300109863281,782300,0.0,0.0
2022-08-05 00:00:00-04:00,286.82000732421875,294.20001220703125,283.2799987792969,293.8900146484375,708200,0.0,0.0
2022-08-08 00:00:00-04:00,295.19000244140625,302.9700012207031,291.3999938964844,293.05999755859375,642300,0.0,0.0
2022-08-09 00:00:00-04:00,288.3500061035156,288.3500061035156,271.95001220703125,273.6400146484375,751000,0.0,0.0
2022-08-10 00:00:00-04:00,283.3399963378906,287.8999938964844,279.44000244140625,287.80999755859375,717300,0.0,0.0
2022-08-11 00:00:00-04:00,291.8999938964844,297.9200134277344,286.2300109863281,287.3800048828125,391900,0.0,0.0
2022-08-12 00:00:00-04:00,288.94000244140625,290.92999267578125,285.1400146484375,289.0,553800,0.0,0.0
2022-08-15 00:00:00-04:00,288.67999267578125,292.8699951171875,284.5199890136719,286.19000244140625,1120600,0.0,0.0
2022-08-16 00:00:00-04:00,283.3500061035156,291.9100036621094,272.30999755859375,289.0400085449219,861900,0.0,0.0
2022-08-17 00:00:00-04:00,284.010009765625,286.989990234375,272.7300109863281,277.6600036621094,663600,0.0,0.0
2022-08-18 00:00:00-04:00,277.2200012207031,282.010009765625,273.54998779296875,281.6600036621094,554100,0.0,0.0
2022-08-19 00:00:00-04:00,277.55999755859375,279.55999755859375,268.739990234375,269.82000732421875,793600,0.0,0.0
2022-08-22 00:00:00-04:00,263.1400146484375,266.82000732421875,255.0800018310547,256.04998779296875,648300,0.0,0.0
2022-08-23 00:00:00-04:00,255.6300048828125,258.29998779296875,251.16000366210938,252.22999572753906,601000,0.0,0.0
2022-08-24 00:00:00-04:00,252.67999267578125,262.9200134277344,251.60000610351562,261.70001220703125,703000,0.0,0.0
2022-08-25 00:00:00-04:00,265.6400146484375,273.239990234375,265.6099853515625,272.989990234375,569600,0.0,0.0
2022-08-26 00:00:00-04:00,271.9599914550781,271.9599914550781,252.1199951171875,252.4499969482422,868500,0.0,0.0
2022-08-29 00:00:00-04:00,250.0,255.49000549316406,246.6999969482422,247.99000549316406,536600,0.0,0.0
2022-08-30 00:00:00-04:00,250.58999633789062,254.0,242.91000366210938,246.67999267578125,546000,0.0,0.0
2022-08-31 00:00:00-04:00,250.2100067138672,252.5,243.0,243.6999969482422,530500,0.0,0.0
2022-09-01 00:00:00-04:00,238.9600067138672,245.97000122070312,234.00999450683594,245.74000549316406,654200,0.0,0.0
2022-09-02 00:00:00-04:00,249.5399932861328,250.94000244140625,241.9199981689453,244.50999450683594,603100,0.0,0.0
2022-09-06 00:00:00-04:00,244.5500030517578,244.80999755859375,234.5500030517578,238.99000549316406,652200,0.0,0.0
2022-09-07 00:00:00-04:00,239.22999572753906,250.2899932861328,237.66000366210938,249.94000244140625,594700,0.0,0.0
2022-09-08 00:00:00-04:00,245.3699951171875,258.25,244.02999877929688,257.29998779296875,624500,0.0,0.0
2022-09-09 00:00:00-04:00,259.0899963378906,264.92999267578125,259.0899963378906,263.1099853515625,759800,0.0,0.0
2022-09-12 00:00:00-04:00,264.2900085449219,272.1499938964844,264.0299987792969,267.7900085449219,508800,0.0,0.0
2022-09-13 00:00:00-04:00,255.0,255.1699981689453,246.4499969482422,247.05999755859375,711400,0.0,0.0
2022-09-14 00:00:00-04:00,246.88999938964844,252.1199951171875,243.4199981689453,246.74000549316406,811800,0.0,0.0
2022-09-15 00:00:00-04:00,244.02000427246094,260.30999755859375,244.02000427246094,252.0,1240100,0.0,0.0
2022-09-16 00:00:00-04:00,247.8000030517578,250.36000061035156,242.25,249.02000427246094,1615100,0.0,0.0
2022-09-19 00:00:00-04:00,244.5800018310547,247.6300048828125,235.1999969482422,244.19000244140625,802100,0.0,0.0
2022-09-20 00:00:00-04:00,239.55999755859375,240.4499969482422,231.30999755859375,232.22000122070312,849500,0.0,0.0
2022-09-21 00:00:00-04:00,232.22000122070312,240.1999969482422,225.80999755859375,226.67999267578125,795400,0.0,0.0
2022-09-22 00:00:00-04:00,224.13999938964844,225.66000366210938,214.67999267578125,217.9499969482422,909800,0.0,0.0
2022-09-23 00:00:00-04:00,215.52000427246094,222.92999267578125,213.24000549316406,222.42999267578125,1149800,0.0,0.0
2022-09-26 00:00:00-04:00,222.42999267578125,228.10000610351562,217.19000244140625,219.63999938964844,844000,0.0,0.0
2022-09-27 00:00:00-04:00,223.67999267578125,225.80999755859375,212.4199981689453,214.22000122070312,968500,0.0,0.0
2022-09-28 00:00:00-04:00,216.60000610351562,216.6999969482422,206.6699981689453,212.10000610351562,2323800,0.0,0.0
2022-09-29 00:00:00-04:00,208.57000732421875,211.5,204.32000732421875,211.00999450683594,1083400,0.0,0.0
2022-09-30 00:00:00-04:00,211.9600067138672,218.30999755859375,206.75999450683594,207.11000061035156,956600,0.0,0.0
2022-10-03 00:00:00-04:00,209.13999938964844,217.32000732421875,206.0,215.63999938964844,1051800,0.0,0.0
2022-10-04 00:00:00-04:00,221.6699981689453,230.27000427246094,220.8300018310547,229.91000366210938,1217100,0.0,0.0
2022-10-05 00:00:00-04:00,225.80999755859375,230.4499969482422,221.4499969482422,228.80999755859375,587800,0.0,0.0
2022-10-06 00:00:00-04:00,229.16000366210938,233.63999938964844,222.0500030517578,222.36000061035156,580200,0.0,0.0
2022-10-07 00:00:00-04:00,217.4600067138672,220.08999633789062,210.38999938964844,211.5800018310547,779500,0.0,0.0
2022-10-10 00:00:00-04:00,213.1699981689453,213.7899932861328,205.0,207.3800048828125,692500,0.0,0.0
2022-10-11 00:00:00-04:00,206.77000427246094,213.10000610351562,202.00999450683594,208.4499969482422,740400,0.0,0.0
2022-10-12 00:00:00-04:00,207.97999572753906,209.5800018310547,203.2100067138672,208.0500030517578,719800,0.0,0.0
2022-10-13 00:00:00-04:00,200.02000427246094,214.3699951171875,197.8699951171875,212.30999755859375,872900,0.0,0.0
2022-10-14 00:00:00-04:00,216.7899932861328,217.72999572753906,201.08999633789062,201.6300048828125,718600,0.0,0.0
2022-10-17 00:00:00-04:00,205.61000061035156,213.49000549316406,203.25999450683594,211.44000244140625,725400,0.0,0.0
2022-10-18 00:00:00-04:00,219.47000122070312,222.3699951171875,207.99000549316406,210.0,765300,0.0,0.0
2022-10-19 00:00:00-04:00,207.1699981689453,210.07000732421875,203.57000732421875,204.97999572753906,530000,0.0,0.0
2022-10-20 00:00:00-04:00,204.00999450683594,208.05999755859375,197.77999877929688,198.27999877929688,1076900,0.0,0.0
2022-10-21 00:00:00-04:00,196.5800018310547,208.4499969482422,192.6300048828125,207.6699981689453,1183000,0.0,0.0
2022-10-24 00:00:00-04:00,207.97000122070312,211.50999450683594,204.8699951171875,211.38999938964844,852000,0.0,0.0
2022-10-25 00:00:00-04:00,212.38999938964844,221.72000122070312,212.38999938964844,217.97999572753906,1402200,0.0,0.0
2022-10-26 00:00:00-04:00,219.1699981689453,229.55999755859375,217.97999572753906,221.63999938964844,1296000,0.0,0.0
2022-10-27 00:00:00-04:00,188.88999938964844,188.88999938964844,176.0,181.52999877929688,4187900,0.0,0.0
2022-10-28 00:00:00-04:00,180.22999572753906,190.4499969482422,179.25,188.6199951171875,1865500,0.0,0.0
2022-10-31 00:00:00-04:00,190.0,201.55999755859375,190.0,194.3000030517578,1990100,0.0,0.0
2022-11-01 00:00:00-04:00,197.5500030517578,202.4199981689453,192.52999877929688,193.05999755859375,2003400,0.0,0.0
2022-11-02 00:00:00-04:00,192.44000244140625,193.27000427246094,178.91000366210938,179.0800018310547,1347500,0.0,0.0
2022-11-03 00:00:00-04:00,176.38999938964844,177.33999633789062,172.0500030517578,175.8300018310547,1276900,0.0,0.0
2022-11-04 00:00:00-04:00,182.5399932861328,182.61000061035156,175.92999267578125,180.92999267578125,844500,0.0,0.0
2022-11-07 00:00:00-05:00,182.8000030517578,184.35000610351562,178.92999267578125,181.3699951171875,911000,0.0,0.0
2022-11-08 00:00:00-05:00,181.39999389648438,185.47999572753906,175.33999633789062,180.39999389648438,1412900,0.0,0.0
2022-11-09 00:00:00-05:00,179.72000122070312,179.72000122070312,174.1300048828125,174.5800018310547,1202400,0.0,0.0
2022-11-10 00:00:00-05:00,186.9600067138672,196.7100067138672,186.5,196.47999572753906,1605100,0.0,0.0
2022-11-11 00:00:00-05:00,197.8000030517578,221.6199951171875,195.9499969482422,218.97999572753906,1909800,0.0,0.0
2022-11-14 00:00:00-05:00,214.74000549316406,214.99000549316406,210.05999755859375,210.3300018310547,1330000,0.0,0.0
2022-11-15 00:00:00-05:00,215.5500030517578,220.3000030517578,211.8699951171875,212.9199981689453,816400,0.0,0.0
2022-11-16 00:00:00-05:00,212.83999633789062,212.89999389648438,200.17999267578125,201.38999938964844,732000,0.0,0.0
2022-11-17 00:00:00-05:00,195.5800018310547,196.6300048828125,191.7100067138672,194.9600067138672,1243700,0.0,0.0
2022-11-18 00:00:00-05:00,200.0,201.14999389648438,191.74000549316406,193.55999755859375,606000,0.0,0.0
2022-11-21 00:00:00-05:00,190.3800048828125,194.25,189.0,191.6300048828125,737500,0.0,0.0
2022-11-22 00:00:00-05:00,192.89999389648438,192.89999389648438,188.00999450683594,191.38999938964844,757100,0.0,0.0
2022-11-23 00:00:00-05:00,192.3300018310547,199.1699981689453,191.0399932861328,196.27999877929688,455900,0.0,0.0
2022-11-25 00:00:00-05:00,194.82000732421875,196.27999877929688,190.99000549316406,194.6699981689453,387800,0.0,0.0
2022-11-28 00:00:00-05:00,194.69000244140625,197.86000061035156,189.07000732421875,189.77999877929688,772700,0.0,0.0
2022-11-29 00:00:00-05:00,188.86000061035156,194.0500030517578,187.36000061035156,191.8300018310547,583600,0.0,0.0
2022-11-30 00:00:00-05:00,192.38999938964844,196.74000549316406,184.69000244140625,196.66000366210938,1693900,0.0,0.0
2022-12-01 00:00:00-05:00,197.58999633789062,202.24000549316406,195.6999969482422,201.77000427246094,848600,0.0,0.0
2022-12-02 00:00:00-05:00,197.02999877929688,200.0,195.92999267578125,198.41000366210938,566800,0.0,0.0
2022-12-05 00:00:00-05:00,195.0,195.83999633789062,187.5399932861328,187.91000366210938,932600,0.0,0.0
2022-12-06 00:00:00-05:00,186.75999450683594,187.22999572753906,183.25999450683594,186.0399932861328,708600,0.0,0.0
2022-12-07 00:00:00-05:00,185.6699981689453,189.08999633789062,184.66000366210938,187.3300018310547,564200,0.0,0.0
2022-12-08 00:00:00-05:00,188.52999877929688,192.02000427246094,186.0500030517578,190.4600067138672,663500,0.0,0.0
2022-12-09 00:00:00-05:00,190.52000427246094,193.5399932861328,188.47999572753906,188.80999755859375,603600,0.0,0.0
2022-12-12 00:00:00-05:00,190.9499969482422,196.44000244140625,188.39999389648438,195.00999450683594,1106900,0.0,0.0
2022-12-13 00:00:00-05:00,205.80999755859375,207.49000549316406,195.88999938964844,198.5800018310547,1031100,0.0,0.0
2022-12-14 00:00:00-05:00,197.32000732421875,202.0,193.52000427246094,195.80999755859375,694100,0.0,0.0
2022-12-15 00:00:00-05:00,191.74000549316406,216.0399932861328,186.74000549316406,201.97000122070312,2746600,0.0,0.0
2022-12-16 00:00:00-05:00,198.25,200.0,193.0,198.2100067138672,2033800,0.0,0.0
2022-12-19 00:00:00-05:00,197.89999389648438,202.80999755859375,197.80999755859375,198.75999450683594,1176600,0.0,0.0
2022-12-20 00:00:00-05:00,196.3000030517578,203.63999938964844,195.86000061035156,200.75,903400,0.0,0.0
2022-12-21 00:00:00-05:00,201.0399932861328,204.38999938964844,200.16000366210938,204.27999877929688,819000,0.0,0.0
2022-12-22 00:00:00-05:00,202.27999877929688,203.6300048828125,196.8800048828125,203.49000549316406,728800,0.0,0.0
2022-12-23 00:00:00-05:00,201.5800018310547,203.8800048828125,198.25,203.6699981689453,931500,0.0,0.0
2022-12-27 00:00:00-05:00,203.22999572753906,207.1199951171875,200.16000366210938,204.58999633789062,729900,0.0,0.0
2022-12-28 00:00:00-05:00,204.8000030517578,206.52999877929688,200.38999938964844,201.5800018310547,1140500,0.0,0.0
2022-12-29 00:00:00-05:00,203.61000061035156,214.1999969482422,201.61000061035156,212.13999938964844,728400,0.0,0.0
2022-12-30 00:00:00-05:00,208.10000610351562,211.30999755859375,206.7100067138672,210.89999389648438,681700,0.0,0.0
2023-01-03 00:00:00-05:00,215.4600067138672,219.52999877929688,208.2899932861328,212.27999877929688,1170100,0.0,0.0
2023-01-04 00:00:00-05:00,217.25999450683594,225.22999572753906,215.13999938964844,224.6300048828125,1021000,0.0,0.0
2023-01-05 00:00:00-05:00,221.88999938964844,222.9199981689453,216.89999389648438,219.82000732421875,778700,0.0,0.0
2023-01-06 00:00:00-05:00,222.10000610351562,222.99000549316406,212.8699951171875,220.77000427246094,637000,0.0,0.0
2023-01-09 00:00:00-05:00,224.02999877929688,230.35000610351562,222.0800018310547,227.6699981689453,830600,0.0,0.0
2023-01-10 00:00:00-05:00,227.1699981689453,233.4499969482422,227.1699981689453,232.25,720700,0.0,0.0
2023-01-11 00:00:00-05:00,234.0,238.14999389648438,231.2100067138672,234.16000366210938,1151100,0.0,0.0
2023-01-12 00:00:00-05:00,234.16000366210938,237.24000549316406,228.33999633789062,235.5800018310547,1007300,0.0,0.0
2023-01-13 00:00:00-05:00,233.1699981689453,240.14999389648438,232.27999877929688,239.75999450683594,807000,0.0,0.0
2023-01-17 00:00:00-05:00,238.77999877929688,246.44000244140625,237.8800048828125,246.0399932861328,1226300,0.0,0.0
2023-01-18 00:00:00-05:00,247.27999877929688,254.7100067138672,246.0500030517578,246.8000030517578,1156300,0.0,0.0
2023-01-19 00:00:00-05:00,242.07000732421875,242.72000122070312,230.17999267578125,236.3000030517578,1210800,0.0,0.0
2023-01-20 00:00:00-05:00,237.77999877929688,243.3000030517578,235.83999633789062,243.00999450683594,734100,0.0,0.0
2023-01-23 00:00:00-05:00,246.1199951171875,253.85000610351562,244.83999633789062,251.3800048828125,1026900,0.0,0.0
2023-01-24 00:00:00-05:00,250.0800018310547,258.30999755859375,250.0800018310547,252.6300048828125,920400,0.0,0.0
2023-01-25 00:00:00-05:00,246.82000732421875,252.47000122070312,245.63999938964844,252.0800018310547,820700,0.0,0.0
2023-01-26 00:00:00-05:00,255.86000061035156,263.1000061035156,254.99000549316406,262.95001220703125,1177000,0.0,0.0
2023-01-27 00:00:00-05:00,260.0,270.0,259.0199890136719,269.20001220703125,1165100,0.0,0.0
2023-01-30 00:00:00-05:00,263.5,268.54998779296875,261.5,265.82000732421875,1454300,0.0,0.0
2023-01-31 00:00:00-05:00,265.260009765625,269.7799987792969,265.0,269.7300109863281,844700,0.0,0.0
2023-02-01 00:00:00-05:00,270.2900085449219,284.1400146484375,268.94000244140625,282.5299987792969,1987500,0.0,0.0
2023-02-02 00:00:00-05:00,336.5,368.8699951171875,332.6000061035156,359.8800048828125,4437200,0.0,0.0
2023-02-03 00:00:00-05:00,350.4100036621094,352.8399963378906,341.0,343.1000061035156,1664600,0.0,0.0
2023-02-06 00:00:00-05:00,348.0,364.760009765625,341.82000732421875,342.4599914550781,2008400,0.0,0.0
2023-02-07 00:00:00-05:00,341.0299987792969,346.75,332.79998779296875,345.07000732421875,1239600,0.0,0.0
2023-02-08 00:00:00-05:00,341.6400146484375,343.54998779296875,333.0,334.8299865722656,731200,0.0,0.0
2023-02-09 00:00:00-05:00,336.4800109863281,337.57000732421875,320.45001220703125,321.3800048828125,1116000,0.0,0.0
2023-02-10 00:00:00-05:00,321.3800048828125,322.67999267578125,310.3800048828125,315.80999755859375,1046400,0.0,0.0
2023-02-13 00:00:00-05:00,319.25,325.5400085449219,315.45001220703125,325.260009765625,946800,0.0,0.0
2023-02-14 00:00:00-05:00,324.3900146484375,334.2799987792969,320.1199951171875,331.5199890136719,1045100,0.0,0.0
2023-02-15 00:00:00-05:00,327.9800109863281,339.1000061035156,327.70001220703125,338.3900146484375,961200,0.0,0.0
2023-02-16 00:00:00-05:00,331.67999267578125,336.510009765625,323.7300109863281,326.1700134277344,983600,0.0,0.0
2023-02-17 00:00:00-05:00,322.1600036621094,322.19000244140625,312.6099853515625,316.7099914550781,944000,0.0,0.0
2023-02-21 00:00:00-05:00,313.0,315.3500061035156,303.75,304.0,917100,0.0,0.0
2023-02-22 00:00:00-05:00,303.80999755859375,308.42999267578125,300.6499938964844,302.7200012207031,960500,0.0,0.0
2023-02-23 00:00:00-05:00,304.3399963378906,306.7200012207031,297.510009765625,305.4599914550781,807300,0.0,0.0
2023-02-24 00:00:00-05:00,297.4700012207031,306.7799987792969,297.260009765625,306.2799987792969,699700,0.0,0.0
2023-02-27 00:00:00-05:00,309.29998779296875,311.1600036621094,303.1499938964844,304.6400146484375,672100,0.0,0.0
2023-02-28 00:00:00-05:00,303.54998779296875,313.1099853515625,303.54998779296875,309.5,754100,0.0,0.0
2023-03-01 00:00:00-05:00,307.5,310.6300048828125,302.20001220703125,308.5299987792969,932400,0.0,0.0
2023-03-02 00:00:00-05:00,303.2200012207031,313.6199951171875,303.1700134277344,313.2099914550781,673400,0.0,0.0
2023-03-03 00:00:00-05:00,314.5299987792969,335.6700134277344,314.5299987792969,334.55999755859375,1446900,0.0,0.0
2023-03-06 00:00:00-05:00,337.3999938964844,357.0,334.95001220703125,335.79998779296875,2190000,0.0,0.0
2023-03-07 00:00:00-05:00,337.0199890136719,341.80999755859375,333.4100036621094,334.7799987792969,933000,0.0,0.0
2023-03-08 00:00:00-05:00,333.5899963378906,334.80999755859375,327.8999938964844,332.260009765625,572300,0.0,0.0
2023-03-09 00:00:00-05:00,333.1199951171875,336.6300048828125,321.0,321.6400146484375,1053800,0.0,0.0
2023-03-10 00:00:00-05:00,321.9700012207031,322.5,306.7099914550781,312.7900085449219,882900,0.0,0.0
2023-03-13 00:00:00-04:00,311.4100036621094,322.8800048828125,307.3699951171875,315.4100036621094,1017100,0.0,0.0
2023-03-14 00:00:00-04:00,322.1700134277344,326.7900085449219,316.1199951171875,320.760009765625,871500,0.0,0.0
2023-03-15 00:00:00-04:00,313.0400085449219,318.6099853515625,307.6499938964844,318.1700134277344,1105100,0.0,0.0
2023-03-16 00:00:00-04:00,317.69000244140625,327.9800109863281,314.55999755859375,326.3999938964844,924800,0.0,0.0
2023-03-17 00:00:00-04:00,325.0899963378906,326.489990234375,317.6700134277344,320.8699951171875,1580800,0.0,0.0
2023-03-20 00:00:00-04:00,320.19000244140625,321.6300048828125,314.45001220703125,316.3599853515625,632600,0.0,0.0
2023-03-21 00:00:00-04:00,319.9800109863281,330.7099914550781,318.010009765625,327.6400146484375,854600,0.0,0.0
2023-03-22 00:00:00-04:00,327.0,327.0,312.0799865722656,312.30999755859375,1007800,0.0,0.0
2023-03-23 00:00:00-04:00,314.05999755859375,319.5400085449219,307.3500061035156,311.4800109863281,1006900,0.0,0.0
2023-03-24 00:00:00-04:00,309.70001220703125,311.30999755859375,300.8599853515625,306.70001220703125,994100,0.0,0.0
2023-03-27 00:00:00-04:00,308.25,311.9200134277344,301.8599853515625,305.95001220703125,700300,0.0,0.0
2023-03-28 00:00:00-04:00,306.42999267578125,309.8699951171875,304.30999755859375,305.2900085449219,616700,0.0,0.0
2023-03-29 00:00:00-04:00,309.3699951171875,310.04998779296875,303.7099914550781,306.2099914550781,499900,0.0,0.0
2023-03-30 00:00:00-04:00,311.19000244140625,314.54998779296875,309.510009765625,311.8500061035156,565900,0.0,0.0
2023-03-31 00:00:00-04:00,315.0400085449219,335.1499938964844,315.0,334.1400146484375,1215100,0.0,0.0
2023-04-03 00:00:00-04:00,333.2900085449219,335.0799865722656,324.29998779296875,327.3500061035156,645900,0.0,0.0
2023-04-04 00:00:00-04:00,329.5,333.010009765625,325.0799865722656,326.8500061035156,489900,0.0,0.0
2023-04-05 00:00:00-04:00,324.44000244140625,324.44000244140625,314.1600036621094,317.0199890136719,526500,0.0,0.0
2023-04-06 00:00:00-04:00,315.6700134277344,324.6300048828125,312.4700012207031,323.1400146484375,613000,0.0,0.0
2023-04-10 00:00:00-04:00,319.5799865722656,330.79998779296875,316.6199951171875,330.6600036621094,555100,0.0,0.0
2023-04-11 00:00:00-04:00,331.4700012207031,342.20001220703125,331.4700012207031,339.0,904800,0.0,0.0
2023-04-12 00:00:00-04:00,342.3800048828125,343.2200012207031,331.7300109863281,332.25,535100,0.0,0.0
2023-04-13 00:00:00-04:00,336.67999267578125,341.57000732421875,334.6300048828125,341.3500061035156,656200,0.0,0.0
2023-04-14 00:00:00-04:00,341.6700134277344,346.4800109863281,337.7300109863281,342.2699890136719,558400,0.0,0.0
2023-04-17 00:00:00-04:00,343.1700134277344,348.1400146484375,341.7099914550781,347.69000244140625,559400,0.0,0.0
2023-04-18 00:00:00-04:00,353.3699951171875,355.8699951171875,346.0899963378906,348.04998779296875,685000,0.0,0.0
2023-04-19 00:00:00-04:00,345.0899963378906,357.8699951171875,345.0899963378906,356.3699951171875,522500,0.0,0.0
2023-04-20 00:00:00-04:00,351.94000244140625,357.9800109863281,351.5899963378906,352.3900146484375,502600,0.0,0.0
2023-04-21 00:00:00-04:00,353.6400146484375,356.4800109863281,351.07000732421875,355.1400146484375,675100,0.0,0.0
2023-04-24 00:00:00-04:00,355.1400146484375,363.2699890136719,352.3299865722656,363.05999755859375,810200,0.0,0.0
2023-04-25 00:00:00-04:00,359.8299865722656,362.2300109863281,351.05999755859375,351.5199890136719,995300,0.0,0.0
2023-04-26 00:00:00-04:00,351.8299865722656,355.2099914550781,348.1199951171875,354.54998779296875,1197500,0.0,0.0
2023-04-27 00:00:00-04:00,321.95001220703125,326.54998779296875,309.0,317.7300109863281,2440000,0.0,0.0
2023-04-28 00:00:00-04:00,317.0199890136719,326.30999755859375,316.7300109863281,325.29998779296875,1098600,0.0,0.0
2023-05-01 00:00:00-04:00,324.8900146484375,326.510009765625,314.5199890136719,317.3299865722656,715000,0.0,0.0
2023-05-02 00:00:00-04:00,317.1499938964844,319.55999755859375,305.3999938964844,306.8399963378906,1016400,0.0,0.0
2023-05-03 00:00:00-04:00,306.8500061035156,310.510009765625,302.3800048828125,303.1099853515625,854800,0.0,0.0
2023-05-04 00:00:00-04:00,301.20001220703125,304.29998779296875,297.8299865722656,304.1099853515625,730000,0.0,0.0
2023-05-05 00:00:00-04:00,306.69000244140625,314.25,306.260009765625,313.6400146484375,595900,0.0,0.0
2023-05-08 00:00:00-04:00,311.79998779296875,312.2900085449219,302.7699890136719,306.07000732421875,694400,0.0,0.0
2023-05-09 00:00:00-04:00,303.010009765625,304.57000732421875,298.510009765625,302.739990234375,585300,0.0,0.0
2023-05-10 00:00:00-04:00,307.0,308.3599853515625,302.4200134277344,305.260009765625,504700,0.0,0.0
2023-05-11 00:00:00-04:00,303.42999267578125,303.6000061035156,291.7900085449219,296.0799865722656,753400,0.0,0.0
2023-05-12 00:00:00-04:00,296.7799987792969,297.79998779296875,291.29998779296875,293.7099914550781,568100,0.0,0.0
2023-05-15 00:00:00-04:00,293.0,300.3699951171875,291.1000061035156,297.2799987792969,474100,0.0,0.0
2023-05-16 00:00:00-04:00,294.1499938964844,295.3399963378906,289.8699951171875,292.29998779296875,569800,0.0,0.0
2023-05-17 00:00:00-04:00,293.760009765625,293.9700012207031,285.19000244140625,291.3599853515625,718000,0.0,0.0
2023-05-18 00:00:00-04:00,290.9200134277344,296.20001220703125,287.69000244140625,293.4200134277344,730200,0.0,0.0
2023-05-19 00:00:00-04:00,293.3900146484375,293.94000244140625,287.7300109863281,290.989990234375,486200,0.0,0.0
2023-05-22 00:00:00-04:00,291.0400085449219,304.3599853515625,290.2200012207031,300.8299865722656,757800,0.0,0.0
2023-05-23 00:00:00-04:00,295.8999938964844,303.1000061035156,281.2900085449219,282.54998779296875,1362800,0.0,0.0
2023-05-24 00:00:00-04:00,281.45001220703125,284.0199890136719,278.0400085449219,281.2300109863281,753200,0.0,0.0
2023-05-25 00:00:00-04:00,282.9599914550781,284.8900146484375,277.760009765625,280.0799865722656,513300,0.0,0.0
2023-05-26 00:00:00-04:00,280.82000732421875,286.9800109863281,279.8500061035156,285.3900146484375,474700,0.0,0.0
2023-05-30 00:00:00-04:00,283.7900085449219,287.05999755859375,281.8599853515625,284.95001220703125,547700,0.0,0.0
2023-05-31 00:00:00-04:00,281.8599853515625,283.3299865722656,273.4599914550781,282.6600036621094,895300,0.0,0.0
2023-06-01 00:00:00-04:00,283.6499938964844,298.6400146484375,282.2900085449219,297.20001220703125,1105500,0.0,0.0
2023-06-02 00:00:00-04:00,299.739990234375,302.67999267578125,296.0199890136719,302.0,696300,0.0,0.0
2023-06-05 00:00:00-04:00,302.0,306.8500061035156,301.4800109863281,305.1499938964844,602900,0.0,0.0
2023-06-06 00:00:00-04:00,303.7200012207031,308.6499938964844,301.9700012207031,304.67999267578125,391200,0.0,0.0
2023-06-07 00:00:00-04:00,306.07000732421875,311.739990234375,300.7300109863281,301.7300109863281,550500,0.0,0.0
2023-06-08 00:00:00-04:00,300.2900085449219,308.32000732421875,300.2900085449219,306.760009765625,428800,0.0,0.0
2023-06-09 00:00:00-04:00,304.6000061035156,309.6600036621094,301.989990234375,304.44000244140625,484600,0.0,0.0
2023-06-12 00:00:00-04:00,304.80999755859375,311.7099914550781,301.8900146484375,311.2900085449219,572800,0.0,0.0
2023-06-13 00:00:00-04:00,315.0,328.989990234375,313.20001220703125,322.0199890136719,953800,0.0,0.0
2023-06-14 00:00:00-04:00,324.1099853515625,328.489990234375,317.7200012207031,322.4599914550781,538800,0.0,0.0
2023-06-15 00:00:00-04:00,322.0400085449219,334.57000732421875,321.2799987792969,333.19000244140625,692900,0.0,0.0
2023-06-16 00:00:00-04:00,334.95001220703125,335.8699951171875,326.5199890136719,330.2900085449219,1258300,0.0,0.0
2023-06-20 00:00:00-04:00,327.0199890136719,333.04998779296875,320.5299987792969,331.42999267578125,530000,0.0,0.0
2023-06-21 00:00:00-04:00,330.80999755859375,334.1499938964844,328.0299987792969,330.7099914550781,579100,0.0,0.0
2023-06-22 00:00:00-04:00,331.1000061035156,335.1000061035156,326.4100036621094,334.3999938964844,459900,0.0,0.0
2023-06-23 00:00:00-04:00,329.0299987792969,331.05999755859375,325.0,328.8299865722656,1093600,0.0,0.0
2023-06-26 00:00:00-04:00,328.010009765625,335.739990234375,327.6700134277344,331.4599914550781,389400,0.0,0.0
2023-06-27 00:00:00-04:00,333.2900085449219,341.9200134277344,328.989990234375,340.69000244140625,495600,0.0,0.0
2023-06-28 00:00:00-04:00,341.29998779296875,348.8599853515625,340.19000244140625,345.07000732421875,490500,0.0,0.0
2023-06-29 00:00:00-04:00,345.0,349.6700134277344,337.760009765625,341.7900085449219,553000,0.0,0.0
2023-06-30 00:00:00-04:00,344.7300109863281,356.239990234375,344.29998779296875,353.6400146484375,911100,0.0,0.0
2023-07-03 00:00:00-04:00,350.70001220703125,351.3800048828125,340.0,344.5899963378906,475500,0.0,0.0
2023-07-05 00:00:00-04:00,339.7300109863281,339.7300109863281,327.19000244140625,336.82000732421875,789900,0.0,0.0
2023-07-06 00:00:00-04:00,330.0799865722656,331.760009765625,323.5299987792969,330.9200134277344,652600,0.0,0.0
2023-07-07 00:00:00-04:00,331.1099853515625,335.6099853515625,328.7099914550781,329.5400085449219,583700,0.0,0.0
2023-07-10 00:00:00-04:00,330.8900146484375,343.82000732421875,330.8900146484375,343.70001220703125,558600,0.0,0.0
2023-07-11 00:00:00-04:00,343.8999938964844,351.0799865722656,343.7099914550781,350.1000061035156,449400,0.0,0.0
2023-07-12 00:00:00-04:00,355.30999755859375,358.8500061035156,349.0199890136719,357.6000061035156,709200,0.0,0.0
2023-07-13 00:00:00-04:00,358.9800109863281,368.05999755859375,357.55999755859375,367.55999755859375,589400,0.0,0.0
2023-07-14 00:00:00-04:00,367.510009765625,371.3900146484375,366.1499938964844,366.8800048828125,591300,0.0,0.0
2023-07-17 00:00:00-04:00,362.5299987792969,371.989990234375,360.3900146484375,370.3599853515625,511900,0.0,0.0
2023-07-18 00:00:00-04:00,359.0,361.0299987792969,353.6199951171875,360.6199951171875,883200,0.0,0.0
2023-07-19 00:00:00-04:00,355.0,355.1099853515625,340.3299865722656,342.5799865722656,1272600,0.0,0.0
2023-07-20 00:00:00-04:00,340.760009765625,340.760009765625,330.739990234375,330.989990234375,1237900,0.0,0.0
2023-07-21 00:00:00-04:00,332.8299865722656,340.0299987792969,331.54998779296875,337.3699951171875,1568900,0.0,0.0
2023-07-24 00:00:00-04:00,337.25,338.3699951171875,332.989990234375,337.010009765625,976300,0.0,0.0
2023-07-25 00:00:00-04:00,335.510009765625,337.19000244140625,324.8900146484375,332.1400146484375,1355600,0.0,0.0
2023-07-26 00:00:00-04:00,329.5899963378906,340.4800109863281,328.05999755859375,339.8500061035156,1096900,0.0,0.0
2023-07-27 00:00:00-04:00,403.8299865722656,413.20001220703125,379.5199890136719,385.30999755859375,3474500,0.0,0.0
2023-07-28 00:00:00-04:00,396.3699951171875,397.0,378.2200012207031,381.8999938964844,1151400,0.0,0.0
2023-07-31 00:00:00-04:00,384.8999938964844,384.8999938964844,376.010009765625,377.8900146484375,642700,0.0,0.0
2023-08-01 00:00:00-04:00,374.67999267578125,379.7300109863281,372.6099853515625,376.6199951171875,608200,0.0,0.0
2023-08-02 00:00:00-04:00,372.0,372.6499938964844,363.29998779296875,367.3999938964844,575700,0.0,0.0
2023-08-03 00:00:00-04:00,363.2200012207031,367.3999938964844,362.19000244140625,366.239990234375,412500,0.0,0.0
2023-08-04 00:00:00-04:00,366.989990234375,369.7099914550781,359.7200012207031,361.44000244140625,613500,0.0,0.0
2023-08-07 00:00:00-04:00,361.8599853515625,364.6099853515625,358.29998779296875,361.25,547900,0.0,0.0
2023-08-08 00:00:00-04:00,357.57000732421875,359.1300048828125,353.5299987792969,357.75,536400,0.0,0.0
2023-08-09 00:00:00-04:00,358.7300109863281,359.8800048828125,352.6700134277344,352.79998779296875,422400,0.0,0.0
2023-08-10 00:00:00-04:00,354.3500061035156,357.1400146484375,345.8800048828125,347.2300109863281,387500,0.0,0.0
2023-08-11 00:00:00-04:00,343.8999938964844,354.55999755859375,342.20001220703125,352.8800048828125,517100,0.0,0.0
2023-08-14 00:00:00-04:00,351.3299865722656,360.6700134277344,349.6499938964844,360.489990234375,431900,0.0,0.0
2023-08-15 00:00:00-04:00,359.8399963378906,364.70001220703125,356.2099914550781,361.04998779296875,487800,0.0,0.0
2023-08-16 00:00:00-04:00,359.57000732421875,361.57000732421875,357.7300109863281,358.5400085449219,526000,0.0,0.0
2023-08-17 00:00:00-04:00,360.6099853515625,360.6099853515625,348.0199890136719,349.17999267578125,639900,0.0,0.0
2023-08-18 00:00:00-04:00,345.489990234375,352.42999267578125,344.25,350.3599853515625,503800,0.0,0.0
2023-08-21 00:00:00-04:00,351.0,351.94000244140625,342.2799987792969,342.5899963378906,590600,0.0,0.0
2023-08-22 00:00:00-04:00,342.5199890136719,353.5,342.0,351.6300048828125,534900,0.0,0.0
2023-08-23 00:00:00-04:00,353.54998779296875,362.8699951171875,353.54998779296875,359.4800109863281,505600,0.0,0.0
2023-08-24 00:00:00-04:00,366.7200012207031,369.5,350.5299987792969,350.7099914550781,613700,0.0,0.0
2023-08-25 00:00:00-04:00,351.0,357.0199890136719,348.44000244140625,356.3500061035156,421900,0.0,0.0
2023-08-28 00:00:00-04:00,360.489990234375,360.7300109863281,356.45001220703125,358.6600036621094,274400,0.0,0.0
2023-08-29 00:00:00-04:00,358.1499938964844,368.0,356.9100036621094,367.6199951171875,412900,0.0,0.0
2023-08-30 00:00:00-04:00,371.1099853515625,374.8699951171875,369.6099853515625,370.8599853515625,579100,0.0,0.0
2023-08-31 00:00:00-04:00,372.5,374.4599914550781,369.7099914550781,370.1400146484375,578000,0.0,0.0
2023-09-01 00:00:00-04:00,375.1400146484375,375.67999267578125,369.010009765625,374.8999938964844,374400,0.0,0.0
2023-09-05 00:00:00-04:00,374.8999938964844,374.8999938964844,367.0,368.6300048828125,529800,0.0,0.0
2023-09-06 00:00:00-04:00,367.8599853515625,370.4100036621094,365.25,369.70001220703125,618500,0.0,0.0
2023-09-07 00:00:00-04:00,367.7099914550781,367.7099914550781,339.7699890136719,340.92999267578125,1539500,0.0,0.0
2023-09-08 00:00:00-04:00,339.6099853515625,342.0,330.3599853515625,332.260009765625,702900,0.0,0.0
2023-09-11 00:00:00-04:00,335.0,336.1099853515625,331.0,335.17999267578125,491400,0.0,0.0
2023-09-12 00:00:00-04:00,330.9700012207031,334.239990234375,321.6600036621094,322.2900085449219,500200,0.0,0.0
2023-09-13 00:00:00-04:00,320.7900085449219,324.5400085449219,316.32000732421875,322.4100036621094,492300,0.0,0.0
2023-09-14 00:00:00-04:00,329.3800048828125,334.42999267578125,325.07000732421875,332.8399963378906,573700,0.0,0.0
2023-09-15 00:00:00-04:00,332.4200134277344,335.7300109863281,326.489990234375,332.0899963378906,848700,0.0,0.0
2023-09-18 00:00:00-04:00,331.1300048828125,332.489990234375,325.0799865722656,325.32000732421875,484700,0.0,0.0
2023-09-19 00:00:00-04:00,324.29998779296875,326.07000732421875,316.67999267578125,318.0,558900,0.0,0.0
2023-09-20 00:00:00-04:00,318.2099914550781,319.0,309.44000244140625,309.5,606700,0.0,0.0
2023-09-21 00:00:00-04:00,305.70001220703125,305.70001220703125,298.8699951171875,300.2799987792969,847900,0.0,0.0
2023-09-22 00:00:00-04:00,301.7099914550781,303.9599914550781,297.0899963378906,298.55999755859375,613600,0.0,0.0
2023-09-25 00:00:00-04:00,298.0799865722656,298.54998779296875,293.4200134277344,298.0199890136719,656000,0.0,0.0
2023-09-26 00:00:00-04:00,296.30999755859375,300.989990234375,295.3299865722656,299.010009765625,608300,0.0,0.0
2023-09-27 00:00:00-04:00,300.0,303.92999267578125,297.1199951171875,301.67999267578125,744200,0.0,0.0
2023-09-28 00:00:00-04:00,300.9100036621094,310.75,300.9100036621094,307.510009765625,529800,0.0,0.0
2023-09-29 00:00:00-04:00,309.3699951171875,311.7900085449219,303.57000732421875,305.32000732421875,463800,0.0,0.0
2023-10-02 00:00:00-04:00,302.9700012207031,305.3599853515625,296.0299987792969,299.760009765625,566000,0.0,0.0
2023-10-03 00:00:00-04:00,296.04998779296875,301.7699890136719,288.4100036621094,290.6099853515625,584500,0.0,0.0
2023-10-04 00:00:00-04:00,292.0299987792969,292.44000244140625,286.4700012207031,291.70001220703125,783700,0.0,0.0
2023-10-05 00:00:00-04:00,291.70001220703125,292.0,276.489990234375,280.17999267578125,1015200,0.0,0.0
2023-10-06 00:00:00-04:00,276.2799987792969,287.67999267578125,275.3699951171875,284.6400146484375,702300,0.0,0.0
2023-10-09 00:00:00-04:00,280.80999755859375,284.7699890136719,277.0,283.94000244140625,438900,0.0,0.0
2023-10-10 00:00:00-04:00,285.0299987792969,291.69000244140625,282.4800109863281,286.510009765625,476200,0.0,0.0
2023-10-11 00:00:00-04:00,285.0400085449219,286.94000244140625,276.0899963378906,277.5199890136719,914400,0.0,0.0
2023-10-12 00:00:00-04:00,278.0,278.20001220703125,265.6199951171875,268.0,902700,0.0,0.0
2023-10-13 00:00:00-04:00,268.0,270.7300109863281,263.55999755859375,265.989990234375,764400,0.0,0.0
2023-10-16 00:00:00-04:00,269.9700012207031,275.3900146484375,264.6400146484375,272.3599853515625,784100,0.0,0.0
2023-10-17 00:00:00-04:00,270.92999267578125,278.3800048828125,270.92999267578125,276.760009765625,521800,0.0,0.0
2023-10-18 00:00:00-04:00,272.42999267578125,274.7300109863281,269.0899963378906,272.3999938964844,694300,0.0,0.0
2023-10-19 00:00:00-04:00,271.57000732421875,275.2900085449219,268.9599914550781,270.2900085449219,457800,0.0,0.0
2023-10-20 00:00:00-04:00,271.2699890136719,272.8999938964844,266.6700134277344,269.8800048828125,495300,0.0,0.0
2023-10-23 00:00:00-04:00,266.67999267578125,269.6199951171875,265.25,265.7200012207031,736900,0.0,0.0
2023-10-24 00:00:00-04:00,264.6400146484375,267.92999267578125,262.75,265.4599914550781,1128700,0.0,0.0
2023-10-25 00:00:00-04:00,263.0,264.45001220703125,252.3300018310547,253.69000244140625,2006900,0.0,0.0
2023-10-26 00:00:00-04:00,196.89999389648438,201.05999755859375,187.2100067138672,190.55999755859375,5187000,0.0,0.0
2023-10-27 00:00:00-04:00,192.50999450683594,197.47000122070312,185.5500030517578,190.94000244140625,2731900,0.0,0.0
2023-10-30 00:00:00-04:00,192.66000366210938,194.1199951171875,176.33999633789062,186.74000549316406,2888500,0.0,0.0
2023-10-31 00:00:00-04:00,188.08999633789062,189.5399932861328,183.5,184.58999633789062,1210800,0.0,0.0
2023-11-01 00:00:00-04:00,183.74000549316406,184.05999755859375,178.52000427246094,183.2100067138672,1572700,0.0,0.0
2023-11-02 00:00:00-04:00,188.9499969482422,193.50999450683594,184.88999938964844,192.32000732421875,1972000,0.0,0.0
2023-11-03 00:00:00-04:00,194.60000610351562,202.97000122070312,194.60000610351562,197.44000244140625,2162100,0.0,0.0
2023-11-06 00:00:00-05:00,202.0,202.63999938964844,197.10000610351562,197.77000427246094,1563300,0.0,0.0
2023-11-07 00:00:00-05:00,198.07000732421875,199.64999389648438,196.02000427246094,197.52000427246094,1221000,0.0,0.0
2023-11-08 00:00:00-05:00,197.6699981689453,197.6699981689453,192.0399932861328,193.6199951171875,1186100,0.0,0.0
2023-11-09 00:00:00-05:00,194.97000122070312,194.97000122070312,186.1199951171875,187.33999633789062,1123800,0.0,0.0
2023-11-10 00:00:00-05:00,189.80999755859375,192.69000244140625,186.00999450683594,192.1300048828125,1454600,0.0,0.0
2023-11-13 00:00:00-05:00,191.1999969482422,193.4600067138672,190.75,191.22000122070312,976000,0.0,0.0
2023-11-14 00:00:00-05:00,199.7899932861328,205.6999969482422,198.83999633789062,202.72000122070312,1600200,0.0,0.0
2023-11-15 00:00:00-05:00,203.5,212.9600067138672,203.5,205.05999755859375,1299600,0.0,0.0
2023-11-16 00:00:00-05:00,209.61000061035156,212.97999572753906,202.60000610351562,203.1199951171875,1269200,0.0,0.0
2023-11-17 00:00:00-05:00,204.50999450683594,208.1300048828125,203.0,206.63999938964844,1068900,0.0,0.0
2023-11-20 00:00:00-05:00,206.10000610351562,216.02999877929688,206.10000610351562,215.24000549316406,1292900,0.0,0.0
2023-11-21 00:00:00-05:00,215.5500030517578,216.0800018310547,213.0800018310547,215.3000030517578,1035200,0.0,0.0
2023-11-22 00:00:00-05:00,217.3699951171875,221.1699981689453,216.75,217.2899932861328,732900,0.0,0.0
2023-11-24 00:00:00-05:00,218.11000061035156,220.9499969482422,217.7899932861328,219.47999572753906,487300,0.0,0.0
2023-11-27 00:00:00-05:00,217.72999572753906,218.4600067138672,215.74000549316406,216.75,809700,0.0,0.0
2023-11-28 00:00:00-05:00,216.75,216.75,212.55999755859375,214.13999938964844,700400,0.0,0.0
2023-11-29 00:00:00-05:00,217.0,221.64999389648438,215.94000244140625,216.47999572753906,1124700,0.0,0.0
2023-11-30 00:00:00-05:00,216.72999572753906,217.85000610351562,211.6300048828125,213.8000030517578,1218200,0.0,0.0
2023-12-01 00:00:00-05:00,213.3000030517578,225.19000244140625,212.41000366210938,220.4499969482422,1390300,0.0,0.0
2023-12-04 00:00:00-05:00,218.0,220.8000030517578,214.92999267578125,219.60000610351562,869800,0.0,0.0
2023-12-05 00:00:00-05:00,217.1699981689453,217.97999572753906,211.8000030517578,215.35000610351562,910800,0.0,0.0
2023-12-06 00:00:00-05:00,218.25,219.0,215.32000732421875,216.8699951171875,749000,0.0,0.0
2023-12-07 00:00:00-05:00,216.82000732421875,218.49000549316406,214.11000061035156,216.61000061035156,728000,0.0,0.0
2023-12-08 00:00:00-05:00,215.86000061035156,222.0500030517578,214.89999389648438,221.22999572753906,1341300,0.0,0.0
2023-12-11 00:00:00-05:00,215.0,221.6699981689453,214.8000030517578,218.67999267578125,1051800,0.0,0.0
2023-12-12 00:00:00-05:00,219.36000061035156,219.49000549316406,212.8699951171875,217.47000122070312,1242300,0.0,0.0
2023-12-13 00:00:00-05:00,218.14999389648438,231.5399932861328,217.32000732421875,231.36000061035156,1127000,0.0,0.0
2023-12-14 00:00:00-05:00,245.0,264.5799865722656,245.0,257.0199890136719,3289000,0.0,0.0
2023-12-15 00:00:00-05:00,257.2799987792969,262.6199951171875,251.57000732421875,255.00999450683594,6477700,0.0,0.0
2023-12-18 00:00:00-05:00,254.52000427246094,267.2200012207031,253.60000610351562,261.69000244140625,1376500,0.0,0.0
2023-12-19 00:00:00-05:00,262.7200012207031,270.30999755859375,262.6600036621094,268.30999755859375,1050200,0.0,0.0
2023-12-20 00:00:00-05:00,266.17999267578125,271.0799865722656,261.7799987792969,262.0799865722656,880700,0.0,0.0
2023-12-21 00:00:00-05:00,267.19000244140625,274.8399963378906,267.010009765625,274.1000061035156,859100,0.0,0.0
2023-12-22 00:00:00-05:00,275.3999938964844,276.0899963378906,269.1499938964844,271.8699951171875,895200,0.0,0.0
2023-12-26 00:00:00-05:00,272.4599914550781,276.510009765625,269.3399963378906,274.19000244140625,522800,0.0,0.0
2023-12-27 00:00:00-05:00,274.19000244140625,276.2200012207031,272.7200012207031,275.2799987792969,445400,0.0,0.0
2023-12-28 00:00:00-05:00,274.6300048828125,279.0,274.1400146484375,276.6700134277344,390200,0.0,0.0
2023-12-29 00:00:00-05:00,275.1300048828125,278.0,272.989990234375,274.0,614100,0.0,0.0
2024-01-02 00:00:00-05:00,271.0,272.8599853515625,266.07000732421875,268.9200134277344,761800,0.0,0.0
2024-01-03 00:00:00-05:00,263.5899963378906,263.7200012207031,250.27999877929688,256.2200012207031,1354200,0.0,0.0
2024-01-04 00:00:00-05:00,255.0,263.19000244140625,253.1999969482422,261.3599853515625,909600,0.0,0.0
2024-01-05 00:00:00-05:00,259.0,269.75,259.0,264.67999267578125,846800,0.0,0.0
2024-01-08 00:00:00-05:00,264.80999755859375,275.0,263.7799987792969,273.94000244140625,704100,0.0,0.0
2024-01-09 00:00:00-05:00,269.3399963378906,281.94000244140625,268.67999267578125,277.5199890136719,694400,0.0,0.0
2024-01-10 00:00:00-05:00,277.0,279.94000244140625,271.2200012207031,276.7900085449219,718500,0.0,0.0
2024-01-11 00:00:00-05:00,276.8900146484375,280.2200012207031,273.8500061035156,276.3599853515625,675400,0.0,0.0
2024-01-12 00:00:00-05:00,276.3599853515625,279.1499938964844,270.1300048828125,271.6400146484375,440400,0.0,0.0
2024-01-16 00:00:00-05:00,268.5,268.9200134277344,264.5799865722656,267.4599914550781,467900,0.0,0.0
2024-01-17 00:00:00-05:00,261.0,264.7900085449219,256.80999755859375,259.55999755859375,989200,0.0,0.0
2024-01-18 00:00:00-05:00,264.0899963378906,264.67999267578125,259.2200012207031,264.510009765625,614500,0.0,0.0
2024-01-19 00:00:00-05:00,264.20001220703125,267.2099914550781,260.45001220703125,266.3399963378906,643600,0.0,0.0
2024-01-22 00:00:00-05:00,269.0,273.3800048828125,266.04998779296875,271.6099853515625,534400,0.0,0.0
2024-01-23 00:00:00-05:00,274.1000061035156,274.1000061035156,264.260009765625,266.42999267578125,552800,0.0,0.0
2024-01-24 00:00:00-05:00,269.0,269.0,257.04998779296875,257.07000732421875,957200,0.0,0.0
2024-01-25 00:00:00-05:00,261.3399963378906,262.57000732421875,254.27999877929688,262.1099853515625,894100,0.0,0.0
2024-01-26 00:00:00-05:00,264.54998779296875,269.8500061035156,262.6000061035156,264.2799987792969,894500,0.0,0.0
2024-01-29 00:00:00-05:00,263.1400146484375,274.79998779296875,263.1400146484375,270.3900146484375,1166100,0.0,0.0
2024-01-30 00:00:00-05:00,267.7799987792969,271.0,264.04998779296875,264.739990234375,1113300,0.0,0.0
2024-01-31 00:00:00-05:00,264.54998779296875,274.0,262.0,267.32000732421875,1521000,0.0,0.0
2024-02-01 00:00:00-05:00,303.0,308.0,266.29998779296875,273.3800048828125,4920700,0.0,0.0
2024-02-02 00:00:00-05:00,270.0,277.2900085449219,263.8500061035156,273.8999938964844,1259000,0.0,0.0
2024-02-05 00:00:00-05:00,272.05999755859375,276.4200134277344,267.92999267578125,275.5799865722656,675500,0.0,0.0
2024-02-06 00:00:00-05:00,276.5,293.9200134277344,276.0199890136719,288.44000244140625,1440900,0.0,0.0
2024-02-07 00:00:00-05:00,288.17999267578125,291.0400085449219,282.5899963378906,284.7300109863281,835300,0.0,0.0
2024-02-08 00:00:00-05:00,285.3699951171875,296.6000061035156,283.6700134277344,295.0,1150600,0.0,0.0
2024-02-09 00:00:00-05:00,292.8299865722656,298.5400085449219,291.05999755859375,296.3699951171875,855600,0.0,0.0
2024-02-12 00:00:00-05:00,294.7099914550781,303.8800048828125,294.7099914550781,302.44000244140625,827500,0.0,0.0
2024-02-13 00:00:00-05:00,290.9700012207031,296.1700134277344,288.3299865722656,292.32000732421875,867300,0.0,0.0
2024-02-14 00:00:00-05:00,295.3299865722656,303.1300048828125,293.29998779296875,302.75,757100,0.0,0.0
2024-02-15 00:00:00-05:00,307.3599853515625,312.4800109863281,305.42999267578125,309.7699890136719,711600,0.0,0.0
2024-02-16 00:00:00-05:00,307.19000244140625,314.32000732421875,305.0799865722656,308.7699890136719,764300,0.0,0.0
2024-02-20 00:00:00-05:00,304.3299865722656,314.70001220703125,303.010009765625,313.5299987792969,1031800,0.0,0.0
2024-02-21 00:00:00-05:00,307.80999755859375,309.1099853515625,300.0799865722656,304.6499938964844,920700,0.0,0.0
2024-02-22 00:00:00-05:00,305.44000244140625,317.25,303.5799865722656,316.55999755859375,732300,0.0,0.0
2024-02-23 00:00:00-05:00,315.3500061035156,321.8299865722656,314.05999755859375,316.8800048828125,579900,0.0,0.0
2024-02-26 00:00:00-05:00,312.8999938964844,316.8999938964844,310.739990234375,310.8399963378906,489100,0.0,0.0
2024-02-27 00:00:00-05:00,311.7900085449219,313.7099914550781,308.1400146484375,313.05999755859375,487700,0.0,0.0
2024-02-28 00:00:00-05:00,308.8699951171875,309.3999938964844,302.05999755859375,302.3900146484375,558800,0.0,0.0
2024-02-29 00:00:00-05:00,303.1000061035156,306.79998779296875,301.6499938964844,302.4200134277344,576700,0.0,0.0
2024-03-01 00:00:00-05:00,301.3599853515625,304.6300048828125,297.239990234375,300.010009765625,645100,0.0,0.0
2024-03-04 00:00:00-05:00,301.5299987792969,310.3699951171875,299.4100036621094,308.0400085449219,614800,0.0,0.0
2024-03-05 00:00:00-05:00,303.7799987792969,305.0199890136719,296.1400146484375,299.489990234375,572300,0.0,0.0
2024-03-06 00:00:00-05:00,304.989990234375,306.5,302.489990234375,303.7900085449219,370200,0.0,0.0
2024-03-07 00:00:00-05:00,308.1700134277344,312.7699890136719,306.55999755859375,310.79998779296875,512500,0.0,0.0
2024-03-08 00:00:00-05:00,312.9599914550781,318.6400146484375,310.5199890136719,312.489990234375,411600,0.0,0.0
2024-03-11 00:00:00-04:00,310.239990234375,314.82000732421875,305.94000244140625,308.0899963378906,427400,0.0,0.0
2024-03-12 00:00:00-04:00,309.6199951171875,312.42999267578125,305.739990234375,310.67999267578125,310100,0.0,0.0
2024-03-13 00:00:00-04:00,315.0,325.8999938964844,315.0,320.69000244140625,694700,0.0,0.0
2024-03-14 00:00:00-04:00,322.260009765625,322.6499938964844,312.67999267578125,316.9200134277344,642500,0.0,0.0
2024-03-15 00:00:00-04:00,312.4599914550781,319.7699890136719,312.4599914550781,314.3500061035156,744800,0.0,0.0
2024-03-18 00:00:00-04:00,318.55999755859375,320.0899963378906,315.3999938964844,316.1400146484375,484200,0.0,0.0
2024-03-19 00:00:00-04:00,314.4800109863281,319.67999267578125,312.6099853515625,317.20001220703125,397500,0.0,0.0
2024-03-20 00:00:00-04:00,317.9800109863281,329.4100036621094,317.8800048828125,329.1400146484375,596100,0.0,0.0
2024-03-21 00:00:00-04:00,331.010009765625,335.3999938964844,321.0299987792969,321.2699890136719,454800,0.0,0.0
2024-03-22 00:00:00-04:00,320.07000732421875,324.0400085449219,315.0,319.4200134277344,456900,0.0,0.0
2024-03-25 00:00:00-04:00,318.1700134277344,323.2099914550781,316.19000244140625,319.2799987792969,380700,0.0,0.0
2024-03-26 00:00:00-04:00,322.3900146484375,323.45001220703125,317.1300048828125,319.94000244140625,414400,0.0,0.0
2024-03-27 00:00:00-04:00,325.1000061035156,328.20001220703125,324.2699890136719,327.8999938964844,404600,0.0,0.0
2024-03-28 00:00:00-04:00,329.3800048828125,329.989990234375,326.07000732421875,327.9200134277344,367300,0.0,0.0
2024-04-01 00:00:00-04:00,327.010009765625,328.0899963378906,313.05999755859375,319.6499938964844,562800,0.0,0.0
2024-04-02 00:00:00-04:00,312.4100036621094,312.510009765625,300.7799987792969,312.07000732421875,828900,0.0,0.0
2024-04-03 00:00:00-04:00,309.19000244140625,314.44000244140625,309.1499938964844,310.1099853515625,527000,0.0,0.0
2024-04-04 00:00:00-04:00,310.3800048828125,319.45001220703125,308.19000244140625,314.95001220703125,649400,0.0,0.0
2024-04-05 00:00:00-04:00,311.95001220703125,322.30999755859375,311.95001220703125,317.5799865722656,595300,0.0,0.0
2024-04-08 00:00:00-04:00,318.9100036621094,321.9700012207031,316.3500061035156,320.05999755859375,644100,0.0,0.0
2024-04-09 00:00:00-04:00,322.5199890136719,330.9200134277344,322.2099914550781,330.25,600100,0.0,0.0
2024-04-10 00:00:00-04:00,322.55999755859375,328.7699890136719,320.4800109863281,327.82000732421875,776300,0.0,0.0
2024-04-11 00:00:00-04:00,328.3599853515625,331.6400146484375,319.54998779296875,324.8999938964844,515600,0.0,0.0
2024-04-12 00:00:00-04:00,319.8900146484375,323.9700012207031,311.3999938964844,314.9700012207031,631600,0.0,0.0
2024-04-15 00:00:00-04:00,319.6199951171875,319.80999755859375,302.95001220703125,304.739990234375,549900,0.0,0.0
2024-04-16 00:00:00-04:00,302.2799987792969,308.9100036621094,297.6400146484375,305.1000061035156,502700,0.0,0.0
2024-04-17 00:00:00-04:00,307.5199890136719,307.5199890136719,296.8999938964844,300.1400146484375,574900,0.0,0.0
2024-04-18 00:00:00-04:00,304.29998779296875,308.0,298.2300109863281,301.3399963378906,417000,0.0,0.0
2024-04-19 00:00:00-04:00,302.989990234375,304.75,296.5,298.9800109863281,520300,0.0,0.0
2024-04-22 00:00:00-04:00,300.8699951171875,303.6499938964844,297.1700134277344,300.82000732421875,446800,0.0,0.0
2024-04-23 00:00:00-04:00,302.54998779296875,312.42999267578125,299.9599914550781,311.8800048828125,621300,0.0,0.0
2024-04-24 00:00:00-04:00,310.6499938964844,315.7699890136719,306.30999755859375,313.7799987792969,1106100,0.0,0.0
2024-04-25 00:00:00-04:00,325.0,327.489990234375,297.2799987792969,310.5,1654500,0.0,0.0
2024-04-26 00:00:00-04:00,311.20001220703125,324.3900146484375,307.8999938964844,309.0199890136719,737300,0.0,0.0
2024-04-29 00:00:00-04:00,308.45001220703125,313.2900085449219,303.4599914550781,304.82000732421875,515100,0.0,0.0
2024-04-30 00:00:00-04:00,300.0,300.0,282.010009765625,282.3800048828125,1218500,0.0,0.0
2024-05-01 00:00:00-04:00,282.0299987792969,291.8800048828125,277.8299865722656,284.5199890136719,764000,0.0,0.0
2024-05-02 00:00:00-04:00,287.8399963378906,288.79998779296875,280.989990234375,286.5400085449219,605000,0.0,0.0
2024-05-03 00:00:00-04:00,291.8999938964844,295.69000244140625,287.0199890136719,287.8699951171875,353600,0.0,0.0
2024-05-06 00:00:00-04:00,290.95001220703125,291.4599914550781,285.6199951171875,287.3699951171875,362400,0.0,0.0
2024-05-07 00:00:00-04:00,288.2699890136719,291.79998779296875,285.54998779296875,286.5199890136719,423000,0.0,0.0
2024-05-08 00:00:00-04:00,281.7900085449219,281.7900085449219,263.989990234375,273.6499938964844,1226900,0.0,0.0
2024-05-09 00:00:00-04:00,274.4100036621094,280.6199951171875,272.5299987792969,280.3900146484375,572900,0.0,0.0
2024-05-10 00:00:00-04:00,280.7099914550781,282.7300109863281,266.5,271.70001220703125,731100,0.0,0.0
2024-05-13 00:00:00-04:00,273.2300109863281,276.739990234375,270.8599853515625,272.739990234375,465400,0.0,0.0
2024-05-14 00:00:00-04:00,274.6300048828125,281.3999938964844,273.6199951171875,278.0799865722656,455000,0.0,0.0
2024-05-15 00:00:00-04:00,282.0,282.0,275.55999755859375,280.32000732421875,537500,0.0,0.0
2024-05-16 00:00:00-04:00,279.8800048828125,283.0,273.3699951171875,273.55999755859375,534900,0.0,0.0
2024-05-17 00:00:00-04:00,274.0,274.70001220703125,268.3500061035156,271.5,591200,0.0,0.0
2024-05-20 00:00:00-04:00,269.739990234375,272.1700134277344,266.5199890136719,267.44000244140625,822200,0.0,0.0
2024-05-21 00:00:00-04:00,265.45001220703125,267.239990234375,262.0199890136719,264.0199890136719,502700,0.0,0.0
2024-05-22 00:00:00-04:00,264.010009765625,264.67999267578125,260.2200012207031,261.1199951171875,461000,0.0,0.0
2024-05-23 00:00:00-04:00,261.5299987792969,262.19000244140625,249.72999572753906,252.38999938964844,910600,0.0,0.0
2024-05-24 00:00:00-04:00,253.30999755859375,257.9700012207031,252.38999938964844,255.6199951171875,839400,0.0,0.0
2024-05-28 00:00:00-04:00,255.6199951171875,257.07000732421875,251.72000122070312,253.77000427246094,723900,0.0,0.0
2024-05-29 00:00:00-04:00,250.0,254.4199981689453,250.0,252.75999450683594,763200,0.0,0.0
2024-05-30 00:00:00-04:00,253.6999969482422,260.2200012207031,251.9499969482422,256.5,1282100,0.0,0.0
2024-05-31 00:00:00-04:00,257.3599853515625,258.32000732421875,252.89999389648438,257.2099914550781,1024000,0.0,0.0
2024-06-03 00:00:00-04:00,257.2099914550781,259.5299987792969,253.8800048828125,254.52999877929688,798800,0.0,0.0
2024-06-04 00:00:00-04:00,253.25999450683594,254.47999572753906,246.33999633789062,248.91000366210938,893900,0.0,0.0
2024-06-05 00:00:00-04:00,250.82000732421875,257.2900085449219,248.13999938964844,256.010009765625,985800,0.0,0.0
2024-06-06 00:00:00-04:00,253.8000030517578,259.6099853515625,253.8000030517578,257.4599914550781,1110400,0.0,0.0
2024-06-07 00:00:00-04:00,253.61000061035156,260.0,252.58999633789062,255.5399932861328,785700,0.0,0.0
2024-06-10 00:00:00-04:00,252.63999938964844,257.010009765625,252.33999633789062,255.6999969482422,857100,0.0,0.0
2024-06-11 00:00:00-04:00,254.3000030517578,255.6999969482422,252.3699951171875,253.27999877929688,596400,0.0,0.0
2024-06-12 00:00:00-04:00,259.6099853515625,267.69000244140625,258.5400085449219,266.1300048828125,1032300,0.0,0.0
2024-06-13 00:00:00-04:00,264.1600036621094,271.5899963378906,264.1600036621094,271.2799987792969,922600,0.0,0.0
2024-06-14 00:00:00-04:00,269.3399963378906,270.2799987792969,252.11000061035156,256.010009765625,1078500,0.0,0.0
2024-06-17 00:00:00-04:00,251.4199981689453,253.6199951171875,244.60000610351562,245.52000427246094,1046000,0.0,0.0
2024-06-18 00:00:00-04:00,246.22999572753906,247.36000061035156,241.88999938964844,242.1999969482422,885300,0.0,0.0
2024-06-20 00:00:00-04:00,239.44000244140625,244.92999267578125,237.74000549316406,242.61000061035156,951100,0.0,0.0
2024-06-21 00:00:00-04:00,243.38999938964844,244.5500030517578,240.47000122070312,242.19000244140625,1207400,0.0,0.0
2024-06-24 00:00:00-04:00,241.4499969482422,244.4199981689453,236.27999877929688,237.0800018310547,825000,0.0,0.0
2024-06-25 00:00:00-04:00,237.49000549316406,238.4199981689453,233.4199981689453,235.22999572753906,729300,0.0,0.0
2024-06-26 00:00:00-04:00,234.0,244.86000061035156,232.8000030517578,243.61000061035156,1224100,0.0,0.0
2024-06-27 00:00:00-04:00,242.77000427246094,244.7899932861328,239.0,243.0,680400,0.0,0.0
2024-06-28 00:00:00-04:00,243.92999267578125,243.92999267578125,240.1699981689453,241.42999267578125,1345900,0.0,0.0
2024-07-01 00:00:00-04:00,241.64999389648438,247.35000610351562,238.52000427246094,238.63999938964844,548300,0.0,0.0
2024-07-02 00:00:00-04:00,238.57000732421875,241.77000427246094,236.39999389648438,239.74000549316406,460800,0.0,0.0
2024-07-03 00:00:00-04:00,240.00999450683594,243.52999877929688,237.0800018310547,243.3699951171875,368200,0.0,0.0
2024-07-05 00:00:00-04:00,242.85000610351562,244.80999755859375,240.75999450683594,243.60000610351562,356700,0.0,0.0
2024-07-08 00:00:00-04:00,244.38999938964844,249.4600067138672,244.0,248.94000244140625,622500,0.0,0.0
2024-07-09 00:00:00-04:00,247.0500030517578,249.32000732421875,245.74000549316406,247.47999572753906,654000,0.0,0.0
2024-07-10 00:00:00-04:00,248.44000244140625,249.3000030517578,243.24000549316406,249.1300048828125,755200,0.0,0.0
2024-07-11 00:00:00-04:00,254.24000549316406,259.239990234375,250.5,256.29998779296875,960100,0.0,0.0
2024-07-12 00:00:00-04:00,251.8699951171875,254.94000244140625,242.1699981689453,242.64999389648438,1030800,0.0,0.0
2024-07-15 00:00:00-04:00,243.0,245.6999969482422,239.25,240.27000427246094,628300,0.0,0.0
2024-07-16 00:00:00-04:00,242.91000366210938,247.75999450683594,239.32000732421875,247.5399932861328,693700,0.0,0.0
2024-07-17 00:00:00-04:00,245.61000061035156,253.44000244140625,244.91000366210938,250.5800018310547,759200,0.0,0.0
2024-07-18 00:00:00-04:00,251.88999938964844,263.239990234375,249.27000427246094,250.66000366210938,998300,0.0,0.0
2024-07-19 00:00:00-04:00,253.4600067138672,257.4200134277344,249.97999572753906,251.60000610351562,682000,0.0,0.0
2024-07-22 00:00:00-04:00,252.0,254.16000366210938,244.52999877929688,249.30999755859375,721000,0.0,0.0
2024-07-23 00:00:00-04:00,249.9600067138672,252.47999572753906,247.8699951171875,250.64999389648438,569000,0.0,0.0
2024-07-24 00:00:00-04:00,250.07000732421875,251.6300048828125,244.47000122070312,244.8000030517578,1266600,0.0,0.0
2024-07-25 00:00:00-04:00,228.11000061035156,244.36000061035156,225.89999389648438,226.0500030517578,2100700,0.0,0.0
2024-07-26 00:00:00-04:00,226.38999938964844,226.41000366210938,218.85000610351562,220.4499969482422,1185800,0.0,0.0
