Date,Open,High,Low,Close,Volume,Dividends,Stock Splits
1980-06-02 00:00:00-04:00,0.0,0.6120685774177141,0.607876181602478,0.607876181602478,118800,0.0,0.0
1980-06-03 00:00:00-04:00,0.0,0.6162611246109009,0.6078765971169495,0.6162611246109009,141750,0.0,0.0
1980-06-04 00:00:00-04:00,0.0,0.6162611246109009,0.6120689957979026,0.6162611246109009,102600,0.0,0.0
1980-06-05 00:00:00-04:00,0.0,0.6204532980918884,0.6120688268853889,0.6204532980918884,575100,0.0,0.0
1980-06-06 00:00:00-04:00,0.0,0.6246457350335951,0.6120691299438477,0.6120691299438477,88425,0.0,0.0
1980-06-09 00:00:00-04:00,0.0,0.6204534693182631,0.6120689957979026,0.6162611246109009,151875,0.0,0.0
1980-06-10 00:00:00-04:00,0.0,0.6330304145812988,0.6120693273723927,0.6330304145812988,238275,0.0,0.0
1980-06-11 00:00:00-04:00,0.0,0.6581838130950928,0.62883814627994,0.6581838130950928,154575,0.0,0.0
1980-06-12 00:00:00-04:00,0.0,0.6791452881207329,0.6581839318360801,0.6707608103752136,213300,0.0,0.0
1980-06-13 00:00:00-04:00,0.0,0.6917221548712718,0.6749529297979298,0.6791452765464783,369225,0.0,0.0
1980-06-16 00:00:00-04:00,0.0,0.6833372712135315,0.6707604533424129,0.6833372712135315,509625,0.0,0.0
1980-06-17 00:00:00-04:00,0.0,0.6959142857253511,0.6665683982216848,0.6791452765464783,168750,0.0,0.0
1980-06-18 00:00:00-04:00,0.0,0.6791450910410501,0.6665682161515735,0.6749527454376221,293625,0.0,0.0
1980-06-19 00:00:00-04:00,0.0,0.6749528093463049,0.6623761491604028,0.6665682792663574,53325,0.0,0.0
1980-06-20 00:00:00-04:00,0.0,0.6791452881207329,0.6623762786560762,0.6707608103752136,71550,0.0,0.0
1980-06-23 00:00:00-04:00,0.0,0.6833374366444782,0.6665682161515735,0.6749527454376221,24975,0.0,0.0
1980-06-24 00:00:00-04:00,0.0,0.6749527454376221,0.6623760864425555,0.6749527454376221,147825,0.0,0.0
1980-06-25 00:00:00-04:00,0.0,0.6791451553466901,0.6665682792663574,0.6665682792663574,123525,0.0,0.0
1980-06-26 00:00:00-04:00,0.0,0.6623762851917017,0.6456072755615863,0.6497994065284729,114750,0.0,0.0
1980-06-27 00:00:00-04:00,0.0,0.6581839383303401,0.6456072755615863,0.6497994065284729,109350,0.0,0.0
1980-06-30 00:00:00-04:00,0.0,0.6497989956513219,0.6330299966244831,0.6414145231246948,108000,0.0,0.0
1980-07-01 00:00:00-04:00,0.0,0.6665683555805635,0.6414148704081595,0.6623762249946594,150525,0.0,0.0
1980-07-02 00:00:00-04:00,0.0,0.6581838130950928,0.6497992828885835,0.6581838130950928,43875,0.0,0.0
1980-07-03 00:00:00-04:00,0.0,0.6791452765464783,0.658183920619057,0.6791452765464783,56700,0.0,0.0
1980-07-07 00:00:00-04:00,0.0,0.6917217984697475,0.6749525820365472,0.6833372712135315,111375,0.0,0.0
1980-07-08 00:00:00-04:00,0.0,0.6749529413007369,0.6665684095815994,0.6707608103752136,110700,0.0,0.0
1980-07-09 00:00:00-04:00,0.0,0.687529754149106,0.6707607989438504,0.6791452765464783,33075,0.0,0.0
1980-07-10 00:00:00-04:00,0.0,0.6665682893279935,0.6581838130950928,0.6581838130950928,70200,0.0,0.0
1980-07-11 00:00:00-04:00,0.0,0.6539918073634533,0.6372227977333378,0.6497994065284729,1334475,0.0,0.0
1980-07-14 00:00:00-04:00,0.0,0.6707606792403502,0.6372226668677758,0.6665682792663574,256500,0.0,0.0
1980-07-15 00:00:00-04:00,0.0,0.6707606893652693,0.6539916829258593,0.6581838130950928,366525,0.0,0.0
1980-07-16 00:00:00-04:00,0.0,0.6707608103752136,0.653991800910557,0.6707608103752136,264600,0.0,0.0
1980-07-17 00:00:00-04:00,0.0,0.6707606792403502,0.6623761491604028,0.6665682792663574,91125,0.0,0.0
1980-07-18 00:00:00-04:00,0.0,0.6749527454376221,0.6623760864425555,0.6749527454376221,193725,0.0,0.0
1980-07-21 00:00:00-04:00,0.0,0.6749529413007369,0.6665684095815994,0.6707608103752136,44550,0.0,0.0
1980-07-22 00:00:00-04:00,0.0,0.6749528093463049,0.6623761491604028,0.6665682792663574,284850,0.0,0.0
1980-07-23 00:00:00-04:00,0.0,0.6623762249946594,0.6497993474744228,0.6623762249946594,141750,0.0,0.0
1980-07-24 00:00:00-04:00,0.0,0.6665682893279935,0.6539916829258593,0.6581838130950928,168750,0.0,0.0
1980-07-25 00:00:00-04:00,0.0,0.6707607560345367,0.6581838785143,0.6623762249946594,58725,0.0,0.0
1980-07-28 00:00:00-04:00,0.0,0.66237615915876,0.6539916829258593,0.6581838130950928,58050,0.0,0.0
1980-07-29 00:00:00-04:00,0.0,0.6623762249946594,0.6581838785143,0.6623762249946594,39825,0.0,0.0
1980-07-30 00:00:00-04:00,0.0,0.6707606792403502,0.6623761491604028,0.6665682792663574,452925,0.0,0.0
1980-07-31 00:00:00-04:00,0.0,0.6665682893279935,0.6539916829258593,0.6581838130950928,117450,0.0,0.0
1980-08-01 00:00:00-04:00,0.0,0.6581839383303401,0.6456072755615863,0.6497994065284729,112725,0.0,0.0
1980-08-04 00:00:00-04:00,0.0,0.6623762249946594,0.6497993474744228,0.6623762249946594,80325,0.0,0.0
1980-08-05 00:00:00-04:00,0.0,0.6665682893279935,0.6581838130950928,0.6581838130950928,74925,0.0,0.0
1980-08-06 00:00:00-04:00,0.0,0.6539914011955261,0.6456068746009535,0.6539914011955261,104625,0.0,0.0
1980-08-07 00:00:00-04:00,0.0,0.6539914011955261,0.6414145303432893,0.6539914011955261,139725,0.0,0.0
1980-08-08 00:00:00-04:00,0.0,0.6707606792403502,0.6623761491604028,0.6665682792663574,342900,0.0,0.0
1980-08-11 00:00:00-04:00,0.0,0.6707607560345367,0.6623762249946594,0.6623762249946594,56025,0.0,0.0
1980-08-12 00:00:00-04:00,0.0,0.6665683555805635,0.6581838785143,0.6623762249946594,97200,0.0,0.0
1980-08-13 00:00:00-04:00,0.0,0.6749529413007369,0.6581839318360801,0.6707608103752136,340200,0.0,0.0
1980-08-14 00:00:00-04:00,0.0,0.6665682792663574,0.6623761491604028,0.6665682792663574,72225,0.0,0.0
1980-08-15 00:00:00-04:00,0.0,0.6791452765464783,0.6665683982216848,0.6791452765464783,178875,0.0,0.0
1980-08-18 00:00:00-04:00,0.0,0.6791450910410501,0.6665682161515735,0.6749527454376221,71550,0.0,0.0
1980-08-19 00:00:00-04:00,0.0,0.6749527454376221,0.6623760864425555,0.6749527454376221,68175,0.0,0.0
1980-08-20 00:00:00-04:00,0.0,0.6791451553466901,0.6665682792663574,0.6665682792663574,56700,0.0,0.0
1980-08-21 00:00:00-04:00,0.0,0.6749529413007369,0.6665684095815994,0.6707608103752136,238950,0.0,0.0
1980-08-22 00:00:00-04:00,0.0,0.6749529413007369,0.6623762786560762,0.6707608103752136,122175,0.0,0.0
1980-08-25 00:00:00-04:00,0.0,0.6707606792403502,0.6623761491604028,0.6665682792663574,37800,0.0,0.0
1980-08-26 00:00:00-04:00,0.0,0.6749528866204407,0.6623762249946594,0.6623762249946594,89100,0.0,0.0
1980-08-27 00:00:00-04:00,0.0,0.6707606792403502,0.6623761491604028,0.6665682792663574,87750,0.0,0.0
1980-08-28 00:00:00-04:00,0.0,0.6665682893279935,0.6581838130950928,0.6581838130950928,87750,0.0,0.0
1980-08-29 00:00:00-04:00,0.0,0.6581835911592253,0.6414145903742295,0.6456069350242615,109350,0.0,0.0
1980-09-02 00:00:00-04:00,0.0,0.6539918073634533,0.6456072755615863,0.6497994065284729,43875,0.0,0.0
1980-09-03 00:00:00-04:00,0.0,0.6539914011955261,0.6414145303432893,0.6539914011955261,133650,0.0,0.0
1980-09-04 00:00:00-04:00,0.0,0.6665684161585884,0.6497994065284729,0.6497994065284729,188325,0.0,0.0
1980-09-05 00:00:00-04:00,0.0,0.6539914624035544,0.6414145903742295,0.6456069350242615,136350,0.0,0.0
1980-09-08 00:00:00-04:00,0.0,0.6581839383303401,0.6414149287002245,0.6497994065284729,999000,0.0,0.0
1980-09-09 00:00:00-04:00,0.0,0.6623758738165135,0.6456068746009535,0.6539914011955261,84375,0.0,0.0
1980-09-10 00:00:00-04:00,0.0,0.6665680021798369,0.6539914011955261,0.6539914011955261,107325,0.0,0.0
1980-09-11 00:00:00-04:00,0.0,0.66237615915876,0.6497992828885835,0.6581838130950928,108675,0.0,0.0
1980-09-12 00:00:00-04:00,0.0,0.66237615915876,0.6539916829258593,0.6581838130950928,42525,0.0,0.0
1980-09-15 00:00:00-04:00,0.0,0.6581835295588494,0.6497990029642767,0.6539914011955261,62100,0.0,0.0
1980-09-16 00:00:00-04:00,0.0,0.66237615915876,0.6539916829258593,0.6581838130950928,77625,0.0,0.0
1980-09-17 00:00:00-04:00,0.0,0.6581835295588494,0.6497990029642767,0.6539914011955261,91800,0.0,0.0
1980-09-18 00:00:00-04:00,0.0,0.6623762851917017,0.6497994065284729,0.6497994065284729,230175,0.0,0.0
1980-09-19 00:00:00-04:00,0.0,0.6539913938353893,0.6414145231246948,0.6414145231246948,70200,0.0,0.0
1980-09-22 00:00:00-04:00,0.0,0.6581835295588494,0.6414145303432893,0.6539914011955261,139725,0.0,0.0
1980-09-23 00:00:00-04:00,0.0,0.6581835911592253,0.6456069350242615,0.6456069350242615,152550,0.0,0.0
1980-09-24 00:00:00-04:00,0.0,0.6456068673351776,0.6372223948085505,0.6414145231246948,43200,0.0,0.0
1980-09-25 00:00:00-04:00,0.0,0.6581835295588494,0.6497990029642767,0.6539914011955261,356400,0.0,0.0
1980-09-26 00:00:00-04:00,0.0,0.6581838130950928,0.6539916829258593,0.6581838130950928,122850,0.0,0.0
1980-09-29 00:00:00-04:00,0.0,0.6539912236395627,0.6288377046585083,0.6288377046585083,118800,0.0,0.0
1980-09-30 00:00:00-04:00,0.0,0.6497989956513219,0.6288378683083388,0.6414145231246948,271350,0.0,0.0
1980-10-01 00:00:00-04:00,0.0,0.6456072935958476,0.6330304145812988,0.6330304145812988,222750,0.0,0.0
1980-10-02 00:00:00-04:00,0.0,0.6414149466173777,0.6330304145812988,0.6330304145812988,100575,0.0,0.0
1980-10-03 00:00:00-04:00,0.0,0.6623758738165135,0.637222401979966,0.6539914011955261,276075,0.0,0.0
1980-10-06 00:00:00-04:00,0.0,0.6539918256319265,0.62883828349731,0.6330304145812988,226800,0.0,0.0
1980-10-07 00:00:00-04:00,0.0,0.6497994065284729,0.6288382659314707,0.6497994065284729,230175,0.0,0.0
1980-10-08 00:00:00-04:00,0.0,0.6497989956513219,0.6414145231246948,0.6414145231246948,386100,0.0,0.0
1980-10-09 00:00:00-04:00,0.0,0.6497994065284729,0.6372227977333378,0.6497994065284729,270675,0.0,0.0
1980-10-10 00:00:00-04:00,0.0,0.6497990637799324,0.6414145903742295,0.6456069350242615,352350,0.0,0.0
1980-10-13 00:00:00-04:00,0.0,0.6539914011955261,0.6414145303432893,0.6539914011955261,23625,0.0,0.0
1980-10-14 00:00:00-04:00,0.0,0.6665683555805635,0.6581838785143,0.6623762249946594,227475,0.0,0.0
1980-10-15 00:00:00-04:00,0.0,0.6623758738165135,0.6539914011955261,0.6539914011955261,75600,0.0,0.0
1980-10-16 00:00:00-04:00,0.0,0.6623759358092571,0.6414145903742295,0.6456069350242615,245025,0.0,0.0
1980-10-17 00:00:00-04:00,0.0,0.649799010376116,0.637222409248352,0.637222409248352,176175,0.0,0.0
1980-10-20 00:00:00-04:00,0.0,0.6539914011955261,0.637222401979966,0.6539914011955261,49275,0.0,0.0
1980-10-21 00:00:00-04:00,0.0,0.6581839383303401,0.6497994065284729,0.6497994065284729,72225,0.0,0.0
1980-10-22 00:00:00-04:00,0.0,0.6497994065284729,0.6330303968983575,0.6497994065284729,45225,0.0,0.0
1980-10-23 00:00:00-04:00,0.0,0.6497988265465322,0.6288377046585083,0.6288377046585083,75600,0.0,0.0
1980-10-24 00:00:00-04:00,0.0,0.6288377046585083,0.6246453615390483,0.6288377046585083,82350,0.0,0.0
1980-10-27 00:00:00-05:00,0.0,0.633029831883686,0.6246453615390483,0.6288377046585083,38475,0.0,0.0
1980-10-28 00:00:00-05:00,0.0,0.633030185013289,0.6204535804277395,0.6246457099914551,172125,0.0,0.0
1980-10-29 00:00:00-05:00,0.0,0.6288380554495734,0.6204535804277395,0.6246457099914551,59400,0.0,0.0
1980-10-30 00:00:00-05:00,0.0,0.6288377692983879,0.6204532980918884,0.6204532980918884,70200,0.0,0.0
1980-10-31 00:00:00-05:00,0.0,0.6204534693182631,0.6120689957979026,0.6162611246109009,57375,0.0,0.0
1980-11-03 00:00:00-05:00,0.0,0.6204534693182631,0.6120689957979026,0.6162611246109009,126225,0.0,0.0
1980-11-05 00:00:00-05:00,0.0,0.6330298969544854,0.6162609545414864,0.6204532980918884,93150,0.0,0.0
1980-11-06 00:00:00-05:00,0.0,0.6162613959293787,0.5701467172911151,0.5827233791351318,392850,0.0,0.0
1980-11-07 00:00:00-05:00,0.0,0.6036844253540039,0.5701464257114869,0.6036844253540039,185625,0.0,0.0
1980-11-10 00:00:00-05:00,0.0,0.6078766854907838,0.5785310778768141,0.5869155526161194,258525,0.0,0.0
1980-11-11 00:00:00-05:00,0.0,0.5994920277206514,0.5869153734250688,0.5952998995780945,349650,0.0,0.0
1980-11-12 00:00:00-05:00,0.0,0.6162612596756264,0.599492254986086,0.6120691299438477,288225,0.0,0.0
1980-11-13 00:00:00-05:00,0.0,0.6162612596756264,0.6078767303440548,0.6120691299438477,132975,0.0,0.0
1980-11-14 00:00:00-05:00,0.0,0.6120685774177141,0.5994917138133303,0.607876181602478,247050,0.0,0.0
1980-11-17 00:00:00-05:00,0.0,0.6036842373486184,0.5827228996462573,0.5994918942451477,165375,0.0,0.0
1980-11-18 00:00:00-05:00,0.0,0.5994922107514785,0.5869155526161194,0.5869155526161194,72900,0.0,0.0
1980-11-19 00:00:00-05:00,0.0,0.5994920740846474,0.5827230744552843,0.5911075472831726,261225,0.0,0.0
1980-11-20 00:00:00-05:00,0.0,0.5994918942451477,0.5911073699589173,0.5994918942451477,288225,0.0,0.0
1980-11-21 00:00:00-05:00,0.0,0.5994922107514785,0.5827232072992691,0.5869155526161194,359775,0.0,0.0
1980-11-24 00:00:00-05:00,0.0,0.5869155526161194,0.574338678586365,0.5869155526161194,348300,0.0,0.0
1980-11-25 00:00:00-05:00,0.0,0.5994918942451477,0.5869152427497281,0.5994918942451477,467100,0.0,0.0
1980-11-26 00:00:00-05:00,0.0,0.6036844184457647,0.5869154188164015,0.5911075472831726,165375,0.0,0.0
1980-11-28 00:00:00-05:00,0.0,0.5952999456178764,0.5869154188164015,0.5911075472831726,89775,0.0,0.0
1980-12-01 00:00:00-05:00,0.0,0.5953000813290236,0.5869155526161194,0.5869155526161194,114075,0.0,0.0
1980-12-02 00:00:00-05:00,0.0,0.5952998995780945,0.5869153734250688,0.5952998995780945,68850,0.0,0.0
1980-12-03 00:00:00-05:00,0.0,0.5952999456178764,0.5869154188164015,0.5911075472831726,772875,0.0,0.0
1980-12-04 00:00:00-05:00,0.0,0.5952999456178764,0.5869154188164015,0.5911075472831726,75600,0.0,0.0
1980-12-05 00:00:00-05:00,0.0,0.5953000813290236,0.5869155526161194,0.5869155526161194,93150,0.0,0.0
1980-12-08 00:00:00-05:00,0.0,0.5911078563468861,0.5827233791351318,0.5827233791351318,122850,0.0,0.0
1980-12-09 00:00:00-05:00,0.0,0.5911075472831726,0.5827230744552843,0.5911075472831726,142425,0.0,0.0
1980-12-10 00:00:00-05:00,0.0,0.5911078563468861,0.5785312484764842,0.5827233791351318,483975,0.0,0.0
1980-12-11 00:00:00-05:00,0.0,0.5743388646434141,0.5533775090839242,0.5659543871879578,243000,0.0,0.0
1980-12-12 00:00:00-05:00,0.0,0.5743386301330924,0.5659541561011315,0.5701465010643005,80325,0.0,0.0
1980-12-15 00:00:00-05:00,0.0,0.5869157921260224,0.5659544348030053,0.5743389129638672,193050,0.0,0.0
1980-12-16 00:00:00-05:00,0.0,0.5827230958562958,0.5743385687468919,0.5785309672355652,238950,0.0,0.0
1980-12-17 00:00:00-05:00,0.0,0.5869154403713805,0.5743385687468919,0.5785309672355652,89775,0.0,0.0
1980-12-18 00:00:00-05:00,0.0,0.5869154403713805,0.5701464401261613,0.5785309672355652,267300,0.0,0.0
1980-12-19 00:00:00-05:00,0.0,0.5827231581386476,0.5701465010643005,0.5701465010643005,226800,0.0,0.0
1980-12-22 00:00:00-05:00,0.0,0.5952998995780945,0.5617616870188273,0.5952998995780945,118800,0.0,0.0
1980-12-23 00:00:00-05:00,0.0,0.6120688979105633,0.5952998995780945,0.5952998995780945,513675,0.0,0.0
1980-12-24 00:00:00-05:00,0.0,0.6036844184457647,0.5911075472831726,0.5911075472831726,392175,0.0,0.0
1980-12-26 00:00:00-05:00,0.0,0.6036844253540039,0.5952999524301682,0.6036844253540039,43875,0.0,0.0
1980-12-29 00:00:00-05:00,0.0,0.6036844184457647,0.5911075472831726,0.5911075472831726,193725,0.0,0.0
1980-12-30 00:00:00-05:00,0.0,0.5994920277206514,0.5701463750926,0.5952998995780945,65475,0.0,0.0
1980-12-31 00:00:00-05:00,0.0,0.6036844184457647,0.5911075472831726,0.5911075472831726,58050,0.0,0.0
1981-01-02 00:00:00-05:00,0.0,0.5952999456178764,0.5911075472831726,0.5911075472831726,54000,0.0,0.0
1981-01-05 00:00:00-05:00,0.0,0.5994918942451477,0.5911073699589173,0.5994918942451477,103950,0.0,0.0
1981-01-06 00:00:00-05:00,0.0,0.6288379428386235,0.5994921235965891,0.6162611246109009,546075,0.0,0.0
1981-01-07 00:00:00-05:00,0.0,0.607876181602478,0.5911071920506286,0.607876181602478,271350,0.0,0.0
1981-01-08 00:00:00-05:00,0.0,0.6162611246109009,0.6036844683039513,0.6162611246109009,218025,0.0,0.0
1981-01-09 00:00:00-05:00,0.0,0.6120687616348488,0.5994918942451477,0.5994918942451477,93825,0.0,0.0
1981-01-12 00:00:00-05:00,0.0,0.6120687616348488,0.5994918942451477,0.5994918942451477,184275,0.0,0.0
1981-01-13 00:00:00-05:00,0.0,0.6036842373486184,0.5994918942451477,0.5994918942451477,43875,0.0,0.0
1981-01-14 00:00:00-05:00,0.0,0.6162607033651798,0.6036840556550124,0.607876181602478,193725,0.0,0.0
1981-01-15 00:00:00-05:00,0.0,0.6162611246109009,0.6078765971169495,0.6162611246109009,39150,0.0,0.0
1981-01-16 00:00:00-05:00,0.0,0.6120687616348488,0.5994918942451477,0.5994918942451477,71550,0.0,0.0
1981-01-19 00:00:00-05:00,0.0,0.6078763645578078,0.5994918942451477,0.5994918942451477,124875,0.0,0.0
1981-01-20 00:00:00-05:00,0.0,0.6036842373486184,0.5994918942451477,0.5994918942451477,106650,0.0,0.0
1981-01-21 00:00:00-05:00,0.0,0.6036842373486184,0.5911073699589173,0.5994918942451477,39825,0.0,0.0
1981-01-22 00:00:00-05:00,0.0,0.6036842373486184,0.5911073699589173,0.5994918942451477,35775,0.0,0.0
1981-01-23 00:00:00-05:00,0.0,0.6120689522514268,0.6036844253540039,0.6036844253540039,168750,0.0,0.0
1981-01-26 00:00:00-05:00,0.0,0.6078763645578078,0.5994918942451477,0.5994918942451477,41175,0.0,0.0
1981-01-27 00:00:00-05:00,0.0,0.6120689522514268,0.6036844253540039,0.6036844253540039,285525,0.0,0.0
1981-01-28 00:00:00-05:00,0.0,0.6078763645578078,0.5952997670359584,0.5994918942451477,74925,0.0,0.0
1981-01-29 00:00:00-05:00,0.0,0.6036842373486184,0.5952997670359584,0.5994918942451477,32400,0.0,0.0
1981-01-30 00:00:00-05:00,0.0,0.6036844184457647,0.5911075472831726,0.5911075472831726,816750,0.0,0.0
1981-02-02 00:00:00-05:00,0.0,0.5827234450983498,0.5659544348030053,0.5743389129638672,101250,0.0,0.0
1981-02-03 00:00:00-05:00,0.0,0.5827230958562958,0.5701464401261613,0.5785309672355652,98550,0.0,0.0
1981-02-04 00:00:00-05:00,0.0,0.5827234450983498,0.5743389129638672,0.5743389129638672,220050,0.0,0.0
1981-02-05 00:00:00-05:00,0.0,0.5827230958562958,0.5743385687468919,0.5785309672355652,181575,0.0,0.0
1981-02-06 00:00:00-05:00,0.0,0.5827233791351318,0.5743388479497628,0.5827233791351318,57375,0.0,0.0
1981-02-09 00:00:00-05:00,0.0,0.5827234450983498,0.5743389129638672,0.5743389129638672,129600,0.0,0.0
1981-02-10 00:00:00-05:00,0.0,0.5785309672355652,0.5701464401261613,0.5785309672355652,115425,0.0,0.0
1981-02-11 00:00:00-05:00,0.0,0.5785310290698558,0.5617618111379625,0.5701465010643005,70200,0.0,0.0
1981-02-12 00:00:00-05:00,0.0,0.5785309672355652,0.5701464401261613,0.5785309672355652,91125,0.0,0.0
1981-02-13 00:00:00-05:00,0.0,0.5827230958562958,0.5743385687468919,0.5785309672355652,126900,0.0,0.0
1981-02-17 00:00:00-05:00,0.0,0.5869155526161194,0.5785310778768141,0.5869155526161194,681075,0.0,0.0
1981-02-18 00:00:00-05:00,0.0,0.5785313139651607,0.570146781830678,0.5743389129638672,796500,0.0,0.0
1981-02-19 00:00:00-05:00,0.0,0.5785313139651607,0.5743389129638672,0.5743389129638672,125550,0.0,0.0
1981-02-20 00:00:00-05:00,0.0,0.5827234520715326,0.5617620944976807,0.5617620944976807,372600,0.0,0.0
1981-02-23 00:00:00-05:00,0.0,0.5785310290698558,0.5701465010643005,0.5701465010643005,198450,0.0,0.0
1981-02-24 00:00:00-05:00,0.0,0.5785310290698558,0.5701465010643005,0.5701465010643005,159300,0.0,0.0
1981-02-25 00:00:00-05:00,0.0,0.5785313139651607,0.5617620877753328,0.5743389129638672,247050,0.0,0.0
1981-02-26 00:00:00-05:00,0.0,0.5827234450983498,0.5743389129638672,0.5743389129638672,100575,0.0,0.0
1981-02-27 00:00:00-05:00,0.0,0.5911076820385743,0.5827232072992691,0.5869155526161194,186975,0.0,0.0
1981-03-02 00:00:00-05:00,0.0,0.6078765538687474,0.5952999524301682,0.6036844253540039,201150,0.0,0.0
1981-03-03 00:00:00-05:00,0.0,0.6162611246109009,0.6120689957979026,0.6162611246109009,160650,0.0,0.0
1981-03-04 00:00:00-05:00,0.0,0.6539914624035544,0.620453460833563,0.6456069350242615,207225,0.0,0.0
1981-03-05 00:00:00-05:00,0.0,0.6623758663620164,0.6414145231246948,0.6414145231246948,170100,0.0,0.0
1981-03-06 00:00:00-05:00,0.0,0.6497988265465322,0.6288377046585083,0.6288377046585083,127575,0.0,0.0
1981-03-09 00:00:00-05:00,0.0,0.6288379428386235,0.6078765971169495,0.6162611246109009,532575,0.0,0.0
1981-03-10 00:00:00-05:00,0.0,0.6330298969544854,0.6204532980918884,0.6204532980918884,803925,0.0,0.0
1981-03-11 00:00:00-05:00,0.0,0.6246455981312613,0.6162611246109009,0.6162611246109009,224775,0.0,0.0
1981-03-12 00:00:00-05:00,0.0,0.6288377046585083,0.6120687639692327,0.6288377046585083,101250,0.0,0.0
1981-03-13 00:00:00-05:00,0.0,0.6414144221345611,0.6204532980918884,0.6204532980918884,301050,0.0,0.0
1981-03-16 00:00:00-05:00,0.0,0.6456069350242615,0.620453460833563,0.6456069350242615,216000,0.0,0.0
1981-03-17 00:00:00-05:00,0.0,0.6749528195345028,0.64560715271935,0.6581838130950928,278100,0.0,0.0
1981-03-18 00:00:00-05:00,0.0,0.6791452765464783,0.658183920619057,0.6791452765464783,375300,0.0,0.0
1981-03-19 00:00:00-05:00,0.0,0.6959139108657837,0.6749525662293576,0.6959139108657837,244350,0.0,0.0
1981-03-20 00:00:00-05:00,0.0,0.7462210884248677,0.7168754775086011,0.7210676074028015,577125,0.0,0.0
1981-03-23 00:00:00-05:00,0.0,0.7294521019758591,0.7084909677505493,0.7084909677505493,203175,0.0,0.0
1981-03-24 00:00:00-05:00,0.0,0.7168751877947034,0.7042983174324036,0.7042983174324036,678375,0.0,0.0
1981-03-25 00:00:00-05:00,0.0,0.7084907155003364,0.6959138451380366,0.7042983174324036,127575,0.0,0.0
1981-03-26 00:00:00-05:00,0.0,0.7294519694192143,0.7001063112734559,0.7252598404884338,670950,0.0,0.0
1981-03-27 00:00:00-05:00,0.0,0.737836577255424,0.70429856818996,0.7084909677505493,185625,0.0,0.0
1981-03-30 00:00:00-05:00,0.0,0.7336444828478469,0.7126831317199811,0.7210676074028015,97875,0.0,0.0
1981-03-31 00:00:00-05:00,0.0,0.7294521370592268,0.691721996486535,0.7210676074028015,400950,0.0,0.0
1981-04-01 00:00:00-05:00,0.0,0.7126830974431271,0.70429856818996,0.7084909677505493,121500,0.0,0.0
1981-04-02 00:00:00-05:00,0.0,0.7252600071650265,0.7084910018257807,0.7210676074028015,826875,0.0,0.0
1981-04-03 00:00:00-05:00,0.0,0.7210676074028015,0.7126831317199811,0.7210676074028015,118125,0.0,0.0
1981-04-06 00:00:00-05:00,0.0,0.7210675567203843,0.7084909520273482,0.7126830816268921,121500,0.0,0.0
1981-04-07 00:00:00-05:00,0.0,0.7126830816268921,0.7042985525597988,0.7126830816268921,65475,0.0,0.0
1981-04-08 00:00:00-05:00,0.0,0.7168751877947034,0.7042983174324036,0.7042983174324036,318600,0.0,0.0
1981-04-09 00:00:00-05:00,0.0,0.7126828437003537,0.7042983174324036,0.7042983174324036,198450,0.0,0.0
1981-04-10 00:00:00-05:00,0.0,0.7336443142443648,0.7042984402042364,0.7252598404884338,161325,0.0,0.0
1981-04-13 00:00:00-05:00,0.0,0.7336442391561977,0.721067367888761,0.7294518947601318,78975,0.0,0.0
1981-04-14 00:00:00-05:00,0.0,0.733644425868988,0.7294520804059685,0.733644425868988,139725,0.0,0.0
1981-04-15 00:00:00-05:00,0.0,0.7378365554376045,0.7294520804059685,0.733644425868988,92475,0.0,0.0
1981-04-16 00:00:00-05:00,0.0,0.7462209463119507,0.7336443431300621,0.7462209463119507,463050,0.0,0.0
1981-04-20 00:00:00-05:00,0.0,0.7504133452757606,0.742028817216114,0.7462209463119507,78300,0.0,0.0
1981-04-21 00:00:00-05:00,0.0,0.7587978958768912,0.7420288920402527,0.7420288920402527,128925,0.0,0.0
1981-04-22 00:00:00-05:00,0.0,0.7378366127420473,0.7210676074028015,0.7210676074028015,130950,0.0,0.0
1981-04-23 00:00:00-05:00,0.0,0.7378364431751453,0.7210674416896908,0.7252598404884338,177525,0.0,0.0
1981-04-24 00:00:00-05:00,0.0,0.7336443142443648,0.7210674416896908,0.7252598404884338,130950,0.0,0.0
1981-04-27 00:00:00-04:00,0.0,0.7336444828478469,0.7168754775086011,0.7210676074028015,268650,0.0,0.0
1981-04-28 00:00:00-04:00,0.0,0.7252599722832813,0.7084909677505493,0.7084909677505493,147150,0.0,0.0
1981-04-29 00:00:00-04:00,0.0,0.7210675763040585,0.6875295670720194,0.7001064419746399,1303425,0.0,0.0
1981-04-30 00:00:00-04:00,0.0,0.7001064419746399,0.6917219666534313,0.7001064419746399,149850,0.0,0.0
1981-05-01 00:00:00-04:00,0.0,0.7001070545067161,0.691722571849823,0.691722571849823,79650,0.0,0.0
1981-05-04 00:00:00-04:00,0.0,0.6875297658662521,0.6665684095815994,0.6707608103752136,378675,0.0,0.0
1981-05-05 00:00:00-04:00,0.0,0.6707607560345367,0.6623762249946594,0.6623762249946594,68850,0.0,0.0
1981-05-06 00:00:00-04:00,0.0,0.6749528093463049,0.6665682792663574,0.6665682792663574,155250,0.0,0.0
1981-05-07 00:00:00-04:00,0.0,0.6875292658805847,0.6665679248394578,0.6875292658805847,236925,0.0,0.0
1981-05-08 00:00:00-04:00,0.0,0.6833374366444782,0.6623760864425555,0.6749527454376221,263925,0.0,0.0
1981-05-11 00:00:00-04:00,0.0,0.687529754149106,0.6749529297979298,0.6791452765464783,23625,0.0,0.0
1981-05-12 00:00:00-04:00,0.0,0.7126830974431271,0.6833374339646502,0.7084909677505493,285525,0.0,0.0
1981-05-13 00:00:00-04:00,0.0,0.7168754271208404,0.7084909520273482,0.7126830816268921,42525,0.0,0.0
1981-05-14 00:00:00-04:00,0.0,0.7462209463119507,0.7126829959941482,0.7462209463119507,151200,0.0,0.0
1981-05-15 00:00:00-04:00,0.0,0.7462211351625817,0.7378366589546204,0.7378366589546204,131625,0.0,0.0
1981-05-18 00:00:00-04:00,0.0,0.742028900900624,0.733644425868988,0.733644425868988,167400,0.0,0.0
1981-05-19 00:00:00-04:00,0.0,0.742028900900624,0.733644425868988,0.733644425868988,60075,0.0,0.0
1981-05-20 00:00:00-04:00,0.0,0.7378363676579157,0.7294518947601318,0.7294518947601318,206550,0.0,0.0
1981-05-21 00:00:00-04:00,0.0,0.7336442391561977,0.7294518947601318,0.7294518947601318,106650,0.0,0.0
1981-05-22 00:00:00-04:00,0.0,0.7336444828478469,0.7210676074028015,0.7210676074028015,313875,0.0,0.0
1981-05-26 00:00:00-04:00,0.0,0.7294520857874776,0.7126830816268921,0.7126830816268921,258525,0.0,0.0
1981-05-27 00:00:00-04:00,0.0,0.7126830974431271,0.7001064384973822,0.7084909677505493,205200,0.0,0.0
1981-05-28 00:00:00-04:00,0.0,0.7252599561879337,0.7042985525597988,0.7126830816268921,156600,0.0,0.0
1981-05-29 00:00:00-04:00,0.0,0.7210673159947207,0.7042983174324036,0.7042983174324036,74250,0.0,0.0
1981-06-01 00:00:00-04:00,0.0,0.7252600836720048,0.7042986763593356,0.7168755531311035,273375,0.0,0.0
1981-06-02 00:00:00-04:00,0.0,0.7168760737941521,0.691722571849823,0.691722571849823,165375,0.0,0.0
1981-06-03 00:00:00-04:00,0.0,0.6917221548712718,0.6707607989438504,0.6791452765464783,631800,0.0,0.0
1981-06-04 00:00:00-04:00,0.0,0.6959147052309699,0.6707612032866407,0.691722571849823,224775,0.0,0.0
1981-06-05 00:00:00-04:00,0.0,0.7084909712694509,0.6917219666534313,0.7001064419746399,386775,0.0,0.0
1981-06-08 00:00:00-04:00,0.0,0.7378365554376045,0.7084909468004793,0.733644425868988,437400,0.0,0.0
1981-06-09 00:00:00-04:00,0.0,0.7378366127420473,0.7168754775086011,0.7210676074028015,221400,0.0,0.0
1981-06-10 00:00:00-04:00,0.0,0.7210675567203843,0.7126830816268921,0.7126830816268921,118800,0.0,0.0
1981-06-11 00:00:00-04:00,0.0,0.7336444828478469,0.7126831317199811,0.7210676074028015,95175,0.0,0.0
1981-06-12 00:00:00-04:00,0.0,0.7378365554376045,0.7168754218321153,0.733644425868988,64800,0.0,0.0
1981-06-15 00:00:00-04:00,0.0,0.7629900064154534,0.7336443988587322,0.7546055316925049,248400,0.0,0.0
1981-06-16 00:00:00-04:00,0.0,0.7713747239917212,0.7587980628013611,0.7587980628013611,729675,0.0,0.0
1981-06-17 00:00:00-04:00,0.0,0.7713747189908595,0.7546057115739991,0.7671825885772705,193725,0.0,0.0
1981-06-18 00:00:00-04:00,0.0,0.7713747239917212,0.7587980628013611,0.7587980628013611,159300,0.0,0.0
1981-06-19 00:00:00-04:00,0.0,0.7671823474214592,0.7462209463119507,0.7462209463119507,55350,0.0,0.0
1981-06-22 00:00:00-04:00,0.0,0.7881435296978889,0.7462209946322227,0.7629899978637695,458325,0.0,0.0
1981-06-23 00:00:00-04:00,0.0,0.7671825885772705,0.7546057115739991,0.7671825885772705,43875,0.0,0.0
1981-06-24 00:00:00-04:00,0.0,0.7671825935509544,0.7587980628013611,0.7587980628013611,27000,0.0,0.0
1981-06-25 00:00:00-04:00,0.0,0.7671825415769182,0.7378366589546204,0.7378366589546204,58725,0.0,0.0
1981-06-26 00:00:00-04:00,0.0,0.7378366589546204,0.7210676525650893,0.7378366589546204,48600,0.0,0.0
1981-06-29 00:00:00-04:00,0.0,0.7462208405556995,0.7252597662584139,0.7294518947601318,77625,0.0,0.0
1981-06-30 00:00:00-04:00,0.0,0.7378365608809698,0.7126830816268921,0.7126830816268921,42525,0.0,0.0
1981-07-01 00:00:00-04:00,0.0,0.7042984004465083,0.6833372712135315,0.6833372712135315,668925,0.0,0.0
1981-07-02 00:00:00-04:00,0.0,0.6917219659305268,0.6749527454376221,0.6749527454376221,131625,0.0,0.0
1981-07-06 00:00:00-04:00,0.0,0.7126828437003537,0.6749525024813696,0.7042983174324036,199800,0.0,0.0
1981-07-07 00:00:00-04:00,0.0,0.7336442391561977,0.7042983681196063,0.7294518947601318,65475,0.0,0.0
1981-07-08 00:00:00-04:00,0.0,0.7504134209453719,0.7336444171087335,0.7420288920402527,60075,0.0,0.0
1981-07-09 00:00:00-04:00,0.0,0.7629900064154534,0.7420288735816808,0.7546055316925049,221400,0.0,0.0
1981-07-10 00:00:00-04:00,0.0,0.7546054743715973,0.742028817216114,0.7462209463119507,47925,0.0,0.0
1981-07-13 00:00:00-04:00,0.0,0.7587978958768912,0.7420288920402527,0.7420288920402527,54675,0.0,0.0
1981-07-14 00:00:00-04:00,0.0,0.7546055316925049,0.7378365282730089,0.7546055316925049,43875,0.0,0.0
1981-07-15 00:00:00-04:00,0.0,0.7587980628013611,0.7546057164661465,0.7587980628013611,44550,0.0,0.0
1981-07-16 00:00:00-04:00,0.0,0.7629899484576492,0.742028817216114,0.7462209463119507,171450,0.0,0.0
1981-07-17 00:00:00-04:00,0.0,0.7546055504639314,0.7420288920402527,0.7420288920402527,24300,0.0,0.0
1981-07-20 00:00:00-04:00,0.0,0.7336444828478469,0.7168754775086011,0.7210676074028015,42525,0.0,0.0
1981-07-21 00:00:00-04:00,0.0,0.7126837245184059,0.691722571849823,0.691722571849823,33750,0.0,0.0
1981-07-22 00:00:00-04:00,0.0,0.7084909712694509,0.6875295670720194,0.7001064419746399,62100,0.0,0.0
1981-07-23 00:00:00-04:00,0.0,0.704299187887863,0.691722571849823,0.691722571849823,75600,0.0,0.0
1981-07-24 00:00:00-04:00,0.0,0.7210676834675276,0.7084910765638128,0.7168755531311035,66825,0.0,0.0
1981-07-27 00:00:00-04:00,0.0,0.7210676074028015,0.7126831317199811,0.7210676074028015,31050,0.0,0.0
1981-07-28 00:00:00-04:00,0.0,0.7252600836720048,0.7001065460229116,0.7168755531311035,46575,0.0,0.0
1981-07-29 00:00:00-04:00,0.0,0.7084909712694509,0.7001064419746399,0.7001064419746399,31050,0.0,0.0
1981-07-30 00:00:00-04:00,0.0,0.7084907824159452,0.6917217822698278,0.6959139108657837,49950,0.0,0.0
1981-07-31 00:00:00-04:00,0.0,0.7126830974431271,0.6959140929103951,0.7084909677505493,23625,0.0,0.0
1981-08-03 00:00:00-04:00,0.0,0.7336443142443648,0.7084908390029794,0.7252598404884338,48600,0.0,0.0
1981-08-04 00:00:00-04:00,0.0,0.733644425868988,0.7168754218321153,0.733644425868988,72900,0.0,0.0
1981-08-05 00:00:00-04:00,0.0,0.7294520857874776,0.7126830816268921,0.7126830816268921,118125,0.0,0.0
1981-08-06 00:00:00-04:00,0.0,0.7294520857874776,0.7126830816268921,0.7126830816268921,140400,0.0,0.0
1981-08-07 00:00:00-04:00,0.0,0.7168754430301142,0.7084909677505493,0.7084909677505493,24300,0.0,0.0
1981-08-10 00:00:00-04:00,0.0,0.7042982631504757,0.6791447942324287,0.6875292658805847,69525,0.0,0.0
1981-08-11 00:00:00-04:00,0.0,0.7210675567203843,0.6791450733057212,0.7126830816268921,85725,0.0,0.0
1981-08-12 00:00:00-04:00,0.0,0.7252600071650265,0.7042986020635558,0.7210676074028015,54675,0.0,0.0
1981-08-13 00:00:00-04:00,0.0,0.7210676834675276,0.7001065460229116,0.7168755531311035,64800,0.0,0.0
1981-08-14 00:00:00-04:00,0.0,0.7168755531311035,0.7042986763593356,0.7168755531311035,104625,0.0,0.0
1981-08-17 00:00:00-04:00,0.0,0.7168754271208404,0.7126830816268921,0.7126830816268921,26325,0.0,0.0
1981-08-18 00:00:00-04:00,0.0,0.7084907824159452,0.6875293838059309,0.6959139108657837,70875,0.0,0.0
1981-08-19 00:00:00-04:00,0.0,0.6959137915023197,0.6833371380036646,0.6875292658805847,65475,0.0,0.0
1981-08-20 00:00:00-04:00,0.0,0.7001062717523739,0.6791449266250393,0.6833372712135315,58725,0.0,0.0
1981-08-21 00:00:00-04:00,0.0,0.6959147052309699,0.68333803521928,0.691722571849823,80325,0.0,0.0
1981-08-24 00:00:00-04:00,0.0,0.7042985709519908,0.6749527454376221,0.6749527454376221,124200,0.0,0.0
1981-08-25 00:00:00-04:00,0.0,0.6791452765464783,0.6623762673676055,0.6791452765464783,472500,0.0,0.0
1981-08-26 00:00:00-04:00,0.0,0.6917216636253997,0.6791447942324287,0.6875292658805847,116775,0.0,0.0
1981-08-27 00:00:00-04:00,0.0,0.6959139271638818,0.6833372712135315,0.6833372712135315,132975,0.0,0.0
1981-08-28 00:00:00-04:00,0.0,0.6875293999076658,0.6791449266250393,0.6833372712135315,295650,0.0,0.0
1981-08-31 00:00:00-04:00,0.0,0.6917221548712718,0.6749529297979298,0.6791452765464783,92475,0.0,0.0
1981-09-01 00:00:00-04:00,0.0,0.6833376349407289,0.6623762786560762,0.6707608103752136,369900,0.0,0.0
1981-09-02 00:00:00-04:00,0.0,0.6749529413007369,0.6665684095815994,0.6707608103752136,35775,0.0,0.0
1981-09-03 00:00:00-04:00,0.0,0.6707606893652693,0.6581838130950928,0.6581838130950928,82350,0.0,0.0
1981-09-04 00:00:00-04:00,0.0,0.6581835370663256,0.6288378825581425,0.637222409248352,248400,0.0,0.0
1981-09-08 00:00:00-04:00,0.0,0.6623758663620164,0.6414145231246948,0.6414145231246948,301050,0.0,0.0
1981-09-09 00:00:00-04:00,0.0,0.6539914011955261,0.6456068746009535,0.6539914011955261,73575,0.0,0.0
1981-09-10 00:00:00-04:00,0.0,0.6833374366444782,0.6623760864425555,0.6749527454376221,91800,0.0,0.0
1981-09-11 00:00:00-04:00,0.0,0.6875292658805847,0.6707603225842727,0.6875292658805847,151200,0.0,0.0
1981-09-14 00:00:00-04:00,0.0,0.6875295663534962,0.6749527454376221,0.6749527454376221,100575,0.0,0.0
1981-09-15 00:00:00-04:00,0.0,0.6833376232950267,0.6749529297979298,0.6791452765464783,34425,0.0,0.0
1981-09-16 00:00:00-04:00,0.0,0.6833374366444782,0.6707606157286041,0.6749527454376221,78300,0.0,0.0
1981-09-17 00:00:00-04:00,0.0,0.6749529479604555,0.6497994065284729,0.6497994065284729,87075,0.0,0.0
1981-09-18 00:00:00-04:00,0.0,0.6665683555805635,0.6497993474744228,0.6623762249946594,81675,0.0,0.0
1981-09-21 00:00:00-04:00,0.0,0.6581838130950928,0.6414148066556827,0.6581838130950928,64800,0.0,0.0
1981-09-22 00:00:00-04:00,0.0,0.687529754149106,0.6623762673676055,0.6791452765464783,290250,0.0,0.0
1981-09-23 00:00:00-04:00,0.0,0.6833375013470753,0.6665682792663574,0.6665682792663574,49950,0.0,0.0
1981-09-24 00:00:00-04:00,0.0,0.6707607560345367,0.6581838785143,0.6623762249946594,183600,0.0,0.0
1981-09-25 00:00:00-04:00,0.0,0.6623758663620164,0.6414145231246948,0.6414145231246948,53325,0.0,0.0
1981-09-28 00:00:00-04:00,0.0,0.6791452881207329,0.6078769034421101,0.6707608103752136,233550,0.0,0.0
1981-09-29 00:00:00-04:00,0.0,0.7042983174324036,0.6791448465757193,0.7042983174324036,345600,0.0,0.0
1981-09-30 00:00:00-04:00,0.0,0.7042983839520484,0.6875293838059309,0.6959139108657837,137700,0.0,0.0
1981-10-01 00:00:00-04:00,0.0,0.6959137915023197,0.6833371380036646,0.6875292658805847,97200,0.0,0.0
1981-10-02 00:00:00-04:00,0.0,0.6959139108657837,0.683337255209975,0.6959139108657837,76275,0.0,0.0
1981-10-05 00:00:00-04:00,0.0,0.6959147052309699,0.691722571849823,0.691722571849823,261225,0.0,0.0
1981-10-06 00:00:00-04:00,0.0,0.7001070545067161,0.691722571849823,0.691722571849823,29700,0.0,0.0
1981-10-07 00:00:00-04:00,0.0,0.7042983174324036,0.6917217169380192,0.7042983174324036,54000,0.0,0.0
1981-10-08 00:00:00-04:00,0.0,0.7210676074028015,0.7042986020635558,0.7210676074028015,43200,0.0,0.0
1981-10-09 00:00:00-04:00,0.0,0.7378365554376045,0.725259950837352,0.733644425868988,165375,0.0,0.0
1981-10-12 00:00:00-04:00,0.0,0.7336445602392955,0.7168755531311035,0.7168755531311035,33075,0.0,0.0
1981-10-13 00:00:00-04:00,0.0,0.7168754430301142,0.7084909677505493,0.7084909677505493,21600,0.0,0.0
1981-10-14 00:00:00-04:00,0.0,0.721067572722692,0.70429856818996,0.7084909677505493,65475,0.0,0.0
1981-10-15 00:00:00-04:00,0.0,0.7168754465906594,0.7001064419746399,0.7001064419746399,110025,0.0,0.0
1981-10-16 00:00:00-04:00,0.0,0.7126830816268921,0.6959140774663066,0.7126830816268921,22275,0.0,0.0
1981-10-19 00:00:00-04:00,0.0,0.7210676834675276,0.7084910765638128,0.7168755531311035,23625,0.0,0.0
1981-10-20 00:00:00-04:00,0.0,0.7210676834675276,0.7084910765638128,0.7168755531311035,141075,0.0,0.0
1981-10-21 00:00:00-04:00,0.0,0.7126830974431271,0.7084909677505493,0.7084909677505493,39150,0.0,0.0
1981-10-22 00:00:00-04:00,0.0,0.7210676074028015,0.7084910018257807,0.7210676074028015,39150,0.0,0.0
1981-10-23 00:00:00-04:00,0.0,0.7126828437003537,0.7042983174324036,0.7042983174324036,47250,0.0,0.0
1981-10-26 00:00:00-05:00,0.0,0.7001061352735557,0.6833371380036646,0.6875292658805847,128250,0.0,0.0
1981-10-27 00:00:00-05:00,0.0,0.6707604004110862,0.6539914011955261,0.6539914011955261,95850,0.0,0.0
1981-10-28 00:00:00-05:00,0.0,0.6875292658805847,0.6623757969625377,0.6875292658805847,196425,0.0,0.0
1981-10-29 00:00:00-05:00,0.0,0.7126830816268921,0.6833374187996695,0.7126830816268921,189675,0.0,0.0
1981-10-30 00:00:00-05:00,0.0,0.7210675567203843,0.7084909520273482,0.7126830816268921,83025,0.0,0.0
1981-11-02 00:00:00-05:00,0.0,0.7378365554376045,0.7210675514007319,0.733644425868988,415800,0.0,0.0
1981-11-03 00:00:00-05:00,0.0,0.7462210304692405,0.7294520804059685,0.733644425868988,174825,0.0,0.0
1981-11-04 00:00:00-05:00,0.0,0.742028900900624,0.7294520804059685,0.733644425868988,132975,0.0,0.0
1981-11-05 00:00:00-05:00,0.0,0.7504133452757606,0.7378364722258988,0.7462209463119507,34425,0.0,0.0
1981-11-06 00:00:00-05:00,0.0,0.7504134209453719,0.7420288920402527,0.7420288920402527,247725,0.0,0.0
1981-11-09 00:00:00-05:00,0.0,0.7713745264663421,0.7546055232347952,0.7629899978637695,341550,0.0,0.0
1981-11-10 00:00:00-05:00,0.0,0.7797586457636942,0.7671820474985139,0.7755665183067322,240300,0.0,0.0
1981-11-11 00:00:00-05:00,0.0,0.7923359274864197,0.7755669231431942,0.7923359274864197,116775,0.0,0.0
1981-11-12 00:00:00-05:00,0.0,0.8132975216792923,0.788143818700816,0.8049130439758301,222750,0.0,0.0
1981-11-13 00:00:00-05:00,0.0,0.8174892916011841,0.796528160572052,0.796528160572052,654075,0.0,0.0
1981-11-16 00:00:00-05:00,0.0,0.788143170545486,0.7755665183067322,0.7755665183067322,101250,0.0,0.0
1981-11-17 00:00:00-05:00,0.0,0.7839513290604434,0.7671823273533909,0.7797589302062988,761400,0.0,0.0
1981-11-18 00:00:00-05:00,0.0,0.7713741660118103,0.758797513918876,0.7713741660118103,49950,0.0,0.0
1981-11-19 00:00:00-05:00,0.0,0.775567065298895,0.7587980578820346,0.7671825885772705,31050,0.0,0.0
1981-11-20 00:00:00-05:00,0.0,0.7713747189908595,0.7587980578820346,0.7671825885772705,71550,0.0,0.0
1981-11-23 00:00:00-05:00,0.0,0.796528273026029,0.7671824479583823,0.7923359274864197,201825,0.0,0.0
1981-11-24 00:00:00-05:00,0.0,0.7965281478077243,0.7797589302062988,0.7797589302062988,60750,0.0,0.0
1981-11-25 00:00:00-05:00,0.0,0.7965284241877252,0.7587980628013611,0.7587980628013611,268650,0.0,0.0
1981-11-27 00:00:00-05:00,0.0,0.7629901932421278,0.7587980628013611,0.7587980628013611,34425,0.0,0.0
1981-11-30 00:00:00-05:00,0.0,0.7671823970990511,0.7546055232347952,0.7629899978637695,149850,0.0,0.0
1981-12-01 00:00:00-05:00,0.0,0.779759195712484,0.7587980578820346,0.7671825885772705,107325,0.0,0.0
1981-12-02 00:00:00-05:00,0.0,0.7755670703269358,0.7587980628013611,0.7587980628013611,34425,0.0,0.0
1981-12-03 00:00:00-05:00,0.0,0.7671825935509544,0.7546057164661465,0.7587980628013611,292275,0.0,0.0
1981-12-04 00:00:00-05:00,0.0,0.7923359274864197,0.7587979187999687,0.7923359274864197,62100,0.0,0.0
1981-12-07 00:00:00-05:00,0.0,0.8007204026712316,0.7923359274864197,0.7923359274864197,162675,0.0,0.0
1981-12-08 00:00:00-05:00,0.0,0.7923359274864197,0.7881435819468103,0.7923359274864197,128925,0.0,0.0
1981-12-09 00:00:00-05:00,0.0,0.788143170545486,0.771374174955476,0.7755665183067322,88425,0.0,0.0
1981-12-10 00:00:00-05:00,0.0,0.7881431614073928,0.7671820386034537,0.7713741660118103,75600,0.0,0.0
1981-12-11 00:00:00-05:00,0.0,0.7881435296978889,0.7629899978637695,0.7629899978637695,34425,0.0,0.0
1981-12-14 00:00:00-05:00,0.0,0.7671823970990511,0.7546055232347952,0.7629899978637695,43875,0.0,0.0
1981-12-15 00:00:00-05:00,0.0,0.7713741660118103,0.7629896413272325,0.7713741660118103,49275,0.0,0.0
1981-12-16 00:00:00-05:00,0.0,0.7755665183067322,0.771374174955476,0.7755665183067322,116100,0.0,0.0
1981-12-17 00:00:00-05:00,0.0,0.7839510430885239,0.771374174955476,0.7755665183067322,30375,0.0,0.0
1981-12-18 00:00:00-05:00,0.0,0.7797586367228151,0.7713741660118103,0.7713741660118103,12825,0.0,0.0
1981-12-21 00:00:00-05:00,0.0,0.779759195712484,0.7587980578820346,0.7671825885772705,69525,0.0,0.0
1981-12-22 00:00:00-05:00,0.0,0.7755665183067322,0.7587975227167222,0.7755665183067322,112050,0.0,0.0
1981-12-23 00:00:00-05:00,0.0,0.7713741660118103,0.7504130432078711,0.7713741660118103,326025,0.0,0.0
1981-12-24 00:00:00-05:00,0.0,0.7797586457636942,0.7629896501736841,0.7755665183067322,88425,0.0,0.0
1981-12-28 00:00:00-05:00,0.0,0.7755665183067322,0.7629896501736841,0.7755665183067322,45225,0.0,0.0
1981-12-29 00:00:00-05:00,0.0,0.8049126885467366,0.7755668136485435,0.796528160572052,141075,0.0,0.0
1981-12-30 00:00:00-05:00,0.0,0.8132975216792923,0.7923361654997829,0.8049130439758301,400950,0.0,0.0
1981-12-31 00:00:00-05:00,0.0,0.8132975216792923,0.7965285122987499,0.8049130439758301,91125,0.0,0.0
1982-01-04 00:00:00-05:00,0.0,0.8132971495147768,0.7713744563395692,0.7797589302062988,52650,0.0,0.0
1982-01-05 00:00:00-05:00,0.0,0.7839513290604434,0.7713744563395692,0.7797589302062988,22950,0.0,0.0
1982-01-06 00:00:00-05:00,0.0,0.7713745351120007,0.7504134022782281,0.7546055316925049,147150,0.0,0.0
1982-01-07 00:00:00-05:00,0.0,0.7671823970990511,0.7546055232347952,0.7629899978637695,46575,0.0,0.0
1982-01-08 00:00:00-05:00,0.0,0.7671825935509544,0.7546057164661465,0.7587980628013611,71550,0.0,0.0
1982-01-11 00:00:00-05:00,0.0,0.7587978193618126,0.7462209463119507,0.7462209463119507,82350,0.0,0.0
1982-01-12 00:00:00-05:00,0.0,0.7462211351625817,0.7378366589546204,0.7378366589546204,129600,0.0,0.0
1982-01-13 00:00:00-05:00,0.0,0.7378363145570379,0.7042983174324036,0.7042983174324036,95175,0.0,0.0
1982-01-14 00:00:00-05:00,0.0,0.733644425868988,0.6875295433269863,0.733644425868988,166050,0.0,0.0
1982-01-15 00:00:00-05:00,0.0,0.7462208405556995,0.7294518947601318,0.7294518947601318,60075,0.0,0.0
1982-01-18 00:00:00-05:00,0.0,0.7378363676579157,0.7126828949909771,0.7294518947601318,346275,0.0,0.0
1982-01-19 00:00:00-05:00,0.0,0.7294521019758591,0.7084909677505493,0.7084909677505493,119475,0.0,0.0
1982-01-20 00:00:00-05:00,0.0,0.7252600071650265,0.7042986020635558,0.7210676074028015,127575,0.0,0.0
1982-01-21 00:00:00-05:00,0.0,0.7294520857874776,0.7084909520273482,0.7126830816268921,103950,0.0,0.0
1982-01-22 00:00:00-05:00,0.0,0.7210673159947207,0.7042983174324036,0.7042983174324036,159300,0.0,0.0
1982-01-25 00:00:00-05:00,0.0,0.7126830974431271,0.6917219632178173,0.7084909677505493,59400,0.0,0.0
1982-01-26 00:00:00-05:00,0.0,0.7210673159947207,0.7042983174324036,0.7042983174324036,41850,0.0,0.0
1982-01-27 00:00:00-05:00,0.0,0.7252600071650265,0.691721996486535,0.7210676074028015,66150,0.0,0.0
1982-01-28 00:00:00-05:00,0.0,0.7378365554376045,0.725259950837352,0.733644425868988,83025,0.0,0.0
1982-01-29 00:00:00-05:00,0.0,0.7587980628013611,0.7252601017238236,0.7587980628013611,206550,0.0,0.0
1982-02-01 00:00:00-05:00,0.0,0.7587980628013611,0.7420290552757863,0.7587980628013611,211275,0.0,0.0
1982-02-02 00:00:00-05:00,0.0,0.7546056653441513,0.7378366589546204,0.7378366589546204,290925,0.0,0.0
1982-02-03 00:00:00-05:00,0.0,0.7378366589546204,0.729452182746659,0.7378366589546204,92475,0.0,0.0
1982-02-04 00:00:00-05:00,0.0,0.7378363676579157,0.7294518947601318,0.7294518947601318,424575,0.0,0.0
1982-02-05 00:00:00-05:00,0.0,0.7504134209453719,0.7378365466272929,0.7420288920402527,58050,0.0,0.0
1982-02-08 00:00:00-05:00,0.0,0.7504134299058607,0.733644425868988,0.733644425868988,58725,0.0,0.0
1982-02-09 00:00:00-05:00,0.0,0.742028900900624,0.7294520804059685,0.733644425868988,63450,0.0,0.0
1982-02-10 00:00:00-05:00,0.0,0.7546053674270704,0.7294518947601318,0.7294518947601318,189000,0.0,0.0
1982-02-11 00:00:00-05:00,0.0,0.7462209169310763,0.7252598404884338,0.7252598404884338,147825,0.0,0.0
1982-02-12 00:00:00-05:00,0.0,0.7336443142443648,0.7210674416896908,0.7252598404884338,280800,0.0,0.0
1982-02-16 00:00:00-05:00,0.0,0.7336444828478469,0.7168754775086011,0.7210676074028015,181575,0.0,0.0
1982-02-17 00:00:00-05:00,0.0,0.7336442391561977,0.721067367888761,0.7294518947601318,148500,0.0,0.0
1982-02-18 00:00:00-05:00,0.0,0.7378366127420473,0.7168754775086011,0.7210676074028015,1360125,0.0,0.0
1982-02-19 00:00:00-05:00,0.0,0.7126832949042239,0.6623762673676055,0.6791452765464783,161325,0.0,0.0
1982-02-22 00:00:00-05:00,0.0,0.6875293456530611,0.6539914011955261,0.6539914011955261,267300,0.0,0.0
1982-02-23 00:00:00-05:00,0.0,0.6665682893279935,0.64560715271935,0.6581838130950928,561600,0.0,0.0
1982-02-24 00:00:00-05:00,0.0,0.6665680021798369,0.6539914011955261,0.6539914011955261,305100,0.0,0.0
1982-02-25 00:00:00-05:00,0.0,0.6707604004110862,0.6539914011955261,0.6539914011955261,155925,0.0,0.0
1982-02-26 00:00:00-05:00,0.0,0.6791452765464783,0.6539917897649776,0.6791452765464783,166050,0.0,0.0
1982-03-01 00:00:00-05:00,0.0,0.6833374366444782,0.6707606157286041,0.6749527454376221,85725,0.0,0.0
1982-03-02 00:00:00-05:00,0.0,0.6959139108657837,0.683337255209975,0.6959139108657837,184950,0.0,0.0
1982-03-03 00:00:00-05:00,0.0,0.6959140956395448,0.6623760864425555,0.6749527454376221,338175,0.0,0.0
1982-03-04 00:00:00-05:00,0.0,0.6791452765464783,0.6749529297979298,0.6791452765464783,112725,0.0,0.0
1982-03-05 00:00:00-05:00,0.0,0.6833374366444782,0.6707606157286041,0.6749527454376221,289575,0.0,0.0
1982-03-08 00:00:00-05:00,0.0,0.6791452881207329,0.6707608103752136,0.6707608103752136,108675,0.0,0.0
1982-03-09 00:00:00-05:00,0.0,0.6791452765464783,0.658183920619057,0.6791452765464783,38475,0.0,0.0
1982-03-10 00:00:00-05:00,0.0,0.6875295663534962,0.6665682161515735,0.6749527454376221,272700,0.0,0.0
1982-03-11 00:00:00-05:00,0.0,0.6917217984697475,0.6791449266250393,0.6833372712135315,59400,0.0,0.0
1982-03-12 00:00:00-05:00,0.0,0.687529754149106,0.6707607989438504,0.6791452765464783,225450,0.0,0.0
1982-03-15 00:00:00-05:00,0.0,0.6959139108657837,0.6791449107196663,0.6959139108657837,40500,0.0,0.0
1982-03-16 00:00:00-05:00,0.0,0.6917221548712718,0.6749529297979298,0.6791452765464783,81675,0.0,0.0
1982-03-17 00:00:00-05:00,0.0,0.6917219659305268,0.6707606157286041,0.6749527454376221,288900,0.0,0.0
1982-03-18 00:00:00-05:00,0.0,0.687529754149106,0.6749529297979298,0.6791452765464783,326700,0.0,0.0
1982-03-19 00:00:00-05:00,0.0,0.6959147052309699,0.6791456859435339,0.691722571849823,225450,0.0,0.0
1982-03-22 00:00:00-05:00,0.0,0.7168755531311035,0.6917220694556209,0.7168755531311035,345600,0.0,0.0
1982-03-23 00:00:00-05:00,0.0,0.7336444828478469,0.7210676074028015,0.7210676074028015,314550,0.0,0.0
1982-03-24 00:00:00-05:00,0.0,0.7252600836720048,0.7084910765638128,0.7168755531311035,83700,0.0,0.0
1982-03-25 00:00:00-05:00,0.0,0.7168752555022099,0.6959139108657837,0.6959139108657837,72900,0.0,0.0
1982-03-26 00:00:00-05:00,0.0,0.7210676074028015,0.691721996486535,0.7210676074028015,44550,0.0,0.0
1982-03-29 00:00:00-05:00,0.0,0.7210675763040585,0.7001064419746399,0.7001064419746399,37800,0.0,0.0
1982-03-30 00:00:00-05:00,0.0,0.704299187887863,0.691722571849823,0.691722571849823,187650,0.0,0.0
1982-03-31 00:00:00-05:00,0.0,0.7126830974431271,0.6959140929103951,0.7084909677505493,95175,0.0,0.0
1982-04-01 00:00:00-05:00,0.0,0.7126830816268921,0.7042985525597988,0.7126830816268921,110025,0.0,0.0
1982-04-02 00:00:00-05:00,0.0,0.7168756416527723,0.658183920619057,0.6791452765464783,760725,0.0,0.0
1982-04-05 00:00:00-05:00,0.0,0.6917216636253997,0.6623757969625377,0.6875292658805847,107325,0.0,0.0
1982-04-06 00:00:00-05:00,0.0,0.6875293999076658,0.6791449266250393,0.6833372712135315,127575,0.0,0.0
1982-04-07 00:00:00-05:00,0.0,0.687529754149106,0.6791452765464783,0.6791452765464783,324675,0.0,0.0
1982-04-08 00:00:00-05:00,0.0,0.7001064419746399,0.6791450917508108,0.7001064419746399,851850,0.0,0.0
1982-04-12 00:00:00-05:00,0.0,0.7001064419746399,0.6917219666534313,0.7001064419746399,280800,0.0,0.0
1982-04-13 00:00:00-05:00,0.0,0.7168754430301142,0.6959140929103951,0.7084909677505493,223425,0.0,0.0
1982-04-14 00:00:00-05:00,0.0,0.7126830974431271,0.7001064384973822,0.7084909677505493,179550,0.0,0.0
1982-04-15 00:00:00-05:00,0.0,0.7168754271208404,0.7084909520273482,0.7126830816268921,776925,0.0,0.0
1982-04-16 00:00:00-05:00,0.0,0.7126828437003537,0.7042983174324036,0.7042983174324036,478575,0.0,0.0
1982-04-19 00:00:00-05:00,0.0,0.7126830974431271,0.6959140929103951,0.7084909677505493,469800,0.0,0.0
1982-04-20 00:00:00-05:00,0.0,0.7084907824159452,0.6959139108657837,0.6959139108657837,291600,0.0,0.0
1982-04-21 00:00:00-05:00,0.0,0.7084909712694509,0.6959140963668304,0.7001064419746399,25650,0.0,0.0
1982-04-22 00:00:00-05:00,0.0,0.7126830974431271,0.7001064384973822,0.7084909677505493,371925,0.0,0.0
1982-04-23 00:00:00-05:00,0.0,0.7210676074028015,0.7042986020635558,0.7210676074028015,419850,0.0,0.0
1982-04-26 00:00:00-04:00,0.0,0.7210675567203843,0.7126830816268921,0.7126830816268921,85050,0.0,0.0
1982-04-27 00:00:00-04:00,0.0,0.7252598404884338,0.7084908390029794,0.7252598404884338,238950,0.0,0.0
1982-04-28 00:00:00-04:00,0.0,0.7210675763040585,0.7001064419746399,0.7001064419746399,441450,0.0,0.0
1982-04-29 00:00:00-04:00,0.0,0.7042985716880389,0.6959140963668304,0.7001064419746399,203175,0.0,0.0
1982-04-30 00:00:00-04:00,0.0,0.7042983839520484,0.6917217822698278,0.6959139108657837,177525,0.0,0.0
1982-05-03 00:00:00-04:00,0.0,0.7126829110119011,0.6959139108657837,0.6959139108657837,701325,0.0,0.0
1982-05-04 00:00:00-04:00,0.0,0.7210676834675276,0.7001065460229116,0.7168755531311035,321300,0.0,0.0
1982-05-05 00:00:00-04:00,0.0,0.7378366589546204,0.7126831763571281,0.7378366589546204,415125,0.0,0.0
1982-05-06 00:00:00-04:00,0.0,0.7504135351873872,0.7378366589546204,0.7378366589546204,255150,0.0,0.0
1982-05-07 00:00:00-04:00,0.0,0.7546055316925049,0.7378365282730089,0.7546055316925049,282825,0.0,0.0
1982-05-10 00:00:00-04:00,0.0,0.7671825935509544,0.7587980628013611,0.7587980628013611,153225,0.0,0.0
1982-05-11 00:00:00-04:00,0.0,0.7713741660118103,0.758797513918876,0.7713741660118103,203175,0.0,0.0
1982-05-12 00:00:00-04:00,0.0,0.775567065298895,0.7629901882956235,0.7671825885772705,585225,0.0,0.0
1982-05-13 00:00:00-04:00,0.0,0.7671829090756042,0.7504138946533203,0.7504138946533203,628425,0.0,0.0
1982-05-14 00:00:00-04:00,0.0,0.7587980628013611,0.7504135860253797,0.7587980628013611,128925,0.0,0.0
1982-05-17 00:00:00-04:00,0.0,0.7587978958768912,0.7420288920402527,0.7420288920402527,128250,0.0,0.0
1982-05-18 00:00:00-04:00,0.0,0.7462211351625817,0.7378366589546204,0.7378366589546204,122850,0.0,0.0
1982-05-19 00:00:00-04:00,0.0,0.7378363842442831,0.6917217822698278,0.6959139108657837,175500,0.0,0.0
1982-05-20 00:00:00-04:00,0.0,0.7126828437003537,0.6959138451380366,0.7042983174324036,99225,0.0,0.0
1982-05-21 00:00:00-04:00,0.0,0.733644425868988,0.7001064177952425,0.733644425868988,99225,0.0,0.0
1982-05-24 00:00:00-04:00,0.0,0.733644431281426,0.7126830816268921,0.7126830816268921,101925,0.0,0.0
1982-05-25 00:00:00-04:00,0.0,0.7126830974431271,0.70429856818996,0.7084909677505493,77625,0.0,0.0
1982-05-26 00:00:00-04:00,0.0,0.7252599561879337,0.7042985525597988,0.7126830816268921,460350,0.0,0.0
1982-05-27 00:00:00-04:00,0.0,0.7210676074028015,0.7084910018257807,0.7210676074028015,345600,0.0,0.0
1982-05-28 00:00:00-04:00,0.0,0.7126830816268921,0.7042985525597988,0.7126830816268921,139725,0.0,0.0
1982-06-01 00:00:00-04:00,0.0,0.7252600836720048,0.7126832069002369,0.7168755531311035,76275,0.0,0.0
1982-06-02 00:00:00-04:00,0.0,0.7168754465906594,0.6959140963668304,0.7001064419746399,280125,0.0,0.0
1982-06-03 00:00:00-04:00,0.0,0.7126831009828499,0.7001064419746399,0.7001064419746399,249075,0.0,0.0
1982-06-04 00:00:00-04:00,0.0,0.7084907990085899,0.6749525820365472,0.6833372712135315,1246725,0.0,0.0
1982-06-07 00:00:00-04:00,0.0,0.6833376349407289,0.6707608103752136,0.6707608103752136,135000,0.0,0.0
1982-06-08 00:00:00-04:00,0.0,0.6833372712135315,0.6707604533424129,0.6833372712135315,48600,0.0,0.0
1982-06-09 00:00:00-04:00,0.0,0.6917221106210367,0.6623762249946594,0.6623762249946594,282825,0.0,0.0
1982-06-10 00:00:00-04:00,0.0,0.6665682893279935,0.6539916829258593,0.6581838130950928,95850,0.0,0.0
1982-06-11 00:00:00-04:00,0.0,0.6749527454376221,0.6623760864425555,0.6749527454376221,190350,0.0,0.0
1982-06-14 00:00:00-04:00,0.0,0.6707608103752136,0.6623762786560762,0.6707608103752136,39150,0.0,0.0
1982-06-15 00:00:00-04:00,0.0,0.6623758738165135,0.6497990029642767,0.6539914011955261,321975,0.0,0.0
1982-06-16 00:00:00-04:00,0.0,0.6623759358092571,0.6456069350242615,0.6456069350242615,493425,0.0,0.0
1982-06-17 00:00:00-04:00,0.0,0.6539914624035544,0.620453460833563,0.6456069350242615,280125,0.0,0.0
1982-06-18 00:00:00-04:00,0.0,0.6539914086551853,0.637222409248352,0.637222409248352,151875,0.0,0.0
1982-06-21 00:00:00-04:00,0.0,0.6414143562018944,0.6288377046585083,0.6288377046585083,146475,0.0,0.0
1982-06-22 00:00:00-04:00,0.0,0.6372228155333889,0.6246459365188403,0.6330304145812988,69525,0.0,0.0
1982-06-23 00:00:00-04:00,0.0,0.6414143562018944,0.6204532343138704,0.6288377046585083,297000,0.0,0.0
1982-06-24 00:00:00-04:00,0.0,0.6330300716516216,0.5994921235965891,0.6162611246109009,158625,0.0,0.0
1982-06-25 00:00:00-04:00,0.0,0.6204534251752625,0.6036844253540039,0.6036844253540039,116775,0.0,0.0
1982-06-28 00:00:00-04:00,0.0,0.6120691299438477,0.603684600612276,0.6120691299438477,215325,0.0,0.0
1982-06-29 00:00:00-04:00,0.0,0.6162611246109009,0.6078765971169495,0.6162611246109009,101250,0.0,0.0
1982-06-30 00:00:00-04:00,0.0,0.6204534693182631,0.6162611246109009,0.6162611246109009,116100,0.0,0.0
1982-07-01 00:00:00-04:00,0.0,0.6162608888440382,0.5952997670359584,0.5994918942451477,443475,0.0,0.0
1982-07-02 00:00:00-04:00,0.0,0.6539914011955261,0.5869154043332857,0.6539914011955261,655425,0.0,0.0
1982-07-06 00:00:00-04:00,0.0,0.6497990637799324,0.6288379342392658,0.6456069350242615,988200,0.0,0.0
1982-07-07 00:00:00-04:00,0.0,0.6497990637799324,0.6372224616185588,0.6456069350242615,228150,0.0,0.0
1982-07-08 00:00:00-04:00,0.0,0.6456072935958476,0.62883828349731,0.6330304145812988,473850,0.0,0.0
1982-07-09 00:00:00-04:00,0.0,0.6456068819649758,0.637222409248352,0.637222409248352,485325,0.0,0.0
1982-07-12 00:00:00-04:00,0.0,0.6497994065284729,0.6414149287002245,0.6497994065284729,430650,0.0,0.0
1982-07-13 00:00:00-04:00,0.0,0.6497994065284729,0.6414149287002245,0.6497994065284729,1036125,0.0,0.0
1982-07-14 00:00:00-04:00,0.0,0.6665682792663574,0.6497992730800702,0.6665682792663574,554850,0.0,0.0
1982-07-15 00:00:00-04:00,0.0,0.6959137915023197,0.6665679248394578,0.6875292658805847,467775,0.0,0.0
1982-07-16 00:00:00-04:00,0.0,0.7084909712694509,0.6875295670720194,0.7001064419746399,270675,0.0,0.0
1982-07-19 00:00:00-04:00,0.0,0.7210676834675276,0.7084910765638128,0.7168755531311035,450900,0.0,0.0
1982-07-20 00:00:00-04:00,0.0,0.7210676834675276,0.7126832069002369,0.7168755531311035,499500,0.0,0.0
1982-07-21 00:00:00-04:00,0.0,0.7252598404884338,0.7168753127589104,0.7252598404884338,201150,0.0,0.0
1982-07-22 00:00:00-04:00,0.0,0.7378363676579157,0.721067367888761,0.7294518947601318,639225,0.0,0.0
1982-07-23 00:00:00-04:00,0.0,0.7336442391561977,0.721067367888761,0.7294518947601318,179550,0.0,0.0
1982-07-26 00:00:00-04:00,0.0,0.7294518947601318,0.721067367888761,0.7294518947601318,357075,0.0,0.0
1982-07-27 00:00:00-04:00,0.0,0.7252599561879337,0.7126830816268921,0.7126830816268921,232875,0.0,0.0
1982-07-28 00:00:00-04:00,0.0,0.7126827887722108,0.6791447942324287,0.6875292658805847,192375,0.0,0.0
1982-07-29 00:00:00-04:00,0.0,0.6917217984697475,0.6749525820365472,0.6833372712135315,130950,0.0,0.0
1982-07-30 00:00:00-04:00,0.0,0.7001064419746399,0.6875295670720194,0.7001064419746399,66825,0.0,0.0
1982-08-02 00:00:00-04:00,0.0,0.7042987633279788,0.6749529297979298,0.6791452765464783,219375,0.0,0.0
1982-08-03 00:00:00-04:00,0.0,0.6959140956395448,0.6707606157286041,0.6749527454376221,305775,0.0,0.0
1982-08-04 00:00:00-04:00,0.0,0.6791451553466901,0.6581838031600177,0.6665682792663574,105975,0.0,0.0
1982-08-05 00:00:00-04:00,0.0,0.66237615915876,0.6581838130950928,0.6581838130950928,61425,0.0,0.0
1982-08-06 00:00:00-04:00,0.0,0.6665682893279935,0.6539916829258593,0.6581838130950928,103275,0.0,0.0
1982-08-09 00:00:00-04:00,0.0,0.6581835295588494,0.6497990029642767,0.6539914011955261,83700,0.0,0.0
1982-08-10 00:00:00-04:00,0.0,0.6665684161585884,0.6497994065284729,0.6497994065284729,4133025,0.0,0.0
1982-08-11 00:00:00-04:00,0.0,0.6372224249965209,0.5994920809449118,0.6036844253540039,268650,0.0,0.0
1982-08-12 00:00:00-04:00,0.0,0.6330300266138417,0.6036844253540039,0.6036844253540039,191025,0.0,0.0
1982-08-13 00:00:00-04:00,0.0,0.6162607033651798,0.6036840556550124,0.607876181602478,213975,0.0,0.0
1982-08-16 00:00:00-04:00,0.0,0.633029831883686,0.6120687639692327,0.6288377046585083,194400,0.0,0.0
1982-08-17 00:00:00-04:00,0.0,0.6539913938353893,0.6204533957817117,0.6414145231246948,368550,0.0,0.0
1982-08-18 00:00:00-04:00,0.0,0.6917221666598664,0.6623762786560762,0.6707608103752136,924075,0.0,0.0
1982-08-19 00:00:00-04:00,0.0,0.7042983174324036,0.6707603742813523,0.7042983174324036,160650,0.0,0.0
1982-08-20 00:00:00-04:00,0.0,0.7084907155003364,0.6959138451380366,0.7042983174324036,317250,0.0,0.0
1982-08-23 00:00:00-04:00,0.0,0.7378366589546204,0.695914169967597,0.7378366589546204,338850,0.0,0.0
1982-08-24 00:00:00-04:00,0.0,0.7378365554376045,0.7294520804059685,0.733644425868988,1112400,0.0,0.0
1982-08-25 00:00:00-04:00,0.0,0.7420288920402527,0.7294520716957738,0.7420288920402527,564300,0.0,0.0
1982-08-26 00:00:00-04:00,0.0,0.7462210215588121,0.7336444171087335,0.7420288920402527,247050,0.0,0.0
1982-08-27 00:00:00-04:00,0.0,0.742028900900624,0.7294520804059685,0.733644425868988,618975,0.0,0.0
1982-08-30 00:00:00-04:00,0.0,0.7378364431751453,0.7168753127589104,0.7252598404884338,288225,0.0,0.0
1982-08-31 00:00:00-04:00,0.0,0.7462208405556995,0.7294518947601318,0.7294518947601318,1036125,0.0,0.0
1982-09-01 00:00:00-04:00,0.0,0.7671824247820104,0.7378365466272929,0.7420288920402527,332100,0.0,0.0
1982-09-02 00:00:00-04:00,0.0,0.7504138946533203,0.7210679979736466,0.7504138946533203,208575,0.0,0.0
1982-09-03 00:00:00-04:00,0.0,0.7587978958768912,0.7378365466272929,0.7420288920402527,580500,0.0,0.0
1982-09-07 00:00:00-04:00,0.0,0.7420290050058176,0.7252600525898949,0.7378366589546204,98550,0.0,0.0
1982-09-08 00:00:00-04:00,0.0,0.7504133452757606,0.7378364722258988,0.7462209463119507,993600,0.0,0.0
1982-09-09 00:00:00-04:00,0.0,0.7504138946533203,0.7294525321716057,0.7504138946533203,199800,0.0,0.0
1982-09-10 00:00:00-04:00,0.0,0.754605618081293,0.7168754775086011,0.7210676074028015,247050,0.0,0.0
1982-09-13 00:00:00-04:00,0.0,0.733644425868988,0.7001064177952425,0.733644425868988,180225,0.0,0.0
1982-09-14 00:00:00-04:00,0.0,0.775567065298895,0.7252600970219254,0.7671825885772705,556875,0.0,0.0
1982-09-15 00:00:00-04:00,0.0,0.7713747239917212,0.7504135860253797,0.7587980628013611,455625,0.0,0.0
1982-09-16 00:00:00-04:00,0.0,0.7671825885772705,0.7294522274355143,0.7671825885772705,492750,0.0,0.0
1982-09-17 00:00:00-04:00,0.0,0.7587983748776451,0.7420293604553613,0.7504138946533203,280800,0.0,0.0
1982-09-20 00:00:00-04:00,0.0,0.7462208405556995,0.7294518947601318,0.7294518947601318,130275,0.0,0.0
1982-09-21 00:00:00-04:00,0.0,0.733644425868988,0.725259950837352,0.733644425868988,1852200,0.0,0.0
1982-09-22 00:00:00-04:00,0.0,0.7504138946533203,0.7336448802310364,0.7504138946533203,337500,0.0,0.0
1982-09-23 00:00:00-04:00,0.0,0.7462210304692405,0.7294520804059685,0.733644425868988,328050,0.0,0.0
1982-09-24 00:00:00-04:00,0.0,0.733644425868988,0.725259950837352,0.733644425868988,65475,0.0,0.0
1982-09-27 00:00:00-04:00,0.0,0.7378365554376045,0.7294520804059685,0.733644425868988,192375,0.0,0.0
1982-09-28 00:00:00-04:00,0.0,0.7504133452757606,0.7336443431300621,0.7462209463119507,674325,0.0,0.0
1982-09-29 00:00:00-04:00,0.0,0.742028900900624,0.725259950837352,0.733644425868988,161325,0.0,0.0
1982-09-30 00:00:00-04:00,0.0,0.7336442391561977,0.7252597662584139,0.7294518947601318,213975,0.0,0.0
1982-10-01 00:00:00-04:00,0.0,0.7378366589546204,0.7168755224083253,0.7378366589546204,539325,0.0,0.0
1982-10-04 00:00:00-04:00,0.0,0.7336444828478469,0.7210676074028015,0.7210676074028015,136350,0.0,0.0
1982-10-05 00:00:00-04:00,0.0,0.7462209463119507,0.7210674700802002,0.7462209463119507,164700,0.0,0.0
1982-10-06 00:00:00-04:00,0.0,0.7671825885772705,0.7378367041571388,0.7671825885772705,1505925,0.0,0.0
1982-10-07 00:00:00-04:00,0.0,0.8636042683370587,0.788143561812678,0.8384507894515991,1568700,0.0,0.0
1982-10-08 00:00:00-04:00,0.0,0.8719888092509811,0.8300663232803345,0.8300663232803345,1152900,0.0,0.0
1982-10-11 00:00:00-04:00,0.0,0.8636041879653931,0.834258312404908,0.8636041879653931,2266650,0.0,0.0
1982-10-12 00:00:00-04:00,0.0,0.8677963171133601,0.8258738382145927,0.8636041879653931,815400,0.0,0.0
1982-10-13 00:00:00-04:00,0.0,0.8887576460838318,0.851027297115273,0.8887576460838318,1008450,0.0,0.0
1982-10-14 00:00:00-04:00,0.0,0.9348725313733469,0.8803731799125671,0.8803731799125671,963900,0.0,0.0
1982-10-15 00:00:00-04:00,0.0,0.9055265255321422,0.8761806545518777,0.8971420526504517,651375,0.0,0.0
1982-10-18 00:00:00-04:00,0.0,0.9222959280014038,0.8887579658936036,0.9222959280014038,800550,0.0,0.0
1982-10-19 00:00:00-04:00,0.0,0.9264879100251713,0.8971420394758531,0.913910984992981,623700,0.0,0.0
1982-10-20 00:00:00-04:00,0.0,0.9181034568632072,0.9013342931221473,0.9055266380310059,189675,0.0,0.0
1982-10-21 00:00:00-04:00,0.0,0.9264879100251713,0.905526512234417,0.913910984992981,1407375,0.0,0.0
1982-10-22 00:00:00-04:00,0.0,0.9222955783198589,0.901334285736084,0.901334285736084,353025,0.0,0.0
1982-10-25 00:00:00-04:00,0.0,0.909719011906509,0.8594117889494495,0.8636041879653931,267300,0.0,0.0
1982-10-26 00:00:00-04:00,0.0,0.8719887137413025,0.8426428904183562,0.8719887137413025,142425,0.0,0.0
1982-10-27 00:00:00-04:00,0.0,0.9097189754850921,0.87198862724486,0.901334285736084,717525,0.0,0.0
1982-10-28 00:00:00-04:00,0.0,0.922295457751545,0.8971420394758531,0.913910984992981,681750,0.0,0.0
1982-10-29 00:00:00-04:00,0.0,0.9055267043943921,0.8594118245684153,0.8761808276176453,407025,0.0,0.0
1982-11-01 00:00:00-05:00,0.0,0.9097189754850921,0.8594117545421274,0.901334285736084,227475,0.0,0.0
1982-11-02 00:00:00-05:00,0.0,0.9306800384572811,0.9097188565608713,0.913910984992981,558225,0.0,0.0
1982-11-03 00:00:00-05:00,0.0,0.9432578201658419,0.9139119196059095,0.9306809902191162,450900,0.0,0.0
1982-11-04 00:00:00-05:00,0.0,0.9558335769933028,0.9222955737922163,0.9432569742202759,529200,0.0,0.0
1982-11-05 00:00:00-05:00,0.0,0.9893713651682591,0.9432567692165127,0.9809868931770325,1079325,0.0,0.0
1982-11-08 00:00:00-05:00,0.0,0.9893721342086792,0.9558341122274564,0.9893721342086792,1127925,0.0,0.0
1982-11-09 00:00:00-05:00,0.0,0.985179863714326,0.9558339771861248,0.9600263237953186,959175,0.0,0.0
1982-11-10 00:00:00-05:00,0.0,1.0061411134015084,0.9600263775887282,0.9642186164855957,484650,0.0,0.0
1982-11-11 00:00:00-05:00,0.0,0.9893721342086792,0.9558341122274564,0.9893721342086792,404325,0.0,0.0
1982-11-12 00:00:00-05:00,0.0,1.0061411134015084,0.9600263775887282,0.9642186164855957,402300,0.0,0.0
1982-11-15 00:00:00-05:00,0.0,0.9600263897306822,0.9348729560313483,0.9474495649337769,637200,0.0,0.0
1982-11-16 00:00:00-05:00,0.0,0.9306802277983363,0.8971422219938113,0.9181035161018372,744525,0.0,0.0
1982-11-17 00:00:00-05:00,0.0,0.9390642179393763,0.9181030425892914,0.9348720908164978,124875,0.0,0.0
1982-11-18 00:00:00-05:00,0.0,0.9809875844801271,0.9306806091342209,0.9474495649337769,187650,0.0,0.0
1982-11-19 00:00:00-05:00,0.0,0.9558334567329729,0.913910984992981,0.913910984992981,93825,0.0,0.0
1982-11-22 00:00:00-05:00,0.0,0.9222956453868094,0.905526696458144,0.9181035161018372,176175,0.0,0.0
1982-11-23 00:00:00-05:00,0.0,0.9390654715520782,0.9222964009388716,0.9306809902191162,458325,0.0,0.0
1982-11-24 00:00:00-05:00,0.0,0.9474485436812545,0.8719881080273995,0.8845647573471069,566325,0.0,0.0
1982-11-26 00:00:00-05:00,0.0,0.9013341811441231,0.8803730529134836,0.8971420526504517,236925,0.0,0.0
1982-11-29 00:00:00-05:00,0.0,0.9222956453868094,0.9097190416375045,0.9181035161018372,124875,0.0,0.0
1982-11-30 00:00:00-05:00,0.0,0.9306809902191162,0.909719786886711,0.9306809902191162,166725,0.0,0.0
1982-12-01 00:00:00-05:00,0.0,0.939064511215845,0.913910984992981,0.913910984992981,587925,0.0,0.0
1982-12-02 00:00:00-05:00,0.0,0.9181034568632072,0.8971421641076631,0.9055266380310059,462375,0.0,0.0
1982-12-03 00:00:00-05:00,0.0,0.9097188699201613,0.8929496542888457,0.8971420526504517,87750,0.0,0.0
1982-12-06 00:00:00-05:00,0.0,0.9013341811441231,0.8887575257951742,0.8971420526504517,66825,0.0,0.0
1982-12-07 00:00:00-05:00,0.0,0.9306805129821777,0.8887579658936036,0.9222959280014038,412425,0.0,0.0
1982-12-08 00:00:00-05:00,0.0,0.9348733388328798,0.9139119196059095,0.9306809902191162,311850,0.0,0.0
1982-12-09 00:00:00-05:00,0.0,0.9474496369038357,0.9181039620254601,0.939065158367157,421200,0.0,0.0
1982-12-10 00:00:00-05:00,0.0,0.9516421556472778,0.9432576755993463,0.9516421556472778,366525,0.0,0.0
1982-12-13 00:00:00-05:00,0.0,0.9600263237953186,0.9516418464713932,0.9600263237953186,93825,0.0,0.0
1982-12-14 00:00:00-05:00,0.0,0.9642177149367155,0.9516410100054012,0.9558331370353699,172125,0.0,0.0
1982-12-15 00:00:00-05:00,0.0,0.9726030397812068,0.9558339771861248,0.9600263237953186,364500,0.0,0.0
1982-12-16 00:00:00-05:00,0.0,0.9642186286805712,0.9390650870339989,0.9474495649337769,376650,0.0,0.0
1982-12-17 00:00:00-05:00,0.0,0.9474486880794103,0.9222951697121698,0.9348720908164978,828225,0.0,0.0
1982-12-20 00:00:00-05:00,0.0,0.9348723965124067,0.8845651814071551,0.8971420526504517,736425,0.0,0.0
1982-12-21 00:00:00-05:00,0.0,0.9181033293194352,0.8929496411758129,0.913910984992981,343575,0.0,0.0
1982-12-22 00:00:00-05:00,0.0,0.9264880387337371,0.9013342931221473,0.9055266380310059,198450,0.0,0.0
1982-12-23 00:00:00-05:00,0.0,0.901334285736084,0.888757628927724,0.901334285736084,110700,0.0,0.0
1982-12-27 00:00:00-05:00,0.0,0.922295457751545,0.8971420394758531,0.913910984992981,101250,0.0,0.0
1982-12-28 00:00:00-05:00,0.0,0.9181033293194352,0.9097188565608713,0.913910984992981,60750,0.0,0.0
1982-12-29 00:00:00-05:00,0.0,0.9139111221068806,0.8803731720673469,0.8887576460838318,216000,0.0,0.0
1982-12-30 00:00:00-05:00,0.0,0.9264883824126315,0.8887579658936036,0.9222959280014038,785700,0.0,0.0
1982-12-31 00:00:00-05:00,0.0,0.9264880418777466,0.9181034599787639,0.9264880418777466,45225,0.0,0.0
1983-01-03 00:00:00-05:00,0.0,0.9306802277983363,0.9181035161018372,0.9181035161018372,89775,0.0,0.0
1983-01-04 00:00:00-05:00,0.0,0.9222959280014038,0.909719320398311,0.9222959280014038,161325,0.0,0.0
1983-01-05 00:00:00-05:00,0.0,0.9264880418777466,0.9055266411038835,0.9264880418777466,335475,0.0,0.0
1983-01-06 00:00:00-05:00,0.0,0.9558340428335549,0.9222960232872046,0.9474495649337769,1067850,0.0,0.0
1983-01-07 00:00:00-05:00,0.0,0.9767945278151657,0.9474486670811604,0.9558331370353699,1212975,0.0,0.0
1983-01-10 00:00:00-05:00,0.0,0.9684107899665833,0.9516417294338424,0.9684107899665833,546075,0.0,0.0
1983-01-11 00:00:00-05:00,0.0,0.9767945278151657,0.9558331370353699,0.9558331370353699,581850,0.0,0.0
1983-01-12 00:00:00-05:00,0.0,0.9767960879281039,0.9558346636692744,0.9726037383079529,633825,0.0,0.0
1983-01-13 00:00:00-05:00,0.0,0.980988221653638,0.9726037383079529,0.9726037383079529,912600,0.0,0.0
1983-01-14 00:00:00-05:00,0.0,0.9809869074099633,0.9684103071878145,0.9767947793006897,207225,0.0,0.0
1983-01-17 00:00:00-05:00,0.0,1.014525362104798,0.9684107446524182,0.99775630235672,988875,0.0,0.0
1983-01-18 00:00:00-05:00,0.0,1.0061411991729137,0.9851800029016783,0.9893721342086792,99900,0.0,0.0
1983-01-19 00:00:00-05:00,0.0,0.99356372352644,0.9600257271277755,0.9767947793006897,227475,0.0,0.0
1983-01-20 00:00:00-05:00,0.0,0.980987572073066,0.9600263775887282,0.9642186164855957,68175,0.0,0.0
1983-01-21 00:00:00-05:00,0.0,0.9600264626561004,0.9181039620254601,0.939065158367157,407700,0.0,0.0
1983-01-24 00:00:00-05:00,0.0,0.9306809902191162,0.8971429569399852,0.9306809902191162,610875,0.0,0.0
1983-01-25 00:00:00-05:00,0.0,0.9767960879281039,0.9264890799066853,0.9726037383079529,532575,0.0,0.0
1983-01-26 00:00:00-05:00,0.0,0.9767947793006897,0.9600257271277755,0.9767947793006897,207900,0.0,0.0
1983-01-27 00:00:00-05:00,0.0,0.9726030942793309,0.9600263775887282,0.9642186164855957,170100,0.0,0.0
1983-01-28 00:00:00-05:00,0.0,0.9983484745025635,0.985549292830138,0.9983484745025635,407025,0.07407,0.0
1983-01-31 00:00:00-05:00,0.0,1.0026155372641663,0.9855498063323284,0.9898161292076111,243000,0.0,0.0
1983-02-01 00:00:00-05:00,0.0,0.9898158723035135,0.9812830090522767,0.9812830090522766,34425,0.0,0.0
1983-02-02 00:00:00-05:00,0.0,1.006881833076477,0.9812832373667592,1.006881833076477,213300,0.0,0.0
1983-02-03 00:00:00-05:00,0.0,1.023947834968567,1.0111485350941998,1.023947834968567,409725,0.0,0.0
1983-02-04 00:00:00-05:00,0.0,1.0282144400106674,1.0196815729141235,1.0196815729141235,343575,0.0,0.0
1983-02-07 00:00:00-05:00,0.0,1.0282143354415894,1.0196814692128353,1.0282143354415894,209250,0.0,0.0
1983-02-08 00:00:00-05:00,0.0,1.03248065869828,1.0196814692128353,1.0282143354415894,450225,0.0,0.0
1983-02-09 00:00:00-05:00,0.0,1.0239474496240222,1.0154144763946533,1.0154144763946533,365175,0.0,0.0
1983-02-10 00:00:00-05:00,0.0,1.0282139911675314,1.0154144763946533,1.0154144763946533,322650,0.0,0.0
1983-02-11 00:00:00-05:00,0.0,1.0239484759005129,1.0111491680145264,1.0111491680145264,1115100,0.0,0.0
1983-02-14 00:00:00-05:00,0.0,1.0239474496240222,1.0068816130229343,1.0154144763946533,198450,0.0,0.0
1983-02-15 00:00:00-05:00,0.0,1.0196811277958124,1.0068816130229343,1.0154144763946533,1156950,0.0,0.0
1983-02-16 00:00:00-05:00,0.0,1.015415494118762,1.006882622194771,1.0111491680145264,135000,0.0,0.0
1983-02-17 00:00:00-05:00,0.0,1.023947834968567,1.006881991945053,1.023947834968567,275400,0.0,0.0
1983-02-18 00:00:00-05:00,0.0,1.0324803590774536,1.0239474953248955,1.0324803590774536,379350,0.0,0.0
1983-02-22 00:00:00-05:00,0.0,1.0452797645639456,1.0239474953248955,1.0324803590774536,559575,0.0,0.0
1983-02-23 00:00:00-05:00,0.0,1.0495460435344186,1.0282137796360962,1.0452795028686523,141075,0.0,0.0
1983-02-24 00:00:00-05:00,0.0,1.0452800678990977,1.0282143354415894,1.0282143354415894,395550,0.0,0.0
1983-02-25 00:00:00-05:00,0.0,1.0538124438226721,1.0282138570466124,1.0495461225509644,423900,0.0,0.0
1983-02-28 00:00:00-05:00,0.0,1.0580791549022057,1.0410133195556637,1.0538125038146973,115425,0.0,0.0
1983-03-01 00:00:00-05:00,0.0,1.0580790946672864,1.036746719305299,1.0495461225509644,884250,0.0,0.0
1983-03-02 00:00:00-05:00,0.0,1.0922107696533203,1.0452797978064203,1.0922107696533203,1862325,0.0,0.0
1983-03-03 00:00:00-05:00,0.0,1.1092767715454102,1.0836780658316718,1.1092767715454102,436050,0.0,0.0
1983-03-04 00:00:00-05:00,0.0,1.1050100656892068,1.0922107696533203,1.0922107696533203,101925,0.0,0.0
1983-03-07 00:00:00-05:00,0.0,1.117809378009328,1.0922106782228007,1.1007436513900757,280125,0.0,0.0
1983-03-08 00:00:00-05:00,0.0,1.1050101346830359,1.0879442957119845,1.0964772701263428,168075,0.0,0.0
1983-03-09 00:00:00-05:00,0.0,1.1092767715454102,1.0879443886166746,1.1092767715454102,89100,0.0,0.0
1983-03-10 00:00:00-05:00,0.0,1.1263422784545416,1.105010009619501,1.1178094148635864,130275,0.0,0.0
1983-03-11 00:00:00-05:00,0.0,1.113542999239729,1.0964772701263428,1.0964772701263428,127575,0.0,0.0
1983-03-14 00:00:00-05:00,0.0,1.0964772701263428,1.0836779732913029,1.0964772701263428,105300,0.0,0.0
1983-03-15 00:00:00-05:00,0.0,1.092210914240769,1.079411506652832,1.079411506652832,213975,0.0,0.0
1983-03-16 00:00:00-05:00,0.0,1.0879437494136617,1.070878028869629,1.070878028869629,76275,0.0,0.0
1983-03-17 00:00:00-05:00,0.0,1.0751445688632468,1.0623451685976124,1.070878028869629,190350,0.0,0.0
1983-03-18 00:00:00-05:00,0.0,1.1135430335998535,1.0666122770899187,1.1135430335998535,117450,0.0,0.0
1983-03-21 00:00:00-05:00,0.0,1.109276514699702,1.0879441367103386,1.1007436513900757,184950,0.0,0.0
1983-03-22 00:00:00-05:00,0.0,1.1178096368307648,1.1092767715454102,1.1092767715454102,253125,0.0,0.0
1983-03-23 00:00:00-05:00,0.0,1.117809575867516,1.0964773039598772,1.1135430335998535,121500,0.0,0.0
1983-03-24 00:00:00-05:00,0.0,1.1220758984198416,1.109276711047528,1.1135430335998535,563625,0.0,0.0
1983-03-25 00:00:00-05:00,0.0,1.1220758984198416,1.1135430335998535,1.1135430335998535,328725,0.0,0.0
1983-03-28 00:00:00-05:00,0.0,1.1135430335998535,1.1050101687798652,1.1135430335998535,130275,0.0,0.0
1983-03-29 00:00:00-05:00,0.0,1.113542999239729,1.0964772701263428,1.0964772701263428,78975,0.0,0.0
1983-03-30 00:00:00-05:00,0.0,1.1050101346830359,1.0964772701263428,1.0964772701263428,31725,0.0,0.0
1983-03-31 00:00:00-05:00,0.0,1.1092767715454102,1.1007439062600555,1.1092767715454102,151200,0.0,0.0
1983-04-04 00:00:00-05:00,0.0,1.1263421773910522,1.1007435889150754,1.1263421773910522,537300,0.0,0.0
1983-04-05 00:00:00-05:00,0.0,1.1263424576685952,1.1178095927199627,1.1220759153366089,140400,0.0,0.0
1983-04-06 00:00:00-05:00,0.0,1.1263424406875042,1.1135430335998535,1.1135430335998535,187650,0.0,0.0
1983-04-07 00:00:00-05:00,0.0,1.109276514699702,1.0964771098776136,1.1007436513900757,146475,0.0,0.0
1983-04-08 00:00:00-05:00,0.0,1.113542656162992,1.1007434731289794,1.1050097942352295,110700,0.0,0.0
1983-04-11 00:00:00-05:00,0.0,1.1007436513900757,1.0922106782228007,1.1007436513900757,170775,0.0,0.0
1983-04-12 00:00:00-05:00,0.0,1.109276607558827,1.0751450416054718,1.0922107696533203,164025,0.0,0.0
1983-04-13 00:00:00-05:00,0.0,1.100743785418526,1.0794114048316956,1.0879442691802979,93825,0.0,0.0
1983-04-14 00:00:00-05:00,0.0,1.1220758984198416,1.0708785996422443,1.1135430335998535,461025,0.0,0.0
1983-04-15 00:00:00-05:00,0.0,1.1263421773910522,1.113542773295421,1.1263421773910522,270000,0.0,0.0
1983-04-18 00:00:00-05:00,0.0,1.1348756886446898,1.1135433017425165,1.1306090354919434,406350,0.0,0.0
1983-04-19 00:00:00-05:00,0.0,1.1562083085036567,1.1348760251341796,1.1434088945388794,215325,0.0,0.0
1983-04-20 00:00:00-05:00,0.0,1.169007420539856,1.139142269866014,1.169007420539856,687825,0.0,0.0
1983-04-21 00:00:00-05:00,0.0,1.203137755393982,1.1775391755805318,1.203137755393982,340875,0.0,0.0
1983-04-22 00:00:00-05:00,0.0,1.2244701249537349,1.1946048954561652,1.203137755393982,420525,0.0,0.0
1983-04-25 00:00:00-04:00,0.0,1.2074046148985162,1.164740194055798,1.1860723495483398,95175,0.0,0.0
1983-04-26 00:00:00-04:00,0.0,1.1946055889129639,1.1519411545999902,1.1946055889129639,282150,0.0,0.0
1983-04-27 00:00:00-04:00,0.0,1.1946055889129639,1.181806401434042,1.1946055889129639,144450,0.0,0.0
1983-04-28 00:00:00-04:00,0.0,1.1988721312161637,1.1860727240219031,1.1946055889129639,336825,0.0,0.0
1983-04-29 00:00:00-04:00,0.0,1.2031380739423732,1.1860723495483398,1.1860723495483398,596700,0.0,0.0
1983-05-02 00:00:00-04:00,0.0,1.1775403282658092,1.1562081575393677,1.1562081575393677,120825,0.0,0.0
1983-05-03 00:00:00-04:00,0.0,1.1735285759711136,1.112903385148555,1.1562069654464722,353700,0.07407,0.0
1983-05-04 00:00:00-04:00,0.0,1.1735285759711136,1.1518767300704442,1.1562069654464722,355050,0.0,0.0
1983-05-05 00:00:00-04:00,0.0,1.1648674011230469,1.1562067092829682,1.1648674011230469,815400,0.0,0.0
1983-05-06 00:00:00-04:00,0.0,1.1995110511779785,1.1691983928778258,1.1995110511779785,133650,0.0,0.0
1983-05-09 00:00:00-04:00,0.0,1.22116219997406,1.177858626472979,1.22116219997406,353700,0.0,0.0
1983-05-10 00:00:00-04:00,0.0,1.2471439838409424,1.2384832942527515,1.2471439838409424,294975,0.0,0.0
1983-05-11 00:00:00-04:00,0.0,1.2471444180334645,1.2384837254300591,1.2428141832351685,206550,0.0,0.0
1983-05-12 00:00:00-04:00,0.0,1.2471439838409424,1.234153060962024,1.2471439838409424,154575,0.0,0.0
1983-05-13 00:00:00-04:00,0.0,1.2601347553190387,1.2428133812891329,1.2558043003082275,164700,0.0,0.0
1983-05-16 00:00:00-04:00,0.0,1.2558054354365569,1.229823350906372,1.229823350906372,415800,0.0,0.0
1983-05-17 00:00:00-04:00,0.0,1.247143999442322,1.229822620049255,1.2384833097457886,85725,0.0,0.0
1983-05-18 00:00:00-04:00,0.0,1.2471437139518862,1.2298223385239495,1.2341527938842773,132300,0.0,0.0
1983-05-19 00:00:00-04:00,0.0,1.238484045749767,1.2211625445595418,1.229823350906372,151200,0.0,0.0
1983-05-20 00:00:00-04:00,0.0,1.2384838329074148,1.1778587564156344,1.190850019454956,362475,0.0,0.0
1983-05-23 00:00:00-04:00,0.0,1.1865192832190037,1.1735283565134669,1.177858591079712,247725,0.0,0.0
1983-05-24 00:00:00-04:00,0.0,1.1865192832190037,1.1691978989404201,1.177858591079712,179550,0.0,0.0
1983-05-25 00:00:00-04:00,0.0,1.1778588113471415,1.1562069654464722,1.1562069654464722,120825,0.0,0.0
1983-05-26 00:00:00-04:00,0.0,1.190850019454956,1.1648676048797295,1.190850019454956,257850,0.0,0.0
1983-05-27 00:00:00-04:00,0.0,1.190849811153473,1.1605371667064044,1.1648674011230469,944325,0.0,0.0
1983-05-31 00:00:00-04:00,0.0,1.173528315969919,1.1605371667064044,1.1648674011230469,130950,0.0,0.0
1983-06-01 00:00:00-04:00,0.0,1.1648667917212099,1.134554386138916,1.134554386138916,159300,0.0,0.0
1983-06-02 00:00:00-04:00,0.0,1.1518767620527746,1.1302248040475082,1.138885498046875,494775,0.0,0.0
1983-06-03 00:00:00-04:00,0.0,1.1562069654464722,1.1258945372903253,1.1562069654464722,116100,0.0,0.0
1983-06-06 00:00:00-04:00,0.0,1.1605374238293433,1.1518767300704442,1.1562069654464722,155925,0.0,0.0
1983-06-07 00:00:00-04:00,0.0,1.1691978585464828,1.1562067092829682,1.1648674011230469,149850,0.0,0.0
1983-06-08 00:00:00-04:00,0.0,1.1691975593566895,1.147545612290287,1.1691975593566895,153225,0.0,0.0
1983-06-09 00:00:00-04:00,0.0,1.1605374238293433,1.1518767300704442,1.1562069654464722,74925,0.0,0.0
1983-06-10 00:00:00-04:00,0.0,1.1691975593566895,1.1562064134175216,1.1691975593566895,94500,0.0,0.0
1983-06-13 00:00:00-04:00,0.0,1.1778586676939762,1.1605372822887166,1.1735284328460693,94500,0.0,0.0
1983-06-14 00:00:00-04:00,0.0,1.186519360396606,1.1691979749913464,1.1735284328460693,545400,0.0,0.0
1983-06-15 00:00:00-04:00,0.0,1.1821892261505127,1.151876687608367,1.1821892261505127,118125,0.0,0.0
1983-06-16 00:00:00-04:00,0.0,1.177858591079712,1.1691978989404201,1.177858591079712,63450,0.0,0.0
1983-06-17 00:00:00-04:00,0.0,1.1821890486527586,1.1691978989404201,1.177858591079712,727650,0.0,0.0
1983-06-20 00:00:00-04:00,0.0,1.173527804413066,1.1302240295791914,1.1518759727478027,205200,0.0,0.0
1983-06-21 00:00:00-04:00,0.0,1.1605375562087172,1.1215642068412437,1.1258946657180786,260550,0.0,0.0
1983-06-22 00:00:00-04:00,0.0,1.1605374560521413,1.1172338745518826,1.138885498046875,349650,0.0,0.0
1983-06-23 00:00:00-04:00,0.0,1.1605381592756758,1.1388861881504826,1.1475468873977661,62100,0.0,0.0
1983-06-24 00:00:00-04:00,0.0,1.1518760533802526,1.1258938758638286,1.1302241086959839,479925,0.0,0.0
1983-06-27 00:00:00-04:00,0.0,1.1518758589465277,1.1302239179170517,1.1432150602340698,1310175,0.0,0.0
1983-06-28 00:00:00-04:00,0.0,1.1432150734481428,1.134554386138916,1.134554386138916,294300,0.0,0.0
1983-06-29 00:00:00-04:00,0.0,1.1562062052768376,1.1258937970501566,1.1518759727478027,209925,0.0,0.0
1983-06-30 00:00:00-04:00,0.0,1.1605370044708252,1.143215511708704,1.1605370044708252,315225,0.0,0.0
1983-07-01 00:00:00-04:00,0.0,1.1951805353164673,1.1691983376461699,1.1951805353164673,323325,0.0,0.0
1983-07-05 00:00:00-04:00,0.0,1.2038413654413103,1.1821896245456331,1.1865198612213135,261900,0.0,0.0
1983-07-06 00:00:00-04:00,0.0,1.2081714868545532,1.1951803344510137,1.2081714868545532,182250,0.0,0.0
1983-07-07 00:00:00-04:00,0.0,1.2125017642974854,1.2081715286842811,1.2125017642974854,297675,0.0,0.0
1983-07-08 00:00:00-04:00,0.0,1.2125020617995812,1.1778591648630425,1.1865198612213135,359100,0.0,0.0
1983-07-11 00:00:00-04:00,0.0,1.1951798784916863,1.1605370044708252,1.1605370044708252,131625,0.0,0.0
1983-07-12 00:00:00-04:00,0.0,1.1518758722607083,1.134554386138916,1.134554386138916,108675,0.0,0.0
1983-07-13 00:00:00-04:00,0.0,1.1432150602340698,1.1302239179170517,1.1432150602340698,257850,0.0,0.0
1983-07-14 00:00:00-04:00,0.0,1.143215253205874,1.1258938758638286,1.1302241086959839,122850,0.0,0.0
1983-07-15 00:00:00-04:00,0.0,1.1172339473088928,1.0912517521153435,1.1042426824569702,277425,0.0,0.0
1983-07-18 00:00:00-04:00,0.0,1.0955817956053073,1.0522782188853317,1.0566086769104004,484650,0.0,0.0
1983-07-19 00:00:00-04:00,0.0,1.0739295672999287,1.0479471683502197,1.0479471683502197,368550,0.0,0.0
1983-07-20 00:00:00-04:00,0.0,1.1085734367370605,1.0522786840626694,1.1085734367370605,936900,0.0,0.0
1983-07-21 00:00:00-04:00,0.0,1.1518758589465277,1.1085721998942502,1.1432150602340698,267975,0.0,0.0
1983-07-22 00:00:00-04:00,0.0,1.1432150602340698,1.1388846051261723,1.1432150602340698,90450,0.0,0.0
1983-07-25 00:00:00-04:00,0.0,1.143215253205874,1.1302241086959839,1.1302241086959839,128250,0.0,0.0
1983-07-26 00:00:00-04:00,0.0,1.1302244673538901,1.0999120473861694,1.0999120473861694,193050,0.0,0.0
1983-07-27 00:00:00-04:00,0.0,1.1085721639339596,1.082590103149414,1.082590103149414,343575,0.0,0.0
1983-07-28 00:00:00-04:00,0.0,1.0913916077543482,1.0825899839401245,1.0825899839401245,105300,0.07407,0.0
1983-07-29 00:00:00-04:00,0.0,1.0957915280478259,1.0429822732058387,1.0561845302581787,357075,0.0,0.0
1983-08-01 00:00:00-04:00,0.0,1.0517841254415932,1.0253794921406503,1.034180998802185,158625,0.0,0.0
1983-08-02 00:00:00-04:00,0.0,1.0473831454781484,1.0121771188320094,1.034180998802185,365850,0.0,0.0
1983-08-03 00:00:00-04:00,0.0,1.0693873167037964,1.0121772872517643,1.0693873167037964,454275,0.0,0.0
1983-08-04 00:00:00-04:00,0.0,1.069387050412418,1.0341809133586548,1.0517840385437012,210600,0.0,0.0
1983-08-05 00:00:00-04:00,0.0,1.060585632103128,1.034180998802185,1.034180998802185,168075,0.0,0.0
1983-08-08 00:00:00-04:00,0.0,1.0385815823504556,1.020978569984436,1.020978569984436,80325,0.0,0.0
1983-08-09 00:00:00-04:00,0.0,1.0737882852554321,1.0033757603473488,1.0737882852554321,497475,0.0,0.0
1983-08-10 00:00:00-04:00,0.0,1.10899342551225,1.0737873084025191,1.1045925617218018,778275,0.0,0.0
1983-08-11 00:00:00-04:00,0.0,1.1486005783081055,1.113394448982957,1.1486005783081055,459000,0.0,0.0
1983-08-12 00:00:00-04:00,0.0,1.1618037020754808,1.1397998144648462,1.1442006826400757,386100,0.0,0.0
1983-08-15 00:00:00-04:00,0.0,1.1618032455444336,1.1442002330261394,1.1618032455444336,199800,0.0,0.0
1983-08-16 00:00:00-04:00,0.0,1.214612684872114,1.1706050339143956,1.1750056743621826,268650,0.0,0.0
1983-08-17 00:00:00-04:00,0.0,1.2410176302933376,1.1750060747072941,1.2322161197662354,818775,0.0,0.0
1983-08-18 00:00:00-04:00,0.0,1.2762231552954582,1.2322155110822466,1.2586201429367065,433350,0.0,0.0
1983-08-19 00:00:00-04:00,0.0,1.258620909466031,1.2102125959976784,1.2498193979263306,240300,0.0,0.0
1983-08-22 00:00:00-04:00,0.0,1.276222989026226,1.2630208447935,1.2674214839935303,734400,0.0,0.0
1983-08-23 00:00:00-04:00,0.0,1.2762236124891886,1.1794067831997754,1.197009801864624,878850,0.0,0.0
1983-08-24 00:00:00-04:00,0.0,1.2278153195503396,1.1970098100436188,1.2190138101577759,98550,0.0,0.0
1983-08-25 00:00:00-04:00,0.0,1.2058113419599361,1.1530021713017398,1.192609190940857,209250,0.0,0.0
1983-08-26 00:00:00-04:00,0.0,1.1926086115087515,1.1794062402713281,1.188207745552063,141075,0.0,0.0
1983-08-29 00:00:00-04:00,0.0,1.192609190940857,1.1794068132890259,1.192609190940857,32400,0.0,0.0
1983-08-30 00:00:00-04:00,0.0,1.2014106512069702,1.192609142011104,1.2014106512069702,292275,0.0,0.0
1983-08-31 00:00:00-04:00,0.0,1.2058113419599361,1.1882083228459959,1.192609190940857,226125,0.0,0.0
1983-09-01 00:00:00-04:00,0.0,1.2410176302933376,1.197009964341438,1.2322161197662354,294300,0.0,0.0
1983-09-02 00:00:00-04:00,0.0,1.2410179026325014,1.2234148777153446,1.2278157472610474,319275,0.0,0.0
1983-09-06 00:00:00-04:00,0.0,1.2542192935943604,1.227814666151881,1.2542192935943604,132975,0.0,0.0
1983-09-07 00:00:00-04:00,0.0,1.2674222751910327,1.2322161197662354,1.2322161197662354,348975,0.0,0.0
1983-09-08 00:00:00-04:00,0.0,1.3026284289593888,1.236616986773675,1.2982277870178223,350325,0.0,0.0
1983-09-09 00:00:00-04:00,0.0,1.302627478454193,1.2674213487634804,1.271822214126587,214650,0.0,0.0
1983-09-12 00:00:00-04:00,0.0,1.2894258618383452,1.2718227331510874,1.285024881362915,99225,0.0,0.0
1983-09-13 00:00:00-04:00,0.0,1.2762233018875122,1.2542196472279783,1.2762233018875122,127575,0.0,0.0
1983-09-14 00:00:00-04:00,0.0,1.2982273695237982,1.276223373677462,1.285024881362915,64800,0.0,0.0
1983-09-15 00:00:00-04:00,0.0,1.293826112407935,1.2630208447935,1.2674214839935303,233550,0.0,0.0
1983-09-16 00:00:00-04:00,0.0,1.2894254732079051,1.245417721411791,1.2674214839935303,198450,0.0,0.0
1983-09-19 00:00:00-04:00,0.0,1.346635103225708,1.2762226295330321,1.346635103225708,226800,0.0,0.0
1983-09-20 00:00:00-04:00,0.0,1.337834658720298,1.3114300168611523,1.324632167816162,520425,0.0,0.0
1983-09-21 00:00:00-04:00,0.0,1.34663586575259,1.3246318702767448,1.337834358215332,961200,0.0,0.0
1983-09-22 00:00:00-04:00,0.0,1.3246316463374455,1.311429500579834,1.311429500579834,735075,0.0,0.0
1983-09-23 00:00:00-04:00,0.0,1.3246312415817316,1.3026273698656896,1.3202306032180786,979425,0.0,0.0
1983-09-26 00:00:00-04:00,0.0,1.337834358215332,1.3202312298244658,1.337834358215332,595350,0.0,0.0
1983-09-27 00:00:00-04:00,0.0,1.3378344057995295,1.3158304095410445,1.3290328979492188,259875,0.0,0.0
1983-09-28 00:00:00-04:00,0.0,1.3290328979492188,1.320231276782554,1.3290328979492188,266625,0.0,0.0
1983-09-29 00:00:00-04:00,0.0,1.33343353855802,1.3246319173913552,1.3290328979492188,928125,0.0,0.0
1983-09-30 00:00:00-04:00,0.0,1.3334332854103985,1.2498186367573307,1.2586201429367065,309825,0.0,0.0
1983-10-03 00:00:00-04:00,0.0,1.285024881362915,1.2454180967783766,1.285024881362915,328050,0.0,0.0
1983-10-04 00:00:00-04:00,0.0,1.3290328979492188,1.289425885990112,1.3290328979492188,173475,0.0,0.0
1983-10-05 00:00:00-04:00,0.0,1.3730409588442898,1.3378348036567722,1.3642393350601196,760050,0.0,0.0
1983-10-06 00:00:00-04:00,0.0,1.3950435198351325,1.3642382575291456,1.3906428813934326,320625,0.0,0.0
1983-10-07 00:00:00-04:00,0.0,1.399444384909429,1.3862420163191362,1.3906428813934326,380025,0.0,0.0
1983-10-10 00:00:00-04:00,0.0,1.4082460781788664,1.3862420915619411,1.3994444608688354,267300,0.0,0.0
1983-10-11 00:00:00-04:00,0.0,1.3994454902476372,1.3642393350601196,1.3642393350601196,321300,0.0,0.0
1983-10-12 00:00:00-04:00,0.0,1.3686396832756174,1.3290328979492188,1.3290328979492188,140400,0.0,0.0
1983-10-13 00:00:00-04:00,0.0,1.3554374215001512,1.3246319173913552,1.3290328979492188,68850,0.0,0.0
1983-10-14 00:00:00-04:00,0.0,1.3290322198942732,1.3202306032180786,1.3202306032180786,100575,0.0,0.0
1983-10-17 00:00:00-04:00,0.0,1.337834658720298,1.3202315263754092,1.324632167816162,96525,0.0,0.0
1983-10-18 00:00:00-04:00,0.0,1.3334333573375101,1.311429590702159,1.3158302307128906,117450,0.0,0.0
1983-10-19 00:00:00-04:00,0.0,1.3334337906467943,1.3158306583019053,1.324632167816162,107325,0.0,0.0
1983-10-20 00:00:00-04:00,0.0,1.3334337906467943,1.3158306583019053,1.324632167816162,95175,0.0,0.0
1983-10-21 00:00:00-04:00,0.0,1.337834358215332,1.3158303627394867,1.337834358215332,66150,0.0,0.0
1983-10-24 00:00:00-04:00,0.0,1.3290326259947547,1.2938262618485823,1.311429500579834,266625,0.0,0.0
1983-10-25 00:00:00-04:00,0.0,1.315830277413294,1.298227263480261,1.3070287704467773,70200,0.0,0.0
1983-10-26 00:00:00-04:00,0.0,1.2938272549019874,1.2762241159760999,1.2806249856948853,75600,0.0,0.0
1983-10-27 00:00:00-04:00,0.0,1.3029329806157621,1.285084649725302,1.2895468473434448,386100,0.07407,0.0
1983-10-28 00:00:00-04:00,0.0,1.302933376838272,1.2806230713361528,1.2940092086791992,747900,0.0,0.0
1983-10-31 00:00:00-05:00,0.0,1.3073958979371083,1.2716991047471509,1.2761610746383667,184950,0.0,0.0
1983-11-01 00:00:00-05:00,0.0,1.2850850820541382,1.249388293368562,1.2850850820541382,596700,0.0,0.0
1983-11-02 00:00:00-05:00,0.0,1.289547281173456,1.2583124618160646,1.2850850820541382,173475,0.0,0.0
1983-11-03 00:00:00-05:00,0.0,1.3341682375418136,1.2984714488766982,1.3252440690994263,588600,0.0,0.0
1983-11-04 00:00:00-05:00,0.0,1.3520174026489258,1.3163205951501118,1.3520174026489258,1628100,0.0,0.0
1983-11-07 00:00:00-05:00,0.0,1.4010997228903284,1.3475546020279243,1.392175555229187,219375,0.0,0.0
1983-11-08 00:00:00-05:00,0.0,1.4367972612380981,1.3921762846577455,1.4367972612380981,542025,0.0,0.0
1983-11-09 00:00:00-05:00,0.0,1.463568925857544,1.436796424439169,1.463568925857544,877500,0.0,0.0
1983-11-10 00:00:00-05:00,0.0,1.4724940061569214,1.4591077481908128,1.4724940061569214,374625,0.0,0.0
1983-11-11 00:00:00-05:00,0.0,1.48141737503201,1.463568925857544,1.463568925857544,1003725,0.0,0.0
1983-11-14 00:00:00-05:00,0.0,1.4992660284042358,1.445720899275765,1.4992660284042358,419175,0.0,0.0
1983-11-15 00:00:00-05:00,0.0,1.5171148550277862,1.4814180551851799,1.4858802556991577,263250,0.0,0.0
1983-11-16 00:00:00-05:00,0.0,1.4992654224674595,1.427871984115427,1.4457203149795532,2020275,0.0,0.0
1983-11-17 00:00:00-05:00,0.0,1.4457216244156132,1.3832521800195532,1.3877142667770386,477900,0.0,0.0
1983-11-18 00:00:00-05:00,0.0,1.37878895314952,1.338630202192726,1.3654028177261353,561600,0.0,0.0
1983-11-21 00:00:00-05:00,0.0,1.4234094171896208,1.3921749586557424,1.405561089515686,594000,0.0,0.0
1983-11-22 00:00:00-05:00,0.0,1.427872378376529,1.4100239276885986,1.4100239276885986,996300,0.0,0.0
1983-11-23 00:00:00-05:00,0.0,1.4278724913230214,1.4100240392232561,1.423410177230835,153225,0.0,0.0
1983-11-25 00:00:00-05:00,0.0,1.4278724913230214,1.4189482078253544,1.423410177230835,95175,0.0,0.0
1983-11-28 00:00:00-05:00,0.0,1.427871737050634,1.4100232943792979,1.418947458267212,197775,0.0,0.0
1983-11-29 00:00:00-05:00,0.0,1.418948489105519,1.3877137779109054,1.414486289024353,178875,0.0,0.0
1983-11-30 00:00:00-05:00,0.0,1.4144863846424496,1.3743276152575787,1.3832517862319946,213975,0.0,0.0
1983-12-01 00:00:00-05:00,0.0,1.3921760721020093,1.3564792733087474,1.3832517862319946,148500,0.0,0.0
1983-12-02 00:00:00-05:00,0.0,1.3921755484863607,1.3654029307370503,1.3787890672683716,153900,0.0,0.0
1983-12-05 00:00:00-05:00,0.0,1.3832525609380593,1.360942006111145,1.360942006111145,157275,0.0,0.0
1983-12-06 00:00:00-05:00,0.0,1.4055622486032067,1.3698654489227027,1.4011002779006958,257850,0.0,0.0
1983-12-07 00:00:00-05:00,0.0,1.4010997228903284,1.38771335650306,1.392175555229187,141075,0.0,0.0
1983-12-08 00:00:00-05:00,0.0,1.3921755484863607,1.3787890672683716,1.3787890672683716,67500,0.0,0.0
1983-12-09 00:00:00-05:00,0.0,1.383250990985721,1.3698646273244666,1.3743268251419067,777600,0.0,0.0
1983-12-12 00:00:00-05:00,0.0,1.4011002779006958,1.378789620118928,1.4011002779006958,160650,0.0,0.0
1983-12-13 00:00:00-05:00,0.0,1.4144863846424496,1.3832517862319946,1.3832517862319946,236925,0.0,0.0
1983-12-14 00:00:00-05:00,0.0,1.3921758324485014,1.3654032092383783,1.3698651790618896,120825,0.0,0.0
1983-12-15 00:00:00-05:00,0.0,1.3743268251419067,1.3654026592980926,1.3743268251419067,190350,0.0,0.0
1983-12-16 00:00:00-05:00,0.0,1.3877132349243542,1.3564786508468476,1.3654028177261353,265275,0.0,0.0
1983-12-19 00:00:00-05:00,0.0,1.3654037772707481,1.343093114602502,1.3520174026489258,95175,0.0,0.0
1983-12-20 00:00:00-05:00,0.0,1.36540357820654,1.347555234507083,1.3564794063568115,369225,0.0,0.0
1983-12-21 00:00:00-05:00,0.0,1.405561089515686,1.365402352249333,1.405561089515686,276750,0.0,0.0
1983-12-22 00:00:00-05:00,0.0,1.436795900938548,1.405561097539833,1.418947458267212,204525,0.0,0.0
1983-12-23 00:00:00-05:00,0.0,1.4278727743722595,1.4100243187343697,1.414486289024353,56700,0.0,0.0
1983-12-27 00:00:00-05:00,0.0,1.423409425315661,1.4100232943792979,1.418947458267212,514350,0.0,0.0
1983-12-28 00:00:00-05:00,0.0,1.4189486202931467,1.3921761067044702,1.4011002779006958,151875,0.0,0.0
1983-12-29 00:00:00-05:00,0.0,1.410023286329677,1.4010991224927096,1.405561089515686,76275,0.0,0.0
1983-12-30 00:00:00-05:00,0.0,1.4367972612380981,1.4144866006044967,1.4367972612380981,119475,0.0,0.0
1984-01-03 00:00:00-05:00,0.0,1.441259232510955,1.423410772941444,1.4367972612380981,203850,0.0,0.0
1984-01-04 00:00:00-05:00,0.0,1.441259232510955,1.432335060174008,1.4367972612380981,193725,0.0,0.0
1984-01-05 00:00:00-05:00,0.0,1.5528112649917603,1.4412586929584956,1.5528112649917603,596700,0.0,0.0
1984-01-06 00:00:00-05:00,0.0,1.5528112724282805,1.4814176903266036,1.4992660284042358,729675,0.0,0.0
1984-01-09 00:00:00-05:00,0.0,1.4903422264219308,1.4680319132256558,1.4858802556991577,302400,0.0,0.0
1984-01-10 00:00:00-05:00,0.0,1.4992656355230605,1.485879500368235,1.4948036670684814,57375,0.0,0.0
1984-01-11 00:00:00-05:00,0.0,1.508189917118851,1.485879500368235,1.4948036670684814,110700,0.0,0.0
1984-01-12 00:00:00-05:00,0.0,1.4992663976586817,1.4858802556991577,1.4858802556991577,85725,0.0,0.0
1984-01-13 00:00:00-05:00,0.0,1.4948046255203775,1.4591078209354587,1.481418251991272,239625,0.0,0.0
1984-01-16 00:00:00-05:00,0.0,1.48141737503201,1.4546447587180857,1.463568925857544,31725,0.0,0.0
1984-01-17 00:00:00-05:00,0.0,1.4591073565469526,1.4457209872783119,1.4546451568603516,62100,0.0,0.0
1984-01-18 00:00:00-05:00,0.0,1.4546444804116163,1.4367961495474901,1.4457203149795532,81000,0.0,0.0
1984-01-19 00:00:00-05:00,0.0,1.4724942355564594,1.4278732538223267,1.4278732538223267,176850,0.0,0.0
1984-01-20 00:00:00-05:00,0.0,1.4412578679869972,1.418947458267212,1.418947458267212,290250,0.0,0.0
1984-01-23 00:00:00-05:00,0.0,1.3564788892164235,1.2761609136066359,1.2850850820541382,980100,0.0,0.0
1984-01-24 00:00:00-05:00,0.0,1.2940087728723073,1.258311997362706,1.2716984748840332,941625,0.0,0.0
1984-01-25 00:00:00-05:00,0.0,1.3073958882677958,1.2672368956924702,1.3029335737228394,532575,0.0,0.0
1984-01-26 00:00:00-05:00,0.0,1.3207818280519805,1.2850850405201264,1.2940092086791992,141750,0.0,0.0
1984-01-27 00:00:00-05:00,0.0,1.2940089300912145,1.2538501820211885,1.2627743482589722,152550,0.0,0.0
1984-01-30 00:00:00-05:00,0.0,1.2716987876008305,1.2404639720916748,1.2404639720916748,614925,0.0,0.0
1984-01-31 00:00:00-05:00,0.0,1.2449266157596188,1.1958434480057378,1.2360024452209473,1308150,0.0,0.0
1984-02-01 00:00:00-05:00,0.0,1.2360023661361141,1.2136917114257812,1.2136917114257812,475875,0.0,0.0
1984-02-02 00:00:00-05:00,0.0,1.2315407229949118,1.1869197380893552,1.22261643409729,840375,0.0,0.0
1984-02-03 00:00:00-05:00,0.0,1.2497847786293064,1.236200213432312,1.236200213432312,347625,0.07407,0.0
1984-02-06 00:00:00-05:00,0.0,1.2361990677809924,1.168276071548462,1.168276071548462,1609875,0.0,0.0
1984-02-07 00:00:00-05:00,0.0,1.1954450607299805,1.163747657791603,1.1954450607299805,871425,0.0,0.0
1984-02-08 00:00:00-05:00,0.0,1.1954455792944103,1.1592199768789981,1.1863892078399658,1088775,0.0,0.0
1984-02-09 00:00:00-05:00,0.0,1.2045020673464892,1.1773328363855213,1.1863892078399658,128250,0.0,0.0
1984-02-10 00:00:00-05:00,0.0,1.2135579586029053,1.1818604378596107,1.2135579586029053,202500,0.0,0.0
1984-02-13 00:00:00-05:00,0.0,1.2226146459579468,1.1999734871691317,1.2226146459579468,45225,0.0,0.0
1984-02-14 00:00:00-05:00,0.0,1.2316710161953779,1.2045019054830846,1.2226146459579468,60750,0.0,0.0
1984-02-15 00:00:00-05:00,0.0,1.2226148291367385,1.177332854567573,1.1818609237670898,459000,0.0,0.0
1984-02-16 00:00:00-05:00,0.0,1.1909172769695537,1.1728045340606648,1.1863892078399658,93825,0.0,0.0
1984-02-17 00:00:00-05:00,0.0,1.1909172769695537,1.1682764649310768,1.1863892078399658,140400,0.0,0.0
1984-02-21 00:00:00-05:00,0.0,1.181860584362116,1.1320505548978042,1.1501632928848267,457650,0.0,0.0
1984-02-22 00:00:00-05:00,0.0,1.1501632928848267,1.08676836013744,1.1501632928848267,520425,0.0,0.0
1984-02-23 00:00:00-05:00,0.0,1.1501632292113046,1.1094093378014516,1.1365785598754883,401625,0.0,0.0
1984-02-24 00:00:00-05:00,0.0,1.1863888083584193,1.1365785489358462,1.168276071548462,749925,0.0,0.0
1984-02-27 00:00:00-05:00,0.0,1.1954450607299805,1.1592194740286326,1.1954450607299805,720900,0.0,0.0
1984-02-28 00:00:00-05:00,0.0,1.2045020673464892,1.1818609055151093,1.1863892078399658,533250,0.0,0.0
1984-02-29 00:00:00-05:00,0.0,1.1863897303933375,1.1728050506305725,1.1773333549499512,587925,0.0,0.0
1984-03-01 00:00:00-05:00,0.0,1.1909172953613956,1.177332854567573,1.1818609237670898,845775,0.0,0.0
1984-03-02 00:00:00-05:00,0.0,1.2090305089950562,1.1909176439077092,1.2090305089950562,174150,0.0,0.0
1984-03-05 00:00:00-05:00,0.0,1.2090294570421198,1.1999729740794804,1.2045013904571533,26325,0.0,0.0
1984-03-06 00:00:00-05:00,0.0,1.2090294570421198,1.1999729740794804,1.2045013904571533,147825,0.0,0.0
1984-03-07 00:00:00-05:00,0.0,1.213557756822224,1.195444907494514,1.2045013904571533,226800,0.0,0.0
1984-03-08 00:00:00-05:00,0.0,1.2090294570421198,1.195444907494514,1.2045013904571533,133650,0.0,0.0
1984-03-09 00:00:00-05:00,0.0,1.2090305089950562,1.1954459476277985,1.2090305089950562,123525,0.0,0.0
1984-03-12 00:00:00-05:00,0.0,1.2135588127151455,1.2045024384703071,1.2090305089950562,629775,0.0,0.0
1984-03-13 00:00:00-05:00,0.0,1.2090294570421198,1.1999729740794804,1.2045013904571533,45900,0.0,0.0
1984-03-14 00:00:00-05:00,0.0,1.2045020673464892,1.1818609055151093,1.1863892078399658,87075,0.0,0.0
1984-03-15 00:00:00-05:00,0.0,1.1682769488806863,1.1320513314590948,1.1592204570770264,310500,0.0,0.0
1984-03-16 00:00:00-05:00,0.0,1.1909172168247701,1.1592199183350202,1.1728044748306274,390150,0.0,0.0
1984-03-19 00:00:00-05:00,0.0,1.1637478463750934,1.1411069238913154,1.1501632928848267,160650,0.0,0.0
1984-03-20 00:00:00-05:00,0.0,1.163748644680015,1.1501640818710492,1.1592204570770264,240975,0.0,0.0
1984-03-21 00:00:00-05:00,0.0,1.1728050198859923,1.1501640818710492,1.1592204570770264,321975,0.0,0.0
1984-03-22 00:00:00-05:00,0.0,1.1637476682662964,1.1592194844625685,1.1637476682662964,167400,0.0,0.0
1984-03-23 00:00:00-05:00,0.0,1.1682768486335118,1.1501639831780983,1.1546920537948608,511650,0.0,0.0
1984-03-26 00:00:00-05:00,0.0,1.1773333549499512,1.145635807702728,1.1773333549499512,811350,0.0,0.0
1984-03-27 00:00:00-05:00,0.0,1.1818614260739586,1.1728050506305725,1.1773333549499512,488025,0.0,0.0
1984-03-28 00:00:00-05:00,0.0,1.1863888083584193,1.168276071548462,1.168276071548462,542700,0.0,0.0
1984-03-29 00:00:00-05:00,0.0,1.163747781949525,1.1365785598754883,1.1365785598754883,1161675,0.0,0.0
1984-03-30 00:00:00-05:00,0.0,1.1501632928848267,1.1320505548978042,1.1501632928848267,206550,0.0,0.0
1984-04-02 00:00:00-05:00,0.0,1.1501633726740215,1.1275223320219852,1.132050633430481,378000,0.0,0.0
1984-04-03 00:00:00-05:00,0.0,1.1365787016437554,1.132050633430481,1.132050633430481,197775,0.0,0.0
1984-04-04 00:00:00-05:00,0.0,1.1365791039749007,1.1229946613311768,1.1229946613311768,215325,0.0,0.0
1984-04-05 00:00:00-05:00,0.0,1.1320511713411916,1.1184663772583008,1.1184663772583008,263925,0.0,0.0
1984-04-06 00:00:00-05:00,0.0,1.1094097745639973,1.0731841697361877,1.0912970304489136,301725,0.0,0.0
1984-04-09 00:00:00-05:00,0.0,1.10035337863137,1.0867687042421705,1.0958250761032104,510300,0.0,0.0
1984-04-10 00:00:00-05:00,0.0,1.1139386892318726,1.0958257019695212,1.1139386892318726,254475,0.0,0.0
1984-04-11 00:00:00-05:00,0.0,1.1094097504924099,1.0958250761032104,1.0958250761032104,210600,0.0,0.0
1984-04-12 00:00:00-05:00,0.0,1.1003530025482178,1.0867683328020425,1.1003530025482178,195750,0.0,0.0
1984-04-13 00:00:00-05:00,0.0,1.1184667611509012,1.104882312198403,1.1139386892318726,322650,0.0,0.0
1984-04-16 00:00:00-05:00,0.0,1.1139381118799794,1.100353436772979,1.1094098091125488,110025,0.0,0.0
1984-04-17 00:00:00-05:00,0.0,1.1546911592609084,1.1139375059026604,1.1411067247390747,272025,0.0,0.0
1984-04-18 00:00:00-05:00,0.0,1.1546920537948608,1.1456356793659905,1.1546920537948608,143100,0.0,0.0
1984-04-19 00:00:00-05:00,0.0,1.1682759686676092,1.1501631168551125,1.1637476682662964,149850,0.0,0.0
1984-04-23 00:00:00-05:00,0.0,1.1728050198859923,1.1501640818710492,1.1592204570770264,143775,0.0,0.0
1984-04-24 00:00:00-05:00,0.0,1.1909178495407104,1.1637487221149658,1.1909178495407104,137025,0.0,0.0
1984-04-25 00:00:00-05:00,0.0,1.213557756822224,1.181860241349339,1.2045013904571533,164700,0.0,0.0
1984-04-26 00:00:00-05:00,0.0,1.2420396854121865,1.2236391676728267,1.2282391786575317,285525,0.07704,0.0
1984-04-27 00:00:00-05:00,0.0,1.2374395205822741,1.2236392498016357,1.2236392498016357,351000,0.0,0.0
1984-04-30 00:00:00-04:00,0.0,1.2420401573181152,1.2236396325875831,1.2420401573181152,212625,0.0,0.0
1984-05-01 00:00:00-04:00,0.0,1.2650410875265188,1.2420401940330827,1.2466404438018799,454950,0.0,0.0
1984-05-02 00:00:00-04:00,0.0,1.297241938831542,1.265041136797273,1.2834416627883911,847800,0.0,0.0
1984-05-03 00:00:00-04:00,0.0,1.2880419787627513,1.2604410648345947,1.2604410648345947,616275,0.0,0.0
1984-05-04 00:00:00-04:00,0.0,1.269641448444124,1.2604410648345947,1.2604410648345947,71550,0.0,0.0
1984-05-07 00:00:00-04:00,0.0,1.251240225433807,1.2236394426229098,1.2328397035598755,155925,0.0,0.0
1984-05-08 00:00:00-04:00,0.0,1.2420396854121865,1.219038801337717,1.2282391786575317,243000,0.0,0.0
1984-05-09 00:00:00-04:00,0.0,1.2282389432847083,1.2052383005182226,1.214438557624817,338175,0.0,0.0
1984-05-10 00:00:00-04:00,0.0,1.2374404668807983,1.2144398005737036,1.2374404668807983,303750,0.0,0.0
1984-05-11 00:00:00-04:00,0.0,1.2512404196833813,1.2374399076853024,1.2420401573181152,130950,0.0,0.0
1984-05-14 00:00:00-04:00,0.0,1.237439715578197,1.2328397035598755,1.2328397035598755,54675,0.0,0.0
1984-05-15 00:00:00-04:00,0.0,1.2420399644968414,1.2328397035598755,1.2328397035598755,267975,0.0,0.0
1984-05-16 00:00:00-04:00,0.0,1.2374392003913026,1.2052383005182226,1.214438557624817,382050,0.0,0.0
1984-05-17 00:00:00-04:00,0.0,1.2144391825960554,1.1638375055690715,1.1730377674102783,878850,0.0,0.0
1984-05-18 00:00:00-04:00,0.0,1.168437813266715,1.1500372886657715,1.1500372886657715,191700,0.0,0.0
1984-05-21 00:00:00-04:00,0.0,1.1500373100940844,1.104035642384053,1.1224364042282104,161325,0.0,0.0
1984-05-22 00:00:00-04:00,0.0,1.1224361349318652,1.0902349871056027,1.1040353775024414,474525,0.0,0.0
1984-05-23 00:00:00-04:00,0.0,1.113235682675046,1.0856347823177925,1.0948350429534912,108000,0.0,0.0
1984-05-24 00:00:00-04:00,0.0,1.0948358445891422,1.0534346414146567,1.0902358293533325,262575,0.0,0.0
1984-05-25 00:00:00-04:00,0.0,1.0810352356874935,1.0534343234518333,1.0626347064971924,129600,0.0,0.0
1984-05-29 00:00:00-04:00,0.0,1.0764345732878253,1.007432496761875,1.0120325088500977,371925,0.0,0.0
1984-05-30 00:00:00-04:00,0.0,1.0396335124969482,1.0028323461302715,1.0396335124969482,746550,0.0,0.0
1984-05-31 00:00:00-04:00,0.0,1.0856349468231201,1.0396335182239127,1.0856349468231201,176850,0.0,0.0
1984-06-01 00:00:00-04:00,0.0,1.1040353775024414,1.0948349987877295,1.1040353775024414,542700,0.0,0.0
1984-06-04 00:00:00-04:00,0.0,1.1178360806426917,1.0994355569153427,1.1132358312606812,425250,0.0,0.0
1984-06-05 00:00:00-04:00,0.0,1.1086356708073541,1.0902350310857996,1.0948350429534912,166725,0.0,0.0
1984-06-06 00:00:00-04:00,0.0,1.0856349468231201,1.0304332561941063,1.0856349468231201,539325,0.0,0.0
1984-06-07 00:00:00-04:00,0.0,1.0810347417105888,1.0672342326737725,1.0764344930648804,106650,0.0,0.0
1984-06-08 00:00:00-04:00,0.0,1.0856348374127254,1.0718345642089844,1.0718345642089844,67500,0.0,0.0
1984-06-11 00:00:00-04:00,0.0,1.0948358445891422,1.0764353098449264,1.0902358293533325,314550,0.0,0.0
1984-06-12 00:00:00-04:00,0.0,1.1040354220393473,1.0902350310857996,1.0948350429534912,77625,0.0,0.0
1984-06-13 00:00:00-04:00,0.0,1.1040354220393473,1.0948350429534912,1.0948350429534912,135000,0.0,0.0
1984-06-14 00:00:00-04:00,0.0,1.1040353409671568,1.085634702596809,1.0994353294372559,540000,0.0,0.0
1984-06-15 00:00:00-04:00,0.0,1.1040353409671568,1.0948349625569085,1.0994353294372559,133650,0.0,0.0
1984-06-18 00:00:00-04:00,0.0,1.1224364042282104,1.0994356295982852,1.1224364042282104,66150,0.0,0.0
1984-06-19 00:00:00-04:00,0.0,1.1500368925701359,1.1316362558565596,1.1454366445541382,91800,0.0,0.0
1984-06-20 00:00:00-04:00,0.0,1.1730377674102783,1.1454369818866577,1.1730377674102783,356400,0.0,0.0
1984-06-21 00:00:00-04:00,0.0,1.2098390459481276,1.1638376140058853,1.1868385076522827,213975,0.0,0.0
1984-06-22 00:00:00-04:00,0.0,1.1960387703506943,1.1776381265036868,1.1868385076522827,68850,0.0,0.0
1984-06-25 00:00:00-04:00,0.0,1.1822378704519585,1.1546369729509236,1.1684374809265137,407700,0.0,0.0
1984-06-26 00:00:00-04:00,0.0,1.1638369238713033,1.1270357764498982,1.1316360235214233,219375,0.0,0.0
1984-06-27 00:00:00-04:00,0.0,1.1362368352357108,1.1132360574529505,1.1270365715026855,280800,0.0,0.0
1984-06-28 00:00:00-04:00,0.0,1.1362368352357108,1.1224365580863704,1.1270365715026855,108675,0.0,0.0
1984-06-29 00:00:00-04:00,0.0,1.1362365679006257,1.099435521627119,1.1086357831954956,89775,0.0,0.0
1984-07-02 00:00:00-04:00,0.0,1.108635838797987,1.0764346847933137,1.0856349468231201,544725,0.0,0.0
1984-07-03 00:00:00-04:00,0.0,1.1132356377670005,1.0810347268410436,1.1040353775024414,627750,0.0,0.0
1984-07-05 00:00:00-04:00,0.0,1.0994362151756847,1.0856355772170343,1.0902358293533325,1330425,0.0,0.0
1984-07-06 00:00:00-04:00,0.0,1.0994353294372559,1.0902349510270075,1.0994353294372559,58050,0.0,0.0
1984-07-09 00:00:00-04:00,0.0,1.1040354220393473,1.0948350429534912,1.0948350429534912,171450,0.0,0.0
1984-07-10 00:00:00-04:00,0.0,1.0994351817414532,1.0534336512204063,1.0672340393066406,408375,0.0,0.0
1984-07-11 00:00:00-04:00,0.0,1.0672344168844994,1.0350334999575603,1.0396335124969482,685800,0.0,0.0
1984-07-12 00:00:00-04:00,0.0,1.0534342527389526,1.0350337247838062,1.0534342527389526,101250,0.0,0.0
1984-07-13 00:00:00-04:00,0.0,1.053433820767041,1.0442335605621338,1.0442335605621338,142425,0.0,0.0
1984-07-16 00:00:00-04:00,0.0,1.053433820767041,1.0396333120095282,1.0442335605621338,55350,0.0,0.0
1984-07-17 00:00:00-04:00,0.0,1.053433857339634,1.044233596815317,1.0488336086273193,116100,0.0,0.0
1984-07-18 00:00:00-04:00,0.0,1.0626342363141075,1.044233596815317,1.0488336086273193,140400,0.0,0.0
1984-07-19 00:00:00-04:00,0.0,1.053433820767041,1.0442335605621338,1.0442335605621338,153225,0.0,0.0
1984-07-20 00:00:00-04:00,0.0,1.0396329581845645,1.0258326910240894,1.0304327011108398,177525,0.0,0.0
1984-07-23 00:00:00-04:00,0.0,1.0258327722549438,1.0120321486513273,1.0258327722549438,137700,0.0,0.0
1984-07-24 00:00:00-04:00,0.0,1.0396329581845645,1.0212324440371152,1.0304327011108398,166725,0.0,0.0
1984-07-25 00:00:00-04:00,0.0,1.025833092184989,1.0028322036057578,1.0212328433990479,44550,0.0,0.0
1984-07-26 00:00:00-04:00,0.0,1.0501113663660013,1.0454235076904297,1.0454235076904297,47250,0.07704,0.0
1984-07-27 00:00:00-04:00,0.0,1.0923038630971704,1.05479989214738,1.0782397985458374,284175,0.0,0.0
1984-07-30 00:00:00-04:00,0.0,1.087615506689302,1.0641756057739258,1.0641756057739258,443475,0.0,0.0
1984-07-31 00:00:00-04:00,0.0,1.0688632100479043,1.0407353356651345,1.0501112937927246,88425,0.0,0.0
1984-08-01 00:00:00-04:00,0.0,1.1157433986663818,1.0501115547511792,1.1157433986663818,280125,0.0,0.0
1984-08-02 00:00:00-04:00,0.0,1.1719998121261597,1.1157435584742503,1.1719998121261597,484650,0.0,0.0
1984-08-03 00:00:00-04:00,0.0,1.2704480765669859,1.2188800329247198,1.2423198223114014,504225,0.0,0.0
1984-08-06 00:00:00-04:00,0.0,1.2938875915289942,1.2095036995179613,1.2657595872879028,442800,0.0,0.0
1984-08-07 00:00:00-04:00,0.0,1.2751361082550465,1.2376321263732442,1.261072039604187,409050,0.0,0.0
1984-08-08 00:00:00-04:00,0.0,1.2610718711028466,1.2376319610038873,1.2423198223114014,140400,0.0,0.0
1984-08-09 00:00:00-04:00,0.0,1.3173269778545909,1.2329428852443922,1.3126388788223267,853875,0.0,0.0
1984-08-10 00:00:00-04:00,0.0,1.3220154209946402,1.2985756397247314,1.2985756397247314,183600,0.0,0.0
1984-08-13 00:00:00-04:00,0.0,1.3032634564785754,1.2751354543143205,1.2938874959945679,370575,0.0,0.0
1984-08-14 00:00:00-04:00,0.0,1.3126394602017823,1.2891996789318736,1.2985756397247314,103950,0.0,0.0
1984-08-15 00:00:00-04:00,0.0,1.293887097290745,1.2282551527023315,1.2282551527023315,875475,0.0,0.0
1984-08-16 00:00:00-04:00,0.0,1.2516950186116003,1.23763108253479,1.23763108253479,65475,0.0,0.0
1984-08-17 00:00:00-04:00,0.0,1.256383614984142,1.2188796498989305,1.2516955137252808,402300,0.0,0.0
1984-08-20 00:00:00-04:00,0.0,1.2610709759961405,1.23763108253479,1.23763108253479,101250,0.0,0.0
1984-08-21 00:00:00-04:00,0.0,1.2751356363296509,1.2329435667045747,1.2751356363296509,245700,0.0,0.0
1984-08-22 00:00:00-04:00,0.0,1.2657597389645436,1.247007814364924,1.2563837766647339,401625,0.0,0.0
1984-08-23 00:00:00-04:00,0.0,1.2563837766647339,1.247007814364924,1.2563837766647339,380700,0.0,0.0
1984-08-24 00:00:00-04:00,0.0,1.2751357012643534,1.2563837766647339,1.2563837766647339,107325,0.0,0.0
1984-08-27 00:00:00-04:00,0.0,1.261071549382165,1.2470077276229858,1.2470077276229858,353700,0.0,0.0
1984-08-28 00:00:00-04:00,0.0,1.2845115981520014,1.247007750862599,1.2751356363296509,261900,0.0,0.0
1984-08-29 00:00:00-04:00,0.0,1.3032636425089519,1.2657596745073003,1.2751356363296509,522450,0.0,0.0
1984-08-30 00:00:00-04:00,0.0,1.2845116635641634,1.247007814364924,1.2563837766647339,93150,0.0,0.0
1984-08-31 00:00:00-04:00,0.0,1.2657601429626695,1.2563841776702922,1.261072039604187,336825,0.0,0.0
1984-09-04 00:00:00-04:00,0.0,1.2751355484641864,1.2563836261116195,1.2657595872879028,140400,0.0,0.0
1984-09-05 00:00:00-04:00,0.0,1.2751359499980197,1.2657599858692927,1.270448088645935,306450,0.0,0.0
1984-09-06 00:00:00-04:00,0.0,1.2845117600589138,1.2751357970547652,1.279823899269104,193050,0.0,0.0
1984-09-07 00:00:00-04:00,1.279823899269104,1.2891999829855167,1.2751357970547652,1.279823899269104,228825,0.0,0.0
1984-09-10 00:00:00-04:00,1.270448246321152,1.270448246321152,1.261072039604187,1.261072039604187,381375,0.0,0.0
1984-09-11 00:00:00-04:00,1.2657596745073003,1.2891998204876751,1.2657596745073003,1.2751356363296509,209250,0.0,0.0
1984-09-12 00:00:00-04:00,1.2751356363296509,1.2891998204876751,1.2751356363296509,1.2751356363296509,229500,0.0,0.0
1984-09-13 00:00:00-04:00,1.2751354543143205,1.2938874959945679,1.2751354543143205,1.2938874959945679,488025,0.0,0.0
1984-09-14 00:00:00-04:00,1.2938881803258129,1.3313921628097518,1.2938881803258129,1.3173282146453857,216000,0.0,0.0
1984-09-17 00:00:00-04:00,1.3173273507188266,1.3407672489538038,1.3173273507188266,1.3267033100128174,103950,0.0,0.0
1984-09-18 00:00:00-04:00,1.3267030893458016,1.3407670259475706,1.3220149897663487,1.3407670259475708,147150,0.0,0.0
1984-09-19 00:00:00-04:00,1.3407674717650815,1.3501434326171875,1.3407674717650815,1.3501434326171875,236925,0.0,0.0
1984-09-20 00:00:00-04:00,1.3501429836820833,1.3501429836820833,1.336079167792511,1.3407670259475708,847800,0.0,0.0
1984-09-21 00:00:00-04:00,1.3360790761637642,1.3360790761637642,1.3267029983600693,1.3313909769058228,404325,0.0,0.0
1984-09-24 00:00:00-04:00,1.3313909769058228,1.3407669339973292,1.3313909769058228,1.3313909769058228,233550,0.0,0.0
1984-09-25 00:00:00-04:00,1.3313909769058228,1.3360790761637642,1.3313909769058228,1.3313909769058228,299700,0.0,0.0
1984-09-26 00:00:00-04:00,1.331391068213058,1.3454551255270235,1.331391068213058,1.3407670259475708,45900,0.0,0.0
1984-09-27 00:00:00-04:00,1.3407674717650815,1.354831533755477,1.3407674717650815,1.3501434326171875,230175,0.0,0.0
1984-09-28 00:00:00-04:00,1.350142815565072,1.3548309145607724,1.3313909024309964,1.3360790014266968,183600,0.0,0.0
1984-10-01 00:00:00-04:00,1.3360798035283825,1.350143626109828,1.3313917017182286,1.3454557657241821,197100,0.0,0.0
1984-10-02 00:00:00-04:00,1.3454551255270235,1.359518941416596,1.331391068213058,1.3407670259475708,1127250,0.0,0.0
1984-10-03 00:00:00-04:00,1.3360798280966364,1.3360798280966364,1.322015643119812,1.322015643119812,176175,0.0,0.0
1984-10-04 00:00:00-04:00,1.3220153774465908,1.3267034784008267,1.2938874959945679,1.2938874959945679,169425,0.0,0.0
1984-10-05 00:00:00-04:00,1.2938877560151885,1.3267037450161723,1.2751357105665166,1.322015643119812,205875,0.0,0.0
1984-10-08 00:00:00-04:00,1.3220148354624899,1.3220148354624899,1.3079510212144276,1.3126388788223267,149850,0.0,0.0
1984-10-09 00:00:00-04:00,1.2985755969488038,1.2985755969488038,1.2938874959945679,1.2938874959945679,130950,0.0,0.0
1984-10-10 00:00:00-04:00,1.2891998204876751,1.2891998204876751,1.247007750862599,1.2751356363296509,451575,0.0,0.0
1984-10-11 00:00:00-04:00,1.2845114571109726,1.3032634994089245,1.2845114571109726,1.2985756397247314,58725,0.0,0.0
1984-10-12 00:00:00-04:00,1.3032637183833964,1.322015643119812,1.3032637183833964,1.322015643119812,53325,0.0,0.0
1984-10-15 00:00:00-04:00,1.3220148354624899,1.3313909128148356,1.3126388788223269,1.3126388788223267,407025,0.0,0.0
1984-10-16 00:00:00-04:00,1.322014825151777,1.3454549579937347,1.322014825151777,1.3360790014266968,272025,0.0,0.0
1984-10-17 00:00:00-04:00,1.3360796120512655,1.3501434326171875,1.3360796120512655,1.3501434326171875,158625,0.0,0.0
1984-10-18 00:00:00-04:00,1.3548322185822506,1.3782721325606837,1.3548322185822506,1.373584270477295,1038825,0.0,0.0
1984-10-19 00:00:00-04:00,1.3735838797575302,1.3923358056062392,1.3735838797575302,1.3829598426818848,345600,0.0,0.0
1984-10-22 00:00:00-04:00,1.382959594781397,1.382959594781397,1.368895411491394,1.368895411491394,693225,0.0,0.0
1984-10-23 00:00:00-04:00,1.373583653661084,1.3970236778259277,1.373583653661084,1.3970236778259277,490725,0.0,0.0
1984-10-24 00:00:00-04:00,1.3970236778259277,1.4063996392069678,1.3829596150421242,1.3970236778259277,230850,0.0,0.0
1984-10-25 00:00:00-04:00,1.3970236778259277,1.4063996392069678,1.3923355764231642,1.3970236778259277,164025,0.0,0.0
1984-10-26 00:00:00-04:00,1.3970233374097512,1.411087155342102,1.3970233374097512,1.411087155342102,469125,0.0,0.0
1984-10-29 00:00:00-05:00,1.4110875871381459,1.4157758095453692,1.4063997268676756,1.4063997268676758,165375,0.0,0.0
1984-10-30 00:00:00-05:00,1.4064001325270983,1.4251521825790405,1.4064001325270983,1.4251521825790405,189000,0.0,0.0
1984-10-31 00:00:00-05:00,1.4251521825790405,1.4392160088714971,1.4251521825790405,1.4251521825790405,614925,0.0,0.0
1984-11-01 00:00:00-05:00,1.4251519111090714,1.4392157347225811,1.4251519111090714,1.43452787399292,594000,0.0,0.0
1984-11-02 00:00:00-05:00,1.4345274431456407,1.453279363281369,1.4345274431456407,1.4392153024673462,253125,0.0,0.0
1984-11-05 00:00:00-05:00,1.4392160088714971,1.4392160088714971,1.4204640795318406,1.4251521825790405,326025,0.0,0.0
1984-11-06 00:00:00-05:00,1.4251513354110952,1.4251513354110952,1.4017111962457254,1.411087155342102,167400,0.0,0.0
1984-11-07 00:00:00-05:00,1.4063998707050345,1.4063998707050345,1.3829598426818845,1.3829598426818848,151875,0.0,0.0
1984-11-08 00:00:00-05:00,1.3829598009848127,1.397023865659568,1.3782716989517212,1.3782716989517212,177525,0.0,0.0
1984-11-09 00:00:00-05:00,1.3782714934473155,1.382959594781397,1.3595194502477141,1.368895411491394,112725,0.0,0.0
1984-11-12 00:00:00-05:00,1.3595193934692933,1.3595193934692933,1.3313915109129757,1.3501434326171875,116100,0.0,0.0
1984-11-13 00:00:00-05:00,1.350142815565072,1.350142815565072,1.3360790014266968,1.3360790014266968,104625,0.0,0.0
1984-11-14 00:00:00-05:00,1.3360790761637642,1.3360790761637642,1.3126389420106215,1.3313909769058228,107325,0.0,0.0
1984-11-15 00:00:00-05:00,1.3267041800882964,1.3267041800882964,1.3126401112116344,1.3173282146453857,124875,0.0,0.0
1984-11-16 00:00:00-05:00,1.3126388788223269,1.3126388788223269,1.2938869655420004,1.3126388788223267,97875,0.0,0.0
1984-11-19 00:00:00-05:00,1.3126397880400682,1.3220157511746193,1.303263824905517,1.3079519271850586,118800,0.0,0.0
1984-11-20 00:00:00-05:00,1.3079514070328933,1.3126392660236132,1.298575447627017,1.3032633066177368,214650,0.0,0.0
1984-11-21 00:00:00-05:00,1.303263824905517,1.3079519271850586,1.303263824905517,1.3079519271850586,62100,0.0,0.0
1984-11-23 00:00:00-05:00,1.3079515574328113,1.3079515574328113,1.2938874959945679,1.2938874959945679,60750,0.0,0.0
1984-11-26 00:00:00-05:00,1.2938874959945679,1.3032634564785754,1.2891996364647962,1.2938874959945679,74925,0.0,0.0
1984-11-27 00:00:00-05:00,1.2938870278276087,1.3407669339973292,1.2938870278276087,1.3313909769058228,157275,0.0,0.0
1984-11-28 00:00:00-05:00,1.3313914058651202,1.3688952463144604,1.3313914058651202,1.36420738697052,51975,0.0,0.0
1984-11-29 00:00:00-05:00,1.359518941416596,1.359518941416596,1.336079167792511,1.3407670259475708,121500,0.0,0.0
1984-11-30 00:00:00-05:00,1.3407670259475706,1.3501429836820833,1.3407670259475706,1.3407670259475708,127575,0.0,0.0
1984-12-03 00:00:00-05:00,1.3407668589980342,1.350142815565072,1.3360790014266968,1.3360790014266968,411750,0.0,0.0
1984-12-04 00:00:00-05:00,1.336079167792511,1.3454551255270235,1.336079167792511,1.3407670259475708,518400,0.0,0.0
1984-12-05 00:00:00-05:00,1.3407676639140282,1.350143626109828,1.3360798035283825,1.3454557657241821,50625,0.0,0.0
1984-12-06 00:00:00-05:00,1.3454551255270235,1.3454551255270235,1.3407670259475706,1.3407670259475708,61425,0.0,0.0
1984-12-07 00:00:00-05:00,1.3407670259475706,1.3548310832615362,1.3407670259475706,1.3407670259475708,137700,0.0,0.0
1984-12-10 00:00:00-05:00,1.3407668589980342,1.3595187721321098,1.3360790014266968,1.3360790014266968,309150,0.0,0.0
1984-12-11 00:00:00-05:00,1.34545546674585,1.36420738697052,1.34545546674585,1.36420738697052,84375,0.0,0.0
1984-12-12 00:00:00-05:00,1.3642080615827945,1.3688959232449216,1.3548320968339667,1.3595199584960938,27000,0.0,0.0
1984-12-13 00:00:00-05:00,1.3595199584960938,1.3595199584960938,1.3454561320851388,1.3595199584960938,139725,0.0,0.0
1984-12-14 00:00:00-05:00,1.3548310832615362,1.3548310832615362,1.3407670259475706,1.3407670259475708,94500,0.0,0.0
1984-12-17 00:00:00-05:00,1.3407676639140282,1.3454557657241821,1.3267037206203287,1.3454557657241821,110700,0.0,0.0
1984-12-18 00:00:00-05:00,1.3454559534900246,1.3970239941880374,1.3360799899857572,1.3923358917236328,321975,0.0,0.0
1984-12-19 00:00:00-05:00,1.3923353846294286,1.429839345699674,1.3923353846294286,1.401711344718933,279450,0.0,0.0
1984-12-20 00:00:00-05:00,1.4017116251727033,1.4157758095453692,1.3970237649022332,1.4063997268676758,180225,0.0,0.0
1984-12-21 00:00:00-05:00,1.4063997268676756,1.4251517715108117,1.4063997268676756,1.4063997268676758,416475,0.0,0.0
1984-12-24 00:00:00-05:00,1.4063997268676756,1.4204636698158395,1.4063997268676756,1.4063997268676758,86400,0.0,0.0
1984-12-26 00:00:00-05:00,1.4063994454759126,1.4157755262776441,1.4017113447189333,1.401711344718933,120150,0.0,0.0
1984-12-27 00:00:00-05:00,1.4017111962457254,1.411087155342102,1.3923352371493487,1.411087155342102,81000,0.0,0.0
1984-12-28 00:00:00-05:00,1.4157755529479243,1.434527473480181,1.4157755529479243,1.4298393726348877,65475,0.0,0.0
1984-12-31 00:00:00-05:00,1.4298393726348877,1.439215332901016,1.4251515132140526,1.4298393726348877,80325,0.0,0.0
1985-01-02 00:00:00-05:00,1.4298400442016688,1.4392160088714971,1.4204640795318406,1.4251521825790405,190350,0.0,0.0
1985-01-03 00:00:00-05:00,1.4251515390250629,1.457967400550842,1.4157755785891257,1.4579674005508423,105300,0.0,0.0
1985-01-04 00:00:00-05:00,1.4532792865611168,1.4532792865611168,1.4439033269882202,1.4439033269882202,64125,0.0,0.0
1985-01-07 00:00:00-05:00,1.443903403213505,1.4485912625352102,1.4251514830777765,1.4392153024673462,68850,0.0,0.0
1985-01-08 00:00:00-05:00,1.439215358966737,1.457967400550842,1.4345274994609998,1.4579674005508423,188325,0.0,0.0
1985-01-09 00:00:00-05:00,1.4579680736680298,1.4626561767626411,1.4485919881910942,1.4532800912857056,207225,0.0,0.0
1985-01-10 00:00:00-05:00,1.4532791254632809,1.481407121776167,1.443903166929721,1.4767190217971802,263250,0.0,0.0
1985-01-11 00:00:00-05:00,1.4767198972341578,1.4814079999923706,1.4720320359005017,1.4814079999923706,419850,0.0,0.0
1985-01-14 00:00:00-05:00,1.481408127707706,1.502504048733135,1.467344059645131,1.4954719543457031,207225,0.0,0.0
1985-01-15 00:00:00-05:00,1.4954719543457031,1.4954719543457031,1.4860959894455124,1.4954719543457031,428625,0.0,0.0
1985-01-16 00:00:00-05:00,1.4954720364693745,1.504848122596741,1.4954720364693745,1.5048481225967407,365850,0.0,0.0
1985-01-17 00:00:00-05:00,1.5025039191990757,1.5025039191990757,1.4814079999923706,1.4814079999923706,704700,0.0,0.0
1985-01-18 00:00:00-05:00,1.476719966411805,1.476719966411805,1.4579680373496242,1.4626561403274536,355050,0.0,0.0
1985-01-21 00:00:00-05:00,1.4626551582498502,1.4720311164855957,1.4626551582498502,1.4720311164855957,1339200,0.0,0.0
1985-01-22 00:00:00-05:00,1.4720313264191305,1.4767191854933586,1.4392152264895515,1.4439033269882202,347625,0.0,0.0
1985-01-23 00:00:00-05:00,1.4439040905529885,1.4626561403274534,1.4439040905529885,1.4626561403274536,301050,0.0,0.0
1985-01-24 00:00:00-05:00,1.4626561403274534,1.4860959309428954,1.4579680373496242,1.4626561403274536,738450,0.0,0.0
1985-01-25 00:00:00-05:00,1.4720314692198382,1.5189113923443291,1.4720314692198382,1.5095354318618774,493425,0.0,0.0
1985-01-28 00:00:00-05:00,1.5189120080488254,1.5470400216103535,1.5189120080488254,1.5376639366149902,344925,0.0,0.0
1985-01-29 00:00:00-05:00,1.5376633133092328,1.5423515349749226,1.5048473309084194,1.5095354318618774,264600,0.0,0.0
1985-01-30 00:00:00-05:00,1.6029218998707828,1.6278120241257998,1.6029218998707828,1.6178560256958008,544050,0.3474,0.0
1985-01-31 00:00:00-05:00,1.6178554401821588,1.6228333094156124,1.6029213197619077,1.6078991889953613,593325,0.0,0.0
1985-02-01 00:00:00-05:00,1.6078997709057636,1.6228338967307814,1.6029218998707828,1.6178560256958008,172125,0.0,0.0
1985-02-04 00:00:00-05:00,1.6178557415574524,1.6477238597818358,1.6178557415574524,1.6427457332611084,294975,0.0,0.0
1985-02-05 00:00:00-05:00,1.6726142182648582,1.7124383449554443,1.6726142182648582,1.7124383449554443,513000,0.0,0.0
1985-02-06 00:00:00-05:00,1.712437911056569,1.712437911056569,1.69252591684661,1.6975040435791016,151200,0.0,0.0
1985-02-07 00:00:00-05:00,1.7024804626069918,1.7273706905108173,1.7024804626069918,1.7223924398422241,477225,0.0,0.0
1985-02-08 00:00:00-05:00,1.7223936113976448,1.7223936113976448,1.6925256252288818,1.6925256252288818,147825,0.0,0.0
1985-02-11 00:00:00-05:00,1.6925256252288818,1.6925256252288818,1.6676356367549128,1.6925256252288818,225450,0.0,0.0
1985-02-12 00:00:00-05:00,1.682570100681783,1.682570100681783,1.662657976150513,1.6626579761505127,245025,0.0,0.0
1985-02-13 00:00:00-05:00,1.67261304452386,1.7024811506271362,1.67261304452386,1.7024811506271362,103275,0.0,0.0
1985-02-14 00:00:00-05:00,1.7124369271746418,1.7447941555349589,1.7124369271746418,1.7323490381240845,435375,0.0,0.0
1985-02-15 00:00:00-05:00,1.7323494590333965,1.7622176968046164,1.72239333704967,1.7472835779190063,670950,0.0,0.0
1985-02-19 00:00:00-05:00,1.7472831281355443,1.7622172431768328,1.7447941303253174,1.7447941303253174,618300,0.0,0.0
1985-02-20 00:00:00-05:00,1.7447941303253174,1.7572391193764525,1.7373271368946364,1.7447941303253174,220725,0.0,0.0
1985-02-21 00:00:00-05:00,1.7447945794680648,1.7472835779190066,1.7323494590333965,1.7472835779190063,255825,0.0,0.0
1985-02-22 00:00:00-05:00,1.752261996269226,1.7671958612943326,1.752261996269226,1.752261996269226,179550,0.0,0.0
1985-02-25 00:00:00-05:00,1.7447956001053364,1.7447956001053364,1.7124383449554443,1.7124383449554443,708075,0.0,0.0
1985-02-26 00:00:00-05:00,1.7124369024325132,1.7472831281355443,1.7124369024325132,1.7447941303253174,101925,0.0,0.0
1985-02-27 00:00:00-05:00,1.7447941555349589,1.7472831533811481,1.7323490381240843,1.7323490381240845,112050,0.0,0.0
1985-02-28 00:00:00-05:00,1.732349748969148,1.7622179917392842,1.722393625319109,1.752261996269226,394875,0.0,0.0
1985-03-01 00:00:00-05:00,1.7522620074047874,1.7821301221847536,1.7373278859248134,1.7821301221847534,219375,0.0,0.0
1985-03-04 00:00:00-05:00,1.7821300887726568,1.8219541983393126,1.7821300887726568,1.8070199489593506,1495125,0.0,0.0
1985-03-05 00:00:00-05:00,1.8070199828380924,1.811998108784738,1.7622180029381156,1.7821301221847534,450225,0.0,0.0
1985-03-06 00:00:00-05:00,1.7771519849443715,1.7771519849443715,1.7373278748841579,1.752261996269226,1265625,0.0,0.0
1985-03-07 00:00:00-05:00,1.752261996269226,1.752261996269226,1.7447948714867016,1.752261996269226,106650,0.0,0.0
1985-03-08 00:00:00-05:00,1.7522617030008494,1.7622176968046164,1.7447945794680648,1.7472835779190063,134325,0.0,0.0
1985-03-11 00:00:00-05:00,1.7472831281355443,1.7572391193764525,1.7447941303253174,1.7447941303253174,135675,0.0,0.0
1985-03-12 00:00:00-05:00,1.7447941303253174,1.7447941303253174,1.7323490130942558,1.7447941303253174,144450,0.0,0.0
1985-03-13 00:00:00-05:00,1.7447940921135863,1.757239080892171,1.7373270988464355,1.7373270988464355,346275,0.0,0.0
1985-03-14 00:00:00-05:00,1.737327161996391,1.7447941555349589,1.7124369271746418,1.7323490381240845,182250,0.0,0.0
1985-03-15 00:00:00-05:00,1.72737260075697,1.72737260075697,1.7124383449554443,1.7124383449554443,263250,0.0,0.0
1985-03-18 00:00:00-05:00,1.7024807061334963,1.7024807061334963,1.6527006277448733,1.6875468492507935,306450,0.0,0.0
1985-03-19 00:00:00-05:00,1.6875480464741222,1.6975040435791016,1.672613794456649,1.6975040435791016,136350,0.0,0.0
1985-03-20 00:00:00-05:00,1.7024811506271362,1.712437143268247,1.7024811506271362,1.7024811506271362,432000,0.0,0.0
1985-03-21 00:00:00-05:00,1.7024808739065516,1.7671950719150387,1.6925248828836839,1.7373270988464355,367875,0.0,0.0
1985-03-22 00:00:00-05:00,1.7373273812309122,1.7447943757117452,1.7024811506271362,1.7024811506271362,136350,0.0,0.0
1985-03-25 00:00:00-05:00,1.6925247160917538,1.6925247160917538,1.6825687260500115,1.6875468492507935,126900,0.0,0.0
1985-03-26 00:00:00-05:00,1.687547755714068,1.6925256252288818,1.6825696298392943,1.6925256252288818,60750,0.0,0.0
1985-03-27 00:00:00-05:00,1.6925248828836839,1.7373270988464355,1.6925248828836839,1.7373270988464355,145800,0.0,0.0
1985-03-28 00:00:00-05:00,1.7447941303253174,1.7821293538385754,1.7447941303253174,1.7447941303253174,456975,0.0,0.0
1985-03-29 00:00:00-05:00,1.7447941303253174,1.7522612519359249,1.7124369024325132,1.7447941303253174,268650,0.0,0.0
1985-04-01 00:00:00-05:00,1.7522616473889783,1.7671955094407106,1.7522616473889783,1.76221764087677,157950,0.0,0.0
1985-04-02 00:00:00-05:00,1.7622175857131475,1.792085693421501,1.7522615925370135,1.7572394609451294,358425,0.0,0.0
1985-04-03 00:00:00-05:00,1.7522612772534552,1.7522612772534552,1.722392918559399,1.7323490381240845,309150,0.0,0.0
1985-04-04 00:00:00-05:00,1.7323489751550782,1.7373270988464355,1.7174149886207766,1.7373270988464355,35775,0.0,0.0
1985-04-08 00:00:00-05:00,1.7447945240931793,1.772173762544517,1.7447945240931793,1.76221764087677,318600,0.0,0.0
1985-04-09 00:00:00-05:00,1.7622182333528202,1.77217435836792,1.7622182333528202,1.77217435836792,287550,0.0,0.0
1985-04-10 00:00:00-05:00,1.7771520028843413,1.8045311188833684,1.7771520028843413,1.792086124420166,174825,0.0,0.0
1985-04-11 00:00:00-05:00,1.7920863520381223,1.7970642222756743,1.77217435836792,1.77217435836792,62775,0.0,0.0
1985-04-12 00:00:00-05:00,1.772173762544517,1.772173762544517,1.747283522465127,1.76221764087677,174150,0.0,0.0
1985-04-15 00:00:00-05:00,1.7622170003794146,1.7721731184285,1.7572388772649175,1.7671948671340942,93150,0.0,0.0
1985-04-16 00:00:00-05:00,1.767194867134094,1.7721731184285,1.7522610105102379,1.7671948671340942,58725,0.0,0.0
1985-04-17 00:00:00-05:00,1.767194867134094,1.7821291082976765,1.767194867134094,1.7671948671340942,375975,0.0,0.0
1985-04-18 00:00:00-05:00,1.7671955094407106,1.7871076245962494,1.76221764087677,1.76221764087677,159975,0.0,0.0
1985-04-19 00:00:00-05:00,1.7622170003794146,1.767194867134094,1.747282887395741,1.7671948671340942,160650,0.0,0.0
1985-04-22 00:00:00-05:00,1.7622172431768328,1.7622172431768328,1.7447941303253174,1.7447941303253174,155250,0.0,0.0
1985-04-23 00:00:00-05:00,1.7373270988464355,1.7373270988464355,1.7024808739065516,1.7373270988464355,134325,0.0,0.0
1985-04-24 00:00:00-05:00,1.8399440040706765,1.8557602167129514,1.8241276556774066,1.8557602167129517,604125,0.36045,0.0
1985-04-25 00:00:00-05:00,1.8557614124120416,1.8768496642722678,1.8504892476336734,1.8663054704666138,291600,0.0,0.0
1985-04-26 00:00:00-05:00,1.8715769942203089,1.887393349681564,1.8715769942203089,1.8768492937088013,243000,0.0,0.0
1985-04-29 00:00:00-04:00,1.876849293708801,1.887393349681564,1.8715769942203089,1.8768492937088013,231525,0.0,0.0
1985-04-30 00:00:00-04:00,1.876848128582453,1.8821200175450494,1.8663039434043471,1.8715758323669434,77625,0.0,0.0
1985-05-01 00:00:00-04:00,1.8715758323669434,1.8821200175450494,1.8715758323669434,1.8715758323669434,88425,0.0,0.0
1985-05-02 00:00:00-04:00,1.8715769942203089,1.876849293708801,1.861032938247546,1.8768492937088013,96525,0.0,0.0
1985-05-03 00:00:00-04:00,1.876848128582453,1.8821200175450494,1.8663039434043471,1.8715758323669434,386100,0.0,0.0
1985-05-06 00:00:00-04:00,1.8768487066484363,1.897936811997804,1.8768487066484363,1.8873927593231201,119475,0.0,0.0
1985-05-07 00:00:00-04:00,1.8926640206122738,1.9111162424087524,1.8926640206122738,1.9111162424087524,657450,0.0,0.0
1985-05-08 00:00:00-04:00,1.9190256105942392,1.9743820428848269,1.9190256105942392,1.9743820428848267,344925,0.0,0.0
1985-05-09 00:00:00-04:00,1.9743814798452746,1.9743814798452746,1.9401133060455324,1.9401133060455322,167400,0.0,0.0
1985-05-10 00:00:00-04:00,1.9612022617728642,2.0244668815157816,1.9612022617728642,2.0033786296844482,384750,0.0,0.0
1985-05-13 00:00:00-04:00,2.003378158945495,2.0376463395238202,2.003378158945495,2.0139222145080566,221400,0.0,0.0
1985-05-14 00:00:00-04:00,2.013922085530493,2.040282494250798,2.013922085530493,2.0244662761688232,156600,0.0,0.0
1985-05-15 00:00:00-04:00,2.0139222021825844,2.0139222021825844,1.9928340911865232,1.9928340911865234,278100,0.0,0.0
1985-05-16 00:00:00-04:00,1.9928345716443228,2.0191949882468005,1.9928345716443228,2.0033786296844482,137025,0.0,0.0
1985-05-17 00:00:00-04:00,2.003378247421859,2.024466495229365,1.992834191393634,2.0191946029663086,77625,0.0,0.0
1985-05-20 00:00:00-04:00,2.02973892595604,2.0455548763275146,2.02973892595604,2.0455548763275146,145125,0.0,0.0
1985-05-21 00:00:00-04:00,2.0455546072858146,2.0560986633140392,2.003378247421859,2.0191946029663086,94500,0.0,0.0
1985-05-22 00:00:00-04:00,2.0191947337678657,2.0191947337678657,2.003378377198848,2.008650541305542,138375,0.0,0.0
1985-05-23 00:00:00-04:00,2.013921599356493,2.029737949371338,2.013921599356493,2.029737949371338,68850,0.0,0.0
1985-05-24 00:00:00-04:00,2.0244662761688232,2.0244662761688232,2.013922085530493,2.0244662761688232,186300,0.0,0.0
1985-05-28 00:00:00-04:00,2.0297374842691673,2.0402815341949463,2.0297374842691673,2.0402815341949463,132975,0.0,0.0
1985-05-29 00:00:00-04:00,2.0402826249165606,2.0455545169467912,2.0139222145080566,2.0139222145080566,442125,0.0,0.0
1985-05-30 00:00:00-04:00,2.0139222145080566,2.0139222145080566,2.003378158945495,2.0139222145080566,180900,0.0,0.0
1985-05-31 00:00:00-04:00,2.0139222145080566,2.0139222145080566,2.003378158945495,2.0139222145080566,114750,0.0,0.0
1985-06-03 00:00:00-04:00,2.013922085530493,2.037646209026893,2.003378030643204,2.0244662761688232,71550,0.0,0.0
1985-06-04 00:00:00-04:00,2.0244657874493868,2.040282001713223,2.0244657874493868,2.029737949371338,63450,0.0,0.0
1985-06-05 00:00:00-04:00,2.037645866820895,2.077186337509812,2.037645866820895,2.0666422843933105,73575,0.0,0.0
1985-06-06 00:00:00-04:00,2.0666422843933105,2.0666422843933105,2.0455540424092895,2.0666422843933105,147825,0.0,0.0
1985-06-07 00:00:00-04:00,2.0666422843933105,2.082458499819081,2.0666422843933105,2.0666422843933105,143775,0.0,0.0
1985-06-10 00:00:00-04:00,2.0560972690582275,2.0560972690582275,2.0455532201800057,2.0560972690582275,35775,0.0,0.0
1985-06-11 00:00:00-04:00,2.0560989337425473,2.0560989337425473,2.0455548763275146,2.0455548763275146,41175,0.0,0.0
1985-06-12 00:00:00-04:00,2.0455540508234393,2.08773039921395,2.0455540508234393,2.077186346054077,250425,0.0,0.0
1985-06-13 00:00:00-04:00,2.071914794663706,2.071914794663706,2.013922085530493,2.0244662761688232,1057725,0.0,0.0
1985-06-14 00:00:00-04:00,2.0191947337678657,2.0191947337678657,2.003378377198848,2.008650541305542,141075,0.0,0.0
1985-06-17 00:00:00-04:00,2.0086495776230366,2.0086495776230366,1.9928333643931704,1.998105525970459,228150,0.0,0.0
1985-06-18 00:00:00-04:00,1.9981067364154674,2.0033786296844482,1.9822905136041973,2.0033786296844482,93825,0.0,0.0
1985-06-19 00:00:00-04:00,2.0033786296844482,2.0139226877245737,1.9981067364154674,2.0033786296844482,645975,0.0,0.0
1985-06-20 00:00:00-04:00,2.003377779023851,2.0139218325868327,1.9822896718978882,1.9822896718978882,433350,0.0,0.0
1985-06-21 00:00:00-04:00,1.9822896718978882,1.9822896718978882,1.966473320051367,1.9822896718978882,94500,0.0,0.0
1985-06-24 00:00:00-04:00,1.9822901680062754,1.9928342242081214,1.9743819901038329,1.9875620603561401,408375,0.0,0.0
1985-06-25 00:00:00-04:00,1.9875619398506026,2.0139222145080566,1.9875619398506026,2.0139222145080566,59400,0.0,0.0
1985-06-26 00:00:00-04:00,2.013922085530493,2.0244662761688232,2.003378030643204,2.0244662761688232,171450,0.0,0.0
1985-06-27 00:00:00-04:00,2.037646697515166,2.0666431269086534,2.037646697515166,2.0455548763275146,720225,0.0,0.0
1985-06-28 00:00:00-04:00,2.037646770477295,2.037646770477295,2.0139226404439805,2.037646770477295,538650,0.0,0.0
1985-07-01 00:00:00-04:00,2.037645047770375,2.0666414536874136,2.037645047770375,2.0560972690582275,259875,0.0,0.0
1985-07-02 00:00:00-04:00,2.056098095525791,2.07191444670258,2.056098095525791,2.0666422843933105,224100,0.0,0.0
1985-07-03 00:00:00-04:00,2.0666431269086534,2.077187184323686,2.0455548763275146,2.0455548763275146,319950,0.0,0.0
1985-07-05 00:00:00-04:00,2.0455532201800057,2.0613694292483027,2.0455532201800057,2.0560972690582275,45225,0.0,0.0
1985-07-08 00:00:00-04:00,2.056098095525791,2.0666422843933105,2.056098095525791,2.0666422843933105,108000,0.0,0.0
1985-07-09 00:00:00-04:00,2.0666417965311297,2.0877298977859655,2.0560976101527255,2.071913957595825,369225,0.0,0.0
1985-07-10 00:00:00-04:00,2.07191445522516,2.1009107371658295,2.0666422928942043,2.077186346054077,178200,0.0,0.0
1985-07-11 00:00:00-04:00,2.077186095978938,2.10091048423448,2.0455538045565524,2.082458257675171,388125,0.0,0.0
1985-07-12 00:00:00-04:00,2.082458041231401,2.1088180324667802,2.082458041231401,2.0877299308776855,621675,0.0,0.0
1985-07-15 00:00:00-04:00,2.08773079996001,2.1009111404418945,2.08773079996001,2.1009111404418945,711450,0.0,0.0
1985-07-16 00:00:00-04:00,2.1009107371658295,2.1009107371658295,2.077186346054077,2.077186346054077,166050,0.0,0.0
1985-07-17 00:00:00-04:00,2.0877299308776855,2.100910265872847,2.0877299308776855,2.0877299308776855,513675,0.0,0.0
1985-07-18 00:00:00-04:00,2.0877299308776855,2.100910265872847,2.082458041231401,2.0877299308776855,208575,0.0,0.0
1985-07-19 00:00:00-04:00,2.0877299308776855,2.100910265872847,2.0560976427430555,2.0877299308776855,254475,0.0,0.0
1985-07-22 00:00:00-04:00,2.082458499819081,2.082458499819081,2.056098095525791,2.0666422843933105,118800,0.0,0.0
1985-07-23 00:00:00-04:00,2.0666422843933105,2.1009107285239765,2.0666422843933105,2.0666422843933105,931500,0.0,0.0
1985-07-24 00:00:00-04:00,2.0613710982011373,2.0613710982011373,2.02446676149745,2.0455548763275146,463050,0.0,0.0
1985-07-25 00:00:00-04:00,2.0455545169467912,2.056098572509353,1.961201800944199,2.0139222145080566,164700,0.0,0.0
1985-07-26 00:00:00-04:00,2.1220484000313093,2.1276037656646922,2.094272859219322,2.1164934635162354,1205550,0.36045,0.0
1985-07-29 00:00:00-04:00,2.116493316065104,2.1331585535676068,2.1053831577301025,2.1053831577301025,101925,0.0,0.0
1985-07-30 00:00:00-04:00,2.0998267249994935,2.0998267249994935,2.0831613540649414,2.0831613540649414,406350,0.0,0.0
1985-07-31 00:00:00-04:00,2.0831630967977133,2.110938642898873,2.0803855564915437,2.0998284816741943,182925,0.0,0.0
1985-08-01 00:00:00-04:00,2.0998282959255317,2.1220486164093018,2.0942730727651377,2.1220486164093018,109350,0.0,0.0
1985-08-02 00:00:00-04:00,2.1220484000313093,2.1276037656646922,2.1164934635162354,2.1164934635162354,120150,0.0,0.0
1985-08-05 00:00:00-04:00,2.116493208701156,2.147045999533124,2.116493208701156,2.1331584453582764,242325,0.0,0.0
1985-08-06 00:00:00-04:00,2.138714231561398,2.1498243922641143,2.138714231561398,2.1470465660095215,234225,0.0,0.0
1985-08-07 00:00:00-04:00,2.1470462616975228,2.1470462616975228,2.116493467134916,2.127603769302368,785025,0.0,0.0
1985-08-08 00:00:00-04:00,2.116493533400543,2.116493533400543,2.0803852290250973,2.110938310623169,603450,0.0,0.0
1985-08-09 00:00:00-04:00,2.0998267249994935,2.0998267249994935,2.072051059095459,2.0831613540649414,408375,0.0,0.0
1985-08-12 00:00:00-04:00,2.072051525115967,2.072051525115967,2.0553864365119945,2.072051525115967,237600,0.0,0.0
1985-08-13 00:00:00-04:00,2.0609429121151437,2.0609429121151437,2.0276124238997846,2.0553879737854004,677025,0.0,0.0
1985-08-14 00:00:00-04:00,2.044275959473156,2.044275959473156,2.0137228965759277,2.0137228965759277,118125,0.0,0.0
1985-08-15 00:00:00-04:00,2.013723553823577,2.016500949859619,2.0053907935578485,2.016500949859619,170775,0.0,0.0
1985-08-16 00:00:00-04:00,2.016500949859619,2.016500949859619,1.983170480954307,2.016500949859619,350325,0.0,0.0
1985-08-19 00:00:00-04:00,2.016500949859619,2.022056171049905,2.013723553823577,2.016500949859619,166725,0.0,0.0
1985-08-20 00:00:00-04:00,2.016502093678369,2.016502093678369,1.9470634343652704,1.9665063619613647,1001025,0.0,0.0
1985-08-21 00:00:00-04:00,1.966504436264472,1.9720593690872192,1.9553942845402947,1.9720593690872192,249075,0.0,0.0
1985-08-22 00:00:00-04:00,1.9665063619613647,1.9665063619613647,1.9498409750162151,1.9665063619613647,141750,0.0,0.0
1985-08-23 00:00:00-04:00,1.9665063619613647,1.9665063619613647,1.9387308124124363,1.9665063619613647,137025,0.0,0.0
1985-08-26 00:00:00-04:00,1.9498393201589872,1.9498393201589872,1.9331739473579839,1.938729166984558,360450,0.0,0.0
1985-08-27 00:00:00-04:00,1.938729555786757,1.94983971118927,1.9331743350461117,1.94983971118927,137025,0.0,0.0
1985-08-28 00:00:00-04:00,1.9498409750162151,1.9665063619613647,1.9498409750162151,1.9665063619613647,194400,0.0,0.0
1985-08-29 00:00:00-04:00,1.966504436264472,1.9776147310279906,1.9553942845402947,1.9720593690872192,274725,0.0,0.0
1985-08-30 00:00:00-04:00,1.9720593690872192,1.9720593690872192,1.9553942845402947,1.9720593690872192,105300,0.0,0.0
1985-09-03 00:00:00-04:00,1.9720593690872192,1.9720593690872192,1.9553942845402947,1.9720593690872192,344925,0.0,0.0
1985-09-04 00:00:00-04:00,1.97206030261958,1.97206030261958,1.9331746101379395,1.9331746101379395,328050,0.0,0.0
1985-09-05 00:00:00-04:00,1.9331739473579839,1.9387291669845583,1.9331739473579839,1.938729166984558,268650,0.0,0.0
1985-09-06 00:00:00-04:00,1.9387291669845583,1.94706178186538,1.9220636511441949,1.938729166984558,249750,0.0,0.0
1985-09-09 00:00:00-04:00,1.938729555786757,1.94983971118927,1.938729555786757,1.94983971118927,634500,0.0,0.0
1985-09-10 00:00:00-04:00,1.9498409750162151,1.9720613002237726,1.9470634343652704,1.9665063619613647,533250,0.0,0.0
1985-09-11 00:00:00-04:00,1.9665052070344615,1.9998358183102385,1.9665052070344615,1.9887256622314453,376650,0.0,0.0
1985-09-12 00:00:00-04:00,1.977615317155754,1.977615317155754,1.9553948640823362,1.9553948640823364,88425,0.0,0.0
1985-09-13 00:00:00-04:00,1.9553950818875319,1.960950016975403,1.9387297044663194,1.9609500169754028,70200,0.0,0.0
1985-09-16 00:00:00-04:00,1.960949798551461,1.977615317155754,1.9553948640823362,1.9553948640823364,39825,0.0,0.0
1985-09-17 00:00:00-04:00,1.9553945397855617,1.9665046929599905,1.9387291669845583,1.938729166984558,64800,0.0,0.0
1985-09-18 00:00:00-04:00,1.938728743669706,1.94706135673113,1.922063231468201,1.9220632314682007,155250,0.0,0.0
1985-09-19 00:00:00-04:00,1.9220641238019192,1.9220641238019192,1.8942888770749537,1.8998438119888306,138375,0.0,0.0
1985-09-20 00:00:00-04:00,1.8998439852665807,1.9109541421864413,1.8665133714675906,1.8665133714675903,419850,0.0,0.0
1985-09-23 00:00:00-04:00,1.877623588193917,1.8998439010486365,1.877623588193917,1.8887337446212769,304425,0.0,0.0
1985-09-24 00:00:00-04:00,1.8942891649150162,1.9220644158624725,1.8942891649150162,1.9053993225097656,291600,0.0,0.0
1985-09-25 00:00:00-04:00,1.9053993336517223,1.9053993336517223,1.8720687176331545,1.8776237964630127,126900,0.0,0.0
1985-09-26 00:00:00-04:00,1.8720688036036386,1.8720688036036386,1.849848487263788,1.8554034233093262,234225,0.0,0.0
1985-09-30 00:00:00-04:00,1.8554030349490378,1.877623489677279,1.822072424376373,1.8442928791046143,196425,0.0,0.0
1985-10-01 00:00:00-04:00,1.8442932641696184,1.9109543561935425,1.8442932641696184,1.9109543561935425,219375,0.0,0.0
1985-10-02 00:00:00-04:00,1.922063528775901,1.9776148632688062,1.922063528775901,1.9470616579055786,805950,0.0,0.0
1985-10-03 00:00:00-04:00,1.94983971118927,1.9609498665917833,1.94983971118927,1.94983971118927,23625,0.0,0.0
1985-10-04 00:00:00-04:00,1.949840004131815,1.9553952257070726,1.9165093898773196,1.9165093898773193,726975,0.0,0.0
1985-10-07 00:00:00-04:00,1.9109542694421628,1.9109542694421628,1.877623796463013,1.8776237964630127,177525,0.0,0.0
1985-10-08 00:00:00-04:00,1.8776231334021167,1.8998434408747056,1.8776231334021167,1.8831783533096313,69525,0.0,0.0
1985-10-09 00:00:00-04:00,1.8831791836630716,1.8831791836630716,1.8720688819885254,1.8720688819885254,54000,0.0,0.0
1985-10-10 00:00:00-04:00,1.872068802619251,1.9109543561935425,1.866513580497785,1.9109543561935425,309150,0.0,0.0
1985-10-11 00:00:00-04:00,1.9109530807196358,1.922063231468201,1.905398148384682,1.9220632314682007,101925,0.0,0.0
1985-10-14 00:00:00-04:00,1.922063528775901,1.9470616579055786,1.922063528775901,1.9470616579055786,36450,0.0,0.0
1985-10-15 00:00:00-04:00,1.9470616579055786,1.9553944152952547,1.9331738242823522,1.9470616579055786,195750,0.0,0.0
1985-10-16 00:00:00-04:00,1.9470621723386419,1.9553949319299153,1.938729555786757,1.94983971118927,240300,0.0,0.0
1985-10-17 00:00:00-04:00,1.949839643534444,1.9553948640823362,1.9387294885174269,1.9553948640823364,163350,0.0,0.0
1985-10-18 00:00:00-04:00,1.9553944152952547,1.960949348489454,1.9470616579055786,1.9470616579055786,116775,0.0,0.0
1985-10-21 00:00:00-04:00,1.9470629522428957,1.9498404922060792,1.9276201725006106,1.9276201725006104,235575,0.0,0.0
1985-10-22 00:00:00-04:00,1.9276194878339818,1.9331744227478587,1.8998438119888306,1.8998438119888306,880875,0.0,0.0
1985-10-23 00:00:00-04:00,1.8998440112303667,1.9220643253737568,1.8998440112303667,1.9165093898773193,762075,0.0,0.0
1985-10-24 00:00:00-04:00,1.916509035444009,1.9553948640823362,1.9053988804269921,1.9553948640823364,751950,0.0,0.0
1985-10-25 00:00:00-04:00,1.9553944152952547,1.9553944152952547,1.9331738242823522,1.9470616579055786,232200,0.0,0.0
1985-10-28 00:00:00-05:00,2.0615463650911945,2.0644872188568115,2.035078378300883,2.0644872188568115,772200,0.36045,0.0
1985-10-29 00:00:00-05:00,2.064485659603426,2.105657884125491,2.064485659603426,2.099776029586792,475875,0.0,0.0
1985-10-30 00:00:00-05:00,2.099776973483856,2.1115403849496412,2.0615457347702204,2.0880134105682373,575775,0.0,0.0
1985-10-31 00:00:00-05:00,2.0880124719591597,2.1115394357646586,2.0880124719591597,2.099776029586792,369225,0.0,0.0
1985-11-01 00:00:00-05:00,2.099776029586792,2.1115394357646586,2.0880124719591597,2.099776029586792,504225,0.0,0.0
1985-11-04 00:00:00-05:00,2.099776299724952,2.1468300819396973,2.099776299724952,2.1468300819396973,144450,0.0,0.0
1985-11-05 00:00:00-05:00,2.146831437674414,2.246820769093284,2.132127168774545,2.2350573539733887,286875,0.0,0.0
1985-11-06 00:00:00-05:00,2.273287909136031,2.2997558897220105,2.273287909136031,2.287992477416992,477900,0.0,0.0
1985-11-07 00:00:00-05:00,2.287993300376634,2.299756716912791,2.2732887268066406,2.2732887268066406,268650,0.0,0.0
1985-11-08 00:00:00-05:00,2.258584973394743,2.258584973394743,2.2350579850620163,2.246821403503418,147825,0.0,0.0
1985-11-11 00:00:00-05:00,2.246820464930683,2.25858402990797,2.2027075127529723,2.252702474594116,246375,0.0,0.0
1985-11-12 00:00:00-05:00,2.252703640283697,2.317402448163749,2.252703640283697,2.3056390285491943,268650,0.0,0.0
1985-11-13 00:00:00-05:00,2.3056375958745194,2.3174010081795378,2.287992477416992,2.287992477416992,151200,0.0,0.0
1985-11-14 00:00:00-05:00,2.2879936236231178,2.3526924237125915,2.2821117630741545,2.343870162963867,283500,0.0,0.0
1985-11-15 00:00:00-05:00,2.343870162963867,2.3644559933605978,2.329165587316419,2.343870162963867,479925,0.0,0.0
1985-11-18 00:00:00-05:00,2.34681081145271,2.3762193562635825,2.34681081145271,2.3644559383392334,191025,0.0,0.0
1985-11-19 00:00:00-05:00,2.3644559383392334,2.3762193562635825,2.3438701084215396,2.3644559383392334,189675,0.0,0.0
1985-11-20 00:00:00-05:00,2.364455469921292,2.364455469921292,2.3438696440818183,2.3585739135742188,249075,0.0,0.0
1985-11-21 00:00:00-05:00,2.3644532454820553,2.387980357435744,2.3644532454820553,2.3762166500091553,1023300,0.0,0.0
1985-11-22 00:00:00-05:00,2.3762186305034767,2.387982347734708,2.3291648217276437,2.352691650390625,108675,0.0,0.0
1985-11-25 00:00:00-05:00,2.3526919028774853,2.3585739135742188,2.3526919028774853,2.3585739135742188,188325,0.0,0.0
1985-11-26 00:00:00-05:00,2.3585735954227953,2.3703370094299316,2.352691585519495,2.3703370094299316,239625,0.0,0.0
1985-11-27 00:00:00-05:00,2.370335099195349,2.39386190824955,2.370335099195349,2.3762166500091553,228825,0.0,0.0
1985-11-29 00:00:00-05:00,2.376218170032188,2.399745297035747,2.376218170032188,2.3938634395599365,81000,0.0,0.0
1985-12-02 00:00:00-05:00,2.3938634395599365,2.399745297035747,2.3879818849838084,2.3938634395599365,364500,0.0,0.0
1985-12-03 00:00:00-05:00,2.393864557775937,2.414450689932813,2.393864557775937,2.3997464179992676,48600,0.0,0.0
1985-12-04 00:00:00-05:00,2.3997464179992676,2.414450689932813,2.393864557775937,2.3997464179992676,542025,0.0,0.0
1985-12-05 00:00:00-05:00,2.4144491100428582,2.470325609727479,2.4144491100428582,2.435035228729248,504225,0.0,0.0
1985-12-06 00:00:00-05:00,2.435035684641403,2.435035684641403,2.3879818849838084,2.3938634395599365,588600,0.0,0.0
1985-12-09 00:00:00-05:00,2.39386190824955,2.4144480176217193,2.3762166500091553,2.3762166500091553,585900,0.0,0.0
1985-12-10 00:00:00-05:00,2.3762166500091553,2.3762166500091553,2.346808138691405,2.3762166500091553,334800,0.0,0.0
1985-12-11 00:00:00-05:00,2.3762189611074214,2.387982679975342,2.3644555451392835,2.382100820541382,194400,0.0,0.0
1985-12-12 00:00:00-05:00,2.376218564983634,2.376218564983634,2.3438693279138754,2.3703370094299316,442125,0.0,0.0
1985-12-13 00:00:00-05:00,2.3703377226822644,2.414450689932813,2.3703377226822644,2.3997464179992676,361800,0.0,0.0
1985-12-16 00:00:00-05:00,2.3997464179992676,2.414450689932813,2.376219280005771,2.3997464179992676,411750,0.0,0.0
1985-12-17 00:00:00-05:00,2.3997464179992676,2.4468002396365254,2.3997464179992676,2.3997464179992676,346950,0.0,0.0
1985-12-18 00:00:00-05:00,2.399745866987775,2.4232728481292725,2.399745866987775,2.4232728481292725,172125,0.0,0.0
1985-12-19 00:00:00-05:00,2.423273404542852,2.435036822089689,2.3997464179992676,2.3997464179992676,222075,0.0,0.0
1985-12-20 00:00:00-05:00,2.3997464123413423,2.417391538619995,2.3997464123413423,2.417391538619995,224100,0.0,0.0
1985-12-23 00:00:00-05:00,2.414450689932813,2.414450689932813,2.3997464179992676,2.3997464179992676,100575,0.0,0.0
1985-12-24 00:00:00-05:00,2.3997464179992676,2.405627975322774,2.3997464179992676,2.3997464179992676,75600,0.0,0.0
1985-12-26 00:00:00-05:00,2.3997465016820203,2.414450774128326,2.376219362868097,2.3879830837249756,286200,0.0,0.0
1985-12-27 00:00:00-05:00,2.3879838996740084,2.423274317053424,2.3879838996740084,2.4144515991210938,55350,0.0,0.0
1985-12-30 00:00:00-05:00,2.4144491100428582,2.446798638578721,2.393862991356468,2.435035228729248,101250,0.0,0.0
1985-12-31 00:00:00-05:00,2.435035228729248,2.4409167822041717,2.4232718188797753,2.435035228729248,48600,0.0,0.0
1986-01-02 00:00:00-05:00,2.4291558765916967,2.4291558765916967,2.4056288811887634,2.4144515991210938,283500,0.0,0.0
1986-01-03 00:00:00-05:00,2.4232718188797753,2.435035228729248,2.4232718188797753,2.435035228729248,416475,0.0,0.0
1986-01-06 00:00:00-05:00,2.4291544041023005,2.4291544041023005,2.399745866987775,2.4232728481292725,149175,0.0,0.0
1986-01-07 00:00:00-05:00,2.423271744031276,2.458561972489672,2.414449035466869,2.44679856300354,1373625,0.0,0.0
1986-01-08 00:00:00-05:00,2.4467995090384,2.4703264885569842,2.4467995090384,2.452681064605713,234225,0.0,0.0
1986-01-09 00:00:00-05:00,2.4467996778208927,2.4467996778208927,2.4232728481292725,2.4232728481292725,452250,0.0,0.0
1986-01-10 00:00:00-05:00,2.4232718188797753,2.4409167822041717,2.4232718188797753,2.435035228729248,135675,0.0,0.0
1986-01-13 00:00:00-05:00,2.435035228729248,2.4585620484281936,2.435035228729248,2.435035228729248,74250,0.0,0.0
1986-01-14 00:00:00-05:00,2.435036412416014,2.4526813843177444,2.435036412416014,2.44091796875,39825,0.0,0.0
1986-01-15 00:00:00-05:00,2.440916706810666,2.44679856300354,2.4350351535174077,2.44679856300354,124200,0.0,0.0
1986-01-16 00:00:00-05:00,2.4467998279837584,2.4467998279837584,2.435036412416014,2.44091796875,176175,0.0,0.0
1986-01-17 00:00:00-05:00,2.440916706810666,2.44679856300354,2.4350351535174077,2.44679856300354,353025,0.0,0.0
1986-01-20 00:00:00-05:00,2.4467996778208927,2.452681233793921,2.41739098925649,2.4232728481292725,87750,0.0,0.0
1986-01-21 00:00:00-05:00,2.4291545531822556,2.44091796875,2.4291545531822556,2.44091796875,36450,0.0,0.0
1986-01-22 00:00:00-05:00,2.4409167822041717,2.4409167822041717,2.399744847731017,2.435035228729248,543375,0.0,0.0
1986-01-23 00:00:00-05:00,2.4350357769186775,2.4467991894163985,2.423272364420957,2.4291539192199707,475875,0.0,0.0
1986-01-24 00:00:00-05:00,2.4291551836602894,2.470327451733273,2.4173917650393943,2.4644455909729004,297675,0.0,0.0
1986-01-27 00:00:00-05:00,2.4703258237011294,2.493852645437911,2.4703258237011294,2.485029935836792,318600,0.0,0.0
1986-01-28 00:00:00-05:00,2.4850296438334687,2.4850296438334687,2.4056263269024623,2.44679856300354,382725,0.0,0.0
1986-01-29 00:00:00-05:00,2.4585624667718573,2.5232613834027977,2.4585624667718573,2.4938528537750244,298350,0.0,0.0
1986-01-30 00:00:00-05:00,2.4938528685758143,2.564433491551199,2.4938528685758143,2.5409066677093506,570375,0.0,0.0
1986-01-31 00:00:00-05:00,2.636154152171335,2.636154152171335,2.5868802739111754,2.623835563659668,845100,0.36045,0.0
1986-02-03 00:00:00-05:00,2.623836070353279,2.6607915258338077,2.623836070353279,2.6423137187957764,802575,0.0,0.0
1986-02-04 00:00:00-05:00,2.6423132085339143,2.6607910120036635,2.623835563659668,2.623835563659668,318600,0.0,0.0
1986-02-05 00:00:00-05:00,2.6238362981006467,2.636154890060425,2.605358489458753,2.636154890060425,568350,0.0,0.0
1986-02-06 00:00:00-05:00,2.648473677340121,2.6761901561133925,2.648473677340121,2.660792112350464,417825,0.0,0.0
1986-02-07 00:00:00-05:00,2.6607924613880005,2.685429334640503,2.6238369929136574,2.685429334640503,222750,0.0,0.0
1986-02-10 00:00:00-05:00,2.685429680504983,2.7223853123345414,2.6607928040794238,2.710066556930542,684450,0.0,0.0
1986-02-11 00:00:00-05:00,2.722385615891716,2.783977813823397,2.722385615891716,2.7716593742370605,321975,0.0,0.0
1986-02-12 00:00:00-05:00,2.7716586598490434,2.833251476287842,2.7654994416433984,2.833251476287842,134325,0.0,0.0
1986-02-13 00:00:00-05:00,2.833251476287842,2.8578883491104223,2.8240123317882007,2.833251476287842,1094850,0.0,0.0
1986-02-14 00:00:00-05:00,2.8578883962711736,2.9194805793440164,2.8578883962711736,2.870206832885742,305100,0.0,0.0
1986-02-18 00:00:00-05:00,2.8702074537952313,2.9317996501922607,2.8578890145158256,2.9317996501922607,403650,0.0,0.0
1986-02-19 00:00:00-05:00,2.9317996501922607,2.9718348950415776,2.9133219912731523,2.9317996501922607,348975,0.0,0.0
1986-02-20 00:00:00-05:00,2.9317983417917968,2.9317983417917968,2.8578877391001223,2.9071614742279053,403650,0.0,0.0
1986-02-21 00:00:00-05:00,2.9071627253429786,2.9810736770337845,2.8979238960305334,2.9625957012176514,447525,0.0,0.0
1986-02-24 00:00:00-05:00,2.9625957012176514,2.9810736770337845,2.9533571890964483,2.9625957012176514,217350,0.0,0.0
1986-02-25 00:00:00-05:00,2.9625941025792453,2.9872309674515263,2.9564352035522465,2.956435203552246,90450,0.0,0.0
1986-02-26 00:00:00-05:00,2.956435526546794,2.956435526546794,2.9071614742279053,2.9071614742279053,93825,0.0,0.0
1986-02-27 00:00:00-05:00,2.907162771633449,2.9317996501922607,2.8332521359570135,2.9317996501922607,252450,0.0,0.0
1986-02-28 00:00:00-05:00,2.9317984504943464,2.9718336789611657,2.9317984504943464,2.9533560276031494,264600,0.0,0.0
1986-03-03 00:00:00-05:00,2.937957907247438,2.937957907247438,2.8702065134085877,2.897922992706299,288900,0.0,0.0
1986-03-04 00:00:00-05:00,2.8979233211565165,2.9995510578155518,2.8979233211565165,2.9995510578155518,164025,0.0,0.0
1986-03-05 00:00:00-05:00,2.981072068424527,2.981072068424527,2.9379572377069647,2.956435203552246,94500,0.0,0.0
1986-03-06 00:00:00-05:00,2.9749109353109966,3.0180257428443533,2.9749109353109966,2.9933888912200928,124200,0.0,0.0
1986-03-07 00:00:00-05:00,2.9933909388788513,2.9933909388788513,2.9533560276031494,2.9533560276031494,87750,0.0,0.0
1986-03-10 00:00:00-05:00,2.9533560276031494,2.956435636162819,2.9441172019241413,2.9533560276031494,119475,0.0,0.0
1986-03-11 00:00:00-05:00,2.953356774341113,3.0303470077993504,2.9317991917816086,3.0118696689605713,519750,0.0,0.0
1986-03-12 00:00:00-05:00,3.0118695121681225,3.0549840406602717,2.987232004361675,3.0457448959350586,121500,0.0,0.0
1986-03-13 00:00:00-05:00,3.0488234466240476,3.082699449487926,3.0488234466240476,3.0549826622009277,116100,0.0,0.0
1986-03-14 00:00:00-05:00,3.0549839305756,3.104257675648218,3.0457447861833145,3.082700729370117,166725,0.0,0.0
1986-03-17 00:00:00-05:00,3.082702266153047,3.09194078076856,3.030348251531626,3.0673038959503174,119475,0.0,0.0
1986-03-18 00:00:00-05:00,3.0673038959503174,3.0673038959503174,3.0457463045430275,3.0673038959503174,168750,0.0,0.0
1986-03-19 00:00:00-05:00,3.073461678046807,3.1658505872379785,3.073461678046807,3.156611442565918,450225,0.0,0.0
1986-03-20 00:00:00-05:00,3.1566116897723955,3.230522632598877,3.1412133255738417,3.230522632598877,749250,0.0,0.0
1986-03-21 00:00:00-05:00,3.2305236755873645,3.2305236755873645,3.165851857276922,3.1966476440429688,229500,0.0,0.0
1986-03-24 00:00:00-05:00,3.165851265719391,3.165851265719391,3.104258434931045,3.119656801223755,292275,0.0,0.0
1986-03-25 00:00:00-05:00,3.1196540197706213,3.1288925238032914,3.0057079236305313,3.018026351928711,672300,0.0,0.0
1986-03-26 00:00:00-05:00,3.018027051548609,3.0673010933546876,3.005708620394849,3.0549826622009277,219375,0.0,0.0
1986-03-27 00:00:00-05:00,3.08270085173969,3.104257798873506,3.08270085173969,3.085780143737793,211950,0.0,0.0
1986-03-31 00:00:00-05:00,3.0857795169271087,3.128894036819305,3.0827002255544986,3.0919387340545654,282825,0.0,0.0
1986-04-01 00:00:00-05:00,3.0919387340545654,3.1011775597457505,3.0919387340545654,3.0919387340545654,240300,0.0,0.0
1986-04-02 00:00:00-05:00,3.091939362116364,3.091939362116364,3.0734617069806514,3.085780143737793,155925,0.0,0.0
1986-04-03 00:00:00-05:00,3.0826981127398385,3.0826981127398385,2.9933888912200928,2.9933888912200928,143100,0.0,0.0
1986-04-04 00:00:00-05:00,2.971834989010917,2.971834989010917,2.9010036437234006,2.9441184997558594,167400,0.0,0.0
1986-04-07 00:00:00-05:00,2.9317996501922607,2.9317996501922607,2.907162771633449,2.9317996501922607,267975,0.0,0.0
1986-04-08 00:00:00-05:00,2.9317997428956875,2.9441184997558594,2.919481303226773,2.9441184997558594,283500,0.0,0.0
1986-04-09 00:00:00-05:00,2.9564352035522465,3.0057089332968077,2.9564352035522465,2.956435203552246,177525,0.0,0.0
1986-04-10 00:00:00-05:00,2.956436611697181,2.9810734883039576,2.9441181733937927,2.971834659576416,114075,0.0,0.0
1986-04-11 00:00:00-05:00,2.971833243681937,3.018027365311005,2.956435203138914,3.005708932876587,241650,0.0,0.0
1986-04-14 00:00:00-05:00,3.00570997662092,3.0549840406602717,2.9933915399088775,3.0457448959350586,278100,0.0,0.0
1986-04-15 00:00:00-05:00,3.0303447802268906,3.0303447802268906,3.018026351928711,3.018026351928711,78975,0.0,0.0
1986-04-16 00:00:00-05:00,3.030346245588882,3.0919387340545654,3.030346245588882,3.0919387340545654,298350,0.0,0.0
1986-04-17 00:00:00-05:00,3.15660953642552,3.202803963126283,3.15660953642552,3.1781671047210693,231525,0.0,0.0
1986-04-18 00:00:00-05:00,3.1781701644822515,3.1935682158098766,3.119657252245983,3.1350553035736084,113400,0.0,0.0
1986-04-21 00:00:00-05:00,3.135053147301157,3.1566104043328687,3.104256748636209,3.1288936138153076,82350,0.0,0.0
1986-04-22 00:00:00-05:00,3.141211986541748,3.1781679179882647,3.141211986541748,3.141211986541748,184950,0.0,0.0
1986-04-23 00:00:00-05:00,3.1288961079959234,3.1288961079959234,3.0673038959503174,3.0673038959503174,149175,0.0,0.0
1986-04-24 00:00:00-05:00,3.054984309526295,3.054984309526295,3.0365066528320312,3.0365066528320312,135000,0.0,0.0
1986-04-25 00:00:00-05:00,3.1597704575886705,3.1597704575886705,3.1340813636779785,3.1340813636779785,292275,0.37395,0.0
1986-04-28 00:00:00-04:00,3.1340826010425014,3.1565608978271484,3.1212380490160085,3.1565608978271484,292950,0.0,0.0
1986-04-29 00:00:00-04:00,3.1565588936156628,3.1661923015189393,3.108391523361206,3.108391523361206,66150,0.0,0.0
1986-04-30 00:00:00-04:00,3.108392915147719,3.1212374647699166,3.069859266281128,3.069859266281128,255825,0.0,0.0
1986-05-01 00:00:00-04:00,3.069858704566489,3.0987589359283447,2.9927910901967123,3.0987589359283447,774225,0.0,0.0
1986-05-02 00:00:00-04:00,3.108391523361206,3.1758253786841406,3.108391523361206,3.108391523361206,535950,0.0,0.0
1986-05-05 00:00:00-04:00,3.108391523361206,3.1276586699058337,3.0827024356191357,3.108391523361206,313875,0.0,0.0
1986-05-06 00:00:00-04:00,3.1083920496525637,3.1469256877899174,3.1083920496525637,3.146925687789917,226125,0.0,0.0
1986-05-07 00:00:00-04:00,3.1469256545490985,3.1597702004592065,3.069858379088449,3.121236562728882,305100,0.0,0.0
1986-05-08 00:00:00-04:00,3.121236893654232,3.1469259881981038,3.0827032518384248,3.0987589359283447,56025,0.0,0.0
1986-05-09 00:00:00-04:00,3.0987583176049336,3.101969123044074,3.0570132165627597,3.08270263671875,974025,0.0,0.0
1986-05-12 00:00:00-04:00,3.05059288969242,3.05059288969242,3.031326060341778,3.037748336791992,135675,0.0,0.0
1986-05-13 00:00:00-04:00,3.0313243865966797,3.0313243865966797,2.992790749171735,3.0313243865966797,71550,0.0,0.0
1986-05-14 00:00:00-04:00,3.0313250949921478,3.0313250949921478,3.012058271777179,3.024902820587158,34425,0.0,0.0
1986-05-15 00:00:00-04:00,3.024902113692522,3.0441689324049945,3.00563529498005,3.0313243865966797,176175,0.0,0.0
1986-05-16 00:00:00-04:00,3.031325321127484,3.0377475960115716,2.9927916718229555,3.0120584964752197,193050,0.0,0.0
1986-05-19 00:00:00-04:00,3.005636570643899,3.005636570643899,2.925357794531579,2.9285686016082764,388800,0.0,0.0
1986-05-20 00:00:00-04:00,2.928568277216765,2.934990882873535,2.8675569962288425,2.934990882873535,726975,0.0,0.0
1986-05-21 00:00:00-04:00,2.934990432363368,2.9542575848997865,2.8771896362304688,2.8771896362304688,386775,0.0,0.0
1986-05-22 00:00:00-04:00,2.877189716765748,2.9285679096658477,2.8675566363351663,2.9253571033477783,523125,0.0,0.0
1986-05-23 00:00:00-04:00,2.925356061422561,2.928566866597037,2.883610963821411,2.883610963821411,132300,0.0,0.0
1986-05-27 00:00:00-04:00,2.8900334075638185,2.979945879939766,2.8900334075638185,2.9671013355255127,600750,0.0,0.0
1986-05-28 00:00:00-04:00,2.9799468997522314,3.057014192612106,2.9799468997522314,3.024902820587158,415800,0.0,0.0
1986-05-29 00:00:00-04:00,3.0377492988098727,3.0698610219686384,3.0377492988098727,3.057016134262085,294300,0.0,0.0
1986-05-30 00:00:00-04:00,3.057015166142634,3.0698600497813695,3.037748336791992,3.037748336791992,392850,0.0,0.0
1986-06-02 00:00:00-04:00,3.037744672580975,3.0505892099879692,2.992788791656494,2.992788791656494,244350,0.0,0.0
1986-06-03 00:00:00-04:00,2.9927904243540184,3.012057240975398,2.928567040806577,2.9671013355255127,170775,0.0,0.0
1986-06-04 00:00:00-04:00,2.967102388298867,3.0216917214285726,2.967102388298867,2.973524332046509,188325,0.0,0.0
1986-06-05 00:00:00-04:00,2.973524850261916,2.986369401472114,2.877190385447163,2.915724039077759,473850,0.0,0.0
1986-06-06 00:00:00-04:00,2.9157244187713562,2.9285689716542076,2.896457920185386,2.9093024730682373,116775,0.0,0.0
1986-06-09 00:00:00-04:00,2.9093013292014454,2.9157232723796116,2.8001220111472587,2.87076735496521,273375,0.0,0.0
1986-06-10 00:00:00-04:00,2.8707676250001004,2.877189899520546,2.806544879795643,2.812966823577881,1576800,0.0,0.0
1986-06-11 00:00:00-04:00,2.812966558979945,2.87076735496521,2.8001220111472587,2.87076735496521,362475,0.0,0.0
1986-06-12 00:00:00-04:00,2.870767362297722,2.8900341840959625,2.8515005404994813,2.8771896362304688,427950,0.0,0.0
1986-06-13 00:00:00-04:00,2.8900349253871327,2.9285685788674587,2.8900349253871327,2.902879476547241,340200,0.0,0.0
1986-06-16 00:00:00-04:00,2.902879363141124,2.979947328567505,2.902879363141124,2.979947328567505,414450,0.0,0.0
1986-06-17 00:00:00-04:00,2.979946170204863,3.0056352615356445,2.9606790209686564,3.0056352615356445,141750,0.0,0.0
1986-06-18 00:00:00-04:00,3.005636954540922,3.037748336791992,2.992792401640494,3.037748336791992,416475,0.0,0.0
1986-06-19 00:00:00-04:00,3.0505921111096095,3.082703815903325,3.0505921111096095,3.069859266281128,349650,0.0,0.0
1986-06-20 00:00:00-04:00,3.0698600497813695,3.0698600497813695,3.005636954540922,3.037748336791992,286200,0.0,0.0
1986-06-23 00:00:00-04:00,3.0377483463815342,3.089126558145437,3.0216926552053143,3.0505928993225098,105300,0.0,0.0
1986-06-24 00:00:00-04:00,3.050591552920423,3.1083923463822964,3.0441692792844552,3.0987589359283447,134325,0.0,0.0
1986-06-25 00:00:00-04:00,3.1083920168187738,3.1405037123321717,3.1083920168187738,3.121236562728882,301725,0.0,0.0
1986-06-26 00:00:00-04:00,3.1212368167226323,3.1340813636779785,3.1083922697672866,3.1340813636779785,162675,0.0,0.0
1986-06-27 00:00:00-04:00,3.121236270845591,3.121236270845591,3.08270263671875,3.08270263671875,204525,0.0,0.0
1986-06-30 00:00:00-04:00,3.0987581154579296,3.108391523361206,3.0987581154579296,3.108391523361206,69525,0.0,0.0
1986-07-01 00:00:00-04:00,3.1083922697672866,3.1469259106333247,3.1083922697672866,3.1340813636779785,170775,0.0,0.0
1986-07-02 00:00:00-04:00,3.1597711372993653,3.1983051171927523,3.1597711372993653,3.1854605674743652,408375,0.0,0.0
1986-07-03 00:00:00-04:00,3.1854617793808346,3.236839997801187,3.159772339432307,3.2175731658935547,137025,0.0,0.0
1986-07-07 00:00:00-04:00,3.2143604436251993,3.2143604436251993,3.1212368167226323,3.1340813636779785,186975,0.0,0.0
1986-07-08 00:00:00-04:00,3.108391654820383,3.108391654820383,2.967101335525513,2.9671013355255127,317925,0.0,0.0
1986-07-09 00:00:00-04:00,2.9799488949304327,3.024904845864914,2.9799488949304327,3.021693706512451,263250,0.0,0.0
1986-07-10 00:00:00-04:00,3.0216909772404437,3.0313243865966797,3.00563529498005,3.0313243865966797,145800,0.0,0.0
1986-07-11 00:00:00-04:00,3.03132712456984,3.03132712456984,2.9927934523402846,3.021693706512451,115425,0.0,0.0
1986-07-14 00:00:00-04:00,3.005635469069941,3.005635469069941,2.9735237719510823,3.0024240016937256,60075,0.0,0.0
1986-07-15 00:00:00-04:00,3.0024256300700407,3.0024256300700407,2.9285691165999075,2.94462513923645,383400,0.0,0.0
1986-07-16 00:00:00-04:00,2.9446250728147763,2.9671033717035655,2.8771908376250397,2.890035390853882,486675,0.0,0.0
1986-07-17 00:00:00-04:00,2.890035390853882,2.9253582429715133,2.8771908376250397,2.890035390853882,532575,0.0,0.0
1986-07-18 00:00:00-04:00,2.8900347892545883,2.9542582035064697,2.851501137589356,2.9542582035064697,704700,0.0,0.0
1986-07-21 00:00:00-04:00,2.9446245985558575,2.9446245985558575,2.902879476547241,2.902879476547241,699300,0.0,0.0
1986-07-22 00:00:00-04:00,2.9028763683317167,2.992788791656494,2.8900318309247224,2.992788791656494,292950,0.0,0.0
1986-07-23 00:00:00-04:00,2.9799466806307744,2.9799466806307744,2.867556556069526,2.8771896362304688,1038825,0.0,0.0
1986-07-24 00:00:00-04:00,3.006272631820872,3.006272631820872,2.945743536431995,2.9860963821411133,207225,0.37395,0.0
1986-07-25 00:00:00-04:00,2.9860963821411133,3.0398997146204696,2.9860963821411133,2.9860963821411133,755325,0.0,0.0
1986-07-28 00:00:00-04:00,2.986098600106531,3.006274864772485,2.9591965675354004,2.9591965675354004,183600,0.0,0.0
1986-07-29 00:00:00-04:00,2.959194369551834,3.0264488815006305,2.959194369551834,2.9860963821411133,74925,0.0,0.0
1986-07-30 00:00:00-04:00,2.9860971318876293,2.9860971318876293,2.9222053121768936,2.945744276046753,273375,0.0,0.0
1986-07-31 00:00:00-04:00,2.9457435581902898,2.9457435581902898,2.9222046000567046,2.939018487930298,30375,0.0,0.0
1986-08-01 00:00:00-04:00,2.93901920414791,2.959195112543816,2.905391766555565,2.945744276046753,709425,0.0,0.0
1986-08-04 00:00:00-04:00,2.945744276046753,2.972646295390567,2.945744276046753,2.945744276046753,120150,0.0,0.0
1986-08-05 00:00:00-04:00,2.9457457244247642,2.972647756995895,2.9390206492193047,2.9591965675354004,408375,0.0,0.0
1986-08-06 00:00:00-04:00,2.9591948925937803,3.012998580932617,2.9322932215991933,3.012998580932617,589275,0.0,0.0
1986-08-07 00:00:00-04:00,3.0129988916297283,3.0533514022827153,3.00291111031618,3.053351402282715,230850,0.0,0.0
1986-08-08 00:00:00-04:00,3.0836146238000484,3.134055583801421,3.0836146238000484,3.1206047534942627,235575,0.0,0.0
1986-08-11 00:00:00-04:00,3.147508351182537,3.1744100283529777,3.147508351182537,3.1643218994140625,118800,0.0,0.0
1986-08-12 00:00:00-04:00,3.1643218994140625,3.1744100283529777,3.1542337704751473,3.1643218994140625,102600,0.0,0.0
1986-08-13 00:00:00-04:00,3.164322470791383,3.1878614425659184,3.147508919523858,3.187861442565918,290250,0.0,0.0
1986-08-14 00:00:00-04:00,3.1878599859452352,3.1945854033792176,3.164321024926297,3.1744091510772705,205875,0.0,0.0
1986-08-15 00:00:00-04:00,3.174409046871388,3.174409046871388,3.1206057091657238,3.127330780029297,163350,0.0,0.0
1986-08-18 00:00:00-04:00,3.1273313045865385,3.1643214518132923,3.1206062325949477,3.147507905960083,386775,0.0,0.0
1986-08-19 00:00:00-04:00,3.1475092791275565,3.164322832316034,3.100430983849975,3.113881826400757,197775,0.0,0.0
1986-08-20 00:00:00-04:00,3.1273317469549644,3.1744100283529777,3.1273317469549644,3.1643218994140625,473850,0.0,0.0
1986-08-21 00:00:00-04:00,3.1744098281230104,3.245027072590886,3.1744098281230104,3.2147626876831055,654075,0.0,0.0
1986-08-22 00:00:00-04:00,3.2013109795197177,3.2013109795197177,3.1744093084501253,3.1945855617523193,77625,0.0,0.0
1986-08-25 00:00:00-04:00,3.194586407158738,3.228213851244465,3.174410148517155,3.2013118267059326,535275,0.0,0.0
1986-08-26 00:00:00-04:00,3.201313181665481,3.228215217590332,3.201313181665481,3.228215217590332,164700,0.0,0.0
1986-08-27 00:00:00-04:00,3.2282135254198967,3.2685660386302713,3.187860665859802,3.2147626876831055,511650,0.0,0.0
1986-08-28 00:00:00-04:00,3.214763012150076,3.214763012150076,3.174410148517155,3.2013118267059326,351675,0.0,0.0
1986-08-29 00:00:00-04:00,3.2013117055234184,3.2147628904583807,3.1643218994140625,3.1643218994140625,155925,0.0,0.0
1986-09-02 00:00:00-04:00,3.164320464400501,3.2147614325699325,3.1340560913085938,3.1340560913085938,247725,0.0,0.0
1986-09-03 00:00:00-04:00,3.1340560913085938,3.1744085887644706,3.1206052588233013,3.1340560913085938,231525,0.0,0.0
1986-09-04 00:00:00-04:00,3.1340560913085938,3.1340560913085938,3.107154426338009,3.1340560913085938,255150,0.0,0.0
1986-09-05 00:00:00-04:00,3.13405654359214,3.13405654359214,3.1206057091657238,3.127330780029297,302400,0.0,0.0
1986-09-08 00:00:00-04:00,3.1138805146118935,3.1138805146118935,3.0533514022827153,3.053351402282715,269325,0.0,0.0
1986-09-09 00:00:00-04:00,3.0533510874244976,3.0836158136430707,3.012998580932617,3.012998580932617,309150,0.0,0.0
1986-09-10 00:00:00-04:00,3.0129983936599745,3.0264492283212325,3.002910614013672,3.002910614013672,105975,0.0,0.0
1986-09-11 00:00:00-04:00,2.9860966213718547,2.9860966213718547,2.8919404356400693,2.932292938232422,228825,0.0,0.0
1986-09-12 00:00:00-04:00,2.9322927344153493,2.9322927344153493,2.77088238891558,2.8650383949279785,387450,0.0,0.0
1986-09-15 00:00:00-04:00,2.8650386741101124,2.9053913510046008,2.8448622490754585,2.8583130836486816,194400,0.0,0.0
1986-09-16 00:00:00-04:00,2.8415008166981974,2.8415008166981974,2.743982049066753,2.8045108318328857,371925,0.0,0.0
1986-09-17 00:00:00-04:00,2.8179600375497573,2.922204331777735,2.8179600375497573,2.9020280838012695,197100,0.0,0.0
1986-09-18 00:00:00-04:00,2.9020285077907033,2.9222047587149405,2.8650385412547905,2.905391216278076,222750,0.0,0.0
1986-09-19 00:00:00-04:00,2.905391216278076,2.9222047587149405,2.9020285077907033,2.905391216278076,225450,0.0,0.0
1986-09-22 00:00:00-04:00,2.9222067489811514,2.9591965675354004,2.9222067489811514,2.9591965675354004,135000,0.0,0.0
1986-09-23 00:00:00-04:00,2.9591946583137294,2.986096673528141,2.9591946583137294,2.982733964920044,124875,0.0,0.0
1986-09-24 00:00:00-04:00,2.982735707469724,3.013000102623417,2.982735707469724,2.992823839187622,112725,0.0,0.0
1986-09-25 00:00:00-04:00,2.9928221416680874,3.0129983936599745,2.9860967243374583,3.002910614013672,141075,0.0,0.0
1986-09-26 00:00:00-04:00,2.986096833152513,2.986096833152513,2.959194816500031,2.9726459980010986,39150,0.0,0.0
1986-09-29 00:00:00-04:00,2.972645570978277,2.9860964041974687,2.939018487930298,2.939018487930298,216000,0.0,0.0
1986-09-30 00:00:00-04:00,2.9390183817424194,2.945743451759432,2.9222044944763184,2.9222044944763184,72225,0.0,0.0
1986-10-01 00:00:00-04:00,2.9322932215991933,3.012998580932617,2.9322932215991933,3.012998580932617,217350,0.0,0.0
1986-10-02 00:00:00-04:00,3.012999318376088,3.0399009959549668,3.012999318376088,3.0264501571655273,65475,0.0,0.0
1986-10-03 00:00:00-04:00,3.0399012982614773,3.083616875024249,3.0399012982614773,3.066802978515625,502200,0.0,0.0
1986-10-06 00:00:00-04:00,3.0668028271946093,3.1071560382843018,3.0668028271946093,3.1071560382843018,59400,0.0,0.0
1986-10-07 00:00:00-04:00,3.1071539231871044,3.14750641410858,3.1004281616839964,3.1206047534942627,60750,0.0,0.0
1986-10-08 00:00:00-04:00,3.1206047534942627,3.1206047534942627,3.1071539231871044,3.1206047534942627,107325,0.0,0.0
1986-10-09 00:00:00-04:00,3.1206047534942627,3.14750641410858,3.1206047534942627,3.1206047534942627,556200,0.0,0.0
1986-10-10 00:00:00-04:00,3.1206047534942627,3.1206047534942627,3.1071539231871044,3.1206047534942627,91125,0.0,0.0
1986-10-13 00:00:00-04:00,3.1071538615803806,3.1071538615803806,3.093703031539917,3.093703031539917,326700,0.0,0.0
1986-10-14 00:00:00-04:00,3.093705198820914,3.1071560382843018,3.053351987731222,3.1071560382843018,51300,0.0,0.0
1986-10-15 00:00:00-04:00,3.1071538615803806,3.1071538615803806,3.0836145626600473,3.093703031539917,157950,0.0,0.0
1986-10-16 00:00:00-04:00,3.0869783321554403,3.0869783321554403,3.039900064468384,3.039900064468384,119475,0.0,0.0
1986-10-17 00:00:00-04:00,3.0399008706006443,3.0869791507720947,3.012999194131092,3.0869791507720947,74250,0.0,0.0
1986-10-20 00:00:00-04:00,3.086979278067752,3.1004301168571913,3.0264501571655273,3.0264501571655273,86400,0.0,0.0
1986-10-21 00:00:00-04:00,3.012998580932617,3.012998580932617,2.98609690993803,3.012998580932617,170775,0.0,0.0
1986-10-22 00:00:00-04:00,3.006274681478152,3.006274681478152,2.9726475757518265,2.992823839187622,70200,0.0,0.0
1986-10-23 00:00:00-04:00,2.9928222221658256,3.0735275786537417,2.9860968046543035,3.019723892211914,66825,0.0,0.0
1986-10-24 00:00:00-04:00,3.161927831684143,3.168969960556992,3.126717187319897,3.1443228721618652,110025,0.37395,0.0
1986-10-27 00:00:00-05:00,3.1443239560206693,3.211223840713501,3.1443239560206693,3.211223840713501,70875,0.0,0.0
1986-10-28 00:00:00-05:00,3.197138301400787,3.197138301400787,3.1478434019836374,3.1548855304718018,49275,0.0,0.0
1986-10-29 00:00:00-05:00,3.1548857028112938,3.168969960556992,3.0985483091686556,3.1443228721618652,126900,0.0,0.0
1986-10-30 00:00:00-05:00,3.1443249110040647,3.2112248160155024,3.1443249110040647,3.1689720153808594,149850,0.0,0.0
1986-10-31 00:00:00-05:00,3.1689697874481304,3.2077018567928586,3.1548855304718018,3.1548855304718018,163350,0.0,0.0
1986-11-03 00:00:00-05:00,3.1548865230133907,3.1689707844206914,3.126718000198789,3.161928653717041,159975,0.0,0.0
1986-11-04 00:00:00-05:00,3.161927831684143,3.1830542183026904,3.1443228721618652,3.1443228721618652,182250,0.0,0.0
1986-11-05 00:00:00-05:00,3.144322940262311,3.2393920447646467,3.144322940262311,3.2182652950286865,223425,0.0,0.0
1986-11-06 00:00:00-05:00,3.2182660879056235,3.2323503494262695,3.207702891765139,3.2323503494262695,429975,0.0,0.0
1986-11-07 00:00:00-05:00,3.2323495530794246,3.2393920447646467,3.2182652950286865,3.2182652950286865,143775,0.0,0.0
1986-11-10 00:00:00-05:00,3.2182652950286865,3.22882848856674,3.1971385452927263,3.2182652950286865,95175,0.0,0.0
1986-11-11 00:00:00-05:00,3.218268702463852,3.2323529754267217,3.207705497741699,3.207705497741699,227475,0.0,0.0
1986-11-12 00:00:00-05:00,3.2112228033434644,3.22882848856674,3.2112228033434644,3.2182652950286865,95175,0.0,0.0
1986-11-13 00:00:00-05:00,3.2182673121146896,3.2182673121146896,3.154887748502645,3.1689720153808594,106650,0.0,0.0
1986-11-14 00:00:00-05:00,3.1443233804332364,3.1443233804332364,3.077422782667024,3.0844645500183105,751950,0.0,0.0
1986-11-17 00:00:00-05:00,3.0844662901221795,3.112635188718349,3.0844662901221795,3.09855055809021,346275,0.0,0.0
1986-11-18 00:00:00-05:00,3.0985500112819206,3.112634639424513,3.0598182812049144,3.0633397102355957,145125,0.0,0.0
1986-11-19 00:00:00-05:00,3.0633384436776905,3.08446447050677,3.028127431869507,3.028127431869507,508950,0.0,0.0
1986-11-20 00:00:00-05:00,3.0281263111316212,3.084463328918027,3.0210840025784407,3.0598158836364746,351675,0.0,0.0
1986-11-21 00:00:00-05:00,3.0598170949791443,3.0844645500183105,3.028127509928787,3.0844645500183105,181575,0.0,0.0
1986-11-24 00:00:00-05:00,3.0844645837082423,3.1443234147769736,3.0703803235320266,3.112633466720581,432000,0.0,0.0
1986-11-25 00:00:00-05:00,3.112634547701981,3.144324506763924,3.0844656549069165,3.091508150100708,1024650,0.0,0.0
1986-11-26 00:00:00-05:00,3.091506325140543,3.1231959028356435,3.091506325140543,3.105590581893921,315900,0.0,0.0
1986-11-28 00:00:00-05:00,3.105593054734334,3.123198389694372,3.0844662901221795,3.09855055809021,153225,0.0,0.0
1986-12-01 00:00:00-05:00,3.0844647100481515,3.0844647100481515,3.059817253730213,3.070380449295044,86400,0.0,0.0
1986-12-02 00:00:00-05:00,3.0844645837082423,3.112633466720581,3.0844645837082423,3.112633466720581,499500,0.0,0.0
1986-12-03 00:00:00-05:00,3.123196740729448,3.133759936128384,3.123196740729448,3.1267178058624268,1427625,0.0,0.0
1986-12-04 00:00:00-05:00,3.126718159804411,3.1478445529937744,3.126718159804411,3.1478445529937744,261900,0.0,0.0
1986-12-05 00:00:00-05:00,3.1478441966602992,3.1478441966602992,3.123196740729448,3.1267178058624268,153900,0.0,0.0
1986-12-08 00:00:00-05:00,3.126717187319897,3.1443228721618652,3.112632929574199,3.1443228721618652,349650,0.0,0.0
1986-12-09 00:00:00-05:00,3.144323407535385,3.183054760270869,3.126717719695755,3.1760129928588867,880875,0.0,0.0
1986-12-10 00:00:00-05:00,3.1760129928588867,3.183054760270869,3.144323407535385,3.1760129928588867,280800,0.0,0.0
1986-12-11 00:00:00-05:00,3.1760132777842816,3.2112235686425943,3.161928653717041,3.161928653717041,278100,0.0,0.0
1986-12-12 00:00:00-05:00,3.161927822200312,3.1971384664589473,3.154885693348585,3.183054208755493,331425,0.0,0.0
1986-12-15 00:00:00-05:00,3.1760122785961196,3.1760122785961196,3.1337591450073092,3.1548855304718018,251100,0.0,0.0
1986-12-16 00:00:00-05:00,3.1548855304718018,3.1760122785961196,3.1443227003993806,3.1548855304718018,715500,0.0,0.0
1986-12-17 00:00:00-05:00,3.154886239983312,3.1971390204146477,3.126717719695755,3.1760129928588867,509625,0.0,0.0
1986-12-18 00:00:00-05:00,3.183054287241988,3.2182652950286865,3.183054287241988,3.2182652950286865,355725,0.0,0.0
1986-12-19 00:00:00-05:00,3.2182652156739726,3.2288284089515633,3.1267171779416767,3.183054208755493,274725,0.0,0.0
1986-12-22 00:00:00-05:00,3.1830544634789115,3.1830544634789115,3.09854854783577,3.1231963634490967,573750,0.0,0.0
1986-12-23 00:00:00-05:00,3.123196789779121,3.123196789779121,3.070380449295044,3.070380449295044,824850,0.0,0.0
1986-12-24 00:00:00-05:00,3.0703799897220856,3.0774224817044455,2.9858742565222536,2.9999585151672363,226800,0.0,0.0
1986-12-26 00:00:00-05:00,2.9999584148053517,3.0281271124828844,2.97531078167127,3.014042854309082,232200,0.0,0.0
1986-12-29 00:00:00-05:00,3.0140448500782044,3.042213385077785,3.007002353668213,3.007002353668213,609525,0.0,0.0
1986-12-30 00:00:00-05:00,3.0070010579562885,3.04221207419349,2.999959108570806,3.021085500717163,332775,0.0,0.0
1986-12-31 00:00:00-05:00,3.021085791520556,3.021085791520556,2.957706608980738,2.975311756134033,539325,0.0,0.0
1987-01-02 00:00:00-05:00,2.9753109204086314,3.126717428156733,2.9753109204086314,3.1231963634490967,217350,0.0,0.0
1987-01-05 00:00:00-05:00,3.1337593862131343,3.3238975953481784,3.1337593862131343,3.281644821166992,411075,0.0,0.0
1987-01-06 00:00:00-05:00,3.28164607759757,3.3379831314086914,3.2675618141447895,3.3379831314086914,149850,0.0,0.0
1987-01-07 00:00:00-05:00,3.33798344080287,3.492911078463519,3.323899176044634,3.4436161518096924,671625,0.0,0.0
1987-01-08 00:00:00-05:00,3.443615283409063,3.4506570513523833,3.3661514841133284,3.436572790145874,248400,0.0,0.0
1987-01-09 00:00:00-05:00,3.436571273497886,3.4506555284886486,3.380234253534837,3.401360273361206,428625,0.0,0.0
1987-01-12 00:00:00-05:00,3.401361774469667,3.4365727901458745,3.3661514841133284,3.436572790145874,257175,0.0,0.0
1987-01-13 00:00:00-05:00,3.4365734300889823,3.4929108480658515,3.3802363747721147,3.4224891662597656,188325,0.0,0.0
1987-01-14 00:00:00-05:00,3.422488440687407,3.485867977142334,3.408404179844073,3.485867977142334,196425,0.0,0.0
1987-01-15 00:00:00-05:00,3.4858677135231457,3.54924688252509,3.4647409611959334,3.52459979057312,813375,0.0,0.0
1987-01-16 00:00:00-05:00,3.524599009973917,3.524599009973917,3.397839974723782,3.450655937194824,390825,0.0,0.0
1987-01-19 00:00:00-05:00,3.4506576939181994,3.4506576939181994,3.3802363747721147,3.4224891662597656,61425,0.0,0.0
1987-01-20 00:00:00-05:00,3.422489101553914,3.422489101553914,3.3802363108650977,3.3872780799865723,218700,0.0,0.0
1987-01-21 00:00:00-05:00,3.3872785606302482,3.436573852755368,3.36615252494812,3.36615252494812,347625,0.0,0.0
1987-01-22 00:00:00-05:00,3.3661502089125284,3.4084029765254136,3.3238970786398463,3.3978397846221924,280800,0.0,0.0
1987-01-23 00:00:00-05:00,3.3978421224613817,3.464742383878267,3.36615252494812,3.36615252494812,145800,0.0,0.0
1987-01-26 00:00:00-05:00,3.3661513392845963,3.3661513392845963,3.3309403251233434,3.345024585723877,105300,0.0,0.0
1987-01-27 00:00:00-05:00,3.3520689154208037,3.4365748971309262,3.3520689154208037,3.3802378177642822,216675,0.0,0.0
1987-01-28 00:00:00-05:00,3.513982439021705,3.513982439021705,3.458846566555754,3.484576463699341,302400,0.37395,0.0
1987-01-29 00:00:00-05:00,3.4845763701148753,3.4845763701148753,3.396359582277509,3.4184134006500244,167400,0.0,0.0
1987-01-30 00:00:00-05:00,3.418412314080661,3.4625210725658526,3.396358502718124,3.4478182792663574,99900,0.0,0.0
1987-02-02 00:00:00-05:00,3.4478192331562765,3.4698734292071376,3.4404678344726562,3.4404678344726562,122175,0.0,0.0
1987-02-03 00:00:00-05:00,3.440467492128809,3.440467492128809,3.352249959529834,3.3596017360687256,1446525,0.0,0.0
1987-02-04 00:00:00-05:00,3.3706286996530013,3.440467356022051,3.3706286996530013,3.425764560699463,390825,0.0,0.0
1987-02-05 00:00:00-05:00,3.4367919918353507,3.4845764651371365,3.4367919918353507,3.4698736667633057,411075,0.0,0.0
1987-02-06 00:00:00-05:00,3.469872459967504,3.4845752532278125,3.4110612869262695,3.4110612869262695,599400,0.0,0.0
1987-02-09 00:00:00-05:00,3.4110623802504034,3.447819375182639,3.4110623802504034,3.4184134006500244,905850,0.0,0.0
1987-02-10 00:00:00-05:00,3.418414940904035,3.4367934466510572,3.370630825961777,3.3963611125946045,149175,0.0,0.0
1987-02-11 00:00:00-05:00,3.3963594423709345,3.4698734292071376,3.3706291683914533,3.4404678344726562,205875,0.0,0.0
1987-02-12 00:00:00-05:00,3.42576672178984,3.42576672178984,3.370630825961777,3.3963611125946045,219375,0.0,0.0
1987-02-13 00:00:00-05:00,3.3963584936659608,3.4404668734468866,3.3963584936659608,3.4110612869262695,542700,0.0,0.0
1987-02-17 00:00:00-05:00,3.4110624718605207,3.499279262067105,3.4110624718605207,3.484576463699341,413100,0.0,0.0
1987-02-18 00:00:00-05:00,3.484576463699341,3.499279262067105,3.469873665331577,3.484576463699341,348975,0.0,0.0
1987-02-19 00:00:00-05:00,3.484576706415648,3.4919281061115877,3.440468308240009,3.4588468074798584,94500,0.0,0.0
1987-02-20 00:00:00-05:00,3.4588468074798584,3.4698739070237683,3.41106270945625,3.4588468074798584,180900,0.0,0.0
1987-02-23 00:00:00-05:00,3.458847192203594,3.469874292974036,3.4110630888650126,3.4367926120758057,294975,0.0,0.0
1987-02-24 00:00:00-05:00,3.436792630847681,3.4478201102652597,3.359602925032975,3.3706300258636475,284175,0.0,0.0
1987-02-25 00:00:00-05:00,3.370630724872967,3.4257666190474465,3.3522518410901507,3.403712034225464,546750,0.0,0.0
1987-02-26 00:00:00-05:00,3.403712034225464,3.4110638148907815,3.389009230068799,3.403712034225464,343575,0.0,0.0
1987-02-27 00:00:00-05:00,3.4037096469481285,3.436790933098233,3.3890068531036377,3.3890068531036377,357075,0.0,0.0
1987-03-02 00:00:00-05:00,3.3890085087372244,3.4404686909195243,3.3890085087372244,3.4367926120758057,294300,0.0,0.0
1987-03-03 00:00:00-05:00,3.4367934466510572,3.4404695263874583,3.3963611125946045,3.3963611125946045,277425,0.0,0.0
1987-03-04 00:00:00-05:00,3.396358246827367,3.4184120565283114,3.3375463208870233,3.38165545463562,459675,0.0,0.0
1987-03-05 00:00:00-05:00,3.381657411429263,3.381657411429263,3.2640342486593696,3.3522510528564453,1132650,0.0,0.0
1987-03-06 00:00:00-05:00,3.3522510528564453,3.3522510528564453,3.3081426507579073,3.3522510528564453,614250,0.0,0.0
1987-03-09 00:00:00-05:00,3.352250677445005,3.352250677445005,3.3228450793390505,3.3301968574523926,217350,0.0,0.0
1987-03-10 00:00:00-05:00,3.3301965223774417,3.337547542577438,3.2934391498565674,3.2934391498565674,803925,0.0,0.0
1987-03-11 00:00:00-05:00,3.2934403360165376,3.3228459417544585,3.2934403360165376,3.308143138885498,834300,0.0,0.0
1987-03-12 00:00:00-05:00,3.308142280286073,3.3301968574523926,3.308142280286073,3.3301968574523926,256500,0.0,0.0
1987-03-13 00:00:00-05:00,3.3301968595787224,3.3375478805230507,3.308142282398321,3.3154940605163574,209925,0.0,0.0
1987-03-16 00:00:00-05:00,3.3154940605163574,3.322845081460686,3.293439483335956,3.3154940605163574,327375,0.0,0.0
1987-03-17 00:00:00-05:00,3.3154940583994152,3.337547878392028,3.3154940583994152,3.3301968574523926,602100,0.0,0.0
1987-03-18 00:00:00-05:00,3.33019508742297,3.3375461044554715,3.3154922961846616,3.322843313217163,189000,0.0,0.0
1987-03-19 00:00:00-05:00,3.3228450793390505,3.3301968574523926,3.308142280286073,3.3301968574523926,414450,0.0,0.0
1987-03-20 00:00:00-05:00,3.330197322817849,3.411063107496352,3.330197322817849,3.3706300258636475,1491075,0.0,0.0
1987-03-23 00:00:00-05:00,3.3706288329969043,3.3706288329969043,3.3228443677213573,3.3596017360687256,508950,0.0,0.0
1987-03-24 00:00:00-05:00,3.3596046057368327,3.3706317120840175,3.3485774993896484,3.3485774993896484,395550,0.0,0.0
1987-03-25 00:00:00-05:00,3.3485757312684634,3.370629932317732,3.3485757312684634,3.3522510528564453,299025,0.0,0.0
1987-03-26 00:00:00-05:00,3.352249959529834,3.374304531972964,3.348574639140547,3.3596017360687256,1179900,0.0,0.0
1987-03-27 00:00:00-05:00,3.3522492235238452,3.3522492235238452,3.2824113368988037,3.2824113368988037,296325,0.0,0.0
1987-03-30 00:00:00-05:00,3.27138471428386,3.27138471428386,3.205221751453749,3.212573528289795,393525,0.0,0.0
1987-03-31 00:00:00-05:00,3.2125725649224672,3.2199235823805576,3.175815206111969,3.183166980743408,842400,0.0,0.0
1987-04-01 00:00:00-05:00,3.175816683087593,3.175816683087593,3.117005298084753,3.124356508255005,521775,0.0,0.0
1987-04-02 00:00:00-05:00,3.1243558941697223,3.17214035987854,3.1243558941697223,3.17214035987854,306450,0.0,0.0
1987-04-03 00:00:00-05:00,3.172140924232977,3.2824126713065707,3.1537622366229043,3.264033794403076,1086750,0.0,0.0
1987-04-06 00:00:00-04:00,3.2640337918444353,3.2934393891280265,3.2640337918444353,3.286087989807129,809325,0.0,0.0
1987-04-07 00:00:00-04:00,3.2860887001787216,3.337548506549351,3.2860887001787216,3.3007915019989014,420525,0.0,0.0
1987-04-08 00:00:00-04:00,3.3007907910363783,3.3007907910363783,3.249330995749755,3.264033794403076,343575,0.0,0.0
1987-04-09 00:00:00-04:00,3.2640361045857693,3.2640361045857693,3.2199272988201293,3.2346301078796387,378675,0.0,0.0
1987-04-10 00:00:00-04:00,3.2199249320226957,3.2199249320226957,3.161113739013672,3.161113739013672,151875,0.0,0.0
1987-04-13 00:00:00-04:00,3.1611148930089614,3.1721419957237025,3.0177619898368655,3.0287892818450928,544725,0.0,0.0
1987-04-14 00:00:00-04:00,3.0214368861139573,3.0214368861139573,2.9773282977079027,2.9920310974121094,340200,0.0,0.0
1987-04-15 00:00:00-04:00,2.992032031392289,2.992032031392289,2.903815016336162,2.933220624923706,315900,0.0,0.0
1987-04-16 00:00:00-04:00,2.9332205865466765,2.9699775968001934,2.911166191101074,2.911166191101074,751950,0.0,0.0
1987-04-20 00:00:00-04:00,2.929544393174785,2.9773284953860557,2.929544393174785,2.9552741050720215,545400,0.0,0.0
1987-04-21 00:00:00-04:00,2.9552740594643403,2.9552740594643403,2.9111654688104314,2.9405710697174072,408375,0.0,0.0
1987-04-22 00:00:00-04:00,2.940570840790111,2.962625418340255,2.8817596435546875,2.8817596435546875,470475,0.0,0.0
1987-04-23 00:00:00-04:00,2.881758692360563,2.8964614868164062,2.8413256290202593,2.8964614868164062,525825,0.0,0.0
1987-04-24 00:00:00-04:00,2.8964614868164062,2.8964614868164062,2.8964614868164062,2.8964614868164062,0,0.0,0.0
1987-04-27 00:00:00-04:00,2.8964631648026686,2.8964631648026686,2.8082459683746688,2.8744089603424072,1099575,0.0,0.0
1987-04-28 00:00:00-04:00,2.8744084676767114,2.947922848531041,2.8597056672232233,2.9405710697174072,209250,0.0,0.0
1987-04-29 00:00:00-04:00,2.9405710697174072,2.9405710697174072,2.929544347964181,2.9405710697174072,762075,0.0,0.0
1987-04-30 00:00:00-04:00,2.9405711150981824,2.9552741050720215,2.933219904051435,2.9552741050720215,362475,0.0,0.0
1987-05-01 00:00:00-04:00,2.9552740594643403,2.9552740594643403,2.9111654688104314,2.9405710697174072,594000,0.0,0.0
1987-05-04 00:00:00-04:00,2.9332199597990445,2.9332199597990445,2.8964627681060264,2.929544448852539,137700,0.0,0.0
1987-05-05 00:00:00-04:00,2.9405711150981824,2.9552741050720215,2.9405711150981824,2.9552741050720215,488700,0.0,0.0
1987-05-06 00:00:00-04:00,3.115534543991089,3.115534543991089,3.0999955781462596,3.115534543991089,271350,0.4005,0.0
1987-05-07 00:00:00-04:00,3.1155329618949215,3.138840898685662,3.0300691932881634,3.076685667037964,471150,0.0,0.0
1987-05-08 00:00:00-04:00,3.0766867626258483,3.09611061702714,3.04560923576355,3.04560923576355,405000,0.0,0.0
1987-05-11 00:00:00-04:00,3.0456085252045124,3.096109894685825,3.0456085252045124,3.053378105163574,212625,0.0,0.0
1987-05-12 00:00:00-04:00,3.053378610127821,3.0961104067170075,3.0300700664520264,3.0300700664520264,724950,0.0,0.0
1987-05-13 00:00:00-04:00,3.0300702722762227,3.04560923576355,3.0300702722762227,3.04560923576355,467775,0.0,0.0
1987-05-14 00:00:00-04:00,3.04560802589239,3.04560802589239,2.9834527968028492,3.002876043319702,335475,0.0,0.0
1987-05-15 00:00:00-04:00,3.0028777587773687,3.0028777587773687,2.952376768837934,2.9679155349731445,511650,0.0,0.0
1987-05-18 00:00:00-04:00,2.967915275035752,2.967915275035752,2.9212989807128906,2.9212989807128906,410400,0.0,0.0
1987-05-19 00:00:00-04:00,2.9212989807128906,2.9912238223095726,2.9212989807128906,2.9212989807128906,223425,0.0,0.0
1987-05-20 00:00:00-04:00,2.9212989807128906,2.967915275035752,2.8902212511081213,2.9212989807128906,538650,0.0,0.0
1987-05-21 00:00:00-04:00,2.921298906398185,2.9446072530228715,2.890221177584,2.929068088531494,739125,0.0,0.0
1987-05-22 00:00:00-04:00,2.92906660036767,2.9523749351501465,2.92906660036767,2.9523749351501465,576450,0.0,0.0
1987-05-26 00:00:00-04:00,2.952376026102011,3.002877003336801,2.952376026102011,2.9834537506103516,921375,0.0,0.0
1987-05-27 00:00:00-04:00,3.0145304353902653,3.0922244249358615,3.0145304353902653,3.076685667037964,616275,0.0,2.0
1987-05-28 00:00:00-04:00,3.076685667037964,3.0922244249358615,3.0456081512421678,3.076685667037964,127913,0.0,0.0
1987-05-29 00:00:00-04:00,3.076686451680058,3.076686451680058,3.045608927958614,3.061147689819336,327038,0.0,0.0
1987-06-01 00:00:00-04:00,3.061148091606979,3.154381275177002,3.061148091606979,3.154381275177002,309150,0.0,0.0
1987-06-02 00:00:00-04:00,3.1543808603801073,3.169919622237026,3.045608927213204,3.123302936553955,249075,0.0,0.0
1987-06-03 00:00:00-04:00,3.1233038891768863,3.278692355364944,3.1233038891768863,3.247614622116089,444825,0.0,0.0
1987-06-04 00:00:00-04:00,3.232072547880073,3.232072547880073,3.1543785943527314,3.169917345046997,275400,0.0,0.0
1987-06-05 00:00:00-04:00,3.169919622237026,3.185458584150102,3.107763974640879,3.123302936553955,176513,0.0,0.0
1987-06-08 00:00:00-04:00,3.123303347264144,3.154381275177002,3.107764383307715,3.154381275177002,434700,0.0,0.0
1987-06-09 00:00:00-04:00,3.1543785943527314,3.169917345046997,3.1388394435464386,3.169917345046997,240638,0.0,0.0
1987-06-10 00:00:00-04:00,3.169920039077247,3.1854590030336762,3.154381275177002,3.154381275177002,61763,0.0,0.0
1987-06-11 00:00:00-04:00,3.154381275177002,3.169920039077247,3.107764383307715,3.154381275177002,659138,0.0,0.0
1987-06-12 00:00:00-04:00,3.1699201715120324,3.3563859462738037,3.1699201715120324,3.3563859462738037,1748250,0.0,0.0
1987-06-15 00:00:00-04:00,3.3253083328496253,3.3253083328496253,3.232075347804906,3.263153076171875,307463,0.0,0.0
1987-06-16 00:00:00-04:00,3.263152225654223,3.3097685059701907,3.2320745053874433,3.294229745864868,326363,0.0,0.0
1987-06-17 00:00:00-04:00,3.2942296498710024,3.3408461288847007,3.2631521305659565,3.3253073692321777,171788,0.0,0.0
1987-06-18 00:00:00-04:00,3.325307466131648,3.3408462262369705,3.294229745864868,3.294229745864868,159638,0.0,0.0
1987-06-19 00:00:00-04:00,3.294229818722022,3.340846300125122,3.263152297824048,3.340846300125122,220388,0.0,0.0
1987-06-22 00:00:00-04:00,3.340846300125122,3.340846300125122,3.263152297824048,3.340846300125122,249750,0.0,0.0
1987-06-23 00:00:00-04:00,3.340847181724371,3.3563859462738037,3.278691923470447,3.3563859462738037,112388,0.0,0.0
1987-06-24 00:00:00-04:00,3.3563850605741092,3.3563850605741092,3.309768579171009,3.340846300125122,132638,0.0,0.0
1987-06-25 00:00:00-04:00,3.3408462262369705,3.3408462262369705,3.263152225654223,3.294229745864868,154238,0.0,0.0
1987-06-26 00:00:00-04:00,3.294229745864868,3.3408462262369705,3.263152225654223,3.294229745864868,211613,0.0,0.0
1987-06-29 00:00:00-04:00,3.2942297394873434,3.325307459693958,3.232074499130249,3.232074499130249,465413,0.0,0.0
1987-06-30 00:00:00-04:00,3.232075117111259,3.232075117111259,3.1854588279723854,3.2009975910186768,530213,0.0,0.0
1987-07-01 00:00:00-04:00,3.2009975910186768,3.232075117111259,3.2009975910186768,3.2009975910186768,292613,0.0,0.0
1987-07-02 00:00:00-04:00,3.200997819494124,3.278691840327266,3.200997819494124,3.263153076171875,310500,0.0,0.0
1987-07-06 00:00:00-04:00,3.294229818722022,3.340846300125122,3.294229818722022,3.340846300125122,205538,0.0,0.0
1987-07-07 00:00:00-04:00,3.3408462262369705,3.3719237464476155,3.294229745864868,3.294229745864868,1017900,0.0,0.0
1987-07-08 00:00:00-04:00,3.29423068801988,3.3563859462738037,3.29423068801988,3.3563859462738037,153563,0.0,0.0
1987-07-09 00:00:00-04:00,3.3563850605741092,3.3563850605741092,3.340846300125122,3.340846300125122,288563,0.0,0.0
1987-07-10 00:00:00-04:00,3.340847181724371,3.3563859462738037,3.325308417174938,3.3563859462738037,223763,0.0,0.0
1987-07-13 00:00:00-04:00,3.3563858611604074,3.3563858611604074,3.200997819494124,3.263153076171875,704363,0.0,0.0
1987-07-14 00:00:00-04:00,3.263152225654223,3.3097685059701907,3.263152225654223,3.294229745864868,151538,0.0,0.0
1987-07-15 00:00:00-04:00,3.29423068801988,3.4030022399221025,3.278691923470447,3.3563859462738037,392513,0.0,0.0
1987-07-16 00:00:00-04:00,3.3563840246293517,3.4496169586592953,3.3563840246293517,3.418539047241211,210938,0.0,0.0
1987-07-17 00:00:00-04:00,3.4185403775436747,3.527312109554386,3.4185403775436747,3.5117733478546143,487350,0.0,0.0
1987-07-20 00:00:00-04:00,3.5117722848050485,3.5117722848050485,3.4651560138169586,3.4806947708129883,276413,0.0,0.0
1987-07-21 00:00:00-04:00,3.480696069683517,3.480696069683517,3.387463092803955,3.387463092803955,138713,0.0,0.0
1987-07-22 00:00:00-04:00,3.3874624078422695,3.4030011674947924,3.2786908902184795,3.3253073692321777,688838,0.0,0.0
1987-07-23 00:00:00-04:00,3.3253080416258065,3.387463092803955,3.2942303159805624,3.387463092803955,192038,0.0,0.0
1987-07-24 00:00:00-04:00,3.387463092803955,3.403001855598492,3.3253080416258065,3.387463092803955,848813,0.0,0.0
1987-07-27 00:00:00-04:00,3.3874637347946206,3.4651579636042222,3.3563862033157457,3.4030025005340576,100913,0.0,0.0
1987-07-28 00:00:00-04:00,3.4030005857206485,3.4806947708129887,3.3719230717285886,3.4806947708129883,168413,0.0,0.0
1987-07-29 00:00:00-04:00,3.4806947708129887,3.4806947708129887,3.4496172568209285,3.4806947708129883,119138,0.0,0.0
1987-07-30 00:00:00-04:00,3.48069706611724,3.48069706611724,3.4340807643885842,3.4496195316314697,174488,0.0,0.0
1987-07-31 00:00:00-04:00,3.5357301607275526,3.5357301607275526,3.472023144727875,3.5038764476776123,226800,0.20025,0.0
1987-08-03 00:00:00-04:00,3.5038764476776123,3.5038764476776123,3.456096493253006,3.5038764476776123,146138,0.0,0.0
1987-08-04 00:00:00-04:00,3.487948073139819,3.487948073139819,3.376461362840601,3.4401681423187256,592313,0.0,0.0
1987-08-05 00:00:00-04:00,3.4401681423187256,3.4560947859257567,3.4083148551046634,3.4401681423187256,219713,0.0,0.0
1987-08-06 00:00:00-04:00,3.440170581903314,3.456097236804675,3.424243927001953,3.424243927001953,157613,0.0,0.0
1987-08-07 00:00:00-04:00,3.424242399898443,3.472022343294187,3.424242399898443,3.4560956954956055,867038,0.0,0.0
1987-08-10 00:00:00-04:00,3.4560970172331777,3.5198040428915016,3.4560970172331777,3.487950325012207,414788,0.0,0.0
1987-08-11 00:00:00-04:00,3.535729359899176,3.5994359513693666,3.535729359899176,3.5516560077667236,1355738,0.0,0.0
1987-08-12 00:00:00-04:00,3.551656535334632,3.599436486034574,3.5198032348680046,3.5357298851013184,694913,0.0,0.0
1987-08-13 00:00:00-04:00,3.535728937533368,3.6153621673583984,3.503875235503295,3.6153621673583984,919350,0.0,0.0
1987-08-14 00:00:00-04:00,3.631287389389718,3.7427746876274615,3.631287389389718,3.6631414890289307,528863,0.0,0.0
1987-08-17 00:00:00-04:00,3.6631449547368593,3.80648525792863,3.6472174797483405,3.694998264312744,610875,0.0,0.0
1987-08-18 00:00:00-04:00,3.69499829711937,3.72685160697807,3.5994375473426876,3.6472175121307373,274050,0.0,0.0
1987-08-19 00:00:00-04:00,3.647217534555048,3.7268516298919976,3.6153642245005035,3.6790716648101807,359100,0.0,0.0
1987-08-20 00:00:00-04:00,3.6790705090501126,3.742777109146118,3.6312897387777774,3.742777109146118,378675,0.0,0.0
1987-08-21 00:00:00-04:00,3.742776959492272,3.7905569076538086,3.726850310105093,3.7905569076538086,336488,0.0,0.0
1987-08-24 00:00:00-04:00,3.7746327527468444,3.7746327527468444,3.710926113097357,3.7587060928344727,284850,0.0,0.0
1987-08-25 00:00:00-04:00,3.7587060928344727,3.7905594126592166,3.7268527730097287,3.7587060928344727,165038,0.0,0.0
1987-08-26 00:00:00-04:00,3.7587060928344727,3.7905594126592166,3.7268527730097287,3.7587060928344727,972000,0.0,0.0
1987-08-27 00:00:00-04:00,3.7587060928344727,3.7746327527468444,3.742779432922101,3.7587060928344727,146138,0.0,0.0
1987-08-28 00:00:00-04:00,3.758703608879451,3.7905569076538086,3.742776959492272,3.7905569076538086,264938,0.0,0.0
1987-08-31 00:00:00-04:00,3.7905594126592166,3.7905594126592166,3.7268527730097287,3.7587060928344727,154238,0.0,0.0
1987-09-01 00:00:00-04:00,3.758701327347168,3.758701327347168,3.6631414890289307,3.6631414890289307,196088,0.0,0.0
1987-09-02 00:00:00-04:00,3.6631449872606705,3.69499829711937,3.6472175121307373,3.6472175121307373,276750,0.0,0.0
1987-09-03 00:00:00-04:00,3.647217534555048,3.6790716648101807,3.647217534555048,3.6790716648101807,311175,0.0,0.0
1987-09-04 00:00:00-04:00,3.6790716648101807,3.7268516298919976,3.6790716648101807,3.6790716648101807,636863,0.0,0.0
1987-09-08 00:00:00-04:00,3.679071869809385,3.679071869809385,3.5198044904616386,3.5835111141204834,427275,0.0,0.0
1987-09-09 00:00:00-04:00,3.5835106918185824,3.5994373458564035,3.5516573837429406,3.5675840377807617,189338,0.0,0.0
1987-09-10 00:00:00-04:00,3.5675840377807617,3.6949980902838666,3.5675840377807617,3.5675840377807617,281813,0.0,0.0
1987-09-11 00:00:00-04:00,3.567582039205964,3.6153619745529015,3.567582039205964,3.599435329437256,93488,0.0,0.0
1987-09-14 00:00:00-04:00,3.5994355213933926,3.6312888133234047,3.5994355213933926,3.6153621673583984,188663,0.0,0.0
1987-09-15 00:00:00-04:00,3.6153619745529015,3.6153619745529015,3.599435329437256,3.599435329437256,140063,0.0,0.0
1987-09-16 00:00:00-04:00,3.5675831855679463,3.5675831855679463,3.5198032348680046,3.5357298851013184,341888,0.0,0.0
1987-09-17 00:00:00-04:00,3.535730894051187,3.5516575488293025,3.5038771743946677,3.5198042392730713,93488,0.0,0.0
1987-09-18 00:00:00-04:00,3.519803509252684,3.5516568122024212,3.5038764476776123,3.5038764476776123,152888,0.0,0.0
1987-09-21 00:00:00-04:00,3.5038764476776123,3.6153634181018965,3.4879497962027437,3.5038764476776123,169088,0.0,0.0
1987-09-22 00:00:00-04:00,3.5038756540639713,3.5516560077667236,3.5038756540639713,3.5516560077667236,132638,0.0,0.0
1987-09-23 00:00:00-04:00,3.551657802291061,3.5835111141204834,3.53573114637635,3.5835111141204834,118463,0.0,0.0
1987-09-24 00:00:00-04:00,3.5835111141204834,3.615364425949906,3.567584458205772,3.5835111141204834,64463,0.0,0.0
1987-09-25 00:00:00-04:00,3.5835106918185824,3.6153639998942246,3.5675840377807617,3.5675840377807617,96188,0.0,0.0
1987-09-28 00:00:00-04:00,3.5675840377807617,3.5994373458564035,3.5675840377807617,3.5675840377807617,556200,0.0,0.0
1987-09-29 00:00:00-04:00,3.5675842036074186,3.5675842036074186,3.5198042392730713,3.5198042392730713,30038,0.0,0.0
1987-09-30 00:00:00-04:00,3.5198021038590266,3.599435329437256,3.5038750486433416,3.599435329437256,84038,0.0,0.0
1987-10-01 00:00:00-04:00,3.5994350026841215,3.6312882900238037,3.5516550716745985,3.6312882900238037,152213,0.0,0.0
1987-10-02 00:00:00-04:00,3.631287389389718,3.6790681287486366,3.5994341099503058,3.6631414890289307,144113,0.0,0.0
1987-10-05 00:00:00-04:00,3.6472149336936446,3.6472149336936446,3.615361646353963,3.6312882900238037,62438,0.0,0.0
1987-10-06 00:00:00-04:00,3.631290069576765,3.6472167210516337,3.5038764476776123,3.5038764476776123,118463,0.0,0.0
1987-10-07 00:00:00-04:00,3.5038771743946677,3.5516575488293025,3.4560972100603204,3.5198042392730713,131288,0.0,0.0
1987-10-08 00:00:00-04:00,3.519804075667299,3.6153639998942246,3.519804075667299,3.5675840377807617,200138,0.0,0.0
1987-10-09 00:00:00-04:00,3.5675842312144943,3.5675842312144943,3.408317272100592,3.424243927001953,98888,0.0,0.0
1987-10-12 00:00:00-04:00,3.4242432640615816,3.4560965676974402,3.4083166122436523,3.4083166122436523,141413,0.0,0.0
1987-10-13 00:00:00-04:00,3.424243900504089,3.535730894051187,3.424243900504089,3.5198042392730713,352688,0.0,0.0
1987-10-14 00:00:00-04:00,3.5516553940903184,3.599435329437256,3.5516553940903184,3.599435329437256,292275,0.0,0.0
1987-10-15 00:00:00-04:00,3.599436486034574,3.599436486034574,3.5357298851013184,3.5357298851013184,421538,0.0,0.0
1987-10-16 00:00:00-04:00,3.5357284140609124,3.5357284140609124,3.4401681423187256,3.4401681423187256,308475,0.0,0.0
1987-10-19 00:00:00-04:00,3.344607512693756,3.344607512693756,2.834953157598972,3.0101466178894043,782663,0.0,0.0
1987-10-20 00:00:00-04:00,3.010150254834961,3.2171974521882425,2.675688955925355,2.9942235946655273,702338,0.0,0.0
1987-10-21 00:00:00-04:00,3.121636096470988,3.217196226119995,3.121636096470988,3.217196226119995,741488,0.0,0.0
1987-10-22 00:00:00-04:00,3.1853427140877177,3.1853427140877177,3.0579292761903876,3.1375627517700195,437400,0.0,0.0
1987-10-23 00:00:00-04:00,3.0579307773059505,3.0579307773059505,2.9464437337362206,2.9623703956604004,190688,0.0,0.0
1987-10-26 00:00:00-05:00,2.9623671321337417,3.0260739146973687,2.7075397968292236,2.7075397968292236,330750,0.0,0.0
1987-10-27 00:00:00-05:00,2.7393944372158328,2.962368593780016,2.7393944372158328,2.9305152893066406,427950,0.0,0.0
1987-10-28 00:00:00-05:00,2.9305152893066406,2.962368593780016,2.707541132742458,2.9305152893066406,163013,0.0,0.0
1987-10-29 00:00:00-05:00,2.930514862886113,2.9623681627245,2.850881408240063,2.914588212966919,299363,0.0,0.0
1987-10-30 00:00:00-05:00,3.003322144437323,3.1838494290812345,2.9540873344013554,3.0361452102661133,501525,0.20025,0.0
1987-11-02 00:00:00-05:00,3.0361452102661133,3.0525567431805087,2.904852524365388,3.0361452102661133,237263,0.0,0.0
1987-11-03 00:00:00-05:00,3.003321607606657,3.003321607606657,2.9212637464093847,2.986909866333008,198788,0.0,0.0
1987-11-04 00:00:00-05:00,2.9869095697499435,2.9869095697499435,2.9212634563446045,2.9212634563446045,77963,0.0,0.0
1987-11-05 00:00:00-05:00,2.888442177081907,2.9540885469784093,2.7899723052978516,2.7899723052978516,602100,0.0,0.0
1987-11-06 00:00:00-05:00,2.8392059139551553,2.954087495803833,2.822794380144083,2.954087495803833,293625,0.0,0.0
1987-11-09 00:00:00-05:00,2.9212637464093847,3.003321607606657,2.8556169926075308,2.986909866333008,191700,0.0,0.0
1987-11-10 00:00:00-05:00,2.9212635762844084,2.9704981633598617,2.6915009021759033,2.6915009021759033,728663,0.0,0.0
1987-11-11 00:00:00-05:00,2.6915009563753896,2.7571472850906638,2.6915009563753896,2.7243242263793945,641588,0.0,0.0
1987-11-12 00:00:00-05:00,2.7571472118346314,2.9540866153333427,2.7571472118346314,2.855616807937622,646650,0.0,0.0
1987-11-13 00:00:00-05:00,2.855617418472491,2.9704987793495903,2.855617418472491,2.937675714492798,225788,0.0,0.0
1987-11-16 00:00:00-05:00,3.0033218973906592,3.0853797665055174,2.9869101545334766,3.019733428955078,200813,0.0,0.0
1987-11-17 00:00:00-05:00,3.003321215961916,3.052555799484253,2.9869094768284215,3.052555799484253,288563,0.0,0.0
1987-11-18 00:00:00-05:00,3.0689695413220646,3.1674389839172363,3.0525577914788244,3.1674389839172363,447863,0.0,0.0
1987-11-19 00:00:00-05:00,3.1674380209112005,3.233084366446937,3.151026487350464,3.151026487350464,528525,0.0,0.0
1987-11-20 00:00:00-05:00,3.1346130187528516,3.1346130187528516,3.0853784451450537,3.118201494216919,340200,0.0,0.0
1987-11-23 00:00:00-05:00,3.085380661011103,3.2659079831432525,3.085380661011103,3.2166733741760254,396225,0.0,0.0
1987-11-24 00:00:00-05:00,3.200261626560791,3.2494964468208436,3.200261626560791,3.2166733741760254,218025,0.0,0.0
1987-11-25 00:00:00-05:00,3.183848396343909,3.2494947180007308,3.167436868752882,3.2002599239349365,549450,0.0,0.0
1987-11-27 00:00:00-05:00,3.183849554471937,3.2002610880326743,3.151026487350464,3.151026487350464,69863,0.0,0.0
1987-11-30 00:00:00-05:00,3.0853793485551546,3.1182024072377286,3.052556078579845,3.068967819213867,306450,0.0,0.0
1987-12-01 00:00:00-05:00,3.118204161225766,3.2002620653824603,3.118204161225766,3.1838505268096924,343238,0.0,0.0
1987-12-02 00:00:00-05:00,3.1510266650177763,3.1510266650177763,3.0853803157806396,3.0853803157806396,1136700,0.0,0.0
1987-12-03 00:00:00-05:00,3.1182021221400844,3.1510253891143583,3.052555799484253,3.052555799484253,652050,0.0,0.0
1987-12-04 00:00:00-05:00,3.0525569099630596,3.068968655066925,2.8556176590590203,2.954087495803833,691538,0.0,0.0
1987-12-07 00:00:00-05:00,2.954087617306366,3.183849733989944,2.9212645483341984,3.0853803157806396,447188,0.0,0.0
1987-12-08 00:00:00-05:00,3.019733428955078,3.0525564920839154,2.954087091404639,3.019733428955078,220388,0.0,0.0
1987-12-09 00:00:00-05:00,2.9869096731725198,3.0197329423044263,2.8063820098861267,2.855616807937622,287550,0.0,0.0
1987-12-10 00:00:00-05:00,2.8720283368572104,2.9212635574941657,2.855616807937622,2.855616807937622,276413,0.0,0.0
1987-12-11 00:00:00-05:00,2.8720289045446874,2.8720289045446874,2.6915014168678204,2.7079131603240967,391163,0.0,0.0
1987-12-14 00:00:00-05:00,2.740736246109009,2.822794118861756,2.724324713817014,2.740736246109009,512663,0.0,0.0
1987-12-15 00:00:00-05:00,2.7571477568146108,2.806382564597897,2.7079131603240967,2.7079131603240967,719888,0.0,0.0
1987-12-16 00:00:00-05:00,2.707914173254174,2.8227951526641846,2.707914173254174,2.8227951526641846,378675,0.0,0.0
1987-12-17 00:00:00-05:00,2.789970480966538,2.9048518172818474,2.789970480966538,2.855616807937622,740138,0.0,0.0
1987-12-18 00:00:00-05:00,2.9048526287078857,2.986910507520168,2.8227943273100253,2.9048526287078857,463050,0.0,0.0
1987-12-21 00:00:00-05:00,2.93767580148696,3.0525567431805087,2.855617503036639,3.0361452102661133,664875,0.0,0.0
1987-12-22 00:00:00-05:00,3.052555184780515,3.118201494216919,3.036143660244582,3.118201494216919,822488,0.0,0.0
1987-12-23 00:00:00-05:00,3.15102744536685,3.1674389839172363,3.1182041569732237,3.1674389839172363,531900,0.0,0.0
1987-12-24 00:00:00-05:00,3.1674362791173905,3.183847803653323,3.118201494216919,3.118201494216919,148500,0.0,0.0
1987-12-28 00:00:00-05:00,3.0853784451450537,3.151024754581458,3.036143660244582,3.118201494216919,441113,0.0,0.0
1987-12-29 00:00:00-05:00,3.0853797665055174,3.0853797665055174,3.019733428955078,3.019733428955078,204525,0.0,0.0
1987-12-30 00:00:00-05:00,3.0853797665055174,3.0853797665055174,3.019733428955078,3.019733428955078,157950,0.0,0.0
1987-12-31 00:00:00-05:00,3.0525555112619123,3.0525555112619123,2.9540861422220024,3.0033209323883057,187988,0.0,0.0
1988-01-04 00:00:00-05:00,3.0197328141713995,3.118202194803416,3.0197328141713995,3.1017906665802,306113,0.0,0.0
1988-01-05 00:00:00-05:00,3.0525561975493747,3.1017909987848356,2.986909866333008,2.986909866333008,236588,0.0,0.0
1988-01-06 00:00:00-05:00,3.052555184780515,3.118201494216919,3.003320611172717,3.118201494216919,334463,0.0,0.0
1988-01-07 00:00:00-05:00,3.1182041569732237,3.2166738108612494,3.1182041569732237,3.1674389839172363,354038,0.0,0.0
1988-01-08 00:00:00-05:00,3.134614919238891,3.16743819950386,3.0853803157806396,3.0853803157806396,305775,0.0,0.0
1988-01-11 00:00:00-05:00,3.068967938823024,3.068967938823024,2.9540868063711962,2.986909866333008,123863,0.0,0.0
1988-01-12 00:00:00-05:00,3.019733137587563,3.019733137587563,2.9376752763902902,2.986909866333008,64800,0.0,0.0
1988-01-13 00:00:00-05:00,2.954087617306366,3.0853803157806396,2.954087617306366,3.0853803157806396,91463,0.0,0.0
1988-01-14 00:00:00-05:00,3.052555799484253,3.0853790664585268,3.019732743802695,3.052555799484253,63450,0.0,0.0
1988-01-15 00:00:00-05:00,3.085379138356984,3.1510254625425693,3.0525558706178315,3.1017906665802,519750,0.0,0.0
1988-01-18 00:00:00-05:00,3.101791675375464,3.183849554471937,3.101791675375464,3.151026487350464,182250,0.0,0.0
1988-01-19 00:00:00-05:00,3.1674362791173905,3.1674362791173905,3.0853784451450537,3.118201494216919,391500,0.0,0.0
1988-01-20 00:00:00-05:00,3.05255703551567,3.0853803157806396,2.9212645483341984,3.0853803157806396,199125,0.0,0.0
1988-01-21 00:00:00-05:00,3.019733137587563,3.0361446675684687,2.9212637464093847,2.986909866333008,179213,0.0,0.0
1988-01-22 00:00:00-05:00,3.0197335879275546,3.0197335879275546,2.921264182064401,2.937675714492798,133650,0.0,0.0
1988-01-25 00:00:00-05:00,2.937675714492798,2.9704987793495903,2.921264182064401,2.937675714492798,460350,0.0,0.0
1988-01-26 00:00:00-05:00,2.9704980413986086,2.9869095697499435,2.9212634563446045,2.9212634563446045,425925,0.0,0.0
1988-01-27 00:00:00-05:00,2.9112819008765283,2.9944617142087555,2.9112819008765283,2.977825880050659,329738,0.08889,0.0
1988-01-28 00:00:00-05:00,2.9944620344174795,3.0610055923461914,2.9944620344174795,3.0610055923461914,373613,0.0,0.0
1988-01-29 00:00:00-05:00,3.061005053743492,3.094276719763191,3.027733173543226,3.0443692207336426,533925,0.0,0.0
1988-02-01 00:00:00-05:00,3.0443692207336426,3.094276719763191,3.027733173543226,3.0443692207336426,861638,0.0,0.0
1988-02-02 00:00:00-05:00,3.0277329735018927,3.110912561416626,3.0277329735018927,3.110912561416626,212625,0.0,0.0
1988-02-03 00:00:00-05:00,3.0942779928144657,3.1774574062660466,3.0942779928144657,3.127549886703491,187650,0.0,0.0
1988-02-04 00:00:00-05:00,3.127550410047321,3.2107298374176025,3.127550410047321,3.2107298374176025,249750,0.0,0.0
1988-02-05 00:00:00-05:00,3.177457881666484,3.2772733640869576,3.177457881666484,3.2606375217437744,362813,0.0,0.0
1988-02-08 00:00:00-05:00,3.260637153528317,3.2939088344573975,3.260637153528317,3.2939088344573975,266963,0.0,0.0
1988-02-09 00:00:00-05:00,3.2606357671917445,3.2772716005831657,3.243999719619751,3.243999719619751,98213,0.0,0.0
1988-02-10 00:00:00-05:00,3.2440008561570512,3.2440008561570512,3.1608214458774255,3.227365016937256,257513,0.0,0.0
1988-02-11 00:00:00-05:00,3.194093338497664,3.227365016937256,3.194093338497664,3.227365016937256,167738,0.0,0.0
1988-02-12 00:00:00-05:00,3.22736388622833,3.2606357671917445,3.22736388622833,3.243999719619751,221400,0.0,0.0
1988-02-16 00:00:00-05:00,3.244001098883114,3.310544674921937,3.244001098883114,3.2939088344573975,195750,0.0,0.0
1988-02-17 00:00:00-05:00,3.3271793381289285,3.393723318983788,3.3271793381289285,3.3604512214660645,186975,0.0,0.0
1988-02-18 00:00:00-05:00,3.3271799149862478,3.3770880699157715,3.3271799149862478,3.3770880699157715,351338,0.0,0.0
1988-02-19 00:00:00-05:00,3.3604526457119253,3.410360813140869,3.3604526457119253,3.410360813140869,247050,0.0,0.0
1988-02-22 00:00:00-05:00,3.4269962310791016,3.4269962310791016,3.37708849818177,3.4269962310791016,195413,0.0,0.0
1988-02-23 00:00:00-05:00,3.3937242122035176,3.476903621168089,3.3937242122035176,3.4602677822113037,182925,0.0,0.0
1988-02-24 00:00:00-05:00,3.4269961042977326,3.510175513262304,3.4269961042977326,3.4602677822113037,241988,0.0,0.0
1988-02-25 00:00:00-05:00,3.4602673232932633,3.5600827721572377,3.4602673232932633,3.526810884475708,432338,0.0,0.0
1988-02-26 00:00:00-05:00,3.526810285942162,3.5434461198693588,3.4935386180877686,3.4935386180877686,253800,0.0,0.0
1988-02-29 00:00:00-05:00,3.4935380534757634,3.4935380534757634,3.4269945143409055,3.4769020080566406,169425,0.0,0.0
1988-03-01 00:00:00-05:00,3.5101748690254357,3.5434465408325195,3.5101748690254357,3.5434465408325195,310500,0.0,0.0
1988-03-02 00:00:00-05:00,3.526811495833159,3.5933550685506424,3.526811495833159,3.5600833892822266,219713,0.0,0.0
1988-03-03 00:00:00-05:00,3.560081545689662,3.593353207728307,3.5434455004897982,3.5767173767089844,267638,0.0,0.0
1988-03-04 00:00:00-05:00,3.576718608907695,3.576718608907695,3.526810884475708,3.526810884475708,131288,0.0,0.0
1988-03-07 00:00:00-05:00,3.526810285942162,3.5600821679771344,3.4935386180877686,3.4935386180877686,253800,0.0,0.0
1988-03-08 00:00:00-05:00,3.4935382040703082,3.543445699937386,3.476902157934062,3.510174036026001,130950,0.0,0.0
1988-03-09 00:00:00-05:00,3.526810285942162,3.526810285942162,3.4935386180877686,3.4935386180877686,85388,0.0,0.0
1988-03-10 00:00:00-05:00,3.4935396743055183,3.510175513262304,3.4602677822113037,3.4602677822113037,81000,0.0,0.0
1988-03-11 00:00:00-05:00,3.4602665282712683,3.4602665282712683,3.426994862414767,3.4436306953430176,143775,0.0,0.0
1988-03-14 00:00:00-05:00,3.4269946620669844,3.510174036026001,3.410358830111292,3.510174036026001,103275,0.0,0.0
1988-03-15 00:00:00-05:00,3.4769025699799934,3.4935386180877686,3.4602667360527963,3.4935386180877686,144788,0.0,0.0
1988-03-16 00:00:00-05:00,3.476903621168089,3.476903621168089,3.3937242122035176,3.4602677822113037,457313,0.0,0.0
1988-03-17 00:00:00-05:00,3.4602677822113037,3.476903621168089,3.4269961042977326,3.4602677822113037,99563,0.0,0.0
1988-03-18 00:00:00-05:00,3.4935396743055183,3.4935396743055183,3.4602677822113037,3.4602677822113037,202163,0.0,0.0
1988-03-21 00:00:00-05:00,3.4602682087920313,3.4602682087920313,3.3271806240081787,3.3271806240081787,330075,0.0,0.0
1988-03-22 00:00:00-05:00,3.310544783000532,3.3438166791964954,3.277273100985239,3.3271806240081787,422888,0.0,0.0
1988-03-23 00:00:00-05:00,3.343815256020683,3.4935386180877686,3.343815256020683,3.4935386180877686,520088,0.0,0.0
1988-03-24 00:00:00-05:00,3.460267471409147,3.460267471409147,3.3604518040919724,3.3770880699157715,121838,0.0,0.0
1988-03-25 00:00:00-05:00,3.3770872434734094,3.3770872434734094,3.243999719619751,3.243999719619751,715163,0.0,0.0
1988-03-28 00:00:00-05:00,3.227365680055521,3.244001522693439,3.2107298374176025,3.2107298374176025,69188,0.0,0.0
1988-03-29 00:00:00-05:00,3.2107294179540338,3.310544674921937,3.2107294179540338,3.2939088344573975,49275,0.0,0.0
1988-03-30 00:00:00-05:00,3.2939085879970857,3.3271802664366774,3.227365016937256,3.227365016937256,95513,0.0,0.0
1988-03-31 00:00:00-05:00,3.227365363781629,3.360452520204142,3.227365363781629,3.3271806240081787,205875,0.0,0.0
1988-04-04 00:00:00-04:00,3.3271805153864773,3.3438165700316804,3.244001098883114,3.2939088344573975,122175,0.0,0.0
1988-04-05 00:00:00-04:00,3.2939088884953303,3.310544729232788,3.260637207020414,3.310544729232788,50963,0.0,0.0
1988-04-06 00:00:00-04:00,3.310544783000532,3.3770887895731287,3.310544783000532,3.3271806240081787,280800,0.0,0.0
1988-04-07 00:00:00-04:00,3.3271806240081787,3.3271806240081787,3.310544783000532,3.3271806240081787,184275,0.0,0.0
1988-04-08 00:00:00-04:00,3.3271805153864773,3.3604524104962206,3.2939088344573975,3.2939088344573975,126900,0.0,0.0
1988-04-11 00:00:00-04:00,3.310543503550654,3.3604512214660645,3.2939076689723796,3.3604512214660645,146475,0.0,0.0
1988-04-12 00:00:00-04:00,3.343815966629422,3.3937239073783214,3.343815966629422,3.3770880699157715,142763,0.0,0.0
1988-04-13 00:00:00-04:00,3.4269957964840465,3.4269957964840465,3.3604518040919724,3.3770880699157715,128925,0.0,0.0
1988-04-14 00:00:00-04:00,3.3438166248883703,3.3604524656258286,3.310544729232788,3.310544729232788,442800,0.0,0.0
1988-04-15 00:00:00-04:00,3.310544729232788,3.327180569970246,3.277273047757872,3.310544729232788,197438,0.0,0.0
1988-04-18 00:00:00-04:00,3.2939092064301407,3.2939092064301407,3.2606375217437744,3.2606375217437744,116100,0.0,0.0
1988-04-19 00:00:00-04:00,3.2772715091705322,3.3604508879880957,3.2772715091705322,3.2772715091705322,229838,0.0,0.0
1988-04-20 00:00:00-04:00,3.2772715091705322,3.2939073420979317,3.2606356762431328,3.2772715091705322,220388,0.0,0.0
1988-04-21 00:00:00-04:00,3.2772716005831657,3.2772716005831657,3.22736388622833,3.243999719619751,167400,0.0,0.0
1988-04-22 00:00:00-04:00,3.243999719619751,3.2772716005831657,3.22736388622833,3.243999719619751,186300,0.0,0.0
1988-04-25 00:00:00-04:00,3.2606372599775924,3.360452520204142,3.2606372599775924,3.3271806240081787,95513,0.0,0.0
1988-04-26 00:00:00-04:00,3.327180891116507,3.327180891116507,3.2273656228767207,3.2606375217437744,170438,0.0,0.0
1988-04-27 00:00:00-04:00,3.2869298458099365,3.337498023993471,3.2869298458099365,3.2869298458099365,207563,0.09481,0.0
1988-04-28 00:00:00-04:00,3.303786049881097,3.303786049881097,3.2700738587537495,3.2869298458099365,54675,0.0,0.0
1988-04-29 00:00:00-04:00,3.2532172709743326,3.3880655765533447,3.1520811502975405,3.3880655765533447,231863,0.0,0.0
1988-05-02 00:00:00-04:00,3.3712106455742052,3.3712106455742052,3.168938328021976,3.202650308609009,819450,0.0,0.0
1988-05-03 00:00:00-04:00,3.202649385244513,3.202649385244513,3.1520814289433474,3.185793399810791,191700,0.0,0.0
1988-05-04 00:00:00-04:00,3.1689372436682692,3.185793228193969,3.1352250576019287,3.1352250576019287,70875,0.0,0.0
1988-05-05 00:00:00-04:00,3.101513088550529,3.1520812591425695,3.050944917958488,3.1352250576019287,528525,0.0,0.0
1988-05-06 00:00:00-04:00,3.1352251170446928,3.1689373037502047,3.084657162508843,3.101513147354126,404663,0.0,0.0
1988-05-09 00:00:00-04:00,3.118366989728541,3.1352229629929447,3.0677988529205322,3.0677988529205322,59063,0.0,0.0
1988-05-10 00:00:00-04:00,3.0678017824166286,3.101513978152582,3.0340898036956787,3.0340898036956787,89100,0.0,0.0
1988-05-11 00:00:00-04:00,3.067800960648614,3.101513147354126,3.067800960648614,3.101513147354126,77963,0.0,0.0
1988-05-12 00:00:00-04:00,3.101511907712279,3.1520800590515137,3.101511907712279,3.1520800590515137,73238,0.0,0.0
1988-05-13 00:00:00-04:00,3.152081129018309,3.2700732328421966,3.152081129018309,3.236361265182495,284175,0.0,0.0
1988-05-16 00:00:00-04:00,3.23636164077467,3.3206417867198903,3.23636164077467,3.303785800933838,441113,0.0,0.0
1988-05-17 00:00:00-04:00,3.3037864148071376,3.3543543815612793,3.3037864148071376,3.3543543815612793,133988,0.0,0.0
1988-05-18 00:00:00-04:00,3.3374975862329284,3.3374975862329284,3.101513147354126,3.101513147354126,335475,0.0,0.0
1988-05-19 00:00:00-04:00,3.1352261304199276,3.202650308609009,3.1015141498328944,3.202650308609009,145800,0.0,0.0
1988-05-20 00:00:00-04:00,3.1857930966780104,3.236361265182495,3.1857930966780104,3.236361265182495,171788,0.0,0.0
1988-05-23 00:00:00-04:00,3.2195072174072266,3.236363429524727,3.202651222304803,3.2195072174072266,110700,0.0,0.0
1988-05-24 00:00:00-04:00,3.236361265182495,3.236361265182495,3.2026490805078613,3.236361265182495,102600,0.0,0.0
1988-05-25 00:00:00-04:00,3.236361265182495,3.2700732328421966,3.16893711284816,3.236361265182495,182925,0.0,0.0
1988-05-26 00:00:00-04:00,3.2363602645198095,3.2700722217559814,3.2363602645198095,3.2700722217559814,215325,0.0,0.0
1988-05-27 00:00:00-04:00,3.253218412399292,3.270074402257032,3.2363624225415526,3.253218412399292,57038,0.0,0.0
1988-05-31 00:00:00-04:00,3.253218231037998,3.3543543815612793,3.253218231037998,3.3543543815612793,118800,0.0,0.0
1988-06-01 00:00:00-04:00,3.3543539681576178,3.3543539681576178,3.3037860076356687,3.3206419944763184,171450,0.0,0.0
1988-06-02 00:00:00-04:00,3.3374983926432322,3.3543543815612793,3.320642403725185,3.3543543815612793,102938,0.0,0.0
1988-06-03 00:00:00-04:00,3.3543543815612793,3.3543543815612793,3.3374983926432322,3.3543543815612793,51975,0.0,0.0
1988-06-06 00:00:00-04:00,3.3374969281482603,3.4217774868011475,3.3206409466266242,3.4217774868011475,268313,0.0,0.0
1988-06-07 00:00:00-04:00,3.4049215101763006,3.472346095999219,3.4049215101763006,3.4554901123046875,99225,0.0,0.0
1988-06-08 00:00:00-04:00,3.4386338275316386,3.5060579776763916,3.4386338275316386,3.5060579776763916,335813,0.0,0.0
1988-06-09 00:00:00-04:00,3.5060581152036474,3.5060581152036474,3.3880655765533447,3.3880655765533447,157275,0.0,0.0
1988-06-10 00:00:00-04:00,3.388065526481769,3.472346095999219,3.388065526481769,3.4554901123046875,301050,0.0,0.0
1988-06-13 00:00:00-04:00,3.4386332035064697,3.4723453809683993,3.3880648288061326,3.4386332035064697,238613,0.0,0.0
1988-06-14 00:00:00-04:00,3.438635734987986,3.556628117446957,3.438635734987986,3.489203929901123,308475,0.0,0.0
1988-06-15 00:00:00-04:00,3.455491944635729,3.53977212481426,3.438635734987986,3.489203929901123,243675,0.0,0.0
1988-06-16 00:00:00-04:00,3.455490163372718,3.455490163372718,3.3712093755947676,3.3880655765533447,198113,0.0,0.0
1988-06-17 00:00:00-04:00,3.4892016299025936,3.4892016299025936,3.4049210712497064,3.4217774868011475,104963,0.0,0.0
1988-06-20 00:00:00-04:00,3.4217800006830954,3.4217800006830954,3.3374993801116943,3.3374993801116943,649013,0.0,0.0
1988-06-21 00:00:00-04:00,3.3712093755947676,3.3880655765533447,3.3374974077074815,3.3880655765533447,143100,0.0,0.0
1988-06-22 00:00:00-04:00,3.4217779279006937,3.4554901123046875,3.4049215101763006,3.4554901123046875,70875,0.0,0.0
1988-06-23 00:00:00-04:00,3.4554896093503253,3.489201571832536,3.4217774298532158,3.4723455905914307,103613,0.0,0.0
1988-06-24 00:00:00-04:00,3.489202079693751,3.489202079693751,3.4554901123046875,3.4554901123046875,40163,0.0,0.0
1988-06-27 00:00:00-04:00,3.472346095999219,3.472346095999219,3.4554901123046875,3.4554901123046875,101925,0.0,0.0
1988-06-28 00:00:00-04:00,3.438633411094321,3.4723455905914307,3.438633411094321,3.4723455905914307,158963,0.0,0.0
1988-06-29 00:00:00-04:00,3.472346923342374,3.5397710912003366,3.472346923342374,3.5229148864746094,541013,0.0,0.0
1988-06-30 00:00:00-04:00,3.522913662325995,3.5566258430480957,3.522913662325995,3.5566258430480957,312863,0.0,0.0
1988-07-01 00:00:00-04:00,3.573481824901693,3.573481824901693,3.539769861194499,3.5566258430480957,99900,0.0,0.0
1988-07-05 00:00:00-04:00,3.556627207170162,3.590339183807373,3.5397712188515564,3.590339183807373,65813,0.0,0.0
1988-07-06 00:00:00-04:00,3.590337061269939,3.590337061269939,3.5397691262089017,3.5734810829162598,174150,0.0,0.0
1988-07-07 00:00:00-04:00,3.5397708415985107,3.57348281464285,3.5397708415985107,3.5397708415985107,118125,0.0,0.0
1988-07-08 00:00:00-04:00,3.5397691262089017,3.5734810829162598,3.5397691262089017,3.5734810829162598,191025,0.0,0.0
1988-07-11 00:00:00-04:00,3.573481294284951,3.6071934700012207,3.573481294284951,3.6071934700012207,181575,0.0,0.0
1988-07-12 00:00:00-04:00,3.5734810829162598,3.60719325663848,3.5734810829162598,3.5734810829162598,237600,0.0,0.0
1988-07-13 00:00:00-04:00,3.5566253149342537,3.6240494493519178,3.5566253149342537,3.6071934700012207,193388,0.0,0.0
1988-07-14 00:00:00-04:00,3.590337061269939,3.624049234992159,3.5734810829162598,3.5734810829162598,220050,0.0,0.0
1988-07-15 00:00:00-04:00,3.5734831954887674,3.6071953891409687,3.5734831954887674,3.590339183807373,30038,0.0,0.0
1988-07-18 00:00:00-04:00,3.5903372736356483,3.6071934700012207,3.539769335583556,3.6071934700012207,224100,0.0,0.0
1988-07-19 00:00:00-04:00,3.6071940056237937,3.6240499874773904,3.5566258430480957,3.5566258430480957,100575,0.0,0.0
1988-07-20 00:00:00-04:00,3.5566258430480957,3.5903378067552896,3.5566258430480957,3.5566258430480957,40500,0.0,0.0
1988-07-21 00:00:00-04:00,3.5566258430480957,3.573481824901693,3.539769861194499,3.5566258430480957,159300,0.0,0.0
1988-07-22 00:00:00-04:00,3.539769861194499,3.5566258430480957,3.539769861194499,3.5566258430480957,151538,0.0,0.0
1988-07-25 00:00:00-04:00,3.556627207170162,3.590339183807373,3.556627207170162,3.590339183807373,115425,0.0,0.0
1988-07-26 00:00:00-04:00,3.5903372736356483,3.6240494493519178,3.573481294284951,3.6071934700012207,82688,0.0,0.0
1988-07-27 00:00:00-04:00,3.607194157816086,3.6577621055104057,3.607194157816086,3.6240501403808594,193388,0.0,0.0
1988-07-28 00:00:00-04:00,3.624052448216748,3.657764434814453,3.624052448216748,3.657764434814453,119813,0.0,0.0
1988-07-29 00:00:00-04:00,3.674617978812893,3.742042341097,3.657761996749321,3.691473960876465,312188,0.0,0.0
1988-08-01 00:00:00-04:00,3.6914752514676366,3.6914752514676366,3.6409072875976562,3.6409072875976562,75938,0.0,0.0
1988-08-02 00:00:00-04:00,3.6409067500720504,3.708330691944551,3.5903385766527216,3.674618721008301,365850,0.0,0.0
1988-08-03 00:00:00-04:00,3.684166599734476,3.7182791233062744,3.684166599734476,3.7182791233062744,166388,0.09481,0.0
1988-08-04 00:00:00-04:00,3.7012240886688232,3.7353366235507024,3.6841678212278834,3.7012240886688232,391163,0.0,0.0
1988-08-05 00:00:00-04:00,3.7353366235507024,3.7353366235507024,3.6841678212278834,3.7012240886688232,139725,0.0,0.0
1988-08-08 00:00:00-04:00,3.7353366235507024,3.7353366235507024,3.6841678212278834,3.7012240886688232,112050,0.0,0.0
1988-08-09 00:00:00-04:00,3.701223506702917,3.701223506702917,3.63299822807312,3.63299822807312,309488,0.0,0.0
1988-08-10 00:00:00-04:00,3.667110568807351,3.667110568807351,3.5818290349156117,3.5988852977752686,211950,0.0,0.0
1988-08-11 00:00:00-04:00,3.5818303507998346,3.66711191602211,3.5818303507998346,3.6500556468963623,140063,0.0,0.0
1988-08-12 00:00:00-04:00,3.6329991581770784,3.66711191602211,3.6159428890513303,3.6500556468963623,209250,0.0,0.0
1988-08-15 00:00:00-04:00,3.6330009012563313,3.65005739815916,3.6159446239471436,3.6159446239471436,108338,0.0,0.0
1988-08-16 00:00:00-04:00,3.6159428890513303,3.66711191602211,3.6159428890513303,3.6500556468963623,73238,0.0,0.0
1988-08-17 00:00:00-04:00,3.6671125888824463,3.684168861137765,3.6329998247782322,3.6671125888824463,258863,0.0,0.0
1988-08-18 00:00:00-04:00,3.6330009554215934,3.701226285269172,3.6330009554215934,3.6841700077056885,326025,0.0,0.0
1988-08-19 00:00:00-04:00,3.667113730142205,3.6841700077056885,3.667113730142205,3.6841700077056885,131963,0.0,0.0
1988-08-22 00:00:00-04:00,3.6841700077056885,3.7182825628326555,3.6841700077056885,3.6841700077056885,178875,0.0,0.0
1988-08-23 00:00:00-04:00,3.701226285269172,3.7182825628326555,3.6841700077056885,3.6841700077056885,109350,0.0,0.0
1988-08-24 00:00:00-04:00,3.684166599734476,3.7182791233062744,3.684166599734476,3.7182791233062744,117113,0.0,0.0
1988-08-25 00:00:00-04:00,3.684168185147858,3.701224454273606,3.6500556468963623,3.6500556468963623,27000,0.0,0.0
1988-08-26 00:00:00-04:00,3.6500556468963623,3.66711191602211,3.6329991581770784,3.6500556468963623,43538,0.0,0.0
1988-08-29 00:00:00-04:00,3.6500563166271274,3.6671125888824463,3.6329998247782322,3.6671125888824463,163350,0.0,0.0
1988-08-30 00:00:00-04:00,3.6671125888824463,3.684168861137765,3.6671125888824463,3.6671125888824463,155588,0.0,0.0
1988-08-31 00:00:00-04:00,3.701225425438699,3.769450959030471,3.684169151837553,3.735337972640991,403988,0.0,0.0
1988-09-01 00:00:00-04:00,3.735338840396139,3.735338840396139,3.6500574525787215,3.6841700077056885,132975,0.0,0.0
1988-09-02 00:00:00-04:00,3.667113730142205,3.7182825628326555,3.667113730142205,3.6841700077056885,178200,0.0,0.0
1988-09-06 00:00:00-04:00,3.6841678212278834,3.7182803561097626,3.6841678212278834,3.7012240886688232,113063,0.0,0.0
1988-09-07 00:00:00-04:00,3.735337213978653,3.769450193439646,3.735337213978653,3.7523934841156006,126900,0.0,0.0
1988-09-08 00:00:00-04:00,3.7353399878401747,3.82062184104227,3.7353399878401747,3.7865092754364014,104625,0.0,0.0
1988-09-09 00:00:00-04:00,3.820617713427054,3.854730242179355,3.8035614490509033,3.8035614490509033,151875,0.0,0.0
1988-09-12 00:00:00-04:00,3.8035644119383405,3.8035644119383405,3.769451856613159,3.769451856613159,38813,0.0,0.0
1988-09-13 00:00:00-04:00,3.769451856613159,3.7865081342757496,3.752395139763277,3.769451856613159,35100,0.0,0.0
1988-09-14 00:00:00-04:00,3.7694495976196105,3.8035621325014897,3.7012240886688232,3.7012240886688232,80325,0.0,0.0
1988-09-15 00:00:00-04:00,3.684166599734476,3.7182791233062744,3.6671103379485768,3.7182791233062744,166388,0.0,0.0
1988-09-16 00:00:00-04:00,3.752392890991642,3.752392890991642,3.7012240886688232,3.7012240886688232,64463,0.0,0.0
1988-09-19 00:00:00-04:00,3.7182803561097626,3.7182803561097626,3.6671115537869436,3.7012240886688232,32738,0.0,0.0
1988-09-20 00:00:00-04:00,3.6841700077056885,3.701226285269172,3.6500574525787215,3.6841700077056885,56025,0.0,0.0
1988-09-21 00:00:00-04:00,3.667113730142205,3.6841700077056885,3.667113730142205,3.6841700077056885,42525,0.0,0.0
1988-09-22 00:00:00-04:00,3.667113730142205,3.6841700077056885,3.6500574525787215,3.6841700077056885,136350,0.0,0.0
1988-09-23 00:00:00-04:00,3.684168861137765,3.701225133393084,3.6500563166271274,3.6671125888824463,100913,0.0,0.0
1988-09-26 00:00:00-04:00,3.6671109771847585,3.684167241943838,3.63299822807312,3.63299822807312,50963,0.0,0.0
1988-09-27 00:00:00-04:00,3.6330009554215934,3.6841700077056885,3.6330009554215934,3.6841700077056885,48263,0.0,0.0
1988-09-28 00:00:00-04:00,3.6671115537869436,3.7012240886688232,3.6500552863460043,3.7012240886688232,57713,0.0,0.0
1988-09-29 00:00:00-04:00,3.6500563166271274,3.6671125888824463,3.6500563166271274,3.6671125888824463,96525,0.0,0.0
1988-09-30 00:00:00-04:00,3.650054076162678,3.7523916468780727,3.650054076162678,3.7182791233062744,271688,0.0,0.0
1988-10-03 00:00:00-04:00,3.684166599734476,3.7182791233062744,3.6671103379485768,3.7182791233062744,116438,0.0,0.0
1988-10-04 00:00:00-04:00,3.7182803561097626,3.7182803561097626,3.6671115537869436,3.7012240886688232,38138,0.0,0.0
1988-10-05 00:00:00-04:00,3.701224673704758,3.7523934841156006,3.701224673704758,3.7523934841156006,85725,0.0,0.0
1988-10-06 00:00:00-04:00,3.769450193439646,3.7865064635765937,3.735337213978653,3.7523934841156006,96188,0.0,0.0
1988-10-07 00:00:00-04:00,3.752395139763277,3.7865081342757496,3.7182825844380956,3.769451856613159,123188,0.0,0.0
1988-10-10 00:00:00-04:00,3.7694529926334672,3.7865092754364014,3.7353399878401747,3.7865092754364014,109350,0.0,0.0
1988-10-11 00:00:00-04:00,3.7865092754364014,3.82062184104227,3.7694529926334672,3.7865092754364014,339863,0.0,0.0
1988-10-12 00:00:00-04:00,3.7694489202986023,3.8035614490509033,3.752392216735502,3.8035614490509033,175838,0.0,0.0
1988-10-13 00:00:00-04:00,3.769450193439646,3.7865064635765937,3.7523934841156006,3.7523934841156006,95175,0.0,0.0
1988-10-14 00:00:00-04:00,3.7694529926334672,3.82062184104227,3.7694529926334672,3.7865092754364014,97538,0.0,0.0
1988-10-17 00:00:00-04:00,3.7865053836549207,3.837674179472283,3.7694491183824663,3.820617914199829,75938,0.0,0.0
1988-10-18 00:00:00-04:00,3.820619299982689,3.871788114359573,3.820619299982689,3.8376755714416504,290925,0.0,0.0
1988-10-19 00:00:00-04:00,3.837673153274613,3.8888419354093915,3.837673153274613,3.854729413986206,235575,0.0,0.0
1988-10-20 00:00:00-04:00,3.8717856746977986,3.8717856746977986,3.854729413986206,3.854729413986206,92475,0.0,0.0
1988-10-21 00:00:00-04:00,3.871788218135149,3.9059007619673904,3.854731946219028,3.8888444900512695,276413,0.0,0.0
1988-10-24 00:00:00-04:00,3.871788218135149,3.8888444900512695,3.854731946219028,3.8888444900512695,86738,0.0,0.0
1988-10-25 00:00:00-04:00,3.8888444900512695,3.9059007619673904,3.854731946219028,3.8888444900512695,57713,0.0,0.0
1988-10-26 00:00:00-04:00,3.8888425843481795,3.9229559898376465,3.8717863207903744,3.9229559898376465,93488,0.0,0.0
1988-10-27 00:00:00-04:00,3.9059020101471527,3.9229591658883884,3.8547331780471517,3.8717894554138184,261225,0.0,0.0
1988-10-28 00:00:00-04:00,3.8717867100171914,3.8717867100171914,3.820617914199829,3.820617914199829,65475,0.0,0.0
1988-10-31 00:00:00-05:00,3.8376737936747647,3.9229559898376465,3.8376737936747647,3.9229559898376465,319613,0.0,0.0
1988-11-01 00:00:00-05:00,3.922957912257799,3.922957912257799,3.854731946219028,3.8888444900512695,306113,0.0,0.0
1988-11-02 00:00:00-05:00,3.881249793313245,3.950249529056847,3.863999859377344,3.8984997272491455,142763,0.09481,0.0
1988-11-03 00:00:00-05:00,3.8985023424898118,3.933002233505249,3.8812523969820933,3.933002233505249,332100,0.0,0.0
1988-11-04 00:00:00-05:00,3.915750853252141,3.915750853252141,3.8640010356903076,3.8640010356903076,159300,0.0,0.0
1988-11-07 00:00:00-05:00,3.863999859377344,3.915749661185046,3.8467499254414435,3.8984997272491455,402300,0.0,0.0
1988-11-08 00:00:00-05:00,3.8984997272491455,3.8984997272491455,3.863999859377344,3.8984997272491455,294975,0.0,0.0
1988-11-09 00:00:00-05:00,3.8812523969820933,3.933002233505249,3.8812523969820933,3.933002233505249,138375,0.0,0.0
1988-11-10 00:00:00-05:00,3.933002233505249,3.9502521790129674,3.8985023424898118,3.933002233505249,457988,0.0,0.0
1988-11-11 00:00:00-05:00,3.915749661185046,3.9329995951209464,3.8984997272491455,3.8984997272491455,76275,0.0,0.0
1988-11-14 00:00:00-05:00,3.89850054895179,3.89850054895179,3.829500798664833,3.8467507362365723,433688,0.0,0.0
1988-11-15 00:00:00-05:00,3.8467520193751534,3.8467520193751534,3.795001745223999,3.795001745223999,261225,0.0,0.0
1988-11-16 00:00:00-05:00,3.81225384642471,3.81225384642471,3.726003646850586,3.726003646850586,131963,0.0,0.0
1988-11-17 00:00:00-05:00,3.726003646850586,3.726003646850586,3.7087536957706106,3.726003646850586,479588,0.0,0.0
1988-11-18 00:00:00-05:00,3.7260005575057757,3.7777503678382987,3.7260005575057757,3.760500431060791,572738,0.0,0.0
1988-11-21 00:00:00-05:00,3.7432535979305612,3.7432535979305612,3.7087536957706106,3.726003646850586,142088,0.0,0.0
1988-11-22 00:00:00-05:00,3.7260013831002614,3.743251323699951,3.7087514425005716,3.743251323699951,269663,0.0,0.0
1988-11-23 00:00:00-05:00,3.7432504942832834,3.760500431060791,3.7260005575057757,3.760500431060791,166725,0.0,0.0
1988-11-25 00:00:00-05:00,3.7260008780116824,3.7260008780116824,3.674250841140747,3.674250841140747,123863,0.0,0.0
1988-11-28 00:00:00-05:00,3.6570017492559055,3.7260017403575243,3.6570017492559055,3.6915018558502197,225113,0.0,0.0
1988-11-29 00:00:00-05:00,3.691501501900882,3.743251323699951,3.6742513392142033,3.743251323699951,113063,0.0,0.0
1988-11-30 00:00:00-05:00,3.743251915246893,3.8122521327237493,3.743251915246893,3.795001745223999,168750,0.0,0.0
1988-12-01 00:00:00-05:00,3.795004373597288,3.8295047283172607,3.777754418324479,3.8295047283172607,450225,0.0,0.0
1988-12-02 00:00:00-05:00,3.81225384642471,3.81225384642471,3.726003646850586,3.726003646850586,174488,0.0,0.0
1988-12-05 00:00:00-05:00,3.7260005575057757,3.760500431060791,3.7260005575057757,3.760500431060791,366863,0.0,0.0
1988-12-06 00:00:00-05:00,3.743251323699951,3.743251323699951,3.7087514425005716,3.743251323699951,178538,0.0,0.0
1988-12-07 00:00:00-05:00,3.7260005575057757,3.760500431060791,3.7260005575057757,3.760500431060791,202838,0.0,0.0
1988-12-08 00:00:00-05:00,3.7605035490105365,3.7605035490105365,3.726003646850586,3.726003646850586,123188,0.0,0.0
1988-12-09 00:00:00-05:00,3.7950028245132823,3.7950028245132823,3.760502928050194,3.7777528762817383,229838,0.0,0.0
1988-12-12 00:00:00-05:00,3.760501264299641,3.7777512048993307,3.7260013831002614,3.743251323699951,146138,0.0,0.0
1988-12-13 00:00:00-05:00,3.7432516826111764,3.7432516826111764,3.6915018558502197,3.6915018558502197,271350,0.0,0.0
1988-12-14 00:00:00-05:00,3.6915010014890313,3.7260008780116824,3.674250841140747,3.674250841140747,285525,0.0,0.0
1988-12-15 00:00:00-05:00,3.6570004166195114,3.6915005106417516,3.6225005446842,3.6397504806518555,698963,0.0,0.0
1988-12-16 00:00:00-05:00,3.622502088546753,3.6397520318661067,3.588001979821022,3.622502088546753,298350,0.0,0.0
1988-12-19 00:00:00-05:00,3.605250866008486,3.7260008780116824,3.605250866008486,3.674250841140747,154913,0.0,0.0
1988-12-20 00:00:00-05:00,3.726002338746495,3.760502228794417,3.6915024486985732,3.708752393722534,134325,0.0,0.0
1988-12-21 00:00:00-05:00,3.7260017403575243,3.7260017403575243,3.6915018558502197,3.6915018558502197,106313,0.0,0.0
1988-12-22 00:00:00-05:00,3.708750620728268,3.7777503678382987,3.708750620728268,3.760500431060791,317925,0.0,0.0
1988-12-23 00:00:00-05:00,3.7605044630516704,3.864004638862878,3.7605044630516704,3.8295047283172607,286875,0.0,0.0
1988-12-27 00:00:00-05:00,3.8122532169190007,3.8122532169190007,3.74325297981865,3.7777528762817383,122513,0.0,0.0
1988-12-28 00:00:00-05:00,3.760500431060791,3.7950003046158063,3.760500431060791,3.760500431060791,110363,0.0,0.0
1988-12-29 00:00:00-05:00,3.777751801898297,3.8122521327237493,3.743251915246893,3.795001745223999,138038,0.0,0.0
1988-12-30 00:00:00-05:00,3.8295011573157516,3.8640010356903076,3.795000834767255,3.8640010356903076,244350,0.0,0.0
1989-01-03 00:00:00-05:00,3.8295039035841762,3.8295039035841762,3.7432537016208713,3.812253952026367,182588,0.0,0.0
1989-01-04 00:00:00-05:00,3.812251530272688,3.812251530272688,3.743251323699951,3.743251323699951,266963,0.0,0.0
1989-01-05 00:00:00-05:00,3.7432506666322363,3.8640006738083117,3.726000729060497,3.8467507362365723,732038,0.0,0.0
1989-01-06 00:00:00-05:00,3.8467546835900692,3.8467546835900692,3.8295047283172607,3.8295047283172607,75263,0.0,0.0
1989-01-09 00:00:00-05:00,3.846751867093777,4.002002239227295,3.8295019244509487,4.002002239227295,252113,0.0,0.0
1989-01-10 00:00:00-05:00,3.9847518724086295,3.9847518724086295,3.8985012800277796,3.9502511024475098,215325,0.0,0.0
1989-01-11 00:00:00-05:00,3.933003314813268,3.950253265063548,3.9157533645629883,3.9157533645629883,46575,0.0,0.0
1989-01-12 00:00:00-05:00,3.9502521790129674,3.967503012868894,3.9157522879975306,3.933002233505249,306788,0.0,0.0
1989-01-13 00:00:00-05:00,3.9157504865235295,3.933000424095269,3.829500798664833,3.8467507362365723,504900,0.0,0.0
1989-01-16 00:00:00-05:00,3.84675109650303,3.8640010356903076,3.8295011573157516,3.8640010356903076,139725,0.0,0.0
1989-01-17 00:00:00-05:00,3.864004638862878,3.864004638862878,3.8295047283172607,3.8295047283172607,142763,0.0,0.0
1989-01-18 00:00:00-05:00,3.8467546835900692,3.8467546835900692,3.812254773044452,3.8295047283172607,87413,0.0,0.0
1989-01-19 00:00:00-05:00,3.8122508610930934,3.8640006738083117,3.8122508610930934,3.8467507362365723,257850,0.0,0.0
1989-01-20 00:00:00-05:00,3.881250611380051,3.881250611380051,3.8467507362365723,3.8467507362365723,75600,0.0,0.0
1989-01-23 00:00:00-05:00,3.8640010356903076,3.8640010356903076,3.84675109650303,3.8640010356903076,85050,0.0,0.0
1989-01-24 00:00:00-05:00,3.8467546835900692,3.8467546835900692,3.8295047283172607,3.8295047283172607,49950,0.0,0.0
1989-01-25 00:00:00-05:00,3.8467538551419853,3.8467538551419853,3.812253952026367,3.812253952026367,70875,0.0,0.0
1989-01-26 00:00:00-05:00,3.8467546835900692,3.864004638862878,3.812254773044452,3.8295047283172607,132975,0.0,0.0
1989-01-27 00:00:00-05:00,3.829502560458938,3.933002233505249,3.829502560458938,3.933002233505249,290588,0.0,0.0
1989-01-30 00:00:00-05:00,3.8985034143127084,3.9157533645629883,3.846753563561869,3.9157533645629883,259200,0.0,0.0
1989-01-31 00:00:00-05:00,3.8985023424898118,3.933002233505249,3.864002451474375,3.933002233505249,460688,0.0,0.0
1989-02-01 00:00:00-05:00,3.933000792439419,3.933000792439419,3.84675109650303,3.8640010356903076,165038,0.0,0.0
1989-02-02 00:00:00-05:00,3.8563224055584575,3.9435691833496094,3.8563224055584575,3.9435691833496094,156938,0.09481,0.0
1989-02-03 00:00:00-05:00,3.9086704722331485,3.97846789446607,3.9086704722331485,3.9435691833496094,205875,0.0,0.0
1989-02-06 00:00:00-05:00,3.926115638926387,4.048261896130837,3.926115638926387,3.978463649749756,144450,0.0,0.0
1989-02-07 00:00:00-05:00,3.978463649749756,4.048261896130837,3.978463649749756,3.978463649749756,162000,0.0,0.0
1989-02-08 00:00:00-05:00,3.9959163665771484,4.048265320295688,3.9784670148767516,3.9959163665771484,190350,0.0,0.0
1989-02-09 00:00:00-05:00,3.9959174206362484,4.04826638816361,3.978468064332991,4.030817031860352,141075,0.0,0.0
1989-02-10 00:00:00-05:00,3.995912986690879,4.013363222248591,3.961014312808633,3.978463649749756,217350,0.0,0.0
1989-02-13 00:00:00-05:00,3.97846789446607,3.9959172500243003,3.926119827791379,3.9435691833496094,122175,0.0,0.0
1989-02-14 00:00:00-05:00,3.9261176586151123,3.9784656963675626,3.9261176586151123,3.9261176586151123,172125,0.0,0.0
1989-02-15 00:00:00-05:00,3.943568311475958,4.013366616894896,3.943568311475958,3.9959163665771484,40838,0.0,0.0
1989-02-16 00:00:00-05:00,3.9959170205272345,4.083164691925049,3.9784676659711713,4.083164691925049,207563,0.0,0.0
1989-02-17 00:00:00-05:00,4.083163199838302,4.083163199838302,4.0133658071197065,4.048264503479004,71213,0.0,0.0
1989-02-21 00:00:00-05:00,4.04826638816361,4.065715744466868,4.0133676755570935,4.030817031860352,125888,0.0,0.0
1989-02-22 00:00:00-05:00,4.048264503479004,4.065713851658653,4.030815155299355,4.048264503479004,97200,0.0,0.0
1989-02-23 00:00:00-05:00,4.030817031860352,4.083165100770125,4.030817031860352,4.030817031860352,105975,0.0,0.0
1989-02-24 00:00:00-05:00,4.0133658071197065,4.048264503479004,4.0133658071197065,4.048264503479004,177863,0.0,0.0
1989-02-27 00:00:00-05:00,4.030817368819514,4.030817368819514,3.943569681392103,3.9610190391540527,262913,0.0,0.0
1989-02-28 00:00:00-05:00,3.943569681392103,3.9784683969160026,3.943569681392103,3.9610190391540527,149175,0.0,0.0
1989-03-01 00:00:00-05:00,3.9784683969160026,4.0133680110575645,3.9610190391540527,3.9610190391540527,190013,0.0,0.0
1989-03-02 00:00:00-05:00,4.013367273700795,4.1006140464811125,4.013367273700795,4.083164691925049,122513,0.0,0.0
1989-03-03 00:00:00-05:00,4.083161794107088,4.083161794107088,4.048263109762541,4.0657124519348145,205875,0.0,0.0
1989-03-06 00:00:00-05:00,4.0657124519348145,4.0657124519348145,4.048263109762541,4.0657124519348145,125888,0.0,0.0
1989-03-07 00:00:00-05:00,4.048264503479004,4.065713851658653,4.030815155299355,4.048264503479004,134325,0.0,0.0
1989-03-08 00:00:00-05:00,4.03081748800814,4.065716204563973,4.013368129730225,4.013368129730225,67163,0.0,0.0
1989-03-09 00:00:00-05:00,4.048266846286056,4.048266846286056,4.013368129730225,4.013368129730225,83363,0.0,0.0
1989-03-10 00:00:00-05:00,4.030817031860352,4.04826638816361,4.0133676755570935,4.030817031860352,79313,0.0,0.0
1989-03-13 00:00:00-05:00,4.048265320295688,4.048265320295688,3.9959163665771484,3.9959163665771484,84713,0.0,0.0
1989-03-14 00:00:00-05:00,4.0133658071197065,4.048264503479004,4.0133658071197065,4.048264503479004,98550,0.0,0.0
1989-03-15 00:00:00-05:00,4.083161794107088,4.083161794107088,4.0657124519348145,4.0657124519348145,208913,0.0,0.0
1989-03-16 00:00:00-05:00,4.10061502456665,4.10061502456665,4.0657163071304225,4.10061502456665,107325,0.0,0.0
1989-03-17 00:00:00-05:00,4.083164023696482,4.083164023696482,3.9959163665771484,3.9959163665771484,179213,0.0,0.0
1989-03-20 00:00:00-05:00,3.995912986690879,4.013363222248591,3.961014312808633,3.978463649749756,174150,0.0,0.0
1989-03-21 00:00:00-05:00,3.99591787283462,4.013368129730225,3.9784685145567042,4.013368129730225,162000,0.0,0.0
1989-03-22 00:00:00-05:00,3.9784662121432395,4.083163199838302,3.9784662121432395,4.048264503479004,166050,0.0,0.0
1989-03-23 00:00:00-05:00,4.083164691925049,4.118063401037176,4.048265982812922,4.083164691925049,207563,0.0,0.0
1989-03-27 00:00:00-05:00,4.065715337368985,4.118063401037176,4.065715337368985,4.083164691925049,126900,0.0,0.0
1989-03-28 00:00:00-05:00,4.083163794741383,4.135511846907263,4.083163794741383,4.118062496185303,416813,0.0,0.0
1989-03-29 00:00:00-05:00,4.0831638226291735,4.135511875152588,4.0831638226291735,4.135511875152588,159638,0.0,0.0
1989-03-30 00:00:00-05:00,4.11806349786152,4.1529622077941895,4.100614142895186,4.1529622077941895,140063,0.0,0.0
1989-03-31 00:00:00-05:00,4.15296083458199,4.170410633087158,4.083163437795761,4.170410633087158,466425,0.0,0.0
1989-04-03 00:00:00-04:00,4.170410281221848,4.240207672119141,4.152960484188952,4.240207672119141,428963,0.0,0.0
1989-04-04 00:00:00-04:00,4.240208570703259,4.2576579221254445,4.1878605164367,4.205309867858887,246038,0.0,0.0
1989-04-05 00:00:00-04:00,4.187863854028747,4.222762584686279,4.170414488699982,4.222762584686279,223425,0.0,0.0
1989-04-06 00:00:00-04:00,4.20531010778386,4.362354728852048,4.20531010778386,4.344905376434326,440438,0.0,0.0
1989-04-07 00:00:00-04:00,4.362355841665879,4.467051982879639,4.362355841665879,4.467051982879639,668250,0.0,0.0
1989-04-10 00:00:00-04:00,4.46705066194157,4.501950263977051,4.449601310232506,4.501950263977051,245363,0.0,0.0
1989-04-11 00:00:00-04:00,4.467051982879639,4.501951595235174,4.467051982879639,4.467051982879639,117788,0.0,0.0
1989-04-12 00:00:00-04:00,4.46705066194157,4.501950263977051,4.46705066194157,4.501950263977051,122513,0.0,0.0
1989-04-13 00:00:00-04:00,4.484502238366215,4.484502238366215,4.4496026260106785,4.467051982879639,238950,0.0,0.0
1989-04-14 00:00:00-04:00,4.46705066194157,4.501950263977051,4.46705066194157,4.501950263977051,139725,0.0,0.0
1989-04-17 00:00:00-04:00,4.501951241122218,4.5368499521150865,4.467051631511803,4.519400596618652,127913,0.0,0.0
1989-04-18 00:00:00-04:00,4.5368482752868475,4.658994167925294,4.5368482752868475,4.641544818878174,226463,0.0,0.0
1989-04-19 00:00:00-04:00,4.60664840600512,4.624097765410268,4.571749687194824,4.571749687194824,174488,0.0,0.0
1989-04-20 00:00:00-04:00,4.571748663107956,4.571748663107956,4.484501885625783,4.519400596618652,110363,0.0,0.0
1989-04-21 00:00:00-04:00,4.519401158659086,4.589198589324951,4.50195180099262,4.589198589324951,210600,0.0,0.0
1989-04-24 00:00:00-04:00,4.58919801860439,4.606647374100825,4.519400596618652,4.519400596618652,83025,0.0,0.0
1989-04-25 00:00:00-04:00,4.519400170017401,4.5542988777160645,4.519400170017401,4.5542988777160645,115425,0.0,0.0
1989-04-26 00:00:00-04:00,4.536852316642075,4.5543016812328085,4.484504222869873,4.484504222869873,239963,0.0,0.0
1989-04-27 00:00:00-04:00,4.501953587460607,4.501953587460607,4.484504222869873,4.484504222869873,70200,0.0,0.0
1989-04-28 00:00:00-04:00,4.484502238366215,4.484502238366215,4.432153269141718,4.467051982879639,276750,0.0,0.0
1989-05-01 00:00:00-04:00,4.449604466620158,4.449604466620158,4.397256374359131,4.397256374359131,60750,0.0,0.0
1989-05-02 00:00:00-04:00,4.379807010272121,4.397256374359131,4.379807010272121,4.397256374359131,110025,0.0,0.0
1989-05-03 00:00:00-04:00,4.429015159606934,4.464305983100119,4.429015159606934,4.429015159606934,345263,0.1037,0.0
1989-05-04 00:00:00-04:00,4.446660466355611,4.464305877685547,4.429015055025674,4.464305877685547,47250,0.0,0.0
1989-05-05 00:00:00-04:00,4.464306518999073,4.4819519328638355,4.37607944967526,4.411370277404785,162675,0.0,0.0
1989-05-08 00:00:00-04:00,4.393723011016846,4.4466592302916625,4.393723011016846,4.393723011016846,32063,0.0,0.0
1989-05-09 00:00:00-04:00,4.393722101073786,4.411367503844349,4.376076698303223,4.376076698303223,74588,0.0,0.0
1989-05-10 00:00:00-04:00,4.37607944967526,4.429015691269548,4.37607944967526,4.411370277404785,175500,0.0,0.0
1989-05-11 00:00:00-04:00,4.429014894656862,4.552533678208109,4.429014894656862,4.53488826751709,307800,0.0,0.0
1989-05-12 00:00:00-04:00,4.5172407639333985,4.658404921169984,4.5172407639333985,4.623114109039307,522113,0.0,0.0
1989-05-15 00:00:00-04:00,4.64076056397148,4.764278888702393,4.62311515391807,4.764278888702393,266963,0.0,0.0
1989-05-16 00:00:00-04:00,4.746632857998482,4.834859896729323,4.746632857998482,4.817214488983154,356063,0.0,0.0
1989-05-17 00:00:00-04:00,4.817214488983154,4.834859896729323,4.781923673490819,4.817214488983154,283838,0.0,0.0
1989-05-18 00:00:00-04:00,4.817215118862623,4.817215118862623,4.711342658542162,4.764278888702393,681750,0.0,0.0
1989-05-19 00:00:00-04:00,4.7289896580802475,4.7289896580802475,4.693698826111647,4.711344242095947,1021275,0.0,0.0
1989-05-22 00:00:00-04:00,4.728988068595572,4.764278888702393,4.711342658542162,4.764278888702393,481613,0.0,0.0
1989-05-23 00:00:00-04:00,4.728988594484569,4.764279418515919,4.69369777045322,4.746634006500244,261900,0.0,0.0
1989-05-24 00:00:00-04:00,4.711343547879028,4.781925201416016,4.587825199832172,4.781925201416016,123863,0.0,0.0
1989-05-25 00:00:00-04:00,4.781925201416016,4.81721602818451,4.764279788031769,4.781925201416016,95175,0.0,0.0
1989-05-26 00:00:00-04:00,4.799570614800263,4.799570614800263,4.746634374647522,4.781925201416016,434700,0.0,0.0
1989-05-30 00:00:00-04:00,4.781921821682262,4.799567222595215,4.764276420769311,4.799567222595215,103275,0.0,0.0
1989-05-31 00:00:00-04:00,4.764276420769311,4.834858024421119,4.764276420769311,4.799567222595215,259538,0.0,0.0
1989-06-01 00:00:00-04:00,4.817213965357172,4.834859371185303,4.79956855952904,4.834859371185303,65813,0.0,0.0
1989-06-02 00:00:00-04:00,4.834860297171434,4.887796979151344,4.834860297171434,4.852506160736084,46238,0.0,0.0
1989-06-05 00:00:00-04:00,4.817213423378429,4.887795493106785,4.817213423378429,4.870150089263916,205875,0.0,0.0
1989-06-06 00:00:00-04:00,4.852505587729583,4.887796401977539,4.852505587729583,4.887796401977539,173475,0.0,0.0
1989-06-07 00:00:00-04:00,4.852504685421048,4.887795493106785,4.852504685421048,4.870150089263916,269325,0.0,0.0
1989-06-08 00:00:00-04:00,4.852506955238168,4.90544319152832,4.834861088784357,4.90544319152832,336150,0.0,0.0
1989-06-09 00:00:00-04:00,4.870150994853561,4.905441809101517,4.834859726248639,4.887796401977539,181575,0.0,0.0
1989-06-12 00:00:00-04:00,4.870152367334885,4.90544319152832,4.870152367334885,4.90544319152832,31050,0.0,0.0
1989-06-13 00:00:00-04:00,4.870150089263916,4.905440896949654,4.870150089263916,4.870150089263916,119475,0.0,0.0
1989-06-14 00:00:00-04:00,4.887797779431603,4.90544319152832,4.870152367334885,4.90544319152832,304763,0.0,0.0
1989-06-15 00:00:00-04:00,4.923087216225496,4.923087216225496,4.870150994853561,4.887796401977539,239625,0.0,0.0
1989-06-16 00:00:00-04:00,4.887797779431603,4.923088603625038,4.887797779431603,4.90544319152832,168750,0.0,0.0
1989-06-19 00:00:00-04:00,4.887796979151344,4.887796979151344,4.817214887963804,4.852506160736084,180563,0.0,0.0
1989-06-20 00:00:00-04:00,4.852505231370366,4.852505231370366,4.817213965357172,4.834859371185303,204525,0.0,0.0
1989-06-21 00:00:00-04:00,4.834858827221297,4.887795493106785,4.834858827221297,4.870150089263916,132300,0.0,0.0
1989-06-22 00:00:00-04:00,4.870152314847982,4.923088550567627,4.870152314847982,4.923088550567627,325350,0.0,0.0
1989-06-23 00:00:00-04:00,4.923089271938005,5.011317253112793,4.923089271938005,5.011317253112793,150188,0.0,0.0
1989-06-26 00:00:00-04:00,4.9936699867248535,4.9936699867248535,4.958379164406232,4.9936699867248535,44888,0.0,0.0
1989-06-27 00:00:00-04:00,4.958380100922196,5.011317253112793,4.958380100922196,5.011317253112793,83025,0.0,0.0
1989-06-28 00:00:00-04:00,5.011317142982776,5.064253385295721,5.011317142982776,5.046607971191406,97875,0.0,0.0
1989-06-29 00:00:00-04:00,5.081896445762289,5.081896445762289,5.011314822034316,5.028960227966309,206213,0.0,0.0
1989-06-30 00:00:00-04:00,5.02896187200877,5.117188930511475,4.923088493091356,5.117188930511475,226125,0.0,0.0
1989-07-03 00:00:00-04:00,5.081896445762289,5.081896445762289,5.028960227966309,5.028960227966309,143438,0.0,0.0
1989-07-05 00:00:00-04:00,5.046605247372757,5.064250651953268,4.958377315756403,4.976022720336914,112050,0.0,0.0
1989-07-06 00:00:00-04:00,4.958380100922196,5.011317253112793,4.923089271938005,5.011317253112793,252450,0.0,0.0
1989-07-07 00:00:00-04:00,5.011316460308229,5.117188930511475,5.011316460308229,5.117188930511475,345938,0.0,0.0
1989-07-10 00:00:00-04:00,5.099543750021768,5.240707504383475,5.099543750021768,5.205416679382324,304088,0.0,0.0
1989-07-11 00:00:00-04:00,5.240707929189683,5.240707929189683,5.187771687397001,5.223062515258789,395888,0.0,0.0
1989-07-12 00:00:00-04:00,5.2230620918829,5.240707504383475,5.205416679382324,5.205416679382324,221738,0.0,0.0
1989-07-13 00:00:00-04:00,5.205416679382324,5.2230620918829,5.187771266881749,5.205416679382324,133988,0.0,0.0
1989-07-14 00:00:00-04:00,5.205417101327895,5.240707929189683,5.187771687397001,5.223062515258789,167400,0.0,0.0
1989-07-17 00:00:00-04:00,5.223062515258789,5.223062515258789,5.187771687397001,5.223062515258789,111375,0.0,0.0
1989-07-18 00:00:00-04:00,5.258351570708358,5.258351570708358,5.152478668452024,5.170124530792236,145125,0.0,0.0
1989-07-19 00:00:00-04:00,5.258351064987733,5.364223957061768,5.205414846129187,5.364223957061768,248063,0.0,0.0
1989-07-20 00:00:00-04:00,5.346580082042575,5.346580082042575,5.152479648590088,5.152479648590088,164025,0.0,0.0
1989-07-21 00:00:00-04:00,5.152479753912556,5.187771031670722,5.117188930511475,5.117188930511475,79988,0.0,0.0
1989-07-24 00:00:00-04:00,5.081895783653364,5.099541187286377,5.028959572754325,5.099541187286377,123525,0.0,0.0
1989-07-25 00:00:00-04:00,5.081898799400037,5.117189627608667,5.046607971191406,5.046607971191406,227813,0.0,0.0
1989-07-26 00:00:00-04:00,5.046608082096984,5.046608082096984,5.011317253112793,5.011317253112793,103950,0.0,0.0
1989-07-27 00:00:00-04:00,5.011317142982776,5.046607971191406,5.011317142982776,5.046607971191406,327038,0.0,0.0
1989-07-28 00:00:00-04:00,5.046604073619764,5.081894874572754,5.0289586731432685,5.081894874572754,119475,0.0,0.0
1989-07-31 00:00:00-04:00,5.081897583070726,5.134833812713623,5.081897583070726,5.134833812713623,89438,0.0,0.0
1989-08-01 00:00:00-04:00,5.170125619970181,5.170125619970181,5.117188930511475,5.117188930511475,116438,0.0,0.0
1989-08-02 00:00:00-04:00,5.113622600467206,5.220527648925781,5.113622600467206,5.220527648925781,96188,0.1037,0.0
1989-08-03 00:00:00-04:00,5.184894144326446,5.238346916685259,5.167076706469054,5.202711582183838,470813,0.0,0.0
1989-08-04 00:00:00-04:00,5.1670756968800395,5.1848931312561035,5.1492582625039764,5.1848931312561035,327375,0.0,0.0
1989-08-07 00:00:00-04:00,5.1492592686116625,5.202711582183838,5.13144183075427,5.202711582183838,199125,0.0,0.0
1989-08-08 00:00:00-04:00,5.16707731179938,5.23834753036499,5.14925987185465,5.23834753036499,271013,0.0,0.0
1989-08-09 00:00:00-04:00,5.220528458794779,5.220528458794779,5.1848931312561035,5.1848931312561035,62775,0.0,0.0
1989-08-10 00:00:00-04:00,5.202709758527288,5.220527648925781,5.184892326915271,5.220527648925781,20925,0.0,0.0
1989-08-11 00:00:00-04:00,5.25616435454265,5.25616435454265,5.184894144326446,5.202711582183838,258863,0.0,0.0
1989-08-14 00:00:00-04:00,5.167078495025635,5.184895939050439,5.167078495025635,5.167078495025635,136688,0.0,0.0
1989-08-15 00:00:00-04:00,5.167071264306228,5.167071264306228,5.113619007032074,5.149253845214844,150188,0.0,0.0
1989-08-16 00:00:00-04:00,5.131436426123459,5.167071264306228,5.131436426123459,5.149253845214844,161663,0.0,0.0
1989-08-17 00:00:00-04:00,5.13144153273937,5.13144153273937,5.0958066590941264,5.113624095916748,299700,0.0,0.0
1989-08-18 00:00:00-04:00,5.077985035241704,5.131437301635742,5.077985035241704,5.131437301635742,152550,0.0,0.0
1989-08-21 00:00:00-04:00,5.1136221212569986,5.131439551199299,5.095804691314697,5.095804691314697,237600,0.0,0.0
1989-08-22 00:00:00-04:00,5.1136221212569986,5.131439551199299,5.095804691314697,5.095804691314697,343913,0.0,0.0
1989-08-23 00:00:00-04:00,5.1136221212569986,5.131439551199299,5.095804691314697,5.095804691314697,60413,0.0,0.0
1989-08-24 00:00:00-04:00,5.095808718926415,5.167078495025635,5.095808718926415,5.167078495025635,302738,0.0,0.0
1989-08-25 00:00:00-04:00,5.1492569811416,5.167074411083901,5.095804691314697,5.095804691314697,152213,0.0,0.0
1989-08-28 00:00:00-04:00,5.095806316041063,5.095806316041063,5.024535655975342,5.024535655975342,99225,0.0,0.0
1989-08-29 00:00:00-04:00,5.02453559412574,5.060171382506521,5.006718158721924,5.006718158721924,123525,0.0,0.0
1989-08-30 00:00:00-04:00,5.006717334612337,5.060170549598494,5.006717334612337,5.042352199554443,36450,0.0,0.0
1989-08-31 00:00:00-04:00,5.024535469096443,5.024535469096443,4.917630859333733,4.971083164215088,257850,0.0,0.0
1989-09-01 00:00:00-04:00,4.971080850614706,5.006715703950723,4.971080850614706,4.988898277282715,315563,0.0,0.0
1989-09-05 00:00:00-04:00,4.971083164215088,5.006718034135991,4.971083164215088,4.971083164215088,168413,0.0,0.0
1989-09-06 00:00:00-04:00,4.971080850614706,4.988898277282715,4.953263423946698,4.988898277282715,550463,0.0,0.0
1989-09-07 00:00:00-04:00,5.042353725557109,5.060172080993652,5.024536287693841,5.060172080993652,116100,0.0,0.0
1989-09-08 00:00:00-04:00,5.095803754863465,5.095803754863465,4.971080850614706,4.988898277282715,290925,0.0,0.0
1989-09-11 00:00:00-04:00,4.971080083183999,4.98889750710137,4.917627811431885,4.917627811431885,105638,0.0,0.0
1989-09-12 00:00:00-04:00,4.91763221770898,4.9532670974731445,4.899814777826898,4.9532670974731445,182925,0.0,0.0
1989-09-13 00:00:00-04:00,4.953262659266628,4.953262659266628,4.917627811431885,4.917627811431885,207225,0.0,0.0
1989-09-14 00:00:00-04:00,4.917629086459803,4.935446514996823,4.881993770599365,4.881993770599365,423225,0.0,0.0
1989-09-15 00:00:00-04:00,4.881994332154167,4.9354470827000645,4.881994332154167,4.8998122215271,162338,0.0,0.0
1989-09-18 00:00:00-04:00,4.8998122215271,4.9176296521135825,4.881994332154167,4.8998122215271,179213,0.0,0.0
1989-09-19 00:00:00-04:00,4.881994332154167,4.8998122215271,4.864176901567685,4.8998122215271,256163,0.0,0.0
1989-09-20 00:00:00-04:00,4.917630859333733,4.971083164215088,4.899813424373281,4.971083164215088,712463,0.0,0.0
1989-09-21 00:00:00-04:00,4.953266536240767,5.09580695672019,4.935449098377498,5.060172080993652,838013,0.0,0.0
1989-09-22 00:00:00-04:00,5.077986328195456,5.095803754863465,4.988898277282715,4.988898277282715,322988,0.0,0.0
1989-09-25 00:00:00-04:00,4.98889750710137,4.98889750710137,4.917627811431885,4.917627811431885,152888,0.0,0.0
1989-09-26 00:00:00-04:00,4.9354470827000645,4.971081943873029,4.8998122215271,4.8998122215271,543038,0.0,0.0
1989-09-27 00:00:00-04:00,4.828544616699219,4.881996936978533,4.810727176606114,4.828544616699219,847800,0.0,0.0
1989-09-28 00:00:00-04:00,4.828544616699219,4.846362056792324,4.810727176606114,4.828544616699219,335475,0.0,0.0
1989-09-29 00:00:00-04:00,4.828541484988305,4.881993770599365,4.828541484988305,4.881993770599365,273375,0.0,0.0
1989-10-02 00:00:00-04:00,4.8819930490254855,5.0067154891366545,4.8819930490254855,4.935445785522461,181575,0.0,0.0
1989-10-03 00:00:00-04:00,4.9354488101173075,5.167076406384614,4.9354488101173075,5.113624095916748,334800,0.0,0.0
1989-10-04 00:00:00-04:00,5.113622533656895,5.131439965036124,5.0779876708984375,5.0779876708984375,170100,0.0,0.0
1989-10-05 00:00:00-04:00,5.077987261372396,5.1492569811416,5.077987261372396,5.095804691314697,69525,0.0,0.0
1989-10-06 00:00:00-04:00,5.095808718926415,5.184895939050439,5.095808718926415,5.167078495025635,80663,0.0,0.0
1989-10-09 00:00:00-04:00,5.149258969561991,5.149258969561991,5.113624095916748,5.113624095916748,27338,0.0,0.0
1989-10-10 00:00:00-04:00,5.131437301635742,5.149254723767089,5.113619879504396,5.131437301635742,55350,0.0,0.0
1989-10-11 00:00:00-04:00,5.113619879504396,5.149254723767089,5.113619879504396,5.131437301635742,104288,0.0,0.0
1989-10-12 00:00:00-04:00,5.113622533656895,5.113622533656895,5.0779876708984375,5.0779876708984375,247725,0.0,0.0
1989-10-13 00:00:00-04:00,5.095807534103182,5.095807534103182,4.935449657591063,4.9532670974731445,325013,0.0,0.0
1989-10-16 00:00:00-04:00,4.9532647777807,4.9532647777807,4.810724866691053,4.846359729766846,256500,0.0,0.0
1989-10-17 00:00:00-04:00,4.810726642608643,4.8641789569546745,4.757274328262611,4.810726642608643,244688,0.0,0.0
1989-10-18 00:00:00-04:00,4.792905919507743,4.953263211426009,4.792905919507743,4.935445785522461,226800,0.0,0.0
1989-10-19 00:00:00-04:00,4.953262162749814,5.202706990161127,4.953262162749814,5.131437301635742,378675,0.0,0.0
1989-10-20 00:00:00-04:00,5.167074895303255,5.220527648925781,5.131440032079222,5.220527648925781,366863,0.0,0.0
1989-10-23 00:00:00-04:00,5.22052967373604,5.273981989303855,5.22052967373604,5.25616455078125,178200,0.0,0.0
1989-10-24 00:00:00-04:00,5.238345893170843,5.238345893170843,5.1314408281279125,5.1848931312561035,120150,0.0,0.0
1989-10-25 00:00:00-04:00,5.184891582948118,5.309614045122594,5.184891582948118,5.273979187011719,217688,0.0,0.0
1989-10-26 00:00:00-04:00,5.27398241025445,5.29179985019918,5.202712191688839,5.23834753036499,140738,0.0,0.0
1989-10-27 00:00:00-04:00,5.220531285886845,5.220531285886845,5.131443606976025,5.167078495025635,253800,0.0,0.0
1989-10-30 00:00:00-05:00,5.149258969561991,5.167076406384614,5.0958066590941264,5.113624095916748,220050,0.0,0.0
1989-10-31 00:00:00-05:00,5.131439551199299,5.131439551199299,5.095804691314697,5.095804691314697,571725,0.0,0.0
1989-11-01 00:00:00-05:00,5.128192016389304,5.200166361561639,5.128192016389304,5.182172775268555,761400,0.1037,0.0
1989-11-02 00:00:00-05:00,5.182172775268555,5.200166361561639,5.146185602682388,5.182172775268555,829238,0.0,0.0
1989-11-03 00:00:00-05:00,5.164176686102945,5.200163841247559,5.164176686102945,5.200163841247559,558900,0.0,0.0
1989-11-06 00:00:00-05:00,5.182174589740292,5.254148960113525,5.182174589740292,5.254148960113525,136688,0.0,0.0
1989-11-07 00:00:00-05:00,5.2361542923217925,5.272141933441162,5.21816070342331,5.272141933441162,252788,0.0,0.0
1989-11-08 00:00:00-05:00,5.254146529856774,5.344114914531773,5.254146529856774,5.3261213302612305,234225,0.0,0.0
1989-11-09 00:00:00-05:00,5.3261213302612305,5.380102083072859,5.3261213302612305,5.3261213302612305,79313,0.0,0.0
1989-11-10 00:00:00-05:00,5.344116883143725,5.398097655840247,5.344116883143725,5.380104064941406,147825,0.0,0.0
1989-11-13 00:00:00-05:00,5.398094151387927,5.47006893157959,5.38010057217055,5.47006893157959,240975,0.0,0.0
1989-11-14 00:00:00-05:00,5.470072605140238,5.48806619644165,5.452079013838826,5.48806619644165,164363,0.0,0.0
1989-11-15 00:00:00-05:00,5.524052006431343,5.542045593261719,5.506058419600966,5.542045593261719,179550,0.0,0.0
1989-11-16 00:00:00-05:00,5.578033533714981,5.650008817575376,5.578033533714981,5.632015228271484,93150,0.0,0.0
1989-11-17 00:00:00-05:00,5.650008957606386,5.650008957606386,5.6140217781066895,5.6140217781066895,67163,0.0,0.0
1989-11-20 00:00:00-05:00,5.632014454058303,5.632014454058303,5.542045593261719,5.542045593261719,173138,0.0,0.0
1989-11-21 00:00:00-05:00,5.578032385186805,5.6500076542273465,5.542045213988854,5.59602689743042,156600,0.0,0.0
1989-11-22 00:00:00-05:00,5.596029062541585,5.632016247663027,5.5600409507751465,5.5600409507751465,275400,0.0,0.0
1989-11-24 00:00:00-05:00,5.5600409507751465,5.5600409507751465,5.542047358214425,5.5600409507751465,177863,0.0,0.0
1989-11-27 00:00:00-05:00,5.542045593261719,5.578032766922472,5.524052006431343,5.542045593261719,547425,0.0,0.0
1989-11-28 00:00:00-05:00,5.542045213988854,5.614020483029395,5.542045213988854,5.59602689743042,757013,0.0,0.0
1989-11-29 00:00:00-05:00,5.614020483029395,5.614020483029395,5.59602689743042,5.59602689743042,270338,0.0,0.0
1989-11-30 00:00:00-05:00,5.59602689743042,5.614020483029395,5.59602689743042,5.59602689743042,223088,0.0,0.0
1989-12-01 00:00:00-05:00,5.61402296845405,5.703990936279297,5.61402296845405,5.703990936279297,406013,0.0,0.0
1989-12-04 00:00:00-05:00,5.685997953642089,5.865934371948242,5.685997953642089,5.865934371948242,93488,0.0,0.0
1989-12-05 00:00:00-05:00,5.847937408308577,6.063860893249512,5.811950238038806,6.063860893249512,214988,0.0,0.0
1989-12-06 00:00:00-05:00,6.099848990163897,6.225804086108097,6.045867308114626,6.063860893249512,784013,0.0,0.0
1989-12-07 00:00:00-05:00,6.045866890592813,6.045866890592813,5.97389255502375,5.991886138916016,109688,0.0,0.0
1989-12-08 00:00:00-05:00,5.9918849998944035,5.9918849998944035,5.865929473269662,5.883923053741455,392513,0.0,0.0
1989-12-11 00:00:00-05:00,5.883926335795877,5.919913980135561,5.8299455642700195,5.8299455642700195,337838,0.0,0.0
1989-12-12 00:00:00-05:00,5.847940776449884,5.865934371948242,5.775966394456453,5.865934371948242,320963,0.0,0.0
1989-12-13 00:00:00-05:00,5.865932868896657,5.973894877545839,5.865932868896657,5.937907695770264,390825,0.0,0.0
1989-12-14 00:00:00-05:00,5.919912938757754,5.919912938757754,5.865931713405343,5.901918888092041,218363,0.0,0.0
1989-12-15 00:00:00-05:00,5.919914320770363,5.919914320770363,5.829945899727993,5.847939491271973,265275,0.0,0.0
1989-12-18 00:00:00-05:00,5.8839279674466,5.973896408260964,5.847940776449884,5.865934371948242,651375,0.0,0.0
1989-12-19 00:00:00-05:00,5.865930584082888,5.865930584082888,5.650007114210417,5.6680006980896,351000,0.0,0.0
1989-12-20 00:00:00-05:00,5.632014659533738,5.632014659533738,5.524052207967932,5.578032970428467,508950,0.0,0.0
1989-12-21 00:00:00-05:00,5.5780348546789025,5.703990936279297,5.560041261113853,5.703990936279297,699975,0.0,0.0
1989-12-22 00:00:00-05:00,5.739977232678429,5.793958468319281,5.739977232678429,5.757971286773682,241313,0.0,0.0
1989-12-26 00:00:00-05:00,5.757969924050828,5.829944270108058,5.757969924050828,5.81195068359375,145125,0.0,0.0
1989-12-27 00:00:00-05:00,5.8119500195686955,6.225803852081299,5.8119500195686955,6.225803852081299,191363,0.0,0.0
1989-12-28 00:00:00-05:00,6.207811618777794,6.207811618777794,6.009881220009261,6.045868396759033,74250,0.0,0.0
1989-12-29 00:00:00-05:00,6.0638622119074785,6.081856727600098,6.027875033811873,6.081856727600098,130613,0.0,0.0
1990-01-02 00:00:00-05:00,6.117844244646765,6.117844244646765,6.045868957823042,6.099850654602051,243675,0.0,0.0
1990-01-03 00:00:00-05:00,6.0998503166479,6.135837494743505,6.0638622119074785,6.081856727600098,701663,0.0,0.0
1990-01-04 00:00:00-05:00,6.081854985021896,6.081854985021896,5.955898971131484,5.991886138916016,260550,0.0,0.0
1990-01-05 00:00:00-05:00,5.955902812762606,5.973896408260964,5.865934371948242,5.865934371948242,387788,0.0,0.0
1990-01-08 00:00:00-05:00,5.865932831410481,5.865932831410481,5.721983641905629,5.757971286773682,174825,0.0,0.0
1990-01-09 00:00:00-05:00,5.757970059553452,5.8119508203667065,5.739976009293347,5.793957233428955,158625,0.0,0.0
1990-01-10 00:00:00-05:00,5.7939588055958735,5.811952397416112,5.757971621955396,5.775965213775635,252788,0.0,0.0
1990-01-11 00:00:00-05:00,5.757969428273897,5.775963013238908,5.685994625091553,5.685994625091553,101250,0.0,0.0
1990-01-12 00:00:00-05:00,5.6859934567862,5.6859934567862,5.57803104253465,5.650006294250488,298688,0.0,0.0
1990-01-15 00:00:00-05:00,5.61402028523151,5.685994625091553,5.61402028523151,5.685994625091553,147825,0.0,0.0
1990-01-16 00:00:00-05:00,5.650005649009679,5.739973545074463,5.614018490583766,5.739973545074463,100575,0.0,0.0
1990-01-17 00:00:00-05:00,5.721983316605779,5.757970959427902,5.6140217781066895,5.6140217781066895,149850,0.0,0.0
1990-01-18 00:00:00-05:00,5.614022655102306,5.614022655102306,5.524053765653705,5.5600409507751465,209588,0.0,0.0
1990-01-19 00:00:00-05:00,5.59602689743042,5.614020483029395,5.578032385186805,5.59602689743042,78975,0.0,0.0
1990-01-22 00:00:00-05:00,5.578032970428467,5.578032970428467,5.506058620481087,5.578032970428467,203513,0.0,0.0
1990-01-23 00:00:00-05:00,5.614021072046893,5.614021072046893,5.5420457954547775,5.578032970428467,83700,0.0,0.0
1990-01-24 00:00:00-05:00,5.542045388425624,5.542045388425624,5.470071043764317,5.506058216094971,277088,0.0,0.0
1990-01-25 00:00:00-05:00,5.506057317843823,5.506057317843823,5.434082984924316,5.434082984924316,131288,0.0,0.0
1990-01-26 00:00:00-05:00,5.434086119320306,5.434086119320306,5.380104875171886,5.398098468780518,141075,0.0,0.0
1990-01-29 00:00:00-05:00,5.398098468780518,5.416092062389149,5.380104875171886,5.398098468780518,285863,0.0,0.0
1990-01-30 00:00:00-05:00,5.380102083072859,5.380102083072859,5.290134161720145,5.3261213302612305,291263,0.0,0.0
1990-01-31 00:00:00-05:00,5.326121196607016,5.344114780426025,5.290134028968995,5.344114780426025,255488,0.0,0.0
1990-02-01 00:00:00-05:00,5.304149439909716,5.4313036928884255,5.304149439909716,5.4131388664245605,593325,0.1037,0.0
1990-02-02 00:00:00-05:00,5.376809585607688,5.4676337242126465,5.376809585607688,5.4676337242126465,322650,0.0,0.0
1990-02-05 00:00:00-05:00,5.413136260624506,5.413136260624506,5.322312172026491,5.340476989746094,409725,0.0,0.0
1990-02-06 00:00:00-05:00,5.358646670160762,5.376811504364014,5.358646670160762,5.376811504364014,328050,0.0,0.0
1990-02-07 00:00:00-05:00,5.376809790724743,5.376809790724743,5.322315305482887,5.358644962310791,222750,0.0,0.0
1990-02-08 00:00:00-05:00,5.376811504364014,5.413141172770517,5.34048183595751,5.376811504364014,637200,0.0,0.0
1990-02-09 00:00:00-05:00,5.413142002003356,5.485801817678887,5.413142002003356,5.431306838989258,180563,0.0,0.0
1990-02-12 00:00:00-05:00,5.431303885939005,5.449468713048522,5.394974231719971,5.394974231719971,104625,0.0,0.0
1990-02-13 00:00:00-05:00,5.413138589053237,5.485798358917236,5.394973763520145,5.485798358917236,62438,0.0,0.0
1990-02-14 00:00:00-05:00,5.4676337242126465,5.485799019665324,5.449468896491655,5.4676337242126465,41850,0.0,0.0
1990-02-15 00:00:00-05:00,5.503965377807617,5.522130210579485,5.467635244532066,5.503965377807617,155588,0.0,0.0
1990-02-16 00:00:00-05:00,5.503965377807617,5.55845987612322,5.503965377807617,5.503965377807617,175838,0.0,0.0
1990-02-20 00:00:00-05:00,5.4676337242126465,5.5039638473863155,5.4676337242126465,5.4676337242126465,92475,0.0,0.0
1990-02-21 00:00:00-05:00,5.304151699819155,5.376811504364014,5.304151699819155,5.376811504364014,231525,0.0,0.0
1990-02-22 00:00:00-05:00,5.394974231719971,5.413139058829488,5.376809404610454,5.394974231719971,100238,0.0,0.0
1990-02-23 00:00:00-05:00,5.4131394475526475,5.431304275966599,5.358644962310791,5.358644962310791,123525,0.0,0.0
1990-02-26 00:00:00-05:00,5.358644962310791,5.376809790724743,5.340480133896839,5.358644962310791,227475,0.0,0.0
1990-02-27 00:00:00-05:00,5.37680921349683,5.4313036928884255,5.358644387032965,5.4131388664245605,114075,0.0,0.0
1990-02-28 00:00:00-05:00,5.413142002003356,5.431306838989258,5.413142002003356,5.431306838989258,99563,0.0,0.0
1990-03-01 00:00:00-05:00,5.4131388664245605,5.485798640011674,5.4131388664245605,5.4131388664245605,115425,0.0,0.0
1990-03-02 00:00:00-05:00,5.431306162134508,5.4494709968566895,5.413141327412325,5.4494709968566895,465075,0.0,0.0
1990-03-05 00:00:00-05:00,5.449468713048522,5.449468713048522,5.376809404610454,5.394974231719971,388125,0.0,0.0
1990-03-06 00:00:00-05:00,5.413139058829488,5.413139058829488,5.394974231719971,5.394974231719971,45563,0.0,0.0
1990-03-07 00:00:00-05:00,5.3949763385672656,5.413141172770517,5.376811504364014,5.376811504364014,461025,0.0,0.0
1990-03-08 00:00:00-05:00,5.37680921349683,5.4131388664245605,5.3404795605691,5.4131388664245605,141413,0.0,0.0
1990-03-09 00:00:00-05:00,5.394971442904903,5.4313010783441085,5.340476989746094,5.340476989746094,98213,0.0,0.0
1990-03-12 00:00:00-05:00,5.340481871029072,5.340481871029072,5.28598690032959,5.28598690032959,256838,0.0,0.0
1990-03-13 00:00:00-05:00,5.304151821062756,5.413141296505426,5.304151821062756,5.322317123413086,198450,0.0,0.0
1990-03-14 00:00:00-05:00,5.3586418074656965,5.376806625185299,5.340476989746094,5.340476989746094,65475,0.0,0.0
1990-03-15 00:00:00-05:00,5.358646792650022,5.358646792650022,5.322317123413086,5.322317123413086,44888,0.0,0.0
1990-03-16 00:00:00-05:00,5.3586418074656965,5.376806625185299,5.30414688657546,5.340476989746094,213975,0.0,0.0
1990-03-19 00:00:00-05:00,5.340482150147056,5.358646985418976,5.285987176599418,5.304152011871338,208575,0.0,0.0
1990-03-20 00:00:00-05:00,5.304152011871338,5.340482150147056,5.304152011871338,5.304152011871338,56363,0.0,0.0
1990-03-21 00:00:00-05:00,5.3041481807350035,5.3041481807350035,5.213324069976807,5.213324069976807,89438,0.0,0.0
1990-03-22 00:00:00-05:00,5.213324811894177,5.231489636630884,5.068005278537301,5.140664577484131,183938,0.0,0.0
1990-03-23 00:00:00-05:00,5.158831969721116,5.158831969721116,5.122501373291016,5.122501373291016,173813,0.0,0.0
1990-03-26 00:00:00-05:00,5.140666585624668,5.195162016586002,5.140666585624668,5.176997184753418,106650,0.0,0.0
1990-03-27 00:00:00-05:00,5.213322797977445,5.340476989746094,5.213322797977445,5.340476989746094,126900,0.0,0.0
1990-03-28 00:00:00-05:00,5.376809585607688,5.485799019665324,5.376809585607688,5.4676337242126465,237938,0.0,0.0
1990-03-29 00:00:00-05:00,5.449468519352291,5.449468519352291,5.394974039960696,5.4131388664245605,229163,0.0,0.0
1990-03-30 00:00:00-05:00,5.431306162134508,5.4494709968566895,5.376811657967961,5.4494709968566895,242325,0.0,0.0
1990-04-02 00:00:00-04:00,5.413139058829488,5.431303885939005,5.376809404610454,5.394974231719971,213975,0.0,0.0
1990-04-03 00:00:00-04:00,5.431305578988331,5.503965377807617,5.431305578988331,5.503965377807617,184275,0.0,0.0
1990-04-04 00:00:00-04:00,5.522129058837891,5.522129058837891,5.467634104156398,5.522129058837891,198450,0.0,0.0
1990-04-05 00:00:00-04:00,5.4858011340329185,5.503965968755101,5.431306162134508,5.4494709968566895,355725,0.0,0.0
1990-04-06 00:00:00-04:00,5.413136260624506,5.4313010783441085,5.322312172026491,5.340476989746094,445838,0.0,0.0
1990-04-09 00:00:00-04:00,5.34048183595751,5.3949763385672656,5.34048183595751,5.376811504364014,117450,0.0,0.0
1990-04-10 00:00:00-04:00,5.376809404610454,5.394974231719971,5.34047975039142,5.394974231719971,189338,0.0,0.0
1990-04-11 00:00:00-04:00,5.431306006973769,5.431306006973769,5.376811504364014,5.376811504364014,65813,0.0,0.0
1990-04-12 00:00:00-04:00,5.358647491045651,5.449471675975159,5.358647491045651,5.431306838989258,95850,0.0,0.0
1990-04-16 00:00:00-04:00,5.4313044461898805,5.522129058837891,5.413139617206622,5.522129058837891,79313,0.0,0.0
1990-04-17 00:00:00-04:00,5.503964229854632,5.540293887821149,5.503964229854632,5.522129058837891,301050,0.0,0.0
1990-04-18 00:00:00-04:00,5.522130803477283,5.522130803477283,5.4494709968566895,5.4494709968566895,172800,0.0,0.0
1990-04-19 00:00:00-04:00,5.431306326506655,5.431306326506655,5.2678223413274985,5.304152011871338,171450,0.0,0.0
1990-04-20 00:00:00-04:00,5.304148935577714,5.304148935577714,5.086170103274009,5.140664577484131,334463,0.0,0.0
1990-04-23 00:00:00-04:00,5.104338628731627,5.104338628731627,4.9590194577478135,4.977184295654297,114750,0.0,0.0
1990-04-24 00:00:00-04:00,4.995348255214646,5.049842754249664,4.995348255214646,5.013513088226318,90450,0.0,0.0
1990-04-25 00:00:00-04:00,5.031679697676313,5.068009376525879,5.01351485825153,5.068009376525879,42188,0.0,0.0
1990-04-26 00:00:00-04:00,5.049842357635498,5.0680071892205065,5.03167752605049,5.049842357635498,85388,0.0,0.0
1990-04-27 00:00:00-04:00,5.013510415827886,5.031675239156993,4.904521008121674,4.995345592498779,336825,0.0,0.0
1990-04-30 00:00:00-04:00,4.959019872245195,5.068009376525879,4.959019872245195,5.068009376525879,222750,0.0,0.0
1990-05-01 00:00:00-04:00,5.0680074519517415,5.158832550048828,5.049842619425047,5.158832550048828,253125,0.0,0.0
1990-05-02 00:00:00-04:00,5.159566402435303,5.19628915701135,5.141205025147279,5.159566402435303,158963,0.11259,0.0
1990-05-03 00:00:00-04:00,5.177928072511888,5.2513745314024485,5.159566694185611,5.233013153076172,218363,0.0,0.0
1990-05-04 00:00:00-04:00,5.288092136383057,5.306453496821653,5.269730775944461,5.288092136383057,148500,0.0,0.0
1990-05-07 00:00:00-04:00,5.30645593765641,5.379901885986328,5.30645593765641,5.379901885986328,229838,0.0,0.0
1990-05-08 00:00:00-04:00,5.361541855347456,5.416626453399658,5.361541855347456,5.416626453399658,27000,0.0,0.0
1990-05-09 00:00:00-04:00,5.416626746051979,5.490072250366211,5.416626746051979,5.490072250366211,181913,0.0,0.0
1990-05-10 00:00:00-04:00,5.490068369535165,5.545152931625216,5.471707006435926,5.526791095733643,172463,0.0,0.0
1990-05-11 00:00:00-04:00,5.545154221104605,5.618599690580692,5.545154221104605,5.60023832321167,164700,0.0,0.0
1990-05-14 00:00:00-04:00,5.600241375309684,5.618602752685547,5.563518620557959,5.618602752685547,250425,0.0,0.0
1990-05-15 00:00:00-04:00,5.600239078279704,5.618600448124349,5.581877708435059,5.581877708435059,86400,0.0,0.0
1990-05-16 00:00:00-04:00,5.581877708435059,5.600239078279704,5.581877708435059,5.581877708435059,81000,0.0,0.0
1990-05-17 00:00:00-04:00,5.581877708435059,5.636961817968994,5.581877708435059,5.581877708435059,67163,0.0,0.0
1990-05-18 00:00:00-04:00,5.581876955842648,5.618599690580692,5.581876955842648,5.60023832321167,129938,0.0,0.0
1990-05-21 00:00:00-04:00,5.618604264760847,5.6736884117126465,5.581881500126315,5.6736884117126465,128925,0.0,0.0
1990-05-22 00:00:00-04:00,5.6920501731628255,5.7287738858290895,5.6920501731628255,5.710412502288818,247725,0.0,0.0
1990-05-23 00:00:00-04:00,5.710409834753776,5.747132584679818,5.710409834753776,5.728771209716797,102263,0.0,0.0
1990-05-24 00:00:00-04:00,5.7104081318441935,5.747130870819092,5.7104081318441935,5.747130870819092,153225,0.0,0.0
1990-05-25 00:00:00-04:00,5.710409834753776,5.747132584679818,5.710409834753776,5.728771209716797,35438,0.0,0.0
1990-05-29 00:00:00-04:00,5.728771209716797,5.747132584679818,5.710409834753776,5.728771209716797,49275,0.0,0.0
1990-05-30 00:00:00-04:00,5.728770840060572,5.802216335173494,5.728770840060572,5.783854961395264,104288,0.0,0.0
1990-05-31 00:00:00-04:00,5.747130593830357,5.8022146996378705,5.747130593830357,5.765491962432861,112725,0.0,0.0
1990-06-01 00:00:00-04:00,5.783853254139168,5.802214622497559,5.747130517422386,5.802214622497559,349313,0.0,0.0
1990-06-04 00:00:00-04:00,5.783854788605878,5.857300281524658,5.783854788605878,5.857300281524658,67500,0.0,0.0
1990-06-05 00:00:00-04:00,5.83894242331363,5.875665664672852,5.83894242331363,5.875665664672852,173138,0.0,0.0
1990-06-06 00:00:00-04:00,5.857300393344162,5.9307463604576665,5.857300393344162,5.912384986877441,99900,0.0,0.0
1990-06-07 00:00:00-04:00,5.930742676347094,5.985826762870155,5.930742676347094,5.967465400695801,76950,0.0,0.0
1990-06-08 00:00:00-04:00,6.0592757892950795,6.077637160878291,5.967468458586466,5.985829830169678,356738,0.0,0.0
1990-06-11 00:00:00-04:00,5.967466690805785,6.077635360461643,5.9307439585179695,6.040912628173828,195413,0.0,0.0
1990-06-12 00:00:00-04:00,6.040914417711867,6.0592757892950795,5.967468458586466,5.985829830169678,172125,0.0,0.0
1990-06-13 00:00:00-04:00,5.985829830169678,6.040914417711867,5.985829830169678,5.985829830169678,64800,0.0,0.0
1990-06-14 00:00:00-04:00,6.004190168137737,6.022551536560059,5.985828799715416,6.022551536560059,165375,0.0,0.0
1990-06-15 00:00:00-04:00,6.022551536560059,6.059274746197173,6.022551536560059,6.022551536560059,150188,0.0,0.0
1990-06-18 00:00:00-04:00,6.022552573336102,6.022552573336102,5.985829830169678,5.985829830169678,355725,0.0,0.0
1990-06-19 00:00:00-04:00,5.985830366925118,6.004191740154813,5.838938908294963,5.857300281524658,436388,0.0,0.0
1990-06-20 00:00:00-04:00,5.83893660325534,5.857297969236511,5.802213871293,5.82057523727417,83363,0.0,0.0
1990-06-21 00:00:00-04:00,5.802215494003948,5.857299607352884,5.765492751771325,5.838938236236572,253800,0.0,0.0
1990-06-22 00:00:00-04:00,5.857303807596801,5.894027048956022,5.857303807596801,5.875665664672852,136013,0.0,0.0
1990-06-25 00:00:00-04:00,5.857297969236511,5.857297969236511,5.802213871293,5.82057523727417,55688,0.0,0.0
1990-06-26 00:00:00-04:00,5.802212904393416,5.8205742673147896,5.692043781280518,5.692043781280518,84713,0.0,0.0
1990-06-27 00:00:00-04:00,5.69204516005678,5.69204516005678,5.581876955842648,5.60023832321167,77288,0.0,0.0
1990-06-28 00:00:00-04:00,5.600237020922933,5.600237020922933,5.526791095733643,5.526791095733643,137025,0.0,0.0
1990-06-29 00:00:00-04:00,5.526792324977279,5.581876899318988,5.490069590611101,5.5084309577941895,110363,0.0,0.0
1990-07-02 00:00:00-04:00,5.526793126108614,5.618600448124349,5.526793126108614,5.581877708435059,129263,0.0,0.0
1990-07-03 00:00:00-04:00,5.581876609965053,5.673683441121407,5.581876609965053,5.655322074890137,70875,0.0,0.0
1990-07-05 00:00:00-04:00,5.6553210554377715,5.692043781280518,5.636959692516398,5.692043781280518,70538,0.0,0.0
1990-07-06 00:00:00-04:00,5.728770668916794,5.857300281524658,5.728770668916794,5.857300281524658,203850,0.0,0.0
1990-07-09 00:00:00-04:00,5.857297969236511,5.857297969236511,5.802213871293,5.82057523727417,81000,0.0,0.0
1990-07-10 00:00:00-04:00,5.820576068240376,5.838937436842881,5.747130593830357,5.765491962432861,131963,0.0,0.0
1990-07-11 00:00:00-04:00,5.765496268884637,5.765496268884637,5.6736884117126465,5.6736884117126465,38475,0.0,0.0
1990-07-12 00:00:00-04:00,5.636959692516398,5.692043781280518,5.6185983295950255,5.692043781280518,120488,0.0,0.0
1990-07-13 00:00:00-04:00,5.6920501731628255,5.747135269369361,5.6920501731628255,5.710412502288818,183600,0.0,0.0
1990-07-16 00:00:00-04:00,5.728769408271748,5.728769408271748,5.545154770794949,5.563516139984131,163688,0.0,0.0
1990-07-17 00:00:00-04:00,5.581877509173312,5.600238878362494,5.526792928813276,5.563516139984131,239288,0.0,0.0
1990-07-18 00:00:00-04:00,5.526795002523326,5.526795002523326,5.416626746051979,5.490072250366211,173138,0.0,0.0
1990-07-19 00:00:00-04:00,5.471709899339299,5.471709899339299,5.398264408111572,5.398264408111572,191025,0.0,0.0
1990-07-20 00:00:00-04:00,5.398263049864832,5.416624418051895,5.324817104324117,5.361539840698242,292275,0.0,0.0
1990-07-23 00:00:00-04:00,5.36153757813744,5.36153757813744,5.141200307289758,5.288092136383057,125213,0.0,0.0
1990-07-24 00:00:00-04:00,5.288095390830428,5.324818134307861,5.233011275614277,5.324818134307861,185625,0.0,0.0
1990-07-25 00:00:00-04:00,5.306456089019775,5.3431788278359855,5.306456089019775,5.306456089019775,23288,0.0,0.0
1990-07-26 00:00:00-04:00,5.3248148572602485,5.3248148572602485,5.251369415505865,5.288092136383057,42188,0.0,0.0
1990-07-27 00:00:00-04:00,5.269734325670467,5.398264408111572,5.269734325670467,5.398264408111572,182925,0.0,0.0
1990-07-30 00:00:00-04:00,5.398263254870686,5.398263254870686,5.324817306540769,5.379901885986328,29363,0.0,0.0
1990-07-31 00:00:00-04:00,5.379901885986328,5.4166246237550455,5.343178675425127,5.379901885986328,116438,0.0,0.0
1990-08-01 00:00:00-04:00,5.3435350834365725,5.399196693230518,5.195103168487548,5.195103168487549,65138,0.11259,0.0
1990-08-02 00:00:00-04:00,5.15799651449886,5.195104262173503,5.1208887668242165,5.176550388336182,187313,0.0,0.0
1990-08-03 00:00:00-04:00,5.2136572423191385,5.250764983633011,5.15799563034833,5.232211112976074,88088,0.0,0.0
1990-08-06 00:00:00-04:00,5.195103308572812,5.195103308572812,5.00956412650737,5.0466718673706055,298013,0.0,0.0
1990-08-07 00:00:00-04:00,5.028117996938987,5.083779608233841,5.00956412650737,5.0466718673706055,255150,0.0,0.0
1990-08-08 00:00:00-04:00,5.028121594085825,5.028121594085825,4.953906059265137,4.953906059265137,124875,0.0,0.0
1990-08-09 00:00:00-04:00,4.953902450459892,4.972456320648992,4.861132621765137,4.861132621765137,456975,0.0,0.0
1990-08-10 00:00:00-04:00,4.824024123952953,4.824024123952953,4.731253832075071,4.768362522125244,823500,0.0,0.0
1990-08-13 00:00:00-04:00,4.7498084451320235,4.861132621765137,4.6755929643756255,4.861132621765137,410400,0.0,0.0
1990-08-14 00:00:00-04:00,4.824028395579328,4.953906059265137,4.824028395579328,4.953906059265137,205200,0.0,0.0
1990-08-15 00:00:00-04:00,4.991009368689192,5.0652248372203745,4.9724555015563965,4.9724555015563965,220725,0.0,0.0
1990-08-16 00:00:00-04:00,4.972459432223803,4.972459432223803,4.898243427276611,4.898243427276611,271688,0.0,0.0
1990-08-17 00:00:00-04:00,4.898239593056566,4.898239593056566,4.712699964799168,4.768362522125244,347625,0.0,0.0
1990-08-20 00:00:00-04:00,4.731256386133553,4.824026728091342,4.7127025088417716,4.8054728507995605,185963,0.0,0.0
1990-08-21 00:00:00-04:00,4.824024950535351,4.824024950535351,4.749808513216606,4.786917209625244,424913,0.0,0.0
1990-08-22 00:00:00-04:00,4.824024881386937,4.898240362143335,4.824024881386937,4.861132621765137,315563,0.0,0.0
1990-08-23 00:00:00-04:00,4.824027061462402,4.861134818610348,4.749810591667564,4.824027061462402,226800,0.0,0.0
1990-08-24 00:00:00-04:00,4.842577991228856,4.842577991228856,4.694146097523265,4.768362522125244,429638,0.0,0.0
1990-08-27 00:00:00-04:00,4.7869163524792615,5.009563235821988,4.749807662715311,4.9724555015563965,375975,0.0,0.0
1990-08-28 00:00:00-04:00,4.953903395275272,5.009565016458433,4.953903395275272,4.991011142730713,76275,0.0,0.0
1990-08-29 00:00:00-04:00,5.009562318743147,5.120885978909561,5.009562318743147,5.10233211517334,42188,0.0,0.0
1990-08-30 00:00:00-04:00,5.139441829925693,5.195103442657159,5.120887959015205,5.157995700836182,121838,0.0,0.0
1990-08-31 00:00:00-04:00,5.139441558693603,5.213657038418863,5.120887688762288,5.195103168487549,89775,0.0,0.0
1990-09-04 00:00:00-04:00,5.139441558693603,5.250764778281494,5.139441558693603,5.195103168487549,141413,0.0,0.0
1990-09-05 00:00:00-04:00,5.157997652704313,5.213659286499024,5.157997652704313,5.213659286499023,119138,0.0,0.0
1990-09-06 00:00:00-04:00,5.195104262173503,5.2136581360108245,5.176550388336182,5.176550388336182,291263,0.0,0.0
1990-09-07 00:00:00-04:00,5.176551530635884,5.213659286499024,5.157997652704313,5.213659286499023,73913,0.0,0.0
1990-09-10 00:00:00-04:00,5.232213164430594,5.250767042362165,5.213659286499024,5.213659286499023,43200,0.0,0.0
1990-09-11 00:00:00-04:00,5.213656136277641,5.213656136277641,5.120886802673341,5.12088680267334,48263,0.0,0.0
1990-09-12 00:00:00-04:00,5.12089096436863,5.157998727967447,4.898243427276611,4.898243427276611,88425,0.0,0.0
1990-09-13 00:00:00-04:00,4.8611287051180545,4.8611287051180545,4.712696907699331,4.731250762939453,1158638,0.0,0.0
1990-09-14 00:00:00-04:00,4.731253776420869,4.842577934265137,4.731253776420869,4.842577934265137,351000,0.0,0.0
1990-09-17 00:00:00-04:00,4.824025714204324,4.842579587596554,4.749809265136719,4.749809265136719,283838,0.0,0.0
1990-09-18 00:00:00-04:00,4.786917209625244,4.786917209625244,4.749808513216606,4.786917209625244,235913,0.0,0.0
1990-09-19 00:00:00-04:00,4.80547285079956,4.842580605383123,4.786918973507778,4.8054728507995605,197438,0.0,0.0
1990-09-20 00:00:00-04:00,4.805472904668414,4.805472904668414,4.675594806671143,4.675594806671143,69525,0.0,0.0
1990-09-21 00:00:00-04:00,4.712701741989207,4.712701741989207,4.657040119171143,4.657040119171143,128588,0.0,0.0
1990-09-24 00:00:00-04:00,4.619931933453915,4.619931933453915,4.304515145166542,4.397284507751465,414113,0.0,0.0
1990-09-25 00:00:00-04:00,4.415838798127472,4.675593993443831,4.415838798127472,4.657040119171143,310838,0.0,0.0
1990-09-26 00:00:00-04:00,4.6384834272691275,4.657037290271342,4.37872838973999,4.37872838973999,114750,0.0,0.0
1990-09-27 00:00:00-04:00,4.415838912484261,4.45294713973999,4.378731162977907,4.45294713973999,476213,0.0,0.0
1990-09-28 00:00:00-04:00,4.4158380944173325,4.564269542694092,4.341622609153597,4.564269542694092,357413,0.0,0.0
1990-10-01 00:00:00-04:00,4.56427228508916,4.657042175157931,4.56427228508916,4.638488292694092,42863,0.0,0.0
1990-10-02 00:00:00-04:00,4.619932370625767,4.749809490534584,4.619932370625767,4.657040119171143,69863,0.0,0.0
1990-10-03 00:00:00-04:00,4.638488292694092,4.675596057621771,4.6013805277664135,4.638488292694092,32400,0.0,0.0
1990-10-04 00:00:00-04:00,4.638486276012102,4.638486276012102,4.508608677482741,4.527162551879883,55350,0.0,0.0
1990-10-05 00:00:00-04:00,4.508608422467958,4.508608422467958,4.4343929290771475,4.434392929077148,29025,0.0,0.0
1990-10-08 00:00:00-04:00,4.45294682714071,4.45294682714071,4.304515361785889,4.304515361785889,194738,0.0,0.0
1990-10-09 00:00:00-04:00,4.304515715572961,4.304515715572961,4.007652282714844,4.007652282714844,355388,0.0,0.0
1990-10-10 00:00:00-04:00,3.970545659907169,4.118977179597718,3.970545659907169,4.0447611808776855,445163,0.0,0.0
1990-10-11 00:00:00-04:00,4.04476041820362,4.118976402929596,4.04476041820362,4.0818681716918945,688838,0.0,0.0
1990-10-12 00:00:00-04:00,4.11897394513707,4.193189407829239,4.11897394513707,4.156081676483154,418838,0.0,0.0
1990-10-15 00:00:00-04:00,4.1189730919731655,4.211742401123047,4.1004192301431885,4.211742401123047,226463,0.0,0.0
1990-10-16 00:00:00-04:00,4.2117432735022815,4.2117432735022815,4.156081676483154,4.156081676483154,116775,0.0,0.0
1990-10-17 00:00:00-04:00,4.156080815633118,4.230296262953023,4.156080815633118,4.211742401123047,106650,0.0,0.0
1990-10-18 00:00:00-04:00,4.248852785935149,4.323069235236574,4.248852785935149,4.304515361785889,200138,0.0,0.0
1990-10-19 00:00:00-04:00,4.3230664560315235,4.3787280405999605,4.3045125945087115,4.360174179077148,196763,0.0,0.0
1990-10-22 00:00:00-04:00,4.397283492374158,4.490053311286908,4.397283492374158,4.471499443054199,90450,0.0,0.0
1990-10-23 00:00:00-04:00,4.471500186114422,4.564269542694092,4.4529463147984885,4.564269542694092,93825,0.0,0.0
1990-10-24 00:00:00-04:00,4.56426988066713,4.619931976485861,4.545716007977327,4.582823753356934,106313,0.0,0.0
1990-10-25 00:00:00-04:00,4.564270101745323,4.619932200260143,4.490054607391357,4.490054607391357,72900,0.0,0.0
1990-10-26 00:00:00-04:00,4.508607990671549,4.638485569416229,4.508607990671549,4.619931697845459,368888,0.0,0.0
1990-10-29 00:00:00-05:00,4.619931634391181,4.6570393770230485,4.564269542694092,4.564269542694092,79988,0.0,0.0
1990-10-30 00:00:00-05:00,4.56426988066713,4.601378103796058,4.545716007977327,4.582823753356934,387113,0.0,0.0
1990-10-31 00:00:00-05:00,4.602358818244901,4.7338547706604,4.583573751285889,4.7338547706604,218700,0.11259,0.0
1990-11-01 00:00:00-05:00,4.715070901467554,4.808996260122408,4.546004772186279,4.546004772186279,140738,0.0,0.0
1990-11-02 00:00:00-05:00,4.546005030174572,4.658715950659341,4.527219957377538,4.602360248565674,117450,0.0,0.0
1990-11-05 00:00:00-05:00,4.639929694441242,4.65871524810791,4.60235955451289,4.65871524810791,231863,0.0,0.0
1990-11-06 00:00:00-05:00,4.639929555890524,4.733855386609223,4.639929555890524,4.696285247802734,89775,0.0,0.0
1990-11-07 00:00:00-05:00,4.696284284062687,4.696284284062687,4.489648079329021,4.564788341522217,144450,0.0,0.0
1990-11-08 00:00:00-05:00,4.564790650505169,4.658716509459042,4.564790650505169,4.58357572555542,362138,0.0,0.0
1990-11-09 00:00:00-05:00,4.602359226114988,4.65871491568879,4.564789088867425,4.6211442947387695,407363,0.0,0.0
1990-11-12 00:00:00-05:00,4.621144007293261,4.846566267864245,4.621144007293261,4.8277812004089355,63113,0.0,0.0
1990-11-13 00:00:00-05:00,4.808995383808146,4.8653515561366865,4.771425247192383,4.771425247192383,116100,0.0,0.0
1990-11-14 00:00:00-05:00,4.7714241371317465,4.7714241371317465,4.658713753506267,4.677498817443848,419850,0.0,0.0
1990-11-15 00:00:00-05:00,4.696283278774353,4.715068340301514,4.602357487436275,4.715068340301514,135675,0.0,0.0
1990-11-16 00:00:00-05:00,4.715069828272231,4.884136402774861,4.715069828272231,4.8277812004089355,170438,0.0,0.0
1990-11-19 00:00:00-05:00,4.808993647937318,4.865349799923349,4.715068340301514,4.715068340301514,185625,0.0,0.0
1990-11-20 00:00:00-05:00,4.752642251460115,4.9592790603637695,4.733857174960266,4.9592790603637695,210938,0.0,0.0
1990-11-21 00:00:00-05:00,4.94048989116373,4.95927495210204,4.9029197692871085,4.902919769287109,29363,0.0,0.0
1990-11-23 00:00:00-05:00,4.902919288433617,5.0532002449035645,4.902919288433617,5.0532002449035645,63450,0.0,0.0
1990-11-26 00:00:00-05:00,5.034416546913053,5.071986675262451,4.9968464185636545,5.071986675262451,287888,0.0,0.0
1990-11-27 00:00:00-05:00,5.109556822937562,5.203482627868652,5.090771758691813,5.203482627868652,106650,0.0,0.0
1990-11-28 00:00:00-05:00,5.184699429214696,5.334980964660644,5.184699429214696,5.3349809646606445,77625,0.0,0.0
1990-11-29 00:00:00-05:00,5.316192234975302,5.316192234975302,5.1471261978149405,5.147126197814941,414113,0.0,0.0
1990-11-30 00:00:00-05:00,5.184696674346924,5.2410518574181655,5.165911613323177,5.184696674346924,236250,0.0,0.0
1990-12-03 00:00:00-05:00,5.222270195131172,5.316195561378034,5.2034851218817995,5.297410488128662,192713,0.0,0.0
1990-12-04 00:00:00-05:00,5.259837627410888,5.278622690966658,5.241052563855119,5.259837627410889,147825,0.0,0.0
1990-12-05 00:00:00-05:00,5.259839605532573,5.278624676153036,5.222269464291646,5.241054534912109,49950,0.0,0.0
1990-12-06 00:00:00-05:00,5.259840341629917,5.353766675281931,5.259840341629917,5.297410488128662,280463,0.0,0.0
1990-12-07 00:00:00-05:00,5.316195561378034,5.316195561378034,5.297410488128662,5.297410488128662,138713,0.0,0.0
1990-12-10 00:00:00-05:00,5.259840341629917,5.334981602032559,5.259840341629917,5.297410488128662,122175,0.0,0.0
1990-12-11 00:00:00-05:00,5.297410488128662,5.353766675281931,5.297410488128662,5.297410488128662,133988,0.0,0.0
1990-12-12 00:00:00-05:00,5.334979135760338,5.334979135760338,5.278622974659585,5.316193103790283,51975,0.0,0.0
1990-12-13 00:00:00-05:00,5.278621684628678,5.278621684628678,5.128340721130371,5.128340721130371,571725,0.0,0.0
1990-12-14 00:00:00-05:00,5.1659133139575575,5.184698381165406,5.109557628631592,5.109557628631592,194400,0.0,0.0
1990-12-17 00:00:00-05:00,5.090772561423743,5.1659133139575575,5.071987494215895,5.109557628631592,214313,0.0,0.0
1990-12-18 00:00:00-05:00,5.14712578110488,5.14712578110488,5.128340721130371,5.128340721130371,48938,0.0,0.0
1990-12-19 00:00:00-05:00,5.128341698818174,5.316192818078197,5.128341698818174,5.259837627410889,268988,0.0,0.0
1990-12-20 00:00:00-05:00,5.259840341629917,5.316195561378034,5.241055268380545,5.297410488128662,113400,0.0,0.0
1990-12-21 00:00:00-05:00,5.222269464291646,5.316194817393963,5.203484393671183,5.241054534912109,453263,0.0,0.0
1990-12-24 00:00:00-05:00,5.222266927498587,5.24105198899393,5.1471261978149405,5.147126197814941,46913,0.0,0.0
1990-12-26 00:00:00-05:00,5.1471261978149405,5.165911743012558,5.128341136319598,5.147126197814941,88763,0.0,0.0
1990-12-27 00:00:00-05:00,5.184697563622903,5.222267692114402,5.184697563622903,5.203482627868652,55350,0.0,0.0
1990-12-28 00:00:00-05:00,5.222267692114402,5.24105275636015,5.203482627868652,5.203482627868652,115088,0.0,0.0
1990-12-31 00:00:00-05:00,5.222269535064697,5.241054605939739,5.222269535064697,5.222269535064697,57713,0.0,0.0
1991-01-02 00:00:00-05:00,5.24105275636015,5.2598378206059,5.203482627868652,5.203482627868652,288225,0.0,0.0
1991-01-03 00:00:00-05:00,5.203482436743579,5.259837627410888,5.203482436743579,5.259837627410889,198450,0.0,0.0
1991-01-04 00:00:00-05:00,5.24105275636015,5.2598378206059,5.203482627868652,5.203482627868652,72900,0.0,0.0
1991-01-07 00:00:00-05:00,5.184697563622903,5.222267692114402,5.184697563622903,5.203482627868652,83025,0.0,0.0
1991-01-08 00:00:00-05:00,5.203481735370671,5.203481735370671,5.184696674346924,5.184696674346924,70875,0.0,0.0
1991-01-09 00:00:00-05:00,5.203482627868652,5.2598378206059,5.1659124993771535,5.203482627868652,362813,0.0,0.0
1991-01-10 00:00:00-05:00,5.184696674346924,5.203481735370671,5.147126068597168,5.184696674346924,292275,0.0,0.0
1991-01-11 00:00:00-05:00,5.16591215133667,5.203482277296974,5.128341541674053,5.16591215133667,289238,0.0,0.0
1991-01-14 00:00:00-05:00,5.14712578110488,5.14712578110488,5.109555661155862,5.128340721130371,60413,0.0,0.0
1991-01-15 00:00:00-05:00,5.128341867786548,5.147126931961247,5.071986675262451,5.071986675262451,70875,0.0,0.0
1991-01-16 00:00:00-05:00,5.071985303999531,5.071985303999531,5.0532002449035645,5.0532002449035645,35100,0.0,0.0
1991-01-17 00:00:00-05:00,5.090770885525927,5.222266796394418,5.090770885525927,5.184696674346924,356738,0.0,0.0
1991-01-18 00:00:00-05:00,5.184694997934138,5.203480052883949,4.771421854229876,4.7902069091796875,418163,0.0,0.0
1991-01-21 00:00:00-05:00,4.752640597928791,4.752640597928791,4.621144624477066,4.65871524810791,217688,0.0,0.0
1991-01-22 00:00:00-05:00,4.658714849370553,4.658714849370553,4.470863198401947,4.508433818817139,372263,0.0,0.0
1991-01-23 00:00:00-05:00,4.50843542535442,4.6399309507061695,4.50843542535442,4.58357572555542,158625,0.0,0.0
1991-01-24 00:00:00-05:00,4.564787364381953,4.715068340301514,4.564787364381953,4.715068340301514,1196100,0.0,0.0
1991-01-25 00:00:00-05:00,4.733854895727539,4.846566267864245,4.733854895727539,4.8277812004089355,302063,0.0,0.0
1991-01-28 00:00:00-05:00,4.808995571605646,4.865351746134968,4.808995571605646,4.846566677093506,177525,0.0,0.0
1991-01-29 00:00:00-05:00,4.846566830400679,4.846566830400679,4.808995723724365,4.808995723724365,335138,0.0,0.0
1991-01-30 00:00:00-05:00,4.84656546542842,4.959275851499046,4.84656546542842,4.921705722808838,259538,0.0,0.0
1991-01-31 00:00:00-05:00,4.941471951702791,4.979483127593994,4.884455187865987,4.979483127593994,811013,0.11259,0.0
1991-02-01 00:00:00-05:00,4.941472450438595,4.941472450438595,4.884455680847168,4.884455680847168,182250,0.0,0.0
1991-02-04 00:00:00-05:00,4.903459466504819,5.036498546600341,4.88445388363403,5.036498546600342,182925,0.0,0.0
1991-02-05 00:00:00-05:00,5.055504992276977,5.169538497924806,5.055504992276977,5.169538497924805,414788,0.0,0.0
1991-02-06 00:00:00-05:00,5.16953997145836,5.359596357759284,5.16953997145836,5.321585178375244,381038,0.0,0.0
1991-02-07 00:00:00-05:00,5.321585178375244,5.435619695288808,5.302579588683224,5.321585178375244,375975,0.0,0.0
1991-02-08 00:00:00-05:00,5.340589526092433,5.340589526092433,5.245561599731445,5.245561599731445,142088,0.0,0.0
1991-02-11 00:00:00-05:00,5.245561599731445,5.245561599731445,5.207549939806443,5.245561599731445,323325,0.0,0.0
1991-02-12 00:00:00-05:00,5.169535678398819,5.264564037322998,5.169535678398819,5.264564037322998,794138,0.0,0.0
1991-02-13 00:00:00-05:00,5.264568897238203,5.473631381988525,5.264568897238203,5.473631381988525,308813,0.0,0.0
1991-02-14 00:00:00-05:00,5.511640815912897,5.739708819745014,5.492635230490323,5.68269157409668,511650,0.0,0.0
1991-02-15 00:00:00-05:00,5.663684542276864,5.663684542276864,5.587662220001221,5.587662220001221,421538,0.0,0.0
1991-02-19 00:00:00-05:00,5.549652010539714,5.549652010539714,5.397607326507568,5.397607326507568,268988,0.0,0.0
1991-02-20 00:00:00-05:00,5.397607260670241,5.397607260670241,5.245561599731445,5.245561599731445,701663,0.0,0.0
1991-02-21 00:00:00-05:00,5.2075490952450805,5.340588659954688,5.2075490952450805,5.302577495574951,316575,0.0,0.0
1991-02-22 00:00:00-05:00,5.302577495574951,5.340588659954688,5.302577495574951,5.302577495574951,89775,0.0,0.0
1991-02-25 00:00:00-05:00,5.340588170841956,5.378599331740476,5.15053187696887,5.20754861831665,698963,0.0,0.0
1991-02-26 00:00:00-05:00,5.169538497924806,5.169538497924806,5.093516160826253,5.169538497924805,295650,0.0,0.0
1991-02-27 00:00:00-05:00,5.207550121892523,5.378600884703833,5.169538950019037,5.35959529876709,171113,0.0,0.0
1991-02-28 00:00:00-05:00,5.359595013498227,5.378600598423382,5.283572673797607,5.283572673797607,55350,0.0,0.0
1991-03-01 00:00:00-05:00,5.302578355548039,5.302578355548039,5.245561599731445,5.245561599731445,74925,0.0,0.0
1991-03-04 00:00:00-05:00,5.22655787836402,5.35959702271407,5.22655787836402,5.3405914306640625,159300,0.0,0.0
1991-03-05 00:00:00-05:00,5.3405910535708765,5.587665200917685,5.3405910535708765,5.54965353012085,316238,0.0,0.0
1991-03-06 00:00:00-05:00,5.530646778443012,5.644680788134488,5.530646778443012,5.625675201416016,134325,0.0,0.0
1991-03-07 00:00:00-05:00,5.606669614697544,5.625675201416016,5.587664027979072,5.625675201416016,232875,0.0,0.0
1991-03-08 00:00:00-05:00,5.606670275785952,5.682692631623715,5.606670275785952,5.644681453704834,73238,0.0,0.0
1991-03-11 00:00:00-05:00,5.644681453704834,5.682692631623715,5.625675864745393,5.644681453704834,106650,0.0,0.0
1991-03-12 00:00:00-05:00,5.625672619775311,5.644678197772056,5.6066670417785645,5.6066670417785645,133988,0.0,0.0
1991-03-13 00:00:00-05:00,5.587661463781818,5.644678197772056,5.587661463781818,5.6066670417785645,168413,0.0,0.0
1991-03-14 00:00:00-05:00,5.606670791625728,5.625676382333771,5.511642348704763,5.54965353012085,312863,0.0,0.0
1991-03-15 00:00:00-05:00,5.549651840436052,5.549651840436052,5.378600597381592,5.378600597381592,83700,0.0,0.0
1991-03-18 00:00:00-05:00,5.397607326507568,5.416612912011586,5.3595951767383045,5.397607326507568,343575,0.0,0.0
1991-03-19 00:00:00-05:00,5.3786014243478295,5.416613578796388,5.34059024866062,5.416613578796387,350325,0.0,0.0
1991-03-20 00:00:00-05:00,5.3786014243478295,5.4356191666399925,5.3786014243478295,5.416613578796387,144788,0.0,0.0
1991-03-21 00:00:00-05:00,5.454624652862549,5.454624652862549,5.416613477883497,5.454624652862549,189675,0.0,0.0
1991-03-22 00:00:00-05:00,5.473630342327202,5.473630342327202,5.416613578796388,5.416613578796387,81675,0.0,0.0
1991-03-25 00:00:00-05:00,5.397607975642203,5.54965267795976,5.397607975642203,5.511641502380371,118463,0.0,0.0
1991-03-26 00:00:00-05:00,5.530647090170066,5.530647090170066,5.511641502380371,5.511641502380371,119138,0.0,0.0
1991-03-27 00:00:00-05:00,5.492635516863629,5.606669524725157,5.473629930450147,5.568658351898193,235913,0.0,0.0
1991-03-28 00:00:00-05:00,5.549649818407906,5.6066670417785645,5.549649818407906,5.6066670417785645,121163,0.0,0.0
1991-04-01 00:00:00-05:00,5.606669419268329,5.701697349548341,5.587663833212326,5.70169734954834,249413,0.0,0.0
1991-04-02 00:00:00-05:00,5.720702935604343,5.777720183152978,5.6256750053243305,5.70169734954834,172800,0.0,0.0
1991-04-03 00:00:00-05:00,5.7587105869991495,5.796721732641963,5.739705014177742,5.777716159820557,1009463,0.0,0.0
1991-04-04 00:00:00-05:00,5.796724028426003,5.796724028426003,5.720701217651367,5.720701217651367,340875,0.0,0.0
1991-04-05 00:00:00-05:00,5.720698951976049,5.815727305463369,5.7016933791546425,5.777716159820557,490725,0.0,0.0
1991-04-08 00:00:00-04:00,5.777720825917598,5.815732002258302,5.758715237747246,5.815732002258301,209250,0.0,0.0
1991-04-09 00:00:00-04:00,5.796721732641963,5.834732878284776,5.7587105869991495,5.777716159820557,213300,0.0,0.0
1991-04-10 00:00:00-04:00,5.7587105869991495,5.777716159820556,5.7587105869991495,5.777716159820557,75263,0.0,0.0
1991-04-11 00:00:00-04:00,5.796727073879928,5.853743844880715,5.796727073879928,5.834738254547119,75938,0.0,0.0
1991-04-12 00:00:00-04:00,5.834737590428653,5.834737590428653,5.777720825917598,5.815732002258301,209925,0.0,0.0
1991-04-15 00:00:00-04:00,5.853743076324463,5.891754252001048,5.853743076324463,5.853743076324463,161325,0.0,0.0
1991-04-16 00:00:00-04:00,5.872747612282147,5.891753196716309,5.853742027847986,5.891753196716309,143775,0.0,0.0
1991-04-17 00:00:00-04:00,5.872747612282147,5.929765344345802,5.853742027847986,5.891753196716309,436050,0.0,0.0
1991-04-18 00:00:00-04:00,5.872750506961659,5.986785048535438,5.872750506961659,5.9487738609313965,177525,0.0,0.0
1991-04-19 00:00:00-04:00,5.948771286872167,5.948771286872167,5.910760115715725,5.929765701293945,324000,0.0,0.0
1991-04-22 00:00:00-04:00,5.891753483460947,5.929765632940447,5.872747898101807,5.872747898101807,394200,0.0,0.0
1991-04-23 00:00:00-04:00,5.872748766769356,5.891754354939708,5.815732002258302,5.815732002258301,302400,0.0,0.0
1991-04-24 00:00:00-04:00,5.815731142024386,5.872747898101807,5.815731142024386,5.872747898101807,56700,0.0,0.0
1991-04-25 00:00:00-04:00,5.9107608186006875,5.92976640643898,5.815731900647878,5.853743076324463,216675,0.0,0.0
1991-04-26 00:00:00-04:00,5.834737590428653,5.834737590428653,5.815732002258302,5.815732002258301,111038,0.0,0.0
1991-04-29 00:00:00-04:00,5.815729310599485,5.815729310599485,5.701695344974343,5.739706993103027,51638,0.0,0.0
1991-04-30 00:00:00-04:00,5.72070050975904,5.72070050975904,5.5686558857850725,5.6066670417785645,136350,0.0,0.0
1991-05-01 00:00:00-04:00,5.552871096070531,5.668155670166016,5.552871096070531,5.668155670166016,217350,0.11852,0.0
1991-05-02 00:00:00-04:00,5.668157207912304,5.841083868596038,5.668157207912304,5.821869850158691,246375,0.0,0.0
1991-05-03 00:00:00-04:00,5.841080724753743,5.841080724753743,5.764224197623196,5.783438205718994,183263,0.0,0.0
1991-05-06 00:00:00-04:00,5.783441318536382,5.841083868596038,5.783441318536382,5.821869850158691,715163,0.0,0.0
1991-05-07 00:00:00-04:00,5.841082514024629,5.917938569950775,5.841082514024629,5.898724555969238,57038,0.0,0.0
1991-05-08 00:00:00-04:00,5.898724267710329,6.014009335460798,5.879510254667743,5.994795322418213,101925,0.0,0.0
1991-05-09 00:00:00-04:00,5.994795322418213,6.033223348503385,5.994795322418213,5.994795322418213,70875,0.0,0.0
1991-05-10 00:00:00-04:00,5.994795322418213,6.014009335460798,5.994795322418213,5.994795322418213,143100,0.0,0.0
1991-05-13 00:00:00-04:00,5.994794986903627,6.01400899887085,5.975580974936404,6.01400899887085,47588,0.0,0.0
1991-05-14 00:00:00-04:00,5.994796995820237,6.052439051038336,5.9563679695129395,5.9563679695129395,182925,0.0,0.0
1991-05-15 00:00:00-04:00,5.917937859570966,5.917937859570966,5.783439283097704,5.802653789520264,257513,0.0,0.0
1991-05-16 00:00:00-04:00,5.82186780119538,5.841081812870497,5.783439283097704,5.802653789520264,71888,0.0,0.0
1991-05-17 00:00:00-04:00,5.783441318536382,5.860297887033385,5.783441318536382,5.821869850158691,233550,0.0,0.0
1991-05-20 00:00:00-04:00,5.8026575152143405,5.879513611261561,5.8026575152143405,5.860299587249756,88425,0.0,0.0
1991-05-21 00:00:00-04:00,5.898726727785799,5.93715476989746,5.879512706729968,5.937154769897461,126225,0.0,0.0
1991-05-22 00:00:00-04:00,5.956367905995473,5.956367905995473,5.879511833190917,5.879511833190918,232538,0.0,0.0
1991-05-23 00:00:00-04:00,5.879513611261561,5.975584720816106,5.860299587249756,5.860299587249756,208575,0.0,0.0
1991-05-24 00:00:00-04:00,5.860298685674137,5.93715476989746,5.860298685674137,5.937154769897461,76275,0.0,0.0
1991-05-28 00:00:00-04:00,5.975582845817245,6.167723520393783,5.975582845817245,6.148509502410889,159638,0.0,0.0
1991-05-29 00:00:00-04:00,6.186937538376676,6.186937538376676,6.129294989680391,6.148509502410889,134325,0.0,0.0
1991-05-30 00:00:00-04:00,6.129291297248756,6.2253618240356445,6.129291297248756,6.2253618240356445,183600,0.0,0.0
1991-05-31 00:00:00-04:00,6.206149665896153,6.283005714416505,6.206149665896153,6.283005714416504,186300,0.0,0.0
1991-06-03 00:00:00-04:00,6.283005714416505,6.321434233424134,6.244577690156329,6.283005714416504,185963,0.0,0.0
1991-06-04 00:00:00-04:00,6.379076677841206,6.417504704559365,6.302220129657401,6.340648651123047,98888,0.0,0.0
1991-06-05 00:00:00-04:00,6.340648651123047,6.379076677841206,6.302220129657401,6.340648651123047,206550,0.0,0.0
1991-06-06 00:00:00-04:00,6.3406507862983075,6.3406507862983075,6.283008232062807,6.30222225189209,74250,0.0,0.0
1991-06-07 00:00:00-04:00,6.283003060692672,6.302217064707428,6.1869330406188965,6.1869330406188965,113400,0.0,0.0
1991-06-10 00:00:00-04:00,6.148509317738474,6.186937352550063,6.052438735961913,6.052438735961914,325350,0.0,0.0
1991-06-11 00:00:00-04:00,6.033223348503385,6.071651374588556,5.994795322418213,5.994795322418213,171113,0.0,0.0
1991-06-12 00:00:00-04:00,6.033224169777026,6.033224169777026,5.956367117649548,5.975582122802734,178200,0.0,0.0
1991-06-13 00:00:00-04:00,5.975582977414204,5.975582977414204,5.8987259142948405,5.9563679695129395,262238,0.0,0.0
1991-06-14 00:00:00-04:00,5.956368790953291,5.956368790953291,5.879512706729968,5.937154769897461,121838,0.0,0.0
1991-06-17 00:00:00-04:00,5.917939869593194,5.9371538877943335,5.879511833190917,5.879511833190918,183600,0.0,0.0
1991-06-18 00:00:00-04:00,5.879509732909716,5.917937755584717,5.879509732909716,5.917937755584717,118463,0.0,0.0
1991-06-19 00:00:00-04:00,5.917938569950775,5.917938569950775,5.860296528006166,5.898724555969238,151875,0.0,0.0
1991-06-20 00:00:00-04:00,5.860297814989779,5.879511833190917,5.84108379678864,5.879511833190918,85725,0.0,0.0
1991-06-21 00:00:00-04:00,5.860295824545614,5.879509836220731,5.783439283097704,5.802653789520264,227813,0.0,0.0
1991-06-24 00:00:00-04:00,5.802652708562144,5.802652708562144,5.764224197623196,5.783438205718994,54338,0.0,0.0
1991-06-25 00:00:00-04:00,5.764226436614991,5.783440452174068,5.725798405496836,5.76422643661499,267975,0.0,0.0
1991-06-26 00:00:00-04:00,5.7257958920147995,5.764223906264011,5.706581884890193,5.745009899139404,80325,0.0,0.0
1991-06-27 00:00:00-04:00,5.764226436614991,5.764226436614991,5.745012421055914,5.76422643661499,40163,0.0,0.0
1991-06-28 00:00:00-04:00,5.764225271422586,5.802653789520263,5.764225271422586,5.802653789520264,113063,0.0,0.0
1991-07-01 00:00:00-04:00,5.841082514024629,5.898724555969238,5.8218685000430925,5.898724555969238,153900,0.0,0.0
1991-07-02 00:00:00-04:00,5.898726727785799,5.93715476989746,5.879512706729968,5.937154769897461,90450,0.0,0.0
1991-07-03 00:00:00-04:00,5.937151766922217,5.937151766922217,5.917937755584717,5.917937755584717,123188,0.0,0.0
1991-07-05 00:00:00-04:00,5.937151766922217,5.937151766922217,5.917937755584717,5.917937755584717,145125,0.0,0.0
1991-07-08 00:00:00-04:00,5.8987259142948405,6.033225032632303,5.8987259142948405,5.9563679695129395,194738,0.0,0.0
1991-07-09 00:00:00-04:00,5.956365778259718,5.975580779092087,5.898723744247216,5.917937755584717,50963,0.0,0.0
1991-07-10 00:00:00-04:00,5.917940748841629,6.033225864671982,5.898726727785799,5.937154769897461,160988,0.0,0.0
1991-07-11 00:00:00-04:00,5.956365778259718,5.956365778259718,5.898723744247216,5.917937755584717,54000,0.0,0.0
1991-07-12 00:00:00-04:00,5.917937949539836,6.01400899887085,5.917937949539836,6.01400899887085,180563,0.0,0.0
1991-07-15 00:00:00-04:00,6.090866953714604,6.14850950241089,6.071652935731711,6.148509502410889,167400,0.0,0.0
1991-07-16 00:00:00-04:00,6.167721196071295,6.167721196071295,6.090864658355712,6.090864658355713,121838,0.0,0.0
1991-07-17 00:00:00-04:00,6.090866770773502,6.110080788179296,6.033224718556119,6.052438735961914,66825,0.0,0.0
1991-07-18 00:00:00-04:00,6.090863558664598,6.110077565937596,6.033221536845606,6.071649551391602,111713,0.0,0.0
1991-07-19 00:00:00-04:00,6.07165093002804,6.129292964935303,6.07165093002804,6.129292964935303,72225,0.0,0.0
1991-07-22 00:00:00-04:00,6.110076854313406,6.16771936416626,6.110076854313406,6.16771936416626,52650,0.0,0.0
1991-07-23 00:00:00-04:00,6.167719036604142,6.2637890566779175,6.167719036604142,6.1869330406188965,313538,0.0,0.0
1991-07-24 00:00:00-04:00,6.186936789789345,6.186936789789345,5.917939086333354,5.975582122802734,547425,0.0,0.0
1991-07-25 00:00:00-04:00,5.937151766922217,5.937151766922217,5.879509732909716,5.917937755584717,265275,0.0,0.0
1991-07-26 00:00:00-04:00,5.879513611261561,5.8987276352733655,5.84108556323795,5.860299587249756,244688,0.0,0.0
1991-07-29 00:00:00-04:00,5.860295824545614,5.898723847895848,5.764225271422586,5.802653789520264,394200,0.0,0.0
1991-07-30 00:00:00-04:00,5.841083023700967,5.975582122802735,5.802654992384773,5.975582122802734,146138,0.0,0.0
1991-07-31 00:00:00-04:00,5.940637893089459,5.97946544471027,5.921224117279054,5.921224117279053,103275,0.11852,0.0
1991-08-01 00:00:00-04:00,5.940636810612828,6.018291899704483,5.9018092660670005,5.960050582885742,48938,0.0,0.0
1991-08-02 00:00:00-04:00,5.979465180887225,5.9988789558410645,5.960051405933384,5.9988789558410645,46913,0.0,0.0
1991-08-05 00:00:00-04:00,5.998878431434028,5.998878431434028,5.921223338407082,5.940637111663818,34763,0.0,0.0
1991-08-06 00:00:00-04:00,5.940636810612828,5.9794643551586555,5.921223038339915,5.960050582885742,103950,0.0,0.0
1991-08-07 00:00:00-04:00,5.960050174134905,5.960050174134905,5.86298131942749,5.86298131942749,57038,0.0,0.0
1991-08-08 00:00:00-04:00,5.82415372451843,5.862981769271627,5.804739952087403,5.804739952087402,116775,0.0,0.0
1991-08-09 00:00:00-04:00,5.843567673162936,5.843567673162936,5.7853263541135815,5.824153900146484,208575,0.0,0.0
1991-08-12 00:00:00-04:00,5.8241493921608996,5.92121868200112,5.804735634171009,5.9018049240112305,48600,0.0,0.0
1991-08-13 00:00:00-04:00,5.9018092660670005,5.9794643551586555,5.9018092660670005,5.960050582885742,108000,0.0,0.0
1991-08-14 00:00:00-04:00,5.9212213236432545,5.979462623596191,5.9212213236432545,5.979462623596191,216338,0.0,0.0
1991-08-15 00:00:00-04:00,5.979465180887225,6.018292730794905,5.979465180887225,5.9988789558410645,330075,0.0,0.0
1991-08-16 00:00:00-04:00,6.018293380737306,6.0377081575702505,5.998879603686884,6.018293380737305,187988,0.0,0.0
1991-08-19 00:00:00-04:00,5.882394790649414,5.9212223305540395,5.804739210949083,5.882394790649414,238613,0.0,0.0
1991-08-20 00:00:00-04:00,5.901808560601727,5.940636100506353,5.8629810206971005,5.882394790649414,199800,0.0,0.0
1991-08-21 00:00:00-04:00,5.940637893089459,5.97946544471027,5.882396565658242,5.921224117279053,227138,0.0,0.0
1991-08-22 00:00:00-04:00,5.921223038339915,5.998878127431569,5.921223038339915,5.960050582885742,239288,0.0,0.0
1991-08-23 00:00:00-04:00,5.921223338407082,5.979464658177292,5.921223338407082,5.940637111663818,155925,0.0,0.0
1991-08-26 00:00:00-04:00,5.940637111663818,5.979464658177292,5.940637111663818,5.940637111663818,166388,0.0,0.0
1991-08-27 00:00:00-04:00,5.940637893089459,5.998879220520676,5.921224117279054,5.921224117279053,1121513,0.0,0.0
1991-08-28 00:00:00-04:00,5.901808224121566,5.901808224121566,5.785325111157667,5.843566417694092,137363,0.0,0.0
1991-08-29 00:00:00-04:00,5.804740127130033,5.862981946070547,5.7853263541135815,5.824153900146484,128588,0.0,0.0
1991-08-30 00:00:00-04:00,5.824152980901395,5.882394790649414,5.824152980901395,5.882394790649414,114075,0.0,0.0
1991-09-03 00:00:00-04:00,5.8629810206971005,5.882394790649414,5.824152980901395,5.882394790649414,125550,0.0,0.0
1991-09-04 00:00:00-04:00,5.824152406406938,5.824152406406938,5.688256030145567,5.765911102294922,244688,0.0,0.0
1991-09-05 00:00:00-04:00,5.765911822418014,5.765911822418014,5.688256740570068,5.688256740570068,169425,0.0,0.0
1991-09-06 00:00:00-04:00,5.727084607099293,5.727084607099293,5.571773934682342,5.668842792510986,266625,0.0,0.0
1991-09-09 00:00:00-04:00,5.649430234834754,5.649430234834754,5.591188907623291,5.591188907623291,199463,0.0,0.0
1991-09-10 00:00:00-04:00,5.591188907623291,5.668844010571909,5.591188907623291,5.591188907623291,73913,0.0,0.0
1991-09-11 00:00:00-04:00,5.591186159710994,5.610599925906823,5.532944861123507,5.552358627319336,66825,0.0,0.0
1991-09-12 00:00:00-04:00,5.532946513265992,5.6300153732299805,5.532946513265992,5.6300153732299805,52988,0.0,0.0
1991-09-13 00:00:00-04:00,5.610602467169581,5.610602467169581,5.494118817452612,5.513533592224121,96863,0.0,0.0
1991-09-16 00:00:00-04:00,5.494117080772603,5.5135318494071415,5.45528954306773,5.474703311920166,131625,0.0,0.0
1991-09-17 00:00:00-04:00,5.474704615568287,5.591188256202336,5.435877068617717,5.571774482727051,297338,0.0,0.0
1991-09-18 00:00:00-04:00,5.532944861123507,5.5717723935151655,5.513531094927679,5.552358627319336,304763,0.0,0.0
1991-09-19 00:00:00-04:00,5.552360020209596,5.727084459695206,5.552360020209596,5.70767068862915,187650,0.0,0.0
1991-09-20 00:00:00-04:00,5.707670566608116,5.843566961165255,5.66884252541498,5.746498107910156,254475,0.0,0.0
1991-09-23 00:00:00-04:00,5.746498378665022,5.746498378665022,5.668842792510985,5.668842792510986,194400,0.0,0.0
1991-09-24 00:00:00-04:00,5.688256740570068,5.707670511032054,5.6688424702169895,5.688256740570068,79650,0.0,0.0
1991-09-25 00:00:00-04:00,5.688256917563095,5.70767068862915,5.688256917563095,5.70767068862915,111375,0.0,0.0
1991-09-26 00:00:00-04:00,5.727084281494041,5.765911822418014,5.688256740570068,5.688256740570068,203175,0.0,0.0
1991-09-27 00:00:00-04:00,5.688256917563095,5.7464982307612615,5.688256917563095,5.70767068862915,268313,0.0,0.0
1991-09-30 00:00:00-04:00,5.707670566608116,5.746498107910156,5.688256795957097,5.746498107910156,180563,0.0,0.0
1991-10-01 00:00:00-04:00,5.76591258109713,5.824153900146484,5.727085035064226,5.824153900146484,414113,0.0,0.0
1991-10-02 00:00:00-04:00,5.785325469999991,5.785325469999991,5.727084159851074,5.727084159851074,123863,0.0,0.0
1991-10-03 00:00:00-04:00,5.746498107910156,5.765911878561176,5.707670566608116,5.746498107910156,133988,0.0,0.0
1991-10-04 00:00:00-04:00,5.765911699950353,5.765911699950353,5.727084159851074,5.727084159851074,104625,0.0,0.0
1991-10-07 00:00:00-04:00,5.688257189099505,5.707670961092303,5.6300153732299805,5.6300153732299805,109350,0.0,0.0
1991-10-08 00:00:00-04:00,5.649429145222778,5.649429145222778,5.610601601237183,5.6300153732299805,92813,0.0,0.0
1991-10-09 00:00:00-04:00,5.6300146461610945,5.6300146461610945,5.474703490493575,5.494117259979248,175163,0.0,0.0
1991-10-10 00:00:00-04:00,5.474705042463519,5.513533592224121,5.397049942507151,5.513533592224121,226800,0.0,0.0
1991-10-11 00:00:00-04:00,5.532947367213214,5.532947367213214,5.494118817452612,5.513533592224121,48600,0.0,0.0
1991-10-14 00:00:00-04:00,5.591188256202336,5.6106020296776205,5.532946935776481,5.571774482727051,116775,0.0,0.0
1991-10-15 00:00:00-04:00,5.591186690067843,5.765911102294922,5.591186690067843,5.765911102294922,222750,0.0,0.0
1991-10-16 00:00:00-04:00,5.727084862363294,5.843567496949457,5.727084862363294,5.804739952087402,61763,0.0,0.0
1991-10-17 00:00:00-04:00,5.785324870332261,5.804738638369599,5.765911102294922,5.765911102294922,45225,0.0,0.0
1991-10-18 00:00:00-04:00,5.727084607099293,5.727084607099293,5.649429020945257,5.668842792510986,306450,0.0,0.0
1991-10-21 00:00:00-04:00,5.649428844451904,5.668842615411129,5.63001507349268,5.649428844451904,78300,0.0,0.0
1991-10-22 00:00:00-04:00,5.649430234834754,5.649430234834754,5.591188907623291,5.591188907623291,146813,0.0,0.0
1991-10-23 00:00:00-04:00,5.591188256202336,5.6106020296776205,5.494118389043572,5.571774482727051,147488,0.0,0.0
1991-10-24 00:00:00-04:00,5.591187388369044,5.688256740570068,5.591187388369044,5.688256740570068,81675,0.0,0.0
1991-10-25 00:00:00-04:00,5.727084281494041,5.727084281494041,5.688256740570068,5.688256740570068,62100,0.0,0.0
1991-10-28 00:00:00-05:00,5.727083744429694,5.824152587636876,5.727083744429694,5.785325050354004,87750,0.0,0.0
1991-10-29 00:00:00-05:00,5.824152648848616,5.843566417694091,5.746497573466718,5.843566417694092,342563,0.0,0.0
1991-10-30 00:00:00-05:00,5.867115438179915,5.906360208792742,5.847493052873501,5.886737823486328,233550,0.11852,0.0
1991-10-31 00:00:00-05:00,5.906359195709229,5.925982082912622,5.8671144318278285,5.9063591957092285,236250,0.0,0.0
1991-11-01 00:00:00-05:00,5.90635995527444,6.1222077001685085,5.90635995527444,6.102585315704346,142088,0.0,0.0
1991-11-04 00:00:00-05:00,6.082962758041938,6.082962758041938,5.984850822215894,6.0044732093811035,186975,0.0,0.0
1991-11-05 00:00:00-05:00,5.984849625000544,5.984849625000544,5.925982475280763,5.925982475280762,62438,0.0,0.0
1991-11-06 00:00:00-05:00,5.94560800359319,5.9848527908325195,5.886740317471201,5.9848527908325195,106988,0.0,0.0
1991-11-07 00:00:00-05:00,5.965226957848815,6.0633388693788675,5.945604575542804,6.024094104766846,216338,0.0,0.0
1991-11-08 00:00:00-05:00,6.043718751090381,6.0829635304037595,6.043718751090381,6.06334114074707,395213,0.0,0.0
1991-11-11 00:00:00-05:00,6.06334114074707,6.06334114074707,6.043718751090381,6.06334114074707,105300,0.0,0.0
1991-11-12 00:00:00-05:00,6.06334114074707,6.0829635304037595,6.06334114074707,6.06334114074707,68850,0.0,0.0
1991-11-13 00:00:00-05:00,6.082962276970251,6.161452829949307,6.04371750574351,6.1418304443359375,645300,0.0,0.0
1991-11-14 00:00:00-05:00,6.122205520591206,6.122205520591206,6.043715000152587,6.043715000152588,541013,0.0,0.0
1991-11-15 00:00:00-05:00,6.04371798371152,6.0633403708767295,6.004473209381103,6.0044732093811035,261900,0.0,0.0
1991-11-18 00:00:00-05:00,5.965227241760617,5.984849625000544,5.906359586778109,5.925982475280762,186638,0.0,0.0
1991-11-19 00:00:00-05:00,5.886736727510602,5.886736727510602,5.749380055938378,5.769002437591553,376313,0.0,0.0
1991-11-20 00:00:00-05:00,5.769003659337668,5.769003659337668,5.670891225031086,5.690513610839844,164700,0.0,0.0
1991-11-21 00:00:00-05:00,5.690511278523153,5.74937891708469,5.651266522990519,5.670888900756836,116775,0.0,0.0
1991-11-22 00:00:00-05:00,5.690512771197998,5.690512771197998,5.651268005371094,5.651268005371094,60413,0.0,0.0
1991-11-25 00:00:00-05:00,5.670890388284546,5.670890388284546,5.61202323954419,5.651268005371094,89438,0.0,0.0
1991-11-26 00:00:00-05:00,5.631646755073426,5.651269141933259,5.572779594493926,5.59240198135376,76950,0.0,0.0
1991-11-27 00:00:00-05:00,5.631645866970077,5.729757785797119,5.631645866970077,5.729757785797119,82350,0.0,0.0
1991-11-29 00:00:00-05:00,5.769003807686899,5.788626194000244,5.729758529797404,5.788626194000244,60750,0.0,0.0
1991-12-02 00:00:00-05:00,5.749380674825268,5.769003058590676,5.690513018266302,5.729757785797119,145800,0.0,0.0
1991-12-03 00:00:00-05:00,5.788624819244728,5.788624819244728,5.749380055938378,5.769002437591553,307463,0.0,0.0
1991-12-04 00:00:00-05:00,5.808247670578472,5.9456048585206895,5.808247670578472,5.925982475280762,226125,0.0,0.0
1991-12-05 00:00:00-05:00,5.9456048585206895,5.9456048585206895,5.906359586778109,5.925982475280762,125213,0.0,0.0
1991-12-06 00:00:00-05:00,5.88673692336207,6.043716487072857,5.827869776444039,6.024094104766846,187988,0.0,0.0
1991-12-09 00:00:00-05:00,6.122209420786742,6.181076590723573,6.102587030807798,6.161454200744629,357750,0.0,0.0
1991-12-10 00:00:00-05:00,6.141830444335937,6.181075215562678,6.141830444335937,6.1418304443359375,152550,0.0,0.0
1991-12-11 00:00:00-05:00,6.141830084632671,6.141830084632671,6.04371715178634,6.102585315704346,465413,0.0,0.0
1991-12-12 00:00:00-05:00,6.082961920714666,6.102585315704345,6.082961920714666,6.102585315704346,86063,0.0,0.0
1991-12-13 00:00:00-05:00,6.102586930586233,6.102586930586233,6.043718751090381,6.06334114074707,174825,0.0,0.0
1991-12-16 00:00:00-05:00,6.082962989807129,6.102586388245658,6.063340601894294,6.082962989807129,227813,0.0,0.0
1991-12-17 00:00:00-05:00,6.0829635304037595,6.102586930586233,6.024096361433692,6.06334114074707,247050,0.0,0.0
1991-12-18 00:00:00-05:00,6.043715000152587,6.10258314311284,6.004470245195856,6.043715000152588,135000,0.0,0.0
1991-12-19 00:00:00-05:00,6.004475184452184,6.004475184452184,5.965230397212855,5.9848527908325195,118800,0.0,0.0
1991-12-20 00:00:00-05:00,5.965226846794022,5.984849228734722,5.906359195709229,5.9063591957092285,417825,0.0,0.0
1991-12-23 00:00:00-05:00,5.925983660720268,6.004473209381103,5.8867383811270235,6.0044732093811035,427950,0.0,0.0
1991-12-24 00:00:00-05:00,6.004472008240472,6.004472008240472,5.925982475280763,5.925982475280762,165375,0.0,0.0
1991-12-26 00:00:00-05:00,5.945601892600795,5.965224266052246,5.8671118935325195,5.965224266052246,362813,0.0,0.0
1991-12-27 00:00:00-05:00,5.925980735282394,6.122205520591206,5.925980735282394,6.043715000152588,334463,0.0,0.0
1991-12-30 00:00:00-05:00,6.063340123323793,6.220320224761963,6.063340123323793,6.220320224761963,388800,0.0,0.0
1991-12-31 00:00:00-05:00,6.259564997490102,6.259564997490102,6.1810754520338245,6.220320224761963,186300,0.0,0.0
1992-01-02 00:00:00-05:00,6.200697838397893,6.259564997490102,6.1810754520338245,6.220320224761963,386100,0.0,0.0
1992-01-03 00:00:00-05:00,6.181074142456055,6.220318906869447,6.141829378042663,6.181074142456055,310838,0.0,0.0
1992-01-06 00:00:00-05:00,6.200699514701235,6.298811978308211,6.200699514701235,6.279189586639404,423563,0.0,0.0
1992-01-07 00:00:00-05:00,6.29880871430885,6.29880871430885,6.259563446044921,6.259563446044922,238950,0.0,0.0
1992-01-08 00:00:00-05:00,6.259559516353109,6.357671867524909,6.259559516353109,6.298804759979248,408375,0.0,0.0
1992-01-09 00:00:00-05:00,6.318429777210423,6.553898811340333,6.279185022399202,6.553898811340332,345600,0.0,0.0
1992-01-10 00:00:00-05:00,6.534277548830265,6.553899929583898,6.455788025815733,6.495032787322998,238950,0.0,0.0
1992-01-13 00:00:00-05:00,6.475408995671808,6.71087852393534,6.4557866191936055,6.652011394500732,472838,0.0,0.0
1992-01-14 00:00:00-05:00,6.671636104583741,6.71088087126718,6.652013721242022,6.67163610458374,435038,0.0,0.0
1992-01-15 00:00:00-05:00,6.710881116889943,6.750125885009766,6.671636348770119,6.750125885009766,167063,0.0,0.0
1992-01-16 00:00:00-05:00,6.750121161068543,6.789365901723698,6.71087642041339,6.730498790740967,125213,0.0,0.0
1992-01-17 00:00:00-05:00,6.710883204831728,6.710883204831728,6.593147853316032,6.691260814666748,279113,0.0,0.0
1992-01-20 00:00:00-05:00,6.671636699811228,6.69125908490361,6.612768534008535,6.632391929626465,132638,0.0,0.0
1992-01-21 00:00:00-05:00,6.612768534008535,6.671636699811228,6.534278993639009,6.632391929626465,194738,0.0,0.0
1992-01-22 00:00:00-05:00,6.593142032623291,6.593142032623291,6.5342749140986225,6.593142032623291,101588,0.0,0.0
1992-01-23 00:00:00-05:00,6.573523763823772,6.69125908490361,6.573523763823772,6.632391929626465,249413,0.0,0.0
1992-01-24 00:00:00-05:00,6.652012512785502,6.652012512785502,6.593144362929334,6.612766742706299,69188,0.0,0.0
1992-01-27 00:00:00-05:00,6.593143254541022,6.691256147457137,6.593143254541022,6.652011394500732,198450,0.0,0.0
1992-01-28 00:00:00-05:00,6.671633620123361,6.750123124261405,6.671633620123361,6.710878372192383,131288,0.0,0.0
1992-01-29 00:00:00-05:00,6.6323913379003026,6.730503254608899,6.6323913379003026,6.67163610458374,171788,0.0,0.0
1992-01-30 00:00:00-05:00,6.695406552309329,6.695406552309329,6.616170259530888,6.675596714019775,77288,0.11852,0.0
1992-01-31 00:00:00-05:00,6.635979175567628,6.635979175567628,6.596361538657384,6.635979175567627,96188,0.0,0.0
1992-02-03 00:00:00-05:00,6.635978963328865,6.695406436920166,6.616170145507289,6.695406436920166,77288,0.0,0.0
1992-02-04 00:00:00-05:00,6.715218961314204,6.794454276335705,6.715218961314204,6.73502779006958,256163,0.0,0.0
1992-02-05 00:00:00-05:00,6.73502779006958,6.754836618824955,6.715218961314204,6.73502779006958,99563,0.0,0.0
1992-02-06 00:00:00-05:00,6.735020860557831,6.735020860557831,6.635975798559057,6.655784606933594,162000,0.0,0.0
1992-02-07 00:00:00-05:00,6.655790017899739,6.655790017899739,6.576554719985569,6.596363544464111,123525,0.0,0.0
1992-02-10 00:00:00-05:00,6.596361279950314,6.715215206146241,6.596361279950314,6.71521520614624,82688,0.0,0.0
1992-02-11 00:00:00-05:00,6.715215389033554,6.834068298339844,6.675596732471529,6.834068298339844,110025,0.0,0.0
1992-02-12 00:00:00-05:00,6.794449118186111,6.8934936968347715,6.794449118186111,6.873684883117676,180563,0.0,0.0
1992-02-13 00:00:00-05:00,6.873683167178826,6.933109593494965,6.794447422027588,6.794447422027588,197100,0.0,0.0
1992-02-14 00:00:00-05:00,6.814260005950927,6.834068825697209,6.774642366458365,6.814260005950928,56700,0.0,0.0
1992-02-18 00:00:00-05:00,6.814259112503763,7.032156611206704,6.814259112503763,6.9727301597595215,251438,0.0,0.0
1992-02-19 00:00:00-05:00,6.992542536436697,7.051969528198242,6.992542536436697,7.051969528198242,101588,0.0,0.0
1992-02-20 00:00:00-05:00,7.051967516140069,7.170820445625137,7.051967516140069,7.091585159301758,456300,0.0,0.0
1992-02-21 00:00:00-05:00,7.091583572717157,7.091583572717157,6.972730159759521,6.9727301597595215,306788,0.0,0.0
1992-02-24 00:00:00-05:00,6.9727361414711035,6.992544975613599,6.893500804901123,6.893500804901123,148500,0.0,0.0
1992-02-25 00:00:00-05:00,6.933112367583956,6.933112367583956,6.85387659072876,6.85387659072876,269663,0.0,0.0
1992-02-26 00:00:00-05:00,6.774645447580331,6.794454276335705,6.655791454920942,6.73502779006958,312188,0.0,0.0
1992-02-27 00:00:00-05:00,6.735024726965802,6.814260005950927,6.735024726965802,6.814260005950928,193050,0.0,0.0
1992-02-28 00:00:00-05:00,6.794448418152017,6.893492986596086,6.774639606475829,6.77463960647583,94500,0.0,0.0
1992-03-02 00:00:00-05:00,6.774641843686699,6.853877116557559,6.774641843686699,6.834068298339844,113063,0.0,0.0
1992-03-03 00:00:00-05:00,6.853877116557559,6.893495263056287,6.834068298339844,6.834068298339844,156600,0.0,0.0
1992-03-04 00:00:00-05:00,6.834068298339844,6.893495263056287,6.8142594801221295,6.834068298339844,79650,0.0,0.0
1992-03-05 00:00:00-05:00,6.853877116557559,6.893495263056287,6.834068298339844,6.834068298339844,207225,0.0,0.0
1992-03-06 00:00:00-05:00,6.853873848343726,6.853873848343726,6.774638613255542,6.794447422027588,204525,0.0,0.0
1992-03-09 00:00:00-05:00,6.77464165918092,6.77464165918092,6.695406388468014,6.71521520614624,122513,0.0,0.0
1992-03-10 00:00:00-05:00,6.73502099571145,6.794447422027588,6.675593549269203,6.794447422027588,252788,0.0,0.0
1992-03-11 00:00:00-05:00,6.774639606475829,6.794448418152017,6.774639606475829,6.77463960647583,195075,0.0,0.0
1992-03-12 00:00:00-05:00,6.794451186204646,6.814260005950927,6.774642366458365,6.814260005950928,369225,0.0,0.0
1992-03-13 00:00:00-05:00,6.853879725764516,6.913306713104248,6.853879725764516,6.913306713104248,92813,0.0,0.0
1992-03-16 00:00:00-05:00,6.8934936968347715,6.913302510551867,6.715213863317728,6.873684883117676,93150,0.0,0.0
1992-03-17 00:00:00-05:00,6.8538776454434895,6.8538776454434895,6.794451186204646,6.814260005950928,237938,0.0,0.0
1992-03-18 00:00:00-05:00,6.834068298339844,6.834068298339844,6.8142594801221295,6.834068298339844,180563,0.0,0.0
1992-03-19 00:00:00-05:00,6.8340694614661945,6.8340694614661945,6.754834175109863,6.754834175109863,160313,0.0,0.0
1992-03-20 00:00:00-05:00,6.774639606475829,6.794448418152017,6.695404359771078,6.77463960647583,148500,0.0,0.0
1992-03-23 00:00:00-05:00,6.774638613255542,6.794447422027588,6.715212186939404,6.794447422027588,147150,0.0,0.0
1992-03-24 00:00:00-05:00,6.814259294537373,6.8340681122156,6.715215206146241,6.71521520614624,112725,0.0,0.0
1992-03-25 00:00:00-05:00,6.715213171447266,6.774639606475829,6.715213171447266,6.77463960647583,123525,0.0,0.0
1992-03-26 00:00:00-05:00,6.774645447580331,6.774645447580331,6.715218961314204,6.73502779006958,41850,0.0,0.0
1992-03-27 00:00:00-05:00,6.754835160419368,6.754835160419368,6.576554719985569,6.596363544464111,88088,0.0,0.0
1992-03-30 00:00:00-05:00,6.556746689024865,6.576555515900733,6.457702044582003,6.49731969833374,96863,0.0,0.0
1992-03-31 00:00:00-05:00,6.4973130600246485,6.4973130600246485,6.437886640113057,6.477504253387451,149175,0.0,0.0
1992-04-01 00:00:00-05:00,6.477504967799781,6.517123095506709,6.358652114868165,6.358652114868164,298688,0.0,0.0
1992-04-02 00:00:00-05:00,6.3982744216918945,6.477509715049755,6.3982744216918945,6.3982744216918945,115088,0.0,0.0
1992-04-03 00:00:00-05:00,6.398276510783958,6.398276510783958,6.299231851684273,6.338850021362305,73575,0.0,0.0
1992-04-06 00:00:00-04:00,6.338847845111737,6.437891960144043,6.338847845111737,6.437891960144043,133313,0.0,0.0
1992-04-07 00:00:00-04:00,6.418082237243652,6.437891057472674,6.398273417014631,6.418082237243652,88088,0.0,0.0
1992-04-08 00:00:00-04:00,6.398275640135166,6.398275640135166,6.299230994513034,6.319039821624756,150188,0.0,0.0
1992-04-09 00:00:00-04:00,6.319039746387406,6.49731969833374,6.319039746387406,6.49731969833374,141413,0.0,0.0
1992-04-10 00:00:00-04:00,6.576556682586669,6.576556682586669,6.5567478521967,6.57655668258667,91463,0.0,0.0
1992-04-13 00:00:00-04:00,6.576552623204964,6.6755967140197745,6.536934986879039,6.675596714019775,125888,0.0,0.0
1992-04-14 00:00:00-04:00,6.675593549269203,6.814256230799634,6.675593549269203,6.794447422027588,136350,0.0,0.0
1992-04-15 00:00:00-04:00,6.774639606475829,6.814257229828205,6.754830794799641,6.77463960647583,228825,0.0,0.0
1992-04-16 00:00:00-04:00,6.754833634118382,6.952922344207763,6.754833634118382,6.952922344207764,351675,0.0,0.0
1992-04-20 00:00:00-04:00,6.913304081274002,6.913304081274002,6.8142594801221295,6.834068298339844,166725,0.0,0.0
1992-04-21 00:00:00-04:00,6.814260005950927,6.873686975253108,6.794451186204646,6.814260005950928,306788,0.0,0.0
1992-04-22 00:00:00-04:00,6.814256230799634,6.83406503957168,6.794447422027588,6.794447422027588,86738,0.0,0.0
1992-04-23 00:00:00-04:00,6.814257931903207,6.913302510551867,6.814257931903207,6.873684883117676,179550,0.0,0.0
1992-04-24 00:00:00-04:00,6.8934936968347715,6.913302510551867,6.853875559337398,6.873684883117676,268988,0.0,0.0
1992-04-27 00:00:00-04:00,6.834067774030776,6.873685917490002,6.834067774030776,6.85387659072876,88425,0.0,0.0
1992-04-28 00:00:00-04:00,6.834067774030776,6.85387659072876,6.834067774030776,6.85387659072876,121163,0.0,0.0
1992-04-29 00:00:00-04:00,6.821071703142106,6.9810967445373535,6.821071703142106,6.9810967445373535,96863,0.12444,0.0
1992-04-30 00:00:00-04:00,6.961090234730569,7.081108570098877,6.9210836078763505,7.081108570098877,113400,0.0,0.0
1992-05-01 00:00:00-04:00,7.061106326425886,7.081109384621507,6.861075229404837,6.921084403991699,287550,0.0,0.0
1992-05-04 00:00:00-04:00,6.88107967376709,6.921085798217408,6.8410735493167705,6.88107967376709,149175,0.0,0.0
1992-05-05 00:00:00-04:00,6.96109276212715,7.041105014756446,6.941089698969826,7.021101951599121,261225,0.0,0.0
1992-05-06 00:00:00-04:00,7.001098888441797,7.081111141071093,7.001098888441797,7.021101951599121,226800,0.0,0.0
1992-05-07 00:00:00-04:00,7.021102876119906,7.021102876119906,6.9810967445373535,6.9810967445373535,67838,0.0,0.0
1992-05-08 00:00:00-04:00,7.001098888441797,7.06110807791377,6.96109276212715,7.021101951599121,177863,0.0,0.0
1992-05-11 00:00:00-04:00,7.001095294952393,7.061104453623145,7.001095294952393,7.001095294952393,166050,0.0,0.0
1992-05-12 00:00:00-04:00,7.00109882246274,7.00109882246274,6.901082992553711,6.901082992553711,158963,0.0,0.0
1992-05-13 00:00:00-04:00,6.901082735992249,6.921085798217408,6.88107967376709,6.88107967376709,220725,0.0,0.0
1992-05-14 00:00:00-04:00,6.901082735992249,6.901082735992249,6.8410735493167705,6.88107967376709,267975,0.0,0.0
1992-05-15 00:00:00-04:00,6.961097240447998,6.961097240447998,6.90108749730466,6.961097240447998,261900,0.0,0.0
1992-05-18 00:00:00-04:00,6.961090302029267,7.02109947029358,6.941087245941162,6.941087245941162,119475,0.0,0.0
1992-05-19 00:00:00-04:00,6.981092242062142,7.001095294952393,6.901079515436435,7.001095294952393,271350,0.0,0.0
1992-05-20 00:00:00-04:00,7.001103392500023,7.001103392500023,6.921090573330672,6.961097240447998,85388,0.0,0.0
1992-05-21 00:00:00-04:00,6.921081902193815,6.961088519188507,6.821066647368722,6.84106969833374,121838,0.0,0.0
1992-05-22 00:00:00-04:00,6.841072171209216,6.961091035447782,6.841072171209216,6.921084403991699,84038,0.0,0.0
1992-05-26 00:00:00-04:00,6.96108879091422,6.96108879091422,6.841069965374525,6.861073017120361,53663,0.0,0.0
1992-05-27 00:00:00-04:00,6.901078851228796,6.901078851228796,6.781060545438685,6.84106969833374,84038,0.0,0.0
1992-05-28 00:00:00-04:00,6.841069698333741,6.841069698333741,6.761057494473667,6.84106969833374,204188,0.0,0.0
1992-05-29 00:00:00-04:00,6.841069698333741,6.841069698333741,6.801063596403704,6.84106969833374,198450,0.0,0.0
1992-06-01 00:00:00-04:00,6.821070671081544,6.821070671081544,6.781064545552109,6.821070671081543,263588,0.0,0.0
1992-06-02 00:00:00-04:00,6.821068934059858,6.84107199173069,6.761059761047362,6.761059761047363,397575,0.0,0.0
1992-06-03 00:00:00-04:00,6.781064033508301,6.821070156016839,6.781064033508301,6.781064033508301,125213,0.0,0.0
1992-06-04 00:00:00-04:00,6.821073283744327,6.821073283744327,6.741059971908191,6.801070213317871,209250,0.0,0.0
1992-06-05 00:00:00-04:00,6.801067608316826,6.821070671081544,6.781064545552109,6.821070671081543,258525,0.0,0.0
1992-06-08 00:00:00-04:00,6.841073733846261,6.841073733846261,6.801067608316826,6.821070671081543,77963,0.0,0.0
1992-06-09 00:00:00-04:00,6.80106709476257,6.841073217271109,6.761060972254031,6.781064033508301,141750,0.0,0.0
1992-06-10 00:00:00-04:00,6.7610640693326625,6.8010702101670395,6.601038475864843,6.641044616699219,175838,0.0,0.0
1992-06-11 00:00:00-04:00,6.681045532226563,6.701048586999178,6.6010333131361,6.6810455322265625,115763,0.0,0.0
1992-06-12 00:00:00-04:00,6.721056898367973,6.721056898367973,6.621041546282031,6.641044616699219,149175,0.0,0.0
1992-06-15 00:00:00-04:00,6.641040384892716,6.781062818718195,6.641040384892716,6.761059761047363,159300,0.0,0.0
1992-06-16 00:00:00-04:00,6.761059761047362,6.781062818718195,6.761059761047362,6.761059761047363,101250,0.0,0.0
1992-06-17 00:00:00-04:00,6.761057494473667,6.841069698333741,6.761057494473667,6.84106969833374,168750,0.0,0.0
1992-06-18 00:00:00-04:00,6.80106709476257,6.80106709476257,6.7410568808699205,6.781064033508301,142425,0.0,0.0
1992-06-19 00:00:00-04:00,6.801070213317871,6.801070213317871,6.781067142891415,6.801070213317871,183600,0.0,0.0
1992-06-22 00:00:00-04:00,6.781064033508301,6.80106709476257,6.7410568808699205,6.781064033508301,84375,0.0,0.0
1992-06-23 00:00:00-04:00,6.761057758391179,6.861073017120362,6.761057758391179,6.861073017120361,431663,0.0,0.0
1992-06-24 00:00:00-04:00,6.821069113013595,6.961091035447782,6.801066054817975,6.921084403991699,195750,0.0,0.0
1992-06-25 00:00:00-04:00,6.941089698969826,7.081111141071093,6.941089698969826,7.021101951599121,617625,0.0,0.0
1992-06-26 00:00:00-04:00,7.021101511689993,7.1611234600831155,7.001098449785967,7.061107635498047,550800,0.0,0.0
1992-06-29 00:00:00-04:00,7.081109145790859,7.2611371785443275,7.061106088269899,7.201128005981445,685463,0.0,0.0
1992-06-30 00:00:00-04:00,7.201128321734597,7.361153819048685,7.201128321734597,7.341150760650635,371250,0.0,0.0
1992-07-01 00:00:00-04:00,7.4811749775092595,7.561187235625505,7.401162204328009,7.521181106567383,539325,0.0,0.0
1992-07-02 00:00:00-04:00,7.521181106567382,7.561187235625505,7.501178042038321,7.521181106567383,587588,0.0,0.0
1992-07-06 00:00:00-04:00,7.481171546143927,7.481171546143927,7.361152698953219,7.401158809661865,220725,0.0,0.0
1992-07-07 00:00:00-04:00,7.401162644726133,7.521181554107102,7.401162644726133,7.481175422668457,241988,0.0,0.0
1992-07-08 00:00:00-04:00,7.461170196425679,7.541182956722291,7.461170196425679,7.501176834106445,449888,0.0,0.0
1992-07-09 00:00:00-04:00,7.5211814200127245,7.621196746826173,7.5211814200127245,7.621196746826172,286200,0.0,0.0
1992-07-10 00:00:00-04:00,7.641196950440403,7.661200523376466,7.601190834697943,7.661200523376465,224438,0.0,0.0
1992-07-13 00:00:00-04:00,7.641196840905208,7.84122896194458,7.641196840905208,7.84122896194458,222750,0.0,0.0
1992-07-14 00:00:00-04:00,7.881233480586248,7.901236534118653,7.861230427053843,7.901236534118652,213638,0.0,0.0
1992-07-15 00:00:00-04:00,7.901239434129333,7.9612486167518615,7.901239434129333,7.9412455558776855,143438,0.0,0.0
1992-07-16 00:00:00-04:00,7.921240255299675,7.921240255299675,7.741211728204723,7.801220893859863,1001025,0.0,0.0
1992-07-17 00:00:00-04:00,7.781223274768953,7.841233512478048,7.721214067190109,7.741217136383057,344588,0.0,0.0
1992-07-20 00:00:00-04:00,7.701210997997161,7.7412171363830575,7.6612048596112645,7.741217136383057,132300,0.0,0.0
1992-07-21 00:00:00-04:00,7.741211576127866,7.761214630953284,7.681202411651611,7.681202411651611,159300,0.0,0.0
1992-07-22 00:00:00-04:00,7.681202562549583,7.801220893859863,7.661199507331203,7.801220893859863,230513,0.0,0.0
1992-07-23 00:00:00-04:00,7.761216640472412,7.761216640472412,7.741213580467841,7.761216640472412,64800,0.0,0.0
1992-07-24 00:00:00-04:00,7.721213703953623,7.721213703953623,7.28114414215088,7.281144142150879,1882575,0.0,0.0
1992-07-27 00:00:00-04:00,7.281142872030756,7.281142872030756,7.101114774102375,7.181127548217773,790425,0.0,0.0
1992-07-28 00:00:00-04:00,7.201126154612321,7.2411322593688965,7.201126154612321,7.2411322593688965,372263,0.0,0.0
1992-07-29 00:00:00-04:00,7.268593125246051,7.3897369245443265,7.268593125246051,7.329164505004883,378675,0.12444,0.0
1992-07-30 00:00:00-04:00,7.329160037736633,7.430113315582275,7.268588694897235,7.430113315582275,297675,0.0,0.0
1992-07-31 00:00:00-04:00,7.470499546209718,7.53107093230896,7.450309084176637,7.510880470275879,189000,0.0,0.0
1992-08-03 00:00:00-04:00,7.531064033508302,7.551254996935892,7.510873589970594,7.531064033508301,403988,0.0,0.0
1992-08-04 00:00:00-04:00,7.551260358412569,7.551260358412569,7.389736175537109,7.389736175537109,389475,0.0,0.0
1992-08-05 00:00:00-04:00,7.3493492074933835,7.430112023683387,7.3493492074933835,7.369540691375732,378338,0.0,0.0
1992-08-06 00:00:00-04:00,7.349354964924494,7.3897369245443265,7.329164505004883,7.329164505004883,190013,0.0,0.0
1992-08-07 00:00:00-04:00,7.329165711226471,7.349356174468993,7.329165711226471,7.349356174468994,168413,0.0,0.0
1992-08-10 00:00:00-04:00,7.369547875696925,7.369547875696925,7.268594516988379,7.288784980773926,351000,0.0,0.0
1992-08-11 00:00:00-04:00,7.268594321498903,7.349356174468993,7.268594321498903,7.349356174468994,167738,0.0,0.0
1992-08-12 00:00:00-04:00,7.349350392396198,7.349350392396198,7.2685886029651305,7.308969497680664,446513,0.0,0.0
1992-08-13 00:00:00-04:00,7.268587431083177,7.389731135478284,7.268587431083177,7.369540691375732,464063,0.0,0.0
1992-08-14 00:00:00-04:00,7.389736175537109,7.389736175537109,7.308973304264,7.389736175537109,392513,0.0,0.0
1992-08-17 00:00:00-04:00,7.389735481675228,7.450306849607309,7.389735481675228,7.409925937652588,230175,0.0,0.0
1992-08-18 00:00:00-04:00,7.389734365957486,7.47049617767334,7.389734365957486,7.47049617767334,256500,0.0,0.0
1992-08-19 00:00:00-04:00,7.470494210808541,7.470494210808541,7.430113315582275,7.430113315582275,551475,0.0,0.0
1992-08-20 00:00:00-04:00,7.4301152718154135,7.47049617767334,7.4301152718154135,7.47049617767334,472163,0.0,0.0
1992-08-21 00:00:00-04:00,7.510880470275879,7.551261914232401,7.490690008242798,7.510880470275879,279113,0.0,0.0
1992-08-24 00:00:00-04:00,7.510875106034807,7.510875106034807,7.38973242035601,7.430113315582275,225788,0.0,0.0
1992-08-25 00:00:00-04:00,7.389736175537109,7.40992663341026,7.369545717663959,7.389736175537109,136350,0.0,0.0
1992-08-26 00:00:00-04:00,7.349354964924494,7.349354964924494,7.3089740450852725,7.329164505004883,66150,0.0,0.0
1992-08-27 00:00:00-04:00,7.329165880870939,7.3493563445808,7.228213562321634,7.248404026031494,127575,0.0,0.0
1992-08-28 00:00:00-04:00,7.228210493684618,7.288781859099464,7.228210493684618,7.268591403961182,126563,0.0,0.0
1992-08-31 00:00:00-04:00,7.268594489741356,7.288784953451217,7.248404026031495,7.248404026031494,234900,0.0,0.0
1992-09-01 00:00:00-04:00,7.248402665326441,7.329164505004883,7.248402665326441,7.329164505004883,583200,0.0,0.0
1992-09-02 00:00:00-04:00,7.329159945038431,7.329159945038431,7.288779050322898,7.308969497680664,86063,0.0,0.0
1992-09-03 00:00:00-04:00,7.349356372130567,7.349356372130567,7.268594516988379,7.288784980773926,247050,0.0,0.0
1992-09-04 00:00:00-04:00,7.2484009488228995,7.288781859099464,7.208020038546336,7.268591403961182,129938,0.0,0.0
1992-09-08 00:00:00-04:00,7.268594516988379,7.288784980773926,7.248404053202832,7.288784980773926,389138,0.0,0.0
1992-09-09 00:00:00-04:00,7.268591403961182,7.308972314237746,7.268591403961182,7.268591403961182,145800,0.0,0.0
1992-09-10 00:00:00-04:00,7.268589372408745,7.268589372408745,7.147446155548096,7.147446155548096,374288,0.0,0.0
1992-09-11 00:00:00-04:00,7.167640209197999,7.18783118873591,7.147449749550386,7.167640209197998,239288,0.0,0.0
1992-09-14 00:00:00-04:00,7.187828803643855,7.208019256591797,7.187828803643855,7.208019256591797,513675,0.0,0.0
1992-09-15 00:00:00-04:00,7.167636605043198,7.208018023923439,7.127255706052993,7.147446155548096,87413,0.0,0.0
1992-09-16 00:00:00-04:00,7.086876019014022,7.208019256591797,7.06668556606608,7.208019256591797,285188,0.0,0.0
1992-09-17 00:00:00-04:00,7.18783118873591,7.208021648383522,7.147449749550386,7.167640209197998,83700,0.0,0.0
1992-09-18 00:00:00-04:00,7.066688348598712,7.127259731292725,7.066688348598712,7.127259731292725,297000,0.0,0.0
1992-09-21 00:00:00-04:00,7.107068830255161,7.167640209197999,7.107068830255161,7.167640209197998,776250,0.0,0.0
1992-09-22 00:00:00-04:00,7.187827574428337,7.187827574428337,7.127255706052993,7.147446155548096,485325,0.0,0.0
1992-09-23 00:00:00-04:00,7.167640209197999,7.18783118873591,7.167640209197999,7.167640209197998,173138,0.0,0.0
1992-09-24 00:00:00-04:00,7.1878311523448755,7.591641902923583,7.1878311523448755,7.591641902923584,820463,0.0,0.0
1992-09-25 00:00:00-04:00,7.672403741105147,7.732975639631616,7.5714514433781925,7.591641902923584,941288,0.0,0.0
1992-09-28 00:00:00-04:00,7.510880470275879,7.53107093230896,7.490690008242798,7.510880470275879,256163,0.0,0.0
1992-09-29 00:00:00-04:00,7.531071010493567,7.672404766082765,7.531071010493567,7.672404766082764,158625,0.0,0.0
1992-09-30 00:00:00-04:00,7.652214162260618,7.874309762711416,7.652214162260618,7.854119300842285,374288,0.0,0.0
1992-10-01 00:00:00-04:00,7.914689880336514,8.116594971829112,7.914689880336514,8.015642166137695,487688,0.0,0.0
1992-10-02 00:00:00-04:00,7.995449439228682,7.995449439228682,7.87430569087709,7.914687633514404,227475,0.0,0.0
1992-10-05 00:00:00-04:00,7.833928838973154,7.854119300842285,7.69259508599888,7.854119300842285,191700,0.0,0.0
1992-10-06 00:00:00-04:00,7.955067876252664,8.015639225512107,7.894495487213134,7.894495487213135,244013,0.0,0.0
1992-10-07 00:00:00-04:00,7.914690171116909,7.99545200272499,7.611831742915844,7.692593574523926,486000,0.0,0.0
1992-10-08 00:00:00-04:00,7.77335592602226,7.813736841826301,7.672403116621905,7.692593574523926,187988,0.0,0.0
1992-10-09 00:00:00-04:00,7.692593570430708,7.753165463994792,7.692593570430708,7.732975006103516,71550,0.0,0.0
1992-10-12 00:00:00-04:00,7.753162982305673,7.914687633514404,7.753162982305673,7.914687633514404,107663,0.0,0.0
1992-10-13 00:00:00-04:00,7.914692456443203,7.995454311370849,7.914692456443203,7.99545431137085,125213,0.0,0.0
1992-10-14 00:00:00-04:00,7.995452440748378,8.07621427678092,7.995452440748378,8.035833358764648,145125,0.0,0.0
1992-10-15 00:00:00-04:00,7.995452222347425,8.056023597717285,7.995452222347425,8.056023597717285,81675,0.0,0.0
1992-10-16 00:00:00-04:00,8.035835692957251,8.035835692957251,7.955073833465577,7.955073833465576,141750,0.0,0.0
1992-10-19 00:00:00-04:00,7.995455471333394,7.995455471333394,7.914693604688999,7.934884071350098,53663,0.0,0.0
1992-10-20 00:00:00-04:00,7.975258987800112,7.975258987800112,7.89449614230566,7.914687633514404,47588,0.0,0.0
1992-10-21 00:00:00-04:00,7.894502098246941,7.995455471333394,7.894502098246941,7.934884071350098,76950,0.0,0.0
1992-10-22 00:00:00-04:00,7.95506790055748,7.995448800187149,7.9146870009278105,7.9752583503723145,42188,0.0,0.0
1992-10-23 00:00:00-04:00,7.975263847638938,8.01564477510276,7.975263847638938,7.99545431137085,230850,0.0,0.0
1992-10-26 00:00:00-05:00,7.955071300301456,8.116595487740469,7.955071300301456,8.096405029296875,217350,0.0,0.0
1992-10-27 00:00:00-05:00,8.11658799000943,8.257921068557577,8.11658799000943,8.177159309387207,282825,0.0,0.0
1992-10-28 00:00:00-05:00,8.184490062608516,8.184490062608516,8.103052139282227,8.103052139282227,208238,0.12444,0.0
1992-10-29 00:00:00-05:00,8.123411489054023,8.123411489054023,8.082692789510428,8.103052139282227,82350,0.0,0.0
1992-10-30 00:00:00-05:00,8.103055967127792,8.103055967127792,7.960539402922854,7.980899810791016,174488,0.0,0.0
1992-11-02 00:00:00-05:00,7.980902294235787,8.123417854309082,7.899463782857735,8.123417854309082,532575,0.0,0.0
1992-11-03 00:00:00-05:00,8.123421375894685,8.245578147438936,8.08270262679318,8.225218772888184,220050,0.0,0.0
1992-11-04 00:00:00-05:00,8.204852104187012,8.204852104187012,8.18449274773582,8.204852104187012,80325,0.0,0.0
1992-11-05 00:00:00-05:00,8.204849412380312,8.22520876215211,8.103052139282227,8.103052139282227,114413,0.0,0.0
1992-11-06 00:00:00-05:00,8.0623373515517,8.0623373515517,7.858742706572237,7.919820785522461,154913,0.0,0.0
1992-11-09 00:00:00-05:00,7.91981837892909,7.91981837892909,7.777302380445513,7.797662258148193,236250,0.0,0.0
1992-11-10 00:00:00-05:00,7.818020199657888,7.858738899230956,7.777300975845718,7.858738899230957,170100,0.0,0.0
1992-11-11 00:00:00-05:00,7.858744164969341,8.041979484302871,7.83838480154105,8.001260757446289,252113,0.0,0.0
1992-11-12 00:00:00-05:00,7.980902020374976,8.062339480479515,7.980902020374976,8.021620750427246,119813,0.0,0.0
1992-11-13 00:00:00-05:00,8.041976611861264,8.062335968017578,8.001257899548634,8.062335968017578,193050,0.0,0.0
1992-11-16 00:00:00-05:00,8.062338276081169,8.225213696198477,8.041978914096433,8.184494972229004,365850,0.0,0.0
1992-11-17 00:00:00-05:00,8.204855841447621,8.204855841447621,8.0216210256853,8.123417854309082,56700,0.0,0.0
1992-11-18 00:00:00-05:00,8.062338847731162,8.062338847731162,7.980901394017997,8.001260757446289,150188,0.0,0.0
1992-11-19 00:00:00-05:00,7.980902020374976,8.04198011545338,7.980902020374976,8.021620750427246,231525,0.0,0.0
1992-11-20 00:00:00-05:00,8.062339757134813,8.143777220033838,8.0216210256853,8.123417854309082,611888,0.0,0.0
1992-11-23 00:00:00-05:00,8.103058488584326,8.123417854309082,8.103058488584326,8.123417854309082,221738,0.0,0.0
1992-11-24 00:00:00-05:00,8.123421375894685,8.265937521989688,8.08270262679318,8.225218772888184,114413,0.0,0.0
1992-11-25 00:00:00-05:00,8.184492752140443,8.36772748453906,8.184492752140443,8.327008247375488,86063,0.0,0.0
1992-11-27 00:00:00-05:00,8.306649526782854,8.36772812508411,8.286290168762207,8.286290168762207,19913,0.0,0.0
1992-11-30 00:00:00-05:00,8.367727480035827,8.40844619293821,8.14377351059416,8.204852104187012,481275,0.0,0.0
1992-12-01 00:00:00-05:00,8.204852108602593,8.36772748453906,8.204852108602593,8.327008247375488,357075,0.0,0.0
1992-12-02 00:00:00-05:00,8.36772812508411,8.36772812508411,8.286290168762207,8.286290168762207,313200,0.0,0.0
1992-12-03 00:00:00-05:00,8.28628964590916,8.347368240356445,8.28628964590916,8.347368240356445,146138,0.0,0.0
1992-12-04 00:00:00-05:00,8.3270088848035,8.36772812508411,8.286290168762207,8.286290168762207,231188,0.0,0.0
1992-12-07 00:00:00-05:00,8.26593081074156,8.3270088848035,8.245571452720913,8.286290168762207,137700,0.0,0.0
1992-12-08 00:00:00-05:00,8.28629689654044,8.28629689654044,8.143780750445437,8.225218772888184,542025,0.0,0.0
1992-12-09 00:00:00-05:00,8.20485370007042,8.225213060481606,8.143775094597485,8.164134979248047,467775,0.0,0.0
1992-12-10 00:00:00-05:00,8.14377351059416,8.204852104187012,8.14377351059416,8.204852104187012,96863,0.0,0.0
1992-12-11 00:00:00-05:00,8.204859398337433,8.225218772888184,8.184500023786681,8.225218772888184,120150,0.0,0.0
1992-12-14 00:00:00-05:00,8.225212411844259,8.265931129455566,8.204853053038605,8.265931129455566,71888,0.0,0.0
1992-12-15 00:00:00-05:00,8.24557093243716,8.367727597092445,8.24557093243716,8.347368240356445,357413,0.0,0.0
1992-12-16 00:00:00-05:00,8.367727597092445,8.469524380772448,8.347368240356445,8.347368240356445,329738,0.0,0.0
1992-12-17 00:00:00-05:00,8.388086866684297,8.591681480407715,8.388086866684297,8.591681480407715,447188,0.0,0.0
1992-12-18 00:00:00-05:00,8.63240275944839,8.63240275944839,8.530605946566736,8.550965309143066,267300,0.0,0.0
1992-12-21 00:00:00-05:00,8.550963721283521,8.550963721283521,8.469525237621943,8.530604362487793,75600,0.0,0.0
1992-12-22 00:00:00-05:00,8.571325418384045,8.571325418384045,8.469527548155721,8.510246276855469,203850,0.0,0.0
1992-12-23 00:00:00-05:00,8.48988459641767,8.591682438874976,8.48988459641767,8.530604362487793,267300,0.0,0.0
1992-12-24 00:00:00-05:00,8.489885652221176,8.489885652221176,8.428807568238314,8.469526290893555,39488,0.0,0.0
1992-12-28 00:00:00-05:00,8.510246276855469,8.530606689684298,8.469527548155721,8.510246276855469,120150,0.0,0.0
1992-12-29 00:00:00-05:00,8.469523984984178,8.754556538686211,8.469523984984178,8.673118591308594,216000,0.0,0.0
1992-12-30 00:00:00-05:00,8.652759869735855,8.69347858428955,8.652759869735855,8.69347858428955,122850,0.0,0.0
1992-12-31 00:00:00-05:00,8.713842040354393,8.795279502868652,8.713842040354393,8.795279502868652,109013,0.0,0.0
1993-01-04 00:00:00-05:00,8.774919530959114,8.774919530959114,8.713841438293457,8.713841438293457,243000,0.0,0.0
1993-01-05 00:00:00-05:00,8.713840733993143,8.713840733993143,8.510245535511542,8.550965309143066,270000,0.0,0.0
1993-01-06 00:00:00-05:00,8.469527548155721,8.510246276855469,8.428808819455973,8.510246276855469,373275,0.0,0.0
1993-01-07 00:00:00-05:00,8.550966240033437,8.774919776992931,8.550966240033437,8.612044334411621,423225,0.0,0.0
1993-01-08 00:00:00-05:00,8.612041574614986,8.612041574614986,8.46952501825747,8.489884376525879,146138,0.0,0.0
1993-01-11 00:00:00-05:00,8.428807568238314,8.571324146010458,8.428807568238314,8.469526290893555,255150,0.0,0.0
1993-01-12 00:00:00-05:00,8.46952501825747,8.571322858078164,8.46952501825747,8.489884376525879,190688,0.0,0.0
1993-01-13 00:00:00-05:00,8.449165983721976,8.449165983721976,8.367728547528026,8.408447265625,159638,0.0,0.0
1993-01-14 00:00:00-05:00,8.388086953828447,8.449165024036448,8.28628964590916,8.347368240356445,214988,0.0,0.0
1993-01-15 00:00:00-05:00,8.347367488437886,8.347367488437886,8.265929544590412,8.306648254394531,139725,0.0,0.0
1993-01-18 00:00:00-05:00,8.327010569335382,8.469526628549842,8.327010569335382,8.388089179992676,367200,0.0,0.0
1993-01-19 00:00:00-05:00,8.388089179992676,8.42880790427126,8.347370455714094,8.388089179992676,262575,0.0,0.0
1993-01-20 00:00:00-05:00,8.428805667300448,8.449165024036448,8.347368240356445,8.347368240356445,263250,0.0,0.0
1993-01-21 00:00:00-05:00,8.347367488437886,8.347367488437886,8.245570189688351,8.306648254394531,130950,0.0,0.0
1993-01-22 00:00:00-05:00,8.30664536523982,8.30664536523982,8.204848626135693,8.245567321777344,338513,0.0,0.0
1993-01-25 00:00:00-05:00,8.265931129455566,8.286290488261221,8.225212411844259,8.265931129455566,257850,0.0,0.0
1993-01-26 00:00:00-05:00,8.306648254394531,8.388086198242005,8.306648254394531,8.306648254394531,504225,0.0,0.0
1993-01-27 00:00:00-05:00,8.306649526782854,8.347368767063463,8.286290168762207,8.286290168762207,128250,0.0,0.0
1993-01-28 00:00:00-05:00,8.273145726758935,8.334732183413452,8.232088088989258,8.232088088989258,203175,0.12444,0.0
1993-01-29 00:00:00-05:00,8.252622408208866,8.355266571044922,8.252622408208866,8.355266571044922,104625,0.0,0.0
1993-02-01 00:00:00-05:00,8.355264809533717,8.519495964050293,8.355264809533717,8.519495964050293,118463,0.0,0.0
1993-02-02 00:00:00-05:00,8.519499501502613,8.601615905761719,8.498970664739474,8.601615905761719,378338,0.0,0.0
1993-02-03 00:00:00-05:00,8.60160909418404,8.827426648357887,8.60160909418404,8.704253196716309,526163,0.0,0.0
1993-02-04 00:00:00-05:00,8.74531632955737,9.114836916531296,8.74531632955737,9.05324935913086,361125,0.0,0.0
1993-02-05 00:00:00-05:00,9.053245409794316,9.094304115885514,9.053245409794316,9.073775291442871,254813,0.0,0.0
1993-02-08 00:00:00-05:00,9.07377644983432,9.07377644983432,8.991660084374562,9.012188911437988,122175,0.0,0.0
1993-02-09 00:00:00-05:00,9.012189151362918,9.012189151362918,8.84795853048331,8.868487358093262,408038,0.0,0.0
1993-02-10 00:00:00-05:00,8.868487358093262,8.909545013313164,8.84795853048331,8.868487358093262,228150,0.0,0.0
1993-02-11 00:00:00-05:00,8.889020096042776,8.889020096042776,8.827433586120605,8.827433586120605,287213,0.0,0.0
1993-02-12 00:00:00-05:00,8.82743328889316,8.889019796741659,8.745317416491906,8.765846252441406,281813,0.0,0.0
1993-02-16 00:00:00-05:00,8.745310163543355,8.745310163543355,8.540020917099085,8.56054973602295,400613,0.0,0.0
1993-02-17 00:00:00-05:00,8.540026795745712,8.540026795745712,8.252622604370117,8.252622604370117,412088,0.0,0.0
1993-02-18 00:00:00-05:00,8.29367562202644,8.478435544571603,8.211559807226989,8.457906723022461,696938,0.0,0.0
1993-02-19 00:00:00-05:00,8.478440095051354,8.498968927618566,8.33473773847771,8.355266571044922,130950,0.0,0.0
1993-02-22 00:00:00-05:00,8.314207993720744,8.355265654350545,8.293679163405846,8.334736824035645,229500,0.0,0.0
1993-02-23 00:00:00-05:00,8.334734023175283,8.375791670007793,8.293676376342773,8.293676376342773,353363,0.0,0.0
1993-02-24 00:00:00-05:00,8.273147552926519,8.293676376342773,8.232089906094009,8.293676376342773,244350,0.0,0.0
1993-02-25 00:00:00-05:00,8.334735981294527,8.540024792289485,8.334735981294527,8.519495964050293,292275,0.0,0.0
1993-02-26 00:00:00-05:00,8.54002593699506,8.581083598976813,8.416852951049805,8.416852951049805,265613,0.0,0.0
1993-03-01 00:00:00-05:00,8.437383526035811,8.51949886697244,8.437383526035811,8.498970031738281,157275,0.0,0.0
1993-03-02 00:00:00-05:00,8.519492098175222,8.62213725000017,8.457905641403629,8.56054973602295,349313,0.0,0.0
1993-03-03 00:00:00-05:00,8.581079623761559,8.601609502448149,8.478435516357422,8.478435516357422,153225,0.0,0.0
1993-03-04 00:00:00-05:00,8.49896615198532,8.560552629573746,8.49896615198532,8.540023803710938,220725,0.0,0.0
1993-03-05 00:00:00-05:00,8.540021575458967,8.704253196716309,8.540021575458967,8.704253196716309,156938,0.0,0.0
1993-03-08 00:00:00-05:00,8.704256208610616,8.909545013313164,8.704256208610616,8.868487358093262,183938,0.0,0.0
1993-03-09 00:00:00-05:00,8.86849013769774,8.950605473874525,8.86849013769774,8.909547805786133,219038,0.0,0.0
1993-03-10 00:00:00-05:00,8.909540084716324,8.991655349731445,8.889011268462545,8.991655349731445,190350,0.0,0.0
1993-03-11 00:00:00-05:00,9.03271740343947,9.176420244758956,9.012188577137545,9.155891418457031,394538,0.0,0.0
1993-03-12 00:00:00-05:00,9.1148372034345,9.1148372034345,8.909547805786133,8.909547805786133,88425,0.0,0.0
1993-03-15 00:00:00-05:00,8.889020096042776,8.889020096042776,8.80690474947988,8.827433586120605,69863,0.0,0.0
1993-03-16 00:00:00-05:00,8.745317710954438,8.827433586120605,8.724788874313715,8.827433586120605,234900,0.0,0.0
1993-03-17 00:00:00-05:00,8.868491259402052,8.9095489326835,8.786375912839157,8.827433586120605,187988,0.0,0.0
1993-03-18 00:00:00-05:00,8.786375912839157,8.868491259402052,8.786375912839157,8.827433586120605,116100,0.0,0.0
1993-03-19 00:00:00-05:00,8.827433586120605,8.847962422761329,8.827433586120605,8.827433586120605,140738,0.0,0.0
1993-03-22 00:00:00-05:00,8.806899960130421,8.868486436560767,8.786371134653638,8.847957611083984,143775,0.0,0.0
1993-03-23 00:00:00-05:00,8.847958990785143,9.094305992126465,8.847958990785143,9.094305992126465,357750,0.0,0.0
1993-03-24 00:00:00-05:00,9.073775291442871,9.114832940328155,8.99165893646639,9.073775291442871,239625,0.0,0.0
1993-03-25 00:00:00-05:00,9.032715797424316,9.094303322585853,9.032715797424316,9.032715797424316,179213,0.0,0.0
1993-03-26 00:00:00-05:00,9.053247277564468,9.114834820804397,9.053247277564468,9.094305992126465,170100,0.0,0.0
1993-03-29 00:00:00-05:00,9.094304939551256,9.196949071060882,9.053246229741395,9.155891418457031,108338,0.0,0.0
1993-03-30 00:00:00-05:00,9.196950099854751,9.196950099854751,9.094305956863094,9.114834785461426,253800,0.0,0.0
1993-03-31 00:00:00-05:00,9.07378141403433,9.279070854187012,9.053251518533097,9.279070854187012,195413,0.0,0.0
1993-04-01 00:00:00-05:00,9.238006944189921,9.238006944189921,9.053245409794316,9.073775291442871,116438,0.0,0.0
1993-04-02 00:00:00-05:00,9.032716975052157,9.032716975052157,8.889015197753906,8.889015197753906,173813,0.0,0.0
1993-04-05 00:00:00-04:00,8.909547805786133,8.950605473874525,8.86849013769774,8.909547805786133,196425,0.0,0.0
1993-04-06 00:00:00-04:00,8.889015197753906,8.930072848410548,8.889015197753906,8.889015197753906,244013,0.0,0.0
1993-04-07 00:00:00-04:00,8.889014814253182,9.073775291442871,8.889014814253182,9.073775291442871,98888,0.0,0.0
1993-04-08 00:00:00-04:00,9.0532471380902,9.176421165466309,9.0532471380902,9.176421165466309,87075,0.0,0.0
1993-04-12 00:00:00-04:00,9.155896099901739,9.196953773498535,9.13536726310334,9.196953773498535,83700,0.0,0.0
1993-04-13 00:00:00-04:00,9.176423151755516,9.217480817366013,9.13536548614502,9.13536548614502,129263,0.0,0.0
1993-04-14 00:00:00-04:00,9.13536548614502,9.196951984560764,9.11483665333977,9.13536548614502,77625,0.0,0.0
1993-04-15 00:00:00-04:00,9.155892442658088,9.217478928453083,9.114834785461426,9.114834785461426,234900,0.0,0.0
1993-04-16 00:00:00-04:00,9.114834474550904,9.320123810737849,9.114834474550904,9.238008499145508,115763,0.0,0.0
1993-04-19 00:00:00-04:00,9.196950099854751,9.217478928453083,9.114834785461426,9.114834785461426,135000,0.0,0.0
1993-04-20 00:00:00-04:00,9.114832145237758,9.155889790541567,9.032715797424316,9.032715797424316,155250,0.0,0.0
1993-04-21 00:00:00-04:00,9.03271691032996,9.03271691032996,8.930072784423828,8.930072784423828,65813,0.0,0.0
1993-04-22 00:00:00-04:00,8.930073840923114,8.950602668533065,8.868487358093262,8.868487358093262,112388,0.0,0.0
1993-04-23 00:00:00-04:00,8.868490960792158,8.868490960792158,8.724788580542405,8.765846252441406,206213,0.0,0.0
1993-04-26 00:00:00-04:00,8.76584594698879,8.76584594698879,8.457912361269967,8.498970031738281,213975,0.0,0.0
1993-04-27 00:00:00-04:00,8.457909206576042,8.622140884399414,8.416851551421718,8.622140884399414,204525,0.0,0.0
1993-04-28 00:00:00-04:00,8.634561538696289,8.696681518820217,8.634561538696289,8.634561538696289,313200,0.13333,0.0
1993-04-29 00:00:00-04:00,8.634563578772037,8.655269888256962,8.61385726928711,8.61385726928711,99225,0.0,0.0
1993-04-30 00:00:00-04:00,8.613860980195257,8.634567298600603,8.489623069763184,8.489623069763184,91463,0.0,0.0
1993-05-03 00:00:00-04:00,8.510323964345677,8.61385549038941,8.365379294711486,8.593149185180664,179550,0.0,0.0
1993-05-04 00:00:00-04:00,8.655268506983312,8.883039474487305,8.655268506983312,8.883039474487305,152550,0.0,0.0
1993-05-05 00:00:00-04:00,8.862335351609644,8.986573219299316,8.862335351609644,8.986573219299316,160988,0.0,0.0
1993-05-06 00:00:00-04:00,8.98656902998891,9.048687934875488,8.98656902998891,9.048687934875488,134325,0.0,0.0
1993-05-07 00:00:00-04:00,9.027987480163574,9.027987480163574,9.007281165124406,9.027987480163574,198113,0.0,0.0
1993-05-10 00:00:00-04:00,8.986576891012646,9.007283210754395,8.945164251529148,9.007283210754395,157275,0.0,0.0
1993-05-11 00:00:00-04:00,8.986566114632462,8.986566114632462,8.779502632345022,8.820915222167969,132638,0.0,0.0
1993-05-12 00:00:00-04:00,8.820922166799285,8.820922166799285,8.779509544372559,8.779509544372559,55688,0.0,0.0
1993-05-13 00:00:00-04:00,8.77950527353239,8.77950527353239,8.696680068969727,8.696680068969727,193725,0.0,0.0
1993-05-14 00:00:00-04:00,8.696683142598038,8.696683142598038,8.531031608581543,8.531031608581543,68850,0.0,0.0
1993-05-17 00:00:00-04:00,8.531031608581543,8.613856842416745,8.510325300122744,8.531031608581543,313538,0.0,0.0
1993-05-18 00:00:00-04:00,8.489621152829727,8.510327466559643,8.427501678466797,8.427501678466797,128925,0.0,0.0
1993-05-19 00:00:00-04:00,8.406790483438906,8.448203086853027,8.323965276610664,8.448203086853027,428288,0.0,0.0
1993-05-20 00:00:00-04:00,8.468916218184535,8.531035706573874,8.468916218184535,8.489623069763184,218025,0.0,0.0
1993-05-21 00:00:00-04:00,8.510322525147082,8.551735128561202,8.448203086853027,8.448203086853027,167738,0.0,0.0
1993-05-24 00:00:00-04:00,8.510329536056778,8.510329536056778,8.386091090292448,8.406797409057617,449888,0.0,0.0
1993-05-25 00:00:00-04:00,8.365379546015014,8.57244313749582,8.365379546015014,8.551736831665039,1902150,0.0,0.0
1993-05-26 00:00:00-04:00,8.551736831665039,8.551736831665039,8.510324220003472,8.551736831665039,216675,0.0,0.0
1993-05-27 00:00:00-04:00,8.551738340832328,8.675977264088036,8.510325721862474,8.61385726928711,153900,0.0,0.0
1993-05-28 00:00:00-04:00,8.593148929510935,8.634561538696289,8.531030015732902,8.634561538696289,5738,0.0,0.0
1993-06-01 00:00:00-04:00,8.634560099202012,8.696680068969727,8.572441195780016,8.696680068969727,223763,0.0,0.0
1993-06-02 00:00:00-04:00,8.717390060424805,8.717390060424805,8.696683750518579,8.717390060424805,267300,0.0,0.0
1993-06-03 00:00:00-04:00,8.717390060424805,8.717390060424805,8.655270064359962,8.717390060424805,330075,0.0,0.0
1993-06-04 00:00:00-04:00,8.717388344657259,8.717388344657259,8.531030525834256,8.551736831665039,200813,0.0,0.0
1993-06-07 00:00:00-04:00,8.55173613275211,8.55173613275211,8.468910383025149,8.510323524475098,117450,0.0,0.0
1993-06-08 00:00:00-04:00,8.489617054191356,8.510323357924632,8.468910217285156,8.468910217285156,116100,0.0,0.0
1993-06-09 00:00:00-04:00,8.468916365353126,8.531035854821948,8.406797409057617,8.406797409057617,498825,0.0,0.0
1993-06-10 00:00:00-04:00,8.448207992196712,8.489621152829727,8.40679536473688,8.427501678466797,77963,0.0,0.0
1993-06-11 00:00:00-04:00,8.468910383025149,8.55173613275211,8.468910383025149,8.510323524475098,55688,0.0,0.0
1993-06-14 00:00:00-04:00,8.551736831665039,8.551736831665039,8.510324220003472,8.551736831665039,126900,0.0,0.0
1993-06-15 00:00:00-04:00,8.593149443326604,8.696682038826477,8.531030525834256,8.551736831665039,82350,0.0,0.0
1993-06-16 00:00:00-04:00,8.551735965391183,8.551735965391183,8.44820391355188,8.468910217285156,165375,0.0,0.0
1993-06-17 00:00:00-04:00,8.489623069763184,8.531035706573874,8.44820989977919,8.489623069763184,314888,0.0,0.0
1993-06-18 00:00:00-04:00,8.468911075168927,8.613855749157386,8.468911075168927,8.551736831665039,171450,0.0,0.0
1993-06-21 00:00:00-04:00,8.593150453825933,8.696683061500575,8.57244414556022,8.675976753234863,179550,0.0,0.0
1993-06-22 00:00:00-04:00,8.67597798830574,8.800215855585922,8.67597798830574,8.779509544372559,267975,0.0,0.0
1993-06-23 00:00:00-04:00,8.77950527353239,8.862331011267912,8.675973767829062,8.696680068969727,250763,0.0,0.0
1993-06-24 00:00:00-04:00,8.696681518820217,8.696681518820217,8.531030015732902,8.634561538696289,177188,0.0,0.0
1993-06-25 00:00:00-04:00,8.675976753234863,8.696683061500575,8.634563070357355,8.675976753234863,178538,0.0,0.0
1993-06-28 00:00:00-04:00,8.696683486110379,8.779508723217113,8.696683486110379,8.75880241394043,91125,0.0,0.0
1993-06-29 00:00:00-04:00,8.758798972391725,8.77950527353239,8.696680068969727,8.696680068969727,111375,0.0,0.0
1993-06-30 00:00:00-04:00,8.717385754049413,8.800210952758789,8.69667945437207,8.800210952758789,97875,0.0,0.0
1993-07-01 00:00:00-04:00,8.77950187005642,8.945152748138115,8.758795576942788,8.862327575683594,165713,0.0,0.0
1993-07-02 00:00:00-04:00,8.841629981994629,8.88304314463895,8.77951103778796,8.841629981994629,103613,0.0,0.0
1993-07-06 00:00:00-04:00,8.820920022772945,8.903745780667762,8.779507410412032,8.883039474487305,89438,0.0,0.0
1993-07-07 00:00:00-04:00,8.841630111637835,9.048693795202743,8.841630111637835,9.027987480163574,126563,0.0,0.0
1993-07-08 00:00:00-04:00,8.986570796188222,9.11080863037879,8.986570796188222,9.069396018981934,147825,0.0,0.0
1993-07-09 00:00:00-04:00,9.04868945716055,9.152222049068154,9.04868945716055,9.110808372497559,179888,0.0,0.0
1993-07-12 00:00:00-04:00,9.069397529165037,9.152223832096455,9.027984910872394,9.131516456604004,85050,0.0,0.0
1993-07-13 00:00:00-04:00,9.131516897442042,9.276462134809877,9.131516897442042,9.193636894226074,207900,0.0,0.0
1993-07-14 00:00:00-04:00,9.2350465133779,9.297165423628789,9.214340209960938,9.214340209960938,98888,0.0,0.0
1993-07-15 00:00:00-04:00,9.235049068681741,9.235049068681741,9.090103838311359,9.131516456604004,106650,0.0,0.0
1993-07-16 00:00:00-04:00,9.131510975759564,9.2350435256958,9.131510975759564,9.2350435256958,77625,0.0,0.0
1993-07-19 00:00:00-04:00,9.235048163707956,9.276460777942436,9.172929242356235,9.255754470825195,50963,0.0,0.0
1993-07-20 00:00:00-04:00,9.214340289930586,9.359285481453114,9.17292768273725,9.338579177856445,117450,0.0,0.0
1993-07-21 00:00:00-04:00,9.379993379874662,9.379993379874662,9.193635549473475,9.255754470825195,213638,0.0,0.0
1993-07-22 00:00:00-04:00,9.276460647583008,9.3385806344078,9.276460647583008,9.276460647583008,199463,0.0,0.0
1993-07-23 00:00:00-04:00,9.276460647583008,9.276460647583008,9.214341727104227,9.276460647583008,213638,0.0,0.0
1993-07-26 00:00:00-04:00,9.297164713787174,9.297164713787174,9.172926902770996,9.172926902770996,119138,0.0,0.0
1993-07-27 00:00:00-04:00,9.193636450389098,9.193636450389098,9.131516456604004,9.131516456604004,171450,0.0,0.0
1993-07-28 00:00:00-04:00,9.144039139812321,9.144039139812321,8.997902077823028,9.018778800964355,279113,0.13333,0.0
1993-07-29 00:00:00-04:00,9.018779122115792,9.123162741539446,8.99790239823106,9.060532569885254,277763,0.0,0.0
1993-07-30 00:00:00-04:00,9.102285855966468,9.102285855966468,9.039655685424805,9.039655685424805,156938,0.0,0.0
1993-08-02 00:00:00-04:00,9.060532156373796,9.311053906679316,9.060532156373796,9.26930046081543,128925,0.0,0.0
1993-08-03 00:00:00-04:00,9.269296984832696,9.352803845245429,9.22754355462633,9.311050415039062,141413,0.0,0.0
1993-08-04 00:00:00-04:00,9.290179252624512,9.290179252624512,9.227549069881249,9.290179252624512,135338,0.0,0.0
1993-08-05 00:00:00-04:00,9.269299601479577,9.269299601479577,9.144038200378418,9.144038200378418,55688,0.0,0.0
1993-08-06 00:00:00-04:00,9.144042507861379,9.144042507861379,9.039658853706836,9.081412315368652,451575,0.0,0.0
1993-08-09 00:00:00-04:00,9.123163223266602,9.123163223266602,9.081409773292448,9.123163223266602,263250,0.0,0.0
1993-08-10 00:00:00-04:00,9.123161479381908,9.144038200378418,9.1022847583854,9.144038200378418,185625,0.0,0.0
1993-08-11 00:00:00-04:00,9.123161479381908,9.144038200378418,9.1022847583854,9.144038200378418,114075,0.0,0.0
1993-08-12 00:00:00-04:00,9.164914921374928,9.206668363367946,9.123161479381908,9.144038200378418,177525,0.0,0.0
1993-08-13 00:00:00-04:00,9.144042507861379,9.144042507861379,9.081412315368652,9.081412315368652,120150,0.0,0.0
1993-08-16 00:00:00-04:00,9.102286498279526,9.14403994825368,9.081409773292448,9.123163223266602,164363,0.0,0.0
1993-08-17 00:00:00-04:00,9.102287292480469,9.144040746097732,9.102287292480469,9.102287292480469,213975,0.0,0.0
1993-08-18 00:00:00-04:00,9.144042507861379,9.185795969523195,9.081412315368652,9.081412315368652,235575,0.0,0.0
1993-08-19 00:00:00-04:00,9.102286498279526,9.185793398227833,9.081409773292448,9.123163223266602,432675,0.0,0.0
1993-08-20 00:00:00-04:00,9.123161804080743,9.185791969299316,9.102285082341218,9.185791969299316,71550,0.0,0.0
1993-08-23 00:00:00-04:00,9.164917472906364,9.206670926523628,9.102287292480469,9.102287292480469,105300,0.0,0.0
1993-08-24 00:00:00-04:00,9.081410565671836,9.102287292480469,9.060533838863204,9.102287292480469,217013,0.0,0.0
1993-08-25 00:00:00-04:00,9.102286498279526,9.206670123214911,9.081409773292448,9.123163223266602,172125,0.0,0.0
1993-08-26 00:00:00-04:00,9.123163223266602,9.14403994825368,9.06053304830537,9.123163223266602,146138,0.0,0.0
1993-08-27 00:00:00-04:00,9.12316577703047,9.12316577703047,9.081412315368652,9.081412315368652,89438,0.0,0.0
1993-08-30 00:00:00-04:00,9.060532156373796,9.290177183747373,9.060532156373796,9.26930046081543,143775,0.0,0.0
1993-08-31 00:00:00-04:00,9.248423737883487,9.290177183747373,9.248423737883487,9.26930046081543,158288,0.0,0.0
1993-09-01 00:00:00-04:00,9.269297320523004,9.352804183959961,9.269297320523004,9.352804183959961,481950,0.0,0.0
1993-09-02 00:00:00-04:00,9.39456224965614,9.457192420959473,9.39456224965614,9.457192420959473,377325,0.0,0.0
1993-09-03 00:00:00-04:00,9.540698680962329,9.540698680962329,9.457191791449782,9.498945236206055,149850,0.0,0.0
1993-09-07 00:00:00-04:00,9.478065490722656,9.498942206441995,9.457188775003315,9.478065490722656,152550,0.0,0.0
1993-09-08 00:00:00-04:00,9.47806914472725,9.47806914472725,9.436315697191695,9.457192420959473,144113,0.0,0.0
1993-09-09 00:00:00-04:00,9.436314419304864,9.478067861186073,9.415437698364258,9.415437698364258,219038,0.0,0.0
1993-09-10 00:00:00-04:00,9.436315865389147,9.6033296585083,9.436315865389147,9.6033296585083,229163,0.0,0.0
1993-09-13 00:00:00-04:00,9.6033296585083,9.770343451627454,9.6033296585083,9.6033296585083,233550,0.0,0.0
1993-09-14 00:00:00-04:00,9.519819259643555,9.582449409021844,9.498942543184125,9.519819259643555,315563,0.0,0.0
1993-09-15 00:00:00-04:00,9.519821958584192,9.519821958584192,9.498945236206055,9.498945236206055,264263,0.0,0.0
1993-09-16 00:00:00-04:00,9.519821303067284,9.540698024007888,9.415437698364258,9.415437698364258,221400,0.0,0.0
1993-09-17 00:00:00-04:00,9.352808512962385,9.457193215695494,9.352808512962385,9.43631649017334,152888,0.0,0.0
1993-09-20 00:00:00-04:00,9.436315319393177,9.436315319393177,9.26930046081543,9.26930046081543,78638,0.0,0.0
1993-09-21 00:00:00-04:00,9.290181659233646,9.290181659233646,9.206673652154215,9.227551460266113,107325,0.0,0.0
1993-09-22 00:00:00-04:00,9.24842288048307,9.269299601479577,9.144038200378418,9.144038200378418,201825,0.0,0.0
1993-09-23 00:00:00-04:00,9.185791969299316,9.227546487900508,9.164915247559792,9.185791969299316,162000,0.0,0.0
1993-09-24 00:00:00-04:00,9.185791642371438,9.185791642371438,9.144038200378418,9.144038200378418,169425,0.0,0.0
1993-09-27 00:00:00-04:00,9.164915771033511,9.26930046081543,9.164915771033511,9.26930046081543,124538,0.0,0.0
1993-09-28 00:00:00-04:00,9.248423737883487,9.311053906679316,9.227547014951544,9.26930046081543,69525,0.0,0.0
1993-09-29 00:00:00-04:00,9.269296984832696,9.331927130142246,9.269296984832696,9.311050415039062,37125,0.0,0.0
1993-09-30 00:00:00-04:00,9.311050415039062,9.373680560348612,9.311050415039062,9.311050415039062,97875,0.0,0.0
1993-10-01 00:00:00-04:00,9.311053906679316,9.373684075475145,9.26930046081543,9.26930046081543,221400,0.0,0.0
1993-10-04 00:00:00-04:00,9.29017414755014,9.311050863659194,9.227543999222977,9.248420715332031,36450,0.0,0.0
1993-10-05 00:00:00-04:00,9.20666948559565,9.227547284259119,9.144039314971948,9.164916038513184,185625,0.0,0.0
1993-10-06 00:00:00-04:00,9.164915247559792,9.206668691038841,9.164915247559792,9.185791969299316,136013,0.0,0.0
1993-10-07 00:00:00-04:00,9.185791642371438,9.185791642371438,9.123161479381908,9.144038200378418,138713,0.0,0.0
1993-10-08 00:00:00-04:00,9.164914921374928,9.164914921374928,9.123161479381908,9.144038200378418,83025,0.0,0.0
1993-10-11 00:00:00-04:00,9.164916038513184,9.185792762054417,9.144039314971948,9.164916038513184,44550,0.0,0.0
1993-10-12 00:00:00-04:00,9.164917472906364,9.185794199714996,9.102287292480469,9.102287292480469,189000,0.0,0.0
1993-10-13 00:00:00-04:00,9.060532084805022,9.060532084805022,8.93527174820279,8.997901916503906,377663,0.0,0.0
1993-10-14 00:00:00-04:00,8.956148147583008,8.977024869596233,8.914394165995478,8.956148147583008,214650,0.0,0.0
1993-10-15 00:00:00-04:00,8.956148631540373,9.018778800964355,8.91439464769661,9.018778800964355,443475,0.0,0.0
1993-10-18 00:00:00-04:00,9.06053224724701,9.102285693529666,8.997902077823028,9.018778800964355,131288,0.0,0.0
1993-10-19 00:00:00-04:00,8.997901916503906,9.102285530339099,8.997901916503906,8.997901916503906,119475,0.0,0.0
1993-10-20 00:00:00-04:00,9.018778313622686,9.018778313622686,8.956148147583008,8.956148147583008,105300,0.0,0.0
1993-10-21 00:00:00-04:00,8.956148147583008,9.018778313622686,8.935271425569782,8.956148147583008,149513,0.0,0.0
1993-10-22 00:00:00-04:00,8.956152193810606,9.060535851035386,8.914398193359375,8.914398193359375,132975,0.0,0.0
1993-10-25 00:00:00-04:00,8.872644730469462,8.914398193359375,8.747384341799727,8.914398193359375,304088,0.0,0.0
1993-10-26 00:00:00-04:00,8.872641716554693,8.872641716554693,8.768258094787598,8.768258094787598,385425,0.0,0.0
1993-10-27 00:00:00-04:00,8.7177223049129,8.7177223049129,8.528206779439397,8.633493423461914,329063,0.13333,0.0
1993-10-28 00:00:00-04:00,8.633490394302305,8.675604820251465,8.570318213169967,8.675604820251465,139388,0.0,0.0
1993-10-29 00:00:00-04:00,8.67560354270712,8.759832382202148,8.612431370877337,8.759832382202148,617625,0.0,0.0
1993-11-01 00:00:00-05:00,8.73877629063242,8.73877629063242,8.675604652927055,8.717719078063965,699975,0.0,0.0
1993-11-02 00:00:00-05:00,8.71771657428606,8.844060897827148,8.71771657428606,8.844060897827148,273713,0.0,0.0
1993-11-03 00:00:00-05:00,8.886177863028772,8.886177863028772,8.717719078063965,8.717719078063965,638888,0.0,0.0
1993-11-04 00:00:00-05:00,8.69666221373518,8.69666221373518,8.50714675082175,8.528203964233398,290588,0.0,0.0
1993-11-05 00:00:00-05:00,8.528205180432757,8.528205180432757,8.422918556151087,8.465033531188965,759713,0.0,0.0
1993-11-08 00:00:00-05:00,8.465026436311948,8.633484568645914,8.465026436311948,8.59136962890625,219375,0.0,0.0
1993-11-09 00:00:00-05:00,8.675604652927055,8.78089071576933,8.675604652927055,8.717719078063965,179213,0.0,0.0
1993-11-10 00:00:00-05:00,8.780889061584352,8.865118980407715,8.717717435779555,8.865118980407715,232538,0.0,0.0
1993-11-11 00:00:00-05:00,8.78089071576933,8.801947928337785,8.717719078063965,8.717719078063965,103950,0.0,0.0
1993-11-12 00:00:00-05:00,8.696662902832031,8.759834548072499,8.696662902832031,8.696662902832031,400613,0.0,0.0
1993-11-15 00:00:00-05:00,8.696662033226046,8.696662033226046,8.654547607276884,8.675604820251465,268650,0.0,0.0
1993-11-16 00:00:00-05:00,8.675602036540292,8.717716448976343,8.654544830322266,8.654544830322266,277763,0.0,0.0
1993-11-17 00:00:00-05:00,8.675602036540292,8.675602036540292,8.612429875677794,8.654544830322266,211275,0.0,0.0
1993-11-18 00:00:00-05:00,8.633485454621725,8.633485454621725,8.54925610870694,8.612427711486816,220725,0.0,0.0
1993-11-19 00:00:00-05:00,8.63349424605922,8.63349424605922,8.549264814374089,8.570322036743164,777263,0.0,0.0
1993-11-22 00:00:00-05:00,8.549262220964243,8.549262220964243,8.465033357038687,8.507147789001465,287888,0.0,0.0
1993-11-23 00:00:00-05:00,8.528202044242416,8.528202044242416,8.29657220665352,8.4229154586792,235238,0.0,0.0
1993-11-24 00:00:00-05:00,8.380801041337307,8.44397320955863,8.359743832666359,8.4229154586792,576113,0.0,0.0
1993-11-26 00:00:00-05:00,8.465033531188965,8.465033531188965,8.422918556151087,8.465033531188965,128925,0.0,0.0
1993-11-29 00:00:00-05:00,8.465030418229576,8.50714483557147,8.4229154586792,8.4229154586792,310163,0.0,0.0
1993-11-30 00:00:00-05:00,8.422913854346083,8.465028805874722,8.338685035705566,8.338685035705566,312863,0.0,0.0
1993-12-01 00:00:00-05:00,8.38079936908113,8.38079936908113,8.317627755673188,8.359742164611816,389813,0.0,0.0
1993-12-02 00:00:00-05:00,8.380801041337307,8.4229154586792,8.338686623995413,8.4229154586792,246375,0.0,0.0
1993-12-03 00:00:00-05:00,8.44397320955863,8.486087626900524,8.338686623995413,8.4229154586792,359438,0.0,0.0
1993-12-06 00:00:00-05:00,8.44397320955863,8.44397320955863,8.380801041337307,8.4229154586792,294300,0.0,0.0
1993-12-07 00:00:00-05:00,8.380802072186256,8.401859283447266,8.338687649664237,8.401859283447266,191363,0.0,0.0
1993-12-08 00:00:00-05:00,8.401856649685953,8.401856649685953,8.317627831045437,8.338685035705566,474863,0.0,0.0
1993-12-09 00:00:00-05:00,8.317629097352757,8.359743513084673,8.254457473754883,8.254457473754883,191025,0.0,0.0
1993-12-10 00:00:00-05:00,8.254457473754883,8.296571889486799,8.21234197360604,8.254457473754883,361800,0.0,0.0
1993-12-13 00:00:00-05:00,8.254459681027381,8.254459681027381,8.170229742623231,8.2123441696167,149850,0.0,0.0
1993-12-14 00:00:00-05:00,8.212342830363665,8.212342830363665,8.043884607653032,8.064942359924316,228488,0.0,0.0
1993-12-15 00:00:00-05:00,7.959656883611946,8.022828522659013,7.917542457580567,7.917542457580566,475200,0.0,0.0
1993-12-16 00:00:00-05:00,7.917541422549543,7.980713053338416,7.833312039289186,7.9385986328125,722250,0.0,0.0
1993-12-17 00:00:00-05:00,7.938599336814575,8.08600036393546,7.938599336814575,8.001770973205566,518738,0.0,0.0
1993-12-20 00:00:00-05:00,7.9807140966276355,7.9807140966276355,7.896485244564878,7.917542457580566,399600,0.0,0.0
1993-12-21 00:00:00-05:00,7.917542626699008,7.917542626699008,7.8333132306285185,7.875428199768066,304425,0.0,0.0
1993-12-22 00:00:00-05:00,7.875427956117844,7.8964851689318465,7.812255775467247,7.83331298828125,520763,0.0,0.0
1993-12-23 00:00:00-05:00,7.812251473128235,7.9596524238586435,7.79119427191079,7.959652423858643,738788,0.0,0.0
1993-12-27 00:00:00-05:00,7.959657412541229,8.022829055786133,7.93860019812626,8.022829055786133,154913,0.0,0.0
1993-12-28 00:00:00-05:00,8.022827397590268,8.08599956998708,8.022827397590268,8.064942359924316,183938,0.0,0.0
1993-12-29 00:00:00-05:00,8.043883578211995,8.08599853515625,8.043883578211995,8.08599853515625,63113,0.0,0.0
1993-12-30 00:00:00-05:00,8.107051781192716,8.149166175350254,8.064937387035178,8.128108978271484,247050,0.0,0.0
1993-12-31 00:00:00-05:00,8.170230953189002,8.191288169805738,8.128116519955528,8.149173736572266,189338,0.0,0.0
1994-01-03 00:00:00-05:00,8.128110002772457,8.128110002772457,8.085995603306644,8.10705280303955,813713,0.0,0.0
1994-01-04 00:00:00-05:00,8.107051781192716,8.170223372429023,8.085994584113946,8.128108978271484,1613925,0.0,0.0
1994-01-05 00:00:00-05:00,8.128113990112608,8.149171200175372,8.064942359924316,8.064942359924316,269663,0.0,0.0
1994-01-06 00:00:00-05:00,8.043883578211995,8.08599853515625,8.022826370844092,8.08599853515625,213975,0.0,0.0
1994-01-07 00:00:00-05:00,8.107056780049845,8.128113990112608,8.064942359924316,8.064942359924316,139388,0.0,0.0
1994-01-10 00:00:00-05:00,8.08599853515625,8.08599853515625,8.043883578211995,8.08599853515625,189675,0.0,0.0
1994-01-11 00:00:00-05:00,8.0438862702011,8.0649440268247,7.917542983711293,8.022829055786133,657113,0.0,0.0
1994-01-12 00:00:00-05:00,8.022828019323462,8.043885231018066,7.980713595934255,8.043885231018066,248400,0.0,0.0
1994-01-13 00:00:00-05:00,8.043884607653032,8.128113990112608,8.043884607653032,8.064942359924316,177525,0.0,0.0
1994-01-14 00:00:00-05:00,8.08599956998708,8.08599956998708,8.022827397590268,8.064942359924316,174488,0.0,0.0
1994-01-17 00:00:00-05:00,8.043885397466227,8.06494315180513,7.9807137610752354,8.001770973205566,137700,0.0,0.0
1994-01-18 00:00:00-05:00,8.001770263601374,8.001770263601374,7.875427002023627,7.9385986328125,169763,0.0,0.0
1994-01-19 00:00:00-05:00,7.917538021423753,7.980709625076089,7.896480820206308,7.959652423858643,187313,0.0,0.0
1994-01-20 00:00:00-05:00,7.917541960850444,8.086000196615835,7.8964847491558405,8.043885231018066,192375,0.0,0.0
1994-01-21 00:00:00-05:00,8.043885397466227,8.10705757606579,8.001770973205566,8.001770973205566,320963,0.0,0.0
1994-01-24 00:00:00-05:00,8.001771309643324,8.022828522659013,7.917542457580567,7.917542457580566,82013,0.0,0.0
1994-01-25 00:00:00-05:00,7.896484539132283,7.896484539132283,7.7490835189819345,7.749083518981934,312525,0.0,0.0
1994-01-26 00:00:00-05:00,7.74908157330322,7.74908157330322,7.580622842107254,7.664851665496826,243338,0.0,0.0
1994-01-27 00:00:00-05:00,7.664854438487538,7.917542626699008,7.664854438487538,7.875428199768066,222075,0.0,0.0
1994-01-28 00:00:00-05:00,7.9175403340045785,8.128112949892055,7.9175403340045785,8.08599853515625,213638,0.0,0.0
1994-01-31 00:00:00-05:00,8.085998726410292,8.254457473754883,8.064941518544334,8.254457473754883,236588,0.0,0.0
1994-02-01 00:00:00-05:00,8.254461970831075,8.338690848183262,8.23340366707551,8.317633628845215,240638,0.0,0.0
1994-02-02 00:00:00-05:00,8.287880456131536,8.287880456131536,8.181625978362668,8.224127769470215,338175,0.13333,0.0
1994-02-03 00:00:00-05:00,8.224124358025309,8.224124358025309,8.096618490397526,8.11786937713623,464738,0.0,0.0
1994-02-04 00:00:00-05:00,8.11786826496151,8.139119695984256,7.990362961997933,8.011613845825195,343575,0.0,0.0
1994-02-07 00:00:00-05:00,7.969109721147003,7.969109721147003,7.820353031158447,7.820353031158447,161663,0.0,0.0
1994-02-08 00:00:00-05:00,7.841607775357244,8.054117202758789,7.841607775357244,8.054117202758789,375638,0.0,0.0
1994-02-09 00:00:00-05:00,8.011616210923458,8.096619771326294,7.990365320822749,8.075368881225586,115425,0.0,0.0
1994-02-10 00:00:00-05:00,8.096617698669434,8.160370899846995,8.075366814008747,8.096617698669434,173813,0.0,0.0
1994-02-11 00:00:00-05:00,8.075368881225586,8.096619771326294,8.054117991124876,8.075368881225586,129938,0.0,0.0
1994-02-14 00:00:00-05:00,8.054116716920118,8.1816225845479,8.032865830181414,8.11786937713623,125213,0.0,0.0
1994-02-15 00:00:00-05:00,8.160375082808894,8.224127769470215,8.13912418725512,8.224127769470215,186975,0.0,0.0
1994-02-16 00:00:00-05:00,8.287877406953418,8.351631164550781,8.202873856011829,8.351631164550781,642263,0.0,0.0
1994-02-17 00:00:00-05:00,8.330379165866235,8.457884475274364,8.330379165866235,8.372880935668945,224438,0.0,0.0
1994-02-18 00:00:00-05:00,8.39412769609695,8.41537857055664,8.372876821637261,8.41537857055664,110363,0.0,0.0
1994-02-22 00:00:00-05:00,8.394131741348053,8.564139366149902,8.394131741348053,8.564139366149902,412425,0.0,0.0
1994-02-23 00:00:00-05:00,8.564135238969715,8.585386113429404,8.41537857055664,8.41537857055664,225450,0.0,0.0
1994-02-24 00:00:00-05:00,8.394132131448032,8.479135674201567,8.351630360071264,8.457884788513184,267638,0.0,0.0
1994-02-25 00:00:00-05:00,8.457883676736362,8.479134559631348,8.457883676736362,8.479134559631348,177525,0.0,0.0
1994-02-28 00:00:00-05:00,8.457883676736362,8.500385442526333,8.457883676736362,8.479134559631348,226125,0.0,0.0
1994-03-01 00:00:00-05:00,8.500388386463124,8.542890714168374,8.436635715698726,8.521639823913574,771525,0.0,0.0
1994-03-02 00:00:00-05:00,8.457884788513184,8.457884788513184,8.394132131448032,8.457884788513184,127913,0.0,0.0
1994-03-03 00:00:00-05:00,8.479135674201567,8.479135674201567,8.351630360071264,8.457884788513184,149175,0.0,0.0
1994-03-04 00:00:00-05:00,8.479137496208326,8.542890714168374,8.436635715698726,8.521639823913574,117113,0.0,0.0
1994-03-07 00:00:00-05:00,8.54288816400149,8.606640815734863,8.500385848983752,8.606640815734863,385425,0.0,0.0
1994-03-08 00:00:00-05:00,8.606641296653141,8.67039395194886,8.500386323964758,8.542888641357422,570713,0.0,0.0
1994-03-09 00:00:00-05:00,8.500385442526333,8.542887755511764,8.41538191094639,8.479134559631348,490725,0.0,0.0
1994-03-10 00:00:00-05:00,8.479135674201567,8.521637992773867,8.4366339028248,8.457884788513184,1038825,0.0,0.0
1994-03-11 00:00:00-05:00,8.457880927308123,8.457880927308123,8.330375671386719,8.330375671386719,138713,0.0,0.0
1994-03-14 00:00:00-05:00,8.37288014515642,8.479134559631348,8.351629262261435,8.479134559631348,97538,0.0,0.0
1994-03-15 00:00:00-05:00,8.479135280151224,8.649142904953072,8.479135280151224,8.564139366149902,159975,0.0,0.0
1994-03-16 00:00:00-05:00,8.564138889969717,8.649142424046554,8.542888006450509,8.627891540527344,154913,0.0,0.0
1994-03-17 00:00:00-05:00,8.670393307565762,8.712895621799655,8.606640657008136,8.627891540527344,207900,0.0,0.0
1994-03-18 00:00:00-05:00,8.79789899441982,8.925405387586062,8.649142265319824,8.649142265319824,390150,0.0,0.0
1994-03-21 00:00:00-05:00,8.64914384821665,8.691645622253418,8.542889413124724,8.691645622253418,54338,0.0,0.0
1994-03-22 00:00:00-05:00,8.564138732802952,8.670393148449042,8.542887849673733,8.649142265319824,183600,0.0,0.0
1994-03-23 00:00:00-05:00,8.606643384932772,8.627894275187572,8.521639823913574,8.521639823913574,118800,0.0,0.0
1994-03-24 00:00:00-05:00,8.521639823913574,8.521639823913574,8.436635715698726,8.521639823913574,128925,0.0,0.0
1994-03-25 00:00:00-05:00,8.479137496208326,8.606643384932772,8.457886605953526,8.521639823913574,125213,0.0,0.0
1994-03-28 00:00:00-05:00,8.479135674201567,8.542888878462252,8.457884788513184,8.457884788513184,65475,0.0,0.0
1994-03-29 00:00:00-05:00,8.436633577704486,8.45788446257393,8.202872749749577,8.26662540435791,254475,0.0,0.0
1994-03-30 00:00:00-05:00,8.160375082808894,8.287880456131536,8.096621848951786,8.224127769470215,178875,0.0,0.0
1994-03-31 00:00:00-05:00,8.117868510585183,8.181621711191447,8.075366741644673,8.160370826721191,328388,0.0,0.0
1994-04-04 00:00:00-04:00,8.117868583330118,8.13912001518631,8.096617698669434,8.096617698669434,138713,0.0,0.0
1994-04-05 00:00:00-04:00,8.054121236099432,8.160376276608371,7.969117641448974,7.969117641448975,234563,0.0,0.0
1994-04-06 00:00:00-04:00,7.9691144307220405,8.096619771326294,7.9691144307220405,8.075368881225586,158625,0.0,0.0
1994-04-07 00:00:00-04:00,8.075366497306984,8.075366497306984,7.96911207817067,8.011613845825195,291938,0.0,0.0
1994-04-08 00:00:00-04:00,8.054115613479722,8.11786826496151,8.011613845825195,8.011613845825195,141750,0.0,0.0
1994-04-11 00:00:00-04:00,8.054117991124876,8.096619771326294,7.990365320822749,8.075368881225586,223425,0.0,0.0
1994-04-12 00:00:00-04:00,8.054115773783392,8.096617542283845,7.969112236782488,7.990363121032715,125888,0.0,0.0
1994-04-13 00:00:00-04:00,8.032864570617676,8.139119534845836,8.032864570617676,8.032864570617676,54338,0.0,0.0
1994-04-14 00:00:00-04:00,7.990362803804601,8.054115454024213,7.990362803804601,8.032864570617676,95850,0.0,0.0
1994-04-15 00:00:00-04:00,7.990362961997933,8.054115613479722,7.990362961997933,8.011613845825195,88088,0.0,0.0
1994-04-18 00:00:00-04:00,7.9903685401115885,7.9903685401115885,7.926615296927879,7.969117641448975,178200,0.0,0.0
1994-04-19 00:00:00-04:00,7.94786674278636,8.011619438774202,7.926615296927879,7.969117641448975,164025,0.0,0.0
1994-04-20 00:00:00-04:00,7.947866379136484,7.947866379136484,7.841611343489181,7.905364036560059,360113,0.0,0.0
1994-04-21 00:00:00-04:00,7.862862600940035,7.969117641448974,7.862862600940035,7.969117641448975,354713,0.0,0.0
1994-04-22 00:00:00-04:00,7.947859343037359,7.947859343037359,7.884106159210205,7.884106159210205,191363,0.0,0.0
1994-04-25 00:00:00-04:00,7.905364036560059,7.926614934250351,7.905364036560059,7.905364036560059,147150,0.0,0.0
1994-04-26 00:00:00-04:00,7.8841064690500655,7.905357348762475,7.841604709625244,7.841604709625244,81675,0.32062,0.0
1994-04-28 00:00:00-04:00,8.070452239061376,8.092442487279941,8.004480361938477,8.004480361938477,83700,0.14222,0.0
1994-04-29 00:00:00-04:00,8.004477144512622,8.158409952635983,7.982486905133107,8.114429473876953,340538,0.0,0.0
1994-05-02 00:00:00-04:00,8.158409952635983,8.158409952635983,8.092439234497437,8.114429473876953,124538,0.0,0.0
1994-05-03 00:00:00-04:00,8.070452690124512,8.092442939572127,7.960500310419169,8.070452690124512,344925,0.0,0.0
1994-05-04 00:00:00-04:00,8.09244648775141,8.246378867610877,8.09244648775141,8.180407524108887,248063,0.0,0.0
1994-05-05 00:00:00-04:00,8.180401572633594,8.35632408359379,8.136421086451913,8.31234359741211,157275,0.0,0.0
1994-05-06 00:00:00-04:00,8.268365761816131,8.290356011956375,8.114433444600774,8.224385261535645,294975,0.0,0.0
1994-05-09 00:00:00-04:00,8.20238971710205,8.224380520799905,8.158409242172993,8.20238971710205,98213,0.0,0.0
1994-05-10 00:00:00-04:00,8.268365332922913,8.268365332922913,8.180403770690992,8.24637508392334,142425,0.0,0.0
1994-05-11 00:00:00-04:00,8.290355781763445,8.334336280822754,8.26836553223379,8.334336280822754,255150,0.0,0.0
1994-05-12 00:00:00-04:00,8.334331731547591,8.48826396046527,8.334331731547591,8.444283485412598,334125,0.0,0.0
1994-05-13 00:00:00-04:00,8.46627705274484,8.46627705274484,8.378315501810691,8.40030574798584,64463,0.0,0.0
1994-05-16 00:00:00-04:00,8.444284556903291,8.554235758486618,8.422294316586626,8.488265037536621,267975,0.0,0.0
1994-05-17 00:00:00-04:00,8.444279193996879,8.543235778808594,8.444279193996879,8.543235778808594,64800,0.0,1.5
1994-05-18 00:00:00-04:00,8.576231400368547,8.741159439086914,8.576231400368547,8.741159439086914,163575,0.0,0.0
1994-05-19 00:00:00-04:00,8.774140679543713,8.906082708510553,8.741155313860375,8.80712604522705,155925,0.0,0.0
1994-05-20 00:00:00-04:00,8.807123323134403,9.038021944018942,8.807123323134403,8.972050666809082,327375,0.0,0.0
1994-05-23 00:00:00-04:00,8.939069997593833,8.939069997593833,8.77414201167012,8.906084060668945,110925,0.0,0.0
1994-05-24 00:00:00-04:00,8.939069997593833,8.939069997593833,8.873098123744057,8.906084060668945,91125,0.0,0.0
1994-05-25 00:00:00-04:00,8.840109061561506,8.840109061561506,8.642196366502159,8.70816707611084,92250,0.0,0.0
1994-05-26 00:00:00-04:00,8.543245026149734,8.807128594224247,8.477273709455867,8.77414321899414,143325,0.0,0.0
1994-05-27 00:00:00-04:00,8.807130201587256,8.840116149071182,8.741159439086914,8.741159439086914,44325,0.0,0.0
1994-05-31 00:00:00-04:00,8.741159439086914,8.807130201587256,8.675188110352815,8.741159439086914,91800,0.0,0.0
1994-06-01 00:00:00-04:00,8.708168767727363,8.840110778808594,8.708168767727363,8.840110778808594,76500,0.0,0.0
1994-06-02 00:00:00-04:00,8.906082396826882,8.93906832758931,8.807125737006537,8.873096466064453,144225,0.0,0.0
1994-06-03 00:00:00-04:00,8.807127443446022,9.071011543273926,8.77414207252593,9.071011543273926,368550,0.0,0.0
1994-06-06 00:00:00-04:00,9.03802146799179,9.235934722964084,9.03802146799179,9.169962882995605,142200,0.0,0.0
1994-06-07 00:00:00-04:00,9.103996914194019,9.13698285134769,9.071011543273926,9.071011543273926,72000,0.0,0.0
1994-06-08 00:00:00-04:00,9.13697833881595,9.13697833881595,8.972050433202215,9.005036354064941,58500,0.0,0.0
1994-06-09 00:00:00-04:00,9.00503658853067,9.038021944018942,8.972050666809082,8.972050666809082,70650,0.0,0.0
1994-06-10 00:00:00-04:00,9.038025857234889,9.071011227004918,8.906083811921217,8.939069747924805,119700,0.0,0.0
1994-06-13 00:00:00-04:00,8.939069747924805,8.939069747924805,8.84011307238116,8.939069747924805,165825,0.0,0.0
1994-06-14 00:00:00-04:00,8.939069747924805,8.939069747924805,8.906083811921217,8.939069747924805,92925,0.0,0.0
1994-06-15 00:00:00-04:00,8.939067860255971,9.038023948669434,8.80712527657114,9.038023948669434,130950,0.0,0.0
1994-06-16 00:00:00-04:00,9.103992417953224,9.103992417953224,8.972050433202215,9.005036354064941,121500,0.0,0.0
1994-06-17 00:00:00-04:00,9.071011543273926,9.13698285134769,9.071011543273926,9.071011543273926,255375,0.0,0.0
1994-06-20 00:00:00-04:00,9.071007063323798,9.103992417953224,9.005036354064941,9.005036354064941,337275,0.0,0.0
1994-06-21 00:00:00-04:00,9.005038151101779,9.005038151101779,8.840110778808594,8.840110778808594,233325,0.0,0.0
1994-06-22 00:00:00-04:00,8.840109061561506,8.873093850132545,8.70816707611084,8.70816707611084,57825,0.0,0.0
1994-06-23 00:00:00-04:00,8.708169948177037,8.906082708510553,8.708169948177037,8.80712604522705,219150,0.0,0.0
1994-06-24 00:00:00-04:00,8.807129186934521,8.807129186934521,8.675187110900879,8.675187110900879,156600,0.0,0.0
1994-06-27 00:00:00-04:00,8.642203295336401,8.741159439086914,8.609217347852473,8.741159439086914,96075,0.0,0.0
1994-06-28 00:00:00-04:00,8.708170498578605,8.708170498578605,8.609213829040527,8.609213829040527,296550,0.0,0.0
1994-06-29 00:00:00-04:00,8.642200011686157,8.675184814169818,8.510257404350261,8.576228141784668,88425,0.0,0.0
1994-06-30 00:00:00-04:00,8.510257675980199,8.939069747924805,8.510257675980199,8.939069747924805,315900,0.0,0.0
1994-07-01 00:00:00-04:00,8.840112535884867,8.840112535884867,8.54324309350416,8.609213829040527,173025,0.0,0.0
1994-07-05 00:00:00-04:00,8.576230412317225,8.675187110900879,8.576230412317225,8.675187110900879,106200,0.0,0.0
1994-07-06 00:00:00-04:00,8.708170498578605,8.708170498578605,8.576227895038818,8.609213829040527,126450,0.0,0.0
1994-07-07 00:00:00-04:00,8.576229835146188,8.807128594224247,8.576229835146188,8.77414321899414,505575,0.0,0.0
1994-07-08 00:00:00-04:00,8.774140679543713,8.80712604522705,8.774140679543713,8.80712604522705,126225,0.0,0.0
1994-07-11 00:00:00-04:00,8.807130201587256,8.807130201587256,8.708174057836743,8.741159439086914,140625,0.0,0.0
1994-07-12 00:00:00-04:00,8.708170498578605,8.741155866346789,8.609213829040527,8.609213829040527,60300,0.0,0.0
1994-07-13 00:00:00-04:00,8.609210733133597,8.675181444946633,8.543240021320564,8.642196655273438,27225,0.0,0.0
1994-07-14 00:00:00-04:00,8.675188110352815,8.807130201587256,8.675188110352815,8.741159439086914,210150,0.0,0.0
1994-07-15 00:00:00-04:00,8.741156640978806,8.906084060668945,8.741156640978806,8.906084060668945,123300,0.0,0.0
1994-07-18 00:00:00-04:00,8.906085286148224,8.906085286148224,8.741157843764032,8.77414321899414,81450,0.0,0.0
1994-07-19 00:00:00-04:00,8.741154128939318,8.93906742867787,8.741154128939318,8.840110778808594,76500,0.0,0.0
1994-07-20 00:00:00-04:00,8.873098123744057,8.972054802051572,8.84011331928632,8.906084060668945,56250,0.0,0.0
1994-07-21 00:00:00-04:00,8.906084060668945,8.939069997593833,8.873098123744057,8.906084060668945,378450,0.0,0.0
1994-07-22 00:00:00-04:00,8.873096466064453,8.873096466064453,8.807125737006537,8.873096466064453,41175,0.0,0.0
1994-07-25 00:00:00-04:00,8.873096466064453,8.906082396826882,8.840111667768966,8.873096466064453,121500,0.0,0.0
1994-07-26 00:00:00-04:00,8.840110778808594,8.906081501232503,8.840110778808594,8.840110778808594,41850,0.0,0.0
1994-07-27 00:00:00-04:00,8.892061233520508,8.92536527901082,8.825454285928277,8.892061233520508,266850,0.14222,0.0
1994-07-28 00:00:00-04:00,8.858757759724392,8.892061233520508,8.858757759724392,8.892061233520508,62325,0.0,0.0
1994-07-29 00:00:00-04:00,8.892064319092755,8.925368376139675,8.825457348387712,8.858760833740234,78075,0.0,0.0
1994-08-01 00:00:00-04:00,8.858761713679755,8.991976240016418,8.8254582250192,8.925369262695312,168075,0.0,0.0
1994-08-02 00:00:00-04:00,8.92536527901082,8.958668181112738,8.858757759724392,8.892061233520508,256500,0.0,0.0
1994-08-03 00:00:00-04:00,8.925368655125125,8.99197562791214,8.825457624250184,8.958671569824219,162000,0.0,0.0
1994-08-04 00:00:00-04:00,8.991972923278809,8.991972923278809,8.892061922455408,8.991972923278809,155475,0.0,0.0
1994-08-05 00:00:00-04:00,8.958671569824219,8.958671569824219,8.925368655125125,8.958671569824219,324225,0.0,0.0
1994-08-08 00:00:00-04:00,8.958669987023015,9.025278091430664,8.958669987023015,9.025278091430664,116775,0.0,0.0
1994-08-09 00:00:00-04:00,9.025276971349436,9.058579876031581,8.958668875208181,8.991972923278809,251775,0.0,0.0
1994-08-10 00:00:00-04:00,8.958671569824219,9.025279686000063,8.958671569824219,8.958671569824219,108450,0.0,0.0
1994-08-11 00:00:00-04:00,8.99197562791214,8.99197562791214,8.925368655125125,8.958671569824219,181575,0.0,0.0
1994-08-12 00:00:00-04:00,8.958668875208181,9.025276971349436,8.925365970526036,8.991972923278809,274275,0.0,0.0
1994-08-15 00:00:00-04:00,9.0252830989244,9.158497094873507,9.0252830989244,9.12519359588623,238950,0.0,0.0
1994-08-16 00:00:00-04:00,9.125187657329759,9.158491134643555,9.025277225388372,9.158491134643555,86400,0.0,0.0
1994-08-17 00:00:00-04:00,9.191797256469727,9.291708288850128,9.191797256469727,9.191797256469727,325350,0.0,0.0
1994-08-18 00:00:00-04:00,9.258398056030273,9.35830902178216,9.225095163038365,9.258398056030273,206325,0.0,0.0
1994-08-19 00:00:00-04:00,9.19179461195735,9.19179461195735,9.125187657329759,9.158491134643555,69075,0.0,0.0
1994-08-22 00:00:00-04:00,9.191797256469727,9.191797256469727,9.125190282679075,9.191797256469727,134325,0.0,0.0
1994-08-23 00:00:00-04:00,9.158497094873507,9.158497094873507,9.058586026217046,9.12519359588623,355050,0.0,0.0
1994-08-24 00:00:00-04:00,9.191791126658375,9.325006128790253,9.125184197286478,9.258398056030273,380250,0.0,0.0
1994-08-25 00:00:00-04:00,9.225095163038365,9.325006128790253,9.191791126658375,9.258398056030273,568575,0.0,0.0
1994-08-26 00:00:00-04:00,9.258398056030273,9.258398056030273,9.191791126658375,9.258398056030273,135450,0.0,0.0
1994-08-29 00:00:00-04:00,9.325013652871203,9.52483517391108,9.325013652871203,9.391620635986328,256050,0.0,0.0
1994-08-30 00:00:00-04:00,9.358311653137207,9.424919172931741,9.291704705036874,9.358311653137207,53325,0.0,0.0
1994-08-31 00:00:00-04:00,9.291711662517242,9.32501573319915,9.058586026217046,9.12519359588623,390825,0.0,0.0
1994-09-01 00:00:00-04:00,9.158491405146158,9.158491405146158,9.025277491956407,9.05858039855957,153450,0.0,0.0
1994-09-02 00:00:00-04:00,9.125184197286478,9.291702092410263,9.125184197286478,9.258398056030273,87075,0.0,0.0
1994-09-06 00:00:00-04:00,9.291704177856445,9.291704177856445,9.258400134001638,9.291704177856445,62550,0.0,0.0
1994-09-07 00:00:00-04:00,9.291704177856445,9.325008221711252,9.22509723353517,9.291704177856445,156150,0.0,0.0
1994-09-08 00:00:00-04:00,9.258398056030273,9.291702092410263,9.191791126658375,9.258398056030273,133875,0.0,0.0
1994-09-09 00:00:00-04:00,9.191800593860783,9.191800593860783,9.091890096898954,9.12519359588623,69525,0.0,0.0
1994-09-12 00:00:00-04:00,9.091884448551284,9.091884448551284,8.958669391972983,9.05858039855957,214875,0.0,0.0
1994-09-13 00:00:00-04:00,9.025277655237213,9.09188461303711,9.025277655237213,9.09188461303711,123075,0.0,0.0
1994-09-14 00:00:00-04:00,9.058581000245862,9.125188532959198,8.958669987023015,9.025278091430664,76725,0.0,0.0
1994-09-15 00:00:00-04:00,8.9586717048136,9.191797256469727,8.9586717048136,9.191797256469727,164250,0.0,0.0
1994-09-16 00:00:00-04:00,9.191795049736951,9.191795049736951,9.058580562442875,9.09188461303711,248625,0.0,0.0
1994-09-19 00:00:00-04:00,9.058582737194001,9.258404230260378,9.058582737194001,9.191797256469727,408600,0.0,0.0
1994-09-20 00:00:00-04:00,9.12519359588623,9.158497094873507,9.058586026217046,9.12519359588623,123075,0.0,0.0
1994-09-21 00:00:00-04:00,9.091885052449687,9.091885052449687,8.958669987023015,9.025278091430664,363375,0.0,0.0
1994-09-22 00:00:00-04:00,8.991972660626303,9.058579611433508,8.79215123651046,8.825454711914062,113400,0.0,0.0
1994-09-23 00:00:00-04:00,8.825454398492734,8.892061346934506,8.725543975830078,8.725543975830078,182925,0.0,0.0
1994-09-26 00:00:00-04:00,8.758849805988271,8.892064319092755,8.758849805988271,8.858760833740234,109125,0.0,0.0
1994-09-27 00:00:00-04:00,8.858761713679755,8.925369262695312,8.858761713679755,8.925369262695312,477900,0.0,0.0
1994-09-28 00:00:00-04:00,8.958672179661413,9.025280300371424,8.892065202340307,8.925369262695312,168975,0.0,0.0
1994-09-29 00:00:00-04:00,8.925365927670999,8.925365927670999,8.79215145111084,8.79215145111084,127125,0.0,0.0
1994-09-30 00:00:00-04:00,8.892061233520508,8.92536527901082,8.79215081213216,8.892061233520508,162225,0.0,0.0
1994-10-03 00:00:00-04:00,8.858760616753804,8.892064101290591,8.65893856614432,8.692242622375488,216000,0.0,0.0
1994-10-04 00:00:00-04:00,8.725548441163733,8.725548441163733,8.625637395677002,8.658940315246582,165150,0.0,0.0
1994-10-05 00:00:00-04:00,8.592331378389115,8.592331378389115,8.459116871938,8.525724411010742,240525,0.0,0.0
1994-10-06 00:00:00-04:00,8.592331378389115,8.62563543377267,8.492420927321556,8.525724411010742,191025,0.0,0.0
1994-10-07 00:00:00-04:00,8.525721299769774,8.625632286071777,8.42581088516193,8.625632286071777,136350,0.0,0.0
1994-10-10 00:00:00-04:00,8.625632981473217,8.825454398492734,8.625632981473217,8.725543975830078,134100,0.0,0.0
1994-10-11 00:00:00-04:00,8.79215386303519,8.892064319092755,8.79215386303519,8.858760833740234,81675,0.0,0.0
1994-10-12 00:00:00-04:00,8.858757872713621,8.858757872713621,8.725543975830078,8.725543975830078,113400,0.0,0.0
1994-10-13 00:00:00-04:00,8.725546892330145,8.892064319092755,8.725546892330145,8.858760833740234,166500,0.0,0.0
1994-10-14 00:00:00-04:00,8.92536527901082,8.991972226603052,8.892061233520508,8.892061233520508,239850,0.0,0.0
1994-10-17 00:00:00-04:00,8.892061922455408,8.991972923278809,8.825454969702635,8.991972923278809,185850,0.0,0.0
1994-10-18 00:00:00-04:00,8.925367078207817,9.058581000245862,8.925367078207817,9.025278091430664,90900,0.0,0.0
1994-10-19 00:00:00-04:00,8.991976240016418,8.991976240016418,8.892065202340307,8.925369262695312,170775,0.0,0.0
1994-10-20 00:00:00-04:00,8.991972226603052,9.058579174195282,8.825454285928277,8.892061233520508,139500,0.0,0.0
1994-10-21 00:00:00-04:00,8.858759199629725,8.858759199629725,8.725545282792634,8.758848190307617,192375,0.0,0.0
1994-10-24 00:00:00-04:00,8.758851360733313,8.758851360733313,8.625637395677002,8.658940315246582,260775,0.0,0.0
1994-10-25 00:00:00-04:00,8.592331886291504,8.625635943643697,8.55902840063371,8.592331886291504,65700,0.0,0.0
1994-10-26 00:00:00-04:00,8.577529726567565,8.577529726567565,8.476617421927186,8.543891906738281,164025,0.14222,0.0
1994-10-27 00:00:00-04:00,8.543892119778679,8.543892119778679,8.44297981262207,8.44297981262207,375075,0.0,0.0
1994-10-28 00:00:00-04:00,8.476617813110352,8.577530122407682,8.442979991728732,8.476617813110352,275175,0.0,0.0
1994-10-31 00:00:00-05:00,8.409338753718027,8.442975401966596,8.375700950622559,8.375700950622559,349200,0.0,0.0
1994-11-01 00:00:00-05:00,8.375709434473507,8.61117140752664,8.342072174729926,8.510259628295898,542700,0.0,0.0
1994-11-02 00:00:00-05:00,8.611167299550916,8.779354095458984,8.543892234733432,8.779354095458984,510975,0.0,0.0
1994-11-03 00:00:00-05:00,8.779353704687596,8.880266008710308,8.779353704687596,8.846628189086914,438525,0.0,0.0
1994-11-04 00:00:00-05:00,8.81299039140554,8.81299039140554,8.611165809304566,8.644803047180176,195525,0.0,0.0
1994-11-07 00:00:00-05:00,8.611165046691895,8.678439516485225,8.57752781179523,8.611165046691895,105300,0.0,0.0
1994-11-08 00:00:00-05:00,8.64480866727022,8.64480866727022,8.442983953960667,8.510259628295898,222300,0.0,0.0
1994-11-09 00:00:00-05:00,8.476621791128283,8.61117140752664,8.476621791128283,8.510259628295898,550800,0.0,0.0
1994-11-10 00:00:00-05:00,8.510251295196662,8.712075233459473,8.44297568673661,8.712075233459473,220050,0.0,0.0
1994-11-11 00:00:00-05:00,8.644802281588559,8.644802281588559,8.57752781179523,8.611165046691895,54675,0.0,0.0
1994-11-14 00:00:00-05:00,8.577529674065907,8.846628189086914,8.577529674065907,8.846628189086914,258525,0.0,0.0
1994-11-15 00:00:00-05:00,8.8466241406857,8.880261944915727,8.577525748809776,8.712075233459473,396225,0.0,0.0
1994-11-16 00:00:00-05:00,8.779352576106271,8.81299039140554,8.611165809304566,8.644803047180176,501975,0.0,0.0
1994-11-17 00:00:00-05:00,8.678440285055784,8.712078100355054,8.543890756129688,8.644803047180176,616725,0.0,0.0
1994-11-18 00:00:00-05:00,8.611162685173593,8.611162685173593,8.342063724950538,8.375700950622559,349875,0.0,0.0
1994-11-21 00:00:00-05:00,8.342069302673634,8.375706550836387,8.173882484436035,8.173882484436035,130275,0.0,0.0
1994-11-22 00:00:00-05:00,8.140243360534603,8.140243360534603,7.871144840728176,8.005694389343262,301725,0.0,0.0
1994-11-23 00:00:00-05:00,7.972058028487395,8.308431648525964,7.972058028487395,8.241156578063965,855225,0.0,0.0
1994-11-25 00:00:00-05:00,8.308430476730857,8.375704960280864,8.308430476730857,8.34206771850586,167175,0.0,0.0
1994-11-28 00:00:00-05:00,8.274797655242764,8.57753414778306,8.274797655242764,8.510259628295898,722925,0.0,0.0
1994-11-29 00:00:00-05:00,8.543891906738281,8.543891906738281,8.409342937116092,8.543891906738281,291600,0.0,0.0
1994-11-30 00:00:00-05:00,8.510259628295898,8.543896310615445,8.510259628295898,8.510259628295898,397800,0.0,0.0
1994-12-01 00:00:00-05:00,8.476617421927186,8.577529726567565,8.476617421927186,8.543891906738281,357300,0.0,0.0
1994-12-02 00:00:00-05:00,8.510253342001901,8.611165046691895,8.442977717361353,8.611165046691895,222750,0.0,0.0
1994-12-05 00:00:00-05:00,8.611165046691895,8.611165046691895,8.510253342001901,8.611165046691895,184950,0.0,0.0
1994-12-06 00:00:00-05:00,8.611165046691895,8.678439516485225,8.57752781179523,8.611165046691895,344925,0.0,0.0
1994-12-07 00:00:00-05:00,8.543896310615445,8.64480866727022,8.510259628295898,8.510259628295898,119250,0.0,0.0
1994-12-08 00:00:00-05:00,8.577529940446718,8.611167183691004,8.342068082889213,8.44297981262207,102825,0.0,0.0
1994-12-09 00:00:00-05:00,8.375700950622559,8.409338753718027,8.241151470511031,8.375700950622559,184050,0.0,0.0
1994-12-12 00:00:00-05:00,8.409338753718027,8.476613205062066,8.241151470511031,8.375700950622559,182700,0.0,0.0
1994-12-13 00:00:00-05:00,8.375705326133499,8.476617633290108,8.375705326133499,8.44297981262207,95175,0.0,0.0
1994-12-14 00:00:00-05:00,8.442975401966596,8.712074939613101,8.342063724950538,8.375700950622559,297000,0.0,0.0
1994-12-15 00:00:00-05:00,8.409343146801538,8.510255453958147,8.375705326133499,8.44297981262207,328725,0.0,0.0
1994-12-16 00:00:00-05:00,8.442983953960667,8.57753414778306,8.442983953960667,8.510259628295898,361125,0.0,0.0
1994-12-19 00:00:00-05:00,8.510251008157535,8.510251008157535,8.2747892736065,8.375700950622559,148500,0.0,0.0
1994-12-20 00:00:00-05:00,8.409342779479594,8.4766172630296,8.34206771850586,8.34206771850586,162900,0.0,0.0
1994-12-21 00:00:00-05:00,8.409344049207585,8.644805354608671,8.409344049207585,8.577530860900879,190125,0.0,0.0
1994-12-22 00:00:00-05:00,8.611168107754775,8.644805354608671,8.476618542915377,8.577530860900879,167400,0.0,0.0
1994-12-23 00:00:00-05:00,8.577529726567565,8.577529726567565,8.510255241756472,8.543891906738281,70200,0.0,0.0
1994-12-27 00:00:00-05:00,8.577530122407682,8.577530122407682,8.476617813110352,8.476617813110352,73800,0.0,0.0
1994-12-28 00:00:00-05:00,8.543892119778679,8.543892119778679,8.409343146801538,8.44297981262207,80775,0.0,0.0
1994-12-29 00:00:00-05:00,8.510256367193087,8.611168107754775,8.476618542915377,8.577530860900879,175725,0.0,0.0
1994-12-30 00:00:00-05:00,8.57752781179523,8.678439516485225,8.510253342001901,8.611165046691895,312750,0.0,0.0
1995-01-03 00:00:00-05:00,8.57752781179523,8.678439516485225,8.442977717361353,8.611165046691895,177075,0.0,0.0
1995-01-04 00:00:00-05:00,8.644802480608892,8.779352000716752,8.611165244937832,8.74571418762207,240750,0.0,0.0
1995-01-05 00:00:00-05:00,8.712075233459473,8.779349687072587,8.611162975616333,8.712075233459473,200700,0.0,0.0
1995-01-06 00:00:00-05:00,8.678441047668457,8.74571552933138,8.644803806836997,8.678441047668457,96975,0.0,0.0
1995-01-09 00:00:00-05:00,8.644802480608892,8.74571418762207,8.611165244937832,8.74571418762207,129600,0.0,0.0
1995-01-10 00:00:00-05:00,8.712075233459473,8.812987491302612,8.678437429229445,8.712075233459473,241650,0.0,0.0
1995-01-11 00:00:00-05:00,8.712078100355054,8.745714760807003,8.577528571428957,8.644803047180176,104400,0.0,0.0
1995-01-12 00:00:00-05:00,8.67843820711651,8.81298828125,8.6448009772949,8.81298828125,137475,0.0,0.0
1995-01-13 00:00:00-05:00,8.812991916579605,8.846628582852707,8.71207960806526,8.779354095458984,143100,0.0,0.0
1995-01-16 00:00:00-05:00,8.81298756022735,8.981173695575487,8.745711951241146,8.94753646850586,184275,0.0,0.0
1995-01-17 00:00:00-05:00,9.014813811699245,9.048450469970703,8.94753876288546,9.048450469970703,128025,0.0,0.0
1995-01-18 00:00:00-05:00,9.01481150006859,9.01481150006859,8.913899241436232,8.94753646850586,108900,0.0,0.0
1995-01-19 00:00:00-05:00,8.880266008710308,8.947540493109626,8.846628189086914,8.846628189086914,115200,0.0,0.0
1995-01-20 00:00:00-05:00,8.846631219452295,8.913906304320061,8.812994543154309,8.880269050598145,201600,0.0,0.0
1995-01-23 00:00:00-05:00,8.846628189086914,8.846628189086914,8.779353704687596,8.846628189086914,49725,0.0,0.0
1995-01-24 00:00:00-05:00,8.880266403973328,8.981178135063914,8.779354095458984,8.779354095458984,209250,0.0,0.0
1995-01-25 00:00:00-05:00,8.812991165841723,8.846627829249474,8.678441047668457,8.678441047668457,122625,0.0,0.0
1995-01-26 00:00:00-05:00,8.678441047668457,8.812991165841723,8.678441047668457,8.678441047668457,79650,0.0,0.0
1995-01-27 00:00:00-05:00,8.71207960806526,8.812991916579605,8.71207960806526,8.779354095458984,144450,0.0,0.0
1995-01-30 00:00:00-05:00,8.779354095458984,8.812991916579605,8.745716274338362,8.779354095458984,95625,0.0,0.0
1995-01-31 00:00:00-05:00,8.81299152431099,8.913903250909966,8.779353704687596,8.846628189086914,148500,0.0,0.0
1995-02-01 00:00:00-05:00,8.846625335245479,8.913900375366211,8.812988681320435,8.913900375366211,139275,0.0,0.0
1995-02-02 00:00:00-05:00,8.880262014366606,8.94753646850586,8.846624209873504,8.94753646850586,130950,0.0,0.0
1995-02-03 00:00:00-05:00,8.966558184525033,9.170343399047852,8.966558184525033,9.170343399047852,223875,0.14222,0.0
1995-02-06 00:00:00-05:00,9.136380259810135,9.340166091918945,9.136380259810135,9.340166091918945,191700,0.0,0.0
1995-02-07 00:00:00-05:00,9.306202026676345,9.408094943231816,9.2722379155028,9.374130249023438,241200,0.0,0.0
1995-02-08 00:00:00-05:00,9.374130249023438,9.408094943231816,9.306202026676345,9.374130249023438,86625,0.0,0.0
1995-02-09 00:00:00-05:00,9.476023072040704,9.476023072040704,9.238273130103057,9.306201934814453,127125,0.0,0.0
1995-02-10 00:00:00-05:00,9.340164077725756,9.340164077725756,9.204307662996902,9.272235870361328,91575,0.0,0.0
1995-02-13 00:00:00-05:00,9.2722379155028,9.408094943231816,9.20430969315571,9.374130249023438,321075,0.0,0.0
1995-02-14 00:00:00-05:00,9.34016655141258,9.442058889444791,9.306202438735175,9.408095359802246,158850,0.0,0.0
1995-02-15 00:00:00-05:00,9.37412802852118,9.543949127197266,9.37412802852118,9.543949127197266,187425,0.0,0.0
1995-02-16 00:00:00-05:00,9.509988370041972,9.543951900002984,9.374130751988735,9.47602367401123,95400,0.0,0.0
1995-02-17 00:00:00-05:00,9.44205837816759,9.476023072040704,9.306201934814453,9.306201934814453,95850,0.0,0.0
1995-02-21 00:00:00-05:00,9.340164613179507,9.340164613179507,9.170343501998214,9.238271713256836,351225,0.0,0.0
1995-02-22 00:00:00-05:00,9.136380304738951,9.408094943231816,9.136380304738951,9.374130249023438,250200,0.0,0.0
1995-02-23 00:00:00-05:00,9.340163398571756,9.50998507070394,9.306199297359184,9.442055702209473,150750,0.0,0.0
1995-02-24 00:00:00-05:00,9.476020386456707,9.476020386456707,9.408092184031561,9.442055702209473,99000,0.0,0.0
1995-02-27 00:00:00-05:00,9.374130664089984,9.509988280869319,9.374130664089984,9.408095359802246,109575,0.0,0.0
1995-02-28 00:00:00-05:00,9.340163398571756,9.442055702209473,9.340163398571756,9.442055702209473,90225,0.0,0.0
1995-03-01 00:00:00-05:00,9.442058977980489,9.47602367401123,9.374130751988735,9.47602367401123,294975,0.0,0.0
1995-03-02 00:00:00-05:00,9.408092184031561,9.476020386456707,9.340163398571756,9.442055702209473,62325,0.0,0.0
1995-03-03 00:00:00-05:00,9.374127499784327,9.442055702209473,9.340163398571756,9.442055702209473,111600,0.0,0.0
1995-03-06 00:00:00-05:00,9.374130249023438,9.374130249023438,9.2722379155028,9.374130249023438,809550,0.0,0.0
1995-03-07 00:00:00-05:00,9.37413020292547,9.37413020292547,9.340166091918945,9.340166091918945,155925,0.0,0.0
1995-03-08 00:00:00-05:00,9.306199297359184,9.442055702209473,9.306199297359184,9.442055702209473,364050,0.0,0.0
1995-03-09 00:00:00-05:00,9.374130664089984,9.476023585157055,9.374130664089984,9.408095359802246,181800,0.0,0.0
1995-03-10 00:00:00-05:00,9.44205938976603,9.509988784790039,9.408095858323806,9.509988784790039,110250,0.0,0.0
1995-03-13 00:00:00-05:00,9.476024087278034,9.577917013744267,9.476024087278034,9.509988784790039,90000,0.0,0.0
1995-03-14 00:00:00-05:00,9.50998566338368,9.713770866394043,9.50998566338368,9.713770866394043,222750,0.0,0.0
1995-03-15 00:00:00-05:00,9.679805342719987,9.81566232732007,9.679805342719987,9.781698226928711,425025,0.0,0.0
1995-03-16 00:00:00-05:00,9.781704426448309,9.781704426448309,9.645847355743747,9.679811477661133,213300,0.0,0.0
1995-03-17 00:00:00-05:00,9.713768649930717,9.781696841089587,9.57791168457841,9.747732162475586,217575,0.0,0.0
1995-03-20 00:00:00-05:00,9.781698226928711,9.849626427711428,9.679805342719987,9.781698226928711,179325,0.0,0.0
1995-03-21 00:00:00-05:00,9.815667152404785,9.849631269491875,9.74773833519567,9.815667152404785,112725,0.0,0.0
1995-03-22 00:00:00-05:00,9.781698226928711,9.849626427711428,9.747733543502704,9.781698226928711,232875,0.0,0.0
1995-03-23 00:00:00-05:00,9.917551861948592,9.951517118934486,9.7816954982809,9.849623680114746,207225,0.0,0.0
1995-03-24 00:00:00-05:00,9.849631217701695,9.95152473449707,9.849631217701695,9.95152473449707,184725,0.0,0.0
1995-03-27 00:00:00-05:00,9.917558587117268,10.019452095031738,9.917558587117268,10.019452095031738,171450,0.0,0.0
1995-03-28 00:00:00-05:00,9.985483068956457,10.087376538645557,9.985483068956457,10.053412437438965,189900,0.0,0.0
1995-03-29 00:00:00-05:00,10.019449390976321,10.155305810104247,10.019449390976321,10.121341705322266,355050,0.0,0.0
1995-03-30 00:00:00-05:00,10.155306653208621,10.20625339764597,10.087378438005183,10.189271926879883,371700,0.0,0.0
1995-03-31 00:00:00-05:00,10.121344521507098,10.15530863573933,9.917558670043945,9.917558670043945,365850,0.0,0.0
1995-04-03 00:00:00-04:00,9.917558670043945,9.951523950345946,9.883595721881486,9.917558670043945,202050,0.0,0.0
1995-04-04 00:00:00-04:00,9.883594862807985,10.019451307928382,9.883594862807985,9.985486030578613,99225,0.0,0.0
1995-04-05 00:00:00-04:00,9.95152473449707,9.98548768533571,9.917559451518704,9.95152473449707,50400,0.0,0.0
1995-04-06 00:00:00-04:00,9.917554866543272,10.053412437438965,9.917554866543272,10.053412437438965,183600,0.0,0.0
1995-04-07 00:00:00-04:00,10.087373733520508,10.121337825282271,9.985480292166221,10.087373733520508,277425,0.0,0.0
1995-04-10 00:00:00-04:00,10.053412437438965,10.121340639852148,10.019448336232372,10.053412437438965,191025,0.0,0.0
1995-04-11 00:00:00-04:00,10.019452968314077,10.087381202131086,9.95152473449707,9.95152473449707,244800,0.0,0.0
1995-04-12 00:00:00-04:00,9.985484949130486,10.189271926879881,9.951522007598312,10.189271926879883,393525,0.0,0.0
1995-04-13 00:00:00-04:00,10.189271077871151,10.257199287414553,10.155305807030006,10.25719928741455,155250,0.0,0.0
1995-04-17 00:00:00-04:00,10.189271926879881,10.291163083615492,10.155306653208621,10.189271926879883,204525,0.0,0.0
1995-04-18 00:00:00-04:00,10.155306068263183,10.325127762559589,10.155306068263183,10.291162490844727,94950,0.0,0.0
1995-04-19 00:00:00-04:00,10.257200142083319,10.257200142083319,10.121342545606902,10.189271926879883,169200,0.0,0.0
1995-04-20 00:00:00-04:00,10.189269219725263,10.223232152233933,10.12133985650022,10.155303955078125,115425,0.0,0.0
1995-04-21 00:00:00-04:00,10.155305810104247,10.189271080955676,10.121341705322266,10.121341705322266,197100,0.0,0.0
1995-04-24 00:00:00-04:00,10.155305810104247,10.189271080955676,10.087377600540284,10.121341705322266,223200,0.0,0.0
1995-04-25 00:00:00-04:00,10.087375757922317,10.189269219725263,10.087375757922317,10.155303955078125,266400,0.0,0.0
1995-04-26 00:00:00-04:00,10.14570714926424,10.14570714926424,9.940050533657915,10.077154159545898,128250,0.15111,0.0
1995-04-27 00:00:00-04:00,10.008602328024285,10.179983036840502,10.008602328024285,10.145707130432129,70650,0.0,0.0
1995-04-28 00:00:00-04:00,10.214259803384662,10.214259803384662,10.042880256911038,10.111432075500488,84825,0.0,0.0
1995-05-01 00:00:00-04:00,10.077154342492628,10.214259147644043,10.042879612172738,10.214259147644043,814050,0.0,0.0
1995-05-02 00:00:00-04:00,10.214259727013415,10.214259727013415,9.974328363744291,10.0086030960083,74250,0.0,0.0
1995-05-03 00:00:00-04:00,9.940050211753988,10.042879104614258,9.871498401030015,10.042879104614258,256500,0.0,0.0
1995-05-04 00:00:00-04:00,10.042880256911038,10.145707984795212,9.97432843832159,10.111432075500488,288900,0.0,0.0
1995-05-05 00:00:00-04:00,10.111431999898077,10.111431999898077,9.90577536889296,10.0086030960083,173925,0.0,0.0
1995-05-08 00:00:00-04:00,10.008602794205062,10.008602794205062,9.837222665793474,9.90577507019043,477450,0.0,0.0
1995-05-09 00:00:00-04:00,9.94005190676962,10.077155551597002,9.871500084355928,9.974328994750977,222975,0.0,0.0
1995-05-10 00:00:00-04:00,9.974327598390259,10.145707130432129,9.940050515207538,10.145707130432129,200025,0.0,0.0
1995-05-11 00:00:00-04:00,10.077153833201933,10.11143091533823,10.00860202247796,10.042879104614258,83475,0.0,0.0
1995-05-12 00:00:00-04:00,10.077154989431317,10.111432075500488,10.008603170841868,10.111432075500488,75825,0.0,0.0
1995-05-15 00:00:00-04:00,10.077154342492628,10.214259147644043,10.077154342492628,10.214259147644043,370350,0.0,0.0
1995-05-16 00:00:00-04:00,10.214261337482492,10.317089080810547,10.179985423039808,10.317089080810547,322425,0.0,0.0
1995-05-17 00:00:00-04:00,10.282811951926572,10.317086681624218,10.042879429848252,10.077154159545898,113400,0.0,0.0
1995-05-18 00:00:00-04:00,10.077158914581924,10.077158914581924,9.837226867675781,9.837226867675781,168750,0.0,0.0
1995-05-19 00:00:00-04:00,9.837223709162553,9.974329120885526,9.768671885881961,9.940052032470703,110250,0.0,0.0
1995-05-22 00:00:00-04:00,9.90577536889296,10.077154914085193,9.90577536889296,10.0086030960083,83925,0.0,0.0
1995-05-23 00:00:00-04:00,10.077154989431317,10.111432075500488,10.008603170841868,10.111432075500488,180675,0.0,0.0
1995-05-24 00:00:00-04:00,10.111432075500488,10.111432075500488,10.077154989431317,10.111432075500488,140850,0.0,0.0
1995-05-25 00:00:00-04:00,10.042880817164669,10.111432639578359,9.94005190676962,9.974328994750977,891450,0.0,0.0
1995-05-26 00:00:00-04:00,9.940051277931408,10.0086030960083,9.871499459854515,10.0086030960083,139275,0.0,0.0
1995-05-30 00:00:00-04:00,9.974328062974585,10.008602794205062,9.90577507019043,9.90577507019043,299700,0.0,0.0
1995-05-31 00:00:00-04:00,9.871499459854515,10.0086030960083,9.871499459854515,10.0086030960083,394200,0.0,0.0
1995-06-01 00:00:00-04:00,9.974328994750977,9.974328994750977,9.871500084355928,9.974328994750977,682875,0.0,0.0
1995-06-02 00:00:00-04:00,9.940051277931408,10.042880181821184,9.940051277931408,10.0086030960083,338625,0.0,0.0
1995-06-05 00:00:00-04:00,10.00860202247796,10.042879104614258,10.00860202247796,10.042879104614258,210600,0.0,0.0
1995-06-06 00:00:00-04:00,10.0086030960083,10.111431999898077,9.974328363744291,10.0086030960083,284625,0.0,0.0
1995-06-07 00:00:00-04:00,10.042879429848252,10.111431242792245,10.008602346601908,10.077154159545898,97875,0.0,0.0
1995-06-08 00:00:00-04:00,10.042880817164669,10.042880817164669,9.94005190676962,9.974328994750977,314775,0.0,0.0
1995-06-09 00:00:00-04:00,9.940052032470703,10.008603855751296,9.871500209190112,9.940052032470703,262350,0.0,0.0
1995-06-12 00:00:00-04:00,9.871500209190112,9.940052032470703,9.871500209190112,9.940052032470703,907425,0.0,0.0
1995-06-13 00:00:00-04:00,9.94005190676962,9.974328994750977,9.94005190676962,9.974328994750977,285750,0.0,0.0
1995-06-14 00:00:00-04:00,9.94005190676962,9.974328994750977,9.905775995562774,9.974328994750977,265050,0.0,0.0
1995-06-15 00:00:00-04:00,9.940052032470703,10.008603855751296,9.905776120830408,9.940052032470703,105975,0.0,0.0
1995-06-16 00:00:00-04:00,9.90577507019043,9.940050978195307,9.90577507019043,9.90577507019043,168750,0.0,0.0
1995-06-19 00:00:00-04:00,9.871500084355928,9.974328994750977,9.871500084355928,9.974328994750977,254700,0.0,0.0
1995-06-20 00:00:00-04:00,9.905776120830408,9.940052032470703,9.905776120830408,9.940052032470703,114525,0.0,0.0
1995-06-21 00:00:00-04:00,9.871498720713925,10.077154159545898,9.871498720713925,10.077154159545898,371925,0.0,0.0
1995-06-22 00:00:00-04:00,10.042883490681653,10.351367950439453,10.042883490681653,10.351367950439453,599175,0.0,0.0
1995-06-23 00:00:00-04:00,10.282812240458146,10.317086971117527,10.24853515625,10.24853515625,187650,0.0,0.0
1995-06-26 00:00:00-04:00,10.248538836709786,10.317090676195681,10.248538836709786,10.282815933227539,198450,0.0,0.0
1995-06-27 00:00:00-04:00,10.248535054738305,10.282812138606936,10.214259147644043,10.214259147644043,90900,0.0,0.0
1995-06-28 00:00:00-04:00,10.179983341382473,10.282812240458146,10.179983341382473,10.24853515625,221400,0.0,0.0
1995-06-29 00:00:00-04:00,10.24853495254303,10.24853495254303,10.145707232285613,10.179983139038086,186075,0.0,0.0
1995-06-30 00:00:00-04:00,10.14570733345552,10.248535054738305,10.11143142636126,10.214259147644043,464850,0.0,0.0
1995-07-03 00:00:00-04:00,10.14570733345552,10.214259147644043,10.077154342492628,10.214259147644043,76050,0.0,0.0
1995-07-05 00:00:00-04:00,10.179982726062203,10.21425863142419,10.00860202247796,10.042879104614258,583650,0.0,0.0
1995-07-06 00:00:00-04:00,10.042879411207007,10.145707130432129,9.974327598390259,10.145707130432129,376650,0.0,0.0
1995-07-07 00:00:00-04:00,10.14570714926424,10.282811951926572,10.077154159545898,10.077154159545898,255150,0.0,0.0
1995-07-10 00:00:00-04:00,10.042880256911038,10.248535712679386,10.042880256911038,10.111432075500488,124875,0.0,0.0
1995-07-11 00:00:00-04:00,10.111430992024014,10.419915319395768,10.111430992024014,10.385638236999512,222975,0.0,0.0
1995-07-12 00:00:00-04:00,10.385640968890062,10.419918060302734,10.317089139613973,10.419918060302734,155700,0.0,0.0
1995-07-13 00:00:00-04:00,10.419920141892577,10.591300926094204,10.317091200661654,10.488471984863281,332100,0.0,0.0
1995-07-14 00:00:00-04:00,10.419913001900813,10.625568389892578,10.419913001900813,10.625568389892578,153675,0.0,0.0
1995-07-17 00:00:00-04:00,10.557022094726562,10.65985101907644,10.557022094726562,10.557022094726562,207225,0.0,0.0
1995-07-18 00:00:00-04:00,10.557018941883516,10.591296024279774,10.385638236999512,10.385638236999512,141525,0.0,0.0
1995-07-19 00:00:00-04:00,10.317089080810547,10.454193915355907,10.179985423039808,10.317089080810547,143325,0.0,0.0
1995-07-20 00:00:00-04:00,10.317086971117527,10.317086971117527,10.24853515625,10.24853515625,105300,0.0,0.0
1995-07-21 00:00:00-04:00,10.41991576698398,10.454191674078242,10.179983240549783,10.214259147644043,105300,0.0,0.0
1995-07-24 00:00:00-04:00,10.214259147644043,10.282812138606936,10.14570733345552,10.214259147644043,119250,0.0,0.0
1995-07-25 00:00:00-04:00,10.214261395699841,10.522745804216866,10.179985481061799,10.419918060302734,142875,0.0,0.0
1995-07-26 00:00:00-04:00,10.488464467156929,10.591293334684286,10.419912673321372,10.522740364074707,244350,0.0,0.0
1995-07-27 00:00:00-04:00,10.52274152625949,10.6941210297764,10.488465625556106,10.659846305847168,442350,0.0,0.0
1995-07-28 00:00:00-04:00,10.650168477559752,10.650168477559752,10.442698449360993,10.511855125427246,158625,0.15111,0.0
1995-07-31 00:00:00-04:00,10.511855125427246,10.511855125427246,10.37354177329474,10.511855125427246,198225,0.0,0.0
1995-08-01 00:00:00-04:00,10.027756285997393,10.51185540568279,10.027756285997393,10.408119201660156,700650,0.0,0.0
1995-08-02 00:00:00-04:00,10.408119903927261,10.546434456237408,10.408119903927261,10.442699432373047,236925,0.0,0.0
1995-08-03 00:00:00-04:00,10.408115145025613,10.546429634094238,10.373538006704859,10.546429634094238,100125,0.0,0.0
1995-08-04 00:00:00-04:00,10.51185540568279,10.546433744637806,10.408119201660156,10.408119201660156,152550,0.0,0.0
1995-08-07 00:00:00-04:00,10.408119903927261,10.477276586503503,10.373542749796805,10.442699432373047,168525,0.0,0.0
1995-08-08 00:00:00-04:00,10.477275879570188,10.477275879570188,10.338962523750125,10.408119201660156,226350,0.0,0.0
1995-08-09 00:00:00-04:00,10.373544977173614,10.442701674598975,10.26980874387765,10.304387092590332,87300,0.0,0.0
1995-08-10 00:00:00-04:00,10.304382314902774,10.408117312943475,10.304382314902774,10.338960647583008,935775,0.0,0.0
1995-08-11 00:00:00-04:00,10.338958746147744,10.338958746147744,10.235223767184916,10.26980209350586,73575,0.0,0.0
1995-08-14 00:00:00-04:00,10.304384184795108,10.442698727772756,10.269805845840091,10.408119201660156,105750,0.0,0.0
1995-08-15 00:00:00-04:00,10.442696832781078,10.442696832781078,10.304382314902774,10.338960647583008,187650,0.0,0.0
1995-08-16 00:00:00-04:00,10.338960647583008,10.442696832781078,10.304382314902774,10.338960647583008,103275,0.0,0.0
1995-08-17 00:00:00-04:00,10.304382314902774,10.37354016742061,10.269803982222541,10.338960647583008,175950,0.0,0.0
1995-08-18 00:00:00-04:00,10.304380419826801,10.408115398789628,10.26980209350586,10.26980209350586,82350,0.0,0.0
1995-08-21 00:00:00-04:00,10.269803741851522,10.442696588363395,10.269803741851522,10.373539924621582,424350,0.0,0.0
1995-08-22 00:00:00-04:00,10.373539924621582,10.373539924621582,10.269803741851522,10.373539924621582,404325,0.0,0.0
1995-08-23 00:00:00-04:00,10.304382314902774,10.37354016742061,10.269803982222541,10.338960647583008,41400,0.0,0.0
1995-08-24 00:00:00-04:00,10.338962523750125,10.408119201660156,10.338962523750125,10.408119201660156,236925,0.0,0.0
1995-08-25 00:00:00-04:00,10.37354177329474,10.511855125427246,10.37354177329474,10.511855125427246,125325,0.0,0.0
1995-08-28 00:00:00-04:00,10.511851308616363,10.684744123162861,10.511851308616363,10.546429634094238,463275,0.0,0.0
1995-08-29 00:00:00-04:00,10.546436925920528,10.684751510620117,10.511858576535117,10.684751510620117,371700,0.0,0.0
1995-08-30 00:00:00-04:00,10.684751510620117,10.684751510620117,10.650171974076763,10.684751510620117,81000,0.0,0.0
1995-08-31 00:00:00-04:00,10.684743164005287,10.788476943969725,10.650163654474454,10.788476943969727,267075,0.0,0.0
1995-09-01 00:00:00-04:00,10.753908157348633,10.78848531940877,10.581015224100328,10.753908157348633,462375,0.0,0.0
1995-09-05 00:00:00-04:00,10.823058128356934,10.85763645608171,10.684744817457828,10.823058128356934,136575,0.0,0.0
1995-09-06 00:00:00-04:00,10.823061910168327,10.961375269397104,10.823061910168327,10.892218589782715,389025,0.0,0.0
1995-09-07 00:00:00-04:00,10.892215714131924,10.961372375488281,10.857637383453744,10.961372375488281,182475,0.0,0.0
1995-09-08 00:00:00-04:00,10.995956420898438,11.065113110729998,10.96137688882487,10.995956420898438,350100,0.0,0.0
1995-09-11 00:00:00-04:00,11.030529975891113,11.0651094966704,10.995952829426626,11.030529975891113,320850,0.0,0.0
1995-09-12 00:00:00-04:00,11.030529975891113,11.168844497536064,11.030529975891113,11.030529975891113,45900,0.0,0.0
1995-09-13 00:00:00-04:00,11.0651094966704,11.0651094966704,10.995952829426626,11.030529975891113,440775,0.0,0.0
1995-09-14 00:00:00-04:00,11.065109234055763,11.134265899658203,10.995952568453324,11.134265899658203,281250,0.0,0.0
1995-09-15 00:00:00-04:00,11.065113110729998,11.134269800561558,10.96137688882487,10.995956420898438,537525,0.0,0.0
1995-09-18 00:00:00-04:00,10.995954698626313,11.099688529968262,10.926796832469007,11.099688529968262,278325,0.0,0.0
1995-09-19 00:00:00-04:00,11.099686643134888,11.099686643134888,10.995952829426626,11.030529975891113,241200,0.0,0.0
1995-09-20 00:00:00-04:00,10.995956420898438,11.03053357865643,10.926798543909088,10.995956420898438,102825,0.0,0.0
1995-09-21 00:00:00-04:00,10.96137688882487,10.995956420898438,10.892220198993309,10.995956420898438,190125,0.0,0.0
1995-09-22 00:00:00-04:00,10.961372375488281,10.961372375488281,10.857637383453744,10.961372375488281,83250,0.0,0.0
1995-09-25 00:00:00-04:00,10.892218573391814,10.926796913146973,10.823061893881492,10.926796913146973,141975,0.0,0.0
1995-09-26 00:00:00-04:00,10.857640249975521,10.961375269397104,10.857640249975521,10.892218589782715,388125,0.0,0.0
1995-09-27 00:00:00-04:00,10.961370916871575,11.549204834492853,10.961370916871575,11.445469856262207,1414575,0.0,0.0
1995-09-28 00:00:00-04:00,11.480049392210942,11.480049392210942,11.237999897006253,11.341734886169434,414000,0.0,0.0
1995-09-29 00:00:00-04:00,11.376311296010975,11.41088842913125,11.307154655456543,11.307154655456543,521775,0.0,0.0
1995-10-02 00:00:00-04:00,11.307154655456543,11.41088842913125,11.307154655456543,11.307154655456543,305775,0.0,0.0
1995-10-03 00:00:00-04:00,11.307156551954678,11.48004818233909,11.307156551954678,11.445469856262207,206550,0.0,0.0
1995-10-04 00:00:00-04:00,11.41089496368096,11.756680738784283,11.41089496368096,11.722101211547852,420300,0.0,0.0
1995-10-05 00:00:00-04:00,11.825831413269043,11.86040973578747,11.756674768232187,11.825831413269043,518175,0.0,0.0
1995-10-06 00:00:00-04:00,11.825833067184005,12.033303031310513,11.825833067184005,11.998725891113281,432450,0.0,0.0
1995-10-09 00:00:00-04:00,11.998725879245406,12.137039188526272,11.998725879245406,12.102460861206055,397125,0.0,0.0
1995-10-10 00:00:00-04:00,12.06788671347689,12.06788671347689,11.756680472654606,11.791258811950684,453825,0.0,0.0
1995-10-11 00:00:00-04:00,11.791254739829588,12.033303031310513,11.791254739829588,11.998725891113281,684225,0.0,0.0
1995-10-12 00:00:00-04:00,11.964144703342754,11.998724213018201,11.825831413269043,11.825831413269043,1496925,0.0,0.0
1995-10-13 00:00:00-04:00,11.79125380510021,11.998724939937022,11.79125380510021,11.92956829071045,210600,0.0,0.0
1995-10-16 00:00:00-04:00,11.9295704241093,11.964147567749023,11.9295704241093,11.964147567749023,145575,0.0,0.0
1995-10-17 00:00:00-04:00,11.964150397549268,12.033307075500488,11.929573245731245,12.033307075500488,719550,0.0,0.0
1995-10-18 00:00:00-04:00,12.033307075500488,12.067886601633683,11.998729923682463,12.033307075500488,146475,0.0,0.0
1995-10-19 00:00:00-04:00,12.033302314854451,12.033302314854451,11.860410688376232,11.894989013671875,286425,0.0,0.0
1995-10-20 00:00:00-04:00,11.860413551330566,11.860413551330566,11.756678550403313,11.860413551330566,301050,0.0,0.0
1995-10-23 00:00:00-04:00,11.825831413269043,11.86040973578747,11.825831413269043,11.825831413269043,317475,0.0,0.0
1995-10-24 00:00:00-04:00,11.860408764572231,11.894987084259139,11.618360526763881,11.687517166137695,398700,0.0,0.0
1995-10-25 00:00:00-04:00,11.652934031071206,11.722090648912623,11.480042486467665,11.549199104309082,467775,0.0,0.0
1995-10-26 00:00:00-04:00,11.480043375961802,11.514621687561698,11.203415696005978,11.37630844116211,294525,0.0,0.0
1995-10-27 00:00:00-04:00,11.556699334711354,11.627166748046875,11.521466837701526,11.627166748046875,180225,0.33998,0.0
1995-10-30 00:00:00-05:00,11.62716000495835,11.62716000495835,11.486225260021406,11.591927528381348,281250,0.0,0.0
1995-10-31 00:00:00-05:00,11.653042322333278,11.7596258446208,11.5819874539698,11.688570976257324,326025,0.15111,0.0
1995-11-01 00:00:00-05:00,11.795147707720636,11.901729959924943,11.795147707720636,11.83067512512207,172800,0.0,0.0
1995-11-02 00:00:00-05:00,11.937261357252282,12.185953336565944,11.937261357252282,12.150425910949707,425250,0.0,0.0
1995-11-03 00:00:00-05:00,12.185949305840536,12.505697250366211,12.114894478110743,12.505697250366211,308025,0.0,0.0
1995-11-06 00:00:00-05:00,12.576760962163643,12.860980446287249,12.576760962163643,12.789925575256348,782550,0.0,0.0
1995-11-07 00:00:00-05:00,12.718862953297197,12.754390367162094,12.505697250366211,12.505697250366211,581625,0.0,0.0
1995-11-08 00:00:00-05:00,12.505700588436579,12.754393771614616,12.505700588436579,12.718866348266602,795375,0.0,0.0
1995-11-09 00:00:00-05:00,12.789919474689619,12.860974311828613,12.789919474689619,12.860974311828613,735075,0.0,0.0
1995-11-10 00:00:00-05:00,12.896500268035611,13.14519214630127,12.860971637113286,13.14519214630127,423225,0.0,0.0
1995-11-13 00:00:00-05:00,13.145194429736199,13.25177668179289,13.038612177679507,13.074139595031738,498375,0.0,0.0
1995-11-14 00:00:00-05:00,13.038612744900062,13.074140163797846,12.932029268464925,12.967557907104492,279000,0.0,0.0
1995-11-15 00:00:00-05:00,12.896504684748608,12.967559531444637,12.683337705176651,12.718866348266602,413775,0.0,0.0
1995-11-16 00:00:00-05:00,12.75439319272283,12.932030301400374,12.683337129509933,12.825448036193848,624600,0.0,0.0
1995-11-17 00:00:00-05:00,12.789919474689619,12.89650295013988,12.789919474689619,12.860974311828613,464175,0.0,0.0
1995-11-20 00:00:00-05:00,12.896503069308922,13.038612744900062,12.860974430669355,12.967557907104492,257400,0.0,0.0
1995-11-21 00:00:00-05:00,12.967557342975045,13.109667012383968,12.967557342975045,13.074139595031738,446175,0.0,0.0
1995-11-22 00:00:00-05:00,13.074142158465975,13.074142158465975,12.932031241451774,13.00308609008789,531450,0.0,0.0
1995-11-24 00:00:00-05:00,13.00308609008789,13.00308609008789,12.9675598855118,13.00308609008789,160650,0.0,0.0
1995-11-27 00:00:00-05:00,13.003084975908855,13.287306785583498,12.967558774376855,13.287306785583496,529200,0.0,0.0
1995-11-28 00:00:00-05:00,13.287306212775613,13.287306212775613,13.074140474580012,13.216251373291016,328950,0.0,0.0
1995-11-29 00:00:00-05:00,13.216248014704052,13.571522121842786,13.216248014704052,13.500467300415039,413550,0.0,0.0
1995-11-30 00:00:00-05:00,13.500461120117562,13.500461120117562,13.287296753417595,13.393878936767578,308475,0.0,0.0
1995-12-01 00:00:00-05:00,13.429413642252303,13.713634172324172,13.358358814669739,13.642578125,219600,0.0,0.0
1995-12-04 00:00:00-05:00,13.678106081966032,13.926799185945388,13.678106081966032,13.855744361877441,292950,0.0,0.0
1995-12-05 00:00:00-05:00,13.784693784724203,14.175497911563896,13.713638932477723,14.068914413452148,251550,0.0,0.0
1995-12-06 00:00:00-05:00,14.139969984933849,14.424190628118792,14.139969984933849,14.282079696655273,331875,0.0,0.0
1995-12-07 00:00:00-05:00,14.211017522902043,14.282072342173432,14.175491333007814,14.175491333007812,385875,0.0,0.0
1995-12-08 00:00:00-05:00,14.175493451486513,14.459712771047665,14.175493451486513,14.31760311126709,248400,0.0,0.0
1995-12-11 00:00:00-05:00,14.28207086653565,14.28207086653565,14.104433836710815,14.139961242675781,245700,0.0,0.0
1995-12-12 00:00:00-05:00,14.033383557577077,14.033383557577077,13.891272668073917,13.997856140136719,280800,0.0,0.0
1995-12-13 00:00:00-05:00,13.92679824581649,14.175491333007814,13.92679824581649,14.175491333007812,492975,0.0,0.0
1995-12-14 00:00:00-05:00,14.104438392457789,14.246549281960949,13.997856140136719,13.997856140136719,485100,0.0,0.0
1995-12-15 00:00:00-05:00,14.033393579612847,14.353141784667969,13.997866136800345,14.353141784667969,432450,0.0,0.0
1995-12-18 00:00:00-05:00,14.24654390687969,14.24654390687969,13.855741242740047,13.962322235107422,231975,0.0,0.0
1995-12-19 00:00:00-05:00,13.92679680688598,14.139961242675781,13.92679680688598,14.139961242675781,366975,0.0,0.0
1995-12-20 00:00:00-05:00,14.211019646690012,14.31760311126709,14.139964816799724,14.31760311126709,276525,0.0,0.0
1995-12-21 00:00:00-05:00,14.31760311126709,14.388657941157378,14.246548281376802,14.31760311126709,170775,0.0,0.0
1995-12-22 00:00:00-05:00,14.246550062468396,14.3176049012419,14.175495223694892,14.211021423339844,159525,0.0,0.0
1995-12-26 00:00:00-05:00,14.353132320628651,14.424187159402154,14.175495223694892,14.211021423339844,156825,0.0,0.0
1995-12-27 00:00:00-05:00,14.282072342173432,14.282072342173432,14.139962703630655,14.175491333007812,525375,0.0,0.0
1995-12-28 00:00:00-05:00,14.175491333007814,14.211017522902043,14.10443529399496,14.175491333007812,765225,0.0,0.0
1995-12-29 00:00:00-05:00,14.139962703630655,14.175491333007814,14.10443529399496,14.175491333007812,468225,0.0,0.0
1996-01-02 00:00:00-05:00,13.92681125117534,14.353141784667969,13.891282588620236,14.353141784667969,382500,0.0,0.0
1996-01-03 00:00:00-05:00,14.282076262113348,14.353132320628651,14.139966584566341,14.211021423339844,628200,0.0,0.0
1996-01-04 00:00:00-05:00,14.211027214488864,14.282082082218002,13.855752875843168,14.033390045166016,442125,0.0,0.0
1996-01-05 00:00:00-05:00,13.926799179714482,14.530766403763348,13.820215723918702,14.495240211486816,491400,0.0,0.0
1996-01-08 00:00:00-05:00,14.459712028503418,14.49524066136572,14.282073743158245,14.459712028503418,295425,0.0,0.0
1996-01-09 00:00:00-05:00,14.424190483588106,14.60182762145996,14.424190483588106,14.601827621459961,412200,0.0,0.0
1996-01-10 00:00:00-05:00,14.530763928031758,14.601818739961692,14.139961242675781,14.139961242675781,328500,0.0,0.0
1996-01-11 00:00:00-05:00,14.17550457060546,14.388669227480472,14.17550457060546,14.353141784667969,281700,0.0,0.0
1996-01-12 00:00:00-05:00,14.317610470946596,14.637358589554623,14.317610470946596,14.53077507019043,416250,0.0,0.0
1996-01-15 00:00:00-05:00,14.5663100351215,14.815003395080566,14.5663100351215,14.815003395080566,635850,0.0,0.0
1996-01-16 00:00:00-05:00,14.957103064180663,14.957103064180663,14.743937297127887,14.779464721679688,698850,0.0,0.0
1996-01-17 00:00:00-05:00,14.77946311593281,15.028156280517578,14.77946311593281,15.028156280517578,339750,0.0,0.0
1996-01-18 00:00:00-05:00,15.099215359244793,15.17027022056885,14.95710563659668,14.95710563659668,131400,0.0,0.0
1996-01-19 00:00:00-05:00,14.850519570783288,15.028157913284263,14.708409872576087,14.779464721679688,407700,0.0,0.0
1996-01-22 00:00:00-05:00,14.850519570783288,14.886048215077063,14.779464721679688,14.779464721679688,711450,0.0,0.0
1996-01-23 00:00:00-05:00,14.814998353509116,14.814998353509116,14.708414824229918,14.743942260742188,334800,0.0,0.0
1996-01-24 00:00:00-05:00,14.743942260742188,14.921579443303541,14.743942260742188,14.743942260742188,523125,0.0,0.0
1996-01-25 00:00:00-05:00,14.743942468445864,14.743942468445864,14.566305283382066,14.708415031433105,721125,0.0,0.0
1996-01-26 00:00:00-05:00,14.672884971558268,14.95710563659668,14.672884971558268,14.95710563659668,425475,0.0,0.0
1996-01-29 00:00:00-05:00,14.957101439133885,15.028156280517578,14.850517957316503,15.028156280517578,130725,0.0,0.0
1996-01-30 00:00:00-05:00,15.028156466898377,15.17026615142822,14.992629045765916,15.170266151428223,142425,0.0,0.0
1996-01-31 00:00:00-05:00,15.205797450477144,15.561071723908396,15.205797450477144,15.454490661621094,373275,0.0,0.0
1996-02-01 00:00:00-05:00,15.490016869222146,15.490016869222146,15.31237973250652,15.454490661621094,292950,0.0,0.0
1996-02-02 00:00:00-05:00,15.383426130747106,15.632119205181622,15.347898722933804,15.490008354187012,310275,0.0,0.0
1996-02-05 00:00:00-05:00,15.454489297336707,15.703181266784668,15.383433229181039,15.703181266784668,158175,0.0,0.0
1996-02-06 00:00:00-05:00,15.585928175652207,15.800413842380411,15.478685955935347,15.72891902923584,186075,0.15111,0.0
1996-02-07 00:00:00-05:00,15.72891902923584,15.836161248952697,15.693171622663552,15.72891902923584,267300,0.0,0.0
1996-02-08 00:00:00-05:00,15.693172214522598,15.728919622443078,15.585928763466626,15.62167739868164,362700,0.0,0.0
1996-02-09 00:00:00-05:00,15.657422775427122,15.657422775427122,15.478685745001409,15.585927963256836,253125,0.0,0.0
1996-02-12 00:00:00-05:00,15.550173649932342,15.764657974243166,15.550173649932342,15.764657974243164,397575,0.0,0.0
1996-02-13 00:00:00-05:00,15.69316319947289,15.764657974243166,15.621668424702616,15.764657974243164,598500,0.0,0.0
1996-02-14 00:00:00-05:00,15.764665355731637,15.80041275985478,15.657421916067806,15.693170547485352,140175,0.0,0.0
1996-02-15 00:00:00-05:00,15.657429695129395,15.6931783443079,15.442945163828453,15.657429695129395,194850,0.0,0.0
1996-02-16 00:00:00-05:00,15.657416615579944,15.657416615579944,15.55017566680908,15.550175666809082,72225,0.0,0.0
1996-02-20 00:00:00-05:00,15.514440949070766,15.514440949070766,14.870984861530548,14.906733512878418,425025,0.0,0.0
1996-02-21 00:00:00-05:00,14.942466324812141,15.26419408039225,14.942466324812141,15.156951904296875,250200,0.0,0.0
1996-02-22 00:00:00-05:00,15.228453636169434,15.442938068930502,15.228453636169434,15.228453636169434,197550,0.0,0.0
1996-02-23 00:00:00-05:00,15.156951633779643,15.407184600830078,15.121204242385863,15.407184600830078,496575,0.0,0.0
1996-02-26 00:00:00-05:00,15.442940241628621,15.442940241628621,15.29995059967041,15.29995059967041,366975,0.0,0.0
1996-02-27 00:00:00-05:00,15.335702053715758,15.335702053715758,15.04972267150879,15.049722671508789,388575,0.0,0.0
1996-02-28 00:00:00-05:00,15.085457120233293,15.228447915654447,15.049709728201503,15.156951904296875,704250,0.0,0.0
1996-02-29 00:00:00-05:00,15.121215320481067,15.156962738064099,14.87098217010498,14.87098217010498,501300,0.0,0.0
1996-03-01 00:00:00-05:00,14.942474208797298,15.085465079663647,14.942474208797298,14.978222846984863,377100,0.0,0.0
1996-03-04 00:00:00-05:00,15.013967138559913,15.26420021057129,15.013967138559913,15.264200210571289,352125,0.0,0.0
1996-03-05 00:00:00-05:00,15.228461012683189,15.264207208164017,14.942479175886133,15.049722671508789,196650,0.0,0.0
1996-03-06 00:00:00-05:00,15.013963685539913,15.121207107334161,14.978217514667431,15.08545970916748,360000,0.0,0.0
1996-03-07 00:00:00-05:00,15.013963438344726,15.049712063217031,14.906722472904532,14.942468643188477,294750,0.0,0.0
1996-03-08 00:00:00-05:00,14.870987697739665,15.04972607938781,14.656503112516278,14.799492835998535,561150,0.0,0.0
1996-03-11 00:00:00-05:00,14.727984865993436,14.870974462211484,14.584995269775389,14.58499526977539,422550,0.0,0.0
1996-03-12 00:00:00-05:00,14.584999480864418,14.620745662945602,14.227522932517564,14.334766387939453,577125,0.0,0.0
1996-03-13 00:00:00-05:00,14.406262216229633,14.763737562332478,14.406262216229633,14.72799015045166,395775,0.0,0.0
1996-03-14 00:00:00-05:00,14.763737562332478,14.763737562332478,14.692241511276173,14.72799015045166,671175,0.0,0.0
1996-03-15 00:00:00-05:00,14.727992499772855,14.942477005271043,14.620749019728892,14.87098217010498,411300,0.0,0.0
1996-03-18 00:00:00-05:00,14.90673412816575,15.121218681335451,14.90673412816575,15.12121868133545,222975,0.0,0.0
1996-03-19 00:00:00-05:00,15.156960295975026,15.192707707798434,14.978223236857978,15.013969421386719,223200,0.0,0.0
1996-03-20 00:00:00-05:00,14.942479175886133,15.121217517060533,14.906732980405305,15.049722671508789,236700,0.0,0.0
1996-03-21 00:00:00-05:00,15.121207107334161,15.156954505500845,14.978217514667431,15.08545970916748,143775,0.0,0.0
1996-03-22 00:00:00-05:00,15.121218681335451,15.156966106863734,14.978228979222317,15.12121868133545,110700,0.0,0.0
1996-03-25 00:00:00-05:00,15.049712311000796,15.121207107334161,15.049712311000796,15.08545970916748,73350,0.0,0.0
1996-03-26 00:00:00-05:00,15.156959730417578,15.442940241628621,15.121212319928025,15.29995059967041,336375,0.0,0.0
1996-03-27 00:00:00-05:00,15.371445340578909,15.371445340578909,15.156959651464236,15.192707061767578,118350,0.0,0.0
1996-03-28 00:00:00-05:00,15.156960295975026,15.156960295975026,14.978223236857978,15.013969421386719,176850,0.0,0.0
1996-03-29 00:00:00-05:00,15.085473510258375,15.085473510258375,14.727997974257407,14.799492835998535,715500,0.0,0.0
1996-04-01 00:00:00-05:00,14.763731898373136,15.085459709167479,14.763731898373136,15.08545970916748,191250,0.0,0.0
1996-04-02 00:00:00-05:00,15.013969421386719,15.013969421386719,14.835232362269672,15.013969421386719,235800,0.0,0.0
1996-04-03 00:00:00-05:00,14.978225650148941,14.978225650148941,14.87098217010498,14.87098217010498,288000,0.0,0.0
1996-04-04 00:00:00-05:00,14.906730814982879,14.942477005271043,14.87098217010498,14.87098217010498,252450,0.0,0.0
1996-04-08 00:00:00-04:00,14.79948103699928,14.79948103699928,14.513500590739536,14.620742797851562,365175,0.0,0.0
1996-04-09 00:00:00-04:00,14.62075445435039,14.799492835998535,14.549259592609262,14.799492835998535,389925,0.0,0.0
1996-04-10 00:00:00-04:00,14.763742589372209,14.906733512878416,14.72799516531943,14.906733512878418,207000,0.0,0.0
1996-04-11 00:00:00-04:00,14.906724702827495,14.942470878458773,14.69223783068492,14.763733863830566,348300,0.0,0.0
1996-04-12 00:00:00-04:00,14.763731655297851,14.978217268060781,14.763731655297851,14.942468643188477,159750,0.0,0.0
1996-04-15 00:00:00-04:00,14.942477005271043,14.942477005271043,14.87098217010498,14.87098217010498,150525,0.0,0.0
1996-04-16 00:00:00-04:00,14.942470170000913,14.942470170000913,14.799480565077822,14.835227966308594,282825,0.0,0.0
1996-04-17 00:00:00-04:00,14.835229656183648,14.835229656183648,14.656492629669923,14.692238807678223,125100,0.0,0.0
1996-04-18 00:00:00-04:00,15.264208995867453,15.335703849792482,15.264208995867453,15.33570384979248,1597500,0.0,0.0
1996-04-19 00:00:00-04:00,15.407197741944962,15.657429695129395,15.407197741944962,15.657429695129395,1188675,0.0,0.0
1996-04-22 00:00:00-04:00,15.657422775427122,16.01489929086749,15.299948714575695,15.585927963256836,9823050,0.0,0.0
1996-04-23 00:00:00-04:00,15.585927963256836,15.657422775427122,15.478685745001409,15.585927963256836,1080000,0.0,0.0
1996-04-24 00:00:00-04:00,15.585926508269951,15.585926508269951,15.299947286285715,15.442936897277832,1335150,0.0,0.0
1996-04-25 00:00:00-04:00,15.371442091781773,15.442936897277832,15.371442091781773,15.442936897277832,983250,0.0,0.0
1996-04-26 00:00:00-04:00,15.407189494529803,15.478684300025863,15.371442091781773,15.442936897277832,828450,0.0,0.0
1996-04-29 00:00:00-04:00,15.442937022316535,15.478684425354004,15.371442216241595,15.478684425354004,322425,0.0,0.0
1996-04-30 00:00:00-04:00,15.474376844953333,15.510363629930852,15.366415254507853,15.43838882446289,499500,0.16,0.0
1996-05-01 00:00:00-04:00,15.43838882446289,15.510363629930852,15.402403274998298,15.43838882446289,309375,0.0,0.0
1996-05-02 00:00:00-04:00,15.402400644810653,15.47437420247514,15.186478736304474,15.222465515136719,337050,0.0,0.0
1996-05-03 00:00:00-04:00,15.22245774587787,15.258444506343142,15.150484224947327,15.186470985412598,200925,0.0,0.0
1996-05-06 00:00:00-04:00,15.150490918676752,15.186477695041559,15.07851736594714,15.114502906799316,180675,0.0,0.0
1996-05-07 00:00:00-04:00,15.042519569396973,15.042519569396973,14.89857255757063,15.042519569396973,538875,0.0,0.0
1996-05-08 00:00:00-04:00,15.006527140969446,15.258434295654297,14.934552432691088,15.258434295654297,282375,0.0,0.0
1996-05-09 00:00:00-04:00,15.258441322648315,15.294428075604902,15.006534051952213,15.042519569396973,344025,0.0,0.0
1996-05-10 00:00:00-04:00,15.186478736304474,15.258452293968963,15.114503943127273,15.222465515136719,344250,0.0,0.0
1996-05-13 00:00:00-04:00,15.222465515136719,15.222465515136719,15.114503943127273,15.222465515136719,221850,0.0,0.0
1996-05-14 00:00:00-04:00,15.294436555198043,15.438383646832019,15.258449782289548,15.402398109436035,285300,0.0,0.0
1996-05-15 00:00:00-04:00,15.366412630465694,15.366412630465694,15.222465515136719,15.222465515136719,515250,0.0,0.0
1996-05-16 00:00:00-04:00,15.222447559270746,15.294421032037846,15.222447559270746,15.258434295654297,157050,0.0,0.0
1996-05-17 00:00:00-04:00,15.150487636257322,15.186474404825438,15.078514099121092,15.078514099121094,478800,0.0,0.0
1996-05-20 00:00:00-04:00,15.042526095040616,15.078514099121092,15.006540561984863,15.078514099121094,349425,0.0,0.0
1996-05-21 00:00:00-04:00,15.078519583823908,15.114505129969144,14.970558003336954,15.006546020507812,661725,0.0,0.0
1996-05-22 00:00:00-04:00,15.006548827549324,15.006548827549324,14.86260043847814,14.898587226867676,289800,0.0,0.0
1996-05-23 00:00:00-04:00,14.970547770137829,14.970547770137829,14.754627227783203,14.754627227783203,333900,0.0,0.0
1996-05-24 00:00:00-04:00,14.75462885653597,14.75462885653597,14.50272029380227,14.682655334472656,504000,0.0,0.0
1996-05-28 00:00:00-04:00,14.754630785950164,14.754630785950164,14.394760657550368,14.610682487487793,447075,0.0,0.0
1996-05-29 00:00:00-04:00,14.574693815865583,14.826602378599283,14.538707054833926,14.682655334472656,854775,0.0,0.0
1996-05-30 00:00:00-04:00,14.68266179820919,14.68266179820919,14.466738665939376,14.538713455200195,678375,0.0,0.0
1996-05-31 00:00:00-04:00,14.646667882301413,14.682655880182738,14.466732834943382,14.502720832824707,414675,0.0,0.0
1996-06-03 00:00:00-04:00,14.430744748516009,14.574691772460938,14.394756757017847,14.574691772460938,187650,0.0,0.0
1996-06-04 00:00:00-04:00,14.682653480346112,14.970547532244083,14.646665488346919,14.934560775756836,917325,0.0,0.0
1996-06-05 00:00:00-04:00,14.89857401926959,14.970547532244083,14.862587262782345,14.934560775756836,504900,0.0,0.0
1996-06-06 00:00:00-04:00,14.934560775756838,14.934560775756838,14.89857401926959,14.934560775756836,258525,0.0,0.0
1996-06-07 00:00:00-04:00,14.86258984276759,14.86258984276759,14.610681268116307,14.79061508178711,628650,0.0,0.0
1996-06-10 00:00:00-04:00,14.790610673808247,14.790610673808247,14.5746901617531,14.646663665771484,224325,0.0,0.0
1996-06-11 00:00:00-04:00,14.682656705921426,14.826603763493576,14.682656705921426,14.718642234802246,492975,0.0,0.0
1996-06-12 00:00:00-04:00,14.682653275931566,14.718638796405868,14.574691772460938,14.574691772460938,318600,0.0,0.0
1996-06-13 00:00:00-04:00,14.574701228053604,14.574701228053604,14.430754110720462,14.466739654541016,280125,0.0,0.0
1996-06-14 00:00:00-04:00,14.466738665939376,14.538713455200195,14.430753124577937,14.538713455200195,567900,0.0,0.0
1996-06-17 00:00:00-04:00,14.538708956012739,14.718642784700373,14.538708956012739,14.610682487487793,420525,0.0,0.0
1996-06-18 00:00:00-04:00,14.646669253225319,14.754630785950164,14.574695721750267,14.610682487487793,370800,0.0,0.0
1996-06-19 00:00:00-04:00,14.61068057689724,14.898575900662596,14.61068057689724,14.682655334472656,158175,0.0,0.0
1996-06-20 00:00:00-04:00,14.75462678790403,14.826600299876494,14.466730268990311,14.574691772460938,248175,0.0,0.0
1996-06-21 00:00:00-04:00,14.64666870601617,14.862590527886615,14.574695177230094,14.718642234802246,497025,0.0,0.0
1996-06-24 00:00:00-04:00,14.790616316175427,14.790616316175427,14.538708956012739,14.610682487487793,455625,0.0,0.0
1996-06-25 00:00:00-04:00,14.610681119932236,14.610681119932236,14.358773783348003,14.502720832824707,482175,0.0,0.0
1996-06-26 00:00:00-04:00,14.466732834943382,14.646667882301413,14.466732834943382,14.502720832824707,573075,0.0,0.0
1996-06-27 00:00:00-04:00,14.430748658800159,14.646669253225319,14.358775127325105,14.610682487487793,268650,0.0,0.0
1996-06-28 00:00:00-04:00,14.646669253225319,14.898577848900272,14.610682487487793,14.610682487487793,160425,0.0,0.0
1996-07-01 00:00:00-04:00,14.646675732901718,15.078519583823908,14.646675732901718,15.006546020507812,277650,0.0,0.0
1996-07-02 00:00:00-04:00,15.006535524243278,15.07850903721777,14.862587262782345,14.934560775756836,274500,0.0,0.0
1996-07-03 00:00:00-04:00,14.89858444002086,15.078519583823908,14.826610876704766,15.006546020507812,95625,0.0,0.0
1996-07-05 00:00:00-04:00,14.826602929659442,14.826602929659442,14.466732834943382,14.502720832824707,104850,0.0,0.0
1996-07-08 00:00:00-04:00,14.46673447043943,14.538709238826836,14.358775406639042,14.43074893951416,212850,0.0,0.0
1996-07-09 00:00:00-04:00,14.430744307537102,14.50271781731018,14.394756317138672,14.394756317138672,262575,0.0,0.0
1996-07-10 00:00:00-04:00,14.430753124577937,14.61068700894837,14.394765112191202,14.538713455200195,230400,0.0,0.0
1996-07-11 00:00:00-04:00,14.538707595193884,14.610681119932236,14.430747308086357,14.502720832824707,244350,0.0,0.0
1996-07-12 00:00:00-04:00,14.358774185180664,14.466733239797295,14.214825896163394,14.358774185180664,309150,0.0,0.0
1996-07-15 00:00:00-04:00,14.394760937564312,14.538709238826836,14.250813871814076,14.43074893951416,2085975,0.0,0.0
1996-07-16 00:00:00-04:00,14.43074675666118,14.43074675666118,13.71100906575585,14.286798477172852,2050200,0.0,0.0
1996-07-17 00:00:00-04:00,14.35877101849383,14.46673004930115,13.998900993072567,14.142848014831543,264150,0.0,0.0
1996-07-18 00:00:00-04:00,14.178838194190684,14.610680561631462,14.034891150214458,14.286798477172852,321975,0.0,0.0
1996-07-19 00:00:00-04:00,14.322778072422837,14.358766050924062,14.070869635983154,14.178831100463867,326475,0.0,0.0
1996-07-22 00:00:00-04:00,14.106870809403972,14.322791469304704,13.962922467290845,14.070882797241211,241650,0.0,0.0
1996-07-23 00:00:00-04:00,13.746996318139702,14.070878443284485,13.746996318139702,13.926931381225586,419625,0.0,0.0
1996-07-24 00:00:00-04:00,13.854955145066901,14.034890173021127,13.74699363408956,13.962915420532227,584550,0.0,0.0
1996-07-25 00:00:00-04:00,13.998904912255034,13.998904912255034,13.818969849169154,13.926931381225586,285075,0.0,0.0
1996-07-26 00:00:00-04:00,14.034877777099608,14.070863268292834,13.962903088180381,14.03487777709961,145800,0.0,0.0
1996-07-29 00:00:00-04:00,14.034898436509,14.10687199586258,13.782989743258723,13.854963302612305,145575,0.0,0.0
1996-07-30 00:00:00-04:00,13.923119476561158,14.03189468383789,13.77808752662413,14.03189468383789,144675,0.16,0.0
1996-07-31 00:00:00-04:00,13.959379170450447,14.104411125183105,13.92311993694328,14.104411125183105,99675,0.0,0.0
1996-08-01 00:00:00-04:00,14.068159672816611,14.321966956346133,14.031901667287332,14.2131929397583,175725,0.0,0.0
1996-08-02 00:00:00-04:00,14.285699369608087,14.503247256877579,14.24944014357276,14.35821533203125,199575,0.0,0.0
1996-08-05 00:00:00-04:00,14.430740972933966,14.467000223287823,14.140676928699746,14.2131929397583,157950,0.0,0.0
1996-08-06 00:00:00-04:00,14.14067035869027,14.14067035869027,13.886863193084118,14.104411125183105,245925,0.0,0.0
1996-08-07 00:00:00-04:00,14.104419177158348,14.213194450129814,13.92312788542238,14.176935195922852,229050,0.0,0.0
1996-08-08 00:00:00-04:00,14.176925427194178,14.176925427194178,13.95937752080387,14.068151473999023,251100,0.0,0.0
1996-08-09 00:00:00-04:00,14.140668687619646,14.213184656416416,13.995635505202253,14.068151473999023,244350,0.0,0.0
1996-08-12 00:00:00-04:00,14.03189468383789,14.06815267132215,13.923119476561158,14.03189468383789,352125,0.0,0.0
1996-08-13 00:00:00-04:00,14.031895713919146,14.031895713919146,13.923120498657227,13.923120498657227,88200,0.0,0.0
1996-08-14 00:00:00-04:00,13.923114026549925,14.06814716453969,13.886857298081825,13.995631217956543,233325,0.0,0.0
1996-08-15 00:00:00-04:00,13.995635330571114,14.068151298463063,13.850602149963379,13.850602149963379,126675,0.0,0.0
1996-08-16 00:00:00-04:00,13.886862733900863,14.140669891114623,13.850603501592644,14.03189468383789,182925,0.0,0.0
1996-08-19 00:00:00-04:00,14.068151473999023,14.104409458397408,13.95937752080387,14.068151473999023,135675,0.0,0.0
1996-08-20 00:00:00-04:00,14.068153111110576,14.285702287640945,14.068153111110576,14.249443054199219,333450,0.0,0.0
1996-08-21 00:00:00-04:00,14.285710468894315,14.321968478276567,14.031903158393845,14.176935195922852,379800,0.0,0.0
1996-08-22 00:00:00-04:00,14.104419177158348,14.17693519592285,13.959387139629342,14.176935195922852,299025,0.0,0.0
1996-08-23 00:00:00-04:00,14.140668687619646,14.140668687619646,14.068151473999023,14.068151473999023,273375,0.0,0.0
1996-08-26 00:00:00-04:00,14.068159672816611,14.2131929397583,14.068159672816611,14.2131929397583,241425,0.0,0.0
1996-08-27 00:00:00-04:00,14.213189514671297,14.430737495422363,14.176930273055174,14.430737495422363,367875,0.0,0.0
1996-08-28 00:00:00-04:00,14.466993738518758,14.829573631286621,14.466993738518758,14.829573631286621,627075,0.0,0.0
1996-08-29 00:00:00-04:00,14.793315954394346,14.793315954394346,14.612024774613381,14.684540748596191,571050,0.0,0.0
1996-08-30 00:00:00-04:00,14.684549596668,14.720807605506412,14.648291587829588,14.64829158782959,186975,0.0,0.0
1996-09-03 00:00:00-04:00,14.539506487093115,14.648280430759135,14.466990524649102,14.503247261047363,361125,0.0,0.0
1996-09-04 00:00:00-04:00,14.503253392901488,14.575769386004655,14.466996641174175,14.539512634277344,187875,0.0,0.0
1996-09-05 00:00:00-04:00,14.467001760630284,14.467001760630284,14.17693519592285,14.176935195922852,221175,0.0,0.0
1996-09-06 00:00:00-04:00,14.17692418522556,14.720796393203148,14.17692418522556,14.503247261047363,316350,0.0,0.0
1996-09-09 00:00:00-04:00,14.57576825057057,14.938350677490236,14.57576825057057,14.938350677490234,399825,0.0,0.0
1996-09-10 00:00:00-04:00,14.86583137512207,15.010863317690097,14.757056173372153,14.86583137512207,200025,0.0,0.0
1996-09-11 00:00:00-04:00,14.86584175076227,15.010873794555664,14.793325728865572,15.010873794555664,251100,0.0,0.0
1996-09-12 00:00:00-04:00,15.010874603552807,15.228422680967451,15.010874603552807,15.119649887084961,97200,0.0,0.0
1996-09-13 00:00:00-04:00,15.264673602895673,15.445964813232422,15.228414364969002,15.445964813232422,260775,0.0,0.0
1996-09-16 00:00:00-04:00,15.518478929602686,15.736026862005264,15.48221969604492,15.482219696044922,279225,0.0,0.0
1996-09-17 00:00:00-04:00,15.518484224887661,15.518484224887661,15.373450975639729,15.409708976745605,174150,0.0,0.0
1996-09-18 00:00:00-04:00,15.409696807616783,15.445956024912968,15.337180862671302,15.373438835144043,182925,0.0,0.0
1996-09-19 00:00:00-04:00,15.373445729843633,15.48221969604492,15.337187741109869,15.482219696044922,103950,0.0,0.0
1996-09-20 00:00:00-04:00,15.736030186616725,15.736030186616725,15.445966215463695,15.518482208251953,393525,0.0,0.0
1996-09-23 00:00:00-04:00,15.518478929602686,15.518478929602686,15.373445729843633,15.482219696044922,312525,0.0,0.0
1996-09-24 00:00:00-04:00,15.482221561510787,15.554737547715826,15.409705575305749,15.445964813232422,233550,0.0,0.0
1996-09-25 00:00:00-04:00,15.518471969858451,15.518471969858451,15.373438835144043,15.373438835144043,372825,0.0,0.0
1996-09-26 00:00:00-04:00,15.337189589100712,15.554737547715826,15.192157616690636,15.445964813232422,265275,0.0,0.0
1996-09-27 00:00:00-04:00,15.445968222675909,15.445968222675909,15.264676972322098,15.409708976745605,157275,0.0,0.0
1996-09-30 00:00:00-04:00,15.409703622522255,15.80854274093152,15.373445634014503,15.736026763916016,425925,0.0,0.0
1996-10-01 00:00:00-04:00,15.736026053276591,15.917317232452229,15.66351007953591,15.69976806640625,231075,0.0,0.0
1996-10-02 00:00:00-04:00,15.736032921913862,15.881064932700394,15.699774919217228,15.808548927307129,213075,0.0,0.0
1996-10-03 00:00:00-04:00,15.772285997247762,15.80854274093152,15.663510786900513,15.736026763916016,92250,0.0,0.0
1996-10-04 00:00:00-04:00,15.808548989482864,16.098615501845735,15.69977498096515,16.026098251342773,163350,0.0,0.0
1996-10-07 00:00:00-04:00,16.098605200830058,16.243637119385426,15.953572037451003,15.989830017089844,202950,0.0,0.0
1996-10-08 00:00:00-04:00,15.88105981477805,16.09861025049775,15.808543832754205,15.953577041625977,147600,0.0,0.0
1996-10-09 00:00:00-04:00,15.989835780954747,15.989835780954747,15.69977059446037,15.844803810119629,213075,0.0,0.0
1996-10-10 00:00:00-04:00,15.808548927307127,15.844808174828243,15.699774919217228,15.808548927307129,86625,0.0,0.0
1996-10-11 00:00:00-04:00,15.881060558004268,15.953577788245967,15.844803810119629,15.844803810119629,170100,0.0,0.0
1996-10-14 00:00:00-04:00,15.808548989482864,16.062356254182014,15.808548989482864,16.026098251342773,288450,0.0,0.0
1996-10-15 00:00:00-04:00,16.058208465576172,16.0947042543697,15.985215635000866,16.058208465576172,1953450,0.16,0.0
1996-10-16 00:00:00-04:00,16.094703803373562,16.094703803373562,15.912223611531026,15.985215187072754,1974375,0.0,0.0
1996-10-17 00:00:00-04:00,15.94871977794713,16.094702921027476,15.912222739188897,16.021711349487305,526500,0.0,0.0
1996-10-18 00:00:00-04:00,16.131201686249202,16.31368064880371,16.021714308716497,16.31368064880371,499500,0.0,0.0
1996-10-21 00:00:00-04:00,16.35017967224121,16.53265990985937,16.313682622326755,16.35017967224121,314775,0.0,0.0
1996-10-22 00:00:00-04:00,16.386671817706166,16.386671817706166,16.021712676782645,16.058208465576172,297900,0.0,0.0
1996-10-23 00:00:00-04:00,15.94873126684657,16.16770613920881,15.875739642725824,16.131210327148438,291150,0.0,0.0
1996-10-24 00:00:00-04:00,16.05821870302769,16.16770613920881,16.05821870302769,16.131210327148438,181350,0.0,0.0
1996-10-25 00:00:00-04:00,16.0947058937383,16.350177694302992,16.0947058937383,16.31368064880371,166950,0.0,0.0
1996-10-28 00:00:00-05:00,16.53265872564545,16.56915326696879,16.350178501098128,16.42317008972168,364950,0.0,0.0
1996-10-29 00:00:00-05:00,16.42317126609306,16.459667063018987,16.20419648453751,16.35017967224121,338850,0.0,0.0
1996-10-30 00:00:00-05:00,16.42316587752845,16.605646055273485,16.350174307625682,16.569149017333984,217800,0.0,0.0
1996-10-31 00:00:00-05:00,16.715133919408846,16.934109888777083,16.678638133345498,16.86111831665039,642375,0.0,0.0
1996-11-01 00:00:00-05:00,16.93410981123839,17.080092954823343,16.75162962876905,16.824621200561523,308925,0.0,0.0
1996-11-04 00:00:00-05:00,16.86111973580271,16.970605850219727,16.67863953713898,16.970605850219727,291825,0.0,0.0
1996-11-05 00:00:00-05:00,16.861124365117497,16.934115963427928,16.605652518042376,16.642147064208984,469350,0.0,0.0
1996-11-06 00:00:00-05:00,16.56915091674544,16.970605850219727,16.350176181934877,16.970605850219727,614475,0.0,0.0
1996-11-07 00:00:00-05:00,17.08009949983138,17.226082699356358,16.86112470054391,16.897619247436523,428175,0.0,0.0
1996-11-08 00:00:00-05:00,16.970612822013386,17.007109879130308,16.82462960550082,16.934118270874023,481050,0.0,0.0
1996-11-11 00:00:00-05:00,16.934118510149776,17.153093338012695,16.89762145251716,17.153093338012695,295650,0.0,0.0
1996-11-12 00:00:00-05:00,17.153094107101293,17.37207019777118,17.153094107101293,17.262582778930664,414450,0.0,0.0
1996-11-13 00:00:00-05:00,17.29907233299206,17.335569381713867,17.226080741525436,17.335569381713867,434250,0.0,0.0
1996-11-14 00:00:00-05:00,17.299072478136605,17.554544303401777,17.299072478136605,17.445056915283203,603225,0.0,0.0
1996-11-15 00:00:00-05:00,17.737018981331506,17.737018981331506,17.4450514514714,17.591035842895508,634950,0.0,0.0
1996-11-18 00:00:00-05:00,17.591035842895508,17.664027412113505,17.518044273677507,17.591035842895508,333225,0.0,0.0
1996-11-19 00:00:00-05:00,17.59103958686883,17.773518548751575,17.518048002115734,17.554542541503906,215550,0.0,0.0
1996-11-20 00:00:00-05:00,17.55454524280433,17.700529687763044,17.44505784882672,17.664033889770508,348075,0.0,0.0
1996-11-21 00:00:00-05:00,17.737025485755584,17.737025485755584,17.55454524280433,17.664033889770508,230175,0.0,0.0
1996-11-22 00:00:00-05:00,17.627534505929955,17.810014724731445,17.627534505929955,17.810014724731445,233775,0.0,0.0
1996-11-25 00:00:00-05:00,17.81002875716598,18.029004941660357,17.81002875716598,17.883020401000977,218475,0.0,0.0
1996-11-26 00:00:00-05:00,17.956012044835973,18.174989482319738,17.773532935248483,17.883020401000977,320850,0.0,0.0
1996-11-27 00:00:00-05:00,17.883006311056683,17.919503357207702,17.773518931568827,17.810014724731445,180225,0.0,0.0
1996-11-29 00:00:00-05:00,17.846512357704974,17.846512357704974,17.73702372162855,17.77351951599121,56250,0.0,0.0
1996-12-02 00:00:00-05:00,17.810014297889236,17.992494512317332,17.664031128737456,17.955997467041016,190350,0.0,0.0
1996-12-03 00:00:00-05:00,17.919508994054286,18.028996407983026,17.664037108565093,17.700532913208008,139950,0.0,0.0
1996-12-04 00:00:00-05:00,17.59104120483555,17.59104120483555,17.226080741525436,17.335569381713867,289800,0.0,0.0
1996-12-05 00:00:00-05:00,17.262574156341053,17.262574156341053,16.97060534595927,17.043598175048828,749250,0.0,0.0
1996-12-06 00:00:00-05:00,16.82462960550082,17.04360568325845,16.678646388988255,16.934118270874023,272475,0.0,0.0
1996-12-09 00:00:00-05:00,16.970610847199012,16.970610847199012,16.86112470054391,16.897619247436523,252675,0.0,0.0
1996-12-10 00:00:00-05:00,16.970604344146476,16.970604344146476,16.788125414665288,16.824621200561523,163575,0.0,0.0
1996-12-11 00:00:00-05:00,16.824626166739087,17.189586639404297,16.532659793388554,17.189586639404297,754200,0.0,0.0
1996-12-12 00:00:00-05:00,17.66404546949599,17.956012044835973,17.372077641166616,17.883020401000977,1245375,0.0,0.0
1996-12-13 00:00:00-05:00,17.8465110278199,17.992494194392176,17.59103923333007,17.737022399902344,771750,0.0,0.0
1996-12-16 00:00:00-05:00,17.9194992389057,18.612920402620148,17.883002201142517,18.393945693969727,884025,0.0,0.0
1996-12-17 00:00:00-05:00,18.320954124419586,18.466937263519867,18.06548237800598,18.393945693969727,618075,0.0,0.0
1996-12-18 00:00:00-05:00,18.320962313536036,18.539937120063968,18.17497910918408,18.357458114624023,713925,0.0,0.0
1996-12-19 00:00:00-05:00,18.430449579821758,18.83190589478329,18.35745797818827,18.758913040161133,553950,0.0,0.0
1996-12-20 00:00:00-05:00,18.904889550908557,18.904889550908557,18.503434657662577,18.6129207611084,823950,0.0,0.0
1996-12-23 00:00:00-05:00,18.61292654942705,18.68591939607075,18.539934955771876,18.649423599243164,392625,0.0,0.0
1996-12-24 00:00:00-05:00,18.612925963636943,18.6859188079834,18.612925963636943,18.6859188079834,61200,0.0,0.0
1996-12-26 00:00:00-05:00,18.649423012304414,18.758910399341367,18.50343982958848,18.6859188079834,419850,0.0,0.0
1996-12-27 00:00:00-05:00,18.68591599314267,18.68591599314267,18.46693999906676,18.503437042236328,262125,0.0,0.0
1996-12-30 00:00:00-05:00,18.503435637869448,18.503435637869448,18.393947022647268,18.430442810058594,190575,0.0,0.0
1996-12-31 00:00:00-05:00,18.46694264446026,18.46694264446026,18.138479232788086,18.138479232788086,243900,0.0,0.0
1997-01-02 00:00:00-05:00,18.17497479827616,18.211469337719365,17.773518575552025,17.992494583129883,340425,0.0,0.0
1997-01-03 00:00:00-05:00,18.06548764196949,18.174976281185867,17.99249605115089,18.138479232788086,345825,0.0,0.0
1997-01-06 00:00:00-05:00,18.101981889181168,18.17497472674543,17.883005882465124,17.955997467041016,353925,0.0,0.0
1997-01-07 00:00:00-05:00,17.95599906962864,18.174976348876953,17.919504527071897,18.174976348876953,263025,0.0,0.0
1997-01-08 00:00:00-05:00,18.211470891433695,18.284462482524145,18.02899191370757,18.174976348876953,310500,0.0,0.0
1997-01-09 00:00:00-05:00,18.17498272430477,18.284468896357566,18.13848566296861,18.211477279663086,273375,0.0,0.0
1997-01-10 00:00:00-05:00,18.06548632395257,18.10198211669922,17.883006107230937,18.10198211669922,245925,0.0,0.0
1997-01-13 00:00:00-05:00,18.101986381749597,18.46694564819336,18.02899477905858,18.46694564819336,1225350,0.0,0.0
1997-01-14 00:00:00-05:00,18.539936065673828,18.576433117674856,18.466944467648975,18.539936065673828,255150,0.0,0.0
1997-01-15 00:00:00-05:00,18.539936982271996,18.86840044261137,18.539936982271996,18.758913040161133,602550,0.0,0.0
1997-01-16 00:00:00-05:00,18.758908325284775,18.758908325284775,18.50343778377769,18.57642936706543,264600,0.0,0.0
1997-01-17 00:00:00-05:00,18.576433117674856,18.612927663698677,18.466944467648975,18.539936065673828,482625,0.0,0.0
1997-01-20 00:00:00-05:00,18.539934955771876,18.68591939607075,18.539934955771876,18.649423599243164,422100,0.0,0.0
1997-01-21 00:00:00-05:00,18.6859188079834,18.868397786378317,18.539934372278978,18.6859188079834,350550,0.0,0.0
1997-01-22 00:00:00-05:00,18.685915901671496,18.86839485168457,18.685915901671496,18.86839485168457,374175,0.0,0.0
1997-01-23 00:00:00-05:00,18.941389973863863,18.941389973863863,18.649423599243164,18.649423599243164,305775,0.0,0.0
1997-01-24 00:00:00-05:00,18.612927276325074,18.79540752057801,18.53993567981933,18.722415924072266,293400,0.0,0.0
1997-01-27 00:00:00-05:00,18.649417799574522,18.795400941486463,18.576426228618548,18.6129207611084,335475,0.0,0.0
1997-01-28 00:00:00-05:00,18.6859188079834,18.795406195020348,18.649423012304414,18.6859188079834,271575,0.0,0.0
1997-01-29 00:00:00-05:00,18.685920849900107,18.904896900891252,18.685920849900107,18.795408248901367,631125,0.0,0.0
1997-01-30 00:00:00-05:00,18.79540327167934,18.904891894675476,18.64942011166888,18.86839485168457,714375,0.0,0.0
1997-01-31 00:00:00-05:00,18.9413864316898,19.123866634691165,18.79540327167934,18.86839485168457,379800,0.0,0.0
1997-02-03 00:00:00-05:00,18.831904571819457,18.831904571819457,18.64942432756652,18.722415924072266,615150,0.0,0.0
1997-02-04 00:00:00-05:00,18.649420554651762,18.795403718129783,18.101981185632532,18.32095718383789,1079100,0.0,0.0
1997-02-05 00:00:00-05:00,18.320962177371523,18.941392044244864,18.320962177371523,18.758913040161133,566550,0.0,0.0
1997-02-06 00:00:00-05:00,18.758911722325138,18.758911722325138,18.39395248680784,18.722415924072266,216450,0.0,0.0
1997-02-07 00:00:00-05:00,18.75471304722315,18.864818572998047,18.681309363373217,18.864818572998047,216675,0.16,0.0
1997-02-10 00:00:00-05:00,18.864818584312616,18.91987197726436,18.718009956462147,18.75471305847168,312525,0.0,0.0
1997-02-11 00:00:00-05:00,18.791419942054862,18.901525497436523,18.681314386673204,18.901525497436523,259200,0.0,0.0
1997-02-12 00:00:00-05:00,18.901515977064516,18.93821907043457,18.754708643833325,18.93821907043457,314550,0.0,0.0
1997-02-13 00:00:00-05:00,18.901517283242725,19.341941833496094,18.791411775710557,19.341941833496094,315225,0.0,0.0
1997-02-14 00:00:00-05:00,19.341951422190053,19.341951422190053,19.19514274597168,19.19514274597168,285075,0.0,0.0
1997-02-18 00:00:00-05:00,19.15843012802948,19.37864112854004,19.15843012802948,19.37864112854004,285300,0.0,0.0
1997-02-19 00:00:00-05:00,19.30524769823509,19.341950811177455,19.08503658095845,19.12173843383789,346050,0.0,0.0
1997-02-20 00:00:00-05:00,19.0483271534651,19.0483271534651,18.57120196413722,18.68130874633789,404100,0.0,0.0
1997-02-21 00:00:00-05:00,18.6813106349435,18.90152170148228,18.644607530457733,18.79141616821289,237150,0.0,0.0
1997-02-24 00:00:00-05:00,18.8281129347283,19.01162336741416,18.79141110020359,18.97492027282715,209925,0.0,0.0
1997-02-25 00:00:00-05:00,18.97492028795209,19.01162338256836,18.90151661884416,19.01162338256836,563850,0.0,0.0
1997-02-26 00:00:00-05:00,18.974924098772945,19.01162720076046,18.71800994523563,18.864818572998047,533025,0.0,0.0
1997-02-27 00:00:00-05:00,18.79141490041866,18.864818584312616,18.718009956462147,18.75471305847168,202725,0.0,0.0
1997-02-28 00:00:00-05:00,18.681306198268892,18.681306198268892,18.571199431086423,18.60790252685547,204525,0.0,0.0
1997-03-03 00:00:00-05:00,18.571199431086423,18.644603102499843,18.497795759673,18.60790252685547,251325,0.0,0.0
1997-03-04 00:00:00-05:00,18.571198773795913,18.571198773795913,18.38768834169501,18.49779510498047,290925,0.0,0.0
1997-03-05 00:00:00-05:00,18.497799521998356,18.82811737060547,18.497799521998356,18.82811737060547,167400,0.0,0.0
1997-03-06 00:00:00-05:00,18.901517241905772,19.085027680787068,18.7914117346144,19.048324584960938,551475,0.0,0.0
1997-03-07 00:00:00-05:00,19.26853377083578,19.67225513318149,19.231830683293392,19.488744735717773,757350,0.0,0.0
1997-03-10 00:00:00-05:00,19.4887542293593,19.7456684069354,19.341946847923055,19.708965301513672,365400,0.0,0.0
1997-03-11 00:00:00-05:00,19.745654298284276,19.745654298284276,19.452038485143277,19.525442123413086,267975,0.0,0.0
1997-03-12 00:00:00-05:00,19.52545673798892,19.745669077686472,19.488754891383113,19.562158584594727,513900,0.0,0.0
1997-03-13 00:00:00-05:00,19.525457468738498,19.525457468738498,19.158437728881836,19.158437728881836,300150,0.0,0.0
1997-03-14 00:00:00-05:00,19.12173332310213,19.30524253845215,19.08503148003213,19.30524253845215,352125,0.0,0.0
1997-03-17 00:00:00-05:00,19.30523427396109,19.415341016097454,19.01161965509627,19.26853370666504,228150,0.0,0.0
1997-03-18 00:00:00-05:00,19.195135120426325,19.34194373832285,19.0483265025298,19.08502960205078,404550,0.0,0.0
1997-03-19 00:00:00-05:00,19.0483265025298,19.34194373832285,19.011625923133753,19.08502960205078,395775,0.0,0.0
1997-03-20 00:00:00-05:00,19.121731441509297,19.158433280967813,19.0483265025298,19.08502960205078,366075,0.0,0.0
1997-03-21 00:00:00-05:00,19.305238695369816,19.305238695369816,19.011624009259485,19.048324584960938,693000,0.0,0.0
1997-03-24 00:00:00-05:00,19.085027680787068,19.085027680787068,19.011624009259485,19.048324584960938,416925,0.0,0.0
1997-03-25 00:00:00-05:00,19.048330924880904,19.195139576861227,19.048330924880904,19.158437728881836,260775,0.0,0.0
1997-03-26 00:00:00-05:00,19.15843007028136,19.15843007028136,18.93821907043457,18.93821907043457,194850,0.0,0.0
1997-03-27 00:00:00-05:00,19.01162458993865,19.01162458993865,18.094074887631788,18.167478561401367,492750,0.0,0.0
1997-03-31 00:00:00-05:00,18.16749267321194,18.38770386557227,17.947281480851608,17.98398208618164,578475,0.0,0.0
1997-04-01 00:00:00-05:00,17.947267540092632,18.167478561401367,17.947267540092632,18.167478561401367,358875,0.0,0.0
1997-04-02 00:00:00-05:00,18.167486940164483,18.167486940164483,17.873870849609375,17.873870849609375,285075,0.0,0.0
1997-04-03 00:00:00-05:00,17.800472759214696,18.057385816968416,17.727067768364563,17.98398208618164,405225,0.0,0.0
1997-04-04 00:00:00-05:00,17.910564443145464,18.167478561401367,17.83716076937589,18.167478561401367,396450,0.0,0.0
1997-04-07 00:00:00-04:00,18.167474800040186,18.424388865105062,18.130772970754077,18.387685775756836,389475,0.0,0.0
1997-04-08 00:00:00-04:00,18.387685775756836,18.424388865105062,18.240878458612404,18.387685775756836,165600,0.0,0.0
1997-04-09 00:00:00-04:00,18.497795700819225,18.497795700819225,18.057371153615307,18.094074249267578,259200,0.0,0.0
1997-04-10 00:00:00-04:00,18.05737619894655,18.38769407161097,18.0206756131646,18.240886688232422,348750,0.0,0.0
1997-04-11 00:00:00-04:00,18.167484344693236,18.167484344693236,17.690359053244347,17.91057014465332,622575,0.0,0.0
1997-04-14 00:00:00-04:00,17.87386757524738,18.350994107516946,17.800463881071366,18.31429100036621,450450,0.0,0.0
1997-04-15 00:00:00-04:00,18.42438825981028,18.571195572131668,18.314281515507165,18.461090087890625,405225,0.0,0.0
1997-04-16 00:00:00-04:00,18.4243952098359,18.864818572998047,18.387692107848384,18.864818572998047,421650,0.0,0.0
1997-04-17 00:00:00-04:00,18.864818584312616,18.901520426259594,18.64460627256819,18.75471305847168,460125,0.0,0.0
1997-04-18 00:00:00-04:00,18.82811801263602,18.82811801263602,18.6813106349435,18.79141616821289,544275,0.0,0.0
1997-04-21 00:00:00-04:00,18.791411705389024,18.864815376802444,18.53449759537971,18.60790252685547,629325,0.0,0.0
1997-04-22 00:00:00-04:00,18.754711161847116,19.231836318969727,18.71800806354929,19.231836318969727,571950,0.0,0.0
1997-04-23 00:00:00-04:00,19.341951422190053,19.41535513026776,19.048334069753306,19.19514274597168,286200,0.0,0.0
1997-04-24 00:00:00-04:00,19.19513254003772,19.268537469149443,18.79141110020359,18.97492027282715,179100,0.0,0.0
1997-04-25 00:00:00-04:00,18.97492027282715,19.085027036463583,18.901516603777726,18.97492027282715,118350,0.0,0.0
1997-04-28 00:00:00-04:00,18.97491970087509,19.415344222020725,18.97491970087509,19.37864112854004,178425,0.0,0.0
1997-04-29 00:00:00-04:00,19.41998068729891,19.678421784099832,19.34614073608482,19.604581832885742,492525,0.17333,0.0
1997-04-30 00:00:00-04:00,19.604584307452498,19.678424267986955,19.56766432718527,19.641504287719727,405675,0.0,0.0
1997-05-01 00:00:00-04:00,19.41998068729891,19.641501808492787,19.34614073608482,19.604581832885742,339525,0.0,0.0
1997-05-02 00:00:00-04:00,19.530748059656933,20.37991156988202,19.419986830248092,20.30607032775879,287550,0.0,0.0
1997-05-05 00:00:00-04:00,20.416833384849486,20.9337158203125,20.416833384849486,20.9337158203125,567000,0.0,0.0
1997-05-06 00:00:00-04:00,21.00755436555781,21.118315604163215,20.638353194494716,20.712194442749023,337275,0.0,0.0
1997-05-07 00:00:00-04:00,20.822952227235092,20.896793472230435,20.158389895141372,20.23223114013672,451800,0.0,0.0
1997-05-08 00:00:00-04:00,20.158394781628765,20.933718535381505,20.121476051509905,20.859878540039062,476550,0.0,0.0
1997-05-09 00:00:00-04:00,20.93372319064035,20.970643196521873,20.453761846627902,20.786043167114258,231300,0.0,0.0
1997-05-12 00:00:00-04:00,20.56450824125163,21.081389248736212,20.56450824125163,21.007549285888672,269550,0.0,0.0
1997-05-13 00:00:00-04:00,21.081401920878466,21.22908320289735,20.97064191002873,21.044483184814453,328275,0.0,0.0
1997-05-14 00:00:00-04:00,21.118328094482422,21.37676944734594,21.00756679036785,21.118328094482422,601875,0.0,0.0
1997-05-15 00:00:00-04:00,21.2106190922465,21.26599845151246,20.93371722570758,21.155237197875977,279000,0.0,1.5
1997-05-16 00:00:00-04:00,21.155233326168016,21.155233326168016,20.767572812044552,20.878334045410156,347700,0.0,0.0
1997-05-19 00:00:00-04:00,21.099864606424077,21.099864606424077,20.767583274039445,20.989103317260742,204750,0.0,0.0
1997-05-20 00:00:00-04:00,20.878337979876502,20.93371733944334,20.60143611183313,20.822956085205078,229950,0.0,0.0
1997-05-21 00:00:00-04:00,20.767576217651367,20.878337469180348,20.546056249697926,20.767576217651367,287400,0.0,0.0
1997-05-22 00:00:00-04:00,20.822962651068426,21.099864606424077,20.60144260784713,20.989103317260742,301650,0.0,0.0
1997-05-23 00:00:00-04:00,21.04447987473292,21.155238600608875,20.878339250814253,21.0998592376709,99150,0.0,0.0
1997-05-27 00:00:00-04:00,20.989103317260742,21.099864606424077,20.878344563202784,20.989103317260742,103350,0.0,0.0
1997-05-28 00:00:00-04:00,20.822955972071092,21.2106190922465,20.712197253539177,21.155237197875977,255600,0.0,0.0
1997-05-29 00:00:00-04:00,21.210615158081055,21.2659945070752,20.989092691896293,21.210615158081055,246750,0.0,0.0
1997-05-30 00:00:00-04:00,21.15524307257684,21.764426334087666,21.099863697932317,21.598285675048828,250800,0.0,0.0
1997-06-02 00:00:00-04:00,21.598281356369004,21.598281356369004,21.32137946830371,21.54290199279785,142650,0.0,0.0
1997-06-03 00:00:00-04:00,21.432145016009994,21.653665049693352,21.32138373161568,21.598285675048828,152850,0.0,0.0
1997-06-04 00:00:00-04:00,21.59827275455958,21.59827275455958,21.321370976774233,21.376752853393555,147600,0.0,0.0
1997-06-05 00:00:00-04:00,21.43214073055078,21.65366071994016,21.37676136697963,21.54290199279785,242850,0.0,0.0
1997-06-06 00:00:00-04:00,21.487517193519558,21.764419044205837,21.487517193519558,21.70903968811035,214800,0.0,0.0
1997-06-09 00:00:00-04:00,21.598284626735076,21.81980464966654,21.542905254778496,21.76442527770996,251550,0.0,0.0
1997-06-10 00:00:00-04:00,21.875185012817383,21.985943748913392,21.709044373568403,21.875185012817383,212250,0.0,0.0
1997-06-11 00:00:00-04:00,21.81980310966441,21.958255332441873,21.65366247041543,21.875185012817383,195150,0.0,0.0
1997-06-12 00:00:00-04:00,21.98594444163286,22.428987005290907,21.93056507184,22.373607635498047,295950,0.0,0.0
1997-06-13 00:00:00-04:00,22.262845118242996,22.428985753453766,22.041325116330274,22.096704483032227,347850,0.0,0.0
1997-06-16 00:00:00-04:00,22.20746699101441,22.373607635498047,22.041326346530774,22.373607635498047,292650,0.0,0.0
1997-06-17 00:00:00-04:00,22.31822243004378,22.595124308268232,22.152081810130042,22.428983688354492,298800,0.0,0.0
1997-06-18 00:00:00-04:00,22.262830349507087,22.539732069535365,22.20745101954272,22.484350204467773,184650,0.0,0.0
1997-06-19 00:00:00-04:00,22.816649898286972,22.816649898286972,22.37360982635092,22.76127052307129,404100,0.0,0.0
1997-06-20 00:00:00-04:00,22.927405797325235,23.42582766248448,22.927405797325235,23.14892578125,648600,0.0,0.0
1997-06-23 00:00:00-04:00,23.14892578125,23.647347646409244,22.816644537810504,23.14892578125,646800,0.0,0.0
1997-06-24 00:00:00-04:00,23.20430050187374,23.315059192028034,23.01046899144784,23.23198890686035,886800,0.0,0.0
1997-06-25 00:00:00-04:00,23.231998037969987,23.231998037969987,22.650505813246383,22.872028350830078,609150,0.0,0.0
1997-06-26 00:00:00-04:00,22.761270029532458,22.955101641242386,22.539749998367707,22.705890655517578,250650,0.0,0.0
1997-06-27 00:00:00-04:00,22.816655418910326,23.065866470336914,22.816655418910326,23.065866470336914,240450,0.0,0.0
1997-06-30 00:00:00-04:00,23.148930151477384,23.148930151477384,22.484367539137313,22.927410125732422,276900,0.0,0.0
1997-07-01 00:00:00-04:00,22.81664397872173,23.12123680114746,22.81664397872173,23.12123680114746,346350,0.0,0.0
1997-07-02 00:00:00-04:00,23.12123736769984,23.25968704076473,23.01047610818511,23.14892578125,506700,0.0,0.0
1997-07-03 00:00:00-04:00,23.148931160044032,23.53659439086914,23.121242740060303,23.53659439086914,324600,0.0,0.0
1997-07-07 00:00:00-04:00,23.591972285174414,23.9242535849656,23.453522588629795,23.61966323852539,228900,0.0,0.0
1997-07-08 00:00:00-04:00,23.591968978078743,23.67503929138184,23.259687724866367,23.675039291381836,266850,0.0,0.0
1997-07-09 00:00:00-04:00,24.035014863264376,24.311914256353614,23.591972285174414,23.61966323852539,473250,0.0,0.0
1997-07-10 00:00:00-04:00,23.979626606017625,24.145767211914062,23.758106643190526,24.145767211914062,320850,0.0,0.0
1997-07-11 00:00:00-04:00,24.035008498052743,24.22883751486228,23.951938195104525,24.145767211914062,158100,0.0,0.0
1997-07-14 00:00:00-04:00,24.090393611955978,24.11808456459095,23.59197167515689,23.868873596191406,151050,0.0,0.0
1997-07-15 00:00:00-04:00,23.868873596191406,23.868873596191406,23.508901352357043,23.868873596191406,214650,0.0,0.0
1997-07-16 00:00:00-04:00,23.758113240700695,24.145773917075672,23.730422286993495,24.00732421875,313050,0.0,0.0
1997-07-17 00:00:00-04:00,24.035010072418437,24.035010072418437,23.48120632641819,23.730417251586914,373650,0.0,0.0
1997-07-18 00:00:00-04:00,23.702724102916964,23.785794394708606,23.2043023521671,23.259681701660156,262350,0.0,0.0
1997-07-21 00:00:00-04:00,23.204307617282904,23.398136652040957,22.89971478819792,23.176616668701172,540600,0.0,0.0
1997-07-22 00:00:00-04:00,23.259691698797816,24.090394973754883,23.23200074459751,24.090394973754883,391650,0.0,0.0
1997-07-23 00:00:00-04:00,24.06270315958823,24.06270315958823,23.647351536953767,23.924253463745117,223500,0.0,0.0
1997-07-24 00:00:00-04:00,24.035007563001642,24.035007563001642,23.42582452004604,23.702726364135742,253350,0.0,0.0
1997-07-25 00:00:00-04:00,23.75810617367031,24.14576673473269,23.702726817834087,23.785797119140625,140700,0.0,0.0
1997-07-28 00:00:00-04:00,23.896561378297633,24.090392971378204,23.287380717367263,23.34276008605957,259950,0.0,0.0
1997-07-29 00:00:00-04:00,23.425828274762665,24.007320465980175,23.204308285048057,23.979629516601562,298350,0.0,0.0
1997-07-30 00:00:00-04:00,23.97963911657072,24.505752154759,23.84118938446045,24.42268180847168,273000,0.0,0.0
1997-07-31 00:00:00-04:00,24.810331344604492,24.865713240454692,24.61650231444269,24.810331344604492,377850,0.0,0.0
1997-08-01 00:00:00-04:00,24.842596042297203,24.926053814608313,23.868922880977287,23.924560546875,453750,0.17333,0.0
1997-08-04 00:00:00-04:00,23.92456940429636,24.230583047349718,23.78547391459122,24.147125244140625,232500,0.0,0.0
1997-08-05 00:00:00-04:00,24.314045287308264,24.425320680605548,23.813298376679015,23.841115951538086,265350,0.0,0.0
1997-08-06 00:00:00-04:00,23.75765521323633,24.20276437251213,23.702017523425674,24.119306564331055,197700,0.0,0.0
1997-08-07 00:00:00-04:00,24.035836994024933,24.202752528705663,23.924559121928134,23.95237922668457,370650,0.0,0.0
1997-08-08 00:00:00-04:00,23.924564346963525,24.202757814497463,23.47945785522461,23.47945785522461,496350,0.0,0.0
1997-08-11 00:00:00-04:00,23.590743166331304,23.95239457214661,23.535105468102245,23.729841232299805,318000,0.0,0.0
1997-08-12 00:00:00-04:00,23.785470652496016,23.84110833136155,23.59073495607212,23.618555068969727,145050,0.0,0.0
1997-08-13 00:00:00-04:00,23.785478930528864,23.813299053108675,23.535105468102245,23.729841232299805,231150,0.0,0.0
1997-08-14 00:00:00-04:00,23.813289160416627,23.86892683553227,23.42381779381857,23.562915802001953,240750,0.0,0.0
1997-08-15 00:00:00-04:00,23.5072745975198,23.53509470737969,23.034348011478,23.06216812133789,324300,0.0,0.0
1997-08-18 00:00:00-04:00,22.978709882001034,23.256900787353516,22.895252101009422,23.256900787353516,241650,0.0,0.0
1997-08-19 00:00:00-04:00,23.201260871091943,24.008018493652344,23.201260871091943,24.008018493652344,267000,0.0,0.0
1997-08-20 00:00:00-04:00,24.008027020876366,24.008027020876366,23.396004833387334,23.4238224029541,282300,0.0,0.0
1997-08-21 00:00:00-04:00,23.42381683004249,23.507274612746833,23.201263591807376,23.28472137451172,325050,0.0,0.0
1997-08-22 00:00:00-04:00,23.062172752593234,23.201268235966513,22.756159123470134,22.92307472229004,313200,0.0,0.0
1997-08-25 00:00:00-04:00,22.72833808583108,23.034349121316506,22.72833808583108,22.867433547973633,201900,0.0,0.0
1997-08-26 00:00:00-04:00,22.923067707532184,23.034345588336272,22.672694385919833,22.811792373657227,377250,0.0,0.0
1997-08-27 00:00:00-04:00,22.70051013271985,22.70051013271985,22.422316757607362,22.56141471862793,497850,0.0,0.0
1997-08-28 00:00:00-04:00,22.505777888295764,23.089982280734226,22.477960329465663,22.75615119934082,399000,0.0,0.0
1997-08-29 00:00:00-04:00,22.67268943786621,22.867425050042275,22.58923168220912,22.67268943786621,185850,0.0,0.0
1997-09-02 00:00:00-04:00,22.839607032960984,23.340353612589325,22.839607032960984,23.22907829284668,282750,0.0,0.0
1997-09-03 00:00:00-04:00,23.256903012089886,23.340360801065007,23.00652964516453,23.201265335083008,288750,0.0,0.0
1997-09-04 00:00:00-04:00,22.811796810265722,23.368181228637695,22.811796810265722,23.368181228637695,301950,0.0,0.0
1997-09-05 00:00:00-04:00,23.34036800680046,23.590741451022147,23.034356868395193,23.173452377319336,207750,0.0,0.0
1997-09-08 00:00:00-04:00,23.22908576077711,23.56291692118622,22.895254600368,23.368181228637695,185700,0.0,0.0
1997-09-09 00:00:00-04:00,23.256901264633804,23.590732395451177,23.201263591807376,23.28472137451172,171150,0.0,0.0
1997-09-10 00:00:00-04:00,23.173441029144534,23.256898803015318,22.811792373657227,22.811792373657227,164550,0.0,0.0
1997-09-11 00:00:00-04:00,22.70052262014656,22.811800540790628,22.311053718287393,22.505786895751953,377550,0.0,0.0
1997-09-12 00:00:00-04:00,22.477959629166318,23.145621771152157,22.283223988777465,23.117801666259766,485400,0.0,0.0
1997-09-15 00:00:00-04:00,23.062172603789854,23.173447970998534,22.672701177769778,22.839616775512695,193050,0.0,0.0
1997-09-16 00:00:00-04:00,23.17344629930745,23.841108642115152,23.17344629930745,23.785470962524414,322950,0.0,0.0
1997-09-17 00:00:00-04:00,23.813300743865554,23.9802163973344,23.75766049475544,23.868938446044922,316650,0.0,0.0
1997-09-18 00:00:00-04:00,23.980199990984357,24.286210964005804,23.757644240669663,24.063657760620117,288000,0.0,0.0
1997-09-19 00:00:00-04:00,23.28471864400954,24.09147626656994,23.256898537393973,24.008018493652344,472500,0.0,0.0
1997-09-22 00:00:00-04:00,23.952381306224396,24.119296855396694,23.81328586422387,24.035839080810547,204300,0.0,0.0
1997-09-23 00:00:00-04:00,24.091474416832693,24.091474416832693,23.340354518245114,23.6463680267334,308400,0.0,0.0
1997-09-24 00:00:00-04:00,23.59073858088989,24.34185882217102,23.59073858088989,23.757654190063477,216150,0.0,0.0
1997-09-25 00:00:00-04:00,23.674196285763017,23.674196285763017,23.340365068821917,23.451642990112305,270150,0.0,0.0
1997-09-26 00:00:00-04:00,23.451639338777333,23.702012712500935,23.256903643571313,23.312543869018555,215550,0.0,0.0
1997-09-29 00:00:00-04:00,23.201269902241062,23.396005630493164,22.895258798070696,23.396005630493164,303150,0.0,0.0
1997-09-30 00:00:00-04:00,23.284722173257904,23.590733204694594,23.117806602123437,23.47945785522461,290400,0.0,0.0
1997-10-01 00:00:00-04:00,23.590727931606423,24.09147453308106,23.535090269307773,24.091474533081055,195900,0.0,0.0
1997-10-02 00:00:00-04:00,23.980213480462787,24.45314025878906,23.729840030714094,24.453140258789062,343950,0.0,0.0
1997-10-03 00:00:00-04:00,24.480943646012495,24.89823244368925,24.480943646012495,24.842592239379883,497400,0.0,0.0
1997-10-06 00:00:00-04:00,24.926072533857187,25.343361708793026,24.926072533857187,25.31554412841797,497700,0.0,0.0
1997-10-07 00:00:00-04:00,25.482452275026876,26.011016709273107,25.482452275026876,25.92755889892578,361650,0.0,0.0
1997-10-08 00:00:00-04:00,25.92754530944048,25.92754530944048,25.565896685440922,25.62153434753418,650250,0.0,0.0
1997-10-09 00:00:00-04:00,25.315536223321573,25.34335379501024,25.009522559304592,25.14862060546875,440250,0.0,0.0
1997-10-10 00:00:00-04:00,25.037338578414456,25.14861648773956,24.842602873827968,24.981700897216797,212700,0.0,0.0
1997-10-13 00:00:00-04:00,25.092974026989516,25.371167502085395,25.092974026989516,25.259889602661133,169350,0.0,0.0
1997-10-14 00:00:00-04:00,25.148628458443635,25.371181836099083,24.75915686388285,25.31554412841797,290700,0.0,0.0
1997-10-15 00:00:00-04:00,25.1486182269496,25.1486182269496,24.898244823850312,25.120798110961914,198150,0.0,0.0
1997-10-16 00:00:00-04:00,25.1764335921448,25.371169293152157,24.647869263157293,24.731327056884766,185250,0.0,0.0
1997-10-17 00:00:00-04:00,24.592230166252552,24.647870395914456,24.20276129326853,24.536592483520508,440550,0.0,0.0
1997-10-20 00:00:00-04:00,24.592231188775653,25.1486182269496,24.592231188775653,25.120798110961914,241350,0.0,0.0
1997-10-21 00:00:00-04:00,25.00951874478089,25.39899015832098,24.98170117733504,25.371170043945312,403350,0.0,0.0
1997-10-22 00:00:00-04:00,25.259887509761665,25.371165399966035,24.953876495361328,24.953876495361328,396000,0.0,0.0
1997-10-23 00:00:00-04:00,24.953883078868852,24.953883078868852,24.480956377855815,24.59223175048828,398700,0.0,0.0
1997-10-24 00:00:00-04:00,24.536587239747362,24.675682690315977,24.34185157140785,24.564407348632812,237300,0.0,0.0
1997-10-27 00:00:00-05:00,24.453132169709786,24.564410070653143,23.201265335083008,23.201265335083008,232500,0.0,0.0
1997-10-28 00:00:00-05:00,22.477972781970625,24.842609220532438,22.255416906462607,24.453140258789062,749550,0.0,0.0
1997-10-29 00:00:00-05:00,24.3418583416702,24.731329786673896,24.063667363159013,24.59223175048828,705600,0.0,0.0
1997-10-30 00:00:00-05:00,24.480963357740936,24.59223876209967,23.868938446044922,23.868938446044922,332700,0.0,0.0
1997-10-31 00:00:00-05:00,24.15294038643742,24.3486247843475,23.957255988527347,24.124984741210938,300900,0.17333,0.0
1997-11-03 00:00:00-05:00,24.516351021872595,24.71203284036981,24.460439737155625,24.656124114990234,250650,0.0,0.0
1997-11-04 00:00:00-05:00,24.68408150503696,24.879763337388887,24.544305842685496,24.739990234375,267450,0.0,0.0
1997-11-05 00:00:00-05:00,24.656130196693216,24.907723361965594,24.29271699374266,24.684085845947266,210450,0.0,0.0
1997-11-06 00:00:00-05:00,24.62817400265789,24.62817400265789,24.29271645638179,24.544309616088867,146250,0.0,0.0
1997-11-07 00:00:00-05:00,24.320683163632914,24.320683163632914,23.873405378774894,24.069089889526367,486150,0.0,0.0
1997-11-10 00:00:00-05:00,24.15294125205592,24.264761277631724,23.817483734666254,23.901348114013672,199500,0.0,0.0
1997-11-11 00:00:00-05:00,23.957257721957223,24.124986486776848,23.649755839567188,23.677711486816406,105900,0.0,0.0
1997-11-12 00:00:00-05:00,23.17453582016887,23.426129082778644,22.950895658289728,22.978851318359375,233250,0.0,0.0
1997-11-13 00:00:00-05:00,22.978851044036755,23.50999322298515,22.922942283903918,23.258399963378906,437100,0.0,0.0
1997-11-14 00:00:00-05:00,23.258391438047482,23.31430017768705,22.978842621173563,23.286344528198242,289200,0.0,0.0
1997-11-17 00:00:00-05:00,23.31429830992794,23.789528957137595,23.31429830992794,23.677711486816406,517050,0.0,0.0
1997-11-18 00:00:00-05:00,23.649765691174085,23.705674449624173,23.20248794555664,23.20248794555664,296850,0.0,0.0
1997-11-19 00:00:00-05:00,23.202474182895394,23.705660388495563,23.118609815295365,23.649751663208008,354000,0.0,0.0
1997-11-20 00:00:00-05:00,23.649758934599166,23.817487721369375,23.565894541214064,23.621803283691406,269550,0.0,0.0
1997-11-21 00:00:00-05:00,23.59386241484296,23.789544394555143,23.258404667519788,23.48204231262207,262350,0.0,0.0
1997-11-24 00:00:00-05:00,23.37021678024582,23.649765691174085,23.09067042865646,23.20248794555664,195750,0.0,0.0
1997-11-25 00:00:00-05:00,23.258399963378906,23.523969773183612,23.17453554351016,23.258399963378906,163650,0.0,0.0
1997-11-26 00:00:00-05:00,23.314306017281552,23.81749247808619,23.202485950656516,23.593854904174805,503250,0.0,0.0
1997-11-28 00:00:00-05:00,23.705660388495563,23.705660388495563,23.56588729560798,23.649751663208008,35850,0.0,0.0
1997-12-01 00:00:00-05:00,23.761574149954924,24.320669139121016,23.73361850472844,24.124984741210938,272550,0.0,0.0
1997-12-02 00:00:00-05:00,24.124992725038584,24.20885712913413,23.90135516722997,24.1529483795166,170700,0.0,0.0
1997-12-03 00:00:00-05:00,24.208848097166033,24.208848097166033,23.873390605938155,24.097030639648438,325050,0.0,0.0
1997-12-04 00:00:00-05:00,24.01317449575041,24.376585196223616,23.929310094204528,24.292720794677734,228300,0.0,0.0
1997-12-05 00:00:00-05:00,24.26477502372931,24.79591468759731,24.20886369959853,24.572277069091797,313200,0.0,0.0
1997-12-08 00:00:00-05:00,24.628174547439162,24.82385897354147,24.516357069099012,24.684085845947266,249000,0.0,0.0
1997-12-09 00:00:00-05:00,24.684091606781394,24.684091606781394,24.460451479231356,24.488407135009766,263700,0.0,0.0
1997-12-10 00:00:00-05:00,24.488412642234827,24.600232731157185,23.957270419027626,24.572277069091797,442200,0.0,0.0
1997-12-11 00:00:00-05:00,24.572271384572417,24.572271384572417,24.152949347293024,24.3765869140625,296400,0.0,0.0
1997-12-12 00:00:00-05:00,24.4045373825878,24.628174901824142,24.264764252982346,24.516357421875,215100,0.0,0.0
1997-12-15 00:00:00-05:00,24.600224549392966,24.823862093519097,24.488404497660728,24.628177642822266,264450,0.0,0.0
1997-12-16 00:00:00-05:00,24.71203893586329,24.907723361965594,24.404537031420833,24.684085845947266,151950,0.0,0.0
1997-12-17 00:00:00-05:00,24.71203947108174,24.71203947108174,24.404537559979346,24.432493209838867,142950,0.0,0.0
1997-12-18 00:00:00-05:00,24.264764252982346,24.60022181150589,24.264764252982346,24.516357421875,294900,0.0,0.0
1997-12-19 00:00:00-05:00,24.376575369417562,24.991581585942484,24.2927110016795,24.656124114990234,471600,0.0,0.0
1997-12-22 00:00:00-05:00,24.767964954424933,25.634562443616925,24.74000928855632,25.299104690551758,306150,0.0,0.0
1997-12-23 00:00:00-05:00,25.299084553442878,25.522724583703734,24.963627067389105,25.07544708251953,430650,0.0,0.0
1997-12-24 00:00:00-05:00,25.047497873924552,25.10340917552285,24.71204030168745,24.935680389404297,201000,0.0,0.0
1997-12-26 00:00:00-05:00,24.96363050524288,25.299088037494016,24.96363050524288,25.047494888305664,102600,0.0,0.0
1997-12-29 00:00:00-05:00,25.215226939024813,25.522731423203176,25.15931819614611,25.494775772094727,199350,0.0,0.0
1997-12-30 00:00:00-05:00,25.60659754447368,25.830235090412074,25.578641891479492,25.578641891479492,265800,0.0,0.0
1997-12-31 00:00:00-05:00,25.606597593854865,26.33342153906008,25.550686287758666,26.221601486206055,409500,0.0,0.0
1998-01-02 00:00:00-05:00,25.997961044311527,26.33341860617361,25.7743235228495,25.997961044311523,175950,0.0,0.0
1998-01-05 00:00:00-05:00,25.88614345980897,25.914099112395743,25.550685866120997,25.746370315551758,258750,0.0,0.0
1998-01-06 00:00:00-05:00,25.4947747015184,26.05386978484251,25.438865960987414,25.997961044311523,241950,0.0,0.0
1998-01-07 00:00:00-05:00,25.66250893694028,26.16569538668421,25.550688872773197,26.081830978393555,337500,0.0,0.0
1998-01-08 00:00:00-05:00,25.97001246651015,25.97001246651015,25.578646057540492,25.60660171508789,143850,0.0,0.0
1998-01-09 00:00:00-05:00,25.606608199852225,25.634561305139844,24.51637055080984,24.600234985351562,435000,0.0,0.0
1998-01-12 00:00:00-05:00,24.43249111873715,25.159314918835328,24.34862673567437,25.047494888305664,316350,0.0,0.0
1998-01-13 00:00:00-05:00,25.04750093717855,25.487789054586017,24.991592188080908,25.271141052246094,396450,0.0,0.0
1998-01-14 00:00:00-05:00,25.271137598304428,25.271137598304428,24.767951247183355,24.907724380493164,478950,0.0,0.0
1998-01-15 00:00:00-05:00,24.90773477651967,24.96364354131125,24.37659255331247,24.572277069091797,882450,0.0,0.0
1998-01-16 00:00:00-05:00,24.656129145782266,25.159315454879863,24.656129145782266,24.991586685180664,295350,0.0,0.0
1998-01-20 00:00:00-05:00,25.13136557731715,25.71841640605912,24.79590796089317,25.634552001953125,252450,0.0,0.0
1998-01-21 00:00:00-05:00,25.49476894008675,25.55067766798321,24.99158271100609,25.07544708251953,328200,0.0,0.0
1998-01-22 00:00:00-05:00,25.047507028187184,25.327055960332586,24.935689502800304,25.103418350219727,140700,0.0,0.0
1998-01-23 00:00:00-05:00,25.047499637645224,25.103410943180517,24.37658444592849,24.628177642822266,158400,0.0,0.0
1998-01-26 00:00:00-05:00,24.712039291455028,24.8797680707168,24.208852953669712,24.516357421875,350700,0.0,0.0
1998-01-27 00:00:00-05:00,24.516358071622818,24.991588772346677,24.516358071622818,24.907724380493164,343200,0.0,0.0
1998-01-28 00:00:00-05:00,24.87976873009595,25.187273206450918,24.656131204932628,24.907724380493164,221250,0.0,0.0
1998-01-29 00:00:00-05:00,24.823840261553645,25.718392210659765,24.823840261553645,25.1313419342041,407250,0.0,0.0
1998-01-30 00:00:00-05:00,25.047500801175772,25.355005317889333,24.90772764952136,24.96363639831543,200550,0.0,0.0
1998-02-02 00:00:00-05:00,25.355008876385174,25.690466534906967,25.215233145775212,25.438873291015625,168450,0.0,0.0
1998-02-03 00:00:00-05:00,25.27114621689331,25.355010637348336,25.047506056120582,25.327054977416992,89400,0.0,0.0
1998-02-04 00:00:00-05:00,25.43886494142704,25.578638066821597,25.15931613129993,25.382953643798828,239850,0.0,0.0
1998-02-05 00:00:00-05:00,25.494785023446195,25.494785023446195,24.795913966839564,25.019554138183594,123150,0.0,0.0
1998-02-06 00:00:00-05:00,25.22064697432459,25.585754836438046,25.22064697432459,25.304903030395508,221550,0.17333,0.0
1998-02-09 00:00:00-05:00,25.276798248291016,25.332968053968703,25.164456065646764,25.276798248291016,222300,0.0,0.0
1998-02-10 00:00:00-05:00,25.473409596780797,26.007029454862952,25.445323393774814,25.698091506958008,291300,0.0,0.0
1998-02-11 00:00:00-05:00,25.69807821909587,25.69807821909587,25.192542254130046,25.276798248291016,344400,0.0,0.0
1998-02-12 00:00:00-05:00,25.220640627626096,25.445322530177755,25.05212855788982,25.417236328125,385050,0.0,0.0
1998-02-13 00:00:00-05:00,25.164453506469723,25.164453506469723,24.827429564100537,25.164453506469727,448650,0.0,0.0
1998-02-17 00:00:00-05:00,25.164456065646764,25.276798248291016,24.602750295003258,25.276798248291016,805350,0.0,0.0
1998-02-18 00:00:00-05:00,25.276804597754225,25.613828659057617,25.16446238688992,25.613828659057617,742800,0.0,0.0
1998-02-19 00:00:00-05:00,25.501488035155713,25.75425609686306,25.445318211872866,25.670000076293945,447750,0.0,0.0
1998-02-20 00:00:00-05:00,25.838506555481786,26.035104751586914,25.698080741857634,26.035104751586914,437100,0.0,0.0
1998-02-23 00:00:00-05:00,26.06319396708052,26.23170599149852,25.92276556587256,26.11936378479004,514350,0.0,0.0
1998-02-24 00:00:00-05:00,26.119374978687365,26.34405691710611,25.95086288205067,26.31597328186035,602550,0.0,0.0
1998-02-25 00:00:00-05:00,26.31598230622777,26.905774846709885,26.31598230622777,26.596834182739258,353100,0.0,0.0
1998-02-26 00:00:00-05:00,26.540666401375077,26.84960451826213,26.512580183006573,26.765348434448242,489750,0.0,0.0
1998-02-27 00:00:00-05:00,26.905748847719472,26.961918654486677,26.681064478072795,26.877662658691406,414000,0.0,0.0
1998-03-02 00:00:00-05:00,26.877662658691406,26.905748847719472,26.65298086033366,26.877662658691406,312600,0.0,0.0
1998-03-03 00:00:00-05:00,26.765325700102437,27.158522138115735,26.709155882367437,27.130435943603516,361350,0.0,0.0
1998-03-04 00:00:00-05:00,27.158525641343136,27.24278166445869,26.961927396976925,27.186609268188477,384000,0.0,0.0
1998-03-05 00:00:00-05:00,27.074260839310014,27.10234445704915,26.596808482277524,26.877662658691406,345150,0.0,0.0
1998-03-06 00:00:00-05:00,26.961924244220477,27.579802531913685,26.961924244220477,27.523630142211914,573600,0.0,0.0
1998-03-09 00:00:00-05:00,27.52363533960331,28.029171514644737,27.52363533960331,27.776403427124023,300900,0.0,0.0
1998-03-10 00:00:00-05:00,28.00108667499605,28.310024578177163,28.00108667499605,28.253854751586914,429600,0.0,0.0
1998-03-11 00:00:00-05:00,28.253866640462647,28.64706073462523,28.253866640462647,28.590890884399414,471300,0.0,0.0
1998-03-12 00:00:00-05:00,28.534703847408633,29.208751990034738,28.506620222325616,29.1525821685791,418500,0.0,0.0
1998-03-13 00:00:00-05:00,29.180668367840873,29.20875199292667,28.759388278657845,28.927900314331055,267450,0.0,0.0
1998-03-16 00:00:00-05:00,28.927896196056807,29.068322015363115,28.78746780546126,28.984066009521484,525450,0.0,0.0
1998-03-17 00:00:00-05:00,29.20876078954659,29.264933199214493,28.787480573489233,29.012165069580078,497550,0.0,0.0
1998-03-18 00:00:00-05:00,28.92790031146693,29.152582168579098,28.815558097266045,29.1525821685791,187800,0.0,0.0
1998-03-19 00:00:00-05:00,29.152565474112073,29.321077413268792,28.984053534955358,29.124479293823242,149250,0.0,0.0
1998-03-20 00:00:00-05:00,29.236819201243506,29.433417305610096,28.98405131189558,29.37724494934082,257700,0.0,0.0
1998-03-23 00:00:00-05:00,29.37726534077726,29.37726534077726,28.590877520036884,28.81555938720703,235650,0.0,0.0
1998-03-24 00:00:00-05:00,28.815541405385687,29.09639549255371,28.815541405385687,29.09639549255371,225750,0.0,0.0
1998-03-25 00:00:00-05:00,29.096426354267596,29.71430240159663,29.096426354267596,29.658132553100586,318450,0.0,0.0
1998-03-26 00:00:00-05:00,29.377258499120472,30.02322289514208,28.703210483299053,29.742368698120117,519150,0.0,0.0
1998-03-27 00:00:00-05:00,29.74236608029778,30.107476247161664,29.2087439243104,29.40534210205078,546750,0.0,0.0
1998-03-30 00:00:00-05:00,29.293005130152725,29.321091323766193,28.759385450522295,28.87172508239746,427650,0.0,0.0
1998-03-31 00:00:00-05:00,28.871711194304044,29.377247008433617,28.871711194304044,29.09639549255371,515550,0.0,0.0
1998-04-01 00:00:00-05:00,29.096406243532936,29.658112054128406,29.040233862571043,29.63002586364746,262650,0.0,0.0
1998-04-02 00:00:00-05:00,29.686214128075225,30.219834033700508,29.60195808284066,30.107494354248047,191850,0.0,0.0
1998-04-03 00:00:00-05:00,30.107483396824634,30.641103108242483,29.995141186967953,30.079397201538086,315000,0.0,0.0
1998-04-06 00:00:00-04:00,30.051316515657003,30.388340635725267,29.995146686075618,30.2760009765625,234900,0.0,0.0
1998-04-07 00:00:00-04:00,30.163648262452547,30.21981807251159,29.88279406957916,29.995136260986328,303750,0.0,0.0
1998-04-08 00:00:00-04:00,29.99515184913759,30.107494098927795,29.882809599347382,29.938982009887695,355200,0.0,0.0
1998-04-09 00:00:00-04:00,30.10749327059551,30.10749327059551,29.967064819398683,30.023237228393555,271200,0.0,0.0
1998-04-13 00:00:00-04:00,29.99515267903705,30.05132251984104,29.77047074453061,29.854726791381836,373650,0.0,0.0
1998-04-14 00:00:00-04:00,29.854714084700447,30.191738128662113,29.854714084700447,30.19173812866211,2144100,0.0,0.0
1998-04-15 00:00:00-04:00,30.16364656986807,30.416414557883726,30.107476762960907,30.360244750976562,270600,0.0,0.0
1998-04-16 00:00:00-04:00,30.33217321199295,30.50068528539291,30.191747341256377,30.24791717529297,610800,0.0,0.0
1998-04-17 00:00:00-04:00,30.275994946011146,30.332164764404297,30.107482919542235,30.332164764404297,428850,0.0,0.0
1998-04-20 00:00:00-04:00,30.21981807251159,30.21981807251159,29.77045444946107,29.995136260986328,372000,0.0,0.0
1998-04-21 00:00:00-04:00,30.02321058698212,30.05129419526892,29.714270325522772,29.82661247253418,443550,0.0,0.0
1998-04-22 00:00:00-04:00,29.99513670405315,30.079392706030823,29.68619888723137,29.742368698120117,167700,0.0,0.0
1998-04-23 00:00:00-04:00,29.658126335667305,29.995150498572617,29.573870294940978,29.68621253967285,404100,0.0,0.0
1998-04-24 00:00:00-04:00,29.686196274352916,30.0513038699279,29.349172296105912,29.40534210205078,306300,0.0,0.0
1998-04-27 00:00:00-04:00,29.405360678144202,29.601958980080596,28.338118263254913,28.70322608947754,327000,0.0,0.0
1998-04-28 00:00:00-04:00,29.26492425480199,29.26492425480199,28.197679652784736,28.33810806274414,307950,0.0,0.0
1998-04-29 00:00:00-04:00,28.253862215466533,28.871738185054298,28.169606167678154,28.70322608947754,235200,0.0,0.0
1998-04-30 00:00:00-04:00,28.731297991996588,29.714283869719214,28.731297991996588,28.984066009521484,335250,0.0,0.0
1998-05-01 00:00:00-04:00,29.025824737896777,29.054033397309574,28.687331154947543,28.88478660583496,123150,0.18667,0.0
1998-05-04 00:00:00-04:00,29.082231593635274,29.392519015592363,28.88477877875392,28.91298484802246,395400,0.0,0.0
1998-05-05 00:00:00-04:00,28.828368317190325,28.884785634117982,28.630915455446537,28.771953582763672,348300,0.0,0.0
1998-05-06 00:00:00-04:00,28.687339058982666,28.77196247803571,28.489883553691623,28.546300888061523,139350,0.0,0.0
1998-05-07 00:00:00-04:00,28.518076115343945,28.602699486606095,28.010335887771056,28.094959259033203,231450,0.0,0.0
1998-05-08 00:00:00-04:00,28.179590637433694,28.941201195202172,28.179590637433694,28.828369140625,316350,0.0,0.0
1998-05-11 00:00:00-04:00,28.828371320206227,29.110450186725306,28.518086374786126,28.71554183959961,414900,0.0,0.0
1998-05-12 00:00:00-04:00,28.71552277484391,28.71552277484391,28.235988761882666,28.63089942932129,256500,0.0,0.0
1998-05-13 00:00:00-04:00,28.630914171179022,29.251483969538953,28.5180821248859,29.166860580444336,301200,0.0,0.0
1998-05-14 00:00:00-04:00,29.138657620188756,29.138657620188756,28.715540629491443,28.94120216369629,227700,0.0,0.0
1998-05-15 00:00:00-04:00,29.054030544984784,29.054030544984784,28.659119681979583,28.687328338623047,484050,0.0,0.0
1998-05-18 00:00:00-04:00,28.65911948198823,29.025821685791016,28.60270475159581,29.025821685791016,345300,0.0,0.0
1998-05-19 00:00:00-04:00,29.025818581605137,29.505350194908928,28.99760992817531,29.336103439331055,371400,0.0,0.0
1998-05-20 00:00:00-04:00,29.505355924923837,29.702811372277885,29.392526454293847,29.64639663696289,186300,0.0,0.0
1998-05-21 00:00:00-04:00,29.759220328275738,29.92846708385361,29.19506533718301,29.336103439331055,315900,0.0,0.0
1998-05-22 00:00:00-04:00,29.392533235117874,29.533571397193228,29.166869076795344,29.36432456970215,110550,0.0,0.0
1998-05-26 00:00:00-04:00,29.44892504036082,29.70279508381221,29.279678344726562,29.279678344726562,190650,0.0,0.0
1998-05-27 00:00:00-04:00,29.307903644506013,29.307903644506013,28.518084421840914,28.80016326904297,266250,0.0,0.0
1998-05-28 00:00:00-04:00,28.800163063856516,28.884786459164125,28.659122350009785,28.828369140625,221550,0.0,0.0
1998-05-29 00:00:00-04:00,29.054025524366732,29.054025524366732,28.68732338137217,28.91298484802246,361950,0.0,0.0
1998-06-01 00:00:00-04:00,28.828370105343282,29.054034222049292,28.715540629491443,28.94120216369629,237150,0.0,0.0
1998-06-02 00:00:00-04:00,28.941200368544635,29.1104471543256,28.65912153140936,28.771953582763672,467850,0.0,0.0
1998-06-03 00:00:00-04:00,28.715547726167614,28.77196247803571,28.546300888061523,28.546300888061523,377100,0.0,0.0
1998-06-04 00:00:00-04:00,28.546282656598432,28.68732073744373,28.518074007429313,28.602697372436523,264150,0.0,0.0
1998-06-05 00:00:00-04:00,28.57449813851888,28.771953582763672,28.518083404092227,28.771953582763672,223950,0.0,0.0
1998-06-08 00:00:00-04:00,28.85657800548294,29.08223953374393,28.80016326904297,28.80016326904297,199650,0.0,0.0
1998-06-09 00:00:00-04:00,28.856578036969722,28.856578036969722,28.207799528448284,28.48987579345703,555300,0.0,0.0
1998-06-10 00:00:00-04:00,28.461652738276037,28.941184168737728,28.320612107405292,28.63089942932129,344250,0.0,0.0
1998-06-11 00:00:00-04:00,28.51809289428486,28.60271631533615,27.756482104823245,27.869314193725586,333150,0.0,0.0
1998-06-12 00:00:00-04:00,27.953927058422085,29.61818618311592,27.86930366932747,29.166860580444336,1192950,0.0,0.0
1998-06-15 00:00:00-04:00,29.054024818581176,29.054024818581176,28.094959089239556,28.518075942993164,599400,0.0,0.0
1998-06-16 00:00:00-04:00,28.518084452958345,28.687331244964035,28.4334610569555,28.48987579345703,607800,0.0,0.0
1998-06-17 00:00:00-04:00,28.489864268608475,29.61817661971675,28.433449554928078,29.392515182495117,520050,0.0,0.0
1998-06-18 00:00:00-04:00,29.392529220383146,29.646399426943553,29.25148849507095,29.61819076538086,474150,0.0,0.0
1998-06-19 00:00:00-04:00,29.7874362895203,30.04130648516962,29.75922762916998,29.92847442626953,497100,0.0,0.0
1998-06-22 00:00:00-04:00,29.928468767882286,30.323379608118707,29.674598620230597,30.154132843017578,396750,0.0,0.0
1998-06-23 00:00:00-04:00,30.690079957193927,30.690079957193927,30.351586418759798,30.37979507446289,647250,0.0,0.0
1998-06-24 00:00:00-04:00,30.379799469715806,30.83112511375792,30.351590809931572,30.774707794189453,406500,0.0,0.0
1998-06-25 00:00:00-04:00,30.802913718315523,30.831122375594497,30.379796771635363,30.718290328979492,403200,0.0,0.0
1998-06-26 00:00:00-04:00,30.831120724518165,32.213300954653874,30.831120724518165,32.10047149658203,651900,0.0,0.0
1998-06-29 00:00:00-04:00,31.987641419044614,32.608213806526386,31.508109736559245,31.705562591552734,730650,0.0,0.0
1998-06-30 00:00:00-04:00,31.592733126556716,31.705562591552734,31.367069031562846,31.705562591552734,634050,0.0,0.0
1998-07-01 00:00:00-04:00,31.987637484056254,32.0158461380856,31.818390724881354,31.874805450439453,647100,0.0,0.0
1998-07-02 00:00:00-04:00,31.874813034768707,32.49538549356993,31.874813034768707,32.18510055541992,281850,0.0,0.0
1998-07-06 00:00:00-04:00,32.63641784437663,34.10322404027584,32.63641784437663,33.68010711669922,801750,0.0,0.0
1998-07-07 00:00:00-04:00,33.708320860462244,33.764735597954264,33.2005804755306,33.36982727050781,312450,0.0,0.0
1998-07-08 00:00:00-04:00,33.25699521302263,33.39803334800325,33.115957078041994,33.36982727050781,216600,0.0,0.0
1998-07-09 00:00:00-04:00,33.25697413685833,33.398012182457975,32.9466894035393,33.144142150878906,165000,0.0,0.0
1998-07-10 00:00:00-04:00,33.03133542776464,33.3980351146113,32.60821841794059,33.313411712646484,299250,0.0,0.0
1998-07-13 00:00:00-04:00,33.285202138943085,33.31340821496906,32.94670856662333,33.1159553527832,311850,0.0,0.0
1998-07-14 00:00:00-04:00,33.115960795553136,33.510869167330966,32.946713981576714,33.228790283203125,242700,0.0,0.0
1998-07-15 00:00:00-04:00,33.22876571402601,33.22876571402601,32.60819624329261,32.777442932128906,364350,0.0,0.0
1998-07-16 00:00:00-04:00,32.69282531738281,32.721031382132516,32.41074659238599,32.69282531738281,268500,0.0,0.0
1998-07-17 00:00:00-04:00,32.66462643724385,32.66462643724385,32.15688612992918,32.269718170166016,444300,0.0,0.0
1998-07-20 00:00:00-04:00,32.326140468584434,32.495387277320475,31.87481478445453,32.128684997558594,392250,0.0,0.0
1998-07-21 00:00:00-04:00,32.49538721511477,32.66463402352682,32.269725664732476,32.43897247314453,481500,0.0,0.0
1998-07-22 00:00:00-04:00,32.55179139046049,32.664623420275944,32.26971518967261,32.32612991333008,257100,0.0,0.0
1998-07-23 00:00:00-04:00,32.551788760474615,32.551788760474615,31.45168495178223,31.451684951782227,241350,0.0,0.0
1998-07-24 00:00:00-04:00,31.931224116712738,32.044053572628215,31.254237051217068,31.310651779174805,217350,0.0,0.0
1998-07-27 00:00:00-04:00,31.084991307540886,31.733769739152176,31.028573995226306,31.3388614654541,313050,0.0,0.0
1998-07-28 00:00:00-04:00,31.367058136791286,31.508098792799803,29.98487830190796,30.831111907958984,408750,0.0,0.0
1998-07-29 00:00:00-04:00,30.802932222361164,31.254258097442364,30.63368534201852,31.226049423217773,448350,0.0,0.0
1998-07-30 00:00:00-04:00,31.226027479092238,31.47989762119868,31.197818824691314,31.42348289489746,192600,0.0,0.0
1998-07-31 00:00:00-04:00,31.310645220858778,31.310645220858778,30.577243581023403,30.690073013305664,871950,0.0,0.0
1998-08-03 00:00:00-04:00,31.100204172615992,31.35512387894891,30.788636507045986,31.043556213378906,309300,0.18667,0.0
1998-08-04 00:00:00-04:00,31.156862151230484,31.21351272186253,30.42042807161757,30.448753356933594,496350,0.0,0.0
1998-08-05 00:00:00-04:00,30.420447926981453,30.816989214336523,29.400768108199955,29.68401336669922,897450,0.0,0.0
1998-08-06 00:00:00-04:00,29.740652341535224,30.10887080634726,29.655679049130836,29.797300338745117,405000,0.0,0.0
1998-08-07 00:00:00-04:00,29.853959142013363,30.53374566825898,29.457415272916883,30.10887908935547,572250,0.0,0.0
1998-08-10 00:00:00-04:00,29.96723675560065,30.222156546318928,29.060856141883942,29.117504119873047,441450,0.0,0.0
1998-08-11 00:00:00-04:00,28.77762957677352,29.995581335822497,28.72098156234562,29.68401336669922,486900,0.0,0.0
1998-08-12 00:00:00-04:00,30.13718550596201,30.13718550596201,29.7689697321023,30.023889541625977,275550,0.0,0.0
1998-08-13 00:00:00-04:00,30.533719380424426,30.675340587071013,29.45738991174215,29.74063491821289,404250,0.0,0.0
1998-08-14 00:00:00-04:00,29.76897188910187,30.19383826909296,29.65567332337805,30.08053970336914,374250,0.0,0.0
1998-08-17 00:00:00-04:00,30.08053005338658,30.76031604329362,29.910583555909817,30.193828582763672,377850,0.0,0.0
1998-08-18 00:00:00-04:00,30.193827608735205,30.647016525268555,30.13717704928528,30.647016525268555,365250,0.0,0.0
1998-08-19 00:00:00-04:00,30.76033029451475,31.015250158833933,30.505410430195564,30.93027687072754,425100,0.0,0.0
1998-08-20 00:00:00-04:00,31.01524707929614,31.383465488922695,30.87362581090687,30.958599090576172,439950,0.0,0.0
1998-08-21 00:00:00-04:00,30.958591278923404,30.958591278923404,30.25047992929443,30.505399703979492,435600,0.0,0.0
1998-08-24 00:00:00-04:00,30.81696656996064,30.87361713594146,30.56204680258088,30.59037208557129,308250,0.0,0.0
1998-08-25 00:00:00-04:00,30.816983740833024,30.873634338378906,30.562063831414793,30.873634338378906,498900,0.0,0.0
1998-08-26 00:00:00-04:00,30.8453129656488,30.873638268027033,30.193851756387392,30.420446395874023,575400,0.0,0.0
1998-08-27 00:00:00-04:00,30.53373726836919,30.53373726836919,29.315785879513292,29.797300338745117,1202850,0.0,0.0
1998-08-28 00:00:00-04:00,29.853941569915087,29.96723752881656,29.14583015747863,29.429075241088867,505200,0.0,0.0
1998-08-31 00:00:00-04:00,29.62734651331264,29.7406450732225,28.267774167108186,28.324424743652344,879600,0.0,0.0
1998-09-01 00:00:00-04:00,28.49437880805545,29.03254127502441,28.126160336040524,29.032541275024414,841650,0.0,0.0
1998-09-02 00:00:00-04:00,29.060852881077874,29.117500852710727,28.551013356848436,28.69263458251953,694950,0.0,0.0
1998-09-03 00:00:00-04:00,28.692644714380478,28.77761799842423,28.041183734437993,28.09783172607422,911250,0.0,0.0
1998-09-04 00:00:00-04:00,28.267783842295508,28.267783842295508,26.681616426553788,27.587997436523438,393000,0.0,0.0
1998-09-08 00:00:00-04:00,28.0978256819812,29.429075241088867,27.842905884685464,29.429075241088867,519300,0.0,0.0
1998-09-09 00:00:00-04:00,30.193834833423004,30.193834833423004,28.494369506835938,28.494369506835938,345000,0.0,0.0
1998-09-10 00:00:00-04:00,28.494384573576,28.664331196095976,27.672974169276333,27.814598083496094,263550,0.0,0.0
1998-09-11 00:00:00-04:00,27.701285089765275,28.551017761230465,27.531338555472235,28.55101776123047,329700,0.0,0.0
1998-09-14 00:00:00-04:00,28.60765155723922,29.768954027892118,28.60765155723922,29.40073585510254,202200,0.0,0.0
1998-09-15 00:00:00-04:00,29.655686570279425,30.618718326162167,29.429091930792794,30.420446395874023,690450,0.0,0.0
1998-09-16 00:00:00-04:00,30.53371680071307,31.071878896408773,30.47706624829863,31.043556213378906,372750,0.0,0.0
1998-09-17 00:00:00-04:00,31.043566902281967,31.043566902281967,30.392103477445875,30.731996536254883,312300,0.0,0.0
1998-09-18 00:00:00-04:00,30.760332363783117,30.986926949583687,30.420439188492697,30.816980361938477,477150,0.0,0.0
1998-09-21 00:00:00-04:00,30.590368450017262,30.90193615317118,30.08052897585031,30.76031494140625,191700,0.0,0.0
1998-09-22 00:00:00-04:00,30.930272041930312,30.930272041930312,30.732000202909703,30.845298767089844,136950,0.0,0.0
1998-09-23 00:00:00-04:00,30.93027885532129,31.553417205810547,30.760332268204138,31.553417205810547,453150,0.0,0.0
1998-09-24 00:00:00-04:00,31.55340650380904,31.638379768547146,31.156862872912388,31.298486709594727,425850,0.0,0.0
1998-09-25 00:00:00-04:00,31.27016476756718,31.27016476756718,30.2788107706694,30.335458755493164,348000,0.0,0.0
1998-09-28 00:00:00-04:00,30.816973109441484,30.816973109441484,29.882267097367464,30.335458755493164,503850,0.0,0.0
1998-09-29 00:00:00-04:00,30.448756153264025,30.50540413592028,29.91059124190512,30.36378288269043,328050,0.0,0.0
1998-09-30 00:00:00-04:00,30.420444100402126,30.420444100402126,29.23081779479981,29.230817794799805,257250,0.0,0.0
1998-10-01 00:00:00-04:00,29.00422084400148,29.060868846756037,27.3047548295713,27.587997436523438,522150,0.0,0.0
1998-10-02 00:00:00-04:00,27.53133236489645,27.984523885501314,27.333060588410994,27.871225357055664,439800,0.0,0.0
1998-10-05 00:00:00-04:00,27.842918892575653,27.842918892575653,26.53999660425052,27.191457748413086,475950,0.0,0.0
1998-10-06 00:00:00-04:00,27.984533577078818,28.324426686949497,27.361395344589695,28.041181564331055,973500,0.0,0.0
1998-10-07 00:00:00-04:00,28.154481785074793,28.154481785074793,25.83187786686304,26.0867977142334,2539800,0.0,0.0
1998-10-08 00:00:00-04:00,24.24571299670243,24.38733428261497,21.866460871569263,23.36765480041504,1418700,0.0,0.0
1998-10-09 00:00:00-04:00,23.90581662690276,24.415656299562922,23.509272930492408,24.387331008911133,465150,0.0,0.0
1998-10-12 00:00:00-04:00,24.387328614220177,25.491981129846877,24.387328614220177,24.698896408081055,388650,0.0,0.0
1998-10-13 00:00:00-04:00,25.378691992180745,25.548638596131017,24.89717747871477,24.92550277709961,518100,0.0,0.0
1998-10-14 00:00:00-04:00,25.66193098404083,26.058472099533752,25.322037858424395,25.57695770263672,369750,0.0,0.0
1998-10-15 00:00:00-04:00,26.03014569826935,26.87987839143181,25.746900602822404,26.73825454711914,633900,0.0,0.0
1998-10-16 00:00:00-04:00,27.191443658644154,27.248091635206947,25.945170022015677,26.341711044311523,574050,0.0,0.0
1998-10-19 00:00:00-04:00,26.455006215868085,27.191440189953386,26.398355653353807,26.568302154541016,574950,0.0,0.0
1998-10-20 00:00:00-04:00,27.078144820958613,28.834260600467644,27.078144820958613,27.92787742614746,857550,0.0,0.0
1998-10-21 00:00:00-04:00,28.09783933377004,28.919249697381733,27.984543319821867,28.720977783203125,889650,0.0,0.0
1998-10-22 00:00:00-04:00,28.720964785404842,28.720964785404842,27.248093932016936,27.956205368041992,405150,0.0,0.0
1998-10-23 00:00:00-04:00,27.89956023230343,27.89956023230343,26.766582337741596,26.879880905151367,599400,0.0,0.0
1998-10-26 00:00:00-05:00,26.90820080498921,27.27641916591038,26.851552823762244,26.96485137939453,360450,0.0,0.0
1998-10-27 00:00:00-05:00,27.304744108575726,27.53133862380273,27.021499019658233,27.446365356445312,550200,0.0,0.0
1998-10-28 00:00:00-05:00,27.418045624885984,27.842912047757043,27.191451063747706,27.559669494628906,309300,0.0,0.0
1998-10-29 00:00:00-05:00,27.587997436523438,27.616322734490385,27.219781528849794,27.587997436523438,412950,0.0,0.0
1998-10-30 00:00:00-05:00,27.772372368844177,28.682941057849423,27.772372368844177,28.2276554107666,484950,0.18667,0.0
1998-11-02 00:00:00-05:00,28.341489803571644,28.739863289853144,27.829294204711914,27.829294204711914,477900,0.0,0.0
1998-11-03 00:00:00-05:00,26.06506978347091,26.32116762215623,24.471570383765414,25.268320083618164,2991600,0.0,0.0
1998-11-04 00:00:00-05:00,25.26831608582649,25.4675041305659,24.50002269132501,24.813030242919922,2179650,0.0,0.0
1998-11-05 00:00:00-05:00,24.784581031479185,25.439052429166615,24.727668662871945,25.239864349365234,1462950,0.0,0.0
1998-11-06 00:00:00-05:00,25.23987479449161,25.83743667602539,24.983776845262845,25.83743667602539,1169700,0.0,0.0
1998-11-09 00:00:00-05:00,25.837429466550052,25.837429466550052,25.097592021382017,25.723609924316406,554400,0.0,0.0
1998-11-10 00:00:00-05:00,25.780515760988802,25.780515760988802,25.126044374958074,25.268320083618164,683250,0.0,0.0
1998-11-11 00:00:00-05:00,25.495942792855406,25.581308675649744,24.357732759037575,24.670740127563477,401700,0.0,0.0
1998-11-12 00:00:00-05:00,24.784585547439836,25.35369110107422,24.642307205159398,25.35369110107422,465000,0.0,0.0
1998-11-13 00:00:00-05:00,25.72359753160819,26.17888069152832,25.467499777217714,26.17888069152832,404100,0.0,0.0
1998-11-16 00:00:00-05:00,26.178890431988595,26.861818031128838,25.780516867544137,26.121980667114258,498150,0.0,0.0
1998-11-17 00:00:00-05:00,26.23580189753701,26.918729473133098,26.178889529462698,26.520353317260742,455250,0.0,0.0
1998-11-18 00:00:00-05:00,26.52034886112977,27.14636656862571,26.20734130996256,26.861812591552734,535050,0.0,0.0
1998-11-19 00:00:00-05:00,27.089460581931277,27.374011993408203,26.97563845424338,27.374011993408203,332400,0.0,0.0
1998-11-20 00:00:00-05:00,27.886204623463048,27.886204623463048,27.004091696719733,27.231733322143555,343950,0.0,0.0
1998-11-23 00:00:00-05:00,27.345559220492436,27.772388955436845,27.08946137952579,27.487834930419922,484200,0.0,0.0
1998-11-24 00:00:00-05:00,27.60165324297367,27.82929486839749,27.174823567078,27.231733322143555,347550,0.0,0.0
1998-11-25 00:00:00-05:00,27.288652736707437,27.317108926893788,26.776456944328178,26.975645065307617,295200,0.0,0.0
1998-11-27 00:00:00-05:00,26.947184016593262,27.032549966598477,26.71954235163336,26.833364486694336,163950,0.0,0.0
1998-11-30 00:00:00-05:00,26.833376976391776,26.833376976391776,26.207358849916975,26.235815048217773,421050,0.0,0.0
1998-12-01 00:00:00-05:00,26.264260124261448,26.463448237446908,26.036618427165504,26.378082275390625,294150,0.0,0.0
1998-12-02 00:00:00-05:00,26.321165557164647,26.349619133567217,25.695147798882157,26.036611557006836,359850,0.0,0.0
1998-12-03 00:00:00-05:00,26.093515516490438,26.150427866972013,25.410588152000734,25.524410247802734,256650,0.0,0.0
1998-12-04 00:00:00-05:00,25.638237427257344,26.23579898967274,25.55287148976943,25.86587905883789,355500,0.0,0.0
1998-12-07 00:00:00-05:00,25.666690776540197,26.491896568417612,25.60978102043755,26.43498420715332,562500,0.0,0.0
1998-12-08 00:00:00-05:00,26.520348874052114,26.520348874052114,25.951243524790375,26.09351921081543,313800,0.0,0.0
1998-12-09 00:00:00-05:00,26.09351921081543,26.29270725537972,25.951243524790375,26.09351921081543,322350,0.0,0.0
1998-12-10 00:00:00-05:00,26.20735157463196,26.20735157463196,25.95125367650852,26.008163452148438,405000,0.0,0.0
1998-12-11 00:00:00-05:00,26.12197060547652,26.12197060547652,25.382133526431737,25.63823127746582,572250,0.0,0.0
1998-12-14 00:00:00-05:00,25.467503480678122,25.7236012723101,25.040673827958162,25.15449333190918,342750,0.0,0.0
1998-12-15 00:00:00-05:00,25.09758863817109,25.268320533668852,25.09758863817109,25.239864349365234,434850,0.0,0.0
1998-12-16 00:00:00-05:00,25.382148529467077,25.43905830605955,24.727674375422033,24.98377227783203,320700,0.0,0.0
1998-12-17 00:00:00-05:00,25.211421203574897,25.865892872105164,25.211421203574897,25.83743667602539,300300,0.0,0.0
1998-12-18 00:00:00-05:00,25.86587823657895,26.065066286105917,25.666690187051984,25.752056121826172,510450,0.0,0.0
1998-12-21 00:00:00-05:00,25.69515495428734,25.922796654708602,25.296781327259517,25.35369110107422,624150,0.0,0.0
1998-12-22 00:00:00-05:00,25.41059798530004,25.41059798530004,24.95531463623047,24.95531463623047,234900,0.0,0.0
1998-12-23 00:00:00-05:00,24.13010420157179,24.92685382226898,24.13010420157179,24.841487884521484,1036500,0.0,0.0
1998-12-24 00:00:00-05:00,24.642300247839117,25.126042306756606,24.61384667154636,25.069129943847656,162900,0.0,0.0
1998-12-28 00:00:00-05:00,25.239848938000865,25.239848938000865,24.41464614868164,24.41464614868164,356100,0.0,0.0
1998-12-29 00:00:00-05:00,24.52847552445207,25.43904448088413,24.52847552445207,25.211402893066406,323400,0.0,0.0
1998-12-30 00:00:00-05:00,25.32522223143952,25.524410247802734,24.841482883313027,25.524410247802734,282150,0.0,0.0
1998-12-31 00:00:00-05:00,25.410588305471478,25.467500656296785,24.95530512983603,25.211402893066406,205950,0.0,0.0
1999-01-04 00:00:00-05:00,25.182949512407347,25.58132298658935,25.126039760427474,25.41059112548828,804450,0.0,0.0
1999-01-05 00:00:00-05:00,25.410589239079112,26.0081507085716,25.410589239079112,25.66668701171875,612150,0.0,0.0
1999-01-06 00:00:00-05:00,25.723604482227216,25.723604482227216,25.211408835048985,25.495960235595703,1086750,0.0,0.0
1999-01-07 00:00:00-05:00,25.495962192611877,25.495962192611877,25.04067887472583,25.239864349365234,706950,0.0,0.0
1999-01-08 00:00:00-05:00,25.353679215087233,25.439045138370354,25.126037621385986,25.38213539123535,806850,0.0,0.0
1999-01-11 00:00:00-05:00,25.097587171765387,25.097587171765387,24.414659629676535,24.869945526123047,601650,0.0,0.0
1999-01-12 00:00:00-05:00,24.955315881134933,25.29677971255223,24.58539586204543,25.040681838989258,2526900,0.0,0.0
1999-01-13 00:00:00-05:00,24.69921853974891,25.012226190238163,24.300842324403668,24.756128311157227,894900,0.0,0.0
1999-01-14 00:00:00-05:00,24.699224708720532,25.097598418402754,24.500036551297924,24.727678298950195,674400,0.0,0.0
1999-01-15 00:00:00-05:00,24.784578549949774,25.097586125302133,24.670756429293593,25.069129943847656,1053450,0.0,0.0
1999-01-19 00:00:00-05:00,24.95531463623047,25.040680589826284,24.585394635594554,24.95531463623047,325800,0.0,0.0
1999-01-20 00:00:00-05:00,24.955293938597936,25.04065982139227,24.47155219932336,24.670740127563477,269400,0.0,0.0
1999-01-21 00:00:00-05:00,24.784578649010918,24.813032225417402,23.76018737449605,24.04473876953125,343650,0.0,0.0
1999-01-22 00:00:00-05:00,24.073194524293303,24.101650705357002,23.674821015209957,23.817096710205078,266250,0.0,0.0
1999-01-25 00:00:00-05:00,23.674821015209957,23.902462648234486,23.674821015209957,23.817096710205078,611850,0.0,0.0
1999-01-26 00:00:00-05:00,23.731733322143555,23.845555453466815,23.475635480537687,23.731733322143555,273750,0.0,0.0
1999-01-27 00:00:00-05:00,23.845555707972597,23.845555707972597,23.361813598557184,23.418725967407227,327600,0.0,0.0
1999-01-28 00:00:00-05:00,23.21953984967581,23.27644961817487,22.934985796856107,23.162630081176758,529500,0.0,0.0
1999-01-29 00:00:00-05:00,23.219542676034663,23.247998866329077,22.76425665713667,23.10572052001953,458250,0.0,0.0
1999-02-01 00:00:00-05:00,23.105704753436825,23.191070660906618,22.764241123557657,22.878063201904297,423750,0.0,0.0
1999-02-02 00:00:00-05:00,22.764252114811242,22.792708299427577,22.337422371376267,22.650432586669922,491700,0.0,0.0
1999-02-03 00:00:00-05:00,22.878068734751384,23.134166519095615,22.365873166062922,22.934978485107422,664950,0.0,0.0
1999-02-04 00:00:00-05:00,23.020351824955565,23.504093976794444,22.79271014507753,22.906532287597656,489450,0.0,0.0
1999-02-05 00:00:00-05:00,22.94887872456424,23.177794338612074,22.634116808039508,22.920263290405273,336000,0.18667,0.0
1999-02-08 00:00:00-05:00,22.891651153564453,23.034725725226476,22.748579201644105,22.891651153564453,412200,0.0,0.0
1999-02-09 00:00:00-05:00,23.006110286945738,23.23502593396663,22.80580745846391,22.891651153564453,485250,0.0,0.0
1999-02-10 00:00:00-05:00,23.12057667212988,24.722991943359375,22.89165833356674,24.722991943359375,2718300,0.0,0.0
1999-02-11 00:00:00-05:00,24.72297564002669,25.323881297944006,24.436829215390567,25.266653060913086,3735750,0.0,0.0
1999-02-12 00:00:00-05:00,25.094969421536444,25.86756252393532,24.722979276764008,25.69587516784668,845250,0.0,0.0
1999-02-16 00:00:00-05:00,25.638641505597207,27.18382754182219,25.638641505597207,26.811840057373047,858150,0.0,0.0
1999-02-17 00:00:00-05:00,26.43986035595431,27.32691282123038,26.43986035595431,27.069381713867188,902850,0.0,0.0
1999-02-18 00:00:00-05:00,27.241067373713445,27.412754767623948,26.954920843948702,27.212451934814453,502950,0.0,0.0
1999-02-19 00:00:00-05:00,27.0121452535659,27.040760688388033,26.582926829940696,26.64015769958496,753900,0.0,0.0
1999-02-22 00:00:00-05:00,26.55431711148119,27.469982315414452,26.49708623516297,27.41275405883789,617250,0.0,0.0
1999-02-23 00:00:00-05:00,27.2982861713303,27.58443260192871,26.78322416809765,27.58443260192871,529500,0.0,0.0
1999-02-24 00:00:00-05:00,27.584438431021855,28.242572478758984,26.75461439285181,26.78322982788086,441300,0.0,0.0
1999-02-25 00:00:00-05:00,27.01215083240299,27.44136934467498,26.668776022585405,27.069381713867188,417450,0.0,0.0
1999-02-26 00:00:00-05:00,27.183820603781346,27.183820603781346,26.353999558255644,26.9835205078125,486300,0.0,0.0
1999-03-01 00:00:00-05:00,26.86907026304052,27.12660128792589,26.49708013162574,27.012142181396484,487050,0.0,0.0
1999-03-02 00:00:00-05:00,27.012140520855397,27.698889878332576,26.78322494160997,27.326902389526367,609900,0.0,0.0
1999-03-03 00:00:00-05:00,27.241057016200635,27.95641913900707,27.241057016200635,27.89919090270996,586500,0.0,0.0
1999-03-04 00:00:00-05:00,27.784742646123608,28.81486701965332,27.784742646123608,28.81486701965332,797700,0.0,0.0
1999-03-05 00:00:00-05:00,28.843468253509155,29.759133039103894,28.700396367561982,29.301301956176758,796650,0.0,0.0
1999-03-08 00:00:00-05:00,29.186852140427327,29.215467574596413,28.47148724413054,28.7862491607666,422550,0.0,0.0
1999-03-09 00:00:00-05:00,28.75764605556795,28.786261502005043,28.299812011286562,28.72903060913086,348450,0.0,0.0
1999-03-10 00:00:00-05:00,28.814852828423533,29.35853018660753,28.614552712045587,29.301301956176758,542850,0.0,0.0
1999-03-11 00:00:00-05:00,29.30131462264508,29.730533085771025,29.01516810731392,29.70191764831543,449700,0.0,0.0
1999-03-12 00:00:00-05:00,29.70191320852746,31.132640331837592,29.70191320852746,30.102516174316406,918450,0.0,0.0
1999-03-15 00:00:00-05:00,30.216969494408048,30.960947036743164,30.045282167735277,30.960947036743164,738600,0.0,0.0
1999-03-16 00:00:00-05:00,30.960951824991277,30.960951824991277,30.417276952939577,30.64619255065918,708000,0.0,0.0
1999-03-17 00:00:00-05:00,30.560341106633757,30.560341106633757,29.787748213488523,30.274194717407227,348750,0.0,0.0
1999-03-18 00:00:00-05:00,30.216966487458098,30.588956531478544,30.102507407819395,30.274194717407227,333150,0.0,0.0
1999-03-19 00:00:00-05:00,29.873597299950756,30.445887562718166,29.21546336678119,30.131128311157227,1635000,0.0,0.0
1999-03-22 00:00:00-05:00,30.102516174316406,30.331434400259695,29.75914145514268,30.102516174316406,676050,0.0,0.0
1999-03-23 00:00:00-05:00,30.016694027707285,30.016694027707285,29.21548752136498,29.616090774536133,987600,0.0,0.0
1999-03-24 00:00:00-05:00,29.616084548642792,29.98807488965103,29.35855337865459,29.58746910095215,897150,0.0,0.0
1999-03-25 00:00:00-05:00,29.81636905959629,30.188356551511696,29.644681718791976,30.131128311157227,595200,0.0,0.0
1999-03-26 00:00:00-05:00,30.01669260050365,30.01669260050365,29.644704818725586,29.644704818725586,338850,0.0,0.0
1999-03-29 00:00:00-05:00,29.67331407973598,30.0166889875815,29.64470125057728,29.930845260620117,202500,0.0,0.0
1999-03-30 00:00:00-05:00,29.95943929287217,29.95943929287217,29.21546173095703,29.21546173095703,336450,0.0,0.0
1999-03-31 00:00:00-05:00,29.215485614051932,29.358557633756323,28.900723503062192,28.95795440673828,406350,0.0,0.0
1999-04-01 00:00:00-05:00,28.872087510049,29.58744965445706,28.872087510049,29.501605987548828,588900,0.0,0.0
1999-04-05 00:00:00-04:00,29.61607973683964,30.245601145556066,29.61607973683964,30.21698570251465,441150,0.0,0.0
1999-04-06 00:00:00-04:00,30.188372778293612,30.188372778293612,29.70192592445461,29.873613357543945,820650,0.0,0.0
1999-04-07 00:00:00-04:00,30.0739115427622,30.245598949058195,29.55884932387422,29.7591495513916,554250,0.0,0.0
1999-04-08 00:00:00-04:00,29.53023505005932,30.045297289304543,29.473006785612746,29.959453582763672,322350,0.0,0.0
1999-04-09 00:00:00-04:00,29.959435504739545,29.959435504739545,29.587445460946775,29.8449764251709,554700,0.0,0.0
1999-04-12 00:00:00-04:00,29.959445665386625,30.789267069404282,29.816373732208774,30.445892333984375,959250,0.0,0.0
1999-04-13 00:00:00-04:00,30.417282286531606,30.417282286531606,29.9880638282068,30.188364028930664,491400,0.0,0.0
1999-04-14 00:00:00-04:00,30.302829411896795,30.617588806383953,29.988070017409633,30.21698570251465,472350,0.0,0.0
1999-04-15 00:00:00-04:00,30.331447527806574,30.417291244753443,29.988072660019114,30.016685485839844,521250,0.0,0.0
1999-04-16 00:00:00-04:00,29.902228802972942,29.98807251951761,29.158248179757614,29.873613357543945,624900,0.0,0.0
1999-04-19 00:00:00-04:00,29.873596835118114,30.245586940986275,29.616065827918817,29.673294067382812,1091850,0.0,0.0
1999-04-20 00:00:00-04:00,29.759136988273525,30.15974251367248,29.415762320640596,29.501605987548828,444450,0.0,0.0
1999-04-21 00:00:00-04:00,29.50161756510386,29.81637954711914,29.38716104413634,29.81637954711914,377100,0.0,0.0
1999-04-22 00:00:00-04:00,29.81637644487688,30.64619792439098,29.78776100774137,30.188364028930664,953100,0.0,0.0
1999-04-23 00:00:00-04:00,30.159748467628678,30.61757970169433,30.016673914709497,30.445892333984375,430350,0.0,0.0
1999-04-26 00:00:00-04:00,30.417278080053126,30.417278080053126,30.0739033608794,30.102516174316406,286650,0.0,0.0
1999-04-27 00:00:00-04:00,30.216979630719564,30.67481352867463,30.159751375878276,30.50312614440918,504000,0.0,0.0
1999-04-28 00:00:00-04:00,30.560351169158707,31.132641516307835,30.360048368772926,31.104028701782227,639000,0.0,0.0
1999-04-29 00:00:00-04:00,31.104041387596144,31.991091394500316,31.104041387596144,31.647716522216797,1020450,0.0,0.0
1999-04-30 00:00:00-04:00,31.79027295166592,32.192683235506955,31.272890556621398,31.502840042114258,1081650,0.20667,0.0
1999-05-03 00:00:00-04:00,31.732773414612463,31.790259445791662,31.387851964453635,31.704029083251953,397650,0.0,0.0
1999-05-04 00:00:00-04:00,31.732787403980446,31.81901780453474,30.38184533914416,30.8704833984375,717150,0.0,0.0
1999-05-05 00:00:00-04:00,30.84172971924019,31.042934803480513,30.583038595877852,30.698013305664062,1597950,0.0,0.0
1999-05-06 00:00:00-04:00,30.698020565543757,30.698020565543757,29.95069135405041,30.266868591308594,1067400,0.0,0.0
1999-05-07 00:00:00-04:00,30.036918960648293,30.927964536992313,30.036918960648293,30.669273376464844,578400,0.0,0.0
1999-05-10 00:00:00-04:00,30.75550865385078,30.8704833984375,30.496817452187894,30.8704833984375,307950,0.0,0.0
1999-05-11 00:00:00-04:00,30.812999892947303,31.67530396988106,30.812999892947303,31.445354461669922,848100,0.0,0.0
1999-05-12 00:00:00-04:00,31.474101744815506,32.020228588345056,31.301640913337064,31.646562576293945,475950,0.0,0.0
1999-05-13 00:00:00-04:00,31.704029083251953,31.790259445791662,31.416596295814145,31.704029083251953,347100,0.0,0.0
1999-05-14 00:00:00-04:00,31.215398355692372,31.215398355692372,30.410580577996473,30.78424644470215,622050,0.0,0.0
1999-05-17 00:00:00-04:00,30.813008575967906,30.870494653448507,30.09442076551265,30.75551986694336,652800,0.0,0.0
1999-05-18 00:00:00-04:00,30.654915144622244,30.99983683401321,29.965071765840307,30.482454299926758,596500,0.0,1.5
1999-05-19 00:00:00-04:00,30.870474054572288,30.870474054572288,30.223746246166446,30.698013305664062,481100,0.0,0.0
1999-05-20 00:00:00-04:00,30.353096430352394,30.956709143455992,30.353096430352394,30.396211624145508,493600,0.0,0.0
1999-05-21 00:00:00-04:00,30.353098986155626,30.439329381002658,30.18063819646156,30.266868591308594,776500,0.0,0.0
1999-05-24 00:00:00-04:00,30.396221163648946,30.52556678562192,29.18899535856785,29.7926082611084,1343500,0.0,0.0
1999-05-25 00:00:00-04:00,29.7495059967041,30.43934961401898,29.7495059967041,29.7495059967041,629000,0.0,0.0
1999-05-26 00:00:00-04:00,29.706377443942156,30.61179678548466,29.706377443942156,30.353105545043945,407300,0.0,0.0
1999-05-27 00:00:00-04:00,30.18065094947815,30.18065094947815,28.93030969585691,28.973424911499023,453700,0.0,0.0
1999-05-28 00:00:00-04:00,29.145869576653766,29.835712643556814,28.973408809928006,29.663251876831055,396200,0.0,0.0
1999-06-01 00:00:00-04:00,29.706377849268947,29.706377849268947,28.6716128733873,29.188995361328125,481700,0.0,0.0
1999-06-02 00:00:00-04:00,29.275231113095256,29.36146154347256,28.67161810045412,29.145885467529297,252700,0.0,0.0
1999-06-03 00:00:00-04:00,29.18900098970958,29.23211620535169,28.671618402004242,28.973424911499023,509300,0.0,0.0
1999-06-04 00:00:00-04:00,29.01653813898737,29.663266329306555,29.01653813898737,29.577035903930664,353600,0.0,0.0
1999-06-07 00:00:00-04:00,29.49080221363575,30.09441512444116,29.275226174062386,29.835723876953125,295200,0.0,0.0
1999-06-08 00:00:00-04:00,29.792621222786284,29.965082127115004,29.490814640211024,29.7495059967041,381000,0.0,0.0
1999-06-09 00:00:00-04:00,29.663267436780426,30.05130436545924,29.40457615099455,29.490806579589844,358600,0.0,0.0
1999-06-10 00:00:00-04:00,29.83572718005834,29.92195760543423,29.44769026586683,29.577035903930664,321800,0.0,0.0
1999-06-11 00:00:00-04:00,29.749498793057032,29.792614008699143,28.844079264572688,28.973424911499023,467800,0.0,0.0
1999-06-14 00:00:00-04:00,29.318353735882305,29.92196690103282,28.887201475060508,29.7495059967041,227400,0.0,0.0
1999-06-15 00:00:00-04:00,29.663266329306555,29.92195760543423,29.361459840490937,29.577035903930664,132100,0.0,0.0
1999-06-16 00:00:00-04:00,29.921941737710995,29.96505692753479,29.14586832088276,29.533905029296875,431600,0.0,0.0
1999-06-17 00:00:00-04:00,29.44768400472753,29.663260022331684,29.27522319064421,29.31833839416504,366200,0.0,0.0
1999-06-18 00:00:00-04:00,29.31833499678781,29.490795790886565,29.275219798263127,29.3614501953125,693000,0.0,0.0
1999-06-21 00:00:00-04:00,29.27522229573813,29.27522229573813,28.49914865608675,28.628494262695312,599200,0.0,0.0
1999-06-22 00:00:00-04:00,28.71473913323389,28.88720002892899,28.154241222224822,28.326702117919922,611200,0.0,0.0
1999-06-23 00:00:00-04:00,28.197334913449865,28.283565295448184,27.59372223946164,27.67995262145996,569600,0.0,0.0
1999-06-24 00:00:00-04:00,27.67994971516304,28.240447139301853,27.464373782801957,28.154216766357422,554300,0.0,0.0
1999-06-25 00:00:00-04:00,28.240464851260185,28.49915613234043,27.550621435046196,27.59373664855957,473200,0.0,0.0
1999-06-28 00:00:00-04:00,27.93865178114066,28.456034221532153,27.93865178114066,28.111112594604492,321000,0.0,0.0
1999-06-29 00:00:00-04:00,28.067986442243225,28.628483867357144,28.024871255696,28.542253494262695,310800,0.0,0.0
1999-06-30 00:00:00-04:00,28.62849835482511,28.93030481338501,27.895539812608202,28.456037521362305,300700,0.0,0.0
1999-07-01 00:00:00-04:00,27.33503853230982,28.06799697875977,27.24880812684512,28.067996978759766,626800,0.0,0.0
1999-07-02 00:00:00-04:00,28.154223928292833,28.4991455078125,28.024878335972957,28.4991455078125,225000,0.0,0.0
1999-07-06 00:00:00-04:00,29.059641756575324,29.318332929482523,28.585374606245463,28.757835388183594,252100,0.0,0.0
1999-07-07 00:00:00-04:00,28.671614909600358,28.844075751161864,28.412923647258097,28.800960540771484,259700,0.0,0.0
1999-07-08 00:00:00-04:00,28.887174986640492,29.016520546282166,28.456023121168244,28.542253494262695,170100,0.0,0.0
1999-07-09 00:00:00-04:00,28.456037630915468,29.27522659301758,28.456037630915468,29.275226593017578,286100,0.0,0.0
1999-07-12 00:00:00-04:00,29.18900048768556,29.232115702586132,28.41292661947531,28.714733123779297,145800,0.0,0.0
1999-07-13 00:00:00-04:00,28.75784397992221,28.75784397992221,28.369807104630905,28.456037521362305,112000,0.0,0.0
1999-07-14 00:00:00-04:00,28.58537764374803,28.58537764374803,28.024880042890224,28.283571243286133,169900,0.0,0.0
1999-07-15 00:00:00-04:00,28.456047789691244,28.542278237538795,28.154241222224822,28.326702117919922,184300,0.0,0.0
1999-07-16 00:00:00-04:00,28.326688160882153,29.145877011805688,28.24045775552178,29.059646606445312,398100,0.0,0.0
1999-07-19 00:00:00-04:00,29.749489849328288,29.749489849328288,28.973416201084945,29.059646606445312,376400,0.0,0.0
1999-07-20 00:00:00-04:00,29.059650438482112,29.275226480310614,28.45603752136231,28.456037521362305,208400,0.0,0.0
1999-07-21 00:00:00-04:00,28.412919018166196,28.54226462826407,27.895536577774703,28.111112594604492,228400,0.0,0.0
1999-07-22 00:00:00-04:00,28.068003997206688,28.19734963774681,27.335045367479324,27.59373664855957,652900,0.0,0.0
1999-07-23 00:00:00-04:00,27.50749531067776,27.593725703501203,26.77453697167851,26.860767364501953,860500,0.0,0.0
1999-07-26 00:00:00-04:00,26.860760595703123,27.076336523437497,26.558954296874997,26.946990966796875,517200,0.0,0.0
1999-07-27 00:00:00-04:00,27.162574768066406,27.723072342645555,26.990113975888207,27.162574768066406,456000,0.0,0.0
1999-07-28 00:00:00-04:00,27.162571169762018,27.162571169762018,25.99846097677222,26.602073669433594,505300,0.0,0.0
1999-07-29 00:00:00-04:00,26.60207821239125,26.60207821239125,25.826004617864434,26.08469581604004,285200,0.0,0.0
1999-07-30 00:00:00-04:00,26.100309534343534,26.187021526151984,25.493325591684382,25.97024154663086,342000,0.21,0.0
1999-08-02 00:00:00-04:00,25.97023632412865,26.317084221612838,25.49332046508789,25.49332046508789,289300,0.0,0.0
1999-08-03 00:00:00-04:00,25.319903333422165,25.319903333422165,23.932511369946976,24.62620735168457,1165900,0.0,0.0
1999-08-04 00:00:00-04:00,24.973055342553366,25.103123339129166,24.452783356250173,24.62620735168457,438300,0.0,0.0
1999-08-05 00:00:00-04:00,24.973056265024038,25.75346427330604,24.409428259042592,25.36326026916504,777800,0.0,0.0
1999-08-06 00:00:00-04:00,25.36324561588348,25.49331354211878,24.49612610764815,24.58283805847168,563500,0.0,0.0
1999-08-09 00:00:00-04:00,24.626201258765327,25.103117128213245,24.539489282502068,24.97304916381836,357100,0.0,0.0
1999-08-10 00:00:00-04:00,25.10311178696894,25.10311178696894,24.45277210336871,24.49612808227539,510000,0.0,0.0
1999-08-11 00:00:00-04:00,24.886333465576172,24.97304542887086,24.322705704160686,24.886333465576172,217400,0.0,0.0
1999-08-12 00:00:00-04:00,24.97303588228076,25.146459742574375,24.582832196620124,24.842967987060547,416600,0.0,0.0
1999-08-13 00:00:00-04:00,24.799624983086645,25.36325282361134,24.756268995353974,25.189828872680664,267000,0.0,0.0
1999-08-16 00:00:00-04:00,25.363256611774876,25.4499686001912,25.103120646525905,25.23318862915039,329600,0.0,0.0
1999-08-17 00:00:00-04:00,25.40661260598304,25.75346055964834,25.103120646525905,25.23318862915039,275200,0.0,0.0
1999-08-18 00:00:00-04:00,25.319898852412564,25.319898852412564,24.842982949370548,25.103118896484375,403900,0.0,0.0
1999-08-19 00:00:00-04:00,24.973045549543016,25.059757513256706,24.62619769468825,24.75626564025879,457400,0.0,0.0
1999-08-20 00:00:00-04:00,24.88632210179379,24.88632210179379,24.669542292544715,24.71289825439453,334900,0.0,0.0
1999-08-23 00:00:00-04:00,24.842980657305034,25.666744413829985,24.842980657305034,25.49332046508789,271100,0.0,0.0
1999-08-24 00:00:00-04:00,25.66675215401073,25.66675215401073,25.059768150368583,25.44997215270996,292100,0.0,0.0
1999-08-25 00:00:00-04:00,25.623397827148438,25.753465836423302,24.799633768407624,25.623397827148438,300100,0.0,0.0
1999-08-26 00:00:00-04:00,25.66675215401073,25.710108154270884,24.973056149848276,25.44997215270996,187000,0.0,0.0
1999-08-27 00:00:00-04:00,25.44997132999796,25.53668332771516,24.62620735168457,24.62620735168457,240100,0.0,0.0
1999-08-30 00:00:00-04:00,24.409416891675477,24.452772871944884,23.629009246826172,23.629009246826172,328900,0.0,0.0
1999-08-31 00:00:00-04:00,23.62900773237707,23.75907566484887,23.02202404750867,23.15209197998047,462300,0.0,0.0
1999-09-01 00:00:00-04:00,23.0653816166839,23.542297401991277,23.0653816166839,23.49894142150879,784300,0.0,0.0
1999-09-02 00:00:00-04:00,22.631825889029155,23.152097748547067,22.631825889029155,23.108741760253906,293400,0.0,0.0
1999-09-03 00:00:00-04:00,23.759078772546584,23.975858688354492,23.672366806223422,23.975858688354492,764900,0.0,0.0
1999-09-07 00:00:00-04:00,24.06257288796561,24.06257288796561,23.303843112218946,23.6723690032959,197600,0.0,0.0
1999-09-08 00:00:00-04:00,23.022027713626457,23.282163619995117,22.891959760442127,23.282163619995117,239500,0.0,0.0
1999-09-09 00:00:00-04:00,23.282171652452,23.672375646627174,22.891967658276826,22.978679656982422,648200,0.0,0.0
1999-09-10 00:00:00-04:00,23.065377841338268,23.58564952196996,23.065377841338268,23.542293548583984,517600,0.0,0.0
1999-09-13 00:00:00-04:00,23.455585557587295,23.54229751898318,23.238805654097575,23.368873596191406,309400,0.0,0.0
1999-09-14 00:00:00-04:00,23.325515889942867,23.49893979990527,23.065380024999268,23.15209197998047,571400,0.0,0.0
1999-09-15 00:00:00-04:00,23.325529775311868,23.715733805010395,22.761901732414,22.848613739013672,1178500,0.0,0.0
1999-09-16 00:00:00-04:00,22.80525414665616,22.891966139609227,22.63183016075003,22.675186157226562,837400,0.0,0.0
1999-09-17 00:00:00-04:00,22.848610143132696,23.022034129038826,22.63183016075003,22.675186157226562,794000,0.0,0.0
1999-09-20 00:00:00-04:00,22.675186157226562,22.80525414665616,22.545118167796964,22.675186157226562,653300,0.0,0.0
1999-09-21 00:00:00-04:00,22.545113104499862,22.718537051457556,22.02484126362679,22.06819725036621,594000,0.0,0.0
1999-09-22 00:00:00-04:00,22.19826171875,22.241617698669433,21.634633979797364,21.677989959716797,1073800,0.0,0.0
1999-09-23 00:00:00-04:00,21.63463657552546,21.63463657552546,20.940940813584763,20.984296798706055,1392400,0.0,0.0
1999-09-24 00:00:00-04:00,21.071012702720296,21.114368695935767,20.724164756996505,20.8975887298584,875700,0.0,0.0
1999-09-27 00:00:00-04:00,20.8975887298584,21.374504655228613,20.854232736642924,20.8975887298584,333000,0.0,0.0
1999-09-28 00:00:00-04:00,20.810869434211828,20.89758139018771,20.16052976439271,20.55073356628418,977400,0.0,0.0
1999-09-29 00:00:00-04:00,20.464021610308297,20.637445522260062,20.333953676344475,20.55073356628418,561100,0.0,0.0
1999-09-30 00:00:00-04:00,20.594099157708392,20.6808111541619,20.420675164801374,20.507387161254883,928300,0.0,0.0
1999-10-01 00:00:00-04:00,20.117186158567993,20.464034195784684,19.72698211669922,19.72698211669922,1230600,0.0,0.0
1999-10-04 00:00:00-04:00,19.81368244419927,20.160530276920483,19.81368244419927,19.943750381469727,783500,0.0,0.0
1999-10-05 00:00:00-04:00,19.857040405273438,20.420668189702596,19.857040405273438,19.857040405273438,538200,0.0,0.0
1999-10-06 00:00:00-04:00,20.464030995088464,20.680810984443216,20.247251005733716,20.637454986572266,1278100,0.0,0.0
1999-10-07 00:00:00-04:00,20.464027600410656,20.76751953516251,20.160535665658802,20.290603637695312,931700,0.0,0.0
1999-10-08 00:00:00-04:00,20.46402979412038,20.680809770753008,20.07382583618164,20.07382583618164,1500700,0.0,0.0
1999-10-11 00:00:00-04:00,20.203892359124406,20.29060434349833,19.596908468506935,19.68362045288086,1134200,0.0,0.0
1999-10-12 00:00:00-04:00,19.59691674859674,19.640272759102487,18.989932601516312,19.25006866455078,991800,0.0,0.0
1999-10-13 00:00:00-04:00,18.81649198903099,19.38011962925542,18.72978004438108,18.94655990600586,628200,0.0,0.0
1999-10-14 00:00:00-04:00,18.94656167495278,19.293409485935896,18.079442147494987,19.119985580444336,1009200,0.0,0.0
1999-10-15 00:00:00-04:00,19.163339955624185,19.163339955624185,18.556356337120253,18.686424255371094,1042400,0.0,0.0
1999-10-18 00:00:00-04:00,18.6430733513939,19.38012508854203,18.6430733513939,19.336769104003906,537900,0.0,0.0
1999-10-19 00:00:00-04:00,19.51019853816064,19.77033451866945,19.423486544657706,19.55355453491211,607700,0.0,0.0
1999-10-20 00:00:00-04:00,19.553548603727105,20.030464423330205,19.510192620126823,19.770328521728516,536700,0.0,0.0
1999-10-21 00:00:00-04:00,19.77033029194751,20.073822204323896,19.466838379571122,19.90039825439453,415000,0.0,0.0
1999-10-22 00:00:00-04:00,20.72417247201514,22.89197293979915,20.72417247201514,22.024852752685547,2130600,0.0,0.0
1999-10-25 00:00:00-04:00,22.371694181890835,23.715730072663348,22.371694181890835,22.675186157226562,1381100,0.0,0.0
1999-10-26 00:00:00-04:00,22.935317715083325,23.282165620037325,22.848605738844824,23.195453643798828,1316400,0.0,0.0
1999-10-27 00:00:00-04:00,23.238816974781177,23.455596983874287,23.195460972962554,23.412240982055664,1324600,0.0,0.0
1999-10-28 00:00:00-04:00,23.54229612697555,25.62338307742643,23.54229612697555,25.016399383544922,1101500,0.0,0.0
1999-10-29 00:00:00-04:00,26.165954831620336,26.165954831620336,23.72379904733577,24.770437240600586,2230900,0.21,0.0
1999-11-01 00:00:00-05:00,24.944875448619413,24.944875448619413,23.680187707343254,24.159896850585938,663600,0.0,0.0
1999-11-02 00:00:00-05:00,23.026053810468323,24.072692620035063,22.328294604090495,23.854642868041992,2341600,0.0,0.0
1999-11-03 00:00:00-05:00,24.421569601868452,24.683229276174185,23.898250253256986,23.94186019897461,1502900,0.0,0.0
1999-11-04 00:00:00-05:00,23.941859687246925,26.07874698173709,23.898249742461413,25.032108306884766,1475200,0.0,0.0
1999-11-05 00:00:00-05:00,25.642650568485262,29.21866646409035,25.642650568485262,27.910367965698242,2278600,0.0,0.0
1999-11-08 00:00:00-05:00,27.910362593182263,28.172022242493348,27.21260352835271,27.605093002319336,1326400,0.0,0.0
1999-11-09 00:00:00-05:00,27.387034268402548,27.866743467371386,26.514835724822852,26.732885360717773,1205900,0.0,0.0
1999-11-10 00:00:00-05:00,26.514836695287137,26.863716125488285,26.471226766511993,26.86371612548828,1170600,0.0,0.0
1999-11-11 00:00:00-05:00,26.776498743862014,27.212598071937943,26.209569617363307,26.2531795501709,637700,0.0,0.0
1999-11-12 00:00:00-05:00,26.776504806247395,27.343434061102798,26.471235207479104,26.99455451965332,592200,0.0,0.0
1999-11-15 00:00:00-05:00,26.950950861359868,27.299830484160644,26.863730955659676,27.16900062561035,321200,0.0,0.0
1999-11-16 00:00:00-05:00,27.21260973871971,27.866759011285087,27.16899978721535,27.779539108276367,526200,0.0,0.0
1999-11-17 00:00:00-05:00,27.692304772216005,27.73591470099115,26.42761683773685,26.86371612548828,553300,0.0,0.0
1999-11-18 00:00:00-05:00,26.689280823657388,26.820110631616494,25.817082103930023,26.514841079711914,729200,0.0,0.0
1999-11-19 00:00:00-05:00,26.165960930489206,26.253180800257503,25.817081451416016,25.817081451416016,273500,0.0,0.0
1999-11-22 00:00:00-05:00,25.729861581647718,25.817081451416016,25.468201972342825,25.817081451416016,477300,0.0,0.0
1999-11-23 00:00:00-05:00,25.6426399105885,26.68927827428599,25.6426399105885,26.60205841064453,865000,0.0,0.0
1999-11-24 00:00:00-05:00,26.689276050623818,26.689276050623818,26.427616481500053,26.645666122436523,805000,0.0,0.0
1999-11-26 00:00:00-05:00,26.253200716620324,26.340420652555938,25.72988110100663,25.991540908813477,438200,0.0,0.0
1999-11-29 00:00:00-05:00,25.817073855308546,25.817073855308546,24.857655570145052,24.98848533630371,1085500,0.0,0.0
1999-11-30 00:00:00-05:00,24.988493600367665,25.555422774547036,24.81405385446632,24.901273727416992,496300,0.0,0.0
1999-12-01 00:00:00-05:00,24.726838011116588,25.38098716484983,24.683228067534372,24.86857032775879,477100,0.0,0.0
1999-12-02 00:00:00-05:00,24.683224041694032,25.032103533449426,24.247124676999793,24.63961410522461,427000,0.0,0.0
1999-12-03 00:00:00-05:00,24.770437920843804,25.402781846639993,24.59599821717589,24.94487762451172,776400,0.0,0.0
1999-12-06 00:00:00-05:00,24.98849294529879,24.98849294529879,24.37795385064926,24.465173721313477,360200,0.0,0.0
1999-12-07 00:00:00-05:00,23.941854497328162,24.596003527309808,23.941854497328162,24.465173721313477,587400,0.0,0.0
1999-12-08 00:00:00-05:00,24.465182766507628,24.50879271796308,24.029083251953125,24.029083251953125,346300,0.0,0.0
1999-12-09 00:00:00-05:00,23.94184724002108,24.508776227489705,23.94184724002108,24.159896850585938,441300,0.0,0.0
1999-12-10 00:00:00-05:00,24.15991014753069,24.726839447021487,24.15991014753069,24.42156982421875,416500,0.0,0.0
1999-12-13 00:00:00-05:00,24.247131279779076,24.639620814883415,24.247131279779076,24.508790969848633,382300,0.0,0.0
1999-12-14 00:00:00-05:00,24.596003527309808,25.119322751295122,24.33434391531715,24.465173721313477,657900,0.0,0.0
1999-12-15 00:00:00-05:00,24.33434813664848,24.33434813664848,23.63658905029297,23.63658905029297,330000,0.0,0.0
1999-12-16 00:00:00-05:00,23.37492228663245,24.37795066833496,23.37492228663245,24.37795066833496,691400,0.0,0.0
1999-12-17 00:00:00-05:00,24.421569723666597,26.645676966357662,24.421569723666597,26.471237182617188,1624600,0.0,0.0
1999-12-20 00:00:00-05:00,26.51485091920883,27.997589292980376,26.47124096703908,27.47426986694336,1822500,0.0,0.0
1999-12-21 00:00:00-05:00,27.343429888351057,27.69230937655968,27.21260008027282,27.561479568481445,992400,0.0,0.0
1999-12-22 00:00:00-05:00,27.212616014856053,27.823155476727823,27.212616014856053,27.692325592041016,678500,0.0,0.0
1999-12-23 00:00:00-05:00,27.73592373143847,28.084803275230147,27.47426407359471,27.997583389282227,903400,0.0,0.0
1999-12-27 00:00:00-05:00,28.17203207786039,28.651741602406,27.953982293976022,28.08481216430664,485600,0.0,0.0
1999-12-28 00:00:00-05:00,27.95397312348219,28.30285266324484,27.866753238541527,28.04119300842285,660400,0.0,0.0
1999-12-29 00:00:00-05:00,27.9539680480957,27.997577982648114,27.735918375333643,27.953968048095703,267100,0.0,0.0
1999-12-30 00:00:00-05:00,28.12840102981998,28.433670498360662,27.648691864970335,27.823131561279297,502900,0.0,0.0
1999-12-31 00:00:00-05:00,27.86675801575184,27.99758786559105,27.73592816591263,27.910367965698242,432700,0.0,0.0
2000-01-03 00:00:00-05:00,27.474254553134625,27.6486942645831,26.73288577947861,27.212594985961914,659800,0.0,0.0
2000-01-04 00:00:00-05:00,27.125377592493276,27.168987524314005,26.514838547003073,26.60205841064453,1160500,0.0,0.0
2000-01-05 00:00:00-05:00,27.0381502892561,27.561469327112672,26.645661010863673,27.38702964782715,2717300,0.0,0.0
2000-01-06 00:00:00-05:00,27.299823643611028,28.433682133601263,27.168993817842924,28.34646224975586,3123600,0.0,0.0
2000-01-07 00:00:00-05:00,28.259239196777344,29.82919692993164,28.259239196777344,29.82919692993164,1656500,0.0,0.0
2000-01-10 00:00:00-05:00,23.026046056470435,24.247124256434777,19.624471070855485,21.019989013671875,8579700,0.0,0.0
2000-01-11 00:00:00-05:00,20.671125487943666,20.671125487943666,19.10116659012516,19.711706161499023,6606700,0.0,0.0
2000-01-12 00:00:00-05:00,19.88613843704018,19.973358342465797,19.188379193635264,19.45003890991211,3032500,0.0,0.0
2000-01-13 00:00:00-05:00,19.798913194318857,21.19443130493164,19.493643607622314,21.19443130493164,2635700,0.0,0.0
2000-01-14 00:00:00-05:00,21.107207917470273,21.194427784897837,20.583888712904894,20.889158248901367,1803200,0.0,0.0
2000-01-18 00:00:00-05:00,20.409453118365743,20.496673003486965,20.01696363532025,20.06057357788086,1500900,0.0,0.0
2000-01-19 00:00:00-05:00,19.711695812932415,20.191405224309086,18.88310682964543,19.057546615600586,2813500,0.0,0.0
2000-01-20 00:00:00-05:00,19.057541824630086,19.144761695681023,17.880073565442412,18.403392791748047,1381500,0.0,0.0
2000-01-21 00:00:00-05:00,18.665052717064295,18.665052717064295,17.487584438184072,17.836463928222656,1159600,0.0,0.0
2000-01-24 00:00:00-05:00,17.9672967576489,18.272566362754585,16.702608393639633,16.920658111572266,1436500,0.0,0.0
2000-01-25 00:00:00-05:00,17.007866516113282,17.1823061726888,15.874008748372395,16.353717803955078,2220700,0.0,0.0
2000-01-26 00:00:00-05:00,16.048459723444267,17.618417739868164,16.048459723444267,17.618417739868164,2251400,0.0,0.0
2000-01-27 00:00:00-05:00,18.228960276213662,19.01393942686401,18.185350323399753,18.447010040283203,2533300,0.0,0.0
2000-01-28 00:00:00-05:00,18.446995569312055,18.446995569312055,17.334942644920904,18.054506301879883,1010200,0.0,0.0
2000-01-31 00:00:00-05:00,18.054506301879883,18.054506301879883,17.400357522826265,18.054506301879883,648300,0.0,0.0
2000-02-01 00:00:00-05:00,18.22895336377649,18.66505272654626,18.05451361866858,18.359783172607422,820300,0.0,0.0
2000-02-02 00:00:00-05:00,18.35978747177997,19.057546615600586,18.31617752529118,19.057546615600586,1255700,0.0,0.0
2000-02-03 00:00:00-05:00,18.97032672262301,19.27559634804453,18.447007364757546,19.057546615600586,1131600,0.0,0.0
2000-02-04 00:00:00-05:00,19.117311477661133,19.380998532525425,18.941520107751604,19.117311477661133,656000,0.21,0.0
2000-02-07 00:00:00-05:00,19.02941339156207,19.46889176088221,18.985465554630057,19.424943923950195,871300,0.0,0.0
2000-02-08 00:00:00-05:00,19.600734270881205,19.996264783073876,18.018612222110523,18.67782974243164,1039200,0.0,0.0
2000-02-09 00:00:00-05:00,18.54599233173653,18.58994018086387,17.05176546140705,17.183609008789062,833900,0.0,0.0
2000-02-10 00:00:00-05:00,17.227545450846353,17.623075831095377,16.480432510375977,16.480432510375977,1069400,0.0,0.0
2000-02-11 00:00:00-05:00,16.87597146295692,17.00781499001127,16.656232251199665,16.83202362060547,1159600,0.0,0.0
2000-02-14 00:00:00-05:00,16.65623913789407,17.535196348337024,16.34860411423903,17.139665603637695,1587800,0.0,0.0
2000-02-15 00:00:00-05:00,17.139655886672614,17.359395064706877,16.48043835256982,16.744125366210938,1196500,0.0,0.0
2000-02-16 00:00:00-05:00,16.83202545145616,16.8759732985879,16.21675559161181,16.436494827270508,813400,0.0,0.0
2000-02-17 00:00:00-05:00,16.524385318240604,16.524385318240604,16.172802651895058,16.260698318481445,1216200,0.0,0.0
2000-02-18 00:00:00-05:00,16.21675485027723,16.480441921013444,15.953067779541016,15.953067779541016,1048400,0.0,0.0
2000-02-22 00:00:00-05:00,15.997015035769596,16.304649940303626,15.997015035769596,16.12885856628418,1085100,0.0,0.0
2000-02-23 00:00:00-05:00,16.040968601930075,16.304655757030297,15.733333587646484,15.733333587646484,1797600,0.0,0.0
2000-02-24 00:00:00-05:00,15.821230936858614,16.040970255426092,15.337804436010156,15.557543754577637,1126000,0.0,0.0
2000-02-25 00:00:00-05:00,15.557534970735247,15.557534970735247,15.030160903930664,15.030160903930664,1334800,0.0,0.0
2000-02-28 00:00:00-05:00,15.205959647200828,15.425698948460957,15.030168206192727,15.118063926696777,769800,0.0,0.0
2000-02-29 00:00:00-05:00,15.03016114164177,15.074108981237215,14.546734906091888,14.81042194366455,1226300,0.0,0.0
2000-03-01 00:00:00-05:00,14.766470808323806,16.43648834021757,14.722522978537128,16.21674919128418,1215600,0.0,0.0
2000-03-02 00:00:00-05:00,16.21675048518825,16.260698318481445,16.084906985308674,16.260698318481445,1178600,0.0,0.0
2000-03-03 00:00:00-05:00,16.43649051696297,17.139655886672614,16.216751338928706,16.744125366210938,717900,0.0,0.0
2000-03-06 00:00:00-05:00,16.6562366383325,16.744132346186497,16.172810245135516,16.392549514770508,570200,0.0,0.0
2000-03-07 00:00:00-05:00,16.304655757030297,16.304655757030297,15.733333587646484,15.733333587646484,693400,0.0,0.0
2000-03-08 00:00:00-05:00,15.733323486371972,15.77727131733949,15.249897345729257,15.293845176696777,873200,0.0,0.0
2000-03-09 00:00:00-05:00,15.381740838631815,15.645427824436933,15.205949514761738,15.293845176696777,2129000,0.0,0.0
2000-03-10 00:00:00-05:00,15.645435620736384,15.645435620736384,15.162009239196777,15.162009239196777,626300,0.0,0.0
2000-03-13 00:00:00-05:00,15.162015220838837,15.557546052686806,15.118067350633506,15.337806701660156,968800,0.0,0.0
2000-03-14 00:00:00-05:00,15.381740838631815,15.513584331534375,15.16200168379422,15.293845176696777,794300,0.0,0.0
2000-03-15 00:00:00-05:00,15.425693269209429,17.139659188010476,15.337797581065786,16.919919967651367,1202300,0.0,0.0
2000-03-16 00:00:00-05:00,16.919920461007134,19.20520841937693,16.87597261565387,19.029417037963867,1824700,0.0,0.0
2000-03-17 00:00:00-05:00,19.337042287927897,19.337042287927897,17.97465976309661,18.194398880004883,1003800,0.0,0.0
2000-03-20 00:00:00-05:00,17.66703224182129,18.062562814399378,17.359397352038332,17.66703224182129,842600,0.0,0.0
2000-03-21 00:00:00-05:00,17.22755181984823,18.76572608947754,17.22755181984823,18.76572608947754,726000,0.0,0.0
2000-03-22 00:00:00-05:00,18.633882031363292,19.117308216139225,18.23835151654662,18.941516876220703,694100,0.0,0.0
2000-03-23 00:00:00-05:00,19.117310643196106,20.655485062763606,18.589936556487245,20.39179801940918,860300,0.0,0.0
2000-03-24 00:00:00-05:00,20.655486048484335,21.710234272236725,20.567590363171636,21.534442901611328,2056700,0.0,0.0
2000-03-27 00:00:00-05:00,21.446546423161454,21.53444210522359,20.831276648726494,21.051015853881836,1676100,0.0,0.0
2000-03-28 00:00:00-05:00,20.83127521604363,21.094962244094816,20.39179683595832,20.611536026000977,782000,0.0,0.0
2000-03-29 00:00:00-05:00,20.7873273780351,20.83127521604363,20.30390115994126,20.611536026000977,758500,0.0,0.0
2000-03-30 00:00:00-05:00,20.611534448271815,23.380248030875492,20.479690944338305,22.633134841918945,2210100,0.0,0.0
2000-03-31 00:00:00-05:00,22.589193994684734,22.98472462883291,22.281559057013933,22.67708969116211,3130900,0.0,0.0
2000-04-03 00:00:00-04:00,22.677083111753557,22.721030947241452,21.62233506004409,22.19365692138672,651800,0.0,0.0
2000-04-04 00:00:00-04:00,22.852869993362585,22.852869993362585,20.65547864784695,21.402591705322266,786800,0.0,0.0
2000-04-05 00:00:00-04:00,21.578401017189027,21.886036062240603,20.963130927085878,21.094974517822266,1149200,0.0,0.0
2000-04-06 00:00:00-04:00,21.446546467508025,21.622337831995797,21.09496373853248,21.182859420776367,598200,0.0,0.0
2000-04-07 00:00:00-04:00,21.18286248557588,21.314706028017223,20.56759262084961,20.56759262084961,705000,0.0,0.0
2000-04-10 00:00:00-04:00,20.611548909043844,20.611548909043844,19.644695868534324,19.86443519592285,1273900,0.0,0.0
2000-04-11 00:00:00-04:00,19.864413617199357,20.128100523622358,19.77651798172502,19.908361434936523,560500,0.0,0.0
2000-04-12 00:00:00-04:00,19.732591599489737,20.699444639999257,19.556800137578914,19.86443519592285,1825700,0.0,0.0
2000-04-13 00:00:00-04:00,19.864427457412265,19.864427457412265,19.161261883698558,19.205209732055664,697300,0.0,0.0
2000-04-14 00:00:00-04:00,19.20520885495374,19.20520885495374,17.93072131080349,18.062564849853516,855600,0.0,0.0
2000-04-17 00:00:00-04:00,17.491245279288353,18.23835877111725,17.35940172190678,17.623088836669922,1941800,0.0,0.0
2000-04-18 00:00:00-04:00,17.667029780120096,17.974664627037612,17.183603592106863,17.84282112121582,1923300,0.0,0.0
2000-04-19 00:00:00-04:00,18.01861505882413,18.5020413164999,17.842823692396575,17.93071937561035,767400,0.0,0.0
2000-04-20 00:00:00-04:00,17.93071889192864,18.545988657828154,17.710979689821674,18.370197296142578,779700,0.0,0.0
2000-04-24 00:00:00-04:00,18.150458828384327,18.985467830174404,18.062563143985372,18.72178077697754,697300,0.0,0.0
2000-04-25 00:00:00-04:00,18.721776760829968,19.7325769145837,18.370194098654757,19.556785583496094,1479500,0.0,0.0
2000-04-26 00:00:00-04:00,19.556791182203053,19.64468687290958,18.809677811197542,19.029417037963867,1226300,0.0,0.0
2000-04-27 00:00:00-04:00,18.853622905394342,18.897570744334654,18.01861396552839,18.41414451599121,813600,0.0,0.0
2000-04-28 00:00:00-04:00,18.570156925545003,19.323600046629167,18.259915640392702,19.19063949584961,1238600,0.22,0.0
2000-05-01 00:00:00-04:00,19.234949719957907,21.18503678834074,19.101989238022714,20.298633575439453,1008900,0.0,0.0
2000-05-02 00:00:00-04:00,20.20999755859375,20.20999755859375,19.1463134765625,19.944076538085938,910300,0.0,0.0
2000-05-03 00:00:00-04:00,19.81110587801252,20.03270661490304,18.437181309291294,18.61446189880371,586100,0.0,0.0
2000-05-04 00:00:00-04:00,18.791750968770778,21.36232067676301,18.791750968770778,20.83047866821289,1557000,0.0,0.0
2000-05-05 00:00:00-04:00,20.564556549265824,21.229359023918814,20.342955724381493,20.963438034057617,725400,0.0,0.0
2000-05-08 00:00:00-04:00,20.830484252615072,21.938488734137152,20.741843894093307,21.49528694152832,575200,0.0,0.0
2000-05-09 00:00:00-04:00,21.495281617168473,22.160084141410795,21.495281617168473,21.894163131713867,937800,0.0,0.0
2000-05-10 00:00:00-04:00,21.93848617433563,22.869209830216533,21.93848617433563,22.5146484375,1255600,0.0,0.0
2000-05-11 00:00:00-04:00,22.55897038029689,23.179452866198968,22.293049314910288,22.603290557861328,688800,0.0,0.0
2000-05-12 00:00:00-04:00,22.514644791205875,23.401048129442326,22.514644791205875,23.09080696105957,758200,0.0,0.0
2000-05-15 00:00:00-04:00,23.09081189012353,24.420417181301467,22.957851361005734,24.198816299438477,743000,0.0,0.0
2000-05-16 00:00:00-04:00,24.464740023586916,24.68634092959767,23.799937305554664,24.33177947998047,664300,0.0,0.0
2000-05-17 00:00:00-04:00,24.154497421149053,24.154497421149053,23.13513330979781,23.40105438232422,786600,0.0,0.0
2000-05-18 00:00:00-04:00,23.401062182208012,24.06586508511165,23.401062182208012,23.799943923950195,661100,0.0,0.0
2000-05-19 00:00:00-04:00,23.489694739833023,23.62265527609623,22.69193152225379,23.40105438232422,857700,0.0,0.0
2000-05-22 00:00:00-04:00,23.401047939724393,24.110170604564527,23.401047939724393,23.932889938354492,589600,0.0,0.0
2000-05-23 00:00:00-04:00,23.888585864506016,24.154507042960628,23.401063704005892,23.97722625732422,496300,0.0,0.0
2000-05-24 00:00:00-04:00,23.401047762903204,24.819293081867034,23.401047762903204,24.774972915649414,1083400,0.0,0.0
2000-05-25 00:00:00-04:00,24.819293081867034,25.395455242696087,24.642012416996554,24.774972915649414,805500,0.0,0.0
2000-05-26 00:00:00-04:00,24.819303512573242,24.996584251948764,24.73066314288548,24.819303512573242,435300,0.0,0.0
2000-05-30 00:00:00-04:00,24.730649201186388,25.39545159906774,24.730649201186388,25.351131439208984,335800,0.0,0.0
2000-05-31 00:00:00-04:00,24.907941818237305,25.351143629949714,24.819301455894824,24.907941818237305,565700,0.0,0.0
2000-06-01 00:00:00-04:00,24.819289837624915,25.43977208356554,24.642009195927596,25.0852108001709,633000,0.0,0.0
2000-06-02 00:00:00-04:00,24.99657776661408,26.193222446930715,24.90793741992396,25.92730140686035,621400,0.0,0.0
2000-06-05 00:00:00-04:00,25.83866562283336,26.015946347518327,24.6863409123811,24.907941818237305,507700,0.0,0.0
2000-06-06 00:00:00-04:00,24.73066314288548,24.952264067104885,24.73066314288548,24.819303512573242,1196900,0.0,0.0
2000-06-07 00:00:00-04:00,24.863614418043145,25.838658120711504,24.77497408143693,25.30681610107422,380100,0.0,0.0
2000-06-08 00:00:00-04:00,25.129536308548822,25.129536308548822,24.464733760703616,24.68633460998535,331600,0.0,0.0
2000-06-09 00:00:00-04:00,24.863609785782664,25.439771866380124,24.863609785782664,25.26249122619629,632700,0.0,0.0
2000-06-12 00:00:00-04:00,25.35113651874414,25.794338206134775,24.996575168831637,25.129535675048828,487700,0.0,0.0
2000-06-13 00:00:00-04:00,25.129547854503954,25.794350707797708,25.040907474064788,25.750030517578125,965400,0.0,0.0
2000-06-14 00:00:00-04:00,25.750022747504364,26.060263985426104,25.572742040120513,25.83866310119629,679700,0.0,0.0
2000-06-15 00:00:00-04:00,25.838662634293236,25.971623162428536,25.26250034570694,25.52842140197754,1051600,0.0,0.0
2000-06-16 00:00:00-04:00,25.528412983679647,25.661373467969646,25.35113233795965,25.39545249938965,767200,0.0,0.0
2000-06-19 00:00:00-04:00,25.21818517616817,25.351145730699812,24.819303512573242,24.819303512573242,656200,0.0,0.0
2000-06-20 00:00:00-04:00,24.81928856364226,24.907928879940982,24.553367614746094,24.553367614746094,251300,0.0,0.0
2000-06-21 00:00:00-04:00,24.553381191007084,24.597701373662332,23.223775711349663,23.312416076660156,962900,0.0,0.0
2000-06-22 00:00:00-04:00,23.31241038074232,23.31241038074232,22.20440608507966,22.647607803344727,1851000,0.0,0.0
2000-06-23 00:00:00-04:00,22.82489482746568,23.268096668775694,22.691934275072676,22.86921501159668,740600,0.0,0.0
2000-06-26 00:00:00-04:00,22.95784490640881,23.44536670944066,22.73624408684888,22.82488441467285,602300,0.0,0.0
2000-06-27 00:00:00-04:00,23.22377424973708,23.53401550879845,22.869212810809795,23.046493530273438,432300,0.0,0.0
2000-06-28 00:00:00-04:00,23.13512852962271,24.065852091159254,23.04648819042875,23.11296844482422,748600,0.0,0.0
2000-06-29 00:00:00-04:00,22.869205357025027,23.179446514969165,22.248723041136753,22.95784568786621,743600,0.0,0.0
2000-06-30 00:00:00-04:00,22.957847971311757,23.002168141140544,21.62824287644814,22.027124404907227,714000,0.0,0.0
2000-07-03 00:00:00-04:00,22.071453640522588,22.381694956754835,22.02713345248941,22.293054580688477,491600,0.0,0.0
2000-07-05 00:00:00-04:00,22.160096082858697,22.691938388847305,22.11577589069298,22.204416275024414,806900,0.0,0.0
2000-07-06 00:00:00-04:00,22.204411430662848,22.426012343144514,21.982810518181182,22.24873161315918,496100,0.0,0.0
2000-07-07 00:00:00-04:00,22.24873646719013,22.426017235853,21.93849512203011,22.204416275024414,709100,0.0,0.0
2000-07-10 00:00:00-04:00,22.293052986771883,22.293052986771883,21.938491507857023,22.115772247314453,427500,0.0,0.0
2000-07-11 00:00:00-04:00,22.115769898065246,22.381690979003906,21.982809357595915,22.381690979003906,479400,0.0,0.0
2000-07-12 00:00:00-04:00,22.337373656045997,23.22377737255576,22.337373656045997,22.913536071777344,704500,0.0,0.0
2000-07-13 00:00:00-04:00,23.0021658532868,23.26808684581035,22.824885191604437,22.95784568786621,784300,0.0,0.0
2000-07-14 00:00:00-04:00,23.135126349548575,23.31240701123094,22.691924695342664,22.95784568786621,582000,0.0,0.0
2000-07-17 00:00:00-04:00,22.780572608517705,22.780572608517705,20.91912504128474,21.229366302490234,1492400,0.0,0.0
2000-07-18 00:00:00-04:00,21.362330846566575,21.362330846566575,20.564567453956204,21.140729904174805,894400,0.0,0.0
2000-07-19 00:00:00-04:00,21.140725507441257,21.8055281963545,21.096405328180374,21.49528694152832,575800,0.0,0.0
2000-07-20 00:00:00-04:00,21.317999314288702,22.02712195260184,21.18503881960499,21.716880798339844,391200,0.0,0.0
2000-07-21 00:00:00-04:00,21.84984526477876,21.98280578363137,21.14072249756485,21.628244400024414,422300,0.0,0.0
2000-07-24 00:00:00-04:00,21.362329077469674,21.362329077469674,20.874807044581363,21.052087783813477,434500,0.0,0.0
2000-07-25 00:00:00-04:00,21.052085436307465,23.22377424973708,21.052085436307465,23.046493530273438,1248900,0.0,0.0
2000-07-26 00:00:00-04:00,25.35113651874414,25.838658374873837,24.730654156397257,25.129535675048828,2981000,0.0,0.0
2000-07-27 00:00:00-04:00,25.173862595632286,25.8829854856501,25.129542415006174,25.66138458251953,1083900,0.0,0.0
2000-07-28 00:00:00-04:00,25.63998034673404,25.63998034673404,24.480607322359976,25.03799819946289,1176000,0.22,0.0
2000-07-31 00:00:00-04:00,25.506201452679104,26.13047911061181,25.41701893011729,25.684566497802734,1209100,0.0,0.0
2000-08-01 00:00:00-04:00,25.595387128487783,25.595387128487783,24.614379259451667,25.104883193969727,1026200,0.0,0.0
2000-08-02 00:00:00-04:00,25.684563507904876,26.75475365406758,25.595380995724653,26.39802360534668,2556100,0.0,0.0
2000-08-03 00:00:00-04:00,26.219656989391634,27.33443832397461,26.219656989391634,27.33443832397461,1248400,0.0,0.0
2000-08-04 00:00:00-04:00,27.6465804148943,28.270858037166107,27.4682153799595,27.8249454498291,1258500,0.0,0.0
2000-08-07 00:00:00-04:00,27.69117989501953,27.914136254882813,27.33444971923828,27.869544982910156,503500,0.0,0.0
2000-08-08 00:00:00-04:00,27.691177368164062,27.914133707682293,26.933125813802086,27.691177368164062,1209700,0.0,0.0
2000-08-09 00:00:00-04:00,27.512811644924835,27.55740291177236,26.531803774279215,26.843942642211914,1207500,0.0,0.0
2000-08-10 00:00:00-04:00,26.665582747996467,26.665582747996467,25.77375723803003,26.1304874420166,751800,0.0,0.0
2000-08-11 00:00:00-04:00,26.26426671514448,27.423640118529466,26.219675430398905,26.933135986328125,1214600,0.0,0.0
2000-08-14 00:00:00-04:00,26.754772017154785,27.379050030888397,26.398041723592723,27.15609359741211,551200,0.0,0.0
2000-08-15 00:00:00-04:00,27.28985014958168,27.28985014958168,26.26425120605165,26.88852882385254,741300,0.0,0.0
2000-08-16 00:00:00-04:00,26.79934943265095,27.066897014341308,26.21966300565517,26.44261932373047,476600,0.0,0.0
2000-08-17 00:00:00-04:00,26.62098440383631,26.754758194810364,26.264254294572172,26.710166931152344,513600,0.0,0.0
2000-08-18 00:00:00-04:00,26.57639695506985,26.57639695506985,26.13048425448143,26.308849334716797,403100,0.0,0.0
2000-08-21 00:00:00-04:00,26.264245389883488,26.53179288112169,26.130471644264386,26.35342788696289,231000,0.0,0.0
2000-08-22 00:00:00-04:00,26.35343743333913,26.620985021494857,25.95211605110554,26.487211227416992,426900,0.0,0.0
2000-08-23 00:00:00-04:00,26.665583441466758,26.7547659947827,25.818349184965307,25.90753173828125,467000,0.0,0.0
2000-08-24 00:00:00-04:00,25.907522824144117,26.085887869405006,25.818340301513672,25.818340301513672,657600,0.0,0.0
2000-08-25 00:00:00-04:00,25.862923979349564,26.308836461752144,25.77374148286905,25.952106475830078,378400,0.0,0.0
2000-08-28 00:00:00-04:00,25.59538777669271,26.264256795247398,25.59538777669271,26.085891723632812,582300,0.0,0.0
2000-08-29 00:00:00-04:00,25.68455898638853,26.041288972310596,25.417011496946987,25.952106475830078,327800,0.0,0.0
2000-08-30 00:00:00-04:00,25.818337276175217,27.200666214968706,25.818337276175217,26.39802360534668,353700,0.0,0.0
2000-08-31 00:00:00-04:00,26.30885877613258,27.2898670694799,26.26426749007134,26.5429630279541,475800,0.0,0.0
2000-09-01 00:00:00-04:00,26.843939890903712,26.933122415458207,24.971106875259267,25.194063186645508,786100,0.0,0.0
2000-09-05 00:00:00-04:00,25.28324765830204,26.08589044110528,25.28324765830204,25.862934112548828,615000,0.0,0.0
2000-09-06 00:00:00-04:00,25.952111044445555,26.487206117526906,25.86292853226533,26.39802360534668,533600,0.0,0.0
2000-09-07 00:00:00-04:00,26.219671163127646,26.710175215499085,25.595393278291276,26.62099266052246,434500,0.0,0.0
2000-09-08 00:00:00-04:00,26.620978269841505,27.468212084124566,26.442613256308228,27.33443832397461,384900,0.0,0.0
2000-09-11 00:00:00-04:00,27.379026060651064,28.047894775487816,27.33443481299528,28.00330352783203,1134200,0.0,0.0
2000-09-12 00:00:00-04:00,28.360056591334782,28.360056591334782,28.092508887642943,28.2708740234375,775900,0.0,0.0
2000-09-13 00:00:00-04:00,28.27086385091146,28.27086385091146,27.156082153320312,27.691177368164062,945200,0.0,0.0
2000-09-14 00:00:00-04:00,27.51280720202954,28.00331105814352,27.200668384502464,27.468215942382812,809900,0.0,0.0
2000-09-15 00:00:00-04:00,27.646577097657843,27.735759604424484,27.289847070591293,27.33443832397461,878800,0.0,0.0
2000-09-18 00:00:00-04:00,27.111484197596777,27.111484197596777,25.773746490478516,25.773746490478516,752100,0.0,0.0
2000-09-19 00:00:00-04:00,25.327840169270836,26.487213134765625,25.327840169270836,26.085891723632812,1549700,0.0,0.0
2000-09-20 00:00:00-04:00,25.996697724070337,26.13047146879111,25.68455898638853,25.952106475830078,561200,0.0,0.0
2000-09-21 00:00:00-04:00,25.77374256907643,26.041290069793487,25.238647567642317,25.506195068359375,991500,0.0,0.0
2000-09-22 00:00:00-04:00,25.506210723314652,26.620992660522457,25.372436890849713,26.62099266052246,993100,0.0,0.0
2000-09-25 00:00:00-04:00,26.62098448968703,27.82494861233619,26.130480587866998,27.646583557128906,1493100,0.0,0.0
2000-09-26 00:00:00-04:00,27.646596542257345,27.646596542257345,26.710179562600242,26.933135986328125,580900,0.0,0.0
2000-09-27 00:00:00-04:00,26.933128271484374,28.003318798828126,26.888536999511718,27.869544982910156,781900,0.0,0.0
2000-09-28 00:00:00-04:00,27.869539420293094,29.965328784699135,27.869539420293094,29.34105110168457,2963100,0.0,0.0
2000-09-29 00:00:00-04:00,29.207267214538188,29.74236218640759,28.00330352783203,28.00330352783203,1737300,0.0,0.0
2000-10-02 00:00:00-04:00,27.82496427140146,28.805972627123946,27.02232107126488,28.36005973815918,723100,0.0,0.0
2000-10-03 00:00:00-04:00,28.003313704401204,28.7613651900299,27.914131176680183,28.04790496826172,613200,0.0,0.0
2000-10-04 00:00:00-04:00,28.22628681759359,28.85056488306959,27.646600042508727,27.735782623291016,499200,0.0,0.0
2000-10-05 00:00:00-04:00,27.91413183913731,28.850548402431052,27.824949309299807,28.493818283081055,687200,0.0,0.0
2000-10-06 00:00:00-04:00,28.493807679830148,28.80594641810685,27.200661478398107,27.512800216674805,496200,0.0,0.0
2000-10-09 00:00:00-04:00,27.46821656366901,28.137085473498615,27.20066899973717,27.3790340423584,361100,0.0,0.0
2000-10-10 00:00:00-04:00,27.55740677978715,27.78036314531941,27.156085321829085,27.245267868041992,402800,0.0,0.0
2000-10-11 00:00:00-04:00,27.156085321829085,27.735771872212958,27.111494048722633,27.245267868041992,537700,0.0,0.0
2000-10-12 00:00:00-04:00,26.933131101414588,26.933131101414588,25.818349184965307,25.90753173828125,1026400,0.0,0.0
2000-10-13 00:00:00-04:00,26.44261038404229,26.75474912382019,26.264245389883488,26.35342788696289,663400,0.0,0.0
2000-10-16 00:00:00-04:00,26.353436189351672,26.75475755264129,26.130479876412995,26.66557502746582,395200,0.0,0.0
2000-10-17 00:00:00-04:00,26.487213134765625,26.66557820638021,26.085891723632812,26.085891723632812,506000,0.0,0.0
2000-10-18 00:00:00-04:00,26.13048425448143,26.487214414952167,25.639980283834166,26.308849334716797,1396400,0.0,0.0
2000-10-19 00:00:00-04:00,26.398019419251497,27.46820939570764,26.308836921213484,27.022296905517578,1587800,0.0,0.0
2000-10-20 00:00:00-04:00,26.843942642211914,27.11149024329708,26.71016884166933,26.843942642211914,481200,0.0,0.0
2000-10-23 00:00:00-04:00,27.022319737326335,28.00332804462201,26.977728450631076,27.15609359741211,1255500,0.0,0.0
2000-10-24 00:00:00-04:00,27.468230865813872,28.449239111021512,27.468230865813872,28.404647827148438,1134500,0.0,0.0
2000-10-25 00:00:00-04:00,28.270868198529968,29.341058792796087,28.270868198529968,28.93973731994629,1316900,0.0,0.0
2000-10-26 00:00:00-04:00,29.162703915807594,29.162703915807594,27.37905230016187,27.735782623291016,750900,0.0,0.0
2000-10-27 00:00:00-04:00,28.449227018162304,29.2518697866998,28.449227018162304,28.493818283081055,1269400,0.0,0.0
2000-10-30 00:00:00-05:00,28.49381413580586,30.188281956088524,28.49381413580586,29.920734405517578,1281900,0.0,0.0
2000-10-31 00:00:00-05:00,29.76474562885175,29.9440513254111,29.271654963313544,29.719919204711914,1110600,0.22,0.0
2000-11-01 00:00:00-05:00,29.80956313793476,30.213000834538388,28.77855569105882,29.13716697692871,773900,0.0,0.0
2000-11-02 00:00:00-05:00,23.30973910746601,24.026961849234198,22.233904994813734,23.80282974243164,18165100,0.0,0.0
2000-11-03 00:00:00-05:00,23.309742695576436,23.399395552097886,20.440851286890105,21.561511993408203,11447800,0.0,0.0
2000-11-06 00:00:00-05:00,22.05460092295771,22.413212320078976,20.171891088071078,21.65116310119629,6036300,0.0,0.0
2000-11-07 00:00:00-05:00,21.606337880513752,22.50286642327366,21.606337880513752,22.32356071472168,4359900,0.0,0.0
2000-11-08 00:00:00-05:00,22.502858824919063,22.90629653293554,21.158066464864138,21.471851348876953,2965800,0.0,0.0
2000-11-09 00:00:00-05:00,21.65116860866547,22.05460653305054,21.2477306842804,21.51668930053711,1699700,0.0,0.0
2000-11-10 00:00:00-05:00,21.695990734789746,22.32356071472168,21.651164307651747,22.32356071472168,1396800,0.0,0.0
2000-11-13 00:00:00-05:00,22.144252606523715,22.323558295645366,21.202897738635055,22.05459976196289,1150000,0.0,0.0
2000-11-14 00:00:00-05:00,21.875295720948763,22.189080700552537,21.7856428696334,21.920122146606445,891900,0.0,0.0
2000-11-15 00:00:00-05:00,21.964944569237176,22.054597404213656,21.471853976866548,21.83046531677246,3593600,0.0,0.0
2000-11-16 00:00:00-05:00,21.964943485875285,22.368381223370953,21.7856378247661,22.233901977539062,843800,0.0,0.0
2000-11-17 00:00:00-05:00,22.278732299804688,22.592517261773768,22.189079453527807,22.278732299804688,1149200,0.0,0.0
2000-11-20 00:00:00-05:00,22.233906621518344,22.2787330461585,21.4270309779955,21.65116310119629,620700,0.0,0.0
2000-11-21 00:00:00-05:00,21.51668776679285,21.740819931030273,21.471861333945363,21.740819931030273,533700,0.0,0.0
2000-11-22 00:00:00-05:00,21.606342028374453,21.606342028374453,21.42703628540039,21.42703628540039,1006500,0.0,0.0
2000-11-24 00:00:00-05:00,21.471851348876953,21.74080982088794,21.471851348876953,21.471851348876953,351600,0.0,0.0
2000-11-27 00:00:00-05:00,21.561508780620137,22.09942583959611,21.516682359038807,21.875293731689453,1077400,0.0,0.0
2000-11-28 00:00:00-05:00,21.695991278190377,21.96494984775472,21.51668556514748,21.561511993408203,1007000,0.0,0.0
2000-11-29 00:00:00-05:00,21.5166796875,22.458034423828128,21.471853271484378,22.4132080078125,1394400,0.0,0.0
2000-11-30 00:00:00-05:00,22.458037992358445,22.502864415496887,21.830468068420288,22.278732299804688,960500,0.0,0.0
2000-12-01 00:00:00-05:00,22.413212828840944,22.7718242341024,21.7856428696334,21.920122146606445,1137100,0.0,0.0
2000-12-04 00:00:00-05:00,21.92011769480725,22.099423361022442,21.516679945823068,21.606332778930664,916900,0.0,0.0
2000-12-05 00:00:00-05:00,21.78563916731854,22.054597675557037,21.60633349515954,21.96494483947754,2917500,0.0,0.0
2000-12-06 00:00:00-05:00,21.964955263535973,23.44422776087615,21.920128824222633,22.547698974609375,1343300,0.0,0.0
2000-12-07 00:00:00-05:00,22.50285846006523,23.354560274290808,22.50285846006523,23.085601806640625,1454700,0.0,0.0
2000-12-08 00:00:00-05:00,23.264910733924722,24.20626550350549,23.0407786459293,23.75800132751465,1161600,0.0,0.0
2000-12-11 00:00:00-05:00,23.75799913786394,23.847651964799276,23.444214243590263,23.623519897460938,729300,0.0,0.0
2000-12-12 00:00:00-05:00,23.623525028962355,23.758004298576942,23.30974006652832,23.30974006652832,772100,0.0,0.0
2000-12-13 00:00:00-05:00,23.578691834094478,23.578691834094478,22.726990037805894,22.861469268798828,814900,0.0,0.0
2000-12-14 00:00:00-05:00,22.726992919921877,22.816645751953125,21.875291015625002,22.4132080078125,2278200,0.0,0.0
2000-12-15 00:00:00-05:00,22.41321356899767,22.77182498610163,22.278734287583685,22.32356071472168,2027200,0.0,0.0
2000-12-18 00:00:00-05:00,22.502865169359293,22.906302991120715,22.502865169359293,22.682170867919922,683200,0.0,0.0
2000-12-19 00:00:00-05:00,22.86148196922805,22.86148196922805,22.368391181656463,22.458044052124023,531300,0.0,0.0
2000-12-20 00:00:00-05:00,22.458044052124023,22.81665553399427,22.323564746422683,22.458044052124023,794000,0.0,0.0
2000-12-21 00:00:00-05:00,22.861469750265474,23.264907451740747,22.547684871340262,23.085601806640625,663400,0.0,0.0
2000-12-22 00:00:00-05:00,23.04077929119731,23.578696317450945,22.95112645348837,23.13043212890625,576500,0.0,0.0
2000-12-26 00:00:00-05:00,23.08560058988374,23.444211861182904,22.95112136314655,23.399385452270508,497500,0.0,0.0
2000-12-27 00:00:00-05:00,23.668350795013044,25.057969875780856,23.623524373052792,24.96831703186035,950400,0.0,0.0
2000-12-28 00:00:00-05:00,24.833843079166137,24.833843079166137,24.430405195208564,24.744190216064453,1326800,0.0,0.0
2000-12-29 00:00:00-05:00,24.564884185791016,25.057974926746677,24.564884185791016,24.564884185791016,588500,0.0,0.0
2001-01-02 00:00:00-05:00,24.564889165498247,24.6545420456643,23.982145444418908,24.07179832458496,817700,0.0,0.0
2001-01-03 00:00:00-05:00,24.116619724930423,24.564884032085267,24.026966863499457,24.475231170654297,1298700,0.0,0.0
2001-01-04 00:00:00-05:00,24.295925217658336,25.05797453260334,24.20627235707657,24.34075164794922,2784100,0.0,0.0
2001-01-05 00:00:00-05:00,24.251094865890824,24.295921288933137,23.0407814437484,23.26491355895996,1546300,0.0,0.0
2001-01-08 00:00:00-05:00,23.489042821920144,23.98213341551007,23.444216404321057,23.75800132751465,885300,0.0,0.0
2001-01-09 00:00:00-05:00,23.713172724396273,23.892478378266944,23.5338670705256,23.623519897460938,649900,0.0,0.0
2001-01-10 00:00:00-05:00,22.951132663121413,23.713181989826616,22.951132663121413,23.444223403930664,563200,0.0,0.0
2001-01-11 00:00:00-05:00,23.444218371547546,24.206267534676243,23.444218371547546,23.80282974243164,1121000,0.0,0.0
2001-01-12 00:00:00-05:00,23.66835444662098,23.713180875497155,22.099429435954818,22.816652297973633,1030200,0.0,0.0
2001-01-16 00:00:00-05:00,22.682172386532738,23.982138788132442,22.59251953125,23.53387451171875,698800,0.0,0.0
2001-01-17 00:00:00-05:00,23.62352318498315,23.847655283512402,23.264911827336345,23.354564666748047,520800,0.0,0.0
2001-01-18 00:00:00-05:00,23.668353874873752,23.713180302667073,23.309742452527182,23.57870101928711,1006200,0.0,0.0
2001-01-19 00:00:00-05:00,23.668352127075195,23.75800497604139,23.175261457761128,23.668352127075195,890300,0.0,0.0
2001-01-22 00:00:00-05:00,23.6235287632951,24.609710229694514,23.533875902713334,24.34075164794922,786600,0.0,0.0
2001-01-23 00:00:00-05:00,24.65453199345431,24.968316946098273,24.206267775391503,24.923490524291992,819600,0.0,0.0
2001-01-24 00:00:00-05:00,24.833830374511283,25.64070572963981,24.654524740038276,25.05796241760254,817000,0.0,0.0
2001-01-25 00:00:00-05:00,25.23727582182203,25.461407933916366,24.789011597633362,25.10279655456543,767100,0.0,0.0
2001-01-26 00:00:00-05:00,24.654536581567292,25.05797445290203,24.071792989639338,24.29592514038086,1071400,0.0,0.0
2001-01-29 00:00:00-05:00,24.292320806076596,24.49314492932261,23.596616970503867,24.42142105102539,1002900,0.0,0.0
2001-01-30 00:00:00-05:00,24.27798805387251,25.447061857221584,23.740071012182682,25.181690216064453,987400,0.0,0.0
2001-01-31 00:00:00-05:00,25.002394759795894,25.45424602566859,24.708333432860357,25.210390090942383,1027200,0.0,0.0
2001-02-01 00:00:00-05:00,25.217536931291896,25.447047857266085,24.493143584183247,24.83740997314453,645000,0.0,0.0
2001-02-02 00:00:00-05:00,24.837418081878997,25.375335003243478,24.837418081878997,24.894794464111328,988900,0.0,0.0
2001-02-05 00:00:00-05:00,25.074108325314267,25.726780961114333,24.901976386195482,25.375343322753906,649300,0.0,0.0
2001-02-06 00:00:00-05:00,25.375343717261696,25.51246773544917,25.07944249151488,25.368127822875977,379600,0.22,0.0
2001-02-07 00:00:00-05:00,25.36813341821308,25.67846925428809,25.346480224065264,25.38978385925293,436900,0.0,0.0
2001-02-08 00:00:00-05:00,25.259859058218943,26.342424446428325,25.07943149351738,25.62071418762207,1373200,0.0,0.0
2001-02-09 00:00:00-05:00,25.548557141545064,26.212529592852256,25.295956771767948,26.18366050720215,685200,0.0,0.0
2001-02-12 00:00:00-05:00,26.00323110288891,26.811548928088992,25.909410710496594,26.775461196899414,726100,0.0,0.0
2001-02-13 00:00:00-05:00,26.595026639860397,26.883711895687615,26.09704746432041,26.782672882080078,903600,0.0,0.0
2001-02-14 00:00:00-05:00,26.667200046840378,27.55490351566512,26.631115077169135,27.42499542236328,1530900,0.0,0.0
2001-02-15 00:00:00-05:00,27.316737570260933,27.533252892995986,26.27025969153941,26.47233772277832,782400,0.0,0.0
2001-02-16 00:00:00-05:00,26.306334148105435,26.81153177741624,26.053733956897236,26.21251106262207,824100,0.0,0.0
2001-02-20 00:00:00-05:00,26.032105526250792,26.089843705511374,24.177309190677317,24.58868408203125,1873700,0.0,0.0
2001-02-21 00:00:00-05:00,24.538152335477918,24.538152335477918,23.816441972669743,24.12677764892578,747200,0.0,0.0
2001-02-22 00:00:00-05:00,24.307205753233667,24.44432973394626,23.239074724080986,24.336074829101562,1391600,0.0,0.0
2001-02-23 00:00:00-05:00,24.343293566387693,24.502070749109965,23.347332357405403,23.917484283447266,1013400,0.0,0.0
2001-02-26 00:00:00-05:00,23.982442366081465,24.29277813732239,23.830883804249584,24.271127700805664,1018300,0.0,0.0
2001-02-27 00:00:00-05:00,24.27111977751434,25.51245970413605,24.27111977751434,25.194908142089844,1223700,0.0,0.0
2001-02-28 00:00:00-05:00,25.223770558440894,25.389763564314226,24.364933708919427,24.733007431030273,482200,0.0,0.0
2001-03-01 00:00:00-05:00,24.899011661634606,25.18769695605578,24.46598647310985,25.057788848876953,709600,0.0,0.0
2001-03-02 00:00:00-05:00,25.368122474874475,26.49398897299611,25.25986481015965,26.176437377929688,1078400,0.0,0.0
2001-03-05 00:00:00-05:00,25.99601306019773,26.335217882974845,25.5052496901357,25.909408569335938,1317900,0.0,0.0
2001-03-06 00:00:00-05:00,26.198081984614983,26.263036018380312,25.692884250118674,26.017654418945312,539200,0.0,0.0
2001-03-07 00:00:00-05:00,26.01765439053902,26.515636233231554,26.01765439053902,26.378509521484375,530700,0.0,0.0
2001-03-08 00:00:00-05:00,26.522861404359052,26.847631686462424,26.212525662916622,26.30634880065918,502700,0.0,0.0
2001-03-09 00:00:00-05:00,26.457907623156945,26.703289310731193,26.306349074301213,26.320783615112305,671300,0.0,0.0
2001-03-12 00:00:00-05:00,26.277478116145577,26.616682918214973,25.620721698230703,25.642372131347656,730400,0.0,0.0
2001-03-13 00:00:00-05:00,25.562977921860814,25.80835953799127,25.122736944282554,25.801143646240234,1078800,0.0,0.0
2001-03-14 00:00:00-05:00,25.259864743860287,25.404207378732274,24.797970514755356,25.10108757019043,629500,0.0,0.0
2001-03-15 00:00:00-05:00,25.101092927779384,25.613509528600705,25.101092927779384,25.368127822875977,686800,0.0,0.0
2001-03-16 00:00:00-05:00,24.357727614866736,25.51968187639896,24.357727614866736,25.021699905395508,1467800,0.0,0.0
2001-03-19 00:00:00-05:00,25.007270145216253,25.396991726267434,24.46598726547657,25.000051498413086,930900,0.0,0.0
2001-03-20 00:00:00-05:00,25.072218414657417,25.25264599959762,24.935091688114728,24.942310333251953,1239400,0.0,0.0
2001-03-21 00:00:00-05:00,24.935091193295246,24.971176158945912,24.538151064925092,24.55258560180664,468100,0.0,0.0
2001-03-22 00:00:00-05:00,24.256695675650697,24.28556476274007,23.138044705460334,23.744281768798828,720000,0.0,0.0
2001-03-23 00:00:00-05:00,23.88862352132979,24.56703335417136,23.83088809585206,24.51651382446289,641100,0.0,0.0
2001-03-26 00:00:00-05:00,24.538158639415123,25.180480586832065,24.523724098077892,24.89179801940918,731900,0.0,0.0
2001-03-27 00:00:00-05:00,24.826840680422343,25.216562232617996,24.66806349979385,25.15882682800293,509500,0.0,0.0
2001-03-28 00:00:00-05:00,25.07944146476901,25.18769914787422,24.62476305007727,25.07222557067871,377500,0.0,0.0
2001-03-29 00:00:00-05:00,25.07222043841754,25.51246146859724,25.028916823418214,25.396987915039062,1734800,0.0,0.0
2001-03-30 00:00:00-05:00,25.396983016273918,25.97435342580384,25.396983016273918,25.62071418762207,1530700,0.0,0.0
2001-04-02 00:00:00-04:00,25.80114651919378,25.9815741172301,25.28873280151623,25.541330337524414,1103200,0.0,0.0
2001-04-03 00:00:00-04:00,25.25987099869812,25.25987099869812,24.790758007479315,24.913450241088867,727600,0.0,0.0
2001-04-04 00:00:00-04:00,24.733023063793926,24.97118613471753,24.285563254135255,24.56702995300293,714100,0.0,0.0
2001-04-05 00:00:00-04:00,24.747452667044175,25.339255031956444,24.60311002248112,25.245431900024414,1101800,0.0,0.0
2001-04-06 00:00:00-04:00,25.245428329147362,25.245428329147362,23.816442131622782,24.16286277770996,1100200,0.0,0.0
2001-04-09 00:00:00-04:00,24.249469179447644,24.271122364310873,23.58549690992,23.924701690673828,970800,0.0,0.0
2001-04-10 00:00:00-04:00,23.996870070420304,24.357725259449182,23.534975868960398,24.336074829101562,801300,0.0,0.0
2001-04-11 00:00:00-04:00,24.184519632766097,24.502074040872902,23.917487496673164,24.22782325744629,614600,0.0,0.0
2001-04-12 00:00:00-04:00,24.119568477706917,24.834063228906906,24.119568477706917,24.682504653930664,763700,0.0,0.0
2001-04-16 00:00:00-04:00,24.68250148032998,25.476381987937344,24.57424379606203,24.985618591308594,1548600,0.0,0.0
2001-04-17 00:00:00-04:00,24.913447008524724,25.079440094605374,24.848492952831677,25.000051498413086,613800,0.0,0.0
2001-04-18 00:00:00-04:00,25.11551530918101,25.72897065302255,24.213377526860526,25.324811935424805,1260400,0.0,0.0
2001-04-19 00:00:00-04:00,25.144394238796583,25.635157605069757,25.144394238796583,25.31760597229004,750200,0.0,0.0
2001-04-20 00:00:00-04:00,25.259869694709778,25.476382312900114,21.47088924050331,23.094738006591797,5434500,0.0,0.0
2001-04-23 00:00:00-04:00,24.3577373957653,24.3577373957653,23.275171289286842,23.491683959960938,3382200,0.0,0.0
2001-04-24 00:00:00-04:00,23.636021819572836,24.105134804257705,23.09473887713987,23.354555130004883,2247300,0.0,0.0
2001-04-25 00:00:00-04:00,23.383419565843997,23.874182889670596,23.23907692593496,23.65045166015625,1335900,0.0,0.0
2001-04-26 00:00:00-04:00,23.470020937341683,24.09069227949903,23.455586399953546,23.895830154418945,968000,0.0,0.0
2001-04-27 00:00:00-04:00,23.71541163942135,24.112351933577937,23.636023029968523,23.90305519104004,787900,0.0,0.0
2001-04-30 00:00:00-04:00,23.903051113026887,24.119563713527725,23.830881163895636,23.98965835571289,877000,0.0,0.0
2001-05-01 00:00:00-04:00,23.94243525434222,24.400212475412303,23.86977066345054,24.305749893188477,620900,0.225,0.0
2001-05-02 00:00:00-04:00,24.124080964602133,24.523726320638662,24.036886269363286,24.392932891845703,1152900,0.0,0.0
2001-05-03 00:00:00-04:00,24.21126861082022,24.21126861082022,23.404710292046566,23.571834564208984,978300,0.0,0.0
2001-05-04 00:00:00-04:00,23.397456248375647,24.080486565793223,23.361125349808628,23.9932918548584,1780200,0.0,0.0
2001-05-07 00:00:00-04:00,24.036884351590054,24.18947574905093,23.99328562151445,24.051414489746094,665000,0.0,0.0
2001-05-08 00:00:00-04:00,23.86976402533253,24.233078563141973,23.86976402533253,24.065954208374023,735200,0.0,0.0
2001-05-09 00:00:00-04:00,23.94242013365057,24.109544429349018,23.62270167938488,23.847957611083984,555400,0.0,0.0
2001-05-10 00:00:00-04:00,23.956950639989113,24.12407491892653,23.869753194733224,24.015079498291016,1904700,0.0,0.0
2001-05-11 00:00:00-04:00,23.97875596735966,23.98602103742414,23.7026361831272,23.869760513305664,697300,0.0,0.0
2001-05-14 00:00:00-04:00,23.92789431890218,23.97149305882903,23.615443612434234,23.77530288696289,841700,0.0,0.0
2001-05-15 00:00:00-04:00,23.79710281114918,23.833433711448688,23.43378826441408,23.542783737182617,1462800,0.0,0.0
2001-05-16 00:00:00-04:00,23.72443482400289,24.705382735640917,23.499178865893217,24.523725509643555,1897800,0.0,0.0
2001-05-17 00:00:00-04:00,24.81438151271379,24.81438151271379,24.13134847723176,24.46559715270996,1236500,0.0,0.0
2001-05-18 00:00:00-04:00,24.46559282233918,24.814377120608746,24.342067244431803,24.74171257019043,1963800,0.0,0.0
2001-05-21 00:00:00-04:00,24.719922416327286,25.25036132888522,24.70538950164309,24.996042251586914,684000,0.0,0.0
2001-05-22 00:00:00-04:00,24.77804808018461,24.988771157890536,24.77804808018461,24.95244026184082,652000,0.0,0.0
2001-05-23 00:00:00-04:00,24.85071426652487,25.359355160036436,24.778049697811863,24.91611099243164,656000,0.0,0.0
2001-05-24 00:00:00-04:00,24.88704874027578,25.032375126709837,24.748990197692073,24.89431381225586,776600,0.0,0.0
2001-05-25 00:00:00-04:00,24.821651203647328,24.996043416112283,24.64725899118237,24.792585372924805,652400,0.0,0.0
2001-05-29 00:00:00-04:00,24.95970613953879,25.410218135108547,24.923375242314076,25.28668975830078,635300,0.0,0.0
2001-05-30 00:00:00-04:00,25.068701325560646,25.39568494070278,24.959705863223352,25.25035858154297,765700,0.0,0.0
2001-05-31 00:00:00-04:00,25.323019008875626,25.50467625505657,25.257622289375703,25.43201446533203,1180300,0.0,0.0
2001-06-01 00:00:00-04:00,25.373880086156706,25.649999846768328,25.08323018665911,25.221288681030273,998000,0.0,0.0
2001-06-04 00:00:00-04:00,25.105039198326182,25.468353811245144,25.097774125690833,25.41022491455078,824100,0.0,0.0
2001-06-05 00:00:00-04:00,25.468332685773778,25.824381930721678,25.388403093732315,25.72991943359375,890900,0.0,0.0
2001-06-06 00:00:00-04:00,25.68633623931119,25.715402067047158,25.39568627756117,25.650005340576172,937900,0.0,0.0
2001-06-07 00:00:00-04:00,25.504676777709875,25.606407166026372,25.41748207387968,25.49014663696289,777900,0.0,0.0
2001-06-08 00:00:00-04:00,25.3448173067097,25.606404159354753,25.206756038997405,25.475610733032227,650800,0.0,0.0
2001-06-11 00:00:00-04:00,25.50467109999781,25.74445994698743,25.46107514372264,25.613666534423828,529900,0.0,0.0
2001-06-12 00:00:00-04:00,25.577338122183214,25.722664458192355,25.286685450164928,25.686330795288086,733400,0.0,0.0
2001-06-13 00:00:00-04:00,25.577344351717983,25.9043279944103,25.50467978008081,25.751733779907227,829400,0.0,0.0
2001-06-14 00:00:00-04:00,25.68632967041272,25.69359751142302,25.410212693143517,25.43927574157715,475900,0.0,0.0
2001-06-15 00:00:00-04:00,25.359351849692,25.533741248099133,25.29395513232195,25.330286026000977,1210100,0.0,0.0
2001-06-18 00:00:00-04:00,25.22129303454838,25.453814103030293,25.148631240098954,25.28668975830078,691500,0.0,0.0
2001-06-19 00:00:00-04:00,25.541007741476406,25.577338633237282,25.25035506365067,25.40294647216797,662500,0.0,0.0
2001-06-20 00:00:00-04:00,25.402940688853864,25.555532062631727,25.279415130615234,25.279415130615234,975100,0.0,0.0
2001-06-21 00:00:00-04:00,25.25036148026627,25.722671508789066,25.25036148026627,25.722671508789062,884700,0.0,0.0
2001-06-22 00:00:00-04:00,25.432020435337034,25.83166591637542,25.432020435337034,25.584611892700195,844400,0.0,0.0
2001-06-25 00:00:00-04:00,25.584605905904212,25.613671730563485,25.279423062590652,25.32301902770996,632000,0.0,0.0
2001-06-26 00:00:00-04:00,25.075965061845345,25.359352694468853,25.075965061845345,25.32301902770996,816900,0.0,0.0
2001-06-27 00:00:00-04:00,25.068693204874876,25.42474253088525,25.068693204874876,25.293949127197266,758500,0.0,0.0
2001-06-28 00:00:00-04:00,25.795331456994884,26.529225583050025,25.439282000360098,25.50467872619629,2245700,0.0,0.0
2001-06-29 00:00:00-04:00,25.650002606375242,25.686333501237513,25.28668811401336,25.43201446533203,1504300,0.0,0.0
2001-07-02 00:00:00-04:00,25.32302606435581,25.4610873839164,25.264897170754278,25.359359741210938,1559200,0.0,0.0
2001-07-03 00:00:00-04:00,25.395679782992108,25.533738271626714,25.395679782992108,25.43927574157715,368600,0.0,0.0
2001-07-05 00:00:00-04:00,25.359341508327333,25.439268333079777,25.155883597328398,25.352073669433594,545400,0.0,0.0
2001-07-06 00:00:00-04:00,25.17041931901468,25.31574562259462,24.857968736471857,24.901567459106445,568600,0.0,0.0
2001-07-09 00:00:00-04:00,24.894309957384007,25.075967219329474,24.741718522598575,24.879779815673828,788900,0.0,0.0
2001-07-10 00:00:00-04:00,24.705389072528053,24.814384544831324,24.47286798535974,24.480133056640625,660400,0.0,0.0
2001-07-11 00:00:00-04:00,24.167676091086516,24.560056363905286,24.167676091086516,24.40019989013672,697700,0.0,0.0
2001-07-12 00:00:00-04:00,24.560059398187946,25.141362037957496,24.35660416723601,24.887042999267578,1081000,0.0,0.0
2001-07-13 00:00:00-04:00,24.872509814470376,25.439279535556647,24.80711309497045,25.43201446533203,814100,0.0,0.0
2001-07-16 00:00:00-04:00,25.43201446533203,26.085981660331267,25.35208483351328,25.43201446533203,1214200,0.0,0.0
2001-07-17 00:00:00-04:00,25.43201498649632,25.599139323783223,25.2939564744427,25.49014663696289,1324200,0.0,0.0
2001-07-18 00:00:00-04:00,25.432013096435504,25.54100854702515,25.29395459464214,25.381149291992188,571900,0.0,0.0
2001-07-19 00:00:00-04:00,25.43201583752529,25.50467763117032,25.17769678789794,25.25035858154297,866400,0.0,0.0
2001-07-20 00:00:00-04:00,25.14136748680216,25.46108608686969,25.075970752412914,25.206764221191406,745700,0.0,0.0
2001-07-23 00:00:00-04:00,25.17769568631849,25.504676515284743,25.17042784415012,25.228559494018555,765400,0.0,0.0
2001-07-24 00:00:00-04:00,25.068698903585325,25.46107920384664,24.908839646767127,25.41748046875,801300,0.0,0.0
2001-07-25 00:00:00-04:00,25.359352675607497,25.468345360194302,25.315753938651014,25.43201446533203,1235000,0.0,0.0
2001-07-26 00:00:00-04:00,25.28668811401336,25.497411184831957,25.28668811401336,25.43201446533203,843800,0.0,0.0
2001-07-27 00:00:00-04:00,25.432013920858637,25.468344814943098,25.344819220682023,25.36661720275879,1040500,0.0,0.0
2001-07-30 00:00:00-04:00,25.33028931457256,25.46108276629327,25.228561690316425,25.388418197631836,530500,0.0,0.0
2001-07-31 00:00:00-04:00,25.450591085962778,26.1307364306685,25.450591085962778,25.925962448120117,1114100,0.225,0.0
2001-08-01 00:00:00-04:00,25.999085893227086,26.072221424937517,25.772372719512937,25.874759674072266,1102500,0.0,0.0
2001-08-02 00:00:00-04:00,26.328191036630656,27.20579796248545,26.152668535525496,26.25505828857422,2457200,0.0,0.0
2001-08-03 00:00:00-04:00,26.181922912597656,26.386699630125985,25.962521877236007,26.181922912597656,1308600,0.0,0.0
2001-08-06 00:00:00-04:00,26.328191199450597,26.986397095371075,26.145356538343304,26.181922912597656,1003500,0.0,0.0
2001-08-07 00:00:00-04:00,26.328176064303168,27.066826443024745,26.328176064303168,26.730411529541016,1198100,0.0,0.0
2001-08-08 00:00:00-04:00,26.876691158949964,28.11996722631059,26.73042289399546,27.783552169799805,2217400,0.0,0.0
2001-08-09 00:00:00-04:00,27.69578882842458,28.141905769697654,27.68847667078971,28.119966506958008,972300,0.0,0.0
2001-08-10 00:00:00-04:00,27.97370084484731,28.705039429026325,27.97370084484731,28.37593650817871,1213100,0.0,0.0
2001-08-13 00:00:00-04:00,28.375934572094557,28.449070099423615,28.229666307271547,28.332056045532227,740400,0.0,0.0
2001-08-14 00:00:00-04:00,28.39786659054406,28.74159368310839,28.39786659054406,28.595325469970703,1246900,0.0,0.0
2001-08-15 00:00:00-04:00,28.52218556023287,28.65382663985139,28.01024833836457,28.076068878173828,724300,0.0,0.0
2001-08-16 00:00:00-04:00,28.229674583274868,28.339376511511865,27.827438829465756,28.15654182434082,796300,0.0,0.0
2001-08-17 00:00:00-04:00,28.156550106355805,28.156550106355805,27.798192786564925,27.915206909179688,308300,0.0,0.0
2001-08-20 00:00:00-04:00,27.864005909433736,28.288183733455632,27.864005909433736,28.22967529296875,450900,0.0,0.0
2001-08-21 00:00:00-04:00,28.229649207784295,28.397859423833946,28.032190378189934,28.076068878173828,621400,0.0,0.0
2001-08-22 00:00:00-04:00,28.068781609643256,28.33937616216667,27.76161788826769,28.14191436767578,782800,0.0,0.0
2001-08-23 00:00:00-04:00,28.083413214050687,28.30281431309995,27.98833838152268,28.171173095703125,285100,0.0,0.0
2001-08-24 00:00:00-04:00,28.098033038954732,28.25161629456046,27.80549921698874,28.14191436767578,636100,0.0,0.0
2001-08-27 00:00:00-04:00,28.046825793342226,28.149215510135654,27.681156602869265,27.71772575378418,702000,0.0,0.0
2001-08-28 00:00:00-04:00,27.454452349811476,27.92982077692682,27.43982524269225,27.754301071166992,682400,0.0,0.0
2001-08-29 00:00:00-04:00,27.863999756605537,27.93713529106461,27.425197709192606,27.491018295288086,452000,0.0,0.0
2001-08-30 00:00:00-04:00,27.491019573757132,27.68116639252274,26.971769809209214,27.09609603881836,641900,0.0,0.0
2001-08-31 00:00:00-04:00,27.015634905154357,27.373991887842507,27.015634905154357,27.169218063354492,402200,0.0,0.0
2001-09-04 00:00:00-04:00,27.315482988602255,27.644585764696007,26.986383002342574,27.088769912719727,292400,0.0,0.0
2001-09-05 00:00:00-04:00,26.949828852469466,27.681167521896977,26.803563350452464,27.388633728027344,684500,0.0,0.0
2001-09-06 00:00:00-04:00,27.27892806301992,27.425196334772423,26.81087182528011,26.840126037597656,715200,0.0,0.0
2001-09-07 00:00:00-04:00,26.767000966871173,27.242372338374658,26.189245391916824,26.569541931152344,551200,0.0,0.0
2001-09-10 00:00:00-04:00,26.38670126116456,26.884009003467753,26.196551639551377,26.847442626953125,580900,0.0,0.0
2001-09-17 00:00:00-04:00,24.8655036663187,27.84205049965892,24.792370947939748,26.511014938354492,5344800,0.0,0.0
2001-09-18 00:00:00-04:00,26.32818687089074,27.491015235948485,26.32818687089074,26.832809448242188,2352000,0.0,0.0
2001-09-19 00:00:00-04:00,26.832815413614107,27.600723266601566,26.832815413614107,27.600723266601562,1927400,0.0,0.0
2001-09-20 00:00:00-04:00,27.60072256956445,27.783557236642064,27.103412051926487,27.571468353271484,1984700,0.0,0.0
2001-09-21 00:00:00-04:00,26.766987428519393,27.315491292135242,26.29161908728661,26.54758644104004,4088100,0.0,0.0
2001-09-24 00:00:00-04:00,27.242354690235523,27.71772575378418,26.905939704560684,27.71772575378418,2070100,0.0,0.0
2001-09-25 00:00:00-04:00,27.717734698286645,27.9005693525238,27.42519813557303,27.754301071166992,1432200,0.0,0.0
2001-09-26 00:00:00-04:00,27.7542972377694,28.66847038269043,27.425194347630825,28.66847038269043,1100200,0.0,0.0
2001-09-27 00:00:00-04:00,28.522211647279132,29.64115905761719,28.522211647279132,29.641159057617188,1810900,0.0,0.0
2001-09-28 00:00:00-04:00,29.641152233015635,30.71622085571289,29.45100542667448,30.71622085571289,1966300,0.0,0.0
2001-10-01 00:00:00-04:00,30.350556676591875,30.569957733154293,29.984887319042574,30.569957733154297,1811900,0.0,0.0
2001-10-02 00:00:00-04:00,30.262786094479516,31.081884384155273,30.262786094479516,31.081884384155273,1570400,0.0,0.0
2001-10-03 00:00:00-04:00,30.71623136211374,32.727413177490234,30.67966497798324,32.727413177490234,2754300,0.0,0.0
2001-10-04 00:00:00-04:00,32.690821892302246,32.76395460485703,31.87172379438521,31.87903594970703,1861700,0.0,0.0
2001-10-05 00:00:00-04:00,31.69621383771354,31.703525995909636,30.972187423548764,31.557260513305664,1113700,0.0,0.0
2001-10-08 00:00:00-04:00,30.460246894831773,31.48411902862498,29.984875796754217,31.103822708129883,1328700,0.0,0.0
2001-10-09 00:00:00-04:00,30.75277647175771,31.44754844894547,30.672328808421796,31.089191436767578,995500,0.0,0.0
2001-10-10 00:00:00-04:00,30.95753943153351,31.68887744458368,30.796644175915876,31.447534561157227,923300,0.0,0.0
2001-10-11 00:00:00-04:00,31.19158899446621,31.813225620542795,31.19158899446621,31.542631149291992,743700,0.0,0.0
2001-10-12 00:00:00-04:00,31.359793778626173,31.367105935659836,30.204277678870987,31.081884384155273,887300,0.0,0.0
2001-10-15 00:00:00-04:00,30.972194559591113,31.118462865730788,30.65040651795255,30.86249542236328,684600,0.0,0.0
2001-10-16 00:00:00-04:00,30.86248765281325,31.2866625650139,30.67965301362577,31.162336349487305,868200,0.0,0.0
2001-10-17 00:00:00-04:00,31.169654477522027,31.26472928926326,30.518763483721607,30.679658889770508,699800,0.0,0.0
2001-10-18 00:00:00-04:00,30.49682945646784,30.5333958396259,29.853250511508413,30.101905822753906,575000,0.0,0.0
2001-10-19 00:00:00-04:00,29.948297259498272,30.08725050114819,29.23889837406567,29.699642181396484,1079100,0.0,0.0
2001-10-22 00:00:00-04:00,29.312046462504952,29.802041885676356,29.21697168269752,29.736221313476562,1440900,0.0,0.0
2001-10-23 00:00:00-04:00,29.61921628816394,29.72891820516547,29.107278658549536,29.1804141998291,1239300,0.0,0.0
2001-10-24 00:00:00-04:00,29.18041436554745,29.22429290072874,28.880565619187458,29.10727882385254,1173800,0.0,0.0
2001-10-25 00:00:00-04:00,28.975631328261557,29.099960327148438,28.653843384390594,29.099960327148438,1094100,0.0,0.0
2001-10-26 00:00:00-04:00,29.09996854158039,30.16772241067646,29.02683299516816,29.970260620117188,1206100,0.0,0.0
2001-10-29 00:00:00-05:00,29.970244295278132,30.11651251859423,29.29009942821744,29.926362991333008,685300,0.0,0.0
2001-10-30 00:00:00-05:00,29.760911577825674,29.76826416379308,29.15789853914498,29.437341690063477,858400,0.225,0.0
2001-10-31 00:00:00-05:00,29.157895760248103,29.157895760248103,27.62829994090284,27.97393035888672,2059700,0.0,0.0
2001-11-01 00:00:00-05:00,28.121020091634538,28.481355843912503,27.841574035089817,28.45929527282715,1686300,0.0,0.0
2001-11-02 00:00:00-05:00,28.42253383536303,28.643148017233816,28.268101383318108,28.312225341796875,1311600,0.0,0.0
2001-11-05 00:00:00-05:00,28.49605160186326,29.04758808447997,28.49605160186326,28.98875617980957,700400,0.0,0.0
2001-11-06 00:00:00-05:00,29.01082687805588,29.657963966671062,28.900518431552495,29.532947540283203,872300,0.0,0.0
2001-11-07 00:00:00-05:00,27.576826621853787,27.87098056125751,26.10606253535492,26.43698501586914,6062800,0.0,0.0
2001-11-08 00:00:00-05:00,26.03252874275623,26.091357854915046,23.89991942573996,25.002992630004883,6843900,0.0,0.0
2001-11-09 00:00:00-05:00,24.85591211498538,25.738371114239854,24.657358629758637,25.378032684326172,1504700,0.0,0.0
2001-11-12 00:00:00-05:00,25.0029887382626,25.33391120908568,24.488220762011117,25.105941772460938,1109300,0.0,0.0
2001-11-13 00:00:00-05:00,25.289780363187596,25.8486721178239,25.245659249314585,25.620702743530273,1225600,0.0,0.0
2001-11-14 00:00:00-05:00,25.701606351327207,25.7677908561306,25.422160352683967,25.532468795776367,895800,0.0,0.0
2001-11-15 00:00:00-05:00,25.775148264053932,25.7898562462345,25.4148125190427,25.66484260559082,1015600,0.0,0.0
2001-11-16 00:00:00-05:00,25.84868465125026,25.995758842485174,25.598654598786368,25.753084182739258,720400,0.0,0.0
2001-11-19 00:00:00-05:00,26.106061948762907,26.466400376172825,25.900155878962845,26.289907455444336,1114600,0.0,0.0
2001-11-20 00:00:00-05:00,26.289913250743258,26.613480403935576,26.209020761130073,26.370805740356445,806300,0.0,0.0
2001-11-21 00:00:00-05:00,26.370790239966386,26.436974710269357,25.99574397316331,26.20900535583496,514700,0.0,0.0
2001-11-23 00:00:00-05:00,26.25314532469831,26.54729652404785,26.179605420915554,26.54729652404785,185400,0.0,0.0
2001-11-26 00:00:00-05:00,26.584073313607746,26.664963016415708,26.297271838109992,26.459056854248047,603200,0.0,0.0
2001-11-27 00:00:00-05:00,26.45904616229506,26.53993863767589,26.0031100709103,26.400217056274414,668500,0.0,0.0
2001-11-28 00:00:00-05:00,26.473756214200584,26.731138833067916,26.223726182189395,26.326679229736328,1147300,0.0,0.0
2001-11-29 00:00:00-05:00,26.32667716717369,26.43698559819481,26.142831652311777,26.400217056274414,784000,0.0,0.0
2001-11-30 00:00:00-05:00,26.510521763922323,26.731135813064316,26.28990771478033,26.348739624023438,950700,0.0,0.0
2001-12-03 00:00:00-05:00,26.341389788047778,26.341389788047778,25.52511510933899,25.73837661743164,1016800,0.0,0.0
2001-12-04 00:00:00-05:00,25.811913904071204,26.282560864955858,25.5177627094363,26.164899826049805,879000,0.0,0.0
2001-12-05 00:00:00-05:00,26.21637598143122,26.466406036199032,26.06929898358067,26.392866134643555,492200,0.0,0.0
2001-12-06 00:00:00-05:00,26.209010624553564,26.672302009808416,25.958980664841665,26.039873123168945,819100,0.0,0.0
2001-12-07 00:00:00-05:00,26.179605001310172,26.209020962351797,25.885453806675265,26.164899826049805,450800,0.0,0.0
2001-12-10 00:00:00-05:00,26.120776991720923,26.16490093515373,25.90016288507802,25.95899200439453,447900,0.0,0.0
2001-12-11 00:00:00-05:00,25.885438023077846,25.90749857777746,25.657468671899814,25.731008529663086,831500,0.0,0.0
2001-12-12 00:00:00-05:00,25.73837054379648,25.73837054379648,25.039757067984336,25.466279983520508,929400,0.0,0.0
2001-12-13 00:00:00-05:00,25.466284133114076,25.532468637507208,25.245670053557042,25.370683670043945,474700,0.0,0.0
2001-12-14 00:00:00-05:00,25.42216123263672,25.885452782296664,25.260376258570638,25.767791748046875,854600,0.0,0.0
2001-12-17 00:00:00-05:00,25.81189059797505,25.99573598059669,25.775122082502307,25.863367080688477,1561900,0.0,0.0
2001-12-18 00:00:00-05:00,25.775148264053932,26.069302297143757,25.0029974337691,25.66484260559082,1393800,0.0,0.0
2001-12-19 00:00:00-05:00,25.811903634597584,25.907504067317237,25.664829498424982,25.672182083129883,1294600,0.0,0.0
2001-12-20 00:00:00-05:00,25.554534141866945,25.87074874559724,25.554534141866945,25.66484260559082,951300,0.0,0.0
2001-12-21 00:00:00-05:00,26.06929288201712,26.06929288201712,24.966219864204774,25.017696380615234,2295300,0.0,0.0
2001-12-24 00:00:00-05:00,25.03976073968457,25.59129733221181,25.032408152765353,25.385391235351562,405000,0.0,0.0
2001-12-26 00:00:00-05:00,25.66483856214982,25.804560162961224,25.326560635813266,25.422161102294922,700100,0.0,0.0
2001-12-27 00:00:00-05:00,25.480986489796443,25.848677476343234,25.311846167356467,25.63541603088379,2039500,0.0,0.0
2001-12-28 00:00:00-05:00,25.91486920945758,26.098714754116653,25.591299255490963,26.017822265625,752400,0.0,0.0
2001-12-31 00:00:00-05:00,26.14282242765394,26.186946345544975,25.914855865030948,26.12076187133789,2073900,0.0,0.0
2002-01-02 00:00:00-05:00,26.27519562544197,26.27519562544197,25.767783111298677,26.10605812072754,1507800,0.0,0.0
2002-01-03 00:00:00-05:00,26.047225239845886,26.25313407695873,25.958980198374263,26.157533645629883,1708000,0.0,0.0
2002-01-04 00:00:00-05:00,26.253139576188577,26.385508568752915,25.958985635987858,26.15018653869629,638400,0.0,0.0
2002-01-07 00:00:00-05:00,26.223727982040714,26.282559901968373,25.723667883696983,25.848684310913086,835900,0.0,0.0
2002-01-08 00:00:00-05:00,25.922221001129852,25.95898954788081,25.333915837333574,25.628067016601562,911600,0.0,0.0
2002-01-09 00:00:00-05:00,25.81190705650651,26.253137939296696,25.370678978976027,25.686893463134766,1065600,0.0,0.0
2002-01-10 00:00:00-05:00,25.73836716128067,26.201658555656355,25.66483009149506,26.10605812072754,339800,0.0,0.0
2002-01-11 00:00:00-05:00,25.922216674793457,26.356092186667063,25.826616224988133,25.981048583984375,635600,0.0,0.0
2002-01-14 00:00:00-05:00,25.92222216469901,26.0325306151636,25.591299618565664,25.73837661743164,667300,0.0,0.0
2002-01-15 00:00:00-05:00,25.833978333721863,26.642897658616608,25.73837785905812,26.591421127319336,1305700,0.0,0.0
2002-01-16 00:00:00-05:00,26.216374466031272,26.495817660008058,25.7457275390625,25.7457275390625,966600,0.0,0.0
2002-01-17 00:00:00-05:00,26.47375395708891,26.47375395708891,25.99575449964862,26.05458641052246,721600,0.0,0.0
2002-01-18 00:00:00-05:00,25.981044292742816,26.03252080215267,25.70895096556573,25.760427474975586,1069100,0.0,0.0
2002-01-22 00:00:00-05:00,25.81925995153279,25.91486038768472,25.591290543865703,25.72365951538086,1111800,0.0,0.0
2002-01-23 00:00:00-05:00,25.657489374819697,25.67219735824016,25.025060114044752,25.14272117614746,1345600,0.0,0.0
2002-01-24 00:00:00-05:00,25.15005925562421,25.186827786231127,24.877968762822135,24.929445266723633,1556400,0.0,0.0
2002-01-25 00:00:00-05:00,24.855912169213788,25.03240509155367,24.68677463815381,24.90738868713379,1197200,0.0,0.0
2002-01-28 00:00:00-05:00,24.907384173844658,24.914739563791745,24.576461757708863,24.730894088745117,921500,0.0,0.0
2002-01-29 00:00:00-05:00,24.730898614623126,24.767667155309415,24.194070065875785,24.252899169921875,1155800,0.0,0.0
2002-01-30 00:00:00-05:00,24.12052581406397,24.524985298936304,23.936680338643882,24.289663314819336,764100,0.0,0.0
2002-01-31 00:00:00-05:00,24.34115083630754,24.48822784423828,23.973459719110988,24.48822784423828,1347200,0.0,0.0
2002-02-01 00:00:00-05:00,24.414678165174,24.5396917340924,24.120524300851997,24.429386138916016,547100,0.0,0.0
2002-02-04 00:00:00-05:00,24.38527226658052,24.41468822618653,23.98081264040897,24.12788963317871,478100,0.0,0.0
2002-02-05 00:00:00-05:00,24.046992397928804,24.105821500262543,23.53222442752475,23.841083526611328,943000,0.0,0.0
2002-02-06 00:00:00-05:00,23.84109197376046,23.936692454842262,23.35574118781815,23.598417282104492,770100,0.0,0.0
2002-02-07 00:00:00-05:00,23.598410976833986,23.81902503901,23.45133400029664,23.63517951965332,663600,0.0,0.0
2002-02-08 00:00:00-05:00,23.55001658015668,24.349829839217893,23.55001658015668,24.246150970458984,1173600,0.225,0.0
2002-02-11 00:00:00-05:00,24.24614716545039,24.51274871826172,23.809212840651846,24.51274871826172,823800,0.0,0.0
2002-02-12 00:00:00-05:00,24.25354549388169,25.48288539675333,24.25354549388169,25.20146942138672,2990300,0.0,0.0
2002-02-13 00:00:00-05:00,25.105203736661405,25.653221326585296,25.105203736661405,25.36440086364746,1084700,0.0,0.0
2002-02-14 00:00:00-05:00,25.438468005071986,25.971676995758493,25.164459084875016,25.697668075561523,1184300,0.0,0.0
2002-02-15 00:00:00-05:00,26.09757481857641,26.09757481857641,25.593989177380948,25.697668075561523,764800,0.0,0.0
2002-02-19 00:00:00-05:00,25.660640301216763,25.979084245650306,25.364412456382457,25.697668075561523,1255800,0.0,0.0
2002-02-20 00:00:00-05:00,25.882799360034912,25.912422697608907,25.37921392142484,25.860580444335938,453800,0.0,0.0
2002-02-21 00:00:00-05:00,25.882794647084115,25.919822399790814,25.171851624984313,25.216283798217773,541500,0.0,0.0
2002-02-22 00:00:00-05:00,25.216291511823847,25.364405392994783,24.808980457381757,25.297754287719727,504700,0.0,0.0
2002-02-25 00:00:00-05:00,25.21628238755748,25.84576544850231,25.031140809344816,25.719867706298828,563500,0.0,0.0
2002-02-26 00:00:00-05:00,25.838375983396634,25.88281100975761,25.579178725553202,25.845783233642578,767600,0.0,0.0
2002-02-27 00:00:00-05:00,25.84576067627253,25.919816163869278,25.59396806339351,25.905004501342773,896400,0.0,0.0
2002-02-28 00:00:00-05:00,25.905013928932288,26.067939450981402,25.631005135061613,25.645816802978516,764600,0.0,0.0
2002-03-01 00:00:00-05:00,25.73468178144932,25.919823376999318,25.64581460659556,25.764305114746094,733200,0.0,0.0
2002-03-04 00:00:00-05:00,26.216053323219285,26.512278206651494,25.949448950604538,26.364164352416992,848500,0.0,0.0
2002-03-05 00:00:00-05:00,26.327131784158215,26.393782865132238,25.84576537715586,25.912416458129883,905600,0.0,0.0
2002-03-06 00:00:00-05:00,26.10495975325899,26.23826190140617,25.771704382891038,25.986469268798828,891100,0.0,0.0
2002-03-07 00:00:00-05:00,26.07534397626933,26.07534397626933,25.32737310622614,25.36440086364746,1009400,0.0,0.0
2002-03-08 00:00:00-05:00,25.549548143185437,25.660634265127303,25.21629260239727,25.371810913085938,968400,0.0,0.0
2002-03-11 00:00:00-05:00,25.371818094240222,25.845783233642578,25.36441366903251,25.845783233642578,947900,0.0,0.0
2002-03-12 00:00:00-05:00,25.712469216894938,25.80874082574492,25.38661815605826,25.519920349121094,831300,0.0,0.0
2002-03-13 00:00:00-05:00,25.62360772271136,25.77172163368845,25.201484912701265,25.357006072998047,777100,0.0,0.0
2002-03-14 00:00:00-05:00,25.542144775390625,25.61620030971998,25.290352003618256,25.542144775390625,631000,0.0,0.0
2002-03-15 00:00:00-05:00,25.364414326129932,25.719886071111972,25.186677041119758,25.527339935302734,809100,0.0,0.0
2002-03-18 00:00:00-05:00,25.6532222367387,25.756901091211553,25.401429522288804,25.638410568237305,475200,0.0,0.0
2002-03-19 00:00:00-05:00,25.638404388153944,26.053122531115335,25.638404388153944,25.86798095703125,480000,0.0,0.0
2002-03-20 00:00:00-05:00,25.867981140560698,26.016094965886055,25.616188485018462,25.756895065307617,531900,0.0,0.0
2002-03-21 00:00:00-05:00,25.62361092687594,25.98648991289498,25.62361092687594,25.845783233642578,488900,0.0,0.0
2002-03-22 00:00:00-05:00,25.77171486210241,26.030914844466317,25.61619656770635,25.71247100830078,403500,0.0,0.0
2002-03-25 00:00:00-05:00,25.756909960086954,25.823561078774752,25.290354954310246,25.357006072998047,325500,0.0,0.0
2002-03-26 00:00:00-05:00,25.305166967217875,26.216066644869333,25.305166967217875,25.845783233642578,807800,0.0,0.0
2002-03-27 00:00:00-05:00,25.8827933337552,26.14199041458651,25.71986784006906,25.89019775390625,1179500,0.0,0.0
2002-03-28 00:00:00-05:00,25.890210791368737,26.10497580936977,25.78653190682692,25.91983413696289,532000,0.0,0.0
2002-04-01 00:00:00-05:00,25.77171432963206,26.179025350603144,25.549544938651206,26.030914306640625,688700,0.0,0.0
2002-04-02 00:00:00-05:00,25.860571277117295,26.490054264755262,25.860571277117295,26.10495948791504,591900,0.0,0.0
2002-04-03 00:00:00-05:00,26.104965350099476,26.764068987784075,26.03090984082305,26.638174057006836,1496400,0.0,0.0
2002-04-04 00:00:00-05:00,26.638174417794435,28.097088310563016,26.638174417794435,27.512042999267578,2133800,0.0,0.0
2002-04-05 00:00:00-05:00,27.697186719963394,28.10449770774939,27.549072863031164,27.763837814331055,670500,0.0,0.0
2002-04-08 00:00:00-04:00,27.58610329519543,28.252614303483455,27.54907553363212,28.04525375366211,930100,0.0,0.0
2002-04-09 00:00:00-04:00,27.919354901199984,28.07487317307447,27.860108230941094,27.963787078857422,1053900,0.0,0.0
2002-04-10 00:00:00-04:00,27.96378817731045,28.51180859858518,27.96378817731045,28.31185531616211,666400,0.0,0.0
2002-04-11 00:00:00-04:00,28.311858971891745,28.311858971891745,27.919359602956355,27.97119903564453,584700,0.0,0.0
2002-04-12 00:00:00-04:00,27.98601308607805,28.141531397370322,27.88973863502393,28.104503631591797,400800,0.0,0.0
2002-04-15 00:00:00-04:00,28.104512331870204,28.215595663593707,27.88974726881779,28.17856788635254,1417600,0.0,0.0
2002-04-16 00:00:00-04:00,28.363699525270142,29.304219423403932,28.363699525270142,29.11167335510254,1525500,0.0,0.0
2002-04-17 00:00:00-04:00,29.215367521220937,29.348669801777106,29.08206524066477,29.282018661499023,814900,0.0,0.0
2002-04-18 00:00:00-04:00,29.14129387135384,29.289407752759622,28.845068933579597,29.11167335510254,881400,0.0,0.0
2002-04-19 00:00:00-04:00,27.400963628376772,27.674972473650087,26.84553868996373,27.415775299072266,5601600,0.0,0.0
2002-04-22 00:00:00-04:00,27.17879104363007,27.51204653276227,27.104732698802362,27.356525421142578,1559000,0.0,0.0
2002-04-23 00:00:00-04:00,27.178786836290726,27.423172273798244,27.02326857378262,27.2158145904541,1293900,0.0,0.0
2002-04-24 00:00:00-04:00,27.223217733166216,28.134116828031352,27.223217733166216,27.430578231811523,1511500,0.0,0.0
2002-04-25 00:00:00-04:00,27.252863694405047,27.46022436523129,26.95663860399991,27.01588249206543,906400,0.0,0.0
2002-04-26 00:00:00-04:00,27.023266324442957,27.030670744644684,26.56411317091873,26.882556915283203,834600,0.0,0.0
2002-04-29 00:00:00-04:00,26.4678460279069,26.87515700827419,26.149402230065597,26.364164352416992,720400,0.0,0.0
2002-04-30 00:00:00-04:00,26.271013425108137,26.829971157557246,26.271013425108137,26.628746032714844,1244900,0.225,0.0
2002-05-01 00:00:00-04:00,26.64364639611257,26.688364028930664,25.801482790907205,26.688364028930664,1074400,0.0,0.0
2002-05-02 00:00:00-04:00,26.58402522635511,26.867231239794496,26.45732952005673,26.680912017822266,723000,0.0,0.0
2002-05-03 00:00:00-04:00,26.680909574376074,26.680909574376074,26.15921523202962,26.516950607299805,530200,0.0,0.0
2002-05-06 00:00:00-04:00,26.516946898747126,26.6361910594917,26.226286591614993,26.27845573425293,464600,0.0,0.0
2002-05-07 00:00:00-04:00,26.3082717727862,26.382801162276156,25.89837008111073,25.987802505493164,631000,0.0,0.0
2002-05-08 00:00:00-04:00,26.174117547143563,26.45732349610099,26.06977926147637,26.16666603088379,971300,0.0,0.0
2002-05-09 00:00:00-04:00,26.15921150926522,26.263552637289894,25.957989298444524,26.1219482421875,520100,0.0,0.0
2002-05-10 00:00:00-04:00,26.129401637238924,26.129401637238924,25.637519138150232,25.712045669555664,463400,0.0,0.0
2002-05-13 00:00:00-04:00,25.71949596185756,25.935626872857533,25.600251811479094,25.90581512451172,480000,0.0,0.0
2002-05-14 00:00:00-04:00,26.121952563569575,26.151764319365558,25.704599354447865,25.987802505493164,1003000,0.0,0.0
2002-05-15 00:00:00-04:00,25.801482764430503,26.07723723535095,25.674787069417423,25.823843002319336,582700,0.0,0.0
2002-05-16 00:00:00-04:00,26.010155958158904,26.740526726583944,25.86110006107109,26.62128257751465,736700,0.0,0.0
2002-05-17 00:00:00-04:00,26.54675859920466,27.01628377534175,26.352987883738354,26.53185272216797,577700,0.0,0.0
2002-05-20 00:00:00-04:00,26.531849015160745,26.531849015160745,25.82383843437525,25.883459091186523,472000,0.0,0.0
2002-05-21 00:00:00-04:00,26.136853153177494,26.30826644981394,25.510820623155073,25.712045669555664,531900,0.0,0.0
2002-05-22 00:00:00-04:00,25.74931887088991,25.74931887088991,25.22762442073606,25.533187866210938,663200,0.0,0.0
2002-05-23 00:00:00-04:00,25.53318738663706,25.861111068406256,25.488472588581974,25.68224334716797,359200,0.0,0.0
2002-05-24 00:00:00-04:00,25.82384594811281,26.144315245356783,25.555545806884766,25.555545806884766,338600,0.0,0.0
2002-05-28 00:00:00-04:00,25.488461255691686,25.518273003143918,25.13818033063975,25.160537719726562,1084500,0.0,0.0
2002-05-29 00:00:00-04:00,25.30214264840238,25.823836868133263,25.24251915220238,25.57789421081543,530600,0.0,0.0
2002-05-30 00:00:00-04:00,25.413940162778513,25.577901984153097,24.668663291811335,25.041301727294922,959700,0.0,0.0
2002-05-31 00:00:00-04:00,24.631388772543982,24.93695203642954,24.631388772543982,24.914594650268555,1461100,0.0,0.0
2002-06-03 00:00:00-04:00,24.892239549410196,25.264877848994153,24.087339457666637,24.102245330810547,805600,0.0,0.0
2002-06-04 00:00:00-04:00,24.10225162712772,24.19913840637092,22.984336436338875,23.56565284729004,1448600,0.0,0.0
2002-06-05 00:00:00-04:00,23.6998029391777,24.214045778209645,23.550748424105905,24.146970748901367,474800,0.0,0.0
2002-06-06 00:00:00-04:00,24.027716126294937,24.027716126294937,23.36441906044637,23.513473510742188,689000,0.0,0.0
2002-06-07 00:00:00-04:00,23.51347214540667,23.841394191419745,23.312248578116478,23.655075073242188,429900,0.0,0.0
2002-06-10 00:00:00-04:00,23.65508786013718,23.893577654383225,23.535843673765573,23.77433204650879,767800,0.0,0.0
2002-06-11 00:00:00-04:00,23.83395077769769,23.83395077769769,22.78311064508925,22.790563583374023,942600,0.0,0.0
2002-06-12 00:00:00-04:00,22.880000636041938,23.32716562393624,22.745850571072516,23.185564041137695,1240200,0.0,0.0
2002-06-13 00:00:00-04:00,23.103580298291412,23.103580298291412,22.13472104793187,22.209247589111328,638300,0.0,0.0
2002-06-14 00:00:00-04:00,22.201801312890893,22.52226921151535,21.493787632539412,22.358308792114258,1218400,0.0,0.0
2002-06-17 00:00:00-04:00,22.358302524176125,22.85763800407616,21.98566414877319,22.060192108154297,2106300,0.0,0.0
2002-06-18 00:00:00-04:00,22.11981780008313,23.103583044202257,22.104911921474578,22.723491668701172,917900,0.0,0.0
2002-06-19 00:00:00-04:00,22.68622458453593,23.364426310819955,22.522262790377646,22.99924087524414,1096800,0.0,0.0
2002-06-20 00:00:00-04:00,23.178106199875458,23.438953335315873,22.820373716615613,23.14829444885254,1074400,0.0,0.0
2002-06-21 00:00:00-04:00,22.805469669809685,23.34206843772777,22.730941707778737,22.991788864135742,1421500,0.0,0.0
2002-06-24 00:00:00-04:00,22.999240550408636,23.260086271062537,22.544621286121725,23.043956756591797,549400,0.0,0.0
2002-06-25 00:00:00-04:00,23.23027276778988,23.304800715583873,22.43282699584961,22.43282699584961,548100,0.0,0.0
2002-06-26 00:00:00-04:00,22.43283130666298,22.90235505143731,21.955853202024173,22.298681259155273,883700,0.0,0.0
2002-06-27 00:00:00-04:00,22.313596733255473,22.388124727426646,20.867758763746416,21.836618423461914,1958400,0.0,0.0
2002-06-28 00:00:00-04:00,21.72481905134947,22.41792672243157,21.72481905134947,21.970760345458984,1098600,0.0,0.0
2002-07-01 00:00:00-04:00,21.970758162720372,22.231605308498448,21.538497706274814,21.613025665283203,647500,0.0,0.0
2002-07-02 00:00:00-04:00,21.53851112710245,21.53851112710245,20.793233915635213,20.80813980102539,999400,0.0,0.0
2002-07-03 00:00:00-04:00,20.621814538050398,20.890114711515707,20.308798142841887,20.867755889892578,891500,0.0,0.0
2002-07-05 00:00:00-04:00,20.89011129121304,21.463973403885284,20.83048919814958,21.42671012878418,334100,0.0,0.0
2002-07-08 00:00:00-04:00,21.4118026215432,21.762083635463338,20.942278852068668,21.36708641052246,539500,0.0,0.0
2002-07-09 00:00:00-04:00,21.27765684393905,21.449071626729115,20.450400377008737,20.457853317260742,828900,0.0,0.0
2002-07-10 00:00:00-04:00,20.457853387019306,20.457853387019306,19.11635398864746,19.11635398864746,1994100,0.0,0.0
2002-07-11 00:00:00-04:00,18.072964592379034,18.445603037582725,17.841929154373542,18.05060577392578,5593900,0.0,0.0
2002-07-12 00:00:00-04:00,18.236926333420246,19.0567312572663,18.207115994800134,18.61701774597168,1532700,0.0,0.0
2002-07-15 00:00:00-04:00,18.43070183407945,18.780982971191406,18.035705891723545,18.780982971191406,1485000,0.0,0.0
2002-07-16 00:00:00-04:00,18.55739075972486,19.153613011631244,18.281639158726573,18.855501174926758,1661400,0.0,0.0
2002-07-17 00:00:00-04:00,19.079084707377557,19.153612665205713,18.110224098616637,18.34126091003418,1327900,0.0,0.0
2002-07-18 00:00:00-04:00,18.29654015628037,18.63191519845346,17.55126354834223,17.610885620117188,1832800,0.0,0.0
2002-07-19 00:00:00-04:00,17.610887876804817,17.953715899568103,16.969950878468893,17.16372299194336,1621100,0.0,0.0
2002-07-22 00:00:00-04:00,17.16372317076523,17.364946802448355,16.2842964241043,16.396087646484375,1301200,0.0,0.0
2002-07-23 00:00:00-04:00,16.694192503068887,16.955039549671945,15.77750279385151,15.84457778930664,1393000,0.0,0.0
2002-07-24 00:00:00-04:00,15.57628400970356,17.141365491009278,15.278173589812615,16.9923095703125,1816400,0.0,0.0
2002-07-25 00:00:00-04:00,16.738917909710153,16.99231216062053,16.02345279290639,16.470619201660156,1672400,0.0,0.0
2002-07-26 00:00:00-04:00,16.656942739767445,17.051938675705507,16.470623472927773,16.940147399902344,1092300,0.0,0.0
2002-07-29 00:00:00-04:00,17.290417872765737,17.84937532871934,17.014664902367606,17.610885620117188,1662400,0.0,0.0
2002-07-30 00:00:00-04:00,17.60713176346791,17.832865086754833,17.118045049098754,17.622180938720703,2258100,0.225,0.0
2002-07-31 00:00:00-04:00,17.30615234375,18.020972253754735,17.268530847504735,17.8704833984375,1629500,0.0,0.0
2002-08-01 00:00:00-04:00,17.870482713963643,18.47243524184047,17.3287254388745,17.434066772460938,1358300,0.0,0.0
2002-08-02 00:00:00-04:00,17.456641496195214,17.456641496195214,16.666577145084243,16.907358169555664,804200,0.0,0.0
2002-08-05 00:00:00-04:00,16.960035741788776,16.960035741788776,15.868994758372791,16.011959075927734,1297600,0.0,0.0
2002-08-06 00:00:00-04:00,16.177492166825342,16.47094389106275,15.951760292053223,15.951760292053223,1554000,0.0,0.0
2002-08-07 00:00:00-04:00,12.41528298880101,12.791503685431344,10.458935079289663,11.11355972290039,20236200,0.0,0.0
2002-08-08 00:00:00-04:00,11.098511222982767,11.72303755981846,10.007471280172462,10.985645294189453,12227500,0.0,0.0
2002-08-09 00:00:00-04:00,10.910398547190663,11.587595411362033,10.865251754706742,11.57254695892334,3970500,0.0,0.0
2002-08-12 00:00:00-04:00,11.474730939038635,11.963817544488643,11.39948651469986,11.87352466583252,2060200,0.0,0.0
2002-08-13 00:00:00-04:00,11.662838865714557,12.174499122998547,11.662838865714557,11.956291198730469,2745600,0.0,0.0
2002-08-14 00:00:00-04:00,12.031534377287228,14.672603109155302,11.978863723958113,14.597358703613281,7264000,0.0,0.0
2002-08-15 00:00:00-04:00,14.604891723674642,14.860721989188068,14.401732141913659,14.793002128601074,3972900,0.0,0.0
2002-08-16 00:00:00-04:00,14.604883701713293,15.31217883759091,14.446871737246516,14.71774959564209,2359600,0.0,0.0
2002-08-19 00:00:00-04:00,14.619932777025955,14.860713731916249,14.522114617121964,14.725274085998535,1318500,0.0,0.0
2002-08-20 00:00:00-04:00,14.597362323558395,14.785472666478395,14.36410590018464,14.574790000915527,1083800,0.0,0.0
2002-08-21 00:00:00-04:00,14.634986302509056,15.01120701532247,14.597363370126839,14.755376815795898,1849600,0.0,0.0
2002-08-22 00:00:00-04:00,14.785472502619811,15.093973346776238,14.582312990077382,15.041302680969238,1480700,0.0,0.0
2002-08-23 00:00:00-04:00,15.048826688236002,15.048826688236002,14.89081469689014,14.97358226776123,1123800,0.0,0.0
2002-08-26 00:00:00-04:00,14.973585047612675,15.033780308134173,14.71023024464304,14.830620765686035,1077400,0.0,0.0
2002-08-27 00:00:00-04:00,14.860719212165021,15.018731233894636,14.740328690322967,14.78547477722168,1079300,0.0,0.0
2002-08-28 00:00:00-04:00,14.770425426208256,14.91338970737067,14.544693559251359,14.61241340637207,852600,0.0,0.0
2002-08-29 00:00:00-04:00,14.559739143276417,14.9209106154251,14.522116217947685,14.747849464416504,1111400,0.0,0.0
2002-08-30 00:00:00-04:00,14.695184856208849,15.086453394593224,14.672611091714801,14.868246078491211,1045800,0.0,0.0
2002-09-03 00:00:00-04:00,14.868240940197323,14.97358226776123,14.762899612633415,14.97358226776123,2208400,0.0,0.0
2002-09-04 00:00:00-04:00,14.89082337998709,15.282092011309098,14.732809861332859,15.251995086669922,1681800,0.0,0.0
2002-09-05 00:00:00-04:00,15.199317255251513,15.71850080163429,14.996157727448802,15.703453063964844,2457500,0.0,0.0
2002-09-06 00:00:00-04:00,15.72602462467719,15.76364755494479,15.500292783743776,15.688403129577637,1909300,0.0,0.0
2002-09-09 00:00:00-04:00,15.575534275069465,15.778692319572423,15.12406924307932,15.695924758911133,1009200,0.0,0.0
2002-09-10 00:00:00-04:00,15.801269050044345,15.801269050044345,15.575537209110928,15.688403129577637,1406700,0.0,0.0
2002-09-11 00:00:00-04:00,15.77117488908611,15.929188367786526,15.726028795958172,15.846419334411621,889400,0.0,0.0
2002-09-12 00:00:00-04:00,15.82384834890237,16.403227326211656,15.658310268098106,16.10977554321289,1126800,0.0,0.0
2002-09-13 00:00:00-04:00,16.027003293531756,16.10224773017855,15.71850239493134,15.951760292053223,1172000,0.0,0.0
2002-09-16 00:00:00-04:00,15.936709795660793,15.966806706721865,15.590585989865541,15.718501091003418,1409300,0.0,0.0
2002-09-17 00:00:00-04:00,15.98938281277576,16.049578078899476,15.590588277725924,15.61316204071045,1425000,0.0,0.0
2002-09-18 00:00:00-04:00,15.613154204522967,15.981850203879539,15.086444813917792,15.861459732055664,1708800,0.0,0.0
2002-09-19 00:00:00-04:00,15.72602462467719,15.74107379678423,15.590584946049924,15.688403129577637,1108100,0.0,0.0
2002-09-20 00:00:00-04:00,15.688395849353777,15.876506107894787,15.575529981262644,15.81631088256836,3081500,0.0,0.0
2002-09-23 00:00:00-04:00,15.650781351071661,15.650781351071661,15.251988307063717,15.522866249084473,1004600,0.0,0.0
2002-09-24 00:00:00-04:00,15.425055586261514,15.447629354999707,15.214371383544522,15.236945152282715,1399000,0.0,0.0
2002-09-25 00:00:00-04:00,15.349805459101951,15.455148239156465,15.003683077236486,15.191793441772461,1756900,0.0,0.0
2002-09-26 00:00:00-04:00,15.214362462354275,15.74107194271768,15.19931472718768,15.455144882202148,1573300,0.0,0.0
2002-09-27 00:00:00-04:00,15.447623253348132,15.861465470570602,15.349805062621849,15.522866249084473,1133400,0.0,0.0
2002-09-30 00:00:00-04:00,15.236946111396422,15.673362288291395,14.913395914959514,15.417531967163086,1232000,0.0,0.0
2002-10-01 00:00:00-04:00,15.417526083512426,15.981857205610986,15.124074359275019,15.951760292053223,999200,0.0,0.0
2002-10-02 00:00:00-04:00,15.951760312081163,16.12482151196829,15.718502414666416,15.801271438598633,2032700,0.0,0.0
2002-10-03 00:00:00-04:00,15.861463191220531,15.914133854734263,15.124071031692397,15.169217109680176,1456400,0.0,0.0
2002-10-04 00:00:00-04:00,15.236938995319173,15.2745604928453,13.950264835706259,14.033032417297363,5010000,0.0,0.0
2002-10-07 00:00:00-04:00,13.882543429000764,13.920164922291116,13.348309326236297,13.363358497619629,2452000,0.0,0.0
2002-10-08 00:00:00-04:00,13.400977461458348,14.243712242673965,13.355831390997707,13.912637710571289,1324800,0.0,0.0
2002-10-09 00:00:00-04:00,13.769675364336388,13.784724534938874,13.13762455071099,13.152673721313477,1062300,0.0,0.0
2002-10-10 00:00:00-04:00,12.994664869050702,13.867496882120738,12.753883822020105,13.762155532836914,1519500,0.0,0.0
2002-10-11 00:00:00-04:00,14.484503730596185,15.10903032754761,14.416783858081196,14.522125244140625,1494800,0.0,0.0
2002-10-14 00:00:00-04:00,14.296389217576948,14.973586314533767,14.296389217576948,14.732805252075195,563300,0.0,0.0
2002-10-15 00:00:00-04:00,15.613167157719083,16.25274296687628,15.575545642249939,16.237693786621094,2077800,0.0,0.0
2002-10-16 00:00:00-04:00,15.951759838557138,16.02700283789657,15.643258948727158,15.72602653503418,1243600,0.0,0.0
2002-10-17 00:00:00-04:00,16.026995643548435,16.516083530717708,15.91412976003536,15.989374160766602,956700,0.0,0.0
2002-10-18 00:00:00-04:00,15.989374679313427,15.989374679313427,15.575532614621775,15.8313627243042,1045400,0.0,0.0
2002-10-21 00:00:00-04:00,15.726026030307061,16.215112686157227,15.688404531844807,16.215112686157227,941200,0.0,0.0
2002-10-22 00:00:00-04:00,16.215114603109782,16.40322498799583,15.91413827432578,16.13987159729004,1137100,0.0,0.0
2002-10-23 00:00:00-04:00,15.838890747826238,16.102245522397272,15.688403330334262,16.087196350097656,753600,0.0,0.0
2002-10-24 00:00:00-04:00,16.275311384089836,16.440849456708804,15.680883258796511,15.876518249511719,666800,0.0,0.0
2002-10-25 00:00:00-04:00,15.876513489674341,16.29788026287368,15.583060373995622,16.102245330810547,1618800,0.0,0.0
2002-10-28 00:00:00-05:00,16.215116112728886,16.463421786488862,15.80127380151841,15.876518249511719,704000,0.0,0.0
2002-10-29 00:00:00-05:00,15.88404002645398,15.88404002645398,15.011208028621668,15.34980583190918,1406500,0.0,0.0
2002-10-30 00:00:00-05:00,15.349811885708228,15.537922329001635,15.086456978063701,15.251995086669922,1653500,0.0,0.0
2002-10-31 00:00:00-05:00,15.251992605995078,15.251992605995078,13.167728888860678,13.792255401611328,4924700,0.0,0.0
2002-11-01 00:00:00-05:00,13.61919140153968,13.67938666397607,12.242223517535027,12.520626068115234,4985300,0.0,0.0
2002-11-04 00:00:00-05:00,12.483003227966073,13.167724802903612,11.730561810657294,12.9269437789917,8755500,0.0,0.0
2002-11-05 00:00:00-05:00,13.002190916633097,13.769680231459038,13.002190916633097,13.679388046264648,17745900,0.0,0.0
2002-11-06 00:00:00-05:00,13.77042988422466,13.876649062435021,13.504884109360834,13.808365821838379,5801400,0.15,0.0
2002-11-07 00:00:00-05:00,13.800776772324737,13.800776772324737,13.375903011023059,13.47453498840332,3068700,0.0,0.0
2002-11-08 00:00:00-05:00,13.37589634334948,13.876640272921204,13.37589634334948,13.846291542053223,4924600,0.0,0.0
2002-11-11 00:00:00-05:00,13.732495013371517,13.74008220068412,13.466949245862486,13.489710807800293,2130000,0.0,0.0
2002-11-12 00:00:00-05:00,13.542818442713429,13.732493766989226,13.489709583453466,13.641448974609375,2050200,0.0,0.0
2002-11-13 00:00:00-05:00,13.641449285659757,13.982865455984266,13.239338515175241,13.884233474731445,2606400,0.0,0.0
2002-11-14 00:00:00-05:00,13.97527351073233,14.096665563935272,13.694553483258389,13.91457748413086,1399500,0.0,0.0
2002-11-15 00:00:00-05:00,13.91458163076628,14.347041130065918,13.83871121312771,14.347041130065918,2961500,0.0,0.0
2002-11-18 00:00:00-05:00,14.369797209753061,14.536710907221249,13.891814773878005,13.937337875366211,2392100,0.0,0.0
2002-11-19 00:00:00-05:00,13.732492524547155,13.740079710484684,13.133117859452051,13.618687629699707,2487500,0.0,0.0
2002-11-20 00:00:00-05:00,13.542816780886358,14.263582056425186,13.391075961242551,14.142189979553223,1685900,0.0,0.0
2002-11-21 00:00:00-05:00,14.18012806837626,14.55947872817257,14.081496086448782,14.339454650878906,2097000,0.0,0.0
2002-11-22 00:00:00-05:00,14.339456095049867,14.544305819276826,14.263585666027874,14.354630470275879,1949200,0.0,0.0
2002-11-25 00:00:00-05:00,14.491192093196107,14.491192093196107,13.869057388655039,14.164950370788574,2385400,0.0,0.0
2002-11-26 00:00:00-05:00,14.255998392243873,14.255998392243873,13.80836450097748,13.884233474731445,1464700,0.0,0.0
2002-11-27 00:00:00-05:00,13.88423684740796,14.111848165283597,13.73249741593247,13.929759979248047,1273200,0.0,0.0
2002-11-29 00:00:00-05:00,14.035979089435516,14.07391358921225,13.656628303234557,13.838716506958008,1775300,0.0,0.0
2002-12-02 00:00:00-05:00,13.922164370020585,14.08907807782115,13.69455318981175,14.020794868469238,1341100,0.0,0.0
2002-12-03 00:00:00-05:00,14.020801284042996,14.020801284042996,13.62627621550863,13.808365821838379,1522500,0.0,0.0
2002-12-04 00:00:00-05:00,13.815950333980938,14.377390583886138,13.770428659999517,14.149779319763184,2045200,0.0,0.0
2002-12-05 00:00:00-05:00,14.339455556022212,14.339455556022212,13.808365467048363,14.10425853729248,1542400,0.0,0.0
2002-12-06 00:00:00-05:00,13.846299469955712,14.36221661325024,13.770429046452168,14.278759002685547,1638300,0.0,0.0
2002-12-09 00:00:00-05:00,14.111846652328696,14.377392437826527,13.960105790013333,14.0739107131958,1749500,0.0,0.0
2002-12-10 00:00:00-05:00,14.104255562140585,14.384974198514307,13.982863484718264,14.362214088439941,883300,0.0,0.0
2002-12-11 00:00:00-05:00,14.18771803329015,14.400153518223522,14.066325914154447,14.293935775756836,1012300,0.0,0.0
2002-12-12 00:00:00-05:00,14.233236078948863,14.491194627969122,14.187714407682888,14.415324211120605,1642700,0.0,0.0
2002-12-13 00:00:00-05:00,14.263584259649017,14.567065945813917,14.08908330307975,14.369803428649902,1018900,0.0,0.0
2002-12-16 00:00:00-05:00,14.324278968055825,14.779500007629395,14.187713958580769,14.779500007629395,1415400,0.0,0.0
2002-12-17 00:00:00-05:00,14.779505799412355,14.870550621848771,14.582243223390421,14.855376243591309,1214100,0.0,0.0
2002-12-18 00:00:00-05:00,14.855368118431945,15.060217771539875,14.536713584855466,14.840193748474121,1774600,0.0,0.0
2002-12-19 00:00:00-05:00,14.68087374027243,15.045050098724,14.415327936235917,14.559481620788574,1672400,0.0,0.0
2002-12-20 00:00:00-05:00,14.79467867140002,14.969179662269536,14.293935816752061,14.559481620788574,2539400,0.0,0.0
2002-12-23 00:00:00-05:00,14.491198372690379,14.802265859756286,14.407740747879648,14.559481620788574,1181100,0.0,0.0
2002-12-24 00:00:00-05:00,14.369802689489845,14.529129264133774,14.240823413636633,14.347041130065918,827300,0.0,0.0
2002-12-26 00:00:00-05:00,14.354626902712583,14.658107096268383,14.210473268108187,14.362214088439941,931400,0.0,0.0
2002-12-27 00:00:00-05:00,14.248413138990902,14.415326929851313,13.975280165666492,14.0739107131958,608500,0.0,0.0
2002-12-30 00:00:00-05:00,14.21806255551272,14.369803398274414,14.089083273297659,14.339454650878906,999300,0.0,0.0
2002-12-31 00:00:00-05:00,14.339455358915403,14.354629733362419,14.096671156195125,14.331868171691895,961900,0.0,0.0
2003-01-02 00:00:00-05:00,14.491191233248182,14.870541781515897,14.415320834173139,14.847780227661133,1691700,0.0,0.0
2003-01-03 00:00:00-05:00,14.908481306608236,15.333353659371012,14.84019806902572,15.265071868896484,1569700,0.0,0.0
2003-01-06 00:00:00-05:00,15.363705493394388,15.743056246317705,15.249900556939048,15.697534561157227,1553200,0.0,0.0
2003-01-07 00:00:00-05:00,15.55337699636291,15.689943464941413,15.356114480317064,15.431984901428223,1084200,0.0,0.0
2003-01-08 00:00:00-05:00,15.4319835537804,15.629246052599662,15.287829910968673,15.492679595947266,1197600,0.0,0.0
2003-01-09 00:00:00-05:00,15.515443021910453,16.03135871887207,15.515443021910453,16.03135871887207,2367100,0.0,0.0
2003-01-10 00:00:00-05:00,16.03135666478225,16.129988636979753,15.856855725796247,16.099639892578125,1003100,0.0,0.0
2003-01-13 00:00:00-05:00,16.099636326322432,16.190681092252056,16.02376737633978,16.107223510742188,862200,0.0,0.0
2003-01-14 00:00:00-05:00,16.099641832565887,16.114816206595194,15.811335961548833,15.940315246582031,1464200,0.0,0.0
2003-01-15 00:00:00-05:00,15.940317784166727,15.993426654615897,15.743055231706816,15.856860160827637,1261600,0.0,0.0
2003-01-16 00:00:00-05:00,15.932722032409899,16.076875636940823,15.515437034213555,15.598893165588379,1155000,0.0,0.0
2003-01-17 00:00:00-05:00,15.606491620851042,15.705123638855037,15.386468910187855,15.667187690734863,1015800,0.0,0.0
2003-01-21 00:00:00-05:00,15.614071236900235,15.629245608788006,15.075394058854181,15.17402458190918,1510900,0.0,0.0
2003-01-22 00:00:00-05:00,15.17402785496788,15.17402785496788,14.680872239103037,14.703632354736328,909500,0.0,0.0
2003-01-23 00:00:00-05:00,14.71881088701964,15.401642043927698,14.711223697296292,15.363707542419434,905500,0.0,0.0
2003-01-24 00:00:00-05:00,15.295423083299204,15.303010272427935,14.605004790776615,14.855376243591309,1276800,0.0,0.0
2003-01-27 00:00:00-05:00,14.779503207847556,14.794677583444214,14.202889959147527,14.2484130859375,1425000,0.0,0.0
2003-01-28 00:00:00-05:00,14.301523969141174,14.756745171445155,14.263588024802662,14.574655532836914,1472400,0.0,0.0
2003-01-29 00:00:00-05:00,14.438086512502606,14.71880518803238,14.248411184184901,14.627761840820312,2494500,0.0,0.0
2003-01-30 00:00:00-05:00,14.627764017866479,14.70363300279879,14.195302989368406,14.225651741027832,1088500,0.0,0.0
2003-01-31 00:00:00-05:00,14.187713158033821,14.460844608680185,14.119429933595303,14.362214088439941,977900,0.0,0.0
2003-02-03 00:00:00-05:00,14.491197830848325,14.642937250975333,14.27117371806815,14.498785018920898,745900,0.0,0.0
2003-02-04 00:00:00-05:00,14.172541002912638,14.172541002912638,13.80836471369498,14.066323280334473,754600,0.0,0.0
2003-02-05 00:00:00-05:00,14.21805643234031,14.369797209753061,13.899401957459373,13.937337875366211,1145300,0.0,0.0
2003-02-06 00:00:00-05:00,13.884234279920468,14.035975130444145,13.504883600719275,13.762842178344727,781900,0.0,0.0
2003-02-07 00:00:00-05:00,13.831124420506175,13.869060353959645,13.44418658192815,13.557992935180664,1027300,0.0,0.0
2003-02-10 00:00:00-05:00,13.657458159550679,14.154788266222093,13.580945498672548,14.131834030151367,1511500,0.15,0.0
2003-02-11 00:00:00-05:00,14.147135880551815,14.162438703545781,13.688061406235484,13.810481071472168,1285300,0.0,0.0
2003-02-12 00:00:00-05:00,14.690377852783312,15.02703128112782,14.437887051846,14.858704566955566,3369800,0.0,0.0
2003-02-13 00:00:00-05:00,14.981123631192789,15.06528771442081,14.567957546730643,14.690377235412598,1804000,0.0,0.0
2003-02-14 00:00:00-05:00,14.8051414279783,15.409588291723532,14.8051414279783,15.180051803588867,1796600,0.0,0.0
2003-02-18 00:00:00-05:00,15.294827781554089,15.677389761460969,15.271873537390746,15.532015800476074,1203400,0.0,0.0
2003-02-19 00:00:00-05:00,15.608528488329078,15.669738346739853,15.41724749837564,15.532015800476074,908900,0.0,0.0
2003-02-20 00:00:00-05:00,15.600875072728316,15.662084923288665,15.455502589746212,15.539665222167969,987500,0.0,0.0
2003-02-21 00:00:00-05:00,15.56261912475678,15.761551499588782,15.371338163498075,15.570270538330078,1055900,0.0,0.0
2003-02-24 00:00:00-05:00,15.432545354791232,15.447848179302236,15.18770600004585,15.233613014221191,979300,0.0,0.0
2003-02-25 00:00:00-05:00,15.088239497783027,15.149449338082762,14.858702961498444,15.057635307312012,1099100,0.0,0.0
2003-02-26 00:00:00-05:00,14.90461894672684,14.950527449098407,14.705686481192467,14.713337898254395,1028500,0.0,0.0
2003-02-27 00:00:00-05:00,14.88165294984504,15.157096422870092,14.728627663108785,14.965815544128418,1957700,0.0,0.0
2003-02-28 00:00:00-05:00,15.019385387775015,15.1877136231692,14.858710027835185,14.881664276123047,1011000,0.0,0.0
2003-03-03 00:00:00-05:00,14.996421166833898,15.103537991803583,14.851047290548404,14.91990852355957,1126600,0.0,0.0
2003-03-04 00:00:00-05:00,14.973470443354964,14.973470443354964,14.6291656570082,14.67507266998291,786500,0.0,0.0
2003-03-05 00:00:00-05:00,14.675077260770696,14.858706829471794,14.468493448722679,14.736287117004395,699200,0.0,0.0
2003-03-06 00:00:00-05:00,14.54500439925914,14.675075510663607,14.361374852457173,14.4531888961792,948000,0.0,0.0
2003-03-07 00:00:00-05:00,14.30016381353302,14.690377115274766,14.19304549229397,14.522048950195312,817700,0.0,0.0
2003-03-10 00:00:00-05:00,14.376676473875033,14.414932078991374,13.772227989403902,13.795182228088379,1275100,0.0,0.0
2003-03-11 00:00:00-05:00,13.886996395993728,13.97881189224581,13.542691568603487,13.557992935180664,1297400,0.0,0.0
2003-03-12 00:00:00-05:00,13.504433715377246,13.657459047077827,13.32080419295118,13.496782302856445,1523000,0.0,0.0
2003-03-13 00:00:00-05:00,13.733974703321799,14.10123382813981,13.58860075248874,14.024721145629883,1443400,0.0,0.0
2003-03-14 00:00:00-05:00,14.07827409499028,14.376673294466187,14.032367087131473,14.23129940032959,1052900,0.0,0.0
2003-03-17 00:00:00-05:00,14.193045608364628,14.766888446320467,14.062974506720327,14.690377235412598,1157200,0.0,0.0
2003-03-18 00:00:00-05:00,14.759233817418318,14.958164653992618,14.62916275697676,14.774535179138184,1272400,0.0,0.0
2003-03-19 00:00:00-05:00,14.805139442959801,15.034675900319064,14.6827198044539,14.958163261413574,1430600,0.0,0.0
2003-03-20 00:00:00-05:00,14.958165055891046,15.417239485040293,14.728628570995113,15.294819831848145,1496500,0.0,0.0
2003-03-21 00:00:00-05:00,15.547310807228698,15.952826827261966,15.493752390487161,15.922221183776855,1437000,0.0,0.0
2003-03-24 00:00:00-05:00,15.838057949094448,15.838057949094448,15.401936303028947,15.470797538757324,1861700,0.0,0.0
2003-03-25 00:00:00-05:00,15.493762133513107,15.914579780556554,15.325435366567392,15.74625301361084,810100,0.0,0.0
2003-03-26 00:00:00-05:00,15.600874030220014,15.730945136388662,15.401941664352798,15.501408576965332,1833600,0.0,0.0
2003-03-27 00:00:00-05:00,15.310125441150992,15.486103542238814,15.19535717780492,15.348381042480469,1073300,0.0,0.0
2003-03-28 00:00:00-05:00,15.34838018152121,15.662080764770506,15.203007737137675,15.662080764770508,781800,0.0,0.0
2003-03-31 00:00:00-05:00,15.470802871445644,15.914574621684208,15.417244438386174,15.822760581970215,1435800,0.0,0.0
2003-04-01 00:00:00-05:00,15.822752861057253,16.067592126632608,15.723285997319055,15.975776672363281,1054000,0.0,0.0
2003-04-02 00:00:00-05:00,16.17471393662594,16.694998266360706,16.151761160486668,16.557275772094727,1585100,0.0,0.0
2003-04-03 00:00:00-05:00,16.679695684916446,16.763859756936228,16.480764811818506,16.488414764404297,2735700,0.0,0.0
2003-04-04 00:00:00-05:00,16.564932658779867,16.672051000477822,16.41955870463426,16.53432846069336,1264300,0.0,0.0
2003-04-07 00:00:00-04:00,16.488417161974038,17.32240221342483,16.488417161974038,16.93984031677246,1261000,0.0,0.0
2003-04-08 00:00:00-04:00,16.93983631277816,17.024000377142695,16.748555409664196,16.863325119018555,1138100,0.0,0.0
2003-04-09 00:00:00-04:00,16.870981225039053,17.07756502600476,16.77151576125446,16.77916717529297,1020200,0.0,0.0
2003-04-10 00:00:00-04:00,16.80976651208337,16.84802357121511,16.610834182671084,16.786813735961914,697000,0.0,0.0
2003-04-11 00:00:00-04:00,17.100514100602247,17.23058518123535,16.863326174515137,16.94748878479004,1054500,0.0,0.0
2003-04-14 00:00:00-04:00,16.832731227069775,17.13878059387207,16.756218520529575,17.13878059387207,954700,0.0,0.0
2003-04-15 00:00:00-04:00,17.13876662751327,17.2994433262483,17.02399839090671,17.291791915893555,959000,0.0,0.0
2003-04-16 00:00:00-04:00,17.35300485014209,17.444818872143358,16.94748878479004,16.94748878479004,1549900,0.0,0.0
2003-04-17 00:00:00-04:00,16.909229056888588,16.98574169611305,16.848019237380463,16.978090286254883,1507800,0.0,0.0
2003-04-21 00:00:00-04:00,17.024004401030485,17.10816848528851,16.90158471085035,16.93984031677246,1048400,0.0,0.0
2003-04-22 00:00:00-04:00,16.794465770762173,18.01101256848392,16.740905885990987,17.91919708251953,2478900,0.0,0.0
2003-04-23 00:00:00-04:00,17.9268430508331,17.980401459982705,17.58253690721821,17.796772003173828,1898300,0.0,0.0
2003-04-24 00:00:00-04:00,17.483076966116418,17.59019381791384,17.177027775725456,17.4907283782959,1111500,0.0,0.0
2003-04-25 00:00:00-04:00,17.49072413810208,17.57488673295792,16.947485679914916,16.970439910888672,952100,0.0,0.0
2003-04-28 00:00:00-04:00,17.039313856964533,17.40657307040172,17.039313856964533,17.25354766845703,1213100,0.0,0.0
2003-04-29 00:00:00-04:00,17.330562573800847,17.592446748002015,16.945438961049717,17.030166625976562,2384600,0.15,0.0
2003-04-30 00:00:00-04:00,17.014764635715732,17.130301448169796,16.93003695432196,17.068681716918945,2509600,0.0,0.0
2003-05-01 00:00:00-04:00,17.099495520016863,17.138007308338437,16.72977559412922,17.022470474243164,1441400,0.0,0.0
2003-05-02 00:00:00-04:00,17.045572204667568,17.422994676762446,16.945440701485147,17.38448143005371,1258100,0.0,0.0
2003-05-05 00:00:00-04:00,17.715689978114582,18.254863739013672,17.607855813586887,18.254863739013672,3239400,0.0,0.0
2003-05-06 00:00:00-04:00,18.25486384219232,18.578367806734196,18.023788742302234,18.5013427734375,2435300,0.0,0.0
2003-05-07 00:00:00-04:00,18.40890323515758,18.609167633944164,18.216341482762356,18.532142639160156,2726100,0.0,0.0
2003-05-08 00:00:00-04:00,18.48593464303524,18.58606614260111,18.062299228451053,18.100811004638672,1620100,0.0,0.0
2003-05-09 00:00:00-04:00,18.216355911064507,18.747827179984522,18.19324942271847,18.732421875,1601400,0.0,0.0
2003-05-12 00:00:00-04:00,18.74011486751694,18.955784618736615,18.562958358906126,18.948081970214844,1147300,0.0,0.0
2003-05-13 00:00:00-04:00,18.948080787935332,19.225368771767627,18.871055776653623,19.117534637451172,1102600,0.0,0.0
2003-05-14 00:00:00-04:00,19.109842485159934,19.17916488647461,18.924983238031032,19.17916488647461,1399900,0.0,0.0
2003-05-15 00:00:00-04:00,19.248479354616325,19.27928995100471,18.948083385480025,19.148347854614258,1089500,0.0,0.0
2003-05-16 00:00:00-04:00,19.148352077924677,19.148352077924677,18.70160861567116,18.840251922607422,1662200,0.0,0.0
2003-05-19 00:00:00-04:00,18.647688615258932,18.74782159871777,18.254863739013672,18.254863739013672,1105100,0.0,0.0
2003-05-20 00:00:00-04:00,18.447421510643906,18.447421510643906,18.00067818171243,18.185537338256836,1017300,0.0,0.0
2003-05-21 00:00:00-04:00,18.216354582518225,18.424321777249663,18.039197995508765,18.408916473388672,1236700,0.0,0.0
2003-05-22 00:00:00-04:00,18.408908092056233,18.71700668334961,18.25485953097453,18.71700668334961,968000,0.0,0.0
2003-05-23 00:00:00-04:00,18.6784973788607,18.87105920750875,18.539852627173282,18.80173683166504,636700,0.0,0.0
2003-05-27 00:00:00-04:00,18.75552629307729,19.340914549842385,18.639989465758095,19.33321189880371,1581800,0.0,0.0
2003-05-28 00:00:00-04:00,19.294693704330108,19.887784460307607,19.294693704330108,19.625900268554688,1382700,0.0,0.0
2003-05-29 00:00:00-04:00,19.695218451532625,20.003317003019042,19.41022784233136,19.610490798950195,1377100,0.0,0.0
2003-05-30 00:00:00-04:00,19.61049917923178,20.01873085260968,19.52577295957252,19.764549255371094,1187700,0.0,0.0
2003-06-02 00:00:00-04:00,19.849270861476963,20.165072098569894,19.772245847011135,19.910890579223633,1281100,0.0,0.0
2003-06-03 00:00:00-04:00,19.87239171942472,19.910904989095343,19.41794542122852,19.564292907714844,1633600,0.0,0.0
2003-06-04 00:00:00-04:00,19.51036931757756,19.70293119456476,19.464154878457183,19.571989059448242,1595000,0.0,0.0
2003-06-05 00:00:00-04:00,19.52577048522684,20.1419677734375,19.448745456917955,20.1419677734375,1664800,0.0,0.0
2003-06-06 00:00:00-04:00,20.211296028953203,20.63493307327027,20.180486890149233,20.373048782348633,1815600,0.0,0.0
2003-06-09 00:00:00-04:00,20.373039112752547,20.40384823693367,19.69522075120845,19.78765106201172,1591300,0.0,0.0
2003-06-10 00:00:00-04:00,20.026429069473767,20.064940845416874,19.74143693245248,19.841569900512695,1433800,0.0,0.0
2003-06-11 00:00:00-04:00,19.94940516897797,20.15737229666408,19.85697631387092,20.149669647216797,998200,0.0,0.0
2003-06-12 00:00:00-04:00,20.21898824387699,20.2960132548225,19.610492273450348,19.972509384155273,1020800,0.0,0.0
2003-06-13 00:00:00-04:00,20.1111592407806,20.16507632145879,19.649010526334276,19.926300048828125,811600,0.0,0.0
2003-06-16 00:00:00-04:00,19.9879238049732,20.380748748779297,19.887790804292777,20.380748748779297,1069300,0.0,0.0
2003-06-17 00:00:00-04:00,20.334535522430365,20.48858562384214,20.103461839443344,20.373048782348633,791300,0.0,0.0
2003-06-18 00:00:00-04:00,20.34222729647624,20.550194381433244,19.94940107015629,20.29601287841797,1108800,0.0,0.0
2003-06-19 00:00:00-04:00,20.34992607770379,20.442356365387745,19.649001415626504,19.779943466186523,757800,0.0,0.0
2003-06-20 00:00:00-04:00,19.833860709333397,19.949397468183207,19.41022543717423,19.510356903076172,1225900,0.0,0.0
2003-06-23 00:00:00-04:00,19.47955268024037,19.47955268024037,18.886461974909174,19.05591583251953,733200,0.0,0.0
2003-06-24 00:00:00-04:00,19.11753669193796,19.479553843127587,19.071322267854413,19.364015579223633,603000,0.0,0.0
2003-06-25 00:00:00-04:00,19.371720310825108,19.479555937453977,19.00970458984375,19.00970458984375,930000,0.0,0.0
2003-06-26 00:00:00-04:00,18.90957332879895,18.924978629591006,18.59377200821349,18.77863121032715,1267500,0.0,0.0
2003-06-27 00:00:00-04:00,18.778626401608282,18.986593501655047,18.593767246832257,18.71700668334961,872900,0.0,0.0
2003-06-30 00:00:00-04:00,18.717009809695053,18.824845436507243,18.547555923461914,18.547555923461914,1038800,0.0,0.0
2003-07-01 00:00:00-04:00,18.547551571612168,18.547551571612168,17.81581618126676,18.285667419433594,2770400,0.0,0.0
2003-07-02 00:00:00-04:00,18.285669534561254,18.401206328209067,17.82352089083996,18.054595947265625,2601100,0.0,0.0
2003-07-03 00:00:00-04:00,17.9852737916431,18.2240500305789,17.754198732462918,18.123918533325195,868300,0.0,0.0
2003-07-07 00:00:00-04:00,18.177834436979225,18.74781719568081,18.177834436979225,18.593767166137695,2396600,0.0,0.0
2003-07-08 00:00:00-04:00,18.48594015564632,18.616882290514035,18.316486233106552,18.493642807006836,1078800,0.0,0.0
2003-07-09 00:00:00-04:00,18.40891132011632,18.51674694782579,18.13932445453798,18.331886291503906,913000,0.0,0.0
2003-07-10 00:00:00-04:00,17.908241971609616,17.908241971609616,17.48460672767495,17.561630249023438,2605500,0.0,0.0
2003-07-11 00:00:00-04:00,17.908244442307804,18.023781209399978,17.70027738006407,17.862030029296875,2563100,0.0,0.0
2003-07-14 00:00:00-04:00,18.139321228280117,18.247156836809957,18.016081792071695,18.116214752197266,1756800,0.0,0.0
2003-07-15 00:00:00-04:00,18.2317543648869,18.362696469788172,18.13932403884416,18.35499382019043,2307700,0.0,0.0
2003-07-16 00:00:00-04:00,18.370396132943764,18.4474211472692,18.100809317369713,18.17013168334961,2298700,0.0,0.0
2003-07-17 00:00:00-04:00,18.17013669746551,18.239459082575173,17.94676424119429,18.139326095581055,1829300,0.0,0.0
2003-07-18 00:00:00-04:00,18.331886138967743,18.63228360114359,18.23175463099594,18.547555923461914,1903000,0.0,0.0
2003-07-21 00:00:00-04:00,18.532146139350555,18.586063205143873,18.254858162537808,18.339584350585938,831300,0.0,0.0
2003-07-22 00:00:00-04:00,18.331875293340197,18.40890027574166,17.831215111424687,17.939050674438477,1900400,0.0,0.0
2003-07-23 00:00:00-04:00,17.99298329114848,18.200949013722106,17.715693702209492,17.96987533569336,1471500,0.0,0.0
2003-07-24 00:00:00-04:00,17.9852670329236,18.3934969865446,17.939052626106587,18.077695846557617,1304300,0.0,0.0
2003-07-25 00:00:00-04:00,18.139325209905714,18.547556850160163,18.062301647216067,18.485937118530273,1121100,0.0,0.0
2003-07-28 00:00:00-04:00,18.524439174176344,18.786323263391594,18.324176253368933,18.578357696533203,978600,0.0,0.0
2003-07-29 00:00:00-04:00,18.639987182170138,18.73241604504983,18.262564673165492,18.485937118530273,1047000,0.0,0.0
2003-07-30 00:00:00-04:00,18.624581881980095,18.624581881980095,18.38580560555556,18.485937118530273,730400,0.0,0.0
2003-07-31 00:00:00-04:00,18.555258994315377,18.832548513654267,18.439722184300923,18.52444839477539,1030200,0.0,0.0
2003-08-01 00:00:00-04:00,18.415934999560587,18.48569244670044,18.26091812183858,18.299673080444336,1541300,0.15,0.0
2003-08-04 00:00:00-04:00,18.377182900644332,18.377182900644332,17.989642124384257,18.245420455932617,1033100,0.0,0.0
2003-08-05 00:00:00-04:00,18.074898622953054,18.31517345114363,17.65635542153562,17.671855926513672,1111100,0.0,0.0
2003-08-06 00:00:00-04:00,17.633099473305496,17.633099473305496,16.160445307468713,16.323211669921875,5006200,0.0,0.0
2003-08-07 00:00:00-04:00,16.62549413207265,16.99753279356471,16.385217869635913,16.84251594543457,3744600,0.0,0.0
2003-08-08 00:00:00-04:00,16.881271847155936,17.090542682059493,16.72625499029745,16.85801887512207,1445200,0.0,0.0
2003-08-11 00:00:00-04:00,16.896770477294922,17.082791276246372,16.74175511596891,16.896770477294922,1098000,0.0,0.0
2003-08-12 00:00:00-04:00,16.89678044930168,17.090550874079685,16.81927346207129,17.005292892456055,1146500,0.0,0.0
2003-08-13 00:00:00-04:00,17.028539184769652,17.23006054225427,16.974283718975823,17.020788192749023,1633600,0.0,0.0
2003-08-14 00:00:00-04:00,17.12929733157195,17.400576087086606,17.04403791397727,17.33856964111328,1384400,0.0,0.0
2003-08-15 00:00:00-04:00,17.253311157226562,17.400577028764246,17.113796276648795,17.253311157226562,449100,0.0,0.0
2003-08-18 00:00:00-04:00,17.323074827225355,17.485841260866437,17.30757283973071,17.4393367767334,763500,0.0,0.0
2003-08-19 00:00:00-04:00,17.439346315537815,17.478099827120552,17.284329312503463,17.400592803955078,1483700,0.0,0.0
2003-08-20 00:00:00-04:00,17.40057187030305,17.516833743534825,17.36181692699251,17.408321380615234,682000,0.0,0.0
2003-08-21 00:00:00-04:00,16.974288908285057,17.400584729641576,16.974288908285057,17.36182975769043,1955100,0.0,0.0
2003-08-22 00:00:00-04:00,17.439336287063902,17.439336287063902,17.245565883874303,17.323074340820312,1791200,0.0,0.0
2003-08-25 00:00:00-04:00,17.323077215461893,17.36958170600625,17.27657272491754,17.307575225830078,875800,0.0,0.0
2003-08-26 00:00:00-04:00,17.28431037236553,17.392822746922455,17.183550465652047,17.369569778442383,1142100,0.0,0.0
2003-08-27 00:00:00-04:00,17.28431702421321,17.385078448054685,17.20681005615134,17.354074478149414,732200,0.0,0.0
2003-08-28 00:00:00-04:00,17.3540701438439,17.385074106005703,17.05178890451772,17.33856964111328,813900,0.0,0.0
2003-08-29 00:00:00-04:00,17.338571990551543,17.36182348697327,17.20680809020996,17.20680809020996,828300,0.0,0.0
2003-09-02 00:00:00-04:00,17.36182688646386,17.47808882638835,17.206811459348124,17.377328872680664,1370900,0.0,0.0
2003-09-03 00:00:00-04:00,17.41608476021786,17.485842229456928,17.24556732338401,17.42383575439453,1788100,0.0,0.0
2003-09-04 00:00:00-04:00,17.431578066627935,17.578843925935754,17.26106071472168,17.26106071472168,1212800,0.0,0.0
2003-09-05 00:00:00-04:00,17.175813196319705,17.276574661872246,17.090553722136985,17.129308700561523,1552500,0.0,0.0
2003-09-08 00:00:00-04:00,17.16805269071561,17.261063109061872,17.090544255152132,17.237810134887695,1496000,0.0,0.0
2003-09-09 00:00:00-04:00,17.1680579089807,17.478090267119114,17.14480640608963,17.4393367767334,1021900,0.0,0.0
2003-09-10 00:00:00-04:00,17.400579518844133,17.62535237544598,17.284316116158077,17.54784393310547,1602100,0.0,0.0
2003-09-11 00:00:00-04:00,17.664104741902822,17.671854254483375,16.97428133255515,17.044038772583008,1711900,0.0,0.0
2003-09-12 00:00:00-04:00,16.951032117113563,17.01303857454704,16.43172748172676,16.66425132751465,2648300,0.0,0.0
2003-09-15 00:00:00-04:00,16.74176362051441,16.757265608026813,16.58674670209216,16.7030086517334,1317700,0.0,0.0
2003-09-16 00:00:00-04:00,16.664257465720034,17.18356229239047,16.664257465720034,17.168060302734375,1696900,0.0,0.0
2003-09-17 00:00:00-04:00,17.12929620993729,17.199053641883317,16.873519452251923,16.93552589416504,1394600,0.0,0.0
2003-09-18 00:00:00-04:00,17.044035036409372,17.199051864346124,16.912271176168144,17.152545928955078,586500,0.0,0.0
2003-09-19 00:00:00-04:00,17.090551860004474,17.106053849685242,16.82702394883583,16.920034408569336,915800,0.0,0.0
2003-09-22 00:00:00-04:00,16.819264874935605,16.819264874935605,16.509231170898797,16.710752487182617,855700,0.0,0.0
2003-09-23 00:00:00-04:00,16.656503693716626,16.881278071199603,16.61775020438894,16.83477210998535,399900,0.0,0.0
2003-09-24 00:00:00-04:00,16.85802703909792,16.87352902796111,16.206958290354333,16.268964767456055,1225200,0.0,0.0
2003-09-25 00:00:00-04:00,16.276713338448953,16.416228260743218,16.082942941562656,16.11394691467285,947800,0.0,0.0
2003-09-26 00:00:00-04:00,16.051939476327803,16.05969046985059,15.819415584047631,15.865920066833496,1093200,0.0,0.0
2003-09-29 00:00:00-04:00,16.04419184234395,16.268964767456055,16.020938859049167,16.268964767456055,657300,0.0,0.0
2003-09-30 00:00:00-04:00,16.268962841532794,16.268962841532794,16.028687956001292,16.160451889038086,1626300,0.0,0.0
2003-10-01 00:00:00-04:00,16.237952878444467,16.51698112487793,16.160444457298993,16.51698112487793,1235900,0.0,0.0
2003-10-02 00:00:00-04:00,16.470479058095826,16.67200039103222,16.447226084866493,16.594491958618164,804200,0.0,0.0
2003-10-03 00:00:00-04:00,16.858020254675026,16.881273228611768,16.586741472148102,16.6409969329834,995200,0.0,0.0
2003-10-06 00:00:00-04:00,16.703003438920867,16.935528743985806,16.5712395428892,16.850269317626953,637900,0.0,0.0
2003-10-07 00:00:00-04:00,16.7417621524148,16.74951314549131,16.354221368693857,16.462732315063477,1692900,0.0,0.0
2003-10-08 00:00:00-04:00,16.43172608095445,16.66424990692014,16.37746914176872,16.6409969329834,803700,0.0,0.0
2003-10-09 00:00:00-04:00,16.70300149674667,16.842516367893182,16.54798612307853,16.710752487182617,948700,0.0,0.0
2003-10-10 00:00:00-04:00,16.64874878369952,16.64874878369952,16.284461043322057,16.338716506958008,1415600,0.0,0.0
2003-10-13 00:00:00-04:00,16.354214740807286,16.540234064203037,16.29220829967537,16.447223663330078,421100,0.0,0.0
2003-10-14 00:00:00-04:00,16.39297197059396,16.40072296230631,16.284461043322057,16.338716506958008,903200,0.0,0.0
2003-10-15 00:00:00-04:00,16.37747475489818,16.38522574886696,16.199206328669007,16.354223251342773,1745100,0.0,0.0
2003-10-16 00:00:00-04:00,16.43173033434815,17.036293029691652,16.423979341029536,16.8270206451416,2374900,0.0,0.0
2003-10-17 00:00:00-04:00,16.858020277692017,16.858020277692017,16.62549645140885,16.81151580810547,1944200,0.0,0.0
2003-10-20 00:00:00-04:00,16.765016035749152,16.865777481712108,16.726262543210154,16.819272994995117,1552300,0.0,0.0
2003-10-21 00:00:00-04:00,16.819272041097772,16.819272041097772,16.555744167395716,16.62550163269043,1635200,0.0,0.0
2003-10-22 00:00:00-04:00,16.602236124828114,16.609987112718272,16.315455486291334,16.431718826293945,3799200,0.0,0.0
2003-10-23 00:00:00-04:00,16.431731224283087,16.66425512303154,15.989933451299592,16.62550163269043,1559400,0.0,0.0
2003-10-24 00:00:00-04:00,16.4704847146242,16.62550163269043,16.39297625559108,16.62550163269043,1687800,0.0,0.0
2003-10-27 00:00:00-05:00,16.74176503508687,16.935535460311602,16.664256569326778,16.72626304626465,1195300,0.0,0.0
2003-10-28 00:00:00-05:00,16.78051565476111,16.951034545898438,16.672004708292462,16.951034545898438,1291700,0.0,0.0
2003-10-29 00:00:00-05:00,16.8192720792886,17.237815393656362,16.8192720792886,17.09054946899414,1154300,0.0,0.0
2003-10-30 00:00:00-05:00,17.168057928203254,17.237815393656362,16.8270215946937,17.09054946899414,852300,0.0,0.0
2003-10-31 00:00:00-05:00,17.168586890661977,17.31686146694563,17.020312314378323,17.090547561645508,1372500,0.15,0.0
2003-11-03 00:00:00-05:00,17.012510612651994,17.504157412302877,17.012510612651994,17.277843475341797,1470800,0.0,0.0
2003-11-04 00:00:00-05:00,16.96568513577111,16.96568513577111,15.857530837665756,16.364784240722656,4673800,0.0,0.0
2003-11-05 00:00:00-05:00,16.333570483769694,16.794000915552637,16.247727067800387,16.614511489868164,2323300,0.0,0.0
2003-11-06 00:00:00-05:00,16.427213088735034,16.645722880242285,16.372586012977266,16.622310638427734,1635600,0.0,0.0
2003-11-07 00:00:00-05:00,16.77839212479346,16.848627373696292,16.46623628993445,16.669137954711914,1295900,0.0,0.0
2003-11-10 00:00:00-05:00,16.778394206428672,16.8720417127431,16.653531856993844,16.731571197509766,1152300,0.0,0.0
2003-11-11 00:00:00-05:00,16.622317752136563,16.8252194692682,16.43502420289432,16.715965270996094,539200,0.0,0.0
2003-11-12 00:00:00-05:00,16.731569951709233,16.762784792505432,16.598903529253235,16.700353622436523,1141900,0.0,0.0
2003-11-13 00:00:00-05:00,16.622312887058463,16.77839154331708,16.552077640589722,16.747175216674805,841500,0.0,0.0
2003-11-14 00:00:00-05:00,16.645727451875675,16.739374956377326,16.52866918760605,16.606708526611328,862700,0.0,0.0
2003-11-17 00:00:00-05:00,16.606706499304888,16.754979587989855,16.505254924440013,16.70815658569336,970100,0.0,0.0
2003-11-18 00:00:00-05:00,16.708154036604903,16.7393703590243,16.552075401460268,16.622310638427734,1016100,0.0,0.0
2003-11-19 00:00:00-05:00,16.614506929999635,16.661329922006598,16.583290609677608,16.63011360168457,1338000,0.0,0.0
2003-11-20 00:00:00-05:00,16.598899809846028,16.606703890415503,16.388194099898765,16.45842933654785,1222500,0.0,0.0
2003-11-21 00:00:00-05:00,16.50525582723182,16.645726330281057,16.435020575707206,16.614511489868164,1769400,0.0,0.0
2003-11-24 00:00:00-05:00,16.645720283501802,16.950071937231034,16.622308045339576,16.895444869995117,1042300,0.0,0.0
2003-11-25 00:00:00-05:00,16.778391734056026,17.129567970391943,16.739372813785987,17.090547561645508,1088400,0.0,0.0
2003-11-26 00:00:00-05:00,17.090548643103165,17.238823228769355,16.942274057436975,17.199804306030273,901700,0.0,0.0
2003-11-28 00:00:00-05:00,17.238825314926927,17.597804210693095,17.043727700668793,17.121767044067383,287000,0.0,0.0
2003-12-01 00:00:00-05:00,17.207609123976493,17.324668884277344,17.14517794643849,17.324668884277344,656500,0.0,0.0
2003-12-02 00:00:00-05:00,17.262230150759628,17.394896531017075,17.24662199108792,17.348072052001953,1433500,0.0,0.0
2003-12-03 00:00:00-05:00,17.40270895704769,17.51976873226263,17.301258838801864,17.449533462524414,1044300,0.0,0.0
2003-12-04 00:00:00-05:00,17.44952564854681,17.792896270751953,17.402701164038305,17.792896270751953,1123200,0.0,0.0
2003-12-05 00:00:00-05:00,17.63682926408835,17.722671224769226,17.48075053625157,17.597808837890625,1532500,0.0,0.0
2003-12-08 00:00:00-05:00,17.5119571685791,17.558780165580636,17.44172192883868,17.5119571685791,676800,0.0,0.0
2003-12-09 00:00:00-05:00,17.488543308909424,17.550974461964714,17.316858010126403,17.355876922607422,1124200,0.0,0.0
2003-12-10 00:00:00-05:00,17.348077441331498,17.348077441331498,16.97349042369804,17.082744598388672,1195000,0.0,0.0
2003-12-11 00:00:00-05:00,17.051531618859503,17.50415802001953,17.051531618859503,17.50415802001953,1276100,0.0,0.0
2003-12-12 00:00:00-05:00,17.4807497712143,17.504162025908307,17.32467253868523,17.426122665405273,661500,0.0,0.0
2003-12-15 00:00:00-05:00,17.55097595030497,17.73826942535351,17.387094717816083,17.472936630249023,1246300,0.0,0.0
2003-12-16 00:00:00-05:00,17.535372386418516,17.76949040797271,17.465137128799917,17.761686325073242,1785900,0.0,0.0
2003-12-17 00:00:00-05:00,17.675839547280567,17.675839547280567,17.355879651504807,17.644624710083008,1125500,0.0,0.0
2003-12-18 00:00:00-05:00,17.644622979871503,18.112855911254883,17.48074026310637,18.112855911254883,1647600,0.0,0.0
2003-12-19 00:00:00-05:00,18.14407668085721,18.339174279576106,17.980195412402082,18.0582332611084,1457200,0.0,0.0
2003-12-22 00:00:00-05:00,17.987994951214578,18.128465436589394,17.941171952248403,18.04262351989746,846100,0.0,0.0
2003-12-23 00:00:00-05:00,18.08945364329812,18.417217742102064,18.08945364329812,18.300159454345703,878900,0.0,0.0
2003-12-24 00:00:00-05:00,18.300159977138385,18.300159977138385,18.167493516964036,18.206512451171875,316500,0.0,0.0
2003-12-26 00:00:00-05:00,18.206501518039737,18.30014898777028,18.18308927848809,18.253324508666992,184400,0.0,0.0
2003-12-29 00:00:00-05:00,18.300160075386614,18.57329559326172,18.300160075386614,18.57329559326172,724300,0.0,0.0
2003-12-30 00:00:00-05:00,18.44062136204159,18.635718928873704,18.417210606646577,18.62791633605957,1341800,0.0,0.0
2003-12-31 00:00:00-05:00,18.57328715491414,18.80740512048273,18.57328715491414,18.68254280090332,756400,0.0,0.0
2004-01-02 00:00:00-05:00,18.776193618774414,18.908860053460742,18.71376244295006,18.776193618774414,1258900,0.0,0.0
2004-01-05 00:00:00-05:00,18.846428232844808,19.119565175910274,18.846428232844808,19.11176109313965,837400,0.0,0.0
2004-01-06 00:00:00-05:00,19.111752291289605,19.111752291289605,18.77618432908038,18.97908592224121,1234500,0.0,0.0
2004-01-07 00:00:00-05:00,18.971281051635742,19.033712193967244,18.799595782343076,18.971281051635742,894300,0.0,0.0
2004-01-08 00:00:00-05:00,18.971286067232555,18.986894229060848,18.690346596704412,18.721561431884766,1438600,0.0,0.0
2004-01-09 00:00:00-05:00,18.721569773354986,18.721569773354986,18.362590822217097,18.386001586914062,1467800,0.0,0.0
2004-01-12 00:00:00-05:00,18.339179310045743,18.612316320869475,18.315767055925892,18.534276962280273,2062000,0.0,0.0
2004-01-13 00:00:00-05:00,18.643519378190824,18.760579086266553,18.612304547586376,18.690343856811523,1575700,0.0,0.0
2004-01-14 00:00:00-05:00,18.729366975150423,18.84642522104984,18.6903480560094,18.838621139526367,1063100,0.0,0.0
2004-01-15 00:00:00-05:00,18.877649003679203,19.119569672558438,18.807413730701853,18.916667938232422,1508100,0.0,0.0
2004-01-16 00:00:00-05:00,19.057129234023698,19.32246202793082,19.018110318409917,19.041521072387695,1014000,0.0,0.0
2004-01-20 00:00:00-05:00,19.025920046698676,19.314665191357847,18.947882186201884,18.994705200195312,1221300,0.0,0.0
2004-01-21 00:00:00-05:00,19.025910584598577,19.205401444515157,18.95567684277596,19.15857696533203,1702600,0.0,0.0
2004-01-22 00:00:00-05:00,19.158578755574815,19.447323783614603,18.979089367362175,19.37708854675293,1020800,0.0,0.0
2004-01-23 00:00:00-05:00,19.4317138949542,19.595596595887702,19.275636762396058,19.439517974853516,729300,0.0,0.0
2004-01-26 00:00:00-05:00,19.3692889012831,19.494151242410872,19.299053648339164,19.462936401367188,1269600,0.0,0.0
2004-01-27 00:00:00-05:00,19.462937189276676,19.548779121979297,19.31466259500622,19.470741271972656,1150000,0.0,0.0
2004-01-28 00:00:00-05:00,19.462943400264177,19.580001701106198,18.971296452859807,19.033727645874023,1910600,0.0,0.0
2004-01-29 00:00:00-05:00,18.986894128719143,19.119560526606072,18.96348188610043,19.080541610717773,1328100,0.0,0.0
2004-01-30 00:00:00-05:00,19.018111453643662,19.24442385696988,18.955680291849227,19.1741886138916,1122700,0.0,0.0
2004-02-02 00:00:00-05:00,19.197597362818573,19.46293012426015,19.010303911532056,19.275636672973633,900500,0.0,0.0
2004-02-03 00:00:00-05:00,19.16638179728614,19.314656343565606,19.025911331176758,19.025911331176758,1512800,0.0,0.0
2004-02-04 00:00:00-05:00,19.002500023646366,19.080539334589833,18.854225481701377,18.955677032470703,1261700,0.0,0.0
2004-02-05 00:00:00-05:00,18.854223688120587,19.14296866460063,18.83081145052191,19.119556427001953,1025600,0.0,0.0
2004-02-06 00:00:00-05:00,19.127414608789092,19.331566170841583,18.9232630467366,19.30015754699707,2388500,0.15,0.0
2004-02-09 00:00:00-05:00,19.22948954759473,19.57497691997827,19.158821641933425,19.472900390625,927200,0.0,0.0
2004-02-10 00:00:00-05:00,19.378678065861244,19.629941071959013,19.37082590971498,19.56712532043457,739300,0.0,0.0
2004-02-11 00:00:00-05:00,19.629937914563563,19.944016621667497,19.582826482909326,19.920461654663086,2274400,0.0,0.0
2004-02-12 00:00:00-05:00,19.78697927654533,20.23454164986521,19.76342281039594,20.21098518371582,1655700,0.0,0.0
2004-02-13 00:00:00-05:00,20.163877634458828,20.31306562019446,20.069653249350587,20.2502498626709,1313900,0.0,0.0
2004-02-17 00:00:00-05:00,20.336618172521288,20.689957702561102,20.29735889035936,20.62714195251465,858100,0.0,0.0
2004-02-18 00:00:00-05:00,20.532922348215173,20.611442428424077,20.35232721208687,20.525070190429688,603100,0.0,0.0
2004-02-19 00:00:00-05:00,20.548627853393555,20.941226779520566,20.501516401599208,20.548627853393555,1016800,0.0,0.0
2004-02-20 00:00:00-05:00,20.682106344834384,20.713513472246973,20.32091464489271,20.642847061157227,856500,0.0,0.0
2004-02-23 00:00:00-05:00,20.65069379117011,20.744918150773906,20.328762933795673,20.391578674316406,817600,0.0,0.0
2004-02-24 00:00:00-05:00,20.415141852316868,20.493661928201107,20.15602665025099,20.281658172607422,1303500,0.0,0.0
2004-02-25 00:00:00-05:00,20.336629582696332,20.501521955112157,20.273813797406127,20.415149688720703,891700,0.0,0.0
2004-02-26 00:00:00-05:00,20.25810249294924,20.51721770515048,20.163879596319305,20.29736328125,761300,0.0,0.0
2004-02-27 00:00:00-05:00,19.991132954494496,20.64284849077696,19.991132954494496,20.595735549926758,665900,0.0,0.0
2004-03-01 00:00:00-05:00,20.595736553947905,20.878408222245962,20.5721815800203,20.744924545288086,804800,0.0,0.0
2004-03-02 00:00:00-05:00,20.697812955481837,20.88626023381807,20.658552169799805,20.658552169799805,801900,0.0,0.0
2004-03-03 00:00:00-05:00,20.666395937808737,20.949067489390906,20.59572804991319,20.854843139648438,853200,0.0,0.0
2004-03-04 00:00:00-05:00,20.768483586095325,20.807742879261934,20.61144341813682,20.674259185791016,736700,0.0,0.0
2004-03-05 00:00:00-05:00,20.611440603076613,21.420194811606972,20.611440603076613,21.29456329345703,1700200,0.0,0.0
2004-03-08 00:00:00-05:00,21.302409655396733,21.867752870666127,21.302409655396733,21.67145347595215,1113600,0.0,0.0
2004-03-09 00:00:00-05:00,22.574432201348955,22.8492516755032,21.718566651990507,21.797086715698242,2818600,0.0,0.0
2004-03-10 00:00:00-05:00,21.695010387939842,21.82849404820664,21.239595811319997,21.247447967529297,1186700,0.0,0.0
2004-03-11 00:00:00-05:00,21.200339178853927,21.200339178853927,20.689960942595874,20.744924545288086,1004600,0.0,0.0
2004-03-12 00:00:00-05:00,20.650689410275323,21.239587414343763,20.611430142395456,21.058992385864258,738700,0.0,0.0
2004-03-15 00:00:00-05:00,20.878399601495364,21.231739040973075,20.80773171359982,20.854843139648438,1042000,0.0,0.0
2004-03-16 00:00:00-05:00,20.9647843405082,21.161083813742746,20.88626425168515,21.05115509033203,917000,0.0,0.0
2004-03-17 00:00:00-05:00,21.04329893169994,21.271006996238597,21.00403964357403,21.176782608032227,754800,0.0,0.0
2004-03-18 00:00:00-05:00,21.176783478592586,21.561530209097366,21.08256058415863,21.231748580932617,953400,0.0,0.0
2004-03-19 00:00:00-05:00,21.137521275340816,21.373079976603137,21.04329689624847,21.082557678222656,1161400,0.0,0.0
2004-03-22 00:00:00-05:00,20.917662464918497,21.082554730866622,20.846994564890082,20.933366775512695,1050100,0.0,0.0
2004-03-23 00:00:00-05:00,20.933372638234353,21.216044317514672,20.925520480738133,21.019744873046875,1354800,0.0,0.0
2004-03-24 00:00:00-05:00,21.011887152877357,21.35737450301744,20.909810630096064,21.325965881347656,1810300,0.0,0.0
2004-03-25 00:00:00-05:00,21.35737474393889,21.749973533366845,21.278854686524195,21.67145347595215,1693400,0.0,0.0
2004-03-26 00:00:00-05:00,21.671455608572497,21.85990286632496,21.592935543430883,21.80493927001953,817100,0.0,0.0
2004-03-29 00:00:00-05:00,21.789239363716703,21.954130185977462,21.67145999100959,21.946279525756836,1057800,0.0,0.0
2004-03-30 00:00:00-05:00,21.828500481259734,21.985540656435575,21.71072109870091,21.907020568847656,1052700,0.0,0.0
2004-03-31 00:00:00-05:00,21.828493276172587,21.977681243581483,21.710713932490034,21.914865493774414,679300,0.0,0.0
2004-04-01 00:00:00-05:00,21.852057199067964,22.28391543911967,21.59294195550772,22.087615966796875,1322900,0.0,0.0
2004-04-02 00:00:00-05:00,22.221093593427387,22.236797906355278,21.977682733627883,22.1190185546875,934200,0.0,0.0
2004-04-05 00:00:00-04:00,22.119024678761154,22.715775256431478,22.064061065941512,22.692218780517578,1179800,0.0,0.0
2004-04-06 00:00:00-04:00,22.574436846923067,22.802144928770787,22.50376892480798,22.76288414001465,1782500,0.0,0.0
2004-04-07 00:00:00-04:00,22.63724645029523,22.63724645029523,22.338872025184475,22.49591064453125,1429000,0.0,0.0
2004-04-08 00:00:00-04:00,22.69221012873644,22.802138810109714,22.40168785812874,22.535171508789062,1151900,0.0,0.0
2004-04-12 00:00:00-04:00,22.676513951511645,22.77859051385557,22.527327433695277,22.59014320373535,389200,0.0,0.0
2004-04-13 00:00:00-04:00,22.535180021715593,22.660811564190492,22.064060988611654,22.087615966796875,1067600,0.0,0.0
2004-04-14 00:00:00-04:00,21.90701032316663,22.1033097015062,21.797083150543003,21.930566787719727,2108200,0.0,0.0
2004-04-15 00:00:00-04:00,21.930572577098516,22.10331553648683,21.867756819353147,21.977684020996094,1263000,0.0,0.0
2004-04-16 00:00:00-04:00,22.10331610619714,22.331024169921875,21.946277456608968,22.331024169921875,1013000,0.0,0.0
2004-04-19 00:00:00-04:00,22.236803303194968,22.472363561346366,22.0640603120008,22.41739845275879,1082900,0.0,0.0
2004-04-20 00:00:00-04:00,22.362433471876766,22.433101395228405,21.98553887909868,21.993391036987305,1651000,0.0,0.0
2004-04-21 00:00:00-04:00,21.99338959122913,22.236800479191693,21.90701735777801,22.04835319519043,865200,0.0,0.0
2004-04-22 00:00:00-04:00,21.946265972662584,22.68435038456166,21.883450246168085,22.582275390625,905500,0.0,0.0
2004-04-23 00:00:00-04:00,22.378144588546093,22.378144588546093,21.553687229079284,21.844209671020508,4359600,0.0,0.0
2004-04-26 00:00:00-04:00,21.44375250477436,21.640051963984494,20.658554667933814,20.799890518188477,4331600,0.0,0.0
2004-04-27 00:00:00-04:00,20.792036989905228,21.129672277119827,20.65070114896461,20.894113540649414,3014800,0.0,0.0
2004-04-28 00:00:00-04:00,20.768480950907716,20.925519601294493,20.572181514689856,20.697813034057617,1602500,0.0,0.0
2004-04-29 00:00:00-04:00,20.65854668991235,21.043293301663308,20.493655926724266,20.572175979614258,1771500,0.0,0.0
2004-04-30 00:00:00-04:00,20.651149132488282,20.730121324502147,20.493206254729834,20.580074310302734,1363200,0.15,0.0
2004-05-03 00:00:00-04:00,20.556391398805204,20.927558882002444,20.548494026021878,20.89596939086914,1578900,0.0,0.0
2004-05-04 00:00:00-04:00,20.769611517004417,21.23554590178402,20.769611517004417,21.148677825927734,1746300,0.0,0.0
2004-05-05 00:00:00-04:00,21.1565728312647,21.188160808151284,20.635356903076172,20.635356903076172,1570100,0.0,0.0
2004-05-06 00:00:00-04:00,20.453714675449785,20.666939092696023,20.287874466215328,20.587966918945312,1671000,0.0,0.0
2004-05-07 00:00:00-04:00,20.45372610233606,20.493212964406013,20.06676389166916,20.090456008911133,1113400,0.0,0.0
2004-05-10 00:00:00-04:00,20.090456093541583,20.406343460083008,19.861436811380443,20.406343460083008,1839800,0.0,0.0
2004-05-11 00:00:00-04:00,20.430032375460602,20.52479781743571,20.319470684796915,20.493209838867188,854000,0.0,0.0
2004-05-12 00:00:00-04:00,20.374746261935545,20.587970718533164,20.145728572688224,20.572175979614258,991800,0.0,0.0
2004-05-13 00:00:00-04:00,20.41423439054188,20.65114946411874,20.398439650631605,20.501102447509766,944600,0.0,0.0
2004-05-14 00:00:00-04:00,20.50899188177798,20.69062830792565,20.272076899872285,20.38263702392578,969400,0.0,0.0
2004-05-17 00:00:00-04:00,20.137829788688055,20.29577415424423,19.97988542313188,20.145727157592773,829900,0.0,0.0
2004-05-18 00:00:00-04:00,20.15363521965288,20.422139879800646,20.082560368068478,20.240503311157227,511600,0.0,0.0
2004-05-19 00:00:00-04:00,20.437922228675475,20.659044038691295,20.303669970142494,20.343156814575195,1583300,0.0,0.0
2004-05-20 00:00:00-04:00,20.25629611422142,20.77751063832856,20.232605503479125,20.76961326599121,1222200,0.0,0.0
2004-05-21 00:00:00-04:00,20.73011713619509,20.872266751846322,20.66693969660221,20.85647201538086,1206600,0.0,0.0
2004-05-24 00:00:00-04:00,20.864368420428697,20.919648489236895,20.651144006795167,20.848573684692383,1210300,0.0,0.0
2004-05-25 00:00:00-04:00,20.769608030795958,21.314514534565813,20.71432794463817,21.282926559448242,1028800,0.0,0.0
2004-05-26 00:00:00-04:00,21.164466734461055,21.59091567993164,21.164466734461055,21.59091567993164,964300,0.0,0.0
2004-05-27 00:00:00-04:00,21.57511620098977,21.661985746268876,21.488246655710658,21.61460304260254,869700,0.0,0.0
2004-05-28 00:00:00-04:00,21.654094581493485,21.819934844970703,21.638299840323437,21.819934844970703,1345700,0.0,0.0
2004-06-01 00:00:00-04:00,21.740961323279645,21.85941885410547,21.638297025299828,21.843624114990234,646000,0.0,0.0
2004-06-02 00:00:00-04:00,21.875214115049957,22.104231812607168,21.812036663351147,22.08053970336914,1427500,0.0,0.0
2004-06-03 00:00:00-04:00,21.88311156423224,22.191102981567383,21.88311156423224,22.191102981567383,937400,0.0,0.0
2004-06-04 00:00:00-04:00,22.230581607658944,22.46749812679059,22.191096274271462,22.38062858581543,842800,0.0,0.0
2004-06-07 00:00:00-04:00,22.39643249889515,22.491197940363996,22.206900109687925,22.428020477294922,1220400,0.0,0.0
2004-06-08 00:00:00-04:00,22.349041237031887,22.728107402396336,22.349041237031887,22.680723190307617,1077900,0.0,0.0
2004-06-09 00:00:00-04:00,22.688627700738547,22.688627700738547,22.420123106127594,22.428020477294922,1083000,0.0,0.0
2004-06-10 00:00:00-04:00,22.428023918723536,22.601763098524742,22.364846445960303,22.475406646728516,580300,0.0,0.0
2004-06-14 00:00:00-04:00,22.428022765558143,22.428022765558143,22.21479824109429,22.396434783935547,1365900,0.0,0.0
2004-06-15 00:00:00-04:00,22.412230504137156,22.57017494855416,22.341157161046347,22.435922622680664,1062200,0.0,0.0
2004-06-16 00:00:00-04:00,22.412231990316304,22.443821483802378,22.151624694135997,22.18321418762207,1327700,0.0,0.0
2004-06-17 00:00:00-04:00,22.23059902257668,22.412234108477932,22.143730919820047,22.285879135131836,826000,0.0,0.0
2004-06-18 00:00:00-04:00,22.112137867268675,22.53068959058484,22.088445748725167,22.435922622680664,934900,0.0,0.0
2004-06-21 00:00:00-04:00,22.349046797520977,22.412224256422224,22.12002907385499,22.1516170501709,680900,0.0,0.0
2004-06-22 00:00:00-04:00,22.072645688610535,22.3806356031546,21.969981379582922,22.309560775756836,951700,0.0,0.0
2004-06-23 00:00:00-04:00,22.309567677934897,22.514894853245263,22.254287574249386,22.451717376708984,1107600,0.0,0.0
2004-06-24 00:00:00-04:00,22.349046471357408,22.41222392933664,22.175308838481875,22.246383666992188,683200,0.0,0.0
2004-06-25 00:00:00-04:00,22.25428283042235,22.46750733313155,22.167413253851297,22.428020477294922,1989700,0.0,0.0
2004-06-28 00:00:00-04:00,22.42801388779635,22.50698606999753,22.25427629196903,22.270071029663086,1441800,0.0,0.0
2004-06-29 00:00:00-04:00,22.238486283490342,22.29376637090625,22.120028738132053,22.230588912963867,1027700,0.0,0.0
2004-06-30 00:00:00-04:00,22.270072492871105,22.483295440673828,22.120025487457255,22.483295440673828,1088800,0.0,0.0
2004-07-01 00:00:00-04:00,22.428016108470207,22.4753988199748,21.898904393482987,22.15951156616211,1151200,0.0,0.0
2004-07-02 00:00:00-04:00,22.112131367605578,22.309561111959198,22.088439256026156,22.230588912963867,446600,0.0,0.0
2004-07-06 00:00:00-04:00,22.11213578386498,22.143725272279962,21.654098745735705,21.78835105895996,1026100,0.0,0.0
2004-07-07 00:00:00-04:00,21.796239852905273,21.930492113293024,21.725165038213575,21.796239852905273,1000000,0.0,0.0
2004-07-08 00:00:00-04:00,21.76465846731505,21.8357333084268,21.519845962524414,21.519845962524414,813000,0.0,0.0
2004-07-09 00:00:00-04:00,21.54353865590462,21.654098853367174,21.48036118503034,21.5593318939209,556100,0.0,0.0
2004-07-12 00:00:00-04:00,21.583020725852478,21.92260014497577,21.55932861302894,21.85942268371582,657100,0.0,0.0
2004-07-13 00:00:00-04:00,21.796243214178105,22.056850406147078,21.725168388525717,22.02526092529297,792800,0.0,0.0
2004-07-14 00:00:00-04:00,21.954182954508372,21.977875061754848,21.72516527620233,21.883108139038086,638100,0.0,0.0
2004-07-15 00:00:00-04:00,21.859427130632408,21.898912487101423,21.37769794910751,21.385595321655273,1178000,0.0,0.0
2004-07-16 00:00:00-04:00,21.480357229909767,21.519842577084713,21.172365798121298,21.243440628051758,987000,0.0,0.0
2004-07-19 00:00:00-04:00,21.25923444840803,21.409281472457284,21.18815962155677,21.282926559448242,999500,0.0,0.0
2004-07-20 00:00:00-04:00,21.290825997220644,21.322415483909936,21.02232289170984,21.148677825927734,1163800,0.0,0.0
2004-07-21 00:00:00-04:00,21.29872048111355,21.417179533867525,21.117085476085943,21.140777587890625,1001700,0.0,0.0
2004-07-22 00:00:00-04:00,21.00652654277029,21.01442391383899,20.14573267778554,20.540592193603516,2089400,0.0,0.0
2004-07-23 00:00:00-04:00,20.540588721743166,20.540588721743166,20.090449190798353,20.4774112701416,1474800,0.0,0.0
2004-07-26 00:00:00-04:00,20.437921865723997,20.627455703096878,20.31156697832146,20.619558334350586,1059000,0.0,0.0
2004-07-27 00:00:00-04:00,20.67484255596221,20.809094839037396,20.516898161896332,20.524795532226562,660900,0.0,0.0
2004-07-28 00:00:00-04:00,20.493194640697066,20.93543655656758,20.390530397380786,20.87225914001465,1212700,0.0,0.0
2004-07-29 00:00:00-04:00,20.92755743788413,21.21975418562459,20.888072082962054,21.164472579956055,1040100,0.0,0.0
2004-07-30 00:00:00-04:00,21.172411452040123,21.243886330968984,20.97387045829275,20.997695922851562,928500,0.15,0.0
2004-08-02 00:00:00-04:00,21.00564020407957,21.370954948273354,20.89445620453332,21.29153823852539,946800,0.0,0.0
2004-08-03 00:00:00-04:00,21.228002926316016,21.27565385596875,20.981812515433923,21.235944747924805,589700,0.0,0.0
2004-08-04 00:00:00-04:00,21.0850554926335,21.259772557803785,20.9341654096654,21.156530380249023,765700,0.0,0.0
2004-08-05 00:00:00-04:00,21.156531048914665,21.156531048914665,19.862044237932853,20.251184463500977,3028800,0.0,0.0
2004-08-06 00:00:00-04:00,20.155875469748484,20.306767007584742,19.862035728156307,19.94939422607422,1191300,0.0,0.0
2004-08-09 00:00:00-04:00,19.949401568602166,20.012934631904336,19.703209622902,19.80645179748535,935000,0.0,0.0
2004-08-10 00:00:00-04:00,20.012927271500395,20.012927271500395,19.75879359700991,19.909685134887695,1623200,0.0,0.0
2004-08-11 00:00:00-04:00,19.90969126725572,19.933516732600303,19.734975732304978,19.869983673095703,1054500,0.0,0.0
2004-08-12 00:00:00-04:00,19.869980308317743,19.909687895753684,19.576139011150723,19.703205108642578,797600,0.0,0.0
2004-08-13 00:00:00-04:00,19.70320942486355,19.814393420585617,19.42525170767993,19.528493881225586,1196400,0.0,0.0
2004-08-16 00:00:00-04:00,19.576146455140776,19.917637290035085,19.488789426614,19.8779296875,1084500,0.0,0.0
2004-08-17 00:00:00-04:00,19.87792434383948,20.171764159003004,19.798507645370474,19.885866165161133,919400,0.0,0.0
2004-08-18 00:00:00-04:00,19.830274418859307,20.155881535777578,19.78262500326697,20.100290298461914,1236500,0.0,0.0
2004-08-19 00:00:00-04:00,20.108230198442502,20.203530535266943,19.95733862961525,20.139997482299805,603500,0.0,0.0
2004-08-20 00:00:00-04:00,20.10029137696979,20.362365448911007,20.068525603119667,20.211475372314453,1299300,0.0,0.0
2004-08-23 00:00:00-04:00,20.251174911111658,20.370299166462896,20.179700054951496,20.298824310302734,632200,0.0,0.0
2004-08-24 00:00:00-04:00,20.330594288173685,20.34647792826399,20.092344231060963,20.227352142333984,374900,0.0,0.0
2004-08-25 00:00:00-04:00,20.30677070363538,20.386187396674796,20.211471883786025,20.314712524414062,715900,0.0,0.0
2004-08-26 00:00:00-04:00,20.322652771392953,20.473544325007957,20.235294264339956,20.417951583862305,2140800,0.0,0.0
2004-08-27 00:00:00-04:00,20.417954248224998,20.489429124277507,20.338539065719996,20.433837890625,1982000,0.0,0.0
2004-08-30 00:00:00-04:00,20.441780783701013,20.640321779869144,20.43383896208458,20.552963256835938,548300,0.0,0.0
2004-08-31 00:00:00-04:00,20.513256399368196,20.687971936954543,20.44178151700386,20.608556747436523,1016700,0.0,0.0
2004-09-01 00:00:00-04:00,20.687965766763874,20.862682766988478,20.560899683735354,20.73561668395996,970000,0.0,0.0
2004-09-02 00:00:00-04:00,20.743560222233874,21.220057315698156,20.608552308486374,21.188291549682617,958300,0.0,0.0
2004-09-03 00:00:00-04:00,21.21212162289493,21.331247445419308,21.156530380249023,21.156530380249023,705000,0.0,0.0
2004-09-07 00:00:00-04:00,21.1565290048177,21.59332012459893,21.132705053659876,21.529787063598633,1056500,0.0,0.0
2004-09-08 00:00:00-04:00,21.48213523452735,21.903042692791235,21.42654399781747,21.74420928955078,1166900,0.0,0.0
2004-09-09 00:00:00-04:00,21.75215262181395,21.90304421389662,21.66479560723783,21.775978088378906,657800,0.0,0.0
2004-09-10 00:00:00-04:00,21.6965640319863,21.85539746566251,21.537732113057974,21.7918643951416,416300,0.0,0.0
2004-09-13 00:00:00-04:00,21.78391370454306,22.06187134295603,21.64096397537369,22.03804588317871,580500,0.0,0.0
2004-09-14 00:00:00-04:00,21.934814101006,21.982463525032678,21.283598237151313,21.887163162231445,521700,0.0,0.0
2004-09-15 00:00:00-04:00,22.006274452216392,22.16510779127502,21.783909595230696,21.8077335357666,801000,0.0,0.0
2004-09-16 00:00:00-04:00,21.86333424771003,21.92686730358188,21.791859370510753,21.90304183959961,773600,0.0,0.0
2004-09-17 00:00:00-04:00,22.05392763655516,22.101577037286635,21.887152461874283,21.950685501098633,693600,0.0,0.0
2004-09-20 00:00:00-04:00,21.823620933496304,22.0142200643645,21.783913349262313,21.982454299926758,335200,0.0,0.0
2004-09-21 00:00:00-04:00,21.982458014508047,22.23659023194207,21.926866781287792,22.165115356445312,737700,0.0,0.0
2004-09-22 00:00:00-04:00,21.918920160572934,21.92686197997217,21.640962540588422,21.823619842529297,928400,0.0,0.0
2004-09-23 00:00:00-04:00,21.83157199618671,21.887163243549022,21.63303096146539,21.7918643951416,624300,0.0,0.0
2004-09-24 00:00:00-04:00,21.799802498952747,22.28424151099222,21.720385795664228,22.25247573852539,1334200,0.0,0.0
2004-09-27 00:00:00-04:00,22.093642810745255,22.308067459846818,21.966576688628994,22.08570098876953,1058000,0.0,0.0
2004-09-28 00:00:00-04:00,22.053934035266998,22.188941972133232,21.895100633748754,22.149232864379883,556500,0.0,0.0
2004-09-29 00:00:00-04:00,22.03010593280925,22.133348085858536,21.95863106215894,22.12540626525879,428500,0.0,0.0
2004-09-30 00:00:00-04:00,22.951334432955424,23.380183629147922,22.32394579358717,22.824268341064453,3304800,0.0,0.0
2004-10-01 00:00:00-04:00,22.832215851074213,22.927516201115502,22.768682789295916,22.871923446655273,1851400,0.0,0.0
2004-10-04 00:00:00-04:00,22.57807496086782,23.07045562247491,22.57807496086782,22.800439834594727,1722400,0.0,0.0
2004-10-05 00:00:00-04:00,22.67337915429674,22.697204617042107,22.268356890857696,22.649555206298828,1640000,0.0,0.0
2004-10-06 00:00:00-04:00,22.593958598918913,22.832207110696913,22.514541923410547,22.800439834594727,828200,0.0,0.0
2004-10-07 00:00:00-04:00,22.713084070615206,22.935448956245068,22.538367072194966,22.59395980834961,875800,0.0,0.0
2004-10-08 00:00:00-04:00,22.657489826368398,22.816321649949654,22.284231935721152,22.387474060058594,838800,0.0,0.0
2004-10-11 00:00:00-04:00,22.31600876565437,22.53837371684071,22.20482477531358,22.300125122070312,827200,0.0,0.0
2004-10-12 00:00:00-04:00,22.165111972496536,22.387478386176365,21.903037973935113,22.03804588317871,1640900,0.0,0.0
2004-10-13 00:00:00-04:00,22.038046675014133,22.133347002800313,21.83950571397797,21.966571807861328,1015200,0.0,0.0
2004-10-14 00:00:00-04:00,21.91892462416214,22.038048909914888,18.289595730726745,18.408720016479492,14114100,0.0,0.0
2004-10-15 00:00:00-04:00,17.868690099798904,18.019581684770987,16.725093509282438,17.265125274658203,8521400,0.0,0.0
2004-10-18 00:00:00-04:00,17.15393490214523,17.717790358651385,16.76479490087755,16.891860961914062,7159500,0.0,0.0
2004-10-19 00:00:00-04:00,16.83627867347685,16.84421898109676,14.938225540546936,15.247950553894043,10654400,0.0,0.0
2004-10-20 00:00:00-04:00,15.24795390480347,15.811809784090128,14.660271038429904,15.541793823242188,6902000,0.0,0.0
2004-10-21 00:00:00-04:00,15.541790371266893,16.37566354093862,15.105000745306272,15.295599937438965,6257700,0.0,0.0
2004-10-22 00:00:00-04:00,15.367073412299746,16.081820695831635,15.367073412299746,15.724446296691895,3920700,0.0,0.0
2004-10-25 00:00:00-04:00,14.77145176034264,15.724447719712913,14.414077328861458,15.597381591796875,5445800,0.0,0.0
2004-10-26 00:00:00-04:00,17.463661709618787,17.471603529356344,16.288299653910514,17.10628890991211,9023700,0.0,0.0
2004-10-27 00:00:00-04:00,16.875992289051307,17.18571589810739,16.542443204395422,17.16189193725586,2991900,0.0,0.0
2004-10-28 00:00:00-04:00,17.161885116187065,17.431901006672714,16.971285931387964,17.090410232543945,2526400,0.0,0.0
2004-10-29 00:00:00-04:00,16.594563864779914,16.618556554443824,15.842809701148765,16.32265281677246,6532900,0.15,0.0
2004-11-01 00:00:00-05:00,16.322658029271235,16.706532034205328,15.946781590112398,16.51459503173828,3704800,0.0,0.0
2004-11-02 00:00:00-05:00,15.770838061567659,16.474608590091634,15.770838061567659,16.36264419555664,3256000,0.0,0.0
2004-11-03 00:00:00-05:00,16.594560989144284,16.722518927753153,16.098722833000707,16.410621643066406,3263600,0.0,0.0
2004-11-04 00:00:00-05:00,16.41863205269013,16.63456028969734,16.378644212222017,16.594573974609375,1428500,0.0,0.0
2004-11-05 00:00:00-05:00,16.498596727635487,16.674540090099175,16.306659762076432,16.474605560302734,2066600,0.0,0.0
2004-11-08 00:00:00-05:00,16.530595612636077,16.706537541552255,16.418632705633073,16.554588317871094,2442700,0.0,0.0
2004-11-09 00:00:00-05:00,16.714536610557822,16.794510776474244,16.60257369350304,16.7225341796875,2224900,0.0,0.0
2004-11-10 00:00:00-05:00,16.794507659353943,16.85848667513628,16.530594028579298,16.67454719543457,1731700,0.0,0.0
2004-11-11 00:00:00-05:00,16.706530364388275,16.778506923791824,16.586569940508873,16.650548934936523,1525300,0.0,0.0
2004-11-12 00:00:00-05:00,16.650550545790235,16.650550545790235,16.034751711486557,16.522592544555664,3045200,0.0,0.0
2004-11-15 00:00:00-05:00,16.474612580442262,16.69853837299041,16.434624742215764,16.67454719543457,1349100,0.0,0.0
2004-11-16 00:00:00-05:00,16.746521318009933,16.77851005851042,16.682542311629124,16.698535919189453,2196100,0.0,0.0
2004-11-17 00:00:00-05:00,16.69053740567237,16.84248656995564,16.522591585438743,16.610563278198242,2072500,0.0,0.0
2004-11-18 00:00:00-05:00,16.666544064888324,16.714527929364174,16.49859825115352,16.650548934936523,1316300,0.0,0.0
2004-11-19 00:00:00-05:00,16.65055090226039,16.658548468181234,16.22669058611388,16.35464859008789,2224800,0.0,0.0
2004-11-22 00:00:00-05:00,16.306662157034243,16.674542539087543,16.16270903037772,16.570575714111328,2841200,0.0,0.0
2004-11-23 00:00:00-05:00,16.594569057785467,16.762513361850683,16.282671621447385,16.530590057373047,2923500,0.0,0.0
2004-11-24 00:00:00-05:00,16.610565168782557,16.930460189709326,16.610565168782557,16.898469924926758,1745800,0.0,0.0
2004-11-26 00:00:00-05:00,16.754515854149982,16.946452838577446,16.682539294317237,16.810497283935547,946800,0.0,0.0
2004-11-29 00:00:00-05:00,16.826490556191295,16.914460710978986,16.610560900533585,16.80249786376953,1177200,0.0,0.0
2004-11-30 00:00:00-05:00,16.794499358482458,16.954447581572108,16.6905340812397,16.89046859741211,1994100,0.0,0.0
2004-12-01 00:00:00-05:00,16.994440696528308,17.498275208364102,16.95445438739433,17.41030502319336,2224800,0.0,0.0
2004-12-02 00:00:00-05:00,17.242359168994817,17.47428403303568,17.04242457256507,17.41030502319336,1938500,0.0,0.0
2004-12-03 00:00:00-05:00,17.394314378863697,17.954132003507986,17.210374868764692,17.802181243896484,2416900,0.0,0.0
2004-12-06 00:00:00-05:00,17.754194210893314,17.754194210893314,17.490280583248847,17.59424591064453,2553500,0.0,0.0
2004-12-07 00:00:00-05:00,17.594238383873446,17.754186615696778,17.322327305001412,17.578243255615234,2376000,0.0,0.0
2004-12-08 00:00:00-05:00,17.546259480525087,17.690212624750643,17.442292642860046,17.63422966003418,1346000,0.0,0.0
2004-12-09 00:00:00-05:00,17.482275242672607,17.962116879310138,17.31432944954598,17.922130584716797,2177300,0.0,0.0
2004-12-10 00:00:00-05:00,18.242031682973355,18.242031682973355,17.626234301062528,18.042097091674805,1772300,0.0,0.0
2004-12-13 00:00:00-05:00,18.010104232295348,18.194043648141516,17.714200433664075,17.914134979248047,1862300,0.0,0.0
2004-12-14 00:00:00-05:00,17.586247845751053,18.425974110239466,17.56225514377824,18.393983840942383,2617200,0.0,0.0
2004-12-15 00:00:00-05:00,18.31400642779117,18.697880438633497,18.31400642779117,18.657894134521484,1699200,0.0,0.0
2004-12-16 00:00:00-05:00,18.51394255724374,18.63390300505537,18.210042654428953,18.537935256958008,1184400,0.0,0.0
2004-12-17 00:00:00-05:00,18.53793069778163,18.793846663608345,18.441961447906873,18.59391212463379,1701300,0.0,0.0
2004-12-20 00:00:00-05:00,18.753863316998824,18.793849620934033,18.377985348337123,18.49794578552246,914800,0.0,0.0
2004-12-21 00:00:00-05:00,18.497953246103464,18.561932273431598,18.33000887138473,18.52194595336914,1491100,0.0,0.0
2004-12-22 00:00:00-05:00,18.601911387248304,18.737866947176407,18.449960696651104,18.625904083251953,988400,0.0,0.0
2004-12-23 00:00:00-05:00,18.64190651306933,18.77786213735481,18.49795331966349,18.67389678955078,600600,0.0,0.0
2004-12-27 00:00:00-05:00,18.63389997636198,18.6738878027196,18.4019766850062,18.473953247070312,1010800,0.0,0.0
2004-12-28 00:00:00-05:00,18.433961539249143,18.80983940096774,18.433961539249143,18.785846710205078,595200,0.0,0.0
2004-12-29 00:00:00-05:00,18.657902296771123,18.977797445750536,18.657902296771123,18.905820846557617,501200,0.0,0.0
2004-12-30 00:00:00-05:00,18.833844247364702,19.073766753134553,18.737876465361076,18.905820846557617,611100,0.0,0.0
2004-12-31 00:00:00-05:00,18.873822561291835,19.193717548694146,18.865824995934325,19.081754684448242,669700,0.0,0.0
2005-01-03 00:00:00-05:00,19.27369435163258,19.385657231416342,18.817843740650314,18.857830047607422,1874000,0.0,0.0
2005-01-04 00:00:00-05:00,18.793845706277462,18.8018432704746,18.457955636894773,18.681882858276367,1622700,0.0,0.0
2005-01-05 00:00:00-05:00,18.68188893281089,18.777856683622236,18.17805290222168,18.17805290222168,2484500,0.0,0.0
2005-01-06 00:00:00-05:00,18.178056541468948,18.705883852742083,17.99411704443926,18.641904830932617,1918600,0.0,0.0
2005-01-07 00:00:00-05:00,18.753866520952737,18.777857697260682,18.146065139945154,18.258028030395508,1784500,0.0,0.0
2005-01-10 00:00:00-05:00,18.194042787416493,18.577916730686297,18.07408237081711,18.457956314086914,1289600,0.0,0.0
2005-01-11 00:00:00-05:00,18.40997864735892,18.449964957887357,18.018107007736347,18.274023056030273,1141700,0.0,0.0
2005-01-12 00:00:00-05:00,18.274023219595723,18.425973946647797,17.970121765491577,18.41797637939453,828400,0.0,0.0
2005-01-13 00:00:00-05:00,18.314008541428876,18.441966559810744,18.034099804201073,18.170055389404297,1308500,0.0,0.0
2005-01-14 00:00:00-05:00,18.130061697528657,18.465951740340724,18.0900754050855,18.314001083374023,891100,0.0,0.0
2005-01-18 00:00:00-05:00,18.314001083374023,18.433961486082776,18.066082714392035,18.314001083374023,1146000,0.0,0.0
2005-01-19 00:00:00-05:00,18.15406205829147,18.433969274412586,18.15406205829147,18.29801368713379,953400,0.0,0.0
2005-01-20 00:00:00-05:00,18.194057483852664,18.26603409702803,17.954136456855235,18.034109115600586,1162700,0.0,0.0
2005-01-21 00:00:00-05:00,17.99410910255754,18.14605978430763,17.88214624515197,17.914134979248047,959000,0.0,0.0
2005-01-24 00:00:00-05:00,17.914143853554613,17.962127741158753,17.6662253213229,17.682220458984375,878900,0.0,0.0
2005-01-25 00:00:00-05:00,17.65821897533843,17.682211669904888,17.074410469303693,17.450286865234375,1561500,0.0,0.0
2005-01-26 00:00:00-05:00,17.450279594637227,17.450279594637227,17.138382322121803,17.266340255737305,2124900,0.0,0.0
2005-01-27 00:00:00-05:00,17.11440478949658,17.43429990674899,17.11440478949658,17.42630386352539,1442100,0.0,0.0
2005-01-28 00:00:00-05:00,17.426308698248803,17.546269209827553,17.162393437242624,17.338336944580078,1308000,0.0,0.0
2005-01-31 00:00:00-05:00,17.6342305106821,18.186050415039062,17.466286184570794,18.186050415039062,2523500,0.0,0.0
2005-02-01 00:00:00-05:00,18.355102660477442,18.516112952528697,18.13774076236858,18.34705352783203,1886200,0.15,0.0
2005-02-02 00:00:00-05:00,18.27460511935757,18.42756325854828,18.129696115485565,18.3712100982666,1116400,0.0,0.0
2005-02-03 00:00:00-05:00,18.31485314563346,18.379256963406572,17.92037956983464,18.065288543701172,1453900,0.0,0.0
2005-02-04 00:00:00-05:00,18.073340831325982,18.339006795368924,17.904279834839596,18.12969398498535,1702800,0.0,0.0
2005-02-07 00:00:00-05:00,18.065294575489528,18.419514923757557,17.35685080793617,18.16189956665039,1670900,0.0,0.0
2005-02-08 00:00:00-05:00,18.113596824886105,18.274607188644097,17.920385309681688,18.15384864807129,1046800,0.0,0.0
2005-02-09 00:00:00-05:00,19.76394807422985,20.16647248743623,18.556374834610704,19.739797592163086,6344400,0.0,0.0
2005-02-10 00:00:00-05:00,19.240665805510492,19.602938375809188,19.07160629637691,19.401676177978516,2992400,0.0,0.0
2005-02-11 00:00:00-05:00,19.40972138066169,20.351628262508395,19.401670710756026,20.319425582885742,2398900,0.0,0.0
2005-02-14 00:00:00-05:00,19.93300612523655,20.263075971531567,19.570733593689067,20.15036964416504,1499700,0.0,0.0
2005-02-15 00:00:00-05:00,20.12621505133339,20.480436866179193,20.12621505133339,20.424083709716797,1040000,0.0,0.0
2005-02-16 00:00:00-05:00,20.42407395049912,20.464325747164967,20.11815476801128,20.198659896850586,1342200,0.0,0.0
2005-02-17 00:00:00-05:00,20.126212373071787,20.21476819887591,19.60293115847355,19.72368812561035,1428100,0.0,0.0
2005-02-18 00:00:00-05:00,19.723694955303504,19.86860398024835,19.50633141788624,19.771997451782227,1181800,0.0,0.0
2005-02-22 00:00:00-05:00,19.72369149155136,19.924953649628414,19.562681150886352,19.635135650634766,1028400,0.0,0.0
2005-02-23 00:00:00-05:00,19.619033979501644,19.804194778804526,19.522427477186774,19.562679290771484,957400,0.0,0.0
2005-02-24 00:00:00-05:00,19.667343139648438,19.908857174163305,19.58683794964055,19.667343139648438,1471000,0.0,0.0
2005-02-25 00:00:00-05:00,19.66733978496492,19.957157805355155,19.64318777142956,19.91690444946289,1186700,0.0,0.0
2005-02-28 00:00:00-05:00,19.836404261553792,19.924960131277878,19.562687514687443,19.731748580932617,1043700,0.0,0.0
2005-03-01 00:00:00-05:00,19.65928914853133,19.8605513218228,19.49827879569474,19.683441162109375,1677800,0.0,0.0
2005-03-02 00:00:00-05:00,19.64318908514413,19.771996761596856,19.401675075672426,19.514381408691406,1261400,0.0,0.0
2005-03-03 00:00:00-05:00,19.522432633385577,19.586836473436193,19.385574281339434,19.45802879333496,890500,0.0,0.0
2005-03-04 00:00:00-05:00,19.80419815898255,20.263075668405744,19.56268262972767,19.683441162109375,1712200,0.0,0.0
2005-03-07 00:00:00-05:00,19.884699908155472,20.287224185360984,19.884699908155472,20.077911376953125,1724700,0.0,0.0
2005-03-08 00:00:00-05:00,20.15841657328136,20.206719056684666,19.538528816823963,19.562679290771484,1534800,0.0,0.0
2005-03-09 00:00:00-05:00,19.514379478389007,19.643187142100473,19.30506664098075,19.353370666503906,1118700,0.0,0.0
2005-03-10 00:00:00-05:00,19.361416819530934,19.562678955016736,19.280913193743203,19.466073989868164,763000,0.0,0.0
2005-03-11 00:00:00-05:00,19.4982769791863,19.602934159432515,19.16015649813644,19.1682071685791,648100,0.0,0.0
2005-03-14 00:00:00-05:00,19.280913193743203,19.594881633738417,19.22455850598026,19.466073989868164,475900,0.0,0.0
2005-03-15 00:00:00-05:00,19.482180308259963,19.619038656787318,19.168210252515664,19.28091812133789,862300,0.0,0.0
2005-03-16 00:00:00-05:00,19.079659505491005,19.184315186654736,18.77374006422672,18.97500228881836,1011400,0.0,0.0
2005-03-17 00:00:00-05:00,18.999148654160834,18.999148654160834,18.64492681435804,18.669078826904297,1236800,0.0,0.0
2005-03-18 00:00:00-05:00,18.596621840432654,18.709328146241717,18.226298708404194,18.355106353759766,2326700,0.0,0.0
2005-03-21 00:00:00-05:00,18.395362698791402,18.66102870254645,18.355109343368817,18.61272621154785,1205200,0.0,0.0
2005-03-22 00:00:00-05:00,18.685179643517596,18.894492490378624,18.266555485304085,18.33095932006836,1376900,0.0,0.0
2005-03-23 00:00:00-05:00,18.290697871827994,18.61271843869574,18.19409293017396,18.242395401000977,871000,0.0,0.0
2005-03-24 00:00:00-05:00,18.322911053485416,18.403416241383407,18.025042318915478,18.0491943359375,1150400,0.0,0.0
2005-03-28 00:00:00-05:00,18.21020104256047,18.508068181604422,18.073342711362095,18.3631591796875,1028600,0.0,0.0
2005-03-29 00:00:00-05:00,18.363159427439438,18.588573604074604,18.266554448530407,18.3712100982666,2075400,0.0,0.0
2005-03-30 00:00:00-05:00,18.43561848232677,18.58857819480162,18.3229121339289,18.55637550354004,1215500,0.0,0.0
2005-03-31 00:00:00-05:00,18.596622846985213,18.620773322103883,18.339007542330496,18.387310028076172,1052500,0.0,0.0
2005-04-01 00:00:00-05:00,18.540265290733238,18.773728529351406,18.033083936497547,18.137741088867188,938900,0.0,0.0
2005-04-04 00:00:00-04:00,18.314852574190585,18.41950819899097,17.9847828264634,18.194095611572266,2099000,0.0,0.0
2005-04-05 00:00:00-04:00,18.194103244899186,18.31486025818105,17.872084030977966,17.8962345123291,1209500,0.0,0.0
2005-04-06 00:00:00-04:00,17.944537382087397,18.12164755437874,17.89623335150088,18.08139419555664,3066200,0.0,0.0
2005-04-07 00:00:00-04:00,18.04114304969166,18.226303900700252,17.936487383841623,18.178001403808594,1040000,0.0,0.0
2005-04-08 00:00:00-04:00,18.178002753371544,18.298759772320217,18.113598907565,18.234355926513672,793000,0.0,0.0
2005-04-11 00:00:00-04:00,18.31485627290413,18.564420917449706,18.31485627290413,18.411462783813477,1753100,0.0,0.0
2005-04-12 00:00:00-04:00,18.4356173839013,18.644930258103866,18.19410335586458,18.508071899414062,1087200,0.0,0.0
2005-04-13 00:00:00-04:00,18.500013929792637,18.59662042420637,18.041136536220705,18.065288543701172,821800,0.0,0.0
2005-04-14 00:00:00-04:00,18.137746003696027,18.298754806766606,17.743272363236777,17.815725326538086,1105600,0.0,0.0
2005-04-15 00:00:00-04:00,17.63056552451967,17.694969356548178,17.23609186140651,17.244142532348633,1192100,0.0,0.0
2005-04-18 00:00:00-04:00,17.252196399430673,17.477609085536134,17.115338039077173,17.372953414916992,749000,0.0,0.0
2005-04-19 00:00:00-04:00,17.380997902516206,17.41319904528339,17.139483957483613,17.284391403198242,688900,0.0,0.0
2005-04-20 00:00:00-04:00,17.21193557507312,17.308542066883945,17.083127942997425,17.155582427978516,1084000,0.0,0.0
2005-04-21 00:00:00-04:00,17.2763397231,17.582259006789524,17.05897779948791,17.53395652770996,1936300,0.0,0.0
2005-04-22 00:00:00-04:00,17.46956050969394,17.662772047779324,17.22804493545561,17.316600799560547,798900,0.0,0.0
2005-04-25 00:00:00-04:00,17.4856582832689,17.68692047060836,17.348799934457727,17.622516632080078,630000,0.0,0.0
2005-04-26 00:00:00-04:00,17.63057122372471,17.815732108722653,17.389057159423828,17.389057159423828,1345100,0.0,0.0
2005-04-27 00:00:00-04:00,17.389054391499872,17.429306217306564,17.083134987537612,17.211942672729492,968500,0.0,0.0
2005-04-28 00:00:00-04:00,17.21999072450867,17.21999072450867,16.946274051252082,16.95432472229004,1418800,0.0,0.0
2005-04-29 00:00:00-04:00,17.108374109378772,17.254322569334917,16.784045057544507,16.905668258666992,2103900,0.15,0.0
2005-05-02 00:00:00-04:00,16.90567518081557,17.27865335651281,16.735401392305956,17.15703010559082,2818800,0.0,0.0
2005-05-03 00:00:00-04:00,17.213791657533985,17.497580342253034,16.986761946977875,17.246225357055664,2399200,0.0,0.0
2005-05-04 00:00:00-04:00,18.64894527914456,21.162499082594827,18.64894527914456,19.82464027404785,7760800,0.0,0.0
2005-05-05 00:00:00-04:00,19.82464027404785,20.140861025198003,19.621934347100627,19.82464027404785,2826000,0.0,0.0
2005-05-06 00:00:00-04:00,19.840859038526546,20.011132851096825,19.605720926387484,19.638153076171875,1399200,0.0,0.0
2005-05-09 00:00:00-04:00,19.70301469761396,20.30302557847249,19.654365710106635,20.221942901611328,1694100,0.0,0.0
2005-05-10 00:00:00-04:00,20.148971392106844,20.213837233128157,19.83274906391975,20.011131286621094,1360100,0.0,0.0
2005-05-11 00:00:00-04:00,20.05977445853475,20.34356301058155,19.946259656325307,20.24626350402832,1241300,0.0,0.0
2005-05-12 00:00:00-04:00,20.432761941492505,20.797631751486858,19.865184619469574,19.913833618164062,2589800,0.0,0.0
2005-05-13 00:00:00-04:00,20.043561079354397,20.043561079354397,19.10300572177048,19.45166015625,1936500,0.0,0.0
2005-05-16 00:00:00-04:00,19.516523707529597,19.98680133133067,19.500306864444628,19.605714797973633,1393000,0.0,0.0
2005-05-17 00:00:00-04:00,19.6219332447742,19.840854458220733,19.443551049306812,19.703014373779297,1484400,0.0,0.0
2005-05-18 00:00:00-04:00,19.89761083916528,20.067883043873067,19.751662351402494,19.865177154541016,2230400,0.0,0.0
2005-05-19 00:00:00-04:00,19.91383054515692,20.03545379638672,19.82464098573429,20.03545379638672,1170900,0.0,0.0
2005-05-20 00:00:00-04:00,20.189515184924165,20.27059788577203,19.962485478378806,20.116540908813477,1241400,0.0,0.0
2005-05-23 00:00:00-04:00,20.18951430964395,20.367896553080588,20.10843161231128,20.327354431152344,1857900,0.0,0.0
2005-05-24 00:00:00-04:00,20.270593939456276,20.448974609375,20.116536992489802,20.448974609375,3409200,0.0,0.0
2005-05-25 00:00:00-04:00,20.440865759628103,20.440865759628103,20.221944525008652,20.230052947998047,1421800,0.0,0.0
2005-05-26 00:00:00-04:00,20.294920212558644,20.440867197060303,20.14086325797373,20.189512252807617,1549900,0.0,0.0
2005-05-27 00:00:00-04:00,20.238159951028063,20.270593643188477,20.06788770675659,20.270593643188477,1226500,0.0,0.0
2005-05-31 00:00:00-04:00,20.2300611518716,20.351684452987175,20.20573587303881,20.213844299316406,1214100,0.0,0.0
2005-06-01 00:00:00-04:00,20.132757472473628,20.432762997394544,20.03545792353272,20.124649047851562,1397100,0.0,0.0
2005-06-02 00:00:00-04:00,20.10031656398326,20.262480346207724,19.857068570861777,20.24626350402832,2145300,0.0,0.0
2005-06-03 00:00:00-04:00,20.116535495928286,20.116535495928286,19.87328900536047,20.019237518310547,1005300,0.0,0.0
2005-06-06 00:00:00-04:00,19.930051971728915,19.938160396544326,19.75977969017699,19.88140296936035,813100,0.0,0.0
2005-06-07 00:00:00-04:00,19.85707339824585,20.09221302744161,19.816532829464855,19.840856552124023,1722900,0.0,0.0
2005-06-08 00:00:00-04:00,19.88139786423407,20.11653593740685,19.759774616281014,19.962480545043945,1654800,0.0,0.0
2005-06-09 00:00:00-04:00,19.91383098459792,20.02734736190445,19.727341892162045,19.978696823120117,960400,0.0,0.0
2005-06-10 00:00:00-04:00,19.978697025420306,20.067888134237805,19.82464162394739,20.027347564697266,966100,0.0,0.0
2005-06-13 00:00:00-04:00,19.986808175794224,20.21383941716055,19.824644328981538,19.905725479125977,854900,0.0,0.0
2005-06-14 00:00:00-04:00,20.027349309283228,20.27059584076289,19.905724497019666,20.075998306274414,920700,0.0,0.0
2005-06-15 00:00:00-04:00,20.075997413084995,20.092214260201807,19.88950831081265,20.003023147583008,987000,0.0,0.0
2005-06-16 00:00:00-04:00,19.98680349195269,20.027345604047802,19.881397093552273,19.93004608154297,805700,0.0,0.0
2005-06-17 00:00:00-04:00,20.13275308837409,20.2543763381727,19.986804570006353,20.14086151123047,959000,0.0,0.0
2005-06-20 00:00:00-04:00,20.027347564697266,20.10842870377834,19.946264879092595,20.027347564697266,707300,0.0,0.0
2005-06-21 00:00:00-04:00,20.01113448027797,20.148974607762177,19.913834929955755,20.116540908813477,1064900,0.0,0.0
2005-06-22 00:00:00-04:00,20.230046586094346,20.367886640519295,20.124638666904232,20.148963928222656,1264100,0.0,0.0
2005-06-23 00:00:00-04:00,19.986805074173315,20.06788775825887,19.80031598334303,19.840856552124023,1587600,0.0,0.0
2005-06-24 00:00:00-04:00,19.857069878655295,19.938152548369256,19.67058082087949,19.743555068969727,1398700,0.0,0.0
2005-06-27 00:00:00-04:00,19.68680264155949,19.994915008544922,19.66247737053813,19.994915008544922,1845400,0.0,0.0
2005-06-28 00:00:00-04:00,20.108426437646404,20.367891311645508,19.9057205197406,20.367891311645508,1366600,0.0,0.0
2005-06-29 00:00:00-04:00,20.473295441589336,20.635460776567662,20.157074739557178,20.278697967529297,1013700,0.0,0.0
2005-06-30 00:00:00-04:00,20.319251042349993,20.359793174325524,20.157087154020488,20.303035736083984,1168400,0.0,0.0
2005-07-01 00:00:00-04:00,20.294924773930557,20.432764912376452,20.22195049201661,20.40843963623047,826300,0.0,0.0
2005-07-05 00:00:00-04:00,20.40842901868378,20.862489778180954,20.108423621724715,20.716541290283203,2069500,0.0,0.0
2005-07-06 00:00:00-04:00,20.71654557384695,20.84627724624221,20.554381756614635,20.570598602294922,1609800,0.0,0.0
2005-07-07 00:00:00-04:00,20.57870868178397,20.73276564667935,20.42465326341235,20.676008224487305,1715200,0.0,0.0
2005-07-08 00:00:00-04:00,20.61925080229526,20.82195676528043,20.50573595791117,20.676008224487305,1492500,0.0,0.0
2005-07-11 00:00:00-04:00,20.757090918986126,20.870605763370214,20.62735922639752,20.676008224487305,1182500,0.0,0.0
2005-07-12 00:00:00-04:00,20.635465621948242,20.667897768645297,20.48951709550246,20.635465621948242,993100,0.0,0.0
2005-07-13 00:00:00-04:00,20.635467650499777,20.72465722257709,20.4408685650931,20.676008224487305,1236000,0.0,0.0
2005-07-14 00:00:00-04:00,20.65978934534013,20.757088878478523,20.61114035203274,20.635465621948242,1349400,0.0,0.0
2005-07-15 00:00:00-04:00,20.716546936534876,21.048984562230174,20.619248949100147,20.959794998168945,2448300,0.0,0.0
2005-07-18 00:00:00-04:00,21.00033700123966,21.00033700123966,20.65979092893745,20.732765197753906,2394300,0.0,0.0
2005-07-19 00:00:00-04:00,20.757090022535905,20.951687553014605,20.708441026547156,20.789522171020508,1382300,0.0,0.0
2005-07-20 00:00:00-04:00,20.757090469533967,20.821956314423737,20.64357408108408,20.732765197753906,911300,0.0,0.0
2005-07-21 00:00:00-04:00,20.67601202396225,20.75709473336103,20.521955030756974,20.578712463378906,725000,0.0,0.0
2005-07-22 00:00:00-04:00,20.635462504647816,20.757085742805053,20.489514000249773,20.659786224365234,571700,0.0,0.0
2005-07-25 00:00:00-04:00,20.71654287108568,20.74897655821483,20.51383696609845,20.538162231445312,616000,0.0,0.0
2005-07-26 00:00:00-04:00,20.416548061612463,20.676011487740265,20.319248503552533,20.40843963623047,832400,0.0,0.0
2005-07-27 00:00:00-04:00,20.432761687514606,20.70844192089634,20.432761687514606,20.676008224487305,1498100,0.0,0.0
2005-07-28 00:00:00-04:00,20.821956314423737,20.935471156349895,20.530059239157918,20.732765197753906,1031100,0.0,0.0
2005-07-29 00:00:00-04:00,20.77354218852904,20.90403938797855,20.700137319382527,20.749074935913086,752600,0.15,0.0
2005-08-01 00:00:00-04:00,20.887725113687637,20.94481743499509,20.569636878954686,20.67566680908203,913200,0.0,0.0
2005-08-02 00:00:00-04:00,20.63489215765683,20.969291481416953,20.439146325869167,20.84695053100586,1521800,0.0,0.0
2005-08-03 00:00:00-04:00,23.652641930073457,24.68846489829806,23.5221447197388,24.370376586914062,8124700,0.0,0.0
2005-08-04 00:00:00-04:00,24.223569753873434,24.29697463326968,23.734204409781633,24.19094467163086,2329400,0.0,0.0
2005-08-05 00:00:00-04:00,24.060446131080017,24.109382196103756,23.766826629638672,23.766826629638672,1524800,0.0,0.0
2005-08-08 00:00:00-04:00,23.71789752350431,23.8483947722888,23.652648899112066,23.75052261352539,1265800,0.0,0.0
2005-08-09 00:00:00-04:00,23.815759980945586,23.86469603719673,23.652637719242858,23.774978637695312,738800,0.0,0.0
2005-08-10 00:00:00-04:00,23.897324946637127,24.468251435730657,23.897324946637127,24.068603515625,1403600,0.0,0.0
2005-08-11 00:00:00-04:00,24.06045099674272,24.125699615185862,23.69342654571894,23.881017684936523,1215600,0.0,0.0
2005-08-12 00:00:00-04:00,23.872852457628806,24.2561877527235,23.78313505755697,24.060441970825195,1263800,0.0,0.0
2005-08-15 00:00:00-04:00,23.978886951890008,24.403003698605445,23.856546001473905,24.305130004882812,1309700,0.0,0.0
2005-08-16 00:00:00-04:00,24.158308558192225,24.2317118436947,23.938094034738594,24.084903717041016,1080500,0.0,0.0
2005-08-17 00:00:00-04:00,24.060447860424688,24.67215416196091,23.987042979788377,24.53350067138672,1818300,0.0,0.0
2005-08-18 00:00:00-04:00,24.42746359918011,24.42746359918011,24.199092767575923,24.264341354370117,814700,0.0,0.0
2005-08-19 00:00:00-04:00,24.345907873889935,24.427469014375788,23.987039789141804,24.1093807220459,784400,0.0,0.0
2005-08-22 00:00:00-04:00,24.133850778412953,24.36222167244841,24.027820823605637,24.09307098388672,565900,0.0,0.0
2005-08-23 00:00:00-04:00,24.174626140666756,24.174626140666756,23.77497831611481,23.815759658813477,820300,0.0,0.0
2005-08-24 00:00:00-04:00,23.82391437170405,24.052285223869085,23.709729723446113,23.815759658813477,773400,0.0,0.0
2005-08-25 00:00:00-04:00,23.799447121734012,23.97888036266065,23.701573454906377,23.815759658813477,569400,0.0,0.0
2005-08-26 00:00:00-04:00,23.823917173501794,23.921790851839802,23.579235311130788,23.799449920654297,867500,0.0,0.0
2005-08-29 00:00:00-04:00,23.758674595880336,24.46825466567067,23.497680128350474,24.39484977722168,1529800,0.0,0.0
2005-08-30 00:00:00-04:00,24.207253626382276,24.42746823194563,23.897321613593263,24.15831756591797,1037000,0.0,0.0
2005-08-31 00:00:00-04:00,24.044135556597997,24.403003692626953,23.905482064653825,24.403003692626953,1353700,0.0,0.0
2005-09-01 00:00:00-04:00,24.280668486314053,24.876062393188477,24.215419860295622,24.876062393188477,1474000,0.0,0.0
2005-09-02 00:00:00-04:00,25.03918390339911,25.25939703660706,24.672159421969358,24.98208999633789,1190700,0.0,0.0
2005-09-06 00:00:00-04:00,25.006545600993455,25.46328572660706,24.982076796610034,25.11257553100586,1749000,0.0,0.0
2005-09-07 00:00:00-04:00,24.88421115052103,24.941303486588236,24.598747914535508,24.712932586669922,1136400,0.0,0.0
2005-09-08 00:00:00-04:00,24.615059455947083,24.639526710040247,24.28881643762643,24.44378089904785,1296900,0.0,0.0
2005-09-09 00:00:00-04:00,24.50902980291581,26.140246470148792,24.42747021407371,25.455135345458984,3335400,0.0,0.0
2005-09-12 00:00:00-04:00,25.536693556713637,26.751949647535575,25.504070036053943,26.654077529907227,3629300,0.0,0.0
2005-09-13 00:00:00-04:00,26.654075566286675,26.80904000039012,26.058681968354545,26.303363800048828,3703700,0.0,0.0
2005-09-14 00:00:00-04:00,26.42571078707929,26.645922295324322,26.11577875461399,26.262588500976562,1373900,0.0,0.0
2005-09-15 00:00:00-04:00,26.36046266460926,26.703019803019288,26.03421962284915,26.099468231201172,1435000,0.0,0.0
2005-09-16 00:00:00-04:00,25.977124827018162,26.026060889739423,25.618256737213702,25.822158813476562,2093300,0.0,0.0
2005-09-19 00:00:00-04:00,25.70797436793697,25.96896877887653,25.520384829530336,25.944499969482422,1064200,0.0,0.0
2005-09-20 00:00:00-04:00,25.944496698586132,26.548046586704967,25.626409994811812,25.716127395629883,1473600,0.0,0.0
2005-09-21 00:00:00-04:00,25.724284064299802,26.800886668256307,25.691658988713616,26.37677001953125,2734300,0.0,0.0
2005-09-22 00:00:00-04:00,26.181034969087616,26.580684554404368,26.017914181520535,26.548059463500977,1985400,0.0,0.0
2005-09-23 00:00:00-04:00,26.531736482705686,26.645921144657038,26.107619801673017,26.21364974975586,1600500,0.0,0.0
2005-09-26 00:00:00-04:00,26.262593336297428,26.270748052019492,25.487764668126502,25.642730712890625,1942500,0.0,0.0
2005-09-27 00:00:00-04:00,25.683505559103615,25.789535510831,25.471447211298244,25.593788146972656,919100,0.0,0.0
2005-09-28 00:00:00-04:00,25.797687633952993,26.14024315282595,25.520382266912257,25.57747459411621,1220600,0.0,0.0
2005-09-29 00:00:00-04:00,25.585635059329196,26.368619897589525,25.38173296835977,26.327836990356445,931700,0.0,0.0
2005-09-30 00:00:00-04:00,26.36861495866169,26.39308220937955,26.08315021799358,26.16471290588379,2698700,0.0,0.0
2005-10-03 00:00:00-04:00,26.25442852654556,26.45833058965998,25.732439742780407,26.04237174987793,1508000,0.0,0.0
2005-10-04 00:00:00-04:00,26.246277088938367,27.110823064519867,26.107622050838984,26.115779876708984,2464200,0.0,0.0
2005-10-05 00:00:00-04:00,26.099471009722624,26.75195716270581,25.90372516382767,26.278905868530273,2443900,0.0,0.0
2005-10-06 00:00:00-04:00,26.303368062349016,26.548049933692504,25.781379240469896,25.944499969482422,2229300,0.0,0.0
2005-10-07 00:00:00-04:00,25.944499969482422,26.132091063538454,25.740597891479716,25.944499969482422,921600,0.0,0.0
2005-10-10 00:00:00-04:00,25.944494499297193,26.042368160588364,25.46328557221784,25.49591064453125,563900,0.0,0.0
2005-10-11 00:00:00-04:00,25.438817977905273,25.879245558607227,25.422505441970262,25.438817977905273,1111300,0.0,0.0
2005-10-12 00:00:00-04:00,25.45513888413856,25.765070965162128,24.973931331606614,25.14520835876465,1251800,0.0,0.0
2005-10-13 00:00:00-04:00,25.15335958684589,25.430666527679616,25.11257979493184,25.357261657714844,917800,0.0,0.0
2005-10-14 00:00:00-04:00,25.512231054588483,25.683508070148324,25.161519197223605,25.365421295166016,899700,0.0,0.0
2005-10-17 00:00:00-04:00,25.202292640356585,25.57747321491498,25.202292640356585,25.40619468688965,856700,0.0,0.0
2005-10-18 00:00:00-04:00,25.48776334756241,25.846631491077982,25.275704969832734,25.471450805664062,1190400,0.0,0.0
2005-10-19 00:00:00-04:00,25.32463317848723,26.588825225830078,25.32463317848723,26.588825225830078,2560000,0.0,0.0
2005-10-20 00:00:00-04:00,26.588830969796998,27.029260225580245,26.42571178880967,26.629613876342773,2727700,0.0,0.0
2005-10-21 00:00:00-04:00,26.711178932483232,26.857988714451228,26.654086585195632,26.71933364868164,2060900,0.0,0.0
2005-10-24 00:00:00-04:00,26.915072284342994,27.34734366177902,26.87429249405067,27.216846466064453,1695800,0.0,0.0
2005-10-25 00:00:00-04:00,27.730675633637727,28.122167151580378,27.48599382383582,27.71436309814453,3877700,0.0,0.0
2005-10-26 00:00:00-04:00,27.877488960153098,28.195575665311623,27.649119656203062,27.689899444580078,2256000,0.0,0.0
2005-10-27 00:00:00-04:00,27.543097324834456,27.87749665996514,27.33103738862518,27.494159698486328,3144300,0.0,0.0
2005-10-28 00:00:00-04:00,27.854625115035034,27.895587173986776,27.64981169507154,27.74812126159668,1856300,0.15,0.0
2005-10-31 00:00:00-05:00,27.748120677769084,27.862815690502664,27.641619951776306,27.731735229492188,2086100,0.0,0.0
2005-11-01 00:00:00-05:00,27.608854434713585,28.002095894366775,27.445003045223427,27.73993492126465,1679000,0.0,0.0
2005-11-02 00:00:00-05:00,27.608854876432986,28.1086002160311,27.535121906243013,27.952939987182617,1319900,0.0,0.0
2005-11-03 00:00:00-05:00,28.0348587173098,28.174130326853163,27.79727442728409,28.124977111816406,1605400,0.0,0.0
2005-11-04 00:00:00-05:00,28.124970102696626,29.984672529560815,27.83822954388934,29.411197662353516,5762600,0.0,0.0
2005-11-07 00:00:00-05:00,29.3292922450717,29.33748653509489,28.518232544309612,29.017974853515625,3149700,0.0,0.0
2005-11-08 00:00:00-05:00,29.132675208430474,29.370256508306763,28.99340039451081,29.042556762695312,4073100,0.0,0.0
2005-11-09 00:00:00-05:00,28.87869804496502,29.12447357349811,28.60834277593484,28.79677391052246,1757700,0.0,0.0
2005-11-10 00:00:00-05:00,28.723039364393387,28.9278528144741,28.501840463281585,28.69845962524414,1513400,0.0,0.0
2005-11-11 00:00:00-05:00,28.690278294694384,29.149061705177417,28.632930759034792,29.091711044311523,1220200,0.0,0.0
2005-11-14 00:00:00-05:00,28.960629613265404,29.493145999449048,28.673891943908796,29.484954833984375,1770000,0.0,0.0
2005-11-15 00:00:00-05:00,29.403010405714202,29.525899692459706,29.230967904434003,29.30470085144043,1794200,0.0,0.0
2005-11-16 00:00:00-05:00,29.55048012080326,30.328771745352917,29.55048012080326,30.189496994018555,3678200,0.0,0.0
2005-11-17 00:00:00-05:00,29.98467509864017,30.427072712850574,29.804441464305633,30.181297302246094,1335800,0.0,0.0
2005-11-18 00:00:00-05:00,30.1895054615103,30.345165705202376,29.90276784187595,30.230470657348633,1745800,0.0,0.0
2005-11-21 00:00:00-05:00,30.066609733677854,30.08299518178614,29.32928019482832,29.779869079589844,2610600,0.0,0.0
2005-11-22 00:00:00-05:00,29.435781431681484,29.812637329101562,29.31289214438153,29.812637329101562,1689700,0.0,0.0
2005-11-23 00:00:00-05:00,29.69795108454471,30.09938683291579,29.656989018434675,29.845417022705078,1308600,0.0,0.0
2005-11-25 00:00:00-05:00,29.788063366246327,29.943720435468038,29.697944964253086,29.779869079589844,425000,0.0,0.0
2005-11-28 00:00:00-05:00,29.820830144963832,30.01744924470582,29.70613202404272,29.878177642822266,1614100,0.0,0.0
2005-11-29 00:00:00-05:00,29.902760874095765,30.164921815304318,29.8454133635317,30.066612243652344,1828400,0.0,0.0
2005-11-30 00:00:00-05:00,30.12396863980262,30.27143460338069,29.82084554809475,29.829036712646484,1356500,0.0,0.0
2005-12-01 00:00:00-05:00,29.886380552698878,30.22227451158229,29.788070964178374,29.960113525390625,2573800,0.0,0.0
2005-12-02 00:00:00-05:00,29.869989237802745,30.09938239960136,29.697946710357428,30.00926399230957,704900,0.0,0.0
2005-12-05 00:00:00-05:00,29.86180443747719,29.86180443747719,29.353867908866413,29.575063705444336,1171400,0.0,0.0
2005-12-06 00:00:00-05:00,29.599632639466133,29.902755588179495,29.21458245785431,29.30470085144043,1317000,0.0,0.0
2005-12-07 00:00:00-05:00,29.30470891792273,29.61602623822206,29.009777048713396,29.190013885498047,1391900,0.0,0.0
2005-12-08 00:00:00-05:00,29.173624035296466,29.271933601806996,28.960616328451422,29.083505630493164,844000,0.0,0.0
2005-12-09 00:00:00-05:00,29.20639280789201,29.75529123328423,29.0916946759013,29.599634170532227,827200,0.0,0.0
2005-12-12 00:00:00-05:00,29.656983831346658,29.681560441673096,28.780382644049585,29.083505630493164,1313900,0.0,0.0
2005-12-13 00:00:00-05:00,29.017972376990052,29.788073062736135,28.886891874659653,29.58325958251953,1726200,0.0,0.0
2005-12-14 00:00:00-05:00,29.49313818834232,30.05842221187828,29.403019766067306,29.951921463012695,1527400,0.0,0.0
2005-12-15 00:00:00-05:00,29.919148514989214,30.00107264316554,29.542292525049852,29.73072052001953,1081800,0.0,0.0
2005-12-16 00:00:00-05:00,29.99288964662349,30.050237177002018,29.583262643801984,29.61603355407715,1599500,0.0,0.0
2005-12-19 00:00:00-05:00,29.616021782691554,29.68975473890126,29.337475406477626,29.35386085510254,803400,0.0,0.0
2005-12-20 00:00:00-05:00,29.370253850941182,29.624223709106445,29.190020100984263,29.624223709106445,673700,0.0,0.0
2005-12-21 00:00:00-05:00,29.5340988337032,29.730721120585418,29.370247448835556,29.566869735717773,1468200,0.0,0.0
2005-12-22 00:00:00-05:00,29.394824133248385,29.517710315224903,29.24735821471264,29.44397735595703,972900,0.0,0.0
2005-12-23 00:00:00-05:00,29.484947809634292,29.714337890470805,29.378443932729287,29.64879608154297,354900,0.0,0.0
2005-12-27 00:00:00-05:00,29.902778276310595,30.230481206133685,29.689773559570312,29.689773559570312,823000,0.0,0.0
2005-12-28 00:00:00-05:00,29.706142095061445,29.869993483865063,29.583255897362708,29.804454803466797,649100,0.0,0.0
2005-12-29 00:00:00-05:00,29.902764540300186,30.189502128275734,29.665180181574552,29.845417022705078,705100,0.0,0.0
2005-12-30 00:00:00-05:00,29.61602460971714,29.6897575729651,29.24735979347735,29.452173233032227,539400,0.0,0.0
2006-01-03 00:00:00-05:00,29.50952432231158,30.558168259850703,29.41121473446865,30.5172061920166,2292400,0.0,0.0
2006-01-04 00:00:00-05:00,30.394311743676642,31.188988851665286,30.30419645970286,30.62370491027832,2375500,0.0,0.0
2006-01-05 00:00:00-05:00,30.435277091263888,30.574548724220723,30.279616883600436,30.394311904907227,1898300,0.0,0.0
2006-01-06 00:00:00-05:00,30.51720265829161,30.59912678447344,30.197694190895326,30.271427154541016,2997500,0.0,0.0
2006-01-09 00:00:00-05:00,30.312388778471817,30.590935178741653,30.156731690899427,30.56635856628418,1941000,0.0,0.0
2006-01-10 00:00:00-05:00,30.312367926949577,30.345138804486865,30.05839831383993,30.246826171875,2051000,0.0,0.0
2006-01-11 00:00:00-05:00,30.246852956720595,30.5909412251608,30.09939012762412,30.558170318603516,1038700,0.0,0.0
2006-01-12 00:00:00-05:00,30.705649956459904,31.377438214229294,30.62372577876395,30.86130714416504,5052800,0.0,0.0
2006-01-13 00:00:00-05:00,30.82851141864593,30.975977305065296,30.60731258901688,30.681045532226562,2687500,0.0,0.0
2006-01-17 00:00:00-05:00,30.517200787288182,30.713823053356837,30.48442988874259,30.599124908447266,879900,0.0,0.0
2006-01-18 00:00:00-05:00,30.43528530989866,30.771179302374268,30.345166875906653,30.41070556640625,977600,0.0,0.0
2006-01-19 00:00:00-05:00,30.541786237269022,30.58275143490863,30.18950678896785,30.214086532592773,952300,0.0,0.0
2006-01-20 00:00:00-05:00,30.214085453064882,30.394319190375167,29.656992537293412,29.673377990722656,1501200,0.0,0.0
2006-01-23 00:00:00-05:00,29.575071813677418,29.796270796104267,29.427605825392853,29.460376739501953,922900,0.0,0.0
2006-01-24 00:00:00-05:00,29.53410104112471,29.85360954663427,29.53410104112471,29.64879608154297,1016000,0.0,0.0
2006-01-25 00:00:00-05:00,29.66518186446197,29.788071194968822,29.149054176826382,29.312902450561523,1327400,0.0,0.0
2006-01-26 00:00:00-05:00,29.517695789752086,29.804436323670554,29.501310348510742,29.501310348510742,1155400,0.0,0.0
2006-01-27 00:00:00-05:00,29.452166760098805,29.493128813966216,29.206391311689963,29.394819259643555,1110800,0.0,0.0
2006-01-30 00:00:00-05:00,29.287879994633027,29.60050432490882,29.27965444256102,29.45241928100586,1387300,0.15,0.0
2006-01-31 00:00:00-05:00,29.287877483229018,29.30433172428795,28.127880164341576,28.152563095092773,3293100,0.0,0.0
2006-02-01 00:00:00-05:00,28.16079100871416,28.539229169838013,27.98802617059142,28.16901969909668,2323400,0.0,0.0
2006-02-02 00:00:00-05:00,28.259504718855155,28.366455692976054,27.650713625635962,27.905746459960938,1979600,0.0,0.0
2006-02-03 00:00:00-05:00,27.84816406209956,27.856392751708825,27.535542900109817,27.724761962890625,1709900,0.0,0.0
2006-02-06 00:00:00-05:00,27.617802266702405,27.74120746536453,27.519079990767445,27.593122482299805,1139200,0.0,0.0
2006-02-07 00:00:00-05:00,27.60135505876233,28.300646132024713,27.60135505876233,27.988021850585938,2241900,0.0,0.0
2006-02-08 00:00:00-05:00,28.243057270517344,28.637949604864367,28.037383983566272,28.522769927978516,1540500,0.0,0.0
2006-02-09 00:00:00-05:00,28.818926246137018,28.91765163647661,28.43226278477362,28.695524215698242,2453100,0.0,0.0
2006-02-10 00:00:00-05:00,30.028290994632,31.772399072301717,29.987156977098746,31.352827072143555,6295200,0.0,0.0
2006-02-13 00:00:00-05:00,31.22120788058103,31.443335423406374,31.023760129738882,31.311704635620117,2338100,0.0,0.0
2006-02-14 00:00:00-05:00,31.229447684693408,32.13441250977813,31.12249977840563,31.583206176757812,2416300,0.0,0.0
2006-02-15 00:00:00-05:00,31.42687647300666,31.838223015484957,31.42687647300666,31.649003982543945,3052400,0.0,0.0
2006-02-16 00:00:00-05:00,31.673679580348015,32.290699312432714,31.673679580348015,32.00275802612305,2254100,0.0,0.0
2006-02-17 00:00:00-05:00,31.978070886032217,32.17551855512598,31.805306137027813,32.126155853271484,3009900,0.0,0.0
2006-02-21 00:00:00-05:00,32.372987786075456,32.64447814593257,32.01100377792593,32.0685920715332,1799100,0.0,0.0
2006-02-22 00:00:00-05:00,32.10970991115941,32.89126896489801,32.10970991115941,32.61155319213867,2114300,0.0,0.0
2006-02-23 00:00:00-05:00,32.49638764130939,32.71028653352794,32.20021753029439,32.45525360107422,1270200,0.0,0.0
2006-02-24 00:00:00-05:00,32.41410545161209,32.77608924177367,32.29070024629635,32.72672653198242,1048300,0.0,0.0
2006-02-27 00:00:00-05:00,32.80899853089159,33.0228973353236,32.595096588134766,32.595096588134766,3278100,0.0,0.0
2006-02-28 00:00:00-05:00,32.31537810594959,32.61154807039509,32.10147931958593,32.58686828613281,2527000,0.0,0.0
2006-03-01 00:00:00-05:00,32.61978404792073,33.31907195712284,32.578646880523344,33.24502944946289,2557100,0.0,0.0
2006-03-02 00:00:00-05:00,33.11339569091797,33.245026455087995,32.89949687601354,33.11339569091797,1760100,0.0,0.0
2006-03-03 00:00:00-05:00,32.90771418673067,33.17920433516681,32.77608345551672,32.792537689208984,2107000,0.0,0.0
2006-03-06 00:00:00-05:00,32.70205064788312,32.95708663807874,32.6115539049645,32.89126968383789,1221700,0.0,0.0
2006-03-07 00:00:00-05:00,32.710282318231805,32.75141949149183,32.224893174025084,32.37297821044922,1380900,0.0,0.0
2006-03-08 00:00:00-05:00,32.46346856887156,32.70205031810101,32.290703773219235,32.693824768066406,1586600,0.0,0.0
2006-03-09 00:00:00-05:00,32.619793452623234,33.00645720337173,32.331848889449674,32.40589141845703,3424900,0.0,0.0
2006-03-10 00:00:00-05:00,32.33182611247012,33.1051593458251,32.29069210051642,33.02288818359375,3410900,0.0,0.0
2006-03-13 00:00:00-05:00,32.92417690340792,33.38488615052158,32.90772266547618,33.23680114746094,1424500,0.0,0.0
2006-03-14 00:00:00-05:00,33.07226555977932,33.68105673887843,33.014677289819275,33.64815139770508,1405800,0.0,0.0
2006-03-15 00:00:00-05:00,33.40133452171827,33.87849796778626,33.27793245479791,33.713958740234375,1750700,0.0,0.0
2006-03-16 00:00:00-05:00,33.68930036927078,34.09241843777574,33.68930036927078,33.73043441772461,1174500,0.0,0.0
2006-03-17 00:00:00-05:00,33.894962698792995,34.2816263941837,33.77978614534361,33.88673400878906,1766100,0.0,0.0
2006-03-20 00:00:00-05:00,33.27794133258712,34.17467706673238,33.113402061139944,33.9031867980957,1574700,0.0,0.0
2006-03-21 00:00:00-05:00,33.11340363076845,33.93609688867574,33.11340363076845,33.84560012817383,1584200,0.0,0.0
2006-03-22 00:00:00-05:00,33.845588225811326,34.49551642419823,33.845588225811326,34.4708366394043,1868900,0.0,0.0
2006-03-23 00:00:00-05:00,34.34743789707469,34.58601965602488,34.224032673252125,34.31452941894531,1792500,0.0,0.0
2006-03-24 00:00:00-05:00,34.14175742120999,34.68473464261673,34.075940478821515,34.396793365478516,1473700,0.0,0.0
2006-03-27 00:00:00-05:00,34.141761877819,34.396797855378004,34.141761877819,34.30630111694336,1504000,0.0,0.0
2006-03-28 00:00:00-05:00,34.35566796189921,34.35566796189921,34.10886062014794,34.224037170410156,1334100,0.0,0.0
2006-03-29 00:00:00-05:00,34.100630798889775,34.21580733473051,33.91963730638277,34.06772232055664,1735100,0.0,0.0
2006-03-30 00:00:00-05:00,34.06771694883196,34.22402748877979,33.91963195800781,33.91963195800781,858000,0.0,0.0
2006-03-31 00:00:00-05:00,33.9360950419318,34.380350130224315,33.87027807848452,34.149993896484375,1329500,0.0,0.0
2006-04-03 00:00:00-04:00,34.10064236015626,34.20759338183632,33.63993292227206,33.6975212097168,1402500,0.0,0.0
2006-04-04 00:00:00-04:00,33.54121349233442,33.82915495445554,33.516533692245915,33.664615631103516,2238400,0.0,0.0
2006-04-05 00:00:00-04:00,33.66459454014387,34.22402600605947,33.607006283798846,34.14175796508789,1559400,0.0,0.0
2006-04-06 00:00:00-04:00,33.689288453003336,34.27339989409066,33.574111902741116,34.224037170410156,1205900,0.0,0.0
2006-04-07 00:00:00-04:00,34.2240315998283,34.48729313995582,33.43424697944575,33.46715545654297,1047200,0.0,0.0
2006-04-10 00:00:00-04:00,33.401338888118325,33.70573759729558,33.286162355272936,33.458927154541016,1136900,0.0,0.0
2006-04-11 00:00:00-04:00,33.56587624660713,33.59878472223088,33.05580742773889,33.11339569091797,983300,0.0,0.0
2006-04-12 00:00:00-04:00,32.82546373887692,33.19567321111337,32.7678754592701,33.179222106933594,1350000,0.0,0.0
2006-04-13 00:00:00-04:00,33.1874482524385,33.368441784911006,33.01468341052888,33.29439926147461,743500,0.0,0.0
2006-04-17 00:00:00-04:00,33.48360570465658,34.23225620860915,33.47537701720038,33.713958740234375,1849500,0.0,0.0
2006-04-18 00:00:00-04:00,33.74688376450007,34.799930315977086,33.74688376450007,34.60248565673828,1902700,0.0,0.0
2006-04-19 00:00:00-04:00,34.5531227907823,34.93156100148304,34.5531227907823,34.80815887451172,1351900,0.0,0.0
2006-04-20 00:00:00-04:00,34.63537723583904,34.964455721488946,34.29807320029415,34.38034439086914,1635300,0.0,0.0
2006-04-21 00:00:00-04:00,34.48728971372526,34.66005763215902,34.32275362123567,34.40502166748047,1006200,0.0,0.0
2006-04-24 00:00:00-04:00,34.29807048262835,34.29807048262835,33.97722071062153,34.07594299316406,884500,0.0,0.0
2006-04-25 00:00:00-04:00,34.0841721091378,34.12530613252048,33.76332233309821,33.95254135131836,1210200,0.0,0.0
2006-04-26 00:00:00-04:00,34.010135351216455,34.42148193111103,33.88673012191795,34.092403411865234,947000,0.0,0.0
2006-04-27 00:00:00-04:00,34.10063134862734,34.55311194886407,34.01013460091494,34.388572692871094,1063500,0.0,0.0
2006-04-28 00:00:00-04:00,34.1986719328885,34.86745446439372,34.1986719328885,34.60324478149414,1054600,0.15,0.0
2006-05-01 00:00:00-04:00,34.60323567003958,35.03257707910752,34.4050768852286,34.512413024902344,1414900,0.0,0.0
2006-05-02 00:00:00-04:00,34.4628815382941,34.90873336791992,34.42985454361735,34.90873336791992,1234100,0.0,0.0
2006-05-03 00:00:00-04:00,34.68579960962359,35.0903723472275,34.611490459844376,34.97478103637695,1586400,0.0,0.0
2006-05-04 00:00:00-04:00,35.090384544114016,35.30505374607694,34.363806288128266,34.50416946411133,1560900,0.0,0.0
2006-05-05 00:00:00-04:00,32.778551289941895,33.23266156336657,31.028161053469226,31.242830276489258,8789700,0.0,0.0
2006-05-08 00:00:00-04:00,31.16851980293693,31.523552201006872,30.86302790795638,31.176774978637695,2510900,0.0,0.0
2006-05-09 00:00:00-04:00,31.168516638521666,31.176771813384313,30.342860568627053,30.40891456604004,3338000,0.0,0.0
2006-05-10 00:00:00-04:00,30.640101559843014,30.780461599611343,30.177732961915748,30.483224868774414,3054900,0.0,0.0
2006-05-11 00:00:00-04:00,30.59055286593132,30.673120352187894,30.16946970971921,30.309829711914062,2130000,0.0,0.0
2006-05-12 00:00:00-04:00,30.29331759840875,30.326344594419997,30.012594431568548,30.136444091796875,2411800,0.0,0.0
2006-05-15 00:00:00-04:00,29.80618510988084,30.111680146499587,29.64105640315828,29.789674758911133,2639000,0.0,0.0
2006-05-16 00:00:00-04:00,29.764887614272098,30.3098202550324,29.608014163771575,30.16946029663086,2344700,0.0,0.0
2006-05-17 00:00:00-04:00,29.682324202588294,30.169461210572557,29.327291985771286,29.368574142456055,2158000,0.0,0.0
2006-05-18 00:00:00-04:00,29.368580956272307,29.76489542172316,29.236476134455355,29.3107852935791,2007500,0.0,0.0
2006-05-19 00:00:00-04:00,29.599770322955088,30.408916083502305,29.508950796422095,29.9960880279541,3135500,0.0,0.0
2006-05-22 00:00:00-04:00,30.004332174672232,30.16946396612039,29.707095579990934,29.938278198242188,2425300,0.0,0.0
2006-05-23 00:00:00-04:00,29.83095770597695,30.045626920037027,29.46766698269768,29.583261489868164,1908900,0.0,0.0
2006-05-24 00:00:00-04:00,29.459406185337734,29.756642847798688,28.87319118416623,29.343814849853516,2271100,0.0,0.0
2006-05-25 00:00:00-04:00,29.616276394111285,30.012590850069675,29.54196723676738,29.888744354248047,2507900,0.0,0.0
2006-05-26 00:00:00-04:00,30.053873125623483,30.26854225311455,29.88874133160043,30.21900177001953,1275700,0.0,0.0
2006-05-30 00:00:00-04:00,30.227267645556804,30.227267645556804,29.17868411354922,29.286020278930664,1521500,0.0,0.0
2006-05-31 00:00:00-04:00,29.39335746484785,29.905266541830557,29.30253793470082,29.434642791748047,2287300,0.0,0.0
2006-06-01 00:00:00-04:00,29.558476705429864,30.00433158874512,29.525449717859797,30.004331588745117,2110900,0.0,0.0
2006-06-02 00:00:00-04:00,29.996083793774744,30.17772597082864,29.624537966302306,29.748384475708008,1502700,0.0,0.0
2006-06-05 00:00:00-04:00,29.8639800273828,30.078652380065698,29.03006874098814,29.09612274169922,2473000,0.0,0.0
2006-06-06 00:00:00-04:00,29.252995498372133,29.39335552174369,28.32826156017286,28.567699432373047,2622000,0.0,0.0
2006-06-07 00:00:00-04:00,29.484173238267267,29.484173238267267,28.732826449250915,28.85667610168457,3176100,0.0,0.0
2006-06-08 00:00:00-04:00,28.732830217476664,28.88970688441687,28.30348868892795,28.72457504272461,1811600,0.0,0.0
2006-06-09 00:00:00-04:00,28.848431331051184,28.873203162951935,28.344783610294197,28.353038787841797,1323500,0.0,0.0
2006-06-12 00:00:00-04:00,28.353027677706752,28.353027677706752,27.65122132489147,27.865890502929688,2303500,0.0,0.0
2006-06-13 00:00:00-04:00,27.98974152141476,28.080561041767798,27.535628171510083,27.59342384338379,1758900,0.0,0.0
2006-06-14 00:00:00-04:00,27.45305807469719,27.86588601567008,27.19710361742819,27.461313247680664,1619600,0.0,0.0
2006-06-15 00:00:00-04:00,27.634692623581135,28.840148986252405,27.618179134412568,28.732812881469727,2020700,0.0,0.0
2006-06-16 00:00:00-04:00,28.51815594407702,28.633747267766736,27.99799183784596,28.25394630432129,1595900,0.0,0.0
2006-06-19 00:00:00-04:00,28.32000494008925,28.54293247559286,28.171386583086846,28.278722763061523,1492800,0.0,0.0
2006-06-20 00:00:00-04:00,28.270460402975704,28.270460402975704,27.742037962575786,27.816347122192383,1317800,0.0,0.0
2006-06-21 00:00:00-04:00,27.717277106115127,28.518164591128826,27.717277106115127,28.20441436767578,1666600,0.0,0.0
2006-06-22 00:00:00-04:00,28.072306962840127,28.286976159660814,28.0227664637455,28.171384811401367,1070200,0.0,0.0
2006-06-23 00:00:00-04:00,28.03101618289662,28.47687108898692,27.96496220438233,28.361276626586914,2560900,0.0,0.0
2006-06-26 00:00:00-04:00,28.44385297855994,28.551189152337425,27.791583910445404,28.031024932861328,2039300,0.0,0.0
2006-06-27 00:00:00-04:00,27.989741427018867,28.163128442055232,27.766813914988735,27.83286476135254,1863500,0.0,0.0
2006-06-28 00:00:00-04:00,27.874142936326685,28.212661743164062,27.874142936326685,28.212661743164062,1303100,0.0,0.0
2006-06-29 00:00:00-04:00,28.4851337693329,29.054835310853523,28.353028927112415,28.972270965576172,1343100,0.0,0.0
2006-06-30 00:00:00-04:00,28.972277153531817,29.137409028983583,28.353034982809103,28.74934959411621,2176800,0.0,0.0
2006-07-03 00:00:00-04:00,28.8979549407959,28.8979549407959,28.59246315617451,28.8979549407959,591300,0.0,0.0
2006-07-05 00:00:00-04:00,28.897948217618303,28.897948217618303,28.452093403493286,28.815383911132812,2060200,0.0,0.0
2006-07-06 00:00:00-04:00,28.815403130029477,28.881453989346273,28.394316697074455,28.708066940307617,1074500,0.0,0.0
2006-07-07 00:00:00-04:00,28.57595932294032,28.798886857241556,28.31174961183401,28.419082641601562,795800,0.0,0.0
2006-07-10 00:00:00-04:00,28.46861120451429,28.518151685681246,28.03926981661463,28.105323791503906,1172500,0.0,0.0
2006-07-11 00:00:00-04:00,28.014513828372923,28.262210047044988,27.91543597082976,28.20441436767578,1118300,0.0,0.0
2006-07-12 00:00:00-04:00,28.163121528960577,28.286968016603048,27.46957048943058,27.486083984375,1416500,0.0,0.0
2006-07-13 00:00:00-04:00,27.411778863306,27.642961527272963,27.18059304971146,27.27141571044922,1100400,0.0,0.0
2006-07-14 00:00:00-04:00,27.246640828203404,27.403514293045575,27.06499554813479,27.230127334594727,1157700,0.0,0.0
2006-07-17 00:00:00-04:00,27.106284494624855,27.35398063274208,26.916380867453462,27.20536231994629,633900,0.0,0.0
2006-07-18 00:00:00-04:00,27.20536050918943,27.84937105535508,26.866841741380938,27.098024368286133,1781300,0.0,0.0
2006-07-19 00:00:00-04:00,27.312708549870194,28.01451505852974,27.30445022409579,27.775074005126953,1902700,0.0,0.0
2006-07-20 00:00:00-04:00,27.78333056108834,27.890663592290952,27.502607345581055,27.502607345581055,743300,0.0,0.0
2006-07-21 00:00:00-04:00,27.66772605903209,27.66772605903209,27.172333810469897,27.38700294494629,1064900,0.0,0.0
2006-07-24 00:00:00-04:00,27.49435610232625,27.890670776367188,27.32922420073526,27.890670776367188,905500,0.0,0.0
2006-07-25 00:00:00-04:00,27.92367694296314,28.179631356853275,27.642953864693112,28.15485954284668,1354500,0.0,0.0
2006-07-26 00:00:00-04:00,28.17962516763979,29.14564066180586,28.17962516763979,28.732812881469727,3136600,0.0,0.0
2006-07-27 00:00:00-04:00,28.881452168539298,29.054839206646914,28.196159191892313,28.20441436767578,1100800,0.0,0.0
2006-07-28 00:00:00-04:00,28.361977295940708,28.61076593221264,28.287340388707214,28.519542694091797,883900,0.15,0.0
2006-07-31 00:00:00-04:00,28.519535901684925,28.519535901684925,28.13805987268828,28.38684844970703,668000,0.0,0.0
2006-08-01 00:00:00-04:00,28.386857750930368,28.395152498875937,27.681956024489768,27.822935104370117,1407500,0.0,0.0
2006-08-02 00:00:00-04:00,27.764875217796092,28.104887008666992,27.532672969450612,28.104887008666992,1262300,0.0,0.0
2006-08-03 00:00:00-04:00,28.104898555826725,29.133229096104312,27.81464562614175,28.71858024597168,2152800,0.0,0.0
2006-08-04 00:00:00-04:00,28.19611490418383,28.34538870675808,26.371659777679923,26.45458984375,4428000,0.0,0.0
2006-08-07 00:00:00-04:00,26.288738547760445,26.919003427592283,25.716522673909036,26.78631591796875,4830700,0.0,0.0
2006-08-08 00:00:00-04:00,27.532687639612035,27.831235354283887,27.076574481538955,27.623910903930664,3455600,0.0,0.0
2006-08-09 00:00:00-04:00,27.78146988138064,28.046844862986912,27.109737679710154,27.134618759155273,1637700,0.0,0.0
2006-08-10 00:00:00-04:00,26.99363737952039,27.839521346622558,26.968759462803078,27.52438735961914,1717100,0.0,0.0
2006-08-11 00:00:00-04:00,27.44973740334197,27.897558672590034,27.44973740334197,27.789749145507812,1525100,0.0,0.0
2006-08-14 00:00:00-04:00,27.988779422491962,28.361963780828717,27.880969904857423,27.96390151977539,1259700,0.0,0.0
2006-08-15 00:00:00-04:00,28.196117768021498,28.245876761773157,27.930742795051067,28.171239852905273,1036100,0.0,0.0
2006-08-16 00:00:00-04:00,28.23758688693252,28.312223808679395,27.914161280535968,27.955625534057617,1092200,0.0,0.0
2006-08-17 00:00:00-04:00,27.947324340770166,28.16294028306816,27.897565355538934,28.005374908447266,1288700,0.0,0.0
2006-08-18 00:00:00-04:00,28.071725327444394,28.428323584511972,28.06343374255614,28.179534912109375,1345300,0.0,0.0
2006-08-21 00:00:00-04:00,28.171236633057877,28.262459862749903,27.831224790081407,27.997081756591797,1002100,0.0,0.0
2006-08-22 00:00:00-04:00,28.030261315504895,28.080020315818487,27.740008389141355,27.8892822265625,1408000,0.0,0.0
2006-08-23 00:00:00-04:00,27.947328368863843,28.15465275859797,27.540971173036542,27.69853973388672,1323700,0.0,0.0
2006-08-24 00:00:00-04:00,27.781474231900695,28.055144004017887,27.781474231900695,27.88098907470703,1086300,0.0,0.0
2006-08-25 00:00:00-04:00,27.880976341968832,28.146351243940344,27.773169962961784,28.104887008666992,524100,0.0,0.0
2006-08-28 00:00:00-04:00,28.121474284605192,28.428313432206156,28.03854581125957,28.320507049560547,741900,0.0,0.0
2006-08-29 00:00:00-04:00,28.44489565451067,28.610755740784036,27.980491209166868,28.279035568237305,1277900,0.0,0.0
2006-08-30 00:00:00-04:00,28.37855954970873,28.469782774723623,28.196113099678943,28.303922653198242,899200,0.0,0.0
2006-08-31 00:00:00-04:00,28.411736017839967,28.685405760066327,28.36198018363115,28.668819427490234,1491100,0.0,0.0
2006-09-01 00:00:00-04:00,28.867843247084615,29.050286521453895,28.20440280513583,28.287334442138672,1373900,0.0,0.0
2006-09-05 00:00:00-04:00,28.320519966119004,28.6439455886023,28.287347296243816,28.378570556640625,1136600,0.0,0.0
2006-09-06 00:00:00-04:00,28.32051713365089,28.32051713365089,28.0385557949519,28.196121215820312,2049600,0.0,0.0
2006-09-07 00:00:00-04:00,28.187820482940104,28.229284720920404,27.905859235748075,28.154647827148438,1110100,0.0,0.0
2006-09-08 00:00:00-04:00,28.19611353632513,28.361973660419025,28.07171765237502,28.229286193847656,1469300,0.0,0.0
2006-09-11 00:00:00-04:00,28.15464619962532,28.735154988347997,28.10488721881421,28.38684844970703,1134900,0.0,0.0
2006-09-12 00:00:00-04:00,28.44490721084446,28.77662751815945,28.312219720622323,28.610767364501953,1132000,0.0,0.0
2006-09-13 00:00:00-04:00,28.544410556219802,28.9093033801994,28.43660418869677,28.66051483154297,773100,0.0,0.0
2006-09-14 00:00:00-04:00,28.569303471835784,28.619059304087553,28.121482000453806,28.23758316040039,1274300,0.0,0.0
2006-09-15 00:00:00-04:00,28.27904939490286,28.842972065843995,28.254171477029434,28.5361328125,1274500,0.0,0.0
2006-09-18 00:00:00-04:00,28.43660824905391,28.710274742596397,28.262456556479744,28.270748138427734,1119200,0.0,0.0
2006-09-19 00:00:00-04:00,28.196119879284044,28.453203287638637,28.030259717878483,28.403444290161133,1301600,0.0,0.0
2006-09-20 00:00:00-04:00,28.403436758299783,28.718570665052994,28.29562720744657,28.33709144592285,969700,0.0,0.0
2006-09-21 00:00:00-04:00,28.196121215820312,28.469790969639742,28.03026104655274,28.196121215820312,3448600,0.0,0.0
2006-09-22 00:00:00-04:00,28.071721609191794,28.19611751067598,27.88927829413929,28.129772186279297,1296800,0.0,0.0
2006-09-25 00:00:00-04:00,28.187821953703867,28.444902140706603,27.847810122894813,28.229286193847656,1523700,0.0,0.0
2006-09-26 00:00:00-04:00,28.171232315919053,28.420020891077552,28.07171435504096,28.104887008666992,1552800,0.0,0.0
2006-09-27 00:00:00-04:00,28.030258812710233,28.37856545676615,27.89757132057449,28.204410552978516,2311100,0.0,0.0
2006-09-28 00:00:00-04:00,28.270747777600572,28.511244776763082,28.121473996294082,28.295625686645508,1424500,0.0,0.0
2006-09-29 00:00:00-04:00,28.370265786963163,28.378560533262196,27.939030721458767,28.08830451965332,1063700,0.0,0.0
2006-10-02 00:00:00-04:00,27.980505078092364,28.254171667099744,27.65707632596424,27.93074607849121,1121200,0.0,0.0
2006-10-03 00:00:00-04:00,27.905871940042296,28.09661005240105,27.698547492236692,27.947336196899414,978400,0.0,0.0
2006-10-04 00:00:00-04:00,27.86440290388945,28.478084625757223,27.773182809501385,28.44491195678711,1982100,0.0,0.0
2006-10-05 00:00:00-04:00,28.444902267286775,28.47807492495692,27.922443981297615,28.14635467529297,1607900,0.0,0.0
2006-10-06 00:00:00-04:00,28.14635991657969,28.403443316118086,28.14635991657969,28.23758316040039,931400,0.0,0.0
2006-10-09 00:00:00-04:00,28.179526074305553,28.353677774017083,28.138061835829276,28.33709144592285,537800,0.0,0.0
2006-10-10 00:00:00-04:00,28.411726209548775,28.693687438964844,28.411726209548775,28.693687438964844,1497100,0.0,0.0
2006-10-11 00:00:00-04:00,28.619062214409837,29.01712789402004,28.619062214409837,28.735166549682617,1806100,0.0,0.0
2006-10-12 00:00:00-04:00,28.8927304552808,29.332257200538724,28.78492087423885,29.199569702148438,2095300,0.0,0.0
2006-10-13 00:00:00-04:00,29.224438309054506,30.19471463372739,29.19955723880674,29.6888427734375,3234100,0.0,0.0
2006-10-16 00:00:00-04:00,29.64738957382009,29.954228803903582,29.52299366684388,29.730318069458008,2219800,0.0,0.0
2006-10-17 00:00:00-04:00,29.60592398766867,29.61421557144991,29.000537139024186,29.05029296875,1463700,0.0,0.0
2006-10-18 00:00:00-04:00,29.30736156478288,29.647373271566433,29.116623598881628,29.340534210205078,2005800,0.0,0.0
2006-10-19 00:00:00-04:00,29.332244806987834,29.42346801674715,29.124920480632355,29.382003784179688,1557100,0.0,0.0
2006-10-20 00:00:00-04:00,29.539581614493517,29.713736526490365,29.108346453845208,29.199569702148438,1482700,0.0,0.0
2006-10-23 00:00:00-04:00,29.199560943323903,29.796656088732746,29.133218795788782,29.72201919555664,1622000,0.0,0.0
2006-10-24 00:00:00-04:00,29.61422291168316,29.64739558206873,29.207868771779832,29.423484802246094,1165200,0.0,0.0
2006-10-25 00:00:00-04:00,29.29908099977628,29.406887392650386,29.066875558044014,29.398595809936523,1243600,0.0,0.0
2006-10-26 00:00:00-04:00,29.274202940578448,29.498113659146526,29.2078607814763,29.48152732849121,1015200,0.0,0.0
2006-10-27 00:00:00-04:00,29.357124955267746,29.357124955267746,28.80149413305738,28.909303665161133,802800,0.0,0.0
2006-10-30 00:00:00-05:00,29.067565029923678,29.409046310893626,29.009263580284227,29.192495346069336,1002100,0.15,0.0
2006-10-31 00:00:00-05:00,29.09253974599478,29.21747319333132,28.70108457638387,28.975936889648438,1661600,0.0,0.0
2006-11-01 00:00:00-05:00,28.95095465859363,29.250792456367563,28.784380928443884,28.900983810424805,1464700,0.0,0.0
2006-11-02 00:00:00-05:00,28.109753104005264,28.984278120691663,27.526735367150646,28.717756271362305,3517600,0.0,0.0
2006-11-03 00:00:00-05:00,28.6177949032511,28.851000592911785,28.22633977230132,28.27631378173828,1417100,0.0,0.0
2006-11-06 00:00:00-05:00,28.31797389098788,28.592826339099197,28.234687003361415,28.451234817504883,896400,0.0,0.0
2006-11-07 00:00:00-05:00,28.384601122021877,28.5844908892527,28.3596125182251,28.559505462646484,924000,0.0,0.0
2006-11-08 00:00:00-05:00,28.559501845352017,28.71774815579911,28.476211805229738,28.659446716308594,1823600,0.0,0.0
2006-11-09 00:00:00-05:00,28.69276481185552,28.717750237107932,28.492871878265035,28.526187896728516,1447700,0.0,0.0
2006-11-10 00:00:00-05:00,28.626127096661847,29.117527151357883,28.626127096661847,28.98426628112793,1914300,0.0,0.0
2006-11-13 00:00:00-05:00,28.97593725054009,29.367389247836936,28.925963235545144,29.167499542236328,1394300,0.0,0.0
2006-11-14 00:00:00-05:00,29.150849333686427,29.23413620376364,28.942628981302953,29.03424644470215,1289000,0.0,0.0
2006-11-15 00:00:00-05:00,29.075891613530676,29.500659759758015,29.067564196902566,29.400714874267578,1991100,0.0,0.0
2006-11-16 00:00:00-05:00,29.400706891594425,29.658901217631467,29.350736051012248,29.434022903442383,1285900,0.0,0.0
2006-11-17 00:00:00-05:00,29.434025873862367,29.525643327095214,29.27577956739932,29.409040451049805,1550600,0.0,0.0
2006-11-20 00:00:00-05:00,29.567289184755545,29.975402461607473,29.434028290165386,29.700550079345703,2426000,0.0,0.0
2006-11-21 00:00:00-05:00,29.683900408106343,29.692231003527727,29.3674045031097,29.392393112182617,1347300,0.0,0.0
2006-11-22 00:00:00-05:00,29.309075469012654,29.85877669357185,29.309075469012654,29.783817291259766,1454200,0.0,0.0
2006-11-24 00:00:00-05:00,29.575636732334207,29.858816723243415,29.575636732334207,29.767202377319336,778300,0.0,0.0
2006-11-27 00:00:00-05:00,29.692225657086777,29.72553850120023,29.10087739910604,29.134193420410156,1475200,0.0,0.0
2006-11-28 00:00:00-05:00,28.98427516287073,29.17583752395299,28.767727373835797,28.82602882385254,1935600,0.0,0.0
2006-11-29 00:00:00-05:00,28.984274144668344,29.467346916054954,28.950958123774658,29.400714874267578,832400,0.0,0.0
2006-11-30 00:00:00-05:00,29.483987945949913,29.950399261081333,29.442341355222784,29.717193603515625,1928500,0.0,0.0
2006-12-01 00:00:00-05:00,29.717190128058867,29.717190128058867,29.192474282713295,29.683874130249023,1915200,0.0,0.0
2006-12-04 00:00:00-05:00,29.683897911594517,30.341875098131478,29.675570494064733,30.10866928100586,3429200,0.0,0.0
2006-12-05 00:00:00-05:00,30.075346823403695,30.691677258886063,30.06701623046485,30.55841636657715,2256900,0.0,0.0
2006-12-06 00:00:00-05:00,30.600050873679187,30.883230554978603,30.516760863185812,30.84991455078125,1393200,0.0,0.0
2006-12-07 00:00:00-05:00,30.700007977071746,30.700007977071746,29.983729486542774,30.650033950805664,5440600,0.0,0.0
2006-12-08 00:00:00-05:00,30.7416428849723,30.891561745004154,30.34186031728383,30.400161743164062,2890500,0.0,0.0
2006-12-11 00:00:00-05:00,30.40017450156184,30.566751435638686,30.25858617277051,30.483461380004883,2072900,0.0,0.0
2006-12-12 00:00:00-05:00,30.48346698741665,30.708345413208004,30.366864065271063,30.708345413208008,1964000,0.0,0.0
2006-12-13 00:00:00-05:00,30.816608476663486,30.908225929133707,30.341866384036038,30.366851806640625,2371400,0.0,0.0
2006-12-14 00:00:00-05:00,30.39183488915949,30.55008116557756,30.275228858063066,30.316875457763672,1432200,0.0,0.0
2006-12-15 00:00:00-05:00,30.241916580133356,30.32520342668069,30.067009118880698,30.158626556396484,2790800,0.0,0.0
2006-12-18 00:00:00-05:00,30.108663796688944,30.466803051862776,29.97540290014917,29.98373031616211,1508500,0.0,0.0
2006-12-19 00:00:00-05:00,29.942082091031114,30.017041531915744,29.74218918960881,29.867122650146484,1601500,0.0,0.0
2006-12-20 00:00:00-05:00,29.892103695051564,30.091996567208735,29.833802269253518,29.95040512084961,1930300,0.0,0.0
2006-12-21 00:00:00-05:00,29.892103695051564,30.10865457132095,29.892103695051564,29.95040512084961,1331500,0.0,0.0
2006-12-22 00:00:00-05:00,29.925417531869012,30.000376956340173,29.525634993752558,29.625579833984375,978200,0.0,0.0
2006-12-26 00:00:00-05:00,29.400706749128236,29.592269050541113,29.042567566472506,29.567283630371094,860400,0.0,0.0
2006-12-27 00:00:00-05:00,29.592285923867433,29.717219450333285,29.417381528568484,29.608943939208984,1551600,0.0,0.0
2006-12-28 00:00:00-05:00,29.467348529950584,29.66723831187922,29.400716484513843,29.442359924316406,784900,0.0,0.0
2006-12-29 00:00:00-05:00,29.442350317809492,29.500651749948542,29.26744602139235,29.434022903442383,1072900,0.0,0.0
2007-01-03 00:00:00-05:00,29.400718023788933,29.800500785767632,29.37573259403744,29.475677490234375,1792500,0.0,0.0
2007-01-04 00:00:00-05:00,29.467347080789075,29.867129802176404,29.342413590334626,29.808828353881836,2086300,0.0,0.0
2007-01-05 00:00:00-05:00,29.783822974155775,29.87544039192806,29.63390731811523,29.633907318115234,2594800,0.0,0.0
2007-01-08 00:00:00-05:00,29.575615439635165,29.575615439635165,29.35906768587327,29.48400115966797,1800000,0.0,0.0
2007-01-09 00:00:00-05:00,29.484009355867027,29.69222975194747,29.209156907989115,29.317432403564453,1660100,0.0,0.0
2007-01-10 00:00:00-05:00,29.26745950076217,29.400720432338666,29.125871150983304,29.3007755279541,1215600,0.0,0.0
2007-01-11 00:00:00-05:00,29.250800351766983,29.517322204574658,29.21748750305935,29.317432403564453,1330200,0.0,0.0
2007-01-12 00:00:00-05:00,29.317407685906,29.758833536726964,29.250775690286314,29.683874130249023,1515700,0.0,0.0
2007-01-16 00:00:00-05:00,29.658914770206692,29.767190269593925,29.467352380331562,29.525653839111328,2608600,0.0,0.0
2007-01-17 00:00:00-05:00,29.525644830057082,29.57561567822591,28.88432580197178,28.900983810424805,2736000,0.0,0.0
2007-01-18 00:00:00-05:00,28.859346523222953,29.017592871438428,28.567836079005907,28.876001358032227,1821900,0.0,0.0
2007-01-19 00:00:00-05:00,28.98425798172489,29.80048097531336,28.900971153125827,29.633907318115234,2706600,0.0,0.0
2007-01-22 00:00:00-05:00,29.46733447008158,29.767172177102545,29.359059036504167,29.50897789001465,2480900,0.0,0.0
2007-01-23 00:00:00-05:00,29.425692891276263,29.867118889126985,29.259116023932197,29.65056800842285,3418500,0.0,0.0
2007-01-24 00:00:00-05:00,29.650576052428015,29.91709784160833,29.15084849201251,29.700550079345703,2421700,0.0,0.0
2007-01-25 00:00:00-05:00,29.725522994995117,30.15029410206572,29.5422913277859,29.725522994995117,2136800,0.0,0.0
2007-01-26 00:00:00-05:00,29.6755575279391,29.875447233225938,29.59226750307827,29.75884437561035,1424500,0.0,0.0
2007-01-29 00:00:00-05:00,29.8088201608079,29.983724457618464,29.508982407881355,29.66722869873047,1691600,0.0,0.0
2007-01-30 00:00:00-05:00,29.675605695029567,29.826158630494593,29.541781218019235,29.650514602661133,1864700,0.15,0.0
2007-01-31 00:00:00-05:00,29.658866517040718,30.05197717207692,29.575227445623934,29.99342918395996,1185500,0.0,0.0
2007-02-01 00:00:00-05:00,30.00178896696483,30.261075168746096,29.85123610020484,30.21088981628418,1189600,0.0,0.0
2007-02-02 00:00:00-05:00,30.31127347299803,30.570556594943362,30.194174267217914,30.48691749572754,1536900,0.0,0.0
2007-02-05 00:00:00-05:00,30.369810169066906,30.587273660408098,30.35308171732898,30.51199722290039,1370400,0.0,0.0
2007-02-06 00:00:00-05:00,30.528733145900517,30.721105602026878,30.503642057466077,30.66255760192871,1562400,0.0,0.0
2007-02-07 00:00:00-05:00,30.69601356370574,30.997119378108152,30.428364659931738,30.762924194335938,1671200,0.0,0.0
2007-02-08 00:00:00-05:00,30.762922393114824,30.771288215595398,30.19416770823996,30.470182418823242,1790400,0.0,0.0
2007-02-09 00:00:00-05:00,31.298207062174843,32.57790616254075,30.871642822469596,31.557493209838867,4448900,0.0,0.0
2007-02-12 00:00:00-05:00,31.507318006743255,32.00079619456378,31.340039860872796,31.93388557434082,2159600,0.0,0.0
2007-02-13 00:00:00-05:00,31.774977206554123,32.37718568651799,31.774977206554123,32.268455505371094,1589300,0.0,0.0
2007-02-14 00:00:00-05:00,32.268454607823195,32.51937506671435,32.24336032849536,32.45246124267578,1648700,0.0,0.0
2007-02-15 00:00:00-05:00,32.45246486422478,32.577926702984705,32.20154437733203,32.46083068847656,2676300,0.0,0.0
2007-02-16 00:00:00-05:00,32.385546742266236,32.78702006667949,32.385546742266236,32.62810134887695,1414700,0.0,0.0
2007-02-20 00:00:00-05:00,32.368807553542254,32.795371822195875,32.142978285210816,32.686641693115234,1644200,0.0,0.0
2007-02-21 00:00:00-05:00,32.64484228426989,32.78703260242508,32.23500617146759,32.32701110839844,1533900,0.0,0.0
2007-02-22 00:00:00-05:00,32.45245746853568,32.70337789824541,32.243356578673165,32.33536148071289,1421100,0.0,0.0
2007-02-23 00:00:00-05:00,32.33536709119355,32.65320139230708,32.201542626086834,32.36882400512695,1603300,0.0,0.0
2007-02-26 00:00:00-05:00,32.36881275081974,32.77028600655171,32.2600794136551,32.36044692993164,1014500,0.0,0.0
2007-02-27 00:00:00-05:00,32.201548674147666,32.31028206953998,30.988762436606212,31.248048782348633,2137000,0.0,0.0
2007-02-28 00:00:00-05:00,31.323323194905065,31.816801568418008,31.298228911080802,31.48223876953125,1409800,0.0,0.0
2007-03-01 00:00:00-05:00,31.2814998626709,31.465506508258823,30.73783617783261,31.2814998626709,1410500,0.0,0.0
2007-03-02 00:00:00-05:00,31.28986902856816,31.774984810553022,30.96367202581235,31.41533088684082,1797600,0.0,0.0
2007-03-05 00:00:00-05:00,31.197839463896,31.649497968388413,31.03055818179232,31.35675811767578,1821600,0.0,0.0
2007-03-06 00:00:00-05:00,31.490593098587354,31.71641923617581,31.189487327634545,31.65787124633789,1432200,0.0,0.0
2007-03-07 00:00:00-05:00,31.51568416652216,31.86697210537018,31.22294421748214,31.716419219970703,1746800,0.0,0.0
2007-03-08 00:00:00-05:00,31.783333761328656,32.0342541792139,31.54914179671926,31.682966232299805,1235800,0.0,0.0
2007-03-09 00:00:00-05:00,31.783339417419917,32.042625703398194,31.708062959595694,31.85861587524414,1306700,0.0,0.0
2007-03-12 00:00:00-04:00,31.699681578199254,31.783320619368684,31.256385726251548,31.406938552856445,1816800,0.0,0.0
2007-03-13 00:00:00-04:00,31.33167666727651,31.365133575507386,30.804744720458984,30.804744720458984,1871900,0.0,0.0
2007-03-14 00:00:00-04:00,30.737828115605048,31.022205428517324,30.269441014741865,30.72946548461914,1650600,0.0,0.0
2007-03-15 00:00:00-04:00,30.737828766669555,31.37349402572381,30.68764340781284,31.306583404541016,1397100,0.0,0.0
2007-03-16 00:00:00-04:00,31.28986136990206,31.99244058488139,31.273132913518406,31.733154296875,2624300,0.0,0.0
2007-03-19 00:00:00-04:00,31.632764704147693,32.00078091623503,31.5073029640187,31.99241828918457,1339600,0.0,0.0
2007-03-20 00:00:00-04:00,31.82515863416337,32.19317828667191,31.682971543422713,32.15972137451172,945100,0.0,0.0
2007-03-21 00:00:00-04:00,32.02590396046439,32.76193704611542,31.950627486860597,32.69502639770508,1370600,0.0,0.0
2007-03-22 00:00:00-04:00,32.69501446140001,32.8455673536437,32.218264699503735,32.28517532348633,1527000,0.0,0.0
2007-03-23 00:00:00-04:00,32.151354153481044,32.68665515289325,32.050986611990396,32.6531982421875,1152000,0.0,0.0
2007-03-26 00:00:00-04:00,32.511007295632886,32.511007295632886,31.758245964058016,32.310272216796875,1498000,0.0,0.0
2007-03-27 00:00:00-04:00,32.126249407570384,32.20152582934191,31.975696564027338,32.15134048461914,1442300,0.0,0.0
2007-03-28 00:00:00-04:00,32.07607732342714,32.30190668210189,31.9840756060055,32.06771469116211,1049300,0.0,0.0
2007-03-29 00:00:00-04:00,32.226638956643974,32.285186970234555,31.75825484791932,31.85025978088379,1195500,0.0,0.0
2007-03-30 00:00:00-04:00,31.783340565447485,31.992441490220166,31.549148550702693,31.7498836517334,1739000,0.0,0.0
2007-04-02 00:00:00-04:00,31.616058292816245,31.875344580822635,31.507324921635913,31.733154296875,1048900,0.0,0.0
2007-04-03 00:00:00-04:00,31.88368297176266,32.33534137883398,31.88368297176266,32.2349739074707,927200,0.0,0.0
2007-04-04 00:00:00-04:00,32.234975766158016,32.44407653808594,32.04260343885928,32.44407653808594,876200,0.0,0.0
2007-04-05 00:00:00-04:00,32.360447755575485,32.46918109551435,32.268446057839725,32.29353713989258,788900,0.0,0.0
2007-04-09 00:00:00-04:00,32.2517359268387,32.33537504160995,31.97572110496369,32.18482208251953,1048100,0.0,0.0
2007-04-10 00:00:00-04:00,32.18478879368312,32.50262284420692,32.15969772332907,32.34370422363281,556700,0.0,0.0
2007-04-11 00:00:00-04:00,32.38556042484933,32.485928000700376,32.084454506668486,32.18482208251953,1415400,0.0,0.0
2007-04-12 00:00:00-04:00,32.23499117649308,32.30190179637269,32.059347209854764,32.201534271240234,1257200,0.0,0.0
2007-04-13 00:00:00-04:00,32.176459252644456,32.494290439354685,32.10954540873007,32.19318771362305,1050100,0.0,0.0
2007-04-16 00:00:00-04:00,32.26845126801908,33.079760561441915,32.243356991288515,32.92084503173828,1208900,0.0,0.0
2007-04-17 00:00:00-04:00,32.845560956018375,33.322310625053824,32.845560956018375,33.037933349609375,1437100,0.0,0.0
2007-04-18 00:00:00-04:00,33.01285815551388,33.43942267863567,33.01285815551388,33.32232666015625,1539200,0.0,0.0
2007-04-19 00:00:00-04:00,32.97938436794346,33.28049008464618,32.97938436794346,33.05466079711914,1009800,0.0,0.0
2007-04-20 00:00:00-04:00,33.44777804284222,33.68197000656078,33.20522025720445,33.247039794921875,1611100,0.0,0.0
2007-04-23 00:00:00-04:00,33.12995390277404,33.25541255413469,32.72848047529102,32.73684310913086,1310100,0.0,0.0
2007-04-24 00:00:00-04:00,32.669915256159626,32.753554313006035,32.22661932112227,32.53609085083008,3366100,0.0,0.0
2007-04-25 00:00:00-04:00,32.75356720753462,32.787024119694806,31.74988217711633,32.15972137451172,3781800,0.0,0.0
2007-04-26 00:00:00-04:00,32.301905929647454,33.25540551697855,32.24335793327636,33.02121353149414,2429200,0.0,0.0
2007-04-27 00:00:00-04:00,33.079970961754604,33.197513488781965,32.802903688509836,32.962425231933594,1871600,0.15,0.0
2007-04-30 00:00:00-04:00,32.96244349571268,33.07159156105481,32.53425216674805,32.53425216674805,2408500,0.0,0.0
2007-05-01 00:00:00-04:00,32.66019997997313,32.78613712782829,32.433509270478446,32.73576354980469,3109300,0.0,0.0
2007-05-02 00:00:00-04:00,32.727358991437136,33.28988838346257,32.69377447789626,33.16394805908203,1337500,0.0,0.0
2007-05-03 00:00:00-04:00,33.096778263407465,33.60053634643555,33.07998920982241,33.60053634643555,1812500,0.0,0.0
2007-05-04 00:00:00-04:00,34.028728304510686,35.833855863897355,34.00354152087126,35.06142807006836,4228700,0.0,0.0
2007-05-07 00:00:00-04:00,35.0110474907989,35.12019553603544,34.423331435487704,34.82633590698242,1984100,0.0,0.0
2007-05-08 00:00:00-04:00,34.60803409397065,34.91028817033976,34.44011480678848,34.70038986206055,2847700,0.0,0.0
2007-05-09 00:00:00-04:00,34.591231874086475,34.843109130859375,34.070685116383416,34.843109130859375,1498200,0.0,0.0
2007-05-10 00:00:00-04:00,34.59124940581508,34.93548257852259,34.42333008192965,34.6836051940918,1330000,0.0,0.0
2007-05-11 00:00:00-04:00,34.68362397609405,34.99427281168922,34.59966266728695,34.83475112915039,1819800,0.0,0.0
2007-05-14 00:00:00-04:00,35.17896503379151,36.102516500357204,34.96906668204525,35.76667785644531,3077400,0.0,0.0
2007-05-15 00:00:00-04:00,35.70791392064772,37.16041042922994,35.70791392064772,36.15290069580078,3981900,0.0,0.0
2007-05-16 00:00:00-04:00,36.085725001044004,36.63985653310789,35.92620340339348,36.597877502441406,2357600,0.0,0.0
2007-05-17 00:00:00-04:00,36.42996188891483,36.86655089847975,36.41316963437829,36.56429672241211,1705000,0.0,0.0
2007-05-18 00:00:00-04:00,36.66504726106809,36.88334336852357,36.51392337494633,36.648258209228516,1696800,0.0,0.0
2007-05-21 00:00:00-04:00,35.99337279495634,36.63146565466857,35.99337279495634,36.53071212768555,1539900,0.0,0.0
2007-05-22 00:00:00-04:00,36.354389665104186,36.74060181884938,35.93459301030438,36.08572006225586,1930500,0.0,0.0
2007-05-23 00:00:00-04:00,35.63234938308127,35.783476479467375,35.51480679762436,35.65753936767578,4054200,0.0,0.0
2007-05-24 00:00:00-04:00,35.91779000882717,36.01854348183339,35.64912048639728,35.69949722290039,3733100,0.0,0.0
2007-05-25 00:00:00-04:00,35.8170572025034,35.8842262172582,35.665930122099994,35.6743278503418,1604500,0.0,0.0
2007-05-29 00:00:00-04:00,35.71630274426059,35.78346854843713,35.42244314295396,35.55677795410156,1631600,0.0,0.0
2007-05-30 00:00:00-04:00,35.51480770016735,36.3544012779623,35.51480770016735,36.11931610107422,3329100,0.0,0.0
2007-05-31 00:00:00-04:00,36.39638395977118,36.51392976277752,35.98498485903372,36.03535842895508,1796000,0.0,0.0
2007-06-01 00:00:00-04:00,36.03534922020422,36.110912758571814,35.94299663135033,36.04374694824219,1038200,0.0,0.0
2007-06-04 00:00:00-04:00,35.83385403290719,36.110918247170254,35.632350165701524,36.068939208984375,940100,0.0,0.0
2007-06-05 00:00:00-04:00,36.07733334584973,36.236854956189624,35.791871430697555,35.917808532714844,1212200,0.0,0.0
2007-06-06 00:00:00-04:00,35.91781127816448,35.98498029994389,35.506412229548914,35.6407470703125,2350400,0.0,0.0
2007-06-07 00:00:00-04:00,35.50640744565599,35.632344540331616,34.87671236389342,34.943878173828125,1830100,0.0,0.0
2007-06-08 00:00:00-04:00,34.759166045627104,34.97745890786547,34.566056756254035,34.96066665649414,1659200,0.0,0.0
2007-06-11 00:00:00-04:00,35.01104731916395,35.22094568054647,34.76756445128946,34.99425506591797,1273400,0.0,0.0
2007-06-12 00:00:00-04:00,35.581966898703115,35.581966898703115,34.801144830733776,35.095001220703125,1747800,0.0,0.0
2007-06-13 00:00:00-04:00,35.10341708819211,35.498023986816406,35.044645779826865,35.498023986816406,1085100,0.0,0.0
2007-06-14 00:00:00-04:00,35.50642171818064,35.766693740142095,35.4728371983159,35.498023986816406,927700,0.0,0.0
2007-06-15 00:00:00-04:00,35.68271622992846,35.89261456069274,35.5064024007571,35.63233947753906,1123200,0.0,0.0
2007-06-18 00:00:00-04:00,35.76669868931279,35.89263905483433,35.46444757709485,35.842262268066406,1322500,0.0,0.0
2007-06-19 00:00:00-04:00,35.85064118621838,36.287230167362736,35.84224345809925,35.942996978759766,1362600,0.0,0.0
2007-06-20 00:00:00-04:00,35.951378605583564,36.11929787697746,35.51478978107691,35.58195877075195,2052600,0.0,0.0
2007-06-21 00:00:00-04:00,35.4560185165081,35.69950129988957,35.01942969200145,35.58195877075195,1050800,0.0,0.0
2007-06-22 00:00:00-04:00,35.43085753661596,35.43085753661596,34.88512030804644,35.120208740234375,1595100,0.0,0.0
2007-06-25 00:00:00-04:00,35.120193210564075,35.590363461445,34.83473132847438,35.019439697265625,1168800,0.0,0.0
2007-06-26 00:00:00-04:00,35.18735713969746,35.40565000127751,34.96066655105985,35.14537811279297,1180300,0.0,0.0
2007-06-27 00:00:00-04:00,34.85991562958496,35.41404710219247,34.84312337856117,35.363670349121094,1300400,0.0,0.0
2007-06-28 00:00:00-04:00,35.2209466963155,35.85064179862342,35.170569935124696,35.47282409667969,1218900,0.0,0.0
2007-06-29 00:00:00-04:00,35.48122953742707,35.859047355600914,35.439250491584616,35.775089263916016,1886900,0.0,0.0
2007-07-02 00:00:00-04:00,35.81704544396263,35.99335924561877,35.62393939413059,35.7918586730957,819200,0.0,0.0
2007-07-03 00:00:00-04:00,35.808666464061886,36.06054389044031,35.62395485674659,35.65753936767578,572400,0.0,0.0
2007-07-05 00:00:00-04:00,35.749887542869764,35.749887542869764,35.304900874999284,35.43923568725586,844200,0.0,0.0
2007-07-06 00:00:00-04:00,35.44762352467187,35.90100138779833,35.22932751391314,35.83383560180664,994500,0.0,0.0
2007-07-09 00:00:00-04:00,35.81705737919241,36.1780828282932,35.50640869140625,35.50640869140625,1768700,0.0,0.0
2007-07-10 00:00:00-04:00,35.53160508639387,35.53160508639387,34.4485284459843,34.51569747924805,2434900,0.0,0.0
2007-07-11 00:00:00-04:00,34.46530513615856,34.70878796756363,34.38134708529891,34.616432189941406,1739900,0.0,0.0
2007-07-12 00:00:00-04:00,34.70878697776967,35.30489744913913,34.54926540456769,35.13697814941406,2008200,0.0,0.0
2007-07-13 00:00:00-04:00,35.07821515332928,35.246134492683034,34.86831677983584,34.91869354248047,1811300,0.0,0.0
2007-07-16 00:00:00-04:00,34.7507683185442,35.086606940381884,34.67520478877045,34.96066665649414,2380000,0.0,0.0
2007-07-17 00:00:00-04:00,34.90190951042723,35.330104086792765,34.624845257598736,34.65003204345703,2155400,0.0,0.0
2007-07-18 00:00:00-04:00,34.49889641657256,34.566062229899345,33.877595828626276,34.205039978027344,1964500,0.0,0.0
2007-07-19 00:00:00-04:00,34.205024311812316,34.591236369238786,34.17143981913345,34.47369384765625,1628600,0.0,0.0
2007-07-20 00:00:00-04:00,34.42333510157987,34.868318652388766,33.71807640065521,33.9615592956543,2129200,0.0,0.0
2007-07-23 00:00:00-04:00,34.08750858391606,34.650038121527125,34.04552953252331,34.38976287841797,1476100,0.0,0.0
2007-07-24 00:00:00-04:00,34.062304196870556,35.0278378940855,33.64250749421966,33.73486328125,2444600,0.0,0.0
2007-07-25 00:00:00-04:00,33.00442974909452,34.473718735183404,33.00442974909452,34.38136291503906,2030800,0.0,0.0
2007-07-26 00:00:00-04:00,33.6005278313378,34.12947256349289,33.34025272759284,33.953155517578125,2636500,0.0,0.0
2007-07-27 00:00:00-04:00,34.02873077771478,34.356171800007594,33.69289522786386,33.802040100097656,2794200,0.0,0.0
2007-07-30 00:00:00-04:00,33.700923709814845,34.265553773071375,33.50709212042548,34.1475715637207,2506000,0.15,0.0
2007-07-31 00:00:00-04:00,34.46778145226514,34.611044521113314,33.709320456094495,33.7430305480957,2514600,0.0,0.0
2007-08-01 00:00:00-04:00,34.11382785764895,36.29650622612273,32.571628301922196,35.386356353759766,7652400,0.0,0.0
2007-08-02 00:00:00-04:00,35.38638171110703,35.875165478149206,35.06614207525462,35.377952575683594,2352600,0.0,0.0
2007-08-03 00:00:00-04:00,35.42852034409905,35.63077460228006,34.62792280309664,34.636348724365234,2991500,0.0,0.0
2007-08-06 00:00:00-04:00,35.03242623921909,35.97628672171369,34.65319557645746,35.93415069580078,3619100,0.0,0.0
2007-08-07 00:00:00-04:00,35.65604199595977,36.41449992894433,35.495920634337864,36.08583450317383,3410000,0.0,0.0
2007-08-08 00:00:00-04:00,36.27124654934879,36.810595414580725,34.91444525193998,35.81616973876953,3466100,0.0,0.0
2007-08-09 00:00:00-04:00,35.38636710375362,35.656041460064635,34.619480050224446,34.93971633911133,4260100,0.0,0.0
2007-08-10 00:00:00-04:00,34.93970720799532,35.58861196290066,34.223385489016884,35.24309158325195,3085100,0.0,0.0
2007-08-13 00:00:00-04:00,34.75432509197033,36.953856455533135,34.75432509197033,36.53248977661133,2526800,0.0,0.0
2007-08-14 00:00:00-04:00,36.549334901992815,37.080257673361125,35.44535656053531,35.46221160888672,1684400,0.0,0.0
2007-08-15 00:00:00-04:00,35.47907914788053,35.96786612212601,34.577354557932814,34.703765869140625,2116400,0.0,0.0
2007-08-16 00:00:00-04:00,34.5520718066262,35.38637934523755,33.928447632689405,35.167266845703125,2374600,0.0,0.0
2007-08-17 00:00:00-04:00,37.189826112761565,38.04941457278941,35.85830578798134,36.549346923828125,3313500,0.0,0.0
2007-08-20 00:00:00-04:00,36.40607468474967,36.869577299271825,36.338654486026144,36.47349166870117,1824400,0.0,0.0
2007-08-21 00:00:00-04:00,36.47349585989935,36.751599389432954,36.237531566796214,36.507205963134766,2171900,0.0,0.0
2007-08-22 00:00:00-04:00,36.911715334305605,37.08868854347317,36.406076675320506,36.86957931518555,2735900,0.0,0.0
2007-08-23 00:00:00-04:00,36.91171123057659,37.08025850309046,35.69817665506604,36.29651641845703,1285400,0.0,0.0
2007-08-24 00:00:00-04:00,36.397660290316246,36.667334764860314,36.09427891753416,36.65890884399414,815200,0.0,0.0
2007-08-27 00:00:00-04:00,36.532491268449675,36.81059483098554,36.38079900066152,36.60833740234375,1591400,0.0,0.0
2007-08-28 00:00:00-04:00,36.49878637594554,36.64204951738851,36.026854493103585,36.0521354675293,1546800,0.0,0.0
2007-08-29 00:00:00-04:00,36.27125000984891,36.8948709892308,36.00157555150434,36.86116409301758,2043300,0.0,0.0
2007-08-30 00:00:00-04:00,36.57464119974634,36.979152960485976,36.271256575498185,36.59992218017578,1446200,0.0,0.0
2007-08-31 00:00:00-04:00,36.751599389432954,36.82744551432644,36.119549420244645,36.507205963134766,1493200,0.0,0.0
2007-09-04 00:00:00-04:00,36.51563198810275,36.89485936551782,36.431356737187755,36.7347412109375,2252200,0.0,0.0
2007-09-05 00:00:00-04:00,36.29651955049588,36.80215819689738,35.993135076746135,36.7347412109375,1766900,0.0,0.0
2007-09-06 00:00:00-04:00,36.73474008171759,37.39207094478772,36.254382417970646,36.692604064941406,931700,0.0,0.0
2007-09-07 00:00:00-04:00,36.20383863060217,36.389241071538216,35.78247178467401,35.883602142333984,1041400,0.0,0.0
2007-09-10 00:00:00-04:00,35.79088570022128,36.254388390662626,35.39480000477398,35.82459259033203,1046100,0.0,0.0
2007-09-11 00:00:00-04:00,36.03527401077846,36.53248677970878,35.82459068860073,36.439788818359375,1093300,0.0,0.0
2007-09-12 00:00:00-04:00,36.389216027142666,36.84429267909035,36.144822653159096,36.38078689575195,1402500,0.0,0.0
2007-09-13 00:00:00-04:00,36.63361740112305,36.80216148848339,36.35551387038816,36.63361740112305,1250200,0.0,0.0
2007-09-14 00:00:00-04:00,36.66733919957887,36.66733919957887,36.32181853635707,36.59992218017578,1159200,0.0,0.0
2007-09-17 00:00:00-04:00,36.58304960735639,36.82744301708242,36.15325707195213,36.45663833618164,1056900,0.0,0.0
2007-09-18 00:00:00-04:00,36.65889994909682,37.16453866248569,36.44821661605603,36.995994567871094,3447000,0.0,0.0
2007-09-19 00:00:00-04:00,37.29094562132428,37.50162892991934,37.08026231272923,37.34151077270508,2286600,0.0,0.0
2007-09-20 00:00:00-04:00,37.080269779440904,37.32466323816906,36.72632329281901,36.76845932006836,1505600,0.0,0.0
2007-09-21 00:00:00-04:00,37.19825471351163,37.206683848453295,36.70104183946429,36.953861236572266,1994300,0.0,0.0
2007-09-24 00:00:00-04:00,36.87801444659981,37.282529332577376,36.64205010875706,36.785316467285156,1297100,0.0,0.0
2007-09-25 00:00:00-04:00,36.717900188552385,37.00442972158559,36.65890909776084,36.85273742675781,1799400,0.0,0.0
2007-09-26 00:00:00-04:00,36.878004263805394,37.07183573325298,36.86115242841806,36.894859313964844,2063600,0.0,0.0
2007-09-27 00:00:00-04:00,37.0802625245552,38.04097790287331,37.03812650554992,37.85557556152344,2196500,0.0,0.0
2007-09-28 00:00:00-04:00,37.75444547127728,37.9229927486702,37.61118237509505,37.762874603271484,1185200,0.0,0.0
2007-10-01 00:00:00-04:00,37.86399987529255,38.47076875901707,37.83871891006129,38.31907653808594,1645900,0.0,0.0
2007-10-02 00:00:00-04:00,38.51291305674175,39.10282701894463,38.47077703403565,38.70674133300781,2215400,0.0,0.0
2007-10-03 00:00:00-04:00,38.470780538397065,38.91742820635803,38.42021537768021,38.512916564941406,1574900,0.0,0.0
2007-10-04 00:00:00-04:00,38.69831572469106,38.748880885407914,38.35279516339106,38.512916564941406,1101500,0.0,0.0
2007-10-05 00:00:00-04:00,38.83315299245997,38.934280090889736,38.479203325797044,38.74045181274414,1006500,0.0,0.0
2007-10-08 00:00:00-04:00,38.57189344047248,39.482043494792485,38.57189344047248,39.313499450683594,1600300,0.0,0.0
2007-10-09 00:00:00-04:00,38.84157504278458,39.56632614135742,38.60561076502493,39.56632614135742,1867400,0.0,0.0
2007-10-10 00:00:00-04:00,39.3556521825384,39.36407810241509,38.81630329678786,39.10283279418945,1312100,0.0,0.0
2007-10-11 00:00:00-04:00,39.10281699168526,39.33035209890517,38.72358645503267,38.78257751464844,1725500,0.0,0.0
2007-10-12 00:00:00-04:00,38.59717958600547,38.98483608313533,38.563469486749305,38.72359085083008,1753000,0.0,0.0
2007-10-15 00:00:00-04:00,38.63932412454389,38.92585360187098,38.10840441063967,38.3527946472168,1439000,0.0,0.0
2007-10-16 00:00:00-04:00,38.52132551240011,38.614026658818524,37.737583547844324,37.77129364013672,1131700,0.0,0.0
2007-10-17 00:00:00-04:00,37.93986227491356,38.15054564835392,37.3330931306779,37.914581298828125,1905200,0.0,0.0
2007-10-18 00:00:00-04:00,37.83030549454824,37.914580771616414,37.307811635818034,37.46792984008789,976800,0.0,0.0
2007-10-19 00:00:00-04:00,37.316232056587694,37.65332668563419,36.53248977661133,36.53248977661133,1796200,0.0,0.0
2007-10-22 00:00:00-04:00,36.17010574871511,37.61118189811573,36.17010574871511,37.28251647949219,1372700,0.0,0.0
2007-10-23 00:00:00-04:00,37.41736514603403,37.43421698543936,36.894868110828256,37.223533630371094,1459100,0.0,0.0
2007-10-24 00:00:00-04:00,36.97912481921156,37.257225036621094,35.588614087850125,37.257225036621094,2345400,0.0,0.0
2007-10-25 00:00:00-04:00,37.333089426647454,38.3527960813823,37.15611618206164,38.201107025146484,2252700,0.0,0.0
2007-10-26 00:00:00-04:00,38.38649990946868,38.77415644317283,38.14210648896169,38.59718322753906,1506500,0.0,0.0
2007-10-29 00:00:00-04:00,38.57192097550206,38.791030318120406,38.15898005720066,38.33595657348633,794700,0.0,0.0
2007-10-30 00:00:00-04:00,38.302110387407375,38.572676918125254,38.0146330453437,38.23447036743164,1001600,0.15,0.0
2007-10-31 00:00:00-04:00,38.22601527793289,38.62341130109307,37.490412687013254,38.31902313232422,1341800,0.0,0.0
2007-11-01 00:00:00-04:00,38.86015808433065,41.007782955478305,38.86015808433065,39.781776428222656,3280300,0.0,0.0
2007-11-02 00:00:00-04:00,39.65495517493594,40.22990998822756,39.18146202710514,40.119991302490234,2741900,0.0,0.0
2007-11-05 00:00:00-05:00,39.42666041974945,40.30600014938092,39.40129258663723,39.900150299072266,2715300,0.0,0.0
2007-11-06 00:00:00-05:00,39.50275679536353,40.2299056409746,39.50275679536353,40.15380859375,1767500,0.0,0.0
2007-11-07 00:00:00-05:00,39.73951872102103,39.993174578413786,39.07155582373969,39.08846664428711,1431000,0.0,0.0
2007-11-08 00:00:00-05:00,39.13919002352107,39.44357827192153,38.124563603989,38.59805679321289,2660800,0.0,0.0
2007-11-09 00:00:00-05:00,38.33593125315778,39.27446029916997,37.96390308711825,38.648773193359375,3074200,0.0,0.0
2007-11-12 00:00:00-05:00,38.386670064440416,39.31674224678176,38.2936622011247,38.70796585083008,2756700,0.0,0.0
2007-11-13 00:00:00-05:00,38.953171784164645,40.119992253552724,38.86016391136736,40.07771682739258,2451500,0.0,0.0
2007-11-14 00:00:00-05:00,40.33982859050661,40.999337530889605,39.95088948810667,40.14535903930664,2129000,0.0,0.0
2007-11-15 00:00:00-05:00,39.90861462618765,40.29755373410887,39.13073318493673,39.545040130615234,1575300,0.0,0.0
2007-11-16 00:00:00-05:00,40.179171996205454,40.55965722091916,39.57039563666351,40.21299362182617,1979000,0.0,0.0
2007-11-19 00:00:00-05:00,39.88324893390152,39.90015975151324,38.86016865895702,39.24065399169922,2290400,0.0,0.0
2007-11-20 00:00:00-05:00,39.30828853223405,40.32291156033242,38.76715216506486,39.67185974121094,2112600,0.0,0.0
2007-11-21 00:00:00-05:00,39.73949835073528,40.52583336336754,39.40128856397025,39.917057037353516,2397200,0.0,0.0
2007-11-23 00:00:00-05:00,40.10307664213389,40.8809547117617,40.05234420156378,40.71185302734375,710300,0.0,0.0
2007-11-26 00:00:00-05:00,40.6357757648486,40.711872850051684,39.62114903727729,39.7056999206543,1588400,0.0,0.0
2007-11-27 00:00:00-05:00,39.96778501466555,41.5573656744946,39.74794771016842,41.54045486450195,2659000,0.0,0.0
2007-11-28 00:00:00-05:00,41.54046019985779,42.27606278927708,41.32062286712529,42.2253303527832,2343100,0.0,0.0
2007-11-29 00:00:00-05:00,42.03930664268295,42.27605149894689,41.591178303517516,42.2337760925293,2491300,0.0,0.0
2007-11-30 00:00:00-05:00,42.49590447559247,43.39215832771551,41.929406681378985,42.25070571899414,2488700,0.0,0.0
2007-12-03 00:00:00-05:00,42.14077732958246,42.55508414258753,41.5404580432388,42.15768814086914,1762600,0.0,0.0
2007-12-04 00:00:00-05:00,41.988579851501946,42.3775188033615,41.895572009664406,42.34370040893555,2345100,0.0,0.0
2007-12-05 00:00:00-05:00,42.64808967438633,43.12158272427012,41.83639006779199,42.30988311767578,1531400,0.0,0.0
2007-12-06 00:00:00-05:00,42.29298808846506,42.29298808846506,41.79413024765672,42.27607727050781,1685600,0.0,0.0
2007-12-07 00:00:00-05:00,42.27608423288469,42.318359672035726,41.89559882970688,41.929420471191406,1731400,0.0,0.0
2007-12-10 00:00:00-05:00,41.97169676045883,42.318360529173624,41.40519876846048,41.70958709716797,2101800,0.0,0.0
2007-12-11 00:00:00-05:00,41.69265975285233,42.030866364285295,40.38209905414943,40.407466888427734,1617000,0.0,0.0
2007-12-12 00:00:00-05:00,41.43900066094656,42.07314168441309,41.050061607318355,41.76029968261719,2490400,0.0,0.0
2007-12-13 00:00:00-05:00,41.47283247834088,42.17461693158178,41.32063833728644,42.022422790527344,2958800,0.0,0.0
2007-12-14 00:00:00-05:00,41.54893055568916,42.1407963157532,41.06698350580775,41.379825592041016,2166500,0.0,0.0
2007-12-17 00:00:00-05:00,41.5827449310861,42.51281723060065,41.17689502445747,41.768760681152344,3649000,0.0,0.0
2007-12-18 00:00:00-05:00,41.98859283807624,41.98859283807624,40.50893037950975,41.083885192871094,2772800,0.0,0.0
2007-12-19 00:00:00-05:00,41.17689043065591,41.76875602132071,40.37364450228282,40.62730026245117,2925500,0.0,0.0
2007-12-20 00:00:00-05:00,40.8386821652992,41.066973325822346,40.204541127870925,40.75413131713867,2320200,0.0,0.0
2007-12-21 00:00:00-05:00,41.718017622094536,42.22532906999085,40.838674768693906,41.5235481262207,3341600,0.0,0.0
2007-12-24 00:00:00-05:00,41.55737971571296,42.24225001207617,41.54892269515562,42.16615295410156,672900,0.0,0.0
2007-12-26 00:00:00-05:00,42.12387718072178,42.12387718072178,41.51510072193711,41.81103515625,983200,0.0,0.0
2007-12-27 00:00:00-05:00,41.89558896228215,41.89558896228215,40.880962534580135,40.88941955566406,1033700,0.0,0.0
2007-12-28 00:00:00-05:00,41.134615537330966,41.20225556905555,40.399009630349916,40.59347915649414,1472000,0.0,0.0
2007-12-31 00:00:00-05:00,40.39055738325916,40.53429447206044,40.01007211083203,40.322914123535156,1344500,0.0,0.0
2008-01-02 00:00:00-05:00,40.221458126896394,40.39056307462655,39.15610243939107,39.26601791381836,2553200,0.0,0.0
2008-01-03 00:00:00-05:00,39.468935649580494,39.468935649580494,38.78406221621528,38.96162414550781,3070300,0.0,0.0
2008-01-04 00:00:00-05:00,38.23447765769327,39.13918527204788,37.57496879108674,38.445858001708984,2646900,0.0,0.0
2008-01-07 00:00:00-05:00,38.682599175590326,38.75869622101763,37.887810320888924,38.25138473510742,2459000,0.0,0.0
2008-01-08 00:00:00-05:00,38.30212570376431,38.63187859335123,37.57497665215791,37.63416290283203,2154400,0.0,0.0
2008-01-09 00:00:00-05:00,37.566512767282106,38.175289154052734,36.98310421356552,38.175289154052734,2266000,0.0,0.0
2008-01-10 00:00:00-05:00,37.96390997782431,38.93625759694054,37.752529639919736,38.47967529296875,1939800,0.0,0.0
2008-01-11 00:00:00-05:00,38.1752959305684,38.724882954709,37.75253519257942,38.192203521728516,1507100,0.0,0.0
2008-01-14 00:00:00-05:00,38.42048656885133,38.42048656885133,37.566511478187046,38.03154754638672,1388200,0.0,0.0
2008-01-15 00:00:00-05:00,37.490414671272134,37.78634583690039,37.177572692549724,37.25366973876953,1479000,0.0,0.0
2008-01-16 00:00:00-05:00,37.21984844588759,38.17528842911282,37.1860268193964,37.80325698852539,2125100,0.0,0.0
2008-01-17 00:00:00-05:00,37.91317604879586,38.02309472330996,36.55188621000882,36.63644027709961,2894500,0.0,0.0
2008-01-18 00:00:00-05:00,36.92390852457365,37.2029320632435,35.968471909788185,36.712528228759766,3086200,0.0,0.0
2008-01-22 00:00:00-05:00,35.131420037227485,37.10148681261457,35.131420037227485,36.67026901245117,3116600,0.0,0.0
2008-01-23 00:00:00-05:00,35.70636476754342,37.24521330376507,35.6049031127947,37.0253791809082,3920400,0.0,0.0
2008-01-24 00:00:00-05:00,37.26212424653215,37.26212424653215,36.306684253557314,36.63644027709961,3074700,0.0,0.0
2008-01-25 00:00:00-05:00,36.771727479717775,36.78018127462428,35.90083823556978,36.044578552246094,1705800,0.0,0.0
2008-01-28 00:00:00-05:00,36.179876771458055,36.864747330656144,35.909310067136175,36.80556106567383,1534200,0.0,0.0
2008-01-29 00:00:00-05:00,36.949301171492614,37.15222458554564,36.357435300587206,36.822471618652344,2130200,0.0,0.0
2008-01-30 00:00:00-05:00,36.8733604071829,37.57757019318899,36.12673232236536,36.245513916015625,3163800,0.15,0.0
2008-01-31 00:00:00-05:00,35.74492488080997,37.33999630012718,35.42251545071179,36.763057708740234,2423400,0.0,0.0
2008-02-01 00:00:00-05:00,36.881848330215625,38.078153806579714,36.686706669424986,38.03573226928711,1820600,0.0,0.0
2008-02-04 00:00:00-05:00,37.891499814947984,38.171487821286185,37.56909026610418,37.611515045166016,1236100,0.0,0.0
2008-02-05 00:00:00-05:00,36.86488193851826,37.331525358184344,36.42369079589844,36.42369079589844,1352900,0.0,0.0
2008-02-06 00:00:00-05:00,36.60186682894807,36.86488558514934,35.99098622696133,36.36430358886719,1591700,0.0,0.0
2008-02-07 00:00:00-05:00,36.355803426928524,37.30606249676135,35.88916013965723,36.491554260253906,2761200,0.0,0.0
2008-02-08 00:00:00-05:00,36.228543686107955,36.228543686107955,35.159502898721506,35.54978942871094,2465200,0.0,0.0
2008-02-11 00:00:00-05:00,35.46494801858951,35.60918513875663,34.54014420382029,35.159507751464844,3815400,0.0,0.0
2008-02-12 00:00:00-05:00,35.44798041359126,35.91462708606047,35.04072778389139,35.685546875,3104400,0.0,0.0
2008-02-13 00:00:00-05:00,35.974012295097424,36.0503723535701,35.193442448870606,35.414039611816406,3297700,0.0,0.0
2008-02-14 00:00:00-05:00,35.35464454890545,35.744931078933156,34.777705857478104,35.29525375366211,2338100,0.0,0.0
2008-02-15 00:00:00-05:00,35.51584889921515,36.16066459815605,35.04071932761552,36.05036926269531,2154100,0.0,0.0
2008-02-19 00:00:00-05:00,36.38974165824873,36.39822790582712,35.30373500018548,35.60068893432617,3252000,0.0,0.0
2008-02-20 00:00:00-05:00,35.354649848169935,36.56792468123541,35.25283750342877,36.42369079589844,2384400,0.0,0.0
2008-02-21 00:00:00-05:00,36.52550358697595,36.59338064200357,35.86371848323735,36.084312438964844,3583500,0.0,0.0
2008-02-22 00:00:00-05:00,36.03339742052212,36.57640075683594,35.694018717048394,36.57640075683594,3339400,0.0,0.0
2008-02-25 00:00:00-05:00,36.42368219481992,36.9072947638354,36.05885120604608,36.78851318359375,2882400,0.0,0.0
2008-02-26 00:00:00-05:00,36.49155118171221,36.73760055778045,36.10126797339665,36.32186508178711,2673700,0.0,0.0
2008-02-27 00:00:00-05:00,36.09280262315382,37.102449652567834,36.03341181180926,36.83094787597656,3072300,0.0,0.0
2008-02-28 00:00:00-05:00,36.50004918802563,36.67822159228252,36.10976585397074,36.355812072753906,2587900,0.0,0.0
2008-02-29 00:00:00-05:00,35.84672938990881,35.87218165318651,35.06616310821901,35.30372619628906,3170900,0.0,0.0
2008-03-03 00:00:00-05:00,35.18496049067666,35.21889577813803,34.57408000459095,35.02375411987305,2134100,0.0,0.0
2008-03-04 00:00:00-05:00,34.667416030480126,35.40556126952061,34.63347749990078,35.218902587890625,2514300,0.0,0.0
2008-03-05 00:00:00-05:00,35.21887879228918,35.48189737173624,34.455281789515965,34.83708190917969,2467000,0.0,0.0
2008-03-06 00:00:00-05:00,34.69286041104511,34.91345757302748,33.97168460149619,34.03955841064453,2157400,0.0,0.0
2008-03-07 00:00:00-05:00,33.70019290624111,34.49772901092741,33.48808193021805,34.14138412475586,2225500,0.0,0.0
2008-03-10 00:00:00-04:00,34.14138441922975,34.43833849360064,33.8444271083022,33.94623947143555,2224900,0.0,0.0
2008-03-11 00:00:00-04:00,34.412882271658276,34.921947265593424,33.82745396842093,34.86255645751953,2306100,0.0,0.0
2008-03-12 00:00:00-04:00,35.12558590744415,35.566773977115936,34.81165927019672,34.82862854003906,1794800,0.0,0.0
2008-03-13 00:00:00-04:00,34.226218406655384,35.278290000886685,34.14137533271749,35.10860061645508,1438700,0.0,0.0
2008-03-14 00:00:00-04:00,35.21888926496907,35.3207048181914,33.61533152210215,33.88683319091797,2538100,0.0,0.0
2008-03-17 00:00:00-04:00,33.01293876308734,33.98865015090998,32.53780920471674,33.66624069213867,2829800,0.0,0.0
2008-03-18 00:00:00-04:00,33.70866950830459,34.896492042679526,33.36929395316606,34.871036529541016,3090600,0.0,0.0
2008-03-19 00:00:00-04:00,35.490393632714515,35.592205947839346,34.39590072631836,34.39590072631836,2383300,0.0,0.0
2008-03-20 00:00:00-04:00,34.3959117492619,35.09163539259297,33.90381280143661,34.93891525268555,4786000,0.0,0.0
2008-03-24 00:00:00-04:00,34.80314586748049,35.45644762151555,34.54012726939745,34.684364318847656,2148700,0.0,0.0
2008-03-25 00:00:00-04:00,34.743775905816904,35.02376069009223,33.98017515496345,34.726806640625,4007400,0.0,0.0
2008-03-26 00:00:00-04:00,34.39588741486275,34.84556126614596,34.0565088470484,34.09893035888672,2019200,0.0,0.0
2008-03-27 00:00:00-04:00,34.19227153637941,34.429837911217795,33.640785217285156,33.640785217285156,2382900,0.0,0.0
2008-03-28 00:00:00-04:00,33.85290826447615,34.183800822272346,33.48807717855824,33.58988952636719,1634600,0.0,0.0
2008-03-31 00:00:00-04:00,33.420189101069575,34.2346940880476,33.34382905625569,34.10742950439453,1718500,0.0,0.0
2008-04-01 00:00:00-04:00,34.557118847269905,35.37162419537309,34.548635832553984,35.22739028930664,2778500,0.0,0.0
2008-04-02 00:00:00-04:00,35.167984521097154,36.432163552340164,34.95587364127939,36.11824035644531,3480200,0.0,0.0
2008-04-03 00:00:00-04:00,35.76190358696614,36.287937779692605,35.76190358696614,36.26248550415039,2502500,0.0,0.0
2008-04-04 00:00:00-04:00,36.40672325094373,36.55944339354273,35.78735966665053,36.23703384399414,2571600,0.0,0.0
2008-04-07 00:00:00-04:00,36.228551606226816,37.06850917195965,36.228551606226816,36.958213806152344,2741600,0.0,0.0
2008-04-08 00:00:00-04:00,36.68671206544426,37.331527942178944,36.49156713939514,37.16183853149414,3441500,0.0,0.0
2008-04-09 00:00:00-04:00,37.24666932270437,37.56059249779906,37.01758919929312,37.10243225097656,2645300,0.0,0.0
2008-04-10 00:00:00-04:00,37.102432327289456,37.48423253376016,36.839413688041866,37.331512451171875,1986700,0.0,0.0
2008-04-11 00:00:00-04:00,36.89033294459848,37.645447345478985,36.89033294459848,37.18729019165039,1965100,0.0,0.0
2008-04-14 00:00:00-04:00,37.02608805488072,37.40788842395478,36.85639864234154,37.076995849609375,2353300,0.0,0.0
2008-04-15 00:00:00-04:00,37.46728484123773,37.94241462015706,37.2042660506036,37.86605453491211,2169000,0.0,0.0
2008-04-16 00:00:00-04:00,38.103607194252795,38.60418911665629,37.89997927812429,38.561767578125,2400800,0.0,0.0
2008-04-17 00:00:00-04:00,38.27329871510389,38.680551333471364,38.12057857864657,38.493892669677734,2267100,0.0,0.0
2008-04-18 00:00:00-04:00,39.23202795069887,39.64776344354902,38.75689843660083,39.36777877807617,2648700,0.0,0.0
2008-04-21 00:00:00-04:00,39.07932415868959,39.2320443077321,38.442991283197905,38.74842834472656,2758800,0.0,0.0
2008-04-22 00:00:00-04:00,38.7399322630926,39.01143393946422,38.13753812092776,38.332679748535156,2765500,0.0,0.0
2008-04-23 00:00:00-04:00,38.37511252050242,39.155682496153226,38.37511252050242,38.93508529663086,2505200,0.0,0.0
2008-04-24 00:00:00-04:00,38.94356404381999,40.105930914630186,38.94356404381999,39.59686279296875,2482700,0.0,0.0
2008-04-25 00:00:00-04:00,39.596874857948094,39.70717347006555,39.02841900425931,39.5714225769043,2220400,0.0,0.0
2008-04-28 00:00:00-04:00,39.22353718188042,39.63078961706574,39.087786370151974,39.53746032714844,2566700,0.0,0.0
2008-04-29 00:00:00-04:00,39.45235860975695,39.61408557204097,38.90760162460767,39.15444564819336,2141000,0.15,0.0
2008-04-30 00:00:00-04:00,39.324679396251156,39.42682050980815,38.6267091674313,38.63521957397461,2736000,0.0,0.0
2008-05-01 00:00:00-04:00,38.865050477022585,39.82688903808594,38.72886120486383,39.82688903808594,2839600,0.0,0.0
2008-05-02 00:00:00-04:00,40.01412851705621,40.43120979414194,38.728843065967546,39.98859405517578,2539000,0.0,0.0
2008-05-05 00:00:00-04:00,39.375744421822866,39.95454941955023,39.24806885429918,39.7587776184082,1590600,0.0,0.0
2008-05-06 00:00:00-04:00,39.02677950160389,40.303555318411114,39.00124502431057,40.16736602783203,1717600,0.0,0.0
2008-05-07 00:00:00-04:00,40.32055971535063,40.33758377424398,39.290628504856976,39.401283264160156,1591700,0.0,0.0
2008-05-08 00:00:00-04:00,39.316168819057715,39.74176061368838,39.12891063738547,39.44384765625,1709000,0.0,0.0
2008-05-09 00:00:00-04:00,38.975684169125444,39.78430895524552,38.94163605777149,39.409786224365234,1186900,0.0,0.0
2008-05-12 00:00:00-04:00,39.43533698935539,39.87794959548985,39.42682333519453,39.81836700439453,1673400,0.0,0.0
2008-05-13 00:00:00-04:00,39.63961812037287,40.16735101829004,39.63961812037287,39.79283142089844,1366800,0.0,0.0
2008-05-14 00:00:00-04:00,39.818365259227306,40.34610139580996,39.665151961123634,40.0056266784668,1210000,0.0,0.0
2008-05-15 00:00:00-04:00,39.86943225730932,40.448237253334874,39.83538414060026,40.42270278930664,1790800,0.0,0.0
2008-05-16 00:00:00-04:00,40.40567556949106,40.40567556949106,40.014128751986895,40.141807556152344,1610400,0.0,0.0
2008-05-19 00:00:00-04:00,40.141816200620546,40.66954909393744,40.0396750834964,40.09074401855469,1682900,0.0,0.0
2008-05-20 00:00:00-04:00,40.00562843184136,40.17586579797413,39.67366735373667,39.81836700439453,1688300,0.0,0.0
2008-05-21 00:00:00-04:00,39.92049612214995,40.337574100488176,39.299129486083984,39.299129486083984,2586000,0.0,0.0
2008-05-22 00:00:00-04:00,39.094851408257476,39.66514269248744,38.85652111001293,39.597049713134766,2378600,0.0,0.0
2008-05-23 00:00:00-04:00,39.49490850134218,39.818355834552584,39.40978821864989,39.520442962646484,1574700,0.0,0.0
2008-05-27 00:00:00-04:00,39.350211519442915,39.89496842198132,39.30765299524597,39.70771026611328,1505900,0.0,0.0
2008-05-28 00:00:00-04:00,39.15443311887097,39.614072895634976,39.01824391616386,39.51192855834961,2661900,0.0,0.0
2008-05-29 00:00:00-04:00,39.55450193029227,40.431219977068345,39.35021644277739,40.337589263916016,1640400,0.0,0.0
2008-05-30 00:00:00-04:00,40.13332114044387,40.329093042713254,39.79284629049175,40.16736602783203,1815100,0.0,0.0
2008-06-02 00:00:00-04:00,40.17586719735219,40.17586719735219,39.1714702738928,39.469383239746094,1793600,0.0,0.0
2008-06-03 00:00:00-04:00,39.775806119155654,39.99711565612498,39.40128653344812,39.54598617553711,2217000,0.0,0.0
2008-06-04 00:00:00-04:00,39.469377796949516,39.954552129867025,39.2736059825273,39.733245849609375,1837000,0.0,0.0
2008-06-05 00:00:00-04:00,39.93753116769138,41.00151062011719,39.92902076075532,41.00151062011719,1762200,0.0,0.0
2008-06-06 00:00:00-04:00,40.73765428174704,40.89937802328839,39.58004387679682,39.65665054321289,2600900,0.0,0.0
2008-06-09 00:00:00-04:00,39.741754603760555,40.37163179324445,39.58003091518027,39.85240936279297,1942500,0.0,0.0
2008-06-10 00:00:00-04:00,39.66515152115514,40.43121800317622,39.51193822475093,40.226932525634766,1633700,0.0,0.0
2008-06-11 00:00:00-04:00,40.0056466650622,40.20141858888842,39.03529745696301,39.11190414428711,2242600,0.0,0.0
2008-06-12 00:00:00-04:00,39.46937849849652,40.27800348340103,39.46937849849652,40.12479019165039,2265600,0.0,0.0
2008-06-13 00:00:00-04:00,40.51634493755892,40.8568197341468,40.16735973221008,40.712120056152344,2306300,0.0,0.0
2008-06-16 00:00:00-04:00,40.67806320442522,41.05258280275636,40.218423301695445,41.00151062011719,1920300,0.0,0.0
2008-06-17 00:00:00-04:00,41.137694569472224,41.34197676361716,40.53335189819336,40.53335189819336,1563200,0.0,0.0
2008-06-18 00:00:00-04:00,40.17585567019738,40.47376855057426,39.96305982792621,40.141807556152344,1764800,0.0,0.0
2008-06-19 00:00:00-04:00,40.20139592412422,40.848297196152785,39.98860005119513,40.78020095825195,2713900,0.0,0.0
2008-06-20 00:00:00-04:00,40.363129057416934,40.686579769069134,40.065216064453125,40.065216064453125,2796300,0.0,0.0
2008-06-23 00:00:00-04:00,40.19289016723633,40.5333616551028,40.00562873835475,40.19289016723633,1705600,0.0,0.0
2008-06-24 00:00:00-04:00,40.14181611878944,40.62699048289953,39.920509824303686,40.15884017944336,2164100,0.0,0.0
2008-06-25 00:00:00-04:00,40.11628030444127,40.36312105811664,39.72473341656223,39.83538818359375,2772900,0.0,0.0
2008-06-26 00:00:00-04:00,39.2310449666522,39.55449558373291,38.80545324570652,38.85652542114258,2475500,0.0,0.0
2008-06-27 00:00:00-04:00,38.89907951052321,39.64812176318154,38.84800734090783,39.520442962646484,2307500,0.0,0.0
2008-06-30 00:00:00-04:00,38.85652990758022,39.42682132093075,38.78843366580298,39.103370666503906,2099300,0.0,0.0
2008-07-01 00:00:00-04:00,38.839517337727536,39.93754196166992,38.635231798965876,39.93754196166992,2982000,0.0,0.0
2008-07-02 00:00:00-04:00,40.09074060140192,40.533356400556734,39.70771063308223,39.7247314453125,1778800,0.0,0.0
2008-07-03 00:00:00-04:00,40.1928845853745,40.414190859403,39.614079564675635,39.70771026611328,1166500,0.0,0.0
2008-07-07 00:00:00-04:00,39.98007535835275,40.33757073856157,39.05228555404098,39.08633041381836,3337600,0.0,0.0
2008-07-08 00:00:00-04:00,38.84803594416872,39.34172420625942,38.490540234662355,39.11190414428711,5384600,0.0,0.0
2008-07-09 00:00:00-04:00,39.15443840071683,39.69068487927996,38.720336273218116,38.788429260253906,4509100,0.0,0.0
2008-07-10 00:00:00-04:00,38.635220791184004,38.97569550977734,38.24367713770697,38.737361907958984,3174000,0.0,0.0
2008-07-11 00:00:00-04:00,38.43945770667821,39.49492697675541,38.09047250190422,38.984214782714844,2833100,0.0,0.0
2008-07-14 00:00:00-04:00,39.2991465105786,39.563014603942285,38.5160591320921,38.65224838256836,2582200,0.0,0.0
2008-07-15 00:00:00-04:00,38.184094066728356,39.52896236947008,38.07343929753199,38.49903106689453,3181300,0.0,0.0
2008-07-16 00:00:00-04:00,38.72885098404273,39.9290196428987,38.090463330459606,39.843902587890625,3115700,0.0,0.0
2008-07-17 00:00:00-04:00,40.133307315883734,41.35050010171911,39.58003668704667,40.56740951538086,3546500,0.0,0.0
2008-07-18 00:00:00-04:00,40.66954937637869,40.66954937637869,38.13302276229514,39.04378890991211,5913600,0.0,0.0
2008-07-21 00:00:00-04:00,39.018247175228204,39.018247175228204,37.92873346256788,38.294742584228516,2829700,0.0,0.0
2008-07-22 00:00:00-04:00,37.945773147614325,39.40129658137127,37.945773147614325,39.29064178466797,3490300,0.0,0.0
2008-07-23 00:00:00-04:00,39.27361772002067,39.460879184132665,38.52457511058098,39.29064178466797,3322100,0.0,0.0
2008-07-24 00:00:00-04:00,39.2310462674629,39.28211844459239,37.69891667065804,37.835105895996094,3365400,0.0,0.0
2008-07-25 00:00:00-04:00,38.20961642306175,38.30324710216586,37.12010287786444,38.03937911987305,2282900,0.0,0.0
2008-07-28 00:00:00-04:00,37.86065665732376,37.97982187491063,36.97542468809466,37.02649688720703,2711600,0.0,0.0
2008-07-29 00:00:00-04:00,37.290346092153854,38.39688386777416,36.87326479557798,38.303253173828125,3367000,0.0,0.0
2008-07-30 00:00:00-04:00,38.37158321957515,39.0121059709486,38.20931862872606,38.755897521972656,2925500,0.15,0.0
2008-07-31 00:00:00-04:00,38.41429629838995,39.75512409027838,38.3288945408673,39.114601135253906,2795400,0.0,0.0
2008-08-01 00:00:00-04:00,39.28539635579424,39.353720348015386,37.79938210365695,38.28618240356445,3977400,0.0,0.0
2008-08-04 00:00:00-04:00,38.08974720575495,39.097503144422504,37.90186276926675,38.661949157714844,2125800,0.0,0.0
2008-08-05 00:00:00-04:00,39.311006324779406,40.1564975973374,38.97793509124235,40.03693389892578,2585100,0.0,0.0
2008-08-06 00:00:00-04:00,39.95153566525922,40.190666360261986,39.40495680445344,40.13942337036133,2782400,0.0,0.0
2008-08-07 00:00:00-04:00,39.96008424386002,40.50666319290816,39.601389772379974,39.7551155090332,3223300,0.0,0.0
2008-08-08 00:00:00-04:00,39.79779433427694,40.99343756644452,39.65261080667132,40.63474655151367,3284500,0.0,0.0
2008-08-11 00:00:00-04:00,40.48102090001024,40.90803587466071,40.13940761714359,40.63474655151367,3718300,0.0,0.0
2008-08-12 00:00:00-04:00,40.33585968349555,40.472504431688364,39.86614356519949,40.199214935302734,2862100,0.0,0.0
2008-08-13 00:00:00-04:00,39.891766507004945,40.30170078312712,39.413511480463086,39.789283752441406,2445300,0.0,0.0
2008-08-14 00:00:00-04:00,39.02919394359877,40.147971797568935,39.02919394359877,40.02840805053711,1896800,0.0,0.0
2008-08-15 00:00:00-04:00,40.566442688682244,40.566442688682244,39.83197604716522,40.481040954589844,1770700,0.0,0.0
2008-08-18 00:00:00-04:00,40.38708977287491,40.48957248678595,39.763648104960374,40.011314392089844,2531100,0.0,0.0
2008-08-19 00:00:00-04:00,39.88322550964175,40.25045888994932,39.550154131657635,39.87468338012695,3004600,0.0,0.0
2008-08-20 00:00:00-04:00,40.079654394207274,40.13943627270739,39.20000396096146,39.96009063720703,2150000,0.0,0.0
2008-08-21 00:00:00-04:00,39.24270162056383,40.00278823450414,39.19145861839216,39.88322448730469,1406100,0.0,0.0
2008-08-22 00:00:00-04:00,40.11381400452836,40.94222138196405,40.11381400452836,40.925140380859375,2103000,0.0,0.0
2008-08-25 00:00:00-04:00,40.7372578188448,40.89098357821866,40.25046066678358,40.352943420410156,1621300,0.0,0.0
2008-08-26 00:00:00-04:00,40.48103746300879,41.001993208626544,40.16504390681395,40.96783447265625,2382400,0.0,0.0
2008-08-27 00:00:00-04:00,40.98492156857588,41.03616130908988,40.56644522646224,40.83119583129883,2597400,0.0,0.0
2008-08-28 00:00:00-04:00,40.79703378719583,41.07886213331328,40.703089919200835,40.97637939453125,2980700,0.0,0.0
2008-08-29 00:00:00-04:00,40.72015256576586,40.82263525835817,40.20773584493825,40.55788803100586,3162100,0.0,0.0
2008-09-02 00:00:00-04:00,41.010542860826995,41.16426860343431,40.08818840518311,40.57498550415039,2188800,0.0,0.0
2008-09-03 00:00:00-04:00,40.51520449978639,40.79703611988592,40.14797113546334,40.69455337524414,1872600,0.0,0.0
2008-09-04 00:00:00-04:00,40.49812180544875,40.58352680396774,39.61847149684233,39.70387649536133,1819500,0.0,0.0
2008-09-05 00:00:00-04:00,39.39641485075683,40.011314392089844,38.97793861066439,40.011314392089844,1949800,0.0,0.0
2008-09-08 00:00:00-04:00,41.403373862260786,41.403373862260786,39.9771453310931,40.78847122192383,2836300,0.0,0.0
2008-09-09 00:00:00-04:00,40.51519698295732,40.81410954801751,39.19999277344063,39.22561264038086,3493500,0.0,0.0
2008-09-10 00:00:00-04:00,39.46475777935389,39.99425915786865,38.9352596587077,39.40497589111328,2552100,0.0,0.0
2008-09-11 00:00:00-04:00,38.7046549572506,39.85759461933181,38.661954091593365,39.78073501586914,3696700,0.0,0.0
2008-09-12 00:00:00-04:00,39.45619430126409,39.806346538836294,39.1743627828475,39.68678283691406,3049400,0.0,0.0
2008-09-15 00:00:00-04:00,39.68679034849544,40.38709495618761,38.781517028808594,38.781517028808594,3975900,0.0,0.0
2008-09-16 00:00:00-04:00,38.08974475796424,40.549352590704984,38.08120588961812,39.92591094970703,5512900,0.0,0.0
2008-09-17 00:00:00-04:00,39.01210055426485,40.643298137628896,38.405739882377006,38.61924743652344,6888800,0.0,0.0
2008-09-18 00:00:00-04:00,39.25121985452316,40.771395540995044,38.217844288063375,40.55788803100586,6914000,0.0,0.0
2008-09-19 00:00:00-04:00,41.43754237505931,42.701506578849276,38.26909136879663,39.55013656616211,7030500,0.0,0.0
2008-09-22 00:00:00-04:00,39.28538916987592,40.216282217476774,38.98647990325179,39.823429107666016,2139200,0.0,0.0
2008-09-23 00:00:00-04:00,39.88321666136887,40.489577407681075,39.45620150066442,39.85759353637695,1992300,0.0,0.0
2008-09-24 00:00:00-04:00,39.498904410367196,39.98570145814666,38.1922389934715,38.721736907958984,2660500,0.0,0.0
2008-09-25 00:00:00-04:00,39.71241617762503,40.805574118061365,39.49890856376683,40.57498550415039,3227400,0.0,0.0
2008-09-26 00:00:00-04:00,40.77994645899545,40.99345403207919,39.242692584365884,39.7465705871582,2077400,0.0,0.0
2008-09-29 00:00:00-04:00,38.516775685160184,39.59285597974954,37.329673767089844,37.329673767089844,3187800,0.0,0.0
2008-09-30 00:00:00-04:00,37.91893535317225,39.362244958370724,37.756667559365326,38.39719009399414,3099000,0.0,0.0
2008-10-01 00:00:00-04:00,38.260563986092215,38.260563986092215,36.32191444944495,36.518341064453125,2268500,0.0,0.0
2008-10-02 00:00:00-04:00,36.28774983791477,37.38090760824031,35.37393439556603,37.04783630371094,2479500,0.0,0.0
2008-10-03 00:00:00-04:00,37.876236830578165,39.68678314114618,37.500464727675315,37.628570556640625,2435500,0.0,0.0
2008-10-06 00:00:00-04:00,36.87702520559771,39.26830917296627,35.55327901454251,36.16817855834961,3460200,0.0,0.0
2008-10-07 00:00:00-04:00,36.0913268075071,36.25359468444459,33.23886486164965,33.460914611816406,3600600,0.0,0.0
2008-10-08 00:00:00-04:00,42.633176052205734,42.633176052205734,32.453140012165306,36.22795104980469,5080100,0.0,0.0
2008-10-09 00:00:00-04:00,36.15963548955415,37.73958991183493,33.8195915222168,33.8195915222168,5333200,0.0,0.0
2008-10-10 00:00:00-04:00,33.02534985066264,35.01524199617252,29.848359377579,34.14413070678711,6300800,0.0,0.0
2008-10-13 00:00:00-04:00,34.14413244883951,36.654980464325575,33.1961582544402,34.0843505859375,4084400,0.0,0.0
2008-10-14 00:00:00-04:00,34.95545393854328,36.5012496668852,33.39257721643407,34.13558578491211,4315300,0.0,0.0
2008-10-15 00:00:00-04:00,33.34135050918964,33.99041223640277,31.94074105214995,32.120086669921875,2848700,0.0,0.0
2008-10-16 00:00:00-04:00,31.479560239152004,32.5214783423269,30.22413454158011,32.06884002685547,4879400,0.0,0.0
2008-10-17 00:00:00-04:00,31.556415024744954,33.06804879702896,30.796328704538837,31.522253036499023,3546000,0.0,0.0
2008-10-20 00:00:00-04:00,32.31652737294178,33.025371281687576,30.839054398935104,32.419010162353516,3512200,0.0,0.0
2008-10-21 00:00:00-04:00,31.915112538700736,32.93994958687797,31.761386818580792,32.495853424072266,4045800,0.0,0.0
2008-10-22 00:00:00-04:00,31.42831525975204,32.09446112757001,30.693848660130797,31.3856143951416,3599700,0.0,0.0
2008-10-23 00:00:00-04:00,30.745099443122797,31.68453173407103,29.4298916295009,30.394947052001953,6678300,0.0,0.0
2008-10-24 00:00:00-04:00,28.03781816614952,30.634067973789488,28.03781816614952,29.762956619262695,4438800,0.0,0.0
2008-10-27 00:00:00-04:00,29.617769229087706,30.523042463816136,29.037028400449373,29.506744384765625,2768900,0.0,0.0
2008-10-28 00:00:00-04:00,30.070405925980097,31.795547514024218,29.592151045482304,31.17210578918457,3860300,0.0,0.0
2008-10-29 00:00:00-04:00,32.08591720286808,33.78543888526114,31.599120206265777,32.80330276489258,6637700,0.0,0.0
2008-10-30 00:00:00-04:00,33.07767475666961,34.466627458374845,31.988803318386946,32.66613006591797,3999800,0.15,0.0
2008-10-31 00:00:00-04:00,33.42061263569766,36.43858526673707,32.87189093380673,36.26710891723633,9304000,0.0,0.0
2008-11-03 00:00:00-05:00,35.97560310329742,35.97560310329742,34.91245553491682,35.80412673950195,2152200,0.0,0.0
2008-11-04 00:00:00-05:00,36.309972235748894,37.021597844416455,36.027039077696664,36.69579315185547,3059400,0.0,0.0
2008-11-05 00:00:00-05:00,36.18995371266988,37.22738114240766,35.39259126947899,35.5726432800293,3912000,0.0,0.0
2008-11-06 00:00:00-05:00,35.529786667077964,36.00992011267795,34.26944168717047,34.432342529296875,3617800,0.0,0.0
2008-11-07 00:00:00-05:00,34.67237640348529,34.95531280528355,33.686393345639644,34.50947570800781,2951500,0.0,0.0
2008-11-10 00:00:00-05:00,34.972480527108175,35.452610541169854,33.69498473117888,34.09795379638672,2213500,0.0,0.0
2008-11-11 00:00:00-05:00,34.03792504038101,35.041056254653434,33.59208785493575,34.38945007324219,3103700,0.0,0.0
2008-11-12 00:00:00-05:00,33.95218510080139,34.55235066620044,33.754988451003264,34.183677673339844,3077600,0.0,0.0
2008-11-13 00:00:00-05:00,34.595221868455084,35.143946866922235,33.977911559968696,34.809566497802734,5433000,0.0,0.0
2008-11-14 00:00:00-05:00,34.90388360203153,37.973300698969084,34.49234224786738,36.1470832824707,5962100,0.0,0.0
2008-11-17 00:00:00-05:00,35.93273010597082,36.85012477043212,35.42687669812998,35.555484771728516,3758900,0.0,0.0
2008-11-18 00:00:00-05:00,35.57263894248858,36.875851513956334,35.4097349180753,36.730098724365234,3884500,0.0,0.0
2008-11-19 00:00:00-05:00,35.23825239230846,38.47056948675905,35.23825239230846,36.64435577392578,5448300,0.0,0.0
2008-11-20 00:00:00-05:00,36.35284255505785,38.58202490816286,34.45803395721594,34.67237854003906,8699300,0.0,0.0
2008-11-21 00:00:00-05:00,35.58977370992996,36.42143175230747,33.97790477401322,36.16421890258789,7157800,0.0,0.0
2008-11-24 00:00:00-05:00,36.39572842613503,38.2733867026667,35.5212017126347,37.88756561279297,6692600,0.0,0.0
2008-11-25 00:00:00-05:00,38.461999580918395,38.47057192673623,37.081619688851895,38.093326568603516,3828200,0.0,0.0
2008-11-26 00:00:00-05:00,36.59291128794828,39.12217828527143,36.59291128794828,38.95927429199219,3207900,0.0,0.0
2008-11-28 00:00:00-05:00,38.95930409292285,39.190796836258016,38.22196083382465,38.839271545410156,1308400,0.0,0.0
2008-12-01 00:00:00-05:00,39.267937891090476,39.43941425938968,36.764394034097144,36.94444274902344,4583200,0.0,0.0
2008-12-02 00:00:00-05:00,37.6217703513651,38.45342529124361,36.77296417798039,37.52745819091797,4583300,0.0,0.0
2008-12-03 00:00:00-05:00,36.50718106369671,37.656065207153596,36.16422832759876,37.55318069458008,4754700,0.0,0.0
2008-12-04 00:00:00-05:00,37.12449100401772,37.81896881523778,35.984179219638705,36.41286849975586,4222000,0.0,0.0
2008-12-05 00:00:00-05:00,36.044213461878954,37.77611941114441,35.37545562680574,37.638938903808594,5123900,0.0,0.0
2008-12-08 00:00:00-05:00,38.007603595837935,38.50488159677504,37.41601013339965,37.990455627441406,2800400,0.0,0.0
2008-12-09 00:00:00-05:00,37.51888847141226,38.20479401133367,36.215675795097624,36.404296875,4221100,0.0,0.0
2008-12-10 00:00:00-05:00,36.88443339442935,36.88443339442935,35.42688889782524,36.35285949707031,2547900,0.0,0.0
2008-12-11 00:00:00-05:00,35.80413085739614,36.155655971818526,34.578082401251706,34.79242706298828,2818500,0.0,0.0
2008-12-12 00:00:00-05:00,33.82360047895405,35.186833150247956,33.66927200517427,35.10109329223633,2836600,0.0,0.0
2008-12-15 00:00:00-05:00,34.826719266922574,35.32400044554385,34.31229339375017,34.99819564819336,1953800,0.0,0.0
2008-12-16 00:00:00-05:00,35.43546429127346,36.78154862852242,35.07536352586658,36.75582504272461,3257300,0.0,0.0
2008-12-17 00:00:00-05:00,36.5157460284053,37.22736839658569,36.18994132203984,36.32712173461914,3278900,0.0,0.0
2008-12-18 00:00:00-05:00,36.42144484056204,37.19308693765361,36.241396108120675,36.404296875,3173500,0.0,0.0
2008-12-19 00:00:00-05:00,36.26710681612734,37.72465079648292,35.889861485592604,37.193077087402344,5116600,0.0,0.0
2008-12-22 00:00:00-05:00,37.50173658799189,38.56488408392925,37.210227770595,38.093326568603516,3333100,0.0,0.0
2008-12-23 00:00:00-05:00,38.52201427200972,38.736358885911116,37.71607970117061,37.98186492919922,2376500,0.0,0.0
2008-12-24 00:00:00-05:00,38.196212371159476,38.299096877670756,37.415998049616675,38.13619613647461,936600,0.0,0.0
2008-12-26 00:00:00-05:00,38.28195752107315,38.2991022156817,37.621775576885966,38.24766159057617,1153100,0.0,0.0
2008-12-29 00:00:00-05:00,38.16192318029752,38.74494093781882,38.067614273891486,38.624908447265625,2733800,0.0,0.0
2008-12-30 00:00:00-05:00,38.79639121241197,39.42227735220163,38.29053758290517,39.38798141479492,3221200,0.0,0.0
2008-12-31 00:00:00-05:00,39.68805965104322,39.86810838784114,38.78781269641353,39.16505813598633,3002000,0.0,0.0
2009-01-02 00:00:00-05:00,39.602308288709274,39.602308288709274,38.230504116431845,38.684913635253906,2307800,0.0,0.0
2009-01-05 00:00:00-05:00,38.29910350178071,38.6077603453385,37.52746466352631,37.818973541259766,2686900,0.0,0.0
2009-01-06 00:00:00-05:00,38.05903491322218,38.54774044564216,37.39885300945629,37.54460906982422,2254900,0.0,0.0
2009-01-07 00:00:00-05:00,37.047321947756316,38.230505121603784,36.92728948835599,37.17593002319336,1925800,0.0,0.0
2009-01-08 00:00:00-05:00,36.781542665764164,37.48459284497911,36.48145819813258,37.201656341552734,2270400,0.0,0.0
2009-01-09 00:00:00-05:00,37.4159850889248,37.50172487351732,36.67006695148087,36.79867172241211,2102600,0.0,0.0
2009-01-12 00:00:00-05:00,36.74724165401982,37.34740723562089,36.515749075232,36.81583023071289,2806400,0.0,0.0
2009-01-13 00:00:00-05:00,36.36141932029182,36.987305185757016,35.75268141601407,36.64435577392578,2458100,0.0,0.0
2009-01-14 00:00:00-05:00,35.90702063719544,36.31856201802998,34.878165549789,35.09251022338867,3442900,0.0,0.0
2009-01-15 00:00:00-05:00,35.246823923380965,36.17279082571581,34.938167199056416,35.62406921386719,3611900,0.0,0.0
2009-01-16 00:00:00-05:00,36.23280910492917,37.03017126449627,35.37543072007327,35.65836715698242,3247700,0.0,0.0
2009-01-20 00:00:00-05:00,35.59835340751687,36.7643886153195,34.89530334468985,35.00676345825195,4286700,0.0,0.0
2009-01-21 00:00:00-05:00,35.821267535000366,36.7729580565214,34.981037118238824,36.68722152709961,3089200,0.0,0.0
2009-01-22 00:00:00-05:00,35.23825556341547,36.45573475217167,35.21253525463932,35.4268798828125,2679200,0.0,0.0
2009-01-23 00:00:00-05:00,34.715255492629446,34.8524359162264,33.52349667874683,34.037925720214844,4157000,0.0,0.0
2009-01-26 00:00:00-05:00,34.406589369576565,34.406589369576565,33.17196262215746,33.44632339477539,2626200,0.0,0.0
2009-01-27 00:00:00-05:00,33.58351661859015,34.020781515661085,32.125975683392774,32.88046646118164,5192800,0.0,0.0
2009-01-28 00:00:00-05:00,34.56949431889192,34.56949431889192,32.44319643359708,33.37773895263672,4098600,0.0,0.0
2009-01-29 00:00:00-05:00,32.77526374999919,33.2314310016632,32.405164676022174,32.67197799682617,3730900,0.15,0.0
2009-01-30 00:00:00-05:00,32.90436653407209,33.317499703390645,31.63914394577175,31.88874626159668,4453000,0.0,0.0
2009-02-02 00:00:00-05:00,31.484226416279714,33.23143631220419,30.795667751586734,32.973228454589844,3658200,0.0,0.0
2009-02-03 00:00:00-05:00,33.326119290061655,34.04049460079517,32.73223749905481,33.62736129760742,2674300,0.0,0.0
2009-02-04 00:00:00-05:00,33.18840922550011,33.205623524082,31.742440977538394,32.1986083984375,6224700,0.0,0.0
2009-02-05 00:00:00-05:00,31.98342035745407,32.49123044810709,31.20879368246123,31.37232780456543,5320000,0.0,0.0
2009-02-06 00:00:00-05:00,34.72043226085027,35.7446580058396,34.22983643244197,34.96142578125,7466000,0.0,0.0
2009-02-09 00:00:00-05:00,34.70322584510328,35.710240810006155,34.3589464950034,35.684417724609375,3612100,0.0,0.0
2009-02-10 00:00:00-05:00,35.3917885423453,35.736067963265825,34.100745638831185,34.281494140625,4465600,0.0,0.0
2009-02-11 00:00:00-05:00,34.67739632198044,35.26266908310764,34.31590277738291,35.12495803833008,3852000,0.0,0.0
2009-02-12 00:00:00-05:00,34.39336035434949,35.71883101619295,34.32450648379765,35.589725494384766,3550400,0.0,0.0
2009-02-13 00:00:00-05:00,35.417598290979875,35.58973465330319,34.350335114805794,34.5052604675293,3074900,0.0,0.0
2009-02-17 00:00:00-05:00,32.43097984424436,34.1954035013401,32.413765554505616,33.71341323852539,3585100,0.0,0.0
2009-02-18 00:00:00-05:00,34.21261644795576,34.50525279544597,33.52406130188759,34.16958236694336,4486600,0.0,0.0
2009-02-19 00:00:00-05:00,34.28146578521494,34.37613942853288,33.53265915657098,33.739227294921875,6430300,0.0,0.0
2009-02-20 00:00:00-05:00,32.94738848724444,34.42778426112543,32.844106053782085,33.85972595214844,4958800,0.0,0.0
2009-02-23 00:00:00-05:00,34.06629352004249,34.35032102803122,33.35191543285663,33.56708908081055,4478200,0.0,0.0
2009-02-24 00:00:00-05:00,33.24003089896281,34.21261690255797,33.03346599404257,34.17818832397461,5329400,0.0,0.0
2009-02-25 00:00:00-05:00,33.9716408542157,34.04049476343014,33.093731349512986,33.19701385498047,5187900,0.0,0.0
2009-02-26 00:00:00-05:00,33.54987293276225,33.54987293276225,32.29325968645033,32.448184967041016,4328900,0.0,0.0
2009-02-27 00:00:00-05:00,31.914565632614373,33.74784324277253,31.76824580530272,32.91297149658203,4703200,0.0,0.0
2009-03-02 00:00:00-05:00,32.54286991156264,33.16256790334485,31.85431148002028,31.931774139404297,3570200,0.0,0.0
2009-03-03 00:00:00-05:00,32.07809973366045,32.491232897031814,31.544469808050412,32.095314025878906,4446300,0.0,0.0
2009-03-04 00:00:00-05:00,32.09532146204602,33.41218393060187,31.647759610542103,32.76666259765625,4108400,0.0,0.0
2009-03-05 00:00:00-05:00,32.009247637336095,33.49824967564623,31.77685958049587,32.973228454589844,7130800,0.0,0.0
2009-03-06 00:00:00-05:00,32.938797305758584,34.42779922839163,32.344918951053515,34.23844528198242,5218600,0.0,0.0
2009-03-09 00:00:00-04:00,33.56710054249092,34.01466227705232,32.95600796163015,33.326107025146484,3544100,0.0,0.0
2009-03-10 00:00:00-04:00,33.56710150959991,33.82530932609257,31.61332366876423,32.95600891113281,5376200,0.0,0.0
2009-03-11 00:00:00-04:00,32.7150068171377,33.17117727862904,31.785458171311735,32.26744842529297,4493000,0.0,0.0
2009-03-12 00:00:00-04:00,32.50844668915995,33.30028441928463,31.63053749926707,33.093719482421875,3854400,0.0,0.0
2009-03-13 00:00:00-04:00,33.19700052104981,33.64456224269647,32.49983650176149,33.50685119628906,3355900,0.0,0.0
2009-03-16 00:00:00-04:00,33.48102536971186,33.63595067942263,31.940381058304613,32.00062942504883,4141400,0.0,0.0
2009-03-17 00:00:00-04:00,32.23301076481737,33.34330749511719,31.91455470843687,33.34330749511719,4255600,0.0,0.0
2009-03-18 00:00:00-04:00,33.12815674793766,34.42780493976562,32.56009809776318,34.35894775390625,4607600,0.0,0.0
2009-03-19 00:00:00-04:00,34.43639993871649,34.660182441184986,33.13675214345221,33.50685119628906,4581900,0.0,0.0
2009-03-20 00:00:00-04:00,33.5068626195169,34.15238398524103,33.10233484634319,33.601539611816406,4436400,0.0,0.0
2009-03-23 00:00:00-04:00,34.023266365045984,35.219631681050714,33.696204686061144,35.176597595214844,5084400,0.0,0.0
2009-03-24 00:00:00-04:00,34.238447646104866,34.970040400198236,33.773674819730594,34.410587310791016,3726100,0.0,0.0
2009-03-25 00:00:00-04:00,34.14374669396299,34.77205652142336,33.67036541090639,34.6773796081543,5865200,0.0,0.0
2009-03-26 00:00:00-04:00,34.81510446103934,34.81510446103934,34.07490642590409,34.660179138183594,4871700,0.0,0.0
2009-03-27 00:00:00-04:00,34.272881460740614,34.66019494450921,34.07492196532367,34.42780685424805,4465300,0.0,0.0
2009-03-30 00:00:00-04:00,33.13676237086446,34.62576454574211,32.405172826642435,33.9286003112793,4580700,0.0,0.0
2009-03-31 00:00:00-04:00,34.20403382079376,35.271294190162756,34.178210728283844,35.133583068847656,4355200,0.0,0.0
2009-04-01 00:00:00-04:00,34.488029144312925,34.94419618913578,33.042062088444915,34.86673355102539,3539900,0.0,0.0
2009-04-02 00:00:00-04:00,35.50368703410421,35.99428317409389,34.41060342718032,34.565528869628906,7152500,0.0,0.0
2009-04-03 00:00:00-04:00,34.40198704976065,34.88397424441355,33.90278227439412,34.42780685424805,3839100,0.0,0.0
2009-04-06 00:00:00-04:00,34.16957718512288,34.56549592365972,33.57569579402821,34.34171676635742,2598800,0.0,0.0
2009-04-07 00:00:00-04:00,33.37774049755681,34.38475503651799,33.093712944658414,33.919979095458984,2854400,0.0,0.0
2009-04-08 00:00:00-04:00,34.08352052047267,34.22123158846947,33.17118592622789,33.42939376831055,3236900,0.0,0.0
2009-04-09 00:00:00-04:00,34.057709409549375,35.340146725099835,32.64616978166834,33.584327697753906,6404600,0.0,0.0
2009-04-13 00:00:00-04:00,33.18839735952671,34.11794616756172,33.05929180796797,34.01466369628906,2859800,0.0,0.0
2009-04-14 00:00:00-04:00,33.524068357815175,34.126555468666105,33.00764942710411,33.44660568237305,4286400,0.0,0.0
2009-04-15 00:00:00-04:00,33.248641523014015,33.99744509049611,33.23142723277084,33.963016510009766,3422100,0.0,0.0
2009-04-16 00:00:00-04:00,34.083518986098014,34.858145760764614,33.567103325180746,34.55690383911133,3681400,0.0,0.0
2009-04-17 00:00:00-04:00,34.39336035434949,35.83072224954073,34.30729219533724,35.589725494384766,6019300,0.0,0.0
2009-04-20 00:00:00-04:00,34.67740057126528,35.7016263870989,34.59132910567589,34.892574310302734,4605900,0.0,0.0
2009-04-21 00:00:00-04:00,34.247060267270484,35.95123624344328,34.22984597054655,35.899593353271484,3885600,0.0,0.0
2009-04-22 00:00:00-04:00,35.168002239674145,35.75327516914499,34.53108642232367,34.7720832824707,3760800,0.0,0.0
2009-04-23 00:00:00-04:00,34.548290303603714,35.279882886547234,34.22983413257361,35.167991638183594,3129700,0.0,0.0
2009-04-24 00:00:00-04:00,35.28849605933507,35.35735323738172,34.43640653910798,34.97864532470703,3562200,0.0,0.0
2009-04-27 00:00:00-04:00,34.505246507438535,35.79628840227915,34.350321217394516,35.52086639404297,3675700,0.0,0.0
2009-04-28 00:00:00-04:00,35.06470913510775,35.710230263429914,34.858140929396946,34.88396072387695,2750200,0.0,0.0
2009-04-29 00:00:00-04:00,35.333188198950964,35.99838221574852,35.27271601560573,35.79104995727539,3384500,0.15,0.0
2009-04-30 00:00:00-04:00,36.12798063973368,36.715427747330004,35.756506636533416,36.456260681152344,4646500,0.0,0.0
2009-05-01 00:00:00-04:00,33.86457379312279,33.86457379312279,30.875507669658884,31.42839813232422,20410300,0.0,0.0
2009-05-04 00:00:00-04:00,31.851695417241064,32.00719623258043,31.06555387101931,31.90353012084961,8018400,0.0,0.0
2009-05-05 00:00:00-04:00,31.83443969243193,32.29230499267578,31.117410577352743,32.29230499267578,5764700,0.0,0.0
2009-05-06 00:00:00-04:00,32.370043658721215,32.974765597269,31.704846230831258,32.724239349365234,6224200,0.0,0.0
2009-05-07 00:00:00-04:00,32.40459576900863,32.72423826362135,31.411121691865485,31.618453979492188,8815300,0.0,0.0
2009-05-08 00:00:00-04:00,31.96400260925293,32.24908853868239,31.480221923927004,31.96400260925293,4906900,0.0,0.0
2009-05-11 00:00:00-04:00,31.186512193468985,32.2318244307021,31.005095592766946,31.59254264831543,4526000,0.0,0.0
2009-05-12 00:00:00-04:00,31.920823240755052,32.223184247420015,31.480236293342898,31.71348762512207,4573500,0.0,0.0
2009-05-13 00:00:00-04:00,31.359292312458624,32.0936028028594,31.169238232350633,31.583906173706055,4202700,0.0,0.0
2009-05-14 00:00:00-04:00,31.506151650917197,32.0590421678309,31.45431692914875,31.670289993286133,4460400,0.0,0.0
2009-05-15 00:00:00-04:00,31.60981312674964,31.97264623903645,31.462949751190497,31.63572883605957,3394200,0.0,0.0
2009-05-18 00:00:00-04:00,32.084947210251904,32.56872789940073,31.42839076364439,32.41322708129883,3802700,0.0,0.0
2009-05-19 00:00:00-04:00,32.17997950408521,32.17997950408521,31.462947506455865,31.601173400878906,5195800,0.0,0.0
2009-05-20 00:00:00-04:00,31.964017825762657,32.05040574493443,31.462958667200304,31.514793395996094,6308000,0.0,0.0
2009-05-21 00:00:00-04:00,31.14331290337666,31.497508570742035,30.80639547533242,31.4802303314209,5124200,0.0,0.0
2009-05-22 00:00:00-04:00,31.55798135213277,31.756676164819343,30.789117813110348,30.78911781311035,3532100,0.0,0.0
2009-05-26 00:00:00-04:00,30.659521172711642,31.419743577532387,30.469463923763623,31.41110610961914,3810400,0.0,0.0
2009-05-27 00:00:00-04:00,31.43702564126543,31.462941343650158,30.43491117139457,30.460826873779297,3449600,0.0,0.0
2009-05-28 00:00:00-04:00,30.668176651000977,30.85823401156321,30.072092150357054,30.668176651000977,4114200,0.0,0.0
2009-05-29 00:00:00-04:00,30.65089242595948,31.100116729736328,30.1671116460105,31.100116729736328,3289700,0.0,0.0
2009-06-01 00:00:00-04:00,31.316095980668205,31.41112466126687,30.659539280467364,30.797761917114258,3168700,0.0,0.0
2009-06-02 00:00:00-04:00,30.599052483992747,31.350640882639862,30.599052483992747,30.944610595703125,4070100,0.0,0.0
2009-06-03 00:00:00-04:00,30.797746860933458,31.169220633222487,30.694077462513732,30.901412963867188,2213400,0.0,0.0
2009-06-04 00:00:00-04:00,31.10012945215935,31.506159974563243,30.642267489781037,31.15196418762207,3458800,0.0,0.0
2009-06-05 00:00:00-04:00,31.471590301935024,31.7825919934673,31.074200716304638,31.385202407836914,2798400,0.0,0.0
2009-06-08 00:00:00-04:00,31.298816194504383,31.704846611392203,31.203787518595533,31.62709617614746,2050700,0.0,0.0
2009-06-09 00:00:00-04:00,31.653017557246525,31.98129759767202,31.393850491852938,31.799880981445312,2249700,0.0,0.0
2009-06-10 00:00:00-04:00,31.886252729592503,31.886252729592503,31.523419681195854,31.765308380126953,1980100,0.0,0.0
2009-06-11 00:00:00-04:00,31.886251570615954,31.981280211880964,31.264248315416808,31.84305763244629,2279200,0.0,0.0
2009-06-12 00:00:00-04:00,31.799869109062815,32.02447960308282,31.45431095389241,31.95536994934082,2114300,0.0,0.0
2009-06-15 00:00:00-04:00,31.825799666011665,31.860356156748836,31.454325629307924,31.462963104248047,3302800,0.0,0.0
2009-06-16 00:00:00-04:00,31.50615179466932,31.79123452697794,31.264259720800332,31.307456970214844,4000300,0.0,0.0
2009-06-17 00:00:00-04:00,31.238347344251057,32.033130022450756,31.195153385710242,31.609821319580078,2705300,0.0,0.0
2009-06-18 00:00:00-04:00,31.661650331565102,31.981289521651252,31.514786944452744,31.929454803466797,1794000,0.0,0.0
2009-06-19 00:00:00-04:00,32.084957794393134,32.71559874451407,31.964013406080547,32.50826644897461,3778900,0.0,0.0
2009-06-22 00:00:00-04:00,32.26637059695034,32.793345337567985,32.059038325699255,32.33548355102539,3251300,0.0,0.0
2009-06-23 00:00:00-04:00,32.4477835509851,32.74150695234575,32.18861332382439,32.41322708129883,2150200,0.0,0.0
2009-06-24 00:00:00-04:00,32.50825742974311,32.560088841503934,31.946726302099812,32.136783599853516,2577600,0.0,0.0
2009-06-25 00:00:00-04:00,32.09360015790148,32.54282125239858,31.851708073763522,32.44779586791992,2126100,0.0,0.0
2009-06-26 00:00:00-04:00,32.46506152928546,32.51689293791895,31.825780027086424,31.96400260925293,2181700,0.0,0.0
2009-06-29 00:00:00-04:00,31.998549562730705,32.706940497603966,31.998549562730705,32.56871795654297,3103700,0.0,0.0
2009-06-30 00:00:00-04:00,32.51690044360134,32.82790214913422,32.07631689108779,32.71559524536133,2504000,0.0,0.0
2009-07-01 00:00:00-04:00,32.73286672336993,32.95748048452371,32.08494773582741,32.750144958496094,1815900,0.0,0.0
2009-07-02 00:00:00-04:00,32.119518519354166,32.681049876984886,31.583906173706055,31.583906173706055,2150500,0.0,0.0
2009-07-06 00:00:00-04:00,31.46296562595513,32.29230499267578,31.46296562595513,32.29230499267578,2295900,0.0,0.0
2009-07-07 00:00:00-04:00,32.18862761410012,32.465076198834474,31.592543077066193,31.609821319580078,2244800,0.0,0.0
2009-07-08 00:00:00-04:00,31.76532449392936,31.964019353914043,31.411128735610912,31.799880981445312,3085100,0.0,0.0
2009-07-09 00:00:00-04:00,31.9121754861979,32.44779100288459,31.592536306907967,31.817150115966797,2184100,0.0,0.0
2009-07-10 00:00:00-04:00,31.748042770680744,31.886265410107736,31.48887573369109,31.687570571899414,2081100,0.0,0.0
2009-07-13 00:00:00-04:00,31.748034073150052,32.40459060668945,31.601174000767767,32.40459060668945,3435000,0.0,0.0
2009-07-14 00:00:00-04:00,32.33549175240664,32.4823518738343,31.773960392328004,32.45643615722656,1764700,0.0,0.0
2009-07-15 00:00:00-04:00,32.63783661252724,32.974753943644416,32.37003221881165,32.76742172241211,3378500,0.0,0.0
2009-07-16 00:00:00-04:00,32.56009484708709,33.20801397749561,32.52554166470218,33.052513122558594,2402800,0.0,0.0
2009-07-17 00:00:00-04:00,33.017967610624886,33.14754948951767,32.30093535789753,32.586021423339844,2620600,0.0,0.0
2009-07-20 00:00:00-04:00,32.603289555777444,33.423984420725404,32.0590366058384,32.2663688659668,2672200,0.0,0.0
2009-07-21 00:00:00-04:00,32.370036450178254,32.66375988155768,31.903533948195637,32.07631301879883,2215300,0.0,0.0
2009-07-22 00:00:00-04:00,31.748038068793985,32.25773459409887,31.739400596884863,31.825788497924805,2480700,0.0,0.0
2009-07-23 00:00:00-04:00,31.912180341065802,32.62057176265966,31.903542868089698,32.102237701416016,3421000,0.0,0.0
2009-07-24 00:00:00-04:00,31.8862599892176,32.17998346000085,31.83442527243687,31.8948974609375,2891900,0.0,0.0
2009-07-27 00:00:00-04:00,31.868989974931257,32.361408377224976,31.713489079945035,32.318214416503906,2587100,0.0,0.0
2009-07-28 00:00:00-04:00,32.197271013126056,33.0179694743912,32.14543628135029,32.905662536621094,2396700,0.0,0.0
2009-07-29 00:00:00-04:00,32.845174278332536,34.581595750585116,32.72422992545249,34.46065139770508,5601300,0.0,0.0
2009-07-30 00:00:00-04:00,34.781510144730575,35.18907314590646,33.78428279169758,34.37394714355469,5597000,0.15,0.0
2009-07-31 00:00:00-04:00,34.2005055440455,34.469324105279455,34.02707762884986,34.20917892456055,2736200,0.0,0.0
2009-08-03 00:00:00-04:00,34.47801017169445,34.93760362235257,33.97506303005175,34.18317794799805,2889400,0.0,0.0
2009-08-04 00:00:00-04:00,34.356598310497134,34.68611735155618,34.07043956246828,34.599403381347656,2981000,0.0,0.0
2009-08-05 00:00:00-04:00,34.62542047910866,34.868222267054925,34.443319138148965,34.80752182006836,4090100,0.0,0.0
2009-08-06 00:00:00-04:00,35.059002815333,35.059002815333,34.504025317580584,34.82487106323242,2949800,0.0,0.0
2009-08-07 00:00:00-04:00,34.87689384356928,35.440541294673174,34.70346258633496,35.37984085083008,3683500,0.0,0.0
2009-08-10 00:00:00-04:00,35.10233973877321,35.41451522972254,34.894224950090276,35.16304016113281,2206000,0.0,0.0
2009-08-11 00:00:00-04:00,34.90289718441826,36.012851613982974,34.894227112654534,35.7353630065918,3344000,0.0,0.0
2009-08-12 00:00:00-04:00,35.53591597806291,36.28166780265818,35.44052865520655,36.056209564208984,2478400,0.0,0.0
2009-08-13 00:00:00-04:00,35.8394250515161,36.08222676505453,35.605293410064654,36.02152633666992,1623400,0.0,0.0
2009-08-14 00:00:00-04:00,35.8134176191289,35.839434458068816,35.49257194089629,35.72670364379883,2074200,0.0,0.0
2009-08-17 00:00:00-04:00,35.22375696209912,35.94349560178231,35.09368598567214,35.692020416259766,2544300,0.0,0.0
2009-08-18 00:00:00-04:00,35.7093592078622,35.86544700551671,35.47522751138044,35.78740310668945,2594000,0.0,0.0
2009-08-19 00:00:00-04:00,35.284454870998374,36.01286353346916,35.267111413805466,35.83943557739258,1746700,0.0,0.0
2009-08-20 00:00:00-04:00,35.822091019255424,36.00419235229492,35.206409885571304,36.00419235229492,1725700,0.0,0.0
2009-08-21 00:00:00-04:00,36.13426208496094,36.30769333772812,35.83943325556054,36.13426208496094,2090200,0.0,0.0
2009-08-24 00:00:00-04:00,36.255663741098296,37.14883016466567,36.23832028624228,36.4204216003418,2653600,0.0,0.0
2009-08-25 00:00:00-04:00,36.671896733865395,36.78462422854084,36.30769079774057,36.4204216003418,1659300,0.0,0.0
2009-08-26 00:00:00-04:00,36.43774457499285,36.55914538282464,35.87409418671792,36.030181884765625,1647800,0.0,0.0
2009-08-27 00:00:00-04:00,35.804756260232864,36.03888802012692,35.72671234026818,35.978187561035156,1678800,0.0,0.0
2009-08-28 00:00:00-04:00,36.099562937132035,36.74992737403295,35.86543134289676,36.47243881225586,2556400,0.0,0.0
2009-08-31 00:00:00-04:00,36.238323815098774,36.50713912172961,36.0995794706656,36.21230697631836,2433500,0.0,0.0
2009-09-01 00:00:00-04:00,36.16895021066398,36.316367938236446,35.66600319948255,35.72670364379883,2898200,0.0,0.0
2009-09-02 00:00:00-04:00,35.59663133656088,36.082238225805625,35.46656036639043,35.744049072265625,2297000,0.0,0.0
2009-09-03 00:00:00-04:00,35.84811018605742,36.004198012609145,35.553277992340455,35.986854553222656,1582300,0.0,0.0
2009-09-04 00:00:00-04:00,36.481130546791796,36.69791882116442,35.96084001146811,36.325042724609375,1318400,0.0,0.0
2009-09-08 00:00:00-04:00,36.455117870276105,36.62854915544076,35.960840857709165,36.36840057373047,2191400,0.0,0.0
2009-09-09 00:00:00-04:00,36.368380996424214,37.21819019755458,36.18627973359446,37.15748977661133,2592300,0.0,0.0
2009-09-10 00:00:00-04:00,37.02742456603049,37.14015535425375,36.27300256960632,36.515804290771484,1955900,0.0,0.0
2009-09-11 00:00:00-04:00,36.585192772613155,36.767297460904736,35.90014425010913,35.952171325683594,1747700,0.0,0.0
2009-09-14 00:00:00-04:00,35.787406789042834,36.32504075410275,35.68334934920816,36.30769729614258,1728500,0.0,0.0
2009-09-15 00:00:00-04:00,36.28166780265818,36.4550989980402,35.874104989699156,36.056209564208984,1404900,0.0,0.0
2009-09-16 00:00:00-04:00,36.0822361792332,36.81931489217115,35.85677455104377,36.801971435546875,2492400,0.0,0.0
2009-09-17 00:00:00-04:00,36.507121889181555,36.801953895422514,36.22963333129883,36.22963333129883,2234100,0.0,0.0
2009-09-18 00:00:00-04:00,36.385742450279956,36.60253072032394,35.986852827301384,36.17762756347656,2438600,0.0,0.0
2009-09-21 00:00:00-04:00,35.848103316068475,36.37706714824153,35.848103316068475,35.99551773071289,1408700,0.0,0.0
2009-09-22 00:00:00-04:00,36.290329771359474,36.290329771359474,35.440520742440874,35.605281829833984,1776600,0.0,0.0
2009-09-23 00:00:00-04:00,35.56194809379811,36.09958541138818,35.56194809379811,35.70936584472656,1897600,0.0,0.0
2009-09-24 00:00:00-04:00,35.77005277713977,35.978170903330295,35.24976242355152,35.414520263671875,2165000,0.0,0.0
2009-09-25 00:00:00-04:00,35.3191462191504,35.90881060602733,34.92025657741796,34.98095703125,2745300,0.0,0.0
2009-09-28 00:00:00-04:00,35.06766581364844,36.72392789643027,35.050322356853336,36.48979949951172,2815300,0.0,0.0
2009-09-29 00:00:00-04:00,36.46377471010507,36.46377471010507,35.73536622315738,35.761383056640625,2237000,0.0,0.0
2009-09-30 00:00:00-04:00,35.796070877525324,35.92614513650983,35.0676623046489,35.28445053100586,2825700,0.0,0.0
2009-10-01 00:00:00-04:00,35.39717888764362,35.943486106511855,35.18906405716802,35.32780838012695,2827200,0.0,0.0
2009-10-02 00:00:00-04:00,35.05900167706485,35.32782034102887,34.93760076686391,34.989627838134766,2464200,0.0,0.0
2009-10-05 00:00:00-04:00,35.24976422275296,35.33647818346855,34.738143915509646,35.2584342956543,2072300,0.0,0.0
2009-10-06 00:00:00-04:00,35.501234992496016,35.709353123215365,35.1196889454236,35.56193542480469,2101500,0.0,0.0
2009-10-07 00:00:00-04:00,35.3971702844833,35.69200231260382,35.01562431606108,35.38850021362305,1732000,0.0,0.0
2009-10-08 00:00:00-04:00,35.50990850853368,35.78739714526773,35.44920807599344,35.596622467041016,1435000,0.0,0.0
2009-10-09 00:00:00-04:00,35.744049932314596,36.697916968221094,35.605305576038624,35.64866256713867,1601900,0.0,0.0
2009-10-12 00:00:00-04:00,35.70067974264243,35.96949830567044,35.37116405523121,35.56193542480469,1015800,0.0,0.0
2009-10-13 00:00:00-04:00,35.48389388149136,35.674668571582934,35.25843559059506,35.54459762573242,1232300,0.0,0.0
2009-10-14 00:00:00-04:00,35.83074394283298,36.272993606156696,35.5705988333085,36.22963333129883,2074100,0.0,0.0
2009-10-15 00:00:00-04:00,35.23243777392377,36.40309334822769,35.23243777392377,36.10826110839844,1419700,0.0,0.0
2009-10-16 00:00:00-04:00,35.674682562863154,36.09958909164088,35.53593818145294,35.952171325683594,1985500,0.0,0.0
2009-10-19 00:00:00-04:00,36.05621494525926,36.203629333183,35.83075336523714,35.96949768066406,1186000,0.0,0.0
2009-10-20 00:00:00-04:00,36.004201998898225,36.004201998898225,35.09369178182167,35.15439224243164,2058800,0.0,0.0
2009-10-21 00:00:00-04:00,35.15438322337352,35.59662979548912,34.625419366972196,34.69478988647461,2140900,0.0,0.0
2009-10-22 00:00:00-04:00,34.729460275095754,35.68333010080803,34.64274633999673,35.57926940917969,2428700,0.0,0.0
2009-10-23 00:00:00-04:00,35.7353676625263,35.7353676625263,35.024302599951625,35.11968994140625,1605700,0.0,0.0
2009-10-26 00:00:00-04:00,35.215082975816834,35.52725857725338,35.01563818777151,35.37984085083008,2080100,0.0,0.0
2009-10-27 00:00:00-04:00,35.38851423305115,35.67467299575058,35.23242643233287,35.37984085083008,1314000,0.0,0.0
2009-10-28 00:00:00-04:00,35.241091785650205,35.553267345266995,34.9982900428041,35.058990478515625,1967800,0.0,0.0
2009-10-29 00:00:00-04:00,35.45936679861647,35.8945578312344,35.17213912337147,35.851036071777344,2185800,0.15,0.0
2009-10-30 00:00:00-04:00,33.50971499722887,34.353986801195774,32.03877026146975,33.51841735839844,12143600,0.0,0.0
2009-11-02 00:00:00-05:00,33.7360099277053,34.2147227558238,33.34434062505464,33.75341796875,4453900,0.0,0.0
2009-11-03 00:00:00-05:00,33.43136694617548,33.814333767413636,33.43136694617548,33.544517517089844,3744600,0.0,0.0
2009-11-04 00:00:00-05:00,33.83175071069103,34.03193819179049,33.561934389325934,33.57063674926758,3597400,0.0,0.0
2009-11-05 00:00:00-05:00,33.79693448445327,34.136382931514206,33.675078216058736,34.09286117553711,2933200,0.0,0.0
2009-11-06 00:00:00-05:00,33.83175171162208,34.380093371005245,33.67508266608404,34.29305648803711,2851100,0.0,0.0
2009-11-09 00:00:00-05:00,34.423613415000624,34.884918212890625,34.13638903163932,34.884918212890625,2764200,0.0,0.0
2009-11-10 00:00:00-05:00,34.84139464660272,35.05028781298557,34.432317314479526,34.53676223754883,3356800,0.0,0.0
2009-11-11 00:00:00-05:00,34.64121354953589,35.146036857923754,34.50195251967801,34.954551696777344,3174900,0.0,0.0
2009-11-12 00:00:00-05:00,34.893632173491305,35.29400729927427,34.82399998453139,34.919742584228516,3282300,0.0,0.0
2009-11-13 00:00:00-05:00,35.09380851757643,35.09380851757643,34.78917608887563,34.99806594848633,2644100,0.0,0.0
2009-11-16 00:00:00-05:00,35.276590737488355,35.68567144827617,35.18084816090017,35.61603927612305,3008400,0.0,0.0
2009-11-17 00:00:00-05:00,35.511593451420175,35.511593451420175,35.180847282440936,35.224369049072266,3162200,0.0,0.0
2009-11-18 00:00:00-05:00,35.11121929059249,35.17214578107218,34.693436218626815,34.85010528564453,2555900,0.0,0.0
2009-11-19 00:00:00-05:00,33.7969428010989,34.34528120271051,33.448788589072315,34.00583267211914,4205200,0.0,0.0
2009-11-20 00:00:00-05:00,33.85786863566233,34.10157458722309,33.53582483367752,33.97101593017578,2782600,0.0,0.0
2009-11-23 00:00:00-05:00,34.380093371005245,34.40620377184683,33.84045739206545,34.29305648803711,1936500,0.0,0.0
2009-11-24 00:00:00-05:00,34.40620186051179,34.40620186051179,34.03193730810032,34.06675338745117,1458900,0.0,0.0
2009-11-25 00:00:00-05:00,34.23213932314269,34.44102922721913,34.06676455214992,34.153804779052734,1129400,0.0,0.0
2009-11-27 00:00:00-05:00,33.47490507680123,33.86657780645473,33.326941667957264,33.413978576660156,1037300,0.0,0.0
2009-11-30 00:00:00-05:00,33.49229299700304,33.753406886453085,33.2137710722239,33.70988845825195,2803800,0.0,0.0
2009-12-01 00:00:00-05:00,34.336579041553364,34.336579041553364,33.318230123602056,33.59675216674805,1612200,0.0,0.0
2009-12-02 00:00:00-05:00,33.64896435391666,33.73600121642125,33.18766300620407,33.48359298706055,3053400,0.0,0.0
2009-12-03 00:00:00-05:00,33.35303982295394,33.77082280768007,33.27470530580254,33.344337463378906,3127800,0.0,0.0
2009-12-04 00:00:00-05:00,33.53582567732516,33.64897629492967,33.33563816632927,33.59675216674805,3083800,0.0,0.0
2009-12-07 00:00:00-05:00,33.50970307681467,33.657666405774656,33.37914446400242,33.40525817871094,1690200,0.0,0.0
2009-12-08 00:00:00-05:00,33.02228303691158,33.431363529782935,32.81339327221686,32.970062255859375,1818400,0.0,0.0
2009-12-09 00:00:00-05:00,32.81340103626342,33.118033398624156,32.69154809131913,33.0048828125,1234000,0.0,0.0
2009-12-10 00:00:00-05:00,33.300809334031726,33.300809334031726,32.83080564128321,32.961360931396484,1151800,0.0,0.0
2009-12-11 00:00:00-05:00,33.04840500849069,33.08321776447968,32.77858539805244,32.83951187133789,1895700,0.0,0.0
2009-12-14 00:00:00-05:00,33.12674826185474,33.12674826185474,32.72636992000794,32.83081817626953,1020100,0.0,0.0
2009-12-15 00:00:00-05:00,32.67414522657449,32.96136959652606,32.55229226233781,32.952667236328125,2160400,0.0,0.0
2009-12-16 00:00:00-05:00,33.118031884604065,33.118031884604065,32.84821561034623,32.90043640136719,1575100,0.0,0.0
2009-12-17 00:00:00-05:00,32.80469795204828,33.10062797899691,32.569694402391065,32.97877502441406,1963400,0.0,0.0
2009-12-18 00:00:00-05:00,33.013597262502465,33.17896868597021,32.604516564154565,32.87433624267578,2625600,0.0,0.0
2009-12-21 00:00:00-05:00,33.10933006358297,33.474888887637434,32.943955368682836,33.178958892822266,1831400,0.0,0.0
2009-12-22 00:00:00-05:00,33.109333021704636,33.74471150140727,33.109333021704636,33.675079345703125,1045300,0.0,0.0
2009-12-23 00:00:00-05:00,33.84916950818424,33.892687962211085,33.448794418744946,33.657684326171875,903500,0.0,0.0
2009-12-24 00:00:00-05:00,33.866561283960564,34.03193265791435,33.709892268533345,33.99711990356445,389200,0.0,0.0
2009-12-28 00:00:00-05:00,33.9623201448502,34.049357052903886,33.49231287277179,33.657684326171875,1047700,0.0,0.0
2009-12-29 00:00:00-05:00,33.501006915521,34.03193718256469,33.501006915521,33.744712829589844,815000,0.0,0.0
2009-12-30 00:00:00-05:00,33.53581847753485,33.84045417949187,33.509708079172,33.71860122680664,588500,0.0,0.0
2009-12-31 00:00:00-05:00,33.71859937161926,33.71859937161926,33.370445251464844,33.370445251464844,949700,0.0,0.0
2010-01-04 00:00:00-05:00,33.46619365234547,33.509712094913375,32.9091496188899,33.02229690551758,3407100,0.0,0.0
2010-01-05 00:00:00-05:00,32.83080448931039,32.943951739389746,32.648021777175906,32.81339645385742,4986100,0.0,0.0
2010-01-06 00:00:00-05:00,32.856934525764494,32.89175061748509,32.63933893287864,32.804710388183594,1816600,0.0,0.0
2010-01-07 00:00:00-05:00,32.91785133515241,32.91785133515241,32.604513242404124,32.708961486816406,1740900,0.0,0.0
2010-01-08 00:00:00-05:00,32.665436958204445,32.97877502441406,32.50876792509964,32.97877502441406,1980600,0.0,0.0
2010-01-11 00:00:00-05:00,33.161556618358,33.248596820337745,32.970074814490985,33.118038177490234,1444800,0.0,0.0
2010-01-12 00:00:00-05:00,33.07452114706807,33.248598238206775,32.94396249865296,33.065818786621094,1444100,0.0,0.0
2010-01-13 00:00:00-05:00,33.07451538763226,33.29211088360353,32.85691989166099,33.126739501953125,910400,0.0,0.0
2010-01-14 00:00:00-05:00,32.97008701393333,32.97008701393333,32.63934076451749,32.865638732910156,1553500,0.0,0.0
2010-01-15 00:00:00-05:00,32.665441300708366,32.88303684003149,32.54358832992653,32.69155502319336,3660800,0.0,0.0
2010-01-19 00:00:00-05:00,32.700258222207495,33.074522825057976,32.49136835843879,32.92655944824219,1270800,0.0,0.0
2010-01-20 00:00:00-05:00,32.595814647232814,33.24860130911233,32.55229620048978,33.15285873413086,2593900,0.0,0.0
2010-01-21 00:00:00-05:00,33.083221470895076,33.474894071784504,32.98748223089468,33.24859619140625,2212900,0.0,0.0
2010-01-22 00:00:00-05:00,33.30952213062071,33.79693728383978,33.292114090836726,33.53582000732422,2752500,0.0,0.0
2010-01-25 00:00:00-05:00,33.81433239921568,34.00581746220851,33.666369083443506,33.88396453857422,1833900,0.0,0.0
2010-01-26 00:00:00-05:00,33.76213310509656,34.19732429236438,33.76213310509656,33.97972869873047,2105200,0.0,0.0
2010-01-27 00:00:00-05:00,34.13638239082997,34.17119514671891,33.75341219385777,34.101566314697266,2135300,0.0,0.0
2010-01-28 00:00:00-05:00,34.2937913212021,34.2937913212021,33.96177406434152,34.09283447265625,2735000,0.15,0.0
2010-01-29 00:00:00-05:00,34.092837669688706,34.24136970223623,33.90061660826961,33.98799133300781,2207700,0.0,0.0
2010-02-01 00:00:00-05:00,34.162729498264504,34.31126484373757,33.72586593264473,33.891876220703125,3274100,0.0,0.0
2010-02-02 00:00:00-05:00,33.891876451614664,34.477272033691406,33.73460530027967,34.477272033691406,1497800,0.0,0.0
2010-02-03 00:00:00-05:00,34.34621047973633,34.51221741425253,34.19767515263945,34.34621047973633,1314800,0.0,0.0
2010-02-04 00:00:00-05:00,34.06662250000119,34.24136526080188,33.594809046628484,33.90935134887695,2819900,0.0,0.0
2010-02-05 00:00:00-05:00,33.970509854791395,34.85297274039824,33.83071365510107,34.695701599121094,5676000,0.0,0.0
2010-02-08 00:00:00-05:00,34.66949841028275,34.99277656759446,34.49475228932871,34.643287658691406,2752500,0.0,0.0
2010-02-09 00:00:00-05:00,34.87920372491099,34.975314292904486,34.6083503056634,34.80057144165039,1764500,0.0,0.0
2010-02-10 00:00:00-05:00,34.7568694708488,34.914140644898296,34.4423271227498,34.63454818725586,1287100,0.0,0.0
2010-02-11 00:00:00-05:00,34.53842479052365,34.70443504185618,34.23262169544335,34.43357849121094,1359700,0.0,0.0
2010-02-12 00:00:00-05:00,34.21515704111324,34.84424169208722,34.21515704111324,34.7830810546875,2295400,0.0,0.0
2010-02-16 00:00:00-05:00,34.97530318947393,35.027728028010856,34.45980394271228,34.86172103881836,1358600,0.0,0.0
2010-02-17 00:00:00-05:00,35.00150789548991,35.394682413635245,34.50348372836847,35.1937255859375,1909500,0.0,0.0
2010-02-18 00:00:00-05:00,35.00151183703274,35.385950594224106,35.00151183703274,35.184993743896484,1394900,0.0,0.0
2010-02-19 00:00:00-05:00,35.17625261356805,35.56069468199245,34.94908502741185,35.44710922241211,1829300,0.0,0.0
2010-02-22 00:00:00-05:00,35.41215855561195,35.473319186419225,35.254887409820576,35.35099792480469,1147600,0.0,0.0
2010-02-23 00:00:00-05:00,35.35973802819596,35.648066248019525,35.167516992977255,35.46458435058594,1739100,0.0,0.0
2010-02-24 00:00:00-05:00,35.551945450165775,35.7616413673143,35.2723531159701,35.59563446044922,1544300,0.0,0.0
2010-02-25 00:00:00-05:00,35.32478332912458,35.857757339232215,35.20246208083837,35.81407165527344,1621800,0.0,0.0
2010-02-26 00:00:00-05:00,35.866492430092094,35.93639218944034,35.7092213045625,35.770381927490234,1446300,0.0,0.0
2010-03-01 00:00:00-05:00,35.67428653539053,35.88397921665521,35.595650946665,35.80534362792969,994600,0.0,0.0
2010-03-02 00:00:00-05:00,35.75290698765317,35.81407094358488,35.56942511886997,35.770381927490234,743200,0.0,0.0
2010-03-03 00:00:00-05:00,35.82281394449316,35.980085101621555,35.61311795732043,35.68301773071289,937600,0.0,0.0
2010-03-04 00:00:00-05:00,35.700492674061,35.81407813932143,35.49953582506465,35.68301773071289,911800,0.0,0.0
2010-03-05 00:00:00-05:00,35.8315421913369,36.25093407721558,35.5170032764338,36.2247200012207,1427600,0.0,0.0
2010-03-08 00:00:00-05:00,36.17230990915333,36.303366998393635,36.076199377240776,36.19852066040039,1111200,0.0,0.0
2010-03-09 00:00:00-05:00,36.111141017834306,36.3033587047415,35.96260568435615,36.093666076660156,1182800,0.0,0.0
2010-03-10 00:00:00-05:00,36.102415035350994,36.119889982892474,35.63060145074732,35.79661178588867,1128100,0.0,0.0
2010-03-11 00:00:00-05:00,35.79659859660948,36.10240173339844,35.67427734189389,36.10240173339844,1361100,0.0,0.0
2010-03-12 00:00:00-05:00,36.25092721014405,36.504305454734485,36.09365611598265,36.294612884521484,1766000,0.0,0.0
2010-03-15 00:00:00-04:00,36.1635700605574,36.62664443286352,36.06745953053048,36.60917282104492,1767200,0.0,0.0
2010-03-16 00:00:00-04:00,36.46064487592218,36.65286597509107,36.34705937795823,36.591705322265625,1077000,0.0,0.0
2010-03-17 00:00:00-04:00,36.582951751349704,36.87128328637005,36.5217911226492,36.714012145996094,1394400,0.0,0.0
2010-03-18 00:00:00-04:00,36.71400658258102,37.0023347409056,36.696531643742595,36.99359893798828,1454200,0.0,0.0
2010-03-19 00:00:00-04:00,37.26446533203125,37.29067608070926,36.99360870800802,37.26446533203125,3298600,0.0,0.0
2010-03-22 00:00:00-04:00,36.55675248815195,37.39552994493808,36.36453140442812,37.29941940307617,1786100,0.0,0.0
2010-03-23 00:00:00-04:00,37.12465902161463,37.47414779663086,37.11591988576207,37.47414779663086,935700,0.0,0.0
2010-03-24 00:00:00-04:00,37.35183866257895,37.37804941262272,37.011085579990585,37.063507080078125,1328300,0.0,0.0
2010-03-25 00:00:00-04:00,37.22952634016909,37.38679754427116,37.08099094384795,37.21205139160156,1145700,0.0,0.0
2010-03-26 00:00:00-04:00,37.0547689395382,37.36931125226315,37.03729399627519,37.203304290771484,1233900,0.0,0.0
2010-03-29 00:00:00-04:00,37.21203828953923,37.62269110377436,37.107191968055275,37.48289489746094,1672700,0.0,0.0
2010-03-30 00:00:00-04:00,37.56152249013773,37.710054469593786,37.42172631353049,37.47414779663086,1231500,0.0,0.0
2010-03-31 00:00:00-04:00,37.19457703702678,37.51785525817459,37.19457703702678,37.316898345947266,1004800,0.0,0.0
2010-04-01 00:00:00-04:00,37.404271311849875,37.57027831849145,37.22952516469765,37.56154251098633,1146900,0.0,0.0
2010-04-05 00:00:00-04:00,37.56153432969897,37.57027013530135,37.40426316481779,37.50910949707031,596900,0.0,0.0
2010-04-06 00:00:00-04:00,37.46542405644526,37.683855861034836,37.42173836212831,37.57900619506836,918600,0.0,0.0
2010-04-07 00:00:00-04:00,37.55279599546489,37.788702747839736,37.430474716382726,37.631431579589844,1074900,0.0,0.0
2010-04-08 00:00:00-04:00,37.57899611267388,37.78869205534085,37.55278536971698,37.72753143310547,1167700,0.0,0.0
2010-04-09 00:00:00-04:00,37.77121291519016,37.89353414605766,37.622680944280646,37.69257736206055,1013000,0.0,0.0
2010-04-12 00:00:00-04:00,37.578993620759555,37.93722152709961,37.56152201528282,37.93722152709961,852400,0.0,0.0
2010-04-13 00:00:00-04:00,37.876060821553466,37.9634355137542,37.727528844317774,37.88479995727539,775900,0.0,0.0
2010-04-14 00:00:00-04:00,37.91101810800186,38.00712862170526,37.6838505298883,37.841121673583984,1232700,0.0,0.0
2010-04-15 00:00:00-04:00,37.710065516205184,38.059557726603785,37.56153349323885,37.928497314453125,1706100,0.0,0.0
2010-04-16 00:00:00-04:00,37.92848393102179,38.382822311020405,37.64015579223633,37.64015579223633,2449400,0.0,0.0
2010-04-19 00:00:00-04:00,37.49162954072917,37.88480740036948,37.465418794421275,37.867332458496094,1179300,0.0,0.0
2010-04-20 00:00:00-04:00,37.92849710646323,38.48768197363079,37.867336469929576,38.45273208618164,1456600,0.0,0.0
2010-04-21 00:00:00-04:00,38.39156842098227,38.583789453783794,38.23429727287274,38.5488395690918,1122600,0.0,0.0
2010-04-22 00:00:00-04:00,38.36536605565314,38.74106906566087,38.024612937972925,38.67116928100586,1044700,0.0,0.0
2010-04-23 00:00:00-04:00,38.64495019590415,38.66242513830008,38.33040789878642,38.513893127441406,1085800,0.0,0.0
2010-04-26 00:00:00-04:00,38.50515603101885,38.706112879718646,38.27798843383789,38.27798843383789,902000,0.0,0.0
2010-04-27 00:00:00-04:00,38.10325244444161,38.52264119644969,37.5265924938048,37.59648895263672,1463400,0.0,0.0
2010-04-28 00:00:00-04:00,37.83237594150427,38.18186805168597,37.62268334179827,37.98091125488281,1544500,0.0,0.0
2010-04-29 00:00:00-04:00,38.165043090067975,38.69986275999426,38.00722734010461,38.577117919921875,2812000,0.15,0.0
2010-04-30 00:00:00-04:00,37.92830706859658,38.13872911462186,36.902508373653845,37.226905822753906,3751600,0.0,0.0
2010-05-03 00:00:00-04:00,37.42855307156863,37.42855307156863,36.73592132254101,37.18306350708008,1690100,0.0,0.0
2010-05-04 00:00:00-04:00,36.727166495072844,37.095404332414844,36.42030441774268,36.858680725097656,2416100,0.0,0.0
2010-05-05 00:00:00-04:00,36.76223610521573,37.25321875616572,36.63072187983132,36.832374572753906,1743900,0.0,0.0
2010-05-06 00:00:00-04:00,36.73593295848782,36.928816244018996,35.16654510088046,36.06959915161133,4216200,0.0,0.0
2010-05-07 00:00:00-04:00,35.078871433319065,36.38523433027116,35.078871433319065,36.06083679199219,3326500,0.0,0.0
2010-05-10 00:00:00-04:00,37.463640919988485,37.463640919988485,36.47290947349671,37.121707916259766,2107000,0.0,0.0
2010-05-11 00:00:00-04:00,36.79730114368737,37.68281964049749,36.762230243237724,37.1743049621582,1467800,0.0,0.0
2010-05-12 00:00:00-04:00,37.349653090021285,37.70035540838245,37.270745235617284,37.69158935546875,1314300,0.0,0.0
2010-05-13 00:00:00-04:00,37.69159315005611,37.72666070978649,37.19184112548828,37.19184112548828,1018600,0.0,0.0
2010-05-14 00:00:00-04:00,36.97264188444043,37.2619717409871,36.306311626083534,36.48166275024414,2573900,0.0,0.0
2010-05-17 00:00:00-04:00,36.54304276812375,36.823603287512604,36.20110984415265,36.69208908081055,2078700,0.0,0.0
2010-05-18 00:00:00-04:00,36.69207409739771,36.81482220098252,35.57860187207243,35.68381118774414,2994300,0.0,0.0
2010-05-19 00:00:00-04:00,35.61368790023321,36.043298124417845,35.19284707455704,35.46464157104492,2833000,0.0,0.0
2010-05-20 00:00:00-04:00,35.157771421870514,35.438331934434096,34.088135721926285,34.12320327758789,3746000,0.0,0.0
2010-05-21 00:00:00-04:00,33.87772198663779,34.75447463989258,33.623462914502866,34.75447463989258,2811800,0.0,0.0
2010-05-24 00:00:00-04:00,34.36870138696344,34.798308272993566,34.140743845989974,34.149513244628906,1498300,0.0,0.0
2010-05-25 00:00:00-04:00,33.58839016919296,34.03553248178065,33.41303899668087,34.00046157836914,2032500,0.0,0.0
2010-05-26 00:00:00-04:00,34.23717528132794,34.29854767231795,33.69358981346885,33.7374267578125,1874100,0.0,0.0
2010-05-27 00:00:00-04:00,34.12321084541985,34.772009264954086,33.93032754059551,34.728172302246094,2345400,0.0,0.0
2010-05-28 00:00:00-04:00,34.57911431199072,34.95611812093089,34.28978775195819,34.60541915893555,1813200,0.0,0.0
2010-06-01 00:00:00-04:00,34.41254325356044,34.46514961925853,33.86895751953125,33.86895751953125,1993000,0.0,0.0
2010-06-02 00:00:00-04:00,34.08813719187362,34.76323699951172,33.9653923804022,34.76323699951172,1602400,0.0,0.0
2010-06-03 00:00:00-04:00,34.70185841520035,34.982418889909184,34.70185841520035,34.90351104736328,1403300,0.0,0.0
2010-06-04 00:00:00-04:00,34.43007914774183,34.57912550230079,33.59716340857346,33.684837341308594,2097600,0.0,0.0
2010-06-07 00:00:00-04:00,33.825120984958644,34.15828460498908,33.684837341308594,33.684837341308594,1941000,0.0,0.0
2010-06-08 00:00:00-04:00,33.69360475128187,33.99170078733964,33.334136297025076,33.930328369140625,1956600,0.0,0.0
2010-06-09 00:00:00-04:00,34.08812549098282,34.23717175531014,33.04478826251502,33.141231536865234,2751000,0.0,0.0
2010-06-10 00:00:00-04:00,33.64976048723737,33.67606199088918,33.22891970608235,33.632225036621094,3249200,0.0,0.0
2010-06-11 00:00:00-04:00,33.342906259885126,33.83388900756836,33.1237180707572,33.83388900756836,2031900,0.0,0.0
2010-06-14 00:00:00-04:00,33.886492609817104,34.4125428829482,33.53579019803232,33.55332565307617,2247900,0.0,0.0
2010-06-15 00:00:00-04:00,34.07060744811686,34.44761134338473,33.57962477544232,34.412540435791016,2100400,0.0,0.0
2010-06-16 00:00:00-04:00,34.28978858501199,34.596650602281116,34.21088073135063,34.526512145996094,1376400,0.0,0.0
2010-06-17 00:00:00-04:00,34.54404900095052,34.780769227015796,34.40376873813078,34.772003173828125,1173800,0.0,0.0
2010-06-18 00:00:00-04:00,34.88597332727238,34.89473937829774,34.719388256890326,34.84213638305664,1696700,0.0,0.0
2010-06-21 00:00:00-04:00,35.10518236674976,35.10518236674976,34.5440611186355,34.68434143066406,1238500,0.0,0.0
2010-06-22 00:00:00-04:00,34.736928950169435,34.92981554730573,34.25471580187365,34.2810173034668,1248600,0.0,0.0
2010-06-23 00:00:00-04:00,34.23718274622869,34.35992755497135,33.94785617484173,34.14073944091797,1287800,0.0,0.0
2010-06-24 00:00:00-04:00,34.105658156141594,34.210867472065175,33.59714033084723,33.66728210449219,1394300,0.0,0.0
2010-06-25 00:00:00-04:00,33.790044986972354,34.06183614426094,33.37797020715334,33.94786071777344,2490500,0.0,0.0
2010-06-28 00:00:00-04:00,34.04430358493313,34.07937114555548,33.68483182378007,33.842647552490234,1236300,0.0,0.0
2010-06-29 00:00:00-04:00,33.46564191339517,33.56208522523361,32.87821933335437,33.07110595703125,2018600,0.0,0.0
2010-06-30 00:00:00-04:00,32.94835640101214,33.132473600106415,32.49244475715137,32.545047760009766,2249800,0.0,0.0
2010-07-01 00:00:00-04:00,32.44860854518554,32.44860854518554,31.84365052437502,32.24695587158203,2248300,0.0,0.0
2010-07-02 00:00:00-04:00,32.308320304374895,32.764231893072754,32.29955425314079,32.536277770996094,1449800,0.0,0.0
2010-07-06 00:00:00-04:00,32.878218919565924,33.13247794856813,32.396005710988035,32.650264739990234,1439400,0.0,0.0
2010-07-07 00:00:00-04:00,32.825617382691185,33.44811429411273,32.66780164115286,33.404273986816406,1326200,0.0,0.0
2010-07-08 00:00:00-04:00,33.518237350241506,33.65851757325424,33.15876906973736,33.500701904296875,1064100,0.0,0.0
2010-07-09 00:00:00-04:00,33.54453945883836,33.640982741021084,33.36042228987737,33.614681243896484,788600,0.0,0.0
2010-07-12 00:00:00-04:00,31.1071670337762,31.834872950632896,30.774000267953607,31.22991180419922,22718000,0.0,0.0
2010-07-13 00:00:00-04:00,31.326368333037372,32.571358698084744,31.30006682668878,32.501216888427734,15442100,0.0,0.0
2010-07-14 00:00:00-04:00,32.27326352093353,32.71163980885661,31.97516751136401,32.52751922607422,11266500,0.0,0.0
2010-07-15 00:00:00-04:00,32.44861138252694,32.50121774114991,32.106678412841774,32.42230987548828,8944100,0.0,0.0
2010-07-16 00:00:00-04:00,32.04531071416162,32.378477678693834,31.650771327813764,31.77351951599121,6481200,0.0,0.0
2010-07-19 00:00:00-04:00,31.808591635761715,31.852431952945345,31.03705155261989,31.282541275024414,5693500,0.0,0.0
2010-07-20 00:00:00-04:00,31.14224657851334,31.598158241461434,30.826615169968886,31.5543212890625,5013900,0.0,0.0
2010-07-21 00:00:00-04:00,31.913793079336095,32.001466993555056,31.203622333798926,31.238693237304688,4806800,0.0,0.0
2010-07-22 00:00:00-04:00,31.536780643204814,32.238181799660396,31.168542945725306,31.975156784057617,5065000,0.0,0.0
2010-07-23 00:00:00-04:00,32.071618069332814,32.15929200888973,31.79982350543212,32.106685638427734,4356300,0.0,0.0
2010-07-26 00:00:00-04:00,31.957630576134544,32.36093593962535,31.449112500349667,32.27326202392578,2887200,0.0,0.0
2010-07-27 00:00:00-04:00,32.51875950276114,32.51875950276114,31.817357974442487,31.92256736755371,6860100,0.0,0.0
2010-07-28 00:00:00-04:00,31.817341358239656,32.317089895213506,31.79103651528949,32.132972717285156,4116500,0.0,0.0
2010-07-29 00:00:00-04:00,32.38828183451025,32.55554818180255,31.904086948525233,32.2474250793457,5054000,0.15,0.0
2010-07-30 00:00:00-04:00,32.27383669180771,33.41829831894894,32.159389521606535,33.162994384765625,4841600,0.0,0.0
2010-08-02 00:00:00-04:00,33.52394172493545,33.79684980238974,33.40949456048914,33.56795883178711,5289100,0.0,0.0
2010-08-03 00:00:00-04:00,33.49751648514538,33.69119571418666,33.18939349193313,33.277427673339844,4788600,0.0,0.0
2010-08-04 00:00:00-04:00,33.44471083522249,33.506335458768554,33.00453303372769,33.215816497802734,3957000,0.0,0.0
2010-08-05 00:00:00-04:00,33.07496579086588,33.75284013226475,32.90769940465995,33.471126556396484,8322600,0.0,0.0
2010-08-06 00:00:00-04:00,33.259837933142286,33.64719659815575,32.7580354428208,33.62958908081055,5013000,0.0,0.0
2010-08-09 00:00:00-04:00,33.65599762357982,34.1313905021395,33.56796339790156,34.05215835571289,3312900,0.0,0.0
2010-08-10 00:00:00-04:00,33.87606854807872,34.0521402641807,33.53273054873862,33.84965896606445,2647900,0.0,0.0
2010-08-11 00:00:00-04:00,33.35666724864516,33.40948978428967,32.863670349121094,32.863670349121094,3870400,0.0,0.0
2010-08-12 00:00:00-04:00,32.63477844501715,32.82845773162049,32.37067246401515,32.72281265258789,1900500,0.0,0.0
2010-08-13 00:00:00-04:00,32.57315149701805,32.73161574593698,32.44990227192323,32.493919372558594,1799500,0.0,0.0
2010-08-16 00:00:00-04:00,32.37067075865555,32.5379370875439,32.15058189303371,32.344261169433594,1346700,0.0,0.0
2010-08-17 00:00:00-04:00,32.67000223376645,33.17180473974537,32.37948322594148,32.96051788330078,2720800,0.0,0.0
2010-08-18 00:00:00-04:00,32.731626867252245,33.07496507047038,32.537947528702254,32.96051788330078,2315000,0.0,0.0
2010-08-19 00:00:00-04:00,32.828459928349105,32.8724770350799,32.48512179424294,32.537940979003906,2778800,0.0,0.0
2010-08-20 00:00:00-04:00,32.25622299918021,32.53793647319396,32.13297377408538,32.493919372558594,2243500,0.0,0.0
2010-08-23 00:00:00-04:00,32.6171823344226,32.78445208888818,32.4851309769029,32.50273513793945,1682100,0.0,0.0
2010-08-24 00:00:00-04:00,32.22102019444168,32.46752209640106,31.94811205203453,32.194610595703125,2218800,0.0,0.0
2010-08-25 00:00:00-04:00,32.115386962890625,32.23863626742865,31.82487122480695,32.115386962890625,2477200,0.0,0.0
2010-08-26 00:00:00-04:00,32.265036119955454,32.42350040662127,31.833660371078434,31.930500030517578,1412600,0.0,0.0
2010-08-27 00:00:00-04:00,32.00092140398056,32.72281265258789,31.81604755310814,32.72281265258789,1982000,0.0,0.0
2010-08-30 00:00:00-04:00,32.57315014958981,32.67879185840259,32.0361328125,32.0361328125,2012600,0.0,0.0
2010-08-31 00:00:00-04:00,32.01854427115464,32.25624077552707,31.65759847376495,31.90410041809082,3293000,0.0,0.0
2010-09-01 00:00:00-04:00,32.185803911732435,32.76683850890558,32.01853418820558,32.71401596069336,2644400,0.0,0.0
2010-09-02 00:00:00-04:00,32.6875912696796,33.28623310645377,32.58194622204504,33.277427673339844,2421300,0.0,0.0
2010-09-03 00:00:00-04:00,33.453516615109756,33.796854800938355,33.286250241018784,33.77924728393555,2507800,0.0,0.0
2010-09-07 00:00:00-04:00,33.53272750875207,33.664782123429006,33.08374786376953,33.08374786376953,1665100,0.0,0.0
2010-09-08 00:00:00-04:00,33.30385093749052,33.54154397262342,33.18059834371262,33.259830474853516,1023800,0.0,0.0
2010-09-09 00:00:00-04:00,33.76163679046513,33.884889398618704,33.25983435414125,33.5063362121582,1240700,0.0,0.0
2010-09-10 00:00:00-04:00,33.541537861257844,33.594360391823955,33.02212806470322,33.25102233886719,1161600,0.0,0.0
2010-09-13 00:00:00-04:00,33.603172302246094,33.708817394296936,33.444711380750164,33.603172302246094,1699000,0.0,0.0
2010-09-14 00:00:00-04:00,33.45351969874583,33.55035937204241,33.25103827198516,33.2950553894043,2063300,0.0,0.0
2010-09-15 00:00:00-04:00,33.02212806470322,33.347861965760465,32.925291796099124,33.25102233886719,1988900,0.0,0.0
2010-09-16 00:00:00-04:00,33.17180031851906,33.36547963125495,33.07496066215112,33.35667419433594,1447600,0.0,0.0
2010-09-17 00:00:00-04:00,33.39189574695597,33.68241141450807,33.2862539913271,33.55916213989258,2350300,0.0,0.0
2010-09-20 00:00:00-04:00,33.55915555652275,34.19301268253258,33.45351382161784,34.166603088378906,4586900,0.0,0.0
2010-09-21 00:00:00-04:00,34.052153225835255,34.50113308242133,34.04334778961968,34.15779495239258,2064600,0.0,0.0
2010-09-22 00:00:00-04:00,34.19302076421445,34.26344748470001,33.85848460660782,34.11378860473633,2257600,0.0,0.0
2010-09-23 00:00:00-04:00,33.89368044784646,34.30744853056358,33.655984104048684,33.67359161376953,2927400,0.0,0.0
2010-09-24 00:00:00-04:00,33.999329545027265,34.97652471826086,33.999329545027265,34.73002624511719,3326600,0.0,0.0
2010-09-27 00:00:00-04:00,33.999329545027265,35.134988981936026,33.946510362662096,34.73002624511719,2586600,0.0,0.0
2010-09-28 00:00:00-04:00,34.75643072161892,34.976519571192206,34.597966481263,34.835662841796875,3250500,0.0,0.0
2010-09-29 00:00:00-04:00,34.76524064964057,35.28465053609867,34.64198805698613,34.87968444824219,3352400,0.0,0.0
2010-09-30 00:00:00-04:00,34.74764225844007,34.958925756163374,34.36028358212958,34.43071365356445,5116100,0.0,0.0
2010-10-01 00:00:00-04:00,34.677188571635135,34.77402817476442,34.307441023274286,34.58034896850586,14637300,0.0,0.0
2010-10-04 00:00:00-04:00,34.148991655095415,34.545152313401935,34.0873670369466,34.50993728637695,3941700,0.0,0.0
2010-10-05 00:00:00-04:00,34.55395075530433,34.994128471932406,34.55395075530433,34.92369842529297,3438800,0.0,0.0
2010-10-06 00:00:00-04:00,34.92370782971478,34.967728299863204,34.64199428387481,34.791656494140625,2223800,0.0,0.0
2010-10-07 00:00:00-04:00,34.932510751329495,35.08216959252698,34.571565086823064,34.65959930419922,1912300,0.0,0.0
2010-10-08 00:00:00-04:00,34.7212147318237,34.74762767667296,34.29864455541709,34.69480514526367,2466300,0.0,0.0
2010-10-11 00:00:00-04:00,34.62438664494322,34.765243403702755,34.28985058353058,34.32506561279297,2374100,0.0,0.0
2010-10-12 00:00:00-04:00,34.307449145516664,34.81805350341726,34.17539449938782,34.7740364074707,2315500,0.0,0.0
2010-10-13 00:00:00-04:00,34.87089673502265,34.87089673502265,34.45712839925064,34.73884201049805,2079500,0.0,0.0
2010-10-14 00:00:00-04:00,34.63319264941097,34.81806653656226,34.448318762259674,34.7652473449707,2310800,0.0,0.0
2010-10-15 00:00:00-04:00,34.97653849966763,34.97653849966763,34.55396808279652,34.73884201049805,2512300,0.0,0.0
2010-10-18 00:00:00-04:00,34.70361634628887,35.24943923950195,34.597974613982196,35.24943923950195,2158000,0.0,0.0
2010-10-19 00:00:00-04:00,34.71242479508873,35.13499511927329,34.49233587468279,34.7652473449707,2891000,0.0,0.0
2010-10-20 00:00:00-04:00,34.853278681302406,34.95892041402074,34.703616481518814,34.90610122680664,2148600,0.0,0.0
2010-10-21 00:00:00-04:00,35.020538445028805,35.53114621390609,34.85327211985668,35.26704025268555,2539100,0.0,0.0
2010-10-22 00:00:00-04:00,35.33747232584979,35.38148943304477,35.17900805331584,35.23183059692383,1525200,0.0,0.0
2010-10-25 00:00:00-04:00,35.46952662680503,35.56636627657346,35.36388154071766,35.478328704833984,1691200,0.0,0.0
2010-10-26 00:00:00-04:00,35.30225761302705,35.60157864624036,35.25824050543775,35.54875946044922,2201000,0.0,0.0
2010-10-27 00:00:00-04:00,35.25823798260417,35.98893467780519,35.25823798260417,35.98012924194336,2921000,0.0,0.0
2010-10-28 00:00:00-04:00,36.19220680964644,36.20987919050216,35.64437648576737,35.927127838134766,2350200,0.15,0.0
2010-10-29 00:00:00-04:00,35.23790416352373,35.72388259598286,34.83144634903655,35.1230354309082,6026400,0.0,0.0
2010-11-01 00:00:00-04:00,35.35278984126847,35.494165527784084,34.9551730402736,35.14072799682617,2428500,0.0,0.0
2010-11-02 00:00:00-04:00,35.23790393322996,35.33510029321863,35.0700180857367,35.24673843383789,2671700,0.0,0.0
2010-11-03 00:00:00-04:00,35.21140006974481,35.43229970222919,35.14071394009348,35.290924072265625,3210700,0.0,0.0
2010-11-04 00:00:00-04:00,35.529485200275076,36.31588711180804,35.30858563543279,36.30705261230469,4543600,0.0,0.0
2010-11-05 00:00:00-04:00,36.29823548059717,36.916751861572266,36.18336670813259,36.916751861572266,3876400,0.0,0.0
2010-11-08 00:00:00-05:00,36.61631964867819,36.65166439669285,36.19219278448431,36.64282989501953,3099600,0.0,0.0
2010-11-09 00:00:00-05:00,36.67816172722792,37.058109242856055,36.430755296831855,36.616310119628906,3174700,0.0,0.0
2010-11-10 00:00:00-05:00,36.625145877404584,36.916731529174974,36.38657396014175,36.76652145385742,2223000,0.0,0.0
2010-11-11 00:00:00-05:00,36.47495556007616,36.740037883340214,36.351252273572534,36.580989837646484,1245400,0.0,0.0
2010-11-12 00:00:00-05:00,36.45725773817661,36.61630567287609,36.192178970563944,36.28937530517578,1786900,0.0,0.0
2010-11-15 00:00:00-05:00,36.2982345476319,36.731196003186156,36.262889792295645,36.457279205322266,1281200,0.0,0.0
2010-11-16 00:00:00-05:00,36.3512342084529,36.53678904599495,35.829911066791844,36.033138275146484,1710500,0.0,0.0
2010-11-17 00:00:00-05:00,35.9712846497389,36.413083783351,35.918270910927774,36.121498107910156,1661400,0.0,0.0
2010-11-18 00:00:00-05:00,36.413103847035245,36.58982427198533,36.201042033624546,36.26289367675781,2220200,0.0,0.0
2010-11-19 00:00:00-05:00,36.28937574500699,36.34239284743586,36.00662460670525,36.236358642578125,1658700,0.0,0.0
2010-11-22 00:00:00-05:00,36.03313401687449,36.24519907090434,35.83874470222845,36.086151123046875,1444300,0.0,0.0
2010-11-23 00:00:00-05:00,35.85642752237473,35.8829343978573,35.47647991070816,35.56483840942383,1731700,0.0,0.0
2010-11-24 00:00:00-05:00,35.64437039175424,36.21871087405458,35.59135325825128,36.13918685913086,1601100,0.0,0.0
2010-11-26 00:00:00-05:00,35.821094229843894,36.0861731814211,35.79458397522295,35.94479751586914,528100,0.0,0.0
2010-11-29 00:00:00-05:00,35.6001824573887,35.84758894545788,35.39695521780892,35.74155807495117,1765100,0.0,0.0
2010-11-30 00:00:00-05:00,35.423467181289396,35.77690796129704,35.396960302520206,35.449974060058594,3314100,0.0,0.0
2010-12-01 00:00:00-05:00,35.77690667498505,36.536798594556714,35.77690667498505,36.50145721435547,2269500,0.0,0.0
2010-12-02 00:00:00-05:00,36.49261245227244,37.402721076529616,36.47494008017751,37.34086608886719,3267200,0.0,0.0
2010-12-03 00:00:00-05:00,37.23485133487152,37.92405729142487,37.16416518657307,37.80035400390625,2870500,0.0,0.0
2010-12-06 00:00:00-05:00,37.58828447542578,38.410031426080415,37.526432844358105,38.24214553833008,3504300,0.0,0.0
2010-12-07 00:00:00-05:00,38.489554322817966,38.9048433521966,38.32166843991122,38.60441970825195,3387400,0.0,0.0
2010-12-08 00:00:00-05:00,38.595593539132786,38.62210042293139,38.19797342884508,38.295169830322266,2657200,0.0,0.0
2010-12-09 00:00:00-05:00,38.418853420748526,38.67509773498098,38.3128225692475,38.41001892089844,1829200,0.0,0.0
2010-12-10 00:00:00-05:00,38.56908561569519,38.675116518693244,38.383527322121545,38.5955924987793,1681800,0.0,0.0
2010-12-13 00:00:00-05:00,38.922505096969736,39.29361814196865,38.75462263057741,38.993194580078125,3640800,0.0,0.0
2010-12-14 00:00:00-05:00,39.002035859336154,39.602883087554396,38.878332613054866,39.42616271972656,2116700,0.0,0.0
2010-12-15 00:00:00-05:00,39.258276550618305,39.55870013661574,39.05504932636421,39.169918060302734,1561500,0.0,0.0
2010-12-16 00:00:00-05:00,39.214101996989534,39.426163747381864,39.06388850068928,39.31129837036133,1876500,0.0,0.0
2010-12-17 00:00:00-05:00,39.496858598392144,40.02701641689625,39.470348348004094,39.85029602050781,3253800,0.0,0.0
2010-12-20 00:00:00-05:00,39.85911607236845,40.29207731074007,39.620544149513606,40.05350875854492,2384600,0.0,0.0
2010-12-21 00:00:00-05:00,40.09770140287505,40.4511387851422,39.9298155284369,40.406959533691406,2672800,0.0,0.0
2010-12-22 00:00:00-05:00,40.33628138921261,40.60136032104492,40.11538171757544,40.60136032104492,2261100,0.0,0.0
2010-12-23 00:00:00-05:00,40.50416328445083,40.62786655930179,40.37162213530398,40.530670166015625,1776800,0.0,0.0
2010-12-27 00:00:00-05:00,40.41580173929423,40.645535893864285,40.353946735838754,40.53950500488281,937900,0.0,0.0
2010-12-28 00:00:00-05:00,40.65436491328963,40.65436491328963,40.159551917676744,40.389286041259766,1312000,0.0,0.0
2010-12-29 00:00:00-05:00,40.46880967193867,40.64553004190518,40.406958048049496,40.5748405456543,1553100,0.0,0.0
2010-12-30 00:00:00-05:00,40.49531933912876,40.857594575580904,40.292088725644774,40.6897087097168,1154200,0.0,0.0
2010-12-31 00:00:00-05:00,40.45113069758598,40.68086815225509,40.45113069758598,40.65435791015625,1360900,0.0,0.0
2011-01-03 00:00:00-05:00,40.8752699231471,40.937124926412984,40.15955721138943,40.22140884399414,4151100,0.0,0.0
2011-01-04 00:00:00-05:00,40.239083752039534,40.4688179203583,39.62056401641941,39.75310516357422,5230900,0.0,0.0
2011-01-05 00:00:00-05:00,39.70889620172383,39.88561649052038,39.56752064481843,39.76191329956055,4418000,0.0,0.0
2011-01-06 00:00:00-05:00,39.76192812762591,39.84145211870757,39.24943943606395,39.567535400390625,3003000,0.0,0.0
2011-01-07 00:00:00-05:00,39.682399850031814,39.72657909126927,38.957849507625305,39.178749084472656,2520400,0.0,0.0
2011-01-10 00:00:00-05:00,38.993195481997994,39.09922633845302,38.67509954197275,38.88716125488281,2699600,0.0,0.0
2011-01-11 00:00:00-05:00,39.0550595050955,39.06389400816541,38.719291087198,38.83415985107422,1992200,0.0,0.0
2011-01-12 00:00:00-05:00,39.01086615748309,39.249434731471915,38.604408379196194,38.78996658325195,2827000,0.0,0.0
2011-01-13 00:00:00-05:00,38.754652490624125,38.85184891945694,38.26867371712271,38.728145599365234,2393700,0.0,0.0
2011-01-14 00:00:00-05:00,38.613261850235,39.541039762713886,38.613261850235,39.49686050415039,2404400,0.0,0.0
2011-01-18 00:00:00-05:00,39.470337353078456,39.80610567561816,39.364306493046016,39.664730072021484,1786100,0.0,0.0
2011-01-19 00:00:00-05:00,39.63823292309873,39.726591433023756,39.2936300154656,39.381988525390625,1306400,0.0,0.0
2011-01-20 00:00:00-05:00,39.2847957797353,39.87680863716715,39.2847957797353,39.82379150390625,2253700,0.0,0.0
2011-01-21 00:00:00-05:00,40.097702489343504,40.15955411718268,39.6912446012649,40.04468536376953,1562100,0.0,0.0
2011-01-24 00:00:00-05:00,39.95631012961417,40.035834099349664,39.514511046785735,39.770751953125,1896000,0.0,0.0
2011-01-25 00:00:00-05:00,39.726579557023086,40.37160592450043,39.63822107351225,40.25674057006836,1913800,0.0,0.0
2011-01-26 00:00:00-05:00,40.30977299060611,40.57485193463067,40.24792134935577,40.44231414794922,1905000,0.0,0.0
2011-01-27 00:00:00-05:00,40.38928533828942,40.61902282853462,40.17722359262073,40.56600570678711,1328000,0.0,0.0
2011-01-28 00:00:00-05:00,40.645790317370725,40.85855058396669,40.16708563552181,40.17594909667969,1869000,0.15,0.0
2011-01-31 00:00:00-05:00,40.193683272046975,40.548282623291016,39.989789828680166,40.548282623291016,1563700,0.0,0.0
2011-02-01 00:00:00-05:00,40.68125605867861,41.05358572677555,40.41530822815802,41.00925827026367,2108000,0.0,0.0
2011-02-02 00:00:00-05:00,40.98266081081591,41.31066299286101,40.902876130674144,41.10676956176758,1702500,0.0,0.0
2011-02-03 00:00:00-05:00,41.07131825573909,41.2840751789855,40.76104295191511,40.92061233520508,1764500,0.0,0.0
2011-02-04 00:00:00-05:00,41.541138301467456,42.77336527825468,41.239729996362705,42.693580627441406,5210100,0.0,0.0
2011-02-07 00:00:00-05:00,42.39218204253741,43.207759035824026,42.374451740323636,43.172298431396484,2528500,0.0,0.0
2011-02-08 00:00:00-05:00,43.323011313119565,43.70420444782252,43.323011313119565,43.606689453125,2578600,0.0,0.0
2011-02-09 00:00:00-05:00,43.50030611505857,43.67760577809544,43.35846706097104,43.63328170776367,1677400,0.0,0.0
2011-02-10 00:00:00-05:00,43.420501446861245,44.129696390816314,43.296392754382644,43.97012710571289,2379300,0.0,0.0
2011-02-11 00:00:00-05:00,43.713076098952975,44.36021713836211,43.713076098952975,44.22724151611328,2021600,0.0,0.0
2011-02-14 00:00:00-05:00,44.10310854339978,45.149172493960826,43.95240607712491,45.09598159790039,3570900,0.0,0.0
2011-02-15 00:00:00-05:00,44.80345011411978,46.08886831101249,44.7325289035585,45.49491500854492,3709600,0.0,0.0
2011-02-16 00:00:00-05:00,45.52151346288615,46.15979089687769,45.49491969703976,45.92043685913086,2223300,0.0,0.0
2011-02-17 00:00:00-05:00,45.19351326553541,46.08887508098882,44.9896198277861,46.026817321777344,1843100,0.0,0.0
2011-02-18 00:00:00-05:00,46.04455238949477,46.9753749117143,45.69881985573794,46.922183990478516,2493100,0.0,0.0
2011-02-22 00:00:00-05:00,46.35480989967336,47.02854440152687,46.186373737928236,46.31048583984375,3238000,0.0,0.0
2011-02-23 00:00:00-05:00,45.91157474083802,46.50552474018113,45.75200537767213,46.071144104003906,3089600,0.0,0.0
2011-02-24 00:00:00-05:00,46.11546884800092,46.4346075789859,45.81406042226065,46.026817321777344,2591100,0.0,0.0
2011-02-25 00:00:00-05:00,46.28389507993402,46.585303462724426,45.99135353935744,46.5321159362793,2499600,0.0,0.0
2011-02-28 00:00:00-05:00,46.532112650434684,46.98422350183995,46.310488954671285,46.66508483886719,2521700,0.0,0.0
2011-03-01 00:00:00-05:00,46.842388225473144,46.93103635819851,45.85837839635785,46.00021743774414,2562300,0.0,0.0
2011-03-02 00:00:00-05:00,45.95588348329248,46.03566813826226,45.20236437212914,45.22895812988281,3019100,0.0,0.0
2011-03-03 00:00:00-05:00,45.64562421746738,46.1509260435673,45.556972697803545,46.0445442199707,2251400,0.0,0.0
2011-03-04 00:00:00-05:00,45.92929758366782,46.07113661880285,45.21123556608522,45.619022369384766,1891000,0.0,0.0
2011-03-07 00:00:00-05:00,45.707681985764374,46.00909041159209,45.25556765616782,45.36194610595703,1576300,0.0,0.0
2011-03-08 00:00:00-05:00,45.56584189065378,46.01795282827273,45.36194507576596,45.77859878540039,1408500,0.0,0.0
2011-03-09 00:00:00-05:00,45.45945809046061,45.725409269927106,45.18464683151949,45.397403717041016,1264300,0.0,0.0
2011-03-10 00:00:00-05:00,45.20237301286878,45.20237301286878,43.75738548851193,44.244956970214844,4198400,0.0,0.0
2011-03-11 00:00:00-05:00,44.73253709271028,46.16866143410117,44.26269582271144,45.43286895751953,4201300,0.0,0.0
2011-03-14 00:00:00-04:00,45.41513594410308,46.15979183837836,45.22897281596172,46.05341339111328,4235100,0.0,0.0
2011-03-15 00:00:00-04:00,45.353084943845595,46.78034246258484,45.26443679481128,46.425743103027344,4672400,0.0,0.0
2011-03-16 00:00:00-04:00,46.10660072724289,46.43460629261854,45.33535106986824,45.58356857299805,3192700,0.0,0.0
2011-03-17 00:00:00-04:00,46.19524233698959,46.212972637938,45.65447999404492,45.92929458618164,1806900,0.0,0.0
2011-03-18 00:00:00-04:00,46.452337206932434,46.53212188851538,45.94703535081042,46.071144104003906,2339100,0.0,0.0
2011-03-21 00:00:00-04:00,46.29277761097317,46.45234700780624,46.026826361777644,46.275047302246094,1436600,0.0,0.0
2011-03-22 00:00:00-04:00,46.34595695766145,46.34595695766145,45.73427663247055,45.769737243652344,1268900,0.0,0.0
2011-03-23 00:00:00-04:00,45.64563177667843,45.8938493094242,45.193517405794054,45.65449523925781,1346200,0.0,0.0
2011-03-24 00:00:00-04:00,45.98249919087608,46.212989807128906,45.743145111710625,46.212989807128906,1173000,0.0,0.0
2011-03-25 00:00:00-04:00,46.23071109582347,46.65622824853617,46.080005202026,46.33708953857422,995400,0.0,0.0
2011-03-28 00:00:00-04:00,46.3636933408282,46.700562427793635,46.2750451829633,46.46120834350586,1928000,0.0,0.0
2011-03-29 00:00:00-04:00,46.2307121306085,46.603038379424774,46.10659999929328,46.58530807495117,1682800,0.0,0.0
2011-03-30 00:00:00-04:00,46.77147312703112,47.134935929445504,46.48779500718136,46.576446533203125,2304200,0.0,0.0
2011-03-31 00:00:00-04:00,46.48779464383951,47.0640177224925,46.48779464383951,46.94877243041992,2691000,0.0,0.0
2011-04-01 00:00:00-04:00,47.16153916025957,47.86187108845455,47.16153916025957,47.65797424316406,1952500,0.0,0.0
2011-04-04 00:00:00-04:00,47.657971241499624,48.039164374269774,47.560459629006694,47.69343185424805,1849500,0.0,0.0
2011-04-05 00:00:00-04:00,47.48952811251768,47.87958462309452,47.27677124555193,47.37428283691406,1542400,0.0,0.0
2011-04-06 00:00:00-04:00,47.560455322265625,47.62250969810108,47.20585599031174,47.560455322265625,1397500,0.0,0.0
2011-04-07 00:00:00-04:00,47.44521503587746,48.38490099746124,47.32110627111757,48.02143478393555,2135800,0.0,0.0
2011-04-08 00:00:00-04:00,48.21647213149371,48.3139871420284,46.975380912835014,47.22359848022461,1957800,0.0,0.0
2011-04-11 00:00:00-04:00,47.25904162983444,47.427474433772616,46.77146675739069,47.31222915649414,1487700,0.0,0.0
2011-04-12 00:00:00-04:00,46.7626015980082,46.780331900153804,46.150921391677116,46.28389358520508,2086000,0.0,0.0
2011-04-13 00:00:00-04:00,46.532115913472616,46.68281841393922,46.35481626808701,46.549842834472656,1461500,0.0,0.0
2011-04-14 00:00:00-04:00,46.26615839830514,46.399133959502976,45.94702313850652,46.31048583984375,1433300,0.0,0.0
2011-04-15 00:00:00-04:00,46.32823013563262,46.77147766360416,45.99136444920565,46.51439666748047,1513000,0.0,0.0
2011-04-18 00:00:00-04:00,45.97363593411378,46.0268234752488,45.521521544203814,45.645633697509766,2584000,0.0,0.0
2011-04-19 00:00:00-04:00,45.79633270729993,45.902711163075146,45.441733345769045,45.56584548950195,1918100,0.0,0.0
2011-04-20 00:00:00-04:00,46.03567804351808,46.45233170708822,45.96475683197019,46.00021743774414,2603300,0.0,0.0
2011-04-21 00:00:00-04:00,46.27503926560877,46.42574179105032,46.14206366410503,46.25730895996094,1674100,0.0,0.0
2011-04-25 00:00:00-04:00,46.1775242754007,46.41687832908142,46.01795490628022,46.25730895996094,1029400,0.0,0.0
2011-04-26 00:00:00-04:00,46.48779483733119,46.89558509212149,46.4346073036224,46.753746032714844,1600000,0.0,0.0
2011-04-27 00:00:00-04:00,46.780348518105434,46.86013321524816,46.07115308889818,46.72715759277344,1185700,0.0,0.0
2011-04-28 00:00:00-04:00,46.82495031182838,47.43837980028692,46.65603676399748,47.36725616455078,1987800,0.15,0.0
2011-04-29 00:00:00-04:00,46.913845299480535,47.19833300174766,46.17595299016455,46.380428314208984,3247100,0.0,0.0
2011-05-02 00:00:00-04:00,47.51838097078355,47.51838097078355,46.682695405084175,46.744930267333984,2475100,0.0,0.0
2011-05-03 00:00:00-04:00,46.74492604528117,47.02052156536584,46.54044735498798,46.958290100097656,2229400,0.0,0.0
2011-05-04 00:00:00-04:00,46.86939218403934,47.11831806215112,46.5315617842014,46.97607421875,2062200,0.0,0.0
2011-05-05 00:00:00-04:00,46.816057280905525,46.931631482749374,46.282643627006905,46.45155715942383,2014800,0.0,0.0
2011-05-06 00:00:00-04:00,46.762713406297486,47.2250068109163,46.5849111202882,46.691593170166016,1687700,0.0,0.0
2011-05-09 00:00:00-04:00,46.59378295196463,46.922721131222204,46.362638029303625,46.736026763916016,1396500,0.0,0.0
2011-05-10 00:00:00-04:00,46.78939503160356,47.43838299020876,46.40711394221995,47.180564880371094,1666400,0.0,0.0
2011-05-11 00:00:00-04:00,46.99385985290109,47.33169028674075,46.700479988717966,46.84272384643555,1656400,0.0,0.0
2011-05-12 00:00:00-04:00,46.78938419083855,47.25167757301475,46.59379761608987,47.17166519165039,1675900,0.0,0.0
2011-05-13 00:00:00-04:00,47.11831806215112,47.26056190555224,46.798268566658415,46.97607421875,1333200,0.0,0.0
2011-05-16 00:00:00-04:00,46.7360322216371,47.4116929508282,46.700470416656444,47.21610641479492,1611400,0.0,0.0
2011-05-17 00:00:00-04:00,47.06498682549312,47.18945318625976,46.22041570699824,46.55824279785156,2031700,0.0,0.0
2011-05-18 00:00:00-04:00,46.5137854030528,46.896066405248064,46.43377302139888,46.64714050292969,1676400,0.0,0.0
2011-05-19 00:00:00-04:00,46.727171117251935,46.89608470382549,46.50491479164138,46.77162170410156,1492500,0.0,0.0
2011-05-20 00:00:00-04:00,46.673817854667696,46.842731403156314,46.371549184335386,46.433780670166016,1361000,0.0,0.0
2011-05-23 00:00:00-04:00,45.88257657969575,46.22929575524232,45.76700239072659,46.078163146972656,1983400,0.0,0.0
2011-05-24 00:00:00-04:00,46.08705417642953,46.202628371097454,45.42917421219798,45.59809112548828,2599600,0.0,0.0
2011-05-25 00:00:00-04:00,45.39361017477938,46.060378813937575,45.29581689841847,45.95369338989258,2438500,0.0,0.0
2011-05-26 00:00:00-04:00,45.767002263985844,46.220406870261094,45.767002263985844,46.17595291137695,2777200,0.0,0.0
2011-05-27 00:00:00-04:00,46.229299029127226,46.229299029127226,45.63365391948991,45.669212341308594,1929500,0.0,0.0
2011-05-31 00:00:00-04:00,46.02482139928199,46.371540582123075,45.8647966392998,46.36265182495117,2908900,0.0,0.0
2011-06-01 00:00:00-04:00,46.202618618968,46.380420860791126,45.75810623168945,45.75810623168945,2004700,0.0,0.0
2011-06-02 00:00:00-04:00,45.78478822918813,45.971482668234806,45.46473868147309,45.838130950927734,1627700,0.0,0.0
2011-06-03 00:00:00-04:00,45.33138069526249,46.05148868667589,45.260257076112076,45.793670654296875,1505800,0.0,0.0
2011-06-06 00:00:00-04:00,45.63364651207307,46.33597355588455,45.45584086639701,45.7758903503418,2210000,0.0,0.0
2011-06-07 00:00:00-04:00,45.89146033065152,46.664914367041774,45.80255920505658,45.900352478027344,2642200,0.0,0.0
2011-06-08 00:00:00-04:00,45.74922484930429,45.74922484930429,44.913542585479256,44.94021224975586,1636200,0.0,0.0
2011-06-09 00:00:00-04:00,45.171348659091414,45.60696888637561,45.01132393316979,45.16245651245117,2272200,0.0,0.0
2011-06-10 00:00:00-04:00,45.00243235002049,45.06466381184031,44.56681211728174,44.62904357910156,2090000,0.0,0.0
2011-06-13 00:00:00-04:00,44.64683479285817,45.073566368763395,44.575711167860085,44.86909103393555,1918100,0.0,0.0
2011-06-14 00:00:00-04:00,45.251374179935844,45.606982147660474,45.251374179935844,45.33138656616211,1756200,0.0,0.0
2011-06-15 00:00:00-04:00,45.00243861939471,45.22469484010281,44.389012671130246,44.557926177978516,1571900,0.0,0.0
2011-06-16 00:00:00-04:00,44.53125725373261,44.78907528794755,43.98006276683514,44.015621185302734,1965100,0.0,0.0
2011-06-17 00:00:00-04:00,44.36234396069663,44.45124509434096,43.72224494610264,43.908939361572266,3303200,0.0,0.0
2011-06-20 00:00:00-04:00,43.71335070843727,44.620156471980096,43.70446195204206,44.07785415649414,2104700,0.0,0.0
2011-06-21 00:00:00-04:00,44.317878584195626,44.86018417724153,44.317878584195626,44.6379280090332,2053100,0.0,0.0
2011-06-22 00:00:00-04:00,44.57569879582183,44.673492057371014,44.05117407680725,44.06006622314453,1294000,0.0,0.0
2011-06-23 00:00:00-04:00,43.713360626309694,43.89116631680149,43.41998411965549,43.80226516723633,1806100,0.0,0.0
2011-06-24 00:00:00-04:00,43.90005940018816,44.06008418589784,43.25996025734945,43.66891098022461,2055800,0.0,0.0
2011-06-27 00:00:00-04:00,43.59778541363267,44.11341813356349,43.59778541363267,43.82004165649414,1469200,0.0,0.0
2011-06-28 00:00:00-04:00,44.05119119026279,44.38902166376011,43.98895970716611,44.21121597290039,1506300,0.0,0.0
2011-06-29 00:00:00-04:00,44.39790941013489,45.09135124954458,44.291227354595485,45.06467819213867,2278000,0.0,0.0
2011-06-30 00:00:00-04:00,45.10023541866619,45.660322088139786,44.86019827460608,45.60697937011719,1853500,0.0,0.0
2011-07-01 00:00:00-04:00,45.66920890200206,45.98925841379579,45.358051538514225,45.97147750854492,1896900,0.0,0.0
2011-07-05 00:00:00-04:00,45.749219487991944,46.04259932609838,45.46473179784309,45.81145095825195,1780300,0.0,0.0
2011-07-06 00:00:00-04:00,45.7314288600734,45.78477156239494,45.34025921712897,45.766990661621094,1750500,0.0,0.0
2011-07-07 00:00:00-04:00,46.14039461994968,46.38042836351198,46.015928282634704,46.078163146972656,1469900,0.0,0.0
2011-07-08 00:00:00-04:00,45.61587077182322,45.998151766322536,45.5803089603905,45.935916900634766,1265700,0.0,0.0
2011-07-11 00:00:00-04:00,45.34915381525576,45.60697182265732,45.01132683110251,45.08244705200195,1133600,0.0,0.0
2011-07-12 00:00:00-04:00,45.038001275493365,45.9981497948594,45.038001275493365,45.58030700683594,1666900,0.0,0.0
2011-07-13 00:00:00-04:00,45.58031100521294,45.79367510065924,44.9224310296377,45.0557861328125,1334700,0.0,0.0
2011-07-14 00:00:00-04:00,45.24247878374888,45.340272070047135,44.61127188846506,44.68239212036133,1244300,0.0,0.0
2011-07-15 00:00:00-04:00,44.86019581206322,44.86019581206322,44.07785633884362,44.3267822265625,1799100,0.0,0.0
2011-07-18 00:00:00-04:00,44.22009392524568,44.27343324142527,43.304396098291534,43.45553207397461,1367700,0.0,0.0
2011-07-19 00:00:00-04:00,42.84210842805451,43.60667037963867,42.81543876646556,43.60667037963867,2457400,0.0,0.0
2011-07-20 00:00:00-04:00,43.68667247521257,44.23786683029302,43.35773429136649,44.09562301635742,1844900,0.0,0.0
2011-07-21 00:00:00-04:00,44.486804756204144,45.118011592138025,44.30899910614033,44.806854248046875,1751300,0.0,0.0
2011-07-22 00:00:00-04:00,45.224694321080364,45.224694321080364,44.45124363147373,44.780181884765625,1363500,0.0,0.0
2011-07-25 00:00:00-04:00,44.46903114011796,44.93132454950515,44.32678727502661,44.709068298339844,1448300,0.0,0.0
2011-07-26 00:00:00-04:00,44.611273268472225,45.12690598759407,44.611273268472225,44.96688461303711,1395000,0.0,0.0
2011-07-27 00:00:00-04:00,44.72686099695932,45.28694445577335,44.37124954479873,44.38903045654297,2355900,0.0,0.0
2011-07-28 00:00:00-04:00,44.45143508646435,44.71003001657796,43.889664116110204,44.04125213623047,1781600,0.15,0.0
2011-07-29 00:00:00-04:00,42.80177565758541,43.50622236499559,42.54318077994174,42.90877914428711,3778600,0.0,0.0
2011-08-01 00:00:00-04:00,43.35464218879537,43.47948018916968,42.42727272819459,42.66802978515625,2145700,0.0,0.0
2011-08-02 00:00:00-04:00,42.30241760454307,42.70368490528684,41.97248822463343,41.981407165527344,2471000,0.0,0.0
2011-08-03 00:00:00-04:00,41.93682301729373,42.355924835752965,41.526640140526595,42.31134033203125,2566800,0.0,0.0
2011-08-04 00:00:00-04:00,41.87440166501435,42.09732757260269,41.02728253586278,41.03620147705078,3553500,0.0,0.0
2011-08-05 00:00:00-04:00,41.51772274639574,41.5444727671183,39.716480983522125,40.0285758972168,6057500,0.0,0.0
2011-08-08 00:00:00-04:00,39.26172789400965,39.98400939284266,37.23755930979653,37.264312744140625,6135900,0.0,0.0
2011-08-09 00:00:00-04:00,38.00440844148511,40.58143143426783,37.415884171166496,40.519012451171875,5983400,0.0,0.0
2011-08-10 00:00:00-04:00,39.68972167294562,40.16232684559938,38.57509228714355,38.66426467895508,5225600,0.0,0.0
2011-08-11 00:00:00-04:00,38.89612243907215,41.07188209144571,38.56619295467696,40.61711120605469,4016400,0.0,0.0
2011-08-12 00:00:00-04:00,40.87570663183369,41.25022063450754,40.04642173839254,40.5279426574707,1953000,0.0,0.0
2011-08-15 00:00:00-04:00,40.92029110281038,41.34830856323242,40.670615101292626,41.34830856323242,1922200,0.0,0.0
2011-08-16 00:00:00-04:00,41.045116245747096,41.303711110071674,40.527929918677266,41.05403518676758,2092500,0.0,0.0
2011-08-17 00:00:00-04:00,41.25913798659087,41.72282440171304,40.92920851102365,41.383975982666016,1634200,0.0,0.0
2011-08-18 00:00:00-04:00,40.198016934996566,40.22476696581343,39.19930603114446,39.45790100097656,3133900,0.0,0.0
2011-08-19 00:00:00-04:00,39.00312457599333,40.260426761416426,38.95853666602418,39.484642028808594,2773300,0.0,0.0
2011-08-22 00:00:00-04:00,40.33175294583166,40.33175294583166,38.503761267630075,38.83369064331055,3063200,0.0,0.0
2011-08-23 00:00:00-04:00,39.012033599369374,40.55468046265206,38.93178013704464,40.5457649230957,2821400,0.0,0.0
2011-08-24 00:00:00-04:00,40.45660000862928,40.97378983969982,39.89482906994508,40.465518951416016,3101500,0.0,0.0
2011-08-25 00:00:00-04:00,40.66168182737704,40.857857703192956,39.654059232600694,40.26041793823242,2579000,0.0,0.0
2011-08-26 00:00:00-04:00,40.18908159306503,41.33938007099493,39.96615568966371,41.05403518676758,2396900,0.0,0.0
2011-08-29 00:00:00-04:00,41.52664862767932,42.04383850097656,41.33047268931413,42.04383850097656,1930000,0.0,0.0
2011-08-30 00:00:00-04:00,41.8565890177294,41.945761468227104,41.16106091175321,41.642581939697266,1292700,0.0,0.0
2011-08-31 00:00:00-04:00,42.052748218241454,42.12408615015889,41.23238241066982,41.669315338134766,2381900,0.0,0.0
2011-09-01 00:00:00-04:00,41.74064553745533,42.159743904301514,41.11645235513093,41.169952392578125,2416800,0.0,0.0
2011-09-02 00:00:00-04:00,40.688448629400014,40.87570562612968,39.9750862121582,39.9750862121582,2173900,0.0,0.0
2011-09-06 00:00:00-04:00,38.869364607163504,39.600561372575605,38.869364607163504,39.55597686767578,2294500,0.0,0.0
2011-09-07 00:00:00-04:00,40.126671046256995,40.81328338123811,40.064252052311446,40.78653335571289,1370500,0.0,0.0
2011-09-08 00:00:00-04:00,40.47443399297537,40.82219792260491,40.064251070929245,40.14450454711914,1820200,0.0,0.0
2011-09-09 00:00:00-04:00,39.69866212067984,39.75216558475362,38.7088701455899,38.86937713623047,2696500,0.0,0.0
2011-09-12 00:00:00-04:00,38.53051765545669,38.798028096213415,37.834989829173246,38.69994354248047,2811800,0.0,0.0
2011-09-13 00:00:00-04:00,38.89611605262139,38.940700559152134,37.745820817177105,38.20058822631836,3220900,0.0,0.0
2011-09-14 00:00:00-04:00,38.54835364603317,38.619691580534266,37.88849475979777,38.254093170166016,2980100,0.0,0.0
2011-09-15 00:00:00-04:00,38.69993968228528,39.217126029283286,38.44134480799654,39.029869079589844,3082200,0.0,0.0
2011-09-16 00:00:00-04:00,39.22605758764989,39.34197665003324,38.414607143063684,39.2528076171875,2571500,0.0,0.0
2011-09-19 00:00:00-04:00,38.584018204844334,39.00312001820368,38.28083882101451,38.762359619140625,1842800,0.0,0.0
2011-09-20 00:00:00-04:00,38.99420657288335,39.26171703124381,38.378932178496285,38.396766662597656,1650900,0.0,0.0
2011-09-21 00:00:00-04:00,38.378935511416366,38.5216079950373,36.67578125,36.67578125,2909100,0.0,0.0
2011-09-22 00:00:00-04:00,36.25667378761757,36.56876873473991,35.38280453409522,36.05158233642578,4355700,0.0,0.0
2011-09-23 00:00:00-04:00,35.944581256917445,36.354764186876125,35.56114835234475,35.66815185546875,3106900,0.0,0.0
2011-09-26 00:00:00-04:00,36.14966913717362,36.37259506416421,35.43630685111966,36.32801055908203,3455300,0.0,0.0
2011-09-27 00:00:00-04:00,36.95218455720967,37.62988098897937,36.51525183291706,36.747093200683594,2942100,0.0,0.0
2011-09-28 00:00:00-04:00,36.69360646106786,36.77385992541875,35.65923036586723,35.712730407714844,3034400,0.0,0.0
2011-09-29 00:00:00-04:00,36.48850772718654,37.71014404296875,36.43500769105942,37.71014404296875,4576500,0.0,0.0
2011-09-30 00:00:00-04:00,37.094878848512906,37.88849813339173,36.89870631432757,37.4337272644043,4631200,0.0,0.0
2011-10-03 00:00:00-04:00,37.12163497552362,37.82607848396247,36.221012115478516,36.221012115478516,3994000,0.0,0.0
2011-10-04 00:00:00-04:00,35.72164741616137,37.719061573912214,35.57897497632202,37.58530807495117,4500000,0.0,0.0
2011-10-05 00:00:00-04:00,37.5496351479204,38.71776456271242,37.13053341197453,38.58401107788086,4956900,0.0,0.0
2011-10-06 00:00:00-04:00,38.36109773995716,39.243882593753185,38.07575279715642,39.217132568359375,3354900,0.0,0.0
2011-10-07 00:00:00-04:00,39.493567180439754,39.52923615339081,38.44135628944695,38.61077880859375,3132500,0.0,0.0
2011-10-10 00:00:00-04:00,39.359795047757686,39.698643356904974,39.13686915518853,39.600555419921875,3005700,0.0,0.0
2011-10-11 00:00:00-04:00,39.19039136574117,39.67191234071282,38.96746536639291,39.520320892333984,1908300,0.0,0.0
2011-10-12 00:00:00-04:00,39.76105108816041,40.37632515305059,39.582709744233654,40.01072692871094,2970400,0.0,0.0
2011-10-13 00:00:00-04:00,39.86806088839493,40.037486722840065,39.48462812839002,39.87697982788086,1760400,0.0,0.0
2011-10-14 00:00:00-04:00,40.26042270460755,40.30500720850423,39.79673638060698,40.23366928100586,1805600,0.0,0.0
2011-10-17 00:00:00-04:00,40.07316741982044,40.07316741982044,39.56489652756541,39.627315521240234,2878600,0.0,0.0
2011-10-18 00:00:00-04:00,39.75215836620945,41.3037211252143,39.63623591589018,41.00054168701172,2497500,0.0,0.0
2011-10-19 00:00:00-04:00,40.84002881542432,42.13299986187177,40.6884408190499,41.54447555541992,3607200,0.0,0.0
2011-10-20 00:00:00-04:00,41.49099190594901,42.30244252477409,41.214565803823255,42.1865234375,4556200,0.0,0.0
2011-10-21 00:00:00-04:00,42.614533701187426,43.98775863647461,42.614533701187426,43.98775863647461,4326700,0.0,0.0
2011-10-24 00:00:00-04:00,43.94315474712232,44.8259428565866,43.94315474712232,44.745689392089844,2991000,0.0,0.0
2011-10-25 00:00:00-04:00,43.66673155415112,44.308755909144416,43.04253827988068,43.77373504638672,3689400,0.0,0.0
2011-10-26 00:00:00-04:00,44.34443342538154,44.8170353920094,43.666739975092895,44.33551788330078,3162500,0.0,0.0
2011-10-27 00:00:00-04:00,45.155871396042116,45.57497319173431,44.4157591500442,45.42338180541992,3468800,0.0,0.0
2011-10-28 00:00:00-04:00,44.081892267088335,44.591664323749,40.9874856115206,42.919254302978516,7038100,0.15,0.0
2011-10-31 00:00:00-04:00,42.141172709782694,42.37370231878458,41.640346004165195,41.69400405883789,5234000,0.0,0.0
2011-11-01 00:00:00-04:00,40.48664360233342,41.37203547934266,40.46875644975614,40.746002197265625,5526500,0.0,0.0
2011-11-02 00:00:00-04:00,41.48830194556577,42.29320678601434,41.38992430821921,41.9533576965332,4248700,0.0,0.0
2011-11-03 00:00:00-04:00,42.31109600921965,42.45418983100796,41.50619112939429,42.30215072631836,2283400,0.0,0.0
2011-11-04 00:00:00-04:00,41.83709454373019,42.6419994156893,41.80132364735206,42.40052795410156,2979900,0.0,0.0
2011-11-07 00:00:00-05:00,42.25742631166223,42.45418155763764,41.82814492995465,42.409461975097656,2266800,0.0,0.0
2011-11-08 00:00:00-05:00,42.794046329333206,43.276989379152894,42.41842623166901,43.19649887084961,2312500,0.0,0.0
2011-11-09 00:00:00-05:00,42.23955039996317,42.84770003877011,42.16800518978792,42.481021881103516,3568900,0.0,0.0
2011-11-10 00:00:00-05:00,42.94607038409683,42.94607038409683,42.11433656105282,42.38263702392578,2698100,0.0,0.0
2011-11-11 00:00:00-05:00,42.9103084049828,43.35747710875914,42.81193074429177,43.00868606567383,1733100,0.0,0.0
2011-11-14 00:00:00-05:00,42.84768878812241,42.919237391136996,42.26636832931701,42.43629455566406,1172500,0.0,0.0
2011-11-15 00:00:00-05:00,42.39157470866905,42.65092984304439,42.23059377747063,42.364742279052734,1673600,0.0,0.0
2011-11-16 00:00:00-05:00,41.962305215683074,42.31109963457716,41.550910869245264,41.58668518066406,1863400,0.0,0.0
2011-11-17 00:00:00-05:00,41.58668152059329,41.88181444638434,41.31838103181785,41.515132904052734,2761800,0.0,0.0
2011-11-18 00:00:00-05:00,41.44358672192925,41.45252859297307,40.906985757031016,40.94275665283203,2839700,0.0,0.0
2011-11-21 00:00:00-05:00,40.37037033042454,40.62078359061776,39.780108065951396,40.0662956237793,2362600,0.0,0.0
2011-11-22 00:00:00-05:00,39.8874345857482,40.012644649564116,39.30611749891719,39.35977554321289,2525400,0.0,0.0
2011-11-23 00:00:00-05:00,39.127262465667286,39.4134501696289,38.85896191965659,39.064659118652344,2519600,0.0,0.0
2011-11-25 00:00:00-05:00,38.83211571089214,39.67279477843101,38.787399537680045,39.5565299987793,1163700,0.0,0.0
2011-11-28 00:00:00-05:00,40.20940130315123,40.21834658601976,39.64597130096258,39.96792984008789,1654100,0.0,0.0
2011-11-29 00:00:00-05:00,39.95898518934562,40.07524997716868,39.68173943734464,39.762229919433594,1114300,0.0,0.0
2011-11-30 00:00:00-05:00,39.91427035320188,41.1931728273209,39.9053250706552,41.1126823425293,3475400,0.0,0.0
2011-12-01 00:00:00-05:00,40.92488054306973,41.17529735100846,40.76390293945958,41.023258209228516,1073900,0.0,0.0
2011-12-02 00:00:00-05:00,41.416756646054615,41.63139566191628,41.12162373471276,41.14845275878906,1690600,0.0,0.0
2011-12-05 00:00:00-05:00,41.685060102975854,41.72977628350963,41.10373952115911,41.36309814453125,2083600,0.0,0.0
2011-12-06 00:00:00-05:00,41.36309444221138,41.4793592304933,41.18422632446048,41.30943298339844,1562200,0.0,0.0
2011-12-07 00:00:00-05:00,41.5419739832399,41.5419739832399,40.987485736201094,41.345218658447266,1939300,0.0,0.0
2011-12-08 00:00:00-05:00,40.9964257117618,41.31838771501964,40.88910618121798,40.96065139770508,3399300,0.0,0.0
2011-12-09 00:00:00-05:00,41.273665705579624,41.550908071341404,40.99641992819196,41.39887237548828,2477700,0.0,0.0
2011-12-12 00:00:00-05:00,40.987466968690306,41.11267360472766,40.316714208525944,40.54029846191406,1490700,0.0,0.0
2011-12-13 00:00:00-05:00,40.63867963899468,40.7907187314251,39.672797272710866,39.80694580078125,3365300,0.0,0.0
2011-12-14 00:00:00-05:00,39.78907135248716,40.432991943190096,39.762238911305886,40.29884338378906,3111600,0.0,0.0
2011-12-15 00:00:00-05:00,40.68340780730556,40.73706586520068,40.3077843439084,40.43299102783203,1874000,0.0,0.0
2011-12-16 00:00:00-05:00,40.620795076303736,40.826495640053416,39.98581646605698,40.11996841430664,2638600,0.0,0.0
2011-12-19 00:00:00-05:00,40.11103215898973,40.28990032637029,39.744353951091526,39.869564056396484,1628300,0.0,0.0
2011-12-20 00:00:00-05:00,40.45087204659177,40.996418296589674,40.36143968925227,40.95170211791992,2700800,0.0,0.0
2011-12-21 00:00:00-05:00,41.00537291359495,41.47042882189284,40.96065672102582,41.4078254699707,2019800,0.0,0.0
2011-12-22 00:00:00-05:00,41.41675637770188,42.10539642141196,41.336265894368864,42.03384780883789,2272900,0.0,0.0
2011-12-23 00:00:00-05:00,42.06068133042193,42.194833287530784,41.72977749094634,41.90864562988281,1449800,0.0,0.0
2011-12-27 00:00:00-05:00,41.96230996538959,42.239555792827495,41.84604855755807,42.141178131103516,1522500,0.0,0.0
2011-12-28 00:00:00-05:00,42.123281246401056,42.23060416802266,41.7834355628098,41.810264587402344,1098100,0.0,0.0
2011-12-29 00:00:00-05:00,41.81026776212859,41.944419718529126,41.71189011565166,41.91758728027344,1232500,0.0,0.0
2011-12-30 00:00:00-05:00,41.98018713146148,42.05173574536843,41.81920616179652,41.85498046875,640500,0.0,0.0
2012-01-03 00:00:00-05:00,42.48103540603694,42.794052197009506,41.90865989590015,42.06069564819336,1793700,0.0,0.0
2012-01-04 00:00:00-05:00,41.81920886812897,41.83709602276327,41.2736660040992,41.354156494140625,1284800,0.0,0.0
2012-01-05 00:00:00-05:00,41.12162936709806,41.783440481841325,40.76389648778844,41.58668518066406,1525300,0.0,0.0
2012-01-06 00:00:00-05:00,41.56880340933675,41.67612294586806,41.02325703022722,41.26472854614258,1064400,0.0,0.0
2012-01-09 00:00:00-05:00,41.28260743433219,41.57774036520471,41.050081249823506,41.372039794921875,2141500,0.0,0.0
2012-01-10 00:00:00-05:00,41.62245481165749,41.95335862600609,41.434644815267134,41.80132293701172,1797600,0.0,0.0
2012-01-11 00:00:00-05:00,41.58668934397231,41.58668934397231,41.22001114428621,41.524085998535156,891500,0.0,0.0
2012-01-12 00:00:00-05:00,41.64927234919837,41.93545990618209,41.53300758804099,41.738704681396484,1861400,0.0,0.0
2012-01-13 00:00:00-05:00,41.31837408811455,41.4614678855224,40.87120554476185,41.38991928100586,1929800,0.0,0.0
2012-01-17 00:00:00-05:00,41.56879806518555,42.03385387920163,41.4704204145017,41.56879806518555,1826300,0.0,0.0
2012-01-18 00:00:00-05:00,41.47935623161508,42.015957134446964,41.16633619527537,41.98912811279297,1768300,0.0,0.0
2012-01-19 00:00:00-05:00,42.15905990624972,42.59728668571763,41.980191763372495,42.481021881103516,1652200,0.0,0.0
2012-01-20 00:00:00-05:00,42.47209167480469,42.65095645518381,42.203787680981996,42.47209167480469,2644900,0.0,0.0
2012-01-23 00:00:00-05:00,42.34686375255586,42.454186669624576,41.801320943104955,42.17694091796875,2183200,0.0,0.0
2012-01-24 00:00:00-05:00,41.88183085999598,42.391603011938244,41.854998412464646,42.06069564819336,1707000,0.0,0.0
2012-01-25 00:00:00-05:00,41.908646553197244,42.49890903655385,41.80132703212133,42.481021881103516,1863200,0.0,0.0
2012-01-26 00:00:00-05:00,42.668827574436975,42.722489035353185,42.284262300268445,42.615169525146484,2681800,0.0,0.0
2012-01-27 00:00:00-05:00,42.212718537676025,43.16965911443294,42.105399023807486,43.05339431762695,2417300,0.0,0.0
2012-01-30 00:00:00-05:00,42.542024336048975,43.09824898708204,42.38951344360674,43.03544998168945,1886800,0.15,0.0
2012-01-31 00:00:00-05:00,43.21489034851584,43.63654390858279,43.19695070204912,43.44814682006836,2697400,0.0,0.0
2012-02-01 00:00:00-05:00,43.82492965630283,44.372181133764414,43.806990014478444,44.291439056396484,2557500,0.0,0.0
2012-02-02 00:00:00-05:00,44.40806726199229,44.41703708290448,43.9774439901265,44.291439056396484,3811100,0.0,0.0
2012-02-03 00:00:00-05:00,42.29082813308271,44.14789224981599,41.501350525733336,43.11619186401367,8407500,0.0,0.0
2012-02-06 00:00:00-05:00,43.01751307884515,43.21487994307018,42.29083436946002,43.04442596435547,4518000,0.0,0.0
2012-02-07 00:00:00-05:00,42.577913848882154,43.20590737508386,42.47922871189896,43.08927917480469,5771100,0.0,0.0
2012-02-08 00:00:00-05:00,43.152072207153324,43.71726664466498,42.864990078767164,43.582698822021484,4143900,0.0,0.0
2012-02-09 00:00:00-05:00,43.58270879643629,43.771105844627414,43.32253948857824,43.6455078125,3034000,0.0,0.0
2012-02-10 00:00:00-05:00,43.340478956070285,43.95052942344382,43.22385075493697,43.564762115478516,3398300,0.0,0.0
2012-02-13 00:00:00-05:00,43.77111329379537,43.959510374048776,43.564773145571614,43.672428131103516,2879000,0.0,0.0
2012-02-14 00:00:00-05:00,43.448126840364466,43.56475502250904,43.23281353658133,43.32252883911133,2005300,0.0,0.0
2012-02-15 00:00:00-05:00,43.37636538148339,43.448137641349604,42.89191631654528,43.06237030029297,4776300,0.0,0.0
2012-02-16 00:00:00-05:00,43.152070546627925,43.484012025410806,42.58687955315418,42.66762161254883,3029600,0.0,0.0
2012-02-17 00:00:00-05:00,42.90984740940591,42.95470334816236,42.40745199738288,42.7214469909668,2837100,0.0,0.0
2012-02-21 00:00:00-05:00,42.44334589028173,42.7663107618485,42.30877462707854,42.694541931152344,2669900,0.0,0.0
2012-02-22 00:00:00-05:00,42.59585660770079,42.856025890198694,42.551000660926164,42.8291130065918,2035200,0.0,0.0
2012-02-23 00:00:00-05:00,42.76631175754034,43.24179438891633,42.65865679784498,43.21487808227539,1834600,0.0,0.0
2012-02-24 00:00:00-05:00,43.214888670906824,43.214888670906824,42.595868223122565,42.640724182128906,1413500,0.0,0.0
2012-02-27 00:00:00-05:00,42.398481276844706,42.83807771628493,42.21008426949416,42.70350646972656,1286200,0.0,0.0
2012-02-28 00:00:00-05:00,42.47921639253598,42.63173067517656,41.976824455104406,42.01271057128906,2150400,0.0,0.0
2012-02-29 00:00:00-05:00,42.16524312969457,42.515124386821356,41.9319900990401,41.994789123535156,2253600,0.0,0.0
2012-03-01 00:00:00-05:00,41.994773846853825,42.45230991920443,41.93197484520353,42.41642379760742,1496800,0.0,0.0
2012-03-02 00:00:00-05:00,42.425397039151136,42.53305198165323,42.26391291425353,42.41642379760742,1823800,0.0,0.0
2012-03-05 00:00:00-05:00,42.30877393412172,42.649685285640615,42.25494474526421,42.48820114135742,1512600,0.0,0.0
2012-03-06 00:00:00-05:00,42.18318663548198,42.52409807363448,42.021702450161854,42.2818717956543,2263200,0.0,0.0
2012-03-07 00:00:00-05:00,42.37157077985916,42.51511185386079,42.12037475592861,42.34465789794922,1409000,0.0,0.0
2012-03-08 00:00:00-05:00,42.55100230852918,42.667630512490604,42.27288995209485,42.631744384765625,1258400,0.0,0.0
2012-03-09 00:00:00-05:00,42.7573435831263,43.27768218255234,42.60483266954324,43.12516784667969,1599000,0.0,0.0
2012-03-12 00:00:00-04:00,43.26871128772735,43.42122563187803,43.00854197389311,43.241798400878906,1769400,0.0,0.0
2012-03-13 00:00:00-04:00,43.322532803742526,43.77109909057617,43.02647741173352,43.77109909057617,2316500,0.0,0.0
2012-03-14 00:00:00-04:00,43.663436367225174,43.977434790096595,43.60063736710866,43.95949172973633,1637300,0.0,0.0
2012-03-15 00:00:00-04:00,44.112013895404345,44.112013895404345,43.753162863253635,43.98641586303711,2373000,0.0,0.0
2012-03-16 00:00:00-04:00,43.96846937474035,44.22863866283863,43.833901531519814,43.932586669921875,3164800,0.0,0.0
2012-03-19 00:00:00-04:00,43.78903778974704,44.147888730085874,43.690352668909995,43.95949172973633,1854600,0.0,0.0
2012-03-20 00:00:00-04:00,43.72625733501461,43.959510374048776,43.49300087369016,43.672428131103516,1695200,0.0,0.0
2012-03-21 00:00:00-04:00,43.67241560313281,43.815956683428915,43.564760648483066,43.57373046875,1460400,0.0,0.0
2012-03-22 00:00:00-04:00,43.35842601882839,43.6455082155679,43.16105572521133,43.376365661621094,1417200,0.0,0.0
2012-03-23 00:00:00-04:00,43.32254181739008,43.78905126343329,43.29562550742324,43.65447998046875,1138300,0.0,0.0
2012-03-26 00:00:00-04:00,43.86977985022383,44.04023379021311,43.51092548759616,43.95949172973633,1793900,0.0,0.0
2012-03-27 00:00:00-04:00,43.94155963106879,44.040244776523906,43.61859130859375,43.61859130859375,1571500,0.0,0.0
2012-03-28 00:00:00-04:00,43.65447858319481,44.11201477050781,43.60962263107232,44.11201477050781,1667700,0.0,0.0
2012-03-29 00:00:00-04:00,43.6634441389019,43.986412438294316,43.54681935923532,43.932586669921875,1950200,0.0,0.0
2012-03-30 00:00:00-04:00,44.04024143631459,44.112010267927054,43.73521620181039,44.013328552246094,1449600,0.0,0.0
2012-04-02 00:00:00-04:00,43.96845613741397,44.28245452164047,43.72623340808369,44.156856536865234,1512700,0.0,0.0
2012-04-03 00:00:00-04:00,44.03127610726414,44.219673159540484,43.6903647110333,44.16584396362305,1612400,0.0,0.0
2012-04-04 00:00:00-04:00,43.83390486069112,44.04024497379898,43.50196671545585,43.6455078125,1663600,0.0,0.0
2012-04-05 00:00:00-04:00,43.47505080629535,43.64550821342525,43.28665375637362,43.43019485473633,1547900,0.0,0.0
2012-04-09 00:00:00-04:00,43.03546249436092,43.24180263240035,42.8380921787188,43.080318450927734,2424900,0.0,0.0
2012-04-10 00:00:00-04:00,43.03545684686665,43.09825586227717,42.3715771410116,42.380550384521484,1595600,0.0,0.0
2012-04-11 00:00:00-04:00,42.68556863253253,43.04441960135187,42.443342431877696,43.0085334777832,1587100,0.0,0.0
2012-04-12 00:00:00-04:00,43.03545371958141,43.51093292236328,42.829113623614006,43.51093292236328,1438600,0.0,0.0
2012-04-13 00:00:00-04:00,43.48402130830543,43.87875844834219,43.457105001235306,43.47504806518555,2904900,0.0,0.0
2012-04-16 00:00:00-04:00,43.69036524041722,43.762134080220285,43.4929949419516,43.52888107299805,1862700,0.0,0.0
2012-04-17 00:00:00-04:00,43.70829717676091,43.90566400268238,43.39429874349078,43.89669418334961,1786100,0.0,0.0
2012-04-18 00:00:00-04:00,43.73521638822109,44.004355496921484,43.56476241791171,43.824928283691406,2312300,0.0,0.0
2012-04-19 00:00:00-04:00,44.73102968706539,44.85662769705087,44.36320547684113,44.596458435058594,3164800,0.0,0.0
2012-04-20 00:00:00-04:00,44.5426324882206,44.77588544547522,44.363205293715225,44.67720031738281,2845200,0.0,0.0
2012-04-23 00:00:00-04:00,44.0402341723835,44.856624603271484,44.03126435326994,44.856624603271484,2692300,0.0,0.0
2012-04-24 00:00:00-04:00,44.85665080274058,45.412872314453125,44.72207948141602,45.412872314453125,2225000,0.0,0.0
2012-04-25 00:00:00-04:00,45.63713865789351,46.15747725709651,45.412855486986615,46.11262130737305,2418300,0.0,0.0
2012-04-26 00:00:00-04:00,45.87037870941767,46.63293984956746,45.50255457723073,46.62397003173828,2548300,0.0,0.0
2012-04-27 00:00:00-04:00,46.74815675111935,46.76615452823002,46.15424383736735,46.45119857788086,1825500,0.158,0.0
2012-04-30 00:00:00-04:00,46.36122381039675,46.66717922634476,46.16325164927576,46.61318588256836,1662800,0.0,0.0
2012-05-01 00:00:00-04:00,46.523197301804466,47.34207741439653,46.415214054189455,46.91014099121094,2532000,0.0,0.0
2012-05-02 00:00:00-04:00,46.69416714331943,46.703167748954996,46.32522126494242,46.50519561767578,1631000,0.0,0.0
2012-05-03 00:00:00-04:00,46.58619086420386,46.77516241807766,45.97428003313325,46.20824432373047,2638400,0.0,0.0
2012-05-04 00:00:00-04:00,44.99342459386363,44.99342459386363,43.48164525289174,43.54463577270508,6800300,0.0,0.0
2012-05-07 00:00:00-04:00,43.55364372651116,43.59863647214916,43.2206898567918,43.26568603515625,4219000,0.0,0.0
2012-05-08 00:00:00-04:00,43.19369337322961,43.499648838599036,42.94173126035819,43.184696197509766,4954400,0.0,0.0
2012-05-09 00:00:00-04:00,42.84275212867882,43.553649271536834,42.79775937731258,43.274688720703125,2865400,0.0,0.0
2012-05-10 00:00:00-04:00,43.2836684037112,43.59862440143133,43.013708571897865,43.33766174316406,3417100,0.0,0.0
2012-05-11 00:00:00-04:00,43.02271128061166,43.77860090626324,42.8787324677602,43.32866668701172,2196900,0.0,0.0
2012-05-14 00:00:00-04:00,43.06770158768229,43.274670904941246,42.8787300501057,43.040706634521484,2776800,0.0,0.0
2012-05-15 00:00:00-04:00,42.50978647103953,43.29267105000668,42.383802006379575,42.92372512817383,2458400,0.0,0.0
2012-05-16 00:00:00-04:00,43.01372457350307,43.12170785985433,41.942882021429945,41.99687194824219,3738900,0.0,0.0
2012-05-17 00:00:00-04:00,42.06884052878617,42.18582436200781,41.519920349121094,41.519920349121094,2525400,0.0,0.0
2012-05-18 00:00:00-04:00,41.46593623308025,41.65490776736261,41.06999195242149,41.123985290527344,2542200,0.0,0.0
2012-05-21 00:00:00-04:00,41.11498418765644,41.6639044372273,41.0969864085053,41.63690948486328,2069200,0.0,0.0
2012-05-22 00:00:00-04:00,41.74490789309273,42.149849489296344,41.510943544578765,41.69091796875,2237400,0.0,0.0
2012-05-23 00:00:00-04:00,41.45693675745304,42.167833614633324,41.24996743815856,42.122840881347656,2063500,0.0,0.0
2012-05-24 00:00:00-04:00,42.01484791811348,42.608760833740234,41.94286024216857,42.608760833740234,1976400,0.0,0.0
2012-05-25 00:00:00-04:00,42.72575606372081,42.833739322799296,42.545781676772734,42.64476776123047,1978300,0.0,0.0
2012-05-29 00:00:00-04:00,42.545779445992615,42.887730419992046,42.34781072018304,42.70775604248047,1770400,0.0,0.0
2012-05-30 00:00:00-04:00,42.60875329569657,42.64474884366344,41.708885192871094,41.708885192871094,2071900,0.0,0.0
2012-05-31 00:00:00-04:00,41.56491168739615,42.0778362962207,41.411935738287866,41.8438720703125,3166700,0.0,0.0
2012-06-01 00:00:00-04:00,41.24997073936313,41.53792837470705,40.575069387889734,40.59306716918945,3010900,0.0,0.0
2012-06-04 00:00:00-04:00,40.66506334189387,41.15999384903372,40.5300851030865,40.800045013427734,1827000,0.0,0.0
2012-06-05 00:00:00-04:00,40.71904627870862,41.11498715038887,40.566070293988616,40.95301055908203,1919800,0.0,0.0
2012-06-06 00:00:00-04:00,41.267958109797746,42.4197883605957,41.069985998170004,42.4197883605957,2700400,0.0,0.0
2012-06-07 00:00:00-04:00,42.83372906533002,42.90572017595978,41.843875323246486,41.933860778808594,2401100,0.0,0.0
2012-06-08 00:00:00-04:00,41.9518692582332,42.095848083496094,41.56492552170306,42.095848083496094,1498200,0.0,0.0
2012-06-11 00:00:00-04:00,42.38379743938672,42.44678794856643,41.456934147692124,41.46593475341797,1241200,0.0,0.0
2012-06-12 00:00:00-04:00,41.609912510043976,42.068843841552734,41.51992361866222,42.068843841552734,1118000,0.0,0.0
2012-06-13 00:00:00-04:00,41.888860046899744,42.0238416371757,41.51991425723316,41.618900299072266,1636600,0.0,0.0
2012-06-14 00:00:00-04:00,41.76288982490223,41.96086195960977,41.600913247909766,41.780887603759766,1772500,0.0,0.0
2012-06-15 00:00:00-04:00,41.94286369624117,42.2938117980957,41.87987318733011,42.2938117980957,2510000,0.0,0.0
2012-06-18 00:00:00-04:00,41.96086004241455,42.35680086101374,41.96086004241455,42.15882873535156,1258800,0.0,0.0
2012-06-19 00:00:00-04:00,42.311816587555384,42.56377866494819,42.005861165267326,42.40180206298828,1537800,0.0,0.0
2012-06-20 00:00:00-04:00,42.34780513404459,42.383797258618564,41.88887036029229,42.2938117980957,1110100,0.0,0.0
2012-06-21 00:00:00-04:00,42.39279804511256,42.40179521811311,41.420938590239345,41.46593475341797,1295500,0.0,0.0
2012-06-22 00:00:00-04:00,41.59191520417835,41.762888950657846,41.39394307361507,41.5559196472168,2296100,0.0,0.0
2012-06-25 00:00:00-04:00,41.15096579583385,41.267949604296184,40.62904410828317,40.872005462646484,1815200,0.0,0.0
2012-06-26 00:00:00-04:00,41.016010408438945,41.276969680668714,40.9080237102134,40.96201705932617,1565300,0.0,0.0
2012-06-27 00:00:00-04:00,41.51092748387129,41.51092748387129,40.926011689802195,41.46593475341797,1071700,0.0,0.0
2012-06-28 00:00:00-04:00,41.18698340198222,41.26797170772265,40.83603522134901,41.141990661621094,2584200,0.0,0.0
2012-06-29 00:00:00-04:00,41.85288317222884,42.095848083496094,41.48393721794731,42.095848083496094,2400700,0.0,0.0
2012-07-02 00:00:00-04:00,42.248821432827455,42.64476228710729,41.969860997230576,42.617767333984375,1863700,0.0,0.0
2012-07-03 00:00:00-04:00,42.52778833623874,42.94173049926758,42.48279559298434,42.94173049926758,629400,0.0,0.0
2012-07-05 00:00:00-04:00,42.860734841626915,43.43665009510961,42.716756028256235,43.256675720214844,1563700,0.0,0.0
2012-07-06 00:00:00-04:00,42.90571740222188,42.91471457410641,42.53677156590844,42.54576873779297,995400,0.0,0.0
2012-07-09 00:00:00-04:00,42.4737861518667,42.716751014548755,42.176827953235765,42.2938117980957,1169300,0.0,0.0
2012-07-10 00:00:00-04:00,42.30282177538721,42.51879175182782,41.96987135140399,42.04186248779297,1150700,0.0,0.0
2012-07-11 00:00:00-04:00,42.12283362587901,42.50077663965024,41.888865960732595,42.4197883605957,1092700,0.0,0.0
2012-07-12 00:00:00-04:00,42.06883482652598,42.617754931787154,41.843867795368084,42.41078567504883,1340400,0.0,0.0
2012-07-13 00:00:00-04:00,42.491775778413334,42.9507070313938,42.491775778413334,42.860721588134766,1346500,0.0,0.0
2012-07-16 00:00:00-04:00,42.671753347975844,42.8967204240813,42.59076849599403,42.65375900268555,1041300,0.0,0.0
2012-07-17 00:00:00-04:00,42.698758057719495,42.94172294783872,42.599771980331035,42.90572738647461,1206800,0.0,0.0
2012-07-18 00:00:00-04:00,42.77073751371528,43.22067164597056,42.57276882977596,43.031700134277344,1048900,0.0,0.0
2012-07-19 00:00:00-04:00,43.00471653512663,43.12169696882586,42.55478228411939,42.64476776123047,924000,0.0,0.0
2012-07-20 00:00:00-04:00,42.39280555186494,42.74375371736081,42.22182834005092,42.275821685791016,1447400,0.0,0.0
2012-07-23 00:00:00-04:00,41.708914229487625,42.15884859413248,41.5019448336782,41.99687194824219,1040300,0.0,0.0
2012-07-24 00:00:00-04:00,42.08684209786131,42.113837049219846,41.27695922985265,41.5559196472168,1142800,0.0,0.0
2012-07-25 00:00:00-04:00,41.62790357755072,42.14083163622254,41.29495328746983,41.519920349121094,870400,0.0,0.0
2012-07-26 00:00:00-04:00,42.1048423920394,42.22182281006596,41.65490820131291,41.82588195800781,2508000,0.0,0.0
2012-07-27 00:00:00-04:00,42.48278870911766,44.66047214356931,42.48278870911766,44.38151168823242,4251100,0.0,0.0
2012-07-30 00:00:00-04:00,44.388733512583904,45.065803908642295,44.1269355766975,44.96650314331055,2108800,0.158,0.0
2012-07-31 00:00:00-04:00,44.89427922343789,45.092887635315215,44.3345686780431,44.41581726074219,1782200,0.0,0.0
2012-08-01 00:00:00-04:00,44.71372604370117,45.08385770748,43.75680212667971,44.71372604370117,1760800,0.0,0.0
2012-08-02 00:00:00-04:00,44.307489068367495,44.659565128857466,44.00957643640942,44.551231384277344,1630800,0.0,0.0
2012-08-03 00:00:00-04:00,45.13801776731647,45.824114122126396,44.939409387137886,45.58037185668945,2811000,0.0,0.0
2012-08-06 00:00:00-04:00,45.571340325834754,45.78800431686809,45.31856853942695,45.43592834472656,1799700,0.0,0.0
2012-08-07 00:00:00-04:00,45.56232412876966,46.0407860979814,45.508157258313254,45.860233306884766,2028800,0.0,0.0
2012-08-08 00:00:00-04:00,45.77898613414873,46.58244246334816,45.526214285076954,46.311614990234375,3252400,0.0,0.0
2012-08-09 00:00:00-04:00,46.19425003426761,46.75396398623966,46.19425003426761,46.447025299072266,1482200,0.0,0.0
2012-08-10 00:00:00-04:00,46.438009088412365,46.85328162695511,46.24843016824038,46.79008865356445,1792600,0.0,0.0
2012-08-13 00:00:00-04:00,46.58244057846181,46.94354615717405,46.34772436292947,46.853271484375,1290500,0.0,0.0
2012-08-14 00:00:00-04:00,46.94354562225166,47.31367728652294,46.862297040155134,47.16020965576172,1671700,0.0,0.0
2012-08-15 00:00:00-04:00,47.1963233579815,47.62062194460915,47.10604867492636,47.39493179321289,1616100,0.0,0.0
2012-08-16 00:00:00-04:00,47.34979776555025,47.90048232449915,47.241467449550704,47.89145278930664,1561800,0.0,0.0
2012-08-17 00:00:00-04:00,48.07200489718643,48.16227958521761,47.891452077365464,48.108116149902344,1455900,0.0,0.0
2012-08-20 00:00:00-04:00,47.9907332787379,48.05392621879705,47.67476857844213,47.918514251708984,1332000,0.0,0.0
2012-08-21 00:00:00-04:00,47.92755615266091,48.06297160818706,47.42200902162245,47.51228713989258,1459900,0.0,0.0
2012-08-22 00:00:00-04:00,47.44909863261879,47.81923034287217,47.31368316438236,47.59354019165039,1022500,0.0,0.0
2012-08-23 00:00:00-04:00,47.42200706762462,47.67478234460743,47.05187540736338,47.06993103027344,1182600,0.0,0.0
2012-08-24 00:00:00-04:00,47.087997527832606,47.4761849006531,47.01577846327184,47.2775764465332,1303900,0.0,0.0
2012-08-27 00:00:00-04:00,47.34977902252855,47.34977902252855,46.99770305207742,47.10603332519531,1082600,0.0,0.0
2012-08-28 00:00:00-04:00,47.07896056360744,47.349788019742356,46.77202186165241,47.06993103027344,1309400,0.0,0.0
2012-08-29 00:00:00-04:00,47.17826567942814,47.28659942688973,46.93452335703522,46.961605072021484,1012300,0.0,0.0
2012-08-30 00:00:00-04:00,46.708824961086954,46.89840382000501,46.55535390118354,46.681739807128906,1047400,0.0,0.0
2012-08-31 00:00:00-04:00,46.844251028287715,47.0789707330619,46.58244960517754,46.90744400024414,1053800,0.0,0.0
2012-09-04 00:00:00-04:00,46.790074858652005,47.04284667769104,46.510217884888974,46.74493408203125,991300,0.0,0.0
2012-09-05 00:00:00-04:00,46.65466295458463,46.69980029087084,46.41994329588351,46.465084075927734,1298500,0.0,0.0
2012-09-06 00:00:00-04:00,46.74492796524601,47.142144707481464,46.528267418351504,47.09700393676758,1637800,0.0,0.0
2012-09-07 00:00:00-04:00,47.196327141690304,47.196327141690304,46.70883899284909,46.90744400024414,1930700,0.0,0.0
2012-09-10 00:00:00-04:00,46.78105732162844,47.02480311410033,46.57342278220985,46.63661575317383,1005400,0.0,0.0
2012-09-11 00:00:00-04:00,46.573415804107164,46.87132498776461,46.48314112875839,46.817161560058594,894300,0.0,0.0
2012-09-12 00:00:00-04:00,46.94354615717405,47.178262372706385,46.744937744506515,46.853271484375,939300,0.0,0.0
2012-09-13 00:00:00-04:00,46.772018225568644,47.65672301683615,46.69979573954305,47.45811462402344,1816200,0.0,0.0
2012-09-14 00:00:00-04:00,47.7470017814958,48.017829239837205,47.367844028569415,47.936580657958984,1791800,0.0,0.0
2012-09-17 00:00:00-04:00,47.92755946334368,48.072001018795355,47.449097456614666,47.62062072753906,1404000,0.0,0.0
2012-09-18 00:00:00-04:00,47.620614271660735,47.86436000914577,47.42200586843044,47.69283676147461,1296700,0.0,0.0
2012-09-19 00:00:00-04:00,47.64768701618331,47.75602073051575,47.403941324571136,47.530330657958984,976300,0.0,0.0
2012-09-20 00:00:00-04:00,47.19631903592388,47.52131337517409,46.97965843892913,47.503257751464844,925400,0.0,0.0
2012-09-21 00:00:00-04:00,47.61159332584884,47.719923628514834,47.5032595794246,47.55742645263672,1388400,0.0,0.0
2012-09-24 00:00:00-04:00,47.17825567831881,47.521305585042356,47.12409225982814,47.31367111206055,1319300,0.0,0.0
2012-09-25 00:00:00-04:00,47.403948785026266,47.593531093065984,46.84423828125,46.84423828125,1147300,0.0,0.0
2012-09-26 00:00:00-04:00,46.84422798378951,47.16019613189333,46.7088160149653,46.71784210205078,724900,0.0,0.0
2012-09-27 00:00:00-04:00,46.970622518140935,47.449087871979074,46.83521052437203,47.37686538696289,1180000,0.0,0.0
2012-09-28 00:00:00-04:00,47.16923390900317,47.35881277859489,46.79910225914217,47.205345153808594,1056300,0.0,0.0
2012-10-01 00:00:00-04:00,47.521320346423856,48.19839083793352,47.5032647200659,48.108116149902344,1660700,0.0,0.0
2012-10-02 00:00:00-04:00,48.1442177923249,48.270603707843506,47.819223470272526,47.96366500854492,1705900,0.0,0.0
2012-10-03 00:00:00-04:00,47.99978239175461,48.18936474663385,47.792147854276,48.108116149902344,1187800,0.0,0.0
2012-10-04 00:00:00-04:00,48.29766865955187,48.62266286882282,48.22544619359978,48.487247467041016,1301500,0.0,0.0
2012-10-05 00:00:00-04:00,48.703923600578314,49.0108622701177,48.667812358571894,48.86642074584961,1271600,0.0,0.0
2012-10-08 00:00:00-04:00,48.83934007223755,48.91156256287497,48.56851261986302,48.64976119995117,917700,0.0,0.0
2012-10-09 00:00:00-04:00,48.658790458489975,48.80323199519157,48.15324335815546,48.17129898071289,677200,0.0,0.0
2012-10-10 00:00:00-04:00,48.22546731028828,48.22546731028828,47.67478626317982,47.75603485107422,886300,0.0,0.0
2012-10-11 00:00:00-04:00,47.85532629504513,48.234487445925936,47.72894039267072,47.99074172973633,1115500,0.0,0.0
2012-10-12 00:00:00-04:00,48.83934181466051,48.929619931178095,47.91852913248721,48.01782989501953,1922300,0.0,0.0
2012-10-15 00:00:00-04:00,48.07200371696892,48.29769387526455,47.85533964975137,48.135196685791016,957100,0.0,0.0
2012-10-16 00:00:00-04:00,48.541433947678584,48.57754519525877,48.18935789316701,48.279632568359375,1421900,0.0,0.0
2012-10-17 00:00:00-04:00,48.55948652339653,48.929618178465084,48.424071075349886,48.84836959838867,930100,0.0,0.0
2012-10-18 00:00:00-04:00,48.767131090646195,49.01087688121853,48.2886690445738,48.39699935913086,1155500,0.0,0.0
2012-10-19 00:00:00-04:00,48.15324122437065,48.18935246788535,47.3407554640787,47.440059661865234,1484800,0.0,0.0
2012-10-22 00:00:00-04:00,47.44005834784995,47.5844998741502,47.14214920649967,47.57547378540039,1502000,0.0,0.0
2012-10-23 00:00:00-04:00,47.097019693171724,47.30465766540085,46.744943603862396,47.18729782104492,1030000,0.0,0.0
2012-10-24 00:00:00-04:00,47.30464921386376,47.41297950419865,46.87132116500852,47.01576614379883,1149400,0.0,0.0
2012-10-25 00:00:00-04:00,47.29562510381863,47.62964554617605,47.07896449830613,47.25951385498047,1480000,0.0,0.0
2012-10-26 00:00:00-04:00,47.611583050899924,48.803226454334734,47.503249327854945,48.604618072509766,2112700,0.0,0.0
2012-10-31 00:00:00-04:00,49.345253714132745,49.43579408250947,48.53943269234145,48.84727478027344,1957300,0.158,0.0
2012-11-01 00:00:00-04:00,48.83820388442896,49.6440281161357,48.51225658462313,49.61686325073242,1807800,0.0,0.0
2012-11-02 00:00:00-04:00,49.797964934118966,50.16918598910846,49.45390530021115,49.68931579589844,1954300,0.0,0.0
2012-11-05 00:00:00-05:00,49.444848346345644,50.051476390395706,49.38146940006858,49.87039566040039,1216500,0.0,0.0
2012-11-06 00:00:00-05:00,49.93377801930768,51.02933239856316,49.906613144837024,50.975006103515625,2289900,0.0,0.0
2012-11-07 00:00:00-05:00,50.44986472277643,50.67621910009844,49.57160863352104,50.24161911010742,2110900,0.0,0.0
2012-11-08 00:00:00-05:00,50.123912527379076,50.52229497741836,49.81607044429167,49.97904586791992,1556100,0.0,0.0
2012-11-09 00:00:00-05:00,49.80703142417034,50.65812636266248,49.72554368439758,50.36839294433594,1519700,0.0,0.0
2012-11-12 00:00:00-05:00,50.35026793219287,50.884464397519025,50.024317078245566,50.712432861328125,1185600,0.0,0.0
2012-11-13 00:00:00-05:00,50.48607876428444,51.31000855902751,50.35932086569223,50.8572998046875,1952900,0.0,0.0
2012-11-14 00:00:00-05:00,50.965947187150924,51.43676465804507,50.486073607914456,50.60377883911133,1756800,0.0,0.0
2012-11-15 00:00:00-05:00,50.72147868739362,50.79391027697859,50.268770027335364,50.667152404785156,2117600,0.0,0.0
2012-11-16 00:00:00-05:00,50.70339149609661,50.87541961669922,50.37744056957001,50.87541961669922,4519500,0.0,0.0
2012-11-19 00:00:00-05:00,51.219468072667176,51.246629492619526,50.812029503913536,51.0202751159668,2439700,0.0,0.0
2012-11-20 00:00:00-05:00,50.621902380957735,51.56353759765625,50.45892692214859,51.56353759765625,2428800,0.0,0.0
2012-11-21 00:00:00-05:00,51.500156123432646,51.880429872836004,51.25569294714726,51.826107025146484,1237600,0.0,0.0
2012-11-23 00:00:00-05:00,52.00718437226975,52.378405440632534,51.93475276214465,52.278812408447266,788300,0.0,0.0
2012-11-26 00:00:00-05:00,51.98907599436082,52.44178478617752,51.78083036459241,51.789886474609375,1884400,0.0,0.0
2012-11-27 00:00:00-05:00,51.72649725183182,51.72649725183182,50.87540268167519,51.11081314086914,2933700,0.0,0.0
2012-11-28 00:00:00-05:00,50.83014208164047,51.57258421644573,50.54040873410153,51.49109649658203,2131400,0.0,0.0
2012-11-29 00:00:00-05:00,51.71745510351116,51.78989017324398,51.22853219839156,51.48204803466797,1931200,0.0,0.0
2012-11-30 00:00:00-05:00,51.40961416305297,51.86232299775092,51.400561506072506,51.4277229309082,3420000,0.0,0.0
2012-12-03 00:00:00-05:00,51.52730570514957,51.83514776891985,51.29189869351036,51.36433029174805,2042400,0.0,0.0
2012-12-04 00:00:00-05:00,51.36433068700024,51.62690257215581,51.13797632818891,51.346221923828125,1000900,0.0,0.0
2012-12-05 00:00:00-05:00,51.37339598606586,51.58164161895954,51.119876710195875,51.291908264160156,1823600,0.0,0.0
2012-12-06 00:00:00-05:00,51.44581641771927,51.48203394267198,51.12892170911624,51.436763763427734,1623800,0.0,0.0
2012-12-07 00:00:00-05:00,51.50919203635021,51.68122354183043,51.174188586883396,51.246620178222656,1350500,0.0,0.0
2012-12-10 00:00:00-05:00,51.083668517732434,51.391510695230735,51.0655632019043,51.0655632019043,1327700,0.0,0.0
2012-12-11 00:00:00-05:00,51.147037127245305,51.463931877085166,51.038384538248444,51.156089782714844,1444300,0.0,0.0
2012-12-12 00:00:00-05:00,51.29189731242757,51.56352184281857,51.065542961452856,51.11081314086914,1865900,0.0,0.0
2012-12-13 00:00:00-05:00,51.02934490066418,51.57259416865964,50.97501859230678,51.08366775512695,1255600,0.0,0.0
2012-12-14 00:00:00-05:00,50.92973063011128,51.065544626682275,50.60377980145562,50.88446044921875,1314100,0.0,0.0
2012-12-17 00:00:00-05:00,51.14704393605736,51.69029313778533,51.0565000998399,51.66313171386719,1097000,0.0,0.0
2012-12-18 00:00:00-05:00,51.77178261236905,51.77178261236905,51.2375860492697,51.4277229309082,2291400,0.0,0.0
2012-12-19 00:00:00-05:00,51.45488873939266,51.59975543095787,51.237586975097656,51.237586975097656,1379100,0.0,0.0
2012-12-20 00:00:00-05:00,51.291910620111096,51.67218437054184,51.16514924940666,51.66313171386719,1778800,0.0,0.0
2012-12-21 00:00:00-05:00,50.893518920021634,51.40055398408548,50.893518920021634,51.27379608154297,2439400,0.0,0.0
2012-12-24 00:00:00-05:00,51.05649435297452,51.30095750240385,50.82108731309469,51.27379608154297,446800,0.0,0.0
2012-12-26 00:00:00-05:00,51.35528419607665,51.527312286018635,51.246631604003355,51.25568771362305,963300,0.0,0.0
2012-12-27 00:00:00-05:00,51.300963580121575,51.319072347472144,50.32311432045049,50.866363525390625,1217800,0.0,0.0
2012-12-28 00:00:00-05:00,50.54041622127123,50.893528575026785,50.232574062169945,50.25068283081055,1062800,0.0,0.0
2012-12-31 00:00:00-05:00,50.1329675910516,50.40459215885046,49.7979640725628,50.35026931762695,2205400,0.0,0.0
2013-01-02 00:00:00-05:00,50.92974527281096,51.998138427734375,50.685282081034146,51.998138427734375,2398300,0.0,0.0
2013-01-03 00:00:00-05:00,51.95285623222737,51.95285623222737,51.590687856838365,51.70839309692383,1505300,0.0,0.0
2013-01-04 00:00:00-05:00,51.84421854364387,51.98908524464522,51.63597287682285,51.72651672363281,1569500,0.0,0.0
2013-01-07 00:00:00-05:00,51.63596858040194,51.64502469127672,51.364343970362036,51.4277229309082,953500,0.0,0.0
2013-01-08 00:00:00-05:00,51.36434411616826,51.49110203762042,51.192316001896664,51.264747619628906,704000,0.0,0.0
2013-01-09 00:00:00-05:00,51.3462355823401,51.50921104034851,51.23758642829927,51.418670654296875,723700,0.0,0.0
2013-01-10 00:00:00-05:00,51.63595595024926,52.586647033691406,51.59068576863142,52.586647033691406,1840900,0.0,0.0
2013-01-11 00:00:00-05:00,52.70435209338124,52.70435209338124,52.1158327879558,52.28786087036133,775000,0.0,0.0
2013-01-14 00:00:00-05:00,51.472984732971206,52.007181208991014,51.472984732971206,51.934749603271484,959800,0.0,0.0
2013-01-15 00:00:00-05:00,51.726503869614724,52.170156520104925,51.59974596947466,52.09772491455078,723500,0.0,0.0
2013-01-16 00:00:00-05:00,52.06150842237632,52.17015755981971,51.69934002570662,51.735557556152344,1040300,0.0,0.0
2013-01-17 00:00:00-05:00,51.7989403079186,51.943806986436435,51.545424483985904,51.7446174621582,1316300,0.0,0.0
2013-01-18 00:00:00-05:00,51.78988080869168,51.88947728461833,51.58163520170576,51.70839309692383,2019300,0.0,0.0
2013-01-22 00:00:00-05:00,51.74460709242949,52.59569822642455,51.74460709242949,52.4870491027832,1961700,0.0,0.0
2013-01-23 00:00:00-05:00,52.36029473826164,52.46894386921133,52.21542462513726,52.342185974121094,1430700,0.0,0.0
2013-01-24 00:00:00-05:00,52.459890186157544,52.90354629338347,52.387458580139416,52.70435333251953,1824300,0.0,0.0
2013-01-25 00:00:00-05:00,52.722463645648446,52.85827766002442,52.124888199403095,52.17015838623047,1555900,0.0,0.0
2013-01-28 00:00:00-05:00,52.32409238073785,52.33314503848604,51.817057199474405,52.034358978271484,1215800,0.0,0.0
2013-01-29 00:00:00-05:00,51.90758992107416,52.28786363509673,51.88042504586265,52.17015838623047,1704700,0.0,0.0
2013-01-30 00:00:00-05:00,52.19558165064141,52.59505953507433,51.89597063977362,52.40439987182617,1415600,0.158,0.0
2013-01-31 00:00:00-05:00,52.26821182180828,52.640453596778656,52.08662970790769,52.42255783081055,2599500,0.0,0.0
2013-02-01 00:00:00-05:00,53.16704142034624,53.16704142034624,50.81556187522879,50.9608268737793,4126500,0.0,0.0
2013-02-04 00:00:00-05:00,50.35252285569318,50.461474192508284,49.78054392267092,49.84409713745117,2907200,0.0,0.0
2013-02-05 00:00:00-05:00,50.01659432299079,50.63397132987557,49.61711650934365,50.60673522949219,3289800,0.0,0.0
2013-02-06 00:00:00-05:00,50.37067166032982,50.57041227576498,50.207248150135555,50.55225372314453,1917300,0.0,0.0
2013-02-07 00:00:00-05:00,50.534109204544336,50.89727343102948,50.36160810182879,50.85187530517578,2294300,0.0,0.0
2013-02-08 00:00:00-05:00,50.851873956909785,51.35122562093495,50.73384853031352,51.3239860534668,2068800,0.0,0.0
2013-02-11 00:00:00-05:00,51.269523101671226,51.49649991233789,51.02438773054428,51.44202423095703,1656500,0.0,0.0
2013-02-12 00:00:00-05:00,51.40570590878196,51.58728804575031,51.151492995060984,51.47834014892578,2702800,0.0,0.0
2013-02-13 00:00:00-05:00,51.53282016138339,52.15019744243619,51.29676577198872,52.00493240356445,1383000,0.0,0.0
2013-02-14 00:00:00-05:00,51.91412341696524,52.23188948699492,51.79609453521547,52.0230712890625,1593400,0.0,0.0
2013-02-15 00:00:00-05:00,52.01399961439229,52.09571139353686,51.587282160705,51.75070571899414,2939500,0.0,0.0
2013-02-19 00:00:00-05:00,51.84149071658679,52.5859742140093,51.84149071658679,52.57689666748047,2695500,0.0,0.0
2013-02-20 00:00:00-05:00,52.676771529700794,53.965997977959404,52.667690518999926,53.584678649902344,3457800,0.0,0.0
2013-02-21 00:00:00-05:00,53.39401363630541,54.02046823965904,53.20335052798868,53.94783401489258,3668200,0.0,0.0
2013-02-22 00:00:00-05:00,54.11125413635379,55.24613785115476,53.92059450348089,55.19166564941406,3669100,0.0,0.0
2013-02-25 00:00:00-05:00,55.291540682095444,55.81812496967274,53.975074768066406,53.975074768066406,2869400,0.0,0.0
2013-02-26 00:00:00-05:00,54.764956501868205,54.973774721194275,53.748101510204954,54.51982116699219,3195400,0.0,0.0
2013-02-27 00:00:00-05:00,54.65602186885675,55.33695236523771,54.44720359890691,55.228004455566406,2826100,0.0,0.0
2013-02-28 00:00:00-05:00,55.318781476614646,56.172212928424685,55.119040800564946,55.464046478271484,3513300,0.0,0.0
2013-03-01 00:00:00-05:00,55.20075129573831,55.42772807200647,54.74679774320199,55.28246307373047,2513600,0.0,0.0
2013-03-04 00:00:00-05:00,54.8375806866289,55.0736349676765,54.34731010669528,54.91929244995117,2692700,0.0,0.0
2013-03-05 00:00:00-05:00,55.218914401054924,55.40957407760837,55.11904405712949,55.15536117553711,1982600,0.0,0.0
2013-03-06 00:00:00-05:00,55.38233394355424,55.38233394355424,54.72863971331248,54.78311538696289,1880500,0.0,0.0
2013-03-07 00:00:00-05:00,54.792196518021726,55.100885095449634,54.52890606996725,54.73772430419922,4026000,0.0,0.0
2013-03-08 00:00:00-05:00,55.03732660574151,55.03732660574151,54.46534763497239,54.66508483886719,6543800,0.0,0.0
2013-03-11 00:00:00-04:00,54.656008853718554,54.683244958802796,54.36547885485073,54.565216064453125,3254600,0.0,0.0
2013-03-12 00:00:00-04:00,54.51980944489927,54.5652040978812,54.074936996930354,54.14756774902344,2565500,0.0,0.0
2013-03-13 00:00:00-04:00,54.320085782571546,54.320085782571546,54.00231620592344,54.202056884765625,2180300,0.0,0.0
2013-03-14 00:00:00-04:00,54.229280378272186,54.54704988101505,54.211121824110585,54.501651763916016,2860500,0.0,0.0
2013-03-15 00:00:00-04:00,54.17481859464599,54.50166572650845,54.0658707051555,54.38364028930664,2834200,0.0,0.0
2013-03-18 00:00:00-04:00,53.75717772974731,53.99323551160126,53.39401697338914,53.53020095825195,4084200,0.0,0.0
2013-03-19 00:00:00-04:00,53.56651449465409,53.76625514851232,53.25782596750521,53.575592041015625,3063800,0.0,0.0
2013-03-20 00:00:00-04:00,53.61190218516646,54.28375482048236,53.53927143354285,54.21112060546875,4131700,0.0,0.0
2013-03-21 00:00:00-04:00,54.002310871257656,54.37455262289713,53.91152155169312,53.975074768066406,2503900,0.0,0.0
2013-03-22 00:00:00-04:00,54.14757630042413,54.75587582929734,54.07494553686064,54.71955871582031,1724700,0.0,0.0
2013-03-25 00:00:00-04:00,54.8920636578778,55.582075008751275,54.646928319808865,55.5275993347168,2515900,0.0,0.0
2013-03-26 00:00:00-04:00,55.754570239667366,56.144970537299216,55.473117815233344,56.12681198120117,1885000,0.0,0.0
2013-03-27 00:00:00-04:00,55.709170590148204,55.954305880424535,55.42771819092942,55.83627700805664,1332200,0.0,0.0
2013-03-28 00:00:00-04:00,55.92706631702263,56.12680695281597,55.74548769909065,55.83627700805664,1741500,0.0,0.0
2013-04-01 00:00:00-04:00,55.700098414868464,56.1449744114924,55.35509621537063,55.473121643066406,1280500,0.0,0.0
2013-04-02 00:00:00-04:00,55.73642372153833,56.07234842342916,55.600239716475606,55.78181838989258,984000,0.0,0.0
2013-04-03 00:00:00-04:00,55.818127353716584,55.972473359637206,54.86482560401037,54.88298416137695,1565200,0.0,0.0
2013-04-04 00:00:00-04:00,55.06456280267565,55.45496310298593,54.82850503517199,55.08271789550781,1038100,0.0,0.0
2013-04-05 00:00:00-04:00,54.38363407463423,54.75587582929734,54.15665731048867,54.71955871582031,1270200,0.0,0.0
2013-04-08 00:00:00-04:00,54.41995207049942,55.046410206137814,54.41995207049942,55.02825164794922,773400,0.0,0.0
2013-04-09 00:00:00-04:00,55.11905270420852,55.44589989437081,54.77405041538529,55.29155731201172,1264400,0.0,0.0
2013-04-10 00:00:00-04:00,55.445892722311214,55.88168776502594,55.23707448080569,55.863529205322266,1203500,0.0,0.0
2013-04-11 00:00:00-04:00,55.91798615188046,57.26168794929121,55.91798615188046,56.88944625854492,2257800,0.0,0.0
2013-04-12 00:00:00-04:00,56.689714425426615,56.88945508284506,56.40826545912664,56.8531379699707,847300,0.0,0.0
2013-04-15 00:00:00-04:00,56.798673680096904,56.971174795205854,55.827213287353516,55.827213287353516,1630700,0.0,0.0
2013-04-16 00:00:00-04:00,56.09050280762966,56.43550849554111,55.83628991305856,56.390113830566406,1501300,0.0,0.0
2013-04-17 00:00:00-04:00,55.96338882365756,56.172207025132046,55.028245690230406,55.08271789550781,2470900,0.0,0.0
2013-04-18 00:00:00-04:00,54.98285250520405,55.255223929063504,54.020469779950716,54.17481231689453,1940100,0.0,0.0
2013-04-19 00:00:00-04:00,54.320077185820935,54.66507935035956,54.147572640161286,54.6106071472168,1910200,0.0,0.0
2013-04-22 00:00:00-04:00,54.710480301341306,55.20983197686435,54.619690976732066,55.019168853759766,1503700,0.0,0.0
2013-04-23 00:00:00-04:00,55.10088484000569,55.52760231772249,55.01917305625973,55.5003662109375,1463300,0.0,0.0
2013-04-24 00:00:00-04:00,55.663786788107586,56.03602856886616,55.46404611337198,55.5275993347168,915500,0.0,0.0
2013-04-25 00:00:00-04:00,55.59114658523451,55.89075756515788,55.52759337071569,55.64562225341797,1495400,0.0,0.0
2013-04-26 00:00:00-04:00,55.48219738786614,55.48219738786614,53.09440100537435,53.56651306152344,3263900,0.0,0.0
2013-04-29 00:00:00-04:00,53.78961225701982,54.54541853593808,53.58017284174811,54.335975646972656,1493800,0.175,0.0
2013-04-30 00:00:00-04:00,54.281344577019325,54.99161772037031,54.1356474329039,54.95519256591797,2343400,0.0,0.0
2013-05-01 00:00:00-04:00,54.98251659064613,56.10256410706143,54.82771141143578,55.820274353027344,2671000,0.0,0.0
2013-05-02 00:00:00-04:00,55.89312181722443,56.91300183751846,55.60172752571186,56.85836410522461,2213400,0.0,0.0
2013-05-03 00:00:00-04:00,57.313665348310685,57.73254766158563,57.10422592852011,57.65059280395508,1864900,0.0,0.0
2013-05-06 00:00:00-04:00,57.504896985718936,57.8509255270437,57.422942126206465,57.8236083984375,2420900,0.0,0.0
2013-05-07 00:00:00-04:00,57.82361611391377,58.16054014855728,57.668814399564766,58.01484298706055,1953200,0.0,0.0
2013-05-08 00:00:00-04:00,58.06948318336056,59.143997623824625,57.978420282511415,59.00741195678711,2516200,0.0,0.0
2013-05-09 00:00:00-04:00,58.97097871602895,59.180414675048105,58.6158421356156,58.70690155029297,2296200,0.0,0.0
2013-05-10 00:00:00-04:00,58.72512201405791,59.12579185300951,58.55211117692011,58.734230041503906,1451700,0.0,0.0
2013-05-13 00:00:00-04:00,58.53387971364514,59.69945681389093,58.53387971364514,59.68124771118164,1573600,0.0,0.0
2013-05-14 00:00:00-04:00,59.571971105224534,60.172975693867066,59.53554595312007,60.02727508544922,1622400,0.0,0.0
2013-05-15 00:00:00-04:00,59.89979266166558,60.55543152813873,59.8269423548602,60.500797271728516,1260300,0.0,0.0
2013-05-16 00:00:00-04:00,60.273166565758046,60.62830325265624,60.200316233217364,60.30048370361328,1557900,0.0,0.0
2013-05-17 00:00:00-04:00,60.51899079953007,60.76485878487458,60.27312976157142,60.36418914794922,1721700,0.0,0.0
2013-05-20 00:00:00-04:00,60.254936386929224,60.673815279779994,59.94533296727848,60.20030212402344,1425900,0.0,0.0
2013-05-21 00:00:00-04:00,59.99996472861947,60.500801942336096,59.99996472861947,60.264041900634766,1041300,0.0,0.0
2013-05-22 00:00:00-04:00,60.20940212398757,60.63738203867774,59.69945693108831,59.872474670410156,1530900,0.0,0.0
2013-05-23 00:00:00-04:00,59.271487551891255,59.63573224071862,58.970992109944056,59.42629623413086,1864000,0.0,0.0
2013-05-24 00:00:00-04:00,59.22594537485096,59.89068532679615,59.0529276310408,59.85426712036133,1642700,0.0,0.0
2013-05-28 00:00:00-04:00,60.19119514063245,60.737558621322144,60.04550145456321,60.1274528503418,1480200,0.0,0.0
2013-05-29 00:00:00-04:00,59.72677610234497,60.7739767043954,59.408064687995996,60.373313903808594,2410600,0.0,0.0
2013-05-30 00:00:00-04:00,60.36420476425479,61.24749563013838,60.25492930390019,60.473480224609375,1427600,0.0,0.0
2013-05-31 00:00:00-04:00,59.99084373506212,60.40062144335834,57.95108405967296,57.97840118408203,4335000,0.0,0.0
2013-06-03 00:00:00-04:00,57.99662043878963,58.51567017820401,57.31366446034734,58.02394104003906,2166100,0.0,0.0
2013-06-04 00:00:00-04:00,58.0421671866689,58.242498625071406,57.27725617302823,57.441165924072266,1470000,0.0,0.0
2013-06-05 00:00:00-04:00,57.38651386660721,57.714333286916045,57.13154475023086,57.286346435546875,1342800,0.0,0.0
2013-06-06 00:00:00-04:00,57.313684535894424,58.32446376752438,57.04050274356752,58.30624771118164,1129500,0.0,0.0
2013-06-07 00:00:00-04:00,58.94365515880377,59.744987646925864,58.770637426612026,59.69035339355469,1756100,0.0,0.0
2013-06-10 00:00:00-04:00,59.7449957916631,59.88158839109929,59.12578202862212,59.34432601928711,1420400,0.0,0.0
2013-06-11 00:00:00-04:00,58.91633524840634,59.70856671521252,58.306229551353866,59.371639251708984,1041900,0.0,0.0
2013-06-12 00:00:00-04:00,59.74499147852892,59.74499147852892,59.016502299052725,59.043819427490234,941300,0.0,0.0
2013-06-13 00:00:00-04:00,59.05292452645738,59.845155948825436,58.752422233760456,59.67213821411133,1287500,0.0,0.0
2013-06-14 00:00:00-04:00,59.68124823441326,59.82694189952753,59.03471739805833,59.089351654052734,1113200,0.0,0.0
2013-06-17 00:00:00-04:00,59.362545973449535,59.85427519531157,59.11667788882419,59.53555679321289,1377900,0.0,0.0
2013-06-18 00:00:00-04:00,59.68126651692912,59.82696022667461,59.23507041238456,59.76321792602539,1238400,0.0,0.0
2013-06-19 00:00:00-04:00,59.59929545167955,59.80873836480304,58.14232392795604,58.178749084472656,1433400,0.0,0.0
2013-06-20 00:00:00-04:00,57.72345452763578,58.11501634025093,57.095136106174,57.2408332824707,1356400,0.0,0.0
2013-06-21 00:00:00-04:00,57.59595983990814,57.8964621673156,57.17708096566811,57.605064392089844,1434400,0.0,0.0
2013-06-24 00:00:00-04:00,57.24993142029471,57.56864634589073,56.63071762200483,57.22261428833008,920200,0.0,0.0
2013-06-25 00:00:00-04:00,57.614174078469404,58.18785814588526,57.55953634272221,57.99662780761719,1534000,0.0,0.0
2013-06-26 00:00:00-04:00,58.4428244667692,58.77064391797929,58.060367282459424,58.67958450317383,1137100,0.0,0.0
2013-06-27 00:00:00-04:00,58.95276037242783,59.18952039929358,58.834383832688836,59.15309524536133,764000,0.0,0.0
2013-06-28 00:00:00-04:00,58.79795678420303,58.95275847288635,58.23338081122011,58.59762191772461,3201800,0.0,0.0
2013-07-01 00:00:00-04:00,59.07115319490765,59.74500128067696,58.779758864786686,59.51734924316406,1097000,0.0,0.0
2013-07-02 00:00:00-04:00,59.36254311175142,60.0272831213316,58.92544817537116,59.27147674560547,1248100,0.0,0.0
2013-07-03 00:00:00-04:00,58.8616982308507,59.13488339897635,58.461028503569736,58.834381103515625,457000,0.0,0.0
2013-07-05 00:00:00-04:00,59.216843609332614,59.790531158447266,59.089359031171234,59.790531158447266,532100,0.0,0.0
2013-07-08 00:00:00-04:00,59.88161436759821,60.40976199519875,59.244184276176405,59.581111907958984,1195300,0.0,0.0
2013-07-09 00:00:00-04:00,59.990848528278576,60.54631992693379,59.317000598596934,59.52644348144531,1265200,0.0,0.0
2013-07-10 00:00:00-04:00,59.444487654748464,59.84515738797965,59.22594368543487,59.462703704833984,1201400,0.0,0.0
2013-07-11 00:00:00-04:00,60.273157322975955,61.2383997652564,60.19119897458834,61.15644836425781,735200,0.0,0.0
2013-07-12 00:00:00-04:00,61.110888977313245,61.23837351136014,60.47346630707879,61.0289306640625,837600,0.0,0.0
2013-07-15 00:00:00-04:00,60.95610053575736,61.80296623687831,60.81039992389727,61.3931884765625,1056100,0.0,0.0
2013-07-16 00:00:00-04:00,61.46605180899341,61.63906958539803,60.76488657113459,61.15644836425781,1439200,0.0,0.0
2013-07-17 00:00:00-04:00,61.420496574449075,61.7027897315786,60.91966642643367,61.356754302978516,649300,0.0,0.0
2013-07-18 00:00:00-04:00,61.466046850425336,61.87581771713945,61.16554450956113,61.475154876708984,1127600,0.0,0.0
2013-07-19 00:00:00-04:00,61.46603930313829,61.557098712628374,61.05626848673908,61.44783020019531,1248600,0.0,0.0
2013-07-22 00:00:00-04:00,61.466046850425336,61.684590849513626,61.35677137718695,61.475154876708984,809700,0.0,0.0
2013-07-23 00:00:00-04:00,61.44783312089847,61.58441876793191,60.98342107882095,61.065372467041016,831700,0.0,0.0
2013-07-24 00:00:00-04:00,61.14732295341209,61.21106522964134,60.755761271607575,60.90145492553711,1130700,0.0,0.0
2013-07-25 00:00:00-04:00,60.509914433928806,61.548007265988495,60.47349621823329,61.51158905029297,1252400,0.0,0.0
2013-07-26 00:00:00-04:00,61.09269643891358,61.49336624145508,60.20941238382056,61.49336624145508,1128300,0.0,0.0
2013-07-29 00:00:00-04:00,61.43873762052358,61.43873762052358,60.409745887176406,60.582763671875,901700,0.0,0.0
2013-07-30 00:00:00-04:00,60.98905316767512,61.79249922791754,60.87035744390748,61.55511474609375,1315600,0.175,0.0
2013-07-31 00:00:00-04:00,61.76509613326785,62.34028962984405,61.536843750636194,61.628143310546875,1713400,0.0,0.0
2013-08-01 00:00:00-04:00,61.96597695246364,63.53634794000248,61.96597695246364,62.678123474121094,2535400,0.0,0.0
2013-08-02 00:00:00-04:00,62.65985828019469,63.13462726345988,62.29465994317442,63.070716857910156,1489100,0.0,0.0
2013-08-05 00:00:00-04:00,62.86072295604857,63.07071827368969,62.58682419713503,62.93376541137695,1090500,0.0,0.0
2013-08-06 00:00:00-04:00,62.714645692283966,63.2076718225377,62.49551832391874,62.97028732299805,1901200,0.0,0.0
2013-08-07 00:00:00-04:00,62.74202972429897,62.9520180612807,62.40421361673569,62.66898727416992,1071000,0.0,0.0
2013-08-08 00:00:00-04:00,62.95202739326666,63.27158641852472,62.79681738801773,63.01593780517578,1400100,0.0,0.0
2013-08-09 00:00:00-04:00,62.376827479290455,63.280705205125635,62.376827479290455,63.070716857910156,1300600,0.0,0.0
2013-08-12 00:00:00-04:00,62.723773703470464,63.14376436292305,62.08466959684669,62.221622467041016,1496700,0.0,0.0
2013-08-13 00:00:00-04:00,62.40421291383998,63.0341918491122,62.33117046453364,62.8607177734375,1206700,0.0,0.0
2013-08-14 00:00:00-04:00,62.77853847418759,63.15286876671809,62.44985447963346,62.8515739440918,1208100,0.0,0.0
2013-08-15 00:00:00-04:00,62.35856562387652,62.6415964033358,61.96597117218564,62.1120491027832,1518700,0.0,0.0
2013-08-16 00:00:00-04:00,62.03899319252649,62.73288236800094,61.9933468966184,62.44071960449219,2937500,0.0,0.0
2013-08-19 00:00:00-04:00,62.21247311114494,63.09809353088827,62.21247311114494,62.568546295166016,1443700,0.0,0.0
2013-08-20 00:00:00-04:00,62.54118380670805,62.824214672279474,62.31293131106313,62.550315856933594,2070400,0.0,0.0
2013-08-21 00:00:00-04:00,62.422483353691405,62.605082529805394,61.87467189392531,62.10292434692383,1496300,0.0,0.0
2013-08-22 00:00:00-04:00,62.16683224155673,62.80594326353879,62.14857511096835,62.632469177246094,1438900,0.0,0.0
2013-08-23 00:00:00-04:00,62.63246397497549,62.74202764654077,62.43160072662808,62.54116439819336,1269000,0.0,0.0
2013-08-26 00:00:00-04:00,62.47724282400871,62.687238082190675,61.82900688936607,61.86552810668945,1810800,0.0,0.0
2013-08-27 00:00:00-04:00,61.23555685714082,61.46380926930635,60.45950004892017,60.49602127075195,1492900,0.0,0.0
2013-08-28 00:00:00-04:00,60.459491147298884,61.68292055283599,60.33167037256246,61.12598419189453,1805200,0.0,0.0
2013-08-29 00:00:00-04:00,60.8612137476043,61.68291668634281,60.80642844350154,61.107723236083984,1177300,0.0,0.0
2013-08-30 00:00:00-04:00,61.144258703595106,61.1716478791765,60.36820187737461,60.6055793762207,866100,0.0,0.0
2013-09-03 00:00:00-04:00,61.32688611481422,61.619049065182345,60.49605055452628,60.88864517211914,661800,0.0,0.0
2013-09-04 00:00:00-04:00,60.96165186704631,61.116868803017944,60.56905743504446,60.76079559326172,947100,0.0,0.0
2013-09-05 00:00:00-04:00,60.66037052994119,61.20817499141277,60.505153577193056,60.92514419555664,853300,0.0,0.0
2013-09-06 00:00:00-04:00,60.97992608468415,61.19904648882456,60.17647995902798,60.70602035522461,917200,0.0,0.0
2013-09-09 00:00:00-04:00,61.00729555842667,61.81074142456055,60.81556439602119,61.81074142456055,808000,0.0,0.0
2013-09-10 00:00:00-04:00,62.26726488921048,62.678123474121094,62.102922848388616,62.678123474121094,1275600,0.0,0.0
2013-09-11 00:00:00-04:00,62.54118380670805,62.78769343709068,62.33118844580084,62.550315856933594,1234800,0.0,0.0
2013-09-12 00:00:00-04:00,62.44987140013274,62.65985975228154,62.23987608227201,62.45900344848633,1076100,0.0,0.0
2013-09-13 00:00:00-04:00,62.54116059664719,62.897233800451524,62.331165313672706,62.559417724609375,1037000,0.0,0.0
2013-09-16 00:00:00-04:00,63.107219356219915,63.3993821185571,62.550283002122505,63.098087310791016,2246000,0.0,0.0
2013-09-17 00:00:00-04:00,63.22592192419405,63.9837216493522,63.216789876766136,63.9198112487793,1502600,0.0,0.0
2013-09-18 00:00:00-04:00,64.06586956179,67.52617611201445,63.96543796796933,67.51704406738281,4088000,0.0,0.0
2013-09-19 00:00:00-04:00,67.49879776968058,69.32481690916528,67.49879776968058,68.6035385131836,4256900,0.0,0.0
2013-09-20 00:00:00-04:00,68.62179298015111,69.44349590509502,68.41179774365281,68.95046997070312,4066600,0.0,0.0
2013-09-23 00:00:00-04:00,68.79526037701508,69.58958110285272,68.54875089145679,68.95960235595703,2087100,0.0,0.0
2013-09-24 00:00:00-04:00,68.97790411659196,69.66266157519858,68.65834506333842,69.40701293945312,1860600,0.0,0.0
2013-09-25 00:00:00-04:00,69.42526181574621,69.64438220405248,68.61268370030355,68.93223571777344,1590100,0.0,0.0
2013-09-26 00:00:00-04:00,69.03268126880785,69.41614376710487,68.69486508751973,68.85920715332031,1299600,0.0,0.0
2013-09-27 00:00:00-04:00,68.79527629415631,68.98700748633117,68.42094595677996,68.53963470458984,1476200,0.0,0.0
2013-09-30 00:00:00-04:00,68.00098351382222,68.34792478396608,67.76359897861165,67.96446228027344,2104800,0.0,0.0
2013-10-01 00:00:00-04:00,68.13790191369489,68.22007639742017,66.88708325695312,67.24315643310547,6392100,0.0,0.0
2013-10-02 00:00:00-04:00,66.95100816955323,67.40751305498745,66.27537592379814,67.22490692138672,1960500,0.0,0.0
2013-10-03 00:00:00-04:00,67.19752732095198,67.21579141977125,66.13843945795482,66.39408111572266,2194800,0.0,0.0
2013-10-04 00:00:00-04:00,66.36667840371656,66.6770983632346,65.99234107707397,66.49449920654297,2482500,0.0,0.0
2013-10-07 00:00:00-04:00,65.81888714900553,66.31191338183908,65.76410877837296,65.87367248535156,1046500,0.0,0.0
2013-10-08 00:00:00-04:00,65.87363737160649,66.08362565757336,65.15235902466121,65.17061614990234,1291000,0.0,0.0
2013-10-09 00:00:00-04:00,65.26193621321336,65.44453536634775,64.56804689302257,65.05194091796875,1418000,0.0,0.0
2013-10-10 00:00:00-04:00,65.64540878115392,66.65885025914376,65.64540878115392,66.58580780029297,2814800,0.0,0.0
2013-10-11 00:00:00-04:00,66.64055808787569,66.86881045134423,66.47621610754997,66.7409896850586,1929100,0.0,0.0
2013-10-14 00:00:00-04:00,66.576679714619,67.29795836585352,66.33017010846395,67.27970123291016,1428300,0.0,0.0
2013-10-15 00:00:00-04:00,67.02404304034451,67.47141582705801,66.24797925033558,66.3118896484375,2317100,0.0,0.0
2013-10-16 00:00:00-04:00,66.75014830614131,67.51707320920137,66.71362707756053,67.42577362060547,2362300,0.0,0.0
2013-10-17 00:00:00-04:00,67.19751113623661,68.01008919516379,66.95100158725094,67.74531555175781,2529200,0.0,0.0
2013-10-18 00:00:00-04:00,67.9735559321235,68.97787197601774,67.67226808466506,68.831787109375,2481300,0.0,0.0
2013-10-21 00:00:00-04:00,68.74963799251758,68.86832675414172,68.33877941942782,68.56703186035156,820700,0.0,0.0
2013-10-22 00:00:00-04:00,68.85916851668067,69.86347748163082,68.81352222528373,69.71739959716797,2594500,0.0,0.0
2013-10-23 00:00:00-04:00,69.33394449769428,69.37959079382061,68.9687393001348,69.25177001953125,1594100,0.0,0.0
2013-10-24 00:00:00-04:00,69.52568714022625,70.21044438658623,68.88657619753037,69.0052719116211,2730100,0.0,0.0
2013-10-25 00:00:00-04:00,68.64921279332863,71.89952562759248,68.11053336010704,70.79478454589844,4473000,0.0,0.0
2013-10-28 00:00:00-04:00,70.84043110000333,71.5799738170882,70.80391683573637,71.27867889404297,2067100,0.0,0.0
2013-10-29 00:00:00-04:00,71.34258353238764,72.80339778479724,71.20563067247477,72.77600860595703,3496100,0.0,0.0
2013-10-30 00:00:00-04:00,72.73484790910834,73.58581573613372,71.83813332727767,73.42111206054688,3859300,0.175,0.0
2013-10-31 00:00:00-04:00,73.3113029733879,73.33875241825152,72.35968265889561,72.36882781982422,2230800,0.0,0.0
2013-11-01 00:00:00-04:00,72.63415049372598,72.69820149579574,71.77403803465127,72.07598876953125,1640200,0.0,0.0
2013-11-04 00:00:00-05:00,72.1766586399248,72.27731123601986,71.17929179993938,71.93875885009766,1542400,0.0,0.0
2013-11-05 00:00:00-05:00,71.81980733953857,72.3596719390195,71.66425585433,72.00281524658203,1947900,0.0,0.0
2013-11-06 00:00:00-05:00,72.42372006303353,73.26553545863291,72.04855910438567,73.24723815917969,1835900,0.0,0.0
2013-11-07 00:00:00-05:00,73.39362966194953,73.40278180121778,72.6341626665315,72.67991638183594,2007600,0.0,0.0
2013-11-08 00:00:00-05:00,72.6433317850483,73.77795298322287,72.49693242772182,73.75050354003906,1779400,0.0,0.0
2013-11-11 00:00:00-05:00,73.76880423127234,74.78447546585424,73.71389836653947,74.75701904296875,1384100,0.0,0.0
2013-11-12 00:00:00-05:00,74.35439500212144,74.51909858863014,73.49427549690527,73.72303009033203,933600,0.0,0.0
2013-11-13 00:00:00-05:00,72.42371696091494,73.36618491573229,72.42371696091494,73.3570327758789,2130300,0.0,0.0
2013-11-14 00:00:00-05:00,73.57665558267348,74.409318953291,73.38449551610783,73.94265747070312,1336700,0.0,0.0
2013-11-15 00:00:00-05:00,73.86031536421962,74.64723205566406,73.75966274221817,74.64723205566406,2342900,0.0,0.0
2013-11-18 00:00:00-05:00,74.66552251865964,74.8668277442198,74.13481001146258,74.27206420898438,855300,0.0,0.0
2013-11-19 00:00:00-05:00,74.34524626090501,74.86680647850929,73.53088042957619,73.68643188476562,1388500,0.0,0.0
2013-11-20 00:00:00-05:00,73.99754289902152,74.38184896392214,73.35702580981723,73.59493255615234,1028100,0.0,0.0
2013-11-21 00:00:00-05:00,73.8054181118184,74.59232783970103,73.7871138268448,74.46422576904297,1077200,0.0,0.0
2013-11-22 00:00:00-05:00,74.7387288737306,75.53479766845703,74.13481317130943,75.53479766845703,1499000,0.0,0.0
2013-11-25 00:00:00-05:00,75.48904679827504,75.48904679827504,74.39102709180666,74.455078125,1225600,0.0,0.0
2013-11-26 00:00:00-05:00,74.62891425695655,75.30603304253944,74.38186230835156,74.9125747680664,1898600,0.0,0.0
2013-11-27 00:00:00-05:00,74.93088137967422,75.37009343081978,74.78448201665151,75.29689025878906,1055800,0.0,0.0
2013-11-29 00:00:00-05:00,75.22368592516362,75.41583901299799,74.61062507621031,74.7021255493164,432600,0.0,0.0
2013-12-02 00:00:00-05:00,74.61978117742582,75.51649563490248,74.31782331721799,74.90343475341797,1072100,0.0,0.0
2013-12-03 00:00:00-05:00,74.67467045531197,75.5347901957142,74.62891673170152,74.92172241210938,1239300,0.0,0.0
2013-12-04 00:00:00-05:00,74.61975771719958,75.18706469082429,74.1530963509625,74.54655456542969,1149300,0.0,0.0
2013-12-05 00:00:00-05:00,74.23543394092877,74.77529838097641,74.13478136703914,74.53739166259766,1076700,0.0,0.0
2013-12-06 00:00:00-05:00,75.5439329293987,75.90078962277734,75.33348256204097,75.71778869628906,1226900,0.0,0.0
2013-12-09 00:00:00-05:00,75.58969288129683,76.2576526009633,75.3792355155563,75.85504913330078,1176700,0.0,0.0
2013-12-10 00:00:00-05:00,75.30604351503226,76.20275795204375,75.24199248381714,76.01060485839844,1359900,0.0,0.0
2013-12-11 00:00:00-05:00,75.82755722456386,76.16610947497394,74.65632811890465,74.802734375,1382800,0.0,0.0
2013-12-12 00:00:00-05:00,74.59230619697719,75.28772222237617,74.59230619697719,74.94001770019531,1300400,0.0,0.0
2013-12-13 00:00:00-05:00,75.06814096878837,75.38839614310554,74.50997895881878,74.6746826171875,783600,0.0,0.0
2013-12-16 00:00:00-05:00,74.93087343271944,75.33348385514994,74.53741515108182,74.89427185058594,1216200,0.0,0.0
2013-12-17 00:00:00-05:00,75.08640084221956,75.34260485395629,74.44589081287776,74.8667984008789,1297300,0.0,0.0
2013-12-18 00:00:00-05:00,75.0315221346524,76.91645813971284,74.79361535368126,76.7975082397461,2070300,0.0,0.0
2013-12-19 00:00:00-05:00,76.41321330463002,76.55961266593994,75.18708462109609,76.02890014648438,1721000,0.0,0.0
2013-12-20 00:00:00-05:00,76.31257041398639,76.60537615495691,75.87335831201085,75.89166259765625,2458400,0.0,0.0
2013-12-23 00:00:00-05:00,76.2576485894437,76.44980864333401,75.30603536609107,75.65373992919922,1183100,0.0,0.0
2013-12-24 00:00:00-05:00,75.65374283836957,76.67856624736126,75.63544553688683,76.51386260986328,584700,0.0,0.0
2013-12-26 00:00:00-05:00,76.5413363802766,76.86159161580099,75.91912321652612,76.37663269042969,937400,0.0,0.0
2013-12-27 00:00:00-05:00,76.76091372027439,76.86156632990375,75.8824966570858,76.32170867919922,1084600,0.0,0.0
2013-12-30 00:00:00-05:00,76.06548061308048,76.74259928688784,76.02887903765549,76.17528533935547,1540300,0.0,0.0
2013-12-31 00:00:00-05:00,76.45894462040931,77.16351278395294,76.43149518201827,76.76090240478516,970500,0.0,0.0
2014-01-02 00:00:00-05:00,76.27594998363836,76.58705295237256,75.26943093397654,75.36093139648438,1209200,0.0,0.0
2014-01-03 00:00:00-05:00,75.66286064298818,75.92821677081551,75.34259867355284,75.58050537109375,860400,0.0,0.0
2014-01-06 00:00:00-05:00,75.9648476702583,76.13870345322655,74.7753275760039,74.79362487792969,1214100,0.0,0.0
2014-01-07 00:00:00-05:00,75.34260197321503,75.6354145251878,75.13215167777894,75.3060073852539,1474200,0.0,0.0
2014-01-08 00:00:00-05:00,75.14132289026111,75.23282334546269,74.5831610381831,74.94001770019531,1880600,0.0,0.0
2014-01-09 00:00:00-05:00,75.16879265843983,76.63282128072952,75.16879265843983,76.54132080078125,1372100,0.0,0.0
2014-01-10 00:00:00-05:00,76.55962010645435,76.60537383814454,75.26944724905464,75.5073471069336,1081900,0.0,0.0
2014-01-13 00:00:00-05:00,75.16878815368294,75.44328957707727,73.8237095378307,74.0433120727539,1370400,0.0,0.0
2014-01-14 00:00:00-05:00,74.45506727146424,75.92824780120019,74.15310945283906,75.86419677734375,1259600,0.0,0.0
2014-01-15 00:00:00-05:00,75.9465521586658,76.33085833751338,75.79100065499492,76.31256103515625,1161500,0.0,0.0
2014-01-16 00:00:00-05:00,76.08380575825656,76.89817183696198,75.9282542558159,76.87986755371094,891800,0.0,0.0
2014-01-17 00:00:00-05:00,77.24585408919559,77.32820937793232,76.8432507276006,76.9988021850586,961600,0.0,0.0
2014-01-21 00:00:00-05:00,77.1818148573385,77.43801893955437,76.34915159013693,76.58705139160156,1128100,0.0,0.0
2014-01-22 00:00:00-05:00,76.58704902099969,76.82495579613806,75.28772436938715,75.72693634033203,2078600,0.0,0.0
2014-01-23 00:00:00-05:00,75.04068099613693,75.08642773974265,73.7871029398979,74.38186645507812,1805300,0.0,0.0
2014-01-24 00:00:00-05:00,73.75049071479853,74.03415120079234,71.7466049194336,71.7466049194336,1899100,0.0,0.0
2014-01-27 00:00:00-05:00,71.98450533933128,73.29298210301583,71.81980172638366,72.222412109375,2021500,0.0,0.0
2014-01-28 00:00:00-05:00,72.45118569924792,73.53090811533727,72.45118569924792,73.27470397949219,1192700,0.0,0.0
2014-01-29 00:00:00-05:00,72.75313992981606,73.50345499631219,72.57928414016395,72.78974151611328,2565800,0.0,0.0
2014-01-30 00:00:00-05:00,73.39037876754416,74.05064570627322,73.00522538542833,74.04147338867188,2000400,0.175,0.0
2014-01-31 00:00:00-05:00,72.65676341331435,74.16986717566307,71.39124928947894,73.78471374511719,1937100,0.0,0.0
2014-02-03 00:00:00-05:00,73.53711812120713,73.78471475955381,70.4375320038572,70.50172424316406,2763500,0.0,0.0
2014-02-04 00:00:00-05:00,70.89603979496599,71.2628555366851,70.37332963685547,70.97857666015625,2108200,0.0,0.0
2014-02-05 00:00:00-05:00,70.80435430671935,71.4004291530341,70.5934399280792,71.04278564453125,1791000,0.0,0.0
2014-02-06 00:00:00-05:00,71.16199484412775,71.51047301478731,70.14408428660165,70.91439819335938,1940000,0.0,0.0
2014-02-07 00:00:00-05:00,71.70304927809765,74.46332268533018,71.4371079903693,74.29825592041016,2565700,0.0,0.0
2014-02-10 00:00:00-05:00,74.19737201052891,74.94016879043743,73.85806623632932,74.8759765625,1596500,0.0,0.0
2014-02-11 00:00:00-05:00,74.50916556914247,76.6917084541766,74.21571436614268,76.27904510498047,2672800,0.0,0.0
2014-02-12 00:00:00-05:00,76.17816731753837,77.14105775276869,76.1048027708406,76.50830078125,1436800,0.0,0.0
2014-02-13 00:00:00-05:00,75.82053213153891,77.40700739312454,75.79302217264691,77.32447052001953,1622100,0.0,0.0
2014-02-14 00:00:00-05:00,77.04936160688382,78.33321340559174,76.98516936676991,78.15898132324219,1584000,0.0,0.0
2014-02-18 00:00:00-05:00,77.25110162982544,78.71835765862758,76.3432380551961,78.09477996826172,1836700,0.0,0.0
2014-02-19 00:00:00-05:00,77.97558166625227,78.580828875398,77.40702373861528,77.74632263183594,1666500,0.0,0.0
2014-02-20 00:00:00-05:00,77.49871707468733,78.681694396323,77.260285747209,78.32405090332031,1624500,0.0,0.0
2014-02-21 00:00:00-05:00,78.46158646617044,79.27774782730089,78.34237432228937,79.06683349609375,2023600,0.0,0.0
2014-02-24 00:00:00-05:00,78.73671632190437,80.0297335226228,78.73671632190437,79.48868560791016,1800200,0.0,0.0
2014-02-25 00:00:00-05:00,79.24110751740497,79.58040645988177,78.81926467598103,79.01184844970703,1548100,0.0,0.0
2014-02-26 00:00:00-05:00,79.057668130547,79.16771496287257,78.14980450225544,78.25067901611328,1788200,0.0,0.0
2014-02-27 00:00:00-05:00,78.49828277875046,79.36029888591817,78.27819609052263,78.64501190185547,2369100,0.0,0.0
2014-02-28 00:00:00-05:00,78.63583254833458,78.81923693938006,77.82884343273376,78.49827575683594,3064700,0.0,0.0
2014-03-03 00:00:00-05:00,77.81967073510927,78.01224744369749,77.10438381851613,77.60874938964844,1082800,0.0,0.0
2014-03-04 00:00:00-05:00,78.48908370227912,78.96594619337682,78.25982477290488,78.58995819091797,1439200,0.0,0.0
2014-03-05 00:00:00-05:00,78.975144340795,79.02099194380934,78.34238724990274,78.75505065917969,1406900,0.0,0.0
2014-03-06 00:00:00-05:00,78.98430584351108,79.54369834681022,78.65417233348441,79.37863159179688,1473300,0.0,0.0
2014-03-07 00:00:00-05:00,79.77294936467149,80.19478503054769,79.35111369879529,79.73626708984375,967000,0.0,0.0
2014-03-10 00:00:00-04:00,79.52535441049083,79.95636240315281,79.00264422706493,79.47949981689453,1030500,0.0,0.0
2014-03-11 00:00:00-04:00,79.76378422011099,80.13976529417887,78.92010589005973,79.13102722167969,1603400,0.0,0.0
2014-03-12 00:00:00-04:00,78.58082057263587,79.16772307901577,78.23234239942735,78.42491912841797,1587400,0.0,0.0
2014-03-13 00:00:00-04:00,78.42490923579966,78.66334053532476,76.27904852936038,76.2973861694336,3130000,0.0,0.0
2014-03-14 00:00:00-04:00,76.20570185219694,77.18693024236482,76.18736420782214,76.49915313720703,1531300,0.0,0.0
2014-03-17 00:00:00-04:00,76.3616217940634,77.62713656749365,76.17821730340273,77.55377197265625,1191400,0.0,0.0
2014-03-18 00:00:00-04:00,77.68211863456929,78.47077015341198,77.32447515467894,78.4432601928711,989800,0.0,0.0
2014-03-19 00:00:00-04:00,78.40656822637644,78.42490586566164,77.1777434978394,77.24193572998047,1282100,0.0,0.0
2014-03-20 00:00:00-04:00,77.05854182516741,78.35156607541961,76.56334149505572,78.33322143554688,1007600,0.0,0.0
2014-03-21 00:00:00-04:00,79.08518841065293,79.0943607303177,78.17732466387923,78.7367172241211,1973700,0.0,0.0
2014-03-24 00:00:00-04:00,78.892624822415,79.1769038115237,77.25112915039062,77.25112915039062,1313400,0.0,0.0
2014-03-25 00:00:00-04:00,77.70963802906529,77.920559412867,76.58168753137919,76.9393310546875,1112700,0.0,0.0
2014-03-26 00:00:00-04:00,77.19608584526331,77.39783487184792,76.10481083588057,76.11398315429688,943500,0.0,0.0
2014-03-27 00:00:00-04:00,75.81132229151879,76.16896557296306,75.3069569697919,75.60957336425781,988200,0.0,0.0
2014-03-28 00:00:00-04:00,75.75634586931291,76.70089184671127,75.45372230477861,75.76551818847656,939600,0.0,0.0
2014-03-31 00:00:00-04:00,76.34322741407698,77.34279303935139,76.34322741407698,77.28777313232422,1494700,0.0,0.0
2014-04-01 00:00:00-04:00,77.56289941664964,77.90219822768998,77.19608365114253,77.7646484375,898200,0.0,0.0
2014-04-02 00:00:00-04:00,77.73713852806748,77.99391448469329,77.3519850877729,77.4803695678711,756300,0.0,0.0
2014-04-03 00:00:00-04:00,77.74629538663136,77.85634220330166,76.96681634206051,77.23275756835938,748700,0.0,0.0
2014-04-04 00:00:00-04:00,77.73714002645742,77.87469682819389,75.70132594719016,75.76551818847656,1085300,0.0,0.0
2014-04-07 00:00:00-04:00,75.62795841682862,75.74717057555632,74.26157676514462,74.38996124267578,1365800,0.0,0.0
2014-04-08 00:00:00-04:00,74.34408286231857,75.05019726285299,74.05980403821637,74.46329498291016,1201700,0.0,0.0
2014-04-09 00:00:00-04:00,74.80263110205986,75.83887933069788,74.2524108655833,75.74717712402344,1207700,0.0,0.0
2014-04-10 00:00:00-04:00,75.72881603890912,75.90304807872693,73.02355630264958,73.25281524658203,1865200,0.0,0.0
2014-04-11 00:00:00-04:00,72.24406673002667,73.47289812798411,72.07900003467199,72.84014129638672,2114600,0.0,0.0
2014-04-14 00:00:00-04:00,73.33535708795944,74.49082420289717,73.08775349368725,73.76636505126953,1042900,0.0,0.0
2014-04-15 00:00:00-04:00,73.79388361454583,74.53668049114827,73.10610665578682,74.50917053222656,1160000,0.0,0.0
2014-04-16 00:00:00-04:00,75.16942568930237,75.63711590657516,74.81178228680785,75.52706909179688,1078300,0.0,0.0
2014-04-17 00:00:00-04:00,75.63712084288026,75.63712084288026,75.0043638603584,75.32532501220703,1046400,0.0,0.0
2014-04-21 00:00:00-04:00,75.37120118385651,75.62797017885276,74.94019308664265,75.22447204589844,699300,0.0,0.0
2014-04-22 00:00:00-04:00,75.1969512849602,75.69215155982293,74.83013548916233,75.41703796386719,684000,0.0,0.0
2014-04-23 00:00:00-04:00,75.27032065218162,75.64630179448336,75.12359152591668,75.2519760131836,939400,0.0,0.0
2014-04-24 00:00:00-04:00,75.63712656192531,75.70131879714872,74.70174599560836,75.37118530273438,1466800,0.0,0.0
2014-04-25 00:00:00-04:00,75.32531533495111,79.13101506590037,74.90347973294041,77.90218353271484,2809000,0.0,0.0
2014-04-28 00:00:00-04:00,78.4340661701108,78.81005418394037,76.61833931255438,77.26026153564453,1913500,0.0,0.0
2014-04-29 00:00:00-04:00,77.65577574651928,78.5111576591319,77.64657612973268,77.86732482910156,1546900,0.25,0.0
2014-04-30 00:00:00-04:00,77.85811433628996,78.35478831461205,77.47181469223409,78.06965637207031,1987200,0.0,0.0
2014-05-01 00:00:00-04:00,77.8673477224672,79.05383899846402,77.72938149911182,78.53877258300781,1388600,0.0,0.0
2014-05-02 00:00:00-04:00,78.58474251281672,78.97104222043968,78.02368516816117,78.21683502197266,1419100,0.0,0.0
2014-05-05 00:00:00-04:00,77.60060024692588,78.56634959360605,77.39825075983511,78.3180160522461,1279900,0.0,0.0
2014-05-06 00:00:00-04:00,78.21684561224922,78.63073720970587,77.78455477827073,77.95931243896484,1336200,0.0,0.0
2014-05-07 00:00:00-04:00,78.12487356618892,79.85402995312663,78.12487356618892,79.43093872070312,2021700,0.0,0.0
2014-05-08 00:00:00-04:00,79.08142097422906,79.80802936209028,78.68592162757882,78.80548858642578,1097200,0.0,0.0
2014-05-09 00:00:00-04:00,78.74111679096606,78.97105814194605,77.93172576172765,78.66753387451172,1668000,0.0,0.0
2014-05-12 00:00:00-04:00,79.09982029953382,79.55050335733992,78.73191275515521,79.30216979980469,1284600,0.0,0.0
2014-05-13 00:00:00-04:00,79.3021671081597,79.92760780719904,79.09981761475689,79.5045166015625,1146600,0.0,0.0
2014-05-14 00:00:00-04:00,79.52288091136948,79.5412801409956,78.89744043183217,79.02620697021484,855600,0.0,0.0
2014-05-15 00:00:00-04:00,78.58476009034142,79.42174297740418,77.9961107802249,79.29297637939453,1532900,0.0,0.0
2014-05-16 00:00:00-04:00,79.24697032289298,79.83561946962512,78.5663390454672,79.6884536743164,1186900,0.0,0.0
2014-05-19 00:00:00-04:00,79.39412148072248,80.12993635214,79.32053859013058,79.9643783569336,1481300,0.0,0.0
2014-05-20 00:00:00-04:00,79.93679615200597,80.3690798974681,79.44931470607787,80.0379638671875,1808900,0.0,0.0
2014-05-21 00:00:00-04:00,80.29547981014188,81.04968675903562,80.05633896763916,80.69097900390625,2073100,0.0,0.0
2014-05-22 00:00:00-04:00,80.3506993184268,81.1692898959405,80.2771164083182,80.9577407836914,1815800,0.0,0.0
2014-05-23 00:00:00-04:00,80.91175529681912,81.50040453277208,80.71860542413947,81.33484649658203,1487800,0.0,0.0
2014-05-27 00:00:00-04:00,81.39921618386524,82.18101516184194,81.35322511923374,82.01545715332031,1505900,0.0,0.0
2014-05-28 00:00:00-04:00,81.99708188885191,82.31899835606757,81.80393200852252,81.96949005126953,1595600,0.0,0.0
2014-05-29 00:00:00-04:00,82.3189925359376,82.71449188691207,81.83151806044044,82.59492492675781,1693900,0.0,0.0
2014-05-30 00:00:00-04:00,82.34659429861892,82.83406883288212,82.19943548509278,82.72370147705078,1845000,0.0,0.0
2014-06-02 00:00:00-04:00,82.88004857369853,83.11918950738054,82.43855815899727,82.69609832763672,1158700,0.0,0.0
2014-06-03 00:00:00-04:00,82.5397227156861,82.84324689976589,82.1994141007341,82.34657287597656,965000,0.0,0.0
2014-06-04 00:00:00-04:00,82.0430474786791,82.74207094818476,81.98786381593561,82.55812072753906,800200,0.0,0.0
2014-06-05 00:00:00-04:00,82.77886937215655,82.95362700857387,82.23621126344213,82.83405303955078,1094200,0.0,0.0
2014-06-06 00:00:00-04:00,82.97200773023008,83.4870739338894,82.84324117931524,83.24794006347656,1203000,0.0,0.0
2014-06-09 00:00:00-04:00,83.23873007672168,83.37669622615516,83.05477988897694,83.33990478515625,1498500,0.0,0.0
2014-06-10 00:00:00-04:00,83.01801534479664,83.3491314038146,82.89844136849717,83.14678192138672,1023300,0.0,0.0
2014-06-11 00:00:00-04:00,83.00880775377576,83.29393271494416,82.88924080621354,83.09158325195312,1612100,0.0,0.0
2014-06-12 00:00:00-04:00,83.10078001937859,83.10078001937859,82.06144792458409,82.34657287597656,1050000,0.0,0.0
2014-06-13 00:00:00-04:00,82.60412605607132,83.02721728636187,82.37418471239693,82.7145004272461,1225200,0.0,0.0
2014-06-16 00:00:00-04:00,82.65009583786191,82.77886239576412,82.23620433278353,82.55812072753906,971100,0.0,0.0
2014-06-17 00:00:00-04:00,82.37416844449709,82.87084249081704,82.10743569644092,82.7604751586914,1162200,0.0,0.0
2014-06-18 00:00:00-04:00,82.96281150799214,83.76300969333728,82.59491107161605,83.60665130615234,2576900,0.0,0.0
2014-06-19 00:00:00-04:00,83.71700848427564,83.76299954187438,83.01799212607592,83.36750030517578,883500,0.0,0.0
2014-06-20 00:00:00-04:00,83.66183906263181,83.6802382957017,83.20195647740368,83.41350555419922,2417100,0.0,0.0
2014-06-23 00:00:00-04:00,83.64343906138198,83.74461378209506,83.14676507349526,83.57905578613281,1046300,0.0,0.0
2014-06-24 00:00:00-04:00,83.22035992222719,83.44110160947797,82.63170372747224,82.66849517822266,1216700,0.0,0.0
2014-06-25 00:00:00-04:00,82.32818955382648,83.47789611718527,82.32818955382648,83.35832214355469,1097300,0.0,0.0
2014-06-26 00:00:00-04:00,83.43189068298454,83.43189068298454,82.53971742066646,82.75126647949219,936100,0.0,0.0
2014-06-27 00:00:00-04:00,82.59490758000281,83.21114850385796,82.28218380160199,83.13756561279297,1379600,0.0,0.0
2014-06-30 00:00:00-04:00,83.19276461316966,83.2939393527279,82.65010648031362,82.86164855957031,942900,0.0,0.0
2014-07-01 00:00:00-04:00,82.95359891423047,83.76298950331582,82.86161681005657,83.51465606689453,954700,0.0,0.0
2014-07-02 00:00:00-04:00,83.23873651846472,83.7262108692382,82.87082909725346,82.99959564208984,834400,0.0,0.0
2014-07-03 00:00:00-04:00,83.31231977293544,83.33991160162894,82.71447108799146,83.0547866821289,655600,0.0,0.0
2014-07-07 00:00:00-04:00,82.90762670110246,83.34911704280859,82.64089397633742,83.2663345336914,779600,0.0,0.0
2014-07-08 00:00:00-04:00,83.21116302413277,83.21116302413277,82.61331421009443,82.85245513916016,787500,0.0,0.0
2014-07-09 00:00:00-04:00,82.77886737496183,82.94442539040182,82.45695096084285,82.7604751586914,654900,0.0,0.0
2014-07-10 00:00:00-04:00,82.37416559115354,83.04559724641688,81.8866911784801,82.74207305908203,1183800,0.0,0.0
2014-07-11 00:00:00-04:00,82.54893174075538,83.00881436883759,82.30059820918189,82.86164855957031,713700,0.0,0.0
2014-07-14 00:00:00-04:00,83.02719775932142,83.56986285173595,82.75127242215835,82.79725646972656,1031600,0.0,0.0
2014-07-15 00:00:00-04:00,82.99043060565592,83.05481389945616,82.18103260673546,82.30979919433594,1257600,0.0,0.0
2014-07-16 00:00:00-04:00,82.73289815434616,82.74209777353633,82.29141467476515,82.42018127441406,843700,0.0,0.0
2014-07-17 00:00:00-04:00,82.16263958292343,82.68690554652198,81.8959067920045,81.91429901123047,1028600,0.0,0.0
2014-07-18 00:00:00-04:00,82.1442286257871,82.52133573001277,81.7671285388131,82.49374389648438,759900,0.0,0.0
2014-07-21 00:00:00-04:00,82.04305470750883,82.59491945257305,81.58317209812313,82.50293731689453,1175200,0.0,0.0
2014-07-22 00:00:00-04:00,82.72367384354357,83.84578836801136,82.51212478677887,83.74461364746094,1376200,0.0,0.0
2014-07-23 00:00:00-04:00,83.91019062343231,83.95617467765173,83.57907455714253,83.77222442626953,1295400,0.0,0.0
2014-07-24 00:00:00-04:00,83.92857653548167,83.92857653548167,83.48708614118371,83.6710433959961,1422200,0.0,0.0
2014-07-25 00:00:00-04:00,82.86165432008826,82.86165432008826,78.92505987279404,79.3941421508789,2810400,0.0,0.0
2014-07-28 00:00:00-04:00,78.68590996677283,80.52544023351443,78.68590996677283,80.3874740600586,1611900,0.0,0.0
2014-07-29 00:00:00-04:00,80.40585955086524,80.59900937065004,79.22856140136719,79.22856140136719,1529000,0.0,0.0
2014-07-30 00:00:00-04:00,79.41304016113281,79.53296214300178,78.3706830803467,79.41304016113281,1587300,0.25,0.0
2014-07-31 00:00:00-04:00,78.95183801280916,79.23779992929946,77.78033931517687,77.8172378540039,1595100,0.0,0.0
2014-08-01 00:00:00-04:00,77.70656101003645,78.0663130534138,77.22689396475947,77.4298324584961,1251000,0.0,0.0
2014-08-04 00:00:00-04:00,77.73422928904901,77.96483992268384,77.02395163403207,77.84492492675781,1181100,0.0,0.0
2014-08-05 00:00:00-04:00,77.60504604709573,77.65117096402008,76.66415826583723,76.75640106201172,1716500,0.0,0.0
2014-08-06 00:00:00-04:00,76.61805588436988,77.68809234020858,76.61805588436988,77.07927703857422,1763100,0.0,0.0
2014-08-07 00:00:00-04:00,77.27299526174983,77.33756594699794,76.6641869490785,77.0054931640625,1102900,0.0,0.0
2014-08-08 00:00:00-04:00,77.19922654128563,78.13088853751117,77.1715543882047,78.00174713134766,1030600,0.0,0.0
2014-08-11 00:00:00-04:00,78.11240767587965,78.49060532747977,77.78955430556842,78.28767395019531,1076500,0.0,0.0
2014-08-12 00:00:00-04:00,78.04784633020411,78.75812382978219,78.04784633020411,78.38915252685547,936900,0.0,0.0
2014-08-13 00:00:00-04:00,78.9518466136475,79.54221626151683,78.82270523252286,79.21013641357422,928800,0.0,0.0
2014-08-14 00:00:00-04:00,79.14557039540647,79.2562589928036,78.56442710836009,78.62899780273438,1651500,0.0,0.0
2014-08-15 00:00:00-04:00,78.85961101195817,79.21014368232964,77.60508859075921,78.02941131591797,2070600,0.0,0.0
2014-08-18 00:00:00-04:00,78.38916599293574,79.12711576323436,78.31536890460258,78.87805938720703,1512900,0.0,0.0
2014-08-19 00:00:00-04:00,79.07177457717131,79.7082621731537,78.85039034113838,79.34850311279297,2151900,0.0,0.0
2014-08-20 00:00:00-04:00,78.98874169410394,79.87428557057487,78.98874169410394,79.5975570678711,1905400,0.0,0.0
2014-08-21 00:00:00-04:00,79.61600278441442,80.41853022102222,79.4591892625173,80.18791961669922,1607400,0.0,0.0
2014-08-22 00:00:00-04:00,80.29861731741511,80.62147076428309,79.77282540746515,79.96653747558594,1293900,0.0,0.0
2014-08-25 00:00:00-04:00,80.26173080616032,80.87976564533103,80.08646446401283,80.6214828491211,1163600,0.0,0.0
2014-08-26 00:00:00-04:00,80.63988271879957,80.91661815023116,80.30780301615141,80.32625579833984,1100400,0.0,0.0
2014-08-27 00:00:00-04:00,80.36318173901357,80.73215305655559,79.96653123874682,80.09567260742188,827400,0.0,0.0
2014-08-28 00:00:00-04:00,79.72669629557655,80.42775448469249,79.65289921510605,80.16947174072266,756900,0.0,0.0
2014-08-29 00:00:00-04:00,80.4461880804976,80.66757225078088,80.03109188150697,80.40007019042969,898500,0.0,0.0
2014-09-02 00:00:00-04:00,80.61224607800773,81.49778999576337,80.45543254873044,80.89820098876953,1179000,0.0,0.0
2014-09-03 00:00:00-04:00,81.16570973619513,81.30407751213625,80.907426974533,80.9812240600586,1118800,0.0,0.0
2014-09-04 00:00:00-04:00,81.05503252259881,81.73763806532854,80.7321719875265,81.15650177001953,1292900,0.0,0.0
2014-09-05 00:00:00-04:00,80.95355127336612,80.97199702576319,80.33550948406487,80.74138641357422,1129100,0.0,0.0
2014-09-08 00:00:00-04:00,80.46470176210728,81.17497973823713,80.36323247441999,80.6953125,751200,0.0,0.0
2014-09-09 00:00:00-04:00,80.47389622560587,80.7045068921469,79.6898213669022,79.76361846923828,1125900,0.0,0.0
2014-09-10 00:00:00-04:00,79.95732083037656,80.3631978060319,79.70826443747417,79.98499298095703,685900,0.0,0.0
2014-09-11 00:00:00-04:00,79.55143249976622,80.38163208707071,79.5237603531356,80.10489654541016,708400,0.0,0.0
2014-09-12 00:00:00-04:00,80.16944233810999,80.52919417636643,79.95727756898918,80.32625579833984,1057900,0.0,0.0
2014-09-15 00:00:00-04:00,80.34472027513338,80.86129273173233,80.04031263712122,80.52921295166016,1028100,0.0,0.0
2014-09-16 00:00:00-04:00,80.335516433043,80.62147840251349,79.9296465061035,80.26172637939453,860500,0.0,0.0
2014-09-17 00:00:00-04:00,80.61224928049944,80.86131269588377,79.95731595190148,80.24327087402344,1384200,0.0,0.0
2014-09-18 00:00:00-04:00,80.63991952248786,81.1749378473425,80.38163675536563,81.08269500732422,1280900,0.0,0.0
2014-09-19 00:00:00-04:00,80.99044182827711,81.008887578855,80.07721882694632,80.1786880493164,2513600,0.0,0.0
2014-09-22 00:00:00-04:00,80.00339399464697,80.07718400254501,79.55139236877581,79.79122924804688,885900,0.0,0.0
2014-09-23 00:00:00-04:00,79.50530389791682,79.86505583103782,79.40383468214665,79.57909393310547,2053600,0.0,0.0
2014-09-24 00:00:00-04:00,79.52374964307748,80.65835676586713,79.47763175079655,80.51998901367188,802800,0.0,0.0
2014-09-25 00:00:00-04:00,80.1971358859802,80.28015231497007,79.49607776680212,79.60677337646484,1336800,0.0,0.0
2014-09-26 00:00:00-04:00,79.76358245857418,80.6860247082856,79.57908978602639,80.42774200439453,935900,0.0,0.0
2014-09-29 00:00:00-04:00,79.70822314422205,80.82437721136674,79.64364544275152,80.72290802001953,1163100,0.0,0.0
2014-09-30 00:00:00-04:00,80.62148041186265,81.0642488955006,80.46466686714413,80.87053680419922,1779200,0.0,0.0
2014-10-01 00:00:00-04:00,80.70448231980981,80.84285008514098,79.67135135238111,79.92963409423828,1760500,0.0,0.0
2014-10-02 00:00:00-04:00,80.00344468340106,80.47388531221749,79.54222341286709,80.12335968017578,945700,0.0,0.0
2014-10-03 00:00:00-04:00,80.556895506306,81.18415661222323,80.20636289443416,80.78750610351562,1079700,0.0,0.0
2014-10-06 00:00:00-04:00,80.98122277773317,81.13803630373386,80.28016455169609,80.50154876708984,1207900,0.0,0.0
2014-10-07 00:00:00-04:00,79.92963345156384,80.23404112530945,78.79502623018332,78.80425262451172,1762500,0.0,0.0
2014-10-08 00:00:00-04:00,78.29690686902497,78.29690686902497,76.10149653291191,77.0054931640625,4533500,0.0,0.0
2014-10-09 00:00:00-04:00,76.95937516022957,77.63276125646567,74.95767669960385,74.9668960571289,2929600,0.0,0.0
2014-10-10 00:00:00-04:00,75.40968079162107,76.18452917946772,74.18283047318553,74.21050262451172,2630800,0.0,0.0
2014-10-13 00:00:00-04:00,74.37654269641958,74.67172404053063,73.34341151087007,73.38031005859375,2030000,0.0,0.0
2014-10-14 00:00:00-04:00,73.63859896510617,74.47801812301552,73.4910047619649,73.84153747558594,2011800,0.0,0.0
2014-10-15 00:00:00-04:00,73.14049185900221,74.09983323391934,72.19037688281242,73.79542541503906,3116500,0.0,0.0
2014-10-16 00:00:00-04:00,73.09433977153513,74.26584565625456,73.09433977153513,73.73082733154297,1863300,0.0,0.0
2014-10-17 00:00:00-04:00,74.35809042535156,75.16061793323925,73.73082924437306,74.69017028808594,1674600,0.0,0.0
2014-10-20 00:00:00-04:00,74.18282740090744,75.02225349065488,73.8415281651149,73.97988891601562,2597200,0.0,0.0
2014-10-21 00:00:00-04:00,74.63481832592471,75.60337862804018,74.49645055771477,75.5757064819336,3093500,0.0,0.0
2014-10-22 00:00:00-04:00,75.80632163276178,75.9908073096627,75.30820185991635,75.34510040283203,1558100,0.0,0.0
2014-10-23 00:00:00-04:00,76.08302982826152,76.41510251974275,75.0314393274837,75.2528305053711,1288000,0.0,0.0
2014-10-24 00:00:00-04:00,75.17905975627613,76.01848576476877,75.03146558603142,75.99080657958984,852900,0.0,0.0
2014-10-27 00:00:00-04:00,76.05538965796879,76.4151417094419,75.74176255162958,76.08306884765625,818200,0.0,0.0
2014-10-28 00:00:00-04:00,76.48891003980202,77.02392823635425,76.32287015251602,77.01470184326172,971200,0.0,0.0
2014-10-29 00:00:00-04:00,77.39289874958654,77.39289874958654,76.06457978510433,76.42433166503906,1368100,0.0,0.0
2014-10-30 00:00:00-04:00,76.38733542481042,77.51612230974689,76.20229140323723,76.8777084350586,1780000,0.25,0.0
2014-10-31 00:00:00-04:00,77.2848149507014,79.62565644885694,77.2848149507014,79.57014465332031,2073100,0.0,0.0
2014-11-03 00:00:00-05:00,79.74593120678867,80.7914432230598,79.45910382896294,80.66191101074219,1470900,0.0,0.0
2014-11-04 00:00:00-05:00,80.73594349903547,81.91098790321159,80.3103365865395,81.83696746826172,1575200,0.0,0.0
2014-11-05 00:00:00-05:00,82.16079704469627,82.1978001995632,81.57789500038264,82.04051208496094,927900,0.0,0.0
2014-11-06 00:00:00-05:00,81.89248488758528,82.51239013671875,81.74444402028215,82.51239013671875,1389700,0.0,0.0
2014-11-07 00:00:00-05:00,82.34585374003845,83.16005739309004,82.1700569619453,83.10454559326172,1495300,0.0,0.0
2014-11-10 00:00:00-05:00,82.78994460495241,83.927978515625,82.76218165434717,83.927978515625,1090700,0.0,0.0
2014-11-11 00:00:00-05:00,83.73368908127725,84.19630614802463,83.0860280114214,83.43761444091797,1039300,0.0,0.0
2014-11-12 00:00:00-05:00,83.40985787990208,83.82621041305757,82.91023060472979,83.6226577758789,874000,0.0,0.0
2014-11-13 00:00:00-05:00,83.5116586912803,84.13156404342392,83.12305487952351,83.18782806396484,1017000,0.0,0.0
2014-11-14 00:00:00-05:00,83.0952834850961,83.90949412080919,82.86397492885523,83.13229370117188,881000,0.0,0.0
2014-11-17 00:00:00-05:00,83.68743160932439,83.94650311809342,83.41911989988023,83.70594024658203,988400,0.0,0.0
2014-11-18 00:00:00-05:00,83.67819132907196,84.15005573384619,83.42837411809509,83.81697082519531,945400,0.0,0.0
2014-11-19 00:00:00-05:00,83.53940547238616,83.96501240166995,83.30809689827687,83.63192749023438,1032100,0.0,0.0
2014-11-20 00:00:00-05:00,83.0490098654862,84.15003357906238,83.0490098654862,83.567138671875,1126500,0.0,0.0
2014-11-21 00:00:00-05:00,84.39988652238921,84.6774526182659,83.65044888685003,84.55717468261719,1636800,0.0,0.0
2014-11-24 00:00:00-05:00,84.78847329516209,85.49165336130385,84.56641903284596,85.40837860107422,1038900,0.0,0.0
2014-11-25 00:00:00-05:00,85.58418418136796,85.58418418136796,85.02904493901424,85.05680084228516,1338800,0.0,0.0
2014-11-26 00:00:00-05:00,85.25109209751652,85.25109209751652,84.4461356750587,84.93651580810547,734600,0.0,0.0
2014-11-28 00:00:00-05:00,84.93651377081149,85.76921901526875,84.64043906947659,85.57492065429688,678900,0.0,0.0
2014-12-01 00:00:00-05:00,85.38061486534775,85.79697451033144,84.97350953931313,85.51014709472656,1243100,0.0,0.0
2014-12-02 00:00:00-05:00,85.3528740460477,85.78773534677575,85.28810791991661,85.6952133178711,910600,0.0,0.0
2014-12-03 00:00:00-05:00,85.61192819353379,86.83323718066913,85.22333148375833,86.74996948242188,1422700,0.0,0.0
2014-12-04 00:00:00-05:00,86.50015001402153,88.28585243930213,86.50015001402153,87.56417083740234,3012200,0.0,0.0
2014-12-05 00:00:00-05:00,87.7769614629179,88.64667671537444,87.47163251626914,87.98976135253906,1601200,0.0,0.0
2014-12-08 00:00:00-05:00,87.98978581486239,90.42315668808787,87.73997564477484,90.30287170410156,3190100,0.0,0.0
2014-12-09 00:00:00-05:00,89.507140500915,90.76545938038704,89.43312714133918,89.92350006103516,2591500,0.0,0.0
2014-12-10 00:00:00-05:00,89.76621424387342,90.46939417530193,88.94275641401987,89.1185531616211,2447700,0.0,0.0
2014-12-11 00:00:00-05:00,89.31286694130611,90.21034535271312,88.93352454433742,89.09081268310547,1989600,0.0,0.0
2014-12-12 00:00:00-05:00,88.41538400922923,89.15557424402232,87.88800076110675,87.90650939941406,1436200,0.0,0.0
2014-12-15 00:00:00-05:00,89.02603451185745,89.3406107468081,87.37911879011195,87.76771545410156,1867300,0.0,0.0
2014-12-16 00:00:00-05:00,87.46240264320257,88.79474237623822,87.41614516073646,87.44390106201172,1815700,0.0,0.0
2014-12-17 00:00:00-05:00,87.90652302929539,88.88726924232999,87.25885470868634,88.49867248535156,1724900,0.0,0.0
2014-12-18 00:00:00-05:00,89.39614805264694,89.70147003225296,88.66521204769316,89.47016143798828,2547900,0.0,0.0
2014-12-19 00:00:00-05:00,89.96052668092827,90.08080458878376,89.36837028347104,89.46089935302734,2574800,0.0,0.0
2014-12-22 00:00:00-05:00,89.74774929325501,89.97905792545413,89.35915248531552,89.78475952148438,1013700,0.0,0.0
2014-12-23 00:00:00-05:00,89.89578329680755,90.11783759013748,89.3961558425812,89.44241333007812,1742800,0.0,0.0
2014-12-24 00:00:00-05:00,89.54415170065279,89.74770432443299,89.10004330238303,89.3035888671875,657300,0.0,0.0
2014-12-26 00:00:00-05:00,89.60893412600439,89.60893412600439,88.82248643912007,89.06304931640625,683800,0.0,0.0
2014-12-29 00:00:00-05:00,88.84100391368104,89.31287543383182,88.48941738318379,88.75773620605469,782600,0.0,0.0
2014-12-30 00:00:00-05:00,88.76696719735406,89.28509606591074,88.57266887164532,89.03528594970703,834400,0.0,0.0
2014-12-31 00:00:00-05:00,89.14632807956687,89.4239012077497,87.70296475456303,87.73997497558594,997200,0.0,0.0
2015-01-02 00:00:00-05:00,88.35061947417609,88.86875547139438,86.60192724863558,87.27735137939453,933900,0.0,0.0
2015-01-05 00:00:00-05:00,86.86098592190181,87.25883691835492,86.07453824769736,86.43537902832031,1107600,0.0,0.0
2015-01-06 00:00:00-05:00,86.94426987259762,87.83249396958153,85.71370653719147,85.9172592163086,1793200,0.0,0.0
2015-01-07 00:00:00-05:00,85.77846998324164,86.9535214818898,85.39912759587482,86.89800262451172,1190100,0.0,0.0
2015-01-08 00:00:00-05:00,87.47163242626887,88.69294115263135,87.39761200431333,88.17481231689453,1444100,0.0,0.0
2015-01-09 00:00:00-05:00,88.14705017440045,88.35060280716061,87.40686712497154,87.69368743896484,911000,0.0,0.0
2015-01-12 00:00:00-05:00,87.58267481942784,88.11005804346784,86.41687772350578,86.45388793945312,967700,0.0,0.0
2015-01-13 00:00:00-05:00,87.15707524276588,88.48941500074241,86.25960382916132,86.81474304199219,951300,0.0,0.0
2015-01-14 00:00:00-05:00,85.71369717283135,86.72220613855467,85.26958870234776,86.68519592285156,1529500,0.0,0.0
2015-01-15 00:00:00-05:00,86.74071572852438,87.49940757307077,86.08380022181765,86.55567169189453,1072600,0.0,0.0
2015-01-16 00:00:00-05:00,86.72220907805107,88.47090124017885,86.62968000616854,88.4153823852539,1402700,0.0,0.0
2015-01-20 00:00:00-05:00,88.74846941125585,88.97053071833686,87.06454332359985,87.59192657470703,948800,0.0,0.0
2015-01-21 00:00:00-05:00,87.24033312878333,88.26734365036533,86.3706107262603,87.48089599609375,960000,0.0,0.0
2015-01-22 00:00:00-05:00,87.79548433234874,88.85950521544395,87.09230427045432,88.544921875,1261200,0.0,0.0
2015-01-23 00:00:00-05:00,88.80399661652066,89.10007132815386,87.29586009812643,87.36062622070312,865500,0.0,0.0
2015-01-26 00:00:00-05:00,87.19407672526589,87.52716163137457,86.73145958444574,87.12931060791016,755400,0.0,0.0
2015-01-27 00:00:00-05:00,86.592659547578,87.12929704152731,85.88023236759281,86.3613510131836,866900,0.0,0.0
2015-01-28 00:00:00-05:00,86.8240124892736,87.01831796944414,84.23335981441818,84.27961730957031,1425200,0.0,0.0
2015-01-29 00:00:00-05:00,84.27032515820126,84.8269921788918,83.8157075053794,84.59504699707031,1249500,0.25,0.0
2015-01-30 00:00:00-05:00,83.70436712183184,84.3723702884298,82.89719544912526,83.54664611816406,2157300,0.0,0.0
2015-02-02 00:00:00-05:00,83.83424570848261,85.24446893989214,83.17552240947391,85.21663665771484,1254500,0.0,0.0
2015-02-03 00:00:00-05:00,85.55067355224874,86.1073406610333,85.34656062739958,86.07022857666016,1105100,0.0,0.0
2015-02-04 00:00:00-05:00,85.91247053838894,86.92375493654457,85.81041411990343,86.3949203491211,1387100,0.0,0.0
2015-02-05 00:00:00-05:00,86.4691568313817,87.20210442042082,86.17226729593337,86.95160675048828,1304400,0.0,0.0
2015-02-06 00:00:00-05:00,88.12988497529497,89.99472612751961,88.10205268738794,89.45661163330078,2794400,0.0,0.0
2015-02-09 00:00:00-05:00,89.2339425785766,89.95761034799115,88.84427640710793,89.66072082519531,1292000,0.0,0.0
2015-02-10 00:00:00-05:00,89.99471661139583,91.2379391958162,89.95760453864244,91.0987777709961,1673900,0.0,0.0
2015-02-11 00:00:00-05:00,91.17299204486194,93.01000065865276,90.93177419696113,92.85227966308594,1687100,0.0,0.0
2015-02-12 00:00:00-05:00,92.79663443389228,93.69658296117767,92.67602547560679,93.46463775634766,1627300,0.0,0.0
2015-02-13 00:00:00-05:00,93.3161593653873,93.98416242197167,93.0563819719163,93.29759979248047,1476300,0.0,0.0
2015-02-17 00:00:00-05:00,93.05638887554647,93.87283318394014,93.05638887554647,93.43677520751953,1369700,0.0,0.0
2015-02-18 00:00:00-05:00,93.41821578116566,93.90993828715051,92.56465238752834,93.29759979248047,1251900,0.0,0.0
2015-02-19 00:00:00-05:00,93.07496913689891,93.39041828819235,92.73168769428078,93.03785705566406,810300,0.0,0.0
2015-02-20 00:00:00-05:00,92.7780714434961,93.23268201161581,92.06368340787942,93.09351348876953,1264800,0.0,0.0
2015-02-23 00:00:00-05:00,92.75949057799275,93.43676632851351,92.23065601561785,93.25121307373047,1300700,0.0,0.0
2015-02-24 00:00:00-05:00,93.05641215252729,93.65946397792618,92.87085175529229,93.3254623413086,947000,0.0,0.0
2015-02-25 00:00:00-05:00,93.00071595434775,93.70583112097341,92.97288367170786,93.19554901123047,968600,0.0,0.0
2015-02-26 00:00:00-05:00,93.000722601932,93.19555567274115,92.26777510027621,92.98217010498047,1255800,0.0,0.0
2015-02-27 00:00:00-05:00,93.10278838765916,99.3467553823414,92.45334475302866,93.11206817626953,1295900,0.0,0.0
2015-03-02 00:00:00-05:00,93.07496420981006,93.07496420981006,92.57396175726953,93.00074005126953,1169700,0.0,0.0
2015-03-03 00:00:00-05:00,92.73166681875058,93.30689333078867,92.23067153087717,92.7038345336914,1040800,0.0,0.0
2015-03-04 00:00:00-05:00,92.60178473626893,92.75023303842391,91.96162089883829,92.43478393554688,1109000,0.0,0.0
2015-03-05 00:00:00-05:00,92.49048304480922,93.05642997757417,92.1657540570472,92.99148559570312,756900,0.0,0.0
2015-03-06 00:00:00-05:00,92.83372719437428,93.70584324810947,91.46061583147679,91.65544891357422,889800,0.0,0.0
2015-03-09 00:00:00-04:00,91.6461632254198,91.99872437086486,90.97816008500176,91.78533172607422,810000,0.0,0.0
2015-03-10 00:00:00-04:00,90.8853917231587,91.30289726315426,89.0669424965951,89.08549499511719,1623800,0.0,0.0
2015-03-11 00:00:00-04:00,89.02983852822013,89.67928929010635,88.65872481834303,89.46589660644531,729800,0.0,0.0
2015-03-12 00:00:00-04:00,90.08750757765806,91.21012141292441,89.57723242257622,91.18228912353516,1016300,0.0,0.0
2015-03-13 00:00:00-04:00,91.08951008428605,91.19156652831488,89.39166969188456,89.88339233398438,924300,0.0,0.0
2015-03-16 00:00:00-04:00,89.43806386623484,91.7111238253692,89.43806386623484,91.61834716796875,1109300,0.0,0.0
2015-03-17 00:00:00-04:00,91.1729980298338,91.5997833422365,90.29160927589876,91.38639068603516,863900,0.0,0.0
2015-03-18 00:00:00-04:00,91.13590738364793,92.77807621821188,90.33801536189888,92.3420181274414,1011700,0.0,0.0
2015-03-19 00:00:00-04:00,92.04513756497312,92.04513756497312,90.75552274574021,91.76680755615234,793400,0.0,0.0
2015-03-20 00:00:00-04:00,92.00802318314976,92.72241838593092,91.30291484902534,92.1286392211914,1949000,0.0,0.0
2015-03-23 00:00:00-04:00,92.63889209801694,92.63889209801694,91.91522435784572,91.93377685546875,869800,0.0,0.0
2015-03-24 00:00:00-04:00,91.6832871295518,92.11934518462202,91.0709555574143,91.08950805664062,703400,0.0,0.0
2015-03-25 00:00:00-04:00,91.14514876518714,91.38637366239097,89.01125799270105,89.0205307006836,980100,0.0,0.0
2015-03-26 00:00:00-04:00,88.62160982676014,89.32672514451083,88.40822422851778,89.09477996826172,1147500,0.0,0.0
2015-03-27 00:00:00-04:00,89.01127156726992,89.71637971523897,88.61232563268558,88.94632720947266,1345200,0.0,0.0
2015-03-30 00:00:00-04:00,89.59577088417599,91.15444255139711,89.41021759838468,91.01527404785156,1092700,0.0,0.0
2015-03-31 00:00:00-04:00,90.36582639632748,90.51426760258937,89.0298201479515,89.17826843261719,1799900,0.0,0.0
2015-04-01 00:00:00-04:00,88.91850110789427,89.94833827684967,88.43605824636089,89.28034210205078,1374000,0.0,0.0
2015-04-02 00:00:00-04:00,89.27106468501623,89.77206713823213,88.8350066010095,89.65145111083984,874300,0.0,0.0
2015-04-06 00:00:00-04:00,89.22466643773426,91.330732548568,88.90922440367027,90.76478576660156,1109700,0.0,0.0
2015-04-07 00:00:00-04:00,90.77407654183156,90.92252487804296,90.27308110313373,90.29163360595703,711100,0.0,0.0
2015-04-08 00:00:00-04:00,90.49573139101055,91.59051291301378,90.30089829112926,91.51628875732422,870100,0.0,0.0
2015-04-09 00:00:00-04:00,91.30286871129802,91.79459117001716,90.56064159123741,91.31214141845703,763900,0.0,0.0
2015-04-10 00:00:00-04:00,91.20083369378061,91.5626675531069,90.8575523315257,91.1544418334961,553400,0.0,0.0
2015-04-13 00:00:00-04:00,91.17300516604818,91.8410083944716,90.98745185966608,91.49773406982422,569300,0.0,0.0
2015-04-14 00:00:00-04:00,91.32144855393835,91.65545015015574,90.40294770354281,91.46061706542969,832600,0.0,0.0
2015-04-15 00:00:00-04:00,91.79461422230554,91.87811107811957,91.29361185220877,91.36783599853516,821100,0.0,0.0
2015-04-16 00:00:00-04:00,90.73693943962915,90.9410452121117,90.18026545415603,90.56993865966797,1060000,0.0,0.0
2015-04-17 00:00:00-04:00,90.09675573878286,90.1245880184017,88.77930926187132,89.22463989257812,2058800,0.0,0.0
2015-04-20 00:00:00-04:00,89.74421818101646,90.43077382492112,89.60504967901313,90.36582946777344,1037600,0.0,0.0
2015-04-21 00:00:00-04:00,90.45863819155532,90.75552779786827,89.74425000956705,90.0875244140625,1228500,0.0,0.0
2015-04-22 00:00:00-04:00,89.48443948656764,90.42149991062675,89.30816597909052,90.1802749633789,1269600,0.0,0.0
2015-04-23 00:00:00-04:00,89.80916769112848,90.76478060616186,89.53083067115172,90.37511444091797,742500,0.0,0.0
2015-04-24 00:00:00-04:00,90.27306774578405,91.06167994960207,89.68856135644657,90.77406311035156,818700,0.0,0.0
2015-04-27 00:00:00-04:00,91.39566078781874,91.50698991977325,90.607048763392,90.8482666015625,1313600,0.0,0.0
2015-04-28 00:00:00-04:00,90.54209146641294,91.03382105483686,89.97615189936495,90.9781494140625,824600,0.0,0.0
2015-04-29 00:00:00-04:00,90.97817296146215,91.58308243317245,90.49424254404333,91.08984375,845400,0.3,0.0
2015-04-30 00:00:00-04:00,90.59661222064665,91.34111727859694,89.21928709360297,89.55431365966797,1889700,0.0,0.0
2015-05-01 00:00:00-04:00,90.15919417613699,92.37409228155654,90.01029746071683,91.59236145019531,1314400,0.0,0.0
2015-05-04 00:00:00-04:00,91.66684608870762,92.09493406106601,91.19222388234466,91.94603729248047,786400,0.0,0.0
2015-05-05 00:00:00-04:00,91.93672941239409,92.42065278749182,90.87581419379802,90.91304016113281,5807900,0.0,0.0
2015-05-06 00:00:00-04:00,91.080524347729,91.2015033777974,89.96376698506872,90.62451171875,1037100,0.0,0.0
2015-05-07 00:00:00-04:00,90.78274077257898,91.33180774258284,90.11268764976819,91.11776733398438,1293800,0.0,0.0
2015-05-08 00:00:00-04:00,92.11351321992281,93.06275014737128,91.8157127034562,92.96038055419922,1650200,0.0,0.0
2015-05-11 00:00:00-04:00,92.71842956800747,93.85379642912383,92.71842956800747,93.23958587646484,1540100,0.0,0.0
2015-05-12 00:00:00-04:00,92.63466720091208,93.00691964102502,91.87155289373668,92.2344970703125,863400,0.0,0.0
2015-05-13 00:00:00-04:00,92.16004847399749,92.59744457433848,91.38762587552829,91.78779602050781,1301400,0.0,0.0
2015-05-14 00:00:00-04:00,92.50438558986369,93.09998669055283,91.88086679697429,93.04415130615234,1383600,0.0,0.0
2015-05-15 00:00:00-04:00,93.02554322457836,93.34196033187028,92.13214149242448,92.64398956298828,1592200,0.0,0.0
2015-05-18 00:00:00-04:00,92.71845808284806,94.09579054290305,92.50441763508188,94.03995513916016,1098300,0.0,0.0
2015-05-19 00:00:00-04:00,94.25398198634197,94.7658301138857,93.91895541197273,94.3935775756836,1362000,0.0,0.0
2015-05-20 00:00:00-04:00,94.44940037082941,95.2590490008939,94.04923018817121,95.11945343017578,1164400,0.0,0.0
2015-05-21 00:00:00-04:00,94.73790682863769,95.31489148370156,94.64483837448114,95.2590560913086,1248900,0.0,0.0
2015-05-22 00:00:00-04:00,94.8030440817818,96.16175963918633,94.8030440817818,95.75228118896484,1844500,0.0,0.0
2015-05-26 00:00:00-04:00,95.27763897743742,95.75226098092519,94.55175067805862,95.0635986328125,1344800,0.0,0.0
2015-05-27 00:00:00-04:00,95.4079497205521,96.22690664956497,94.94263586547696,95.82673645019531,1205300,0.0,0.0
2015-05-28 00:00:00-04:00,95.43590119827816,95.82676324178968,95.05434032237791,95.7616195678711,774100,0.0,0.0
2015-05-29 00:00:00-04:00,95.83604208899027,95.83604208899027,94.16090941657559,94.19813537597656,1785200,0.0,0.0
2015-06-01 00:00:00-04:00,94.4308019948431,94.74721203205684,93.86311848089939,93.90965270996094,1124400,0.0,0.0
2015-06-02 00:00:00-04:00,93.76074003169063,94.52385445563584,93.14652234649955,94.17951965332031,1008900,0.0,0.0
2015-06-03 00:00:00-04:00,94.57967406274774,95.11013147502055,94.1795039376911,94.84025573730469,774900,0.0,0.0
2015-06-04 00:00:00-04:00,94.2632708411654,95.01707692820533,93.63975205064779,93.81656646728516,855400,0.0,0.0
2015-06-05 00:00:00-04:00,94.12368963187897,94.72859908660787,93.60254036632853,93.96548461914062,714300,0.0,0.0
2015-06-08 00:00:00-04:00,93.73282477588904,94.17022093882282,93.46294188599106,93.50016784667969,643900,0.0,0.0
2015-06-09 00:00:00-04:00,93.5281006424889,94.0585582427248,93.41642274239238,93.6304702758789,642200,0.0,0.0
2015-06-10 00:00:00-04:00,93.79795408790211,95.48238772574362,93.63974910426366,95.28695678710938,832700,0.0,0.0
2015-06-11 00:00:00-04:00,95.30559795148015,96.13385613890057,95.16600235919122,96.03148651123047,942600,0.0,0.0
2015-06-12 00:00:00-04:00,95.9570189405736,96.23621007964206,95.06361723573036,95.13806915283203,1569300,0.0,0.0
2015-06-15 00:00:00-04:00,94.39354578409036,95.54752187374568,94.3004844559144,95.44515228271484,1092700,0.0,0.0
2015-06-16 00:00:00-04:00,95.28697197960388,96.32927758529598,95.13807523600562,96.18968200683594,927400,0.0,0.0
2015-06-17 00:00:00-04:00,96.50609507776917,96.97140895393994,95.84535022562181,96.52471160888672,937600,0.0,0.0
2015-06-18 00:00:00-04:00,96.88765712407415,97.43672409703431,96.59916478913755,97.26921081542969,1082600,0.0,0.0
2015-06-19 00:00:00-04:00,97.07378827407334,97.21338387089787,95.8453598022461,95.8453598022461,1495100,0.0,0.0
2015-06-22 00:00:00-04:00,96.26415393401119,96.73876905923186,96.15247602800939,96.49681091308594,706200,0.0,0.0
2015-06-23 00:00:00-04:00,96.53403439599073,96.91558813978195,96.39443879211497,96.79460906982422,892900,0.0,0.0
2015-06-24 00:00:00-04:00,96.52470626331365,96.7201372284672,96.23621394810499,96.35719299316406,1171300,0.0,0.0
2015-06-25 00:00:00-04:00,96.78529292654089,96.78529292654089,95.89189107461881,95.90119934082031,794400,0.0,0.0
2015-06-26 00:00:00-04:00,96.28274650075201,96.31997246289775,95.46379663392453,95.62200164794922,1996300,0.0,0.0
2015-06-29 00:00:00-04:00,94.9240431077173,95.23115201003749,93.03486966031934,93.10932159423828,1020900,0.0,0.0
2015-06-30 00:00:00-04:00,94.04922479942128,94.37495014580895,92.60675625165193,92.76496124267578,1393900,0.0,0.0
2015-07-01 00:00:00-04:00,93.93758316401504,94.3656711490347,92.58816843937186,92.79290771484375,2251700,0.0,0.0
2015-07-02 00:00:00-04:00,93.0534554072294,93.14651675087595,92.27173160044788,92.60675811767578,888100,0.0,0.0
2015-07-06 00:00:00-04:00,91.70406101073473,92.93248937915011,91.55515715995644,92.77428436279297,781500,0.0,0.0
2015-07-07 00:00:00-04:00,92.78358121309853,93.2768198707668,91.50862577570666,93.23028564453125,723800,0.0,0.0
2015-07-08 00:00:00-04:00,92.29965544091375,93.17444774973055,92.19728582604687,92.37410736083984,1475800,0.0,0.0
2015-07-09 00:00:00-04:00,93.23028738615383,93.63045759882652,92.90456909679844,93.2023696899414,1286000,0.0,0.0
2015-07-10 00:00:00-04:00,94.50523605530694,95.04499466969777,93.90963495657383,94.71927642822266,1169000,0.0,0.0
2015-07-13 00:00:00-04:00,95.45448992019024,95.61269493678692,94.70068369983137,94.95195007324219,955300,0.0,0.0
2015-07-14 00:00:00-04:00,94.92403063479314,95.19391353469153,94.51455215217128,94.97986602783203,611800,0.0,0.0
2015-07-15 00:00:00-04:00,95.454491824972,95.56616971545331,94.64484309426707,94.79374694824219,773500,0.0,0.0
2015-07-16 00:00:00-04:00,95.66856424977405,95.77093390100484,95.10088058390453,95.65925598144531,663800,0.0,0.0
2015-07-17 00:00:00-04:00,95.48240220644395,95.72436740055021,95.06362257444843,95.30558776855469,490100,0.0,0.0
2015-07-20 00:00:00-04:00,95.25906587024402,95.58478419285034,94.84958735032353,95.22183990478516,650700,0.0,0.0
2015-07-21 00:00:00-04:00,95.32418930056014,95.82672907739153,94.70067048676252,95.04499816894531,882600,0.0,0.0
2015-07-22 00:00:00-04:00,95.15670302805823,95.37075056968352,94.6541631087065,94.84959411621094,634700,0.0,0.0
2015-07-23 00:00:00-04:00,94.93332026013071,94.98915564220628,94.38424630259634,94.52384185791016,642600,0.0,0.0
2015-07-24 00:00:00-04:00,94.56108376803492,94.88680205197593,94.18883125776259,94.25397491455078,653200,0.0,0.0
2015-07-27 00:00:00-04:00,93.96548113768755,94.26328172127222,93.41640709600351,94.02131652832031,656400,0.0,0.0
2015-07-28 00:00:00-04:00,94.40285514057436,94.44008109230084,93.6583503062933,94.14228057861328,737500,0.0,0.0
2015-07-29 00:00:00-04:00,94.272588742819,95.04500433684474,94.23536278284624,94.81234741210938,840000,0.0,0.0
2015-07-30 00:00:00-04:00,94.7003299546306,95.26968989543568,94.3269781231216,95.14835357666016,1016000,0.3,0.0
2015-07-31 00:00:00-04:00,95.20436837174088,96.49242490964672,93.89764032281172,94.05631256103516,1216700,0.0,0.0
2015-08-03 00:00:00-04:00,94.07497663921347,94.17764857844479,91.78820095399139,92.90825653076172,1297400,0.0,0.0
2015-08-04 00:00:00-04:00,92.91759558175153,94.37366005000244,92.91759558175153,93.52428436279297,1233700,0.0,0.0
2015-08-05 00:00:00-04:00,93.8976574140799,94.99904176879645,93.59897727319556,94.57902526855469,1199100,0.0,0.0
2015-08-06 00:00:00-04:00,95.03638263365815,95.67107885628026,93.97233413118822,94.19634246826172,1013600,0.0,0.0
2015-08-07 00:00:00-04:00,93.97231904323742,94.71902287505578,93.57096697982676,94.5696792602539,822900,0.0,0.0
2015-08-10 00:00:00-04:00,95.40971256830063,96.24975253963402,95.40971256830063,95.92306518554688,864900,0.0,0.0
2015-08-11 00:00:00-04:00,94.98969571496706,95.18571098966838,93.79497528093407,94.5696792602539,1127000,0.0,0.0
2015-08-12 00:00:00-04:00,93.88830470208075,94.72834467196219,92.94559990580349,94.48567199707031,735700,0.0,0.0
2015-08-13 00:00:00-04:00,94.27100495450854,94.90570111429362,93.55230834704847,94.47634887695312,1037800,0.0,0.0
2015-08-14 00:00:00-04:00,94.1216432265905,95.38170666811477,93.88829919980373,94.5510025024414,1157700,0.0,0.0
2015-08-17 00:00:00-04:00,94.03764231469408,95.82972272219926,93.78563390033332,95.72705078125,1126000,0.0,0.0
2015-08-18 00:00:00-04:00,95.60572814941406,95.97908006807647,95.2230404744838,95.60572814941406,717500,0.0,0.0
2015-08-19 00:00:00-04:00,95.12971055841277,95.82974278173113,93.9443257935426,94.30834197998047,956100,0.0,0.0
2015-08-20 00:00:00-04:00,93.42161550913333,93.94431099589055,92.600247060079,92.70291900634766,1237900,0.0,0.0
2015-08-21 00:00:00-04:00,92.0402403917607,92.77760854635754,90.07081576746825,90.09881591796875,1507100,0.0,0.0
2015-08-24 00:00:00-04:00,85.71194276818723,89.24943961111119,84.04119842573424,85.61860656738281,2549800,0.0,0.0
2015-08-25 00:00:00-04:00,87.625350965259,87.67202262149888,83.32248631623594,83.43449401855469,2751100,0.0,0.0
2015-08-26 00:00:00-04:00,85.48791924492348,86.61731066731508,83.90118261823118,86.44930267333984,1696700,0.0,0.0
2015-08-27 00:00:00-04:00,87.4293398165543,88.15737205382035,86.4492991591172,88.10137176513672,1468200,0.0,0.0
2015-08-28 00:00:00-04:00,87.87738166845936,88.51207784885375,86.77599732957192,87.30802154541016,1476800,0.0,0.0
2015-08-31 00:00:00-04:00,86.75730125151263,87.55067659319653,86.01060468199634,87.21466064453125,1432900,0.0,0.0
2015-09-01 00:00:00-04:00,85.34792523437197,85.96394984669877,83.7238454577652,84.26520538330078,2148700,0.0,0.0
2015-09-02 00:00:00-04:00,85.59994190783372,85.72127826648429,84.10654121211202,84.98391723632812,1298700,0.0,0.0
2015-09-03 00:00:00-04:00,85.34791776457806,85.889270521638,85.03056616938231,85.35724639892578,1410100,0.0,0.0
2015-09-04 00:00:00-04:00,84.21853584077219,84.6852239306951,83.62116853426333,84.2745361328125,1359500,0.0,0.0
2015-09-08 00:00:00-04:00,85.32926411585967,86.59865652017761,85.31059972216224,86.51465606689453,1342100,0.0,0.0
2015-09-09 00:00:00-04:00,87.10269318143904,87.45737368168008,85.22660445513539,85.4412841796875,965000,0.0,0.0
2015-09-10 00:00:00-04:00,85.12392140319128,85.79595352350064,85.01192079720406,85.57194519042969,1986200,0.0,0.0
2015-09-11 00:00:00-04:00,85.25458815988115,85.75861221839915,84.39588366955985,85.23592376708984,2153900,0.0,0.0
2015-09-14 00:00:00-04:00,85.23590940867135,85.35724574411526,84.47987700879985,84.75055694580078,1185400,0.0,0.0
2015-09-15 00:00:00-04:00,85.11457983031876,86.22529269042332,84.38654751766833,85.9546127319336,1771600,0.0,0.0
2015-09-16 00:00:00-04:00,85.84260058547677,86.1319448961393,85.15190426917212,85.85193634033203,1310300,0.0,0.0
2015-09-17 00:00:00-04:00,86.09460791192154,87.42933599560892,85.84259950276407,86.01994323730469,1248100,0.0,0.0
2015-09-18 00:00:00-04:00,84.46122478218464,85.45993720206415,83.07049600035538,83.3598403930664,2550400,0.0,0.0
2015-09-21 00:00:00-04:00,84.16252524848244,84.83455721196134,83.54650069602336,84.37720489501953,1521500,0.0,0.0
2015-09-22 00:00:00-04:00,83.09846701316445,84.00384290383639,83.07046687157154,83.56515502929688,1902700,0.0,0.0
2015-09-23 00:00:00-04:00,83.6491983590953,83.73319881980821,82.60381419216449,83.15450286865234,936400,0.0,0.0
2015-09-24 00:00:00-04:00,82.43578688943592,83.19181934360168,81.9037627325979,83.02381134033203,1378700,0.0,0.0
2015-09-25 00:00:00-04:00,83.80785704543962,84.7598977178677,83.59317736773255,84.02252960205078,1086600,0.0,0.0
2015-09-28 00:00:00-04:00,83.35050257764267,84.05986340559593,82.1744465002107,82.5197982788086,1404400,0.0,0.0
2015-09-29 00:00:00-04:00,82.4450933554364,82.8837811592944,81.74506144402713,82.51042938232422,1241100,0.0,0.0
2015-09-30 00:00:00-04:00,83.45317819075532,83.7985228633833,81.97844193140982,82.70647430419922,1960200,0.0,0.0
2015-10-01 00:00:00-04:00,82.8278056767708,83.35050121435559,81.94110109578438,82.65979766845703,1455400,0.0,0.0
2015-10-02 00:00:00-04:00,81.22238758146122,83.81717920081564,80.62502742881559,83.79850769042969,1583500,0.0,0.0
2015-10-05 00:00:00-04:00,84.27455087821087,85.53460751725405,83.92919906764794,85.42259979248047,936700,0.0,0.0
2015-10-06 00:00:00-04:00,84.93723236597162,85.76793659634681,84.16252842763676,84.2745361328125,981200,0.0,0.0
2015-10-07 00:00:00-04:00,84.7132416543036,85.37593802496903,84.20921755807287,85.08659362792969,1037500,0.0,0.0
2015-10-08 00:00:00-04:00,84.82521955569119,85.95460381080261,84.4052031484768,85.80526733398438,793600,0.0,0.0
2015-10-09 00:00:00-04:00,85.54394758872493,86.17864381892466,84.86257969057507,85.20793151855469,1043600,0.0,0.0
2015-10-12 00:00:00-04:00,85.08656967567332,85.450585789185,84.9465618348393,85.19857025146484,900000,0.0,0.0
2015-10-13 00:00:00-04:00,84.85323891765378,85.15191903496428,84.20920702175792,84.73189544677734,1330200,0.0,0.0
2015-10-14 00:00:00-04:00,84.52653854117789,84.75055393555662,83.92917839835712,84.05052185058594,840000,0.0,0.0
2015-10-15 00:00:00-04:00,84.78786755857146,85.61857870232939,84.50785904728858,85.1705551147461,1257900,0.0,0.0
2015-10-16 00:00:00-04:00,85.82393891035461,86.1412905219483,84.99323466040846,85.51593017578125,950500,0.0,0.0
2015-10-19 00:00:00-04:00,85.46924897951268,85.60925681838326,84.35852914452586,84.59187316894531,1028600,0.0,0.0
2015-10-20 00:00:00-04:00,84.09718688217542,85.49725106041728,84.09718688217542,85.45991516113281,1791900,0.0,0.0
2015-10-21 00:00:00-04:00,85.93595599484883,86.21597173439085,85.15192331788488,85.23592376708984,1243100,0.0,0.0
2015-10-22 00:00:00-04:00,85.70260025126954,87.12132890643132,85.68393586101924,86.2532958984375,1016400,0.0,0.0
2015-10-23 00:00:00-04:00,86.71066011509295,86.96266858403389,85.51593958466941,86.32797241210938,1651400,0.0,0.0
2015-10-26 00:00:00-04:00,86.49597665380325,86.72932071974387,85.95461671175805,86.54264831542969,802800,0.0,0.0
2015-10-27 00:00:00-04:00,85.77728708493734,86.60799145799217,85.4599354263128,86.5986557006836,993300,0.0,0.0
2015-10-28 00:00:00-04:00,86.99068207865771,88.50275448755201,86.48666506345678,88.4747543334961,998500,0.0,0.0
2015-10-29 00:00:00-04:00,88.22190790106069,88.88670808179366,87.58519676203845,88.79307556152344,809500,0.3,0.0
2015-10-30 00:00:00-04:00,87.0795947582109,87.72567145691877,86.19007487353922,87.36985778808594,2369100,0.0,0.0
2015-11-02 00:00:00-05:00,87.42602245504784,88.81180092675235,87.00466539012281,88.67134857177734,1235100,0.0,0.0
2015-11-03 00:00:00-05:00,88.28747224520173,89.08335957115118,87.80057159479861,88.59646606445312,3179200,0.0,0.0
2015-11-04 00:00:00-05:00,88.59645014112988,89.07397816465101,88.32491081638251,88.4466323852539,1516600,0.0,0.0
2015-11-05 00:00:00-05:00,88.44663260009604,89.18634169819694,88.44663260009604,88.7649917602539,1485400,0.0,0.0
2015-11-06 00:00:00-05:00,89.65448590380277,89.65448590380277,87.46345542139687,87.61326599121094,2044000,0.0,0.0
2015-11-09 00:00:00-05:00,87.45414158657053,87.69759194270794,86.31180585050956,86.54589080810547,1209700,0.0,0.0
2015-11-10 00:00:00-05:00,86.38667888045626,87.1638351877538,85.90914376501335,87.06084442138672,728200,0.0,0.0
2015-11-11 00:00:00-05:00,87.31366136181727,88.06273584492293,86.80803715727652,87.91291809082031,796200,0.0,0.0
2015-11-12 00:00:00-05:00,87.25749826369986,87.76312255508937,86.89232635498047,86.89232635498047,949000,0.0,0.0
2015-11-13 00:00:00-05:00,86.92976747038,87.40730267999545,86.45223940446898,87.1732177734375,1728400,0.0,0.0
2015-11-16 00:00:00-05:00,86.86423173087103,88.36238098144531,86.50842521289741,88.36238098144531,878000,0.0,0.0
2015-11-17 00:00:00-05:00,88.25936081342988,88.31553889588098,87.58519524920355,87.70691680908203,1259800,0.0,0.0
2015-11-18 00:00:00-05:00,87.78184182059626,89.00844447098392,87.67884388803039,88.96163177490234,1031700,0.0,0.0
2015-11-19 00:00:00-05:00,88.82116792578701,89.27997229286606,87.52902195283426,87.84737396240234,3081700,0.0,0.0
2015-11-20 00:00:00-05:00,87.94101311561903,89.0365287281235,87.49157411014734,88.82117462158203,1213400,0.0,0.0
2015-11-23 00:00:00-05:00,88.82118097542255,89.20507652240398,88.44664368160075,88.69009399414062,711900,0.0,0.0
2015-11-24 00:00:00-05:00,88.10019022558808,89.11143871600368,87.77247279176014,88.71817779541016,930200,0.0,0.0
2015-11-25 00:00:00-05:00,88.63391398399624,88.80244826168222,88.17510241572484,88.49346160888672,506500,0.0,0.0
2015-11-27 00:00:00-05:00,88.65262364878357,88.89607391765583,88.17508850622356,88.6245346069336,414400,0.0,0.0
2015-11-30 00:00:00-05:00,88.3155328027048,89.05524179332356,88.3155328027048,88.70879364013672,1145700,0.0,0.0
2015-12-01 00:00:00-05:00,88.98970853742212,89.72005221756231,88.74625826280752,89.6076889038086,754900,0.0,0.0
2015-12-02 00:00:00-05:00,89.49534361273864,89.57961075051968,88.3530081203437,88.5121841430664,958200,0.0,0.0
2015-12-03 00:00:00-05:00,88.5121728614419,88.94288817940152,87.22002690756298,87.7162857055664,1295200,0.0,0.0
2015-12-04 00:00:00-05:00,88.04400317762071,90.5346697087236,87.78182925723168,90.4972152709961,932200,0.0,0.0
2015-12-07 00:00:00-05:00,90.06650707683352,90.73130732574873,89.81369138810129,90.58148956298828,1119900,0.0,0.0
2015-12-08 00:00:00-05:00,89.90730608319592,90.14139093329597,88.92415399899735,89.0458755493164,1159300,0.0,0.0
2015-12-09 00:00:00-05:00,88.41855016079792,89.70133800552543,88.00655844406995,88.23128509521484,1025900,0.0,0.0
2015-12-10 00:00:00-05:00,88.23130309836324,88.38111375265693,87.55713729477714,87.85676574707031,1049300,0.0,0.0
2015-12-11 00:00:00-05:00,86.76122453274915,88.02528147320862,86.42414172946613,87.36048126220703,1775800,0.0,0.0
2015-12-14 00:00:00-05:00,87.63200882216896,88.47471578596712,86.33049751174308,88.0908203125,1301400,0.0,0.0
2015-12-15 00:00:00-05:00,88.78372550676511,90.77812639356397,88.59646043386832,90.53468322753906,1730600,0.0,0.0
2015-12-16 00:00:00-05:00,90.95601107505969,91.56463312939489,89.49532385961753,90.75001525878906,1733700,0.0,0.0
2015-12-17 00:00:00-05:00,90.60022012223794,91.20884228040518,87.31366618309812,87.33238983154297,2858600,0.0,0.0
2015-12-18 00:00:00-05:00,86.75185971753434,87.31366201219646,85.02899125103959,85.1975326538086,3309000,0.0,0.0
2015-12-21 00:00:00-05:00,85.64696850414127,86.302403245357,84.21437032426768,85.01962280273438,1224000,0.0,0.0
2015-12-22 00:00:00-05:00,85.0664498271185,85.83424800069676,83.52148808387942,85.27244567871094,1299700,0.0,0.0
2015-12-23 00:00:00-05:00,85.58145805938408,85.93726460712098,84.29866997797848,85.91854095458984,1264400,0.0,0.0
2015-12-24 00:00:00-05:00,85.96535204695486,86.6395178247339,85.38482596119387,86.19007873535156,276100,0.0,0.0
2015-12-28 00:00:00-05:00,85.89979158981093,86.31178329349432,85.4222635445824,86.14324188232422,709600,0.0,0.0
2015-12-29 00:00:00-05:00,86.7986926330772,87.95975907544793,86.73314913582283,87.86611938476562,806000,0.0,0.0
2015-12-30 00:00:00-05:00,87.84738666948806,88.16574586881032,87.3323969986894,87.58521270751953,662100,0.0,0.0
2015-12-31 00:00:00-05:00,87.18257363840122,87.55711087668725,86.32114299093594,86.3398666381836,856600,0.0,0.0
2016-01-04 00:00:00-05:00,84.93534851074219,85.09452449874007,84.00837447885127,84.93534851074219,1469200,0.0,0.0
2016-01-05 00:00:00-05:00,84.94471611037446,85.62823990891074,84.60763333662669,85.4503402709961,1558700,0.0,0.0
2016-01-06 00:00:00-05:00,84.64509605810692,84.82299571343678,83.59639319893007,84.15819549560547,1442500,0.0,0.0
2016-01-07 00:00:00-05:00,82.70686774492178,83.3061244389013,82.53832635325858,82.93158721923828,1949300,0.0,0.0
2016-01-08 00:00:00-05:00,83.1563191586022,83.41849310855496,81.30237071610532,81.48027038574219,1179600,0.0,0.0
2016-01-11 00:00:00-05:00,81.95779911044349,82.11697511837072,80.11320906651099,80.90910339355469,1208200,0.0,0.0
2016-01-12 00:00:00-05:00,81.64883297046876,81.73310727263309,80.26305397753406,81.60202026367188,1093300,0.0,0.0
2016-01-13 00:00:00-05:00,82.12634011158116,82.29488151435574,80.07575423510767,80.44093322753906,1196400,0.0,0.0
2016-01-14 00:00:00-05:00,80.62820758606948,82.48215608691712,80.33794458144389,81.82672119140625,1135500,0.0,0.0
2016-01-15 00:00:00-05:00,82.0701533067823,82.0701533067823,79.67311948377291,80.60945892333984,1676500,0.0,0.0
2016-01-19 00:00:00-05:00,81.23683645649137,81.5364648824306,80.1225898989181,80.5064926147461,1089400,0.0,0.0
2016-01-20 00:00:00-05:00,79.19560151386479,80.37538421323569,78.49334684550901,79.53268432617188,1576900,0.0,0.0
2016-01-21 00:00:00-05:00,79.80423049485192,80.48775443015921,78.87724910970798,79.23306274414062,894700,0.0,0.0
2016-01-22 00:00:00-05:00,80.45029187371205,81.16191192710359,80.2630268224687,80.90910339355469,949300,0.0,0.0
2016-01-25 00:00:00-05:00,80.70311830644198,81.11510290282416,79.81359133522744,80.2817611694336,1454000,0.0,0.0
2016-01-26 00:00:00-05:00,80.70310143601212,81.22744925472618,80.19747726352217,80.55328369140625,1112800,0.0,0.0
2016-01-27 00:00:00-05:00,80.54392400462554,80.89037220580212,79.82294570279767,80.44093322753906,1412300,0.0,0.0
2016-01-28 00:00:00-05:00,80.90133546948229,82.67721790117622,80.2717913627414,80.89193725585938,947700,0.3,0.0
2016-01-29 00:00:00-05:00,81.49333480817961,82.66786109167342,81.08929747990815,82.52691650390625,1882300,0.0,0.0
2016-02-01 00:00:00-05:00,82.24500065450782,82.65843606620808,81.73760460434946,82.29198455810547,838800,0.0,0.0
2016-02-02 00:00:00-05:00,81.26779880731085,81.75640562471257,80.7228242061533,80.99530792236328,900100,0.0,0.0
2016-02-03 00:00:00-05:00,81.8033642464218,82.7899687089936,81.09864882136651,82.44230651855469,1414200,0.0,0.0
2016-02-04 00:00:00-05:00,82.16983067274839,83.66383137395077,81.94432370286896,83.57926177978516,1255900,0.0,0.0
2016-02-05 00:00:00-05:00,83.81416730094077,87.28137013217358,83.63564423474043,87.26258087158203,2260500,0.0,0.0
2016-02-08 00:00:00-05:00,86.6987916993201,88.04244947648459,86.40751160028871,87.36592864990234,1982000,0.0,0.0
2016-02-09 00:00:00-05:00,86.88672428087857,87.8545324215188,86.54846026704008,87.27196502685547,2189000,0.0,0.0
2016-02-10 00:00:00-05:00,87.42231033044482,89.06664654683394,87.05585883286277,87.22499084472656,1496300,0.0,0.0
2016-02-11 00:00:00-05:00,85.79677870411192,87.60085620926208,85.37395218326917,87.09346008300781,1751200,0.0,0.0
2016-02-12 00:00:00-05:00,88.09884314292329,89.24518159992047,88.06125745283876,88.13642883300781,1675500,0.0,0.0
2016-02-16 00:00:00-05:00,88.93512726284177,89.25459495530595,88.23041152727052,88.46531677246094,1809800,0.0,0.0
2016-02-17 00:00:00-05:00,89.34853948278254,89.80895884169364,88.99148615532506,89.26397705078125,2141100,0.0,0.0
2016-02-18 00:00:00-05:00,89.02906396356285,89.28275840583731,88.31495020315222,88.85993194580078,1754000,0.0,0.0
2016-02-19 00:00:00-05:00,88.58742666440307,88.71897297140478,87.3659242181392,87.92969512939453,1243700,0.0,0.0
2016-02-22 00:00:00-05:00,88.66261053600614,88.97268708998787,87.788762991254,88.10823059082031,1299400,0.0,0.0
2016-02-23 00:00:00-05:00,87.58206974056431,89.28278140201755,87.27199310001255,88.39014434814453,2367400,0.0,0.0
2016-02-24 00:00:00-05:00,87.45989377415954,89.37672080318183,87.30955102581106,88.94449615478516,1643800,0.0,0.0
2016-02-25 00:00:00-05:00,89.17941710467909,89.68680604830622,88.81295838291138,89.55525970458984,1171500,0.0,0.0
2016-02-26 00:00:00-05:00,89.90291699560916,90.67340575256016,89.67741001445556,89.97808837890625,1462100,0.0,0.0
2016-02-29 00:00:00-05:00,89.67742070355142,90.62643264802836,89.50828865534211,89.5364761352539,1819500,0.0,0.0
2016-03-01 00:00:00-05:00,90.19420953714464,90.96469839995652,89.91232756415805,90.15662384033203,1751100,0.0,0.0
2016-03-02 00:00:00-05:00,90.18479736270417,91.52845524184893,89.82773691099908,91.50965881347656,1332200,0.0,0.0
2016-03-03 00:00:00-05:00,91.26535289606007,92.41169125794215,91.20897794997956,92.28954315185547,1051700,0.0,0.0
2016-03-04 00:00:00-05:00,92.08282516332095,93.45467047387302,92.03584126257965,92.95667266845703,1432400,0.0,0.0
2016-03-07 00:00:00-05:00,92.392886124164,93.29492095015107,92.12039531703213,93.15397644042969,1030000,0.0,0.0
2016-03-08 00:00:00-05:00,92.5244338065097,93.57680420154573,92.27073225146663,92.49624633789062,1119300,0.0,0.0
2016-03-09 00:00:00-05:00,92.77815815872052,92.9754776715209,92.3647298708836,92.75936889648438,966000,0.0,0.0
2016-03-10 00:00:00-05:00,93.2009974198844,93.52986329427323,91.72579292442157,92.6090316772461,931500,0.0,0.0
2016-03-11 00:00:00-05:00,93.61439508624578,94.51642997587511,92.94726533981375,94.41307830810547,1104300,0.0,0.0
2016-03-14 00:00:00-04:00,93.89630681926873,94.56343672693862,93.74596405029297,93.74596405029297,1420700,0.0,0.0
2016-03-15 00:00:00-04:00,92.93787941570996,93.89628929851182,92.93787941570996,93.85870361328125,990900,0.0,0.0
2016-03-16 00:00:00-04:00,93.1258128540029,94.47886902433754,93.09762537857716,93.76475524902344,1308100,0.0,0.0
2016-03-17 00:00:00-04:00,93.90572220366448,96.38632099539973,93.56745808036067,95.84133911132812,1953000,0.0,0.0
2016-03-18 00:00:00-04:00,96.00105443972579,96.29234175950678,94.88291057383258,95.34332275390625,3541900,0.0,0.0
2016-03-21 00:00:00-04:00,94.97687610937203,95.70977921666085,94.8359315498,95.4560775756836,2093500,0.0,0.0
2016-03-22 00:00:00-04:00,95.19297117118629,96.05742766658831,94.87350357301156,95.33391571044922,2534200,0.0,0.0
2016-03-23 00:00:00-04:00,95.33392103026851,95.33392103026851,94.00905949223603,94.4412841796875,2463200,0.0,0.0
2016-03-24 00:00:00-04:00,93.99026048850799,95.20237209063193,93.65199645216003,95.02384185791016,2178000,0.0,0.0
2016-03-28 00:00:00-04:00,95.38089617318705,96.30172041485268,95.13659279185796,95.97285461425781,880900,0.0,0.0
2016-03-29 00:00:00-04:00,95.88828656653088,96.8372982255799,95.59699930132761,96.72454833984375,1371800,0.0,0.0
2016-03-30 00:00:00-04:00,96.96885439288761,97.83331089422424,96.71515995546233,97.68296813964844,1441700,0.0,0.0
2016-03-31 00:00:00-04:00,97.68297466944477,98.43467415509828,97.36350704772147,98.14338684082031,1441800,0.0,0.0
2016-04-01 00:00:00-04:00,97.80512231087818,98.66957886577374,97.37289761779915,98.53803253173828,2170100,0.0,0.0
2016-04-04 00:00:00-04:00,98.31253121943706,98.88570053629954,98.19038308438417,98.51924896240234,989900,0.0,0.0
2016-04-05 00:00:00-04:00,97.34470617276835,97.77693084822448,95.70036989563125,95.75675201416016,2410100,0.0,0.0
2016-04-06 00:00:00-04:00,95.43728198164811,95.96346732248819,94.88290916451128,95.9352798461914,1993500,0.0,0.0
2016-04-07 00:00:00-04:00,95.53124258747467,95.92588159294742,94.60102002636384,94.92988586425781,834900,0.0,0.0
2016-04-08 00:00:00-04:00,95.84132621186207,96.08562963886448,94.93929106070487,95.19298553466797,545500,0.0,0.0
2016-04-11 00:00:00-04:00,95.80373493397994,96.36750597450208,95.3339245387552,95.34332275390625,800300,0.0,0.0
2016-04-12 00:00:00-04:00,95.70038056067328,96.34872123047849,95.12721127812567,96.3205337524414,682900,0.0,0.0
2016-04-13 00:00:00-04:00,96.85611253092627,97.51384421491838,96.33931823011982,97.48565673828125,744300,0.0,0.0
2016-04-14 00:00:00-04:00,97.4856576196539,98.09641257101856,97.21316672846851,97.62660217285156,767100,0.0,0.0
2016-04-15 00:00:00-04:00,97.22256207718429,98.08701146382724,97.08161752814222,98.00244903564453,806600,0.0,0.0
2016-04-18 00:00:00-04:00,97.61719418574404,99.28032684326172,97.50443712072583,99.28032684326172,792700,0.0,0.0
2016-04-19 00:00:00-04:00,99.59041462847394,99.75954667288391,98.76355083843539,98.8387222290039,1109500,0.0,0.0
2016-04-20 00:00:00-04:00,99.26155132994462,99.31792628996386,97.67358971450925,98.1246109008789,902500,0.0,0.0
2016-04-21 00:00:00-04:00,97.79573459483942,98.34071637939412,96.95007444100243,96.95947265625,1067700,0.0,0.0
2016-04-22 00:00:00-04:00,97.11921081183134,97.72056757726932,96.72457177865104,96.99706268310547,1011300,0.0,0.0
2016-04-25 00:00:00-04:00,96.81853268002406,97.26015562394853,96.09502061524705,97.20377349853516,932200,0.0,0.0
2016-04-26 00:00:00-04:00,97.62658441286221,98.44404976896934,97.45745241354066,98.4064712524414,736300,0.0,0.0
2016-04-27 00:00:00-04:00,98.19034813181862,98.40646401400807,97.69235038398514,98.0118179321289,843100,0.0,0.0
2016-04-28 00:00:00-04:00,97.19176621875742,98.18150194304546,96.9184105692732,97.23889923095703,1252100,0.33,0.0
2016-04-29 00:00:00-04:00,96.76760100920175,99.32205357872121,96.67333498174926,99.0864028930664,1760600,0.0,0.0
2016-05-02 00:00:00-04:00,99.49171299438693,100.65111023143514,99.07696552540057,100.50029754638672,892100,0.0,0.0
2016-05-03 00:00:00-04:00,99.7368016553045,100.04786231052815,98.67166306220723,99.6990966796875,1189600,0.0,0.0
2016-05-04 00:00:00-04:00,99.27493334805611,100.11384932169052,98.72822196098292,99.88762664794922,1152800,0.0,0.0
2016-05-05 00:00:00-04:00,99.93475286159828,100.5663022484404,99.22780071087776,99.35977172851562,1018200,0.0,0.0
2016-05-06 00:00:00-04:00,99.13354472946862,99.29378549564223,98.3134848134688,98.76593017578125,1447900,0.0,0.0
2016-05-09 00:00:00-04:00,98.67165135320637,99.07697080363036,98.37001877555278,98.6999282836914,851700,0.0,0.0
2016-05-10 00:00:00-04:00,99.388036796894,100.20809659126094,98.98271732455014,100.02900695800781,943300,0.0,0.0
2016-05-11 00:00:00-04:00,99.98187287508706,100.31178239754139,99.38803573466929,99.45401763916016,831600,0.0,0.0
2016-05-12 00:00:00-04:00,99.73680071038594,99.91589754499769,98.69993906095257,99.65196990966797,1086400,0.0,0.0
2016-05-13 00:00:00-04:00,99.68023202993093,100.06670257529437,99.12409990834468,99.73678588867188,1065700,0.0,0.0
2016-05-16 00:00:00-04:00,99.53885232026408,100.35891932936991,99.48229845463213,100.08556365966797,662200,0.0,0.0
2016-05-17 00:00:00-04:00,100.04786136266256,100.38719894851184,99.35033729907846,99.65196990966797,1004400,0.0,0.0
2016-05-18 00:00:00-04:00,99.6708061085939,100.5191499651815,98.88845134392379,99.34089660644531,1218400,0.0,0.0
2016-05-19 00:00:00-04:00,98.92617094195485,99.17124970824288,97.97414719598979,98.76593017578125,774200,0.0,0.0
2016-05-20 00:00:00-04:00,99.15237894564264,99.70851107905199,98.63394459120362,99.34089660644531,1020900,0.0,0.0
2016-05-23 00:00:00-04:00,98.93557683561778,99.43515510742883,97.91756421108522,99.09581756591797,728300,0.0,0.0
2016-05-24 00:00:00-04:00,99.47287324532645,100.83022359104697,99.08640983335746,100.79251861572266,1369500,0.0,0.0
2016-05-25 00:00:00-04:00,100.85850926265105,101.30153377173276,100.3777797749784,100.5945816040039,1046700,0.0,0.0
2016-05-26 00:00:00-04:00,100.85850190731291,101.06587567869514,100.18925476698136,100.83965301513672,875500,0.0,0.0
2016-05-27 00:00:00-04:00,101.06588451171011,102.74371653009537,100.73597493362696,102.39495086669922,1559500,0.0,0.0
2016-05-31 00:00:00-04:00,102.62115651412199,103.35638545498432,102.2818189734951,102.9981918334961,2964400,0.0,0.0
2016-06-01 00:00:00-04:00,102.38551054586277,103.13016756135444,101.86707617068248,103.06417846679688,1205500,0.0,0.0
2016-06-02 00:00:00-04:00,102.88510493919503,103.15846063511243,102.3383935473602,103.14903259277344,742500,0.0,0.0
2016-06-03 00:00:00-04:00,102.63061774146277,102.64947382974276,101.60318386641154,102.47980499267578,657900,0.0,0.0
2016-06-06 00:00:00-04:00,102.55520534600916,103.16789151933487,102.26299353699531,103.12076568603516,1124100,0.0,0.0
2016-06-07 00:00:00-04:00,103.17730995927458,103.72402135339303,102.4986347378157,103.2338638305664,958500,0.0,0.0
2016-06-08 00:00:00-04:00,103.00763955094912,103.70516365482095,102.68715802996364,103.46951293945312,1189100,0.0,0.0
2016-06-09 00:00:00-04:00,103.29982217274004,103.6957207559123,102.998189608863,103.55432891845703,569400,0.0,0.0
2016-06-10 00:00:00-04:00,102.55518496673692,103.52606467595949,102.55518496673692,103.09246826171875,1176300,0.0,0.0
2016-06-13 00:00:00-04:00,102.61170749469888,103.19612362662507,101.829345703125,101.829345703125,1106300,0.0,0.0
2016-06-14 00:00:00-04:00,101.56544317389617,102.14043140894678,100.99045493884556,101.31094360351562,2173700,0.0,0.0
2016-06-15 00:00:00-04:00,101.25438354944052,101.42405232853153,100.27407584707994,100.46260070800781,1361200,0.0,0.0
2016-06-16 00:00:00-04:00,99.65195780335398,100.89619306981464,99.05811350451714,100.84906005859375,1114400,0.0,0.0
2016-06-17 00:00:00-04:00,100.86793911559234,100.92449298874911,99.78394433398755,100.72654724121094,1641100,0.0,0.0
2016-06-20 00:00:00-04:00,101.78227286300394,102.31955627351331,101.15072340137816,101.21670532226562,1032300,0.0,0.0
2016-06-21 00:00:00-04:00,101.78224812839456,102.11215765265895,101.41462643965623,101.61257934570312,815200,0.0,0.0
2016-06-22 00:00:00-04:00,101.76340259898025,102.09331215745613,101.39578806360872,101.5466079711914,765700,0.0,0.0
2016-06-23 00:00:00-04:00,102.43265038885961,102.76255994936724,101.96134896199472,102.64945220947266,1043900,0.0,0.0
2016-06-24 00:00:00-04:00,98.3983247891199,99.17125894727732,97.47457789330468,98.0401382446289,4711500,0.0,0.0
2016-06-27 00:00:00-04:00,96.68276219642887,96.97496674286708,94.77870783686716,95.01435852050781,1594400,0.0,0.0
2016-06-28 00:00:00-04:00,96.00409655317158,97.98356105284225,95.75901780437765,97.95528411865234,1505100,0.0,0.0
2016-06-29 00:00:00-04:00,98.70937040695254,100.3872023089904,98.70937040695254,100.32122039794922,1335000,0.0,0.0
2016-06-30 00:00:00-04:00,100.81136976130787,102.96993110433141,100.4626113168666,102.96051025390625,1992700,0.0,0.0
2016-07-01 00:00:00-04:00,103.01706759318078,103.84655552233947,102.84739879045638,103.46951293945312,1432200,0.0,0.0
2016-07-05 00:00:00-04:00,102.8662612052152,103.24330383766386,101.54662277887996,102.07447814941406,1062400,0.0,0.0
2016-07-06 00:00:00-04:00,101.46175694248288,102.15928094673293,101.16955239843652,101.88592529296875,904100,0.0,0.0
2016-07-07 00:00:00-04:00,101.89535284502456,103.0736062479307,101.75396099837822,102.69656372070312,1027600,0.0,0.0
2016-07-08 00:00:00-04:00,103.25271366665129,103.46008743749042,102.85682220858868,103.28099060058594,832100,0.0,0.0
2016-07-11 00:00:00-04:00,103.66744511139632,104.07276454833088,103.28097456366183,103.8465347290039,913400,0.0,0.0
2016-07-12 00:00:00-04:00,104.74203486756915,105.0625163956285,104.09163657752137,104.21417236328125,755100,0.0,0.0
2016-07-13 00:00:00-04:00,104.44037990679001,104.63832560677486,103.82768672598681,103.9313735961914,454800,0.0,0.0
2016-07-14 00:00:00-04:00,105.04365065762654,105.19446335503241,104.1481737481668,104.2047348022461,877600,0.0,0.0
2016-07-15 00:00:00-04:00,104.43096255493664,104.72316711460904,103.85597428549269,104.47808837890625,944000,0.0,0.0
2016-07-18 00:00:00-04:00,104.59120780725002,104.75144856032965,104.07278057231788,104.17646026611328,809800,0.0,0.0
2016-07-19 00:00:00-04:00,103.70514165622247,103.98792533127363,102.82852089334897,103.43179321289062,1019700,0.0,0.0
2016-07-20 00:00:00-04:00,103.68630647203364,103.84654721971499,103.34696889371517,103.6674575805664,457900,0.0,0.0
2016-07-21 00:00:00-04:00,103.53547697514203,103.84653759167567,102.7342661195303,103.00762176513672,684300,0.0,0.0
2016-07-22 00:00:00-04:00,103.44123828747358,104.24244929911129,103.23386450273433,104.21417236328125,504000,0.0,0.0
2016-07-25 00:00:00-04:00,104.15760671453111,104.24243751242939,103.83712522270855,103.9879379272461,597100,0.0,0.0
2016-07-26 00:00:00-04:00,104.2047488109467,104.69489913276895,103.99737503158336,104.64776611328125,818500,0.0,0.0
2016-07-27 00:00:00-04:00,104.51579114809662,104.83627982517588,103.55433949983549,104.13875579833984,895500,0.0,0.0
2016-07-28 00:00:00-04:00,103.95913099561965,104.59256522617746,103.5904151173526,104.3373031616211,778200,0.33,0.0
2016-07-29 00:00:00-04:00,102.030463795901,102.48427185708032,99.60071708289843,101.22685241699219,2218900,0.0,0.0
2016-08-01 00:00:00-04:00,101.22685441609701,102.84353349398012,101.09449523168796,102.40863800048828,1032500,0.0,0.0
2016-08-02 00:00:00-04:00,102.41807751076752,102.99478838251692,101.87918457308749,102.49371337890625,911900,0.0,0.0
2016-08-03 00:00:00-04:00,102.44642337985726,103.72274780273438,102.42751080921869,103.72274780273438,1036400,0.0,0.0
2016-08-04 00:00:00-04:00,103.64712500384225,104.31837708543122,103.62821964385422,103.94966125488281,1276500,0.0,0.0
2016-08-05 00:00:00-04:00,104.71547824176103,104.8667427845507,104.14822358348972,104.61148071289062,808300,0.0,0.0
2016-08-08 00:00:00-04:00,104.46964484798933,104.7816373736859,104.1482032491744,104.4034652709961,923200,0.0,0.0
2016-08-09 00:00:00-04:00,104.21438210370493,104.5358237002915,104.15765160022336,104.22383117675781,571700,0.0,0.0
2016-08-10 00:00:00-04:00,104.4602113594466,104.46966764766167,103.55260244273242,103.77950286865234,667500,0.0,0.0
2016-08-11 00:00:00-04:00,104.17659471655581,104.18604379237911,103.71333033195447,103.90242004394531,719300,0.0,0.0
2016-08-12 00:00:00-04:00,103.77004268979998,104.07257896299919,103.46750641660077,103.62822723388672,757200,0.0,0.0
2016-08-15 00:00:00-04:00,103.67550020442468,103.99694183511343,103.28787177714675,103.57150268554688,660500,0.0,0.0
2016-08-16 00:00:00-04:00,103.36351387687009,103.89295057722032,103.20279305184006,103.21224212646484,564500,0.0,0.0
2016-08-17 00:00:00-04:00,103.25006712225782,103.58096508259696,102.97589246568124,103.49588012695312,757500,0.0,0.0
2016-08-18 00:00:00-04:00,103.64712077437527,103.75111828264856,103.20277630897371,103.45803833007812,654900,0.0,0.0
2016-08-19 00:00:00-04:00,103.08933659097782,103.64713492694234,102.22899476197425,102.63552856445312,1068000,0.0,0.0
2016-08-22 00:00:00-04:00,102.65444129807926,103.81731219585295,102.55990006287526,103.42023468017578,527300,0.0,0.0
2016-08-23 00:00:00-04:00,103.52422970583889,103.84567134038622,103.33514723999149,103.4675064086914,543200,0.0,0.0
2016-08-24 00:00:00-04:00,103.52425357129592,103.59043317090227,103.11771968427534,103.5053482055664,520700,0.0,0.0
2016-08-25 00:00:00-04:00,103.54314655016957,104.28058556003754,103.43915623154454,104.1009521484375,606100,0.0,0.0
2016-08-26 00:00:00-04:00,104.23328645655218,105.13143887413929,103.54312183961338,104.0252914428711,577200,0.0,0.0
2016-08-29 00:00:00-04:00,104.35619546468605,105.52852975388542,104.10093343207376,105.35835266113281,866100,0.0,0.0
2016-08-30 00:00:00-04:00,105.50016657395108,105.6136203795718,104.6492882774133,105.12200164794922,537500,0.0,0.0
2016-08-31 00:00:00-04:00,105.12200512052945,105.36781088794383,104.5074762759258,105.27326965332031,1081900,0.0,0.0
2016-09-01 00:00:00-04:00,105.41508511177251,106.02015766900367,104.7721946180852,105.27326965332031,665700,0.0,0.0
2016-09-02 00:00:00-04:00,105.79327833293931,106.0296350730875,105.60418861299958,105.98236083984375,653500,0.0,0.0
2016-09-06 00:00:00-04:00,106.05797258024094,106.09579051561839,105.24490500220985,106.08633422851562,608900,0.0,0.0
2016-09-07 00:00:00-04:00,105.87834043912501,106.36051010458189,105.53798622974764,106.14305877685547,610000,0.0,0.0
2016-09-08 00:00:00-04:00,106.07689059756724,106.32270360033209,105.50017963706195,105.50963592529297,718300,0.0,0.0
2016-09-09 00:00:00-04:00,104.90456699784046,105.1598362978025,102.9853515625,102.9853515625,847600,0.0,0.0
2016-09-12 00:00:00-04:00,102.59771976889981,105.30164116805773,102.54099646541809,105.04637908935547,820400,0.0,0.0
2016-09-13 00:00:00-04:00,104.12930895126127,104.21440111549053,103.3351538879704,103.59041595458984,557500,0.0,0.0
2016-09-14 00:00:00-04:00,103.63768823554412,103.91186287263956,102.86243854939062,103.0326156616211,493200,0.0,0.0
2016-09-15 00:00:00-04:00,102.86241953661774,104.64927527824382,102.86241953661774,104.29000854492188,710400,0.0,0.0
2016-09-16 00:00:00-04:00,103.88349596184729,104.31839143171209,102.99479965952972,103.42969512939453,1146800,0.0,0.0
2016-09-19 00:00:00-04:00,103.95910714322594,104.54527422668963,103.5525734203305,103.97801971435547,594300,0.0,0.0
2016-09-20 00:00:00-04:00,104.54527777260144,104.80053978724828,104.23328525567429,104.29000854492188,729600,0.0,0.0
2016-09-21 00:00:00-04:00,104.40345103894582,106.10522166255183,104.32781518611179,105.99176788330078,1530900,0.0,0.0
2016-09-22 00:00:00-04:00,106.64413968612543,107.57065385662175,106.3226908421537,107.17357635498047,859800,0.0,0.0
2016-09-23 00:00:00-04:00,106.32270496056525,106.72923880328577,106.02962493896484,106.02962493896484,799800,0.0,0.0
2016-09-26 00:00:00-04:00,105.8026932536926,105.99177568666644,105.42452117471245,105.52851867675781,732200,0.0,0.0
2016-09-27 00:00:00-04:00,105.50016017467911,106.78594104158853,105.23544185732126,106.26596069335938,876100,0.0,0.0
2016-09-28 00:00:00-04:00,106.32269633743516,106.4361501493538,105.07473325846622,106.15251922607422,752800,0.0,0.0
2016-09-29 00:00:00-04:00,105.8688792590764,106.33213629713228,104.43182671424377,104.8667221069336,596100,0.0,0.0
2016-09-30 00:00:00-04:00,105.36781422010762,106.74814369879132,105.36781422010762,106.35105895996094,937200,0.0,0.0
2016-10-03 00:00:00-04:00,105.8783499971063,106.0674396932933,105.28273368344456,105.89726257324219,783000,0.0,0.0
2016-10-04 00:00:00-04:00,105.81215941993648,106.0485161058529,104.95182483397818,105.30162811279297,563600,0.0,0.0
2016-10-05 00:00:00-04:00,105.5190766884287,106.23760301454391,105.23544578750511,105.65143585205078,578100,0.0,0.0
2016-10-06 00:00:00-04:00,105.56635718533404,107.40993651183464,105.008551637166,107.00340270996094,1034100,0.0,0.0
2016-10-07 00:00:00-04:00,107.06956649780274,107.4950055986736,106.1903194380412,106.3604965209961,696300,0.0,0.0
2016-10-10 00:00:00-04:00,107.32484319314165,107.54229452283477,105.83107438629058,105.85943603515625,958100,0.0,0.0
2016-10-11 00:00:00-04:00,105.40561695275568,105.85942492608439,103.58094319919945,103.85511779785156,973100,0.0,0.0
2016-10-12 00:00:00-04:00,103.94965197254736,105.0936245080823,103.94965197254736,104.65872192382812,770000,0.0,0.0
2016-10-13 00:00:00-04:00,104.27112357466864,104.66820110310907,103.61877676863496,104.17658233642578,846400,0.0,0.0
2016-10-14 00:00:00-04:00,104.93290804668484,105.81215517151296,104.64928436279297,104.64928436279297,747700,0.0,0.0
2016-10-17 00:00:00-04:00,104.94238596563282,105.15983732650415,103.86459987600155,103.96859741210938,927400,0.0,0.0
2016-10-18 00:00:00-04:00,105.10309015233831,105.10309015233831,104.42238173769616,104.55474090576172,723400,0.0,0.0
2016-10-19 00:00:00-04:00,104.89507857425505,104.89507857425505,103.97802082954593,104.65872192382812,690000,0.0,0.0
2016-10-20 00:00:00-04:00,104.25222587647839,104.81948781295465,103.8646045804571,104.015869140625,733900,0.0,0.0
2016-10-21 00:00:00-04:00,103.14605632294669,103.95912389979118,102.70170459920219,103.57150268554688,766700,0.0,0.0
2016-10-24 00:00:00-04:00,104.19546852560718,104.52636640508491,103.88347600508556,104.0252914428711,563300,0.0,0.0
2016-10-25 00:00:00-04:00,103.73222862088228,103.73222862088228,101.45374659323242,101.90755462646484,1320600,0.0,0.0
2016-10-26 00:00:00-04:00,101.50099976184897,102.75841886365293,101.34027897191291,102.28570556640625,864100,0.0,0.0
2016-10-27 00:00:00-04:00,102.55989670842449,102.95697421111434,101.86027572212294,102.50316619873047,797500,0.0,0.0
2016-10-28 00:00:00-04:00,104.23857215773256,106.9791963838234,103.9351122611256,105.54724884033203,1454500,0.33,0.0
2016-10-31 00:00:00-04:00,105.52827760062351,105.755870712317,104.46617158935085,105.1015396118164,1027100,0.0,0.0
2016-11-01 00:00:00-04:00,105.42396304426475,105.44293335743724,102.89196886483357,103.18594360351562,844000,0.0,0.0
2016-11-02 00:00:00-04:00,103.13855654289048,103.6221911166925,101.9436797589696,101.98161315917969,925400,0.0,0.0
2016-11-03 00:00:00-04:00,102.29455991513504,103.70754472896573,102.23765619638473,102.87303161621094,737800,0.0,0.0
2016-11-04 00:00:00-04:00,102.97732755916022,103.18595762207381,102.16178485831118,102.21868133544922,763200,0.0,0.0
2016-11-07 00:00:00-05:00,103.8213245625097,105.68949534948437,103.67907614612655,105.63259887695312,1592900,0.0,0.0
2016-11-08 00:00:00-05:00,105.79382393935488,107.3775125667634,105.12052239952335,106.35333251953125,1268500,0.0,0.0
2016-11-09 00:00:00-05:00,105.95502636356456,106.19210463972168,103.96356305580089,105.19637298583984,1905300,0.0,0.0
2016-11-10 00:00:00-05:00,106.08780626741985,107.74735446094715,105.34811585228638,106.91283416748047,1755500,0.0,0.0
2016-11-11 00:00:00-05:00,106.7231663150379,106.9792076906205,104.61790989448285,104.77912139892578,1453100,0.0,0.0
2016-11-14 00:00:00-05:00,105.22483453517427,105.33863472674824,103.76443130105908,104.49463653564453,1932600,0.0,0.0
2016-11-15 00:00:00-05:00,104.38082478048543,104.94981120521,103.53682668288208,104.4377212524414,1340500,0.0,0.0
2016-11-16 00:00:00-05:00,104.2480773434417,104.62740409584374,103.8403023507443,104.2860107421875,946700,0.0,0.0
2016-11-17 00:00:00-05:00,104.3903034127916,105.72742106556775,104.3903034127916,105.67052459716797,845100,0.0,0.0
2016-11-18 00:00:00-05:00,105.63259567228448,106.38176388978955,105.2627541419415,106.17313385009766,868800,0.0,0.0
2016-11-21 00:00:00-05:00,106.85594869166839,107.60511710724643,106.57145179231486,107.08354187011719,1357700,0.0,0.0
2016-11-22 00:00:00-05:00,107.06455502176865,107.81372327105639,106.76109510617597,107.50077819824219,1246100,0.0,0.0
2016-11-23 00:00:00-05:00,107.6619913389547,108.04131804799891,107.1593865243696,107.64302825927734,696400,0.0,0.0
2016-11-25 00:00:00-05:00,107.52921575009798,108.07923905341079,107.07402953946655,107.92750549316406,521000,0.0,0.0
2016-11-28 00:00:00-05:00,107.37748984246886,107.97492445939126,106.89384816111965,106.95074462890625,977700,0.0,0.0
2016-11-29 00:00:00-05:00,107.14042688501591,108.09821799316498,106.55247010536509,107.77579498291016,1136800,0.0,0.0
2016-11-30 00:00:00-05:00,108.33530080933029,108.58186427367127,107.8326959576375,108.2025375366211,2589000,0.0,0.0
2016-12-01 00:00:00-05:00,108.10769150528733,108.5723628903281,105.90760544124858,106.25848388671875,1156000,0.0,0.0
2016-12-02 00:00:00-05:00,106.05932316237943,106.35330511419862,105.58516665918198,105.85070037841797,1053800,0.0,0.0
2016-12-05 00:00:00-05:00,106.60936963258868,107.00765944549912,106.01193491322302,106.56195831298828,725600,0.0,0.0
2016-12-06 00:00:00-05:00,106.59040439509381,107.38698400479733,106.16365911699079,107.35853576660156,835100,0.0,0.0
2016-12-07 00:00:00-05:00,107.44387761192513,110.56382135824461,106.84643572577708,109.95690155029297,2350900,0.0,0.0
2016-12-08 00:00:00-05:00,110.16553488731647,110.4784799575149,106.85592408006984,107.05506896972656,2154100,0.0,0.0
2016-12-09 00:00:00-05:00,107.06455758674663,107.49129561622213,106.14469266070958,107.18783569335938,1933100,0.0,0.0
2016-12-12 00:00:00-05:00,107.14991248084151,107.82321402258016,106.50505917909723,106.91283416748047,1239200,0.0,0.0
2016-12-13 00:00:00-05:00,107.15938656846961,107.58612459441046,106.26796988710716,106.74212646484375,1561100,0.0,0.0
2016-12-14 00:00:00-05:00,106.6757410785774,107.47232786336522,105.68001664141131,105.97399139404297,1067000,0.0,0.0
2016-12-15 00:00:00-05:00,105.80329326911877,107.68095640813912,105.80329326911877,106.5809097290039,973100,0.0,0.0
2016-12-16 00:00:00-05:00,106.59039158141188,106.80849953806343,105.66104158009004,106.2964096069336,1689000,0.0,0.0
2016-12-19 00:00:00-05:00,106.23005055582074,106.71369235495386,105.40502263177406,106.52403259277344,837200,0.0,0.0
2016-12-20 00:00:00-05:00,106.7231672190229,106.7990340105994,105.65157591946281,106.04986572265625,775100,0.0,0.0
2016-12-21 00:00:00-05:00,106.18261650114015,107.27317798784975,105.74639335346723,106.4481430053711,586900,0.0,0.0
2016-12-22 00:00:00-05:00,106.26798557108367,106.75162737757063,106.01194416474134,106.6662826538086,554900,0.0,0.0
2016-12-23 00:00:00-05:00,106.8085055294137,107.2921472528972,106.31538588384299,107.05506896972656,668100,0.0,0.0
2016-12-27 00:00:00-05:00,107.07403063686151,107.21627180723266,106.49555909383731,106.68521881103516,320600,0.0,0.0
2016-12-28 00:00:00-05:00,106.81798770312318,106.90333964490934,105.92657106808132,105.94554138183594,387200,0.0,0.0
2016-12-29 00:00:00-05:00,106.25850614606735,106.47661414930398,105.56623426675692,105.66106414794922,445700,0.0,0.0
2016-12-30 00:00:00-05:00,105.99295873322082,106.17314054887835,105.31965725767851,105.76536560058594,634300,0.0,0.0
2017-01-03 00:00:00-05:00,106.29641945075359,106.59040145245673,105.68002168004746,106.28694152832031,839000,0.0,0.0
2017-01-04 00:00:00-05:00,106.61884096749519,107.67146907589739,106.39124785177584,107.45335388183594,962400,0.0,0.0
2017-01-05 00:00:00-05:00,107.13094411524699,107.69044543435628,106.50505392601737,107.61458587646484,792300,0.0,0.0
2017-01-06 00:00:00-05:00,108.0792493256367,108.90427712396503,107.68095954471578,108.43960571289062,642000,0.0,0.0
2017-01-09 00:00:00-05:00,108.0223532751787,108.35426142724435,107.53871154785156,107.53871154785156,727100,0.0,0.0
2017-01-10 00:00:00-05:00,107.51972166419192,107.93698168516215,106.6946940127965,106.80848693847656,844200,0.0,0.0
2017-01-11 00:00:00-05:00,106.5809090357226,107.06455074392436,105.86967420868376,106.846435546875,1079500,0.0,0.0
2017-01-12 00:00:00-05:00,106.23951573993958,106.96023572382094,105.68949240394971,106.846435546875,695200,0.0,0.0
2017-01-13 00:00:00-05:00,107.19730894253566,107.92750681375813,107.19730894253566,107.43438720703125,598500,0.0,0.0
2017-01-17 00:00:00-05:00,106.9507657187329,108.17409066275518,106.44816086069667,107.74735260009766,901500,0.0,0.0
2017-01-18 00:00:00-05:00,108.10770992273474,108.32582515249467,107.38698983076753,108.1551284790039,960300,0.0,0.0
2017-01-19 00:00:00-05:00,108.41116036520908,109.05601360462123,106.44815240972811,106.47660064697266,1982600,0.0,0.0
2017-01-20 00:00:00-05:00,106.6852331492462,106.8748928919338,105.56622330325634,106.27745819091797,1580000,0.0,0.0
2017-01-23 00:00:00-05:00,106.18263095396757,106.5619576838093,105.54726284163965,105.92658233642578,763600,0.0,0.0
2017-01-24 00:00:00-05:00,106.45763583649644,106.89385901561668,106.0403757368792,106.41021728515625,1251500,0.0,0.0
2017-01-25 00:00:00-05:00,107.15937821920028,107.5481900554767,106.3248653120244,107.00764465332031,1361400,0.0,0.0
2017-01-26 00:00:00-05:00,107.10249107173914,107.4343992321726,106.77057567625042,107.11196899414062,930400,0.0,0.0
2017-01-27 00:00:00-05:00,107.33008331583952,107.52922821044922,106.580915054181,107.52922821044922,854300,0.0,0.0
2017-01-30 00:00:00-05:00,107.32951154463932,107.32951154463932,105.46539327074645,106.5876693725586,876200,0.33,0.0
2017-01-31 00:00:00-05:00,106.46401983668272,107.19634908533101,106.02652340479023,107.18683624267578,1199300,0.0,0.0
2017-02-01 00:00:00-05:00,107.23440714586796,107.27245126526367,105.58903344882907,105.73169708251953,1750800,0.0,0.0
2017-02-02 00:00:00-05:00,105.1895705748803,107.00613899970489,104.44772846118113,106.97760772705078,1334400,0.0,0.0
2017-02-03 00:00:00-05:00,107.26293342287244,108.64200547604982,106.71130460160148,108.48031616210938,1426600,0.0,0.0
2017-02-06 00:00:00-05:00,107.72896317414698,108.7846638753014,107.49119287670092,108.49934387207031,783000,0.0,0.0
2017-02-07 00:00:00-05:00,109.00341581000745,109.03194708473109,108.44227413447264,108.66102600097656,808700,0.0,0.0
2017-02-08 00:00:00-05:00,108.14744364969806,108.8322232827175,107.68141588796075,108.7656478881836,752800,0.0,0.0
2017-02-09 00:00:00-05:00,108.765629781977,109.56453438339021,108.7085672407825,109.53600311279297,1028400,0.0,0.0
2017-02-10 00:00:00-05:00,111.63789902369841,111.99931449250562,108.42324745693442,109.93546295166016,1213000,0.0,0.0
2017-02-13 00:00:00-05:00,109.87839562849052,110.47758135075297,109.64062535931915,110.20176696777344,950200,0.0,0.0
2017-02-14 00:00:00-05:00,110.03057768040713,110.36345462294423,109.33628526639563,110.18274688720703,793100,0.0,0.0
2017-02-15 00:00:00-05:00,110.07810798471932,110.99114483314052,109.65963729763368,110.85799407958984,739700,0.0,0.0
2017-02-16 00:00:00-05:00,110.99115688781106,111.6188738708732,110.75338662262195,111.54278564453125,719400,0.0,0.0
2017-02-17 00:00:00-05:00,111.171872015562,111.88518285863705,110.23030373443142,111.78056335449219,962700,0.0,0.0
2017-02-21 00:00:00-05:00,111.46671793199619,112.03737247840874,109.58358114859148,109.91645812988281,1471100,0.0,0.0
2017-02-22 00:00:00-05:00,109.95449727969175,110.73438356753789,109.29824893468663,109.94498443603516,1090400,0.0,0.0
2017-02-23 00:00:00-05:00,110.18277023833414,110.78195611806002,109.91646862786695,110.50614166259766,898200,0.0,0.0
2017-02-24 00:00:00-05:00,109.526486544083,110.85799407958984,109.526486544083,110.85799407958984,712700,0.0,0.0
2017-02-27 00:00:00-05:00,111.10527539169294,111.44766511142224,110.34440773536744,110.67729187011719,494200,0.0,0.0
2017-02-28 00:00:00-05:00,110.43954010137767,110.63926626192114,109.67867231782579,109.9925308227539,1212400,0.0,0.0
2017-03-01 00:00:00-05:00,111.75203043109681,112.12295148352321,110.75339236307312,111.76154327392578,916200,0.0,0.0
2017-03-02 00:00:00-05:00,111.79959115362091,111.90421065974324,110.63927099929924,110.76290893554688,783900,0.0,0.0
2017-03-03 00:00:00-05:00,110.67730189309532,111.07675418356347,110.33491214235907,110.78192138671875,762400,0.0,0.0
2017-03-06 00:00:00-05:00,110.13519977032294,110.8960603345316,110.00204899018209,110.04959869384766,728900,0.0,0.0
2017-03-07 00:00:00-05:00,109.86889850662318,110.3159078376135,109.4028707440939,109.88792419433594,774100,0.0,0.0
2017-03-08 00:00:00-05:00,110.32541273921454,110.52513890877749,109.32677463522647,109.96400451660156,1046200,0.0,0.0
2017-03-09 00:00:00-05:00,110.09713584276709,111.08626092881077,109.84033991572248,110.63925170898438,1175300,0.0,0.0
2017-03-10 00:00:00-05:00,110.86752587114488,112.18001520455798,110.61073716145411,112.09442138671875,1582600,0.0,0.0
2017-03-13 00:00:00-04:00,112.22756352526001,113.22620152689447,112.22756352526001,113.12158203125,1496200,0.0,0.0
2017-03-14 00:00:00-04:00,112.9408879437654,113.06452588255509,112.35121501133132,112.62702941894531,782500,0.0,0.0
2017-03-15 00:00:00-04:00,112.70309580864694,113.34031832194871,112.3987501861616,113.1976547241211,1248800,0.0,0.0
2017-03-16 00:00:00-04:00,113.17864870009485,113.578101012849,112.75066511588294,113.40690612792969,960700,0.0,0.0
2017-03-17 00:00:00-04:00,113.70173937083253,114.01559059419723,112.95038449080697,113.09304809570312,1203200,0.0,0.0
2017-03-20 00:00:00-04:00,113.00744155079096,113.15010514876964,112.22755543883576,112.39875030517578,736300,0.0,0.0
2017-03-21 00:00:00-04:00,113.13109280824332,113.13109280824332,111.46670089993103,111.818603515625,1143300,0.0,0.0
2017-03-22 00:00:00-04:00,111.76153839774226,112.27512304550321,111.34306040560236,111.95175170898438,893300,0.0,0.0
2017-03-23 00:00:00-04:00,111.9232532229172,112.66509551270661,111.58086335744903,111.73303985595703,841900,0.0,0.0
2017-03-24 00:00:00-04:00,111.9232279875582,112.38925571085761,111.35258075916686,111.79007720947266,807600,0.0,0.0
2017-03-27 00:00:00-04:00,110.71536370799139,112.67458861789935,110.37297390250815,112.40828704833984,1132400,0.0,0.0
2017-03-28 00:00:00-04:00,112.11344066234878,113.51153108032342,111.98980272803486,113.06452178955078,1014700,0.0,0.0
2017-03-29 00:00:00-04:00,112.4938493488817,113.03596517962423,111.9327150925743,111.9992904663086,692000,0.0,0.0
2017-03-30 00:00:00-04:00,111.84713366548043,112.84577170292022,111.27648646816033,112.68408966064453,1042400,0.0,0.0
2017-03-31 00:00:00-04:00,112.11343136732245,113.19766318194809,111.98028060104718,112.8838119506836,1183400,0.0,0.0
2017-04-03 00:00:00-04:00,112.78871876465497,113.17866554909008,111.93275146880264,112.54144287109375,1192900,0.0,0.0
2017-04-04 00:00:00-04:00,112.35121295500191,113.10256792967996,111.66644062634593,113.08354949951172,927300,0.0,0.0
2017-04-05 00:00:00-04:00,113.18816090460263,114.51016301996037,113.18816090460263,113.39739990234375,1056400,0.0,0.0
2017-04-06 00:00:00-04:00,113.40691218458333,113.92049686677001,112.58898183030529,113.54957580566406,826700,0.0,0.0
2017-04-07 00:00:00-04:00,113.21670625022924,114.38653205586449,113.13110516952436,113.787353515625,1223900,0.0,0.0
2017-04-10 00:00:00-04:00,113.9109872155627,114.42457191214028,113.38789693184039,113.90148162841797,975600,0.0,0.0
2017-04-11 00:00:00-04:00,113.38787908761985,113.91096928902174,112.81723193328493,113.87293243408203,795900,0.0,0.0
2017-04-12 00:00:00-04:00,113.33081917049485,113.63516481025812,112.5509257589183,112.86478424072266,897000,0.0,0.0
2017-04-13 00:00:00-04:00,112.67458788843807,113.20719102410898,112.32268524169922,112.32268524169922,651800,0.0,0.0
2017-04-17 00:00:00-04:00,112.37974234939831,113.36886027355582,112.37974234939831,113.22620391845703,957200,0.0,0.0
2017-04-18 00:00:00-04:00,112.62703889945413,113.30230571031318,112.47486967399422,113.04551696777344,832700,0.0,0.0
2017-04-19 00:00:00-04:00,113.52104308163887,113.74930051874648,112.90283890230653,113.29278564453125,926200,0.0,0.0
2017-04-20 00:00:00-04:00,113.60665274452276,115.12838855394249,113.14062496237939,114.662353515625,1208300,0.0,0.0
2017-04-21 00:00:00-04:00,114.26287572507289,114.51015882754737,112.59848390274276,112.63652801513672,1327000,0.0,0.0
2017-04-24 00:00:00-04:00,113.66370698143272,114.40554909599327,112.95039613955943,113.2166976928711,2034600,0.0,0.0
2017-04-25 00:00:00-04:00,113.94904404881969,114.36752212743637,113.54007881458273,114.19632720947266,719200,0.0,0.0
2017-04-26 00:00:00-04:00,114.19632720947266,114.95719512401676,114.06317641285357,114.19632720947266,768100,0.0,0.0
2017-04-27 00:00:00-04:00,114.49201552888164,115.0166860813235,114.10090343541967,114.60649108886719,847800,0.36,0.0
2017-04-28 00:00:00-04:00,114.37754628911567,114.94036807884625,114.09136103054502,114.32030487060547,869800,0.0,0.0
2017-05-01 00:00:00-04:00,114.38710058146185,115.37919309244315,114.22492503513354,114.74959564208984,1049300,0.0,0.0
2017-05-02 00:00:00-04:00,114.98807550985921,115.47458756980316,114.15814402854235,114.3966293334961,1055900,0.0,0.0
2017-05-03 00:00:00-04:00,114.37755018317495,115.03576465550728,113.98643080167871,114.79727935791016,620300,0.0,0.0
2017-05-04 00:00:00-04:00,115.25518072885981,115.94201958854153,115.08347101393939,115.61767578125,824000,0.0,0.0
2017-05-05 00:00:00-04:00,115.99925830529351,116.75287279058627,115.79893150965788,116.63839721679688,1207000,0.0,0.0
2017-05-08 00:00:00-04:00,116.89598058802841,117.33479276076613,116.60026108157359,117.1535415649414,1606300,0.0,0.0
2017-05-09 00:00:00-04:00,119.11864397593722,119.59561459080011,117.744966276174,118.57489776611328,1977800,0.0,0.0
2017-05-10 00:00:00-04:00,118.49857450639367,118.77521832186491,118.13607220019303,118.37455749511719,1486800,0.0,0.0
2017-05-11 00:00:00-04:00,118.24101251331406,118.9564684356084,117.88805891623167,118.57489776611328,1403800,0.0,0.0
2017-05-12 00:00:00-04:00,117.83083075057642,118.86108914131336,117.76405514810244,118.51766967773438,1224900,0.0,0.0
2017-05-15 00:00:00-04:00,118.46996392415429,120.1298196298995,118.34594690608532,119.9676513671875,1080800,0.0,0.0
2017-05-16 00:00:00-04:00,120.19660400506261,120.3301552050509,119.60515777797553,120.17752838134766,1009900,0.0,0.0
2017-05-17 00:00:00-04:00,120.17752838134766,120.85482583214383,118.95647740174907,120.17752838134766,1543400,0.0,0.0
2017-05-18 00:00:00-04:00,120.18704941712441,121.50349292739257,119.69100319681621,120.85481262207031,1612400,0.0,0.0
2017-05-19 00:00:00-04:00,121.09328893764398,121.99953009670233,120.78802806825654,121.4176254272461,1221200,0.0,0.0
2017-05-22 00:00:00-04:00,121.24591829507816,122.61005442603634,121.03605007831638,122.4574203491211,1676700,0.0,0.0
2017-05-23 00:00:00-04:00,122.28574112984252,123.0679654494613,122.00909727144331,122.6386947631836,1623300,0.0,0.0
2017-05-24 00:00:00-04:00,123.0202826242638,123.36370209173188,122.67686315679572,123.23968505859375,1070100,0.0,0.0
2017-05-25 00:00:00-04:00,123.72618868401048,124.58474462219709,123.10613263642266,124.31764221191406,1309100,0.0,0.0
2017-05-26 00:00:00-04:00,124.31762272850851,124.53702512628644,123.90742044815426,124.02188873291016,961300,0.0,0.0
2017-05-30 00:00:00-04:00,123.94558676805372,124.91861097480147,123.64986729247086,124.6896743774414,902400,0.0,0.0
2017-05-31 00:00:00-04:00,125.07124035969038,125.55774516672005,124.1363819917557,124.88045501708984,1891100,0.0,0.0
2017-06-01 00:00:00-04:00,125.23340095550046,125.57682037353516,124.804130321954,125.57682037353516,1071100,0.0,0.0
2017-06-02 00:00:00-04:00,125.40513383875495,125.81532162440902,124.96631442164659,125.34788513183594,2006600,0.0,0.0
2017-06-05 00:00:00-04:00,125.25248624417372,126.24457871742396,124.90906681958941,124.96630096435547,1597600,0.0,0.0
2017-06-06 00:00:00-04:00,124.35577955881999,124.9281501202912,123.84065769828632,124.45117950439453,1138000,0.0,0.0
2017-06-07 00:00:00-04:00,124.98540058704505,125.48143961204377,124.26039584037161,125.35743713378906,1216900,0.0,0.0
2017-06-08 00:00:00-04:00,125.35744564390863,126.06335297970939,125.22389442719032,125.64363098144531,1138200,0.0,0.0
2017-06-09 00:00:00-04:00,125.7485450766154,126.69293761716901,125.67222802837061,126.53076934814453,1219900,0.0,0.0
2017-06-12 00:00:00-04:00,126.37814611815752,126.90281677246094,126.13012660702766,126.90281677246094,1431300,0.0,0.0
2017-06-13 00:00:00-04:00,127.09360290361977,128.35281248159808,126.95051752248129,127.8853759765625,1755100,0.0,0.0
2017-06-14 00:00:00-04:00,127.82815038175228,128.96334300141444,127.56104794841895,128.7916259765625,995800,0.0,0.0
2017-06-15 00:00:00-04:00,128.35278830680897,129.6119830916325,128.35278830680897,129.40211486816406,986800,0.0,0.0
2017-06-16 00:00:00-04:00,129.55476463123642,130.20345227937972,129.12549396072382,130.17483520507812,1519500,0.0,0.0
2017-06-19 00:00:00-04:00,130.68994609788268,130.9570484728738,130.15574134790046,130.49916076660156,1233900,0.0,0.0
2017-06-20 00:00:00-04:00,130.3274735096294,130.55642469298786,129.84096862048267,129.87911987304688,1247800,0.0,0.0
2017-06-21 00:00:00-04:00,129.63107440111733,129.9649596572029,129.01101841808776,129.06825256347656,1580200,0.0,0.0
2017-06-22 00:00:00-04:00,128.7439092630347,129.22087985750122,127.99028757242468,128.0666046142578,1072000,0.0,0.0
2017-06-23 00:00:00-04:00,128.10476727316893,128.1906330503752,126.29228467507274,126.30181884765625,1889000,0.0,0.0
2017-06-26 00:00:00-04:00,126.3972290208567,127.26531914379599,126.29229488999601,126.90281677246094,1264100,0.0,0.0
2017-06-27 00:00:00-04:00,127.1412742598824,127.16989132966765,126.44490130179679,126.47351837158203,1065300,0.0,0.0
2017-06-28 00:00:00-04:00,126.97911965933673,127.99982922201231,126.60708315615769,127.80904388427734,814700,0.0,0.0
2017-06-29 00:00:00-04:00,128.7057340028427,128.7057340028427,126.1873300314293,126.7215347290039,947300,0.0,0.0
2017-06-30 00:00:00-04:00,127.17943753505021,127.39883991771546,126.10147940789184,126.82646942138672,1535900,0.0,0.0
2017-07-03 00:00:00-04:00,127.43700506264558,127.81859028716158,126.80740035918515,127.02681732177734,558600,0.0,0.0
2017-07-05 00:00:00-04:00,127.22716707271194,127.38933537318654,126.6071109499566,126.84559631347656,1275600,0.0,0.0
2017-07-06 00:00:00-04:00,127.07449815334543,127.99980761294768,126.28272530722447,127.24620056152344,1191200,0.0,0.0
2017-07-07 00:00:00-04:00,127.56104794841895,129.23997960879865,127.3511796713726,128.7916259765625,914100,0.0,0.0
2017-07-10 00:00:00-04:00,128.71528440693203,129.5643060834931,128.26694541605698,129.06825256347656,966700,0.0,0.0
2017-07-11 00:00:00-04:00,129.21134797664993,129.30674793037664,127.77090183370788,127.86628723144531,815200,0.0,0.0
2017-07-12 00:00:00-04:00,128.18108203842792,129.00147210164428,127.68504306512568,128.45773315429688,809800,0.0,0.0
2017-07-13 00:00:00-04:00,128.45773246189225,129.4784420322128,128.16201300278993,129.383056640625,740300,0.0,0.0
2017-07-14 00:00:00-04:00,129.00150030178685,130.2988612770854,128.438678330589,129.94590759277344,872900,0.0,0.0
2017-07-17 00:00:00-04:00,129.86001765197275,130.74717596359642,129.56429821476488,130.5373077392578,816800,0.0,0.0
2017-07-18 00:00:00-04:00,129.99357750941607,131.26232111176594,129.8504775890978,131.08106994628906,600300,0.0,0.0
2017-07-19 00:00:00-04:00,131.31952825959803,131.7106475830078,130.87117480222298,131.7106475830078,694600,0.0,0.0
2017-07-20 00:00:00-04:00,131.59616819759725,132.65504337157833,131.4721657560941,132.44517517089844,769900,0.0,0.0
2017-07-21 00:00:00-04:00,132.1018251212922,132.95083254010174,132.1018251212922,132.73143005371094,807400,0.0,0.0
2017-07-24 00:00:00-04:00,132.86495198056005,133.66625923268413,132.2162788400758,133.19883728027344,1076800,0.0,0.0
2017-07-25 00:00:00-04:00,134.1145795841302,134.80141836021627,133.4563578773822,133.5517578125,773500,0.0,0.0
2017-07-26 00:00:00-04:00,133.55173553218034,133.68528668547316,132.46424341080052,132.5500946044922,797700,0.0,0.0
2017-07-27 00:00:00-04:00,132.50240564104175,132.54057143428358,129.35441182989516,129.65013122558594,1623000,0.0,0.0
2017-07-28 00:00:00-04:00,129.99450350089998,132.90218069337055,129.9466768383171,132.63436889648438,1046600,0.36,0.0
2017-07-31 00:00:00-04:00,132.95954794733,133.4473594038141,132.1369790896559,132.15611267089844,898200,0.0,0.0
2017-08-01 00:00:00-04:00,132.63432737020477,133.6194950134446,132.13695650543082,133.5142822265625,980400,0.0,0.0
2017-08-02 00:00:00-04:00,133.28476981102722,133.5812746652032,132.37610707126552,133.16998291015625,1425800,0.0,0.0
2017-08-03 00:00:00-04:00,133.12211612378593,133.3038486169583,131.99348320039948,132.9212646484375,1429700,0.0,0.0
2017-08-04 00:00:00-04:00,133.90646202867555,135.2933474664719,132.0030720643382,132.90216064453125,1109900,0.0,0.0
2017-08-07 00:00:00-04:00,132.66305074545048,134.01168370502788,132.54827844068544,132.73001098632812,944900,0.0,0.0
2017-08-08 00:00:00-04:00,132.4335369946634,132.8448142456691,132.29963107635334,132.54830932617188,1034000,0.0,0.0
2017-08-09 00:00:00-04:00,132.23261742704102,134.21252691401818,132.23261742704102,134.0881805419922,755400,0.0,0.0
2017-08-10 00:00:00-04:00,133.26563763787408,133.97343425458277,132.720439988251,132.80653381347656,842300,0.0,0.0
2017-08-11 00:00:00-04:00,133.37084808707746,133.44736782222856,132.29002689570828,132.36654663085938,708800,0.0,0.0
2017-08-14 00:00:00-04:00,133.3612686078875,133.97342646435192,132.94999146705288,133.58126831054688,680800,0.0,0.0
2017-08-15 00:00:00-04:00,134.03082869420373,134.23168024463618,133.1699925512624,133.2178192138672,838600,0.0,0.0
2017-08-16 00:00:00-04:00,133.4282467310576,134.10735032244528,133.13174185124348,133.25608825683594,883600,0.0,0.0
2017-08-17 00:00:00-04:00,133.23693166730328,133.64820879225223,130.73095797179727,130.75009155273438,1210400,0.0,0.0
2017-08-18 00:00:00-04:00,130.55879305575348,131.62048052812455,130.38663461979104,130.5779266357422,1345600,0.0,0.0
2017-08-21 00:00:00-04:00,130.78836080230514,132.32828571278878,130.3196829270636,132.15611267089844,1278900,0.0,0.0
2017-08-22 00:00:00-04:00,132.6152238311205,133.55257963371713,132.16567951212843,133.4951934814453,1153900,0.0,0.0
2017-08-23 00:00:00-04:00,132.95958834240088,133.2848009437434,132.11790024241333,132.2039794921875,807000,0.0,0.0
2017-08-24 00:00:00-04:00,132.32827863107602,132.7778229010171,131.72569490867724,131.7830810546875,724800,0.0,0.0
2017-08-25 00:00:00-04:00,132.38566753745704,132.65347928751942,131.85004403733228,132.0413360595703,726300,0.0,0.0
2017-08-28 00:00:00-04:00,132.31872746184104,132.79696488762013,131.96483643705187,132.35699462890625,656700,0.0,0.0
2017-08-29 00:00:00-04:00,131.51527361698822,132.18480300010916,131.05616983922613,131.89785766601562,944400,0.0,0.0
2017-08-30 00:00:00-04:00,131.7926466627298,132.63434909565717,131.56310206803772,132.13697814941406,733900,0.0,0.0
2017-08-31 00:00:00-04:00,132.2804584896042,133.20824014816327,132.0891664619381,133.10302734375,1403700,0.0,0.0
2017-09-01 00:00:00-04:00,133.38040242136114,133.65778827488444,132.77783324665748,132.8160858154297,825000,0.0,0.0
2017-09-05 00:00:00-04:00,132.7299944615592,134.92031504113228,132.45260863338189,134.24122619628906,1361200,0.0,0.0
2017-09-06 00:00:00-04:00,134.77682933608548,134.96812132288872,133.79166173913794,134.1264190673828,1072400,0.0,0.0
2017-09-07 00:00:00-04:00,134.15511194666013,134.44205722378223,132.28998953733102,132.57693481445312,1142700,0.0,0.0
2017-09-08 00:00:00-04:00,132.56739774986556,136.90022692400672,132.4908780233785,136.43154907226562,1630600,0.0,0.0
2017-09-11 00:00:00-04:00,136.89063847278908,138.5070828629335,135.72373830693255,136.45066833496094,1290600,0.0,0.0
2017-09-12 00:00:00-04:00,136.422037080345,136.80462125134702,136.0872649847303,136.67071533203125,875300,0.0,0.0
2017-09-13 00:00:00-04:00,136.47938156635186,137.01500508003792,135.81941166747217,136.76632690429688,933400,0.0,0.0
2017-09-14 00:00:00-04:00,136.60371846595686,136.60371846595686,135.08291265884495,135.95330810546875,1138000,0.0,0.0
2017-09-15 00:00:00-04:00,135.95332917557008,137.20630884397764,135.71421047260233,137.07240295410156,2573200,0.0,0.0
2017-09-18 00:00:00-04:00,137.31148882614667,137.8853794139121,136.74717232478514,137.78016662597656,852700,0.0,0.0
2017-09-19 00:00:00-04:00,138.2105843849897,138.8801137087562,137.91407958408197,138.1531982421875,1182100,0.0,0.0
2017-09-20 00:00:00-04:00,138.5932107741309,139.84620518520074,138.43061178826287,139.62620544433594,1137300,0.0,0.0
2017-09-21 00:00:00-04:00,139.66449508051133,140.19055929273503,138.2584755472277,138.63150024414062,1123700,0.0,0.0
2017-09-22 00:00:00-04:00,138.68883565996248,139.79834984795724,137.34977687765576,139.66444396972656,778900,0.0,0.0
2017-09-25 00:00:00-04:00,138.9949300547762,139.57836569337832,138.42103931580505,138.89927673339844,804100,0.0,0.0
2017-09-26 00:00:00-04:00,139.68357250920943,140.98437881297588,139.0236171607817,139.9131317138672,1486000,0.0,0.0
2017-09-27 00:00:00-04:00,141.23306933465537,141.23306933465537,139.6644512812722,140.0565948486328,971500,0.0,0.0
2017-09-28 00:00:00-04:00,140.38178139643657,140.80263255638286,139.8365838679668,140.55393981933594,1033800,0.0,0.0
2017-09-29 00:00:00-04:00,140.31487353292655,140.99397717530053,139.18624008700738,139.74099731445312,1292900,0.0,0.0
2017-10-02 00:00:00-04:00,139.91314651801602,141.0991806422709,139.22448342582268,140.87918090820312,930900,0.0,0.0
2017-10-03 00:00:00-04:00,140.5826617361724,141.0895922115862,140.07573126075863,140.89830017089844,712800,0.0,0.0
2017-10-04 00:00:00-04:00,140.87914146885603,140.87914146885603,139.67398869222654,140.26699829101562,785700,0.0,0.0
2017-10-05 00:00:00-04:00,140.46790244929363,140.80267449750934,140.12357090628404,140.25747680664062,1394100,0.0,0.0
2017-10-06 00:00:00-04:00,140.7165727720179,140.7930925100218,140.12356304579737,140.44876098632812,752200,0.0,0.0
2017-10-09 00:00:00-04:00,140.43916781585324,141.43389498208063,140.3722075881635,140.93653869628906,555000,0.0,0.0
2017-10-10 00:00:00-04:00,140.9078866012589,141.22351046898254,140.60180763363198,141.2043914794922,830300,0.0,0.0
2017-10-11 00:00:00-04:00,141.23308978761844,141.37655518735016,140.54442667960814,141.3383026123047,801100,0.0,0.0
2017-10-12 00:00:00-04:00,141.1660709796816,142.99294081657422,141.127818420504,142.7442626953125,1461400,0.0,0.0
2017-10-13 00:00:00-04:00,143.01212550143185,143.58600166203834,142.44779424072712,142.8782196044922,694400,0.0,0.0
2017-10-16 00:00:00-04:00,143.4233856201172,143.6242517389487,142.4095247218402,143.4233856201172,521700,0.0,0.0
2017-10-17 00:00:00-04:00,143.509474770312,143.6146875837108,142.03650997737668,142.70603942871094,852000,0.0,0.0
2017-10-18 00:00:00-04:00,142.75383583603983,143.43293923217976,142.36167774241883,143.08860778808594,998200,0.0,0.0
2017-10-19 00:00:00-04:00,142.82079650051944,144.29376098580357,142.43819789777754,144.25550842285156,637300,0.0,0.0
2017-10-20 00:00:00-04:00,145.04939616036395,145.24070279420653,144.4085598020031,144.94418334960938,773200,0.0,0.0
2017-10-23 00:00:00-04:00,145.058939991044,145.8336820747032,144.69547497613465,145.32675170898438,650300,0.0,0.0
2017-10-24 00:00:00-04:00,145.29809056352698,146.13021897034412,145.2407044105944,145.7476348876953,790500,0.0,0.0
2017-10-25 00:00:00-04:00,145.2884961082036,145.70934729691012,144.312902455815,145.04937744140625,928300,0.0,0.0
2017-10-26 00:00:00-04:00,145.5276600226269,145.5276600226269,143.2799526126593,144.6285858154297,1510200,0.0,0.0
2017-10-27 00:00:00-04:00,140.36264135100728,141.5391009705496,138.60273166744673,139.81744384765625,1738700,0.0,0.0
2017-10-30 00:00:00-04:00,137.22541714855006,139.19575256290724,136.775872902209,137.20628356933594,1532600,0.0,0.0
2017-10-31 00:00:00-04:00,136.861104227753,138.67338903963542,136.82275541905352,137.53231811523438,1491400,0.36,0.0
2017-11-01 00:00:00-04:00,137.90632806311595,138.7597319120543,136.8227874140687,136.96661376953125,1085700,0.0,0.0
2017-11-02 00:00:00-04:00,137.04325384771812,137.39803509188806,132.1817353861291,133.24609375,2834300,0.0,0.0
2017-11-03 00:00:00-04:00,133.16948316801592,133.51468113413884,132.23936683238952,132.93934631347656,1614200,0.0,0.0
2017-11-06 00:00:00-05:00,132.84337498535805,135.58577538922262,132.56530591707525,134.4159393310547,1411400,0.0,0.0
2017-11-07 00:00:00-05:00,134.51181620548658,135.1926281061954,134.13785322660763,134.4447021484375,1212500,0.0,0.0
2017-11-08 00:00:00-05:00,134.85705236156457,135.41320521736515,134.10912619064524,135.0775909423828,1364600,0.0,0.0
2017-11-09 00:00:00-05:00,134.80908238855883,137.6857255189398,134.31047478054126,137.5610809326172,1375000,0.0,0.0
2017-11-10 00:00:00-05:00,136.96656595052823,138.0980532001509,136.55425412123975,137.35971069335938,995700,0.0,0.0
2017-11-13 00:00:00-05:00,136.69811276352638,138.16519994956832,135.9885499812955,136.0556640625,971800,0.0,0.0
2017-11-14 00:00:00-05:00,135.91182765514887,137.85835533639175,135.61456219039587,137.63780212402344,799200,0.0,0.0
2017-11-15 00:00:00-05:00,137.39810849763867,138.06933717848096,136.68854563021065,136.95703125,963900,0.0,0.0
2017-11-16 00:00:00-05:00,137.27341950383578,137.6857313469216,135.41318785976443,135.47071838378906,1026900,0.0,0.0
2017-11-17 00:00:00-05:00,134.9912703347871,135.67208230440087,134.3296400825695,135.37481689453125,912100,0.0,0.0
2017-11-20 00:00:00-05:00,135.84468117562955,136.5350767254046,135.09675510193392,136.2090606689453,1031500,0.0,0.0
2017-11-21 00:00:00-05:00,136.20907889031494,136.22826061130922,135.3364934771519,135.62416076660156,1358700,0.0,0.0
2017-11-22 00:00:00-05:00,135.7296310574123,136.11317766867722,133.37077696717353,133.51461791992188,1042100,0.0,0.0
2017-11-24 00:00:00-05:00,133.88858393946245,134.0228267195021,132.651619022829,132.92970275878906,884100,0.0,0.0
2017-11-27 00:00:00-05:00,132.85300037474568,133.18860003408486,132.4310902828982,132.440673828125,1384100,0.0,0.0
2017-11-28 00:00:00-05:00,132.57490877580972,134.77075490629565,132.45984771442738,134.1858367919922,943900,0.0,0.0
2017-11-29 00:00:00-05:00,134.25295422191076,135.3844416687846,134.2050218660477,134.6940460205078,961600,0.0,0.0
2017-11-30 00:00:00-05:00,135.39402997534066,135.4995074984082,133.51463091333122,134.45433044433594,2817200,0.0,0.0
2017-12-01 00:00:00-05:00,134.94334590672008,136.6981002419369,133.95569945054274,136.39126586914062,1571300,0.0,0.0
2017-12-04 00:00:00-05:00,137.06247105077725,137.4939646329651,133.8406298690151,133.9269256591797,1501300,0.0,0.0
2017-12-05 00:00:00-05:00,134.11870310109586,134.11870310109586,132.58450202467083,133.51461791992188,1010800,0.0,0.0
2017-12-06 00:00:00-05:00,133.936523566423,133.936523566423,133.04477104302833,133.3899688720703,760500,0.0,0.0
2017-12-07 00:00:00-05:00,133.09272449746797,133.41874062091253,131.6831678463415,132.76670837402344,966100,0.0,0.0
2017-12-08 00:00:00-05:00,133.27488119446693,133.27488119446693,132.3255836963112,132.79544067382812,663200,0.0,0.0
2017-12-11 00:00:00-05:00,132.5557354632207,132.98722905451254,132.13382541613885,132.61326599121094,1041500,0.0,0.0
2017-12-12 00:00:00-05:00,133.14066800246493,133.25572907093522,132.4406741522925,132.8050537109375,1081400,0.0,0.0
2017-12-13 00:00:00-05:00,132.61331380645237,132.95851173022393,130.85855891322785,130.94485473632812,1236400,0.0,0.0
2017-12-14 00:00:00-05:00,131.05985332405893,131.721483581667,130.38863952335637,130.96397399902344,1449900,0.0,0.0
2017-12-15 00:00:00-05:00,131.87490095062697,133.90772396070759,131.66394596301149,132.6995391845703,3056900,0.0,0.0
2017-12-18 00:00:00-05:00,132.87218047118407,133.87899406825244,131.27083592452445,131.54891967773438,1477000,0.0,0.0
2017-12-19 00:00:00-05:00,131.7790212405446,132.62284128219673,130.6187833146372,131.24205017089844,1298900,0.0,0.0
2017-12-20 00:00:00-05:00,131.9708018108466,131.98996889700584,130.7050718188898,130.7817840576172,842600,0.0,0.0
2017-12-21 00:00:00-05:00,131.24205027801705,131.7119072800231,129.62153889277803,129.77496337890625,884100,0.0,0.0
2017-12-22 00:00:00-05:00,129.43938596301956,130.0051223923055,127.72298032189987,127.8668212890625,1389900,0.0,0.0
2017-12-26 00:00:00-05:00,128.164091321565,128.40381167135183,127.63670362576015,127.81889343261719,510600,0.0,0.0
2017-12-27 00:00:00-05:00,128.11610978313018,128.61473207303337,127.6750180206456,128.41336059570312,753000,0.0,0.0
2017-12-28 00:00:00-05:00,128.96949626147202,129.1420878207751,128.18320680767863,128.98867797851562,772000,0.0,0.0
2017-12-29 00:00:00-05:00,129.30516737707848,129.7270629181763,128.46134703214378,128.4901123046875,723800,0.0,0.0
2018-01-02 00:00:00-05:00,128.72978906805113,129.2092296232394,125.8531457369215,126.08328247070312,878000,0.0,0.0
2018-01-03 00:00:00-05:00,126.07369912084712,128.22159832795867,125.48878098948087,128.09693908691406,1201800,0.0,0.0
2018-01-04 00:00:00-05:00,129.0174626454694,130.91604324020707,128.34624876160916,129.8516845703125,1452400,0.0,0.0
2018-01-05 00:00:00-05:00,129.83248778003608,131.07903606614894,129.42975949646674,130.9543914794922,820700,0.0,0.0
2018-01-08 00:00:00-05:00,130.24481322012136,131.16533082355247,129.6311299407128,130.96397399902344,925300,0.0,0.0
2018-01-09 00:00:00-05:00,131.10783401851822,132.59410293673722,130.7626361706181,131.29002380371094,1457300,0.0,0.0
2018-01-10 00:00:00-05:00,131.37631009589435,131.76945490585965,130.11059449947953,131.04071044921875,1331800,0.0,0.0
2018-01-11 00:00:00-05:00,130.89687386656558,131.00235138907559,129.37225619413027,129.70787048339844,737100,0.0,0.0
2018-01-12 00:00:00-05:00,130.30236135790716,131.64478914080453,129.0749946331537,130.9352264404297,905700,0.0,0.0
2018-01-16 00:00:00-05:00,130.78177871620957,131.12697646070248,128.768122768107,129.00784301757812,1265500,0.0,0.0
2018-01-17 00:00:00-05:00,129.5927878573448,131.3475422027432,129.33390046886745,130.8872833251953,1040300,0.0,0.0
2018-01-18 00:00:00-05:00,130.47499361400642,130.48457716030907,127.92436568613401,129.52569580078125,1132100,0.0,0.0
2018-01-19 00:00:00-05:00,130.0626432963973,130.24483306249334,128.85445827106966,129.62155151367188,1301500,0.0,0.0
2018-01-22 00:00:00-05:00,129.64074564987772,130.5708616585444,129.2284337240601,130.388671875,1136900,0.0,0.0
2018-01-23 00:00:00-05:00,130.2831861448788,132.97764002100627,130.09141282793883,131.7694549560547,1063300,0.0,0.0
2018-01-24 00:00:00-05:00,132.172223039555,133.53383301987978,130.8873253353378,133.12152099609375,1209500,0.0,0.0
2018-01-25 00:00:00-05:00,133.1406604759047,134.22418628260317,132.48861365157796,133.81187438964844,1183700,0.0,0.0
2018-01-26 00:00:00-05:00,134.2913218537869,137.58027751492492,133.81188122926883,137.57069396972656,1184600,0.0,0.0
2018-01-29 00:00:00-05:00,137.0720395925146,137.35012328331797,135.56660399162803,136.48712158203125,1157900,0.0,0.0
2018-01-30 00:00:00-05:00,136.3241303017087,137.48438292217475,135.2885369118303,135.92140197753906,1463500,0.0,0.0
2018-01-31 00:00:00-05:00,135.9214340163511,137.44032584429135,135.34463445230514,136.6712646484375,1846200,0.36,0.0
2018-02-01 00:00:00-05:00,136.507830426774,138.97843693388683,135.5080612215036,138.89190673828125,1374100,0.0,0.0
2018-02-02 00:00:00-05:00,137.67100806689047,142.2565060432453,135.19079414157872,138.0363006591797,2229800,0.0,0.0
2018-02-05 00:00:00-05:00,137.98826298989047,139.3821927315725,134.36408673365673,134.9120330810547,2567800,0.0,0.0
2018-02-06 00:00:00-05:00,132.30686274654187,134.93126990492064,130.24963252436044,134.50828552246094,3317900,0.0,0.0
2018-02-07 00:00:00-05:00,134.24867731699896,137.11342884431537,133.96029231035763,135.11387634277344,1959900,0.0,0.0
2018-02-08 00:00:00-05:00,134.85433928401392,135.70030790442354,130.67257991649385,130.78794860839844,2089600,0.0,0.0
2018-02-09 00:00:00-05:00,132.18184302622132,133.43156520310174,129.57665261129478,132.57598876953125,2396700,0.0,0.0
2018-02-12 00:00:00-05:00,133.38353069675514,135.5176683613929,132.94131578043212,134.54673767089844,1422500,0.0,0.0
2018-02-13 00:00:00-05:00,133.65267860114554,134.47941661582803,132.58560993880673,133.84494018554688,1196600,0.0,0.0
2018-02-14 00:00:00-05:00,133.42198219977357,135.16198875344733,132.8548052799672,134.5563507080078,1611200,0.0,0.0
2018-02-15 00:00:00-05:00,135.02738841572418,135.85412649703625,134.46019689339326,135.4407501220703,1292300,0.0,0.0
2018-02-16 00:00:00-05:00,134.9312344742121,136.17133411659202,134.3832735766506,135.41189575195312,1241000,0.0,0.0
2018-02-20 00:00:00-05:00,134.80629030370147,136.48860518082552,134.47944407661515,135.27734375,940400,0.0,0.0
2018-02-21 00:00:00-05:00,135.19079853859043,136.56548278114803,133.93146831117934,133.97952270507812,1099500,0.0,0.0
2018-02-22 00:00:00-05:00,134.517865744279,134.59477331329492,132.3741204317036,133.73919677734375,1482900,0.0,0.0
2018-02-23 00:00:00-05:00,134.3160413721348,136.5463029490085,133.0567106768857,136.4213409423828,1080600,0.0,0.0
2018-02-26 00:00:00-05:00,136.873107608578,137.77675314097436,136.04636963943005,137.7575225830078,997000,0.0,0.0
2018-02-27 00:00:00-05:00,137.4114429079144,138.72845006206427,136.91155109193076,136.95001220703125,1360600,0.0,0.0
2018-02-28 00:00:00-05:00,137.47873717200403,138.69001301324766,134.85433063034029,134.89279174804688,1811000,0.0,0.0
2018-03-01 00:00:00-05:00,134.70053421162487,135.70031805024456,131.70121203300695,132.13380432128906,1174300,0.0,0.0
2018-03-02 00:00:00-05:00,131.52816841807783,133.31621441631953,131.02827654653095,133.13357543945312,819700,0.0,0.0
2018-03-05 00:00:00-05:00,132.46061491242975,136.4789504108737,131.34549201031868,135.91177368164062,1136500,0.0,0.0
2018-03-06 00:00:00-05:00,135.95027252769117,136.7577801824577,133.80652672921968,136.6712646484375,1007300,0.0,0.0
2018-03-07 00:00:00-05:00,135.5368977329629,137.39224357118556,135.2484979786438,136.9788818359375,891100,0.0,0.0
2018-03-08 00:00:00-05:00,137.4691578953048,139.15147276465294,136.80584282841093,138.65158081054688,791600,0.0,0.0
2018-03-09 00:00:00-05:00,139.3917744375132,142.42955731813709,139.37254387865343,142.30458068847656,1489300,0.0,0.0
2018-03-12 00:00:00-04:00,142.46800692217553,142.69872962774616,139.9493463946595,140.65110778808594,1019700,0.0,0.0
2018-03-13 00:00:00-04:00,141.04526671414635,141.40095141665765,140.03587495260274,140.31466674804688,876100,0.0,0.0
2018-03-14 00:00:00-04:00,141.04527464141609,141.04527464141609,138.2670524887777,138.6419677734375,1196700,0.0,0.0
2018-03-15 00:00:00-04:00,139.516791252163,139.9589915529742,138.37281470271478,139.36297607421875,1640500,0.0,0.0
2018-03-16 00:00:00-04:00,139.237980408515,140.82417171094966,139.18991133838895,140.32427978515625,1431000,0.0,0.0
2018-03-19 00:00:00-04:00,140.35312268487337,141.23753786210517,138.81500040443999,139.3917999267578,791800,0.0,0.0
2018-03-20 00:00:00-04:00,139.99741849303743,140.4684571911031,139.32448092102507,139.66094970703125,862600,0.0,0.0
2018-03-21 00:00:00-04:00,139.67058872900418,139.8532424152694,137.86331176757812,137.86331176757812,1372900,0.0,0.0
2018-03-22 00:00:00-04:00,137.02694349224575,138.24782753794707,133.73922132364055,133.921875,1562200,0.0,0.0
2018-03-23 00:00:00-04:00,134.36409983678905,135.27735361725993,131.8262080809277,131.86465454101562,1492500,0.0,0.0
2018-03-26 00:00:00-04:00,132.87403355658415,135.64264780967557,132.58563379378356,135.354248046875,934900,0.0,0.0
2018-03-27 00:00:00-04:00,135.3542357141122,136.44052036332732,132.60485227401577,133.45082092285156,1306300,0.0,0.0
2018-03-28 00:00:00-04:00,133.73919446802316,135.11389340393973,133.04704102745038,134.06605529785156,911600,0.0,0.0
2018-03-29 00:00:00-04:00,134.86397417487538,136.48861211429295,133.7969052404345,134.90243530273438,1342100,0.0,0.0
2018-04-02 00:00:00-04:00,135.4407682015843,135.7676144318996,131.21095376476265,132.84519958496094,1148100,0.0,0.0
2018-04-03 00:00:00-04:00,133.24893998106748,134.0372169670733,131.9896095915446,133.37391662597656,725600,0.0,0.0
2018-04-04 00:00:00-04:00,132.22991493408065,134.96006735749478,131.78770012278127,134.7101287841797,633600,0.0,0.0
2018-04-05 00:00:00-04:00,135.3061650973348,135.69068829588286,134.21986579193782,134.74859619140625,625400,0.0,0.0
2018-04-06 00:00:00-04:00,133.8257119606603,134.95045752779185,131.76848239307813,132.85476684570312,682600,0.0,0.0
2018-04-09 00:00:00-04:00,133.25853813059626,135.36383703496804,132.6336842892288,133.63345336914062,1014100,0.0,0.0
2018-04-10 00:00:00-04:00,134.64282977608087,135.71950630429825,133.92183788623157,134.7389678955078,716000,0.0,0.0
2018-04-11 00:00:00-04:00,133.62382724748713,134.77741131158373,133.42194306867705,134.62359619140625,759300,0.0,0.0
2018-04-12 00:00:00-04:00,135.26771445701752,137.09422159650154,135.2292533371816,136.123291015625,1018300,0.0,0.0
2018-04-13 00:00:00-04:00,136.9692234437431,137.79596136691268,136.16171607747054,136.5270233154297,668300,0.0,0.0
2018-04-16 00:00:00-04:00,137.60374812143698,140.05512425067533,136.7481713968064,138.218994140625,646200,0.0,0.0
2018-04-17 00:00:00-04:00,138.60349345951653,139.07454684151813,137.73830893682424,138.5073699951172,857600,0.0,0.0
2018-04-18 00:00:00-04:00,139.10340308837598,139.1803106708757,138.14208031006152,138.62274169921875,654900,0.0,0.0
2018-04-19 00:00:00-04:00,138.66118111563742,139.9493499164307,138.12282812242518,139.21875,947200,0.0,0.0
2018-04-20 00:00:00-04:00,139.62253222908905,140.08396307736385,137.75756360367473,138.46893310546875,974700,0.0,0.0
2018-04-23 00:00:00-04:00,138.87270128711225,139.39180915667438,137.93059436036953,138.218994140625,789700,0.0,0.0
2018-04-24 00:00:00-04:00,138.276603678769,138.81494184925148,136.20976648810628,136.82501220703125,998300,0.0,0.0
2018-04-25 00:00:00-04:00,136.70010405083917,136.87314978862983,135.5369116362148,136.47900390625,1022500,0.0,0.0
2018-04-26 00:00:00-04:00,137.2095760453447,139.02647524482802,135.50804553710847,137.94979858398438,1019800,0.0,0.0
2018-04-27 00:00:00-04:00,137.4691578953048,138.9303726318955,137.2961268353959,138.65158081054688,646500,0.0,0.0
2018-04-30 00:00:00-04:00,138.95037129895167,139.40345055803448,137.3019318038658,137.3404998779297,1000900,0.4,0.0
2018-05-01 00:00:00-04:00,137.1670220266309,137.96714069143033,136.23195918257102,137.7165069580078,632400,0.0,0.0
2018-05-02 00:00:00-04:00,137.03205060792206,137.5911701554308,134.64134420879947,134.75701904296875,930500,0.0,0.0
2018-05-03 00:00:00-04:00,133.97617723207222,135.2582938424777,132.35667080382117,134.95945739746094,943800,0.0,0.0
2018-05-04 00:00:00-04:00,134.10151121171597,135.38362791559234,132.05784398629044,134.46783447265625,1124200,0.0,0.0
2018-05-07 00:00:00-04:00,134.40998803584034,136.16446824471632,134.3714346585686,135.31614685058594,755000,0.0,0.0
2018-05-08 00:00:00-04:00,134.89197362575976,136.2704957631948,134.68954267240676,135.83670043945312,716600,0.0,0.0
2018-05-09 00:00:00-04:00,136.193398779465,136.78143712246577,135.33544264388192,136.20303344726562,911700,0.0,0.0
2018-05-10 00:00:00-04:00,136.35724142818623,139.20102689840482,135.8752433922369,139.0467987060547,1090100,0.0,0.0
2018-05-11 00:00:00-04:00,138.99859665354495,139.7119443362822,138.42019312375706,138.90219116210938,814600,0.0,0.0
2018-05-14 00:00:00-04:00,139.18175492202317,139.59626616454202,137.7743142116637,138.07315063476562,679000,0.0,0.0
2018-05-15 00:00:00-04:00,137.79360624263825,138.6033594443426,135.42216934117454,135.7017364501953,1021100,0.0,0.0
2018-05-16 00:00:00-04:00,135.90416052891308,137.34051995485095,134.7088148275806,134.94981384277344,1076900,0.0,0.0
2018-05-17 00:00:00-04:00,134.7184429756089,136.1162342542248,133.92795918349907,135.8656005859375,742800,0.0,0.0
2018-05-18 00:00:00-04:00,136.11627149040189,137.10918647983314,135.7017601514464,136.21267700195312,876100,0.0,0.0
2018-05-21 00:00:00-04:00,136.46330219883856,138.43949738664065,136.44401815585195,136.96458435058594,657000,0.0,0.0
2018-05-22 00:00:00-04:00,136.95491063471036,138.42982325023254,136.90670789569504,137.76466369628906,778300,0.0,0.0
2018-05-23 00:00:00-04:00,136.897075707054,137.98639596601845,136.57895524091185,137.02239990234375,776600,0.0,0.0
2018-05-24 00:00:00-04:00,136.7524956881288,137.6297357229756,135.6728246971875,137.26341247558594,746200,0.0,0.0
2018-05-25 00:00:00-04:00,137.224826741591,138.38161891758307,136.54038315804144,137.09950256347656,694800,0.0,0.0
2018-05-29 00:00:00-04:00,135.7788807929067,135.8656369271256,132.70373033176682,133.37852478027344,1176900,0.0,0.0
2018-05-30 00:00:00-04:00,134.30394233966007,135.95236741653846,134.10149668858767,135.18116760253906,749800,0.0,0.0
2018-05-31 00:00:00-04:00,135.03656734508783,136.44399332931,134.22681419996727,134.83412170410156,1393400,0.0,0.0
2018-06-01 00:00:00-04:00,136.18371764032076,136.18371764032076,134.71843961673076,135.03656005859375,689400,0.0,0.0
2018-06-04 00:00:00-04:00,135.67282271877124,136.7814124015603,135.5089451392798,136.28977966308594,577900,0.0,0.0
2018-06-05 00:00:00-04:00,135.70173668298625,136.48257117949876,134.95945555877725,135.65353393554688,977300,0.0,0.0
2018-06-06 00:00:00-04:00,136.29939737737695,137.24410936317923,135.85595273376492,136.53076171875,796600,0.0,0.0
2018-06-07 00:00:00-04:00,136.8007006315728,137.1284558005907,136.1933783347228,136.92601013183594,700500,0.0,0.0
2018-06-08 00:00:00-04:00,137.18628406155042,137.87072777179705,136.6560832591641,137.82252502441406,777700,0.0,0.0
2018-06-11 00:00:00-04:00,137.9478544897055,138.1792041509107,137.1670052548963,137.50440979003906,838500,0.0,0.0
2018-06-12 00:00:00-04:00,137.8514664872367,137.8514664872367,136.55971501684684,136.76214599609375,642600,0.0,0.0
2018-06-13 00:00:00-04:00,137.13809315517457,137.62009125179543,136.13554358634562,136.18374633789062,759900,0.0,0.0
2018-06-14 00:00:00-04:00,136.65606246882462,136.74283328467834,134.9787189066222,135.16188049316406,819700,0.0,0.0
2018-06-15 00:00:00-04:00,134.9016048117971,134.94980755447207,132.83865392625088,134.50636291503906,2139200,0.0,0.0
2018-06-18 00:00:00-04:00,133.8219561299296,135.24866635088966,133.50383562691698,135.21009826660156,769000,0.0,0.0
2018-06-19 00:00:00-04:00,134.4967453239972,135.02694614190452,134.10150337706503,134.67025756835938,1066900,0.0,0.0
2018-06-20 00:00:00-04:00,134.66060692422275,134.95944333810837,132.53981861364917,132.64585876464844,1044800,0.0,0.0
2018-06-21 00:00:00-04:00,131.99999079956305,132.60731310426684,131.34448045305024,131.63368225097656,926800,0.0,0.0
2018-06-22 00:00:00-04:00,132.0675099612166,132.72302046838664,130.448003030972,132.2024688720703,1073800,0.0,0.0
2018-06-25 00:00:00-04:00,132.1831290804358,133.23389591761332,131.5661722182291,132.74224853515625,980300,0.0,0.0
2018-06-26 00:00:00-04:00,132.74229406692874,133.5038594184866,132.40490417106048,132.79049682617188,999600,0.0,0.0
2018-06-27 00:00:00-04:00,132.56876150344775,133.07967831254354,130.0816495430532,130.12985229492188,954500,0.0,0.0
2018-06-28 00:00:00-04:00,130.05274335590315,131.78793962434597,129.96598721983503,131.27700805664062,716600,0.0,0.0
2018-06-29 00:00:00-04:00,131.6433458856142,133.27250215332808,131.3830627392637,132.23138427734375,1150300,0.0,0.0
2018-07-02 00:00:00-04:00,131.7204030574569,132.6843989857783,131.64328161806193,132.30844116210938,777600,0.0,0.0
2018-07-03 00:00:00-04:00,132.58803758109823,133.45564303062358,131.9999992809834,132.1446075439453,411000,0.0,0.0
2018-07-05 00:00:00-04:00,132.28921437238364,133.37853494979603,131.99037785878974,133.2435760498047,710800,0.0,0.0
2018-07-06 00:00:00-04:00,133.47491527786926,135.36433952116374,133.34959106959468,134.5931396484375,837400,0.0,0.0
2018-07-09 00:00:00-04:00,134.853412122849,137.48511732369042,134.853412122849,137.3983612060547,984600,0.0,0.0
2018-07-10 00:00:00-04:00,137.30196013191153,138.01532255516946,137.09952918424722,137.6779327392578,700600,0.0,0.0
2018-07-11 00:00:00-04:00,137.35018338701914,137.91895236115212,136.7139570328108,137.35983276367188,709300,0.0,0.0
2018-07-12 00:00:00-04:00,138.17920191827784,138.72868677358966,137.6490011042262,138.69976806640625,679600,0.0,0.0
2018-07-13 00:00:00-04:00,138.67083470268693,139.16246738225618,138.30451150453018,139.0082244873047,662700,0.0,0.0
2018-07-16 00:00:00-04:00,139.0660645457493,140.47350524753207,139.0660645457493,139.98187255859375,740100,0.0,0.0
2018-07-17 00:00:00-04:00,139.98190892738106,140.64705401719914,139.33601846333028,140.37713623046875,555300,0.0,0.0
2018-07-18 00:00:00-04:00,140.3192899012961,142.22799833188012,140.03008808831905,142.0352020263672,629900,0.0,0.0
2018-07-19 00:00:00-04:00,141.41818587997676,142.33397898022693,140.69518900460938,140.8879852294922,649400,0.0,0.0
2018-07-20 00:00:00-04:00,140.73381222849184,141.17724224856062,140.33857025147174,140.89768981933594,670400,0.0,0.0
2018-07-23 00:00:00-04:00,140.92662865074738,141.92917838182663,140.40606238487746,141.890625,797100,0.0,0.0
2018-07-24 00:00:00-04:00,142.18939397002083,142.70994527919441,141.47603171505483,141.9001922607422,788500,0.0,0.0
2018-07-25 00:00:00-04:00,141.71706715560262,142.46898296756984,141.2350690859101,142.39187622070312,877900,0.0,0.0
2018-07-26 00:00:00-04:00,142.94132459051116,142.94132459051116,141.90985652743475,142.8545684814453,1049900,0.0,0.0
2018-07-27 00:00:00-04:00,141.52428376536727,142.78711646952536,139.00825302393392,139.29745483398438,1345300,0.0,0.0
2018-07-30 00:00:00-04:00,139.21068188500863,140.14575928919822,138.10207753198748,138.22740173339844,986400,0.0,0.0
2018-07-31 00:00:00-04:00,138.1403938874811,138.9040894524301,137.51204947376579,138.7687530517578,1141000,0.4,0.0
2018-08-01 00:00:00-04:00,138.80740102060506,139.15541098204514,137.36703834037357,137.5797119140625,748000,0.0,0.0
2018-08-02 00:00:00-04:00,137.0190401496664,137.0190401496664,135.28865181059777,136.6903533935547,1062600,0.0,0.0
2018-08-03 00:00:00-04:00,136.51634758697944,138.44007141686535,136.30367400777354,138.35305786132812,849500,0.0,0.0
2018-08-06 00:00:00-04:00,138.42074365834557,139.5711104443375,138.2274080494827,138.9910888671875,766200,0.0,0.0
2018-08-07 00:00:00-04:00,138.84612420856558,139.81281723570743,138.51743736890796,138.6431121826172,572800,0.0,0.0
2018-08-08 00:00:00-04:00,138.82679695319928,138.9717950182571,138.02443990855826,138.60446166992188,425600,0.0,0.0
2018-08-09 00:00:00-04:00,139.09883327543025,139.27331770111024,138.33300107339937,138.60443115234375,431800,0.4,0.0
2018-08-10 00:00:00-04:00,137.85799353864866,137.85799353864866,136.82073135016392,137.4217529296875,659600,0.0,0.0
2018-08-13 00:00:00-04:00,137.4702235976455,138.46870159590324,135.5120369832732,136.18092346191406,852900,0.0,0.0
2018-08-14 00:00:00-04:00,136.50082764206297,136.94675689603974,135.66714539562432,136.53961181640625,600000,0.0,0.0
2018-08-15 00:00:00-04:00,135.88042132444374,137.12124871759247,135.8028677633933,136.8013458251953,567800,0.0,0.0
2018-08-16 00:00:00-04:00,137.16971406171805,138.96310493261328,137.10184915256391,138.44932556152344,822400,0.0,0.0
2018-08-17 00:00:00-04:00,138.5171528011233,139.53502272752291,138.4202071731515,139.0600128173828,895000,0.0,0.0
2018-08-20 00:00:00-04:00,139.06975506006862,139.47690018586943,138.56566427924517,138.63351440429688,759700,0.0,0.0
2018-08-21 00:00:00-04:00,138.6819499718948,140.3493142058656,138.31357433197704,139.94216918945312,799000,0.0,0.0
2018-08-22 00:00:00-04:00,139.35085439731674,139.94218731025848,138.31359224189922,138.759521484375,643000,0.0,0.0
2018-08-23 00:00:00-04:00,138.61410440528817,139.30236810135307,138.449308664092,138.77890014648438,761400,0.0,0.0
2018-08-24 00:00:00-04:00,138.99216476895467,141.05697059052233,138.77889621772027,140.98912048339844,1319200,0.0,0.0
2018-08-27 00:00:00-04:00,141.2411642838613,141.473824929016,140.19421356840553,140.8824920654297,465500,0.0,0.0
2018-08-28 00:00:00-04:00,141.1345520278767,141.1345520278767,140.25239691814332,140.611083984375,550000,0.0,0.0
2018-08-29 00:00:00-04:00,140.39781647919227,142.05547762298693,140.39781647919227,141.667724609375,509800,0.0,0.0
2018-08-30 00:00:00-04:00,141.62895824733795,141.62895824733795,139.4962722514695,139.9615936279297,534800,0.0,0.0
2018-08-31 00:00:00-04:00,139.78707271290176,141.20239912754747,139.47687330191405,141.10545349121094,881800,0.0,0.0
2018-09-04 00:00:00-04:00,140.91161192483867,142.4044774682566,140.40752111627648,142.37539672851562,820000,0.0,0.0
2018-09-05 00:00:00-04:00,142.4529015929641,143.35444859218373,142.24933648437727,143.2090301513672,925800,0.0,0.0
2018-09-06 00:00:00-04:00,143.3738422439574,146.20449512979351,143.3738422439574,145.826416015625,1025800,0.0,0.0
2018-09-07 00:00:00-04:00,145.65189698415668,146.03964986139485,145.09933360267698,145.42893981933594,820600,0.0,0.0
2018-09-10 00:00:00-04:00,145.54534587219365,145.89432957780724,145.05095845250466,145.1575927734375,565800,0.0,0.0
2018-09-11 00:00:00-04:00,145.07999561651945,146.70857589230516,144.7794848364753,146.39837646484375,766900,0.0,0.0
2018-09-12 00:00:00-04:00,146.156047405853,146.7182996623557,145.92338670914597,146.45655822753906,763600,0.0,0.0
2018-09-13 00:00:00-04:00,147.0769236869201,147.0769236869201,146.46619880340913,146.7764129638672,657000,0.0,0.0
2018-09-14 00:00:00-04:00,146.74736457633318,147.3580748026107,146.22388176314837,147.31930541992188,766400,0.0,0.0
2018-09-17 00:00:00-04:00,147.64891206193445,147.98820706047346,146.53411099558645,147.49380493164062,820600,0.0,0.0
2018-09-18 00:00:00-04:00,147.2998994584478,148.3080808153392,146.35958300465538,148.20144653320312,1203500,0.0,0.0
2018-09-19 00:00:00-04:00,148.3177872712177,150.66372696806977,148.08512659357697,150.48924255371094,1233700,0.0,0.0
2018-09-20 00:00:00-04:00,150.741288938873,150.741288938873,150.0239295699894,150.4116973876953,904800,0.0,0.0
2018-09-21 00:00:00-04:00,151.08057326341074,151.91425552282945,150.5570904444255,151.6815948486328,1483500,0.0,0.0
2018-09-24 00:00:00-04:00,151.6622134692011,151.6622134692011,149.93668735794174,150.4116973876953,1117500,0.0,0.0
2018-09-25 00:00:00-04:00,151.7106803396753,152.07905605407709,150.39229939489056,151.0417938232422,1260400,0.0,0.0
2018-09-26 00:00:00-04:00,151.05147386499556,151.22595825521313,149.53920185730883,149.90757751464844,854800,0.0,0.0
2018-09-27 00:00:00-04:00,150.07243087512137,153.9112516438312,149.61681284774883,150.91580200195312,849200,0.0,0.0
2018-09-28 00:00:00-04:00,150.2953642142866,150.847927824375,148.92852514184256,149.0739288330078,960200,0.0,0.0
2018-10-01 00:00:00-04:00,149.8106347253063,150.51830532171803,149.15145173842254,150.1111602783203,475800,0.0,0.0
2018-10-02 00:00:00-04:00,150.96423203406928,151.7882256265819,150.1111724987626,151.46832275390625,662300,0.0,0.0
2018-10-03 00:00:00-04:00,151.75913835232757,153.16476136854678,151.5652618659228,152.08872985839844,1441200,0.0,0.0
2018-10-04 00:00:00-04:00,152.17600183385494,153.14539924738258,151.83672161421867,152.6025390625,892800,0.0,0.0
2018-10-05 00:00:00-04:00,152.3601808751922,153.10662098204207,150.55710119890114,150.76068115234375,1003300,0.0,0.0
2018-10-08 00:00:00-04:00,150.46984157315697,151.71066886358315,150.23718090926653,151.42955017089844,634700,0.0,0.0
2018-10-09 00:00:00-04:00,151.47799388170287,152.70913240836626,150.34380098712072,152.31167602539062,647600,0.0,0.0
2018-10-10 00:00:00-04:00,152.011190469006,152.27293188554526,146.48562873657735,146.51470947265625,1076900,0.0,0.0
2018-10-11 00:00:00-04:00,146.12695207248203,147.37746806178322,143.61620186243013,143.68406677246094,1367300,0.0,0.0
2018-10-12 00:00:00-04:00,145.14786479246982,145.6907249556851,141.7549739805441,143.31570434570312,1080600,0.0,0.0
2018-10-15 00:00:00-04:00,143.16058671338376,144.07182254557378,142.50140364693164,142.67588806152344,631900,0.0,0.0
2018-10-16 00:00:00-04:00,143.30597388865405,145.36109099035676,142.98607107326765,145.26416015625,635100,0.0,0.0
2018-10-17 00:00:00-04:00,145.3805045560293,146.6213318338222,144.64376798228602,145.8555145263672,775000,0.0,0.0
2018-10-18 00:00:00-04:00,145.72946777555575,146.8151877938551,144.13965712369202,144.93455505371094,468400,0.0,0.0
2018-10-19 00:00:00-04:00,144.9636797886775,147.425957452834,144.84735683478456,146.4759521484375,737000,0.0,0.0
2018-10-22 00:00:00-04:00,146.84428085345002,147.38714090818155,146.40805508031409,146.80551147460938,805700,0.0,0.0
2018-10-23 00:00:00-04:00,145.25445787163684,145.70038704591028,143.29628638032204,144.93455505371094,658000,0.0,0.0
2018-10-24 00:00:00-04:00,144.48867281752294,144.76979153058176,141.56108878332734,141.8228302001953,857500,0.0,0.0
2018-10-25 00:00:00-04:00,142.76310948138192,146.2141606558675,142.46259875881412,145.39016723632812,1427900,0.0,0.0
2018-10-26 00:00:00-04:00,147.34836925007824,149.2580828506787,145.05090269976097,147.6488800048828,2578200,0.0,0.0
2018-10-29 00:00:00-04:00,150.25659277213816,152.42804821209756,149.0060766697301,150.44078063964844,1712800,0.0,0.0
2018-10-30 00:00:00-04:00,151.75913987720352,154.2601865148904,149.8688182300646,153.8433380126953,2344900,0.0,0.0
2018-10-31 00:00:00-04:00,155.14564753120618,155.22339706722545,151.68587473899106,151.78305053710938,1551700,0.4,0.0
2018-11-01 00:00:00-04:00,151.69554794038518,151.91908335855396,149.69354610978564,151.3165283203125,941100,0.0,0.0
2018-11-02 00:00:00-04:00,152.5313768457381,153.1727993959913,149.82964349320125,151.78305053710938,739600,0.0,0.0
2018-11-05 00:00:00-05:00,152.04543941848112,154.2515359593608,151.55951598484634,153.7267303466797,591600,0.0,0.0
2018-11-06 00:00:00-05:00,153.7073119253851,155.16508230063525,153.51294550785985,155.0970458984375,902000,0.0,0.0
2018-11-07 00:00:00-05:00,155.49548950952422,158.72202803486547,155.3108362430588,158.45962524414062,1085200,0.0,0.0
2018-11-08 00:00:00-05:00,158.1291885711902,160.21865311704295,158.1291885711902,160.1894989013672,1133000,0.0,0.0
2018-11-09 00:00:00-05:00,159.98543385861265,160.77262748441606,159.27598976525005,159.90768432617188,911300,0.0,0.0
2018-11-12 00:00:00-05:00,160.1506413296682,160.25754507996976,158.06117646283624,158.30413818359375,1152000,0.0,0.0
2018-11-13 00:00:00-05:00,158.18749809748425,160.17005892318065,157.75988315900742,158.70257568359375,957200,0.0,0.0
2018-11-14 00:00:00-05:00,159.9271179382891,159.9271179382891,156.01057625361696,157.45863342285156,977900,0.0,0.0
2018-11-15 00:00:00-05:00,156.05916905536262,159.0524591348402,155.64126719840002,158.46934509277344,924800,0.0,0.0
2018-11-16 00:00:00-05:00,157.6529762408908,160.00484352581745,157.25451552633768,159.43145751953125,959100,0.0,0.0
2018-11-19 00:00:00-05:00,159.54805818224642,161.72499995442155,158.9746722341744,160.91836547851562,921100,0.0,0.0
2018-11-20 00:00:00-05:00,159.38287404538184,159.6063946555851,156.55479631886,157.11846923828125,1063400,0.0,0.0
2018-11-21 00:00:00-05:00,157.42946714199712,158.72202515459412,156.52564191443756,156.53536987304688,832500,0.0,0.0
2018-11-23 00:00:00-05:00,155.7287215373385,157.8764944536496,155.51491407564183,156.7102813720703,448000,0.0,0.0
2018-11-26 00:00:00-05:00,157.71130110958347,158.2263787389781,156.3118393130375,157.4488983154297,868000,0.0,0.0
2018-11-27 00:00:00-05:00,156.81716001472878,157.86675606899306,155.33994910548262,156.93377685546875,846800,0.0,0.0
2018-11-28 00:00:00-05:00,156.53534797222122,159.7327169450457,156.53534797222122,159.37313842773438,1001600,0.0,0.0
2018-11-29 00:00:00-05:00,158.49849807687303,160.31586175726937,158.47907181704,159.07188415527344,758300,0.0,0.0
2018-11-30 00:00:00-05:00,159.13022905245293,161.2294072486168,159.03303842325298,160.46165466308594,2568200,0.0,0.0
2018-12-03 00:00:00-05:00,161.53065684690608,161.79304479563498,158.42073534494907,160.3255615234375,988200,0.0,0.0
2018-12-04 00:00:00-05:00,160.15061577248684,161.86107550435307,157.77932221284325,158.13890075683594,898800,0.0,0.0
2018-12-06 00:00:00-05:00,155.15534966007058,156.51594420011543,151.88023039449152,156.03973388671875,1096800,0.0,0.0
2018-12-07 00:00:00-05:00,156.05916832448622,157.46834328547416,153.7558960446011,154.26124572753906,770100,0.0,0.0
2018-12-10 00:00:00-05:00,154.43616980484092,154.7860352262043,151.229072580544,153.2893829345703,827900,0.0,0.0
2018-12-11 00:00:00-05:00,154.71801139887594,157.01157049644576,150.5390670902692,151.36514282226562,820300,0.0,0.0
2018-12-12 00:00:00-05:00,153.36713285830157,153.54207298404702,150.9763981636814,151.0249786376953,1057000,0.0,0.0
2018-12-13 00:00:00-05:00,151.22911189825905,151.8510933835899,149.79078249390804,151.705322265625,984900,0.0,0.0
2018-12-14 00:00:00-05:00,150.75286709997198,151.10273253238924,148.78974729010204,149.4991912841797,962900,0.0,0.0
2018-12-17 00:00:00-05:00,149.30482669738288,150.0142707000254,145.5340564168299,146.1365966796875,1155600,0.0,0.0
2018-12-18 00:00:00-05:00,146.87518367142488,148.14830036441228,144.989798865638,146.07826232910156,854000,0.0,0.0
2018-12-19 00:00:00-05:00,146.2337749624129,147.9053524822034,143.7069675964401,144.13458251953125,1085800,0.0,0.0
2018-12-20 00:00:00-05:00,144.16379223763676,144.853810189047,140.7817685526014,141.66615295410156,1244400,0.0,0.0
2018-12-21 00:00:00-05:00,140.4221814103573,142.43389703274696,136.68056444762257,137.2733917236328,3070700,0.0,0.0
2018-12-24 00:00:00-05:00,136.85546438652614,137.0206765520269,133.57061767578125,133.57061767578125,729500,0.0,0.0
2018-12-26 00:00:00-05:00,134.51333100519895,136.5444874372488,131.4908865975834,136.34039306640625,1081700,0.0,0.0
2018-12-27 00:00:00-05:00,134.70768178395284,139.11014647882456,134.14400887616995,139.10043334960938,1444900,0.0,0.0
2018-12-28 00:00:00-05:00,139.80015907704703,141.0927021878153,138.46871896323222,139.6543731689453,841800,0.0,0.0
2018-12-31 00:00:00-05:00,140.17919072534733,141.54948347203563,139.6349440493427,141.2676544189453,741700,0.0,0.0
2019-01-02 00:00:00-05:00,139.53777624624428,140.49018203261923,138.7311415595979,139.9848175048828,961600,0.0,0.0
2019-01-03 00:00:00-05:00,139.27536924894866,140.01398234324412,137.64267366426486,137.88563537597656,1027400,0.0,0.0
2019-01-04 00:00:00-05:00,139.11016109721206,140.6845482893986,137.80788984369465,140.48046875,1882800,0.0,0.0
2019-01-07 00:00:00-05:00,139.83900930256368,142.01595106589028,139.45027658695656,140.16943359375,926500,0.0,0.0
2019-01-08 00:00:00-05:00,140.1500391629923,140.97610007853595,137.88563424884455,140.8400421142578,1277200,0.0,0.0
2019-01-09 00:00:00-05:00,141.4328611996406,143.38626789573004,140.7136892414221,141.04412841796875,1428300,0.0,0.0
2019-01-10 00:00:00-05:00,141.005255585101,143.75558394381747,140.3346788874612,143.4737548828125,931700,0.0,0.0
2019-01-11 00:00:00-05:00,142.44358249322363,143.1432984967373,141.06354708538242,143.10443115234375,963200,0.0,0.0
2019-01-14 00:00:00-05:00,142.21035239465795,143.72643111922844,142.21035239465795,143.45431518554688,808700,0.0,0.0
2019-01-15 00:00:00-05:00,143.47375969415657,145.49520298482796,143.05585782441068,145.46603393554688,832700,0.0,0.0
2019-01-16 00:00:00-05:00,145.6117900329153,147.21533112531537,144.56219383764846,146.7391357421875,923000,0.0,0.0
2019-01-17 00:00:00-05:00,146.12691308676463,148.58568476960065,146.12691308676463,148.2066650390625,800100,0.0,0.0
2019-01-18 00:00:00-05:00,148.75086711443385,150.3446952548267,148.37184745998692,150.0628662109375,839800,0.0,0.0
2019-01-22 00:00:00-05:00,149.73244190654924,150.88892712898328,148.38156063373643,149.3728485107422,759100,0.0,0.0
2019-01-23 00:00:00-05:00,149.66439359633995,150.39327863008836,148.19691040023991,149.7227020263672,724200,0.0,0.0
2019-01-24 00:00:00-05:00,149.51862638291993,150.2475114354934,148.6828375961342,149.57693481445312,998300,0.0,0.0
2019-01-25 00:00:00-05:00,150.26693184346001,151.34568227244225,149.38256261762714,150.0434112548828,706300,0.0,0.0
2019-01-28 00:00:00-05:00,149.13962468871802,149.60610702630083,147.88593394313105,149.3437042236328,836000,0.0,0.0
2019-01-29 00:00:00-05:00,148.9549834677072,149.38259849059784,147.38058135350005,148.10946655273438,978500,0.0,0.0
2019-01-30 00:00:00-05:00,148.36213504888335,150.39329128820918,148.15804069740608,150.15032958984375,2153700,0.0,0.0
2019-01-31 00:00:00-05:00,149.81904473890495,153.8334570756311,149.2441703183788,152.22573852539062,1879100,0.4,0.0
2019-02-01 00:00:00-05:00,153.76524838021228,164.17152236898224,153.5021644523182,163.1679229736328,3265100,0.0,0.0
2019-02-04 00:00:00-05:00,164.1812665435047,164.1812665435047,160.92687586691392,162.52484130859375,1771300,0.0,0.0
2019-02-05 00:00:00-05:00,163.03149410842744,164.64893600269875,162.10583129015234,164.42483520507812,1114500,0.0,0.0
2019-02-06 00:00:00-05:00,163.94739066897807,164.42483702961283,162.39814688387972,164.03509521484375,1175500,0.0,0.0
2019-02-07 00:00:00-05:00,162.98277141028723,163.3335449840651,160.46889660949523,162.60276794433594,1060400,0.0,0.0
2019-02-08 00:00:00-05:00,162.2130390286635,163.85972595214844,162.12534933713695,163.85972595214844,847900,0.0,0.0
2019-02-11 00:00:00-05:00,164.40537747075493,166.44182122213883,163.9474225720528,166.3833465576172,1103000,0.0,0.0
2019-02-12 00:00:00-05:00,167.2115430945516,167.76692595378572,166.05204106200034,166.88999938964844,1101000,0.0,0.0
2019-02-13 00:00:00-05:00,167.18229728252516,168.65358966999926,166.8510152669662,168.5269317626953,1073100,0.0,0.0
2019-02-14 00:00:00-05:00,167.20181483600365,167.71822948989268,165.23358425139511,165.27255249023438,961100,0.0,0.0
2019-02-15 00:00:00-05:00,167.0556254007275,167.68897441142002,165.92535336403967,167.5623016357422,1257900,0.0,0.0
2019-02-19 00:00:00-05:00,166.9192448218529,169.08234640695807,166.51001139598156,168.23464965820312,1080500,0.0,0.0
2019-02-20 00:00:00-05:00,168.31255767707955,168.87769365333185,167.26023705244037,168.3710174560547,1005000,0.0,0.0
2019-02-21 00:00:00-05:00,168.4976920548781,168.89718707439735,167.5428142123539,167.9812774658203,929200,0.0,0.0
2019-02-22 00:00:00-05:00,168.039765865115,168.23463678618666,166.98744505009017,167.65000915527344,998100,0.0,0.0
2019-02-25 00:00:00-05:00,167.86437236984895,168.78028205739736,166.60744228584417,166.78282165527344,982500,0.0,0.0
2019-02-26 00:00:00-05:00,166.56847993421246,167.68901389340476,166.25668939381387,166.95823669433594,993400,0.0,0.0
2019-02-27 00:00:00-05:00,166.30536919823683,167.04589948936842,165.80844613526523,166.80230712890625,662000,0.0,0.0
2019-02-28 00:00:00-05:00,166.7146341914516,167.8838746655637,166.28590921514737,167.13360595703125,1205600,0.0,0.0
2019-03-01 00:00:00-05:00,168.32231583978813,168.47821851387843,166.50024979791203,167.25050354003906,899800,0.0,0.0
2019-03-04 00:00:00-05:00,167.5817957896363,167.9325693627581,165.39920301602302,166.25665283203125,1663400,0.0,0.0
2019-03-05 00:00:00-05:00,166.92899054890597,168.26387201161944,152.08933229938694,153.2196044921875,6699600,0.0,0.0
2019-03-06 00:00:00-05:00,162.25201568073626,162.29098391951993,159.12428299811236,159.79660034179688,2534200,0.0,0.0
2019-03-07 00:00:00-05:00,159.21197900308908,159.78686833877447,157.60427518782015,158.38377380371094,1644300,0.0,0.0
2019-03-08 00:00:00-05:00,157.44836226471946,158.0134983528418,156.18167895463137,157.88682556152344,934700,0.0,0.0
2019-03-11 00:00:00-04:00,158.61757067647505,160.51760269211073,158.49091277840938,160.48837280273438,1064300,0.0,0.0
2019-03-12 00:00:00-04:00,160.64430759730857,162.72945789991144,160.22533581518596,162.21304321289062,959500,0.0,0.0
2019-03-13 00:00:00-04:00,162.47610625994827,164.13253135622523,162.38841657744078,162.80738830566406,818300,0.0,0.0
2019-03-14 00:00:00-04:00,162.97302625978804,164.9120267867867,162.77815534643034,164.2592010498047,833400,0.0,0.0
2019-03-15 00:00:00-04:00,164.39563044033505,165.90590620512035,163.64536172947024,165.642822265625,1828900,0.0,0.0
2019-03-18 00:00:00-04:00,165.6428256500249,166.34437292454683,164.48332349164278,164.8633270263672,825900,0.0,0.0
2019-03-19 00:00:00-04:00,164.8632834965869,165.126367371994,163.44071263664316,163.6550750732422,702500,0.0,0.0
2019-03-20 00:00:00-04:00,163.22639031076415,163.6648536323921,161.42380070577224,161.46278381347656,716200,0.0,0.0
2019-03-21 00:00:00-04:00,161.38482465541517,164.26895004258336,161.09251083257683,163.88894653320312,784800,0.0,0.0
2019-03-22 00:00:00-04:00,161.85247714547825,163.38222914087197,161.65760626849556,162.04734802246094,822700,0.0,0.0
2019-03-25 00:00:00-04:00,162.3006983658674,162.6709485828272,160.98529388868388,162.368896484375,814800,0.0,0.0
2019-03-26 00:00:00-04:00,162.62226198056578,163.5479248904901,161.76482693915483,163.46022033691406,777200,0.0,0.0
2019-03-27 00:00:00-04:00,163.55764098161146,164.3566161237398,162.62223985641364,163.674560546875,982200,0.0,0.0
2019-03-28 00:00:00-04:00,164.10328365860187,164.98022499163181,163.61609898503957,164.8340606689453,676600,0.0,0.0
2019-03-29 00:00:00-04:00,165.64277359559023,166.45150186256268,165.18481885564566,166.3248291015625,1170800,0.0,0.0
2019-04-01 00:00:00-04:00,167.31871237073668,169.13104002575935,166.8997258030099,168.99462890625,1035000,0.0,0.0
2019-04-02 00:00:00-04:00,169.63774813100446,170.7680055330653,168.45875440919042,168.7023468017578,836700,0.0,0.0
2019-04-03 00:00:00-04:00,169.3161909409865,169.52080020858045,167.4259117459645,168.31259155273438,1072300,0.0,0.0
2019-04-04 00:00:00-04:00,168.62439790448238,169.15056580599233,167.20182663711086,168.1177215576172,537600,0.0,0.0
2019-04-05 00:00:00-04:00,168.0787379259823,169.07259897406544,167.53309338748912,168.1664276123047,672700,0.0,0.0
2019-04-08 00:00:00-04:00,167.78642317666475,168.4392489507328,167.22128708843456,168.36129760742188,430500,0.0,0.0
2019-04-09 00:00:00-04:00,167.4550958610056,167.92278892677115,166.997141135135,167.5915069580078,731000,0.0,0.0
2019-04-10 00:00:00-04:00,167.79614584648186,168.59512095152562,167.54280030990793,168.4099884033203,390100,0.0,0.0
2019-04-11 00:00:00-04:00,168.39052270876925,169.74489554679752,167.48435145782258,169.43309020996094,939300,0.0,0.0
2019-04-12 00:00:00-04:00,170.7192920575472,171.7813512780225,170.17363263135425,171.60595703125,724200,0.0,0.0
2019-04-15 00:00:00-04:00,171.51825611489664,172.21980332066826,171.16748251201082,171.45005798339844,554000,0.0,0.0
2019-04-16 00:00:00-04:00,171.3623429261021,172.42441687964484,171.34286624269564,172.39517211914062,718200,0.0,0.0
2019-04-17 00:00:00-04:00,173.4475026324557,174.28546096474548,169.38438375876962,170.8751678466797,955900,0.0,0.0
2019-04-18 00:00:00-04:00,170.11517698450933,171.35263048191734,168.8777383548008,170.68031311035156,838300,0.0,0.0
2019-04-22 00:00:00-04:00,170.18336989496424,171.4305615882817,170.0274672163751,170.407470703125,600500,0.0,0.0
2019-04-23 00:00:00-04:00,170.44642767722138,173.89570359154155,170.26130998478783,173.80801391601562,900000,0.0,0.0
2019-04-24 00:00:00-04:00,173.8177798141153,175.483958251744,173.3988080528263,173.7203369140625,1087500,0.0,0.0
2019-04-25 00:00:00-04:00,172.7946773951197,175.44496352995316,172.37570566156717,175.00650024414062,883600,0.0,0.0
2019-04-26 00:00:00-04:00,175.77625536754084,177.92961854738445,172.55109463688603,175.55215454101562,899600,0.0,0.0
2019-04-29 00:00:00-04:00,175.18186577914537,176.06854549073793,173.41825956516925,173.99314880371094,787300,0.0,0.0
2019-04-30 00:00:00-04:00,173.6122247773913,176.16161151436265,172.25450631774288,175.95648193359375,1005800,0.44,0.0
2019-05-01 00:00:00-04:00,175.66345877171136,175.67323607424132,171.44379260438149,171.63914489746094,853600,0.0,0.0
2019-05-02 00:00:00-04:00,171.49259947961184,172.80147597156105,170.21301017601442,172.38145446777344,687100,0.0,0.0
2019-05-03 00:00:00-04:00,172.9675252157869,175.2043360773604,172.90892103055063,174.59873962402344,866700,0.0,0.0
2019-05-06 00:00:00-04:00,172.58657479839852,176.02483090947206,172.58657479839852,175.5071258544922,831600,0.0,0.0
2019-05-07 00:00:00-04:00,174.5889907307393,174.9308534725313,171.99076235189153,172.68426513671875,807000,0.0,0.0
2019-05-08 00:00:00-04:00,172.65494575029444,174.6475774294044,172.15679528272753,173.29962158203125,659200,0.0,0.0
2019-05-09 00:00:00-04:00,172.24471643136894,173.14334877240475,170.7893293907927,172.4107666015625,639900,0.0,0.0
2019-05-10 00:00:00-04:00,172.25449343005224,175.49738275032078,171.0823500352246,174.9406280517578,755700,0.0,0.0
2019-05-13 00:00:00-04:00,172.44985889558995,173.0359157334446,171.25819061620157,172.1372833251953,754700,0.0,0.0
2019-05-14 00:00:00-04:00,172.52801837849017,175.5267141427669,172.49871627917076,173.9150390625,772500,0.0,0.0
2019-05-15 00:00:00-04:00,172.85031483870435,176.4643836290611,172.47913513062153,174.72572326660156,752300,0.0,0.0
2019-05-16 00:00:00-04:00,175.11642809978542,178.1346628455306,174.96991763811678,177.480224609375,994500,0.0,0.0
2019-05-17 00:00:00-04:00,175.6732353137851,177.44119815080168,175.3508973246083,176.34719848632812,1095400,0.0,0.0
2019-05-20 00:00:00-04:00,176.0248880363088,176.3276863466692,173.96388916079465,174.38389587402344,762200,0.0,0.0
2019-05-21 00:00:00-04:00,174.98946239022578,176.5913748730177,174.98946239022578,176.16160583496094,881100,0.0,0.0
2019-05-22 00:00:00-04:00,175.37041082337873,176.91371917012776,174.3350303272566,176.7574462890625,1022500,0.0,0.0
2019-05-23 00:00:00-04:00,176.03461722900298,176.0639193241927,173.2801010457859,174.11036682128906,1096600,0.0,0.0
2019-05-24 00:00:00-04:00,174.42292511377514,174.46198960202108,172.6451853579473,173.66102600097656,864700,0.0,0.0
2019-05-28 00:00:00-04:00,173.8661622668548,176.01506690949333,173.3875365669328,175.14573669433594,2300800,0.0,0.0
2019-05-29 00:00:00-04:00,174.73550493470833,175.53646862377084,172.8991607925049,174.9601593017578,878100,0.0,0.0
2019-05-30 00:00:00-04:00,175.66344023334432,177.91002862772945,175.4192461666595,177.53884887695312,1083200,0.0,0.0
2019-05-31 00:00:00-04:00,176.728105238756,177.91001096209905,175.47783293382963,175.88809204101562,933400,0.0,0.0
2019-06-03 00:00:00-04:00,176.30809337540657,177.99791192537896,175.7513238211516,177.87094116210938,867900,0.0,0.0
2019-06-04 00:00:00-04:00,178.7500429860318,178.99423703382692,176.55229655587567,178.564453125,1024700,0.0,0.0
2019-06-05 00:00:00-04:00,179.19935603670368,183.1259853627789,178.7109679698805,183.10646057128906,1093600,0.0,0.0
2019-06-06 00:00:00-04:00,183.5557869321084,183.9269666680723,182.32505425072299,183.37997436523438,792300,0.0,0.0
2019-06-07 00:00:00-04:00,182.90133337140546,187.15031556903836,182.881793675244,185.8218994140625,1037000,0.0,0.0
2019-06-10 00:00:00-04:00,187.25775913899662,188.31266424744257,186.08561585508602,186.437255859375,1010600,0.0,0.0
2019-06-11 00:00:00-04:00,187.02333927984634,187.5117273774269,184.30790264965228,185.0502471923828,878700,0.0,0.0
2019-06-12 00:00:00-04:00,185.5776864827767,187.13075682000792,184.52276656378388,184.8353271484375,781400,0.0,0.0
2019-06-13 00:00:00-04:00,184.93302438598707,185.84141902247217,184.14183811435922,185.27488708496094,788000,0.0,0.0
2019-06-14 00:00:00-04:00,184.73766855883366,187.25775268531527,184.30788469013473,186.32980346679688,678000,0.0,0.0
2019-06-17 00:00:00-04:00,186.79865284254478,187.0330695502886,184.14182085570621,184.42507934570312,632300,0.0,0.0
2019-06-18 00:00:00-04:00,185.16748521093686,186.43728244219005,184.3860612117189,185.7144775390625,657700,0.0,0.0
2019-06-19 00:00:00-04:00,185.26517069062174,187.78525549173355,185.26517069062174,187.5410614013672,759100,0.0,0.0
2019-06-20 00:00:00-04:00,188.33222389086035,189.49458999771892,187.51173542875637,189.02574157714844,930300,0.0,0.0
2019-06-21 00:00:00-04:00,189.05505922472278,189.49460558669375,187.43360696068214,187.5605926513672,1535800,0.0,0.0
2019-06-24 00:00:00-04:00,187.9610441513465,189.64110047151513,187.91221726302948,189.02574157714844,871000,0.0,0.0
2019-06-25 00:00:00-04:00,188.9085038708135,189.99272600739454,188.6057056451378,188.76199340820312,737700,0.0,0.0
2019-06-26 00:00:00-04:00,188.72294580781207,189.7485489467052,185.1284014577529,185.48004150390625,861600,0.0,0.0
2019-06-27 00:00:00-04:00,185.7828540709623,188.28339907875042,185.03073212732443,188.0978240966797,490700,0.0,0.0
2019-06-28 00:00:00-04:00,188.7131371709147,189.1917628194997,187.4824046659508,188.4982452392578,905700,0.0,0.0
2019-07-01 00:00:00-04:00,189.85597146897396,190.6178556574195,188.4787284541199,190.60809326171875,739600,0.0,0.0
2019-07-02 00:00:00-04:00,190.90113470480665,191.9365150475824,189.914581246394,191.37974548339844,588900,0.0,0.0
2019-07-03 00:00:00-04:00,191.62392593107433,193.9974995769638,191.53601966015034,193.87051391601562,481800,0.0,0.0
2019-07-05 00:00:00-04:00,193.45052581720884,193.45052581720884,191.19417522159867,192.99143981933594,444300,0.0,0.0
2019-07-08 00:00:00-04:00,192.69839760017726,193.0793397023433,191.87790921157674,191.90721130371094,635600,0.0,0.0
2019-07-09 00:00:00-04:00,191.2137052698576,192.03420861261367,190.39321683152363,191.98536682128906,629200,0.0,0.0
2019-07-10 00:00:00-04:00,192.4542295046076,193.35286189483745,191.57513681324153,193.22589111328125,630600,0.0,0.0
2019-07-11 00:00:00-04:00,193.3528317908109,193.3528317908109,191.54580489447568,192.07325744628906,584800,0.0,0.0
2019-07-12 00:00:00-04:00,192.90354238331983,193.01098836443748,191.69233449657742,192.88400268554688,450800,0.0,0.0
2019-07-15 00:00:00-04:00,193.30399885047015,193.3919200334804,192.542114627192,192.94259643554688,739400,0.0,0.0
2019-07-16 00:00:00-04:00,193.30400047683943,193.36261956747998,192.12210964296838,192.5030517578125,454300,0.0,0.0
2019-07-17 00:00:00-04:00,192.37608086442438,192.71795851619535,190.2076363812019,190.2369384765625,584200,0.0,0.0
2019-07-18 00:00:00-04:00,190.6960265977246,192.85470870760346,189.59227955006983,192.4639892578125,653300,0.0,0.0
2019-07-19 00:00:00-04:00,192.81561657661535,192.81561657661535,190.14902171474822,190.38345336914062,593300,0.0,0.0
2019-07-22 00:00:00-04:00,190.5690320258087,191.16486607098128,189.3675866351751,189.64108276367188,493700,0.0,0.0
2019-07-23 00:00:00-04:00,189.68019417366094,190.48114299819426,188.87923044470395,190.1783447265625,629500,0.0,0.0
2019-07-24 00:00:00-04:00,189.71923096720258,191.36998507608934,188.86944047032398,191.34068298339844,683700,0.0,0.0
2019-07-25 00:00:00-04:00,192.41514467519227,192.80584918463452,191.1550950590609,192.2783966064453,827400,0.0,0.0
2019-07-26 00:00:00-04:00,192.1416426019411,193.40167727472502,188.48849444338242,190.04156494140625,1851100,0.0,0.0
2019-07-29 00:00:00-04:00,190.04156572226358,192.46396640565231,189.57271734260604,191.2429962158203,840200,0.0,0.0
2019-07-30 00:00:00-04:00,190.60807259008544,190.60807259008544,187.96100300900488,188.68382263183594,877400,0.0,0.0
2019-07-31 00:00:00-04:00,188.86009820262055,190.05448701592897,183.9258983650465,185.2769317626953,811800,0.44,0.0
2019-08-01 00:00:00-04:00,184.9734211428234,189.3006264576872,184.4349647820314,185.98179626464844,721400,0.0,0.0
2019-08-02 00:00:00-04:00,185.92309094379542,188.25311579124838,184.80702435377742,187.02935791015625,810800,0.0,0.0
2019-08-05 00:00:00-04:00,184.9440719572596,185.3258837924414,178.07144398553777,179.40289306640625,1325000,0.0,0.0
2019-08-06 00:00:00-04:00,179.65742940872846,183.57345436184426,179.43226215669023,183.4559783935547,840400,0.0,0.0
2019-08-07 00:00:00-04:00,182.2419844005387,183.23079014851945,179.48119489289326,182.45736694335938,872000,0.0,0.0
2019-08-08 00:00:00-04:00,183.26016814226975,186.35383123803052,183.13289255931764,185.71746826171875,925400,0.0,0.0
2019-08-09 00:00:00-04:00,185.94265866567514,187.09789386317837,183.36788226483122,185.45315551757812,693400,0.0,0.0
2019-08-12 00:00:00-04:00,184.08255003103423,185.1007249299662,181.69377231252125,182.3399200439453,516700,0.0,0.0
2019-08-13 00:00:00-04:00,182.27133390519532,187.2740552724,181.3119121869283,186.97056579589844,886700,0.0,0.0
2019-08-14 00:00:00-04:00,184.51330017847013,186.6573261520763,182.9468842791056,183.23080444335938,1338800,0.0,0.0
2019-08-15 00:00:00-04:00,183.0154098348408,185.94262862696544,182.37904688204767,185.2083740234375,861400,0.0,0.0
2019-08-16 00:00:00-04:00,186.28528283504846,188.2530797533001,184.89509594087025,187.4894561767578,835800,0.0,0.0
2019-08-19 00:00:00-04:00,188.45868739861996,191.36633691356027,188.45868739861996,190.2209014892578,696600,0.0,0.0
2019-08-20 00:00:00-04:00,189.73140951179712,190.49503317270054,187.09788037474198,187.31326293945312,683000,0.0,0.0
2019-08-21 00:00:00-04:00,188.6838436854395,189.84886334826882,187.95938872354066,189.11460876464844,651900,0.0,0.0
2019-08-22 00:00:00-04:00,189.4279139898609,190.64187211067843,187.70485352658594,190.044677734375,493500,0.0,0.0
2019-08-23 00:00:00-04:00,189.33978817619246,190.54397652653134,184.22937475013825,185.14964294433594,783300,0.0,0.0
2019-08-26 00:00:00-04:00,186.43213948983217,187.56779024265919,184.9146918631956,187.499267578125,428000,0.0,0.0
2019-08-27 00:00:00-04:00,188.10623389589927,189.04608633700457,186.07969901061108,187.12722778320312,675600,0.0,0.0
2019-08-28 00:00:00-04:00,186.4908836042183,186.75520450437654,185.11048137182195,186.54962158203125,492400,0.0,0.0
2019-08-29 00:00:00-04:00,187.96918358214975,189.73139766592212,187.09786869329128,188.1551971435547,526600,0.0,0.0
2019-08-30 00:00:00-04:00,189.53562627626462,191.39573227697775,189.41813536173333,190.75938415527344,694000,0.0,0.0
2019-09-03 00:00:00-04:00,189.23210805868513,190.03490033958596,187.41115586916214,188.56639099121094,720900,0.0,0.0
2019-09-04 00:00:00-04:00,189.3300086990787,191.36634339068925,189.05588815775124,191.2978057861328,679000,0.0,0.0
2019-09-05 00:00:00-04:00,193.14812978292474,193.93133774341948,190.95516541967868,191.49362182617188,628600,0.0,0.0
2019-09-06 00:00:00-04:00,191.88519870884764,192.7075602609438,191.0628371567515,191.18031311035156,529900,0.0,0.0
2019-09-09 00:00:00-04:00,192.27682089056583,192.27682089056583,188.41954882658348,189.36917114257812,661300,0.0,0.0
2019-09-10 00:00:00-04:00,189.12440860544976,189.12440860544976,181.4098499867334,183.35806274414062,1718000,0.0,0.0
2019-09-11 00:00:00-04:00,183.9552372223992,187.1565913000912,183.504902789255,184.4251708984375,918300,0.0,0.0
2019-09-12 00:00:00-04:00,185.12029743090142,186.71608247804303,184.38604270689646,185.77622985839844,827800,0.0,0.0
2019-09-13 00:00:00-04:00,186.34403945977664,187.9691933626188,184.44476501168995,186.87271118164062,720300,0.0,0.0
2019-09-16 00:00:00-04:00,185.7566475755163,187.30347921250848,184.70910373829804,187.107666015625,544600,0.0,0.0
2019-09-17 00:00:00-04:00,187.57761320873016,190.4460944996189,186.02098183723507,190.43630981445312,628100,0.0,0.0
2019-09-18 00:00:00-04:00,189.73140731431238,190.48524628207042,187.70485728030607,190.03489685058594,549400,0.0,0.0
2019-09-19 00:00:00-04:00,189.8684728312961,191.54256513841742,189.359385403045,190.14259338378906,556400,0.0,0.0
2019-09-20 00:00:00-04:00,190.56356605337788,190.90622422608686,187.80277611717938,188.94821166992188,1759100,0.0,0.0
2019-09-23 00:00:00-04:00,187.6363284809212,189.77055478783512,187.2153480545476,188.71322631835938,615700,0.0,0.0
2019-09-24 00:00:00-04:00,189.29084947820155,190.7887277274459,187.6167423498674,188.5565948486328,962500,0.0,0.0
2019-09-25 00:00:00-04:00,188.48806159490658,190.66145654365084,187.81254492996595,190.32859802246094,932500,0.0,0.0
2019-09-26 00:00:00-04:00,190.7495675019795,191.44466848811788,189.310427169672,190.64187622070312,713600,0.0,0.0
2019-09-27 00:00:00-04:00,191.34673781716884,191.83624086348468,188.07686105300647,189.40830993652344,505800,0.0,0.0
2019-09-30 00:00:00-04:00,189.51601026949078,190.2992181687493,189.0558761888682,189.5062255859375,607500,0.0,0.0
2019-10-01 00:00:00-04:00,190.50480038936044,191.19990131872942,185.68809199360393,185.73704528808594,559200,0.0,0.0
2019-10-02 00:00:00-04:00,184.27833345912455,185.37483056493463,180.64622881051693,182.09515380859375,809100,0.0,0.0
2019-10-03 00:00:00-04:00,182.09516988930207,183.5636793238932,180.67561375688737,183.30914306640625,643200,0.0,0.0
2019-10-04 00:00:00-04:00,183.89652308204919,188.05729947864165,183.89652308204919,187.9691925048828,497200,0.0,0.0
2019-10-07 00:00:00-04:00,186.91183198649892,187.8223153747226,185.68807443242451,186.43211364746094,384500,0.0,0.0
2019-10-08 00:00:00-04:00,185.13004813978822,185.21815509816122,181.75246535102343,181.81121826171875,654300,0.0,0.0
2019-10-09 00:00:00-04:00,184.151065780202,184.83636710863868,181.61542845731339,182.72171020507812,512800,0.0,0.0
2019-10-10 00:00:00-04:00,182.65319759108016,185.94264414856235,182.08537219100543,184.9244842529297,646500,0.0,0.0
2019-10-11 00:00:00-04:00,186.95102872011893,188.6838589217071,186.29508142661615,187.0880889892578,552500,0.0,0.0
2019-10-14 00:00:00-04:00,186.8825161350389,188.6251461924328,186.15804607920344,187.2643280029297,357600,0.0,0.0
2019-10-15 00:00:00-04:00,188.35101939727704,189.31044137800652,187.55802669311134,188.25311279296875,515600,0.0,0.0
2019-10-16 00:00:00-04:00,187.63634200403362,188.89925349727585,186.38321519547782,188.87966918945312,513000,0.0,0.0
2019-10-17 00:00:00-04:00,189.30065644704163,190.97476377245596,188.58598603956088,189.38876342773438,450400,0.0,0.0
2019-10-18 00:00:00-04:00,189.6824384716691,189.9076056997345,188.44889612061075,188.86007690429688,858700,0.0,0.0
2019-10-21 00:00:00-04:00,190.06429285316085,190.96497690568236,188.88948821676112,190.93560791015625,496100,0.0,0.0
2019-10-22 00:00:00-04:00,190.46564142428136,192.6194518756075,186.89226016466398,189.35935974121094,699300,0.0,0.0
2019-10-23 00:00:00-04:00,189.48666326411444,190.30902493144237,186.25593964138338,187.42095947265625,756200,0.0,0.0
2019-10-24 00:00:00-04:00,187.70485564594728,188.02792948645913,186.13845467981457,187.3230438232422,1288000,0.0,0.0
2019-10-25 00:00:00-04:00,189.87825002204877,189.87825002204877,184.12170370843725,184.68951416015625,1388000,0.0,0.0
2019-10-28 00:00:00-04:00,185.4629338637313,185.99159063010717,183.71050442906088,183.84756469726562,821700,0.0,0.0
2019-10-29 00:00:00-04:00,184.02381157034011,188.21395725192593,183.66158402719446,184.61122131347656,2497300,0.0,0.0
2019-10-30 00:00:00-04:00,185.24757113818464,190.73979701519013,183.64200142229544,190.56356811523438,803300,0.0,0.0
2019-10-31 00:00:00-04:00,189.3860715513664,192.16293774752413,188.07123475768245,189.53326416015625,804300,0.44,0.0
2019-11-01 00:00:00-04:00,190.84810138909904,192.76148552938983,190.14161878771586,192.17276000976562,804600,0.0,0.0
2019-11-04 00:00:00-05:00,193.32081201991912,193.53668255950598,190.7696229005986,190.99530029296875,782400,0.0,0.0
2019-11-05 00:00:00-05:00,191.1326507097367,192.08443935851153,188.3852349939874,189.5038299560547,1138200,0.0,0.0
2019-11-06 00:00:00-05:00,189.258510211827,191.1915228969536,188.797333684576,191.08358764648438,963400,0.0,0.0
2019-11-07 00:00:00-05:00,192.1433209562352,192.1433209562352,189.8668737330456,190.74996948242188,752800,0.0,0.0
2019-11-08 00:00:00-05:00,189.49403708995416,190.92663119405637,187.61991000580352,190.9168243408203,806500,0.0,0.0
2019-11-11 00:00:00-05:00,189.15057526877519,191.23076558415352,188.9052692420639,190.7303466796875,596700,0.0,0.0
2019-11-12 00:00:00-05:00,190.5242967356641,191.81951983657737,189.7589430750491,191.33871459960938,617800,0.0,0.0
2019-11-13 00:00:00-05:00,190.5046667316557,193.52683897375633,190.25936068900754,192.75167846679688,872300,0.0,0.0
2019-11-14 00:00:00-05:00,192.55542523942034,195.06735657201537,191.56437930346485,194.6258087158203,856100,0.0,0.0
2019-11-15 00:00:00-05:00,195.2636133680533,196.00933836074003,193.40910025204244,194.97906494140625,1613300,0.0,0.0
2019-11-18 00:00:00-05:00,193.29136248471502,195.14587564240466,192.96755669879548,194.18426513671875,1195300,0.0,0.0
2019-11-19 00:00:00-05:00,195.04772359914836,197.22604227881712,194.29217685688343,195.8719482421875,1193500,0.0,0.0
2019-11-20 00:00:00-05:00,195.62664607841245,197.9913997775738,195.2635979487366,197.74609375,811600,0.0,0.0
2019-11-21 00:00:00-05:00,197.2064290528212,197.3928640402706,194.83186836341287,195.06736755371094,868300,0.0,0.0
2019-11-22 00:00:00-05:00,195.2734129426168,195.9406531510328,194.11557563088732,195.8327178955078,588700,0.0,0.0
2019-11-25 00:00:00-05:00,196.24483689619115,198.20728526515305,195.94065979456892,196.7158203125,700800,0.0,0.0
2019-11-26 00:00:00-05:00,196.89244623023544,200.16973137608184,196.48033387407744,199.4141845703125,1155100,0.0,0.0
2019-11-27 00:00:00-05:00,199.36514651457634,202.00464228280043,198.56055037244514,200.4346923828125,668700,0.0,0.0
2019-11-29 00:00:00-05:00,199.63007937722202,200.66036787912876,198.6096127005118,199.78707885742188,415900,0.0,0.0
2019-12-02 00:00:00-05:00,200.28744737415417,200.28744737415417,197.44190363115132,197.8147735595703,552900,0.0,0.0
2019-12-03 00:00:00-05:00,196.87282086244687,197.40267533718344,194.87113010286177,196.2350311279297,509500,0.0,0.0
2019-12-04 00:00:00-05:00,196.23502648904898,198.47221639134946,195.79346363619837,198.41334533691406,502700,0.0,0.0
2019-12-05 00:00:00-05:00,199.10022664167508,200.1893862154012,196.84340775341522,199.6300811767578,1175400,0.0,0.0
2019-12-06 00:00:00-05:00,201.15094296854588,202.89752069019676,200.26784725662506,202.1223602294922,753800,0.0,0.0
2019-12-09 00:00:00-05:00,201.81817349426603,202.37747843956288,200.30709490972583,201.6513671875,600900,0.0,0.0
2019-12-10 00:00:00-05:00,201.40606954148666,202.04387424105389,200.159925614517,201.34719848632812,436700,0.0,0.0
2019-12-11 00:00:00-05:00,201.50419927298273,202.3186171433796,200.38560430073858,201.31776428222656,473500,0.0,0.0
2019-12-12 00:00:00-05:00,200.93506707247423,202.20085452751425,200.41501950483496,202.01441955566406,772800,0.0,0.0
2019-12-13 00:00:00-05:00,200.8271503217985,202.68166341569966,199.03150828289537,202.27935791015625,1186500,0.0,0.0
2019-12-16 00:00:00-05:00,203.4960999928037,204.09464739414946,201.32758777643147,203.12322998046875,742000,0.0,0.0
2019-12-17 00:00:00-05:00,203.33908530496325,204.39880922998364,202.79940900440292,203.7021484375,1372800,0.0,0.0
2019-12-18 00:00:00-05:00,204.0651984407588,204.25163343466278,201.42570294241935,202.16162109375,1334700,0.0,0.0
2019-12-19 00:00:00-05:00,203.72179135018814,205.88049686193673,202.4167611898293,205.79217529296875,755000,0.0,0.0
2019-12-20 00:00:00-05:00,207.59764087064875,208.65734998258702,205.00719423877,205.98841857910156,1547500,0.0,0.0
2019-12-23 00:00:00-05:00,206.86170847997536,206.86170847997536,203.35873063765803,203.89840698242188,725900,0.0,0.0
2019-12-24 00:00:00-05:00,203.87874691883613,204.06518189762622,202.33823283252931,203.8002471923828,275900,0.0,0.0
2019-12-26 00:00:00-05:00,204.1436911498591,204.41843271911975,203.03490304886918,204.04556274414062,628500,0.0,0.0
2019-12-27 00:00:00-05:00,204.379168936802,204.4478618131019,201.56306045434752,203.6138153076172,1712300,0.0,0.0
2019-12-30 00:00:00-05:00,204.06519982843133,204.44787667083378,202.10275141153804,203.74139404296875,541100,0.0,0.0
2019-12-31 00:00:00-05:00,203.6923117589233,204.49692272513525,203.11339312067335,204.37916564941406,508900,0.0,0.0
2020-01-02 00:00:00-05:00,205.27208698467737,205.93932718511545,203.98668575752583,204.86978149414062,830100,0.0,0.0
2020-01-03 00:00:00-05:00,203.12321897323528,204.98755396158782,203.12321897323528,204.06520080566406,501700,0.0,0.0
2020-01-06 00:00:00-05:00,203.3390940687373,204.65394592285156,202.88773930502865,204.65394592285156,740600,0.0,0.0
2020-01-07 00:00:00-05:00,201.61211493921545,204.59502958455053,201.61211493921545,202.91714477539062,495500,0.0,0.0
2020-01-08 00:00:00-05:00,203.08399536321633,205.17400792152642,202.62281874262874,203.751220703125,691700,0.0,0.0
2020-01-09 00:00:00-05:00,204.6931907007761,205.60572206349624,204.19277172499025,205.1739959716797,528900,0.0,0.0
2020-01-10 00:00:00-05:00,205.44872654081217,205.890274433675,203.66289132094496,204.15350341796875,448400,0.0,0.0
2020-01-13 00:00:00-05:00,204.39883695632804,205.5272539146207,203.65311185858388,205.1445770263672,547100,0.0,0.0
2020-01-14 00:00:00-05:00,204.68339576960722,205.311378725172,202.85831796557602,203.751220703125,606500,0.0,0.0
2020-01-15 00:00:00-05:00,203.7904640201101,206.37108855255346,203.08398137223432,205.1053009033203,534500,0.0,0.0
2020-01-16 00:00:00-05:00,206.22389808635157,207.01868733043463,205.18380278064814,206.2042694091797,548800,0.0,0.0
2020-01-17 00:00:00-05:00,206.94017003779382,207.9802802275509,206.4103155774545,207.87234497070312,943300,0.0,0.0
2020-01-21 00:00:00-05:00,207.33266860588085,208.2942640932376,206.22388051072022,207.2934112548828,1045300,0.0,0.0
2020-01-22 00:00:00-05:00,207.56815026196975,208.83393780092172,207.43077947975635,207.93121337890625,634900,0.0,0.0
2020-01-23 00:00:00-05:00,206.76352845688234,209.28526642421406,206.2238522468182,209.09884643554688,891600,0.0,0.0
2020-01-24 00:00:00-05:00,209.69743572420327,210.80620891735526,207.8134720364804,209.41287231445312,639600,0.0,0.0
2020-01-27 00:00:00-05:00,206.69486457414632,209.21661786740776,206.69486457414632,207.970458984375,493700,0.0,0.0
2020-01-28 00:00:00-05:00,208.2648378091321,213.63213541594243,208.2648378091321,212.49391174316406,982200,0.0,0.0
2020-01-29 00:00:00-05:00,212.9256621929017,214.33862750808984,212.2093726828361,212.5135498046875,839800,0.0,0.0
2020-01-30 00:00:00-05:00,211.04169835054964,215.72214187960574,210.53145758490234,215.5062713623047,1213300,0.0,0.0
2020-01-31 00:00:00-05:00,219.99945168693682,223.88307941770634,216.06667626527465,216.54844665527344,1383500,0.44,0.0
2020-02-03 00:00:00-05:00,218.48532056068422,221.95599336527803,217.70858908181293,221.2480926513672,1193200,0.0,0.0
2020-02-04 00:00:00-05:00,223.18500507537863,224.7876158597108,222.67374007014334,222.8310546875,1504100,0.0,0.0
2020-02-05 00:00:00-05:00,225.6036891182378,225.79048336572978,222.76225921857267,224.4631805419922,1025800,0.0,0.0
2020-02-06 00:00:00-05:00,224.57129946781072,226.17389516028086,224.07970256779046,225.74130249023438,873100,0.0,0.0
2020-02-07 00:00:00-05:00,226.00678063467393,226.7245229949322,225.03342825948988,226.26242065429688,918900,0.0,0.0
2020-02-10 00:00:00-05:00,225.7806399533774,227.34391460782183,225.28904301784033,227.18661499023438,688400,0.0,0.0
2020-02-11 00:00:00-05:00,228.10099652655003,229.70360746669087,227.22595451065854,227.3341064453125,822000,0.0,0.0
2020-02-12 00:00:00-05:00,226.80315160875895,228.14029585364844,226.18374968078092,227.03912353515625,589000,0.0,0.0
2020-02-13 00:00:00-05:00,227.0292993285514,230.6474455563751,226.88181124715828,230.6376190185547,790300,0.0,0.0
2020-02-14 00:00:00-05:00,230.9424008030959,231.84693733688945,229.8215604240096,231.76828002929688,585500,0.0,0.0
2020-02-18 00:00:00-05:00,229.3988148766348,231.5028492860796,228.63190980931492,231.3160400390625,760200,0.0,0.0
2020-02-19 00:00:00-05:00,232.67283771738514,234.1869647720967,231.39469760925437,233.43972778320312,1422500,0.0,0.0
2020-02-20 00:00:00-05:00,232.83998867803973,233.3905748665799,228.4057745479459,230.39183044433594,791200,0.0,0.0
2020-02-21 00:00:00-05:00,230.33285715532065,230.80478606354671,226.81302091794606,227.61923217773438,890700,0.0,0.0
2020-02-24 00:00:00-05:00,223.11617900160687,226.2820644814087,219.32106504382676,219.5471954345703,1250300,0.0,0.0
2020-02-25 00:00:00-05:00,223.55864057008571,224.3353571736339,217.74796084410744,218.70166015625,1562000,0.0,0.0
2020-02-26 00:00:00-05:00,219.88149099879377,222.49679046616595,218.45586279367248,218.75082397460938,1093700,0.0,0.0
2020-02-27 00:00:00-05:00,216.14534462582327,217.99375396926766,208.48627070154927,208.65341186523438,1572200,0.0,0.0
2020-02-28 00:00:00-05:00,203.56047592882643,205.17291346314596,198.93946720262355,204.5043487548828,2363700,0.0,0.0
2020-03-02 00:00:00-05:00,205.27122832441654,217.5119898012977,205.0942606174377,217.3448486328125,2083000,0.0,0.0
2020-03-03 00:00:00-05:00,217.23668457291626,219.38005503043948,208.00449464884593,211.19004821777344,1252000,0.0,0.0
2020-03-04 00:00:00-05:00,214.97532096369295,221.7691938042544,213.0679375706432,221.69053649902344,1204800,0.0,0.0
2020-03-05 00:00:00-05:00,216.82377255993157,217.93478658550072,210.17738649195965,213.1367950439453,1283600,0.0,0.0
2020-03-06 00:00:00-05:00,205.95946457952277,212.37971987701758,203.00005618894042,211.19989013671875,1492700,0.0,0.0
2020-03-09 00:00:00-04:00,195.05582557386842,195.11481480397035,170.5153006941819,175.92286682128906,6143500,0.0,0.0
2020-03-10 00:00:00-04:00,181.69425394562316,186.48240391815528,172.30474825832306,180.0228271484375,4736400,0.0,0.0
2020-03-11 00:00:00-04:00,178.43002196563398,186.75767536787433,174.67422912791275,181.87120056152344,4879100,0.0,0.0
2020-03-12 00:00:00-04:00,172.4816783835709,178.3218518628559,166.68084105697312,170.5742950439453,4328600,0.0,0.0
2020-03-13 00:00:00-04:00,178.2038824912422,180.01295554603823,165.22572687717707,174.46774291992188,4007000,0.0,0.0
2020-03-16 00:00:00-04:00,157.97959612583074,173.2977596129063,151.91329127607943,167.6640625,3392700,0.0,0.0
2020-03-17 00:00:00-04:00,172.08842729391893,174.42843357907864,158.1270769000201,161.70590209960938,3626100,0.0,0.0
2020-03-18 00:00:00-04:00,153.7813614762254,156.26884084266004,142.61227817382652,153.29959106445312,2391100,0.0,0.0
2020-03-19 00:00:00-04:00,151.75595647410915,153.2209055133921,145.5126703597622,148.54090881347656,2627000,0.0,0.0
2020-03-20 00:00:00-04:00,150.03538045447158,152.78831110311762,143.30049689778775,147.03663635253906,3037800,0.0,0.0
2020-03-23 00:00:00-04:00,144.2443887800092,153.7223777116808,141.5110958390196,143.03504943847656,3027700,0.0,0.0
2020-03-24 00:00:00-04:00,148.13783982994929,164.73415953558154,147.72490014563118,163.24952697753906,2441600,0.0,0.0
2020-03-25 00:00:00-04:00,163.49530934429427,165.16675099983271,157.9107751143706,160.4080810546875,2845800,0.0,0.0
2020-03-26 00:00:00-04:00,161.12580202460896,164.6259694931433,158.78579601936218,162.9152069091797,2574300,0.0,0.0
2020-03-27 00:00:00-04:00,158.08773081902154,168.64723805388232,155.57075699080494,162.63992309570312,2180000,0.0,0.0
2020-03-30 00:00:00-04:00,164.7636388843052,170.1023746678195,159.38556694268271,168.15565490722656,1996800,0.0,0.0
2020-03-31 00:00:00-04:00,164.93078917546785,167.1429756174637,161.25363831103786,162.26632690429688,1704000,0.0,0.0
2020-04-01 00:00:00-04:00,164.69481886194052,164.69481886194052,149.53396942867124,151.0972442626953,1330300,0.0,0.0
2020-04-02 00:00:00-04:00,149.78960962365556,156.88827139592104,149.4454857279474,154.61708068847656,1524400,0.0,0.0
2020-04-03 00:00:00-04:00,152.46389294473218,155.6396052008478,148.50160752622534,151.5495147705078,1671100,0.0,0.0
2020-04-06 00:00:00-04:00,157.88128101471722,171.6066596966846,156.14102358072077,170.24002075195312,1537900,0.0,0.0
2020-04-07 00:00:00-04:00,175.17567220547025,176.6799578169161,170.46617957269626,172.96348571777344,2128700,0.0,0.0
2020-04-08 00:00:00-04:00,174.3006279317748,187.70156670741756,172.8061688784512,184.8011474609375,2284200,0.0,0.0
2020-04-09 00:00:00-04:00,187.36726495325522,190.34634121011175,183.5426263569738,188.8223876953125,1786500,0.0,0.0
2020-04-13 00:00:00-04:00,185.49920350075126,186.7970267351506,181.41895454860207,183.24769592285156,919000,0.0,0.0
2020-04-14 00:00:00-04:00,185.93177712721138,191.05422334384474,184.69295835998378,190.7690887451172,1234900,0.0,0.0
2020-04-15 00:00:00-04:00,187.25909087128994,189.20581032313277,179.67866035067507,180.84866333007812,1261800,0.0,0.0
2020-04-16 00:00:00-04:00,180.77000986073003,183.83756966833974,178.91177420768236,183.11001586914062,1239300,0.0,0.0
2020-04-17 00:00:00-04:00,188.54709845328952,190.71994857154644,185.4500286660653,187.6032257080078,1407300,0.0,0.0
2020-04-20 00:00:00-04:00,185.1452226061573,185.1452226061573,179.98345514142204,182.5692596435547,1128700,0.0,0.0
2020-04-21 00:00:00-04:00,175.89338666394846,179.60985848932387,174.93968735931708,175.18548583984375,1015800,0.0,0.0
2020-04-22 00:00:00-04:00,178.56765684586716,179.37388297965663,173.84833851020622,178.5381622314453,813800,0.0,0.0
2020-04-23 00:00:00-04:00,178.2628753982658,178.35135924462685,171.0757307206641,171.83279418945312,1617000,0.0,0.0
2020-04-24 00:00:00-04:00,173.4255798654217,174.94953348509637,170.2695206917122,172.58985900878906,1271700,0.0,0.0
2020-04-27 00:00:00-04:00,172.9536407514326,174.06463964528513,168.6767413299585,170.02371215820312,1463400,0.0,0.0
2020-04-28 00:00:00-04:00,172.70784487551234,173.02245912375025,169.01102619286505,169.43380737304688,1522700,0.0,0.0
2020-04-29 00:00:00-04:00,171.60666660643426,172.30474091674546,167.24129804053112,167.7427215576172,1857000,0.0,0.0
2020-04-30 00:00:00-04:00,165.83037592294616,171.38007484629927,165.06150298663744,170.20704650878906,2624900,0.44,0.0
2020-05-01 00:00:00-04:00,169.0635861534615,177.28463632112346,166.8752508980361,175.66802978515625,2029400,0.0,0.0
2020-05-04 00:00:00-04:00,175.6975783466369,176.26930699347446,173.5782370631834,175.1455535888672,1570900,0.0,0.0
2020-05-05 00:00:00-04:00,174.54430974800354,181.39517307834996,174.54430974800354,180.32070922851562,1144700,0.0,0.0
2020-05-06 00:00:00-04:00,181.651443673302,182.0753180092207,173.86413465543436,174.7118682861328,1133600,0.0,0.0
2020-05-07 00:00:00-04:00,176.35804766148428,183.6919265855557,176.35804766148428,182.193603515625,1135100,0.0,0.0
2020-05-08 00:00:00-04:00,183.51446463396874,187.06312015990457,182.5484475901285,187.05325317382812,854300,0.0,0.0
2020-05-11 00:00:00-04:00,186.05769999476303,191.30182357992558,185.80141400825616,189.2711944580078,1470300,0.0,0.0
2020-05-12 00:00:00-04:00,188.83745456460474,192.16923204882823,188.83745456460474,190.4639129638672,1451400,0.0,0.0
2020-05-13 00:00:00-04:00,192.21855201845077,192.21855201845077,186.62942977238956,187.51658630371094,3089500,0.0,0.0
2020-05-14 00:00:00-04:00,184.8550830430413,191.49894953512035,183.57362315047382,191.16378784179688,1170600,0.0,0.0
2020-05-15 00:00:00-04:00,189.47820831824802,190.67094066416738,187.72359913414655,188.93605041503906,2127500,0.0,0.0
2020-05-18 00:00:00-04:00,192.94797175400095,197.45277749228077,192.5438163805687,194.0322723388672,1509500,0.0,0.0
2020-05-19 00:00:00-04:00,192.70153394926885,195.1461549910393,192.57338345750503,192.7508087158203,1031400,0.0,0.0
2020-05-20 00:00:00-04:00,194.5547322518921,196.5065005896891,192.1298298314381,192.4846954345703,1029600,0.0,0.0
2020-05-21 00:00:00-04:00,191.8735209752947,192.76069246744564,189.35990601704748,190.57235717773438,1183100,0.0,0.0
2020-05-22 00:00:00-04:00,190.55261781847904,190.65119743186375,187.9699943920813,189.2317352294922,940800,0.0,0.0
2020-05-26 00:00:00-04:00,192.6424122714824,194.544890898883,191.97211889636696,192.27769470214844,1262700,0.0,0.0
2020-05-27 00:00:00-04:00,195.5503112306943,197.29505310981114,193.17468387615827,195.01800537109375,1565600,0.0,0.0
2020-05-28 00:00:00-04:00,196.5458929026215,198.655367260097,193.20424859238844,195.8558807373047,1073600,0.0,0.0
2020-05-29 00:00:00-04:00,195.21514991910334,196.22060484597205,192.41566330192296,194.1407012939453,3211400,0.0,0.0
2020-06-01 00:00:00-04:00,193.4802723439946,194.76173222817238,191.89323668828789,193.34226989746094,1182900,0.0,0.0
2020-06-02 00:00:00-04:00,193.84498081781723,194.7321522536408,191.28207621031532,192.0509490966797,1181300,0.0,0.0
2020-06-03 00:00:00-04:00,193.37183311025856,198.5962370210224,192.54381846388065,196.13189697265625,1225600,0.0,0.0
2020-06-04 00:00:00-04:00,195.0377278012628,195.69816912391013,193.10567860097652,195.16587829589844,623600,0.0,0.0
2020-06-05 00:00:00-04:00,201.48444888235127,201.48444888235127,196.61492527815992,197.3443603515625,1592000,0.0,0.0
2020-06-08 00:00:00-04:00,197.18663565833992,197.58093910869087,193.8351390566195,195.1855926513672,1525000,0.0,0.0
2020-06-09 00:00:00-04:00,193.9041561127722,194.6335912051968,190.92722885985262,191.51866149902344,1328200,0.0,0.0
2020-06-10 00:00:00-04:00,190.61177651032358,192.20867915048197,188.47273107177895,190.4244842529297,1667800,0.0,0.0
2020-06-11 00:00:00-04:00,187.56583858592234,187.56583858592234,177.33389443592833,178.0731964111328,1768000,0.0,0.0
2020-06-12 00:00:00-04:00,182.27249169824827,182.73578893421242,175.3131962523409,179.35470581054688,1378400,0.0,0.0
2020-06-15 00:00:00-04:00,175.97360527401452,182.7061843546449,174.68229344470228,181.47401428222656,1631500,0.0,0.0
2020-06-16 00:00:00-04:00,185.80139944361576,186.1365461015009,181.64159197579306,183.46519470214844,1161900,0.0,0.0
2020-06-17 00:00:00-04:00,184.06649708388414,190.6610739759066,183.76092130055812,189.19232177734375,1545800,0.0,0.0
2020-06-18 00:00:00-04:00,187.99957886903914,192.08052547553223,187.41799821495056,188.26573181152344,1172800,0.0,0.0
2020-06-19 00:00:00-04:00,191.1342093542654,191.25250790531555,183.5539119516845,184.12562561035156,2787200,0.0,0.0
2020-06-22 00:00:00-04:00,183.14976054721566,187.5461348939515,182.38088763381992,186.08724975585938,1332700,0.0,0.0
2020-06-23 00:00:00-04:00,188.315023238702,188.6501849534235,185.80140814569845,186.31398010253906,1815800,0.0,0.0
2020-06-24 00:00:00-04:00,185.20010092734412,186.01826368488233,183.12019718113334,184.85508728027344,2358200,0.0,0.0
2020-06-25 00:00:00-04:00,184.99310044056762,192.11996855406042,184.57909306479831,191.61724853515625,1883500,0.0,0.0
2020-06-26 00:00:00-04:00,190.77935041370566,193.60842313357452,186.53083040214642,187.3095703125,2459500,0.0,0.0
2020-06-29 00:00:00-04:00,188.69945222415623,189.15289744302112,184.5692306474089,185.53524780273438,1154400,0.0,0.0
2020-06-30 00:00:00-04:00,185.012800362158,190.49349035598613,183.49475843253205,189.85276794433594,1758500,0.0,0.0
2020-07-01 00:00:00-04:00,189.95135070437817,191.0553854064483,187.4081496644724,188.41360473632812,1065700,0.0,0.0
2020-07-02 00:00:00-04:00,191.0356631455355,191.0356631455355,188.0488839039554,188.71917724609375,1241400,0.0,0.0
2020-07-06 00:00:00-04:00,191.89324100373528,192.0312434533725,189.46833866851895,189.9513397216797,1242500,0.0,0.0
2020-07-07 00:00:00-04:00,189.4584512176665,190.9173362478459,189.06416284447337,189.71475219726562,1566900,0.0,0.0
2020-07-08 00:00:00-04:00,190.31605466027017,192.76067570204063,189.9020323085928,192.7508087158203,1844800,0.0,0.0
2020-07-09 00:00:00-04:00,192.70154042021727,192.8986846164558,189.91190567208514,191.6862335205078,1381700,0.0,0.0
2020-07-10 00:00:00-04:00,192.16923279799352,194.92929664365334,191.02577541261277,194.74200439453125,959200,0.0,0.0
2020-07-13 00:00:00-04:00,195.1757551420401,196.74307199012534,193.28314356378132,194.24916076660156,1168400,0.0,0.0
2020-07-14 00:00:00-04:00,194.72229854679,198.11323306720854,194.712446600804,196.2107696533203,1190400,0.0,0.0
2020-07-15 00:00:00-04:00,198.71452525234682,198.90181750705545,196.38818758976154,198.1230926513672,1175900,0.0,0.0
2020-07-16 00:00:00-04:00,198.14280352974512,199.8678416654248,197.13736356028323,199.7791290283203,1423800,0.0,0.0
2020-07-17 00:00:00-04:00,201.26759209012369,201.26759209012369,198.81311879803985,200.75502014160156,1229700,0.0,0.0
2020-07-20 00:00:00-04:00,199.94668414919528,201.3365755018226,199.38482245755844,200.99156188964844,1136800,0.0,0.0
2020-07-21 00:00:00-04:00,202.0758738139144,203.3277627071093,201.05071502339786,203.27847290039062,954000,0.0,0.0
2020-07-22 00:00:00-04:00,202.54906938266393,204.98383899055725,202.04634933741502,204.89512634277344,1274300,0.0,0.0
2020-07-23 00:00:00-04:00,204.7373735572386,205.7625474671711,203.35734911056613,204.41207885742188,1342600,0.0,0.0
2020-07-24 00:00:00-04:00,204.08680005251654,205.68370279791029,203.46579652371744,204.21495056152344,1022900,0.0,0.0
2020-07-27 00:00:00-04:00,204.6092354627604,204.8063796610106,202.23360801482943,204.06707763671875,1315200,0.0,0.0
2020-07-28 00:00:00-04:00,204.04736565624472,205.15138523696922,201.711175993055,202.8053436279297,1395300,0.0,0.0
2020-07-29 00:00:00-04:00,202.046323949363,203.59392176153344,200.75501210118912,202.86448669433594,1462800,0.0,0.0
2020-07-30 00:00:00-04:00,200.73531886707806,204.47125244140625,199.72001178588306,204.47125244140625,1442900,0.0,0.0
2020-07-31 00:00:00-04:00,202.70301747016418,204.2934267620775,198.08984624938623,202.7227783203125,2318300,0.44,0.0
2020-08-03 00:00:00-04:00,202.89068581016878,203.93778465752888,197.0723596056872,197.79347229003906,1743700,0.0,0.0
2020-08-04 00:00:00-04:00,197.58604360242444,199.27522687902612,195.22512712644243,197.21066284179688,1385700,0.0,0.0
2020-08-05 00:00:00-04:00,194.31633607214033,197.18104132028816,194.31633607214033,196.1141815185547,1531800,0.0,0.0
2020-08-06 00:00:00-04:00,195.2053840770187,195.72893356820563,191.86650877063883,193.22972106933594,1386400,0.0,0.0
2020-08-07 00:00:00-04:00,192.79506412240463,193.33837443969722,191.17502113191244,193.06178283691406,1134500,0.0,0.0
2020-08-10 00:00:00-04:00,193.03215766026372,193.94096083444552,190.3748885049246,190.49342346191406,1012500,0.0,0.0
2020-08-11 00:00:00-04:00,192.3505394197137,192.3505394197137,189.71303128071068,191.1947784423828,1671300,0.0,0.0
2020-08-12 00:00:00-04:00,192.57776092040868,192.86424051570546,189.30804084621326,189.79208374023438,1690300,0.0,0.0
2020-08-13 00:00:00-04:00,188.80423074377305,192.4196824120954,187.68797637666344,192.3011474609375,4634100,0.0,0.0
2020-08-14 00:00:00-04:00,192.35055135716405,195.22514464675464,192.15298807130245,194.8003692626953,1242900,0.0,0.0
2020-08-17 00:00:00-04:00,194.8003572640631,197.20079550510957,194.27680780587704,194.32620239257812,1504300,0.0,0.0
2020-08-18 00:00:00-04:00,193.95083312141,195.25477793669867,192.24188884662635,194.0298614501953,1172300,0.0,0.0
2020-08-19 00:00:00-04:00,192.70617241433976,196.7167659256405,192.48884827670264,195.16587829589844,1290600,0.0,0.0
2020-08-20 00:00:00-04:00,194.46451745555694,195.66967313951335,193.90144624298628,194.61268615722656,1371300,0.0,0.0
2020-08-21 00:00:00-04:00,194.66205780535932,194.66205780535932,190.82926706071038,191.28367614746094,1179500,0.0,0.0
2020-08-24 00:00:00-04:00,191.08612442375912,191.7776034470215,185.93951576676116,187.8559112548828,2116900,0.0,0.0
2020-08-25 00:00:00-04:00,189.29815861060905,191.45162408467385,187.3027347238526,190.02914428710938,2126800,0.0,0.0
2020-08-26 00:00:00-04:00,189.6438793552194,194.86951621639022,187.9151743012687,193.06178283691406,1504900,0.0,0.0
2020-08-27 00:00:00-04:00,193.9804521971343,198.02069418289176,193.02225450857463,197.15139770507812,948700,0.0,0.0
2020-08-28 00:00:00-04:00,198.5541420128044,198.78133904936226,196.19322520572592,197.6749725341797,1280400,0.0,0.0
2020-08-31 00:00:00-04:00,197.26994742616873,199.76915991393616,197.26994742616873,197.55642700195312,1465100,0.0,0.0
2020-09-01 00:00:00-04:00,196.894585816166,200.50016483518957,196.0450501059782,200.18405151367188,1441700,0.0,0.0
2020-09-02 00:00:00-04:00,200.17418030318115,207.75084631689984,200.03588449213578,207.1779022216797,1805500,0.0,0.0
2020-09-03 00:00:00-04:00,207.9187580219277,209.51905521022533,200.342092658527,201.36944580078125,2031800,0.0,0.0
2020-09-04 00:00:00-04:00,203.5624296840726,203.9871899631882,197.68482062664418,200.27294921875,1093400,0.0,0.0
2020-09-08 00:00:00-04:00,199.4135247356531,199.61110307893838,195.4325653028585,195.5906219482422,1679700,0.0,0.0
2020-09-09 00:00:00-04:00,197.70460781502914,203.09817476478688,196.9242275148008,201.1521453857422,1155200,0.0,0.0
2020-09-10 00:00:00-04:00,201.87324268661123,203.88841228193607,199.30487479879525,199.5913543701172,1594500,0.0,0.0
2020-09-11 00:00:00-04:00,199.7987795079533,200.59893562727632,197.07237018880426,199.08753967285156,1189200,0.0,0.0
2020-09-14 00:00:00-04:00,200.85578099862974,201.9325137176634,199.2258499773695,199.50245666503906,1053600,0.0,0.0
2020-09-15 00:00:00-04:00,199.8185532822292,201.43859632850607,199.225848356935,199.54196166992188,1013400,0.0,0.0
2020-09-16 00:00:00-04:00,200.85578948942407,202.07081806709922,199.8086904653208,200.06552124023438,1135400,0.0,0.0
2020-09-17 00:00:00-04:00,197.56628100399155,200.66807101282978,196.61795622300355,199.21595764160156,1202400,0.0,0.0
2020-09-18 00:00:00-04:00,198.8208416387571,201.5472510346879,198.41582712370194,198.5541229248047,1459700,0.0,0.0
2020-09-21 00:00:00-04:00,195.76843914516041,197.52679307982146,194.1088894627106,196.77603149414062,1724800,0.0,0.0
2020-09-22 00:00:00-04:00,195.66965081771133,198.85046921766758,193.55569216740918,197.53665161132812,1936600,0.0,0.0
2020-09-23 00:00:00-04:00,198.33679101925728,202.73263781737396,197.65518492873028,197.97129821777344,2258600,0.0,0.0
2020-09-24 00:00:00-04:00,197.98116970102026,198.6331420502128,192.84444937540238,193.29884338378906,1975200,0.0,0.0
2020-09-25 00:00:00-04:00,191.97515733680052,195.46220109425738,189.85132578216198,193.9705810546875,1217800,0.0,0.0
2020-09-28 00:00:00-04:00,196.34135810926094,202.4066421315552,196.10428822672716,200.95452880859375,1568800,0.0,0.0
2020-09-29 00:00:00-04:00,200.2729653517058,202.93021944672452,199.73952789646017,202.5943603515625,1340300,0.0,0.0
2020-09-30 00:00:00-04:00,203.45376800645707,205.70602246157813,201.1817527022598,203.7896270751953,1583900,0.0,0.0
2020-10-01 00:00:00-04:00,204.20451896800364,205.18247753182646,201.78433492517013,203.67108154296875,1391900,0.0,0.0
2020-10-02 00:00:00-04:00,202.36716211258536,205.38992409715584,201.89300721207357,203.01913452148438,877400,0.0,0.0
2020-10-05 00:00:00-04:00,204.54036533318234,205.37014008376914,202.2486043449268,203.99705505371094,907700,0.0,0.0
2020-10-06 00:00:00-04:00,205.3405243164031,206.83215949357972,202.27825578133465,203.1475372314453,986700,0.0,0.0
2020-10-07 00:00:00-04:00,204.1551316252648,206.57531575397903,203.87854001473244,205.83444213867188,1084600,0.0,0.0
2020-10-08 00:00:00-04:00,207.4445932979546,210.35869290347037,205.4096630325391,205.5380859375,894000,0.0,0.0
2020-10-09 00:00:00-04:00,206.8420487700785,207.94841528866496,205.78507684388177,206.6444854736328,987400,0.0,0.0
2020-10-12 00:00:00-04:00,207.2569290943932,212.2652421430133,206.25922468409422,211.9096221923828,1848000,0.0,0.0
2020-10-13 00:00:00-04:00,211.03043987506794,213.85563845696439,207.56314179953802,208.3237762451172,1279300,0.0,0.0
2020-10-14 00:00:00-04:00,208.88686301216524,211.8108359146665,206.51605828442345,207.5335235595703,1176300,0.0,0.0
2020-10-15 00:00:00-04:00,205.99249685901415,210.77359759400136,205.54797570862826,210.19078063964844,1058500,0.0,0.0
2020-10-16 00:00:00-04:00,210.76373621358857,212.64061009463708,210.10189089610068,210.28958129882812,1706100,0.0,0.0
2020-10-19 00:00:00-04:00,209.91420551011578,211.98865780557873,206.09130221433958,206.6444854736328,856600,0.0,0.0
2020-10-20 00:00:00-04:00,208.09658590464838,208.96586736865382,203.64145622503187,203.84890747070312,1383500,0.0,0.0
2020-10-21 00:00:00-04:00,203.9279327392578,207.28655373536512,203.6019465427296,203.9279327392578,863600,0.0,0.0
2020-10-22 00:00:00-04:00,203.99706398524677,205.21210750156544,202.73264095572304,204.9453887939453,767400,0.0,0.0
2020-10-23 00:00:00-04:00,205.08369071046542,205.9233534835636,202.37702707454702,204.78733825683594,778900,0.0,0.0
2020-10-26 00:00:00-04:00,203.01912606685048,203.89829546413657,197.76385545971152,199.7098846435547,1389700,0.0,0.0
2020-10-27 00:00:00-04:00,200.3223474858715,200.72736202697692,196.8550642739243,197.05262756347656,1067300,0.0,0.0
2020-10-28 00:00:00-04:00,194.05948506436036,194.5534007886642,190.08839842048613,192.33078002929688,1650300,0.0,0.0
2020-10-29 00:00:00-04:00,192.3604285156751,192.3604285156751,184.13179010908868,184.5269317626953,1867000,0.0,0.0
2020-10-30 00:00:00-04:00,185.32903663329827,186.77483757683885,178.80316053097917,182.21958923339844,3079700,0.46,0.0
2020-11-02 00:00:00-05:00,184.24963151585484,184.24963151585484,178.5555790858986,178.8823699951172,2451100,0.0,0.0
2020-11-03 00:00:00-05:00,181.05108526098894,182.52659315838244,178.07037768217572,178.20901489257812,2302600,0.0,0.0
2020-11-04 00:00:00-05:00,177.77328691559885,184.82400496752354,177.77328691559885,181.6947479248047,3127800,0.0,0.0
2020-11-05 00:00:00-05:00,184.33876047319322,186.20047296926734,182.40773693222354,183.57626342773438,1600400,0.0,0.0
2020-11-06 00:00:00-05:00,184.64574471939088,189.7753358961646,182.8731530164507,188.49789428710938,1486800,0.0,0.0
2020-11-09 00:00:00-05:00,193.1026656014807,202.31218036761578,189.29011974932257,191.0330047607422,2548300,0.0,0.0
2020-11-10 00:00:00-05:00,192.2510182377663,199.27202894934965,190.6368732937134,198.1332244873047,2425400,0.0,0.0
2020-11-11 00:00:00-05:00,199.5097063434439,200.7178370021343,196.99441197784716,199.46018981933594,1835800,0.0,0.0
2020-11-12 00:00:00-05:00,197.92525325730767,199.77706836863513,196.87556951106157,198.01438903808594,1663900,0.0,0.0
2020-11-13 00:00:00-05:00,198.77689723483147,202.7973911054819,198.0837112416713,202.4508056640625,1519900,0.0,0.0
2020-11-16 00:00:00-05:00,204.84726050348172,206.28314903538458,202.4607060873074,206.00587463378906,1913900,0.0,0.0
2020-11-17 00:00:00-05:00,204.48087098400228,207.3724577580527,200.70792934695805,205.17405700683594,1680400,0.0,0.0
2020-11-18 00:00:00-05:00,204.19368044255114,206.32277010742956,201.38131713867188,201.38131713867188,1389800,0.0,0.0
2020-11-19 00:00:00-05:00,200.8465844753843,202.8073149989582,199.26214630643594,200.9456024169922,1338000,0.0,0.0
2020-11-20 00:00:00-05:00,200.92577633268053,201.51004711471234,195.93482219670173,196.7369384765625,1796600,0.0,0.0
2020-11-23 00:00:00-05:00,197.92525746673036,201.4011147917117,196.89538332878973,201.2030487060547,1447700,0.0,0.0
2020-11-24 00:00:00-05:00,203.60942642466546,208.06564166804438,202.62905363140624,205.90684509277344,1650800,0.0,0.0
2020-11-25 00:00:00-05:00,205.4810252964269,206.86739725429848,201.61897833498395,206.0454864501953,1030800,0.0,0.0
2020-11-27 00:00:00-05:00,205.64938281098688,207.54080226368978,204.07485703238632,204.5699920654297,632400,0.0,0.0
2020-11-30 00:00:00-05:00,203.431147201903,205.28296227091664,202.45078962862772,202.8964080810547,2077800,0.0,0.0
2020-12-01 00:00:00-05:00,205.46122587851198,208.8875669023116,205.42162172502748,208.63999938964844,1690300,0.0,0.0
2020-12-02 00:00:00-05:00,208.41224709751273,211.12557743845352,206.5901386716071,207.04566955566406,1326800,0.0,0.0
2020-12-03 00:00:00-05:00,206.4713023244063,208.8479443645874,205.59985985818986,208.13494873046875,1288500,0.0,0.0
2020-12-04 00:00:00-05:00,208.26368093565924,210.6502352581635,207.47146191491382,209.5411376953125,1094400,0.0,0.0
2020-12-07 00:00:00-05:00,209.64014419284976,211.91776808687553,204.8175343992593,205.18392944335938,1450400,0.0,0.0
2020-12-08 00:00:00-05:00,204.61948385892632,208.56075401468925,202.80728804378484,207.55067443847656,1497100,0.0,0.0
2020-12-09 00:00:00-05:00,207.8576762088571,209.88773282129125,203.1043920855169,205.03541564941406,1578400,0.0,0.0
2020-12-10 00:00:00-05:00,203.77776077434334,205.17404511029787,202.94593759517429,204.23329162597656,1685000,0.0,0.0
2020-12-11 00:00:00-05:00,202.2131441168136,205.67908934201475,201.68830219153747,202.1240234375,1453300,0.0,0.0
2020-12-14 00:00:00-05:00,204.30262003214406,206.04550506270215,201.88635859274123,201.97549438476562,2202200,0.0,0.0
2020-12-15 00:00:00-05:00,202.638962551374,207.12488461114916,201.42091952616337,206.00587463378906,1794400,0.0,0.0
2020-12-16 00:00:00-05:00,207.08525691663027,210.15509995115173,205.6394711829346,207.1743927001953,1330300,0.0,0.0
2020-12-17 00:00:00-05:00,207.72895236523416,211.54148298687645,207.45167796039914,209.2440643310547,2148500,0.0,0.0
2020-12-18 00:00:00-05:00,209.3034810175979,209.76890915580574,202.53993467738135,203.4906005859375,3485200,0.0,0.0
2020-12-21 00:00:00-05:00,203.68864906333692,207.41205901273952,199.4007779323103,207.11497497558594,2415500,0.0,0.0
2020-12-22 00:00:00-05:00,206.38216982468867,208.79843098963443,204.1342527428323,207.19418334960938,2203600,0.0,0.0
2020-12-23 00:00:00-05:00,208.3231044494833,209.60056126881148,205.12453643628032,205.87713623046875,1051300,0.0,0.0
2020-12-24 00:00:00-05:00,207.5110919218804,208.93708321099803,205.97617032289062,208.56077575683594,430000,0.0,0.0
2020-12-28 00:00:00-05:00,209.43222819516433,210.333362499335,204.7086356029166,204.81756591796875,1279000,0.0,0.0
2020-12-29 00:00:00-05:00,206.12469945114452,206.91691849240755,204.14415940314765,204.8967742919922,655700,0.0,0.0
2020-12-30 00:00:00-05:00,205.7186920854963,207.11496128024373,204.53035601545983,204.69871520996094,734600,0.0,0.0
2020-12-31 00:00:00-05:00,205.3820001410001,209.4916298709746,204.17386948402654,209.21435546875,1024600,0.0,0.0
2021-01-04 00:00:00-05:00,208.9865967420795,209.93726269338399,201.58929294395574,202.55975341796875,1702200,0.0,0.0
2021-01-05 00:00:00-05:00,203.2529024561571,204.46103297556255,200.10385134218947,202.31214904785156,1546700,0.0,0.0
2021-01-06 00:00:00-05:00,203.27273358093998,205.97616653583276,201.03471363931988,204.76803588867188,1732100,0.0,0.0
2021-01-07 00:00:00-05:00,205.60978240018477,206.56043321915504,203.37176233947767,204.55018615722656,1356300,0.0,0.0
2021-01-08 00:00:00-05:00,203.99561493841537,206.14449897185824,201.58926615107634,203.22320556640625,1294500,0.0,0.0
2021-01-11 00:00:00-05:00,202.64887206453216,203.7975890036365,199.72757830017468,200.16329956054688,1187000,0.0,0.0
2021-01-12 00:00:00-05:00,199.66815197304777,202.70827312283663,198.69767645941008,200.50987243652344,1835500,0.0,0.0
2021-01-13 00:00:00-05:00,200.36133005583454,205.54043790278175,199.59881792820767,204.88685607910156,2229700,0.0,0.0
2021-01-14 00:00:00-05:00,204.72841603393226,205.87711769843594,201.55954008816656,204.6095733642578,1404700,0.0,0.0
2021-01-15 00:00:00-05:00,204.31252481160686,206.93673441080125,203.81738978456477,205.90684509277344,1783200,0.0,0.0
2021-01-19 00:00:00-05:00,206.8971201910523,208.095353634249,205.6890045971116,207.12489318847656,1668900,0.0,0.0
2021-01-20 00:00:00-05:00,207.0357679086922,210.7294709875352,206.3920833059504,209.87783813476562,1318600,0.0,0.0
2021-01-21 00:00:00-05:00,209.5609594951012,212.04654718512626,207.32295444721368,207.431884765625,1677600,0.0,0.0
2021-01-22 00:00:00-05:00,207.01593691188077,207.34272780994888,204.3025917981253,204.45114135742188,1225400,0.0,0.0
2021-01-25 00:00:00-05:00,203.79757262886196,207.78835959066498,203.69853958298086,206.62974548339844,1191100,0.0,0.0
2021-01-26 00:00:00-05:00,206.92684417013263,209.38270975668848,205.14435499024432,207.9171142578125,1393100,0.0,0.0
2021-01-27 00:00:00-05:00,205.62956224208742,209.56093540418198,202.95583622792347,204.787841796875,2015700,0.0,0.0
2021-01-28 00:00:00-05:00,206.51091669288482,208.37262928632492,204.54028889610146,204.55018615722656,1409400,0.0,0.0
2021-01-29 00:00:00-05:00,204.06385854666533,205.12580450667573,200.79860528773855,201.57273864746094,1619400,0.46,0.0
2021-02-01 00:00:00-05:00,202.6843007291309,207.55738197917265,201.73151310631056,205.12579345703125,2252200,0.0,0.0
2021-02-02 00:00:00-05:00,206.96190098412157,209.9790493615639,206.48551471443727,208.5994873046875,1866000,0.0,0.0
2021-02-03 00:00:00-05:00,207.92461238833457,208.7582921638168,203.2401043965104,203.72642517089844,1523600,0.0,0.0
2021-02-04 00:00:00-05:00,204.41123391433038,206.94204637420455,202.72400541568572,206.53514099121094,1529500,0.0,0.0
2021-02-05 00:00:00-05:00,209.06595884511592,221.72008204715658,207.99409350064542,221.54144287109375,2129400,0.0,0.0
2021-02-08 00:00:00-05:00,222.1865430665638,224.0226375399523,219.45722244852738,223.9432373046875,1442300,0.0,0.0
2021-02-09 00:00:00-05:00,223.5859409851502,227.4665422492889,223.37752862126126,226.7321014404297,2056600,0.0,0.0
2021-02-10 00:00:00-05:00,227.24819000978778,228.8857762634641,224.08217578490414,224.8463897705078,1901000,0.0,0.0
2021-02-11 00:00:00-05:00,227.17871180749523,230.4042724587037,225.98773859585825,227.58563232421875,1357100,0.0,0.0
2021-02-12 00:00:00-05:00,227.12911705648008,229.4614366169704,224.52880843728258,226.3251953125,1451200,0.0,0.0
2021-02-16 00:00:00-05:00,223.19886980244135,228.597964470678,222.9308959102333,225.3922576904297,2622400,0.0,0.0
2021-02-17 00:00:00-05:00,224.34022971337328,227.5360173393951,223.93332431913947,227.47647094726562,1315500,0.0,0.0
2021-02-18 00:00:00-05:00,226.29541609486176,228.0918180663306,223.62565694637868,225.55105590820312,2918200,0.0,0.0
2021-02-19 00:00:00-05:00,226.8214330876566,227.942940633142,226.00760714530435,226.62294006347656,1342900,0.0,0.0
2021-02-22 00:00:00-05:00,226.36488956124637,228.23075721406974,224.9257962763554,227.0000762939453,2430200,0.0,0.0
2021-02-23 00:00:00-05:00,228.0620163249542,229.68968323170756,225.2036836740982,229.5408172607422,2044800,0.0,0.0
2021-02-24 00:00:00-05:00,229.21330631790755,234.1062417315834,228.24067993187217,231.942626953125,1563700,0.0,0.0
2021-02-25 00:00:00-05:00,231.67464827143456,233.3817154450445,228.498714626595,229.22323608398438,1518100,0.0,0.0
2021-02-26 00:00:00-05:00,230.38444147943693,230.38444147943693,225.163985758335,225.9976806640625,1845900,0.0,0.0
2021-03-01 00:00:00-05:00,227.1985658738636,232.69691466996258,227.07947309579734,230.76156616210938,1644300,0.0,0.0
2021-03-02 00:00:00-05:00,231.19825771005665,232.92517869608628,228.87585769522244,230.7814178466797,1426300,0.0,0.0
2021-03-03 00:00:00-05:00,229.2430776295871,233.23285236570794,226.07706329570306,226.29541015625,1647100,0.0,0.0
2021-03-04 00:00:00-05:00,226.4045705225982,229.21329120843268,223.2683447088873,224.3402099609375,1607100,0.0,0.0
2021-03-05 00:00:00-05:00,226.4542087799686,231.25780938473972,223.9730082431183,231.0096893310547,1322200,0.0,0.0
2021-03-08 00:00:00-05:00,231.79377002245647,233.2328633847444,228.17120795154176,228.2704620361328,1508800,0.0,0.0
2021-03-09 00:00:00-05:00,228.57810146907107,231.82351580765058,228.20095416507635,229.7591552734375,1478100,0.0,0.0
2021-03-10 00:00:00-05:00,229.58054013859982,230.46384696087623,227.3871521089668,228.0223388671875,1186900,0.0,0.0
2021-03-11 00:00:00-05:00,227.81390483082444,228.89571978862543,226.10685277149375,226.28549194335938,1480500,0.0,0.0
2021-03-12 00:00:00-05:00,227.27797217118112,228.26053304858138,225.5808243182255,226.28549194335938,1701400,0.0,0.0
2021-03-15 00:00:00-04:00,225.7892358276638,226.52367659605846,223.2584083972699,223.8042755126953,1789800,0.0,0.0
2021-03-16 00:00:00-04:00,223.9134796870556,226.3847610704424,223.18897331292436,225.04490661621094,2375600,0.0,0.0
2021-03-17 00:00:00-04:00,225.7991692394889,225.98774290420195,223.62565028023616,224.09210205078125,1922400,0.0,0.0
2021-03-18 00:00:00-04:00,224.3005446043693,224.81663859334978,222.23618379249473,222.8515167236328,1621400,0.0,0.0
2021-03-19 00:00:00-04:00,222.31556545760554,223.2782724659769,220.20157777925766,221.2238311767578,2655200,0.0,0.0
2021-03-22 00:00:00-04:00,220.50925042148566,222.95075845276125,220.15197207666367,221.72007751464844,2656300,0.0,0.0
2021-03-23 00:00:00-04:00,222.43466195700486,224.42955689046806,221.25360807270596,222.29571533203125,1982000,0.0,0.0
2021-03-24 00:00:00-04:00,222.05751718186804,225.57089029646355,221.66051603013278,223.51646423339844,2359100,0.0,0.0
2021-03-25 00:00:00-04:00,224.01270873028392,224.3997753958264,221.16428030760633,223.3378143310547,2002300,0.0,0.0
2021-03-26 00:00:00-04:00,224.28067419466907,226.77180922039196,221.73000792328602,226.59315490722656,2355300,0.0,0.0
2021-03-29 00:00:00-04:00,226.1068461546725,232.28005905854732,224.32037876806348,231.87315368652344,1599400,0.0,0.0
2021-03-30 00:00:00-04:00,230.87073985829866,232.73660748508408,229.46141978804127,230.3447265625,1103000,0.0,0.0
2021-03-31 00:00:00-04:00,230.47375727739131,231.0791708157179,227.90323714910568,228.37962341308594,1633200,0.0,0.0
2021-04-01 00:00:00-04:00,228.43916769778713,231.2975155434188,227.19856743757146,230.05691528320312,1480200,0.0,0.0
2021-04-05 00:00:00-04:00,230.91043881787758,232.3098394850646,230.23554443079027,232.2205047607422,1164500,0.0,0.0
2021-04-06 00:00:00-04:00,232.46862906677225,232.73660295656464,231.15856309987362,232.45870971679688,1035000,0.0,0.0
2021-04-07 00:00:00-04:00,232.05180853304313,234.8903026991079,231.75406142448168,234.49331665039062,1020300,0.0,0.0
2021-04-08 00:00:00-04:00,235.53539506574657,236.7065143666369,233.03434086229475,233.2328338623047,1394700,0.0,0.0
2021-04-09 00:00:00-04:00,234.27496600532137,236.7760204752703,232.93511161040848,235.2178192138672,1226700,0.0,0.0
2021-04-12 00:00:00-04:00,235.21780181821285,237.23253536487894,234.1657752542251,237.03404235839844,1497600,0.0,0.0
2021-04-13 00:00:00-04:00,236.51794930269656,238.04637726075566,234.47344255468505,237.4409637451172,1389100,0.0,0.0
2021-04-14 00:00:00-04:00,237.42113128966602,238.1853453375411,231.9525704563856,233.1038360595703,1826000,0.0,0.0
2021-04-15 00:00:00-04:00,233.37179916614988,235.9323999602643,232.8358665087987,234.72157287597656,1232700,0.0,0.0
2021-04-16 00:00:00-04:00,236.34924250672486,238.21511019422178,234.0268423918914,237.32186889648438,1944100,0.0,0.0
2021-04-19 00:00:00-04:00,237.3417171846092,237.4012635742549,233.80849005453408,234.05661010742188,1259400,0.0,0.0
2021-04-20 00:00:00-04:00,234.08638725158613,235.30713369205685,232.76638673066728,233.05421447753906,1377900,0.0,0.0
2021-04-21 00:00:00-04:00,233.01449880337572,235.26743308474195,231.58532490055387,231.74412536621094,1265900,0.0,0.0
2021-04-22 00:00:00-04:00,230.59284278483835,231.55554977679944,228.17118870790725,229.4117889404297,1866700,0.0,0.0
2021-04-23 00:00:00-04:00,229.7889342663803,230.48366736176473,228.66742681980182,229.15374755859375,1018600,0.0,0.0
2021-04-26 00:00:00-04:00,229.79886655032507,230.68217335218262,227.68489395138982,227.7940673828125,1666800,0.0,0.0
2021-04-27 00:00:00-04:00,228.97511099116812,233.31224456955627,228.2704433938331,232.0319366455078,1518300,0.0,0.0
2021-04-28 00:00:00-04:00,232.1212720002301,237.28216596646755,231.0295377321211,236.58743286132812,2881000,0.0,0.0
2021-04-29 00:00:00-04:00,237.1035361534635,238.225043731658,234.0169218336938,237.47076416015625,1925100,0.0,0.0
2021-04-30 00:00:00-04:00,238.78361657145942,253.4639099821423,238.75377977972914,250.082275390625,4096900,0.51,0.0
2021-05-03 00:00:00-04:00,250.11211158629823,252.4892054389773,247.84442436183429,251.09677124023438,1613800,0.0,0.0
2021-05-04 00:00:00-04:00,250.9674714105495,252.8969982354096,250.08227783564297,252.55882263183594,1443300,0.0,0.0
2021-05-05 00:00:00-04:00,252.469314869409,254.2695388298805,251.33547123165158,252.98651123046875,1622400,0.0,0.0
2021-05-06 00:00:00-04:00,254.78675508683477,256.16923362749253,253.21526972086085,255.2442626953125,1421400,0.0,0.0
2021-05-07 00:00:00-04:00,254.27948153816095,258.23800111738007,253.812018247029,257.1240234375,1642100,0.0,0.0
2021-05-10 00:00:00-04:00,257.1638042855258,259.56079421413864,256.029975933557,257.0544128417969,1587800,0.0,0.0
2021-05-11 00:00:00-04:00,256.50737486140787,256.50737486140787,251.70346945005298,252.74778747558594,1667100,0.0,0.0
2021-05-12 00:00:00-04:00,251.78303822343585,253.8617642057458,248.1030204651625,248.37156677246094,2094000,0.0,0.0
2021-05-13 00:00:00-04:00,248.23232103358134,252.2803359769972,247.68528788544546,250.63925170898438,1413100,0.0,0.0
2021-05-14 00:00:00-04:00,252.12119162846642,254.11039188224342,250.59945464843852,252.8671417236328,978500,0.0,0.0
2021-05-17 00:00:00-04:00,252.4195705666289,254.19991337041455,251.91232994322996,253.82196044921875,1404300,0.0,0.0
2021-05-18 00:00:00-04:00,256.039909311504,256.039909311504,252.63837861991473,252.83731079101562,1691500,0.0,0.0
2021-05-19 00:00:00-04:00,251.93222568063374,252.121202140845,247.2576079246249,250.8679962158203,1724300,0.0,0.0
2021-05-20 00:00:00-04:00,251.02714189056326,254.72704064309127,250.88789847071754,253.27493286132812,1861900,0.0,0.0
2021-05-21 00:00:00-04:00,253.0163333027984,254.12034008399596,251.0072367365013,251.84271240234375,1895100,0.0,0.0
2021-05-24 00:00:00-04:00,252.59860885167873,253.98110249440134,251.7531926283788,251.8128662109375,737300,0.0,0.0
2021-05-25 00:00:00-04:00,252.19082103476427,252.82736454750778,250.14194707738335,250.94757080078125,1074500,0.0,0.0
2021-05-26 00:00:00-04:00,250.6989247881602,251.09677397527352,248.9882112245597,249.73416137695312,1050800,0.0,0.0
2021-05-27 00:00:00-04:00,250.14195610964595,253.6628342218061,248.93848316208116,252.5091094970703,2060000,0.0,0.0
2021-05-28 00:00:00-04:00,253.15558618092518,253.6727825312288,251.41503584131368,252.00184631347656,1764100,0.0,0.0
2021-06-01 00:00:00-04:00,253.70261930838757,254.46846570716318,250.7287592648056,251.87255859375,2095100,0.0,0.0
2021-06-02 00:00:00-04:00,252.5985875335859,254.08054713976574,251.00722130981706,251.58409118652344,1780100,0.0,0.0
2021-06-03 00:00:00-04:00,251.35535888259813,252.81742236235021,248.70971875958062,250.15188598632812,1535000,0.0,0.0
2021-06-04 00:00:00-04:00,250.06236951448494,250.6392394263955,246.8299190060096,249.66453552246094,1314700,0.0,0.0
2021-06-07 00:00:00-04:00,249.77396390553645,250.02261396631081,245.58669020448178,246.18345642089844,1111800,0.0,0.0
2021-06-08 00:00:00-04:00,244.67163603699584,244.8009389124858,241.69777613548342,243.47811889648438,1734200,0.0,0.0
2021-06-09 00:00:00-04:00,243.677038772909,245.0495918477494,242.22491586424073,244.42298889160156,1256600,0.0,0.0
2021-06-10 00:00:00-04:00,245.23856578607297,249.81371736120536,244.7512062500332,248.0930633544922,1462000,0.0,0.0
2021-06-11 00:00:00-04:00,248.42128478031393,250.59946154637868,247.37695158305624,248.7594451904297,1184900,0.0,0.0
2021-06-14 00:00:00-04:00,249.09762553982122,249.17719537969901,246.4917777835036,248.70973205566406,1211800,0.0,0.0
2021-06-15 00:00:00-04:00,248.20248883870372,251.45483581931933,247.91404627507382,250.46023559570312,1359300,0.0,0.0
2021-06-16 00:00:00-04:00,250.5696120576239,250.87795085666667,241.21043604748075,242.7819061279297,4874500,0.0,0.0
2021-06-17 00:00:00-04:00,241.8668648719198,242.93109435087956,231.3539488443458,231.58270263671875,7322900,0.0,0.0
2021-06-18 00:00:00-04:00,230.39911624405153,232.73643264242827,227.97230465184822,228.8574981689453,3736000,0.0,0.0
2021-06-21 00:00:00-04:00,230.2897118916287,233.2138387587978,229.21555708560984,232.73643493652344,2467400,0.0,0.0
2021-06-22 00:00:00-04:00,231.70206187110267,234.417316081011,230.96605228310221,232.29881286621094,1623700,0.0,0.0
2021-06-23 00:00:00-04:00,232.5076959917838,235.063810646912,231.86119674763762,234.26812744140625,1316300,0.0,0.0
2021-06-24 00:00:00-04:00,234.22834121130396,237.64976824150958,234.01946849694156,237.19224548339844,1942900,0.0,0.0
2021-06-25 00:00:00-04:00,237.8188306591119,243.2692349609546,237.19222773929445,242.3939971923828,3825100,0.0,0.0
2021-06-28 00:00:00-04:00,242.7918495121697,242.9609297208818,238.65430913866766,239.62901306152344,1074600,0.0,0.0
2021-06-29 00:00:00-04:00,240.4147579724235,242.26471492388794,239.82794750551025,241.58837890625,1023800,0.0,0.0
2021-06-30 00:00:00-04:00,241.16072248589043,241.51877918094823,236.58555529086254,237.4707489013672,1564400,0.0,0.0
2021-07-01 00:00:00-04:00,238.9228671610298,238.9228671610298,236.72479398710976,237.39117431640625,1235800,0.0,0.0
2021-07-02 00:00:00-04:00,237.73926050351656,240.08651734474208,237.42099636348914,238.29623413085938,926700,0.0,0.0
2021-07-06 00:00:00-04:00,237.78901244031394,238.25647573820916,235.18316482971073,236.4363555908203,1390300,0.0,0.0
2021-07-07 00:00:00-04:00,235.7401485571283,238.41562557900525,235.7401485571283,237.75918579101562,956200,0.0,0.0
2021-07-08 00:00:00-04:00,235.74013475449252,236.93365191415978,233.07459842738797,233.93991088867188,1066200,0.0,0.0
2021-07-09 00:00:00-04:00,235.9390558704217,236.7148427965678,233.76087904839827,235.03396606445312,1371300,0.0,0.0
2021-07-12 00:00:00-04:00,234.46705697887705,235.30251750585137,230.29967970612424,231.53297424316406,1317600,0.0,0.0
2021-07-13 00:00:00-04:00,231.6821586300308,232.20929548918693,229.78246872365645,230.38917541503906,1361000,0.0,0.0
2021-07-14 00:00:00-04:00,230.70745161604958,231.4136092058461,226.9478491821893,229.18569946289062,1332900,0.0,0.0
2021-07-15 00:00:00-04:00,227.79327633308063,231.47329393669017,227.79327633308063,230.01123046875,1551300,0.0,0.0
2021-07-16 00:00:00-04:00,230.52841651337127,231.57274968332015,228.9370502376021,230.4786834716797,2054300,0.0,0.0
2021-07-19 00:00:00-04:00,229.53381331573596,229.53381331573596,221.9848020855444,225.5653533935547,1512500,0.0,0.0
2021-07-20 00:00:00-04:00,225.7245199016248,229.0763330076381,225.5554396831391,227.55458068847656,1206400,0.0,0.0
2021-07-21 00:00:00-04:00,228.36021091479563,235.09364331007154,228.36021091479563,228.81771850585938,2669800,0.0,0.0
2021-07-22 00:00:00-04:00,228.85751114593793,232.34855237002643,228.85751114593793,231.25448608398438,1724100,0.0,0.0
2021-07-23 00:00:00-04:00,232.11978913833093,232.82594674992882,231.03566343481717,231.22463989257812,897200,0.0,0.0
2021-07-26 00:00:00-04:00,244.74128412797089,255.8410262576111,244.1743547162615,250.20162963867188,12773700,0.0,0.0
2021-07-27 00:00:00-04:00,249.50541417034356,258.76515505482337,248.87881116933494,258.1783142089844,7212900,0.0,0.0
2021-07-28 00:00:00-04:00,259.59067539031815,263.76800874461253,256.46761591398337,260.87371826171875,6286300,0.0,0.0
2021-07-29 00:00:00-04:00,262.5744415706424,263.668507814411,260.76426199938777,262.3456726074219,4679500,0.0,0.0
2021-07-30 00:00:00-04:00,261.4787422141825,264.0696881650389,256.58579084346985,259.1269226074219,3738000,0.51,0.0
2021-08-02 00:00:00-04:00,261.01033510826596,261.6580715012183,258.41935912486946,259.0372009277344,1608900,0.0,0.0
2021-08-03 00:00:00-04:00,259.8444119235135,266.4115211200516,259.1468308678076,263.1429138183594,3144200,0.0,0.0
2021-08-04 00:00:00-04:00,261.97698850815743,263.7508052899473,258.34961575686265,258.5090637207031,2895500,0.0,0.0
2021-08-05 00:00:00-04:00,259.63512206006,261.4886474609375,258.3595688689954,261.4886474609375,2883900,0.0,0.0
2021-08-06 00:00:00-04:00,262.6346734063906,262.78417678265805,259.70488165235236,260.6117248535156,2009000,0.0,0.0
2021-08-09 00:00:00-04:00,260.3027744926735,263.35214427369027,259.6151685213083,262.92364501953125,1447500,0.0,0.0
2021-08-10 00:00:00-04:00,264.07963803063905,267.55750730544736,263.5913495637247,266.4314270019531,1527300,0.0,0.0
2021-08-11 00:00:00-04:00,267.1788285643025,272.4305451052738,267.1788285643025,272.2212829589844,1537400,0.0,0.0
2021-08-12 00:00:00-04:00,271.8326307437637,274.463476591327,270.7563949771361,274.044921875,1712400,0.0,0.0
2021-08-13 00:00:00-04:00,275.01155181087614,276.8949719885276,274.35384035486754,276.2771301269531,1618100,0.0,0.0
2021-08-16 00:00:00-04:00,276.0080952979394,278.7884142528981,275.37030339520817,278.69873046875,1538000,0.0,0.0
2021-08-17 00:00:00-04:00,277.9513228613076,280.0938498185078,277.443084362085,279.82476806640625,1758200,0.0,0.0
2021-08-18 00:00:00-04:00,279.47600778582114,279.89453209304094,275.6493173645545,275.7091369628906,1406200,0.0,0.0
2021-08-19 00:00:00-04:00,273.88546694166666,276.81525864667105,273.8057581657027,275.1112060546875,1392000,0.0,0.0
2021-08-20 00:00:00-04:00,275.5795614513422,280.1336663378048,274.7026129007273,278.39971923828125,2187500,0.0,0.0
2021-08-23 00:00:00-04:00,279.66536258406796,281.3096261146976,277.39325174195716,277.5427551269531,1670300,0.0,0.0
2021-08-24 00:00:00-04:00,277.22384470959605,280.72166416268635,276.875054182126,278.5193176269531,1159700,0.0,0.0
2021-08-25 00:00:00-04:00,278.1406455648699,281.5985955856173,277.2138827230225,279.99420166015625,1540300,0.0,0.0
2021-08-26 00:00:00-04:00,281.1601453856304,282.03706360927623,278.798350824626,280.1237487792969,1361900,0.0,0.0
2021-08-27 00:00:00-04:00,280.7515543725457,284.7974514402147,280.3329996637983,284.1397399902344,1391600,0.0,0.0
2021-08-30 00:00:00-04:00,284.5881557620502,287.1492373471889,284.020158507845,284.3489990234375,1306400,0.0,0.0
2021-08-31 00:00:00-04:00,283.9902633613014,287.4183185288105,282.4057891479057,285.86370849609375,1554100,0.0,0.0
2021-09-01 00:00:00-04:00,284.91702989837967,288.21553173911957,282.6848192152804,287.388427734375,1164900,0.0,0.0
2021-09-02 00:00:00-04:00,288.92306018563613,289.570796640706,286.6609548878539,289.56085205078125,1949800,0.0,0.0
2021-09-03 00:00:00-04:00,289.1223737872873,291.1453223137338,288.49455693225394,290.4178466796875,990400,0.0,0.0
2021-09-07 00:00:00-04:00,289.36154213092783,289.8598056343834,285.9534367977827,286.9798583984375,970400,0.0,0.0
2021-09-08 00:00:00-04:00,286.86025598088264,287.9365222027333,285.5448634153639,287.1393127441406,1276000,0.0,0.0
2021-09-09 00:00:00-04:00,288.0461111176935,293.4373257235188,288.0461111176935,291.36456298828125,1495000,0.0,0.0
2021-09-10 00:00:00-04:00,291.67348067169013,293.03871775187804,289.5807679567527,291.2848205566406,988100,0.0,0.0
2021-09-13 00:00:00-04:00,293.9754386426098,294.2046507802316,289.7900134532324,291.533935546875,1076900,0.0,0.0
2021-09-14 00:00:00-04:00,292.3112599485936,292.4906579265698,289.01275791651125,290.6769714355469,1358800,0.0,0.0
2021-09-15 00:00:00-04:00,291.3944475204196,294.05515743201676,288.69386801579344,292.6401062011719,1722800,0.0,0.0
2021-09-16 00:00:00-04:00,292.19165318581685,293.25794430172624,289.7103108571055,291.11541748046875,815400,0.0,0.0
2021-09-17 00:00:00-04:00,288.5842600369082,291.86284249299405,287.8667593561877,288.22552490234375,1683300,0.0,0.0
2021-09-20 00:00:00-04:00,284.4287339697458,287.498023578672,283.13323069453503,287.0097351074219,1446300,0.0,0.0
2021-09-21 00:00:00-04:00,288.22550856733335,291.00579693741145,287.81692885728546,289.9195861816406,1044800,0.0,0.0
2021-09-22 00:00:00-04:00,291.89270566024686,298.8783691459959,291.0057820981914,298.041259765625,1325700,0.0,0.0
2021-09-23 00:00:00-04:00,298.9580808660039,301.2799752462975,296.277420974645,297.2540283203125,1405300,0.0,0.0
2021-09-24 00:00:00-04:00,296.9451423363532,299.6457221359673,295.72937811467574,298.1310119628906,891900,0.0,0.0
2021-09-27 00:00:00-04:00,298.8684211884036,298.9581049705038,290.0092814135473,292.97894287109375,1328700,0.0,0.0
2021-09-28 00:00:00-04:00,291.80303089918254,293.81600440450677,286.8203961133004,288.24542236328125,1166700,0.0,0.0
2021-09-29 00:00:00-04:00,289.2718624461906,292.01231175400477,288.32514961158194,290.2384948730469,752200,0.0,0.0
2021-09-30 00:00:00-04:00,291.1552931647327,291.8827383768198,284.6379983785326,284.7774963378906,1519800,0.0,0.0
2021-10-01 00:00:00-04:00,286.5712722434368,291.8728030999802,284.81737501893457,290.0690612792969,1415300,0.0,0.0
2021-10-04 00:00:00-04:00,287.19908724496014,290.29827154920065,282.5751874691433,284.2892150878906,1376300,0.0,0.0
2021-10-05 00:00:00-04:00,286.6709148945493,292.11194340875994,286.38191357004774,291.1851806640625,1048100,0.0,0.0
2021-10-06 00:00:00-04:00,288.0760239652899,290.78657873641725,285.64452596109436,289.8199462890625,1259000,0.0,0.0
2021-10-07 00:00:00-04:00,291.97241225247757,294.58330791428165,290.8762569708992,292.26141357421875,969300,0.0,0.0
2021-10-08 00:00:00-04:00,292.1219412380725,294.9022296894348,290.8663074783665,293.4772033691406,1005700,0.0,0.0
2021-10-11 00:00:00-04:00,293.1682553719085,296.06815234212047,292.9290986441675,294.1348876953125,1091300,0.0,0.0
2021-10-12 00:00:00-04:00,295.4802096355338,299.785182858717,293.4472861838491,297.6825256347656,788300,0.0,0.0
2021-10-13 00:00:00-04:00,297.9416300087923,299.74534130420733,295.47023229471534,299.6257629394531,774000,0.0,0.0
2021-10-14 00:00:00-04:00,302.2267144617525,307.5381901157516,302.0174523020692,307.27911376953125,930300,0.0,0.0
2021-10-15 00:00:00-04:00,308.85358587830495,310.69716679164134,307.69761098351887,308.22576904296875,1248900,0.0,0.0
2021-10-18 00:00:00-04:00,307.4186131802277,309.3917476441244,303.10366452946727,304.8276672363281,1523800,0.0,0.0
2021-10-19 00:00:00-04:00,306.27261619782195,308.4450378417969,304.53866888347756,308.4450378417969,869300,0.0,0.0
2021-10-20 00:00:00-04:00,308.1161767913571,312.84967990660186,307.0598606343559,312.79986572265625,941300,0.0,0.0
2021-10-21 00:00:00-04:00,313.21839596320166,318.8687173806542,311.20542239048655,318.3006896972656,1320500,0.0,0.0
2021-10-22 00:00:00-04:00,319.03812405257656,320.78204636316866,315.91898956834854,319.705810546875,947600,0.0,0.0
2021-10-25 00:00:00-04:00,319.8453145758396,321.330160565436,317.6928124908904,318.9982604980469,989500,0.0,0.0
2021-10-26 00:00:00-04:00,319.9250168974777,320.85177965163524,317.45361914146895,319.1277770996094,975000,0.0,0.0
2021-10-27 00:00:00-04:00,319.1477418076515,321.19060996136835,315.5403189893902,315.7695007324219,1035800,0.0,0.0
2021-10-28 00:00:00-04:00,315.9787662864061,320.6425357371861,315.9787662864061,319.9648742675781,1905800,0.0,0.0
2021-10-29 00:00:00-04:00,316.6910911129307,325.6341696652119,308.41673080935016,319.3161315917969,1616700,0.51,0.0
2021-11-01 00:00:00-04:00,316.3317341032742,318.238132312789,305.4822579269009,306.25079345703125,1335900,0.0,0.0
2021-11-02 00:00:00-04:00,307.2588970268515,308.3069332527957,301.4798180882719,304.1048583984375,1608000,0.0,0.0
2021-11-03 00:00:00-04:00,305.20280199006027,305.20280199006027,294.03392203379536,294.3333740234375,1882000,0.0,0.0
2021-11-04 00:00:00-04:00,292.20737546142834,296.94840902865957,288.8736839346138,289.45257568359375,2150200,0.0,0.0
2021-11-05 00:00:00-04:00,292.33713719382007,292.4768570819054,285.4501376960881,287.9853515625,1467200,0.0,0.0
2021-11-08 00:00:00-05:00,289.2130641637781,297.43750074593726,288.23490302794926,296.05010986328125,1124100,0.0,0.0
2021-11-09 00:00:00-05:00,294.81245733073285,300.5516036816652,294.55293835723836,296.9683837890625,1369300,0.0,0.0
2021-11-10 00:00:00-05:00,296.3794935788381,300.8510480222903,295.3214968891775,297.15802001953125,1372300,0.0,0.0
2021-11-11 00:00:00-05:00,297.3376806785143,299.64331790750987,294.0439219113701,298.69512939453125,1164000,0.0,0.0
2021-11-12 00:00:00-05:00,299.174197763604,300.4318291210696,297.7967977930413,299.7730712890625,1133400,0.0,0.0
2021-11-15 00:00:00-05:00,299.29397203290205,303.0868174591696,298.0064289578024,299.8728942871094,1108700,0.0,0.0
2021-11-16 00:00:00-05:00,300.4517836711026,307.3487440100398,300.3420059278938,302.30828857421875,1354600,0.0,0.0
2021-11-17 00:00:00-05:00,302.55782010569567,303.7755184658594,299.20414656459985,299.24407958984375,1311500,0.0,0.0
2021-11-18 00:00:00-05:00,299.72318369957475,300.1922977500036,293.5548258650057,294.2734680175781,1280700,0.0,0.0
2021-11-19 00:00:00-05:00,293.6047265451275,299.2640063966609,291.3989068253922,296.2297668457031,1313100,0.0,0.0
2021-11-22 00:00:00-05:00,296.1499198321306,300.26213802094264,293.5248793628717,297.96649169921875,1286100,0.0,0.0
2021-11-23 00:00:00-05:00,298.29586659123504,299.81301698116243,294.23357214551004,296.43939208984375,1148500,0.0,0.0
2021-11-24 00:00:00-05:00,295.46121235081216,298.8647791825136,293.46498761385925,298.1561279296875,1126600,0.0,0.0
2021-11-26 00:00:00-05:00,292.95596652638733,294.6227970985986,286.9972345595581,293.5548095703125,881900,0.0,0.0
2021-11-29 00:00:00-05:00,296.54916452127264,297.54727693466185,291.49871814632127,296.1299743652344,1250300,0.0,0.0
2021-11-30 00:00:00-05:00,294.1936367333963,297.4674442630399,292.44693999282487,295.2117004394531,5147800,0.0,0.0
2021-12-01 00:00:00-05:00,297.93655108892966,301.19040725672374,290.33093948246625,290.56048583984375,1434900,0.0,0.0
2021-12-02 00:00:00-05:00,290.68028101793914,298.35576769984414,290.68028101793914,296.7388000488281,1473600,0.0,0.0
2021-12-03 00:00:00-05:00,298.61526332692347,299.01450219867945,289.831886308398,292.337158203125,1431700,0.0,0.0
2021-12-06 00:00:00-05:00,294.86237844279464,297.716965284385,293.1855264621681,296.9184875488281,881100,0.0,0.0
2021-12-07 00:00:00-05:00,299.6333479022217,302.23840658664676,297.7069678641144,300.1423645019531,955700,0.0,0.0
2021-12-08 00:00:00-05:00,301.2702433106396,303.3463341612571,299.064423434335,300.3719482421875,790200,0.0,0.0
2021-12-09 00:00:00-05:00,298.9047069587192,300.0026366367634,294.8823154027717,294.94219970703125,1008500,0.0,0.0
2021-12-10 00:00:00-05:00,297.13806325413003,297.13806325413003,290.939763536099,293.1855163574219,1412600,0.0,0.0
2021-12-13 00:00:00-05:00,293.1655751505849,295.71074958489567,291.04958173759394,293.2554016113281,1072200,0.0,0.0
2021-12-14 00:00:00-05:00,291.90794468318916,295.7406926532882,290.2011810038421,293.5947570800781,1298200,0.0,0.0
2021-12-15 00:00:00-05:00,293.61473462151525,295.60096852672245,290.6503396103407,295.3514404296875,1472200,0.0,0.0
2021-12-16 00:00:00-05:00,296.0900263199417,297.75688736813396,292.7164016602267,294.5729064941406,1544000,0.0,0.0
2021-12-17 00:00:00-05:00,294.39325053860716,294.83242241048214,289.1831028404283,291.8280944824219,2912300,0.0,0.0
2021-12-20 00:00:00-05:00,289.28288817841934,290.65032768042084,286.28855113690395,289.9715881347656,1461900,0.0,0.0
2021-12-21 00:00:00-05:00,291.86804505457854,295.5710335760206,290.0914061787948,292.676513671875,1209100,0.0,0.0
2021-12-22 00:00:00-05:00,292.76633593517084,294.38327314657494,291.79816569056834,293.4649963378906,714200,0.0,0.0
2021-12-23 00:00:00-05:00,294.44313952516313,295.6209047728707,291.0795058218101,291.8580322265625,1378000,0.0,0.0
2021-12-27 00:00:00-05:00,293.7843927434365,298.1361785367502,291.67839025339526,297.8666687011719,506100,0.0,0.0
2021-12-28 00:00:00-05:00,298.12620453550306,300.71131207731867,296.13997054444974,296.43939208984375,587500,0.0,0.0
2021-12-29 00:00:00-05:00,295.90039124458906,301.13052089217643,295.1019135148674,300.1124267578125,841600,0.0,0.0
2021-12-30 00:00:00-05:00,301.4099734534863,302.986977538121,299.25404715780417,299.2640075683594,476900,0.0,0.0
2021-12-31 00:00:00-05:00,298.1661130668717,302.27833107232175,297.1979428696684,299.9926452636719,687000,0.0,0.0
2022-01-03 00:00:00-05:00,299.6133647051822,299.9527192566792,292.1475036523045,292.68646240234375,808700,0.0,0.0
2022-01-04 00:00:00-05:00,293.4949221228957,294.38325672849106,289.6222718204408,293.7145080566406,1136700,0.0,0.0
2022-01-05 00:00:00-05:00,293.2154655054612,294.70267367762204,290.37086956523063,292.4469299316406,1316400,0.0,0.0
2022-01-06 00:00:00-05:00,288.81379736824005,292.9559883098799,287.20685098093264,289.95166015625,1317200,0.0,0.0
2022-01-07 00:00:00-05:00,289.7021164703514,289.94165369285156,282.0266298796966,282.2462158203125,1263900,0.0,0.0
2022-01-10 00:00:00-05:00,280.59932901637615,282.0964975370398,275.92817054229874,281.4676818847656,1517500,0.0,0.0
2022-01-11 00:00:00-05:00,281.73717838043393,289.0833015409321,278.77278331090776,287.1569519042969,1351500,0.0,0.0
2022-01-12 00:00:00-05:00,288.17501559464915,290.3908263583351,286.82755775214207,287.1569519042969,1179100,0.0,0.0
2022-01-13 00:00:00-05:00,286.61794174509185,287.8855334448253,279.22192568828603,279.900634765625,1006800,0.0,0.0
2022-01-14 00:00:00-05:00,278.36357158302377,278.36357158302377,268.9812910013238,272.933837890625,1628100,0.0,0.0
2022-01-18 00:00:00-05:00,270.4884616736231,273.8520956038654,266.5558963623083,272.165283203125,1375300,0.0,0.0
2022-01-19 00:00:00-05:00,273.73233325672834,275.48902087641534,269.88959431865004,270.1191711425781,1098900,0.0,0.0
2022-01-20 00:00:00-05:00,270.1191557384993,275.0697845680558,269.5102913532265,269.7398681640625,1204500,0.0,0.0
2022-01-21 00:00:00-05:00,270.9675604747511,272.7940927317184,265.0786730520211,265.9171142578125,1600400,0.0,0.0
2022-01-24 00:00:00-05:00,264.869083879196,274.9799674092555,263.39189701508275,273.1334533691406,2260200,0.0,0.0
2022-01-25 00:00:00-05:00,269.6899713635491,270.82780361268607,263.2421435985427,267.20465087890625,1534900,0.0,0.0
2022-01-26 00:00:00-05:00,268.10293866995704,273.39295230144,264.8391223124361,267.1846923828125,1121500,0.0,0.0
2022-01-27 00:00:00-05:00,268.7417646939549,271.43668036791144,260.4075200311356,261.38568115234375,1168000,0.0,0.0
2022-01-28 00:00:00-05:00,262.58337925148095,269.7199068028057,259.0999769553313,269.66998291015625,1047200,0.0,0.0
2022-01-31 00:00:00-05:00,269.3599853515625,276.5799865722656,268.739990234375,276.44000244140625,962300,0.51,0.0
2022-02-01 00:00:00-05:00,275.05999755859375,277.4200134277344,272.42999267578125,276.80999755859375,864600,0.0,0.0
2022-02-02 00:00:00-05:00,276.80999755859375,279.07000732421875,275.8999938964844,278.6300048828125,1348600,0.0,0.0
2022-02-03 00:00:00-05:00,277.4100036621094,278.9700012207031,275.3399963378906,276.5,1046200,0.0,0.0
2022-02-04 00:00:00-05:00,280.2699890136719,296.3699951171875,276.8299865722656,291.30999755859375,2443300,0.0,0.0
2022-02-07 00:00:00-05:00,289.0299987792969,289.989990234375,285.6700134277344,286.1199951171875,1211300,0.0,0.0
2022-02-08 00:00:00-05:00,284.3500061035156,288.92999267578125,277.2699890136719,287.9100036621094,1334500,0.0,0.0
2022-02-09 00:00:00-05:00,290.3299865722656,295.8500061035156,289.1600036621094,293.7699890136719,867200,0.0,0.0
2022-02-10 00:00:00-05:00,289.3299865722656,294.0299987792969,285.6400146484375,287.2799987792969,1152200,0.0,0.0
2022-02-11 00:00:00-05:00,287.010009765625,289.80999755859375,281.5799865722656,283.4200134277344,1190400,0.0,0.0
2022-02-14 00:00:00-05:00,283.7200012207031,284.510009765625,277.57000732421875,279.8800048828125,1237000,0.0,0.0
2022-02-15 00:00:00-05:00,283.95001220703125,287.7099914550781,280.55999755859375,284.5199890136719,1006300,0.0,0.0
2022-02-16 00:00:00-05:00,284.0,285.9100036621094,280.6199951171875,285.04998779296875,829300,0.0,0.0
2022-02-17 00:00:00-05:00,282.42999267578125,283.05999755859375,278.6499938964844,281.0400085449219,1112500,0.0,0.0
2022-02-18 00:00:00-05:00,280.7099914550781,285.1499938964844,279.42999267578125,283.79998779296875,932100,0.0,0.0
2022-02-22 00:00:00-05:00,284.510009765625,286.8399963378906,281.9200134277344,285.2900085449219,1402200,0.0,0.0
2022-02-23 00:00:00-05:00,285.75,286.3299865722656,279.3500061035156,280.25,1358700,0.0,0.0
2022-02-24 00:00:00-05:00,275.3500061035156,288.9200134277344,273.20001220703125,288.1300048828125,1727300,0.0,0.0
2022-02-25 00:00:00-05:00,288.29998779296875,293.010009765625,286.9700012207031,292.95001220703125,1197400,0.0,0.0
2022-02-28 00:00:00-05:00,288.5,292.489990234375,287.239990234375,292.1400146484375,1384200,0.0,0.0
2022-03-01 00:00:00-05:00,292.4200134277344,295.0,288.07000732421875,289.8399963378906,2249700,0.0,0.0
2022-03-02 00:00:00-05:00,291.5,294.5199890136719,288.55999755859375,292.8399963378906,1404700,0.0,0.0
2022-03-03 00:00:00-05:00,295.45001220703125,296.8999938964844,291.6600036621094,294.2099914550781,1486500,0.0,0.0
2022-03-04 00:00:00-05:00,291.6099853515625,295.25,289.80999755859375,293.739990234375,1360300,0.0,0.0
2022-03-07 00:00:00-05:00,290.19000244140625,292.42999267578125,288.2200012207031,288.3800048828125,2313300,0.0,0.0
2022-03-08 00:00:00-05:00,286.3900146484375,289.95001220703125,276.7900085449219,276.92999267578125,1363600,0.0,0.0
2022-03-09 00:00:00-05:00,281.2099914550781,293.67999267578125,280.8299865722656,291.0,1383500,0.0,0.0
2022-03-10 00:00:00-05:00,286.20001220703125,295.44000244140625,286.20001220703125,293.6000061035156,1350400,0.0,0.0
2022-03-11 00:00:00-05:00,294.70001220703125,299.07000732421875,293.9200134277344,295.3299865722656,1252200,0.0,0.0
2022-03-14 00:00:00-04:00,296.04998779296875,300.7799987792969,295.6499938964844,297.260009765625,1808400,0.0,0.0
2022-03-15 00:00:00-04:00,299.7200012207031,307.7099914550781,297.5,307.6199951171875,1600500,0.0,0.0
2022-03-16 00:00:00-04:00,308.30999755859375,313.17999267578125,304.69000244140625,309.5199890136719,1582000,0.0,0.0
2022-03-17 00:00:00-04:00,308.5299987792969,316.42999267578125,308.4800109863281,315.92999267578125,1536600,0.0,0.0
2022-03-18 00:00:00-04:00,315.3599853515625,320.1600036621094,313.0400085449219,318.3800048828125,2512800,0.0,0.0
2022-03-21 00:00:00-04:00,318.2200012207031,322.5799865722656,316.42999267578125,317.8999938964844,2011500,0.0,0.0
2022-03-22 00:00:00-04:00,314.1499938964844,316.57000732421875,307.9100036621094,315.239990234375,1956800,0.0,0.0
2022-03-23 00:00:00-04:00,313.1099853515625,317.5199890136719,312.1700134277344,313.7699890136719,943500,0.0,0.0
2022-03-24 00:00:00-04:00,314.6300048828125,317.54998779296875,314.05999755859375,317.3699951171875,587900,0.0,0.0
2022-03-25 00:00:00-04:00,318.1099853515625,322.9599914550781,317.2900085449219,322.94000244140625,887600,0.0,0.0
2022-03-28 00:00:00-04:00,322.94000244140625,327.0799865722656,321.6600036621094,326.2200012207031,1255000,0.0,0.0
2022-03-29 00:00:00-04:00,329.5799865722656,329.5799865722656,325.3699951171875,325.9800109863281,1318100,0.0,0.0
2022-03-30 00:00:00-04:00,326.4599914550781,327.0,323.5,326.3900146484375,889700,0.0,0.0
2022-03-31 00:00:00-04:00,327.5799865722656,331.1099853515625,325.5299987792969,325.6300048828125,1344000,0.0,0.0
2022-04-01 00:00:00-04:00,326.2900085449219,331.8999938964844,325.9200134277344,328.8299865722656,943800,0.0,0.0
2022-04-04 00:00:00-04:00,329.30999755859375,330.8299865722656,325.80999755859375,326.7300109863281,730400,0.0,0.0
2022-04-05 00:00:00-04:00,326.05999755859375,331.55999755859375,325.6700134277344,325.9700012207031,941500,0.0,0.0
2022-04-06 00:00:00-04:00,325.2200012207031,330.69000244140625,323.9200134277344,330.4599914550781,828300,0.0,0.0
2022-04-07 00:00:00-04:00,330.32000732421875,334.6300048828125,328.0,333.489990234375,842800,0.0,0.0
2022-04-08 00:00:00-04:00,333.80999755859375,336.4100036621094,332.3900146484375,333.510009765625,692900,0.0,0.0
2022-04-11 00:00:00-04:00,333.0,335.3500061035156,330.8699951171875,333.6099853515625,804200,0.0,0.0
2022-04-12 00:00:00-04:00,334.510009765625,335.1099853515625,328.2300109863281,329.2900085449219,715300,0.0,0.0
2022-04-13 00:00:00-04:00,328.5899963378906,331.8599853515625,328.2699890136719,330.1000061035156,728800,0.0,0.0
2022-04-14 00:00:00-04:00,331.0199890136719,332.9599914550781,328.19000244140625,328.260009765625,788500,0.0,0.0
2022-04-18 00:00:00-04:00,328.44000244140625,332.6499938964844,326.92999267578125,329.04998779296875,930900,0.0,0.0
2022-04-19 00:00:00-04:00,328.489990234375,331.30999755859375,326.4800109863281,330.7900085449219,720000,0.0,0.0
2022-04-20 00:00:00-04:00,332.3500061035156,334.44000244140625,330.3299865722656,333.2200012207031,946500,0.0,0.0
2022-04-21 00:00:00-04:00,335.0,341.9800109863281,332.6300048828125,333.4599914550781,1012200,0.0,0.0
2022-04-22 00:00:00-04:00,331.70001220703125,333.3800048828125,321.2200012207031,321.6400146484375,1049000,0.0,0.0
2022-04-25 00:00:00-04:00,319.3699951171875,321.8299865722656,314.2900085449219,321.44000244140625,1114500,0.0,0.0
2022-04-26 00:00:00-04:00,320.2300109863281,320.3900146484375,310.2300109863281,310.2699890136719,1116400,0.0,0.0
2022-04-27 00:00:00-04:00,310.8999938964844,315.1199951171875,309.5199890136719,311.2200012207031,847100,0.0,0.0
2022-04-28 00:00:00-04:00,313.739990234375,320.2099914550781,306.8500061035156,318.0,1114300,0.0,0.0
2022-04-29 00:00:00-04:00,314.3599853515625,314.3599853515625,286.95001220703125,287.989990234375,1928600,0.0,0.0
2022-05-02 00:00:00-04:00,289.94000244140625,294.9800109863281,274.3999938964844,282.1199951171875,1467600,0.0,0.0
2022-05-03 00:00:00-04:00,282.8699951171875,287.8599853515625,280.8500061035156,284.54998779296875,1244300,0.0,0.0
2022-05-04 00:00:00-04:00,284.4599914550781,292.3599853515625,279.69000244140625,292.1000061035156,814400,0.0,0.0
2022-05-05 00:00:00-04:00,288.95001220703125,291.010009765625,281.0,286.54998779296875,1055800,0.0,0.0
2022-05-06 00:00:00-04:00,284.29998779296875,288.3500061035156,281.3699951171875,286.2900085449219,983500,0.0,0.0
2022-05-09 00:00:00-04:00,283.3299865722656,284.04998779296875,274.2200012207031,275.0899963378906,1133100,0.0,0.0
2022-05-10 00:00:00-04:00,278.95001220703125,284.6700134277344,276.45001220703125,279.17999267578125,1027400,0.0,0.0
2022-05-11 00:00:00-04:00,277.8500061035156,282.5799865722656,274.2099914550781,275.04998779296875,808300,0.0,0.0
2022-05-12 00:00:00-04:00,275.05999755859375,280.0,271.1199951171875,275.739990234375,789800,0.0,0.0
2022-05-13 00:00:00-04:00,277.0799865722656,284.6199951171875,275.3399963378906,280.6000061035156,816000,0.0,0.0
2022-05-16 00:00:00-04:00,279.760009765625,282.1300048828125,277.3599853515625,277.82000732421875,618200,0.0,0.0
2022-05-17 00:00:00-04:00,281.4100036621094,281.4100036621094,275.7699890136719,279.0299987792969,600100,0.0,0.0
2022-05-18 00:00:00-04:00,277.0899963378906,277.9100036621094,268.5199890136719,269.489990234375,1032400,0.0,0.0
2022-05-19 00:00:00-04:00,267.5199890136719,268.260009765625,262.5199890136719,266.6600036621094,756500,0.0,0.0
2022-05-20 00:00:00-04:00,267.760009765625,269.010009765625,255.89999389648438,262.7099914550781,1403800,0.0,0.0
2022-05-23 00:00:00-04:00,264.70001220703125,267.8599853515625,258.7699890136719,266.4800109863281,872600,0.0,0.0
2022-05-24 00:00:00-04:00,265.010009765625,269.3900146484375,262.8800048828125,268.1400146484375,767700,0.0,0.0
2022-05-25 00:00:00-04:00,265.3999938964844,269.2900085449219,262.6400146484375,265.239990234375,925200,0.0,0.0
2022-05-26 00:00:00-04:00,268.32000732421875,274.20001220703125,265.8900146484375,272.739990234375,1266800,0.0,0.0
2022-05-27 00:00:00-04:00,273.75,281.67999267578125,273.0899963378906,281.67999267578125,1170500,0.0,0.0
2022-05-31 00:00:00-04:00,278.4200134277344,280.70001220703125,273.7900085449219,275.6700134277344,3664600,0.0,0.0
2022-06-01 00:00:00-04:00,276.70001220703125,279.07000732421875,268.9700012207031,270.5899963378906,825200,0.0,0.0
2022-06-02 00:00:00-04:00,270.2799987792969,278.8500061035156,266.3299865722656,278.6300048828125,780500,0.0,0.0
2022-06-03 00:00:00-04:00,270.7200012207031,274.6300048828125,268.20001220703125,268.5799865722656,768300,0.0,0.0
2022-06-06 00:00:00-04:00,271.07000732421875,274.2799987792969,268.7300109863281,271.8900146484375,593400,0.0,0.0
2022-06-07 00:00:00-04:00,268.4100036621094,271.8599853515625,267.80999755859375,270.6199951171875,710700,0.0,0.0
2022-06-08 00:00:00-04:00,268.6000061035156,272.05999755859375,266.5299987792969,266.79998779296875,724800,0.0,0.0
2022-06-09 00:00:00-04:00,266.6099853515625,268.2300109863281,259.0199890136719,259.1099853515625,932000,0.0,0.0
2022-06-10 00:00:00-04:00,256.1600036621094,256.6300048828125,253.39999389648438,253.63999938964844,724500,0.0,0.0
2022-06-13 00:00:00-04:00,248.66000366210938,256.0,246.6199951171875,253.1300048828125,1315700,0.0,0.0
2022-06-14 00:00:00-04:00,252.6300048828125,255.17999267578125,248.86000061035156,251.1300048828125,791000,0.0,0.0
2022-06-15 00:00:00-04:00,254.66000366210938,257.32000732421875,250.2100067138672,253.1300048828125,896700,0.0,0.0
2022-06-16 00:00:00-04:00,247.75999450683594,251.47999572753906,246.2100067138672,248.5,1018200,0.0,0.0
2022-06-17 00:00:00-04:00,248.5,252.1999969482422,246.7899932861328,251.64999389648438,1856900,0.0,0.0
2022-06-21 00:00:00-04:00,255.30999755859375,256.7699890136719,253.66000366210938,254.75999450683594,911500,0.0,0.0
2022-06-22 00:00:00-04:00,252.33999633789062,260.1300048828125,251.47999572753906,257.04998779296875,930900,0.0,0.0
2022-06-23 00:00:00-04:00,259.3699951171875,264.8299865722656,256.9800109863281,263.989990234375,1092400,0.0,0.0
2022-06-24 00:00:00-04:00,266.0400085449219,271.8999938964844,263.6400146484375,271.739990234375,1890900,0.0,0.0
2022-06-27 00:00:00-04:00,272.30999755859375,273.3999938964844,269.1400146484375,271.5199890136719,561900,0.0,0.0
2022-06-28 00:00:00-04:00,272.17999267578125,275.8900146484375,265.55999755859375,265.6600036621094,538800,0.0,0.0
2022-06-29 00:00:00-04:00,265.6199951171875,269.70001220703125,263.80999755859375,268.8800048828125,776300,0.0,0.0
2022-06-30 00:00:00-04:00,266.69000244140625,271.0299987792969,264.54998779296875,269.67999267578125,860000,0.0,0.0
2022-07-01 00:00:00-04:00,269.44000244140625,274.3800048828125,268.4200134277344,273.9200134277344,629000,0.0,0.0
2022-07-05 00:00:00-04:00,272.05999755859375,276.5899963378906,269.5899963378906,275.9700012207031,682200,0.0,0.0
2022-07-06 00:00:00-04:00,276.8800048828125,281.8999938964844,275.1700134277344,279.6099853515625,850200,0.0,0.0
2022-07-07 00:00:00-04:00,279.2900085449219,280.0,271.489990234375,274.29998779296875,1123000,0.0,0.0
2022-07-08 00:00:00-04:00,274.17999267578125,276.739990234375,273.0199890136719,274.3699951171875,500400,0.0,0.0
2022-07-11 00:00:00-04:00,273.55999755859375,276.7699890136719,273.42999267578125,274.0400085449219,545400,0.0,0.0
2022-07-12 00:00:00-04:00,272.82000732421875,277.2900085449219,269.0899963378906,270.55999755859375,753600,0.0,0.0
2022-07-13 00:00:00-04:00,266.8699951171875,272.92999267578125,266.8699951171875,269.44000244140625,789800,0.0,0.0
2022-07-14 00:00:00-04:00,264.1400146484375,269.1000061035156,262.4200134277344,268.5899963378906,928900,0.0,0.0
2022-07-15 00:00:00-04:00,272.17999267578125,275.1199951171875,271.010009765625,271.6000061035156,2291800,0.0,0.0
2022-07-18 00:00:00-04:00,272.1300048828125,273.54998779296875,266.3299865722656,267.1000061035156,658500,0.0,0.0
2022-07-19 00:00:00-04:00,270.0,276.07000732421875,269.7799987792969,275.69000244140625,853700,0.0,0.0
2022-07-20 00:00:00-04:00,276.9200134277344,278.54998779296875,274.1400146484375,275.2699890136719,1115000,0.0,0.0
2022-07-21 00:00:00-04:00,276.7699890136719,281.1700134277344,275.2699890136719,280.6700134277344,888500,0.0,0.0
2022-07-22 00:00:00-04:00,280.6700134277344,284.2200012207031,277.239990234375,279.489990234375,918700,0.0,0.0
2022-07-25 00:00:00-04:00,279.7099914550781,283.7699890136719,278.2799987792969,281.1600036621094,789900,0.0,0.0
2022-07-26 00:00:00-04:00,280.5400085449219,282.1499938964844,278.2300109863281,279.239990234375,534300,0.0,0.0
2022-07-27 00:00:00-04:00,278.8399963378906,287.7300109863281,278.8399963378906,286.05999755859375,728500,0.0,0.0
2022-07-28 00:00:00-04:00,287.07000732421875,294.2900085449219,283.80999755859375,292.760009765625,923800,0.0,0.0
2022-07-29 00:00:00-04:00,292.0,297.45001220703125,290.5299987792969,291.0400085449219,1293900,0.0,0.0
2022-08-01 00:00:00-04:00,286.989990234375,288.8399963378906,279.3299865722656,280.3399963378906,849400,0.0,0.0
2022-08-02 00:00:00-04:00,279.0299987792969,285.2099914550781,278.2799987792969,280.260009765625,1086700,0.0,0.0
2022-08-03 00:00:00-04:00,280.7900085449219,287.79998779296875,280.57000732421875,286.0299987792969,843500,0.0,0.0
2022-08-04 00:00:00-04:00,285.75,287.0199890136719,283.5,285.75,740900,0.0,0.0
2022-08-05 00:00:00-04:00,284.1099853515625,287.6300048828125,283.2099914550781,287.5299987792969,561200,0.0,0.0
2022-08-08 00:00:00-04:00,288.760009765625,291.44000244140625,288.2099914550781,289.8299865722656,529600,0.0,0.0
2022-08-09 00:00:00-04:00,289.3699951171875,294.3699951171875,288.6099853515625,293.4200134277344,667900,0.0,0.0
2022-08-10 00:00:00-04:00,297.6700134277344,299.8800048828125,294.760009765625,297.7200012207031,943100,0.0,0.0
2022-08-11 00:00:00-04:00,299.6600036621094,302.3299865722656,294.6499938964844,296.69000244140625,741000,0.0,0.0
2022-08-12 00:00:00-04:00,299.55999755859375,302.0299987792969,297.95001220703125,301.4800109863281,702600,0.0,0.0
2022-08-15 00:00:00-04:00,299.8699951171875,301.7799987792969,298.9599914550781,300.67999267578125,1078000,0.0,0.0
2022-08-16 00:00:00-04:00,299.260009765625,302.5899963378906,299.1400146484375,301.0,757000,0.0,0.0
2022-08-17 00:00:00-04:00,298.7799987792969,301.79998779296875,297.739990234375,300.3999938964844,513100,0.0,0.0
2022-08-18 00:00:00-04:00,301.1199951171875,303.2900085449219,298.6499938964844,302.57000732421875,644900,0.0,0.0
2022-08-19 00:00:00-04:00,301.8900146484375,301.9599914550781,298.0899963378906,299.8699951171875,681900,0.0,0.0
2022-08-22 00:00:00-04:00,297.0,298.2799987792969,292.3999938964844,292.75,660300,0.0,0.0
2022-08-23 00:00:00-04:00,291.7200012207031,292.9100036621094,286.3299865722656,286.69000244140625,780000,0.0,0.0
2022-08-24 00:00:00-04:00,286.9700012207031,288.55999755859375,285.260009765625,287.32000732421875,712700,0.0,0.0
2022-08-25 00:00:00-04:00,288.57000732421875,290.3599853515625,286.2200012207031,290.239990234375,717200,0.0,0.0
2022-08-26 00:00:00-04:00,292.2200012207031,292.5199890136719,285.69000244140625,285.8699951171875,856500,0.0,0.0
2022-08-29 00:00:00-04:00,283.3399963378906,285.17999267578125,280.8399963378906,282.8999938964844,512400,0.0,0.0
2022-08-30 00:00:00-04:00,282.8999938964844,284.2099914550781,279.54998779296875,282.1199951171875,620300,0.0,0.0
2022-08-31 00:00:00-04:00,283.5299987792969,285.57000732421875,278.760009765625,279.260009765625,825900,0.0,0.0
2022-09-01 00:00:00-04:00,279.5199890136719,280.9599914550781,275.2799987792969,280.7799987792969,661000,0.0,0.0
2022-09-02 00:00:00-04:00,283.0199890136719,286.0799865722656,276.9599914550781,278.3399963378906,534600,0.0,0.0
2022-09-06 00:00:00-04:00,278.69000244140625,282.42999267578125,278.20001220703125,281.2300109863281,823700,0.0,0.0
2022-09-07 00:00:00-04:00,281.9800109863281,288.8599853515625,281.44000244140625,288.57000732421875,493600,0.0,0.0
2022-09-08 00:00:00-04:00,287.4100036621094,292.2799987792969,286.1499938964844,290.95001220703125,722300,0.0,0.0
2022-09-09 00:00:00-04:00,291.04998779296875,294.0199890136719,289.69000244140625,292.0899963378906,701100,0.0,0.0
2022-09-12 00:00:00-04:00,292.07000732421875,294.3699951171875,291.3299865722656,294.010009765625,694800,0.0,0.0
2022-09-13 00:00:00-04:00,289.04998779296875,289.2900085449219,283.2799987792969,284.0400085449219,756500,0.0,0.0
2022-09-14 00:00:00-04:00,284.1499938964844,285.70001220703125,282.1199951171875,283.7699890136719,858800,0.0,0.0
2022-09-15 00:00:00-04:00,284.6300048828125,284.6300048828125,279.8500061035156,280.1300048828125,1065000,0.0,0.0
2022-09-16 00:00:00-04:00,277.6000061035156,279.989990234375,275.07000732421875,277.1199951171875,1571400,0.0,0.0
2022-09-19 00:00:00-04:00,275.80999755859375,278.7799987792969,275.05999755859375,278.7099914550781,612500,0.0,0.0
2022-09-20 00:00:00-04:00,276.3599853515625,277.8800048828125,272.8800048828125,276.2200012207031,596700,0.0,0.0
2022-09-21 00:00:00-04:00,277.6300048828125,281.7099914550781,272.8399963378906,272.989990234375,863700,0.0,0.0
2022-09-22 00:00:00-04:00,272.7699890136719,273.92999267578125,268.1000061035156,272.2200012207031,1052500,0.0,0.0
2022-09-23 00:00:00-04:00,272.2799987792969,275.70001220703125,270.17999267578125,273.9200134277344,1238100,0.0,0.0
2022-09-26 00:00:00-04:00,273.5199890136719,274.7699890136719,269.1600036621094,269.8299865722656,849800,0.0,0.0
2022-09-27 00:00:00-04:00,272.92999267578125,273.4200134277344,268.0400085449219,270.9700012207031,767200,0.0,0.0
2022-09-28 00:00:00-04:00,274.0,276.7099914550781,272.0199890136719,275.2699890136719,912200,0.0,0.0
2022-09-29 00:00:00-04:00,274.5400085449219,274.5400085449219,269.4599914550781,270.95001220703125,664200,0.0,0.0
2022-09-30 00:00:00-04:00,270.8699951171875,272.95001220703125,267.760009765625,267.8699951171875,789700,0.0,0.0
2022-10-03 00:00:00-04:00,269.3699951171875,276.8800048828125,267.05999755859375,275.5899963378906,635700,0.0,0.0
2022-10-04 00:00:00-04:00,278.0899963378906,284.7799987792969,277.9100036621094,284.32000732421875,756100,0.0,0.0
2022-10-05 00:00:00-04:00,281.7799987792969,284.489990234375,280.04998779296875,282.7799987792969,813700,0.0,0.0
2022-10-06 00:00:00-04:00,282.3900146484375,283.3699951171875,279.69000244140625,280.7200012207031,675800,0.0,0.0
2022-10-07 00:00:00-04:00,278.8500061035156,278.8500061035156,270.9200134277344,273.1099853515625,601500,0.0,0.0
2022-10-10 00:00:00-04:00,274.9599914550781,280.1499938964844,274.260009765625,279.5899963378906,725100,0.0,0.0
2022-10-11 00:00:00-04:00,279.6099853515625,280.6300048828125,274.3999938964844,276.2300109863281,649000,0.0,0.0
2022-10-12 00:00:00-04:00,277.5299987792969,279.8599853515625,273.6700134277344,273.8699951171875,597700,0.0,0.0
2022-10-13 00:00:00-04:00,268.1300048828125,282.6099853515625,266.3500061035156,281.5,870000,0.0,0.0
2022-10-14 00:00:00-04:00,284.5899963378906,285.6000061035156,270.29998779296875,270.80999755859375,910600,0.0,0.0
2022-10-17 00:00:00-04:00,274.94000244140625,280.1300048828125,274.3399963378906,277.510009765625,870600,0.0,0.0
2022-10-18 00:00:00-04:00,284.19000244140625,284.4599914550781,276.3900146484375,280.3299865722656,703400,0.0,0.0
2022-10-19 00:00:00-04:00,278.05999755859375,282.0,277.2799987792969,280.92999267578125,844200,0.0,0.0
2022-10-20 00:00:00-04:00,280.9800109863281,280.9800109863281,272.6499938964844,273.7200012207031,917200,0.0,0.0
2022-10-21 00:00:00-04:00,273.6000061035156,281.19000244140625,270.3699951171875,280.1199951171875,1633400,0.0,0.0
2022-10-24 00:00:00-04:00,282.7799987792969,286.1400146484375,281.94000244140625,284.510009765625,783300,0.0,0.0
2022-10-25 00:00:00-04:00,283.25,283.25,277.07000732421875,280.0,949200,0.0,0.0
2022-10-26 00:00:00-04:00,280.6600036621094,282.5,276.5799865722656,277.1300048828125,1144800,0.0,0.0
2022-10-27 00:00:00-04:00,279.3599853515625,283.79998779296875,277.92999267578125,282.32000732421875,965200,0.0,0.0
2022-10-28 00:00:00-04:00,277.20001220703125,290.0,273.0199890136719,289.20001220703125,1248900,0.0,0.0
2022-10-31 00:00:00-04:00,285.5,286.9800109863281,281.4700012207031,281.489990234375,1130200,0.0,0.0
2022-11-01 00:00:00-04:00,283.2900085449219,286.57000732421875,281.80999755859375,284.489990234375,816100,0.0,0.0
2022-11-02 00:00:00-04:00,283.2099914550781,286.760009765625,278.8699951171875,279.1300048828125,713500,0.0,0.0
2022-11-03 00:00:00-04:00,277.5400085449219,280.7799987792969,275.8699951171875,276.3900146484375,517300,0.0,0.0
2022-11-04 00:00:00-04:00,279.20001220703125,279.7300109863281,274.3399963378906,279.7099914550781,576300,0.0,0.0
2022-11-07 00:00:00-05:00,281.7699890136719,288.2900085449219,278.7300109863281,287.1000061035156,595300,0.0,0.0
2022-11-08 00:00:00-05:00,287.5400085449219,289.1499938964844,282.5400085449219,286.7799987792969,776000,0.0,0.0
2022-11-09 00:00:00-05:00,286.260009765625,287.3500061035156,280.82000732421875,281.1000061035156,680200,0.0,0.0
2022-11-10 00:00:00-05:00,290.0,296.4200134277344,288.17999267578125,296.3800048828125,998100,0.0,0.0
2022-11-11 00:00:00-05:00,298.7200012207031,298.7200012207031,291.25,293.0,739500,0.0,0.0
2022-11-14 00:00:00-05:00,291.82000732421875,298.6099853515625,291.29998779296875,291.32000732421875,579700,0.0,0.0
2022-11-15 00:00:00-05:00,294.3299865722656,297.5799865722656,289.6400146484375,291.8900146484375,613800,0.0,0.0
2022-11-16 00:00:00-05:00,291.75,294.2699890136719,290.5799865722656,293.4599914550781,578900,0.0,0.0
2022-11-17 00:00:00-05:00,291.2300109863281,295.8500061035156,288.44000244140625,295.7799987792969,719000,0.0,0.0
2022-11-18 00:00:00-05:00,299.239990234375,302.05999755859375,297.2799987792969,301.32000732421875,875700,0.0,0.0
2022-11-21 00:00:00-05:00,301.6199951171875,304.7900085449219,299.04998779296875,301.70001220703125,607400,0.0,0.0
2022-11-22 00:00:00-05:00,302.4200134277344,304.07000732421875,300.8699951171875,303.7900085449219,834300,0.0,0.0
2022-11-23 00:00:00-05:00,303.7900085449219,305.4800109863281,302.6300048828125,304.239990234375,493100,0.0,0.0
2022-11-25 00:00:00-05:00,304.8299865722656,308.1400146484375,302.57000732421875,307.0799865722656,263000,0.0,0.0
2022-11-28 00:00:00-05:00,305.260009765625,308.0899963378906,304.7200012207031,305.2699890136719,930400,0.0,0.0
2022-11-29 00:00:00-05:00,304.239990234375,306.9100036621094,302.17999267578125,302.7300109863281,718800,0.0,0.0
2022-11-30 00:00:00-05:00,301.510009765625,309.0,300.75,308.2799987792969,1320000,0.0,0.0
2022-12-01 00:00:00-05:00,310.0,310.0,302.3599853515625,303.07000732421875,1023300,0.0,0.0
2022-12-02 00:00:00-05:00,300.0199890136719,307.92999267578125,299.5799865722656,306.7799987792969,807600,0.0,0.0
2022-12-05 00:00:00-05:00,305.25,311.45001220703125,305.25,308.739990234375,980000,0.0,0.0
2022-12-06 00:00:00-05:00,309.0400085449219,310.260009765625,307.44000244140625,307.9599914550781,859000,0.0,0.0
2022-12-07 00:00:00-05:00,308.0,309.260009765625,303.42999267578125,304.1400146484375,788600,0.0,0.0
2022-12-08 00:00:00-05:00,303.30999755859375,306.67999267578125,302.6300048828125,306.57000732421875,1000800,0.0,0.0
2022-12-09 00:00:00-05:00,306.5,308.3500061035156,305.1199951171875,305.67999267578125,698200,0.0,0.0
2022-12-12 00:00:00-05:00,306.6199951171875,308.54998779296875,303.9599914550781,307.6000061035156,914900,0.0,0.0
2022-12-13 00:00:00-05:00,313.2900085449219,314.4599914550781,308.4200134277344,309.989990234375,913700,0.0,0.0
2022-12-14 00:00:00-05:00,309.1600036621094,314.6400146484375,306.07000732421875,306.1400146484375,1150100,0.0,0.0
2022-12-15 00:00:00-05:00,301.3500061035156,305.8299865722656,298.5799865722656,303.6600036621094,1015900,0.0,0.0
2022-12-16 00:00:00-05:00,301.0299987792969,301.0299987792969,295.0,298.760009765625,2138000,0.0,0.0
2022-12-19 00:00:00-05:00,296.9200134277344,300.04998779296875,295.17999267578125,297.05999755859375,890900,0.0,0.0
2022-12-20 00:00:00-05:00,298.739990234375,300.4700012207031,295.0199890136719,297.80999755859375,564200,0.0,0.0
2022-12-21 00:00:00-05:00,299.6199951171875,303.1000061035156,298.32000732421875,303.0299987792969,635500,0.0,0.0
2022-12-22 00:00:00-05:00,301.44000244140625,302.9700012207031,296.57000732421875,300.1499938964844,515800,0.0,0.0
2022-12-23 00:00:00-05:00,299.2099914550781,302.1499938964844,298.239990234375,300.5899963378906,430000,0.0,0.0
2022-12-27 00:00:00-05:00,300.80999755859375,302.44000244140625,299.55999755859375,300.9700012207031,338900,0.0,0.0
2022-12-28 00:00:00-05:00,301.7200012207031,302.6400146484375,299.32000732421875,299.510009765625,384700,0.0,0.0
2022-12-29 00:00:00-05:00,301.9700012207031,304.5400085449219,298.57000732421875,303.3800048828125,404600,0.0,0.0
2022-12-30 00:00:00-05:00,301.32000732421875,302.04998779296875,296.9200134277344,300.1400146484375,433000,0.0,0.0
2023-01-03 00:00:00-05:00,301.04998779296875,302.0,296.5,299.4200134277344,531400,0.0,0.0
2023-01-04 00:00:00-05:00,301.7200012207031,304.0,300.17999267578125,302.7200012207031,587000,0.0,0.0
2023-01-05 00:00:00-05:00,302.1099853515625,302.9100036621094,298.5299987792969,300.3500061035156,578600,0.0,0.0
2023-01-06 00:00:00-05:00,303.3900146484375,309.2799987792969,299.8699951171875,307.3299865722656,688200,0.0,0.0
2023-01-09 00:00:00-05:00,308.2300109863281,312.3500061035156,305.7900085449219,306.3299865722656,709100,0.0,0.0
2023-01-10 00:00:00-05:00,306.4599914550781,307.6400146484375,303.9200134277344,307.3299865722656,558200,0.0,0.0
2023-01-11 00:00:00-05:00,307.6499938964844,312.32000732421875,307.45001220703125,312.19000244140625,520900,0.0,0.0
2023-01-12 00:00:00-05:00,313.20001220703125,317.0299987792969,308.8599853515625,315.8699951171875,731200,0.0,0.0
2023-01-13 00:00:00-05:00,315.0899963378906,317.70001220703125,314.2099914550781,317.1700134277344,677500,0.0,0.0
2023-01-17 00:00:00-05:00,317.3699951171875,319.5,315.25,316.94000244140625,757700,0.0,0.0
2023-01-18 00:00:00-05:00,316.6700134277344,318.5799865722656,313.3800048828125,314.0899963378906,905200,0.0,0.0
2023-01-19 00:00:00-05:00,311.0799865722656,321.32000732421875,311.0799865722656,318.9599914550781,1154500,0.0,0.0
2023-01-20 00:00:00-05:00,319.0,325.3999938964844,316.9599914550781,325.3999938964844,985800,0.0,0.0
2023-01-23 00:00:00-05:00,324.8599853515625,328.3299865722656,321.9700012207031,325.989990234375,627900,0.0,0.0
2023-01-24 00:00:00-05:00,326.3699951171875,328.0,323.1199951171875,324.3399963378906,490400,0.0,0.0
2023-01-25 00:00:00-05:00,320.3599853515625,323.1400146484375,316.7200012207031,322.9200134277344,741200,0.0,0.0
2023-01-26 00:00:00-05:00,323.1700134277344,326.0,322.3299865722656,324.8399963378906,663000,0.0,0.0
2023-01-27 00:00:00-05:00,324.1199951171875,324.30999755859375,317.760009765625,319.29998779296875,909300,0.0,0.0
2023-01-30 00:00:00-05:00,319.0,321.6700134277344,316.79998779296875,317.5400085449219,928300,0.0,0.0
2023-01-31 00:00:00-05:00,317.2200012207031,319.4200134277344,315.010009765625,318.67999267578125,791800,0.0,0.0
2023-02-01 00:00:00-05:00,316.3500061035156,321.92999267578125,315.5199890136719,319.3800048828125,1181500,0.0,0.0
2023-02-02 00:00:00-05:00,320.6700134277344,323.1400146484375,318.1300048828125,323.0,1531900,0.0,0.0
2023-02-03 00:00:00-05:00,315.0,318.32000732421875,309.5799865722656,313.6400146484375,1586700,0.0,0.0
2023-02-06 00:00:00-05:00,311.3699951171875,317.9200134277344,310.3299865722656,317.7300109863281,796900,0.0,0.0
2023-02-07 00:00:00-05:00,315.5199890136719,320.9599914550781,314.4800109863281,319.79998779296875,635200,0.0,0.0
2023-02-08 00:00:00-05:00,318.010009765625,321.8599853515625,317.32000732421875,319.6099853515625,661000,0.0,0.0
2023-02-09 00:00:00-05:00,321.70001220703125,323.55999755859375,316.7099914550781,317.3800048828125,884200,0.0,0.0
2023-02-10 00:00:00-05:00,316.1300048828125,319.17999267578125,315.29998779296875,317.82000732421875,673300,0.0,0.0
2023-02-13 00:00:00-05:00,318.3599853515625,321.42999267578125,317.1400146484375,321.42999267578125,515700,0.0,0.0
2023-02-14 00:00:00-05:00,321.6400146484375,321.67999267578125,312.3599853515625,312.44000244140625,763100,0.0,0.0
2023-02-15 00:00:00-05:00,310.9100036621094,315.9100036621094,310.2200012207031,315.07000732421875,467800,0.0,0.0
2023-02-16 00:00:00-05:00,310.42999267578125,312.0,309.69000244140625,310.25,758700,0.0,0.0
2023-02-17 00:00:00-05:00,309.17999267578125,310.8900146484375,307.6700134277344,310.2699890136719,592200,0.0,0.0
2023-02-21 00:00:00-05:00,307.82000732421875,309.94000244140625,303.45001220703125,304.67999267578125,846900,0.0,0.0
2023-02-22 00:00:00-05:00,304.6400146484375,307.80999755859375,303.95001220703125,304.8699951171875,622300,0.0,0.0
2023-02-23 00:00:00-05:00,305.5400085449219,306.9700012207031,301.70001220703125,304.4800109863281,590100,0.0,0.0
2023-02-24 00:00:00-05:00,302.4100036621094,304.6099853515625,301.2799987792969,302.9700012207031,675700,0.0,0.0
2023-02-27 00:00:00-05:00,305.3900146484375,306.04998779296875,301.80999755859375,302.5899963378906,559500,0.0,0.0
2023-02-28 00:00:00-05:00,302.9100036621094,306.0899963378906,302.2200012207031,304.04998779296875,900800,0.0,0.0
2023-03-01 00:00:00-05:00,302.30999755859375,306.05999755859375,300.54998779296875,301.7099914550781,944700,0.0,0.0
2023-03-02 00:00:00-05:00,300.4100036621094,302.3299865722656,297.510009765625,301.7900085449219,797000,0.0,0.0
2023-03-03 00:00:00-05:00,303.25,304.0899963378906,299.8699951171875,304.07000732421875,755900,0.0,0.0
2023-03-06 00:00:00-05:00,304.92999267578125,306.25,304.3299865722656,305.3299865722656,575100,0.0,0.0
2023-03-07 00:00:00-05:00,306.25,307.30999755859375,300.92999267578125,301.57000732421875,546900,0.0,0.0
2023-03-08 00:00:00-05:00,301.6700134277344,303.9700012207031,298.75,300.7799987792969,627500,0.0,0.0
2023-03-09 00:00:00-05:00,302.2799987792969,302.80999755859375,295.17999267578125,296.7699890136719,948400,0.0,0.0
2023-03-10 00:00:00-05:00,296.2300109863281,298.4599914550781,292.6700134277344,294.239990234375,694500,0.0,0.0
2023-03-13 00:00:00-04:00,290.489990234375,297.6400146484375,289.29998779296875,293.44000244140625,1135800,0.0,0.0
2023-03-14 00:00:00-04:00,297.6199951171875,297.9800109863281,288.45001220703125,292.57000732421875,1261800,0.0,0.0
2023-03-15 00:00:00-04:00,286.239990234375,287.8800048828125,280.8900146484375,285.8500061035156,1514600,0.0,0.0
2023-03-16 00:00:00-04:00,285.5400085449219,300.1099853515625,284.1199951171875,299.0199890136719,1620500,0.0,0.0
2023-03-17 00:00:00-04:00,297.5199890136719,298.0,294.69000244140625,296.5899963378906,2935300,0.0,0.0
2023-03-20 00:00:00-04:00,297.260009765625,301.6400146484375,296.0299987792969,300.4700012207031,1305100,0.0,0.0
2023-03-21 00:00:00-04:00,303.54998779296875,305.3999938964844,301.95001220703125,304.8299865722656,1001700,0.0,0.0
2023-03-22 00:00:00-04:00,305.30999755859375,307.44000244140625,301.4599914550781,301.510009765625,1034600,0.0,0.0
2023-03-23 00:00:00-04:00,299.95001220703125,304.80999755859375,299.2200012207031,302.989990234375,957000,0.0,0.0
2023-03-24 00:00:00-04:00,301.0400085449219,309.32000732421875,300.92999267578125,309.1600036621094,895900,0.0,0.0
2023-03-27 00:00:00-04:00,310.760009765625,312.4100036621094,308.5400085449219,309.1600036621094,726300,0.0,0.0
2023-03-28 00:00:00-04:00,308.0799865722656,309.4200134277344,306.3800048828125,309.0,573500,0.0,0.0
2023-03-29 00:00:00-04:00,310.80999755859375,312.7799987792969,310.1000061035156,312.69000244140625,507000,0.0,0.0
2023-03-30 00:00:00-04:00,314.0799865722656,314.6199951171875,310.1700134277344,313.0,517100,0.0,0.0
2023-03-31 00:00:00-04:00,315.010009765625,315.45001220703125,312.8699951171875,315.2900085449219,606700,0.0,0.0
2023-04-03 00:00:00-04:00,314.5400085449219,318.5199890136719,314.2300109863281,317.0799865722656,1135200,0.0,0.0
2023-04-04 00:00:00-04:00,317.05999755859375,318.8599853515625,313.8500061035156,318.8500061035156,908800,0.0,0.0
2023-04-05 00:00:00-04:00,319.9100036621094,322.8699951171875,317.9200134277344,321.55999755859375,738700,0.0,0.0
2023-04-06 00:00:00-04:00,321.25,322.6199951171875,320.5,322.04998779296875,465800,0.0,0.0
2023-04-10 00:00:00-04:00,320.4599914550781,321.1400146484375,317.4800109863281,319.95001220703125,544400,0.0,0.0
2023-04-11 00:00:00-04:00,320.6300048828125,321.739990234375,319.3399963378906,320.8999938964844,565700,0.0,0.0
2023-04-12 00:00:00-04:00,321.5400085449219,323.3699951171875,320.6099853515625,321.760009765625,527500,0.0,0.0
2023-04-13 00:00:00-04:00,321.07000732421875,325.1000061035156,320.25,324.989990234375,761900,0.0,0.0
2023-04-14 00:00:00-04:00,324.5299987792969,325.9100036621094,322.1300048828125,324.4800109863281,465000,0.0,0.0
2023-04-17 00:00:00-04:00,326.5,329.9100036621094,325.8699951171875,329.80999755859375,837600,0.0,0.0
2023-04-18 00:00:00-04:00,330.0,332.92999267578125,328.760009765625,331.8699951171875,1123500,0.0,0.0
2023-04-19 00:00:00-04:00,332.3800048828125,333.3699951171875,328.1600036621094,329.07000732421875,687300,0.0,0.0
2023-04-20 00:00:00-04:00,329.739990234375,334.1000061035156,329.6400146484375,333.07000732421875,941900,0.0,0.0
2023-04-21 00:00:00-04:00,332.510009765625,334.05999755859375,330.55999755859375,333.6000061035156,2028600,0.0,0.0
2023-04-24 00:00:00-04:00,334.0199890136719,334.760009765625,331.4200134277344,331.5799865722656,700000,0.0,0.0
2023-04-25 00:00:00-04:00,331.42999267578125,333.94000244140625,329.260009765625,330.3800048828125,947200,0.0,0.0
2023-04-26 00:00:00-04:00,327.25,330.04998779296875,325.5199890136719,327.3599853515625,761600,0.0,0.0
2023-04-27 00:00:00-04:00,327.7799987792969,333.0400085449219,325.8399963378906,332.8599853515625,1144000,0.0,0.0
2023-04-28 00:00:00-04:00,327.7900085449219,327.7900085449219,313.7699890136719,325.17999267578125,1451100,0.0,0.0
2023-05-01 00:00:00-04:00,323.239990234375,327.4700012207031,320.82000732421875,323.42999267578125,815700,0.0,0.0
2023-05-02 00:00:00-04:00,322.6400146484375,323.7200012207031,318.4100036621094,320.9100036621094,724100,0.0,0.0
2023-05-03 00:00:00-04:00,322.3599853515625,323.8500061035156,319.9200134277344,320.3399963378906,865900,0.0,0.0
2023-05-04 00:00:00-04:00,319.9800109863281,323.7699890136719,319.25,320.70001220703125,699700,0.0,0.0
2023-05-05 00:00:00-04:00,321.6099853515625,330.0,321.1199951171875,328.3999938964844,1150400,0.0,0.0
2023-05-08 00:00:00-04:00,329.5199890136719,333.0299987792969,329.3500061035156,332.5299987792969,919600,0.0,0.0
2023-05-09 00:00:00-04:00,332.8500061035156,336.4200134277344,330.2900085449219,334.9200134277344,780700,0.0,0.0
2023-05-10 00:00:00-04:00,335.0299987792969,337.1099853515625,332.7200012207031,333.760009765625,647800,0.0,0.0
2023-05-11 00:00:00-04:00,333.989990234375,335.4200134277344,331.6099853515625,335.2200012207031,539700,0.0,0.0
2023-05-12 00:00:00-04:00,336.5,338.2699890136719,334.2699890136719,336.1700134277344,564700,0.0,0.0
2023-05-15 00:00:00-04:00,336.989990234375,337.9800109863281,333.6099853515625,334.44000244140625,561800,0.0,0.0
2023-05-16 00:00:00-04:00,333.5799865722656,334.29998779296875,330.42999267578125,330.94000244140625,545300,0.0,0.0
2023-05-17 00:00:00-04:00,332.92999267578125,332.92999267578125,321.5199890136719,322.2300109863281,1340200,0.0,0.0
2023-05-18 00:00:00-04:00,321.75,324.69000244140625,320.1199951171875,324.2300109863281,815900,0.0,0.0
2023-05-19 00:00:00-04:00,325.510009765625,328.7099914550781,324.45001220703125,327.1199951171875,1274000,0.0,0.0
2023-05-22 00:00:00-04:00,325.3999938964844,327.7699890136719,321.7099914550781,325.6700134277344,639800,0.0,0.0
2023-05-23 00:00:00-04:00,324.1199951171875,324.1199951171875,313.0199890136719,314.3999938964844,885700,0.0,0.0
2023-05-24 00:00:00-04:00,313.3900146484375,314.7099914550781,311.3299865722656,312.010009765625,643000,0.0,0.0
2023-05-25 00:00:00-04:00,312.9700012207031,312.9700012207031,308.1199951171875,311.19000244140625,774300,0.0,0.0
2023-05-26 00:00:00-04:00,311.5299987792969,313.6600036621094,310.1499938964844,310.6700134277344,575800,0.0,0.0
2023-05-30 00:00:00-04:00,309.5,313.6600036621094,309.4200134277344,311.8599853515625,536100,0.0,0.0
2023-05-31 00:00:00-04:00,310.05999755859375,310.6000061035156,306.8900146484375,308.2900085449219,1054600,0.0,0.0
2023-06-01 00:00:00-04:00,309.4800109863281,313.04998779296875,308.1000061035156,312.0299987792969,928200,0.0,0.0
2023-06-02 00:00:00-04:00,312.29998779296875,314.6300048828125,311.1700134277344,313.79998779296875,824100,0.0,0.0
2023-06-05 00:00:00-04:00,313.8699951171875,315.0400085449219,311.1000061035156,312.3699951171875,697700,0.0,0.0
2023-06-06 00:00:00-04:00,313.8699951171875,315.3299865722656,310.80999755859375,312.3800048828125,489400,0.0,0.0
2023-06-07 00:00:00-04:00,312.0799865722656,313.6000061035156,309.2699890136719,312.2699890136719,723600,0.0,0.0
2023-06-08 00:00:00-04:00,312.9100036621094,313.989990234375,311.1199951171875,312.8900146484375,394400,0.0,0.0
2023-06-09 00:00:00-04:00,310.6700134277344,316.0199890136719,309.1600036621094,314.32000732421875,423900,0.0,0.0
2023-06-12 00:00:00-04:00,314.4800109863281,319.3599853515625,313.5,318.05999755859375,638600,0.0,0.0
2023-06-13 00:00:00-04:00,316.70001220703125,320.2699890136719,316.44000244140625,318.9200134277344,591600,0.0,0.0
2023-06-14 00:00:00-04:00,319.69000244140625,324.4100036621094,318.1199951171875,322.9700012207031,759600,0.0,0.0
2023-06-15 00:00:00-04:00,323.739990234375,332.8500061035156,322.0899963378906,331.05999755859375,1053500,0.0,0.0
2023-06-16 00:00:00-04:00,333.0299987792969,334.8800048828125,329.0400085449219,329.3800048828125,1464200,0.0,0.0
2023-06-20 00:00:00-04:00,327.45001220703125,331.7900085449219,326.1600036621094,328.95001220703125,854500,0.0,0.0
2023-06-21 00:00:00-04:00,328.1400146484375,331.010009765625,326.9100036621094,329.8500061035156,702100,0.0,0.0
2023-06-22 00:00:00-04:00,330.8699951171875,333.7200012207031,329.3599853515625,333.3900146484375,809600,0.0,0.0
2023-06-23 00:00:00-04:00,333.5199890136719,334.7099914550781,330.1600036621094,331.42999267578125,3128200,0.0,0.0
2023-06-26 00:00:00-04:00,331.239990234375,331.5799865722656,328.45001220703125,330.3900146484375,788600,0.0,0.0
2023-06-27 00:00:00-04:00,331.239990234375,334.5799865722656,331.0400085449219,333.6400146484375,571200,0.0,0.0
2023-06-28 00:00:00-04:00,333.0,333.9200134277344,330.6300048828125,333.5899963378906,643000,0.0,0.0
2023-06-29 00:00:00-04:00,334.0,342.3399963378906,332.95001220703125,342.1199951171875,1027500,0.0,0.0
2023-06-30 00:00:00-04:00,343.7200012207031,347.3699951171875,342.5199890136719,345.20001220703125,946900,0.0,0.0
2023-07-03 00:00:00-04:00,341.9100036621094,341.9100036621094,334.8599853515625,338.69000244140625,376100,0.0,0.0
2023-07-05 00:00:00-04:00,336.6499938964844,339.3999938964844,334.4599914550781,338.4599914550781,652900,0.0,0.0
2023-07-06 00:00:00-04:00,337.4800109863281,339.9800109863281,336.1199951171875,337.1300048828125,672200,0.0,0.0
2023-07-07 00:00:00-04:00,335.42999267578125,337.9200134277344,334.3999938964844,335.4100036621094,824800,0.0,0.0
2023-07-10 00:00:00-04:00,335.57000732421875,340.07000732421875,333.80999755859375,337.5199890136719,538900,0.0,0.0
2023-07-11 00:00:00-04:00,338.0,339.8999938964844,336.5799865722656,339.2200012207031,504200,0.0,0.0
2023-07-12 00:00:00-04:00,341.3999938964844,343.2099914550781,335.1099853515625,335.8299865722656,602800,0.0,0.0
2023-07-13 00:00:00-04:00,335.2799987792969,337.95001220703125,334.2799987792969,336.8500061035156,459300,0.0,0.0
2023-07-14 00:00:00-04:00,336.92999267578125,337.6600036621094,335.1199951171875,336.510009765625,387300,0.0,0.0
2023-07-17 00:00:00-04:00,336.5,339.95001220703125,335.29998779296875,337.489990234375,756700,0.0,0.0
2023-07-18 00:00:00-04:00,336.55999755859375,338.04998779296875,332.5799865722656,334.6600036621094,1051600,0.0,0.0
2023-07-19 00:00:00-04:00,333.5299987792969,336.6700134277344,332.20001220703125,332.5899963378906,950000,0.0,0.0
2023-07-20 00:00:00-04:00,331.94000244140625,340.19000244140625,331.2099914550781,339.6099853515625,941000,0.0,0.0
2023-07-21 00:00:00-04:00,341.1000061035156,343.44000244140625,339.5799865722656,340.8999938964844,2135200,0.0,0.0
2023-07-24 00:00:00-04:00,340.92999267578125,343.5199890136719,338.7200012207031,342.57000732421875,674800,0.0,0.0
2023-07-25 00:00:00-04:00,342.1499938964844,344.20001220703125,340.7900085449219,343.2099914550781,522800,0.0,0.0
2023-07-26 00:00:00-04:00,342.55999755859375,343.82000732421875,340.3999938964844,341.25,520900,0.0,0.0
2023-07-27 00:00:00-04:00,342.0,342.8599853515625,336.5,337.05999755859375,968700,0.0,0.0
2023-07-28 00:00:00-04:00,334.8800048828125,343.67999267578125,317.75,319.82000732421875,1683000,0.0,0.0
2023-07-31 00:00:00-04:00,316.6199951171875,321.30999755859375,314.260009765625,318.5,811000,0.0,0.0
2023-08-01 00:00:00-04:00,318.0,321.7200012207031,317.010009765625,319.489990234375,709100,0.0,0.0
2023-08-02 00:00:00-04:00,318.29998779296875,324.3699951171875,317.0199890136719,323.3900146484375,870800,0.0,0.0
2023-08-03 00:00:00-04:00,320.7799987792969,322.0799865722656,317.1499938964844,317.32000732421875,1464900,0.0,0.0
2023-08-04 00:00:00-04:00,314.82000732421875,320.0,314.489990234375,315.05999755859375,854000,0.0,0.0
2023-08-07 00:00:00-04:00,317.3299865722656,318.9599914550781,315.6700134277344,318.2799987792969,829700,0.0,0.0
2023-08-08 00:00:00-04:00,318.54998779296875,318.8800048828125,313.0199890136719,314.1400146484375,1440100,0.0,0.0
2023-08-09 00:00:00-04:00,314.3299865722656,318.6700134277344,313.3399963378906,316.8500061035156,711200,0.0,0.0
2023-08-10 00:00:00-04:00,318.29998779296875,320.5,315.1700134277344,317.010009765625,633900,0.0,0.0
2023-08-11 00:00:00-04:00,316.4100036621094,320.9599914550781,316.32000732421875,320.79998779296875,505400,0.0,0.0
2023-08-14 00:00:00-04:00,321.260009765625,323.8599853515625,320.010009765625,322.260009765625,574200,0.0,0.0
2023-08-15 00:00:00-04:00,321.3299865722656,322.8299865722656,317.4700012207031,317.54998779296875,569600,0.0,0.0
2023-08-16 00:00:00-04:00,318.260009765625,323.5,317.6000061035156,321.2799987792969,950000,0.0,0.0
2023-08-17 00:00:00-04:00,321.25,324.30999755859375,318.94000244140625,319.0,746200,0.0,0.0
2023-08-18 00:00:00-04:00,319.0,325.67999267578125,318.29998779296875,324.05999755859375,977400,0.0,0.0
2023-08-21 00:00:00-04:00,324.510009765625,326.25,320.05999755859375,323.75,723800,0.0,0.0
2023-08-22 00:00:00-04:00,323.6000061035156,324.45001220703125,321.42999267578125,323.4599914550781,450200,0.0,0.0
2023-08-23 00:00:00-04:00,325.5,327.7799987792969,323.8900146484375,325.8599853515625,486000,0.0,0.0
2023-08-24 00:00:00-04:00,326.2300109863281,328.54998779296875,322.95001220703125,327.0299987792969,425500,0.0,0.0
2023-08-25 00:00:00-04:00,330.0,334.260009765625,328.9200134277344,332.07000732421875,1041500,0.0,0.0
2023-08-28 00:00:00-04:00,331.94000244140625,333.75,329.489990234375,331.510009765625,540700,0.0,0.0
2023-08-29 00:00:00-04:00,332.0,333.29998779296875,329.42999267578125,333.20001220703125,446600,0.0,0.0
2023-08-30 00:00:00-04:00,333.3599853515625,335.8399963378906,332.2900085449219,334.6300048828125,490400,0.0,0.0
2023-08-31 00:00:00-04:00,335.7300109863281,336.6300048828125,333.3900146484375,333.3900146484375,537900,0.0,0.0
2023-09-01 00:00:00-04:00,335.3500061035156,336.9599914550781,334.17999267578125,334.3399963378906,364000,0.0,0.0
2023-09-05 00:00:00-04:00,334.3399963378906,335.6000061035156,329.3299865722656,329.45001220703125,489100,0.0,0.0
2023-09-06 00:00:00-04:00,328.75,331.8500061035156,327.6499938964844,331.6400146484375,541700,0.0,0.0
2023-09-07 00:00:00-04:00,331.8299865722656,335.29998779296875,331.4100036621094,334.3900146484375,515100,0.0,0.0
2023-09-08 00:00:00-04:00,334.79998779296875,336.3299865722656,333.2799987792969,333.45001220703125,750300,0.0,0.0
2023-09-11 00:00:00-04:00,334.20001220703125,336.1300048828125,332.32000732421875,333.1499938964844,805300,0.0,0.0
2023-09-12 00:00:00-04:00,332.20001220703125,337.0,331.5,334.989990234375,760000,0.0,0.0
2023-09-13 00:00:00-04:00,335.42999267578125,338.0,334.0899963378906,335.3399963378906,735300,0.0,0.0
2023-09-14 00:00:00-04:00,337.5899963378906,338.8599853515625,334.4100036621094,338.75,773300,0.0,0.0
2023-09-15 00:00:00-04:00,336.67999267578125,339.45001220703125,334.05999755859375,336.1600036621094,1555200,0.0,0.0
2023-09-18 00:00:00-04:00,336.0899963378906,340.7699890136719,333.1199951171875,339.32000732421875,568400,0.0,0.0
2023-09-19 00:00:00-04:00,339.9200134277344,342.3999938964844,339.0,341.3699951171875,472900,0.0,0.0
2023-09-20 00:00:00-04:00,342.4800109863281,344.67999267578125,341.4599914550781,342.0199890136719,442000,0.0,0.0
2023-09-21 00:00:00-04:00,341.67999267578125,342.8500061035156,336.8500061035156,338.2099914550781,837100,0.0,0.0
2023-09-22 00:00:00-04:00,337.75,340.0299987792969,335.7900085449219,336.0199890136719,705100,0.0,0.0
2023-09-25 00:00:00-04:00,334.6099853515625,336.2799987792969,333.1499938964844,335.5299987792969,507000,0.0,0.0
2023-09-26 00:00:00-04:00,334.4800109863281,334.5899963378906,330.70001220703125,331.3299865722656,475600,0.0,0.0
2023-09-27 00:00:00-04:00,331.4700012207031,333.510009765625,327.5799865722656,329.9200134277344,467900,0.0,0.0
2023-09-28 00:00:00-04:00,330.6300048828125,332.9700012207031,328.80999755859375,329.3800048828125,426600,0.0,0.0
2023-09-29 00:00:00-04:00,330.0799865722656,330.9800109863281,323.55999755859375,324.2200012207031,639900,0.0,0.0
2023-10-02 00:00:00-04:00,323.8999938964844,325.010009765625,319.70001220703125,321.3599853515625,661700,0.0,0.0
2023-10-03 00:00:00-04:00,321.1300048828125,322.2799987792969,318.1400146484375,319.010009765625,675900,0.0,0.0
2023-10-04 00:00:00-04:00,320.07000732421875,325.42999267578125,318.5299987792969,324.9599914550781,617500,0.0,0.0
2023-10-05 00:00:00-04:00,325.6400146484375,327.9800109863281,324.30999755859375,325.8500061035156,490300,0.0,0.0
2023-10-06 00:00:00-04:00,326.05999755859375,328.6700134277344,324.75,327.0400085449219,456100,0.0,0.0
2023-10-09 00:00:00-04:00,325.57000732421875,327.8599853515625,324.6199951171875,327.5400085449219,582000,0.0,0.0
2023-10-10 00:00:00-04:00,327.69000244140625,327.69000244140625,322.8500061035156,325.489990234375,1061700,0.0,0.0
2023-10-11 00:00:00-04:00,325.6499938964844,327.5400085449219,323.9599914550781,327.32000732421875,698000,0.0,0.0
2023-10-12 00:00:00-04:00,327.30999755859375,329.2200012207031,322.510009765625,324.4599914550781,650700,0.0,0.0
2023-10-13 00:00:00-04:00,325.1000061035156,328.2300109863281,324.6400146484375,326.1000061035156,658000,0.0,0.0
2023-10-16 00:00:00-04:00,327.7300109863281,329.4200134277344,325.45001220703125,327.739990234375,661400,0.0,0.0
2023-10-17 00:00:00-04:00,325.95001220703125,329.1300048828125,324.7900085449219,327.5400085449219,669200,0.0,0.0
2023-10-18 00:00:00-04:00,327.3299865722656,328.2200012207031,324.44000244140625,325.0,698900,0.0,0.0
2023-10-19 00:00:00-04:00,325.70001220703125,326.7699890136719,318.67999267578125,319.0799865722656,820600,0.0,0.0
2023-10-20 00:00:00-04:00,319.7099914550781,320.8500061035156,313.7699890136719,314.1199951171875,797700,0.0,0.0
2023-10-23 00:00:00-04:00,313.69000244140625,316.07000732421875,312.6099853515625,313.4800109863281,498900,0.0,0.0
2023-10-24 00:00:00-04:00,314.4800109863281,320.4599914550781,314.3800048828125,319.7699890136719,617500,0.0,0.0
2023-10-25 00:00:00-04:00,320.8299865722656,324.29998779296875,318.80999755859375,319.6499938964844,630500,0.0,0.0
2023-10-26 00:00:00-04:00,320.239990234375,327.67999267578125,319.3599853515625,319.7099914550781,1059600,0.0,0.0
2023-10-27 00:00:00-04:00,309.010009765625,313.0400085449219,300.4100036621094,306.8800048828125,1899200,0.0,0.0
2023-10-30 00:00:00-04:00,307.2099914550781,309.6300048828125,302.30999755859375,308.7900085449219,1159600,0.0,0.0
2023-10-31 00:00:00-04:00,310.1600036621094,310.6000061035156,306.7300109863281,309.3999938964844,1369900,0.0,0.0
2023-11-01 00:00:00-04:00,310.6300048828125,312.8699951171875,309.510009765625,311.75,880400,0.0,0.0
2023-11-02 00:00:00-04:00,311.989990234375,321.29998779296875,310.75,321.25,970100,0.0,0.0
2023-11-03 00:00:00-04:00,322.95001220703125,324.1099853515625,319.8500061035156,323.2799987792969,840000,0.0,0.0
2023-11-06 00:00:00-05:00,324.010009765625,325.8500061035156,321.260009765625,325.5199890136719,654500,0.0,0.0
2023-11-07 00:00:00-05:00,325.8299865722656,326.9200134277344,324.6600036621094,326.3399963378906,785300,0.0,0.0
2023-11-08 00:00:00-05:00,326.2300109863281,328.9100036621094,324.32000732421875,327.5400085449219,614700,0.0,0.0
2023-11-09 00:00:00-05:00,328.32000732421875,332.80999755859375,325.55999755859375,331.7799987792969,903600,0.0,0.0
2023-11-10 00:00:00-05:00,333.2900085449219,334.1499938964844,331.1700134277344,334.0400085449219,613200,0.0,0.0
2023-11-13 00:00:00-05:00,334.0400085449219,336.20001220703125,332.7300109863281,333.6099853515625,790700,0.0,0.0
2023-11-14 00:00:00-05:00,332.9800109863281,335.20001220703125,331.6199951171875,333.32000732421875,934800,0.0,0.0
2023-11-15 00:00:00-05:00,332.6400146484375,334.989990234375,329.29998779296875,329.70001220703125,1018300,0.0,0.0
2023-11-16 00:00:00-05:00,331.1000061035156,334.7200012207031,330.5799865722656,333.6600036621094,866600,0.0,0.0
2023-11-17 00:00:00-05:00,333.94000244140625,334.0,328.1400146484375,329.739990234375,1419100,0.0,0.0
2023-11-20 00:00:00-05:00,329.2799987792969,332.1099853515625,327.010009765625,331.20001220703125,929100,0.0,0.0
2023-11-21 00:00:00-05:00,330.6000061035156,331.0,324.04998779296875,325.92999267578125,1166000,0.0,0.0
2023-11-22 00:00:00-05:00,326.6099853515625,330.2099914550781,326.3699951171875,328.9800109863281,618800,0.0,0.0
2023-11-24 00:00:00-05:00,329.79998779296875,331.3699951171875,327.6600036621094,330.0199890136719,250500,0.0,0.0
2023-11-27 00:00:00-05:00,330.6499938964844,330.9700012207031,326.6000061035156,327.5400085449219,978300,0.0,0.0
2023-11-28 00:00:00-05:00,327.1099853515625,328.0,322.8699951171875,323.1499938964844,636300,0.0,0.0
2023-11-29 00:00:00-05:00,323.1600036621094,324.1000061035156,319.6000061035156,322.1000061035156,645600,0.0,0.0
2023-11-30 00:00:00-05:00,322.8800048828125,328.8800048828125,321.54998779296875,328.489990234375,1497700,0.0,0.0
2023-12-01 00:00:00-05:00,328.67999267578125,329.2099914550781,326.20001220703125,326.7699890136719,924400,0.0,0.0
2023-12-04 00:00:00-05:00,326.3800048828125,328.989990234375,324.7900085449219,326.1099853515625,896800,0.0,0.0
2023-12-05 00:00:00-05:00,325.5400085449219,326.1499938964844,321.989990234375,322.25,1190300,0.0,0.0
2023-12-06 00:00:00-05:00,322.6700134277344,323.9700012207031,316.7099914550781,319.5799865722656,1323400,0.0,0.0
2023-12-07 00:00:00-05:00,320.239990234375,321.8900146484375,319.54998779296875,321.69000244140625,903600,0.0,0.0
2023-12-08 00:00:00-05:00,322.1400146484375,324.2099914550781,320.3599853515625,324.1000061035156,978900,0.0,0.0
2023-12-11 00:00:00-05:00,325.4100036621094,330.7200012207031,325.4100036621094,329.4599914550781,905100,0.0,0.0
2023-12-12 00:00:00-05:00,329.8699951171875,332.4700012207031,329.0299987792969,332.45001220703125,577900,0.0,0.0
2023-12-13 00:00:00-05:00,332.8699951171875,337.0199890136719,332.07000732421875,335.32000732421875,1180700,0.0,0.0
2023-12-14 00:00:00-05:00,335.3299865722656,335.3299865722656,316.17999267578125,318.0299987792969,1927200,0.0,0.0
2023-12-15 00:00:00-05:00,311.32000732421875,314.2200012207031,307.5799865722656,310.42999267578125,2907600,0.0,0.0
2023-12-18 00:00:00-05:00,312.67999267578125,316.3299865722656,312.54998779296875,314.04998779296875,872400,0.0,0.0
2023-12-19 00:00:00-05:00,314.04998779296875,315.17999267578125,311.8699951171875,313.010009765625,968200,0.0,0.0
2023-12-20 00:00:00-05:00,290.9800109863281,297.0199890136719,284.8500061035156,294.1199951171875,2768400,0.0,0.0
2023-12-21 00:00:00-05:00,292.42999267578125,295.04998779296875,287.1499938964844,288.19000244140625,2082300,0.0,0.0
2023-12-22 00:00:00-05:00,289.1199951171875,291.7900085449219,285.0,291.6700134277344,1882200,0.0,0.0
2023-12-26 00:00:00-05:00,290.45001220703125,290.9599914550781,287.4800109863281,289.5899963378906,981900,0.0,0.0
2023-12-27 00:00:00-05:00,289.0799865722656,290.5,287.6300048828125,289.8699951171875,1051700,0.0,0.0
2023-12-28 00:00:00-05:00,290.0,292.4100036621094,288.4700012207031,289.30999755859375,1086700,0.0,0.0
2023-12-29 00:00:00-05:00,289.30999755859375,291.2099914550781,288.1700134277344,291.0199890136719,773200,0.0,0.0
2024-01-02 00:00:00-05:00,291.44000244140625,292.8500061035156,287.7900085449219,288.0199890136719,1174200,0.0,0.0
2024-01-03 00:00:00-05:00,288.8900146484375,292.9599914550781,287.79998779296875,290.8900146484375,1244000,0.0,0.0
2024-01-04 00:00:00-05:00,292.3299865722656,295.3399963378906,290.5,290.739990234375,903300,0.0,0.0
2024-01-05 00:00:00-05:00,291.1300048828125,292.6099853515625,285.8599853515625,289.5899963378906,867300,0.0,0.0
2024-01-08 00:00:00-05:00,291.8599853515625,295.92999267578125,290.42999267578125,295.5400085449219,1556700,0.0,0.0
2024-01-09 00:00:00-05:00,293.44000244140625,294.1700134277344,290.19000244140625,293.9800109863281,826900,0.0,0.0
2024-01-10 00:00:00-05:00,294.0199890136719,299.3399963378906,293.45001220703125,299.29998779296875,1157500,0.0,0.0
2024-01-11 00:00:00-05:00,299.4100036621094,300.0400085449219,295.5299987792969,298.6099853515625,1078200,0.0,0.0
2024-01-12 00:00:00-05:00,299.6199951171875,300.94000244140625,298.9100036621094,300.239990234375,755100,0.0,0.0
2024-01-16 00:00:00-05:00,299.760009765625,300.8500061035156,297.94000244140625,300.32000732421875,817400,0.0,0.0
2024-01-17 00:00:00-05:00,300.54998779296875,304.8699951171875,299.4700012207031,303.260009765625,1247400,0.0,0.0
2024-01-18 00:00:00-05:00,301.1499938964844,308.6700134277344,300.2699890136719,307.2799987792969,1488500,0.0,0.0
2024-01-19 00:00:00-05:00,309.010009765625,312.75,307.54998779296875,311.5799865722656,1492500,0.0,0.0
2024-01-22 00:00:00-05:00,311.3399963378906,312.25,305.7699890136719,306.42999267578125,1716500,0.0,0.0
2024-01-23 00:00:00-05:00,307.760009765625,309.3299865722656,304.25,304.4599914550781,1069900,0.0,0.0
2024-01-24 00:00:00-05:00,305.7799987792969,306.7900085449219,303.0,304.05999755859375,1070000,0.0,0.0
2024-01-25 00:00:00-05:00,302.8500061035156,303.75,296.4100036621094,299.7099914550781,1845300,0.0,0.0
2024-01-26 00:00:00-05:00,299.7900085449219,301.8999938964844,297.80999755859375,301.8999938964844,1565600,0.0,0.0
2024-01-29 00:00:00-05:00,301.55999755859375,302.3500061035156,297.0,298.3900146484375,953500,0.0,0.0
2024-01-30 00:00:00-05:00,298.42999267578125,299.9599914550781,297.29998779296875,298.79998779296875,1066500,0.0,0.0
2024-01-31 00:00:00-05:00,299.1600036621094,301.80999755859375,297.8500061035156,298.42999267578125,1330100,0.0,0.0
2024-02-01 00:00:00-05:00,296.3999938964844,300.5299987792969,294.5799865722656,300.0,1647300,0.0,0.0
2024-02-02 00:00:00-05:00,295.239990234375,300.75,289.7099914550781,292.3999938964844,2060000,0.0,0.0
2024-02-05 00:00:00-05:00,292.30999755859375,298.5,292.0299987792969,296.6099853515625,1412200,0.0,0.0
2024-02-06 00:00:00-05:00,295.29998779296875,301.0400085449219,293.7099914550781,300.8299865722656,872300,0.0,0.0
2024-02-07 00:00:00-05:00,302.1000061035156,304.5,300.3599853515625,301.8800048828125,979100,0.0,0.0
2024-02-08 00:00:00-05:00,301.5,307.3900146484375,301.1400146484375,307.17999267578125,1560600,0.0,0.0
2024-02-09 00:00:00-05:00,307.6300048828125,312.55999755859375,306.6700134277344,312.55999755859375,1085300,0.0,0.0
2024-02-12 00:00:00-05:00,313.5799865722656,315.0,309.6099853515625,310.0299987792969,955600,0.0,0.0
2024-02-13 00:00:00-05:00,311.80999755859375,313.5199890136719,309.9800109863281,312.5400085449219,995800,0.0,0.0
2024-02-14 00:00:00-05:00,312.5400085449219,313.0400085449219,306.9700012207031,308.4700012207031,912800,0.0,0.0
2024-02-15 00:00:00-05:00,308.6099853515625,315.57000732421875,308.42999267578125,314.3699951171875,1338500,0.0,0.0
2024-02-16 00:00:00-05:00,311.2799987792969,314.9599914550781,310.9800109863281,311.239990234375,519700,0.0,0.0
2024-02-20 00:00:00-05:00,310.010009765625,315.69000244140625,309.0299987792969,315.5,1390800,0.0,0.0
2024-02-21 00:00:00-05:00,315.1000061035156,315.3299865722656,309.5299987792969,311.2799987792969,643400,0.0,0.0
2024-02-22 00:00:00-05:00,313.0199890136719,317.4200134277344,311.0199890136719,315.3599853515625,604800,0.0,0.0
2024-02-23 00:00:00-05:00,315.9800109863281,316.1600036621094,314.07000732421875,315.32000732421875,558600,0.0,0.0
2024-02-26 00:00:00-05:00,316.2099914550781,316.989990234375,314.05999755859375,314.42999267578125,851100,0.0,0.0
2024-02-27 00:00:00-05:00,314.0,315.42999267578125,313.1499938964844,315.3900146484375,844500,0.0,0.0
2024-02-28 00:00:00-05:00,316.0199890136719,317.70001220703125,315.0299987792969,317.6600036621094,470700,0.0,0.0
2024-02-29 00:00:00-05:00,316.9100036621094,318.0,311.6600036621094,315.989990234375,1149200,0.0,0.0
2024-03-01 00:00:00-05:00,316.0400085449219,316.0400085449219,311.9700012207031,314.2300109863281,587100,0.0,0.0
2024-03-04 00:00:00-05:00,313.510009765625,316.32000732421875,310.55999755859375,316.010009765625,911600,0.0,0.0
2024-03-05 00:00:00-05:00,315.0400085449219,316.55999755859375,312.6400146484375,315.20001220703125,499600,0.0,0.0
2024-03-06 00:00:00-05:00,315.010009765625,318.010009765625,313.3399963378906,317.0899963378906,650400,0.0,0.0
2024-03-07 00:00:00-05:00,317.989990234375,318.4800109863281,315.5899963378906,316.69000244140625,521300,0.0,0.0
2024-03-08 00:00:00-05:00,315.3500061035156,318.010009765625,314.0,316.75,653400,0.0,0.0
2024-03-11 00:00:00-04:00,316.0,318.05999755859375,314.3500061035156,317.9700012207031,554400,0.0,0.0
2024-03-12 00:00:00-04:00,318.0199890136719,321.3500061035156,317.04998779296875,320.5899963378906,533100,0.0,0.0
2024-03-13 00:00:00-04:00,321.3599853515625,321.3599853515625,317.739990234375,320.2799987792969,807900,0.0,0.0
2024-03-14 00:00:00-04:00,321.1000061035156,321.1000061035156,318.67999267578125,320.4800109863281,691200,0.0,0.0
2024-03-15 00:00:00-04:00,317.9800109863281,323.80999755859375,317.9700012207031,318.989990234375,1524900,0.0,0.0
2024-03-18 00:00:00-04:00,319.010009765625,321.5,317.70001220703125,319.7799987792969,722900,0.0,0.0
2024-03-19 00:00:00-04:00,321.55999755859375,323.07000732421875,319.1600036621094,322.7699890136719,883000,0.0,0.0
2024-03-20 00:00:00-04:00,322.69000244140625,327.239990234375,321.010009765625,326.07000732421875,752400,0.0,0.0
2024-03-21 00:00:00-04:00,325.6499938964844,328.30999755859375,324.010009765625,326.5199890136719,831500,0.0,0.0
2024-03-22 00:00:00-04:00,327.3999938964844,329.5299987792969,326.19000244140625,326.7900085449219,980400,0.0,0.0
2024-03-25 00:00:00-04:00,328.010009765625,329.2699890136719,326.6700134277344,327.5799865722656,1084000,0.0,0.0
2024-03-26 00:00:00-04:00,326.8399963378906,331.1499938964844,325.739990234375,329.9200134277344,985200,0.0,0.0
2024-03-27 00:00:00-04:00,331.6300048828125,334.0199890136719,330.07000732421875,333.7900085449219,710800,0.0,0.0
2024-03-28 00:00:00-04:00,335.0,336.05999755859375,333.5799865722656,333.7200012207031,732100,0.0,0.0
2024-04-01 00:00:00-04:00,333.0,333.0,328.3500061035156,329.5899963378906,527200,0.0,0.0
2024-04-02 00:00:00-04:00,330.25,331.1300048828125,329.17999267578125,329.6400146484375,701600,0.0,0.0
2024-04-03 00:00:00-04:00,329.20001220703125,329.739990234375,321.8699951171875,324.4700012207031,1381400,0.0,0.0
2024-04-04 00:00:00-04:00,325.82000732421875,325.82000732421875,313.30999755859375,314.7699890136719,2153500,0.0,0.0
2024-04-05 00:00:00-04:00,316.260009765625,320.55999755859375,315.0,318.989990234375,752900,0.0,0.0
2024-04-08 00:00:00-04:00,319.3399963378906,320.9800109863281,318.510009765625,319.8399963378906,771500,0.0,0.0
2024-04-09 00:00:00-04:00,320.9200134277344,320.9200134277344,317.7200012207031,319.3999938964844,716700,0.0,0.0
2024-04-10 00:00:00-04:00,317.8999938964844,319.4700012207031,315.19000244140625,316.0,803600,0.0,0.0
2024-04-11 00:00:00-04:00,314.6400146484375,316.25,310.9100036621094,311.0,846500,0.0,0.0
2024-04-12 00:00:00-04:00,309.3699951171875,312.44000244140625,306.739990234375,308.0,742200,0.0,0.0
2024-04-15 00:00:00-04:00,312.1000061035156,312.1000061035156,304.79998779296875,305.17999267578125,958400,0.0,0.0
2024-04-16 00:00:00-04:00,305.67999267578125,306.75,303.79998779296875,304.04998779296875,1230100,0.0,0.0
2024-04-17 00:00:00-04:00,305.1300048828125,308.0199890136719,303.80999755859375,304.7900085449219,833400,0.0,0.0
2024-04-18 00:00:00-04:00,307.5799865722656,312.0199890136719,307.5799865722656,308.70001220703125,637000,0.0,0.0
2024-04-19 00:00:00-04:00,311.07000732421875,311.07000732421875,309.07000732421875,310.19000244140625,823300,0.0,0.0
2024-04-22 00:00:00-04:00,311.0,313.2300109863281,309.3800048828125,311.0199890136719,938400,0.0,0.0
2024-04-23 00:00:00-04:00,312.0,313.7900085449219,310.5799865722656,311.8599853515625,620900,0.0,0.0
2024-04-24 00:00:00-04:00,311.0299987792969,311.0299987792969,307.7099914550781,308.8299865722656,849300,0.0,0.0
2024-04-25 00:00:00-04:00,307.7099914550781,308.1499938964844,304.0,306.0,1365400,0.0,0.0
2024-04-26 00:00:00-04:00,270.8800048828125,285.8800048828125,268.05999755859375,285.0299987792969,4566600,0.0,0.0
2024-04-29 00:00:00-04:00,281.260009765625,284.3999938964844,279.8599853515625,281.0400085449219,2879600,0.0,0.0
2024-04-30 00:00:00-04:00,283.19000244140625,288.760009765625,281.3800048828125,282.010009765625,4389600,0.0,0.0
2024-05-01 00:00:00-04:00,281.17999267578125,286.1600036621094,280.8800048828125,283.80999755859375,1819700,0.0,0.0
2024-05-02 00:00:00-04:00,283.9800109863281,284.4599914550781,279.32000732421875,280.0899963378906,1300600,0.0,0.0
2024-05-03 00:00:00-04:00,277.9200134277344,280.8999938964844,275.2900085449219,279.9700012207031,1750900,0.0,0.0
2024-05-06 00:00:00-04:00,281.489990234375,285.70001220703125,279.55999755859375,285.4700012207031,1783200,0.0,0.0
2024-05-07 00:00:00-04:00,287.4700012207031,288.42999267578125,285.8500061035156,288.3500061035156,1541400,0.0,0.0
2024-05-08 00:00:00-04:00,289.7200012207031,289.80999755859375,283.1700134277344,283.80999755859375,1980600,0.0,0.0
2024-05-09 00:00:00-04:00,283.8900146484375,288.07000732421875,283.5799865722656,287.5799865722656,2354900,0.0,0.0
2024-05-10 00:00:00-04:00,288.7200012207031,294.30999755859375,287.69000244140625,293.1000061035156,2289000,0.0,0.0
2024-05-13 00:00:00-04:00,290.94000244140625,293.1000061035156,287.5299987792969,288.5799865722656,1829700,0.0,0.0
2024-05-14 00:00:00-04:00,288.1099853515625,288.6400146484375,286.1300048828125,287.9200134277344,890800,0.0,0.0
2024-05-15 00:00:00-04:00,287.0,288.9599914550781,286.0199890136719,287.7900085449219,1259700,0.0,0.0
2024-05-16 00:00:00-04:00,288.5,293.30999755859375,287.4200134277344,292.0199890136719,2444500,0.0,0.0
2024-05-17 00:00:00-04:00,293.17999267578125,293.17999267578125,290.0199890136719,292.45001220703125,1498200,0.0,0.0
2024-05-20 00:00:00-04:00,292.6199951171875,294.04998779296875,291.510009765625,292.9599914550781,1145700,0.0,0.0
2024-05-21 00:00:00-04:00,293.5,293.6300048828125,289.82000732421875,289.9800109863281,956700,0.0,0.0
2024-05-22 00:00:00-04:00,285.70001220703125,288.760009765625,284.42999267578125,284.6499938964844,1579500,0.0,0.0
2024-05-23 00:00:00-04:00,283.7099914550781,283.92999267578125,278.7900085449219,279.29998779296875,1548700,0.0,0.0
2024-05-24 00:00:00-04:00,279.3999938964844,281.6499938964844,277.6400146484375,280.75,1721800,0.0,0.0
2024-05-28 00:00:00-04:00,278.7099914550781,281.260009765625,277.75,279.260009765625,1729700,0.0,0.0
2024-05-29 00:00:00-04:00,278.239990234375,279.5,275.739990234375,275.82000732421875,1128600,0.0,0.0
2024-05-30 00:00:00-04:00,275.55999755859375,278.489990234375,275.07000732421875,276.9100036621094,955500,0.0,0.0
2024-05-31 00:00:00-04:00,277.8800048828125,281.6400146484375,276.760009765625,281.6400146484375,1823200,0.0,0.0
2024-06-03 00:00:00-04:00,280.7699890136719,283.79998779296875,278.6000061035156,281.260009765625,1482900,0.0,0.0
2024-06-04 00:00:00-04:00,281.70001220703125,286.1700134277344,280.5400085449219,284.5,1044700,0.0,0.0
2024-06-05 00:00:00-04:00,284.8800048828125,285.9700012207031,283.010009765625,285.5799865722656,1207400,0.0,0.0
2024-06-06 00:00:00-04:00,286.17999267578125,286.80999755859375,283.1700134277344,285.7099914550781,1702600,0.0,0.0
2024-06-07 00:00:00-04:00,286.3599853515625,286.8900146484375,282.9800109863281,283.1199951171875,889300,0.0,0.0
2024-06-10 00:00:00-04:00,283.55999755859375,289.7900085449219,283.2699890136719,286.8599853515625,2081300,0.0,0.0
2024-06-11 00:00:00-04:00,287.1099853515625,294.4100036621094,286.70001220703125,293.70001220703125,3730600,0.0,0.0
2024-06-12 00:00:00-04:00,293.9200134277344,296.04998779296875,291.32000732421875,294.9800109863281,1899800,0.0,0.0
2024-06-13 00:00:00-04:00,295.510009765625,296.4800109863281,294.2200012207031,295.4200134277344,1352500,0.0,0.0
2024-06-14 00:00:00-04:00,295.4200134277344,295.95001220703125,294.6600036621094,295.3900146484375,860500,0.0,0.0
2024-06-17 00:00:00-04:00,295.0,300.1000061035156,294.6400146484375,300.010009765625,1971500,0.0,0.0
2024-06-18 00:00:00-04:00,300.07000732421875,301.8800048828125,296.7200012207031,297.75,1633600,0.0,0.0
2024-06-20 00:00:00-04:00,297.0,297.7300109863281,294.3900146484375,296.5899963378906,1613000,0.0,0.0
2024-06-21 00:00:00-04:00,296.82000732421875,299.0400085449219,294.760009765625,297.4599914550781,5510700,0.0,0.0
2024-06-24 00:00:00-04:00,297.2900085449219,299.1700134277344,295.5199890136719,298.4599914550781,1777700,0.0,0.0
2024-06-25 00:00:00-04:00,297.2099914550781,298.4100036621094,292.1199951171875,292.82000732421875,3149400,0.0,0.0
2024-06-26 00:00:00-04:00,291.1300048828125,293.6099853515625,285.3500061035156,288.7699890136719,1534300,0.0,0.0
2024-06-27 00:00:00-04:00,289.8999938964844,293.6000061035156,288.5,292.79998779296875,1001300,0.0,0.0
2024-06-28 00:00:00-04:00,292.79998779296875,294.75,291.6400146484375,293.5799865722656,1312300,0.0,0.0
2024-07-01 00:00:00-04:00,294.3999938964844,295.4800109863281,293.1000061035156,293.489990234375,1020300,0.0,0.0
2024-07-02 00:00:00-04:00,291.7200012207031,295.8699951171875,291.7200012207031,295.57000732421875,989500,0.0,0.0
2024-07-03 00:00:00-04:00,295.2300109863281,296.0,293.82000732421875,294.7699890136719,840900,0.0,0.0
2024-07-05 00:00:00-04:00,295.2200012207031,295.8800048828125,292.3699951171875,295.8599853515625,535400,0.0,0.0
2024-07-08 00:00:00-04:00,296.8500061035156,300.0799865722656,296.1700134277344,298.1099853515625,1199800,0.0,0.0
2024-07-09 00:00:00-04:00,298.1099853515625,298.1099853515625,292.5400085449219,293.1600036621094,1170800,0.0,0.0
2024-07-10 00:00:00-04:00,294.1199951171875,295.44000244140625,292.45001220703125,295.4100036621094,921600,0.0,0.0
2024-07-11 00:00:00-04:00,294.7900085449219,299.3599853515625,294.010009765625,296.79998779296875,1031200,0.0,0.0
2024-07-12 00:00:00-04:00,297.9100036621094,300.1000061035156,297.1499938964844,298.1300048828125,1677400,0.0,0.0
2024-07-15 00:00:00-04:00,298.7799987792969,299.82000732421875,296.8599853515625,297.30999755859375,958100,0.0,0.0
2024-07-16 00:00:00-04:00,297.9200134277344,299.19000244140625,296.9100036621094,297.75,1093100,0.0,0.0
2024-07-17 00:00:00-04:00,298.25,302.0,298.0400085449219,300.45001220703125,1199100,0.0,0.0
2024-07-18 00:00:00-04:00,298.7200012207031,302.8299865722656,297.8699951171875,299.67999267578125,756400,0.0,0.0
2024-07-19 00:00:00-04:00,301.42999267578125,301.42999267578125,295.7900085449219,296.1700134277344,883400,0.0,0.0
2024-07-22 00:00:00-04:00,296.6300048828125,300.8399963378906,296.55999755859375,299.1199951171875,908500,0.0,0.0
2024-07-23 00:00:00-04:00,299.42999267578125,302.17999267578125,298.3299865722656,298.42999267578125,1117300,0.0,0.0
2024-07-24 00:00:00-04:00,300.0,301.739990234375,297.05999755859375,298.20001220703125,763200,0.0,0.0
2024-07-25 00:00:00-04:00,299.739990234375,303.7799987792969,298.20001220703125,298.95001220703125,2854000,0.0,0.0
2024-07-26 00:00:00-04:00,307.0,323.45001220703125,304.1199951171875,323.0,3070400,0.0,0.0
