Date,Open,High,Low,Close,Volume,Dividends,Stock Splits
2020-01-31 00:00:00-05:00,23.059999465942383,24.399999618530273,19.31999969482422,21.799999237060547,2931700,0.0,0.0
2020-02-03 00:00:00-05:00,21.15999984741211,25.81999969482422,21.110000610351562,25.1299991607666,712500,0.0,0.0
2020-02-04 00:00:00-05:00,25.1299991607666,27.450000762939453,24.299999237060547,25.639999389648438,247200,0.0,0.0
2020-02-05 00:00:00-05:00,26.09000015258789,26.09000015258789,24.5,25.229999542236328,161300,0.0,0.0
2020-02-06 00:00:00-05:00,25.270000457763672,25.549999237060547,23.139999389648438,24.739999771118164,223100,0.0,0.0
2020-02-07 00:00:00-05:00,24.709999084472656,26.655000686645508,23.110000610351562,26.389999389648438,251200,0.0,0.0
2020-02-10 00:00:00-05:00,26.829999923706055,27.725000381469727,25.530000686645508,26.5,90900,0.0,0.0
2020-02-11 00:00:00-05:00,26.639999389648438,26.700000762939453,25.829999923706055,26.239999771118164,129200,0.0,0.0
2020-02-12 00:00:00-05:00,26.200000762939453,26.200000762939453,24.922000885009766,25.75,105000,0.0,0.0
2020-02-13 00:00:00-05:00,25.610000610351562,27.530000686645508,25.33799934387207,26.329999923706055,114000,0.0,0.0
2020-02-14 00:00:00-05:00,26.40999984741211,27.46500015258789,23.889999389648438,25.510000228881836,93400,0.0,0.0
2020-02-18 00:00:00-05:00,25.239999771118164,26.36400032043457,24.200000762939453,25.5,209500,0.0,0.0
2020-02-19 00:00:00-05:00,25.540000915527344,26.959999084472656,25.540000915527344,26.59000015258789,293300,0.0,0.0
2020-02-20 00:00:00-05:00,27.34000015258789,27.389999389648438,26.149999618530273,26.899999618530273,227000,0.0,0.0
2020-02-21 00:00:00-05:00,26.8799991607666,28.5,26.450000762939453,27.049999237060547,256500,0.0,0.0
2020-02-24 00:00:00-05:00,26.239999771118164,28.489999771118164,25.610000610351562,27.610000610351562,218000,0.0,0.0
2020-02-25 00:00:00-05:00,27.309999465942383,28.940000534057617,25.06999969482422,26.329999923706055,386300,0.0,0.0
2020-02-26 00:00:00-05:00,26.139999389648438,28.579999923706055,26.139999389648438,28.540000915527344,91200,0.0,0.0
2020-02-27 00:00:00-05:00,28.209999084472656,28.85099983215332,26.80299949645996,27.610000610351562,262600,0.0,0.0
2020-02-28 00:00:00-05:00,27.1299991607666,29.059999465942383,24.799999237060547,26.575000762939453,424100,0.0,0.0
2020-03-02 00:00:00-05:00,26.649999618530273,28.139999389648438,26.0,27.399999618530273,247800,0.0,0.0
2020-03-03 00:00:00-05:00,27.5,28.84000015258789,26.5,27.469999313354492,242800,0.0,0.0
2020-03-04 00:00:00-05:00,27.670000076293945,28.260000228881836,26.540000915527344,27.709999084472656,176200,0.0,0.0
2020-03-05 00:00:00-05:00,27.299999237060547,28.799999237060547,26.860000610351562,27.639999389648438,163500,0.0,0.0
2020-03-06 00:00:00-05:00,27.489999771118164,29.048999786376953,26.549999237060547,28.25,198600,0.0,0.0
2020-03-09 00:00:00-04:00,27.549999237060547,30.549999237060547,27.110000610351562,28.360000610351562,119700,0.0,0.0
2020-03-10 00:00:00-04:00,28.989999771118164,34.0,28.549999237060547,30.530000686645508,196600,0.0,0.0
2020-03-11 00:00:00-04:00,30.010000228881836,31.799999237060547,22.899999618530273,25.0,408600,0.0,0.0
2020-03-12 00:00:00-04:00,23.229999542236328,24.799999237060547,21.6200008392334,22.31999969482422,103100,0.0,0.0
2020-03-13 00:00:00-04:00,22.700000762939453,28.770000457763672,17.8700008392334,22.65999984741211,166800,0.0,0.0
2020-03-16 00:00:00-04:00,21.440000534057617,21.440000534057617,17.100000381469727,18.979999542236328,147100,0.0,0.0
2020-03-17 00:00:00-04:00,19.3799991607666,20.209999084472656,18.200000762939453,19.1200008392334,151300,0.0,0.0
2020-03-18 00:00:00-04:00,18.360000610351562,19.5,17.549999237060547,18.5,91800,0.0,0.0
2020-03-19 00:00:00-04:00,18.450000762939453,26.1299991607666,18.18000030517578,25.229999542236328,123200,0.0,0.0
2020-03-20 00:00:00-04:00,25.950000762939453,40.880001068115234,23.360000610351562,33.31999969482422,1350400,0.0,0.0
2020-03-23 00:00:00-04:00,34.15999984741211,37.47999954223633,25.360000610351562,36.900001525878906,219800,0.0,0.0
2020-03-24 00:00:00-04:00,37.90999984741211,38.91999816894531,30.604999542236328,36.720001220703125,102300,0.0,0.0
2020-03-25 00:00:00-04:00,36.529998779296875,36.595001220703125,31.575000762939453,32.560001373291016,150400,0.0,0.0
2020-03-26 00:00:00-04:00,32.599998474121094,32.599998474121094,30.139999389648438,31.0,51700,0.0,0.0
2020-03-27 00:00:00-04:00,30.299999237060547,30.8700008392334,23.979999542236328,27.350000381469727,144100,0.0,0.0
2020-03-30 00:00:00-04:00,28.0,30.010000228881836,24.260000228881836,29.700000762939453,44700,0.0,0.0
2020-03-31 00:00:00-04:00,29.399999618530273,31.399999618530273,27.395999908447266,29.799999237060547,102200,0.0,0.0
2020-04-01 00:00:00-04:00,29.15999984741211,29.739999771118164,25.274999618530273,25.81999969482422,100500,0.0,0.0
2020-04-02 00:00:00-04:00,25.610000610351562,28.25,24.05500030517578,25.84000015258789,48800,0.0,0.0
2020-04-03 00:00:00-04:00,25.610000610351562,26.139999389648438,24.5,25.350000381469727,83600,0.0,0.0
2020-04-06 00:00:00-04:00,26.06999969482422,29.200000762939453,25.260000228881836,28.350000381469727,74600,0.0,0.0
2020-04-07 00:00:00-04:00,28.549999237060547,28.549999237060547,26.905000686645508,28.5,39100,0.0,0.0
2020-04-08 00:00:00-04:00,28.799999237060547,28.799999237060547,26.559999465942383,27.170000076293945,34700,0.0,0.0
2020-04-09 00:00:00-04:00,27.690000534057617,32.0,26.295000076293945,31.950000762939453,78500,0.0,0.0
2020-04-13 00:00:00-04:00,31.5,32.005001068115234,29.726999282836914,31.43000030517578,37100,0.0,0.0
2020-04-14 00:00:00-04:00,31.299999237060547,32.0,30.850000381469727,30.93000030517578,30900,0.0,0.0
2020-04-15 00:00:00-04:00,30.0,30.600000381469727,25.104999542236328,25.299999237060547,131600,0.0,0.0
2020-04-16 00:00:00-04:00,25.700000762939453,27.25,23.219999313354492,26.610000610351562,136100,0.0,0.0
2020-04-17 00:00:00-04:00,27.270000457763672,28.010000228881836,25.530000686645508,27.280000686645508,38500,0.0,0.0
2020-04-20 00:00:00-04:00,26.100000381469727,28.399999618530273,25.450000762939453,27.399999618530273,42100,0.0,0.0
2020-04-21 00:00:00-04:00,26.469999313354492,30.0,25.611000061035156,28.31999969482422,71100,0.0,0.0
2020-04-22 00:00:00-04:00,29.200000762939453,29.489999771118164,27.700000762939453,28.719999313354492,24400,0.0,0.0
2020-04-23 00:00:00-04:00,28.700000762939453,29.219999313354492,26.709999084472656,27.18000030517578,20900,0.0,0.0
2020-04-24 00:00:00-04:00,27.489999771118164,30.0,27.489999771118164,29.610000610351562,83600,0.0,0.0
2020-04-27 00:00:00-04:00,30.0,30.06599998474121,29.209999084472656,29.780000686645508,75000,0.0,0.0
2020-04-28 00:00:00-04:00,30.0,30.020000457763672,28.010000228881836,28.969999313354492,47400,0.0,0.0
2020-04-29 00:00:00-04:00,29.950000762939453,31.600000381469727,28.25,29.600000381469727,113300,0.0,0.0
2020-04-30 00:00:00-04:00,29.100000381469727,30.0,28.3700008392334,29.719999313354492,33500,0.0,0.0
2020-05-01 00:00:00-04:00,28.790000915527344,29.649999618530273,25.253999710083008,26.0,120800,0.0,0.0
2020-05-04 00:00:00-04:00,25.530000686645508,26.190000534057617,23.959999084472656,25.670000076293945,32700,0.0,0.0
2020-05-05 00:00:00-04:00,26.420000076293945,27.084999084472656,25.0,25.59000015258789,37700,0.0,0.0
2020-05-06 00:00:00-04:00,25.440000534057617,25.8799991607666,24.600000381469727,25.200000762939453,31500,0.0,0.0
2020-05-07 00:00:00-04:00,25.09000015258789,25.440000534057617,24.059999465942383,24.479999542236328,28400,0.0,0.0
2020-05-08 00:00:00-04:00,25.079999923706055,25.079999923706055,24.200000762939453,24.5,44900,0.0,0.0
2020-05-11 00:00:00-04:00,24.520000457763672,27.110000610351562,24.100000381469727,26.799999237060547,35600,0.0,0.0
2020-05-12 00:00:00-04:00,26.829999923706055,28.149999618530273,24.5,24.700000762939453,43000,0.0,0.0
2020-05-13 00:00:00-04:00,24.700000762939453,27.06999969482422,24.110000610351562,26.809999465942383,46200,0.0,0.0
2020-05-14 00:00:00-04:00,26.059999465942383,26.559999465942383,24.549999237060547,25.440000534057617,89700,0.0,0.0
2020-05-15 00:00:00-04:00,25.459999084472656,26.0,24.93000030517578,25.559999465942383,24600,0.0,0.0
2020-05-18 00:00:00-04:00,26.09000015258789,29.270000457763672,26.05900001525879,28.969999313354492,41800,0.0,0.0
2020-05-19 00:00:00-04:00,28.510000228881836,30.0,26.059999465942383,26.489999771118164,38600,0.0,0.0
2020-05-20 00:00:00-04:00,27.280000686645508,29.899999618530273,26.790000915527344,29.209999084472656,39500,0.0,0.0
2020-05-21 00:00:00-04:00,29.579999923706055,29.899999618530273,28.190000534057617,29.360000610351562,30900,0.0,0.0
2020-05-22 00:00:00-04:00,29.549999237060547,30.0,28.899999618530273,29.579999923706055,28200,0.0,0.0
2020-05-26 00:00:00-04:00,30.1200008392334,31.760000228881836,29.510000228881836,29.950000762939453,220700,0.0,0.0
2020-05-27 00:00:00-04:00,30.25,30.899999618530273,29.010000228881836,30.200000762939453,55400,0.0,0.0
2020-05-28 00:00:00-04:00,30.25,30.790000915527344,29.739999771118164,29.979999542236328,51900,0.0,0.0
2020-05-29 00:00:00-04:00,29.959999084472656,35.75,29.639999389648438,33.54999923706055,178900,0.0,0.0
2020-06-01 00:00:00-04:00,34.33000183105469,38.814998626708984,33.040000915527344,33.9900016784668,93600,0.0,0.0
2020-06-02 00:00:00-04:00,34.439998626708984,34.72999954223633,30.483999252319336,31.34000015258789,46500,0.0,0.0
2020-06-03 00:00:00-04:00,31.59000015258789,34.56999969482422,31.170000076293945,33.529998779296875,57800,0.0,0.0
2020-06-04 00:00:00-04:00,33.02000045776367,35.05500030517578,30.354999542236328,30.5,48600,0.0,0.0
2020-06-05 00:00:00-04:00,31.360000610351562,34.81999969482422,29.760000228881836,31.43000030517578,91700,0.0,0.0
2020-06-08 00:00:00-04:00,32.16999816894531,32.16999816894531,29.15999984741211,29.350000381469727,54300,0.0,0.0
2020-06-09 00:00:00-04:00,29.40999984741211,29.899999618530273,27.420000076293945,28.010000228881836,34400,0.0,0.0
2020-06-10 00:00:00-04:00,27.6299991607666,29.459999084472656,27.6299991607666,28.5,26300,0.0,0.0
2020-06-11 00:00:00-04:00,27.549999237060547,27.8799991607666,25.5,25.55500030517578,123400,0.0,0.0
2020-06-12 00:00:00-04:00,26.450000762939453,26.5,25.0,25.530000686645508,51100,0.0,0.0
2020-06-15 00:00:00-04:00,25.559999465942383,30.6200008392334,25.559999465942383,29.459999084472656,168500,0.0,0.0
2020-06-16 00:00:00-04:00,30.93000030517578,30.989999771118164,28.600000381469727,29.270000457763672,127900,0.0,0.0
2020-06-17 00:00:00-04:00,29.799999237060547,30.875,28.809999465942383,28.989999771118164,133600,0.0,0.0
2020-06-18 00:00:00-04:00,29.100000381469727,30.799999237060547,28.7549991607666,29.65999984741211,195600,0.0,0.0
2020-06-19 00:00:00-04:00,29.850000381469727,39.85300064086914,29.799999237060547,33.79999923706055,709100,0.0,0.0
2020-06-22 00:00:00-04:00,34.040000915527344,39.75,34.040000915527344,36.560001373291016,105000,0.0,0.0
2020-06-23 00:00:00-04:00,36.7599983215332,36.95000076293945,32.279998779296875,32.5,101900,0.0,0.0
2020-06-24 00:00:00-04:00,32.11000061035156,33.70000076293945,30.270000457763672,32.400001525878906,76400,0.0,0.0
2020-06-25 00:00:00-04:00,32.130001068115234,34.474998474121094,32.130001068115234,32.709999084472656,48600,0.0,0.0
2020-06-26 00:00:00-04:00,32.119998931884766,32.88999938964844,30.010000228881836,32.470001220703125,169200,0.0,0.0
2020-06-29 00:00:00-04:00,32.849998474121094,34.040000915527344,31.790000915527344,33.0099983215332,44300,0.0,0.0
2020-06-30 00:00:00-04:00,32.7400016784668,33.768001556396484,29.170000076293945,30.239999771118164,95100,0.0,0.0
2020-07-01 00:00:00-04:00,30.100000381469727,32.11000061035156,29.34000015258789,31.829999923706055,95200,0.0,0.0
2020-07-02 00:00:00-04:00,31.850000381469727,32.327999114990234,31.0,32.0099983215332,35500,0.0,0.0
2020-07-06 00:00:00-04:00,32.470001220703125,33.0,31.305999755859375,32.279998779296875,28700,0.0,0.0
2020-07-07 00:00:00-04:00,32.2400016784668,33.20800018310547,31.790000915527344,32.0,34800,0.0,0.0
2020-07-08 00:00:00-04:00,32.0099983215332,33.06999969482422,29.770000457763672,31.200000762939453,101200,0.0,0.0
2020-07-09 00:00:00-04:00,31.020000457763672,31.28700065612793,28.8799991607666,29.059999465942383,61300,0.0,0.0
2020-07-10 00:00:00-04:00,29.3700008392334,30.020000457763672,27.940000534057617,29.09000015258789,78000,0.0,0.0
2020-07-13 00:00:00-04:00,29.110000610351562,29.899999618530273,27.290000915527344,27.56999969482422,124100,0.0,0.0
2020-07-14 00:00:00-04:00,27.5,28.670000076293945,27.1200008392334,28.290000915527344,77100,0.0,0.0
2020-07-15 00:00:00-04:00,28.920000076293945,29.739999771118164,28.5,28.940000534057617,68100,0.0,0.0
2020-07-16 00:00:00-04:00,28.989999771118164,29.530000686645508,27.229999542236328,27.8799991607666,52600,0.0,0.0
2020-07-17 00:00:00-04:00,27.639999389648438,30.149999618530273,27.639999389648438,29.0,44100,0.0,0.0
2020-07-20 00:00:00-04:00,28.81999969482422,29.829999923706055,28.309999465942383,29.059999465942383,33100,0.0,0.0
2020-07-21 00:00:00-04:00,28.75,30.049999237060547,28.229999542236328,28.440000534057617,41900,0.0,0.0
2020-07-22 00:00:00-04:00,28.209999084472656,28.65999984741211,27.110000610351562,27.700000762939453,57100,0.0,0.0
2020-07-23 00:00:00-04:00,27.59000015258789,28.709999084472656,27.309999465942383,27.600000381469727,38600,0.0,0.0
2020-07-24 00:00:00-04:00,27.309999465942383,27.825000762939453,26.8799991607666,27.280000686645508,39900,0.0,0.0
2020-07-27 00:00:00-04:00,27.350000381469727,29.165000915527344,26.850000381469727,27.969999313354492,26900,0.0,0.0
2020-07-28 00:00:00-04:00,27.809999465942383,29.780000686645508,27.75,28.190000534057617,54200,0.0,0.0
2020-07-29 00:00:00-04:00,28.440000534057617,28.959999084472656,27.260000228881836,27.559999465942383,61900,0.0,0.0
2020-07-30 00:00:00-04:00,27.020000457763672,28.79400062561035,27.020000457763672,27.6200008392334,41800,0.0,0.0
2020-07-31 00:00:00-04:00,29.079999923706055,29.079999923706055,26.31999969482422,26.700000762939453,115900,0.0,0.0
2020-08-03 00:00:00-04:00,26.899999618530273,27.07900047302246,25.364999771118164,25.889999389648438,234100,0.0,0.0
2020-08-04 00:00:00-04:00,25.600000381469727,26.31999969482422,24.489999771118164,24.969999313354492,102100,0.0,0.0
2020-08-05 00:00:00-04:00,25.3799991607666,25.790000915527344,24.209999084472656,24.549999237060547,103100,0.0,0.0
2020-08-06 00:00:00-04:00,24.809999465942383,24.82699966430664,24.040000915527344,24.280000686645508,59500,0.0,0.0
2020-08-07 00:00:00-04:00,24.290000915527344,24.59000015258789,24.020000457763672,24.219999313354492,120000,0.0,0.0
2020-08-10 00:00:00-04:00,24.600000381469727,25.850000381469727,23.780000686645508,25.700000762939453,119300,0.0,0.0
2020-08-11 00:00:00-04:00,25.729999542236328,25.729999542236328,24.6299991607666,24.65999984741211,63200,0.0,0.0
2020-08-12 00:00:00-04:00,25.0,26.790000915527344,24.559999465942383,26.1299991607666,279700,0.0,0.0
2020-08-13 00:00:00-04:00,26.139999389648438,27.110000610351562,25.510000228881836,25.9950008392334,78200,0.0,0.0
2020-08-14 00:00:00-04:00,25.950000762939453,26.360000610351562,25.18000030517578,26.15999984741211,48200,0.0,0.0
2020-08-17 00:00:00-04:00,26.290000915527344,27.1299991607666,25.75,26.219999313354492,218300,0.0,0.0
2020-08-18 00:00:00-04:00,26.25,26.799999237060547,26.110000610351562,26.520000457763672,98100,0.0,0.0
2020-08-19 00:00:00-04:00,26.420000076293945,27.5,26.0,26.93000030517578,134000,0.0,0.0
2020-08-20 00:00:00-04:00,26.760000228881836,27.920000076293945,26.760000228881836,27.5,117900,0.0,0.0
2020-08-21 00:00:00-04:00,27.5,29.6299991607666,26.899999618530273,28.200000762939453,134000,0.0,0.0
2020-08-24 00:00:00-04:00,28.219999313354492,28.8799991607666,25.0,25.239999771118164,237100,0.0,0.0
2020-08-25 00:00:00-04:00,25.280000686645508,25.969999313354492,24.90999984741211,24.959999084472656,78600,0.0,0.0
2020-08-26 00:00:00-04:00,25.020000457763672,26.0,24.299999237060547,24.65999984741211,115100,0.0,0.0
2020-08-27 00:00:00-04:00,24.940000534057617,24.940000534057617,23.5,24.040000915527344,63800,0.0,0.0
2020-08-28 00:00:00-04:00,24.68400001525879,24.8799991607666,23.59000015258789,24.600000381469727,76300,0.0,0.0
2020-08-31 00:00:00-04:00,24.450000762939453,25.885000228881836,24.450000762939453,25.06999969482422,90100,0.0,0.0
2020-09-01 00:00:00-04:00,25.09000015258789,25.09000015258789,24.020000457763672,24.799999237060547,67700,0.0,0.0
2020-09-02 00:00:00-04:00,25.020000457763672,25.75,24.45800018310547,25.389999389648438,108000,0.0,0.0
2020-09-03 00:00:00-04:00,25.399999618530273,25.399999618530273,24.239999771118164,24.799999237060547,61400,0.0,0.0
2020-09-04 00:00:00-04:00,25.239999771118164,25.43000030517578,22.954999923706055,24.399999618530273,108600,0.0,0.0
2020-09-08 00:00:00-04:00,24.209999084472656,24.790000915527344,23.989999771118164,24.190000534057617,195500,0.0,0.0
2020-09-09 00:00:00-04:00,24.690000534057617,25.729000091552734,23.850000381469727,23.8799991607666,125700,0.0,0.0
2020-09-10 00:00:00-04:00,24.200000762939453,24.31999969482422,23.889999389648438,24.040000915527344,180300,0.0,0.0
2020-09-11 00:00:00-04:00,24.450000762939453,24.450000762939453,23.190000534057617,23.440000534057617,87300,0.0,0.0
2020-09-14 00:00:00-04:00,23.969999313354492,25.344999313354492,23.559999465942383,24.3700008392334,135200,0.0,0.0
2020-09-15 00:00:00-04:00,24.950000762939453,25.18000030517578,24.31999969482422,25.079999923706055,112400,0.0,0.0
2020-09-16 00:00:00-04:00,25.420000076293945,26.350000381469727,24.829999923706055,25.690000534057617,339900,0.0,0.0
2020-09-17 00:00:00-04:00,25.190000534057617,27.610000610351562,25.190000534057617,27.219999313354492,230100,0.0,0.0
2020-09-18 00:00:00-04:00,27.639999389648438,28.889999389648438,26.06999969482422,26.34000015258789,1431700,0.0,0.0
2020-09-21 00:00:00-04:00,25.81999969482422,26.389999389648438,24.440000534057617,25.649999618530273,194900,0.0,0.0
2020-09-22 00:00:00-04:00,25.889999389648438,26.299999237060547,24.459999084472656,25.280000686645508,153800,0.0,0.0
2020-09-23 00:00:00-04:00,25.190000534057617,25.8799991607666,24.239999771118164,24.739999771118164,63900,0.0,0.0
2020-09-24 00:00:00-04:00,24.649999618530273,25.174999237060547,24.209999084472656,24.649999618530273,43800,0.0,0.0
2020-09-25 00:00:00-04:00,24.56999969482422,25.295000076293945,24.030000686645508,25.059999465942383,65400,0.0,0.0
2020-09-28 00:00:00-04:00,25.5,27.15999984741211,25.25,26.760000228881836,76900,0.0,0.0
2020-09-29 00:00:00-04:00,27.010000228881836,31.43000030517578,27.010000228881836,31.040000915527344,274200,0.0,0.0
2020-09-30 00:00:00-04:00,29.209999084472656,30.010000228881836,27.9060001373291,29.299999237060547,278800,0.0,0.0
2020-10-01 00:00:00-04:00,29.059999465942383,29.729999542236328,27.610000610351562,27.6200008392334,358000,0.0,0.0
2020-10-02 00:00:00-04:00,24.350000381469727,24.599000930786133,23.15999984741211,23.299999237060547,1574200,0.0,0.0
2020-10-05 00:00:00-04:00,23.600000381469727,24.350000381469727,23.40999984741211,23.639999389648438,393500,0.0,0.0
2020-10-06 00:00:00-04:00,23.459999084472656,24.049999237060547,23.170000076293945,23.75,337600,0.0,0.0
2020-10-07 00:00:00-04:00,24.600000381469727,24.799999237060547,24.0,24.3799991607666,307800,0.0,0.0
2020-10-08 00:00:00-04:00,25.0,25.0,24.209999084472656,24.34000015258789,565300,0.0,0.0
2020-10-09 00:00:00-04:00,24.1200008392334,24.6200008392334,23.81999969482422,24.139999389648438,249700,0.0,0.0
2020-10-12 00:00:00-04:00,24.149999618530273,24.56999969482422,23.559999465942383,23.625,262800,0.0,0.0
2020-10-13 00:00:00-04:00,23.690000534057617,24.6299991607666,23.690000534057617,24.420000076293945,249200,0.0,0.0
2020-10-14 00:00:00-04:00,24.520000457763672,24.8700008392334,23.854999542236328,24.18000030517578,173000,0.0,0.0
2020-10-15 00:00:00-04:00,23.93000030517578,24.31999969482422,22.290000915527344,23.959999084472656,197300,0.0,0.0
2020-10-16 00:00:00-04:00,23.790000915527344,24.354999542236328,23.579999923706055,23.989999771118164,252400,0.0,0.0
2020-10-19 00:00:00-04:00,24.0,24.200000762939453,23.6200008392334,24.0,155600,0.0,0.0
2020-10-20 00:00:00-04:00,24.059999465942383,24.09000015258789,22.670000076293945,23.690000534057617,130300,0.0,0.0
2020-10-21 00:00:00-04:00,23.809999465942383,23.809999465942383,22.969999313354492,23.09000015258789,142800,0.0,0.0
2020-10-22 00:00:00-04:00,23.079999923706055,23.25,22.709999084472656,22.75,200600,0.0,0.0
2020-10-23 00:00:00-04:00,22.770000457763672,23.364999771118164,22.31999969482422,23.040000915527344,121100,0.0,0.0
2020-10-26 00:00:00-04:00,22.969999313354492,23.360000610351562,20.674999237060547,20.920000076293945,393600,0.0,0.0
2020-10-27 00:00:00-04:00,20.920000076293945,21.469999313354492,20.739999771118164,21.25,149100,0.0,0.0
2020-10-28 00:00:00-04:00,20.889999389648438,21.06999969482422,19.920000076293945,20.1299991607666,293400,0.0,0.0
2020-10-29 00:00:00-04:00,20.5,20.520000457763672,19.75,20.040000915527344,308000,0.0,0.0
2020-10-30 00:00:00-04:00,21.184999465942383,21.184999465942383,17.530000686645508,17.81999969482422,296500,0.0,0.0
2020-11-02 00:00:00-05:00,17.979999542236328,19.780000686645508,17.979999542236328,18.719999313354492,190200,0.0,0.0
2020-11-03 00:00:00-05:00,18.860000610351562,19.110000610351562,18.0,18.190000534057617,121300,0.0,0.0
2020-11-04 00:00:00-05:00,18.25,19.100000381469727,18.08300018310547,18.969999313354492,112100,0.0,0.0
2020-11-05 00:00:00-05:00,18.989999771118164,19.719999313354492,17.739999771118164,18.65999984741211,147500,0.0,0.0
2020-11-06 00:00:00-05:00,18.440000534057617,18.709999084472656,17.510000228881836,18.25,284000,0.0,0.0
2020-11-09 00:00:00-05:00,22.15999984741211,22.15999984741211,20.010000228881836,20.780000686645508,226500,0.0,0.0
2020-11-10 00:00:00-05:00,20.969999313354492,21.0,20.03499984741211,20.649999618530273,105100,0.0,0.0
2020-11-11 00:00:00-05:00,20.969999313354492,21.040000915527344,20.200000762939453,20.950000762939453,80300,0.0,0.0
2020-11-12 00:00:00-05:00,20.969999313354492,21.43000030517578,20.360000610351562,20.829999923706055,272500,0.0,0.0
2020-11-13 00:00:00-05:00,22.19499969482422,22.19499969482422,20.81999969482422,21.170000076293945,139700,0.0,0.0
2020-11-16 00:00:00-05:00,22.1200008392334,22.1200008392334,20.920000076293945,21.40999984741211,130400,0.0,0.0
2020-11-17 00:00:00-05:00,21.399999618530273,21.399999618530273,20.665000915527344,20.84000015258789,115800,0.0,0.0
2020-11-18 00:00:00-05:00,21.25,21.43000030517578,20.545000076293945,20.920000076293945,394500,0.0,0.0
2020-11-19 00:00:00-05:00,21.020000457763672,21.979999542236328,21.0,21.389999389648438,80500,0.0,0.0
2020-11-20 00:00:00-05:00,21.1200008392334,23.190000534057617,21.1200008392334,23.1200008392334,171300,0.0,0.0
2020-11-23 00:00:00-05:00,24.15999984741211,25.239999771118164,23.610000610351562,25.18000030517578,258300,0.0,0.0
2020-11-24 00:00:00-05:00,25.309999465942383,25.940000534057617,24.979999542236328,25.510000228881836,186100,0.0,0.0
2020-11-25 00:00:00-05:00,24.549999237060547,26.200000762939453,24.549999237060547,25.6200008392334,122300,0.0,0.0
2020-11-27 00:00:00-05:00,25.850000381469727,26.3799991607666,25.520000457763672,25.940000534057617,48600,0.0,0.0
2020-11-30 00:00:00-05:00,26.770000457763672,27.274999618530273,25.940000534057617,27.1200008392334,335800,0.0,0.0
2020-12-01 00:00:00-05:00,27.739999771118164,27.739999771118164,24.65999984741211,24.84000015258789,194400,0.0,0.0
2020-12-02 00:00:00-05:00,24.6299991607666,26.475000381469727,24.6299991607666,25.75,140300,0.0,0.0
2020-12-03 00:00:00-05:00,25.81999969482422,26.829999923706055,25.81999969482422,26.649999618530273,108900,0.0,0.0
2020-12-04 00:00:00-05:00,26.649999618530273,26.93000030517578,25.5049991607666,26.010000228881836,112800,0.0,0.0
2020-12-07 00:00:00-05:00,26.239999771118164,26.829999923706055,25.81999969482422,26.510000228881836,102600,0.0,0.0
2020-12-08 00:00:00-05:00,26.360000610351562,26.81999969482422,26.020000457763672,26.40999984741211,165800,0.0,0.0
2020-12-09 00:00:00-05:00,26.670000076293945,28.229999542236328,25.719999313354492,28.190000534057617,264400,0.0,0.0
2020-12-10 00:00:00-05:00,28.020000457763672,29.5,27.59000015258789,29.049999237060547,242900,0.0,0.0
2020-12-11 00:00:00-05:00,28.489999771118164,29.489999771118164,27.079999923706055,28.850000381469727,118000,0.0,0.0
2020-12-14 00:00:00-05:00,29.280000686645508,30.219999313354492,28.459999084472656,29.15999984741211,332400,0.0,0.0
2020-12-15 00:00:00-05:00,29.260000228881836,30.440000534057617,28.43000030517578,29.649999618530273,239100,0.0,0.0
2020-12-16 00:00:00-05:00,29.8799991607666,32.209999084472656,29.59000015258789,31.34000015258789,155100,0.0,0.0
2020-12-17 00:00:00-05:00,31.149999618530273,32.0,30.67300033569336,31.729999542236328,168600,0.0,0.0
2020-12-18 00:00:00-05:00,31.920000076293945,32.0,28.65999984741211,28.899999618530273,1943700,0.0,0.0
2020-12-21 00:00:00-05:00,28.8799991607666,29.270000457763672,27.040000915527344,28.950000762939453,268900,0.0,0.0
2020-12-22 00:00:00-05:00,28.889999389648438,31.0,28.729999542236328,30.0,160100,0.0,0.0
2020-12-23 00:00:00-05:00,30.110000610351562,31.059999465942383,27.559999465942383,28.149999618530273,152200,0.0,0.0
2020-12-24 00:00:00-05:00,28.25,30.15999984741211,28.020000457763672,29.610000610351562,78200,0.0,0.0
2020-12-28 00:00:00-05:00,30.020000457763672,30.104999542236328,28.950000762939453,29.25,100400,0.0,0.0
2020-12-29 00:00:00-05:00,29.270000457763672,29.80500030517578,28.329999923706055,28.8799991607666,135900,0.0,0.0
2020-12-30 00:00:00-05:00,29.020000457763672,30.165000915527344,28.59000015258789,29.299999237060547,118900,0.0,0.0
2020-12-31 00:00:00-05:00,29.469999313354492,29.469999313354492,27.920000076293945,28.1299991607666,87100,0.0,0.0
2021-01-04 00:00:00-05:00,27.584999084472656,29.049999237060547,27.584999084472656,28.440000534057617,119200,0.0,0.0
2021-01-05 00:00:00-05:00,29.225000381469727,29.225000381469727,27.709999084472656,28.030000686645508,74200,0.0,0.0
2021-01-06 00:00:00-05:00,28.059999465942383,29.625,27.950000762939453,28.700000762939453,81300,0.0,0.0
2021-01-07 00:00:00-05:00,28.329999923706055,29.510000228881836,27.257999420166016,28.780000686645508,70600,0.0,0.0
2021-01-08 00:00:00-05:00,28.739999771118164,29.25,26.90999984741211,28.15999984741211,107300,0.0,0.0
2021-01-11 00:00:00-05:00,27.610000610351562,28.489999771118164,27.350000381469727,27.790000915527344,53100,0.0,0.0
2021-01-12 00:00:00-05:00,27.940000534057617,28.549999237060547,27.06999969482422,27.31999969482422,57700,0.0,0.0
2021-01-13 00:00:00-05:00,27.06999969482422,28.336000442504883,26.829999923706055,27.139999389648438,61300,0.0,0.0
2021-01-14 00:00:00-05:00,27.729999542236328,28.739999771118164,27.010000228881836,28.489999771118164,74700,0.0,0.0
2021-01-15 00:00:00-05:00,28.280000686645508,29.738000869750977,27.3700008392334,28.6299991607666,241500,0.0,0.0
2021-01-19 00:00:00-05:00,29.780000686645508,30.969999313354492,28.270000457763672,28.719999313354492,240600,0.0,0.0
2021-01-20 00:00:00-05:00,28.940000534057617,29.309999465942383,27.899999618530273,28.209999084472656,82100,0.0,0.0
2021-01-21 00:00:00-05:00,28.31999969482422,28.31999969482422,26.559999465942383,27.219999313354492,276800,0.0,0.0
2021-01-22 00:00:00-05:00,27.010000228881836,27.27400016784668,26.469999313354492,26.809999465942383,148700,0.0,0.0
2021-01-25 00:00:00-05:00,27.0,27.5,26.229999542236328,27.170000076293945,165600,0.0,0.0
2021-01-26 00:00:00-05:00,27.31999969482422,27.489999771118164,26.149999618530273,26.510000228881836,265800,0.0,0.0
2021-01-27 00:00:00-05:00,26.3799991607666,26.3799991607666,24.25,24.469999313354492,197800,0.0,0.0
2021-01-28 00:00:00-05:00,25.260000228881836,26.549999237060547,24.950000762939453,26.059999465942383,427900,0.0,0.0
2021-01-29 00:00:00-05:00,26.0,27.489999771118164,24.690000534057617,27.290000915527344,138000,0.0,0.0
2021-02-01 00:00:00-05:00,33.25,36.75,32.0,35.58000183105469,1497000,0.0,0.0
2021-02-02 00:00:00-05:00,35.689998626708984,36.95000076293945,33.06999969482422,36.099998474121094,482300,0.0,0.0
2021-02-03 00:00:00-05:00,35.86000061035156,36.439998626708984,33.220001220703125,34.630001068115234,1945500,0.0,0.0
2021-02-04 00:00:00-05:00,34.88999938964844,35.310001373291016,34.29999923706055,34.900001525878906,545900,0.0,0.0
2021-02-05 00:00:00-05:00,35.5,35.5,32.900001525878906,35.040000915527344,394300,0.0,0.0
2021-02-08 00:00:00-05:00,35.27000045776367,37.13999938964844,35.25,36.97999954223633,303100,0.0,0.0
2021-02-09 00:00:00-05:00,38.0,38.4900016784668,35.43000030517578,36.040000915527344,240200,0.0,0.0
2021-02-10 00:00:00-05:00,35.63999938964844,36.4900016784668,34.32500076293945,36.13999938964844,203900,0.0,0.0
2021-02-11 00:00:00-05:00,36.470001220703125,36.4900016784668,34.0,34.810001373291016,164100,0.0,0.0
2021-02-12 00:00:00-05:00,35.5,36.119998931884766,34.099998474121094,35.08000183105469,116300,0.0,0.0
2021-02-16 00:00:00-05:00,35.58000183105469,35.869998931884766,33.61000061035156,33.689998626708984,492100,0.0,0.0
2021-02-17 00:00:00-05:00,34.7599983215332,35.95000076293945,33.45500183105469,35.040000915527344,488700,0.0,0.0
2021-02-18 00:00:00-05:00,34.529998779296875,36.380001068115234,34.220001220703125,34.97999954223633,324600,0.0,0.0
2021-02-19 00:00:00-05:00,36.22999954223633,36.470001220703125,35.06999969482422,36.13999938964844,189900,0.0,0.0
2021-02-22 00:00:00-05:00,35.900001525878906,36.5,34.7400016784668,35.65999984741211,183100,0.0,0.0
2021-02-23 00:00:00-05:00,35.029998779296875,36.599998474121094,34.27000045776367,35.849998474121094,278900,0.0,0.0
2021-02-24 00:00:00-05:00,36.525001525878906,36.525001525878906,34.86000061035156,35.0,192800,0.0,0.0
2021-02-25 00:00:00-05:00,35.0,35.209999084472656,33.20000076293945,34.2400016784668,174400,0.0,0.0
2021-02-26 00:00:00-05:00,34.4900016784668,35.09000015258789,32.66999816894531,34.16999816894531,155300,0.0,0.0
2021-03-01 00:00:00-05:00,34.2400016784668,35.279998779296875,33.72999954223633,34.970001220703125,350800,0.0,0.0
2021-03-02 00:00:00-05:00,35.029998779296875,35.89400100708008,35.0,35.040000915527344,222900,0.0,0.0
2021-03-03 00:00:00-05:00,35.0099983215332,35.65999984741211,32.220001220703125,32.439998626708984,249500,0.0,0.0
2021-03-04 00:00:00-05:00,32.75,33.099998474121094,29.110000610351562,30.690000534057617,288700,0.0,0.0
2021-03-05 00:00:00-05:00,30.549999237060547,32.599998474121094,29.709999084472656,31.25,274000,0.0,0.0
2021-03-08 00:00:00-05:00,31.299999237060547,32.0,29.94499969482422,30.280000686645508,142400,0.0,0.0
2021-03-09 00:00:00-05:00,30.65999984741211,33.11000061035156,30.65999984741211,33.02000045776367,164700,0.0,0.0
2021-03-10 00:00:00-05:00,32.900001525878906,33.81999969482422,31.520000457763672,32.20000076293945,106600,0.0,0.0
2021-03-11 00:00:00-05:00,32.529998779296875,33.72999954223633,32.150001525878906,32.84000015258789,139800,0.0,0.0
2021-03-12 00:00:00-05:00,32.52000045776367,33.18000030517578,32.17499923706055,32.54999923706055,93900,0.0,0.0
2021-03-15 00:00:00-04:00,32.915000915527344,32.959999084472656,31.969999313354492,32.540000915527344,60000,0.0,0.0
2021-03-16 00:00:00-04:00,32.81999969482422,33.20000076293945,30.239999771118164,30.920000076293945,109400,0.0,0.0
2021-03-17 00:00:00-04:00,32.314998626708984,32.7400016784668,30.020000457763672,32.34000015258789,190500,0.0,0.0
2021-03-18 00:00:00-04:00,31.979999542236328,32.349998474121094,29.84000015258789,30.290000915527344,163300,0.0,0.0
2021-03-19 00:00:00-04:00,30.639999389648438,31.389999389648438,29.8700008392334,30.829999923706055,685500,0.0,0.0
2021-03-22 00:00:00-04:00,30.729999542236328,31.739999771118164,30.183000564575195,31.489999771118164,131800,0.0,0.0
2021-03-23 00:00:00-04:00,31.0,31.43000030517578,29.260000228881836,29.829999923706055,211000,0.0,0.0
2021-03-24 00:00:00-04:00,29.90999984741211,29.959999084472656,28.3799991607666,28.469999313354492,190900,0.0,0.0
2021-03-25 00:00:00-04:00,28.309999465942383,29.459999084472656,27.3799991607666,28.190000534057617,299600,0.0,0.0
2021-03-26 00:00:00-04:00,28.15999984741211,30.979999542236328,27.29599952697754,28.1299991607666,88600,0.0,0.0
2021-03-29 00:00:00-04:00,27.860000610351562,28.1200008392334,26.270000457763672,26.610000610351562,116800,0.0,0.0
2021-03-30 00:00:00-04:00,26.559999465942383,27.530000686645508,26.0,26.920000076293945,69700,0.0,0.0
2021-03-31 00:00:00-04:00,27.100000381469727,29.229999542236328,27.0,28.93000030517578,167800,0.0,0.0
2021-04-01 00:00:00-04:00,29.270000457763672,30.280000686645508,28.399999618530273,29.739999771118164,248500,0.0,0.0
2021-04-05 00:00:00-04:00,29.93000030517578,30.079999923706055,27.139999389648438,27.760000228881836,224600,0.0,0.0
2021-04-06 00:00:00-04:00,28.7549991607666,28.809999465942383,27.510000228881836,27.860000610351562,168000,0.0,0.0
2021-04-07 00:00:00-04:00,28.225000381469727,28.520000457763672,27.510000228881836,27.989999771118164,205100,0.0,0.0
2021-04-08 00:00:00-04:00,28.3700008392334,29.239999771118164,27.149999618530273,27.549999237060547,187900,0.0,0.0
2021-04-09 00:00:00-04:00,27.34000015258789,27.540000915527344,26.149999618530273,26.6200008392334,77200,0.0,0.0
2021-04-12 00:00:00-04:00,26.6299991607666,27.649999618530273,25.81999969482422,27.100000381469727,145600,0.0,0.0
2021-04-13 00:00:00-04:00,27.25,28.049999237060547,26.8799991607666,27.809999465942383,67200,0.0,0.0
2021-04-14 00:00:00-04:00,27.889999389648438,28.799999237060547,27.579999923706055,28.09000015258789,109700,0.0,0.0
2021-04-15 00:00:00-04:00,28.350000381469727,29.030000686645508,28.030000686645508,28.68000030517578,63800,0.0,0.0
2021-04-16 00:00:00-04:00,28.940000534057617,28.940000534057617,27.139999389648438,27.520000457763672,148400,0.0,0.0
2021-04-19 00:00:00-04:00,27.239999771118164,28.1299991607666,27.040000915527344,27.90999984741211,132300,0.0,0.0
2021-04-20 00:00:00-04:00,27.940000534057617,28.8700008392334,27.475000381469727,28.65999984741211,198000,0.0,0.0
2021-04-21 00:00:00-04:00,28.709999084472656,30.40999984741211,27.100000381469727,30.260000228881836,106200,0.0,0.0
2021-04-22 00:00:00-04:00,30.139999389648438,31.969999313354492,29.899999618530273,30.56999969482422,170500,0.0,0.0
2021-04-23 00:00:00-04:00,30.579999923706055,31.1299991607666,28.559999465942383,28.969999313354492,163400,0.0,0.0
2021-04-26 00:00:00-04:00,29.059999465942383,30.809999465942383,28.100000381469727,30.540000915527344,93200,0.0,0.0
2021-04-27 00:00:00-04:00,30.639999389648438,31.280000686645508,29.899999618530273,30.329999923706055,55500,0.0,0.0
2021-04-28 00:00:00-04:00,30.040000915527344,30.639999389648438,29.639999389648438,30.100000381469727,70500,0.0,0.0
2021-04-29 00:00:00-04:00,30.389999389648438,30.8799991607666,29.280000686645508,30.549999237060547,74500,0.0,0.0
2021-04-30 00:00:00-04:00,33.71799850463867,36.45000076293945,33.310001373291016,33.5,1543200,0.0,0.0
2021-05-03 00:00:00-04:00,35.279998779296875,35.4900016784668,33.599998474121094,34.75,733700,0.0,0.0
2021-05-04 00:00:00-04:00,35.0,35.04999923706055,33.060001373291016,33.22999954223633,450700,0.0,0.0
2021-05-05 00:00:00-04:00,34.0,34.959999084472656,33.459999084472656,33.56999969482422,316200,0.0,0.0
2021-05-06 00:00:00-04:00,34.74599838256836,34.74599838256836,30.940000534057617,32.619998931884766,461000,0.0,0.0
2021-05-07 00:00:00-04:00,33.63999938964844,35.209999084472656,33.290000915527344,34.130001068115234,305800,0.0,0.0
2021-05-10 00:00:00-04:00,34.849998474121094,34.849998474121094,32.42900085449219,32.54999923706055,237100,0.0,0.0
2021-05-11 00:00:00-04:00,31.350000381469727,31.624000549316406,28.700000762939453,29.6200008392334,549100,0.0,0.0
2021-05-12 00:00:00-04:00,30.010000228881836,30.06999969482422,27.020000457763672,27.2549991607666,436300,0.0,0.0
2021-05-13 00:00:00-04:00,27.209999084472656,28.058000564575195,24.790000915527344,25.549999237060547,598200,0.0,0.0
2021-05-14 00:00:00-04:00,25.399999618530273,26.209999084472656,25.110000610351562,25.75,305700,0.0,0.0
2021-05-17 00:00:00-04:00,25.56999969482422,25.68000030517578,24.56999969482422,25.079999923706055,319000,0.0,0.0
2021-05-18 00:00:00-04:00,25.040000915527344,25.81999969482422,24.600000381469727,25.030000686645508,242300,0.0,0.0
2021-05-19 00:00:00-04:00,24.579999923706055,24.790000915527344,23.770000457763672,24.420000076293945,168700,0.0,0.0
2021-05-20 00:00:00-04:00,24.290000915527344,25.260000228881836,24.263999938964844,25.110000610351562,151600,0.0,0.0
2021-05-21 00:00:00-04:00,25.40999984741211,25.59000015258789,24.799999237060547,25.350000381469727,137300,0.0,0.0
2021-05-24 00:00:00-04:00,25.459999084472656,25.719999313354492,24.950000762939453,25.25,112500,0.0,0.0
2021-05-25 00:00:00-04:00,25.229999542236328,26.15999984741211,25.010000228881836,25.139999389648438,203000,0.0,0.0
2021-05-26 00:00:00-04:00,25.219999313354492,26.299999237060547,24.709999084472656,25.719999313354492,158000,0.0,0.0
2021-05-27 00:00:00-04:00,27.360000610351562,27.360000610351562,25.149999618530273,26.229999542236328,340800,0.0,0.0
2021-05-28 00:00:00-04:00,26.1299991607666,27.229999542236328,26.1299991607666,26.350000381469727,197400,0.0,0.0
2021-06-01 00:00:00-04:00,26.40999984741211,27.829999923706055,26.299999237060547,27.420000076293945,169000,0.0,0.0
2021-06-02 00:00:00-04:00,27.5,27.639999389648438,26.350000381469727,26.739999771118164,155700,0.0,0.0
2021-06-03 00:00:00-04:00,26.5,27.0,26.030000686645508,26.739999771118164,134400,0.0,0.0
2021-06-04 00:00:00-04:00,26.700000762939453,27.073999404907227,26.100000381469727,26.3799991607666,84400,0.0,0.0
2021-06-07 00:00:00-04:00,26.350000381469727,28.079999923706055,26.1200008392334,27.81999969482422,204400,0.0,0.0
2021-06-08 00:00:00-04:00,28.139999389648438,28.809999465942383,26.809999465942383,27.940000534057617,147600,0.0,0.0
2021-06-09 00:00:00-04:00,28.18000030517578,28.4950008392334,27.655000686645508,27.770000457763672,83100,0.0,0.0
2021-06-10 00:00:00-04:00,27.68000030517578,28.479999542236328,27.68000030517578,28.149999618530273,78800,0.0,0.0
2021-06-11 00:00:00-04:00,28.200000762939453,28.420000076293945,27.850000381469727,28.360000610351562,83300,0.0,0.0
2021-06-14 00:00:00-04:00,28.549999237060547,29.209999084472656,28.549999237060547,29.079999923706055,127900,0.0,0.0
2021-06-15 00:00:00-04:00,29.170000076293945,29.3700008392334,27.93000030517578,28.510000228881836,95700,0.0,0.0
2021-06-16 00:00:00-04:00,28.600000381469727,28.979999542236328,27.209999084472656,28.1200008392334,221100,0.0,0.0
2021-06-17 00:00:00-04:00,27.770000457763672,28.219999313354492,27.018999099731445,27.829999923706055,241100,0.0,0.0
2021-06-18 00:00:00-04:00,27.440000534057617,27.8700008392334,26.600000381469727,27.350000381469727,473400,0.0,0.0
2021-06-21 00:00:00-04:00,27.5,27.5,26.600000381469727,27.299999237060547,119200,0.0,0.0
2021-06-22 00:00:00-04:00,27.200000762939453,27.469999313354492,26.174999237060547,26.399999618530273,95900,0.0,0.0
2021-06-23 00:00:00-04:00,26.329999923706055,27.075000762939453,26.030000686645508,26.8799991607666,123600,0.0,0.0
2021-06-24 00:00:00-04:00,27.530000686645508,27.530000686645508,26.979999542236328,27.360000610351562,176300,0.0,0.0
2021-06-25 00:00:00-04:00,27.5,27.670000076293945,27.100000381469727,27.389999389648438,1421100,0.0,0.0
2021-06-28 00:00:00-04:00,27.520000457763672,27.8799991607666,26.81999969482422,27.049999237060547,87500,0.0,0.0
2021-06-29 00:00:00-04:00,26.899999618530273,27.170000076293945,25.770000457763672,25.829999923706055,192200,0.0,0.0
2021-06-30 00:00:00-04:00,26.530000686645508,27.530000686645508,25.8799991607666,27.290000915527344,180000,0.0,0.0
2021-07-01 00:00:00-04:00,26.489999771118164,27.32699966430664,25.690000534057617,26.5,308900,0.0,0.0
2021-07-02 00:00:00-04:00,26.5,26.719999313354492,25.549999237060547,26.350000381469727,112500,0.0,0.0
2021-07-06 00:00:00-04:00,26.579999923706055,26.639999389648438,25.200000762939453,25.440000534057617,119900,0.0,0.0
2021-07-07 00:00:00-04:00,25.290000915527344,25.399999618530273,24.59000015258789,24.8799991607666,155700,0.0,0.0
2021-07-08 00:00:00-04:00,24.450000762939453,25.68400001525879,24.209999084472656,25.399999618530273,144400,0.0,0.0
2021-07-09 00:00:00-04:00,25.25,26.56999969482422,25.25,26.489999771118164,78300,0.0,0.0
2021-07-12 00:00:00-04:00,26.450000762939453,27.190000534057617,26.010000228881836,27.059999465942383,129600,0.0,0.0
2021-07-13 00:00:00-04:00,27.059999465942383,27.450000762939453,26.520000457763672,27.100000381469727,118000,0.0,0.0
2021-07-14 00:00:00-04:00,26.795000076293945,27.18000030517578,24.559999465942383,24.90999984741211,222600,0.0,0.0
2021-07-15 00:00:00-04:00,24.899999618530273,25.559999465942383,24.309999465942383,24.8799991607666,92000,0.0,0.0
2021-07-16 00:00:00-04:00,25.219999313354492,25.969999313354492,24.43000030517578,25.600000381469727,124800,0.0,0.0
2021-07-19 00:00:00-04:00,25.1299991607666,26.06999969482422,24.850000381469727,25.729999542236328,101000,0.0,0.0
2021-07-20 00:00:00-04:00,25.799999237060547,26.75,25.799999237060547,26.520000457763672,156300,0.0,0.0
2021-07-21 00:00:00-04:00,26.600000381469727,26.704999923706055,26.0,26.219999313354492,65200,0.0,0.0
2021-07-22 00:00:00-04:00,26.274999618530273,26.274999618530273,24.93000030517578,24.950000762939453,87400,0.0,0.0
2021-07-23 00:00:00-04:00,24.969999313354492,25.229999542236328,24.0,24.3799991607666,110400,0.0,0.0
2021-07-26 00:00:00-04:00,24.520000457763672,24.799999237060547,23.5,23.690000534057617,117100,0.0,0.0
2021-07-27 00:00:00-04:00,23.56999969482422,23.969999313354492,22.3799991607666,23.260000228881836,177400,0.0,0.0
2021-07-28 00:00:00-04:00,23.59000015258789,24.59000015258789,23.280000686645508,24.1200008392334,100600,0.0,0.0
2021-07-29 00:00:00-04:00,24.110000610351562,24.579999923706055,23.1200008392334,23.649999618530273,112200,0.0,0.0
2021-07-30 00:00:00-04:00,23.459999084472656,23.774999618530273,23.040000915527344,23.329999923706055,99200,0.0,0.0
2021-08-02 00:00:00-04:00,23.0049991607666,23.790000915527344,23.0049991607666,23.280000686645508,94000,0.0,0.0
2021-08-03 00:00:00-04:00,23.15999984741211,23.329999923706055,22.010000228881836,22.84000015258789,166200,0.0,0.0
2021-08-04 00:00:00-04:00,22.360000610351562,22.829999923706055,20.760000228881836,20.799999237060547,330800,0.0,0.0
2021-08-05 00:00:00-04:00,20.809999465942383,21.920000076293945,20.760000228881836,21.829999923706055,371100,0.0,0.0
2021-08-06 00:00:00-04:00,21.8700008392334,21.959999084472656,21.25,21.450000762939453,133000,0.0,0.0
2021-08-09 00:00:00-04:00,21.190000534057617,22.489999771118164,21.190000534057617,21.989999771118164,450100,0.0,0.0
2021-08-10 00:00:00-04:00,22.049999237060547,22.139999389648438,21.700000762939453,21.889999389648438,102300,0.0,0.0
2021-08-11 00:00:00-04:00,21.385000228881836,22.209999084472656,21.17300033569336,22.100000381469727,107900,0.0,0.0
2021-08-12 00:00:00-04:00,21.454999923706055,22.260000228881836,21.25,21.559999465942383,94500,0.0,0.0
2021-08-13 00:00:00-04:00,21.700000762939453,21.700000762939453,20.290000915527344,20.479999542236328,109400,0.0,0.0
2021-08-16 00:00:00-04:00,20.209999084472656,20.25,19.079999923706055,19.280000686645508,149900,0.0,0.0
2021-08-17 00:00:00-04:00,19.1299991607666,19.709999084472656,18.510000228881836,19.610000610351562,167600,0.0,0.0
2021-08-18 00:00:00-04:00,19.6200008392334,20.600000381469727,19.219999313354492,19.899999618530273,86000,0.0,0.0
2021-08-19 00:00:00-04:00,20.0,20.05500030517578,19.450000762939453,19.610000610351562,184800,0.0,0.0
2021-08-20 00:00:00-04:00,19.450000762939453,20.5,19.010000228881836,20.25,85500,0.0,0.0
2021-08-23 00:00:00-04:00,20.670000076293945,21.8700008392334,19.979999542236328,21.030000686645508,124100,0.0,0.0
2021-08-24 00:00:00-04:00,21.059999465942383,21.360000610351562,20.184999465942383,20.59000015258789,66400,0.0,0.0
2021-08-25 00:00:00-04:00,20.600000381469727,21.399999618530273,20.360000610351562,20.8700008392334,71000,0.0,0.0
2021-08-26 00:00:00-04:00,20.75,21.270000457763672,20.530000686645508,20.579999923706055,84400,0.0,0.0
2021-08-27 00:00:00-04:00,20.610000610351562,22.209999084472656,20.3700008392334,21.690000534057617,166700,0.0,0.0
2021-08-30 00:00:00-04:00,21.700000762939453,22.280000686645508,20.850000381469727,21.06999969482422,105200,0.0,0.0
2021-08-31 00:00:00-04:00,21.100000381469727,21.389999389648438,20.790000915527344,21.170000076293945,63400,0.0,0.0
2021-09-01 00:00:00-04:00,21.270000457763672,21.700000762939453,20.290000915527344,21.270000457763672,237300,0.0,0.0
2021-09-02 00:00:00-04:00,21.25,22.760000228881836,20.81999969482422,22.15999984741211,250700,0.0,0.0
2021-09-03 00:00:00-04:00,22.110000610351562,22.110000610351562,21.0049991607666,21.649999618530273,251300,0.0,0.0
2021-09-07 00:00:00-04:00,21.469999313354492,21.469999313354492,20.309999465942383,20.600000381469727,234800,0.0,0.0
2021-09-08 00:00:00-04:00,20.6200008392334,20.90999984741211,19.950000762939453,20.5,297000,0.0,0.0
2021-09-09 00:00:00-04:00,20.399999618530273,22.770000457763672,20.219999313354492,22.260000228881836,260400,0.0,0.0
2021-09-10 00:00:00-04:00,22.459999084472656,22.78499984741211,20.989999771118164,21.149999618530273,174700,0.0,0.0
2021-09-13 00:00:00-04:00,21.09000015258789,21.55500030517578,20.100000381469727,20.25,169300,0.0,0.0
2021-09-14 00:00:00-04:00,20.270000457763672,21.270000457763672,20.219999313354492,21.25,165500,0.0,0.0
2021-09-15 00:00:00-04:00,21.1299991607666,22.0,21.1299991607666,21.780000686645508,84500,0.0,0.0
2021-09-16 00:00:00-04:00,21.360000610351562,22.3799991607666,21.360000610351562,22.25,98700,0.0,0.0
2021-09-17 00:00:00-04:00,22.469999313354492,23.190000534057617,21.850000381469727,22.670000076293945,519500,0.0,0.0
2021-09-20 00:00:00-04:00,22.290000915527344,22.709999084472656,21.450000762939453,21.860000610351562,103400,0.0,0.0
2021-09-21 00:00:00-04:00,22.030000686645508,22.809999465942383,22.030000686645508,22.610000610351562,64700,0.0,0.0
2021-09-22 00:00:00-04:00,22.81999969482422,23.979999542236328,22.360000610351562,23.540000915527344,237500,0.0,0.0
2021-09-23 00:00:00-04:00,23.690000534057617,23.93000030517578,22.719999313354492,23.920000076293945,143600,0.0,0.0
2021-09-24 00:00:00-04:00,23.44499969482422,24.1299991607666,22.780000686645508,23.18000030517578,204100,0.0,0.0
2021-09-27 00:00:00-04:00,23.260000228881836,23.90999984741211,22.559999465942383,23.209999084472656,68200,0.0,0.0
2021-09-28 00:00:00-04:00,22.950000762939453,23.010000228881836,22.25,22.670000076293945,114600,0.0,0.0
2021-09-29 00:00:00-04:00,22.950000762939453,22.950000762939453,22.270000457763672,22.600000381469727,99300,0.0,0.0
2021-09-30 00:00:00-04:00,22.889999389648438,24.420000076293945,22.459999084472656,23.889999389648438,198700,0.0,0.0
2021-10-01 00:00:00-04:00,23.899999618530273,25.3700008392334,23.229999542236328,25.209999084472656,199600,0.0,0.0
2021-10-04 00:00:00-04:00,25.350000381469727,25.40999984741211,24.010000228881836,24.959999084472656,168900,0.0,0.0
2021-10-05 00:00:00-04:00,24.889999389648438,25.729999542236328,24.510000228881836,25.5,213000,0.0,0.0
2021-10-06 00:00:00-04:00,25.049999237060547,25.049999237060547,23.35300064086914,23.6200008392334,660600,0.0,0.0
2021-10-07 00:00:00-04:00,23.6200008392334,23.690000534057617,22.469999313354492,23.059999465942383,153300,0.0,0.0
2021-10-08 00:00:00-04:00,22.860000610351562,23.235000610351562,22.110000610351562,22.34000015258789,57000,0.0,0.0
2021-10-11 00:00:00-04:00,22.190000534057617,22.450000762939453,21.200000762939453,21.760000228881836,88500,0.0,0.0
2021-10-12 00:00:00-04:00,21.8700008392334,22.43000030517578,21.860000610351562,21.969999313354492,67800,0.0,0.0
2021-10-13 00:00:00-04:00,22.25,22.684999465942383,21.93000030517578,22.639999389648438,135000,0.0,0.0
2021-10-14 00:00:00-04:00,22.899999618530273,23.389999389648438,22.469999313354492,22.700000762939453,68100,0.0,0.0
2021-10-15 00:00:00-04:00,22.90999984741211,22.90999984741211,22.125,22.280000686645508,76300,0.0,0.0
2021-10-18 00:00:00-04:00,22.239999771118164,22.239999771118164,20.90999984741211,21.06999969482422,113600,0.0,0.0
2021-10-19 00:00:00-04:00,20.979999542236328,22.299999237060547,20.75,21.979999542236328,68000,0.0,0.0
2021-10-20 00:00:00-04:00,21.940000534057617,22.100000381469727,21.56999969482422,21.809999465942383,55500,0.0,0.0
2021-10-21 00:00:00-04:00,21.280000686645508,22.049999237060547,21.280000686645508,21.780000686645508,49000,0.0,0.0
2021-10-22 00:00:00-04:00,21.850000381469727,21.850000381469727,21.149999618530273,21.56999969482422,60000,0.0,0.0
2021-10-25 00:00:00-04:00,21.510000228881836,21.844999313354492,21.15999984741211,21.65999984741211,50100,0.0,0.0
2021-10-26 00:00:00-04:00,21.815000534057617,22.09000015258789,21.510000228881836,21.709999084472656,50200,0.0,0.0
2021-10-27 00:00:00-04:00,21.56999969482422,21.889999389648438,21.09000015258789,21.110000610351562,150300,0.0,0.0
2021-10-28 00:00:00-04:00,20.959999084472656,21.719999313354492,19.121000289916992,21.639999389648438,74000,0.0,0.0
2021-10-29 00:00:00-04:00,21.649999618530273,21.954999923706055,20.670000076293945,21.18000030517578,78100,0.0,0.0
2021-11-01 00:00:00-04:00,21.309999465942383,22.979999542236328,21.1200008392334,22.850000381469727,98700,0.0,0.0
2021-11-02 00:00:00-04:00,22.81999969482422,23.100000381469727,22.389999389648438,22.950000762939453,42900,0.0,0.0
2021-11-03 00:00:00-04:00,22.979999542236328,23.905000686645508,22.979999542236328,23.850000381469727,111500,0.0,0.0
2021-11-04 00:00:00-04:00,24.020000457763672,24.229999542236328,21.290000915527344,21.559999465942383,308700,0.0,0.0
2021-11-05 00:00:00-04:00,21.600000381469727,22.375,21.010000228881836,22.049999237060547,187600,0.0,0.0
2021-11-08 00:00:00-05:00,22.360000610351562,22.8799991607666,21.84000015258789,21.93000030517578,50500,0.0,0.0
2021-11-09 00:00:00-05:00,21.940000534057617,22.31999969482422,21.3799991607666,22.200000762939453,68400,0.0,0.0
2021-11-10 00:00:00-05:00,21.959999084472656,22.329999923706055,21.3799991607666,21.559999465942383,54800,0.0,0.0
2021-11-11 00:00:00-05:00,21.670000076293945,21.989999771118164,21.110000610351562,21.239999771118164,133900,0.0,0.0
2021-11-12 00:00:00-05:00,21.360000610351562,21.600000381469727,20.8700008392334,21.190000534057617,59700,0.0,0.0
2021-11-15 00:00:00-05:00,21.239999771118164,21.579999923706055,20.25,20.25,127700,0.0,0.0
2021-11-16 00:00:00-05:00,20.219999313354492,20.309999465942383,19.676000595092773,20.0,94400,0.0,0.0
2021-11-17 00:00:00-05:00,20.0,20.239999771118164,19.280000686645508,19.3700008392334,103800,0.0,0.0
2021-11-18 00:00:00-05:00,19.729999542236328,19.729999542236328,18.75,18.84000015258789,165300,0.0,0.0
2021-11-19 00:00:00-05:00,18.75,18.889999389648438,18.1200008392334,18.190000534057617,126500,0.0,0.0
2021-11-22 00:00:00-05:00,17.597999572753906,18.15999984741211,16.920000076293945,16.959999084472656,254800,0.0,0.0
2021-11-23 00:00:00-05:00,17.78499984741211,17.78499984741211,16.25,17.510000228881836,319300,0.0,0.0
2021-11-24 00:00:00-05:00,17.459999084472656,18.2549991607666,17.020000457763672,17.729999542236328,326100,0.0,0.0
2021-11-26 00:00:00-05:00,17.110000610351562,17.424999237060547,16.045000076293945,16.670000076293945,145900,0.0,0.0
2021-11-29 00:00:00-05:00,16.829999923706055,16.989999771118164,15.5600004196167,15.760000228881836,480200,0.0,0.0
2021-11-30 00:00:00-05:00,15.710000038146973,16.940000534057617,15.300000190734863,16.56999969482422,334400,0.0,0.0
2021-12-01 00:00:00-05:00,16.799999237060547,16.799999237060547,15.40999984741211,15.460000038146973,231700,0.0,0.0
2021-12-02 00:00:00-05:00,15.670000076293945,16.079999923706055,15.149999618530273,16.0,247800,0.0,0.0
2021-12-03 00:00:00-05:00,16.020000457763672,16.020000457763672,14.930000305175781,15.369999885559082,558700,0.0,0.0
2021-12-06 00:00:00-05:00,15.119999885559082,15.710000038146973,14.916000366210938,15.529999732971191,196800,0.0,0.0
2021-12-07 00:00:00-05:00,15.949999809265137,16.68000030517578,15.670000076293945,16.520000457763672,283200,0.0,0.0
2021-12-08 00:00:00-05:00,16.479999542236328,17.0,16.1299991607666,16.309999465942383,151100,0.0,0.0
2021-12-09 00:00:00-05:00,16.06999969482422,16.3799991607666,15.520000457763672,15.789999961853027,158400,0.0,0.0
2021-12-10 00:00:00-05:00,15.949999809265137,16.06999969482422,15.239999771118164,15.3100004196167,141700,0.0,0.0
2021-12-13 00:00:00-05:00,14.859999656677246,15.970000267028809,14.859999656677246,15.529999732971191,154200,0.0,0.0
2021-12-14 00:00:00-05:00,15.699999809265137,15.699999809265137,14.831000328063965,14.979999542236328,166100,0.0,0.0
2021-12-15 00:00:00-05:00,14.880000114440918,16.040000915527344,14.15999984741211,16.0,306800,0.0,0.0
2021-12-16 00:00:00-05:00,16.110000610351562,16.639999389648438,15.779999732971191,16.5,209700,0.0,0.0
2021-12-17 00:00:00-05:00,16.530000686645508,17.239999771118164,15.699999809265137,17.06999969482422,302400,0.0,0.0
2021-12-20 00:00:00-05:00,16.799999237060547,17.700000762939453,16.46500015258789,17.40999984741211,141500,0.0,0.0
2021-12-21 00:00:00-05:00,17.280000686645508,18.1200008392334,17.280000686645508,17.770000457763672,106800,0.0,0.0
2021-12-22 00:00:00-05:00,17.420000076293945,18.639999389648438,17.110000610351562,18.540000915527344,145400,0.0,0.0
2021-12-23 00:00:00-05:00,18.850000381469727,20.3799991607666,17.559999465942383,20.100000381469727,337200,0.0,0.0
2021-12-27 00:00:00-05:00,19.979999542236328,20.5,19.8799991607666,20.219999313354492,256900,0.0,0.0
2021-12-28 00:00:00-05:00,20.1200008392334,21.8799991607666,20.1200008392334,20.940000534057617,248900,0.0,0.0
2021-12-29 00:00:00-05:00,20.719999313354492,20.969999313354492,19.68899917602539,20.489999771118164,178200,0.0,0.0
2021-12-30 00:00:00-05:00,20.489999771118164,21.329999923706055,20.079999923706055,20.479999542236328,169800,0.0,0.0
2021-12-31 00:00:00-05:00,20.459999084472656,20.950000762939453,20.264999389648438,20.739999771118164,156200,0.0,0.0
2022-01-03 00:00:00-05:00,20.334999084472656,22.860000610351562,20.309999465942383,22.790000915527344,153700,0.0,0.0
2022-01-04 00:00:00-05:00,22.309999465942383,23.0,22.059999465942383,22.5,241400,0.0,0.0
2022-01-05 00:00:00-05:00,22.104999542236328,22.8700008392334,20.235000610351562,20.290000915527344,235800,0.0,0.0
2022-01-06 00:00:00-05:00,20.260000228881836,20.299999237060547,18.739999771118164,19.700000762939453,228400,0.0,0.0
2022-01-07 00:00:00-05:00,19.700000762939453,20.290000915527344,18.399999618530273,18.65999984741211,123700,0.0,0.0
2022-01-10 00:00:00-05:00,18.530000686645508,18.979999542236328,17.700000762939453,18.84000015258789,120500,0.0,0.0
2022-01-11 00:00:00-05:00,18.950000762939453,19.799999237060547,18.559999465942383,18.860000610351562,96200,0.0,0.0
2022-01-12 00:00:00-05:00,18.940000534057617,18.940000534057617,17.860000610351562,17.899999618530273,138600,0.0,0.0
2022-01-13 00:00:00-05:00,18.06999969482422,18.1200008392334,16.829999923706055,16.940000534057617,263900,0.0,0.0
2022-01-14 00:00:00-05:00,17.1299991607666,17.65999984741211,16.1200008392334,17.40999984741211,342500,0.0,0.0
2022-01-18 00:00:00-05:00,17.020000457763672,17.395000457763672,15.960000038146973,16.09000015258789,240900,0.0,0.0
2022-01-19 00:00:00-05:00,16.43000030517578,16.65999984741211,15.550000190734863,15.619999885559082,110500,0.0,0.0
2022-01-20 00:00:00-05:00,15.90999984741211,16.15999984741211,15.09000015258789,15.149999618530273,111000,0.0,0.0
2022-01-21 00:00:00-05:00,15.180000305175781,15.729999542236328,14.805000305175781,15.399999618530273,265100,0.0,0.0
2022-01-24 00:00:00-05:00,15.0,16.030000686645508,14.489999771118164,15.890000343322754,272200,0.0,0.0
2022-01-25 00:00:00-05:00,15.59000015258789,15.835000038146973,14.59000015258789,15.420000076293945,283400,0.0,0.0
2022-01-26 00:00:00-05:00,15.550000190734863,16.469999313354492,14.895000457763672,15.079999923706055,292100,0.0,0.0
2022-01-27 00:00:00-05:00,15.149999618530273,15.279999732971191,14.220000267028809,14.380000114440918,206400,0.0,0.0
2022-01-28 00:00:00-05:00,14.359999656677246,14.789999961853027,13.59000015258789,14.670000076293945,129600,0.0,0.0
2022-01-31 00:00:00-05:00,14.59000015258789,15.210000038146973,14.59000015258789,15.109999656677246,170100,0.0,0.0
2022-02-01 00:00:00-05:00,15.119999885559082,15.805000305175781,14.84000015258789,15.5,213500,0.0,0.0
2022-02-02 00:00:00-05:00,15.539999961853027,15.880000114440918,14.579999923706055,14.859999656677246,194700,0.0,0.0
2022-02-03 00:00:00-05:00,14.65999984741211,15.100000381469727,14.609999656677246,14.680000305175781,126600,0.0,0.0
2022-02-04 00:00:00-05:00,14.529999732971191,15.125,14.1899995803833,14.8100004196167,130200,0.0,0.0
2022-02-07 00:00:00-05:00,14.8100004196167,15.75,14.8100004196167,15.479999542236328,135000,0.0,0.0
2022-02-08 00:00:00-05:00,15.489999771118164,15.729999542236328,14.774999618530273,15.609999656677246,172300,0.0,0.0
2022-02-09 00:00:00-05:00,15.600000381469727,17.354999542236328,15.600000381469727,16.90999984741211,372700,0.0,0.0
2022-02-10 00:00:00-05:00,16.56999969482422,17.149999618530273,15.5,15.890000343322754,308300,0.0,0.0
2022-02-11 00:00:00-05:00,15.859999656677246,16.18000030517578,15.359999656677246,15.470000267028809,168300,0.0,0.0
2022-02-14 00:00:00-05:00,15.239999771118164,15.960000038146973,15.050000190734863,15.319999694824219,234200,0.0,0.0
2022-02-15 00:00:00-05:00,15.75,16.8700008392334,15.710000038146973,16.5,229800,0.0,0.0
2022-02-16 00:00:00-05:00,16.329999923706055,17.0,16.139999389648438,16.739999771118164,69900,0.0,0.0
2022-02-17 00:00:00-05:00,16.139999389648438,16.950000762939453,15.857000350952148,16.020000457763672,135000,0.0,0.0
2022-02-18 00:00:00-05:00,15.850000381469727,16.360000610351562,15.579999923706055,15.979999542236328,126400,0.0,0.0
2022-02-22 00:00:00-05:00,15.789999961853027,16.56999969482422,15.539999961853027,16.010000228881836,108200,0.0,0.0
2022-02-23 00:00:00-05:00,16.25,17.399999618530273,16.079999923706055,16.149999618530273,194200,0.0,0.0
2022-02-24 00:00:00-05:00,15.15999984741211,17.979999542236328,14.574999809265137,17.889999389648438,470600,0.0,0.0
2022-02-25 00:00:00-05:00,17.8700008392334,18.290000915527344,16.920000076293945,17.989999771118164,188400,0.0,0.0
2022-02-28 00:00:00-05:00,17.56999969482422,18.899999618530273,16.950000762939453,17.799999237060547,235700,0.0,0.0
2022-03-01 00:00:00-05:00,17.850000381469727,18.299999237060547,17.399999618530273,17.5,342100,0.0,0.0
2022-03-02 00:00:00-05:00,17.809999465942383,18.979999542236328,17.809999465942383,18.299999237060547,267300,0.0,0.0
2022-03-03 00:00:00-05:00,18.420000076293945,18.420000076293945,17.18000030517578,17.670000076293945,136600,0.0,0.0
2022-03-04 00:00:00-05:00,17.100000381469727,17.729999542236328,16.600000381469727,16.790000915527344,169500,0.0,0.0
2022-03-07 00:00:00-05:00,16.950000762939453,17.489999771118164,16.350000381469727,16.510000228881836,131700,0.0,0.0
2022-03-08 00:00:00-05:00,16.610000610351562,16.709999084472656,15.59000015258789,15.680000305175781,226600,0.0,0.0
2022-03-09 00:00:00-05:00,16.1299991607666,17.139999389648438,15.029999732971191,17.010000228881836,286300,0.0,0.0
2022-03-10 00:00:00-05:00,16.649999618530273,17.799999237060547,16.565000534057617,17.59000015258789,1173500,0.0,0.0
2022-03-11 00:00:00-05:00,17.8700008392334,18.0,16.790000915527344,16.850000381469727,313000,0.0,0.0
2022-03-14 00:00:00-04:00,16.809999465942383,17.059999465942383,15.510000228881836,15.739999771118164,231800,0.0,0.0
2022-03-15 00:00:00-04:00,15.90999984741211,16.049999237060547,15.399999618530273,15.979999542236328,109700,0.0,0.0
2022-03-16 00:00:00-04:00,16.260000228881836,16.850000381469727,15.8100004196167,16.25,386400,0.0,0.0
2022-03-17 00:00:00-04:00,16.6200008392334,17.165000915527344,16.43000030517578,17.1200008392334,223000,0.0,0.0
2022-03-18 00:00:00-04:00,16.920000076293945,17.700000762939453,16.420000076293945,16.920000076293945,565500,0.0,0.0
2022-03-21 00:00:00-04:00,17.0,17.09000015258789,16.079999923706055,16.489999771118164,466200,0.0,0.0
2022-03-22 00:00:00-04:00,16.68000030517578,17.84000015258789,16.649999618530273,17.770000457763672,186900,0.0,0.0
2022-03-23 00:00:00-04:00,17.520000457763672,18.18000030517578,17.450000762939453,17.579999923706055,367000,0.0,0.0
2022-03-24 00:00:00-04:00,17.889999389648438,18.094999313354492,17.459999084472656,17.690000534057617,127000,0.0,0.0
2022-03-25 00:00:00-04:00,17.579999923706055,18.083999633789062,16.90999984741211,17.190000534057617,123800,0.0,0.0
2022-03-28 00:00:00-04:00,17.139999389648438,17.489999771118164,16.295000076293945,17.440000534057617,191700,0.0,0.0
2022-03-29 00:00:00-04:00,17.489999771118164,18.670000076293945,17.489999771118164,18.450000762939453,465500,0.0,0.0
2022-03-30 00:00:00-04:00,18.459999084472656,19.347999572753906,18.059999465942383,18.75,375800,0.0,0.0
2022-03-31 00:00:00-04:00,18.56999969482422,19.68000030517578,18.56999969482422,19.260000228881836,262500,0.0,0.0
2022-04-01 00:00:00-04:00,19.299999237060547,20.559999465942383,19.280000686645508,20.34000015258789,429700,0.0,0.0
2022-04-04 00:00:00-04:00,20.469999313354492,21.440000534057617,20.200000762939453,21.350000381469727,668300,0.0,0.0
2022-04-05 00:00:00-04:00,21.43000030517578,22.100000381469727,20.8799991607666,20.93000030517578,435200,0.0,0.0
2022-04-06 00:00:00-04:00,20.81999969482422,21.020000457763672,20.299999237060547,20.780000686645508,610700,0.0,0.0
2022-04-07 00:00:00-04:00,20.770000457763672,21.100000381469727,20.3799991607666,20.56999969482422,587400,0.0,0.0
2022-04-08 00:00:00-04:00,20.479999542236328,21.200000762939453,20.100000381469727,21.110000610351562,445100,0.0,0.0
2022-04-11 00:00:00-04:00,20.84000015258789,21.31999969482422,20.704999923706055,20.780000686645508,349900,0.0,0.0
2022-04-12 00:00:00-04:00,21.079999923706055,21.799999237060547,20.200000762939453,20.5,335100,0.0,0.0
2022-04-13 00:00:00-04:00,20.209999084472656,22.059999465942383,20.209999084472656,21.920000076293945,140200,0.0,0.0
2022-04-14 00:00:00-04:00,21.950000762939453,22.170000076293945,21.0,21.030000686645508,108600,0.0,0.0
2022-04-18 00:00:00-04:00,20.8799991607666,20.8799991607666,19.950000762939453,20.100000381469727,274000,0.0,0.0
2022-04-19 00:00:00-04:00,20.09000015258789,20.899999618530273,19.742000579833984,20.360000610351562,117600,0.0,0.0
2022-04-20 00:00:00-04:00,20.5,21.155000686645508,20.0,20.760000228881836,140400,0.0,0.0
2022-04-21 00:00:00-04:00,20.459999084472656,21.34000015258789,19.850000381469727,20.209999084472656,314700,0.0,0.0
2022-04-22 00:00:00-04:00,19.979999542236328,20.420000076293945,19.889999389648438,20.18000030517578,173400,0.0,0.0
2022-04-25 00:00:00-04:00,20.100000381469727,21.375999450683594,19.959999084472656,21.260000228881836,275900,0.0,0.0
2022-04-26 00:00:00-04:00,21.059999465942383,21.25,19.860000610351562,19.920000076293945,261700,0.0,0.0
2022-04-27 00:00:00-04:00,19.8700008392334,20.309999465942383,19.6200008392334,19.770000457763672,264000,0.0,0.0
2022-04-28 00:00:00-04:00,20.020000457763672,20.579999923706055,19.399999618530273,19.799999237060547,324900,0.0,0.0
2022-04-29 00:00:00-04:00,19.850000381469727,21.06999969482422,19.760000228881836,20.190000534057617,237100,0.0,0.0
2022-05-02 00:00:00-04:00,20.260000228881836,21.3700008392334,20.059999465942383,21.34000015258789,219500,0.0,0.0
2022-05-03 00:00:00-04:00,21.299999237060547,21.760000228881836,20.639999389648438,21.510000228881836,149400,0.0,0.0
2022-05-04 00:00:00-04:00,21.280000686645508,22.1200008392334,20.100000381469727,21.989999771118164,168500,0.0,0.0
2022-05-05 00:00:00-04:00,21.899999618530273,22.049999237060547,20.739999771118164,21.020000457763672,223000,0.0,0.0
2022-05-06 00:00:00-04:00,20.709999084472656,20.989999771118164,19.3799991607666,19.399999618530273,385100,0.0,0.0
2022-05-09 00:00:00-04:00,18.969999313354492,19.450000762939453,18.5,18.84000015258789,288400,0.0,0.0
2022-05-10 00:00:00-04:00,19.530000686645508,19.889999389648438,17.989999771118164,18.899999618530273,325000,0.0,0.0
2022-05-11 00:00:00-04:00,18.81999969482422,18.81999969482422,16.139999389648438,16.329999923706055,395400,0.0,0.0
2022-05-12 00:00:00-04:00,16.110000610351562,17.739999771118164,16.06999969482422,17.489999771118164,226200,0.0,0.0
2022-05-13 00:00:00-04:00,18.030000686645508,18.329999923706055,17.690000534057617,17.93000030517578,301000,0.0,0.0
2022-05-16 00:00:00-04:00,17.6299991607666,18.68000030517578,17.3700008392334,18.25,136400,0.0,0.0
2022-05-17 00:00:00-04:00,18.770000457763672,19.610000610351562,18.459999084472656,19.530000686645508,154300,0.0,0.0
2022-05-18 00:00:00-04:00,18.8700008392334,19.790000915527344,18.8700008392334,19.5,317100,0.0,0.0
2022-05-19 00:00:00-04:00,19.479999542236328,20.270000457763672,18.920000076293945,19.850000381469727,427800,0.0,0.0
2022-05-20 00:00:00-04:00,20.1299991607666,20.829999923706055,19.760000228881836,20.65999984741211,316600,0.0,0.0
2022-05-23 00:00:00-04:00,20.950000762939453,21.860000610351562,20.6299991607666,21.31999969482422,317100,0.0,0.0
2022-05-24 00:00:00-04:00,20.979999542236328,22.600000381469727,20.110000610351562,22.200000762939453,660500,0.0,0.0
2022-05-25 00:00:00-04:00,22.049999237060547,22.329999923706055,18.200000762939453,19.600000381469727,1419400,0.0,0.0
2022-05-26 00:00:00-04:00,19.950000762939453,20.360000610351562,19.25,19.65999984741211,500300,0.0,0.0
2022-05-27 00:00:00-04:00,19.770000457763672,21.309999465942383,19.200000762939453,20.989999771118164,834700,0.0,0.0
2022-05-31 00:00:00-04:00,20.920000076293945,21.059999465942383,20.31999969482422,20.8799991607666,445400,0.0,0.0
2022-06-01 00:00:00-04:00,20.920000076293945,21.15999984741211,20.059999465942383,20.290000915527344,339200,0.0,0.0
2022-06-02 00:00:00-04:00,20.18000030517578,20.780000686645508,19.270000457763672,20.56999969482422,286900,0.0,0.0
2022-06-03 00:00:00-04:00,20.450000762939453,21.729999542236328,19.7549991607666,21.209999084472656,280500,0.0,0.0
2022-06-06 00:00:00-04:00,21.5,21.767000198364258,19.979999542236328,20.549999237060547,438800,0.0,0.0
2022-06-07 00:00:00-04:00,20.440000534057617,21.440000534057617,20.43000030517578,21.399999618530273,284700,0.0,0.0
2022-06-08 00:00:00-04:00,21.40999984741211,22.149999618530273,21.0,21.510000228881836,240700,0.0,0.0
2022-06-09 00:00:00-04:00,21.389999389648438,22.030000686645508,20.985000610351562,21.700000762939453,372700,0.0,0.0
2022-06-10 00:00:00-04:00,21.270000457763672,21.56999969482422,20.149999618530273,21.100000381469727,177600,0.0,0.0
2022-06-13 00:00:00-04:00,20.3799991607666,20.530000686645508,19.670000076293945,20.010000228881836,388400,0.0,0.0
2022-06-14 00:00:00-04:00,20.079999923706055,20.290000915527344,19.290000915527344,19.81999969482422,517000,0.0,0.0
2022-06-15 00:00:00-04:00,19.8700008392334,20.709999084472656,19.440000534057617,20.549999237060547,522700,0.0,0.0
2022-06-16 00:00:00-04:00,19.940000534057617,19.950000762939453,18.709999084472656,19.5,461200,0.0,0.0
2022-06-17 00:00:00-04:00,19.530000686645508,21.610000610351562,19.530000686645508,21.149999618530273,805300,0.0,0.0
2022-06-21 00:00:00-04:00,21.68000030517578,22.790000915527344,21.3799991607666,21.40999984741211,424900,0.0,0.0
2022-06-22 00:00:00-04:00,21.079999923706055,22.729999542236328,20.610000610351562,22.0,482900,0.0,0.0
2022-06-23 00:00:00-04:00,22.239999771118164,22.5049991607666,21.790000915527344,22.139999389648438,593500,0.0,0.0
2022-06-24 00:00:00-04:00,22.440000534057617,22.969999313354492,20.5,20.610000610351562,1837600,0.0,0.0
2022-06-27 00:00:00-04:00,20.149999618530273,22.0,20.100000381469727,21.729999542236328,262900,0.0,0.0
2022-06-28 00:00:00-04:00,21.860000610351562,22.7549991607666,21.53499984741211,22.030000686645508,475700,0.0,0.0
2022-06-29 00:00:00-04:00,21.90999984741211,22.360000610351562,21.18000030517578,22.1200008392334,412700,0.0,0.0
2022-06-30 00:00:00-04:00,21.780000686645508,22.260000228881836,20.8700008392334,21.309999465942383,566900,0.0,0.0
2022-07-01 00:00:00-04:00,21.239999771118164,21.889999389648438,21.15999984741211,21.729999542236328,366600,0.0,0.0
2022-07-05 00:00:00-04:00,21.549999237060547,22.1299991607666,21.399999618530273,21.96500015258789,479400,0.0,0.0
2022-07-06 00:00:00-04:00,22.06999969482422,23.3799991607666,21.969999313354492,22.760000228881836,526500,0.0,0.0
2022-07-07 00:00:00-04:00,22.950000762939453,23.59000015258789,22.209999084472656,22.950000762939453,400200,0.0,0.0
2022-07-08 00:00:00-04:00,23.0,25.84000015258789,22.950000762939453,25.5,568000,0.0,0.0
2022-07-11 00:00:00-04:00,24.8700008392334,26.1299991607666,24.709999084472656,25.610000610351562,568000,0.0,0.0
2022-07-12 00:00:00-04:00,25.540000915527344,25.610000610351562,23.280000686645508,23.809999465942383,396700,0.0,0.0
2022-07-13 00:00:00-04:00,23.229999542236328,24.549999237060547,23.229999542236328,24.25,353400,0.0,0.0
2022-07-14 00:00:00-04:00,24.06999969482422,24.399999618530273,23.485000610351562,23.93000030517578,219000,0.0,0.0
2022-07-15 00:00:00-04:00,24.389999389648438,24.549999237060547,23.479999542236328,24.200000762939453,368500,0.0,0.0
2022-07-18 00:00:00-04:00,24.5,25.049999237060547,23.600000381469727,23.709999084472656,310900,0.0,0.0
2022-07-19 00:00:00-04:00,23.670000076293945,25.209999084472656,23.625,24.829999923706055,309500,0.0,0.0
2022-07-20 00:00:00-04:00,24.690000534057617,25.139999389648438,23.899999618530273,24.06999969482422,493400,0.0,0.0
2022-07-21 00:00:00-04:00,24.31999969482422,24.469999313354492,22.53499984741211,22.690000534057617,409700,0.0,0.0
2022-07-22 00:00:00-04:00,22.860000610351562,22.860000610351562,21.299999237060547,21.520000457763672,430700,0.0,0.0
2022-07-25 00:00:00-04:00,21.700000762939453,22.54800033569336,20.920000076293945,21.760000228881836,352800,0.0,0.0
2022-07-26 00:00:00-04:00,21.889999389648438,23.190000534057617,21.753000259399414,22.0,535200,0.0,0.0
2022-07-27 00:00:00-04:00,22.030000686645508,22.459999084472656,21.847999572753906,22.25,590800,0.0,0.0
2022-07-28 00:00:00-04:00,22.5,23.5,21.889999389648438,23.360000610351562,670300,0.0,0.0
2022-07-29 00:00:00-04:00,23.350000381469727,24.562000274658203,23.0,24.260000228881836,608100,0.0,0.0
2022-08-01 00:00:00-04:00,24.799999237060547,25.280000686645508,20.229999542236328,20.260000228881836,1534800,0.0,0.0
2022-08-02 00:00:00-04:00,20.059999465942383,20.469999313354492,19.440000534057617,19.5,1051500,0.0,0.0
2022-08-03 00:00:00-04:00,21.850000381469727,23.760000228881836,21.670000076293945,22.209999084472656,3173800,0.0,0.0
2022-08-04 00:00:00-04:00,22.299999237060547,24.639999389648438,22.299999237060547,24.610000610351562,1907900,0.0,0.0
2022-08-05 00:00:00-04:00,24.350000381469727,25.579999923706055,23.770000457763672,25.149999618530273,1215900,0.0,0.0
2022-08-08 00:00:00-04:00,25.239999771118164,25.584999084472656,24.040000915527344,24.8799991607666,504500,0.0,0.0
2022-08-09 00:00:00-04:00,24.850000381469727,25.290000915527344,24.639999389648438,24.84000015258789,420500,0.0,0.0
2022-08-10 00:00:00-04:00,25.0,25.709999084472656,24.729999542236328,24.860000610351562,514900,0.0,0.0
2022-08-11 00:00:00-04:00,24.959999084472656,25.31999969482422,24.559999465942383,24.829999923706055,445700,0.0,0.0
2022-08-12 00:00:00-04:00,24.81999969482422,25.600000381469727,24.384000778198242,25.1299991607666,730700,0.0,0.0
2022-08-15 00:00:00-04:00,24.899999618530273,25.219999313354492,24.479999542236328,24.719999313354492,309400,0.0,0.0
2022-08-16 00:00:00-04:00,24.610000610351562,25.1299991607666,23.889999389648438,25.09000015258789,408500,0.0,0.0
2022-08-17 00:00:00-04:00,25.0,25.40999984741211,24.690000534057617,25.1200008392334,375300,0.0,0.0
2022-08-18 00:00:00-04:00,25.149999618530273,26.139999389648438,24.68000030517578,25.989999771118164,388800,0.0,0.0
2022-08-19 00:00:00-04:00,25.829999923706055,26.14299964904785,25.03499984741211,25.68000030517578,325400,0.0,0.0
2022-08-22 00:00:00-04:00,25.299999237060547,25.700000762939453,24.760000228881836,25.270000457763672,384500,0.0,0.0
2022-08-23 00:00:00-04:00,25.31999969482422,25.950000762939453,24.520000457763672,25.479999542236328,343100,0.0,0.0
2022-08-24 00:00:00-04:00,25.690000534057617,25.690000534057617,23.729999542236328,23.850000381469727,481200,0.0,0.0
2022-08-25 00:00:00-04:00,24.049999237060547,24.049999237060547,22.878000259399414,23.625,529400,0.0,0.0
2022-08-26 00:00:00-04:00,24.049999237060547,24.969999313354492,23.469999313354492,24.459999084472656,616700,0.0,0.0
2022-08-29 00:00:00-04:00,24.059999465942383,24.815000534057617,24.010000228881836,24.43000030517578,313000,0.0,0.0
2022-08-30 00:00:00-04:00,24.450000762939453,25.84000015258789,24.3799991607666,25.809999465942383,383500,0.0,0.0
2022-08-31 00:00:00-04:00,25.950000762939453,27.399999618530273,25.719999313354492,26.950000762939453,986700,0.0,0.0
2022-09-01 00:00:00-04:00,27.040000915527344,27.125,25.299999237060547,26.8700008392334,421800,0.0,0.0
2022-09-02 00:00:00-04:00,26.8700008392334,26.8700008392334,24.030000686645508,24.110000610351562,760300,0.0,0.0
2022-09-06 00:00:00-04:00,23.920000076293945,23.920000076293945,20.799999237060547,21.079999923706055,740400,0.0,0.0
2022-09-07 00:00:00-04:00,21.510000228881836,21.809999465942383,20.81999969482422,21.540000915527344,582900,0.0,0.0
2022-09-08 00:00:00-04:00,21.549999237060547,22.56999969482422,21.540000915527344,22.09000015258789,732900,0.0,0.0
2022-09-09 00:00:00-04:00,22.0,22.040000915527344,20.200000762939453,20.43000030517578,874200,0.0,0.0
2022-09-12 00:00:00-04:00,21.670000076293945,21.889999389648438,20.809999465942383,21.530000686645508,674800,0.0,0.0
2022-09-13 00:00:00-04:00,21.040000915527344,21.260000228881836,20.166000366210938,20.440000534057617,505100,0.0,0.0
2022-09-14 00:00:00-04:00,20.329999923706055,20.829999923706055,19.200000762939453,19.219999313354492,801100,0.0,0.0
2022-09-15 00:00:00-04:00,19.020000457763672,19.270000457763672,18.350000381469727,18.690000534057617,1047900,0.0,0.0
2022-09-16 00:00:00-04:00,18.440000534057617,18.5,17.010000228881836,17.850000381469727,2895100,0.0,0.0
2022-09-19 00:00:00-04:00,17.610000610351562,18.700000762939453,17.510000228881836,18.489999771118164,602100,0.0,0.0
2022-09-20 00:00:00-04:00,18.139999389648438,19.309999465942383,18.000999450683594,19.229999542236328,831700,0.0,0.0
2022-09-21 00:00:00-04:00,19.15999984741211,19.530000686645508,18.5,18.75,747400,0.0,0.0
2022-09-22 00:00:00-04:00,18.770000457763672,18.96500015258789,18.270000457763672,18.459999084472656,453000,0.0,0.0
2022-09-23 00:00:00-04:00,18.280000686645508,18.479999542236328,17.71500015258789,18.190000534057617,500100,0.0,0.0
2022-09-26 00:00:00-04:00,18.280000686645508,19.639999389648438,18.09000015258789,18.209999084472656,748400,0.0,0.0
2022-09-27 00:00:00-04:00,18.81999969482422,19.030000686645508,17.885000228881836,18.299999237060547,770800,0.0,0.0
2022-09-28 00:00:00-04:00,18.350000381469727,19.459999084472656,18.350000381469727,18.959999084472656,726200,0.0,0.0
2022-09-29 00:00:00-04:00,18.719999313354492,19.09000015258789,18.209999084472656,18.6299991607666,692800,0.0,0.0
2022-09-30 00:00:00-04:00,18.59000015258789,19.56999969482422,18.59000015258789,19.110000610351562,1025600,0.0,0.0
2022-10-03 00:00:00-04:00,19.549999237060547,19.690000534057617,18.700000762939453,19.200000762939453,669400,0.0,0.0
2022-10-04 00:00:00-04:00,19.469999313354492,20.639999389648438,19.469999313354492,20.399999618530273,1242600,0.0,0.0
2022-10-05 00:00:00-04:00,19.790000915527344,20.34000015258789,19.170000076293945,19.940000534057617,724800,0.0,0.0
2022-10-06 00:00:00-04:00,19.780000686645508,20.479999542236328,19.309999465942383,19.799999237060547,819700,0.0,0.0
2022-10-07 00:00:00-04:00,19.510000228881836,20.09000015258789,19.079999923706055,19.139999389648438,623800,0.0,0.0
2022-10-10 00:00:00-04:00,18.969999313354492,19.260000228881836,18.809999465942383,19.040000915527344,304000,0.0,0.0
2022-10-11 00:00:00-04:00,19.010000228881836,19.260000228881836,18.114999771118164,18.530000686645508,673200,0.0,0.0
2022-10-12 00:00:00-04:00,18.350000381469727,18.415000915527344,17.520000457763672,18.25,915300,0.0,0.0
2022-10-13 00:00:00-04:00,17.84000015258789,18.239999771118164,17.350000381469727,18.219999313354492,473400,0.0,0.0
2022-10-14 00:00:00-04:00,18.34000015258789,18.989999771118164,18.25,18.639999389648438,786600,0.0,0.0
2022-10-17 00:00:00-04:00,19.010000228881836,19.459999084472656,18.559999465942383,19.399999618530273,745300,0.0,0.0
2022-10-18 00:00:00-04:00,19.670000076293945,19.92099952697754,18.850000381469727,18.979999542236328,406700,0.0,0.0
2022-10-19 00:00:00-04:00,18.959999084472656,18.989999771118164,17.540000915527344,17.75,928600,0.0,0.0
2022-10-20 00:00:00-04:00,17.75,17.989999771118164,17.165000915527344,17.360000610351562,657800,0.0,0.0
2022-10-21 00:00:00-04:00,17.40999984741211,17.780000686645508,17.030000686645508,17.479999542236328,898600,0.0,0.0
2022-10-24 00:00:00-04:00,17.600000381469727,17.600000381469727,16.389999389648438,16.6299991607666,599000,0.0,0.0
2022-10-25 00:00:00-04:00,16.739999771118164,17.190000534057617,16.739999771118164,17.020000457763672,628200,0.0,0.0
2022-10-26 00:00:00-04:00,17.010000228881836,17.450000762939453,16.31999969482422,16.6200008392334,554500,0.0,0.0
2022-10-27 00:00:00-04:00,16.81999969482422,17.100000381469727,16.190000534057617,16.6299991607666,451500,0.0,0.0
2022-10-28 00:00:00-04:00,16.799999237060547,17.510000228881836,16.684999465942383,17.5,831000,0.0,0.0
2022-10-31 00:00:00-04:00,17.299999237060547,17.780000686645508,17.059999465942383,17.68000030517578,553500,0.0,0.0
2022-11-01 00:00:00-04:00,17.8799991607666,18.530000686645508,17.81999969482422,18.209999084472656,526800,0.0,0.0
2022-11-02 00:00:00-04:00,18.270000457763672,18.59000015258789,17.549999237060547,17.579999923706055,655400,0.0,0.0
2022-11-03 00:00:00-04:00,17.290000915527344,18.020000457763672,17.09000015258789,17.8799991607666,504500,0.0,0.0
2022-11-04 00:00:00-04:00,18.1299991607666,18.170000076293945,17.489999771118164,17.979999542236328,657700,0.0,0.0
2022-11-07 00:00:00-05:00,17.940000534057617,19.40999984741211,17.940000534057617,18.510000228881836,819000,0.0,0.0
2022-11-08 00:00:00-05:00,18.780000686645508,19.75,18.610000610351562,18.700000762939453,549200,0.0,0.0
2022-11-09 00:00:00-05:00,17.209999084472656,19.940000534057617,16.989999771118164,18.6200008392334,1093800,0.0,0.0
2022-11-10 00:00:00-05:00,18.65999984741211,19.719999313354492,18.65999984741211,19.479999542236328,1321200,0.0,0.0
2022-11-11 00:00:00-05:00,19.93000030517578,19.94499969482422,18.809999465942383,19.09000015258789,639900,0.0,0.0
2022-11-14 00:00:00-05:00,19.1200008392334,19.3799991607666,18.614999771118164,18.709999084472656,633400,0.0,0.0
2022-11-15 00:00:00-05:00,19.75,20.110000610351562,17.976999282836914,19.440000534057617,2358100,0.0,0.0
2022-11-16 00:00:00-05:00,19.34000015258789,19.68000030517578,19.010000228881836,19.229999542236328,815700,0.0,0.0
2022-11-17 00:00:00-05:00,19.200000762939453,19.200000762939453,18.610000610351562,18.770000457763672,532000,0.0,0.0
2022-11-18 00:00:00-05:00,19.06999969482422,19.100000381469727,18.600000381469727,18.719999313354492,546800,0.0,0.0
2022-11-21 00:00:00-05:00,18.760000228881836,19.010000228881836,18.15999984741211,18.200000762939453,727400,0.0,0.0
2022-11-22 00:00:00-05:00,18.020000457763672,18.329999923706055,17.639999389648438,18.309999465942383,666400,0.0,0.0
2022-11-23 00:00:00-05:00,18.399999618530273,18.75,17.579999923706055,17.729999542236328,545400,0.0,0.0
2022-11-25 00:00:00-05:00,17.559999465942383,18.09000015258789,17.5,17.969999313354492,355300,0.0,0.0
2022-11-28 00:00:00-05:00,18.190000534057617,18.190000534057617,17.149999618530273,17.260000228881836,705800,0.0,0.0
2022-11-29 00:00:00-05:00,17.139999389648438,17.55500030517578,16.6299991607666,17.059999465942383,632800,0.0,0.0
2022-11-30 00:00:00-05:00,17.229999542236328,17.3799991607666,16.510000228881836,17.229999542236328,1013700,0.0,0.0
2022-12-01 00:00:00-05:00,17.229999542236328,17.299999237060547,16.649999618530273,17.079999923706055,696700,0.0,0.0
2022-12-02 00:00:00-05:00,16.950000762939453,17.65999984741211,16.860000610351562,17.510000228881836,1132600,0.0,0.0
2022-12-05 00:00:00-05:00,17.700000762939453,17.700000762939453,17.09000015258789,17.350000381469727,542500,0.0,0.0
2022-12-06 00:00:00-05:00,17.43000030517578,18.014999389648438,17.225000381469727,17.239999771118164,531300,0.0,0.0
2022-12-07 00:00:00-05:00,17.059999465942383,17.31999969482422,16.760000228881836,16.959999084472656,344500,0.0,0.0
2022-12-08 00:00:00-05:00,17.010000228881836,17.14900016784668,16.670000076293945,16.959999084472656,347700,0.0,0.0
2022-12-09 00:00:00-05:00,16.8799991607666,17.19499969482422,16.770000457763672,17.0,424700,0.0,0.0
2022-12-12 00:00:00-05:00,16.940000534057617,17.09000015258789,16.280000686645508,16.579999923706055,1911700,0.0,0.0
2022-12-13 00:00:00-05:00,17.299999237060547,18.040000915527344,16.549999237060547,17.059999465942383,1088900,0.0,0.0
2022-12-14 00:00:00-05:00,17.0,17.076000213623047,16.40999984741211,16.6299991607666,612300,0.0,0.0
2022-12-15 00:00:00-05:00,16.5,16.90999984741211,16.28499984741211,16.489999771118164,606600,0.0,0.0
2022-12-16 00:00:00-05:00,16.260000228881836,16.860000610351562,15.875,15.960000038146973,2137300,0.0,0.0
2022-12-19 00:00:00-05:00,15.84000015258789,16.0,14.399999618530273,14.729999542236328,1177400,0.0,0.0
2022-12-20 00:00:00-05:00,14.710000038146973,14.890000343322754,14.0,14.199999809265137,1201700,0.0,0.0
2022-12-21 00:00:00-05:00,14.1899995803833,14.970000267028809,13.619999885559082,13.960000038146973,713300,0.0,0.0
2022-12-22 00:00:00-05:00,13.760000228881836,14.3149995803833,13.369999885559082,14.25,1818500,0.0,0.0
2022-12-23 00:00:00-05:00,14.239999771118164,14.779999732971191,13.857999801635742,14.300000190734863,683500,0.0,0.0
2022-12-27 00:00:00-05:00,14.34000015258789,14.359999656677246,13.960000038146973,14.050000190734863,684500,0.0,0.0
2022-12-28 00:00:00-05:00,14.130000114440918,14.300000190734863,13.739999771118164,14.0600004196167,490600,0.0,0.0
2022-12-29 00:00:00-05:00,14.109999656677246,14.84000015258789,13.949999809265137,14.59000015258789,665300,0.0,0.0
2022-12-30 00:00:00-05:00,14.4399995803833,14.8100004196167,14.09000015258789,14.800000190734863,460000,0.0,0.0
2023-01-03 00:00:00-05:00,15.100000381469727,15.100000381469727,14.460000038146973,14.770000457763672,642000,0.0,0.0
2023-01-04 00:00:00-05:00,14.75,15.710000038146973,14.75,15.6899995803833,628300,0.0,0.0
2023-01-05 00:00:00-05:00,15.479999542236328,15.6899995803833,14.51200008392334,15.100000381469727,718500,0.0,0.0
2023-01-06 00:00:00-05:00,15.149999618530273,15.369999885559082,14.699999809265137,15.010000228881836,570800,0.0,0.0
2023-01-09 00:00:00-05:00,14.930000305175781,15.180000305175781,14.329999923706055,14.479999542236328,878300,0.0,0.0
2023-01-10 00:00:00-05:00,14.460000038146973,14.819999694824219,13.600000381469727,13.789999961853027,765400,0.0,0.0
2023-01-11 00:00:00-05:00,13.710000038146973,13.890000343322754,13.109999656677246,13.529999732971191,1175000,0.0,0.0
2023-01-12 00:00:00-05:00,13.59000015258789,13.84000015258789,12.8100004196167,13.8100004196167,1469400,0.0,0.0
2023-01-13 00:00:00-05:00,13.630000114440918,14.140000343322754,13.630000114440918,14.119999885559082,812100,0.0,0.0
2023-01-17 00:00:00-05:00,14.199999809265137,14.729999542236328,13.569999694824219,14.670000076293945,1262800,0.0,0.0
2023-01-18 00:00:00-05:00,14.789999961853027,14.994999885559082,14.114999771118164,14.170000076293945,630000,0.0,0.0
2023-01-19 00:00:00-05:00,14.0,15.760000228881836,13.899999618530273,15.550000190734863,1227200,0.0,0.0
2023-01-20 00:00:00-05:00,15.899999618530273,16.350000381469727,15.4399995803833,16.239999771118164,1185900,0.0,0.0
2023-01-23 00:00:00-05:00,16.290000915527344,16.850000381469727,16.035999298095703,16.31999969482422,889300,0.0,0.0
2023-01-24 00:00:00-05:00,16.31999969482422,16.632999420166016,16.020000457763672,16.040000915527344,663900,0.0,0.0
2023-01-25 00:00:00-05:00,15.9399995803833,16.1299991607666,15.49899959564209,16.1299991607666,587200,0.0,0.0
2023-01-26 00:00:00-05:00,16.270000457763672,16.562000274658203,15.630000114440918,16.100000381469727,479900,0.0,0.0
2023-01-27 00:00:00-05:00,16.1299991607666,16.649999618530273,15.829999923706055,16.559999465942383,584200,0.0,0.0
2023-01-30 00:00:00-05:00,16.190000534057617,16.3700008392334,15.9350004196167,16.049999237060547,540100,0.0,0.0
2023-01-31 00:00:00-05:00,16.15999984741211,16.6299991607666,16.145000457763672,16.56999969482422,615500,0.0,0.0
2023-02-01 00:00:00-05:00,16.59000015258789,17.139999389648438,16.19700050354004,16.84000015258789,892100,0.0,0.0
2023-02-02 00:00:00-05:00,17.190000534057617,17.290000915527344,16.15999984741211,16.350000381469727,1100400,0.0,0.0
2023-02-03 00:00:00-05:00,16.149999618530273,16.799999237060547,16.010000228881836,16.670000076293945,834700,0.0,0.0
2023-02-06 00:00:00-05:00,16.690000534057617,16.860000610351562,16.309999465942383,16.520000457763672,872200,0.0,0.0
2023-02-07 00:00:00-05:00,16.59000015258789,16.889999389648438,16.364999771118164,16.729999542236328,679700,0.0,0.0
2023-02-08 00:00:00-05:00,16.739999771118164,16.799999237060547,16.309999465942383,16.389999389648438,722000,0.0,0.0
2023-02-09 00:00:00-05:00,16.440000534057617,16.94499969482422,16.34000015258789,16.530000686645508,438900,0.0,0.0
2023-02-10 00:00:00-05:00,16.489999771118164,16.719999313354492,16.31999969482422,16.65999984741211,705200,0.0,0.0
2023-02-13 00:00:00-05:00,16.760000228881836,17.0,16.489999771118164,16.829999923706055,391100,0.0,0.0
2023-02-14 00:00:00-05:00,16.770000457763672,17.290000915527344,16.600000381469727,17.0,530100,0.0,0.0
2023-02-15 00:00:00-05:00,17.18000030517578,17.18000030517578,16.84000015258789,17.139999389648438,474300,0.0,0.0
2023-02-16 00:00:00-05:00,16.90999984741211,17.43000030517578,16.59000015258789,16.6200008392334,1105800,0.0,0.0
2023-02-17 00:00:00-05:00,16.690000534057617,17.010000228881836,16.4950008392334,16.969999313354492,642500,0.0,0.0
2023-02-21 00:00:00-05:00,16.829999923706055,16.959999084472656,16.049999237060547,16.18000030517578,971700,0.0,0.0
2023-02-22 00:00:00-05:00,16.149999618530273,16.440000534057617,15.649999618530273,15.869999885559082,803600,0.0,0.0
2023-02-23 00:00:00-05:00,15.960000038146973,16.18000030517578,15.630000114440918,15.890000343322754,611100,0.0,0.0
2023-02-24 00:00:00-05:00,15.739999771118164,16.020000457763672,15.350000381469727,15.65999984741211,509500,0.0,0.0
2023-02-27 00:00:00-05:00,15.930000305175781,16.459999084472656,15.774999618530273,15.979999542236328,811600,0.0,0.0
2023-02-28 00:00:00-05:00,15.989999771118164,16.31999969482422,15.899999618530273,16.18000030517578,717400,0.0,0.0
2023-03-01 00:00:00-05:00,16.559999465942383,17.566999435424805,16.389999389648438,16.690000534057617,1143400,0.0,0.0
2023-03-02 00:00:00-05:00,16.56999969482422,16.579999923706055,15.390000343322754,15.819999694824219,1097800,0.0,0.0
2023-03-03 00:00:00-05:00,15.800000190734863,16.450000762939453,15.550000190734863,15.550000190734863,959800,0.0,0.0
2023-03-06 00:00:00-05:00,15.470000267028809,15.470000267028809,14.430000305175781,14.539999961853027,754200,0.0,0.0
2023-03-07 00:00:00-05:00,14.460000038146973,14.539999961853027,13.640000343322754,13.6899995803833,1088100,0.0,0.0
2023-03-08 00:00:00-05:00,13.65999984741211,13.760000228881836,13.3100004196167,13.460000038146973,1030400,0.0,0.0
2023-03-09 00:00:00-05:00,13.359999656677246,13.569999694824219,12.055000305175781,12.729999542236328,1993800,0.0,0.0
2023-03-10 00:00:00-05:00,12.6899995803833,12.6899995803833,11.869999885559082,12.09000015258789,1968100,0.0,0.0
2023-03-13 00:00:00-04:00,11.829999923706055,12.470000267028809,11.579999923706055,11.729999542236328,1843200,0.0,0.0
2023-03-14 00:00:00-04:00,12.010000228881836,12.8100004196167,11.375,11.470000267028809,1719700,0.0,0.0
2023-03-15 00:00:00-04:00,11.220000267028809,11.545000076293945,10.649999618530273,11.109999656677246,1694200,0.0,0.0
2023-03-16 00:00:00-04:00,10.920000076293945,11.279999732971191,10.739999771118164,11.079999923706055,1204600,0.0,0.0
2023-03-17 00:00:00-04:00,10.989999771118164,11.260000228881836,10.850000381469727,11.09000015258789,1881100,0.0,0.0
2023-03-20 00:00:00-04:00,11.149999618530273,11.609999656677246,10.949999809265137,11.569999694824219,820100,0.0,0.0
2023-03-21 00:00:00-04:00,11.680000305175781,11.90999984741211,11.03499984741211,11.5600004196167,1105400,0.0,0.0
2023-03-22 00:00:00-04:00,11.59000015258789,11.59000015258789,10.819999694824219,10.859999656677246,839200,0.0,0.0
2023-03-23 00:00:00-04:00,10.979999542236328,11.15999984741211,10.739999771118164,10.800000190734863,958900,0.0,0.0
2023-03-24 00:00:00-04:00,10.6899995803833,10.920000076293945,10.050000190734863,10.229999542236328,1143800,0.0,0.0
2023-03-27 00:00:00-04:00,10.229999542236328,10.53499984741211,10.182999610900879,10.3100004196167,1114600,0.0,0.0
2023-03-28 00:00:00-04:00,10.329999923706055,10.699999809265137,10.1899995803833,10.239999771118164,1358600,0.0,0.0
2023-03-29 00:00:00-04:00,10.289999961853027,10.979999542236328,10.149999618530273,10.710000038146973,1077300,0.0,0.0
2023-03-30 00:00:00-04:00,10.75,11.260000228881836,10.539999961853027,10.899999618530273,1048000,0.0,0.0
2023-03-31 00:00:00-04:00,10.949999809265137,11.270000457763672,10.890000343322754,11.0,969800,0.0,0.0
2023-04-03 00:00:00-04:00,11.039999961853027,11.460000038146973,10.824999809265137,11.149999618530273,1183600,0.0,0.0
2023-04-04 00:00:00-04:00,11.149999618530273,11.204999923706055,10.470000267028809,10.779999732971191,1069900,0.0,0.0
2023-04-05 00:00:00-04:00,10.6899995803833,11.229999542236328,10.670000076293945,11.09000015258789,1304500,0.0,0.0
2023-04-06 00:00:00-04:00,11.180000305175781,12.085000038146973,11.079999923706055,12.029999732971191,1049100,0.0,0.0
2023-04-10 00:00:00-04:00,12.0,12.470000267028809,11.824999809265137,12.369999885559082,797200,0.0,0.0
2023-04-11 00:00:00-04:00,12.380000114440918,13.0649995803833,12.111000061035156,12.890000343322754,986100,0.0,0.0
2023-04-12 00:00:00-04:00,13.0,13.670000076293945,12.9350004196167,13.260000228881836,1191500,0.0,0.0
2023-04-13 00:00:00-04:00,13.399999618530273,15.399999618530273,13.324999809265137,14.739999771118164,2685300,0.0,0.0
2023-04-14 00:00:00-04:00,14.760000228881836,14.8100004196167,13.430000305175781,13.890000343322754,1327000,0.0,0.0
2023-04-17 00:00:00-04:00,13.770000457763672,14.604999542236328,13.760000228881836,13.979999542236328,1099200,0.0,0.0
2023-04-18 00:00:00-04:00,14.109999656677246,14.260000228881836,13.520000457763672,13.819999694824219,698900,0.0,0.0
2023-04-19 00:00:00-04:00,13.5600004196167,13.930000305175781,13.09000015258789,13.59000015258789,808800,0.0,0.0
2023-04-20 00:00:00-04:00,13.4399995803833,13.579999923706055,13.050000190734863,13.449999809265137,870200,0.0,0.0
2023-04-21 00:00:00-04:00,13.420000076293945,14.09000015258789,13.149999618530273,13.800000190734863,502500,0.0,0.0
2023-04-24 00:00:00-04:00,13.970000267028809,13.989999771118164,12.949999809265137,13.279999732971191,652600,0.0,0.0
2023-04-25 00:00:00-04:00,13.3100004196167,13.40999984741211,13.015000343322754,13.369999885559082,441300,0.0,0.0
2023-04-26 00:00:00-04:00,13.510000228881836,14.180000305175781,13.28499984741211,13.899999618530273,677100,0.0,0.0
2023-04-27 00:00:00-04:00,13.890000343322754,13.960000038146973,13.430000305175781,13.760000228881836,495800,0.0,0.0
2023-04-28 00:00:00-04:00,13.770000457763672,14.170000076293945,13.289999961853027,13.84000015258789,824800,0.0,0.0
2023-05-01 00:00:00-04:00,13.460000038146973,14.6899995803833,13.460000038146973,14.390000343322754,697700,0.0,0.0
2023-05-02 00:00:00-04:00,14.239999771118164,14.390000343322754,13.699999809265137,14.210000038146973,1204900,0.0,0.0
2023-05-03 00:00:00-04:00,14.350000381469727,15.04800033569336,14.300000190734863,15.0,900500,0.0,0.0
2023-05-04 00:00:00-04:00,14.84000015258789,15.210000038146973,14.140000343322754,14.479999542236328,645800,0.0,0.0
2023-05-05 00:00:00-04:00,14.600000381469727,14.9399995803833,14.539999961853027,14.5600004196167,836000,0.0,0.0
2023-05-08 00:00:00-04:00,14.510000228881836,14.5600004196167,14.010000228881836,14.260000228881836,572400,0.0,0.0
2023-05-09 00:00:00-04:00,14.109999656677246,15.119999885559082,14.020000457763672,14.819999694824219,731600,0.0,0.0
2023-05-10 00:00:00-04:00,14.710000038146973,14.760000228881836,11.550000190734863,12.029999732971191,4134000,0.0,0.0
2023-05-11 00:00:00-04:00,11.90999984741211,11.979999542236328,10.6899995803833,10.829999923706055,3027600,0.0,0.0
2023-05-12 00:00:00-04:00,10.859999656677246,11.085000038146973,9.779999732971191,10.079999923706055,2511200,0.0,0.0
2023-05-15 00:00:00-04:00,10.15999984741211,10.510000228881836,10.0,10.300000190734863,1083500,0.0,0.0
2023-05-16 00:00:00-04:00,10.199999809265137,10.270000457763672,9.710000038146973,9.979999542236328,1461200,0.0,0.0
2023-05-17 00:00:00-04:00,10.0,10.039999961853027,9.779999732971191,10.010000228881836,984900,0.0,0.0
2023-05-18 00:00:00-04:00,9.949999809265137,9.970000267028809,9.229999542236328,9.449999809265137,1193000,0.0,0.0
2023-05-19 00:00:00-04:00,9.569999694824219,9.758000373840332,9.300000190734863,9.470000267028809,907800,0.0,0.0
2023-05-22 00:00:00-04:00,9.5600004196167,9.984999656677246,9.527999877929688,9.84000015258789,900600,0.0,0.0
2023-05-23 00:00:00-04:00,9.869999885559082,9.899999618530273,9.430000305175781,9.470000267028809,1048500,0.0,0.0
2023-05-24 00:00:00-04:00,9.390000343322754,9.390000343322754,8.869999885559082,8.989999771118164,1687300,0.0,0.0
2023-05-25 00:00:00-04:00,8.5,8.5600004196167,8.069999694824219,8.380000114440918,3309100,0.0,0.0
2023-05-26 00:00:00-04:00,8.350000381469727,8.569999694824219,8.109999656677246,8.399999618530273,1575400,0.0,0.0
2023-05-30 00:00:00-04:00,8.369999885559082,8.630000114440918,7.789999961853027,7.809999942779541,1681400,0.0,0.0
2023-05-31 00:00:00-04:00,7.789999961853027,8.079999923706055,7.25,7.510000228881836,1610900,0.0,0.0
2023-06-01 00:00:00-04:00,7.5,7.835000038146973,7.360000133514404,7.650000095367432,1271500,0.0,0.0
2023-06-02 00:00:00-04:00,7.659999847412109,8.220000267028809,7.53000020980835,8.199999809265137,1054900,0.0,0.0
2023-06-05 00:00:00-04:00,8.130000114440918,8.649999618530273,8.039999961853027,8.5600004196167,990600,0.0,0.0
2023-06-06 00:00:00-04:00,8.520000457763672,8.640000343322754,8.130000114440918,8.619999885559082,1100600,0.0,0.0
2023-06-07 00:00:00-04:00,8.670000076293945,9.710000038146973,8.539999961853027,9.630000114440918,1539100,0.0,0.0
2023-06-08 00:00:00-04:00,9.649999618530273,10.239999771118164,9.592000007629395,10.010000228881836,1465500,0.0,0.0
2023-06-09 00:00:00-04:00,10.010000228881836,10.149999618530273,9.720000267028809,9.9399995803833,990200,0.0,0.0
2023-06-12 00:00:00-04:00,10.100000381469727,10.579999923706055,9.949999809265137,10.210000038146973,1464600,0.0,0.0
2023-06-13 00:00:00-04:00,10.279999732971191,11.279999732971191,10.164999961853027,10.930000305175781,1425900,0.0,0.0
2023-06-14 00:00:00-04:00,10.979999542236328,11.3100004196167,10.510000228881836,10.6899995803833,1071400,0.0,0.0
2023-06-15 00:00:00-04:00,10.569999694824219,10.760000228881836,10.079999923706055,10.220000267028809,1076100,0.0,0.0
2023-06-16 00:00:00-04:00,10.390000343322754,10.390000343322754,9.279999732971191,9.59000015258789,5660400,0.0,0.0
2023-06-20 00:00:00-04:00,9.550000190734863,9.869999885559082,9.0,9.4399995803833,1425100,0.0,0.0
2023-06-21 00:00:00-04:00,9.34000015258789,9.800000190734863,8.970000267028809,9.65999984741211,1217100,0.0,0.0
2023-06-22 00:00:00-04:00,9.619999885559082,9.970000267028809,9.262999534606934,9.279999732971191,1121500,0.0,0.0
2023-06-23 00:00:00-04:00,9.1899995803833,9.199999809265137,8.270000457763672,8.779999732971191,2529300,0.0,0.0
2023-06-26 00:00:00-04:00,8.720000267028809,8.739999771118164,8.305000305175781,8.545000076293945,800000,0.0,0.0
2023-06-27 00:00:00-04:00,8.699999809265137,8.699999809265137,8.109999656677246,8.470000267028809,988500,0.0,0.0
2023-06-28 00:00:00-04:00,8.5,8.630000114440918,8.300000190734863,8.619999885559082,915900,0.0,0.0
2023-06-29 00:00:00-04:00,8.770000457763672,8.770000457763672,8.25,8.329999923706055,2021600,0.0,0.0
2023-06-30 00:00:00-04:00,8.390000343322754,9.880000114440918,8.270000457763672,9.529999732971191,1781400,0.0,0.0
2023-07-03 00:00:00-04:00,9.539999961853027,9.670000076293945,8.6899995803833,8.75,707700,0.0,0.0
2023-07-05 00:00:00-04:00,8.779999732971191,9.380000114440918,8.720000267028809,9.289999961853027,851800,0.0,0.0
2023-07-06 00:00:00-04:00,9.109999656677246,9.579999923706055,8.9399995803833,9.300000190734863,1084600,0.0,0.0
2023-07-07 00:00:00-04:00,9.34000015258789,9.5600004196167,9.220000267028809,9.25,724800,0.0,0.0
2023-07-10 00:00:00-04:00,9.300000190734863,9.699999809265137,9.154999732971191,9.699999809265137,851000,0.0,0.0
2023-07-11 00:00:00-04:00,9.6899995803833,9.699999809265137,9.197999954223633,9.300000190734863,692400,0.0,0.0
2023-07-12 00:00:00-04:00,9.5,9.960000038146973,9.34000015258789,9.619999885559082,697400,0.0,0.0
2023-07-13 00:00:00-04:00,9.649999618530273,9.770000457763672,9.369999885559082,9.390000343322754,336500,0.0,0.0
2023-07-14 00:00:00-04:00,9.359999656677246,9.59000015258789,9.119999885559082,9.4399995803833,584300,0.0,0.0
2023-07-17 00:00:00-04:00,9.800000190734863,11.390000343322754,9.505000114440918,10.979999542236328,1673600,0.0,0.0
2023-07-18 00:00:00-04:00,10.960000038146973,11.050000190734863,10.529999732971191,10.59000015258789,660200,0.0,0.0
2023-07-19 00:00:00-04:00,10.65999984741211,10.86400032043457,10.28499984741211,10.399999618530273,519300,0.0,0.0
2023-07-20 00:00:00-04:00,10.399999618530273,10.75,10.114999771118164,10.359999656677246,560700,0.0,0.0
2023-07-21 00:00:00-04:00,10.460000038146973,10.920000076293945,10.270000457763672,10.489999771118164,967800,0.0,0.0
2023-07-24 00:00:00-04:00,10.470000267028809,10.579999923706055,9.850000381469727,10.300000190734863,757400,0.0,0.0
2023-07-25 00:00:00-04:00,10.300000190734863,10.600000381469727,10.050000190734863,10.489999771118164,597900,0.0,0.0
2023-07-26 00:00:00-04:00,10.460000038146973,10.5600004196167,10.237000465393066,10.4399995803833,931000,0.0,0.0
2023-07-27 00:00:00-04:00,10.479999542236328,10.680000305175781,9.960000038146973,10.0,788500,0.0,0.0
2023-07-28 00:00:00-04:00,10.140000343322754,10.899999618530273,10.140000343322754,10.859999656677246,821000,0.0,0.0
2023-07-31 00:00:00-04:00,10.869999885559082,10.984999656677246,10.699999809265137,10.90999984741211,479000,0.0,0.0
2023-08-01 00:00:00-04:00,10.800000190734863,10.892000198364258,10.279999732971191,10.569999694824219,601800,0.0,0.0
2023-08-02 00:00:00-04:00,10.380000114440918,10.779999732971191,10.119999885559082,10.25,568800,0.0,0.0
2023-08-03 00:00:00-04:00,10.199999809265137,10.279999732971191,9.829999923706055,10.119999885559082,706900,0.0,0.0
2023-08-04 00:00:00-04:00,10.119999885559082,10.329999923706055,9.729999542236328,9.829999923706055,593300,0.0,0.0
2023-08-07 00:00:00-04:00,9.920000076293945,10.0,9.329999923706055,9.579999923706055,888400,0.0,0.0
2023-08-08 00:00:00-04:00,9.529999732971191,9.970000267028809,9.4399995803833,9.829999923706055,816000,0.0,0.0
2023-08-09 00:00:00-04:00,10.329999923706055,10.90999984741211,9.25,9.390000343322754,1008700,0.0,0.0
2023-08-10 00:00:00-04:00,9.399999618530273,9.630000114440918,9.100000381469727,9.279999732971191,658500,0.0,0.0
2023-08-11 00:00:00-04:00,9.279999732971191,9.5600004196167,8.819999694824219,8.960000038146973,695500,0.0,0.0
2023-08-14 00:00:00-04:00,8.800000190734863,8.939000129699707,8.270000457763672,8.6899995803833,1034700,0.0,0.0
2023-08-15 00:00:00-04:00,8.640000343322754,8.670000076293945,8.210000038146973,8.470000267028809,1219900,0.0,0.0
2023-08-16 00:00:00-04:00,8.40999984741211,8.520000457763672,8.09000015258789,8.210000038146973,1022200,0.0,0.0
2023-08-17 00:00:00-04:00,8.199999809265137,8.289999961853027,7.980000019073486,8.119999885559082,716500,0.0,0.0
2023-08-18 00:00:00-04:00,7.989999771118164,8.260000228881836,7.820000171661377,7.820000171661377,678000,0.0,0.0
2023-08-21 00:00:00-04:00,7.599999904632568,7.949999809265137,6.394999980926514,7.275000095367432,4788000,0.0,0.0
2023-08-22 00:00:00-04:00,7.269999980926514,7.539999961853027,7.099999904632568,7.5,2806400,0.0,0.0
2023-08-23 00:00:00-04:00,7.519999980926514,8.0600004196167,7.449999809265137,7.519999980926514,1113200,0.0,0.0
2023-08-24 00:00:00-04:00,7.550000190734863,7.690000057220459,7.300000190734863,7.5,898100,0.0,0.0
2023-08-25 00:00:00-04:00,7.590000152587891,7.889999866485596,7.449999809265137,7.739999771118164,676800,0.0,0.0
2023-08-28 00:00:00-04:00,7.840000152587891,8.029999732971191,7.559999942779541,8.020000457763672,568900,0.0,0.0
2023-08-29 00:00:00-04:00,8.149999618530273,8.989999771118164,8.09000015258789,8.739999771118164,1214800,0.0,0.0
2023-08-30 00:00:00-04:00,8.739999771118164,9.0600004196167,8.600000381469727,8.930000305175781,956400,0.0,0.0
2023-08-31 00:00:00-04:00,8.9399995803833,9.100000381469727,8.34000015258789,8.539999961853027,1131400,0.0,0.0
2023-09-01 00:00:00-04:00,8.609999656677246,8.975000381469727,8.609999656677246,8.960000038146973,638200,0.0,0.0
2023-09-05 00:00:00-04:00,8.979999542236328,9.194999694824219,8.255000114440918,8.279999732971191,804500,0.0,0.0
2023-09-06 00:00:00-04:00,8.279999732971191,8.479999542236328,7.659999847412109,7.75,742100,0.0,0.0
2023-09-07 00:00:00-04:00,8.100000381469727,8.168999671936035,7.46999979019165,7.570000171661377,987500,0.0,0.0
2023-09-08 00:00:00-04:00,7.570000171661377,7.644999980926514,7.409999847412109,7.420000076293945,769600,0.0,0.0
2023-09-11 00:00:00-04:00,7.420000076293945,7.840000152587891,7.275000095367432,7.789999961853027,666500,0.0,0.0
2023-09-12 00:00:00-04:00,7.800000190734863,8.319999694824219,7.619999885559082,8.1899995803833,654100,0.0,0.0
2023-09-13 00:00:00-04:00,8.199999809265137,8.239999771118164,7.460000038146973,7.5,760500,0.0,0.0
2023-09-14 00:00:00-04:00,7.550000190734863,7.710000038146973,6.644999980926514,6.78000020980835,1234200,0.0,0.0
2023-09-15 00:00:00-04:00,6.739999771118164,7.170000076293945,6.400000095367432,6.809999942779541,2966900,0.0,0.0
2023-09-18 00:00:00-04:00,6.929999828338623,7.059999942779541,6.360000133514404,6.429999828338623,1370200,0.0,0.0
2023-09-19 00:00:00-04:00,6.360000133514404,6.619999885559082,6.159999847412109,6.53000020980835,1223200,0.0,0.0
2023-09-20 00:00:00-04:00,6.550000190734863,6.559999942779541,5.880000114440918,5.880000114440918,945200,0.0,0.0
2023-09-21 00:00:00-04:00,5.739999771118164,5.789999961853027,5.46999979019165,5.710000038146973,1234300,0.0,0.0
2023-09-22 00:00:00-04:00,5.769999980926514,5.840000152587891,5.28000020980835,5.380000114440918,948000,0.0,0.0
2023-09-25 00:00:00-04:00,5.519999980926514,5.835000038146973,5.190000057220459,5.78000020980835,1360000,0.0,0.0
2023-09-26 00:00:00-04:00,5.789999961853027,6.420000076293945,5.78000020980835,5.829999923706055,1072900,0.0,0.0
2023-09-27 00:00:00-04:00,5.760000228881836,6.170000076293945,5.320000171661377,5.579999923706055,923600,0.0,0.0
2023-09-28 00:00:00-04:00,5.579999923706055,5.699999809265137,5.329999923706055,5.539999961853027,1066400,0.0,0.0
2023-09-29 00:00:00-04:00,5.619999885559082,5.659999847412109,5.28000020980835,5.309999942779541,759200,0.0,0.0
2023-10-02 00:00:00-04:00,5.260000228881836,5.260000228881836,4.690000057220459,4.71999979019165,1616200,0.0,0.0
2023-10-03 00:00:00-04:00,4.670000076293945,4.76800012588501,4.480000019073486,4.570000171661377,1045900,0.0,0.0
2023-10-04 00:00:00-04:00,4.639999866485596,4.639999866485596,4.105000019073486,4.5,1116000,0.0,0.0
2023-10-05 00:00:00-04:00,4.510000228881836,4.829999923706055,4.25,4.429999828338623,2944500,0.0,0.0
2023-10-06 00:00:00-04:00,4.480000019073486,4.748000144958496,4.03000020980835,4.690000057220459,2454900,0.0,0.0
2023-10-09 00:00:00-04:00,4.570000171661377,4.929999828338623,4.559999942779541,4.650000095367432,1422800,0.0,0.0
2023-10-10 00:00:00-04:00,4.630000114440918,5.019999980926514,4.510000228881836,4.820000171661377,1400200,0.0,0.0
2023-10-11 00:00:00-04:00,4.840000152587891,4.949999809265137,4.335000038146973,4.510000228881836,1135000,0.0,0.0
2023-10-12 00:00:00-04:00,4.460000038146973,4.480000019073486,3.8399999141693115,3.880000114440918,2239000,0.0,0.0
2023-10-13 00:00:00-04:00,3.5299999713897705,4.070000171661377,3.1549999713897705,3.880000114440918,2315300,0.0,0.0
2023-10-16 00:00:00-04:00,3.8299999237060547,4.090000152587891,3.5899999141693115,3.755000114440918,1175100,0.0,0.0
2023-10-17 00:00:00-04:00,3.6600000858306885,4.098999977111816,3.6600000858306885,3.8499999046325684,877900,0.0,0.0
2023-10-18 00:00:00-04:00,3.8299999237060547,3.8299999237060547,3.2100000381469727,3.2300000190734863,1238900,0.0,0.0
2023-10-19 00:00:00-04:00,3.2300000190734863,3.319999933242798,3.005000114440918,3.0299999713897705,1385100,0.0,0.0
2023-10-20 00:00:00-04:00,2.4100000858306885,2.559999942779541,2.1600000858306885,2.4649999141693115,18374000,0.0,0.0
2023-10-23 00:00:00-04:00,2.5199999809265137,2.5399999618530273,2.369999885559082,2.4149999618530273,6896400,0.0,0.0
2023-10-24 00:00:00-04:00,2.4700000286102295,2.5,2.3299999237060547,2.390000104904175,7583100,0.0,0.0
2023-10-25 00:00:00-04:00,2.390000104904175,2.4049999713897705,2.305000066757202,2.380000114440918,3273100,0.0,0.0
2023-10-26 00:00:00-04:00,2.25,2.390000104904175,2.130000114440918,2.369999885559082,6823500,0.0,0.0
2023-10-27 00:00:00-04:00,2.4000000953674316,2.4600000381469727,2.309999942779541,2.3350000381469727,3207700,0.0,0.0
2023-10-30 00:00:00-04:00,2.319999933242798,2.450000047683716,2.2699999809265137,2.299999952316284,2885400,0.0,0.0
2023-10-31 00:00:00-04:00,2.2899999618530273,2.3299999237060547,2.1600000858306885,2.25,2533300,0.0,0.0
2023-11-01 00:00:00-04:00,2.25,2.299999952316284,2.180000066757202,2.259999990463257,1541200,0.0,0.0
2023-11-02 00:00:00-04:00,2.299999952316284,2.4000000953674316,2.1500000953674316,2.2200000286102295,1889900,0.0,0.0
2023-11-03 00:00:00-04:00,2.430000066757202,2.5399999618530273,2.380000114440918,2.440000057220459,3711400,0.0,0.0
2023-11-06 00:00:00-05:00,2.5,2.569999933242798,2.200000047683716,2.3399999141693115,2706400,0.0,0.0
2023-11-07 00:00:00-05:00,2.3399999141693115,2.359999895095825,2.134999990463257,2.3499999046325684,2644500,0.0,0.0
2023-11-08 00:00:00-05:00,2.369999885559082,2.450000047683716,2.1700000762939453,2.200000047683716,2200100,0.0,0.0
2023-11-09 00:00:00-05:00,2.2699999809265137,2.2699999809265137,2.0,2.0,1690300,0.0,0.0
2023-11-10 00:00:00-05:00,2.059999942779541,2.059999942779541,1.7999999523162842,1.9049999713897705,2487200,0.0,0.0
2023-11-13 00:00:00-05:00,1.8700000047683716,2.180000066757202,1.8550000190734863,2.109999895095825,2020300,0.0,0.0
2023-11-14 00:00:00-05:00,2.2300000190734863,2.240000009536743,2.075000047683716,2.180000066757202,2754100,0.0,0.0
2023-11-15 00:00:00-05:00,2.130000114440918,2.3299999237060547,2.069999933242798,2.0799999237060547,2234600,0.0,0.0
2023-11-16 00:00:00-05:00,2.119999885559082,2.130000114440918,1.8899999856948853,1.9500000476837158,1956000,0.0,0.0
2023-11-17 00:00:00-05:00,2.009999990463257,2.140000104904175,2.0,2.0399999618530273,1931500,0.0,0.0
2023-11-20 00:00:00-05:00,2.119999885559082,2.3350000381469727,2.0299999713897705,2.069999933242798,7181900,0.0,0.0
2023-11-21 00:00:00-05:00,2.0799999237060547,2.1500000953674316,1.8600000143051147,1.8899999856948853,2868900,0.0,0.0
2023-11-22 00:00:00-05:00,1.9500000476837158,2.0799999237060547,1.7699999809265137,1.8799999952316284,1535300,0.0,0.0
2023-11-24 00:00:00-05:00,1.899999976158142,2.0850000381469727,1.8300000429153442,2.0299999713897705,1231200,0.0,0.0
2023-11-27 00:00:00-05:00,2.049999952316284,2.109999895095825,1.8799999952316284,1.9600000381469727,5998900,0.0,0.0
2023-11-28 00:00:00-05:00,1.9299999475479126,2.049999952316284,1.899999976158142,2.0399999618530273,2427900,0.0,0.0
2023-11-29 00:00:00-05:00,2.049999952316284,2.25,1.875,1.899999976158142,3486000,0.0,0.0
2023-11-30 00:00:00-05:00,1.9600000381469727,2.0299999713897705,1.8300000429153442,1.840000033378601,2353300,0.0,0.0
2023-12-01 00:00:00-05:00,1.850000023841858,2.0,1.7599999904632568,1.9900000095367432,2933600,0.0,0.0
2023-12-04 00:00:00-05:00,1.9900000095367432,2.2799999713897705,1.9900000095367432,2.240000009536743,3961000,0.0,0.0
2023-12-05 00:00:00-05:00,2.2300000190734863,2.2300000190734863,2.0,2.0350000858306885,2410200,0.0,0.0
2023-12-06 00:00:00-05:00,2.069999933242798,2.319999933242798,2.059999942779541,2.1500000953674316,2577800,0.0,0.0
2023-12-07 00:00:00-05:00,2.1500000953674316,2.2300000190734863,2.125,2.200000047683716,2257100,0.0,0.0
2023-12-08 00:00:00-05:00,2.200000047683716,2.2200000286102295,2.115000009536743,2.1600000858306885,1983400,0.0,0.0
2023-12-11 00:00:00-05:00,2.190000057220459,2.190000057220459,2.0,2.0299999713897705,1839000,0.0,0.0
2023-12-12 00:00:00-05:00,2.0299999713897705,2.0899999141693115,1.8899999856948853,2.059999942779541,1926000,0.0,0.0
2023-12-13 00:00:00-05:00,2.049999952316284,2.390000104904175,2.0,2.380000114440918,3062900,0.0,0.0
2023-12-14 00:00:00-05:00,2.4200000762939453,2.619999885559082,2.3949999809265137,2.5399999618530273,5108600,0.0,0.0
2023-12-15 00:00:00-05:00,2.6700000762939453,2.740000009536743,2.2899999618530273,2.440000057220459,10804800,0.0,0.0
2023-12-18 00:00:00-05:00,3.059999942779541,3.430000066757202,2.4600000381469727,2.5399999618530273,45222900,0.0,0.0
2023-12-19 00:00:00-05:00,2.4000000953674316,2.6500000953674316,2.2799999713897705,2.559999942779541,9003500,0.0,0.0
2023-12-20 00:00:00-05:00,2.5299999713897705,2.930000066757202,2.450000047683716,2.5899999141693115,8842600,0.0,0.0
2023-12-21 00:00:00-05:00,2.7200000286102295,2.7950000762939453,2.509999990463257,2.5999999046325684,6139400,0.0,0.0
2023-12-22 00:00:00-05:00,2.630000114440918,3.130000114440918,2.5999999046325684,2.9600000381469727,9022100,0.0,0.0
2023-12-26 00:00:00-05:00,3.069999933242798,3.2100000381469727,2.989000082015991,3.0999999046325684,4274200,0.0,0.0
2023-12-27 00:00:00-05:00,3.049999952316284,3.1500000953674316,2.9600000381469727,3.0199999809265137,3592700,0.0,0.0
2023-12-28 00:00:00-05:00,3.009999990463257,3.690000057220459,2.990000009536743,3.299999952316284,9187300,0.0,0.0
2023-12-29 00:00:00-05:00,3.380000114440918,3.5399999618530273,3.2049999237060547,3.2300000190734863,6638900,0.0,0.0
2024-01-02 00:00:00-05:00,3.1700000762939453,3.690000057220459,3.069999933242798,3.430000066757202,5468600,0.0,0.0
2024-01-03 00:00:00-05:00,3.6700000762939453,4.010000228881836,3.450000047683716,3.9100000858306885,12506000,0.0,0.0
2024-01-04 00:00:00-05:00,3.990000009536743,4.25,3.75,4.039999961853027,11682100,0.0,0.0
2024-01-05 00:00:00-05:00,3.950000047683716,4.179999828338623,3.6500000953674316,3.7100000381469727,7022800,0.0,0.0
2024-01-08 00:00:00-05:00,3.75,4.050000190734863,3.4600000381469727,4.050000190734863,4566700,0.0,0.0
2024-01-09 00:00:00-05:00,3.990000009536743,4.380000114440918,3.9200000762939453,4.050000190734863,5077400,0.0,0.0
2024-01-10 00:00:00-05:00,4.139999866485596,4.260000228881836,3.8399999141693115,4.139999866485596,3480100,0.0,0.0
2024-01-11 00:00:00-05:00,4.03000020980835,4.099999904632568,3.640000104904175,3.700000047683716,5101000,0.0,0.0
2024-01-12 00:00:00-05:00,3.7300000190734863,3.9000000953674316,3.509999990463257,3.640000104904175,3233400,0.0,0.0
2024-01-16 00:00:00-05:00,3.6500000953674316,3.690000057220459,3.3450000286102295,3.4700000286102295,4158100,0.0,0.0
2024-01-17 00:00:00-05:00,3.390000104904175,3.4100000858306885,3.255000114440918,3.3399999141693115,2187700,0.0,0.0
2024-01-18 00:00:00-05:00,3.390000104904175,3.4240000247955322,3.130000114440918,3.2699999809265137,2719600,0.0,0.0
2024-01-19 00:00:00-05:00,3.2100000381469727,3.319999933242798,3.109999895095825,3.25,2165300,0.0,0.0
2024-01-22 00:00:00-05:00,3.440000057220459,3.700000047683716,3.2950000762939453,3.5399999618530273,3716200,0.0,0.0
2024-01-23 00:00:00-05:00,3.5899999141693115,4.190000057220459,3.5899999141693115,4.190000057220459,7363000,0.0,0.0
2024-01-24 00:00:00-05:00,4.25,4.739999771118164,4.050000190734863,4.559999942779541,8345400,0.0,0.0
2024-01-25 00:00:00-05:00,4.510000228881836,4.840000152587891,4.440000057220459,4.840000152587891,5096300,0.0,0.0
2024-01-26 00:00:00-05:00,4.849999904632568,5.309999942779541,4.830999851226807,5.300000190734863,7398500,0.0,0.0
2024-01-29 00:00:00-05:00,5.480000019073486,6.079999923706055,5.059999942779541,6.059999942779541,11007300,0.0,0.0
2024-01-30 00:00:00-05:00,5.940000057220459,6.260000228881836,5.639999866485596,5.869999885559082,7151800,0.0,0.0
2024-01-31 00:00:00-05:00,5.840000152587891,6.25,5.65500020980835,5.869999885559082,5347500,0.0,0.0
2024-02-01 00:00:00-05:00,5.650000095367432,7.139999866485596,5.599999904632568,6.639999866485596,10197700,0.0,0.0
2024-02-02 00:00:00-05:00,6.659999847412109,6.869999885559082,5.880000114440918,6.070000171661377,5609900,0.0,0.0
2024-02-05 00:00:00-05:00,6.019999980926514,6.070000171661377,5.869999885559082,6.019999980926514,2121900,0.0,0.0
2024-02-06 00:00:00-05:00,5.980000019073486,6.039999961853027,5.5,5.699999809265137,2873300,0.0,0.0
2024-02-07 00:00:00-05:00,5.550000190734863,5.849999904632568,5.380000114440918,5.710000038146973,3416900,0.0,0.0
2024-02-08 00:00:00-05:00,5.670000076293945,5.800000190734863,5.5,5.699999809265137,1332500,0.0,0.0
2024-02-09 00:00:00-05:00,5.769999980926514,6.885000228881836,5.71999979019165,6.570000171661377,7729100,0.0,0.0
2024-02-12 00:00:00-05:00,6.5,6.75,6.349999904632568,6.690000057220459,3394000,0.0,0.0
2024-02-13 00:00:00-05:00,6.25,6.954999923706055,6.050000190734863,6.900000095367432,3416100,0.0,0.0
2024-02-14 00:00:00-05:00,7.190000057220459,7.639999866485596,6.880000114440918,7.579999923706055,4443600,0.0,0.0
2024-02-15 00:00:00-05:00,7.599999904632568,8.029999732971191,7.329999923706055,7.96999979019165,3755200,0.0,0.0
2024-02-16 00:00:00-05:00,7.96999979019165,10.239999771118164,7.869999885559082,9.300000190734863,11913100,0.0,0.0
2024-02-20 00:00:00-05:00,9.0600004196167,9.510000228881836,8.930000305175781,9.479999542236328,5277200,0.0,0.0
2024-02-21 00:00:00-05:00,9.399999618530273,9.609999656677246,8.579999923706055,9.270000457763672,3373400,0.0,0.0
2024-02-22 00:00:00-05:00,9.229999542236328,9.970000267028809,9.050000190734863,9.619999885559082,4238800,0.0,0.0
2024-02-23 00:00:00-05:00,9.880000114440918,10.149999618530273,9.1850004196167,9.680000305175781,4852600,0.0,0.0
2024-02-26 00:00:00-05:00,9.779999732971191,10.180000305175781,9.479999542236328,9.6899995803833,4572100,0.0,0.0
2024-02-27 00:00:00-05:00,10.5,11.329999923706055,10.319999694824219,10.630000114440918,9254400,0.0,0.0
2024-02-28 00:00:00-05:00,10.65999984741211,11.088000297546387,10.210000038146973,10.40999984741211,3411700,0.0,0.0
2024-02-29 00:00:00-05:00,9.489999771118164,10.569999694824219,9.329999923706055,10.279999732971191,12491400,0.0,0.0
2024-03-01 00:00:00-05:00,10.1899995803833,11.90999984741211,10.0,11.770000457763672,6645200,0.0,0.0
2024-03-04 00:00:00-05:00,12.039999961853027,12.350000381469727,10.779999732971191,10.949999809265137,4547500,0.0,0.0
2024-03-05 00:00:00-05:00,10.800000190734863,11.069999694824219,10.460000038146973,10.899999618530273,2750500,0.0,0.0
2024-03-06 00:00:00-05:00,11.050000190734863,11.279999732971191,10.420000076293945,10.4399995803833,3617000,0.0,0.0
2024-03-07 00:00:00-05:00,10.53499984741211,10.869999885559082,10.229999542236328,10.380000114440918,3069600,0.0,0.0
2024-03-08 00:00:00-05:00,10.484999656677246,11.21500015258789,10.420000076293945,11.149999618530273,3807300,0.0,0.0
2024-03-11 00:00:00-04:00,11.170000076293945,11.548999786376953,9.84000015258789,10.039999961853027,3669900,0.0,0.0
2024-03-12 00:00:00-04:00,10.0,10.350000381469727,9.899999618530273,10.109999656677246,2449000,0.0,0.0
2024-03-13 00:00:00-04:00,10.0600004196167,11.09000015258789,9.930000305175781,11.0600004196167,3372700,0.0,0.0
2024-03-14 00:00:00-04:00,11.039999961853027,11.489999771118164,10.630000114440918,10.9399995803833,3678400,0.0,0.0
2024-03-15 00:00:00-04:00,10.869999885559082,11.4399995803833,10.4350004196167,10.65999984741211,15282600,0.0,0.0
2024-03-18 00:00:00-04:00,10.430000305175781,10.510000228881836,9.574999809265137,10.234999656677246,3876000,0.0,0.0
2024-03-19 00:00:00-04:00,10.069999694824219,10.319999694824219,9.803000450134277,9.859999656677246,2536100,0.0,0.0
2024-03-20 00:00:00-04:00,9.920000076293945,10.819999694824219,9.569999694824219,10.800000190734863,4219200,0.0,0.0
2024-03-21 00:00:00-04:00,10.880000114440918,11.039999961853027,10.09000015258789,10.180000305175781,3681200,0.0,0.0
2024-03-22 00:00:00-04:00,10.279999732971191,10.710000038146973,9.569999694824219,9.609999656677246,3352400,0.0,0.0
2024-03-25 00:00:00-04:00,9.75,10.100000381469727,9.09000015258789,9.260000228881836,3712400,0.0,0.0
2024-03-26 00:00:00-04:00,9.390000343322754,9.520000457763672,9.100000381469727,9.270000457763672,2773100,0.0,0.0
2024-03-27 00:00:00-04:00,9.399999618530273,9.8100004196167,9.229999542236328,9.59000015258789,2332300,0.0,0.0
2024-03-28 00:00:00-04:00,9.670000076293945,10.020000457763672,9.609999656677246,9.90999984741211,3723600,0.0,0.0
2024-04-01 00:00:00-04:00,9.960000038146973,10.0,9.15999984741211,9.680000305175781,3075300,0.0,0.0
2024-04-02 00:00:00-04:00,9.399999618530273,9.479999542236328,9.279999732971191,9.399999618530273,2019300,0.0,0.0
2024-04-03 00:00:00-04:00,9.369999885559082,9.779999732971191,9.199999809265137,9.630000114440918,1642500,0.0,0.0
2024-04-04 00:00:00-04:00,9.739999771118164,10.864999771118164,9.734999656677246,10.75,4069500,0.0,0.0
2024-04-05 00:00:00-04:00,10.65999984741211,11.789999961853027,10.380000114440918,11.34000015258789,3468700,0.0,0.0
2024-04-08 00:00:00-04:00,11.390000343322754,12.619999885559082,11.300000190734863,12.529999732971191,4911600,0.0,0.0
2024-04-09 00:00:00-04:00,12.479999542236328,13.170000076293945,12.300000190734863,12.489999771118164,3992600,0.0,0.0
2024-04-10 00:00:00-04:00,11.782999992370605,12.470000267028809,11.40999984741211,12.34000015258789,2792700,0.0,0.0
2024-04-11 00:00:00-04:00,12.380000114440918,12.5600004196167,11.8100004196167,11.880000114440918,2736700,0.0,0.0
2024-04-12 00:00:00-04:00,11.770000457763672,11.779000282287598,9.819999694824219,10.199999809265137,4160900,0.0,0.0
2024-04-15 00:00:00-04:00,10.180000305175781,10.46500015258789,9.949999809265137,10.09000015258789,2688200,0.0,0.0
2024-04-16 00:00:00-04:00,9.90999984741211,10.329999923706055,9.75,10.100000381469727,1859600,0.0,0.0
2024-04-17 00:00:00-04:00,10.180000305175781,10.34000015258789,9.970000267028809,10.25,2515900,0.0,0.0
2024-04-18 00:00:00-04:00,10.300000190734863,10.380000114440918,9.3100004196167,9.449999809265137,2918500,0.0,0.0
2024-04-19 00:00:00-04:00,9.359999656677246,9.454999923706055,8.4350004196167,9.100000381469727,4518700,0.0,0.0
2024-04-22 00:00:00-04:00,9.180000305175781,9.279999732971191,8.743000030517578,8.9399995803833,1227500,0.0,0.0
2024-04-23 00:00:00-04:00,9.020000457763672,9.295000076293945,8.720000267028809,8.739999771118164,1595700,0.0,0.0
2024-04-24 00:00:00-04:00,8.819999694824219,9.100000381469727,8.739999771118164,8.75,2002000,0.0,0.0
2024-04-25 00:00:00-04:00,8.460000038146973,8.710000038146973,8.210000038146973,8.59000015258789,2251900,0.0,0.0
2024-04-26 00:00:00-04:00,8.59000015258789,8.850000381469727,8.359999656677246,8.470000267028809,2164400,0.0,0.0
2024-04-29 00:00:00-04:00,8.489999771118164,8.835000038146973,8.350000381469727,8.779999732971191,2117900,0.0,0.0
2024-04-30 00:00:00-04:00,8.6899995803833,8.8100004196167,8.300000190734863,8.319999694824219,1757900,0.0,0.0
2024-05-01 00:00:00-04:00,8.40999984741211,9.380000114440918,8.319999694824219,8.84000015258789,2797100,0.0,0.0
2024-05-02 00:00:00-04:00,8.880000114440918,9.220000267028809,8.420000076293945,8.600000381469727,1735700,0.0,0.0
2024-05-03 00:00:00-04:00,8.789999961853027,9.095999717712402,7.96999979019165,8.0,2596300,0.0,0.0
2024-05-06 00:00:00-04:00,7.920000076293945,8.039999961853027,7.46999979019165,7.949999809265137,3383600,0.0,0.0
2024-05-07 00:00:00-04:00,7.96999979019165,8.0600004196167,7.559999942779541,7.880000114440918,1644800,0.0,0.0
2024-05-08 00:00:00-04:00,7.739999771118164,8.079999923706055,7.650000095367432,7.989999771118164,2336000,0.0,0.0
2024-05-09 00:00:00-04:00,8.0,8.295000076293945,7.945000171661377,8.020000457763672,2905000,0.0,0.0
2024-05-10 00:00:00-04:00,8.010000228881836,8.529999732971191,7.840000152587891,7.840000152587891,2538900,0.0,0.0
2024-05-13 00:00:00-04:00,7.920000076293945,8.140000343322754,7.699999809265137,7.989999771118164,2339100,0.0,0.0
2024-05-14 00:00:00-04:00,8.140000343322754,8.460000038146973,7.989999771118164,8.130000114440918,4658000,0.0,0.0
2024-05-15 00:00:00-04:00,9.420000076293945,10.130000114440918,8.899999618530273,9.239999771118164,13896300,0.0,0.0
2024-05-16 00:00:00-04:00,9.25,9.619999885559082,8.819999694824219,9.119999885559082,4310100,0.0,0.0
2024-05-17 00:00:00-04:00,9.100000381469727,9.300000190734863,8.512999534606934,9.199999809265137,3450500,0.0,0.0
2024-05-20 00:00:00-04:00,9.210000038146973,9.59000015258789,9.0600004196167,9.350000381469727,2042900,0.0,0.0
2024-05-21 00:00:00-04:00,9.25,9.579999923706055,9.0600004196167,9.479999542236328,2358300,0.0,0.0
2024-05-22 00:00:00-04:00,9.520000457763672,10.770000457763672,9.520000457763672,9.920000076293945,4539300,0.0,0.0
2024-05-23 00:00:00-04:00,9.960000038146973,10.020000457763672,9.052000045776367,9.079999923706055,2552400,0.0,0.0
2024-05-24 00:00:00-04:00,9.170000076293945,9.354999542236328,8.949999809265137,9.15999984741211,1705300,0.0,0.0
2024-05-28 00:00:00-04:00,9.329999923706055,9.53499984741211,8.850000381469727,8.880000114440918,2272700,0.0,0.0
2024-05-29 00:00:00-04:00,8.739999771118164,8.850000381469727,8.295000076293945,8.59000015258789,2612300,0.0,0.0
2024-05-30 00:00:00-04:00,8.6899995803833,8.880000114440918,8.529999732971191,8.65999984741211,2122300,0.0,0.0
2024-05-31 00:00:00-04:00,8.710000038146973,8.890999794006348,8.029999732971191,8.359999656677246,5122300,0.0,0.0
2024-06-03 00:00:00-04:00,8.399999618530273,8.760000228881836,8.0,8.170000076293945,3131800,0.0,0.0
2024-06-04 00:00:00-04:00,8.0,8.289999961853027,7.855000019073486,7.880000114440918,1909100,0.0,0.0
2024-06-05 00:00:00-04:00,7.920000076293945,8.225000381469727,7.829999923706055,7.96999979019165,1713500,0.0,0.0
2024-06-06 00:00:00-04:00,7.949999809265137,7.989999771118164,7.5,7.599999904632568,2356200,0.0,0.0
2024-06-07 00:00:00-04:00,7.5,7.5269999504089355,7.21999979019165,7.239999771118164,1695000,0.0,0.0
2024-06-10 00:00:00-04:00,7.119999885559082,7.559999942779541,6.989999771118164,7.539999961853027,2130700,0.0,0.0
2024-06-11 00:00:00-04:00,7.480000019073486,7.900000095367432,7.414999961853027,7.78000020980835,1555100,0.0,0.0
2024-06-12 00:00:00-04:00,8.069999694824219,8.239999771118164,7.940000057220459,8.100000381469727,1827900,0.0,0.0
2024-06-13 00:00:00-04:00,8.069999694824219,9.369999885559082,7.989999771118164,9.34000015258789,5055000,0.0,0.0
2024-06-14 00:00:00-04:00,9.25,9.489999771118164,8.515000343322754,8.630000114440918,2778800,0.0,0.0
2024-06-17 00:00:00-04:00,8.619999885559082,8.619999885559082,7.739999771118164,7.960000038146973,3067300,0.0,0.0
2024-06-18 00:00:00-04:00,7.900000095367432,8.164999961853027,7.635000228881836,8.149999618530273,1981500,0.0,0.0
2024-06-20 00:00:00-04:00,8.100000381469727,8.470000267028809,7.889999866485596,8.279999732971191,1812700,0.0,0.0
2024-06-21 00:00:00-04:00,8.3100004196167,8.65999984741211,8.210000038146973,8.489999771118164,8671600,0.0,0.0
2024-06-24 00:00:00-04:00,8.59000015258789,9.079999923706055,8.529999732971191,8.880000114440918,2447900,0.0,0.0
2024-06-25 00:00:00-04:00,8.84000015258789,9.630000114440918,8.5600004196167,9.600000381469727,2831400,0.0,0.0
2024-06-26 00:00:00-04:00,9.600000381469727,9.850000381469727,9.100000381469727,9.289999961853027,2216700,0.0,0.0
2024-06-27 00:00:00-04:00,9.25,9.460000038146973,8.989999771118164,9.420000076293945,1950600,0.0,0.0
2024-06-28 00:00:00-04:00,9.510000228881836,9.59000015258789,9.010000228881836,9.300000190734863,6734800,0.0,0.0
2024-07-01 00:00:00-04:00,9.1899995803833,9.739999771118164,9.119999885559082,9.5600004196167,2198300,0.0,0.0
2024-07-02 00:00:00-04:00,9.5,9.59000015258789,8.930000305175781,9.300000190734863,1963700,0.0,0.0
2024-07-03 00:00:00-04:00,9.369999885559082,9.899999618530273,9.3100004196167,9.600000381469727,1551400,0.0,0.0
2024-07-05 00:00:00-04:00,9.65999984741211,10.529999732971191,9.430000305175781,10.489999771118164,2994600,0.0,0.0
2024-07-08 00:00:00-04:00,9.960000038146973,11.1899995803833,9.569999694824219,10.430000305175781,6332000,0.0,0.0
2024-07-09 00:00:00-04:00,10.199999809265137,10.475000381469727,9.979999542236328,10.020000457763672,2419400,0.0,0.0
2024-07-10 00:00:00-04:00,10.319999694824219,10.550000190734863,9.270000457763672,9.8100004196167,4121200,0.0,0.0
2024-07-11 00:00:00-04:00,9.9399995803833,11.08899974822998,9.779999732971191,10.729999542236328,4104600,0.0,0.0
2024-07-12 00:00:00-04:00,10.829999923706055,11.039999961853027,10.449999809265137,10.619999885559082,2053300,0.0,0.0
2024-07-15 00:00:00-04:00,10.899999618530273,11.005000114440918,10.15999984741211,10.770000457763672,2183300,0.0,0.0
2024-07-16 00:00:00-04:00,10.9399995803833,11.220000267028809,10.53499984741211,10.670000076293945,2003400,0.0,0.0
2024-07-17 00:00:00-04:00,10.449999809265137,10.5600004196167,10.109999656677246,10.270000457763672,1605500,0.0,0.0
2024-07-18 00:00:00-04:00,10.329999923706055,10.4399995803833,9.529999732971191,9.770000457763672,2225800,0.0,0.0
2024-07-19 00:00:00-04:00,9.789999961853027,9.920000076293945,9.619999885559082,9.75,1019000,0.0,0.0
2024-07-22 00:00:00-04:00,9.890000343322754,10.024999618530273,9.550000190734863,9.850000381469727,1715700,0.0,0.0
2024-07-23 00:00:00-04:00,9.800000190734863,10.3100004196167,9.779999732971191,10.199999809265137,1900400,0.0,0.0
2024-07-24 00:00:00-04:00,10.039999961853027,10.479999542236328,9.75,9.770000457763672,1505900,0.0,0.0
2024-07-25 00:00:00-04:00,9.739999771118164,10.680000305175781,9.630000114440918,10.100000381469727,2379900,0.0,0.0
2024-07-26 00:00:00-04:00,10.260000228881836,10.510000228881836,9.994999885559082,10.069999694824219,1458500,0.0,0.0
