Date,Open,High,Low,Close,Volume,Dividends,Stock Splits
2010-05-14 00:00:00-04:00,11.0,11.399999618530273,10.800000190734863,11.010000228881836,1560600,0.0,0.0
2010-05-17 00:00:00-04:00,11.050000190734863,11.140000343322754,10.430000305175781,10.739999771118164,234000,0.0,0.0
2010-05-18 00:00:00-04:00,10.739999771118164,10.989999771118164,10.119999885559082,10.25,184300,0.0,0.0
2010-05-19 00:00:00-04:00,10.25,10.350000381469727,9.739999771118164,9.739999771118164,176700,0.0,0.0
2010-05-20 00:00:00-04:00,9.550000190734863,9.609999656677246,8.229999542236328,8.470000267028809,419900,0.0,0.0
2010-05-21 00:00:00-04:00,8.460000038146973,9.350000381469727,8.449999809265137,9.0,141100,0.0,0.0
2010-05-24 00:00:00-04:00,9.489999771118164,9.489999771118164,8.920000076293945,9.100000381469727,105700,0.0,0.0
2010-05-25 00:00:00-04:00,9.25,9.25,8.75,9.050000190734863,141000,0.0,0.0
2010-05-26 00:00:00-04:00,9.0,9.5,9.0,9.430000305175781,63500,0.0,0.0
2010-05-27 00:00:00-04:00,9.829999923706055,10.260000228881836,9.5,10.199999809265137,121800,0.0,0.0
2010-05-28 00:00:00-04:00,10.300000190734863,10.75,10.300000190734863,10.449999809265137,110300,0.0,0.0
2010-06-01 00:00:00-04:00,10.65999984741211,10.65999984741211,10.279999732971191,10.34000015258789,24400,0.0,0.0
2010-06-02 00:00:00-04:00,10.289999961853027,10.289999961853027,9.899999618530273,9.90999984741211,37500,0.0,0.0
2010-06-03 00:00:00-04:00,9.899999618530273,9.899999618530273,9.699999809265137,9.739999771118164,5000,0.0,0.0
2010-06-04 00:00:00-04:00,9.430000305175781,9.84000015258789,9.430000305175781,9.649999618530273,27800,0.0,0.0
2010-06-07 00:00:00-04:00,9.920000076293945,9.920000076293945,9.449999809265137,9.449999809265137,16000,0.0,0.0
2010-06-08 00:00:00-04:00,9.300000190734863,9.300000190734863,8.649999618530273,8.800000190734863,47300,0.0,0.0
2010-06-09 00:00:00-04:00,8.710000038146973,8.710000038146973,8.449999809265137,8.609999656677246,31300,0.0,0.0
2010-06-10 00:00:00-04:00,8.880000114440918,9.0600004196167,8.649999618530273,9.029999732971191,30800,0.0,0.0
2010-06-11 00:00:00-04:00,8.800000190734863,9.84000015258789,8.800000190734863,9.649999618530273,62000,0.0,0.0
2010-06-14 00:00:00-04:00,9.880000114440918,10.350000381469727,9.829999923706055,10.130000114440918,64300,0.0,0.0
2010-06-15 00:00:00-04:00,10.300000190734863,10.399999618530273,10.050000190734863,10.399999618530273,63300,0.0,0.0
2010-06-16 00:00:00-04:00,10.300000190734863,10.699999809265137,10.220000267028809,10.319999694824219,96800,0.0,0.0
2010-06-17 00:00:00-04:00,10.550000190734863,10.550000190734863,9.899999618530273,10.510000228881836,53800,0.0,0.0
2010-06-18 00:00:00-04:00,10.300000190734863,10.630000114440918,10.300000190734863,10.619999885559082,16800,0.0,0.0
2010-06-21 00:00:00-04:00,10.680000305175781,10.829999923706055,10.569999694824219,10.829999923706055,19300,0.0,0.0
2010-06-22 00:00:00-04:00,11.0,11.050000190734863,10.770000457763672,10.890000343322754,60000,0.0,0.0
2010-06-23 00:00:00-04:00,10.930000305175781,11.010000228881836,10.6899995803833,10.899999618530273,64100,0.0,0.0
2010-06-24 00:00:00-04:00,10.949999809265137,10.949999809265137,10.619999885559082,10.829999923706055,3600,0.0,0.0
2010-06-25 00:00:00-04:00,10.75,11.0,10.600000381469727,11.0,19400,0.0,0.0
2010-06-28 00:00:00-04:00,11.0,11.020000457763672,10.670000076293945,10.670000076293945,6400,0.0,0.0
2010-06-29 00:00:00-04:00,10.5,10.5,9.960000038146973,9.960000038146973,15000,0.0,0.0
2010-06-30 00:00:00-04:00,9.859999656677246,10.109999656677246,9.699999809265137,9.699999809265137,8400,0.0,0.0
2010-07-01 00:00:00-04:00,9.850000381469727,10.050000190734863,9.65999984741211,9.800000190734863,61400,0.0,0.0
2010-07-02 00:00:00-04:00,9.90999984741211,10.510000228881836,9.90999984741211,10.210000038146973,30900,0.0,0.0
2010-07-06 00:00:00-04:00,10.359999656677246,10.869999885559082,10.359999656677246,10.789999961853027,46000,0.0,0.0
2010-07-07 00:00:00-04:00,10.8100004196167,12.489999771118164,10.8100004196167,12.390000343322754,262100,0.0,0.0
2010-07-08 00:00:00-04:00,12.75,13.029999732971191,12.100000381469727,12.390000343322754,111700,0.0,0.0
2010-07-09 00:00:00-04:00,12.539999961853027,12.65999984741211,12.449999809265137,12.5,33300,0.0,0.0
2010-07-12 00:00:00-04:00,12.619999885559082,12.619999885559082,12.25,12.399999618530273,9700,0.0,0.0
2010-07-13 00:00:00-04:00,12.489999771118164,12.800000190734863,12.220000267028809,12.649999618530273,141200,0.0,0.0
2010-07-14 00:00:00-04:00,12.729999542236328,12.920000076293945,12.270000457763672,12.640000343322754,17400,0.0,0.0
2010-07-15 00:00:00-04:00,12.579999923706055,12.9399995803833,12.34000015258789,12.8100004196167,5000,0.0,0.0
2010-07-16 00:00:00-04:00,12.800000190734863,12.949999809265137,12.600000381469727,12.789999961853027,5800,0.0,0.0
2010-07-19 00:00:00-04:00,12.789999961853027,13.470000267028809,12.40999984741211,13.470000267028809,19600,0.0,0.0
2010-07-20 00:00:00-04:00,13.600000381469727,14.369999885559082,13.600000381469727,14.050000190734863,132200,0.0,0.0
2010-07-21 00:00:00-04:00,14.3100004196167,14.90999984741211,14.25,14.390000343322754,153800,0.0,0.0
2010-07-22 00:00:00-04:00,14.760000228881836,14.779999732971191,14.279999732971191,14.329999923706055,167000,0.0,0.0
2010-07-23 00:00:00-04:00,14.34000015258789,14.729999542236328,14.0,14.109999656677246,116400,0.0,0.0
2010-07-26 00:00:00-04:00,14.239999771118164,15.199999809265137,14.0600004196167,14.880000114440918,234300,0.0,0.0
2010-07-27 00:00:00-04:00,15.5,15.930000305175781,14.859999656677246,15.079999923706055,120500,0.0,0.0
2010-07-28 00:00:00-04:00,15.130000114440918,15.130000114440918,14.539999961853027,14.6899995803833,61500,0.0,0.0
2010-07-29 00:00:00-04:00,14.890000343322754,15.0,13.15999984741211,14.789999961853027,188200,0.0,0.0
2010-07-30 00:00:00-04:00,14.649999618530273,14.850000381469727,14.390000343322754,14.6899995803833,18100,0.0,0.0
2010-08-02 00:00:00-04:00,15.0,15.949999809265137,14.6899995803833,15.609999656677246,191600,0.0,0.0
2010-08-03 00:00:00-04:00,16.09000015258789,16.75,15.729999542236328,16.549999237060547,236000,0.0,0.0
2010-08-04 00:00:00-04:00,16.760000228881836,17.989999771118164,16.68000030517578,17.5,393400,0.0,0.0
2010-08-05 00:00:00-04:00,17.479999542236328,18.25,17.299999237060547,17.81999969482422,162400,0.0,0.0
2010-08-06 00:00:00-04:00,18.049999237060547,18.450000762939453,17.889999389648438,18.270000457763672,161500,0.0,0.0
2010-08-09 00:00:00-04:00,18.610000610351562,20.450000762939453,18.600000381469727,19.799999237060547,485700,0.0,0.0
2010-08-10 00:00:00-04:00,20.280000686645508,20.700000762939453,19.68000030517578,20.59000015258789,362100,0.0,0.0
2010-08-11 00:00:00-04:00,20.110000610351562,20.489999771118164,18.459999084472656,19.739999771118164,340900,0.0,0.0
2010-08-12 00:00:00-04:00,19.149999618530273,19.799999237060547,18.850000381469727,19.09000015258789,168500,0.0,0.0
2010-08-13 00:00:00-04:00,19.040000915527344,19.639999389648438,18.719999313354492,18.90999984741211,250200,0.0,0.0
2010-08-16 00:00:00-04:00,19.8799991607666,19.920000076293945,18.920000076293945,19.5,434700,0.0,0.0
2010-08-17 00:00:00-04:00,20.15999984741211,21.899999618530273,19.90999984741211,21.729999542236328,518800,0.0,0.0
2010-08-18 00:00:00-04:00,22.510000228881836,24.979999542236328,22.389999389648438,24.459999084472656,989900,0.0,0.0
2010-08-19 00:00:00-04:00,24.969999313354492,25.0,22.510000228881836,22.8799991607666,800300,0.0,0.0
2010-08-20 00:00:00-04:00,22.280000686645508,24.829999923706055,21.420000076293945,24.729999542236328,873900,0.0,0.0
2010-08-23 00:00:00-04:00,26.0,26.799999237060547,24.90999984741211,25.59000015258789,1062700,0.0,0.0
2010-08-24 00:00:00-04:00,24.5,25.5,23.899999618530273,24.229999542236328,498000,0.0,0.0
2010-08-25 00:00:00-04:00,24.8700008392334,25.280000686645508,22.219999313354492,24.209999084472656,537600,0.0,0.0
2010-08-26 00:00:00-04:00,24.229999542236328,25.299999237060547,23.600000381469727,24.010000228881836,433500,0.0,0.0
2010-08-27 00:00:00-04:00,24.1299991607666,25.649999618530273,23.700000762939453,25.18000030517578,411000,0.0,0.0
2010-08-30 00:00:00-04:00,25.860000610351562,26.450000762939453,25.010000228881836,25.239999771118164,609500,0.0,0.0
2010-08-31 00:00:00-04:00,25.1200008392334,25.5,24.3700008392334,24.719999313354492,377600,0.0,0.0
2010-09-01 00:00:00-04:00,25.110000610351562,25.940000534057617,25.110000610351562,25.360000610351562,229800,0.0,0.0
2010-09-02 00:00:00-04:00,25.81999969482422,27.600000381469727,25.729999542236328,27.0,1085800,0.0,0.0
2010-09-03 00:00:00-04:00,27.8799991607666,28.3799991607666,26.75,27.3799991607666,762400,0.0,0.0
2010-09-07 00:00:00-04:00,27.15999984741211,29.0,26.600000381469727,28.799999237060547,1174800,0.0,0.0
2010-09-08 00:00:00-04:00,30.360000610351562,30.639999389648438,27.610000610351562,27.959999084472656,1487000,0.0,0.0
2010-09-09 00:00:00-04:00,28.850000381469727,28.850000381469727,24.0,24.68000030517578,1528200,0.0,0.0
2010-09-10 00:00:00-04:00,25.0,27.0,23.350000381469727,24.40999984741211,1812800,0.0,0.0
2010-09-13 00:00:00-04:00,25.760000228881836,26.559999465942383,24.799999237060547,26.459999084472656,793900,0.0,0.0
2010-09-14 00:00:00-04:00,26.81999969482422,27.8799991607666,25.940000534057617,26.670000076293945,931000,0.0,0.0
2010-09-15 00:00:00-04:00,27.239999771118164,28.290000915527344,26.989999771118164,27.6200008392334,816800,0.0,0.0
2010-09-16 00:00:00-04:00,27.8700008392334,29.1299991607666,27.579999923706055,28.90999984741211,765400,0.0,0.0
2010-09-17 00:00:00-04:00,29.59000015258789,29.979999542236328,27.100000381469727,28.950000762939453,948800,0.0,0.0
2010-09-20 00:00:00-04:00,29.549999237060547,29.899999618530273,28.200000762939453,29.420000076293945,703900,0.0,0.0
2010-09-21 00:00:00-04:00,29.75,31.209999084472656,28.899999618530273,30.809999465942383,1020800,0.0,0.0
2010-09-22 00:00:00-04:00,31.200000762939453,31.889999389648438,29.420000076293945,30.450000762939453,912400,0.0,0.0
2010-09-23 00:00:00-04:00,30.0,30.649999618530273,28.149999618530273,29.25,687300,0.0,0.0
2010-09-24 00:00:00-04:00,30.040000915527344,30.270000457763672,29.350000381469727,29.579999923706055,512500,0.0,0.0
2010-09-27 00:00:00-04:00,30.059999465942383,30.5,29.5,30.200000762939453,510300,0.0,0.0
2010-09-28 00:00:00-04:00,30.440000534057617,30.440000534057617,28.670000076293945,29.450000762939453,412800,0.0,0.0
2010-09-29 00:00:00-04:00,29.549999237060547,32.400001525878906,28.799999237060547,31.6299991607666,1138800,0.0,0.0
2010-09-30 00:00:00-04:00,32.33000183105469,33.529998779296875,30.799999237060547,31.610000610351562,1148000,0.0,0.0
2010-10-01 00:00:00-04:00,32.5,32.720001220703125,30.8799991607666,31.889999389648438,397500,0.0,0.0
2010-10-04 00:00:00-04:00,31.84000015258789,31.93000030517578,29.110000610351562,29.420000076293945,789800,0.0,0.0
2010-10-05 00:00:00-04:00,29.989999771118164,30.719999313354492,29.350000381469727,30.399999618530273,474800,0.0,0.0
2010-10-06 00:00:00-04:00,30.639999389648438,31.0,29.25,29.75,493000,0.0,0.0
2010-10-07 00:00:00-04:00,30.0,30.139999389648438,27.219999313354492,28.56999969482422,644800,0.0,0.0
2010-10-08 00:00:00-04:00,27.770000457763672,27.799999237060547,26.450000762939453,26.760000228881836,950300,0.0,0.0
2010-10-11 00:00:00-04:00,27.65999984741211,30.729999542236328,27.360000610351562,30.6299991607666,1073800,0.0,0.0
2010-10-12 00:00:00-04:00,31.899999618530273,32.689998626708984,29.579999923706055,29.75,1207800,0.0,0.0
2010-10-13 00:00:00-04:00,30.0,30.889999389648438,29.6299991607666,30.40999984741211,593300,0.0,0.0
2010-10-14 00:00:00-04:00,30.299999237060547,31.75,30.0,30.81999969482422,653000,0.0,0.0
2010-10-15 00:00:00-04:00,31.309999465942383,31.5,29.610000610351562,30.200000762939453,416700,0.0,0.0
2010-10-18 00:00:00-04:00,30.049999237060547,30.100000381469727,28.760000228881836,28.959999084472656,451600,0.0,0.0
2010-10-19 00:00:00-04:00,28.8799991607666,29.290000915527344,27.1299991607666,27.670000076293945,603900,0.0,0.0
2010-10-20 00:00:00-04:00,28.110000610351562,29.260000228881836,28.100000381469727,28.68000030517578,618700,0.0,0.0
2010-10-21 00:00:00-04:00,29.3799991607666,29.5,26.610000610351562,27.020000457763672,626400,0.0,0.0
2010-10-22 00:00:00-04:00,27.100000381469727,27.100000381469727,25.3700008392334,26.09000015258789,927500,0.0,0.0
2010-10-25 00:00:00-04:00,26.860000610351562,27.829999923706055,26.75,27.1200008392334,474100,0.0,0.0
2010-10-26 00:00:00-04:00,27.149999618530273,28.450000762939453,26.899999618530273,28.0,542500,0.0,0.0
2010-10-27 00:00:00-04:00,26.899999618530273,30.600000381469727,26.799999237060547,30.479999542236328,1260200,0.0,0.0
2010-10-28 00:00:00-04:00,31.360000610351562,31.5,29.719999313354492,30.309999465942383,812900,0.0,0.0
2010-10-29 00:00:00-04:00,29.989999771118164,30.989999771118164,29.299999237060547,30.149999618530273,980600,0.0,0.0
2010-11-01 00:00:00-04:00,36.06999969482422,37.34000015258789,31.8700008392334,35.13999938964844,6228800,0.0,0.0
2010-11-02 00:00:00-04:00,35.91999816894531,36.349998474121094,34.099998474121094,35.33000183105469,1629800,0.0,0.0
2010-11-03 00:00:00-04:00,35.720001220703125,39.43000030517578,35.15999984741211,38.91999816894531,2531000,0.0,0.0
2010-11-04 00:00:00-04:00,40.380001068115234,41.75,36.54999923706055,37.52000045776367,2725800,0.0,0.0
2010-11-05 00:00:00-04:00,36.5,38.869998931884766,35.400001525878906,35.9900016784668,4377000,0.0,0.0
2010-11-08 00:00:00-05:00,36.439998626708984,37.0,34.2400016784668,36.279998779296875,1570700,0.0,0.0
2010-11-09 00:00:00-05:00,36.65999984741211,36.7599983215332,35.04999923706055,35.25,840100,0.0,0.0
2010-11-10 00:00:00-05:00,35.630001068115234,35.630001068115234,32.5,33.54999923706055,1906000,0.0,0.0
2010-11-11 00:00:00-05:00,33.20000076293945,34.310001373291016,32.5099983215332,33.2599983215332,1081600,0.0,0.0
2010-11-12 00:00:00-05:00,32.470001220703125,33.91999816894531,32.25,32.63999938964844,1619100,0.0,0.0
2010-11-15 00:00:00-05:00,33.209999084472656,33.4900016784668,30.65999984741211,31.440000534057617,1533300,0.0,0.0
2010-11-16 00:00:00-05:00,31.25,31.540000915527344,28.399999618530273,29.190000534057617,1969200,0.0,0.0
2010-11-17 00:00:00-05:00,28.510000228881836,28.780000686645508,25.5,25.610000610351562,4056300,0.0,0.0
2010-11-18 00:00:00-05:00,26.18000030517578,26.850000381469727,24.100000381469727,24.600000381469727,4188500,0.0,0.0
2010-11-19 00:00:00-05:00,24.3700008392334,26.139999389648438,22.8799991607666,26.059999465942383,4509800,0.0,0.0
2010-11-22 00:00:00-05:00,25.950000762939453,26.329999923706055,24.510000228881836,25.780000686645508,1706600,0.0,0.0
2010-11-23 00:00:00-05:00,25.280000686645508,26.3799991607666,24.84000015258789,25.469999313354492,1736300,0.0,0.0
2010-11-24 00:00:00-05:00,25.959999084472656,27.229999542236328,25.600000381469727,27.200000762939453,1592400,0.0,0.0
2010-11-26 00:00:00-05:00,26.81999969482422,27.450000762939453,26.479999542236328,26.950000762939453,551400,0.0,0.0
2010-11-29 00:00:00-05:00,27.0,27.190000534057617,25.15999984741211,25.40999984741211,1186200,0.0,0.0
2010-11-30 00:00:00-05:00,24.40999984741211,25.209999084472656,22.200000762939453,22.969999313354492,2137900,0.0,0.0
2010-12-01 00:00:00-05:00,23.610000610351562,24.209999084472656,21.84000015258789,22.010000228881836,1742600,0.0,0.0
2010-12-02 00:00:00-05:00,22.420000076293945,23.56999969482422,21.530000686645508,23.469999313354492,1706300,0.0,0.0
2010-12-03 00:00:00-05:00,23.510000228881836,24.25,23.100000381469727,23.700000762939453,1022300,0.0,0.0
2010-12-06 00:00:00-05:00,23.649999618530273,24.5,23.200000762939453,23.65999984741211,1116900,0.0,0.0
2010-12-07 00:00:00-05:00,23.3799991607666,23.639999389648438,21.110000610351562,21.540000915527344,2685100,0.0,0.0
2010-12-08 00:00:00-05:00,21.309999465942383,22.09000015258789,20.959999084472656,21.1200008392334,1040000,0.0,0.0
2010-12-09 00:00:00-05:00,21.93000030517578,22.489999771118164,21.149999618530273,21.260000228881836,1341500,0.0,0.0
2010-12-10 00:00:00-05:00,21.700000762939453,22.989999771118164,21.639999389648438,22.790000915527344,1411600,0.0,0.0
2010-12-13 00:00:00-05:00,23.399999618530273,23.489999771118164,21.149999618530273,21.309999465942383,1350100,0.0,0.0
2010-12-14 00:00:00-05:00,21.229999542236328,21.790000915527344,20.3799991607666,21.489999771118164,1234700,0.0,0.0
2010-12-15 00:00:00-05:00,21.459999084472656,22.25,21.440000534057617,21.549999237060547,619600,0.0,0.0
2010-12-16 00:00:00-05:00,21.709999084472656,21.760000228881836,21.0,21.489999771118164,422200,0.0,0.0
2010-12-17 00:00:00-05:00,21.3799991607666,22.0,21.010000228881836,22.0,695900,0.0,0.0
2010-12-20 00:00:00-05:00,21.969999313354492,22.1200008392334,21.139999389648438,21.59000015258789,556400,0.0,0.0
2010-12-21 00:00:00-05:00,21.6200008392334,22.90999984741211,21.59000015258789,22.299999237060547,1293200,0.0,0.0
2010-12-22 00:00:00-05:00,22.3700008392334,22.510000228881836,21.329999923706055,21.84000015258789,584500,0.0,0.0
2010-12-23 00:00:00-05:00,21.90999984741211,22.440000534057617,21.510000228881836,22.270000457763672,543700,0.0,0.0
2010-12-27 00:00:00-05:00,22.1200008392334,22.149999618530273,21.540000915527344,21.65999984741211,272700,0.0,0.0
2010-12-28 00:00:00-05:00,21.75,21.829999923706055,20.610000610351562,20.940000534057617,574900,0.0,0.0
2010-12-29 00:00:00-05:00,21.059999465942383,21.059999465942383,20.639999389648438,20.799999237060547,422900,0.0,0.0
2010-12-30 00:00:00-05:00,20.899999618530273,21.139999389648438,19.709999084472656,20.43000030517578,883900,0.0,0.0
2010-12-31 00:00:00-05:00,20.34000015258789,20.34000015258789,19.649999618530273,20.1200008392334,488300,0.0,0.0
2011-01-03 00:00:00-05:00,20.520000457763672,20.90999984741211,20.149999618530273,20.610000610351562,429200,0.0,0.0
2011-01-04 00:00:00-05:00,20.709999084472656,20.770000457763672,19.850000381469727,20.530000686645508,323100,0.0,0.0
2011-01-05 00:00:00-05:00,20.219999313354492,21.649999618530273,20.219999313354492,21.59000015258789,729200,0.0,0.0
2011-01-06 00:00:00-05:00,21.469999313354492,22.950000762939453,21.459999084472656,22.389999389648438,1012900,0.0,0.0
2011-01-07 00:00:00-05:00,22.510000228881836,23.559999465942383,22.15999984741211,23.520000457763672,1258600,0.0,0.0
2011-01-10 00:00:00-05:00,23.649999618530273,25.649999618530273,23.649999618530273,25.56999969482422,2022200,0.0,0.0
2011-01-11 00:00:00-05:00,26.110000610351562,26.5,25.149999618530273,25.940000534057617,1233400,0.0,0.0
2011-01-12 00:00:00-05:00,26.209999084472656,27.850000381469727,26.209999084472656,27.440000534057617,1507100,0.0,0.0
2011-01-13 00:00:00-05:00,27.440000534057617,27.979999542236328,26.399999618530273,27.239999771118164,1025200,0.0,0.0
2011-01-14 00:00:00-05:00,26.809999465942383,27.100000381469727,25.75,26.6200008392334,1026600,0.0,0.0
2011-01-18 00:00:00-05:00,26.84000015258789,28.989999771118164,26.510000228881836,28.719999313354492,1257100,0.0,0.0
2011-01-19 00:00:00-05:00,28.770000457763672,29.700000762939453,28.1200008392334,28.969999313354492,1625500,0.0,0.0
2011-01-20 00:00:00-05:00,28.0,29.450000762939453,27.239999771118164,28.829999923706055,1185800,0.0,0.0
2011-01-21 00:00:00-05:00,28.8799991607666,29.40999984741211,28.75,29.15999984741211,672400,0.0,0.0
2011-01-24 00:00:00-05:00,29.59000015258789,31.850000381469727,29.309999465942383,31.6200008392334,1540900,0.0,0.0
2011-01-25 00:00:00-05:00,31.290000915527344,31.600000381469727,27.469999313354492,27.959999084472656,2122400,0.0,0.0
2011-01-26 00:00:00-05:00,28.899999618530273,29.43000030517578,26.530000686645508,26.6200008392334,2395900,0.0,0.0
2011-01-27 00:00:00-05:00,27.059999465942383,27.940000534057617,26.200000762939453,27.200000762939453,1070400,0.0,0.0
2011-01-28 00:00:00-05:00,27.420000076293945,27.739999771118164,24.81999969482422,25.030000686645508,1215200,0.0,0.0
2011-01-31 00:00:00-05:00,25.280000686645508,26.420000076293945,25.059999465942383,26.110000610351562,875300,0.0,0.0
2011-02-01 00:00:00-05:00,26.549999237060547,27.420000076293945,26.520000457763672,27.170000076293945,992300,0.0,0.0
2011-02-02 00:00:00-05:00,27.079999923706055,28.719999313354492,27.0,28.31999969482422,1868100,0.0,0.0
2011-02-03 00:00:00-05:00,28.190000534057617,28.56999969482422,27.100000381469727,28.139999389648438,995800,0.0,0.0
2011-02-04 00:00:00-05:00,27.84000015258789,27.84000015258789,26.59000015258789,27.149999618530273,831900,0.0,0.0
2011-02-07 00:00:00-05:00,27.6200008392334,29.450000762939453,27.559999465942383,28.790000915527344,1233500,0.0,0.0
2011-02-08 00:00:00-05:00,28.68000030517578,28.690000534057617,27.760000228881836,28.06999969482422,706100,0.0,0.0
2011-02-09 00:00:00-05:00,28.549999237060547,28.700000762939453,27.479999542236328,27.860000610351562,622500,0.0,0.0
2011-02-10 00:00:00-05:00,27.299999237060547,28.31999969482422,27.149999618530273,28.31999969482422,463600,0.0,0.0
2011-02-11 00:00:00-05:00,28.049999237060547,29.270000457763672,27.899999618530273,28.579999923706055,1060500,0.0,0.0
2011-02-14 00:00:00-05:00,29.389999389648438,30.950000762939453,29.0,30.520000457763672,1404200,0.0,0.0
2011-02-15 00:00:00-05:00,30.399999618530273,31.25,28.56999969482422,28.969999313354492,1513500,0.0,0.0
2011-02-16 00:00:00-05:00,29.799999237060547,30.200000762939453,28.799999237060547,29.540000915527344,845900,0.0,0.0
2011-02-17 00:00:00-05:00,29.360000610351562,30.09000015258789,29.149999618530273,29.479999542236328,637100,0.0,0.0
2011-02-18 00:00:00-05:00,30.40999984741211,30.75,29.420000076293945,29.670000076293945,1093900,0.0,0.0
2011-02-22 00:00:00-05:00,29.149999618530273,30.3700008392334,28.049999237060547,28.3799991607666,1456700,0.0,0.0
2011-02-23 00:00:00-05:00,28.40999984741211,29.200000762939453,26.0,27.540000915527344,1241900,0.0,0.0
2011-02-24 00:00:00-05:00,27.739999771118164,28.719999313354492,27.020000457763672,28.020000457763672,942700,0.0,0.0
2011-02-25 00:00:00-05:00,28.90999984741211,29.290000915527344,27.850000381469727,29.239999771118164,1526600,0.0,0.0
2011-02-28 00:00:00-05:00,32.06999969482422,32.209999084472656,27.760000228881836,28.18000030517578,7363800,0.0,0.0
2011-03-01 00:00:00-05:00,27.93000030517578,29.280000686645508,26.25,27.610000610351562,2790400,0.0,0.0
2011-03-02 00:00:00-05:00,27.780000686645508,28.100000381469727,26.399999618530273,27.1200008392334,1753400,0.0,0.0
2011-03-03 00:00:00-05:00,28.020000457763672,28.030000686645508,25.360000610351562,26.280000686645508,3202000,0.0,0.0
2011-03-04 00:00:00-05:00,26.200000762939453,26.729999542236328,25.5,25.540000915527344,1467300,0.0,0.0
2011-03-07 00:00:00-05:00,25.8700008392334,25.8700008392334,23.780000686645508,23.889999389648438,2187500,0.0,0.0
2011-03-08 00:00:00-05:00,24.139999389648438,24.360000610351562,23.290000915527344,23.8799991607666,1046200,0.0,0.0
2011-03-09 00:00:00-05:00,23.510000228881836,24.34000015258789,23.5,23.81999969482422,1000000,0.0,0.0
2011-03-10 00:00:00-05:00,23.219999313354492,23.219999313354492,22.209999084472656,22.700000762939453,1677100,0.0,0.0
2011-03-11 00:00:00-05:00,21.90999984741211,22.850000381469727,21.700000762939453,22.610000610351562,965800,0.0,0.0
2011-03-14 00:00:00-04:00,23.719999313354492,25.459999084472656,23.719999313354492,24.81999969482422,2275100,0.0,0.0
2011-03-15 00:00:00-04:00,25.610000610351562,26.989999771118164,25.25,26.719999313354492,2612100,0.0,0.0
2011-03-16 00:00:00-04:00,26.940000534057617,26.940000534057617,25.270000457763672,25.290000915527344,1372700,0.0,0.0
2011-03-17 00:00:00-04:00,25.540000915527344,26.0,25.010000228881836,25.31999969482422,894100,0.0,0.0
2011-03-18 00:00:00-04:00,25.510000228881836,25.510000228881836,23.510000228881836,24.149999618530273,1268200,0.0,0.0
2011-03-21 00:00:00-04:00,24.760000228881836,25.200000762939453,24.459999084472656,25.030000686645508,670200,0.0,0.0
2011-03-22 00:00:00-04:00,24.940000534057617,25.049999237060547,24.520000457763672,24.829999923706055,534100,0.0,0.0
2011-03-23 00:00:00-04:00,24.600000381469727,25.579999923706055,24.510000228881836,25.549999237060547,528100,0.0,0.0
2011-03-24 00:00:00-04:00,25.700000762939453,25.860000610351562,25.15999984741211,25.59000015258789,425500,0.0,0.0
2011-03-25 00:00:00-04:00,25.510000228881836,25.770000457763672,25.170000076293945,25.399999618530273,490800,0.0,0.0
2011-03-28 00:00:00-04:00,25.75,27.200000762939453,25.75,26.75,1584900,0.0,0.0
2011-03-29 00:00:00-04:00,26.760000228881836,27.18000030517578,26.100000381469727,26.65999984741211,752900,0.0,0.0
2011-03-30 00:00:00-04:00,26.979999542236328,27.3700008392334,26.5,27.200000762939453,706900,0.0,0.0
2011-03-31 00:00:00-04:00,27.56999969482422,27.600000381469727,26.540000915527344,27.0,692500,0.0,0.0
2011-04-01 00:00:00-04:00,27.280000686645508,27.290000915527344,26.010000228881836,26.18000030517578,623100,0.0,0.0
2011-04-04 00:00:00-04:00,26.190000534057617,26.450000762939453,25.049999237060547,25.3700008392334,598900,0.0,0.0
2011-04-05 00:00:00-04:00,25.489999771118164,26.0,25.170000076293945,25.760000228881836,849300,0.0,0.0
2011-04-06 00:00:00-04:00,25.790000915527344,26.100000381469727,25.15999984741211,25.639999389648438,416300,0.0,0.0
2011-04-07 00:00:00-04:00,25.700000762939453,25.950000762939453,25.25,25.790000915527344,417900,0.0,0.0
2011-04-08 00:00:00-04:00,25.829999923706055,26.0,25.100000381469727,25.239999771118164,431600,0.0,0.0
2011-04-11 00:00:00-04:00,25.290000915527344,25.530000686645508,23.799999237060547,24.290000915527344,785000,0.0,0.0
2011-04-12 00:00:00-04:00,24.0,24.0,23.260000228881836,23.68000030517578,580900,0.0,0.0
2011-04-13 00:00:00-04:00,24.0,24.579999923706055,23.770000457763672,24.399999618530273,655600,0.0,0.0
2011-04-14 00:00:00-04:00,24.34000015258789,24.639999389648438,23.5,23.799999237060547,532500,0.0,0.0
2011-04-15 00:00:00-04:00,23.760000228881836,23.950000762939453,23.350000381469727,23.729999542236328,307900,0.0,0.0
2011-04-18 00:00:00-04:00,23.5,23.600000381469727,22.450000762939453,22.850000381469727,737400,0.0,0.0
2011-04-19 00:00:00-04:00,23.059999465942383,23.360000610351562,22.530000686645508,23.200000762939453,399200,0.0,0.0
2011-04-20 00:00:00-04:00,23.790000915527344,24.200000762939453,23.40999984741211,24.010000228881836,570200,0.0,0.0
2011-04-21 00:00:00-04:00,24.31999969482422,24.739999771118164,23.780000686645508,24.739999771118164,409900,0.0,0.0
2011-04-25 00:00:00-04:00,24.56999969482422,24.65999984741211,23.93000030517578,24.280000686645508,395600,0.0,0.0
2011-04-26 00:00:00-04:00,24.389999389648438,25.09000015258789,23.950000762939453,25.059999465942383,790400,0.0,0.0
2011-04-27 00:00:00-04:00,24.899999618530273,25.0,24.469999313354492,24.75,507000,0.0,0.0
2011-04-28 00:00:00-04:00,24.6200008392334,26.079999923706055,24.40999984741211,25.90999984741211,1454800,0.0,0.0
2011-04-29 00:00:00-04:00,27.43000030517578,27.649999618530273,26.450000762939453,27.149999618530273,1671900,0.0,0.0
2011-05-02 00:00:00-04:00,27.690000534057617,28.299999237060547,26.170000076293945,27.110000610351562,1528500,0.0,0.0
2011-05-03 00:00:00-04:00,26.989999771118164,27.0,25.399999618530273,25.979999542236328,1120900,0.0,0.0
2011-05-04 00:00:00-04:00,25.540000915527344,26.0,24.940000534057617,25.989999771118164,600500,0.0,0.0
2011-05-05 00:00:00-04:00,26.0,26.790000915527344,25.729999542236328,26.299999237060547,471700,0.0,0.0
2011-05-06 00:00:00-04:00,26.700000762939453,27.139999389648438,26.420000076293945,26.81999969482422,347300,0.0,0.0
2011-05-09 00:00:00-04:00,27.030000686645508,27.040000915527344,26.09000015258789,26.440000534057617,393500,0.0,0.0
2011-05-10 00:00:00-04:00,26.5,27.469999313354492,26.190000534057617,27.190000534057617,817400,0.0,0.0
2011-05-11 00:00:00-04:00,26.889999389648438,28.059999465942383,26.65999984741211,27.549999237060547,949700,0.0,0.0
2011-05-12 00:00:00-04:00,27.350000381469727,28.489999771118164,27.0,28.40999984741211,1135600,0.0,0.0
2011-05-13 00:00:00-04:00,28.950000762939453,28.989999771118164,27.59000015258789,28.5,715700,0.0,0.0
2011-05-16 00:00:00-04:00,28.25,28.290000915527344,27.280000686645508,27.5,893900,0.0,0.0
2011-05-17 00:00:00-04:00,27.209999084472656,27.40999984741211,24.350000381469727,25.790000915527344,1466300,0.0,0.0
2011-05-18 00:00:00-04:00,26.219999313354492,26.8799991607666,25.6299991607666,26.09000015258789,1123900,0.0,0.0
2011-05-19 00:00:00-04:00,26.25,26.6200008392334,25.450000762939453,25.770000457763672,597200,0.0,0.0
2011-05-20 00:00:00-04:00,25.709999084472656,26.09000015258789,24.399999618530273,24.59000015258789,714100,0.0,0.0
2011-05-23 00:00:00-04:00,24.149999618530273,24.6299991607666,23.010000228881836,24.270000457763672,685100,0.0,0.0
2011-05-24 00:00:00-04:00,24.530000686645508,24.8700008392334,23.93000030517578,24.100000381469727,444500,0.0,0.0
2011-05-25 00:00:00-04:00,23.920000076293945,24.15999984741211,23.5,23.899999618530273,680300,0.0,0.0
2011-05-26 00:00:00-04:00,24.0,25.450000762939453,24.0,25.3700008392334,604400,0.0,0.0
2011-05-27 00:00:00-04:00,25.639999389648438,25.68000030517578,25.010000228881836,25.290000915527344,433800,0.0,0.0
2011-05-31 00:00:00-04:00,26.639999389648438,26.68000030517578,25.799999237060547,26.020000457763672,551500,0.0,0.0
2011-06-01 00:00:00-04:00,26.100000381469727,26.729999542236328,24.600000381469727,24.8700008392334,606000,0.0,0.0
2011-06-02 00:00:00-04:00,24.440000534057617,25.520000457763672,24.389999389648438,24.950000762939453,648500,0.0,0.0
2011-06-03 00:00:00-04:00,24.299999237060547,24.579999923706055,23.309999465942383,23.459999084472656,1005100,0.0,0.0
2011-06-06 00:00:00-04:00,23.450000762939453,23.690000534057617,22.040000915527344,22.229999542236328,1014500,0.0,0.0
2011-06-07 00:00:00-04:00,23.0,23.5,22.729999542236328,23.219999313354492,895800,0.0,0.0
2011-06-08 00:00:00-04:00,22.860000610351562,23.1200008392334,20.739999771118164,21.25,1299900,0.0,0.0
2011-06-09 00:00:00-04:00,21.579999923706055,21.889999389648438,21.0,21.690000534057617,540600,0.0,0.0
2011-06-10 00:00:00-04:00,21.600000381469727,22.34000015258789,20.299999237060547,22.200000762939453,1128600,0.0,0.0
2011-06-13 00:00:00-04:00,23.030000686645508,23.969999313354492,22.6200008392334,23.5,1049900,0.0,0.0
2011-06-14 00:00:00-04:00,23.979999542236328,25.059999465942383,23.860000610351562,24.829999923706055,702000,0.0,0.0
2011-06-15 00:00:00-04:00,24.440000534057617,25.799999237060547,24.190000534057617,25.0,1059300,0.0,0.0
2011-06-16 00:00:00-04:00,25.1200008392334,25.75,24.25,24.6200008392334,378400,0.0,0.0
2011-06-17 00:00:00-04:00,25.139999389648438,25.329999923706055,23.350000381469727,23.59000015258789,582600,0.0,0.0
2011-06-20 00:00:00-04:00,24.040000915527344,24.040000915527344,22.5,23.0,366000,0.0,0.0
2011-06-21 00:00:00-04:00,23.200000762939453,23.780000686645508,23.200000762939453,23.489999771118164,240400,0.0,0.0
2011-06-22 00:00:00-04:00,23.440000534057617,25.920000076293945,23.15999984741211,24.979999542236328,1102500,0.0,0.0
2011-06-23 00:00:00-04:00,24.510000228881836,26.209999084472656,23.399999618530273,25.670000076293945,1116100,0.0,0.0
2011-06-24 00:00:00-04:00,25.6200008392334,26.440000534057617,24.690000534057617,24.969999313354492,467300,0.0,0.0
2011-06-27 00:00:00-04:00,25.229999542236328,25.43000030517578,24.799999237060547,25.1299991607666,290000,0.0,0.0
2011-06-28 00:00:00-04:00,25.239999771118164,25.649999618530273,24.8700008392334,25.5,212000,0.0,0.0
2011-06-29 00:00:00-04:00,25.559999465942383,25.700000762939453,25.170000076293945,25.65999984741211,412500,0.0,0.0
2011-06-30 00:00:00-04:00,26.299999237060547,27.100000381469727,26.270000457763672,26.520000457763672,612300,0.0,0.0
2011-07-01 00:00:00-04:00,26.639999389648438,27.299999237060547,25.889999389648438,26.6200008392334,293800,0.0,0.0
2011-07-05 00:00:00-04:00,26.979999542236328,26.979999542236328,26.040000915527344,26.68000030517578,221800,0.0,0.0
2011-07-06 00:00:00-04:00,26.600000381469727,26.940000534057617,25.5,25.75,378800,0.0,0.0
2011-07-07 00:00:00-04:00,26.170000076293945,26.200000762939453,24.780000686645508,26.040000915527344,866400,0.0,0.0
2011-07-08 00:00:00-04:00,26.18000030517578,26.25,25.15999984741211,25.59000015258789,632500,0.0,0.0
2011-07-11 00:00:00-04:00,25.260000228881836,25.360000610351562,23.59000015258789,24.059999465942383,763500,0.0,0.0
2011-07-12 00:00:00-04:00,23.809999465942383,23.8700008392334,21.809999465942383,22.799999237060547,1234000,0.0,0.0
2011-07-13 00:00:00-04:00,23.010000228881836,24.670000076293945,23.010000228881836,24.010000228881836,713100,0.0,0.0
2011-07-14 00:00:00-04:00,23.860000610351562,24.15999984741211,23.31999969482422,23.68000030517578,679900,0.0,0.0
2011-07-15 00:00:00-04:00,23.899999618530273,24.239999771118164,23.200000762939453,23.950000762939453,372600,0.0,0.0
2011-07-18 00:00:00-04:00,23.530000686645508,24.489999771118164,22.940000534057617,24.469999313354492,510600,0.0,0.0
2011-07-19 00:00:00-04:00,24.739999771118164,25.100000381469727,24.389999389648438,24.59000015258789,439000,0.0,0.0
2011-07-20 00:00:00-04:00,25.0,25.09000015258789,24.719999313354492,24.899999618530273,510400,0.0,0.0
2011-07-21 00:00:00-04:00,24.799999237060547,25.350000381469727,23.760000228881836,24.040000915527344,974800,0.0,0.0
2011-07-22 00:00:00-04:00,24.100000381469727,24.450000762939453,23.950000762939453,24.329999923706055,397700,0.0,0.0
2011-07-25 00:00:00-04:00,24.020000457763672,24.389999389648438,23.350000381469727,23.489999771118164,197600,0.0,0.0
2011-07-26 00:00:00-04:00,23.190000534057617,23.530000686645508,22.84000015258789,23.299999237060547,533300,0.0,0.0
2011-07-27 00:00:00-04:00,23.209999084472656,23.209999084472656,21.829999923706055,22.010000228881836,480100,0.0,0.0
2011-07-28 00:00:00-04:00,21.969999313354492,22.18000030517578,21.450000762939453,21.719999313354492,460200,0.0,0.0
2011-07-29 00:00:00-04:00,21.479999542236328,21.959999084472656,20.760000228881836,21.700000762939453,638000,0.0,0.0
2011-08-01 00:00:00-04:00,22.260000228881836,22.90999984741211,21.010000228881836,21.559999465942383,708600,0.0,0.0
2011-08-02 00:00:00-04:00,21.219999313354492,22.350000381469727,21.110000610351562,21.920000076293945,457700,0.0,0.0
2011-08-03 00:00:00-04:00,21.899999618530273,22.149999618530273,20.850000381469727,21.899999618530273,305000,0.0,0.0
2011-08-04 00:00:00-04:00,21.510000228881836,21.770000457763672,19.600000381469727,19.6200008392334,814200,0.0,0.0
2011-08-05 00:00:00-04:00,19.010000228881836,19.389999389648438,17.479999542236328,18.6299991607666,1388700,0.0,0.0
2011-08-08 00:00:00-04:00,17.290000915527344,17.469999313354492,14.09000015258789,15.279999732971191,1823000,0.0,0.0
2011-08-09 00:00:00-04:00,15.529999732971191,16.5,14.5,15.649999618530273,1170600,0.0,0.0
2011-08-10 00:00:00-04:00,15.550000190734863,16.299999237060547,14.789999961853027,15.300000190734863,975400,0.0,0.0
2011-08-11 00:00:00-04:00,15.520000457763672,16.489999771118164,15.25,15.899999618530273,1205300,0.0,0.0
2011-08-12 00:00:00-04:00,16.489999771118164,16.489999771118164,15.0,15.229999542236328,915400,0.0,0.0
2011-08-15 00:00:00-04:00,16.25,16.93000030517578,15.5,16.760000228881836,902300,0.0,0.0
2011-08-16 00:00:00-04:00,16.510000228881836,18.65999984741211,16.219999313354492,17.25,1115100,0.0,0.0
2011-08-17 00:00:00-04:00,17.270000457763672,17.479999542236328,16.0,16.1299991607666,844000,0.0,0.0
2011-08-18 00:00:00-04:00,15.720000267028809,15.800000190734863,14.510000228881836,14.6899995803833,414400,0.0,0.0
2011-08-19 00:00:00-04:00,14.65999984741211,15.100000381469727,14.0,14.220000267028809,576500,0.0,0.0
2011-08-22 00:00:00-04:00,14.899999618530273,14.90999984741211,13.5,14.430000305175781,1274500,0.0,0.0
2011-08-23 00:00:00-04:00,14.34000015258789,16.950000762939453,14.34000015258789,16.610000610351562,785300,0.0,0.0
2011-08-24 00:00:00-04:00,16.260000228881836,17.469999313354492,15.710000038146973,17.3700008392334,553400,0.0,0.0
2011-08-25 00:00:00-04:00,17.200000762939453,17.260000228881836,16.270000457763672,16.420000076293945,477000,0.0,0.0
2011-08-26 00:00:00-04:00,15.970000267028809,16.8799991607666,15.859999656677246,16.579999923706055,424800,0.0,0.0
2011-08-29 00:00:00-04:00,17.100000381469727,17.170000076293945,16.329999923706055,16.770000457763672,478900,0.0,0.0
2011-08-30 00:00:00-04:00,16.5,16.75,16.100000381469727,16.229999542236328,555000,0.0,0.0
2011-08-31 00:00:00-04:00,16.420000076293945,16.690000534057617,16.110000610351562,16.40999984741211,360900,0.0,0.0
2011-09-01 00:00:00-04:00,16.260000228881836,16.5,15.649999618530273,15.6899995803833,325900,0.0,0.0
2011-09-02 00:00:00-04:00,15.4399995803833,15.4399995803833,13.84000015258789,14.029999732971191,703100,0.0,0.0
2011-09-06 00:00:00-04:00,13.390000343322754,13.5,12.850000381469727,13.0,546400,0.0,0.0
2011-09-07 00:00:00-04:00,13.729999542236328,13.850000381469727,12.8100004196167,12.899999618530273,532300,0.0,0.0
2011-09-08 00:00:00-04:00,13.199999809265137,13.25,11.649999618530273,11.819999694824219,833600,0.0,0.0
2011-09-09 00:00:00-04:00,11.300000190734863,11.350000381469727,10.3100004196167,10.59000015258789,921000,0.0,0.0
2011-09-12 00:00:00-04:00,10.460000038146973,10.460000038146973,9.59000015258789,9.970000267028809,782900,0.0,0.0
2011-09-13 00:00:00-04:00,9.979999542236328,10.640000343322754,9.90999984741211,10.239999771118164,790800,0.0,0.0
2011-09-14 00:00:00-04:00,10.380000114440918,10.5,9.84000015258789,10.020000457763672,593600,0.0,0.0
2011-09-15 00:00:00-04:00,10.199999809265137,10.359999656677246,9.699999809265137,9.819999694824219,392600,0.0,0.0
2011-09-16 00:00:00-04:00,9.739999771118164,9.779999732971191,8.800000190734863,9.039999961853027,1058600,0.0,0.0
2011-09-19 00:00:00-04:00,7.599999904632568,7.699999809265137,6.440000057220459,6.5,4200100,0.0,0.0
2011-09-20 00:00:00-04:00,6.53000020980835,6.619999885559082,5.880000114440918,5.889999866485596,2976200,0.0,0.0
2011-09-21 00:00:00-04:00,6.03000020980835,6.300000190734863,5.760000228881836,5.760000228881836,3576200,0.0,0.0
2011-09-22 00:00:00-04:00,5.730000019073486,6.449999809265137,5.409999847412109,6.099999904632568,2315200,0.0,0.0
2011-09-23 00:00:00-04:00,6.070000171661377,6.349999904632568,5.889999866485596,6.050000190734863,1351400,0.0,0.0
2011-09-26 00:00:00-04:00,6.190000057220459,6.269999980926514,5.699999809265137,5.940000057220459,1271200,0.0,0.0
2011-09-27 00:00:00-04:00,6.190000057220459,6.269999980926514,5.800000190734863,5.829999923706055,1385300,0.0,0.0
2011-09-28 00:00:00-04:00,6.0,6.0,5.019999980926514,5.099999904632568,1545100,0.0,0.0
2011-09-29 00:00:00-04:00,5.260000228881836,5.28000020980835,4.550000190734863,4.960000038146973,1602400,0.0,0.0
2011-09-30 00:00:00-04:00,4.889999866485596,5.159999847412109,4.699999809265137,4.860000133514404,1149700,0.0,0.0
2011-10-03 00:00:00-04:00,4.659999847412109,5.0,4.639999866485596,4.710000038146973,856600,0.0,0.0
2011-10-04 00:00:00-04:00,4.559999942779541,5.869999885559082,4.559999942779541,5.71999979019165,1800000,0.0,0.0
2011-10-05 00:00:00-04:00,5.739999771118164,6.489999771118164,5.679999828338623,6.360000133514404,2414600,0.0,0.0
2011-10-06 00:00:00-04:00,6.599999904632568,6.949999809265137,6.5,6.789999961853027,1355400,0.0,0.0
2011-10-07 00:00:00-04:00,6.989999771118164,7.090000152587891,6.289999961853027,6.300000190734863,1298700,0.0,0.0
2011-10-10 00:00:00-04:00,6.559999942779541,6.75,6.440000057220459,6.710000038146973,659400,0.0,0.0
2011-10-11 00:00:00-04:00,6.829999923706055,7.480000019073486,6.75,7.190000057220459,1515600,0.0,0.0
2011-10-12 00:00:00-04:00,7.239999771118164,7.880000114440918,7.019999980926514,7.840000152587891,1419800,0.0,0.0
2011-10-13 00:00:00-04:00,7.800000190734863,9.0,7.800000190734863,8.970000267028809,1539600,0.0,0.0
2011-10-14 00:00:00-04:00,9.300000190734863,9.680000305175781,8.300000190734863,8.420000076293945,1507700,0.0,0.0
2011-10-17 00:00:00-04:00,8.25,8.850000381469727,7.599999904632568,8.289999961853027,1319500,0.0,0.0
2011-10-18 00:00:00-04:00,8.59000015258789,8.970000267028809,7.929999828338623,8.890000343322754,950000,0.0,0.0
2011-10-19 00:00:00-04:00,8.819999694824219,8.979999542236328,8.050000190734863,8.34000015258789,903900,0.0,0.0
2011-10-20 00:00:00-04:00,8.149999618530273,8.380000114440918,7.619999885559082,8.319999694824219,812000,0.0,0.0
2011-10-21 00:00:00-04:00,8.600000381469727,8.949999809265137,7.940000057220459,8.279999732971191,641200,0.0,0.0
2011-10-24 00:00:00-04:00,8.949999809265137,8.949999809265137,8.260000228881836,8.5600004196167,1068900,0.0,0.0
2011-10-25 00:00:00-04:00,8.260000228881836,8.579999923706055,8.069999694824219,8.140000343322754,693400,0.0,0.0
2011-10-26 00:00:00-04:00,8.449999809265137,8.449999809265137,7.900000095367432,8.199999809265137,558600,0.0,0.0
2011-10-27 00:00:00-04:00,8.75,9.380000114440918,8.40999984741211,9.140000343322754,1304400,0.0,0.0
2011-10-28 00:00:00-04:00,9.4399995803833,9.880000114440918,9.050000190734863,9.84000015258789,667000,0.0,0.0
2011-10-31 00:00:00-04:00,9.699999809265137,9.699999809265137,9.069999694824219,9.25,416400,0.0,0.0
2011-11-01 00:00:00-04:00,8.630000114440918,8.739999771118164,8.170000076293945,8.550000190734863,564800,0.0,0.0
2011-11-02 00:00:00-04:00,8.609999656677246,8.989999771118164,8.600000381469727,8.859999656677246,360700,0.0,0.0
2011-11-03 00:00:00-04:00,8.979999542236328,9.0,8.25,8.6899995803833,373100,0.0,0.0
2011-11-04 00:00:00-04:00,8.6899995803833,8.880000114440918,8.460000038146973,8.600000381469727,358800,0.0,0.0
2011-11-07 00:00:00-05:00,8.369999885559082,8.640000343322754,8.34000015258789,8.550000190734863,181400,0.0,0.0
2011-11-08 00:00:00-05:00,8.609999656677246,8.84000015258789,8.350000381469727,8.640000343322754,324100,0.0,0.0
2011-11-09 00:00:00-05:00,8.4399995803833,8.5,7.940000057220459,8.220000267028809,404800,0.0,0.0
2011-11-10 00:00:00-05:00,8.510000228881836,8.510000228881836,7.670000076293945,7.769999980926514,293500,0.0,0.0
2011-11-11 00:00:00-05:00,7.869999885559082,8.149999618530273,7.710000038146973,7.760000228881836,311400,0.0,0.0
2011-11-14 00:00:00-05:00,7.389999866485596,7.389999866485596,6.630000114440918,6.75,954300,0.0,0.0
2011-11-15 00:00:00-05:00,6.960000038146973,6.960000038146973,6.449999809265137,6.590000152587891,393200,0.0,0.0
2011-11-16 00:00:00-05:00,6.519999980926514,6.639999866485596,6.400000095367432,6.519999980926514,289500,0.0,0.0
2011-11-17 00:00:00-05:00,6.519999980926514,6.599999904632568,6.159999847412109,6.190000057220459,290500,0.0,0.0
2011-11-18 00:00:00-05:00,6.230000019073486,6.289999961853027,5.829999923706055,5.829999923706055,458500,0.0,0.0
2011-11-21 00:00:00-05:00,5.510000228881836,5.789999961853027,5.21999979019165,5.699999809265137,633300,0.0,0.0
2011-11-22 00:00:00-05:00,4.949999809265137,5.559999942779541,4.860000133514404,5.25,940100,0.0,0.0
2011-11-23 00:00:00-05:00,5.260000228881836,5.800000190734863,5.139999866485596,5.760000228881836,623100,0.0,0.0
2011-11-25 00:00:00-05:00,5.78000020980835,6.0,5.050000190734863,5.21999979019165,563600,0.0,0.0
2011-11-28 00:00:00-05:00,5.539999961853027,5.639999866485596,5.369999885559082,5.449999809265137,538200,0.0,0.0
2011-11-29 00:00:00-05:00,5.489999771118164,5.570000171661377,5.119999885559082,5.159999847412109,310600,0.0,0.0
2011-11-30 00:00:00-05:00,5.5,6.170000076293945,5.28000020980835,6.079999923706055,946000,0.0,0.0
2011-12-01 00:00:00-05:00,5.980000019073486,6.389999866485596,5.849999904632568,6.159999847412109,377800,0.0,0.0
2011-12-02 00:00:00-05:00,6.300000190734863,6.400000095367432,5.809999942779541,5.849999904632568,337200,0.0,0.0
2011-12-05 00:00:00-05:00,6.0,6.139999866485596,5.659999847412109,5.960000038146973,308300,0.0,0.0
2011-12-06 00:00:00-05:00,5.860000133514404,6.0,5.650000095367432,5.670000076293945,251400,0.0,0.0
2011-12-07 00:00:00-05:00,5.599999904632568,5.96999979019165,5.570000171661377,5.929999828338623,265200,0.0,0.0
2011-12-08 00:00:00-05:00,6.059999942779541,6.059999942779541,5.650000095367432,5.739999771118164,243000,0.0,0.0
2011-12-09 00:00:00-05:00,5.900000095367432,5.900000095367432,5.599999904632568,5.699999809265137,172000,0.0,0.0
2011-12-12 00:00:00-05:00,5.5,5.630000114440918,5.349999904632568,5.400000095367432,192500,0.0,0.0
2011-12-13 00:00:00-05:00,5.369999885559082,5.5,5.03000020980835,5.090000152587891,239800,0.0,0.0
2011-12-14 00:00:00-05:00,4.909999847412109,5.019999980926514,4.860000133514404,4.909999847412109,499500,0.0,0.0
2011-12-15 00:00:00-05:00,4.909999847412109,5.079999923706055,4.849999904632568,4.900000095367432,188200,0.0,0.0
2011-12-16 00:00:00-05:00,4.920000076293945,5.050000190734863,4.849999904632568,4.949999809265137,215000,0.0,0.0
2011-12-19 00:00:00-05:00,5.039999961853027,5.090000152587891,4.829999923706055,4.909999847412109,248000,0.0,0.0
2011-12-20 00:00:00-05:00,5.03000020980835,5.5,5.0,5.349999904632568,367800,0.0,0.0
2011-12-21 00:00:00-05:00,5.449999809265137,5.489999771118164,5.150000095367432,5.349999904632568,227100,0.0,0.0
2011-12-22 00:00:00-05:00,5.440000057220459,5.880000114440918,5.409999847412109,5.829999923706055,468500,0.0,0.0
2011-12-23 00:00:00-05:00,5.900000095367432,5.900000095367432,5.519999980926514,5.550000190734863,273300,0.0,0.0
2011-12-27 00:00:00-05:00,5.510000228881836,5.570000171661377,5.099999904632568,5.190000057220459,282400,0.0,0.0
2011-12-28 00:00:00-05:00,5.230000019073486,5.230000019073486,4.949999809265137,5.0,450500,0.0,0.0
2011-12-29 00:00:00-05:00,5.0,5.380000114440918,4.940000057220459,4.960000038146973,264400,0.0,0.0
2011-12-30 00:00:00-05:00,4.900000095367432,5.079999923706055,4.880000114440918,5.0,342000,0.0,0.0
2012-01-03 00:00:00-05:00,5.239999771118164,5.5,5.170000076293945,5.25,812100,0.0,0.0
2012-01-04 00:00:00-05:00,5.190000057220459,5.320000171661377,5.03000020980835,5.070000171661377,583100,0.0,0.0
2012-01-05 00:00:00-05:00,5.059999942779541,5.139999866485596,4.949999809265137,4.989999771118164,398200,0.0,0.0
2012-01-06 00:00:00-05:00,5.0,5.059999942779541,4.960000038146973,5.059999942779541,348200,0.0,0.0
2012-01-09 00:00:00-05:00,5.25,5.25,5.010000228881836,5.170000076293945,228800,0.0,0.0
2012-01-10 00:00:00-05:00,5.300000190734863,5.400000095367432,5.150000095367432,5.210000038146973,560200,0.0,0.0
2012-01-11 00:00:00-05:00,5.300000190734863,7.710000038146973,5.269999980926514,6.880000114440918,3789000,0.0,0.0
2012-01-12 00:00:00-05:00,6.880000114440918,7.349999904632568,6.369999885559082,7.019999980926514,1430500,0.0,0.0
2012-01-13 00:00:00-05:00,6.880000114440918,7.5,6.5,6.650000095367432,1386100,0.0,0.0
2012-01-17 00:00:00-05:00,6.800000190734863,7.179999828338623,6.659999847412109,6.800000190734863,802300,0.0,0.0
2012-01-18 00:00:00-05:00,6.800000190734863,7.429999828338623,6.710000038146973,7.239999771118164,1193000,0.0,0.0
2012-01-19 00:00:00-05:00,7.239999771118164,7.599999904632568,6.46999979019165,6.5,1462100,0.0,0.0
2012-01-20 00:00:00-05:00,6.550000190734863,6.590000152587891,6.150000095367432,6.25,774400,0.0,0.0
2012-01-23 00:00:00-05:00,6.260000228881836,6.449999809265137,5.920000076293945,6.170000076293945,406500,0.0,0.0
2012-01-24 00:00:00-05:00,6.150000095367432,6.349999904632568,5.909999847412109,6.079999923706055,311100,0.0,0.0
2012-01-25 00:00:00-05:00,6.110000133514404,6.25,5.860000133514404,5.920000076293945,454700,0.0,0.0
2012-01-26 00:00:00-05:00,6.159999847412109,6.46999979019165,5.960000038146973,6.179999828338623,661000,0.0,0.0
2012-01-27 00:00:00-05:00,6.289999961853027,6.949999809265137,6.079999923706055,6.829999923706055,1310200,0.0,0.0
2012-01-30 00:00:00-05:00,6.78000020980835,7.0,6.550000190734863,6.599999904632568,817700,0.0,0.0
2012-01-31 00:00:00-05:00,6.989999771118164,6.989999771118164,6.150000095367432,6.389999866485596,698200,0.0,0.0
2012-02-01 00:00:00-05:00,6.449999809265137,6.630000114440918,6.449999809265137,6.510000228881836,406800,0.0,0.0
2012-02-02 00:00:00-05:00,6.5,7.170000076293945,6.5,7.090000152587891,909300,0.0,0.0
2012-02-03 00:00:00-05:00,7.21999979019165,7.300000190734863,6.670000076293945,7.170000076293945,1778100,0.0,0.0
2012-02-06 00:00:00-05:00,7.070000171661377,7.78000020980835,7.03000020980835,7.599999904632568,1243200,0.0,0.0
2012-02-07 00:00:00-05:00,7.53000020980835,8.170000076293945,7.320000171661377,7.960000038146973,1247100,0.0,0.0
2012-02-08 00:00:00-05:00,8.119999885559082,8.619999885559082,7.710000038146973,8.600000381469727,1775700,0.0,0.0
2012-02-09 00:00:00-05:00,8.800000190734863,10.170000076293945,8.649999618530273,10.069999694824219,3657700,0.0,0.0
2012-02-10 00:00:00-05:00,9.800000190734863,10.050000190734863,9.100000381469727,9.380000114440918,1016300,0.0,0.0
2012-02-13 00:00:00-05:00,10.029999732971191,10.199999809265137,8.899999618530273,9.0,575200,0.0,0.0
2012-02-14 00:00:00-05:00,8.600000381469727,8.850000381469727,7.800000190734863,7.960000038146973,901600,0.0,0.0
2012-02-15 00:00:00-05:00,8.100000381469727,8.5,8.0,8.180000305175781,412500,0.0,0.0
2012-02-16 00:00:00-05:00,8.09000015258789,8.289999961853027,7.71999979019165,8.109999656677246,345200,0.0,0.0
2012-02-17 00:00:00-05:00,8.420000076293945,9.130000114440918,8.420000076293945,8.8100004196167,1212300,0.0,0.0
2012-02-21 00:00:00-05:00,9.270000457763672,9.449999809265137,8.819999694824219,9.279999732971191,657000,0.0,0.0
2012-02-22 00:00:00-05:00,9.020000457763672,9.079999923706055,8.520000457763672,8.779999732971191,509800,0.0,0.0
2012-02-23 00:00:00-05:00,8.25,8.460000038146973,8.0,8.029999732971191,658100,0.0,0.0
2012-02-24 00:00:00-05:00,8.069999694824219,8.229999542236328,7.599999904632568,7.809999942779541,640700,0.0,0.0
2012-02-27 00:00:00-05:00,7.699999809265137,7.710000038146973,7.25,7.460000038146973,795500,0.0,0.0
2012-02-28 00:00:00-05:00,7.599999904632568,7.860000133514404,7.440000057220459,7.639999866485596,541300,0.0,0.0
2012-02-29 00:00:00-05:00,7.599999904632568,7.730000019073486,7.199999809265137,7.28000020980835,322200,0.0,0.0
2012-03-01 00:00:00-05:00,7.300000190734863,7.489999771118164,7.119999885559082,7.210000038146973,223000,0.0,0.0
2012-03-02 00:00:00-05:00,7.210000038146973,7.309999942779541,6.920000076293945,6.989999771118164,366600,0.0,0.0
2012-03-05 00:00:00-05:00,7.239999771118164,7.239999771118164,6.5,6.650000095367432,291900,0.0,0.0
2012-03-06 00:00:00-05:00,6.480000019073486,6.480000019073486,6.210000038146973,6.289999961853027,619900,0.0,0.0
2012-03-07 00:00:00-05:00,6.389999866485596,6.400000095367432,5.900000095367432,5.949999809265137,582000,0.0,0.0
2012-03-08 00:00:00-05:00,5.300000190734863,5.75,5.210000038146973,5.539999961853027,1066300,0.0,0.0
2012-03-09 00:00:00-05:00,5.539999961853027,6.079999923706055,5.539999961853027,6.010000228881836,596500,0.0,0.0
2012-03-12 00:00:00-04:00,6.179999828338623,6.369999885559082,6.050000190734863,6.25,748800,0.0,0.0
2012-03-13 00:00:00-04:00,6.300000190734863,6.730000019073486,6.210000038146973,6.619999885559082,587700,0.0,0.0
2012-03-14 00:00:00-04:00,6.619999885559082,6.789999961853027,6.400000095367432,6.440000057220459,393100,0.0,0.0
2012-03-15 00:00:00-04:00,6.369999885559082,6.670000076293945,6.199999809265137,6.53000020980835,260400,0.0,0.0
2012-03-16 00:00:00-04:00,6.630000114440918,6.920000076293945,6.539999961853027,6.75,735900,0.0,0.0
2012-03-19 00:00:00-04:00,6.75,6.900000095367432,6.460000038146973,6.570000171661377,221400,0.0,0.0
2012-03-20 00:00:00-04:00,6.579999923706055,7.139999866485596,6.110000133514404,6.940000057220459,1334300,0.0,0.0
2012-03-21 00:00:00-04:00,6.940000057220459,6.940000057220459,6.420000076293945,6.420000076293945,415900,0.0,0.0
2012-03-22 00:00:00-04:00,6.230000019073486,6.539999961853027,6.139999866485596,6.420000076293945,218100,0.0,0.0
2012-03-23 00:00:00-04:00,6.400000095367432,6.599999904632568,6.210000038146973,6.590000152587891,257400,0.0,0.0
2012-03-26 00:00:00-04:00,6.769999980926514,6.889999866485596,6.5,6.539999961853027,485400,0.0,0.0
2012-03-27 00:00:00-04:00,6.570000171661377,6.75,6.329999923706055,6.510000228881836,240900,0.0,0.0
2012-03-28 00:00:00-04:00,6.420000076293945,6.679999828338623,6.230000019073486,6.590000152587891,544700,0.0,0.0
2012-03-29 00:00:00-04:00,6.46999979019165,6.559999942779541,6.190000057220459,6.46999979019165,612500,0.0,0.0
2012-03-30 00:00:00-04:00,6.489999771118164,6.579999923706055,6.019999980926514,6.099999904632568,310400,0.0,0.0
2012-04-02 00:00:00-04:00,6.079999923706055,6.090000152587891,5.590000152587891,5.789999961853027,547100,0.0,0.0
2012-04-03 00:00:00-04:00,5.829999923706055,5.949999809265137,5.619999885559082,5.699999809265137,370800,0.0,0.0
2012-04-04 00:00:00-04:00,5.53000020980835,5.630000114440918,5.369999885559082,5.579999923706055,384600,0.0,0.0
2012-04-05 00:00:00-04:00,5.510000228881836,5.710000038146973,5.25,5.460000038146973,325800,0.0,0.0
2012-04-09 00:00:00-04:00,5.25,5.289999961853027,5.130000114440918,5.170000076293945,215200,0.0,0.0
2012-04-10 00:00:00-04:00,5.21999979019165,5.650000095367432,5.21999979019165,5.389999866485596,282800,0.0,0.0
2012-04-11 00:00:00-04:00,5.650000095367432,5.849999904632568,5.579999923706055,5.699999809265137,257600,0.0,0.0
2012-04-12 00:00:00-04:00,5.690000057220459,5.869999885559082,5.579999923706055,5.710000038146973,135500,0.0,0.0
2012-04-13 00:00:00-04:00,5.849999904632568,5.860000133514404,5.28000020980835,5.340000152587891,348600,0.0,0.0
2012-04-16 00:00:00-04:00,5.570000171661377,5.599999904632568,5.300000190734863,5.340000152587891,164300,0.0,0.0
2012-04-17 00:00:00-04:00,5.539999961853027,5.889999866485596,5.360000133514404,5.820000171661377,413100,0.0,0.0
2012-04-18 00:00:00-04:00,5.940000057220459,5.940000057220459,5.590000152587891,5.679999828338623,112000,0.0,0.0
2012-04-19 00:00:00-04:00,5.75,5.880000114440918,5.690000057220459,5.730000019073486,89300,0.0,0.0
2012-04-20 00:00:00-04:00,5.730000019073486,5.769999980926514,5.409999847412109,5.5,222900,0.0,0.0
2012-04-23 00:00:00-04:00,5.340000152587891,5.389999866485596,5.139999866485596,5.239999771118164,219200,0.0,0.0
2012-04-24 00:00:00-04:00,5.150000095367432,5.349999904632568,5.150000095367432,5.300000190734863,191400,0.0,0.0
2012-04-25 00:00:00-04:00,5.400000095367432,5.480000019073486,5.260000228881836,5.389999866485596,106800,0.0,0.0
2012-04-26 00:00:00-04:00,5.349999904632568,5.550000190734863,5.320000171661377,5.5,92600,0.0,0.0
2012-04-27 00:00:00-04:00,5.460000038146973,5.489999771118164,5.349999904632568,5.409999847412109,185800,0.0,0.0
2012-04-30 00:00:00-04:00,5.300000190734863,5.760000228881836,5.300000190734863,5.480000019073486,397200,0.0,0.0
2012-05-01 00:00:00-04:00,5.960000038146973,5.960000038146973,5.659999847412109,5.739999771118164,330300,0.0,0.0
2012-05-02 00:00:00-04:00,5.690000057220459,5.760000228881836,5.5,5.550000190734863,110000,0.0,0.0
2012-05-03 00:00:00-04:00,5.489999771118164,5.639999866485596,5.449999809265137,5.539999961853027,126000,0.0,0.0
2012-05-04 00:00:00-04:00,5.590000152587891,5.650000095367432,5.380000114440918,5.519999980926514,199800,0.0,0.0
2012-05-07 00:00:00-04:00,5.460000038146973,5.639999866485596,5.380000114440918,5.429999828338623,194000,0.0,0.0
2012-05-08 00:00:00-04:00,5.389999866485596,5.679999828338623,5.369999885559082,5.369999885559082,286000,0.0,0.0
2012-05-09 00:00:00-04:00,5.300000190734863,5.460000038146973,5.25,5.349999904632568,240900,0.0,0.0
2012-05-10 00:00:00-04:00,5.349999904632568,5.440000057220459,5.309999942779541,5.369999885559082,248600,0.0,0.0
2012-05-11 00:00:00-04:00,5.309999942779541,5.550000190734863,5.309999942779541,5.409999847412109,304900,0.0,0.0
2012-05-14 00:00:00-04:00,5.309999942779541,5.610000133514404,5.309999942779541,5.539999961853027,293400,0.0,0.0
2012-05-15 00:00:00-04:00,5.460000038146973,5.699999809265137,5.25,5.260000228881836,224000,0.0,0.0
2012-05-16 00:00:00-04:00,5.320000171661377,5.550000190734863,5.300000190734863,5.320000171661377,302800,0.0,0.0
2012-05-17 00:00:00-04:00,5.679999828338623,5.679999828338623,4.630000114440918,4.739999771118164,550900,0.0,0.0
2012-05-18 00:00:00-04:00,4.78000020980835,4.78000020980835,4.170000076293945,4.320000171661377,601700,0.0,0.0
2012-05-21 00:00:00-04:00,4.320000171661377,4.369999885559082,4.190000057220459,4.300000190734863,188300,0.0,0.0
2012-05-22 00:00:00-04:00,4.349999904632568,4.460000038146973,4.010000228881836,4.139999866485596,272500,0.0,0.0
2012-05-23 00:00:00-04:00,3.9100000858306885,4.139999866485596,3.759999990463257,4.070000171661377,295000,0.0,0.0
2012-05-24 00:00:00-04:00,4.289999961853027,4.289999961853027,3.619999885559082,3.7300000190734863,280400,0.0,0.0
2012-05-25 00:00:00-04:00,3.75,3.940000057220459,3.700000047683716,3.799999952316284,145200,0.0,0.0
2012-05-29 00:00:00-04:00,3.8299999237060547,3.930000066757202,3.700000047683716,3.9000000953674316,254100,0.0,0.0
2012-05-30 00:00:00-04:00,3.8299999237060547,3.930000066757202,3.7200000286102295,3.9000000953674316,128600,0.0,0.0
2012-05-31 00:00:00-04:00,3.869999885559082,3.9100000858306885,3.7699999809265137,3.9000000953674316,143600,0.0,0.0
2012-06-01 00:00:00-04:00,3.8499999046325684,3.990000009536743,3.7300000190734863,3.8499999046325684,185500,0.0,0.0
2012-06-04 00:00:00-04:00,3.930000066757202,3.9800000190734863,3.859999895095825,3.940000057220459,125000,0.0,0.0
2012-06-05 00:00:00-04:00,3.9600000381469727,4.230000019073486,3.8399999141693115,4.150000095367432,128200,0.0,0.0
2012-06-06 00:00:00-04:00,4.199999809265137,4.309999942779541,4.010000228881836,4.039999961853027,170000,0.0,0.0
2012-06-07 00:00:00-04:00,4.070000171661377,4.230000019073486,3.9600000381469727,3.9600000381469727,61000,0.0,0.0
2012-06-08 00:00:00-04:00,3.9800000190734863,4.159999847412109,3.9000000953674316,4.070000171661377,45300,0.0,0.0
2012-06-11 00:00:00-04:00,4.199999809265137,4.199999809265137,3.940000057220459,3.950000047683716,211400,0.0,0.0
2012-06-12 00:00:00-04:00,4.010000228881836,4.369999885559082,4.0,4.239999771118164,179600,0.0,0.0
2012-06-13 00:00:00-04:00,4.269999980926514,4.269999980926514,4.050000190734863,4.079999923706055,88700,0.0,0.0
2012-06-14 00:00:00-04:00,4.019999980926514,4.070000171661377,3.7799999713897705,3.799999952316284,138300,0.0,0.0
2012-06-15 00:00:00-04:00,3.700000047683716,4.070000171661377,3.700000047683716,4.039999961853027,389000,0.0,0.0
2012-06-18 00:00:00-04:00,4.010000228881836,4.269999980926514,3.9100000858306885,4.260000228881836,250000,0.0,0.0
2012-06-19 00:00:00-04:00,4.210000038146973,4.53000020980835,4.190000057220459,4.53000020980835,227600,0.0,0.0
2012-06-20 00:00:00-04:00,4.199999809265137,4.300000190734863,4.039999961853027,4.110000133514404,255100,0.0,0.0
2012-06-21 00:00:00-04:00,4.070000171661377,4.300000190734863,4.010000228881836,4.300000190734863,130100,0.0,0.0
2012-06-22 00:00:00-04:00,4.28000020980835,4.329999923706055,3.9600000381469727,4.150000095367432,94500,0.0,0.0
2012-06-25 00:00:00-04:00,4.03000020980835,4.110000133514404,3.9000000953674316,3.9600000381469727,93700,0.0,0.0
2012-06-26 00:00:00-04:00,3.950000047683716,3.950000047683716,3.450000047683716,3.509999990463257,433600,0.0,0.0
2012-06-27 00:00:00-04:00,3.5999999046325684,3.609999895095825,3.4000000953674316,3.4100000858306885,128300,0.0,0.0
2012-06-28 00:00:00-04:00,3.359999895095825,3.4600000381469727,3.059999942779541,3.299999952316284,409200,0.0,0.0
2012-06-29 00:00:00-04:00,3.6500000953674316,3.700000047683716,3.4000000953674316,3.440000057220459,99100,0.0,0.0
2012-07-02 00:00:00-04:00,3.4700000286102295,3.549999952316284,3.359999895095825,3.4200000762939453,92100,0.0,0.0
2012-07-03 00:00:00-04:00,3.450000047683716,3.6500000953674316,3.4200000762939453,3.5799999237060547,183600,0.0,0.0
2012-07-05 00:00:00-04:00,3.5299999713897705,3.549999952316284,3.4100000858306885,3.4100000858306885,94500,0.0,0.0
2012-07-06 00:00:00-04:00,3.4700000286102295,3.619999885559082,3.4100000858306885,3.490000009536743,52900,0.0,0.0
2012-07-09 00:00:00-04:00,3.2899999618530273,3.450000047683716,3.2699999809265137,3.369999885559082,62900,0.0,0.0
2012-07-10 00:00:00-04:00,3.359999895095825,3.369999885559082,3.130000114440918,3.2200000286102295,96600,0.0,0.0
2012-07-11 00:00:00-04:00,3.200000047683716,3.3399999141693115,3.109999895095825,3.2799999713897705,91100,0.0,0.0
2012-07-12 00:00:00-04:00,3.1600000858306885,3.2699999809265137,3.130000114440918,3.1500000953674316,57100,0.0,0.0
2012-07-13 00:00:00-04:00,3.2200000286102295,3.2799999713897705,3.2200000286102295,3.2799999713897705,26500,0.0,0.0
2012-07-16 00:00:00-04:00,3.25,3.3299999237060547,3.200000047683716,3.2300000190734863,58100,0.0,0.0
2012-07-17 00:00:00-04:00,3.200000047683716,3.240000009536743,3.119999885559082,3.180000066757202,67000,0.0,0.0
2012-07-18 00:00:00-04:00,3.140000104904175,3.200000047683716,3.109999895095825,3.180000066757202,86500,0.0,0.0
2012-07-19 00:00:00-04:00,3.200000047683716,3.299999952316284,3.109999895095825,3.1600000858306885,57000,0.0,0.0
2012-07-20 00:00:00-04:00,3.109999895095825,3.130000114440918,2.9200000762939453,2.9200000762939453,201200,0.0,0.0
2012-07-23 00:00:00-04:00,2.809999942779541,2.809999942779541,2.700000047683716,2.75,89900,0.0,0.0
2012-07-24 00:00:00-04:00,2.799999952316284,2.799999952316284,2.619999885559082,2.700000047683716,123100,0.0,0.0
2012-07-25 00:00:00-04:00,2.7300000190734863,2.7300000190734863,2.559999942779541,2.569999933242798,91700,0.0,0.0
2012-07-26 00:00:00-04:00,2.549999952316284,2.7100000381469727,2.5299999713897705,2.5899999141693115,99500,0.0,0.0
2012-07-27 00:00:00-04:00,2.619999885559082,2.619999885559082,2.5299999713897705,2.569999933242798,74300,0.0,0.0
2012-07-30 00:00:00-04:00,2.549999952316284,2.680000066757202,2.319999933242798,2.4000000953674316,147600,0.0,0.0
2012-07-31 00:00:00-04:00,2.390000104904175,2.680000066757202,2.140000104904175,2.2100000381469727,219000,0.0,0.0
2012-08-01 00:00:00-04:00,2.319999933242798,2.5299999713897705,2.2300000190734863,2.259999990463257,126200,0.0,0.0
2012-08-02 00:00:00-04:00,2.319999933242798,2.3399999141693115,2.059999942779541,2.0999999046325684,119700,0.0,0.0
2012-08-03 00:00:00-04:00,2.119999885559082,2.1600000858306885,2.0,2.009999990463257,85600,0.0,0.0
2012-08-06 00:00:00-04:00,2.049999952316284,2.2200000286102295,2.049999952316284,2.2100000381469727,211500,0.0,0.0
2012-08-07 00:00:00-04:00,2.319999933242798,2.569999933242798,2.319999933242798,2.4800000190734863,297300,0.0,0.0
2012-08-08 00:00:00-04:00,2.559999942779541,2.640000104904175,2.359999895095825,2.5999999046325684,134500,0.0,0.0
2012-08-09 00:00:00-04:00,2.569999933242798,2.690000057220459,2.430000066757202,2.5,112900,0.0,0.0
2012-08-10 00:00:00-04:00,2.369999885559082,2.5999999046325684,2.359999895095825,2.5899999141693115,39200,0.0,0.0
2012-08-13 00:00:00-04:00,2.5199999809265137,2.5999999046325684,2.4100000858306885,2.430000066757202,56200,0.0,0.0
2012-08-14 00:00:00-04:00,2.4100000858306885,2.5399999618530273,2.380000114440918,2.450000047683716,25100,0.0,0.0
2012-08-15 00:00:00-04:00,2.4200000762939453,2.5,2.4000000953674316,2.4600000381469727,27700,0.0,0.0
2012-08-16 00:00:00-04:00,2.440000057220459,2.5399999618530273,2.359999895095825,2.4200000762939453,78500,0.0,0.0
2012-08-17 00:00:00-04:00,2.4800000190734863,2.5399999618530273,2.369999885559082,2.4200000762939453,47900,0.0,0.0
2012-08-20 00:00:00-04:00,2.440000057220459,2.8499999046325684,2.440000057220459,2.7799999713897705,289300,0.0,0.0
2012-08-21 00:00:00-04:00,2.75,2.9800000190734863,2.7100000381469727,2.759999990463257,205800,0.0,0.0
2012-08-22 00:00:00-04:00,2.7200000286102295,2.9800000190734863,2.6500000953674316,2.9700000286102295,112600,0.0,0.0
2012-08-23 00:00:00-04:00,3.0,3.0,2.869999885559082,2.930000066757202,143100,0.0,0.0
2012-08-24 00:00:00-04:00,3.009999990463257,3.0299999713897705,2.8399999141693115,2.8499999046325684,105000,0.0,0.0
2012-08-27 00:00:00-04:00,2.7699999809265137,3.380000114440918,2.7699999809265137,3.319999933242798,254400,0.0,0.0
2012-08-28 00:00:00-04:00,3.390000104904175,3.6700000762939453,3.369999885559082,3.6500000953674316,329800,0.0,0.0
2012-08-29 00:00:00-04:00,3.5999999046325684,3.5999999046325684,3.1500000953674316,3.1500000953674316,205000,0.0,0.0
2012-08-30 00:00:00-04:00,3.1600000858306885,3.190000057220459,2.9600000381469727,3.0199999809265137,106800,0.0,0.0
2012-08-31 00:00:00-04:00,3.0299999713897705,3.2699999809265137,3.0299999713897705,3.2100000381469727,74200,0.0,0.0
2012-09-04 00:00:00-04:00,3.2100000381469727,3.2100000381469727,3.0,3.0399999618530273,207200,0.0,0.0
2012-09-05 00:00:00-04:00,2.799999952316284,2.940000057220459,2.7200000286102295,2.9100000858306885,151600,0.0,0.0
2012-09-06 00:00:00-04:00,2.8499999046325684,2.9700000286102295,2.75,2.940000057220459,84200,0.0,0.0
2012-09-07 00:00:00-04:00,2.9000000953674316,3.109999895095825,2.9000000953674316,3.0999999046325684,56800,0.0,0.0
2012-09-10 00:00:00-04:00,3.1700000762939453,3.390000104904175,3.0999999046325684,3.3499999046325684,130000,0.0,0.0
2012-09-11 00:00:00-04:00,3.3499999046325684,3.549999952316284,3.309999942779541,3.549999952316284,106100,0.0,0.0
2012-09-12 00:00:00-04:00,3.5199999809265137,3.5999999046325684,3.4600000381469727,3.549999952316284,84500,0.0,0.0
2012-09-13 00:00:00-04:00,3.549999952316284,3.6500000953674316,3.549999952316284,3.630000114440918,94200,0.0,0.0
2012-09-14 00:00:00-04:00,3.640000104904175,3.6700000762939453,3.4000000953674316,3.490000009536743,141400,0.0,0.0
2012-09-17 00:00:00-04:00,3.450000047683716,3.490000009536743,3.25,3.319999933242798,84400,0.0,0.0
2012-09-18 00:00:00-04:00,3.25,3.4000000953674316,3.25,3.380000114440918,30700,0.0,0.0
2012-09-19 00:00:00-04:00,3.4200000762939453,3.549999952316284,3.200000047683716,3.319999933242798,132300,0.0,0.0
2012-09-20 00:00:00-04:00,3.2300000190734863,3.390000104904175,3.1600000858306885,3.309999942779541,61100,0.0,0.0
2012-09-21 00:00:00-04:00,3.4200000762939453,3.6500000953674316,3.3499999046325684,3.6500000953674316,176600,0.0,0.0
2012-09-24 00:00:00-04:00,3.5899999141693115,3.9000000953674316,3.5399999618530273,3.859999895095825,171000,0.0,0.0
2012-09-25 00:00:00-04:00,3.819999933242798,3.9600000381469727,3.7799999713897705,3.9600000381469727,185200,0.0,0.0
2012-09-26 00:00:00-04:00,3.7699999809265137,3.9600000381469727,3.700000047683716,3.880000114440918,62900,0.0,0.0
2012-09-27 00:00:00-04:00,3.880000114440918,3.880000114440918,3.700000047683716,3.759999990463257,38900,0.0,0.0
2012-09-28 00:00:00-04:00,3.7100000381469727,3.809999942779541,3.7100000381469727,3.7899999618530273,26200,0.0,0.0
2012-10-01 00:00:00-04:00,3.8399999141693115,3.9000000953674316,3.759999990463257,3.819999933242798,26500,0.0,0.0
2012-10-02 00:00:00-04:00,3.869999885559082,3.869999885559082,3.8299999237060547,3.8499999046325684,17300,0.0,0.0
2012-10-03 00:00:00-04:00,3.809999942779541,3.8399999141693115,3.700000047683716,3.7300000190734863,20600,0.0,0.0
2012-10-04 00:00:00-04:00,3.7100000381469727,4.659999847412109,3.450000047683716,4.309999942779541,518000,0.0,0.0
2012-10-05 00:00:00-04:00,4.25,4.25,3.9700000286102295,3.9700000286102295,171300,0.0,0.0
2012-10-08 00:00:00-04:00,4.0,4.0,3.819999933242798,3.869999885559082,28900,0.0,0.0
2012-10-09 00:00:00-04:00,3.8399999141693115,3.940000057220459,3.5899999141693115,3.630000114440918,91500,0.0,0.0
2012-10-10 00:00:00-04:00,3.5999999046325684,3.5999999046325684,3.4100000858306885,3.490000009536743,101700,0.0,0.0
2012-10-11 00:00:00-04:00,3.4700000286102295,4.0,3.4700000286102295,3.7899999618530273,142000,0.0,0.0
2012-10-12 00:00:00-04:00,3.8499999046325684,3.8499999046325684,3.6600000858306885,3.7300000190734863,31200,0.0,0.0
2012-10-15 00:00:00-04:00,3.700000047683716,3.9800000190734863,3.6600000858306885,3.9700000286102295,81100,0.0,0.0
2012-10-16 00:00:00-04:00,4.0,4.0,3.8499999046325684,3.940000057220459,42100,0.0,0.0
2012-10-17 00:00:00-04:00,3.940000057220459,3.950000047683716,3.6700000762939453,3.7799999713897705,60000,0.0,0.0
2012-10-18 00:00:00-04:00,3.9100000858306885,4.0,3.809999942779541,3.930000066757202,61700,0.0,0.0
2012-10-19 00:00:00-04:00,3.9200000762939453,3.9200000762939453,3.5999999046325684,3.630000114440918,107300,0.0,0.0
2012-10-22 00:00:00-04:00,3.75,3.7799999713897705,3.549999952316284,3.759999990463257,39900,0.0,0.0
2012-10-23 00:00:00-04:00,3.75,3.7899999618530273,3.559999942779541,3.680000066757202,25600,0.0,0.0
2012-10-24 00:00:00-04:00,3.7200000286102295,3.740000009536743,3.680000066757202,3.690000057220459,12700,0.0,0.0
2012-10-25 00:00:00-04:00,3.6600000858306885,3.7899999618530273,3.6600000858306885,3.7699999809265137,26600,0.0,0.0
2012-10-26 00:00:00-04:00,3.7200000286102295,3.7899999618530273,3.700000047683716,3.7899999618530273,33800,0.0,0.0
2012-10-31 00:00:00-04:00,3.7200000286102295,3.940000057220459,3.7200000286102295,3.940000057220459,33100,0.0,0.0
2012-11-01 00:00:00-04:00,3.9600000381469727,3.990000009536743,3.8299999237060547,3.930000066757202,24000,0.0,0.0
2012-11-02 00:00:00-04:00,3.890000104904175,3.940000057220459,3.6600000858306885,3.8499999046325684,25700,0.0,0.0
2012-11-05 00:00:00-05:00,3.7699999809265137,3.950000047683716,3.740000009536743,3.9200000762939453,14400,0.0,0.0
2012-11-06 00:00:00-05:00,3.9800000190734863,3.9800000190734863,3.680000066757202,3.880000114440918,121700,0.0,0.0
2012-11-07 00:00:00-05:00,3.8299999237060547,3.869999885559082,3.7300000190734863,3.8499999046325684,22600,0.0,0.0
2012-11-08 00:00:00-05:00,3.809999942779541,3.819999933242798,3.680000066757202,3.700000047683716,40000,0.0,0.0
2012-11-09 00:00:00-05:00,3.680000066757202,3.7899999618530273,3.5999999046325684,3.7899999618530273,31000,0.0,0.0
2012-11-12 00:00:00-05:00,3.740000009536743,3.869999885559082,3.5,3.759999990463257,46200,0.0,0.0
2012-11-13 00:00:00-05:00,3.7100000381469727,3.859999895095825,3.5399999618530273,3.7200000286102295,121600,0.0,0.0
2012-11-14 00:00:00-05:00,3.630000114440918,3.6500000953674316,3.4700000286102295,3.4800000190734863,64900,0.0,0.0
2012-11-15 00:00:00-05:00,3.5,3.509999990463257,3.319999933242798,3.509999990463257,42900,0.0,0.0
2012-11-16 00:00:00-05:00,3.450000047683716,3.509999990463257,3.319999933242798,3.3299999237060547,50300,0.0,0.0
2012-11-19 00:00:00-05:00,3.3499999046325684,3.630000114440918,3.180000066757202,3.509999990463257,64100,0.0,0.0
2012-11-20 00:00:00-05:00,3.549999952316284,3.690000057220459,3.4800000190734863,3.549999952316284,56200,0.0,0.0
2012-11-21 00:00:00-05:00,3.4000000953674316,3.5899999141693115,3.4000000953674316,3.509999990463257,32900,0.0,0.0
2012-11-23 00:00:00-05:00,3.4700000286102295,3.5199999809265137,3.4600000381469727,3.5,23000,0.0,0.0
2012-11-26 00:00:00-05:00,3.5,3.9600000381469727,3.5,3.9600000381469727,93700,0.0,0.0
2012-11-27 00:00:00-05:00,3.940000057220459,4.099999904632568,3.799999952316284,4.099999904632568,132300,0.0,0.0
2012-11-28 00:00:00-05:00,4.099999904632568,4.5,4.099999904632568,4.440000057220459,148600,0.0,0.0
2012-11-29 00:00:00-05:00,4.320000171661377,4.570000171661377,4.03000020980835,4.380000114440918,115800,0.0,0.0
2012-11-30 00:00:00-05:00,4.380000114440918,4.480000019073486,4.099999904632568,4.25,103100,0.0,0.0
2012-12-03 00:00:00-05:00,4.190000057220459,4.320000171661377,4.110000133514404,4.190000057220459,39900,0.0,0.0
2012-12-04 00:00:00-05:00,4.199999809265137,4.260000228881836,4.119999885559082,4.159999847412109,31500,0.0,0.0
2012-12-05 00:00:00-05:00,4.159999847412109,4.349999904632568,4.159999847412109,4.25,55500,0.0,0.0
2012-12-06 00:00:00-05:00,4.25,4.25,4.099999904632568,4.119999885559082,78800,0.0,0.0
2012-12-07 00:00:00-05:00,4.53000020980835,5.139999866485596,4.329999923706055,4.679999828338623,784800,0.0,0.0
2012-12-10 00:00:00-05:00,5.090000152587891,5.400000095367432,4.840000152587891,5.119999885559082,542500,0.0,0.0
2012-12-11 00:00:00-05:00,5.119999885559082,5.289999961853027,5.059999942779541,5.289999961853027,289900,0.0,0.0
2012-12-12 00:00:00-05:00,5.53000020980835,6.699999809265137,5.46999979019165,6.320000171661377,979200,0.0,0.0
2012-12-13 00:00:00-05:00,6.210000038146973,6.340000152587891,5.860000133514404,6.059999942779541,333000,0.0,0.0
2012-12-14 00:00:00-05:00,5.960000038146973,6.340000152587891,5.889999866485596,5.949999809265137,362700,0.0,0.0
2012-12-17 00:00:00-05:00,6.019999980926514,6.340000152587891,5.860000133514404,6.199999809265137,325900,0.0,0.0
2012-12-18 00:00:00-05:00,6.199999809265137,6.599999904632568,6.099999904632568,6.519999980926514,351800,0.0,0.0
2012-12-19 00:00:00-05:00,6.630000114440918,7.139999866485596,6.619999885559082,6.809999942779541,511400,0.0,0.0
2012-12-20 00:00:00-05:00,6.869999885559082,7.0,5.949999809265137,6.239999771118164,460500,0.0,0.0
2012-12-21 00:00:00-05:00,5.949999809265137,6.179999828338623,5.699999809265137,5.699999809265137,542000,0.0,0.0
2012-12-24 00:00:00-05:00,5.869999885559082,5.869999885559082,5.53000020980835,5.550000190734863,104200,0.0,0.0
2012-12-26 00:00:00-05:00,5.610000133514404,6.099999904632568,5.610000133514404,5.840000152587891,360000,0.0,0.0
2012-12-27 00:00:00-05:00,5.960000038146973,6.0,5.599999904632568,5.809999942779541,179900,0.0,0.0
2012-12-28 00:00:00-05:00,5.639999866485596,6.360000133514404,5.630000114440918,5.989999771118164,370400,0.0,0.0
2012-12-31 00:00:00-05:00,5.989999771118164,6.239999771118164,5.989999771118164,6.210000038146973,222600,0.0,0.0
2013-01-02 00:00:00-05:00,6.559999942779541,6.659999847412109,6.300000190734863,6.510000228881836,225300,0.0,0.0
2013-01-03 00:00:00-05:00,6.739999771118164,7.400000095367432,6.630000114440918,7.159999847412109,735800,0.0,0.0
2013-01-04 00:00:00-05:00,7.170000076293945,7.420000076293945,6.460000038146973,6.590000152587891,527100,0.0,0.0
2013-01-07 00:00:00-05:00,6.699999809265137,6.869999885559082,6.53000020980835,6.650000095367432,282700,0.0,0.0
2013-01-08 00:00:00-05:00,6.53000020980835,7.099999904632568,6.5,7.050000190734863,301500,0.0,0.0
2013-01-09 00:00:00-05:00,7.119999885559082,7.550000190734863,7.050000190734863,7.440000057220459,724100,0.0,0.0
2013-01-10 00:00:00-05:00,7.46999979019165,7.550000190734863,7.119999885559082,7.489999771118164,404900,0.0,0.0
2013-01-11 00:00:00-05:00,7.550000190734863,7.550000190734863,7.349999904632568,7.449999809265137,163800,0.0,0.0
2013-01-14 00:00:00-05:00,7.46999979019165,7.5,7.110000133514404,7.440000057220459,190600,0.0,0.0
2013-01-15 00:00:00-05:00,7.409999847412109,7.409999847412109,7.150000095367432,7.21999979019165,137700,0.0,0.0
2013-01-16 00:00:00-05:00,7.21999979019165,7.300000190734863,6.860000133514404,6.940000057220459,158400,0.0,0.0
2013-01-17 00:00:00-05:00,7.03000020980835,7.300000190734863,7.03000020980835,7.119999885559082,158000,0.0,0.0
2013-01-18 00:00:00-05:00,7.119999885559082,7.25,6.849999904632568,6.889999866485596,164000,0.0,0.0
2013-01-22 00:00:00-05:00,6.929999828338623,7.75,6.929999828338623,7.730000019073486,401000,0.0,0.0
2013-01-23 00:00:00-05:00,7.800000190734863,7.800000190734863,7.260000228881836,7.340000152587891,343400,0.0,0.0
2013-01-24 00:00:00-05:00,7.380000114440918,7.670000076293945,7.380000114440918,7.630000114440918,269600,0.0,0.0
2013-01-25 00:00:00-05:00,7.639999866485596,7.900000095367432,7.460000038146973,7.550000190734863,280800,0.0,0.0
2013-01-28 00:00:00-05:00,7.619999885559082,7.639999866485596,7.449999809265137,7.579999923706055,315100,0.0,0.0
2013-01-29 00:00:00-05:00,7.550000190734863,7.75,7.400000095367432,7.559999942779541,139400,0.0,0.0
2013-01-30 00:00:00-05:00,7.559999942779541,7.849999904632568,7.429999828338623,7.46999979019165,162000,0.0,0.0
2013-01-31 00:00:00-05:00,7.409999847412109,7.630000114440918,7.239999771118164,7.579999923706055,150700,0.0,0.0
2013-02-01 00:00:00-05:00,7.659999847412109,7.78000020980835,7.460000038146973,7.53000020980835,78700,0.0,0.0
2013-02-04 00:00:00-05:00,7.449999809265137,8.239999771118164,7.409999847412109,7.550000190734863,364000,0.0,0.0
2013-02-05 00:00:00-05:00,7.639999866485596,8.170000076293945,7.639999866485596,8.130000114440918,286000,0.0,0.0
2013-02-06 00:00:00-05:00,8.260000228881836,8.479999542236328,8.119999885559082,8.430000305175781,248400,0.0,0.0
2013-02-07 00:00:00-05:00,8.470000267028809,8.65999984741211,8.0600004196167,8.109999656677246,265200,0.0,0.0
2013-02-08 00:00:00-05:00,8.039999961853027,8.319999694824219,7.75,8.010000228881836,223300,0.0,0.0
2013-02-11 00:00:00-05:00,8.170000076293945,8.710000038146973,8.09000015258789,8.630000114440918,334500,0.0,0.0
2013-02-12 00:00:00-05:00,8.699999809265137,9.300000190734863,8.699999809265137,9.119999885559082,447100,0.0,0.0
2013-02-13 00:00:00-05:00,9.300000190734863,9.510000228881836,8.699999809265137,8.930000305175781,390000,0.0,0.0
2013-02-14 00:00:00-05:00,9.069999694824219,9.850000381469727,8.949999809265137,9.680000305175781,400300,0.0,0.0
2013-02-15 00:00:00-05:00,9.880000114440918,9.899999618530273,9.199999809265137,9.369999885559082,412500,0.0,0.0
2013-02-19 00:00:00-05:00,9.449999809265137,9.949999809265137,9.420000076293945,9.649999618530273,439900,0.0,0.0
2013-02-20 00:00:00-05:00,10.0,10.069999694824219,9.510000228881836,9.630000114440918,478700,0.0,0.0
2013-02-21 00:00:00-05:00,9.630000114440918,9.739999771118164,8.100000381469727,8.460000038146973,764800,0.0,0.0
2013-02-22 00:00:00-05:00,8.680000305175781,8.949999809265137,8.609999656677246,8.75,264600,0.0,0.0
2013-02-25 00:00:00-05:00,9.069999694824219,9.350000381469727,8.600000381469727,8.619999885559082,285700,0.0,0.0
2013-02-26 00:00:00-05:00,8.720000267028809,8.869999885559082,8.130000114440918,8.300000190734863,230400,0.0,0.0
2013-02-27 00:00:00-05:00,7.940000057220459,8.300000190734863,7.760000228881836,8.239999771118164,335900,0.0,0.0
2013-02-28 00:00:00-05:00,8.5,8.670000076293945,8.100000381469727,8.140000343322754,234500,0.0,0.0
2013-03-01 00:00:00-05:00,8.100000381469727,8.25,7.769999980926514,7.840000152587891,133800,0.0,0.0
2013-03-04 00:00:00-05:00,8.039999961853027,8.039999961853027,6.809999942779541,6.820000171661377,616400,0.0,0.0
2013-03-05 00:00:00-05:00,6.900000095367432,7.429999828338623,6.849999904632568,7.199999809265137,331000,0.0,0.0
2013-03-06 00:00:00-05:00,7.320000171661377,7.599999904632568,7.25,7.449999809265137,275900,0.0,0.0
2013-03-07 00:00:00-05:00,7.349999904632568,7.539999961853027,7.340000152587891,7.409999847412109,102400,0.0,0.0
2013-03-08 00:00:00-05:00,7.380000114440918,7.380000114440918,7.130000114440918,7.300000190734863,96400,0.0,0.0
2013-03-11 00:00:00-04:00,7.349999904632568,7.360000133514404,6.550000190734863,6.559999942779541,421100,0.0,0.0
2013-03-12 00:00:00-04:00,6.5,7.0,6.260000228881836,6.949999809265137,455200,0.0,0.0
2013-03-13 00:00:00-04:00,6.96999979019165,7.079999923706055,6.730000019073486,6.96999979019165,301600,0.0,0.0
2013-03-14 00:00:00-04:00,6.980000019073486,7.050000190734863,6.579999923706055,6.739999771118164,285900,0.0,0.0
2013-03-15 00:00:00-04:00,6.619999885559082,6.679999828338623,6.099999904632568,6.159999847412109,698300,0.0,0.0
2013-03-18 00:00:00-04:00,6.079999923706055,6.079999923706055,5.760000228881836,5.789999961853027,608700,0.0,0.0
2013-03-19 00:00:00-04:00,5.75,6.179999828338623,5.670000076293945,5.739999771118164,344300,0.0,0.0
2013-03-20 00:00:00-04:00,5.869999885559082,6.130000114440918,5.739999771118164,5.96999979019165,343700,0.0,0.0
2013-03-21 00:00:00-04:00,5.900000095367432,6.079999923706055,5.760000228881836,5.820000171661377,253900,0.0,0.0
2013-03-22 00:00:00-04:00,5.800000190734863,5.869999885559082,5.5,5.510000228881836,456700,0.0,0.0
2013-03-25 00:00:00-04:00,5.420000076293945,5.53000020980835,5.070000171661377,5.130000114440918,441600,0.0,0.0
2013-03-26 00:00:00-04:00,5.150000095367432,5.369999885559082,5.070000171661377,5.119999885559082,231500,0.0,0.0
2013-03-27 00:00:00-04:00,5.099999904632568,5.159999847412109,4.920000076293945,4.940000057220459,303500,0.0,0.0
2013-03-28 00:00:00-04:00,4.980000019073486,5.039999961853027,4.570000171661377,4.639999866485596,443100,0.0,0.0
2013-04-01 00:00:00-04:00,4.670000076293945,4.690000057220459,4.130000114440918,4.199999809265137,445000,0.0,0.0
2013-04-02 00:00:00-04:00,4.199999809265137,4.449999809265137,4.179999828338623,4.210000038146973,274100,0.0,0.0
2013-04-03 00:00:00-04:00,4.269999980926514,4.389999866485596,3.9600000381469727,4.039999961853027,392800,0.0,0.0
2013-04-04 00:00:00-04:00,4.099999904632568,4.369999885559082,4.070000171661377,4.230000019073486,291200,0.0,0.0
2013-04-05 00:00:00-04:00,4.210000038146973,4.320000171661377,4.010000228881836,4.150000095367432,437900,0.0,0.0
2013-04-08 00:00:00-04:00,4.349999904632568,5.179999828338623,4.28000020980835,5.0,1133400,0.0,0.0
2013-04-09 00:00:00-04:00,5.400000095367432,6.230000019073486,5.199999809265137,5.800000190734863,2112900,0.0,0.0
2013-04-10 00:00:00-04:00,5.550000190734863,6.079999923706055,5.199999809265137,5.400000095367432,1245800,0.0,0.0
2013-04-11 00:00:00-04:00,5.429999828338623,5.900000095367432,5.119999885559082,5.619999885559082,644600,0.0,0.0
2013-04-12 00:00:00-04:00,5.510000228881836,5.849999904632568,5.349999904632568,5.710000038146973,378200,0.0,0.0
2013-04-15 00:00:00-04:00,5.690000057220459,5.800000190734863,4.800000190734863,4.820000171661377,626300,0.0,0.0
2013-04-16 00:00:00-04:00,5.070000171661377,5.139999866485596,4.909999847412109,5.019999980926514,223100,0.0,0.0
2013-04-17 00:00:00-04:00,4.920000076293945,5.28000020980835,4.800000190734863,4.869999885559082,275500,0.0,0.0
2013-04-18 00:00:00-04:00,5.130000114440918,5.130000114440918,4.809999942779541,4.909999847412109,131300,0.0,0.0
2013-04-19 00:00:00-04:00,5.010000228881836,5.110000133514404,4.809999942779541,5.110000133514404,147500,0.0,0.0
2013-04-22 00:00:00-04:00,5.110000133514404,5.400000095367432,5.099999904632568,5.400000095367432,245800,0.0,0.0
2013-04-23 00:00:00-04:00,5.400000095367432,5.929999828338623,5.320000171661377,5.670000076293945,318400,0.0,0.0
2013-04-24 00:00:00-04:00,5.699999809265137,6.590000152587891,5.699999809265137,6.539999961853027,666900,0.0,0.0
2013-04-25 00:00:00-04:00,6.699999809265137,6.789999961853027,6.260000228881836,6.599999904632568,414400,0.0,0.0
2013-04-26 00:00:00-04:00,6.559999942779541,7.510000228881836,6.429999828338623,7.449999809265137,749600,0.0,0.0
2013-04-29 00:00:00-04:00,7.559999942779541,8.1899995803833,7.309999942779541,7.429999828338623,901300,0.0,0.0
2013-04-30 00:00:00-04:00,7.449999809265137,7.699999809265137,6.849999904632568,7.050000190734863,636900,0.0,0.0
2013-05-01 00:00:00-04:00,6.849999904632568,6.920000076293945,6.489999771118164,6.539999961853027,386100,0.0,0.0
2013-05-02 00:00:00-04:00,6.599999904632568,7.300000190734863,6.590000152587891,7.159999847412109,376900,0.0,0.0
2013-05-03 00:00:00-04:00,7.159999847412109,7.320000171661377,6.809999942779541,6.860000133514404,386000,0.0,0.0
2013-05-06 00:00:00-04:00,6.909999847412109,7.150000095367432,6.659999847412109,6.909999847412109,278600,0.0,0.0
2013-05-07 00:00:00-04:00,6.849999904632568,6.869999885559082,6.28000020980835,6.360000133514404,425300,0.0,0.0
2013-05-08 00:00:00-04:00,6.300000190734863,6.300000190734863,6.039999961853027,6.130000114440918,496600,0.0,0.0
2013-05-09 00:00:00-04:00,6.050000190734863,6.690000057220459,5.880000114440918,6.420000076293945,501900,0.0,0.0
2013-05-10 00:00:00-04:00,6.480000019073486,7.25,6.420000076293945,7.059999942779541,753300,0.0,0.0
2013-05-13 00:00:00-04:00,7.099999904632568,7.860000133514404,7.099999904632568,7.329999923706055,999900,0.0,0.0
2013-05-14 00:00:00-04:00,7.099999904632568,7.300000190734863,6.820000171661377,6.920000076293945,675000,0.0,0.0
2013-05-15 00:00:00-04:00,7.019999980926514,7.800000190734863,6.96999979019165,7.079999923706055,825400,0.0,0.0
2013-05-16 00:00:00-04:00,7.260000228881836,7.519999980926514,7.050000190734863,7.260000228881836,426300,0.0,0.0
2013-05-17 00:00:00-04:00,7.190000057220459,7.610000133514404,7.179999828338623,7.53000020980835,436700,0.0,0.0
2013-05-20 00:00:00-04:00,7.849999904632568,9.199999809265137,7.829999923706055,9.09000015258789,1931900,0.0,0.0
2013-05-21 00:00:00-04:00,9.600000381469727,10.4399995803833,8.859999656677246,9.170000076293945,2238500,0.0,0.0
2013-05-22 00:00:00-04:00,9.25,9.25,7.96999979019165,8.3100004196167,761600,0.0,0.0
2013-05-23 00:00:00-04:00,7.71999979019165,8.6899995803833,7.679999828338623,8.539999961853027,506900,0.0,0.0
2013-05-24 00:00:00-04:00,8.720000267028809,9.029999732971191,8.359999656677246,8.75,404900,0.0,0.0
2013-05-28 00:00:00-04:00,9.520000457763672,9.529999732971191,8.359999656677246,8.800000190734863,629400,0.0,0.0
2013-05-29 00:00:00-04:00,8.5,9.0,8.390000343322754,8.5,344300,0.0,0.0
2013-05-30 00:00:00-04:00,8.789999961853027,8.880000114440918,8.420000076293945,8.600000381469727,172000,0.0,0.0
2013-05-31 00:00:00-04:00,8.399999618530273,8.619999885559082,7.78000020980835,7.940000057220459,304600,0.0,0.0
2013-06-03 00:00:00-04:00,8.020000457763672,8.329999923706055,7.510000228881836,8.0,332700,0.0,0.0
2013-06-04 00:00:00-04:00,8.020000457763672,8.779999732971191,8.020000457763672,8.329999923706055,509500,0.0,0.0
2013-06-05 00:00:00-04:00,8.0,8.4399995803833,7.800000190734863,8.09000015258789,301100,0.0,0.0
2013-06-06 00:00:00-04:00,8.010000228881836,8.5600004196167,8.010000228881836,8.470000267028809,360600,0.0,0.0
2013-06-07 00:00:00-04:00,9.59000015258789,10.25,8.930000305175781,9.199999809265137,2096100,0.0,0.0
2013-06-10 00:00:00-04:00,9.170000076293945,9.729999542236328,8.5600004196167,9.520000457763672,1328100,0.0,0.0
2013-06-11 00:00:00-04:00,9.220000267028809,9.3100004196167,8.680000305175781,9.0600004196167,551700,0.0,0.0
2013-06-12 00:00:00-04:00,9.0,9.15999984741211,8.380000114440918,8.510000228881836,414400,0.0,0.0
2013-06-13 00:00:00-04:00,8.5,9.050000190734863,8.40999984741211,8.960000038146973,325700,0.0,0.0
2013-06-14 00:00:00-04:00,8.979999542236328,9.029999732971191,8.569999694824219,8.760000228881836,219600,0.0,0.0
2013-06-17 00:00:00-04:00,9.050000190734863,9.5,8.869999885559082,9.130000114440918,581500,0.0,0.0
2013-06-18 00:00:00-04:00,9.010000228881836,9.34000015258789,8.960000038146973,9.0,232300,0.0,0.0
2013-06-19 00:00:00-04:00,8.989999771118164,8.989999771118164,8.4399995803833,8.550000190734863,505800,0.0,0.0
2013-06-20 00:00:00-04:00,8.40999984741211,8.75,7.96999979019165,8.0600004196167,465200,0.0,0.0
2013-06-21 00:00:00-04:00,8.300000190734863,8.5,7.949999809265137,8.5,494400,0.0,0.0
2013-06-24 00:00:00-04:00,8.170000076293945,8.170000076293945,7.25,7.440000057220459,793000,0.0,0.0
2013-06-25 00:00:00-04:00,7.639999866485596,7.71999979019165,7.409999847412109,7.449999809265137,463500,0.0,0.0
2013-06-26 00:00:00-04:00,7.670000076293945,8.399999618530273,7.519999980926514,8.270000457763672,878000,0.0,0.0
2013-06-27 00:00:00-04:00,8.220000267028809,9.300000190734863,8.220000267028809,9.119999885559082,1272200,0.0,0.0
2013-06-28 00:00:00-04:00,8.859999656677246,9.399999618530273,8.800000190734863,9.039999961853027,613100,0.0,0.0
2013-07-01 00:00:00-04:00,9.300000190734863,9.949999809265137,9.25,9.819999694824219,1380500,0.0,0.0
2013-07-02 00:00:00-04:00,9.800000190734863,10.210000038146973,9.180000305175781,9.319999694824219,1297800,0.0,0.0
2013-07-03 00:00:00-04:00,9.100000381469727,9.800000190734863,9.0,9.579999923706055,726800,0.0,0.0
2013-07-05 00:00:00-04:00,9.869999885559082,11.0,9.760000228881836,11.0,1604600,0.0,0.0
2013-07-08 00:00:00-04:00,11.399999618530273,11.640000343322754,10.510000228881836,10.880000114440918,1258600,0.0,0.0
2013-07-09 00:00:00-04:00,10.930000305175781,11.0,9.600000381469727,9.729999542236328,1567400,0.0,0.0
2013-07-10 00:00:00-04:00,9.829999923706055,10.380000114440918,9.779999732971191,10.279999732971191,542900,0.0,0.0
2013-07-11 00:00:00-04:00,10.5,10.59000015258789,10.149999618530273,10.229999542236328,491300,0.0,0.0
2013-07-12 00:00:00-04:00,10.170000076293945,10.5,10.119999885559082,10.199999809265137,282900,0.0,0.0
2013-07-15 00:00:00-04:00,10.550000190734863,12.199999809265137,10.430000305175781,12.029999732971191,1933600,0.0,0.0
2013-07-16 00:00:00-04:00,11.960000038146973,12.619999885559082,11.34000015258789,12.430000305175781,1353100,0.0,0.0
2013-07-17 00:00:00-04:00,12.350000381469727,12.779999732971191,11.9399995803833,12.600000381469727,580800,0.0,0.0
2013-07-18 00:00:00-04:00,12.550000190734863,12.9399995803833,12.15999984741211,12.180000305175781,455700,0.0,0.0
2013-07-19 00:00:00-04:00,12.0,12.399999618530273,11.649999618530273,12.3100004196167,346000,0.0,0.0
2013-07-22 00:00:00-04:00,12.520000457763672,13.760000228881836,12.5,13.609999656677246,893800,0.0,0.0
2013-07-23 00:00:00-04:00,13.859999656677246,14.199999809265137,13.010000228881836,13.149999618530273,918500,0.0,0.0
2013-07-24 00:00:00-04:00,13.25,13.59000015258789,13.010000228881836,13.079999923706055,478800,0.0,0.0
2013-07-25 00:00:00-04:00,12.890000343322754,13.350000381469727,12.34000015258789,13.300000190734863,493200,0.0,0.0
2013-07-26 00:00:00-04:00,12.819999694824219,13.3100004196167,12.739999771118164,12.890000343322754,349400,0.0,0.0
2013-07-29 00:00:00-04:00,13.5,14.25,13.199999809265137,13.84000015258789,927700,0.0,0.0
2013-07-30 00:00:00-04:00,14.140000343322754,14.329999923706055,13.65999984741211,13.789999961853027,514300,0.0,0.0
2013-07-31 00:00:00-04:00,13.899999618530273,14.789999961853027,13.899999618530273,14.579999923706055,609400,0.0,0.0
2013-08-01 00:00:00-04:00,14.800000190734863,15.050000190734863,14.109999656677246,14.289999961853027,525100,0.0,0.0
2013-08-02 00:00:00-04:00,14.399999618530273,14.699999809265137,13.430000305175781,13.550000190734863,473200,0.0,0.0
2013-08-05 00:00:00-04:00,13.600000381469727,14.479999542236328,13.600000381469727,14.140000343322754,503300,0.0,0.0
2013-08-06 00:00:00-04:00,14.25,14.5,12.5,12.979999542236328,829500,0.0,0.0
2013-08-07 00:00:00-04:00,12.869999885559082,13.5,12.420000076293945,12.470000267028809,991800,0.0,0.0
2013-08-08 00:00:00-04:00,13.390000343322754,13.470000267028809,12.510000228881836,12.539999961853027,636600,0.0,0.0
2013-08-09 00:00:00-04:00,12.5,13.140000343322754,12.0,12.90999984741211,644800,0.0,0.0
2013-08-12 00:00:00-04:00,12.890000343322754,14.039999961853027,12.829999923706055,13.8100004196167,773200,0.0,0.0
2013-08-13 00:00:00-04:00,14.0,14.550000190734863,13.550000190734863,13.550000190734863,927500,0.0,0.0
2013-08-14 00:00:00-04:00,15.170000076293945,15.619999885559082,14.050000190734863,14.210000038146973,2896600,0.0,0.0
2013-08-15 00:00:00-04:00,14.529999732971191,14.529999732971191,13.680000305175781,13.920000076293945,960800,0.0,0.0
2013-08-16 00:00:00-04:00,14.010000228881836,14.550000190734863,13.850000381469727,14.420000076293945,566600,0.0,0.0
2013-08-19 00:00:00-04:00,14.399999618530273,14.460000038146973,12.6899995803833,12.880000114440918,952400,0.0,0.0
2013-08-20 00:00:00-04:00,13.130000114440918,14.0,12.90999984741211,13.829999923706055,579400,0.0,0.0
2013-08-21 00:00:00-04:00,13.40999984741211,14.819999694824219,13.399999618530273,14.539999961853027,1473800,0.0,0.0
2013-08-22 00:00:00-04:00,14.800000190734863,14.949999809265137,13.930000305175781,14.65999984741211,866800,0.0,0.0
2013-08-23 00:00:00-04:00,14.789999961853027,14.949999809265137,14.40999984741211,14.649999618530273,376600,0.0,0.0
2013-08-26 00:00:00-04:00,14.850000381469727,15.880000114440918,14.819999694824219,14.960000038146973,1825000,0.0,0.0
2013-08-27 00:00:00-04:00,14.260000228881836,14.850000381469727,14.100000381469727,14.59000015258789,632000,0.0,0.0
2013-08-28 00:00:00-04:00,14.470000267028809,14.9399995803833,14.100000381469727,14.710000038146973,408500,0.0,0.0
2013-08-29 00:00:00-04:00,15.039999961853027,15.5,14.829999923706055,15.239999771118164,963400,0.0,0.0
2013-08-30 00:00:00-04:00,15.5600004196167,16.239999771118164,15.390000343322754,15.949999809265137,1202200,0.0,0.0
2013-09-03 00:00:00-04:00,16.479999542236328,18.450000762939453,16.010000228881836,18.270000457763672,2147700,0.0,0.0
2013-09-04 00:00:00-04:00,18.110000610351562,19.0,17.450000762939453,18.889999389648438,1629400,0.0,0.0
2013-09-05 00:00:00-04:00,19.0,19.520000457763672,18.559999465942383,18.8799991607666,890800,0.0,0.0
2013-09-06 00:00:00-04:00,18.790000915527344,18.799999237060547,17.75,18.389999389648438,1090400,0.0,0.0
2013-09-09 00:00:00-04:00,18.899999618530273,19.5,18.700000762939453,19.40999984741211,1054500,0.0,0.0
2013-09-10 00:00:00-04:00,19.899999618530273,20.059999465942383,18.8700008392334,19.149999618530273,956900,0.0,0.0
2013-09-11 00:00:00-04:00,19.100000381469727,19.530000686645508,18.399999618530273,18.6200008392334,722500,0.0,0.0
2013-09-12 00:00:00-04:00,18.59000015258789,18.68000030517578,17.079999923706055,17.969999313354492,1097200,0.0,0.0
2013-09-13 00:00:00-04:00,17.920000076293945,19.1299991607666,17.510000228881836,19.1299991607666,837000,0.0,0.0
2013-09-16 00:00:00-04:00,19.600000381469727,19.8700008392334,18.489999771118164,18.719999313354492,958300,0.0,0.0
2013-09-17 00:00:00-04:00,17.600000381469727,17.780000686645508,16.579999923706055,17.670000076293945,1947200,0.0,0.0
2013-09-18 00:00:00-04:00,17.709999084472656,17.950000762939453,16.899999618530273,17.18000030517578,1262900,0.0,0.0
2013-09-19 00:00:00-04:00,17.200000762939453,17.299999237060547,16.43000030517578,16.479999542236328,1645800,0.0,0.0
2013-09-20 00:00:00-04:00,17.270000457763672,18.899999618530273,17.010000228881836,17.360000610351562,6957900,0.0,0.0
2013-09-23 00:00:00-04:00,17.5,17.969999313354492,16.81999969482422,17.899999618530273,1304900,0.0,0.0
2013-09-24 00:00:00-04:00,17.850000381469727,19.350000381469727,17.799999237060547,18.780000686645508,1505100,0.0,0.0
2013-09-25 00:00:00-04:00,18.81999969482422,20.190000534057617,18.81999969482422,19.940000534057617,1779700,0.0,0.0
2013-09-26 00:00:00-04:00,20.43000030517578,21.850000381469727,20.200000762939453,21.3700008392334,2126500,0.0,0.0
2013-09-27 00:00:00-04:00,21.65999984741211,22.579999923706055,21.5,22.5,1374000,0.0,0.0
2013-09-30 00:00:00-04:00,21.940000534057617,23.399999618530273,21.780000686645508,22.549999237060547,1435500,0.0,0.0
2013-10-01 00:00:00-04:00,22.829999923706055,23.829999923706055,22.6200008392334,23.799999237060547,1471300,0.0,0.0
2013-10-02 00:00:00-04:00,23.649999618530273,24.200000762939453,22.780000686645508,24.149999618530273,1850300,0.0,0.0
2013-10-03 00:00:00-04:00,23.950000762939453,24.889999389648438,23.09000015258789,23.81999969482422,968900,0.0,0.0
2013-10-04 00:00:00-04:00,24.270000457763672,24.299999237060547,22.65999984741211,23.399999618530273,1446100,0.0,0.0
2013-10-07 00:00:00-04:00,23.229999542236328,23.75,22.920000076293945,23.18000030517578,922300,0.0,0.0
2013-10-08 00:00:00-04:00,23.420000076293945,23.979999542236328,20.770000457763672,21.8799991607666,2231300,0.0,0.0
2013-10-09 00:00:00-04:00,21.959999084472656,22.3799991607666,19.829999923706055,20.700000762939453,1791700,0.0,0.0
2013-10-10 00:00:00-04:00,21.549999237060547,22.690000534057617,21.43000030517578,22.40999984741211,1242700,0.0,0.0
2013-10-11 00:00:00-04:00,22.780000686645508,23.549999237060547,22.40999984741211,22.93000030517578,1055200,0.0,0.0
2013-10-14 00:00:00-04:00,22.229999542236328,23.139999389648438,21.780000686645508,22.84000015258789,789400,0.0,0.0
2013-10-15 00:00:00-04:00,23.18000030517578,23.979999542236328,22.440000534057617,22.75,1219400,0.0,0.0
2013-10-16 00:00:00-04:00,23.229999542236328,23.469999313354492,22.670000076293945,23.290000915527344,659900,0.0,0.0
2013-10-17 00:00:00-04:00,24.549999237060547,26.25,24.420000076293945,26.0,3243400,0.0,0.0
2013-10-18 00:00:00-04:00,26.8700008392334,26.8799991607666,26.010000228881836,26.200000762939453,1772900,0.0,0.0
2013-10-21 00:00:00-04:00,26.739999771118164,27.139999389648438,25.25,25.530000686645508,1945100,0.0,0.0
2013-10-22 00:00:00-04:00,25.8799991607666,26.739999771118164,23.90999984741211,26.670000076293945,2265800,0.0,0.0
2013-10-23 00:00:00-04:00,26.149999618530273,26.219999313354492,24.739999771118164,24.829999923706055,1363200,0.0,0.0
2013-10-24 00:00:00-04:00,25.329999923706055,26.25,24.920000076293945,25.389999389648438,1127400,0.0,0.0
2013-10-25 00:00:00-04:00,25.260000228881836,25.56999969482422,22.899999618530273,23.0,1893900,0.0,0.0
2013-10-28 00:00:00-04:00,23.43000030517578,23.459999084472656,19.059999465942383,20.15999984741211,4108800,0.0,0.0
2013-10-29 00:00:00-04:00,20.850000381469727,22.43000030517578,20.65999984741211,22.389999389648438,2081300,0.0,0.0
2013-10-30 00:00:00-04:00,23.219999313354492,24.18000030517578,21.190000534057617,21.68000030517578,2141400,0.0,0.0
2013-10-31 00:00:00-04:00,21.0,22.969999313354492,20.65999984741211,22.520000457763672,1315000,0.0,0.0
2013-11-01 00:00:00-04:00,23.299999237060547,23.84000015258789,22.729999542236328,23.59000015258789,1529300,0.0,0.0
2013-11-04 00:00:00-05:00,24.959999084472656,26.530000686645508,24.760000228881836,26.520000457763672,2359900,0.0,0.0
2013-11-05 00:00:00-05:00,26.75,26.8700008392334,25.110000610351562,25.860000610351562,1866900,0.0,0.0
2013-11-06 00:00:00-05:00,25.979999542236328,26.350000381469727,24.719999313354492,25.18000030517578,1183000,0.0,0.0
2013-11-07 00:00:00-05:00,24.59000015258789,24.850000381469727,23.049999237060547,23.360000610351562,1236800,0.0,0.0
2013-11-08 00:00:00-05:00,24.170000076293945,26.0,23.540000915527344,25.979999542236328,1281000,0.0,0.0
2013-11-11 00:00:00-05:00,26.299999237060547,29.389999389648438,25.579999923706055,28.93000030517578,3082200,0.0,0.0
2013-11-12 00:00:00-05:00,27.3700008392334,28.75,26.8799991607666,27.6200008392334,1569700,0.0,0.0
2013-11-13 00:00:00-05:00,28.299999237060547,29.540000915527344,28.1200008392334,29.190000534057617,1900400,0.0,0.0
2013-11-14 00:00:00-05:00,30.18000030517578,30.350000381469727,28.739999771118164,29.239999771118164,1318500,0.0,0.0
2013-11-15 00:00:00-05:00,29.920000076293945,29.920000076293945,29.0,29.5,1769600,0.0,0.0
2013-11-18 00:00:00-05:00,33.130001068115234,34.880001068115234,32.439998626708984,33.29999923706055,6037000,0.0,0.0
2013-11-19 00:00:00-05:00,33.7400016784668,34.29999923706055,30.829999923706055,31.1299991607666,3249800,0.0,0.0
2013-11-20 00:00:00-05:00,31.979999542236328,33.18000030517578,31.68000030517578,32.5099983215332,1739300,0.0,0.0
2013-11-21 00:00:00-05:00,32.90999984741211,33.97999954223633,32.0,33.72999954223633,1266400,0.0,0.0
2013-11-22 00:00:00-05:00,34.380001068115234,34.43000030517578,32.810001373291016,33.88999938964844,1219900,0.0,0.0
2013-11-25 00:00:00-05:00,34.349998474121094,34.349998474121094,30.59000015258789,30.600000381469727,2708400,0.0,0.0
2013-11-26 00:00:00-05:00,30.290000915527344,32.439998626708984,28.729999542236328,32.310001373291016,3341800,0.0,0.0
2013-11-27 00:00:00-05:00,32.599998474121094,32.779998779296875,31.170000076293945,31.59000015258789,1402600,0.0,0.0
2013-11-29 00:00:00-05:00,31.6200008392334,31.729999542236328,29.25,29.389999389648438,2194800,0.0,0.0
2013-12-02 00:00:00-05:00,29.739999771118164,31.100000381469727,29.600000381469727,30.440000534057617,1509100,0.0,0.0
2013-12-03 00:00:00-05:00,30.350000381469727,30.639999389648438,28.510000228881836,30.440000534057617,2115300,0.0,0.0
2013-12-04 00:00:00-05:00,29.709999084472656,31.299999237060547,29.6200008392334,30.90999984741211,1337400,0.0,0.0
2013-12-05 00:00:00-05:00,30.799999237060547,30.84000015258789,29.260000228881836,29.520000457763672,1139600,0.0,0.0
2013-12-06 00:00:00-05:00,29.950000762939453,30.059999465942383,27.690000534057617,27.8799991607666,1799200,0.0,0.0
2013-12-09 00:00:00-05:00,27.56999969482422,28.209999084472656,26.0,26.079999923706055,2699100,0.0,0.0
2013-12-10 00:00:00-05:00,25.3799991607666,27.799999237060547,25.350000381469727,27.360000610351562,2426400,0.0,0.0
2013-12-11 00:00:00-05:00,27.559999465942383,27.639999389648438,25.0,25.309999465942383,2015500,0.0,0.0
2013-12-12 00:00:00-05:00,24.93000030517578,26.610000610351562,24.93000030517578,25.809999465942383,1497600,0.0,0.0
2013-12-13 00:00:00-05:00,26.100000381469727,26.670000076293945,25.579999923706055,25.979999542236328,958900,0.0,0.0
2013-12-16 00:00:00-05:00,26.200000762939453,27.440000534057617,26.18000030517578,26.850000381469727,1198500,0.0,0.0
2013-12-17 00:00:00-05:00,26.959999084472656,29.389999389648438,26.6200008392334,29.360000610351562,1886100,0.0,0.0
2013-12-18 00:00:00-05:00,29.639999389648438,29.700000762939453,27.899999618530273,29.139999389648438,1788600,0.0,0.0
2013-12-19 00:00:00-05:00,29.059999465942383,29.969999313354492,28.81999969482422,29.360000610351562,1640300,0.0,0.0
2013-12-20 00:00:00-05:00,29.639999389648438,29.899999618530273,27.93000030517578,28.700000762939453,1291600,0.0,0.0
2013-12-23 00:00:00-05:00,28.989999771118164,29.040000915527344,28.229999542236328,28.309999465942383,668600,0.0,0.0
2013-12-24 00:00:00-05:00,28.229999542236328,28.489999771118164,27.5,27.579999923706055,550600,0.0,0.0
2013-12-26 00:00:00-05:00,27.729999542236328,29.0,27.729999542236328,28.25,904300,0.0,0.0
2013-12-27 00:00:00-05:00,28.950000762939453,29.649999618530273,28.639999389648438,29.18000030517578,1388200,0.0,0.0
2013-12-30 00:00:00-05:00,29.600000381469727,31.239999771118164,29.5,31.209999084472656,1845400,0.0,0.0
2013-12-31 00:00:00-05:00,31.309999465942383,31.469999313354492,29.049999237060547,29.299999237060547,1624200,0.0,0.0
2014-01-02 00:00:00-05:00,29.709999084472656,32.06999969482422,29.229999542236328,32.0099983215332,2387900,0.0,0.0
2014-01-03 00:00:00-05:00,31.719999313354492,32.97999954223633,31.200000762939453,32.540000915527344,1744300,0.0,0.0
2014-01-06 00:00:00-05:00,34.13999938964844,35.849998474121094,34.040000915527344,35.560001373291016,3339100,0.0,0.0
2014-01-07 00:00:00-05:00,36.040000915527344,37.630001068115234,35.06999969482422,36.47999954223633,3193100,0.0,0.0
2014-01-08 00:00:00-05:00,35.36000061035156,37.97999954223633,35.2400016784668,36.849998474121094,2268200,0.0,0.0
2014-01-09 00:00:00-05:00,37.0,37.0,34.54999923706055,34.779998779296875,2048900,0.0,0.0
2014-01-10 00:00:00-05:00,35.060001373291016,36.2599983215332,34.779998779296875,35.40999984741211,2185900,0.0,0.0
2014-01-13 00:00:00-05:00,36.31999969482422,36.400001525878906,32.65999984741211,33.13999938964844,2282100,0.0,0.0
2014-01-14 00:00:00-05:00,33.630001068115234,36.279998779296875,33.56999969482422,36.25,2700900,0.0,0.0
2014-01-15 00:00:00-05:00,35.900001525878906,37.4900016784668,35.5099983215332,36.2599983215332,3783800,0.0,0.0
2014-01-16 00:00:00-05:00,36.540000915527344,37.25,35.20000076293945,35.38999938964844,5495300,0.0,0.0
2014-01-17 00:00:00-05:00,35.77000045776367,36.58000183105469,34.7400016784668,35.400001525878906,2386000,0.0,0.0
2014-01-21 00:00:00-05:00,36.130001068115234,36.349998474121094,33.810001373291016,34.380001068115234,2601900,0.0,0.0
2014-01-22 00:00:00-05:00,34.529998779296875,35.779998779296875,34.0099983215332,35.43000030517578,1585500,0.0,0.0
2014-01-23 00:00:00-05:00,34.11000061035156,34.5,32.900001525878906,33.79999923706055,2585200,0.0,0.0
2014-01-24 00:00:00-05:00,32.38999938964844,32.38999938964844,29.600000381469727,29.700000762939453,4518200,0.0,0.0
2014-01-27 00:00:00-05:00,28.059999465942383,30.489999771118164,27.920000076293945,29.100000381469727,3063900,0.0,0.0
2014-01-28 00:00:00-05:00,30.290000915527344,31.399999618530273,30.290000915527344,30.84000015258789,2021300,0.0,0.0
2014-01-29 00:00:00-05:00,29.899999618530273,30.6299991607666,28.809999465942383,29.440000534057617,2169700,0.0,0.0
2014-01-30 00:00:00-05:00,30.299999237060547,30.739999771118164,29.649999618530273,30.34000015258789,1352300,0.0,0.0
2014-01-31 00:00:00-05:00,29.06999969482422,30.200000762939453,28.940000534057617,29.149999618530273,1227300,0.0,0.0
2014-02-03 00:00:00-05:00,29.110000610351562,29.989999771118164,26.530000686645508,27.34000015258789,2012100,0.0,0.0
2014-02-04 00:00:00-05:00,27.979999542236328,28.299999237060547,27.299999237060547,27.84000015258789,919700,0.0,0.0
2014-02-05 00:00:00-05:00,28.100000381469727,28.110000610351562,25.450000762939453,27.219999313354492,1583900,0.0,0.0
2014-02-06 00:00:00-05:00,27.90999984741211,29.3799991607666,26.719999313354492,26.84000015258789,1808200,0.0,0.0
2014-02-07 00:00:00-05:00,27.229999542236328,28.56999969482422,26.84000015258789,28.15999984741211,2065800,0.0,0.0
2014-02-10 00:00:00-05:00,28.389999389648438,29.540000915527344,28.389999389648438,29.350000381469727,1456300,0.0,0.0
2014-02-11 00:00:00-05:00,30.219999313354492,30.56999969482422,29.219999313354492,29.420000076293945,2343600,0.0,0.0
2014-02-12 00:00:00-05:00,30.110000610351562,30.600000381469727,29.649999618530273,29.979999542236328,1965000,0.0,0.0
2014-02-13 00:00:00-05:00,28.780000686645508,31.40999984741211,28.649999618530273,31.149999618530273,2055700,0.0,0.0
2014-02-14 00:00:00-05:00,31.239999771118164,31.549999237060547,29.40999984741211,30.030000686645508,2368700,0.0,0.0
2014-02-18 00:00:00-05:00,30.639999389648438,31.979999542236328,30.559999465942383,31.6299991607666,1998500,0.0,0.0
2014-02-19 00:00:00-05:00,31.600000381469727,32.099998474121094,30.25,30.719999313354492,1708200,0.0,0.0
2014-02-20 00:00:00-05:00,30.600000381469727,31.200000762939453,30.0,30.959999084472656,2134200,0.0,0.0
2014-02-21 00:00:00-05:00,30.989999771118164,31.59000015258789,29.059999465942383,29.43000030517578,2675400,0.0,0.0
2014-02-24 00:00:00-05:00,30.479999542236328,30.600000381469727,29.700000762939453,30.479999542236328,1561000,0.0,0.0
2014-02-25 00:00:00-05:00,30.489999771118164,30.760000228881836,29.610000610351562,29.940000534057617,1065300,0.0,0.0
2014-02-26 00:00:00-05:00,29.799999237060547,31.450000762939453,29.75,30.59000015258789,1714700,0.0,0.0
2014-02-27 00:00:00-05:00,31.0,31.760000228881836,30.610000610351562,30.809999465942383,1916500,0.0,0.0
2014-02-28 00:00:00-05:00,31.420000076293945,32.79999923706055,30.860000610351562,32.720001220703125,4710000,0.0,0.0
2014-03-03 00:00:00-05:00,33.5099983215332,33.560001373291016,30.3799991607666,30.719999313354492,7006100,0.0,0.0
2014-03-04 00:00:00-05:00,32.279998779296875,36.09000015258789,32.20000076293945,35.95000076293945,7077600,0.0,0.0
2014-03-05 00:00:00-05:00,35.43000030517578,36.2400016784668,33.400001525878906,34.93000030517578,3998200,0.0,0.0
2014-03-06 00:00:00-05:00,35.099998474121094,37.47999954223633,35.08000183105469,36.619998931884766,4435100,0.0,0.0
2014-03-07 00:00:00-05:00,36.72999954223633,37.400001525878906,35.66999816894531,35.9900016784668,2057400,0.0,0.0
2014-03-10 00:00:00-04:00,35.029998779296875,35.630001068115234,33.33000183105469,33.709999084472656,2681700,0.0,0.0
2014-03-11 00:00:00-04:00,33.709999084472656,34.400001525878906,31.649999618530273,32.459999084472656,2897500,0.0,0.0
2014-03-12 00:00:00-04:00,31.360000610351562,33.59000015258789,31.25,32.599998474121094,2009000,0.0,0.0
2014-03-13 00:00:00-04:00,33.16999816894531,33.279998779296875,30.760000228881836,31.43000030517578,1890800,0.0,0.0
2014-03-14 00:00:00-04:00,30.690000534057617,31.389999389648438,30.030000686645508,30.399999618530273,1848900,0.0,0.0
2014-03-17 00:00:00-04:00,31.8700008392334,32.060001373291016,30.489999771118164,31.299999237060547,1756900,0.0,0.0
2014-03-18 00:00:00-04:00,31.5,33.97999954223633,31.100000381469727,33.95000076293945,2888600,0.0,0.0
2014-03-19 00:00:00-04:00,33.709999084472656,34.93000030517578,33.52000045776367,33.90999984741211,1536700,0.0,0.0
2014-03-20 00:00:00-04:00,34.31999969482422,34.939998626708984,32.709999084472656,33.06999969482422,1627500,0.0,0.0
2014-03-21 00:00:00-04:00,33.939998626708984,33.939998626708984,31.360000610351562,31.520000457763672,2240900,0.0,0.0
2014-03-24 00:00:00-04:00,32.11000061035156,32.130001068115234,28.989999771118164,29.459999084472656,2805500,0.0,0.0
2014-03-25 00:00:00-04:00,30.040000915527344,30.489999771118164,28.530000686645508,29.06999969482422,2499500,0.0,0.0
2014-03-26 00:00:00-04:00,29.549999237060547,29.600000381469727,26.649999618530273,26.739999771118164,3371600,0.0,0.0
2014-03-27 00:00:00-04:00,27.020000457763672,27.8799991607666,26.010000228881836,27.219999313354492,2220500,0.0,0.0
2014-03-28 00:00:00-04:00,28.350000381469727,29.0,27.760000228881836,28.290000915527344,2148200,0.0,0.0
2014-03-31 00:00:00-04:00,28.6200008392334,29.389999389648438,27.280000686645508,27.950000762939453,2190800,0.0,0.0
2014-04-01 00:00:00-04:00,28.219999313354492,31.440000534057617,28.219999313354492,31.239999771118164,2977900,0.0,0.0
2014-04-02 00:00:00-04:00,31.299999237060547,32.279998779296875,30.579999923706055,32.0,2105800,0.0,0.0
2014-04-03 00:00:00-04:00,32.2400016784668,32.91999816894531,30.450000762939453,30.829999923706055,2591900,0.0,0.0
2014-04-04 00:00:00-04:00,31.299999237060547,31.969999313354492,29.170000076293945,29.989999771118164,2067900,0.0,0.0
2014-04-07 00:00:00-04:00,28.790000915527344,30.440000534057617,26.799999237060547,27.299999237060547,3314400,0.0,0.0
2014-04-08 00:00:00-04:00,28.549999237060547,29.399999618530273,28.270000457763672,29.0,2304500,0.0,0.0
2014-04-09 00:00:00-04:00,29.459999084472656,30.06999969482422,28.649999618530273,30.059999465942383,1613000,0.0,0.0
2014-04-10 00:00:00-04:00,29.899999618530273,30.100000381469727,27.219999313354492,27.639999389648438,2995100,0.0,0.0
2014-04-11 00:00:00-04:00,26.719999313354492,27.860000610351562,25.34000015258789,25.43000030517578,3605500,0.0,0.0
2014-04-14 00:00:00-04:00,25.139999389648438,26.940000534057617,25.139999389648438,25.8700008392334,2601400,0.0,0.0
2014-04-15 00:00:00-04:00,25.90999984741211,26.649999618530273,23.420000076293945,25.75,3360400,0.0,0.0
2014-04-16 00:00:00-04:00,26.360000610351562,27.440000534057617,25.40999984741211,27.350000381469727,1838800,0.0,0.0
2014-04-17 00:00:00-04:00,27.030000686645508,28.149999618530273,26.559999465942383,27.1200008392334,1481100,0.0,0.0
2014-04-21 00:00:00-04:00,27.149999618530273,27.780000686645508,26.639999389648438,27.780000686645508,1374600,0.0,0.0
2014-04-22 00:00:00-04:00,28.389999389648438,29.979999542236328,27.81999969482422,29.979999542236328,2892200,0.0,0.0
2014-04-23 00:00:00-04:00,29.959999084472656,30.469999313354492,29.360000610351562,29.8700008392334,2038600,0.0,0.0
2014-04-24 00:00:00-04:00,30.3700008392334,31.0,28.959999084472656,30.799999237060547,2641500,0.0,0.0
2014-04-25 00:00:00-04:00,29.360000610351562,30.399999618530273,29.0,29.520000457763672,2457400,0.0,0.0
2014-04-28 00:00:00-04:00,29.809999465942383,29.850000381469727,26.020000457763672,26.760000228881836,3160800,0.0,0.0
2014-04-29 00:00:00-04:00,27.15999984741211,27.690000534057617,26.360000610351562,27.040000915527344,1354000,0.0,0.0
2014-04-30 00:00:00-04:00,26.8799991607666,26.989999771118164,26.100000381469727,26.899999618530273,1326900,0.0,0.0
2014-05-01 00:00:00-04:00,26.780000686645508,28.709999084472656,26.639999389648438,27.350000381469727,1489200,0.0,0.0
2014-05-02 00:00:00-04:00,27.829999923706055,28.329999923706055,27.399999618530273,27.940000534057617,1370600,0.0,0.0
2014-05-05 00:00:00-04:00,27.299999237060547,27.940000534057617,27.049999237060547,27.360000610351562,1266000,0.0,0.0
2014-05-06 00:00:00-04:00,28.020000457763672,29.09000015258789,27.549999237060547,27.6299991607666,1689700,0.0,0.0
2014-05-07 00:00:00-04:00,28.43000030517578,28.729999542236328,26.139999389648438,27.299999237060547,1674700,0.0,0.0
2014-05-08 00:00:00-04:00,27.520000457763672,27.690000534057617,25.299999237060547,25.540000915527344,1942500,0.0,0.0
2014-05-09 00:00:00-04:00,25.600000381469727,26.309999465942383,25.309999465942383,26.15999984741211,1272200,0.0,0.0
2014-05-12 00:00:00-04:00,26.950000762939453,27.959999084472656,26.6200008392334,27.829999923706055,1808000,0.0,0.0
2014-05-13 00:00:00-04:00,28.100000381469727,28.399999618530273,26.829999923706055,26.979999542236328,1387400,0.0,0.0
2014-05-14 00:00:00-04:00,27.010000228881836,27.31999969482422,26.18000030517578,26.260000228881836,1327800,0.0,0.0
2014-05-15 00:00:00-04:00,26.190000534057617,26.260000228881836,23.530000686645508,23.850000381469727,3655500,0.0,0.0
2014-05-16 00:00:00-04:00,23.450000762939453,23.899999618530273,22.190000534057617,22.989999771118164,3055100,0.0,0.0
2014-05-19 00:00:00-04:00,23.8700008392334,24.0,22.950000762939453,23.09000015258789,1555500,0.0,0.0
2014-05-20 00:00:00-04:00,23.049999237060547,23.100000381469727,22.030000686645508,22.3700008392334,1350300,0.0,0.0
2014-05-21 00:00:00-04:00,23.1299991607666,24.799999237060547,22.81999969482422,24.700000762939453,3466600,0.0,0.0
2014-05-22 00:00:00-04:00,25.200000762939453,26.0,24.809999465942383,24.90999984741211,2529800,0.0,0.0
2014-05-23 00:00:00-04:00,25.200000762939453,25.950000762939453,24.209999084472656,25.860000610351562,2612300,0.0,0.0
2014-05-27 00:00:00-04:00,24.149999618530273,25.920000076293945,24.09000015258789,25.079999923706055,4971600,0.0,0.0
2014-05-28 00:00:00-04:00,24.649999618530273,26.5,24.0,26.209999084472656,1938400,0.0,0.0
2014-05-29 00:00:00-04:00,26.280000686645508,29.209999084472656,26.280000686645508,29.209999084472656,3681000,0.0,0.0
2014-05-30 00:00:00-04:00,28.84000015258789,29.0,27.540000915527344,28.030000686645508,2281900,0.0,0.0
2014-06-02 00:00:00-04:00,28.6299991607666,28.75,27.31999969482422,28.200000762939453,964700,0.0,0.0
2014-06-03 00:00:00-04:00,27.690000534057617,27.81999969482422,26.719999313354492,27.020000457763672,1379100,0.0,0.0
2014-06-04 00:00:00-04:00,24.850000381469727,26.200000762939453,24.1299991607666,24.989999771118164,3857000,0.0,0.0
2014-06-05 00:00:00-04:00,25.40999984741211,25.729999542236328,24.690000534057617,24.700000762939453,1235000,0.0,0.0
2014-06-06 00:00:00-04:00,25.1299991607666,25.68000030517578,24.350000381469727,24.469999313354492,1286400,0.0,0.0
2014-06-09 00:00:00-04:00,24.56999969482422,25.700000762939453,24.049999237060547,24.93000030517578,1328800,0.0,0.0
2014-06-10 00:00:00-04:00,25.100000381469727,25.610000610351562,24.6299991607666,24.940000534057617,850400,0.0,0.0
2014-06-11 00:00:00-04:00,24.520000457763672,25.700000762939453,24.440000534057617,25.1299991607666,681100,0.0,0.0
2014-06-12 00:00:00-04:00,25.15999984741211,26.200000762939453,24.90999984741211,25.75,1863300,0.0,0.0
2014-06-13 00:00:00-04:00,25.75,26.399999618530273,25.299999237060547,26.389999389648438,856400,0.0,0.0
2014-06-16 00:00:00-04:00,26.31999969482422,27.170000076293945,26.040000915527344,26.68000030517578,1602500,0.0,0.0
2014-06-17 00:00:00-04:00,27.1200008392334,28.600000381469727,26.530000686645508,28.489999771118164,2362000,0.0,0.0
2014-06-18 00:00:00-04:00,28.079999923706055,28.799999237060547,27.68000030517578,28.31999969482422,1534100,0.0,0.0
2014-06-19 00:00:00-04:00,28.31999969482422,28.420000076293945,27.079999923706055,27.809999465942383,2137000,0.0,0.0
2014-06-20 00:00:00-04:00,27.93000030517578,29.610000610351562,27.799999237060547,29.610000610351562,2735300,0.0,0.0
2014-06-23 00:00:00-04:00,29.549999237060547,29.739999771118164,28.6200008392334,29.520000457763672,1467400,0.0,0.0
2014-06-24 00:00:00-04:00,29.450000762939453,30.84000015258789,28.889999389648438,29.1299991607666,2167800,0.0,0.0
2014-06-25 00:00:00-04:00,28.889999389648438,30.0,28.780000686645508,29.84000015258789,834500,0.0,0.0
2014-06-26 00:00:00-04:00,30.09000015258789,30.639999389648438,29.8799991607666,30.360000610351562,867800,0.0,0.0
2014-06-27 00:00:00-04:00,30.18000030517578,30.530000686645508,29.43000030517578,29.729999542236328,1157600,0.0,0.0
2014-06-30 00:00:00-04:00,29.899999618530273,30.780000686645508,29.43000030517578,30.170000076293945,1394300,0.0,0.0
2014-07-01 00:00:00-04:00,30.40999984741211,30.68000030517578,29.75,30.079999923706055,874400,0.0,0.0
2014-07-02 00:00:00-04:00,30.559999465942383,30.920000076293945,29.760000228881836,29.93000030517578,1014700,0.0,0.0
2014-07-03 00:00:00-04:00,30.0,30.09000015258789,29.309999465942383,30.010000228881836,665700,0.0,0.0
2014-07-07 00:00:00-04:00,30.1200008392334,30.93000030517578,29.219999313354492,29.610000610351562,1484200,0.0,0.0
2014-07-08 00:00:00-04:00,29.34000015258789,29.420000076293945,26.959999084472656,26.989999771118164,2298200,0.0,0.0
2014-07-09 00:00:00-04:00,27.31999969482422,27.65999984741211,26.5,26.700000762939453,1608300,0.0,0.0
2014-07-10 00:00:00-04:00,25.149999618530273,26.850000381469727,24.75,26.219999313354492,2078900,0.0,0.0
2014-07-11 00:00:00-04:00,26.219999313354492,26.799999237060547,25.760000228881836,26.6200008392334,1176700,0.0,0.0
2014-07-14 00:00:00-04:00,27.299999237060547,27.850000381469727,26.59000015258789,27.25,1682700,0.0,0.0
2014-07-15 00:00:00-04:00,27.700000762939453,28.040000915527344,26.889999389648438,27.65999984741211,981600,0.0,0.0
2014-07-16 00:00:00-04:00,28.170000076293945,28.75,27.65999984741211,27.770000457763672,1366000,0.0,0.0
2014-07-17 00:00:00-04:00,27.440000534057617,27.90999984741211,25.799999237060547,26.030000686645508,1446500,0.0,0.0
2014-07-18 00:00:00-04:00,26.299999237060547,27.1299991607666,26.190000534057617,26.75,977600,0.0,0.0
2014-07-21 00:00:00-04:00,26.270000457763672,27.010000228881836,25.649999618530273,26.989999771118164,1576500,0.0,0.0
2014-07-22 00:00:00-04:00,27.270000457763672,27.389999389648438,26.18000030517578,26.219999313354492,1429800,0.0,0.0
2014-07-23 00:00:00-04:00,26.200000762939453,26.360000610351562,25.360000610351562,25.389999389648438,1320900,0.0,0.0
2014-07-24 00:00:00-04:00,25.649999618530273,25.8799991607666,25.049999237060547,25.299999237060547,1147100,0.0,0.0
2014-07-25 00:00:00-04:00,25.100000381469727,25.8799991607666,24.8700008392334,25.850000381469727,1276900,0.0,0.0
2014-07-28 00:00:00-04:00,24.860000610351562,27.68000030517578,24.799999237060547,27.510000228881836,4209900,0.0,0.0
2014-07-29 00:00:00-04:00,27.299999237060547,28.200000762939453,26.520000457763672,26.56999969482422,2342400,0.0,0.0
2014-07-30 00:00:00-04:00,27.549999237060547,27.799999237060547,26.15999984741211,26.25,2839000,0.0,0.0
2014-07-31 00:00:00-04:00,26.149999618530273,26.299999237060547,24.65999984741211,24.760000228881836,1905300,0.0,0.0
2014-08-01 00:00:00-04:00,24.700000762939453,24.860000610351562,23.040000915527344,23.93000030517578,2068300,0.0,0.0
2014-08-04 00:00:00-04:00,24.0,24.600000381469727,23.25,23.68000030517578,1866100,0.0,0.0
2014-08-05 00:00:00-04:00,23.989999771118164,25.790000915527344,23.81999969482422,25.3700008392334,3086800,0.0,0.0
2014-08-06 00:00:00-04:00,24.920000076293945,25.989999771118164,24.6299991607666,25.420000076293945,1731100,0.0,0.0
2014-08-07 00:00:00-04:00,25.899999618530273,26.350000381469727,25.34000015258789,25.799999237060547,1700000,0.0,0.0
2014-08-08 00:00:00-04:00,25.649999618530273,25.790000915527344,25.0,25.3799991607666,745900,0.0,0.0
2014-08-11 00:00:00-04:00,25.530000686645508,26.239999771118164,25.420000076293945,25.760000228881836,1001700,0.0,0.0
2014-08-12 00:00:00-04:00,25.809999465942383,25.829999923706055,24.75,25.06999969482422,1367100,0.0,0.0
2014-08-13 00:00:00-04:00,26.0,27.399999618530273,25.329999923706055,27.31999969482422,3754000,0.0,0.0
2014-08-14 00:00:00-04:00,26.959999084472656,27.84000015258789,26.329999923706055,27.5,1852200,0.0,0.0
2014-08-15 00:00:00-04:00,27.850000381469727,28.239999771118164,27.149999618530273,27.81999969482422,2798000,0.0,0.0
2014-08-18 00:00:00-04:00,28.0,28.59000015258789,26.65999984741211,27.3799991607666,4755300,0.0,0.0
2014-08-19 00:00:00-04:00,27.68000030517578,28.270000457763672,27.399999618530273,28.010000228881836,1976000,0.0,0.0
2014-08-20 00:00:00-04:00,27.75,28.829999923706055,27.489999771118164,28.459999084472656,2426700,0.0,0.0
2014-08-21 00:00:00-04:00,28.540000915527344,29.149999618530273,27.739999771118164,28.84000015258789,2837400,0.0,0.0
2014-08-22 00:00:00-04:00,28.43000030517578,29.1299991607666,28.260000228881836,29.100000381469727,1301500,0.0,0.0
2014-08-25 00:00:00-04:00,29.389999389648438,29.989999771118164,29.079999923706055,29.1200008392334,1372700,0.0,0.0
2014-08-26 00:00:00-04:00,28.549999237060547,29.389999389648438,28.479999542236328,29.239999771118164,1215500,0.0,0.0
2014-08-27 00:00:00-04:00,29.09000015258789,29.489999771118164,28.639999389648438,29.299999237060547,967900,0.0,0.0
2014-08-28 00:00:00-04:00,28.829999923706055,29.399999618530273,28.649999618530273,29.010000228881836,908200,0.0,0.0
2014-08-29 00:00:00-04:00,29.059999465942383,29.270000457763672,28.520000457763672,29.219999313354492,892200,0.0,0.0
2014-09-02 00:00:00-04:00,29.270000457763672,29.899999618530273,27.950000762939453,29.56999969482422,1931700,0.0,0.0
2014-09-03 00:00:00-04:00,29.979999542236328,31.399999618530273,29.940000534057617,31.360000610351562,4517900,0.0,0.0
2014-09-04 00:00:00-04:00,31.350000381469727,32.970001220703125,30.65999984741211,30.739999771118164,3962900,0.0,0.0
2014-09-05 00:00:00-04:00,31.200000762939453,32.95000076293945,30.809999465942383,32.66999816894531,2658400,0.0,0.0
2014-09-08 00:00:00-04:00,33.029998779296875,34.189998626708984,32.630001068115234,33.279998779296875,2116100,0.0,0.0
2014-09-09 00:00:00-04:00,33.29999923706055,33.43000030517578,31.59000015258789,31.809999465942383,1525200,0.0,0.0
2014-09-10 00:00:00-04:00,32.0,33.5,31.329999923706055,33.5,1927600,0.0,0.0
2014-09-11 00:00:00-04:00,32.86000061035156,33.5099983215332,32.380001068115234,33.45000076293945,1517900,0.0,0.0
2014-09-12 00:00:00-04:00,33.29999923706055,33.970001220703125,32.9900016784668,33.279998779296875,2001200,0.0,0.0
2014-09-15 00:00:00-04:00,33.43000030517578,33.470001220703125,31.510000228881836,31.93000030517578,1829500,0.0,0.0
2014-09-16 00:00:00-04:00,31.5,32.060001373291016,30.709999084472656,31.770000457763672,1658900,0.0,0.0
2014-09-17 00:00:00-04:00,32.5,33.75,32.5,33.0,2138100,0.0,0.0
2014-09-18 00:00:00-04:00,33.22999954223633,34.77000045776367,32.560001373291016,32.65999984741211,2433200,0.0,0.0
2014-09-19 00:00:00-04:00,32.79999923706055,32.97999954223633,31.899999618530273,32.22999954223633,1981300,0.0,0.0
2014-09-22 00:00:00-04:00,32.0,32.150001525878906,30.18000030517578,30.209999084472656,2307300,0.0,0.0
2014-09-23 00:00:00-04:00,30.219999313354492,31.350000381469727,30.079999923706055,30.309999465942383,1720400,0.0,0.0
2014-09-24 00:00:00-04:00,31.040000915527344,31.34000015258789,30.190000534057617,30.25,1909600,0.0,0.0
2014-09-25 00:00:00-04:00,30.229999542236328,30.5,28.809999465942383,28.969999313354492,2335400,0.0,0.0
2014-09-26 00:00:00-04:00,28.979999542236328,30.309999465942383,28.700000762939453,30.239999771118164,2919400,0.0,0.0
2014-09-29 00:00:00-04:00,29.299999237060547,30.299999237060547,29.0,29.170000076293945,1539200,0.0,0.0
2014-09-30 00:00:00-04:00,29.43000030517578,29.459999084472656,27.290000915527344,27.489999771118164,3279000,0.0,0.0
2014-10-01 00:00:00-04:00,27.56999969482422,27.68000030517578,25.8799991607666,25.979999542236328,2463700,0.0,0.0
2014-10-02 00:00:00-04:00,25.969999313354492,27.139999389648438,25.649999618530273,26.860000610351562,2040900,0.0,0.0
2014-10-03 00:00:00-04:00,27.040000915527344,27.8799991607666,26.399999618530273,26.59000015258789,1797200,0.0,0.0
2014-10-06 00:00:00-04:00,26.770000457763672,26.8700008392334,24.860000610351562,25.899999618530273,2972400,0.0,0.0
2014-10-07 00:00:00-04:00,25.639999389648438,26.3799991607666,25.079999923706055,25.549999237060547,1840800,0.0,0.0
2014-10-08 00:00:00-04:00,25.479999542236328,26.43000030517578,24.489999771118164,26.25,2635200,0.0,0.0
2014-10-09 00:00:00-04:00,26.100000381469727,26.309999465942383,23.690000534057617,23.709999084472656,2840300,0.0,0.0
2014-10-10 00:00:00-04:00,23.5,24.18000030517578,22.1299991607666,22.84000015258789,3280900,0.0,0.0
2014-10-13 00:00:00-04:00,23.0,23.489999771118164,21.229999542236328,21.31999969482422,2464200,0.0,0.0
2014-10-14 00:00:00-04:00,21.600000381469727,21.969999313354492,19.93000030517578,20.290000915527344,4161200,0.0,0.0
2014-10-15 00:00:00-04:00,20.030000686645508,22.0,19.420000076293945,21.84000015258789,3242100,0.0,0.0
2014-10-16 00:00:00-04:00,21.420000076293945,23.420000076293945,21.010000228881836,22.780000686645508,2944600,0.0,0.0
2014-10-17 00:00:00-04:00,23.700000762939453,24.469999313354492,22.239999771118164,22.56999969482422,2304600,0.0,0.0
2014-10-20 00:00:00-04:00,22.260000228881836,23.530000686645508,22.040000915527344,23.3799991607666,2153900,0.0,0.0
2014-10-21 00:00:00-04:00,24.020000457763672,24.700000762939453,23.270000457763672,24.09000015258789,2902400,0.0,0.0
2014-10-22 00:00:00-04:00,24.0,24.31999969482422,22.719999313354492,22.81999969482422,2206900,0.0,0.0
2014-10-23 00:00:00-04:00,23.06999969482422,23.6299991607666,22.520000457763672,23.350000381469727,1950500,0.0,0.0
2014-10-24 00:00:00-04:00,23.0,23.75,22.93000030517578,23.229999542236328,1133300,0.0,0.0
2014-10-27 00:00:00-04:00,22.950000762939453,23.020000457763672,22.190000534057617,22.709999084472656,1893800,0.0,0.0
2014-10-28 00:00:00-04:00,22.899999618530273,23.899999618530273,22.770000457763672,23.59000015258789,1478200,0.0,0.0
2014-10-29 00:00:00-04:00,23.56999969482422,23.56999969482422,22.719999313354492,23.399999618530273,1179400,0.0,0.0
2014-10-30 00:00:00-04:00,23.049999237060547,23.600000381469727,22.56999969482422,23.059999465942383,1040900,0.0,0.0
2014-10-31 00:00:00-04:00,23.40999984741211,24.700000762939453,23.270000457763672,24.670000076293945,2025100,0.0,0.0
2014-11-03 00:00:00-05:00,24.600000381469727,25.200000762939453,24.020000457763672,24.209999084472656,1577000,0.0,0.0
2014-11-04 00:00:00-05:00,23.729999542236328,24.520000457763672,23.59000015258789,23.760000228881836,1060500,0.0,0.0
2014-11-05 00:00:00-05:00,24.209999084472656,24.299999237060547,22.469999313354492,22.860000610351562,1369800,0.0,0.0
2014-11-06 00:00:00-05:00,22.959999084472656,23.989999771118164,22.93000030517578,23.360000610351562,1120900,0.0,0.0
2014-11-07 00:00:00-05:00,23.0,23.549999237060547,22.549999237060547,23.239999771118164,1082300,0.0,0.0
2014-11-10 00:00:00-05:00,23.239999771118164,23.920000076293945,22.889999389648438,23.739999771118164,1307200,0.0,0.0
2014-11-11 00:00:00-05:00,23.709999084472656,23.8799991607666,23.059999465942383,23.40999984741211,1088700,0.0,0.0
2014-11-12 00:00:00-05:00,23.969999313354492,24.0,22.059999465942383,22.270000457763672,1773500,0.0,0.0
2014-11-13 00:00:00-05:00,22.079999923706055,22.200000762939453,20.700000762939453,21.25,2937300,0.0,0.0
2014-11-14 00:00:00-05:00,21.040000915527344,22.09000015258789,20.739999771118164,21.969999313354492,1752700,0.0,0.0
2014-11-17 00:00:00-05:00,21.770000457763672,21.90999984741211,20.5,20.920000076293945,1977300,0.0,0.0
2014-11-18 00:00:00-05:00,21.520000457763672,22.40999984741211,21.520000457763672,22.200000762939453,2604400,0.0,0.0
2014-11-19 00:00:00-05:00,22.399999618530273,23.90999984741211,22.049999237060547,23.530000686645508,3047700,0.0,0.0
2014-11-20 00:00:00-05:00,23.030000686645508,23.09000015258789,21.8700008392334,22.860000610351562,4445800,0.0,0.0
2014-11-21 00:00:00-05:00,23.389999389648438,25.479999542236328,23.389999389648438,25.09000015258789,3591300,0.0,0.0
2014-11-24 00:00:00-05:00,25.270000457763672,25.56999969482422,24.34000015258789,24.81999969482422,1995800,0.0,0.0
2014-11-25 00:00:00-05:00,24.940000534057617,25.079999923706055,24.43000030517578,24.6299991607666,1065100,0.0,0.0
2014-11-26 00:00:00-05:00,24.75,25.0,24.420000076293945,24.760000228881836,973600,0.0,0.0
2014-11-28 00:00:00-05:00,24.299999237060547,24.299999237060547,22.799999237060547,22.889999389648438,1039400,0.0,0.0
2014-12-01 00:00:00-05:00,22.860000610351562,22.8799991607666,20.950000762939453,21.3799991607666,2136000,0.0,0.0
2014-12-02 00:00:00-05:00,21.559999465942383,22.600000381469727,21.540000915527344,21.860000610351562,1415600,0.0,0.0
2014-12-03 00:00:00-05:00,22.139999389648438,22.790000915527344,22.020000457763672,22.68000030517578,1094700,0.0,0.0
2014-12-04 00:00:00-05:00,22.860000610351562,23.479999542236328,22.309999465942383,22.65999984741211,1208500,0.0,0.0
2014-12-05 00:00:00-05:00,22.989999771118164,23.56999969482422,22.850000381469727,23.450000762939453,1045200,0.0,0.0
2014-12-08 00:00:00-05:00,23.200000762939453,23.479999542236328,21.420000076293945,21.520000457763672,1586700,0.0,0.0
2014-12-09 00:00:00-05:00,21.299999237060547,21.459999084472656,20.110000610351562,21.190000534057617,3268900,0.0,0.0
2014-12-10 00:00:00-05:00,21.170000076293945,21.549999237060547,20.15999984741211,20.309999465942383,1412000,0.0,0.0
2014-12-11 00:00:00-05:00,20.520000457763672,20.969999313354492,20.110000610351562,20.280000686645508,934100,0.0,0.0
2014-12-12 00:00:00-05:00,20.1200008392334,20.489999771118164,19.450000762939453,19.59000015258789,1821300,0.0,0.0
2014-12-15 00:00:00-05:00,19.829999923706055,20.149999618530273,18.610000610351562,18.6200008392334,1597700,0.0,0.0
2014-12-16 00:00:00-05:00,18.170000076293945,19.329999923706055,17.68000030517578,17.739999771118164,1806200,0.0,0.0
2014-12-17 00:00:00-05:00,17.600000381469727,18.18000030517578,16.829999923706055,17.829999923706055,2351900,0.0,0.0
2014-12-18 00:00:00-05:00,18.65999984741211,18.719999313354492,17.719999313354492,18.149999618530273,1483800,0.0,0.0
2014-12-19 00:00:00-05:00,18.350000381469727,19.110000610351562,18.299999237060547,19.110000610351562,1786100,0.0,0.0
2014-12-22 00:00:00-05:00,19.260000228881836,19.309999465942383,18.719999313354492,19.049999237060547,940000,0.0,0.0
2014-12-23 00:00:00-05:00,19.239999771118164,19.25,18.65999984741211,18.989999771118164,703500,0.0,0.0
2014-12-24 00:00:00-05:00,18.81999969482422,19.229999542236328,18.639999389648438,18.799999237060547,617200,0.0,0.0
2014-12-26 00:00:00-05:00,18.959999084472656,19.920000076293945,18.959999084472656,19.610000610351562,687400,0.0,0.0
2014-12-29 00:00:00-05:00,19.579999923706055,20.18000030517578,19.0,19.260000228881836,942600,0.0,0.0
2014-12-30 00:00:00-05:00,19.110000610351562,19.350000381469727,18.850000381469727,19.059999465942383,1034700,0.0,0.0
2014-12-31 00:00:00-05:00,19.100000381469727,19.889999389648438,18.68000030517578,19.709999084472656,1171800,0.0,0.0
2015-01-02 00:00:00-05:00,19.8799991607666,20.15999984741211,18.93000030517578,20.06999969482422,943300,0.0,0.0
2015-01-05 00:00:00-05:00,19.75,20.149999618530273,18.799999237060547,18.920000076293945,787300,0.0,0.0
2015-01-06 00:00:00-05:00,18.920000076293945,19.200000762939453,17.459999084472656,17.799999237060547,1434900,0.0,0.0
2015-01-07 00:00:00-05:00,18.309999465942383,18.420000076293945,17.15999984741211,17.420000076293945,966400,0.0,0.0
2015-01-08 00:00:00-05:00,17.600000381469727,18.649999618530273,17.350000381469727,18.59000015258789,979500,0.0,0.0
2015-01-09 00:00:00-05:00,18.5,18.940000534057617,18.06999969482422,18.8799991607666,740100,0.0,0.0
2015-01-12 00:00:00-05:00,18.6200008392334,18.639999389648438,17.600000381469727,18.450000762939453,1155200,0.0,0.0
2015-01-13 00:00:00-05:00,18.600000381469727,19.219999313354492,17.84000015258789,18.1299991607666,1426900,0.0,0.0
2015-01-14 00:00:00-05:00,17.799999237060547,18.350000381469727,17.360000610351562,18.020000457763672,1058100,0.0,0.0
2015-01-15 00:00:00-05:00,18.299999237060547,18.579999923706055,17.40999984741211,17.510000228881836,942200,0.0,0.0
2015-01-16 00:00:00-05:00,17.549999237060547,18.040000915527344,17.420000076293945,17.65999984741211,802900,0.0,0.0
2015-01-20 00:00:00-05:00,17.489999771118164,17.56999969482422,16.100000381469727,16.5,2028500,0.0,0.0
2015-01-21 00:00:00-05:00,16.600000381469727,17.1200008392334,16.350000381469727,16.639999389648438,1477000,0.0,0.0
2015-01-22 00:00:00-05:00,16.770000457763672,16.979999542236328,16.329999923706055,16.700000762939453,708400,0.0,0.0
2015-01-23 00:00:00-05:00,16.530000686645508,17.059999465942383,16.440000534057617,16.729999542236328,688400,0.0,0.0
2015-01-26 00:00:00-05:00,16.799999237060547,18.020000457763672,16.799999237060547,17.860000610351562,1143300,0.0,0.0
2015-01-27 00:00:00-05:00,17.5,18.790000915527344,17.5,18.649999618530273,1186800,0.0,0.0
2015-01-28 00:00:00-05:00,18.989999771118164,18.989999771118164,17.940000534057617,18.010000228881836,1178100,0.0,0.0
2015-01-29 00:00:00-05:00,18.049999237060547,18.350000381469727,17.06999969482422,17.68000030517578,1475500,0.0,0.0
2015-01-30 00:00:00-05:00,17.510000228881836,18.3799991607666,17.299999237060547,17.81999969482422,1358600,0.0,0.0
2015-02-02 00:00:00-05:00,18.09000015258789,18.8799991607666,18.079999923706055,18.670000076293945,1218500,0.0,0.0
2015-02-03 00:00:00-05:00,19.040000915527344,21.389999389648438,18.920000076293945,20.920000076293945,2842800,0.0,0.0
2015-02-04 00:00:00-05:00,20.15999984741211,20.950000762939453,19.81999969482422,20.299999237060547,1536000,0.0,0.0
2015-02-05 00:00:00-05:00,20.520000457763672,20.959999084472656,20.020000457763672,20.709999084472656,948400,0.0,0.0
2015-02-06 00:00:00-05:00,20.770000457763672,21.059999465942383,20.34000015258789,20.559999465942383,876800,0.0,0.0
2015-02-09 00:00:00-05:00,20.219999313354492,21.389999389648438,20.219999313354492,21.1299991607666,1004900,0.0,0.0
2015-02-10 00:00:00-05:00,21.489999771118164,21.489999771118164,20.540000915527344,20.8700008392334,841900,0.0,0.0
2015-02-11 00:00:00-05:00,20.81999969482422,21.0,19.950000762939453,20.8700008392334,1173500,0.0,0.0
2015-02-12 00:00:00-05:00,21.110000610351562,22.1200008392334,21.010000228881836,21.8700008392334,1144900,0.0,0.0
2015-02-13 00:00:00-05:00,21.850000381469727,22.459999084472656,21.670000076293945,21.899999618530273,859100,0.0,0.0
2015-02-17 00:00:00-05:00,21.860000610351562,22.56999969482422,21.68000030517578,22.18000030517578,775100,0.0,0.0
2015-02-18 00:00:00-05:00,22.1200008392334,22.520000457763672,21.84000015258789,21.90999984741211,605700,0.0,0.0
2015-02-19 00:00:00-05:00,21.43000030517578,21.68000030517578,20.81999969482422,21.5,553100,0.0,0.0
2015-02-20 00:00:00-05:00,21.510000228881836,21.75,21.139999389648438,21.6200008392334,331600,0.0,0.0
2015-02-23 00:00:00-05:00,21.5,21.579999923706055,20.90999984741211,21.270000457763672,703700,0.0,0.0
2015-02-24 00:00:00-05:00,22.260000228881836,22.969999313354492,22.100000381469727,22.270000457763672,1321400,0.0,0.0
2015-02-25 00:00:00-05:00,22.5,22.579999923706055,21.56999969482422,21.610000610351562,1385200,0.0,0.0
2015-02-26 00:00:00-05:00,21.670000076293945,21.989999771118164,21.450000762939453,21.799999237060547,735500,0.0,0.0
2015-02-27 00:00:00-05:00,22.149999618530273,22.239999771118164,21.649999618530273,21.889999389648438,1114300,0.0,0.0
2015-03-02 00:00:00-05:00,20.809999465942383,23.139999389648438,20.649999618530273,22.809999465942383,2332600,0.0,0.0
2015-03-03 00:00:00-05:00,22.469999313354492,22.5,21.790000915527344,22.100000381469727,1283200,0.0,0.0
2015-03-04 00:00:00-05:00,22.270000457763672,22.700000762939453,22.15999984741211,22.649999618530273,1166600,0.0,0.0
2015-03-05 00:00:00-05:00,22.780000686645508,24.350000381469727,22.709999084472656,24.299999237060547,2082700,0.0,0.0
2015-03-06 00:00:00-05:00,24.399999618530273,24.719999313354492,23.690000534057617,23.989999771118164,1566700,0.0,0.0
2015-03-09 00:00:00-04:00,24.1299991607666,24.229999542236328,23.25,23.459999084472656,952100,0.0,0.0
2015-03-10 00:00:00-04:00,23.079999923706055,23.079999923706055,22.030000686645508,22.110000610351562,1130100,0.0,0.0
2015-03-11 00:00:00-04:00,22.110000610351562,22.889999389648438,22.030000686645508,22.450000762939453,815200,0.0,0.0
2015-03-12 00:00:00-04:00,22.56999969482422,23.5,22.56999969482422,22.809999465942383,799600,0.0,0.0
2015-03-13 00:00:00-04:00,22.579999923706055,22.770000457763672,21.84000015258789,22.59000015258789,885500,0.0,0.0
2015-03-16 00:00:00-04:00,22.600000381469727,22.600000381469727,22.0,22.25,799500,0.0,0.0
2015-03-17 00:00:00-04:00,22.0,24.34000015258789,22.0,24.299999237060547,2206000,0.0,0.0
2015-03-18 00:00:00-04:00,23.75,25.290000915527344,23.579999923706055,24.8799991607666,1708700,0.0,0.0
2015-03-19 00:00:00-04:00,24.809999465942383,25.459999084472656,24.68000030517578,25.06999969482422,776400,0.0,0.0
2015-03-20 00:00:00-04:00,25.399999618530273,25.540000915527344,24.93000030517578,25.31999969482422,1059200,0.0,0.0
2015-03-23 00:00:00-04:00,25.280000686645508,26.59000015258789,25.040000915527344,26.06999969482422,1126600,0.0,0.0
2015-03-24 00:00:00-04:00,26.3799991607666,27.329999923706055,26.299999237060547,27.09000015258789,1102100,0.0,0.0
2015-03-25 00:00:00-04:00,27.420000076293945,27.56999969482422,25.690000534057617,26.079999923706055,1356800,0.0,0.0
2015-03-26 00:00:00-04:00,25.579999923706055,26.09000015258789,25.299999237060547,25.81999969482422,920400,0.0,0.0
2015-03-27 00:00:00-04:00,25.780000686645508,26.420000076293945,25.670000076293945,26.389999389648438,571800,0.0,0.0
2015-03-30 00:00:00-04:00,26.809999465942383,26.899999618530273,25.579999923706055,26.040000915527344,658000,0.0,0.0
2015-03-31 00:00:00-04:00,25.670000076293945,26.1299991607666,25.549999237060547,25.639999389648438,732000,0.0,0.0
2015-04-01 00:00:00-04:00,25.65999984741211,27.010000228881836,25.350000381469727,26.709999084472656,1214800,0.0,0.0
2015-04-02 00:00:00-04:00,26.739999771118164,27.350000381469727,26.43000030517578,26.760000228881836,667700,0.0,0.0
2015-04-06 00:00:00-04:00,26.739999771118164,27.43000030517578,26.479999542236328,27.209999084472656,545200,0.0,0.0
2015-04-07 00:00:00-04:00,27.5,28.260000228881836,27.200000762939453,27.3799991607666,1083200,0.0,0.0
2015-04-08 00:00:00-04:00,27.59000015258789,28.479999542236328,27.290000915527344,27.920000076293945,1105800,0.0,0.0
2015-04-09 00:00:00-04:00,28.040000915527344,28.559999465942383,27.8700008392334,28.329999923706055,942600,0.0,0.0
2015-04-10 00:00:00-04:00,28.360000610351562,29.200000762939453,28.219999313354492,28.799999237060547,835200,0.0,0.0
2015-04-13 00:00:00-04:00,28.979999542236328,29.459999084472656,28.860000610351562,29.260000228881836,869400,0.0,0.0
2015-04-14 00:00:00-04:00,29.25,29.25,28.18000030517578,28.700000762939453,906600,0.0,0.0
2015-04-15 00:00:00-04:00,28.799999237060547,29.34000015258789,28.43000030517578,29.209999084472656,598600,0.0,0.0
2015-04-16 00:00:00-04:00,29.100000381469727,29.579999923706055,29.0,29.459999084472656,877300,0.0,0.0
2015-04-17 00:00:00-04:00,28.700000762939453,28.829999923706055,27.59000015258789,27.93000030517578,1161800,0.0,0.0
2015-04-20 00:00:00-04:00,28.799999237060547,28.920000076293945,28.360000610351562,28.559999465942383,639900,0.0,0.0
2015-04-21 00:00:00-04:00,28.8700008392334,29.299999237060547,28.719999313354492,28.780000686645508,721200,0.0,0.0
2015-04-22 00:00:00-04:00,28.75,29.520000457763672,28.729999542236328,29.1299991607666,565800,0.0,0.0
2015-04-23 00:00:00-04:00,28.889999389648438,29.540000915527344,28.799999237060547,29.40999984741211,603900,0.0,0.0
2015-04-24 00:00:00-04:00,29.440000534057617,29.530000686645508,28.920000076293945,29.06999969482422,449900,0.0,0.0
2015-04-27 00:00:00-04:00,29.239999771118164,29.520000457763672,28.3799991607666,28.6299991607666,574700,0.0,0.0
2015-04-28 00:00:00-04:00,28.549999237060547,29.540000915527344,28.010000228881836,29.420000076293945,858300,0.0,0.0
2015-04-29 00:00:00-04:00,28.93000030517578,29.8799991607666,28.899999618530273,29.190000534057617,700900,0.0,0.0
2015-04-30 00:00:00-04:00,28.799999237060547,29.010000228881836,27.899999618530273,28.020000457763672,1081100,0.0,0.0
2015-05-01 00:00:00-04:00,28.040000915527344,29.1200008392334,28.040000915527344,28.770000457763672,589800,0.0,0.0
2015-05-04 00:00:00-04:00,29.219999313354492,30.0,28.899999618530273,28.920000076293945,1103700,0.0,0.0
2015-05-05 00:00:00-04:00,29.010000228881836,29.190000534057617,27.610000610351562,28.06999969482422,849300,0.0,0.0
2015-05-06 00:00:00-04:00,28.110000610351562,28.290000915527344,26.829999923706055,27.139999389648438,1037800,0.0,0.0
2015-05-07 00:00:00-04:00,27.010000228881836,27.280000686645508,26.200000762939453,26.920000076293945,855900,0.0,0.0
2015-05-08 00:00:00-04:00,28.030000686645508,28.399999618530273,27.350000381469727,28.100000381469727,774900,0.0,0.0
2015-05-11 00:00:00-04:00,28.190000534057617,29.18000030517578,28.190000534057617,28.56999969482422,793100,0.0,0.0
2015-05-12 00:00:00-04:00,28.3799991607666,28.969999313354492,27.90999984741211,28.690000534057617,619300,0.0,0.0
2015-05-13 00:00:00-04:00,29.100000381469727,29.850000381469727,28.959999084472656,29.299999237060547,879400,0.0,0.0
2015-05-14 00:00:00-04:00,29.700000762939453,29.969999313354492,28.729999542236328,28.8799991607666,739600,0.0,0.0
2015-05-15 00:00:00-04:00,29.0,29.799999237060547,28.719999313354492,29.399999618530273,769700,0.0,0.0
2015-05-18 00:00:00-04:00,29.31999969482422,29.950000762939453,28.959999084472656,28.969999313354492,666800,0.0,0.0
2015-05-19 00:00:00-04:00,29.030000686645508,29.290000915527344,27.6200008392334,27.65999984741211,1415200,0.0,0.0
2015-05-20 00:00:00-04:00,27.760000228881836,27.860000610351562,26.68000030517578,27.170000076293945,1146600,0.0,0.0
2015-05-21 00:00:00-04:00,27.860000610351562,28.8700008392334,27.799999237060547,28.670000076293945,1056800,0.0,0.0
2015-05-22 00:00:00-04:00,28.639999389648438,28.75,28.1200008392334,28.239999771118164,763800,0.0,0.0
2015-05-26 00:00:00-04:00,28.100000381469727,28.559999465942383,27.700000762939453,27.920000076293945,782500,0.0,0.0
2015-05-27 00:00:00-04:00,27.959999084472656,28.440000534057617,27.450000762939453,28.399999618530273,1177300,0.0,0.0
2015-05-28 00:00:00-04:00,29.670000076293945,30.3799991607666,29.1299991607666,29.600000381469727,1699200,0.0,0.0
2015-05-29 00:00:00-04:00,29.59000015258789,29.729999542236328,28.610000610351562,28.75,1035800,0.0,0.0
2015-06-01 00:00:00-04:00,28.93000030517578,29.010000228881836,28.09000015258789,28.40999984741211,803900,0.0,0.0
2015-06-02 00:00:00-04:00,28.18000030517578,29.049999237060547,27.739999771118164,29.0,1038800,0.0,0.0
2015-06-03 00:00:00-04:00,29.209999084472656,29.790000915527344,28.81999969482422,29.719999313354492,881300,0.0,0.0
2015-06-04 00:00:00-04:00,29.420000076293945,29.65999984741211,28.860000610351562,29.059999465942383,505100,0.0,0.0
2015-06-05 00:00:00-04:00,29.399999618530273,30.719999313354492,29.329999923706055,30.719999313354492,1574800,0.0,0.0
2015-06-08 00:00:00-04:00,30.799999237060547,30.829999923706055,29.31999969482422,29.450000762939453,1177500,0.0,0.0
2015-06-09 00:00:00-04:00,29.420000076293945,29.549999237060547,28.719999313354492,28.8799991607666,637400,0.0,0.0
2015-06-10 00:00:00-04:00,29.239999771118164,30.3799991607666,29.15999984741211,29.959999084472656,923700,0.0,0.0
2015-06-11 00:00:00-04:00,30.010000228881836,30.729999542236328,29.84000015258789,30.68000030517578,648800,0.0,0.0
2015-06-12 00:00:00-04:00,30.31999969482422,31.229999542236328,30.1299991607666,30.459999084472656,833900,0.0,0.0
2015-06-15 00:00:00-04:00,30.020000457763672,30.979999542236328,29.860000610351562,30.899999618530273,699800,0.0,0.0
2015-06-16 00:00:00-04:00,30.68000030517578,31.0,30.209999084472656,30.850000381469727,721600,0.0,0.0
2015-06-17 00:00:00-04:00,30.850000381469727,31.200000762939453,30.40999984741211,30.690000534057617,658800,0.0,0.0
2015-06-18 00:00:00-04:00,30.899999618530273,31.09000015258789,30.510000228881836,30.780000686645508,827700,0.0,0.0
2015-06-19 00:00:00-04:00,30.65999984741211,30.93000030517578,29.649999618530273,30.170000076293945,1016100,0.0,0.0
2015-06-22 00:00:00-04:00,30.420000076293945,30.979999542236328,30.1200008392334,30.850000381469727,929100,0.0,0.0
2015-06-23 00:00:00-04:00,30.8700008392334,31.450000762939453,30.670000076293945,31.360000610351562,681700,0.0,0.0
2015-06-24 00:00:00-04:00,31.290000915527344,31.989999771118164,31.25,31.860000610351562,948400,0.0,0.0
2015-06-25 00:00:00-04:00,32.04999923706055,32.279998779296875,31.299999237060547,31.549999237060547,628200,0.0,0.0
2015-06-26 00:00:00-04:00,31.25,31.469999313354492,30.170000076293945,30.520000457763672,771400,0.0,0.0
2015-06-29 00:00:00-04:00,29.360000610351562,30.149999618530273,28.170000076293945,28.270000457763672,1984200,0.0,0.0
2015-06-30 00:00:00-04:00,28.969999313354492,29.860000610351562,28.84000015258789,29.520000457763672,1151500,0.0,0.0
2015-07-01 00:00:00-04:00,30.190000534057617,30.3700008392334,28.729999542236328,28.81999969482422,811400,0.0,0.0
2015-07-02 00:00:00-04:00,28.809999465942383,28.920000076293945,28.420000076293945,28.760000228881836,598800,0.0,0.0
2015-07-06 00:00:00-04:00,28.020000457763672,28.06999969482422,26.360000610351562,26.469999313354492,1819800,0.0,0.0
2015-07-07 00:00:00-04:00,25.889999389648438,25.93000030517578,23.81999969482422,25.520000457763672,2950200,0.0,0.0
2015-07-08 00:00:00-04:00,23.709999084472656,24.280000686645508,23.1200008392334,23.15999984741211,2102000,0.0,0.0
2015-07-09 00:00:00-04:00,25.270000457763672,25.290000915527344,24.200000762939453,24.450000762939453,1499200,0.0,0.0
2015-07-10 00:00:00-04:00,25.860000610351562,26.200000762939453,25.0,25.34000015258789,1201400,0.0,0.0
2015-07-13 00:00:00-04:00,25.959999084472656,26.700000762939453,25.90999984741211,26.479999542236328,1045600,0.0,0.0
2015-07-14 00:00:00-04:00,26.309999465942383,27.420000076293945,25.940000534057617,26.399999618530273,1478800,0.0,0.0
2015-07-15 00:00:00-04:00,26.200000762939453,26.68000030517578,25.59000015258789,25.920000076293945,1076400,0.0,0.0
2015-07-16 00:00:00-04:00,26.299999237060547,26.989999771118164,26.25,26.84000015258789,934300,0.0,0.0
2015-07-17 00:00:00-04:00,27.010000228881836,27.350000381469727,26.610000610351562,26.93000030517578,933200,0.0,0.0
2015-07-20 00:00:00-04:00,27.190000534057617,27.280000686645508,26.15999984741211,26.389999389648438,665000,0.0,0.0
2015-07-21 00:00:00-04:00,26.3700008392334,27.0,26.030000686645508,26.639999389648438,446300,0.0,0.0
2015-07-22 00:00:00-04:00,26.1299991607666,26.489999771118164,25.540000915527344,25.690000534057617,673000,0.0,0.0
2015-07-23 00:00:00-04:00,25.899999618530273,26.030000686645508,24.84000015258789,24.899999618530273,809000,0.0,0.0
2015-07-24 00:00:00-04:00,24.81999969482422,24.850000381469727,23.56999969482422,23.940000534057617,1257300,0.0,0.0
2015-07-27 00:00:00-04:00,22.3700008392334,22.8799991607666,21.530000686645508,22.860000610351562,1428200,0.0,0.0
2015-07-28 00:00:00-04:00,23.309999465942383,23.8799991607666,22.5,23.59000015258789,653300,0.0,0.0
2015-07-29 00:00:00-04:00,23.59000015258789,24.360000610351562,23.3799991607666,23.979999542236328,751200,0.0,0.0
2015-07-30 00:00:00-04:00,23.81999969482422,23.969999313354492,23.309999465942383,23.799999237060547,546400,0.0,0.0
2015-07-31 00:00:00-04:00,24.040000915527344,24.34000015258789,23.639999389648438,23.860000610351562,471400,0.0,0.0
2015-08-03 00:00:00-04:00,23.610000610351562,23.719999313354492,22.260000228881836,22.3799991607666,805900,0.0,0.0
2015-08-04 00:00:00-04:00,22.59000015258789,23.0,22.079999923706055,22.31999969482422,702800,0.0,0.0
2015-08-05 00:00:00-04:00,23.0,23.969999313354492,22.420000076293945,23.649999618530273,859500,0.0,0.0
2015-08-06 00:00:00-04:00,23.690000534057617,24.100000381469727,22.90999984741211,23.1200008392334,839000,0.0,0.0
2015-08-07 00:00:00-04:00,23.18000030517578,23.610000610351562,22.520000457763672,22.799999237060547,686900,0.0,0.0
2015-08-10 00:00:00-04:00,23.010000228881836,23.700000762939453,22.829999923706055,23.700000762939453,485900,0.0,0.0
2015-08-11 00:00:00-04:00,23.639999389648438,23.709999084472656,22.25,22.809999465942383,924400,0.0,0.0
2015-08-12 00:00:00-04:00,22.270000457763672,22.31999969482422,20.75,21.8700008392334,1876100,0.0,0.0
2015-08-13 00:00:00-04:00,21.950000762939453,22.65999984741211,21.799999237060547,22.059999465942383,649800,0.0,0.0
2015-08-14 00:00:00-04:00,22.020000457763672,22.610000610351562,22.020000457763672,22.489999771118164,502300,0.0,0.0
2015-08-17 00:00:00-04:00,22.670000076293945,22.979999542236328,22.239999771118164,22.979999542236328,594200,0.0,0.0
2015-08-18 00:00:00-04:00,23.850000381469727,24.190000534057617,22.780000686645508,23.309999465942383,1177000,0.0,0.0
2015-08-19 00:00:00-04:00,22.950000762939453,22.950000762939453,21.139999389648438,21.420000076293945,1803800,0.0,0.0
2015-08-20 00:00:00-04:00,21.700000762939453,21.700000762939453,18.079999923706055,18.350000381469727,2937700,0.0,0.0
2015-08-21 00:00:00-04:00,17.729999542236328,17.8799991607666,16.799999237060547,16.81999969482422,2227300,0.0,0.0
2015-08-24 00:00:00-04:00,14.5600004196167,17.190000534057617,14.319999694824219,15.670000076293945,2259500,0.0,0.0
2015-08-25 00:00:00-04:00,17.969999313354492,20.280000686645508,17.1299991607666,17.350000381469727,3454900,0.0,0.0
2015-08-26 00:00:00-04:00,18.950000762939453,19.100000381469727,17.770000457763672,19.0,1678600,0.0,0.0
2015-08-27 00:00:00-04:00,20.010000228881836,20.350000381469727,18.649999618530273,19.110000610351562,2199400,0.0,0.0
2015-08-28 00:00:00-04:00,19.100000381469727,20.329999923706055,18.989999771118164,19.969999313354492,1138800,0.0,0.0
2015-08-31 00:00:00-04:00,19.59000015258789,20.780000686645508,19.329999923706055,20.350000381469727,895900,0.0,0.0
2015-09-01 00:00:00-04:00,19.299999237060547,19.950000762939453,18.81999969482422,19.079999923706055,1204400,0.0,0.0
2015-09-02 00:00:00-04:00,19.579999923706055,19.75,18.68000030517578,19.649999618530273,746600,0.0,0.0
2015-09-03 00:00:00-04:00,19.809999465942383,20.149999618530273,19.260000228881836,19.729999542236328,619400,0.0,0.0
2015-09-04 00:00:00-04:00,19.329999923706055,19.989999771118164,19.09000015258789,19.639999389648438,525600,0.0,0.0
2015-09-08 00:00:00-04:00,21.09000015258789,22.0,20.899999618530273,21.270000457763672,1177100,0.0,0.0
2015-09-09 00:00:00-04:00,22.059999465942383,22.5,20.68000030517578,20.979999542236328,1157800,0.0,0.0
2015-09-10 00:00:00-04:00,20.860000610351562,21.899999618530273,20.860000610351562,21.579999923706055,620700,0.0,0.0
2015-09-11 00:00:00-04:00,21.149999618530273,22.290000915527344,21.06999969482422,22.280000686645508,599200,0.0,0.0
2015-09-14 00:00:00-04:00,21.8700008392334,22.209999084472656,21.469999313354492,22.079999923706055,687300,0.0,0.0
2015-09-15 00:00:00-04:00,21.899999618530273,22.479999542236328,21.690000534057617,22.420000076293945,553400,0.0,0.0
2015-09-16 00:00:00-04:00,22.530000686645508,23.59000015258789,22.479999542236328,23.309999465942383,1051400,0.0,0.0
2015-09-17 00:00:00-04:00,23.3799991607666,24.209999084472656,23.040000915527344,23.850000381469727,745000,0.0,0.0
2015-09-18 00:00:00-04:00,23.1299991607666,23.329999923706055,21.84000015258789,21.889999389648438,1447200,0.0,0.0
2015-09-21 00:00:00-04:00,22.170000076293945,23.389999389648438,21.760000228881836,22.729999542236328,843000,0.0,0.0
2015-09-22 00:00:00-04:00,21.940000534057617,22.399999618530273,21.420000076293945,21.459999084472656,884500,0.0,0.0
2015-09-23 00:00:00-04:00,21.3700008392334,21.540000915527344,20.399999618530273,20.399999618530273,899700,0.0,0.0
2015-09-24 00:00:00-04:00,19.68000030517578,20.479999542236328,18.770000457763672,20.420000076293945,1236600,0.0,0.0
2015-09-25 00:00:00-04:00,21.0,21.3799991607666,20.09000015258789,20.440000534057617,641400,0.0,0.0
2015-09-28 00:00:00-04:00,20.09000015258789,20.09000015258789,18.5,18.84000015258789,1373300,0.0,0.0
2015-09-29 00:00:00-04:00,19.25,19.8700008392334,18.84000015258789,19.280000686645508,483800,0.0,0.0
2015-09-30 00:00:00-04:00,20.010000228881836,22.0,19.920000076293945,21.940000534057617,1215800,0.0,0.0
2015-10-01 00:00:00-04:00,21.850000381469727,22.190000534057617,21.200000762939453,22.190000534057617,835800,0.0,0.0
2015-10-02 00:00:00-04:00,21.579999923706055,24.850000381469727,21.079999923706055,24.799999237060547,1876400,0.0,0.0
2015-10-05 00:00:00-04:00,24.579999923706055,25.6200008392334,24.15999984741211,24.739999771118164,1438400,0.0,0.0
2015-10-06 00:00:00-04:00,24.350000381469727,25.649999618530273,24.100000381469727,25.139999389648438,898100,0.0,0.0
2015-10-07 00:00:00-04:00,25.5,26.149999618530273,24.709999084472656,25.8799991607666,1280000,0.0,0.0
2015-10-08 00:00:00-04:00,25.729999542236328,26.5,25.290000915527344,26.15999984741211,649200,0.0,0.0
2015-10-09 00:00:00-04:00,26.5,26.93000030517578,25.75,26.350000381469727,644300,0.0,0.0
2015-10-12 00:00:00-04:00,26.5,27.139999389648438,25.770000457763672,26.440000534057617,879700,0.0,0.0
2015-10-13 00:00:00-04:00,25.899999618530273,26.59000015258789,25.450000762939453,25.559999465942383,852400,0.0,0.0
2015-10-14 00:00:00-04:00,25.290000915527344,27.450000762939453,25.239999771118164,27.049999237060547,1126600,0.0,0.0
2015-10-15 00:00:00-04:00,27.5,27.600000381469727,26.729999542236328,27.56999969482422,710000,0.0,0.0
2015-10-16 00:00:00-04:00,27.510000228881836,27.540000915527344,26.510000228881836,27.020000457763672,771800,0.0,0.0
2015-10-19 00:00:00-04:00,26.889999389648438,27.280000686645508,26.0,26.469999313354492,686000,0.0,0.0
2015-10-20 00:00:00-04:00,26.200000762939453,27.170000076293945,26.100000381469727,26.799999237060547,422300,0.0,0.0
2015-10-21 00:00:00-04:00,26.790000915527344,26.969999313354492,25.760000228881836,25.84000015258789,770700,0.0,0.0
2015-10-22 00:00:00-04:00,26.229999542236328,26.56999969482422,25.389999389648438,26.469999313354492,831000,0.0,0.0
2015-10-23 00:00:00-04:00,26.770000457763672,26.770000457763672,25.739999771118164,26.510000228881836,784500,0.0,0.0
2015-10-26 00:00:00-04:00,26.799999237060547,27.1200008392334,25.899999618530273,26.079999923706055,746000,0.0,0.0
2015-10-27 00:00:00-04:00,25.860000610351562,26.030000686645508,25.049999237060547,25.25,485400,0.0,0.0
2015-10-28 00:00:00-04:00,25.360000610351562,26.059999465942383,25.190000534057617,26.030000686645508,552900,0.0,0.0
2015-10-29 00:00:00-04:00,25.850000381469727,25.940000534057617,25.299999237060547,25.56999969482422,378300,0.0,0.0
2015-10-30 00:00:00-04:00,25.68000030517578,25.959999084472656,24.459999084472656,25.889999389648438,862400,0.0,0.0
2015-11-02 00:00:00-05:00,25.670000076293945,26.899999618530273,25.56999969482422,26.690000534057617,692000,0.0,0.0
2015-11-03 00:00:00-05:00,26.450000762939453,27.43000030517578,26.25,26.850000381469727,731800,0.0,0.0
2015-11-04 00:00:00-05:00,27.09000015258789,27.299999237060547,26.1200008392334,26.65999984741211,439900,0.0,0.0
2015-11-05 00:00:00-05:00,26.760000228881836,26.940000534057617,25.139999389648438,25.350000381469727,902400,0.0,0.0
2015-11-06 00:00:00-05:00,25.09000015258789,26.0,24.969999313354492,25.790000915527344,707600,0.0,0.0
2015-11-09 00:00:00-05:00,25.729999542236328,25.899999618530273,24.959999084472656,25.3799991607666,696600,0.0,0.0
2015-11-10 00:00:00-05:00,25.5,25.700000762939453,21.8799991607666,23.049999237060547,2462200,0.0,0.0
2015-11-11 00:00:00-05:00,23.68000030517578,24.09000015258789,22.65999984741211,22.979999542236328,922400,0.0,0.0
2015-11-12 00:00:00-05:00,22.780000686645508,23.610000610351562,22.139999389648438,22.559999465942383,643000,0.0,0.0
2015-11-13 00:00:00-05:00,22.510000228881836,22.899999618530273,22.049999237060547,22.299999237060547,526200,0.0,0.0
2015-11-16 00:00:00-05:00,22.5,23.559999465942383,22.3700008392334,23.559999465942383,766200,0.0,0.0
2015-11-17 00:00:00-05:00,24.739999771118164,24.739999771118164,23.219999313354492,23.670000076293945,879300,0.0,0.0
2015-11-18 00:00:00-05:00,23.979999542236328,25.100000381469727,23.709999084472656,25.049999237060547,1082800,0.0,0.0
2015-11-19 00:00:00-05:00,23.100000381469727,23.100000381469727,21.760000228881836,22.670000076293945,2332200,0.0,0.0
2015-11-20 00:00:00-05:00,22.760000228881836,24.5,22.68000030517578,24.5,1371200,0.0,0.0
2015-11-23 00:00:00-05:00,23.829999923706055,25.1200008392334,23.65999984741211,25.1200008392334,846500,0.0,0.0
2015-11-24 00:00:00-05:00,24.43000030517578,25.18000030517578,24.229999542236328,25.15999984741211,569900,0.0,0.0
2015-11-25 00:00:00-05:00,25.209999084472656,25.649999618530273,24.93000030517578,25.6200008392334,437100,0.0,0.0
2015-11-27 00:00:00-05:00,24.65999984741211,25.31999969482422,24.56999969482422,25.0,278200,0.0,0.0
2015-11-30 00:00:00-05:00,25.030000686645508,25.5,24.530000686645508,25.5,566600,0.0,0.0
2015-12-01 00:00:00-05:00,25.219999313354492,25.5,25.040000915527344,25.290000915527344,476900,0.0,0.0
2015-12-02 00:00:00-05:00,24.920000076293945,25.31999969482422,24.6200008392334,24.6299991607666,558500,0.0,0.0
2015-12-03 00:00:00-05:00,24.350000381469727,25.59000015258789,24.350000381469727,24.969999313354492,664000,0.0,0.0
2015-12-04 00:00:00-05:00,25.010000228881836,25.43000030517578,24.579999923706055,24.600000381469727,586600,0.0,0.0
2015-12-07 00:00:00-05:00,24.510000228881836,25.010000228881836,24.209999084472656,24.540000915527344,539400,0.0,0.0
2015-12-08 00:00:00-05:00,23.610000610351562,24.729999542236328,23.600000381469727,24.440000534057617,414600,0.0,0.0
2015-12-09 00:00:00-05:00,24.610000610351562,25.43000030517578,23.739999771118164,23.809999465942383,678300,0.0,0.0
2015-12-10 00:00:00-05:00,23.5,24.770000457763672,23.389999389648438,24.40999984741211,599400,0.0,0.0
2015-12-11 00:00:00-05:00,23.549999237060547,23.899999618530273,23.260000228881836,23.290000915527344,573900,0.0,0.0
2015-12-14 00:00:00-05:00,24.0,24.15999984741211,23.0,24.1299991607666,731100,0.0,0.0
2015-12-15 00:00:00-05:00,24.329999923706055,26.149999618530273,24.290000915527344,26.1200008392334,1155200,0.0,0.0
2015-12-16 00:00:00-05:00,26.850000381469727,28.34000015258789,26.809999465942383,28.299999237060547,2299300,0.0,0.0
2015-12-17 00:00:00-05:00,28.549999237060547,28.549999237060547,26.329999923706055,26.459999084472656,1343800,0.0,0.0
2015-12-18 00:00:00-05:00,26.459999084472656,27.440000534057617,26.299999237060547,26.920000076293945,735800,0.0,0.0
2015-12-21 00:00:00-05:00,27.3700008392334,28.520000457763672,27.329999923706055,28.469999313354492,1058200,0.0,0.0
2015-12-22 00:00:00-05:00,28.1299991607666,28.5,27.1299991607666,27.68000030517578,848400,0.0,0.0
2015-12-23 00:00:00-05:00,27.989999771118164,28.600000381469727,27.790000915527344,28.520000457763672,816100,0.0,0.0
2015-12-24 00:00:00-05:00,28.43000030517578,29.5,28.3799991607666,29.479999542236328,605600,0.0,0.0
2015-12-28 00:00:00-05:00,28.75,29.040000915527344,27.600000381469727,28.09000015258789,1108200,0.0,0.0
2015-12-29 00:00:00-05:00,28.270000457763672,28.65999984741211,27.5,28.25,519900,0.0,0.0
2015-12-30 00:00:00-05:00,27.979999542236328,28.31999969482422,27.579999923706055,27.780000686645508,391300,0.0,0.0
2015-12-31 00:00:00-05:00,27.639999389648438,28.239999771118164,27.549999237060547,27.670000076293945,496000,0.0,0.0
2016-01-04 00:00:00-05:00,25.149999618530273,27.43000030517578,24.850000381469727,27.270000457763672,1298700,0.0,0.0
2016-01-05 00:00:00-05:00,27.219999313354492,27.399999618530273,25.93000030517578,26.020000457763672,744000,0.0,0.0
2016-01-06 00:00:00-05:00,25.6299991607666,26.170000076293945,25.299999237060547,25.760000228881836,642600,0.0,0.0
2016-01-07 00:00:00-05:00,24.520000457763672,25.229999542236328,20.84000015258789,20.850000381469727,3299700,0.0,0.0
2016-01-08 00:00:00-05:00,23.110000610351562,23.899999618530273,22.059999465942383,22.200000762939453,1468900,0.0,0.0
2016-01-11 00:00:00-05:00,22.020000457763672,22.219999313354492,20.920000076293945,21.489999771118164,1278300,0.0,0.0
2016-01-12 00:00:00-05:00,22.360000610351562,22.709999084472656,20.709999084472656,21.399999618530273,1159000,0.0,0.0
2016-01-13 00:00:00-05:00,21.829999923706055,22.299999237060547,20.299999237060547,20.43000030517578,922800,0.0,0.0
2016-01-14 00:00:00-05:00,20.440000534057617,20.90999984741211,18.700000762939453,20.280000686645508,1291700,0.0,0.0
2016-01-15 00:00:00-05:00,18.93000030517578,19.290000915527344,17.899999618530273,18.139999389648438,1820500,0.0,0.0
2016-01-19 00:00:00-05:00,19.68000030517578,19.739999771118164,18.579999923706055,18.770000457763672,1223100,0.0,0.0
2016-01-20 00:00:00-05:00,18.43000030517578,19.729999542236328,17.899999618530273,19.270000457763672,1161900,0.0,0.0
2016-01-21 00:00:00-05:00,19.309999465942383,19.780000686645508,18.920000076293945,19.200000762939453,744700,0.0,0.0
2016-01-22 00:00:00-05:00,20.459999084472656,21.010000228881836,20.209999084472656,20.809999465942383,714100,0.0,0.0
2016-01-25 00:00:00-05:00,20.579999923706055,20.6200008392334,19.989999771118164,20.239999771118164,549700,0.0,0.0
2016-01-26 00:00:00-05:00,20.450000762939453,20.899999618530273,19.8700008392334,20.579999923706055,397000,0.0,0.0
2016-01-27 00:00:00-05:00,20.469999313354492,21.540000915527344,20.440000534057617,20.479999542236328,505100,0.0,0.0
2016-01-28 00:00:00-05:00,21.0,21.170000076293945,19.649999618530273,19.829999923706055,519900,0.0,0.0
2016-01-29 00:00:00-05:00,20.139999389648438,20.59000015258789,20.059999465942383,20.579999923706055,321100,0.0,0.0
2016-02-01 00:00:00-05:00,20.540000915527344,20.600000381469727,19.809999465942383,20.190000534057617,503700,0.0,0.0
2016-02-02 00:00:00-05:00,19.889999389648438,20.09000015258789,19.6200008392334,19.709999084472656,311700,0.0,0.0
2016-02-03 00:00:00-05:00,19.93000030517578,20.010000228881836,19.0,19.780000686645508,580100,0.0,0.0
2016-02-04 00:00:00-05:00,19.979999542236328,21.149999618530273,19.760000228881836,20.959999084472656,581000,0.0,0.0
2016-02-05 00:00:00-05:00,20.969999313354492,21.100000381469727,20.079999923706055,20.079999923706055,291900,0.0,0.0
2016-02-08 00:00:00-05:00,19.329999923706055,19.479999542236328,18.360000610351562,18.6200008392334,704300,0.0,0.0
2016-02-09 00:00:00-05:00,17.84000015258789,18.520000457763672,17.610000610351562,17.809999465942383,703400,0.0,0.0
2016-02-10 00:00:00-05:00,18.190000534057617,19.290000915527344,18.0,18.079999923706055,520700,0.0,0.0
2016-02-11 00:00:00-05:00,18.0,18.040000915527344,16.950000762939453,17.1200008392334,745900,0.0,0.0
2016-02-12 00:00:00-05:00,17.549999237060547,18.100000381469727,17.15999984741211,17.989999771118164,381300,0.0,0.0
2016-02-16 00:00:00-05:00,19.290000915527344,20.360000610351562,19.290000915527344,20.200000762939453,880800,0.0,0.0
2016-02-17 00:00:00-05:00,20.75,20.899999618530273,20.290000915527344,20.670000076293945,519100,0.0,0.0
2016-02-18 00:00:00-05:00,20.979999542236328,21.100000381469727,20.399999618530273,20.93000030517578,391900,0.0,0.0
2016-02-19 00:00:00-05:00,20.399999618530273,21.31999969482422,20.31999969482422,21.219999313354492,322700,0.0,0.0
2016-02-22 00:00:00-05:00,21.690000534057617,22.59000015258789,21.690000534057617,22.420000076293945,597500,0.0,0.0
2016-02-23 00:00:00-05:00,22.270000457763672,22.440000534057617,21.579999923706055,22.139999389648438,314100,0.0,0.0
2016-02-24 00:00:00-05:00,21.100000381469727,23.079999923706055,21.100000381469727,22.969999313354492,799800,0.0,0.0
2016-02-25 00:00:00-05:00,22.979999542236328,23.25,21.829999923706055,22.84000015258789,726500,0.0,0.0
2016-02-26 00:00:00-05:00,23.5,23.65999984741211,23.059999465942383,23.549999237060547,759600,0.0,0.0
2016-02-29 00:00:00-05:00,23.56999969482422,24.43000030517578,23.43000030517578,23.899999618530273,935200,0.0,0.0
2016-03-01 00:00:00-05:00,24.709999084472656,24.790000915527344,23.40999984741211,24.18000030517578,1000000,0.0,0.0
2016-03-02 00:00:00-05:00,24.329999923706055,24.93000030517578,24.15999984741211,24.649999618530273,711600,0.0,0.0
2016-03-03 00:00:00-05:00,24.600000381469727,24.700000762939453,23.360000610351562,23.690000534057617,1311200,0.0,0.0
2016-03-04 00:00:00-05:00,24.049999237060547,24.280000686645508,23.139999389648438,23.350000381469727,872700,0.0,0.0
2016-03-07 00:00:00-05:00,23.239999771118164,24.139999389648438,23.010000228881836,24.049999237060547,867500,0.0,0.0
2016-03-08 00:00:00-05:00,23.799999237060547,23.979999542236328,22.799999237060547,22.920000076293945,945700,0.0,0.0
2016-03-09 00:00:00-05:00,23.18000030517578,23.729999542236328,22.770000457763672,23.719999313354492,818100,0.0,0.0
2016-03-10 00:00:00-05:00,23.829999923706055,24.0,22.40999984741211,22.760000228881836,696500,0.0,0.0
2016-03-11 00:00:00-05:00,23.229999542236328,23.479999542236328,23.1299991607666,23.31999969482422,472900,0.0,0.0
2016-03-14 00:00:00-04:00,23.3700008392334,23.75,23.200000762939453,23.200000762939453,334100,0.0,0.0
2016-03-15 00:00:00-04:00,22.950000762939453,22.959999084472656,22.520000457763672,22.739999771118164,582600,0.0,0.0
2016-03-16 00:00:00-04:00,22.739999771118164,23.75,22.709999084472656,23.75,560400,0.0,0.0
2016-03-17 00:00:00-04:00,23.6200008392334,23.700000762939453,23.1299991607666,23.1299991607666,584200,0.0,0.0
2016-03-18 00:00:00-04:00,23.270000457763672,23.59000015258789,22.8799991607666,22.93000030517578,655400,0.0,0.0
2016-03-21 00:00:00-04:00,22.899999618530273,23.1299991607666,22.6299991607666,22.889999389648438,845100,0.0,0.0
2016-03-22 00:00:00-04:00,22.600000381469727,22.600000381469727,21.889999389648438,21.93000030517578,1310800,0.0,0.0
2016-03-23 00:00:00-04:00,22.010000228881836,22.06999969482422,20.329999923706055,20.549999237060547,1153900,0.0,0.0
2016-03-24 00:00:00-04:00,20.209999084472656,20.65999984741211,19.649999618530273,20.299999237060547,584000,0.0,0.0
2016-03-28 00:00:00-04:00,20.3799991607666,20.3799991607666,19.600000381469727,19.809999465942383,528500,0.0,0.0
2016-03-29 00:00:00-04:00,19.75,20.790000915527344,19.520000457763672,20.59000015258789,542400,0.0,0.0
2016-03-30 00:00:00-04:00,21.030000686645508,21.25,20.389999389648438,20.59000015258789,734600,0.0,0.0
2016-03-31 00:00:00-04:00,20.600000381469727,21.010000228881836,20.600000381469727,20.90999984741211,846800,0.0,0.0
2016-04-01 00:00:00-04:00,20.40999984741211,20.68000030517578,20.15999984741211,20.200000762939453,755700,0.0,0.0
2016-04-04 00:00:00-04:00,20.219999313354492,20.5,19.3700008392334,19.43000030517578,1008000,0.0,0.0
2016-04-05 00:00:00-04:00,19.010000228881836,20.25,19.0,19.739999771118164,622600,0.0,0.0
2016-04-06 00:00:00-04:00,19.899999618530273,20.350000381469727,19.600000381469727,20.31999969482422,537100,0.0,0.0
2016-04-07 00:00:00-04:00,20.040000915527344,20.489999771118164,19.540000915527344,19.780000686645508,395400,0.0,0.0
2016-04-08 00:00:00-04:00,20.5,20.75,20.100000381469727,20.299999237060547,610300,0.0,0.0
2016-04-11 00:00:00-04:00,20.780000686645508,20.809999465942383,20.260000228881836,20.290000915527344,251400,0.0,0.0
2016-04-12 00:00:00-04:00,20.34000015258789,20.850000381469727,20.110000610351562,20.68000030517578,388800,0.0,0.0
2016-04-13 00:00:00-04:00,21.100000381469727,21.690000534057617,21.040000915527344,21.579999923706055,847500,0.0,0.0
2016-04-14 00:00:00-04:00,21.600000381469727,21.780000686645508,21.219999313354492,21.3799991607666,263200,0.0,0.0
2016-04-15 00:00:00-04:00,21.110000610351562,21.329999923706055,20.90999984741211,20.93000030517578,658300,0.0,0.0
2016-04-18 00:00:00-04:00,21.049999237060547,21.920000076293945,20.93000030517578,21.90999984741211,483300,0.0,0.0
2016-04-19 00:00:00-04:00,22.139999389648438,22.350000381469727,21.809999465942383,21.8799991607666,520300,0.0,0.0
2016-04-20 00:00:00-04:00,21.559999465942383,22.700000762939453,21.559999465942383,22.40999984741211,688800,0.0,0.0
2016-04-21 00:00:00-04:00,22.350000381469727,22.649999618530273,22.149999618530273,22.25,319700,0.0,0.0
2016-04-22 00:00:00-04:00,22.25,22.920000076293945,22.139999389648438,22.84000015258789,452100,0.0,0.0
2016-04-25 00:00:00-04:00,22.850000381469727,23.100000381469727,22.110000610351562,22.200000762939453,364100,0.0,0.0
2016-04-26 00:00:00-04:00,22.459999084472656,23.040000915527344,22.40999984741211,22.950000762939453,424500,0.0,0.0
2016-04-27 00:00:00-04:00,22.770000457763672,23.670000076293945,22.770000457763672,23.489999771118164,448100,0.0,0.0
2016-04-28 00:00:00-04:00,23.350000381469727,23.729999542236328,22.790000915527344,22.8799991607666,284900,0.0,0.0
2016-04-29 00:00:00-04:00,22.690000534057617,23.059999465942383,22.040000915527344,22.270000457763672,393000,0.0,0.0
2016-05-02 00:00:00-04:00,22.530000686645508,22.530000686645508,21.93000030517578,22.399999618530273,271100,0.0,0.0
2016-05-03 00:00:00-04:00,22.0,22.100000381469727,20.979999542236328,21.040000915527344,810700,0.0,0.0
2016-05-04 00:00:00-04:00,20.739999771118164,21.559999465942383,20.549999237060547,20.639999389648438,367100,0.0,0.0
2016-05-05 00:00:00-04:00,20.90999984741211,21.059999465942383,20.420000076293945,20.5,544400,0.0,0.0
2016-05-06 00:00:00-04:00,20.420000076293945,20.979999542236328,20.010000228881836,20.219999313354492,451600,0.0,0.0
2016-05-09 00:00:00-04:00,20.450000762939453,20.639999389648438,19.190000534057617,19.600000381469727,716300,0.0,0.0
2016-05-10 00:00:00-04:00,19.440000534057617,20.469999313354492,19.329999923706055,20.43000030517578,394600,0.0,0.0
2016-05-11 00:00:00-04:00,21.239999771118164,22.329999923706055,21.0,21.270000457763672,613900,0.0,0.0
2016-05-12 00:00:00-04:00,21.770000457763672,21.850000381469727,20.360000610351562,20.6200008392334,572300,0.0,0.0
2016-05-13 00:00:00-04:00,20.540000915527344,21.030000686645508,20.100000381469727,20.670000076293945,604400,0.0,0.0
2016-05-16 00:00:00-04:00,20.979999542236328,21.309999465942383,20.670000076293945,20.920000076293945,237300,0.0,0.0
2016-05-17 00:00:00-04:00,20.959999084472656,21.229999542236328,20.610000610351562,20.75,322700,0.0,0.0
2016-05-18 00:00:00-04:00,20.75,21.170000076293945,20.6299991607666,20.690000534057617,365800,0.0,0.0
2016-05-19 00:00:00-04:00,20.549999237060547,20.899999618530273,20.1200008392334,20.760000228881836,451300,0.0,0.0
2016-05-20 00:00:00-04:00,20.790000915527344,21.540000915527344,20.790000915527344,21.43000030517578,297400,0.0,0.0
2016-05-23 00:00:00-04:00,21.520000457763672,22.040000915527344,21.520000457763672,21.860000610351562,247600,0.0,0.0
2016-05-24 00:00:00-04:00,22.020000457763672,22.989999771118164,22.020000457763672,22.81999969482422,429200,0.0,0.0
2016-05-25 00:00:00-04:00,23.110000610351562,23.790000915527344,22.969999313354492,23.75,609300,0.0,0.0
2016-05-26 00:00:00-04:00,23.450000762939453,23.670000076293945,22.899999618530273,23.399999618530273,762800,0.0,0.0
2016-05-27 00:00:00-04:00,24.0,24.040000915527344,21.950000762939453,22.709999084472656,1363700,0.0,0.0
2016-05-31 00:00:00-04:00,22.299999237060547,22.700000762939453,21.389999389648438,21.739999771118164,1188800,0.0,0.0
2016-06-01 00:00:00-04:00,21.360000610351562,21.860000610351562,20.81999969482422,21.65999984741211,788300,0.0,0.0
2016-06-02 00:00:00-04:00,21.6299991607666,21.75,21.329999923706055,21.700000762939453,488000,0.0,0.0
2016-06-03 00:00:00-04:00,21.540000915527344,21.540000915527344,20.899999618530273,21.06999969482422,558700,0.0,0.0
2016-06-06 00:00:00-04:00,21.139999389648438,21.549999237060547,20.719999313354492,21.420000076293945,633800,0.0,0.0
2016-06-07 00:00:00-04:00,21.600000381469727,21.860000610351562,21.549999237060547,21.600000381469727,265200,0.0,0.0
2016-06-08 00:00:00-04:00,21.540000915527344,22.0,21.520000457763672,21.809999465942383,702800,0.0,0.0
2016-06-09 00:00:00-04:00,21.360000610351562,22.0,20.81999969482422,21.299999237060547,1135700,0.0,0.0
2016-06-10 00:00:00-04:00,20.81999969482422,20.84000015258789,20.0,20.0,1268800,0.0,0.0
2016-06-13 00:00:00-04:00,19.68000030517578,20.579999923706055,19.459999084472656,20.399999618530273,528500,0.0,0.0
2016-06-14 00:00:00-04:00,20.260000228881836,20.670000076293945,19.93000030517578,20.280000686645508,363300,0.0,0.0
2016-06-15 00:00:00-04:00,20.5,20.809999465942383,20.030000686645508,20.049999237060547,507700,0.0,0.0
2016-06-16 00:00:00-04:00,19.8700008392334,20.690000534057617,19.459999084472656,20.540000915527344,636500,0.0,0.0
2016-06-17 00:00:00-04:00,20.579999923706055,21.0,20.450000762939453,20.559999465942383,600500,0.0,0.0
2016-06-20 00:00:00-04:00,20.959999084472656,21.280000686645508,20.799999237060547,20.829999923706055,238900,0.0,0.0
2016-06-21 00:00:00-04:00,20.8700008392334,21.030000686645508,20.56999969482422,20.670000076293945,204800,0.0,0.0
2016-06-22 00:00:00-04:00,20.68000030517578,21.15999984741211,20.450000762939453,20.489999771118164,289900,0.0,0.0
2016-06-23 00:00:00-04:00,20.700000762939453,20.989999771118164,20.59000015258789,20.8700008392334,215500,0.0,0.0
2016-06-24 00:00:00-04:00,19.5,20.31999969482422,19.399999618530273,20.030000686645508,479200,0.0,0.0
2016-06-27 00:00:00-04:00,19.600000381469727,19.75,18.8799991607666,19.110000610351562,504400,0.0,0.0
2016-06-28 00:00:00-04:00,19.450000762939453,19.780000686645508,19.190000534057617,19.670000076293945,441500,0.0,0.0
2016-06-29 00:00:00-04:00,19.899999618530273,20.43000030517578,19.75,20.18000030517578,342500,0.0,0.0
2016-06-30 00:00:00-04:00,20.0,20.59000015258789,19.90999984741211,20.3799991607666,295500,0.0,0.0
2016-07-01 00:00:00-04:00,20.309999465942383,20.889999389648438,20.15999984741211,20.649999618530273,267800,0.0,0.0
2016-07-05 00:00:00-04:00,20.399999618530273,20.639999389648438,20.110000610351562,20.420000076293945,256100,0.0,0.0
2016-07-06 00:00:00-04:00,20.15999984741211,20.25,19.610000610351562,20.0,423100,0.0,0.0
2016-07-07 00:00:00-04:00,20.020000457763672,20.290000915527344,19.459999084472656,19.729999542236328,437200,0.0,0.0
2016-07-08 00:00:00-04:00,19.8700008392334,20.1299991607666,19.40999984741211,19.479999542236328,569300,0.0,0.0
2016-07-11 00:00:00-04:00,19.649999618530273,20.010000228881836,19.5,19.709999084472656,633900,0.0,0.0
2016-07-12 00:00:00-04:00,19.850000381469727,20.139999389648438,19.68000030517578,19.799999237060547,506600,0.0,0.0
2016-07-13 00:00:00-04:00,19.799999237060547,19.93000030517578,19.510000228881836,19.530000686645508,287400,0.0,0.0
2016-07-14 00:00:00-04:00,19.90999984741211,19.969999313354492,19.0,19.049999237060547,475400,0.0,0.0
2016-07-15 00:00:00-04:00,19.110000610351562,19.209999084472656,18.209999084472656,18.399999618530273,820600,0.0,0.0
2016-07-18 00:00:00-04:00,18.450000762939453,18.93000030517578,18.100000381469727,18.729999542236328,677500,0.0,0.0
2016-07-19 00:00:00-04:00,18.81999969482422,18.860000610351562,18.049999237060547,18.139999389648438,526100,0.0,0.0
2016-07-20 00:00:00-04:00,18.299999237060547,19.059999465942383,18.219999313354492,18.860000610351562,490200,0.0,0.0
2016-07-21 00:00:00-04:00,18.940000534057617,19.149999618530273,18.75,18.81999969482422,354800,0.0,0.0
2016-07-22 00:00:00-04:00,18.850000381469727,19.09000015258789,18.690000534057617,18.719999313354492,174200,0.0,0.0
2016-07-25 00:00:00-04:00,18.81999969482422,18.850000381469727,18.479999542236328,18.56999969482422,144500,0.0,0.0
2016-07-26 00:00:00-04:00,18.469999313354492,19.06999969482422,18.469999313354492,18.950000762939453,214400,0.0,0.0
2016-07-27 00:00:00-04:00,18.940000534057617,19.190000534057617,18.520000457763672,18.729999542236328,239300,0.0,0.0
2016-07-28 00:00:00-04:00,18.739999771118164,18.739999771118164,18.329999923706055,18.3700008392334,405200,0.0,0.0
2016-07-29 00:00:00-04:00,18.420000076293945,18.639999389648438,18.100000381469727,18.280000686645508,402100,0.0,0.0
2016-08-01 00:00:00-04:00,18.229999542236328,19.360000610351562,18.219999313354492,19.049999237060547,641500,0.0,0.0
2016-08-02 00:00:00-04:00,19.049999237060547,19.18000030517578,18.829999923706055,18.93000030517578,461200,0.0,0.0
2016-08-03 00:00:00-04:00,18.940000534057617,19.329999923706055,18.790000915527344,19.030000686645508,329700,0.0,0.0
2016-08-04 00:00:00-04:00,19.110000610351562,19.239999771118164,18.860000610351562,19.059999465942383,254300,0.0,0.0
2016-08-05 00:00:00-04:00,18.559999465942383,19.34000015258789,18.540000915527344,19.15999984741211,324700,0.0,0.0
2016-08-08 00:00:00-04:00,19.170000076293945,19.299999237060547,18.8799991607666,18.920000076293945,219200,0.0,0.0
2016-08-09 00:00:00-04:00,19.059999465942383,19.18000030517578,18.5,18.84000015258789,230900,0.0,0.0
2016-08-10 00:00:00-04:00,18.510000228881836,18.93000030517578,18.100000381469727,18.299999237060547,600800,0.0,0.0
2016-08-11 00:00:00-04:00,18.299999237060547,18.479999542236328,18.15999984741211,18.31999969482422,252200,0.0,0.0
2016-08-12 00:00:00-04:00,18.40999984741211,18.520000457763672,18.270000457763672,18.479999542236328,150900,0.0,0.0
2016-08-15 00:00:00-04:00,18.799999237060547,19.530000686645508,18.780000686645508,19.43000030517578,450300,0.0,0.0
2016-08-16 00:00:00-04:00,19.479999542236328,19.709999084472656,19.190000534057617,19.479999542236328,320800,0.0,0.0
2016-08-17 00:00:00-04:00,19.3799991607666,19.399999618530273,18.549999237060547,18.81999969482422,389800,0.0,0.0
2016-08-18 00:00:00-04:00,19.209999084472656,20.0,19.209999084472656,19.809999465942383,499600,0.0,0.0
2016-08-19 00:00:00-04:00,19.790000915527344,19.950000762939453,19.579999923706055,19.639999389648438,178800,0.0,0.0
2016-08-22 00:00:00-04:00,19.979999542236328,20.149999618530273,19.81999969482422,20.010000228881836,321000,0.0,0.0
2016-08-23 00:00:00-04:00,20.610000610351562,20.969999313354492,20.440000534057617,20.809999465942383,674400,0.0,0.0
2016-08-24 00:00:00-04:00,20.760000228881836,21.170000076293945,20.059999465942383,20.170000076293945,614700,0.0,0.0
2016-08-25 00:00:00-04:00,19.3799991607666,19.479999542236328,18.549999237060547,18.81999969482422,1058400,0.0,0.0
2016-08-26 00:00:00-04:00,18.93000030517578,19.700000762939453,18.790000915527344,19.0,518500,0.0,0.0
2016-08-29 00:00:00-04:00,19.0,19.110000610351562,18.81999969482422,18.920000076293945,244700,0.0,0.0
2016-08-30 00:00:00-04:00,18.93000030517578,19.299999237060547,18.760000228881836,18.780000686645508,304900,0.0,0.0
2016-08-31 00:00:00-04:00,18.780000686645508,18.84000015258789,18.25,18.459999084472656,437000,0.0,0.0
2016-09-01 00:00:00-04:00,18.540000915527344,18.739999771118164,18.100000381469727,18.520000457763672,325600,0.0,0.0
2016-09-02 00:00:00-04:00,18.559999465942383,18.760000228881836,18.399999618530273,18.440000534057617,259000,0.0,0.0
2016-09-06 00:00:00-04:00,18.399999618530273,18.6299991607666,18.3700008392334,18.530000686645508,271000,0.0,0.0
2016-09-07 00:00:00-04:00,18.43000030517578,18.65999984741211,18.209999084472656,18.3799991607666,268000,0.0,0.0
2016-09-08 00:00:00-04:00,17.899999618530273,18.440000534057617,17.8799991607666,18.239999771118164,363300,0.0,0.0
2016-09-09 00:00:00-04:00,18.06999969482422,18.270000457763672,17.899999618530273,17.93000030517578,522600,0.0,0.0
2016-09-12 00:00:00-04:00,17.510000228881836,17.809999465942383,17.309999465942383,17.6200008392334,349300,0.0,0.0
2016-09-13 00:00:00-04:00,17.489999771118164,17.489999771118164,16.540000915527344,16.690000534057617,595900,0.0,0.0
2016-09-14 00:00:00-04:00,16.780000686645508,16.899999618530273,15.300000190734863,15.5600004196167,1025000,0.0,0.0
2016-09-15 00:00:00-04:00,15.529999732971191,16.40999984741211,15.489999771118164,15.9399995803833,694100,0.0,0.0
2016-09-16 00:00:00-04:00,15.899999618530273,16.079999923706055,15.180000305175781,15.75,659500,0.0,0.0
2016-09-19 00:00:00-04:00,15.890000343322754,15.979999542236328,15.3100004196167,15.34000015258789,487000,0.0,0.0
2016-09-20 00:00:00-04:00,15.34000015258789,15.390000343322754,14.760000228881836,14.819999694824219,564400,0.0,0.0
2016-09-21 00:00:00-04:00,14.449999809265137,14.989999771118164,14.319999694824219,14.550000190734863,668400,0.0,0.0
2016-09-22 00:00:00-04:00,14.600000381469727,15.25,14.600000381469727,15.170000076293945,416800,0.0,0.0
2016-09-23 00:00:00-04:00,15.109999656677246,15.449999809265137,14.84000015258789,15.180000305175781,527100,0.0,0.0
2016-09-26 00:00:00-04:00,14.989999771118164,15.149999618530273,14.8100004196167,15.029999732971191,318200,0.0,0.0
2016-09-27 00:00:00-04:00,14.600000381469727,15.649999618530273,14.600000381469727,15.489999771118164,482500,0.0,0.0
2016-09-28 00:00:00-04:00,15.5,16.059999465942383,15.399999618530273,15.770000457763672,394300,0.0,0.0
2016-09-29 00:00:00-04:00,15.710000038146973,16.799999237060547,15.699999809265137,16.5,926800,0.0,0.0
2016-09-30 00:00:00-04:00,16.420000076293945,16.6200008392334,15.770000457763672,15.800000190734863,424700,0.0,0.0
2016-10-03 00:00:00-04:00,15.8100004196167,16.31999969482422,15.729999542236328,15.930000305175781,339500,0.0,0.0
2016-10-04 00:00:00-04:00,15.9399995803833,16.0,15.210000038146973,15.329999923706055,431700,0.0,0.0
2016-10-05 00:00:00-04:00,15.399999618530273,16.860000610351562,15.399999618530273,16.719999313354492,757300,0.0,0.0
2016-10-06 00:00:00-04:00,16.729999542236328,17.239999771118164,16.450000762939453,16.889999389648438,530200,0.0,0.0
2016-10-07 00:00:00-04:00,16.899999618530273,16.950000762939453,16.06999969482422,16.09000015258789,318300,0.0,0.0
2016-10-10 00:00:00-04:00,16.219999313354492,16.8799991607666,16.200000762939453,16.790000915527344,493600,0.0,0.0
2016-10-11 00:00:00-04:00,17.489999771118164,17.690000534057617,16.149999618530273,16.549999237060547,812500,0.0,0.0
2016-10-12 00:00:00-04:00,16.350000381469727,16.90999984741211,16.239999771118164,16.549999237060547,431600,0.0,0.0
2016-10-13 00:00:00-04:00,16.219999313354492,16.649999618530273,16.010000228881836,16.440000534057617,383800,0.0,0.0
2016-10-14 00:00:00-04:00,16.579999923706055,16.790000915527344,16.31999969482422,16.399999618530273,399000,0.0,0.0
2016-10-17 00:00:00-04:00,16.350000381469727,16.56999969482422,16.219999313354492,16.260000228881836,340700,0.0,0.0
2016-10-18 00:00:00-04:00,16.469999313354492,16.700000762939453,16.34000015258789,16.479999542236328,298400,0.0,0.0
2016-10-19 00:00:00-04:00,16.40999984741211,17.270000457763672,16.360000610351562,17.0,418800,0.0,0.0
2016-10-20 00:00:00-04:00,16.8700008392334,17.489999771118164,16.649999618530273,17.15999984741211,330200,0.0,0.0
2016-10-21 00:00:00-04:00,17.170000076293945,17.329999923706055,16.8799991607666,17.020000457763672,239500,0.0,0.0
2016-10-24 00:00:00-04:00,17.31999969482422,17.31999969482422,16.760000228881836,16.889999389648438,240200,0.0,0.0
2016-10-25 00:00:00-04:00,16.959999084472656,16.959999084472656,16.5,16.600000381469727,182500,0.0,0.0
2016-10-26 00:00:00-04:00,16.56999969482422,16.729999542236328,16.5,16.610000610351562,160200,0.0,0.0
2016-10-27 00:00:00-04:00,16.649999618530273,16.780000686645508,16.059999465942383,16.219999313354492,265800,0.0,0.0
2016-10-28 00:00:00-04:00,16.1200008392334,16.15999984741211,15.5,15.779999732971191,364200,0.0,0.0
2016-10-31 00:00:00-04:00,15.779999732971191,15.880000114440918,15.029999732971191,15.40999984741211,285100,0.0,0.0
2016-11-01 00:00:00-04:00,15.520000457763672,15.729999542236328,15.15999984741211,15.520000457763672,322100,0.0,0.0
2016-11-02 00:00:00-04:00,15.5,15.59000015258789,15.100000381469727,15.229999542236328,189900,0.0,0.0
2016-11-03 00:00:00-04:00,15.09000015258789,15.180000305175781,14.609999656677246,14.670000076293945,397000,0.0,0.0
2016-11-04 00:00:00-04:00,14.670000076293945,14.920000076293945,14.0600004196167,14.680000305175781,347800,0.0,0.0
2016-11-07 00:00:00-05:00,14.90999984741211,15.720000267028809,14.890000343322754,14.989999771118164,377900,0.0,0.0
2016-11-08 00:00:00-05:00,15.260000228881836,15.600000381469727,15.050000190734863,15.399999618530273,577800,0.0,0.0
2016-11-09 00:00:00-05:00,14.100000381469727,14.65999984741211,13.520000457763672,14.100000381469727,1036700,0.0,0.0
2016-11-10 00:00:00-05:00,14.119999885559082,14.329999923706055,13.5,13.710000038146973,734700,0.0,0.0
2016-11-11 00:00:00-05:00,13.289999961853027,13.609999656677246,13.079999923706055,13.270000457763672,700500,0.0,0.0
2016-11-14 00:00:00-05:00,13.229999542236328,13.399999618530273,12.920000076293945,13.149999618530273,462900,0.0,0.0
2016-11-15 00:00:00-05:00,13.25,13.800000190734863,13.220000267028809,13.75,467100,0.0,0.0
2016-11-16 00:00:00-05:00,14.989999771118164,15.149999618530273,14.180000305175781,14.630000114440918,1355900,0.0,0.0
2016-11-17 00:00:00-05:00,14.539999961853027,14.5600004196167,13.9399995803833,14.100000381469727,617600,0.0,0.0
2016-11-18 00:00:00-05:00,13.84000015258789,14.0,13.329999923706055,13.34000015258789,684200,0.0,0.0
2016-11-21 00:00:00-05:00,13.319999694824219,13.449999809265137,12.720000267028809,12.869999885559082,742700,0.0,0.0
2016-11-22 00:00:00-05:00,12.979999542236328,13.4399995803833,12.970000267028809,13.069999694824219,479400,0.0,0.0
2016-11-23 00:00:00-05:00,13.279999732971191,13.4399995803833,12.949999809265137,13.430000305175781,499600,0.0,0.0
2016-11-25 00:00:00-05:00,13.869999885559082,14.350000381469727,13.770000457763672,14.100000381469727,555800,0.0,0.0
2016-11-28 00:00:00-05:00,14.15999984741211,14.220000267028809,13.75,13.920000076293945,482100,0.0,0.0
2016-11-29 00:00:00-05:00,14.039999961853027,14.039999961853027,13.5600004196167,13.680000305175781,284100,0.0,0.0
2016-11-30 00:00:00-05:00,13.899999618530273,14.25,13.850000381469727,14.140000343322754,478100,0.0,0.0
2016-12-01 00:00:00-05:00,14.289999961853027,14.399999618530273,13.760000228881836,14.130000114440918,451800,0.0,0.0
2016-12-02 00:00:00-05:00,14.289999961853027,14.350000381469727,13.90999984741211,14.279999732971191,581400,0.0,0.0
2016-12-05 00:00:00-05:00,14.270000457763672,15.220000267028809,14.25,15.130000114440918,778800,0.0,0.0
2016-12-06 00:00:00-05:00,15.020000457763672,15.430000305175781,14.75,14.979999542236328,564700,0.0,0.0
2016-12-07 00:00:00-05:00,15.0600004196167,16.3799991607666,15.0,15.930000305175781,919800,0.0,0.0
2016-12-08 00:00:00-05:00,16.0,16.0,15.380000114440918,15.6899995803833,413300,0.0,0.0
2016-12-09 00:00:00-05:00,15.720000267028809,16.43000030517578,15.720000267028809,15.920000076293945,462400,0.0,0.0
2016-12-12 00:00:00-05:00,15.960000038146973,16.200000762939453,15.84000015258789,16.049999237060547,469800,0.0,0.0
2016-12-13 00:00:00-05:00,16.15999984741211,16.260000228881836,15.8100004196167,16.0,314600,0.0,0.0
2016-12-14 00:00:00-05:00,16.209999084472656,16.209999084472656,15.670000076293945,15.710000038146973,298200,0.0,0.0
2016-12-15 00:00:00-05:00,15.649999618530273,15.899999618530273,15.380000114440918,15.6899995803833,407600,0.0,0.0
2016-12-16 00:00:00-05:00,15.90999984741211,16.31999969482422,15.609999656677246,15.789999961853027,690200,0.0,0.0
2016-12-19 00:00:00-05:00,15.869999885559082,16.049999237060547,15.649999618530273,15.75,388700,0.0,0.0
2016-12-20 00:00:00-05:00,15.779999732971191,16.190000534057617,15.569999694824219,15.739999771118164,202000,0.0,0.0
2016-12-21 00:00:00-05:00,15.850000381469727,15.850000381469727,15.460000038146973,15.510000228881836,274600,0.0,0.0
2016-12-22 00:00:00-05:00,15.449999809265137,15.819999694824219,15.430000305175781,15.710000038146973,259600,0.0,0.0
2016-12-23 00:00:00-05:00,15.65999984741211,15.90999984741211,15.380000114440918,15.460000038146973,197700,0.0,0.0
2016-12-27 00:00:00-05:00,15.479999542236328,16.219999313354492,15.479999542236328,15.949999809265137,364700,0.0,0.0
2016-12-28 00:00:00-05:00,15.989999771118164,16.200000762939453,15.4399995803833,15.539999961853027,303500,0.0,0.0
2016-12-29 00:00:00-05:00,15.579999923706055,15.760000228881836,15.180000305175781,15.260000228881836,206800,0.0,0.0
2016-12-30 00:00:00-05:00,15.199999809265137,15.680000305175781,15.15999984741211,15.229999542236328,358900,0.0,0.0
2017-01-03 00:00:00-05:00,15.460000038146973,15.84000015258789,15.300000190734863,15.630000114440918,269000,0.0,0.0
2017-01-04 00:00:00-05:00,15.640000343322754,16.15999984741211,15.630000114440918,15.90999984741211,440900,0.0,0.0
2017-01-05 00:00:00-05:00,15.9399995803833,16.290000915527344,15.84000015258789,15.850000381469727,255700,0.0,0.0
2017-01-06 00:00:00-05:00,15.6899995803833,16.059999465942383,15.680000305175781,15.720000267028809,200700,0.0,0.0
2017-01-09 00:00:00-05:00,15.65999984741211,15.859999656677246,15.470000267028809,15.550000190734863,206200,0.0,0.0
2017-01-10 00:00:00-05:00,15.5600004196167,15.720000267028809,15.460000038146973,15.649999618530273,146200,0.0,0.0
2017-01-11 00:00:00-05:00,15.680000305175781,16.139999389648438,15.630000114440918,15.859999656677246,425500,0.0,0.0
2017-01-12 00:00:00-05:00,15.789999961853027,15.899999618530273,15.369999885559082,15.59000015258789,325600,0.0,0.0
2017-01-13 00:00:00-05:00,15.600000381469727,15.989999771118164,15.529999732971191,15.710000038146973,215200,0.0,0.0
2017-01-17 00:00:00-05:00,15.720000267028809,16.93000030517578,15.649999618530273,16.450000762939453,786200,0.0,0.0
2017-01-18 00:00:00-05:00,16.450000762939453,16.719999313354492,15.670000076293945,15.819999694824219,349500,0.0,0.0
2017-01-19 00:00:00-05:00,15.829999923706055,16.459999084472656,15.819999694824219,15.880000114440918,267700,0.0,0.0
2017-01-20 00:00:00-05:00,15.890000343322754,16.139999389648438,15.510000228881836,15.75,384200,0.0,0.0
2017-01-23 00:00:00-05:00,15.770000457763672,15.829999923706055,15.050000190734863,15.289999961853027,630200,0.0,0.0
2017-01-24 00:00:00-05:00,15.149999618530273,15.329999923706055,14.579999923706055,14.720000267028809,660100,0.0,0.0
2017-01-25 00:00:00-05:00,14.680000305175781,15.050000190734863,14.5600004196167,14.890000343322754,504200,0.0,0.0
2017-01-26 00:00:00-05:00,14.899999618530273,14.949999809265137,14.479999542236328,14.5600004196167,353900,0.0,0.0
2017-01-27 00:00:00-05:00,14.550000190734863,15.039999961853027,14.550000190734863,14.850000381469727,510300,0.0,0.0
2017-01-30 00:00:00-05:00,14.75,14.800000190734863,14.010000228881836,14.079999923706055,525600,0.0,0.0
2017-01-31 00:00:00-05:00,14.1899995803833,14.380000114440918,13.699999809265137,14.319999694824219,395700,0.0,0.0
2017-02-01 00:00:00-05:00,14.329999923706055,14.550000190734863,14.180000305175781,14.5,266900,0.0,0.0
2017-02-02 00:00:00-05:00,14.460000038146973,14.720000267028809,14.220000267028809,14.319999694824219,259700,0.0,0.0
2017-02-03 00:00:00-05:00,14.329999923706055,14.619999885559082,14.279999732971191,14.470000267028809,212800,0.0,0.0
2017-02-06 00:00:00-05:00,14.479999542236328,14.640000343322754,14.25,14.479999542236328,170500,0.0,0.0
2017-02-07 00:00:00-05:00,14.420000076293945,14.529999732971191,14.199999809265137,14.329999923706055,256500,0.0,0.0
2017-02-08 00:00:00-05:00,14.319999694824219,14.520000457763672,14.130000114440918,14.5,232700,0.0,0.0
2017-02-09 00:00:00-05:00,14.5,14.720000267028809,14.359999656677246,14.460000038146973,233300,0.0,0.0
2017-02-10 00:00:00-05:00,14.4399995803833,15.069999694824219,14.380000114440918,15.020000457763672,304400,0.0,0.0
2017-02-13 00:00:00-05:00,14.979999542236328,15.6899995803833,14.979999542236328,15.600000381469727,509700,0.0,0.0
2017-02-14 00:00:00-05:00,15.609999656677246,16.059999465942383,15.260000228881836,16.030000686645508,459400,0.0,0.0
2017-02-15 00:00:00-05:00,16.040000915527344,16.510000228881836,16.010000228881836,16.40999984741211,532800,0.0,0.0
2017-02-16 00:00:00-05:00,16.25,16.549999237060547,15.779999732971191,16.139999389648438,524500,0.0,0.0
2017-02-17 00:00:00-05:00,16.100000381469727,16.860000610351562,15.859999656677246,16.770000457763672,678900,0.0,0.0
2017-02-21 00:00:00-05:00,17.030000686645508,17.920000076293945,16.979999542236328,17.530000686645508,1221600,0.0,0.0
2017-02-22 00:00:00-05:00,17.540000915527344,17.829999923706055,16.600000381469727,16.979999542236328,1025600,0.0,0.0
2017-02-23 00:00:00-05:00,17.030000686645508,17.799999237060547,17.030000686645508,17.469999313354492,528900,0.0,0.0
2017-02-24 00:00:00-05:00,17.1200008392334,17.260000228881836,16.899999618530273,17.149999618530273,603300,0.0,0.0
2017-02-27 00:00:00-05:00,16.850000381469727,17.979999542236328,16.3700008392334,17.950000762939453,1579000,0.0,0.0
2017-02-28 00:00:00-05:00,17.639999389648438,17.719999313354492,16.450000762939453,16.8799991607666,965200,0.0,0.0
2017-03-01 00:00:00-05:00,17.100000381469727,17.489999771118164,16.549999237060547,16.739999771118164,560800,0.0,0.0
2017-03-02 00:00:00-05:00,16.760000228881836,17.25,16.649999618530273,16.81999969482422,590300,0.0,0.0
2017-03-03 00:00:00-05:00,16.829999923706055,16.989999771118164,16.170000076293945,16.34000015258789,536000,0.0,0.0
2017-03-06 00:00:00-05:00,16.40999984741211,16.440000534057617,15.460000038146973,15.630000114440918,842500,0.0,0.0
2017-03-07 00:00:00-05:00,15.670000076293945,15.760000228881836,15.289999961853027,15.550000190734863,628400,0.0,0.0
2017-03-08 00:00:00-05:00,15.479999542236328,15.8100004196167,15.25,15.300000190734863,459000,0.0,0.0
2017-03-09 00:00:00-05:00,15.210000038146973,15.600000381469727,15.0,15.079999923706055,426700,0.0,0.0
2017-03-10 00:00:00-05:00,15.170000076293945,15.569999694824219,14.949999809265137,15.489999771118164,492800,0.0,0.0
2017-03-13 00:00:00-04:00,15.550000190734863,15.84000015258789,15.430000305175781,15.8100004196167,277600,0.0,0.0
2017-03-14 00:00:00-04:00,15.8100004196167,16.270000457763672,15.609999656677246,16.020000457763672,446200,0.0,0.0
2017-03-15 00:00:00-04:00,16.18000030517578,17.09000015258789,16.0,17.079999923706055,579400,0.0,0.0
2017-03-16 00:00:00-04:00,17.299999237060547,17.5,17.1200008392334,17.459999084472656,657400,0.0,0.0
2017-03-17 00:00:00-04:00,17.299999237060547,17.579999923706055,16.860000610351562,16.920000076293945,773900,0.0,0.0
2017-03-20 00:00:00-04:00,16.93000030517578,16.93000030517578,16.139999389648438,16.56999969482422,469800,0.0,0.0
2017-03-21 00:00:00-04:00,16.579999923706055,16.739999771118164,15.5600004196167,15.890000343322754,785100,0.0,0.0
2017-03-22 00:00:00-04:00,15.859999656677246,15.979999542236328,15.329999923706055,15.789999961853027,346300,0.0,0.0
2017-03-23 00:00:00-04:00,15.800000190734863,16.049999237060547,15.579999923706055,15.890000343322754,286500,0.0,0.0
2017-03-24 00:00:00-04:00,15.899999618530273,16.389999389648438,15.880000114440918,16.190000534057617,250200,0.0,0.0
2017-03-27 00:00:00-04:00,16.020000457763672,16.700000762939453,15.869999885559082,16.610000610351562,371100,0.0,0.0
2017-03-28 00:00:00-04:00,16.56999969482422,16.829999923706055,16.350000381469727,16.709999084472656,354900,0.0,0.0
2017-03-29 00:00:00-04:00,16.56999969482422,16.90999984741211,16.239999771118164,16.270000457763672,352600,0.0,0.0
2017-03-30 00:00:00-04:00,16.280000686645508,16.479999542236328,16.139999389648438,16.260000228881836,175900,0.0,0.0
2017-03-31 00:00:00-04:00,16.25,16.93000030517578,16.209999084472656,16.56999969482422,235400,0.0,0.0
2017-04-03 00:00:00-04:00,16.65999984741211,16.93000030517578,16.459999084472656,16.729999542236328,343900,0.0,0.0
2017-04-04 00:00:00-04:00,16.559999465942383,16.969999313354492,16.559999465942383,16.65999984741211,263000,0.0,0.0
2017-04-05 00:00:00-04:00,16.8799991607666,17.350000381469727,16.3799991607666,16.520000457763672,500700,0.0,0.0
2017-04-06 00:00:00-04:00,16.520000457763672,16.90999984741211,16.420000076293945,16.770000457763672,221000,0.0,0.0
2017-04-07 00:00:00-04:00,16.729999542236328,16.969999313354492,16.670000076293945,16.690000534057617,131100,0.0,0.0
2017-04-10 00:00:00-04:00,16.700000762939453,17.350000381469727,16.600000381469727,17.15999984741211,696500,0.0,0.0
2017-04-11 00:00:00-04:00,17.170000076293945,17.530000686645508,16.790000915527344,17.25,559100,0.0,0.0
2017-04-12 00:00:00-04:00,17.260000228881836,17.389999389648438,16.93000030517578,17.030000686645508,610500,0.0,0.0
2017-04-13 00:00:00-04:00,16.959999084472656,17.389999389648438,16.940000534057617,17.25,429200,0.0,0.0
2017-04-17 00:00:00-04:00,17.299999237060547,17.579999923706055,17.06999969482422,17.260000228881836,344200,0.0,0.0
2017-04-18 00:00:00-04:00,17.1200008392334,17.6299991607666,17.049999237060547,17.530000686645508,598400,0.0,0.0
2017-04-19 00:00:00-04:00,17.59000015258789,17.600000381469727,16.93000030517578,16.950000762939453,343700,0.0,0.0
2017-04-20 00:00:00-04:00,17.1200008392334,17.25,16.6299991607666,16.639999389648438,367900,0.0,0.0
2017-04-21 00:00:00-04:00,16.649999618530273,16.90999984741211,16.510000228881836,16.649999618530273,394800,0.0,0.0
2017-04-24 00:00:00-04:00,17.040000915527344,17.389999389648438,16.790000915527344,17.209999084472656,387500,0.0,0.0
2017-04-25 00:00:00-04:00,17.0,17.31999969482422,16.8799991607666,17.030000686645508,211000,0.0,0.0
2017-04-26 00:00:00-04:00,17.020000457763672,17.5,16.989999771118164,17.260000228881836,366600,0.0,0.0
2017-04-27 00:00:00-04:00,17.3799991607666,17.860000610351562,17.25,17.799999237060547,794800,0.0,0.0
2017-04-28 00:00:00-04:00,17.799999237060547,17.81999969482422,16.899999618530273,17.34000015258789,623500,0.0,0.0
2017-05-01 00:00:00-04:00,17.389999389648438,17.709999084472656,17.049999237060547,17.100000381469727,338600,0.0,0.0
2017-05-02 00:00:00-04:00,17.110000610351562,17.329999923706055,17.049999237060547,17.229999542236328,272800,0.0,0.0
2017-05-03 00:00:00-04:00,17.459999084472656,18.100000381469727,17.309999465942383,17.34000015258789,420800,0.0,0.0
2017-05-04 00:00:00-04:00,17.40999984741211,17.40999984741211,16.299999237060547,16.3700008392334,889300,0.0,0.0
2017-05-05 00:00:00-04:00,16.559999465942383,17.040000915527344,16.5,16.920000076293945,451300,0.0,0.0
2017-05-08 00:00:00-04:00,16.979999542236328,16.979999542236328,16.739999771118164,16.81999969482422,165000,0.0,0.0
2017-05-09 00:00:00-04:00,16.8799991607666,17.450000762939453,16.8700008392334,17.420000076293945,483500,0.0,0.0
2017-05-10 00:00:00-04:00,17.459999084472656,17.899999618530273,17.31999969482422,17.6200008392334,417000,0.0,0.0
2017-05-11 00:00:00-04:00,17.469999313354492,17.610000610351562,16.8700008392334,17.389999389648438,419600,0.0,0.0
2017-05-12 00:00:00-04:00,17.40999984741211,17.450000762939453,17.010000228881836,17.290000915527344,322700,0.0,0.0
2017-05-15 00:00:00-04:00,17.399999618530273,17.709999084472656,17.290000915527344,17.450000762939453,377400,0.0,0.0
2017-05-16 00:00:00-04:00,17.43000030517578,17.459999084472656,17.110000610351562,17.3700008392334,330600,0.0,0.0
2017-05-17 00:00:00-04:00,17.200000762939453,17.200000762939453,16.90999984741211,16.979999542236328,441400,0.0,0.0
2017-05-18 00:00:00-04:00,16.93000030517578,17.299999237060547,16.6299991607666,17.25,393200,0.0,0.0
2017-05-19 00:00:00-04:00,17.299999237060547,18.690000534057617,17.219999313354492,18.389999389648438,1657800,0.0,0.0
2017-05-22 00:00:00-04:00,19.049999237060547,19.299999237060547,18.540000915527344,19.0,1209900,0.0,0.0
2017-05-23 00:00:00-04:00,19.299999237060547,19.850000381469727,19.0,19.40999984741211,1038300,0.0,0.0
2017-05-24 00:00:00-04:00,19.540000915527344,19.8799991607666,19.1200008392334,19.299999237060547,1058900,0.0,0.0
2017-05-25 00:00:00-04:00,19.299999237060547,22.190000534057617,19.299999237060547,21.459999084472656,2309400,0.0,0.0
2017-05-26 00:00:00-04:00,20.190000534057617,20.889999389648438,18.790000915527344,19.030000686645508,4017900,0.0,0.0
2017-05-30 00:00:00-04:00,19.209999084472656,19.829999923706055,18.690000534057617,18.84000015258789,1585300,0.0,0.0
2017-05-31 00:00:00-04:00,18.809999465942383,19.1299991607666,17.34000015258789,17.860000610351562,1805500,0.0,0.0
2017-06-01 00:00:00-04:00,18.229999542236328,19.030000686645508,18.059999465942383,18.34000015258789,1072800,0.0,0.0
2017-06-02 00:00:00-04:00,18.350000381469727,18.889999389648438,17.799999237060547,18.780000686645508,1360300,0.0,0.0
2017-06-05 00:00:00-04:00,18.209999084472656,18.399999618530273,17.100000381469727,17.209999084472656,1812300,0.0,0.0
2017-06-06 00:00:00-04:00,17.280000686645508,17.700000762939453,17.200000762939453,17.600000381469727,879800,0.0,0.0
2017-06-07 00:00:00-04:00,17.700000762939453,18.260000228881836,17.6299991607666,18.010000228881836,884500,0.0,0.0
2017-06-08 00:00:00-04:00,18.0,18.219999313354492,17.530000686645508,18.190000534057617,650300,0.0,0.0
2017-06-09 00:00:00-04:00,18.18000030517578,18.690000534057617,17.15999984741211,17.3700008392334,1237000,0.0,0.0
2017-06-12 00:00:00-04:00,17.450000762939453,18.270000457763672,17.3799991607666,18.200000762939453,1068100,0.0,0.0
2017-06-13 00:00:00-04:00,18.190000534057617,18.6200008392334,18.190000534057617,18.540000915527344,472900,0.0,0.0
2017-06-14 00:00:00-04:00,18.59000015258789,18.68000030517578,18.100000381469727,18.270000457763672,619900,0.0,0.0
2017-06-15 00:00:00-04:00,18.010000228881836,18.399999618530273,17.700000762939453,17.780000686645508,557100,0.0,0.0
2017-06-16 00:00:00-04:00,17.75,18.399999618530273,17.75,18.329999923706055,720600,0.0,0.0
2017-06-19 00:00:00-04:00,18.469999313354492,18.989999771118164,18.399999618530273,18.729999542236328,825700,0.0,0.0
2017-06-20 00:00:00-04:00,18.489999771118164,19.170000076293945,18.360000610351562,18.90999984741211,721400,0.0,0.0
2017-06-21 00:00:00-04:00,18.920000076293945,19.450000762939453,18.729999542236328,19.399999618530273,642300,0.0,0.0
2017-06-22 00:00:00-04:00,19.209999084472656,20.989999771118164,19.200000762939453,20.260000228881836,1640500,0.0,0.0
2017-06-23 00:00:00-04:00,20.110000610351562,21.0,20.100000381469727,20.770000457763672,929500,0.0,0.0
2017-06-26 00:00:00-04:00,20.899999618530273,21.06999969482422,19.8700008392334,20.25,849000,0.0,0.0
2017-06-27 00:00:00-04:00,20.200000762939453,20.739999771118164,20.059999465942383,20.219999313354492,641100,0.0,0.0
2017-06-28 00:00:00-04:00,20.149999618530273,21.0,20.1299991607666,20.6299991607666,995000,0.0,0.0
2017-06-29 00:00:00-04:00,20.639999389648438,20.920000076293945,20.270000457763672,20.600000381469727,1172200,0.0,0.0
2017-06-30 00:00:00-04:00,20.639999389648438,21.15999984741211,20.059999465942383,20.799999237060547,504700,0.0,0.0
2017-07-03 00:00:00-04:00,20.809999465942383,21.75,20.709999084472656,21.219999313354492,781700,0.0,0.0
2017-07-05 00:00:00-04:00,21.170000076293945,21.700000762939453,20.219999313354492,20.350000381469727,782000,0.0,0.0
2017-07-06 00:00:00-04:00,20.170000076293945,20.719999313354492,19.770000457763672,19.81999969482422,767100,0.0,0.0
2017-07-07 00:00:00-04:00,19.809999465942383,20.34000015258789,19.610000610351562,20.18000030517578,602100,0.0,0.0
2017-07-10 00:00:00-04:00,20.18000030517578,20.84000015258789,20.110000610351562,20.6200008392334,470000,0.0,0.0
2017-07-11 00:00:00-04:00,20.770000457763672,21.100000381469727,20.559999465942383,20.899999618530273,523800,0.0,0.0
2017-07-12 00:00:00-04:00,21.100000381469727,21.860000610351562,21.100000381469727,21.690000534057617,842000,0.0,0.0
2017-07-13 00:00:00-04:00,21.700000762939453,22.18000030517578,21.520000457763672,21.81999969482422,558800,0.0,0.0
2017-07-14 00:00:00-04:00,21.940000534057617,23.229999542236328,21.940000534057617,23.110000610351562,1167200,0.0,0.0
2017-07-17 00:00:00-04:00,23.020000457763672,24.450000762939453,23.020000457763672,23.700000762939453,1513000,0.0,0.0
2017-07-18 00:00:00-04:00,23.700000762939453,25.600000381469727,23.700000762939453,25.520000457763672,2025400,0.0,0.0
2017-07-19 00:00:00-04:00,25.700000762939453,28.18000030517578,25.690000534057617,28.100000381469727,4056800,0.0,0.0
2017-07-20 00:00:00-04:00,27.5,27.979999542236328,26.719999313354492,27.829999923706055,2786200,0.0,0.0
2017-07-21 00:00:00-04:00,27.450000762939453,27.549999237060547,26.56999969482422,27.360000610351562,1921400,0.0,0.0
2017-07-24 00:00:00-04:00,27.209999084472656,28.260000228881836,27.170000076293945,28.0,1734900,0.0,0.0
2017-07-25 00:00:00-04:00,28.25,28.25,25.729999542236328,25.760000228881836,1586200,0.0,0.0
2017-07-26 00:00:00-04:00,26.149999618530273,26.770000457763672,26.0,26.3700008392334,969000,0.0,0.0
2017-07-27 00:00:00-04:00,26.25,27.649999618530273,26.200000762939453,26.760000228881836,1004900,0.0,0.0
2017-07-28 00:00:00-04:00,27.65999984741211,28.1299991607666,27.100000381469727,28.020000457763672,1433100,0.0,0.0
2017-07-31 00:00:00-04:00,28.200000762939453,28.440000534057617,26.739999771118164,27.6200008392334,1369900,0.0,0.0
2017-08-01 00:00:00-04:00,28.0,28.0,27.139999389648438,27.520000457763672,470600,0.0,0.0
2017-08-02 00:00:00-04:00,27.200000762939453,27.520000457763672,26.1200008392334,26.459999084472656,1067000,0.0,0.0
2017-08-03 00:00:00-04:00,26.770000457763672,28.079999923706055,26.719999313354492,27.170000076293945,1526100,0.0,0.0
2017-08-04 00:00:00-04:00,27.25,27.93000030517578,27.18000030517578,27.899999618530273,577900,0.0,0.0
2017-08-07 00:00:00-04:00,28.049999237060547,29.100000381469727,27.5,29.020000457763672,1454900,0.0,0.0
2017-08-08 00:00:00-04:00,28.799999237060547,29.360000610351562,28.34000015258789,28.489999771118164,817500,0.0,0.0
2017-08-09 00:00:00-04:00,28.139999389648438,28.530000686645508,27.75,28.520000457763672,528100,0.0,0.0
2017-08-10 00:00:00-04:00,28.25,28.280000686645508,26.6200008392334,26.889999389648438,917300,0.0,0.0
2017-08-11 00:00:00-04:00,26.549999237060547,27.610000610351562,26.1200008392334,27.489999771118164,888500,0.0,0.0
2017-08-14 00:00:00-04:00,27.600000381469727,28.479999542236328,26.940000534057617,28.110000610351562,835500,0.0,0.0
2017-08-15 00:00:00-04:00,28.100000381469727,28.690000534057617,27.719999313354492,28.239999771118164,722700,0.0,0.0
2017-08-16 00:00:00-04:00,28.309999465942383,28.700000762939453,27.299999237060547,27.450000762939453,659500,0.0,0.0
2017-08-17 00:00:00-04:00,27.459999084472656,27.920000076293945,26.010000228881836,26.059999465942383,1083400,0.0,0.0
2017-08-18 00:00:00-04:00,26.6299991607666,26.729999542236328,26.030000686645508,26.329999923706055,953500,0.0,0.0
2017-08-21 00:00:00-04:00,26.510000228881836,26.559999465942383,23.690000534057617,23.700000762939453,2820300,0.0,0.0
2017-08-22 00:00:00-04:00,24.0,24.399999618530273,23.520000457763672,23.579999923706055,1693900,0.0,0.0
2017-08-23 00:00:00-04:00,23.649999618530273,24.200000762939453,23.520000457763672,23.700000762939453,890100,0.0,0.0
2017-08-24 00:00:00-04:00,23.700000762939453,24.639999389648438,23.65999984741211,24.549999237060547,1076000,0.0,0.0
2017-08-25 00:00:00-04:00,24.700000762939453,24.8700008392334,23.940000534057617,24.700000762939453,1016500,0.0,0.0
2017-08-28 00:00:00-04:00,24.899999618530273,25.100000381469727,24.31999969482422,24.790000915527344,947100,0.0,0.0
2017-08-29 00:00:00-04:00,24.290000915527344,26.450000762939453,24.290000915527344,25.59000015258789,1419500,0.0,0.0
2017-08-30 00:00:00-04:00,26.110000610351562,26.579999923706055,26.0,26.450000762939453,660900,0.0,0.0
2017-08-31 00:00:00-04:00,26.600000381469727,28.299999237060547,26.530000686645508,27.829999923706055,1267900,0.0,0.0
2017-09-01 00:00:00-04:00,27.979999542236328,28.540000915527344,27.899999618530273,28.520000457763672,863300,0.0,0.0
2017-09-05 00:00:00-04:00,28.399999618530273,28.479999542236328,26.790000915527344,26.950000762939453,1796500,0.0,0.0
2017-09-06 00:00:00-04:00,24.700000762939453,27.459999084472656,24.40999984741211,27.149999618530273,2203300,0.0,0.0
2017-09-07 00:00:00-04:00,27.149999618530273,28.889999389648438,26.579999923706055,28.81999969482422,1791400,0.0,0.0
2017-09-08 00:00:00-04:00,28.110000610351562,30.059999465942383,27.3799991607666,28.290000915527344,2229000,0.0,0.0
2017-09-11 00:00:00-04:00,28.399999618530273,28.950000762939453,27.8799991607666,28.700000762939453,1572000,0.0,0.0
2017-09-12 00:00:00-04:00,28.81999969482422,29.239999771118164,28.209999084472656,28.309999465942383,806200,0.0,0.0
2017-09-13 00:00:00-04:00,28.700000762939453,29.56999969482422,28.450000762939453,28.989999771118164,1458500,0.0,0.0
2017-09-14 00:00:00-04:00,28.75,30.110000610351562,28.299999237060547,29.889999389648438,1879000,0.0,0.0
2017-09-15 00:00:00-04:00,29.649999618530273,30.5,28.68000030517578,28.709999084472656,2388100,0.0,0.0
2017-09-18 00:00:00-04:00,29.360000610351562,29.540000915527344,27.329999923706055,27.639999389648438,1687000,0.0,0.0
2017-09-19 00:00:00-04:00,27.84000015258789,28.149999618530273,27.549999237060547,27.709999084472656,628000,0.0,0.0
2017-09-20 00:00:00-04:00,27.979999542236328,28.059999465942383,26.0,26.290000915527344,1371300,0.0,0.0
2017-09-21 00:00:00-04:00,25.6299991607666,26.8799991607666,24.610000610351562,26.010000228881836,1728600,0.0,0.0
2017-09-22 00:00:00-04:00,26.030000686645508,26.690000534057617,25.31999969482422,26.030000686645508,1104000,0.0,0.0
2017-09-25 00:00:00-04:00,25.959999084472656,26.170000076293945,24.700000762939453,25.170000076293945,1126700,0.0,0.0
2017-09-26 00:00:00-04:00,25.469999313354492,25.790000915527344,25.1200008392334,25.559999465942383,549500,0.0,0.0
2017-09-27 00:00:00-04:00,24.950000762939453,26.479999542236328,24.709999084472656,26.1200008392334,788100,0.0,0.0
2017-09-28 00:00:00-04:00,26.049999237060547,26.399999618530273,24.31999969482422,25.040000915527344,915500,0.0,0.0
2017-09-29 00:00:00-04:00,25.1200008392334,25.600000381469727,24.850000381469727,24.950000762939453,449600,0.0,0.0
2017-10-02 00:00:00-04:00,24.920000076293945,24.969999313354492,24.389999389648438,24.760000228881836,377100,0.0,0.0
2017-10-03 00:00:00-04:00,24.969999313354492,25.690000534057617,24.860000610351562,25.209999084472656,504600,0.0,0.0
2017-10-04 00:00:00-04:00,25.299999237060547,25.719999313354492,25.0,25.229999542236328,367600,0.0,0.0
2017-10-05 00:00:00-04:00,25.600000381469727,25.600000381469727,24.420000076293945,24.75,517900,0.0,0.0
2017-10-06 00:00:00-04:00,24.75,24.81999969482422,24.079999923706055,24.260000228881836,521300,0.0,0.0
2017-10-09 00:00:00-04:00,24.290000915527344,24.420000076293945,23.18000030517578,23.739999771118164,841500,0.0,0.0
2017-10-10 00:00:00-04:00,23.700000762939453,23.729999542236328,22.8799991607666,22.969999313354492,668100,0.0,0.0
2017-10-11 00:00:00-04:00,22.329999923706055,22.940000534057617,21.899999618530273,22.600000381469727,907900,0.0,0.0
2017-10-12 00:00:00-04:00,23.030000686645508,23.860000610351562,23.010000228881836,23.520000457763672,698700,0.0,0.0
2017-10-13 00:00:00-04:00,23.6200008392334,24.1200008392334,23.440000534057617,23.520000457763672,541400,0.0,0.0
2017-10-16 00:00:00-04:00,23.6299991607666,23.809999465942383,23.239999771118164,23.450000762939453,234800,0.0,0.0
2017-10-17 00:00:00-04:00,23.40999984741211,24.0,23.040000915527344,23.68000030517578,357900,0.0,0.0
2017-10-18 00:00:00-04:00,23.59000015258789,24.280000686645508,23.59000015258789,23.829999923706055,395500,0.0,0.0
2017-10-19 00:00:00-04:00,23.799999237060547,23.799999237060547,23.100000381469727,23.75,378300,0.0,0.0
2017-10-20 00:00:00-04:00,23.969999313354492,24.329999923706055,23.700000762939453,24.309999465942383,384000,0.0,0.0
2017-10-23 00:00:00-04:00,24.399999618530273,25.200000762939453,24.399999618530273,24.920000076293945,548200,0.0,0.0
2017-10-24 00:00:00-04:00,24.760000228881836,25.739999771118164,24.760000228881836,25.459999084472656,593100,0.0,0.0
2017-10-25 00:00:00-04:00,25.440000534057617,25.600000381469727,24.100000381469727,24.81999969482422,583400,0.0,0.0
2017-10-26 00:00:00-04:00,24.68000030517578,25.5,24.25,25.06999969482422,606400,0.0,0.0
2017-10-27 00:00:00-04:00,25.09000015258789,26.079999923706055,25.09000015258789,25.81999969482422,802300,0.0,0.0
2017-10-30 00:00:00-04:00,25.670000076293945,27.100000381469727,25.670000076293945,26.670000076293945,696800,0.0,0.0
2017-10-31 00:00:00-04:00,26.700000762939453,26.989999771118164,26.229999542236328,26.6299991607666,386900,0.0,0.0
2017-11-01 00:00:00-04:00,26.6299991607666,27.5,26.6299991607666,27.149999618530273,430600,0.0,0.0
2017-11-02 00:00:00-04:00,26.739999771118164,27.3799991607666,26.34000015258789,27.200000762939453,523100,0.0,0.0
2017-11-03 00:00:00-04:00,26.799999237060547,27.020000457763672,26.100000381469727,26.440000534057617,336300,0.0,0.0
2017-11-06 00:00:00-05:00,26.5,27.360000610351562,26.479999542236328,26.899999618530273,383800,0.0,0.0
2017-11-07 00:00:00-05:00,27.229999542236328,27.399999618530273,26.649999618530273,27.100000381469727,319800,0.0,0.0
2017-11-08 00:00:00-05:00,27.0,27.299999237060547,26.610000610351562,26.920000076293945,290600,0.0,0.0
2017-11-09 00:00:00-05:00,26.610000610351562,27.219999313354492,26.280000686645508,27.09000015258789,698300,0.0,0.0
2017-11-10 00:00:00-05:00,27.09000015258789,28.600000381469727,27.09000015258789,28.40999984741211,779300,0.0,0.0
2017-11-13 00:00:00-05:00,28.290000915527344,29.3799991607666,28.15999984741211,28.389999389648438,764300,0.0,0.0
2017-11-14 00:00:00-05:00,28.420000076293945,29.18000030517578,27.90999984741211,28.100000381469727,383400,0.0,0.0
2017-11-15 00:00:00-05:00,27.389999389648438,27.559999465942383,26.899999618530273,27.020000457763672,954500,0.0,0.0
2017-11-16 00:00:00-05:00,27.280000686645508,27.889999389648438,27.229999542236328,27.5,434900,0.0,0.0
2017-11-17 00:00:00-05:00,27.290000915527344,27.549999237060547,27.100000381469727,27.170000076293945,274000,0.0,0.0
2017-11-20 00:00:00-05:00,27.350000381469727,28.200000762939453,27.219999313354492,27.940000534057617,428900,0.0,0.0
2017-11-21 00:00:00-05:00,28.079999923706055,28.6299991607666,26.75,26.90999984741211,786700,0.0,0.0
2017-11-22 00:00:00-05:00,27.049999237060547,27.260000228881836,25.229999542236328,25.90999984741211,1188200,0.0,0.0
2017-11-24 00:00:00-05:00,26.020000457763672,26.06999969482422,24.25,24.600000381469727,992800,0.0,0.0
2017-11-27 00:00:00-05:00,24.770000457763672,25.65999984741211,24.5,25.170000076293945,356400,0.0,0.0
2017-11-28 00:00:00-05:00,25.200000762939453,25.399999618530273,24.3799991607666,25.059999465942383,426800,0.0,0.0
2017-11-29 00:00:00-05:00,25.09000015258789,25.190000534057617,23.8799991607666,24.18000030517578,729500,0.0,0.0
2017-11-30 00:00:00-05:00,24.25,24.729999542236328,23.700000762939453,24.540000915527344,681100,0.0,0.0
2017-12-01 00:00:00-05:00,24.049999237060547,25.200000762939453,24.010000228881836,24.420000076293945,427400,0.0,0.0
2017-12-04 00:00:00-05:00,24.579999923706055,24.790000915527344,22.549999237060547,22.579999923706055,873300,0.0,0.0
2017-12-05 00:00:00-05:00,22.6200008392334,23.719999313354492,22.6200008392334,23.479999542236328,362600,0.0,0.0
2017-12-06 00:00:00-05:00,23.239999771118164,24.149999618530273,22.68000030517578,23.81999969482422,854200,0.0,0.0
2017-12-07 00:00:00-05:00,23.110000610351562,25.81999969482422,23.110000610351562,24.479999542236328,1248000,0.0,0.0
2017-12-08 00:00:00-05:00,24.719999313354492,26.90999984741211,24.559999465942383,26.65999984741211,868300,0.0,0.0
2017-12-11 00:00:00-05:00,26.239999771118164,26.649999618530273,25.350000381469727,25.600000381469727,749700,0.0,0.0
2017-12-12 00:00:00-05:00,25.25,25.950000762939453,25.049999237060547,25.100000381469727,342700,0.0,0.0
2017-12-13 00:00:00-05:00,25.079999923706055,25.399999618530273,24.299999237060547,24.399999618530273,360600,0.0,0.0
2017-12-14 00:00:00-05:00,24.06999969482422,24.459999084472656,23.700000762939453,23.75,467600,0.0,0.0
2017-12-15 00:00:00-05:00,23.75,24.540000915527344,23.75,24.3700008392334,456200,0.0,0.0
2017-12-18 00:00:00-05:00,24.6299991607666,24.860000610351562,24.149999618530273,24.59000015258789,258100,0.0,0.0
2017-12-19 00:00:00-05:00,24.170000076293945,24.450000762939453,23.8700008392334,23.8799991607666,435200,0.0,0.0
2017-12-20 00:00:00-05:00,24.059999465942383,24.1299991607666,23.190000534057617,23.329999923706055,389800,0.0,0.0
2017-12-21 00:00:00-05:00,23.5,24.1299991607666,23.420000076293945,23.780000686645508,316600,0.0,0.0
2017-12-22 00:00:00-05:00,24.100000381469727,24.450000762939453,23.729999542236328,24.219999313354492,537400,0.0,0.0
2017-12-26 00:00:00-05:00,23.84000015258789,24.25,23.200000762939453,24.040000915527344,557800,0.0,0.0
2017-12-27 00:00:00-05:00,23.600000381469727,24.899999618530273,23.600000381469727,24.739999771118164,540900,0.0,0.0
2017-12-28 00:00:00-05:00,24.75,25.040000915527344,24.5,24.729999542236328,455900,0.0,0.0
2017-12-29 00:00:00-05:00,24.81999969482422,24.81999969482422,23.979999542236328,24.049999237060547,359400,0.0,0.0
2018-01-02 00:00:00-05:00,24.1200008392334,25.440000534057617,24.1200008392334,25.059999465942383,396600,0.0,0.0
2018-01-03 00:00:00-05:00,25.209999084472656,25.209999084472656,24.079999923706055,24.329999923706055,534000,0.0,0.0
2018-01-04 00:00:00-05:00,24.209999084472656,24.420000076293945,24.0,24.190000534057617,422800,0.0,0.0
2018-01-05 00:00:00-05:00,24.299999237060547,24.959999084472656,24.06999969482422,24.229999542236328,328500,0.0,0.0
2018-01-08 00:00:00-05:00,24.25,24.5,23.959999084472656,24.1299991607666,358300,0.0,0.0
2018-01-09 00:00:00-05:00,23.700000762939453,24.540000915527344,23.700000762939453,24.0,798600,0.0,0.0
2018-01-10 00:00:00-05:00,24.059999465942383,24.239999771118164,23.81999969482422,24.09000015258789,248900,0.0,0.0
2018-01-11 00:00:00-05:00,24.1299991607666,24.899999618530273,24.09000015258789,24.770000457763672,370800,0.0,0.0
2018-01-12 00:00:00-05:00,24.889999389648438,25.559999465942383,24.59000015258789,24.59000015258789,431500,0.0,0.0
2018-01-16 00:00:00-05:00,24.780000686645508,25.06999969482422,24.010000228881836,24.15999984741211,418300,0.0,0.0
2018-01-17 00:00:00-05:00,24.540000915527344,24.59000015258789,24.040000915527344,24.25,220200,0.0,0.0
2018-01-18 00:00:00-05:00,24.219999313354492,24.40999984741211,23.75,24.06999969482422,436000,0.0,0.0
2018-01-19 00:00:00-05:00,24.049999237060547,24.43000030517578,23.899999618530273,24.170000076293945,266000,0.0,0.0
2018-01-22 00:00:00-05:00,24.190000534057617,24.200000762939453,23.25,23.3700008392334,634300,0.0,0.0
2018-01-23 00:00:00-05:00,23.0,23.100000381469727,21.459999084472656,21.520000457763672,1556800,0.0,0.0
2018-01-24 00:00:00-05:00,21.389999389648438,21.989999771118164,20.170000076293945,20.940000534057617,1145500,0.0,0.0
2018-01-25 00:00:00-05:00,21.43000030517578,22.75,21.3799991607666,22.420000076293945,706300,0.0,0.0
2018-01-26 00:00:00-05:00,22.799999237060547,22.799999237060547,22.049999237060547,22.6299991607666,386200,0.0,0.0
2018-01-29 00:00:00-05:00,23.299999237060547,23.81999969482422,22.899999618530273,23.190000534057617,420400,0.0,0.0
2018-01-30 00:00:00-05:00,23.030000686645508,23.139999389648438,22.530000686645508,22.799999237060547,283500,0.0,0.0
2018-01-31 00:00:00-05:00,22.969999313354492,23.40999984741211,22.139999389648438,22.219999313354492,354700,0.0,0.0
2018-02-01 00:00:00-05:00,22.1200008392334,22.450000762939453,21.6200008392334,21.799999237060547,504400,0.0,0.0
2018-02-02 00:00:00-05:00,21.579999923706055,21.719999313354492,21.34000015258789,21.469999313354492,291200,0.0,0.0
2018-02-05 00:00:00-05:00,21.190000534057617,21.600000381469727,20.90999984741211,20.93000030517578,331000,0.0,0.0
2018-02-06 00:00:00-05:00,20.440000534057617,21.139999389648438,20.079999923706055,20.350000381469727,655800,0.0,0.0
2018-02-07 00:00:00-05:00,19.049999237060547,19.06999969482422,18.139999389648438,18.15999984741211,4424500,0.0,0.0
2018-02-08 00:00:00-05:00,18.5,18.510000228881836,17.260000228881836,17.260000228881836,1839700,0.0,0.0
2018-02-09 00:00:00-05:00,17.469999313354492,17.729999542236328,16.059999465942383,17.18000030517578,1500500,0.0,0.0
2018-02-12 00:00:00-05:00,17.600000381469727,18.079999923706055,17.260000228881836,17.59000015258789,1126000,0.0,0.0
2018-02-13 00:00:00-05:00,17.600000381469727,17.989999771118164,17.5,17.649999618530273,498400,0.0,0.0
2018-02-14 00:00:00-05:00,17.510000228881836,18.170000076293945,17.5,18.15999984741211,476500,0.0,0.0
2018-02-15 00:00:00-05:00,18.68000030517578,19.020000457763672,18.350000381469727,18.8700008392334,410200,0.0,0.0
2018-02-16 00:00:00-05:00,19.5,19.510000228881836,18.780000686645508,18.969999313354492,450600,0.0,0.0
2018-02-20 00:00:00-05:00,18.969999313354492,18.969999313354492,18.450000762939453,18.579999923706055,342900,0.0,0.0
2018-02-21 00:00:00-05:00,18.670000076293945,18.829999923706055,18.209999084472656,18.520000457763672,313800,0.0,0.0
2018-02-22 00:00:00-05:00,18.450000762939453,18.5,18.010000228881836,18.3700008392334,597000,0.0,0.0
2018-02-23 00:00:00-05:00,18.5,18.510000228881836,17.459999084472656,17.829999923706055,453300,0.0,0.0
2018-02-26 00:00:00-05:00,17.950000762939453,18.75,17.950000762939453,18.6299991607666,309200,0.0,0.0
2018-02-27 00:00:00-05:00,18.479999542236328,18.489999771118164,17.559999465942383,17.56999969482422,381100,0.0,0.0
2018-02-28 00:00:00-05:00,17.799999237060547,18.0,17.649999618530273,17.8700008392334,254400,0.0,0.0
2018-03-01 00:00:00-05:00,17.90999984741211,18.649999618530273,17.84000015258789,18.010000228881836,559100,0.0,0.0
2018-03-02 00:00:00-05:00,17.790000915527344,18.610000610351562,17.260000228881836,18.3799991607666,651200,0.0,0.0
2018-03-05 00:00:00-05:00,18.309999465942383,18.549999237060547,18.1200008392334,18.260000228881836,223300,0.0,0.0
2018-03-06 00:00:00-05:00,18.40999984741211,18.75,18.1299991607666,18.1299991607666,342100,0.0,0.0
2018-03-07 00:00:00-05:00,18.139999389648438,18.399999618530273,17.889999389648438,18.010000228881836,257600,0.0,0.0
2018-03-08 00:00:00-05:00,18.1200008392334,18.479999542236328,17.899999618530273,18.440000534057617,207600,0.0,0.0
2018-03-09 00:00:00-05:00,18.479999542236328,18.479999542236328,18.149999618530273,18.350000381469727,205100,0.0,0.0
2018-03-12 00:00:00-04:00,18.399999618530273,19.219999313354492,18.399999618530273,18.6299991607666,345700,0.0,0.0
2018-03-13 00:00:00-04:00,18.860000610351562,19.209999084472656,18.690000534057617,18.790000915527344,192100,0.0,0.0
2018-03-14 00:00:00-04:00,18.93000030517578,19.25,18.690000534057617,18.8799991607666,137600,0.0,0.0
2018-03-15 00:00:00-04:00,18.950000762939453,19.0,18.40999984741211,18.530000686645508,254700,0.0,0.0
2018-03-16 00:00:00-04:00,18.799999237060547,19.829999923706055,18.420000076293945,19.350000381469727,1039900,0.0,0.0
2018-03-19 00:00:00-04:00,20.40999984741211,21.350000381469727,19.6299991607666,20.239999771118164,1391800,0.0,0.0
2018-03-20 00:00:00-04:00,20.299999237060547,20.670000076293945,20.1299991607666,20.5,568600,0.0,0.0
2018-03-21 00:00:00-04:00,20.649999618530273,20.770000457763672,20.030000686645508,20.209999084472656,466000,0.0,0.0
2018-03-22 00:00:00-04:00,19.110000610351562,19.399999618530273,18.299999237060547,18.600000381469727,1000100,0.0,0.0
2018-03-23 00:00:00-04:00,18.40999984741211,18.93000030517578,16.809999465942383,18.459999084472656,1266900,0.0,0.0
2018-03-26 00:00:00-04:00,18.959999084472656,19.600000381469727,18.809999465942383,19.479999542236328,532300,0.0,0.0
2018-03-27 00:00:00-04:00,19.079999923706055,19.850000381469727,18.020000457763672,18.18000030517578,521400,0.0,0.0
2018-03-28 00:00:00-04:00,18.229999542236328,18.229999542236328,17.420000076293945,17.5,550200,0.0,0.0
2018-03-29 00:00:00-04:00,17.639999389648438,18.3799991607666,17.559999465942383,18.25,247900,0.0,0.0
2018-04-02 00:00:00-04:00,18.299999237060547,18.809999465942383,18.260000228881836,18.809999465942383,301800,0.0,0.0
2018-04-03 00:00:00-04:00,18.889999389648438,19.43000030517578,18.190000534057617,18.84000015258789,631000,0.0,0.0
2018-04-04 00:00:00-04:00,18.280000686645508,19.6200008392334,18.15999984741211,19.3700008392334,478200,0.0,0.0
2018-04-05 00:00:00-04:00,19.40999984741211,20.469999313354492,19.350000381469727,20.040000915527344,715400,0.0,0.0
2018-04-06 00:00:00-04:00,19.81999969482422,20.350000381469727,19.020000457763672,19.110000610351562,800200,0.0,0.0
2018-04-09 00:00:00-04:00,19.729999542236328,20.09000015258789,19.229999542236328,19.739999771118164,680400,0.0,0.0
2018-04-10 00:00:00-04:00,20.309999465942383,20.440000534057617,19.649999618530273,19.850000381469727,1040300,0.0,0.0
2018-04-11 00:00:00-04:00,19.899999618530273,20.399999618530273,19.459999084472656,19.59000015258789,722400,0.0,0.0
2018-04-12 00:00:00-04:00,19.540000915527344,19.760000228881836,19.309999465942383,19.389999389648438,242900,0.0,0.0
2018-04-13 00:00:00-04:00,19.469999313354492,19.739999771118164,19.1299991607666,19.270000457763672,449100,0.0,0.0
2018-04-16 00:00:00-04:00,19.360000610351562,19.360000610351562,18.719999313354492,18.90999984741211,354400,0.0,0.0
2018-04-17 00:00:00-04:00,18.84000015258789,19.25,18.65999984741211,19.020000457763672,712800,0.0,0.0
2018-04-18 00:00:00-04:00,19.079999923706055,19.65999984741211,18.899999618530273,19.6200008392334,376300,0.0,0.0
2018-04-19 00:00:00-04:00,19.6200008392334,19.709999084472656,19.010000228881836,19.1200008392334,322800,0.0,0.0
2018-04-20 00:00:00-04:00,19.06999969482422,19.440000534057617,18.950000762939453,19.260000228881836,216700,0.0,0.0
2018-04-23 00:00:00-04:00,19.149999618530273,19.350000381469727,18.799999237060547,18.8799991607666,331100,0.0,0.0
2018-04-24 00:00:00-04:00,19.06999969482422,19.549999237060547,18.899999618530273,19.1200008392334,293500,0.0,0.0
2018-04-25 00:00:00-04:00,19.010000228881836,19.049999237060547,18.209999084472656,18.489999771118164,406800,0.0,0.0
2018-04-26 00:00:00-04:00,18.450000762939453,18.799999237060547,18.360000610351562,18.6200008392334,230600,0.0,0.0
2018-04-27 00:00:00-04:00,18.639999389648438,19.0,18.5,18.729999542236328,208900,0.0,0.0
2018-04-30 00:00:00-04:00,18.84000015258789,18.84000015258789,18.299999237060547,18.3799991607666,281000,0.0,0.0
2018-05-01 00:00:00-04:00,18.34000015258789,18.489999771118164,17.670000076293945,17.729999542236328,285100,0.0,0.0
2018-05-02 00:00:00-04:00,17.729999542236328,18.389999389648438,17.399999618530273,18.200000762939453,278500,0.0,0.0
2018-05-03 00:00:00-04:00,18.06999969482422,18.100000381469727,17.350000381469727,17.860000610351562,243800,0.0,0.0
2018-05-04 00:00:00-04:00,17.559999465942383,17.950000762939453,17.049999237060547,17.549999237060547,466300,0.0,0.0
2018-05-07 00:00:00-04:00,17.559999465942383,18.40999984741211,17.559999465942383,18.190000534057617,512300,0.0,0.0
2018-05-08 00:00:00-04:00,18.290000915527344,18.34000015258789,17.899999618530273,17.899999618530273,180000,0.0,0.0
2018-05-09 00:00:00-04:00,17.950000762939453,18.40999984741211,17.639999389648438,18.40999984741211,376900,0.0,0.0
2018-05-10 00:00:00-04:00,18.489999771118164,19.170000076293945,18.200000762939453,19.110000610351562,348300,0.0,0.0
2018-05-11 00:00:00-04:00,19.149999618530273,19.25,18.510000228881836,18.739999771118164,220700,0.0,0.0
2018-05-14 00:00:00-04:00,18.829999923706055,19.700000762939453,18.770000457763672,19.209999084472656,348300,0.0,0.0
2018-05-15 00:00:00-04:00,19.0,19.639999389648438,19.0,19.610000610351562,342400,0.0,0.0
2018-05-16 00:00:00-04:00,19.549999237060547,20.790000915527344,19.510000228881836,20.209999084472656,842000,0.0,0.0
2018-05-17 00:00:00-04:00,20.1200008392334,20.350000381469727,19.729999542236328,19.920000076293945,344300,0.0,0.0
2018-05-18 00:00:00-04:00,19.959999084472656,19.959999084472656,19.219999313354492,19.479999542236328,319200,0.0,0.0
2018-05-21 00:00:00-04:00,19.709999084472656,20.010000228881836,19.56999969482422,19.760000228881836,203100,0.0,0.0
2018-05-22 00:00:00-04:00,19.780000686645508,19.8799991607666,19.309999465942383,19.329999923706055,143100,0.0,0.0
2018-05-23 00:00:00-04:00,19.1299991607666,19.309999465942383,17.850000381469727,17.989999771118164,878400,0.0,0.0
2018-05-24 00:00:00-04:00,17.950000762939453,18.459999084472656,17.760000228881836,18.170000076293945,309600,0.0,0.0
2018-05-25 00:00:00-04:00,18.170000076293945,18.399999618530273,17.84000015258789,18.209999084472656,242200,0.0,0.0
2018-05-29 00:00:00-04:00,17.940000534057617,18.09000015258789,17.459999084472656,18.010000228881836,452600,0.0,0.0
2018-05-30 00:00:00-04:00,17.899999618530273,17.979999542236328,17.520000457763672,17.729999542236328,458100,0.0,0.0
2018-05-31 00:00:00-04:00,17.790000915527344,18.100000381469727,17.5,17.6200008392334,304000,0.0,0.0
2018-06-01 00:00:00-04:00,17.549999237060547,17.579999923706055,15.130000114440918,15.140000343322754,2018700,0.0,0.0
2018-06-04 00:00:00-04:00,15.300000190734863,15.350000381469727,12.5600004196167,13.770000457763672,4275400,0.0,0.0
2018-06-05 00:00:00-04:00,13.34000015258789,13.699999809265137,12.819999694824219,12.960000038146973,2121700,0.0,0.0
2018-06-06 00:00:00-04:00,13.069999694824219,13.100000381469727,11.90999984741211,12.010000228881836,2830900,0.0,0.0
2018-06-07 00:00:00-04:00,12.199999809265137,12.649999618530273,11.479999542236328,11.920000076293945,2629400,0.0,0.0
2018-06-08 00:00:00-04:00,11.899999618530273,12.239999771118164,11.550000190734863,11.800000190734863,1827600,0.0,0.0
2018-06-11 00:00:00-04:00,11.920000076293945,12.5600004196167,11.800000190734863,12.5,1186700,0.0,0.0
2018-06-12 00:00:00-04:00,12.550000190734863,12.789999961853027,12.039999961853027,12.069999694824219,1272200,0.0,0.0
2018-06-13 00:00:00-04:00,12.170000076293945,12.420000076293945,11.960000038146973,12.119999885559082,992000,0.0,0.0
2018-06-14 00:00:00-04:00,12.020000457763672,12.369999885559082,12.020000457763672,12.369999885559082,381700,0.0,0.0
2018-06-15 00:00:00-04:00,12.199999809265137,12.199999809265137,11.600000381469727,12.1899995803833,1032600,0.0,0.0
2018-06-18 00:00:00-04:00,12.050000190734863,12.989999771118164,12.050000190734863,12.880000114440918,922300,0.0,0.0
2018-06-19 00:00:00-04:00,12.5,12.550000190734863,11.920000076293945,12.15999984741211,988300,0.0,0.0
2018-06-20 00:00:00-04:00,12.5,13.149999618530273,12.300000190734863,13.09000015258789,1132900,0.0,0.0
2018-06-21 00:00:00-04:00,13.399999618530273,14.279999732971191,13.329999923706055,14.149999618530273,1483100,0.0,0.0
2018-06-22 00:00:00-04:00,14.229999542236328,14.779999732971191,14.039999961853027,14.140000343322754,1094700,0.0,0.0
2018-06-25 00:00:00-04:00,14.100000381469727,14.460000038146973,13.800000190734863,13.899999618530273,761800,0.0,0.0
2018-06-26 00:00:00-04:00,13.149999618530273,14.569999694824219,12.720000267028809,14.569999694824219,1142800,0.0,0.0
2018-06-27 00:00:00-04:00,14.600000381469727,14.699999809265137,13.899999618530273,13.979999542236328,706400,0.0,0.0
2018-06-28 00:00:00-04:00,13.859999656677246,14.40999984741211,13.670000076293945,14.300000190734863,823300,0.0,0.0
2018-06-29 00:00:00-04:00,14.3100004196167,14.449999809265137,13.649999618530273,13.770000457763672,672600,0.0,0.0
2018-07-02 00:00:00-04:00,13.710000038146973,14.600000381469727,13.710000038146973,14.130000114440918,489100,0.0,0.0
2018-07-03 00:00:00-04:00,14.369999885559082,14.369999885559082,13.920000076293945,14.039999961853027,292300,0.0,0.0
2018-07-05 00:00:00-04:00,14.130000114440918,14.239999771118164,13.550000190734863,13.720000267028809,446400,0.0,0.0
2018-07-06 00:00:00-04:00,13.760000228881836,14.050000190734863,13.720000267028809,13.960000038146973,471700,0.0,0.0
2018-07-09 00:00:00-04:00,13.960000038146973,14.84000015258789,13.90999984741211,14.84000015258789,617600,0.0,0.0
2018-07-10 00:00:00-04:00,14.630000114440918,15.100000381469727,14.34000015258789,14.520000457763672,757800,0.0,0.0
2018-07-11 00:00:00-04:00,14.479999542236328,14.710000038146973,14.050000190734863,14.199999809265137,529900,0.0,0.0
2018-07-12 00:00:00-04:00,14.3100004196167,14.3100004196167,13.619999885559082,13.850000381469727,515300,0.0,0.0
2018-07-13 00:00:00-04:00,13.880000114440918,14.229999542236328,13.609999656677246,14.119999885559082,225500,0.0,0.0
2018-07-16 00:00:00-04:00,14.300000190734863,14.390000343322754,13.979999542236328,14.050000190734863,296300,0.0,0.0
2018-07-17 00:00:00-04:00,13.979999542236328,14.210000038146973,13.680000305175781,13.789999961853027,439300,0.0,0.0
2018-07-18 00:00:00-04:00,13.859999656677246,13.90999984741211,13.520000457763672,13.6899995803833,451500,0.0,0.0
2018-07-19 00:00:00-04:00,13.489999771118164,13.770000457763672,13.25,13.670000076293945,241300,0.0,0.0
2018-07-20 00:00:00-04:00,13.609999656677246,13.630000114440918,13.3100004196167,13.3100004196167,270800,0.0,0.0
2018-07-23 00:00:00-04:00,13.319999694824219,13.359999656677246,12.529999732971191,12.979999542236328,546800,0.0,0.0
2018-07-24 00:00:00-04:00,13.050000190734863,13.890000343322754,12.739999771118164,13.770000457763672,707600,0.0,0.0
2018-07-25 00:00:00-04:00,13.850000381469727,14.300000190734863,13.720000267028809,14.260000228881836,456300,0.0,0.0
2018-07-26 00:00:00-04:00,13.970000267028809,14.210000038146973,13.770000457763672,13.920000076293945,237200,0.0,0.0
2018-07-27 00:00:00-04:00,13.899999618530273,14.0600004196167,13.649999618530273,13.84000015258789,266100,0.0,0.0
2018-07-30 00:00:00-04:00,13.510000228881836,13.989999771118164,13.149999618530273,13.449999809265137,442000,0.0,0.0
2018-07-31 00:00:00-04:00,13.550000190734863,14.09000015258789,13.5,13.869999885559082,226700,0.0,0.0
2018-08-01 00:00:00-04:00,13.829999923706055,14.029999732971191,13.670000076293945,13.90999984741211,113800,0.0,0.0
2018-08-02 00:00:00-04:00,13.640000343322754,14.1899995803833,13.609999656677246,14.149999618530273,247500,0.0,0.0
2018-08-03 00:00:00-04:00,14.239999771118164,14.260000228881836,13.680000305175781,13.930000305175781,164900,0.0,0.0
2018-08-06 00:00:00-04:00,13.899999618530273,14.319999694824219,13.829999923706055,14.25,241500,0.0,0.0
2018-08-07 00:00:00-04:00,14.380000114440918,14.989999771118164,14.199999809265137,14.880000114440918,620500,0.0,0.0
2018-08-08 00:00:00-04:00,14.949999809265137,15.479999542236328,14.789999961853027,15.329999923706055,845700,0.0,0.0
2018-08-09 00:00:00-04:00,15.5,16.299999237060547,15.329999923706055,15.890000343322754,985100,0.0,0.0
2018-08-10 00:00:00-04:00,15.75,16.299999237060547,15.609999656677246,15.84000015258789,970100,0.0,0.0
2018-08-13 00:00:00-04:00,14.489999771118164,14.489999771118164,12.600000381469727,13.899999618530273,2534300,0.0,0.0
2018-08-14 00:00:00-04:00,14.0,14.050000190734863,12.619999885559082,12.8100004196167,1441700,0.0,0.0
2018-08-15 00:00:00-04:00,12.59000015258789,12.670000076293945,11.470000267028809,12.399999618530273,1660000,0.0,0.0
2018-08-16 00:00:00-04:00,12.5,13.199999809265137,12.5,12.90999984741211,807400,0.0,0.0
2018-08-17 00:00:00-04:00,12.770000457763672,12.899999618530273,12.15999984741211,12.229999542236328,481900,0.0,0.0
2018-08-20 00:00:00-04:00,12.3100004196167,12.800000190734863,12.220000267028809,12.319999694824219,588700,0.0,0.0
2018-08-21 00:00:00-04:00,12.449999809265137,12.850000381469727,12.359999656677246,12.489999771118164,407300,0.0,0.0
2018-08-22 00:00:00-04:00,12.569999694824219,12.8100004196167,12.34000015258789,12.359999656677246,380500,0.0,0.0
2018-08-23 00:00:00-04:00,12.359999656677246,12.430000305175781,12.029999732971191,12.130000114440918,527900,0.0,0.0
2018-08-24 00:00:00-04:00,12.399999618530273,13.140000343322754,12.220000267028809,13.119999885559082,603000,0.0,0.0
2018-08-27 00:00:00-04:00,13.140000343322754,13.850000381469727,13.119999885559082,13.359999656677246,427300,0.0,0.0
2018-08-28 00:00:00-04:00,13.40999984741211,13.550000190734863,12.960000038146973,13.229999542236328,278400,0.0,0.0
2018-08-29 00:00:00-04:00,13.399999618530273,13.699999809265137,13.100000381469727,13.59000015258789,319000,0.0,0.0
2018-08-30 00:00:00-04:00,13.489999771118164,13.649999618530273,12.970000267028809,12.970000267028809,295500,0.0,0.0
2018-08-31 00:00:00-04:00,13.010000228881836,13.130000114440918,12.770000457763672,13.130000114440918,218500,0.0,0.0
2018-09-04 00:00:00-04:00,13.050000190734863,13.300000190734863,12.869999885559082,13.180000305175781,441900,0.0,0.0
2018-09-05 00:00:00-04:00,13.199999809265137,13.300000190734863,12.899999618530273,12.930000305175781,332900,0.0,0.0
2018-09-06 00:00:00-04:00,12.90999984741211,13.149999618530273,12.260000228881836,12.319999694824219,455700,0.0,0.0
2018-09-07 00:00:00-04:00,12.34000015258789,12.59000015258789,11.869999885559082,12.3100004196167,394300,0.0,0.0
2018-09-10 00:00:00-04:00,12.460000038146973,12.460000038146973,12.010000228881836,12.1899995803833,339900,0.0,0.0
2018-09-11 00:00:00-04:00,12.1899995803833,12.720000267028809,12.09000015258789,12.489999771118164,349600,0.0,0.0
2018-09-12 00:00:00-04:00,12.390000343322754,12.84000015258789,12.180000305175781,12.84000015258789,207800,0.0,0.0
2018-09-13 00:00:00-04:00,12.960000038146973,12.960000038146973,12.359999656677246,12.380000114440918,369300,0.0,0.0
2018-09-14 00:00:00-04:00,12.34000015258789,12.720000267028809,12.260000228881836,12.420000076293945,223400,0.0,0.0
2018-09-17 00:00:00-04:00,12.369999885559082,12.529999732971191,12.09000015258789,12.149999618530273,270500,0.0,0.0
2018-09-18 00:00:00-04:00,12.140000343322754,12.649999618530273,12.0,12.449999809265137,455300,0.0,0.0
2018-09-19 00:00:00-04:00,12.59000015258789,12.680000305175781,12.329999923706055,12.649999618530273,235100,0.0,0.0
2018-09-20 00:00:00-04:00,12.75,12.779999732971191,12.350000381469727,12.460000038146973,247600,0.0,0.0
2018-09-21 00:00:00-04:00,12.350000381469727,12.5,12.149999618530273,12.359999656677246,383300,0.0,0.0
2018-09-24 00:00:00-04:00,12.300000190734863,12.5,12.010000228881836,12.029999732971191,329400,0.0,0.0
2018-09-25 00:00:00-04:00,12.029999732971191,12.300000190734863,11.699999809265137,11.770000457763672,478200,0.0,0.0
2018-09-26 00:00:00-04:00,11.800000190734863,11.949999809265137,11.699999809265137,11.720000267028809,384000,0.0,0.0
2018-09-27 00:00:00-04:00,11.710000038146973,11.789999961853027,11.380000114440918,11.390000343322754,653000,0.0,0.0
2018-09-28 00:00:00-04:00,11.350000381469727,11.390000343322754,10.369999885559082,10.770000457763672,833900,0.0,0.0
2018-10-01 00:00:00-04:00,10.739999771118164,11.1899995803833,10.630000114440918,10.670000076293945,405300,0.0,0.0
2018-10-02 00:00:00-04:00,10.510000228881836,10.949999809265137,10.399999618530273,10.819999694824219,323200,0.0,0.0
2018-10-03 00:00:00-04:00,10.880000114440918,11.0,10.569999694824219,10.8100004196167,215000,0.0,0.0
2018-10-04 00:00:00-04:00,10.739999771118164,10.970000267028809,10.40999984741211,10.4399995803833,359300,0.0,0.0
2018-10-05 00:00:00-04:00,10.5,10.859999656677246,9.5,9.619999885559082,947800,0.0,0.0
2018-10-08 00:00:00-04:00,9.520000457763672,9.739999771118164,9.119999885559082,9.6899995803833,796400,0.0,0.0
2018-10-09 00:00:00-04:00,9.699999809265137,10.109999656677246,9.520000457763672,9.850000381469727,425500,0.0,0.0
2018-10-10 00:00:00-04:00,9.869999885559082,10.020000457763672,9.109999656677246,9.210000038146973,756900,0.0,0.0
2018-10-11 00:00:00-04:00,9.0,9.119999885559082,8.270000457763672,8.960000038146973,1315400,0.0,0.0
2018-10-12 00:00:00-04:00,9.270000457763672,9.300000190734863,8.640000343322754,9.050000190734863,607300,0.0,0.0
2018-10-15 00:00:00-04:00,9.039999961853027,9.6899995803833,8.949999809265137,9.5,698100,0.0,0.0
2018-10-16 00:00:00-04:00,9.3100004196167,9.960000038146973,9.3100004196167,9.699999809265137,440800,0.0,0.0
2018-10-17 00:00:00-04:00,9.699999809265137,9.770000457763672,9.25,9.380000114440918,390900,0.0,0.0
2018-10-18 00:00:00-04:00,9.270000457763672,9.579999923706055,9.119999885559082,9.220000267028809,357100,0.0,0.0
2018-10-19 00:00:00-04:00,9.239999771118164,9.420000076293945,9.0,9.0,525600,0.0,0.0
2018-10-22 00:00:00-04:00,9.140000343322754,9.140000343322754,8.3100004196167,8.649999618530273,688100,0.0,0.0
2018-10-23 00:00:00-04:00,8.300000190734863,8.380000114440918,7.900000095367432,8.199999809265137,683200,0.0,0.0
2018-10-24 00:00:00-04:00,8.199999809265137,8.350000381469727,7.840000152587891,7.840000152587891,477900,0.0,0.0
2018-10-25 00:00:00-04:00,8.050000190734863,8.1899995803833,7.920000076293945,8.050000190734863,467400,0.0,0.0
2018-10-26 00:00:00-04:00,7.909999847412109,8.119999885559082,7.440000057220459,7.519999980926514,674800,0.0,0.0
2018-10-29 00:00:00-04:00,7.599999904632568,7.75,7.139999866485596,7.260000228881836,554000,0.0,0.0
2018-10-30 00:00:00-04:00,7.230000019073486,7.710000038146973,7.110000133514404,7.639999866485596,711200,0.0,0.0
2018-10-31 00:00:00-04:00,7.75,8.319999694824219,7.650000095367432,8.0600004196167,525500,0.0,0.0
2018-11-01 00:00:00-04:00,8.199999809265137,8.819999694824219,8.109999656677246,8.710000038146973,740800,0.0,0.0
2018-11-02 00:00:00-04:00,9.199999809265137,9.8100004196167,8.649999618530273,8.970000267028809,1190900,0.0,0.0
2018-11-05 00:00:00-05:00,9.90999984741211,10.920000076293945,9.899999618530273,10.489999771118164,2738900,0.0,0.0
2018-11-06 00:00:00-05:00,10.300000190734863,10.329999923706055,9.3100004196167,9.609999656677246,1185400,0.0,0.0
2018-11-07 00:00:00-05:00,9.75,10.0,9.550000190734863,9.569999694824219,510200,0.0,0.0
2018-11-08 00:00:00-05:00,9.460000038146973,9.5600004196167,9.010000228881836,9.100000381469727,453000,0.0,0.0
2018-11-09 00:00:00-05:00,9.0,9.100000381469727,8.729999542236328,8.989999771118164,389300,0.0,0.0
2018-11-12 00:00:00-05:00,9.210000038146973,9.270000457763672,8.920000076293945,8.930000305175781,303300,0.0,0.0
2018-11-13 00:00:00-05:00,9.050000190734863,9.149999618530273,8.3100004196167,8.380000114440918,650100,0.0,0.0
2018-11-14 00:00:00-05:00,8.59000015258789,8.84000015258789,8.319999694824219,8.640000343322754,467000,0.0,0.0
2018-11-15 00:00:00-05:00,8.550000190734863,9.34000015258789,8.380000114440918,9.079999923706055,539100,0.0,0.0
2018-11-16 00:00:00-05:00,8.869999885559082,9.4399995803833,8.84000015258789,9.279999732971191,332300,0.0,0.0
2018-11-19 00:00:00-05:00,9.149999618530273,9.399999618530273,8.9399995803833,9.0600004196167,270700,0.0,0.0
2018-11-20 00:00:00-05:00,8.880000114440918,9.0,8.350000381469727,8.90999984741211,342700,0.0,0.0
2018-11-21 00:00:00-05:00,8.970000267028809,9.300000190734863,8.949999809265137,9.180000305175781,204000,0.0,0.0
2018-11-23 00:00:00-05:00,9.020000457763672,9.479999542236328,9.020000457763672,9.220000267028809,277900,0.0,0.0
2018-11-26 00:00:00-05:00,10.430000305175781,11.109999656677246,9.8100004196167,10.649999618530273,3460400,0.0,0.0
2018-11-27 00:00:00-05:00,10.449999809265137,11.949999809265137,10.359999656677246,11.470000267028809,1995900,0.0,0.0
2018-11-28 00:00:00-05:00,11.800000190734863,12.34000015258789,11.600000381469727,12.010000228881836,1410900,0.0,0.0
2018-11-29 00:00:00-05:00,12.210000038146973,12.239999771118164,11.329999923706055,11.729999542236328,838100,0.0,0.0
2018-11-30 00:00:00-05:00,11.75,11.859999656677246,11.489999771118164,11.569999694824219,509000,0.0,0.0
2018-12-03 00:00:00-05:00,12.220000267028809,12.25,11.65999984741211,11.960000038146973,627800,0.0,0.0
2018-12-04 00:00:00-05:00,11.920000076293945,12.020000457763672,11.300000190734863,11.369999885559082,625700,0.0,0.0
2018-12-06 00:00:00-05:00,11.0600004196167,11.880000114440918,10.859999656677246,11.800000190734863,647200,0.0,0.0
2018-12-07 00:00:00-05:00,11.729999542236328,12.199999809265137,11.600000381469727,11.789999961853027,524200,0.0,0.0
2018-12-10 00:00:00-05:00,11.619999885559082,12.199999809265137,11.489999771118164,12.010000228881836,484700,0.0,0.0
2018-12-11 00:00:00-05:00,12.239999771118164,12.3100004196167,11.920000076293945,12.1899995803833,430500,0.0,0.0
2018-12-12 00:00:00-05:00,12.25,12.699999809265137,12.100000381469727,12.369999885559082,727600,0.0,0.0
2018-12-13 00:00:00-05:00,12.300000190734863,12.829999923706055,12.279999732971191,12.630000114440918,434700,0.0,0.0
2018-12-14 00:00:00-05:00,12.489999771118164,12.579999923706055,11.350000381469727,11.369999885559082,796000,0.0,0.0
2018-12-17 00:00:00-05:00,11.359999656677246,11.489999771118164,11.010000228881836,11.149999618530273,368800,0.0,0.0
2018-12-18 00:00:00-05:00,11.1899995803833,11.539999961853027,10.979999542236328,11.050000190734863,353200,0.0,0.0
2018-12-19 00:00:00-05:00,10.899999618530273,11.180000305175781,10.5600004196167,10.680000305175781,595200,0.0,0.0
2018-12-20 00:00:00-05:00,10.529999732971191,10.9399995803833,10.039999961853027,10.260000228881836,497500,0.0,0.0
2018-12-21 00:00:00-05:00,10.229999542236328,10.399999618530273,9.569999694824219,9.59000015258789,772300,0.0,0.0
2018-12-24 00:00:00-05:00,9.520000457763672,9.819999694824219,9.260000228881836,9.5,299300,0.0,0.0
2018-12-26 00:00:00-05:00,9.5,10.279999732971191,9.430000305175781,10.15999984741211,498000,0.0,0.0
2018-12-27 00:00:00-05:00,9.880000114440918,10.199999809265137,9.569999694824219,9.949999809265137,419500,0.0,0.0
2018-12-28 00:00:00-05:00,9.90999984741211,10.140000343322754,9.649999618530273,9.829999923706055,245600,0.0,0.0
2018-12-31 00:00:00-05:00,9.890000343322754,10.130000114440918,9.59000015258789,9.890000343322754,300900,0.0,0.0
2019-01-02 00:00:00-05:00,9.630000114440918,10.329999923706055,9.520000457763672,10.1899995803833,414500,0.0,0.0
2019-01-03 00:00:00-05:00,10.0,10.640000343322754,10.0,10.100000381469727,395200,0.0,0.0
2019-01-04 00:00:00-05:00,10.350000381469727,11.149999618530273,10.300000190734863,10.930000305175781,522800,0.0,0.0
2019-01-07 00:00:00-05:00,11.010000228881836,11.680000305175781,10.84000015258789,11.399999618530273,480300,0.0,0.0
2019-01-08 00:00:00-05:00,11.699999809265137,11.710000038146973,11.220000267028809,11.470000267028809,354200,0.0,0.0
2019-01-09 00:00:00-05:00,11.640000343322754,11.960000038146973,11.59000015258789,11.75,426400,0.0,0.0
2019-01-10 00:00:00-05:00,11.600000381469727,12.579999923706055,11.600000381469727,12.539999961853027,845600,0.0,0.0
2019-01-11 00:00:00-05:00,12.489999771118164,12.569999694824219,12.170000076293945,12.319999694824219,436700,0.0,0.0
2019-01-14 00:00:00-05:00,12.130000114440918,12.970000267028809,11.90999984741211,12.3100004196167,624900,0.0,0.0
2019-01-15 00:00:00-05:00,12.569999694824219,12.859999656677246,12.260000228881836,12.319999694824219,441800,0.0,0.0
2019-01-16 00:00:00-05:00,12.359999656677246,12.699999809265137,12.25,12.619999885559082,500700,0.0,0.0
2019-01-17 00:00:00-05:00,12.520000457763672,13.100000381469727,12.460000038146973,12.970000267028809,546000,0.0,0.0
2019-01-18 00:00:00-05:00,13.100000381469727,13.300000190734863,12.579999923706055,12.699999809265137,559900,0.0,0.0
2019-01-22 00:00:00-05:00,12.619999885559082,12.890000343322754,11.949999809265137,12.170000076293945,587200,0.0,0.0
2019-01-23 00:00:00-05:00,12.699999809265137,12.979999542236328,12.300000190734863,12.569999694824219,506600,0.0,0.0
2019-01-24 00:00:00-05:00,12.600000381469727,13.579999923706055,12.600000381469727,13.5600004196167,944200,0.0,0.0
2019-01-25 00:00:00-05:00,13.75,15.729999542236328,13.75,15.239999771118164,1844200,0.0,0.0
2019-01-28 00:00:00-05:00,15.180000305175781,16.0,14.920000076293945,15.760000228881836,1336200,0.0,0.0
2019-01-29 00:00:00-05:00,15.510000228881836,15.899999618530273,15.039999961853027,15.260000228881836,656200,0.0,0.0
2019-01-30 00:00:00-05:00,15.430000305175781,15.930000305175781,15.319999694824219,15.890000343322754,462600,0.0,0.0
2019-01-31 00:00:00-05:00,15.84000015258789,16.889999389648438,15.550000190734863,16.65999984741211,1342800,0.0,0.0
2019-02-01 00:00:00-05:00,16.760000228881836,16.93000030517578,15.020000457763672,15.149999618530273,1326000,0.0,0.0
2019-02-04 00:00:00-05:00,15.710000038146973,16.399999618530273,15.600000381469727,16.049999237060547,850800,0.0,0.0
2019-02-05 00:00:00-05:00,16.1299991607666,16.59000015258789,15.720000267028809,15.850000381469727,595200,0.0,0.0
2019-02-06 00:00:00-05:00,16.25,16.989999771118164,16.25,16.600000381469727,1242600,0.0,0.0
2019-02-07 00:00:00-05:00,16.260000228881836,16.700000762939453,15.550000190734863,15.630000114440918,793300,0.0,0.0
2019-02-08 00:00:00-05:00,15.300000190734863,15.960000038146973,15.149999618530273,15.699999809265137,530500,0.0,0.0
2019-02-11 00:00:00-05:00,16.100000381469727,16.489999771118164,15.859999656677246,16.200000762939453,530500,0.0,0.0
2019-02-12 00:00:00-05:00,16.350000381469727,16.510000228881836,15.770000457763672,16.170000076293945,661400,0.0,0.0
2019-02-13 00:00:00-05:00,16.219999313354492,16.729999542236328,16.219999313354492,16.420000076293945,946500,0.0,0.0
2019-02-14 00:00:00-05:00,16.190000534057617,16.6299991607666,16.15999984741211,16.520000457763672,405100,0.0,0.0
2019-02-15 00:00:00-05:00,16.59000015258789,16.700000762939453,15.65999984741211,16.0,718900,0.0,0.0
2019-02-19 00:00:00-05:00,16.290000915527344,18.59000015258789,16.290000915527344,18.579999923706055,2036700,0.0,0.0
2019-02-20 00:00:00-05:00,18.899999618530273,19.190000534057617,17.719999313354492,17.860000610351562,1712900,0.0,0.0
2019-02-21 00:00:00-05:00,17.93000030517578,18.780000686645508,17.920000076293945,18.31999969482422,703900,0.0,0.0
2019-02-22 00:00:00-05:00,19.25,20.950000762939453,19.020000457763672,20.940000534057617,2436300,0.0,0.0
2019-02-25 00:00:00-05:00,21.18000030517578,21.799999237060547,20.09000015258789,20.510000228881836,1644700,0.0,0.0
2019-02-26 00:00:00-05:00,20.190000534057617,20.68000030517578,20.1299991607666,20.5,720400,0.0,0.0
2019-02-27 00:00:00-05:00,19.700000762939453,20.200000762939453,19.100000381469727,20.06999969482422,1025900,0.0,0.0
2019-02-28 00:00:00-05:00,19.969999313354492,20.770000457763672,19.3799991607666,20.59000015258789,800000,0.0,0.0
2019-03-01 00:00:00-05:00,20.649999618530273,21.399999618530273,20.469999313354492,20.809999465942383,889900,0.0,0.0
2019-03-04 00:00:00-05:00,20.809999465942383,21.149999618530273,18.780000686645508,19.18000030517578,1384800,0.0,0.0
2019-03-05 00:00:00-05:00,19.31999969482422,19.719999313354492,18.209999084472656,18.360000610351562,1211800,0.0,0.0
2019-03-06 00:00:00-05:00,17.700000762939453,17.940000534057617,16.06999969482422,16.670000076293945,2909400,0.0,0.0
2019-03-07 00:00:00-05:00,16.850000381469727,17.389999389648438,16.100000381469727,16.729999542236328,2575500,0.0,0.0
2019-03-08 00:00:00-05:00,16.450000762939453,16.75,16.15999984741211,16.670000076293945,910200,0.0,0.0
2019-03-11 00:00:00-04:00,17.100000381469727,18.559999465942383,17.100000381469727,18.420000076293945,1575700,0.0,0.0
2019-03-12 00:00:00-04:00,18.5,18.75,18.170000076293945,18.459999084472656,1147900,0.0,0.0
2019-03-13 00:00:00-04:00,18.200000762939453,18.479999542236328,17.809999465942383,18.440000534057617,807600,0.0,0.0
2019-03-14 00:00:00-04:00,18.450000762939453,19.40999984741211,18.25,19.309999465942383,1596300,0.0,0.0
2019-03-15 00:00:00-04:00,19.270000457763672,19.5,18.799999237060547,19.219999313354492,891900,0.0,0.0
2019-03-18 00:00:00-04:00,19.309999465942383,19.940000534057617,19.299999237060547,19.920000076293945,820800,0.0,0.0
2019-03-19 00:00:00-04:00,19.93000030517578,20.899999618530273,19.709999084472656,20.829999923706055,1391700,0.0,0.0
2019-03-20 00:00:00-04:00,20.5,21.59000015258789,20.5,21.549999237060547,1520300,0.0,0.0
2019-03-21 00:00:00-04:00,21.0,21.200000762939453,18.75,19.610000610351562,2855300,0.0,0.0
2019-03-22 00:00:00-04:00,18.510000228881836,18.979999542236328,16.75,17.139999389648438,3538900,0.0,0.0
2019-03-25 00:00:00-04:00,17.309999465942383,18.200000762939453,17.25,17.350000381469727,1070000,0.0,0.0
2019-03-26 00:00:00-04:00,17.600000381469727,17.719999313354492,16.1200008392334,16.81999969482422,2089300,0.0,0.0
2019-03-27 00:00:00-04:00,16.799999237060547,17.299999237060547,16.520000457763672,16.979999542236328,820100,0.0,0.0
2019-03-28 00:00:00-04:00,17.010000228881836,18.0,16.979999542236328,17.610000610351562,941600,0.0,0.0
2019-03-29 00:00:00-04:00,17.850000381469727,18.299999237060547,17.579999923706055,18.0,714800,0.0,0.0
2019-04-01 00:00:00-04:00,18.5,18.93000030517578,18.149999618530273,18.850000381469727,1093600,0.0,0.0
2019-04-02 00:00:00-04:00,18.850000381469727,19.600000381469727,18.59000015258789,19.299999237060547,968500,0.0,0.0
2019-04-03 00:00:00-04:00,19.3700008392334,20.440000534057617,19.260000228881836,19.8700008392334,884800,0.0,0.0
2019-04-04 00:00:00-04:00,19.719999313354492,19.8700008392334,19.3799991607666,19.81999969482422,934100,0.0,0.0
2019-04-05 00:00:00-04:00,19.8700008392334,20.030000686645508,19.59000015258789,19.8700008392334,517200,0.0,0.0
2019-04-08 00:00:00-04:00,18.790000915527344,19.8700008392334,18.5,19.860000610351562,1130500,0.0,0.0
2019-04-09 00:00:00-04:00,19.829999923706055,19.93000030517578,19.459999084472656,19.530000686645508,435500,0.0,0.0
2019-04-10 00:00:00-04:00,19.5,19.709999084472656,18.260000228881836,18.56999969482422,1356700,0.0,0.0
2019-04-11 00:00:00-04:00,18.450000762939453,18.579999923706055,17.139999389648438,17.170000076293945,1158800,0.0,0.0
2019-04-12 00:00:00-04:00,17.530000686645508,18.260000228881836,17.5,17.709999084472656,971600,0.0,0.0
2019-04-15 00:00:00-04:00,17.81999969482422,18.170000076293945,17.469999313354492,17.979999542236328,560100,0.0,0.0
2019-04-16 00:00:00-04:00,18.06999969482422,18.829999923706055,18.020000457763672,18.56999969482422,515600,0.0,0.0
2019-04-17 00:00:00-04:00,18.700000762939453,19.299999237060547,18.700000762939453,19.030000686645508,735300,0.0,0.0
2019-04-18 00:00:00-04:00,19.079999923706055,19.270000457763672,18.579999923706055,19.030000686645508,502300,0.0,0.0
2019-04-22 00:00:00-04:00,18.889999389648438,19.81999969482422,18.780000686645508,19.760000228881836,533900,0.0,0.0
2019-04-23 00:00:00-04:00,19.190000534057617,19.90999984741211,19.190000534057617,19.700000762939453,871600,0.0,0.0
2019-04-24 00:00:00-04:00,19.780000686645508,20.579999923706055,19.610000610351562,19.709999084472656,584000,0.0,0.0
2019-04-25 00:00:00-04:00,19.56999969482422,19.81999969482422,19.100000381469727,19.729999542236328,570600,0.0,0.0
2019-04-26 00:00:00-04:00,19.579999923706055,19.899999618530273,19.270000457763672,19.790000915527344,269200,0.0,0.0
2019-04-29 00:00:00-04:00,19.780000686645508,20.100000381469727,19.389999389648438,19.420000076293945,427800,0.0,0.0
2019-04-30 00:00:00-04:00,19.610000610351562,20.1299991607666,19.200000762939453,19.459999084472656,1014600,0.0,0.0
2019-05-01 00:00:00-04:00,19.43000030517578,19.8799991607666,19.18000030517578,19.18000030517578,351200,0.0,0.0
2019-05-02 00:00:00-04:00,19.350000381469727,19.829999923706055,19.1200008392334,19.530000686645508,642400,0.0,0.0
2019-05-03 00:00:00-04:00,19.649999618530273,21.18000030517578,19.489999771118164,20.989999771118164,1337400,0.0,0.0
2019-05-06 00:00:00-04:00,19.799999237060547,20.09000015258789,19.020000457763672,19.25,1260300,0.0,0.0
2019-05-07 00:00:00-04:00,19.260000228881836,19.690000534057617,19.0,19.690000534057617,652500,0.0,0.0
2019-05-08 00:00:00-04:00,19.219999313354492,19.399999618530273,18.489999771118164,18.540000915527344,1681900,0.0,0.0
2019-05-09 00:00:00-04:00,18.670000076293945,18.729999542236328,17.790000915527344,18.420000076293945,951800,0.0,0.0
2019-05-10 00:00:00-04:00,18.229999542236328,19.0,18.219999313354492,18.610000610351562,836800,0.0,0.0
2019-05-13 00:00:00-04:00,18.1200008392334,18.389999389648438,17.190000534057617,17.3799991607666,957800,0.0,0.0
2019-05-14 00:00:00-04:00,18.079999923706055,18.290000915527344,17.399999618530273,17.690000534057617,868400,0.0,0.0
2019-05-15 00:00:00-04:00,16.700000762939453,17.68000030517578,16.510000228881836,17.399999618530273,6795300,0.0,0.0
2019-05-16 00:00:00-04:00,17.420000076293945,18.739999771118164,17.360000610351562,17.989999771118164,1842300,0.0,0.0
2019-05-17 00:00:00-04:00,17.690000534057617,18.360000610351562,17.510000228881836,17.6299991607666,588600,0.0,0.0
2019-05-20 00:00:00-04:00,17.59000015258789,18.270000457763672,17.299999237060547,17.940000534057617,1002700,0.0,0.0
2019-05-21 00:00:00-04:00,18.190000534057617,19.1200008392334,18.010000228881836,18.860000610351562,849900,0.0,0.0
2019-05-22 00:00:00-04:00,18.34000015258789,19.520000457763672,18.34000015258789,19.06999969482422,1708400,0.0,0.0
2019-05-23 00:00:00-04:00,18.809999465942383,19.030000686645508,17.56999969482422,17.649999618530273,1176900,0.0,0.0
2019-05-24 00:00:00-04:00,18.030000686645508,18.350000381469727,17.709999084472656,18.15999984741211,491900,0.0,0.0
2019-05-28 00:00:00-04:00,18.350000381469727,19.5,18.290000915527344,19.479999542236328,1586900,0.0,0.0
2019-05-29 00:00:00-04:00,19.059999465942383,19.5,18.889999389648438,19.260000228881836,1114100,0.0,0.0
2019-05-30 00:00:00-04:00,19.260000228881836,20.100000381469727,19.260000228881836,19.8799991607666,964500,0.0,0.0
2019-05-31 00:00:00-04:00,19.549999237060547,20.190000534057617,19.399999618530273,20.110000610351562,999800,0.0,0.0
2019-06-03 00:00:00-04:00,20.25,21.43000030517578,20.219999313354492,21.270000457763672,1179600,0.0,0.0
2019-06-04 00:00:00-04:00,21.0,23.0,20.920000076293945,23.0,1942600,0.0,0.0
2019-06-05 00:00:00-04:00,22.850000381469727,23.190000534057617,22.020000457763672,22.700000762939453,1296500,0.0,0.0
2019-06-06 00:00:00-04:00,22.65999984741211,22.850000381469727,22.18000030517578,22.780000686645508,556900,0.0,0.0
2019-06-07 00:00:00-04:00,22.75,23.0,22.420000076293945,23.0,489600,0.0,0.0
2019-06-10 00:00:00-04:00,23.190000534057617,24.40999984741211,23.18000030517578,23.780000686645508,1140300,0.0,0.0
2019-06-11 00:00:00-04:00,23.850000381469727,24.010000228881836,23.079999923706055,23.56999969482422,474500,0.0,0.0
2019-06-12 00:00:00-04:00,23.540000915527344,24.350000381469727,23.139999389648438,24.020000457763672,626300,0.0,0.0
2019-06-13 00:00:00-04:00,24.3700008392334,24.84000015258789,24.020000457763672,24.709999084472656,463700,0.0,0.0
2019-06-14 00:00:00-04:00,24.520000457763672,24.780000686645508,24.309999465942383,24.6299991607666,267100,0.0,0.0
2019-06-17 00:00:00-04:00,24.34000015258789,24.469999313354492,22.1200008392334,22.600000381469727,1290100,0.0,0.0
2019-06-18 00:00:00-04:00,22.690000534057617,23.479999542236328,22.6200008392334,23.270000457763672,644600,0.0,0.0
2019-06-19 00:00:00-04:00,23.229999542236328,23.579999923706055,22.889999389648438,23.399999618530273,416800,0.0,0.0
2019-06-20 00:00:00-04:00,23.969999313354492,24.0,22.56999969482422,22.649999618530273,544600,0.0,0.0
2019-06-21 00:00:00-04:00,22.600000381469727,22.65999984741211,21.600000381469727,22.25,1100400,0.0,0.0
2019-06-24 00:00:00-04:00,22.690000534057617,23.1299991607666,22.139999389648438,22.450000762939453,376000,0.0,0.0
2019-06-25 00:00:00-04:00,22.639999389648438,22.639999389648438,20.920000076293945,20.979999542236328,852700,0.0,0.0
2019-06-26 00:00:00-04:00,21.360000610351562,22.170000076293945,21.049999237060547,21.75,711400,0.0,0.0
2019-06-27 00:00:00-04:00,21.799999237060547,22.56999969482422,21.530000686645508,22.280000686645508,960300,0.0,0.0
2019-06-28 00:00:00-04:00,22.719999313354492,22.75,20.56999969482422,21.690000534057617,1415800,0.0,0.0
2019-07-01 00:00:00-04:00,22.360000610351562,23.200000762939453,21.899999618530273,22.43000030517578,1146100,0.0,0.0
2019-07-02 00:00:00-04:00,22.440000534057617,22.780000686645508,21.719999313354492,22.770000457763672,496400,0.0,0.0
2019-07-03 00:00:00-04:00,22.760000228881836,23.270000457763672,22.6200008392334,22.6200008392334,306500,0.0,0.0
2019-07-05 00:00:00-04:00,22.350000381469727,23.18000030517578,21.559999465942383,23.15999984741211,733300,0.0,0.0
2019-07-08 00:00:00-04:00,22.790000915527344,22.799999237060547,21.65999984741211,22.389999389648438,729800,0.0,0.0
2019-07-09 00:00:00-04:00,22.260000228881836,22.600000381469727,21.829999923706055,22.239999771118164,351000,0.0,0.0
2019-07-10 00:00:00-04:00,22.350000381469727,22.579999923706055,21.559999465942383,21.610000610351562,511500,0.0,0.0
2019-07-11 00:00:00-04:00,21.65999984741211,21.799999237060547,19.8700008392334,19.989999771118164,1483700,0.0,0.0
2019-07-12 00:00:00-04:00,20.5,21.440000534057617,19.950000762939453,20.09000015258789,1018600,0.0,0.0
2019-07-15 00:00:00-04:00,20.329999923706055,20.479999542236328,20.059999465942383,20.299999237060547,377100,0.0,0.0
2019-07-16 00:00:00-04:00,20.299999237060547,20.56999969482422,20.030000686645508,20.260000228881836,390100,0.0,0.0
2019-07-17 00:00:00-04:00,20.360000610351562,20.860000610351562,20.299999237060547,20.700000762939453,576300,0.0,0.0
2019-07-18 00:00:00-04:00,20.549999237060547,20.709999084472656,20.200000762939453,20.43000030517578,351700,0.0,0.0
2019-07-19 00:00:00-04:00,20.549999237060547,20.799999237060547,20.190000534057617,20.229999542236328,305400,0.0,0.0
2019-07-22 00:00:00-04:00,20.479999542236328,21.1299991607666,20.260000228881836,20.8799991607666,779400,0.0,0.0
2019-07-23 00:00:00-04:00,21.059999465942383,21.299999237060547,19.93000030517578,20.43000030517578,591300,0.0,0.0
2019-07-24 00:00:00-04:00,20.530000686645508,20.610000610351562,20.0,20.030000686645508,600800,0.0,0.0
2019-07-25 00:00:00-04:00,20.209999084472656,20.209999084472656,19.110000610351562,19.209999084472656,850600,0.0,0.0
2019-07-26 00:00:00-04:00,19.290000915527344,19.610000610351562,19.020000457763672,19.540000915527344,628400,0.0,0.0
2019-07-29 00:00:00-04:00,19.59000015258789,19.959999084472656,19.25,19.950000762939453,299700,0.0,0.0
2019-07-30 00:00:00-04:00,19.690000534057617,20.100000381469727,19.520000457763672,20.079999923706055,298400,0.0,0.0
2019-07-31 00:00:00-04:00,20.100000381469727,20.469999313354492,19.270000457763672,19.59000015258789,363500,0.0,0.0
2019-08-01 00:00:00-04:00,19.950000762939453,21.18000030517578,19.860000610351562,20.049999237060547,959300,0.0,0.0
2019-08-02 00:00:00-04:00,19.940000534057617,20.079999923706055,19.450000762939453,19.899999618530273,358900,0.0,0.0
2019-08-05 00:00:00-04:00,19.309999465942383,19.3700008392334,18.0,18.610000610351562,979400,0.0,0.0
2019-08-06 00:00:00-04:00,19.0,19.770000457763672,18.649999618530273,18.93000030517578,681700,0.0,0.0
2019-08-07 00:00:00-04:00,19.0,19.950000762939453,19.0,19.950000762939453,658300,0.0,0.0
2019-08-08 00:00:00-04:00,20.15999984741211,21.100000381469727,20.040000915527344,20.739999771118164,638400,0.0,0.0
2019-08-09 00:00:00-04:00,20.3799991607666,20.75,20.100000381469727,20.350000381469727,367400,0.0,0.0
2019-08-12 00:00:00-04:00,20.280000686645508,20.299999237060547,19.299999237060547,19.8799991607666,351500,0.0,0.0
2019-08-13 00:00:00-04:00,19.700000762939453,20.260000228881836,19.399999618530273,19.600000381469727,598400,0.0,0.0
2019-08-14 00:00:00-04:00,19.110000610351562,19.299999237060547,17.809999465942383,18.049999237060547,1042800,0.0,0.0
2019-08-15 00:00:00-04:00,18.65999984741211,19.1299991607666,18.030000686645508,18.280000686645508,654100,0.0,0.0
2019-08-16 00:00:00-04:00,18.780000686645508,19.3700008392334,18.520000457763672,19.34000015258789,470100,0.0,0.0
2019-08-19 00:00:00-04:00,19.690000534057617,19.8700008392334,18.030000686645508,19.6299991607666,397200,0.0,0.0
2019-08-20 00:00:00-04:00,19.65999984741211,20.049999237060547,19.5,19.729999542236328,337500,0.0,0.0
2019-08-21 00:00:00-04:00,20.690000534057617,20.829999923706055,19.209999084472656,19.829999923706055,1339800,0.0,0.0
2019-08-22 00:00:00-04:00,19.75,19.889999389648438,19.1200008392334,19.25,659200,0.0,0.0
2019-08-23 00:00:00-04:00,19.049999237060547,19.100000381469727,18.270000457763672,18.5,995200,0.0,0.0
2019-08-26 00:00:00-04:00,18.959999084472656,19.06999969482422,18.549999237060547,19.0,663400,0.0,0.0
2019-08-27 00:00:00-04:00,19.0,19.489999771118164,18.770000457763672,19.229999542236328,502800,0.0,0.0
2019-08-28 00:00:00-04:00,19.110000610351562,19.8700008392334,19.049999237060547,19.799999237060547,474700,0.0,0.0
2019-08-29 00:00:00-04:00,20.110000610351562,20.469999313354492,19.530000686645508,20.190000534057617,1142800,0.0,0.0
2019-08-30 00:00:00-04:00,21.149999618530273,22.09000015258789,19.5,21.8700008392334,3453100,0.0,0.0
2019-09-03 00:00:00-04:00,21.399999618530273,21.940000534057617,20.790000915527344,21.0,976500,0.0,0.0
2019-09-04 00:00:00-04:00,21.239999771118164,22.809999465942383,21.09000015258789,22.469999313354492,1604600,0.0,0.0
2019-09-05 00:00:00-04:00,22.670000076293945,23.280000686645508,22.40999984741211,22.450000762939453,1131900,0.0,0.0
2019-09-06 00:00:00-04:00,22.43000030517578,22.510000228881836,21.100000381469727,21.139999389648438,722600,0.0,0.0
2019-09-09 00:00:00-04:00,21.3700008392334,21.3700008392334,19.59000015258789,19.639999389648438,894700,0.0,0.0
2019-09-10 00:00:00-04:00,19.799999237060547,19.799999237060547,18.350000381469727,19.15999984741211,1389000,0.0,0.0
2019-09-11 00:00:00-04:00,19.299999237060547,19.68000030517578,18.979999542236328,19.399999618530273,668600,0.0,0.0
2019-09-12 00:00:00-04:00,19.469999313354492,19.5,18.739999771118164,19.139999389648438,550900,0.0,0.0
2019-09-13 00:00:00-04:00,19.260000228881836,20.030000686645508,19.100000381469727,19.559999465942383,429900,0.0,0.0
2019-09-16 00:00:00-04:00,19.700000762939453,20.350000381469727,19.5,20.309999465942383,507900,0.0,0.0
2019-09-17 00:00:00-04:00,20.0,20.729999542236328,19.920000076293945,20.329999923706055,474900,0.0,0.0
2019-09-18 00:00:00-04:00,20.209999084472656,20.59000015258789,19.780000686645508,20.3799991607666,461300,0.0,0.0
2019-09-19 00:00:00-04:00,20.59000015258789,20.940000534057617,20.3799991607666,20.770000457763672,622800,0.0,0.0
2019-09-20 00:00:00-04:00,20.829999923706055,21.040000915527344,20.030000686645508,20.3700008392334,994700,0.0,0.0
2019-09-23 00:00:00-04:00,20.440000534057617,21.100000381469727,20.209999084472656,20.920000076293945,724100,0.0,0.0
2019-09-24 00:00:00-04:00,20.940000534057617,21.0,18.81999969482422,18.920000076293945,1368000,0.0,0.0
2019-09-25 00:00:00-04:00,19.06999969482422,19.3799991607666,18.75,19.270000457763672,763700,0.0,0.0
2019-09-26 00:00:00-04:00,19.270000457763672,19.299999237060547,17.709999084472656,17.969999313354492,1403300,0.0,0.0
2019-09-27 00:00:00-04:00,18.219999313354492,18.389999389648438,16.559999465942383,16.81999969482422,1568300,0.0,0.0
2019-09-30 00:00:00-04:00,17.030000686645508,17.190000534057617,15.930000305175781,15.949999809265137,1539800,0.0,0.0
2019-10-01 00:00:00-04:00,16.030000686645508,16.18000030517578,15.210000038146973,15.260000228881836,1033100,0.0,0.0
2019-10-02 00:00:00-04:00,15.199999809265137,15.510000228881836,14.6899995803833,14.84000015258789,1120200,0.0,0.0
2019-10-03 00:00:00-04:00,14.949999809265137,15.649999618530273,14.6899995803833,15.579999923706055,709600,0.0,0.0
2019-10-04 00:00:00-04:00,15.800000190734863,16.149999618530273,15.350000381469727,16.020000457763672,541700,0.0,0.0
2019-10-07 00:00:00-04:00,15.390000343322754,16.149999618530273,15.300000190734863,15.649999618530273,737600,0.0,0.0
2019-10-08 00:00:00-04:00,15.619999885559082,16.079999923706055,15.600000381469727,16.020000457763672,571300,0.0,0.0
2019-10-09 00:00:00-04:00,16.200000762939453,16.209999084472656,15.359999656677246,15.369999885559082,707600,0.0,0.0
2019-10-10 00:00:00-04:00,15.59000015258789,16.06999969482422,15.420000076293945,15.789999961853027,443100,0.0,0.0
2019-10-11 00:00:00-04:00,16.139999389648438,16.450000762939453,15.609999656677246,15.710000038146973,746300,0.0,0.0
2019-10-14 00:00:00-04:00,15.760000228881836,16.270000457763672,15.760000228881836,16.010000228881836,491200,0.0,0.0
2019-10-15 00:00:00-04:00,15.920000076293945,16.270000457763672,15.710000038146973,16.010000228881836,589700,0.0,0.0
2019-10-16 00:00:00-04:00,15.970000267028809,16.200000762939453,14.869999885559082,14.960000038146973,929800,0.0,0.0
2019-10-17 00:00:00-04:00,15.020000457763672,15.789999961853027,15.020000457763672,15.399999618530273,611000,0.0,0.0
2019-10-18 00:00:00-04:00,15.390000343322754,15.609999656677246,15.229999542236328,15.329999923706055,716000,0.0,0.0
2019-10-21 00:00:00-04:00,15.319999694824219,15.529999732971191,15.229999542236328,15.319999694824219,377100,0.0,0.0
2019-10-22 00:00:00-04:00,15.380000114440918,15.5,14.569999694824219,14.65999984741211,772100,0.0,0.0
2019-10-23 00:00:00-04:00,14.59000015258789,14.970000267028809,14.5,14.649999618530273,805700,0.0,0.0
2019-10-24 00:00:00-04:00,14.800000190734863,15.300000190734863,14.729999542236328,15.260000228881836,742900,0.0,0.0
2019-10-25 00:00:00-04:00,15.220000267028809,15.289999961853027,14.449999809265137,14.779999732971191,821000,0.0,0.0
2019-10-28 00:00:00-04:00,14.90999984741211,14.970000267028809,14.59000015258789,14.739999771118164,639800,0.0,0.0
2019-10-29 00:00:00-04:00,14.800000190734863,14.970000267028809,14.550000190734863,14.649999618530273,516000,0.0,0.0
2019-10-30 00:00:00-04:00,14.649999618530273,14.680000305175781,14.109999656677246,14.279999732971191,718500,0.0,0.0
2019-10-31 00:00:00-04:00,14.350000381469727,14.5600004196167,14.25,14.4399995803833,496500,0.0,0.0
2019-11-01 00:00:00-04:00,14.5,15.100000381469727,14.4399995803833,14.789999961853027,395200,0.0,0.0
2019-11-04 00:00:00-05:00,15.15999984741211,15.34000015258789,14.609999656677246,14.609999656677246,527300,0.0,0.0
2019-11-05 00:00:00-05:00,14.75,14.960000038146973,14.5,14.600000381469727,483400,0.0,0.0
2019-11-06 00:00:00-05:00,14.619999885559082,14.850000381469727,14.359999656677246,14.609999656677246,342500,0.0,0.0
2019-11-07 00:00:00-05:00,14.779999732971191,15.640000343322754,14.75,14.829999923706055,788400,0.0,0.0
2019-11-08 00:00:00-05:00,14.800000190734863,15.170000076293945,14.529999732971191,15.140000343322754,701900,0.0,0.0
2019-11-11 00:00:00-05:00,15.140000343322754,15.5,15.100000381469727,15.5,550800,0.0,0.0
2019-11-12 00:00:00-05:00,15.699999809265137,16.309999465942383,15.670000076293945,16.049999237060547,979400,0.0,0.0
2019-11-13 00:00:00-05:00,15.800000190734863,16.079999923706055,14.789999961853027,14.8100004196167,1238600,0.0,0.0
2019-11-14 00:00:00-05:00,15.0,15.289999961853027,14.65999984741211,15.029999732971191,833400,0.0,0.0
2019-11-15 00:00:00-05:00,15.109999656677246,15.550000190734863,14.829999923706055,14.949999809265137,603500,0.0,0.0
2019-11-18 00:00:00-05:00,14.989999771118164,15.0,14.449999809265137,14.869999885559082,810700,0.0,0.0
2019-11-19 00:00:00-05:00,16.059999465942383,17.739999771118164,15.779999732971191,16.440000534057617,3754700,0.0,0.0
2019-11-20 00:00:00-05:00,16.940000534057617,17.559999465942383,16.729999542236328,17.40999984741211,1672400,0.0,0.0
2019-11-21 00:00:00-05:00,17.459999084472656,18.270000457763672,17.170000076293945,17.459999084472656,1595900,0.0,0.0
2019-11-22 00:00:00-05:00,17.729999542236328,17.729999542236328,16.549999237060547,17.290000915527344,1336400,0.0,0.0
2019-11-25 00:00:00-05:00,17.25,17.540000915527344,16.760000228881836,16.950000762939453,767900,0.0,0.0
2019-11-26 00:00:00-05:00,17.399999618530273,17.399999618530273,16.780000686645508,17.350000381469727,733900,0.0,0.0
2019-11-27 00:00:00-05:00,17.6200008392334,18.420000076293945,17.309999465942383,18.3799991607666,846600,0.0,0.0
2019-11-29 00:00:00-05:00,18.799999237060547,18.850000381469727,18.030000686645508,18.350000381469727,685700,0.0,0.0
2019-12-02 00:00:00-05:00,18.469999313354492,18.729999542236328,18.25,18.600000381469727,503500,0.0,0.0
2019-12-03 00:00:00-05:00,18.209999084472656,18.649999618530273,17.940000534057617,18.56999969482422,1277500,0.0,0.0
2019-12-04 00:00:00-05:00,18.75,19.0,18.350000381469727,18.989999771118164,752900,0.0,0.0
2019-12-05 00:00:00-05:00,19.200000762939453,19.899999618530273,19.149999618530273,19.770000457763672,1041600,0.0,0.0
2019-12-06 00:00:00-05:00,19.860000610351562,20.3700008392334,19.65999984741211,20.280000686645508,959500,0.0,0.0
2019-12-09 00:00:00-05:00,20.290000915527344,20.520000457763672,20.100000381469727,20.420000076293945,818500,0.0,0.0
2019-12-10 00:00:00-05:00,20.5,20.5,20.100000381469727,20.280000686645508,847600,0.0,0.0
2019-12-11 00:00:00-05:00,20.479999542236328,21.31999969482422,20.40999984741211,21.299999237060547,1223000,0.0,0.0
2019-12-12 00:00:00-05:00,21.299999237060547,21.93000030517578,21.110000610351562,21.829999923706055,1126300,0.0,0.0
2019-12-13 00:00:00-05:00,21.350000381469727,21.950000762939453,21.110000610351562,21.690000534057617,1034100,0.0,0.0
2019-12-16 00:00:00-05:00,21.649999618530273,21.889999389648438,21.329999923706055,21.799999237060547,876700,0.0,0.0
2019-12-17 00:00:00-05:00,21.860000610351562,22.5,21.75,22.299999237060547,1307600,0.0,0.0
2019-12-18 00:00:00-05:00,22.229999542236328,22.479999542236328,21.25,21.540000915527344,1299900,0.0,0.0
2019-12-19 00:00:00-05:00,21.610000610351562,21.989999771118164,21.610000610351562,21.84000015258789,1049500,0.0,0.0
2019-12-20 00:00:00-05:00,21.950000762939453,22.65999984741211,21.8700008392334,22.010000228881836,1207100,0.0,0.0
2019-12-23 00:00:00-05:00,22.1299991607666,22.93000030517578,22.020000457763672,22.899999618530273,997800,0.0,0.0
2019-12-24 00:00:00-05:00,22.729999542236328,23.149999618530273,22.65999984741211,22.979999542236328,427400,0.0,0.0
2019-12-26 00:00:00-05:00,22.90999984741211,23.450000762939453,22.84000015258789,22.90999984741211,849800,0.0,0.0
2019-12-27 00:00:00-05:00,23.010000228881836,23.1299991607666,22.469999313354492,22.649999618530273,922600,0.0,0.0
2019-12-30 00:00:00-05:00,22.520000457763672,22.670000076293945,22.06999969482422,22.219999313354492,898800,0.0,0.0
2019-12-31 00:00:00-05:00,22.09000015258789,22.649999618530273,22.09000015258789,22.489999771118164,657300,0.0,0.0
2020-01-02 00:00:00-05:00,22.790000915527344,23.850000381469727,22.59000015258789,23.84000015258789,1130300,0.0,0.0
2020-01-03 00:00:00-05:00,23.170000076293945,23.649999618530273,22.479999542236328,22.59000015258789,1319300,0.0,0.0
2020-01-06 00:00:00-05:00,21.969999313354492,22.56999969482422,21.799999237060547,22.489999771118164,997800,0.0,0.0
2020-01-07 00:00:00-05:00,22.649999618530273,23.0,22.559999465942383,22.739999771118164,592700,0.0,0.0
2020-01-08 00:00:00-05:00,22.479999542236328,22.540000915527344,21.959999084472656,22.229999542236328,856900,0.0,0.0
2020-01-09 00:00:00-05:00,22.56999969482422,23.25,22.40999984741211,22.780000686645508,993000,0.0,0.0
2020-01-10 00:00:00-05:00,22.860000610351562,23.030000686645508,22.489999771118164,22.540000915527344,860800,0.0,0.0
2020-01-13 00:00:00-05:00,23.110000610351562,23.25,22.780000686645508,23.09000015258789,761400,0.0,0.0
2020-01-14 00:00:00-05:00,23.15999984741211,24.360000610351562,23.149999618530273,24.350000381469727,1372000,0.0,0.0
2020-01-15 00:00:00-05:00,24.290000915527344,24.299999237060547,23.170000076293945,23.200000762939453,1099800,0.0,0.0
2020-01-16 00:00:00-05:00,23.530000686645508,23.739999771118164,22.559999465942383,22.6200008392334,1073400,0.0,0.0
2020-01-17 00:00:00-05:00,23.079999923706055,23.190000534057617,22.530000686645508,22.829999923706055,780000,0.0,0.0
2020-01-21 00:00:00-05:00,22.459999084472656,22.639999389648438,21.899999618530273,22.209999084472656,1056400,0.0,0.0
2020-01-22 00:00:00-05:00,22.40999984741211,22.530000686645508,21.030000686645508,21.200000762939453,1107300,0.0,0.0
2020-01-23 00:00:00-05:00,20.950000762939453,21.18000030517578,20.309999465942383,20.719999313354492,844900,0.0,0.0
2020-01-24 00:00:00-05:00,20.8799991607666,21.030000686645508,20.239999771118164,20.389999389648438,645100,0.0,0.0
2020-01-27 00:00:00-05:00,19.280000686645508,19.760000228881836,19.010000228881836,19.389999389648438,1305000,0.0,0.0
2020-01-28 00:00:00-05:00,19.579999923706055,19.790000915527344,19.420000076293945,19.65999984741211,742400,0.0,0.0
2020-01-29 00:00:00-05:00,19.649999618530273,19.969999313354492,19.450000762939453,19.600000381469727,528600,0.0,0.0
2020-01-30 00:00:00-05:00,19.420000076293945,19.450000762939453,19.079999923706055,19.440000534057617,637200,0.0,0.0
2020-01-31 00:00:00-05:00,19.280000686645508,19.3700008392334,18.65999984741211,18.700000762939453,877800,0.0,0.0
2020-02-03 00:00:00-05:00,18.610000610351562,19.489999771118164,18.389999389648438,19.360000610351562,1258600,0.0,0.0
2020-02-04 00:00:00-05:00,20.149999618530273,20.860000610351562,20.010000228881836,20.510000228881836,2720600,0.0,0.0
2020-02-05 00:00:00-05:00,20.860000610351562,21.559999465942383,20.530000686645508,21.540000915527344,1254600,0.0,0.0
2020-02-06 00:00:00-05:00,21.6299991607666,22.690000534057617,21.6299991607666,22.25,1345600,0.0,0.0
2020-02-07 00:00:00-05:00,21.899999618530273,22.18000030517578,21.5,21.639999389648438,743100,0.0,0.0
2020-02-10 00:00:00-05:00,21.649999618530273,21.969999313354492,21.510000228881836,21.690000534057617,620700,0.0,0.0
2020-02-11 00:00:00-05:00,22.549999237060547,25.8700008392334,22.520000457763672,25.739999771118164,4487500,0.0,0.0
2020-02-12 00:00:00-05:00,25.459999084472656,28.760000228881836,25.270000457763672,28.639999389648438,3829000,0.0,0.0
2020-02-13 00:00:00-05:00,26.90999984741211,27.149999618530273,25.200000762939453,25.729999542236328,2816600,0.0,0.0
2020-02-14 00:00:00-05:00,25.81999969482422,26.700000762939453,25.450000762939453,25.5,2160500,0.0,0.0
2020-02-18 00:00:00-05:00,25.709999084472656,26.149999618530273,25.440000534057617,25.65999984741211,1088700,0.0,0.0
2020-02-19 00:00:00-05:00,26.309999465942383,28.290000915527344,26.25,28.219999313354492,1822500,0.0,0.0
2020-02-20 00:00:00-05:00,28.59000015258789,28.84000015258789,26.8799991607666,28.239999771118164,1854900,0.0,0.0
2020-02-21 00:00:00-05:00,27.799999237060547,27.950000762939453,27.09000015258789,27.209999084472656,1313100,0.0,0.0
2020-02-24 00:00:00-05:00,24.579999923706055,26.950000762939453,24.579999923706055,26.549999237060547,1902800,0.0,0.0
2020-02-25 00:00:00-05:00,26.56999969482422,27.049999237060547,25.65999984741211,25.829999923706055,1132600,0.0,0.0
2020-02-26 00:00:00-05:00,25.299999237060547,26.290000915527344,25.15999984741211,25.420000076293945,829600,0.0,0.0
2020-02-27 00:00:00-05:00,25.09000015258789,25.15999984741211,23.139999389648438,23.59000015258789,1851900,0.0,0.0
2020-02-28 00:00:00-05:00,22.450000762939453,23.700000762939453,22.209999084472656,22.84000015258789,1254600,0.0,0.0
2020-03-02 00:00:00-05:00,23.520000457763672,23.729999542236328,21.84000015258789,22.889999389648438,1604100,0.0,0.0
2020-03-03 00:00:00-05:00,23.59000015258789,24.43000030517578,21.75,21.899999618530273,2049800,0.0,0.0
2020-03-04 00:00:00-05:00,22.799999237060547,22.799999237060547,21.100000381469727,22.600000381469727,2299800,0.0,0.0
2020-03-05 00:00:00-05:00,21.989999771118164,23.639999389648438,21.8799991607666,23.0,1487000,0.0,0.0
2020-03-06 00:00:00-05:00,22.700000762939453,23.15999984741211,21.760000228881836,22.190000534057617,1589200,0.0,0.0
2020-03-09 00:00:00-04:00,20.1200008392334,20.3799991607666,18.34000015258789,18.350000381469727,2481500,0.0,0.0
2020-03-10 00:00:00-04:00,19.940000534057617,20.100000381469727,18.549999237060547,19.25,1957300,0.0,0.0
2020-03-11 00:00:00-04:00,19.110000610351562,19.889999389648438,18.610000610351562,19.0,1683900,0.0,0.0
2020-03-12 00:00:00-04:00,17.770000457763672,19.329999923706055,17.479999542236328,17.809999465942383,2607700,0.0,0.0
2020-03-13 00:00:00-04:00,18.59000015258789,18.780000686645508,14.5,17.40999984741211,5654600,0.0,0.0
2020-03-16 00:00:00-04:00,15.579999923706055,15.579999923706055,11.920000076293945,12.359999656677246,3837800,0.0,0.0
2020-03-17 00:00:00-04:00,12.8100004196167,13.739999771118164,12.65999984741211,13.550000190734863,2204200,0.0,0.0
2020-03-18 00:00:00-04:00,12.600000381469727,15.109999656677246,11.420000076293945,12.510000228881836,2950400,0.0,0.0
2020-03-19 00:00:00-04:00,12.229999542236328,14.050000190734863,11.8100004196167,13.020000457763672,1743500,0.0,0.0
2020-03-20 00:00:00-04:00,13.8100004196167,14.09000015258789,12.609999656677246,13.319999694824219,1927800,0.0,0.0
2020-03-23 00:00:00-04:00,13.239999771118164,14.130000114440918,12.640000343322754,13.920000076293945,1493200,0.0,0.0
2020-03-24 00:00:00-04:00,15.020000457763672,16.940000534057617,14.979999542236328,16.75,2373200,0.0,0.0
2020-03-25 00:00:00-04:00,16.940000534057617,17.719999313354492,15.75,16.479999542236328,1332500,0.0,0.0
2020-03-26 00:00:00-04:00,16.809999465942383,17.950000762939453,16.68000030517578,17.290000915527344,1060100,0.0,0.0
2020-03-27 00:00:00-04:00,16.479999542236328,16.540000915527344,14.800000190734863,14.850000381469727,1964400,0.0,0.0
2020-03-30 00:00:00-04:00,15.220000267028809,15.40999984741211,14.529999732971191,14.930000305175781,1041100,0.0,0.0
2020-03-31 00:00:00-04:00,15.260000228881836,15.350000381469727,14.609999656677246,14.850000381469727,1195300,0.0,0.0
2020-04-01 00:00:00-04:00,14.399999618530273,14.579999923706055,13.5,13.600000381469727,1035500,0.0,0.0
2020-04-02 00:00:00-04:00,14.0,14.489999771118164,13.5,14.180000305175781,746200,0.0,0.0
2020-04-03 00:00:00-04:00,14.119999885559082,14.529999732971191,13.65999984741211,14.069999694824219,535900,0.0,0.0
2020-04-06 00:00:00-04:00,14.699999809265137,15.90999984741211,14.65999984741211,14.899999618530273,1273300,0.0,0.0
2020-04-07 00:00:00-04:00,16.329999923706055,16.469999313354492,15.210000038146973,15.229999542236328,1159600,0.0,0.0
2020-04-08 00:00:00-04:00,15.5,15.819999694824219,15.229999542236328,15.699999809265137,927900,0.0,0.0
2020-04-09 00:00:00-04:00,15.949999809265137,16.399999618530273,15.470000267028809,15.930000305175781,926900,0.0,0.0
2020-04-13 00:00:00-04:00,16.149999618530273,16.56999969482422,15.680000305175781,16.56999969482422,657700,0.0,0.0
2020-04-14 00:00:00-04:00,17.290000915527344,17.719999313354492,16.799999237060547,17.079999923706055,869200,0.0,0.0
2020-04-15 00:00:00-04:00,16.489999771118164,16.670000076293945,15.890000343322754,16.40999984741211,1967200,0.0,0.0
2020-04-16 00:00:00-04:00,16.549999237060547,16.719999313354492,15.84000015258789,16.18000030517578,690100,0.0,0.0
2020-04-17 00:00:00-04:00,16.520000457763672,16.850000381469727,16.149999618530273,16.56999969482422,613100,0.0,0.0
2020-04-20 00:00:00-04:00,16.18000030517578,16.450000762939453,15.829999923706055,15.90999984741211,716400,0.0,0.0
2020-04-21 00:00:00-04:00,15.5,15.600000381469727,14.619999885559082,14.800000190734863,1451500,0.0,0.0
2020-04-22 00:00:00-04:00,15.300000190734863,15.529999732971191,14.850000381469727,15.470000267028809,661400,0.0,0.0
2020-04-23 00:00:00-04:00,15.350000381469727,16.18000030517578,15.300000190734863,15.770000457763672,865800,0.0,0.0
2020-04-24 00:00:00-04:00,15.869999885559082,16.059999465942383,15.020000457763672,15.1899995803833,751600,0.0,0.0
2020-04-27 00:00:00-04:00,15.579999923706055,15.760000228881836,15.350000381469727,15.680000305175781,790500,0.0,0.0
2020-04-28 00:00:00-04:00,15.930000305175781,16.049999237060547,15.109999656677246,15.220000267028809,1033000,0.0,0.0
2020-04-29 00:00:00-04:00,15.5,16.34000015258789,15.300000190734863,16.239999771118164,950200,0.0,0.0
2020-04-30 00:00:00-04:00,16.100000381469727,16.260000228881836,15.460000038146973,15.819999694824219,816000,0.0,0.0
2020-05-01 00:00:00-04:00,15.220000267028809,15.5600004196167,14.470000267028809,14.800000190734863,966300,0.0,0.0
2020-05-04 00:00:00-04:00,14.8100004196167,15.420000076293945,14.619999885559082,15.359999656677246,556600,0.0,0.0
2020-05-05 00:00:00-04:00,15.489999771118164,15.75,15.010000228881836,15.029999732971191,619700,0.0,0.0
2020-05-06 00:00:00-04:00,15.300000190734863,15.75,15.079999923706055,15.619999885559082,613600,0.0,0.0
2020-05-07 00:00:00-04:00,15.640000343322754,16.1200008392334,15.430000305175781,15.920000076293945,536100,0.0,0.0
2020-05-08 00:00:00-04:00,16.149999618530273,16.31999969482422,15.720000267028809,15.819999694824219,459700,0.0,0.0
2020-05-11 00:00:00-04:00,15.760000228881836,16.100000381469727,15.449999809265137,15.8100004196167,436200,0.0,0.0
2020-05-12 00:00:00-04:00,15.90999984741211,16.049999237060547,15.0600004196167,15.130000114440918,695600,0.0,0.0
2020-05-13 00:00:00-04:00,15.199999809265137,15.300000190734863,14.25,14.619999885559082,816100,0.0,0.0
2020-05-14 00:00:00-04:00,14.289999961853027,14.760000228881836,13.670000076293945,14.75,849600,0.0,0.0
2020-05-15 00:00:00-04:00,14.539999961853027,14.710000038146973,14.050000190734863,14.529999732971191,559700,0.0,0.0
2020-05-18 00:00:00-04:00,14.8100004196167,15.949999809265137,14.8100004196167,15.600000381469727,951200,0.0,0.0
2020-05-19 00:00:00-04:00,15.800000190734863,17.350000381469727,15.760000228881836,17.100000381469727,1528000,0.0,0.0
2020-05-20 00:00:00-04:00,17.479999542236328,18.25,16.600000381469727,16.770000457763672,1126300,0.0,0.0
2020-05-21 00:00:00-04:00,16.940000534057617,17.270000457763672,15.8100004196167,15.890000343322754,837500,0.0,0.0
2020-05-22 00:00:00-04:00,15.829999923706055,15.84000015258789,14.979999542236328,15.050000190734863,1679800,0.0,0.0
2020-05-26 00:00:00-04:00,15.789999961853027,16.25,15.489999771118164,15.84000015258789,1030600,0.0,0.0
2020-05-27 00:00:00-04:00,16.0,16.170000076293945,15.119999885559082,15.779999732971191,1352900,0.0,0.0
2020-05-28 00:00:00-04:00,15.779999732971191,15.930000305175781,15.130000114440918,15.220000267028809,509400,0.0,0.0
2020-05-29 00:00:00-04:00,15.25,16.139999389648438,15.119999885559082,15.8100004196167,1187700,0.0,0.0
2020-06-01 00:00:00-04:00,15.8100004196167,16.200000762939453,15.260000228881836,15.600000381469727,1131500,0.0,0.0
2020-06-02 00:00:00-04:00,15.800000190734863,16.100000381469727,15.550000190734863,15.579999923706055,810000,0.0,0.0
2020-06-03 00:00:00-04:00,15.979999542236328,16.950000762939453,15.800000190734863,16.860000610351562,1277500,0.0,0.0
2020-06-04 00:00:00-04:00,18.3700008392334,18.950000762939453,17.1200008392334,17.420000076293945,2929000,0.0,0.0
2020-06-05 00:00:00-04:00,18.34000015258789,18.899999618530273,17.959999084472656,18.049999237060547,1527100,0.0,0.0
2020-06-08 00:00:00-04:00,18.799999237060547,19.25,18.200000762939453,19.1299991607666,1367700,0.0,0.0
2020-06-09 00:00:00-04:00,18.649999618530273,18.799999237060547,17.6200008392334,17.969999313354492,1609300,0.0,0.0
2020-06-10 00:00:00-04:00,18.389999389648438,18.559999465942383,17.84000015258789,18.190000534057617,1213400,0.0,0.0
2020-06-11 00:00:00-04:00,17.510000228881836,17.719999313354492,16.81999969482422,16.959999084472656,1174400,0.0,0.0
2020-06-12 00:00:00-04:00,17.479999542236328,17.989999771118164,17.059999465942383,17.850000381469727,990700,0.0,0.0
2020-06-15 00:00:00-04:00,16.770000457763672,16.93000030517578,15.8100004196167,16.270000457763672,2642400,0.0,0.0
2020-06-16 00:00:00-04:00,17.010000228881836,17.100000381469727,16.200000762939453,16.280000686645508,1257800,0.0,0.0
2020-06-17 00:00:00-04:00,16.31999969482422,16.420000076293945,15.729999542236328,15.869999885559082,1154600,0.0,0.0
2020-06-18 00:00:00-04:00,15.720000267028809,16.239999771118164,15.569999694824219,15.649999618530273,1203200,0.0,0.0
2020-06-19 00:00:00-04:00,15.800000190734863,16.399999618530273,15.640000343322754,16.040000915527344,1277100,0.0,0.0
2020-06-22 00:00:00-04:00,15.989999771118164,16.06999969482422,15.270000457763672,15.670000076293945,1093500,0.0,0.0
2020-06-23 00:00:00-04:00,15.819999694824219,17.0,15.779999732971191,16.899999618530273,1759300,0.0,0.0
2020-06-24 00:00:00-04:00,16.59000015258789,17.489999771118164,16.239999771118164,17.40999984741211,1498300,0.0,0.0
2020-06-25 00:00:00-04:00,17.0,17.709999084472656,16.889999389648438,17.68000030517578,1345300,0.0,0.0
2020-06-26 00:00:00-04:00,17.440000534057617,17.559999465942383,16.889999389648438,16.979999542236328,817700,0.0,0.0
2020-06-29 00:00:00-04:00,17.030000686645508,18.290000915527344,17.030000686645508,17.899999618530273,1516200,0.0,0.0
2020-06-30 00:00:00-04:00,17.8799991607666,18.170000076293945,17.579999923706055,17.709999084472656,562600,0.0,0.0
2020-07-01 00:00:00-04:00,17.799999237060547,18.8700008392334,17.799999237060547,18.799999237060547,1545700,0.0,0.0
2020-07-02 00:00:00-04:00,18.799999237060547,19.3799991607666,18.530000686645508,19.139999389648438,1423900,0.0,0.0
2020-07-06 00:00:00-04:00,19.56999969482422,21.530000686645508,19.520000457763672,21.469999313354492,3013600,0.0,0.0
2020-07-07 00:00:00-04:00,20.850000381469727,21.959999084472656,20.649999618530273,21.360000610351562,1759300,0.0,0.0
2020-07-08 00:00:00-04:00,21.6299991607666,23.010000228881836,21.469999313354492,22.899999618530273,2717500,0.0,0.0
2020-07-09 00:00:00-04:00,23.09000015258789,23.09000015258789,21.299999237060547,21.940000534057617,1791000,0.0,0.0
2020-07-10 00:00:00-04:00,21.639999389648438,21.700000762939453,20.530000686645508,21.0,1286400,0.0,0.0
2020-07-13 00:00:00-04:00,21.6299991607666,21.959999084472656,20.690000534057617,20.719999313354492,1226000,0.0,0.0
2020-07-14 00:00:00-04:00,20.270000457763672,20.979999542236328,19.81999969482422,20.899999618530273,1219900,0.0,0.0
2020-07-15 00:00:00-04:00,21.459999084472656,21.950000762939453,20.959999084472656,21.65999984741211,944600,0.0,0.0
2020-07-16 00:00:00-04:00,20.68000030517578,20.84000015258789,19.610000610351562,19.860000610351562,1597700,0.0,0.0
2020-07-17 00:00:00-04:00,20.110000610351562,20.68000030517578,19.940000534057617,20.530000686645508,1104400,0.0,0.0
2020-07-20 00:00:00-04:00,20.799999237060547,22.34000015258789,20.65999984741211,22.25,2187600,0.0,0.0
2020-07-21 00:00:00-04:00,22.280000686645508,22.350000381469727,20.260000228881836,20.329999923706055,2206400,0.0,0.0
2020-07-22 00:00:00-04:00,20.520000457763672,20.889999389648438,19.510000228881836,19.979999542236328,2299400,0.0,0.0
2020-07-23 00:00:00-04:00,20.020000457763672,20.969999313354492,19.940000534057617,20.360000610351562,2247000,0.0,0.0
2020-07-24 00:00:00-04:00,19.809999465942383,20.010000228881836,19.030000686645508,19.100000381469727,1910500,0.0,0.0
2020-07-27 00:00:00-04:00,19.670000076293945,20.3700008392334,19.479999542236328,20.290000915527344,1184000,0.0,0.0
2020-07-28 00:00:00-04:00,20.200000762939453,20.43000030517578,19.260000228881836,19.280000686645508,1036900,0.0,0.0
2020-07-29 00:00:00-04:00,19.549999237060547,19.8799991607666,19.309999465942383,19.510000228881836,601400,0.0,0.0
2020-07-30 00:00:00-04:00,19.299999237060547,19.479999542236328,18.559999465942383,19.43000030517578,1252200,0.0,0.0
2020-07-31 00:00:00-04:00,19.34000015258789,19.729999542236328,18.81999969482422,19.149999618530273,964000,0.0,0.0
2020-08-03 00:00:00-04:00,19.350000381469727,20.110000610351562,19.1299991607666,19.950000762939453,1187500,0.0,0.0
2020-08-04 00:00:00-04:00,20.270000457763672,21.469999313354492,20.030000686645508,21.299999237060547,1593400,0.0,0.0
2020-08-05 00:00:00-04:00,21.5,21.5,20.309999465942383,21.270000457763672,981800,0.0,0.0
2020-08-06 00:00:00-04:00,20.93000030517578,21.049999237060547,20.59000015258789,20.950000762939453,791500,0.0,0.0
2020-08-07 00:00:00-04:00,20.719999313354492,22.75,20.719999313354492,21.8799991607666,1975400,0.0,0.0
2020-08-10 00:00:00-04:00,21.90999984741211,22.209999084472656,21.040000915527344,21.06999969482422,1118700,0.0,0.0
2020-08-11 00:00:00-04:00,21.049999237060547,21.149999618530273,19.760000228881836,20.40999984741211,1319100,0.0,0.0
2020-08-12 00:00:00-04:00,20.610000610351562,21.670000076293945,20.459999084472656,21.489999771118164,948200,0.0,0.0
2020-08-13 00:00:00-04:00,21.18000030517578,22.06999969482422,21.18000030517578,22.0,1154500,0.0,0.0
2020-08-14 00:00:00-04:00,21.8700008392334,22.020000457763672,21.09000015258789,21.350000381469727,1148800,0.0,0.0
2020-08-17 00:00:00-04:00,21.3799991607666,22.170000076293945,21.350000381469727,21.6200008392334,907600,0.0,0.0
2020-08-18 00:00:00-04:00,21.790000915527344,22.899999618530273,21.670000076293945,22.899999618530273,1625800,0.0,0.0
2020-08-19 00:00:00-04:00,22.979999542236328,23.59000015258789,22.219999313354492,22.579999923706055,1560700,0.0,0.0
2020-08-20 00:00:00-04:00,22.18000030517578,22.3799991607666,21.31999969482422,21.360000610351562,855000,0.0,0.0
2020-08-21 00:00:00-04:00,21.450000762939453,22.190000534057617,21.25,21.520000457763672,1080100,0.0,0.0
2020-08-24 00:00:00-04:00,21.770000457763672,22.420000076293945,21.510000228881836,22.219999313354492,701300,0.0,0.0
2020-08-25 00:00:00-04:00,22.149999618530273,22.40999984741211,21.579999923706055,22.31999969482422,723100,0.0,0.0
2020-08-26 00:00:00-04:00,22.56999969482422,22.65999984741211,21.81999969482422,21.90999984741211,881800,0.0,0.0
2020-08-27 00:00:00-04:00,22.270000457763672,22.469999313354492,21.219999313354492,21.6200008392334,1289200,0.0,0.0
2020-08-28 00:00:00-04:00,22.0,23.280000686645508,21.780000686645508,23.25,1689400,0.0,0.0
2020-08-31 00:00:00-04:00,23.200000762939453,23.90999984741211,22.440000534057617,22.84000015258789,1344400,0.0,0.0
2020-09-01 00:00:00-04:00,22.979999542236328,23.25,22.579999923706055,23.15999984741211,661300,0.0,0.0
2020-09-02 00:00:00-04:00,23.239999771118164,23.600000381469727,22.170000076293945,22.920000076293945,659400,0.0,0.0
2020-09-03 00:00:00-04:00,22.420000076293945,22.450000762939453,20.31999969482422,20.40999984741211,1863000,0.0,0.0
2020-09-04 00:00:00-04:00,21.010000228881836,21.190000534057617,19.100000381469727,20.110000610351562,1548400,0.0,0.0
2020-09-08 00:00:00-04:00,19.520000457763672,20.56999969482422,18.940000534057617,20.059999465942383,1239600,0.0,0.0
2020-09-09 00:00:00-04:00,20.510000228881836,20.81999969482422,20.079999923706055,20.75,481300,0.0,0.0
2020-09-10 00:00:00-04:00,20.639999389648438,20.8700008392334,20.350000381469727,20.479999542236328,673300,0.0,0.0
2020-09-11 00:00:00-04:00,21.260000228881836,22.440000534057617,20.969999313354492,21.139999389648438,1703700,0.0,0.0
2020-09-14 00:00:00-04:00,21.579999923706055,22.8799991607666,21.280000686645508,22.809999465942383,1210000,0.0,0.0
2020-09-15 00:00:00-04:00,22.59000015258789,23.559999465942383,22.459999084472656,23.350000381469727,1254200,0.0,0.0
2020-09-16 00:00:00-04:00,23.299999237060547,23.950000762939453,22.559999465942383,23.700000762939453,1154500,0.0,0.0
2020-09-17 00:00:00-04:00,23.25,23.959999084472656,22.959999084472656,23.43000030517578,942600,0.0,0.0
2020-09-18 00:00:00-04:00,23.700000762939453,25.06999969482422,23.489999771118164,24.5,1851500,0.0,0.0
2020-09-21 00:00:00-04:00,24.229999542236328,27.84000015258789,23.850000381469727,27.450000762939453,11648600,0.0,0.0
2020-09-22 00:00:00-04:00,26.600000381469727,27.790000915527344,26.170000076293945,27.65999984741211,6173000,0.0,0.0
2020-09-23 00:00:00-04:00,28.420000076293945,33.7400016784668,28.299999237060547,33.459999084472656,13264100,0.0,0.0
2020-09-24 00:00:00-04:00,32.38999938964844,33.66999816894531,31.260000228881836,32.83000183105469,4836900,0.0,0.0
2020-09-25 00:00:00-04:00,32.5,35.66999816894531,32.45000076293945,35.59000015258789,4718100,0.0,0.0
2020-09-28 00:00:00-04:00,36.279998779296875,37.790000915527344,35.15999984741211,37.77000045776367,2689300,0.0,0.0
2020-09-29 00:00:00-04:00,37.86000061035156,39.40999984741211,36.77000045776367,39.25,4581600,0.0,0.0
2020-09-30 00:00:00-04:00,39.25,41.119998931884766,38.619998931884766,39.7599983215332,4071600,0.0,0.0
2020-10-01 00:00:00-04:00,40.47999954223633,43.279998779296875,39.540000915527344,42.7400016784668,4191700,0.0,0.0
2020-10-02 00:00:00-04:00,41.52000045776367,44.97999954223633,41.099998474121094,44.130001068115234,4910600,0.0,0.0
2020-10-05 00:00:00-04:00,45.25,48.5099983215332,43.709999084472656,48.31999969482422,6031700,0.0,0.0
2020-10-06 00:00:00-04:00,47.7599983215332,48.66999816894531,44.220001220703125,47.77000045776367,8761200,0.0,0.0
2020-10-07 00:00:00-04:00,48.84000015258789,56.400001525878906,48.15999984741211,55.90999984741211,13540900,0.0,0.0
2020-10-08 00:00:00-04:00,56.0,59.619998931884766,52.06999969482422,54.959999084472656,30575700,0.0,0.0
2020-10-09 00:00:00-04:00,53.689998626708984,63.290000915527344,52.61000061035156,62.84000015258789,22814700,0.0,0.0
2020-10-12 00:00:00-04:00,61.13999938964844,63.47999954223633,56.83000183105469,59.400001525878906,21008300,0.0,0.0
2020-10-13 00:00:00-04:00,57.959999084472656,65.69000244140625,57.790000915527344,62.650001525878906,19268800,0.0,0.0
2020-10-14 00:00:00-04:00,63.93000030517578,68.9000015258789,61.02000045776367,68.02999877929688,13739600,0.0,0.0
2020-10-15 00:00:00-04:00,65.73999786376953,69.47000122070312,62.689998626708984,66.87000274658203,13300500,0.0,0.0
2020-10-16 00:00:00-04:00,68.33999633789062,70.6500015258789,64.80000305175781,69.91000366210938,14839900,0.0,0.0
2020-10-19 00:00:00-04:00,70.0,77.0999984741211,67.75,75.62999725341797,13672700,0.0,0.0
2020-10-20 00:00:00-04:00,77.0,87.8499984741211,75.76000213623047,87.55000305175781,29337500,0.0,0.0
2020-10-21 00:00:00-04:00,86.2699966430664,90.19999694824219,68.30000305175781,68.61000061035156,37296400,0.0,0.0
2020-10-22 00:00:00-04:00,68.66000366210938,71.3499984741211,61.58000183105469,69.37000274658203,30111400,0.0,0.0
2020-10-23 00:00:00-04:00,72.30999755859375,73.5999984741211,60.560001373291016,64.38999938964844,23022900,0.0,0.0
2020-10-26 00:00:00-04:00,62.11000061035156,66.80000305175781,62.0,64.91999816894531,8348100,0.0,0.0
2020-10-27 00:00:00-04:00,64.0999984741211,65.75,58.22999954223633,59.459999084472656,7524300,0.0,0.0
2020-10-28 00:00:00-04:00,60.04999923706055,63.20000076293945,57.11000061035156,59.720001220703125,6584900,0.0,0.0
2020-10-29 00:00:00-04:00,61.099998474121094,62.369998931884766,59.279998779296875,61.02000045776367,3488000,0.0,0.0
2020-10-30 00:00:00-04:00,60.38999938964844,60.810001373291016,56.220001220703125,58.29999923706055,3039100,0.0,0.0
2020-11-02 00:00:00-05:00,60.22999954223633,63.88999938964844,59.5099983215332,62.77000045776367,4619200,0.0,0.0
2020-11-03 00:00:00-05:00,60.31999969482422,64.54000091552734,59.81999969482422,64.12000274658203,3583300,0.0,0.0
2020-11-04 00:00:00-05:00,61.40999984741211,61.880001068115234,55.81999969482422,56.33000183105469,8845800,0.0,0.0
2020-11-05 00:00:00-05:00,60.5,73.06999969482422,60.5,72.3499984741211,11596900,0.0,0.0
2020-11-06 00:00:00-05:00,75.5,80.98999786376953,63.06999969482422,65.33000183105469,14303600,0.0,0.0
2020-11-09 00:00:00-05:00,69.98999786376953,70.0,62.0,62.4900016784668,5333100,0.0,0.0
2020-11-10 00:00:00-05:00,62.540000915527344,64.80000305175781,58.869998931884766,61.16999816894531,3549500,0.0,0.0
2020-11-11 00:00:00-05:00,61.86000061035156,68.73999786376953,61.75,67.76000213623047,4547900,0.0,0.0
2020-11-12 00:00:00-05:00,67.8499984741211,67.8499984741211,62.54999923706055,63.439998626708984,3214200,0.0,0.0
2020-11-13 00:00:00-05:00,63.79999923706055,66.98999786376953,62.79999923706055,64.5,2205000,0.0,0.0
2020-11-16 00:00:00-05:00,62.599998474121094,65.33000183105469,61.099998474121094,62.470001220703125,2192900,0.0,0.0
2020-11-17 00:00:00-05:00,62.459999084472656,63.7400016784668,59.79999923706055,61.70000076293945,2222800,0.0,0.0
2020-11-18 00:00:00-05:00,61.5,63.2599983215332,59.0099983215332,59.439998626708984,2366800,0.0,0.0
2020-11-19 00:00:00-05:00,60.0,60.20000076293945,56.5099983215332,59.22999954223633,2990900,0.0,0.0
2020-11-20 00:00:00-05:00,60.400001525878906,65.06999969482422,59.65999984741211,62.709999084472656,4479600,0.0,0.0
2020-11-23 00:00:00-05:00,64.70999908447266,67.55000305175781,61.630001068115234,67.05000305175781,5223200,0.0,0.0
2020-11-24 00:00:00-05:00,67.83999633789062,72.3499984741211,65.30999755859375,67.04000091552734,5347100,0.0,0.0
2020-11-25 00:00:00-05:00,64.51000213623047,70.19000244140625,63.560001373291016,68.51000213623047,2580700,0.0,0.0
2020-11-27 00:00:00-05:00,68.7699966430664,76.63999938964844,68.7699966430664,72.37000274658203,4673600,0.0,0.0
2020-11-30 00:00:00-05:00,74.87000274658203,76.47000122070312,65.05000305175781,69.04000091552734,3863100,0.0,0.0
2020-12-01 00:00:00-05:00,70.7300033569336,70.7300033569336,64.30000305175781,64.5999984741211,2617700,0.0,0.0
2020-12-02 00:00:00-05:00,64.0,64.83999633789062,59.61000061035156,63.06999969482422,3027100,0.0,0.0
2020-12-03 00:00:00-05:00,64.44000244140625,64.69999694824219,61.0,61.380001068115234,2251800,0.0,0.0
2020-12-04 00:00:00-05:00,62.11000061035156,65.22000122070312,60.099998474121094,61.400001525878906,3266400,0.0,0.0
2020-12-07 00:00:00-05:00,59.15999984741211,64.68000030517578,56.939998626708984,58.36000061035156,7089400,0.0,0.0
2020-12-08 00:00:00-05:00,58.36000061035156,63.77000045776367,58.29999923706055,62.41999816894531,3517200,0.0,0.0
2020-12-09 00:00:00-05:00,60.45000076293945,61.29999923706055,56.0,57.86000061035156,4877600,0.0,0.0
2020-12-10 00:00:00-05:00,57.61000061035156,59.02000045776367,56.369998931884766,57.5,3140400,0.0,0.0
2020-12-11 00:00:00-05:00,55.869998931884766,56.040000915527344,51.630001068115234,53.0,5346400,0.0,0.0
2020-12-14 00:00:00-05:00,54.599998474121094,54.790000915527344,52.619998931884766,53.70000076293945,2463000,0.0,0.0
2020-12-15 00:00:00-05:00,54.40999984741211,63.25,54.0,63.25,5785000,0.0,0.0
2020-12-16 00:00:00-05:00,58.70000076293945,63.599998474121094,57.2400016784668,61.650001525878906,4222300,0.0,0.0
2020-12-17 00:00:00-05:00,61.27000045776367,62.119998931884766,58.709999084472656,59.290000915527344,5371600,0.0,0.0
2020-12-18 00:00:00-05:00,60.40999984741211,69.19000244140625,60.15999984741211,65.25,6868800,0.0,0.0
2020-12-21 00:00:00-05:00,68.41000366210938,72.75,66.5199966430664,71.30999755859375,5703400,0.0,0.0
2020-12-22 00:00:00-05:00,71.30000305175781,78.98999786376953,71.01000213623047,78.5199966430664,6174500,0.0,0.0
2020-12-23 00:00:00-05:00,81.56999969482422,85.31999969482422,78.43000030517578,79.95999908447266,7518100,0.0,0.0
2020-12-24 00:00:00-05:00,77.01000213623047,77.94999694824219,70.91000366210938,72.20999908447266,4064900,0.0,0.0
2020-12-28 00:00:00-05:00,74.79000091552734,76.30000305175781,67.62999725341797,68.86000061035156,3995600,0.0,0.0
2020-12-29 00:00:00-05:00,68.73999786376953,68.77999877929688,64.2699966430664,65.5,3027000,0.0,0.0
2020-12-30 00:00:00-05:00,67.08999633789062,68.73999786376953,63.900001525878906,64.08999633789062,4068500,0.0,0.0
2020-12-31 00:00:00-05:00,65.66000366210938,65.69000244140625,61.119998931884766,61.869998931884766,2719700,0.0,0.0
2021-01-04 00:00:00-05:00,65.02999877929688,67.62000274658203,62.220001220703125,64.06999969482422,3106400,0.0,0.0
2021-01-05 00:00:00-05:00,63.650001525878906,66.8499984741211,63.54999923706055,64.7300033569336,2111700,0.0,0.0
2021-01-06 00:00:00-05:00,71.0,73.81999969482422,67.41000366210938,68.66000366210938,6266800,0.0,0.0
2021-01-07 00:00:00-05:00,71.7699966430664,73.97000122070312,69.20999908447266,72.30999755859375,3600700,0.0,0.0
2021-01-08 00:00:00-05:00,72.62999725341797,73.83000183105469,65.04000091552734,66.4000015258789,6296700,0.0,0.0
2021-01-11 00:00:00-05:00,64.69999694824219,68.37000274658203,63.849998474121094,66.2699966430664,2668900,0.0,0.0
2021-01-12 00:00:00-05:00,66.5999984741211,69.62000274658203,64.2699966430664,65.97000122070312,3392800,0.0,0.0
2021-01-13 00:00:00-05:00,66.13999938964844,66.80000305175781,63.0,63.0,3018000,0.0,0.0
2021-01-14 00:00:00-05:00,63.900001525878906,65.44000244140625,61.849998474121094,62.41999816894531,3271500,0.0,0.0
2021-01-15 00:00:00-05:00,62.0,62.15999984741211,57.66999816894531,57.9900016784668,3392400,0.0,0.0
2021-01-19 00:00:00-05:00,59.9900016784668,63.75,59.15999984741211,63.38999938964844,3112900,0.0,0.0
2021-01-20 00:00:00-05:00,64.0,67.4000015258789,63.41999816894531,67.02999877929688,4161000,0.0,0.0
2021-01-21 00:00:00-05:00,67.19999694824219,68.9800033569336,64.19000244140625,68.3499984741211,3505600,0.0,0.0
2021-01-22 00:00:00-05:00,65.79000091552734,68.5999984741211,64.9000015258789,68.5,2434600,0.0,0.0
2021-01-25 00:00:00-05:00,68.7699966430664,75.2699966430664,66.4000015258789,67.9000015258789,5724900,0.0,0.0
2021-01-26 00:00:00-05:00,68.0,69.9800033569336,65.75,69.83999633789062,3314100,0.0,0.0
2021-01-27 00:00:00-05:00,66.94000244140625,76.52999877929688,66.94000244140625,70.48999786376953,5915500,0.0,0.0
2021-01-28 00:00:00-05:00,72.18000030517578,72.37999725341797,65.0999984741211,66.5199966430664,3145600,0.0,0.0
2021-01-29 00:00:00-05:00,66.83000183105469,68.5199966430664,61.0099983215332,61.9900016784668,2894700,0.0,0.0
2021-02-01 00:00:00-05:00,63.93000030517578,64.11000061035156,60.619998931884766,63.689998626708984,2665300,0.0,0.0
2021-02-02 00:00:00-05:00,65.0,65.75,63.0,65.13999938964844,1614000,0.0,0.0
2021-02-03 00:00:00-05:00,65.13999938964844,65.80999755859375,64.12999725341797,65.55000305175781,1388300,0.0,0.0
2021-02-04 00:00:00-05:00,65.5999984741211,65.66999816894531,62.04999923706055,62.43000030517578,2524900,0.0,0.0
2021-02-05 00:00:00-05:00,63.16999816894531,64.08000183105469,61.2400016784668,63.650001525878906,1468400,0.0,0.0
2021-02-08 00:00:00-05:00,63.65999984741211,67.04000091552734,63.65999984741211,64.91000366210938,1539600,0.0,0.0
2021-02-09 00:00:00-05:00,65.20999908447266,67.61000061035156,63.939998626708984,64.12000274658203,2087300,0.0,0.0
2021-02-10 00:00:00-05:00,65.93000030517578,67.19999694824219,62.33000183105469,62.849998474121094,2379700,0.0,0.0
2021-02-11 00:00:00-05:00,64.0,65.27999877929688,62.529998779296875,64.98999786376953,1716700,0.0,0.0
2021-02-12 00:00:00-05:00,65.4000015258789,66.58999633789062,64.12000274658203,65.3499984741211,1299300,0.0,0.0
2021-02-16 00:00:00-05:00,66.91000366210938,68.3499984741211,63.68000030517578,63.869998931884766,2483900,0.0,0.0
2021-02-17 00:00:00-05:00,64.19999694824219,64.19999694824219,59.77000045776367,61.029998779296875,1977300,0.0,0.0
2021-02-18 00:00:00-05:00,60.20000076293945,60.279998779296875,56.81999969482422,57.560001373291016,2225500,0.0,0.0
2021-02-19 00:00:00-05:00,60.0,60.060001373291016,57.349998474121094,58.13999938964844,2571500,0.0,0.0
2021-02-22 00:00:00-05:00,56.470001220703125,56.54999923706055,52.150001525878906,52.29999923706055,3790200,0.0,0.0
2021-02-23 00:00:00-05:00,48.470001220703125,51.0,43.65999984741211,50.40999984741211,4518100,0.0,0.0
2021-02-24 00:00:00-05:00,51.869998931884766,54.220001220703125,49.7599983215332,53.970001220703125,2475500,0.0,0.0
2021-02-25 00:00:00-05:00,53.45000076293945,55.400001525878906,49.529998779296875,49.939998626708984,2054300,0.0,0.0
2021-02-26 00:00:00-05:00,51.560001373291016,52.31999969482422,47.91999816894531,51.34000015258789,3015500,0.0,0.0
2021-03-01 00:00:00-05:00,53.59000015258789,54.27000045776367,51.90999984741211,53.40999984741211,1704700,0.0,0.0
2021-03-02 00:00:00-05:00,52.349998474121094,54.290000915527344,51.02000045776367,51.040000915527344,1252200,0.0,0.0
2021-03-03 00:00:00-05:00,51.720001220703125,52.18000030517578,45.779998779296875,46.0,2591800,0.0,0.0
2021-03-04 00:00:00-05:00,45.709999084472656,46.5,39.529998779296875,40.900001525878906,4319000,0.0,0.0
2021-03-05 00:00:00-05:00,43.22999954223633,43.29999923706055,37.68000030517578,42.45000076293945,3560400,0.0,0.0
2021-03-08 00:00:00-05:00,39.189998626708984,41.849998474121094,38.060001373291016,38.08000183105469,3464800,0.0,0.0
2021-03-09 00:00:00-05:00,40.650001525878906,47.34000015258789,40.47999954223633,46.47999954223633,3743900,0.0,0.0
2021-03-10 00:00:00-05:00,47.70000076293945,48.4900016784668,44.029998779296875,44.52000045776367,2573400,0.0,0.0
2021-03-11 00:00:00-05:00,47.40999984741211,50.29999923706055,47.0,50.119998931884766,3219100,0.0,0.0
2021-03-12 00:00:00-05:00,47.099998474121094,50.04999923706055,46.369998931884766,49.380001068115234,1425800,0.0,0.0
2021-03-15 00:00:00-04:00,48.40999984741211,48.619998931884766,46.02000045776367,46.790000915527344,1855200,0.0,0.0
2021-03-16 00:00:00-04:00,47.20000076293945,47.88999938964844,45.16999816894531,45.91999816894531,1389100,0.0,0.0
2021-03-17 00:00:00-04:00,44.27000045776367,45.25,42.209999084472656,44.66999816894531,2352700,0.0,0.0
2021-03-18 00:00:00-04:00,44.63999938964844,45.939998626708984,42.45000076293945,42.540000915527344,1967000,0.0,0.0
2021-03-19 00:00:00-04:00,43.060001373291016,44.529998779296875,42.5099983215332,43.619998931884766,2265300,0.0,0.0
2021-03-22 00:00:00-04:00,45.349998474121094,45.97999954223633,43.79999923706055,45.08000183105469,1269000,0.0,0.0
2021-03-23 00:00:00-04:00,44.869998931884766,46.43000030517578,43.52000045776367,43.70000076293945,1931300,0.0,0.0
2021-03-24 00:00:00-04:00,44.15999984741211,44.9900016784668,39.20000076293945,39.38999938964844,3161000,0.0,0.0
2021-03-25 00:00:00-04:00,38.72999954223633,41.97999954223633,37.79999923706055,41.290000915527344,3749400,0.0,0.0
2021-03-26 00:00:00-04:00,41.81999969482422,44.06999969482422,41.060001373291016,43.959999084472656,1891900,0.0,0.0
2021-03-29 00:00:00-04:00,42.720001220703125,42.9900016784668,38.5,38.810001373291016,3002900,0.0,0.0
2021-03-30 00:00:00-04:00,40.84000015258789,44.52000045776367,40.209999084472656,44.27000045776367,4034700,0.0,0.0
2021-03-31 00:00:00-04:00,44.209999084472656,45.119998931884766,41.400001525878906,41.689998626708984,3525800,0.0,0.0
2021-04-01 00:00:00-04:00,42.36000061035156,42.810001373291016,40.79999923706055,42.54999923706055,2175200,0.0,0.0
2021-04-05 00:00:00-04:00,43.5,43.58000183105469,39.65999984741211,40.25,1620800,0.0,0.0
2021-04-06 00:00:00-04:00,41.29999923706055,43.06999969482422,40.5,41.939998626708984,1707300,0.0,0.0
2021-04-07 00:00:00-04:00,41.5099983215332,41.83000183105469,39.599998474121094,39.72999954223633,1812200,0.0,0.0
2021-04-08 00:00:00-04:00,40.43000030517578,40.630001068115234,38.779998779296875,38.86000061035156,2319600,0.0,0.0
2021-04-09 00:00:00-04:00,34.779998779296875,38.79999923706055,34.63999938964844,38.650001525878906,7132400,0.0,0.0
2021-04-12 00:00:00-04:00,36.65999984741211,38.02000045776367,35.5,36.36000061035156,3746200,0.0,0.0
2021-04-13 00:00:00-04:00,35.86000061035156,36.439998626708984,34.45000076293945,36.16999816894531,2034600,0.0,0.0
2021-04-14 00:00:00-04:00,36.470001220703125,38.20000076293945,35.689998626708984,36.560001373291016,1627200,0.0,0.0
2021-04-15 00:00:00-04:00,37.0,37.04999923706055,34.709999084472656,35.810001373291016,1606600,0.0,0.0
2021-04-16 00:00:00-04:00,36.529998779296875,38.13999938964844,35.720001220703125,37.880001068115234,3284800,0.0,0.0
2021-04-19 00:00:00-04:00,39.5,40.349998474121094,36.66999816894531,37.0099983215332,2650200,0.0,0.0
2021-04-20 00:00:00-04:00,36.95000076293945,38.70000076293945,36.20000076293945,36.970001220703125,1921500,0.0,0.0
2021-04-21 00:00:00-04:00,36.15999984741211,38.209999084472656,35.58000183105469,38.209999084472656,1244100,0.0,0.0
2021-04-22 00:00:00-04:00,39.86000061035156,40.349998474121094,37.9900016784668,39.650001525878906,1941400,0.0,0.0
2021-04-23 00:00:00-04:00,39.68000030517578,40.439998626708984,38.630001068115234,39.22999954223633,1459200,0.0,0.0
2021-04-26 00:00:00-04:00,38.619998931884766,40.099998474121094,38.220001220703125,39.95000076293945,1438000,0.0,0.0
2021-04-27 00:00:00-04:00,40.209999084472656,40.349998474121094,39.279998779296875,39.65999984741211,792900,0.0,0.0
2021-04-28 00:00:00-04:00,39.36000061035156,39.4900016784668,38.22999954223633,38.7599983215332,963200,0.0,0.0
2021-04-29 00:00:00-04:00,39.540000915527344,39.65999984741211,37.400001525878906,37.93000030517578,853700,0.0,0.0
2021-04-30 00:00:00-04:00,36.79999923706055,37.869998931884766,36.52000045776367,36.959999084472656,800900,0.0,0.0
2021-05-03 00:00:00-04:00,37.18000030517578,37.7400016784668,36.310001373291016,36.88999938964844,779000,0.0,0.0
2021-05-04 00:00:00-04:00,34.9900016784668,35.36000061035156,33.66999816894531,34.15999984741211,1555600,0.0,0.0
2021-05-05 00:00:00-04:00,35.83000183105469,35.91999816894531,33.2400016784668,33.52000045776367,1502900,0.0,0.0
2021-05-06 00:00:00-04:00,32.68000030517578,32.90999984741211,31.25,31.989999771118164,2228000,0.0,0.0
2021-05-07 00:00:00-04:00,32.470001220703125,33.54999923706055,32.209999084472656,32.40999984741211,934300,0.0,0.0
2021-05-10 00:00:00-04:00,32.279998779296875,32.279998779296875,30.25,30.260000228881836,1502300,0.0,0.0
2021-05-11 00:00:00-04:00,29.030000686645508,31.68000030517578,28.389999389648438,31.3799991607666,1774400,0.0,0.0
2021-05-12 00:00:00-04:00,31.149999618530273,31.889999389648438,30.149999618530273,30.510000228881836,1671600,0.0,0.0
2021-05-13 00:00:00-04:00,30.90999984741211,31.350000381469727,29.520000457763672,30.709999084472656,2088000,0.0,0.0
2021-05-14 00:00:00-04:00,31.3700008392334,32.040000915527344,30.950000762939453,31.469999313354492,926700,0.0,0.0
2021-05-17 00:00:00-04:00,31.520000457763672,31.520000457763672,29.780000686645508,30.440000534057617,1736900,0.0,0.0
2021-05-18 00:00:00-04:00,30.59000015258789,31.549999237060547,28.450000762939453,30.719999313354492,1410300,0.0,0.0
2021-05-19 00:00:00-04:00,29.959999084472656,31.920000076293945,29.75,31.709999084472656,1022000,0.0,0.0
2021-05-20 00:00:00-04:00,32.56999969482422,34.459999084472656,32.459999084472656,34.16999816894531,1716300,0.0,0.0
2021-05-21 00:00:00-04:00,34.54999923706055,35.2400016784668,33.40999984741211,34.09000015258789,1284200,0.0,0.0
2021-05-24 00:00:00-04:00,34.439998626708984,34.439998626708984,32.83000183105469,33.27000045776367,899800,0.0,0.0
2021-05-25 00:00:00-04:00,33.619998931884766,33.97999954223633,32.650001525878906,33.119998931884766,676400,0.0,0.0
2021-05-26 00:00:00-04:00,33.290000915527344,35.97999954223633,33.209999084472656,35.97999954223633,1192800,0.0,0.0
2021-05-27 00:00:00-04:00,35.61000061035156,36.36000061035156,35.15999984741211,35.34000015258789,1197600,0.0,0.0
2021-05-28 00:00:00-04:00,35.90999984741211,36.939998626708984,35.68000030517578,36.61000061035156,1418100,0.0,0.0
2021-06-01 00:00:00-04:00,37.939998626708984,39.95000076293945,37.20000076293945,39.41999816894531,2311000,0.0,0.0
2021-06-02 00:00:00-04:00,39.25,42.16999816894531,38.56999969482422,41.83000183105469,1912000,0.0,0.0
2021-06-03 00:00:00-04:00,40.45000076293945,42.33000183105469,39.91999816894531,40.11000061035156,1549100,0.0,0.0
2021-06-04 00:00:00-04:00,40.560001373291016,41.9900016784668,39.810001373291016,41.209999084472656,1166500,0.0,0.0
2021-06-07 00:00:00-04:00,40.709999084472656,41.209999084472656,38.02000045776367,38.38999938964844,1639700,0.0,0.0
2021-06-08 00:00:00-04:00,39.29999923706055,39.29999923706055,36.849998474121094,39.11000061035156,2310500,0.0,0.0
2021-06-09 00:00:00-04:00,39.0,41.939998626708984,39.0,40.25,1971900,0.0,0.0
2021-06-10 00:00:00-04:00,41.4900016784668,43.09000015258789,40.70000076293945,41.209999084472656,3366900,0.0,0.0
2021-06-11 00:00:00-04:00,42.02000045776367,47.099998474121094,41.189998626708984,46.209999084472656,4309900,0.0,0.0
2021-06-14 00:00:00-04:00,46.41999816894531,46.779998779296875,43.90999984741211,45.29999923706055,1947900,0.0,0.0
2021-06-15 00:00:00-04:00,45.29999923706055,45.58000183105469,40.099998474121094,40.310001373291016,3193600,0.0,0.0
2021-06-16 00:00:00-04:00,40.91999816894531,42.0,39.38999938964844,40.29999923706055,1670900,0.0,0.0
2021-06-17 00:00:00-04:00,39.81999969482422,41.7599983215332,39.529998779296875,39.959999084472656,1563400,0.0,0.0
2021-06-18 00:00:00-04:00,39.599998474121094,40.709999084472656,38.34000015258789,39.349998474121094,1674000,0.0,0.0
2021-06-21 00:00:00-04:00,39.41999816894531,42.65999984741211,39.150001525878906,41.25,2726700,0.0,0.0
2021-06-22 00:00:00-04:00,39.58000183105469,40.22999954223633,37.060001373291016,37.13999938964844,3236100,0.0,0.0
2021-06-23 00:00:00-04:00,37.66999816894531,38.689998626708984,37.40999984741211,38.369998931884766,2146800,0.0,0.0
2021-06-24 00:00:00-04:00,37.0099983215332,39.25,35.63999938964844,37.86000061035156,4380200,0.0,0.0
2021-06-25 00:00:00-04:00,36.959999084472656,43.06999969482422,36.709999084472656,43.0,5017600,0.0,0.0
2021-06-28 00:00:00-04:00,43.36000061035156,53.689998626708984,43.31999969482422,52.849998474121094,8419200,0.0,0.0
2021-06-29 00:00:00-04:00,51.619998931884766,58.38999938964844,51.529998779296875,57.560001373291016,5996500,0.0,0.0
2021-06-30 00:00:00-04:00,54.939998626708984,57.150001525878906,54.060001373291016,56.02000045776367,2806800,0.0,0.0
2021-07-01 00:00:00-04:00,55.130001068115234,55.5,51.209999084472656,52.06999969482422,2381000,0.0,0.0
2021-07-02 00:00:00-04:00,50.13999938964844,53.25,50.119998931884766,50.400001525878906,1884200,0.0,0.0
2021-07-06 00:00:00-04:00,50.0,54.459999084472656,48.790000915527344,54.349998474121094,2468600,0.0,0.0
2021-07-07 00:00:00-04:00,57.59000015258789,63.459999084472656,57.040000915527344,60.13999938964844,7720900,0.0,0.0
2021-07-08 00:00:00-04:00,56.86000061035156,59.29999923706055,55.349998474121094,58.790000915527344,2622500,0.0,0.0
2021-07-09 00:00:00-04:00,59.560001373291016,59.65999984741211,54.790000915527344,56.7599983215332,3107500,0.0,0.0
2021-07-12 00:00:00-04:00,57.790000915527344,62.529998779296875,57.15999984741211,61.900001525878906,2864300,0.0,0.0
2021-07-13 00:00:00-04:00,60.90999984741211,62.650001525878906,58.65999984741211,61.779998779296875,1809600,0.0,0.0
2021-07-14 00:00:00-04:00,61.689998626708984,61.75,56.70000076293945,56.720001220703125,1539700,0.0,0.0
2021-07-15 00:00:00-04:00,59.93000030517578,63.0,58.63999938964844,60.2599983215332,3174800,0.0,0.0
2021-07-16 00:00:00-04:00,59.369998931884766,59.88999938964844,56.18000030517578,58.0,1934300,0.0,0.0
2021-07-19 00:00:00-04:00,56.029998779296875,57.0,51.36000061035156,54.209999084472656,3061900,0.0,0.0
2021-07-20 00:00:00-04:00,54.66999816894531,56.77000045776367,53.349998474121094,56.189998626708984,1207400,0.0,0.0
2021-07-21 00:00:00-04:00,57.470001220703125,61.869998931884766,57.400001525878906,61.560001373291016,2417600,0.0,0.0
2021-07-22 00:00:00-04:00,62.34000015258789,64.76000213623047,59.40999984741211,60.88999938964844,2135300,0.0,0.0
2021-07-23 00:00:00-04:00,58.619998931884766,58.619998931884766,54.68000030517578,56.75,2112500,0.0,0.0
2021-07-26 00:00:00-04:00,54.5,57.400001525878906,53.0,53.66999816894531,1545300,0.0,0.0
2021-07-27 00:00:00-04:00,50.20000076293945,51.5,44.2599983215332,46.2400016784668,4865900,0.0,0.0
2021-07-28 00:00:00-04:00,48.59000015258789,54.400001525878906,47.20000076293945,53.279998779296875,3301200,0.0,0.0
2021-07-29 00:00:00-04:00,53.04999923706055,55.02000045776367,51.0099983215332,52.95000076293945,1590700,0.0,0.0
2021-07-30 00:00:00-04:00,51.79999923706055,55.86000061035156,51.279998779296875,53.88999938964844,1025000,0.0,0.0
2021-08-02 00:00:00-04:00,55.060001373291016,56.25,54.15999984741211,54.75,825100,0.0,0.0
2021-08-03 00:00:00-04:00,54.95000076293945,57.11000061035156,53.95000076293945,57.09000015258789,1109900,0.0,0.0
2021-08-04 00:00:00-04:00,58.369998931884766,58.630001068115234,55.459999084472656,55.90999984741211,1115800,0.0,0.0
2021-08-05 00:00:00-04:00,55.459999084472656,57.630001068115234,55.20000076293945,55.68000030517578,700500,0.0,0.0
2021-08-06 00:00:00-04:00,55.70000076293945,56.93000030517578,54.27000045776367,55.18000030517578,977100,0.0,0.0
2021-08-09 00:00:00-04:00,55.279998779296875,58.59000015258789,54.08000183105469,58.310001373291016,912500,0.0,0.0
2021-08-10 00:00:00-04:00,59.52000045776367,61.13999938964844,58.11000061035156,59.43000030517578,1681500,0.0,0.0
2021-08-11 00:00:00-04:00,59.56999969482422,59.56999969482422,54.560001373291016,56.0,2232800,0.0,0.0
2021-08-12 00:00:00-04:00,54.93000030517578,57.459999084472656,52.90999984741211,53.36000061035156,1505100,0.0,0.0
2021-08-13 00:00:00-04:00,53.93000030517578,53.93000030517578,45.220001220703125,45.7400016784668,3799500,0.0,0.0
2021-08-16 00:00:00-04:00,46.5099983215332,46.66999816894531,43.34000015258789,43.599998474121094,3227900,0.0,0.0
2021-08-17 00:00:00-04:00,42.04999923706055,42.709999084472656,40.0,41.0,2697000,0.0,0.0
2021-08-18 00:00:00-04:00,43.130001068115234,43.20000076293945,40.880001068115234,41.209999084472656,2322500,0.0,0.0
2021-08-19 00:00:00-04:00,39.75,40.279998779296875,37.31999969482422,37.47999954223633,2735500,0.0,0.0
2021-08-20 00:00:00-04:00,38.970001220703125,41.06999969482422,38.5099983215332,40.15999984741211,2525800,0.0,0.0
2021-08-23 00:00:00-04:00,41.150001525878906,42.310001373291016,39.709999084472656,41.20000076293945,1859000,0.0,0.0
2021-08-24 00:00:00-04:00,42.83000183105469,44.38999938964844,42.2599983215332,44.150001525878906,1978100,0.0,0.0
2021-08-25 00:00:00-04:00,45.18000030517578,45.349998474121094,42.630001068115234,45.22999954223633,1562000,0.0,0.0
2021-08-26 00:00:00-04:00,43.31999969482422,45.70000076293945,43.11000061035156,44.099998474121094,939200,0.0,0.0
2021-08-27 00:00:00-04:00,44.2599983215332,45.08000183105469,43.41999816894531,44.45000076293945,1381700,0.0,0.0
2021-08-30 00:00:00-04:00,45.70000076293945,50.900001525878906,45.2599983215332,49.08000183105469,3729900,0.0,0.0
2021-08-31 00:00:00-04:00,48.29999923706055,50.47999954223633,47.84000015258789,49.20000076293945,1775700,0.0,0.0
2021-09-01 00:00:00-04:00,48.650001525878906,51.09000015258789,48.5,50.189998626708984,1408200,0.0,0.0
2021-09-02 00:00:00-04:00,52.72999954223633,55.9900016784668,51.52000045776367,51.619998931884766,2909400,0.0,0.0
2021-09-03 00:00:00-04:00,50.939998626708984,51.959999084472656,49.68000030517578,51.43000030517578,1195300,0.0,0.0
2021-09-07 00:00:00-04:00,51.790000915527344,53.880001068115234,50.79999923706055,51.56999969482422,1838900,0.0,0.0
2021-09-08 00:00:00-04:00,51.959999084472656,52.470001220703125,48.209999084472656,48.720001220703125,1607600,0.0,0.0
2021-09-09 00:00:00-04:00,47.75,49.68000030517578,47.599998474121094,48.849998474121094,778900,0.0,0.0
2021-09-10 00:00:00-04:00,50.9900016784668,52.40999984741211,47.02000045776367,47.04999923706055,1857000,0.0,0.0
2021-09-13 00:00:00-04:00,47.619998931884766,48.290000915527344,44.2599983215332,48.20000076293945,1887400,0.0,0.0
2021-09-14 00:00:00-04:00,47.560001373291016,49.06999969482422,46.18000030517578,46.779998779296875,1435400,0.0,0.0
2021-09-15 00:00:00-04:00,48.060001373291016,50.869998931884766,44.83000183105469,48.709999084472656,2525700,0.0,0.0
2021-09-16 00:00:00-04:00,47.279998779296875,47.93000030517578,45.900001525878906,46.939998626708984,1348400,0.0,0.0
2021-09-17 00:00:00-04:00,46.630001068115234,48.470001220703125,46.22999954223633,48.08000183105469,1663300,0.0,0.0
2021-09-20 00:00:00-04:00,44.810001373291016,45.880001068115234,42.869998931884766,43.709999084472656,1832900,0.0,0.0
2021-09-21 00:00:00-04:00,44.81999969482422,46.150001525878906,44.16999816894531,45.599998474121094,1663200,0.0,0.0
2021-09-22 00:00:00-04:00,46.5,48.18000030517578,46.099998474121094,46.560001373291016,1014200,0.0,0.0
2021-09-23 00:00:00-04:00,47.369998931884766,47.38999938964844,43.70000076293945,43.81999969482422,1643700,0.0,0.0
2021-09-24 00:00:00-04:00,43.70000076293945,43.77000045776367,41.38999938964844,42.34000015258789,1656400,0.0,0.0
2021-09-27 00:00:00-04:00,42.869998931884766,44.470001220703125,41.70000076293945,44.040000915527344,1294300,0.0,0.0
2021-09-28 00:00:00-04:00,42.220001220703125,43.33000183105469,41.779998779296875,42.959999084472656,1117900,0.0,0.0
2021-09-29 00:00:00-04:00,43.16999816894531,43.310001373291016,41.33000183105469,41.849998474121094,1466000,0.0,0.0
2021-09-30 00:00:00-04:00,42.83000183105469,46.22999954223633,42.83000183105469,45.810001373291016,2215800,0.0,0.0
2021-10-01 00:00:00-04:00,45.5,47.900001525878906,45.2599983215332,47.369998931884766,1608900,0.0,0.0
2021-10-04 00:00:00-04:00,46.08000183105469,46.150001525878906,42.880001068115234,43.61000061035156,1352100,0.0,0.0
2021-10-05 00:00:00-04:00,44.5,45.97999954223633,43.900001525878906,44.91999816894531,869900,0.0,0.0
2021-10-06 00:00:00-04:00,43.5,46.91999816894531,43.4900016784668,45.84000015258789,843100,0.0,0.0
2021-10-07 00:00:00-04:00,47.029998779296875,48.119998931884766,46.56999969482422,46.72999954223633,1091700,0.0,0.0
2021-10-08 00:00:00-04:00,47.02000045776367,47.75,44.79999923706055,47.2599983215332,1341300,0.0,0.0
2021-10-11 00:00:00-04:00,48.47999954223633,52.31999969482422,48.38999938964844,50.09000015258789,2744300,0.0,0.0
2021-10-12 00:00:00-04:00,50.630001068115234,53.0,50.2599983215332,51.72999954223633,1821800,0.0,0.0
2021-10-13 00:00:00-04:00,53.369998931884766,54.20000076293945,51.61000061035156,52.619998931884766,1348700,0.0,0.0
2021-10-14 00:00:00-04:00,53.54999923706055,53.650001525878906,49.95000076293945,50.45000076293945,1421600,0.0,0.0
2021-10-15 00:00:00-04:00,51.650001525878906,53.06999969482422,50.400001525878906,51.77000045776367,1764400,0.0,0.0
2021-10-18 00:00:00-04:00,51.06999969482422,54.15999984741211,51.0,53.36000061035156,1013900,0.0,0.0
2021-10-19 00:00:00-04:00,53.959999084472656,56.31999969482422,52.849998474121094,55.560001373291016,1423800,0.0,0.0
2021-10-20 00:00:00-04:00,55.560001373291016,55.970001220703125,53.880001068115234,54.68000030517578,654800,0.0,0.0
2021-10-21 00:00:00-04:00,54.75,58.689998626708984,54.630001068115234,56.86000061035156,1327000,0.0,0.0
2021-10-22 00:00:00-04:00,56.040000915527344,57.79999923706055,55.34000015258789,56.15999984741211,755100,0.0,0.0
2021-10-25 00:00:00-04:00,57.849998474121094,58.5099983215332,55.709999084472656,57.20000076293945,1415300,0.0,0.0
2021-10-26 00:00:00-04:00,56.88999938964844,57.43000030517578,52.84000015258789,53.52000045776367,1145600,0.0,0.0
2021-10-27 00:00:00-04:00,55.86000061035156,59.599998474121094,55.689998626708984,57.189998626708984,2065400,0.0,0.0
2021-10-28 00:00:00-04:00,57.810001373291016,59.59000015258789,57.02000045776367,59.47999954223633,1091500,0.0,0.0
2021-10-29 00:00:00-04:00,61.970001220703125,62.0,58.11000061035156,59.81999969482422,1660200,0.0,0.0
2021-11-01 00:00:00-04:00,60.66999816894531,61.79999923706055,56.369998931884766,56.88999938964844,1616500,0.0,0.0
2021-11-02 00:00:00-04:00,56.86000061035156,56.86000061035156,53.40999984741211,53.560001373291016,1384200,0.0,0.0
2021-11-03 00:00:00-04:00,52.099998474121094,56.47999954223633,50.279998779296875,56.290000915527344,1417100,0.0,0.0
2021-11-04 00:00:00-04:00,56.209999084472656,58.25,54.880001068115234,57.75,905700,0.0,0.0
2021-11-05 00:00:00-04:00,55.79999923706055,57.5,54.70000076293945,56.119998931884766,814500,0.0,0.0
2021-11-08 00:00:00-05:00,57.22999954223633,58.459999084472656,56.119998931884766,56.709999084472656,827400,0.0,0.0
2021-11-09 00:00:00-05:00,56.84000015258789,57.31999969482422,54.279998779296875,55.349998474121094,566200,0.0,0.0
2021-11-10 00:00:00-05:00,55.09000015258789,55.77000045776367,53.25,54.93000030517578,879400,0.0,0.0
2021-11-11 00:00:00-05:00,58.52000045776367,61.61000061035156,57.88999938964844,60.970001220703125,2311100,0.0,0.0
2021-11-12 00:00:00-05:00,60.130001068115234,62.11000061035156,59.56999969482422,61.56999969482422,1064200,0.0,0.0
2021-11-15 00:00:00-05:00,61.709999084472656,61.709999084472656,58.380001068115234,59.36000061035156,752500,0.0,0.0
2021-11-16 00:00:00-05:00,59.849998474121094,63.88999938964844,59.099998474121094,63.880001068115234,1568600,0.0,0.0
2021-11-17 00:00:00-05:00,63.5,64.37000274658203,62.099998474121094,63.09000015258789,787900,0.0,0.0
2021-11-18 00:00:00-05:00,63.09000015258789,63.290000915527344,58.029998779296875,58.04999923706055,1193200,0.0,0.0
2021-11-19 00:00:00-05:00,59.04999923706055,63.779998779296875,58.400001525878906,63.689998626708984,1257200,0.0,0.0
2021-11-22 00:00:00-05:00,63.70000076293945,66.37000274658203,59.650001525878906,60.29999923706055,1383800,0.0,0.0
2021-11-23 00:00:00-05:00,60.56999969482422,61.150001525878906,56.290000915527344,58.16999816894531,1132000,0.0,0.0
2021-11-24 00:00:00-05:00,57.61000061035156,58.040000915527344,56.15999984741211,56.459999084472656,1125700,0.0,0.0
2021-11-26 00:00:00-05:00,54.099998474121094,54.9900016784668,52.38999938964844,53.130001068115234,873500,0.0,0.0
2021-11-29 00:00:00-05:00,54.0,56.189998626708984,53.150001525878906,55.9900016784668,958100,0.0,0.0
2021-11-30 00:00:00-05:00,51.61000061035156,55.779998779296875,50.779998779296875,52.279998779296875,2044300,0.0,0.0
2021-12-01 00:00:00-05:00,54.380001068115234,56.25,50.79999923706055,50.959999084472656,1111400,0.0,0.0
2021-12-02 00:00:00-05:00,52.0,52.0,47.81999969482422,48.560001373291016,1199100,0.0,0.0
2021-12-03 00:00:00-05:00,48.95000076293945,50.0,43.209999084472656,43.58000183105469,2341500,0.0,0.0
2021-12-06 00:00:00-05:00,43.90999984741211,44.5099983215332,39.33000183105469,44.380001068115234,2684500,0.0,0.0
2021-12-07 00:00:00-05:00,45.119998931884766,47.77000045776367,45.119998931884766,46.709999084472656,1976700,0.0,0.0
2021-12-08 00:00:00-05:00,47.13999938964844,48.779998779296875,46.45000076293945,48.63999938964844,992500,0.0,0.0
2021-12-09 00:00:00-05:00,48.849998474121094,49.66999816894531,46.349998474121094,46.52000045776367,881600,0.0,0.0
2021-12-10 00:00:00-05:00,47.52000045776367,48.43000030517578,45.20000076293945,45.7599983215332,795700,0.0,0.0
2021-12-13 00:00:00-05:00,45.7599983215332,47.849998474121094,45.02000045776367,46.540000915527344,919600,0.0,0.0
2021-12-14 00:00:00-05:00,44.95000076293945,45.81999969482422,43.45000076293945,45.290000915527344,858600,0.0,0.0
2021-12-15 00:00:00-05:00,44.810001373291016,44.9900016784668,40.95000076293945,44.7400016784668,1044700,0.0,0.0
2021-12-16 00:00:00-05:00,45.70000076293945,48.61000061035156,43.90999984741211,44.5099983215332,1226800,0.0,0.0
2021-12-17 00:00:00-05:00,42.47999954223633,46.5,41.81999969482422,46.290000915527344,1166200,0.0,0.0
2021-12-20 00:00:00-05:00,43.52000045776367,43.75,41.619998931884766,42.560001373291016,1058500,0.0,0.0
2021-12-21 00:00:00-05:00,44.040000915527344,45.43000030517578,43.38999938964844,44.7599983215332,973200,0.0,0.0
2021-12-22 00:00:00-05:00,43.54999923706055,44.369998931884766,42.650001525878906,43.099998474121094,631000,0.0,0.0
2021-12-23 00:00:00-05:00,44.20000076293945,44.20000076293945,42.79999923706055,43.16999816894531,883900,0.0,0.0
2021-12-27 00:00:00-05:00,42.63999938964844,43.2400016784668,41.7400016784668,42.16999816894531,718400,0.0,0.0
2021-12-28 00:00:00-05:00,44.189998626708984,45.45000076293945,43.040000915527344,44.099998474121094,1399800,0.0,0.0
2021-12-29 00:00:00-05:00,43.41999816894531,44.58000183105469,43.04999923706055,43.29999923706055,1325200,0.0,0.0
2021-12-30 00:00:00-05:00,43.0,47.43000030517578,42.68000030517578,46.90999984741211,894900,0.0,0.0
2021-12-31 00:00:00-05:00,46.77000045776367,47.88999938964844,45.81999969482422,45.959999084472656,525600,0.0,0.0
2022-01-03 00:00:00-05:00,46.38999938964844,47.0,45.209999084472656,46.369998931884766,698700,0.0,0.0
2022-01-04 00:00:00-05:00,46.650001525878906,47.79999923706055,44.849998474121094,46.189998626708984,1224700,0.0,0.0
2022-01-05 00:00:00-05:00,46.0,47.0,43.47999954223633,43.560001373291016,1153900,0.0,0.0
2022-01-06 00:00:00-05:00,44.02000045776367,45.20000076293945,42.02000045776367,43.18000030517578,1131800,0.0,0.0
2022-01-07 00:00:00-05:00,44.27000045776367,47.099998474121094,43.5,44.650001525878906,1333400,0.0,0.0
2022-01-10 00:00:00-05:00,44.0,44.97999954223633,42.20000076293945,44.689998626708984,1049100,0.0,0.0
2022-01-11 00:00:00-05:00,45.04999923706055,46.779998779296875,44.2599983215332,45.56999969482422,1059800,0.0,0.0
2022-01-12 00:00:00-05:00,46.029998779296875,47.81999969482422,45.15999984741211,46.04999923706055,793000,0.0,0.0
2022-01-13 00:00:00-05:00,48.54999923706055,49.849998474121094,44.91999816894531,45.27000045776367,2383600,0.0,0.0
2022-01-14 00:00:00-05:00,47.41999816894531,48.689998626708984,45.58000183105469,47.34000015258789,1261800,0.0,0.0
2022-01-18 00:00:00-05:00,47.470001220703125,47.470001220703125,45.36000061035156,45.43000030517578,986800,0.0,0.0
2022-01-19 00:00:00-05:00,46.13999938964844,47.29999923706055,45.16999816894531,45.5,591100,0.0,0.0
2022-01-20 00:00:00-05:00,46.869998931884766,49.34000015258789,45.97999954223633,46.08000183105469,1250400,0.0,0.0
2022-01-21 00:00:00-05:00,45.59000015258789,46.150001525878906,42.52000045776367,43.369998931884766,1341900,0.0,0.0
2022-01-24 00:00:00-05:00,40.150001525878906,41.34000015258789,37.52000045776367,41.15999984741211,2890900,0.0,0.0
2022-01-25 00:00:00-05:00,39.849998474121094,42.220001220703125,39.0,41.040000915527344,1246700,0.0,0.0
2022-01-26 00:00:00-05:00,45.630001068115234,46.5,41.45000076293945,41.91999816894531,4589900,0.0,0.0
2022-01-27 00:00:00-05:00,43.0,43.38999938964844,39.88999938964844,40.27000045776367,1658400,0.0,0.0
2022-01-28 00:00:00-05:00,40.29999923706055,40.68000030517578,37.90999984741211,39.349998474121094,1256600,0.0,0.0
2022-01-31 00:00:00-05:00,40.099998474121094,44.18000030517578,40.02000045776367,44.130001068115234,1229500,0.0,0.0
2022-02-01 00:00:00-05:00,43.90999984741211,45.18000030517578,43.59000015258789,44.880001068115234,924700,0.0,0.0
2022-02-02 00:00:00-05:00,45.400001525878906,45.400001525878906,42.25,42.470001220703125,725100,0.0,0.0
2022-02-03 00:00:00-05:00,41.4900016784668,42.5,40.02000045776367,40.02000045776367,728300,0.0,0.0
2022-02-04 00:00:00-05:00,42.689998626708984,42.779998779296875,40.61000061035156,42.11000061035156,765400,0.0,0.0
2022-02-07 00:00:00-05:00,41.11000061035156,42.099998474121094,40.11000061035156,40.20000076293945,864800,0.0,0.0
2022-02-08 00:00:00-05:00,40.11000061035156,41.959999084472656,40.11000061035156,41.90999984741211,755000,0.0,0.0
2022-02-09 00:00:00-05:00,43.720001220703125,43.720001220703125,41.65999984741211,43.369998931884766,1326300,0.0,0.0
2022-02-10 00:00:00-05:00,41.20000076293945,43.9900016784668,41.20000076293945,42.970001220703125,1031400,0.0,0.0
2022-02-11 00:00:00-05:00,42.5,42.900001525878906,40.5099983215332,41.150001525878906,684700,0.0,0.0
2022-02-14 00:00:00-05:00,40.0099983215332,40.650001525878906,39.099998474121094,39.22999954223633,936900,0.0,0.0
2022-02-15 00:00:00-05:00,40.54999923706055,44.45000076293945,40.09000015258789,44.279998779296875,1061600,0.0,0.0
2022-02-16 00:00:00-05:00,43.380001068115234,44.86000061035156,42.61000061035156,44.439998626708984,767300,0.0,0.0
2022-02-17 00:00:00-05:00,43.279998779296875,44.689998626708984,42.43000030517578,42.439998626708984,495300,0.0,0.0
2022-02-18 00:00:00-05:00,42.29999923706055,44.4900016784668,42.209999084472656,44.0,788700,0.0,0.0
2022-02-22 00:00:00-05:00,42.18000030517578,42.5,39.630001068115234,40.0,1396000,0.0,0.0
2022-02-23 00:00:00-05:00,41.5,42.060001373291016,40.279998779296875,40.65999984741211,555100,0.0,0.0
2022-02-24 00:00:00-05:00,35.790000915527344,42.95000076293945,35.40999984741211,42.869998931884766,2143500,0.0,0.0
2022-02-25 00:00:00-05:00,42.5099983215332,44.38999938964844,42.279998779296875,43.599998474121094,921100,0.0,0.0
2022-02-28 00:00:00-05:00,44.099998474121094,52.18000030517578,43.880001068115234,50.61000061035156,3362500,0.0,0.0
2022-03-01 00:00:00-05:00,49.29999923706055,55.099998474121094,49.220001220703125,54.349998474121094,2251200,0.0,0.0
2022-03-02 00:00:00-05:00,52.939998626708984,53.61000061035156,50.619998931884766,53.25,1140000,0.0,0.0
2022-03-03 00:00:00-05:00,53.06999969482422,53.15999984741211,50.36000061035156,51.16999816894531,827000,0.0,0.0
2022-03-04 00:00:00-05:00,49.220001220703125,50.9900016784668,48.4900016784668,49.369998931884766,1231500,0.0,0.0
2022-03-07 00:00:00-05:00,51.22999954223633,53.31999969482422,50.529998779296875,50.880001068115234,986400,0.0,0.0
2022-03-08 00:00:00-05:00,52.650001525878906,56.18000030517578,51.54999923706055,54.939998626708984,2067000,0.0,0.0
2022-03-09 00:00:00-05:00,53.0,57.7400016784668,52.86000061035156,57.0,1451100,0.0,0.0
2022-03-10 00:00:00-05:00,54.47999954223633,54.75,45.119998931884766,47.040000915527344,4117000,0.0,0.0
2022-03-11 00:00:00-05:00,49.93000030517578,50.459999084472656,43.4900016784668,44.5099983215332,2772200,0.0,0.0
2022-03-14 00:00:00-04:00,41.91999816894531,41.91999816894531,37.83000183105469,38.63999938964844,2394000,0.0,0.0
2022-03-15 00:00:00-04:00,38.47999954223633,41.380001068115234,36.5099983215332,41.31999969482422,2214100,0.0,0.0
2022-03-16 00:00:00-04:00,45.040000915527344,49.130001068115234,43.79999923706055,49.119998931884766,2751600,0.0,0.0
2022-03-17 00:00:00-04:00,46.29999923706055,50.04999923706055,46.0,49.970001220703125,1528200,0.0,0.0
2022-03-18 00:00:00-04:00,48.77000045776367,53.02000045776367,48.77000045776367,52.72999954223633,1892400,0.0,0.0
2022-03-21 00:00:00-04:00,51.150001525878906,52.75,49.54999923706055,51.540000915527344,855900,0.0,0.0
2022-03-22 00:00:00-04:00,52.5099983215332,55.22999954223633,52.5,54.119998931884766,1181200,0.0,0.0
2022-03-23 00:00:00-04:00,51.5099983215332,55.02000045776367,51.29999923706055,51.86000061035156,1629600,0.0,0.0
2022-03-24 00:00:00-04:00,52.459999084472656,53.83000183105469,51.5,53.7599983215332,749900,0.0,0.0
2022-03-25 00:00:00-04:00,51.209999084472656,51.65999984741211,48.29999923706055,50.7400016784668,1260800,0.0,0.0
2022-03-28 00:00:00-04:00,50.36000061035156,52.47999954223633,47.130001068115234,52.029998779296875,1696200,0.0,0.0
2022-03-29 00:00:00-04:00,51.61000061035156,52.849998474121094,49.869998931884766,52.65999984741211,1280500,0.0,0.0
2022-03-30 00:00:00-04:00,51.91999816894531,53.11000061035156,49.709999084472656,49.880001068115234,1161400,0.0,0.0
2022-03-31 00:00:00-04:00,50.29999923706055,50.29999923706055,48.150001525878906,48.290000915527344,875400,0.0,0.0
2022-04-01 00:00:00-04:00,50.040000915527344,51.65999984741211,49.599998474121094,50.900001525878906,950800,0.0,0.0
2022-04-04 00:00:00-04:00,51.97999954223633,53.599998474121094,51.349998474121094,51.58000183105469,1017000,0.0,0.0
2022-04-05 00:00:00-04:00,51.5,52.08000183105469,49.150001525878906,49.369998931884766,659200,0.0,0.0
2022-04-06 00:00:00-04:00,48.810001373291016,49.52000045776367,47.22999954223633,48.779998779296875,631300,0.0,0.0
2022-04-07 00:00:00-04:00,49.029998779296875,50.470001220703125,47.06999969482422,48.790000915527344,834000,0.0,0.0
2022-04-08 00:00:00-04:00,48.209999084472656,49.45000076293945,47.709999084472656,47.849998474121094,628000,0.0,0.0
2022-04-11 00:00:00-04:00,47.4900016784668,50.83000183105469,46.40999984741211,50.349998474121094,961200,0.0,0.0
2022-04-12 00:00:00-04:00,49.43000030517578,51.70000076293945,49.29999923706055,51.08000183105469,914500,0.0,0.0
2022-04-13 00:00:00-04:00,51.2400016784668,54.68000030517578,50.68000030517578,54.119998931884766,1192000,0.0,0.0
2022-04-14 00:00:00-04:00,53.880001068115234,55.77000045776367,53.650001525878906,54.58000183105469,1233500,0.0,0.0
2022-04-18 00:00:00-04:00,54.959999084472656,56.97999954223633,53.869998931884766,54.33000183105469,798500,0.0,0.0
2022-04-19 00:00:00-04:00,53.68000030517578,56.720001220703125,53.25,56.61000061035156,716200,0.0,0.0
2022-04-20 00:00:00-04:00,56.34000015258789,57.439998626708984,55.20000076293945,55.630001068115234,868500,0.0,0.0
2022-04-21 00:00:00-04:00,56.15999984741211,58.59000015258789,50.400001525878906,50.810001373291016,1729300,0.0,0.0
2022-04-22 00:00:00-04:00,51.77000045776367,55.04999923706055,50.63999938964844,51.97999954223633,1951500,0.0,0.0
2022-04-25 00:00:00-04:00,50.400001525878906,52.400001525878906,49.16999816894531,52.18000030517578,1969100,0.0,0.0
2022-04-26 00:00:00-04:00,52.25,52.5099983215332,50.060001373291016,50.20000076293945,1007700,0.0,0.0
2022-04-27 00:00:00-04:00,54.290000915527344,56.95000076293945,53.52000045776367,55.09000015258789,1612600,0.0,0.0
2022-04-28 00:00:00-04:00,52.5,55.349998474121094,51.209999084472656,53.369998931884766,1605100,0.0,0.0
2022-04-29 00:00:00-04:00,53.959999084472656,54.72999954223633,50.4900016784668,51.2599983215332,1615500,0.0,0.0
2022-05-02 00:00:00-04:00,50.75,51.72999954223633,49.0,50.560001373291016,1079100,0.0,0.0
2022-05-03 00:00:00-04:00,50.4900016784668,54.90999984741211,50.4900016784668,54.099998474121094,994000,0.0,0.0
2022-05-04 00:00:00-04:00,53.189998626708984,60.0,53.04999923706055,60.0,1572000,0.0,0.0
2022-05-05 00:00:00-04:00,57.310001373291016,58.689998626708984,54.0,54.380001068115234,1270200,0.0,0.0
2022-05-06 00:00:00-04:00,54.5,54.5,51.540000915527344,51.650001525878906,1026300,0.0,0.0
2022-05-09 00:00:00-04:00,50.9900016784668,51.47999954223633,46.90999984741211,47.310001373291016,1486600,0.0,0.0
2022-05-10 00:00:00-04:00,50.119998931884766,50.45000076293945,45.58000183105469,47.400001525878906,941600,0.0,0.0
2022-05-11 00:00:00-04:00,48.189998626708984,49.52000045776367,45.63999938964844,45.720001220703125,1135500,0.0,0.0
2022-05-12 00:00:00-04:00,44.7400016784668,48.7599983215332,42.81999969482422,47.060001373291016,1242200,0.0,0.0
2022-05-13 00:00:00-04:00,49.220001220703125,51.5,49.029998779296875,51.0,869300,0.0,0.0
2022-05-16 00:00:00-04:00,50.5,51.7599983215332,48.70000076293945,50.25,456700,0.0,0.0
2022-05-17 00:00:00-04:00,52.0099983215332,52.58000183105469,50.369998931884766,52.58000183105469,1070500,0.0,0.0
2022-05-18 00:00:00-04:00,52.029998779296875,54.849998474121094,51.54999923706055,53.849998474121094,1207600,0.0,0.0
2022-05-19 00:00:00-04:00,55.220001220703125,57.130001068115234,54.560001373291016,56.45000076293945,1641600,0.0,0.0
2022-05-20 00:00:00-04:00,58.0,58.400001525878906,55.599998474121094,57.15999984741211,1247100,0.0,0.0
2022-05-23 00:00:00-04:00,57.16999816894531,57.84000015258789,55.13999938964844,57.38999938964844,796300,0.0,0.0
2022-05-24 00:00:00-04:00,56.20000076293945,58.119998931884766,53.599998474121094,57.75,973600,0.0,0.0
2022-05-25 00:00:00-04:00,57.349998474121094,58.7400016784668,56.720001220703125,58.29999923706055,853300,0.0,0.0
2022-05-26 00:00:00-04:00,57.86000061035156,60.380001068115234,57.27000045776367,60.20000076293945,1726200,0.0,0.0
2022-05-27 00:00:00-04:00,60.0,61.36000061035156,58.11000061035156,58.939998626708984,885200,0.0,0.0
2022-05-31 00:00:00-04:00,60.20000076293945,64.69000244140625,59.959999084472656,61.27000045776367,1925200,0.0,0.0
2022-06-01 00:00:00-04:00,62.0,62.0,59.38999938964844,59.779998779296875,1008000,0.0,0.0
2022-06-02 00:00:00-04:00,60.11000061035156,63.880001068115234,59.880001068115234,61.90999984741211,1306500,0.0,0.0
2022-06-03 00:00:00-04:00,61.63999938964844,63.369998931884766,60.40999984741211,62.13999938964844,603000,0.0,0.0
2022-06-06 00:00:00-04:00,66.31999969482422,68.8499984741211,64.4000015258789,67.0999984741211,3181300,0.0,0.0
2022-06-07 00:00:00-04:00,66.25,67.9800033569336,64.55999755859375,66.77999877929688,1227000,0.0,0.0
2022-06-08 00:00:00-04:00,66.69000244140625,68.0199966430664,64.9000015258789,65.58999633789062,987200,0.0,0.0
2022-06-09 00:00:00-04:00,64.0,64.6500015258789,61.630001068115234,61.68000030517578,771600,0.0,0.0
2022-06-10 00:00:00-04:00,61.0099983215332,63.349998474121094,60.279998779296875,62.11000061035156,1031400,0.0,0.0
2022-06-13 00:00:00-04:00,58.369998931884766,60.13999938964844,56.779998779296875,58.369998931884766,991100,0.0,0.0
2022-06-14 00:00:00-04:00,59.560001373291016,61.2599983215332,56.869998931884766,57.529998779296875,1009500,0.0,0.0
2022-06-15 00:00:00-04:00,57.970001220703125,58.380001068115234,55.45000076293945,57.119998931884766,741000,0.0,0.0
2022-06-16 00:00:00-04:00,54.7400016784668,56.02000045776367,52.47999954223633,53.7599983215332,1176300,0.0,0.0
2022-06-17 00:00:00-04:00,56.130001068115234,56.689998626708984,54.11000061035156,56.06999969482422,2114600,0.0,0.0
2022-06-21 00:00:00-04:00,58.959999084472656,63.130001068115234,58.58000183105469,61.959999084472656,1408100,0.0,0.0
2022-06-22 00:00:00-04:00,59.599998474121094,61.689998626708984,59.150001525878906,60.70000076293945,1043700,0.0,0.0
2022-06-23 00:00:00-04:00,61.38999938964844,62.4900016784668,60.25,62.029998779296875,688000,0.0,0.0
2022-06-24 00:00:00-04:00,64.27999877929688,64.72000122070312,60.2599983215332,61.56999969482422,1277500,0.0,0.0
2022-06-27 00:00:00-04:00,61.689998626708984,68.62999725341797,61.65999984741211,67.87000274658203,2350400,0.0,0.0
2022-06-28 00:00:00-04:00,67.54000091552734,69.54000091552734,66.33999633789062,66.33999633789062,1792500,0.0,0.0
2022-06-29 00:00:00-04:00,63.540000915527344,65.06999969482422,62.279998779296875,64.2300033569336,1349900,0.0,0.0
2022-06-30 00:00:00-04:00,63.95000076293945,69.69000244140625,63.529998779296875,69.18000030517578,1641700,0.0,0.0
2022-07-01 00:00:00-04:00,67.0,68.80000305175781,66.30999755859375,67.23999786376953,960600,0.0,0.0
2022-07-05 00:00:00-04:00,67.43000030517578,68.08999633789062,64.30000305175781,68.05999755859375,1091800,0.0,0.0
2022-07-06 00:00:00-04:00,69.02999877929688,70.75,65.2699966430664,65.55000305175781,1620100,0.0,0.0
2022-07-07 00:00:00-04:00,66.54000091552734,75.1500015258789,66.4000015258789,74.4000015258789,3217100,0.0,0.0
2022-07-08 00:00:00-04:00,72.93000030517578,76.91999816894531,71.79000091552734,75.54000091552734,1603600,0.0,0.0
2022-07-11 00:00:00-04:00,73.26000213623047,73.62000274658203,69.0999984741211,70.26000213623047,1747800,0.0,0.0
2022-07-12 00:00:00-04:00,69.9000015258789,70.05000305175781,63.83000183105469,65.16000366210938,1921000,0.0,0.0
2022-07-13 00:00:00-04:00,64.51000213623047,68.30000305175781,63.70000076293945,66.5199966430664,984700,0.0,0.0
2022-07-14 00:00:00-04:00,66.01000213623047,66.68000030517578,63.900001525878906,65.20999908447266,655800,0.0,0.0
2022-07-15 00:00:00-04:00,63.0,64.1500015258789,58.27000045776367,63.470001220703125,2240400,0.0,0.0
2022-07-18 00:00:00-04:00,63.81999969482422,66.7699966430664,63.689998626708984,63.83000183105469,984000,0.0,0.0
2022-07-19 00:00:00-04:00,64.7699966430664,64.86000061035156,61.720001220703125,62.41999816894531,986900,0.0,0.0
2022-07-20 00:00:00-04:00,62.720001220703125,64.87999725341797,61.790000915527344,62.75,565500,0.0,0.0
2022-07-21 00:00:00-04:00,63.099998474121094,63.619998931884766,60.61000061035156,61.56999969482422,845500,0.0,0.0
2022-07-22 00:00:00-04:00,61.43000030517578,62.400001525878906,60.31999969482422,60.83000183105469,641000,0.0,0.0
2022-07-25 00:00:00-04:00,61.16999816894531,62.52000045776367,60.029998779296875,62.5099983215332,617000,0.0,0.0
2022-07-26 00:00:00-04:00,64.18000030517578,64.93000030517578,60.599998474121094,60.959999084472656,580000,0.0,0.0
2022-07-27 00:00:00-04:00,63.310001373291016,64.47000122070312,62.54999923706055,63.61000061035156,908100,0.0,0.0
2022-07-28 00:00:00-04:00,65.87000274658203,68.27999877929688,61.119998931884766,65.33000183105469,2322900,0.0,0.0
2022-07-29 00:00:00-04:00,64.56999969482422,66.80999755859375,64.22000122070312,66.31999969482422,889200,0.0,0.0
2022-08-01 00:00:00-04:00,66.36000061035156,66.70999908447266,61.36000061035156,61.650001525878906,1291400,0.0,0.0
2022-08-02 00:00:00-04:00,60.0,63.47999954223633,60.0,62.75,854300,0.0,0.0
2022-08-03 00:00:00-04:00,62.88999938964844,63.099998474121094,58.970001220703125,61.38999938964844,1272200,0.0,0.0
2022-08-04 00:00:00-04:00,61.900001525878906,63.66999816894531,60.22999954223633,63.459999084472656,642600,0.0,0.0
2022-08-05 00:00:00-04:00,62.0,62.470001220703125,59.880001068115234,60.869998931884766,823000,0.0,0.0
2022-08-08 00:00:00-04:00,61.790000915527344,62.86000061035156,59.029998779296875,60.459999084472656,1102900,0.0,0.0
2022-08-09 00:00:00-04:00,60.93000030517578,62.45000076293945,60.290000915527344,62.45000076293945,1131000,0.0,0.0
2022-08-10 00:00:00-04:00,62.869998931884766,68.68000030517578,62.2400016784668,68.2699966430664,1634300,0.0,0.0
2022-08-11 00:00:00-04:00,68.95999908447266,69.13999938964844,66.55000305175781,66.70999908447266,990800,0.0,0.0
2022-08-12 00:00:00-04:00,64.5,64.75,61.83000183105469,64.26000213623047,1689100,0.0,0.0
2022-08-15 00:00:00-04:00,63.4900016784668,64.44999694824219,61.47999954223633,62.2599983215332,845700,0.0,0.0
2022-08-16 00:00:00-04:00,61.880001068115234,62.349998474121094,60.599998474121094,61.25,788300,0.0,0.0
2022-08-17 00:00:00-04:00,60.810001373291016,61.65999984741211,59.56999969482422,60.150001525878906,895100,0.0,0.0
2022-08-18 00:00:00-04:00,60.59000015258789,64.0,60.5,62.650001525878906,1619100,0.0,0.0
2022-08-19 00:00:00-04:00,60.40999984741211,60.560001373291016,58.0,58.970001220703125,3013100,0.0,0.0
2022-08-22 00:00:00-04:00,57.09000015258789,57.61000061035156,54.75,56.400001525878906,1669100,0.0,0.0
2022-08-23 00:00:00-04:00,58.150001525878906,58.380001068115234,55.880001068115234,57.36000061035156,1181100,0.0,0.0
2022-08-24 00:00:00-04:00,57.189998626708984,58.400001525878906,56.88999938964844,57.689998626708984,1002300,0.0,0.0
2022-08-25 00:00:00-04:00,59.79999923706055,59.810001373291016,57.22999954223633,58.650001525878906,1275600,0.0,0.0
2022-08-26 00:00:00-04:00,60.61000061035156,64.26000213623047,59.349998474121094,59.779998779296875,2603700,0.0,0.0
2022-08-29 00:00:00-04:00,59.5,64.66000366210938,59.5,60.66999816894531,2282300,0.0,0.0
2022-08-30 00:00:00-04:00,61.459999084472656,63.209999084472656,59.68000030517578,60.4900016784668,850500,0.0,0.0
2022-08-31 00:00:00-04:00,60.599998474121094,61.599998474121094,59.599998474121094,60.869998931884766,640900,0.0,0.0
2022-09-01 00:00:00-04:00,58.25,59.150001525878906,55.459999084472656,57.599998474121094,1213100,0.0,0.0
2022-09-02 00:00:00-04:00,57.79999923706055,58.689998626708984,56.0099983215332,56.88999938964844,753100,0.0,0.0
2022-09-06 00:00:00-04:00,58.09000015258789,59.689998626708984,57.2599983215332,58.959999084472656,1541400,0.0,0.0
2022-09-07 00:00:00-04:00,59.13999938964844,62.790000915527344,59.13999938964844,62.70000076293945,1109900,0.0,0.0
2022-09-08 00:00:00-04:00,60.45000076293945,61.79999923706055,58.709999084472656,60.380001068115234,1042400,0.0,0.0
2022-09-09 00:00:00-04:00,61.5,61.880001068115234,59.650001525878906,60.81999969482422,598500,0.0,0.0
2022-09-12 00:00:00-04:00,61.349998474121094,61.619998931884766,59.630001068115234,61.56999969482422,579400,0.0,0.0
2022-09-13 00:00:00-04:00,59.5,63.08000183105469,59.209999084472656,61.63999938964844,900200,0.0,0.0
2022-09-14 00:00:00-04:00,61.279998779296875,61.79999923706055,59.810001373291016,61.5,723400,0.0,0.0
2022-09-15 00:00:00-04:00,59.209999084472656,60.20000076293945,57.18000030517578,58.08000183105469,1832200,0.0,0.0
2022-09-16 00:00:00-04:00,56.619998931884766,57.279998779296875,54.880001068115234,57.04999923706055,1421300,0.0,0.0
2022-09-19 00:00:00-04:00,56.220001220703125,57.47999954223633,55.91999816894531,56.130001068115234,656300,0.0,0.0
2022-09-20 00:00:00-04:00,56.540000915527344,57.20000076293945,55.25,55.630001068115234,559700,0.0,0.0
2022-09-21 00:00:00-04:00,55.439998626708984,58.54999923706055,54.630001068115234,56.79999923706055,793000,0.0,0.0
2022-09-22 00:00:00-04:00,58.0099983215332,58.25,54.75,55.209999084472656,809800,0.0,0.0
2022-09-23 00:00:00-04:00,52.040000915527344,53.83000183105469,51.599998474121094,53.650001525878906,1009600,0.0,0.0
2022-09-26 00:00:00-04:00,53.970001220703125,55.47999954223633,52.86000061035156,52.90999984741211,750600,0.0,0.0
2022-09-27 00:00:00-04:00,54.54999923706055,55.20000076293945,52.939998626708984,53.5,441600,0.0,0.0
2022-09-28 00:00:00-04:00,52.790000915527344,54.650001525878906,52.2599983215332,54.189998626708984,612900,0.0,0.0
2022-09-29 00:00:00-04:00,53.150001525878906,54.16999816894531,51.08000183105469,52.060001373291016,1186500,0.0,0.0
2022-09-30 00:00:00-04:00,51.5,56.540000915527344,51.5,55.38999938964844,1174500,0.0,0.0
2022-10-03 00:00:00-04:00,55.849998474121094,56.2400016784668,54.66999816894531,54.90999984741211,354300,0.0,0.0
2022-10-04 00:00:00-04:00,56.5,57.5,56.11000061035156,56.650001525878906,386500,0.0,0.0
2022-10-05 00:00:00-04:00,55.63999938964844,56.58000183105469,53.779998779296875,55.22999954223633,441300,0.0,0.0
2022-10-06 00:00:00-04:00,54.439998626708984,56.20000076293945,52.150001525878906,52.54999923706055,1078000,0.0,0.0
2022-10-07 00:00:00-04:00,51.58000183105469,52.40999984741211,50.5,50.83000183105469,1053400,0.0,0.0
2022-10-10 00:00:00-04:00,49.439998626708984,50.04999923706055,48.400001525878906,49.97999954223633,741900,0.0,0.0
2022-10-11 00:00:00-04:00,48.33000183105469,48.9900016784668,46.65999984741211,48.90999984741211,956600,0.0,0.0
2022-10-12 00:00:00-04:00,49.0,49.09000015258789,46.97999954223633,47.2400016784668,584100,0.0,0.0
2022-10-13 00:00:00-04:00,44.959999084472656,47.81999969482422,44.689998626708984,47.220001220703125,972900,0.0,0.0
2022-10-14 00:00:00-04:00,49.209999084472656,50.7400016784668,47.16999816894531,47.33000183105469,991000,0.0,0.0
2022-10-17 00:00:00-04:00,48.439998626708984,48.849998474121094,45.93000030517578,46.29999923706055,973900,0.0,0.0
2022-10-18 00:00:00-04:00,47.040000915527344,48.709999084472656,46.2599983215332,46.970001220703125,935500,0.0,0.0
2022-10-19 00:00:00-04:00,45.709999084472656,46.16999816894531,44.849998474121094,46.09000015258789,957500,0.0,0.0
2022-10-20 00:00:00-04:00,45.709999084472656,46.29999923706055,43.06999969482422,44.27000045776367,1394500,0.0,0.0
2022-10-21 00:00:00-04:00,43.599998474121094,45.380001068115234,43.06999969482422,45.119998931884766,1692800,0.0,0.0
2022-10-24 00:00:00-04:00,42.20000076293945,42.439998626708984,38.43000030517578,41.060001373291016,1932900,0.0,0.0
2022-10-25 00:00:00-04:00,41.90999984741211,43.09000015258789,41.54999923706055,42.709999084472656,777600,0.0,0.0
2022-10-26 00:00:00-04:00,43.70000076293945,47.63999938964844,43.70000076293945,46.529998779296875,1233300,0.0,0.0
2022-10-27 00:00:00-04:00,45.599998474121094,48.34000015258789,45.41999816894531,47.849998474121094,723200,0.0,0.0
2022-10-28 00:00:00-04:00,48.25,48.25,45.2400016784668,45.939998626708984,826300,0.0,0.0
2022-10-31 00:00:00-04:00,44.900001525878906,47.529998779296875,44.56999969482422,47.47999954223633,653000,0.0,0.0
2022-11-01 00:00:00-04:00,49.400001525878906,50.54999923706055,47.349998474121094,48.060001373291016,793200,0.0,0.0
2022-11-02 00:00:00-04:00,48.2599983215332,49.33000183105469,47.0,47.59000015258789,464500,0.0,0.0
2022-11-03 00:00:00-04:00,46.93000030517578,49.70000076293945,46.81999969482422,48.7599983215332,482100,0.0,0.0
2022-11-04 00:00:00-04:00,51.41999816894531,51.5,48.560001373291016,49.06999969482422,1077800,0.0,0.0
2022-11-07 00:00:00-05:00,50.34000015258789,50.630001068115234,48.119998931884766,49.400001525878906,758900,0.0,0.0
2022-11-08 00:00:00-05:00,50.29999923706055,50.36000061035156,48.900001525878906,49.88999938964844,605600,0.0,0.0
2022-11-09 00:00:00-05:00,48.88999938964844,50.650001525878906,47.95000076293945,47.95000076293945,469600,0.0,0.0
2022-11-10 00:00:00-05:00,49.81999969482422,52.45000076293945,49.4900016784668,52.040000915527344,1085900,0.0,0.0
2022-11-11 00:00:00-05:00,53.18000030517578,53.880001068115234,50.34000015258789,50.63999938964844,660100,0.0,0.0
2022-11-14 00:00:00-05:00,50.599998474121094,50.70000076293945,48.15999984741211,49.08000183105469,733000,0.0,0.0
2022-11-15 00:00:00-05:00,51.5,52.47999954223633,50.2400016784668,50.43000030517578,630000,0.0,0.0
2022-11-16 00:00:00-05:00,50.0,51.43000030517578,49.88999938964844,50.06999969482422,677200,0.0,0.0
2022-11-17 00:00:00-05:00,48.97999954223633,50.54999923706055,48.33000183105469,50.130001068115234,938900,0.0,0.0
2022-11-18 00:00:00-05:00,49.29999923706055,49.43000030517578,47.400001525878906,47.869998931884766,932100,0.0,0.0
2022-11-21 00:00:00-05:00,47.34000015258789,47.9900016784668,46.34000015258789,47.33000183105469,300900,0.0,0.0
2022-11-22 00:00:00-05:00,46.619998931884766,47.2400016784668,45.970001220703125,46.869998931884766,345900,0.0,0.0
2022-11-23 00:00:00-05:00,47.58000183105469,48.150001525878906,46.81999969482422,48.13999938964844,453300,0.0,0.0
2022-11-25 00:00:00-05:00,47.380001068115234,48.29999923706055,47.040000915527344,47.810001373291016,131800,0.0,0.0
2022-11-28 00:00:00-05:00,46.95000076293945,47.060001373291016,44.86000061035156,44.93000030517578,689300,0.0,0.0
2022-11-29 00:00:00-05:00,47.310001373291016,48.439998626708984,45.59000015258789,45.7400016784668,503900,0.0,0.0
2022-11-30 00:00:00-05:00,47.18000030517578,51.279998779296875,47.18000030517578,51.279998779296875,985700,0.0,0.0
2022-12-01 00:00:00-05:00,51.0,51.150001525878906,49.29999923706055,49.529998779296875,792400,0.0,0.0
2022-12-02 00:00:00-05:00,52.06999969482422,55.79999923706055,51.54999923706055,55.47999954223633,2791400,0.0,0.0
2022-12-05 00:00:00-05:00,56.31999969482422,56.31999969482422,52.04999923706055,52.54999923706055,1100000,0.0,0.0
2022-12-06 00:00:00-05:00,53.0099983215332,53.099998474121094,49.40999984741211,50.779998779296875,749200,0.0,0.0
2022-12-07 00:00:00-05:00,49.86000061035156,51.099998474121094,47.88999938964844,48.209999084472656,502400,0.0,0.0
2022-12-08 00:00:00-05:00,50.290000915527344,50.290000915527344,48.119998931884766,48.400001525878906,569400,0.0,0.0
2022-12-09 00:00:00-05:00,48.720001220703125,50.18000030517578,48.5,49.40999984741211,396600,0.0,0.0
2022-12-12 00:00:00-05:00,48.63999938964844,49.189998626708984,46.36000061035156,46.880001068115234,725900,0.0,0.0
2022-12-13 00:00:00-05:00,48.290000915527344,49.349998474121094,47.0,48.529998779296875,864800,0.0,0.0
2022-12-14 00:00:00-05:00,48.880001068115234,50.220001220703125,48.29999923706055,49.959999084472656,781000,0.0,0.0
2022-12-15 00:00:00-05:00,50.0,51.869998931884766,49.63999938964844,50.810001373291016,1057900,0.0,0.0
2022-12-16 00:00:00-05:00,51.13999938964844,55.22999954223633,50.029998779296875,51.040000915527344,4144000,0.0,0.0
2022-12-19 00:00:00-05:00,51.279998779296875,53.150001525878906,49.90999984741211,51.630001068115234,2073800,0.0,0.0
2022-12-20 00:00:00-05:00,50.36000061035156,53.869998931884766,49.63999938964844,50.70000076293945,2223300,0.0,0.0
2022-12-21 00:00:00-05:00,50.06999969482422,50.119998931884766,47.56999969482422,48.97999954223633,907700,0.0,0.0
2022-12-22 00:00:00-05:00,48.40999984741211,48.84000015258789,43.2599983215332,44.119998931884766,1424600,0.0,0.0
2022-12-23 00:00:00-05:00,44.279998779296875,44.470001220703125,40.45000076293945,41.16999816894531,1531400,0.0,0.0
2022-12-27 00:00:00-05:00,43.2599983215332,43.68000030517578,39.79999923706055,41.02000045776367,1604300,0.0,0.0
2022-12-28 00:00:00-05:00,40.61000061035156,41.439998626708984,39.439998626708984,39.65999984741211,882700,0.0,0.0
2022-12-29 00:00:00-05:00,39.77000045776367,41.5099983215332,39.09000015258789,41.029998779296875,933400,0.0,0.0
2022-12-30 00:00:00-05:00,40.790000915527344,42.439998626708984,40.40999984741211,40.880001068115234,924900,0.0,0.0
2023-01-03 00:00:00-05:00,42.2400016784668,43.77000045776367,41.22999954223633,41.310001373291016,914500,0.0,0.0
2023-01-04 00:00:00-05:00,41.59000015258789,42.75,41.290000915527344,42.040000915527344,800500,0.0,0.0
2023-01-05 00:00:00-05:00,41.31999969482422,41.630001068115234,39.779998779296875,39.970001220703125,697400,0.0,0.0
2023-01-06 00:00:00-05:00,42.58000183105469,46.5099983215332,41.88999938964844,46.189998626708984,2641600,0.0,0.0
2023-01-09 00:00:00-05:00,47.77000045776367,50.36000061035156,47.380001068115234,49.119998931884766,1579100,0.0,0.0
2023-01-10 00:00:00-05:00,49.119998931884766,53.400001525878906,48.91999816894531,53.380001068115234,1551700,0.0,0.0
2023-01-11 00:00:00-05:00,54.810001373291016,61.27000045776367,54.810001373291016,58.290000915527344,4121600,0.0,0.0
2023-01-12 00:00:00-05:00,56.849998474121094,58.83000183105469,55.310001373291016,58.630001068115234,1718300,0.0,0.0
2023-01-13 00:00:00-05:00,57.88999938964844,59.59000015258789,56.79999923706055,58.900001525878906,1056000,0.0,0.0
2023-01-17 00:00:00-05:00,57.439998626708984,57.970001220703125,54.369998931884766,57.5,1393200,0.0,0.0
2023-01-18 00:00:00-05:00,58.20000076293945,58.97999954223633,56.0099983215332,56.29999923706055,513200,0.0,0.0
2023-01-19 00:00:00-05:00,54.90999984741211,56.540000915527344,54.400001525878906,55.54999923706055,547300,0.0,0.0
2023-01-20 00:00:00-05:00,58.380001068115234,58.4900016784668,56.25,56.66999816894531,1186700,0.0,0.0
2023-01-23 00:00:00-05:00,57.20000076293945,60.439998626708984,56.880001068115234,59.86000061035156,719900,0.0,0.0
2023-01-24 00:00:00-05:00,60.150001525878906,60.18000030517578,57.72999954223633,58.22999954223633,843300,0.0,0.0
2023-01-25 00:00:00-05:00,57.84000015258789,57.849998474121094,56.18000030517578,57.13999938964844,450800,0.0,0.0
2023-01-26 00:00:00-05:00,59.06999969482422,59.18000030517578,56.290000915527344,56.54999923706055,479800,0.0,0.0
2023-01-27 00:00:00-05:00,56.540000915527344,56.95000076293945,55.34000015258789,56.209999084472656,452900,0.0,0.0
2023-01-30 00:00:00-05:00,55.650001525878906,55.75,53.84000015258789,54.349998474121094,667500,0.0,0.0
2023-01-31 00:00:00-05:00,53.869998931884766,56.84000015258789,53.869998931884766,56.380001068115234,614600,0.0,0.0
2023-02-01 00:00:00-05:00,57.45000076293945,57.83000183105469,55.029998779296875,57.16999816894531,864700,0.0,0.0
2023-02-02 00:00:00-05:00,57.290000915527344,58.22999954223633,55.939998626708984,56.38999938964844,768800,0.0,0.0
2023-02-03 00:00:00-05:00,55.0,56.9900016784668,54.279998779296875,54.65999984741211,532200,0.0,0.0
2023-02-06 00:00:00-05:00,53.209999084472656,54.349998474121094,51.849998474121094,54.20000076293945,583300,0.0,0.0
2023-02-07 00:00:00-05:00,53.90999984741211,54.720001220703125,52.20000076293945,53.75,618400,0.0,0.0
2023-02-08 00:00:00-05:00,54.72999954223633,55.45000076293945,52.560001373291016,52.90999984741211,475700,0.0,0.0
2023-02-09 00:00:00-05:00,54.45000076293945,55.56999969482422,52.29999923706055,52.61000061035156,771300,0.0,0.0
2023-02-10 00:00:00-05:00,51.869998931884766,53.27000045776367,50.869998931884766,52.79999923706055,441300,0.0,0.0
2023-02-13 00:00:00-05:00,53.790000915527344,53.95000076293945,52.54999923706055,52.779998779296875,567100,0.0,0.0
2023-02-14 00:00:00-05:00,51.900001525878906,52.9900016784668,51.369998931884766,52.220001220703125,407300,0.0,0.0
2023-02-15 00:00:00-05:00,51.38999938964844,54.2599983215332,51.38999938964844,53.959999084472656,452600,0.0,0.0
2023-02-16 00:00:00-05:00,53.0,53.869998931884766,52.02000045776367,52.04999923706055,465300,0.0,0.0
2023-02-17 00:00:00-05:00,50.709999084472656,51.290000915527344,49.5,50.75,858500,0.0,0.0
2023-02-21 00:00:00-05:00,50.060001373291016,50.81999969482422,49.70000076293945,50.189998626708984,794700,0.0,0.0
2023-02-22 00:00:00-05:00,50.97999954223633,52.619998931884766,50.38999938964844,52.099998474121094,696400,0.0,0.0
2023-02-23 00:00:00-05:00,53.86000061035156,54.939998626708984,52.540000915527344,53.54999923706055,722600,0.0,0.0
2023-02-24 00:00:00-05:00,51.849998474121094,52.599998474121094,49.2400016784668,49.63999938964844,814000,0.0,0.0
2023-02-27 00:00:00-05:00,51.0,53.150001525878906,51.0,51.93000030517578,650000,0.0,0.0
2023-02-28 00:00:00-05:00,52.599998474121094,53.599998474121094,52.119998931884766,53.0,792700,0.0,0.0
2023-03-01 00:00:00-05:00,56.18000030517578,57.20000076293945,55.52000045776367,56.439998626708984,776500,0.0,0.0
2023-03-02 00:00:00-05:00,55.189998626708984,56.18000030517578,54.61000061035156,55.20000076293945,471600,0.0,0.0
2023-03-03 00:00:00-05:00,55.79999923706055,57.25,55.380001068115234,56.220001220703125,596200,0.0,0.0
2023-03-06 00:00:00-05:00,56.9900016784668,57.97999954223633,56.470001220703125,57.0,988800,0.0,0.0
2023-03-07 00:00:00-05:00,57.099998474121094,57.2400016784668,55.61000061035156,56.650001525878906,721100,0.0,0.0
2023-03-08 00:00:00-05:00,56.900001525878906,56.970001220703125,54.369998931884766,56.709999084472656,564900,0.0,0.0
2023-03-09 00:00:00-05:00,58.4900016784668,58.959999084472656,56.08000183105469,56.15999984741211,1221000,0.0,0.0
2023-03-10 00:00:00-05:00,50.5099983215332,50.5099983215332,46.0,48.97999954223633,3679600,0.0,0.0
2023-03-13 00:00:00-04:00,47.720001220703125,50.310001373291016,47.310001373291016,49.68000030517578,994400,0.0,0.0
2023-03-14 00:00:00-04:00,50.41999816894531,51.369998931884766,49.40999984741211,50.29999923706055,746800,0.0,0.0
2023-03-15 00:00:00-04:00,48.5099983215332,49.400001525878906,47.189998626708984,48.2400016784668,1043900,0.0,0.0
2023-03-16 00:00:00-04:00,46.06999969482422,46.349998474121094,44.20000076293945,45.95000076293945,1470200,0.0,0.0
2023-03-17 00:00:00-04:00,45.81999969482422,45.95000076293945,42.40999984741211,42.7599983215332,1507700,0.0,0.0
2023-03-20 00:00:00-04:00,42.79999923706055,45.959999084472656,42.599998474121094,45.04999923706055,971500,0.0,0.0
2023-03-21 00:00:00-04:00,46.970001220703125,49.400001525878906,46.400001525878906,49.20000076293945,967500,0.0,0.0
2023-03-22 00:00:00-04:00,49.70000076293945,49.70000076293945,47.560001373291016,47.77000045776367,614100,0.0,0.0
2023-03-23 00:00:00-04:00,48.439998626708984,50.06999969482422,47.13999938964844,47.75,697400,0.0,0.0
2023-03-24 00:00:00-04:00,46.0,47.9900016784668,45.58000183105469,47.900001525878906,427700,0.0,0.0
2023-03-27 00:00:00-04:00,47.7400016784668,48.5,47.52000045776367,48.22999954223633,289000,0.0,0.0
2023-03-28 00:00:00-04:00,48.5,48.939998626708984,48.29999923706055,48.630001068115234,301400,0.0,0.0
2023-03-29 00:00:00-04:00,49.08000183105469,50.459999084472656,48.310001373291016,50.06999969482422,592500,0.0,0.0
2023-03-30 00:00:00-04:00,51.099998474121094,51.650001525878906,50.25,50.59000015258789,635500,0.0,0.0
2023-03-31 00:00:00-04:00,50.689998626708984,51.709999084472656,50.29999923706055,51.02000045776367,633600,0.0,0.0
2023-04-03 00:00:00-04:00,50.810001373291016,51.439998626708984,49.36000061035156,49.88999938964844,445200,0.0,0.0
2023-04-04 00:00:00-04:00,50.0,50.27000045776367,48.86000061035156,49.619998931884766,230000,0.0,0.0
2023-04-05 00:00:00-04:00,49.0,49.540000915527344,47.130001068115234,47.81999969482422,449100,0.0,0.0
2023-04-06 00:00:00-04:00,47.529998779296875,47.790000915527344,46.880001068115234,46.93000030517578,238100,0.0,0.0
2023-04-10 00:00:00-04:00,46.7599983215332,49.720001220703125,46.5099983215332,49.709999084472656,431500,0.0,0.0
2023-04-11 00:00:00-04:00,49.5099983215332,50.4900016784668,49.209999084472656,50.290000915527344,535700,0.0,0.0
2023-04-12 00:00:00-04:00,50.13999938964844,50.84000015258789,48.369998931884766,48.45000076293945,433600,0.0,0.0
2023-04-13 00:00:00-04:00,49.16999816894531,50.529998779296875,48.720001220703125,50.279998779296875,362300,0.0,0.0
2023-04-14 00:00:00-04:00,49.81999969482422,50.369998931884766,48.279998779296875,49.31999969482422,419500,0.0,0.0
2023-04-17 00:00:00-04:00,49.65999984741211,51.36000061035156,49.349998474121094,50.459999084472656,376000,0.0,0.0
2023-04-18 00:00:00-04:00,50.45000076293945,50.599998474121094,49.119998931884766,49.720001220703125,225400,0.0,0.0
2023-04-19 00:00:00-04:00,48.40999984741211,49.38999938964844,48.04999923706055,49.290000915527344,365400,0.0,0.0
2023-04-20 00:00:00-04:00,48.40999984741211,50.2599983215332,48.40999984741211,48.91999816894531,895800,0.0,0.0
2023-04-21 00:00:00-04:00,48.08000183105469,48.400001525878906,46.790000915527344,47.56999969482422,839500,0.0,0.0
2023-04-24 00:00:00-04:00,47.54999923706055,47.630001068115234,45.0,46.0,934200,0.0,0.0
2023-04-25 00:00:00-04:00,45.09000015258789,46.349998474121094,45.09000015258789,45.81999969482422,547800,0.0,0.0
2023-04-26 00:00:00-04:00,46.4900016784668,47.15999984741211,45.2599983215332,45.540000915527344,729200,0.0,0.0
2023-04-27 00:00:00-04:00,45.369998931884766,48.060001373291016,45.29999923706055,47.72999954223633,706400,0.0,0.0
2023-04-28 00:00:00-04:00,46.79999923706055,50.0,42.939998626708984,49.61000061035156,1764500,0.0,0.0
2023-05-01 00:00:00-04:00,49.95000076293945,50.459999084472656,48.66999816894531,49.61000061035156,553900,0.0,0.0
2023-05-02 00:00:00-04:00,48.58000183105469,49.20000076293945,46.75,47.0,590600,0.0,0.0
2023-05-03 00:00:00-04:00,46.9900016784668,48.0,46.599998474121094,47.41999816894531,323500,0.0,0.0
2023-05-04 00:00:00-04:00,48.56999969482422,48.56999969482422,47.040000915527344,47.2400016784668,435400,0.0,0.0
2023-05-05 00:00:00-04:00,48.11000061035156,48.22999954223633,47.279998779296875,48.09000015258789,507800,0.0,0.0
2023-05-08 00:00:00-04:00,48.7599983215332,48.81999969482422,47.27000045776367,47.380001068115234,426700,0.0,0.0
2023-05-09 00:00:00-04:00,46.65999984741211,46.779998779296875,41.5,43.470001220703125,3034800,0.0,0.0
2023-05-10 00:00:00-04:00,43.810001373291016,44.29999923706055,42.709999084472656,43.88999938964844,777900,0.0,0.0
2023-05-11 00:00:00-04:00,43.04999923706055,44.29999923706055,42.56999969482422,43.540000915527344,645500,0.0,0.0
2023-05-12 00:00:00-04:00,43.4900016784668,44.689998626708984,41.720001220703125,42.25,823600,0.0,0.0
2023-05-15 00:00:00-04:00,42.939998626708984,42.939998626708984,40.54999923706055,41.59000015258789,996900,0.0,0.0
2023-05-16 00:00:00-04:00,40.66999816894531,41.58000183105469,40.29999923706055,41.099998474121094,611700,0.0,0.0
2023-05-17 00:00:00-04:00,41.06999969482422,43.13999938964844,40.779998779296875,42.97999954223633,651600,0.0,0.0
2023-05-18 00:00:00-04:00,43.5,44.599998474121094,42.439998626708984,44.060001373291016,1569100,0.0,0.0
2023-05-19 00:00:00-04:00,43.7400016784668,44.36000061035156,43.349998474121094,43.779998779296875,1173500,0.0,0.0
2023-05-22 00:00:00-04:00,44.25,44.56999969482422,43.279998779296875,44.349998474121094,838400,0.0,0.0
2023-05-23 00:00:00-04:00,44.099998474121094,47.130001068115234,43.72999954223633,46.130001068115234,850300,0.0,0.0
2023-05-24 00:00:00-04:00,45.849998474121094,46.849998474121094,45.25,45.939998626708984,534000,0.0,0.0
2023-05-25 00:00:00-04:00,45.619998931884766,46.290000915527344,44.939998626708984,45.619998931884766,631200,0.0,0.0
2023-05-26 00:00:00-04:00,45.810001373291016,45.849998474121094,43.79999923706055,45.04999923706055,620400,0.0,0.0
2023-05-30 00:00:00-04:00,44.97999954223633,45.150001525878906,42.0099983215332,42.279998779296875,1052800,0.0,0.0
2023-05-31 00:00:00-04:00,42.0,43.369998931884766,41.77000045776367,41.90999984741211,802100,0.0,0.0
2023-06-01 00:00:00-04:00,41.7599983215332,42.47999954223633,41.099998474121094,42.09000015258789,471000,0.0,0.0
2023-06-02 00:00:00-04:00,43.29999923706055,43.5,42.04999923706055,42.2599983215332,331900,0.0,0.0
2023-06-05 00:00:00-04:00,42.08000183105469,42.439998626708984,41.2400016784668,41.849998474121094,438100,0.0,0.0
2023-06-06 00:00:00-04:00,41.83000183105469,42.36000061035156,41.58000183105469,42.029998779296875,426000,0.0,0.0
2023-06-07 00:00:00-04:00,41.849998474121094,42.400001525878906,40.81999969482422,40.869998931884766,500300,0.0,0.0
2023-06-08 00:00:00-04:00,40.81999969482422,41.11000061035156,40.16999816894531,40.7400016784668,986700,0.0,0.0
2023-06-09 00:00:00-04:00,41.189998626708984,42.060001373291016,40.58000183105469,41.54999923706055,877900,0.0,0.0
2023-06-12 00:00:00-04:00,41.25,41.25,39.68000030517578,40.70000076293945,782800,0.0,0.0
2023-06-13 00:00:00-04:00,41.0,42.060001373291016,40.79999923706055,41.349998474121094,468700,0.0,0.0
2023-06-14 00:00:00-04:00,41.209999084472656,41.790000915527344,40.20000076293945,41.540000915527344,528800,0.0,0.0
2023-06-15 00:00:00-04:00,42.619998931884766,46.7599983215332,42.18000030517578,46.43000030517578,2326400,0.0,0.0
2023-06-16 00:00:00-04:00,46.97999954223633,47.849998474121094,46.470001220703125,47.38999938964844,1745600,0.0,0.0
2023-06-20 00:00:00-04:00,46.380001068115234,46.380001068115234,43.25,43.650001525878906,1236600,0.0,0.0
2023-06-21 00:00:00-04:00,43.599998474121094,44.45000076293945,43.0,43.65999984741211,612900,0.0,0.0
2023-06-22 00:00:00-04:00,43.310001373291016,43.83000183105469,42.34000015258789,43.5099983215332,521200,0.0,0.0
2023-06-23 00:00:00-04:00,43.83000183105469,44.619998931884766,41.97999954223633,42.11000061035156,813700,0.0,0.0
2023-06-26 00:00:00-04:00,42.38999938964844,43.83000183105469,41.90999984741211,42.0099983215332,563800,0.0,0.0
2023-06-27 00:00:00-04:00,42.91999816894531,42.91999816894531,42.040000915527344,42.52000045776367,220800,0.0,0.0
2023-06-28 00:00:00-04:00,42.79999923706055,43.22999954223633,42.369998931884766,43.22999954223633,674000,0.0,0.0
2023-06-29 00:00:00-04:00,43.0,43.43000030517578,42.29999923706055,43.16999816894531,382600,0.0,0.0
2023-06-30 00:00:00-04:00,43.310001373291016,44.63999938964844,43.16999816894531,44.380001068115234,437300,0.0,0.0
2023-07-03 00:00:00-04:00,44.63999938964844,45.68000030517578,44.41999816894531,44.65999984741211,456600,0.0,0.0
2023-07-05 00:00:00-04:00,44.599998474121094,45.959999084472656,44.279998779296875,44.599998474121094,819100,0.0,0.0
2023-07-06 00:00:00-04:00,44.15999984741211,44.34000015258789,41.63999938964844,42.400001525878906,906900,0.0,0.0
2023-07-07 00:00:00-04:00,42.88999938964844,44.16999816894531,42.63999938964844,42.75,580300,0.0,0.0
2023-07-10 00:00:00-04:00,43.0,44.34000015258789,41.90999984741211,44.099998474121094,695800,0.0,0.0
2023-07-11 00:00:00-04:00,44.59000015258789,44.599998474121094,42.869998931884766,43.060001373291016,664400,0.0,0.0
2023-07-12 00:00:00-04:00,43.91999816894531,44.29999923706055,43.16999816894531,44.099998474121094,438600,0.0,0.0
2023-07-13 00:00:00-04:00,44.459999084472656,45.349998474121094,44.279998779296875,44.72999954223633,412300,0.0,0.0
2023-07-14 00:00:00-04:00,45.68000030517578,46.470001220703125,43.5099983215332,43.65999984741211,958200,0.0,0.0
2023-07-17 00:00:00-04:00,43.61000061035156,46.36000061035156,42.880001068115234,45.90999984741211,730800,0.0,0.0
2023-07-18 00:00:00-04:00,45.20000076293945,45.7400016784668,43.31999969482422,43.81999969482422,816100,0.0,0.0
2023-07-19 00:00:00-04:00,44.439998626708984,44.7400016784668,43.27000045776367,43.310001373291016,506700,0.0,0.0
2023-07-20 00:00:00-04:00,43.099998474121094,43.290000915527344,42.349998474121094,42.40999984741211,500900,0.0,0.0
2023-07-21 00:00:00-04:00,43.5,43.560001373291016,41.41999816894531,42.29999923706055,808500,0.0,0.0
2023-07-24 00:00:00-04:00,42.29999923706055,42.880001068115234,41.650001525878906,42.13999938964844,547300,0.0,0.0
2023-07-25 00:00:00-04:00,42.95000076293945,43.45000076293945,42.040000915527344,42.22999954223633,396200,0.0,0.0
2023-07-26 00:00:00-04:00,41.5,42.400001525878906,41.119998931884766,42.040000915527344,744700,0.0,0.0
2023-07-27 00:00:00-04:00,42.36000061035156,42.56999969482422,41.0,41.119998931884766,725900,0.0,0.0
2023-07-28 00:00:00-04:00,41.31999969482422,42.40999984741211,40.06999969482422,42.25,868200,0.0,0.0
2023-07-31 00:00:00-04:00,41.88999938964844,43.150001525878906,41.88999938964844,42.45000076293945,693700,0.0,0.0
2023-08-01 00:00:00-04:00,41.84000015258789,42.099998474121094,40.939998626708984,41.04999923706055,710500,0.0,0.0
2023-08-02 00:00:00-04:00,40.0,40.0,37.900001525878906,38.52000045776367,1424300,0.0,0.0
2023-08-03 00:00:00-04:00,38.279998779296875,39.79999923706055,38.20000076293945,38.54999923706055,478800,0.0,0.0
2023-08-04 00:00:00-04:00,38.439998626708984,38.84000015258789,37.95000076293945,38.2400016784668,433400,0.0,0.0
2023-08-07 00:00:00-04:00,38.58000183105469,38.790000915527344,37.7599983215332,38.43000030517578,415200,0.0,0.0
2023-08-08 00:00:00-04:00,36.599998474121094,36.970001220703125,35.65999984741211,36.880001068115234,1358500,0.0,0.0
2023-08-09 00:00:00-04:00,37.099998474121094,38.25,36.869998931884766,37.90999984741211,456800,0.0,0.0
2023-08-10 00:00:00-04:00,37.5,38.0099983215332,37.290000915527344,37.41999816894531,534900,0.0,0.0
2023-08-11 00:00:00-04:00,36.400001525878906,36.900001525878906,35.63999938964844,35.93000030517578,1180300,0.0,0.0
2023-08-14 00:00:00-04:00,36.93000030517578,37.25,32.5,35.86000061035156,2384600,0.0,0.0
2023-08-15 00:00:00-04:00,34.79999923706055,35.470001220703125,34.45000076293945,34.56999969482422,857300,0.0,0.0
2023-08-16 00:00:00-04:00,34.52000045776367,35.09000015258789,33.9900016784668,33.9900016784668,554300,0.0,0.0
2023-08-17 00:00:00-04:00,34.75,34.81999969482422,33.029998779296875,33.380001068115234,800800,0.0,0.0
2023-08-18 00:00:00-04:00,32.9900016784668,34.97999954223633,32.720001220703125,33.779998779296875,1160500,0.0,0.0
2023-08-21 00:00:00-04:00,33.79999923706055,34.220001220703125,33.279998779296875,34.11000061035156,639700,0.0,0.0
2023-08-22 00:00:00-04:00,34.599998474121094,34.70000076293945,33.09000015258789,33.36000061035156,795900,0.0,0.0
2023-08-23 00:00:00-04:00,33.2400016784668,33.459999084472656,31.950000762939453,32.0099983215332,1458500,0.0,0.0
2023-08-24 00:00:00-04:00,33.0,33.0,30.100000381469727,30.639999389648438,1273900,0.0,0.0
2023-08-25 00:00:00-04:00,30.799999237060547,31.139999389648438,30.010000228881836,30.399999618530273,765700,0.0,0.0
2023-08-28 00:00:00-04:00,30.399999618530273,31.1299991607666,30.399999618530273,30.760000228881836,573200,0.0,0.0
2023-08-29 00:00:00-04:00,30.969999313354492,34.029998779296875,30.940000534057617,33.630001068115234,1023200,0.0,0.0
2023-08-30 00:00:00-04:00,33.5,33.880001068115234,32.93000030517578,33.349998474121094,442000,0.0,0.0
2023-08-31 00:00:00-04:00,34.0099983215332,34.0099983215332,33.16999816894531,33.529998779296875,487600,0.0,0.0
2023-09-01 00:00:00-04:00,34.0,34.810001373291016,33.779998779296875,34.439998626708984,915000,0.0,0.0
2023-09-05 00:00:00-04:00,33.56999969482422,34.4900016784668,33.0099983215332,33.29999923706055,851900,0.0,0.0
2023-09-06 00:00:00-04:00,33.29999923706055,33.93000030517578,31.899999618530273,32.18000030517578,877900,0.0,0.0
2023-09-07 00:00:00-04:00,31.1299991607666,31.190000534057617,29.520000457763672,29.81999969482422,1116200,0.0,0.0
2023-09-08 00:00:00-04:00,30.079999923706055,30.09000015258789,28.760000228881836,29.079999923706055,920200,0.0,0.0
2023-09-11 00:00:00-04:00,29.969999313354492,30.290000915527344,28.709999084472656,29.190000534057617,898100,0.0,0.0
2023-09-12 00:00:00-04:00,29.030000686645508,31.209999084472656,28.950000762939453,31.100000381469727,908000,0.0,0.0
2023-09-13 00:00:00-04:00,30.889999389648438,30.940000534057617,29.75,29.850000381469727,757800,0.0,0.0
2023-09-14 00:00:00-04:00,30.34000015258789,30.90999984741211,29.8700008392334,30.559999465942383,627200,0.0,0.0
2023-09-15 00:00:00-04:00,30.639999389648438,30.850000381469727,29.8799991607666,30.030000686645508,830500,0.0,0.0
2023-09-18 00:00:00-04:00,29.959999084472656,30.639999389648438,29.25,29.329999923706055,768900,0.0,0.0
2023-09-19 00:00:00-04:00,29.5,29.600000381469727,28.559999465942383,28.899999618530273,632300,0.0,0.0
2023-09-20 00:00:00-04:00,29.040000915527344,29.31999969482422,27.889999389648438,28.06999969482422,871300,0.0,0.0
2023-09-21 00:00:00-04:00,27.5,27.639999389648438,26.84000015258789,26.940000534057617,803100,0.0,0.0
2023-09-22 00:00:00-04:00,28.0,28.040000915527344,26.989999771118164,27.149999618530273,859500,0.0,0.0
2023-09-25 00:00:00-04:00,26.65999984741211,26.829999923706055,25.8700008392334,26.540000915527344,1048500,0.0,0.0
2023-09-26 00:00:00-04:00,26.549999237060547,29.270000457763672,26.299999237060547,27.90999984741211,2324400,0.0,0.0
2023-09-27 00:00:00-04:00,28.84000015258789,29.479999542236328,27.670000076293945,28.100000381469727,1259300,0.0,0.0
2023-09-28 00:00:00-04:00,27.940000534057617,29.649999618530273,27.5,29.299999237060547,1306200,0.0,0.0
2023-09-29 00:00:00-04:00,30.0,31.0,29.899999618530273,30.3700008392334,1304200,0.0,0.0
2023-10-02 00:00:00-04:00,30.34000015258789,30.8700008392334,28.18000030517578,28.639999389648438,1244700,0.0,0.0
2023-10-03 00:00:00-04:00,28.049999237060547,29.549999237060547,27.739999771118164,29.459999084472656,1040000,0.0,0.0
2023-10-04 00:00:00-04:00,29.149999618530273,29.610000610351562,28.020000457763672,28.170000076293945,784400,0.0,0.0
2023-10-05 00:00:00-04:00,28.31999969482422,28.420000076293945,26.68000030517578,27.25,532000,0.0,0.0
2023-10-06 00:00:00-04:00,27.190000534057617,28.649999618530273,27.06999969482422,28.479999542236328,512100,0.0,0.0
2023-10-09 00:00:00-04:00,27.920000076293945,28.549999237060547,27.43000030517578,28.549999237060547,534500,0.0,0.0
2023-10-10 00:00:00-04:00,28.700000762939453,31.68000030517578,28.700000762939453,31.079999923706055,1222400,0.0,0.0
2023-10-11 00:00:00-04:00,31.350000381469727,32.290000915527344,31.149999618530273,31.510000228881836,918800,0.0,0.0
2023-10-12 00:00:00-04:00,31.709999084472656,31.950000762939453,30.309999465942383,30.770000457763672,676500,0.0,0.0
2023-10-13 00:00:00-04:00,30.809999465942383,31.079999923706055,30.219999313354492,30.450000762939453,510400,0.0,0.0
2023-10-16 00:00:00-04:00,30.299999237060547,30.799999237060547,29.450000762939453,30.600000381469727,547500,0.0,0.0
2023-10-17 00:00:00-04:00,30.09000015258789,31.729999542236328,30.09000015258789,31.59000015258789,692900,0.0,0.0
2023-10-18 00:00:00-04:00,31.079999923706055,32.0,30.780000686645508,31.6200008392334,900300,0.0,0.0
2023-10-19 00:00:00-04:00,31.299999237060547,32.41999816894531,29.6299991607666,29.8700008392334,1251300,0.0,0.0
2023-10-20 00:00:00-04:00,28.850000381469727,28.989999771118164,27.479999542236328,27.489999771118164,1540200,0.0,0.0
2023-10-23 00:00:00-04:00,27.34000015258789,28.31999969482422,26.790000915527344,27.639999389648438,734600,0.0,0.0
2023-10-24 00:00:00-04:00,28.209999084472656,28.899999618530273,27.239999771118164,27.290000915527344,746800,0.0,0.0
2023-10-25 00:00:00-04:00,27.110000610351562,27.280000686645508,26.0,26.299999237060547,1032800,0.0,0.0
2023-10-26 00:00:00-04:00,26.670000076293945,26.860000610351562,25.84000015258789,26.31999969482422,656300,0.0,0.0
2023-10-27 00:00:00-04:00,26.56999969482422,26.690000534057617,25.149999618530273,25.889999389648438,1483800,0.0,0.0
2023-10-30 00:00:00-04:00,27.75,31.850000381469727,27.3700008392334,29.540000915527344,3664800,0.0,0.0
2023-10-31 00:00:00-04:00,29.889999389648438,32.95000076293945,29.889999389648438,32.59000015258789,1830400,0.0,0.0
2023-11-01 00:00:00-04:00,32.5,32.630001068115234,30.399999618530273,30.65999984741211,1592900,0.0,0.0
2023-11-02 00:00:00-04:00,31.0,32.27000045776367,30.709999084472656,31.959999084472656,1229300,0.0,0.0
2023-11-03 00:00:00-04:00,32.95000076293945,34.439998626708984,32.470001220703125,34.400001525878906,1565900,0.0,0.0
2023-11-06 00:00:00-05:00,34.70000076293945,35.189998626708984,33.86000061035156,34.15999984741211,1118800,0.0,0.0
2023-11-07 00:00:00-05:00,33.779998779296875,34.900001525878906,33.2400016784668,34.029998779296875,723200,0.0,0.0
2023-11-08 00:00:00-05:00,34.02000045776367,35.189998626708984,33.5099983215332,33.88999938964844,748300,0.0,0.0
2023-11-09 00:00:00-05:00,34.56999969482422,35.970001220703125,34.2400016784668,35.220001220703125,1187500,0.0,0.0
2023-11-10 00:00:00-05:00,35.90999984741211,36.540000915527344,34.400001525878906,36.119998931884766,1251700,0.0,0.0
2023-11-13 00:00:00-05:00,36.5,37.18000030517578,36.119998931884766,36.400001525878906,804200,0.0,0.0
2023-11-14 00:00:00-05:00,37.0,37.70000076293945,35.7400016784668,37.70000076293945,1715800,0.0,0.0
2023-11-15 00:00:00-05:00,38.20000076293945,38.650001525878906,36.77000045776367,37.54999923706055,1202100,0.0,0.0
2023-11-16 00:00:00-05:00,36.02000045776367,36.20000076293945,34.54999923706055,35.2400016784668,1508000,0.0,0.0
2023-11-17 00:00:00-05:00,36.41999816894531,36.5,33.40999984741211,34.369998931884766,1430400,0.0,0.0
2023-11-20 00:00:00-05:00,34.439998626708984,35.4900016784668,34.040000915527344,34.95000076293945,852900,0.0,0.0
2023-11-21 00:00:00-05:00,34.61000061035156,35.25,34.459999084472656,34.720001220703125,714900,0.0,0.0
2023-11-22 00:00:00-05:00,33.97999954223633,35.45000076293945,33.630001068115234,35.0099983215332,916100,0.0,0.0
2023-11-24 00:00:00-05:00,35.029998779296875,35.060001373291016,33.939998626708984,34.11000061035156,439900,0.0,0.0
2023-11-27 00:00:00-05:00,33.900001525878906,33.900001525878906,32.20000076293945,32.25,1061800,0.0,0.0
2023-11-28 00:00:00-05:00,31.969999313354492,31.969999313354492,30.75,31.329999923706055,911900,0.0,0.0
2023-11-29 00:00:00-05:00,31.260000228881836,33.2599983215332,31.09000015258789,32.41999816894531,1047600,0.0,0.0
2023-11-30 00:00:00-05:00,32.54999923706055,32.54999923706055,31.350000381469727,31.399999618530273,632800,0.0,0.0
2023-12-01 00:00:00-05:00,30.969999313354492,33.33000183105469,30.760000228881836,33.279998779296875,1121000,0.0,0.0
2023-12-04 00:00:00-05:00,33.04999923706055,34.34000015258789,32.79999923706055,33.220001220703125,1531500,0.0,0.0
2023-12-05 00:00:00-05:00,32.75,32.84000015258789,31.610000610351562,31.799999237060547,1234300,0.0,0.0
2023-12-06 00:00:00-05:00,32.25,33.040000915527344,31.84000015258789,31.940000534057617,585500,0.0,0.0
2023-12-07 00:00:00-05:00,32.040000915527344,32.90999984741211,31.959999084472656,32.369998931884766,586500,0.0,0.0
2023-12-08 00:00:00-05:00,32.38999938964844,33.34000015258789,31.549999237060547,32.13999938964844,650600,0.0,0.0
2023-12-11 00:00:00-05:00,31.709999084472656,32.900001525878906,30.899999618530273,32.29999923706055,812800,0.0,0.0
2023-12-12 00:00:00-05:00,32.150001525878906,32.27000045776367,29.93000030517578,30.989999771118164,983200,0.0,0.0
2023-12-13 00:00:00-05:00,30.600000381469727,32.20000076293945,29.829999923706055,32.15999984741211,976100,0.0,0.0
2023-12-14 00:00:00-05:00,33.08000183105469,34.15999984741211,32.5,33.29999923706055,1723600,0.0,0.0
2023-12-15 00:00:00-05:00,33.36000061035156,34.119998931884766,32.97999954223633,34.06999969482422,1095000,0.0,0.0
2023-12-18 00:00:00-05:00,33.77000045776367,34.130001068115234,32.7599983215332,33.5,861100,0.0,0.0
2023-12-19 00:00:00-05:00,33.75,34.630001068115234,33.25,33.88999938964844,949700,0.0,0.0
2023-12-20 00:00:00-05:00,34.11000061035156,34.130001068115234,32.369998931884766,32.369998931884766,798200,0.0,0.0
2023-12-21 00:00:00-05:00,33.20000076293945,35.22999954223633,33.029998779296875,35.189998626708984,1029900,0.0,0.0
2023-12-22 00:00:00-05:00,34.68000030517578,35.22999954223633,34.2400016784668,35.0,1005300,0.0,0.0
2023-12-26 00:00:00-05:00,35.2400016784668,35.84000015258789,35.0,35.68000030517578,342900,0.0,0.0
2023-12-27 00:00:00-05:00,35.900001525878906,36.040000915527344,35.2400016784668,35.54999923706055,476300,0.0,0.0
2023-12-28 00:00:00-05:00,36.54999923706055,38.369998931884766,36.400001525878906,37.41999816894531,1996600,0.0,0.0
2023-12-29 00:00:00-05:00,37.369998931884766,37.369998931884766,36.630001068115234,36.939998626708984,474600,0.0,0.0
2024-01-02 00:00:00-05:00,36.04999923706055,36.2599983215332,34.75,34.97999954223633,1375900,0.0,0.0
2024-01-03 00:00:00-05:00,34.22999954223633,34.619998931884766,33.099998474121094,33.88999938964844,1386500,0.0,0.0
2024-01-04 00:00:00-05:00,34.15999984741211,34.310001373291016,32.91999816894531,33.099998474121094,742600,0.0,0.0
2024-01-05 00:00:00-05:00,33.04999923706055,33.38999938964844,32.380001068115234,32.720001220703125,756600,0.0,0.0
2024-01-08 00:00:00-05:00,32.5,32.779998779296875,31.649999618530273,31.809999465942383,825400,0.0,0.0
2024-01-09 00:00:00-05:00,31.18000030517578,31.399999618530273,30.479999542236328,31.079999923706055,1032900,0.0,0.0
2024-01-10 00:00:00-05:00,30.93000030517578,31.1200008392334,29.719999313354492,30.520000457763672,1517900,0.0,0.0
2024-01-11 00:00:00-05:00,30.8799991607666,31.860000610351562,29.719999313354492,31.260000228881836,989900,0.0,0.0
2024-01-12 00:00:00-05:00,31.350000381469727,31.690000534057617,30.139999389648438,30.389999389648438,707000,0.0,0.0
2024-01-16 00:00:00-05:00,29.889999389648438,31.1299991607666,29.610000610351562,29.729999542236328,973900,0.0,0.0
2024-01-17 00:00:00-05:00,28.5,28.700000762939453,27.799999237060547,28.149999618530273,1239800,0.0,0.0
2024-01-18 00:00:00-05:00,29.110000610351562,29.399999618530273,28.34000015258789,28.56999969482422,680500,0.0,0.0
2024-01-19 00:00:00-05:00,28.299999237060547,28.309999465942383,27.190000534057617,27.6200008392334,990100,0.0,0.0
2024-01-22 00:00:00-05:00,27.25,29.200000762939453,27.010000228881836,28.5,935300,0.0,0.0
2024-01-23 00:00:00-05:00,30.0,31.170000076293945,29.81999969482422,30.280000686645508,1224000,0.0,0.0
2024-01-24 00:00:00-05:00,31.059999465942383,31.299999237060547,29.950000762939453,30.309999465942383,974400,0.0,0.0
2024-01-25 00:00:00-05:00,30.18000030517578,30.56999969482422,28.719999313354492,29.100000381469727,938100,0.0,0.0
2024-01-26 00:00:00-05:00,29.0,29.200000762939453,27.739999771118164,27.8799991607666,902900,0.0,0.0
2024-01-29 00:00:00-05:00,27.100000381469727,28.049999237060547,26.68000030517578,27.850000381469727,1309100,0.0,0.0
2024-01-30 00:00:00-05:00,27.34000015258789,27.75,26.799999237060547,26.950000762939453,822600,0.0,0.0
2024-01-31 00:00:00-05:00,26.799999237060547,27.450000762939453,26.229999542236328,26.229999542236328,742100,0.0,0.0
2024-02-01 00:00:00-05:00,26.6299991607666,27.649999618530273,26.540000915527344,27.020000457763672,820100,0.0,0.0
2024-02-02 00:00:00-05:00,26.350000381469727,27.200000762939453,25.940000534057617,26.1200008392334,954800,0.0,0.0
2024-02-05 00:00:00-05:00,25.020000457763672,25.020000457763672,23.1200008392334,23.790000915527344,2306000,0.0,0.0
2024-02-06 00:00:00-05:00,24.979999542236328,25.18000030517578,24.110000610351562,24.940000534057617,1238200,0.0,0.0
2024-02-07 00:00:00-05:00,25.5,26.649999618530273,25.350000381469727,26.309999465942383,1369000,0.0,0.0
2024-02-08 00:00:00-05:00,26.040000915527344,26.1299991607666,25.290000915527344,25.399999618530273,854100,0.0,0.0
2024-02-09 00:00:00-05:00,25.5,26.34000015258789,25.260000228881836,26.190000534057617,614600,0.0,0.0
2024-02-12 00:00:00-05:00,26.360000610351562,27.799999237060547,26.360000610351562,27.309999465942383,785500,0.0,0.0
2024-02-13 00:00:00-05:00,25.950000762939453,26.860000610351562,25.780000686645508,25.860000610351562,981400,0.0,0.0
2024-02-14 00:00:00-05:00,26.469999313354492,27.31999969482422,26.1200008392334,27.280000686645508,1444400,0.0,0.0
2024-02-15 00:00:00-05:00,27.450000762939453,28.010000228881836,26.8799991607666,27.170000076293945,416200,0.0,0.0
2024-02-16 00:00:00-05:00,26.899999618530273,27.43000030517578,26.260000228881836,26.34000015258789,577600,0.0,0.0
2024-02-20 00:00:00-05:00,26.100000381469727,26.100000381469727,25.34000015258789,25.950000762939453,483700,0.0,0.0
2024-02-21 00:00:00-05:00,25.510000228881836,25.780000686645508,25.079999923706055,25.549999237060547,601600,0.0,0.0
2024-02-22 00:00:00-05:00,25.8700008392334,26.459999084472656,25.309999465942383,26.190000534057617,726100,0.0,0.0
2024-02-23 00:00:00-05:00,26.190000534057617,26.5,25.420000076293945,26.09000015258789,482600,0.0,0.0
2024-02-26 00:00:00-05:00,25.979999542236328,26.469999313354492,25.739999771118164,26.18000030517578,357500,0.0,0.0
2024-02-27 00:00:00-05:00,27.059999465942383,27.739999771118164,26.719999313354492,27.309999465942383,501300,0.0,0.0
2024-02-28 00:00:00-05:00,27.59000015258789,27.969999313354492,26.350000381469727,26.540000915527344,761600,0.0,0.0
2024-02-29 00:00:00-05:00,27.360000610351562,27.969999313354492,26.770000457763672,27.040000915527344,751000,0.0,0.0
2024-03-01 00:00:00-05:00,27.389999389648438,27.799999237060547,26.739999771118164,27.270000457763672,652900,0.0,0.0
2024-03-04 00:00:00-05:00,27.270000457763672,27.270000457763672,26.299999237060547,26.5,633200,0.0,0.0
2024-03-05 00:00:00-05:00,26.0,26.93000030517578,25.700000762939453,26.459999084472656,746400,0.0,0.0
2024-03-06 00:00:00-05:00,27.25,27.59000015258789,26.81999969482422,27.530000686645508,401900,0.0,0.0
2024-03-07 00:00:00-05:00,27.59000015258789,27.799999237060547,26.959999084472656,27.790000915527344,469700,0.0,0.0
2024-03-08 00:00:00-05:00,28.0,28.81999969482422,27.540000915527344,28.18000030517578,857000,0.0,0.0
2024-03-11 00:00:00-04:00,28.700000762939453,30.200000762939453,28.540000915527344,29.170000076293945,1165000,0.0,0.0
2024-03-12 00:00:00-04:00,29.549999237060547,29.56999969482422,28.3799991607666,28.489999771118164,852700,0.0,0.0
2024-03-13 00:00:00-04:00,28.780000686645508,29.09000015258789,27.65999984741211,27.670000076293945,733400,0.0,0.0
2024-03-14 00:00:00-04:00,27.469999313354492,27.5,25.860000610351562,26.0,1354600,0.0,0.0
2024-03-15 00:00:00-04:00,26.1200008392334,26.8799991607666,26.0,26.3700008392334,1403000,0.0,0.0
2024-03-18 00:00:00-04:00,26.75,27.100000381469727,25.950000762939453,26.459999084472656,612300,0.0,0.0
2024-03-19 00:00:00-04:00,26.049999237060547,26.84000015258789,26.0,26.450000762939453,782000,0.0,0.0
2024-03-20 00:00:00-04:00,24.200000762939453,24.989999771118164,23.040000915527344,24.899999618530273,2290000,0.0,0.0
2024-03-21 00:00:00-04:00,24.450000762939453,24.8700008392334,23.579999923706055,23.65999984741211,1135600,0.0,0.0
2024-03-22 00:00:00-04:00,23.530000686645508,23.530000686645508,22.420000076293945,22.43000030517578,1727000,0.0,0.0
2024-03-25 00:00:00-04:00,22.360000610351562,22.90999984741211,22.059999465942383,22.170000076293945,1135200,0.0,0.0
2024-03-26 00:00:00-04:00,22.420000076293945,23.040000915527344,22.3700008392334,22.510000228881836,925600,0.0,0.0
2024-03-27 00:00:00-04:00,22.510000228881836,24.84000015258789,22.510000228881836,24.739999771118164,1174600,0.0,0.0
2024-03-28 00:00:00-04:00,24.729999542236328,25.229999542236328,24.520000457763672,25.190000534057617,854900,0.0,0.0
2024-04-01 00:00:00-04:00,25.729999542236328,25.8799991607666,24.93000030517578,25.200000762939453,351200,0.0,0.0
2024-04-02 00:00:00-04:00,24.68000030517578,24.68000030517578,23.6200008392334,23.90999984741211,650700,0.0,0.0
2024-04-03 00:00:00-04:00,23.489999771118164,24.5,23.450000762939453,24.34000015258789,620600,0.0,0.0
2024-04-04 00:00:00-04:00,24.600000381469727,25.1299991607666,23.700000762939453,23.829999923706055,664600,0.0,0.0
2024-04-05 00:00:00-04:00,23.549999237060547,23.729999542236328,23.100000381469727,23.270000457763672,738400,0.0,0.0
2024-04-08 00:00:00-04:00,23.469999313354492,24.290000915527344,23.360000610351562,23.68000030517578,552900,0.0,0.0
2024-04-09 00:00:00-04:00,23.950000762939453,25.600000381469727,23.770000457763672,25.600000381469727,943900,0.0,0.0
2024-04-10 00:00:00-04:00,24.75,25.329999923706055,24.290000915527344,25.31999969482422,1721200,0.0,0.0
2024-04-11 00:00:00-04:00,25.299999237060547,25.299999237060547,23.959999084472656,23.969999313354492,1337800,0.0,0.0
2024-04-12 00:00:00-04:00,23.809999465942383,24.190000534057617,23.020000457763672,23.020000457763672,730600,0.0,0.0
2024-04-15 00:00:00-04:00,23.149999618530273,23.450000762939453,22.610000610351562,22.760000228881836,719800,0.0,0.0
2024-04-16 00:00:00-04:00,22.510000228881836,22.979999542236328,22.06999969482422,22.510000228881836,842600,0.0,0.0
2024-04-17 00:00:00-04:00,22.690000534057617,23.450000762939453,21.25,21.690000534057617,1287000,0.0,0.0
2024-04-18 00:00:00-04:00,22.0,22.049999237060547,21.059999465942383,21.65999984741211,971400,0.0,0.0
2024-04-19 00:00:00-04:00,21.549999237060547,22.030000686645508,21.420000076293945,21.559999465942383,663500,0.0,0.0
2024-04-22 00:00:00-04:00,21.610000610351562,22.1200008392334,21.40999984741211,21.81999969482422,934300,0.0,0.0
2024-04-23 00:00:00-04:00,21.799999237060547,23.420000076293945,21.760000228881836,22.8799991607666,764900,0.0,0.0
2024-04-24 00:00:00-04:00,23.049999237060547,23.31999969482422,22.600000381469727,23.170000076293945,958300,0.0,0.0
2024-04-25 00:00:00-04:00,22.90999984741211,23.149999618530273,22.6299991607666,23.09000015258789,786300,0.0,0.0
2024-04-26 00:00:00-04:00,23.209999084472656,24.479999542236328,23.18000030517578,24.139999389648438,989700,0.0,0.0
2024-04-29 00:00:00-04:00,25.329999923706055,25.520000457763672,23.59000015258789,24.75,1292800,0.0,0.0
2024-04-30 00:00:00-04:00,24.170000076293945,24.34000015258789,23.610000610351562,24.1200008392334,791800,0.0,0.0
2024-05-01 00:00:00-04:00,24.200000762939453,25.559999465942383,24.040000915527344,25.1200008392334,564100,0.0,0.0
2024-05-02 00:00:00-04:00,25.510000228881836,25.68000030517578,24.6200008392334,25.530000686645508,651300,0.0,0.0
2024-05-03 00:00:00-04:00,25.969999313354492,26.40999984741211,25.670000076293945,26.18000030517578,588200,0.0,0.0
2024-05-06 00:00:00-04:00,26.18000030517578,26.479999542236328,25.350000381469727,25.709999084472656,676200,0.0,0.0
2024-05-07 00:00:00-04:00,25.709999084472656,26.280000686645508,25.440000534057617,26.030000686645508,383400,0.0,0.0
2024-05-08 00:00:00-04:00,25.43000030517578,25.579999923706055,24.969999313354492,25.40999984741211,455400,0.0,0.0
2024-05-09 00:00:00-04:00,25.459999084472656,26.110000610351562,25.079999923706055,26.110000610351562,629300,0.0,0.0
2024-05-10 00:00:00-04:00,26.139999389648438,26.149999618530273,23.719999313354492,23.729999542236328,817100,0.0,0.0
2024-05-13 00:00:00-04:00,24.110000610351562,25.829999923706055,24.020000457763672,24.75,710600,0.0,0.0
2024-05-14 00:00:00-04:00,25.200000762939453,26.59000015258789,24.8700008392334,26.520000457763672,975100,0.0,0.0
2024-05-15 00:00:00-04:00,26.790000915527344,26.799999237060547,25.350000381469727,25.729999542236328,716400,0.0,0.0
2024-05-16 00:00:00-04:00,25.719999313354492,25.899999618530273,24.709999084472656,24.790000915527344,1553700,0.0,0.0
2024-05-17 00:00:00-04:00,24.709999084472656,25.020000457763672,24.219999313354492,24.469999313354492,552500,0.0,0.0
2024-05-20 00:00:00-04:00,24.389999389648438,24.440000534057617,23.90999984741211,23.989999771118164,502400,0.0,0.0
2024-05-21 00:00:00-04:00,23.860000610351562,24.450000762939453,23.739999771118164,24.399999618530273,583100,0.0,0.0
2024-05-22 00:00:00-04:00,25.31999969482422,28.799999237060547,25.31999969482422,28.549999237060547,2825600,0.0,0.0
2024-05-23 00:00:00-04:00,27.5,27.5,26.170000076293945,26.549999237060547,1041300,0.0,0.0
2024-05-24 00:00:00-04:00,26.81999969482422,28.0,26.600000381469727,27.809999465942383,786400,0.0,0.0
2024-05-28 00:00:00-04:00,27.59000015258789,28.809999465942383,27.010000228881836,28.43000030517578,803800,0.0,0.0
2024-05-29 00:00:00-04:00,28.219999313354492,30.389999389648438,28.139999389648438,29.610000610351562,1227200,0.0,0.0
2024-05-30 00:00:00-04:00,28.8799991607666,29.989999771118164,27.8799991607666,29.780000686645508,1351800,0.0,0.0
2024-05-31 00:00:00-04:00,29.90999984741211,30.149999618530273,28.56999969482422,29.739999771118164,915600,0.0,0.0
2024-06-03 00:00:00-04:00,30.280000686645508,30.770000457763672,28.260000228881836,28.290000915527344,730300,0.0,0.0
2024-06-04 00:00:00-04:00,28.309999465942383,28.309999465942383,27.25,27.389999389648438,1038900,0.0,0.0
2024-06-05 00:00:00-04:00,27.6200008392334,27.799999237060547,27.110000610351562,27.440000534057617,355800,0.0,0.0
2024-06-06 00:00:00-04:00,27.190000534057617,27.190000534057617,26.34000015258789,26.34000015258789,522600,0.0,0.0
2024-06-07 00:00:00-04:00,25.969999313354492,26.459999084472656,25.190000534057617,25.260000228881836,519700,0.0,0.0
2024-06-10 00:00:00-04:00,25.440000534057617,25.549999237060547,24.850000381469727,25.329999923706055,551600,0.0,0.0
2024-06-11 00:00:00-04:00,25.110000610351562,25.670000076293945,24.93000030517578,25.459999084472656,604300,0.0,0.0
2024-06-12 00:00:00-04:00,26.43000030517578,26.81999969482422,25.290000915527344,25.479999542236328,502700,0.0,0.0
2024-06-13 00:00:00-04:00,25.34000015258789,25.489999771118164,24.399999618530273,24.510000228881836,438400,0.0,0.0
2024-06-14 00:00:00-04:00,24.200000762939453,24.200000762939453,23.459999084472656,23.610000610351562,777400,0.0,0.0
2024-06-17 00:00:00-04:00,23.760000228881836,23.969999313354492,23.31999969482422,23.739999771118164,684300,0.0,0.0
2024-06-18 00:00:00-04:00,23.56999969482422,24.25,23.469999313354492,23.959999084472656,462600,0.0,0.0
2024-06-20 00:00:00-04:00,23.59000015258789,23.68000030517578,21.3799991607666,21.809999465942383,1835100,0.0,0.0
2024-06-21 00:00:00-04:00,21.790000915527344,23.149999618530273,21.690000534057617,23.010000228881836,1582000,0.0,0.0
2024-06-24 00:00:00-04:00,22.959999084472656,23.25,21.809999465942383,21.829999923706055,826900,0.0,0.0
2024-06-25 00:00:00-04:00,21.81999969482422,21.84000015258789,20.030000686645508,20.139999389648438,1832400,0.0,0.0
2024-06-26 00:00:00-04:00,20.18000030517578,21.079999923706055,19.93000030517578,21.030000686645508,898500,0.0,0.0
2024-06-27 00:00:00-04:00,20.780000686645508,21.559999465942383,20.559999465942383,21.469999313354492,645300,0.0,0.0
2024-06-28 00:00:00-04:00,21.010000228881836,21.399999618530273,20.360000610351562,20.719999313354492,882800,0.0,0.0
2024-07-01 00:00:00-04:00,20.68000030517578,20.93000030517578,20.3700008392334,20.56999969482422,741700,0.0,0.0
2024-07-02 00:00:00-04:00,20.350000381469727,21.56999969482422,20.350000381469727,21.030000686645508,621000,0.0,0.0
2024-07-03 00:00:00-04:00,21.389999389648438,22.719999313354492,21.25,22.200000762939453,597200,0.0,0.0
2024-07-05 00:00:00-04:00,21.979999542236328,22.170000076293945,21.600000381469727,21.75,522500,0.0,0.0
2024-07-08 00:00:00-04:00,21.969999313354492,22.139999389648438,21.020000457763672,21.1200008392334,873000,0.0,0.0
2024-07-09 00:00:00-04:00,21.290000915527344,21.959999084472656,20.75,21.670000076293945,729800,0.0,0.0
2024-07-10 00:00:00-04:00,21.75,22.479999542236328,21.75,22.040000915527344,639200,0.0,0.0
2024-07-11 00:00:00-04:00,22.8799991607666,23.260000228881836,22.6299991607666,22.899999618530273,764200,0.0,0.0
2024-07-12 00:00:00-04:00,23.190000534057617,23.459999084472656,22.739999771118164,23.209999084472656,572000,0.0,0.0
2024-07-15 00:00:00-04:00,22.06999969482422,22.579999923706055,21.600000381469727,21.6299991607666,1023000,0.0,0.0
2024-07-16 00:00:00-04:00,22.100000381469727,23.239999771118164,21.690000534057617,23.209999084472656,1605600,0.0,0.0
2024-07-17 00:00:00-04:00,22.59000015258789,22.889999389648438,21.34000015258789,21.729999542236328,850300,0.0,0.0
2024-07-18 00:00:00-04:00,21.8799991607666,22.6299991607666,21.34000015258789,21.360000610351562,735600,0.0,0.0
2024-07-19 00:00:00-04:00,21.469999313354492,21.469999313354492,20.790000915527344,20.940000534057617,554000,0.0,0.0
2024-07-22 00:00:00-04:00,21.56999969482422,21.75,21.1299991607666,21.540000915527344,572200,0.0,0.0
2024-07-23 00:00:00-04:00,21.200000762939453,21.299999237060547,20.700000762939453,20.729999542236328,455300,0.0,0.0
2024-07-24 00:00:00-04:00,20.799999237060547,21.280000686645508,20.40999984741211,20.43000030517578,562000,0.0,0.0
2024-07-25 00:00:00-04:00,20.469999313354492,20.93000030517578,20.260000228881836,20.34000015258789,675900,0.0,0.0
2024-07-26 00:00:00-04:00,20.889999389648438,21.479999542236328,20.709999084472656,21.479999542236328,679900,0.0,0.0
