Date,Open,High,Low,Close,Volume,Dividends,Stock Splits
1980-03-19 00:00:00-05:00,0.0,0.7213855824868965,0.6679496169090271,0.6679496169090271,3704,0.0,0.0
1980-03-20 00:00:00-05:00,0.6679496169090271,0.6679496169090271,0.6679496169090271,0.6679496169090271,0,0.0,0.0
1980-03-21 00:00:00-05:00,0.6679496169090271,0.6679496169090271,0.6679496169090271,0.6679496169090271,0,0.0,0.0
1980-03-24 00:00:00-05:00,0.0,0.7213855824868965,0.6679496169090271,0.6679496169090271,21481,0.0,0.0
1980-03-25 00:00:00-05:00,0.6679496169090271,0.6679496169090271,0.6679496169090271,0.6679496169090271,0,0.0,0.0
1980-03-26 00:00:00-05:00,0.6679496169090271,0.6679496169090271,0.6679496169090271,0.6679496169090271,0,0.0,0.0
1980-03-27 00:00:00-05:00,0.0,0.6946669131932497,0.6412310004234314,0.6412310004234314,1481,0.0,0.0
1980-03-28 00:00:00-05:00,0.6412310004234314,0.6412310004234314,0.6412310004234314,0.6412310004234314,0,0.0,0.0
1980-03-31 00:00:00-05:00,0.0,0.681308078796243,0.627872109413147,0.627872109413147,1481,0.0,0.0
1980-04-01 00:00:00-05:00,0.627872109413147,0.627872109413147,0.627872109413147,0.627872109413147,0,0.0,0.0
1980-04-02 00:00:00-05:00,0.627872109413147,0.627872109413147,0.627872109413147,0.627872109413147,0,0.0,0.0
1980-04-03 00:00:00-05:00,0.627872109413147,0.627872109413147,0.627872109413147,0.627872109413147,0,0.0,0.0
1980-04-07 00:00:00-05:00,0.0,0.547718260605131,0.49428233504295344,0.4942823350429535,12593,0.0,0.0
1980-04-08 00:00:00-05:00,0.49428233504295344,0.49428233504295344,0.49428233504295344,0.4942823350429535,0,0.0,0.0
1980-04-09 00:00:00-05:00,0.49428233504295344,0.49428233504295344,0.49428233504295344,0.4942823350429535,0,0.0,0.0
1980-04-10 00:00:00-05:00,0.49428233504295344,0.49428233504295344,0.49428233504295344,0.4942823350429535,0,0.0,0.0
1980-04-11 00:00:00-05:00,0.49428233504295344,0.49428233504295344,0.49428233504295344,0.4942823350429535,0,0.0,0.0
1980-04-14 00:00:00-05:00,0.49428233504295344,0.49428233504295344,0.49428233504295344,0.4942823350429535,0,0.0,0.0
1980-04-15 00:00:00-05:00,0.49428233504295344,0.49428233504295344,0.49428233504295344,0.4942823350429535,0,0.0,0.0
1980-04-16 00:00:00-05:00,0.49428233504295344,0.49428233504295344,0.49428233504295344,0.4942823350429535,0,0.0,0.0
1980-04-17 00:00:00-05:00,0.49428233504295344,0.49428233504295344,0.49428233504295344,0.4942823350429535,0,0.0,0.0
1980-04-18 00:00:00-05:00,0.49428233504295344,0.49428233504295344,0.49428233504295344,0.4942823350429535,0,0.0,0.0
1980-04-21 00:00:00-05:00,0.49428233504295344,0.49428233504295344,0.49428233504295344,0.4942823350429535,0,0.0,0.0
1980-04-22 00:00:00-05:00,0.49428233504295344,0.49428233504295344,0.49428233504295344,0.4942823350429535,0,0.0,0.0
1980-04-23 00:00:00-05:00,0.49428233504295344,0.49428233504295344,0.49428233504295344,0.4942823350429535,0,0.0,0.0
1980-04-24 00:00:00-05:00,0.49428233504295344,0.49428233504295344,0.49428233504295344,0.4942823350429535,0,0.0,0.0
1980-04-25 00:00:00-05:00,0.49428233504295344,0.49428233504295344,0.49428233504295344,0.4942823350429535,0,0.0,0.0
1980-04-28 00:00:00-04:00,0.49428233504295344,0.49428233504295344,0.49428233504295344,0.4942823350429535,0,0.0,0.0
1980-04-29 00:00:00-04:00,0.49428233504295344,0.49428233504295344,0.49428233504295344,0.4942823350429535,0,0.0,0.0
1980-04-30 00:00:00-04:00,0.49428233504295344,0.49428233504295344,0.49428233504295344,0.4942823350429535,0,0.0,0.0
1980-05-01 00:00:00-04:00,0.0,0.5610775019517463,0.5076415538787842,0.5076415538787842,7407,0.0,0.0
1980-05-02 00:00:00-04:00,0.5076415538787842,0.5076415538787842,0.5076415538787842,0.5076415538787842,0,0.0,0.0
1980-05-05 00:00:00-04:00,0.5076415538787842,0.5076415538787842,0.5076415538787842,0.5076415538787842,0,0.0,0.0
1980-05-06 00:00:00-04:00,0.0,0.5610775019517463,0.5076415538787842,0.5076415538787842,7407,0.0,0.0
1980-05-07 00:00:00-04:00,0.0,0.5610775019517463,0.5076415538787842,0.5076415538787842,6667,0.0,0.0
1980-05-08 00:00:00-04:00,0.5076415538787842,0.5076415538787842,0.5076415538787842,0.5076415538787842,0,0.0,0.0
1980-05-09 00:00:00-04:00,0.5076415538787842,0.5076415538787842,0.5076415538787842,0.5076415538787842,0,0.0,0.0
1980-05-12 00:00:00-04:00,0.5076415538787842,0.5076415538787842,0.5076415538787842,0.5076415538787842,0,0.0,0.0
1980-05-13 00:00:00-04:00,0.5076415538787842,0.5076415538787842,0.5076415538787842,0.5076415538787842,0,0.0,0.0
1980-05-14 00:00:00-04:00,0.5076415538787842,0.5076415538787842,0.5076415538787842,0.5076415538787842,0,0.0,0.0
1980-05-15 00:00:00-04:00,0.0,0.5744363855348378,0.5210004448890686,0.5210004448890686,7407,0.0,0.0
1980-05-16 00:00:00-04:00,0.5210004448890686,0.5210004448890686,0.5210004448890686,0.5210004448890686,0,0.0,0.0
1980-05-19 00:00:00-04:00,0.5210004448890686,0.5210004448890686,0.5210004448890686,0.5210004448890686,0,0.0,0.0
1980-05-20 00:00:00-04:00,0.5210004448890686,0.5210004448890686,0.5210004448890686,0.5210004448890686,0,0.0,0.0
1980-05-21 00:00:00-04:00,0.5210004448890686,0.5210004448890686,0.5210004448890686,0.5210004448890686,0,0.0,0.0
1980-05-22 00:00:00-04:00,0.5210004448890686,0.5210004448890686,0.5210004448890686,0.5210004448890686,0,0.0,0.0
1980-05-23 00:00:00-04:00,0.0,0.5744363855348378,0.5210004448890686,0.5210004448890686,2963,0.0,0.0
1980-05-27 00:00:00-04:00,0.5210004448890686,0.5210004448890686,0.5210004448890686,0.5210004448890686,0,0.0,0.0
1980-05-28 00:00:00-04:00,0.5210004448890686,0.5210004448890686,0.5210004448890686,0.5210004448890686,0,0.0,0.0
1980-05-29 00:00:00-04:00,0.0,0.5610775019517463,0.5076415538787842,0.5076415538787842,8889,0.0,0.0
1980-05-30 00:00:00-04:00,0.5076415538787842,0.5076415538787842,0.5076415538787842,0.5076415538787842,0,0.0,0.0
1980-06-02 00:00:00-04:00,0.5076415538787842,0.5076415538787842,0.5076415538787842,0.5076415538787842,0,0.0,0.0
1980-06-03 00:00:00-04:00,0.0,0.5610775019517463,0.5076415538787842,0.5076415538787842,741,0.0,0.0
1980-06-04 00:00:00-04:00,0.0,0.5610775019517463,0.5076415538787842,0.5076415538787842,741,0.0,0.0
1980-06-05 00:00:00-04:00,0.5076415538787842,0.5076415538787842,0.5076415538787842,0.5076415538787842,0,0.0,0.0
1980-06-06 00:00:00-04:00,0.5076415538787842,0.5076415538787842,0.5076415538787842,0.5076415538787842,0,0.0,0.0
1980-06-09 00:00:00-04:00,0.5076415538787842,0.5076415538787842,0.5076415538787842,0.5076415538787842,0,0.0,0.0
1980-06-10 00:00:00-04:00,0.5076415538787842,0.5076415538787842,0.5076415538787842,0.5076415538787842,0,0.0,0.0
1980-06-11 00:00:00-04:00,0.5076415538787842,0.5076415538787842,0.5076415538787842,0.5076415538787842,0,0.0,0.0
1980-06-12 00:00:00-04:00,0.0,0.5343595094704382,0.4809235632419586,0.4809235632419586,741,0.0,0.0
1980-06-13 00:00:00-04:00,0.0,0.5343595094704382,0.4809235632419586,0.4809235632419586,6667,0.0,0.0
1980-06-16 00:00:00-04:00,0.0,0.5343595094704382,0.4809235632419586,0.4809235632419586,3704,0.0,0.0
1980-06-17 00:00:00-04:00,0.0,0.5343595094704382,0.4809235632419586,0.4809235632419586,1481,0.0,0.0
1980-06-18 00:00:00-04:00,0.4809235632419586,0.4809235632419586,0.4809235632419586,0.4809235632419586,0,0.0,0.0
1980-06-19 00:00:00-04:00,0.4809235632419586,0.4809235632419586,0.4809235632419586,0.4809235632419586,0,0.0,0.0
1980-06-20 00:00:00-04:00,0.4809235632419586,0.4809235632419586,0.4809235632419586,0.4809235632419586,0,0.0,0.0
1980-06-23 00:00:00-04:00,0.4809235632419586,0.4809235632419586,0.4809235632419586,0.4809235632419586,0,0.0,0.0
1980-06-24 00:00:00-04:00,0.0,0.5343595094704382,0.4809235632419586,0.4809235632419586,3704,0.0,0.0
1980-06-25 00:00:00-04:00,0.4809235632419586,0.4809235632419586,0.4809235632419586,0.4809235632419586,0,0.0,0.0
1980-06-26 00:00:00-04:00,0.4809235632419586,0.4809235632419586,0.4809235632419586,0.4809235632419586,0,0.0,0.0
1980-06-27 00:00:00-04:00,0.4809235632419586,0.4809235632419586,0.4809235632419586,0.4809235632419586,0,0.0,0.0
1980-06-30 00:00:00-04:00,0.4809235632419586,0.4809235632419586,0.4809235632419586,0.4809235632419586,0,0.0,0.0
1980-07-01 00:00:00-04:00,0.0,0.5343595094704382,0.4809235632419586,0.4809235632419586,741,0.0,0.0
1980-07-02 00:00:00-04:00,0.0,0.547718260605131,0.49428233504295344,0.4942823350429535,1481,0.0,0.0
1980-07-03 00:00:00-04:00,0.49428233504295344,0.49428233504295344,0.49428233504295344,0.4942823350429535,0,0.0,0.0
1980-07-07 00:00:00-04:00,0.49428233504295344,0.49428233504295344,0.49428233504295344,0.4942823350429535,0,0.0,0.0
1980-07-08 00:00:00-04:00,0.0,0.547718260605131,0.49428233504295344,0.4942823350429535,1481,0.0,0.0
1980-07-09 00:00:00-04:00,0.49428233504295344,0.49428233504295344,0.49428233504295344,0.4942823350429535,0,0.0,0.0
1980-07-10 00:00:00-04:00,0.0,0.547718260605131,0.49428233504295344,0.4942823350429535,2222,0.0,0.0
1980-07-11 00:00:00-04:00,0.0,0.5477184913406842,0.5076415538787842,0.5076415538787842,1481,0.0,0.0
1980-07-14 00:00:00-04:00,0.5076415538787842,0.5076415538787842,0.5076415538787842,0.5076415538787842,0,0.0,0.0
1980-07-15 00:00:00-04:00,0.5076415538787842,0.5076415538787842,0.5076415538787842,0.5076415538787842,0,0.0,0.0
1980-07-16 00:00:00-04:00,0.5076415538787842,0.5076415538787842,0.5076415538787842,0.5076415538787842,0,0.0,0.0
1980-07-17 00:00:00-04:00,0.5076415538787842,0.5076415538787842,0.5076415538787842,0.5076415538787842,0,0.0,0.0
1980-07-18 00:00:00-04:00,0.5076415538787842,0.5076415538787842,0.5076415538787842,0.5076415538787842,0,0.0,0.0
1980-07-21 00:00:00-04:00,0.5076415538787842,0.5076415538787842,0.5076415538787842,0.5076415538787842,0,0.0,0.0
1980-07-22 00:00:00-04:00,0.5076415538787842,0.5076415538787842,0.5076415538787842,0.5076415538787842,0,0.0,0.0
1980-07-23 00:00:00-04:00,0.5076415538787842,0.5076415538787842,0.5076415538787842,0.5076415538787842,0,0.0,0.0
1980-07-24 00:00:00-04:00,0.5076415538787842,0.5076415538787842,0.5076415538787842,0.5076415538787842,0,0.0,0.0
1980-07-25 00:00:00-04:00,0.5076415538787842,0.5076415538787842,0.5076415538787842,0.5076415538787842,0,0.0,0.0
1980-07-28 00:00:00-04:00,0.5076415538787842,0.5076415538787842,0.5076415538787842,0.5076415538787842,0,0.0,0.0
1980-07-29 00:00:00-04:00,0.0,0.5877952647707256,0.534359335899353,0.534359335899353,1481,0.0,0.0
1980-07-30 00:00:00-04:00,0.534359335899353,0.534359335899353,0.534359335899353,0.534359335899353,0,0.0,0.0
1980-07-31 00:00:00-04:00,0.0,0.6011544108633772,0.5477184653282166,0.5477184653282166,14815,0.0,0.0
1980-08-01 00:00:00-04:00,0.5477184653282166,0.5477184653282166,0.5477184653282166,0.5477184653282166,0,0.0,0.0
1980-08-04 00:00:00-04:00,0.5477184653282166,0.5477184653282166,0.5477184653282166,0.5477184653282166,0,0.0,0.0
1980-08-05 00:00:00-04:00,0.0,0.6011543472615783,0.5610774159431458,0.5610774159431458,2222,0.0,0.0
1980-08-06 00:00:00-04:00,0.5610774159431458,0.5610774159431458,0.5610774159431458,0.5610774159431458,0,0.0,0.0
1980-08-07 00:00:00-04:00,0.0,0.6011543472615783,0.5610774159431458,0.5610774159431458,18519,0.0,0.0
1980-08-08 00:00:00-04:00,0.5610774159431458,0.5610774159431458,0.5610774159431458,0.5610774159431458,0,0.0,0.0
1980-08-11 00:00:00-04:00,0.0,0.6145130347348257,0.587795078754425,0.587795078754425,5185,0.0,0.0
1980-08-12 00:00:00-04:00,0.587795078754425,0.587795078754425,0.587795078754425,0.587795078754425,0,0.0,0.0
1980-08-13 00:00:00-04:00,0.587795078754425,0.587795078754425,0.587795078754425,0.587795078754425,0,0.0,0.0
1980-08-14 00:00:00-04:00,0.587795078754425,0.587795078754425,0.587795078754425,0.587795078754425,0,0.0,0.0
1980-08-15 00:00:00-04:00,0.587795078754425,0.587795078754425,0.587795078754425,0.587795078754425,0,0.0,0.0
1980-08-18 00:00:00-04:00,0.587795078754425,0.587795078754425,0.587795078754425,0.587795078754425,0,0.0,0.0
1980-08-19 00:00:00-04:00,0.587795078754425,0.587795078754425,0.587795078754425,0.587795078754425,0,0.0,0.0
1980-08-20 00:00:00-04:00,0.587795078754425,0.587795078754425,0.587795078754425,0.587795078754425,0,0.0,0.0
1980-08-21 00:00:00-04:00,0.587795078754425,0.587795078754425,0.587795078754425,0.587795078754425,0,0.0,0.0
1980-08-22 00:00:00-04:00,0.587795078754425,0.587795078754425,0.587795078754425,0.587795078754425,0,0.0,0.0
1980-08-25 00:00:00-04:00,0.587795078754425,0.587795078754425,0.587795078754425,0.587795078754425,0,0.0,0.0
1980-08-26 00:00:00-04:00,0.587795078754425,0.587795078754425,0.587795078754425,0.587795078754425,0,0.0,0.0
1980-08-27 00:00:00-04:00,0.587795078754425,0.587795078754425,0.587795078754425,0.587795078754425,0,0.0,0.0
1980-08-28 00:00:00-04:00,0.587795078754425,0.587795078754425,0.587795078754425,0.587795078754425,0,0.0,0.0
1980-08-29 00:00:00-04:00,0.587795078754425,0.587795078754425,0.587795078754425,0.587795078754425,0,0.0,0.0
1980-09-02 00:00:00-04:00,0.587795078754425,0.587795078754425,0.587795078754425,0.587795078754425,0,0.0,0.0
1980-09-03 00:00:00-04:00,0.587795078754425,0.587795078754425,0.587795078754425,0.587795078754425,0,0.0,0.0
1980-09-04 00:00:00-04:00,0.587795078754425,0.587795078754425,0.587795078754425,0.587795078754425,0,0.0,0.0
1980-09-05 00:00:00-04:00,0.587795078754425,0.587795078754425,0.587795078754425,0.587795078754425,0,0.0,0.0
1980-09-08 00:00:00-04:00,0.587795078754425,0.587795078754425,0.587795078754425,0.587795078754425,0,0.0,0.0
1980-09-09 00:00:00-04:00,0.0,0.6813079585936012,0.6412310004234314,0.6412310004234314,5926,0.0,0.0
1980-09-10 00:00:00-04:00,0.0,0.7080266146852586,0.6679496169090271,0.6679496169090271,2222,0.0,0.0
1980-09-11 00:00:00-04:00,0.0,0.7481030923052775,0.6946671605110168,0.6946671605110168,1481,0.0,0.0
1980-09-12 00:00:00-04:00,0.6946671605110168,0.6946671605110168,0.6946671605110168,0.6946671605110168,0,0.0,0.0
1980-09-15 00:00:00-04:00,0.0,0.8816933065669178,0.801539421081543,0.801539421081543,4444,0.0,0.0
1980-09-16 00:00:00-04:00,0.801539421081543,0.801539421081543,0.801539421081543,0.801539421081543,0,0.0,0.0
1980-09-17 00:00:00-04:00,0.0,0.8549748538949807,0.8282568454742432,0.8282568454742432,741,0.0,0.0
1980-09-18 00:00:00-04:00,0.0,0.8549748538949807,0.8282568454742432,0.8282568454742432,2222,0.0,0.0
1980-09-19 00:00:00-04:00,0.8282568454742432,0.8282568454742432,0.8282568454742432,0.8282568454742432,0,0.0,0.0
1980-09-22 00:00:00-04:00,0.8282568454742432,0.8282568454742432,0.8282568454742432,0.8282568454742432,0,0.0,0.0
1980-09-23 00:00:00-04:00,0.0,0.8816933065669178,0.801539421081543,0.801539421081543,5185,0.0,0.0
1980-09-24 00:00:00-04:00,0.801539421081543,0.801539421081543,0.801539421081543,0.801539421081543,0,0.0,0.0
1980-09-25 00:00:00-04:00,0.801539421081543,0.801539421081543,0.801539421081543,0.801539421081543,0,0.0,0.0
1980-09-26 00:00:00-04:00,0.0,0.8282569127957092,0.7481030225753784,0.7481030225753784,2963,0.0,0.0
1980-09-29 00:00:00-04:00,0.7481030225753784,0.7481030225753784,0.7481030225753784,0.7481030225753784,0,0.0,0.0
1980-09-30 00:00:00-04:00,0.7481030225753784,0.7481030225753784,0.7481030225753784,0.7481030225753784,0,0.0,0.0
1980-10-01 00:00:00-04:00,0.7481030225753784,0.7481030225753784,0.7481030225753784,0.7481030225753784,0,0.0,0.0
1980-10-02 00:00:00-04:00,0.7481030225753784,0.7481030225753784,0.7481030225753784,0.7481030225753784,0,0.0,0.0
1980-10-03 00:00:00-04:00,0.0,0.8015389965745569,0.7481030225753784,0.7481030225753784,1481,0.0,0.0
1980-10-06 00:00:00-04:00,0.7481030225753784,0.7481030225753784,0.7481030225753784,0.7481030225753784,0,0.0,0.0
1980-10-07 00:00:00-04:00,0.0,0.8015391981147986,0.7213852405548096,0.7213852405548096,1481,0.0,0.0
1980-10-08 00:00:00-04:00,0.7213852405548096,0.7213852405548096,0.7213852405548096,0.7213852405548096,0,0.0,0.0
1980-10-09 00:00:00-04:00,0.0,0.7748210582024078,0.6946671605110168,0.6946671605110168,741,0.0,0.0
1980-10-10 00:00:00-04:00,0.6946671605110168,0.6946671605110168,0.6946671605110168,0.6946671605110168,0,0.0,0.0
1980-10-13 00:00:00-04:00,0.6946671605110168,0.6946671605110168,0.6946671605110168,0.6946671605110168,0,0.0,0.0
1980-10-14 00:00:00-04:00,0.6946671605110168,0.6946671605110168,0.6946671605110168,0.6946671605110168,0,0.0,0.0
1980-10-15 00:00:00-04:00,0.6946671605110168,0.6946671605110168,0.6946671605110168,0.6946671605110168,0,0.0,0.0
1980-10-16 00:00:00-04:00,0.6946671605110168,0.6946671605110168,0.6946671605110168,0.6946671605110168,0,0.0,0.0
1980-10-17 00:00:00-04:00,0.6946671605110168,0.6946671605110168,0.6946671605110168,0.6946671605110168,0,0.0,0.0
1980-10-20 00:00:00-04:00,0.6946671605110168,0.6946671605110168,0.6946671605110168,0.6946671605110168,0,0.0,0.0
1980-10-21 00:00:00-04:00,0.6946671605110168,0.6946671605110168,0.6946671605110168,0.6946671605110168,0,0.0,0.0
1980-10-22 00:00:00-04:00,0.0,0.748103036454807,0.6813081502914429,0.6813081502914429,741,0.0,0.0
1980-10-23 00:00:00-04:00,0.6813081502914429,0.6813081502914429,0.6813081502914429,0.6813081502914429,0,0.0,0.0
1980-10-24 00:00:00-04:00,0.6813081502914429,0.6813081502914429,0.6813081502914429,0.6813081502914429,0,0.0,0.0
1980-10-27 00:00:00-05:00,0.0,0.7213855824868965,0.6679496169090271,0.6679496169090271,1481,0.0,0.0
1980-10-28 00:00:00-05:00,0.6679496169090271,0.6679496169090271,0.6679496169090271,0.6679496169090271,0,0.0,0.0
1980-10-29 00:00:00-05:00,0.6679496169090271,0.6679496169090271,0.6679496169090271,0.6679496169090271,0,0.0,0.0
1980-10-30 00:00:00-05:00,0.6679496169090271,0.6679496169090271,0.6679496169090271,0.6679496169090271,0,0.0,0.0
1980-10-31 00:00:00-05:00,0.0,0.7213848695781588,0.6412310004234314,0.6412310004234314,2963,0.0,0.0
1980-11-03 00:00:00-05:00,0.6412310004234314,0.6412310004234314,0.6412310004234314,0.6412310004234314,0,0.0,0.0
1980-11-05 00:00:00-05:00,0.6412310004234314,0.6412310004234314,0.6412310004234314,0.6412310004234314,0,0.0,0.0
1980-11-06 00:00:00-05:00,0.6412310004234314,0.6412310004234314,0.6412310004234314,0.6412310004234314,0,0.0,0.0
1980-11-07 00:00:00-05:00,0.6412310004234314,0.6412310004234314,0.6412310004234314,0.6412310004234314,0,0.0,0.0
1980-11-10 00:00:00-05:00,0.0,0.7748210582024078,0.6946671605110168,0.6946671605110168,8889,0.0,0.0
1980-11-11 00:00:00-05:00,0.6946671605110168,0.6946671605110168,0.6946671605110168,0.6946671605110168,0,0.0,0.0
1980-11-12 00:00:00-05:00,0.0,0.7748210582024078,0.6946671605110168,0.6946671605110168,1481,0.0,0.0
1980-11-13 00:00:00-05:00,0.6946671605110168,0.6946671605110168,0.6946671605110168,0.6946671605110168,0,0.0,0.0
1980-11-14 00:00:00-05:00,0.0,0.7748210582024078,0.6946671605110168,0.6946671605110168,741,0.0,0.0
1980-11-17 00:00:00-05:00,0.6946671605110168,0.6946671605110168,0.6946671605110168,0.6946671605110168,0,0.0,0.0
1980-11-18 00:00:00-05:00,0.0,0.7748210582024078,0.6946671605110168,0.6946671605110168,2222,0.0,0.0
1980-11-19 00:00:00-05:00,0.6946671605110168,0.6946671605110168,0.6946671605110168,0.6946671605110168,0,0.0,0.0
1980-11-20 00:00:00-05:00,0.0,0.8015389965745569,0.7481030225753784,0.7481030225753784,1481,0.0,0.0
1980-11-21 00:00:00-05:00,0.0,0.8015389965745569,0.7481030225753784,0.7481030225753784,1481,0.0,0.0
1980-11-24 00:00:00-05:00,0.0,0.8015389965745569,0.7481030225753784,0.7481030225753784,5185,0.0,0.0
1980-11-25 00:00:00-05:00,0.0,0.8015389965745569,0.7481030225753784,0.7481030225753784,741,0.0,0.0
1980-11-26 00:00:00-05:00,0.0,0.8015389965745569,0.7481030225753784,0.7481030225753784,741,0.0,0.0
1980-11-28 00:00:00-05:00,0.7481030225753784,0.7481030225753784,0.7481030225753784,0.7481030225753784,0,0.0,0.0
1980-12-01 00:00:00-05:00,0.7481030225753784,0.7481030225753784,0.7481030225753784,0.7481030225753784,0,0.0,0.0
1980-12-02 00:00:00-05:00,0.7481030225753784,0.7481030225753784,0.7481030225753784,0.7481030225753784,0,0.0,0.0
1980-12-03 00:00:00-05:00,0.7481030225753784,0.7481030225753784,0.7481030225753784,0.7481030225753784,0,0.0,0.0
1980-12-04 00:00:00-05:00,0.7481030225753784,0.7481030225753784,0.7481030225753784,0.7481030225753784,0,0.0,0.0
1980-12-05 00:00:00-05:00,0.7481030225753784,0.7481030225753784,0.7481030225753784,0.7481030225753784,0,0.0,0.0
1980-12-08 00:00:00-05:00,0.7481030225753784,0.7481030225753784,0.7481030225753784,0.7481030225753784,0,0.0,0.0
1980-12-09 00:00:00-05:00,0.7481030225753784,0.7481030225753784,0.7481030225753784,0.7481030225753784,0,0.0,0.0
1980-12-10 00:00:00-05:00,0.7481030225753784,0.7481030225753784,0.7481030225753784,0.7481030225753784,0,0.0,0.0
1980-12-11 00:00:00-05:00,0.0,0.8282569127957092,0.7481030225753784,0.7481030225753784,3704,0.0,0.0
1980-12-12 00:00:00-05:00,0.7481030225753784,0.7481030225753784,0.7481030225753784,0.7481030225753784,0,0.0,0.0
1980-12-15 00:00:00-05:00,0.7481030225753784,0.7481030225753784,0.7481030225753784,0.7481030225753784,0,0.0,0.0
1980-12-16 00:00:00-05:00,0.7481030225753784,0.7481030225753784,0.7481030225753784,0.7481030225753784,0,0.0,0.0
1980-12-17 00:00:00-05:00,0.7481030225753784,0.7481030225753784,0.7481030225753784,0.7481030225753784,0,0.0,0.0
1980-12-18 00:00:00-05:00,0.0,0.8282569127957092,0.7481030225753784,0.7481030225753784,22222,0.0,0.0
1980-12-19 00:00:00-05:00,0.0,0.8282569127957092,0.7481030225753784,0.7481030225753784,5926,0.0,0.0
1980-12-22 00:00:00-05:00,0.0,0.8148979074995084,0.7481030225753784,0.7481030225753784,1481,0.0,0.0
1980-12-23 00:00:00-05:00,0.0,0.8148979074995084,0.7481030225753784,0.7481030225753784,2963,0.0,0.0
1980-12-24 00:00:00-05:00,0.7481030225753784,0.7481030225753784,0.7481030225753784,0.7481030225753784,0,0.0,0.0
1980-12-26 00:00:00-05:00,0.7481030225753784,0.7481030225753784,0.7481030225753784,0.7481030225753784,0,0.0,0.0
1980-12-29 00:00:00-05:00,0.7481030225753784,0.7481030225753784,0.7481030225753784,0.7481030225753784,0,0.0,0.0
1980-12-30 00:00:00-05:00,0.0,0.8148979074995084,0.7481030225753784,0.7481030225753784,3704,0.0,0.0
1980-12-31 00:00:00-05:00,0.7481030225753784,0.7481030225753784,0.7481030225753784,0.7481030225753784,0,0.0,0.0
1981-01-02 00:00:00-05:00,0.7481030225753784,0.7481030225753784,0.7481030225753784,0.7481030225753784,0,0.0,0.0
1981-01-05 00:00:00-05:00,0.7481030225753784,0.7481030225753784,0.7481030225753784,0.7481030225753784,0,0.0,0.0
1981-01-06 00:00:00-05:00,0.0,0.8148979074995084,0.7481030225753784,0.7481030225753784,3704,0.0,0.0
1981-01-07 00:00:00-05:00,0.0,0.8148979074995084,0.7481030225753784,0.7481030225753784,1481,0.0,0.0
1981-01-08 00:00:00-05:00,0.7481030225753784,0.7481030225753784,0.7481030225753784,0.7481030225753784,0,0.0,0.0
1981-01-09 00:00:00-05:00,0.7481030225753784,0.7481030225753784,0.7481030225753784,0.7481030225753784,0,0.0,0.0
1981-01-12 00:00:00-05:00,0.7481030225753784,0.7481030225753784,0.7481030225753784,0.7481030225753784,0,0.0,0.0
1981-01-13 00:00:00-05:00,0.7481030225753784,0.7481030225753784,0.7481030225753784,0.7481030225753784,0,0.0,0.0
1981-01-14 00:00:00-05:00,0.0,0.8148979074995084,0.7481030225753784,0.7481030225753784,3704,0.0,0.0
1981-01-15 00:00:00-05:00,0.0,0.8282571011919664,0.7748211622238159,0.7748211622238159,5185,0.0,0.0
1981-01-16 00:00:00-05:00,0.0,0.8549753785296662,0.788180410861969,0.788180410861969,4444,0.0,0.0
1981-01-19 00:00:00-05:00,0.788180410861969,0.788180410861969,0.788180410861969,0.788180410861969,0,0.0,0.0
1981-01-20 00:00:00-05:00,0.788180410861969,0.788180410861969,0.788180410861969,0.788180410861969,0,0.0,0.0
1981-01-21 00:00:00-05:00,0.0,0.8549753785296662,0.788180410861969,0.788180410861969,741,0.0,0.0
1981-01-22 00:00:00-05:00,0.0,0.8816933065669178,0.801539421081543,0.801539421081543,5926,0.0,0.0
1981-01-23 00:00:00-05:00,0.801539421081543,0.801539421081543,0.801539421081543,0.801539421081543,0,0.0,0.0
1981-01-26 00:00:00-05:00,0.801539421081543,0.801539421081543,0.801539421081543,0.801539421081543,0,0.0,0.0
1981-01-27 00:00:00-05:00,0.801539421081543,0.801539421081543,0.801539421081543,0.801539421081543,0,0.0,0.0
1981-01-28 00:00:00-05:00,0.0,0.8549753761955593,0.801539421081543,0.801539421081543,5926,0.0,0.0
1981-01-29 00:00:00-05:00,0.801539421081543,0.801539421081543,0.801539421081543,0.801539421081543,0,0.0,0.0
1981-01-30 00:00:00-05:00,0.801539421081543,0.801539421081543,0.801539421081543,0.801539421081543,0,0.0,0.0
1981-02-02 00:00:00-05:00,0.801539421081543,0.801539421081543,0.801539421081543,0.801539421081543,0,0.0,0.0
1981-02-03 00:00:00-05:00,0.801539421081543,0.801539421081543,0.801539421081543,0.801539421081543,0,0.0,0.0
1981-02-04 00:00:00-05:00,0.801539421081543,0.801539421081543,0.801539421081543,0.801539421081543,0,0.0,0.0
1981-02-05 00:00:00-05:00,0.801539421081543,0.801539421081543,0.801539421081543,0.801539421081543,0,0.0,0.0
1981-02-06 00:00:00-05:00,0.801539421081543,0.801539421081543,0.801539421081543,0.801539421081543,0,0.0,0.0
1981-02-09 00:00:00-05:00,0.801539421081543,0.801539421081543,0.801539421081543,0.801539421081543,0,0.0,0.0
1981-02-10 00:00:00-05:00,0.801539421081543,0.801539421081543,0.801539421081543,0.801539421081543,0,0.0,0.0
1981-02-11 00:00:00-05:00,0.801539421081543,0.801539421081543,0.801539421081543,0.801539421081543,0,0.0,0.0
1981-02-12 00:00:00-05:00,0.801539421081543,0.801539421081543,0.801539421081543,0.801539421081543,0,0.0,0.0
1981-02-13 00:00:00-05:00,0.801539421081543,0.801539421081543,0.801539421081543,0.801539421081543,0,0.0,0.0
1981-02-17 00:00:00-05:00,0.0,0.8549751178616769,0.7748211622238159,0.7748211622238159,10370,0.0,0.0
1981-02-18 00:00:00-05:00,0.0,0.8549751178616769,0.7748211622238159,0.7748211622238159,3704,0.0,0.0
1981-02-19 00:00:00-05:00,0.7748211622238159,0.7748211622238159,0.7748211622238159,0.7748211622238159,0,0.0,0.0
1981-02-20 00:00:00-05:00,0.7748211622238159,0.7748211622238159,0.7748211622238159,0.7748211622238159,0,0.0,0.0
1981-02-23 00:00:00-05:00,0.0,0.8549751178616769,0.7748211622238159,0.7748211622238159,9630,0.0,0.0
1981-02-24 00:00:00-05:00,0.7748211622238159,0.7748211622238159,0.7748211622238159,0.7748211622238159,0,0.0,0.0
1981-02-25 00:00:00-05:00,0.0,0.8549751178616769,0.7748211622238159,0.7748211622238159,7407,0.0,0.0
1981-02-26 00:00:00-05:00,0.0,0.8549751178616769,0.7748211622238159,0.7748211622238159,3704,0.0,0.0
1981-02-27 00:00:00-05:00,0.7748211622238159,0.7748211622238159,0.7748211622238159,0.7748211622238159,0,0.0,0.0
1981-03-02 00:00:00-05:00,0.7748211622238159,0.7748211622238159,0.7748211622238159,0.7748211622238159,0,0.0,0.0
1981-03-03 00:00:00-05:00,0.7748211622238159,0.7748211622238159,0.7748211622238159,0.7748211622238159,0,0.0,0.0
1981-03-04 00:00:00-05:00,0.7748211622238159,0.7748211622238159,0.7748211622238159,0.7748211622238159,0,0.0,0.0
1981-03-05 00:00:00-05:00,0.7748211622238159,0.7748211622238159,0.7748211622238159,0.7748211622238159,0,0.0,0.0
1981-03-06 00:00:00-05:00,0.7748211622238159,0.7748211622238159,0.7748211622238159,0.7748211622238159,0,0.0,0.0
1981-03-09 00:00:00-05:00,0.7748211622238159,0.7748211622238159,0.7748211622238159,0.7748211622238159,0,0.0,0.0
1981-03-10 00:00:00-05:00,0.7748211622238159,0.7748211622238159,0.7748211622238159,0.7748211622238159,0,0.0,0.0
1981-03-11 00:00:00-05:00,0.0,0.8282569127957092,0.7481030225753784,0.7481030225753784,2222,0.0,0.0
1981-03-12 00:00:00-05:00,0.7481030225753784,0.7481030225753784,0.7481030225753784,0.7481030225753784,0,0.0,0.0
1981-03-13 00:00:00-05:00,0.0,0.8282569127957092,0.7481030225753784,0.7481030225753784,118519,0.0,0.0
1981-03-16 00:00:00-05:00,0.0,0.8282571011919664,0.7748211622238159,0.7748211622238159,3704,0.0,0.0
1981-03-17 00:00:00-05:00,0.0,0.8282569127957092,0.7481030225753784,0.7481030225753784,7407,0.0,0.0
1981-03-18 00:00:00-05:00,0.0,0.8282569127957092,0.7481030225753784,0.7481030225753784,22222,0.0,0.0
1981-03-19 00:00:00-05:00,0.7481030225753784,0.7481030225753784,0.7481030225753784,0.7481030225753784,0,0.0,0.0
1981-03-20 00:00:00-05:00,0.0,0.8282569127957092,0.7481030225753784,0.7481030225753784,29630,0.0,0.0
1981-03-23 00:00:00-05:00,0.0,0.8282569127957092,0.7481030225753784,0.7481030225753784,7407,0.0,0.0
1981-03-24 00:00:00-05:00,0.7481030225753784,0.7481030225753784,0.7481030225753784,0.7481030225753784,0,0.0,0.0
1981-03-25 00:00:00-05:00,0.7481030225753784,0.7481030225753784,0.7481030225753784,0.7481030225753784,0,0.0,0.0
1981-03-26 00:00:00-05:00,0.7481030225753784,0.7481030225753784,0.7481030225753784,0.7481030225753784,0,0.0,0.0
1981-03-27 00:00:00-05:00,0.7481030225753784,0.7481030225753784,0.7481030225753784,0.7481030225753784,0,0.0,0.0
1981-03-30 00:00:00-05:00,0.7481030225753784,0.7481030225753784,0.7481030225753784,0.7481030225753784,0,0.0,0.0
1981-03-31 00:00:00-05:00,0.7481030225753784,0.7481030225753784,0.7481030225753784,0.7481030225753784,0,0.0,0.0
1981-04-01 00:00:00-05:00,0.7481030225753784,0.7481030225753784,0.7481030225753784,0.7481030225753784,0,0.0,0.0
1981-04-02 00:00:00-05:00,0.7481030225753784,0.7481030225753784,0.7481030225753784,0.7481030225753784,0,0.0,0.0
1981-04-03 00:00:00-05:00,0.7481030225753784,0.7481030225753784,0.7481030225753784,0.7481030225753784,0,0.0,0.0
1981-04-06 00:00:00-05:00,0.0,0.8282569127957092,0.7481030225753784,0.7481030225753784,2222,0.0,0.0
1981-04-07 00:00:00-05:00,0.7481030225753784,0.7481030225753784,0.7481030225753784,0.7481030225753784,0,0.0,0.0
1981-04-08 00:00:00-05:00,0.7481030225753784,0.7481030225753784,0.7481030225753784,0.7481030225753784,0,0.0,0.0
1981-04-09 00:00:00-05:00,0.7481030225753784,0.7481030225753784,0.7481030225753784,0.7481030225753784,0,0.0,0.0
1981-04-10 00:00:00-05:00,0.7481030225753784,0.7481030225753784,0.7481030225753784,0.7481030225753784,0,0.0,0.0
1981-04-13 00:00:00-05:00,0.7481030225753784,0.7481030225753784,0.7481030225753784,0.7481030225753784,0,0.0,0.0
1981-04-14 00:00:00-05:00,0.7481030225753784,0.7481030225753784,0.7481030225753784,0.7481030225753784,0,0.0,0.0
1981-04-15 00:00:00-05:00,0.0,0.8282569127957092,0.7481030225753784,0.7481030225753784,2222,0.0,0.0
1981-04-16 00:00:00-05:00,0.7481030225753784,0.7481030225753784,0.7481030225753784,0.7481030225753784,0,0.0,0.0
1981-04-20 00:00:00-05:00,0.0,0.8282569127957092,0.7481030225753784,0.7481030225753784,1481,0.0,0.0
1981-04-21 00:00:00-05:00,0.7481030225753784,0.7481030225753784,0.7481030225753784,0.7481030225753784,0,0.0,0.0
1981-04-22 00:00:00-05:00,0.7481030225753784,0.7481030225753784,0.7481030225753784,0.7481030225753784,0,0.0,0.0
1981-04-23 00:00:00-05:00,0.7481030225753784,0.7481030225753784,0.7481030225753784,0.7481030225753784,0,0.0,0.0
1981-04-24 00:00:00-05:00,0.7481030225753784,0.7481030225753784,0.7481030225753784,0.7481030225753784,0,0.0,0.0
1981-04-27 00:00:00-04:00,0.7481030225753784,0.7481030225753784,0.7481030225753784,0.7481030225753784,0,0.0,0.0
1981-04-28 00:00:00-04:00,0.7481030225753784,0.7481030225753784,0.7481030225753784,0.7481030225753784,0,0.0,0.0
1981-04-29 00:00:00-04:00,0.7481030225753784,0.7481030225753784,0.7481030225753784,0.7481030225753784,0,0.0,0.0
1981-04-30 00:00:00-04:00,0.7481030225753784,0.7481030225753784,0.7481030225753784,0.7481030225753784,0,0.0,0.0
1981-05-01 00:00:00-04:00,0.0,0.8282569127957092,0.7481030225753784,0.7481030225753784,4444,0.0,0.0
1981-05-04 00:00:00-04:00,0.7481030225753784,0.7481030225753784,0.7481030225753784,0.7481030225753784,0,0.0,0.0
1981-05-05 00:00:00-04:00,0.7481030225753784,0.7481030225753784,0.7481030225753784,0.7481030225753784,0,0.0,0.0
1981-05-06 00:00:00-04:00,0.7481030225753784,0.7481030225753784,0.7481030225753784,0.7481030225753784,0,0.0,0.0
1981-05-07 00:00:00-04:00,0.7481030225753784,0.7481030225753784,0.7481030225753784,0.7481030225753784,0,0.0,0.0
1981-05-08 00:00:00-04:00,0.0,0.8282569127957092,0.7481030225753784,0.7481030225753784,1481,0.0,0.0
1981-05-11 00:00:00-04:00,0.0,0.8282569127957092,0.7481030225753784,0.7481030225753784,2222,0.0,0.0
1981-05-12 00:00:00-04:00,0.7481030225753784,0.7481030225753784,0.7481030225753784,0.7481030225753784,0,0.0,0.0
1981-05-13 00:00:00-04:00,0.0,0.8282569127957092,0.7481030225753784,0.7481030225753784,2222,0.0,0.0
1981-05-14 00:00:00-04:00,0.7481030225753784,0.7481030225753784,0.7481030225753784,0.7481030225753784,0,0.0,0.0
1981-05-15 00:00:00-04:00,0.0,0.8282569127957092,0.7481030225753784,0.7481030225753784,6667,0.0,0.0
1981-05-18 00:00:00-04:00,0.7481030225753784,0.7481030225753784,0.7481030225753784,0.7481030225753784,0,0.0,0.0
1981-05-19 00:00:00-04:00,0.7481030225753784,0.7481030225753784,0.7481030225753784,0.7481030225753784,0,0.0,0.0
1981-05-20 00:00:00-04:00,0.0,0.8282569127957092,0.7481030225753784,0.7481030225753784,2222,0.0,0.0
1981-05-21 00:00:00-04:00,0.0,0.8015389965745569,0.7481030225753784,0.7481030225753784,5926,0.0,0.0
1981-05-22 00:00:00-04:00,0.0,0.7748211808043779,0.7213852405548096,0.7213852405548096,5926,0.0,0.0
1981-05-26 00:00:00-04:00,0.7213852405548096,0.7213852405548096,0.7213852405548096,0.7213852405548096,0,0.0,0.0
1981-05-27 00:00:00-04:00,0.7213852405548096,0.7213852405548096,0.7213852405548096,0.7213852405548096,0,0.0,0.0
1981-05-28 00:00:00-04:00,0.7213852405548096,0.7213852405548096,0.7213852405548096,0.7213852405548096,0,0.0,0.0
1981-05-29 00:00:00-04:00,0.7213852405548096,0.7213852405548096,0.7213852405548096,0.7213852405548096,0,0.0,0.0
1981-06-01 00:00:00-04:00,0.7213852405548096,0.7213852405548096,0.7213852405548096,0.7213852405548096,0,0.0,0.0
1981-06-02 00:00:00-04:00,0.0,0.7614620988466572,0.6946671605110168,0.6946671605110168,2963,0.0,0.0
1981-06-03 00:00:00-04:00,0.0,0.7614620988466572,0.6946671605110168,0.6946671605110168,5185,0.0,0.0
1981-06-04 00:00:00-04:00,0.6946671605110168,0.6946671605110168,0.6946671605110168,0.6946671605110168,0,0.0,0.0
1981-06-05 00:00:00-04:00,0.6946671605110168,0.6946671605110168,0.6946671605110168,0.6946671605110168,0,0.0,0.0
1981-06-08 00:00:00-04:00,0.6946671605110168,0.6946671605110168,0.6946671605110168,0.6946671605110168,0,0.0,0.0
1981-06-09 00:00:00-04:00,0.6946671605110168,0.6946671605110168,0.6946671605110168,0.6946671605110168,0,0.0,0.0
1981-06-10 00:00:00-04:00,0.6946671605110168,0.6946671605110168,0.6946671605110168,0.6946671605110168,0,0.0,0.0
1981-06-11 00:00:00-04:00,0.6946671605110168,0.6946671605110168,0.6946671605110168,0.6946671605110168,0,0.0,0.0
1981-06-12 00:00:00-04:00,0.6946671605110168,0.6946671605110168,0.6946671605110168,0.6946671605110168,0,0.0,0.0
1981-06-15 00:00:00-04:00,0.6946671605110168,0.6946671605110168,0.6946671605110168,0.6946671605110168,0,0.0,0.0
1981-06-16 00:00:00-04:00,0.6946671605110168,0.6946671605110168,0.6946671605110168,0.6946671605110168,0,0.0,0.0
1981-06-17 00:00:00-04:00,0.6946671605110168,0.6946671605110168,0.6946671605110168,0.6946671605110168,0,0.0,0.0
1981-06-18 00:00:00-04:00,0.6946671605110168,0.6946671605110168,0.6946671605110168,0.6946671605110168,0,0.0,0.0
1981-06-19 00:00:00-04:00,0.6946671605110168,0.6946671605110168,0.6946671605110168,0.6946671605110168,0,0.0,0.0
1981-06-22 00:00:00-04:00,0.6946671605110168,0.6946671605110168,0.6946671605110168,0.6946671605110168,0,0.0,0.0
1981-06-23 00:00:00-04:00,0.6946671605110168,0.6946671605110168,0.6946671605110168,0.6946671605110168,0,0.0,0.0
1981-06-24 00:00:00-04:00,0.6946671605110168,0.6946671605110168,0.6946671605110168,0.6946671605110168,0,0.0,0.0
1981-06-25 00:00:00-04:00,0.6946671605110168,0.6946671605110168,0.6946671605110168,0.6946671605110168,0,0.0,0.0
1981-06-26 00:00:00-04:00,0.6946671605110168,0.6946671605110168,0.6946671605110168,0.6946671605110168,0,0.0,0.0
1981-06-29 00:00:00-04:00,0.6946671605110168,0.6946671605110168,0.6946671605110168,0.6946671605110168,0,0.0,0.0
1981-06-30 00:00:00-04:00,0.0,0.7748210582024078,0.6946671605110168,0.6946671605110168,7407,0.0,0.0
1981-07-01 00:00:00-04:00,0.0,0.7748210582024078,0.6946671605110168,0.6946671605110168,2222,0.0,0.0
1981-07-02 00:00:00-04:00,0.6946671605110168,0.6946671605110168,0.6946671605110168,0.6946671605110168,0,0.0,0.0
1981-07-06 00:00:00-04:00,0.6946671605110168,0.6946671605110168,0.6946671605110168,0.6946671605110168,0,0.0,0.0
1981-07-07 00:00:00-04:00,0.6946671605110168,0.6946671605110168,0.6946671605110168,0.6946671605110168,0,0.0,0.0
1981-07-08 00:00:00-04:00,0.6946671605110168,0.6946671605110168,0.6946671605110168,0.6946671605110168,0,0.0,0.0
1981-07-09 00:00:00-04:00,0.6946671605110168,0.6946671605110168,0.6946671605110168,0.6946671605110168,0,0.0,0.0
1981-07-10 00:00:00-04:00,0.6946671605110168,0.6946671605110168,0.6946671605110168,0.6946671605110168,0,0.0,0.0
1981-07-13 00:00:00-04:00,0.6946671605110168,0.6946671605110168,0.6946671605110168,0.6946671605110168,0,0.0,0.0
1981-07-14 00:00:00-04:00,0.0,0.7748210582024078,0.6946671605110168,0.6946671605110168,2222,0.0,0.0
1981-07-15 00:00:00-04:00,0.6946671605110168,0.6946671605110168,0.6946671605110168,0.6946671605110168,0,0.0,0.0
1981-07-16 00:00:00-04:00,0.6946671605110168,0.6946671605110168,0.6946671605110168,0.6946671605110168,0,0.0,0.0
1981-07-17 00:00:00-04:00,0.6946671605110168,0.6946671605110168,0.6946671605110168,0.6946671605110168,0,0.0,0.0
1981-07-20 00:00:00-04:00,0.6946671605110168,0.6946671605110168,0.6946671605110168,0.6946671605110168,0,0.0,0.0
1981-07-21 00:00:00-04:00,0.0,0.7748210582024078,0.6946671605110168,0.6946671605110168,1481,0.0,0.0
1981-07-22 00:00:00-04:00,0.6946671605110168,0.6946671605110168,0.6946671605110168,0.6946671605110168,0,0.0,0.0
1981-07-23 00:00:00-04:00,0.6946671605110168,0.6946671605110168,0.6946671605110168,0.6946671605110168,0,0.0,0.0
1981-07-24 00:00:00-04:00,0.6946671605110168,0.6946671605110168,0.6946671605110168,0.6946671605110168,0,0.0,0.0
1981-07-27 00:00:00-04:00,0.6946671605110168,0.6946671605110168,0.6946671605110168,0.6946671605110168,0,0.0,0.0
1981-07-28 00:00:00-04:00,0.6946671605110168,0.6946671605110168,0.6946671605110168,0.6946671605110168,0,0.0,0.0
1981-07-29 00:00:00-04:00,0.6946671605110168,0.6946671605110168,0.6946671605110168,0.6946671605110168,0,0.0,0.0
1981-07-30 00:00:00-04:00,0.6946671605110168,0.6946671605110168,0.6946671605110168,0.6946671605110168,0,0.0,0.0
1981-07-31 00:00:00-04:00,0.6946671605110168,0.6946671605110168,0.6946671605110168,0.6946671605110168,0,0.0,0.0
1981-08-03 00:00:00-04:00,0.6946671605110168,0.6946671605110168,0.6946671605110168,0.6946671605110168,0,0.0,0.0
1981-08-04 00:00:00-04:00,0.6946671605110168,0.6946671605110168,0.6946671605110168,0.6946671605110168,0,0.0,0.0
1981-08-05 00:00:00-04:00,0.6946671605110168,0.6946671605110168,0.6946671605110168,0.6946671605110168,0,0.0,0.0
1981-08-06 00:00:00-04:00,0.6946671605110168,0.6946671605110168,0.6946671605110168,0.6946671605110168,0,0.0,0.0
1981-08-07 00:00:00-04:00,0.0,0.7748208665444356,0.7080259919166565,0.7080259919166565,3704,0.0,0.0
1981-08-10 00:00:00-04:00,0.7080259919166565,0.7080259919166565,0.7080259919166565,0.7080259919166565,0,0.0,0.0
1981-08-11 00:00:00-04:00,0.7080259919166565,0.7080259919166565,0.7080259919166565,0.7080259919166565,0,0.0,0.0
1981-08-12 00:00:00-04:00,0.0,0.7614620988466572,0.6946671605110168,0.6946671605110168,2222,0.0,0.0
1981-08-13 00:00:00-04:00,0.6946671605110168,0.6946671605110168,0.6946671605110168,0.6946671605110168,0,0.0,0.0
1981-08-14 00:00:00-04:00,0.0,0.7481030923052775,0.6946671605110168,0.6946671605110168,741,0.0,0.0
1981-08-17 00:00:00-04:00,0.6946671605110168,0.6946671605110168,0.6946671605110168,0.6946671605110168,0,0.0,0.0
1981-08-18 00:00:00-04:00,0.6946671605110168,0.6946671605110168,0.6946671605110168,0.6946671605110168,0,0.0,0.0
1981-08-19 00:00:00-04:00,0.6946671605110168,0.6946671605110168,0.6946671605110168,0.6946671605110168,0,0.0,0.0
1981-08-20 00:00:00-04:00,0.6946671605110168,0.6946671605110168,0.6946671605110168,0.6946671605110168,0,0.0,0.0
1981-08-21 00:00:00-04:00,0.6946671605110168,0.6946671605110168,0.6946671605110168,0.6946671605110168,0,0.0,0.0
1981-08-24 00:00:00-04:00,0.6946671605110168,0.6946671605110168,0.6946671605110168,0.6946671605110168,0,0.0,0.0
1981-08-25 00:00:00-04:00,0.6946671605110168,0.6946671605110168,0.6946671605110168,0.6946671605110168,0,0.0,0.0
1981-08-26 00:00:00-04:00,0.6946671605110168,0.6946671605110168,0.6946671605110168,0.6946671605110168,0,0.0,0.0
1981-08-27 00:00:00-04:00,0.6946671605110168,0.6946671605110168,0.6946671605110168,0.6946671605110168,0,0.0,0.0
1981-08-28 00:00:00-04:00,0.6946671605110168,0.6946671605110168,0.6946671605110168,0.6946671605110168,0,0.0,0.0
1981-08-31 00:00:00-04:00,0.6946671605110168,0.6946671605110168,0.6946671605110168,0.6946671605110168,0,0.0,0.0
1981-09-01 00:00:00-04:00,0.6946671605110168,0.6946671605110168,0.6946671605110168,0.6946671605110168,0,0.0,0.0
1981-09-02 00:00:00-04:00,0.6946671605110168,0.6946671605110168,0.6946671605110168,0.6946671605110168,0,0.0,0.0
1981-09-03 00:00:00-04:00,0.6946671605110168,0.6946671605110168,0.6946671605110168,0.6946671605110168,0,0.0,0.0
1981-09-04 00:00:00-04:00,0.6946671605110168,0.6946671605110168,0.6946671605110168,0.6946671605110168,0,0.0,0.0
1981-09-08 00:00:00-04:00,0.6946671605110168,0.6946671605110168,0.6946671605110168,0.6946671605110168,0,0.0,0.0
1981-09-09 00:00:00-04:00,0.6946671605110168,0.6946671605110168,0.6946671605110168,0.6946671605110168,0,0.0,0.0
1981-09-10 00:00:00-04:00,0.6946671605110168,0.6946671605110168,0.6946671605110168,0.6946671605110168,0,0.0,0.0
1981-09-11 00:00:00-04:00,0.6946671605110168,0.6946671605110168,0.6946671605110168,0.6946671605110168,0,0.0,0.0
1981-09-14 00:00:00-04:00,0.6946671605110168,0.6946671605110168,0.6946671605110168,0.6946671605110168,0,0.0,0.0
1981-09-15 00:00:00-04:00,0.6946671605110168,0.6946671605110168,0.6946671605110168,0.6946671605110168,0,0.0,0.0
1981-09-16 00:00:00-04:00,0.0,0.6946669131932497,0.6412310004234314,0.6412310004234314,2222,0.0,0.0
1981-09-17 00:00:00-04:00,0.6412310004234314,0.6412310004234314,0.6412310004234314,0.6412310004234314,0,0.0,0.0
1981-09-18 00:00:00-04:00,0.6412310004234314,0.6412310004234314,0.6412310004234314,0.6412310004234314,0,0.0,0.0
1981-09-21 00:00:00-04:00,0.6412310004234314,0.6412310004234314,0.6412310004234314,0.6412310004234314,0,0.0,0.0
1981-09-22 00:00:00-04:00,0.0,0.6813079585936012,0.6412310004234314,0.6412310004234314,1481,0.0,0.0
1981-09-23 00:00:00-04:00,0.6412310004234314,0.6412310004234314,0.6412310004234314,0.6412310004234314,0,0.0,0.0
1981-09-24 00:00:00-04:00,0.6412310004234314,0.6412310004234314,0.6412310004234314,0.6412310004234314,0,0.0,0.0
1981-09-25 00:00:00-04:00,0.6412310004234314,0.6412310004234314,0.6412310004234314,0.6412310004234314,0,0.0,0.0
1981-09-28 00:00:00-04:00,0.0,0.7080260398949807,0.627872109413147,0.627872109413147,1481,0.0,0.0
1981-09-29 00:00:00-04:00,0.627872109413147,0.627872109413147,0.627872109413147,0.627872109413147,0,0.0,0.0
1981-09-30 00:00:00-04:00,0.627872109413147,0.627872109413147,0.627872109413147,0.627872109413147,0,0.0,0.0
1981-10-01 00:00:00-04:00,0.627872109413147,0.627872109413147,0.627872109413147,0.627872109413147,0,0.0,0.0
1981-10-02 00:00:00-04:00,0.627872109413147,0.627872109413147,0.627872109413147,0.627872109413147,0,0.0,0.0
1981-10-05 00:00:00-04:00,0.627872109413147,0.627872109413147,0.627872109413147,0.627872109413147,0,0.0,0.0
1981-10-06 00:00:00-04:00,0.627872109413147,0.627872109413147,0.627872109413147,0.627872109413147,0,0.0,0.0
1981-10-07 00:00:00-04:00,0.627872109413147,0.627872109413147,0.627872109413147,0.627872109413147,0,0.0,0.0
1981-10-08 00:00:00-04:00,0.627872109413147,0.627872109413147,0.627872109413147,0.627872109413147,0,0.0,0.0
1981-10-09 00:00:00-04:00,0.627872109413147,0.627872109413147,0.627872109413147,0.627872109413147,0,0.0,0.0
1981-10-12 00:00:00-04:00,0.627872109413147,0.627872109413147,0.627872109413147,0.627872109413147,0,0.0,0.0
1981-10-13 00:00:00-04:00,0.0,0.7080259149785103,0.6412310004234314,0.6412310004234314,3704,0.0,0.0
1981-10-14 00:00:00-04:00,0.6412310004234314,0.6412310004234314,0.6412310004234314,0.6412310004234314,0,0.0,0.0
1981-10-15 00:00:00-04:00,0.6412310004234314,0.6412310004234314,0.6412310004234314,0.6412310004234314,0,0.0,0.0
1981-10-16 00:00:00-04:00,0.6412310004234314,0.6412310004234314,0.6412310004234314,0.6412310004234314,0,0.0,0.0
1981-10-19 00:00:00-04:00,0.6412310004234314,0.6412310004234314,0.6412310004234314,0.6412310004234314,0,0.0,0.0
1981-10-20 00:00:00-04:00,0.6412310004234314,0.6412310004234314,0.6412310004234314,0.6412310004234314,0,0.0,0.0
1981-10-21 00:00:00-04:00,0.6412310004234314,0.6412310004234314,0.6412310004234314,0.6412310004234314,0,0.0,0.0
1981-10-22 00:00:00-04:00,0.6412310004234314,0.6412310004234314,0.6412310004234314,0.6412310004234314,0,0.0,0.0
1981-10-23 00:00:00-04:00,0.6412310004234314,0.6412310004234314,0.6412310004234314,0.6412310004234314,0,0.0,0.0
1981-10-26 00:00:00-05:00,0.6412310004234314,0.6412310004234314,0.6412310004234314,0.6412310004234314,0,0.0,0.0
1981-10-27 00:00:00-05:00,0.6412310004234314,0.6412310004234314,0.6412310004234314,0.6412310004234314,0,0.0,0.0
1981-10-28 00:00:00-05:00,0.6412310004234314,0.6412310004234314,0.6412310004234314,0.6412310004234314,0,0.0,0.0
1981-10-29 00:00:00-05:00,0.6412310004234314,0.6412310004234314,0.6412310004234314,0.6412310004234314,0,0.0,0.0
1981-10-30 00:00:00-05:00,0.6412310004234314,0.6412310004234314,0.6412310004234314,0.6412310004234314,0,0.0,0.0
1981-11-02 00:00:00-05:00,0.6412310004234314,0.6412310004234314,0.6412310004234314,0.6412310004234314,0,0.0,0.0
1981-11-03 00:00:00-05:00,0.0,0.7080259149785103,0.6412310004234314,0.6412310004234314,2963,0.0,0.0
1981-11-04 00:00:00-05:00,0.0,0.6946669131932497,0.6412310004234314,0.6412310004234314,5185,0.0,0.0
1981-11-05 00:00:00-05:00,0.6412310004234314,0.6412310004234314,0.6412310004234314,0.6412310004234314,0,0.0,0.0
1981-11-06 00:00:00-05:00,0.0,0.6946669131932497,0.6412310004234314,0.6412310004234314,5185,0.0,0.0
1981-11-09 00:00:00-05:00,0.0,0.6946669131932497,0.6412310004234314,0.6412310004234314,1481,0.0,0.0
1981-11-10 00:00:00-05:00,0.6412310004234314,0.6412310004234314,0.6412310004234314,0.6412310004234314,0,0.0,0.0
1981-11-11 00:00:00-05:00,0.6412310004234314,0.6412310004234314,0.6412310004234314,0.6412310004234314,0,0.0,0.0
1981-11-12 00:00:00-05:00,0.6412310004234314,0.6412310004234314,0.6412310004234314,0.6412310004234314,0,0.0,0.0
1981-11-13 00:00:00-05:00,0.6412310004234314,0.6412310004234314,0.6412310004234314,0.6412310004234314,0,0.0,0.0
1981-11-16 00:00:00-05:00,0.6412310004234314,0.6412310004234314,0.6412310004234314,0.6412310004234314,0,0.0,0.0
1981-11-17 00:00:00-05:00,0.0,0.6946669131932497,0.6412310004234314,0.6412310004234314,1481,0.0,0.0
1981-11-18 00:00:00-05:00,0.6412310004234314,0.6412310004234314,0.6412310004234314,0.6412310004234314,0,0.0,0.0
1981-11-19 00:00:00-05:00,0.6412310004234314,0.6412310004234314,0.6412310004234314,0.6412310004234314,0,0.0,0.0
1981-11-20 00:00:00-05:00,0.6412310004234314,0.6412310004234314,0.6412310004234314,0.6412310004234314,0,0.0,0.0
1981-11-23 00:00:00-05:00,0.6412310004234314,0.6412310004234314,0.6412310004234314,0.6412310004234314,0,0.0,0.0
1981-11-24 00:00:00-05:00,0.6412310004234314,0.6412310004234314,0.6412310004234314,0.6412310004234314,0,0.0,0.0
1981-11-25 00:00:00-05:00,0.6412310004234314,0.6412310004234314,0.6412310004234314,0.6412310004234314,0,0.0,0.0
1981-11-27 00:00:00-05:00,0.6412310004234314,0.6412310004234314,0.6412310004234314,0.6412310004234314,0,0.0,0.0
1981-11-30 00:00:00-05:00,0.0,0.6946669131932497,0.6412310004234314,0.6412310004234314,741,0.0,0.0
1981-12-01 00:00:00-05:00,0.6412310004234314,0.6412310004234314,0.6412310004234314,0.6412310004234314,0,0.0,0.0
1981-12-02 00:00:00-05:00,0.6412310004234314,0.6412310004234314,0.6412310004234314,0.6412310004234314,0,0.0,0.0
1981-12-03 00:00:00-05:00,0.6412310004234314,0.6412310004234314,0.6412310004234314,0.6412310004234314,0,0.0,0.0
1981-12-04 00:00:00-05:00,0.6412310004234314,0.6412310004234314,0.6412310004234314,0.6412310004234314,0,0.0,0.0
1981-12-07 00:00:00-05:00,0.6412310004234314,0.6412310004234314,0.6412310004234314,0.6412310004234314,0,0.0,0.0
1981-12-08 00:00:00-05:00,0.6412310004234314,0.6412310004234314,0.6412310004234314,0.6412310004234314,0,0.0,0.0
1981-12-09 00:00:00-05:00,0.0,0.6946669131932497,0.6412310004234314,0.6412310004234314,741,0.0,0.0
1981-12-10 00:00:00-05:00,0.6412310004234314,0.6412310004234314,0.6412310004234314,0.6412310004234314,0,0.0,0.0
1981-12-11 00:00:00-05:00,0.6412310004234314,0.6412310004234314,0.6412310004234314,0.6412310004234314,0,0.0,0.0
1981-12-14 00:00:00-05:00,0.6412310004234314,0.6412310004234314,0.6412310004234314,0.6412310004234314,0,0.0,0.0
1981-12-15 00:00:00-05:00,0.6412310004234314,0.6412310004234314,0.6412310004234314,0.6412310004234314,0,0.0,0.0
1981-12-16 00:00:00-05:00,0.6412310004234314,0.6412310004234314,0.6412310004234314,0.6412310004234314,0,0.0,0.0
1981-12-17 00:00:00-05:00,0.0,0.6946669131932497,0.6412310004234314,0.6412310004234314,1481,0.0,0.0
1981-12-18 00:00:00-05:00,0.6412310004234314,0.6412310004234314,0.6412310004234314,0.6412310004234314,0,0.0,0.0
1981-12-21 00:00:00-05:00,0.6412310004234314,0.6412310004234314,0.6412310004234314,0.6412310004234314,0,0.0,0.0
1981-12-22 00:00:00-05:00,0.6412310004234314,0.6412310004234314,0.6412310004234314,0.6412310004234314,0,0.0,0.0
1981-12-23 00:00:00-05:00,0.6412310004234314,0.6412310004234314,0.6412310004234314,0.6412310004234314,0,0.0,0.0
1981-12-24 00:00:00-05:00,0.6412310004234314,0.6412310004234314,0.6412310004234314,0.6412310004234314,0,0.0,0.0
1981-12-28 00:00:00-05:00,0.6412310004234314,0.6412310004234314,0.6412310004234314,0.6412310004234314,0,0.0,0.0
1981-12-29 00:00:00-05:00,0.6412310004234314,0.6412310004234314,0.6412310004234314,0.6412310004234314,0,0.0,0.0
1981-12-30 00:00:00-05:00,0.0,0.6946670987263002,0.6545901298522949,0.6545901298522949,2222,0.0,0.0
1981-12-31 00:00:00-05:00,0.6545901298522949,0.6545901298522949,0.6545901298522949,0.6545901298522949,0,0.0,0.0
1982-01-04 00:00:00-05:00,0.0,0.6946670357528015,0.627872109413147,0.627872109413147,1481,0.0,0.0
1982-01-05 00:00:00-05:00,0.627872109413147,0.627872109413147,0.627872109413147,0.627872109413147,0,0.0,0.0
1982-01-06 00:00:00-05:00,0.627872109413147,0.627872109413147,0.627872109413147,0.627872109413147,0,0.0,0.0
1982-01-07 00:00:00-05:00,0.627872109413147,0.627872109413147,0.627872109413147,0.627872109413147,0,0.0,0.0
1982-01-08 00:00:00-05:00,0.0,0.6946670357528015,0.627872109413147,0.627872109413147,1481,0.0,0.0
1982-01-11 00:00:00-05:00,0.627872109413147,0.627872109413147,0.627872109413147,0.627872109413147,0,0.0,0.0
1982-01-12 00:00:00-05:00,0.627872109413147,0.627872109413147,0.627872109413147,0.627872109413147,0,0.0,0.0
1982-01-13 00:00:00-05:00,0.627872109413147,0.627872109413147,0.627872109413147,0.627872109413147,0,0.0,0.0
1982-01-14 00:00:00-05:00,0.627872109413147,0.627872109413147,0.627872109413147,0.627872109413147,0,0.0,0.0
1982-01-15 00:00:00-05:00,0.627872109413147,0.627872109413147,0.627872109413147,0.627872109413147,0,0.0,0.0
1982-01-18 00:00:00-05:00,0.0,0.667949470273081,0.6145135164260864,0.6145135164260864,3704,0.0,0.0
1982-01-19 00:00:00-05:00,0.6145135164260864,0.6145135164260864,0.6145135164260864,0.6145135164260864,0,0.0,0.0
1982-01-20 00:00:00-05:00,0.6145135164260864,0.6145135164260864,0.6145135164260864,0.6145135164260864,0,0.0,0.0
1982-01-21 00:00:00-05:00,0.6145135164260864,0.6145135164260864,0.6145135164260864,0.6145135164260864,0,0.0,0.0
1982-01-22 00:00:00-05:00,0.6145135164260864,0.6145135164260864,0.6145135164260864,0.6145135164260864,0,0.0,0.0
1982-01-25 00:00:00-05:00,0.6145135164260864,0.6145135164260864,0.6145135164260864,0.6145135164260864,0,0.0,0.0
1982-01-26 00:00:00-05:00,0.6145135164260864,0.6145135164260864,0.6145135164260864,0.6145135164260864,0,0.0,0.0
1982-01-27 00:00:00-05:00,0.6145135164260864,0.6145135164260864,0.6145135164260864,0.6145135164260864,0,0.0,0.0
1982-01-28 00:00:00-05:00,0.6145135164260864,0.6145135164260864,0.6145135164260864,0.6145135164260864,0,0.0,0.0
1982-01-29 00:00:00-05:00,0.6145135164260864,0.6145135164260864,0.6145135164260864,0.6145135164260864,0,0.0,0.0
1982-02-01 00:00:00-05:00,0.6145135164260864,0.6145135164260864,0.6145135164260864,0.6145135164260864,0,0.0,0.0
1982-02-02 00:00:00-05:00,0.6145135164260864,0.6145135164260864,0.6145135164260864,0.6145135164260864,0,0.0,0.0
1982-02-03 00:00:00-05:00,0.6145135164260864,0.6145135164260864,0.6145135164260864,0.6145135164260864,0,0.0,0.0
1982-02-04 00:00:00-05:00,0.6145135164260864,0.6145135164260864,0.6145135164260864,0.6145135164260864,0,0.0,0.0
1982-02-05 00:00:00-05:00,0.6145135164260864,0.6145135164260864,0.6145135164260864,0.6145135164260864,0,0.0,0.0
1982-02-08 00:00:00-05:00,0.6145135164260864,0.6145135164260864,0.6145135164260864,0.6145135164260864,0,0.0,0.0
1982-02-09 00:00:00-05:00,0.0,0.6679489466956269,0.587795078754425,0.587795078754425,5185,0.0,0.0
1982-02-10 00:00:00-05:00,0.587795078754425,0.587795078754425,0.587795078754425,0.587795078754425,0,0.0,0.0
1982-02-11 00:00:00-05:00,0.0,0.6412313257656471,0.5610774159431458,0.5610774159431458,2963,0.0,0.0
1982-02-12 00:00:00-05:00,0.5610774159431458,0.5610774159431458,0.5610774159431458,0.5610774159431458,0,0.0,0.0
1982-02-16 00:00:00-05:00,0.5610774159431458,0.5610774159431458,0.5610774159431458,0.5610774159431458,0,0.0,0.0
1982-02-17 00:00:00-05:00,0.5610774159431458,0.5610774159431458,0.5610774159431458,0.5610774159431458,0,0.0,0.0
1982-02-18 00:00:00-05:00,0.5610774159431458,0.5610774159431458,0.5610774159431458,0.5610774159431458,0,0.0,0.0
1982-02-19 00:00:00-05:00,0.5610774159431458,0.5610774159431458,0.5610774159431458,0.5610774159431458,0,0.0,0.0
1982-02-22 00:00:00-05:00,0.5610774159431458,0.5610774159431458,0.5610774159431458,0.5610774159431458,0,0.0,0.0
1982-02-23 00:00:00-05:00,0.5610774159431458,0.5610774159431458,0.5610774159431458,0.5610774159431458,0,0.0,0.0
1982-02-24 00:00:00-05:00,0.5610774159431458,0.5610774159431458,0.5610774159431458,0.5610774159431458,0,0.0,0.0
1982-02-25 00:00:00-05:00,0.5610774159431458,0.5610774159431458,0.5610774159431458,0.5610774159431458,0,0.0,0.0
1982-02-26 00:00:00-05:00,0.5610774159431458,0.5610774159431458,0.5610774159431458,0.5610774159431458,0,0.0,0.0
1982-03-01 00:00:00-05:00,0.0,0.6412313257656471,0.5610774159431458,0.5610774159431458,1481,0.0,0.0
1982-03-02 00:00:00-05:00,0.5610774159431458,0.5610774159431458,0.5610774159431458,0.5610774159431458,0,0.0,0.0
1982-03-03 00:00:00-05:00,0.0,0.6412313257656471,0.5610774159431458,0.5610774159431458,1481,0.0,0.0
1982-03-04 00:00:00-05:00,0.5610774159431458,0.5610774159431458,0.5610774159431458,0.5610774159431458,0,0.0,0.0
1982-03-05 00:00:00-05:00,0.5610774159431458,0.5610774159431458,0.5610774159431458,0.5610774159431458,0,0.0,0.0
1982-03-08 00:00:00-05:00,0.5610774159431458,0.5610774159431458,0.5610774159431458,0.5610774159431458,0,0.0,0.0
1982-03-09 00:00:00-05:00,0.5610774159431458,0.5610774159431458,0.5610774159431458,0.5610774159431458,0,0.0,0.0
1982-03-10 00:00:00-05:00,0.5610774159431458,0.5610774159431458,0.5610774159431458,0.5610774159431458,0,0.0,0.0
1982-03-11 00:00:00-05:00,0.5610774159431458,0.5610774159431458,0.5610774159431458,0.5610774159431458,0,0.0,0.0
1982-03-12 00:00:00-05:00,0.0,0.6412313257656471,0.5610774159431458,0.5610774159431458,1481,0.0,0.0
1982-03-15 00:00:00-05:00,0.0,0.5877954759882275,0.5076415538787842,0.5076415538787842,2963,0.0,0.0
1982-03-16 00:00:00-05:00,0.0,0.5877954759882275,0.5076415538787842,0.5076415538787842,741,0.0,0.0
1982-03-17 00:00:00-05:00,0.5076415538787842,0.5076415538787842,0.5076415538787842,0.5076415538787842,0,0.0,0.0
1982-03-18 00:00:00-05:00,0.5076415538787842,0.5076415538787842,0.5076415538787842,0.5076415538787842,0,0.0,0.0
1982-03-19 00:00:00-05:00,0.0,0.561077482584678,0.4809235632419586,0.4809235632419586,741,0.0,0.0
1982-03-22 00:00:00-05:00,0.4809235632419586,0.4809235632419586,0.4809235632419586,0.4809235632419586,0,0.0,0.0
1982-03-23 00:00:00-05:00,0.4809235632419586,0.4809235632419586,0.4809235632419586,0.4809235632419586,0,0.0,0.0
1982-03-24 00:00:00-05:00,0.4809235632419586,0.4809235632419586,0.4809235632419586,0.4809235632419586,0,0.0,0.0
1982-03-25 00:00:00-05:00,0.4809235632419586,0.4809235632419586,0.4809235632419586,0.4809235632419586,0,0.0,0.0
1982-03-26 00:00:00-05:00,0.4809235632419586,0.4809235632419586,0.4809235632419586,0.4809235632419586,0,0.0,0.0
1982-03-29 00:00:00-05:00,0.0,0.561077482584678,0.4809235632419586,0.4809235632419586,1481,0.0,0.0
1982-03-30 00:00:00-05:00,0.0,0.561077482584678,0.4809235632419586,0.4809235632419586,1481,0.0,0.0
1982-03-31 00:00:00-05:00,0.4809235632419586,0.4809235632419586,0.4809235632419586,0.4809235632419586,0,0.0,0.0
1982-04-01 00:00:00-05:00,0.4809235632419586,0.4809235632419586,0.4809235632419586,0.4809235632419586,0,0.0,0.0
1982-04-02 00:00:00-05:00,0.4809235632419586,0.4809235632419586,0.4809235632419586,0.4809235632419586,0,0.0,0.0
1982-04-05 00:00:00-05:00,0.0,0.5343595239171871,0.4542056024074555,0.45420560240745544,4444,0.0,0.0
1982-04-06 00:00:00-05:00,0.4542056024074555,0.4542056024074555,0.4542056024074555,0.45420560240745544,0,0.0,0.0
1982-04-07 00:00:00-05:00,0.4542056024074555,0.4542056024074555,0.4542056024074555,0.45420560240745544,0,0.0,0.0
1982-04-08 00:00:00-05:00,0.4542056024074555,0.4542056024074555,0.4542056024074555,0.45420560240745544,0,0.0,0.0
1982-04-12 00:00:00-05:00,0.4542056024074555,0.4542056024074555,0.4542056024074555,0.45420560240745544,0,0.0,0.0
1982-04-13 00:00:00-05:00,0.0,0.534359465663975,0.4274875819683075,0.4274875819683075,1481,0.0,0.0
1982-04-14 00:00:00-05:00,0.4274875819683075,0.4274875819683075,0.4274875819683075,0.4274875819683075,0,0.0,0.0
1982-04-15 00:00:00-05:00,0.4274875819683075,0.4274875819683075,0.4274875819683075,0.4274875819683075,0,0.0,0.0
1982-04-16 00:00:00-05:00,0.0,0.507641620768804,0.4007697105407715,0.4007697105407715,1481,0.0,0.0
1982-04-19 00:00:00-05:00,0.0,0.507641494740058,0.4274875819683075,0.4274875819683075,7407,0.0,0.0
1982-04-20 00:00:00-05:00,0.4274875819683075,0.4274875819683075,0.4274875819683075,0.4274875819683075,0,0.0,0.0
1982-04-21 00:00:00-05:00,0.4274875819683075,0.4274875819683075,0.4274875819683075,0.4274875819683075,0,0.0,0.0
1982-04-22 00:00:00-05:00,0.4274875819683075,0.4274875819683075,0.4274875819683075,0.4274875819683075,0,0.0,0.0
1982-04-23 00:00:00-05:00,0.4274875819683075,0.4274875819683075,0.4274875819683075,0.4274875819683075,0,0.0,0.0
1982-04-26 00:00:00-04:00,0.4274875819683075,0.4274875819683075,0.4274875819683075,0.4274875819683075,0,0.0,0.0
1982-04-27 00:00:00-04:00,0.4274875819683075,0.4274875819683075,0.4274875819683075,0.4274875819683075,0,0.0,0.0
1982-04-28 00:00:00-04:00,0.4274875819683075,0.4274875819683075,0.4274875819683075,0.4274875819683075,0,0.0,0.0
1982-04-29 00:00:00-04:00,0.4274875819683075,0.4274875819683075,0.4274875819683075,0.4274875819683075,0,0.0,0.0
1982-04-30 00:00:00-04:00,0.4274875819683075,0.4274875819683075,0.4274875819683075,0.4274875819683075,0,0.0,0.0
1982-05-03 00:00:00-04:00,0.4274875819683075,0.4274875819683075,0.4274875819683075,0.4274875819683075,0,0.0,0.0
1982-05-04 00:00:00-04:00,0.4274875819683075,0.4274875819683075,0.4274875819683075,0.4274875819683075,0,0.0,0.0
1982-05-05 00:00:00-04:00,0.4274875819683075,0.4274875819683075,0.4274875819683075,0.4274875819683075,0,0.0,0.0
1982-05-06 00:00:00-04:00,0.0,0.507641494740058,0.4274875819683075,0.4274875819683075,3704,0.0,0.0
1982-05-07 00:00:00-04:00,0.0,0.507641494740058,0.4274875819683075,0.4274875819683075,2222,0.0,0.0
1982-05-10 00:00:00-04:00,0.4274875819683075,0.4274875819683075,0.4274875819683075,0.4274875819683075,0,0.0,0.0
1982-05-11 00:00:00-04:00,0.0,0.507641494740058,0.4274875819683075,0.4274875819683075,3704,0.0,0.0
1982-05-12 00:00:00-04:00,0.4274875819683075,0.4274875819683075,0.4274875819683075,0.4274875819683075,0,0.0,0.0
1982-05-13 00:00:00-04:00,0.4274875819683075,0.4274875819683075,0.4274875819683075,0.4274875819683075,0,0.0,0.0
1982-05-14 00:00:00-04:00,0.4274875819683075,0.4274875819683075,0.4274875819683075,0.4274875819683075,0,0.0,0.0
1982-05-17 00:00:00-04:00,0.4274875819683075,0.4274875819683075,0.4274875819683075,0.4274875819683075,0,0.0,0.0
1982-05-18 00:00:00-04:00,0.4274875819683075,0.4274875819683075,0.4274875819683075,0.4274875819683075,0,0.0,0.0
1982-05-19 00:00:00-04:00,0.4274875819683075,0.4274875819683075,0.4274875819683075,0.4274875819683075,0,0.0,0.0
1982-05-20 00:00:00-04:00,0.4274875819683075,0.4274875819683075,0.4274875819683075,0.4274875819683075,0,0.0,0.0
1982-05-21 00:00:00-04:00,0.4274875819683075,0.4274875819683075,0.4274875819683075,0.4274875819683075,0,0.0,0.0
1982-05-24 00:00:00-04:00,0.0,0.507641494740058,0.4274875819683075,0.4274875819683075,741,0.0,0.0
1982-05-25 00:00:00-04:00,0.4274875819683075,0.4274875819683075,0.4274875819683075,0.4274875819683075,0,0.0,0.0
1982-05-26 00:00:00-04:00,0.4274875819683075,0.4274875819683075,0.4274875819683075,0.4274875819683075,0,0.0,0.0
1982-05-27 00:00:00-04:00,0.4274875819683075,0.4274875819683075,0.4274875819683075,0.4274875819683075,0,0.0,0.0
1982-05-28 00:00:00-04:00,0.4274875819683075,0.4274875819683075,0.4274875819683075,0.4274875819683075,0,0.0,0.0
1982-06-01 00:00:00-04:00,0.4274875819683075,0.4274875819683075,0.4274875819683075,0.4274875819683075,0,0.0,0.0
1982-06-02 00:00:00-04:00,0.0,0.507641620768804,0.4007697105407715,0.4007697105407715,4444,0.0,0.0
1982-06-03 00:00:00-04:00,0.4007697105407715,0.4007697105407715,0.4007697105407715,0.4007697105407715,0,0.0,0.0
1982-06-04 00:00:00-04:00,0.0,0.507641620768804,0.4007697105407715,0.4007697105407715,1481,0.0,0.0
1982-06-07 00:00:00-04:00,0.4007697105407715,0.4007697105407715,0.4007697105407715,0.4007697105407715,0,0.0,0.0
1982-06-08 00:00:00-04:00,0.4007697105407715,0.4007697105407715,0.4007697105407715,0.4007697105407715,0,0.0,0.0
1982-06-09 00:00:00-04:00,0.4007697105407715,0.4007697105407715,0.4007697105407715,0.4007697105407715,0,0.0,0.0
1982-06-10 00:00:00-04:00,0.4007697105407715,0.4007697105407715,0.4007697105407715,0.4007697105407715,0,0.0,0.0
1982-06-11 00:00:00-04:00,0.4007697105407715,0.4007697105407715,0.4007697105407715,0.4007697105407715,0,0.0,0.0
1982-06-14 00:00:00-04:00,0.4007697105407715,0.4007697105407715,0.4007697105407715,0.4007697105407715,0,0.0,0.0
1982-06-15 00:00:00-04:00,0.4007697105407715,0.4007697105407715,0.4007697105407715,0.4007697105407715,0,0.0,0.0
1982-06-16 00:00:00-04:00,0.4007697105407715,0.4007697105407715,0.4007697105407715,0.4007697105407715,0,0.0,0.0
1982-06-17 00:00:00-04:00,0.4007697105407715,0.4007697105407715,0.4007697105407715,0.4007697105407715,0,0.0,0.0
1982-06-18 00:00:00-04:00,0.4007697105407715,0.4007697105407715,0.4007697105407715,0.4007697105407715,0,0.0,0.0
1982-06-21 00:00:00-04:00,0.4007697105407715,0.4007697105407715,0.4007697105407715,0.4007697105407715,0,0.0,0.0
1982-06-22 00:00:00-04:00,0.4007697105407715,0.4007697105407715,0.4007697105407715,0.4007697105407715,0,0.0,0.0
1982-06-23 00:00:00-04:00,0.4007697105407715,0.4007697105407715,0.4007697105407715,0.4007697105407715,0,0.0,0.0
1982-06-24 00:00:00-04:00,0.4007697105407715,0.4007697105407715,0.4007697105407715,0.4007697105407715,0,0.0,0.0
1982-06-25 00:00:00-04:00,0.4007697105407715,0.4007697105407715,0.4007697105407715,0.4007697105407715,0,0.0,0.0
1982-06-28 00:00:00-04:00,0.4007697105407715,0.4007697105407715,0.4007697105407715,0.4007697105407715,0,0.0,0.0
1982-06-29 00:00:00-04:00,0.4007697105407715,0.4007697105407715,0.4007697105407715,0.4007697105407715,0,0.0,0.0
1982-06-30 00:00:00-04:00,0.4007697105407715,0.4007697105407715,0.4007697105407715,0.4007697105407715,0,0.0,0.0
1982-07-01 00:00:00-04:00,0.4007697105407715,0.4007697105407715,0.4007697105407715,0.4007697105407715,0,0.0,0.0
1982-07-02 00:00:00-04:00,0.4007697105407715,0.4007697105407715,0.4007697105407715,0.4007697105407715,0,0.0,0.0
1982-07-06 00:00:00-04:00,0.4007697105407715,0.4007697105407715,0.4007697105407715,0.4007697105407715,0,0.0,0.0
1982-07-07 00:00:00-04:00,0.4007697105407715,0.4007697105407715,0.4007697105407715,0.4007697105407715,0,0.0,0.0
1982-07-08 00:00:00-04:00,0.4007697105407715,0.4007697105407715,0.4007697105407715,0.4007697105407715,0,0.0,0.0
1982-07-09 00:00:00-04:00,0.4007697105407715,0.4007697105407715,0.4007697105407715,0.4007697105407715,0,0.0,0.0
1982-07-12 00:00:00-04:00,0.4007697105407715,0.4007697105407715,0.4007697105407715,0.4007697105407715,0,0.0,0.0
1982-07-13 00:00:00-04:00,0.4007697105407715,0.4007697105407715,0.4007697105407715,0.4007697105407715,0,0.0,0.0
1982-07-14 00:00:00-04:00,0.4007697105407715,0.4007697105407715,0.4007697105407715,0.4007697105407715,0,0.0,0.0
1982-07-15 00:00:00-04:00,0.4007697105407715,0.4007697105407715,0.4007697105407715,0.4007697105407715,0,0.0,0.0
1982-07-16 00:00:00-04:00,0.4007697105407715,0.4007697105407715,0.4007697105407715,0.4007697105407715,0,0.0,0.0
1982-07-19 00:00:00-04:00,0.0,0.507641620768804,0.4007697105407715,0.4007697105407715,3704,0.0,0.0
1982-07-20 00:00:00-04:00,0.4007697105407715,0.4007697105407715,0.4007697105407715,0.4007697105407715,0,0.0,0.0
1982-07-21 00:00:00-04:00,0.4007697105407715,0.4007697105407715,0.4007697105407715,0.4007697105407715,0,0.0,0.0
1982-07-22 00:00:00-04:00,0.4007697105407715,0.4007697105407715,0.4007697105407715,0.4007697105407715,0,0.0,0.0
1982-07-23 00:00:00-04:00,0.4007697105407715,0.4007697105407715,0.4007697105407715,0.4007697105407715,0,0.0,0.0
1982-07-26 00:00:00-04:00,0.4007697105407715,0.4007697105407715,0.4007697105407715,0.4007697105407715,0,0.0,0.0
1982-07-27 00:00:00-04:00,0.4007697105407715,0.4007697105407715,0.4007697105407715,0.4007697105407715,0,0.0,0.0
1982-07-28 00:00:00-04:00,0.4007697105407715,0.4007697105407715,0.4007697105407715,0.4007697105407715,0,0.0,0.0
1982-07-29 00:00:00-04:00,0.0,0.507641620768804,0.4007697105407715,0.4007697105407715,2963,0.0,0.0
1982-07-30 00:00:00-04:00,0.0,0.507641620768804,0.4007697105407715,0.4007697105407715,8148,0.0,0.0
1982-08-02 00:00:00-04:00,0.4007697105407715,0.4007697105407715,0.4007697105407715,0.4007697105407715,0,0.0,0.0
1982-08-03 00:00:00-04:00,0.4007697105407715,0.4007697105407715,0.4007697105407715,0.4007697105407715,0,0.0,0.0
1982-08-04 00:00:00-04:00,0.4007697105407715,0.4007697105407715,0.4007697105407715,0.4007697105407715,0,0.0,0.0
1982-08-05 00:00:00-04:00,0.0,0.507641620768804,0.4007697105407715,0.4007697105407715,3704,0.0,0.0
1982-08-06 00:00:00-04:00,0.0,0.507641620768804,0.4007697105407715,0.4007697105407715,8148,0.0,0.0
1982-08-09 00:00:00-04:00,0.4007697105407715,0.4007697105407715,0.4007697105407715,0.4007697105407715,0,0.0,0.0
1982-08-10 00:00:00-04:00,0.4007697105407715,0.4007697105407715,0.4007697105407715,0.4007697105407715,0,0.0,0.0
1982-08-11 00:00:00-04:00,0.4007697105407715,0.4007697105407715,0.4007697105407715,0.4007697105407715,0,0.0,0.0
1982-08-12 00:00:00-04:00,0.4007697105407715,0.4007697105407715,0.4007697105407715,0.4007697105407715,0,0.0,0.0
1982-08-13 00:00:00-04:00,0.0,0.507641620768804,0.4007697105407715,0.4007697105407715,1481,0.0,0.0
1982-08-16 00:00:00-04:00,0.4007697105407715,0.4007697105407715,0.4007697105407715,0.4007697105407715,0,0.0,0.0
1982-08-17 00:00:00-04:00,0.4007697105407715,0.4007697105407715,0.4007697105407715,0.4007697105407715,0,0.0,0.0
1982-08-18 00:00:00-04:00,0.4007697105407715,0.4007697105407715,0.4007697105407715,0.4007697105407715,0,0.0,0.0
1982-08-19 00:00:00-04:00,0.4007697105407715,0.4007697105407715,0.4007697105407715,0.4007697105407715,0,0.0,0.0
1982-08-20 00:00:00-04:00,0.4007697105407715,0.4007697105407715,0.4007697105407715,0.4007697105407715,0,0.0,0.0
1982-08-23 00:00:00-04:00,0.0,0.507641620768804,0.4007697105407715,0.4007697105407715,1481,0.0,0.0
1982-08-24 00:00:00-04:00,0.4007697105407715,0.4007697105407715,0.4007697105407715,0.4007697105407715,0,0.0,0.0
1982-08-25 00:00:00-04:00,0.4007697105407715,0.4007697105407715,0.4007697105407715,0.4007697105407715,0,0.0,0.0
1982-08-26 00:00:00-04:00,0.4007697105407715,0.4007697105407715,0.4007697105407715,0.4007697105407715,0,0.0,0.0
1982-08-27 00:00:00-04:00,0.4007697105407715,0.4007697105407715,0.4007697105407715,0.4007697105407715,0,0.0,0.0
1982-08-30 00:00:00-04:00,0.4007697105407715,0.4007697105407715,0.4007697105407715,0.4007697105407715,0,0.0,0.0
1982-08-31 00:00:00-04:00,0.4007697105407715,0.4007697105407715,0.4007697105407715,0.4007697105407715,0,0.0,0.0
1982-09-01 00:00:00-04:00,0.4007697105407715,0.4007697105407715,0.4007697105407715,0.4007697105407715,0,0.0,0.0
1982-09-02 00:00:00-04:00,0.4007697105407715,0.4007697105407715,0.4007697105407715,0.4007697105407715,0,0.0,0.0
1982-09-03 00:00:00-04:00,0.4007697105407715,0.4007697105407715,0.4007697105407715,0.4007697105407715,0,0.0,0.0
1982-09-07 00:00:00-04:00,0.4007697105407715,0.4007697105407715,0.4007697105407715,0.4007697105407715,0,0.0,0.0
1982-09-08 00:00:00-04:00,0.4007697105407715,0.4007697105407715,0.4007697105407715,0.4007697105407715,0,0.0,0.0
1982-09-09 00:00:00-04:00,0.0,0.507641620768804,0.4007697105407715,0.4007697105407715,14815,0.0,0.0
1982-09-10 00:00:00-04:00,0.4007697105407715,0.4007697105407715,0.4007697105407715,0.4007697105407715,0,0.0,0.0
1982-09-13 00:00:00-04:00,0.4007697105407715,0.4007697105407715,0.4007697105407715,0.4007697105407715,0,0.0,0.0
1982-09-14 00:00:00-04:00,0.4007697105407715,0.4007697105407715,0.4007697105407715,0.4007697105407715,0,0.0,0.0
1982-09-15 00:00:00-04:00,0.0,0.507641620768804,0.4007697105407715,0.4007697105407715,741,0.0,0.0
1982-09-16 00:00:00-04:00,0.4007697105407715,0.4007697105407715,0.4007697105407715,0.4007697105407715,0,0.0,0.0
1982-09-17 00:00:00-04:00,0.4007697105407715,0.4007697105407715,0.4007697105407715,0.4007697105407715,0,0.0,0.0
1982-09-20 00:00:00-04:00,0.0,0.507641620768804,0.4007697105407715,0.4007697105407715,5926,0.0,0.0
1982-09-21 00:00:00-04:00,0.4007697105407715,0.4007697105407715,0.4007697105407715,0.4007697105407715,0,0.0,0.0
1982-09-22 00:00:00-04:00,0.4007697105407715,0.4007697105407715,0.4007697105407715,0.4007697105407715,0,0.0,0.0
1982-09-23 00:00:00-04:00,0.4007697105407715,0.4007697105407715,0.4007697105407715,0.4007697105407715,0,0.0,0.0
1982-09-24 00:00:00-04:00,0.0,0.534359465663975,0.4274875819683075,0.4274875819683075,1481,0.0,0.0
1982-09-27 00:00:00-04:00,0.4274875819683075,0.4274875819683075,0.4274875819683075,0.4274875819683075,0,0.0,0.0
1982-09-28 00:00:00-04:00,0.4274875819683075,0.4274875819683075,0.4274875819683075,0.4274875819683075,0,0.0,0.0
1982-09-29 00:00:00-04:00,0.4274875819683075,0.4274875819683075,0.4274875819683075,0.4274875819683075,0,0.0,0.0
1982-09-30 00:00:00-04:00,0.4274875819683075,0.4274875819683075,0.4274875819683075,0.4274875819683075,0,0.0,0.0
1982-10-01 00:00:00-04:00,0.4274875819683075,0.4274875819683075,0.4274875819683075,0.4274875819683075,0,0.0,0.0
1982-10-04 00:00:00-04:00,0.4274875819683075,0.4274875819683075,0.4274875819683075,0.4274875819683075,0,0.0,0.0
1982-10-05 00:00:00-04:00,0.4274875819683075,0.4274875819683075,0.4274875819683075,0.4274875819683075,0,0.0,0.0
1982-10-06 00:00:00-04:00,0.4274875819683075,0.4274875819683075,0.4274875819683075,0.4274875819683075,0,0.0,0.0
1982-10-07 00:00:00-04:00,0.4274875819683075,0.4274875819683075,0.4274875819683075,0.4274875819683075,0,0.0,0.0
1982-10-08 00:00:00-04:00,0.4274875819683075,0.4274875819683075,0.4274875819683075,0.4274875819683075,0,0.0,0.0
1982-10-11 00:00:00-04:00,0.4274875819683075,0.4274875819683075,0.4274875819683075,0.4274875819683075,0,0.0,0.0
1982-10-12 00:00:00-04:00,0.4274875819683075,0.4274875819683075,0.4274875819683075,0.4274875819683075,0,0.0,0.0
1982-10-13 00:00:00-04:00,0.4274875819683075,0.4274875819683075,0.4274875819683075,0.4274875819683075,0,0.0,0.0
1982-10-14 00:00:00-04:00,0.4274875819683075,0.4274875819683075,0.4274875819683075,0.4274875819683075,0,0.0,0.0
1982-10-15 00:00:00-04:00,0.0,0.5610774977537643,0.4542056024074555,0.45420560240745544,1481,0.0,0.0
1982-10-18 00:00:00-04:00,0.4542056024074555,0.4542056024074555,0.4542056024074555,0.45420560240745544,0,0.0,0.0
1982-10-19 00:00:00-04:00,0.0,0.5610774977537643,0.4542056024074555,0.45420560240745544,3704,0.0,0.0
1982-10-20 00:00:00-04:00,0.4542056024074555,0.4542056024074555,0.4542056024074555,0.45420560240745544,0,0.0,0.0
1982-10-21 00:00:00-04:00,0.4542056024074555,0.4542056024074555,0.4542056024074555,0.45420560240745544,0,0.0,0.0
1982-10-22 00:00:00-04:00,0.0,0.5610774977537643,0.4542056024074555,0.45420560240745544,2222,0.0,0.0
1982-10-25 00:00:00-04:00,0.4542056024074555,0.4542056024074555,0.4542056024074555,0.45420560240745544,0,0.0,0.0
1982-10-26 00:00:00-04:00,0.4542056024074555,0.4542056024074555,0.4542056024074555,0.45420560240745544,0,0.0,0.0
1982-10-27 00:00:00-04:00,0.4542056024074555,0.4542056024074555,0.4542056024074555,0.45420560240745544,0,0.0,0.0
1982-10-28 00:00:00-04:00,0.4542056024074555,0.4542056024074555,0.4542056024074555,0.45420560240745544,0,0.0,0.0
1982-10-29 00:00:00-04:00,0.4542056024074555,0.4542056024074555,0.4542056024074555,0.45420560240745544,0,0.0,0.0
1982-11-01 00:00:00-05:00,0.4542056024074555,0.4542056024074555,0.4542056024074555,0.45420560240745544,0,0.0,0.0
1982-11-02 00:00:00-05:00,0.0,0.5877954556989179,0.4809235632419586,0.4809235632419586,5926,0.0,0.0
1982-11-03 00:00:00-05:00,0.4809235632419586,0.4809235632419586,0.4809235632419586,0.4809235632419586,0,0.0,0.0
1982-11-04 00:00:00-05:00,0.4809235632419586,0.4809235632419586,0.4809235632419586,0.4809235632419586,0,0.0,0.0
1982-11-05 00:00:00-05:00,0.4809235632419586,0.4809235632419586,0.4809235632419586,0.4809235632419586,0,0.0,0.0
1982-11-08 00:00:00-05:00,0.4809235632419586,0.4809235632419586,0.4809235632419586,0.4809235632419586,0,0.0,0.0
1982-11-09 00:00:00-05:00,0.4809235632419586,0.4809235632419586,0.4809235632419586,0.4809235632419586,0,0.0,0.0
1982-11-10 00:00:00-05:00,0.4809235632419586,0.4809235632419586,0.4809235632419586,0.4809235632419586,0,0.0,0.0
1982-11-11 00:00:00-05:00,0.4809235632419586,0.4809235632419586,0.4809235632419586,0.4809235632419586,0,0.0,0.0
1982-11-12 00:00:00-05:00,0.4809235632419586,0.4809235632419586,0.4809235632419586,0.4809235632419586,0,0.0,0.0
1982-11-15 00:00:00-05:00,0.4809235632419586,0.4809235632419586,0.4809235632419586,0.4809235632419586,0,0.0,0.0
1982-11-16 00:00:00-05:00,0.0,0.5877954556989179,0.4809235632419586,0.4809235632419586,7407,0.0,0.0
1982-11-17 00:00:00-05:00,0.0,0.5877954556989179,0.4809235632419586,0.4809235632419586,14074,0.0,0.0
1982-11-18 00:00:00-05:00,0.0,0.5877954556989179,0.4809235632419586,0.4809235632419586,14815,0.0,0.0
1982-11-19 00:00:00-05:00,0.4809235632419586,0.4809235632419586,0.4809235632419586,0.4809235632419586,0,0.0,0.0
1982-11-22 00:00:00-05:00,0.4809235632419586,0.4809235632419586,0.4809235632419586,0.4809235632419586,0,0.0,0.0
1982-11-23 00:00:00-05:00,0.4809235632419586,0.4809235632419586,0.4809235632419586,0.4809235632419586,0,0.0,0.0
1982-11-24 00:00:00-05:00,0.4809235632419586,0.4809235632419586,0.4809235632419586,0.4809235632419586,0,0.0,0.0
1982-11-26 00:00:00-05:00,0.4809235632419586,0.4809235632419586,0.4809235632419586,0.4809235632419586,0,0.0,0.0
1982-11-29 00:00:00-05:00,0.4809235632419586,0.4809235632419586,0.4809235632419586,0.4809235632419586,0,0.0,0.0
1982-11-30 00:00:00-05:00,0.4809235632419586,0.4809235632419586,0.4809235632419586,0.4809235632419586,0,0.0,0.0
1982-12-01 00:00:00-05:00,0.4809235632419586,0.4809235632419586,0.4809235632419586,0.4809235632419586,0,0.0,0.0
1982-12-02 00:00:00-05:00,0.4809235632419586,0.4809235632419586,0.4809235632419586,0.4809235632419586,0,0.0,0.0
1982-12-03 00:00:00-05:00,0.0,0.5877954556989179,0.4809235632419586,0.4809235632419586,741,0.0,0.0
1982-12-06 00:00:00-05:00,0.4809235632419586,0.4809235632419586,0.4809235632419586,0.4809235632419586,0,0.0,0.0
1982-12-07 00:00:00-05:00,0.0,0.5877954556989179,0.4809235632419586,0.4809235632419586,2222,0.0,0.0
1982-12-08 00:00:00-05:00,0.0,0.5877954556989179,0.4809235632419586,0.4809235632419586,1481,0.0,0.0
1982-12-09 00:00:00-05:00,0.0,0.6412311936420984,0.534359335899353,0.534359335899353,2963,0.0,0.0
1982-12-10 00:00:00-05:00,0.534359335899353,0.534359335899353,0.534359335899353,0.534359335899353,0,0.0,0.0
1982-12-13 00:00:00-05:00,0.0,0.6412311936420984,0.534359335899353,0.534359335899353,2963,0.0,0.0
1982-12-14 00:00:00-05:00,0.0,0.6679489466956269,0.587795078754425,0.587795078754425,1481,0.0,0.0
1982-12-15 00:00:00-05:00,0.0,0.6946669026760275,0.587795078754425,0.587795078754425,1481,0.0,0.0
1982-12-16 00:00:00-05:00,0.587795078754425,0.587795078754425,0.587795078754425,0.587795078754425,0,0.0,0.0
1982-12-17 00:00:00-05:00,0.587795078754425,0.587795078754425,0.587795078754425,0.587795078754425,0,0.0,0.0
1982-12-20 00:00:00-05:00,0.587795078754425,0.587795078754425,0.587795078754425,0.587795078754425,0,0.0,0.0
1982-12-21 00:00:00-05:00,0.587795078754425,0.587795078754425,0.587795078754425,0.587795078754425,0,0.0,0.0
1982-12-22 00:00:00-05:00,0.0,0.748102825963068,0.6412310004234314,0.6412310004234314,2963,0.0,0.0
1982-12-23 00:00:00-05:00,0.6412310004234314,0.6412310004234314,0.6412310004234314,0.6412310004234314,0,0.0,0.0
1982-12-27 00:00:00-05:00,0.6412310004234314,0.6412310004234314,0.6412310004234314,0.6412310004234314,0,0.0,0.0
1982-12-28 00:00:00-05:00,0.0,0.8549750030794278,0.6946671605110168,0.6946671605110168,4444,0.0,0.0
1982-12-29 00:00:00-05:00,0.6946671605110168,0.6946671605110168,0.6946671605110168,0.6946671605110168,0,0.0,0.0
1982-12-30 00:00:00-05:00,0.6946671605110168,0.6946671605110168,0.6946671605110168,0.6946671605110168,0,0.0,0.0
1982-12-31 00:00:00-05:00,0.6946671605110168,0.6946671605110168,0.6946671605110168,0.6946671605110168,0,0.0,0.0
1983-01-03 00:00:00-05:00,0.0,0.8549750030794278,0.6946671605110168,0.6946671605110168,2222,0.0,0.0
1983-01-04 00:00:00-05:00,0.0,0.9084108502016646,0.7481030225753784,0.7481030225753784,1481,0.0,0.0
1983-01-05 00:00:00-05:00,0.7481030225753784,0.7481030225753784,0.7481030225753784,0.7481030225753784,0,0.0,0.0
1983-01-06 00:00:00-05:00,0.7481030225753784,0.7481030225753784,0.7481030225753784,0.7481030225753784,0,0.0,0.0
1983-01-07 00:00:00-05:00,0.7481030225753784,0.7481030225753784,0.7481030225753784,0.7481030225753784,0,0.0,0.0
1983-01-10 00:00:00-05:00,0.7481030225753784,0.7481030225753784,0.7481030225753784,0.7481030225753784,0,0.0,0.0
1983-01-11 00:00:00-05:00,0.0,0.8549750030794278,0.6946671605110168,0.6946671605110168,741,0.0,0.0
1983-01-12 00:00:00-05:00,0.6946671605110168,0.6946671605110168,0.6946671605110168,0.6946671605110168,0,0.0,0.0
1983-01-13 00:00:00-05:00,0.0,0.8549750030794278,0.6946671605110168,0.6946671605110168,3704,0.0,0.0
1983-01-14 00:00:00-05:00,0.0,0.8549750030794278,0.6946671605110168,0.6946671605110168,2963,0.0,0.0
1983-01-17 00:00:00-05:00,0.0,0.8549750030794278,0.6946671605110168,0.6946671605110168,741,0.0,0.0
1983-01-18 00:00:00-05:00,0.0,0.8549750030794278,0.6946671605110168,0.6946671605110168,2963,0.0,0.0
1983-01-19 00:00:00-05:00,0.6946671605110168,0.6946671605110168,0.6946671605110168,0.6946671605110168,0,0.0,0.0
1983-01-20 00:00:00-05:00,0.6946671605110168,0.6946671605110168,0.6946671605110168,0.6946671605110168,0,0.0,0.0
1983-01-21 00:00:00-05:00,0.6946671605110168,0.6946671605110168,0.6946671605110168,0.6946671605110168,0,0.0,0.0
1983-01-24 00:00:00-05:00,0.6946671605110168,0.6946671605110168,0.6946671605110168,0.6946671605110168,0,0.0,0.0
1983-01-25 00:00:00-05:00,0.6946671605110168,0.6946671605110168,0.6946671605110168,0.6946671605110168,0,0.0,0.0
1983-01-26 00:00:00-05:00,0.6946671605110168,0.6946671605110168,0.6946671605110168,0.6946671605110168,0,0.0,0.0
1983-01-27 00:00:00-05:00,0.6946671605110168,0.6946671605110168,0.6946671605110168,0.6946671605110168,0,0.0,0.0
1983-01-28 00:00:00-05:00,0.6946671605110168,0.6946671605110168,0.6946671605110168,0.6946671605110168,0,0.0,0.0
1983-01-31 00:00:00-05:00,0.0,0.8549750030794278,0.6946671605110168,0.6946671605110168,0,0.0,0.0
1983-02-01 00:00:00-05:00,0.6946671605110168,0.6946671605110168,0.6946671605110168,0.6946671605110168,0,0.0,0.0
1983-02-02 00:00:00-05:00,0.6946671605110168,0.6946671605110168,0.6946671605110168,0.6946671605110168,0,0.0,0.0
1983-02-03 00:00:00-05:00,0.6946671605110168,0.6946671605110168,0.6946671605110168,0.6946671605110168,0,0.0,0.0
1983-02-04 00:00:00-05:00,0.6946671605110168,0.6946671605110168,0.6946671605110168,0.6946671605110168,0,0.0,0.0
1983-02-07 00:00:00-05:00,0.6946671605110168,0.6946671605110168,0.6946671605110168,0.6946671605110168,0,0.0,0.0
1983-02-08 00:00:00-05:00,0.6946671605110168,0.6946671605110168,0.6946671605110168,0.6946671605110168,0,0.0,0.0
1983-02-09 00:00:00-05:00,0.6946671605110168,0.6946671605110168,0.6946671605110168,0.6946671605110168,0,0.0,0.0
1983-02-10 00:00:00-05:00,0.6946671605110168,0.6946671605110168,0.6946671605110168,0.6946671605110168,0,0.0,0.0
1983-02-11 00:00:00-05:00,0.0,0.8549750030794278,0.6946671605110168,0.6946671605110168,2222,0.0,0.0
1983-02-14 00:00:00-05:00,0.6946671605110168,0.6946671605110168,0.6946671605110168,0.6946671605110168,0,0.0,0.0
1983-02-15 00:00:00-05:00,0.6946671605110168,0.6946671605110168,0.6946671605110168,0.6946671605110168,0,0.0,0.0
1983-02-16 00:00:00-05:00,0.6946671605110168,0.6946671605110168,0.6946671605110168,0.6946671605110168,0,0.0,0.0
1983-02-17 00:00:00-05:00,0.6946671605110168,0.6946671605110168,0.6946671605110168,0.6946671605110168,0,0.0,0.0
1983-02-18 00:00:00-05:00,0.6946671605110168,0.6946671605110168,0.6946671605110168,0.6946671605110168,0,0.0,0.0
1983-02-22 00:00:00-05:00,0.6946671605110168,0.6946671605110168,0.6946671605110168,0.6946671605110168,0,0.0,0.0
1983-02-23 00:00:00-05:00,0.0,0.8282569899966684,0.6946671605110168,0.6946671605110168,1481,0.0,0.0
1983-02-24 00:00:00-05:00,0.0,0.8549750030794278,0.6946671605110168,0.6946671605110168,1481,0.0,0.0
1983-02-25 00:00:00-05:00,0.6946671605110168,0.6946671605110168,0.6946671605110168,0.6946671605110168,0,0.0,0.0
1983-02-28 00:00:00-05:00,0.6946671605110168,0.6946671605110168,0.6946671605110168,0.6946671605110168,0,0.0,0.0
1983-03-01 00:00:00-05:00,0.0,0.8549750030794278,0.6946671605110168,0.6946671605110168,3704,0.0,0.0
1983-03-02 00:00:00-05:00,0.6946671605110168,0.6946671605110168,0.6946671605110168,0.6946671605110168,0,0.0,0.0
1983-03-03 00:00:00-05:00,0.0,0.8549750030794278,0.6946671605110168,0.6946671605110168,741,0.0,0.0
1983-03-04 00:00:00-05:00,0.6946671605110168,0.6946671605110168,0.6946671605110168,0.6946671605110168,0,0.0,0.0
1983-03-07 00:00:00-05:00,0.6946671605110168,0.6946671605110168,0.6946671605110168,0.6946671605110168,0,0.0,0.0
1983-03-08 00:00:00-05:00,0.6946671605110168,0.6946671605110168,0.6946671605110168,0.6946671605110168,0,0.0,0.0
1983-03-09 00:00:00-05:00,0.0,0.8015390712851671,0.6946671605110168,0.6946671605110168,741,0.0,0.0
1983-03-10 00:00:00-05:00,0.0,0.8015390712851671,0.6946671605110168,0.6946671605110168,741,0.0,0.0
1983-03-11 00:00:00-05:00,0.0,0.8015390712851671,0.6946671605110168,0.6946671605110168,7407,0.0,0.0
1983-03-14 00:00:00-05:00,0.6946671605110168,0.6946671605110168,0.6946671605110168,0.6946671605110168,0,0.0,0.0
1983-03-15 00:00:00-05:00,0.6946671605110168,0.6946671605110168,0.6946671605110168,0.6946671605110168,0,0.0,0.0
1983-03-16 00:00:00-05:00,0.0,0.8549749233881108,0.7481030225753784,0.7481030225753784,7407,0.0,0.0
1983-03-17 00:00:00-05:00,0.0,0.8549749233881108,0.7481030225753784,0.7481030225753784,741,0.0,0.0
1983-03-18 00:00:00-05:00,0.7481030225753784,0.7481030225753784,0.7481030225753784,0.7481030225753784,0,0.0,0.0
1983-03-21 00:00:00-05:00,0.0,0.9084113313095755,0.801539421081543,0.801539421081543,4444,0.0,0.0
1983-03-22 00:00:00-05:00,0.0,1.015282989480116,0.854975163936615,0.854975163936615,3704,0.0,0.0
1983-03-23 00:00:00-05:00,0.854975163936615,0.854975163936615,0.854975163936615,0.854975163936615,0,0.0,0.0
1983-03-24 00:00:00-05:00,0.854975163936615,0.854975163936615,0.854975163936615,0.854975163936615,0,0.0,0.0
1983-03-25 00:00:00-05:00,0.0,1.015282989480116,0.854975163936615,0.854975163936615,1481,0.0,0.0
1983-03-28 00:00:00-05:00,0.0,1.015282989480116,0.854975163936615,0.854975163936615,2222,0.0,0.0
1983-03-29 00:00:00-05:00,0.854975163936615,0.854975163936615,0.854975163936615,0.854975163936615,0,0.0,0.0
1983-03-30 00:00:00-05:00,0.0,0.9618470476322825,0.854975163936615,0.854975163936615,741,0.0,0.0
1983-03-31 00:00:00-05:00,0.854975163936615,0.854975163936615,0.854975163936615,0.854975163936615,0,0.0,0.0
1983-04-04 00:00:00-05:00,0.854975163936615,0.854975163936615,0.854975163936615,0.854975163936615,0,0.0,0.0
1983-04-05 00:00:00-05:00,0.854975163936615,0.854975163936615,0.854975163936615,0.854975163936615,0,0.0,0.0
1983-04-06 00:00:00-05:00,0.854975163936615,0.854975163936615,0.854975163936615,0.854975163936615,0,0.0,0.0
1983-04-07 00:00:00-05:00,0.854975163936615,0.854975163936615,0.854975163936615,0.854975163936615,0,0.0,0.0
1983-04-08 00:00:00-05:00,0.854975163936615,0.854975163936615,0.854975163936615,0.854975163936615,0,0.0,0.0
1983-04-11 00:00:00-05:00,0.854975163936615,0.854975163936615,0.854975163936615,0.854975163936615,0,0.0,0.0
1983-04-12 00:00:00-05:00,0.854975163936615,0.854975163936615,0.854975163936615,0.854975163936615,0,0.0,0.0
1983-04-13 00:00:00-05:00,0.854975163936615,0.854975163936615,0.854975163936615,0.854975163936615,0,0.0,0.0
1983-04-14 00:00:00-05:00,0.854975163936615,0.854975163936615,0.854975163936615,0.854975163936615,0,0.0,0.0
1983-04-15 00:00:00-05:00,0.854975163936615,0.854975163936615,0.854975163936615,0.854975163936615,0,0.0,0.0
1983-04-18 00:00:00-05:00,0.854975163936615,0.854975163936615,0.854975163936615,0.854975163936615,0,0.0,0.0
1983-04-19 00:00:00-05:00,0.0,0.9618470476322825,0.854975163936615,0.854975163936615,1481,0.0,0.0
1983-04-20 00:00:00-05:00,0.854975163936615,0.854975163936615,0.854975163936615,0.854975163936615,0,0.0,0.0
1983-04-21 00:00:00-05:00,0.854975163936615,0.854975163936615,0.854975163936615,0.854975163936615,0,0.0,0.0
1983-04-22 00:00:00-05:00,0.0,0.9618470476322825,0.854975163936615,0.854975163936615,3704,0.0,0.0
1983-04-25 00:00:00-04:00,0.0,0.9618470476322825,0.854975163936615,0.854975163936615,14815,0.0,0.0
1983-04-26 00:00:00-04:00,0.0,0.9618470476322825,0.854975163936615,0.854975163936615,741,0.0,0.0
1983-04-27 00:00:00-04:00,0.854975163936615,0.854975163936615,0.854975163936615,0.854975163936615,0,0.0,0.0
1983-04-28 00:00:00-04:00,0.854975163936615,0.854975163936615,0.854975163936615,0.854975163936615,0,0.0,0.0
1983-04-29 00:00:00-04:00,0.854975163936615,0.854975163936615,0.854975163936615,0.854975163936615,0,0.0,0.0
1983-05-02 00:00:00-04:00,0.854975163936615,0.854975163936615,0.854975163936615,0.854975163936615,0,0.0,0.0
1983-05-03 00:00:00-04:00,0.0,0.9084107763652145,0.8282568454742432,0.8282568454742432,1481,0.0,0.0
1983-05-04 00:00:00-04:00,0.0,0.9084107763652145,0.8282568454742432,0.8282568454742432,1481,0.0,0.0
1983-05-05 00:00:00-04:00,0.8282568454742432,0.8282568454742432,0.8282568454742432,0.8282568454742432,0,0.0,0.0
1983-05-06 00:00:00-04:00,0.8282568454742432,0.8282568454742432,0.8282568454742432,0.8282568454742432,0,0.0,0.0
1983-05-09 00:00:00-04:00,0.0,0.9084107763652145,0.8282568454742432,0.8282568454742432,4444,0.0,0.0
1983-05-10 00:00:00-04:00,0.0,0.9084107763652145,0.8282568454742432,0.8282568454742432,2222,0.0,0.0
1983-05-11 00:00:00-04:00,0.0,0.8816927679444768,0.8282568454742432,0.8282568454742432,1481,0.0,0.0
1983-05-12 00:00:00-04:00,0.0,0.8816927679444768,0.8282568454742432,0.8282568454742432,10370,0.0,0.0
1983-05-13 00:00:00-04:00,0.0,0.8816927679444768,0.8282568454742432,0.8282568454742432,12593,0.0,0.0
1983-05-16 00:00:00-04:00,0.0,0.9351290295227277,0.854975163936615,0.854975163936615,50370,0.0,0.0
1983-05-17 00:00:00-04:00,0.0,0.9618466329381302,0.8816927075386047,0.8816927075386047,1481,0.0,0.0
1983-05-18 00:00:00-04:00,0.8816927075386047,0.8816927075386047,0.8816927075386047,0.8816927075386047,0,0.0,0.0
1983-05-19 00:00:00-04:00,0.8816927075386047,0.8816927075386047,0.8816927075386047,0.8816927075386047,0,0.0,0.0
1983-05-20 00:00:00-04:00,0.8816927075386047,0.8816927075386047,0.8816927075386047,0.8816927075386047,0,0.0,0.0
1983-05-23 00:00:00-04:00,0.0,0.9618470476322825,0.854975163936615,0.854975163936615,1481,0.0,0.0
1983-05-24 00:00:00-04:00,0.0,1.0687190189408764,0.9618471264839172,0.9618471264839172,9630,0.0,0.0
1983-05-25 00:00:00-04:00,0.0,1.175590951976455,1.0152831077575684,1.0152831077575684,4444,0.0,0.0
1983-05-26 00:00:00-04:00,1.0152831077575684,1.0152831077575684,1.0152831077575684,1.0152831077575684,0,0.0,0.0
1983-05-27 00:00:00-04:00,0.0,1.2290269000494172,1.0152831077575684,1.0152831077575684,13333,0.0,0.0
1983-05-31 00:00:00-04:00,0.0,1.2290269000494172,1.0152831077575684,1.0152831077575684,13333,0.0,0.0
1983-06-01 00:00:00-04:00,1.0152831077575684,1.0152831077575684,1.0152831077575684,1.0152831077575684,0,0.0,0.0
1983-06-02 00:00:00-04:00,1.0152831077575684,1.0152831077575684,1.0152831077575684,1.0152831077575684,0,0.0,0.0
1983-06-03 00:00:00-04:00,1.0152831077575684,1.0152831077575684,1.0152831077575684,1.0152831077575684,0,0.0,0.0
1983-06-06 00:00:00-04:00,1.0152831077575684,1.0152831077575684,1.0152831077575684,1.0152831077575684,0,0.0,0.0
1983-06-07 00:00:00-04:00,1.0152831077575684,1.0152831077575684,1.0152831077575684,1.0152831077575684,0,0.0,0.0
1983-06-08 00:00:00-04:00,0.0,1.2290269000494172,1.0152831077575684,1.0152831077575684,3704,0.0,0.0
1983-06-09 00:00:00-04:00,1.0152831077575684,1.0152831077575684,1.0152831077575684,1.0152831077575684,0,0.0,0.0
1983-06-10 00:00:00-04:00,1.0152831077575684,1.0152831077575684,1.0152831077575684,1.0152831077575684,0,0.0,0.0
1983-06-13 00:00:00-04:00,1.0152831077575684,1.0152831077575684,1.0152831077575684,1.0152831077575684,0,0.0,0.0
1983-06-14 00:00:00-04:00,1.0152831077575684,1.0152831077575684,1.0152831077575684,1.0152831077575684,0,0.0,0.0
1983-06-15 00:00:00-04:00,0.0,1.2290269000494172,1.0152831077575684,1.0152831077575684,741,0.0,0.0
1983-06-16 00:00:00-04:00,0.0,1.2290269000494172,1.0152831077575684,1.0152831077575684,1481,0.0,0.0
1983-06-17 00:00:00-04:00,1.0152831077575684,1.0152831077575684,1.0152831077575684,1.0152831077575684,0,0.0,0.0
1983-06-20 00:00:00-04:00,1.0152831077575684,1.0152831077575684,1.0152831077575684,1.0152831077575684,0,0.0,0.0
1983-06-21 00:00:00-04:00,1.0152831077575684,1.0152831077575684,1.0152831077575684,1.0152831077575684,0,0.0,0.0
1983-06-22 00:00:00-04:00,1.0152831077575684,1.0152831077575684,1.0152831077575684,1.0152831077575684,0,0.0,0.0
1983-06-23 00:00:00-04:00,1.0152831077575684,1.0152831077575684,1.0152831077575684,1.0152831077575684,0,0.0,0.0
1983-06-24 00:00:00-04:00,0.0,1.3358983161555693,1.068718671798706,1.068718671798706,3704,0.0,0.0
1983-06-27 00:00:00-04:00,0.0,1.3358983161555693,1.068718671798706,1.068718671798706,3704,0.0,0.0
1983-06-28 00:00:00-04:00,0.0,1.3358983161555693,1.068718671798706,1.068718671798706,2222,0.0,0.0
1983-06-29 00:00:00-04:00,1.068718671798706,1.068718671798706,1.068718671798706,1.068718671798706,0,0.0,0.0
1983-06-30 00:00:00-04:00,1.068718671798706,1.068718671798706,1.068718671798706,1.068718671798706,0,0.0,0.0
1983-07-01 00:00:00-04:00,1.068718671798706,1.068718671798706,1.068718671798706,1.068718671798706,0,0.0,0.0
1983-07-05 00:00:00-04:00,1.068718671798706,1.068718671798706,1.068718671798706,1.068718671798706,0,0.0,0.0
1983-07-06 00:00:00-04:00,0.0,1.3091807127970754,1.095436930656433,1.095436930656433,2222,0.0,0.0
1983-07-07 00:00:00-04:00,0.0,1.3358983161555693,1.068718671798706,1.068718671798706,0,0.0,0.0
1983-07-08 00:00:00-04:00,1.068718671798706,1.068718671798706,1.068718671798706,1.068718671798706,0,0.0,0.0
1983-07-11 00:00:00-04:00,1.068718671798706,1.068718671798706,1.068718671798706,1.068718671798706,0,0.0,0.0
1983-07-12 00:00:00-04:00,1.068718671798706,1.068718671798706,1.068718671798706,1.068718671798706,0,0.0,0.0
1983-07-13 00:00:00-04:00,1.068718671798706,1.068718671798706,1.068718671798706,1.068718671798706,0,0.0,0.0
1983-07-14 00:00:00-04:00,1.068718671798706,1.068718671798706,1.068718671798706,1.068718671798706,0,0.0,0.0
1983-07-15 00:00:00-04:00,0.0,1.3358983161555693,1.068718671798706,1.068718671798706,9630,0.0,0.0
1983-07-18 00:00:00-04:00,1.068718671798706,1.068718671798706,1.068718671798706,1.068718671798706,0,0.0,0.0
1983-07-19 00:00:00-04:00,1.068718671798706,1.068718671798706,1.068718671798706,1.068718671798706,0,0.0,0.0
1983-07-20 00:00:00-04:00,0.0,1.1755905295414513,1.068718671798706,1.068718671798706,2963,0.0,0.0
1983-07-21 00:00:00-04:00,0.0,1.1755905295414513,1.068718671798706,1.068718671798706,741,0.0,0.0
1983-07-22 00:00:00-04:00,0.0,1.1755905295414513,1.068718671798706,1.068718671798706,2222,0.0,0.0
1983-07-25 00:00:00-04:00,0.0,1.1755905295414513,1.068718671798706,1.068718671798706,741,0.0,0.0
1983-07-26 00:00:00-04:00,0.0,1.2557447672619149,1.095436930656433,1.095436930656433,4444,0.0,0.0
1983-07-27 00:00:00-04:00,1.095436930656433,1.095436930656433,1.095436930656433,1.095436930656433,0,0.0,0.0
1983-07-28 00:00:00-04:00,2.190873861312866,2.190873861312866,2.190873861312866,2.190873861312866,0,0.0,2.0
1983-07-29 00:00:00-04:00,2.190873861312866,2.190873861312866,2.190873861312866,2.190873861312866,0,0.0,0.0
1983-08-01 00:00:00-04:00,2.190873861312866,2.190873861312866,2.190873861312866,2.190873861312866,0,0.0,0.0
1983-08-02 00:00:00-04:00,2.190873861312866,2.190873861312866,2.190873861312866,2.190873861312866,0,0.0,0.0
1983-08-03 00:00:00-04:00,0.0,1.2824626515312942,1.1221548318862915,1.1221548318862915,3704,0.0,0.0
1983-08-04 00:00:00-04:00,0.0,1.2824626515312942,1.1221548318862915,1.1221548318862915,4444,0.0,0.0
1983-08-05 00:00:00-04:00,1.1221548318862915,1.1221548318862915,1.1221548318862915,1.1221548318862915,0,0.0,0.0
1983-08-08 00:00:00-04:00,0.0,1.2824626515312942,1.1221548318862915,1.1221548318862915,370,0.0,0.0
1983-08-09 00:00:00-04:00,1.1221548318862915,1.1221548318862915,1.1221548318862915,1.1221548318862915,0,0.0,0.0
1983-08-10 00:00:00-04:00,1.1221548318862915,1.1221548318862915,1.1221548318862915,1.1221548318862915,0,0.0,0.0
1983-08-11 00:00:00-04:00,1.1221548318862915,1.1221548318862915,1.1221548318862915,1.1221548318862915,0,0.0,0.0
1983-08-12 00:00:00-04:00,0.0,1.3893348943931567,1.2290270328521729,1.2290270328521729,1111,0.0,0.0
1983-08-15 00:00:00-04:00,1.2290270328521729,1.2290270328521729,1.2290270328521729,1.2290270328521729,0,0.0,0.0
1983-08-16 00:00:00-04:00,0.0,1.496205651926136,1.2824620008468628,1.2824620008468628,2593,0.0,0.0
1983-08-17 00:00:00-04:00,1.2824620008468628,1.2824620008468628,1.2824620008468628,1.2824620008468628,0,0.0,0.0
1983-08-18 00:00:00-04:00,1.2824620008468628,1.2824620008468628,1.2824620008468628,1.2824620008468628,0,0.0,0.0
1983-08-19 00:00:00-04:00,0.0,1.496205651926136,1.2824620008468628,1.2824620008468628,0,0.0,0.0
1983-08-22 00:00:00-04:00,1.2824620008468628,1.2824620008468628,1.2824620008468628,1.2824620008468628,0,0.0,0.0
1983-08-23 00:00:00-04:00,0.0,1.496205651926136,1.2824620008468628,1.2824620008468628,1852,0.0,0.0
1983-08-24 00:00:00-04:00,0.0,1.4427697391563177,1.2824620008468628,1.2824620008468628,1852,0.0,0.0
1983-08-25 00:00:00-04:00,0.0,1.389333805352055,1.17559015750885,1.17559015750885,1852,0.0,0.0
1983-08-26 00:00:00-04:00,1.17559015750885,1.17559015750885,1.17559015750885,1.17559015750885,0,0.0,0.0
1983-08-29 00:00:00-04:00,1.17559015750885,1.17559015750885,1.17559015750885,1.17559015750885,0,0.0,0.0
1983-08-30 00:00:00-04:00,0.0,1.3893348943931567,1.2290270328521729,1.2290270328521729,370,0.0,0.0
1983-08-31 00:00:00-04:00,1.2290270328521729,1.2290270328521729,1.2290270328521729,1.2290270328521729,0,0.0,0.0
1983-09-01 00:00:00-04:00,1.2290270328521729,1.2290270328521729,1.2290270328521729,1.2290270328521729,0,0.0,0.0
1983-09-02 00:00:00-04:00,1.2290270328521729,1.2290270328521729,1.2290270328521729,1.2290270328521729,0,0.0,0.0
1983-09-06 00:00:00-04:00,1.2290270328521729,1.2290270328521729,1.2290270328521729,1.2290270328521729,0,0.0,0.0
1983-09-07 00:00:00-04:00,1.2290270328521729,1.2290270328521729,1.2290270328521729,1.2290270328521729,0,0.0,0.0
1983-09-08 00:00:00-04:00,1.2290270328521729,1.2290270328521729,1.2290270328521729,1.2290270328521729,0,0.0,0.0
1983-09-09 00:00:00-04:00,1.2290270328521729,1.2290270328521729,1.2290270328521729,1.2290270328521729,0,0.0,0.0
1983-09-12 00:00:00-04:00,1.2290270328521729,1.2290270328521729,1.2290270328521729,1.2290270328521729,0,0.0,0.0
1983-09-13 00:00:00-04:00,1.2290270328521729,1.2290270328521729,1.2290270328521729,1.2290270328521729,0,0.0,0.0
1983-09-14 00:00:00-04:00,1.2290270328521729,1.2290270328521729,1.2290270328521729,1.2290270328521729,0,0.0,0.0
1983-09-15 00:00:00-04:00,1.2290270328521729,1.2290270328521729,1.2290270328521729,1.2290270328521729,0,0.0,0.0
1983-09-16 00:00:00-04:00,0.0,1.496205651926136,1.2824620008468628,1.2824620008468628,3704,0.0,0.0
1983-09-19 00:00:00-04:00,0.0,1.496205651926136,1.2824620008468628,1.2824620008468628,370,0.0,0.0
1983-09-20 00:00:00-04:00,0.0,1.496205651926136,1.2824620008468628,1.2824620008468628,370,0.0,0.0
1983-09-21 00:00:00-04:00,0.0,1.4427697391563177,1.2824620008468628,1.2824620008468628,1481,0.0,0.0
1983-09-22 00:00:00-04:00,1.2824620008468628,1.2824620008468628,1.2824620008468628,1.2824620008468628,0,0.0,0.0
1983-09-23 00:00:00-04:00,1.2824620008468628,1.2824620008468628,1.2824620008468628,1.2824620008468628,0,0.0,0.0
1983-09-26 00:00:00-04:00,1.2824620008468628,1.2824620008468628,1.2824620008468628,1.2824620008468628,0,0.0,0.0
1983-09-27 00:00:00-04:00,1.2824620008468628,1.2824620008468628,1.2824620008468628,1.2824620008468628,0,0.0,0.0
1983-09-28 00:00:00-04:00,1.2824620008468628,1.2824620008468628,1.2824620008468628,1.2824620008468628,0,0.0,0.0
1983-09-29 00:00:00-04:00,1.2824620008468628,1.2824620008468628,1.2824620008468628,1.2824620008468628,0,0.0,0.0
1983-09-30 00:00:00-04:00,0.0,1.4427708482401513,1.2290270328521729,1.2290270328521729,1852,0.0,0.0
1983-10-03 00:00:00-04:00,0.0,1.4427708482401513,1.2290270328521729,1.2290270328521729,0,0.0,0.0
1983-10-04 00:00:00-04:00,0.0,1.4427708482401513,1.2290270328521729,1.2290270328521729,741,0.0,0.0
1983-10-05 00:00:00-04:00,0.0,1.4427708482401513,1.2290270328521729,1.2290270328521729,1481,0.0,0.0
1983-10-06 00:00:00-04:00,0.0,1.4427697391563177,1.2824620008468628,1.2824620008468628,1852,0.0,0.0
1983-10-07 00:00:00-04:00,0.0,1.4427708482401513,1.2290270328521729,1.2290270328521729,370,0.0,0.0
1983-10-10 00:00:00-04:00,1.2290270328521729,1.2290270328521729,1.2290270328521729,1.2290270328521729,0,0.0,0.0
1983-10-11 00:00:00-04:00,0.0,1.4427708482401513,1.2290270328521729,1.2290270328521729,1111,0.0,0.0
1983-10-12 00:00:00-04:00,0.0,1.4427708482401513,1.2290270328521729,1.2290270328521729,4444,0.0,0.0
1983-10-13 00:00:00-04:00,0.0,1.4427708482401513,1.2290270328521729,1.2290270328521729,1111,0.0,0.0
1983-10-14 00:00:00-04:00,0.0,1.4427708482401513,1.2290270328521729,1.2290270328521729,370,0.0,0.0
1983-10-17 00:00:00-04:00,0.0,1.4427708482401513,1.2290270328521729,1.2290270328521729,370,0.0,0.0
1983-10-18 00:00:00-04:00,1.2290270328521729,1.2290270328521729,1.2290270328521729,1.2290270328521729,0,0.0,0.0
1983-10-19 00:00:00-04:00,1.2290270328521729,1.2290270328521729,1.2290270328521729,1.2290270328521729,0,0.0,0.0
1983-10-20 00:00:00-04:00,1.2290270328521729,1.2290270328521729,1.2290270328521729,1.2290270328521729,0,0.0,0.0
1983-10-21 00:00:00-04:00,1.2290270328521729,1.2290270328521729,1.2290270328521729,1.2290270328521729,0,0.0,0.0
1983-10-24 00:00:00-04:00,1.2290270328521729,1.2290270328521729,1.2290270328521729,1.2290270328521729,0,0.0,0.0
1983-10-25 00:00:00-04:00,1.2290270328521729,1.2290270328521729,1.2290270328521729,1.2290270328521729,0,0.0,0.0
1983-10-26 00:00:00-04:00,0.0,1.4427708482401513,1.2290270328521729,1.2290270328521729,741,0.0,0.0
1983-10-27 00:00:00-04:00,1.2290270328521729,1.2290270328521729,1.2290270328521729,1.2290270328521729,0,0.0,0.0
1983-10-28 00:00:00-04:00,1.2290270328521729,1.2290270328521729,1.2290270328521729,1.2290270328521729,0,0.0,0.0
1983-10-31 00:00:00-05:00,0.0,1.4427708482401513,1.2290270328521729,1.2290270328521729,3704,0.0,0.0
1983-11-01 00:00:00-05:00,0.0,1.4427708482401513,1.2290270328521729,1.2290270328521729,2222,0.0,0.0
1983-11-02 00:00:00-05:00,1.2290270328521729,1.2290270328521729,1.2290270328521729,1.2290270328521729,0,0.0,0.0
1983-11-03 00:00:00-05:00,1.2290270328521729,1.2290270328521729,1.2290270328521729,1.2290270328521729,0,0.0,0.0
1983-11-04 00:00:00-05:00,1.2290270328521729,1.2290270328521729,1.2290270328521729,1.2290270328521729,0,0.0,0.0
1983-11-07 00:00:00-05:00,1.2290270328521729,1.2290270328521729,1.2290270328521729,1.2290270328521729,0,0.0,0.0
1983-11-08 00:00:00-05:00,0.0,1.4427708482401513,1.2290270328521729,1.2290270328521729,2593,0.0,0.0
1983-11-09 00:00:00-05:00,1.2290270328521729,1.2290270328521729,1.2290270328521729,1.2290270328521729,0,0.0,0.0
1983-11-10 00:00:00-05:00,1.2290270328521729,1.2290270328521729,1.2290270328521729,1.2290270328521729,0,0.0,0.0
1983-11-11 00:00:00-05:00,1.2290270328521729,1.2290270328521729,1.2290270328521729,1.2290270328521729,0,0.0,0.0
1983-11-14 00:00:00-05:00,1.2290270328521729,1.2290270328521729,1.2290270328521729,1.2290270328521729,0,0.0,0.0
1983-11-15 00:00:00-05:00,0.0,1.4427708482401513,1.2290270328521729,1.2290270328521729,1481,0.0,0.0
1983-11-16 00:00:00-05:00,1.2290270328521729,1.2290270328521729,1.2290270328521729,1.2290270328521729,0,0.0,0.0
1983-11-17 00:00:00-05:00,1.2290270328521729,1.2290270328521729,1.2290270328521729,1.2290270328521729,0,0.0,0.0
1983-11-18 00:00:00-05:00,1.2290270328521729,1.2290270328521729,1.2290270328521729,1.2290270328521729,0,0.0,0.0
1983-11-21 00:00:00-05:00,1.2290270328521729,1.2290270328521729,1.2290270328521729,1.2290270328521729,0,0.0,0.0
1983-11-22 00:00:00-05:00,1.2290270328521729,1.2290270328521729,1.2290270328521729,1.2290270328521729,0,0.0,0.0
1983-11-23 00:00:00-05:00,1.2290270328521729,1.2290270328521729,1.2290270328521729,1.2290270328521729,0,0.0,0.0
1983-11-25 00:00:00-05:00,1.2290270328521729,1.2290270328521729,1.2290270328521729,1.2290270328521729,0,0.0,0.0
1983-11-28 00:00:00-05:00,0.0,1.4427708482401513,1.2290270328521729,1.2290270328521729,741,0.0,0.0
1983-11-29 00:00:00-05:00,1.2290270328521729,1.2290270328521729,1.2290270328521729,1.2290270328521729,0,0.0,0.0
1983-11-30 00:00:00-05:00,1.2290270328521729,1.2290270328521729,1.2290270328521729,1.2290270328521729,0,0.0,0.0
1983-12-01 00:00:00-05:00,1.2290270328521729,1.2290270328521729,1.2290270328521729,1.2290270328521729,0,0.0,0.0
1983-12-02 00:00:00-05:00,0.0,1.4427708482401513,1.2290270328521729,1.2290270328521729,0,0.0,0.0
1983-12-05 00:00:00-05:00,1.2290270328521729,1.2290270328521729,1.2290270328521729,1.2290270328521729,0,0.0,0.0
1983-12-06 00:00:00-05:00,1.2290270328521729,1.2290270328521729,1.2290270328521729,1.2290270328521729,0,0.0,0.0
1983-12-07 00:00:00-05:00,1.2290270328521729,1.2290270328521729,1.2290270328521729,1.2290270328521729,0,0.0,0.0
1983-12-08 00:00:00-05:00,1.2290270328521729,1.2290270328521729,1.2290270328521729,1.2290270328521729,0,0.0,0.0
1983-12-09 00:00:00-05:00,0.0,1.4427708482401513,1.2290270328521729,1.2290270328521729,741,0.0,0.0
1983-12-12 00:00:00-05:00,1.2290270328521729,1.2290270328521729,1.2290270328521729,1.2290270328521729,0,0.0,0.0
1983-12-13 00:00:00-05:00,1.2290270328521729,1.2290270328521729,1.2290270328521729,1.2290270328521729,0,0.0,0.0
1983-12-14 00:00:00-05:00,0.0,1.496205651926136,1.2824620008468628,1.2824620008468628,370,0.0,0.0
1983-12-15 00:00:00-05:00,0.0,1.4962060515357811,1.3091802597045898,1.3091802597045898,1481,0.0,0.0
1983-12-16 00:00:00-05:00,0.0,1.5229251605262561,1.3358992338180542,1.3358992338180542,0,0.0,0.0
1983-12-19 00:00:00-05:00,1.3358992338180542,1.3358992338180542,1.3358992338180542,1.3358992338180542,0,0.0,0.0
1983-12-20 00:00:00-05:00,1.3358992338180542,1.3358992338180542,1.3358992338180542,1.3358992338180542,0,0.0,0.0
1983-12-21 00:00:00-05:00,1.3358992338180542,1.3358992338180542,1.3358992338180542,1.3358992338180542,0,0.0,0.0
1983-12-22 00:00:00-05:00,1.3358992338180542,1.3358992338180542,1.3358992338180542,1.3358992338180542,0,0.0,0.0
1983-12-23 00:00:00-05:00,1.3358992338180542,1.3358992338180542,1.3358992338180542,1.3358992338180542,0,0.0,0.0
1983-12-27 00:00:00-05:00,1.3358992338180542,1.3358992338180542,1.3358992338180542,1.3358992338180542,0,0.0,0.0
1983-12-28 00:00:00-05:00,1.3358992338180542,1.3358992338180542,1.3358992338180542,1.3358992338180542,0,0.0,0.0
1983-12-29 00:00:00-05:00,1.3358992338180542,1.3358992338180542,1.3358992338180542,1.3358992338180542,0,0.0,0.0
1983-12-30 00:00:00-05:00,1.3358992338180542,1.3358992338180542,1.3358992338180542,1.3358992338180542,0,0.0,0.0
1984-01-03 00:00:00-05:00,1.3358992338180542,1.3358992338180542,1.3358992338180542,1.3358992338180542,0,0.0,0.0
1984-01-04 00:00:00-05:00,1.3358992338180542,1.3358992338180542,1.3358992338180542,1.3358992338180542,0,0.0,0.0
1984-01-05 00:00:00-05:00,1.3358992338180542,1.3358992338180542,1.3358992338180542,1.3358992338180542,0,0.0,0.0
1984-01-06 00:00:00-05:00,1.3358992338180542,1.3358992338180542,1.3358992338180542,1.3358992338180542,0,0.0,0.0
1984-01-09 00:00:00-05:00,0.0,1.6030783962295971,1.4427704811096191,1.4427704811096191,4074,0.0,0.0
1984-01-10 00:00:00-05:00,0.0,1.6030783962295971,1.4427704811096191,1.4427704811096191,2222,0.0,0.0
1984-01-11 00:00:00-05:00,1.4427704811096191,1.4427704811096191,1.4427704811096191,1.4427704811096191,0,0.0,0.0
1984-01-12 00:00:00-05:00,0.0,1.6030783962295971,1.4427704811096191,1.4427704811096191,741,0.0,0.0
1984-01-13 00:00:00-05:00,1.4427704811096191,1.4427704811096191,1.4427704811096191,1.4427704811096191,0,0.0,0.0
1984-01-16 00:00:00-05:00,0.0,1.6030783962295971,1.4427704811096191,1.4427704811096191,741,0.0,0.0
1984-01-17 00:00:00-05:00,1.4427704811096191,1.4427704811096191,1.4427704811096191,1.4427704811096191,0,0.0,0.0
1984-01-18 00:00:00-05:00,1.4427704811096191,1.4427704811096191,1.4427704811096191,1.4427704811096191,0,0.0,0.0
1984-01-19 00:00:00-05:00,1.4427704811096191,1.4427704811096191,1.4427704811096191,1.4427704811096191,0,0.0,0.0
1984-01-20 00:00:00-05:00,1.4427704811096191,1.4427704811096191,1.4427704811096191,1.4427704811096191,0,0.0,0.0
1984-01-23 00:00:00-05:00,1.4427704811096191,1.4427704811096191,1.4427704811096191,1.4427704811096191,0,0.0,0.0
1984-01-24 00:00:00-05:00,0.0,1.5496417330888712,1.416051983833313,1.416051983833313,2593,0.0,0.0
1984-01-25 00:00:00-05:00,0.0,1.5496417330888712,1.416051983833313,1.416051983833313,2593,0.0,0.0
1984-01-26 00:00:00-05:00,1.416051983833313,1.416051983833313,1.416051983833313,1.416051983833313,0,0.0,0.0
1984-01-27 00:00:00-05:00,1.416051983833313,1.416051983833313,1.416051983833313,1.416051983833313,0,0.0,0.0
1984-01-30 00:00:00-05:00,0.0,1.5496417330888712,1.416051983833313,1.416051983833313,741,0.0,0.0
1984-01-31 00:00:00-05:00,1.416051983833313,1.416051983833313,1.416051983833313,1.416051983833313,0,0.0,0.0
1984-02-01 00:00:00-05:00,1.416051983833313,1.416051983833313,1.416051983833313,1.416051983833313,0,0.0,0.0
1984-02-02 00:00:00-05:00,1.416051983833313,1.416051983833313,1.416051983833313,1.416051983833313,0,0.0,0.0
1984-02-03 00:00:00-05:00,1.416051983833313,1.416051983833313,1.416051983833313,1.416051983833313,0,0.0,0.0
1984-02-06 00:00:00-05:00,1.416051983833313,1.416051983833313,1.416051983833313,1.416051983833313,0,0.0,0.0
1984-02-07 00:00:00-05:00,1.416051983833313,1.416051983833313,1.416051983833313,1.416051983833313,0,0.0,0.0
1984-02-08 00:00:00-05:00,0.0,1.5496417330888712,1.416051983833313,1.416051983833313,3704,0.0,0.0
1984-02-09 00:00:00-05:00,1.416051983833313,1.416051983833313,1.416051983833313,1.416051983833313,0,0.0,0.0
1984-02-10 00:00:00-05:00,1.416051983833313,1.416051983833313,1.416051983833313,1.416051983833313,0,0.0,0.0
1984-02-13 00:00:00-05:00,0.0,1.5496417330888712,1.416051983833313,1.416051983833313,3704,0.0,0.0
1984-02-14 00:00:00-05:00,0.0,1.5496417330888712,1.416051983833313,1.416051983833313,7407,0.0,0.0
1984-02-15 00:00:00-05:00,1.416051983833313,1.416051983833313,1.416051983833313,1.416051983833313,0,0.0,0.0
1984-02-16 00:00:00-05:00,1.416051983833313,1.416051983833313,1.416051983833313,1.416051983833313,0,0.0,0.0
1984-02-17 00:00:00-05:00,0.0,1.5496421164048155,1.3893343210220337,1.3893343210220337,741,0.0,0.0
1984-02-21 00:00:00-05:00,0.0,1.5496421164048155,1.3893343210220337,1.3893343210220337,370,0.0,0.0
1984-02-22 00:00:00-05:00,0.0,1.5496417330888712,1.416051983833313,1.416051983833313,7407,0.0,0.0
1984-02-23 00:00:00-05:00,1.416051983833313,1.416051983833313,1.416051983833313,1.416051983833313,0,0.0,0.0
1984-02-24 00:00:00-05:00,1.416051983833313,1.416051983833313,1.416051983833313,1.416051983833313,0,0.0,0.0
1984-02-27 00:00:00-05:00,1.416051983833313,1.416051983833313,1.416051983833313,1.416051983833313,0,0.0,0.0
1984-02-28 00:00:00-05:00,1.416051983833313,1.416051983833313,1.416051983833313,1.416051983833313,0,0.0,0.0
1984-02-29 00:00:00-05:00,1.416051983833313,1.416051983833313,1.416051983833313,1.416051983833313,0,0.0,0.0
1984-03-01 00:00:00-05:00,1.416051983833313,1.416051983833313,1.416051983833313,1.416051983833313,0,0.0,0.0
1984-03-02 00:00:00-05:00,1.416051983833313,1.416051983833313,1.416051983833313,1.416051983833313,0,0.0,0.0
1984-03-05 00:00:00-05:00,1.416051983833313,1.416051983833313,1.416051983833313,1.416051983833313,0,0.0,0.0
1984-03-06 00:00:00-05:00,1.416051983833313,1.416051983833313,1.416051983833313,1.416051983833313,0,0.0,0.0
1984-03-07 00:00:00-05:00,0.0,1.5496417330888712,1.416051983833313,1.416051983833313,14815,0.0,0.0
1984-03-08 00:00:00-05:00,0.0,1.5496417330888712,1.416051983833313,1.416051983833313,2593,0.0,0.0
1984-03-09 00:00:00-05:00,0.0,1.5496421164048155,1.3893343210220337,1.3893343210220337,1111,0.0,0.0
1984-03-12 00:00:00-05:00,1.3893343210220337,1.3893343210220337,1.3893343210220337,1.3893343210220337,0,0.0,0.0
1984-03-13 00:00:00-05:00,0.0,1.5496421164048155,1.3893343210220337,1.3893343210220337,370,0.0,0.0
1984-03-14 00:00:00-05:00,0.0,1.5496421164048155,1.3893343210220337,1.3893343210220337,1481,0.0,0.0
1984-03-15 00:00:00-05:00,0.0,1.7099502357233538,1.5496423244476318,1.5496423244476318,4074,0.0,0.0
1984-03-16 00:00:00-05:00,0.0,1.7099502357233538,1.5496423244476318,1.5496423244476318,4444,0.0,0.0
1984-03-19 00:00:00-05:00,1.5496423244476318,1.5496423244476318,1.5496423244476318,1.5496423244476318,0,0.0,0.0
1984-03-20 00:00:00-05:00,1.5496423244476318,1.5496423244476318,1.5496423244476318,1.5496423244476318,0,0.0,0.0
1984-03-21 00:00:00-05:00,0.0,1.7099502357233538,1.5496423244476318,1.5496423244476318,1111,0.0,0.0
1984-03-22 00:00:00-05:00,1.5496423244476318,1.5496423244476318,1.5496423244476318,1.5496423244476318,0,0.0,0.0
1984-03-23 00:00:00-05:00,1.5496423244476318,1.5496423244476318,1.5496423244476318,1.5496423244476318,0,0.0,0.0
1984-03-26 00:00:00-05:00,1.5496423244476318,1.5496423244476318,1.5496423244476318,1.5496423244476318,0,0.0,0.0
1984-03-27 00:00:00-05:00,1.5496423244476318,1.5496423244476318,1.5496423244476318,1.5496423244476318,0,0.0,0.0
1984-03-28 00:00:00-05:00,0.0,1.7099502357233538,1.5496423244476318,1.5496423244476318,14074,0.0,0.0
1984-03-29 00:00:00-05:00,1.5496423244476318,1.5496423244476318,1.5496423244476318,1.5496423244476318,0,0.0,0.0
1984-03-30 00:00:00-05:00,0.0,1.7099502357233538,1.5496423244476318,1.5496423244476318,0,0.0,0.0
1984-04-02 00:00:00-05:00,0.0,1.7099502357233538,1.5496423244476318,1.5496423244476318,0,0.0,0.0
1984-04-03 00:00:00-05:00,1.5496423244476318,1.5496423244476318,1.5496423244476318,1.5496423244476318,0,0.0,0.0
1984-04-04 00:00:00-05:00,0.0,1.7099507570593324,1.576360821723938,1.576360821723938,741,0.0,0.0
1984-04-05 00:00:00-05:00,0.0,1.7099507570593324,1.576360821723938,1.576360821723938,4815,0.0,0.0
1984-04-06 00:00:00-05:00,1.576360821723938,1.576360821723938,1.576360821723938,1.576360821723938,0,0.0,0.0
1984-04-09 00:00:00-05:00,0.0,1.7099507570593324,1.576360821723938,1.576360821723938,2593,0.0,0.0
1984-04-10 00:00:00-05:00,1.576360821723938,1.576360821723938,1.576360821723938,1.576360821723938,0,0.0,0.0
1984-04-11 00:00:00-05:00,0.0,1.7633866131338356,1.603078842163086,1.603078842163086,4444,0.0,0.0
1984-04-12 00:00:00-05:00,0.0,1.816822662619151,1.603078842163086,1.603078842163086,8148,0.0,0.0
1984-04-13 00:00:00-05:00,1.603078842163086,1.603078842163086,1.603078842163086,1.603078842163086,0,0.0,0.0
1984-04-16 00:00:00-05:00,0.0,2.0305662003224394,1.816822409629822,1.8168224096298218,1852,0.0,0.0
1984-04-17 00:00:00-05:00,0.0,2.030566533404089,1.8702585697174072,1.8702585697174072,1852,0.0,0.0
1984-04-18 00:00:00-05:00,1.8702585697174072,1.8702585697174072,1.8702585697174072,1.8702585697174072,0,0.0,0.0
1984-04-19 00:00:00-05:00,0.0,2.0840019972819896,1.9236942529678345,1.9236942529678345,0,0.0,0.0
1984-04-23 00:00:00-05:00,0.0,2.2443100078069853,2.0305662155151367,2.0305662155151367,2963,0.0,0.0
1984-04-24 00:00:00-05:00,0.0,2.244309695864856,2.0840017795562744,2.0840017795562744,741,0.0,0.0
1984-04-25 00:00:00-05:00,0.0,2.297745542139351,2.0840017795562744,2.0840017795562744,370,0.0,0.0
1984-04-26 00:00:00-05:00,0.0,2.297745542139351,2.0840017795562744,2.0840017795562744,2593,0.0,0.0
1984-04-27 00:00:00-05:00,0.0,2.297745542139351,2.0840017795562744,2.0840017795562744,6667,0.0,0.0
1984-04-30 00:00:00-04:00,0.0,2.297745542139351,2.0840017795562744,2.0840017795562744,741,0.0,0.0
1984-05-01 00:00:00-04:00,2.0840017795562744,2.0840017795562744,2.0840017795562744,2.0840017795562744,0,0.0,0.0
1984-05-02 00:00:00-04:00,0.0,2.297745542139351,2.0840017795562744,2.0840017795562744,1481,0.0,0.0
1984-05-03 00:00:00-04:00,0.0,2.297745542139351,2.0840017795562744,2.0840017795562744,11111,0.0,0.0
1984-05-04 00:00:00-04:00,0.0,2.297745542139351,2.0840017795562744,2.0840017795562744,7407,0.0,0.0
1984-05-07 00:00:00-04:00,0.0,2.297745542139351,2.0840017795562744,2.0840017795562744,1852,0.0,0.0
1984-05-08 00:00:00-04:00,0.0,2.297745542139351,2.0840017795562744,2.0840017795562744,370,0.0,0.0
1984-05-09 00:00:00-04:00,0.0,2.297745542139351,2.0840017795562744,2.0840017795562744,3704,0.0,0.0
1984-05-10 00:00:00-04:00,0.0,2.297745542139351,2.0840017795562744,2.0840017795562744,1852,0.0,0.0
1984-05-11 00:00:00-04:00,2.0840017795562744,2.0840017795562744,2.0840017795562744,2.0840017795562744,0,0.0,0.0
1984-05-14 00:00:00-04:00,0.0,2.297745542139351,2.0840017795562744,2.0840017795562744,5556,0.0,0.0
1984-05-15 00:00:00-04:00,0.0,2.297745542139351,2.0840017795562744,2.0840017795562744,1852,0.0,0.0
1984-05-16 00:00:00-04:00,0.0,2.297745542139351,2.0840017795562744,2.0840017795562744,1852,0.0,0.0
1984-05-17 00:00:00-04:00,2.0840017795562744,2.0840017795562744,2.0840017795562744,2.0840017795562744,0,0.0,0.0
1984-05-18 00:00:00-04:00,0.0,2.297745542139351,2.0840017795562744,2.0840017795562744,370,0.0,0.0
1984-05-21 00:00:00-04:00,2.0840017795562744,2.0840017795562744,2.0840017795562744,2.0840017795562744,0,0.0,0.0
1984-05-22 00:00:00-04:00,2.0840017795562744,2.0840017795562744,2.0840017795562744,2.0840017795562744,0,0.0,0.0
1984-05-23 00:00:00-04:00,0.0,2.297745542139351,2.0840017795562744,2.0840017795562744,4444,0.0,0.0
1984-05-24 00:00:00-04:00,0.0,2.297745542139351,2.0840017795562744,2.0840017795562744,5926,0.0,0.0
1984-05-25 00:00:00-04:00,0.0,2.297745542139351,2.0840017795562744,2.0840017795562744,15926,0.0,0.0
1984-05-29 00:00:00-04:00,0.0,2.297745542139351,2.0840017795562744,2.0840017795562744,4074,0.0,0.0
1984-05-30 00:00:00-04:00,2.0840017795562744,2.0840017795562744,2.0840017795562744,2.0840017795562744,0,0.0,0.0
1984-05-31 00:00:00-04:00,2.0840017795562744,2.0840017795562744,2.0840017795562744,2.0840017795562744,0,0.0,0.0
1984-06-01 00:00:00-04:00,2.0840017795562744,2.0840017795562744,2.0840017795562744,2.0840017795562744,0,0.0,0.0
1984-06-04 00:00:00-04:00,2.0840017795562744,2.0840017795562744,2.0840017795562744,2.0840017795562744,0,0.0,0.0
1984-06-05 00:00:00-04:00,2.0840017795562744,2.0840017795562744,2.0840017795562744,2.0840017795562744,0,0.0,0.0
1984-06-06 00:00:00-04:00,0.0,2.297745542139351,2.0840017795562744,2.0840017795562744,3704,0.0,0.0
1984-06-07 00:00:00-04:00,0.0,2.297745542139351,2.0840017795562744,2.0840017795562744,4074,0.0,0.0
1984-06-08 00:00:00-04:00,0.0,2.297745542139351,2.0840017795562744,2.0840017795562744,370,0.0,0.0
1984-06-11 00:00:00-04:00,0.0,2.2443100078069853,2.0305662155151367,2.0305662155151367,6296,0.0,0.0
1984-06-12 00:00:00-04:00,0.0,2.2443100078069853,2.0305662155151367,2.0305662155151367,3333,0.0,0.0
1984-06-13 00:00:00-04:00,0.0,2.2443100078069853,2.0305662155151367,2.0305662155151367,741,0.0,0.0
1984-06-14 00:00:00-04:00,0.0,2.030566533404089,1.8702585697174072,1.8702585697174072,4074,0.0,0.0
1984-06-15 00:00:00-04:00,0.0,2.0305662003224394,1.816822409629822,1.8168224096298218,11111,0.0,0.0
1984-06-18 00:00:00-04:00,0.0,2.0305662003224394,1.816822409629822,1.8168224096298218,370,0.0,0.0
1984-06-19 00:00:00-04:00,0.0,1.923694095264565,1.70995032787323,1.70995032787323,3333,0.0,0.0
1984-06-20 00:00:00-04:00,0.0,1.923694095264565,1.70995032787323,1.70995032787323,1852,0.0,0.0
1984-06-21 00:00:00-04:00,0.0,1.923694095264565,1.70995032787323,1.70995032787323,0,0.0,0.0
1984-06-22 00:00:00-04:00,0.0,1.923694095264565,1.70995032787323,1.70995032787323,2222,0.0,0.0
1984-06-25 00:00:00-04:00,1.70995032787323,1.70995032787323,1.70995032787323,1.70995032787323,0,0.0,0.0
1984-06-26 00:00:00-04:00,1.70995032787323,1.70995032787323,1.70995032787323,1.70995032787323,0,0.0,0.0
1984-06-27 00:00:00-04:00,0.0,1.923694095264565,1.70995032787323,1.70995032787323,370,0.0,0.0
1984-06-28 00:00:00-04:00,1.70995032787323,1.70995032787323,1.70995032787323,1.70995032787323,0,0.0,0.0
1984-06-29 00:00:00-04:00,1.70995032787323,1.70995032787323,1.70995032787323,1.70995032787323,0,0.0,0.0
1984-07-02 00:00:00-04:00,1.70995032787323,1.70995032787323,1.70995032787323,1.70995032787323,0,0.0,0.0
1984-07-03 00:00:00-04:00,1.70995032787323,1.70995032787323,1.70995032787323,1.70995032787323,0,0.0,0.0
1984-07-05 00:00:00-04:00,0.0,1.923694095264565,1.70995032787323,1.70995032787323,3704,0.0,0.0
1984-07-06 00:00:00-04:00,0.0,1.923694095264565,1.70995032787323,1.70995032787323,3704,0.0,0.0
1984-07-09 00:00:00-04:00,1.70995032787323,1.70995032787323,1.70995032787323,1.70995032787323,0,0.0,0.0
1984-07-10 00:00:00-04:00,1.70995032787323,1.70995032787323,1.70995032787323,1.70995032787323,0,0.0,0.0
1984-07-11 00:00:00-04:00,0.0,1.923694095264565,1.70995032787323,1.70995032787323,1852,0.0,0.0
1984-07-12 00:00:00-04:00,1.70995032787323,1.70995032787323,1.70995032787323,1.70995032787323,0,0.0,0.0
1984-07-13 00:00:00-04:00,1.70995032787323,1.70995032787323,1.70995032787323,1.70995032787323,0,0.0,0.0
1984-07-16 00:00:00-04:00,1.70995032787323,1.70995032787323,1.70995032787323,1.70995032787323,0,0.0,0.0
1984-07-17 00:00:00-04:00,1.70995032787323,1.70995032787323,1.70995032787323,1.70995032787323,0,0.0,0.0
1984-07-18 00:00:00-04:00,1.70995032787323,1.70995032787323,1.70995032787323,1.70995032787323,0,0.0,0.0
1984-07-19 00:00:00-04:00,1.70995032787323,1.70995032787323,1.70995032787323,1.70995032787323,0,0.0,0.0
1984-07-20 00:00:00-04:00,1.70995032787323,1.70995032787323,1.70995032787323,1.70995032787323,0,0.0,0.0
1984-07-23 00:00:00-04:00,0.0,1.9236932658762604,1.7633854150772095,1.7633854150772095,370,0.0,0.0
1984-07-24 00:00:00-04:00,1.7633854150772095,1.7633854150772095,1.7633854150772095,1.7633854150772095,0,0.0,0.0
1984-07-25 00:00:00-04:00,1.7633854150772095,1.7633854150772095,1.7633854150772095,1.7633854150772095,0,0.0,0.0
1984-07-26 00:00:00-04:00,1.7633854150772095,1.7633854150772095,1.7633854150772095,1.7633854150772095,0,0.0,0.0
1984-07-27 00:00:00-04:00,1.7633854150772095,1.7633854150772095,1.7633854150772095,1.7633854150772095,0,0.0,0.0
1984-07-30 00:00:00-04:00,1.7633854150772095,1.7633854150772095,1.7633854150772095,1.7633854150772095,0,0.0,0.0
1984-07-31 00:00:00-04:00,0.0,1.923694095264565,1.70995032787323,1.70995032787323,741,0.0,0.0
1984-08-01 00:00:00-04:00,0.0,1.923694095264565,1.70995032787323,1.70995032787323,741,0.0,0.0
1984-08-02 00:00:00-04:00,1.70995032787323,1.70995032787323,1.70995032787323,1.70995032787323,0,0.0,0.0
1984-08-03 00:00:00-04:00,1.70995032787323,1.70995032787323,1.70995032787323,1.70995032787323,0,0.0,0.0
1984-08-06 00:00:00-04:00,1.70995032787323,1.70995032787323,1.70995032787323,1.70995032787323,0,0.0,0.0
1984-08-07 00:00:00-04:00,1.70995032787323,1.70995032787323,1.70995032787323,1.70995032787323,0,0.0,0.0
1984-08-08 00:00:00-04:00,1.70995032787323,1.70995032787323,1.70995032787323,1.70995032787323,0,0.0,0.0
1984-08-09 00:00:00-04:00,1.70995032787323,1.70995032787323,1.70995032787323,1.70995032787323,0,0.0,0.0
1984-08-10 00:00:00-04:00,1.70995032787323,1.70995032787323,1.70995032787323,1.70995032787323,0,0.0,0.0
1984-08-13 00:00:00-04:00,1.70995032787323,1.70995032787323,1.70995032787323,1.70995032787323,0,0.0,0.0
1984-08-14 00:00:00-04:00,0.0,1.9236932658762604,1.7633854150772095,1.7633854150772095,1481,0.0,0.0
1984-08-15 00:00:00-04:00,0.0,1.9236932658762604,1.7633854150772095,1.7633854150772095,741,0.0,0.0
1984-08-16 00:00:00-04:00,1.7633854150772095,1.7633854150772095,1.7633854150772095,1.7633854150772095,0,0.0,0.0
1984-08-17 00:00:00-04:00,1.7633854150772095,1.7633854150772095,1.7633854150772095,1.7633854150772095,0,0.0,0.0
1984-08-20 00:00:00-04:00,1.7633854150772095,1.7633854150772095,1.7633854150772095,1.7633854150772095,0,0.0,0.0
1984-08-21 00:00:00-04:00,0.0,1.9236932658762604,1.7633854150772095,1.7633854150772095,0,0.0,0.0
1984-08-22 00:00:00-04:00,0.0,1.9236932658762604,1.7633854150772095,1.7633854150772095,2593,0.0,0.0
1984-08-23 00:00:00-04:00,1.7633854150772095,1.7633854150772095,1.7633854150772095,1.7633854150772095,0,0.0,0.0
1984-08-24 00:00:00-04:00,0.0,1.923694095264565,1.70995032787323,1.70995032787323,370,0.0,0.0
1984-08-27 00:00:00-04:00,1.70995032787323,1.70995032787323,1.70995032787323,1.70995032787323,0,0.0,0.0
1984-08-28 00:00:00-04:00,0.0,1.923694095264565,1.70995032787323,1.70995032787323,0,0.0,0.0
1984-08-29 00:00:00-04:00,1.70995032787323,1.70995032787323,1.70995032787323,1.70995032787323,0,0.0,0.0
1984-08-30 00:00:00-04:00,1.70995032787323,1.70995032787323,1.70995032787323,1.70995032787323,0,0.0,0.0
1984-08-31 00:00:00-04:00,1.70995032787323,1.70995032787323,1.70995032787323,1.70995032787323,0,0.0,0.0
1984-09-04 00:00:00-04:00,1.70995032787323,1.70995032787323,1.70995032787323,1.70995032787323,0,0.0,0.0
1984-09-05 00:00:00-04:00,0.0,1.923694095264565,1.70995032787323,1.70995032787323,1852,0.0,0.0
1984-09-06 00:00:00-04:00,1.70995032787323,1.70995032787323,1.70995032787323,1.70995032787323,0,0.0,0.0
1984-09-07 00:00:00-04:00,1.70995032787323,1.70995032787323,1.70995032787323,1.70995032787323,0,0.0,0.0
1984-09-10 00:00:00-04:00,1.70995032787323,1.70995032787323,1.70995032787323,1.70995032787323,0,0.0,0.0
1984-09-11 00:00:00-04:00,0.0,1.923694095264565,1.70995032787323,1.70995032787323,3704,0.0,0.0
1984-09-12 00:00:00-04:00,0.0,1.923694095264565,1.70995032787323,1.70995032787323,3704,0.0,0.0
1984-09-13 00:00:00-04:00,1.70995032787323,1.70995032787323,1.70995032787323,1.70995032787323,0,0.0,0.0
1984-09-14 00:00:00-04:00,1.70995032787323,1.70995032787323,1.70995032787323,1.70995032787323,0,0.0,0.0
1984-09-17 00:00:00-04:00,0.0,1.923694095264565,1.70995032787323,1.70995032787323,1852,0.0,0.0
1984-09-18 00:00:00-04:00,0.0,1.923694095264565,1.70995032787323,1.70995032787323,0,0.0,0.0
1984-09-19 00:00:00-04:00,1.70995032787323,1.70995032787323,1.70995032787323,1.70995032787323,0,0.0,0.0
1984-09-20 00:00:00-04:00,0.0,1.923694095264565,1.70995032787323,1.70995032787323,3704,0.0,0.0
1984-09-21 00:00:00-04:00,0.0,1.9236932658762604,1.7633854150772095,1.7633854150772095,1111,0.0,0.0
1984-09-24 00:00:00-04:00,0.0,1.9236932658762604,1.7633854150772095,1.7633854150772095,370,0.0,0.0
1984-09-25 00:00:00-04:00,1.7633854150772095,1.7633854150772095,1.7633854150772095,1.7633854150772095,0,0.0,0.0
1984-09-26 00:00:00-04:00,1.7633854150772095,1.7633854150772095,1.7633854150772095,1.7633854150772095,0,0.0,0.0
1984-09-27 00:00:00-04:00,0.0,1.923694095264565,1.70995032787323,1.70995032787323,7407,0.0,0.0
1984-09-28 00:00:00-04:00,1.70995032787323,1.70995032787323,1.70995032787323,1.70995032787323,0,0.0,0.0
1984-10-01 00:00:00-04:00,1.70995032787323,1.70995032787323,1.70995032787323,1.70995032787323,0,0.0,0.0
1984-10-02 00:00:00-04:00,0.0,1.923694095264565,1.70995032787323,1.70995032787323,370,0.0,0.0
1984-10-03 00:00:00-04:00,0.0,1.8702580590454554,1.70995032787323,1.70995032787323,741,0.0,0.0
1984-10-04 00:00:00-04:00,1.70995032787323,1.70995032787323,1.70995032787323,1.70995032787323,0,0.0,0.0
1984-10-05 00:00:00-04:00,0.0,1.9236932658762604,1.7633854150772095,1.7633854150772095,19630,0.0,0.0
1984-10-08 00:00:00-04:00,0.0,1.9236932658762604,1.7633854150772095,1.7633854150772095,1111,0.0,0.0
1984-10-09 00:00:00-04:00,0.0,1.923694095264565,1.70995032787323,1.70995032787323,4074,0.0,0.0
1984-10-10 00:00:00-04:00,1.70995032787323,1.70995032787323,1.70995032787323,1.70995032787323,0,0.0,0.0
1984-10-11 00:00:00-04:00,0.0,1.923694095264565,1.70995032787323,1.70995032787323,1852,0.0,0.0
1984-10-12 00:00:00-04:00,1.70995032787323,1.70995032787323,1.70995032787323,1.70995032787323,0,0.0,0.0
1984-10-15 00:00:00-04:00,0.0,1.923694095264565,1.70995032787323,1.70995032787323,0,0.0,0.0
1984-10-16 00:00:00-04:00,0.0,1.923694095264565,1.70995032787323,1.70995032787323,370,0.0,0.0
1984-10-17 00:00:00-04:00,1.70995032787323,1.70995032787323,1.70995032787323,1.70995032787323,0,0.0,0.0
1984-10-18 00:00:00-04:00,1.70995032787323,1.70995032787323,1.70995032787323,1.70995032787323,0,0.0,0.0
1984-10-19 00:00:00-04:00,1.70995032787323,1.70995032787323,1.70995032787323,1.70995032787323,0,0.0,0.0
1984-10-22 00:00:00-04:00,0.0,1.923694095264565,1.70995032787323,1.70995032787323,7407,0.0,0.0
1984-10-23 00:00:00-04:00,0.0,1.923694095264565,1.70995032787323,1.70995032787323,741,0.0,0.0
1984-10-24 00:00:00-04:00,1.70995032787323,1.70995032787323,1.70995032787323,1.70995032787323,0,0.0,0.0
1984-10-25 00:00:00-04:00,0.0,1.923694095264565,1.70995032787323,1.70995032787323,741,0.0,0.0
1984-10-26 00:00:00-04:00,1.70995032787323,1.70995032787323,1.70995032787323,1.70995032787323,0,0.0,0.0
1984-10-29 00:00:00-05:00,1.70995032787323,1.70995032787323,1.70995032787323,1.70995032787323,0,0.0,0.0
1984-10-30 00:00:00-05:00,0.0,1.923694095264565,1.70995032787323,1.70995032787323,741,0.0,0.0
1984-10-31 00:00:00-05:00,1.70995032787323,1.70995032787323,1.70995032787323,1.70995032787323,0,0.0,0.0
1984-11-01 00:00:00-05:00,1.70995032787323,1.70995032787323,1.70995032787323,1.70995032787323,0,0.0,0.0
1984-11-02 00:00:00-05:00,1.70995032787323,1.70995032787323,1.70995032787323,1.70995032787323,0,0.0,0.0
1984-11-05 00:00:00-05:00,1.70995032787323,1.70995032787323,1.70995032787323,1.70995032787323,0,0.0,0.0
1984-11-06 00:00:00-05:00,1.70995032787323,1.70995032787323,1.70995032787323,1.70995032787323,0,0.0,0.0
1984-11-07 00:00:00-05:00,0.0,1.923694095264565,1.70995032787323,1.70995032787323,370,0.0,0.0
1984-11-08 00:00:00-05:00,0.0,1.923694095264565,1.70995032787323,1.70995032787323,1111,0.0,0.0
1984-11-09 00:00:00-05:00,1.70995032787323,1.70995032787323,1.70995032787323,1.70995032787323,0,0.0,0.0
1984-11-12 00:00:00-05:00,0.0,1.923694095264565,1.70995032787323,1.70995032787323,0,0.0,0.0
1984-11-13 00:00:00-05:00,0.0,1.8524446923666096,1.63870108127594,1.63870108127594,278,0.0,1.3333333333333333
1984-11-14 00:00:00-05:00,0.0,1.9949409715339042,1.7811973094940186,1.7811973094940186,2778,0.0,0.0
1984-11-15 00:00:00-05:00,1.7811973094940186,1.7811973094940186,1.7811973094940186,1.7811973094940186,0,0.0,0.0
1984-11-16 00:00:00-05:00,0.0,2.0661902492629216,1.852446436882019,1.852446436882019,278,0.0,0.0
1984-11-19 00:00:00-05:00,0.0,2.0661902492629216,1.852446436882019,1.852446436882019,833,0.0,0.0
1984-11-20 00:00:00-05:00,0.0,2.137438037881753,1.9236942529678345,1.9236942529678345,833,0.0,0.0
1984-11-21 00:00:00-05:00,1.9236942529678345,1.9236942529678345,1.9236942529678345,1.9236942529678345,0,0.0,0.0
1984-11-23 00:00:00-05:00,1.9236942529678345,1.9236942529678345,1.9236942529678345,1.9236942529678345,0,0.0,0.0
1984-11-26 00:00:00-05:00,0.0,2.137438037881753,1.9236942529678345,1.9236942529678345,1111,0.0,0.0
1984-11-27 00:00:00-05:00,0.0,2.137438037881753,1.9236942529678345,1.9236942529678345,556,0.0,0.0
1984-11-28 00:00:00-05:00,0.0,2.2086849058479285,2.0661890506744385,2.0661890506744385,3056,0.0,0.0
1984-11-29 00:00:00-05:00,0.0,2.3511820464349102,2.208686113357544,2.208686113357544,2222,0.0,0.0
1984-11-30 00:00:00-05:00,0.0,2.564923962860905,2.3511803150177,2.3511803150177,3056,0.0,0.0
1984-12-03 00:00:00-05:00,0.0,2.564923962860905,2.3511803150177,2.3511803150177,0,0.0,0.0
1984-12-04 00:00:00-05:00,0.0,2.42242940515692,2.2799336910247803,2.2799336910247803,833,0.0,0.0
1984-12-05 00:00:00-05:00,0.0,2.42242940515692,2.2799336910247803,2.2799336910247803,556,0.0,0.0
1984-12-06 00:00:00-05:00,0.0,2.42242940515692,2.2799336910247803,2.2799336910247803,833,0.0,0.0
1984-12-07 00:00:00-05:00,0.0,2.42242940515692,2.2799336910247803,2.2799336910247803,34444,0.0,0.0
1984-12-10 00:00:00-05:00,0.0,2.42242940515692,2.2799336910247803,2.2799336910247803,1389,0.0,0.0
1984-12-11 00:00:00-05:00,0.0,2.42242940515692,2.2799336910247803,2.2799336910247803,6389,0.0,0.0
1984-12-12 00:00:00-05:00,0.0,2.42242940515692,2.2799336910247803,2.2799336910247803,278,0.0,0.0
1984-12-13 00:00:00-05:00,0.0,2.42242940515692,2.2799336910247803,2.2799336910247803,1111,0.0,0.0
1984-12-14 00:00:00-05:00,0.0,2.42242940515692,2.2799336910247803,2.2799336910247803,1389,0.0,0.0
1984-12-17 00:00:00-05:00,2.2799336910247803,2.2799336910247803,2.2799336910247803,2.2799336910247803,0,0.0,0.0
1984-12-18 00:00:00-05:00,0.0,2.437664306767761,2.2942724227905273,2.2942724227905273,5833,0.036,0.0
1984-12-19 00:00:00-05:00,2.2942724227905273,2.2942724227905273,2.2942724227905273,2.2942724227905273,0,0.0,0.0
1984-12-20 00:00:00-05:00,0.0,2.437664306767761,2.2942724227905273,2.2942724227905273,278,0.0,0.0
1984-12-21 00:00:00-05:00,0.0,2.437664306767761,2.2942724227905273,2.2942724227905273,556,0.0,0.0
1984-12-24 00:00:00-05:00,0.0,2.437664306767761,2.2942724227905273,2.2942724227905273,2778,0.0,0.0
1984-12-26 00:00:00-05:00,0.0,2.437664306767761,2.2942724227905273,2.2942724227905273,833,0.0,0.0
1984-12-27 00:00:00-05:00,0.0,2.437664306767761,2.2942724227905273,2.2942724227905273,278,0.0,0.0
1984-12-28 00:00:00-05:00,2.2942724227905273,2.2942724227905273,2.2942724227905273,2.2942724227905273,0,0.0,0.0
1984-12-31 00:00:00-05:00,0.0,2.437664306767761,2.2942724227905273,2.2942724227905273,833,0.0,0.0
1985-01-02 00:00:00-05:00,0.0,2.437664306767761,2.2942724227905273,2.2942724227905273,278,0.0,0.0
1985-01-03 00:00:00-05:00,2.2942724227905273,2.2942724227905273,2.2942724227905273,2.2942724227905273,0,0.0,0.0
1985-01-04 00:00:00-05:00,0.0,2.4376653319386508,2.3301212787628174,2.3301212787628174,1111,0.0,0.0
1985-01-07 00:00:00-05:00,2.3301212787628174,2.3301212787628174,2.3301212787628174,2.3301212787628174,0,0.0,0.0
1985-01-08 00:00:00-05:00,2.3301212787628174,2.3301212787628174,2.3301212787628174,2.3301212787628174,0,0.0,0.0
1985-01-09 00:00:00-05:00,0.0,2.473513290364117,2.4018173217773438,2.4018173217773438,1111,0.0,0.0
1985-01-10 00:00:00-05:00,0.0,2.5452092589508895,2.4018173217773438,2.4018173217773438,4722,0.0,0.0
1985-01-11 00:00:00-05:00,2.4018173217773438,2.4018173217773438,2.4018173217773438,2.4018173217773438,0,0.0,0.0
1985-01-14 00:00:00-05:00,0.0,2.5810566695190262,2.473512649536133,2.473512649536133,1389,0.0,0.0
1985-01-15 00:00:00-05:00,0.0,2.6527522194780273,2.545208215713501,2.545208215713501,2500,0.0,0.0
1985-01-16 00:00:00-05:00,0.0,2.7244476739977537,2.5810556411743164,2.5810556411743164,2222,0.0,0.0
1985-01-17 00:00:00-05:00,0.0,2.867840421565515,2.65275239944458,2.65275239944458,1667,0.0,0.0
1985-01-18 00:00:00-05:00,2.65275239944458,2.65275239944458,2.65275239944458,2.65275239944458,0,0.0,0.0
1985-01-21 00:00:00-05:00,0.0,2.7244485334379394,2.65275239944458,2.65275239944458,7778,0.0,0.0
1985-01-22 00:00:00-05:00,0.0,2.796143595444717,2.5810556411743164,2.5810556411743164,3611,0.0,0.0
1985-01-23 00:00:00-05:00,0.0,2.796143595444717,2.5810556411743164,2.5810556411743164,2222,0.0,0.0
1985-01-24 00:00:00-05:00,2.5810556411743164,2.5810556411743164,2.5810556411743164,2.5810556411743164,0,0.0,0.0
1985-01-25 00:00:00-05:00,2.5810556411743164,2.5810556411743164,2.5810556411743164,2.5810556411743164,0,0.0,0.0
1985-01-28 00:00:00-05:00,0.0,2.7244476739977537,2.5810556411743164,2.5810556411743164,556,0.0,0.0
1985-01-29 00:00:00-05:00,0.0,2.7961459790343897,2.616905927658081,2.616905927658081,5278,0.0,0.0
1985-01-30 00:00:00-05:00,0.0,2.724449996469801,2.616905927658081,2.616905927658081,3889,0.0,0.0
1985-01-31 00:00:00-05:00,2.616905927658081,2.616905927658081,2.616905927658081,2.616905927658081,0,0.0,0.0
1985-02-01 00:00:00-05:00,2.616905927658081,2.616905927658081,2.616905927658081,2.616905927658081,0,0.0,0.0
1985-02-04 00:00:00-05:00,0.0,2.7961444775017275,2.65275239944458,2.65275239944458,2778,0.0,0.0
1985-02-05 00:00:00-05:00,0.0,2.7961444775017275,2.65275239944458,2.65275239944458,556,0.0,0.0
1985-02-06 00:00:00-05:00,0.0,2.7961444775017275,2.65275239944458,2.65275239944458,0,0.0,0.0
1985-02-07 00:00:00-05:00,0.0,2.7961444775017275,2.65275239944458,2.65275239944458,2778,0.0,0.0
1985-02-08 00:00:00-05:00,0.0,2.7961444775017275,2.65275239944458,2.65275239944458,833,0.0,0.0
1985-02-11 00:00:00-05:00,0.0,2.7961444775017275,2.65275239944458,2.65275239944458,556,0.0,0.0
1985-02-12 00:00:00-05:00,0.0,2.7961444775017275,2.65275239944458,2.65275239944458,278,0.0,0.0
1985-02-13 00:00:00-05:00,0.0,2.939536563939596,2.796144485473633,2.796144485473633,5278,0.0,0.0
1985-02-14 00:00:00-05:00,2.796144485473633,2.796144485473633,2.796144485473633,2.796144485473633,0,0.0,0.0
1985-02-15 00:00:00-05:00,0.0,2.939536563939596,2.796144485473633,2.796144485473633,278,0.0,0.0
1985-02-19 00:00:00-05:00,0.0,2.939536563939596,2.796144485473633,2.796144485473633,556,0.0,0.0
1985-02-20 00:00:00-05:00,0.0,2.939536563939596,2.796144485473633,2.796144485473633,556,0.0,0.0
1985-02-21 00:00:00-05:00,0.0,2.939536563939596,2.796144485473633,2.796144485473633,278,0.0,0.0
1985-02-22 00:00:00-05:00,0.0,2.867840325798327,2.7244484424591064,2.7244484424591064,5556,0.0,0.0
1985-02-25 00:00:00-05:00,0.0,2.867840325798327,2.7244484424591064,2.7244484424591064,2778,0.0,0.0
1985-02-26 00:00:00-05:00,2.7244484424591064,2.7244484424591064,2.7244484424591064,2.7244484424591064,0,0.0,0.0
1985-02-27 00:00:00-05:00,0.0,2.867840325798327,2.7244484424591064,2.7244484424591064,2222,0.0,0.0
1985-02-28 00:00:00-05:00,2.7244484424591064,2.7244484424591064,2.7244484424591064,2.7244484424591064,0,0.0,0.0
1985-03-01 00:00:00-05:00,2.7244484424591064,2.7244484424591064,2.7244484424591064,2.7244484424591064,0,0.0,0.0
1985-03-04 00:00:00-05:00,0.0,2.867840325798327,2.7244484424591064,2.7244484424591064,556,0.0,0.0
1985-03-05 00:00:00-05:00,0.0,3.011232508207791,2.796144485473633,2.796144485473633,6667,0.0,0.0
1985-03-06 00:00:00-05:00,0.0,3.082928382343966,2.903688430786133,2.903688430786133,1944,0.0,0.0
1985-03-07 00:00:00-05:00,0.0,3.1546240830625623,2.9395360946655273,2.9395360946655273,556,0.0,0.0
1985-03-08 00:00:00-05:00,0.0,3.1546240830625623,2.9395360946655273,2.9395360946655273,3056,0.0,0.0
1985-03-11 00:00:00-05:00,0.0,3.1546240830625623,2.9395360946655273,2.9395360946655273,2500,0.0,0.0
1985-03-12 00:00:00-05:00,0.0,3.226320579325987,3.011232376098633,3.011232376098633,6944,0.0,0.0
1985-03-13 00:00:00-05:00,0.0,3.226320579325987,3.011232376098633,3.011232376098633,5556,0.0,0.0
1985-03-14 00:00:00-05:00,0.0,3.226320579325987,3.011232376098633,3.011232376098633,833,0.0,0.0
1985-03-15 00:00:00-05:00,0.0,3.29801567436238,3.082927703857422,3.082927703857422,2222,0.0,0.0
1985-03-18 00:00:00-05:00,0.0,3.298018089793335,3.1546261310577393,3.1546261310577393,833,0.0,0.0
1985-03-19 00:00:00-05:00,0.0,3.44141042838826,3.1546261310577393,3.1546261310577393,2222,0.0,0.0
1985-03-20 00:00:00-05:00,0.0,3.513105561095677,3.2263216972351074,3.2263216972351074,2778,0.0,0.0
1985-03-21 00:00:00-05:00,0.0,3.871584934197522,3.44140887260437,3.44140887260437,6111,0.0,0.0
1985-03-22 00:00:00-05:00,0.0,3.871584934197522,3.44140887260437,3.44140887260437,1667,0.0,0.0
1985-03-25 00:00:00-05:00,0.0,3.7998887973122772,3.44140887260437,3.44140887260437,5556,0.0,0.0
1985-03-26 00:00:00-05:00,0.0,3.7281926604270326,3.44140887260437,3.44140887260437,2500,0.0,0.0
1985-03-27 00:00:00-05:00,3.44140887260437,3.44140887260437,3.44140887260437,3.44140887260437,0,0.0,0.0
1985-03-28 00:00:00-05:00,0.0,3.656496903400946,3.44140887260437,3.44140887260437,833,0.0,0.0
1985-03-29 00:00:00-05:00,0.0,3.656496903400946,3.44140887260437,3.44140887260437,3611,0.0,0.0
1985-04-01 00:00:00-05:00,0.0,3.5848026418356627,3.3697144985198975,3.3697144985198975,1944,0.0,0.0
1985-04-02 00:00:00-05:00,0.0,3.477255250875973,3.2980153560638428,3.2980153560638428,556,0.0,0.0
1985-04-03 00:00:00-05:00,0.0,3.2980153560638428,3.2980153560638428,3.2980153560638428,556,0.0,0.0
1985-04-04 00:00:00-05:00,0.0,3.513106346130371,3.513106346130371,3.513106346130371,278,0.0,0.0
1985-04-08 00:00:00-05:00,0.0,3.513104629630457,3.44140887260437,3.44140887260437,833,0.0,0.0
1985-04-09 00:00:00-05:00,0.0,3.513106346130371,3.2263224181853953,3.513106346130371,556,0.0,0.0
1985-04-10 00:00:00-05:00,0.0,3.2263216972351074,3.2263216972351074,3.2263216972351074,1667,0.0,0.0
1985-04-11 00:00:00-05:00,0.0,3.2263216972351074,3.2263216972351074,3.2263216972351074,556,0.0,0.0
1985-04-12 00:00:00-05:00,3.2263216972351074,3.2263216972351074,3.2263216972351074,3.2263216972351074,0,0.0,0.0
1985-04-15 00:00:00-05:00,0.0,3.4055595208665297,3.2980153560638428,3.2980153560638428,1111,0.0,0.0
1985-04-16 00:00:00-05:00,0.0,3.3338639736175537,3.3338639736175537,3.3338639736175537,1111,0.0,0.0
1985-04-17 00:00:00-05:00,3.3338639736175537,3.3338639736175537,3.3338639736175537,3.3338639736175537,0,0.0,0.0
1985-04-18 00:00:00-05:00,0.0,3.3697144985198975,3.3697144985198975,3.3697144985198975,3333,0.0,0.0
1985-04-19 00:00:00-05:00,0.0,3.369712034601465,3.2621678516497314,3.3338639736175537,18056,0.0,0.0
1985-04-22 00:00:00-05:00,0.0,3.3338639736175537,3.3338639736175537,3.3338639736175537,1667,0.0,0.0
1985-04-23 00:00:00-05:00,0.0,3.2621684074401855,3.22632072020782,3.2621684074401855,4722,0.0,0.0
1985-04-24 00:00:00-05:00,0.0,3.082929599413832,3.047081708908081,3.047081708908081,2222,0.0,0.0
1985-04-25 00:00:00-05:00,0.0,3.1546261310577393,3.0470820670412104,3.1546261310577393,6389,0.0,0.0
1985-04-26 00:00:00-05:00,0.0,3.1366997914484243,3.082927703857422,3.082927703857422,9167,0.0,0.0
1985-04-29 00:00:00-04:00,0.0,3.136700415510605,3.011232376098633,3.011232376098633,5278,0.0,0.0
1985-04-30 00:00:00-04:00,0.0,3.011232376098633,2.9753843105724798,3.011232376098633,6111,0.0,0.0
1985-05-01 00:00:00-04:00,0.0,2.9395360946655273,2.8678399719134884,2.9395360946655273,5833,0.0,0.0
1985-05-02 00:00:00-04:00,0.0,2.9753851890563965,2.9753851890563965,2.9753851890563965,1389,0.0,0.0
1985-05-03 00:00:00-04:00,0.0,2.9753851890563965,2.9753851890563965,2.9753851890563965,556,0.0,0.0
1985-05-06 00:00:00-04:00,0.0,2.9753851890563965,2.9753851890563965,2.9753851890563965,2778,0.0,0.0
1985-05-07 00:00:00-04:00,0.0,2.86784029006958,2.86784029006958,2.86784029006958,1111,0.0,0.0
1985-05-08 00:00:00-04:00,0.0,2.86784029006958,2.86784029006958,2.86784029006958,3333,0.0,0.0
1985-05-09 00:00:00-04:00,0.0,2.86784029006958,2.86784029006958,2.86784029006958,1111,0.0,0.0
1985-05-10 00:00:00-04:00,0.0,2.903688430786133,2.903688430786133,2.903688430786133,2222,0.0,0.0
1985-05-13 00:00:00-04:00,0.0,2.903688430786133,2.903688430786133,2.903688430786133,1111,0.0,0.0
1985-05-14 00:00:00-04:00,0.0,2.9216129779815674,2.867840869095349,2.9216129779815674,2222,0.0,0.0
1985-05-15 00:00:00-04:00,0.0,2.9395360946655273,2.9395360946655273,2.9395360946655273,3333,0.0,0.0
1985-05-16 00:00:00-04:00,0.0,2.9753848969381846,2.9036889416861613,2.9216129779815674,20833,0.0,0.0
1985-05-17 00:00:00-04:00,0.0,3.047081708908081,2.9395376575315435,3.047081708908081,38889,0.0,0.0
1985-05-20 00:00:00-04:00,0.0,3.082928430666534,3.065004587173462,3.065004587173462,1111,0.0,0.0
1985-05-21 00:00:00-04:00,0.0,3.0650057491257776,3.011233628472688,3.047081708908081,1667,0.0,0.0
1985-05-22 00:00:00-04:00,0.0,3.082927703857422,3.0112317769989443,3.082927703857422,1389,0.0,0.0
1985-05-23 00:00:00-04:00,0.0,3.082927703857422,3.082927703857422,3.082927703857422,1389,0.0,0.0
1985-05-24 00:00:00-04:00,0.0,3.011232376098633,3.011232376098633,3.011232376098633,556,0.0,0.0
1985-05-28 00:00:00-04:00,0.0,2.9753851890563965,2.9753851890563965,2.9753851890563965,4167,0.0,0.0
1985-05-29 00:00:00-04:00,0.0,2.831994631223939,2.6886024475097656,2.6886024475097656,1085278,0.0,0.0
1985-05-30 00:00:00-04:00,0.0,2.760296318329129,2.688600376659519,2.7244484424591064,420000,0.0,0.0
1985-05-31 00:00:00-04:00,0.0,2.760296318329129,2.688600376659519,2.7244484424591064,221389,0.0,0.0
1985-06-03 00:00:00-04:00,0.0,2.796143927870029,2.7244479978993486,2.760295867919922,15833,0.0,0.0
1985-06-04 00:00:00-04:00,0.0,2.796143927870029,2.7244479978993486,2.760295867919922,18333,0.0,0.0
1985-06-05 00:00:00-04:00,0.0,2.903688430786133,2.7602963555821254,2.903688430786133,41111,0.0,0.0
1985-06-06 00:00:00-04:00,0.0,2.903688496840712,2.796144485473633,2.796144485473633,24444,0.0,0.0
1985-06-07 00:00:00-04:00,0.0,2.8319925525725163,2.796144485473633,2.796144485473633,37222,0.0,0.0
1985-06-10 00:00:00-04:00,0.0,2.8140685190230745,2.796144485473633,2.796144485473633,29722,0.0,0.0
1985-06-11 00:00:00-04:00,0.0,2.8319919878201367,2.7244479978993486,2.760295867919922,20833,0.0,0.0
1985-06-12 00:00:00-04:00,0.0,2.7244484424591064,2.652752310859931,2.7244484424591064,8611,0.0,0.0
1985-06-13 00:00:00-04:00,0.0,2.724448814258985,2.6169047921134774,2.6706767082214355,36111,0.0,0.0
1985-06-14 00:00:00-04:00,0.0,2.6886024475097656,2.5810583572065635,2.6886024475097656,10833,0.0,0.0
1985-06-17 00:00:00-04:00,0.0,2.65275239944458,2.5810564553807924,2.65275239944458,3611,0.0,0.0
1985-06-18 00:00:00-04:00,0.0,2.6886024475097656,2.5452102637955925,2.6886024475097656,76667,0.0,0.0
1985-06-19 00:00:00-04:00,0.0,2.6669762134552,2.594895842343531,2.6669762134552,13611,0.036,0.0
1985-06-20 00:00:00-04:00,0.0,2.7030164944850132,2.594895842343531,2.6669762134552,103056,0.0,0.0
1985-06-21 00:00:00-04:00,0.0,2.6669762134552,2.594895842343531,2.6669762134552,7778,0.0,0.0
1985-06-24 00:00:00-04:00,0.0,2.6669774445941763,2.5948970402085116,2.630937337875366,1944,0.0,0.0
1985-06-25 00:00:00-04:00,2.630937337875366,2.630937337875366,2.630937337875366,2.630937337875366,0,0.0,0.0
1985-06-26 00:00:00-04:00,0.0,2.6669762134552,2.594895842343531,2.6669762134552,3056,0.0,0.0
1985-06-27 00:00:00-04:00,0.0,2.6669762134552,2.594895842343531,2.6669762134552,7778,0.0,0.0
1985-06-28 00:00:00-04:00,0.0,2.703017742261031,2.612917189041939,2.630937337875366,19444,0.0,0.0
1985-07-01 00:00:00-04:00,0.0,2.648957295760749,2.630937337875366,2.630937337875366,8333,0.0,0.0
1985-07-02 00:00:00-04:00,0.0,2.7030164944850132,2.6309361233733437,2.6669762134552,6389,0.0,0.0
1985-07-03 00:00:00-04:00,0.0,2.7750961780548096,2.6669755527006718,2.7750961780548096,26111,0.0,0.0
1985-07-05 00:00:00-04:00,0.0,2.8111379146575928,2.739057523852837,2.8111379146575928,20833,0.0,0.0
1985-07-08 00:00:00-04:00,0.0,2.847177505493164,2.739056850395852,2.847177505493164,17222,0.0,0.0
1985-07-09 00:00:00-04:00,0.0,2.8111371980685114,2.7390568256378174,2.7390568256378174,10833,0.0,0.0
1985-07-10 00:00:00-04:00,0.0,2.811139404288345,2.7030186653137207,2.7030186653137207,21944,0.0,0.0
1985-07-11 00:00:00-04:00,0.0,2.7750990943141005,2.7030186653137207,2.7030186653137207,35278,0.0,0.0
1985-07-12 00:00:00-04:00,0.0,2.7750990943141005,2.7030186653137207,2.7030186653137207,27778,0.0,0.0
1985-07-15 00:00:00-04:00,0.0,2.811136450155492,2.703015824801354,2.7750961780548096,22222,0.0,0.0
1985-07-16 00:00:00-04:00,0.0,2.8832168034089474,2.739056096902036,2.7750961780548096,34444,0.0,0.0
1985-07-17 00:00:00-04:00,0.0,2.84717795474613,2.775097379342436,2.7931175231933594,38611,0.0,0.0
1985-07-18 00:00:00-04:00,0.0,2.84717795474613,2.775097379342436,2.7931175231933594,37778,0.0,0.0
1985-07-19 00:00:00-04:00,0.0,2.8471767222561737,2.7750961780548096,2.7750961780548096,33611,0.0,0.0
1985-07-22 00:00:00-04:00,0.0,2.847177505493164,2.775096941462982,2.847177505493164,13056,0.0,0.0
1985-07-23 00:00:00-04:00,0.0,2.847177505493164,2.7570769914033977,2.847177505493164,9444,0.0,0.0
1985-07-24 00:00:00-04:00,0.0,2.7030186653137207,2.7030186653137207,2.7030186653137207,278,0.0,0.0
1985-07-25 00:00:00-04:00,0.0,2.7750969163791845,2.7390568256378174,2.7390568256378174,11944,0.0,0.0
1985-07-26 00:00:00-04:00,0.0,2.7750969163791845,2.721036684793154,2.7390568256378174,4167,0.0,0.0
1985-07-29 00:00:00-04:00,0.0,2.8111379146575928,2.703017232976455,2.8111379146575928,16111,0.0,0.0
1985-07-30 00:00:00-04:00,0.0,2.7750961780548096,2.7750961780548096,2.7750961780548096,278,0.0,0.0
1985-07-31 00:00:00-04:00,0.0,2.8111371980685114,2.7030165439484906,2.7390568256378174,9444,0.0,0.0
1985-08-01 00:00:00-04:00,0.0,2.811139404288345,2.7030186653137207,2.7030186653137207,4444,0.0,0.0
1985-08-02 00:00:00-04:00,0.0,2.7750969163791845,2.7030165439484906,2.7390568256378174,6389,0.0,0.0
1985-08-05 00:00:00-04:00,0.0,2.7750961780548096,2.703015824801354,2.7750961780548096,9444,0.0,0.0
1985-08-06 00:00:00-04:00,0.0,2.7750990943141005,2.7030186653137207,2.7030186653137207,5833,0.0,0.0
1985-08-07 00:00:00-04:00,0.0,2.7750961780548096,2.703015824801354,2.7750961780548096,833,0.0,0.0
1985-08-08 00:00:00-04:00,0.0,2.7750990943141005,2.7030186653137207,2.7030186653137207,16389,0.0,0.0
1985-08-09 00:00:00-04:00,0.0,2.7750990943141005,2.7030186653137207,2.7030186653137207,8333,0.0,0.0
1985-08-12 00:00:00-04:00,0.0,2.7210378646850586,2.7210378646850586,2.7210378646850586,278,0.0,0.0
1985-08-13 00:00:00-04:00,0.0,2.7390568256378174,2.7390568256378174,2.7390568256378174,278,0.0,0.0
1985-08-14 00:00:00-04:00,0.0,2.7750990943141005,2.7030186653137207,2.7030186653137207,13333,0.0,0.0
1985-08-15 00:00:00-04:00,0.0,2.739058013343589,2.7030177160265283,2.7210378646850586,32222,0.0,0.0
1985-08-16 00:00:00-04:00,0.0,2.7750969163791845,2.7030165439484906,2.7390568256378174,50833,0.0,0.0
1985-08-19 00:00:00-04:00,0.0,2.8111379146575928,2.739057523852837,2.8111379146575928,30556,0.0,0.0
1985-08-20 00:00:00-04:00,0.0,2.8111379146575928,2.775097623781211,2.8111379146575928,13611,0.0,0.0
1985-08-21 00:00:00-04:00,0.0,2.811136450155492,2.739056096902036,2.7750961780548096,4444,0.0,0.0
1985-08-22 00:00:00-04:00,0.0,2.8111379146575928,2.739057523852837,2.8111379146575928,6667,0.0,0.0
1985-08-23 00:00:00-04:00,0.0,2.8111379146575928,2.739057523852837,2.8111379146575928,18333,0.0,0.0
1985-08-26 00:00:00-04:00,0.0,2.811136450155492,2.739056096902036,2.7750961780548096,25833,0.0,0.0
1985-08-27 00:00:00-04:00,0.0,2.811137667044283,2.7390572825885804,2.7931175231933594,30000,0.0,0.0
1985-08-28 00:00:00-04:00,0.0,3.135500947650119,2.8111388004050797,3.063420534133911,122778,0.0,0.0
1985-08-29 00:00:00-04:00,0.0,3.135499963773925,3.0273792819523417,3.0453994274139404,123889,0.0,0.0
1985-08-30 00:00:00-04:00,0.0,3.171541213989258,3.045400348552405,3.171541213989258,11944,0.0,0.0
1985-09-03 00:00:00-04:00,0.0,3.2436198126440807,3.063418605859438,3.099458694458008,141111,0.0,0.0
1985-09-04 00:00:00-04:00,0.0,3.1715392535510443,3.063418605859438,3.099458694458008,28333,0.0,0.0
1985-09-05 00:00:00-04:00,0.0,3.099458694458008,3.063418605859438,3.099458694458008,19444,0.0,0.0
1985-09-06 00:00:00-04:00,0.0,3.135498974004526,2.9913380467664017,3.099458694458008,41111,0.0,0.0
1985-09-09 00:00:00-04:00,0.0,3.207579804152054,3.0634188647317013,3.1354992389678955,25278,0.0,0.0
1985-09-10 00:00:00-04:00,0.0,3.2075815158135206,3.1355009121649955,3.171541213989258,39444,0.0,0.0
1985-09-11 00:00:00-04:00,0.0,3.2436218176377833,3.171541213989258,3.171541213989258,18889,0.0,0.0
1985-09-12 00:00:00-04:00,0.0,3.207579804152054,3.1354992389678955,3.1354992389678955,8889,0.0,0.0
1985-09-13 00:00:00-04:00,0.0,3.2075815158135206,3.0994606103407327,3.171541213989258,21111,0.0,0.0
1985-09-16 00:00:00-04:00,0.0,3.171541213989258,3.0994606103407327,3.171541213989258,5556,0.0,0.0
1985-09-17 00:00:00-04:00,0.0,3.1715392535510443,3.02737832631292,3.099458694458008,80833,0.0,0.0
1985-09-18 00:00:00-04:00,0.0,3.171541249882258,3.063420534133911,3.063420534133911,45278,0.0,0.0
1985-09-19 00:00:00-04:00,0.0,3.171541213989258,3.063420499464536,3.171541213989258,46667,0.0,0.0
1985-09-20 00:00:00-04:00,0.0,3.351741118203749,3.099459479384629,3.2436206340789795,281944,0.0,0.0
1985-09-23 00:00:00-04:00,0.0,3.3157008295301615,3.2436206340789795,3.2436206340789795,71389,0.0,0.0
1985-09-24 00:00:00-04:00,0.0,3.4238221455136273,3.2436210603594455,3.3697617053985596,86389,0.0,0.0
1985-09-25 00:00:00-04:00,0.0,3.3697617053985596,3.351741558693537,3.3697617053985596,3611,0.0,0.0
1985-09-26 00:00:00-04:00,0.0,3.4598609557214184,3.3517401218414307,3.3517401218414307,67222,0.0,0.0
1985-09-30 00:00:00-04:00,0.0,3.4238221455136273,3.315701265283492,3.3697617053985596,94444,0.0,0.0
1985-10-01 00:00:00-04:00,0.0,3.4238231157415178,3.3157022048725557,3.3877828121185303,21389,0.0,0.0
1985-10-02 00:00:00-04:00,0.0,3.42382015632656,3.315699338912964,3.315699338912964,63056,0.0,0.0
1985-10-03 00:00:00-04:00,0.0,3.3877813546470104,3.3157007784111205,3.3337209224700928,43889,0.0,0.0
1985-10-04 00:00:00-04:00,0.0,3.3877828121185303,3.3157022048725557,3.3877828121185303,21111,0.0,0.0
1985-10-07 00:00:00-04:00,0.0,3.3877813546470104,3.3337209224700928,3.3337209224700928,5278,0.0,0.0
1985-10-08 00:00:00-04:00,0.0,3.3877798838553614,3.315699338912964,3.315699338912964,8056,0.0,0.0
1985-10-09 00:00:00-04:00,0.0,3.3877798838553614,3.315699338912964,3.315699338912964,8889,0.0,0.0
1985-10-10 00:00:00-04:00,0.0,3.3877810805196242,3.279660224914551,3.279660224914551,6111,0.0,0.0
1985-10-11 00:00:00-04:00,0.0,3.3517401218414307,3.2796595659214387,3.3517401218414307,105556,0.0,0.0
1985-10-14 00:00:00-04:00,0.0,3.3517396113841627,3.2436191758663875,3.315699338912964,52222,0.0,0.0
1985-10-15 00:00:00-04:00,0.0,3.4238219261169434,3.315701052815136,3.4238219261169434,169444,0.0,0.0
1985-10-16 00:00:00-04:00,0.0,3.459863419364505,3.3517425084955432,3.3877828121185303,11389,0.0,0.0
1985-10-17 00:00:00-04:00,0.0,3.4598612785339355,3.3877807158886717,3.4598612785339355,3889,0.0,0.0
1985-10-18 00:00:00-04:00,0.0,3.3877803998014264,3.3517401218414307,3.3517401218414307,7778,0.0,0.0
1985-10-21 00:00:00-04:00,0.0,3.4238231157415178,3.3877828121185303,3.3877828121185303,1944,0.0,0.0
1985-10-22 00:00:00-04:00,0.0,3.3697602608214288,3.3517401218414307,3.3517401218414307,14444,0.0,0.0
1985-10-23 00:00:00-04:00,0.0,3.4238206777614226,3.3517401218414307,3.3517401218414307,5833,0.0,0.0
1985-10-24 00:00:00-04:00,0.0,3.4238206777614226,3.3517401218414307,3.3517401218414307,10833,0.0,0.0
1985-10-25 00:00:00-04:00,3.3517401218414307,3.3517401218414307,3.3517401218414307,3.3517401218414307,0,0.0,0.0
1985-10-28 00:00:00-05:00,0.0,3.3877828121185303,3.3517425084955432,3.3877828121185303,22778,0.0,0.0
1985-10-29 00:00:00-05:00,0.0,3.387781852103582,3.351741558693537,3.3697617053985596,8056,0.0,0.0
1985-10-30 00:00:00-05:00,0.0,3.4418420716672444,3.3517413439157386,3.4238219261169434,108056,0.0,0.0
1985-10-31 00:00:00-05:00,0.0,3.4598622172175455,3.4058017805666423,3.4238219261169434,3333,0.0,0.0
1985-11-01 00:00:00-05:00,0.0,3.4598609557214184,3.3517401218414307,3.3517401218414307,3611,0.0,0.0
1985-11-04 00:00:00-05:00,0.0,3.49590140754515,3.4238212220621174,3.4418413639068604,15278,0.0,0.0
1985-11-05 00:00:00-05:00,0.0,3.4959027767181396,3.3877822652001397,3.4959027767181396,16667,0.0,0.0
1985-11-06 00:00:00-05:00,0.0,3.676104299216254,3.5319431066847344,3.640064001083374,78889,0.0,0.0
1985-11-07 00:00:00-05:00,0.0,3.7121429443359375,3.6040220980833926,3.7121429443359375,19722,0.0,0.0
1985-11-08 00:00:00-05:00,0.0,3.748182844524196,3.640062380167574,3.7121429443359375,31944,0.0,0.0
1985-11-11 00:00:00-05:00,0.0,3.892343478237695,3.7481823682203776,3.838283061981201,11944,0.0,0.0
1985-11-12 00:00:00-05:00,0.0,3.928384231376574,3.820263385772705,3.820263385772705,23056,0.0,0.0
1985-11-13 00:00:00-05:00,0.0,3.9283857133027515,3.8202648269118566,3.8563051223754883,29722,0.0,0.0
1985-11-14 00:00:00-05:00,0.0,3.9283852427765087,3.820264369335898,3.8923449516296387,59167,0.0,0.0
1985-11-15 00:00:00-05:00,0.0,3.928384231376574,3.820263385772705,3.820263385772705,10278,0.0,0.0
1985-11-18 00:00:00-05:00,0.0,3.9283852427765087,3.820264369335898,3.8923449516296387,25000,0.0,0.0
1985-11-19 00:00:00-05:00,0.0,3.9283852427765087,3.820264369335898,3.8923449516296387,3056,0.0,0.0
1985-11-20 00:00:00-05:00,3.8923449516296387,3.8923449516296387,3.8923449516296387,3.8923449516296387,0,0.0,0.0
1985-11-21 00:00:00-05:00,0.0,3.8563051223754883,3.8563051223754883,3.8563051223754883,4167,0.0,0.0
1985-11-22 00:00:00-05:00,0.0,3.928384231376574,3.820263385772705,3.820263385772705,33056,0.0,0.0
1985-11-25 00:00:00-05:00,0.0,3.9283857133027515,3.8563051223754883,3.8563051223754883,14167,0.0,0.0
1985-11-26 00:00:00-05:00,0.0,3.9644277095794678,3.8743273054822733,3.9644277095794678,54444,0.0,0.0
1985-11-27 00:00:00-05:00,0.0,4.144626587184906,3.9644251323452,4.072546005249023,20000,0.0,0.0
1985-11-29 00:00:00-05:00,0.0,4.090564727783203,4.0725445885677445,4.090564727783203,2222,0.0,0.0
1985-12-02 00:00:00-05:00,0.0,4.1626467630471184,4.072546034969728,4.144626617431641,15556,0.0,0.0
1985-12-03 00:00:00-05:00,0.0,4.108587251527781,4.000466353484157,4.036506652832031,8333,0.0,0.0
1985-12-04 00:00:00-05:00,0.0,4.108585834503174,4.000464973749734,4.108585834503174,6667,0.0,0.0
1985-12-05 00:00:00-05:00,0.0,4.108585834503174,4.000464973749734,4.108585834503174,3333,0.0,0.0
1985-12-06 00:00:00-05:00,0.0,4.108587251527781,4.036506652832031,4.036506652832031,2222,0.0,0.0
1985-12-09 00:00:00-05:00,0.0,4.072544032741967,4.000463485717773,4.000463485717773,25278,0.0,0.0
1985-12-10 00:00:00-05:00,0.0,4.072546005249023,4.000465423313141,4.072546005249023,4444,0.0,0.0
1985-12-11 00:00:00-05:00,0.0,4.072546005249023,4.000465423313141,4.072546005249023,5000,0.0,0.0
1985-12-12 00:00:00-05:00,0.0,4.108585834503174,4.000464973749734,4.108585834503174,30000,0.0,0.0
1985-12-13 00:00:00-05:00,0.0,4.144627055592933,4.000465875428688,4.018486022949219,8056,0.0,0.0
1985-12-16 00:00:00-05:00,0.0,4.144626121420987,4.000464973749734,4.108585834503174,15000,0.0,0.0
1985-12-17 00:00:00-05:00,0.0,4.108585834503174,4.108585834503174,4.108585834503174,1389,0.0,0.0
1985-12-18 00:00:00-05:00,0.0,4.018086910247803,4.018086910247803,4.018086910247803,1389,0.045,0.0
1985-12-19 00:00:00-05:00,0.0,4.126686096191406,4.018088911965019,4.126686096191406,12222,0.0,0.0
1985-12-20 00:00:00-05:00,0.0,4.090488414592423,4.018090267353378,4.0542893409729,108056,0.0,0.0
1985-12-23 00:00:00-05:00,0.0,4.0542893409729,4.018090267353378,4.0542893409729,9722,0.0,0.0
1985-12-24 00:00:00-05:00,4.0542893409729,4.0542893409729,4.0542893409729,4.0542893409729,0,0.0,0.0
1985-12-26 00:00:00-05:00,0.0,4.018086910247803,4.018086910247803,4.018086910247803,1667,0.0,0.0
1985-12-27 00:00:00-05:00,0.0,4.090484996998356,4.018086910247803,4.018086910247803,5000,0.0,0.0
1985-12-30 00:00:00-05:00,0.0,4.072386264801025,4.018087689211556,4.072386264801025,8056,0.0,0.0
1985-12-31 00:00:00-05:00,0.0,4.126684840390495,4.018087689211556,4.072386264801025,20556,0.0,0.0
1986-01-02 00:00:00-05:00,0.0,4.126686096191406,4.054287973373815,4.126686096191406,16667,0.0,0.0
1986-01-03 00:00:00-05:00,0.0,4.162885157600202,4.018088911965019,4.126686096191406,40556,0.0,0.0
1986-01-06 00:00:00-05:00,0.0,4.162886561831469,4.0542893409729,4.0542893409729,20278,0.0,0.0
1986-01-07 00:00:00-05:00,0.0,4.072386264801025,4.072386264801025,4.072386264801025,5000,0.0,0.0
1986-01-08 00:00:00-05:00,0.0,4.162886561831469,4.0542893409729,4.0542893409729,36389,0.0,0.0
1986-01-09 00:00:00-05:00,0.0,4.162886561831469,4.036189804163139,4.0542893409729,13056,0.0,0.0
1986-01-10 00:00:00-05:00,0.0,4.0542893409729,3.981891193733855,4.0542893409729,6667,0.0,0.0
1986-01-13 00:00:00-05:00,0.0,4.018090709684573,3.945692938054161,3.981891632080078,10556,0.0,0.0
1986-01-14 00:00:00-05:00,0.0,4.054285457784058,3.945688724517822,3.9456887245178223,8611,0.0,0.0
1986-01-15 00:00:00-05:00,0.0,3.9456913169895205,3.8732931915248843,3.909492254257202,25000,0.0,0.0
1986-01-16 00:00:00-05:00,0.0,3.927591996829169,3.873293399810791,3.873293399810791,19444,0.0,0.0
1986-01-17 00:00:00-05:00,0.0,3.9456915291686285,3.873293399810791,3.873293399810791,4722,0.0,0.0
1986-01-20 00:00:00-05:00,0.0,3.945690519519691,3.8370933532714844,3.8370933532714844,22222,0.0,0.0
1986-01-21 00:00:00-05:00,0.0,3.9094914641036222,3.8370933532714844,3.8370933532714844,12222,0.0,0.0
1986-01-22 00:00:00-05:00,0.0,3.837094037822439,3.6560991120303115,3.692298173904419,20556,0.0,0.0
1986-01-23 00:00:00-05:00,0.0,3.6922981739044194,3.5837009882820956,3.692298173904419,100000,0.0,0.0
1986-01-24 00:00:00-05:00,0.0,3.728494882583618,3.6198977655010647,3.728494882583618,16667,0.0,0.0
1986-01-27 00:00:00-05:00,0.0,3.800896644592285,3.800896644592285,3.800896644592285,1389,0.0,0.0
1986-01-28 00:00:00-05:00,0.0,3.8370933532714844,3.692297515185551,3.8370933532714844,16389,0.0,0.0
1986-01-29 00:00:00-05:00,0.0,3.90949246448971,3.8189948027924134,3.873293399810791,26667,0.0,0.0
1986-01-30 00:00:00-05:00,0.0,3.8370933532714844,3.8189938255634495,3.8370933532714844,6667,0.0,0.0
1986-01-31 00:00:00-05:00,0.0,3.873293399810791,3.8370943351318725,3.873293399810791,11667,0.0,0.0
1986-02-03 00:00:00-05:00,0.0,3.8370957223582676,3.800896644592285,3.800896644592285,11944,0.0,0.0
1986-02-04 00:00:00-05:00,0.0,3.909492254257202,3.800895066060248,3.909492254257202,37778,0.0,0.0
1986-02-05 00:00:00-05:00,0.0,3.800896644592285,3.800896644592285,3.800896644592285,56667,0.0,0.0
1986-02-06 00:00:00-05:00,0.0,3.909492254257202,3.837094128792566,3.909492254257202,11389,0.0,0.0
1986-02-07 00:00:00-05:00,0.0,4.0904888648935644,3.837095705240675,3.981891632080078,20833,0.0,0.0
1986-02-10 00:00:00-05:00,0.0,4.199083835430591,4.054287973373815,4.126686096191406,17500,0.0,0.0
1986-02-11 00:00:00-05:00,0.0,4.307680535797547,4.2352824211120605,4.2352824211120605,8611,0.0,0.0
1986-02-12 00:00:00-05:00,0.0,4.38007868690839,4.2352824563332705,4.271481513977051,6389,0.0,0.0
1986-02-13 00:00:00-05:00,0.0,4.271481513977051,4.271481513977051,4.271481513977051,4722,0.0,0.0
1986-02-14 00:00:00-05:00,0.0,4.380077838897705,4.380077838897705,4.380077838897705,1111,0.0,0.0
1986-02-18 00:00:00-05:00,0.0,4.4162774085998535,4.343879676109909,4.4162774085998535,42500,0.0,0.0
1986-02-19 00:00:00-05:00,0.0,4.452474594116211,4.325778327857986,4.452474594116211,29167,0.0,0.0
1986-02-20 00:00:00-05:00,0.0,4.488674070856717,4.343878269195557,4.343878269195557,8333,0.0,0.0
1986-02-21 00:00:00-05:00,0.0,4.48867654800415,4.380079732721964,4.48867654800415,6944,0.0,0.0
1986-02-24 00:00:00-05:00,0.0,4.48867654800415,4.48867654800415,4.48867654800415,556,0.0,0.0
1986-02-25 00:00:00-05:00,0.0,4.380077838897705,4.380077838897705,4.380077838897705,5278,0.0,0.0
1986-02-26 00:00:00-05:00,0.0,4.5248739248707,4.3800780973630316,4.398177623748779,117500,0.0,0.0
1986-02-27 00:00:00-05:00,0.0,4.524871981125227,4.41627486946071,4.470573425292969,6389,0.0,0.0
1986-02-28 00:00:00-05:00,0.0,4.561074680577914,4.452477481717269,4.48867654800415,11944,0.0,0.0
1986-03-03 00:00:00-05:00,0.0,4.452474594116211,4.452474594116211,4.452474594116211,4167,0.0,0.0
1986-03-04 00:00:00-05:00,0.0,4.705870829998955,4.452477735146441,4.651572227478027,78333,0.0,0.0
1986-03-05 00:00:00-05:00,0.0,4.778268966693524,4.633473076882865,4.651572227478027,21389,0.0,0.0
1986-03-06 00:00:00-05:00,0.0,4.6334710121154785,4.6334710121154785,4.6334710121154785,556,0.0,0.0
1986-03-07 00:00:00-05:00,0.0,4.74206989834624,4.633473076882865,4.651572227478027,10556,0.0,0.0
1986-03-10 00:00:00-05:00,0.0,4.778268735274261,4.669671535491943,4.669671535491943,7778,0.0,0.0
1986-03-11 00:00:00-05:00,0.0,4.742066860198975,4.633470108311364,4.742066860198975,6111,0.0,0.0
1986-03-12 00:00:00-05:00,0.0,4.778265953063965,4.705867862030526,4.778265953063965,4722,0.0,0.0
1986-03-13 00:00:00-05:00,0.0,4.778265953063965,4.633470154575325,4.778265953063965,3889,0.0,0.0
1986-03-14 00:00:00-05:00,4.778265953063965,4.778265953063965,4.778265953063965,4.778265953063965,0,0.0,0.0
1986-03-17 00:00:00-05:00,0.0,4.723968259077827,4.6334710121154785,4.6334710121154785,21944,0.0,0.0
1986-03-18 00:00:00-05:00,0.0,4.7420677851859585,4.6334710121154785,4.6334710121154785,1667,0.0,0.0
1986-03-19 00:00:00-05:00,0.0,4.6515701546453005,4.6334710121154785,4.6334710121154785,4722,0.0,0.0
1986-03-20 00:00:00-05:00,0.0,4.7420682536376955,4.651570614157104,4.705869197845459,4167,0.0,0.0
1986-03-21 00:00:00-05:00,0.0,4.74206989834624,4.633473076882865,4.651572227478027,22222,0.0,0.0
1986-03-24 00:00:00-05:00,0.0,4.705869197845459,4.633471469839333,4.705869197845459,60278,0.0,0.0
1986-03-25 00:00:00-05:00,0.0,4.705869197845459,4.651570614157104,4.705869197845459,11111,0.0,0.0
1986-03-26 00:00:00-05:00,0.0,4.669669680753432,4.6334710121154785,4.6334710121154785,1389,0.0,0.0
1986-03-27 00:00:00-05:00,0.0,4.723971366882324,4.651573214820529,4.723971366882324,3611,0.0,0.0
1986-03-31 00:00:00-05:00,4.723971366882324,4.723971366882324,4.723971366882324,4.723971366882324,0,0.0,0.0
1986-04-01 00:00:00-05:00,0.0,4.742066860198975,4.633470108311364,4.742066860198975,42778,0.0,0.0
1986-04-02 00:00:00-05:00,0.0,4.723971366882324,4.651573214820529,4.723971366882324,10000,0.0,0.0
1986-04-03 00:00:00-05:00,0.0,4.778265953063965,4.705867862030526,4.778265953063965,7778,0.0,0.0
1986-04-04 00:00:00-05:00,4.778265953063965,4.778265953063965,4.778265953063965,4.778265953063965,0,0.0,0.0
1986-04-07 00:00:00-05:00,0.0,4.778265211324468,4.760165691375732,4.760165691375732,1667,0.0,0.0
1986-04-08 00:00:00-05:00,0.0,4.669671535491943,4.669671535491943,4.669671535491943,9722,0.0,0.0
1986-04-09 00:00:00-05:00,0.0,4.778265953063965,4.742066907547245,4.778265953063965,8056,0.0,0.0
1986-04-10 00:00:00-05:00,0.0,4.778265953063965,4.6696688165138065,4.778265953063965,8056,0.0,0.0
1986-04-11 00:00:00-05:00,0.0,4.8144659996032715,4.705868840473618,4.8144659996032715,23611,0.0,0.0
1986-04-14 00:00:00-05:00,0.0,4.886866569519043,4.778269730692097,4.886866569519043,12778,0.0,0.0
1986-04-15 00:00:00-05:00,0.0,4.850665092468262,4.850665092468262,4.850665092468262,833,0.0,0.0
1986-04-16 00:00:00-05:00,0.0,4.923062775154606,4.8144659996032715,4.8144659996032715,3611,0.0,0.0
1986-04-17 00:00:00-05:00,0.0,4.850665052646489,4.778266946560054,4.8144659996032715,44722,0.0,0.0
1986-04-18 00:00:00-05:00,0.0,4.886863722111388,4.8144659996032715,4.8144659996032715,25556,0.0,0.0
1986-04-21 00:00:00-05:00,0.0,4.886864916409983,4.778268114318727,4.796367645263672,3611,0.0,0.0
1986-04-22 00:00:00-05:00,0.0,4.8144659996032715,4.778266946560054,4.8144659996032715,3333,0.0,0.0
1986-04-23 00:00:00-05:00,0.0,4.886864916409983,4.796367645263672,4.796367645263672,15556,0.0,0.0
1986-04-24 00:00:00-05:00,4.796367645263672,4.796367645263672,4.796367645263672,4.796367645263672,0,0.0,0.0
1986-04-25 00:00:00-05:00,0.0,4.778265953063965,4.778265953063965,4.778265953063965,2778,0.0,0.0
1986-04-28 00:00:00-04:00,0.0,4.778265953063965,4.778265953063965,4.778265953063965,833,0.0,0.0
1986-04-29 00:00:00-04:00,4.778265953063965,4.778265953063965,4.778265953063965,4.778265953063965,0,0.0,0.0
1986-04-30 00:00:00-04:00,0.0,4.778265953063965,4.778265953063965,4.778265953063965,278,0.0,0.0
1986-05-01 00:00:00-04:00,0.0,4.778265953063965,4.778265953063965,4.778265953063965,1111,0.0,0.0
1986-05-02 00:00:00-04:00,4.778265953063965,4.778265953063965,4.778265953063965,4.778265953063965,0,0.0,0.0
1986-05-05 00:00:00-04:00,4.778265953063965,4.778265953063965,4.778265953063965,4.778265953063965,0,0.0,0.0
1986-05-06 00:00:00-04:00,0.0,4.923062815570732,4.850665092468262,4.850665092468262,1389,0.0,0.0
1986-05-07 00:00:00-04:00,0.0,4.923062775154606,4.8144659996032715,4.8144659996032715,10000,0.0,0.0
1986-05-08 00:00:00-04:00,4.8144659996032715,4.8144659996032715,4.8144659996032715,4.8144659996032715,0,0.0,0.0
1986-05-09 00:00:00-04:00,0.0,4.923062324523926,4.814465558912955,4.923062324523926,4167,0.0,0.0
1986-05-12 00:00:00-04:00,0.0,4.923062324523926,4.923062324523926,4.923062324523926,5556,0.0,0.0
1986-05-13 00:00:00-04:00,4.923062324523926,4.923062324523926,4.923062324523926,4.923062324523926,0,0.0,0.0
1986-05-14 00:00:00-04:00,0.0,4.868766784667969,4.868766784667969,4.868766784667969,1944,0.0,0.0
1986-05-15 00:00:00-04:00,0.0,4.904966106586624,4.886866569519043,4.886866569519043,14167,0.0,0.0
1986-05-16 00:00:00-04:00,0.0,4.959264465400226,4.8506676321000395,4.868766784667969,14444,0.0,0.0
1986-05-19 00:00:00-04:00,0.0,4.959264465400226,4.868766784667969,4.868766784667969,6111,0.0,0.0
1986-05-20 00:00:00-04:00,0.0,4.923062324523926,4.832565083777832,4.923062324523926,3889,0.0,0.0
1986-05-21 00:00:00-04:00,0.0,4.923062324523926,4.778266509183204,4.923062324523926,3056,0.0,0.0
1986-05-22 00:00:00-04:00,0.0,4.886863722111388,4.778266946560054,4.8144659996032715,20833,0.0,0.0
1986-05-23 00:00:00-04:00,0.0,4.850665092468262,4.832565565798064,4.850665092468262,3333,0.0,0.0
1986-05-27 00:00:00-04:00,0.0,4.778265953063965,4.778265953063965,4.778265953063965,4167,0.0,0.0
1986-05-28 00:00:00-04:00,0.0,4.850664044097403,4.687768339272166,4.778265953063965,21111,0.0,0.0
1986-05-29 00:00:00-04:00,0.0,4.7420677851859585,4.6334710121154785,4.6334710121154785,83056,0.0,0.0
1986-05-30 00:00:00-04:00,0.0,4.669669680753432,4.6334710121154785,4.6334710121154785,13056,0.0,0.0
1986-06-02 00:00:00-04:00,0.0,4.778268966693524,4.633473076882865,4.651572227478027,6389,0.0,0.0
1986-06-03 00:00:00-04:00,0.0,4.705868732969695,4.6334710121154785,4.6334710121154785,15278,0.0,0.0
1986-06-04 00:00:00-04:00,4.6334710121154785,4.6334710121154785,4.6334710121154785,4.6334710121154785,0,0.0,0.0
1986-06-05 00:00:00-04:00,0.0,4.669671535491943,4.6334728524763,4.669671535491943,6111,0.0,0.0
1986-06-06 00:00:00-04:00,0.0,4.778266837402222,4.6334710121154785,4.6334710121154785,4444,0.0,0.0
1986-06-09 00:00:00-04:00,0.0,4.778266837402222,4.597271959899215,4.6334710121154785,3889,0.0,0.0
1986-06-10 00:00:00-04:00,0.0,4.778265953063965,4.778265953063965,4.778265953063965,3056,0.0,0.0
1986-06-11 00:00:00-04:00,0.0,4.561073303222656,4.561073303222656,4.561073303222656,1389,0.0,0.0
1986-06-12 00:00:00-04:00,0.0,4.778267251777148,4.561073303222656,4.561073303222656,17500,0.0,0.0
1986-06-13 00:00:00-04:00,0.0,4.778266027424322,4.579171657562256,4.579171657562256,13056,0.0,0.0
1986-06-16 00:00:00-04:00,0.0,4.778267251777148,4.561073303222656,4.561073303222656,11667,0.0,0.0
1986-06-17 00:00:00-04:00,0.0,4.778265953063965,4.778265953063965,4.778265953063965,556,0.0,0.0
1986-06-18 00:00:00-04:00,4.778265953063965,4.778265953063965,4.778265953063965,4.778265953063965,0,0.0,0.0
1986-06-19 00:00:00-04:00,0.0,4.766140283020168,4.584226608276367,4.584226608276367,2778,0.06,0.0
1986-06-20 00:00:00-04:00,0.0,4.8025221824646,4.584225737149183,4.8025221824646,1667,0.0,0.0
1986-06-23 00:00:00-04:00,0.0,4.802520354061406,4.584223991855219,4.656989574432373,37778,0.0,0.0
1986-06-24 00:00:00-04:00,0.0,4.802523095074028,4.584226608276367,4.584226608276367,8611,0.0,0.0
1986-06-25 00:00:00-04:00,0.0,4.8025221824646,4.584225737149183,4.8025221824646,24167,0.0,0.0
1986-06-26 00:00:00-04:00,0.0,4.802520354061406,4.584223991855219,4.656989574432373,24167,0.0,0.0
1986-06-27 00:00:00-04:00,0.0,4.875287055969238,4.656990643643772,4.875287055969238,21944,0.0,0.0
1986-06-30 00:00:00-04:00,0.0,4.802520354061406,4.656989574432373,4.656989574432373,15556,0.0,0.0
1986-07-01 00:00:00-04:00,0.0,4.875287207126831,4.693373203277588,4.693373203277588,2222,0.0,0.0
1986-07-02 00:00:00-04:00,0.0,4.911670564443553,4.838905334472656,4.838905334472656,23889,0.0,0.0
1986-07-03 00:00:00-04:00,0.0,5.093584060668945,4.875287622956014,5.093584060668945,13889,0.0,0.0
1986-07-07 00:00:00-04:00,0.0,5.093584060668945,4.9480528451767185,5.093584060668945,18611,0.0,0.0
1986-07-08 00:00:00-04:00,0.0,4.948050498962402,4.948050498962402,4.948050498962402,833,0.0,0.0
1986-07-09 00:00:00-04:00,0.0,5.093584670564667,4.984436245876281,5.057201862335205,17778,0.0,0.0
1986-07-10 00:00:00-04:00,0.0,5.057201862335205,5.057201862335205,5.057201862335205,556,0.0,0.0
1986-07-11 00:00:00-04:00,0.0,5.16634928288965,4.9480528451767185,5.093584060668945,3056,0.0,0.0
1986-07-14 00:00:00-04:00,0.0,5.166349901498136,4.948053437646819,5.057201862335205,5278,0.0,0.0
1986-07-15 00:00:00-04:00,0.0,5.166347980499268,5.166347980499268,5.166347980499268,278,0.0,0.0
1986-07-16 00:00:00-04:00,0.0,5.166347980499268,4.948051597816913,5.166347980499268,2222,0.0,0.0
1986-07-17 00:00:00-04:00,0.0,5.239112377166748,5.239112377166748,5.239112377166748,417,0.0,1.3333333333333333
1986-07-18 00:00:00-04:00,0.0,5.239111283945023,4.94804943885776,5.142090797424316,15625,0.0,0.0
1986-07-21 00:00:00-04:00,0.0,5.093584060668945,4.9480528451767185,5.093584060668945,1875,0.0,0.0
1986-07-22 00:00:00-04:00,0.0,5.142090797424316,4.94804943885776,5.142090797424316,2083,0.0,0.0
1986-07-23 00:00:00-04:00,0.0,5.239112377166748,4.948050471344922,5.239112377166748,5000,0.0,0.0
1986-07-24 00:00:00-04:00,0.0,5.239114015268792,5.045072555541992,5.045072555541992,1042,0.0,0.0
1986-07-25 00:00:00-04:00,0.0,5.239112377166748,5.239112377166748,5.239112377166748,208,0.0,0.0
1986-07-28 00:00:00-04:00,0.0,5.239111283945023,4.94804943885776,5.142090797424316,30833,0.0,0.0
1986-07-29 00:00:00-04:00,0.0,5.045072555541992,4.948052018441264,5.045072555541992,21875,0.0,0.0
1986-07-30 00:00:00-04:00,0.0,5.045072555541992,4.948052018441264,5.045072555541992,417,0.0,0.0
1986-07-31 00:00:00-04:00,0.0,5.117840791826673,4.996564865112305,4.996564865112305,11667,0.0,0.0
1986-08-01 00:00:00-04:00,0.0,5.142091899101734,4.948050498962402,4.948050498962402,12083,0.0,0.0
1986-08-04 00:00:00-04:00,0.0,5.1420948058993945,4.851032733917236,4.851032733917236,833,0.0,0.0
1986-08-05 00:00:00-04:00,0.0,4.996564865112305,4.851033984370389,4.996564865112305,62292,0.0,0.0
1986-08-06 00:00:00-04:00,0.0,4.996563577145594,4.851032733917236,4.851032733917236,35833,0.0,0.0
1986-08-07 00:00:00-04:00,0.0,4.923797607421875,4.754011456440059,4.923797607421875,9583,0.0,0.0
1986-08-08 00:00:00-04:00,4.923797607421875,4.923797607421875,4.923797607421875,4.923797607421875,0,0.0,0.0
1986-08-11 00:00:00-04:00,0.0,5.0450735741898285,4.8025221824646,4.8025221824646,2708,0.0,0.0
1986-08-12 00:00:00-04:00,0.0,5.045072555541992,4.8995417498909,5.045072555541992,6458,0.0,0.0
1986-08-13 00:00:00-04:00,0.0,4.9965632958447825,4.8025221824646,4.8025221824646,3958,0.0,0.0
1986-08-14 00:00:00-04:00,0.0,4.8267771288744115,4.8025221824646,4.8025221824646,1458,0.0,0.0
1986-08-15 00:00:00-04:00,0.0,4.923797607421875,4.802521730216951,4.923797607421875,63542,0.0,0.0
1986-08-18 00:00:00-04:00,4.923797607421875,4.923797607421875,4.923797607421875,4.923797607421875,0,0.0,0.0
1986-08-19 00:00:00-04:00,4.923797607421875,4.923797607421875,4.923797607421875,4.923797607421875,0,0.0,0.0
1986-08-20 00:00:00-04:00,0.0,5.093581645448208,4.899540245308876,4.948050498962402,833,0.0,0.0
1986-08-21 00:00:00-04:00,0.0,4.8025221824646,4.8025221824646,4.8025221824646,625,0.0,0.0
1986-08-22 00:00:00-04:00,0.0,4.851032460809646,4.705501625774509,4.8025221824646,8542,0.0,0.0
1986-08-25 00:00:00-04:00,0.0,4.851032733917236,4.802522452841117,4.851032733917236,16875,0.0,0.0
1986-08-26 00:00:00-04:00,0.0,4.948050498962402,4.802519738001823,4.948050498962402,4375,0.0,0.0
1986-08-27 00:00:00-04:00,0.0,5.239114015268792,4.948052018441264,5.045072555541992,14583,0.0,0.0
1986-08-28 00:00:00-04:00,0.0,5.311880588531494,5.04507348410948,5.311880588531494,2708,0.0,0.0
1986-08-29 00:00:00-04:00,0.0,5.239114015268792,5.045072555541992,5.045072555541992,9583,0.0,0.0
1986-09-02 00:00:00-04:00,0.0,5.336132883932282,5.142091870401214,5.239112377166748,7292,0.0,0.0
1986-09-03 00:00:00-04:00,0.0,5.336132883932282,5.045070978110456,5.239112377166748,13542,0.0,0.0
1986-09-04 00:00:00-04:00,0.0,5.214860916137695,5.214860916137695,5.214860916137695,625,0.0,0.0
1986-09-05 00:00:00-04:00,0.0,5.239112377166748,5.045070978110456,5.239112377166748,11042,0.0,0.0
1986-09-08 00:00:00-04:00,0.0,5.336134433746338,5.336134433746338,5.336134433746338,3750,0.0,0.0
1986-09-09 00:00:00-04:00,0.0,5.239111283945023,5.142090797424316,5.142090797424316,833,0.0,0.0
1986-09-10 00:00:00-04:00,0.0,5.433154576057202,5.190603256225586,5.190603256225586,60417,0.0,0.0
1986-09-11 00:00:00-04:00,0.0,5.433152256986436,5.142090797424316,5.142090797424316,41875,0.0,0.0
1986-09-12 00:00:00-04:00,0.0,5.336136224673345,4.899543285369873,4.899543285369873,13125,0.0,0.0
1986-09-15 00:00:00-04:00,0.0,5.19060215275526,4.899540245308876,4.948050498962402,16042,0.0,0.0
1986-09-16 00:00:00-04:00,0.0,4.851033222500758,4.511460835241628,4.608481407165527,13750,0.0,0.0
1986-09-17 00:00:00-04:00,0.0,4.851030613937751,4.656989574432373,4.656989574432373,9792,0.0,0.0
1986-09-18 00:00:00-04:00,0.0,4.94805113369044,4.656989574432373,4.656989574432373,625,0.0,0.0
1986-09-19 00:00:00-04:00,0.0,4.851032733917236,4.559970661935077,4.851032733917236,19167,0.0,0.0
1986-09-22 00:00:00-04:00,0.0,4.851032733917236,4.559970661935077,4.851032733917236,1458,0.0,0.0
1986-09-23 00:00:00-04:00,0.0,4.705499834308718,4.559968669154409,4.656989574432373,5625,0.0,0.0
1986-09-24 00:00:00-04:00,0.0,4.559972286224365,4.559972286224365,4.559972286224365,833,0.0,0.0
1986-09-25 00:00:00-04:00,0.0,4.656989574432373,4.656989574432373,4.656989574432373,208,0.0,0.0
1986-09-26 00:00:00-04:00,0.0,4.559972286224365,4.4629516895128125,4.559972286224365,6250,0.0,0.0
1986-09-29 00:00:00-04:00,0.0,4.559972286224365,4.559972286224365,4.559972286224365,1250,0.0,0.0
1986-09-30 00:00:00-04:00,0.0,4.7540120910480805,4.511460304260254,4.511460304260254,9583,0.0,0.0
1986-10-01 00:00:00-04:00,0.0,4.6569915305431255,4.462950024007776,4.511460304260254,8125,0.0,0.0
1986-10-02 00:00:00-04:00,0.0,4.5599692367223685,4.3659281730651855,4.3659281730651855,16667,0.0,0.0
1986-10-03 00:00:00-04:00,0.0,4.390183113259671,4.3659281730651855,4.3659281730651855,6458,0.0,0.0
1986-10-06 00:00:00-04:00,0.0,4.6569922426901025,4.365930131140598,4.462950706481934,4792,0.0,0.0
1986-10-07 00:00:00-04:00,0.0,4.6569915305431255,4.3659294635028205,4.511460304260254,10625,0.0,0.0
1986-10-08 00:00:00-04:00,4.511460304260254,4.511460304260254,4.511460304260254,4.511460304260254,0,0.0,0.0
1986-10-09 00:00:00-04:00,0.0,4.754012584686279,4.4629504874232175,4.754012584686279,4375,0.0,0.0
1986-10-10 00:00:00-04:00,0.0,4.754012584686279,4.754012584686279,4.754012584686279,1667,0.0,0.0
1986-10-13 00:00:00-04:00,0.0,4.656993268461499,4.559972286224365,4.559972286224365,6042,0.0,0.0
1986-10-14 00:00:00-04:00,0.0,4.851034461884604,4.559972286224365,4.559972286224365,7500,0.0,0.0
1986-10-15 00:00:00-04:00,0.0,4.656989574432373,4.656989574432373,4.656989574432373,625,0.0,0.0
1986-10-16 00:00:00-04:00,4.656989574432373,4.656989574432373,4.656989574432373,4.656989574432373,0,0.0,0.0
1986-10-17 00:00:00-04:00,0.0,4.656989574432373,4.656989574432373,4.656989574432373,1250,0.0,0.0
1986-10-20 00:00:00-04:00,0.0,4.754012584686279,4.754012584686279,4.754012584686279,417,0.0,0.0
1986-10-21 00:00:00-04:00,0.0,4.754012584686279,4.559971058002413,4.754012584686279,1250,0.0,0.0
1986-10-22 00:00:00-04:00,0.0,4.851032733917236,4.851032733917236,4.851032733917236,417,0.0,0.0
1986-10-23 00:00:00-04:00,0.0,4.608481407165527,4.608481407165527,4.608481407165527,2083,0.0,0.0
1986-10-24 00:00:00-04:00,0.0,4.5599712818232705,4.462950706481934,4.462950706481934,4792,0.0,0.0
1986-10-27 00:00:00-05:00,0.0,4.559972286224365,4.4629516895128125,4.559972286224365,45000,0.0,0.0
1986-10-28 00:00:00-05:00,0.0,4.511460304260254,4.268908902997865,4.511460304260254,6875,0.0,0.0
1986-10-29 00:00:00-05:00,0.0,4.511460383004492,4.268908977508545,4.268908977508545,10833,0.0,0.0
1986-10-30 00:00:00-05:00,0.0,4.511460304260254,4.414439743755298,4.511460304260254,417,0.0,0.0
1986-10-31 00:00:00-05:00,0.0,4.511460304260254,4.268908902997865,4.511460304260254,12083,0.0,0.0
1986-11-03 00:00:00-05:00,0.0,4.511458970808073,4.3659281730651855,4.3659281730651855,4583,0.0,0.0
1986-11-04 00:00:00-05:00,0.0,4.511460994152602,4.462950706481934,4.462950706481934,17708,0.0,0.0
1986-11-05 00:00:00-05:00,0.0,4.705499649047852,4.5599684896232695,4.705499649047852,3958,0.0,0.0
1986-11-06 00:00:00-05:00,0.0,4.851030422947173,4.656989391081411,4.705499649047852,22083,0.0,0.0
1986-11-07 00:00:00-05:00,0.0,4.8025221824646,4.705501625774509,4.8025221824646,12500,0.0,0.0
1986-11-10 00:00:00-05:00,0.0,4.9480537258446695,4.754012584686279,4.754012584686279,4583,0.0,0.0
1986-11-11 00:00:00-05:00,0.0,4.948053569122985,4.802522717863649,4.899543285369873,14792,0.0,0.0
1986-11-12 00:00:00-05:00,0.0,4.851032460809646,4.754011904119554,4.8025221824646,21458,0.0,0.0
1986-11-13 00:00:00-05:00,0.0,4.656989574432373,4.656989574432373,4.656989574432373,417,0.0,0.0
1986-11-14 00:00:00-05:00,0.0,4.851032460809646,4.8025221824646,4.8025221824646,2292,0.0,0.0
1986-11-17 00:00:00-05:00,0.0,4.851032733917236,4.705501890688879,4.851032733917236,833,0.0,0.0
1986-11-18 00:00:00-05:00,0.0,4.851032460809646,4.754011904119554,4.8025221824646,2083,0.0,0.0
1986-11-19 00:00:00-05:00,0.0,4.851032733917236,4.851032733917236,4.851032733917236,18958,0.0,0.0
1986-11-20 00:00:00-05:00,0.0,5.336134433746338,4.851031373501278,5.336134433746338,12083,0.0,0.0
1986-11-21 00:00:00-05:00,0.0,5.4331557363623135,5.384645462036133,5.384645462036133,3750,0.0,0.0
1986-11-24 00:00:00-05:00,0.0,5.530175878646845,5.384644690982243,5.48166561126709,7917,0.0,0.0
1986-11-25 00:00:00-05:00,0.0,5.91825751615552,5.384643883907916,5.821236610412598,33333,0.0,0.0
1986-11-26 00:00:00-05:00,0.0,5.845491933229647,5.821236610412598,5.821236610412598,6250,0.0,0.0
1986-11-28 00:00:00-05:00,0.0,6.015279293060303,6.015279293060303,6.015279293060303,833,0.0,0.0
1986-12-01 00:00:00-05:00,0.0,5.724221229553223,5.724221229553223,5.724221229553223,417,0.0,0.0
1986-12-02 00:00:00-05:00,0.0,5.9667677762643425,5.724216090194952,5.821236610412598,8958,0.0,0.0
1986-12-03 00:00:00-05:00,0.0,5.91825751615552,5.821236610412598,5.821236610412598,2917,0.0,0.0
1986-12-04 00:00:00-05:00,0.0,5.918262829729507,5.724221229553223,5.724221229553223,3958,0.0,0.0
1986-12-05 00:00:00-05:00,0.0,5.724220725428806,5.578689827257521,5.627200126647949,11667,0.0,0.0
1986-12-08 00:00:00-05:00,0.0,5.724218020409187,5.5786871910095215,5.5786871910095215,2917,0.0,0.0
1986-12-09 00:00:00-05:00,0.0,5.6757104260383775,5.578689827257521,5.627200126647949,3750,0.0,0.0
1986-12-10 00:00:00-05:00,0.0,5.530176162719727,5.336134697707889,5.530176162719727,18333,0.0,0.0
1986-12-11 00:00:00-05:00,0.0,5.578691559649087,5.433160230759313,5.457415580749512,3958,0.0,0.0
1986-12-12 00:00:00-05:00,0.0,5.433155536651611,5.433155536651611,5.433155536651611,2708,0.0,0.0
1986-12-15 00:00:00-05:00,0.0,5.5301764672630895,5.433155536651611,5.433155536651611,1042,0.0,0.0
1986-12-16 00:00:00-05:00,0.0,5.433155536651611,5.336134991565509,5.433155536651611,5833,0.0,0.0
1986-12-17 00:00:00-05:00,0.0,5.433154968690283,5.287624166274366,5.336134433746338,3750,0.0,0.0
1986-12-18 00:00:00-05:00,0.0,5.4529829025268555,5.404295600094649,5.4529829025268555,7917,0.048,0.0
1986-12-19 00:00:00-05:00,0.0,5.4529829025268555,5.3556082976624415,5.4529829025268555,37083,0.0,0.0
1986-12-22 00:00:00-05:00,0.0,5.647733730210027,5.452984091099836,5.50167179107666,8333,0.0,0.0
1986-12-23 00:00:00-05:00,0.0,5.647733730210027,5.50167179107666,5.50167179107666,6250,0.0,0.0
1986-12-24 00:00:00-05:00,0.0,5.5990471839904785,5.501672544565495,5.5990471839904785,2083,0.0,0.0
1986-12-26 00:00:00-05:00,0.0,5.55035924911499,5.50167193479866,5.55035924911499,833,0.0,0.0
1986-12-29 00:00:00-05:00,0.0,5.550357894323553,5.4529829025268555,5.4529829025268555,1667,0.0,0.0
1986-12-30 00:00:00-05:00,0.0,5.5990471839904785,5.452984837920581,5.5990471839904785,1667,0.0,0.0
1986-12-31 00:00:00-05:00,0.0,5.5990471839904785,5.5990471839904785,5.5990471839904785,208,0.0,0.0
1987-01-02 00:00:00-05:00,0.0,5.5990471839904785,5.5990471839904785,5.5990471839904785,4375,0.0,0.0
1987-01-05 00:00:00-05:00,0.0,5.647734503702971,5.5990471839904785,5.5990471839904785,5208,0.0,0.0
1987-01-06 00:00:00-05:00,0.0,5.891174359526447,5.599049911988682,5.74511194229126,8750,0.0,0.0
1987-01-07 00:00:00-05:00,0.0,5.939859390258789,5.842484354371052,5.939859390258789,13750,0.0,0.0
1987-01-08 00:00:00-05:00,0.0,5.939859390258789,5.939859390258789,5.939859390258789,208,0.0,0.0
1987-01-09 00:00:00-05:00,0.0,5.939856603359912,5.84248161315918,5.84248161315918,1042,0.0,0.0
1987-01-12 00:00:00-05:00,0.0,6.426733493804932,5.842484783314036,6.426733493804932,13125,0.0,0.0
1987-01-13 00:00:00-05:00,0.0,6.718857462117892,6.231983794663804,6.426733493804932,18750,0.0,0.0
1987-01-14 00:00:00-05:00,0.0,6.426733493804932,6.231983794663804,6.426733493804932,4583,0.0,0.0
1987-01-15 00:00:00-05:00,0.0,6.426733493804932,6.426733493804932,6.426733493804932,4167,0.0,0.0
1987-01-16 00:00:00-05:00,0.0,6.4267310510764695,6.231981425957492,6.28066873550415,10417,0.0,0.0
1987-01-19 00:00:00-05:00,0.0,6.329361915588379,6.329361915588379,6.329361915588379,208,0.0,0.0
1987-01-20 00:00:00-05:00,0.0,6.231985092163086,6.231985092163086,6.231985092163086,1667,0.0,0.0
1987-01-21 00:00:00-05:00,0.0,6.329356653419244,6.037232398986816,6.037232398986816,3958,0.0,0.0
1987-01-22 00:00:00-05:00,0.0,6.134607315063477,5.939858060743544,6.134607315063477,3542,0.0,0.0
1987-01-23 00:00:00-05:00,0.0,6.231985092163086,6.037235739407631,6.231985092163086,4167,0.0,0.0
1987-01-26 00:00:00-05:00,0.0,6.231985092163086,6.037235739407631,6.231985092163086,7292,0.0,0.0
1987-01-27 00:00:00-05:00,0.0,6.329356956315782,6.1102638517396715,6.134607315063477,7292,0.0,0.0
1987-01-28 00:00:00-05:00,0.0,6.3780439646692555,6.037232398986816,6.037232398986816,2708,0.0,0.0
1987-01-29 00:00:00-05:00,0.0,6.134607021486841,6.037232398986816,6.037232398986816,1667,0.0,0.0
1987-01-30 00:00:00-05:00,0.0,6.329361915588379,6.037237418286523,6.329361915588379,2500,0.0,0.0
1987-02-02 00:00:00-05:00,0.0,6.329356956315782,6.03723268790351,6.134607315063477,6667,0.0,0.0
1987-02-03 00:00:00-05:00,0.0,6.329356431983151,6.1346068068641735,6.28066873550415,16875,0.0,0.0
1987-02-04 00:00:00-05:00,6.28066873550415,6.28066873550415,6.28066873550415,6.28066873550415,0,0.0,0.0
1987-02-05 00:00:00-05:00,0.0,6.426733362826502,6.231983667654421,6.378046035766602,6458,0.0,0.0
1987-02-06 00:00:00-05:00,0.0,6.28067243035195,6.231985092163086,6.231985092163086,3542,0.0,0.0
1987-02-09 00:00:00-05:00,0.0,6.378045170008926,6.231982821723291,6.256326675415039,22500,0.0,0.0
1987-02-10 00:00:00-05:00,0.0,6.524109508228837,6.231985092163086,6.231985092163086,9583,0.0,0.0
1987-02-11 00:00:00-05:00,0.0,6.816230006955355,6.231981864362633,6.718855381011963,38333,0.0,0.0
1987-02-12 00:00:00-05:00,0.0,6.816230006955355,6.524106129125179,6.718855381011963,35000,0.0,0.0
1987-02-13 00:00:00-05:00,0.0,6.816229343414307,6.6214801104858205,6.816229343414307,8333,0.0,0.0
1987-02-17 00:00:00-05:00,0.0,7.035327434539795,6.76754686980909,7.035327434539795,35000,0.0,0.0
1987-02-18 00:00:00-05:00,0.0,7.205731115356056,6.913607163305854,6.962294101715088,14583,0.0,0.0
1987-02-19 00:00:00-05:00,0.0,7.2057277430821465,7.108353137969971,7.108353137969971,12708,0.0,0.0
1987-02-20 00:00:00-05:00,0.0,7.205728403645012,7.010979175567627,7.010979175567627,9792,0.0,0.0
1987-02-23 00:00:00-05:00,0.0,7.205728403645012,7.010979175567627,7.010979175567627,15833,0.0,0.0
1987-02-24 00:00:00-05:00,0.0,7.2057277430821465,7.010978532857795,7.108353137969971,43958,0.0,0.0
1987-02-25 00:00:00-05:00,0.0,7.157045591648235,7.035327434539795,7.035327434539795,2500,0.0,0.0
1987-02-26 00:00:00-05:00,0.0,7.10835378960632,7.010979175567627,7.010979175567627,5625,0.0,0.0
1987-02-27 00:00:00-05:00,0.0,7.205734729766846,7.0109853307133605,7.205734729766846,8333,0.0,0.0
1987-03-02 00:00:00-05:00,0.0,7.205728403645012,7.010979175567627,7.010979175567627,5208,0.0,0.0
1987-03-03 00:00:00-05:00,0.0,7.473510239528768,7.108355172384421,7.449166774749756,12917,0.0,0.0
1987-03-04 00:00:00-05:00,0.0,7.595226142203122,7.351790017038548,7.400476932525635,19375,0.0,0.0
1987-03-05 00:00:00-05:00,0.0,7.7412962913513175,7.400484441667614,7.741296291351318,5417,0.0,0.0
1987-03-06 00:00:00-05:00,0.0,7.7412962913513175,7.5952338489539155,7.741296291351318,3542,0.0,0.0
1987-03-09 00:00:00-05:00,0.0,7.497853704307779,7.449166774749756,7.449166774749756,32917,0.0,0.0
1987-03-10 00:00:00-05:00,0.0,7.595226142203122,7.400476932525636,7.400476932525635,18542,0.0,0.0
1987-03-11 00:00:00-05:00,0.0,7.595226142203122,7.400476932525636,7.400476932525635,8542,0.0,0.0
1987-03-12 00:00:00-05:00,0.0,7.400476932525636,7.400476932525636,7.400476932525635,1250,0.0,0.0
1987-03-13 00:00:00-05:00,0.0,7.449164621877292,7.400476932525636,7.400476932525635,4792,0.0,0.0
1987-03-16 00:00:00-05:00,0.0,7.449164621877292,7.400476932525636,7.400476932525635,4375,0.0,0.0
1987-03-17 00:00:00-05:00,0.0,7.449164621877292,7.157040033496492,7.400476932525635,12083,0.0,0.0
1987-03-18 00:00:00-05:00,0.0,7.449164621877292,7.157040033496492,7.400476932525635,6875,0.0,0.0
1987-03-19 00:00:00-05:00,0.0,7.303103687338181,7.15704136595471,7.254415988922119,5417,0.0,0.0
1987-03-20 00:00:00-05:00,0.0,7.205734729766846,7.205734729766846,7.205734729766846,1250,0.0,0.0
1987-03-23 00:00:00-05:00,0.0,7.400479516307769,7.205730238636079,7.303104877471924,7708,0.0,0.0
1987-03-24 00:00:00-05:00,0.0,7.400479516307769,7.303104877471924,7.303104877471924,1667,0.0,0.0
1987-03-25 00:00:00-05:00,0.0,7.400476932525636,7.254414638335235,7.400476932525635,1250,0.0,0.0
1987-03-26 00:00:00-05:00,0.0,7.400478310305592,7.254415988922119,7.254415988922119,4583,0.0,0.0
1987-03-27 00:00:00-05:00,0.0,7.497854709625245,7.254417707600551,7.497854709625244,833,0.0,0.0
1987-03-30 00:00:00-05:00,0.0,7.400476932525636,7.400476932525636,7.400476932525635,208,0.0,0.0
1987-03-31 00:00:00-05:00,0.0,7.303107245192211,7.27876377105713,7.278763771057129,1458,0.0,0.0
1987-04-01 00:00:00-05:00,0.0,7.497852933273002,7.254415988922119,7.254415988922119,1667,0.0,0.0
1987-04-02 00:00:00-05:00,0.0,7.400476932525636,7.254414638335235,7.400476932525635,7292,0.0,0.0
1987-04-03 00:00:00-05:00,7.400476932525636,7.400476932525636,7.400476932525636,7.400476932525635,0,0.0,0.0
1987-04-06 00:00:00-04:00,0.0,7.400479516307769,7.254417171121582,7.303104877471924,4792,0.0,0.0
1987-04-07 00:00:00-04:00,0.0,7.400476932525636,7.254414638335235,7.400476932525635,1042,0.0,0.0
1987-04-08 00:00:00-04:00,0.0,7.254415988922119,7.254415988922119,7.254415988922119,417,0.0,0.0
1987-04-09 00:00:00-04:00,0.0,7.400478310305592,7.254415988922119,7.254415988922119,5000,0.0,0.0
1987-04-10 00:00:00-04:00,0.0,7.40048191559763,7.27876377105713,7.278763771057129,1042,0.0,0.0
1987-04-13 00:00:00-04:00,0.0,7.327448314097091,7.157042503356934,7.157042503356934,3125,0.0,0.0
1987-04-14 00:00:00-04:00,0.0,7.010979175567627,6.913604561528935,7.010979175567627,7292,0.0,0.0
1987-04-15 00:00:00-04:00,0.0,7.1083554401369575,6.9136061668396,6.9136061668396,8542,0.0,0.0
1987-04-16 00:00:00-04:00,0.0,7.010979175567627,7.010979175567627,7.010979175567627,208,0.0,0.0
1987-04-20 00:00:00-04:00,0.0,6.937950134277344,6.816231249265358,6.937950134277344,12917,0.0,0.0
1987-04-21 00:00:00-04:00,0.0,7.010979175567627,6.767542253538576,7.010979175567627,7917,0.0,0.0
1987-04-22 00:00:00-04:00,0.0,7.010979175567627,6.864916867577268,7.010979175567627,2500,0.0,0.0
1987-04-23 00:00:00-04:00,0.0,6.718855381011963,6.718855381011963,6.718855381011963,1458,0.0,0.0
1987-04-24 00:00:00-04:00,0.0,6.718855381011963,6.718855381011963,6.718855381011963,2292,0.0,0.0
1987-04-27 00:00:00-04:00,0.0,6.816231251182099,6.426732676309923,6.475419998168945,16875,0.0,0.0
1987-04-28 00:00:00-04:00,0.0,6.791886932669907,6.475419186774641,6.524106502532959,13958,0.0,0.0
1987-04-29 00:00:00-04:00,0.0,6.791888647662376,6.426733493804932,6.426733493804932,12500,0.0,0.0
1987-04-30 00:00:00-04:00,0.0,6.621480678374221,6.378044116335382,6.548449516296387,8958,0.0,0.0
1987-05-01 00:00:00-04:00,0.0,6.6214811340495965,6.524106502532959,6.524106502532959,833,0.0,0.0
1987-05-04 00:00:00-04:00,0.0,6.621481418609619,6.621481418609619,6.621481418609619,2292,0.0,0.0
1987-05-05 00:00:00-04:00,0.0,6.524106502532959,6.524106502532959,6.524106502532959,1042,0.0,0.0
1987-05-06 00:00:00-04:00,0.0,6.621482671066102,6.378046035766602,6.378046035766602,625,0.0,0.0
1987-05-07 00:00:00-04:00,0.0,6.621481418609619,6.37804482935627,6.621481418609619,1667,0.0,0.0
1987-05-08 00:00:00-04:00,0.0,6.524106502532959,6.378044555258003,6.524106502532959,19583,0.0,0.0
1987-05-11 00:00:00-04:00,0.0,6.621482806013572,6.426733493804932,6.426733493804932,14167,0.0,0.0
1987-05-12 00:00:00-04:00,0.0,6.621481963746011,6.426732676309923,6.475419998168945,1667,0.0,0.0
1987-05-13 00:00:00-04:00,0.0,6.718855381011963,6.718855381011963,6.718855381011963,6250,0.0,0.0
1987-05-14 00:00:00-04:00,0.0,6.816229343414307,6.816229343414307,6.816229343414307,208,0.0,0.0
1987-05-15 00:00:00-04:00,0.0,6.816229343414307,6.718854726950063,6.816229343414307,417,0.0,0.0
1987-05-18 00:00:00-04:00,6.816229343414307,6.816229343414307,6.816229343414307,6.816229343414307,0,0.0,0.0
1987-05-19 00:00:00-04:00,0.0,6.670170307159424,6.621482593735654,6.670170307159424,4375,0.0,0.0
1987-05-20 00:00:00-04:00,0.0,6.621484184606564,6.183297753974222,6.231985092163086,20208,0.0,0.0
1987-05-21 00:00:00-04:00,0.0,6.4267348318511095,6.1346104157853585,6.231985092163086,53333,0.0,0.0
1987-05-22 00:00:00-04:00,0.0,6.426731583475748,6.134607315063477,6.134607315063477,5417,0.0,0.0
1987-05-26 00:00:00-04:00,0.0,6.378044269895765,6.134607315063477,6.134607315063477,13125,0.0,0.0
1987-05-27 00:00:00-04:00,0.0,6.231981643986865,6.037232398986816,6.037232398986816,3542,0.0,0.0
1987-05-28 00:00:00-04:00,0.0,6.231981942223443,6.134607315063477,6.134607315063477,2292,0.0,0.0
1987-05-29 00:00:00-04:00,0.0,6.329361915588379,6.231986825199309,6.329361915588379,417,0.0,0.0
1987-06-01 00:00:00-04:00,0.0,6.329360155473382,6.231985092163086,6.231985092163086,4792,0.0,0.0
1987-06-02 00:00:00-04:00,0.0,6.329357508998105,6.183295168571554,6.305013656616211,3542,0.0,0.0
1987-06-03 00:00:00-04:00,0.0,6.426736619044772,6.231986825199309,6.329361915588379,10000,0.0,0.0
1987-06-04 00:00:00-04:00,0.0,6.183293342590332,6.037231432229562,6.183293342590332,6250,0.0,0.0
1987-06-05 00:00:00-04:00,0.0,6.183293342590332,6.183293342590332,6.183293342590332,208,0.0,0.0
1987-06-08 00:00:00-04:00,0.0,6.329356956315782,6.134607315063477,6.134607315063477,1458,0.0,0.0
1987-06-09 00:00:00-04:00,0.0,6.231981942223443,6.134607315063477,6.134607315063477,3958,0.0,0.0
1987-06-10 00:00:00-04:00,0.0,6.329356956315782,6.134607315063477,6.134607315063477,6875,0.0,0.0
1987-06-11 00:00:00-04:00,0.0,6.231981942223443,6.03723268790351,6.134607315063477,43333,0.0,0.0
1987-06-12 00:00:00-04:00,0.0,6.426736619044772,6.231986825199309,6.329361915588379,15000,0.0,0.0
1987-06-15 00:00:00-04:00,0.0,6.4267348318511095,6.231985092163086,6.231985092163086,2917,0.0,0.0
1987-06-16 00:00:00-04:00,0.0,6.4267310510764695,6.231981425957492,6.28066873550415,19583,0.0,0.0
1987-06-17 00:00:00-04:00,0.0,6.426733493804932,6.231983794663804,6.426733493804932,32708,0.0,0.0
1987-06-18 00:00:00-04:00,0.0,6.426733493804932,6.426733493804932,6.426733493804932,833,0.0,0.0
1987-06-19 00:00:00-04:00,0.0,6.3466691970825195,6.3466691970825195,6.3466691970825195,625,0.0432,0.0
1987-06-22 00:00:00-04:00,0.0,6.444309711456299,6.249027399113932,6.444309711456299,7500,0.0,0.0
1987-06-23 00:00:00-04:00,0.0,6.297850134949623,6.249029636383057,6.249029636383057,3750,0.0,0.0
1987-06-24 00:00:00-04:00,0.0,6.3466691970825195,6.249027840026706,6.3466691970825195,9583,0.0,0.0
1987-06-25 00:00:00-04:00,0.0,6.3466691970825195,6.249027840026706,6.3466691970825195,15625,0.0,0.0
1987-06-26 00:00:00-04:00,0.0,6.3466691970825195,6.249027840026706,6.3466691970825195,16042,0.0,0.0
1987-06-29 00:00:00-04:00,0.0,6.249029636383057,6.249029636383057,6.249029636383057,208,0.0,0.0
1987-06-30 00:00:00-04:00,0.0,6.3466674469257125,6.249026116795469,6.273436546325684,48542,0.0,0.0
1987-07-01 00:00:00-04:00,0.0,6.3466710215070234,6.249029636383057,6.249029636383057,2917,0.0,0.0
1987-07-02 00:00:00-04:00,0.0,6.249029636383057,6.249029636383057,6.249029636383057,1667,0.0,0.0
1987-07-06 00:00:00-04:00,0.0,6.297845363616943,6.249024902037418,6.297845363616943,18958,0.0,0.0
1987-07-07 00:00:00-04:00,0.0,6.39549152007359,6.249029636383057,6.249029636383057,2500,0.0,0.0
1987-07-08 00:00:00-04:00,0.0,6.395489681615065,6.297848324559252,6.3466691970825195,4792,0.0,0.0
1987-07-09 00:00:00-04:00,0.0,6.395489681615065,6.249027840026706,6.3466691970825195,1250,0.0,0.0
1987-07-10 00:00:00-04:00,0.0,6.249029636383057,6.249029636383057,6.249029636383057,833,0.0,0.0
1987-07-13 00:00:00-04:00,0.0,6.39549152007359,6.249029636383057,6.249029636383057,3542,0.0,0.0
1987-07-14 00:00:00-04:00,0.0,6.3466710215070234,6.249029636383057,6.249029636383057,1458,0.0,0.0
1987-07-15 00:00:00-04:00,0.0,6.3954877853393555,6.3954877853393555,6.3954877853393555,208,0.0,0.0
1987-07-16 00:00:00-04:00,0.0,6.249029636383057,6.249029636383057,6.249029636383057,8958,0.0,0.0
1987-07-17 00:00:00-04:00,0.0,6.639594012906424,6.249029636383057,6.249029636383057,6406,0.0,1.3333333333333333
1987-07-20 00:00:00-04:00,0.0,6.444312018640157,6.249029636383057,6.249029636383057,9531,0.0,0.0
1987-07-21 00:00:00-04:00,0.0,6.444309671944615,6.249027360799573,6.314121723175049,5937,0.0,0.0
1987-07-22 00:00:00-04:00,0.0,6.444306000546318,6.118835926055908,6.118835926055908,4062,0.0,0.0
1987-07-23 00:00:00-04:00,0.0,6.379212505823314,5.988648466936366,6.053742408752441,10937,0.0,0.0
1987-07-24 00:00:00-04:00,0.0,6.118836297106477,5.598084379137339,5.988648414611816,5156,0.0,0.0
1987-07-27 00:00:00-04:00,0.0,5.988650094582865,5.728273868560791,5.728273868560791,781,0.0,0.0
1987-07-28 00:00:00-04:00,0.0,5.728274315847996,5.598086386666652,5.663180351257324,2969,0.0,0.0
1987-07-29 00:00:00-04:00,0.0,5.663180351257324,5.663180351257324,5.663180351257324,156,0.0,0.0
1987-07-30 00:00:00-04:00,0.0,6.1188380135986,5.663179909052924,5.728273868560791,9219,0.0,0.0
1987-07-31 00:00:00-04:00,0.0,6.118838491382661,5.663180351257324,5.663180351257324,5000,0.0,0.0
1987-08-03 00:00:00-04:00,0.0,6.11883908200245,5.663180897894792,5.858462810516357,3594,0.0,0.0
1987-08-04 00:00:00-04:00,0.0,6.1188380135986,5.728273868560791,5.728273868560791,469,0.0,0.0
1987-08-05 00:00:00-04:00,0.0,6.118835926055908,5.728271914265512,6.118835926055908,2187,0.0,0.0
1987-08-06 00:00:00-04:00,6.118835926055908,6.118835926055908,6.118835926055908,6.118835926055908,0,0.0,0.0
1987-08-07 00:00:00-04:00,0.0,5.956106662750244,5.728277280769169,5.956106662750244,1250,0.0,0.0
1987-08-10 00:00:00-04:00,0.0,5.728273868560791,5.728273868560791,5.728273868560791,2187,0.0,0.0
1987-08-11 00:00:00-04:00,0.0,5.923556135074997,5.728273868560791,5.728273868560791,25000,0.0,0.0
1987-08-12 00:00:00-04:00,0.0,5.793367828068659,5.728273868560791,5.728273868560791,3125,0.0,0.0
1987-08-13 00:00:00-04:00,0.0,6.118836297106477,5.728272261632,5.988648414611816,24375,0.0,0.0
1987-08-14 00:00:00-04:00,0.0,5.8910088539123535,5.858461873680067,5.8910088539123535,937,0.0,0.0
1987-08-17 00:00:00-04:00,0.0,5.956104154817812,5.858462810516357,5.858462810516357,6875,0.0,0.0
1987-08-18 00:00:00-04:00,0.0,5.988648414611816,5.858460144126661,5.988648414611816,19062,0.0,0.0
1987-08-19 00:00:00-04:00,0.0,5.988651140254739,5.858462810516357,5.858462810516357,937,0.0,0.0
1987-08-20 00:00:00-04:00,0.0,5.988650182599821,5.858461873680067,5.8910088539123535,64531,0.0,0.0
1987-08-21 00:00:00-04:00,0.0,6.118835926055908,6.118835926055908,6.118835926055908,469,0.0,0.0
1987-08-24 00:00:00-04:00,0.0,6.249024261062467,5.8584602204966565,6.086289405822754,2500,0.0,0.0
1987-08-25 00:00:00-04:00,0.0,6.509406016728913,6.249029636383057,6.249029636383057,16250,0.0,0.0
1987-08-26 00:00:00-04:00,0.0,6.249029636383057,6.249029636383057,6.249029636383057,469,0.0,0.0
1987-08-27 00:00:00-04:00,0.0,6.574497620714182,6.314121723175049,6.314121723175049,4687,0.0,0.0
1987-08-28 00:00:00-04:00,0.0,6.509399937846306,6.118835926055908,6.118835926055908,11094,0.0,0.0
1987-08-31 00:00:00-04:00,0.0,6.63959264755249,6.379216708740708,6.63959264755249,781,0.0,0.0
1987-09-01 00:00:00-04:00,0.0,6.509402275085449,6.118838123060698,6.509402275085449,625,0.0,0.0
1987-09-02 00:00:00-04:00,0.0,6.118835926055908,6.118835926055908,6.118835926055908,781,0.0,0.0
1987-09-03 00:00:00-04:00,0.0,6.37921206324633,6.118835926055908,6.118835926055908,3125,0.0,0.0
1987-09-04 00:00:00-04:00,0.0,6.63959264755249,6.118840381938173,6.63959264755249,1875,0.0,0.0
1987-09-08 00:00:00-04:00,0.0,6.24902702375016,5.858462810516357,5.858462810516357,15937,0.0,0.0
1987-09-09 00:00:00-04:00,0.0,6.249027645060456,5.793369415648927,5.923557758331299,30781,0.0,0.0
1987-09-10 00:00:00-04:00,0.0,6.249029636383057,5.988653644028033,6.249029636383057,3281,0.0,0.0
1987-09-11 00:00:00-04:00,0.0,5.793368339538574,5.793368339538574,5.793368339538574,2031,0.0,0.0
1987-09-14 00:00:00-04:00,0.0,5.793368339538574,5.793368339538574,5.793368339538574,156,0.0,0.0
1987-09-15 00:00:00-04:00,0.0,5.988648414611816,5.598084379137339,5.988648414611816,24531,0.0,0.0
1987-09-16 00:00:00-04:00,0.0,5.858461033060727,5.467896938323975,5.467896938323975,18437,0.0,0.0
1987-09-17 00:00:00-04:00,0.0,5.532992839813232,5.467898482317347,5.532992839813232,4687,0.0,0.0
1987-09-18 00:00:00-04:00,0.0,5.532991277438895,5.337709036075242,5.467896938323975,11562,0.0,0.0
1987-09-21 00:00:00-04:00,0.0,5.598088138919153,5.0773354832121935,5.337711811065674,6250,0.0,0.0
1987-09-22 00:00:00-04:00,0.0,5.3377108147408885,4.816958644227083,5.207522869110107,6562,0.0,0.0
1987-09-23 00:00:00-04:00,0.0,5.207522869110107,5.077334535488644,5.207522869110107,469,0.0,0.0
1987-09-24 00:00:00-04:00,0.0,5.207522869110107,4.947146589857863,5.207522869110107,1250,0.0,0.0
1987-09-25 00:00:00-04:00,0.0,4.947146415710449,4.947146415710449,4.947146415710449,469,0.0,0.0
1987-09-28 00:00:00-04:00,0.0,5.207522869110107,4.947146589857863,5.207522869110107,26875,0.0,0.0
1987-09-29 00:00:00-04:00,0.0,5.305164813995361,5.207523836631272,5.305164813995361,4844,0.0,0.0
1987-09-30 00:00:00-04:00,0.0,5.467899780997036,5.0773354832121935,5.337711811065674,19219,0.0,0.0
1987-10-01 00:00:00-04:00,0.0,5.467896938323975,5.0773328435872225,5.467896938323975,35469,0.0,0.0
1987-10-02 00:00:00-04:00,0.0,5.467895321002288,5.20751959352007,5.272613525390625,11250,0.0,0.0
1987-10-05 00:00:00-04:00,0.0,5.467897377371627,5.207521551967149,5.402803421020508,2656,0.0,0.0
1987-10-06 00:00:00-04:00,0.0,5.402803421020508,5.207521551967149,5.402803421020508,27187,0.0,0.0
1987-10-07 00:00:00-04:00,0.0,5.402801389131734,5.20751959352007,5.272613525390625,11719,0.0,0.0
1987-10-08 00:00:00-04:00,0.0,5.402802618015436,5.077332496643066,5.077332496643066,23281,0.0,0.0
1987-10-09 00:00:00-04:00,0.0,5.142428715273057,4.947146415710449,4.947146415710449,2812,0.0,0.0
1987-10-12 00:00:00-04:00,4.947146415710449,4.947146415710449,4.947146415710449,4.947146415710449,0,0.0,0.0
1987-10-13 00:00:00-04:00,0.0,4.947146415710449,4.947146415710449,4.947146415710449,2031,0.0,0.0
1987-10-14 00:00:00-04:00,0.0,5.207522869110107,5.207522869110107,5.207522869110107,312,0.0,0.0
1987-10-15 00:00:00-04:00,0.0,5.272619753514223,4.947149321718847,5.142431735992432,2500,0.0,0.0
1987-10-16 00:00:00-04:00,0.0,4.947144408302037,4.816956520080566,4.816956520080566,6094,0.0,0.0
1987-10-19 00:00:00-04:00,0.0,4.947147725459958,4.296207459894095,4.621677398681641,10000,0.0,0.0
1987-10-20 00:00:00-04:00,0.0,4.296207284927368,3.9056429862976074,3.9056429862976074,32031,0.0,0.0
1987-10-21 00:00:00-04:00,0.0,4.166018926723611,3.9056429862976074,3.9056429862976074,93281,0.0,0.0
1987-10-22 00:00:00-04:00,0.0,4.035829461623085,3.515077385668994,3.5801713466644287,19844,0.0,0.0
1987-10-23 00:00:00-04:00,0.0,3.905642827351888,3.515078544616699,3.515078544616699,1875,0.0,0.0
1987-10-26 00:00:00-05:00,0.0,3.6452653616529798,3.3848891258239746,3.3848891258239746,4687,0.0,0.0
1987-10-27 00:00:00-05:00,0.0,3.6452653616529798,3.1245130839902786,3.3848891258239746,4062,0.0,0.0
1987-10-28 00:00:00-05:00,0.0,3.384888048785138,2.9292300720633304,2.994324207305908,40156,0.0,0.0
1987-10-29 00:00:00-05:00,0.0,3.384891004541968,2.8641386318410884,3.1245148181915283,3125,0.0,0.0
1987-10-30 00:00:00-05:00,0.0,3.3848891258239746,2.8641370421565826,3.3848891258239746,36719,0.0,0.0
1987-11-02 00:00:00-05:00,0.0,3.645266532897949,3.384890213408545,3.645266532897949,3281,0.0,0.0
1987-11-03 00:00:00-05:00,0.0,3.905640856510751,3.384888483648955,3.7103586196899414,36562,0.0,0.0
1987-11-04 00:00:00-05:00,0.0,3.7754526138305664,3.6127177378859274,3.7754526138305664,12812,0.0,0.0
1987-11-05 00:00:00-05:00,0.0,3.9056429862976074,3.5150786876678466,3.9056429862976074,96250,0.0,0.0
1987-11-06 00:00:00-05:00,0.0,3.9056402197025646,3.840545892715454,3.840545892715454,47031,0.0,0.0
1987-11-09 00:00:00-05:00,0.0,4.035830956510609,3.5150786876678466,3.9056429862976074,2500,0.0,0.0
1987-11-10 00:00:00-05:00,0.0,4.035830818136684,3.5150785671486187,3.645266532897949,2812,0.0,0.0
1987-11-11 00:00:00-05:00,0.0,3.645266532897949,3.580172550023284,3.645266532897949,25781,0.0,0.0
1987-11-12 00:00:00-05:00,0.0,3.905642852387354,3.5150785671486187,3.645266532897949,4062,0.0,0.0
1987-11-13 00:00:00-05:00,0.0,3.7103604919889235,3.515078544616699,3.515078544616699,205625,0.0,0.0
1987-11-16 00:00:00-05:00,0.0,3.515078544616699,3.515078544616699,3.515078544616699,469,0.0,0.0
1987-11-17 00:00:00-05:00,0.0,3.905642852387354,3.5150785671486187,3.645266532897949,69219,0.0,0.0
1987-11-18 00:00:00-05:00,0.0,3.645266532897949,3.5150785671486187,3.645266532897949,8594,0.0,0.0
1987-11-19 00:00:00-05:00,0.0,3.515078544616699,3.515078544616699,3.515078544616699,781,0.0,0.0
1987-11-20 00:00:00-05:00,0.0,3.6452653076598636,3.515077385668994,3.5801713466644287,128906,0.0,0.0
1987-11-23 00:00:00-05:00,0.0,3.5801713466644287,3.515077385668994,3.5801713466644287,2656,0.0,0.0
1987-11-24 00:00:00-05:00,0.0,3.7754544744463314,3.515078544616699,3.515078544616699,3125,0.0,0.0
1987-11-25 00:00:00-05:00,0.0,3.64526628664773,3.5150783296930412,3.6127192974090576,21406,0.0,0.0
1987-11-27 00:00:00-05:00,0.0,3.64526628664773,3.5150783296930412,3.6127192974090576,36875,0.0,0.0
1987-11-30 00:00:00-05:00,0.0,3.6452653076598636,3.515077385668994,3.5801713466644287,22969,0.0,0.0
1987-12-01 00:00:00-05:00,0.0,3.580172527074107,3.515078544616699,3.515078544616699,5625,0.0,0.0
1987-12-02 00:00:00-05:00,0.0,3.515078544616699,3.515078544616699,3.515078544616699,2344,0.0,0.0
1987-12-03 00:00:00-05:00,0.0,3.9056409025768266,3.515076812319144,3.7754526138305664,39375,0.0,0.0
1987-12-04 00:00:00-05:00,0.0,3.9056410940976396,3.4499826431274414,3.4499826431274414,25312,0.0,0.0
1987-12-07 00:00:00-05:00,0.0,3.515078544616699,3.515078544616699,3.515078544616699,5312,0.0,0.0
1987-12-08 00:00:00-05:00,0.0,3.7754526138305664,3.515076812319144,3.7754526138305664,57500,0.0,0.0
1987-12-09 00:00:00-05:00,0.0,3.515078544616699,3.515078544616699,3.515078544616699,4219,0.0,0.0
1987-12-10 00:00:00-05:00,0.0,3.7103585645188804,3.3848884333174616,3.41743540763855,113594,0.0,0.0
1987-12-11 00:00:00-05:00,0.0,3.6452648918276074,3.4499826431274414,3.4499826431274414,5156,0.0,0.0
1987-12-14 00:00:00-05:00,0.0,3.840545892715454,3.515076197732308,3.840545892715454,6719,0.0,0.0
1987-12-15 00:00:00-05:00,0.0,3.9056429862976074,3.6452666578808484,3.9056429862976074,4687,0.0,0.0
1987-12-16 00:00:00-05:00,0.0,3.905642852387354,3.645266532897949,3.645266532897949,6562,0.0,0.0
1987-12-17 00:00:00-05:00,0.0,3.9056409025768266,3.6452647130748552,3.7754526138305664,10312,0.0,0.0
1987-12-18 00:00:00-05:00,0.0,4.035828803332538,3.710358663452711,3.7754526138305664,1719,0.0,0.0
1987-12-21 00:00:00-05:00,0.0,3.938187189200879,3.7103580147221957,3.840545892715454,3906,0.0,0.0
1987-12-22 00:00:00-05:00,0.0,4.296205520629883,3.9056413823908023,4.296205520629883,18594,0.0,0.0
1987-12-23 00:00:00-05:00,0.0,4.296205520629883,3.9056413823908023,4.296205520629883,7187,0.0,0.0
1987-12-24 00:00:00-05:00,4.31976842880249,4.31976842880249,4.31976842880249,4.31976842880249,0,0.0576,0.0
1987-12-28 00:00:00-05:00,0.0,4.31976842880249,3.9925131797825406,4.31976842880249,9375,0.0,0.0
1987-12-29 00:00:00-05:00,0.0,4.254314205189245,3.927059566419535,4.188863277435303,9062,0.0,0.0
1987-12-30 00:00:00-05:00,0.0,4.319765523061489,4.057961421927419,4.188863277435303,48125,0.0,0.0
1987-12-31 00:00:00-05:00,0.0,4.31976842880249,3.9925131797825406,4.31976842880249,5625,0.0,0.0
1988-01-04 00:00:00-05:00,0.0,4.581571200321492,4.450669288635254,4.450669288635254,1250,0.0,0.0
1988-01-05 00:00:00-05:00,0.0,4.581571200321492,4.385218332792135,4.450669288635254,8125,0.0,0.0
1988-01-06 00:00:00-05:00,0.0,4.647023677825928,4.647023677825928,4.647023677825928,781,0.0,0.0
1988-01-07 00:00:00-05:00,0.0,4.647021369664379,4.450668535367395,4.516119480133057,625,0.0,0.0
1988-01-08 00:00:00-05:00,0.0,4.647023677825928,4.188866446782689,4.647023677825928,625,0.0,0.0
1988-01-11 00:00:00-05:00,0.0,4.647020920171647,4.25431489944458,4.25431489944458,781,0.0,0.0
1988-01-12 00:00:00-05:00,0.0,4.450669288635254,4.188865075144308,4.450669288635254,1094,0.0,0.0
1988-01-13 00:00:00-05:00,0.0,4.712475776672363,4.647024399119699,4.712475776672363,625,0.0,0.0
1988-01-14 00:00:00-05:00,0.0,4.712471479703442,4.188863277435303,4.188863277435303,469,0.0,0.0
1988-01-15 00:00:00-05:00,0.0,4.712474649602716,4.188866095123371,4.31976842880249,2187,0.0,0.0
1988-01-18 00:00:00-05:00,0.0,4.712475860778308,4.254318160325974,4.385220527648926,5000,0.0,0.0
1988-01-19 00:00:00-05:00,0.0,4.450669288635254,4.188865075144308,4.450669288635254,1562,0.0,0.0
1988-01-20 00:00:00-05:00,0.0,4.385217166432512,4.188863961009797,4.25431489944458,11250,0.0,0.0
1988-01-21 00:00:00-05:00,0.0,4.581572532653809,4.254317268153126,4.581572532653809,11875,0.0,0.0
1988-01-22 00:00:00-05:00,0.0,4.25431489944458,4.25431489944458,4.25431489944458,3437,0.0,0.0
1988-01-25 00:00:00-05:00,0.0,4.647023287703875,4.31976842880249,4.31976842880249,7031,0.0,0.0
1988-01-26 00:00:00-05:00,0.0,4.712475860778308,4.319769539046782,4.385220527648926,62656,0.0,0.0
1988-01-27 00:00:00-05:00,0.0,4.516119480133057,4.319766645836073,4.516119480133057,6250,0.0,0.0
1988-01-28 00:00:00-05:00,0.0,4.54884672164917,4.54884672164917,4.54884672164917,3125,0.0,0.0
1988-01-29 00:00:00-05:00,0.0,4.31976842880249,4.31976842880249,4.31976842880249,1094,0.0,0.0
1988-02-01 00:00:00-05:00,0.0,4.450669288635254,4.319767376949016,4.450669288635254,3750,0.0,0.0
1988-02-02 00:00:00-05:00,0.0,4.31976842880249,4.31976842880249,4.31976842880249,937,0.0,0.0
1988-02-03 00:00:00-05:00,0.0,4.450670372363044,4.31976842880249,4.31976842880249,3281,0.0,0.0
1988-02-04 00:00:00-05:00,0.0,4.352494716644287,4.352494716644287,4.352494716644287,469,0.0,0.0
1988-02-05 00:00:00-05:00,0.0,4.712475776672363,4.352494955666669,4.712475776672363,937,0.0,0.0
1988-02-08 00:00:00-05:00,0.0,4.712473502126199,4.319767376949016,4.450669288635254,21250,0.0,0.0
1988-02-09 00:00:00-05:00,0.0,4.581573493455356,4.319769539046782,4.385220527648926,7969,0.0,0.0
1988-02-10 00:00:00-05:00,0.0,4.54884683003346,4.31976842880249,4.31976842880249,3594,0.0,0.0
1988-02-11 00:00:00-05:00,0.0,4.483395858253182,4.31976842880249,4.31976842880249,3125,0.0,0.0
1988-02-12 00:00:00-05:00,0.0,4.712474872525231,4.581572532653809,4.581572532653809,2812,0.0,0.0
1988-02-16 00:00:00-05:00,0.0,4.647023287703875,4.31976842880249,4.31976842880249,1875,0.0,0.0
1988-02-17 00:00:00-05:00,0.0,4.516121344143321,4.31976842880249,4.31976842880249,5312,0.0,0.0
1988-02-18 00:00:00-05:00,0.0,4.581571200321492,4.385218332792135,4.450669288635254,35312,0.0,0.0
1988-02-19 00:00:00-05:00,0.0,4.712473502126199,4.450669288635254,4.450669288635254,3437,0.0,0.0
1988-02-22 00:00:00-05:00,0.0,4.8433768222780715,4.450670582900969,4.581572532653809,1875,0.0,0.0
1988-02-23 00:00:00-05:00,0.0,4.843374594079766,4.516119480133057,4.516119480133057,3125,0.0,0.0
1988-02-24 00:00:00-05:00,0.0,4.450669288635254,4.450669288635254,4.450669288635254,1719,0.0,0.0
1988-02-25 00:00:00-05:00,0.0,4.843373775482178,4.4506677831425865,4.843373775482178,9219,0.0,0.0
1988-02-26 00:00:00-05:00,0.0,4.97427972640839,4.712475776672363,4.712475776672363,21719,0.0,0.0
1988-02-29 00:00:00-05:00,0.0,4.777921676635742,4.777921676635742,4.777921676635742,156,0.0,0.0
1988-03-01 00:00:00-05:00,0.0,5.105179309844971,4.7124735691970265,5.105179309844971,1094,0.0,0.0
1988-03-02 00:00:00-05:00,0.0,4.777921676635742,4.777921676635742,4.777921676635742,937,0.0,0.0
1988-03-03 00:00:00-05:00,0.0,5.105181701276403,4.712475776672363,4.712475776672363,5469,0.0,0.0
1988-03-04 00:00:00-05:00,0.0,5.105180866050749,4.876102447509766,4.876102447509766,18281,0.0,0.0
1988-03-07 00:00:00-05:00,0.0,4.843373775482178,4.7779228417786355,4.843373775482178,1562,0.0,0.0
1988-03-08 00:00:00-05:00,0.0,5.105177510296347,4.843373775482178,4.843373775482178,1406,0.0,0.0
1988-03-09 00:00:00-05:00,0.0,5.105181532701007,4.777926606337079,4.941554069519043,9375,0.0,0.0
1988-03-10 00:00:00-05:00,0.0,4.908827935872763,4.876102447509766,4.876102447509766,2812,0.0,0.0
1988-03-11 00:00:00-05:00,0.0,5.105179309844971,4.8433754827463416,5.105179309844971,7500,0.0,0.0
1988-03-14 00:00:00-05:00,0.0,5.105177510296347,4.843373775482178,4.843373775482178,2187,0.0,0.0
1988-03-15 00:00:00-05:00,0.0,4.9088287353515625,4.9088287353515625,4.9088287353515625,781,0.0,0.0
1988-03-16 00:00:00-05:00,0.0,4.974277973175049,4.843376044444712,4.974277973175049,25625,0.0,0.0
1988-03-17 00:00:00-05:00,0.0,5.039730710122967,4.84337774796586,4.9088287353515625,4844,0.0,0.0
1988-03-18 00:00:00-05:00,0.0,5.1051816975086695,4.84337774796586,4.9088287353515625,2656,0.0,0.0
1988-03-21 00:00:00-05:00,0.0,5.105177510296347,4.7779228417786355,4.843373775482178,22656,0.0,0.0
1988-03-22 00:00:00-05:00,0.0,4.8433725943784385,4.712470758893046,4.777921676635742,13750,0.0,0.0
1988-03-23 00:00:00-05:00,0.0,4.876098053249787,4.777921676635742,4.777921676635742,4219,0.0,0.0
1988-03-24 00:00:00-05:00,0.0,5.0397265765928045,4.7779228417786355,4.843373775482178,6875,0.0,0.0
1988-03-25 00:00:00-05:00,0.0,4.777921676635742,4.777921676635742,4.777921676635742,3281,0.0,0.0
1988-03-28 00:00:00-05:00,0.0,4.777921676635742,4.777921676635742,4.777921676635742,625,0.0,0.0
1988-03-29 00:00:00-05:00,0.0,4.974274429863831,4.777921676635742,4.777921676635742,10312,0.0,0.0
1988-03-30 00:00:00-05:00,0.0,4.974274429863831,4.777921676635742,4.777921676635742,2812,0.0,0.0
1988-03-31 00:00:00-05:00,0.0,5.039726734161377,4.777922991161835,5.039726734161377,5625,0.0,0.0
1988-04-04 00:00:00-04:00,0.0,4.974275642889262,4.7779228417786355,4.843373775482178,12500,0.0,0.0
1988-04-05 00:00:00-04:00,0.0,4.90882470918572,4.7779228417786355,4.843373775482178,10000,0.0,0.0
1988-04-06 00:00:00-04:00,0.0,4.97427972640839,4.712475776672363,4.712475776672363,50469,0.0,0.0
1988-04-07 00:00:00-04:00,0.0,4.941554232691386,4.712475776672363,4.712475776672363,6562,0.0,0.0
1988-04-08 00:00:00-04:00,0.0,4.974277973175049,4.712474115714374,4.974277973175049,15781,0.0,0.0
1988-04-11 00:00:00-04:00,0.0,4.974277973175049,4.712474115714374,4.974277973175049,1250,0.0,0.0
1988-04-12 00:00:00-04:00,0.0,4.843373775482178,4.712471908075093,4.843373775482178,3281,0.0,0.0
1988-04-13 00:00:00-04:00,0.0,4.843373775482178,4.712471908075093,4.843373775482178,27187,0.0,0.0
1988-04-14 00:00:00-04:00,0.0,4.777921676635742,4.777921676635742,4.777921676635742,5781,0.0,0.0
1988-04-15 00:00:00-04:00,0.0,4.908823512121135,4.777921676635742,4.777921676635742,3125,0.0,0.0
1988-04-18 00:00:00-04:00,0.0,4.908823512121135,4.777921676635742,4.777921676635742,625,0.0,0.0
1988-04-19 00:00:00-04:00,0.0,4.9088287353515625,4.777926760580158,4.9088287353515625,1875,0.0,0.0
1988-04-20 00:00:00-04:00,0.0,4.908823512121135,4.777921676635742,4.777921676635742,1875,0.0,0.0
1988-04-21 00:00:00-04:00,0.0,4.8433725943784385,4.777921676635742,4.777921676635742,1406,0.0,0.0
1988-04-22 00:00:00-04:00,0.0,4.90882470918572,4.7779228417786355,4.843373775482178,5312,0.0,0.0
1988-04-25 00:00:00-04:00,0.0,4.90882470918572,4.7779228417786355,4.843373775482178,7969,0.0,0.0
1988-04-26 00:00:00-04:00,0.0,4.777921676635742,4.777921676635742,4.777921676635742,781,0.0,0.0
1988-04-27 00:00:00-04:00,0.0,4.843373775482178,4.843373775482178,4.843373775482178,3125,0.0,0.0
1988-04-28 00:00:00-04:00,0.0,4.9088287353515625,4.84337774796586,4.9088287353515625,19531,0.0,0.0
1988-04-29 00:00:00-04:00,0.0,4.974277973175049,4.974277973175049,4.974277973175049,156,0.0,0.0
1988-05-02 00:00:00-04:00,0.0,4.908823512121135,4.777921676635742,4.777921676635742,1094,0.0,0.0
1988-05-03 00:00:00-04:00,4.777921676635742,4.777921676635742,4.777921676635742,4.777921676635742,0,0.0,0.0
1988-05-04 00:00:00-04:00,4.777921676635742,4.777921676635742,4.777921676635742,4.777921676635742,0,0.0,0.0
1988-05-05 00:00:00-04:00,0.0,4.843373775482178,4.843373775482178,4.843373775482178,781,0.0,0.0
1988-05-06 00:00:00-04:00,0.0,4.777921676635742,4.777921676635742,4.777921676635742,781,0.0,0.0
1988-05-09 00:00:00-04:00,0.0,4.81065034866333,4.777924867933797,4.81065034866333,2656,0.0,0.0
1988-05-10 00:00:00-04:00,0.0,4.9088287353515625,4.9088287353515625,4.9088287353515625,312,0.0,0.0
1988-05-11 00:00:00-04:00,0.0,4.777921676635742,4.777921676635742,4.777921676635742,1875,0.0,0.0
1988-05-12 00:00:00-04:00,0.0,4.876102447509766,4.777925982420773,4.876102447509766,18906,0.0,0.0
1988-05-13 00:00:00-04:00,0.0,4.712475776672363,4.712475776672363,4.712475776672363,156,0.0,0.0
1988-05-16 00:00:00-04:00,4.712475776672363,4.712475776672363,4.712475776672363,4.712475776672363,0,0.0,0.0
1988-05-17 00:00:00-04:00,0.0,4.843377751540377,4.712475776672363,4.712475776672363,1094,0.0,0.0
1988-05-18 00:00:00-04:00,4.712475776672363,4.712475776672363,4.712475776672363,4.712475776672363,0,0.0,0.0
1988-05-19 00:00:00-04:00,4.712475776672363,4.712475776672363,4.712475776672363,4.712475776672363,0,0.0,0.0
1988-05-20 00:00:00-04:00,0.0,4.647023677825928,4.5815727005509785,4.647023677825928,14687,0.0,0.0
1988-05-23 00:00:00-04:00,0.0,4.581570424898717,4.516119480133057,4.516119480133057,13437,0.0,0.0
1988-05-24 00:00:00-04:00,4.516119480133057,4.516119480133057,4.516119480133057,4.516119480133057,0,0.0,0.0
1988-05-25 00:00:00-04:00,4.516119480133057,4.516119480133057,4.516119480133057,4.516119480133057,0,0.0,0.0
1988-05-26 00:00:00-04:00,0.0,4.516119480133057,4.516119480133057,4.516119480133057,2187,0.0,0.0
1988-05-27 00:00:00-04:00,0.0,4.647022156164611,4.450669288635254,4.450669288635254,45000,0.0,0.0
1988-05-31 00:00:00-04:00,4.450669288635254,4.450669288635254,4.450669288635254,4.450669288635254,0,0.0,0.0
1988-06-01 00:00:00-04:00,0.0,4.712472704548444,4.516119480133057,4.516119480133057,5312,0.0,0.0
1988-06-02 00:00:00-04:00,0.0,4.516119480133057,4.516119480133057,4.516119480133057,781,0.0,0.0
1988-06-03 00:00:00-04:00,0.0,4.777924457969318,4.450669288635254,4.450669288635254,781,0.0,0.0
1988-06-06 00:00:00-04:00,0.0,4.450669288635254,4.450669288635254,4.450669288635254,1094,0.0,0.0
1988-06-07 00:00:00-04:00,0.0,4.450669288635254,4.450669288635254,4.450669288635254,156,0.0,0.0
1988-06-08 00:00:00-04:00,4.450669288635254,4.450669288635254,4.450669288635254,4.450669288635254,0,0.0,0.0
1988-06-09 00:00:00-04:00,0.0,4.385220527648926,4.385220527648926,4.385220527648926,781,0.0,0.0
1988-06-10 00:00:00-04:00,0.0,4.6142964363098145,4.6142964363098145,4.6142964363098145,781,0.0,0.0
1988-06-13 00:00:00-04:00,4.6142964363098145,4.6142964363098145,4.6142964363098145,4.6142964363098145,0,0.0,0.0
1988-06-14 00:00:00-04:00,4.6142964363098145,4.6142964363098145,4.6142964363098145,4.6142964363098145,0,0.0,0.0
1988-06-15 00:00:00-04:00,0.0,4.450669288635254,4.450669288635254,4.450669288635254,2031,0.0,0.0
1988-06-16 00:00:00-04:00,0.0,4.581572532653809,4.450670582900969,4.581572532653809,6719,0.0,0.0
1988-06-17 00:00:00-04:00,0.0,4.581572532653809,4.450670582900969,4.581572532653809,47031,0.0,0.0
1988-06-20 00:00:00-04:00,0.0,4.574987888336182,4.476247235695082,4.574987888336182,11719,0.064,0.0
1988-06-21 00:00:00-04:00,0.0,4.574986990221458,4.476246356964111,4.476246356964111,5469,0.0,0.0
1988-06-22 00:00:00-04:00,0.0,4.739558383155482,4.542076587677002,4.542076587677002,2969,0.0,0.0
1988-06-23 00:00:00-04:00,0.0,4.67373157875033,4.607904434204102,4.607904434204102,2344,0.0,0.0
1988-06-24 00:00:00-04:00,0.0,4.673732280731201,4.673732280731201,4.673732280731201,312,0.0,0.0
1988-06-27 00:00:00-04:00,0.0,4.871212482452393,4.871212482452393,4.871212482452393,156,0.0,0.0
1988-06-28 00:00:00-04:00,0.0,4.937039786273292,4.542076587677002,4.542076587677002,2812,0.0,0.0
1988-06-29 00:00:00-04:00,0.0,4.937041106341636,4.739559650421143,4.739559650421143,1094,0.0,0.0
1988-06-30 00:00:00-04:00,0.0,5.266172885894775,4.871209909643656,5.266172885894775,7187,0.0,0.0
1988-07-01 00:00:00-04:00,5.266172885894775,5.266172885894775,5.266172885894775,5.266172885894775,0,0.0,0.0
1988-07-05 00:00:00-04:00,5.266172885894775,5.266172885894775,5.266172885894775,5.266172885894775,0,0.0,0.0
1988-07-06 00:00:00-04:00,0.0,5.332000678344272,5.002864756498724,5.101605415344238,8750,0.0,0.0
1988-07-07 00:00:00-04:00,0.0,4.93704080581665,4.93704080581665,4.93704080581665,469,0.0,0.0
1988-07-08 00:00:00-04:00,0.0,5.397830486297607,4.937040121994718,5.397830486297607,625,0.0,0.0
1988-07-11 00:00:00-04:00,0.0,5.397829545961135,5.03577995300293,5.03577995300293,6406,0.0,0.0
1988-07-12 00:00:00-04:00,0.0,5.463656045296963,5.002865814234384,5.134520053863525,1719,0.0,0.0
1988-07-13 00:00:00-04:00,5.134520053863525,5.134520053863525,5.134520053863525,5.134520053863525,0,0.0,0.0
1988-07-14 00:00:00-04:00,0.0,5.332000255584717,5.200346054229196,5.332000255584717,17031,0.0,0.0
1988-07-15 00:00:00-04:00,0.0,5.463654177840111,5.266172885894775,5.266172885894775,312,0.0,0.0
1988-07-18 00:00:00-04:00,0.0,5.529483067288933,5.266174592688865,5.463655948638916,781,0.0,0.0
1988-07-19 00:00:00-04:00,0.0,5.529484748840332,5.397830471503397,5.529484748840332,1562,0.0,0.0
1988-07-20 00:00:00-04:00,5.529484748840332,5.529484748840332,5.529484748840332,5.529484748840332,0,0.0,0.0
1988-07-21 00:00:00-04:00,0.0,5.266172885894775,5.266172885894775,5.266172885894775,1875,0.0,0.0
1988-07-22 00:00:00-04:00,0.0,5.266172885894775,5.266172885894775,5.266172885894775,1094,0.0,0.0
1988-07-25 00:00:00-04:00,0.0,5.463654177840111,5.266172885894775,5.266172885894775,469,0.0,0.0
1988-07-26 00:00:00-04:00,5.266172885894775,5.266172885894775,5.266172885894775,5.266172885894775,0,0.0,0.0
1988-07-27 00:00:00-04:00,0.0,5.463658478828249,5.364917755126953,5.364917755126953,1719,0.0,0.0
1988-07-28 00:00:00-04:00,0.0,5.266172885894775,5.266172885894775,5.266172885894775,625,0.0,0.0
1988-07-29 00:00:00-04:00,0.0,5.397830486297607,5.2661762085998385,5.397830486297607,312,0.0,0.0
1988-08-01 00:00:00-04:00,0.0,5.397830486297607,5.2661762085998385,5.397830486297607,469,0.0,0.0
1988-08-02 00:00:00-04:00,0.0,5.397830486297607,5.332003347448723,5.397830486297607,4844,0.0,0.0
1988-08-03 00:00:00-04:00,5.397830486297607,5.397830486297607,5.397830486297607,5.397830486297607,0,0.0,0.0
1988-08-04 00:00:00-04:00,0.0,5.397830486297607,5.397830486297607,5.397830486297607,312,0.0,0.0
1988-08-05 00:00:00-04:00,0.0,5.397830486297607,5.397830486297607,5.397830486297607,156,0.0,0.0
1988-08-08 00:00:00-04:00,0.0,5.397830486297607,5.397830486297607,5.397830486297607,2187,0.0,0.0
1988-08-09 00:00:00-04:00,0.0,5.463657625146492,5.397830486297607,5.397830486297607,8125,0.0,0.0
1988-08-10 00:00:00-04:00,0.0,5.397830486297607,5.397830486297607,5.397830486297607,781,0.0,0.0
1988-08-11 00:00:00-04:00,0.0,5.397830486297607,5.397830486297607,5.397830486297607,469,0.0,0.0
1988-08-12 00:00:00-04:00,0.0,5.463657625146492,5.2661762085998385,5.397830486297607,6875,0.0,0.0
1988-08-15 00:00:00-04:00,0.0,5.266172885894775,5.134518298904103,5.266172885894775,20625,0.0,0.0
1988-08-16 00:00:00-04:00,0.0,5.134520053863525,5.134520053863525,5.134520053863525,156,0.0,0.0
1988-08-17 00:00:00-04:00,5.134520053863525,5.134520053863525,5.134520053863525,5.134520053863525,0,0.0,0.0
1988-08-18 00:00:00-04:00,5.134520053863525,5.134520053863525,5.134520053863525,5.134520053863525,0,0.0,0.0
1988-08-19 00:00:00-04:00,0.0,5.002866268157959,5.002866268157959,5.002866268157959,1562,0.0,0.0
1988-08-22 00:00:00-04:00,0.0,5.002866268157959,5.002866268157959,5.002866268157959,1562,0.0,0.0
1988-08-23 00:00:00-04:00,0.0,5.233261600773932,5.002866268157959,5.002866268157959,2656,0.0,0.0
1988-08-24 00:00:00-04:00,0.0,5.134520053863525,5.068692934048954,5.134520053863525,10937,0.0,0.0
1988-08-25 00:00:00-04:00,0.0,5.266172885894775,5.266172885894775,5.266172885894775,2656,0.0,0.0
1988-08-26 00:00:00-04:00,0.0,5.266176473056692,5.2003493309021,5.2003493309021,312,0.0,0.0
1988-08-29 00:00:00-04:00,5.2003493309021,5.2003493309021,5.2003493309021,5.2003493309021,0,0.0,0.0
1988-08-30 00:00:00-04:00,5.2003493309021,5.2003493309021,5.2003493309021,5.2003493309021,0,0.0,0.0
1988-08-31 00:00:00-04:00,0.0,5.266172885894775,5.00286410427388,5.266172885894775,10625,0.0,0.0
1988-09-01 00:00:00-04:00,0.0,5.266172939996719,5.068691253662109,5.068691253662109,8437,0.0,0.0
1988-09-02 00:00:00-04:00,0.0,5.2003493309021,5.134521796386791,5.2003493309021,2656,0.0,0.0
1988-09-06 00:00:00-04:00,5.2003493309021,5.2003493309021,5.2003493309021,5.2003493309021,0,0.0,0.0
1988-09-07 00:00:00-04:00,0.0,5.068691253662109,5.068691253662109,5.068691253662109,625,0.0,0.0
1988-09-08 00:00:00-04:00,0.0,5.2003493309021,5.068694654232199,5.2003493309021,2031,0.0,0.0
1988-09-09 00:00:00-04:00,0.0,5.266172885894775,5.068691201588991,5.266172885894775,17344,0.0,0.0
1988-09-12 00:00:00-04:00,0.0,5.266172885894775,5.068691201588991,5.266172885894775,1094,0.0,0.0
1988-09-13 00:00:00-04:00,0.0,5.397827356262478,5.068691460513205,5.332000255584717,4531,0.0,0.0
1988-09-14 00:00:00-04:00,0.0,5.6611376969495435,5.266174592688865,5.463655948638916,22187,0.0,0.0
1988-09-15 00:00:00-04:00,0.0,5.792789375840213,5.661135196685791,5.661135196685791,625,0.0,0.0
1988-09-16 00:00:00-04:00,0.0,5.792793273925781,5.792793273925781,5.792793273925781,156,0.0,0.0
1988-09-19 00:00:00-04:00,0.0,5.924448490142822,5.792794201318542,5.924448490142822,12812,0.0,0.0
1988-09-20 00:00:00-04:00,0.0,5.924448490142822,5.529485231309252,5.924448490142822,2812,0.0,0.0
1988-09-21 00:00:00-04:00,0.0,5.924448490142822,5.529485231309252,5.924448490142822,2500,0.0,0.0
1988-09-22 00:00:00-04:00,0.0,6.319409819424721,6.056101322174072,6.056101322174072,12187,0.0,0.0
1988-09-23 00:00:00-04:00,0.0,6.319409819424721,6.056101322174072,6.056101322174072,4219,0.0,0.0
1988-09-26 00:00:00-04:00,0.0,6.056101322174072,6.056101322174072,6.056101322174072,1562,0.0,0.0
1988-09-27 00:00:00-04:00,6.056101322174072,6.056101322174072,6.056101322174072,6.056101322174072,0,0.0,0.0
1988-09-28 00:00:00-04:00,6.056101322174072,6.056101322174072,6.056101322174072,6.056101322174072,0,0.0,0.0
1988-09-29 00:00:00-04:00,0.0,6.056101322174072,6.056101322174072,6.056101322174072,312,0.0,0.0
1988-09-30 00:00:00-04:00,0.0,6.582717418670654,6.056100135037951,6.582717418670654,1406,0.0,0.0
1988-10-03 00:00:00-04:00,6.582717418670654,6.582717418670654,6.582717418670654,6.582717418670654,0,0.0,0.0
1988-10-04 00:00:00-04:00,0.0,6.253584636817073,6.18775749206543,6.18775749206543,625,0.0,0.0
1988-10-05 00:00:00-04:00,0.0,6.18775749206543,6.18775749206543,6.18775749206543,2969,0.0,0.0
1988-10-06 00:00:00-04:00,0.0,6.319409370422363,6.187755131151246,6.319409370422363,13281,0.0,0.0
1988-10-07 00:00:00-04:00,0.0,6.056101322174072,6.056101322174072,6.056101322174072,2656,0.0,0.0
1988-10-10 00:00:00-04:00,0.0,6.385237336097994,6.056101322174072,6.056101322174072,2187,0.0,0.0
1988-10-11 00:00:00-04:00,0.0,6.056101322174072,6.056101322174072,6.056101322174072,625,0.0,0.0
1988-10-12 00:00:00-04:00,0.0,6.089019298553467,5.924450976107706,6.089019298553467,3281,0.0,0.0
1988-10-13 00:00:00-04:00,0.0,6.2535834312438965,6.2535834312438965,6.2535834312438965,625,0.0,0.0
1988-10-14 00:00:00-04:00,0.0,5.924448490142822,5.924448490142822,5.924448490142822,156,0.0,0.0
1988-10-17 00:00:00-04:00,0.0,6.253584604564253,5.924448490142822,5.924448490142822,312,0.0,0.0
1988-10-18 00:00:00-04:00,0.0,5.9902753829956055,5.924447853298815,5.9902753829956055,3594,0.0,0.0
1988-10-19 00:00:00-04:00,0.0,6.0561004739047,5.85861873626709,5.85861873626709,3906,0.0,0.0
1988-10-20 00:00:00-04:00,0.0,5.792793273925781,5.792793273925781,5.792793273925781,937,0.0,0.0
1988-10-21 00:00:00-04:00,5.792793273925781,5.792793273925781,5.792793273925781,5.792793273925781,0,0.0,0.0
1988-10-24 00:00:00-04:00,0.0,5.792793273925781,5.792793273925781,5.792793273925781,312,0.0,0.0
1988-10-25 00:00:00-04:00,0.0,5.595310688018799,5.595310688018799,5.595310688018799,156,0.0,0.0
1988-10-26 00:00:00-04:00,5.595310688018799,5.595310688018799,5.595310688018799,5.595310688018799,0,0.0,0.0
1988-10-27 00:00:00-04:00,0.0,5.924446287722953,5.595310688018799,5.595310688018799,2656,0.0,0.0
1988-10-28 00:00:00-04:00,0.0,5.595310688018799,5.595310688018799,5.595310688018799,2187,0.0,0.0
1988-10-31 00:00:00-05:00,0.0,5.924448490142822,5.924448490142822,5.924448490142822,469,0.0,0.0
1988-11-01 00:00:00-05:00,0.0,5.595310688018799,5.595310688018799,5.595310688018799,312,0.0,0.0
1988-11-02 00:00:00-05:00,0.0,5.595310688018799,5.595310688018799,5.595310688018799,156,0.0,0.0
1988-11-03 00:00:00-05:00,0.0,5.661139418537963,5.529484748840332,5.529484748840332,33125,0.0,0.0
1988-11-04 00:00:00-05:00,5.529484748840332,5.529484748840332,5.529484748840332,5.529484748840332,0,0.0,0.0
1988-11-07 00:00:00-05:00,0.0,5.924448490142822,5.924448490142822,5.924448490142822,781,0.0,0.0
1988-11-08 00:00:00-05:00,0.0,5.595310688018799,5.595310688018799,5.595310688018799,781,0.0,0.0
1988-11-09 00:00:00-05:00,0.0,5.8586191677821216,5.595310688018799,5.595310688018799,3594,0.0,0.0
1988-11-10 00:00:00-05:00,5.595310688018799,5.595310688018799,5.595310688018799,5.595310688018799,0,0.0,0.0
1988-11-11 00:00:00-05:00,0.0,5.792793695874899,5.529484748840332,5.529484748840332,3437,0.0,0.0
1988-11-14 00:00:00-05:00,5.529484748840332,5.529484748840332,5.529484748840332,5.529484748840332,0,0.0,0.0
1988-11-15 00:00:00-05:00,0.0,5.529484748840332,5.529484748840332,5.529484748840332,2187,0.0,0.0
1988-11-16 00:00:00-05:00,0.0,5.726961135864258,5.529479514441185,5.726961135864258,469,0.0,0.0
1988-11-17 00:00:00-05:00,0.0,5.410263292750851,5.278305776157841,5.344284534454346,10312,0.032,0.0
1988-11-18 00:00:00-05:00,0.0,5.410265973549321,5.278308391571045,5.278308391571045,937,0.0,0.0
1988-11-21 00:00:00-05:00,0.0,5.674181426335904,5.278308294422594,5.5422234535217285,10469,0.0,0.0
1988-11-22 00:00:00-05:00,0.0,5.41026496887207,5.179339243292612,5.41026496887207,2187,0.0,0.0
1988-11-23 00:00:00-05:00,0.0,5.41026496887207,5.41026496887207,5.41026496887207,781,0.0,0.0
1988-11-25 00:00:00-05:00,0.0,5.41026496887207,5.146349460659576,5.41026496887207,5156,0.0,0.0
1988-11-28 00:00:00-05:00,0.0,5.344284534454346,5.212327017861337,5.344284534454346,31250,0.0,0.0
1988-11-29 00:00:00-05:00,0.0,5.41026496887207,5.41026496887207,5.41026496887207,469,0.0,0.0
1988-11-30 00:00:00-05:00,0.0,5.938097953796387,5.5422247306589805,5.938097953796387,14062,0.0,0.0
1988-12-01 00:00:00-05:00,0.0,5.5422234535217285,5.5422234535217285,5.5422234535217285,156,0.0,0.0
1988-12-02 00:00:00-05:00,0.0,5.740160942077637,5.542224154455309,5.740160942077637,1094,0.0,0.0
1988-12-05 00:00:00-05:00,5.740160942077637,5.740160942077637,5.740160942077637,5.740160942077637,0,0.0,0.0
1988-12-06 00:00:00-05:00,0.0,5.5422234535217285,5.5422234535217285,5.5422234535217285,625,0.0,0.0
1988-12-07 00:00:00-05:00,0.0,5.806141376495361,5.608204926354841,5.806141376495361,1406,0.0,0.0
1988-12-08 00:00:00-05:00,5.806141376495361,5.806141376495361,5.806141376495361,5.806141376495361,0,0.0,0.0
1988-12-09 00:00:00-05:00,0.0,5.608201698347576,5.41026496887207,5.41026496887207,91094,0.0,0.0
1988-12-12 00:00:00-05:00,0.0,5.509233136977553,5.41026496887207,5.41026496887207,24531,0.0,0.0
1988-12-13 00:00:00-05:00,0.0,5.4762420654296875,5.4762420654296875,5.4762420654296875,1562,0.0,0.0
1988-12-14 00:00:00-05:00,0.0,5.806141376495361,5.608204926354841,5.806141376495361,781,0.0,0.0
1988-12-15 00:00:00-05:00,0.0,5.806138034558542,5.41026496887207,5.41026496887207,312,0.0,0.0
1988-12-16 00:00:00-05:00,0.0,5.80613974019686,5.410266558216863,5.740160942077637,1094,0.0,0.0
1988-12-19 00:00:00-05:00,0.0,5.806141376495361,5.806141376495361,5.806141376495361,781,0.0,0.0
1988-12-20 00:00:00-05:00,0.0,5.938097953796387,5.938097953796387,5.938097953796387,937,0.0,0.0
1988-12-21 00:00:00-05:00,0.0,5.905109601565622,5.806141376495361,5.806141376495361,6562,0.0,0.0
1988-12-22 00:00:00-05:00,0.0,6.202013566976223,5.872119148817602,5.938097953796387,4375,0.0,0.0
1988-12-23 00:00:00-05:00,0.0,6.202013566976223,5.938097953796387,5.938097953796387,937,0.0,0.0
1988-12-27 00:00:00-05:00,5.938097953796387,5.938097953796387,5.938097953796387,5.938097953796387,0,0.0,0.0
1988-12-28 00:00:00-05:00,0.0,6.070053577423096,5.938095625931271,6.070053577423096,1094,0.0,0.0
1988-12-29 00:00:00-05:00,0.0,6.136037573493556,5.938100674598988,6.037069320678711,6250,0.0,0.0
1988-12-30 00:00:00-05:00,0.0,6.4659295082092285,5.938098255069691,6.4659295082092285,2187,0.0,0.0
1989-01-03 00:00:00-05:00,0.0,6.070053577423096,6.070053577423096,6.070053577423096,3125,0.0,0.0
1989-01-04 00:00:00-05:00,0.0,6.070055957018654,5.938097953796387,5.938097953796387,469,0.0,0.0
1989-01-05 00:00:00-05:00,0.0,6.070053577423096,5.938095625931271,6.070053577423096,13906,0.0,0.0
1989-01-06 00:00:00-05:00,0.0,6.136036396026611,6.136036396026611,6.136036396026611,625,0.0,0.0
1989-01-09 00:00:00-05:00,0.0,5.938097953796387,5.938097953796387,5.938097953796387,22031,0.0,0.0
1989-01-10 00:00:00-05:00,0.0,5.938097953796387,5.938097953796387,5.938097953796387,312,0.0,0.0
1989-01-11 00:00:00-05:00,5.938097953796387,5.938097953796387,5.938097953796387,5.938097953796387,0,0.0,0.0
1989-01-12 00:00:00-05:00,0.0,6.465928828859954,6.39995002746582,6.39995002746582,937,0.0,0.0
1989-01-13 00:00:00-05:00,0.0,6.070053577423096,6.070053577423096,6.070053577423096,2187,0.0,0.0
1989-01-16 00:00:00-05:00,6.070053577423096,6.070053577423096,6.070053577423096,6.070053577423096,0,0.0,0.0
1989-01-17 00:00:00-05:00,6.070053577423096,6.070053577423096,6.070053577423096,6.070053577423096,0,0.0,0.0
1989-01-18 00:00:00-05:00,0.0,6.202012062072754,6.202012062072754,6.202012062072754,3906,0.0,0.0
1989-01-19 00:00:00-05:00,0.0,6.564896583557129,6.136034010457325,6.564896583557129,3437,0.0,0.0
1989-01-20 00:00:00-05:00,0.0,6.597889423370361,6.597889423370361,6.597889423370361,156,0.0,0.0
1989-01-23 00:00:00-05:00,0.0,6.465930902036284,6.136036396026611,6.136036396026611,5469,0.0,0.0
1989-01-24 00:00:00-05:00,6.136036396026611,6.136036396026611,6.136036396026611,6.136036396026611,0,0.0,0.0
1989-01-25 00:00:00-05:00,0.0,6.136036396026611,6.136036396026611,6.136036396026611,1094,0.0,0.0
1989-01-26 00:00:00-05:00,0.0,6.333972863673533,6.070057573477638,6.136036396026611,1875,0.0,0.0
1989-01-27 00:00:00-05:00,0.0,6.333971977233887,6.070056723972942,6.333971977233887,3750,0.0,0.0
1989-01-30 00:00:00-05:00,6.333971977233887,6.333971977233887,6.333971977233887,6.333971977233887,0,0.0,0.0
1989-01-31 00:00:00-05:00,0.0,6.333971977233887,6.202014350603415,6.333971977233887,10156,0.0,0.0
1989-02-01 00:00:00-05:00,0.0,6.465926645369484,6.070053577423096,6.070053577423096,1250,0.0,0.0
1989-02-02 00:00:00-05:00,0.0,6.4659295082092285,6.399950699882966,6.4659295082092285,625,0.0,0.0
1989-02-03 00:00:00-05:00,0.0,6.597885189152487,6.202012062072754,6.202012062072754,1562,0.0,0.0
1989-02-06 00:00:00-05:00,0.0,6.333970529533775,5.278308971243808,5.311298370361328,39375,0.0,0.0
1989-02-07 00:00:00-05:00,0.0,5.6741804770845645,5.344286190135082,5.41026496887207,60781,0.0,0.0
1989-02-08 00:00:00-05:00,0.0,5.938096585435038,5.5422234535217285,5.5422234535217285,13281,0.0,0.0
1989-02-09 00:00:00-05:00,0.0,5.938099009922374,5.806141376495361,5.806141376495361,3437,0.0,0.0
1989-02-10 00:00:00-05:00,0.0,5.806139005885471,5.5422234535217285,5.5422234535217285,312,0.0,0.0
1989-02-13 00:00:00-05:00,0.0,5.806141376495361,5.542225716376565,5.806141376495361,5937,0.0,0.0
1989-02-14 00:00:00-05:00,5.806141376495361,5.806141376495361,5.806141376495361,5.806141376495361,0,0.0,0.0
1989-02-15 00:00:00-05:00,0.0,5.554849147796631,5.554849147796631,5.554849147796631,1250,0.032,0.0
1989-02-16 00:00:00-05:00,0.0,5.62097863747749,5.554849147796631,5.554849147796631,2969,0.0,0.0
1989-02-17 00:00:00-05:00,0.0,5.951622486114502,5.951622486114502,5.951622486114502,937,0.0,0.0
1989-02-21 00:00:00-05:00,0.0,5.819361845908588,5.78629732131958,5.78629732131958,1250,0.0,0.0
1989-02-22 00:00:00-05:00,0.0,5.554849147796631,5.422590956755914,5.554849147796631,90469,0.0,0.0
1989-02-23 00:00:00-05:00,0.0,5.521781921386719,5.521781921386719,5.521781921386719,312,0.0,0.0
1989-02-24 00:00:00-05:00,0.0,5.554849147796631,5.422590956755914,5.554849147796631,8125,0.0,0.0
1989-02-27 00:00:00-05:00,0.0,5.488719463348389,5.422590374923541,5.488719463348389,5156,0.0,0.0
1989-02-28 00:00:00-05:00,0.0,5.422590255737305,5.422590255737305,5.422590255737305,312,0.0,0.0
1989-03-01 00:00:00-05:00,5.422590255737305,5.422590255737305,5.422590255737305,5.422590255737305,0,0.0,0.0
1989-03-02 00:00:00-05:00,0.0,5.687107732997849,5.422590956755914,5.554849147796631,12656,0.0,0.0
1989-03-03 00:00:00-05:00,0.0,5.554849147796631,5.488720052276273,5.554849147796631,16250,0.0,0.0
1989-03-06 00:00:00-05:00,0.0,5.554849147796631,5.554849147796631,5.554849147796631,1875,0.0,0.0
1989-03-07 00:00:00-05:00,0.0,5.488719342708664,5.422590255737305,5.422590255737305,93437,0.0,0.0
1989-03-08 00:00:00-05:00,0.0,5.554848429680024,5.422590255737305,5.422590255737305,20469,0.0,0.0
1989-03-09 00:00:00-05:00,5.422590255737305,5.422590255737305,5.422590255737305,5.422590255737305,0,0.0,0.0
1989-03-10 00:00:00-05:00,0.0,5.422590255737305,5.2903320817945865,5.422590255737305,23281,0.0,0.0
1989-03-13 00:00:00-05:00,0.0,5.554849678373592,5.290333271026611,5.290333271026611,4687,0.0,0.0
1989-03-14 00:00:00-05:00,0.0,5.290333271026611,5.290333271026611,5.290333271026611,781,0.0,0.0
1989-03-15 00:00:00-05:00,5.290333271026611,5.290333271026611,5.290333271026611,5.290333271026611,0,0.0,0.0
1989-03-16 00:00:00-05:00,0.0,5.488720576536847,5.290333271026611,5.290333271026611,4375,0.0,0.0
1989-03-17 00:00:00-05:00,0.0,5.488720576536847,5.158074673192583,5.290333271026611,17500,0.0,0.0
1989-03-20 00:00:00-05:00,0.0,5.554849147796631,5.290332765715196,5.554849147796631,312,0.0,0.0
1989-03-21 00:00:00-05:00,5.554849147796631,5.554849147796631,5.554849147796631,5.554849147796631,0,0.0,0.0
1989-03-22 00:00:00-05:00,5.554849147796631,5.554849147796631,5.554849147796631,5.554849147796631,0,0.0,0.0
1989-03-23 00:00:00-05:00,0.0,5.554849147796631,5.554849147796631,5.554849147796631,156,0.0,0.0
1989-03-27 00:00:00-05:00,0.0,5.422590255737305,5.422590255737305,5.422590255737305,156,0.0,0.0
1989-03-28 00:00:00-05:00,5.422590255737305,5.422590255737305,5.422590255737305,5.422590255737305,0,0.0,0.0
1989-03-29 00:00:00-05:00,0.0,5.356462372863357,5.290333271026611,5.290333271026611,3594,0.0,0.0
1989-03-30 00:00:00-05:00,5.290333271026611,5.290333271026611,5.290333271026611,5.290333271026611,0,0.0,0.0
1989-03-31 00:00:00-05:00,0.0,5.488719463348389,5.290332198073843,5.488719463348389,1719,0.0,0.0
1989-04-03 00:00:00-04:00,0.0,5.422591666676679,5.158074855804443,5.158074855804443,6250,0.0,0.0
1989-04-04 00:00:00-04:00,0.0,5.323397821944984,4.893558265845602,5.290333271026611,8437,0.0,0.0
1989-04-05 00:00:00-04:00,5.290333271026611,5.290333271026611,5.290333271026611,5.290333271026611,0,0.0,0.0
1989-04-06 00:00:00-04:00,0.0,5.290334244434533,4.893559166247927,5.025817394256592,4844,0.0,0.0
1989-04-07 00:00:00-04:00,0.0,5.158074922319999,4.893558502197266,4.893558502197266,4375,0.0,0.0
1989-04-10 00:00:00-04:00,0.0,4.827427864074707,4.827427864074707,4.827427864074707,469,0.0,0.0
1989-04-11 00:00:00-04:00,0.0,5.091945171356201,4.8274287847884025,5.091945171356201,625,0.0,0.0
1989-04-12 00:00:00-04:00,0.0,5.091945171356201,4.893557881430352,5.091945171356201,5156,0.0,0.0
1989-04-13 00:00:00-04:00,5.091945171356201,5.091945171356201,5.091945171356201,5.091945171356201,0,0.0,0.0
1989-04-14 00:00:00-04:00,0.0,5.2242051304302,5.025817394256592,5.025817394256592,51875,0.0,0.0
1989-04-17 00:00:00-04:00,0.0,5.224202632904053,5.224202632904053,5.224202632904053,7969,0.0,0.0
1989-04-18 00:00:00-04:00,0.0,5.323397821944984,5.224204169189866,5.290333271026611,68906,0.0,0.0
1989-04-19 00:00:00-04:00,0.0,5.224202632904053,5.224202632904053,5.224202632904053,781,0.0,0.0
1989-04-20 00:00:00-04:00,0.0,5.158074922319999,4.893558502197266,4.893558502197266,7500,0.0,0.0
1989-04-21 00:00:00-04:00,0.0,5.158074855804443,5.025816647448602,5.158074855804443,8750,0.0,0.0
1989-04-24 00:00:00-04:00,0.0,5.158074855804443,5.158074855804443,5.158074855804443,781,0.0,0.0
1989-04-25 00:00:00-04:00,0.0,5.422590255737305,5.422590255737305,5.422590255737305,312,0.0,0.0
1989-04-26 00:00:00-04:00,0.0,5.356463358438865,5.025817394256592,5.025817394256592,9062,0.0,0.0
1989-04-27 00:00:00-04:00,0.0,5.290333271026611,5.290333271026611,5.290333271026611,1562,0.0,0.0
1989-04-28 00:00:00-04:00,5.290333271026611,5.290333271026611,5.290333271026611,5.290333271026611,0,0.0,0.0
1989-05-01 00:00:00-04:00,0.0,5.158075622265257,5.025817394256592,5.025817394256592,4531,0.0,0.0
1989-05-02 00:00:00-04:00,0.0,5.091945171356201,5.0258160747142515,5.091945171356201,4219,0.0,0.0
1989-05-03 00:00:00-04:00,0.0,5.091945171356201,5.0258160747142515,5.091945171356201,28125,0.0,0.0
1989-05-04 00:00:00-04:00,0.0,5.2242051304302,5.025817394256592,5.025817394256592,9687,0.0,0.0
1989-05-05 00:00:00-04:00,0.0,5.224202632904053,5.025814991573305,5.224202632904053,55312,0.0,0.0
1989-05-08 00:00:00-04:00,0.0,5.05888032913208,5.025815782732039,5.05888032913208,937,0.0,0.0
1989-05-09 00:00:00-04:00,0.0,5.224202632904053,5.224202632904053,5.224202632904053,156,0.0,0.0
1989-05-10 00:00:00-04:00,0.0,5.158074855804443,5.025816647448602,5.158074855804443,1250,0.0,0.0
1989-05-11 00:00:00-04:00,5.158074855804443,5.158074855804443,5.158074855804443,5.158074855804443,0,0.0,0.0
1989-05-12 00:00:00-04:00,0.0,5.091946508260924,5.025817394256592,5.025817394256592,3906,0.0,0.0
1989-05-15 00:00:00-04:00,0.0,5.158074267998151,5.0258160747142515,5.091945171356201,87344,0.0,0.0
1989-05-16 00:00:00-04:00,0.0,5.17150354385376,5.105202277166412,5.17150354385376,625,0.032,0.0
1989-05-17 00:00:00-04:00,0.0,5.3704096032460775,5.038902759552002,5.038902759552002,1406,0.0,0.0
1989-05-18 00:00:00-04:00,5.038902759552002,5.038902759552002,5.038902759552002,5.038902759552002,0,0.0,0.0
1989-05-19 00:00:00-04:00,0.0,5.304108142852783,5.038902597394748,5.304108142852783,1250,0.0,0.0
1989-05-22 00:00:00-04:00,0.0,5.105203151702881,5.038901873657927,5.105203151702881,2187,0.0,0.0
1989-05-23 00:00:00-04:00,0.0,5.038902759552002,5.038902759552002,5.038902759552002,1250,0.0,0.0
1989-05-24 00:00:00-04:00,0.0,5.304108142852783,5.038902597394748,5.304108142852783,4687,0.0,0.0
1989-05-25 00:00:00-04:00,0.0,5.30410738102453,4.7736967614781145,5.105203151702881,97969,0.0,0.0
1989-05-26 00:00:00-04:00,0.0,5.038902759552002,5.038902759552002,5.038902759552002,5469,0.0,0.0
1989-05-30 00:00:00-04:00,0.0,4.906300067901611,4.906300067901611,4.906300067901611,1406,0.0,0.0
1989-05-31 00:00:00-04:00,0.0,5.17150354385376,4.90629847710437,5.17150354385376,6719,0.0,0.0
1989-06-01 00:00:00-04:00,0.0,5.038902759552002,5.038902759552002,5.038902759552002,312,0.0,0.0
1989-06-02 00:00:00-04:00,0.0,5.17150354385376,4.90629847710437,5.17150354385376,11094,0.0,0.0
1989-06-05 00:00:00-04:00,0.0,5.17150354385376,5.17150354385376,5.17150354385376,312,0.0,0.0
1989-06-06 00:00:00-04:00,0.0,5.2378082275390625,5.171506527414027,5.2378082275390625,31250,0.0,0.0
1989-06-07 00:00:00-04:00,0.0,5.171505338954889,5.038902759552002,5.038902759552002,7656,0.0,0.0
1989-06-08 00:00:00-04:00,0.0,5.5030107498168945,5.304106932501627,5.5030107498168945,53281,0.0,0.0
1989-06-09 00:00:00-04:00,0.0,5.503012005556175,5.304108142852783,5.304108142852783,1094,0.0,0.0
1989-06-12 00:00:00-04:00,0.0,5.5030107498168945,5.038901447561181,5.5030107498168945,3750,0.0,0.0
1989-06-13 00:00:00-04:00,0.0,5.304108142852783,5.105203884962545,5.304108142852783,20469,0.0,0.0
1989-06-14 00:00:00-04:00,5.304108142852783,5.304108142852783,5.304108142852783,5.304108142852783,0,0.0,0.0
1989-06-15 00:00:00-04:00,0.0,5.5030107498168945,5.5030107498168945,5.5030107498168945,312,0.0,0.0
1989-06-16 00:00:00-04:00,0.0,5.304108142852783,5.304108142852783,5.304108142852783,625,0.0,0.0
1989-06-19 00:00:00-04:00,5.304108142852783,5.304108142852783,5.304108142852783,5.304108142852783,0,0.0,0.0
1989-06-20 00:00:00-04:00,0.0,5.038902759552002,5.038902759552002,5.038902759552002,156,0.0,0.0
1989-06-21 00:00:00-04:00,0.0,5.304108313544634,5.038902759552002,5.038902759552002,4062,0.0,0.0
1989-06-22 00:00:00-04:00,5.038902759552002,5.038902759552002,5.038902759552002,5.038902759552002,0,0.0,0.0
1989-06-23 00:00:00-04:00,0.0,5.436713218688965,5.038904915117234,5.436713218688965,469,0.0,0.0
1989-06-26 00:00:00-04:00,0.0,5.436713218688965,5.436713218688965,5.436713218688965,312,0.0,0.0
1989-06-27 00:00:00-04:00,0.0,5.436711259689033,5.370409965515137,5.370409965515137,1875,0.0,0.0
1989-06-28 00:00:00-04:00,0.0,5.569312572479248,5.171504503360245,5.569312572479248,105937,0.0,0.0
1989-06-29 00:00:00-04:00,0.0,5.5030107498168945,5.37040820494005,5.5030107498168945,34375,0.0,0.0
1989-06-30 00:00:00-04:00,0.0,5.569311539164566,5.17150354385376,5.17150354385376,1719,0.0,0.0
1989-07-03 00:00:00-04:00,0.0,5.569312572479248,5.237806177535742,5.569312572479248,1250,0.0,0.0
1989-07-05 00:00:00-04:00,5.569312572479248,5.569312572479248,5.569312572479248,5.569312572479248,0,0.0,0.0
1989-07-06 00:00:00-04:00,0.0,5.701918601989746,5.304110318241927,5.701918601989746,2500,0.0,0.0
1989-07-07 00:00:00-04:00,0.0,5.768218994140625,5.370410774021032,5.768218994140625,44687,0.0,0.0
1989-07-10 00:00:00-04:00,0.0,5.701918601989746,5.635617287229611,5.701918601989746,22500,0.0,0.0
1989-07-11 00:00:00-04:00,0.0,5.9008206800832665,5.503012522145806,5.834519386291504,38437,0.0,0.0
1989-07-12 00:00:00-04:00,0.0,6.033425331115723,6.033425331115723,6.033425331115723,3281,0.0,0.0
1989-07-13 00:00:00-04:00,0.0,6.066572189331055,6.033421554022148,6.066572189331055,4844,0.0,0.0
1989-07-14 00:00:00-04:00,0.0,6.099728584289551,6.099728584289551,6.099728584289551,625,0.0,0.0
1989-07-17 00:00:00-04:00,0.0,6.364930751443451,5.967122554779053,5.967122554779053,3125,0.0,0.0
1989-07-18 00:00:00-04:00,0.0,6.431229274879441,6.033421274421056,6.232325077056885,5625,0.0,0.0
1989-07-19 00:00:00-04:00,0.0,6.497532367706299,6.099724255495978,6.497532367706299,11875,0.0,0.0
1989-07-20 00:00:00-04:00,0.0,6.364927691251355,6.166023886143531,6.29862642288208,3281,0.0,0.0
1989-07-21 00:00:00-04:00,0.0,6.497530623176636,6.166023886143531,6.29862642288208,19219,0.0,0.0
1989-07-24 00:00:00-04:00,6.29862642288208,6.29862642288208,6.29862642288208,6.29862642288208,0,0.0,0.0
1989-07-25 00:00:00-04:00,0.0,6.29862642288208,6.29862642288208,6.29862642288208,312,0.0,0.0
1989-07-26 00:00:00-04:00,6.29862642288208,6.29862642288208,6.29862642288208,6.29862642288208,0,0.0,0.0
1989-07-27 00:00:00-04:00,6.29862642288208,6.29862642288208,6.29862642288208,6.29862642288208,0,0.0,0.0
1989-07-28 00:00:00-04:00,0.0,6.431232929229736,6.166027313166969,6.431232929229736,16875,0.0,0.0
1989-07-31 00:00:00-04:00,0.0,6.431232929229736,6.298629923604877,6.431232929229736,2656,0.0,0.0
1989-08-01 00:00:00-04:00,0.0,6.265475710829524,6.232325077056885,6.232325077056885,3750,0.0,0.0
1989-08-02 00:00:00-04:00,0.0,6.431229274879441,6.232325077056885,6.232325077056885,10625,0.0,0.0
1989-08-03 00:00:00-04:00,0.0,6.497532367706299,6.431231081535719,6.497532367706299,10937,0.0,0.0
1989-08-04 00:00:00-04:00,0.0,6.265475710829524,6.232325077056885,6.232325077056885,1562,0.0,0.0
1989-08-07 00:00:00-04:00,0.0,6.232325077056885,6.232325077056885,6.232325077056885,312,0.0,0.0
1989-08-08 00:00:00-04:00,0.0,6.497530542424718,6.232325077056885,6.232325077056885,2969,0.0,0.0
1989-08-09 00:00:00-04:00,0.0,6.696440199564563,6.364933176824451,6.630138874053955,17187,0.0,0.0
1989-08-10 00:00:00-04:00,0.0,6.829040050506592,6.364930567041894,6.829040050506592,2812,0.0,0.0
1989-08-11 00:00:00-04:00,0.0,6.762738312148063,6.364930152893066,6.364930152893066,625,0.0,0.0
1989-08-14 00:00:00-04:00,0.0,6.497532367706299,6.3649294001783,6.497532367706299,18750,0.0,0.0
1989-08-15 00:00:00-04:00,0.0,6.497532367706299,6.3649294001783,6.497532367706299,10156,0.0,0.0
1989-08-16 00:00:00-04:00,0.0,6.5108190715832786,6.3779449462890625,6.3779449462890625,781,0.032,0.0
1989-08-17 00:00:00-04:00,0.0,6.577260494232178,6.577260494232178,6.577260494232178,781,0.0,0.0
1989-08-18 00:00:00-04:00,0.0,6.5108190715832786,6.3779449462890625,6.3779449462890625,937,0.0,0.0
1989-08-21 00:00:00-04:00,0.0,6.510818958282471,6.510818958282471,6.510818958282471,156,0.0,0.0
1989-08-22 00:00:00-04:00,0.0,6.510818958282471,6.245071108313513,6.510818958282471,38750,0.0,0.0
1989-08-23 00:00:00-04:00,0.0,6.6436954127323675,6.3115105628967285,6.3115105628967285,2812,0.0,0.0
1989-08-24 00:00:00-04:00,0.0,6.6436967849731445,6.3779487710159515,6.6436967849731445,1875,0.0,0.0
1989-08-25 00:00:00-04:00,0.0,6.3779449462890625,6.3779449462890625,6.3779449462890625,156,0.0,0.0
1989-08-28 00:00:00-04:00,0.0,6.3779449462890625,6.3779449462890625,6.3779449462890625,312,0.0,0.0
1989-08-29 00:00:00-04:00,0.0,6.3779449462890625,6.3779449462890625,6.3779449462890625,469,0.0,0.0
1989-08-30 00:00:00-04:00,6.3779449462890625,6.3779449462890625,6.3779449462890625,6.3779449462890625,0,0.0,0.0
1989-08-31 00:00:00-04:00,0.0,6.643697404922164,6.377949366166996,6.577260494232178,11562,0.0,0.0
1989-09-01 00:00:00-04:00,0.0,6.6436967849731445,6.44438607150164,6.6436967849731445,8125,0.0,0.0
1989-09-05 00:00:00-04:00,6.6436967849731445,6.6436967849731445,6.6436967849731445,6.6436967849731445,0,0.0,0.0
1989-09-06 00:00:00-04:00,0.0,6.6436967849731445,6.44438607150164,6.6436967849731445,9219,0.0,0.0
1989-09-07 00:00:00-04:00,0.0,6.710130214691162,6.710130214691162,6.710130214691162,781,0.0,0.0
1989-09-08 00:00:00-04:00,0.0,6.8430047035217285,6.444383439389613,6.8430047035217285,7969,0.0,0.0
1989-09-11 00:00:00-04:00,0.0,6.71013431561215,6.510823583542192,6.577260494232178,16719,0.0,0.0
1989-09-12 00:00:00-04:00,0.0,6.8430047035217285,6.510820316744965,6.8430047035217285,2969,0.0,0.0
1989-09-13 00:00:00-04:00,0.0,6.8430047035217285,6.510820316744965,6.8430047035217285,469,0.0,0.0
1989-09-14 00:00:00-04:00,0.0,6.6436967849731445,6.6436967849731445,6.6436967849731445,937,0.0,0.0
1989-09-15 00:00:00-04:00,0.0,6.643692685269479,6.510818958282471,6.510818958282471,3281,0.0,0.0
1989-09-18 00:00:00-04:00,6.510818958282471,6.510818958282471,6.510818958282471,6.510818958282471,0,0.0,0.0
1989-09-19 00:00:00-04:00,6.510818958282471,6.510818958282471,6.510818958282471,6.510818958282471,0,0.0,0.0
1989-09-20 00:00:00-04:00,0.0,6.3115105628967285,6.3115105628967285,6.3115105628967285,156,0.0,0.0
1989-09-21 00:00:00-04:00,6.3115105628967285,6.3115105628967285,6.3115105628967285,6.3115105628967285,0,0.0,0.0
1989-09-22 00:00:00-04:00,0.0,6.610476016998291,6.610476016998291,6.610476016998291,312,0.0,0.0
1989-09-25 00:00:00-04:00,0.0,6.24506950378418,6.24506950378418,6.24506950378418,312,0.0,0.0
1989-09-26 00:00:00-04:00,0.0,6.6436967849731445,6.245074962034948,6.6436967849731445,1094,0.0,0.0
1989-09-27 00:00:00-04:00,0.0,6.377947453664835,6.178636781360514,6.3115105628967285,10312,0.0,0.0
1989-09-28 00:00:00-04:00,0.0,6.510818958282471,6.510818958282471,6.510818958282471,469,0.0,0.0
1989-09-29 00:00:00-04:00,0.0,6.577260494232178,6.577260494232178,6.577260494232178,1562,0.0,0.0
1989-10-02 00:00:00-04:00,6.577260494232178,6.577260494232178,6.577260494232178,6.577260494232178,0,0.0,0.0
1989-10-03 00:00:00-04:00,0.0,6.6436927344568515,6.245071154549643,6.477600574493408,2031,0.0,0.0
1989-10-04 00:00:00-04:00,0.0,6.510821463951668,6.444384574890137,6.444384574890137,32344,0.0,0.0
1989-10-05 00:00:00-04:00,0.0,6.510818958282471,6.377944835300521,6.510818958282471,60000,0.0,0.0
1989-10-06 00:00:00-04:00,0.0,6.6436967849731445,6.6436967849731445,6.6436967849731445,312,0.0,0.0
1989-10-09 00:00:00-04:00,6.6436967849731445,6.6436967849731445,6.6436967849731445,6.6436967849731445,0,0.0,0.0
1989-10-10 00:00:00-04:00,0.0,6.24506950378418,6.24506950378418,6.24506950378418,469,0.0,0.0
1989-10-11 00:00:00-04:00,6.24506950378418,6.24506950378418,6.24506950378418,6.24506950378418,0,0.0,0.0
1989-10-12 00:00:00-04:00,0.0,6.3779449462890625,6.245071216989795,6.3779449462890625,9687,0.0,0.0
1989-10-13 00:00:00-04:00,0.0,6.24506950378418,6.24506950378418,6.24506950378418,1094,0.0,0.0
1989-10-16 00:00:00-04:00,0.0,6.510822532803723,6.112200736999512,6.112200736999512,2969,0.0,0.0
1989-10-17 00:00:00-04:00,0.0,6.178637636967687,6.112200736999512,6.112200736999512,2812,0.0,0.0
1989-10-18 00:00:00-04:00,0.0,6.444384574890137,6.444384574890137,6.444384574890137,781,0.0,0.0
1989-10-19 00:00:00-04:00,0.0,6.510818958282471,6.510818958282471,6.510818958282471,156,0.0,0.0
1989-10-20 00:00:00-04:00,0.0,6.510818958282471,6.510818958282471,6.510818958282471,1562,0.0,0.0
1989-10-23 00:00:00-04:00,6.524135589599609,6.524135589599609,6.524135589599609,6.524135589599609,0,0.032,0.0
1989-10-24 00:00:00-04:00,0.0,6.524135589599609,6.257844203377526,6.524135589599609,13281,0.0,0.0
1989-10-25 00:00:00-04:00,0.0,6.324418067932129,6.324418067932129,6.324418067932129,469,0.0,0.0
1989-10-26 00:00:00-04:00,0.0,6.524134353340632,6.257843017578125,6.257843017578125,625,0.0,0.0
1989-10-27 00:00:00-04:00,6.257843017578125,6.257843017578125,6.257843017578125,6.257843017578125,0,0.0,0.0
1989-10-30 00:00:00-05:00,6.257843017578125,6.257843017578125,6.257843017578125,6.257843017578125,0,0.0,0.0
1989-10-31 00:00:00-05:00,6.257843017578125,6.257843017578125,6.257843017578125,6.257843017578125,0,0.0,0.0
1989-11-01 00:00:00-05:00,0.0,6.690566539764404,6.324416082761773,6.690566539764404,85000,0.0,0.0
1989-11-02 00:00:00-05:00,0.0,6.790426731109619,6.390989841232296,6.790426731109619,3125,0.0,0.0
1989-11-03 00:00:00-05:00,0.0,6.723853831662516,6.524135589599609,6.524135589599609,937,0.0,0.0
1989-11-06 00:00:00-05:00,0.0,6.790426731109619,6.524135735727992,6.790426731109619,2969,0.0,0.0
1989-11-07 00:00:00-05:00,0.0,6.790426731109619,6.5907084845733985,6.790426731109619,1406,0.0,0.0
1989-11-08 00:00:00-05:00,0.0,6.790425851488771,6.657280371045409,6.72385311126709,38906,0.0,0.0
1989-11-09 00:00:00-05:00,0.0,6.657281875610352,6.657281875610352,6.657281875610352,2656,0.0,0.0
1989-11-10 00:00:00-05:00,0.0,6.8570001414123,6.657281875610352,6.657281875610352,6875,0.0,0.0
1989-11-13 00:00:00-05:00,6.657281875610352,6.657281875610352,6.657281875610352,6.657281875610352,0,0.0,0.0
1989-11-14 00:00:00-05:00,0.0,7.05672025680542,6.923574711372872,7.05672025680542,1250,0.0,0.0
1989-11-15 00:00:00-05:00,0.0,6.990145683288574,6.990145683288574,6.990145683288574,312,0.0,0.0
1989-11-16 00:00:00-05:00,0.0,7.05672144601373,6.9235758781433105,6.9235758781433105,937,0.0,0.0
1989-11-17 00:00:00-05:00,0.0,7.189863681793213,6.657280922308991,7.189863681793213,1094,0.0,0.0
1989-11-20 00:00:00-05:00,0.0,7.189863681793213,7.189863681793213,7.189863681793213,469,0.0,0.0
1989-11-21 00:00:00-05:00,0.0,7.189863681793213,6.790426413777614,7.189863681793213,10312,0.0,0.0
1989-11-22 00:00:00-05:00,0.0,7.189863681793213,6.657280922308991,7.189863681793213,5469,0.0,0.0
1989-11-24 00:00:00-05:00,0.0,7.189867807494335,6.9235758781433105,6.9235758781433105,3437,0.0,0.0
1989-11-27 00:00:00-05:00,6.9235758781433105,6.9235758781433105,6.9235758781433105,6.9235758781433105,0,0.0,0.0
1989-11-28 00:00:00-05:00,0.0,7.189863681793213,7.189863681793213,7.189863681793213,156,0.0,0.0
1989-11-29 00:00:00-05:00,0.0,7.323005676269531,7.323005676269531,7.323005676269531,156,0.0,0.0
1989-11-30 00:00:00-05:00,0.0,7.323005676269531,7.123287534439021,7.323005676269531,2656,0.0,0.0
1989-12-01 00:00:00-05:00,0.0,7.323005676269531,7.0567140268861674,7.323005676269531,2031,0.0,0.0
1989-12-04 00:00:00-05:00,7.323005676269531,7.323005676269531,7.323005676269531,7.323005676269531,0,0.0,0.0
1989-12-05 00:00:00-05:00,0.0,7.189863681793213,7.189863681793213,7.189863681793213,1562,0.0,0.0
1989-12-06 00:00:00-05:00,7.189863681793213,7.189863681793213,7.189863681793213,7.189863681793213,0,0.0,0.0
1989-12-07 00:00:00-05:00,0.0,7.456152439117432,7.2564342615290744,7.456152439117432,21719,0.0,0.0
1989-12-08 00:00:00-05:00,0.0,7.05672025680542,7.05672025680542,7.05672025680542,312,0.0,0.0
1989-12-11 00:00:00-05:00,7.05672025680542,7.05672025680542,7.05672025680542,7.05672025680542,0,0.0,0.0
1989-12-12 00:00:00-05:00,0.0,7.456157686713112,7.05672025680542,7.05672025680542,16406,0.0,0.0
1989-12-13 00:00:00-05:00,0.0,7.323012141280565,7.05672025680542,7.05672025680542,3125,0.0,0.0
1989-12-14 00:00:00-05:00,0.0,7.323005676269531,7.323005676269531,7.323005676269531,1562,0.0,0.0
1989-12-15 00:00:00-05:00,7.323005676269531,7.323005676269531,7.323005676269531,7.323005676269531,0,0.0,0.0
1989-12-18 00:00:00-05:00,0.0,7.323005676269531,7.323005676269531,7.323005676269531,156,0.0,0.0
1989-12-19 00:00:00-05:00,0.0,7.256433963775635,7.189861240644529,7.256433963775635,25781,0.0,0.0
1989-12-20 00:00:00-05:00,0.0,7.256433963775635,7.056715000772859,7.256433963775635,26719,0.0,0.0
1989-12-21 00:00:00-05:00,0.0,7.05672025680542,7.05672025680542,7.05672025680542,2344,0.0,0.0
1989-12-22 00:00:00-05:00,0.0,7.1898665958480175,7.05672025680542,7.05672025680542,3437,0.0,0.0
1989-12-26 00:00:00-05:00,7.05672025680542,7.05672025680542,7.05672025680542,7.05672025680542,0,0.0,0.0
1989-12-27 00:00:00-05:00,7.05672025680542,7.05672025680542,7.05672025680542,7.05672025680542,0,0.0,0.0
1989-12-28 00:00:00-05:00,0.0,7.323005676269531,7.323005676269531,7.323005676269531,625,0.0,0.0
1989-12-29 00:00:00-05:00,0.0,7.323005676269531,7.0567140268861674,7.323005676269531,3437,0.0,0.0
1990-01-02 00:00:00-05:00,0.0,7.256433963775635,7.256433963775635,7.256433963775635,6250,0.0,0.0
1990-01-03 00:00:00-05:00,7.256433963775635,7.256433963775635,7.256433963775635,7.256433963775635,0,0.0,0.0
1990-01-04 00:00:00-05:00,0.0,7.189864724690071,7.056718420298718,7.123291969299316,6250,0.0,0.0
1990-01-05 00:00:00-05:00,7.123291969299316,7.123291969299316,7.123291969299316,7.123291969299316,0,0.0,0.0
1990-01-08 00:00:00-05:00,0.0,7.189864724690071,7.123291969299316,7.123291969299316,2187,0.0,0.0
1990-01-09 00:00:00-05:00,0.0,7.123291969299316,6.990145664907963,7.123291969299316,6875,0.0,0.0
1990-01-10 00:00:00-05:00,0.0,7.123291969299316,6.923572909517209,7.123291969299316,31875,0.0,0.0
1990-01-11 00:00:00-05:00,7.123291969299316,7.123291969299316,7.123291969299316,7.123291969299316,0,0.0,0.0
1990-01-12 00:00:00-05:00,0.0,7.123295023559125,6.857003094208101,6.9235758781433105,67500,0.0,0.0
1990-01-15 00:00:00-05:00,0.0,6.8570001414123,6.5907091203430355,6.657281875610352,31875,0.0,0.0
1990-01-16 00:00:00-05:00,0.0,6.790426579016819,6.524135589599609,6.524135589599609,625,0.0,0.0
1990-01-17 00:00:00-05:00,0.0,6.790426731109619,6.457562986882585,6.790426731109619,7812,0.0,0.0
1990-01-18 00:00:00-05:00,0.0,6.4242753982543945,6.4242753982543945,6.4242753982543945,1250,0.0,0.0
1990-01-19 00:00:00-05:00,6.4242753982543945,6.4242753982543945,6.4242753982543945,6.4242753982543945,0,0.0,0.0
1990-01-22 00:00:00-05:00,6.4242753982543945,6.4242753982543945,6.4242753982543945,6.4242753982543945,0,0.0,0.0
1990-01-23 00:00:00-05:00,0.0,6.39099062043887,6.124699592590332,6.124699592590332,10469,0.0,0.0
1990-01-24 00:00:00-05:00,0.0,6.524136435492753,5.8584080820243365,6.191272258758545,4219,0.0,0.0
1990-01-25 00:00:00-05:00,0.0,6.257845408963297,5.858408451080322,5.858408451080322,1562,0.0,0.0
1990-01-26 00:00:00-05:00,0.0,6.257843017578125,6.1912702828386985,6.257843017578125,5000,0.0,0.0
1990-01-29 00:00:00-05:00,0.0,6.257845813296065,5.858408829604615,5.924981594085693,181875,0.0,0.0
1990-01-30 00:00:00-05:00,0.0,6.257844215187627,5.858407333503103,6.058125972747803,7187,0.0,0.0
1990-01-31 00:00:00-05:00,0.0,6.191269758213848,5.725260257720947,5.725260257720947,5312,0.0,0.0
1990-02-01 00:00:00-05:00,0.0,6.191273048814986,5.725263300642457,5.924981594085693,117344,0.0,0.0
1990-02-02 00:00:00-05:00,0.0,6.191273048814986,5.858408829604615,5.924981594085693,80000,0.0,0.0
1990-02-05 00:00:00-05:00,0.0,6.124699592590332,6.124699592590332,6.124699592590332,2656,0.0,0.0
1990-02-06 00:00:00-05:00,0.0,6.058125972747803,6.058125972747803,6.058125972747803,156,0.0,0.0
1990-02-07 00:00:00-05:00,0.0,6.124699592590332,5.858408167936863,6.124699592590332,15937,0.0,0.0
1990-02-08 00:00:00-05:00,0.0,5.924981594085693,5.924981594085693,5.924981594085693,469,0.0,0.0
1990-02-09 00:00:00-05:00,0.0,6.058125972747803,6.058125972747803,6.058125972747803,469,0.0,0.0
1990-02-12 00:00:00-05:00,0.0,5.758548736572266,5.658689606260643,5.758548736572266,5000,0.0,0.0
1990-02-13 00:00:00-05:00,0.0,6.0581265243120415,5.758548736572266,5.758548736572266,469,0.0,0.0
1990-02-14 00:00:00-05:00,0.0,5.924981594085693,5.858408829604615,5.924981594085693,12500,0.0,0.0
1990-02-15 00:00:00-05:00,5.945858955383301,5.945858955383301,5.945858955383301,5.945858955383301,0,0.05,0.0
1990-02-16 00:00:00-05:00,0.0,6.213088035583496,5.745436299339979,6.213088035583496,3281,0.0,0.0
1990-02-20 00:00:00-05:00,0.0,6.21308843421535,5.87905134455155,5.979262351989746,120469,0.0,0.0
1990-02-21 00:00:00-05:00,0.0,6.1462812423706055,5.778840474805733,6.1462812423706055,14375,0.0,0.0
1990-02-22 00:00:00-05:00,0.0,6.346704006195068,6.346704006195068,6.346704006195068,1562,0.0,0.0
1990-02-23 00:00:00-05:00,0.0,6.41350793838501,6.41350793838501,6.41350793838501,156,0.0,0.0
1990-02-26 00:00:00-05:00,6.41350793838501,6.41350793838501,6.41350793838501,6.41350793838501,0,0.0,0.0
1990-02-27 00:00:00-05:00,6.41350793838501,6.41350793838501,6.41350793838501,6.41350793838501,0,0.0,0.0
1990-02-28 00:00:00-05:00,6.41350793838501,6.41350793838501,6.41350793838501,6.41350793838501,0,0.0,0.0
1990-03-01 00:00:00-05:00,0.0,6.547122955322266,6.547122955322266,6.547122955322266,625,0.0,0.0
1990-03-02 00:00:00-05:00,0.0,6.41350793838501,6.14627868982917,6.41350793838501,1719,0.0,0.0
1990-03-05 00:00:00-05:00,6.41350793838501,6.41350793838501,6.41350793838501,6.41350793838501,0,0.0,0.0
1990-03-06 00:00:00-05:00,0.0,7.014772415161133,6.413506356051252,7.014772415161133,46094,0.0,0.0
1990-03-07 00:00:00-05:00,0.0,6.547122955322266,6.547122955322266,6.547122955322266,2500,0.0,0.0
1990-03-08 00:00:00-05:00,6.547122955322266,6.547122955322266,6.547122955322266,6.547122955322266,0,0.0,0.0
1990-03-09 00:00:00-05:00,0.0,6.814352035522461,6.613930104220262,6.814352035522461,3750,0.0,0.0
1990-03-12 00:00:00-05:00,0.0,6.947971203584984,6.680741786956787,6.680741786956787,39062,0.0,0.0
1990-03-13 00:00:00-05:00,0.0,6.680741786956787,6.680741786956787,6.680741786956787,1562,0.0,0.0
1990-03-14 00:00:00-05:00,0.0,6.947972774505615,6.947972774505615,6.947972774505615,156,0.0,0.0
1990-03-15 00:00:00-05:00,0.0,6.881163849427935,6.680741786956787,6.680741786956787,2187,0.0,0.0
1990-03-16 00:00:00-05:00,0.0,7.014772415161133,6.76424545465278,7.014772415161133,11000,0.0,1.25
1990-03-19 00:00:00-05:00,0.0,7.014772415161133,6.5137176977386435,7.014772415161133,1875,0.0,0.0
1990-03-20 00:00:00-05:00,0.0,7.014772415161133,6.9312636937936105,7.014772415161133,2875,0.0,0.0
1990-03-21 00:00:00-05:00,0.0,6.76425137785634,6.680741786956787,6.680741786956787,2875,0.0,0.0
1990-03-22 00:00:00-05:00,0.0,7.014777678917874,6.764250530418679,6.806004524230957,10125,0.0,0.0
1990-03-23 00:00:00-05:00,0.0,7.014772415161133,7.014772415161133,7.014772415161133,7500,0.0,0.0
1990-03-26 00:00:00-05:00,6.847756968584911,7.265303134918213,6.847756968584911,7.265303134918213,17875,0.0,0.0
1990-03-27 00:00:00-05:00,7.181794379495218,7.265303134918213,7.01477527583701,7.265303134918213,2000,0.0,0.0
1990-03-28 00:00:00-05:00,7.3488096898485775,7.3488096898485775,7.014772415161133,7.014772415161133,875,0.0,0.0
1990-03-29 00:00:00-05:00,7.348806381225586,7.348806381225586,7.348806381225586,7.348806381225586,1250,0.0,0.0
1990-03-30 00:00:00-05:00,7.348806381225586,7.348806381225586,7.348806381225586,7.348806381225586,250,0.0,0.0
1990-04-02 00:00:00-04:00,7.181791450707747,7.181791450707747,7.014772415161133,7.014772415161133,875,0.0,0.0
1990-04-03 00:00:00-04:00,6.847751092985381,7.348806381225586,6.847751092985381,7.348806381225586,2250,0.0,0.0
1990-04-04 00:00:00-04:00,7.014772415161133,7.014772415161133,7.014772415161133,7.014772415161133,2500,0.0,0.0
1990-04-05 00:00:00-04:00,7.01477564202319,7.265303514182479,7.01477564202319,7.09828519821167,61000,0.0,0.0
1990-04-06 00:00:00-04:00,7.265301954748527,7.265301954748527,7.014774136362859,7.181793212890625,15875,0.0,0.0
1990-04-09 00:00:00-04:00,7.181791450707747,7.3488096898485775,7.014772415161133,7.014772415161133,53625,0.0,0.0
1990-04-10 00:00:00-04:00,7.348806381225586,7.348806381225586,7.348806381225586,7.348806381225586,125,0.0,0.0
1990-04-11 00:00:00-04:00,7.01477527583701,7.3488126867473165,7.01477527583701,7.265303134918213,3750,0.0,0.0
1990-04-12 00:00:00-04:00,7.0147692569303075,7.348806381225586,7.0147692569303075,7.348806381225586,375,0.0,0.0
1990-04-16 00:00:00-04:00,7.348806381225586,7.348806381225586,7.348806381225586,7.348806381225586,375,0.0,0.0
1990-04-17 00:00:00-04:00,7.348806381225586,7.348806381225586,7.348806381225586,7.348806381225586,0,0.0,0.0
1990-04-18 00:00:00-04:00,7.348806381225586,7.348806381225586,7.348806381225586,7.348806381225586,0,0.0,0.0
1990-04-19 00:00:00-04:00,7.348806381225586,7.348806381225586,7.348806381225586,7.348806381225586,0,0.0,0.0
1990-04-20 00:00:00-04:00,7.3488096898485775,7.3488096898485775,7.014772415161133,7.014772415161133,500,0.0,0.0
1990-04-23 00:00:00-04:00,7.014772415161133,7.181791450707747,7.014772415161133,7.014772415161133,4375,0.0,0.0
1990-04-24 00:00:00-04:00,7.181794379495218,7.265303134918213,7.181794379495218,7.265303134918213,44375,0.0,0.0
1990-04-25 00:00:00-04:00,7.014772415161133,7.014772415161133,7.014772415161133,7.014772415161133,875,0.0,0.0
1990-04-26 00:00:00-04:00,7.014772415161133,7.014772415161133,7.014772415161133,7.014772415161133,0,0.0,0.0
1990-04-27 00:00:00-04:00,7.014772415161133,7.014772415161133,7.014772415161133,7.014772415161133,625,0.0,0.0
1990-04-30 00:00:00-04:00,7.014772415161133,7.014772415161133,7.014772415161133,7.014772415161133,375,0.0,0.0
1990-05-01 00:00:00-04:00,7.26530017207527,7.26530017207527,7.014772415161133,7.014772415161133,7250,0.0,0.0
1990-05-02 00:00:00-04:00,7.3488126867473165,7.3488126867473165,7.181794379495218,7.265303134918213,1625,0.0,0.0
1990-05-03 00:00:00-04:00,7.348806402613788,8.016879856743302,7.348806402613788,7.68284273147583,63250,0.0,0.0
1990-05-04 00:00:00-04:00,7.84987195934972,8.01689115557948,7.682853559526513,7.9333815574646,4500,0.0,0.0
1990-05-07 00:00:00-04:00,7.9333815574646,7.9333815574646,7.9333815574646,7.9333815574646,0,0.0,0.0
1990-05-08 00:00:00-04:00,8.01688498098296,8.01688498098296,7.682847642205205,7.849865913391113,20750,0.0,0.0
1990-05-09 00:00:00-04:00,7.849865913391113,7.849865913391113,7.849865913391113,7.849865913391113,0,0.0,0.0
1990-05-10 00:00:00-04:00,7.933379537629367,7.933379537629367,7.515833246175189,7.5993428230285645,18375,0.0,0.0
1990-05-11 00:00:00-04:00,7.348806381225586,7.348806381225586,7.348806381225586,7.348806381225586,125,0.0,0.0
1990-05-14 00:00:00-04:00,7.682842709115438,7.682842709115438,7.348806381225586,7.348806381225586,27000,0.0,0.0
1990-05-15 00:00:00-04:00,7.348806381225586,7.348806381225586,7.348806381225586,7.348806381225586,125,0.0,0.0
1990-05-16 00:00:00-04:00,7.700345449753381,7.700345449753381,7.365548133850098,7.365548133850098,43000,0.04,0.0
1990-05-17 00:00:00-04:00,7.365548653517488,7.700345993041992,7.365548653517488,7.700345993041992,2500,0.0,0.0
1990-05-18 00:00:00-04:00,7.867745876312256,7.867745876312256,7.867745876312256,7.867745876312256,500,0.0,0.0
1990-05-21 00:00:00-04:00,7.365548653517488,7.700345993041992,7.365548653517488,7.700345993041992,1875,0.0,0.0
1990-05-22 00:00:00-04:00,7.532948485149159,7.867745876312256,7.532948485149159,7.867745876312256,1500,0.0,0.0
1990-05-23 00:00:00-04:00,7.867747946256884,7.867747946256884,7.4492506980896,7.4492506980896,67375,0.0,0.0
1990-05-24 00:00:00-04:00,7.4492506980896,7.4492506980896,7.4492506980896,7.4492506980896,4750,0.0,0.0
1990-05-25 00:00:00-04:00,7.365551727388235,7.532950467011118,7.365551727388235,7.4492506980896,4250,0.0,0.0
1990-05-29 00:00:00-04:00,7.407397997892949,7.407397997892949,7.365548133850098,7.365548133850098,84875,0.0,0.0
1990-05-30 00:00:00-04:00,7.449247063716037,7.449247063716037,7.1981494758984566,7.365548133850098,24000,0.0,0.0
1990-05-31 00:00:00-04:00,7.449247063716037,7.449247063716037,7.0307500197270505,7.365548133850098,29625,0.0,0.0
1990-06-01 00:00:00-04:00,7.365548133850098,7.365548133850098,7.365548133850098,7.365548133850098,2750,0.0,0.0
1990-06-04 00:00:00-04:00,7.532949447631836,7.532949447631836,7.532949447631836,7.532949447631836,1000,0.0,0.0
1990-06-05 00:00:00-04:00,7.532951257046914,7.532951257046914,7.28185272216797,7.281852722167969,1875,0.0,0.0
1990-06-06 00:00:00-04:00,7.114453249667267,7.449250730363546,7.114453249667267,7.198153018951416,17875,0.0,0.0
1990-06-07 00:00:00-04:00,7.4492506980896,7.4492506980896,7.4492506980896,7.4492506980896,250,0.0,0.0
1990-06-08 00:00:00-04:00,7.365551727388235,7.532950467011118,7.1981529877653525,7.4492506980896,162625,0.0,0.0
1990-06-11 00:00:00-04:00,7.53294679180174,7.53294679180174,7.365548133850098,7.365548133850098,10250,0.0,0.0
1990-06-12 00:00:00-04:00,7.365548133850098,7.365548133850098,7.365548133850098,7.365548133850098,0,0.0,0.0
1990-06-13 00:00:00-04:00,7.532949447631836,7.532949447631836,7.532949447631836,7.532949447631836,250,0.0,0.0
1990-06-14 00:00:00-04:00,7.28185272216797,7.28185272216797,7.28185272216797,7.281852722167969,1750,0.0,0.0
1990-06-15 00:00:00-04:00,7.198153018951416,7.198153018951416,7.198153018951416,7.198153018951416,1000,0.0,0.0
1990-06-18 00:00:00-04:00,7.198153018951416,7.198153018951416,7.198153018951416,7.198153018951416,250,0.0,0.0
1990-06-19 00:00:00-04:00,7.198153018951416,7.198153018951416,7.198153018951416,7.198153018951416,875,0.0,0.0
1990-06-20 00:00:00-04:00,7.365548133850098,7.365548133850098,7.365548133850098,7.365548133850098,625,0.0,0.0
1990-06-21 00:00:00-04:00,7.28185272216797,7.365552499867697,7.198153742688479,7.281852722167969,3875,0.0,0.0
1990-06-22 00:00:00-04:00,7.198153018951416,7.198153018951416,7.198153018951416,7.198153018951416,500,0.0,0.0
1990-06-25 00:00:00-04:00,7.198153018951416,7.198153018951416,7.198153018951416,7.198153018951416,0,0.0,0.0
1990-06-26 00:00:00-04:00,7.198153018951416,7.198153018951416,7.198153018951416,7.198153018951416,0,0.0,0.0
1990-06-27 00:00:00-04:00,7.198153018951416,7.198153018951416,7.198153018951416,7.198153018951416,1875,0.0,0.0
1990-06-28 00:00:00-04:00,7.28185272216797,7.28185272216797,7.28185272216797,7.281852722167969,750,0.0,0.0
1990-06-29 00:00:00-04:00,7.532954581419784,7.616654396057129,7.532954581419784,7.616654396057129,625,0.0,0.0
1990-07-02 00:00:00-04:00,7.867745876312256,7.867745876312256,7.867745876312256,7.867745876312256,250,0.0,0.0
1990-07-03 00:00:00-04:00,7.365549789567612,7.867745876312256,7.365549789567612,7.867745876312256,3875,0.0,0.0
1990-07-05 00:00:00-04:00,7.867750801930607,7.867750801930607,7.574803100817493,7.658502101898193,7500,0.0,0.0
1990-07-06 00:00:00-04:00,7.449248738248413,7.867745876312256,7.449248738248413,7.867745876312256,1625,0.0,0.0
1990-07-09 00:00:00-04:00,7.532949447631836,7.532949447631836,7.532949447631836,7.532949447631836,375,0.0,0.0
1990-07-10 00:00:00-04:00,7.532948485149159,8.11884431879455,7.532948485149159,7.867745876312256,35875,0.0,0.0
1990-07-11 00:00:00-04:00,7.867745876312256,7.867745876312256,7.867745876312256,7.867745876312256,0,0.0,0.0
1990-07-12 00:00:00-04:00,7.7840469276314534,8.11884431879455,7.7840469276314534,7.867745876312256,10500,0.0,0.0
1990-07-13 00:00:00-04:00,7.867749901261094,8.286247253417969,7.867749901261094,8.286247253417969,2500,0.0,0.0
1990-07-16 00:00:00-04:00,7.867749901261094,8.286247253417969,7.867749901261094,8.286247253417969,7125,0.0,0.0
1990-07-17 00:00:00-04:00,7.867749675967825,8.202548027038574,7.867749675967825,8.202548027038574,21000,0.0,0.0
1990-07-18 00:00:00-04:00,7.867749059085144,8.035148620605469,7.867749059085144,8.035148620605469,2500,0.0,0.0
1990-07-19 00:00:00-04:00,8.035148620605469,8.035148620605469,8.035148620605469,8.035148620605469,0,0.0,0.0
1990-07-20 00:00:00-04:00,8.202548261918805,8.286247253417969,8.202548261918805,8.286247253417969,4000,0.0,0.0
1990-07-23 00:00:00-04:00,7.95144969098061,8.286247253417969,7.95144969098061,8.286247253417969,13375,0.0,0.0
1990-07-24 00:00:00-04:00,7.9514494632905945,8.286247016141013,7.9514494632905945,8.202548027038574,9375,0.0,0.0
1990-07-25 00:00:00-04:00,8.035148620605469,8.118847603145365,8.035148620605469,8.035148620605469,84000,0.0,0.0
1990-07-26 00:00:00-04:00,8.286247253417969,8.286247253417969,8.286247253417969,8.286247253417969,2250,0.0,0.0
1990-07-27 00:00:00-04:00,8.286247253417969,8.286247253417969,8.286247253417969,8.286247253417969,125,0.0,0.0
1990-07-30 00:00:00-04:00,8.035150935273776,8.160699844360352,8.035150935273776,8.160699844360352,15000,0.0,0.0
1990-07-31 00:00:00-04:00,8.160699844360352,8.160699844360352,8.160699844360352,8.160699844360352,0,0.0,0.0
1990-08-01 00:00:00-04:00,8.160699844360352,8.160699844360352,8.160699844360352,8.160699844360352,0,0.0,0.0
1990-08-02 00:00:00-04:00,7.700347180730708,7.867745876312256,7.700347180730708,7.867745876312256,9500,0.0,0.0
1990-08-03 00:00:00-04:00,7.784048099718749,7.784048099718749,7.030752658843994,7.030752658843994,17125,0.0,0.0
1990-08-06 00:00:00-04:00,7.030756225778646,7.198155829713755,6.695958614349365,6.695958614349365,1750,0.0,0.0
1990-08-07 00:00:00-04:00,7.030756225778646,7.114456027746201,6.695958614349365,6.695958614349365,2875,0.0,0.0
1990-08-08 00:00:00-04:00,6.988903577312117,7.030752658843994,6.988903577312117,7.030752658843994,3375,0.0,0.0
1990-08-09 00:00:00-04:00,7.365548133850098,7.365548133850098,7.365548133850098,7.365548133850098,1250,0.0,0.0
1990-08-10 00:00:00-04:00,7.365548133850098,7.365548133850098,7.365548133850098,7.365548133850098,0,0.0,0.0
1990-08-13 00:00:00-04:00,7.365548133850098,7.365548133850098,7.365548133850098,7.365548133850098,0,0.0,0.0
1990-08-14 00:00:00-04:00,7.15630595461722,7.15630595461722,6.947057247161865,6.947057247161865,3000,0.0,0.0
1990-08-15 00:00:00-04:00,6.947054591031452,7.030753563079923,6.947054591031452,6.9889044761657715,10375,0.0,0.0
1990-08-16 00:00:00-04:00,7.177794609110787,7.177794609110787,6.883966445922852,6.883966445922852,8375,0.05,0.0
1990-08-17 00:00:00-04:00,6.88396484060182,7.009891510009766,6.88396484060182,7.009891510009766,1625,0.0,0.0
1990-08-20 00:00:00-04:00,6.883969814394277,6.883969814394277,6.716068267822266,6.716068267822266,6750,0.0,0.0
1990-08-21 00:00:00-04:00,6.716068267822266,6.716068267822266,6.716068267822266,6.716068267822266,625,0.0,0.0
1990-08-22 00:00:00-04:00,6.716064325211875,6.800015449523926,6.716064325211875,6.800015449523926,10250,0.0,0.0
1990-08-23 00:00:00-04:00,6.716062919517348,6.716062919517348,6.548161506652832,6.548161506652832,7375,0.0,0.0
1990-08-24 00:00:00-04:00,6.548161506652832,6.632112213085089,6.548161506652832,6.548161506652832,10750,0.0,0.0
1990-08-27 00:00:00-04:00,6.883966445922852,6.883966445922852,6.883966445922852,6.883966445922852,1000,0.0,0.0
1990-08-28 00:00:00-04:00,6.883966445922852,6.883966445922852,6.7160649815086035,6.883966445922852,5750,0.0,0.0
1990-08-29 00:00:00-04:00,6.716065219787543,7.219770431518555,6.716065219787543,7.219770431518555,5625,0.0,0.0
1990-08-30 00:00:00-04:00,7.219770431518555,7.219770431518555,7.219770431518555,7.219770431518555,0,0.0,0.0
1990-08-31 00:00:00-04:00,7.219770431518555,7.219770431518555,7.219770431518555,7.219770431518555,0,0.0,0.0
1990-09-04 00:00:00-04:00,6.967914802408099,7.051865100860596,6.967914802408099,7.051865100860596,750,0.0,0.0
1990-09-05 00:00:00-04:00,7.051865100860596,7.051865100860596,7.051865100860596,7.051865100860596,0,0.0,0.0
1990-09-06 00:00:00-04:00,7.051865100860596,7.051865100860596,7.051865100860596,7.051865100860596,0,0.0,0.0
1990-09-07 00:00:00-04:00,7.387671058560954,7.555572509765625,7.219769607356284,7.555572509765625,12750,0.0,0.0
1990-09-10 00:00:00-04:00,7.387668132781982,7.387668132781982,7.387668132781982,7.387668132781982,250,0.0,0.0
1990-09-11 00:00:00-04:00,7.387670715138349,7.471621036529541,7.387670715138349,7.471621036529541,1375,0.0,0.0
1990-09-12 00:00:00-04:00,7.555569517491741,7.7234709022015,7.387668132781982,7.387668132781982,375,0.0,0.0
1990-09-13 00:00:00-04:00,7.387668132781982,7.387668132781982,7.387668132781982,7.387668132781982,750,0.0,0.0
1990-09-14 00:00:00-04:00,7.387668132781982,7.513593971160063,7.387668132781982,7.387668132781982,3875,0.0,0.0
1990-09-17 00:00:00-04:00,7.471621036529541,7.639523280546395,7.471621036529541,7.471621036529541,6500,0.0,0.0
1990-09-18 00:00:00-04:00,7.471621036529541,7.639523280546395,7.387670715138349,7.471621036529541,52625,0.0,0.0
1990-09-19 00:00:00-04:00,7.219768491739194,7.303718804060677,6.967915953540451,7.009891510009766,61375,0.0,0.0
1990-09-20 00:00:00-04:00,6.800019441417135,6.800019441417135,6.716068267822266,6.716068267822266,8375,0.0,0.0
1990-09-21 00:00:00-04:00,6.548161506652832,6.548161506652832,6.548161506652832,6.548161506652832,625,0.0,0.0
1990-09-24 00:00:00-04:00,6.80001248913104,6.80001248913104,6.296307563781738,6.296307563781738,15000,0.0,0.0
1990-09-25 00:00:00-04:00,6.632114410400391,6.632114410400391,6.632114410400391,6.632114410400391,750,0.0,0.0
1990-09-26 00:00:00-04:00,6.380264300364068,6.5481662347711005,6.212362766265869,6.212362766265869,7250,0.0,0.0
1990-09-27 00:00:00-04:00,6.212362766265869,6.212362766265869,6.212362766265869,6.212362766265869,0,0.0,0.0
1990-09-28 00:00:00-04:00,6.212361083666765,6.212361083666765,6.086434767045458,6.128410339355469,7250,0.0,0.0
1990-10-01 00:00:00-04:00,6.296313985979105,6.5481667055418145,6.296313985979105,6.380264759063721,68000,0.0,0.0
1990-10-02 00:00:00-04:00,6.12841199921677,6.212362766265869,6.12841199921677,6.212362766265869,4875,0.0,0.0
1990-10-03 00:00:00-04:00,6.21236025583981,6.296310988964266,6.044458389282227,6.044458389282227,4875,0.0,0.0
1990-10-04 00:00:00-04:00,6.212361083666765,6.212361083666765,6.044459194735447,6.128410339355469,28125,0.0,0.0
1990-10-05 00:00:00-04:00,6.296307563781738,6.296307563781738,6.296307563781738,6.296307563781738,750,0.0,0.0
1990-10-08 00:00:00-04:00,5.960508823394775,5.960508823394775,5.960508823394775,5.960508823394775,750,0.0,0.0
1990-10-09 00:00:00-04:00,6.296307563781738,6.296307563781738,5.960504413651688,6.296307563781738,19000,0.0,0.0
1990-10-10 00:00:00-04:00,6.296307563781738,6.296307563781738,6.296307563781738,6.296307563781738,0,0.0,0.0
1990-10-11 00:00:00-04:00,5.960506638437598,5.960506638437598,5.876555919647217,5.876555919647217,2750,0.0,0.0
1990-10-12 00:00:00-04:00,5.7086554567844034,6.044458389282227,5.7086554567844034,6.044458389282227,875,0.0,0.0
1990-10-15 00:00:00-04:00,6.128411463576087,6.128411463576087,5.6247061046891105,5.708657264709473,4000,0.0,0.0
1990-10-16 00:00:00-04:00,5.624706268310547,5.624706268310547,5.624706268310547,5.624706268310547,750,0.0,0.0
1990-10-17 00:00:00-04:00,5.624706268310547,5.624706268310547,5.624706268310547,5.624706268310547,0,0.0,0.0
1990-10-18 00:00:00-04:00,5.624706268310547,5.624706268310547,5.624706268310547,5.624706268310547,0,0.0,0.0
1990-10-19 00:00:00-04:00,5.456803321838379,5.456803321838379,5.456803321838379,5.456803321838379,2500,0.0,0.0
1990-10-22 00:00:00-04:00,5.456803321838379,5.456803321838379,5.456803321838379,5.456803321838379,250,0.0,0.0
1990-10-23 00:00:00-04:00,5.456803321838379,5.456803321838379,5.456803321838379,5.456803321838379,1125,0.0,0.0
1990-10-24 00:00:00-04:00,5.456803321838379,5.456803321838379,5.456803321838379,5.456803321838379,750,0.0,0.0
1990-10-25 00:00:00-04:00,5.540751934051514,5.540751934051514,5.3728505179896855,5.540751934051514,625,0.0,0.0
1990-10-26 00:00:00-04:00,5.540751934051514,5.540751934051514,5.540751934051514,5.540751934051514,0,0.0,0.0
1990-10-29 00:00:00-05:00,5.28889799118042,5.28889799118042,5.28889799118042,5.28889799118042,125,0.0,0.0
1990-10-30 00:00:00-05:00,5.647113800048828,5.647113800048828,5.647113800048828,5.647113800048828,250,0.05,0.0
1990-10-31 00:00:00-05:00,5.6471122087759795,5.6471122087759795,5.394256672177562,5.478541851043701,2000,0.0,0.0
1990-11-01 00:00:00-05:00,5.647113800048828,5.647113800048828,5.647113800048828,5.647113800048828,250,0.0,0.0
1990-11-02 00:00:00-05:00,5.647113800048828,5.647113800048828,5.647113800048828,5.647113800048828,0,0.0,0.0
1990-11-05 00:00:00-05:00,5.647113800048828,5.647113800048828,5.647113800048828,5.647113800048828,375,0.0,0.0
1990-11-06 00:00:00-05:00,5.64711262381633,5.64711262381633,5.309971883573268,5.394257068634033,6750,0.0,0.0
1990-11-07 00:00:00-05:00,5.647116748626957,5.731402397155762,5.647116748626957,5.731402397155762,15875,0.0,0.0
1990-11-08 00:00:00-05:00,6.068540215034668,6.068540215034668,5.647113800048828,5.647113800048828,1625,0.0,0.0
1990-11-09 00:00:00-05:00,5.731402397155762,5.731402397155762,5.731402397155762,5.731402397155762,4500,0.0,0.0
1990-11-12 00:00:00-05:00,5.85782496337524,5.942110538482666,5.85782496337524,5.942110538482666,8250,0.0,0.0
1990-11-13 00:00:00-05:00,6.068535994925368,6.1528215408325195,5.942108479871177,6.1528215408325195,2250,0.0,0.0
1990-11-14 00:00:00-05:00,6.152826182613552,6.152826182613552,6.068540573120117,6.068540573120117,2375,0.0,0.0
1990-11-15 00:00:00-05:00,6.068540573120117,6.068540573120117,6.068540573120117,6.068540573120117,0,0.0,0.0
1990-11-16 00:00:00-05:00,6.321396597793277,6.321396597793277,5.984255365530254,6.068540573120117,4625,0.0,0.0
1990-11-19 00:00:00-05:00,6.321392912202359,6.321392912202359,6.237107753753662,6.237107753753662,14250,0.0,0.0
1990-11-20 00:00:00-05:00,6.237107753753662,6.237107753753662,6.237107753753662,6.237107753753662,0,0.0,0.0
1990-11-21 00:00:00-05:00,6.321396597793277,6.321396597793277,5.899970157940392,6.068540573120117,1250,0.0,0.0
1990-11-23 00:00:00-05:00,6.068540573120117,6.068540573120117,6.068540573120117,6.068540573120117,0,0.0,0.0
1990-11-26 00:00:00-05:00,5.899970968219218,5.899970968219218,5.815685749053955,5.815685749053955,7500,0.0,0.0
1990-11-27 00:00:00-05:00,5.815685749053955,5.815685749053955,5.815685749053955,5.815685749053955,0,0.0,0.0
1990-11-28 00:00:00-05:00,5.815685749053955,5.857828157684773,5.815685749053955,5.815685749053955,5500,0.0,0.0
1990-11-29 00:00:00-05:00,5.815685749053955,5.815685749053955,5.815685749053955,5.815685749053955,750,0.0,0.0
1990-11-30 00:00:00-05:00,5.899969100952148,6.405680657795918,5.899969100952148,5.899969100952148,2750,0.0,0.0
1990-12-03 00:00:00-05:00,6.152826182613552,6.237111390203414,6.068540573120117,6.068540573120117,22375,0.0,0.0
1990-12-04 00:00:00-05:00,6.068540218620609,6.194968223571777,6.068540218620609,6.194968223571777,11000,0.0,0.0
1990-12-05 00:00:00-05:00,6.068540573120117,6.068540573120117,6.068540573120117,6.068540573120117,125,0.0,0.0
1990-12-06 00:00:00-05:00,6.068540573120117,6.068540573120117,6.068540573120117,6.068540573120117,0,0.0,0.0
1990-12-07 00:00:00-05:00,6.4056782722473145,6.4056782722473145,6.4056782722473145,6.4056782722473145,125,0.0,0.0
1990-12-10 00:00:00-05:00,6.489965438842773,6.489965438842773,6.489965438842773,6.489965438842773,375,0.0,0.0
1990-12-11 00:00:00-05:00,6.06854099755913,6.574253082275391,6.06854099755913,6.574253082275391,375,0.0,0.0
1990-12-12 00:00:00-05:00,6.152826182613552,6.237111390203414,6.068540573120117,6.068540573120117,8125,0.0,0.0
1990-12-13 00:00:00-05:00,6.237107753753662,6.237107753753662,6.237107753753662,6.237107753753662,750,0.0,0.0
1990-12-14 00:00:00-05:00,6.152822788943483,6.4056782722473145,6.152822788943483,6.4056782722473145,750,0.0,0.0
1990-12-17 00:00:00-05:00,6.1528215408325195,6.1528215408325195,6.1528215408325195,6.1528215408325195,1250,0.0,0.0
1990-12-18 00:00:00-05:00,6.15282582319042,6.489966633855472,6.15282582319042,6.194968223571777,4375,0.0,0.0
1990-12-19 00:00:00-05:00,6.574253082275391,6.574253082275391,6.574253082275391,6.574253082275391,875,0.0,0.0
1990-12-20 00:00:00-05:00,6.1528215408325195,6.1528215408325195,6.1528215408325195,6.1528215408325195,875,0.0,0.0
1990-12-21 00:00:00-05:00,6.1528215408325195,6.2371066848364025,6.1528215408325195,6.1528215408325195,1875,0.0,0.0
1990-12-24 00:00:00-05:00,6.574248789451789,6.574248789451789,6.237107753753662,6.237107753753662,3250,0.0,0.0
1990-12-26 00:00:00-05:00,6.53210973739624,6.53210973739624,6.53210973739624,6.53210973739624,2000,0.0,0.0
1990-12-27 00:00:00-05:00,6.194968223571777,6.2371110258566835,6.194968223571777,6.194968223571777,2000,0.0,0.0
1990-12-28 00:00:00-05:00,6.53210973739624,6.53210973739624,6.53210973739624,6.53210973739624,1250,0.0,0.0
1990-12-31 00:00:00-05:00,6.5742489963532185,6.5742489963532185,6.321393111146037,6.4056782722473145,2500,0.0,0.0
1991-01-02 00:00:00-05:00,6.3635356923783775,6.3635356923783775,6.237107753753662,6.237107753753662,5625,0.0,0.0
1991-01-03 00:00:00-05:00,6.489963433348591,6.489963433348591,6.4056782722473145,6.4056782722473145,1500,0.0,0.0
1991-01-04 00:00:00-05:00,6.237107753753662,6.237107753753662,6.237107753753662,6.237107753753662,125,0.0,0.0
1991-01-07 00:00:00-05:00,6.237107753753662,6.237107753753662,6.237107753753662,6.237107753753662,0,0.0,0.0
1991-01-08 00:00:00-05:00,6.363540213492782,6.4478254318237305,6.363540213492782,6.4478254318237305,39750,0.0,0.0
1991-01-09 00:00:00-05:00,6.237107753753662,6.237107753753662,6.237107753753662,6.237107753753662,500,0.0,0.0
1991-01-10 00:00:00-05:00,6.279250132026342,6.279250132026342,6.237107753753662,6.237107753753662,375,0.0,0.0
1991-01-11 00:00:00-05:00,6.237107753753662,6.237107753753662,6.237107753753662,6.237107753753662,625,0.0,0.0
1991-01-14 00:00:00-05:00,6.237107753753662,6.237107753753662,6.237107753753662,6.237107753753662,0,0.0,0.0
1991-01-15 00:00:00-05:00,6.237107753753662,6.237107753753662,6.237107753753662,6.237107753753662,0,0.0,0.0
1991-01-16 00:00:00-05:00,6.489965438842773,6.489965438842773,6.489965438842773,6.489965438842773,125,0.0,0.0
1991-01-17 00:00:00-05:00,6.237107753753662,6.237107753753662,6.237107753753662,6.237107753753662,1375,0.0,0.0
1991-01-18 00:00:00-05:00,6.4056782722473145,6.4056782722473145,6.4056782722473145,6.4056782722473145,375,0.0,0.0
1991-01-21 00:00:00-05:00,6.23710793866947,6.489963421512142,6.23710793866947,6.3635358810424805,5250,0.0,0.0
1991-01-22 00:00:00-05:00,6.4056782722473145,6.4056782722473145,6.4056782722473145,6.4056782722473145,625,0.0,0.0
1991-01-23 00:00:00-05:00,6.4056802516961415,6.489965438842773,6.4056802516961415,6.489965438842773,79375,0.0,0.0
1991-01-24 00:00:00-05:00,6.489967466886947,6.574253082275391,6.405682253402103,6.574253082275391,9750,0.0,0.0
1991-01-25 00:00:00-05:00,6.574250382013815,6.742820739746094,6.405679622378102,6.742820739746094,14375,0.0,0.0
1991-01-28 00:00:00-05:00,6.4056782722473145,6.742819318555773,6.4056782722473145,6.4056782722473145,3125,0.0,0.0
1991-01-29 00:00:00-05:00,6.405681838696882,6.658537864685059,6.405681838696882,6.658537864685059,1750,0.0,0.0
1991-01-30 00:00:00-05:00,6.574252656656858,6.658537864685059,6.574252656656858,6.658537864685059,46250,0.0,0.0
1991-01-31 00:00:00-05:00,6.742820739746094,6.742820739746094,6.742820739746094,6.742820739746094,125,0.0,0.0
1991-02-01 00:00:00-05:00,6.742823509245078,6.827109124633521,6.574253082275391,6.574253082275391,5625,0.0,0.0
1991-02-04 00:00:00-05:00,6.995679098701436,6.995679098701436,6.658537864685059,6.658537864685059,2000,0.0,0.0
1991-02-05 00:00:00-05:00,6.742820591827601,7.07996129989624,6.658535414810442,7.07996129989624,6125,0.0,0.0
1991-02-06 00:00:00-05:00,6.9956793785095215,6.9956793785095215,6.9956793785095215,6.9956793785095215,6250,0.0,0.0
1991-02-07 00:00:00-05:00,7.0799614552106505,7.0799614552106505,6.742820739746094,6.742820739746094,3625,0.0,0.0
1991-02-08 00:00:00-05:00,6.995676678247946,6.995676678247946,6.700677949361307,6.742820739746094,1000,0.0,0.0
1991-02-11 00:00:00-05:00,6.995676524782507,7.164246878816826,6.995676524782507,7.07996129989624,32500,0.0,0.0
1991-02-12 00:00:00-05:00,6.911391245568846,7.248532772064209,6.911391245568846,7.248532772064209,625,0.0,0.0
1991-02-13 00:00:00-05:00,6.911391245568846,7.248532772064209,6.911391245568846,7.248532772064209,3125,0.0,0.0
1991-02-14 00:00:00-05:00,7.079962868892514,7.164248466491699,7.079962868892514,7.164248466491699,13125,0.0,0.0
1991-02-15 00:00:00-05:00,7.096657752990723,7.434594335234651,7.096657752990723,7.096657752990723,3500,0.04,0.0
1991-02-19 00:00:00-05:00,7.4345987097370525,7.4345987097370525,7.265630722045898,7.265630722045898,23500,0.0,0.0
1991-02-20 00:00:00-05:00,7.096655304522106,7.688043917984087,7.096655304522106,7.434591770172119,449750,0.0,0.0
1991-02-21 00:00:00-05:00,7.688052125651978,7.688052125651978,7.350115299224853,7.3501152992248535,314000,0.0,0.0
1991-02-22 00:00:00-05:00,7.603566945689638,7.603566945689638,7.350114553026062,7.519082546234131,93625,0.0,0.0
1991-02-25 00:00:00-05:00,7.603564262390137,7.603564262390137,7.350111959169934,7.603564262390137,36000,0.0,0.0
1991-02-26 00:00:00-05:00,7.47684191127366,7.603567717619439,7.350115299224853,7.3501152992248535,10750,0.0,0.0
1991-02-27 00:00:00-05:00,7.350115299224853,7.603567717619439,7.350115299224853,7.3501152992248535,8625,0.0,0.0
1991-02-28 00:00:00-05:00,7.350111959169934,7.603564262390137,7.350111959169934,7.603564262390137,66750,0.0,0.0
1991-03-01 00:00:00-05:00,7.434596328810889,7.603564262390137,7.434596328810889,7.603564262390137,3750,0.0,0.0
1991-03-04 00:00:00-05:00,7.6035672972305095,7.688051700592041,7.350114892848896,7.688051700592041,29375,0.0,0.0
1991-03-05 00:00:00-05:00,7.519078767279267,7.941498940850069,7.519078767279267,7.772531032562256,126125,0.0,0.0
1991-03-06 00:00:00-05:00,8.110467654840422,8.110467654840422,7.6035631242744435,7.772531032562256,46125,0.0,0.0
1991-03-07 00:00:00-05:00,7.857015389557433,7.857015389557433,7.6035631242744435,7.772531032562256,33750,0.0,0.0
1991-03-08 00:00:00-05:00,7.688046379476677,7.941497802734375,7.60356203458916,7.941497802734375,31125,0.0,0.0
1991-03-11 00:00:00-05:00,7.603564262390137,7.857016565610341,7.603564262390137,7.603564262390137,18750,0.0,0.0
1991-03-12 00:00:00-05:00,7.6035672972305095,7.772535298250591,7.6035672972305095,7.688051700592041,19625,0.0,0.0
1991-03-13 00:00:00-05:00,7.603566945689638,7.857019338353216,7.519082546234131,7.519082546234131,18750,0.0,0.0
1991-03-14 00:00:00-05:00,7.772532195969386,7.772532195969386,7.603564262390137,7.603564262390137,16500,0.0,0.0
1991-03-15 00:00:00-05:00,7.519078767279267,7.772531032562257,7.43459521598663,7.772531032562256,11625,0.0,0.0
1991-03-18 00:00:00-05:00,7.434598549587259,7.772534517690038,7.434598549587259,7.730292320251465,1375,0.0,0.0
1991-03-19 00:00:00-05:00,7.43459521598663,7.772531032562257,7.43459521598663,7.772531032562256,27750,0.0,0.0
1991-03-20 00:00:00-05:00,7.772531032562257,7.772531032562257,7.772531032562257,7.772531032562256,125,0.0,0.0
1991-03-21 00:00:00-05:00,7.476841152209323,7.688051345145146,7.434598952481569,7.519082546234131,40375,0.0,0.0
1991-03-22 00:00:00-05:00,7.476839542388916,7.476839542388916,7.476839542388916,7.476839542388916,2500,0.0,0.0
1991-03-25 00:00:00-05:00,7.772531032562257,7.772531032562257,7.772531032562257,7.772531032562256,125,0.0,0.0
1991-03-26 00:00:00-05:00,7.772531032562257,7.772531032562257,7.772531032562257,7.772531032562256,500,0.0,0.0
1991-03-27 00:00:00-05:00,7.772527430119966,7.772527430119966,7.434591770172119,7.434591770172119,3000,0.0,0.0
1991-03-28 00:00:00-05:00,7.6035631242744435,7.772531032562257,7.43459521598663,7.772531032562256,16500,0.0,0.0
1991-04-01 00:00:00-05:00,7.519079892749183,7.688048632031092,7.434596328810889,7.603564262390137,3000,0.0,0.0
1991-04-02 00:00:00-05:00,7.688052125651978,7.688052125651978,7.350115299224853,7.3501152992248535,8250,0.0,0.0
1991-04-03 00:00:00-05:00,7.434596328810889,7.603564262390137,7.434596328810889,7.603564262390137,150000,0.0,0.0
1991-04-04 00:00:00-05:00,7.688051345145146,7.688051345145146,7.350114553026062,7.519082546234131,36375,0.0,0.0
1991-04-05 00:00:00-05:00,7.56131744122702,7.772527430119966,7.434591770172119,7.434591770172119,114750,0.0,0.0
1991-04-08 00:00:00-04:00,7.434591770172119,7.434591770172119,7.434591770172119,7.434591770172119,2500,0.0,0.0
1991-04-09 00:00:00-04:00,7.434599296210428,7.688051700592041,7.434599296210428,7.688051700592041,54875,0.0,0.0
1991-04-10 00:00:00-04:00,7.434591770172119,7.603559600146042,7.434591770172119,7.434591770172119,2750,0.0,0.0
1991-04-11 00:00:00-04:00,7.519082546234131,7.772534938897708,7.519082546234131,7.519082546234131,15125,0.0,0.0
1991-04-12 00:00:00-04:00,7.519082546234131,7.519082546234131,7.519082546234131,7.519082546234131,1875,0.0,0.0
1991-04-15 00:00:00-04:00,7.857015389557433,7.857015389557433,7.519078767279267,7.772531032562256,10375,0.0,0.0
1991-04-16 00:00:00-04:00,7.772534938897708,7.772534938897708,7.519082546234131,7.519082546234131,500,0.0,0.0
1991-04-17 00:00:00-04:00,7.857019701612122,8.025987702632204,7.645809498911275,7.688051700592041,40625,0.0,0.0
1991-04-18 00:00:00-04:00,8.025984499189589,8.025984499189589,7.603564262390137,7.603564262390137,11500,0.0,0.0
1991-04-19 00:00:00-04:00,7.603564262390137,7.9415001295486345,7.603564262390137,7.603564262390137,11250,0.0,0.0
1991-04-22 00:00:00-04:00,7.603564262390137,7.9415001295486345,7.603564262390137,7.603564262390137,13125,0.0,0.0
1991-04-23 00:00:00-04:00,7.603564262390137,7.857016565610341,7.603564262390137,7.603564262390137,5750,0.0,0.0
1991-04-24 00:00:00-04:00,7.6035631242744435,7.857015389557433,7.6035631242744435,7.772531032562256,19875,0.0,0.0
1991-04-25 00:00:00-04:00,7.857014263549284,7.941497802734375,7.688046379476677,7.941497802734375,4500,0.0,0.0
1991-04-26 00:00:00-04:00,7.772532195969386,7.9415001295486345,7.603564262390137,7.603564262390137,9625,0.0,0.0
1991-04-29 00:00:00-04:00,7.603566533638649,7.941502501741428,7.603566533638649,7.730292320251465,45125,0.0,0.0
1991-04-30 00:00:00-04:00,7.434594150516553,7.941497802734375,7.434594150516553,7.941497802734375,12875,0.0,0.0
1991-05-01 00:00:00-04:00,7.68804748126962,7.772531032562257,7.43459521598663,7.772531032562256,28125,0.0,0.0
1991-05-02 00:00:00-04:00,7.434594150516553,7.941497802734375,7.434594150516553,7.941497802734375,24375,0.0,0.0
1991-05-03 00:00:00-04:00,7.603565783114047,7.8147759437561035,7.603565783114047,7.8147759437561035,51250,0.0,0.0
1991-05-06 00:00:00-04:00,7.857019338353216,7.857019338353216,7.519082546234131,7.519082546234131,7000,0.0,0.0
1991-05-07 00:00:00-04:00,7.772532941455959,7.772532941455959,7.181144714355469,7.181144714355469,241250,0.0,0.0
1991-05-08 00:00:00-04:00,7.350112664140932,7.434597041885033,7.181144714355469,7.181144714355469,69750,0.0,0.0
1991-05-09 00:00:00-04:00,7.434597041885033,7.434597041885033,7.181144714355469,7.181144714355469,11625,0.0,0.0
1991-05-10 00:00:00-04:00,7.181145730394171,7.350113704086405,6.9276933670043945,6.9276933670043945,142000,0.0,0.0
1991-05-13 00:00:00-04:00,7.096661299723353,7.096661299723353,6.758725354289992,6.843209743499756,86750,0.0,0.0
1991-05-14 00:00:00-04:00,6.589752240323019,6.758720081212898,6.420783996582031,6.420783996582031,11875,0.0,0.0
1991-05-15 00:00:00-04:00,6.420783996582031,6.758720081212898,6.420783996582031,6.420783996582031,24500,0.0,0.0
1991-05-16 00:00:00-04:00,6.483501130701683,6.780131816864014,6.271622011424682,6.780131816864014,63875,0.048,0.0
1991-05-17 00:00:00-04:00,6.780132579554164,6.780132579554164,6.441125869750977,6.441125869750977,3250,0.0,0.0
1991-05-20 00:00:00-04:00,6.780136123124423,6.780136123124423,6.525880856856215,6.695384502410889,16375,0.0,0.0
1991-05-21 00:00:00-04:00,6.653008052062908,7.034390926361084,6.610632446559274,7.034390926361084,25500,0.0,0.0
1991-05-22 00:00:00-04:00,7.034390926361084,7.034390926361084,7.034390926361084,7.034390926361084,0,0.0,0.0
1991-05-23 00:00:00-04:00,6.610633293251249,6.949639797210693,6.610633293251249,6.949639797210693,1375,0.0,0.0
1991-05-24 00:00:00-04:00,7.288647109425399,7.288647109425399,6.949639797210693,6.949639797210693,1625,0.0,0.0
1991-05-28 00:00:00-04:00,7.119142137368352,7.288646175893202,6.9496389070986595,7.034390926361084,12625,0.0,0.0
1991-05-29 00:00:00-04:00,7.288647651672363,7.288647651672363,7.119143578826939,7.288647651672363,3250,0.0,0.0
1991-05-30 00:00:00-04:00,6.949632711675482,7.4581427574157715,6.949632711675482,7.4581427574157715,13375,0.0,0.0
1991-05-31 00:00:00-04:00,7.288645728541572,7.627652168273926,7.288645728541572,7.627652168273926,4500,0.0,0.0
1991-06-03 00:00:00-04:00,7.627655537462527,8.13616622992888,7.37340019122935,7.71240758895874,26875,0.0,0.0
1991-06-04 00:00:00-04:00,8.136162757873535,8.136162757873535,7.797155504813318,8.136162757873535,5625,0.0,0.0
1991-06-05 00:00:00-04:00,8.136161632754916,8.136161632754916,7.627651227612106,7.797154426574707,16500,0.0,0.0
1991-06-06 00:00:00-04:00,7.627652168273926,7.627652168273926,7.627652168273926,7.627652168273926,3125,0.0,0.0
1991-06-07 00:00:00-04:00,7.966651994901624,7.966651994901624,7.4581427574157715,7.4581427574157715,1750,0.0,0.0
1991-06-10 00:00:00-04:00,7.712397780285916,7.966651994901624,7.4581427574157715,7.4581427574157715,19750,0.0,0.0
1991-06-11 00:00:00-04:00,7.4581427574157715,7.4581427574157715,7.4581427574157715,7.4581427574157715,0,0.0,0.0
1991-06-12 00:00:00-04:00,7.458150840013229,7.712406138426637,7.373398804456988,7.415774822235107,35625,0.0,0.0
1991-06-13 00:00:00-04:00,7.3734002113342285,7.3734002113342285,7.3734002113342285,7.3734002113342285,625,0.0,0.0
1991-06-14 00:00:00-04:00,7.542893892869529,7.542893892869529,7.373390813707577,7.4581427574157715,15375,0.0,0.0
1991-06-17 00:00:00-04:00,7.627652168273926,7.627652168273926,7.627652168273926,7.627652168273926,375,0.0,0.0
1991-06-18 00:00:00-04:00,7.373396025040702,7.797154426574707,7.373396025040702,7.797154426574707,3375,0.0,0.0
1991-06-19 00:00:00-04:00,7.373396934347107,7.754779381109781,7.373396934347107,7.627652168273926,31500,0.0,0.0
1991-06-20 00:00:00-04:00,7.627650326978412,7.966656684875488,7.627650326978412,7.966656684875488,32625,0.0,0.0
1991-06-21 00:00:00-04:00,7.670028667749598,7.966659119496447,7.627652657998574,7.839531898498535,36375,0.0,0.0
1991-06-24 00:00:00-04:00,7.6700262118781835,7.712402208060806,7.5852742195129395,7.5852742195129395,69500,0.0,0.0
1991-06-25 00:00:00-04:00,7.542901992797852,7.542901992797852,7.458150766334181,7.542901992797852,29875,0.0,0.0
1991-06-26 00:00:00-04:00,7.458150766334181,7.542901992797852,7.458150766334181,7.542901992797852,22500,0.0,0.0
1991-06-27 00:00:00-04:00,7.542901992797852,7.542901992797852,7.542901992797852,7.542901992797852,0,0.0,0.0
1991-06-28 00:00:00-04:00,7.288647505151535,7.7971572886994736,7.288647505151535,7.542901992797852,29875,0.0,0.0
1991-07-01 00:00:00-04:00,7.627654180852572,7.627654180852572,7.288647651672363,7.288647651672363,1375,0.0,0.0
1991-07-02 00:00:00-04:00,7.288647651672363,7.373398879839755,7.288647651672363,7.288647651672363,38625,0.0,0.0
1991-07-03 00:00:00-04:00,7.373398879839755,7.4581509162624675,7.288647651672363,7.288647651672363,1875,0.0,0.0
1991-07-05 00:00:00-04:00,7.627652168273926,7.627652168273926,7.627652168273926,7.627652168273926,250,0.0,0.0
1991-07-08 00:00:00-04:00,7.627652168273926,7.627652168273926,7.627652168273926,7.627652168273926,0,0.0,0.0
1991-07-09 00:00:00-04:00,7.542902144429859,7.627654180852572,7.288647651672363,7.288647651672363,6375,0.0,0.0
1991-07-10 00:00:00-04:00,7.4581493872226075,7.4581493872226075,7.203894138336182,7.203894138336182,2875,0.0,0.0
1991-07-11 00:00:00-04:00,7.415776237197881,7.415776237197881,7.3734002113342285,7.3734002113342285,7875,0.0,0.0
1991-07-12 00:00:00-04:00,7.4581427574157715,7.4581427574157715,7.4581427574157715,7.4581427574157715,1250,0.0,0.0
1991-07-15 00:00:00-04:00,7.4581458236020035,7.4581458236020035,7.119138717651367,7.119138717651367,15250,0.0,0.0
1991-07-16 00:00:00-04:00,7.119138717651367,7.119138717651367,7.119138717651367,7.119138717651367,0,0.0,0.0
1991-07-17 00:00:00-04:00,6.949637927615682,7.373396347692919,6.949637927615682,6.992013931274414,30875,0.0,0.0
1991-07-18 00:00:00-04:00,6.949637927615682,7.203893141313033,6.780134721235796,6.992013931274414,8250,0.0,0.0
1991-07-19 00:00:00-04:00,6.780131816864014,7.076762907153693,6.780131816864014,6.780131816864014,57875,0.0,0.0
1991-07-22 00:00:00-04:00,6.780131816864014,6.780131816864014,6.780131816864014,6.780131816864014,0,0.0,0.0
1991-07-23 00:00:00-04:00,7.119138717651367,7.119138717651367,7.119138717651367,7.119138717651367,250,0.0,0.0
1991-07-24 00:00:00-04:00,6.017370715378092,6.186874360564616,5.381732955215739,5.5088605880737305,1087000,0.0,0.0
1991-07-25 00:00:00-04:00,5.763116308225961,5.93261956265064,5.678364276885986,5.678364276885986,31500,0.0,0.0
1991-07-26 00:00:00-04:00,5.932617664337158,6.017369264430759,5.7631144641499565,5.932617664337158,59000,0.0,0.0
1991-07-29 00:00:00-04:00,5.93261770336022,5.974993705749512,5.763114502058075,5.974993705749512,234375,0.0,0.0
1991-07-30 00:00:00-04:00,6.102120858374154,6.102120858374154,5.847866058349609,5.847866058349609,15625,0.0,0.0
1991-07-31 00:00:00-04:00,5.763114926483993,6.102121354054489,5.763114926483993,6.017369747161865,2875,0.0,0.0
1991-08-01 00:00:00-04:00,6.102123881361311,6.102123881361311,5.76311731338501,5.76311731338501,1750,0.0,0.0
1991-08-02 00:00:00-04:00,6.017369258365973,6.017369258365973,5.763114458341428,5.847866058349609,32000,0.0,0.0
1991-08-05 00:00:00-04:00,5.932617658357791,5.932617658357791,5.805490056281766,5.847866058349609,16000,0.0,0.0
1991-08-06 00:00:00-04:00,5.847866532509253,6.102121353149414,5.7631149256292,6.102121353149414,39625,0.0,0.0
1991-08-07 00:00:00-04:00,6.10212086452436,6.271624468839068,5.847866064243557,5.932617664337158,53125,0.0,0.0
1991-08-08 00:00:00-04:00,6.059743573802013,6.441125869750977,5.974991997383064,6.441125869750977,75875,0.0,0.0
1991-08-09 00:00:00-04:00,6.441125869750977,6.441125869750977,6.144495150220961,6.441125869750977,7625,0.0,0.0
1991-08-12 00:00:00-04:00,6.441131154932918,6.525882800893669,6.186876217050667,6.356379508972168,46125,0.0,0.0
1991-08-13 00:00:00-04:00,6.186873495242741,6.610631942749023,6.186873495242741,6.610631942749023,16625,0.0,0.0
1991-08-14 00:00:00-04:00,6.610630860426435,6.610630860426435,6.186872482299805,6.186872482299805,20375,0.0,0.0
1991-08-15 00:00:00-04:00,6.102120483372493,6.4411272666992945,6.102120483372493,6.186872482299805,6250,0.0,0.0
1991-08-16 00:00:00-04:00,6.547408927222023,6.632440538466047,6.2072841040890125,6.377346515655518,40250,0.048,0.0
1991-08-19 00:00:00-04:00,6.462376684645837,6.462376684645837,6.122251510620117,6.122251510620117,17875,0.0,0.0
1991-08-20 00:00:00-04:00,6.632436323285811,6.632436323285811,6.2072801591126305,6.547404766082764,11625,0.0,0.0
1991-08-21 00:00:00-04:00,6.4623748607686755,6.717468770657943,6.292312524482891,6.674952983856201,19250,0.0,0.0
1991-08-22 00:00:00-04:00,6.377343686695066,6.377343686695066,6.334827899932861,6.334827899932861,3750,0.0,0.0
1991-08-23 00:00:00-04:00,6.717467347671455,6.717467347671455,6.292311191558838,6.292311191558838,30875,0.0,0.0
1991-08-26 00:00:00-04:00,6.292311191558838,6.292311191558838,6.292311191558838,6.292311191558838,2750,0.0,0.0
1991-08-27 00:00:00-04:00,6.292311191558838,6.547404641950104,6.292311191558838,6.292311191558838,30875,0.0,0.0
1991-08-28 00:00:00-04:00,6.292311191558838,6.547404641950104,6.292311191558838,6.292311191558838,7500,0.0,0.0
1991-08-29 00:00:00-04:00,6.632437596347105,6.632437596347105,6.207281350567434,6.334827899932861,16625,0.0,0.0
1991-08-30 00:00:00-04:00,6.292311191558838,6.632436197541033,6.292311191558838,6.292311191558838,3875,0.0,0.0
1991-09-03 00:00:00-04:00,6.632436197541033,6.632436197541033,6.292311191558838,6.292311191558838,3875,0.0,0.0
1991-09-04 00:00:00-04:00,6.462373491819682,6.462373491819682,6.292311191558838,6.292311191558838,4000,0.0,0.0
1991-09-05 00:00:00-04:00,6.292311191558838,6.37734234168926,6.292311191558838,6.292311191558838,3375,0.0,0.0
1991-09-06 00:00:00-04:00,6.292311191558838,6.292311191558838,6.292311191558838,6.292311191558838,625,0.0,0.0
1991-09-09 00:00:00-04:00,6.29231251863125,6.334827899932861,6.29231251863125,6.334827899932861,2125,0.0,0.0
1991-09-10 00:00:00-04:00,6.37734234168926,6.37734234168926,6.292311191558838,6.292311191558838,4625,0.0,0.0
1991-09-11 00:00:00-04:00,6.37734234168926,6.462373491819682,6.292311191558838,6.292311191558838,29250,0.0,0.0
1991-09-12 00:00:00-04:00,6.419858119484724,6.547404641950104,6.292311191558838,6.292311191558838,79125,0.0,0.0
1991-09-13 00:00:00-04:00,6.292311191558838,6.37734234168926,6.292311191558838,6.292311191558838,14625,0.0,0.0
1991-09-16 00:00:00-04:00,6.292311191558838,6.632436197541033,6.292311191558838,6.292311191558838,4875,0.0,0.0
1991-09-17 00:00:00-04:00,6.292315309872265,6.377346515655518,6.292315309872265,6.377346515655518,25125,0.0,0.0
1991-09-18 00:00:00-04:00,6.292314884574723,6.632440090179443,6.292314884574723,6.632440090179443,2625,0.0,0.0
1991-09-19 00:00:00-04:00,6.29231251863125,6.334827899932861,6.29231251863125,6.334827899932861,5625,0.0,0.0
1991-09-20 00:00:00-04:00,6.292311191558838,6.632436197541033,6.292311191558838,6.292311191558838,4000,0.0,0.0
1991-09-23 00:00:00-04:00,6.292311191558838,6.462373491819682,6.292311191558838,6.292311191558838,2875,0.0,0.0
1991-09-24 00:00:00-04:00,6.207281189617741,6.462374687194824,6.122249618298133,6.462374687194824,37000,0.0,0.0
1991-09-25 00:00:00-04:00,6.207281112670898,6.207281112670898,6.207281112670898,6.207281112670898,1875,0.0,0.0
1991-09-26 00:00:00-04:00,6.037217335707065,6.292311191558838,6.037217335707065,6.292311191558838,5250,0.0,0.0
1991-09-27 00:00:00-04:00,6.292311191558838,6.292311191558838,6.037217335707065,6.292311191558838,625,0.0,0.0
1991-09-30 00:00:00-04:00,6.292311191558838,6.292311191558838,6.292311191558838,6.292311191558838,1000,0.0,0.0
1991-10-01 00:00:00-04:00,6.292311191558838,6.292311191558838,6.292311191558838,6.292311191558838,0,0.0,0.0
1991-10-02 00:00:00-04:00,6.037217617034912,6.037217617034912,6.037217617034912,6.037217617034912,2250,0.0,0.0
1991-10-03 00:00:00-04:00,6.037217473460698,6.164764404296875,6.037217473460698,6.164764404296875,17250,0.0,0.0
1991-10-04 00:00:00-04:00,5.867157934196358,6.122251510620117,5.782126742055105,6.122251510620117,15500,0.0,0.0
1991-10-07 00:00:00-04:00,6.122252186484068,6.122252186484068,5.782127380371094,5.782127380371094,5500,0.0,0.0
1991-10-08 00:00:00-04:00,5.7821242981998555,6.037217766806577,5.7821242981998555,5.909670829772949,22875,0.0,0.0
1991-10-09 00:00:00-04:00,5.867155308849347,6.037217617034912,5.867155308849347,6.037217617034912,4000,0.0,0.0
1991-10-10 00:00:00-04:00,6.037220984955824,6.037220984955824,5.782127380371094,5.782127380371094,5375,0.0,0.0
1991-10-11 00:00:00-04:00,5.8671585818993375,5.8671585818993375,5.782127380371094,5.782127380371094,1500,0.0,0.0
1991-10-14 00:00:00-04:00,5.782127380371094,5.782127380371094,5.782127380371094,5.782127380371094,1250,0.0,0.0
1991-10-15 00:00:00-04:00,5.867155308849347,6.037217617034912,5.7821241547565645,6.037217617034912,81250,0.0,0.0
1991-10-16 00:00:00-04:00,6.037218377600397,6.207281112670898,6.037218377600397,6.207281112670898,11875,0.0,0.0
1991-10-17 00:00:00-04:00,5.952187212795435,6.207281112670898,5.8671560479904725,6.207281112670898,318500,0.0,0.0
1991-10-18 00:00:00-04:00,5.8671560479904725,6.207281112670898,5.8671560479904725,6.207281112670898,875,0.0,0.0
1991-10-21 00:00:00-04:00,6.2072803306810025,6.2072803306810025,6.037217617034912,6.037217617034912,1125,0.0,0.0
1991-10-22 00:00:00-04:00,6.1482324115903495,6.404408931732178,6.062840373936858,6.404408931732178,12250,0.06,0.0
1991-10-23 00:00:00-04:00,6.1482287267959315,6.276316910100245,6.1482287267959315,6.233621120452881,21375,0.0,0.0
1991-10-24 00:00:00-04:00,5.977442820269341,6.489794980570518,5.977442820269341,6.148226737976074,8250,0.0,0.0
1991-10-25 00:00:00-04:00,5.977443721629448,6.233620044000269,5.977443721629448,6.062835693359375,26375,0.0,0.0
1991-10-28 00:00:00-05:00,5.97744171214658,6.48979377746582,5.97744171214658,6.48979377746582,5000,0.0,0.0
1991-10-29 00:00:00-05:00,6.489797483479021,6.489797483479021,5.977445125579834,5.977445125579834,22750,0.0,0.0
1991-10-30 00:00:00-05:00,6.233621508119995,6.233621508119995,5.977445125579834,5.977445125579834,9125,0.0,0.0
1991-10-31 00:00:00-05:00,6.0628371173661755,6.0628371173661755,5.977445125579834,5.977445125579834,2500,0.0,0.0
1991-11-01 00:00:00-05:00,5.977443721629448,6.062835693359375,5.977443721629448,6.062835693359375,1125,0.0,0.0
1991-11-04 00:00:00-05:00,6.233619104010419,6.489794980570518,5.977442820269341,6.148226737976074,28750,0.0,0.0
1991-11-05 00:00:00-05:00,6.148226737976074,6.148226737976074,6.148226737976074,6.148226737976074,0,0.0,0.0
1991-11-06 00:00:00-05:00,6.319011325256239,6.319011325256239,5.977443068478417,6.105531215667725,31875,0.0,0.0
1991-11-07 00:00:00-05:00,6.233621508119995,6.233621508119995,5.977445125579834,5.977445125579834,10750,0.0,0.0
1991-11-08 00:00:00-05:00,5.977445125579834,6.148229109152518,5.977445125579834,5.977445125579834,3375,0.0,0.0
1991-11-11 00:00:00-05:00,5.977445125579834,5.977445125579834,5.977445125579834,5.977445125579834,0,0.0,0.0
1991-11-12 00:00:00-05:00,6.148229109152518,6.489797483479021,5.977445125579834,5.977445125579834,4500,0.0,0.0
1991-11-13 00:00:00-05:00,5.97744303284116,6.020139217376709,5.97744303284116,6.020139217376709,1375,0.0,0.0
1991-11-14 00:00:00-05:00,5.977442820269341,6.233619104010419,5.977442820269341,6.148226737976074,24250,0.0,0.0
1991-11-15 00:00:00-05:00,6.319014274030578,6.361710071563721,5.977445857859512,6.361710071563721,3875,0.0,0.0
1991-11-18 00:00:00-05:00,6.361710071563721,6.361710071563721,6.361710071563721,6.361710071563721,0,0.0,0.0
1991-11-19 00:00:00-05:00,6.0628371173661755,6.148229109152518,5.80666114200715,5.977445125579834,30875,0.0,0.0
1991-11-20 00:00:00-05:00,5.977449039081993,5.977449039081993,5.806664943695068,5.806664943695068,11250,0.0,0.0
1991-11-21 00:00:00-05:00,5.97744511898089,5.97744511898089,5.892053127288818,5.892053127288818,7000,0.0,0.0
1991-11-22 00:00:00-05:00,5.806656672564198,5.934744358062744,5.635872413264768,5.934744358062744,64125,0.0,0.0
1991-11-25 00:00:00-05:00,5.806656672564198,5.934744358062744,5.806656672564198,5.934744358062744,164750,0.0,0.0
1991-11-26 00:00:00-05:00,5.892053133793492,5.977445125579834,5.892053133793492,5.977445125579834,11875,0.0,0.0
1991-11-27 00:00:00-05:00,5.892056991388531,5.977449039081993,5.806664943695068,5.806664943695068,3500,0.0,0.0
1991-11-29 00:00:00-05:00,5.977449039081993,5.977449039081993,5.806664943695068,5.806664943695068,3625,0.0,0.0
1991-12-02 00:00:00-05:00,5.80666114200715,5.977445125579834,5.80666114200715,5.977445125579834,10250,0.0,0.0
1991-12-03 00:00:00-05:00,5.80666114200715,6.148229109152518,5.80666114200715,5.977445125579834,42000,0.0,0.0
1991-12-04 00:00:00-05:00,5.806660861069257,5.977444836379069,5.806660861069257,5.849356651306152,7125,0.0,0.0
1991-12-05 00:00:00-05:00,6.105528617362174,6.148224376801416,5.934744358062744,5.934744358062744,3250,0.0,0.0
1991-12-06 00:00:00-05:00,6.062835693359375,6.062835693359375,6.062835693359375,6.062835693359375,3750,0.0,0.0
1991-12-09 00:00:00-05:00,6.148224376801416,6.148224376801416,5.934744358062744,5.934744358062744,1125,0.0,0.0
1991-12-10 00:00:00-05:00,5.892056991388531,5.892056991388531,5.806664943695068,5.806664943695068,1875,0.0,0.0
1991-12-11 00:00:00-05:00,6.233625589343782,6.233625589343782,5.806664943695068,5.806664943695068,4625,0.0,0.0
1991-12-12 00:00:00-05:00,5.977442058647748,6.319010257720947,5.806658162701612,6.319010257720947,1125,0.0,0.0
1991-12-13 00:00:00-05:00,6.148227665089302,6.148227665089302,6.062835693359375,6.062835693359375,10750,0.0,0.0
1991-12-16 00:00:00-05:00,5.977442058647748,6.319010257720947,5.977442058647748,6.319010257720947,3375,0.0,0.0
1991-12-17 00:00:00-05:00,5.977442058647748,6.319010257720947,5.977442058647748,6.319010257720947,1625,0.0,0.0
1991-12-18 00:00:00-05:00,5.977442820269341,6.148226737976074,5.977442820269341,6.148226737976074,26875,0.0,0.0
1991-12-19 00:00:00-05:00,5.977445125579834,6.0628371173661755,5.977445125579834,5.977445125579834,11125,0.0,0.0
1991-12-20 00:00:00-05:00,5.977445125579834,6.489797483479021,5.977445125579834,5.977445125579834,11000,0.0,0.0
1991-12-23 00:00:00-05:00,6.190928634007772,6.404408931732178,6.1482324115903495,6.404408931732178,6250,0.0,0.0
1991-12-24 00:00:00-05:00,6.404408931732178,6.404408931732178,6.404408931732178,6.404408931732178,875,0.0,0.0
1991-12-26 00:00:00-05:00,5.977442820269341,6.148226737976074,5.977442820269341,6.148226737976074,38625,0.0,0.0
1991-12-27 00:00:00-05:00,5.977444753844255,6.233621120452881,5.977444753844255,6.233621120452881,2500,0.0,0.0
1991-12-30 00:00:00-05:00,6.404401834442764,6.745970013715891,6.148225598192692,6.48979377746582,23125,0.0,0.0
1991-12-31 00:00:00-05:00,6.48979680104889,7.0021491050720215,6.48979680104889,7.0021491050720215,14375,0.0,0.0
1992-01-02 00:00:00-05:00,7.002150660935761,7.343719482421875,6.660582653812013,7.343719482421875,17500,0.0,0.0
1992-01-03 00:00:00-05:00,7.002147377051776,7.258323669433594,7.002147377051776,7.258323669433594,6500,0.0,0.0
1992-01-06 00:00:00-05:00,7.002147377051776,7.258323669433594,7.002147377051776,7.258323669433594,2125,0.0,0.0
1992-01-07 00:00:00-05:00,7.002150066270512,7.258326457038446,7.002150066270512,7.172934055328369,7500,0.0,0.0
1992-01-08 00:00:00-05:00,7.002147377051776,7.258323669433594,7.002147377051776,7.258323669433594,6375,0.0,0.0
1992-01-09 00:00:00-05:00,7.2583254606741345,7.343717850662233,7.0021491050720215,7.0021491050720215,17125,0.0,0.0
1992-01-10 00:00:00-05:00,7.258326457038446,7.51450284780638,7.002150066270512,7.172934055328369,58875,0.0,0.0
1992-01-13 00:00:00-05:00,7.002150660935761,7.343719482421875,7.002150660935761,7.343719482421875,500,0.0,0.0
1992-01-14 00:00:00-05:00,7.002144878200137,7.51449728012085,7.002144878200137,7.51449728012085,2250,0.0,0.0
1992-01-15 00:00:00-05:00,7.3437160383481945,7.3437160383481945,7.258323669433594,7.258323669433594,22125,0.0,0.0
1992-01-16 00:00:00-05:00,7.172932191687585,7.3437169507351685,7.08754062652588,7.087540626525879,2375,0.0,0.0
1992-01-17 00:00:00-05:00,7.0021491050720215,7.172933070686035,7.0021491050720215,7.0021491050720215,10000,0.0,0.0
1992-01-20 00:00:00-05:00,7.343719482421875,7.343719482421875,7.343719482421875,7.343719482421875,125,0.0,0.0
1992-01-21 00:00:00-05:00,7.002150660935761,7.343719482421875,7.002150660935761,7.343719482421875,34875,0.0,0.0
1992-01-22 00:00:00-05:00,7.343719482421875,7.514503485983749,7.343719482421875,7.343719482421875,375,0.0,0.0
1992-01-23 00:00:00-05:00,7.343719482421875,7.343719482421875,7.343719482421875,7.343719482421875,2875,0.0,0.0
1992-01-24 00:00:00-05:00,7.172934055328369,7.258326457038446,6.831366077212655,7.172934055328369,7250,0.0,0.0
1992-01-27 00:00:00-05:00,6.831365139458009,7.0021491050720215,6.660581173843996,7.0021491050720215,3750,0.0,0.0
1992-01-28 00:00:00-05:00,6.660581173843996,7.0021491050720215,6.660581173843996,7.0021491050720215,1250,0.0,0.0
1992-01-29 00:00:00-05:00,7.002148247002088,7.08754062652588,6.745972329973841,7.087540626525879,2250,0.0,0.0
1992-01-30 00:00:00-05:00,6.74597149185095,7.258323669433594,6.74597149185095,7.258323669433594,5625,0.0,0.0
1992-01-31 00:00:00-05:00,6.831363453584559,7.258323669433594,6.831363453584559,7.258323669433594,1875,0.0,0.0
1992-02-03 00:00:00-05:00,7.258326441049576,7.258326441049576,6.831366062164307,6.831366062164307,2875,0.0,0.0
1992-02-04 00:00:00-05:00,6.831366077212655,7.258326457038446,6.831366077212655,7.172934055328369,6875,0.0,0.0
1992-02-05 00:00:00-05:00,6.831363492423976,7.002147416862178,6.831363492423976,6.874059677124023,23625,0.0,0.0
1992-02-06 00:00:00-05:00,6.9167584636862784,6.9167584636862784,6.831366062164307,6.831366062164307,1625,0.0,0.0
1992-02-07 00:00:00-05:00,7.0021510908088755,7.044847297911123,6.831367076762302,6.916759490966797,19375,0.0,0.0
1992-02-10 00:00:00-05:00,7.0875437549237565,7.172935357776787,7.0875437549237565,7.130239963531494,4250,0.0,0.0
1992-02-11 00:00:00-05:00,7.002150050845955,7.258326441049576,6.831366062164307,6.831366062164307,36000,0.0,0.0
1992-02-12 00:00:00-05:00,7.002150066270512,7.172934055328369,7.002150066270512,7.172934055328369,2250,0.0,0.0
1992-02-13 00:00:00-05:00,7.215627484976293,7.258323669433594,6.91675582249916,7.258323669433594,6375,0.0,0.0
1992-02-14 00:00:00-05:00,7.2360606439505695,7.2788777351379395,6.9363426389751535,7.2788777351379395,5500,0.048,0.0
1992-02-18 00:00:00-05:00,7.0219760046818065,7.2788777351379395,7.0219760046818065,7.2788777351379395,5250,0.0,0.0
1992-02-19 00:00:00-05:00,7.2788777351379395,7.2788777351379395,7.1076101870565465,7.2788777351379395,24125,0.0,0.0
1992-02-20 00:00:00-05:00,7.278878650387294,7.364512843529715,7.193244457244873,7.193244457244873,2125,0.0,0.0
1992-02-21 00:00:00-05:00,7.450146220003945,7.450146220003945,7.107611080770643,7.193244457244873,5750,0.0,0.0
1992-02-24 00:00:00-05:00,7.278878751343905,7.278878751343905,7.107611179351806,7.107611179351807,12750,0.0,0.0
1992-02-25 00:00:00-05:00,7.278878255051091,7.3645124435424805,7.193244066559703,7.3645124435424805,18375,0.0,0.0
1992-02-26 00:00:00-05:00,7.450146220003945,7.450146220003945,7.193244457244873,7.193244457244873,12500,0.0,0.0
1992-02-27 00:00:00-05:00,7.278880026781807,7.535781838119539,7.278880026781807,7.45014762878418,3625,0.0,0.0
1992-02-28 00:00:00-05:00,7.278878255051091,7.707047564171743,7.278878255051091,7.3645124435424805,7625,0.0,0.0
1992-03-02 00:00:00-05:00,7.2788777351379395,7.535779465594072,7.2788777351379395,7.2788777351379395,5875,0.0,0.0
1992-03-03 00:00:00-05:00,7.492962374406702,7.492962374406702,7.193243552763199,7.2788777351379395,209500,0.0,0.0
1992-03-04 00:00:00-05:00,7.707047013675465,7.707047013675465,7.2788777351379395,7.2788777351379395,9875,0.0,0.0
1992-03-05 00:00:00-05:00,7.278878712744334,7.535780477704245,7.021976947784424,7.021976947784424,22000,0.0,0.0
1992-03-06 00:00:00-05:00,7.193239466389962,7.535775184631347,7.193239466389962,7.535775184631348,5125,0.0,0.0
1992-03-09 00:00:00-05:00,7.535775184631347,7.535775184631347,7.021972015603082,7.535775184631348,2125,0.0,0.0
1992-03-10 00:00:00-05:00,7.107611141660461,7.1932445188682985,7.021976947784424,7.021976947784424,4500,0.0,0.0
1992-03-11 00:00:00-05:00,7.021978965980736,7.193246586288865,6.850711345672607,6.850711345672607,14750,0.0,0.0
1992-03-12 00:00:00-05:00,6.679442838484251,7.021978033619515,6.679442838484251,6.765076637268066,11500,0.0,0.0
1992-03-13 00:00:00-05:00,6.765072337419076,7.193241059196078,6.765072337419076,6.979156494140625,4125,0.0,0.0
1992-03-16 00:00:00-05:00,6.765076637268066,7.193245631187147,6.765076637268066,6.765076637268066,4500,0.0,0.0
1992-03-17 00:00:00-05:00,6.7650755332032455,7.193244457244873,6.67944174839492,7.193244457244873,5625,0.0,0.0
1992-03-18 00:00:00-05:00,7.193244457244873,7.193244457244873,7.193244457244873,7.193244457244873,0,0.0,0.0
1992-03-19 00:00:00-05:00,6.936341717855462,6.936341717855462,6.679440021514893,6.679440021514893,2500,0.0,0.0
1992-03-20 00:00:00-05:00,6.850711345672607,6.850711345672607,6.850711345672607,6.850711345672607,125,0.0,0.0
1992-03-23 00:00:00-05:00,7.021975072190331,7.021975072190331,6.679440021514893,6.679440021514893,1375,0.0,0.0
1992-03-24 00:00:00-05:00,6.850707546852612,6.850707546852612,6.5081720878431835,6.679440021514893,10500,0.0,0.0
1992-03-25 00:00:00-05:00,6.679440021514893,6.679440021514893,6.465355410675748,6.679440021514893,3625,0.0,0.0
1992-03-26 00:00:00-05:00,6.251272627635245,6.294089317321777,6.251272627635245,6.294089317321777,5875,0.0,0.0
1992-03-27 00:00:00-05:00,6.465355410675748,6.679440021514893,6.465355410675748,6.679440021514893,3125,0.0,0.0
1992-03-30 00:00:00-05:00,6.679440021514893,6.679440021514893,6.679440021514893,6.679440021514893,250,0.0,0.0
1992-03-31 00:00:00-05:00,6.251270799836604,6.679440021514893,6.251270799836604,6.679440021514893,500,0.0,0.0
1992-04-01 00:00:00-05:00,6.251273436231008,6.765076637268066,6.251273436231008,6.765076637268066,44250,0.0,0.0
1992-04-02 00:00:00-05:00,6.336906337337003,6.593807697296143,6.336906337337003,6.593807697296143,56125,0.0,0.0
1992-04-03 00:00:00-05:00,6.593805820123422,6.593805820123422,6.251270771026611,6.251270771026611,16875,0.0,0.0
1992-04-06 00:00:00-04:00,6.251272550683956,6.593807697296143,6.251272550683956,6.593807697296143,21875,0.0,0.0
1992-04-07 00:00:00-04:00,6.251272550683956,6.593807697296143,6.251272550683956,6.593807697296143,168500,0.0,0.0
1992-04-08 00:00:00-04:00,6.593807697296143,6.593807697296143,6.251272550683956,6.593807697296143,1500,0.0,0.0
1992-04-09 00:00:00-04:00,6.251271704371416,6.336905479431152,6.080003745917897,6.336905479431152,13875,0.0,0.0
1992-04-10 00:00:00-04:00,6.251273209554711,6.251273209554711,5.99437141418457,5.99437141418457,12875,0.0,0.0
1992-04-13 00:00:00-04:00,5.99437141418457,5.99437141418457,5.99437141418457,5.99437141418457,0,0.0,0.0
1992-04-14 00:00:00-04:00,6.2512722081320495,6.2512722081320495,6.080004235876849,6.12282133102417,63875,0.0,0.0
1992-04-15 00:00:00-04:00,6.16563654625088,6.16563654625088,5.994369023207128,6.080002784729004,18750,0.0,0.0
1992-04-16 00:00:00-04:00,6.165637555563139,6.165637555563139,5.8231024534027815,5.908736228942871,42375,0.0,0.0
1992-04-20 00:00:00-04:00,6.165637509300304,6.165637509300304,5.737468226478504,5.951552867889404,17625,0.0,0.0
1992-04-21 00:00:00-04:00,5.73746466164671,6.165633678436279,5.73746466164671,6.165633678436279,22500,0.0,0.0
1992-04-22 00:00:00-04:00,6.165636600418421,6.251270771026611,5.82310155132161,6.251270771026611,5000,0.0,0.0
1992-04-23 00:00:00-04:00,5.8231024534027815,5.908736228942871,5.8231024534027815,5.908736228942871,10000,0.0,0.0
1992-04-24 00:00:00-04:00,6.251270771026611,6.251270771026611,6.251270771026611,6.251270771026611,750,0.0,0.0
1992-04-27 00:00:00-04:00,5.823103822827242,6.080005209863234,5.823103822827242,5.99437141418457,1625,0.0,0.0
1992-04-28 00:00:00-04:00,5.994372480213713,6.08000629112135,5.8231048583984375,5.8231048583984375,36000,0.0,0.0
1992-04-29 00:00:00-04:00,5.8231048583984375,5.8231048583984375,5.8231048583984375,5.8231048583984375,0,0.0,0.0
1992-04-30 00:00:00-04:00,5.99437141418457,5.99437141418457,5.73746961881443,5.99437141418457,4625,0.0,0.0
1992-05-01 00:00:00-04:00,6.080002272142708,6.080002272142708,5.7802839279174805,5.7802839279174805,2625,0.0,0.0
1992-05-04 00:00:00-04:00,5.651833568785638,6.080002784729004,5.651833568785638,6.080002784729004,11500,0.0,0.0
1992-05-05 00:00:00-04:00,5.951554312178164,6.080005209863234,5.951554312178164,5.99437141418457,30625,0.0,0.0
1992-05-06 00:00:00-04:00,5.994369023207128,6.080002784729004,5.737467330307514,6.080002784729004,21750,0.0,0.0
1992-05-07 00:00:00-04:00,5.823101009660378,6.336903943845953,5.823101009660378,5.865917682647705,13875,0.0,0.0
1992-05-08 00:00:00-04:00,5.908736228942871,5.908736228942871,5.908736228942871,5.908736228942871,250,0.0,0.0
1992-05-11 00:00:00-04:00,6.294087447996719,6.336904533300814,6.251270771026611,6.251270771026611,500,0.0,0.0
1992-05-12 00:00:00-04:00,6.336905514977368,6.336905514977368,5.908736228942871,5.908736228942871,1250,0.0,0.0
1992-05-13 00:00:00-04:00,5.9087353135958125,6.251270771026611,5.9087353135958125,6.251270771026611,34875,0.0,0.0
1992-05-14 00:00:00-04:00,6.080004676181457,6.208455562591553,6.080004676181457,6.208455562591553,9750,0.0,0.0
1992-05-15 00:00:00-04:00,6.079999956745125,6.165633678436279,6.079999956745125,6.165633678436279,500,0.0,0.0
1992-05-18 00:00:00-04:00,6.100338361389267,6.272179126739502,6.100338361389267,6.272179126739502,11875,0.048,0.0
1992-05-19 00:00:00-04:00,6.100337138582756,6.358098030090332,6.100337138582756,6.358098030090332,4625,0.0,0.0
1992-05-20 00:00:00-04:00,6.444018578113214,6.444018578113214,6.100337505340576,6.100337505340576,500,0.0,0.0
1992-05-21 00:00:00-04:00,6.100337505340576,6.100337505340576,6.100337505340576,6.100337505340576,2125,0.0,0.0
1992-05-22 00:00:00-04:00,6.100337505340576,6.444018578113214,6.100337505340576,6.100337505340576,5250,0.0,0.0
1992-05-26 00:00:00-04:00,6.1003399660550945,6.35810097703341,5.756658754650617,5.842579364776611,10875,0.0,0.0
1992-05-27 00:00:00-04:00,5.756656646728516,5.756656646728516,5.756656646728516,5.756656646728516,250,0.0,0.0
1992-05-28 00:00:00-04:00,5.7566564325679375,6.100337505340576,5.7566564325679375,6.100337505340576,500,0.0,0.0
1992-05-29 00:00:00-04:00,6.100337818494284,6.100337818494284,6.01441764831543,6.01441764831543,3000,0.0,0.0
1992-06-01 00:00:00-04:00,5.756656646728516,5.756656646728516,5.756656646728516,5.756656646728516,750,0.0,0.0
1992-06-02 00:00:00-04:00,5.756656646728516,6.143298021619038,5.756656646728516,5.756656646728516,390375,0.0,0.0
1992-06-03 00:00:00-04:00,5.756656646728516,6.014417563322197,5.756656646728516,5.756656646728516,6375,0.0,0.0
1992-06-04 00:00:00-04:00,6.014417563322197,6.014417563322197,5.756656646728516,5.756656646728516,875,0.0,0.0
1992-06-05 00:00:00-04:00,5.75665715469001,6.014418094028251,5.75665715469001,5.885537624359131,1375,0.0,0.0
1992-06-08 00:00:00-04:00,5.9714555740356445,5.9714555740356445,5.9714555740356445,5.9714555740356445,1750,0.0,0.0
1992-06-09 00:00:00-04:00,5.756655007923577,6.014415851137884,5.756655007923577,5.9714555740356445,3000,0.0,0.0
1992-06-10 00:00:00-04:00,5.756656646728516,5.756656646728516,5.756656646728516,5.756656646728516,125,0.0,0.0
1992-06-11 00:00:00-04:00,5.842577225392865,5.971457273990023,5.756656646728516,5.756656646728516,2250,0.0,0.0
1992-06-12 00:00:00-04:00,5.928493499755859,5.928493499755859,5.928493499755859,5.928493499755859,625,0.0,0.0
1992-06-15 00:00:00-04:00,5.756656646728516,5.756656646728516,5.756656646728516,5.756656646728516,2375,0.0,0.0
1992-06-16 00:00:00-04:00,5.756656646728516,5.756656646728516,5.756656646728516,5.756656646728516,24500,0.0,0.0
1992-06-17 00:00:00-04:00,5.75665647933243,6.0144173884307595,5.670736312866211,5.670736312866211,19625,0.0,0.0
1992-06-18 00:00:00-04:00,5.92849722196454,5.92849722196454,5.412975813467552,5.670736312866211,22625,0.0,0.0
1992-06-19 00:00:00-04:00,5.670734818718099,5.670734818718099,5.241133689880371,5.241133689880371,9000,0.0,0.0
1992-06-22 00:00:00-04:00,5.155214749849759,5.584815979003906,5.155214749849759,5.584815979003906,1375,0.0,0.0
1992-06-23 00:00:00-04:00,5.584815979003906,5.584815979003906,5.584815979003906,5.584815979003906,32625,0.0,0.0
1992-06-24 00:00:00-04:00,5.498895645141602,5.670735967611796,5.45593535967423,5.498895645141602,24875,0.0,0.0
1992-06-25 00:00:00-04:00,5.4988959799337715,5.670736312866211,5.3270552373016615,5.670736312866211,3625,0.0,0.0
1992-06-26 00:00:00-04:00,5.327054977416992,5.327054977416992,5.327054977416992,5.327054977416992,250,0.0,0.0
1992-06-29 00:00:00-04:00,5.584815806376699,5.670735967611796,5.498895645141602,5.498895645141602,2125,0.0,0.0
1992-06-30 00:00:00-04:00,5.327054912971762,5.584815806376699,5.327054912971762,5.498895645141602,3500,0.0,0.0
1992-07-01 00:00:00-04:00,5.670735967611796,5.670735967611796,5.498895645141602,5.498895645141602,5875,0.0,0.0
1992-07-02 00:00:00-04:00,5.41297565122211,5.756656306785701,5.41297565122211,5.584815979003906,3375,0.0,0.0
1992-07-06 00:00:00-04:00,5.412977695465088,5.412977695465088,5.412977695465088,5.412977695465088,875,0.0,0.0
1992-07-07 00:00:00-04:00,5.756656646728516,5.756656646728516,5.584816308799183,5.756656646728516,32375,0.0,0.0
1992-07-08 00:00:00-04:00,5.498895645141602,5.584815806376699,5.498895645141602,5.498895645141602,1250,0.0,0.0
1992-07-09 00:00:00-04:00,5.756656646728516,5.756656646728516,5.498896139834517,5.756656646728516,5500,0.0,0.0
1992-07-10 00:00:00-04:00,5.842577225392865,5.842577225392865,5.756656646728516,5.756656646728516,7875,0.0,0.0
1992-07-13 00:00:00-04:00,5.5848169601438,5.71369743347168,5.5848169601438,5.71369743347168,875,0.0,0.0
1992-07-14 00:00:00-04:00,5.584815979003906,5.584815979003906,5.584815979003906,5.584815979003906,750,0.0,0.0
1992-07-15 00:00:00-04:00,5.756656306785701,5.842576880376257,5.584815979003906,5.584815979003906,3500,0.0,0.0
1992-07-16 00:00:00-04:00,5.584818353798295,5.842579364776611,5.584818353798295,5.842579364776611,84375,0.0,0.0
1992-07-17 00:00:00-04:00,5.584816146399991,5.713696600949156,5.584816146399991,5.670736312866211,625,0.0,0.0
1992-07-20 00:00:00-04:00,5.584815979003906,5.584815979003906,5.584815979003906,5.584815979003906,875,0.0,0.0
1992-07-21 00:00:00-04:00,5.584818353798295,5.842579364776611,5.584818353798295,5.842579364776611,2875,0.0,0.0
1992-07-22 00:00:00-04:00,5.756657647447797,5.8425782410483125,5.584817279646275,5.627777576446533,27375,0.0,0.0
1992-07-23 00:00:00-04:00,5.584815979003906,5.584815979003906,5.584815979003906,5.584815979003906,2000,0.0,0.0
1992-07-24 00:00:00-04:00,5.584815979003906,5.584815979003906,5.584815979003906,5.584815979003906,0,0.0,0.0
1992-07-27 00:00:00-04:00,5.584815979003906,5.584815979003906,5.584815979003906,5.584815979003906,0,0.0,0.0
1992-07-28 00:00:00-04:00,5.584816308799183,5.756656646728516,5.584816308799183,5.756656646728516,2500,0.0,0.0
1992-07-29 00:00:00-04:00,5.584815979003906,5.584815979003906,5.584815979003906,5.584815979003906,1625,0.0,0.0
1992-07-30 00:00:00-04:00,5.670736477763849,5.756656646728516,5.670736477763849,5.756656646728516,3000,0.0,0.0
1992-07-31 00:00:00-04:00,5.584817279646275,5.670737463547036,5.584817279646275,5.627777576446533,7000,0.0,0.0
1992-08-03 00:00:00-04:00,5.670736142894803,5.756656306785701,5.584815979003906,5.584815979003906,7250,0.0,0.0
1992-08-04 00:00:00-04:00,5.584816308799183,5.756656646728516,5.584816308799183,5.756656646728516,37875,0.0,0.0
1992-08-05 00:00:00-04:00,5.584815806376699,5.756656128846893,5.498895645141602,5.498895645141602,93000,0.0,0.0
1992-08-06 00:00:00-04:00,5.584816146399991,5.670736312866211,5.584816146399991,5.670736312866211,3375,0.0,0.0
1992-08-07 00:00:00-04:00,5.498895645141602,5.756656128846893,5.498895645141602,5.498895645141602,11625,0.0,0.0
1992-08-10 00:00:00-04:00,5.4988959799337715,5.670736312866211,5.4988959799337715,5.670736312866211,1375,0.0,0.0
1992-08-11 00:00:00-04:00,5.756656646728516,5.756656646728516,5.756656646728516,5.756656646728516,125,0.0,0.0
1992-08-12 00:00:00-04:00,5.756656646728516,5.756656646728516,5.756656646728516,5.756656646728516,0,0.0,0.0
1992-08-13 00:00:00-04:00,5.498895645141602,5.498895645141602,5.498895645141602,5.498895645141602,125,0.0,0.0
1992-08-14 00:00:00-04:00,5.584815806376699,5.670735967611796,5.498895645141602,5.498895645141602,3375,0.0,0.0
1992-08-17 00:00:00-04:00,5.519593890994519,5.778324604034424,5.519593890994519,5.778324604034424,2750,0.048,0.0
1992-08-18 00:00:00-04:00,5.519594669342041,5.519594669342041,5.519594669342041,5.519594669342041,375,0.0,0.0
1992-08-19 00:00:00-04:00,5.519594669342041,5.519594669342041,5.519594669342041,5.519594669342041,0,0.0,0.0
1992-08-20 00:00:00-04:00,5.778324604034424,5.778324604034424,5.778324604034424,5.778324604034424,125,0.0,0.0
1992-08-21 00:00:00-04:00,5.5195942454094205,5.64895981585687,5.5195942454094205,5.605837821960449,15500,0.0,0.0
1992-08-24 00:00:00-04:00,5.519594669342041,5.7783254188669515,5.519594669342041,5.519594669342041,14000,0.0,0.0
1992-08-25 00:00:00-04:00,5.5195987295160505,5.6489644050598145,5.5195987295160505,5.6489644050598145,1875,0.0,0.0
1992-08-26 00:00:00-04:00,5.6489644050598145,5.6489644050598145,5.6489644050598145,5.6489644050598145,0,0.0,0.0
1992-08-27 00:00:00-04:00,5.519593890994519,5.778324604034424,5.519593890994519,5.778324604034424,3750,0.0,0.0
1992-08-28 00:00:00-04:00,5.51959383432323,5.692080974578857,5.51959383432323,5.692080974578857,1000,0.0,0.0
1992-08-31 00:00:00-04:00,5.519594669342041,5.519594669342041,5.519594669342041,5.519594669342041,1750,0.0,0.0
1992-09-01 00:00:00-04:00,5.605838252517011,5.605838252517011,5.519594669342041,5.519594669342041,11250,0.0,0.0
1992-09-02 00:00:00-04:00,5.519594669342041,5.519594669342041,5.519594669342041,5.519594669342041,0,0.0,0.0
1992-09-03 00:00:00-04:00,5.864569413283764,5.864569413283764,5.519594669342041,5.519594669342041,1625,0.0,0.0
1992-09-04 00:00:00-04:00,5.519598046826992,5.864573001861572,5.519598046826992,5.864573001861572,3875,0.0,0.0
1992-09-08 00:00:00-04:00,5.864573001861572,5.864573001861572,5.864573001861572,5.864573001861572,1125,0.0,0.0
1992-09-09 00:00:00-04:00,5.864573001861572,5.864573001861572,5.864573001861572,5.864573001861572,375,0.0,0.0
1992-09-10 00:00:00-04:00,5.864573001861572,5.864573001861572,5.692085318723235,5.864573001861572,3875,0.0,0.0
1992-09-11 00:00:00-04:00,5.692085318723235,5.864573001861572,5.519598046826992,5.864573001861572,1625,0.0,0.0
1992-09-14 00:00:00-04:00,5.864573001861572,5.864573001861572,5.864573001861572,5.864573001861572,250,0.0,0.0
1992-09-15 00:00:00-04:00,5.7783254188669515,5.7783254188669515,5.519594669342041,5.519594669342041,1875,0.0,0.0
1992-09-16 00:00:00-04:00,5.778324847849059,5.778324847849059,5.519594123892091,5.735203266143799,9250,0.0,0.0
1992-09-17 00:00:00-04:00,5.735208051674942,5.735208051674942,5.605842376131178,5.6489644050598145,23625,0.0,0.0
1992-09-18 00:00:00-04:00,5.6489644050598145,5.6489644050598145,5.6489644050598145,5.6489644050598145,0,0.0,0.0
1992-09-21 00:00:00-04:00,5.605841682775114,5.864573001861572,5.605841682775114,5.864573001861572,25750,0.0,0.0
1992-09-22 00:00:00-04:00,5.864573001861572,5.864573001861572,5.864573001861572,5.864573001861572,0,0.0,0.0
1992-09-23 00:00:00-04:00,5.864568962855349,5.864568962855349,5.605837821960449,5.605837821960449,875,0.0,0.0
1992-09-24 00:00:00-04:00,5.605837821960449,5.605837821960449,5.605837821960449,5.605837821960449,0,0.0,0.0
1992-09-25 00:00:00-04:00,5.864573001861572,5.864573001861572,5.864573001861572,5.864573001861572,1750,0.0,0.0
1992-09-28 00:00:00-04:00,5.692080751462015,5.993933440698303,5.692080751462015,5.950811862945557,7875,0.0,0.0
1992-09-29 00:00:00-04:00,6.0370588302612305,6.0370588302612305,5.864571599607708,6.0370588302612305,1125,0.0,0.0
1992-09-30 00:00:00-04:00,6.037057562081911,6.295788764953613,6.037057562081911,6.295788764953613,4500,0.0,0.0
1992-10-01 00:00:00-04:00,6.468275156102247,6.6407623291015625,6.468275156102247,6.6407623291015625,1375,0.0,0.0
1992-10-02 00:00:00-04:00,6.382031992065921,6.640762768691771,6.2957883998573045,6.554519176483154,79250,0.0,0.0
1992-10-05 00:00:00-04:00,6.554519556583406,6.554519556583406,6.295788764953613,6.295788764953613,8750,0.0,0.0
1992-10-06 00:00:00-04:00,6.382032751687508,6.382032751687508,6.209545135498047,6.209545135498047,2500,0.0,0.0
1992-10-07 00:00:00-04:00,6.382034778594971,6.382034778594971,6.382034778594971,6.382034778594971,250,0.0,0.0
1992-10-08 00:00:00-04:00,6.209544039508596,6.33890962600708,6.209544039508596,6.33890962600708,1125,0.0,0.0
1992-10-09 00:00:00-04:00,6.209545135498047,6.382032751687508,6.209545135498047,6.209545135498047,875,0.0,0.0
1992-10-12 00:00:00-04:00,6.382034778594971,6.382034778594971,6.382034778594971,6.382034778594971,2500,0.0,0.0
1992-10-13 00:00:00-04:00,6.123301533024284,6.209545135498047,6.123301533024284,6.209545135498047,1000,0.0,0.0
1992-10-14 00:00:00-04:00,6.29578765066426,6.29578765066426,6.123300075531006,6.123300075531006,500,0.0,0.0
1992-10-15 00:00:00-04:00,6.382032751687508,6.382032751687508,6.209545135498047,6.209545135498047,6125,0.0,0.0
1992-10-16 00:00:00-04:00,6.338909236016195,6.338909236016195,6.123300075531006,6.123300075531006,4375,0.0,0.0
1992-10-19 00:00:00-04:00,6.123300075531006,6.123300075531006,6.123300075531006,6.123300075531006,0,0.0,0.0
1992-10-20 00:00:00-04:00,6.123300075531006,6.123300075531006,6.123300075531006,6.123300075531006,500,0.0,0.0
1992-10-21 00:00:00-04:00,6.12330212315525,6.4682769775390625,6.12330212315525,6.4682769775390625,375,0.0,0.0
1992-10-22 00:00:00-04:00,6.123300075531006,6.123300075531006,6.123300075531006,6.123300075531006,125,0.0,0.0
1992-10-23 00:00:00-04:00,6.123300075531006,6.123300075531006,6.123300075531006,6.123300075531006,250,0.0,0.0
1992-10-26 00:00:00-05:00,6.12330212315525,6.4682769775390625,6.12330212315525,6.4682769775390625,250,0.0,0.0
1992-10-27 00:00:00-05:00,6.4682769775390625,6.4682769775390625,6.4682769775390625,6.4682769775390625,1250,0.0,0.0
1992-10-28 00:00:00-05:00,6.4682769775390625,6.4682769775390625,6.4682769775390625,6.4682769775390625,0,0.0,0.0
1992-10-29 00:00:00-05:00,6.382031232609968,6.382031232609968,6.123300075531006,6.123300075531006,4625,0.0,0.0
1992-10-30 00:00:00-05:00,6.123300075531006,6.123300075531006,6.123300075531006,6.123300075531006,125,0.0,0.0
1992-11-02 00:00:00-05:00,6.382034778594971,6.382034778594971,6.382034778594971,6.382034778594971,3000,0.0,0.0
1992-11-03 00:00:00-05:00,6.123300075531006,6.123300075531006,6.123300075531006,6.123300075531006,375,0.0,0.0
1992-11-04 00:00:00-05:00,6.295788764953613,6.295788764953613,6.295788764953613,6.295788764953613,250,0.0,0.0
1992-11-05 00:00:00-05:00,6.382034778594971,6.382034778594971,6.382034778594971,6.382034778594971,1750,0.0,0.0
1992-11-06 00:00:00-05:00,6.295791148730593,6.382034778594971,6.209547107624148,6.382034778594971,11000,0.0,0.0
1992-11-09 00:00:00-05:00,6.489322455171817,6.5758466720581055,6.489322455171817,6.5758466720581055,2750,0.048,0.0
1992-11-10 00:00:00-05:00,6.5758466720581055,6.5758466720581055,6.5758466720581055,6.5758466720581055,6875,0.0,0.0
1992-11-11 00:00:00-05:00,6.662369251251221,6.748893859448696,6.402796664398522,6.662369251251221,4000,0.0,0.0
1992-11-12 00:00:00-05:00,6.748896211388967,7.0949931144714355,6.489323121497064,7.0949931144714355,24625,0.0,0.0
1992-11-13 00:00:00-05:00,7.094990514024484,7.094990514024484,6.748893737792969,6.748893737792969,10250,0.0,0.0
1992-11-16 00:00:00-05:00,7.094990514024484,7.094990514024484,6.748893737792969,6.748893737792969,10500,0.0,0.0
1992-11-17 00:00:00-05:00,6.748893737792969,7.094990514024484,6.748893737792969,6.748893737792969,6750,0.0,0.0
1992-11-18 00:00:00-05:00,6.748898468232846,6.748898468232846,6.402801036834717,6.402801036834717,11875,0.0,0.0
1992-11-19 00:00:00-05:00,6.575845055633655,6.662369251251221,6.575845055633655,6.662369251251221,8875,0.0,0.0
1992-11-20 00:00:00-05:00,6.5758466720581055,6.619108986791256,6.402798238285528,6.5758466720581055,9125,0.0,0.0
1992-11-23 00:00:00-05:00,6.5758466720581055,6.5758466720581055,6.5758466720581055,6.5758466720581055,0,0.0,0.0
1992-11-24 00:00:00-05:00,6.489321291446686,6.921942710876465,6.489321291446686,6.921942710876465,1500,0.0,0.0
1992-11-25 00:00:00-05:00,6.8354180550662615,6.8354180550662615,6.662369251251221,6.662369251251221,625,0.0,0.0
1992-11-27 00:00:00-05:00,6.662369251251221,6.662369251251221,6.662369251251221,6.662369251251221,0,0.0,0.0
1992-11-30 00:00:00-05:00,6.921944671946054,6.921944671946054,6.489323129949426,6.792158126831055,7125,0.0,0.0
1992-12-01 00:00:00-05:00,6.921944173177083,6.921944173177083,6.489322662353516,6.489322662353516,9375,0.0,0.0
1992-12-02 00:00:00-05:00,6.835418509506496,6.921942710876465,6.835418509506496,6.921942710876465,6375,0.0,0.0
1992-12-03 00:00:00-05:00,6.9219429049679855,6.9219429049679855,6.835418701171875,6.835418701171875,5375,0.0,0.0
1992-12-04 00:00:00-05:00,6.489321473407486,6.9219429049679855,6.489321473407486,6.835418701171875,6000,0.0,0.0
1992-12-07 00:00:00-05:00,6.921942710876465,6.921942710876465,6.921942710876465,6.921942710876465,250,0.0,0.0
1992-12-08 00:00:00-05:00,6.489320743039431,6.792155628531957,6.489320743039431,6.748893737792969,19625,0.0,0.0
1992-12-09 00:00:00-05:00,6.748893737792969,6.748893737792969,6.748893737792969,6.748893737792969,0,0.0,0.0
1992-12-10 00:00:00-05:00,6.878681182861328,6.878681182861328,6.878681182861328,6.878681182861328,250,0.0,0.0
1992-12-11 00:00:00-05:00,6.878681182861328,6.878681182861328,6.878681182861328,6.878681182861328,0,0.0,0.0
1992-12-14 00:00:00-05:00,6.921942710876465,6.921942710876465,6.662369694186623,6.921942710876465,11375,0.0,0.0
1992-12-15 00:00:00-05:00,6.9219429049679855,6.9219429049679855,6.5758456772035965,6.835418701171875,4750,0.0,0.0
1992-12-16 00:00:00-05:00,6.5758466720581055,6.5758466720581055,6.5758466720581055,6.5758466720581055,5500,0.0,0.0
1992-12-17 00:00:00-05:00,6.619107359732392,6.662369251251221,6.619107359732392,6.662369251251221,12000,0.0,0.0
1992-12-18 00:00:00-05:00,6.835416777895408,6.835416777895408,6.705630302429199,6.705630302429199,1000,0.0,0.0
1992-12-21 00:00:00-05:00,6.5758466720581055,6.835419735296982,6.5758466720581055,6.5758466720581055,6750,0.0,0.0
1992-12-22 00:00:00-05:00,6.5758466720581055,6.748895518410694,6.5758466720581055,6.5758466720581055,4125,0.0,0.0
1992-12-23 00:00:00-05:00,6.792157420563833,6.9219439521832715,6.5758466720581055,6.5758466720581055,15750,0.0,0.0
1992-12-24 00:00:00-05:00,6.575847347267681,7.0949931144714355,6.575847347267681,7.0949931144714355,12125,0.0,0.0
1992-12-28 00:00:00-05:00,7.094991761660425,7.35456480205921,7.094991761660425,7.268040180206299,13125,0.0,0.0
1992-12-29 00:00:00-05:00,7.441092014312744,7.441092014312744,7.441092014312744,7.441092014312744,250,0.0,0.0
1992-12-30 00:00:00-05:00,7.224778694439792,7.268040180206299,7.224778694439792,7.268040180206299,10000,0.0,0.0
1992-12-31 00:00:00-05:00,7.094991761660425,7.441089423912121,7.094991761660425,7.268040180206299,1250,0.0,0.0
1993-01-04 00:00:00-05:00,7.35456480205921,7.35456480205921,7.268040180206299,7.268040180206299,12500,0.0,0.0
1993-01-05 00:00:00-05:00,7.0949931144714355,7.0949931144714355,7.0949931144714355,7.0949931144714355,125,0.0,0.0
1993-01-06 00:00:00-05:00,7.094992551140154,7.397827936162738,7.094992551140154,7.354565620422363,22750,0.0,0.0
1993-01-07 00:00:00-05:00,7.094991761660425,7.441089423912121,7.094991761660425,7.268040180206299,26000,0.0,0.0
1993-01-08 00:00:00-05:00,7.354565620422363,7.354565620422363,7.354565620422363,7.354565620422363,375,0.0,0.0
1993-01-11 00:00:00-05:00,7.094991761660425,7.268040180206299,7.094991761660425,7.268040180206299,1875,0.0,0.0
1993-01-12 00:00:00-05:00,7.268043025865543,7.527616167895085,7.268043025865543,7.397830009460449,9625,0.0,0.0
1993-01-13 00:00:00-05:00,7.268040180206299,7.527613220605084,7.268040180206299,7.268040180206299,7625,0.0,0.0
1993-01-14 00:00:00-05:00,7.268040180206299,7.268040180206299,7.268040180206299,7.268040180206299,625,0.0,0.0
1993-01-15 00:00:00-05:00,7.268040180206299,7.268040180206299,7.268040180206299,7.268040180206299,0,0.0,0.0
1993-01-18 00:00:00-05:00,7.527615070343018,7.527615070343018,7.527615070343018,7.527615070343018,1250,0.0,0.0
1993-01-19 00:00:00-05:00,7.268037505865106,7.311299800872803,7.268037505865106,7.311299800872803,6625,0.0,0.0
1993-01-20 00:00:00-05:00,7.311299800872803,7.311299800872803,7.311299800872803,7.311299800872803,0,0.0,0.0
1993-01-21 00:00:00-05:00,7.44109125238882,7.527615070343018,7.44109125238882,7.527615070343018,3125,0.0,0.0
1993-01-22 00:00:00-05:00,7.26804271036482,7.441092014312744,7.26804271036482,7.441092014312744,10750,0.0,0.0
1993-01-25 00:00:00-05:00,7.0949931144714355,7.0949931144714355,7.0949931144714355,7.0949931144714355,375,0.0,0.0
1993-01-26 00:00:00-05:00,7.4410923373254185,7.4410923373254185,7.181519195295876,7.397830009460449,10875,0.0,0.0
1993-01-27 00:00:00-05:00,7.311301303362179,7.311301303362179,7.181515216827393,7.181515216827393,2250,0.0,0.0
1993-01-28 00:00:00-05:00,7.311301303362179,7.311301303362179,7.181515216827393,7.181515216827393,875,0.0,0.0
1993-01-29 00:00:00-05:00,7.181515216827393,7.44108821505678,7.181515216827393,7.181515216827393,875,0.0,0.0
1993-02-01 00:00:00-05:00,7.4410923373254185,7.4410923373254185,7.181519195295876,7.397830009460449,22625,0.0,0.0
1993-02-02 00:00:00-05:00,7.181513503088112,7.787183137651289,7.181513503088112,7.614134788513184,21250,0.0,0.0
1993-02-03 00:00:00-05:00,7.873708959126979,7.960232734680177,7.873708959126979,7.960232734680176,8125,0.0,0.0
1993-02-04 00:00:00-05:00,7.787183575916473,7.873708167934966,7.70065898389798,7.743921279907227,10500,0.0,0.0
1993-02-05 00:00:00-05:00,7.87370772480015,7.87370772480015,7.570872494938754,7.614134788513184,4500,0.0,0.0
1993-02-08 00:00:00-05:00,7.614138983536481,7.8737120628356925,7.614138983536481,7.873712062835693,10125,0.0,0.0
1993-02-09 00:00:00-05:00,7.614138983536481,7.8737120628356925,7.527614348716719,7.873712062835693,12250,0.0,0.0
1993-02-10 00:00:00-05:00,7.527615070343018,7.87371281764026,7.527615070343018,7.527615070343018,7250,0.0,0.0
1993-02-11 00:00:00-05:00,7.527615070343018,7.614139713457366,7.527615070343018,7.527615070343018,2500,0.0,0.0
1993-02-12 00:00:00-05:00,7.461675643920899,7.461675643920899,7.461675643920899,7.461675643920898,2500,0.048,0.0
1993-02-16 00:00:00-05:00,7.548436164855957,7.548436164855957,7.505054181376969,7.548436164855957,10750,0.0,0.0
1993-02-17 00:00:00-05:00,7.635197639465332,7.635197639465332,7.374906651000399,7.635197639465332,11375,0.0,0.0
1993-02-18 00:00:00-05:00,7.895492195923199,7.895492195923199,7.635201089832056,7.808728218078613,17250,0.0,0.0
1993-02-19 00:00:00-05:00,7.921894268279357,8.008947549672268,7.747786045074463,7.747786045074463,44625,0.06,0.0
1993-02-22 00:00:00-05:00,8.09600341019325,8.09600341019325,7.921895979586778,8.008949279785156,25125,0.0,0.0
1993-02-23 00:00:00-05:00,7.8348428903632445,8.096004486083984,7.8348428903632445,8.096004486083984,26375,0.0,0.0
1993-02-24 00:00:00-05:00,7.747786045074463,7.747786045074463,7.747786045074463,7.747786045074463,1375,0.0,0.0
1993-02-25 00:00:00-05:00,7.747786045074463,7.747786045074463,7.747786045074463,7.747786045074463,0,0.0,0.0
1993-02-26 00:00:00-05:00,7.747786045074463,7.747786045074463,7.747786045074463,7.747786045074463,125,0.0,0.0
1993-03-01 00:00:00-05:00,7.747787537711337,7.791314601898193,7.747787537711337,7.791314601898193,3750,0.0,0.0
1993-03-02 00:00:00-05:00,8.008947549672268,8.008947549672268,7.747786045074463,7.747786045074463,1500,0.0,0.0
1993-03-03 00:00:00-05:00,7.834847329223603,7.834847329223603,7.225470480770493,7.31252384185791,14125,0.0,0.0
1993-03-04 00:00:00-05:00,7.486627987405511,7.6607354412547455,7.3125197033464495,7.530154228210449,9500,0.0,0.0
1993-03-05 00:00:00-05:00,7.530154228210449,7.530154228210449,7.530154228210449,7.530154228210449,0,0.0,0.0
1993-03-08 00:00:00-05:00,7.530154228210449,7.530154228210449,7.530154228210449,7.530154228210449,0,0.0,0.0
1993-03-09 00:00:00-05:00,7.399578094482422,7.399578094482422,7.399578094482422,7.399578094482422,1250,0.0,0.0
1993-03-10 00:00:00-05:00,7.399571702706343,7.834840626394952,7.399571702706343,7.660733222961426,36625,0.0,0.0
1993-03-11 00:00:00-05:00,7.660733222961426,7.660733222961426,7.660733222961426,7.660733222961426,0,0.0,0.0
1993-03-12 00:00:00-05:00,7.57367910613987,7.660733222961426,7.57367910613987,7.660733222961426,7250,0.0,0.0
1993-03-15 00:00:00-05:00,7.660733222961426,7.660733222961426,7.660733222961426,7.660733222961426,0,0.0,0.0
1993-03-16 00:00:00-05:00,7.399578094482422,7.399578094482422,7.399578094482422,7.399578094482422,375,0.0,0.0
1993-03-17 00:00:00-05:00,7.660732763681553,7.747786045074463,7.399571259083748,7.747786045074463,875,0.0,0.0
1993-03-18 00:00:00-05:00,7.399574879237584,7.747789835588317,7.399574879237584,7.617209434509277,6375,0.0,0.0
1993-03-19 00:00:00-05:00,7.399571702706343,7.660733222961426,7.399571702706343,7.660733222961426,2375,0.0,0.0
1993-03-22 00:00:00-05:00,7.399578094482422,7.399578094482422,7.399578094482422,7.399578094482422,250,0.0,0.0
1993-03-23 00:00:00-05:00,7.399571702706343,7.660733222961426,7.399571702706343,7.660733222961426,250,0.0,0.0
1993-03-24 00:00:00-05:00,7.39957384537598,7.530154228210449,7.39957384537598,7.530154228210449,2000,0.0,0.0
1993-03-25 00:00:00-05:00,7.660735979505907,7.660735979505907,7.486628513423704,7.573681831359863,18750,0.0,0.0
1993-03-26 00:00:00-05:00,7.573681831359863,7.573681831359863,7.573681831359863,7.573681831359863,0,0.0,0.0
1993-03-29 00:00:00-05:00,7.573681831359863,7.573681831359863,7.573681831359863,7.573681831359863,0,0.0,0.0
1993-03-30 00:00:00-05:00,7.573681831359863,7.573681831359863,7.573681831359863,7.573681831359863,0,0.0,0.0
1993-03-31 00:00:00-05:00,7.5736786520791055,7.747786045074463,7.5736786520791055,7.747786045074463,24250,0.0,0.0
1993-04-01 00:00:00-05:00,7.7042655266103255,7.7042655266103255,7.486630916595459,7.486630916595459,875,0.0,0.0
1993-04-02 00:00:00-05:00,7.8348428951039795,7.8348428951039795,7.486627987405511,7.530154228210449,9875,0.0,0.0
1993-04-05 00:00:00-04:00,7.486628513423704,7.791316371515088,7.486628513423704,7.573681831359863,85250,0.0,0.0
1993-04-06 00:00:00-04:00,7.4866258195279,7.660733222961426,7.4866258195279,7.660733222961426,1500,0.0,0.0
1993-04-07 00:00:00-04:00,7.747786045074463,7.747786045074463,7.747786045074463,7.747786045074463,12500,0.0,0.0
1993-04-08 00:00:00-04:00,7.747786045074463,7.747786045074463,7.747786045074463,7.747786045074463,500,0.0,0.0
1993-04-12 00:00:00-04:00,7.747786045074463,7.747786045074463,7.747786045074463,7.747786045074463,0,0.0,0.0
1993-04-13 00:00:00-04:00,7.486630916595459,7.486630916595459,7.486630916595459,7.486630916595459,500,0.0,0.0
1993-04-14 00:00:00-04:00,7.486630916595459,7.486630916595459,7.486630916595459,7.486630916595459,125,0.0,0.0
1993-04-15 00:00:00-04:00,7.486630916595459,7.747791784445177,7.486630916595459,7.486630916595459,375,0.0,0.0
1993-04-16 00:00:00-04:00,7.486630916595459,7.486630916595459,7.486630916595459,7.486630916595459,0,0.0,0.0
1993-04-19 00:00:00-04:00,7.486630916595459,7.486630916595459,7.486630916595459,7.486630916595459,0,0.0,0.0
1993-04-20 00:00:00-04:00,7.660738438565321,7.660738438565321,7.486630916595459,7.486630916595459,13625,0.0,0.0
1993-04-21 00:00:00-04:00,7.573682357412951,7.7913169126846435,7.573682357412951,7.617209434509277,4000,0.0,0.0
1993-04-22 00:00:00-04:00,7.5736842624753145,7.5736842624753145,7.486630916595459,7.486630916595459,1750,0.0,0.0
1993-04-23 00:00:00-04:00,7.834843445588111,7.834843445588111,7.573681831359863,7.573681831359863,5500,0.0,0.0
1993-04-26 00:00:00-04:00,7.573681831359863,7.573681831359863,7.573681831359863,7.573681831359863,625,0.0,0.0
1993-04-27 00:00:00-04:00,7.747786045074463,7.747786045074463,7.747786045074463,7.747786045074463,125,0.0,0.0
1993-04-28 00:00:00-04:00,7.747786045074463,7.747786045074463,7.747786045074463,7.747786045074463,0,0.0,0.0
1993-04-29 00:00:00-04:00,7.747786045074463,7.747786045074463,7.747786045074463,7.747786045074463,0,0.0,0.0
1993-04-30 00:00:00-04:00,7.747786045074463,7.747786045074463,7.747786045074463,7.747786045074463,0,0.0,0.0
1993-05-03 00:00:00-04:00,7.573681831359863,7.573681831359863,7.573681831359863,7.573681831359863,750,0.0,0.0
1993-05-04 00:00:00-04:00,7.791314601898193,7.791314601898193,7.791314601898193,7.791314601898193,375,0.0,0.0
1993-05-05 00:00:00-04:00,7.834843445588111,7.834843445588111,7.573681831359863,7.573681831359863,6625,0.0,0.0
1993-05-06 00:00:00-04:00,7.7477865095733955,7.7477865095733955,7.660733222961426,7.660733222961426,35125,0.0,0.0
1993-05-07 00:00:00-04:00,7.660732763681553,7.83484015667691,7.660732763681553,7.747786045074463,7750,0.0,0.0
1993-05-10 00:00:00-04:00,7.660734239547321,7.791314601898193,7.660734239547321,7.791314601898193,5625,0.0,0.0
1993-05-11 00:00:00-04:00,7.747787537711337,7.834841666085049,7.660734239547321,7.791314601898193,14125,0.0,0.0
1993-05-12 00:00:00-04:00,7.83484411239624,8.183059074196535,7.7477899568411885,7.83484411239624,29000,0.0,0.0
1993-05-13 00:00:00-04:00,7.747789978376105,8.139532849252728,7.747789978376105,7.965424537658691,5500,0.0,0.0
1993-05-14 00:00:00-04:00,8.183054942667624,8.183054942667624,7.747786045074463,7.747786045074463,1500,0.0,0.0
1993-05-17 00:00:00-04:00,7.772242546081543,7.772242546081543,7.772242546081543,7.772242546081543,0,0.056,0.0
1993-05-18 00:00:00-04:00,7.772239272424173,7.903232574462891,7.772239272424173,7.903232574462891,19125,0.0,0.0
1993-05-19 00:00:00-04:00,8.034229275369388,8.732858089060258,8.034229275369388,8.12155818939209,59750,0.0,0.0
1993-05-20 00:00:00-04:00,8.121558859764802,8.47087287902832,8.121558859764802,8.47087287902832,6625,0.0,0.0
1993-05-21 00:00:00-04:00,8.4708721798224,8.4708721798224,8.12155818939209,8.12155818939209,4750,0.0,0.0
1993-05-24 00:00:00-04:00,7.946897983551025,7.946897983551025,7.946897983551025,7.946897983551025,1000,0.0,0.0
1993-05-25 00:00:00-04:00,7.946897983551025,7.946897983551025,7.946897983551025,7.946897983551025,0,0.0,0.0
1993-05-26 00:00:00-04:00,7.946897983551025,8.383540711596028,7.946897983551025,7.946897983551025,12625,0.0,0.0
1993-05-27 00:00:00-04:00,7.946897983551025,7.946897983551025,7.946897983551025,7.946897983551025,0,0.0,0.0
1993-05-28 00:00:00-04:00,8.383545897482499,8.383545897482499,8.034230999269647,8.29621696472168,7000,0.0,0.0
1993-06-01 00:00:00-04:00,8.1652193069458,8.1652193069458,8.1652193069458,8.1652193069458,625,0.0,0.0
1993-06-02 00:00:00-04:00,8.034226353819207,8.208883285522461,8.034226353819207,8.208883285522461,13750,0.0,0.0
1993-06-03 00:00:00-04:00,8.034230999269647,8.29621696472168,8.034230999269647,8.29621696472168,30375,0.0,0.0
1993-06-04 00:00:00-04:00,8.29621696472168,8.29621696472168,8.29621696472168,8.29621696472168,250,0.0,0.0
1993-06-07 00:00:00-04:00,8.165219347573528,8.296211832855064,7.946897983551025,7.946897983551025,5750,0.0,0.0
1993-06-08 00:00:00-04:00,7.946897944009602,8.1652193069458,7.946897944009602,8.1652193069458,2375,0.0,0.0
1993-06-09 00:00:00-04:00,8.1652193069458,8.1652193069458,8.077890428639359,8.1652193069458,140500,0.0,0.0
1993-06-10 00:00:00-04:00,8.208882954114099,8.208882954114099,7.946897983551025,7.946897983551025,13125,0.0,0.0
1993-06-11 00:00:00-04:00,7.946897983551025,7.946897983551025,7.946897983551025,7.946897983551025,0,0.0,0.0
1993-06-14 00:00:00-04:00,8.296211832855064,8.296211832855064,7.946897983551025,7.946897983551025,4125,0.0,0.0
1993-06-15 00:00:00-04:00,7.946897944009602,8.1652193069458,7.946897944009602,8.1652193069458,1250,0.0,0.0
1993-06-16 00:00:00-04:00,8.03422737121582,8.03422737121582,8.03422737121582,8.03422737121582,625,0.0,0.0
1993-06-17 00:00:00-04:00,8.383545897482499,8.383545897482499,8.29621696472168,8.29621696472168,250,0.0,0.0
1993-06-18 00:00:00-04:00,7.946901194176934,8.12155818939209,7.946901194176934,8.12155818939209,1875,0.0,0.0
1993-06-21 00:00:00-04:00,8.121554908203045,8.121554908203045,7.946897983551025,7.946897983551025,1125,0.0,0.0
1993-06-22 00:00:00-04:00,7.946902899339253,8.33988143110209,7.946902899339253,8.29621696472168,4375,0.0,0.0
1993-06-23 00:00:00-04:00,8.034225989486139,8.1652193069458,8.034225989486139,8.1652193069458,8750,0.0,0.0
1993-06-24 00:00:00-04:00,8.034226905660034,8.29621273762471,8.034226905660034,8.07789134979248,7000,0.0,0.0
1993-06-25 00:00:00-04:00,8.29621696472168,8.29621696472168,8.29621696472168,8.29621696472168,250,0.0,0.0
1993-06-28 00:00:00-04:00,8.03422737121582,8.03422737121582,8.03422737121582,8.03422737121582,250,0.0,0.0
1993-06-29 00:00:00-04:00,8.47087287902832,8.47087287902832,8.47087287902832,8.47087287902832,250,0.0,0.0
1993-06-30 00:00:00-04:00,8.427207946777344,8.427207946777344,8.427207946777344,8.427207946777344,125,0.0,0.0
1993-07-01 00:00:00-04:00,8.03422737121582,8.03422737121582,8.03422737121582,8.03422737121582,1500,0.0,0.0
1993-07-02 00:00:00-04:00,8.165224398410876,8.29621696472168,8.165224398410876,8.29621696472168,1875,0.0,0.0
1993-07-06 00:00:00-04:00,8.034226854452085,8.383541572455215,8.034226854452085,8.339877128601074,18625,0.0,0.0
1993-07-07 00:00:00-04:00,8.383542111686973,8.383542111686973,8.03422737121582,8.03422737121582,375,0.0,0.0
1993-07-08 00:00:00-04:00,8.296213218361672,8.296213218361672,8.03422737121582,8.03422737121582,750,0.0,0.0
1993-07-09 00:00:00-04:00,8.03422737121582,8.03422737121582,8.03422737121582,8.03422737121582,375,0.0,0.0
1993-07-12 00:00:00-04:00,8.29621586939656,8.47087287902832,8.29621586939656,8.47087287902832,2125,0.0,0.0
1993-07-13 00:00:00-04:00,8.034227242909136,8.558198928833008,8.034227242909136,8.558198928833008,3125,0.0,0.0
1993-07-14 00:00:00-04:00,8.558198928833008,8.558198928833008,8.558198928833008,8.558198928833008,0,0.0,0.0
1993-07-15 00:00:00-04:00,8.296213218361672,8.296213218361672,8.03422737121582,8.03422737121582,1125,0.0,0.0
1993-07-16 00:00:00-04:00,8.03422737121582,8.165220711203771,8.03422737121582,8.03422737121582,16000,0.0,0.0
1993-07-19 00:00:00-04:00,8.208886270584545,8.208886270584545,8.12155818939209,8.12155818939209,5875,0.0,0.0
1993-07-20 00:00:00-04:00,8.12155818939209,8.12155818939209,8.12155818939209,8.12155818939209,250,0.0,0.0
1993-07-21 00:00:00-04:00,8.12155818939209,8.12155818939209,8.12155818939209,8.12155818939209,3125,0.0,0.0
1993-07-22 00:00:00-04:00,8.12155818939209,8.339879641618596,8.12155818939209,8.12155818939209,14250,0.0,0.0
1993-07-23 00:00:00-04:00,8.12155818939209,8.12155818939209,8.12155818939209,8.12155818939209,3875,0.0,0.0
1993-07-26 00:00:00-04:00,8.12155818939209,8.12155818939209,8.12155818939209,8.12155818939209,0,0.0,0.0
1993-07-27 00:00:00-04:00,8.12155818939209,8.12155818939209,8.12155818939209,8.12155818939209,0,0.0,0.0
1993-07-28 00:00:00-04:00,8.12155818939209,8.12155818939209,8.12155818939209,8.12155818939209,0,0.0,0.0
1993-07-29 00:00:00-04:00,8.12155818939209,8.12155818939209,8.12155818939209,8.12155818939209,0,0.0,0.0
1993-07-30 00:00:00-04:00,8.121557596481319,8.296214578945717,8.121557596481319,8.25255012512207,26750,0.0,0.0
1993-08-02 00:00:00-04:00,8.558197981758914,8.558197981758914,8.208883285522461,8.208883285522461,3125,0.0,0.0
1993-08-03 00:00:00-04:00,8.55819706652852,8.645525106626142,8.208882407648462,8.383540153503418,26375,0.0,0.0
1993-08-04 00:00:00-04:00,8.645528793334961,8.645528793334961,8.296214818326963,8.645528793334961,625,0.0,0.0
1993-08-05 00:00:00-04:00,8.47087287902832,8.558201800259358,8.47087287902832,8.47087287902832,2625,0.0,0.0
1993-08-06 00:00:00-04:00,8.645531030104106,8.645531030104106,8.29621696472168,8.29621696472168,17125,0.0,0.0
1993-08-09 00:00:00-04:00,8.645528793334961,8.645528793334961,8.645528793334961,8.645528793334961,125,0.0,0.0
1993-08-10 00:00:00-04:00,8.645528793334961,8.645528793334961,8.645528793334961,8.645528793334961,1250,0.0,0.0
1993-08-11 00:00:00-04:00,8.645531030104106,8.645531030104106,8.29621696472168,8.29621696472168,7625,0.0,0.0
1993-08-12 00:00:00-04:00,8.558201800259358,8.558201800259358,8.208886948165523,8.47087287902832,70750,0.0,0.0
1993-08-13 00:00:00-04:00,8.47087287902832,8.47087287902832,8.252551408781041,8.47087287902832,67375,0.0,0.0
1993-08-16 00:00:00-04:00,8.495391845703125,8.495391845703125,8.320229290838917,8.495391845703125,22500,0.056,0.0
1993-08-17 00:00:00-04:00,8.40781372923051,8.582976341247559,8.232650281972244,8.582976341247559,56000,0.0,0.0
1993-08-18 00:00:00-04:00,8.40781021118164,8.40781021118164,8.40781021118164,8.40781021118164,125,0.0,0.0
1993-08-19 00:00:00-04:00,8.276440578857594,8.49539403774399,8.276440578857594,8.320231437683105,48625,0.0,0.0
1993-08-20 00:00:00-04:00,8.495391845703125,8.495391845703125,8.23264759578634,8.495391845703125,84375,0.0,0.0
1993-08-23 00:00:00-04:00,8.495391845703125,8.495391845703125,8.495391845703125,8.495391845703125,1125,0.0,0.0
1993-08-24 00:00:00-04:00,8.27644114378681,8.582976341247559,8.232650281972244,8.582976341247559,15375,0.0,0.0
1993-08-25 00:00:00-04:00,8.582976341247559,8.582976341247559,8.582976341247559,8.582976341247559,125,0.0,0.0
1993-08-26 00:00:00-04:00,8.58297783057451,8.58297783057451,8.232651710510254,8.232651710510254,875,0.0,0.0
1993-08-27 00:00:00-04:00,8.23264759578634,8.582973540755702,8.23264759578634,8.495391845703125,5125,0.0,0.0
1993-08-30 00:00:00-04:00,8.495391845703125,8.495391845703125,8.495391845703125,8.495391845703125,250,0.0,0.0
1993-08-31 00:00:00-04:00,8.14507007598877,8.495395329373567,8.14507007598877,8.14507007598877,1875,0.0,0.0
1993-09-01 00:00:00-04:00,8.145065985474552,8.495391062923424,8.145065985474552,8.40781021118164,9875,0.0,0.0
1993-09-02 00:00:00-04:00,8.14507007598877,8.14507007598877,8.14507007598877,8.14507007598877,250,0.0,0.0
1993-09-03 00:00:00-04:00,8.407809488267812,8.407809488267812,8.18885612487793,8.18885612487793,1125,0.0,0.0
1993-09-07 00:00:00-04:00,8.0574842984919,8.40781021118164,8.0574842984919,8.40781021118164,500,0.0,0.0
1993-09-08 00:00:00-04:00,8.407815188163063,8.407815188163063,8.057489068098807,8.232651710510254,12875,0.0,0.0
1993-09-09 00:00:00-04:00,8.145067281361309,8.232648147037278,7.969904714768366,8.057485580444336,80375,0.0,0.0
1993-09-10 00:00:00-04:00,8.407811548871221,8.407811548871221,8.057485580444336,8.057485580444336,2000,0.0,0.0
1993-09-13 00:00:00-04:00,8.23264759578634,8.495391845703125,8.188857583500996,8.495391845703125,25500,0.0,0.0
1993-09-14 00:00:00-04:00,8.23264932934851,8.626766204833984,8.23264932934851,8.626766204833984,35250,0.0,0.0
1993-09-15 00:00:00-04:00,8.320232005601376,8.758138953264607,8.320232005601376,8.582976341247559,42875,0.0,0.0
1993-09-16 00:00:00-04:00,8.40781021118164,8.40781021118164,8.40781021118164,8.40781021118164,500,0.0,0.0
1993-09-17 00:00:00-04:00,8.758138656616211,8.758138656616211,8.758138656616211,8.758138656616211,125,0.0,0.0
1993-09-20 00:00:00-04:00,8.670553601647862,8.670553601647862,8.40781021118164,8.40781021118164,6500,0.0,0.0
1993-09-21 00:00:00-04:00,8.407815188163063,8.407815188163063,8.232651710510254,8.232651710510254,5000,0.0,0.0
1993-09-22 00:00:00-04:00,8.232651710510254,8.232651710510254,8.232651710510254,8.232651710510254,1125,0.0,0.0
1993-09-23 00:00:00-04:00,8.232651710510254,8.232651710510254,8.232651710510254,8.232651710510254,2125,0.0,0.0
1993-09-24 00:00:00-04:00,8.145067281361309,8.145067281361309,8.057485580444336,8.057485580444336,8125,0.0,0.0
1993-09-27 00:00:00-04:00,8.145067281361309,8.145067281361309,8.057485580444336,8.057485580444336,625,0.0,0.0
1993-09-28 00:00:00-04:00,8.057486105731464,8.232648683743681,7.707160949707031,7.707160949707031,54375,0.0,0.0
1993-09-29 00:00:00-04:00,8.05748383617481,8.05748383617481,7.531996250152588,7.531996250152588,750,0.0,0.0
1993-09-30 00:00:00-04:00,7.882321307500737,7.882321307500737,7.531996250152588,7.531996250152588,21625,0.0,0.0
1993-10-01 00:00:00-04:00,7.532001605063937,7.532001605063937,7.444419860839844,7.444419860839844,10500,0.0,0.0
1993-10-04 00:00:00-04:00,7.707161583086798,7.707161583086798,7.269254684448242,7.269254684448242,29375,0.0,0.0
1993-10-05 00:00:00-04:00,7.269257316029704,7.532001717378523,7.269257316029704,7.356838226318359,51625,0.0,0.0
1993-10-06 00:00:00-04:00,7.356838226318359,7.356838226318359,7.356838226318359,7.356838226318359,625,0.0,0.0
1993-10-07 00:00:00-04:00,7.356838226318359,7.356838226318359,7.356838226318359,7.356838226318359,5375,0.0,0.0
1993-10-08 00:00:00-04:00,7.532001717378523,7.532001717378523,7.094094660210967,7.356838226318359,13250,0.0,0.0
1993-10-11 00:00:00-04:00,7.0940935772476745,7.356837103245419,6.918930530548096,6.918930530548096,13500,0.0,0.0
1993-10-12 00:00:00-04:00,6.918929433900246,7.225464195013046,6.918929433900246,7.0065107345581055,39000,0.0,0.0
1993-10-13 00:00:00-04:00,7.0065102190643165,7.137881951575331,7.0065102190643165,7.0503010749816895,26500,0.0,0.0
1993-10-14 00:00:00-04:00,7.094092170376621,7.181673049926758,7.094092170376621,7.181673049926758,4125,0.0,0.0
1993-10-15 00:00:00-04:00,7.356835937189544,7.619580256783706,7.0065107345581055,7.0065107345581055,79375,0.0,0.0
1993-10-18 00:00:00-04:00,7.006510378216884,7.356835563031279,7.006510378216884,7.269254684448242,40500,0.0,0.0
1993-10-19 00:00:00-04:00,7.181675570499622,7.356838226318359,7.181675570499622,7.356838226318359,8625,0.0,0.0
1993-10-20 00:00:00-04:00,7.444417359059435,7.444417359059435,7.181673049926758,7.181673049926758,1125,0.0,0.0
1993-10-21 00:00:00-04:00,7.225461959838867,7.225461959838867,7.225461959838867,7.225461959838867,5000,0.0,0.0
1993-10-22 00:00:00-04:00,7.356835644268164,7.356835644268164,7.181673049926758,7.181673049926758,3000,0.0,0.0
1993-10-25 00:00:00-04:00,7.181673335873825,7.356835937189544,7.0065107345581055,7.0065107345581055,52375,0.0,0.0
1993-10-26 00:00:00-04:00,7.269255054152268,7.269255054152268,7.0065107345581055,7.0065107345581055,19875,0.0,0.0
1993-10-27 00:00:00-04:00,7.0065102190643165,7.26925451932745,7.0065102190643165,7.0503010749816895,16875,0.0,0.0
1993-10-28 00:00:00-04:00,7.269255054152268,7.269255054152268,7.0065107345581055,7.0065107345581055,6625,0.0,0.0
1993-10-29 00:00:00-04:00,7.00651002692053,7.269254319978267,7.00651002692053,7.137881755828857,1000,0.0,0.0
1993-11-01 00:00:00-05:00,7.181672807492704,7.26925451932745,7.0065102190643165,7.0503010749816895,5625,0.0,0.0
1993-11-02 00:00:00-05:00,7.006510378216884,7.269254684448242,7.006510378216884,7.269254684448242,42625,0.0,0.0
1993-11-03 00:00:00-05:00,7.0065118450875605,7.225465340246547,6.918930530548096,6.918930530548096,20125,0.0,0.0
1993-11-04 00:00:00-05:00,6.918929158414647,7.181673049926758,6.918929158414647,7.181673049926758,1125,0.0,0.0
1993-11-05 00:00:00-05:00,7.0503015104573885,7.09409236907959,7.0503015104573885,7.09409236907959,375,0.0,0.0
1993-11-08 00:00:00-05:00,7.094089832098272,7.094089832098272,6.7437639236450195,6.7437639236450195,31750,0.0,0.0
1993-11-09 00:00:00-05:00,6.918927308761051,6.918927308761051,6.743764343625817,6.831346035003662,21500,0.0,0.0
1993-11-10 00:00:00-05:00,6.831346035003662,6.831346035003662,6.831346035003662,6.831346035003662,0,0.0,0.0
1993-11-11 00:00:00-05:00,6.7437639236450195,6.7437639236450195,6.7437639236450195,6.7437639236450195,10000,0.0,0.0
1993-11-12 00:00:00-05:00,6.7437628544788355,6.8751349449157715,6.7437628544788355,6.8751349449157715,2125,0.0,0.0
1993-11-15 00:00:00-05:00,6.855800151824951,7.119484934247221,6.767904944940589,6.855800151824951,58625,0.056,0.0
1993-11-16 00:00:00-05:00,6.767903999529153,7.031588745117188,6.592114448547363,6.592114448547363,15125,0.0,0.0
1993-11-17 00:00:00-05:00,7.031590938568115,7.031590938568115,6.592116504907608,7.031590938568115,3125,0.0,0.0
1993-11-18 00:00:00-05:00,7.031590938568115,7.031590938568115,6.592116504907608,7.031590938568115,2625,0.0,0.0
1993-11-19 00:00:00-05:00,6.5921194322647585,6.811856746673584,6.5921194322647585,6.811856746673584,5625,0.0,0.0
1993-11-22 00:00:00-05:00,7.031590938568115,7.031590938568115,6.592116504907608,7.031590938568115,4500,0.0,0.0
1993-11-23 00:00:00-05:00,7.031589727362859,7.031589727362859,6.592115369402681,6.855800151824951,3625,0.0,0.0
1993-11-24 00:00:00-05:00,7.031590524440382,7.031590524440382,6.504221318930445,6.7679057121276855,179125,0.0,0.0
1993-11-26 00:00:00-05:00,7.031590938568115,7.031590938568115,6.6800113078166135,7.031590938568115,2000,0.0,0.0
1993-11-29 00:00:00-05:00,6.6800113078166135,7.031590938568115,6.6800113078166135,7.031590938568115,7875,0.0,0.0
1993-11-30 00:00:00-05:00,7.031590938568115,7.031590938568115,6.6800113078166135,7.031590938568115,13375,0.0,0.0
1993-12-01 00:00:00-05:00,7.031590938568115,7.031590938568115,6.94369613565911,7.031590938568115,14750,0.0,0.0
1993-12-02 00:00:00-05:00,6.767905736569141,7.075538158416748,6.767905736569141,7.075538158416748,29000,0.0,0.0
1993-12-03 00:00:00-05:00,6.855801956927521,7.1194868087768555,6.855801956927521,7.1194868087768555,4000,0.0,0.0
1993-12-06 00:00:00-05:00,7.1194868087768555,7.1194868087768555,6.855801956927521,7.1194868087768555,1375,0.0,0.0
1993-12-07 00:00:00-05:00,6.855800151824951,6.855800151824951,6.855800151824951,6.855800151824951,625,0.0,0.0
1993-12-08 00:00:00-05:00,6.855800151824951,6.855800151824951,6.855800151824951,6.855800151824951,625,0.0,0.0
1993-12-09 00:00:00-05:00,6.855801956927521,7.1194868087768555,6.855801956927521,7.1194868087768555,1500,0.0,0.0
1993-12-10 00:00:00-05:00,7.1194868087768555,7.1194868087768555,7.031591578750065,7.1194868087768555,3750,0.0,0.0
1993-12-13 00:00:00-05:00,7.1194868087768555,7.1194868087768555,7.1194868087768555,7.1194868087768555,0,0.0,0.0
1993-12-14 00:00:00-05:00,7.119487044970804,7.119487044970804,6.855802184373541,6.987644195556641,7750,0.0,0.0
1993-12-15 00:00:00-05:00,7.383176803588867,7.383176803588867,7.383176803588867,7.383176803588867,250,0.0,0.0
1993-12-16 00:00:00-05:00,7.383166576457902,7.734746456146241,6.855798014271226,7.73474645614624,32125,0.0,0.0
1993-12-17 00:00:00-05:00,7.383166576457902,8.174220677083747,7.383166576457902,7.73474645614624,9250,0.0,0.0
1993-12-20 00:00:00-05:00,7.9105401039123535,7.998435329248221,7.86659249124442,7.9105401039123535,7000,0.0,0.0
1993-12-21 00:00:00-05:00,7.998433568185854,8.042380332946777,7.998433568185854,8.042380332946777,375,0.0,0.0
1993-12-22 00:00:00-05:00,7.954485965194124,8.042380332946777,7.954485965194124,8.042380332946777,750,0.0,0.0
1993-12-23 00:00:00-05:00,7.998434066772461,7.998434066772461,7.998434066772461,7.998434066772461,1875,0.0,0.0
1993-12-27 00:00:00-05:00,8.042380332946777,8.042380332946777,8.042380332946777,8.042380332946777,625,0.0,0.0
1993-12-28 00:00:00-05:00,7.954486461041234,7.998434066772461,7.910538855310007,7.998434066772461,1750,0.0,0.0
1993-12-29 00:00:00-05:00,8.042380332946777,8.042380332946777,8.042380332946777,8.042380332946777,1000,0.0,0.0
1993-12-30 00:00:00-05:00,8.042380332946777,8.042380332946777,8.042380332946777,8.042380332946777,750,0.0,0.0
1993-12-31 00:00:00-05:00,7.998435329248221,7.998435329248221,7.9105401039123535,7.9105401039123535,12125,0.0,0.0
1994-01-03 00:00:00-05:00,7.910538362202393,8.042380332946777,7.910538362202393,8.042380332946777,6500,0.0,0.0
1994-01-04 00:00:00-05:00,8.086326599121094,8.086326599121094,8.086326599121094,8.086326599121094,125,0.0,0.0
1994-01-05 00:00:00-05:00,8.17422103881836,8.17422103881836,8.17422103881836,8.17422103881836,875,0.0,0.0
1994-01-06 00:00:00-05:00,8.174220677083747,8.174220677083747,7.734746456146241,7.73474645614624,11375,0.0,0.0
1994-01-07 00:00:00-05:00,7.822641849517822,7.822641849517822,7.822641849517822,7.822641849517822,625,0.0,0.0
1994-01-10 00:00:00-05:00,7.822640797395409,7.822640797395409,7.734746456146241,7.73474645614624,875,0.0,0.0
1994-01-11 00:00:00-05:00,7.734750491471611,7.9105401039123535,7.734750491471611,7.9105401039123535,4500,0.0,0.0
1994-01-12 00:00:00-05:00,7.910538855310007,8.04238083427283,7.910538855310007,7.998434066772461,12750,0.0,0.0
1994-01-13 00:00:00-05:00,7.910540978427247,7.910540978427247,7.822645743374511,7.866593360900879,1000,0.0,0.0
1994-01-14 00:00:00-05:00,7.778694045886103,7.778694045886103,7.690798866406379,7.73474645614624,12625,0.0,0.0
1994-01-17 00:00:00-05:00,7.6468528902217,7.6468528902217,7.558958530426025,7.558958530426025,1250,0.0,0.0
1994-01-18 00:00:00-05:00,7.558958530426025,7.558958530426025,7.558958530426025,7.558958530426025,0,0.0,0.0
1994-01-19 00:00:00-05:00,7.646851276666517,7.734746456146241,7.646851276666517,7.73474645614624,12375,0.0,0.0
1994-01-20 00:00:00-05:00,7.734751346552859,7.866593360900879,7.734751346552859,7.866593360900879,3625,0.0,0.0
1994-01-21 00:00:00-05:00,7.954484650172591,8.086326599121094,7.954484650172591,8.086326599121094,1625,0.0,0.0
1994-01-24 00:00:00-05:00,7.9984367174663555,8.21817398071289,7.9984367174663555,8.21817398071289,1375,0.0,0.0
1994-01-25 00:00:00-05:00,8.130276679992676,8.130276679992676,8.042381461673358,8.130276679992676,2125,0.0,0.0
1994-01-26 00:00:00-05:00,8.130275538930238,8.130275538930238,8.042380332946777,8.042380332946777,2000,0.0,0.0
1994-01-27 00:00:00-05:00,8.042380332946777,8.042380332946777,8.042380332946777,8.042380332946777,1375,0.0,0.0
1994-01-28 00:00:00-05:00,7.954485965194124,8.042380332946777,7.954485965194124,8.042380332946777,1750,0.0,0.0
1994-01-31 00:00:00-05:00,7.9105401039123535,7.9105401039123535,7.9105401039123535,7.9105401039123535,9500,0.0,0.0
1994-02-01 00:00:00-05:00,8.086329070833017,8.130276679992676,8.086329070833017,8.130276679992676,6875,0.0,0.0
1994-02-02 00:00:00-05:00,8.042382103685163,8.042382103685163,7.9105401039123535,7.9105401039123535,2125,0.0,0.0
1994-02-03 00:00:00-05:00,7.910537627580131,7.910537627580131,7.6029052734375,7.6029052734375,5500,0.0,0.0
1994-02-04 00:00:00-05:00,7.602904991255407,7.602904991255407,7.383167843089289,7.427115440368652,3375,0.0,0.0
1994-02-07 00:00:00-05:00,7.295276721764088,7.339224338531494,7.295276721764088,7.339224338531494,875,0.0,0.0
1994-02-08 00:00:00-05:00,7.207379524905325,7.29527473449707,7.119485153544422,7.29527473449707,7500,0.0,0.0
1994-02-09 00:00:00-05:00,7.207378387451172,7.207378387451172,7.207378387451172,7.207378387451172,1000,0.0,0.0
1994-02-10 00:00:00-05:00,7.2513298988342285,7.2513298988342285,7.2513298988342285,7.2513298988342285,125,0.0,0.0
1994-02-11 00:00:00-05:00,7.1194868087768555,7.1194868087768555,7.1194868087768555,7.1194868087768555,625,0.0,0.0
1994-02-14 00:00:00-05:00,7.100084191159171,7.100084191159171,6.967784404754639,6.967784404754639,9250,0.056,0.0
1994-02-15 00:00:00-05:00,7.055982035975302,7.055982035975302,6.835482597351074,6.835482597351074,14125,0.0,0.0
1994-02-16 00:00:00-05:00,6.879586787549606,7.364686012268066,6.879586787549606,7.364686012268066,4250,0.0,0.0
1994-02-17 00:00:00-05:00,7.452880368729957,7.541080474853516,7.3646811037449496,7.541080474853516,2375,0.0,0.0
1994-02-18 00:00:00-05:00,7.629274205133639,7.805674289410207,7.629274205133639,7.7615742683410645,2250,0.0,0.0
1994-02-22 00:00:00-05:00,7.7615742683410645,7.89387349041055,7.7615742683410645,7.7615742683410645,3500,0.0,0.0
1994-02-23 00:00:00-05:00,7.893877614696231,8.07027694999758,7.805678367614745,7.805678367614746,19625,0.0,0.0
1994-02-24 00:00:00-05:00,7.893877614696231,7.893877614696231,7.761578323504813,7.805678367614746,8625,0.0,0.0
1994-02-25 00:00:00-05:00,7.8056784948265925,7.849777698516845,7.8056784948265925,7.849777698516846,17125,0.0,0.0
1994-02-28 00:00:00-05:00,7.9379761324302684,7.982076168060303,7.805676866678384,7.982076168060303,5625,0.0,0.0
1994-03-01 00:00:00-05:00,7.893876096800234,8.114375433812187,7.893876096800234,7.982076168060303,12250,0.0,0.0
1994-03-02 00:00:00-05:00,7.9379776588061635,7.982077702916095,7.805678367614745,7.805678367614746,35500,0.0,0.0
1994-03-03 00:00:00-05:00,7.761579523085647,7.761579523085647,7.673379421234131,7.673379421234131,7125,0.0,0.0
1994-03-04 00:00:00-05:00,7.629278153788619,7.629278153788619,7.232379441020943,7.320579528808594,9625,0.0,0.0
1994-03-07 00:00:00-05:00,7.408781971786405,7.496982097625732,7.408781971786405,7.496982097625732,2500,0.0,0.0
1994-03-08 00:00:00-05:00,7.496980421791736,7.541080474853516,7.408780315668178,7.541080474853516,5000,0.0,0.0
1994-03-09 00:00:00-05:00,7.541082160545397,7.541082160545397,7.496982097625732,7.496982097625732,875,0.0,0.0
1994-03-10 00:00:00-05:00,7.541080474853516,7.541080474853516,7.541080474853516,7.541080474853516,4000,0.0,0.0
1994-03-11 00:00:00-05:00,7.541080474853516,7.541080474853516,7.541080474853516,7.541080474853516,1250,0.0,0.0
1994-03-14 00:00:00-05:00,7.541082160545397,7.541082160545397,7.496982097625732,7.496982097625732,1250,0.0,0.0
1994-03-15 00:00:00-05:00,7.541080474853516,7.629279739838523,7.541080474853516,7.541080474853516,3125,0.0,0.0
1994-03-16 00:00:00-05:00,7.541077993347372,7.629277229309082,7.541077993347372,7.629277229309082,1000,0.0,0.0
1994-03-17 00:00:00-05:00,7.629278191175016,7.849777570586299,7.629278191175016,7.805678367614746,41750,0.0,0.0
1994-03-18 00:00:00-05:00,7.849777698516845,7.849777698516845,7.849777698516845,7.849777698516846,1750,0.0,0.0
1994-03-21 00:00:00-05:00,7.937977788174138,7.937977788174138,7.8056784948265925,7.849777698516846,15625,0.0,0.0
1994-03-22 00:00:00-05:00,7.761578323504813,7.805678367614745,7.761578323504813,7.805678367614746,625,0.0,0.0
1994-03-23 00:00:00-05:00,7.717478275299072,7.717478275299072,7.717478275299072,7.717478275299072,3000,0.0,0.0
1994-03-24 00:00:00-05:00,7.71747827939488,7.805678367614745,7.71747827939488,7.805678367614746,10125,0.0,0.0
1994-03-25 00:00:00-05:00,7.76157774803662,7.893877029418945,7.76157774803662,7.893877029418945,29000,0.0,0.0
1994-03-28 00:00:00-05:00,7.893875849236894,7.98207591773088,7.893875849236894,7.937975883483887,13625,0.0,0.0
1994-03-29 00:00:00-05:00,7.849776988578731,7.93797707025916,7.849776988578731,7.893877029418945,13250,0.0,0.0
1994-03-30 00:00:00-05:00,7.805678367614745,7.805678367614745,7.805678367614745,7.805678367614746,10500,0.0,0.0
1994-03-31 00:00:00-05:00,7.7615742683410645,7.849773469341408,7.673374226202781,7.7615742683410645,8375,0.0,0.0
1994-04-04 00:00:00-04:00,7.629281445245986,7.629281445245986,7.496982097625732,7.496982097625732,27125,0.0,0.0
1994-04-05 00:00:00-04:00,7.541076628983022,7.541076628983022,7.452876567840576,7.452876567840576,2625,0.0,0.0
1994-04-06 00:00:00-04:00,7.4087796103029735,7.585179805755615,7.4087796103029735,7.585179805755615,18125,0.0,0.0
1994-04-07 00:00:00-04:00,7.629278187126016,7.717478275299072,7.629278187126016,7.717478275299072,12250,0.0,0.0
1994-04-08 00:00:00-04:00,7.717475910129793,7.717475910129793,7.452876567840576,7.452876567840576,5125,0.0,0.0
1994-04-11 00:00:00-04:00,7.541080474853516,7.541080474853516,7.541080474853516,7.541080474853516,125,0.0,0.0
1994-04-12 00:00:00-04:00,7.452882034706069,7.496982097625732,7.408781971786405,7.496982097625732,1375,0.0,0.0
1994-04-13 00:00:00-04:00,7.58518222346506,7.58518222346506,7.496982097625732,7.496982097625732,750,0.0,0.0
1994-04-14 00:00:00-04:00,7.408780097961425,7.408780097961425,7.408780097961425,7.408780097961426,1375,0.0,0.0
1994-04-15 00:00:00-04:00,7.364686012268066,7.364686012268066,7.364686012268066,7.364686012268066,750,0.0,0.0
1994-04-18 00:00:00-04:00,7.408785253583199,7.408785253583199,7.320585929813823,7.364686012268066,39500,0.0,0.0
1994-04-19 00:00:00-04:00,7.320580006877618,7.320580006877618,7.232379913330078,7.232379913330078,1500,0.0,0.0
1994-04-20 00:00:00-04:00,7.320580006877618,7.320580006877618,7.232379913330078,7.232379913330078,375,0.0,0.0
1994-04-21 00:00:00-04:00,7.320580250311556,7.320580250311556,7.18828010559082,7.18828010559082,1000,0.0,0.0
1994-04-22 00:00:00-04:00,7.276479960103848,7.276479960103848,7.232379913330078,7.232379913330078,625,0.0,0.0
1994-04-25 00:00:00-04:00,7.232382442122376,7.232382442122376,7.144183158874512,7.144183158874512,1125,0.0,0.0
1994-04-26 00:00:00-04:00,7.144183158874512,7.144183158874512,7.100083096681217,7.144183158874512,11500,0.0,0.0
1994-04-28 00:00:00-04:00,7.18828010559082,7.18828010559082,7.18828010559082,7.18828010559082,625,0.0,0.0
1994-04-29 00:00:00-04:00,7.100080490112305,7.100080490112305,7.100080490112305,7.100080490112305,625,0.0,0.0
1994-05-02 00:00:00-04:00,7.18828010559082,7.18828010559082,7.18828010559082,7.18828010559082,2000,0.0,0.0
1994-05-03 00:00:00-04:00,7.276480304851962,7.673379062343466,7.276480304851962,7.585179805755615,6375,0.0,0.0
1994-05-04 00:00:00-04:00,7.585180305025028,7.585180305025028,7.408780097961425,7.408780097961426,8750,0.0,0.0
1994-05-05 00:00:00-04:00,7.452885336037443,7.452885336037443,7.364686012268066,7.364686012268066,375,0.0,0.0
1994-05-06 00:00:00-04:00,7.276479960103848,7.276479960103848,7.232379913330078,7.232379913330078,2125,0.0,0.0
1994-05-09 00:00:00-04:00,7.232379913330078,7.232379913330078,7.232379913330078,7.232379913330078,0,0.0,0.0
1994-05-10 00:00:00-04:00,7.1441817429533785,7.1441817429533785,7.055981636047363,7.055981636047363,6750,0.0,0.0
1994-05-11 00:00:00-04:00,7.055984122167851,7.055984122167851,6.967784404754639,6.967784404754639,11500,0.0,0.0
1994-05-12 00:00:00-04:00,6.967781131632218,6.967781131632218,6.791381359100342,6.791381359100342,8625,0.0,0.0
1994-05-13 00:00:00-04:00,6.747281551361084,6.747281551361084,6.747281551361084,6.747281551361084,2875,0.0,0.0
1994-05-16 00:00:00-04:00,6.816331731474014,6.860593795776367,6.816331731474014,6.860593795776367,375,0.056,0.0
1994-05-17 00:00:00-04:00,6.772065836138863,6.772065836138863,6.727803799634962,6.733336448669434,25125,0.0,0.0
1994-05-18 00:00:00-04:00,6.683544879722996,6.683544879722996,6.595020771026611,6.595020771026611,4625,0.0,0.0
1994-05-19 00:00:00-04:00,6.506496122762253,6.506496122762253,6.37371040145809,6.4622344970703125,45000,0.0,0.0
1994-05-20 00:00:00-04:00,6.550759018443841,6.639282703399658,6.550759018443841,6.639282703399658,40125,0.0,0.0
1994-05-23 00:00:00-04:00,6.727806037994949,6.993377501146595,6.727806037994949,6.904853820800781,4875,0.0,0.0
1994-05-24 00:00:00-04:00,6.904854002866882,6.993377685546875,6.904854002866882,6.993377685546875,1625,0.0,0.0
1994-05-25 00:00:00-04:00,6.9491143226623535,6.9491143226623535,6.9491143226623535,6.9491143226623535,125,0.0,0.0
1994-05-26 00:00:00-04:00,6.9491143226623535,6.9491143226623535,6.9491143226623535,6.9491143226623535,125,0.0,0.0
1994-05-27 00:00:00-04:00,7.0376390354318366,7.214686393737793,7.0376390354318366,7.214686393737793,29250,0.0,0.0
1994-05-31 00:00:00-04:00,7.126166002914999,7.214689295558742,7.08190393447876,7.08190393447876,3875,0.0,0.0
1994-06-01 00:00:00-04:00,7.081901086065425,7.258948444371382,7.081901086065425,7.214686393737793,30125,0.0,0.0
1994-06-02 00:00:00-04:00,7.126166002914999,7.126166002914999,6.993380219720649,7.08190393447876,17750,0.0,0.0
1994-06-03 00:00:00-04:00,6.993377685546875,6.993377685546875,6.949115633149771,6.993377685546875,4125,0.0,0.0
1994-06-06 00:00:00-04:00,6.993377685546875,6.993377685546875,6.993377685546875,6.993377685546875,0,0.0,0.0
1994-06-07 00:00:00-04:00,6.949115633149771,7.081901368226868,6.949115633149771,6.993377685546875,11125,0.0,0.0
1994-06-08 00:00:00-04:00,6.949119786391014,6.949119786391014,6.7720723152160645,6.7720723152160645,12500,0.0,0.0
1994-06-09 00:00:00-04:00,6.683546044606727,6.816331386566162,6.683546044606727,6.816331386566162,19500,0.0,0.0
1994-06-10 00:00:00-04:00,6.7720723152160645,6.7720723152160645,6.7720723152160645,6.7720723152160645,6250,0.0,0.0
1994-06-13 00:00:00-04:00,6.727807521820068,6.727807521820068,6.683545882942312,6.727807521820068,20625,0.0,0.0
1994-06-14 00:00:00-04:00,6.772069582812122,6.772069582812122,6.727807521820068,6.727807521820068,11125,0.0,0.0
1994-06-15 00:00:00-04:00,6.816331386566162,6.816331386566162,6.816331386566162,6.816331386566162,6625,0.0,0.0
1994-06-16 00:00:00-04:00,6.8163286126264335,6.9491143226623535,6.8163286126264335,6.9491143226623535,2625,0.0,0.0
1994-06-17 00:00:00-04:00,7.0376391302624,7.0376391302624,6.904853820800781,6.904853820800781,2250,0.0,0.0
1994-06-20 00:00:00-04:00,6.9491143226623535,7.037637988648255,6.9491143226623535,6.9491143226623535,2750,0.0,0.0
1994-06-21 00:00:00-04:00,7.037639617919922,7.037639617919922,7.037639617919922,7.037639617919922,375,0.0,0.0
1994-06-22 00:00:00-04:00,7.037639617919922,7.037639617919922,7.037639617919922,7.037639617919922,0,0.0,0.0
1994-06-23 00:00:00-04:00,7.08190393447876,7.08190393447876,7.03764186604252,7.08190393447876,1250,0.0,0.0
1994-06-24 00:00:00-04:00,7.08190393447876,7.08190393447876,7.08190393447876,7.08190393447876,0,0.0,0.0
1994-06-27 00:00:00-04:00,6.993376366712372,6.993376366712372,6.9491143226623535,6.9491143226623535,1875,0.0,0.0
1994-06-28 00:00:00-04:00,6.949117502266745,6.949117502266745,6.860593795776367,6.860593795776367,2250,0.0,0.0
1994-06-29 00:00:00-04:00,6.860593795776367,6.860593795776367,6.860593795776367,6.860593795776367,1250,0.0,0.0
1994-06-30 00:00:00-04:00,6.727806504183276,7.081901672216971,6.506497076926496,7.037639617919922,55500,0.0,0.0
1994-07-01 00:00:00-04:00,7.126166002914999,7.170428071351239,6.993380219720649,7.08190393447876,15000,0.0,0.0
1994-07-05 00:00:00-04:00,7.08190118149241,7.08190118149241,6.904853820800781,6.904853820800781,2000,0.0,0.0
1994-07-06 00:00:00-04:00,6.8163303824006025,6.8163303824006025,6.550759315490723,6.550759315490723,6375,0.0,0.0
1994-07-07 00:00:00-04:00,6.639282703399658,6.639282703399658,6.639282703399658,6.639282703399658,13000,0.0,0.0
1994-07-08 00:00:00-04:00,6.550759138792653,6.595020771026611,6.550759138792653,6.595020771026611,1875,0.0,0.0
1994-07-11 00:00:00-04:00,6.550759315490723,6.550759315490723,6.550759315490723,6.550759315490723,375,0.0,0.0
1994-07-12 00:00:00-04:00,6.550759315490723,6.59502094891858,6.550759315490723,6.550759315490723,1750,0.0,0.0
1994-07-13 00:00:00-04:00,6.5507601220804474,6.727807521820068,6.5507601220804474,6.727807521820068,3750,0.0,0.0
1994-07-14 00:00:00-04:00,6.727806511956954,6.727806511956954,6.595020771026611,6.595020771026611,43500,0.0,0.0
1994-07-15 00:00:00-04:00,6.639282703399658,6.639282703399658,6.639282703399658,6.639282703399658,8375,0.0,0.0
1994-07-18 00:00:00-04:00,6.727807521820068,6.727807521820068,6.727807521820068,6.727807521820068,125,0.0,0.0
1994-07-19 00:00:00-04:00,6.6392825830400835,6.683544635772705,6.595020530307462,6.683544635772705,1500,0.0,0.0
1994-07-20 00:00:00-04:00,6.59502094891858,6.59502094891858,6.550759315490723,6.550759315490723,500,0.0,0.0
1994-07-21 00:00:00-04:00,6.462235626520763,6.550759315490723,6.462235626520763,6.550759315490723,750,0.0,0.0
1994-07-22 00:00:00-04:00,6.506497383117676,6.506497383117676,6.506497383117676,6.506497383117676,1250,0.0,0.0
1994-07-25 00:00:00-04:00,6.4179736420306535,6.4179736420306535,6.373711585998535,6.373711585998535,4000,0.0,0.0
1994-07-26 00:00:00-04:00,6.329451560974121,6.329451560974121,6.329451560974121,6.329451560974121,125,0.0,0.0
1994-07-27 00:00:00-04:00,6.417975273426093,6.462237340709256,6.329451560974121,6.329451560974121,1625,0.0,0.0
1994-07-28 00:00:00-04:00,6.329451560974121,6.329451560974121,6.329451560974121,6.329451560974121,1000,0.0,0.0
1994-07-29 00:00:00-04:00,6.373711585998535,6.373711585998535,6.373711585998535,6.373711585998535,250,0.0,0.0
1994-08-01 00:00:00-04:00,6.462235698062772,6.462235698062772,6.373711585998535,6.373711585998535,1000,0.0,0.0
1994-08-02 00:00:00-04:00,6.285186767578125,6.285186767578125,6.285186767578125,6.285186767578125,2500,0.0,0.0
1994-08-03 00:00:00-04:00,6.373709568997834,6.462233653048064,6.373709568997834,6.417971611022949,3625,0.0,0.0
1994-08-04 00:00:00-04:00,6.37371256362591,6.37371256362591,6.240927219390869,6.240927219390869,2000,0.0,0.0
1994-08-05 00:00:00-04:00,6.3294488156632385,6.3294488156632385,6.285186767578125,6.285186767578125,375,0.0,0.0
1994-08-08 00:00:00-04:00,6.19666349827234,6.19666349827234,6.152401447296143,6.152401447296143,1250,0.0,0.0
1994-08-09 00:00:00-04:00,6.196665156569646,6.240927219390869,6.196665156569646,6.240927219390869,625,0.0,0.0
1994-08-10 00:00:00-04:00,6.329449952080666,6.373711585998535,6.329449952080666,6.373711585998535,750,0.0,0.0
1994-08-11 00:00:00-04:00,6.417971611022949,6.417971611022949,6.417971611022949,6.417971611022949,1250,0.0,0.0
1994-08-12 00:00:00-04:00,6.4622344970703125,6.4622344970703125,6.4622344970703125,6.4622344970703125,2500,0.0,0.0
1994-08-15 00:00:00-04:00,6.5315489398340105,6.664845943450928,6.5315489398340105,6.664845943450928,1625,0.056,0.0
1994-08-16 00:00:00-04:00,6.7537102699279785,6.8425747951100275,6.620413270285163,6.7537102699279785,1875,0.0,0.0
1994-08-17 00:00:00-04:00,6.7537102699279785,6.7537102699279785,6.7537102699279785,6.7537102699279785,125,0.0,0.0
1994-08-18 00:00:00-04:00,6.8425774574279785,6.8425774574279785,6.8425774574279785,6.8425774574279785,1500,0.0,0.0
1994-08-19 00:00:00-04:00,6.931442590209225,6.975874659175133,6.887010097503662,6.887010097503662,3750,0.0,0.0
1994-08-22 00:00:00-04:00,6.975874659175133,6.975874659175133,6.887010097503662,6.887010097503662,1375,0.0,0.0
1994-08-23 00:00:00-04:00,6.931444386701626,7.020308971405029,6.931444386701626,7.020308971405029,500,0.0,0.0
1994-08-24 00:00:00-04:00,7.109170760368749,7.109170760368749,7.0647382736206055,7.0647382736206055,1000,0.0,0.0
1994-08-25 00:00:00-04:00,6.975873947143555,6.975873947143555,6.975873947143555,6.975873947143555,500,0.0,0.0
1994-08-26 00:00:00-04:00,7.064738499744569,7.064738499744569,6.975873947143555,6.975873947143555,1625,0.0,0.0
1994-08-29 00:00:00-04:00,6.887010097503662,6.887010097503662,6.887010097503662,6.887010097503662,500,0.0,0.0
1994-08-30 00:00:00-04:00,6.887007643541559,6.887007643541559,6.709278583526611,6.709278583526611,4750,0.0,0.0
1994-08-31 00:00:00-04:00,6.620413190321336,6.620413190321336,6.487116616028008,6.575981140136719,24500,0.0,0.0
1994-09-01 00:00:00-04:00,6.575981140136719,6.575981140136719,6.575981140136719,6.575981140136719,23500,0.0,0.0
1994-09-02 00:00:00-04:00,6.487116616028008,6.575981140136719,6.487116616028008,6.575981140136719,2375,0.0,0.0
1994-09-06 00:00:00-04:00,6.6204138786490665,6.6204138786490665,6.487117290496826,6.487117290496826,4625,0.0,0.0
1994-09-07 00:00:00-04:00,6.398254871368408,6.398254871368408,6.398254871368408,6.398254871368408,2625,0.0,0.0
1994-09-08 00:00:00-04:00,6.398254871368408,6.531551936134352,6.398254871368408,6.398254871368408,9500,0.0,0.0
1994-09-09 00:00:00-04:00,6.487117290496826,6.487117290496826,6.487117290496826,6.487117290496826,375,0.0,0.0
1994-09-12 00:00:00-04:00,6.487119863705495,6.487119863705495,6.398254871368408,6.398254871368408,3250,0.0,0.0
1994-09-13 00:00:00-04:00,6.4871164510066945,6.531548500061035,6.4871164510066945,6.531548500061035,750,0.0,0.0
1994-09-14 00:00:00-04:00,6.442687367536951,6.531551936134352,6.398254871368408,6.398254871368408,5375,0.0,0.0
1994-09-15 00:00:00-04:00,6.398254871368408,6.487119863705495,6.398254871368408,6.398254871368408,2375,0.0,0.0
1994-09-16 00:00:00-04:00,6.398254871368408,6.442687367536951,6.398254871368408,6.398254871368408,6375,0.0,0.0
1994-09-19 00:00:00-04:00,6.575983154828432,6.931441783905029,6.575983154828432,6.931441783905029,9000,0.0,0.0
1994-09-20 00:00:00-04:00,6.931441783905029,7.020306335239278,6.753712257496928,6.931441783905029,4875,0.0,0.0
1994-09-21 00:00:00-04:00,7.020307151880696,7.020307151880696,6.842577604798099,6.887010097503662,5250,0.0,0.0
1994-09-22 00:00:00-04:00,6.887010097503662,6.887010097503662,6.887010097503662,6.887010097503662,0,0.0,0.0
1994-09-23 00:00:00-04:00,6.975873847702351,6.975873847702351,6.931441783905029,6.931441783905029,1375,0.0,0.0
1994-09-26 00:00:00-04:00,7.0647382736206055,7.198035733865036,6.9758737238639155,7.0647382736206055,9250,0.0,0.0
1994-09-27 00:00:00-04:00,6.975873874316562,7.2869000170428535,6.975873874316562,7.109170913696289,8375,0.0,0.0
1994-09-28 00:00:00-04:00,7.020306435313867,7.064738499744569,6.975873947143555,6.975873947143555,15375,0.0,0.0
1994-09-29 00:00:00-04:00,6.975876467183445,7.020308971405029,6.975876467183445,7.020308971405029,7250,0.0,0.0
1994-09-30 00:00:00-04:00,7.020308971405029,7.020308971405029,7.020308971405029,7.020308971405029,6625,0.0,0.0
1994-10-03 00:00:00-04:00,7.153603247116893,7.153603247116893,7.020306210612059,7.0647382736206055,9750,0.0,0.0
1994-10-04 00:00:00-04:00,7.064741051886848,7.153606060330015,7.020308971405029,7.020308971405029,8375,0.0,0.0
1994-10-05 00:00:00-04:00,7.020306335239278,7.020306335239278,6.931441783905029,6.931441783905029,2375,0.0,0.0
1994-10-06 00:00:00-04:00,6.931441783905029,6.931441783905029,6.931441783905029,6.931441783905029,500,0.0,0.0
1994-10-07 00:00:00-04:00,6.931441783905029,6.931441783905029,6.931441783905029,6.931441783905029,250,0.0,0.0
1994-10-10 00:00:00-04:00,6.931441783905029,6.931441783905029,6.931441783905029,6.931441783905029,0,0.0,0.0
1994-10-11 00:00:00-04:00,6.931441783905029,6.931441783905029,6.931441783905029,6.931441783905029,0,0.0,0.0
1994-10-12 00:00:00-04:00,7.020308971405029,7.020308971405029,7.020308971405029,7.020308971405029,375,0.0,0.0
1994-10-13 00:00:00-04:00,7.020308971405029,7.020308971405029,7.020308971405029,7.020308971405029,375,0.0,0.0
1994-10-14 00:00:00-04:00,6.931441783905029,6.931441783905029,6.931441783905029,6.931441783905029,250,0.0,0.0
1994-10-17 00:00:00-04:00,6.8425768088311765,7.020306335239278,6.8425768088311765,6.931441783905029,11250,0.0,0.0
1994-10-18 00:00:00-04:00,6.975873947143555,6.975873947143555,6.975873947143555,6.975873947143555,875,0.0,0.0
1994-10-19 00:00:00-04:00,6.975873947143555,6.975873947143555,6.975873947143555,6.975873947143555,1875,0.0,0.0
1994-10-20 00:00:00-04:00,7.020308971405029,7.020308971405029,7.020308971405029,7.020308971405029,1375,0.0,0.0
1994-10-21 00:00:00-04:00,6.931441783905029,6.931441783905029,6.931441783905029,6.931441783905029,2000,0.0,0.0
1994-10-24 00:00:00-04:00,6.931441783905029,6.931441783905029,6.931441783905029,6.931441783905029,250,0.0,0.0
1994-10-25 00:00:00-04:00,6.975873947143555,6.975873947143555,6.975873947143555,6.975873947143555,750,0.0,0.0
1994-10-26 00:00:00-04:00,6.975874659175133,6.975874659175133,6.887010097503662,6.887010097503662,11750,0.0,0.0
1994-10-27 00:00:00-04:00,6.8425774574279785,6.8425774574279785,6.8425774574279785,6.8425774574279785,500,0.0,0.0
1994-10-28 00:00:00-04:00,6.8425774574279785,6.8425774574279785,6.8425774574279785,6.8425774574279785,4875,0.0,0.0
1994-10-31 00:00:00-05:00,6.753716627377167,6.753716627377167,6.620419502258301,6.620419502258301,7375,0.0,0.0
1994-11-01 00:00:00-05:00,6.664852018544549,6.664852018544549,6.5759874097119315,6.620419502258301,1875,0.0,0.0
1994-11-02 00:00:00-05:00,6.531548666212625,6.575981140136719,6.487116616028008,6.575981140136719,5250,0.0,0.0
1994-11-03 00:00:00-05:00,6.620413021909182,6.620413021909182,6.531548500061035,6.531548500061035,3750,0.0,0.0
1994-11-04 00:00:00-05:00,6.531548666212625,6.575981140136719,6.531548666212625,6.575981140136719,750,0.0,0.0
1994-11-07 00:00:00-05:00,6.620413467665458,6.664845943450928,6.620413467665458,6.664845943450928,500,0.0,0.0
1994-11-08 00:00:00-05:00,6.575981140136719,6.664845664245429,6.575981140136719,6.575981140136719,500,0.0,0.0
1994-11-09 00:00:00-05:00,6.487117127850885,6.531549181541118,6.442684650421143,6.442684650421143,2875,0.0,0.0
1994-11-10 00:00:00-05:00,6.442684142103914,6.575981140136719,6.442684142103914,6.575981140136719,5875,0.0,0.0
1994-11-11 00:00:00-05:00,6.531554893425683,6.620419502258301,6.531554893425683,6.620419502258301,1000,0.0,0.0
1994-11-14 00:00:00-05:00,6.559727621795658,6.693599700927734,6.559727621795658,6.693599700927734,1625,0.064,0.0
1994-11-15 00:00:00-05:00,6.604353051635984,6.648976802825928,6.604353051635984,6.648976802825928,1250,0.0,0.0
1994-11-16 00:00:00-05:00,6.559726118916621,6.604350276926143,6.515102386474609,6.515102386474609,3000,0.0,0.0
1994-11-17 00:00:00-05:00,6.6043524742126465,6.6043524742126465,6.559728301356538,6.6043524742126465,875,0.0,0.0
1994-11-18 00:00:00-05:00,6.559726118916621,6.604350276926143,6.515102386474609,6.515102386474609,12625,0.0,0.0
1994-11-21 00:00:00-05:00,6.6043524742126465,6.6043524742126465,6.6043524742126465,6.6043524742126465,625,0.0,0.0
1994-11-22 00:00:00-05:00,6.515103452183702,6.604351357233976,6.515103452183702,6.559727191925049,4875,0.0,0.0
1994-11-23 00:00:00-05:00,6.604351357233976,6.604351357233976,6.559727191925049,6.559727191925049,2250,0.0,0.0
1994-11-25 00:00:00-05:00,6.6043524742126465,6.6043524742126465,6.6043524742126465,6.6043524742126465,375,0.0,0.0
1994-11-28 00:00:00-05:00,6.604353051635984,6.693600979583561,6.604353051635984,6.648976802825928,3500,0.0,0.0
1994-11-29 00:00:00-05:00,6.693599700927734,6.693599700927734,6.693599700927734,6.693599700927734,125,0.0,0.0
1994-11-30 00:00:00-05:00,6.782844066619873,6.782844066619873,6.782844066619873,6.782844066619873,625,0.0,0.0
1994-12-01 00:00:00-05:00,6.693599700927734,6.693599700927734,6.604351790028886,6.693599700927734,1625,0.0,0.0
1994-12-02 00:00:00-05:00,6.738223869160962,6.782847611826583,6.693599700927734,6.693599700927734,29250,0.0,0.0
1994-12-05 00:00:00-05:00,6.6043524742126465,6.6043524742126465,6.6043524742126465,6.6043524742126465,375,0.0,0.0
1994-12-06 00:00:00-05:00,6.693599700927734,6.693599700927734,6.693599700927734,6.693599700927734,1375,0.0,0.0
1994-12-07 00:00:00-05:00,6.738221168518066,6.738221168518066,6.738221168518066,6.738221168518066,500,0.0,0.0
1994-12-08 00:00:00-05:00,6.738221168518066,6.738221168518066,6.738221168518066,6.738221168518066,125,0.0,0.0
1994-12-09 00:00:00-05:00,6.738221168518066,6.738221168518066,6.738221168518066,6.738221168518066,125,0.0,0.0
1994-12-12 00:00:00-05:00,6.782844893298737,6.782844893298737,6.738221168518066,6.738221168518066,375,0.0,0.0
1994-12-13 00:00:00-05:00,6.738220347277848,6.872091930871308,6.738220347277848,6.782844066619873,10625,0.0,0.0
1994-12-14 00:00:00-05:00,6.782841880520243,6.827466011047363,6.73821817556037,6.827466011047363,2000,0.0,0.0
1994-12-15 00:00:00-05:00,6.8274682115292835,6.8274682115292835,6.738220347277848,6.782844066619873,2625,0.0,0.0
1994-12-16 00:00:00-05:00,6.782847611826583,6.782847611826583,6.693599700927734,6.693599700927734,10625,0.0,0.0
1994-12-19 00:00:00-05:00,6.738224567213321,6.738224567213321,6.6043524742126465,6.6043524742126465,2875,0.0,0.0
1994-12-20 00:00:00-05:00,6.693596996973561,6.693596996973561,6.336605072021484,6.336605072021484,10500,0.0,0.0
1994-12-21 00:00:00-05:00,6.336608664822059,6.425856590270996,6.336608664822059,6.425856590270996,2250,0.0,0.0
1994-12-22 00:00:00-05:00,6.247360858582819,6.33660878573475,6.247360858582819,6.291985034942627,8750,0.0,0.0
1994-12-23 00:00:00-05:00,6.291985034942627,6.291985034942627,6.291985034942627,6.291985034942627,2875,0.0,0.0
1994-12-27 00:00:00-05:00,6.291985034942627,6.33660878573475,6.247360858582819,6.291985034942627,4125,0.0,0.0
1994-12-28 00:00:00-05:00,6.291985034942627,6.291985034942627,6.291985034942627,6.291985034942627,500,0.0,0.0
1994-12-29 00:00:00-05:00,6.202734664941511,6.291982988635383,6.1134867668151855,6.1134867668151855,2000,0.0,0.0
1994-12-30 00:00:00-05:00,6.158109315267764,6.202733039855957,6.113485165112136,6.202733039855957,4250,0.0,0.0
1995-01-03 00:00:00-05:00,6.24735689163208,6.24735689163208,6.24735689163208,6.24735689163208,625,0.0,0.0
1995-01-04 00:00:00-05:00,6.24735689163208,6.24735689163208,6.202732743607742,6.24735689163208,11125,0.0,0.0
1995-01-05 00:00:00-05:00,6.158109315267764,6.202733039855957,6.158109315267764,6.202733039855957,1375,0.0,0.0
1995-01-06 00:00:00-05:00,6.247358826788448,6.247358826788448,6.1134867668151855,6.1134867668151855,8000,0.0,0.0
1995-01-09 00:00:00-05:00,6.15811014175415,6.202733872331341,6.113485985609468,6.15811014175415,2625,0.0,0.0
1995-01-10 00:00:00-05:00,6.202734664941511,6.202734664941511,6.1134867668151855,6.1134867668151855,5250,0.0,0.0
1995-01-11 00:00:00-05:00,6.1134867668151855,6.158110928662122,6.1134867668151855,6.1134867668151855,2500,0.0,0.0
1995-01-12 00:00:00-05:00,6.158110928662122,6.158110928662122,6.1134867668151855,6.1134867668151855,42625,0.0,0.0
1995-01-13 00:00:00-05:00,6.158112430513311,6.158112430513311,5.979616165161133,5.979616165161133,14000,0.0,0.0
1995-01-16 00:00:00-05:00,6.024238586425781,6.068862746181872,6.024238586425781,6.024238586425781,8000,0.0,0.0
1995-01-17 00:00:00-05:00,6.068863391876221,6.068863391876221,6.024239227372359,6.068863391876221,23375,0.0,0.0
1995-01-18 00:00:00-05:00,6.15811014175415,6.15811014175415,6.15811014175415,6.15811014175415,7500,0.0,0.0
1995-01-19 00:00:00-05:00,6.15811014175415,6.15811014175415,6.15811014175415,6.15811014175415,3500,0.0,0.0
1995-01-20 00:00:00-05:00,6.15811014175415,6.15811014175415,6.15811014175415,6.15811014175415,1625,0.0,0.0
1995-01-23 00:00:00-05:00,6.15811129531637,6.15811129531637,6.068863391876221,6.068863391876221,32750,0.0,0.0
1995-01-24 00:00:00-05:00,6.158109315267764,6.202733039855957,6.158109315267764,6.202733039855957,750,0.0,0.0
1995-01-25 00:00:00-05:00,6.291985034942627,6.291985034942627,6.158112931430887,6.291985034942627,4875,0.0,0.0
1995-01-26 00:00:00-05:00,6.2473578386725865,6.381229877471924,6.2473578386725865,6.381229877471924,2250,0.0,0.0
1995-01-27 00:00:00-05:00,6.425853606693384,6.425853606693384,6.336605722682985,6.381229877471924,2750,0.0,0.0
1995-01-30 00:00:00-05:00,6.425854070455565,6.515102386474609,6.425854070455565,6.515102386474609,1250,0.0,0.0
1995-01-31 00:00:00-05:00,6.515104941287611,6.515104941287611,6.425856590270996,6.425856590270996,1250,0.0,0.0
1995-02-01 00:00:00-05:00,6.515102386474609,6.559726118916621,6.3812303380135535,6.515102386474609,5000,0.0,0.0
1995-02-02 00:00:00-05:00,6.470477761482322,6.470477761482322,6.381229877471924,6.381229877471924,43625,0.0,0.0
1995-02-03 00:00:00-05:00,6.470479286874776,6.559727191925049,6.470479286874776,6.559727191925049,6375,0.0,0.0
1995-02-06 00:00:00-05:00,6.515103452183702,6.604351357233976,6.515103452183702,6.559727191925049,2750,0.0,0.0
1995-02-07 00:00:00-05:00,6.604350276926143,6.648974009368154,6.515102386474609,6.515102386474609,2375,0.0,0.0
1995-02-08 00:00:00-05:00,6.470479286874776,6.559727191925049,6.470479286874776,6.559727191925049,750,0.0,0.0
1995-02-09 00:00:00-05:00,6.515104941287611,6.515104941287611,6.425856590270996,6.425856590270996,2375,0.0,0.0
1995-02-10 00:00:00-05:00,6.515104941287611,6.515104941287611,6.425856590270996,6.425856590270996,35625,0.0,0.0
1995-02-13 00:00:00-05:00,6.4545392990112305,6.49936266076201,6.40971636472771,6.4545392990112305,1500,0.064,0.0
1995-02-14 00:00:00-05:00,6.4545392990112305,6.4545392990112305,6.36489300297693,6.4545392990112305,7000,0.0,0.0
1995-02-15 00:00:00-05:00,6.409715175628662,6.409715175628662,6.409715175628662,6.409715175628662,20500,0.0,0.0
1995-02-16 00:00:00-05:00,6.409714400259279,6.409714400259279,6.364891052246094,6.364891052246094,14375,0.0,0.0
1995-02-17 00:00:00-05:00,6.364891822193293,6.409715175628662,6.364891822193293,6.409715175628662,13000,0.0,0.0
1995-02-21 00:00:00-05:00,6.364894162849541,6.364894162849541,6.320071220397949,6.320071220397949,11125,0.0,0.0
1995-02-22 00:00:00-05:00,6.320069935717522,6.320069935717522,6.185600280761719,6.185600280761719,5500,0.0,0.0
1995-02-23 00:00:00-05:00,6.140778064727783,6.140778064727783,6.095955123031382,6.140778064727783,15500,0.0,0.0
1995-02-24 00:00:00-05:00,6.095955552223265,6.140778497075471,5.961485862731934,5.961485862731934,19875,0.0,0.0
1995-02-27 00:00:00-05:00,5.916662653475513,5.961486027030408,5.737370014190674,5.737370014190674,21125,0.0,0.0
1995-02-28 00:00:00-05:00,5.782192230224609,5.827015598120153,5.692545921900839,5.782192230224609,16000,0.0,0.0
1995-03-01 00:00:00-05:00,5.737367216653288,5.8270134925842285,5.737367216653288,5.8270134925842285,9500,0.0,0.0
1995-03-02 00:00:00-05:00,5.8270134925842285,5.8270134925842285,5.737367216653288,5.8270134925842285,9625,0.0,0.0
1995-03-03 00:00:00-05:00,5.827016333833093,5.871839707387989,5.737370014190674,5.737370014190674,19250,0.0,0.0
1995-03-06 00:00:00-05:00,5.737369289796383,5.827015598120153,5.737369289796383,5.782192230224609,319625,0.0,0.0
1995-03-07 00:00:00-05:00,5.827016333833093,5.827016333833093,5.6477236945482545,5.737370014190674,15875,0.0,0.0
1995-03-08 00:00:00-05:00,5.737369289796383,5.782192230224609,5.692545921900839,5.782192230224609,9750,0.0,0.0
1995-03-09 00:00:00-05:00,5.7821929602781985,5.7821929602781985,5.692546640635779,5.737370014190674,7000,0.0,0.0
1995-03-10 00:00:00-05:00,5.7821929602781985,5.827016333833093,5.692546640635779,5.737370014190674,7250,0.0,0.0
1995-03-13 00:00:00-05:00,5.737371180826007,5.737371180826007,5.692547798156738,5.692547798156738,8875,0.0,0.0
1995-03-14 00:00:00-05:00,5.782192230224609,5.782192230224609,5.737369289796383,5.782192230224609,15125,0.0,0.0
1995-03-15 00:00:00-05:00,5.7821929602781985,5.7821929602781985,5.737370014190674,5.737370014190674,4500,0.0,0.0
1995-03-16 00:00:00-05:00,5.7821929602781985,5.7821929602781985,5.737370014190674,5.737370014190674,43375,0.0,0.0
1995-03-17 00:00:00-05:00,5.737367216653288,5.87183684428328,5.737367216653288,5.8270134925842285,16125,0.0,0.0
1995-03-20 00:00:00-05:00,5.916662490412371,5.961485862731934,5.827016173240602,5.961485862731934,9250,0.0,0.0
1995-03-21 00:00:00-05:00,5.827015204771342,5.916661507043598,5.827015204771342,5.871838569641113,5500,0.0,0.0
1995-03-22 00:00:00-05:00,5.827016333833093,5.871839707387989,5.737370014190674,5.737370014190674,15250,0.0,0.0
1995-03-23 00:00:00-05:00,5.827015598120153,5.827015598120153,5.737369289796383,5.782192230224609,10625,0.0,0.0
1995-03-24 00:00:00-05:00,5.782191839901571,5.871838569641113,5.737368902499087,5.871838569641113,256500,0.0,0.0
1995-03-27 00:00:00-05:00,5.87183684428328,5.87183684428328,5.8270134925842285,5.8270134925842285,16750,0.0,0.0
1995-03-28 00:00:00-05:00,5.8270134925842285,5.8270134925842285,5.782190140885177,5.8270134925842285,3875,0.0,0.0
1995-03-29 00:00:00-05:00,5.737370014190674,5.7821929602781985,5.737370014190674,5.737370014190674,44375,0.0,0.0
1995-03-30 00:00:00-05:00,5.737369289796383,5.782192230224609,5.737369289796383,5.782192230224609,9625,0.0,0.0
1995-03-31 00:00:00-05:00,5.782190088310825,6.18559896753282,5.782190088310825,6.051129341125488,8125,0.0,0.0
1995-04-03 00:00:00-04:00,6.095956325531006,6.095956325531006,6.095956325531006,6.095956325531006,2750,0.0,0.0
1995-04-04 00:00:00-04:00,6.095956325531006,6.095956325531006,6.006309569519662,6.095956325531006,5875,0.0,0.0
1995-04-05 00:00:00-04:00,5.961486618981405,6.185602654074935,5.961486618981405,6.095956325531006,4500,0.0,0.0
1995-04-06 00:00:00-04:00,6.140777622897077,6.364893597655856,6.140777622897077,6.230423927307129,4625,0.0,0.0
1995-04-07 00:00:00-04:00,6.185598515127606,6.409714400259279,6.185598515127606,6.364891052246094,2250,0.0,0.0
1995-04-10 00:00:00-04:00,6.409715175628662,6.409715175628662,6.409715175628662,6.409715175628662,1750,0.0,0.0
1995-04-11 00:00:00-04:00,6.499363845138987,6.499363845138987,6.320071220397949,6.320071220397949,1875,0.0,0.0
1995-04-12 00:00:00-04:00,6.320069935717522,6.320069935717522,6.095953986613599,6.185600280761719,3500,0.0,0.0
1995-04-13 00:00:00-04:00,6.1856045563188315,6.230427520641387,6.006311416625977,6.006311416625977,5250,0.0,0.0
1995-04-17 00:00:00-04:00,6.051130625805915,6.185600280761719,6.051130625805915,6.185600280761719,7000,0.0,0.0
1995-04-18 00:00:00-04:00,6.230425604613194,6.230425604613194,6.095956325531006,6.095956325531006,14875,0.0,0.0
1995-04-19 00:00:00-04:00,6.140779276069264,6.140779276069264,6.095956325531006,6.095956325531006,8875,0.0,0.0
1995-04-20 00:00:00-04:00,6.095952692416985,6.095952692416985,6.051129341125488,6.051129341125488,7375,0.0,0.0
1995-04-21 00:00:00-04:00,5.961483664630311,6.006306592955531,5.916660308837891,5.916660308837891,12250,0.0,0.0
1995-04-24 00:00:00-04:00,5.9166650605133215,6.006311416625977,5.9166650605133215,6.006311416625977,15125,0.0,0.0
1995-04-25 00:00:00-04:00,6.095955123031382,6.140778064727783,6.095955123031382,6.140778064727783,1875,0.0,0.0
1995-04-26 00:00:00-04:00,6.095952692416985,6.095952692416985,6.006305989833992,6.051129341125488,4000,0.0,0.0
1995-04-27 00:00:00-04:00,6.095956325531006,6.140779276069264,5.916663240975733,6.095956325531006,12250,0.0,0.0
1995-04-28 00:00:00-04:00,6.095956325531006,6.095956325531006,6.006309569519662,6.095956325531006,5000,0.0,0.0
1995-05-01 00:00:00-04:00,6.051129341125488,6.051129341125488,6.051129341125488,6.051129341125488,4000,0.0,0.0
1995-05-02 00:00:00-04:00,5.916659768515169,5.916659768515169,5.8270134925842285,5.8270134925842285,8875,0.0,0.0
1995-05-03 00:00:00-04:00,5.827017518697086,5.871840901366354,5.647724842954927,5.692547798156738,14125,0.0,0.0
1995-05-04 00:00:00-04:00,5.692543864954237,5.87183684428328,5.692543864954237,5.8270134925842285,4125,0.0,0.0
1995-05-05 00:00:00-04:00,5.8270134925842285,5.87183684428328,5.737367216653288,5.8270134925842285,8000,0.0,0.0
1995-05-08 00:00:00-04:00,5.8270134925842285,5.8270134925842285,5.737367216653288,5.8270134925842285,6125,0.0,0.0
1995-05-09 00:00:00-04:00,5.737371180826007,5.737371180826007,5.468431739745312,5.692547798156738,15250,0.0,0.0
1995-05-10 00:00:00-04:00,5.647719860076904,5.692542775732291,5.602896516954436,5.647719860076904,8125,0.0,0.0
1995-05-11 00:00:00-04:00,5.692542775732291,5.737366118854759,5.602896516954436,5.647719860076904,6250,0.0,0.0
1995-05-12 00:00:00-04:00,5.647724842954927,5.737371180826007,5.647724842954927,5.692547798156738,59000,0.0,0.0
1995-05-15 00:00:00-04:00,5.721379496338824,5.766429901123047,5.721379496338824,5.766429901123047,1375,0.064,0.0
1995-05-16 00:00:00-04:00,5.766428402482968,5.8565287590026855,5.766428402482968,5.8565287590026855,4000,0.0,0.0
1995-05-17 00:00:00-04:00,5.946628093719482,5.946628093719482,5.946628093719482,5.946628093719482,500,0.0,0.0
1995-05-18 00:00:00-04:00,5.946631747604759,5.946631747604759,5.856531351205044,5.901581764221191,3375,0.0,0.0
1995-05-19 00:00:00-04:00,5.856532012106407,5.901582430206431,5.721381187438965,5.721381187438965,5500,0.0,0.0
1995-05-22 00:00:00-04:00,5.766429901123047,5.766429901123047,5.721379496338824,5.766429901123047,1125,0.0,0.0
1995-05-23 00:00:00-04:00,5.721379147137825,5.721379147137825,5.54117839826438,5.586228370666504,9250,0.0,0.0
1995-05-24 00:00:00-04:00,5.496127352872629,5.541177749633789,5.4060269889827355,5.541177749633789,3875,0.0,0.0
1995-05-25 00:00:00-04:00,5.631278772701102,5.631278772701102,5.54117839826438,5.586228370666504,3375,0.0,0.0
1995-05-26 00:00:00-04:00,5.586230480002414,5.631280899047852,5.541180490589613,5.631280899047852,5000,0.0,0.0
1995-05-30 00:00:00-04:00,5.54117839826438,5.586228370666504,5.406027621793058,5.586228370666504,5625,0.0,0.0
1995-05-31 00:00:00-04:00,5.496127996229781,5.586228370666504,5.496127996229781,5.586228370666504,3125,0.0,0.0
1995-06-01 00:00:00-04:00,5.586225550197775,5.586225550197775,5.496125221252441,5.496125221252441,6125,0.0,0.0
1995-06-02 00:00:00-04:00,5.54117839826438,5.586228370666504,5.54117839826438,5.586228370666504,6250,0.0,0.0
1995-06-05 00:00:00-04:00,5.586228370666504,5.586228370666504,5.586228370666504,5.586228370666504,2375,0.0,0.0
1995-06-06 00:00:00-04:00,5.586228370666504,5.586228370666504,5.563703599281679,5.586228370666504,23000,0.0,0.0
1995-06-07 00:00:00-04:00,5.586228370666504,5.586228370666504,5.54117839826438,5.586228370666504,4375,0.0,0.0
1995-06-08 00:00:00-04:00,5.586227716762523,5.586227716762523,5.541177749633789,5.541177749633789,1500,0.0,0.0
1995-06-09 00:00:00-04:00,5.541177749633789,5.586227716762523,5.541177749633789,5.541177749633789,3375,0.0,0.0
1995-06-12 00:00:00-04:00,5.496127352872629,5.586227716762523,5.496127352872629,5.541177749633789,6000,0.0,0.0
1995-06-13 00:00:00-04:00,5.541178085899787,5.586228055762376,5.406027317047119,5.406027317047119,35875,0.0,0.0
1995-06-14 00:00:00-04:00,5.496127686404748,5.496127686404748,5.406027317047119,5.406027317047119,12625,0.0,0.0
1995-06-15 00:00:00-04:00,5.406027317047119,5.406027317047119,5.315926947689491,5.406027317047119,12875,0.0,0.0
1995-06-16 00:00:00-04:00,5.406027317047119,5.406027317047119,5.315926947689491,5.406027317047119,6250,0.0,0.0
1995-06-19 00:00:00-04:00,5.451078460983664,5.451078460983664,5.360977649688721,5.360977649688721,3500,0.0,0.0
1995-06-20 00:00:00-04:00,5.406027317047119,5.406027317047119,5.36097691755208,5.406027317047119,3875,0.0,0.0
1995-06-21 00:00:00-04:00,5.451078460983664,5.496128436998627,5.315927673673758,5.360977649688721,3625,0.0,0.0
1995-06-22 00:00:00-04:00,5.4060269144668105,5.4060269144668105,5.180775793030693,5.315926551818848,220625,0.0,0.0
1995-06-23 00:00:00-04:00,5.406027317047119,5.451077716542159,5.315926947689491,5.406027317047119,4500,0.0,0.0
1995-06-26 00:00:00-04:00,5.496127686404748,5.496127686404748,5.36097691755208,5.406027317047119,14000,0.0,0.0
1995-06-27 00:00:00-04:00,5.360976105334779,5.406026498004437,5.225825786590576,5.225825786590576,23500,0.0,0.0
1995-06-28 00:00:00-04:00,5.270875930786133,5.360976289589783,5.270875930786133,5.270875930786133,66000,0.0,0.0
1995-06-29 00:00:00-04:00,5.270875930786133,5.315926325004158,5.270875930786133,5.270875930786133,2125,0.0,0.0
1995-06-30 00:00:00-04:00,5.270877268026286,5.360977649688721,5.270877268026286,5.360977649688721,7875,0.0,0.0
1995-07-03 00:00:00-04:00,5.2258259662005075,5.270875930786133,5.2258259662005075,5.270875930786133,29125,0.0,0.0
1995-07-05 00:00:00-04:00,5.270875749627849,5.270875749627849,5.225825786590576,5.225825786590576,21375,0.0,0.0
1995-07-06 00:00:00-04:00,5.270875930786133,5.270875930786133,5.180775571982482,5.270875930786133,14875,0.0,0.0
1995-07-07 00:00:00-04:00,5.27087607659616,5.27087607659616,5.090675354003906,5.090675354003906,6500,0.0,0.0
1995-07-10 00:00:00-04:00,5.090675213178833,5.270875930786133,5.090675213178833,5.270875930786133,8125,0.0,0.0
1995-07-11 00:00:00-04:00,5.270875749627849,5.270875749627849,5.225825786590576,5.225825786590576,5125,0.0,0.0
1995-07-12 00:00:00-04:00,5.2258259662005075,5.270875930786133,5.2258259662005075,5.270875930786133,3625,0.0,0.0
1995-07-13 00:00:00-04:00,5.225825556241746,5.270875517293264,5.090674813822459,5.180775165557861,12250,0.0,0.0
1995-07-14 00:00:00-04:00,5.225825556241746,5.225825556241746,5.045624423138575,5.180775165557861,9875,0.0,0.0
1995-07-17 00:00:00-04:00,5.225826189170885,5.315926551818848,5.180775793030693,5.315926551818848,37625,0.0,0.0
1995-07-18 00:00:00-04:00,5.406028055336193,5.541178842646099,5.315927673673758,5.360977649688721,7750,0.0,0.0
1995-07-19 00:00:00-04:00,5.3609772197584595,5.586228370666504,5.3609772197584595,5.586228370666504,2000,0.0,0.0
1995-07-20 00:00:00-04:00,5.676328510284842,5.676328510284842,5.541177749633789,5.541177749633789,12875,0.0,0.0
1995-07-21 00:00:00-04:00,5.496125221252441,5.496125221252441,5.496125221252441,5.496125221252441,1500,0.0,0.0
1995-07-24 00:00:00-04:00,5.6312807808715455,5.766431605538989,5.6312807808715455,5.721381187438965,8375,0.0,0.0
1995-07-25 00:00:00-04:00,5.676329135894775,5.676329135894775,5.676329135894775,5.676329135894775,500,0.0,0.0
1995-07-26 00:00:00-04:00,5.631280899047852,5.67633131809329,5.631280899047852,5.631280899047852,1000,0.0,0.0
1995-07-27 00:00:00-04:00,5.586227716762523,5.586227716762523,5.451077385743894,5.541177749633789,24625,0.0,0.0
1995-07-28 00:00:00-04:00,5.586227716762523,5.631278113523683,5.451077385743894,5.541177749633789,3375,0.0,0.0
1995-07-31 00:00:00-04:00,5.586228370666504,5.586228370666504,5.586228370666504,5.586228370666504,625,0.0,0.0
1995-08-01 00:00:00-04:00,5.541175600541237,5.541175600541237,5.406024892307108,5.496125221252441,2875,0.0,0.0
1995-08-02 00:00:00-04:00,5.496127996229781,5.586228370666504,5.496127996229781,5.586228370666504,2250,0.0,0.0
1995-08-03 00:00:00-04:00,5.586228370666504,5.631278772701102,5.586228370666504,5.586228370666504,1125,0.0,0.0
1995-08-04 00:00:00-04:00,5.586228711618654,5.766429901123047,5.586228711618654,5.766429901123047,6000,0.0,0.0
1995-08-07 00:00:00-04:00,5.766427703152635,5.8114776611328125,5.766427703152635,5.8114776611328125,4125,0.0,0.0
1995-08-08 00:00:00-04:00,5.676327357559944,5.8114776611328125,5.676327357559944,5.8114776611328125,3375,0.0,0.0
1995-08-09 00:00:00-04:00,5.766431605538989,5.766431605538989,5.721381187438965,5.721381187438965,875,0.0,0.0
1995-08-10 00:00:00-04:00,5.676329174735701,5.721379147137825,5.586228370666504,5.586228370666504,1000,0.0,0.0
1995-08-11 00:00:00-04:00,5.541178360348239,5.676329135894775,5.451077986528038,5.676329135894775,2625,0.0,0.0
1995-08-14 00:00:00-04:00,5.631278734168439,5.676329135894775,5.631278734168439,5.676329135894775,875,0.0,0.0
1995-08-15 00:00:00-04:00,5.586228332442103,5.676329135894775,5.586228332442103,5.676329135894775,1500,0.0,0.0
1995-08-16 00:00:00-04:00,5.614748057250107,5.750588826598687,5.614748057250107,5.660028457641602,2625,0.064,0.0
1995-08-17 00:00:00-04:00,5.705308437347412,5.705308437347412,5.705308437347412,5.705308437347412,1125,0.0,0.0
1995-08-18 00:00:00-04:00,5.705305153008264,5.705305153008264,5.433623790740967,5.433623790740967,25500,0.0,0.0
1995-08-21 00:00:00-04:00,5.433627264995798,5.614748001098633,5.433627264995798,5.614748001098633,11000,0.0,0.0
1995-08-22 00:00:00-04:00,5.524186134338379,5.56946652199249,5.524186134338379,5.524186134338379,56625,0.0,0.0
1995-08-23 00:00:00-04:00,5.52418803337532,5.52418803337532,5.478908061981201,5.478908061981201,2625,0.0,0.0
1995-08-24 00:00:00-04:00,5.433626788478529,5.569467544555664,5.433626788478529,5.569467544555664,2250,0.0,0.0
1995-08-25 00:00:00-04:00,5.569467544555664,5.569467544555664,5.569467544555664,5.569467544555664,125,0.0,0.0
1995-08-28 00:00:00-04:00,5.524187148587999,5.569467544555664,5.524187148587999,5.569467544555664,25250,0.0,0.0
1995-08-29 00:00:00-04:00,5.569468153856789,5.750588893890381,5.569468153856789,5.750588893890381,750,0.0,0.0
1995-08-30 00:00:00-04:00,5.705308858033095,5.705308858033095,5.614748057250107,5.660028457641602,2125,0.0,0.0
1995-08-31 00:00:00-04:00,5.660028040294707,5.705308437347412,5.614747643242001,5.705308437347412,3750,0.0,0.0
1995-09-01 00:00:00-04:00,5.66002840103729,5.66002840103729,5.614748001098633,5.614748001098633,4500,0.0,0.0
1995-09-05 00:00:00-04:00,5.614748001098633,5.614748001098633,5.569468032985872,5.614748001098633,1625,0.0,0.0
1995-09-06 00:00:00-04:00,5.614748057250107,5.660028457641602,5.524187688293022,5.660028457641602,3875,0.0,0.0
1995-09-07 00:00:00-04:00,5.614747508697469,5.614747508697469,5.569467544555664,5.569467544555664,8500,0.0,0.0
1995-09-08 00:00:00-04:00,5.614747508697469,5.614747508697469,5.569467544555664,5.569467544555664,875,0.0,0.0
1995-09-11 00:00:00-04:00,5.660028457641602,5.660028457641602,5.614748057250107,5.660028457641602,1750,0.0,0.0
1995-09-12 00:00:00-04:00,5.660028040294707,5.705308437347412,5.660028040294707,5.705308437347412,1000,0.0,0.0
1995-09-13 00:00:00-04:00,5.66002811253029,5.795868873596191,5.66002811253029,5.795868873596191,5875,0.0,0.0
1995-09-14 00:00:00-04:00,5.750588893890381,5.750588893890381,5.750588893890381,5.750588893890381,1625,0.0,0.0
1995-09-15 00:00:00-04:00,5.750588893890381,5.750588893890381,5.660028523873585,5.750588893890381,3500,0.0,0.0
1995-09-18 00:00:00-04:00,5.750588402574248,5.750588402574248,5.705308437347412,5.705308437347412,1750,0.0,0.0
1995-09-19 00:00:00-04:00,5.705308858033095,5.705308858033095,5.660028457641602,5.660028457641602,3000,0.0,0.0
1995-09-20 00:00:00-04:00,5.614748296862727,5.614748296862727,5.388347148895264,5.388347148895264,11875,0.0,0.0
1995-09-21 00:00:00-04:00,5.433627658761154,5.478908061981201,5.433627658761154,5.478908061981201,4875,0.0,0.0
1995-09-22 00:00:00-04:00,5.478904161727391,5.524184100888192,5.433623790740967,5.433623790740967,15875,0.0,0.0
1995-09-25 00:00:00-04:00,5.433627658761154,5.478908061981201,5.433627658761154,5.478908061981201,7500,0.0,0.0
1995-09-26 00:00:00-04:00,5.433627658761154,5.478908061981201,5.433627658761154,5.478908061981201,4000,0.0,0.0
1995-09-27 00:00:00-04:00,5.52418803337532,5.52418803337532,5.478908061981201,5.478908061981201,2500,0.0,0.0
1995-09-28 00:00:00-04:00,5.478908061981201,5.52418803337532,5.478908061981201,5.478908061981201,2250,0.0,0.0
1995-09-29 00:00:00-04:00,5.56946652199249,5.56946652199249,5.524186134338379,5.524186134338379,2250,0.0,0.0
1995-10-02 00:00:00-04:00,5.614747508697469,5.705308300632799,5.569467544555664,5.569467544555664,2750,0.0,0.0
1995-10-03 00:00:00-04:00,5.524184100888192,5.524184100888192,5.433623790740967,5.433623790740967,31875,0.0,0.0
1995-10-04 00:00:00-04:00,5.478908061981201,5.478908061981201,5.478908061981201,5.478908061981201,750,0.0,0.0
1995-10-05 00:00:00-04:00,5.478908061981201,5.478908061981201,5.478908061981201,5.478908061981201,500,0.0,0.0
1995-10-06 00:00:00-04:00,5.478908061981201,5.478908061981201,5.478908061981201,5.478908061981201,4375,0.0,0.0
1995-10-09 00:00:00-04:00,5.478908061981201,5.478908061981201,5.478908061981201,5.478908061981201,1750,0.0,0.0
1995-10-10 00:00:00-04:00,5.478908061981201,5.478908061981201,5.478908061981201,5.478908061981201,250,0.0,0.0
1995-10-11 00:00:00-04:00,5.433626423711362,5.433626423711362,5.161944929795462,5.207225322723389,47750,0.0,0.0
1995-10-12 00:00:00-04:00,5.252505302429199,5.252505302429199,5.207224913063546,5.252505302429199,7250,0.0,0.0
1995-10-13 00:00:00-04:00,5.252503906120751,5.297783851623535,5.252503906120751,5.297783851623535,18750,0.0,0.0
1995-10-16 00:00:00-04:00,5.297785259969057,5.297785259969057,5.252505302429199,5.252505302429199,3000,0.0,0.0
1995-10-17 00:00:00-04:00,5.207228150709909,5.207228150709909,5.116667747497559,5.116667747497559,1750,0.0,0.0
1995-10-18 00:00:00-04:00,5.116667747497559,5.116667747497559,5.116667747497559,5.116667747497559,0,0.0,0.0
1995-10-19 00:00:00-04:00,5.071384981738051,5.343066497402498,5.071384981738051,5.161945343017578,4500,0.0,0.0
1995-10-20 00:00:00-04:00,5.116665378290747,5.161945343017578,5.116665378290747,5.161945343017578,1000,0.0,0.0
1995-10-23 00:00:00-04:00,5.116664968693366,5.207225322723389,5.116664968693366,5.207225322723389,3875,0.0,0.0
1995-10-24 00:00:00-04:00,5.1619477331907015,5.1619477331907015,5.116667747497559,5.116667747497559,3750,0.0,0.0
1995-10-25 00:00:00-04:00,5.161945343017578,5.207225739570275,5.116665378290747,5.161945343017578,1625,0.0,0.0
1995-10-26 00:00:00-04:00,5.1619477331907015,5.1619477331907015,5.071387329978351,5.116667747497559,2375,0.0,0.0
1995-10-27 00:00:00-04:00,5.116667747497559,5.1619477331907015,5.116667747497559,5.116667747497559,2250,0.0,0.0
1995-10-30 00:00:00-05:00,5.161945343017578,5.161945343017578,5.161945343017578,5.161945343017578,125,0.0,0.0
1995-10-31 00:00:00-05:00,5.1619477331907015,5.1619477331907015,5.116667747497559,5.116667747497559,3000,0.0,0.0
1995-11-01 00:00:00-05:00,5.116664968693366,5.207225322723389,5.116664968693366,5.207225322723389,500,0.0,0.0
1995-11-02 00:00:00-05:00,5.252503906120751,5.388344174454787,5.252503906120751,5.297783851623535,2375,0.0,0.0
1995-11-03 00:00:00-05:00,5.343064228952001,5.388344174454787,5.297783851623535,5.297783851623535,2000,0.0,0.0
1995-11-06 00:00:00-05:00,5.297785259969057,5.297785259969057,5.207224913063546,5.252505302429199,1500,0.0,0.0
1995-11-07 00:00:00-05:00,5.252506805575522,5.388347148895264,5.252506805575522,5.388347148895264,2125,0.0,0.0
1995-11-08 00:00:00-05:00,5.343065649334711,5.343065649334711,5.252505302429199,5.252505302429199,3875,0.0,0.0
1995-11-09 00:00:00-05:00,5.161945343017578,5.207225739570275,5.161945343017578,5.161945343017578,2125,0.0,0.0
1995-11-10 00:00:00-05:00,5.161944929795462,5.207225322723389,5.161944929795462,5.207225322723389,3125,0.0,0.0
1995-11-13 00:00:00-05:00,5.252505302429199,5.252505302429199,5.207224913063546,5.252505302429199,5750,0.0,0.0
1995-11-14 00:00:00-05:00,5.252503906120751,5.297783851623535,5.252503906120751,5.297783851623535,1625,0.0,0.0
1995-11-15 00:00:00-05:00,5.235865992155865,5.281395435333252,5.235865992155865,5.281395435333252,10750,0.064,0.0
1995-11-16 00:00:00-05:00,5.281395435333252,5.281395435333252,5.235865992155865,5.281395435333252,8500,0.0,0.0
1995-11-17 00:00:00-05:00,5.3269244443096895,5.3269244443096895,5.281395435333252,5.281395435333252,9875,0.0,0.0
1995-11-20 00:00:00-05:00,5.281395435333252,5.3269244443096895,5.281395435333252,5.281395435333252,6875,0.0,0.0
1995-11-21 00:00:00-05:00,5.281393425040584,5.326922416687012,5.281393425040584,5.326922416687012,30375,0.0,0.0
1995-11-22 00:00:00-05:00,5.281393425040584,5.3724518425342245,5.281393425040584,5.326922416687012,4625,0.0,0.0
1995-11-24 00:00:00-05:00,5.326922416687012,5.326922416687012,5.326922416687012,5.326922416687012,1375,0.0,0.0
1995-11-27 00:00:00-05:00,5.372453212738037,5.463511653455449,5.372453212738037,5.372453212738037,14000,0.0,0.0
1995-11-28 00:00:00-05:00,5.417982215996296,5.417982215996296,5.372453212738037,5.372453212738037,4750,0.0,0.0
1995-11-29 00:00:00-05:00,5.372453212738037,5.372453212738037,5.372453212738037,5.372453212738037,250,0.0,0.0
1995-11-30 00:00:00-05:00,5.4179820310747955,5.4635114669799805,5.4179820310747955,5.4635114669799805,6125,0.0,0.0
1995-12-01 00:00:00-05:00,5.4179820310747955,5.4635114669799805,5.4179820310747955,5.4635114669799805,13750,0.0,0.0
1995-12-04 00:00:00-05:00,5.509044170379639,5.554573199087875,5.463514707470265,5.509044170379639,7500,0.0,0.0
1995-12-05 00:00:00-05:00,5.50904261273534,5.554571628570557,5.463513162699108,5.554571628570557,6625,0.0,0.0
1995-12-06 00:00:00-05:00,5.509044170379639,5.509044170379639,5.463514707470265,5.509044170379639,4000,0.0,0.0
1995-12-07 00:00:00-05:00,5.50904261273534,5.554571628570557,5.50904261273534,5.554571628570557,875,0.0,0.0
1995-12-08 00:00:00-05:00,5.509044170379639,5.554573199087875,5.463514707470265,5.509044170379639,53875,0.0,0.0
1995-12-11 00:00:00-05:00,5.509044170379639,5.554573199087875,5.463514707470265,5.509044170379639,4500,0.0,0.0
1995-12-12 00:00:00-05:00,5.509040079721869,5.645627498626709,5.509040079721869,5.645627498626709,17750,0.0,0.0
1995-12-13 00:00:00-05:00,5.645630273707284,5.691159725189209,5.645630273707284,5.691159725189209,2375,0.0,0.0
1995-12-14 00:00:00-05:00,5.691160452702446,5.782218933105469,5.645630995400393,5.782218933105469,7625,0.0,0.0
1995-12-15 00:00:00-05:00,5.8277467465773185,5.918805201295519,5.8277467465773185,5.8732757568359375,15500,0.0,0.0
1995-12-18 00:00:00-05:00,5.918804057626753,5.918804057626753,5.736687183380127,5.736687183380127,5500,0.0,0.0
1995-12-19 00:00:00-05:00,5.7366899100044995,5.782218933105469,5.7366899100044995,5.782218933105469,1375,0.0,0.0
1995-12-20 00:00:00-05:00,5.8277447808345215,5.8277447808345215,5.645627498626709,5.645627498626709,4875,0.0,0.0
1995-12-21 00:00:00-05:00,5.645630273707284,5.691159725189209,5.554571804944462,5.691159725189209,6500,0.0,0.0
1995-12-22 00:00:00-05:00,5.691159725189209,5.691159725189209,5.691159725189209,5.691159725189209,375,0.0,0.0
1995-12-26 00:00:00-05:00,5.691156927728866,5.691156927728866,5.645627498626709,5.645627498626709,1500,0.0,0.0
1995-12-27 00:00:00-05:00,5.554571071800424,5.600100517272949,5.554571071800424,5.600100517272949,4625,0.0,0.0
1995-12-28 00:00:00-05:00,5.600100517272949,5.645629528544502,5.600100517272949,5.600100517272949,2750,0.0,0.0
1995-12-29 00:00:00-05:00,5.600101256426387,5.691159725189209,5.600101256426387,5.691159725189209,7000,0.0,0.0
1996-01-02 00:00:00-05:00,5.645629528544502,5.645629528544502,5.600100517272949,5.600100517272949,3375,0.0,0.0
1996-01-03 00:00:00-05:00,5.600100517272949,5.600100517272949,5.600100517272949,5.600100517272949,1625,0.0,0.0
1996-01-04 00:00:00-05:00,5.645630273707284,5.691159725189209,5.645630273707284,5.691159725189209,108750,0.0,0.0
1996-01-05 00:00:00-05:00,5.691160452702446,5.782218933105469,5.645630995400393,5.782218933105469,36000,0.0,0.0
1996-01-08 00:00:00-05:00,5.827748775482178,5.827748775482178,5.827748775482178,5.827748775482178,625,0.0,0.0
1996-01-09 00:00:00-05:00,5.827747645433956,5.8732766627148525,5.691159725189209,5.691159725189209,11875,0.0,0.0
1996-01-10 00:00:00-05:00,5.736689176671135,5.736689176671135,5.645630273707284,5.691159725189209,1000,0.0,0.0
1996-01-11 00:00:00-05:00,5.645629528544502,5.645629528544502,5.600100517272949,5.600100517272949,12500,0.0,0.0
1996-01-12 00:00:00-05:00,5.600099310594718,5.736687183380127,5.600099310594718,5.736687183380127,15500,0.0,0.0
1996-01-15 00:00:00-05:00,5.873277413508491,5.964336328112598,5.782218933105469,5.782218933105469,23500,0.0,0.0
1996-01-16 00:00:00-05:00,5.827748775482178,5.8732778015915255,5.782219315171718,5.827748775482178,8250,0.0,0.0
1996-01-17 00:00:00-05:00,5.827748775482178,5.827748775482178,5.782219315171718,5.827748775482178,3250,0.0,0.0
1996-01-18 00:00:00-05:00,5.782217302117737,5.8732757568359375,5.782217302117737,5.8732757568359375,3750,0.0,0.0
1996-01-19 00:00:00-05:00,5.8732757568359375,5.8732757568359375,5.8277467465773185,5.8732757568359375,5000,0.0,0.0
1996-01-22 00:00:00-05:00,5.827748775482178,5.827748775482178,5.73669028906237,5.827748775482178,15000,0.0,0.0
1996-01-23 00:00:00-05:00,5.827748390407522,5.827748390407522,5.782218933105469,5.782218933105469,20250,0.0,0.0
1996-01-24 00:00:00-05:00,5.782219315171718,5.827748775482178,5.782219315171718,5.827748775482178,2500,0.0,0.0
1996-01-25 00:00:00-05:00,5.82774562050344,5.82774562050344,5.736687183380127,5.736687183380127,11500,0.0,0.0
1996-01-26 00:00:00-05:00,5.782219315171718,5.827748775482178,5.73669028906237,5.827748775482178,3875,0.0,0.0
1996-01-29 00:00:00-05:00,5.782219315171718,5.827748775482178,5.782219315171718,5.827748775482178,2875,0.0,0.0
1996-01-30 00:00:00-05:00,5.736687183380127,5.736687183380127,5.736687183380127,5.736687183380127,1375,0.0,0.0
1996-01-31 00:00:00-05:00,5.827748390407522,5.827748390407522,5.7366899100044995,5.782218933105469,3000,0.0,0.0
1996-02-01 00:00:00-05:00,5.73669028906237,5.827748775482178,5.73669028906237,5.827748775482178,4750,0.0,0.0
1996-02-02 00:00:00-05:00,5.827748390407522,5.827748390407522,5.782218933105469,5.782218933105469,1125,0.0,0.0
1996-02-05 00:00:00-05:00,5.736687183380127,5.782216184841344,5.736687183380127,5.736687183380127,2625,0.0,0.0
1996-02-06 00:00:00-05:00,5.691157747718031,5.782216184841344,5.691157747718031,5.736687183380127,1000,0.0,0.0
1996-02-07 00:00:00-05:00,5.691157747718031,5.82774562050344,5.691157747718031,5.736687183380127,3875,0.0,0.0
1996-02-08 00:00:00-05:00,5.782218933105469,5.782218933105469,5.7366899100044995,5.782218933105469,55250,0.0,0.0
1996-02-09 00:00:00-05:00,5.782218933105469,5.782218933105469,5.7366899100044995,5.782218933105469,47125,0.0,0.0
1996-02-12 00:00:00-05:00,5.7366899100044995,5.782218933105469,5.7366899100044995,5.782218933105469,1375,0.0,0.0
1996-02-13 00:00:00-05:00,5.7366899100044995,5.827748390407522,5.7366899100044995,5.782218933105469,8250,0.0,0.0
1996-02-14 00:00:00-05:00,5.8115052626056345,5.8115052626056345,5.765745639801025,5.765745639801025,2125,0.064,0.0
1996-02-15 00:00:00-05:00,5.719985580596149,5.765745639801025,5.719985580596149,5.765745639801025,6750,0.0,0.0
1996-02-16 00:00:00-05:00,5.719985262006741,5.857264995574951,5.719985262006741,5.857264995574951,6000,0.0,0.0
1996-02-20 00:00:00-05:00,5.857261532592219,5.857261532592219,5.765741909789212,5.811501502990723,2875,0.0,0.0
1996-02-21 00:00:00-05:00,5.719983876701543,5.719983876701543,5.582704176380679,5.628464221954346,12500,0.0,0.0
1996-02-22 00:00:00-05:00,5.628462188926514,5.628462188926514,5.582702159881592,5.582702159881592,5500,0.0,0.0
1996-02-23 00:00:00-05:00,5.582703774839588,5.67422342300415,5.582703774839588,5.67422342300415,2375,0.0,0.0
1996-02-26 00:00:00-05:00,5.67422342300415,5.67422342300415,5.628463817121922,5.67422342300415,3000,0.0,0.0
1996-02-27 00:00:00-05:00,5.67422452000983,5.67422452000983,5.491185188293457,5.491185188293457,9625,0.0,0.0
1996-02-28 00:00:00-05:00,5.491184911013626,5.491184911013626,5.353905200958252,5.353905200958252,12125,0.0,0.0
1996-02-29 00:00:00-05:00,5.35390344822504,5.35390344822504,5.216623783111572,5.216623783111572,10250,0.0,0.0
1996-03-01 00:00:00-05:00,5.262383816949403,5.262383816949403,5.170864185673766,5.216623783111572,2375,0.0,0.0
1996-03-04 00:00:00-05:00,5.216626107235139,5.216626107235139,5.125106435185442,5.1708664894104,3875,0.0,0.0
1996-03-05 00:00:00-05:00,5.079343795776367,5.079343795776367,5.033583768772993,5.079343795776367,10375,0.0,0.0
1996-03-06 00:00:00-05:00,5.125103386379783,5.125103386379783,5.033583768772993,5.079343795776367,19125,0.0,0.0
1996-03-07 00:00:00-05:00,5.079347035098925,5.079347035098925,5.0335869789123535,5.0335869789123535,18000,0.0,0.0
1996-03-08 00:00:00-05:00,5.079347035098925,5.079347035098925,5.0335869789123535,5.0335869789123535,7125,0.0,0.0
1996-03-11 00:00:00-05:00,5.0335869789123535,5.079347035098925,5.0335869789123535,5.0335869789123535,5375,0.0,0.0
1996-03-12 00:00:00-05:00,5.0335869789123535,5.0335869789123535,5.0335869789123535,5.0335869789123535,13125,0.0,0.0
1996-03-13 00:00:00-05:00,4.987826922725782,5.0335869789123535,4.987826922725782,5.0335869789123535,1500,0.0,0.0
1996-03-14 00:00:00-05:00,5.033587305040937,5.033587305040937,4.942067623138428,4.942067623138428,5250,0.0,0.0
1996-03-15 00:00:00-05:00,4.896305005178714,4.896305005178714,4.850545406341553,4.850545406341553,2625,0.0,0.0
1996-03-18 00:00:00-05:00,4.942067623138428,4.987827245889549,4.89630756398704,4.942067623138428,6750,0.0,0.0
1996-03-19 00:00:00-05:00,4.89630756398704,4.942067623138428,4.804787882084531,4.942067623138428,14125,0.0,0.0
1996-03-20 00:00:00-05:00,4.987826824188232,5.0335868794707865,4.987826824188232,4.987826824188232,5750,0.0,0.0
1996-03-21 00:00:00-05:00,4.987826824188232,5.0335868794707865,4.987826824188232,4.987826824188232,3875,0.0,0.0
1996-03-22 00:00:00-05:00,5.0335869789123535,5.0335869789123535,4.987826922725782,5.0335869789123535,9000,0.0,0.0
1996-03-25 00:00:00-05:00,4.987826824188232,5.0335868794707865,4.987826824188232,4.987826824188232,48625,0.0,0.0
1996-03-26 00:00:00-05:00,4.987826824188232,5.0335868794707865,4.987826824188232,4.987826824188232,41875,0.0,0.0
1996-03-27 00:00:00-05:00,4.987825205530435,4.987825205530435,4.896305561065674,4.896305561065674,42375,0.0,0.0
1996-03-28 00:00:00-05:00,4.896305561065674,4.942065601498099,4.896305561065674,4.896305561065674,2500,0.0,0.0
1996-03-29 00:00:00-05:00,4.942065601498099,4.942065601498099,4.896305561065674,4.896305561065674,7375,0.0,0.0
1996-04-01 00:00:00-05:00,4.896307246752878,5.0335869789123535,4.896307246752878,5.0335869789123535,14875,0.0,0.0
1996-04-02 00:00:00-05:00,4.942067302939449,5.0335869789123535,4.942067302939449,5.0335869789123535,4250,0.0,0.0
1996-04-03 00:00:00-05:00,4.987826922725782,5.0335869789123535,4.987826922725782,5.0335869789123535,2125,0.0,0.0
1996-04-04 00:00:00-05:00,5.0335868794707865,5.0335868794707865,4.987826824188232,4.987826824188232,3750,0.0,0.0
1996-04-08 00:00:00-04:00,4.942067205305909,4.987826824188232,4.942067205305909,4.987826824188232,12500,0.0,0.0
1996-04-09 00:00:00-04:00,4.987826922725782,5.0335869789123535,4.987826922725782,5.0335869789123535,19375,0.0,0.0
1996-04-10 00:00:00-04:00,5.0335869789123535,5.0335869789123535,4.987826922725782,5.0335869789123535,1250,0.0,0.0
1996-04-11 00:00:00-04:00,5.0335868794707865,5.0335868794707865,4.987826824188232,4.987826824188232,5875,0.0,0.0
1996-04-12 00:00:00-04:00,5.0335869789123535,5.0335869789123535,4.987826922725782,5.0335869789123535,2625,0.0,0.0
1996-04-15 00:00:00-04:00,5.0335869789123535,5.0335869789123535,4.987826922725782,5.0335869789123535,6125,0.0,0.0
1996-04-16 00:00:00-04:00,4.987826824188232,5.0335868794707865,4.987826824188232,4.987826824188232,6250,0.0,0.0
1996-04-17 00:00:00-04:00,4.987826824188232,5.0335868794707865,4.987826824188232,4.987826824188232,4250,0.0,0.0
1996-04-18 00:00:00-04:00,4.987826922725782,5.0335869789123535,4.987826922725782,5.0335869789123535,7875,0.0,0.0
1996-04-19 00:00:00-04:00,5.0335868794707865,5.0335868794707865,4.987826824188232,4.987826824188232,14000,0.0,0.0
1996-04-22 00:00:00-04:00,4.942067623138428,4.942067623138428,4.89630756398704,4.942067623138428,6125,0.0,0.0
1996-04-23 00:00:00-04:00,4.896305561065674,4.942065601498099,4.8505459570333365,4.896305561065674,4500,0.0,0.0
1996-04-24 00:00:00-04:00,4.804785916600912,4.896305561065674,4.804785916600912,4.896305561065674,9250,0.0,0.0
1996-04-25 00:00:00-04:00,4.942065601498099,4.987825205530435,4.896305561065674,4.896305561065674,3000,0.0,0.0
1996-04-26 00:00:00-04:00,4.942067623138428,4.942067623138428,4.89630756398704,4.942067623138428,3375,0.0,0.0
1996-04-29 00:00:00-04:00,4.89630756398704,4.942067623138428,4.89630756398704,4.942067623138428,3875,0.0,0.0
1996-04-30 00:00:00-04:00,4.896307150023355,4.987826824188232,4.850547531141031,4.987826824188232,3375,0.0,0.0
1996-05-01 00:00:00-04:00,4.942067205305909,5.0335868794707865,4.896307150023355,4.987826824188232,1625,0.0,0.0
1996-05-02 00:00:00-04:00,5.0335868794707865,5.07934693475334,4.987826824188232,4.987826824188232,72875,0.0,0.0
1996-05-03 00:00:00-04:00,4.987825205530435,4.987825205530435,4.8505459570333365,4.896305561065674,17750,0.0,0.0
1996-05-06 00:00:00-04:00,4.89630756398704,4.987827245889549,4.89630756398704,4.942067623138428,11625,0.0,0.0
1996-05-07 00:00:00-04:00,4.942065601498099,4.942065601498099,4.8505459570333365,4.896305561065674,21875,0.0,0.0
1996-05-08 00:00:00-04:00,4.8963058552553775,4.8963058552553775,4.804786205291748,4.804786205291748,12750,0.0,0.0
1996-05-09 00:00:00-04:00,4.804786205291748,4.8963058552553775,4.759026162109876,4.804786205291748,20750,0.0,0.0
1996-05-10 00:00:00-04:00,4.759026162109876,4.804786205291748,4.759026162109876,4.804786205291748,7000,0.0,0.0
1996-05-13 00:00:00-04:00,4.89630756398704,4.942067623138428,4.89630756398704,4.942067623138428,10500,0.0,0.0
1996-05-14 00:00:00-04:00,4.942067205305909,4.987826824188232,4.896307150023355,4.987826824188232,68750,0.0,0.0
1996-05-15 00:00:00-04:00,5.017284870147705,5.017284870147705,5.017284870147705,5.017284870147705,2625,0.064,0.0
1996-05-16 00:00:00-04:00,5.017284870147705,5.017284870147705,5.017284870147705,5.017284870147705,1500,0.0,0.0
1996-05-17 00:00:00-04:00,5.017285548528641,5.0633158683776855,5.017285548528641,5.0633158683776855,7250,0.0,0.0
1996-05-20 00:00:00-04:00,5.0633158683776855,5.0633158683776855,5.0633158683776855,5.0633158683776855,6125,0.0,0.0
1996-05-21 00:00:00-04:00,5.017285548528641,5.0633158683776855,5.017285548528641,5.0633158683776855,2250,0.0,0.0
1996-05-22 00:00:00-04:00,5.063316953388551,5.063316953388551,4.971256732940674,4.971256732940674,1375,0.0,0.0
1996-05-23 00:00:00-04:00,4.8791961669921875,4.8791961669921875,4.695075300156454,4.8791961669921875,80750,0.0,0.0
1996-05-24 00:00:00-04:00,4.97125566765726,5.0633158683776855,4.97125566765726,5.0633158683776855,9500,0.0,0.0
1996-05-28 00:00:00-04:00,5.017285548528641,5.0633158683776855,4.97125566765726,5.0633158683776855,10125,0.0,0.0
1996-05-29 00:00:00-04:00,5.017284870147705,5.063315183773047,4.971254995499967,5.017284870147705,12000,0.0,0.0
1996-05-30 00:00:00-04:00,4.971254995499967,5.063315183773047,4.971254995499967,5.017284870147705,4250,0.0,0.0
1996-05-31 00:00:00-04:00,5.063315183773047,5.063315183773047,5.017284870147705,5.017284870147705,3125,0.0,0.0
1996-06-03 00:00:00-04:00,5.017285548528641,5.0633158683776855,5.017285548528641,5.0633158683776855,15875,0.0,0.0
1996-06-04 00:00:00-04:00,5.063315183773047,5.063315183773047,4.971254995499967,5.017284870147705,11875,0.0,0.0
1996-06-05 00:00:00-04:00,5.017285571028749,5.017285571028749,4.833165168762207,4.833165168762207,15750,0.0,0.0
1996-06-06 00:00:00-04:00,4.833165168762207,4.833165168762207,4.833165168762207,4.833165168762207,11375,0.0,0.0
1996-06-07 00:00:00-04:00,4.833162719212519,4.925222873687744,4.833162719212519,4.925222873687744,625,0.0,0.0
1996-06-10 00:00:00-04:00,4.83316618277998,4.971256732940674,4.83316618277998,4.971256732940674,7625,0.0,0.0
1996-06-11 00:00:00-04:00,5.017284870147705,5.017284870147705,4.971254995499967,5.017284870147705,26750,0.0,0.0
1996-06-12 00:00:00-04:00,5.017283028162971,5.017283028162971,4.879193015938853,4.925222873687744,3500,0.0,0.0
1996-06-13 00:00:00-04:00,4.879195488817675,4.879195488817675,4.833165168762207,4.833165168762207,3250,0.0,0.0
1996-06-14 00:00:00-04:00,4.833162830942359,4.833162830942359,4.372861608947849,4.418891906738281,30000,0.0,0.0
1996-06-17 00:00:00-04:00,4.510954159494077,4.741104877437881,4.510954159494077,4.695074558258057,32375,0.0,0.0
1996-06-18 00:00:00-04:00,4.7871324224861835,4.925222873687744,4.7871324224861835,4.925222873687744,31000,0.0,0.0
1996-06-19 00:00:00-04:00,4.971255689950946,4.971255689950946,4.787134848706739,4.833165168762207,5000,0.0,0.0
1996-06-20 00:00:00-04:00,4.787136077880859,4.833166409755355,4.741106184984142,4.787136077880859,53500,0.0,0.0
1996-06-21 00:00:00-04:00,4.787136077880859,4.833166409755355,4.787136077880859,4.787136077880859,5250,0.0,0.0
1996-06-24 00:00:00-04:00,4.879196512492797,4.971256732940674,4.879196512492797,4.971256732940674,11750,0.0,0.0
1996-06-25 00:00:00-04:00,5.017286623675734,5.155377173836428,4.971256732940674,4.971256732940674,84875,0.0,0.0
1996-06-26 00:00:00-04:00,5.017285548528641,5.10934618822673,5.017285548528641,5.0633158683776855,48250,0.0,0.0
1996-06-27 00:00:00-04:00,5.109345605034429,5.1553754806518555,5.109345605034429,5.1553754806518555,12875,0.0,0.0
1996-06-28 00:00:00-04:00,5.201406609197031,5.4775872230529785,5.201406609197031,5.4775872230529785,49875,0.0,0.0
1996-07-01 00:00:00-04:00,5.523618152383953,5.523618152383953,5.385527610778809,5.385527610778809,9500,0.0,0.0
1996-07-02 00:00:00-04:00,5.43155757727361,5.43155757727361,5.293467044830322,5.293467044830322,15875,0.0,0.0
1996-07-03 00:00:00-04:00,5.2934653498069055,5.339495658874512,5.2934653498069055,5.339495658874512,15625,0.0,0.0
1996-07-05 00:00:00-04:00,5.339495658874512,5.339495658874512,5.339495658874512,5.339495658874512,0,0.0,0.0
1996-07-08 00:00:00-04:00,5.2934653498069055,5.385525528964557,5.2934653498069055,5.339495658874512,5500,0.0,0.0
1996-07-09 00:00:00-04:00,5.339497368637319,5.339497368637319,5.293467044830322,5.293467044830322,3375,0.0,0.0
1996-07-10 00:00:00-04:00,5.293467044830322,5.339497368637319,5.293467044830322,5.293467044830322,4625,0.0,0.0
1996-07-11 00:00:00-04:00,5.2934653498069055,5.339495658874512,5.2934653498069055,5.339495658874512,6250,0.0,0.0
1996-07-12 00:00:00-04:00,5.293464921431455,5.293464921431455,5.247434616088867,5.247434616088867,7000,0.0,0.0
1996-07-15 00:00:00-04:00,5.247435670864322,5.247435670864322,5.1553754806518555,5.1553754806518555,33000,0.0,0.0
1996-07-16 00:00:00-04:00,5.1553754806518555,5.1553754806518555,5.1553754806518555,5.1553754806518555,21750,0.0,0.0
1996-07-17 00:00:00-04:00,5.1553754806518555,5.1553754806518555,5.1553754806518555,5.1553754806518555,14250,0.0,0.0
1996-07-18 00:00:00-04:00,5.155377103471595,5.201407432556152,5.155377103471595,5.201407432556152,22500,0.0,0.0
1996-07-19 00:00:00-04:00,5.155377103471595,5.201407432556152,5.155377103471595,5.201407432556152,11875,0.0,0.0
1996-07-22 00:00:00-04:00,5.247435670864322,5.247435670864322,5.1553754806518555,5.1553754806518555,2625,0.0,0.0
1996-07-23 00:00:00-04:00,5.155377103471595,5.201407432556152,5.155377103471595,5.201407432556152,10250,0.0,0.0
1996-07-24 00:00:00-04:00,5.1553754806518555,5.1553754806518555,5.1553754806518555,5.1553754806518555,6750,0.0,0.0
1996-07-25 00:00:00-04:00,5.201407432556152,5.247437322662958,5.155377103471595,5.201407432556152,7625,0.0,0.0
1996-07-26 00:00:00-04:00,5.247434616088867,5.3394952267740425,5.247434616088867,5.247434616088867,5375,0.0,0.0
1996-07-29 00:00:00-04:00,5.293464921431455,5.293464921431455,5.247434616088867,5.247434616088867,250,0.0,0.0
1996-07-30 00:00:00-04:00,5.247434616088867,5.247434616088867,5.247434616088867,5.247434616088867,750,0.0,0.0
1996-07-31 00:00:00-04:00,5.247434616088867,5.247434616088867,5.247434616088867,5.247434616088867,1125,0.0,0.0
1996-08-01 00:00:00-04:00,5.339496604041445,5.569647312164307,5.339496604041445,5.569647312164307,25250,0.0,0.0
1996-08-02 00:00:00-04:00,5.523617544851144,5.56964786664931,5.4775872230529785,5.4775872230529785,46750,0.0,0.0
1996-08-05 00:00:00-04:00,5.523617267608643,5.523617267608643,5.431557067610697,5.523617267608643,5000,0.0,0.0
1996-08-06 00:00:00-04:00,5.477586098190914,5.477586098190914,5.431556224822998,5.431556224822998,4000,0.0,0.0
1996-08-07 00:00:00-04:00,5.385525912477491,5.431556224822998,5.385525912477491,5.431556224822998,8625,0.0,0.0
1996-08-08 00:00:00-04:00,5.385527018434329,5.4775872230529785,5.385527018434329,5.4775872230529785,1500,0.0,0.0
1996-08-09 00:00:00-04:00,5.523617544851144,5.56964786664931,5.4775872230529785,5.4775872230529785,4875,0.0,0.0
1996-08-12 00:00:00-04:00,5.431557937639767,5.431557937639767,5.385527610778809,5.385527610778809,1875,0.0,0.0
1996-08-13 00:00:00-04:00,5.385526748122895,5.569647587096446,5.385526748122895,5.523617267608643,4000,0.0,0.0
1996-08-14 00:00:00-04:00,5.506957445836558,5.553234577178955,5.506957445836558,5.553234577178955,500,0.064,0.0
1996-08-15 00:00:00-04:00,5.506957445836558,5.599511708521353,5.506957445836558,5.553234577178955,4000,0.0,0.0
1996-08-16 00:00:00-04:00,5.506956577301025,5.506956577301025,5.506956577301025,5.506956577301025,250,0.0,0.0
1996-08-19 00:00:00-04:00,5.506957445836558,5.553234577178955,5.506957445836558,5.553234577178955,6875,0.0,0.0
1996-08-20 00:00:00-04:00,5.645784378051758,5.692061476439271,5.599507720995363,5.645784378051758,8250,0.0,0.0
1996-08-21 00:00:00-04:00,5.645787508100917,5.645787508100917,5.506956577301025,5.506956577301025,39125,0.0,0.0
1996-08-22 00:00:00-04:00,5.599511708521353,5.599511708521353,5.553234577178955,5.553234577178955,1625,0.0,0.0
1996-08-23 00:00:00-04:00,5.506957445836558,5.553234577178955,5.506957445836558,5.553234577178955,2750,0.0,0.0
1996-08-26 00:00:00-04:00,5.506957445836558,5.553234577178955,5.506957445836558,5.553234577178955,750,0.0,0.0
1996-08-27 00:00:00-04:00,5.460679054260254,5.460679054260254,5.460679054260254,5.460679054260254,6625,0.0,0.0
1996-08-28 00:00:00-04:00,5.460679054260254,5.460679054260254,5.460679054260254,5.460679054260254,2625,0.0,0.0
1996-08-29 00:00:00-04:00,5.460679054260254,5.506955729851256,5.460679054260254,5.460679054260254,4250,0.0,0.0
1996-08-30 00:00:00-04:00,5.460679054260254,5.506955729851256,5.460679054260254,5.460679054260254,10875,0.0,0.0
1996-09-03 00:00:00-04:00,5.460679125583374,5.460679125583374,5.414402008056641,5.414402008056641,2625,0.0,0.0
1996-09-04 00:00:00-04:00,5.414402008056641,5.414402008056641,5.414402008056641,5.414402008056641,875,0.0,0.0
1996-09-05 00:00:00-04:00,5.414402008056641,5.414402008056641,5.414402008056641,5.414402008056641,1750,0.0,0.0
1996-09-06 00:00:00-04:00,5.414402008056641,5.414402008056641,5.414402008056641,5.414402008056641,1250,0.0,0.0
1996-09-09 00:00:00-04:00,5.414400672963152,5.414400672963152,5.368124008178711,5.368124008178711,23625,0.0,0.0
1996-09-10 00:00:00-04:00,5.368124008178711,5.368124008178711,5.368124008178711,5.368124008178711,0,0.0,0.0
1996-09-11 00:00:00-04:00,5.321849822998047,5.321849822998047,5.321849822998047,5.321849822998047,1000,0.0,0.0
1996-09-12 00:00:00-04:00,5.321848214334476,5.414402008056641,5.321848214334476,5.414402008056641,3125,0.0,0.0
1996-09-13 00:00:00-04:00,5.368126954513212,5.368126954513212,5.321849822998047,5.321849822998047,7500,0.0,0.0
1996-09-16 00:00:00-04:00,5.229296684265137,5.229296684265137,5.229296684265137,5.229296684265137,3750,0.0,0.0
1996-09-17 00:00:00-04:00,5.229296684265137,5.229296684265137,5.183019546706002,5.229296684265137,20125,0.0,0.0
1996-09-18 00:00:00-04:00,5.229294852057739,5.229294852057739,5.183017730712891,5.183017730712891,3375,0.0,0.0
1996-09-19 00:00:00-04:00,5.183019861906814,5.183019861906814,5.090466022491455,5.090466022491455,10750,0.0,0.0
1996-09-20 00:00:00-04:00,5.136743162864894,5.136743162864894,5.090466022491455,5.090466022491455,5500,0.0,0.0
1996-09-23 00:00:00-04:00,5.090464012921027,5.090464012921027,4.905356407165527,4.905356407165527,5250,0.0,0.0
1996-09-24 00:00:00-04:00,4.905355352038435,4.951632022857666,4.859078239887955,4.951632022857666,13875,0.0,0.0
1996-09-25 00:00:00-04:00,4.99791012799617,5.183017730712891,4.9053563266378095,5.183017730712891,19500,0.0,0.0
1996-09-26 00:00:00-04:00,5.229294852057739,5.229294852057739,5.090463929354531,5.183017730712891,31375,0.0,0.0
1996-09-27 00:00:00-04:00,5.13674105069938,5.229294852057739,5.090463929354531,5.183017730712891,10750,0.0,0.0
1996-09-30 00:00:00-04:00,5.136739730834961,5.183016398957871,5.136739730834961,5.136739730834961,6125,0.0,0.0
1996-10-01 00:00:00-04:00,5.229294852057739,5.229294852057739,5.183017730712891,5.183017730712891,8500,0.0,0.0
1996-10-02 00:00:00-04:00,5.183016398957871,5.183016398957871,5.136739730834961,5.136739730834961,6500,0.0,0.0
1996-10-03 00:00:00-04:00,5.183017730712891,5.183017730712891,5.090463929354531,5.183017730712891,2750,0.0,0.0
1996-10-04 00:00:00-04:00,5.229294852057739,5.229294852057739,5.183017730712891,5.183017730712891,5000,0.0,0.0
1996-10-07 00:00:00-04:00,5.183017730712891,5.229294852057739,5.183017730712891,5.183017730712891,7375,0.0,0.0
1996-10-08 00:00:00-04:00,5.183019546706002,5.229296684265137,5.183019546706002,5.229296684265137,4250,0.0,0.0
1996-10-09 00:00:00-04:00,5.22929600129915,5.321849822998047,5.22929600129915,5.321849822998047,3625,0.0,0.0
1996-10-10 00:00:00-04:00,5.275572691482881,5.321849822998047,5.275572691482881,5.321849822998047,4750,0.0,0.0
1996-10-11 00:00:00-04:00,5.275570392608643,5.321847503958167,5.275570392608643,5.275570392608643,3250,0.0,0.0
1996-10-14 00:00:00-04:00,5.368124008178711,5.368124008178711,5.3218469020630765,5.368124008178711,11125,0.0,0.0
1996-10-15 00:00:00-04:00,5.368124008178711,5.368124008178711,5.368124008178711,5.368124008178711,8125,0.0,0.0
1996-10-16 00:00:00-04:00,5.368125331861209,5.414402008056641,5.368125331861209,5.414402008056641,12125,0.0,0.0
1996-10-17 00:00:00-04:00,5.368124008178711,5.414400672963152,5.368124008178711,5.368124008178711,8125,0.0,0.0
1996-10-18 00:00:00-04:00,5.368124615307691,5.414401285325973,5.275570392608643,5.275570392608643,23625,0.0,0.0
1996-10-21 00:00:00-04:00,5.27557338049278,5.321850518051916,5.229296684265137,5.229296684265137,1875,0.0,0.0
1996-10-22 00:00:00-04:00,5.183016398957871,5.183016398957871,5.136739730834961,5.136739730834961,2500,0.0,0.0
1996-10-23 00:00:00-04:00,5.183019861906814,5.183019861906814,5.090466022491455,5.090466022491455,16875,0.0,0.0
1996-10-24 00:00:00-04:00,5.090466022491455,5.090466022491455,5.090466022491455,5.090466022491455,1125,0.0,0.0
1996-10-25 00:00:00-04:00,5.136742850478359,5.229296684265137,5.136742850478359,5.229296684265137,9125,0.0,0.0
1996-10-28 00:00:00-05:00,5.183017730712891,5.275571532071251,5.183017730712891,5.183017730712891,7375,0.0,0.0
1996-10-29 00:00:00-05:00,5.183017730712891,5.183017730712891,5.090463929354531,5.183017730712891,13500,0.0,0.0
1996-10-30 00:00:00-05:00,5.136743258762612,5.136743258762612,5.044188976287842,5.044188976287842,2125,0.0,0.0
1996-10-31 00:00:00-05:00,5.0904657648145575,5.0904657648145575,4.951634792053316,4.9979119300842285,2000,0.0,0.0
1996-11-01 00:00:00-05:00,4.9516330066513214,5.183017730712891,4.9516330066513214,5.183017730712891,9250,0.0,0.0
1996-11-04 00:00:00-05:00,5.183019546706002,5.321850518051916,5.183019546706002,5.229296684265137,2875,0.0,0.0
1996-11-05 00:00:00-05:00,5.229296684265137,5.229296684265137,5.183019546706002,5.229296684265137,2000,0.0,0.0
1996-11-06 00:00:00-05:00,5.27557338049278,5.27557338049278,5.229296684265137,5.229296684265137,875,0.0,0.0
1996-11-07 00:00:00-05:00,5.183017730712891,5.183017730712891,5.183017730712891,5.183017730712891,125,0.0,0.0
1996-11-08 00:00:00-05:00,5.183019546706002,5.229296684265137,5.183019546706002,5.229296684265137,1625,0.0,0.0
1996-11-11 00:00:00-05:00,5.183017730712891,5.183017730712891,5.183017730712891,5.183017730712891,1375,0.0,0.0
1996-11-12 00:00:00-05:00,5.136743162864894,5.183019861906814,5.090466022491455,5.090466022491455,1875,0.0,0.0
1996-11-13 00:00:00-05:00,5.073706930704897,5.073706930704897,4.887516021728516,4.887516021728516,15875,0.064,0.0
1996-11-14 00:00:00-05:00,4.9340656772279585,4.9340656772279585,4.7478742599487305,4.7478742599487305,11375,0.0,0.0
1996-11-15 00:00:00-05:00,4.794422225247112,4.794422225247112,4.7478742599487305,4.7478742599487305,71625,0.0,0.0
1996-11-18 00:00:00-05:00,4.794420730740408,5.1202550545178,4.794420730740408,5.073707103729248,46625,0.0,0.0
1996-11-19 00:00:00-05:00,5.12025257075361,5.166800498962402,5.12025257075361,5.166800498962402,13875,0.0,0.0
1996-11-20 00:00:00-05:00,5.166802318496397,5.21334981918335,5.073706429294293,5.21334981918335,8500,0.0,0.0
1996-11-21 00:00:00-05:00,5.213347983257251,5.213347983257251,5.166800498962402,5.166800498962402,8000,0.0,0.0
1996-11-22 00:00:00-05:00,5.213351655246916,5.306447133321739,5.213351655246916,5.259899616241455,13250,0.0,0.0
1996-11-25 00:00:00-05:00,5.30644501633526,5.399540901184082,5.30644501633526,5.399540901184082,11625,0.0,0.0
1996-11-26 00:00:00-05:00,5.352993811957756,5.446089267730713,5.352993811957756,5.446089267730713,16375,0.0,0.0
1996-11-27 00:00:00-05:00,5.399541761801309,5.492637217574266,5.399541761801309,5.446089267730713,27000,0.0,0.0
1996-11-29 00:00:00-05:00,5.399541008463613,5.446088507898764,5.259897622329986,5.306445121765137,2875,0.0,0.0
1996-12-02 00:00:00-05:00,5.259897517824927,5.399540901184082,5.259897517824927,5.399540901184082,15625,0.0,0.0
1996-12-03 00:00:00-05:00,5.446088399694415,5.446088399694415,5.399540901184082,5.399540901184082,23000,0.0,0.0
1996-12-04 00:00:00-05:00,5.446089267730713,5.446089267730713,5.399541761801309,5.446089267730713,13250,0.0,0.0
1996-12-05 00:00:00-05:00,5.446088399694415,5.446088399694415,5.399540901184082,5.399540901184082,4500,0.0,0.0
1996-12-06 00:00:00-05:00,5.492636342118826,5.492636342118826,5.399540901184082,5.399540901184082,21750,0.0,0.0
1996-12-09 00:00:00-05:00,5.492636203765869,5.539183701103726,5.492636203765869,5.492636203765869,15625,0.0,0.0
1996-12-10 00:00:00-05:00,5.539183701103726,5.539183701103726,5.492636203765869,5.492636203765869,7375,0.0,0.0
1996-12-11 00:00:00-05:00,5.53918472350367,5.53918472350367,5.446089267730713,5.446089267730713,1125,0.0,0.0
1996-12-12 00:00:00-05:00,5.446089267730713,5.446089267730713,5.446089267730713,5.446089267730713,2000,0.0,0.0
1996-12-13 00:00:00-05:00,5.352993011474609,5.352993011474609,5.259897569623084,5.352993011474609,10625,0.0,0.0
1996-12-16 00:00:00-05:00,5.399541761801309,5.492637217574266,5.399541761801309,5.446089267730713,7625,0.0,0.0
1996-12-17 00:00:00-05:00,5.446089267730713,5.446089267730713,5.399541761801309,5.446089267730713,4750,0.0,0.0
1996-12-18 00:00:00-05:00,5.399540954357413,5.399540954357413,5.352993011474609,5.352993011474609,4750,0.0,0.0
1996-12-19 00:00:00-05:00,5.352993011474609,5.399540954357413,5.352993011474609,5.352993011474609,5625,0.0,0.0
1996-12-20 00:00:00-05:00,5.399541761801309,5.492637217574266,5.399541761801309,5.446089267730713,4375,0.0,0.0
1996-12-23 00:00:00-05:00,5.492636203765869,5.492636203765869,5.492636203765869,5.492636203765869,4125,0.0,0.0
1996-12-24 00:00:00-05:00,5.585733890533447,5.585733890533447,5.492638414474072,5.585733890533447,6500,0.0,0.0
1996-12-26 00:00:00-05:00,5.585733890533447,5.585733890533447,5.585733890533447,5.585733890533447,3625,0.0,0.0
1996-12-27 00:00:00-05:00,5.539186799341957,5.632282733917236,5.539186799341957,5.632282733917236,3375,0.0,0.0
1996-12-30 00:00:00-05:00,5.585732518868728,5.585732518868728,5.5391845703125,5.5391845703125,2250,0.0,0.0
1996-12-31 00:00:00-05:00,5.585733890533447,5.585733890533447,5.539185930546637,5.585733890533447,8125,0.0,0.0
1997-01-02 00:00:00-05:00,5.539185930546637,5.632281850520258,5.539185930546637,5.585733890533447,2500,0.0,0.0
1997-01-03 00:00:00-05:00,5.585729967738448,5.678825378417969,5.585729967738448,5.678825378417969,14000,0.0,0.0
1997-01-06 00:00:00-05:00,5.72537509045559,5.81847053015526,5.678827148648719,5.771922588348389,3125,0.0,0.0
1997-01-07 00:00:00-05:00,5.771925077629396,5.771925077629396,5.67882959778007,5.725377559661865,6000,0.0,0.0
1997-01-08 00:00:00-05:00,5.771922588348389,5.865018471962131,5.771922588348389,5.771922588348389,7125,0.0,0.0
1997-01-09 00:00:00-05:00,5.865023136138916,5.9581186498730645,5.865023136138916,5.865023136138916,3875,0.0,0.0
1997-01-10 00:00:00-05:00,5.818475157314628,5.865023136138916,5.818475157314628,5.865023136138916,5000,0.0,0.0
1997-01-13 00:00:00-05:00,5.771922588348389,5.81847053015526,5.771922588348389,5.771922588348389,2125,0.0,0.0
1997-01-14 00:00:00-05:00,5.865018284236725,5.911565780639648,5.865018284236725,5.911565780639648,2500,0.0,0.0
1997-01-15 00:00:00-05:00,5.818472385406494,5.818472385406494,5.818472385406494,5.818472385406494,2750,0.0,0.0
1997-01-16 00:00:00-05:00,5.771924428757557,5.818472385406494,5.771924428757557,5.818472385406494,4750,0.0,0.0
1997-01-17 00:00:00-05:00,5.771927178490341,5.911570671048778,5.771927178490341,5.865023136138916,3750,0.0,0.0
1997-01-20 00:00:00-05:00,5.81847053015526,5.81847053015526,5.72537509045559,5.771922588348389,9750,0.0,0.0
1997-01-21 00:00:00-05:00,5.725376916022833,5.818472385406494,5.678828959373896,5.818472385406494,75625,0.0,0.0
1997-01-22 00:00:00-05:00,5.911565780639648,5.911565780639648,5.771922403602763,5.911565780639648,64000,0.0,0.0
1997-01-23 00:00:00-05:00,5.9581170082092285,5.9581170082092285,5.865021520126052,5.9581170082092285,2500,0.0,0.0
1997-01-24 00:00:00-05:00,5.958115811439093,5.958115811439093,5.818472385406494,5.818472385406494,1625,0.0,0.0
1997-01-27 00:00:00-05:00,5.818472385406494,5.818472385406494,5.771924428757557,5.818472385406494,2375,0.0,0.0
1997-01-28 00:00:00-05:00,5.865023136138916,5.911570671048778,5.818475157314628,5.865023136138916,3375,0.0,0.0
1997-01-29 00:00:00-05:00,5.818470166279719,6.051208972930908,5.818470166279719,6.051208972930908,6000,0.0,0.0
1997-01-30 00:00:00-05:00,6.0977615036492105,6.377048015594482,6.0977615036492105,6.377048015594482,23625,0.0,0.0
1997-01-31 00:00:00-05:00,6.423595624577422,6.423595624577422,6.33050012588501,6.33050012588501,4875,0.0,0.0
1997-02-03 00:00:00-05:00,6.330497871737689,6.330497871737689,6.1908544514657615,6.237401962280273,4000,0.0,0.0
1997-02-04 00:00:00-05:00,6.283949048408723,6.283949048408723,6.190853595733643,6.190853595733643,1500,0.0,0.0
1997-02-05 00:00:00-05:00,6.237399840686241,6.237399840686241,6.051208972930908,6.051208972930908,5625,0.0,0.0
1997-02-06 00:00:00-05:00,6.004663944244385,6.004663944244385,6.004663944244385,6.004663944244385,250,0.0,0.0
1997-02-07 00:00:00-05:00,5.771925024794381,6.004663944244385,5.771925024794381,6.004663944244385,320875,0.0,0.0
1997-02-10 00:00:00-05:00,6.004661217359552,6.004661217359552,5.911565780639648,5.911565780639648,500,0.0,0.0
1997-02-11 00:00:00-05:00,5.865023136138916,5.865023136138916,5.865023136138916,5.865023136138916,8375,0.0,0.0
1997-02-12 00:00:00-05:00,5.89496374130249,5.89496374130249,5.754607376760892,5.89496374130249,18250,0.064,0.0
1997-02-13 00:00:00-05:00,5.801392308100039,5.894963511602109,5.801392308100039,5.848177909851074,3375,0.0,0.0
1997-02-14 00:00:00-05:00,5.848178137728429,5.941748898695968,5.8013925341543695,5.89496374130249,4875,0.0,0.0
1997-02-18 00:00:00-05:00,5.988534450531006,5.988534450531006,5.941748847361158,5.988534450531006,2250,0.0,0.0
1997-02-19 00:00:00-05:00,5.988534450531006,5.988534450531006,5.941748847361158,5.988534450531006,3375,0.0,0.0
1997-02-20 00:00:00-05:00,6.1288902395456635,6.222460990936631,6.1288902395456635,6.175675392150879,13750,0.0,0.0
1997-02-21 00:00:00-05:00,6.222460002531438,6.362816330413291,6.222460002531438,6.269245147705078,8125,0.0,0.0
1997-02-24 00:00:00-05:00,6.269249553402498,6.409605979919434,6.269249553402498,6.409605979919434,23625,0.0,0.0
1997-02-25 00:00:00-05:00,6.456391604152006,6.456391604152006,6.409605979919434,6.409605979919434,10000,0.0,0.0
1997-02-26 00:00:00-05:00,6.4563894895951845,6.4563894895951845,6.362818717956543,6.362818717956543,3500,0.0,0.0
1997-02-27 00:00:00-05:00,6.409600718464337,6.503171443939209,6.269244407161821,6.503171443939209,16625,0.0,0.0
1997-02-28 00:00:00-05:00,6.549959182739258,6.549959182739258,6.549959182739258,6.549959182739258,5625,0.0,0.0
1997-03-03 00:00:00-05:00,6.503171443939209,6.596742615594495,6.45638630429198,6.503171443939209,7000,0.0,0.0
1997-03-04 00:00:00-05:00,6.503174002286256,6.643530368804932,6.503174002286256,6.643530368804932,7375,0.0,0.0
1997-03-05 00:00:00-05:00,6.549959182739258,6.549959182739258,6.503173581533181,6.549959182739258,6250,0.0,0.0
1997-03-06 00:00:00-05:00,6.643530170849126,6.643530170849126,6.549959411351646,6.596745014190674,32875,0.0,0.0
1997-03-07 00:00:00-05:00,6.549959182739258,6.643529938970849,6.503173581533181,6.549959182739258,4375,0.0,0.0
1997-03-10 00:00:00-05:00,6.549959182739258,6.596744783945334,6.549959182739258,6.549959182739258,2625,0.0,0.0
1997-03-11 00:00:00-05:00,6.596740447141508,6.596740447141508,6.456384181976318,6.456384181976318,1250,0.0,0.0
1997-03-12 00:00:00-05:00,6.456384181976318,6.456384181976318,6.456384181976318,6.456384181976318,125,0.0,0.0
1997-03-13 00:00:00-05:00,6.503169306244537,6.549954876693023,6.456384181976318,6.456384181976318,1375,0.0,0.0
1997-03-14 00:00:00-05:00,6.409598611527833,6.549954876693023,6.409598611527833,6.456384181976318,8000,0.0,0.0
1997-03-17 00:00:00-05:00,6.409603880685546,6.4563894895951845,6.362818717956543,6.362818717956543,15000,0.0,0.0
1997-03-18 00:00:00-05:00,6.3628155788171075,6.549957029766852,6.3628155788171075,6.503171443939209,17875,0.0,0.0
1997-03-19 00:00:00-05:00,6.409598611527833,6.503169306244537,6.409598611527833,6.456384181976318,10250,0.0,0.0
1997-03-20 00:00:00-05:00,6.456384181976318,6.456384181976318,6.456384181976318,6.456384181976318,0,0.0,0.0
1997-03-21 00:00:00-05:00,6.409605979919434,6.409605979919434,6.409605979919434,6.409605979919434,500,0.0,0.0
1997-03-24 00:00:00-05:00,6.362817341113352,6.362817341113352,6.175675392150879,6.175675392150879,16000,0.0,0.0
1997-03-25 00:00:00-05:00,6.175675392150879,6.222460990936631,6.175675392150879,6.175675392150879,5750,0.0,0.0
1997-03-26 00:00:00-05:00,6.175674227645561,6.22245981760927,6.128889083862305,6.128889083862305,8875,0.0,0.0
1997-03-27 00:00:00-05:00,6.128887879506692,6.175673014096446,6.082102298736572,6.082102298736572,17625,0.0,0.0
1997-03-31 00:00:00-05:00,6.082103493898596,6.175674227645561,6.082103493898596,6.128889083862305,6750,0.0,0.0
1997-04-01 00:00:00-05:00,6.082103493898596,6.128889083862305,6.082103493898596,6.128889083862305,750,0.0,0.0
1997-04-02 00:00:00-05:00,6.22245981760927,6.22245981760927,6.128889083862305,6.128889083862305,39375,0.0,0.0
1997-04-03 00:00:00-05:00,6.0821052106901226,6.0821052106901226,5.988534450531006,5.988534450531006,6500,0.0,0.0
1997-04-04 00:00:00-05:00,6.035316953911736,6.035316953911736,5.941746234893799,5.941746234893799,3500,0.0,0.0
1997-04-07 00:00:00-04:00,5.988531817492959,5.988531817492959,5.894961098475021,5.941746234893799,3750,0.0,0.0
1997-04-08 00:00:00-04:00,5.848177909851074,5.848177909851074,5.848177909851074,5.848177909851074,1750,0.0,0.0
1997-04-09 00:00:00-04:00,5.848176716932995,5.848176716932995,5.801391124725342,5.801391124725342,2375,0.0,0.0
1997-04-10 00:00:00-04:00,5.801391124725342,5.801391124725342,5.801391124725342,5.801391124725342,6000,0.0,0.0
1997-04-11 00:00:00-04:00,5.848176436440958,6.175674227645561,5.848176436440958,6.128889083862305,29625,0.0,0.0
1997-04-14 00:00:00-04:00,6.035316945788644,6.3160295486450195,6.035316945788644,6.3160295486450195,17125,0.0,0.0
1997-04-15 00:00:00-04:00,6.316030551356234,6.316030551356234,6.128889083862305,6.128889083862305,5000,0.0,0.0
1997-04-16 00:00:00-04:00,6.175674227645561,6.175674227645561,6.128889083862305,6.128889083862305,2625,0.0,0.0
1997-04-17 00:00:00-04:00,6.175675392150879,6.175675392150879,6.175675392150879,6.175675392150879,250,0.0,0.0
1997-04-18 00:00:00-04:00,6.128891014548924,6.128891014548924,6.035319805145264,6.035319805145264,1625,0.0,0.0
1997-04-21 00:00:00-04:00,5.988534502270029,5.988534502270029,5.89496374130249,5.89496374130249,5375,0.0,0.0
1997-04-22 00:00:00-04:00,5.988534450531006,5.988534450531006,5.988534450531006,5.988534450531006,1375,0.0,0.0
1997-04-23 00:00:00-04:00,5.988534450531006,5.988534450531006,5.988534450531006,5.988534450531006,6750,0.0,0.0
1997-04-24 00:00:00-04:00,5.941746234893799,5.941746234893799,5.941746234893799,5.941746234893799,1250,0.0,0.0
1997-04-25 00:00:00-04:00,5.941746234893799,5.941746234893799,5.941746234893799,5.941746234893799,4500,0.0,0.0
1997-04-28 00:00:00-04:00,5.941746234893799,5.941746234893799,5.941746234893799,5.941746234893799,4500,0.0,0.0
1997-04-29 00:00:00-04:00,5.988534646624027,6.035319805145264,5.988534646624027,6.035319805145264,21875,0.0,0.0
1997-04-30 00:00:00-04:00,6.0821052106901226,6.128890813859971,5.988534450531006,5.988534450531006,3750,0.0,0.0
1997-05-01 00:00:00-04:00,5.988531817492959,5.988531817492959,5.941746234893799,5.941746234893799,3250,0.0,0.0
1997-05-02 00:00:00-04:00,5.988534450531006,5.988534450531006,5.988534450531006,5.988534450531006,2125,0.0,0.0
1997-05-05 00:00:00-04:00,5.988534268923613,5.988534268923613,5.848177909851074,5.848177909851074,8750,0.0,0.0
1997-05-06 00:00:00-04:00,5.801392356584025,5.801392356584025,5.754607200622559,5.754607200622559,9750,0.0,0.0
1997-05-07 00:00:00-04:00,5.754607200622559,5.754607200622559,5.754607200622559,5.754607200622559,250,0.0,0.0
1997-05-08 00:00:00-04:00,5.801392356584025,5.894963560868098,5.754607200622559,5.754607200622559,40875,0.0,0.0
1997-05-09 00:00:00-04:00,5.754605978698162,5.89496230914065,5.754605978698162,5.801391124725342,8500,0.0,0.0
1997-05-12 00:00:00-04:00,5.801391124725342,5.848176716932995,5.801391124725342,5.801391124725342,5625,0.0,0.0
1997-05-13 00:00:00-04:00,5.801391124725342,5.89496230914065,5.801391124725342,5.801391124725342,7875,0.0,0.0
1997-05-14 00:00:00-04:00,5.8314895249310545,5.925546169281006,5.8314895249310545,5.925546169281006,4750,0.064,0.0
1997-05-15 00:00:00-04:00,5.878516674041748,5.878516674041748,5.878516674041748,5.878516674041748,3500,0.0,0.0
1997-05-16 00:00:00-04:00,5.925546169281006,5.925546169281006,5.925546169281006,5.925546169281006,125,0.0,0.0
1997-05-19 00:00:00-04:00,5.878516674041748,5.97257285112737,5.878516674041748,5.878516674041748,7375,0.0,0.0
1997-05-20 00:00:00-04:00,5.878516674041748,5.878516674041748,5.878516674041748,5.878516674041748,2750,0.0,0.0
1997-05-21 00:00:00-04:00,5.784460743018275,5.831488609313965,5.784460743018275,5.831488609313965,15750,0.0,0.0
1997-05-22 00:00:00-04:00,5.784460743018275,5.831488609313965,5.784460743018275,5.831488609313965,2000,0.0,0.0
1997-05-23 00:00:00-04:00,5.7844624519348145,5.831490332124055,5.737434123250193,5.7844624519348145,30000,0.0,0.0
1997-05-27 00:00:00-04:00,5.784460743018275,5.831488609313965,5.7374324282273355,5.831488609313965,27125,0.0,0.0
1997-05-28 00:00:00-04:00,5.831490332124055,5.9255469894932995,5.7844624519348145,5.7844624519348145,5750,0.0,0.0
1997-05-29 00:00:00-04:00,5.737434123250193,5.878518660808677,5.737434123250193,5.7844624519348145,22375,0.0,0.0
1997-05-30 00:00:00-04:00,5.737434123250193,5.831490332124055,5.737434123250193,5.7844624519348145,17750,0.0,0.0
1997-06-02 00:00:00-04:00,5.7844624519348145,5.831490332124055,5.737434123250193,5.7844624519348145,20125,0.0,0.0
1997-06-03 00:00:00-04:00,5.784460743018275,5.831488609313965,5.784460743018275,5.831488609313965,274500,0.0,0.0
1997-06-04 00:00:00-04:00,5.8314883612513215,5.878516674041748,5.784460496956125,5.878516674041748,25750,0.0,0.0
1997-06-05 00:00:00-04:00,5.87851784710603,5.925546169281006,5.8314895249310545,5.925546169281006,4250,0.0,0.0
1997-06-06 00:00:00-04:00,5.925544986832174,5.925544986832174,5.8314883612513215,5.878516674041748,3875,0.0,0.0
1997-06-09 00:00:00-04:00,5.878516674041748,5.878516674041748,5.7374321841657,5.878516674041748,16625,0.0,0.0
1997-06-10 00:00:00-04:00,5.784460743018275,5.831488609313965,5.784460743018275,5.831488609313965,8375,0.0,0.0
1997-06-11 00:00:00-04:00,5.87851784710603,5.925546169281006,5.8314895249310545,5.925546169281006,10750,0.0,0.0
1997-06-12 00:00:00-04:00,5.925544986832174,5.925544986832174,5.878516674041748,5.878516674041748,12375,0.0,0.0
1997-06-13 00:00:00-04:00,5.878518660808677,5.878518660808677,5.7844624519348145,5.7844624519348145,3750,0.0,0.0
1997-06-16 00:00:00-04:00,5.8314883612513215,5.878516674041748,5.8314883612513215,5.878516674041748,6250,0.0,0.0
1997-06-17 00:00:00-04:00,5.878516674041748,5.878516674041748,5.878516674041748,5.878516674041748,34000,0.0,0.0
1997-06-18 00:00:00-04:00,5.878516674041748,5.878516674041748,5.878516674041748,5.878516674041748,41875,0.0,0.0
1997-06-19 00:00:00-04:00,5.9255458857422685,5.972573757171631,5.9255458857422685,5.972573757171631,11000,0.0,0.0
1997-06-20 00:00:00-04:00,5.972573757171631,5.972573757171631,5.972573757171631,5.972573757171631,1750,0.0,0.0
1997-06-23 00:00:00-04:00,5.972573757171631,5.972573757171631,5.972573757171631,5.972573757171631,0,0.0,0.0
1997-06-24 00:00:00-04:00,5.925547325190813,6.090145587921143,5.925547325190813,6.090145587921143,28875,0.0,0.0
1997-06-25 00:00:00-04:00,6.113656520843506,6.113656520843506,6.113656520843506,6.113656520843506,3750,0.0,0.0
1997-06-26 00:00:00-04:00,6.113658977841452,6.113658977841452,6.0196027755737305,6.0196027755737305,6375,0.0,0.0
1997-06-27 00:00:00-04:00,6.019600596255364,6.113656764471269,6.019600596255364,6.066628456115723,4375,0.0,0.0
1997-06-30 00:00:00-04:00,6.137168891977614,6.160683038390333,6.043112754821777,6.043112754821777,875,0.0,0.0
1997-07-01 00:00:00-04:00,6.13717391927004,6.13717391927004,6.090145587921143,6.090145587921143,1125,0.0,0.0
1997-07-02 00:00:00-04:00,6.113660066512594,6.160688400268555,6.113660066512594,6.160688400268555,500,0.0,0.0
1997-07-03 00:00:00-04:00,6.160688400268555,6.160688400268555,6.160688400268555,6.160688400268555,1750,0.0,0.0
1997-07-07 00:00:00-04:00,6.113659012985829,6.137173175811768,6.113659012985829,6.137173175811768,875,0.0,0.0
1997-07-08 00:00:00-04:00,6.1371706740842455,6.1371706740842455,6.113656520843506,6.113656520843506,2375,0.0,0.0
1997-07-09 00:00:00-04:00,6.0666282143620265,6.113656520843506,6.0666282143620265,6.113656520843506,8500,0.0,0.0
1997-07-10 00:00:00-04:00,6.1371706740842455,6.1371706740842455,6.043114509616457,6.113656520843506,1500,0.0,0.0
1997-07-11 00:00:00-04:00,6.066631422246694,6.090145587921143,6.043117705067651,6.090145587921143,4375,0.0,0.0
1997-07-14 00:00:00-04:00,6.184198778509401,6.207712932687174,6.066628456115723,6.066628456115723,12125,0.0,0.0
1997-07-15 00:00:00-04:00,6.207715904373335,6.325286283048949,6.207715904373335,6.301772117614746,10375,0.0,0.0
1997-07-16 00:00:00-04:00,6.325284230171052,6.395826703579025,6.325284230171052,6.372312545776367,74750,0.0,0.0
1997-07-17 00:00:00-04:00,6.442854354347918,6.630967161957383,6.442854354347918,6.536910533905029,66875,0.0,0.0
1997-07-18 00:00:00-04:00,6.583938962108365,6.654480985875712,6.536910647266635,6.5604248046875,12500,0.0,0.0
1997-07-21 00:00:00-04:00,6.466372390264976,6.466372390264976,6.4428582191467285,6.4428582191467285,3500,0.0,0.0
1997-07-22 00:00:00-04:00,6.4898834228515625,6.4898834228515625,6.4898834228515625,6.4898834228515625,875,0.0,0.0
1997-07-23 00:00:00-04:00,6.466372390264976,6.466372390264976,6.4193440480284805,6.4428582191467285,3125,0.0,0.0
1997-07-24 00:00:00-04:00,6.395829677581787,6.395829677581787,6.254745113658056,6.395829677581787,9000,0.0,0.0
1997-07-25 00:00:00-04:00,6.442857099882686,6.513399600982666,6.3958292143114654,6.513399600982666,1750,0.0,0.0
1997-07-28 00:00:00-04:00,6.4898834228515625,6.4898834228515625,6.4898834228515625,6.4898834228515625,375,0.0,0.0
1997-07-29 00:00:00-04:00,6.442854456035497,6.442854456035497,6.3487982749938965,6.3487982749938965,3125,0.0,0.0
1997-07-30 00:00:00-04:00,6.395831367253347,6.466373443603516,6.395831367253347,6.466373443603516,2000,0.0,0.0
1997-07-31 00:00:00-04:00,6.489884877019189,6.6544831351365925,6.489884877019189,6.607455253601074,69625,0.0,0.0
1997-08-01 00:00:00-04:00,6.630969524383545,6.630969524383545,6.513399145926357,6.630969524383545,2750,0.0,0.0
1997-08-04 00:00:00-04:00,6.654482472762111,6.725024960786814,6.607454595907658,6.677996635437012,13875,0.0,0.0
1997-08-05 00:00:00-04:00,6.677996635437012,6.701510798111913,6.677996635437012,6.677996635437012,3625,0.0,0.0
1997-08-06 00:00:00-04:00,6.677996635437012,6.725024960786814,6.654482472762111,6.677996635437012,6750,0.0,0.0
1997-08-07 00:00:00-04:00,6.701511572059697,6.701511572059697,6.607455358993027,6.630969524383545,5000,0.0,0.0
1997-08-08 00:00:00-04:00,6.701512525670318,6.701512525670318,6.395829677581787,6.395829677581787,8875,0.0,0.0
1997-08-11 00:00:00-04:00,6.325286283048949,6.325286283048949,6.254744235241741,6.301772117614746,3500,0.0,0.0
1997-08-12 00:00:00-04:00,6.348799597003463,6.348799597003463,6.278257558657117,6.3252854347229,1625,0.0,0.0
1997-08-13 00:00:00-04:00,6.355528695025077,6.3791552862130745,6.237396189724835,6.28464937210083,3000,0.064,0.0
1997-08-14 00:00:00-04:00,6.33190210383708,6.33190210383708,6.28464937210083,6.28464937210083,500,0.0,0.0
1997-08-15 00:00:00-04:00,6.308273698972659,6.402779579162598,6.308273698972659,6.402779579162598,2750,0.0,0.0
1997-08-18 00:00:00-04:00,6.473661159206213,6.497287750244141,6.4264084277701015,6.497287750244141,1375,0.0,0.0
1997-08-19 00:00:00-04:00,6.497287750244141,6.497287750244141,6.497287750244141,6.497287750244141,0,0.0,0.0
1997-08-20 00:00:00-04:00,6.591791063615848,6.6862969398498535,6.591791063615848,6.6862969398498535,3750,0.0,0.0
1997-08-21 00:00:00-04:00,6.639044797286664,6.639044797286664,6.59179162979126,6.59179162979126,1125,0.0,0.0
1997-08-22 00:00:00-04:00,6.568159103393555,6.568159103393555,6.568159103393555,6.568159103393555,2125,0.0,0.0
1997-08-25 00:00:00-04:00,6.568169525952401,6.66267592540258,6.568169525952401,6.61542272567749,4250,0.0,0.0
1997-08-26 00:00:00-04:00,6.61542272567749,6.61542272567749,6.61542272567749,6.61542272567749,625,0.0,0.0
1997-08-27 00:00:00-04:00,6.61542272567749,6.61542272567749,6.61542272567749,6.61542272567749,2250,0.0,0.0
1997-08-28 00:00:00-04:00,6.568165166590472,6.709924221038818,6.52091244886743,6.709924221038818,9250,0.0,0.0
1997-08-29 00:00:00-04:00,6.733550805220144,6.733550805220144,6.709924221038818,6.709924221038818,1625,0.0,0.0
1997-09-02 00:00:00-04:00,6.733544589352631,6.757171151723813,6.568159103393555,6.568159103393555,6250,0.0,0.0
1997-09-03 00:00:00-04:00,6.520906429290386,6.568159103393555,6.4264006304448555,6.568159103393555,7625,0.0,0.0
1997-09-04 00:00:00-04:00,6.61542272567749,6.686302074625213,6.61542272567749,6.61542272567749,51125,0.0,0.0
1997-09-05 00:00:00-04:00,6.662672302346812,6.709925025736707,6.639045715332031,6.639045715332031,11000,0.0,0.0
1997-09-08 00:00:00-04:00,6.61542272567749,6.686302074625213,6.61542272567749,6.61542272567749,1000,0.0,0.0
1997-09-09 00:00:00-04:00,6.61542272567749,6.61542272567749,6.61542272567749,6.61542272567749,12125,0.0,0.0
1997-09-10 00:00:00-04:00,6.61542272567749,6.61542272567749,6.61542272567749,6.61542272567749,625,0.0,0.0
1997-09-11 00:00:00-04:00,6.615419128317251,6.639045715332031,6.615419128317251,6.639045715332031,3625,0.0,0.0
1997-09-12 00:00:00-04:00,6.6390449191344505,6.709924221038818,6.6390449191344505,6.709924221038818,1125,0.0,0.0
1997-09-15 00:00:00-04:00,6.662665352878281,6.662665352878281,6.520906429290386,6.568159103393555,4500,0.0,0.0
1997-09-16 00:00:00-04:00,6.615419128317251,6.662672302346812,6.615419128317251,6.639045715332031,2500,0.0,0.0
1997-09-17 00:00:00-04:00,6.61542272567749,6.61542272567749,6.591796125814946,6.61542272567749,8375,0.0,0.0
1997-09-18 00:00:00-04:00,6.662672302346812,6.662672302346812,6.615419128317251,6.639045715332031,8625,0.0,0.0
1997-09-19 00:00:00-04:00,6.662672996520996,6.662672996520996,6.662672996520996,6.662672996520996,5000,0.0,0.0
1997-09-22 00:00:00-04:00,6.615417645334241,6.733550103286638,6.5681644818974565,6.6862969398498535,18625,0.0,0.0
1997-09-23 00:00:00-04:00,6.709928674487758,6.709928674487758,6.61542272567749,6.61542272567749,7500,0.0,0.0
1997-09-24 00:00:00-04:00,6.544540932319995,6.544540932319995,6.497287750244141,6.497287750244141,4750,0.0,0.0
1997-09-25 00:00:00-04:00,6.473662096926294,6.6626744019686965,6.331902980804443,6.331902980804443,31750,0.0,0.0
1997-09-26 00:00:00-04:00,6.3791554173140375,6.3791554173140375,6.1428904018579615,6.190143585205078,24500,0.0,0.0
1997-09-29 00:00:00-04:00,6.14289027561259,6.33190210383708,6.14289027561259,6.28464937210083,28000,0.0,0.0
1997-09-30 00:00:00-04:00,6.331899831040457,6.497285459352536,6.284647116265279,6.402779579162598,25875,0.0,0.0
1997-10-01 00:00:00-04:00,6.473660731349506,6.686299135357684,6.402781413560017,6.662672996520996,403750,0.0,0.0
1997-10-02 00:00:00-04:00,6.662670808771026,6.733550103286638,6.615417645334241,6.6862969398498535,14000,0.0,0.0
1997-10-03 00:00:00-04:00,6.733550805220144,6.780803973582797,6.662671503315777,6.709924221038818,36625,0.0,0.0
1997-10-06 00:00:00-04:00,6.6154198175681955,6.780805493263285,6.6154198175681955,6.662672996520996,14125,0.0,0.0
1997-10-07 00:00:00-04:00,6.639043645853472,6.828055381774902,6.639043645853472,6.828055381774902,8000,0.0,0.0
1997-10-08 00:00:00-04:00,6.804428551728302,6.898934866850799,6.804428551728302,6.851681709289551,3250,0.0,0.0
1997-10-09 00:00:00-04:00,6.851684616054022,6.8989377936619976,6.804431438446045,6.804431438446045,9750,0.0,0.0
1997-10-10 00:00:00-04:00,6.804428802124842,6.851681961424962,6.804428802124842,6.828055381774902,1250,0.0,0.0
1997-10-13 00:00:00-04:00,6.875308288070175,6.969814152553163,6.828055130508926,6.851681709289551,2625,0.0,0.0
1997-10-14 00:00:00-04:00,6.804431438446045,6.8989377936619976,6.804431438446045,6.804431438446045,1875,0.0,0.0
1997-10-15 00:00:00-04:00,6.804428551728302,6.898934866850799,6.804428551728302,6.851681709289551,1625,0.0,0.0
1997-10-16 00:00:00-04:00,6.804431438446045,6.804431438446045,6.804431438446045,6.804431438446045,125,0.0,0.0
1997-10-17 00:00:00-04:00,6.875309337360776,6.875309337360776,6.757176876068115,6.757176876068115,3875,0.0,0.0
1997-10-20 00:00:00-04:00,6.709922539780612,6.733549118041992,6.709922539780612,6.733549118041992,250,0.0,0.0
1997-10-21 00:00:00-04:00,6.7099244027931535,6.78080415725708,6.639045098968851,6.78080415725708,5625,0.0,0.0
1997-10-22 00:00:00-04:00,6.780802274564753,6.780802274564753,6.686295961519232,6.733549118041992,625,0.0,0.0
1997-10-23 00:00:00-04:00,6.639044227052633,6.6862969398498535,6.544538350818629,6.6862969398498535,7375,0.0,0.0
1997-10-24 00:00:00-04:00,6.662670808771026,6.6862969398498535,6.639044227052633,6.6862969398498535,1375,0.0,0.0
1997-10-27 00:00:00-05:00,6.615412228135918,6.615412228135918,6.568159103393555,6.568159103393555,8125,0.0,0.0
1997-10-28 00:00:00-05:00,6.5917935233257055,6.615420113860296,6.426408290863037,6.426408290863037,7625,0.0,0.0
1997-10-29 00:00:00-05:00,6.379155109793857,6.426408290863037,6.331901928724676,6.426408290863037,2000,0.0,0.0
1997-10-30 00:00:00-05:00,6.379155295351896,6.4736612095995305,6.284649381104261,6.4500346183776855,3375,0.0,0.0
1997-10-31 00:00:00-05:00,6.47366189956665,6.47366189956665,6.47366189956665,6.47366189956665,250,0.0,0.0
1997-11-03 00:00:00-05:00,6.568159103393555,6.568159103393555,6.568159103393555,6.568159103393555,1750,0.0,0.0
1997-11-04 00:00:00-05:00,6.473661159206213,6.591793663756107,6.473661159206213,6.497287750244141,9500,0.0,0.0
1997-11-05 00:00:00-05:00,6.568163445237962,6.568163445237962,6.473657583919907,6.520910739898682,6875,0.0,0.0
1997-11-06 00:00:00-05:00,6.520915087046617,6.520915087046617,6.47366189956665,6.47366189956665,8875,0.0,0.0
1997-11-07 00:00:00-05:00,6.473658876645156,6.5681647568350945,6.402779579162598,6.402779579162598,12625,0.0,0.0
1997-11-10 00:00:00-05:00,6.4264006304448555,6.568159103393555,6.4264006304448555,6.568159103393555,8250,0.0,0.0
1997-11-11 00:00:00-05:00,6.520913910302307,6.662672996520996,6.426408003036418,6.662672996520996,2250,0.0,0.0
1997-11-12 00:00:00-05:00,6.740520955158874,6.740520955158874,6.693052768707275,6.693052768707275,2250,0.064,0.0
1997-11-13 00:00:00-05:00,6.740520955158874,6.740520955158874,6.693052768707275,6.693052768707275,1125,0.0,0.0
1997-11-14 00:00:00-05:00,6.693052768707275,6.740520955158874,6.550647303963494,6.693052768707275,3750,0.0,0.0
1997-11-17 00:00:00-05:00,6.787988662719727,6.8354568426567806,6.787988662719727,6.787988662719727,8375,0.0,0.0
1997-11-18 00:00:00-05:00,6.8354568426567806,6.8354568426567806,6.787988662719727,6.787988662719727,1500,0.0,0.0
1997-11-19 00:00:00-05:00,6.69305274542629,6.69305274542629,6.6455841064453125,6.6455841064453125,875,0.0,0.0
1997-11-20 00:00:00-05:00,6.645580721123255,6.669315028523262,6.55064394421749,6.598112106323242,3500,0.0,0.0
1997-11-21 00:00:00-05:00,6.550647719529312,6.550647719529312,6.4557108879089355,6.4557108879089355,2625,0.0,0.0
1997-11-24 00:00:00-05:00,6.5031778956061315,6.6455833435058596,6.5031778956061315,6.526912212371826,2125,0.0,0.0
1997-11-25 00:00:00-05:00,6.526913398450588,6.526913398450588,6.4557108879089355,6.4557108879089355,69625,0.0,0.0
1997-11-26 00:00:00-05:00,6.455709426547602,6.455709426547602,6.360772163723393,6.408240795135498,1625,0.0,0.0
1997-11-28 00:00:00-05:00,6.360774517059326,6.360774517059326,6.360774517059326,6.360774517059326,5500,0.0,0.0
1997-12-01 00:00:00-05:00,6.408241048042311,6.455709681327806,6.408241048042311,6.431975364685059,2750,0.0,0.0
1997-12-02 00:00:00-05:00,6.431975335493152,6.431975335493152,6.384506702423096,6.384506702423096,9500,0.0,0.0
1997-12-03 00:00:00-05:00,6.3845064794294455,6.408240795135498,6.360772163723393,6.408240795135498,51875,0.0,0.0
1997-12-04 00:00:00-05:00,6.408240049462478,6.408240049462478,6.337037563323975,6.337037563323975,6500,0.0,0.0
1997-12-05 00:00:00-05:00,6.265834538536998,6.360771336317458,6.170897740756539,6.194632053375244,5125,0.0,0.0
1997-12-08 00:00:00-05:00,6.265837671805151,6.360774517059326,6.218369475525357,6.360774517059326,8750,0.0,0.0
1997-12-09 00:00:00-05:00,6.265832901000977,6.265832901000977,6.265832901000977,6.265832901000977,875,0.0,0.0
1997-12-10 00:00:00-05:00,6.337040645266722,6.360774517059326,6.313306320779532,6.360774517059326,7750,0.0,0.0
1997-12-11 00:00:00-05:00,6.360772512663951,6.360772512663951,6.075962066650391,6.075962066650391,8125,0.0,0.0
1997-12-12 00:00:00-05:00,6.0284948418932665,6.0284948418932665,5.957292326918738,5.981026649475098,1875,0.0,0.0
1997-12-15 00:00:00-05:00,5.93355846120387,5.981027109971335,5.838621616363525,5.838621616363525,9625,0.0,0.0
1997-12-16 00:00:00-05:00,5.886084079742432,5.981021284814199,5.886084079742432,5.886084079742432,5375,0.0,0.0
1997-12-17 00:00:00-05:00,5.838619614063949,5.838619614063949,5.648745536804199,5.648745536804199,10250,0.0,0.0
1997-12-18 00:00:00-05:00,5.696214169292744,5.743682801781288,5.648745536804199,5.648745536804199,4875,0.0,0.0
1997-12-19 00:00:00-05:00,5.648745093466005,5.696213722229004,5.648745093466005,5.696213722229004,6000,0.0,0.0
1997-12-22 00:00:00-05:00,5.767417477062635,5.8860886222918625,5.767417477062635,5.862354755401611,11375,0.0,0.0
1997-12-23 00:00:00-05:00,5.933556339838574,6.004758834838867,5.933556339838574,6.004758834838867,4125,0.0,0.0
1997-12-24 00:00:00-05:00,6.123430247972095,6.123430247972095,6.075962066650391,6.075962066650391,9875,0.0,0.0
1997-12-26 00:00:00-05:00,6.123430247972095,6.123430247972095,6.075962066650391,6.075962066650391,750,0.0,0.0
1997-12-29 00:00:00-05:00,6.075959355062316,6.265832901000977,6.075959355062316,6.265832901000977,8750,0.0,0.0
1997-12-30 00:00:00-05:00,6.313302413073276,6.313302413073276,6.170897006988525,6.170897006988525,18500,0.0,0.0
1997-12-31 00:00:00-05:00,6.170896128031646,6.265832901000977,6.170896128031646,6.265832901000977,2375,0.0,0.0
1998-01-02 00:00:00-05:00,6.265837671805151,6.360774517059326,6.265837671805151,6.360774517059326,1875,0.0,0.0
1998-01-05 00:00:00-05:00,6.31330510590865,6.31330510590865,6.218368278923192,6.242102146148682,6500,0.0,0.0
1998-01-06 00:00:00-05:00,6.242099483683748,6.242099483683748,6.170897006988525,6.170897006988525,33875,0.0,0.0
1998-01-07 00:00:00-05:00,6.170898881988244,6.170898881988244,6.075962066650391,6.075962066650391,24750,0.0,0.0
1998-01-08 00:00:00-05:00,6.028491214193215,6.028491214193215,5.933554433791408,5.95728874206543,5500,0.0,0.0
1998-01-09 00:00:00-05:00,5.981025251312538,6.075962066650391,5.957290934304463,6.075962066650391,6125,0.0,0.0
1998-01-12 00:00:00-05:00,6.12343215088456,6.12343215088456,5.838621616363525,5.838621616363525,7250,0.0,0.0
1998-01-13 00:00:00-05:00,5.838621616363525,5.886089812436405,5.7911529675960605,5.838621616363525,4875,0.0,0.0
1998-01-14 00:00:00-05:00,5.838619933846697,5.838619933846697,5.7436831163643225,5.81488561630249,2250,0.0,0.0
1998-01-15 00:00:00-05:00,5.886086346428783,6.075960376997197,5.791149557491735,6.0522260665893555,6125,0.0,0.0
1998-01-16 00:00:00-05:00,5.981023588060149,6.0522260665893555,5.981023588060149,6.0522260665893555,4750,0.0,0.0
1998-01-20 00:00:00-05:00,6.004760519336907,6.052229164449626,5.981026649475098,5.981026649475098,6000,0.0,0.0
1998-01-21 00:00:00-05:00,5.93355846120387,5.981027109971335,5.838621616363525,5.838621616363525,4750,0.0,0.0
1998-01-22 00:00:00-05:00,5.791151298758283,5.838619933846697,5.7436831163643225,5.81488561630249,3875,0.0,0.0
1998-01-23 00:00:00-05:00,5.81488561630249,5.81488561630249,5.81488561630249,5.81488561630249,0,0.0,0.0
1998-01-26 00:00:00-05:00,5.862354755401611,5.862354755401611,5.791151796647379,5.862354755401611,2625,0.0,0.0
1998-01-27 00:00:00-05:00,5.862353118763109,5.862353118763109,5.506339782466427,5.530073642730713,54625,0.0,0.0
1998-01-28 00:00:00-05:00,5.506338596343994,5.553806759341797,5.506338596343994,5.506338596343994,4000,0.0,0.0
1998-01-29 00:00:00-05:00,5.41140461576888,5.41140461576888,5.363936424255371,5.363936424255371,7000,0.0,0.0
1998-01-30 00:00:00-05:00,5.435136161402008,5.553807258605957,5.387667994137014,5.553807258605957,3500,0.0,0.0
1998-02-02 00:00:00-05:00,5.577542781829834,5.672479589705078,5.577542781829834,5.577542781829834,4500,0.0,0.0
1998-02-03 00:00:00-05:00,5.601277357010084,5.648745536804199,5.601277357010084,5.648745536804199,2375,0.0,0.0
1998-02-04 00:00:00-05:00,5.601276653989279,5.625010967254639,5.601276653989279,5.625010967254639,1375,0.0,0.0
1998-02-05 00:00:00-05:00,5.601278077987586,5.696214902490191,5.601278077987586,5.672480583190918,1125,0.0,0.0
1998-02-06 00:00:00-05:00,5.672480583190918,5.719949221789465,5.648746263891645,5.672480583190918,1125,0.0,0.0
1998-02-09 00:00:00-05:00,5.601276485051067,5.743681907653809,5.601276485051067,5.743681907653809,5250,0.0,0.0
1998-02-10 00:00:00-05:00,5.743684039052389,5.791152229071826,5.743684039052389,5.767417907714844,2625,0.0,0.0
1998-02-11 00:00:00-05:00,5.7740956524992075,5.941114669912265,5.583216190338135,5.583216190338135,22000,0.064,0.0
1998-02-12 00:00:00-05:00,5.583218382361945,5.797957463396707,5.583218382361945,5.774097919464111,6125,0.0,0.0
1998-02-13 00:00:00-05:00,5.774097345165725,5.917256414889047,5.774097345165725,5.869536876678467,6250,0.0,0.0
1998-02-17 00:00:00-05:00,5.893394439394195,5.9172539710998535,5.75023497370326,5.9172539710998535,5250,0.0,0.0
1998-02-18 00:00:00-05:00,5.917257446141484,5.917257446141484,5.797957897186279,5.797957897186279,4625,0.0,0.0
1998-02-19 00:00:00-05:00,5.750237920439887,5.845677461445156,5.726377921415663,5.774097919464111,4625,0.0,0.0
1998-02-20 00:00:00-05:00,5.869537374468082,5.869537374468082,5.845677375793457,5.845677375793457,375,0.0,0.0
1998-02-23 00:00:00-05:00,5.869536434100931,5.869536434100931,5.821816444396973,5.821816444396973,2000,0.0,0.0
1998-02-24 00:00:00-05:00,5.774097919464111,5.845677461445156,5.774097919464111,5.774097919464111,1500,0.0,0.0
1998-02-25 00:00:00-05:00,5.774097919464111,5.774097919464111,5.726377921415663,5.774097919464111,5875,0.0,0.0
1998-02-26 00:00:00-05:00,5.821817505735112,5.821817505735112,5.726377964019775,5.726377964019775,4500,0.0,0.0
1998-02-27 00:00:00-05:00,5.726377921415663,5.86953746046938,5.630938380410394,5.774097919464111,7125,0.0,0.0
1998-03-02 00:00:00-05:00,5.774098351468568,5.845677898805026,5.774098351468568,5.797957897186279,17125,0.0,0.0
1998-03-03 00:00:00-05:00,5.821817377118833,5.845677375793457,5.797957378444209,5.845677375793457,1250,0.0,0.0
1998-03-04 00:00:00-05:00,5.821816444396973,5.821816444396973,5.797956449544993,5.821816444396973,9250,0.0,0.0
1998-03-05 00:00:00-05:00,5.845677898805026,5.845677898805026,5.797957897186279,5.797957897186279,1000,0.0,0.0
1998-03-06 00:00:00-05:00,5.821816883376304,5.869536876678467,5.821816883376304,5.869536876678467,54875,0.0,0.0
1998-03-09 00:00:00-05:00,5.821817897995652,5.821817897995652,5.797957897186279,5.797957897186279,750,0.0,0.0
1998-03-10 00:00:00-05:00,5.797956449544993,5.845676439248952,5.797956449544993,5.821816444396973,6375,0.0,0.0
1998-03-11 00:00:00-05:00,5.8456744658000845,5.9172539710998535,5.82181447900303,5.9172539710998535,39500,0.0,0.0
1998-03-12 00:00:00-05:00,6.0126975805100304,6.108137130737305,6.0126975805100304,6.108137130737305,2875,0.0,0.0
1998-03-13 00:00:00-05:00,6.155857821831543,6.322877407073975,6.155857821831543,6.322877407073975,6000,0.0,0.0
1998-03-16 00:00:00-05:00,6.370595055083362,6.370595055083362,6.275155067443848,6.275155067443848,5750,0.0,0.0
1998-03-17 00:00:00-05:00,6.251295525625558,6.322875061263605,6.251295525625558,6.275155067443848,3375,0.0,0.0
1998-03-18 00:00:00-05:00,6.346737384796143,6.346737384796143,6.32287737913953,6.346737384796143,4000,0.0,0.0
1998-03-19 00:00:00-05:00,6.394455344975677,6.537614888091296,6.394455344975677,6.489895343780518,10875,0.0,0.0
1998-03-20 00:00:00-05:00,6.489895365840663,6.489895365840663,6.442175366276035,6.46603536605835,3500,0.0,0.0
1998-03-23 00:00:00-05:00,6.418316975030325,6.418316975030325,6.275157395549921,6.322877407073975,5375,0.0,0.0
1998-03-24 00:00:00-05:00,6.37059214214291,6.37059214214291,6.2512926672345515,6.299012184143066,4125,0.0,0.0
1998-03-25 00:00:00-05:00,6.299012184143066,6.299012184143066,6.227432681234604,6.299012184143066,2500,0.0,0.0
1998-03-26 00:00:00-05:00,6.251297844879652,6.346737412836001,6.203577833355598,6.322877407073975,2125,0.0,0.0
1998-03-27 00:00:00-05:00,6.251297950744629,6.251297950744629,6.251297950744629,6.251297950744629,625,0.0,0.0
1998-03-30 00:00:00-05:00,6.203573800688823,6.203573800688823,6.0604143142700195,6.0604143142700195,2000,0.0,0.0
1998-03-31 00:00:00-05:00,6.0842771294075675,6.108137130737305,6.0842771294075675,6.108137130737305,3000,0.0,0.0
1998-04-01 00:00:00-05:00,6.155856678305105,6.155856678305105,6.108137130737305,6.108137130737305,2375,0.0,0.0
1998-04-02 00:00:00-05:00,6.155856544051892,6.155856544051892,5.797957897186279,5.797957897186279,41000,0.0,0.0
1998-04-03 00:00:00-05:00,5.869538757452733,5.917258310954073,5.821818748859664,5.893398761749268,33125,0.0,0.0
1998-04-06 00:00:00-04:00,5.893396937252146,6.275155067443848,5.893396937252146,6.275155067443848,19250,0.0,0.0
1998-04-07 00:00:00-04:00,6.2274379445785355,6.251297950744629,6.203577938412442,6.251297950744629,1000,0.0,0.0
1998-04-08 00:00:00-04:00,6.2274379445785355,6.275157501818956,6.203577938412442,6.251297950744629,2750,0.0,0.0
1998-04-09 00:00:00-04:00,6.203577938412442,6.275157501818956,6.203577938412442,6.251297950744629,3000,0.0,0.0
1998-04-13 00:00:00-04:00,6.203576680964579,6.251296683624052,6.108137130737305,6.108137130737305,2250,0.0,0.0
1998-04-14 00:00:00-04:00,6.084274768829346,6.13199475297441,6.084274768829346,6.084274768829346,6125,0.0,0.0
1998-04-15 00:00:00-04:00,6.108131407440551,6.131991386413574,6.0842714284675266,6.131991386413574,3875,0.0,0.0
1998-04-16 00:00:00-04:00,6.108134760901878,6.155854289955445,6.084274768829346,6.084274768829346,5625,0.0,0.0
1998-04-17 00:00:00-04:00,6.084274768829346,6.084274768829346,6.084274768829346,6.084274768829346,0,0.0,0.0
1998-04-20 00:00:00-04:00,6.108131407440551,6.131991386413574,6.0842714284675266,6.131991386413574,4000,0.0,0.0
1998-04-21 00:00:00-04:00,6.179714679718018,6.179714679718018,6.155854686109997,6.179714679718018,1625,0.0,0.0
1998-04-22 00:00:00-04:00,6.131998271161274,6.322877407073975,6.131998271161274,6.322877407073975,8750,0.0,0.0
1998-04-23 00:00:00-04:00,6.322877514151143,6.3467375203172365,6.251297950744629,6.251297950744629,2250,0.0,0.0
1998-04-24 00:00:00-04:00,6.299012184143066,6.299012184143066,6.299012184143066,6.299012184143066,875,0.0,0.0
1998-04-27 00:00:00-04:00,6.203576680964579,6.203576680964579,6.108137130737305,6.108137130737305,5250,0.0,0.0
1998-04-28 00:00:00-04:00,6.108134294773441,6.108134294773441,6.0604143142700195,6.0604143142700195,18875,0.0,0.0
1998-04-29 00:00:00-04:00,5.964974808354637,6.131994285025152,5.964974808354637,6.0604143142700195,15250,0.0,0.0
1998-04-30 00:00:00-04:00,6.108134760901878,6.108134760901878,6.084274768829346,6.084274768829346,3750,0.0,0.0
1998-05-01 00:00:00-04:00,6.036557126748094,6.131997132067042,6.036557126748094,6.108137130737305,5750,0.0,0.0
1998-05-04 00:00:00-04:00,6.131994285025152,6.155853820185401,6.0604143142700195,6.0604143142700195,5625,0.0,0.0
1998-05-05 00:00:00-04:00,6.084274768829346,6.155854289955445,6.084274768829346,6.084274768829346,41875,0.0,0.0
1998-05-06 00:00:00-04:00,6.084274768829346,6.084274768829346,6.084274768829346,6.084274768829346,0,0.0,0.0
1998-05-07 00:00:00-04:00,6.036554324018308,6.08427430452173,6.0126947888580595,6.0604143142700195,3125,0.0,0.0
1998-05-08 00:00:00-04:00,6.084274768829346,6.084274768829346,6.084274768829346,6.084274768829346,625,0.0,0.0
1998-05-11 00:00:00-04:00,6.036554879303731,6.036554879303731,5.964975357055664,5.964975357055664,1000,0.0,0.0
1998-05-12 00:00:00-04:00,5.9172539710998535,5.9172539710998535,5.774094960500316,5.9172539710998535,12000,0.0,0.0
1998-05-13 00:00:00-04:00,5.8760029256025135,6.091856002807617,5.82803537180027,6.091856002807617,34750,0.064,0.0
1998-05-14 00:00:00-04:00,6.043888867076879,6.067872186369233,6.019905090332031,6.019905090332031,2125,0.0,0.0
1998-05-15 00:00:00-04:00,6.067874730336057,6.067874730336057,5.971940040588379,5.971940040588379,1125,0.0,0.0
1998-05-18 00:00:00-04:00,5.947957371022725,5.971941162327811,5.92397403717041,5.92397403717041,625,0.0,0.0
1998-05-19 00:00:00-04:00,5.995924953632897,5.995924953632897,5.92397403717041,5.92397403717041,1625,0.0,0.0
1998-05-20 00:00:00-04:00,5.92397403717041,5.92397403717041,5.92397403717041,5.92397403717041,0,0.0,0.0
1998-05-21 00:00:00-04:00,5.899989128112793,5.899989128112793,5.804054438520041,5.899989128112793,2000,0.0,0.0
1998-05-22 00:00:00-04:00,5.899987345867581,5.899987345867581,5.780068905737966,5.852019786834717,21125,0.0,0.0
1998-05-26 00:00:00-04:00,5.804055361146538,5.852022484841541,5.756087779998779,5.756087779998779,15750,0.0,0.0
1998-05-27 00:00:00-04:00,5.708116668306515,5.708116668306515,5.660149574279785,5.660149574279785,4250,0.0,0.0
1998-05-28 00:00:00-04:00,5.70812019885102,5.756087779998779,5.70812019885102,5.756087779998779,8125,0.0,0.0
1998-05-29 00:00:00-04:00,5.756087779998779,5.756087779998779,5.756087779998779,5.756087779998779,500,0.0,0.0
1998-06-01 00:00:00-04:00,5.732102870941162,5.732102870941162,5.732102870941162,5.732102870941162,625,0.0,0.0
1998-06-02 00:00:00-04:00,5.756085043388977,5.756085043388977,5.708117485046387,5.708117485046387,2125,0.0,0.0
1998-06-03 00:00:00-04:00,5.708116668306515,5.708116668306515,5.660149574279785,5.660149574279785,4500,0.0,0.0
1998-06-04 00:00:00-04:00,5.660150384156335,5.756085043388977,5.660150384156335,5.708117485046387,7500,0.0,0.0
1998-06-05 00:00:00-04:00,5.732101264217682,5.732101264217682,5.708117485046387,5.708117485046387,625,0.0,0.0
1998-06-08 00:00:00-04:00,5.7560848294133375,5.7560848294133375,5.6121826171875,5.6121826171875,10125,0.0,0.0
1998-06-09 00:00:00-04:00,5.564215518080569,5.6121826171875,5.564215518080569,5.6121826171875,2000,0.0,0.0
1998-06-10 00:00:00-04:00,5.564217284588403,5.732102870941162,5.564217284588403,5.732102870941162,1750,0.0,0.0
1998-06-11 00:00:00-04:00,5.6841345842158075,5.6841345842158075,5.564216136932373,5.564216136932373,2375,0.0,0.0
1998-06-12 00:00:00-04:00,5.612183875974854,5.612183875974854,5.588200092315674,5.588200092315674,875,0.0,0.0
1998-06-15 00:00:00-04:00,5.540232355985172,5.636167022321405,5.540232355985172,5.564216136932373,7375,0.0,0.0
1998-06-16 00:00:00-04:00,5.564216136932373,5.564216136932373,5.564216136932373,5.564216136932373,0,0.0,0.0
1998-06-17 00:00:00-04:00,5.564216136932373,5.564216136932373,5.564216136932373,5.564216136932373,125,0.0,0.0
1998-06-18 00:00:00-04:00,5.564216136932373,5.564216136932373,5.564216136932373,5.564216136932373,375,0.0,0.0
1998-06-19 00:00:00-04:00,5.540233921237616,5.540233921237616,5.492266345791193,5.516250133514404,1375,0.0,0.0
1998-06-22 00:00:00-04:00,5.516250133514404,5.516250133514404,5.516250133514404,5.516250133514404,125,0.0,0.0
1998-06-23 00:00:00-04:00,5.468280792236328,5.468280792236328,5.468280792236328,5.468280792236328,750,0.0,0.0
1998-06-24 00:00:00-04:00,5.372347998787236,5.396331787109375,5.372347998787236,5.396331787109375,159250,0.0,0.0
1998-06-25 00:00:00-04:00,5.372347307052079,5.372347307052079,5.132510369617142,5.228445053100586,19875,0.0,0.0
1998-06-26 00:00:00-04:00,5.228444615890769,5.324379748804639,5.228444615890769,5.300395965576172,12250,0.0,0.0
1998-06-29 00:00:00-04:00,5.252428767111217,5.492265701293945,5.252428767111217,5.492265701293945,18875,0.0,0.0
1998-06-30 00:00:00-04:00,5.516247926584088,5.612182581642872,5.468280370328436,5.540231704711914,10250,0.0,0.0
1998-07-01 00:00:00-04:00,5.516247926584088,5.540231704711914,5.516247926584088,5.540231704711914,7125,0.0,0.0
1998-07-02 00:00:00-04:00,5.516250133514404,5.516250133514404,5.516250133514404,5.516250133514404,1375,0.0,0.0
1998-07-06 00:00:00-04:00,5.516250133514404,5.516250133514404,5.468282558067981,5.516250133514404,8125,0.0,0.0
1998-07-07 00:00:00-04:00,5.468282558067981,5.516250133514404,5.468282558067981,5.516250133514404,5375,0.0,0.0
1998-07-08 00:00:00-04:00,5.516247162073802,5.516247162073802,5.372344970703125,5.372344970703125,16875,0.0,0.0
1998-07-09 00:00:00-04:00,5.468280792236328,5.468280792236328,5.468280792236328,5.468280792236328,250,0.0,0.0
1998-07-10 00:00:00-04:00,5.51624857503797,5.564216136932373,5.51624857503797,5.564216136932373,15875,0.0,0.0
1998-07-13 00:00:00-04:00,5.588201039231337,5.588201039231337,5.516250133514404,5.516250133514404,750,0.0,0.0
1998-07-14 00:00:00-04:00,5.516247162073802,5.516247162073802,5.372344970703125,5.372344970703125,442875,0.0,0.0
1998-07-15 00:00:00-04:00,5.444297790527344,5.444297790527344,5.444297790527344,5.444297790527344,500,0.0,0.0
1998-07-16 00:00:00-04:00,5.468281419991856,5.468281419991856,5.37234674651794,5.420314311981201,1875,0.0,0.0
1998-07-17 00:00:00-04:00,5.420314311981201,5.420314311981201,5.420314311981201,5.420314311981201,500,0.0,0.0
1998-07-20 00:00:00-04:00,5.372344970703125,5.372344970703125,5.372344970703125,5.372344970703125,1750,0.0,0.0
1998-07-21 00:00:00-04:00,5.372347993780654,5.420315570380232,5.324380874633789,5.324380874633789,10750,0.0,0.0
1998-07-22 00:00:00-04:00,5.372347993780654,5.372347993780654,5.324380874633789,5.324380874633789,5250,0.0,0.0
1998-07-23 00:00:00-04:00,5.372347993780654,5.372347993780654,5.324380874633789,5.324380874633789,11000,0.0,0.0
1998-07-24 00:00:00-04:00,5.324382920466169,5.3483662605285645,5.324382920466169,5.3483662605285645,5125,0.0,0.0
1998-07-27 00:00:00-04:00,5.300399122950884,5.37235005804385,5.300399122950884,5.3483662605285645,20125,0.0,0.0
1998-07-28 00:00:00-04:00,5.348364205480864,5.420315570380232,5.27641329803421,5.324380874633789,22375,0.0,0.0
1998-07-29 00:00:00-04:00,5.324380874633789,5.324380874633789,5.324380874633789,5.324380874633789,500,0.0,0.0
1998-07-30 00:00:00-04:00,5.324377878547869,5.372344970703125,5.324377878547869,5.372344970703125,1500,0.0,0.0
1998-07-31 00:00:00-04:00,5.276411533355713,5.276411533355713,5.276411533355713,5.276411533355713,7875,0.0,0.0
1998-08-03 00:00:00-04:00,5.2764126235686355,5.2764126235686355,5.180477940085191,5.228445053100586,5875,0.0,0.0
1998-08-04 00:00:00-04:00,5.204459486740465,5.204459486740465,5.0365735197672405,5.18047571182251,6000,0.0,0.0
1998-08-05 00:00:00-04:00,5.0845435361559534,5.0845435361559534,5.0605597496032715,5.0605597496032715,1375,0.0,0.0
1998-08-06 00:00:00-04:00,5.060557294685195,5.18047571182251,5.060557294685195,5.18047571182251,3750,0.0,0.0
1998-08-07 00:00:00-04:00,5.132508277893066,5.132508277893066,5.132508277893066,5.132508277893066,1250,0.0,0.0
1998-08-10 00:00:00-04:00,5.132511784903181,5.132511784903181,5.084544658660889,5.084544658660889,30875,0.0,0.0
1998-08-11 00:00:00-04:00,5.036577074965816,5.084544658660889,4.988609491270744,5.084544658660889,9750,0.0,0.0
1998-08-12 00:00:00-04:00,5.018910329222441,5.1395572165617445,5.018910329222441,5.043039798736572,13375,0.064,0.0
1998-08-13 00:00:00-04:00,5.043039245747726,5.067168712615967,5.043039245747726,5.067168712615967,750,0.0,0.0
1998-08-14 00:00:00-04:00,5.018910329222441,5.067169268250703,5.018910329222441,5.043039798736572,2875,0.0,0.0
1998-08-17 00:00:00-04:00,5.018911584040355,5.091300010681152,4.994782568724889,5.091300010681152,12000,0.0,0.0
1998-08-18 00:00:00-04:00,5.139558501543551,5.139558501543551,5.091300010681152,5.091300010681152,2500,0.0,0.0
1998-08-19 00:00:00-04:00,5.091298737764834,5.091298737764834,5.043039798736572,5.043039798736572,4625,0.0,0.0
1998-08-20 00:00:00-04:00,5.043040836172293,5.043040836172293,5.018911361694336,5.018911361694336,3625,0.0,0.0
1998-08-21 00:00:00-04:00,4.994782347447825,5.018911361694336,4.994782347447825,5.018911361694336,4375,0.0,0.0
1998-08-24 00:00:00-04:00,5.115428207278964,5.115428207278964,5.043039798736572,5.043039798736572,3375,0.0,0.0
1998-08-25 00:00:00-04:00,4.994782347447825,5.018911361694336,4.994782347447825,5.018911361694336,4375,0.0,0.0
1998-08-26 00:00:00-04:00,5.067169268250703,5.1636866860758746,5.018910329222441,5.043039798736572,21375,0.0,0.0
1998-08-27 00:00:00-04:00,5.018911361694336,5.0671703106502495,4.922393924013954,5.018911361694336,30125,0.0,0.0
1998-08-28 00:00:00-04:00,4.970652446800273,4.970652446800273,4.777617127758361,4.8741350173950195,20000,0.0,0.0
1998-08-31 00:00:00-04:00,4.8258760725766905,4.922393501981943,4.8258760725766905,4.8741350173950195,10125,0.0,0.0
1998-09-01 00:00:00-04:00,4.825876402647863,4.825876402647863,4.777617454528809,4.777617454528809,3000,0.0,0.0
1998-09-02 00:00:00-04:00,4.825876402647863,4.825876402647863,4.777617454528809,4.777617454528809,3375,0.0,0.0
1998-09-03 00:00:00-04:00,4.753486541583265,4.753486541583265,4.536321822040816,4.632839679718018,12125,0.0,0.0
1998-09-04 00:00:00-04:00,4.5845818519592285,4.5845818519592285,4.5845818519592285,4.5845818519592285,250,0.0,0.0
1998-09-08 00:00:00-04:00,4.5363231679939915,4.608711582729952,4.5121941566467285,4.5121941566467285,8125,0.0,0.0
1998-09-09 00:00:00-04:00,4.560452381744749,4.608711322173708,4.53632291153027,4.5845818519592285,4625,0.0,0.0
1998-09-10 00:00:00-04:00,4.488065115235244,4.488065115235244,4.391547679901123,4.391547679901123,2250,0.0,0.0
1998-09-11 00:00:00-04:00,4.246769739827524,4.295028209686279,4.246769739827524,4.295028209686279,8125,0.0,0.0
1998-09-14 00:00:00-04:00,4.295028859082794,4.295028859082794,4.174381975847531,4.24677038192749,39875,0.0,0.0
1998-09-15 00:00:00-04:00,4.246770135590286,4.343287544533661,4.246770135590286,4.31915807723999,12000,0.0,0.0
1998-09-16 00:00:00-04:00,4.295029005759009,4.367417414311047,4.295029005759009,4.343287944793701,18000,0.0,0.0
1998-09-17 00:00:00-04:00,4.343288732118346,4.391547679901123,4.246771296784225,4.391547679901123,7250,0.0,0.0
1998-09-18 00:00:00-04:00,4.415675893114389,4.415675893114389,4.343287944793701,4.343287944793701,1875,0.0,0.0
1998-09-21 00:00:00-04:00,4.343287944793701,4.343287944793701,4.343287944793701,4.343287944793701,0,0.0,0.0
1998-09-22 00:00:00-04:00,4.295029784335568,4.391547679901123,4.295029784335568,4.391547679901123,6625,0.0,0.0
1998-09-23 00:00:00-04:00,4.4398040771484375,4.4398040771484375,4.4398040771484375,4.4398040771484375,27625,0.0,0.0
1998-09-24 00:00:00-04:00,4.488064104573732,4.922392695887083,4.488064104573732,4.825875282287598,11000,0.0,0.0
1998-09-25 00:00:00-04:00,4.825877298577202,4.922394752502441,4.825877298577202,4.922394752502441,9875,0.0,0.0
1998-09-28 00:00:00-04:00,4.994783188120014,5.0189122064276805,4.922394752502441,4.922394752502441,1625,0.0,0.0
1998-09-29 00:00:00-04:00,4.922393924013954,5.018911361694336,4.922393924013954,5.018911361694336,2125,0.0,0.0
1998-09-30 00:00:00-04:00,4.922393716085979,4.946523189544678,4.922393716085979,4.946523189544678,1125,0.0,0.0
1998-10-01 00:00:00-04:00,4.922393924013954,5.018911361694336,4.898264449535996,5.018911361694336,4500,0.0,0.0
1998-10-02 00:00:00-04:00,5.018911066143883,5.0671700122579555,4.9706525802612305,4.9706525802612305,6500,0.0,0.0
1998-10-05 00:00:00-04:00,4.8741350173950195,4.898264029572778,4.8741350173950195,4.8741350173950195,5500,0.0,0.0
1998-10-06 00:00:00-04:00,4.8741350173950195,4.922393501981943,4.8741350173950195,4.8741350173950195,3375,0.0,0.0
1998-10-07 00:00:00-04:00,4.922393716085979,4.946523189544678,4.850005755941311,4.946523189544678,9875,0.0,0.0
1998-10-08 00:00:00-04:00,4.946522974391107,4.946522974391107,4.8258760725766905,4.8741350173950195,4875,0.0,0.0
1998-10-09 00:00:00-04:00,4.850004750745302,4.850004750745302,4.825875282287598,4.825875282287598,2000,0.0,0.0
1998-10-12 00:00:00-04:00,4.8741351482645054,5.018911066143883,4.8741351482645054,4.9706525802612305,5000,0.0,0.0
1998-10-13 00:00:00-04:00,4.922394752502441,4.922394752502441,4.922394752502441,4.922394752502441,125,0.0,0.0
1998-10-14 00:00:00-04:00,4.922394752502441,4.922394752502441,4.922394752502441,4.922394752502441,0,0.0,0.0
1998-10-15 00:00:00-04:00,4.970653921919294,5.018912420827679,4.970653921919294,4.994783401489258,2125,0.0,0.0
1998-10-16 00:00:00-04:00,4.94652444234933,4.994783401489258,4.94652444234933,4.994783401489258,3250,0.0,0.0
1998-10-19 00:00:00-04:00,4.946523398491911,5.018911361694336,4.946523398491911,5.018911361694336,2750,0.0,0.0
1998-10-20 00:00:00-04:00,5.115428245865993,5.453239440917969,5.115428245865993,5.453239440917969,9875,0.0,0.0
1998-10-21 00:00:00-04:00,5.356721807887807,5.356721807887807,5.236074924468994,5.236074924468994,7500,0.0,0.0
1998-10-22 00:00:00-04:00,5.187817096710205,5.260205058153122,5.115429135267288,5.187817096710205,22625,0.0,0.0
1998-10-23 00:00:00-04:00,5.139555931091309,5.139555931091309,5.139555931091309,5.139555931091309,1125,0.0,0.0
1998-10-26 00:00:00-05:00,5.163686274468463,5.404980029913077,5.163686274468463,5.308462619781494,8875,0.0,0.0
1998-10-27 00:00:00-05:00,5.308462619781494,5.308462619781494,5.308462619781494,5.308462619781494,0,0.0,0.0
1998-10-28 00:00:00-05:00,5.2360757795834525,5.260204792022705,5.139557888900796,5.260204792022705,4625,0.0,0.0
1998-10-29 00:00:00-05:00,5.236073785007449,5.236073785007449,5.139555931091309,5.139555931091309,2625,0.0,0.0
1998-10-30 00:00:00-05:00,5.139555715835643,5.211944103240967,5.139555715835643,5.211944103240967,7375,0.0,0.0
1998-11-02 00:00:00-05:00,5.260204792022705,5.260204792022705,5.260204792022705,5.260204792022705,125,0.0,0.0
1998-11-03 00:00:00-05:00,5.187816834242124,5.260204792022705,5.187816834242124,5.260204792022705,1875,0.0,0.0
1998-11-04 00:00:00-05:00,5.211944103240967,5.211944103240967,5.211944103240967,5.211944103240967,2000,0.0,0.0
1998-11-05 00:00:00-05:00,5.211944103240967,5.308461492883515,5.211944103240967,5.211944103240967,4625,0.0,0.0
1998-11-06 00:00:00-05:00,5.260204792022705,5.3084637373640335,5.260204792022705,5.260204792022705,2875,0.0,0.0
1998-11-09 00:00:00-05:00,5.308461364822071,5.4049787521362305,5.308461364822071,5.4049787521362305,7000,0.0,0.0
1998-11-10 00:00:00-05:00,5.387506493663636,5.436042308807373,5.387506493663636,5.436042308807373,2875,0.064,0.0
1998-11-11 00:00:00-05:00,5.484579590256249,5.6787238121032715,5.484579590256249,5.6787238121032715,9125,0.0,0.0
1998-11-12 00:00:00-05:00,5.65445475136537,5.824331265080729,5.630187074728543,5.751527309417725,11375,0.0,0.0
1998-11-13 00:00:00-05:00,5.80006263171501,5.824330769161762,5.678722407357473,5.727258682250977,8875,0.0,0.0
1998-11-16 00:00:00-05:00,5.727260099003195,5.727260099003195,5.6787238121032715,5.6787238121032715,13000,0.0,0.0
1998-11-17 00:00:00-05:00,5.630187988079684,5.6787238121032715,5.630187988079684,5.6787238121032715,3875,0.0,0.0
1998-11-18 00:00:00-05:00,5.727258682250977,5.727258682250977,5.702990544804225,5.727258682250977,4750,0.0,0.0
1998-11-19 00:00:00-05:00,5.727260584266717,5.727260584266717,5.605920319612237,5.630188465118408,4625,0.0,0.0
1998-11-20 00:00:00-05:00,5.702990544804225,5.751526819697728,5.6301865953401915,5.727258682250977,17000,0.0,0.0
1998-11-23 00:00:00-05:00,5.775794986054552,5.775794986054552,5.581650795702365,5.751527309417725,6875,0.0,0.0
1998-11-24 00:00:00-05:00,5.824330374050615,5.921402454376221,5.824330374050615,5.921402454376221,14000,0.0,0.0
1998-11-25 00:00:00-05:00,5.824330769161762,5.96993913096605,5.727258682250977,5.727258682250977,11000,0.0,0.0
1998-11-27 00:00:00-05:00,5.800065994262695,5.800065994262695,5.800065994262695,5.800065994262695,625,0.0,0.0
1998-11-30 00:00:00-05:00,5.727258682250977,5.727258682250977,5.727258682250977,5.727258682250977,2375,0.0,0.0
1998-12-01 00:00:00-05:00,5.775798743865381,5.969943523406982,5.775798743865381,5.969943523406982,10500,0.0,0.0
1998-12-02 00:00:00-05:00,5.96994307309907,5.96994307309907,5.872870922088623,5.872870922088623,750,0.0,0.0
1998-12-03 00:00:00-05:00,5.969938725977119,5.969938725977119,5.921402454376221,5.921402454376221,2625,0.0,0.0
1998-12-04 00:00:00-05:00,5.921404843550847,6.018476963043213,5.921404843550847,6.018476963043213,1250,0.0,0.0
1998-12-07 00:00:00-05:00,5.969943523406982,5.969943523406982,5.9456753681047125,5.969943523406982,1500,0.0,0.0
1998-12-08 00:00:00-05:00,6.018478917166029,6.018478917166029,5.824334615145135,5.872870922088623,5250,0.0,0.0
1998-12-09 00:00:00-05:00,5.969940642656187,5.969940642656187,5.848600387573242,5.848600387573242,2625,0.0,0.0
1998-12-10 00:00:00-05:00,5.848600387573242,5.848600387573242,5.848600387573242,5.848600387573242,625,0.0,0.0
1998-12-11 00:00:00-05:00,5.945672035217285,5.945672035217285,5.945672035217285,5.945672035217285,1250,0.0,0.0
1998-12-14 00:00:00-05:00,5.897139549255371,5.897139549255371,5.897139549255371,5.897139549255371,125,0.0,0.0
1998-12-15 00:00:00-05:00,5.897138612683839,5.897138612683839,5.872870922088623,5.872870922088623,1750,0.0,0.0
1998-12-16 00:00:00-05:00,5.848599931299202,5.945672035217285,5.848599931299202,5.945672035217285,1500,0.0,0.0
1998-12-17 00:00:00-05:00,5.921402454376221,5.921402454376221,5.848598509851064,5.921402454376221,6750,0.0,0.0
1998-12-18 00:00:00-05:00,5.921402454376221,5.921402454376221,5.921402454376221,5.921402454376221,0,0.0,0.0
1998-12-21 00:00:00-05:00,5.945672035217285,5.945672035217285,5.872868072997799,5.945672035217285,4125,0.0,0.0
1998-12-22 00:00:00-05:00,5.945672035217285,5.945672035217285,5.945672035217285,5.945672035217285,750,0.0,0.0
1998-12-23 00:00:00-05:00,5.897136211880617,5.897136211880617,5.848600387573242,5.848600387573242,2125,0.0,0.0
1998-12-24 00:00:00-05:00,5.848600387573242,5.848600387573242,5.848600387573242,5.848600387573242,375,0.0,0.0
1998-12-28 00:00:00-05:00,5.848598509851064,5.921402454376221,5.848598509851064,5.921402454376221,5875,0.0,0.0
1998-12-29 00:00:00-05:00,5.872866571207146,5.872866571207146,5.77579402923584,5.77579402923584,8875,0.0,0.0
1998-12-30 00:00:00-05:00,5.727262896137403,5.969943523406982,5.727262896137403,5.969943523406982,4000,0.0,0.0
1998-12-31 00:00:00-05:00,5.921405318191319,5.921405318191319,5.824333190917969,5.824333190917969,4000,0.0,0.0
1999-01-04 00:00:00-05:00,5.969941613266201,5.969941613266201,5.824333190917969,5.824333190917969,5500,0.0,0.0
1999-01-05 00:00:00-05:00,5.824334615145135,5.872870922088623,5.824334615145135,5.872870922088623,250,0.0,0.0
1999-01-06 00:00:00-05:00,5.824334615145135,5.872870922088623,5.824334615145135,5.872870922088623,2625,0.0,0.0
1999-01-07 00:00:00-05:00,5.872869485992851,5.872869485992851,5.824333190917969,5.824333190917969,3500,0.0,0.0
1999-01-08 00:00:00-05:00,5.824333190917969,5.824333190917969,5.727261063644619,5.824333190917969,8125,0.0,0.0
1999-01-11 00:00:00-05:00,5.7515301541071,5.800065994262695,5.7515301541071,5.800065994262695,1375,0.0,0.0
1999-01-12 00:00:00-05:00,5.751527309417725,5.751527309417725,5.751527309417725,5.751527309417725,500,0.0,0.0
1999-01-13 00:00:00-05:00,5.75152921118206,5.824333190917969,5.75152921118206,5.824333190917969,2625,0.0,0.0
1999-01-14 00:00:00-05:00,5.824333190917969,5.824333190917969,5.824333190917969,5.824333190917969,0,0.0,0.0
1999-01-15 00:00:00-05:00,5.751526356619197,5.77579402923584,5.751526356619197,5.77579402923584,375,0.0,0.0
1999-01-19 00:00:00-05:00,5.751526819697728,5.775794494268258,5.727258682250977,5.727258682250977,5750,0.0,0.0
1999-01-20 00:00:00-05:00,5.6787219501407185,5.77579402923584,5.533113600059944,5.77579402923584,6375,0.0,0.0
1999-01-21 00:00:00-05:00,5.727258682250977,5.727258682250977,5.727258682250977,5.727258682250977,750,0.0,0.0
1999-01-22 00:00:00-05:00,5.727258682250977,5.727258682250977,5.727258682250977,5.727258682250977,0,0.0,0.0
1999-01-25 00:00:00-05:00,5.727258682250977,5.727258682250977,5.727258682250977,5.727258682250977,1375,0.0,0.0
1999-01-26 00:00:00-05:00,5.727258682250977,5.727258682250977,5.727258682250977,5.727258682250977,125,0.0,0.0
1999-01-27 00:00:00-05:00,5.727259169904636,5.8000631255676405,5.727259169904636,5.751527309417725,1250,0.0,0.0
1999-01-28 00:00:00-05:00,5.751527309417725,5.751527309417725,5.751527309417725,5.751527309417725,0,0.0,0.0
1999-01-29 00:00:00-05:00,5.75152921118206,5.824333190917969,5.727261063644619,5.824333190917969,3000,0.0,0.0
1999-02-01 00:00:00-05:00,5.77579402923584,5.800062164728666,5.751526356619197,5.77579402923584,3375,0.0,0.0
1999-02-02 00:00:00-05:00,5.75152921118206,5.824333190917969,5.75152921118206,5.824333190917969,3000,0.0,0.0
1999-02-03 00:00:00-05:00,5.824333688487178,5.824333688487178,5.533116818912236,5.581653118133545,10500,0.0,0.0
1999-02-04 00:00:00-05:00,5.581652174106066,5.6787242932543744,5.581652174106066,5.630188465118408,2875,0.0,0.0
1999-02-05 00:00:00-05:00,5.6787243133817435,6.018476963043213,5.6787243133817435,6.018476963043213,9500,0.0,0.0
1999-02-08 00:00:00-05:00,5.921407706581333,5.921407706581333,5.897139549255371,5.897139549255371,500,0.0,0.0
1999-02-09 00:00:00-05:00,5.897139549255371,5.897139549255371,5.897139549255371,5.897139549255371,0,0.0,0.0
1999-02-10 00:00:00-05:00,5.859053134918213,5.859053134918213,5.859053134918213,5.859053134918213,1250,0.072,0.0
1999-02-11 00:00:00-05:00,5.810227394104004,5.810227394104004,5.810227394104004,5.810227394104004,250,0.0,0.0
1999-02-12 00:00:00-05:00,5.761402231633673,5.859053022210033,5.761402231633673,5.810227394104004,5625,0.0,0.0
1999-02-16 00:00:00-05:00,5.907878763963481,5.907878763963481,5.859053134918213,5.859053134918213,1375,0.0,0.0
1999-02-17 00:00:00-05:00,5.859053134918213,5.859053134918213,5.859053134918213,5.859053134918213,4750,0.0,0.0
1999-02-18 00:00:00-05:00,5.785816667401137,5.9078803062438965,5.785816667401137,5.9078803062438965,8375,0.0,0.0
1999-02-19 00:00:00-05:00,5.883466720581055,5.883466720581055,5.883466720581055,5.883466720581055,500,0.0,0.0
1999-02-22 00:00:00-05:00,5.859053134918213,5.859053134918213,5.859053134918213,5.859053134918213,250,0.0,0.0
1999-02-23 00:00:00-05:00,5.859051286430156,5.859051286430156,5.785813331604004,5.785813331604004,3250,0.0,0.0
1999-02-24 00:00:00-05:00,5.859053902858657,5.883466720581055,5.859053902858657,5.883466720581055,3625,0.0,0.0
1999-02-25 00:00:00-05:00,5.907879082798852,6.005529880523682,5.907879082798852,6.005529880523682,2125,0.0,0.0
1999-02-26 00:00:00-05:00,5.956705570220947,5.956705570220947,5.956705570220947,5.956705570220947,2250,0.0,0.0
1999-03-01 00:00:00-05:00,5.9322926615037845,5.9322926615037845,5.9078803062438965,5.9078803062438965,1875,0.0,0.0
1999-03-02 00:00:00-05:00,5.956705281467486,5.956705281467486,5.932292461395264,5.932292461395264,1000,0.0,0.0
1999-03-03 00:00:00-05:00,5.9078803062438965,5.9078803062438965,5.9078803062438965,5.9078803062438965,1250,0.0,0.0
1999-03-04 00:00:00-05:00,5.9078803062438965,5.9078803062438965,5.9078803062438965,5.9078803062438965,2500,0.0,0.0
1999-03-05 00:00:00-05:00,5.883465949440847,5.981116741895676,5.859053134918213,5.859053134918213,6750,0.0,0.0
1999-03-08 00:00:00-05:00,5.9078803062438965,5.9078803062438965,5.9078803062438965,5.9078803062438965,625,0.0,0.0
1999-03-09 00:00:00-05:00,5.883467286886631,5.932292461395264,5.883467286886631,5.932292461395264,375,0.0,0.0
1999-03-10 00:00:00-05:00,5.956704708112481,5.956704708112481,5.883466720581055,5.883466720581055,875,0.0,0.0
1999-03-11 00:00:00-05:00,5.859053134918213,5.859053134918213,5.859053134918213,5.859053134918213,1250,0.0,0.0
1999-03-12 00:00:00-05:00,5.859054664452461,5.9078803062438965,5.859054664452461,5.9078803062438965,1125,0.0,0.0
1999-03-15 00:00:00-05:00,5.932291890390083,5.932291890390083,5.883466720581055,5.883466720581055,2125,0.0,0.0
1999-03-16 00:00:00-05:00,5.883464093250727,5.907876900071298,5.785813331604004,5.785813331604004,4875,0.0,0.0
1999-03-17 00:00:00-05:00,5.859053134918213,5.9567039273730416,5.859053134918213,5.859053134918213,2250,0.0,0.0
1999-03-18 00:00:00-05:00,5.859054750834211,5.956705570220947,5.859054750834211,5.956705570220947,625,0.0,0.0
1999-03-19 00:00:00-05:00,5.9567039273730416,5.9567039273730416,5.859053134918213,5.859053134918213,3375,0.0,0.0
1999-03-22 00:00:00-05:00,5.907878650316063,5.907878650316063,5.810227394104004,5.810227394104004,1125,0.0,0.0
1999-03-23 00:00:00-05:00,5.761401653289795,5.761401653289795,5.761401653289795,5.761401653289795,625,0.0,0.0
1999-03-24 00:00:00-05:00,5.834640320395579,5.859053134918213,5.785815156986018,5.859053134918213,3000,0.0,0.0
1999-03-25 00:00:00-05:00,5.810229112169357,5.834641933441162,5.810229112169357,5.834641933441162,1375,0.0,0.0
1999-03-26 00:00:00-05:00,5.834641933441162,5.834641933441162,5.834641933441162,5.834641933441162,500,0.0,0.0
1999-03-29 00:00:00-05:00,5.834641933441162,5.834641933441162,5.834641933441162,5.834641933441162,125,0.0,0.0
1999-03-30 00:00:00-05:00,5.859053134918213,5.859053134918213,5.834640320395579,5.859053134918213,1500,0.0,0.0
1999-03-31 00:00:00-05:00,5.761401716092592,5.810226874193956,5.6881632804870605,5.6881632804870605,12875,0.0,0.0
1999-04-01 00:00:00-05:00,5.712576030085003,5.8590524340637264,5.712576030085003,5.761401653289795,3875,0.0,0.0
1999-04-05 00:00:00-04:00,5.761403935261584,5.859054754712966,5.761403935261584,5.834641933441162,4500,0.0,0.0
1999-04-06 00:00:00-04:00,5.834640320395579,5.859053134918213,5.810227505872945,5.859053134918213,1500,0.0,0.0
1999-04-07 00:00:00-04:00,5.785813331604004,5.785813331604004,5.785813331604004,5.785813331604004,625,0.0,0.0
1999-04-08 00:00:00-04:00,5.761402231633673,5.810227394104004,5.761402231633673,5.810227394104004,2750,0.0,0.0
1999-04-09 00:00:00-04:00,5.785815156986018,5.859053134918213,5.785815156986018,5.859053134918213,2750,0.0,0.0
1999-04-12 00:00:00-04:00,5.859053022210033,5.859053022210033,5.785815045686688,5.810227394104004,2125,0.0,0.0
1999-04-13 00:00:00-04:00,5.810229112169357,5.834641933441162,5.810229112169357,5.834641933441162,500,0.0,0.0
1999-04-14 00:00:00-04:00,5.785813331604004,5.834638479609585,5.785813331604004,5.785813331604004,7875,0.0,0.0
1999-04-15 00:00:00-04:00,5.834641933441162,5.834641933441162,5.785816756533389,5.834641933441162,6875,0.0,0.0
1999-04-16 00:00:00-04:00,5.834641843556743,5.956705482399503,5.834641843556743,5.9078803062438965,6625,0.0,0.0
1999-04-19 00:00:00-04:00,5.9078803062438965,5.9078803062438965,5.834641843556743,5.9078803062438965,2375,0.0,0.0
1999-04-20 00:00:00-04:00,5.932292930631833,6.054356575012207,5.932292930631833,6.054356575012207,3125,0.0,0.0
1999-04-21 00:00:00-04:00,6.054354419212944,6.152005672454834,6.054354419212944,6.152005672454834,5500,0.0,0.0
1999-04-22 00:00:00-04:00,6.225245186291269,6.225245186291269,6.176419547595449,6.200832366943359,4250,0.0,0.0
1999-04-23 00:00:00-04:00,6.152005854499182,6.152005854499182,6.054354598367688,6.127593040466309,2125,0.0,0.0
1999-04-26 00:00:00-04:00,6.078768157766253,6.078768157766253,6.029942989349365,6.029942989349365,1625,0.0,0.0
1999-04-27 00:00:00-04:00,6.103182219018697,6.103182219018697,6.054356575012207,6.054356575012207,1375,0.0,0.0
1999-04-28 00:00:00-04:00,6.054356575012207,6.054356575012207,6.054356575012207,6.054356575012207,125,0.0,0.0
1999-04-29 00:00:00-04:00,6.05435504656823,6.05435504656823,6.005529880523682,6.005529880523682,875,0.0,0.0
1999-04-30 00:00:00-04:00,6.005531212732234,6.10318203211897,5.956705570220947,5.956705570220947,7000,0.0,0.0
1999-05-03 00:00:00-04:00,5.859053134918213,5.9567039273730416,5.859053134918213,5.859053134918213,3750,0.0,0.0
1999-05-04 00:00:00-04:00,5.859054664452461,5.9078803062438965,5.859054664452461,5.9078803062438965,10125,0.0,0.0
1999-05-05 00:00:00-04:00,5.859053022210033,5.859053022210033,5.761402231633673,5.810227394104004,18750,0.0,0.0
1999-05-06 00:00:00-04:00,5.859053022210033,5.859053022210033,5.810227394104004,5.810227394104004,16625,0.0,0.0
1999-05-07 00:00:00-04:00,5.859054930257949,6.054356575012207,5.859054930257949,6.054356575012207,3500,0.0,0.0
1999-05-10 00:00:00-04:00,6.054356575012207,6.054356575012207,6.054356575012207,6.054356575012207,0,0.0,0.0
1999-05-11 00:00:00-04:00,6.054356575012207,6.054356575012207,6.054356575012207,6.054356575012207,750,0.0,0.0
1999-05-12 00:00:00-04:00,5.991495132446289,5.991495132446289,5.991495132446289,5.991495132446289,625,0.072,0.0
1999-05-13 00:00:00-04:00,5.991494443682459,6.187937168543286,5.991494443682459,6.138826370239258,2500,0.0,0.0
1999-05-14 00:00:00-04:00,6.089712283801459,6.089712283801459,5.942380905151367,5.942380905151367,3500,0.0,0.0
1999-05-17 00:00:00-04:00,6.016048908233643,6.016048908233643,6.016048908233643,6.016048908233643,250,0.0,0.0
1999-05-18 00:00:00-04:00,6.089715480804443,6.138826278373542,6.089715480804443,6.089715480804443,1625,0.0,0.0
1999-05-19 00:00:00-04:00,6.089715480804443,6.089715480804443,6.089715480804443,6.089715480804443,0,0.0,0.0
1999-05-20 00:00:00-04:00,6.0406044866554565,6.237046718597412,5.9914936944923545,6.237046718597412,14250,0.0,0.0
1999-05-21 00:00:00-04:00,6.187933985644569,6.237044290332357,6.114267826080322,6.114267826080322,4125,0.0,0.0
1999-05-24 00:00:00-04:00,6.08971627199026,6.08971627199026,5.991495132446289,5.991495132446289,18750,0.0,0.0
1999-05-25 00:00:00-04:00,5.991495132446289,5.991495132446289,5.991495132446289,5.991495132446289,125,0.0,0.0
1999-05-26 00:00:00-04:00,5.991490313137888,6.089711373676877,5.991490313137888,6.06515645980835,10250,0.0,0.0
1999-05-27 00:00:00-04:00,6.040604114532471,6.040604114532471,6.040604114532471,6.040604114532471,375,0.0,0.0
1999-05-28 00:00:00-04:00,6.040604114532471,6.040604114532471,6.040604114532471,6.040604114532471,1250,0.0,0.0
1999-06-01 00:00:00-04:00,5.991494482465214,5.991494482465214,5.89327335357666,5.89327335357666,5750,0.0,0.0
1999-06-02 00:00:00-04:00,5.844161899465383,5.844161899465383,5.795051574707031,5.795051574707031,4000,0.0,0.0
1999-06-03 00:00:00-04:00,5.844161899465383,5.844161899465383,5.795051574707031,5.795051574707031,9875,0.0,0.0
1999-06-04 00:00:00-04:00,5.745940300503649,5.745940300503649,5.549498081207275,5.549498081207275,6000,0.0,0.0
1999-06-07 00:00:00-04:00,5.598610726387697,5.598610726387697,5.500389575958252,5.500389575958252,6125,0.0,0.0
1999-06-08 00:00:00-04:00,5.4267211783959866,5.5003868881316365,5.353055000305176,5.353055000305176,11000,0.0,0.0
1999-06-09 00:00:00-04:00,5.40216588973999,5.40216588973999,5.377610496570138,5.40216588973999,1750,0.0,0.0
1999-06-10 00:00:00-04:00,5.500387292205585,5.549498081207275,5.402166182557399,5.549498081207275,20625,0.0,0.0
1999-06-11 00:00:00-04:00,5.50038785101517,5.59860897064209,5.50038785101517,5.59860897064209,34500,0.0,0.0
1999-06-14 00:00:00-04:00,5.59860897064209,5.59860897064209,5.59860897064209,5.59860897064209,7500,0.0,0.0
1999-06-15 00:00:00-04:00,5.647720144565464,5.745941270799896,5.647720144565464,5.672275543212891,5250,0.0,0.0
1999-06-16 00:00:00-04:00,5.647719573103719,5.647719573103719,5.623164176940918,5.623164176940918,3750,0.0,0.0
1999-06-17 00:00:00-04:00,5.672275060278303,5.795051574707031,5.64771966372151,5.795051574707031,6000,0.0,0.0
1999-06-18 00:00:00-04:00,5.721386026755226,5.89327335357666,5.721386026755226,5.89327335357666,5250,0.0,0.0
1999-06-21 00:00:00-04:00,5.89327335357666,5.89327335357666,5.89327335357666,5.89327335357666,0,0.0,0.0
1999-06-22 00:00:00-04:00,5.868717289975347,5.91782808303833,5.868717289975347,5.91782808303833,1875,0.0,0.0
1999-06-23 00:00:00-04:00,5.91782808303833,5.91782808303833,5.91782808303833,5.91782808303833,0,0.0,0.0
1999-06-24 00:00:00-04:00,5.868717289975347,6.040604597340556,5.868717289975347,5.91782808303833,2625,0.0,0.0
1999-06-25 00:00:00-04:00,5.868717828454051,6.089715480804443,5.868717828454051,6.089715480804443,1875,0.0,0.0
1999-06-28 00:00:00-04:00,6.089715480804443,6.089715480804443,6.089715480804443,6.089715480804443,0,0.0,0.0
1999-06-29 00:00:00-04:00,6.065159056442294,6.28615665435791,6.065159056442294,6.28615665435791,12250,0.0,0.0
1999-06-30 00:00:00-04:00,6.28615665435791,6.28615665435791,6.28615665435791,6.28615665435791,125,0.0,0.0
1999-07-01 00:00:00-04:00,6.237045868885479,6.28615665435791,6.237045868885479,6.28615665435791,8250,0.0,0.0
1999-07-02 00:00:00-04:00,6.212490939804028,6.212490939804028,6.040604114532471,6.040604114532471,4125,0.0,0.0
1999-07-06 00:00:00-04:00,6.0897137845463485,6.1879353523254395,6.0897137845463485,6.1879353523254395,750,0.0,0.0
1999-07-07 00:00:00-04:00,6.18793555176821,6.28615665435791,6.138824766295779,6.28615665435791,8750,0.0,0.0
1999-07-08 00:00:00-04:00,6.237045868885479,6.33526697147518,6.212490476149264,6.28615665435791,21000,0.0,0.0
1999-07-09 00:00:00-04:00,6.1879353523254395,6.1879353523254395,6.1879353523254395,6.1879353523254395,2000,0.0,0.0
1999-07-12 00:00:00-04:00,6.0897139808233485,6.28615665435791,6.0897139808233485,6.28615665435791,4375,0.0,0.0
1999-07-13 00:00:00-04:00,6.187937706758864,6.335269177775003,6.187937706758864,6.310714244842529,3875,0.0,0.0
1999-07-14 00:00:00-04:00,6.28615665435791,6.28615665435791,6.28615665435791,6.28615665435791,250,0.0,0.0
1999-07-15 00:00:00-04:00,6.23705211955754,6.3843841552734375,6.23705211955754,6.3843841552734375,2500,0.0,0.0
1999-07-16 00:00:00-04:00,6.335268678919699,6.43349027633667,6.335268678919699,6.43349027633667,3250,0.0,0.0
1999-07-19 00:00:00-04:00,6.3843841552734375,6.3843841552734375,6.335273320582928,6.3843841552734375,6625,0.0,0.0
1999-07-20 00:00:00-04:00,6.335267543792725,6.335267543792725,6.335267543792725,6.335267543792725,250,0.0,0.0
1999-07-21 00:00:00-04:00,6.384378333701743,6.384378333701743,6.310712617193419,6.335267543792725,4750,0.0,0.0
1999-07-22 00:00:00-04:00,6.28615722223891,6.335267543792725,6.28615722223891,6.335267543792725,750,0.0,0.0
1999-07-23 00:00:00-04:00,6.28615665435791,6.38437775694761,6.28615665435791,6.28615665435791,1500,0.0,0.0
1999-07-26 00:00:00-04:00,6.237045868885479,6.38437775694761,6.237045868885479,6.28615665435791,9250,0.0,0.0
1999-07-27 00:00:00-04:00,6.384379477628184,6.43349027633667,6.384379477628184,6.43349027633667,3000,0.0,0.0
1999-07-28 00:00:00-04:00,6.43349027633667,6.43349027633667,6.43349027633667,6.43349027633667,250,0.0,0.0
1999-07-29 00:00:00-04:00,6.433494989963947,6.433494989963947,6.3843841552734375,6.3843841552734375,2500,0.0,0.0
1999-07-30 00:00:00-04:00,6.3843841552734375,6.3843841552734375,6.3843841552734375,6.3843841552734375,0,0.0,0.0
1999-08-02 00:00:00-04:00,6.335267543792725,6.335267543792725,6.335267543792725,6.335267543792725,125,0.0,0.0
1999-08-03 00:00:00-04:00,6.286157510760513,6.286157510760513,6.237046718597412,6.237046718597412,1625,0.0,0.0
1999-08-04 00:00:00-04:00,6.237045667859839,6.237045667859839,6.1879353523254395,6.1879353523254395,250,0.0,0.0
1999-08-05 00:00:00-04:00,6.138826370239258,6.138826370239258,6.138826370239258,6.138826370239258,1625,0.0,0.0
1999-08-06 00:00:00-04:00,6.138826370239258,6.138826370239258,6.138826370239258,6.138826370239258,0,0.0,0.0
1999-08-09 00:00:00-04:00,6.089715480804443,6.089715480804443,6.089715480804443,6.089715480804443,250,0.0,0.0
1999-08-10 00:00:00-04:00,6.089715480804443,6.089715480804443,6.089715480804443,6.089715480804443,0,0.0,0.0
1999-08-11 00:00:00-04:00,6.026486223098573,6.026486223098573,5.927691459655762,5.927691459655762,7750,0.072,0.0
1999-08-12 00:00:00-04:00,5.927691459655762,5.927691459655762,5.927691459655762,5.927691459655762,375,0.0,0.0
1999-08-13 00:00:00-04:00,5.927691233684124,6.001787185668945,5.927691233684124,6.001787185668945,625,0.0,0.0
1999-08-16 00:00:00-04:00,6.001787185668945,6.001787185668945,6.001787185668945,6.001787185668945,0,0.0,0.0
1999-08-17 00:00:00-04:00,5.9770890769224625,5.9770890769224625,5.927691459655762,5.927691459655762,6625,0.0,0.0
1999-08-18 00:00:00-04:00,5.927691385614365,5.952390193939209,5.927691385614365,5.952390193939209,500,0.0,0.0
1999-08-19 00:00:00-04:00,5.927691385614365,5.952390193939209,5.927691385614365,5.952390193939209,11000,0.0,0.0
1999-08-20 00:00:00-04:00,5.927691053127377,6.224075794219971,5.927691053127377,6.224075794219971,16000,0.0,0.0
1999-08-23 00:00:00-04:00,6.125280050308012,6.125280050308012,6.075882911682129,6.075882911682129,625,0.0,0.0
1999-08-24 00:00:00-04:00,6.026485993360744,6.026485993360744,6.001787185668945,6.001787185668945,2000,0.0,0.0
1999-08-25 00:00:00-04:00,6.026483669280156,6.026483669280156,5.977086544036865,5.977086544036865,5125,0.0,0.0
1999-08-26 00:00:00-04:00,5.977089002264052,5.977089002264052,5.952390193939209,5.952390193939209,1000,0.0,0.0
1999-08-27 00:00:00-04:00,5.952390193939209,5.977089002264052,5.952390193939209,5.952390193939209,1125,0.0,0.0
1999-08-30 00:00:00-04:00,5.927692013149054,5.927692013149054,5.902993202209473,5.902993202209473,5875,0.0,0.0
1999-08-31 00:00:00-04:00,5.927691459655762,6.026486223098573,5.927691459655762,5.927691459655762,1250,0.0,0.0
1999-09-01 00:00:00-04:00,5.927691459655762,5.927691459655762,5.927691459655762,5.927691459655762,750,0.0,0.0
1999-09-02 00:00:00-04:00,5.927691459655762,5.927691459655762,5.927691459655762,5.927691459655762,3125,0.0,0.0
1999-09-03 00:00:00-04:00,5.878293514251709,5.878293514251709,5.878293514251709,5.878293514251709,1000,0.0,0.0
1999-09-07 00:00:00-04:00,5.878293514251709,5.878293514251709,5.878293514251709,5.878293514251709,0,0.0,0.0
1999-09-08 00:00:00-04:00,5.828894138336182,5.828894138336182,5.828894138336182,5.828894138336182,2750,0.0,0.0
1999-09-09 00:00:00-04:00,5.828894138336182,5.828894138336182,5.779496542746484,5.828894138336182,4875,0.0,0.0
1999-09-10 00:00:00-04:00,5.828894138336182,5.828894138336182,5.828894138336182,5.828894138336182,0,0.0,0.0
1999-09-13 00:00:00-04:00,5.828896370833041,5.878293514251709,5.7794987563238065,5.878293514251709,3250,0.0,0.0
1999-09-14 00:00:00-04:00,5.828896190095474,5.828896190095474,5.77949857711792,5.77949857711792,500,0.0,0.0
1999-09-15 00:00:00-04:00,5.77949857711792,5.77949857711792,5.77949857711792,5.77949857711792,2875,0.0,0.0
1999-09-16 00:00:00-04:00,5.77949857711792,5.77949857711792,5.77949857711792,5.77949857711792,0,0.0,0.0
1999-09-17 00:00:00-04:00,5.7794976918657905,5.7794976918657905,5.754798889160156,5.754798889160156,750,0.0,0.0
1999-09-20 00:00:00-04:00,5.754798889160156,5.754798889160156,5.754798889160156,5.754798889160156,375,0.0,0.0
1999-09-21 00:00:00-04:00,5.730099327442392,5.730099327442392,5.680701732635498,5.680701732635498,4625,0.0,0.0
1999-09-22 00:00:00-04:00,5.656005859375,5.730102289893038,5.656005859375,5.656005859375,3375,0.0,0.0
1999-09-23 00:00:00-04:00,5.656005859375,5.656005859375,5.656005859375,5.656005859375,0,0.0,0.0
1999-09-24 00:00:00-04:00,5.631304137828604,5.680701732635498,5.631304137828604,5.680701732635498,464750,0.0,0.0
1999-09-27 00:00:00-04:00,5.680702341002827,5.680702341002827,5.631304740905762,5.631304740905762,2125,0.0,0.0
1999-09-28 00:00:00-04:00,5.68070466954768,5.68070466954768,5.656005859375,5.656005859375,250,0.0,0.0
1999-09-29 00:00:00-04:00,5.705400530038945,5.705400530038945,5.680701732635498,5.680701732635498,375,0.0,0.0
1999-09-30 00:00:00-04:00,5.680702952133734,5.754798889160156,5.680702952133734,5.754798889160156,1125,0.0,0.0
1999-10-01 00:00:00-04:00,5.7054033279418945,5.7054033279418945,5.7054033279418945,5.7054033279418945,875,0.0,0.0
1999-10-04 00:00:00-04:00,5.656005688862933,5.656005688862933,5.532512112813128,5.557210922241211,3500,0.0,0.0
1999-10-05 00:00:00-04:00,5.606607531624061,5.606607531624061,5.409017562866211,5.409017562866211,1875,0.0,0.0
1999-10-06 00:00:00-04:00,5.433717151020848,5.433717151020848,5.310223579406738,5.310223579406738,8375,0.0,0.0
1999-10-07 00:00:00-04:00,5.310223505493032,5.433717075388218,5.310223505493032,5.3349223136901855,3250,0.0,0.0
1999-10-08 00:00:00-04:00,5.285524697295878,5.3349223136901855,5.285524697295878,5.3349223136901855,1875,0.0,0.0
1999-10-11 00:00:00-04:00,5.3349223136901855,5.3349223136901855,5.3349223136901855,5.3349223136901855,3750,0.0,0.0
1999-10-12 00:00:00-04:00,5.285525798797607,5.285525798797607,5.285525798797607,5.285525798797607,500,0.0,0.0
1999-10-13 00:00:00-04:00,5.285522858614467,5.285522858614467,5.137330532073975,5.137330532073975,1125,0.0,0.0
1999-10-14 00:00:00-04:00,5.063236676378662,5.063236676378662,4.766851902008057,4.766851902008057,23000,0.0,0.0
1999-10-15 00:00:00-04:00,4.742153167724609,4.742153167724609,4.742153167724609,4.742153167724609,17125,0.0,0.0
1999-10-18 00:00:00-04:00,4.6927560549501655,4.6927560549501655,3.8529998024929974,4.2728776931762695,220625,0.0,0.0
1999-10-19 00:00:00-04:00,4.32227405407686,4.544562339782715,4.32227405407686,4.544562339782715,20000,0.0,0.0
1999-10-20 00:00:00-04:00,4.544563601901397,4.618660031775107,4.3469740644194035,4.4457688331604,19750,0.0,0.0
1999-10-21 00:00:00-04:00,4.495164798883653,4.519863128662109,4.495164798883653,4.519863128662109,3125,0.0,0.0
1999-10-22 00:00:00-04:00,4.544562484735126,4.544562484735126,4.4951653480529785,4.4951653480529785,875,0.0,0.0
1999-10-25 00:00:00-04:00,4.49516701339569,4.593961794451388,4.49516701339569,4.569262981414795,3000,0.0,0.0
1999-10-26 00:00:00-04:00,4.544564168378201,4.593961794451388,4.544564168378201,4.569262981414795,8875,0.0,0.0
1999-10-27 00:00:00-04:00,4.593958377838135,4.593958377838135,4.593958377838135,4.593958377838135,250,0.0,0.0
1999-10-28 00:00:00-04:00,4.569261847137496,4.569261847137496,4.421069476796006,4.4704670906066895,8250,0.0,0.0
1999-10-29 00:00:00-04:00,4.495163670257919,4.593958377838135,4.495163670257919,4.593958377838135,33000,0.0,0.0
1999-11-01 00:00:00-05:00,4.643356666855891,4.69275426864624,4.643356666855891,4.69275426864624,1500,0.0,0.0
1999-11-02 00:00:00-05:00,4.643359936981591,4.840950012207031,4.643359936981591,4.840950012207031,5625,0.0,0.0
1999-11-03 00:00:00-05:00,4.791548934951054,4.89034366607666,4.791548934951054,4.89034366607666,875,0.0,0.0
1999-11-04 00:00:00-05:00,4.939741267184682,4.989138868292704,4.89034366607666,4.89034366607666,4750,0.0,0.0
1999-11-05 00:00:00-05:00,4.939742088317871,4.964440892977564,4.840947340769617,4.939742088317871,14500,0.0,0.0
1999-11-08 00:00:00-05:00,4.890343478203294,5.137330532073975,4.890343478203294,5.137330532073975,10625,0.0,0.0
1999-11-09 00:00:00-05:00,5.073663711547852,5.1731472207203995,5.073663711547852,5.073663711547852,4875,0.072,0.0
1999-11-10 00:00:00-05:00,5.173148897412427,5.222890905308197,5.123407363891602,5.123407363891602,13625,0.0,0.0
1999-11-11 00:00:00-05:00,5.023920323190895,5.173145294189453,5.023920323190895,5.173145294189453,6500,0.0,0.0
1999-11-12 00:00:00-05:00,5.2228882322531565,5.272630214691162,5.2228882322531565,5.272630214691162,28250,0.0,0.0
1999-11-15 00:00:00-05:00,5.322373611936054,5.421857137749136,5.322373611936054,5.372115612030029,2250,0.0,0.0
1999-11-16 00:00:00-05:00,5.421854267238401,5.546208727261067,5.421854267238401,5.4715962409973145,3500,0.0,0.0
1999-11-17 00:00:00-05:00,5.4715962409973145,5.4715962409973145,5.4715962409973145,5.4715962409973145,0,0.0,0.0
1999-11-18 00:00:00-05:00,5.4715962409973145,5.4715962409973145,5.4715962409973145,5.4715962409973145,15375,0.0,0.0
1999-11-19 00:00:00-05:00,5.4715962409973145,5.4715962409973145,5.4715962409973145,5.4715962409973145,125,0.0,0.0
1999-11-22 00:00:00-05:00,5.4715962409973145,5.4715962409973145,5.4715962409973145,5.4715962409973145,10625,0.0,0.0
1999-11-23 00:00:00-05:00,5.471595069211837,5.521337032318115,5.471595069211837,5.521337032318115,2625,0.0,0.0
1999-11-24 00:00:00-05:00,5.471598252150129,5.546210765838623,5.471598252150129,5.546210765838623,7000,0.0,0.0
1999-11-26 00:00:00-05:00,5.546210765838623,5.546210765838623,5.546210765838623,5.546210765838623,125,0.0,0.0
1999-11-29 00:00:00-05:00,5.54621252199007,5.844663619995117,5.54621252199007,5.844663619995117,4875,0.0,0.0
1999-11-30 00:00:00-05:00,5.794919009894456,5.894402980804443,5.770048491541689,5.894402980804443,8125,0.0,0.0
1999-12-01 00:00:00-05:00,5.819790002621953,5.969015484612203,5.745177498814193,5.894402980804443,17875,0.0,0.0
1999-12-02 00:00:00-05:00,5.84465993255038,6.018756375610249,5.84465993255038,5.919272422790527,14375,0.0,0.0
1999-12-03 00:00:00-05:00,5.86953092075531,5.919272422790527,5.86953092075531,5.919272422790527,3875,0.0,0.0
1999-12-06 00:00:00-05:00,5.969012212445984,5.969012212445984,5.869528770446777,5.869528770446777,2750,0.0,0.0
1999-12-07 00:00:00-05:00,5.869528770446777,5.869528770446777,5.869528770446777,5.869528770446777,0,0.0,0.0
1999-12-08 00:00:00-05:00,5.819788515075003,6.167980901137256,5.794917528704569,6.118239402770996,22875,0.0,0.0
1999-12-09 00:00:00-05:00,6.043627738976129,6.143111705780029,6.043627738976129,6.143111705780029,1625,0.0,0.0
1999-12-10 00:00:00-05:00,6.093369722378079,6.217724206508244,6.093369722378079,6.143111705780029,22750,0.0,0.0
1999-12-13 00:00:00-05:00,6.118240714055272,6.118240714055272,6.043627738952637,6.043627738952637,6375,0.0,0.0
1999-12-14 00:00:00-05:00,5.969016075134277,5.969016075134277,5.969016075134277,5.969016075134277,1375,0.0,0.0
1999-12-15 00:00:00-05:00,5.919270254259145,5.919270254259145,5.844657791353359,5.869528770446777,2625,0.0,0.0
1999-12-16 00:00:00-05:00,5.819790987978514,5.819790987978514,5.695436477661133,5.695436477661133,4125,0.0,0.0
1999-12-17 00:00:00-05:00,5.670561972887915,5.745174917547333,5.521337032318115,5.521337032318115,51250,0.0,0.0
1999-12-20 00:00:00-05:00,5.6208237539019095,5.6208237539019095,5.546210765838623,5.546210765838623,5250,0.0,0.0
1999-12-21 00:00:00-05:00,5.4964678244951095,5.4964678244951095,5.446725845336914,5.446725845336914,1500,0.0,0.0
1999-12-22 00:00:00-05:00,5.496470401333323,5.496470401333323,5.322373867034912,5.322373867034912,7250,0.0,0.0
1999-12-23 00:00:00-05:00,5.32236965426752,5.546207539496737,5.32236965426752,5.521337032318115,4625,0.0,0.0
1999-12-27 00:00:00-05:00,5.571078521049876,5.571078521049876,5.521337032318115,5.521337032318115,4750,0.0,0.0
1999-12-28 00:00:00-05:00,5.571078521049876,5.720303935994194,5.521337032318115,5.521337032318115,20625,0.0,0.0
1999-12-29 00:00:00-05:00,5.521337032318115,5.521337032318115,5.521337032318115,5.521337032318115,1500,0.0,0.0
1999-12-30 00:00:00-05:00,5.571081146499849,5.77004861831665,5.571081146499849,5.77004861831665,9625,0.0,0.0
1999-12-31 00:00:00-05:00,5.745175952004225,5.745175952004225,5.7203049659729,5.7203049659729,5250,0.0,0.0
2000-01-03 00:00:00-05:00,5.7203049659729,5.7203049659729,5.7203049659729,5.7203049659729,0,0.0,0.0
2000-01-04 00:00:00-05:00,5.7451764541053025,5.993885387405318,5.695434477695442,5.919272422790527,22250,0.0,0.0
2000-01-05 00:00:00-05:00,5.919273629210825,5.919273629210825,5.77004861831665,5.77004861831665,2375,0.0,0.0
2000-01-06 00:00:00-05:00,5.74517847153801,5.770049468476448,5.670565480722694,5.695436477661133,3750,0.0,0.0
2000-01-07 00:00:00-05:00,5.670564296360837,5.670564296360837,5.6208227872478504,5.645693778991699,2750,0.0,0.0
2000-01-10 00:00:00-05:00,5.59595251083374,5.59595251083374,5.571081515910636,5.59595251083374,4750,0.0,0.0
2000-01-11 00:00:00-05:00,5.595951914222651,5.620822906494141,5.571080921951162,5.620822906494141,1500,0.0,0.0
2000-01-12 00:00:00-05:00,5.595950238976313,5.595950238976313,5.571079254150391,5.571079254150391,750,0.0,0.0
2000-01-13 00:00:00-05:00,5.571079254150391,5.571079254150391,5.571079254150391,5.571079254150391,250,0.0,0.0
2000-01-14 00:00:00-05:00,5.571079254150391,5.571079254150391,5.571079254150391,5.571079254150391,3125,0.0,0.0
2000-01-18 00:00:00-05:00,5.571078521049876,5.571078521049876,5.521337032318115,5.521337032318115,1000,0.0,0.0
2000-01-19 00:00:00-05:00,5.4715962409973145,5.4715962409973145,5.446725254117858,5.4715962409973145,6375,0.0,0.0
2000-01-20 00:00:00-05:00,5.446728137796124,5.446728137796124,5.372115612030029,5.372115612030029,4750,0.0,0.0
2000-01-21 00:00:00-05:00,5.3721138267272215,5.3721138267272215,5.2477593421936035,5.2477593421936035,3750,0.0,0.0
2000-01-24 00:00:00-05:00,5.222889212494069,5.222889212494069,5.073663711547852,5.073663711547852,3625,0.0,0.0
2000-01-25 00:00:00-05:00,5.073663963256489,5.073663963256489,4.9990514462691875,5.023922443389893,7375,0.0,0.0
2000-01-26 00:00:00-05:00,4.974177360534668,4.974177360534668,4.974177360534668,4.974177360534668,2750,0.0,0.0
2000-01-27 00:00:00-05:00,4.974180202375304,5.073663711547852,4.974180202375304,5.073663711547852,5750,0.0,0.0
2000-01-28 00:00:00-05:00,5.048792352646217,5.173146848764349,5.048792352646217,5.148276329040527,2875,0.0,0.0
2000-01-31 00:00:00-05:00,5.123404857659986,5.27263033397527,5.123404857659986,5.2477593421936035,3500,0.0,0.0
2000-02-01 00:00:00-05:00,5.098533748506333,5.098533748506333,4.6757283210754395,4.6757283210754395,14250,0.0,0.0
2000-02-02 00:00:00-05:00,4.675727347150877,4.675727347150877,4.576243877410889,4.576243877410889,250,0.0,0.0
2000-02-03 00:00:00-05:00,4.476760804653168,4.476760804653168,3.9793429374694824,3.9793429374694824,8500,0.0,0.0
2000-02-04 00:00:00-05:00,4.07882629813816,4.07882629813816,3.979342822451791,4.004213809967041,7625,0.0,0.0
2000-02-07 00:00:00-05:00,3.929600807584445,3.929600807584445,3.7306336330509353,3.805246353149414,21875,0.0,0.0
2000-02-08 00:00:00-05:00,3.7803753673874883,3.805246353149414,3.7306336330509353,3.805246353149414,7250,0.0,0.0
2000-02-09 00:00:00-05:00,3.8162936226576516,3.8162936226576516,3.7911865711212154,3.791186571121216,7000,0.072,0.0
2000-02-10 00:00:00-05:00,3.8162941934950063,3.8162941934950063,3.4145791538560575,3.615436553955078,10000,0.0,0.0
2000-02-11 00:00:00-05:00,3.590328696959762,3.590328696959762,3.314149474331759,3.339256763458252,26250,0.0,0.0
2000-02-14 00:00:00-05:00,3.389473045869815,3.5903307557354838,3.389473045869815,3.4899017810821533,19375,0.0,0.0
2000-02-15 00:00:00-05:00,3.4647924372280374,3.4647924372280374,3.3643635286551348,3.3894708156585693,21750,0.0,0.0
2000-02-16 00:00:00-05:00,3.339256481092535,3.389470815658569,3.314149194089101,3.3894708156585693,5500,0.0,0.0
2000-02-17 00:00:00-05:00,3.3392575682864942,3.3894719192012936,3.3392575682864942,3.3643646240234375,11125,0.0,0.0
2000-02-18 00:00:00-05:00,3.3643638131438904,3.389471102270383,3.263935135519628,3.339256763458252,36750,0.0,0.0
2000-02-22 00:00:00-05:00,3.414578676223755,3.414578676223755,3.3643640937821226,3.414578676223755,4625,0.0,0.0
2000-02-23 00:00:00-05:00,3.3894719192012936,3.41457921437915,3.364364624023438,3.3643646240234375,28875,0.0,0.0
2000-02-24 00:00:00-05:00,3.314149750781365,3.414578676223755,3.314149750781365,3.414578676223755,56750,0.0,0.0
2000-02-25 00:00:00-05:00,3.414579269273158,3.515007972717285,3.414579269273158,3.515007972717285,48750,0.0,0.0
2000-02-28 00:00:00-05:00,3.515007972717285,3.515007972717285,3.4647936209952213,3.515007972717285,9625,0.0,0.0
2000-02-29 00:00:00-05:00,3.5150065834624997,3.5150065834624997,3.4396849659287105,3.464792251586914,13375,0.0,0.0
2000-03-01 00:00:00-05:00,3.5401143078124733,3.6656502727782936,3.5401143078124733,3.640542984008789,19500,0.0,0.0
2000-03-02 00:00:00-05:00,3.665651143420741,3.665651143420741,3.5652222039303227,3.615436553955078,13125,0.0,0.0
2000-03-03 00:00:00-05:00,3.5903307557354838,3.5903307557354838,3.439687413475984,3.4899017810821533,19750,0.0,0.0
2000-03-06 00:00:00-05:00,3.4899017810821533,3.4899017810821533,3.4899017810821533,3.4899017810821533,0,0.0,0.0
2000-03-07 00:00:00-05:00,3.464792251586914,3.464792251586914,3.464792251586914,3.464792251586914,1750,0.0,0.0
2000-03-08 00:00:00-05:00,3.4396849659287105,3.5150065834624997,3.4396849659287105,3.464792251586914,150250,0.0,0.0
2000-03-09 00:00:00-05:00,3.51500736222527,3.5401146534460857,3.414578676223755,3.414578676223755,4625,0.0,0.0
2000-03-10 00:00:00-05:00,3.4647930192245124,3.4647930192245124,3.3643640937821226,3.414578676223755,2000,0.0,0.0
2000-03-13 00:00:00-05:00,3.4647930192245124,3.4647930192245124,3.414578676223755,3.414578676223755,1875,0.0,0.0
2000-03-14 00:00:00-05:00,3.364364106319316,3.364364106319316,3.2890427112579346,3.2890427112579346,12625,0.0,0.0
2000-03-15 00:00:00-05:00,3.314151287078858,3.3392585899383356,3.2388296179414096,3.3141512870788574,7000,0.0,0.0
2000-03-16 00:00:00-05:00,3.3392575682864942,3.41457921437915,3.314150273108638,3.3643646240234375,2500,0.0,0.0
2000-03-17 00:00:00-05:00,3.4396857280036963,3.4396857280036963,3.414578676223755,3.414578676223755,1250,0.0,0.0
2000-03-20 00:00:00-05:00,3.4647924372280374,3.4647924372280374,3.3643635286551348,3.3894708156585693,4500,0.0,0.0
2000-03-21 00:00:00-05:00,3.4396867752075195,3.4396867752075195,3.4396867752075195,3.4396867752075195,875,0.0,0.0
2000-03-22 00:00:00-05:00,3.389470815658569,3.4145781026620035,3.339256481092535,3.3894708156585693,5375,0.0,0.0
2000-03-23 00:00:00-05:00,3.3894712042097703,3.3894712042097703,3.2137208933611396,3.23882794380188,14500,0.0,0.0
2000-03-24 00:00:00-05:00,3.2137216900155883,3.2890433388911333,3.2137216900155883,3.2639360427856445,5500,0.0,0.0
2000-03-27 00:00:00-05:00,3.364365653356828,3.364365653356828,3.314151287078858,3.3141512870788574,16750,0.0,0.0
2000-03-28 00:00:00-05:00,3.314151287078858,3.314151287078858,3.314151287078858,3.3141512870788574,125,0.0,0.0
2000-03-29 00:00:00-05:00,3.339257042002181,3.414578676223755,3.314149750781365,3.414578676223755,11500,0.0,0.0
2000-03-30 00:00:00-05:00,3.364365653356828,3.414580259075784,3.2639369208008873,3.3141512870788574,9625,0.0,0.0
2000-03-31 00:00:00-05:00,3.28904196444198,3.28904196444198,2.761790882085662,3.0379700660705566,62625,0.0,0.0
2000-04-03 00:00:00-04:00,3.0630778077511627,3.339257054445814,3.0630778077511627,3.2890427112579346,7000,0.0,0.0
2000-04-04 00:00:00-04:00,3.339256816212985,3.339256816212985,3.163506507873535,3.163506507873535,5875,0.0,0.0
2000-04-05 00:00:00-04:00,3.1132914440293264,3.1132914440293264,3.0128627804570858,3.0379700660705566,5750,0.0,0.0
2000-04-06 00:00:00-04:00,3.1132920218049405,3.1886136531829834,3.1132920218049405,3.1886136531829834,6250,0.0,0.0
2000-04-07 00:00:00-04:00,3.2137201607724406,3.2137201607724406,3.1132912635803223,3.1132912635803223,9625,0.0,0.0
2000-04-10 00:00:00-04:00,3.1384005546569824,3.213722215856942,3.1384005546569824,3.1384005546569824,7000,0.0,0.0
2000-04-11 00:00:00-04:00,3.1635073372455316,3.2639360427856445,3.1635073372455316,3.2639360427856445,11375,0.0,0.0
2000-04-12 00:00:00-04:00,3.3643665605513244,3.3643665605513244,3.2137234210968018,3.2137234210968018,10750,0.0,0.0
2000-04-13 00:00:00-04:00,3.213721571279039,3.364364624023438,3.213721571279039,3.3643646240234375,9125,0.0,0.0
2000-04-14 00:00:00-04:00,3.364364624023438,3.364364624023438,3.364364624023438,3.3643646240234375,6250,0.0,0.0
2000-04-17 00:00:00-04:00,3.3643640937821226,3.414578676223755,3.3643640937821226,3.414578676223755,750,0.0,0.0
2000-04-18 00:00:00-04:00,3.3894713850029388,3.414578676223755,3.3894713850029388,3.414578676223755,2000,0.0,0.0
2000-04-19 00:00:00-04:00,3.389470815658569,3.389470815658569,3.389470815658569,3.3894708156585693,1375,0.0,0.0
2000-04-20 00:00:00-04:00,3.3894706340531244,3.464792251586914,3.3894706340531244,3.464792251586914,3125,0.0,0.0
2000-04-24 00:00:00-04:00,3.41457921437915,3.41457921437915,3.364364624023438,3.3643646240234375,5250,0.0,0.0
2000-04-25 00:00:00-04:00,3.3643640937821226,3.489900071004454,3.3643640937821226,3.414578676223755,6250,0.0,0.0
2000-04-26 00:00:00-04:00,3.414578676223755,3.414578676223755,3.414578676223755,3.414578676223755,375,0.0,0.0
2000-04-27 00:00:00-04:00,3.414579124329912,3.590329467617281,3.414579124329912,3.5401151180267334,4875,0.0,0.0
2000-04-28 00:00:00-04:00,3.5652223244393486,3.5652223244393486,3.489900677135795,3.515007972717285,1500,0.0,0.0
2000-05-01 00:00:00-04:00,3.4647940740721883,3.4647940740721883,3.4396867752075195,3.4396867752075195,1125,0.0,0.0
2000-05-02 00:00:00-04:00,3.489900677135795,3.515007972717285,3.489900677135795,3.515007972717285,750,0.0,0.0
2000-05-03 00:00:00-04:00,3.5401140239279862,3.565221071243286,3.5150067371718543,3.565221071243286,3250,0.0,0.0
2000-05-04 00:00:00-04:00,3.5401163881293143,3.5401163881293143,3.4899017810821533,3.4899017810821533,17375,0.0,0.0
2000-05-05 00:00:00-04:00,3.4899017810821533,3.4899017810821533,3.4899017810821533,3.4899017810821533,375,0.0,0.0
2000-05-08 00:00:00-04:00,3.48990052899528,3.5401151180267334,3.48990052899528,3.5401151180267334,750,0.0,0.0
2000-05-09 00:00:00-04:00,3.690757513046264,3.690757513046264,3.640543172350295,3.6907575130462646,3500,0.0,0.0
2000-05-10 00:00:00-04:00,3.6512018989538846,3.6512018989538846,3.6004908084869385,3.6004908084869385,1875,0.072,0.0
2000-05-11 00:00:00-04:00,3.6258482933044434,3.6258482933044434,3.6258482933044434,3.6258482933044434,250,0.0,0.0
2000-05-12 00:00:00-04:00,3.6512030117388807,3.7526254653930664,3.6512030117388807,3.7526254653930664,3000,0.0,0.0
2000-05-15 00:00:00-04:00,3.7019145488739014,3.7019145488739014,3.7019145488739014,3.7019145488739014,2000,0.0,0.0
2000-05-16 00:00:00-04:00,3.651203155517578,3.651203155517578,3.651203155517578,3.651203155517578,625,0.0,0.0
2000-05-17 00:00:00-04:00,3.651203155517578,3.651203155517578,3.651203155517578,3.651203155517578,1750,0.0,0.0
2000-05-18 00:00:00-04:00,3.651203155517578,3.651203155517578,3.651203155517578,3.651203155517578,10750,0.0,0.0
2000-05-19 00:00:00-04:00,3.7019145488739014,3.7019145488739014,3.7019145488739014,3.7019145488739014,500,0.0,0.0
2000-05-22 00:00:00-04:00,3.7019145052464184,3.7019145052464184,3.6258477224627943,3.651203155517578,8250,0.0,0.0
2000-05-23 00:00:00-04:00,3.651203730351104,3.651203730351104,3.6258482933044434,3.6258482933044434,500,0.0,0.0
2000-05-24 00:00:00-04:00,3.6258482933044434,3.6258482933044434,3.6258482933044434,3.6258482933044434,0,0.0,0.0
2000-05-25 00:00:00-04:00,3.625846999003938,3.8540470600128174,3.625846999003938,3.8540470600128174,5125,0.0,0.0
2000-05-26 00:00:00-04:00,3.904758157813725,3.9301138276189733,3.8540470600128174,3.8540470600128174,4875,0.0,0.0
2000-05-30 00:00:00-04:00,3.854048057696565,3.9047591686248784,3.828692623137234,3.904759168624878,13500,0.0,0.0
2000-05-31 00:00:00-04:00,3.930114269256592,3.930114269256592,3.930114269256592,3.930114269256592,125,0.0,0.0
2000-06-01 00:00:00-04:00,3.8540496596865528,3.8794053465949827,3.803338527679444,3.8033385276794434,67625,0.0,0.0
2000-06-02 00:00:00-04:00,3.8540470600128174,3.8540470600128174,3.8540470600128174,3.8540470600128174,1125,0.0,0.0
2000-06-05 00:00:00-04:00,3.803336524247516,3.828692197799682,3.803336524247516,3.8286921977996826,1250,0.0,0.0
2000-06-06 00:00:00-04:00,3.777981758117676,3.777981758117676,3.777981758117676,3.777981758117676,125,0.0,0.0
2000-06-07 00:00:00-04:00,3.803338527679444,3.8286942145878737,3.803338527679444,3.8033385276794434,6125,0.0,0.0
2000-06-08 00:00:00-04:00,3.8286916320171573,3.8540470600128174,3.8286916320171573,3.8540470600128174,1125,0.0,0.0
2000-06-09 00:00:00-04:00,3.8540470600128174,3.8540470600128174,3.8540470600128174,3.8540470600128174,625,0.0,0.0
2000-06-12 00:00:00-04:00,3.8286942145878737,3.8286942145878737,3.7779828407710134,3.8033385276794434,3750,0.0,0.0
2000-06-13 00:00:00-04:00,3.8033374377599483,3.8033374377599483,3.7526263202850854,3.777981758117676,5875,0.0,0.0
2000-06-14 00:00:00-04:00,3.8033365713153455,3.8033365713153455,3.7272697915271134,3.7526254653930664,5000,0.0,0.0
2000-06-15 00:00:00-04:00,3.7526254653930664,3.7526254653930664,3.7272697915271134,3.7526254653930664,2875,0.0,0.0
2000-06-16 00:00:00-04:00,3.7272697915271134,3.7526254653930664,3.7272697915271134,3.7526254653930664,1875,0.0,0.0
2000-06-19 00:00:00-04:00,3.6765575650921347,3.6765575650921347,3.549779718019992,3.6004908084869385,2250,0.0,0.0
2000-06-20 00:00:00-04:00,3.575136661529541,3.575136661529541,3.575136661529541,3.575136661529541,125,0.0,0.0
2000-06-21 00:00:00-04:00,3.4990709885755424,3.4990709885755424,3.4737153053283687,3.473715305328369,3625,0.0,0.0
2000-06-22 00:00:00-04:00,3.499069213867188,3.499069213867188,3.499069213867188,3.4990692138671875,2125,0.0,0.0
2000-06-23 00:00:00-04:00,3.499069213867188,3.499069213867188,3.499069213867188,3.4990692138671875,0,0.0,0.0
2000-06-26 00:00:00-04:00,3.4990702452472617,3.4990702452472617,3.296225547790527,3.2962255477905273,4875,0.0,0.0
2000-06-27 00:00:00-04:00,3.3469367425295937,3.397647857666016,3.321581305866218,3.3976478576660156,8375,0.0,0.0
2000-06-28 00:00:00-04:00,3.3976467741291048,3.499069213867188,3.3976467741291048,3.4990692138671875,5375,0.0,0.0
2000-06-29 00:00:00-04:00,3.499069213867188,3.600491411795677,3.499069213867188,3.4990692138671875,6625,0.0,0.0
2000-06-30 00:00:00-04:00,3.5497809396791706,3.752625613165622,3.5497809396791706,3.651203155517578,8625,0.0,0.0
2000-07-03 00:00:00-04:00,3.651203155517578,3.651203155517578,3.651203155517578,3.651203155517578,0,0.0,0.0
2000-07-05 00:00:00-04:00,3.6765588303819983,3.6765588303819983,3.651203155517578,3.651203155517578,2250,0.0,0.0
2000-07-06 00:00:00-04:00,3.651204464990507,4.158316209673062,3.651204464990507,4.082249641418457,10500,0.0,0.0
2000-07-07 00:00:00-04:00,4.031536476255496,4.031536476255496,3.904758596602058,3.930114269256592,1875,0.0,0.0
2000-07-10 00:00:00-04:00,3.879403114318848,3.879403114318848,3.879403114318848,3.8794031143188477,125,0.0,0.0
2000-07-11 00:00:00-04:00,3.8286922451812986,3.8286922451812986,3.7526254653930664,3.7526254653930664,625,0.0,0.0
2000-07-12 00:00:00-04:00,3.752625613165622,3.752625613165622,3.651203155517578,3.651203155517578,6750,0.0,0.0
2000-07-13 00:00:00-04:00,3.651203155517578,3.651203155517578,3.651203155517578,3.651203155517578,1125,0.0,0.0
2000-07-14 00:00:00-04:00,3.651202872615783,3.7272696495056152,3.651202872615783,3.7272696495056152,1875,0.0,0.0
2000-07-17 00:00:00-04:00,3.6765588303819983,3.6765588303819983,3.651203155517578,3.651203155517578,3750,0.0,0.0
2000-07-18 00:00:00-04:00,3.651203155517578,3.651203155517578,3.651203155517578,3.651203155517578,375,0.0,0.0
2000-07-19 00:00:00-04:00,3.651202585245113,3.7019139270534716,3.651202585245113,3.676558256149292,375,0.0,0.0
2000-07-20 00:00:00-04:00,3.676558256149292,3.676558256149292,3.676558256149292,3.676558256149292,0,0.0,0.0
2000-07-21 00:00:00-04:00,3.7019145052464184,3.7019145052464184,3.651203155517578,3.651203155517578,1875,0.0,0.0
2000-07-24 00:00:00-04:00,3.651204362629434,3.651204362629434,3.4737153053283687,3.473715305328369,2125,0.0,0.0
2000-07-25 00:00:00-04:00,3.3469366617022946,3.3469366617022946,3.2455144338787596,3.2962255477905273,3750,0.0,0.0
2000-07-26 00:00:00-04:00,3.270869016647339,3.270869016647339,3.270869016647339,3.270869016647339,1875,0.0,0.0
2000-07-27 00:00:00-04:00,3.2708682572234937,3.2708682572234937,3.144090414047241,3.144090414047241,13750,0.0,0.0
2000-07-28 00:00:00-04:00,3.1440915566358023,3.2708694458841756,3.1440915566358023,3.220158338546753,6000,0.0,0.0
2000-07-31 00:00:00-04:00,3.2201608443159255,3.245516538619995,3.194805391821678,3.245516538619995,3750,0.0,0.0
2000-08-01 00:00:00-04:00,3.2962247383692866,3.3469358398284315,3.2962247383692866,3.321580410003662,1250,0.0,0.0
2000-08-02 00:00:00-04:00,3.4230036939839534,3.777981758117676,3.4230036939839534,3.777981758117676,18375,0.0,0.0
2000-08-03 00:00:00-04:00,3.7779810462204058,3.7779810462204058,3.600492047598374,3.651203155517578,15375,0.0,0.0
2000-08-04 00:00:00-04:00,3.600492094917556,3.600492094917556,3.4990698777462153,3.575136661529541,5125,0.0,0.0
2000-08-07 00:00:00-04:00,3.7019132312303844,3.7019132312303844,3.6004908084869385,3.6004908084869385,27000,0.0,0.0
2000-08-08 00:00:00-04:00,3.575136661529541,3.575136661529541,3.575136661529541,3.575136661529541,875,0.0,0.0
2000-08-09 00:00:00-04:00,3.6004908084869385,3.6004908084869385,3.6004908084869385,3.6004908084869385,125,0.0,0.0
2000-08-10 00:00:00-04:00,3.6004908084869385,3.6004908084869385,3.6004908084869385,3.6004908084869385,0,0.0,0.0
2000-08-11 00:00:00-04:00,3.549781084060669,3.549781084060669,3.549781084060669,3.549781084060669,500,0.0,0.0
2000-08-14 00:00:00-04:00,3.5866724751253862,3.6891487338284707,3.5866724751253862,3.6379106044769287,6250,0.072,0.0
2000-08-15 00:00:00-04:00,3.6891487576201247,3.7916252613067623,3.6891487576201247,3.7916252613067627,6875,0.0,0.0
2000-08-16 00:00:00-04:00,3.7916252613067623,3.7916252613067623,3.7403871316247805,3.7916252613067627,2875,0.0,0.0
2000-08-17 00:00:00-04:00,3.7916252613067623,3.7916252613067623,3.7916252613067623,3.7916252613067627,2875,0.0,0.0
2000-08-18 00:00:00-04:00,3.817244203986416,3.817244203986416,3.7916252613067623,3.7916252613067627,6625,0.0,0.0
2000-08-21 00:00:00-04:00,3.7916252613067623,3.7916252613067623,3.7916252613067623,3.7916252613067627,2750,0.0,0.0
2000-08-22 00:00:00-04:00,3.7916252613067623,3.7916252613067623,3.7916252613067623,3.7916252613067627,20125,0.0,0.0
2000-08-23 00:00:00-04:00,3.7916252613067623,3.7916252613067623,3.7916252613067623,3.7916252613067627,0,0.0,0.0
2000-08-24 00:00:00-04:00,3.7916252613067623,3.7916252613067623,3.7916252613067623,3.7916252613067627,0,0.0,0.0
2000-08-25 00:00:00-04:00,3.7916252613067623,3.7916252613067623,3.7916252613067623,3.7916252613067627,4250,0.0,0.0
2000-08-28 00:00:00-04:00,3.868482577991072,3.868482577991072,3.7916252613067623,3.7916252613067627,6875,0.0,0.0
2000-08-29 00:00:00-04:00,3.7916252613067623,3.7916252613067623,3.7916252613067623,3.7916252613067627,14625,0.0,0.0
2000-08-30 00:00:00-04:00,3.842864198950036,3.842864198950036,3.817245006561279,3.8172450065612793,1125,0.0,0.0
2000-08-31 00:00:00-04:00,3.894102339404825,3.9453404798596137,3.817245006561279,3.8172450065612793,5875,0.0,0.0
2000-09-01 00:00:00-04:00,3.8172430392581242,3.8684813976287837,3.8172430392581242,3.868481397628784,1875,0.0,0.0
2000-09-05 00:00:00-04:00,3.919721670139495,4.099055290222168,3.919721670139495,4.099055290222168,10125,0.0,0.0
2000-09-06 00:00:00-04:00,4.09905489065611,4.09905489065611,4.047816753387451,4.047816753387451,4000,0.0,0.0
2000-09-07 00:00:00-04:00,4.099055290222168,4.099055290222168,4.099055290222168,4.099055290222168,17125,0.0,0.0
2000-09-08 00:00:00-04:00,4.099055290222168,4.099055290222168,4.099055290222168,4.099055290222168,625,0.0,0.0
2000-09-11 00:00:00-04:00,4.099055290222168,4.099055290222168,4.099055290222168,4.099055290222168,23625,0.0,0.0
2000-09-12 00:00:00-04:00,4.099055290222168,4.099055290222168,4.099055290222168,4.099055290222168,2500,0.0,0.0
2000-09-13 00:00:00-04:00,4.099055290222168,4.099055290222168,4.099055290222168,4.099055290222168,750,0.0,0.0
2000-09-14 00:00:00-04:00,4.099055290222168,4.099055290222168,4.099055290222168,4.099055290222168,6250,0.0,0.0
2000-09-15 00:00:00-04:00,4.047816753387451,4.047816753387451,4.047816753387451,4.047816753387451,125,0.0,0.0
2000-09-18 00:00:00-04:00,3.9965765067064614,3.9965765067064614,3.9197192192077637,3.9197192192077637,2000,0.0,0.0
2000-09-19 00:00:00-04:00,3.9197192192077637,3.9197192192077637,3.9197192192077637,3.9197192192077637,375,0.0,0.0
2000-09-20 00:00:00-04:00,3.894102429322352,3.894102429322352,3.6122925281524654,3.612292528152466,6375,0.0,0.0
2000-09-21 00:00:00-04:00,3.5610547774403716,3.637912125769016,3.5610547774403716,3.5866739749908447,2500,0.0,0.0
2000-09-22 00:00:00-04:00,3.5866739749908447,3.5866739749908447,3.5866739749908447,3.5866739749908447,2500,0.0,0.0
2000-09-25 00:00:00-04:00,3.5866739749908447,3.5866739749908447,3.5866739749908447,3.5866739749908447,0,0.0,0.0
2000-09-26 00:00:00-04:00,3.6122931725413183,3.6122931725413183,3.5866739749908447,3.5866739749908447,250,0.0,0.0
2000-09-27 00:00:00-04:00,3.5866739749908447,3.5866739749908447,3.5866739749908447,3.5866739749908447,375,0.0,0.0
2000-09-28 00:00:00-04:00,3.5866739749908447,3.5866739749908447,3.5866739749908447,3.5866739749908447,0,0.0,0.0
2000-09-29 00:00:00-04:00,3.5866739749908447,3.5866739749908447,3.5866739749908447,3.5866739749908447,375,0.0,0.0
2000-10-02 00:00:00-04:00,3.5354356196934473,3.5354356196934473,3.432959079742431,3.4329590797424316,1375,0.0,0.0
2000-10-03 00:00:00-04:00,3.432959079742431,3.432959079742431,3.432959079742431,3.4329590797424316,3250,0.0,0.0
2000-10-04 00:00:00-04:00,3.432955878155504,3.484194222507329,3.4073369503021245,3.407336950302124,3250,0.0,0.0
2000-10-05 00:00:00-04:00,3.3817200660705566,3.3817200660705566,3.3817200660705566,3.3817200660705566,375,0.0,0.0
2000-10-06 00:00:00-04:00,3.381719899830719,3.381719899830719,3.330481767654419,3.330481767654419,875,0.0,0.0
2000-10-09 00:00:00-04:00,3.2792439460754395,3.2792439460754395,3.2792439460754395,3.2792439460754395,1875,0.0,0.0
2000-10-10 00:00:00-04:00,3.228005002537747,3.228005002537747,3.1767666339874268,3.1767666339874268,1625,0.0,0.0
2000-10-11 00:00:00-04:00,3.202386618370017,3.2792439460754395,3.202386618370017,3.2792439460754395,1375,0.0,0.0
2000-10-12 00:00:00-04:00,3.432959079742431,3.432959079742431,3.432959079742431,3.4329590797424316,1250,0.0,0.0
2000-10-13 00:00:00-04:00,3.3817203008341945,3.3817203008341945,3.228005886077881,3.228005886077881,2000,0.0,0.0
2000-10-16 00:00:00-04:00,3.228005886077881,3.228005886077881,3.228005886077881,3.228005886077881,0,0.0,0.0
2000-10-17 00:00:00-04:00,3.2280062889827605,3.2792444336301743,3.1767679000126012,3.2023870944976807,4875,0.0,0.0
2000-10-18 00:00:00-04:00,3.2023870944976807,3.2023870944976807,3.2023870944976807,3.2023870944976807,1250,0.0,0.0
2000-10-19 00:00:00-04:00,3.1767666339874268,3.1767666339874268,3.1767666339874268,3.1767666339874268,125,0.0,0.0
2000-10-20 00:00:00-04:00,3.176768153232952,3.176768153232952,3.1255300045013428,3.1255300045013428,2000,0.0,0.0
2000-10-23 00:00:00-04:00,3.0230517387390137,3.0230517387390137,3.0230517387390137,3.0230517387390137,875,0.0,0.0
2000-10-24 00:00:00-04:00,2.971814617437882,2.971814617437882,2.6643853337339927,2.8180999755859375,20500,0.0,0.0
2000-10-25 00:00:00-04:00,2.766862462864624,2.8693387508392334,2.766862462864624,2.8693387508392334,8500,0.0,0.0
2000-10-26 00:00:00-04:00,2.8180992292321245,2.946194648742676,2.8180992292321245,2.946194648742676,37875,0.0,0.0
2000-10-27 00:00:00-04:00,2.971813623368374,3.0230517387390137,2.971813623368374,3.0230517387390137,2500,0.0,0.0
2000-10-30 00:00:00-05:00,3.0230525226545226,3.0230525226545226,2.9718143939971924,2.9718143939971924,1000,0.0,0.0
2000-10-31 00:00:00-05:00,2.997433185577393,2.997433185577393,2.997433185577393,2.9974331855773926,125,0.0,0.0
2000-11-01 00:00:00-05:00,2.9718142446971245,2.997433185577393,2.9718142446971245,2.9974331855773926,2250,0.0,0.0
2000-11-02 00:00:00-05:00,2.9974327676823713,2.9974327676823713,2.946194648742676,2.946194648742676,1750,0.0,0.0
2000-11-03 00:00:00-05:00,2.920576572418213,2.920576572418213,2.920576572418213,2.920576572418213,375,0.0,0.0
2000-11-06 00:00:00-05:00,2.920576572418213,2.920576572418213,2.920576572418213,2.920576572418213,250,0.0,0.0
2000-11-07 00:00:00-05:00,2.920576572418213,2.920576572418213,2.920576572418213,2.920576572418213,125,0.0,0.0
2000-11-08 00:00:00-05:00,2.983886003494263,2.983886003494263,2.983886003494263,2.9838860034942627,1250,0.072,0.0
2000-11-09 00:00:00-05:00,2.9060458295275566,2.9060458295275566,2.8022585756848457,2.854152202606201,4875,0.0,0.0
2000-11-10 00:00:00-05:00,2.8022591869029414,3.0098339873121196,2.8022591869029414,2.957940101623535,5500,0.0,0.0
2000-11-13 00:00:00-05:00,2.9060458295275566,2.9060458295275566,2.854152202606201,2.854152202606201,2875,0.0,0.0
2000-11-14 00:00:00-05:00,2.854152359712524,2.854152359712524,2.802258729934693,2.8022587299346924,1250,0.0,0.0
2000-11-15 00:00:00-05:00,2.8541534255224463,2.8541534255224463,2.776312828063965,2.776312828063965,7750,0.0,0.0
2000-11-16 00:00:00-05:00,2.802258729934693,2.802258729934693,2.724418161543773,2.8022587299346924,11750,0.0,0.0
2000-11-17 00:00:00-05:00,2.8022582932502877,3.0357797145843506,2.8022582932502877,3.0357797145843506,3750,0.0,0.0
2000-11-20 00:00:00-05:00,3.0876747782518286,3.3211965560913086,3.0617280790130565,3.3211965560913086,10000,0.0,0.0
2000-11-21 00:00:00-05:00,3.528772350348137,3.6066127167577733,3.3471441688630126,3.399038076400757,20375,0.0,0.0
2000-11-22 00:00:00-05:00,3.4768779705771204,3.736346483230591,3.4768779705771204,3.736346483230591,3750,0.0,0.0
2000-11-24 00:00:00-05:00,3.73634450408943,3.917972564697266,3.6844508785364734,3.9179725646972656,7750,0.0,0.0
2000-11-27 00:00:00-05:00,3.9439208974435656,3.9439208974435656,3.7882399559020996,3.7882399559020996,9250,0.0,0.0
2000-11-28 00:00:00-05:00,3.78823717259791,3.78823717259791,3.5806624889373775,3.580662488937378,1500,0.0,0.0
2000-11-29 00:00:00-05:00,3.4768760745592537,3.4768760745592537,3.217407703399658,3.217407703399658,6125,0.0,0.0
2000-11-30 00:00:00-05:00,3.217407703399658,3.217407703399658,3.217407703399658,3.217407703399658,0,0.0,0.0
2000-12-01 00:00:00-05:00,3.2952477931976323,3.2952477931976323,3.2952477931976323,3.295247793197632,125,0.0,0.0
2000-12-04 00:00:00-05:00,3.34714325533008,3.34714325533008,3.269302910165343,3.3211965560913086,13000,0.0,0.0
2000-12-05 00:00:00-05:00,3.3211970506290145,3.3211970506290145,3.061728534915005,3.1136221885681152,9500,0.0,0.0
2000-12-06 00:00:00-05:00,3.061728051181775,3.061728051181775,2.9060468673706055,2.9060468673706055,5875,0.0,0.0
2000-12-07 00:00:00-05:00,2.854152202606201,3.0098333308185996,2.854152202606201,2.854152202606201,5500,0.0,0.0
2000-12-08 00:00:00-05:00,2.8541528305138653,2.906046468851713,2.802259192176018,2.8800997734069824,14875,0.0,0.0
2000-12-11 00:00:00-05:00,3.03578158436422,3.1395691391189,2.98388793071111,3.1136221885681152,23500,0.0,0.0
2000-12-12 00:00:00-05:00,3.0617276255523174,3.1136212637925156,2.9579401016235356,2.957940101623535,26000,0.0,0.0
2000-12-13 00:00:00-05:00,3.009835046652631,3.009835046652631,2.9319944381713867,2.9319944381713867,2500,0.0,0.0
2000-12-14 00:00:00-05:00,2.9319929281034436,2.9319929281034436,2.802258729934693,2.8022587299346924,10000,0.0,0.0
2000-12-15 00:00:00-05:00,2.8022595764621063,2.9060468673706055,2.8022595764621063,2.9060468673706055,13500,0.0,0.0
2000-12-18 00:00:00-05:00,2.9060458295275566,2.9060458295275566,2.8022585756848457,2.854152202606201,3625,0.0,0.0
2000-12-19 00:00:00-05:00,2.8282050923196373,2.8282050923196373,2.7503647804260254,2.7503647804260254,8375,0.0,0.0
2000-12-20 00:00:00-05:00,2.8022597763662715,2.8022597763662715,2.7244191789077896,2.776312828063965,576500,0.0,0.0
2000-12-21 00:00:00-05:00,2.8282053470611572,2.8800992229288283,2.672524461803161,2.8282053470611572,26875,0.0,0.0
2000-12-22 00:00:00-05:00,2.9060468673706055,2.98388745927619,2.8541532219163557,2.9060468673706055,36875,0.0,0.0
2000-12-26 00:00:00-05:00,2.9060456516615654,2.9060456516615654,2.672524221084097,2.7503647804260254,28000,0.0,0.0
2000-12-27 00:00:00-05:00,2.802257827666833,2.8541514407360165,2.672523671269741,2.6984703540802,9250,0.0,0.0
2000-12-28 00:00:00-05:00,2.7503661272100963,2.82820647722014,2.6984722306054834,2.776312828063965,5875,0.0,0.0
2000-12-29 00:00:00-05:00,2.7503661272100963,2.8541534255224463,2.7244191789077896,2.776312828063965,11750,0.0,0.0
2001-01-02 00:00:00-05:00,2.9060468673706055,2.9579405128248553,2.9060468673706055,2.9060468673706055,10875,0.0,0.0
2001-01-03 00:00:00-05:00,2.9060468937867365,3.3211965560913086,2.9060468937867365,3.3211965560913086,15750,0.0,0.0
2001-01-04 00:00:00-05:00,3.373088836669922,3.373088836669922,3.373088836669922,3.373088836669922,2375,0.0,0.0
2001-01-05 00:00:00-05:00,3.295248264237201,3.295248264237201,3.217407703399658,3.217407703399658,1875,0.0,0.0
2001-01-08 00:00:00-05:00,3.217407843910705,3.217407843910705,3.009833335876465,3.009833335876465,7125,0.0,0.0
2001-01-09 00:00:00-05:00,3.009833184155293,3.061726808547973,2.9060456879216128,3.0617268085479736,26625,0.0,0.0
2001-01-10 00:00:00-05:00,3.113621724939023,3.3211965560913086,3.113621724939023,3.3211965560913086,4125,0.0,0.0
2001-01-11 00:00:00-05:00,3.3211965560913086,3.3211965560913086,3.3211965560913086,3.3211965560913086,8250,0.0,0.0
2001-01-12 00:00:00-05:00,3.3211965560913086,3.3211965560913086,3.3211965560913086,3.3211965560913086,2125,0.0,0.0
2001-01-16 00:00:00-05:00,3.3730898607584905,3.424983501434326,3.3730898607584905,3.424983501434326,250,0.0,0.0
2001-01-17 00:00:00-05:00,3.42498278806854,3.42498278806854,3.3471422195434575,3.347142219543457,1125,0.0,0.0
2001-01-18 00:00:00-05:00,3.2952502811525615,3.2952502811525615,2.9060474861948147,2.9319944381713867,9250,0.0,0.0
2001-01-19 00:00:00-05:00,2.983886398648019,3.1136205898935847,2.983886398648019,3.009833335876465,4000,0.0,0.0
2001-01-22 00:00:00-05:00,3.009833335876465,3.009833335876465,3.009833335876465,3.009833335876465,2250,0.0,0.0
2001-01-23 00:00:00-05:00,2.9579401016235356,3.0098339873121196,2.854152825143139,2.957940101623535,7125,0.0,0.0
2001-01-24 00:00:00-05:00,3.009834405727525,3.009834405727525,2.8541532219163557,2.9060468673706055,76375,0.0,0.0
2001-01-25 00:00:00-05:00,2.9060468673706055,2.9060468673706055,2.9060468673706055,2.9060468673706055,4000,0.0,0.0
2001-01-26 00:00:00-05:00,2.8800997734069824,2.8800997734069824,2.8800997734069824,2.8800997734069824,125,0.0,0.0
2001-01-29 00:00:00-05:00,2.9018947780957016,2.9018947780957016,2.823016405105591,2.823016405105591,2125,0.0,0.0
2001-01-30 00:00:00-05:00,2.802258729934693,2.802258729934693,2.802258729934693,2.8022587299346924,13875,0.0,0.0
2001-01-31 00:00:00-05:00,2.802258580393893,3.030590786679889,2.802258580393893,3.009833335876465,75125,0.0,0.0
2001-02-01 00:00:00-05:00,3.0721059734719267,3.0721059734719267,2.968318462371826,2.968318462371826,875,0.0,0.0
2001-02-02 00:00:00-05:00,3.113622637702125,3.271379466543079,3.113622637702125,3.1343801021575928,18750,0.0,0.0
2001-02-05 00:00:00-05:00,3.1136205333119555,3.1551354341643827,3.0305907316071017,3.092863082885742,3625,0.0,0.0
2001-02-06 00:00:00-05:00,3.1136214678089167,3.1758938377774784,3.1136214678089167,3.1634395122528076,1375,0.0,0.0
2001-02-07 00:00:00-05:00,3.163439453448755,3.424983501434326,3.163439453448755,3.424983501434326,26250,0.0,0.0
2001-02-08 00:00:00-05:00,3.3834685888936575,3.424983501434326,3.3834685888936575,3.424983501434326,15750,0.0,0.0
2001-02-09 00:00:00-05:00,3.3834685888936575,3.424983501434326,3.296287322047933,3.424983501434326,25000,0.0,0.0
2001-02-12 00:00:00-05:00,3.341953676352989,3.424983501434326,3.341953676352989,3.424983501434326,1000,0.0,0.0
2001-02-13 00:00:00-05:00,3.4664976596832275,3.4664976596832275,3.424982756175985,3.4664976596832275,33375,0.0,0.0
2001-02-14 00:00:00-05:00,3.462302348378274,3.588204383850097,3.462302348378274,3.5882043838500977,10375,0.072,0.0
2001-02-15 00:00:00-05:00,3.5462360609930466,3.7770559316952057,3.5042685616299356,3.6931214332580566,27625,0.0,0.0
2001-02-16 00:00:00-05:00,3.714105467963756,3.714105467963756,3.672138214111328,3.672138214111328,625,0.0,0.0
2001-02-20 00:00:00-05:00,3.756070772331022,3.860989102651684,3.7350871562957764,3.7350871562957764,7500,0.0,0.0
2001-02-21 00:00:00-05:00,3.7770555019378667,3.7770555019378667,3.7770555019378667,3.777055501937866,3625,0.0,0.0
2001-02-22 00:00:00-05:00,3.7350871562957764,3.7350871562957764,3.7350871562957764,3.7350871562957764,4000,0.0,0.0
2001-02-23 00:00:00-05:00,3.693121433258057,3.693121433258057,3.693121433258057,3.6931214332580566,125,0.0,0.0
2001-02-26 00:00:00-05:00,3.693122494663163,3.693122494663163,3.6511552333831787,3.6511552333831787,2250,0.0,0.0
2001-02-27 00:00:00-05:00,3.609186298892153,3.609186298892153,3.441317081451416,3.441317081451416,4375,0.0,0.0
2001-02-28 00:00:00-05:00,3.441317081451416,3.441317081451416,3.441317081451416,3.441317081451416,0,0.0,0.0
2001-03-01 00:00:00-05:00,3.441317081451416,3.441317081451416,3.441317081451416,3.441317081451416,125,0.0,0.0
2001-03-02 00:00:00-05:00,3.3993496894836426,3.3993496894836426,3.3993496894836426,3.3993496894836426,750,0.0,0.0
2001-03-05 00:00:00-05:00,3.365775346755981,3.365775346755981,3.365775346755981,3.3657753467559814,250,0.0,0.0
2001-03-06 00:00:00-05:00,3.357381820678711,3.357381820678711,3.357381820678711,3.357381820678711,375,0.0,0.0
2001-03-07 00:00:00-05:00,3.3573830989600166,3.3573830989600166,3.2566616535186768,3.2566616535186768,2250,0.0,0.0
2001-03-08 00:00:00-05:00,3.2650554180145264,3.2650554180145264,3.256662067387976,3.2650554180145264,875,0.0,0.0
2001-03-09 00:00:00-05:00,3.2650546576859325,3.2650546576859325,3.2104971408843994,3.2104971408843994,1000,0.0,0.0
2001-03-12 00:00:00-05:00,3.2524643845334236,3.2524643845334236,3.2104971408843994,3.2104971408843994,6375,0.0,0.0
2001-03-13 00:00:00-05:00,3.2104971408843994,3.2104971408843994,3.2104971408843994,3.2104971408843994,0,0.0,0.0
2001-03-14 00:00:00-05:00,3.2104971408843994,3.2104971408843994,3.2104971408843994,3.2104971408843994,1250,0.0,0.0
2001-03-15 00:00:00-05:00,3.1517436420837286,3.1517436420837286,2.979677705209766,3.063612461090088,8750,0.0,0.0
2001-03-16 00:00:00-05:00,3.0426273345947266,3.0426273345947266,3.0426273345947266,3.0426273345947266,125,0.0,0.0
2001-03-19 00:00:00-05:00,2.979676646474403,2.979676646474403,2.958693027496338,2.958693027496338,375,0.0,0.0
2001-03-20 00:00:00-05:00,3.0426284329102518,3.084595680236817,3.0426284329102518,3.0845956802368164,1250,0.0,0.0
2001-03-21 00:00:00-05:00,3.084595680236817,3.084595680236817,3.084595680236817,3.0845956802368164,0,0.0,0.0
2001-03-22 00:00:00-05:00,3.084595680236817,3.084595680236817,3.084595680236817,3.0845956802368164,2250,0.0,0.0
2001-03-23 00:00:00-05:00,2.958693027496338,2.958693027496338,2.958693027496338,2.958693027496338,250,0.0,0.0
2001-03-26 00:00:00-05:00,3.084595945526226,3.084595945526226,2.9796775680418266,3.0216450691223145,157000,0.0,0.0
2001-03-27 00:00:00-05:00,3.12656252031361,3.12656252031361,3.0845952784534796,3.105578899383545,1750,0.0,0.0
2001-03-28 00:00:00-05:00,3.105578899383545,3.105578899383545,3.105578899383545,3.105578899383545,0,0.0,0.0
2001-03-29 00:00:00-05:00,3.084595680236817,3.084595680236817,3.084595680236817,3.0845956802368164,2375,0.0,0.0
2001-03-30 00:00:00-05:00,3.0845952784534796,3.105578899383545,3.0845952784534796,3.105578899383545,40875,0.0,0.0
2001-04-02 00:00:00-04:00,3.105579303900099,3.105579303900099,3.084595680236817,3.0845956802368164,12750,0.0,0.0
2001-04-03 00:00:00-04:00,3.1265626694205366,3.1475462913513184,3.1265626694205366,3.1475462913513184,500,0.0,0.0
2001-04-04 00:00:00-04:00,3.147546216801213,3.147546216801213,3.1265625953674316,3.1265625953674316,250,0.0,0.0
2001-04-05 00:00:00-04:00,3.0216450691223145,3.0216450691223145,3.0216450691223145,3.0216450691223145,2500,0.0,0.0
2001-04-06 00:00:00-04:00,3.0216450691223145,3.0216450691223145,2.9377103171058856,3.0216450691223145,4500,0.0,0.0
2001-04-09 00:00:00-04:00,3.0132519879239257,3.017448663711548,3.0132519879239257,3.017448663711548,625,0.0,0.0
2001-04-10 00:00:00-04:00,3.017448282819771,3.0636124610900883,3.017448282819771,3.063612461090088,4750,0.0,0.0
2001-04-11 00:00:00-04:00,3.0636124610900883,3.0636124610900883,3.0636124610900883,3.063612461090088,0,0.0,0.0
2001-04-12 00:00:00-04:00,3.042628694590285,3.042628694590285,3.0216450691223145,3.0216450691223145,1625,0.0,0.0
2001-04-16 00:00:00-04:00,3.0216450691223145,3.0216450691223145,3.0216450691223145,3.0216450691223145,0,0.0,0.0
2001-04-17 00:00:00-04:00,3.0426273345947266,3.0426273345947266,3.0426273345947266,3.0426273345947266,500,0.0,0.0
2001-04-18 00:00:00-04:00,3.0426273345947266,3.0426273345947266,3.0426273345947266,3.0426273345947266,125,0.0,0.0
2001-04-19 00:00:00-04:00,3.0426273345947266,3.0426273345947266,3.0426273345947266,3.0426273345947266,375,0.0,0.0
2001-04-20 00:00:00-04:00,3.0216450691223145,3.0216450691223145,3.0216450691223145,3.0216450691223145,125,0.0,0.0
2001-04-23 00:00:00-04:00,2.979676236184191,3.0426273345947266,2.9041351182070967,3.0426273345947266,14750,0.0,0.0
2001-04-24 00:00:00-04:00,3.0845959358885855,3.2524649391078526,3.0845959358885855,3.2314813137054443,8000,0.0,0.0
2001-04-25 00:00:00-04:00,3.1895140629006273,3.2314813137054443,3.1895140629006273,3.2314813137054443,10500,0.0,0.0
2001-04-26 00:00:00-04:00,3.273448564510261,3.273448564510261,3.2314813137054443,3.2314813137054443,6750,0.0,0.0
2001-04-27 00:00:00-04:00,3.2734491825103764,3.2734491825103764,3.2566624791348957,3.273449182510376,1875,0.0,0.0
2001-04-30 00:00:00-04:00,3.210497418537065,3.2944321632385254,3.210497418537065,3.2944321632385254,2500,0.0,0.0
2001-05-01 00:00:00-04:00,3.315417051315308,3.3573843145992983,3.315417051315308,3.3154170513153076,6625,0.0,0.0
2001-05-02 00:00:00-04:00,3.336400682957303,3.336400682957303,3.315417051315308,3.3154170513153076,1625,0.0,0.0
2001-05-03 00:00:00-04:00,3.336399078369141,3.336399078369141,3.336399078369141,3.3363990783691406,1000,0.0,0.0
2001-05-04 00:00:00-04:00,3.3363977974094117,3.353184738233423,3.147545025819791,3.189512252807617,8375,0.0,0.0
2001-05-07 00:00:00-04:00,3.1895122528076167,3.1895122528076167,3.1895122528076167,3.189512252807617,125,0.0,0.0
2001-05-08 00:00:00-04:00,3.2314813137054443,3.2314813137054443,3.2314813137054443,3.2314813137054443,375,0.0,0.0
2001-05-09 00:00:00-04:00,3.2696971893310547,3.2696971893310547,3.2696971893310547,3.2696971893310547,250,0.072,0.0
2001-05-10 00:00:00-04:00,3.227234498177011,3.227234498177011,3.206002712249756,3.206002712249756,1125,0.0,0.0
2001-05-11 00:00:00-04:00,3.2484654091226286,3.2696971893310547,3.2484654091226286,3.2696971893310547,1250,0.0,0.0
2001-05-14 00:00:00-04:00,3.2272342039188997,3.290929555892945,3.2272342039188997,3.2909295558929443,1250,0.0,0.0
2001-05-15 00:00:00-04:00,3.290929555892945,3.290929555892945,3.290929555892945,3.2909295558929443,0,0.0,0.0
2001-05-16 00:00:00-04:00,3.333392834594382,3.333392834594382,3.3079144954681396,3.3079144954681396,875,0.0,0.0
2001-05-17 00:00:00-04:00,3.3079144954681396,3.3079144954681396,3.3079144954681396,3.3079144954681396,0,0.0,0.0
2001-05-18 00:00:00-04:00,3.3121617723133756,3.3333938121795654,3.3121617723133756,3.3333938121795654,3250,0.0,0.0
2001-05-21 00:00:00-04:00,3.333393780092546,3.3758573532104488,3.333393780092546,3.375857353210449,1500,0.0,0.0
2001-05-22 00:00:00-04:00,3.3758573532104488,3.3758573532104488,3.3758573532104488,3.375857353210449,500,0.0,0.0
2001-05-23 00:00:00-04:00,3.3758573532104488,3.3758573532104488,3.3758573532104488,3.375857353210449,0,0.0,0.0
2001-05-24 00:00:00-04:00,3.3970887660980225,3.3970887660980225,3.3970887660980225,3.3970887660980225,3500,0.0,0.0
2001-05-25 00:00:00-04:00,3.439551771485277,3.4565372467041016,3.439551771485277,3.4565372467041016,2500,0.0,0.0
2001-05-29 00:00:00-04:00,3.460785150527954,3.460785150527954,3.460785150527954,3.460785150527954,2000,0.0,0.0
2001-05-30 00:00:00-04:00,3.460785150527954,3.460785150527954,3.460785150527954,3.460785150527954,1875,0.0,0.0
2001-05-31 00:00:00-04:00,3.4183215694213267,3.460785150527954,3.4183215694213267,3.460785150527954,9500,0.0,0.0
2001-06-01 00:00:00-04:00,3.460785150527954,3.460785150527954,3.460785150527954,3.460785150527954,250,0.0,0.0
2001-06-04 00:00:00-04:00,3.460783649262217,3.4650299549102783,3.460783649262217,3.4650299549102783,9750,0.0,0.0
2001-06-05 00:00:00-04:00,3.460783933294678,3.5032474994659424,3.460783933294678,3.5032474994659424,1375,0.0,0.0
2001-06-06 00:00:00-04:00,3.5032474994659424,3.5032474994659424,3.5032474994659424,3.5032474994659424,500,0.0,0.0
2001-06-07 00:00:00-04:00,3.5202341079711914,3.5202341079711914,3.5202341079711914,3.5202341079711914,1375,0.0,0.0
2001-06-08 00:00:00-04:00,3.54571285190255,3.54571285190255,3.503249264338906,3.5244810581207275,16625,0.0,0.0
2001-06-11 00:00:00-04:00,3.5032474994659424,3.5032474994659424,3.5032474994659424,3.5032474994659424,250,0.0,0.0
2001-06-12 00:00:00-04:00,3.5244792825515745,3.5244792825515745,3.5032474994659424,3.5032474994659424,750,0.0,0.0
2001-06-13 00:00:00-04:00,3.460785150527954,3.460785150527954,3.460785150527954,3.460785150527954,5250,0.0,0.0
2001-06-14 00:00:00-04:00,3.4820157163803103,3.5032474994659424,3.4820157163803103,3.5032474994659424,1625,0.0,0.0
2001-06-15 00:00:00-04:00,3.5032472722994767,3.515986442565918,3.5032472722994767,3.515986442565918,750,0.0,0.0
2001-06-18 00:00:00-04:00,3.477769613265991,3.477769613265991,3.477769613265991,3.477769613265991,500,0.0,0.0
2001-06-19 00:00:00-04:00,3.515986442565918,3.515986442565918,3.515986442565918,3.515986442565918,125,0.0,0.0
2001-06-20 00:00:00-04:00,3.515986442565918,3.515986442565918,3.515986442565918,3.515986442565918,0,0.0,0.0
2001-06-21 00:00:00-04:00,3.4820153713226323,3.4820153713226323,3.4820153713226323,3.482015371322632,125,0.0,0.0
2001-06-22 00:00:00-04:00,3.443799018859863,3.443799018859863,3.443799018859863,3.4437990188598633,125,0.0,0.0
2001-06-25 00:00:00-04:00,3.486262623496187,3.486262623496187,3.4607845300209283,3.4692771434783936,3125,0.0,0.0
2001-06-26 00:00:00-04:00,3.418320956527877,3.4692771434783936,3.418320956527877,3.4692771434783936,2375,0.0,0.0
2001-06-27 00:00:00-04:00,3.460785150527954,3.460785150527954,3.460785150527954,3.460785150527954,500,0.0,0.0
2001-06-28 00:00:00-04:00,3.439551241204356,3.439551241204356,3.397087686255361,3.4183194637298584,1000,0.0,0.0
2001-06-29 00:00:00-04:00,3.439552545547486,3.439552545547486,3.439552545547486,3.4395525455474854,20750,0.0,0.0
2001-07-02 00:00:00-04:00,3.439551771485277,3.4565372467041016,3.439551771485277,3.4565372467041016,500,0.0,0.0
2001-07-03 00:00:00-04:00,3.4565372467041016,3.4565372467041016,3.4565372467041016,3.4565372467041016,0,0.0,0.0
2001-07-05 00:00:00-04:00,3.4565372467041016,3.4565372467041016,3.4565372467041016,3.4565372467041016,0,0.0,0.0
2001-07-06 00:00:00-04:00,3.443797546078705,3.443797546078705,3.397087686255361,3.4183194637298584,3250,0.0,0.0
2001-07-09 00:00:00-04:00,3.4183194637298584,3.4183194637298584,3.4183194637298584,3.4183194637298584,0,0.0,0.0
2001-07-10 00:00:00-04:00,3.354624942592364,3.388595642905418,3.248465776443481,3.2484657764434814,5500,0.0,0.0
2001-07-11 00:00:00-04:00,3.2314809397785313,3.252712726593017,3.2314809397785313,3.2527127265930176,625,0.0,0.0
2001-07-12 00:00:00-04:00,3.2314802997355474,3.269697559052695,3.2272339938342673,3.2484657764434814,4625,0.0,0.0
2001-07-13 00:00:00-04:00,3.290929469107576,3.3503785133361816,3.290929469107576,3.3503785133361816,1625,0.0,0.0
2001-07-16 00:00:00-04:00,3.3546251976510075,3.4395523345450374,3.3546251976510075,3.3970887660980225,5375,0.0,0.0
2001-07-17 00:00:00-04:00,3.3546251976510075,3.3970887660980225,3.3546251976510075,3.3970887660980225,2250,0.0,0.0
2001-07-18 00:00:00-04:00,3.354626344378164,3.3588726520538335,3.354626344378164,3.358872652053833,625,0.0,0.0
2001-07-19 00:00:00-04:00,3.3588726520538335,3.3588726520538335,3.3588726520538335,3.358872652053833,0,0.0,0.0
2001-07-20 00:00:00-04:00,3.3333938121795654,3.3376401189116582,3.3333938121795654,3.3333938121795654,1750,0.0,0.0
2001-07-23 00:00:00-04:00,3.3333938121795654,3.3333938121795654,3.3333938121795654,3.3333938121795654,0,0.0,0.0
2001-07-24 00:00:00-04:00,3.3758558667227936,3.4183194211427566,3.3758558667227936,3.392841339111328,6000,0.0,0.0
2001-07-25 00:00:00-04:00,3.3928413391113286,3.3928413391113286,3.3928413391113286,3.392841339111328,0,0.0,0.0
2001-07-26 00:00:00-04:00,3.333395099037327,3.3546268939971924,3.3121630509745015,3.3546268939971924,5250,0.0,0.0
2001-07-27 00:00:00-04:00,3.3758573532104488,3.3758573532104488,3.3758573532104488,3.375857353210449,125,0.0,0.0
2001-07-30 00:00:00-04:00,3.3970891397694003,3.3970891397694003,3.312161740430734,3.375857353210449,15375,0.0,0.0
2001-07-31 00:00:00-04:00,3.3970887660980225,3.3970887660980225,3.3970887660980225,3.3970887660980225,1250,0.0,0.0
2001-08-01 00:00:00-04:00,3.409826600878408,3.4183194637298584,3.409826600878408,3.4183194637298584,2625,0.0,0.0
2001-08-02 00:00:00-04:00,3.4183194637298584,3.4183194637298584,3.4183194637298584,3.4183194637298584,2625,0.0,0.0
2001-08-03 00:00:00-04:00,3.4140731588555093,3.4183194637298584,3.4140731588555093,3.4183194637298584,2000,0.0,0.0
2001-08-06 00:00:00-04:00,3.4183205503215297,3.4183205503215297,3.3970887660980225,3.3970887660980225,3250,0.0,0.0
2001-08-07 00:00:00-04:00,3.4183194637298584,3.4183194637298584,3.4183194637298584,3.4183194637298584,4750,0.0,0.0
2001-08-08 00:00:00-04:00,3.4183194637298584,3.4183194637298584,3.4183194637298584,3.4183194637298584,500,0.0,0.0
2001-08-09 00:00:00-04:00,3.418322278876788,3.418322278876788,3.3546268939971924,3.3546268939971924,9000,0.0,0.0
2001-08-10 00:00:00-04:00,3.39708989097948,3.4140753746032715,3.39708989097948,3.4140753746032715,2125,0.0,0.0
2001-08-13 00:00:00-04:00,3.414074244097395,3.4183205503215297,3.3970887660980225,3.3970887660980225,8625,0.0,0.0
2001-08-14 00:00:00-04:00,3.39708989097948,3.4140753746032715,3.3588726161016793,3.4140753746032715,14625,0.0,0.0
2001-08-15 00:00:00-04:00,3.435547179993503,3.4570193290710454,3.435547179993503,3.457019329071045,5625,0.072,0.0
2001-08-16 00:00:00-04:00,3.4355470288854386,3.4527247985855722,3.4097805023193364,3.409780502319336,1250,0.0,0.0
2001-08-17 00:00:00-04:00,3.4398415586153694,3.4570193290710454,3.4398415586153694,3.457019329071045,1000,0.0,0.0
2001-08-20 00:00:00-04:00,3.4355474606136394,3.4355474606136394,3.3926031589508057,3.3926031589508057,2750,0.0,0.0
2001-08-21 00:00:00-04:00,3.3926031589508057,3.3926031589508057,3.3926031589508057,3.3926031589508057,0,0.0,0.0
2001-08-22 00:00:00-04:00,3.4355475902557373,3.4355475902557373,3.4355475902557373,3.4355475902557373,12500,0.0,0.0
2001-08-23 00:00:00-04:00,3.4140748977661133,3.4140748977661133,3.4140748977661133,3.4140748977661133,375,0.0,0.0
2001-08-24 00:00:00-04:00,3.435547046006236,3.435547046006236,3.3926027495259903,3.4140748977661133,3250,0.0,0.0
2001-08-27 00:00:00-04:00,3.452724306573393,3.478490829467773,3.4355465393210856,3.4784908294677734,7250,0.0,0.0
2001-08-28 00:00:00-04:00,3.478490829467773,3.478490829467773,3.478490829467773,3.4784908294677734,0,0.0,0.0
2001-08-29 00:00:00-04:00,3.4570193290710454,3.4570193290710454,3.4570193290710454,3.457019329071045,125,0.0,0.0
2001-08-30 00:00:00-04:00,3.478491478148588,3.478491478148588,3.4570193290710454,3.457019329071045,1375,0.0,0.0
2001-08-31 00:00:00-04:00,3.4570193290710454,3.4570193290710454,3.4570193290710454,3.457019329071045,0,0.0,0.0
2001-09-04 00:00:00-04:00,3.4570193290710454,3.4570193290710454,3.4570193290710454,3.457019329071045,0,0.0,0.0
2001-09-05 00:00:00-04:00,3.4999629745411167,3.4999629745411167,3.478490829467773,3.4784908294677734,1000,0.0,0.0
2001-09-06 00:00:00-04:00,3.4999631092008827,3.4999631092008827,3.4441354274749756,3.4441354274749756,4000,0.0,0.0
2001-09-07 00:00:00-04:00,3.4441354274749756,3.4441354274749756,3.4441354274749756,3.4441354274749756,125,0.0,0.0
2001-09-10 00:00:00-04:00,3.4183692762204982,3.4183692762204982,3.4140748977661133,3.4140748977661133,3750,0.0,0.0
2001-09-17 00:00:00-04:00,3.435547046006236,3.457019194246359,3.3711306012858673,3.4140748977661133,3375,0.0,0.0
2001-09-18 00:00:00-04:00,3.4140753097822225,3.4140753097822225,3.3926031589508057,3.3926031589508057,625,0.0,0.0
2001-09-19 00:00:00-04:00,3.349658966064453,3.392603528371753,3.30671465972541,3.349658966064453,2750,0.0,0.0
2001-09-20 00:00:00-04:00,3.328185727250576,3.328185727250576,3.285241434919834,3.306713581085205,1750,0.0,0.0
2001-09-21 00:00:00-04:00,3.349658941793389,3.349658941793389,3.1778817176818848,3.1778817176818848,3250,0.0,0.0
2001-09-24 00:00:00-04:00,3.1564089864888274,3.220825433731079,3.1564089864888274,3.220825433731079,1375,0.0,0.0
2001-09-25 00:00:00-04:00,3.1993536949157715,3.2637701504183934,3.1349372394131496,3.1993536949157715,7750,0.0,0.0
2001-09-26 00:00:00-04:00,3.19935284856037,3.19935284856037,3.006103277206421,3.006103277206421,4125,0.0,0.0
2001-09-27 00:00:00-04:00,2.941687695857525,2.941687695857525,2.8987433910369873,2.8987433910369873,3875,0.0,0.0
2001-09-28 00:00:00-04:00,2.9416859796516484,3.0275745391845703,2.9416859796516484,3.0275745391845703,8250,0.0,0.0
2001-10-01 00:00:00-04:00,2.96315860748291,2.96315860748291,2.96315860748291,2.96315860748291,125,0.0,0.0
2001-10-02 00:00:00-04:00,2.963158771955807,2.963158771955807,2.7913813591003414,2.791381359100342,2250,0.0,0.0
2001-10-03 00:00:00-04:00,2.83432534367021,3.006102466580577,2.7699086666107178,2.7699086666107178,19375,0.0,0.0
2001-10-04 00:00:00-04:00,2.726965730518262,2.791382183372655,2.5766606738580125,2.7484378814697266,30125,0.0,0.0
2001-10-05 00:00:00-04:00,2.726964950561524,2.726964950561524,2.5337153913026613,2.7269649505615234,10000,0.0,0.0
2001-10-08 00:00:00-04:00,2.748436526246922,2.7699086666107178,2.748436526246922,2.7699086666107178,750,0.0,0.0
2001-10-09 00:00:00-04:00,2.748437881469726,2.748437881469726,2.748437881469726,2.7484378814697266,1000,0.0,0.0
2001-10-10 00:00:00-04:00,2.7054930783053726,2.8128538131713863,2.5122434995783656,2.8128538131713867,29125,0.0,0.0
2001-10-11 00:00:00-04:00,2.7699088842712274,2.7699088842712274,2.490770781638996,2.555187463760376,31500,0.0,0.0
2001-10-12 00:00:00-04:00,2.5551882099220182,2.6410768032073975,2.5551882099220182,2.6410768032073975,2750,0.0,0.0
2001-10-15 00:00:00-04:00,2.6840206360457723,2.7913813591003414,2.6840206360457723,2.791381359100342,4500,0.0,0.0
2001-10-16 00:00:00-04:00,2.8128545500895346,2.8128545500895346,2.5551887189072104,2.5766608715057373,9500,0.0,0.0
2001-10-17 00:00:00-04:00,2.6196040383329433,2.641076181600579,2.5981318950653076,2.5981318950653076,5875,0.0,0.0
2001-10-18 00:00:00-04:00,2.6196051767027915,2.6196051767027915,2.516538793036212,2.5766608715057373,7250,0.0,0.0
2001-10-19 00:00:00-04:00,2.5809547367139922,2.6410768032073975,2.5809547367139922,2.6410768032073975,2250,0.0,0.0
2001-10-22 00:00:00-04:00,2.5981318950653076,2.5981318950653076,2.473593156951254,2.5981318950653076,12750,0.0,0.0
2001-10-23 00:00:00-04:00,2.5766608715057373,2.580955250831793,2.5766608715057373,2.5766608715057373,2750,0.0,0.0
2001-10-24 00:00:00-04:00,2.469299867968172,2.580955266952515,2.469299867968172,2.5809552669525146,17750,0.0,0.0
2001-10-25 00:00:00-04:00,2.5766608715057373,2.5766608715057373,2.5551887189072104,2.5766608715057373,1375,0.0,0.0
2001-10-26 00:00:00-04:00,2.6196049757609408,2.787087804376008,2.6196049757609408,2.7484378814697266,11500,0.0,0.0
2001-10-29 00:00:00-05:00,2.81285294733831,2.8557974840340057,2.726964385883126,2.7699086666107178,9125,0.0,0.0
2001-10-30 00:00:00-05:00,2.7913813591003414,2.7913813591003414,2.7913813591003414,2.791381359100342,125,0.0,0.0
2001-10-31 00:00:00-05:00,2.8128538131713863,2.8128538131713863,2.8128538131713863,2.8128538131713867,125,0.0,0.0
2001-11-01 00:00:00-05:00,2.7913813591003414,2.7913813591003414,2.7913813591003414,2.791381359100342,250,0.0,0.0
2001-11-02 00:00:00-05:00,2.8300322985495296,2.8987433910369873,2.817149160684317,2.8987433910369873,2750,0.0,0.0
2001-11-05 00:00:00-05:00,2.8772695064544678,2.8772695064544678,2.8772695064544678,2.8772695064544678,875,0.0,0.0
2001-11-06 00:00:00-05:00,2.8343268554516605,2.8343268554516605,2.705493688583374,2.705493688583374,6625,0.0,0.0
2001-11-07 00:00:00-05:00,2.7459397315979004,2.7459397315979004,2.7459397315979004,2.7459397315979004,125,0.09,0.0
2001-11-08 00:00:00-05:00,2.7328215539696306,2.754684105551614,2.6235087960597143,2.689096450805664,33000,0.0,0.0
2001-11-09 00:00:00-05:00,2.710958957672119,2.710958957672119,2.710958957672119,2.710958957672119,125,0.0,0.0
2001-11-12 00:00:00-05:00,2.6890964064507448,2.710958957672119,2.6890964064507448,2.710958957672119,2250,0.0,0.0
2001-11-13 00:00:00-05:00,2.689096181277132,2.780918836593628,2.689096181277132,2.780918836593628,2375,0.0,0.0
2001-11-14 00:00:00-05:00,2.754683494567871,2.7765460413007816,2.754683494567871,2.754683494567871,1375,0.0,0.0
2001-11-15 00:00:00-05:00,2.7546840601148683,2.7765466113362427,2.710958957672119,2.710958957672119,4000,0.0,0.0
2001-11-16 00:00:00-05:00,2.7328208319440983,2.8202710151672363,2.7328208319440983,2.8202710151672363,9875,0.0,0.0
2001-11-19 00:00:00-05:00,2.8421343632825384,2.885859727859497,2.820271811305148,2.885859727859497,2500,0.0,0.0
2001-11-20 00:00:00-05:00,2.9077207704522876,2.9295833110809326,2.8421328879443095,2.9295833110809326,52500,0.0,0.0
2001-11-21 00:00:00-05:00,2.9295847145940366,3.0607600212097172,2.9295847145940366,3.060760021209717,15500,0.0,0.0
2001-11-23 00:00:00-05:00,3.060758023950971,3.1700709687554323,3.060758023950971,3.126345634460449,6000,0.0,0.0
2001-11-26 00:00:00-05:00,3.0957402072227653,3.0957402072227653,3.0607600212097172,3.060760021209717,1750,0.0,0.0
2001-11-27 00:00:00-05:00,3.086995141170216,3.09574031829834,3.086995141170216,3.09574031829834,3750,0.0,0.0
2001-11-28 00:00:00-05:00,3.095739523651729,3.095739523651729,3.038896799087524,3.0388967990875244,3250,0.0,0.0
2001-11-29 00:00:00-05:00,3.0607590303766146,3.082621574401855,3.0607590303766146,3.0826215744018555,500,0.0,0.0
2001-11-30 00:00:00-05:00,3.0607600212097172,3.1482104862423377,3.0607600212097172,3.060760021209717,8000,0.0,0.0
2001-12-03 00:00:00-05:00,3.0607600212097172,3.0607600212097172,3.0607600212097172,3.060760021209717,0,0.0,0.0
2001-12-04 00:00:00-05:00,3.01703491900449,3.0607600212097172,3.01703491900449,3.060760021209717,4375,0.0,0.0
2001-12-05 00:00:00-05:00,3.0170339062140727,3.1044840812683105,2.995171362450513,3.1044840812683105,7500,0.0,0.0
2001-12-06 00:00:00-05:00,3.082621537504751,3.121974168403574,3.082621537504751,3.1044840812683105,3500,0.0,0.0
2001-12-07 00:00:00-05:00,3.1219751834869385,3.1219751834869385,3.1219751834869385,3.1219751834869385,1000,0.0,0.0
2001-12-10 00:00:00-05:00,3.078249434507196,3.078249434507196,3.038896799087524,3.0388967990875244,1000,0.0,0.0
2001-12-11 00:00:00-05:00,3.0607590303766146,3.126346662452337,3.0607590303766146,3.0826215744018555,13000,0.0,0.0
2001-12-12 00:00:00-05:00,3.0520154340732013,3.1044854581277077,3.0520154340732013,3.0869953632354736,4125,0.0,0.0
2001-12-13 00:00:00-05:00,3.0869953632354736,3.0869953632354736,3.0869953632354736,3.0869953632354736,0,0.0,0.0
2001-12-14 00:00:00-05:00,3.100112345201316,3.213797807693481,3.100112345201316,3.2137978076934814,10250,0.0,0.0
2001-12-17 00:00:00-05:00,3.2137979362530396,3.2137979362530396,3.1132301032938305,3.148210287094116,4500,0.0,0.0
2001-12-18 00:00:00-05:00,3.1831893551100197,3.205051898956299,3.1088568102815013,3.205051898956299,6500,0.0,0.0
2001-12-19 00:00:00-05:00,3.244406286950093,3.275014021283165,3.200681175579038,3.2312889099121094,8500,0.0,0.0
2001-12-20 00:00:00-05:00,3.2006800174713135,3.2050524749018807,3.1919351026101794,3.2006800174713135,4750,0.0,0.0
2001-12-21 00:00:00-05:00,3.183190082937075,3.2225427229826598,3.170072710003307,3.2137978076934814,4500,0.0,0.0
2001-12-24 00:00:00-05:00,3.244405575431175,3.30124831199646,3.244405575431175,3.30124831199646,16125,0.0,0.0
2001-12-26 00:00:00-05:00,3.3056206703186035,3.309993388862595,3.3056206703186035,3.3056206703186035,6875,0.0,0.0
2001-12-27 00:00:00-05:00,3.3056202699097503,3.3668354552669286,3.3056202699097503,3.331855535507202,8125,0.0,0.0
2001-12-28 00:00:00-05:00,3.331855535507202,3.331855535507202,3.331855535507202,3.331855535507202,0,0.0,0.0
2001-12-31 00:00:00-05:00,3.323110779688614,3.323110779688614,3.314365863800049,3.314365863800049,3250,0.0,0.0
2002-01-02 00:00:00-05:00,3.2925029780880113,3.33185561682248,3.2750128874702327,3.3187379837036133,2125,0.0,0.0
2002-01-03 00:00:00-05:00,3.3231121479519277,3.3886998259878105,3.279387029261339,3.327484607696533,4750,0.0,0.0
2002-01-04 00:00:00-05:00,3.327484607696533,3.327484607696533,3.327484607696533,3.327484607696533,0,0.0,0.0
2002-01-07 00:00:00-05:00,3.344973564147949,3.366836116021687,3.344973564147949,3.344973564147949,1500,0.0,0.0
2002-01-08 00:00:00-05:00,3.3886982328575384,3.432423591613769,3.3886982328575384,3.4324235916137695,3750,0.0,0.0
2002-01-09 00:00:00-05:00,3.454285582972275,3.4761481285095215,3.436795494418057,3.4761481285095215,3375,0.0,0.0
2002-01-10 00:00:00-05:00,3.476148248648947,3.5417358875274663,3.476148248648947,3.541735887527466,4375,0.0,0.0
2002-01-11 00:00:00-05:00,3.5417358875274663,3.5417358875274663,3.5417358875274663,3.541735887527466,125,0.0,0.0
2002-01-14 00:00:00-05:00,3.5417358875274663,3.5635984338203057,3.5242457983687725,3.541735887527466,3625,0.0,0.0
2002-01-15 00:00:00-05:00,3.541736691562319,3.541736691562319,3.498011589050293,3.498011589050293,6875,0.0,0.0
2002-01-16 00:00:00-05:00,3.5417358875274663,3.5417358875274663,3.5198733412346264,3.541735887527466,1250,0.0,0.0
2002-01-17 00:00:00-05:00,3.519874334335327,3.519874334335327,3.519874334335327,3.519874334335327,375,0.0,0.0
2002-01-18 00:00:00-05:00,3.498011811419065,3.498011811419065,3.489266633987427,3.4892666339874268,625,0.0,0.0
2002-01-22 00:00:00-05:00,3.489266633987427,3.489266633987427,3.489266633987427,3.4892666339874268,0,0.0,0.0
2002-01-23 00:00:00-05:00,3.519874084264686,3.519874084264686,3.4805214405059814,3.4805214405059814,1375,0.0,0.0
2002-01-24 00:00:00-05:00,3.463031053543091,3.5198737853249695,3.463031053543091,3.463031053543091,1375,0.0,0.0
2002-01-25 00:00:00-05:00,3.4805209004720816,3.5329911708831787,3.4805209004720816,3.5329911708831787,1000,0.0,0.0
2002-01-28 00:00:00-05:00,3.5329911708831787,3.5329911708831787,3.5329911708831787,3.5329911708831787,0,0.0,0.0
2002-01-29 00:00:00-05:00,3.5329911708831787,3.5329911708831787,3.5329911708831787,3.5329911708831787,0,0.0,0.0
2002-01-30 00:00:00-05:00,3.563599402698614,3.585461954935487,3.563599402698614,3.581089496612549,1375,0.0,0.0
2002-01-31 00:00:00-05:00,3.5635984338203057,3.5635984338203057,3.5417358875274663,3.541735887527466,2375,0.0,0.0
2002-02-01 00:00:00-05:00,3.5417358875274663,3.5417358875274663,3.5417358875274663,3.541735887527466,3750,0.0,0.0
2002-02-04 00:00:00-05:00,3.5417358875274663,3.5417358875274663,3.5417358875274663,3.541735887527466,1250,0.0,0.0
2002-02-05 00:00:00-05:00,3.5417358875274663,3.5417358875274663,3.5417358875274663,3.541735887527466,0,0.0,0.0
2002-02-06 00:00:00-05:00,3.567970890954452,3.567970890954452,3.5417358875274663,3.541735887527466,750,0.0,0.0
2002-02-07 00:00:00-05:00,3.519874334335327,3.519874334335327,3.519874334335327,3.519874334335327,625,0.0,0.0
2002-02-08 00:00:00-05:00,3.519874334335327,3.519874334335327,3.519874334335327,3.519874334335327,0,0.0,0.0
2002-02-11 00:00:00-05:00,3.498010674046768,3.498010674046768,3.4761481285095215,3.4761481285095215,375,0.0,0.0
2002-02-12 00:00:00-05:00,3.4586597497176412,3.4586597497176412,3.45428729057312,3.45428729057312,2500,0.0,0.0
2002-02-13 00:00:00-05:00,3.4808225631713867,3.4808225631713867,3.4808225631713867,3.4808225631713867,125,0.072,0.0
2002-02-14 00:00:00-05:00,3.4498639106750484,3.4498639106750484,3.4498639106750484,3.449863910675049,250,0.0,0.0
2002-02-15 00:00:00-05:00,3.4498639106750484,3.4498639106750484,3.4498639106750484,3.449863910675049,0,0.0,0.0
2002-02-19 00:00:00-05:00,3.4056344676821917,3.4056344676821917,3.3923659324645996,3.3923659324645996,1250,0.0,0.0
2002-02-20 00:00:00-05:00,3.432173252105713,3.432173252105713,3.432173252105713,3.432173252105713,125,0.0,0.0
2002-02-21 00:00:00-05:00,3.4056341648101807,3.4056341648101807,3.4056341648101807,3.4056341648101807,125,0.0,0.0
2002-02-22 00:00:00-05:00,3.3967883586883545,3.427748534003957,3.3967883586883545,3.3967883586883545,625,0.0,0.0
2002-02-25 00:00:00-05:00,3.427747964859009,3.427747964859009,3.427747964859009,3.427747964859009,250,0.0,0.0
2002-02-26 00:00:00-05:00,3.4719792010237382,3.538322687149048,3.4719792010237382,3.538322687149048,2500,0.0,0.0
2002-02-27 00:00:00-05:00,3.538322687149048,3.582551677899254,3.489670586423357,3.538322687149048,7625,0.0,0.0
2002-02-28 00:00:00-05:00,3.538322687149048,3.538322687149048,3.538322687149048,3.538322687149048,0,0.0,0.0
2002-03-01 00:00:00-05:00,3.494093156355303,3.494093156355303,3.4719786643981934,3.4719786643981934,1500,0.0,0.0
2002-03-04 00:00:00-05:00,3.4719786643981934,3.4719786643981934,3.4719786643981934,3.4719786643981934,0,0.0,0.0
2002-03-05 00:00:00-05:00,3.4719786643981934,3.4719786643981934,3.4719786643981934,3.4719786643981934,0,0.0,0.0
2002-03-06 00:00:00-05:00,3.4498638147046305,3.604665517807007,3.4498638147046305,3.604665517807007,9000,0.0,0.0
2002-03-07 00:00:00-05:00,3.6488938049943993,3.671008292132964,3.626779317855835,3.626779317855835,4875,0.0,0.0
2002-03-08 00:00:00-05:00,3.5825506312268702,3.6710085868835454,3.538321653398533,3.671008586883545,3750,0.0,0.0
2002-03-11 00:00:00-05:00,3.6267796090552076,3.6710085868835454,3.6267796090552076,3.671008586883545,3875,0.0,0.0
2002-03-12 00:00:00-05:00,3.6710085868835454,3.6710085868835454,3.6710085868835454,3.671008586883545,625,0.0,0.0
2002-03-13 00:00:00-05:00,3.6710079322952,3.715236902236938,3.6710079322952,3.7152369022369385,1500,0.0,0.0
2002-03-14 00:00:00-05:00,3.7594660836212532,3.830232381820679,3.7594660836212532,3.8302323818206787,3125,0.0,0.0
2002-03-15 00:00:00-05:00,3.8479240246911104,3.8700385093688965,3.8479240246911104,3.8700385093688965,2875,0.0,0.0
2002-03-18 00:00:00-05:00,3.9142680442469255,3.936382532119751,3.9142680442469255,3.936382532119751,1375,0.0,0.0
2002-03-19 00:00:00-05:00,3.936383156280409,3.949651956558227,3.936383156280409,3.9496519565582275,250,0.0,0.0
2002-03-20 00:00:00-05:00,3.9540746459988823,3.980611981881271,3.9540746459988823,3.976189136505127,2000,0.0,0.0
2002-03-21 00:00:00-05:00,3.976187050742746,3.9806098937988286,3.9584954148930316,3.980609893798828,1375,0.0,0.0
2002-03-22 00:00:00-05:00,4.002724455776203,4.073491000643732,4.002724455776203,4.0469536781311035,3250,0.0,0.0
2002-03-25 00:00:00-05:00,4.06906941496908,4.104452434711946,4.051377773284912,4.051377773284912,3000,0.0,0.0
2002-03-26 00:00:00-05:00,4.046954928770237,4.073492259483754,4.046954928770237,4.051377773284912,2375,0.0,0.0
2002-03-27 00:00:00-05:00,4.029263017230589,4.029263017230589,3.9894568920135494,3.98945689201355,375,0.0,0.0
2002-03-28 00:00:00-05:00,4.024840119410314,4.179641510372951,4.024840119410314,4.122143745422363,7625,0.0,0.0
2002-04-01 00:00:00-05:00,4.1132988929748535,4.1132988929748535,4.069069915140528,4.1132988929748535,1750,0.0,0.0
2002-04-02 00:00:00-05:00,4.135413646697998,4.1575281370312345,4.135413646697998,4.135413646697998,8250,0.0,0.0
2002-04-03 00:00:00-05:00,4.135412843645084,4.135412843645084,4.0690693855285645,4.0690693855285645,1625,0.0,0.0
2002-04-04 00:00:00-05:00,4.024839878082275,4.024839878082275,4.024839878082275,4.024839878082275,250,0.0,0.0
2002-04-05 00:00:00-05:00,4.024839878082275,4.024839878082275,4.024839878082275,4.024839878082275,0,0.0,0.0
2002-04-08 00:00:00-04:00,4.024839878082275,4.024839878082275,4.024839878082275,4.024839878082275,8875,0.0,0.0
2002-04-09 00:00:00-04:00,4.024839878082275,4.024839878082275,4.024839878082275,4.024839878082275,0,0.0,0.0
2002-04-10 00:00:00-04:00,4.024840829986437,4.024840829986437,4.002726078033447,4.002726078033447,4500,0.0,0.0
2002-04-11 00:00:00-04:00,4.024839115235806,4.024839115235806,3.9806098937988286,3.980609893798828,750,0.0,0.0
2002-04-12 00:00:00-04:00,3.936382532119751,3.936382532119751,3.936382532119751,3.936382532119751,250,0.0,0.0
2002-04-15 00:00:00-04:00,3.9806115897059526,4.002726078033447,3.9806115897059526,4.002726078033447,3375,0.0,0.0
2002-04-16 00:00:00-04:00,4.046954361179533,4.046954361179533,4.024839878082275,4.024839878082275,375,0.0,0.0
2002-04-17 00:00:00-04:00,3.9894558699868212,4.157526016235352,3.9629185478489966,4.157526016235352,5000,0.0,0.0
2002-04-18 00:00:00-04:00,4.179641516065446,4.201756000518799,4.179641516065446,4.201756000518799,875,0.0,0.0
2002-04-19 00:00:00-04:00,4.2238718215542885,4.312330050984456,4.2238718215542885,4.2548322677612305,4500,0.0,0.0
2002-04-22 00:00:00-04:00,4.2681012966709435,4.378674030303955,4.2681012966709435,4.378674030303955,6250,0.0,0.0
2002-04-23 00:00:00-04:00,4.334444794310792,4.418479919433594,4.334444794310792,4.418479919433594,2500,0.0,0.0
2002-04-24 00:00:00-04:00,4.396364688873291,4.405210379033029,4.396364688873291,4.396364688873291,2875,0.0,0.0
2002-04-25 00:00:00-04:00,4.396364688873291,4.396364688873291,4.396364688873291,4.396364688873291,0,0.0,0.0
2002-04-26 00:00:00-04:00,4.378674030303955,4.378674030303955,4.378674030303955,4.378674030303955,125,0.0,0.0
2002-04-29 00:00:00-04:00,4.378673228737949,4.533474658410211,4.378673228737949,4.511360168457031,16000,0.0,0.0
2002-04-30 00:00:00-04:00,4.467130333844362,4.511359305288292,4.400786876678467,4.400786876678467,2250,0.0,0.0
2002-05-01 00:00:00-04:00,4.422902043670573,4.458285331726074,4.422902043670573,4.458285331726074,375,0.0,0.0
2002-05-02 00:00:00-04:00,4.458286837758408,4.458286837758408,4.422903537750244,4.422903537750244,2000,0.0,0.0
2002-05-03 00:00:00-04:00,4.378671578748854,4.378671578748854,4.334442615509033,4.334442615509033,2625,0.0,0.0
2002-05-06 00:00:00-04:00,4.312329652636547,4.312329652636547,4.254831874724631,4.281369209289551,750,0.0,0.0
2002-05-07 00:00:00-04:00,4.290214959783603,4.290214959783603,4.223871231079102,4.223871231079102,500,0.0,0.0
2002-05-08 00:00:00-04:00,4.268521084930248,4.299776077270508,4.268521084930248,4.299776077270508,1625,0.072,0.0
2002-05-09 00:00:00-04:00,4.308704642090236,4.5542785204049006,4.308704642090236,4.509628772735596,8000,0.0,0.0
2002-05-10 00:00:00-04:00,4.464978527351942,4.464978527351942,4.442653656005859,4.442653656005859,1500,0.0,0.0
2002-05-13 00:00:00-04:00,4.464979648590088,4.464979648590088,4.464979648590088,4.464979648590088,375,0.0,0.0
2002-05-14 00:00:00-04:00,4.509628835456826,4.509628835456826,4.464979087166519,4.469444274902344,2125,0.0,0.0
2002-05-15 00:00:00-04:00,4.464979648590088,4.487304525542356,4.464979648590088,4.464979648590088,2625,0.0,0.0
2002-05-16 00:00:00-04:00,4.420329721947305,4.420329721947305,4.375679969787598,4.375679969787598,4625,0.0,0.0
2002-05-17 00:00:00-04:00,4.375679969787598,4.375679969787598,4.375679969787598,4.375679969787598,0,0.0,0.0
2002-05-20 00:00:00-04:00,4.33103021762789,4.375679969787598,4.33103021762789,4.375679969787598,1500,0.0,0.0
2002-05-21 00:00:00-04:00,4.295308960537993,4.295308960537993,4.183684349060059,4.183684349060059,1875,0.0,0.0
2002-05-22 00:00:00-04:00,4.152430368444507,4.152430368444507,4.130105495452881,4.130105495452881,1250,0.0,0.0
2002-05-23 00:00:00-04:00,4.085455417633057,4.085455417633057,4.085455417633057,4.085455417633057,250,0.0,0.0
2002-05-24 00:00:00-04:00,4.085455417633057,4.085455417633057,4.085455417633057,4.085455417633057,0,0.0,0.0
2002-05-28 00:00:00-04:00,4.107780933380127,4.107780933380127,4.107780933380127,4.107780933380127,125,0.0,0.0
2002-05-29 00:00:00-04:00,4.072062037173449,4.072062037173449,4.054202079772949,4.054202079772949,625,0.0,0.0
2002-05-30 00:00:00-04:00,4.009552001953125,4.009552001953125,4.009552001953125,4.009552001953125,1000,0.0,0.0
2002-05-31 00:00:00-04:00,4.040806770324707,4.040806770324707,4.040806770324707,4.040806770324707,875,0.0,0.0
2002-06-03 00:00:00-04:00,4.040806770324707,4.040806770324707,4.040806770324707,4.040806770324707,0,0.0,0.0
2002-06-04 00:00:00-04:00,4.040806770324707,4.040806770324707,4.040806770324707,4.040806770324707,0,0.0,0.0
2002-06-05 00:00:00-04:00,4.040806770324707,4.040806770324707,4.040806770324707,4.040806770324707,0,0.0,0.0
2002-06-06 00:00:00-04:00,4.063131332397461,4.063131332397461,4.063131332397461,4.063131332397461,5000,0.0,0.0
2002-06-07 00:00:00-04:00,4.01848157983519,4.01848157983519,3.960437059402466,3.960437059402466,1250,0.0,0.0
2002-06-10 00:00:00-04:00,3.960437059402466,3.960437059402466,3.960437059402466,3.960437059402466,0,0.0,0.0
2002-06-11 00:00:00-04:00,3.9559722481691213,4.000622272491455,3.9559722481691213,4.000622272491455,2500,0.0,0.0
2002-06-12 00:00:00-04:00,4.027411568006636,4.103316307067871,3.973831705233968,4.103316307067871,5375,0.0,0.0
2002-06-13 00:00:00-04:00,4.103316307067871,4.103316307067871,4.103316307067871,4.103316307067871,0,0.0,0.0
2002-06-14 00:00:00-04:00,4.103316307067871,4.103316307067871,4.103316307067871,4.103316307067871,0,0.0,0.0
2002-06-17 00:00:00-04:00,4.130106429229738,4.147966384887695,4.130106429229738,4.147966384887695,1250,0.0,0.0
2002-06-18 00:00:00-04:00,4.152431488037109,4.152431488037109,4.152431488037109,4.152431488037109,125,0.0,0.0
2002-06-19 00:00:00-04:00,4.152430849256239,4.152430849256239,3.996156454086304,3.9961564540863037,2750,0.0,0.0
2002-06-20 00:00:00-04:00,3.973831806325293,3.973831806325293,3.9291820526123047,3.9291820526123047,750,0.0,0.0
2002-06-21 00:00:00-04:00,3.9738316535949707,3.9738316535949707,3.9738316535949707,3.9738316535949707,375,0.0,0.0
2002-06-24 00:00:00-04:00,3.951507604533361,3.9961573658741902,3.951507604533361,3.964902639389038,2375,0.0,0.0
2002-06-25 00:00:00-04:00,3.951507806777954,3.951507806777954,3.951507806777954,3.951507806777954,625,0.0,0.0
2002-06-26 00:00:00-04:00,3.920251131057739,3.920251131057739,3.920251131057739,3.9202511310577393,750,0.0,0.0
2002-06-27 00:00:00-04:00,3.88453236672094,3.906857243967213,3.8398826122283936,3.8398826122283936,3875,0.0,0.0
2002-06-28 00:00:00-04:00,3.817557522462129,3.817557522462129,3.7371878623962402,3.7371878623962402,3125,0.0,0.0
2002-07-01 00:00:00-04:00,3.7371878623962402,3.7371878623962402,3.7371878623962402,3.7371878623962402,500,0.0,0.0
2002-07-02 00:00:00-04:00,3.7371878623962402,3.7371878623962402,3.7371878623962402,3.7371878623962402,0,0.0,0.0
2002-07-03 00:00:00-04:00,3.7371878623962402,3.7371878623962402,3.7371878623962402,3.7371878623962402,0,0.0,0.0
2002-07-05 00:00:00-04:00,3.7148630619049072,3.7148630619049072,3.7148630619049072,3.7148630619049072,750,0.0,0.0
2002-07-08 00:00:00-04:00,3.6746787657373767,3.6746787657373767,3.6612837314605713,3.6612837314605713,250,0.0,0.0
2002-07-09 00:00:00-04:00,3.683608534128263,3.772908317216775,3.683608534128263,3.7505831718444824,4000,0.0,0.0
2002-07-10 00:00:00-04:00,3.705933291899601,3.7416532039642334,3.705933291899601,3.7416532039642334,750,0.0,0.0
2002-07-11 00:00:00-04:00,3.7416532039642334,3.7416532039642334,3.7416532039642334,3.7416532039642334,0,0.0,0.0
2002-07-12 00:00:00-04:00,3.6970042211886667,3.6970042211886667,3.6702144145965576,3.6702144145965576,1375,0.0,0.0
2002-07-15 00:00:00-04:00,3.638958126828736,3.638958126828736,3.594308376312256,3.594308376312256,625,0.0,0.0
2002-07-16 00:00:00-04:00,3.5719841313644243,3.5719841313644243,3.5496592521667476,3.549659252166748,875,0.0,0.0
2002-07-17 00:00:00-04:00,3.5050101280212402,3.5050101280212402,3.5050101280212402,3.5050101280212402,625,0.0,0.0
2002-07-18 00:00:00-04:00,3.4603600954126787,3.5050101280212402,3.4603600954126787,3.5050101280212402,2250,0.0,0.0
2002-07-19 00:00:00-04:00,3.4603600954126787,3.5050101280212402,3.4603600954126787,3.5050101280212402,625,0.0,0.0
2002-07-22 00:00:00-04:00,3.4603597705561113,3.4603597705561113,3.429105043411255,3.429105043411255,1250,0.0,0.0
2002-07-23 00:00:00-04:00,3.4603594692424893,3.5496592521667476,3.415709710847136,3.549659252166748,7375,0.0,0.0
2002-07-24 00:00:00-04:00,3.5139378321268735,3.5139378321268735,3.384453535079956,3.384453535079956,3250,0.0,0.0
2002-07-25 00:00:00-04:00,3.339804887771607,3.339804887771607,3.339804887771607,3.3398048877716064,875,0.0,0.0
2002-07-26 00:00:00-04:00,3.304084446675363,3.304084446675363,3.2594347000122066,3.259434700012207,2250,0.0,0.0
2002-07-29 00:00:00-04:00,3.214785736009894,3.2594354935433287,3.214785736009894,3.2371106147766113,1750,0.0,0.0
2002-07-30 00:00:00-04:00,3.2371106147766113,3.2371106147766113,3.2371106147766113,3.2371106147766113,0,0.0,0.0
2002-07-31 00:00:00-04:00,3.281760456061079,3.3487350940704346,3.2147858180517233,3.3487350940704346,8625,0.0,0.0
2002-08-01 00:00:00-04:00,3.3933839797973633,3.3933839797973633,3.3933839797973633,3.3933839797973633,125,0.0,0.0
2002-08-02 00:00:00-04:00,3.4380350628761103,3.500544786453247,3.4380350628761103,3.500544786453247,875,0.0,0.0
2002-08-05 00:00:00-04:00,3.5451934337615967,3.5451934337615967,3.5451934337615967,3.5451934337615967,250,0.0,0.0
2002-08-06 00:00:00-04:00,3.5451934337615967,3.5451934337615967,3.5451934337615967,3.5451934337615967,0,0.0,0.0
2002-08-07 00:00:00-04:00,3.590357020622424,3.590357020622424,3.545195341110229,3.5451953411102295,1500,0.072,0.0
2002-08-08 00:00:00-04:00,3.590356300251821,3.590356300251821,3.522613525390625,3.522613525390625,875,0.0,0.0
2002-08-09 00:00:00-04:00,3.5677747726440434,3.5677747726440434,3.5677747726440434,3.567774772644043,250,0.0,0.0
2002-08-12 00:00:00-04:00,3.59035663775793,3.6355183124542236,3.59035663775793,3.6355183124542236,3250,0.0,0.0
2002-08-13 00:00:00-04:00,3.6355183124542236,3.6355183124542236,3.6355183124542236,3.6355183124542236,625,0.0,0.0
2002-08-14 00:00:00-04:00,3.6355183124542236,3.6355183124542236,3.6355183124542236,3.6355183124542236,0,0.0,0.0
2002-08-15 00:00:00-04:00,3.6355183124542236,3.6355183124542236,3.6355183124542236,3.6355183124542236,0,0.0,0.0
2002-08-16 00:00:00-04:00,3.6355183124542236,3.6355183124542236,3.6355183124542236,3.6355183124542236,625,0.0,0.0
2002-08-19 00:00:00-04:00,3.59035663775793,3.64003442608689,3.59035663775793,3.6355183124542236,2875,0.0,0.0
2002-08-20 00:00:00-04:00,3.6626145839691158,3.6626145839691158,3.6626145839691158,3.662614583969116,125,0.0,0.0
2002-08-21 00:00:00-04:00,3.64003442608689,3.64003442608689,3.6355183124542236,3.6355183124542236,500,0.0,0.0
2002-08-22 00:00:00-04:00,3.676163673400879,3.676163673400879,3.676163673400879,3.676163673400879,125,0.0,0.0
2002-08-23 00:00:00-04:00,3.676163673400879,3.676163673400879,3.676163673400879,3.676163673400879,0,0.0,0.0
2002-08-26 00:00:00-04:00,3.680678332768029,3.7032591599665996,3.6580975055694585,3.658097505569458,1000,0.0,0.0
2002-08-27 00:00:00-04:00,3.694226640318254,3.77100133895874,3.694226640318254,3.7710013389587402,1500,0.0,0.0
2002-08-28 00:00:00-04:00,3.7258405370282635,3.7258405370282635,3.703259706497192,3.7032597064971924,2500,0.0,0.0
2002-08-29 00:00:00-04:00,3.703259706497192,3.703259706497192,3.703259706497192,3.7032597064971924,0,0.0,0.0
2002-08-30 00:00:00-04:00,3.748422145843506,3.748422145843506,3.748422145843506,3.748422145843506,500,0.0,0.0
2002-09-03 00:00:00-04:00,3.748421244080477,3.789066791534424,3.748421244080477,3.789066791534424,7000,0.0,0.0
2002-09-04 00:00:00-04:00,3.7439047027609655,3.7439047027609655,3.6580975055694585,3.658097505569458,875,0.0,0.0
2002-09-05 00:00:00-04:00,3.7032608741959785,3.7032608741959785,3.6580991988936207,3.6806800365448,4500,0.0,0.0
2002-09-06 00:00:00-04:00,3.6806799871505174,3.6806799871505174,3.6355183124542236,3.6355183124542236,625,0.0,0.0
2002-09-09 00:00:00-04:00,3.612935138916216,3.612935138916216,3.500030755996704,3.500030755996704,2625,0.0,0.0
2002-09-10 00:00:00-04:00,3.5226142321692886,3.545195341110229,3.5226142321692886,3.5451953411102295,500,0.0,0.0
2002-09-11 00:00:00-04:00,3.5903575609290033,3.612938404083252,3.5903575609290033,3.612938404083252,500,0.0,0.0
2002-09-12 00:00:00-04:00,3.631002198821557,3.6355183124542236,3.631002198821557,3.6355183124542236,16125,0.0,0.0
2002-09-13 00:00:00-04:00,3.6355183124542236,3.6355183124542236,3.6355183124542236,3.6355183124542236,0,0.0,0.0
2002-09-16 00:00:00-04:00,3.658097496935897,3.658097496935897,3.612935842645343,3.6445488929748535,750,0.0,0.0
2002-09-17 00:00:00-04:00,3.6129370128286644,3.6400339603424072,3.6129370128286644,3.6400339603424072,375,0.0,0.0
2002-09-18 00:00:00-04:00,3.6400339603424072,3.6400339603424072,3.6400339603424072,3.6400339603424072,0,0.0,0.0
2002-09-19 00:00:00-04:00,3.6129358511723173,3.6580975055694585,3.6129358511723173,3.658097505569458,375,0.0,0.0
2002-09-20 00:00:00-04:00,3.640032789973663,3.6580975055694585,3.640032789973663,3.658097505569458,1875,0.0,0.0
2002-09-23 00:00:00-04:00,3.626485043659507,3.626485043659507,3.5226131063060575,3.59035587310791,4625,0.0,0.0
2002-09-24 00:00:00-04:00,3.545195341110229,3.545195341110229,3.545195341110229,3.5451953411102295,750,0.0,0.0
2002-09-25 00:00:00-04:00,3.5045502185821533,3.5045502185821533,3.5045502185821533,3.5045502185821533,875,0.0,0.0
2002-09-26 00:00:00-04:00,3.5045487541832303,3.5045487541832303,3.423257647082613,3.468419313430786,4625,0.0,0.0
2002-09-27 00:00:00-04:00,3.513580560684204,3.513580560684204,3.477451124241226,3.513580560684204,1375,0.0,0.0
2002-09-30 00:00:00-04:00,3.522613066210853,3.540677785873413,3.5180969535914013,3.540677785873413,2250,0.0,0.0
2002-10-01 00:00:00-04:00,3.4955155849456783,3.4955155849456783,3.4955155849456783,3.4955155849456787,625,0.0,0.0
2002-10-02 00:00:00-04:00,3.540677785873413,3.540677785873413,3.540677785873413,3.540677785873413,750,0.0,0.0
2002-10-03 00:00:00-04:00,3.4955165230387335,3.5406781927930537,3.477451801300049,3.477451801300049,4125,0.0,0.0
2002-10-04 00:00:00-04:00,3.47745219065912,3.47745219065912,3.3916449546813965,3.3916449546813965,2250,0.0,0.0
2002-10-07 00:00:00-04:00,3.387128675495439,3.387128675495439,3.251643657684326,3.251643657684326,3750,0.0,0.0
2002-10-08 00:00:00-04:00,3.274223566055298,3.274223566055298,3.274223566055298,3.274223566055298,625,0.0,0.0
2002-10-09 00:00:00-04:00,3.2516419821412166,3.2516419821412166,3.2290608882904057,3.2290608882904053,625,0.0,0.0
2002-10-10 00:00:00-04:00,3.2064805030822754,3.2064805030822754,3.2064805030822754,3.2064805030822754,750,0.0,0.0
2002-10-11 00:00:00-04:00,3.2064805030822754,3.2064805030822754,3.2064805030822754,3.2064805030822754,250,0.0,0.0
2002-10-14 00:00:00-04:00,3.251643657684326,3.251643657684326,3.251643657684326,3.251643657684326,750,0.0,0.0
2002-10-15 00:00:00-04:00,3.2516430030081764,3.2968046665191655,3.2516430030081764,3.296804666519165,2250,0.0,0.0
2002-10-16 00:00:00-04:00,3.2968046665191655,3.2968046665191655,3.2968046665191655,3.296804666519165,625,0.0,0.0
2002-10-17 00:00:00-04:00,3.3419660426974973,3.432289361953735,3.3419660426974973,3.4322893619537354,2500,0.0,0.0
2002-10-18 00:00:00-04:00,3.387128325039087,3.387128325039087,3.3645474910736084,3.3645474910736084,1625,0.0,0.0
2002-10-21 00:00:00-04:00,3.3193843502446754,3.364545998136224,3.3193843502446754,3.3239004611968994,2250,0.0,0.0
2002-10-22 00:00:00-04:00,3.2787406074095884,3.2787406074095884,3.251643657684326,3.251643657684326,3375,0.0,0.0
2002-10-23 00:00:00-04:00,3.251642336421563,3.310352325439453,3.251642336421563,3.310352325439453,1625,0.0,0.0
2002-10-24 00:00:00-04:00,3.310352325439453,3.310352325439453,3.310352325439453,3.310352325439453,1000,0.0,0.0
2002-10-25 00:00:00-04:00,3.296804395957633,3.296804395957633,3.274223566055298,3.274223566055298,500,0.0,0.0
2002-10-28 00:00:00-05:00,3.278740406036377,3.278740406036377,3.278740406036377,3.278740406036377,125,0.0,0.0
2002-10-29 00:00:00-05:00,3.2742233942917744,3.319385051727295,3.2742233942917744,3.319385051727295,500,0.0,0.0
2002-10-30 00:00:00-05:00,3.2968046665191655,3.2968046665191655,3.2968046665191655,3.296804666519165,250,0.0,0.0
2002-10-31 00:00:00-05:00,3.296804395957633,3.296804395957633,3.274223566055298,3.274223566055298,500,0.0,0.0
2002-11-01 00:00:00-05:00,3.2742238347636707,3.2968046665191655,3.2561591155223257,3.296804666519165,2000,0.0,0.0
2002-11-04 00:00:00-05:00,3.287772317171763,3.287772317171763,3.215513706207275,3.2155137062072754,2750,0.0,0.0
2002-11-05 00:00:00-05:00,3.197449489049,3.251643657684326,3.197449489049,3.251643657684326,6875,0.0,0.0
2002-11-06 00:00:00-05:00,3.2561584480099097,3.310352325439453,3.2561584480099097,3.310352325439453,750,0.0,0.0
2002-11-07 00:00:00-05:00,3.2968046665191655,3.2968046665191655,3.2968046665191655,3.296804666519165,125,0.0,0.0
2002-11-08 00:00:00-05:00,3.2968046665191655,3.2968046665191655,3.2968046665191655,3.296804666519165,0,0.0,0.0
2002-11-11 00:00:00-05:00,3.2968046665191655,3.2968046665191655,3.2968046665191655,3.296804666519165,0,0.0,0.0
2002-11-12 00:00:00-05:00,3.323901277427078,3.323901277427078,3.2064807487270843,3.220029354095459,3500,0.0,0.0
2002-11-13 00:00:00-05:00,3.2246029986723572,3.3160812854766846,3.2246029986723572,3.3160812854766846,1875,0.072,0.0
2002-11-14 00:00:00-05:00,3.352673292160034,3.352673292160034,3.352673292160034,3.352673292160034,625,0.0,0.0
2002-11-15 00:00:00-05:00,3.3526723275724284,3.3526723275724284,3.3160812854766846,3.3160812854766846,750,0.0,0.0
2002-11-18 00:00:00-05:00,3.293213918462307,3.293213918462307,3.2017355723098,3.2520487308502197,4375,0.0,0.0
2002-11-19 00:00:00-05:00,3.2566216007528914,3.3892648220062256,3.2566216007528914,3.3892648220062256,4000,0.0,0.0
2002-11-20 00:00:00-05:00,3.425855575021134,3.7048637866973877,3.425855575021134,3.7048637866973877,9875,0.0,0.0
2002-11-21 00:00:00-05:00,3.732306515537291,3.819210684636714,3.732306515537291,3.7963411808013916,4000,0.0,0.0
2002-11-22 00:00:00-05:00,3.773470640182495,3.773470640182495,3.773470640182495,3.773470640182495,2500,0.0,0.0
2002-11-25 00:00:00-05:00,3.8100631320922838,3.9564281255897615,3.8100631320922838,3.878671646118164,19000,0.0,0.0
2002-11-26 00:00:00-05:00,3.842081972068702,3.842081972068702,3.750603914260864,3.7506039142608643,4500,0.0,0.0
2002-11-27 00:00:00-05:00,3.7734733224232335,3.860377529418022,3.7734733224232335,3.8283603191375732,17750,0.0,0.0
2002-11-29 00:00:00-05:00,3.796341393411413,3.8649501813857325,3.796341393411413,3.832932710647583,2375,0.0,0.0
2002-12-02 00:00:00-05:00,3.8192117978635234,3.842081308364868,3.796342287362178,3.842081308364868,875,0.0,0.0
2002-12-03 00:00:00-05:00,3.846655428565993,3.8832464817925034,3.842081308364868,3.842081308364868,3375,0.0,0.0
2002-12-04 00:00:00-05:00,3.842081308364868,3.842081308364868,3.842081308364868,3.842081308364868,250,0.0,0.0
2002-12-05 00:00:00-05:00,3.887819468768672,3.887819468768672,3.7963411808013916,3.7963411808013916,5750,0.0,0.0
2002-12-06 00:00:00-05:00,3.800913982719462,3.8649489030155766,3.773470640182495,3.773470640182495,7000,0.0,0.0
2002-12-09 00:00:00-05:00,3.750603601442236,3.750603601442236,3.7277340888977055,3.727734088897705,1250,0.0,0.0
2002-12-10 00:00:00-05:00,3.7734734287128235,3.842081972068702,3.750603914260864,3.7506039142608643,1875,0.0,0.0
2002-12-11 00:00:00-05:00,3.750602173130747,3.8649499649333494,3.750602173130747,3.7963411808013916,5250,0.0,0.0
2002-12-12 00:00:00-05:00,3.750602173130747,3.7963411808013916,3.750602173130747,3.7963411808013916,500,0.0,0.0
2002-12-13 00:00:00-05:00,3.796342749964051,3.819212263252152,3.77804708480835,3.7780470848083496,3000,0.0,0.0
2002-12-16 00:00:00-05:00,3.7963413627193323,3.7963413627193323,3.7323066943867365,3.7368805408477783,5250,0.0,0.0
2002-12-17 00:00:00-05:00,3.704863251609496,3.704863251609496,3.6591242428752793,3.677419900894165,2875,0.0,0.0
2002-12-18 00:00:00-05:00,3.7048621475271206,3.773470640182495,3.7048621475271206,3.773470640182495,55625,0.0,0.0
2002-12-19 00:00:00-05:00,3.750602173130747,3.7963411808013916,3.686567507866646,3.7963411808013916,3500,0.0,0.0
2002-12-20 00:00:00-05:00,3.7963411808013916,3.7963411808013916,3.7963411808013916,3.7963411808013916,4250,0.0,0.0
2002-12-23 00:00:00-05:00,3.7963411808013916,3.7963411808013916,3.7963411808013916,3.7963411808013916,6250,0.0,0.0
2002-12-24 00:00:00-05:00,3.796342943164783,3.796342943164783,3.750603914260864,3.7506039142608643,13375,0.0,0.0
2002-12-26 00:00:00-05:00,3.7551758548177823,3.78261947631836,3.7551758548177823,3.7826194763183594,500,0.0,0.0
2002-12-27 00:00:00-05:00,3.773471676966069,3.7963411808013916,3.773471676966069,3.7963411808013916,1125,0.0,0.0
2002-12-30 00:00:00-05:00,3.8329329485551993,4.00216746049425,3.8329329485551993,3.933558940887451,9250,0.0,0.0
2002-12-31 00:00:00-05:00,3.9106908715445625,3.9335603864847895,3.869525690126929,3.901542901992798,2625,0.0,0.0
2003-01-02 00:00:00-05:00,3.901542901992798,3.901542901992798,3.901542901992798,3.901542901992798,0,0.0,0.0
2003-01-03 00:00:00-05:00,3.901542901992798,3.901542901992798,3.901542901992798,3.901542901992798,0,0.0,0.0
2003-01-06 00:00:00-05:00,3.933558940887451,3.9792979539586506,3.933558940887451,3.933558940887451,7250,0.0,0.0
2003-01-07 00:00:00-05:00,3.9792996861953003,4.025038719177246,3.9792996861953003,4.025038719177246,2500,0.0,0.0
2003-01-08 00:00:00-05:00,4.029611789007863,4.0662031173706055,4.025037941119042,4.0662031173706055,2750,0.0,0.0
2003-01-09 00:00:00-05:00,4.038758779490076,4.038758779490076,3.9930197664246703,4.03418493270874,5000,0.0,0.0
2003-01-10 00:00:00-05:00,4.0250378169554155,4.034185785076951,4.015890121459961,4.015890121459961,11750,0.0,0.0
2003-01-13 00:00:00-05:00,4.061629587680052,4.162255612247846,4.061629587680052,4.153107643127441,22625,0.0,0.0
2003-01-14 00:00:00-05:00,4.162255260428091,4.3177679960689686,4.162255260428091,4.299472332000732,17875,0.0,0.0
2003-01-15 00:00:00-05:00,4.345210733977744,4.413819259944908,4.345210733977744,4.386375904083252,12500,0.0,0.0
2003-01-16 00:00:00-05:00,4.386375156278206,4.386375156278206,4.299470983676993,4.322340488433838,17750,0.0,0.0
2003-01-17 00:00:00-05:00,4.322341069404276,4.340636730194092,4.30404540861446,4.340636730194092,6000,0.0,0.0
2003-01-21 00:00:00-05:00,4.322341044516497,4.345210552215576,4.3086192308466345,4.345210552215576,4250,0.0,0.0
2003-01-22 00:00:00-05:00,4.345210552215576,4.345210552215576,4.322341044516497,4.345210552215576,4500,0.0,0.0
2003-01-23 00:00:00-05:00,4.345210552215576,4.345210552215576,4.345210552215576,4.345210552215576,6125,0.0,0.0
2003-01-24 00:00:00-05:00,4.345209993190683,4.345209993190683,4.322340488433838,4.322340488433838,19875,0.0,0.0
2003-01-27 00:00:00-05:00,4.322340488433838,4.322340488433838,4.322340488433838,4.322340488433838,6500,0.0,0.0
2003-01-28 00:00:00-05:00,4.345210552215576,4.345210552215576,4.345210552215576,4.345210552215576,750,0.0,0.0
2003-01-29 00:00:00-05:00,4.340636730194092,4.340636730194092,4.340636730194092,4.340636730194092,625,0.0,0.0
2003-01-30 00:00:00-05:00,4.322341044516497,4.345210552215576,4.322341044516497,4.345210552215576,1375,0.0,0.0
2003-01-31 00:00:00-05:00,4.345210552215576,4.345210552215576,4.345210552215576,4.345210552215576,1250,0.0,0.0
2003-02-03 00:00:00-05:00,4.345210552215576,4.345210552215576,4.345210552215576,4.345210552215576,250,0.0,0.0
2003-02-04 00:00:00-05:00,4.345210552215576,4.345210552215576,4.345210552215576,4.345210552215576,0,0.0,0.0
2003-02-05 00:00:00-05:00,4.345210156705549,4.368079662322998,4.345210156705549,4.368079662322998,625,0.0,0.0
2003-02-06 00:00:00-05:00,4.345208676105321,4.345208676105321,4.230861186981201,4.230861186981201,6500,0.0,0.0
2003-02-07 00:00:00-05:00,4.230862798476269,4.230862798476269,3.933558940887451,3.933558940887451,13750,0.0,0.0
2003-02-10 00:00:00-05:00,3.8923934240829556,3.8923934240829556,3.846654415130615,3.8466544151306152,5500,0.0,0.0
2003-02-11 00:00:00-05:00,3.842080933586282,4.230863119437245,3.842080933586282,4.22628927230835,19250,0.0,0.0
2003-02-12 00:00:00-05:00,4.254004290683104,4.272479916715893,4.2031965255737305,4.2031965255737305,6375,0.072,0.0
2003-02-13 00:00:00-05:00,4.226288810812556,4.226288810812556,4.069246208136616,4.087721824645996,12250,0.0,0.0
2003-02-14 00:00:00-05:00,4.08772005360375,4.133908937211651,4.08772005360375,4.1292901039123535,6750,0.0,0.0
2003-02-18 00:00:00-05:00,4.175481448810245,4.272478381808869,4.175481448810245,4.249383926391602,6000,0.0,0.0
2003-02-19 00:00:00-05:00,4.263240202720685,4.387950420379639,4.263240202720685,4.387950420379639,5500,0.0,0.0
2003-02-20 00:00:00-05:00,4.383330094376271,4.4803269891257,4.383330094376271,4.43413782119751,6375,0.0,0.0
2003-02-21 00:00:00-05:00,4.480329195008151,4.480329195008151,4.383332252502441,4.383332252502441,6000,0.0,0.0
2003-02-24 00:00:00-05:00,4.346380623570352,4.364856243133545,4.346380623570352,4.364856243133545,3875,0.0,0.0
2003-02-25 00:00:00-05:00,4.3787124526301655,4.3787124526301655,4.355618000030518,4.355618000030518,5750,0.0,0.0
2003-02-26 00:00:00-05:00,4.355618000030518,4.355618000030518,4.355618000030518,4.355618000030518,0,0.0,0.0
2003-02-27 00:00:00-05:00,4.387949670572997,4.411044120788574,4.383330835591394,4.411044120788574,4125,0.0,0.0
2003-02-28 00:00:00-05:00,4.4341385710041505,4.457233021219727,4.411044120788574,4.411044120788574,3875,0.0,0.0
2003-03-03 00:00:00-05:00,4.411043374887172,4.4387569307055905,4.411043374887172,4.43413782119751,6625,0.0,0.0
2003-03-04 00:00:00-05:00,4.392568588256836,4.392568588256836,4.392568588256836,4.392568588256836,2500,0.0,0.0
2003-03-05 00:00:00-05:00,4.341760980808973,4.341760980808973,4.272477626800537,4.272477626800537,9500,0.0,0.0
2003-03-06 00:00:00-05:00,4.281716171993962,4.318667411804199,4.27709733584459,4.318667411804199,10750,0.0,0.0
2003-03-07 00:00:00-05:00,4.314047351039002,4.341760635375977,4.314047351039002,4.341760635375977,2750,0.0,0.0
2003-03-10 00:00:00-05:00,4.337141800537739,4.341760635375977,4.314047351039002,4.341760635375977,7500,0.0,0.0
2003-03-11 00:00:00-05:00,4.34176178750646,4.387950698760631,4.34176178750646,4.364856243133545,7500,0.0,0.0
2003-03-12 00:00:00-05:00,4.369474055339023,4.411044120788574,4.369474055339023,4.411044120788574,6000,0.0,0.0
2003-03-13 00:00:00-05:00,4.40642558270558,4.434138869770042,4.40642558270558,4.420282363891602,12250,0.0,0.0
2003-03-14 00:00:00-05:00,4.420282363891602,4.420282363891602,4.420282363891602,4.420282363891602,0,0.0,0.0
2003-03-17 00:00:00-05:00,4.457233555842703,4.521898079264018,4.457233555842703,4.503422737121582,5875,0.0,0.0
2003-03-18 00:00:00-05:00,4.4895661442351535,4.526517380691008,4.4895661442351535,4.52189826965332,8250,0.0,0.0
2003-03-19 00:00:00-05:00,4.49880313873291,4.49880313873291,4.49880313873291,4.49880313873291,625,0.0,0.0
2003-03-20 00:00:00-05:00,4.49880313873291,4.503422249075532,4.494184303697855,4.49880313873291,7250,0.0,0.0
2003-03-21 00:00:00-05:00,4.489565765167962,4.512660217176036,4.489565765167962,4.5080413818359375,4625,0.0,0.0
2003-03-24 00:00:00-05:00,4.484947024729387,4.517279148101807,4.484947024729387,4.517279148101807,2500,0.0,0.0
2003-03-25 00:00:00-05:00,4.503423886001821,4.52651834487915,4.503423886001821,4.52651834487915,4500,0.0,0.0
2003-03-26 00:00:00-05:00,4.5727045242218205,4.595798969268799,4.526515634127863,4.595798969268799,8375,0.0,0.0
2003-03-27 00:00:00-05:00,4.572707368314821,4.5773262051355,4.549612908903749,4.568088531494141,13500,0.0,0.0
2003-03-28 00:00:00-05:00,4.549611768909874,4.57270622253418,4.5357549866122495,4.57270622253418,7500,0.0,0.0
2003-03-31 00:00:00-05:00,4.618894990061766,4.71127280176457,4.618894990061766,4.669703006744385,7000,0.0,0.0
2003-04-01 00:00:00-05:00,4.6235124773336365,4.674319925559887,4.618893368124433,4.646606922149658,4875,0.0,0.0
2003-04-02 00:00:00-05:00,4.6281336890230405,4.702036175045191,4.6281336890230405,4.674322605133057,3125,0.0,0.0
2003-04-03 00:00:00-05:00,4.665085237293445,4.715893268585205,4.655847563590038,4.715893268585205,11000,0.0,0.0
2003-04-04 00:00:00-05:00,4.688178539276123,4.711272993139938,4.683559978872488,4.688178539276123,13750,0.0,0.0
2003-04-07 00:00:00-04:00,4.80364984665256,4.854457855224609,4.780555397413465,4.854457855224609,14625,0.0,0.0
2003-04-08 00:00:00-04:00,4.840600320314861,4.891408320959712,4.840600320314861,4.872932434082031,8125,0.0,0.0
2003-04-09 00:00:00-04:00,4.896028594799086,4.896028594799086,4.849839687347412,4.849839687347412,11125,0.0,0.0
2003-04-10 00:00:00-04:00,4.812890621422654,4.845222757395592,4.812890621422654,4.8221282958984375,3625,0.0,0.0
2003-04-11 00:00:00-04:00,4.82212531364711,4.840600651172573,4.803649425506592,4.803649425506592,14500,0.0,0.0
2003-04-14 00:00:00-04:00,4.8221261286325605,4.8960280418396,4.8221261286325605,4.8960280418396,16625,0.0,0.0
2003-04-15 00:00:00-04:00,4.882169659844939,4.923739433288574,4.882169659844939,4.923739433288574,1500,0.0,0.0
2003-04-16 00:00:00-04:00,4.90988440875026,4.965311527252197,4.90988440875026,4.965311527252197,6875,0.0,0.0
2003-04-17 00:00:00-04:00,5.011501684381663,5.011501684381663,4.997644901275635,4.997644901275635,1625,0.0,0.0
2003-04-21 00:00:00-04:00,4.946836671642389,4.99302557963935,4.946836671642389,4.969931125640869,9500,0.0,0.0
2003-04-22 00:00:00-04:00,4.9884077254551125,5.057691097259522,4.9884077254551125,5.0576910972595215,250,0.0,0.0
2003-04-23 00:00:00-04:00,5.062309658343973,5.062309658343973,5.057691097259522,5.0576910972595215,875,0.0,0.0
2003-04-24 00:00:00-04:00,5.076165686656799,5.103879251496328,5.076165686656799,5.080784797668457,2375,0.0,0.0
2003-04-25 00:00:00-04:00,5.113118273429527,5.1269750595092765,5.080786139653681,5.126975059509277,6000,0.0,0.0
2003-04-28 00:00:00-04:00,5.103879664189349,5.182400703430176,5.103879664189349,5.182400703430176,3625,0.0,0.0
2003-04-29 00:00:00-04:00,5.136210907464636,5.136210907464636,5.131591796875,5.131591796875,1625,0.0,0.0
2003-04-30 00:00:00-04:00,5.10387891250262,5.154686927795411,5.10387891250262,5.15468692779541,8500,0.0,0.0
2003-05-01 00:00:00-04:00,5.126973828697449,5.154687394203866,5.126973828697449,5.150068283081055,3125,0.0,0.0
2003-05-02 00:00:00-04:00,5.13159390534223,5.13159390534223,5.103880882263184,5.103880882263184,3125,0.0,0.0
2003-05-05 00:00:00-04:00,5.103879336120573,5.103879336120573,5.0854034423828125,5.0854034423828125,9500,0.0,0.0
2003-05-06 00:00:00-04:00,5.080783355305828,5.099258692877153,5.076164245605469,5.076164245605469,10750,0.0,0.0
2003-05-07 00:00:00-04:00,5.07150750559105,5.07150750559105,4.941110630120126,4.945767879486084,8875,0.072,0.0
2003-05-08 00:00:00-04:00,4.959740143743523,4.959740143743523,4.955082893371582,4.955082893371582,1875,0.0,0.0
2003-05-09 00:00:00-04:00,4.96905517578125,4.96905517578125,4.96905517578125,4.96905517578125,125,0.0,0.0
2003-05-12 00:00:00-04:00,4.941110591767552,4.941110591767552,4.936453342437744,4.936453342437744,3250,0.0,0.0
2003-05-13 00:00:00-04:00,4.931798098350999,4.931798098350999,4.894541758242484,4.89919900894165,8500,0.0,0.0
2003-05-14 00:00:00-04:00,4.889885183010221,4.889885183010221,4.820029743842839,4.866600036621094,4375,0.0,0.0
2003-05-15 00:00:00-04:00,4.866597258742256,4.866597258742256,4.824684241230666,4.829340934753418,7375,0.0,0.0
2003-05-16 00:00:00-04:00,4.820027930683086,4.820027930683086,4.745515823364258,4.745515823364258,3875,0.0,0.0
2003-05-19 00:00:00-04:00,4.759484767913818,4.759484767913818,4.754828075142035,4.759484767913818,3750,0.0,0.0
2003-05-20 00:00:00-04:00,4.7501708272089775,4.792084393122672,4.7501708272089775,4.759484767913818,3375,0.0,0.0
2003-05-21 00:00:00-04:00,4.773458726924752,4.796743869781494,4.773458726924752,4.796743869781494,375,0.0,0.0
2003-05-22 00:00:00-04:00,4.824686263274223,4.834000209384599,4.796743869781494,4.796743869781494,2625,0.0,0.0
2003-05-23 00:00:00-04:00,4.7501726150512695,4.7501726150512695,4.703602338837943,4.7501726150512695,1875,0.0,0.0
2003-05-27 00:00:00-04:00,4.796742799929016,4.796742799929016,4.773457662265729,4.787428855895996,5375,0.0,0.0
2003-05-28 00:00:00-04:00,4.768803119659424,4.768803119659424,4.768803119659424,4.768803119659424,1000,0.0,0.0
2003-05-29 00:00:00-04:00,4.83400044305852,4.83400044305852,4.764145011111509,4.773458957672119,2875,0.0,0.0
2003-05-30 00:00:00-04:00,5.1693054701599905,5.1693054701599905,5.006309509277344,5.006309509277344,24500,0.0,0.0
2003-06-02 00:00:00-04:00,4.959741177339284,4.959741177339284,4.866600036621094,4.866600036621094,7750,0.0,0.0
2003-06-03 00:00:00-04:00,4.866599445965642,4.871256696742893,4.815372463223951,4.857285499572754,10500,0.0,0.0
2003-06-04 00:00:00-04:00,4.9085128542367995,4.978368282318115,4.9085128542367995,4.978368282318115,2750,0.0,0.0
2003-06-05 00:00:00-04:00,5.02494107707458,5.034255027770996,5.02494107707458,5.034255027770996,1125,0.0,0.0
2003-06-06 00:00:00-04:00,5.0202813148498535,5.0202813148498535,5.0202813148498535,5.0202813148498535,250,0.0,0.0
2003-06-09 00:00:00-04:00,5.048224955318787,5.192593097686768,5.048224955318787,5.192593097686768,2625,0.0,0.0
2003-06-10 00:00:00-04:00,5.2158760529245685,5.332301746149369,5.2158760529245685,5.3043599128723145,5625,0.0,0.0
2003-06-11 00:00:00-04:00,5.346274012995202,5.392844299628551,5.346274012995202,5.355587959289551,8250,0.0,0.0
2003-06-12 00:00:00-04:00,5.378873609031336,5.41612995287805,5.378873609031336,5.406816005706787,6375,0.0,0.0
2003-06-13 00:00:00-04:00,5.406814708943771,5.444071043854977,5.392843513956878,5.420785903930664,9000,0.0,0.0
2003-06-16 00:00:00-04:00,5.411474117301796,5.416131369686551,5.402160167694092,5.402160167694092,2000,0.0,0.0
2003-06-17 00:00:00-04:00,5.402160167694092,5.402160167694092,5.402160167694092,5.402160167694092,0,0.0,0.0
2003-06-18 00:00:00-04:00,5.388187926200257,5.448729419713241,5.388187926200257,5.444072723388672,3125,0.0,0.0
2003-06-19 00:00:00-04:00,5.448728561401367,5.448728561401367,5.448728561401367,5.448728561401367,375,0.0,0.0
2003-06-20 00:00:00-04:00,5.448728561401367,5.448728561401367,5.448728561401367,5.448728561401367,375,0.0,0.0
2003-06-23 00:00:00-04:00,5.448730230287446,5.472015380859376,5.448730230287446,5.472015380859375,4375,0.0,0.0
2003-06-24 00:00:00-04:00,5.425445079715518,5.472015380859376,5.4207883826982,5.472015380859375,4250,0.0,0.0
2003-06-25 00:00:00-04:00,5.472015380859376,5.472015380859376,5.472015380859376,5.472015380859375,0,0.0,0.0
2003-06-26 00:00:00-04:00,5.472013440662037,5.472013440662037,5.378872871398926,5.378872871398926,2125,0.0,0.0
2003-06-27 00:00:00-04:00,5.425442280218929,5.481327056884766,5.378872003105063,5.481327056884766,12125,0.0,0.0
2003-06-30 00:00:00-04:00,5.434757884654698,5.58843994140625,5.425443383209095,5.58843994140625,2625,0.0,0.0
2003-07-01 00:00:00-04:00,5.583781234769256,5.583781234769256,5.5372109603303965,5.541868209838867,3250,0.0,0.0
2003-07-02 00:00:00-04:00,5.541867793237504,5.635008335113526,5.541867793237504,5.635008335113525,875,0.0,0.0
2003-07-03 00:00:00-04:00,5.593094230973685,5.593094230973685,5.565152404141497,5.583780288696289,4125,0.0,0.0
2003-07-07 00:00:00-04:00,5.513928769258117,5.7514375178641775,5.513928769258117,5.686238765716553,3500,0.0,0.0
2003-07-08 00:00:00-04:00,5.686238765716554,5.686238765716554,5.686238765716554,5.686238765716553,0,0.0,0.0
2003-07-09 00:00:00-04:00,5.686238765716554,5.686238765716554,5.686238765716554,5.686238765716553,0,0.0,0.0
2003-07-10 00:00:00-04:00,5.742121744690416,5.742121744690416,5.565154552459717,5.565154552459717,875,0.0,0.0
2003-07-11 00:00:00-04:00,5.621038913726807,5.621038913726807,5.621038913726807,5.621038913726807,4250,0.0,0.0
2003-07-14 00:00:00-04:00,5.5418685145535695,5.583781541788508,5.495297682392592,5.518582820892334,3375,0.0,0.0
2003-07-15 00:00:00-04:00,5.518582820892334,5.518582820892334,5.518582820892334,5.518582820892334,0,0.0,0.0
2003-07-16 00:00:00-04:00,5.5418673542235055,5.65829302234556,5.523238914227151,5.5465240478515625,4375,0.0,0.0
2003-07-17 00:00:00-04:00,5.55583906173706,5.560496311424664,5.55583906173706,5.5558390617370605,2000,0.0,0.0
2003-07-18 00:00:00-04:00,5.518582820892334,5.518582820892334,5.518582820892334,5.518582820892334,125,0.0,0.0
2003-07-21 00:00:00-04:00,5.476672172546387,5.476672172546387,5.476672172546387,5.476672172546387,125,0.0,0.0
2003-07-22 00:00:00-04:00,5.448728561401367,5.448728561401367,5.448728561401367,5.448728561401367,375,0.0,0.0
2003-07-23 00:00:00-04:00,5.4953002007333955,5.5372138023376465,5.4953002007333955,5.5372138023376465,1750,0.0,0.0
2003-07-24 00:00:00-04:00,5.495299339294434,5.495299339294434,5.495299339294434,5.495299339294434,750,0.0,0.0
2003-07-25 00:00:00-04:00,5.5232415199279785,5.5232415199279785,5.5232415199279785,5.5232415199279785,500,0.0,0.0
2003-07-28 00:00:00-04:00,5.495299339294434,5.495299339294434,5.495299339294434,5.495299339294434,500,0.0,0.0
2003-07-29 00:00:00-04:00,5.537212404101863,5.625695726542232,5.537212404101863,5.58843994140625,3500,0.0,0.0
2003-07-30 00:00:00-04:00,5.555840051425272,5.565154552459717,5.555840051425272,5.565154552459717,3625,0.0,0.0
2003-07-31 00:00:00-04:00,5.588439694722662,5.593096390078301,5.565154552459717,5.565154552459717,2875,0.0,0.0
2003-08-01 00:00:00-04:00,5.565154798115457,5.58843994140625,5.565154798115457,5.58843994140625,2000,0.0,0.0
2003-08-04 00:00:00-04:00,5.75143429836904,5.77006218560569,5.690892832107755,5.704864025115967,9500,0.0,0.0
2003-08-05 00:00:00-04:00,5.728149890899658,5.728149890899658,5.728149890899658,5.728149890899658,375,0.0,0.0
2003-08-06 00:00:00-04:00,5.7750640028693345,5.779755582172671,5.695311069488525,5.695311069488525,9500,0.072,0.0
2003-08-07 00:00:00-04:00,5.700000286102295,5.700000286102295,5.700000286102295,5.700000286102295,1500,0.0,0.0
2003-08-08 00:00:00-04:00,5.676543517816008,5.700000286102295,5.676543517816008,5.700000286102295,2000,0.0,0.0
2003-08-11 00:00:00-04:00,5.700000286102295,5.700000286102295,5.700000286102295,5.700000286102295,0,0.0,0.0
2003-08-12 00:00:00-04:00,5.6765435364977535,5.695308727487151,5.653086768134269,5.657777786254883,2625,0.0,0.0
2003-08-13 00:00:00-04:00,5.653085912311045,5.676542677123399,5.587406635284424,5.587406635284424,5875,0.0,0.0
2003-08-14 00:00:00-04:00,5.629631593122555,5.676545143127441,5.629631593122555,5.676545143127441,3125,0.0,0.0
2003-08-15 00:00:00-04:00,5.676545143127441,5.676545143127441,5.676545143127441,5.676545143127441,0,0.0,0.0
2003-08-18 00:00:00-04:00,5.6906209628422815,5.700003563701257,5.653090000152588,5.653090000152588,3625,0.0,0.0
2003-08-19 00:00:00-04:00,5.676546238086806,5.695311438006962,5.606175899505614,5.606175899505615,4875,0.0,0.0
2003-08-20 00:00:00-04:00,5.559263176388178,5.559263176388178,5.512349605560303,5.512349605560303,5375,0.0,0.0
2003-08-21 00:00:00-04:00,5.512349339518663,5.512349339518663,5.488892555236816,5.488892555236816,5000,0.0,0.0
2003-08-22 00:00:00-04:00,5.465434074401855,5.465434074401855,5.465434074401855,5.4654340744018555,125,0.0,0.0
2003-08-25 00:00:00-04:00,5.423211680766173,5.423211680766173,5.324693001269371,5.34814977645874,6125,0.0,0.0
2003-08-26 00:00:00-04:00,5.390373602826502,5.418521404266357,5.390373602826502,5.418521404266357,1125,0.0,0.0
2003-08-27 00:00:00-04:00,5.441979885101318,5.441979885101318,5.441979885101318,5.441979885101318,125,0.0,0.0
2003-08-28 00:00:00-04:00,5.437288227788028,5.512349605560303,5.437288227788028,5.512349605560303,875,0.0,0.0
2003-08-29 00:00:00-04:00,5.512349605560303,5.512349605560303,5.512349605560303,5.512349605560303,125,0.0,0.0
2003-09-02 00:00:00-04:00,5.535803965560328,5.554569721221924,5.535803965560328,5.554569721221924,875,0.0,0.0
2003-09-03 00:00:00-04:00,5.601483398907126,5.601483398907126,5.563952445983887,5.563952445983887,1375,0.0,0.0
2003-09-04 00:00:00-04:00,5.563952445983887,5.563952445983887,5.563952445983887,5.563952445983887,0,0.0,0.0
2003-09-05 00:00:00-04:00,5.535804069606683,5.559260845184326,5.535804069606683,5.559260845184326,375,0.0,0.0
2003-09-08 00:00:00-04:00,5.53580331465965,5.582717418670654,5.53580331465965,5.582717418670654,1875,0.0,0.0
2003-09-09 00:00:00-04:00,5.606174191049373,5.606174191049373,5.582717418670654,5.582717418670654,750,0.0,0.0
2003-09-10 00:00:00-04:00,5.582717418670654,5.582717418670654,5.582717418670654,5.582717418670654,0,0.0,0.0
2003-09-11 00:00:00-04:00,5.606175899505614,5.606175899505614,5.606175899505614,5.606175899505615,125,0.0,0.0
2003-09-12 00:00:00-04:00,5.601484005135243,5.606175584478517,5.573335647583008,5.573335647583008,750,0.0,0.0
2003-09-15 00:00:00-04:00,5.526418865109313,5.54518461227417,5.526418865109313,5.54518461227417,500,0.0,0.0
2003-09-16 00:00:00-04:00,5.54518461227417,5.54518461227417,5.54518461227417,5.54518461227417,0,0.0,0.0
2003-09-17 00:00:00-04:00,5.568645395564526,5.568645395564526,5.517040252685547,5.517040252685547,1500,0.0,0.0
2003-09-18 00:00:00-04:00,5.5170381204581025,5.582717418670654,5.4888897699022134,5.582717418670654,3500,0.0,0.0
2003-09-19 00:00:00-04:00,5.559261526989612,5.559261526989612,5.512347970080699,5.535804748535156,3250,0.0,0.0
2003-09-22 00:00:00-04:00,5.535804748535156,5.535804748535156,5.535804748535156,5.535804748535156,375,0.0,0.0
2003-09-23 00:00:00-04:00,5.517039445913523,5.531113624572754,5.517039445913523,5.531113624572754,750,0.0,0.0
2003-09-24 00:00:00-04:00,5.517040252685547,5.517040252685547,5.517040252685547,5.517040252685547,125,0.0,0.0
2003-09-25 00:00:00-04:00,5.554569825620984,5.563952424001313,5.554569825620984,5.559260845184326,875,0.0,0.0
2003-09-26 00:00:00-04:00,5.582719926303181,5.615559310533388,5.582719926303181,5.592102527618408,1875,0.0,0.0
2003-09-29 00:00:00-04:00,5.58271891565482,5.629632472991943,5.58271891565482,5.629632472991943,1000,0.0,0.0
2003-09-30 00:00:00-04:00,5.629632472991943,5.629632472991943,5.629632472991943,5.629632472991943,2125,0.0,0.0
2003-10-01 00:00:00-04:00,5.6296315492199955,5.676545098859027,5.6296315492199955,5.66716194152832,7500,0.0,0.0
2003-10-02 00:00:00-04:00,5.653086749529722,5.700000286102295,5.653086749529722,5.700000286102295,2875,0.0,0.0
2003-10-03 00:00:00-04:00,5.535805801219404,5.592102527618408,5.535805801219404,5.592102527618408,9750,0.0,0.0
2003-10-06 00:00:00-04:00,5.629631224181424,5.6812357902526855,5.629631224181424,5.6812357902526855,3375,0.0,0.0
2003-10-07 00:00:00-04:00,5.685928558475493,5.7469162940979,5.685928558475493,5.7469162940979,3250,0.0,0.0
2003-10-08 00:00:00-04:00,5.723458195545193,5.751605987548828,5.723458195545193,5.751605987548828,1750,0.0,0.0
2003-10-09 00:00:00-04:00,5.751604990834461,5.789135932922363,5.751604990834461,5.789135932922363,1375,0.0,0.0
2003-10-10 00:00:00-04:00,5.79382848739624,5.79382848739624,5.79382848739624,5.79382848739624,125,0.0,0.0
2003-10-13 00:00:00-04:00,5.784447523959656,5.789138544303255,5.770373344421387,5.770373344421387,1875,0.0,0.0
2003-10-14 00:00:00-04:00,5.770371714542554,5.79382848739624,5.770371714542554,5.79382848739624,1750,0.0,0.0
2003-10-15 00:00:00-04:00,5.793828311411268,5.864198627834859,5.793828311411268,5.821976661682129,4125,0.0,0.0
2003-10-16 00:00:00-04:00,5.831360134589633,5.934569835662841,5.831360134589633,5.934569835662842,3625,0.0,0.0
2003-10-17 00:00:00-04:00,5.911112508491885,5.9345692819679,5.887655735015869,5.887655735015869,2375,0.0,0.0
2003-10-20 00:00:00-04:00,5.840741934839653,5.868890285491943,5.840741934839653,5.868890285491943,2750,0.0,0.0
2003-10-21 00:00:00-04:00,5.8219754904580965,5.84074068069458,5.8219754904580965,5.84074068069458,2875,0.0,0.0
2003-10-22 00:00:00-04:00,5.821978838442871,5.859509240498057,5.821978838442871,5.845435619354248,1750,0.0,0.0
2003-10-23 00:00:00-04:00,5.817282644205754,5.854813575744629,5.807900051134367,5.854813575744629,1625,0.0,0.0
2003-10-24 00:00:00-04:00,5.850123405456543,5.850123405456543,5.850123405456543,5.850123405456543,625,0.0,0.0
2003-10-27 00:00:00-05:00,5.859507582972901,5.864199161529541,5.859507582972901,5.864199161529541,7125,0.0,0.0
2003-10-28 00:00:00-05:00,6.09876620761163,6.216050624847411,6.056544242439445,6.216050624847412,14750,0.0,0.0
2003-10-29 00:00:00-05:00,6.216052451811322,6.661731243133545,6.216052451811322,6.661731243133545,11500,0.0,0.0
2003-10-30 00:00:00-05:00,6.680496251657674,7.0088911136675565,6.680496251657674,6.8493852615356445,16375,0.0,0.0
2003-10-31 00:00:00-05:00,6.807162761688232,6.811854340583489,6.802471742046629,6.807162761688232,2750,0.0,0.0
2003-11-03 00:00:00-05:00,6.80716278357745,6.811854362487792,6.80716278357745,6.811854362487793,750,0.0,0.0
2003-11-04 00:00:00-05:00,6.811854308312357,6.854076281155025,6.811854308312357,6.8493852615356445,1625,0.0,0.0
2003-11-05 00:00:00-05:00,6.872841507466082,6.96666860366298,6.854075752674538,6.886915683746338,13375,0.0,0.0
2003-11-06 00:00:00-05:00,6.8400013284331065,6.868149679973196,6.821236133575439,6.8212361335754395,875,0.0,0.0
2003-11-07 00:00:00-05:00,6.863460328385113,6.863460328385113,6.8024725914001465,6.8024725914001465,4875,0.0,0.0
2003-11-10 00:00:00-05:00,6.835309773138375,6.882223315855922,6.779013633728027,6.779013633728027,3000,0.0,0.0
2003-11-11 00:00:00-05:00,6.816547393798828,6.816547393798828,6.816547393798828,6.816547393798828,1375,0.0,0.0
2003-11-12 00:00:00-05:00,6.811822706753058,6.811822706753058,6.77875518798828,6.778755187988281,250,0.08,0.0
2003-11-13 00:00:00-05:00,6.7834780839848525,6.8023738861083975,6.755134662364163,6.802373886108398,1000,0.0,0.0
2003-11-14 00:00:00-05:00,6.764583110809326,6.764583110809326,6.764583110809326,6.764583110809326,500,0.0,0.0
2003-11-17 00:00:00-05:00,6.802375085589987,6.849613754534694,6.77875518798828,6.778755187988281,3875,0.0,0.0
2003-11-18 00:00:00-05:00,6.755135853515927,6.77875518798828,6.736240611189786,6.778755187988281,625,0.0,0.0
2003-11-19 00:00:00-05:00,6.77875518798828,6.77875518798828,6.77875518798828,6.778755187988281,0,0.0,0.0
2003-11-20 00:00:00-05:00,6.7929253578186035,6.7929253578186035,6.7929253578186035,6.7929253578186035,375,0.0,0.0
2003-11-21 00:00:00-05:00,6.821269035339355,6.821269035339355,6.821269035339355,6.8212690353393555,1250,0.0,0.0
2003-11-24 00:00:00-05:00,6.868508591503149,7.062187347997879,6.868508591503149,6.896852016448975,18000,0.0,0.0
2003-11-25 00:00:00-05:00,6.920470099154455,7.014947414398193,6.920470099154455,7.014947414398193,3625,0.0,0.0
2003-11-26 00:00:00-05:00,7.014947414398193,7.014947414398193,7.014947414398193,7.014947414398193,125,0.0,0.0
2003-11-28 00:00:00-05:00,7.0196714948497085,7.085805958603757,7.0196714948497085,7.081081867218018,2125,0.0,0.0
2003-12-01 00:00:00-05:00,7.085807166094382,7.085807166094382,7.03384440451333,7.038568496704102,3875,0.0,0.0
2003-12-02 00:00:00-05:00,7.038568496704102,7.081083073903611,7.038568496704102,7.038568496704102,5625,0.0,0.0
2003-12-03 00:00:00-05:00,7.062187190772972,7.085806523325552,6.967709860562654,6.991329193115234,27875,0.0,0.0
2003-12-04 00:00:00-05:00,7.0149479015904035,7.085805892944336,6.9960520993518,7.085805892944336,18000,0.0,0.0
2003-12-05 00:00:00-05:00,7.062187357730092,7.180284023284912,7.062187357730092,7.180284023284912,3625,0.0,0.0
2003-12-08 00:00:00-05:00,7.133046004876827,7.430649741728817,7.133046004876827,7.355068206787109,9250,0.0,0.0
2003-12-09 00:00:00-05:00,7.473164445972322,7.699910163794147,7.473164445972322,7.62905216217041,8375,0.0,0.0
2003-12-10 00:00:00-05:00,7.581811081963986,7.718802949595352,7.5581917556048435,7.638497352600098,8625,0.0,0.0
2003-12-11 00:00:00-05:00,7.68573845117475,7.912484169006348,7.657395588401637,7.912484169006348,6250,0.0,0.0
2003-12-12 00:00:00-05:00,7.723531029313438,7.8416277221059545,7.681016445159912,7.681016445159912,9250,0.0,0.0
2003-12-15 00:00:00-05:00,7.676290991739058,7.676290991739058,7.53457498550415,7.53457498550415,3125,0.0,0.0
2003-12-16 00:00:00-05:00,7.558188722260881,7.558188722260881,7.510950088500977,7.510950088500977,3000,0.0,0.0
2003-12-17 00:00:00-05:00,7.487336958468655,7.5062322023343375,7.44009828567505,7.440098285675049,3125,0.0,0.0
2003-12-18 00:00:00-05:00,7.435374193143929,7.44009828567505,7.435374193143929,7.440098285675049,5125,0.0,0.0
2003-12-19 00:00:00-05:00,7.416479491538668,7.435374736785889,7.416479491538668,7.435374736785889,375,0.0,0.0
2003-12-22 00:00:00-05:00,7.435374736785889,7.435374736785889,7.435374736785889,7.435374736785889,500,0.0,0.0
2003-12-23 00:00:00-05:00,7.416476726531982,7.416476726531982,7.416476726531982,7.416476726531982,125,0.0,0.0
2003-12-24 00:00:00-05:00,7.416476726531982,7.416476726531982,7.416476726531982,7.416476726531982,0,0.0,0.0
2003-12-26 00:00:00-05:00,7.416476726531982,7.416476726531982,7.416476726531982,7.416476726531982,0,0.0,0.0
2003-12-29 00:00:00-05:00,7.44009828567505,7.44009828567505,7.435374193143929,7.440098285675049,1625,0.0,0.0
2003-12-30 00:00:00-05:00,7.44009232783743,7.5581889152526855,7.44009232783743,7.5581889152526855,3500,0.0,0.0
2003-12-31 00:00:00-05:00,7.534572775082371,7.539296302693514,7.515676975250244,7.515676975250244,1625,0.0,0.0
2004-01-02 00:00:00-05:00,7.468439996721725,7.614880084991454,7.468439996721725,7.614880084991455,16125,0.0,0.0
2004-01-05 00:00:00-05:00,7.614880084991454,7.614880084991454,7.558193799029702,7.614880084991455,6625,0.0,0.0
2004-01-06 00:00:00-05:00,7.581814903076327,7.699911594390869,7.581814903076327,7.699911594390869,41375,0.0,0.0
2004-01-07 00:00:00-05:00,7.747149621653075,7.799112386728419,7.723530285369628,7.794388294219971,19000,0.0,0.0
2004-01-08 00:00:00-05:00,7.818005561828613,7.841624891862295,7.7754909930196865,7.818005561828613,9250,0.0,0.0
2004-01-09 00:00:00-05:00,7.8369018489609275,7.936102703366936,7.747148051398216,7.888864040374756,12625,0.0,0.0
2004-01-12 00:00:00-05:00,7.936102943166476,8.219535492813117,7.936102943166476,7.983342170715332,28375,0.0,0.0
2004-01-13 00:00:00-05:00,8.025858127675399,8.068372707733847,7.794388294219972,7.794388294219971,54875,0.0,0.0
2004-01-14 00:00:00-05:00,7.794386551617369,7.888863875628725,7.794386551617369,7.841625213623047,9625,0.0,0.0
2004-01-15 00:00:00-05:00,7.888863875628725,7.907759678308558,7.841625213623047,7.841625213623047,11125,0.0,0.0
2004-01-16 00:00:00-05:00,7.841626779822894,7.884141921997071,7.841626779822894,7.88414192199707,7375,0.0,0.0
2004-01-20 00:00:00-05:00,7.879416658488867,7.983342170715332,7.879416658488867,7.983342170715332,13625,0.0,0.0
2004-01-21 00:00:00-05:00,7.9975102105311535,7.9975102105311535,7.954995654332671,7.959719181060791,22250,0.0,0.0
2004-01-22 00:00:00-05:00,8.006959525701955,8.125056157588293,8.006959525701955,8.07309341430664,25750,0.0,0.0
2004-01-23 00:00:00-05:00,8.101439126449963,8.101439126449963,7.888864565700365,7.95027494430542,29875,0.0,0.0
2004-01-26 00:00:00-05:00,7.983341449182981,8.025856018066406,7.983341449182981,8.025856018066406,3125,0.0,0.0
2004-01-27 00:00:00-05:00,8.054199439408189,8.077818769483258,8.025856018066406,8.025856018066406,12250,0.0,0.0
2004-01-28 00:00:00-05:00,8.02585467214088,8.02585467214088,7.9408249855041495,7.94082498550415,3750,0.0,0.0
2004-01-29 00:00:00-05:00,7.983339067217713,7.983339067217713,7.95027156447547,7.959719181060791,1250,0.0,0.0
2004-01-30 00:00:00-05:00,7.959719181060791,7.959719181060791,7.959719181060791,7.959719181060791,0,0.0,0.0
2004-02-02 00:00:00-05:00,7.983342620347732,7.983342620347732,7.926655769348145,7.9266557693481445,5000,0.0,0.0
2004-02-03 00:00:00-05:00,7.959722034863026,7.959722034863026,7.888864040374757,7.888864040374756,9125,0.0,0.0
2004-02-04 00:00:00-05:00,7.888863875628725,7.888863875628725,7.841625213623047,7.841625213623047,1875,0.0,0.0
2004-02-05 00:00:00-05:00,7.79438870402662,7.799112796783447,7.79438870402662,7.799112796783447,2000,0.0,0.0
2004-02-06 00:00:00-05:00,7.7471488315433055,7.756596452467269,7.62905216217041,7.62905216217041,3500,0.0,0.0
2004-02-09 00:00:00-05:00,7.723530285369628,7.794388294219972,7.723530285369628,7.794388294219971,14625,0.0,0.0
2004-02-10 00:00:00-05:00,7.794383008096972,7.794383008096972,7.723525047302246,7.723525047302246,14250,0.0,0.0
2004-02-11 00:00:00-05:00,7.6997639099111,7.842351994062586,7.6997639099111,7.809081554412842,6625,0.08,0.0
2004-02-12 00:00:00-05:00,7.809081206475246,7.809081206475246,7.771057605743408,7.771057605743408,2250,0.0,0.0
2004-02-13 00:00:00-05:00,7.747293451429895,7.766304969787598,7.742540288543123,7.766304969787598,875,0.0,0.0
2004-02-17 00:00:00-05:00,7.766304789210587,7.818587313370672,7.766304789210587,7.809081554412842,4000,0.0,0.0
2004-02-18 00:00:00-05:00,7.823342319242809,7.9849419593811035,7.823342319242809,7.9849419593811035,12125,0.0,0.0
2004-02-19 00:00:00-05:00,8.003951589644549,8.032469431070853,8.003951589644549,8.00870418548584,6750,0.0,0.0
2004-02-20 00:00:00-05:00,8.037222026912143,8.037222026912143,8.00870418548584,8.00870418548584,4375,0.0,0.0
2004-02-23 00:00:00-05:00,8.00870418548584,8.00870418548584,8.00870418548584,8.00870418548584,125,0.0,0.0
2004-02-24 00:00:00-05:00,8.00870406756294,8.037221908569336,7.965927872647977,8.037221908569336,6375,0.0,0.0
2004-02-25 00:00:00-05:00,8.008706645671724,8.013459809567774,7.9849419593811035,7.9849419593811035,6000,0.0,0.0
2004-02-26 00:00:00-05:00,7.984939506495468,8.00870418548584,7.937410148514722,8.00870418548584,4125,0.0,0.0
2004-02-27 00:00:00-05:00,7.9849419593811035,7.9849419593811035,7.9849419593811035,7.9849419593811035,750,0.0,0.0
2004-03-01 00:00:00-05:00,7.984941719053797,8.032471656799316,7.984941719053797,8.032471656799316,11375,0.0,0.0
2004-03-02 00:00:00-05:00,8.051479787388795,8.222585678100586,8.051479787388795,8.222585678100586,10875,0.0,0.0
2004-03-03 00:00:00-05:00,8.179810961209334,8.198823046358113,8.175058364868164,8.175058364868164,22250,0.0,0.0
2004-03-04 00:00:00-05:00,8.179810961209334,8.179810961209334,8.175058364868164,8.175058364868164,7500,0.0,0.0
2004-03-05 00:00:00-05:00,8.175058364868164,8.194069883422243,8.175058364868164,8.175058364868164,34125,0.0,0.0
2004-03-08 00:00:00-05:00,8.175057548848393,8.175057548848393,8.127528190612793,8.127528190612793,2875,0.0,0.0
2004-03-09 00:00:00-05:00,8.127529001888266,8.175058364868164,8.127529001888266,8.175058364868164,15250,0.0,0.0
2004-03-10 00:00:00-05:00,8.175058436275163,8.175058436275163,8.151293754577637,8.151293754577637,5125,0.0,0.0
2004-03-11 00:00:00-05:00,8.156046329774776,8.170305252075195,8.127529051768642,8.170305252075195,7250,0.0,0.0
2004-03-12 00:00:00-05:00,8.170305252075195,8.170305252075195,8.170305252075195,8.170305252075195,0,0.0,0.0
2004-03-15 00:00:00-05:00,8.127531232251222,8.146542756022457,8.056237168216807,8.094260215759277,13500,0.0,0.0
2004-03-16 00:00:00-05:00,8.094260215759277,8.094260215759277,8.094260215759277,8.094260215759277,0,0.0,0.0
2004-03-17 00:00:00-05:00,8.118026300879608,8.15129732309748,8.089509010314941,8.089509010314941,11750,0.0,0.0
2004-03-18 00:00:00-05:00,8.08950769601793,8.08950769601793,8.07049560546875,8.07049560546875,375,0.0,0.0
2004-03-19 00:00:00-05:00,8.070492694667092,8.07524585723877,8.056234340141373,8.07524585723877,6375,0.0,0.0
2004-03-22 00:00:00-05:00,8.07524585723877,8.07524585723877,8.070492694667092,8.07524585723877,875,0.0,0.0
2004-03-23 00:00:00-05:00,8.032471656799316,8.032471656799316,8.032471656799316,8.032471656799316,4375,0.0,0.0
2004-03-24 00:00:00-05:00,8.032471656799316,8.032471656799316,8.032471656799316,8.032471656799316,125,0.0,0.0
2004-03-25 00:00:00-05:00,8.032470899726984,8.032470899726984,7.9801883697509775,7.980188369750977,8625,0.0,0.0
2004-03-26 00:00:00-05:00,7.961174827505095,8.00870418548584,7.961174827505095,8.00870418548584,8250,0.0,0.0
2004-03-29 00:00:00-05:00,7.937410014373549,7.937410014373549,7.889880657196045,7.889880657196045,3875,0.0,0.0
2004-03-30 00:00:00-05:00,7.842350606808302,7.842350606808302,7.799574415767523,7.804327011108398,5875,0.0,0.0
2004-03-31 00:00:00-05:00,7.842351913452149,7.842351913452149,7.842351913452149,7.842351913452148,750,0.0,0.0
2004-04-01 00:00:00-05:00,7.866118431091309,7.889883117089372,7.861365833848581,7.866118431091309,1125,0.0,0.0
2004-04-02 00:00:00-05:00,7.913647900509242,8.008706645671724,7.913647900509242,7.9849419593811035,12625,0.0,0.0
2004-04-05 00:00:00-04:00,7.961175990751321,7.961175990751321,7.937411308288575,7.937411308288574,3375,0.0,0.0
2004-04-06 00:00:00-04:00,7.9374123372157275,7.9374123372157275,7.913647651672364,7.913647651672363,250,0.0,0.0
2004-04-07 00:00:00-04:00,7.889883117089372,7.889883117089372,7.866118431091309,7.866118431091309,750,0.0,0.0
2004-04-08 00:00:00-04:00,7.866118431091309,7.866118431091309,7.866118431091309,7.866118431091309,0,0.0,0.0
2004-04-12 00:00:00-04:00,7.823339783785389,7.889880657196045,7.823339783785389,7.889880657196045,1500,0.0,0.0
2004-04-13 00:00:00-04:00,7.842351455728053,7.842351455728053,7.823339939117431,7.823339939117432,3625,0.0,0.0
2004-04-14 00:00:00-04:00,7.794821227254568,7.9659271240234375,7.794821227254568,7.9659271240234375,9875,0.0,0.0
2004-04-15 00:00:00-04:00,7.961177349090577,7.965930513032002,7.961177349090577,7.961177349090576,6250,0.0,0.0
2004-04-16 00:00:00-04:00,7.913647900509242,7.9849419593811035,7.913647900509242,7.9849419593811035,7875,0.0,0.0
2004-04-19 00:00:00-04:00,7.980190421700116,7.984943019632408,7.942166805267335,7.942166805267334,9125,0.0,0.0
2004-04-20 00:00:00-04:00,7.8185878959748445,7.937411308288575,7.8185878959748445,7.937411308288574,36625,0.0,0.0
2004-04-21 00:00:00-04:00,7.937411268844862,7.937411268844862,7.932658672332764,7.932658672332764,3500,0.0,0.0
2004-04-22 00:00:00-04:00,7.93740843791595,8.099008560180664,7.894632251589874,8.099008560180664,21875,0.0,0.0
2004-04-23 00:00:00-04:00,8.103763649554406,8.103763649554406,8.079998970031738,8.079998970031738,8000,0.0,0.0
2004-04-26 00:00:00-04:00,8.032469610986405,8.079998970031738,8.032469610986405,8.079998970031738,4875,0.0,0.0
2004-04-27 00:00:00-04:00,8.08000102795004,8.08000102795004,8.008706404629159,8.032471656799316,5375,0.0,0.0
2004-04-28 00:00:00-04:00,8.032475063829878,8.032475063829878,8.018216133117676,8.018216133117676,625,0.0,0.0
2004-04-29 00:00:00-04:00,7.989696025848389,7.989696025848389,7.989696025848389,7.989696025848389,1375,0.0,0.0
2004-04-30 00:00:00-04:00,7.961177349090577,7.961177349090577,7.961177349090577,7.961177349090576,250,0.0,0.0
2004-05-03 00:00:00-04:00,7.937411308288575,7.937411308288575,7.937411308288575,7.937411308288574,375,0.0,0.0
2004-05-04 00:00:00-04:00,7.93741266257309,7.984942035608063,7.93741266257309,7.961177349090576,3625,0.0,0.0
2004-05-05 00:00:00-04:00,7.93726682662964,7.942048536204967,7.93726682662964,7.937266826629639,3500,0.08,0.0
2004-05-06 00:00:00-04:00,7.93726682662964,7.93726682662964,7.93726682662964,7.937266826629639,0,0.0,0.0
2004-05-07 00:00:00-04:00,7.913359866662703,7.913359866662703,7.870326758039238,7.8894524574279785,1750,0.0,0.0
2004-05-10 00:00:00-04:00,7.937267275897428,7.937267275897428,7.841637638958528,7.8894524574279785,4125,0.0,0.0
2004-05-11 00:00:00-04:00,7.8894495335858235,7.932483196258545,7.8894495335858235,7.932483196258545,375,0.0,0.0
2004-05-12 00:00:00-04:00,7.889452010866619,7.93726682662964,7.889452010866619,7.937266826629639,1875,0.0,0.0
2004-05-13 00:00:00-04:00,7.93726682662964,7.93726682662964,7.93726682662964,7.937266826629639,0,0.0,0.0
2004-05-14 00:00:00-04:00,7.889456263116016,7.889456263116016,7.793826580047608,7.793826580047607,3250,0.0,0.0
2004-05-17 00:00:00-04:00,7.746006896854468,7.769914302678193,7.65037727355957,7.65037727355957,2750,0.0,0.0
2004-05-18 00:00:00-04:00,7.650379887135674,7.650379887135674,7.626472473144532,7.626472473144531,1375,0.0,0.0
2004-05-19 00:00:00-04:00,7.60256505915339,7.674287301126816,7.60256505915339,7.626472473144531,11375,0.0,0.0
2004-05-20 00:00:00-04:00,7.602563874674449,7.602563874674449,7.459118843078612,7.459118843078613,3250,0.0,0.0
2004-05-21 00:00:00-04:00,7.459118379508767,7.530841175848063,7.459118379508767,7.463900089263916,4875,0.0,0.0
2004-05-24 00:00:00-04:00,7.463900089263915,7.463900089263915,7.463900089263915,7.463900089263916,0,0.0,0.0
2004-05-25 00:00:00-04:00,7.459118987748676,7.483026968476364,7.387396755558512,7.478245258331299,2250,0.0,0.0
2004-05-26 00:00:00-04:00,7.435212791889533,7.435212791889533,7.2678608894348145,7.2678608894348145,6125,0.0,0.0
2004-05-27 00:00:00-04:00,7.38739626309339,7.6551594734191895,7.38739626309339,7.6551594734191895,27000,0.0,0.0
2004-05-28 00:00:00-04:00,7.655160212982527,7.683849334716797,7.626471661245908,7.683849334716797,9000,0.0,0.0
2004-06-01 00:00:00-04:00,7.674284679383295,7.674284679383295,7.65037727355957,7.65037727355957,15250,0.0,0.0
2004-06-02 00:00:00-04:00,7.674287301126816,7.688631863521043,7.60256505915339,7.626472473144531,8500,0.0,0.0
2004-06-03 00:00:00-04:00,7.616908073425293,7.616908073425293,7.616908073425293,7.616908073425293,250,0.0,0.0
2004-06-04 00:00:00-04:00,7.612125310242107,7.655158412725805,7.612125310242107,7.65037727355957,4875,0.0,0.0
2004-06-07 00:00:00-04:00,7.612124686377233,7.631250381469727,7.612124686377233,7.631250381469727,1125,0.0,0.0
2004-06-08 00:00:00-04:00,7.65037727355957,7.664721831053308,7.602562461912121,7.65037727355957,6875,0.0,0.0
2004-06-09 00:00:00-04:00,7.626469867735845,7.693410376043268,7.626469867735845,7.65037727355957,8125,0.0,0.0
2004-06-10 00:00:00-04:00,7.650378333590482,7.6551594734191895,7.650378333590482,7.6551594734191895,1625,0.0,0.0
2004-06-14 00:00:00-04:00,7.650379887135674,7.674287301126816,7.626472473144532,7.626472473144531,7375,0.0,0.0
2004-06-15 00:00:00-04:00,7.626472473144532,7.626472473144532,7.626472473144532,7.626472473144531,0,0.0,0.0
2004-06-16 00:00:00-04:00,7.626468426978799,7.645594120025635,7.626468426978799,7.645594120025635,250,0.0,0.0
2004-06-17 00:00:00-04:00,7.645594120025635,7.645594120025635,7.645594120025635,7.645594120025635,0,0.0,0.0
2004-06-18 00:00:00-04:00,7.626470874414257,7.7460079193115225,7.626470874414257,7.746007919311523,6000,0.0,0.0
2004-06-21 00:00:00-04:00,7.769915411254354,8.008989503601603,7.769915411254354,7.8894524574279785,10875,0.0,0.0
2004-06-22 00:00:00-04:00,7.903800010681152,7.903800010681152,7.903800010681152,7.903800010681152,250,0.0,0.0
2004-06-23 00:00:00-04:00,7.903794087810064,7.932483196258545,7.8894495335858235,7.932483196258545,1125,0.0,0.0
2004-06-24 00:00:00-04:00,7.970736503601074,7.970736503601074,7.970736503601074,7.970736503601074,375,0.0,0.0
2004-06-25 00:00:00-04:00,7.985084056854247,7.985084056854247,7.985084056854247,7.985084056854248,375,0.0,0.0
2004-06-28 00:00:00-04:00,7.985084056854247,7.985084056854247,7.985084056854247,7.985084056854248,0,0.0,0.0
2004-06-29 00:00:00-04:00,7.980301367228285,7.985082507323933,7.93726768638169,7.97551965713501,1500,0.0,0.0
2004-06-30 00:00:00-04:00,7.961176641743817,7.985084056854247,7.961176641743817,7.985084056854248,2125,0.0,0.0
2004-07-01 00:00:00-04:00,8.004206657409668,8.004206657409668,7.980299253271543,8.004206657409668,2250,0.0,0.0
2004-07-02 00:00:00-04:00,8.004211053674243,8.008992195129395,8.004211053674243,8.008992195129395,4125,0.0,0.0
2004-07-06 00:00:00-04:00,7.985083592296561,7.989865303039551,7.985083592296561,7.989865303039551,2250,0.0,0.0
2004-07-07 00:00:00-04:00,8.028117773837804,8.037680625915527,8.028117773837804,8.037680625915527,5000,0.0,0.0
2004-07-08 00:00:00-04:00,8.008986488060382,8.013768196105957,7.9850790878272635,8.013768196105957,3000,0.0,0.0
2004-07-09 00:00:00-04:00,8.008993039969535,8.047245025634766,8.008993039969535,8.047245025634766,750,0.0,0.0
2004-07-12 00:00:00-04:00,8.032899856567383,8.03768156816567,8.032899856567383,8.032899856567383,2250,0.0,0.0
2004-07-13 00:00:00-04:00,8.03768156816567,8.03768156816567,8.032899856567383,8.032899856567383,500,0.0,0.0
2004-07-14 00:00:00-04:00,8.032899856567383,8.032899856567383,8.032899856567383,8.032899856567383,0,0.0,0.0
2004-07-15 00:00:00-04:00,8.075930846845182,8.128527376823893,8.071149136847984,8.099838256835938,4000,0.0,0.0
2004-07-16 00:00:00-04:00,8.056805610656738,8.056805610656738,8.056805610656738,8.056805610656738,875,0.0,0.0
2004-07-19 00:00:00-04:00,8.032898914877796,8.037680625915527,8.032898914877796,8.037680625915527,750,0.0,0.0
2004-07-20 00:00:00-04:00,8.008991471964677,8.008991471964677,7.985084056854247,7.985084056854248,375,0.0,0.0
2004-07-21 00:00:00-04:00,7.93726682662964,7.93726682662964,7.894233720441948,7.937266826629639,3250,0.0,0.0
2004-07-22 00:00:00-04:00,7.913359655332983,7.9181413650512695,7.913359655332983,7.9181413650512695,375,0.0,0.0
2004-07-23 00:00:00-04:00,7.9181413650512695,7.9181413650512695,7.9181413650512695,7.9181413650512695,0,0.0,0.0
2004-07-26 00:00:00-04:00,7.8894540299934555,7.908580303192139,7.8894540299934555,7.908580303192139,250,0.0,0.0
2004-07-27 00:00:00-04:00,7.860766410827637,7.860766410827637,7.860766410827637,7.860766410827637,2875,0.0,0.0
2004-07-28 00:00:00-04:00,7.841639518737793,7.841639518737793,7.841639518737793,7.841639518737793,1500,0.0,0.0
2004-07-29 00:00:00-04:00,7.8368568420410165,7.8368568420410165,7.8368568420410165,7.836856842041016,125,0.0,0.0
2004-07-30 00:00:00-04:00,7.8368568420410165,7.8368568420410165,7.8368568420410165,7.836856842041016,0,0.0,0.0
2004-08-02 00:00:00-04:00,7.7890429778140415,7.889454348669301,7.702976169937781,7.841639518737793,23000,0.0,0.0
2004-08-03 00:00:00-04:00,7.841639518737793,7.841639518737793,7.841639518737793,7.841639518737793,0,0.0,0.0
2004-08-04 00:00:00-04:00,7.793531177430611,7.793531177430611,7.788720130920411,7.78872013092041,500,0.08,0.0
2004-08-05 00:00:00-04:00,7.788720130920411,7.788720130920411,7.788720130920411,7.78872013092041,0,0.0,0.0
2004-08-06 00:00:00-04:00,7.740608556019158,7.740608556019158,7.649203300476074,7.649203300476074,2125,0.0,0.0
2004-08-09 00:00:00-04:00,7.649202303991203,7.697310447692871,7.649202303991203,7.697310447692871,1375,0.0,0.0
2004-08-10 00:00:00-04:00,7.649207668560449,7.649207668560449,7.601099491119385,7.601099491119385,1750,0.0,0.0
2004-08-11 00:00:00-04:00,7.528934478759766,7.528934478759766,7.528934478759766,7.528934478759766,500,0.0,0.0
2004-08-12 00:00:00-04:00,7.504882851701124,7.504882851701124,7.480828762054443,7.480828762054443,500,0.0,0.0
2004-08-13 00:00:00-04:00,7.528934369340591,7.577042528534918,7.509690761566163,7.509690761566162,3875,0.0,0.0
2004-08-16 00:00:00-04:00,7.504880599433418,7.504880599433418,7.476016044616699,7.476016044616699,875,0.0,0.0
2004-08-17 00:00:00-04:00,7.476016044616699,7.476016044616699,7.476016044616699,7.476016044616699,125,0.0,0.0
2004-08-18 00:00:00-04:00,7.552989482879639,7.552989482879639,7.552989482879639,7.552989482879639,125,0.0,0.0
2004-08-19 00:00:00-04:00,7.552989482879639,7.552989482879639,7.552989482879639,7.552989482879639,0,0.0,0.0
2004-08-20 00:00:00-04:00,7.552989482879639,7.552989482879639,7.552989482879639,7.552989482879639,0,0.0,0.0
2004-08-23 00:00:00-04:00,7.552989482879639,7.552989482879639,7.552989482879639,7.552989482879639,0,0.0,0.0
2004-08-24 00:00:00-04:00,7.528934820152324,7.577042982227234,7.221042238776182,7.336501598358154,34375,0.0,0.0
2004-08-25 00:00:00-04:00,7.312449324741479,7.312449324741479,7.13925966906664,7.235476016998291,10125,0.0,0.0
2004-08-26 00:00:00-04:00,7.216230477070756,7.216230477070756,7.071906005168014,7.144068241119385,7500,0.0,0.0
2004-08-27 00:00:00-04:00,7.120011746360894,7.192173957824707,7.100768145873977,7.192173957824707,3125,0.0,0.0
2004-08-30 00:00:00-04:00,7.144069638720237,7.168123722076416,7.105582990651433,7.168123722076416,3250,0.0,0.0
2004-08-31 00:00:00-04:00,7.192173957824707,7.192173957824707,7.192173957824707,7.192173957824707,125,0.0,0.0
2004-09-01 00:00:00-04:00,7.216232776641846,7.216232776641846,7.216232776641846,7.216232776641846,375,0.0,0.0
2004-09-02 00:00:00-04:00,7.216232776641846,7.216232776641846,7.216232776641846,7.216232776641846,0,0.0,0.0
2004-09-03 00:00:00-04:00,7.1729329670720805,7.1729329670720805,7.0574730518568485,7.071905612945557,6375,0.0,0.0
2004-09-07 00:00:00-04:00,7.120015221077849,7.120015221077849,6.855419743088107,6.874663352966309,10250,0.0,0.0
2004-09-08 00:00:00-04:00,6.831365598137973,6.922771453857423,6.778446961821551,6.922771453857422,5375,0.0,0.0
2004-09-09 00:00:00-04:00,6.951635388148393,6.966067376078535,6.927581310272217,6.927581310272217,3125,0.0,0.0
2004-09-10 00:00:00-04:00,6.951636385854954,6.985311985015869,6.951636385854954,6.985311985015869,1375,0.0,0.0
2004-09-13 00:00:00-04:00,7.0093671229329555,7.0093671229329555,6.903528690338135,6.903528690338135,3125,0.0,0.0
2004-09-14 00:00:00-04:00,6.8554213276727145,6.8554213276727145,6.59082636201818,6.687042713165283,12625,0.0,0.0
2004-09-15 00:00:00-04:00,6.638934007064317,6.638934007064317,6.350284976689394,6.48017692565918,19250,0.0,0.0
2004-09-16 00:00:00-04:00,6.4801760306077805,6.4801760306077805,6.278121278457717,6.350284099578857,11125,0.0,0.0
2004-09-17 00:00:00-04:00,6.326230453916547,6.398392706526538,6.326230453916547,6.364716529846191,8125,0.0,0.0
2004-09-20 00:00:00-04:00,6.326228939268424,6.345471972626012,6.066444547974192,6.133795738220215,24250,0.0,0.0
2004-09-21 00:00:00-04:00,6.148227988425059,7.095959663391113,6.148227988425059,7.095959663391113,54250,0.0,0.0
2004-09-22 00:00:00-04:00,7.144067817841675,7.480824898995607,6.975689277264709,7.095959663391113,40875,0.0,0.0
2004-09-23 00:00:00-04:00,7.264339639889119,7.480826377708955,6.638932934915041,6.840987682342529,82625,0.0,0.0
2004-09-24 00:00:00-04:00,6.831366239433011,7.023799487040077,6.831366239433011,6.975691318511963,25625,0.0,0.0
2004-09-27 00:00:00-04:00,6.975692195198377,7.014178276062013,6.951638107911266,7.014178276062012,5500,0.0,0.0
2004-09-28 00:00:00-04:00,7.018988440789423,7.023799487040077,6.975691318511962,6.975691318511963,3500,0.0,0.0
2004-09-29 00:00:00-04:00,7.02379988543991,7.37498965031405,7.02379988543991,7.278773307800293,42250,0.0,0.0
2004-09-30 00:00:00-04:00,7.312446463264624,7.326879024505615,7.2691493530360995,7.326879024505615,3750,0.0,0.0
2004-10-01 00:00:00-04:00,7.278772969395853,7.355746269226075,7.264340403990861,7.355746269226074,4500,0.0,0.0
2004-10-04 00:00:00-04:00,7.312449121904591,7.312449121904591,7.144070517694786,7.216232776641846,10375,0.0,0.0
2004-10-05 00:00:00-04:00,7.2595288778767575,7.312448089699197,7.2595288778767575,7.264339923858643,3750,0.0,0.0
2004-10-06 00:00:00-04:00,7.312447517320699,7.36055567939561,7.312447517320699,7.336501598358154,2750,0.0,0.0
2004-10-07 00:00:00-04:00,7.3846093027705155,7.4279069900512695,7.3846093027705155,7.4279069900512695,2625,0.0,0.0
2004-10-08 00:00:00-04:00,7.456773639798711,7.456773639798711,7.216232776641846,7.216232776641846,11000,0.0,0.0
2004-10-11 00:00:00-04:00,7.264341280436724,7.317260502141553,7.2595302335564,7.3124494552612305,40000,0.0,0.0
2004-10-12 00:00:00-04:00,7.307638981875588,7.3124494552612305,7.283584894463335,7.3124494552612305,23625,0.0,0.0
2004-10-13 00:00:00-04:00,7.3124494552612305,7.3124494552612305,7.3124494552612305,7.3124494552612305,0,0.0,0.0
2004-10-14 00:00:00-04:00,7.269149780273437,7.27877129716811,7.259527689884283,7.2691497802734375,17875,0.0,0.0
2004-10-15 00:00:00-04:00,7.240285669539493,7.240285669539493,7.216231587188647,7.221042633056641,26500,0.0,0.0
2004-10-18 00:00:00-04:00,7.216232955900974,7.504881998859572,7.216232955900974,7.5000715255737305,66000,0.0,0.0
2004-10-19 00:00:00-04:00,7.456773794303101,7.480827881117188,7.408665620674926,7.432719707489014,18250,0.0,0.0
2004-10-20 00:00:00-04:00,7.38461171749799,7.38461171749799,7.288395367848977,7.3124494552612305,22875,0.0,0.0
2004-10-21 00:00:00-04:00,7.35574514634019,7.384609699249267,7.307636984663871,7.384609699249268,17875,0.0,0.0
2004-10-22 00:00:00-04:00,7.336500617308492,7.427906457124591,7.331690145840984,7.3605546951293945,44875,0.0,0.0
2004-10-25 00:00:00-04:00,7.384609760433064,7.384609760433064,7.322069035036775,7.336501598358154,8375,0.0,0.0
2004-10-26 00:00:00-04:00,7.336501598358154,7.336501598358154,7.336501598358154,7.336501598358154,0,0.0,0.0
2004-10-27 00:00:00-04:00,7.38461171749799,7.38461171749799,7.3124494552612305,7.3124494552612305,6875,0.0,0.0
2004-10-28 00:00:00-04:00,7.312447312531143,7.317258358001709,7.312447312531143,7.317258358001709,375,0.0,0.0
2004-10-29 00:00:00-04:00,7.288392461666689,7.384608772950296,7.288392461666689,7.3605546951293945,3500,0.0,0.0
2004-11-01 00:00:00-05:00,7.365365692772106,7.456770958506514,7.365365692772106,7.418284893035889,2125,0.0,0.0
2004-11-02 00:00:00-05:00,7.418285517384057,7.533744870502282,7.418285517384057,7.4856367111206055,7000,0.0,0.0
2004-11-03 00:00:00-05:00,7.504880905151366,7.509691951230749,7.504880905151366,7.504880905151367,875,0.0,0.0
2004-11-04 00:00:00-05:00,7.471206324651565,7.48082784463134,7.45677375793457,7.45677375793457,3375,0.0,0.0
2004-11-05 00:00:00-05:00,7.456772738335877,7.533746034638495,7.456772738335877,7.504880905151367,4125,0.0,0.0
2004-11-08 00:00:00-05:00,7.504881967931276,7.504881967931276,7.432719707489014,7.432719707489014,10375,0.0,0.0
2004-11-09 00:00:00-05:00,7.432720000153276,7.432720000153276,7.364885248039974,7.3842668533325195,2000,0.088,0.0
2004-11-10 00:00:00-05:00,7.389110378797744,7.461790084838868,7.389110378797744,7.461790084838867,1000,0.0,0.0
2004-11-11 00:00:00-05:00,7.51024472852365,7.631378173828125,7.413338434365731,7.631378173828125,8750,0.0,0.0
2004-11-12 00:00:00-05:00,7.58292389435477,7.58292389435477,7.510243606982952,7.558696746826172,6750,0.0,0.0
2004-11-15 00:00:00-05:00,7.558695240807193,7.602303404541652,7.553850274352391,7.5780768394470215,5125,0.0,0.0
2004-11-16 00:00:00-05:00,7.607150288097629,7.631376857458161,7.51993452287832,7.55385160446167,12250,0.0,0.0
2004-11-17 00:00:00-05:00,7.549004382466716,7.6216840744018555,7.534468328558319,7.6216840744018555,12625,0.0,0.0
2004-11-18 00:00:00-05:00,7.670139782181345,7.694366931915283,7.6556043009908405,7.694366931915283,2125,0.0,0.0
2004-11-19 00:00:00-05:00,7.65560148102178,7.718590660870822,7.65560148102178,7.7137451171875,8000,0.0,0.0
2004-11-22 00:00:00-05:00,7.689516398903474,7.776732117512196,7.689516398903474,7.704052448272705,11125,0.0,0.0
2004-11-23 00:00:00-05:00,7.699209319227047,7.82518768310547,7.699209319227047,7.825187683105469,8375,0.0,0.0
2004-11-24 00:00:00-05:00,7.752506362682233,7.776732921600342,7.660445092229384,7.776732921600342,19000,0.0,0.0
2004-11-26 00:00:00-05:00,7.752508062184369,7.752508062184369,7.723435954066771,7.728281497955322,4625,0.0,0.0
2004-11-29 00:00:00-05:00,7.800959480518451,7.946318834027102,7.776732921600342,7.776732921600342,33750,0.0,0.0
2004-11-30 00:00:00-05:00,7.752509593963623,7.776736162979476,7.728283024947769,7.752509593963623,21125,0.0,0.0
2004-12-01 00:00:00-05:00,7.800960717148363,7.941475127712163,7.796115173553922,7.805805683135986,72875,0.0,0.0
2004-12-02 00:00:00-05:00,7.776734555091745,7.84456870326822,7.776734555091745,7.825187683105469,4375,0.0,0.0
2004-12-03 00:00:00-05:00,7.849414102130405,7.99477348348673,7.849414102130405,7.917248249053955,20500,0.0,0.0
2004-12-06 00:00:00-05:00,7.868799846361473,7.931789064955964,7.825192236815307,7.897871971130371,13875,0.0,0.0
2004-12-07 00:00:00-05:00,7.946322818820943,8.067455674155237,7.922096247754084,8.043229103088379,18125,0.0,0.0
2004-12-08 00:00:00-05:00,8.06745592755537,8.280650106204403,8.06745592755537,8.217660903930664,35875,0.0,0.0
2004-12-09 00:00:00-05:00,8.237040615493768,8.35817344680255,8.217659015920221,8.338791847229004,48375,0.0,0.0
2004-12-10 00:00:00-05:00,8.3533319162343,8.450238227844238,8.3533319162343,8.450238227844238,13750,0.0,0.0
2004-12-13 00:00:00-05:00,8.450236004486351,8.600440979003906,8.450236004486351,8.600440979003906,26000,0.0,0.0
2004-12-14 00:00:00-05:00,8.600440979003906,8.624667550532092,8.551987835947537,8.600440979003906,14875,0.0,0.0
2004-12-15 00:00:00-05:00,8.624667550532092,8.624667550532092,8.576214407475723,8.600440979003906,18875,0.0,0.0
2004-12-16 00:00:00-05:00,8.576216437359166,8.988068828425654,8.576216437359166,8.794256210327148,47625,0.0,0.0
2004-12-17 00:00:00-05:00,8.794252397661925,8.808787875631863,8.648892419500331,8.770025253295898,21750,0.0,0.0
2004-12-20 00:00:00-05:00,8.731261326017176,8.731261326017176,8.69734367778188,8.71187973022461,3000,0.0,0.0
2004-12-21 00:00:00-05:00,8.697343826293945,8.760333002883485,8.697343826293945,8.697343826293945,18250,0.0,0.0
2004-12-22 00:00:00-05:00,8.697346761450714,8.702192306518555,8.697346761450714,8.702192306518555,4000,0.0,0.0
2004-12-23 00:00:00-05:00,8.673116760010805,8.677962303161621,8.673116760010805,8.677962303161621,1875,0.0,0.0
2004-12-27 00:00:00-05:00,8.673122551636157,8.697349128354414,8.668277582856796,8.68281364440918,34250,0.0,0.0
2004-12-28 00:00:00-05:00,8.721570166737903,8.745796728071912,8.697343605403896,8.731261253356934,3375,0.0,0.0
2004-12-29 00:00:00-05:00,8.770027647475445,8.81363582611084,8.770027647475445,8.81363582611084,625,0.0,0.0
2004-12-30 00:00:00-05:00,8.770029055457671,8.813637241094133,8.726421447428374,8.794256210327148,7250,0.0,0.0
2004-12-31 00:00:00-05:00,8.81848209600596,8.82332706451416,8.81848209600596,8.82332706451416,1625,0.0,0.0
2005-01-03 00:00:00-05:00,8.813633191289655,8.813633191289655,8.721571893430106,8.803942680358887,3875,0.0,0.0
2005-01-04 00:00:00-05:00,8.770024000482211,8.818477704685652,8.770024000482211,8.79909610748291,7375,0.0,0.0
2005-01-05 00:00:00-05:00,8.770025823687357,8.818479537963867,8.770025823687357,8.818479537963867,12125,0.0,0.0
2005-01-06 00:00:00-05:00,8.770022755919824,8.828166961669922,8.770022755919824,8.828166961669922,24875,0.0,0.0
2005-01-07 00:00:00-05:00,8.862086749416424,8.86693229391811,8.842705726623535,8.842705726623535,3250,0.0,0.0
2005-01-10 00:00:00-05:00,8.85724361128635,8.862089157104492,8.85724361128635,8.862089157104492,2125,0.0,0.0
2005-01-11 00:00:00-05:00,8.86693256744065,8.871777534484863,8.86693256744065,8.871777534484863,37625,0.0,0.0
2005-01-12 00:00:00-05:00,8.87177592777566,8.881466437716048,8.866930961608887,8.866930961608887,14000,0.0,0.0
2005-01-13 00:00:00-05:00,8.891157394580569,8.891157394580569,8.770024000482211,8.79909610748291,23625,0.0,0.0
2005-01-14 00:00:00-05:00,8.799097364449601,8.799097364449601,8.750644230931373,8.770025253295898,32625,0.0,0.0
2005-01-18 00:00:00-05:00,8.770026394054808,8.963839530944824,8.721573254234052,8.963839530944824,28250,0.0,0.0
2005-01-19 00:00:00-05:00,8.958994784330054,9.007447928468872,8.958994784330054,8.978376388549805,5250,0.0,0.0
2005-01-20 00:00:00-05:00,8.934767416009574,9.00744712574071,8.915386391124068,8.963839530944824,5625,0.0,0.0
2005-01-21 00:00:00-05:00,8.939612429988564,9.002601623535156,8.939612429988564,9.002601623535156,11125,0.0,0.0
2005-01-24 00:00:00-05:00,8.963839913228734,8.963839913228734,8.939613342285156,8.939613342285156,3875,0.0,0.0
2005-01-25 00:00:00-05:00,8.939613114405153,8.96383968473117,8.939613114405153,8.94930362701416,27250,0.0,0.0
2005-01-26 00:00:00-05:00,8.963839530944824,8.997756613297955,8.915386391124068,8.963839530944824,7625,0.0,0.0
2005-01-27 00:00:00-05:00,8.963839530944824,8.963839530944824,8.963839530944824,8.963839530944824,10000,0.0,0.0
2005-01-28 00:00:00-05:00,8.939613114405153,8.94930362701416,8.915386544079137,8.94930362701416,1875,0.0,0.0
2005-01-31 00:00:00-05:00,8.915384292602539,8.915384292602539,8.891157728394658,8.915384292602539,2000,0.0,0.0
2005-02-01 00:00:00-05:00,8.866933629454426,8.939613342285156,8.818480487567271,8.939613342285156,4375,0.0,0.0
2005-02-02 00:00:00-05:00,8.963838199617975,8.988064765930176,8.939611633305773,8.988064765930176,22625,0.0,0.0
2005-02-03 00:00:00-05:00,8.96383687544879,9.012290000915527,8.96383687544879,9.012290000915527,40875,0.0,0.0
2005-02-04 00:00:00-05:00,9.01229323818301,9.109199523925781,9.01229323818301,9.109199523925781,2250,0.0,0.0
2005-02-07 00:00:00-05:00,9.133424576345028,9.206104278564453,9.109198008938554,9.206104278564453,2750,0.0,0.0
2005-02-08 00:00:00-05:00,9.206104278564453,9.206104278564453,9.206104278564453,9.206104278564453,2750,0.0,0.0
2005-02-09 00:00:00-05:00,9.162241909104768,9.162241909104768,9.079392044284312,9.089138984680176,1750,0.088,0.0
2005-02-10 00:00:00-05:00,9.089139627614442,9.113507270812988,9.089139627614442,9.113507270812988,3375,0.0,0.0
2005-02-11 00:00:00-05:00,9.137874267629904,9.137874267629904,9.089138984680176,9.089138984680176,500,0.0,0.0
2005-02-14 00:00:00-05:00,9.11350662615504,9.11350662615504,9.089138984680176,9.089138984680176,1625,0.0,0.0
2005-02-15 00:00:00-05:00,9.113509491194884,9.113509491194884,9.01603889465332,9.01603889465332,13625,0.0,0.0
2005-02-16 00:00:00-05:00,8.967304553169438,8.996545386669474,8.869833946228027,8.869833946228027,8625,0.0,0.0
2005-02-17 00:00:00-05:00,8.894197852881266,9.089138984680176,8.869830211406402,9.089138984680176,2875,0.0,0.0
2005-02-18 00:00:00-05:00,9.04040525940805,9.04040525940805,8.967302322387695,8.967302322387695,17250,0.0,0.0
2005-02-22 00:00:00-05:00,8.918568298111758,9.01603889465332,8.918568298111758,9.01603889465332,5000,0.0,0.0
2005-02-23 00:00:00-05:00,9.016036518804544,9.020909698765124,8.99166887609036,9.011162757873535,10000,0.0,0.0
2005-02-24 00:00:00-05:00,8.99654089448318,9.001414654784924,8.918564796447754,8.918564796447754,10500,0.0,0.0
2005-02-25 00:00:00-05:00,8.899073826595334,8.967303592728978,8.869832996227128,8.942935943603516,42875,0.0,0.0
2005-02-28 00:00:00-05:00,8.967304553169438,8.967304553169438,8.869833946228027,8.869833946228027,41125,0.0,0.0
2005-03-01 00:00:00-05:00,8.879576822131668,9.040403366088867,8.879576822131668,9.040403366088867,30500,0.0,0.0
2005-03-02 00:00:00-05:00,8.99167124551793,9.02091207589805,8.99167124551793,9.01603889465332,40500,0.0,0.0
2005-03-03 00:00:00-05:00,9.016035419063536,9.064770698547363,9.016035419063536,9.064770698547363,23750,0.0,0.0
2005-03-04 00:00:00-05:00,9.064770698547363,9.113505978031192,9.04040305880545,9.064770698547363,30250,0.0,0.0
2005-03-07 00:00:00-05:00,9.064771343205313,9.137874267629904,9.064771343205313,9.089138984680176,39000,0.0,0.0
2005-03-08 00:00:00-05:00,9.137874134452433,9.137874134452433,9.133000373840332,9.133000373840332,2625,0.0,0.0
2005-03-09 00:00:00-05:00,9.181737101659989,9.210978507995605,9.176863921251043,9.210978507995605,17625,0.0,0.0
2005-03-10 00:00:00-05:00,9.235347747802734,9.254842215716469,9.210980098638501,9.235347747802734,13375,0.0,0.0
2005-03-11 00:00:00-05:00,9.254840633629312,9.313322865431992,9.254840633629312,9.28408145904541,10250,0.0,0.0
2005-03-14 00:00:00-05:00,9.259714005510862,9.259714005510862,9.016037550485771,9.025784492492676,57000,0.0,0.0
2005-03-15 00:00:00-05:00,8.967302894246389,9.050152778625488,8.967302894246389,9.050152778625488,5875,0.0,0.0
2005-03-16 00:00:00-05:00,9.089141215707787,9.137876510620117,9.089141215707787,9.137876510620117,5625,0.0,0.0
2005-03-17 00:00:00-05:00,9.137876510620117,9.137876510620117,9.137876510620117,9.137876510620117,0,0.0,0.0
2005-03-18 00:00:00-05:00,9.137875960714478,9.220725840885532,9.137875960714478,9.201231956481934,10250,0.0,0.0
2005-03-21 00:00:00-05:00,9.137874914011533,9.176863259323296,9.108633509785102,9.113507270812988,13250,0.0,0.0
2005-03-22 00:00:00-05:00,9.064775221089299,9.108636762119732,9.040407569190027,9.103763580322266,2875,0.0,0.0
2005-03-23 00:00:00-05:00,9.040403366088867,9.040403366088867,9.020908905050504,9.040403366088867,18750,0.0,0.0
2005-03-24 00:00:00-05:00,8.991672442546067,9.006293150167819,8.9673047901667,8.977051734924316,8375,0.0,0.0
2005-03-28 00:00:00-05:00,9.00141698765095,9.059899221576746,8.98192310333252,8.98192310333252,26750,0.0,0.0
2005-03-29 00:00:00-05:00,8.957555457449228,9.02091087196938,8.957555457449228,8.98192310333252,20875,0.0,0.0
2005-03-30 00:00:00-05:00,8.962428248668441,8.991669654846191,8.962428248668441,8.991669654846191,500,0.0,0.0
2005-03-31 00:00:00-05:00,9.01603889465332,9.035532781573401,8.96730359638254,9.01603889465332,21000,0.0,0.0
2005-04-01 00:00:00-05:00,9.01603898911437,9.064774287895753,9.001418283285838,9.020912170410156,3500,0.0,0.0
2005-04-04 00:00:00-04:00,8.967304553169438,8.967304553169438,8.869833946228027,8.869833946228027,11500,0.0,0.0
2005-04-05 00:00:00-04:00,8.918567031040793,8.967302322387695,8.918567031040793,8.967302322387695,2250,0.0,0.0
2005-04-06 00:00:00-04:00,8.967302322387695,8.967302322387695,8.967302322387695,8.967302322387695,5625,0.0,0.0
2005-04-07 00:00:00-04:00,9.01603889465332,9.01603889465332,9.01603889465332,9.01603889465332,1000,0.0,0.0
2005-04-08 00:00:00-04:00,9.01603889465332,9.01603889465332,9.01603889465332,9.01603889465332,0,0.0,0.0
2005-04-11 00:00:00-04:00,9.020911369564377,9.050152778625488,9.020911369564377,9.050152778625488,1125,0.0,0.0
2005-04-12 00:00:00-04:00,9.064770698547363,9.064770698547363,9.064770698547363,9.064770698547363,3250,0.0,0.0
2005-04-13 00:00:00-04:00,9.064771343205313,9.089138984680176,9.064771343205313,9.089138984680176,500,0.0,0.0
2005-04-14 00:00:00-04:00,9.064770698547363,9.064770698547363,9.064770698547363,9.064770698547363,11250,0.0,0.0
2005-04-15 00:00:00-04:00,9.074517638250057,9.094012098625804,9.064770698547363,9.064770698547363,2000,0.0,0.0
2005-04-18 00:00:00-04:00,9.01116513243801,9.01603889465332,9.01116513243801,9.01603889465332,10125,0.0,0.0
2005-04-19 00:00:00-04:00,9.01603889465332,9.01603889465332,9.01603889465332,9.01603889465332,0,0.0,0.0
2005-04-20 00:00:00-04:00,9.016037550485771,9.108634371007106,8.967302259480753,9.025784492492676,63750,0.0,0.0
2005-04-21 00:00:00-04:00,8.972174413336756,9.011162757873535,8.972174413336756,9.011162757873535,4750,0.0,0.0
2005-04-22 00:00:00-04:00,8.942933618186483,8.942933618186483,8.796727180480957,8.796727180480957,8375,0.0,0.0
2005-04-25 00:00:00-04:00,8.796727316632023,8.796727316632023,8.7528657913208,8.7528657913208,2000,0.0,0.0
2005-04-26 00:00:00-04:00,8.723621368408203,8.723621368408203,8.723621368408203,8.723621368408203,1000,0.0,0.0
2005-04-27 00:00:00-04:00,8.674889232998199,8.674889232998199,8.626153945922852,8.626153945922852,4375,0.0,0.0
2005-04-28 00:00:00-04:00,8.577417992026833,8.577417992026833,8.528682708740234,8.528682708740234,1000,0.0,0.0
2005-04-29 00:00:00-04:00,8.504315067096936,8.528682708740234,8.479947425453638,8.528682708740234,1375,0.0,0.0
2005-05-02 00:00:00-04:00,8.504317600072978,8.504317600072978,8.431214653369668,8.479949951171875,3625,0.0,0.0
2005-05-03 00:00:00-04:00,8.479950120751052,8.499444007873535,8.479950120751052,8.499444007873535,2375,0.0,0.0
2005-05-04 00:00:00-04:00,8.51415570680872,8.51415570680872,8.509251594543457,8.509251594543457,10500,0.088,0.0
2005-05-05 00:00:00-04:00,8.558295249938965,8.558295249938965,8.558295249938965,8.558295249938965,250,0.0,0.0
2005-05-06 00:00:00-04:00,8.607340812683105,8.607340812683105,8.607340812683105,8.607340812683105,125,0.0,0.0
2005-05-09 00:00:00-04:00,8.626955816967415,8.695618629455566,8.626955816967415,8.695618629455566,6375,0.0,0.0
2005-05-10 00:00:00-04:00,8.680910791924745,8.695624303105067,8.680910791924745,8.690719604492188,1125,0.0,0.0
2005-05-11 00:00:00-04:00,8.690719604492188,8.690719604492188,8.690719604492188,8.690719604492188,0,0.0,0.0
2005-05-12 00:00:00-04:00,8.656384468078613,8.656384468078613,8.656384468078613,8.656384468078613,1250,0.0,0.0
2005-05-13 00:00:00-04:00,8.656384468078613,8.656384468078613,8.656384468078613,8.656384468078613,0,0.0,0.0
2005-05-16 00:00:00-04:00,8.705430030822754,8.705430030822754,8.705430030822754,8.705430030822754,2875,0.0,0.0
2005-05-17 00:00:00-04:00,8.69071866661065,8.769190327998347,8.69071866661065,8.744668006896973,3125,0.0,0.0
2005-05-18 00:00:00-04:00,8.803518129398265,8.823136329650879,8.803518129398265,8.823136329650879,1625,0.0,0.0
2005-05-19 00:00:00-04:00,8.80351827987511,8.85256290435791,8.80351827987511,8.85256290435791,1875,0.0,0.0
2005-05-20 00:00:00-04:00,8.828038215637207,8.877082826917357,8.778993604357058,8.828038215637207,3375,0.0,0.0
2005-05-23 00:00:00-04:00,8.877082826917357,8.877082826917357,8.818229410312755,8.828038215637207,4625,0.0,0.0
2005-05-24 00:00:00-04:00,8.778995564838832,8.783900260925293,8.778995564838832,8.783900260925293,750,0.0,0.0
2005-05-25 00:00:00-04:00,8.837849617004395,8.837849617004395,8.837849617004395,8.837849617004395,875,0.0,0.0
2005-05-26 00:00:00-04:00,8.828040623201503,8.828040623201503,8.754473686218262,8.754473686218262,2125,0.0,0.0
2005-05-27 00:00:00-04:00,8.729952476944543,8.729952476944543,8.239505583762218,8.411162376403809,53125,0.0,0.0
2005-05-31 00:00:00-04:00,8.435689978667455,8.479829940234898,8.386645317077637,8.386645317077637,12125,0.0,0.0
2005-06-01 00:00:00-04:00,8.347404774430176,8.362118281560656,8.288551330566406,8.288551330566406,12500,0.0,0.0
2005-06-02 00:00:00-04:00,8.239504581288761,8.303262710571289,8.219886965197851,8.303262710571289,1750,0.0,0.0
2005-06-03 00:00:00-04:00,8.254216150985624,8.254216150985624,8.043324196477956,8.151222229003906,25750,0.0,0.0
2005-06-06 00:00:00-04:00,8.146319315206787,8.239503860473633,8.146319315206787,8.239503860473633,12125,0.0,0.0
2005-06-07 00:00:00-04:00,8.264028574987606,8.268933272337181,8.214983940124512,8.214983940124512,19375,0.0,0.0
2005-06-08 00:00:00-04:00,8.214983940124512,8.214983940124512,8.214983940124512,8.214983940124512,125,0.0,0.0
2005-06-09 00:00:00-04:00,8.214984039325461,8.224793434143066,8.214984039325461,8.224793434143066,5375,0.0,0.0
2005-06-10 00:00:00-04:00,8.214985163523478,8.411164316849579,8.214985163523478,8.362119674682617,33000,0.0,0.0
2005-06-13 00:00:00-04:00,8.40625860540452,8.46020793914795,8.40625860540452,8.46020793914795,10000,0.0,0.0
2005-06-14 00:00:00-04:00,8.533775329589844,8.533775329589844,8.533775329589844,8.533775329589844,4125,0.0,0.0
2005-06-15 00:00:00-04:00,8.57791592299932,8.592629432678223,8.558298299866289,8.592629432678223,1750,0.0,0.0
2005-06-16 00:00:00-04:00,8.636770881445994,8.641674995422363,8.607343858954502,8.641674995422363,875,0.0,0.0
2005-06-17 00:00:00-04:00,8.641674995422363,8.641674995422363,8.641674995422363,8.641674995422363,0,0.0,0.0
2005-06-20 00:00:00-04:00,8.5926258851536,8.5926258851536,8.563199462602954,8.582817077636719,2125,0.0,0.0
2005-06-21 00:00:00-04:00,8.685810590222081,8.828039753853671,8.685810590222081,8.813326835632324,19000,0.0,0.0
2005-06-22 00:00:00-04:00,8.828040942797447,8.90160846710205,8.828040942797447,8.90160846710205,8375,0.0,0.0
2005-06-23 00:00:00-04:00,8.87708568572998,8.87708568572998,8.87708568572998,8.87708568572998,9125,0.0,0.0
2005-06-24 00:00:00-04:00,8.828041127060732,8.832945823669434,8.828041127060732,8.832945823669434,9625,0.0,0.0
2005-06-27 00:00:00-04:00,8.759380314175125,8.808424949645996,8.759380314175125,8.808424949645996,3125,0.0,0.0
2005-06-28 00:00:00-04:00,8.80351734161377,8.80351734161377,8.80351734161377,8.80351734161377,1250,0.0,0.0
2005-06-29 00:00:00-04:00,8.80351734161377,8.80351734161377,8.80351734161377,8.80351734161377,625,0.0,0.0
2005-06-30 00:00:00-04:00,8.7986144345065,8.842754364013672,8.7986144345065,8.842754364013672,5000,0.0,0.0
2005-07-01 00:00:00-04:00,8.828040187071382,8.828040187071382,8.783900260925293,8.783900260925293,12500,0.0,0.0
2005-07-05 00:00:00-04:00,8.582817077636719,8.582817077636719,8.528867759306843,8.582817077636719,16000,0.0,0.0
2005-07-06 00:00:00-04:00,8.582817077636719,8.582817077636719,8.582817077636719,8.582817077636719,0,0.0,0.0
2005-07-07 00:00:00-04:00,8.582817077636719,8.582817077636719,8.582817077636719,8.582817077636719,0,0.0,0.0
2005-07-08 00:00:00-04:00,8.582818961050396,8.656385910557566,8.582818961050396,8.631863594055176,5375,0.0,0.0
2005-07-11 00:00:00-04:00,8.607340812683105,8.607340812683105,8.607340812683105,8.607340812683105,125,0.0,0.0
2005-07-12 00:00:00-04:00,8.612245559692383,8.612245559692383,8.612245559692383,8.612245559692383,375,0.0,0.0
2005-07-13 00:00:00-04:00,8.58281849750513,8.607340812683105,8.58281849750513,8.607340812683105,500,0.0,0.0
2005-07-14 00:00:00-04:00,8.607340812683105,8.607340812683105,8.607340812683105,8.607340812683105,0,0.0,0.0
2005-07-15 00:00:00-04:00,8.651484392691739,8.651484392691739,8.631866182811304,8.641674995422363,1000,0.0,0.0
2005-07-18 00:00:00-04:00,8.656384009257454,8.783900260925293,8.656384009257454,8.783900260925293,9250,0.0,0.0
2005-07-19 00:00:00-04:00,8.783900260925293,8.783900260925293,8.783900260925293,8.783900260925293,0,0.0,0.0
2005-07-20 00:00:00-04:00,8.793712664883696,8.798617362976074,8.78880855144957,8.798617362976074,2375,0.0,0.0
2005-07-21 00:00:00-04:00,8.8035214764102,8.8035214764102,8.749572720685297,8.798617362976074,6375,0.0,0.0
2005-07-22 00:00:00-04:00,8.8035214764102,8.8035214764102,8.798617362976074,8.798617362976074,4125,0.0,0.0
2005-07-25 00:00:00-04:00,8.74957106406153,8.74957106406153,8.592627770719723,8.631863594055176,16875,0.0,0.0
2005-07-26 00:00:00-04:00,8.626956029862715,8.70542765045485,8.592624915100386,8.68090534210205,1750,0.0,0.0
2005-07-27 00:00:00-04:00,8.656388468176981,8.690719604492188,8.58282149693369,8.690719604492188,5625,0.0,0.0
2005-07-28 00:00:00-04:00,8.700525379055978,8.87708568572998,8.700525379055978,8.87708568572998,7875,0.0,0.0
2005-07-29 00:00:00-04:00,8.901608382900648,8.921225999424266,8.842754364013672,8.842754364013672,4375,0.0,0.0
2005-08-01 00:00:00-04:00,8.852566767612549,8.857471466064453,8.803522121726695,8.857471466064453,4125,0.0,0.0
2005-08-02 00:00:00-04:00,8.857467142896127,8.857467142896127,8.778995513916016,8.778995513916016,14250,0.0,0.0
2005-08-03 00:00:00-04:00,8.833277702331543,8.833277702331543,8.833277702331543,8.833277702331543,0,0.088,0.0
2005-08-04 00:00:00-04:00,8.729649921176643,8.734584356981722,8.611214637756348,8.611214637756348,8125,0.0,0.0
2005-08-05 00:00:00-04:00,8.611214627626689,8.660562515258789,8.611214627626689,8.660562515258789,2000,0.0,0.0
2005-08-08 00:00:00-04:00,8.66056085001506,8.7099087281586,8.616147994995117,8.616147994995117,2625,0.0,0.0
2005-08-09 00:00:00-04:00,8.591475717989578,8.611214637756348,8.591475717989578,8.611214637756348,1000,0.0,0.0
2005-08-10 00:00:00-04:00,8.586540338193936,8.596409797668457,8.586540338193936,8.596409797668457,750,0.0,0.0
2005-08-11 00:00:00-04:00,8.586541175842285,8.586541175842285,8.586541175842285,8.586541175842285,500,0.0,0.0
2005-08-12 00:00:00-04:00,8.561870574951172,8.561870574951172,8.561870574951172,8.561870574951172,125,0.0,0.0
2005-08-15 00:00:00-04:00,8.561870574951172,8.561870574951172,8.561870574951172,8.561870574951172,0,0.0,0.0
2005-08-16 00:00:00-04:00,8.537192344665527,8.537192344665527,8.537192344665527,8.537192344665527,375,0.0,0.0
2005-08-17 00:00:00-04:00,8.537192344665527,8.537192344665527,8.537192344665527,8.537192344665527,0,0.0,0.0
2005-08-18 00:00:00-04:00,8.492778791915622,8.492778791915622,8.339800703170816,8.394083023071289,7125,0.0,0.0
2005-08-19 00:00:00-04:00,8.394083023071289,8.394083023071289,8.394083023071289,8.394083023071289,0,0.0,0.0
2005-08-22 00:00:00-04:00,8.364476203918457,8.364476203918457,8.364476203918457,8.364476203918457,625,0.0,0.0
2005-08-23 00:00:00-04:00,8.364476203918457,8.364476203918457,8.364476203918457,8.364476203918457,1875,0.0,0.0
2005-08-24 00:00:00-04:00,8.41876307523717,8.51745891571045,8.41876307523717,8.51745891571045,4125,0.0,0.0
2005-08-25 00:00:00-04:00,8.512518624487166,8.606279373168945,8.512518624487166,8.606279373168945,750,0.0,0.0
2005-08-26 00:00:00-04:00,8.581605911254883,8.581605911254883,8.581605911254883,8.581605911254883,125,0.0,0.0
2005-08-29 00:00:00-04:00,8.537196620083384,8.561870574951172,8.51745710322506,8.561870574951172,875,0.0,0.0
2005-08-30 00:00:00-04:00,8.537193642291523,8.566802024841309,8.537193642291523,8.566802024841309,1500,0.0,0.0
2005-08-31 00:00:00-04:00,8.542125239835332,8.848082542419434,8.542125239835332,8.848082542419434,9875,0.0,0.0
2005-09-01 00:00:00-04:00,8.788867208436683,8.951715354351279,8.788867208436683,8.907301902770996,8500,0.0,0.0
2005-09-02 00:00:00-04:00,8.946783054601493,9.006001008073731,8.946783054601493,8.981327056884766,5500,0.0,0.0
2005-09-06 00:00:00-04:00,9.006001008073731,9.006001008073731,8.9566531056958,8.981327056884766,5500,0.0,0.0
2005-09-07 00:00:00-04:00,8.931972971446912,8.931972971446912,8.857951164245605,8.857951164245605,19125,0.0,0.0
2005-09-08 00:00:00-04:00,8.9073014295475,8.917171477112005,8.882627487182617,8.882627487182617,875,0.0,0.0
2005-09-09 00:00:00-04:00,8.833280422398351,8.956650733947754,8.833280422398351,8.956650733947754,1625,0.0,0.0
2005-09-12 00:00:00-04:00,8.907300480051752,8.907300480051752,8.867822647094727,8.867822647094727,2750,0.0,0.0
2005-09-13 00:00:00-04:00,8.818474176466072,8.818474176466072,8.783930778503418,8.783930778503418,2125,0.0,0.0
2005-09-14 00:00:00-04:00,8.833279631854923,8.833279631854923,8.685235977172852,8.685235977172852,3375,0.0,0.0
2005-09-15 00:00:00-04:00,8.640823116077506,8.685235977172852,8.640823116077506,8.685235977172852,16500,0.0,0.0
2005-09-16 00:00:00-04:00,8.68523671362888,8.754324111302626,8.581605911254883,8.581605911254883,10125,0.0,0.0
2005-09-19 00:00:00-04:00,8.581609503536008,8.581609503536008,8.54213105809285,8.561870574951172,9750,0.0,0.0
2005-09-20 00:00:00-04:00,8.537188044462663,8.537188044462663,8.512514114379883,8.512514114379883,22000,0.0,0.0
2005-09-21 00:00:00-04:00,8.487840184297102,8.512514114379883,8.487840184297102,8.512514114379883,750,0.0,0.0
2005-09-22 00:00:00-04:00,8.48784577987959,8.48784577987959,8.438497887181605,8.468106269836426,1875,0.0,0.0
2005-09-23 00:00:00-04:00,8.53719293151895,8.626019248319544,8.53719293151895,8.571736335754395,8500,0.0,0.0
2005-09-26 00:00:00-04:00,8.571731428923977,8.571731428923977,8.487840184297102,8.512514114379883,1875,0.0,0.0
2005-09-27 00:00:00-04:00,8.512519101854378,8.581605911254883,8.512519101854378,8.581605911254883,1375,0.0,0.0
2005-09-28 00:00:00-04:00,8.630953557523117,8.655627501368192,8.611214637756348,8.611214637756348,12125,0.0,0.0
2005-09-29 00:00:00-04:00,8.611214637756348,8.611214637756348,8.611214637756348,8.611214637756348,125,0.0,0.0
2005-09-30 00:00:00-04:00,8.611214637756348,8.611214637756348,8.611214637756348,8.611214637756348,0,0.0,0.0
2005-10-03 00:00:00-04:00,8.660558723512944,8.759254455566406,8.635884790499578,8.759254455566406,1625,0.0,0.0
2005-10-04 00:00:00-04:00,8.734583832993318,8.882627487182617,8.734583832993318,8.882627487182617,4250,0.0,0.0
2005-10-05 00:00:00-04:00,8.838215230270109,8.853019714355469,8.808606262099392,8.853019714355469,1625,0.0,0.0
2005-10-06 00:00:00-04:00,8.872757079173905,8.902366042155109,8.783930778503418,8.783930778503418,9375,0.0,0.0
2005-10-07 00:00:00-04:00,8.778996343521968,8.783930778503418,8.709908959323533,8.783930778503418,13125,0.0,0.0
2005-10-10 00:00:00-04:00,8.783930778503418,8.783930778503418,8.783930778503418,8.783930778503418,0,0.0,0.0
2005-10-11 00:00:00-04:00,8.83327960245285,8.882627487182617,8.83327960245285,8.882627487182617,1750,0.0,0.0
2005-10-12 00:00:00-04:00,8.857953544817734,8.882627487182617,8.857953544817734,8.882627487182617,1250,0.0,0.0
2005-10-13 00:00:00-04:00,8.93197250366211,8.956647026376656,8.93197250366211,8.93197250366211,2875,0.0,0.0
2005-10-14 00:00:00-04:00,8.981327056884766,8.981327056884766,8.981327056884766,8.981327056884766,375,0.0,0.0
2005-10-17 00:00:00-04:00,9.00106598252658,9.030674959262699,8.981327056884766,8.981327056884766,4750,0.0,0.0
2005-10-18 00:00:00-04:00,8.93197250366211,8.93197250366211,8.882624634779015,8.93197250366211,2875,0.0,0.0
2005-10-19 00:00:00-04:00,8.8826283255793,8.8826283255793,8.843150484687879,8.872758865356445,4875,0.0,0.0
2005-10-20 00:00:00-04:00,8.833276254606504,8.833276254606504,8.734580522553042,8.759254455566406,8250,0.0,0.0
2005-10-21 00:00:00-04:00,8.709909439086914,8.709909439086914,8.685235498001184,8.709909439086914,2125,0.0,0.0
2005-10-24 00:00:00-04:00,8.685237045809146,8.695106506347656,8.685237045809146,8.695106506347656,875,0.0,0.0
2005-10-25 00:00:00-04:00,8.685235977172852,8.69017100097153,8.685235977172852,8.685235977172852,4625,0.0,0.0
2005-10-26 00:00:00-04:00,8.685235977172852,8.685235977172852,8.685235977172852,8.685235977172852,0,0.0,0.0
2005-10-27 00:00:00-04:00,8.685235025482793,8.709908965226141,8.635887145996094,8.635887145996094,4875,0.0,0.0
2005-10-28 00:00:00-04:00,8.685234311559357,8.690169334411621,8.685234311559357,8.690169334411621,375,0.0,0.0
2005-10-31 00:00:00-05:00,8.734585402621839,8.754324913024902,8.734585402621839,8.754324913024902,3375,0.0,0.0
2005-11-01 00:00:00-05:00,8.754324913024902,8.754324913024902,8.754324913024902,8.754324913024902,1250,0.0,0.0
2005-11-02 00:00:00-05:00,8.774060371048666,8.833277702331543,8.774060371048666,8.833277702331543,4250,0.0,0.0
2005-11-03 00:00:00-05:00,8.833277702331543,8.862886662109512,8.833277702331543,8.833277702331543,2625,0.0,0.0
2005-11-04 00:00:00-05:00,8.833281322122062,8.833281322122062,8.71484661102295,8.71484661102295,2000,0.0,0.0
2005-11-07 00:00:00-05:00,8.685235498001184,8.709909439086914,8.611213674743993,8.709909439086914,2750,0.0,0.0
2005-11-08 00:00:00-05:00,8.670160666043428,8.739720390861944,8.665191860427772,8.695003509521484,1500,0.096,0.0
2005-11-09 00:00:00-05:00,8.69500659693243,8.69500659693243,8.645320892333984,8.645320892333984,1750,0.0,0.0
2005-11-10 00:00:00-05:00,8.620476722717285,8.655256592161331,8.545948177208519,8.620476722717285,6125,0.0,0.0
2005-11-11 00:00:00-05:00,8.595632135609257,8.695003509521484,8.595632135609257,8.695003509521484,4625,0.0,0.0
2005-11-14 00:00:00-05:00,8.645320892333984,8.645320892333984,8.645320892333984,8.645320892333984,250,0.0,0.0
2005-11-15 00:00:00-05:00,8.695000652714043,8.695000652714043,8.570786476135254,8.570786476135254,4500,0.0,0.0
2005-11-16 00:00:00-05:00,8.570786476135254,8.570786476135254,8.570786476135254,8.570786476135254,0,0.0,0.0
2005-11-17 00:00:00-05:00,8.645319571220208,8.665193613102455,8.620476722717285,8.620476722717285,2375,0.0,0.0
2005-11-18 00:00:00-05:00,8.695003509521484,8.695003509521484,8.695003509521484,8.695003509521484,250,0.0,0.0
2005-11-21 00:00:00-05:00,8.64531782256537,8.695003509521484,8.64531782256537,8.695003509521484,3250,0.0,0.0
2005-11-22 00:00:00-05:00,8.719849449231653,8.729786471691277,8.645320892333984,8.645320892333984,6125,0.0,0.0
2005-11-23 00:00:00-05:00,8.595634460449219,8.640351353884146,8.595634460449219,8.595634460449219,875,0.0,0.0
2005-11-25 00:00:00-05:00,8.645320082892766,8.7198486328125,8.645320082892766,8.7198486328125,875,0.0,0.0
2005-11-28 00:00:00-05:00,8.744688206215999,8.868902409540082,8.744688206215999,8.81921672821045,6375,0.0,0.0
2005-11-29 00:00:00-05:00,8.84406005595407,8.93846321105957,8.84406005595407,8.93846321105957,3625,0.0,0.0
2005-11-30 00:00:00-05:00,8.943431424086128,8.943431424086128,8.93846321105957,8.93846321105957,1000,0.0,0.0
2005-12-01 00:00:00-05:00,8.943428611503005,8.943428611503005,8.893742943062424,8.918585777282715,13625,0.0,0.0
2005-12-02 00:00:00-05:00,8.893745422363281,8.93349408665642,8.893745422363281,8.893745422363281,5500,0.0,0.0
2005-12-05 00:00:00-05:00,8.868902581217576,8.893745422363281,8.863934368368467,8.893745422363281,1125,0.0,0.0
2005-12-06 00:00:00-05:00,8.918588059994915,8.963305528416806,8.893745219416102,8.94343090057373,8375,0.0,0.0
2005-12-07 00:00:00-05:00,8.893746954256367,8.94840145111084,8.893746954256367,8.94840145111084,3375,0.0,0.0
2005-12-08 00:00:00-05:00,8.94840145111084,8.953370257115848,8.94343264510583,8.94840145111084,3750,0.0,0.0
2005-12-09 00:00:00-05:00,8.973242343689641,8.99311637878418,8.89871382363508,8.99311637878418,4000,0.0,0.0
2005-12-12 00:00:00-05:00,8.943431900346758,8.943431900346758,8.898715019226074,8.898715019226074,3375,0.0,0.0
2005-12-13 00:00:00-05:00,8.898711746826438,8.948397415267019,8.898711746826438,8.918585777282715,7250,0.0,0.0
2005-12-14 00:00:00-05:00,8.923554581046728,8.923554581046728,8.918585777282715,8.918585777282715,3750,0.0,0.0
2005-12-15 00:00:00-05:00,8.943431147224311,8.943431147224311,8.844059782168495,8.849028587341309,6250,0.0,0.0
2005-12-16 00:00:00-05:00,8.94343090057373,8.94343090057373,8.918588059994915,8.94343090057373,1625,0.0,0.0
2005-12-19 00:00:00-05:00,8.94343090057373,8.94343090057373,8.94343090057373,8.94343090057373,0,0.0,0.0
2005-12-20 00:00:00-05:00,8.938462687837992,8.948399705609509,8.933493882802212,8.94343090057373,5000,0.0,0.0
2005-12-21 00:00:00-05:00,8.923558661063158,8.928527467099002,8.824187278747559,8.824187278747559,10875,0.0,0.0
2005-12-22 00:00:00-05:00,8.844061004726363,8.868903849424465,8.77946949005127,8.77946949005127,5250,0.0,0.0
2005-12-23 00:00:00-05:00,8.744691261677852,8.76953411102295,8.729785433610743,8.76953411102295,10625,0.0,0.0
2005-12-27 00:00:00-05:00,8.774500579115282,8.80431163500361,8.71984608820321,8.76456356048584,3375,0.0,0.0
2005-12-28 00:00:00-05:00,8.794377264176426,8.814251899719238,8.794377264176426,8.814251899719238,250,0.0,0.0
2005-12-29 00:00:00-05:00,8.81424851545751,8.81921672821045,8.794373887545632,8.81921672821045,875,0.0,0.0
2005-12-30 00:00:00-05:00,8.824190270861555,8.824190270861555,8.699976000848375,8.759598731994629,4500,0.0,0.0
2006-01-03 00:00:00-05:00,8.76456457326181,8.76456457326181,8.74468994140625,8.74468994140625,1500,0.0,0.0
2006-01-04 00:00:00-05:00,8.794376960368046,8.794376960368046,8.734754240399862,8.76953411102295,4750,0.0,0.0
2006-01-05 00:00:00-05:00,8.744691482785745,8.744691482785745,8.69997458975401,8.7198486328125,5000,0.0,0.0
2006-01-06 00:00:00-05:00,8.719848531517915,8.734754359788761,8.699974488690293,8.70494270324707,2500,0.0,0.0
2006-01-09 00:00:00-05:00,8.704944314705173,8.764567638826016,8.570793020034014,8.635384559631348,12875,0.0,0.0
2006-01-10 00:00:00-05:00,8.595635187735539,8.645320892333984,8.595635187735539,8.645320892333984,4000,0.0,0.0
2006-01-11 00:00:00-05:00,8.670161779592407,8.695004626261147,8.670161779592407,8.690035820007324,5625,0.0,0.0
2006-01-12 00:00:00-05:00,8.66519122015059,8.66519122015059,8.660223007202148,8.660223007202148,3375,0.0,0.0
2006-01-13 00:00:00-05:00,8.645320892333984,8.645320892333984,8.620478040034762,8.645320892333984,3375,0.0,0.0
2006-01-17 00:00:00-05:00,8.645320082892766,8.7198486328125,8.645320082892766,8.7198486328125,6000,0.0,0.0
2006-01-18 00:00:00-05:00,8.76953411102295,8.76953411102295,8.76953411102295,8.76953411102295,5500,0.0,0.0
2006-01-19 00:00:00-05:00,8.794376960368046,8.794376960368046,8.744691261677852,8.76953411102295,16625,0.0,0.0
2006-01-20 00:00:00-05:00,8.74468994140625,8.74468994140625,8.74468994140625,8.74468994140625,250,0.0,0.0
2006-01-23 00:00:00-05:00,8.769531046880816,8.81921672821045,8.744688206215999,8.81921672821045,7625,0.0,0.0
2006-01-24 00:00:00-05:00,8.824187278747559,8.824187278747559,8.819218472711714,8.824187278747559,1000,0.0,0.0
2006-01-25 00:00:00-05:00,8.82418553326343,8.82418553326343,8.81921672821045,8.81921672821045,1125,0.0,0.0
2006-01-26 00:00:00-05:00,8.824186280034274,8.893746002862425,8.819217474560794,8.868903160095215,2625,0.0,0.0
2006-01-27 00:00:00-05:00,8.7943742607149,8.863934572908045,8.7943742607149,8.844059944152832,4375,0.0,0.0
2006-01-30 00:00:00-05:00,8.863934572908045,8.893745627590764,8.844059944152832,8.844059944152832,8250,0.0,0.0
2006-01-31 00:00:00-05:00,8.79437781641318,8.79437781641318,8.754629135131836,8.754629135131836,2250,0.0,0.0
2006-02-01 00:00:00-05:00,8.729785122831291,8.729785122831291,8.699974060058594,8.699974060058594,3500,0.0,0.0
2006-02-02 00:00:00-05:00,8.724815158615197,8.724815158615197,8.695003509521484,8.695003509521484,2125,0.0,0.0
2006-02-03 00:00:00-05:00,8.695004250217591,8.76456457326181,8.695004250217591,8.74468994140625,2750,0.0,0.0
2006-02-06 00:00:00-05:00,8.719848412332754,8.76953411102295,8.704942584265645,8.76953411102295,1125,0.0,0.0
2006-02-07 00:00:00-05:00,8.819220704309087,8.819220704309087,8.744692148713835,8.789409637451172,500,0.0,0.0
2006-02-08 00:00:00-05:00,8.77939979934034,8.879449844360352,8.77939979934034,8.879449844360352,750,0.096,0.0
2006-02-09 00:00:00-05:00,8.909465268272857,9.129575729370117,8.909465268272857,9.129575729370117,15000,0.0,0.0
2006-02-10 00:00:00-05:00,9.079550248920787,9.104562759399414,9.079550248920787,9.104562759399414,1000,0.0,0.0
2006-02-13 00:00:00-05:00,9.079554557800293,9.079554557800293,9.079554557800293,9.079554557800293,125,0.0,0.0
2006-02-14 00:00:00-05:00,9.129577915824452,9.209617614746094,9.109567543834943,9.209617614746094,3000,0.0,0.0
2006-02-15 00:00:00-05:00,9.234631538391113,9.259644059926908,9.229629391891287,9.234631538391113,7000,0.0,0.0
2006-02-16 00:00:00-05:00,9.2346274560811,9.27464759211596,9.104562759399414,9.104562759399414,9625,0.0,0.0
2006-02-17 00:00:00-05:00,9.154590953452935,9.279653549194336,9.104565915156376,9.279653549194336,3500,0.0,0.0
2006-02-21 00:00:00-05:00,9.304664832201151,9.379702379677118,9.25964194590832,9.324674606323242,5250,0.0,0.0
2006-02-22 00:00:00-05:00,9.269649164471458,9.269649164471458,9.224626269750933,9.25464153289795,4000,0.0,0.0
2006-02-23 00:00:00-05:00,9.304666465113677,9.479754106617753,9.304666465113677,9.464746475219727,8750,0.0,0.0
2006-02-24 00:00:00-05:00,9.484756794463099,9.554791612122354,9.404716491699219,9.404716491699219,11750,0.0,0.0
2006-02-27 00:00:00-05:00,9.404716655941977,9.409719398581656,9.25464153289795,9.25464153289795,8625,0.0,0.0
2006-02-28 00:00:00-05:00,9.304662414116688,9.459740210470422,9.254637395466485,9.384702682495117,40375,0.0,0.0
2006-03-01 00:00:00-05:00,9.429729011769743,9.504766571981309,9.404716491699219,9.404716491699219,12000,0.0,0.0
2006-03-02 00:00:00-05:00,9.424724203885598,9.49475960254283,9.404714430752323,9.444734573364258,6750,0.0,0.0
2006-03-03 00:00:00-05:00,9.22962945303578,9.444737258937767,9.22962945303578,9.38970947265625,18125,0.0,0.0
2006-03-06 00:00:00-05:00,9.414718627929688,9.444733881777129,9.414718627929688,9.414718627929688,2875,0.0,0.0
2006-03-07 00:00:00-05:00,9.44974028495778,9.454742431640625,9.44974028495778,9.454742431640625,625,0.0,0.0
2006-03-08 00:00:00-05:00,9.454741586402884,9.50476662683262,9.404716545973148,9.464746475219727,11875,0.0,0.0
2006-03-09 00:00:00-05:00,9.40471461993672,9.499762535095215,9.40471461993672,9.499762535095215,5250,0.0,0.0
2006-03-10 00:00:00-05:00,9.464746867701278,9.559794806266511,9.464746867701278,9.53978443145752,6000,0.0,0.0
2006-03-13 00:00:00-05:00,9.50476474649103,9.599812662311372,9.50476474649103,9.559792518615723,12125,0.0,0.0
2006-03-14 00:00:00-05:00,9.584806892115592,9.62482704357006,9.584806892115592,9.609819412231445,5375,0.0,0.0
2006-03-15 00:00:00-05:00,9.60981862726558,9.679853439331055,9.60981862726558,9.679853439331055,11125,0.0,0.0
2006-03-16 00:00:00-05:00,9.704866553749262,9.704866553749262,9.679853439331055,9.679853439331055,12500,0.0,0.0
2006-03-17 00:00:00-05:00,9.704864501953125,9.704864501953125,9.704864501953125,9.704864501953125,1625,0.0,0.0
2006-03-20 00:00:00-05:00,9.704866036571335,9.704866036571335,9.58480559841301,9.594810485839844,12125,0.0,0.0
2006-03-21 00:00:00-05:00,9.579805882489604,9.579805882489604,9.554793357849121,9.554793357849121,14750,0.0,0.0
2006-03-22 00:00:00-05:00,9.554789710491333,9.579802225583768,9.499762535095215,9.499762535095215,16750,0.0,0.0
2006-03-23 00:00:00-05:00,9.534779057210589,9.704864501953125,9.534779057210589,9.704864501953125,5625,0.0,0.0
2006-03-24 00:00:00-05:00,9.724873654830919,9.854938951572718,9.724873654830919,9.734878540039062,12750,0.0,0.0
2006-03-27 00:00:00-05:00,9.744886864158838,9.764897237981973,9.744886864158838,9.754892349243164,9375,0.0,0.0
2006-03-28 00:00:00-05:00,9.759895000717089,9.759895000717089,9.729880332946777,9.729880332946777,9125,0.0,0.0
2006-03-29 00:00:00-05:00,9.729876395607644,9.764893792008804,9.709866028846049,9.734878540039062,17375,0.0,0.0
2006-03-30 00:00:00-05:00,9.754891955447995,9.789909362792969,9.734881582432658,9.789909362792969,3500,0.0,0.0
2006-03-31 00:00:00-05:00,9.829927771175164,10.00501537322998,9.829927771175164,10.00501537322998,15250,0.0,0.0
2006-04-03 00:00:00-04:00,10.005018301503247,10.23013159494823,10.005018301503247,10.050041198730469,27875,0.0,0.0
2006-04-04 00:00:00-04:00,10.080055134938032,10.180105209350586,10.080055134938032,10.180105209350586,14125,0.0,0.0
2006-04-05 00:00:00-04:00,10.205116691493673,10.750389931333464,10.205116691493673,10.630330085754395,41500,0.0,0.0
2006-04-06 00:00:00-04:00,10.655341534141604,11.150589661522803,10.255140123613314,10.330178260803223,63125,0.0,0.0
2006-04-07 00:00:00-04:00,10.380206016094585,10.585308323832837,10.380206016094585,10.57530403137207,7000,0.0,0.0
2006-04-10 00:00:00-04:00,10.620324770638522,10.70036506652832,10.605317140616,10.70036506652832,4750,0.0,0.0
2006-04-11 00:00:00-04:00,10.720376527367282,10.75039179213015,10.585309028625488,10.585309028625488,20750,0.0,0.0
2006-04-12 00:00:00-04:00,10.610319732953785,10.780404604327202,10.610319732953785,10.740385055541992,8125,0.0,0.0
2006-04-13 00:00:00-04:00,10.740388317008426,10.975505921072637,10.700367563379515,10.705370903015137,28375,0.0,0.0
2006-04-17 00:00:00-04:00,10.730378920571695,10.80541706085205,10.730378920571695,10.80541706085205,7500,0.0,0.0
2006-04-18 00:00:00-04:00,10.805420637228638,11.005520820617676,10.805420637228638,11.005520820617676,6125,0.0,0.0
2006-04-19 00:00:00-04:00,10.955491427998526,11.005516453997531,10.930478318653673,10.950488090515137,19250,0.0,0.0
2006-04-20 00:00:00-04:00,10.905470334533629,11.055545466648033,10.900466995246024,11.04053783416748,2875,0.0,0.0
2006-04-21 00:00:00-04:00,11.065549645077134,11.280658644170403,11.065549645077134,11.14058780670166,13125,0.0,0.0
2006-04-24 00:00:00-04:00,11.115573331099272,11.115573331099272,10.950490588377276,10.955493927001953,15875,0.0,0.0
2006-04-25 00:00:00-04:00,11.005519007108894,11.055544044712942,10.980505891961384,11.03053092956543,3875,0.0,0.0
2006-04-26 00:00:00-04:00,10.980508995374102,11.02052975238296,10.880458891888926,10.925481796264648,14750,0.0,0.0
2006-04-27 00:00:00-04:00,10.900465427503088,10.990511209435711,10.900465427503088,10.960495948791504,2875,0.0,0.0
2006-04-28 00:00:00-04:00,10.99051510933647,11.20062081570938,10.980509621341044,11.080559730529785,23500,0.0,0.0
2006-05-01 00:00:00-04:00,11.105570912312196,11.105570912312196,10.920478361946452,11.005520820617676,10875,0.0,0.0
2006-05-02 00:00:00-04:00,10.98050770134846,11.005520820617676,10.905470728923158,11.005520820617676,2500,0.0,0.0
2006-05-03 00:00:00-04:00,10.914983800166912,10.914983800166912,10.633306837557207,10.663485527038574,24000,0.096,0.0
2006-05-04 00:00:00-04:00,10.638331962862903,10.7389307502803,10.638331962862903,10.728870391845703,10125,0.0,0.0
2006-05-05 00:00:00-04:00,10.663480812874456,10.82947012742015,10.628271358017892,10.703721046447754,21000,0.0,0.0
2006-05-08 00:00:00-04:00,10.688633205400603,10.76408290863037,10.562884099761774,10.764082908630371,15875,0.0,0.0
2006-05-09 00:00:00-04:00,10.748993203041959,10.748993203041959,10.562884330749512,10.562884330749512,5625,0.0,0.0
2006-05-10 00:00:00-04:00,10.588031698206365,10.588031698206365,10.286235360779267,10.36168384552002,10875,0.0,0.0
2006-05-11 00:00:00-04:00,10.311387635374237,10.512585255696479,10.311387635374237,10.442166328430176,11250,0.0,0.0
2006-05-12 00:00:00-04:00,10.442166227793802,10.457256169095782,10.145399380908861,10.21078872680664,10500,0.0,0.0
2006-05-15 00:00:00-04:00,10.205759146116781,10.261088131402442,10.140369800219002,10.21078872680664,7625,0.0,0.0
2006-05-16 00:00:00-04:00,10.160486610988587,10.160486610988587,9.939168930053711,9.939168930053711,5000,0.0,0.0
2006-05-17 00:00:00-04:00,9.939169483746342,9.939169483746342,9.531744152694262,9.657492637634277,14625,0.0,0.0
2006-05-18 00:00:00-04:00,9.647432979526958,9.68767261505127,9.607193344002647,9.68767261505127,2125,0.0,0.0
2006-05-19 00:00:00-04:00,9.68767261505127,9.68767261505127,9.68767261505127,9.68767261505127,0,0.0,0.0
2006-05-22 00:00:00-04:00,9.69270219064653,9.727911644681283,9.632342441311478,9.662522315979004,9250,0.0,0.0
2006-05-23 00:00:00-04:00,9.712818868063549,9.833537731828667,9.712818868063549,9.768148422241211,5250,0.0,0.0
2006-05-24 00:00:00-04:00,9.70779072295562,9.70779072295562,9.582042254967075,9.68264102935791,7000,0.0,0.0
2006-05-25 00:00:00-04:00,9.732941422940327,9.732941422940327,9.511624336242676,9.511624336242676,6625,0.0,0.0
2006-05-26 00:00:00-04:00,9.436173390638306,9.461323081887114,9.154496608805278,9.224915504455566,30500,0.0,0.0
2006-05-30 00:00:00-04:00,9.179648147503428,9.204797843813738,9.079048762646138,9.129348754882812,4625,0.0,0.0
2006-05-31 00:00:00-04:00,9.0538995156613,9.0538995156613,9.003600120544434,9.003600120544434,2125,0.0,0.0
2006-06-01 00:00:00-04:00,9.079048068512687,9.199766961342307,9.053898374125184,9.179647445678711,10750,0.0,0.0
2006-06-02 00:00:00-04:00,9.214859057405517,9.255098697778909,9.17964959693486,9.229948997497559,6000,0.0,0.0
2006-06-05 00:00:00-04:00,9.280248398060257,9.300367918438877,9.184679177221438,9.229948997497559,10625,0.0,0.0
2006-06-06 00:00:00-04:00,9.204799297216208,9.255098697778909,9.17964959693486,9.229948997497559,14125,0.0,0.0
2006-06-07 00:00:00-04:00,9.28024959564209,9.360728287158194,9.250069711563407,9.28024959564209,12625,0.0,0.0
2006-06-08 00:00:00-04:00,9.330547798622957,9.335577378909536,9.15449989665351,9.229948997497559,3625,0.0,0.0
2006-06-09 00:00:00-04:00,9.265157447965993,9.33054678149259,9.229947991333546,9.320487022399902,12500,0.0,0.0
2006-06-12 00:00:00-04:00,9.280246171005189,9.652462005615234,9.280246171005189,9.652462005615234,38750,0.0,0.0
2006-06-13 00:00:00-04:00,9.657491067076876,9.66252124550287,9.551862716674805,9.551862716674805,9625,0.0,0.0
2006-06-14 00:00:00-04:00,9.556894656080315,9.607194054300518,9.531744956970215,9.531744956970215,16500,0.0,0.0
2006-06-15 00:00:00-04:00,9.521683744553568,9.55689319801268,9.521683744553568,9.536773681640625,10250,0.0,0.0
2006-06-16 00:00:00-04:00,9.536773681640625,9.65749197910502,9.536773681640625,9.536773681640625,16500,0.0,0.0
2006-06-19 00:00:00-04:00,9.632342940646275,9.702762451982327,9.632342940646275,9.657492637634277,17500,0.0,0.0
2006-06-20 00:00:00-04:00,9.697733122495972,9.9089910753994,9.68264318305771,9.758092880249023,25000,0.0,0.0
2006-06-21 00:00:00-04:00,9.682643077003483,9.833541870117188,9.682643077003483,9.833541870117188,7125,0.0,0.0
2006-06-22 00:00:00-04:00,9.83354272755201,9.84360248807245,9.783243325333629,9.803362846374512,12000,0.0,0.0
2006-06-23 00:00:00-04:00,9.803362846374512,9.803362846374512,9.803362846374512,9.803362846374512,0,0.0,0.0
2006-06-26 00:00:00-04:00,9.808391773400682,9.838571051106543,9.732942080095794,9.737972259521484,10625,0.0,0.0
2006-06-27 00:00:00-04:00,9.687669179731133,9.939166063055296,9.682639002218302,9.768148422241211,43000,0.0,0.0
2006-06-28 00:00:00-04:00,9.833541517500704,9.91402019137723,9.758092423457407,9.858691215515137,30750,0.0,0.0
2006-06-29 00:00:00-04:00,9.808391567449272,9.903960177601938,9.808391567449272,9.888870239257812,35125,0.0,0.0
2006-06-30 00:00:00-04:00,9.873781401805584,9.929110379054903,9.858691462695365,9.908990859985352,31500,0.0,0.0
2006-07-03 00:00:00-04:00,9.959289903133998,9.959289903133998,9.883840809881903,9.9341402053833,25875,0.0,0.0
2006-07-05 00:00:00-04:00,9.954259371562637,9.95928955078125,9.954259371562637,9.95928955078125,2625,0.0,0.0
2006-07-06 00:00:00-04:00,9.9844388961792,9.9844388961792,9.979408717137655,9.9844388961792,3000,0.0,0.0
2006-07-07 00:00:00-04:00,10.03473628773662,10.05988597869873,10.03473628773662,10.05988597869873,2125,0.0,0.0
2006-07-10 00:00:00-04:00,10.034739191324132,10.085039187418765,10.034739191324132,10.074978828430176,4000,0.0,0.0
2006-07-11 00:00:00-04:00,10.1101877810218,10.160487174987793,10.090068263281832,10.160487174987793,5750,0.0,0.0
2006-07-12 00:00:00-04:00,10.160485711913914,10.180605226756743,10.059886938467795,10.085037231445312,9125,0.0,0.0
2006-07-13 00:00:00-04:00,10.034739101616164,10.034739101616164,9.858691215515137,9.858691215515137,18000,0.0,0.0
2006-07-14 00:00:00-04:00,9.939170934183112,10.054859677133758,9.939170934183112,9.969350814819336,15500,0.0,0.0
2006-07-17 00:00:00-04:00,9.939171576437225,10.009591102600098,9.939171576437225,10.009591102600098,1375,0.0,0.0
2006-07-18 00:00:00-04:00,10.059889379916719,10.15042781829834,10.059889379916719,10.15042781829834,2250,0.0,0.0
2006-07-19 00:00:00-04:00,10.110188484191895,10.20072811916706,10.110188484191895,10.110188484191895,2000,0.0,0.0
2006-07-20 00:00:00-04:00,10.059889143737978,10.085039442228798,10.009589745988578,10.019649505615234,13750,0.0,0.0
2006-07-21 00:00:00-04:00,10.034740804883366,10.085040809066104,9.99953134161003,10.009591102600098,17875,0.0,0.0
2006-07-24 00:00:00-04:00,9.984436300750414,10.034735679626465,9.984436300750414,10.034735679626465,625,0.0,0.0
2006-07-25 00:00:00-04:00,10.080008308275518,10.080008308275518,10.044798851013184,10.044798851013184,6750,0.0,0.0
2006-07-26 00:00:00-04:00,10.044798046597485,10.044798046597485,9.9844388961792,9.9844388961792,1750,0.0,0.0
2006-07-27 00:00:00-04:00,10.034735679626465,10.034735679626465,10.034735679626465,10.034735679626465,250,0.0,0.0
2006-07-28 00:00:00-04:00,10.059888789730213,10.059888789730213,9.984439695761168,10.044798851013184,1250,0.0,0.0
2006-07-31 00:00:00-04:00,10.044798851013184,10.044798851013184,10.044798851013184,10.044798851013184,0,0.0,0.0
2006-08-01 00:00:00-04:00,10.069945724532415,10.069945724532415,10.034735679626465,10.034735679626465,8000,0.0,0.0
2006-08-02 00:00:00-04:00,10.060079574584961,10.060079574584961,10.060079574584961,10.060079574584961,375,0.12,0.0
2006-08-03 00:00:00-04:00,10.01446599861059,10.034738540649414,10.009398316219839,10.034738540649414,1250,0.0,0.0
2006-08-04 00:00:00-04:00,10.02966858383754,10.02966858383754,9.755993843078613,9.755993843078613,16500,0.0,0.0
2006-08-07 00:00:00-04:00,9.705317970516234,9.705317970516234,9.654637506243992,9.669841766357422,3000,0.0,0.0
2006-08-08 00:00:00-04:00,9.614093780517578,9.614093780517578,9.614093780517578,9.614093780517578,125,0.0,0.0
2006-08-09 00:00:00-04:00,9.685042667459173,9.685042667459173,9.63436222076416,9.63436222076416,1750,0.0,0.0
2006-08-10 00:00:00-04:00,9.679977720649136,9.679977720649136,9.603957024380021,9.629297256469727,2000,0.0,0.0
2006-08-11 00:00:00-04:00,9.669836537952865,9.816810167370155,9.669836537952865,9.674904823303223,8250,0.0,0.0
2006-08-14 00:00:00-04:00,9.674904823303223,9.674904823303223,9.674904823303223,9.674904823303223,0,0.0,0.0
2006-08-15 00:00:00-04:00,9.674906346796792,9.674906346796792,9.60395336151123,9.60395336151123,750,0.0,0.0
2006-08-16 00:00:00-04:00,9.60395336151123,9.60395336151123,9.60395336151123,9.60395336151123,250,0.0,0.0
2006-08-17 00:00:00-04:00,9.553275279915889,9.568479537963867,9.482322881236934,9.568479537963867,4000,0.0,0.0
2006-08-18 00:00:00-04:00,9.5025928971681,9.527933120727539,9.492456928576042,9.527933120727539,2500,0.0,0.0
2006-08-21 00:00:00-04:00,9.502591733750862,9.512727701101957,9.472183227539062,9.472183227539062,1625,0.0,0.0
2006-08-22 00:00:00-04:00,9.472183227539062,9.472183227539062,9.472183227539062,9.472183227539062,0,0.0,0.0
2006-08-23 00:00:00-04:00,9.42150275033931,9.431638717651367,9.42150275033931,9.431638717651367,625,0.0,0.0
2006-08-24 00:00:00-04:00,9.431638717651367,9.431638717651367,9.431638717651367,9.431638717651367,0,0.0,0.0
2006-08-25 00:00:00-04:00,9.350552385589083,9.350552385589083,9.335348129272461,9.335348129272461,1750,0.0,0.0
2006-08-28 00:00:00-04:00,9.2795991897583,9.2795991897583,9.2795991897583,9.2795991897583,2625,0.0,0.0
2006-08-29 00:00:00-04:00,9.2238481717743,9.239051818847656,9.163031166847125,9.239051818847656,1750,0.0,0.0
2006-08-30 00:00:00-04:00,9.173168850832846,9.244121835149294,9.147828628753805,9.193441390991211,2375,0.0,0.0
2006-08-31 00:00:00-04:00,9.122488447645441,9.137692701792862,9.046467781066895,9.046467781066895,6000,0.0,0.0
2006-09-01 00:00:00-04:00,9.046468178326053,9.046468178326053,8.89442683849234,8.899495124816895,9375,0.0,0.0
2006-09-05 00:00:00-04:00,8.924835379834452,8.970447540283203,8.924835379834452,8.970447540283203,1875,0.0,0.0
2006-09-06 00:00:00-04:00,8.970445358989396,9.021125793457031,8.970445358989396,9.021125793457031,2625,0.0,0.0
2006-09-07 00:00:00-04:00,8.995787336681195,9.122488447645441,8.995787336681195,9.046467781066895,15125,0.0,0.0
2006-09-08 00:00:00-04:00,9.097148225452592,9.117420765702004,9.041400099123456,9.046467781066895,1875,0.0,0.0
2006-09-11 00:00:00-04:00,9.046466010690848,9.052801216038912,8.964110153641334,9.021125793457031,5200,0.0,1.25
2006-09-12 00:00:00-04:00,8.957776576709922,8.957776576709922,8.641023522989522,8.850080490112305,10300,0.0,0.0
2006-09-13 00:00:00-04:00,8.86908745913461,8.894427684851506,8.80573659276305,8.812071800231934,8300,0.0,0.0
2006-09-14 00:00:00-04:00,8.774061577011684,8.932438135411472,8.774061577011684,8.875422477722168,20200,0.0,0.0
2006-09-15 00:00:00-04:00,8.932434604942511,9.040130670421101,8.932434604942511,8.964109420776367,3800,0.0,0.0
2006-09-18 00:00:00-04:00,9.02746220520549,9.280864411407501,9.02746220520549,9.147828102111816,4700,0.0,0.0
2006-09-19 00:00:00-04:00,9.166832903426856,9.217513340148844,9.090812248343875,9.12248706817627,3300,0.0,0.0
2006-09-20 00:00:00-04:00,9.059140860279502,9.116156528032333,8.932439712028064,9.109821319580078,7900,0.0,0.0
2006-09-21 00:00:00-04:00,9.109822491556034,9.109822491556034,8.900765419006348,8.900765419006348,6200,0.0,0.0
2006-09-22 00:00:00-04:00,8.875423380891334,8.900763608647594,8.869088172912598,8.869088172912598,1700,0.0,0.0
2006-09-25 00:00:00-04:00,8.932438471978672,8.932438471978672,8.127885234996684,8.229246139526367,34400,0.0,0.0
2006-09-26 00:00:00-04:00,8.229247745243685,8.362284109437038,8.172232074280995,8.279928207397461,37100,0.0,0.0
2006-09-27 00:00:00-04:00,8.298931633243289,8.362281892057895,8.254585787498598,8.330606460571289,9300,0.0,0.0
2006-09-28 00:00:00-04:00,8.393956664594048,9.29987067153758,8.393956664594048,9.236519813537598,27700,0.0,0.0
2006-09-29 00:00:00-04:00,9.299871287617899,9.648299217224121,9.299871287617899,9.648299217224121,14300,0.0,0.0
2006-10-02 00:00:00-04:00,9.64196645859003,9.673641895747087,9.4899244810679,9.496259689331055,3500,0.0,0.0
2006-10-03 00:00:00-04:00,9.534270939753076,9.584951400756836,9.534270939753076,9.584951400756836,800,0.0,0.0
2006-10-04 00:00:00-04:00,9.521598057382835,9.565943902399523,9.470917609499702,9.502593040466309,1500,0.0,0.0
2006-10-05 00:00:00-04:00,9.565945107134624,9.70531605428632,9.445578575134277,9.445578575134277,8700,0.0,0.0
2006-10-06 00:00:00-04:00,9.439240995240977,9.502591849232601,8.932436579942054,9.154163360595703,22800,0.0,0.0
2006-10-09 00:00:00-04:00,9.185837283314061,9.261857933159718,9.185837283314061,9.255522727966309,4900,0.0,0.0
2006-10-10 00:00:00-04:00,9.318879077955335,9.375894750068802,9.312543869018555,9.312543869018555,1100,0.0,0.0
2006-10-11 00:00:00-04:00,9.344216926195935,9.344216926195935,9.217515800570766,9.2428560256958,1900,0.0,0.0
2006-10-12 00:00:00-04:00,9.249193144884988,9.439244570528293,9.211182497261078,9.388564109802246,11500,0.0,0.0
2006-10-13 00:00:00-04:00,9.388564109802246,9.388564109802246,9.388564109802246,9.388564109802246,0,0.0,0.0
2006-10-16 00:00:00-04:00,9.325211148248172,9.470917279800242,9.217515049205959,9.407567024230957,10400,0.0,0.0
2006-10-17 00:00:00-04:00,9.470917609499702,9.502593040466309,9.382227127783517,9.502593040466309,2500,0.0,0.0
2006-10-18 00:00:00-04:00,9.565945055793618,9.565945055793618,9.407568486023251,9.43924331665039,1400,0.0,0.0
2006-10-19 00:00:00-04:00,9.496259689331055,9.496259689331055,9.496259689331055,9.496259689331055,2500,0.0,0.0
2006-10-20 00:00:00-04:00,9.496257359102456,9.496257359102456,9.42657189778359,9.432907104492188,3700,0.0,0.0
2006-10-23 00:00:00-04:00,9.37589145243195,9.432907104492188,9.37589145243195,9.432907104492188,6000,0.0,0.0
2006-10-24 00:00:00-04:00,9.407566881816367,9.432907104492188,9.407566881816367,9.432907104492188,700,0.0,0.0
2006-10-25 00:00:00-04:00,9.439246701747182,9.68631445668936,9.439246701747182,9.565948486328125,13000,0.0,0.0
2006-10-26 00:00:00-04:00,9.629295107609446,9.686310768127441,9.565944843601736,9.686310768127441,2000,0.0,0.0
2006-10-27 00:00:00-04:00,9.660972436159279,10.199453108690683,9.660972436159279,10.02207088470459,21800,0.0,0.0
2006-10-30 00:00:00-05:00,10.085419128030463,10.218454854994004,10.085419128030463,10.193115234375,4800,0.0,0.0
2006-10-31 00:00:00-05:00,10.231126986025984,10.256467819213867,10.231126986025984,10.256467819213867,1000,0.0,0.0
2006-11-01 00:00:00-05:00,10.212122107322593,10.212122107322593,10.091755571761968,10.142436027526855,2600,0.0,0.0
2006-11-02 00:00:00-05:00,10.142434251799271,10.142434251799271,10.072748184204102,10.072748184204102,1200,0.0,0.0
2006-11-03 00:00:00-05:00,10.009396448000981,10.0474064754716,9.99039143426567,9.996726036071777,600,0.0,0.0
2006-11-06 00:00:00-05:00,9.996726036071777,9.996726036071777,9.996726036071777,9.996726036071777,0,0.0,0.0
2006-11-07 00:00:00-05:00,9.996726598403077,10.161438941955566,9.952381362473368,10.161438941955566,6600,0.0,0.0
2006-11-08 00:00:00-05:00,10.135906257029555,10.46781218833736,10.135906257029555,10.295475959777832,17700,0.12,0.0
2006-11-09 00:00:00-05:00,10.34015848335071,10.901845542548799,10.34015848335071,10.755041122436523,32300,0.0,0.0
2006-11-10 00:00:00-05:00,10.755039396613135,10.863547258724479,10.755039396613135,10.78695297241211,1400,0.0,0.0
2006-11-13 00:00:00-05:00,10.755041992215139,10.806104456271745,10.691213607788086,10.691213607788086,2900,0.0,0.0
2006-11-14 00:00:00-05:00,10.755045211094739,11.099716642277329,10.755045211094739,10.920998573303223,14200,0.0,0.0
2006-11-15 00:00:00-05:00,10.946522545034165,10.946522545034165,10.908226013183594,10.908226013183594,1100,0.0,0.0
2006-11-16 00:00:00-05:00,10.869933237668663,10.869933237668663,10.780573009237283,10.831635475158691,700,0.0,0.0
2006-11-17 00:00:00-05:00,10.850783856182705,10.850783856182705,10.633768081665039,10.633768081665039,3900,0.0,0.0
2006-11-20 00:00:00-05:00,10.659299423028536,10.850783348083496,10.627384623902639,10.850783348083496,9500,0.0,0.0
2006-11-21 00:00:00-05:00,10.850784579219372,11.048651486549598,10.850784579219372,11.02950382232666,10200,0.0,0.0
2006-11-22 00:00:00-05:00,10.97843884768988,11.099711418151857,10.972055888598465,11.099711418151855,8000,0.0,0.0
2006-11-24 00:00:00-05:00,11.042266097557453,11.316727253694975,11.042266097557453,11.16353988647461,11100,0.0,0.0
2006-11-27 00:00:00-05:00,11.176306565078537,11.361407523194341,10.978439687803005,11.138010025024414,14000,0.0,0.0
2006-11-28 00:00:00-05:00,11.169926325480143,11.489067077636719,11.106097931563756,11.489067077636719,9400,0.0,0.0
2006-11-29 00:00:00-05:00,11.48906448173133,11.616721240720599,11.48906448173133,11.584806442260742,3300,0.0,0.0
2006-11-30 00:00:00-05:00,11.616723694035931,11.648637281810483,11.4571533203125,11.4571533203125,5400,0.0,0.0
2006-12-01 00:00:00-05:00,11.39332628338153,11.425239874954466,11.112482051322877,11.118865013122559,4600,0.0,0.0
2006-12-04 00:00:00-05:00,11.131630907939421,11.169927461213017,11.04227066040039,11.04227066040039,5800,0.0,0.0
2006-12-05 00:00:00-05:00,11.074183101354297,11.074183101354297,10.818870771747253,10.831635475158691,4600,0.0,0.0
2006-12-06 00:00:00-05:00,10.799721890492268,10.952909288256494,10.70397991906778,10.831635475158691,12100,0.0,0.0
2006-12-07 00:00:00-05:00,10.876315134643875,10.940142297735953,10.678447033298111,10.774188995361328,3600,0.0,0.0
2006-12-08 00:00:00-05:00,10.735890797715742,10.882695198059082,10.735890797715742,10.882695198059082,4000,0.0,0.0
2006-12-11 00:00:00-05:00,10.933759600591795,11.010353902537373,10.850783556123787,10.96567440032959,17600,0.0,0.0
2006-12-12 00:00:00-05:00,10.914613280332027,10.978441670231392,10.659300938159843,10.703980445861816,4300,0.0,0.0
2006-12-13 00:00:00-05:00,10.735889434814453,10.87631207594683,10.672061072247443,10.735889434814453,15400,0.0,0.0
2006-12-14 00:00:00-05:00,10.735892886701665,10.882697315610153,10.576322537690224,10.5827054977417,6800,0.0,0.0
2006-12-15 00:00:00-05:00,10.582705376218655,10.60823721613137,10.53164291381836,10.53164291381836,14100,0.0,0.0
2006-12-18 00:00:00-05:00,10.474195986016918,10.474195986016918,10.021016240813955,10.244414329528809,29000,0.0,0.0
2006-12-19 00:00:00-05:00,10.18058610816341,10.18058610816341,10.091227120172809,10.116758346557617,3800,0.0,0.0
2006-12-20 00:00:00-05:00,10.05292798388494,10.05292798388494,9.861443519592285,9.861443519592285,4600,0.0,0.0
2006-12-21 00:00:00-05:00,9.829535554618493,10.167825211917291,9.829535554618493,9.893363952636719,37100,0.0,0.0
2006-12-22 00:00:00-05:00,9.89974406883366,9.989103069920688,9.886978149414062,9.886978149414062,7700,0.0,0.0
2006-12-26 00:00:00-05:00,9.91251099244076,10.276331841834883,9.91251099244076,10.206120491027832,44700,0.0,0.0
2006-12-27 00:00:00-05:00,10.25080054552631,10.531644746306926,10.25080054552631,10.467816352844238,6500,0.0,0.0
2006-12-28 00:00:00-05:00,10.506115943210556,10.869937526037553,10.506115943210556,10.65930461883545,10800,0.0,0.0
2006-12-29 00:00:00-05:00,10.595470990823348,10.786954914949785,10.467814229788992,10.774188995361328,6000,0.0,0.0
2007-01-03 00:00:00-05:00,10.83801807628124,10.844401036487966,10.678447723388672,10.678447723388672,4700,0.0,0.0
2007-01-04 00:00:00-05:00,10.614618603784207,10.614618603784207,10.372072219848633,10.372072219848633,5600,0.0,0.0
2007-01-05 00:00:00-05:00,10.40398683086693,10.40398683086693,10.314627820167098,10.346541404724121,2000,0.0,0.0
2007-01-08 00:00:00-05:00,10.282711999535755,10.372070990803618,10.26356312251052,10.276329040527344,3100,0.0,0.0
2007-01-09 00:00:00-05:00,10.244414245485286,10.276329040527344,10.180586481538594,10.276329040527344,3600,0.0,0.0
2007-01-10 00:00:00-05:00,10.212502915301815,10.435901660059086,10.180588721948975,10.429518699645996,12400,0.0,0.0
2007-01-11 00:00:00-05:00,10.435896873474121,10.435896873474121,10.333771988556274,10.435896873474121,6500,0.0,0.0
2007-01-12 00:00:00-05:00,10.429520841632463,10.525262832641602,10.429520841632463,10.525262832641602,3900,0.0,0.0
2007-01-16 00:00:00-05:00,10.525262832641602,10.525262832641602,10.467817394551025,10.525262832641602,1400,0.0,0.0
2007-01-17 00:00:00-05:00,10.531643163549127,10.531643163549127,10.123142845947662,10.21888542175293,17900,0.0,0.0
2007-01-18 00:00:00-05:00,10.21888631995465,10.314628295462697,10.21888631995465,10.238035202026367,1000,0.0,0.0
2007-01-19 00:00:00-05:00,10.308244705200195,10.333776546403138,10.308244705200195,10.308244705200195,900,0.0,0.0
2007-01-22 00:00:00-05:00,10.352922016799425,10.352922016799425,10.180586386173957,10.21250057220459,3400,0.0,0.0
2007-01-23 00:00:00-05:00,10.276329040527344,10.276329040527344,10.212500667868177,10.276329040527344,2600,0.0,0.0
2007-01-24 00:00:00-05:00,10.308242702711611,10.314625661772387,10.244414329528809,10.244414329528809,2700,0.0,0.0
2007-01-25 00:00:00-05:00,10.314624835426066,10.314624835426066,10.180585749450575,10.295475959777832,17200,0.0,0.0
2007-01-26 00:00:00-05:00,10.231650791996314,10.359306335449219,10.225267832209903,10.359306335449219,3500,0.0,0.0
2007-01-29 00:00:00-05:00,10.29547924116323,10.391222432494908,9.778471608128315,9.867831230163574,12800,0.0,0.0
2007-01-30 00:00:00-05:00,9.931659779943363,10.36569075857884,9.931659779943363,10.148674964904785,26300,0.0,0.0
2007-01-31 00:00:00-05:00,10.212499148921486,10.518873831207186,10.206116190862438,10.442280769348145,10200,0.0,0.0
2007-02-01 00:00:00-05:00,10.506111970431771,10.672065291750439,10.506111970431771,10.550792694091797,7500,0.0,0.0
2007-02-02 00:00:00-05:00,10.486966133117676,10.49334909475245,10.486966133117676,10.486966133117676,400,0.0,0.0
2007-02-05 00:00:00-05:00,10.42313665387806,10.42313665387806,10.352925300598145,10.352925300598145,900,0.0,0.0
2007-02-06 00:00:00-05:00,10.467812926207605,10.933757976335107,10.467812926207605,10.621000289916992,15300,0.0,0.0
2007-02-07 00:00:00-05:00,10.627434648332631,10.627434648332631,10.608146667480469,10.608146667480469,300,0.12,0.0
2007-02-08 00:00:00-05:00,10.556711035066716,10.601715087890625,10.556711035066716,10.601715087890625,400,0.0,0.0
2007-02-09 00:00:00-05:00,10.53742305831284,10.601715087890625,10.53742305831284,10.601715087890625,200,0.0,0.0
2007-02-12 00:00:00-05:00,10.537421315986105,10.556709289550781,10.485987946081902,10.556709289550781,700,0.0,0.0
2007-02-13 00:00:00-05:00,10.556708287788402,10.556708287788402,10.453841557741375,10.460270881652832,1600,0.0,0.0
2007-02-14 00:00:00-05:00,10.511706264621681,10.524564914913089,10.46027288972444,10.49241828918457,900,0.0,0.0
2007-02-15 00:00:00-05:00,10.460273235544651,10.498847961425781,10.460273235544651,10.498847961425781,700,0.0,0.0
2007-02-16 00:00:00-05:00,10.498847701835306,11.006753356163669,10.498847701835306,10.511706352233887,14800,0.0,0.0
2007-02-20 00:00:00-05:00,10.530994436993813,10.910316087974763,10.505278359204004,10.71101188659668,20000,0.0,0.0
2007-02-21 00:00:00-05:00,10.743155842953641,10.852451917938883,10.730298418925319,10.833165168762207,8600,0.0,0.0
2007-02-22 00:00:00-05:00,10.820304463328045,10.878167152404785,10.820304463328045,10.878167152404785,2200,0.0,0.0
2007-02-23 00:00:00-05:00,10.813877176789253,10.878169201906141,10.749585151672363,10.749585151672363,2500,0.0,0.0
2007-02-26 00:00:00-05:00,10.736725385875019,11.611092567443848,10.67243337478087,11.611092567443848,55800,0.0,0.0
2007-02-27 00:00:00-05:00,11.67538943627863,11.67538943627863,11.353930473327637,11.353930473327637,10400,0.0,0.0
2007-02-28 00:00:00-05:00,11.353928665492829,11.771825005535648,11.289636637885833,11.38607406616211,17000,0.0,0.0
2007-03-01 00:00:00-05:00,11.321783300156614,11.328212625564221,11.21248722076416,11.21248722076416,1300,0.0,0.0
2007-03-02 00:00:00-05:00,11.263920190440311,11.328212215923076,11.263920190440311,11.283206939697266,4000,0.0,0.0
2007-03-05 00:00:00-05:00,11.283206523324184,11.341069221496582,11.244631799965367,11.341069221496582,2500,0.0,0.0
2007-03-06 00:00:00-05:00,11.379646830135101,11.726821843514957,11.379646830135101,11.437509536743164,24900,0.0,0.0
2007-03-07 00:00:00-05:00,11.443937812461908,11.566092553433064,11.405363082885742,11.405363082885742,3100,0.0,0.0
2007-03-08 00:00:00-05:00,11.46322425248937,11.508228302001953,11.46322425248937,11.508228302001953,400,0.0,0.0
2007-03-09 00:00:00-05:00,11.51465910990247,11.572521817089399,11.508229783962973,11.566092491149902,2600,0.0,0.0
2007-03-12 00:00:00-04:00,11.56609237544112,11.713963191764604,11.437509536743164,11.437509536743164,12400,0.0,0.0
2007-03-13 00:00:00-04:00,11.501800458023476,11.7268219608317,11.48894303241302,11.566092491149902,14200,0.0,0.0
2007-03-14 00:00:00-04:00,11.572521470402469,11.572521470402469,11.379646603069828,11.559662818908691,1800,0.0,0.0
2007-03-15 00:00:00-04:00,11.508231342650365,11.656102180480957,11.508231342650365,11.656102180480957,10400,0.0,0.0
2007-03-16 00:00:00-04:00,11.726821069132813,11.726821069132813,11.341070125975012,11.501799583435059,5900,0.0,0.0
2007-03-19 00:00:00-04:00,11.598237313937618,11.598237313937618,11.283206523324184,11.341069221496582,4900,0.0,0.0
2007-03-20 00:00:00-04:00,11.341071627979083,11.347500954281195,11.122479438781738,11.122479438781738,1500,0.0,0.0
2007-03-21 00:00:00-04:00,11.026043016645039,11.026043016645039,10.151674792114962,10.395983695983887,36000,0.0,0.0
2007-03-22 00:00:00-04:00,10.383123617463896,10.871741358155775,10.383123617463896,10.71101188659668,10200,0.0,0.0
2007-03-23 00:00:00-04:00,10.672435413221068,10.923172955484308,10.666006088256836,10.666006088256836,8400,0.0,0.0
2007-03-26 00:00:00-04:00,10.575998348743324,10.575998348743324,10.286684846916442,10.415268898010254,8500,0.0,0.0
2007-03-27 00:00:00-04:00,10.421700295375508,10.723872543202502,10.421700295375508,10.45384693145752,9400,0.0,0.0
2007-03-28 00:00:00-04:00,10.473130832279592,10.77530173609773,10.460272182857127,10.46670150756836,6900,0.0,0.0
2007-03-29 00:00:00-04:00,10.36383731783978,10.36383731783978,10.183819860383153,10.2095365524292,4300,0.0,0.0
2007-03-30 00:00:00-04:00,10.286686592938699,10.923175178724549,10.286686592938699,10.736729621887207,27900,0.0,0.0
2007-04-02 00:00:00-04:00,10.756018145574933,11.726824499793416,10.756018145574933,11.643245697021484,22000,0.0,0.0
2007-04-03 00:00:00-04:00,11.623955266693358,11.630384592670662,11.450367144111755,11.488943099975586,11200,0.0,0.0
2007-04-04 00:00:00-04:00,11.508227510802408,11.829686386669895,11.508227510802408,11.720390319824219,14300,0.0,0.0
2007-04-05 00:00:00-04:00,11.701105292013343,11.701105292013343,11.611095959677659,11.66895866394043,6200,0.0,0.0
2007-04-09 00:00:00-04:00,11.598239138418247,11.668959271322771,11.598239138418247,11.662529945373535,1800,0.0,0.0
2007-04-10 00:00:00-04:00,11.662529945373535,11.662529945373535,11.662529945373535,11.662529945373535,0,0.0,0.0
2007-04-11 00:00:00-04:00,11.56609572316869,11.57252505090479,11.360362140688958,11.392507553100586,10300,0.0,0.0
2007-04-12 00:00:00-04:00,11.392504028295104,11.662529578321902,11.392504028295104,11.559662818908691,11400,0.0,0.0
2007-04-13 00:00:00-04:00,11.604663647503736,11.611092971463677,11.321780750875268,11.379643440246582,22300,0.0,0.0
2007-04-16 00:00:00-04:00,11.379647461162014,11.630385052855232,11.379647461162014,11.623955726623535,10700,0.0,0.0
2007-04-17 00:00:00-04:00,11.662530047088008,11.829688844420414,11.566092609545462,11.778255462646484,23200,0.0,0.0
2007-04-18 00:00:00-04:00,11.765396635138057,11.810401916503906,11.70110582858105,11.810401916503906,4200,0.0,0.0
2007-04-19 00:00:00-04:00,11.823257084691416,11.829686409373302,11.71396101763598,11.803970336914062,5800,0.0,0.0
2007-04-20 00:00:00-04:00,11.713962694156686,11.778254723908807,11.540375807974973,11.572521209716797,6700,0.0,0.0
2007-04-23 00:00:00-04:00,11.476084397919832,12.080427548194136,11.476084397919832,11.662529945373535,35100,0.0,0.0
2007-04-24 00:00:00-04:00,11.636811808626033,12.106141483452124,11.55966113715611,11.707531929016113,20700,0.0,0.0
2007-04-25 00:00:00-04:00,11.707531284271056,12.099711492297804,11.707531284271056,11.861832618713379,8800,0.0,0.0
2007-04-26 00:00:00-04:00,11.842550542219596,11.945417332223789,11.79754647487637,11.829691886901855,3400,0.0,0.0
2007-04-27 00:00:00-04:00,11.906838775902681,11.958272154418243,11.861834722985126,11.926125526428223,2500,0.0,0.0
2007-04-30 00:00:00-04:00,11.861834063582368,11.861834063582368,11.675387310410295,11.739679336547852,2800,0.0,0.0
2007-05-01 00:00:00-04:00,11.765396118164062,11.771825443790963,11.649671935685275,11.765396118164062,4100,0.0,0.0
2007-05-02 00:00:00-04:00,11.67479631481784,11.836586721169333,11.67479631481784,11.739511489868164,5600,0.12,0.0
2007-05-03 00:00:00-04:00,11.771865972807628,11.771865972807628,11.519472192561459,11.76539421081543,9700,0.0,0.0
2007-05-04 00:00:00-04:00,11.76539421081543,11.76539421081543,11.76539421081543,11.76539421081543,0,0.0,0.0
2007-05-07 00:00:00-04:00,11.674794722054745,11.771868705749512,11.648907668076049,11.771868705749512,700,0.0,0.0
2007-05-08 00:00:00-04:00,11.771868705749512,11.771868705749512,11.771868705749512,11.771868705749512,0,0.0,0.0
2007-05-09 00:00:00-04:00,11.791282783403954,11.855999184106206,11.733038146208195,11.784811019897461,4200,0.0,0.0
2007-05-10 00:00:00-04:00,11.68773618072019,11.68773618072019,11.610077493050667,11.642435073852539,2300,0.0,0.0
2007-05-11 00:00:00-04:00,11.642435073852537,11.642435073852537,11.642435073852537,11.642435073852539,0,0.0,0.0
2007-05-14 00:00:00-04:00,11.655379684521105,12.017789807549335,11.603606809802786,11.635964393615723,9600,0.0,0.0
2007-05-15 00:00:00-04:00,11.623021751230127,11.700681686401367,11.558306578677355,11.700681686401367,1900,0.0,0.0
2007-05-16 00:00:00-04:00,11.700682450828936,11.700682450828936,11.603608451294955,11.648909568786621,6700,0.0,0.0
2007-05-17 00:00:00-04:00,11.551833023557673,11.616549420439634,11.551833023557673,11.558304786682129,1100,0.0,0.0
2007-05-18 00:00:00-04:00,11.532417887645847,11.752452899354951,11.325326402357893,11.351213455200195,7000,0.0,0.0
2007-05-21 00:00:00-04:00,11.25413884676174,11.25413884676174,10.937029838562012,10.937029838562012,8800,0.0,0.0
2007-05-22 00:00:00-04:00,10.846430324612527,11.0988229945824,10.846430324612527,10.943504333496094,21500,0.0,0.0
2007-05-23 00:00:00-04:00,10.904673063227001,10.995275291037418,10.67816625933818,10.684638023376465,9800,0.0,0.0
2007-05-24 00:00:00-04:00,10.678164279170325,10.678164279170325,10.555203253970486,10.626391410827637,5900,0.0,0.0
2007-05-25 00:00:00-04:00,10.78818569760215,11.09882302050016,10.678168158113731,10.82054328918457,18200,0.0,0.0
2007-05-29 00:00:00-04:00,10.91761967521253,10.924090206715771,10.762299763145933,10.87231731414795,20400,0.0,0.0
2007-05-30 00:00:00-04:00,10.86584562727765,10.962919636225035,10.684639905376338,10.807600975036621,17700,0.0,0.0
2007-05-31 00:00:00-04:00,10.84642627791504,11.357683192283712,10.84642627791504,11.157063484191895,14200,0.0,0.0
2007-06-01 00:00:00-04:00,11.208838247391292,11.26708288771306,11.021162033081055,11.021162033081055,10900,0.0,0.0
2007-06-04 00:00:00-04:00,11.085875568094405,12.017788441453696,11.085875568094405,11.778339385986328,18000,0.0,0.0
2007-06-05 00:00:00-04:00,11.71362315977754,11.739508977385032,11.571246842667309,11.584190368652344,4600,0.0,0.0
2007-06-06 00:00:00-04:00,11.519476832391017,11.519476832391017,11.390045243501598,11.46123218536377,3100,0.0,0.0
2007-06-07 00:00:00-04:00,11.461233961021978,11.487121023428205,11.422404601775712,11.467705726623535,1200,0.0,0.0
2007-06-08 00:00:00-04:00,11.40945641565122,11.40945641565122,11.241195516111475,11.325325965881348,6900,0.0,0.0
2007-06-11 00:00:00-04:00,11.390041506899127,11.44181437234293,10.969386820872913,10.995272636413574,33600,0.0,0.0
2007-06-12 00:00:00-04:00,10.924083934486307,11.519472474346426,10.885254595945677,11.286495208740234,126200,0.0,0.0
2007-06-13 00:00:00-04:00,11.318852801299295,11.318852801299295,10.92408395009132,11.098817825317383,15600,0.0,0.0
2007-06-14 00:00:00-04:00,11.1311798765338,11.810699054412416,10.8075990805225,11.066463470458984,22300,0.0,0.0
2007-06-15 00:00:00-04:00,11.228251016880355,11.267080356918836,10.846425675808325,11.001744270324707,47000,0.0,0.0
2007-06-18 00:00:00-04:00,11.001742285274139,11.506528552145358,10.995270524041684,11.13117504119873,27900,0.0,0.0
2007-06-19 00:00:00-04:00,11.066463466706331,11.357685442400081,11.066463466706331,11.189424514770508,6300,0.0,0.0
2007-06-20 00:00:00-04:00,11.189419657928573,11.195890184798785,11.13117504119873,11.13117504119873,4000,0.0,0.0
2007-06-21 00:00:00-04:00,11.137649603499773,11.778340619665371,11.072934436451899,11.195894241333008,23300,0.0,0.0
2007-06-22 00:00:00-04:00,11.2088367013057,11.538889206149179,11.150592069017875,11.325325965881348,24600,0.0,0.0
2007-06-25 00:00:00-04:00,11.325322940723378,11.325322940723378,11.034099857074166,11.13117504119873,18600,0.0,0.0
2007-06-26 00:00:00-04:00,11.040574992905647,11.487116779534434,11.03410322969507,11.351213455200195,15400,0.0,0.0
2007-06-27 00:00:00-04:00,11.35121084980526,11.441813045232552,11.267079181740776,11.33826732635498,6000,0.0,0.0
2007-06-28 00:00:00-04:00,11.351211595882893,11.357682123670985,11.221778821597574,11.286495208740234,4900,0.0,0.0
2007-06-29 00:00:00-04:00,11.280027338907258,11.474175332966066,11.189425106261528,11.357686042785645,14700,0.0,0.0
2007-07-02 00:00:00-04:00,11.357684570576707,11.390043388300647,11.318855223670662,11.38357162475586,3300,0.0,0.0
2007-07-03 00:00:00-04:00,11.38357162475586,11.38357162475586,11.38357162475586,11.38357162475586,1200,0.0,0.0
2007-07-05 00:00:00-04:00,11.402984978167744,11.402984978167744,11.202364045450318,11.260608673095703,17300,0.0,0.0
2007-07-06 00:00:00-04:00,11.260609570632369,11.48711633682251,11.17000735790134,11.325325965881348,21600,0.0,0.0
2007-07-09 00:00:00-04:00,11.325328831875447,11.487119243759384,11.260612420249297,11.46123218536377,17400,0.0,0.0
2007-07-10 00:00:00-04:00,11.487118982088994,11.487118982088994,11.402988512945464,11.474175453186035,4900,0.0,0.0
2007-07-11 00:00:00-04:00,11.422398695543748,11.448285744564439,11.325324730441027,11.415926933288574,6000,0.0,0.0
2007-07-12 00:00:00-04:00,11.318852793362707,11.487114906311033,11.318852793362707,11.487114906311035,5600,0.0,0.0
2007-07-13 00:00:00-04:00,11.48711598883932,11.616548775416328,11.461228937778907,11.480644226074219,12500,0.0,0.0
2007-07-16 00:00:00-04:00,11.48711598883932,11.48711598883932,11.38357025332273,11.480644226074219,6500,0.0,0.0
2007-07-17 00:00:00-04:00,11.480645677091712,11.61007848002749,11.435344566372997,11.441816329956055,17200,0.0,0.0
2007-07-18 00:00:00-04:00,11.4353426088539,11.519473052306695,11.357682693513835,11.50653076171875,10700,0.0,0.0
2007-07-19 00:00:00-04:00,11.513005919268103,11.519476449288932,11.357686042785645,11.357686042785645,7200,0.0,0.0
2007-07-20 00:00:00-04:00,11.39651635296855,11.642437221775634,11.39651635296855,11.616551399230957,13600,0.0,0.0
2007-07-23 00:00:00-04:00,11.635963310819648,11.648906836885429,11.51947404495278,11.642435073852539,8600,0.0,0.0
2007-07-24 00:00:00-04:00,11.623020242094103,11.75892480240719,11.623020242094103,11.681264877319336,18100,0.0,0.0
2007-07-25 00:00:00-04:00,11.68126594020105,11.68126594020105,11.584191950780417,11.66185188293457,24200,0.0,0.0
2007-07-26 00:00:00-04:00,11.58418871762171,11.687734442019035,11.519472331282783,11.571245193481445,5900,0.0,0.0
2007-07-27 00:00:00-04:00,11.50653240161129,11.551833511031536,11.357684312192783,11.396514892578125,7300,0.0,0.0
2007-07-30 00:00:00-04:00,11.325326537176874,11.325326537176874,10.678165020766768,10.898200035095215,39700,0.0,0.0
2007-07-31 00:00:00-04:00,10.833482279341224,10.872311619839676,10.710521261006571,10.794652938842773,6300,0.0,0.0
2007-08-01 00:00:00-04:00,10.801124180265983,10.98232858342565,10.587560966283219,10.71052074432373,20100,0.0,0.0
2007-08-02 00:00:00-04:00,10.716993023483392,10.865841091725333,10.626390817532846,10.794652938842773,14100,0.0,0.0
2007-08-03 00:00:00-04:00,10.865844225510111,11.571249257852669,10.775240759066419,11.163537979125977,55500,0.0,0.0
2007-08-06 00:00:00-04:00,11.170006103858759,11.208835442903796,10.8270101116007,11.09234619140625,7200,0.0,0.0
2007-08-07 00:00:00-04:00,11.157065062308257,11.157065062308257,10.911144214478655,10.988802909851074,8000,0.0,0.0
2007-08-08 00:00:00-04:00,10.969386112004937,11.195891612207703,10.839953339578445,11.170005798339844,17200,0.0,0.0
2007-08-09 00:00:00-04:00,11.170006733938767,11.228251362973015,10.807596668896505,10.846426010131836,6100,0.0,0.0
2007-08-10 00:00:00-04:00,10.820542634751899,10.93703193238406,10.775241515531153,10.852901458740234,43000,0.0,0.0
2007-08-13 00:00:00-04:00,10.91761967521253,11.034107757717788,10.801130358344144,10.87231731414795,11600,0.0,0.0
2007-08-14 00:00:00-04:00,10.83995481378871,10.93702878912923,10.775238418774174,10.86584186553955,9300,0.0,0.0
2007-08-15 00:00:00-04:00,10.839956477771908,10.91761641058302,10.807598892478886,10.891729354858398,10600,0.0,0.0
2007-08-16 00:00:00-04:00,10.937030601826521,10.969389421878205,10.74935438297784,10.762296676635742,3700,0.0,0.0
2007-08-17 00:00:00-04:00,10.755823854858354,10.846426062969657,10.755823854858354,10.781709671020508,1200,0.0,0.0
2007-08-20 00:00:00-04:00,10.807602278922351,10.807602278922351,10.6846411944274,10.729942321777344,4100,0.0,0.0
2007-08-21 00:00:00-04:00,10.775242149145496,10.83995856656475,10.723469262082691,10.807600975036621,6300,0.0,0.0
2007-08-22 00:00:00-04:00,10.768463923260523,11.055449375200503,10.768463923260523,11.022836685180664,3900,0.13,0.0
2007-08-23 00:00:00-04:00,11.022836685180664,11.022836685180664,11.022836685180664,11.022836685180664,0,0.0,0.0
2007-08-24 00:00:00-04:00,11.022836685180664,11.022836685180664,11.022836685180664,11.022836685180664,0,0.0,0.0
2007-08-27 00:00:00-04:00,11.022836561013206,11.107628310062722,10.794552709633534,11.042404174804688,25000,0.0,0.0
2007-08-28 00:00:00-04:00,11.068493483561669,11.075016021728516,10.951091528699273,11.075016021728516,4900,0.0,0.0
2007-08-29 00:00:00-04:00,11.094583428196325,11.205464086859719,11.003270383666562,11.153285026550293,13000,0.0,0.0
2007-08-30 00:00:00-04:00,11.153281634567655,11.153281634567655,10.98369942912434,11.088057518005371,14700,0.0,0.0
2007-08-31 00:00:00-04:00,11.127194398114288,11.316344261169434,11.055448970788952,11.316344261169434,7500,0.0,0.0
2007-09-04 00:00:00-04:00,11.381563707115173,11.381563707115173,10.996742845780403,11.003265380859375,22000,0.0,0.0
2007-09-05 00:00:00-04:00,10.996747790580736,11.009791622557607,9.783583089400107,10.696717262268066,45400,0.0,0.0
2007-09-06 00:00:00-04:00,10.696717089550823,10.716284703270562,10.272762077998367,10.305374145507812,19800,0.0,0.0
2007-09-07 00:00:00-04:00,10.30537341009184,10.501045179161467,10.272761344909668,10.272761344909668,9800,0.0,0.0
2007-09-10 00:00:00-04:00,10.35755443572998,10.507569715293677,10.344509358366388,10.35755443572998,6100,0.0,0.0
2007-09-11 00:00:00-04:00,10.383642776657146,10.533657416979477,10.214060522535288,10.344508171081543,14600,0.0,0.0
2007-09-12 00:00:00-04:00,10.298853237483582,10.455391061897698,10.207539558410645,10.207539558410645,10500,0.0,0.0
2007-09-13 00:00:00-04:00,10.161881970153237,10.59235954284668,10.142314977400849,10.59235954284668,9300,0.0,0.0
2007-09-14 00:00:00-04:00,10.657581026852847,10.990222930908203,10.657581026852847,10.990222930908203,5700,0.0,0.0
2007-09-17 00:00:00-04:00,10.93804723217373,11.055450439453125,10.898912000382571,11.055450439453125,8100,0.0,0.0
2007-09-18 00:00:00-04:00,11.09458197997688,11.342432173082058,11.09458197997688,11.225028991699219,9800,0.0,0.0
2007-09-19 00:00:00-04:00,11.29025542062642,11.420703702981905,11.231553817971152,11.309823036193848,6500,0.0,0.0
2007-09-20 00:00:00-04:00,11.309821125330565,11.309821125330565,10.89890997616964,11.120671272277832,12600,0.0,0.0
2007-09-21 00:00:00-04:00,11.192417975749617,11.316343699042045,11.048925884179889,11.21198558807373,16000,0.0,0.0
2007-09-24 00:00:00-04:00,11.20545929622914,11.34895133972168,11.17936915520519,11.34895133972168,3100,0.0,0.0
2007-09-25 00:00:00-04:00,11.296774814818383,11.34895386442772,10.990223053869355,11.257640838623047,18700,0.0,0.0
2007-09-26 00:00:00-04:00,11.394614335525429,11.96858532465755,11.303301278000953,11.83161449432373,51200,0.0,0.0
2007-09-27 00:00:00-04:00,11.870745062959701,11.994669522598599,11.844654917322071,11.864222526550293,21600,0.0,0.0
2007-09-28 00:00:00-04:00,11.838138058640443,12.001197814941406,11.740302453669308,12.001197814941406,29100,0.0,0.0
2007-10-01 00:00:00-04:00,11.903361715133821,11.942495706685987,11.883794097334157,11.935973167419434,8300,0.0,0.0
2007-10-02 00:00:00-04:00,12.001194508474528,12.001194508474528,11.890313854976878,11.929449081420898,27900,0.0,0.0
2007-10-03 00:00:00-04:00,11.96206321668312,12.236003643173847,11.844659999037502,12.2229585647583,59700,0.0,0.0
2007-10-04 00:00:00-04:00,12.02728416373284,12.692566813252254,12.02728416373284,12.327313423156738,34300,0.0,0.0
2007-10-05 00:00:00-04:00,12.268612574525148,12.640388524655169,12.268612574525148,12.405583381652832,13100,0.0,0.0
2007-10-08 00:00:00-04:00,12.496893167714706,12.940415674785234,12.353401104152242,12.50993824005127,20700,0.0,0.0
2007-10-09 00:00:00-04:00,12.555599661956064,12.555599661956064,12.30122687209461,12.490375518798828,6700,0.0,0.0
2007-10-10 00:00:00-04:00,12.54907484634918,12.55559738388617,12.164253839994636,12.496895790100098,16800,0.0,0.0
2007-10-11 00:00:00-04:00,12.490377724969955,12.738229263935969,12.249049969923721,12.3142728805542,16400,0.0,0.0
2007-10-12 00:00:00-04:00,12.399060614225954,12.562120325758572,12.229478364946406,12.529507637023926,13200,0.0,0.0
2007-10-15 00:00:00-04:00,12.536027998972493,12.699087682203883,12.379490852355957,12.379490852355957,17200,0.0,0.0
2007-10-16 00:00:00-04:00,12.307744799512035,12.836057797454906,12.294699726958731,12.71865463256836,15000,0.0,0.0
2007-10-17 00:00:00-04:00,12.81649266513158,12.81649266513158,12.392537677601933,12.496895790100098,45300,0.0,0.0
2007-10-18 00:00:00-04:00,12.45776328873512,12.85562817337766,12.229479424010854,12.372971534729004,49900,0.0,0.0
2007-10-19 00:00:00-04:00,12.294707921102262,12.88172289272055,12.262095217983378,12.777364730834961,16400,0.0,0.0
2007-10-22 00:00:00-04:00,12.71865987753989,13.207839103599117,12.620824281137466,13.149137496948242,41800,0.0,0.0
2007-10-23 00:00:00-04:00,13.136089683909633,13.168702371951456,12.8425829558143,13.12956714630127,16500,0.0,0.0
2007-10-24 00:00:00-04:00,12.999119238667143,13.044775754761327,12.875193520663817,12.933895111083984,8800,0.0,0.0
2007-10-25 00:00:00-04:00,13.012168350073544,13.175228097598039,12.907810211181639,12.90781021118164,7200,0.0,0.0
2007-10-26 00:00:00-04:00,12.940421947967339,12.940421947967339,12.686049134323877,12.731705665588379,16000,0.0,0.0
2007-10-29 00:00:00-04:00,12.686043955806854,12.875192542983543,12.392536025993603,12.796924591064453,23000,0.0,0.0
2007-10-30 00:00:00-04:00,12.855627529943492,12.881717681884767,12.777359562213505,12.881717681884766,3900,0.0,0.0
2007-10-31 00:00:00-04:00,12.88172289272055,12.88172289272055,12.464290245178198,12.777364730834961,24800,0.0,0.0
2007-11-01 00:00:00-04:00,12.65995643444053,13.110001605464825,12.52298686815531,13.012166023254395,18000,0.0,0.0
2007-11-02 00:00:00-04:00,13.110006304926637,13.481782397022679,12.901289989647973,13.07087230682373,20300,0.0,0.0
2007-11-05 00:00:00-05:00,13.10347992768996,13.10347992768996,12.731703944455015,12.842584609985352,7900,0.0,0.0
2007-11-06 00:00:00-05:00,12.816489323715723,13.070863245152578,12.78387788857981,13.04477310180664,34200,0.0,0.0
2007-11-07 00:00:00-05:00,13.077391557264535,13.17522840328694,12.914331805956763,12.999123573303223,9400,0.0,0.0
2007-11-08 00:00:00-05:00,12.914324222598168,13.129562918173256,12.901280395628802,13.096951484680176,20400,0.0,0.0
2007-11-09 00:00:00-05:00,12.999116594997759,13.051295637643126,12.940415016515908,13.04477310180664,32700,0.0,0.0
2007-11-12 00:00:00-05:00,13.012164000338965,13.109999567339546,12.940417337316731,12.979551315307617,18700,0.0,0.0
2007-11-13 00:00:00-05:00,13.05781739645456,13.31219005870808,13.025204719212805,13.214354515075684,10100,0.0,0.0
2007-11-14 00:00:00-05:00,13.273056799406143,13.325235841735083,13.207832685483346,13.299145698547363,6100,0.0,0.0
2007-11-15 00:00:00-05:00,13.227404585922121,13.638314522120433,13.14261283708877,13.553524017333984,23900,0.0,0.0
2007-11-16 00:00:00-05:00,13.55352273550985,13.964432632846366,13.55352273550985,13.833984375,18000,0.0,0.0
2007-11-19 00:00:00-05:00,13.925295265886891,14.603622807168232,13.925295265886891,14.401429176330566,32100,0.0,0.0
2007-11-20 00:00:00-05:00,14.631075086025314,14.959126108146197,13.778142929077148,13.778142929077148,37900,0.13,0.0
2007-11-21 00:00:00-05:00,13.712528080422338,13.712528080422338,12.971133558619217,13.318866729736328,14800,0.0,0.0
2007-11-23 00:00:00-05:00,13.043303542315684,13.043303542315684,12.334713631588913,12.623398780822754,37500,0.0,0.0
2007-11-26 00:00:00-05:00,12.78086409323548,13.056426927958482,12.623399795024477,12.80054759979248,39200,0.0,0.0
2007-11-27 00:00:00-05:00,12.89239475556987,13.253251346276953,12.89239475556987,13.213884353637695,16700,0.0,0.0
2007-11-28 00:00:00-05:00,13.38447736943665,14.165238914316484,13.253257751464844,13.253257751464844,15000,0.0,0.0
2007-11-29 00:00:00-05:00,13.81093873524463,14.237405793539054,13.81093873524463,13.974964141845703,17500,0.0,0.0
2007-11-30 00:00:00-05:00,14.237408302880441,14.388311403210592,14.13243212426688,14.217724800109863,9800,0.0,0.0
2007-12-03 00:00:00-05:00,13.922481100847838,14.39487524374105,13.922481100847838,14.204605102539062,16900,0.0,0.0
2007-12-04 00:00:00-05:00,14.270211802231616,14.270211802231616,14.079941710856156,14.171796798706055,14100,0.0,0.0
2007-12-05 00:00:00-05:00,14.125867843627928,14.198038168385683,14.01433052200469,14.12586784362793,9400,0.0,0.0
2007-12-06 00:00:00-05:00,14.106181378142637,14.368621711639191,13.988082915215632,14.362060546875,7700,0.0,0.0
2007-12-07 00:00:00-05:00,14.795094688871586,14.795094688871586,14.348946528139095,14.729485511779785,21100,0.0,0.0
2007-12-10 00:00:00-05:00,14.860700137253778,15.483997122065011,14.860700137253778,15.057531356811523,27000,0.0,0.0
2007-12-11 00:00:00-05:00,15.352782498507286,15.438076436792922,14.598265647888185,14.598265647888184,9800,0.0,0.0
2007-12-12 00:00:00-05:00,14.808217141038298,14.808217141038298,14.007773410938743,14.047139167785645,18700,0.0,0.0
2007-12-13 00:00:00-05:00,14.230846051104326,14.40799255688447,13.97496554024027,14.171796798706055,10600,0.0,0.0
2007-12-14 00:00:00-05:00,13.988088262871894,14.362066037503235,13.988088262871894,14.138991355895996,12900,0.0,0.0
2007-12-17 00:00:00-05:00,14.342385484470707,14.342385484470707,14.073383851535068,14.086504936218262,20100,0.0,0.0
2007-12-18 00:00:00-05:00,14.10619068145752,14.10619068145752,13.98153097155075,14.10619068145752,10700,0.0,0.0
2007-12-19 00:00:00-05:00,14.217727557370518,14.303020249754413,14.138994782434226,14.250532150268555,6400,0.0,0.0
2007-12-20 00:00:00-05:00,14.381750376711928,14.381750376711928,14.217724939592227,14.303017616271973,11200,0.0,0.0
2007-12-21 00:00:00-05:00,14.270211802231616,14.401432641208809,14.047137126819191,14.171796798706055,9200,0.0,0.0
2007-12-24 00:00:00-05:00,14.217723716923674,14.230846051104326,14.145552130344752,14.171796798706055,1800,0.0,0.0
2007-12-26 00:00:00-05:00,14.198043940704501,14.33582598292103,14.138994672813846,14.24397087097168,10800,0.0,0.0
2007-12-27 00:00:00-05:00,14.31613944494043,14.394872202594074,14.263651356976242,14.329261779785156,1900,0.0,0.0
2007-12-28 00:00:00-05:00,14.414549827575684,14.434233323526012,14.283330275483134,14.414549827575684,4500,0.0,0.0
2007-12-31 00:00:00-05:00,14.414553006933875,14.427675340461768,14.093063343988147,14.39487075805664,14300,0.0,0.0
2008-01-02 00:00:00-05:00,14.394875342028307,14.394875342028307,14.132434844970703,14.132434844970703,10800,0.0,0.0
2008-01-03 00:00:00-05:00,14.112749086722916,14.132432590142361,14.040577492266422,14.073383331298828,8500,0.0,0.0
2008-01-04 00:00:00-05:00,14.047137130938605,14.08650288207744,13.961844461568683,14.00121021270752,29700,0.0,0.0
2008-01-07 00:00:00-05:00,14.106190849752986,14.106190849752986,13.883116103643687,13.94216537475586,37700,0.0,0.0
2008-01-08 00:00:00-05:00,13.968408492182752,14.10618927512105,13.968408492182752,14.040578842163086,20200,0.0,0.0
2008-01-09 00:00:00-05:00,14.047144156397936,14.106193438346097,14.014339555944643,14.02090072631836,39500,0.0,0.0
2008-01-10 00:00:00-05:00,14.020892306882217,14.020892306882217,13.961843060392669,13.974964141845703,7000,0.0,0.0
2008-01-11 00:00:00-05:00,13.981524784075154,13.981524784075154,13.92903670598731,13.96184253692627,10400,0.0,0.0
2008-01-14 00:00:00-05:00,14.020895735429423,14.10618841709631,13.942162970385889,14.007773399353027,20700,0.0,0.0
2008-01-15 00:00:00-05:00,14.00777184395542,14.099625683461221,13.994649509336103,14.066821098327637,18400,0.0,0.0
2008-01-16 00:00:00-05:00,14.027455156653458,14.07338333129883,14.007772904648816,14.073383331298828,12300,0.0,0.0
2008-01-17 00:00:00-05:00,14.073385418701216,14.106190011184486,13.686285220606674,14.027457237243652,14900,0.0,0.0
2008-01-18 00:00:00-05:00,13.955283524883178,14.027453861260156,13.837185018102156,13.843746185302734,15700,0.0,0.0
2008-01-22 00:00:00-05:00,13.74532780084846,13.988084670514862,13.489447348592638,13.568180084228516,20500,0.0,0.0
2008-01-23 00:00:00-05:00,13.535383333875389,13.541944503863197,13.345114409889806,13.502578735351562,11200,0.0,0.0
2008-01-24 00:00:00-05:00,13.561622148434937,13.692842988607758,13.535377479834501,13.666598320007324,4800,0.0,0.0
2008-01-25 00:00:00-05:00,13.673155413627947,13.758448058339479,13.574740438525625,13.614106178283691,12000,0.0,0.0
2008-01-28 00:00:00-05:00,13.600990154251615,13.607551322489222,12.958010683944812,12.997376441955566,15000,0.0,0.0
2008-01-29 00:00:00-05:00,13.056425650038129,13.128597248934875,13.003937555771826,13.089231491088867,12800,0.0,0.0
2008-01-30 00:00:00-05:00,13.017057660581726,13.095789162776219,12.99737415932577,13.06954574584961,13400,0.0,0.0
2008-01-31 00:00:00-05:00,13.12203588022573,13.187646309909832,13.003937357077321,13.154840469360352,19200,0.0,0.0
2008-02-01 00:00:00-05:00,13.240134058345467,13.240134058345467,12.55778760967607,12.59715461730957,17900,0.0,0.0
2008-02-04 00:00:00-05:00,12.334713099088317,12.374080107339946,12.0001022888534,12.09195613861084,26500,0.0,0.0
2008-02-05 00:00:00-05:00,12.190370985238207,12.190370985238207,11.593318467368709,11.73766040802002,29000,0.0,0.0
2008-02-06 00:00:00-05:00,11.777027460979516,12.09851718326671,11.731099285154345,12.046029090881348,14100,0.0,0.0
2008-02-07 00:00:00-05:00,12.01322354614891,12.032907050557569,11.731099573365764,11.757344245910645,16700,0.0,0.0
2008-02-08 00:00:00-05:00,11.809828781131314,11.934488435328202,11.809828781131314,11.849194526672363,16800,0.0,0.0
2008-02-11 00:00:00-05:00,11.94105519224652,12.03947022788395,11.790150802759717,11.973859786987305,9200,0.0,0.0
2008-02-12 00:00:00-05:00,12.072274826423389,12.452813882045575,12.072274826423389,12.439691543579102,12100,0.0,0.0
2008-02-13 00:00:00-05:00,12.374075005229669,12.662758771555035,12.374075005229669,12.584027290344238,7100,0.0,0.0
2008-02-14 00:00:00-05:00,12.538104987688037,13.279499423123923,12.538104987688037,13.167962074279785,17000,0.0,0.0
2008-02-15 00:00:00-05:00,13.154839389541028,13.325425992151088,12.826788519463548,13.108912467956543,20900,0.0,0.0
2008-02-19 00:00:00-05:00,13.0629857885021,13.122035046323738,12.7152514092652,12.951448440551758,14700,0.0,0.0
2008-02-20 00:00:00-05:00,13.010889328309634,13.209024187233858,12.832567199451406,13.12316608428955,25200,0.13,0.0
2008-02-21 00:00:00-05:00,12.541972033611607,13.275073496492846,12.541972033611607,12.80615234375,31800,0.0,0.0
2008-02-22 00:00:00-05:00,12.878799775908812,13.129770704448628,12.700477630527168,12.726896286010742,29000,0.0,0.0
2008-02-25 00:00:00-05:00,12.872193553138832,13.209023811497293,12.872193553138832,13.070329666137695,16900,0.0,0.0
2008-02-26 00:00:00-05:00,13.169396256131286,13.209022972329308,13.142977605525541,13.189208984375,6100,0.0,0.0
2008-02-27 00:00:00-05:00,13.096750742785943,13.176005462221728,12.984473958416682,13.103355407714844,12800,0.0,0.0
2008-02-28 00:00:00-05:00,13.043909773858651,13.123164463466132,12.918423706859537,12.958051681518555,7700,0.0,0.0
2008-02-29 00:00:00-05:00,12.858983274701396,12.858983274701396,12.502340313252363,12.779729843139648,17600,0.0,0.0
2008-03-03 00:00:00-05:00,12.713680148630013,12.845770835876465,12.574986060760379,12.845770835876465,13200,0.0,0.0
2008-03-04 00:00:00-05:00,12.944842317302049,12.984469032130116,12.641034144392075,12.654243469238281,9900,0.0,0.0
2008-03-05 00:00:00-05:00,12.753308023982274,12.753308023982274,12.588195279592048,12.667449951171875,6800,0.0,0.0
2008-03-06 00:00:00-05:00,12.680665016174316,12.746709136073822,12.58159631690338,12.680665016174316,13800,0.0,0.0
2008-03-07 00:00:00-05:00,12.707082323655436,12.720291651427637,12.12588575849773,12.244767189025879,18000,0.0,0.0
2008-03-10 00:00:00-04:00,12.48252914623416,12.48252914623416,11.756032474292306,11.7626371383667,39000,0.0,0.0
2008-03-11 00:00:00-04:00,11.789049520110147,11.947557594399285,11.789049520110147,11.828676223754883,27700,0.0,0.0
2008-03-12 00:00:00-04:00,11.762638945197795,11.98058785428788,11.597526097108002,11.835289001464844,25000,0.0,0.0
2008-03-13 00:00:00-04:00,11.868308684097451,12.000399439930503,11.828681961231858,11.841891288757324,11200,0.0,0.0
2008-03-14 00:00:00-04:00,11.95416834948078,11.95416834948078,11.650360107421875,11.650360107421875,9800,0.0,0.0
2008-03-17 00:00:00-04:00,11.656961038334215,11.749425043981995,11.590915679931639,11.59091567993164,9400,0.0,0.0
2008-03-18 00:00:00-04:00,11.689990630104322,11.7230126971979,11.346555589602223,11.623945236206055,16000,0.0,0.0
2008-03-19 00:00:00-04:00,11.590919394284994,11.650360109924268,11.472039222717283,11.472039222717285,1700,0.0,0.0
2008-03-20 00:00:00-04:00,11.498453520933651,11.623939582332948,11.498453520933651,11.551289558410645,3400,0.0,0.0
2008-03-24 00:00:00-04:00,11.491854083297742,11.623944866897572,11.491854083297742,11.557899475097656,8400,0.0,0.0
2008-03-25 00:00:00-04:00,11.551294603689605,12.05984247384406,11.551294603689605,11.907938957214355,17000,0.0,0.0
2008-03-26 00:00:00-04:00,11.934356357635975,11.934356357635975,11.855102896660064,11.907938957214355,2100,0.0,0.0
2008-03-27 00:00:00-04:00,11.927750723354915,11.934355387851388,11.828683275329713,11.894728660583496,6600,0.0,0.0
2008-03-28 00:00:00-04:00,11.89472962714802,11.940961022669143,11.89472962714802,11.907938957214355,1400,0.0,0.0
2008-03-31 00:00:00-04:00,11.914540337645112,11.914540337645112,11.703194893980646,11.815471649169922,8700,0.0,0.0
2008-04-01 00:00:00-04:00,11.841884147898213,11.868301527308207,11.835279488118202,11.848488807678223,2700,0.0,0.0
2008-04-02 00:00:00-04:00,11.78244875114036,11.894725498309153,11.76923942565918,11.76923942565918,3600,0.0,0.0
2008-04-03 00:00:00-04:00,11.782448081288667,11.782448081288667,11.56449926208242,11.6041259765625,23500,0.0,0.0
2008-04-04 00:00:00-04:00,11.564501595663994,11.57110625936184,11.30032134630407,11.392784118652344,9300,0.0,0.0
2008-04-07 00:00:00-04:00,11.491847829076766,11.538079200262835,11.227667665363239,11.359758377075195,20700,0.0,0.0
2008-04-08 00:00:00-04:00,11.432413926057786,11.82208037140304,11.379577861928487,11.478645324707031,11100,0.0,0.0
2008-04-09 00:00:00-04:00,11.505059076980347,11.980583451219676,11.505059076980347,11.637149810791016,9200,0.0,0.0
2008-04-10 00:00:00-04:00,11.729613577328017,11.769240296994704,11.524874056054308,11.538082122802734,3400,0.0,0.0
2008-04-11 00:00:00-04:00,11.551292268268298,11.577710923059689,11.333343405082513,11.392784118652344,1600,0.0,0.0
2008-04-14 00:00:00-04:00,11.478643309771211,11.478643309771211,11.333344473848863,11.346553802490234,1800,0.0,0.0
2008-04-15 00:00:00-04:00,11.346550385296034,11.88151543704922,11.346550385296034,11.412595748901367,13400,0.0,0.0
2008-04-16 00:00:00-04:00,11.445623857709537,11.491855258785108,11.392787790807285,11.425809860229492,14500,0.0,0.0
2008-04-17 00:00:00-04:00,11.372970127558801,11.491851554698467,11.372970127558801,11.392784118652344,13800,0.0,0.0
2008-04-18 00:00:00-04:00,11.392780263894608,11.557893021342357,11.306922184294342,11.366361618041992,17300,0.0,0.0
2008-04-21 00:00:00-04:00,11.425806663171441,11.472039311021842,11.392784602989144,11.399389266967773,7400,0.0,0.0
2008-04-22 00:00:00-04:00,11.326736398301273,11.465431787843528,11.326736398301273,11.412595748901367,3900,0.0,0.0
2008-04-23 00:00:00-04:00,11.359762059873901,11.412598109745886,11.359762059873901,11.392784118652344,9700,0.0,0.0
2008-04-24 00:00:00-04:00,11.392787790807285,11.432414526056172,11.353161055558395,11.425809860229492,8700,0.0,0.0
2008-04-25 00:00:00-04:00,11.419200753262476,11.452222806198957,11.392782103144834,11.439013481140137,5700,0.0,0.0
2008-04-28 00:00:00-04:00,11.43901649133115,11.491852545759734,11.37957577263513,11.419203758239746,8600,0.0,0.0
2008-04-29 00:00:00-04:00,11.49184907037749,11.538080446557277,11.333340955028,11.458827018737793,15100,0.0,0.0
2008-04-30 00:00:00-04:00,11.458832381315943,11.742826693280714,11.458832381315943,11.623945236206055,15700,0.0,0.0
2008-05-01 00:00:00-04:00,11.689988682884474,11.689988682884474,11.590919978683548,11.597524642944336,1500,0.0,0.0
2008-05-02 00:00:00-04:00,11.597525242534017,11.597525242534017,11.300322893698645,11.353158950805664,7900,0.0,0.0
2008-05-05 00:00:00-04:00,11.38618086827139,11.405994861824357,10.778565589467537,11.181441307067871,30500,0.0,0.0
2008-05-06 00:00:00-04:00,11.181436810685799,11.240877507730909,10.91065197290716,11.016324043273926,33800,0.0,0.0
2008-05-07 00:00:00-04:00,10.989908745436054,11.075768116097114,10.705914497375488,10.705914497375488,5900,0.0,0.0
2008-05-08 00:00:00-04:00,10.745540412625212,10.80498111634776,9.873744474453364,10.144529342651367,48400,0.0,0.0
2008-05-09 00:00:00-04:00,10.118111570498513,10.798376718851632,10.118111570498513,10.65968132019043,23100,0.0,0.0
2008-05-12 00:00:00-04:00,10.699309314253426,10.831398790653834,10.540800556891254,10.672890663146973,15100,0.0,0.0
2008-05-13 00:00:00-04:00,10.672888654609402,10.758747994836833,10.600238637449328,10.719120025634766,14000,0.0,0.0
2008-05-14 00:00:00-04:00,10.699309817506217,10.778563255132102,10.468151648294471,10.692705154418945,16100,0.0,0.0
2008-05-15 00:00:00-04:00,10.732332020815555,10.91065414749198,10.672891311923413,10.838004112243652,17600,0.0,0.0
2008-05-16 00:00:00-04:00,10.838003755100388,10.838003755100388,10.666286297260639,10.79837703704834,5400,0.0,0.0
2008-05-19 00:00:00-04:00,10.765356684679062,10.818192743191547,10.712520626166578,10.73893928527832,3600,0.0,0.0
2008-05-20 00:00:00-04:00,10.771959935267583,11.194649607585939,10.771959935267583,10.93707275390625,16100,0.0,0.0
2008-05-21 00:00:00-04:00,10.983670491979721,11.176717431284253,10.910445615736192,10.923759460449219,14200,0.13,0.0
2008-05-22 00:00:00-04:00,10.897132911455307,11.083521656514538,10.897132911455307,11.003641128540039,11900,0.0,0.0
2008-05-23 00:00:00-04:00,10.977010419600484,11.11014628916912,10.903785564369958,10.930413246154785,27500,0.0,0.0
2008-05-27 00:00:00-04:00,10.943732827430345,11.050241071081574,10.943732827430345,11.036927223205566,9200,0.0,0.0
2008-05-28 00:00:00-04:00,11.04358196258545,11.050238885206632,10.843879362662662,11.04358196258545,6000,0.0,0.0
2008-05-29 00:00:00-04:00,10.850530158661682,11.083517267400051,10.684110976659646,10.970352172851562,26800,0.0,0.0
2008-05-30 00:00:00-04:00,11.036926993626507,11.436333533849771,11.00364364430723,11.416362762451172,19600,0.0,0.0
2008-06-02 00:00:00-04:00,11.462958380737842,12.135292355758938,11.423018113119443,11.775827407836914,27500,0.0,0.0
2008-06-03 00:00:00-04:00,11.7824821643803,11.935587553499229,11.536181141715865,11.735883712768555,16100,0.0,0.0
2008-06-04 00:00:00-04:00,11.755854437999062,11.755854437999062,11.329821610698795,11.383075714111328,5100,0.0,0.0
2008-06-05 00:00:00-04:00,11.316505289118828,11.316505289118828,10.93041280651247,11.10348892211914,49600,0.0,0.0
2008-06-06 00:00:00-04:00,11.183371327025846,12.26842537678846,11.183371327025846,11.935586929321289,75600,0.0,0.0
2008-06-09 00:00:00-04:00,11.902306987085737,12.980704538143884,11.902306987085737,12.548014640808105,45300,0.0,0.0
2008-06-10 00:00:00-04:00,12.54800564491501,13.047263153839925,12.534691806621078,12.721081733703613,26600,0.0,0.0
2008-06-11 00:00:00-04:00,12.721085727989488,13.033953408068998,12.315022420267523,12.454813957214355,33600,0.0,0.0
2008-06-12 00:00:00-04:00,12.401564167645173,12.621237566116235,12.288399006634119,12.43484878540039,4900,0.0,0.0
2008-06-13 00:00:00-04:00,12.534696326935318,13.220344010203883,12.381590940374112,13.18705940246582,49500,0.0,0.0
2008-06-16 00:00:00-04:00,13.446676031972396,13.619750936252984,13.246972168322433,13.6130952835083,45300,0.0,0.0
2008-06-17 00:00:00-04:00,13.673006459909955,13.779514680442533,13.08055305480957,13.08055305480957,52800,0.0,0.0
2008-06-18 00:00:00-04:00,13.087206495048672,13.087206495048672,11.928928952693639,12.501411437988281,37800,0.0,0.0
2008-06-19 00:00:00-04:00,12.581296342534962,13.113838759218973,12.35496603763795,12.488101959228516,30600,0.0,0.0
2008-06-20 00:00:00-04:00,12.514724329866853,12.541352013435061,11.855704397687735,12.015466690063477,32800,0.0,0.0
2008-06-23 00:00:00-04:00,11.982189586292549,12.20851993560791,11.92893546114061,12.20851993560791,19900,0.0,0.0
2008-06-24 00:00:00-04:00,12.23514189864648,12.381591641632536,11.882333924386693,11.908960342407227,31600,0.0,0.0
2008-06-25 00:00:00-04:00,11.869020441874044,11.975528656554749,11.689287353471077,11.815766334533691,8700,0.0,0.0
2008-06-26 00:00:00-04:00,11.755856822106509,11.789140167360019,11.369764176645912,11.396391868591309,19300,0.0,0.0
2008-06-27 00:00:00-04:00,11.316510139454275,11.715916633605957,10.903789799239279,11.715916633605957,25300,0.0,0.0
2008-06-30 00:00:00-04:00,11.682630326144823,11.948902130126953,11.682630326144823,11.948902130126953,17800,0.0,0.0
2008-07-01 00:00:00-04:00,11.888991613173154,11.888991613173154,11.62271979772459,11.829080581665039,6600,0.0,0.0
2008-07-02 00:00:00-04:00,11.88233322215809,12.108663475507994,11.695943228317594,11.849048614501953,15400,0.0,0.0
2008-07-03 00:00:00-04:00,11.849049484086926,11.849049484086926,11.396390213845054,11.636033058166504,9600,0.0,0.0
2008-07-07 00:00:00-04:00,11.616063668685989,11.715914960545346,11.376419552481083,11.602749824523926,18600,0.0,0.0
2008-07-08 00:00:00-04:00,11.596090835077433,11.782480811082308,11.462954956548545,11.529522895812988,13800,0.0,0.0
2008-07-09 00:00:00-04:00,11.529523678279354,11.689285981549798,11.296536509880736,11.502897262573242,18600,0.0,0.0
2008-07-10 00:00:00-04:00,11.509554757906674,11.855705797416404,11.429672967448745,11.542838096618652,15000,0.0,0.0
2008-07-11 00:00:00-04:00,11.509554757906674,11.542838096618652,11.50289783622868,11.542838096618652,1200,0.0,0.0
2008-07-14 00:00:00-04:00,11.556152574662669,11.882334136730979,11.556152574662669,11.742541313171387,15700,0.0,0.0
2008-07-15 00:00:00-04:00,11.67597227470955,11.68928484643089,11.296535412900802,11.429671287536621,11100,0.0,0.0
2008-07-16 00:00:00-04:00,11.323164406239368,11.449643374814261,10.917101084312467,11.28987979888916,5800,0.0,0.0
2008-07-17 00:00:00-04:00,11.423015794501769,11.52286707811929,11.256596565246582,11.256596565246582,1900,0.0,0.0
2008-07-18 00:00:00-04:00,11.316507589352687,11.316507589352687,11.02360939035373,11.256596565246582,2000,0.0,0.0
2008-07-21 00:00:00-04:00,11.303195511218446,11.309852433789448,11.143433178548854,11.283226013183594,500,0.0,0.0
2008-07-22 00:00:00-04:00,11.176716092714575,11.176716092714575,10.857190206260265,11.016952514648438,2300,0.0,0.0
2008-07-23 00:00:00-04:00,11.050239974526228,11.26325644069029,11.050239974526228,11.11680793762207,3300,0.0,0.0
2008-07-24 00:00:00-04:00,11.030264622860399,11.123458970675841,10.850531578063965,10.850531578063965,4200,0.0,0.0
2008-07-25 00:00:00-04:00,11.0102954305415,11.170057718147703,10.943727493286133,10.943727493286133,8400,0.0,0.0
2008-07-28 00:00:00-04:00,11.050238245244534,11.309851864044562,11.050238245244534,11.1434326171875,2400,0.0,0.0
2008-07-29 00:00:00-04:00,11.210001219080494,11.30985251904189,11.023611194721905,11.04358196258545,4800,0.0,0.0
2008-07-30 00:00:00-04:00,11.163402475849814,11.442986838615072,11.156745554155643,11.249939918518066,9400,0.0,0.0
2008-07-31 00:00:00-04:00,11.283228374900586,11.649350305192407,11.236629907149942,11.462960243225098,5300,0.0,0.0
2008-08-01 00:00:00-04:00,11.516206020287749,11.549490615990662,11.316503524780273,11.316503524780273,1200,0.0,0.0
2008-08-04 00:00:00-04:00,11.509558425966247,11.509558425966247,11.236629628898944,11.416362762451172,1300,0.0,0.0
2008-08-05 00:00:00-04:00,11.356446091588422,11.469611200758106,11.123458952747573,11.329819679260254,2200,0.0,0.0
2008-08-06 00:00:00-04:00,11.363106594169135,11.46961481641274,11.363106594169135,11.442988395690918,600,0.0,0.0
2008-08-07 00:00:00-04:00,11.34978774871702,11.449640274047852,11.316504420058477,11.449640274047852,2300,0.0,0.0
2008-08-08 00:00:00-04:00,11.48958158449794,11.649343862247436,11.17671394928156,11.609403610229492,11900,0.0,0.0
2008-08-11 00:00:00-04:00,11.60940736908809,11.822423808390566,11.60940736908809,11.80245304107666,2500,0.0,0.0
2008-08-12 00:00:00-04:00,11.72922652899609,11.782480625633895,11.649344749200477,11.695941925048828,3200,0.0,0.0
2008-08-13 00:00:00-04:00,11.642686739637472,11.729225432129816,11.642686739637472,11.72256851196289,5600,0.0,0.0
2008-08-14 00:00:00-04:00,11.66931517124017,11.988839741748247,11.636030568263632,11.789135932922363,6300,0.0,0.0
2008-08-15 00:00:00-04:00,11.882333480545695,11.902302975895665,11.882333480545695,11.88899040222168,500,0.0,0.0
2008-08-18 00:00:00-04:00,11.815766334533691,11.815766334533691,11.815766334533691,11.815766334533691,100,0.0,0.0
2008-08-19 00:00:00-04:00,11.702600149848822,11.982184505770586,11.58943502317387,11.849048614501953,18300,0.0,0.0
2008-08-20 00:00:00-04:00,11.849048255987688,11.8960148340762,11.734986017882758,11.842338562011719,12500,0.14,0.0
2008-08-21 00:00:00-04:00,11.728278499238447,11.942983627319336,11.66118282677729,11.942983627319336,3900,0.0,0.0
2008-08-22 00:00:00-04:00,12.070464585788514,12.070464585788514,11.761826301782731,11.882596969604492,1400,0.0,0.0
2008-08-25 00:00:00-04:00,11.909435987256293,12.050335742406125,11.607506112301706,11.922855377197266,14100,0.0,0.0
2008-08-26 00:00:00-04:00,11.942985367868673,12.05033794755449,11.714860816100385,12.023500442504883,2000,0.0,0.0
2008-08-27 00:00:00-04:00,12.02349788577529,12.063754774661145,11.708149909973146,11.708149909973145,3300,0.0,0.0
2008-08-28 00:00:00-04:00,11.909431539595085,12.070460319519043,11.909431539595085,12.070460319519043,2200,0.0,0.0
2008-08-29 00:00:00-04:00,12.023503214226919,12.412656725233674,11.842345214341707,12.345561027526855,25300,0.0,0.0
2008-09-02 00:00:00-04:00,12.412646956761074,12.412646956761074,12.043622829403208,12.070460319519043,3600,0.0,0.0
2008-09-03 00:00:00-04:00,12.1509795809095,12.20465585957682,11.902725992233494,12.030207633972168,9900,0.0,0.0
2008-09-04 00:00:00-04:00,12.124139880793328,12.144268963668418,11.674600601196289,11.674600601196289,5100,0.0,0.0
2008-09-05 00:00:00-04:00,11.68802373693277,11.68802373693277,11.31228969434161,11.607508659362793,13100,0.0,0.0
2008-09-08 00:00:00-04:00,11.741693546484557,11.741693546484557,11.433055358967906,11.500149726867676,11400,0.0,0.0
2008-09-09 00:00:00-04:00,11.641054154969861,11.641054154969861,11.305577097361182,11.37938117980957,7700,0.0,0.0
2008-09-10 00:00:00-04:00,11.406218817285291,11.406218817285291,11.278737189822806,11.298866271972656,6200,0.0,0.0
2008-09-11 00:00:00-04:00,11.365964043096719,11.365964043096719,11.104291045535838,11.17138671875,11300,0.0,0.0
2008-09-12 00:00:00-04:00,11.171388352810357,11.171388352810357,11.06403577186244,11.070745468139648,7200,0.0,0.0
2008-09-15 00:00:00-04:00,11.09758037904932,11.218351030646541,10.835907434563847,11.164674758911133,5500,0.0,0.0
2008-09-16 00:00:00-04:00,11.10428893984984,11.171384600340774,10.755393808834881,10.829197883605957,13200,0.0,0.0
2008-09-17 00:00:00-04:00,10.815782787475033,10.876167491016277,10.735267716513977,10.802363395690918,6800,0.0,0.0
2008-09-18 00:00:00-04:00,10.976809050217987,11.017065936293399,10.889584304020703,10.903003692626953,2500,0.0,0.0
2008-09-19 00:00:00-04:00,10.929844734964231,11.090873592381184,10.735267399078996,10.748686790466309,10100,0.0,0.0
2008-09-22 00:00:00-04:00,10.93655371430567,11.82892281163434,10.923135601970731,10.949973106384277,9100,0.0,0.0
2008-09-23 00:00:00-04:00,10.889589563978008,11.157971067021617,10.889589563978008,10.990232467651367,7600,0.0,0.0
2008-09-24 00:00:00-04:00,11.050618332863431,11.218356930215759,11.017071125290542,11.023780822753906,3700,0.0,0.0
2008-09-25 00:00:00-04:00,11.030483480906353,11.31899388899303,10.84261591105516,11.017064094543457,6500,0.0,0.0
2008-09-26 00:00:00-04:00,10.949970991581194,11.023776354015597,10.856037824659895,10.916423797607422,5500,0.0,0.0
2008-09-29 00:00:00-04:00,10.990227252494833,11.231771130487031,10.916423174019819,10.970099449157715,15700,0.0,0.0
2008-09-30 00:00:00-04:00,10.741974777941575,11.406219151426008,10.580945955255348,11.352542877197266,58400,0.0,0.0
2008-10-01 00:00:00-04:00,11.278740933758275,11.278740933758275,10.976812279746147,11.070745468139648,8100,0.0,0.0
2008-10-02 00:00:00-04:00,10.949970110784339,10.949970110784339,10.473592700138264,10.721845626831055,9600,0.0,0.0
2008-10-03 00:00:00-04:00,10.63462290145675,10.715137317887349,10.319274290533128,10.688299179077148,10500,0.0,0.0
2008-10-06 00:00:00-04:00,10.688300454980075,10.788943327564517,9.997217178344727,9.997217178344727,6000,0.0,0.0
2008-10-07 00:00:00-04:00,10.164951053358827,10.319270778906567,9.661735642006976,10.02405071258545,13500,0.0,0.0
2008-10-08 00:00:00-04:00,9.863026468274875,10.050893462372667,9.76238359569043,9.997217178344727,53300,0.0,0.0
2008-10-09 00:00:00-04:00,9.950252570352086,9.950252570352086,8.527829480739635,8.58150577545166,17200,0.0,0.0
2008-10-10 00:00:00-04:00,8.554665615682541,8.621761288224832,6.837022669343102,7.796487331390381,30900,0.0,0.0
2008-10-13 00:00:00-04:00,8.420476486454461,8.82304867743875,8.219190071026379,8.72911548614502,14800,0.0,0.0
2008-10-14 00:00:00-04:00,8.896854577464547,8.937111478972906,8.521119870779023,8.541248321533203,29300,0.0,0.0
2008-10-15 00:00:00-04:00,8.69556681239031,9.379939791580682,8.454023520888734,9.232330322265625,18400,0.0,0.0
2008-10-16 00:00:00-04:00,9.15181237414859,10.312562434221752,9.024330761618092,10.232048034667969,46400,0.0,0.0
2008-10-17 00:00:00-04:00,10.232048034667969,10.399786527039575,10.198500208219334,10.232048034667969,26700,0.0,0.0
2008-10-20 00:00:00-04:00,10.225338425496481,11.788661136066793,10.225338425496481,11.406217575073242,43300,0.0,0.0
2008-10-21 00:00:00-04:00,11.54040804497554,11.54040804497554,10.94996787313868,11.325701713562012,19600,0.0,0.0
2008-10-22 00:00:00-04:00,11.157971067021617,11.607510564523642,10.741980057240012,10.990232467651367,23100,0.0,0.0
2008-10-23 00:00:00-04:00,10.889584947043243,10.889584947043243,10.48701286315918,10.48701286315918,10800,0.0,0.0
2008-10-24 00:00:00-04:00,10.695007648331766,10.903003692626953,10.46688380087054,10.903003692626953,5700,0.0,0.0
2008-10-27 00:00:00-04:00,10.735266523587635,11.406220681311861,10.708428382873535,10.708428382873535,21300,0.0,0.0
2008-10-28 00:00:00-04:00,11.184804669056515,11.184804669056515,10.627912828654802,10.936551094055176,6000,0.0,0.0
2008-10-29 00:00:00-04:00,10.903007208926576,11.124422073364258,10.701720794018172,11.124422073364258,5500,0.0,0.0
2008-10-30 00:00:00-04:00,11.258608161279826,11.406217575073242,11.070740587571088,11.406217575073242,7000,0.0,0.0
2008-10-31 00:00:00-04:00,11.318998342956334,11.318998342956334,10.976811534512573,11.104291915893555,14600,0.0,0.0
2008-11-03 00:00:00-05:00,11.023778639981016,11.023778639981016,10.85604007584191,10.923135757446289,4100,0.0,0.0
2008-11-04 00:00:00-05:00,10.896293183185469,10.996936030716698,10.547397423855138,10.822487831115723,11700,0.0,0.0
2008-11-05 00:00:00-05:00,10.735265975322779,10.735265975322779,10.091149991208544,10.513851165771484,14600,0.0,0.0
2008-11-06 00:00:00-05:00,10.513850381249078,10.903003692626953,10.312564031257017,10.903003692626953,12500,0.0,0.0
2008-11-07 00:00:00-05:00,10.849327017594646,10.869456099761237,10.681588505436252,10.735264778137207,8300,0.0,0.0
2008-11-10 00:00:00-05:00,10.782231710938657,11.721567153930664,10.567526613082578,11.721567153930664,25200,0.0,0.0
2008-11-11 00:00:00-05:00,11.620928364592274,11.661185264587402,11.372675988254564,11.661185264587402,27500,0.0,0.0
2008-11-12 00:00:00-05:00,11.661179522487894,11.661179522487894,11.225059694683722,11.406217575073242,16000,0.0,0.0
2008-11-13 00:00:00-05:00,11.406219228245071,11.674600601196289,11.258609793057735,11.674600601196289,13000,0.0,0.0
2008-11-14 00:00:00-05:00,11.520284059831784,12.077176013719086,11.520284059831784,11.849051475524902,11800,0.0,0.0
2008-11-17 00:00:00-05:00,11.942981699288136,12.124139601764735,10.674878941438548,12.043625831604004,19800,0.0,0.0
2008-11-18 00:00:00-05:00,12.110721596434647,12.110721596434647,11.77524452972185,11.902726173400879,12800,0.0,0.0
2008-11-19 00:00:00-05:00,11.909488540386882,12.17324169772895,11.909488540386882,12.037982940673828,7400,0.14,0.0
2008-11-20 00:00:00-05:00,12.010935206515734,12.04474925994873,11.83509929083255,12.04474925994873,10700,0.0,0.0
2008-11-21 00:00:00-05:00,12.037983035544297,12.037983035544297,11.334640847114763,11.84862232208252,17100,0.0,0.0
2008-11-24 00:00:00-05:00,11.841857411327384,11.855383543018007,11.436082490069131,11.713361740112305,12000,0.0,0.0
2008-11-25 00:00:00-05:00,11.753942454689902,12.071800197413456,11.713365337080432,12.010933876037598,13600,0.0,0.0
2008-11-26 00:00:00-05:00,12.004168122322035,12.004168122322035,11.469897485320425,11.970354080200195,20200,0.0,0.0
2008-11-28 00:00:00-05:00,12.044750974770277,12.822485923767092,12.037987905136124,12.82248592376709,22900,0.0,0.0
2008-12-01 00:00:00-05:00,12.849533987787984,12.849533987787984,12.416707992553713,12.416707992553711,5700,0.0,0.0
2008-12-02 00:00:00-05:00,12.599306399958564,12.599306399958564,12.32879013690136,12.396419525146484,9700,0.0,0.0
2008-12-03 00:00:00-05:00,12.173238743809618,12.355837634548232,11.95006275177002,11.95006275177002,11600,0.0,0.0
2008-12-04 00:00:00-05:00,11.672788088783205,11.672788088783205,11.267013047461614,11.42255973815918,15300,0.0,0.0
2008-12-05 00:00:00-05:00,11.260251343794241,11.463139533996582,10.88152852797604,11.463139533996582,31800,0.0,0.0
2008-12-08 00:00:00-05:00,11.44961040454075,11.84862232208252,11.381981025480206,11.84862232208252,9800,0.0,0.0
2008-12-09 00:00:00-05:00,11.713365205938375,12.254399024341597,10.888290277525666,11.42255973815918,16400,0.0,0.0
2008-12-10 00:00:00-05:00,11.084416077572072,12.430235862731934,10.617775276648729,12.430235862731934,25600,0.0,0.0
2008-12-11 00:00:00-05:00,12.29497577024413,12.29497577024413,11.124992156532445,11.44961166381836,19800,0.0,0.0
2008-12-12 00:00:00-05:00,11.17232966500954,12.105610847473146,10.793606352228931,12.105610847473145,10600,0.0,0.0
2008-12-15 00:00:00-05:00,12.119140213996564,12.46404893367708,11.611921736217562,11.679551124572754,50900,0.0,0.0
2008-12-16 00:00:00-05:00,11.625445432880744,11.970354080200195,11.490186684547343,11.970354080200195,18900,0.0,0.0
2008-12-17 00:00:00-05:00,11.889202083073053,12.328791210044885,11.814809620535693,12.234110832214355,16600,0.0,0.0
2008-12-18 00:00:00-05:00,12.22734581767933,12.267922931730734,12.132665454918323,12.173242568969727,2300,0.0,0.0
2008-12-19 00:00:00-05:00,12.254395772116256,12.26792061429639,12.078559924544981,12.16647720336914,4400,0.0,0.0
2008-12-22 00:00:00-05:00,12.173244170860924,12.376131057739258,11.929778874668228,12.376131057739258,5800,0.0,0.0
2008-12-23 00:00:00-05:00,12.450523354428405,12.450523354428405,11.977118904709169,12.362606048583984,7100,0.0,0.0
2008-12-24 00:00:00-05:00,12.288213191406424,12.497863136961026,12.105614227573396,12.382893562316895,10000,0.0,0.0
2008-12-26 00:00:00-05:00,12.349081628112591,12.40994795981682,12.29497836547811,12.40318489074707,3900,0.0,0.0
2008-12-29 00:00:00-05:00,12.335554874736347,12.376131997207539,12.152955888730794,12.288214683532715,4900,0.0,0.0
2008-12-30 00:00:00-05:00,12.254395772116256,12.362602249095048,11.767465335788739,12.16647720336914,17200,0.0,0.0
2008-12-31 00:00:00-05:00,12.132670853732368,12.680466651916504,12.017701237824708,12.680466651916504,14100,0.0,0.0
2009-01-02 00:00:00-05:00,12.511391416016028,12.538443692295033,12.17324570206965,12.40318489074707,9300,0.0,0.0
2009-01-05 00:00:00-05:00,12.328790533503085,12.335553601537486,11.625448226928711,11.625448226928711,7500,0.0,0.0
2009-01-06 00:00:00-05:00,11.679551365900359,12.04474800668697,11.679551365900359,11.787757873535156,6800,0.0,0.0
2009-01-07 00:00:00-05:00,11.726891091610938,12.173243240571358,11.726891091610938,12.004170417785645,9000,0.0,0.0
2009-01-08 00:00:00-05:00,11.970357747441216,11.970357747441216,11.645736909974758,11.66602611541748,4400,0.0,0.0
2009-01-09 00:00:00-05:00,11.787754668442522,12.125900235340252,11.666022057971665,11.868908882141113,3200,0.0,0.0
2009-01-12 00:00:00-05:00,12.220585593496661,12.220585593496661,10.996498500453281,11.557820320129395,8300,0.0,0.0
2009-01-13 00:00:00-05:00,11.605159472429033,11.652499660580546,11.30082784870733,11.348169326782227,4000,0.0,0.0
2009-01-14 00:00:00-05:00,11.273775066807282,11.334641381840903,11.043835941107638,11.185857772827148,18000,0.0,0.0
2009-01-15 00:00:00-05:00,11.023544087667814,11.206142988843288,10.976203918457031,10.976203918457031,5400,0.0,0.0
2009-01-16 00:00:00-05:00,11.010023082769672,11.043837132581665,10.840950253863081,10.949156761169434,5600,0.0,0.0
2009-01-20 00:00:00-05:00,11.15880617194097,11.18585844243005,10.732742586162376,11.016785621643066,9100,0.0,0.0
2009-01-21 00:00:00-05:00,11.043835419566186,11.077649464133263,10.989732174304994,11.02354621887207,1000,0.0,0.0
2009-01-22 00:00:00-05:00,11.05736103635965,11.26024787412208,11.05736103635965,11.091175079345703,4200,0.0,0.0
2009-01-23 00:00:00-05:00,11.057363268475788,11.057363268475788,10.868001235728011,10.949156761169434,2700,0.0,0.0
2009-01-26 00:00:00-05:00,10.98296845318167,10.98973151967685,10.820658727066437,10.908576011657715,4100,0.0,0.0
2009-01-27 00:00:00-05:00,10.874763119995338,10.90857716612679,10.441936492919922,10.441936492919922,10200,0.0,0.0
2009-01-28 00:00:00-05:00,10.631300549152977,11.469901050737539,10.631300549152977,11.294066429138184,8900,0.0,0.0
2009-01-29 00:00:00-05:00,11.246722797937593,11.246722797937593,10.604246891360615,11.185857772827148,10800,0.0,0.0
2009-01-30 00:00:00-05:00,11.10470239824193,11.138516444838563,10.144368769773145,10.854474067687988,24000,0.0,0.0
2009-02-02 00:00:00-05:00,10.861240010342378,11.003261881477423,10.042927998774642,10.299918174743652,13600,0.0,0.0
2009-02-03 00:00:00-05:00,10.31343994404123,10.489275796238594,9.56275700652994,10.448698043823242,14300,0.0,0.0
2009-02-04 00:00:00-05:00,10.482515838111429,10.746269694611406,10.12408160617173,10.556907653808594,18400,0.0,0.0
2009-02-05 00:00:00-05:00,10.414885613084225,10.739505767822266,10.414885613084225,10.739505767822266,10900,0.0,0.0
2009-02-06 00:00:00-05:00,10.719215446806896,11.091175079345703,10.496039409299001,11.091175079345703,10200,0.0,0.0
2009-02-09 00:00:00-05:00,11.158806118551482,11.158806118551482,10.590721340231365,10.6380615234375,4700,0.0,0.0
2009-02-10 00:00:00-05:00,10.638058185559302,10.71245061578315,10.435171381214248,10.624532699584961,10700,0.0,0.0
2009-02-11 00:00:00-05:00,10.590722442830097,10.624537139338477,10.482515929972637,10.536619186401367,2700,0.0,0.0
2009-02-12 00:00:00-05:00,10.509567325780662,10.75303197432602,10.475752630020054,10.63129997253418,12100,0.0,0.0
2009-02-13 00:00:00-05:00,10.631301350523476,10.786848068237305,10.583960512337812,10.786848068237305,10800,0.0,0.0
2009-02-17 00:00:00-05:00,10.705690909413372,10.705690909413372,10.550144224615142,10.6380615234375,1700,0.0,0.0
2009-02-18 00:00:00-05:00,10.60394226561769,10.747238809102525,10.60394226561769,10.713120460510254,2000,0.14,0.0
2009-02-19 00:00:00-05:00,10.74723772439842,10.986065489686375,10.733590126037598,10.733590126037598,5100,0.0,0.0
2009-02-20 00:00:00-05:00,10.699475519446306,10.767711578683018,10.337821867553105,10.617591857910156,8300,0.0,0.0
2009-02-23 00:00:00-05:00,10.60394465458464,10.644886812269913,10.358293660733557,10.371940612792969,5600,0.0,0.0
2009-02-24 00:00:00-05:00,10.40606006274762,10.576651211317253,10.310528785277334,10.351470947265625,7400,0.0,0.0
2009-02-25 00:00:00-05:00,10.358292159575287,10.358292159575287,10.167229652404785,10.167229652404785,8200,0.0,0.0
2009-02-26 00:00:00-05:00,10.139934841678604,10.208171542598741,10.139934841678604,10.174053192138672,800,0.0,0.0
2009-02-27 00:00:00-05:00,10.139933568278632,10.160404966435864,9.532629739520562,9.928400993347168,28400,0.0,0.0
2009-03-02 00:00:00-05:00,9.744160343407088,9.839691563223512,9.573569297790527,9.573569297790527,3700,0.0,0.0
2009-03-03 00:00:00-05:00,9.53262980552502,9.737339233241485,9.53262980552502,9.689573287963867,26000,0.0,0.0
2009-03-04 00:00:00-05:00,9.757809980787133,9.805575275311421,9.607689647027946,9.689573287963867,7100,0.0,0.0
2009-03-05 00:00:00-05:00,9.655456774605518,9.655456774605518,8.93215081697789,9.143683433532715,14400,0.0,0.0
2009-03-06 00:00:00-05:00,9.007209866102274,9.05497581617047,8.877560917639219,8.945796966552734,11300,0.0,0.0
2009-03-09 00:00:00-04:00,8.938974736161981,8.94579788622741,8.768383620210443,8.87073802947998,14300,0.0,0.0
2009-03-10 00:00:00-04:00,8.904852472494257,9.478038474512745,8.904852472494257,9.30744743347168,10700,0.0,0.0
2009-03-11 00:00:00-04:00,9.553100713094075,10.3241724915985,9.553100713094075,10.235465049743652,11300,0.0,0.0
2009-03-12 00:00:00-04:00,10.180876646215792,10.235465744794425,9.894283553301277,10.064874649047852,17200,0.0,0.0
2009-03-13 00:00:00-04:00,10.058050155639648,10.08534470304729,9.723691787207695,10.058050155639648,7800,0.0,0.0
2009-03-16 00:00:00-04:00,10.221817616818292,10.235465216134749,10.078521728515625,10.078521728515625,2600,0.0,0.0
2009-03-17 00:00:00-04:00,10.058049717020175,10.1331102071829,9.948871532150736,10.010284423828125,4900,0.0,0.0
2009-03-18 00:00:00-04:00,9.955698671543011,9.969345623853604,9.846520450044139,9.92158031463623,4000,0.0,0.0
2009-03-19 00:00:00-04:00,9.962520911412623,10.1331120184522,9.846518906565437,9.853342056274414,27700,0.0,0.0
2009-03-20 00:00:00-04:00,9.989817779489567,9.989817779489567,9.512162048391293,9.75098991394043,56500,0.0,0.0
2009-03-23 00:00:00-04:00,9.887458021211698,9.887458021211698,9.587218031625078,9.628159523010254,11100,0.0,0.0
2009-03-24 00:00:00-04:00,9.682749785279311,9.757810279835958,9.532630097672719,9.546277046203613,34700,0.0,0.0
2009-03-25 00:00:00-04:00,9.587222257770422,9.730518842291678,9.587222257770422,9.64181137084961,7100,0.0,0.0
2009-03-26 00:00:00-04:00,9.641811133725575,9.812402270591024,9.641811133725575,9.723694801330566,8600,0.0,0.0
2009-03-27 00:00:00-04:00,9.976167430525049,9.976167430525049,9.55310158143751,9.594043731689453,14900,0.0,0.0
2009-03-30 00:00:00-04:00,9.518984117771454,9.730517387390137,9.430276659592876,9.730517387390137,8400,0.0,0.0
2009-03-31 00:00:00-04:00,9.716868657544028,10.064874649047852,9.65545575895472,10.064874649047852,7000,0.0,0.0
2009-04-01 00:00:00-04:00,10.023936454932391,10.064878620397815,9.553105131225045,9.675930976867676,24400,0.0,0.0
2009-04-02 00:00:00-04:00,9.600868775415682,9.860167376163504,9.600868775415682,9.84652042388916,3500,0.0,0.0
2009-04-03 00:00:00-04:00,9.84652042388916,9.84652042388916,9.750989154954638,9.84652042388916,3900,0.0,0.0
2009-04-06 00:00:00-04:00,9.375689485544608,9.962523460388184,9.375689485544608,9.962523460388184,6000,0.0,0.0
2009-04-07 00:00:00-04:00,9.962520369490013,11.688901445857676,9.962520369490013,10.610766410827637,34300,0.0,0.0
2009-04-08 00:00:00-04:00,10.835946255141078,10.911006101441373,10.644884414079089,10.713120460510254,14800,0.0,0.0
2009-04-09 00:00:00-04:00,10.822299216364684,10.917830467224121,10.747239366173744,10.917830467224121,14800,0.0,0.0
2009-04-13 00:00:00-04:00,10.904182825992619,10.9724195264589,10.754063126172246,10.84277057647705,23800,0.0,0.0
2009-04-14 00:00:00-04:00,10.795005997064958,10.815477400257228,10.583473370106072,10.638062477111816,16700,0.0,0.0
2009-04-15 00:00:00-04:00,10.160407975220693,10.610768455991105,10.160407975220693,10.371940612792969,9300,0.0,0.0
2009-04-16 00:00:00-04:00,10.37876563114656,10.487943863437465,10.098996248212714,10.365118026733398,16400,0.0,0.0
2009-04-17 00:00:00-04:00,10.235464252472546,10.597117140515655,10.064873181598005,10.426526069641113,14100,0.0,0.0
2009-04-20 00:00:00-04:00,10.399230121574249,10.597115711065705,10.317346496690183,10.51523208618164,5800,0.0,0.0
2009-04-21 00:00:00-04:00,10.542529624456854,10.740415270196051,10.41970447759509,10.672179222106934,13000,0.0,0.0
2009-04-22 00:00:00-04:00,10.713121144316482,10.97241969911374,10.467470190128592,10.897359848022461,33700,0.0,0.0
2009-04-23 00:00:00-04:00,10.781357634639818,10.849593684089607,10.563000584441648,10.801828384399414,12300,0.0,0.0
2009-04-24 00:00:00-04:00,10.87006680437195,10.87006680437195,10.603944412379972,10.706298828125,8800,0.0,0.0
2009-04-27 00:00:00-04:00,10.603941388337153,11.23171595703264,10.603941388337153,10.965594291687012,7200,0.0,0.0
2009-04-28 00:00:00-04:00,10.863242208589655,10.863242208589655,10.310526712032708,10.72676944732666,4900,0.0,0.0
2009-04-29 00:00:00-04:00,10.815478167001404,11.122541427612305,10.644887032826325,11.122541427612305,12200,0.0,0.0
2009-04-30 00:00:00-04:00,11.067951035403146,11.067951035403146,10.733592607309415,11.013361930847168,8100,0.0,0.0
2009-05-01 00:00:00-04:00,11.006538469819715,11.143011886175538,10.842771801850377,11.054305076599121,16500,0.0,0.0
2009-05-04 00:00:00-04:00,11.054307175099508,11.259016036987305,10.64488814981671,11.259016036987305,24900,0.0,0.0
2009-05-05 00:00:00-04:00,11.381838658461222,11.559253562667056,10.77453409441206,10.795004844665527,13600,0.0,0.0
2009-05-06 00:00:00-04:00,10.917830206897882,10.9997145061126,10.651707861333525,10.924654006958008,14300,0.0,0.0
2009-05-07 00:00:00-04:00,10.842771683199338,11.06795125591399,10.603943857943587,10.679003715515137,11300,0.0,0.0
2009-05-08 00:00:00-04:00,10.774532572701533,11.224893569946289,10.774532572701533,11.224893569946289,7400,0.0,0.0
2009-05-11 00:00:00-04:00,11.122542536513832,11.224898268429252,10.958775187559235,11.177131652832031,5200,0.0,0.0
2009-05-12 00:00:00-04:00,11.2590137261866,11.2590137261866,10.951949194869645,11.033833503723145,6900,0.0,0.0
2009-05-13 00:00:00-04:00,10.965598382478868,11.231720147103047,10.945128278435238,11.218073844909668,10500,0.0,0.0
2009-05-14 00:00:00-04:00,11.067949468544416,11.088420867919922,10.965595074680348,11.088420867919922,5000,0.0,0.0
2009-05-15 00:00:00-04:00,11.033829974129285,11.183949640581075,11.033829974129285,11.170303344726562,1900,0.0,0.0
2009-05-18 00:00:00-04:00,11.136190199251745,11.259016036987305,11.088424884911738,11.259016036987305,2800,0.0,0.0
2009-05-19 00:00:00-04:00,11.163480064256067,11.450073114608816,11.095243375789874,11.156656265258789,4000,0.0,0.0
2009-05-20 00:00:00-04:00,11.35625132307588,11.35625132307588,11.149774551391602,11.149774551391602,12800,0.14,0.0
2009-05-21 00:00:00-04:00,11.087829689792901,11.142890241974333,10.950177652965765,11.039651870727539,4300,0.0,0.0
2009-05-22 00:00:00-04:00,11.039653603908171,11.211718020581946,10.902001545470222,11.094714164733887,4700,0.0,0.0
2009-05-26 00:00:00-04:00,11.16354350420243,11.342490729177664,11.16354350420243,11.21860408782959,10600,0.0,0.0
2009-05-27 00:00:00-04:00,10.785000742303486,11.34937197869849,10.785000742303486,11.342489242553711,8500,0.0,0.0
2009-05-28 00:00:00-04:00,11.349372919739823,11.35625565645529,11.280546865332958,11.308077812194824,5600,0.0,0.0
2009-05-29 00:00:00-04:00,11.204838646265602,11.287428855895996,10.860709053353771,11.287428855895996,8500,0.0,0.0
2009-06-01 00:00:00-04:00,11.831153929493844,11.831153929493844,11.19795659501939,11.349372863769531,14800,0.0,0.0
2009-06-02 00:00:00-04:00,11.487021647672698,11.686615702685145,10.427104134908088,11.466373443603516,23000,0.0,0.0
2009-06-03 00:00:00-04:00,11.500784464222194,11.65220198425806,11.36313372470908,11.617788314819336,15300,0.0,0.0
2009-06-04 00:00:00-04:00,11.617791665366124,12.381758281517781,11.487023622027523,12.182164192199707,15100,0.0,0.0
2009-06-05 00:00:00-04:00,12.147752232488173,12.388642771143303,12.147752232488173,12.271638870239258,16100,0.0,0.0
2009-06-08 00:00:00-04:00,12.202808613095813,12.966775074362353,11.487021293170505,12.953009605407715,38300,0.0,0.0
2009-06-09 00:00:00-04:00,12.94612820893893,13.214549630306768,12.842889806603996,12.877302169799805,17300,0.0,0.0
2009-06-10 00:00:00-04:00,12.732767709314938,12.97365817177038,12.1133360292491,12.278517723083496,19700,0.0,0.0
2009-06-11 00:00:00-04:00,12.175280184279993,12.705237663633568,11.968802067913957,12.567586898803711,12900,0.0,0.0
2009-06-12 00:00:00-04:00,12.636411737570047,12.911714553833008,12.615763534070057,12.911714553833008,9400,0.0,0.0
2009-06-15 00:00:00-04:00,12.55382122420951,12.55382122420951,9.53925219522439,9.828320503234863,185600,0.0,0.0
2009-06-16 00:00:00-04:00,10.076094346864823,10.261923610048678,9.690669693175158,9.759495735168457,68700,0.0,0.0
2009-06-17 00:00:00-04:00,9.745731338834393,9.910913070183552,9.7182010502762,9.848970413208008,31300,0.0,0.0
2009-06-18 00:00:00-04:00,9.83520323827648,10.048563429950397,9.828320503234863,9.828320503234863,18700,0.0,0.0
2009-06-19 00:00:00-04:00,9.986621369123819,10.282571792602539,9.642492450736704,10.282571792602539,17600,0.0,0.0
2009-06-22 00:00:00-04:00,10.282571073702583,10.351397115117603,9.663139326462513,10.082976341247559,26400,0.0,0.0
2009-06-23 00:00:00-04:00,10.082976341247559,10.082976341247559,9.718199897045018,10.082976341247559,20500,0.0,0.0
2009-06-24 00:00:00-04:00,10.082975006516268,10.082975006516268,9.635607765660096,9.876498222351074,31800,0.0,0.0
2009-06-25 00:00:00-04:00,9.876496763172625,10.062325972741164,9.484189487197105,10.041678428649902,41000,0.0,0.0
2009-06-26 00:00:00-04:00,10.082975310449852,10.840059063122153,9.952206632778525,10.654229164123535,473200,0.0,0.0
2009-06-29 00:00:00-04:00,10.186213493347168,10.447751482759813,9.993501532443934,10.186213493347168,40700,0.0,0.0
2009-06-30 00:00:00-04:00,10.323868110634438,10.4133417130248,10.007269462320028,10.220629692077637,19800,0.0,0.0
2009-07-01 00:00:00-04:00,10.282572281997698,10.57164063971088,10.206864152643808,10.502815246582031,12800,0.0,0.0
2009-07-02 00:00:00-04:00,10.550994167250517,10.550994167250517,10.117391586303711,10.117391586303711,14600,0.0,0.0
2009-07-06 00:00:00-04:00,10.144922600601072,10.48905159511026,9.952210547460638,10.275691986083984,19500,0.0,0.0
2009-07-07 00:00:00-04:00,10.433986877678425,10.55099074199958,10.20686188373117,10.234392166137695,18700,0.0,0.0
2009-07-08 00:00:00-04:00,10.413340508609666,10.413340508609666,9.642491857604117,9.759495735168457,34900,0.0,0.0
2009-07-09 00:00:00-04:00,9.979734252183281,10.206859186102397,9.725079043133773,9.745726585388184,18100,0.0,0.0
2009-07-10 00:00:00-04:00,9.752612967651313,10.069211578307467,9.752612967651313,9.93844223022461,8100,0.0,0.0
2009-07-13 00:00:00-04:00,9.938442733226562,10.255041359906325,9.931560653800554,10.158685684204102,19900,0.0,0.0
2009-07-14 00:00:00-04:00,10.124271360949416,10.151801644238164,9.635608340293851,9.883380889892578,27000,0.0,0.0
2009-07-15 00:00:00-04:00,9.917792939753214,10.131153106689453,9.917792939753214,10.131153106689453,8100,0.0,0.0
2009-07-16 00:00:00-04:00,10.199982812124075,10.323869455631312,9.842089012309973,10.248161315917969,28200,0.0,0.0
2009-07-17 00:00:00-04:00,10.05544713020601,10.220629515974167,10.014152026044355,10.17245101928711,14600,0.0,0.0
2009-07-20 00:00:00-04:00,10.158687616232806,10.729941668785461,9.828323455123137,10.392695426940918,28000,0.0,0.0
2009-07-21 00:00:00-04:00,10.440872001731536,10.606053733971962,10.048565223567063,10.220629692077637,9400,0.0,0.0
2009-07-22 00:00:00-04:00,10.2206292469334,10.523462409518068,10.2206292469334,10.33763313293457,17500,0.0,0.0
2009-07-23 00:00:00-04:00,10.372044696100328,10.461518287658691,10.18621543392048,10.461518287658691,26100,0.0,0.0
2009-07-24 00:00:00-04:00,10.502811762973602,11.012122259967423,10.39269064539371,10.963944435119629,22100,0.0,0.0
2009-07-27 00:00:00-04:00,10.922649595321875,11.142892505153636,10.743702436200346,11.005240440368652,19100,0.0,0.0
2009-07-28 00:00:00-04:00,10.96394520058852,11.349369139027257,10.757467762523786,10.915766716003418,10200,0.0,0.0
2009-07-29 00:00:00-04:00,10.915772165078721,10.915772165078721,10.433991673342089,10.743707656860352,12200,0.0,0.0
2009-07-30 00:00:00-04:00,10.840058046978118,11.142891782208972,10.592285527913132,10.943296432495117,11400,0.0,0.0
2009-07-31 00:00:00-04:00,10.977710695538484,11.012123713417658,10.81941173221749,10.840059280395508,8000,0.0,0.0
2009-08-03 00:00:00-04:00,10.902002925988427,11.012124061584473,10.516578295028523,11.012124061584473,8200,0.0,0.0
2009-08-04 00:00:00-04:00,11.012121814426779,11.253012241666807,10.963943991528216,11.12224292755127,8600,0.0,0.0
2009-08-05 00:00:00-04:00,11.14977451627641,11.487020609097167,10.943296432495117,10.943296432495117,9800,0.0,0.0
2009-08-06 00:00:00-04:00,10.991475944931356,10.991475944931356,10.323865774402051,10.654229164123535,29100,0.0,0.0
2009-08-07 00:00:00-04:00,10.895118408445379,11.218599027242904,10.736819466017693,10.963944435119629,21500,0.0,0.0
2009-08-10 00:00:00-04:00,11.191068260835278,11.191068260835278,10.743700445907285,11.019003868103027,5800,0.0,0.0
2009-08-11 00:00:00-04:00,10.963946179867053,11.108479677410772,10.606051834405255,10.736821174621582,26700,0.0,0.0
2009-08-12 00:00:00-04:00,10.860706828573523,11.218600507945261,10.138036078605746,10.840059280395508,76600,0.0,0.0
2009-08-13 00:00:00-04:00,10.840056548602902,11.115359309510062,10.72305271112397,11.039651870727539,7900,0.0,0.0
2009-08-14 00:00:00-04:00,11.039655114607227,11.12912804591251,10.392692451812296,10.44087028503418,11600,0.0,0.0
2009-08-17 00:00:00-04:00,10.330751289034994,10.77123592719444,10.15868681316049,10.516580581665039,19400,0.0,0.0
2009-08-18 00:00:00-04:00,10.716173736867978,10.805647329640411,10.385810307899417,10.791882514953613,7300,0.0,0.0
2009-08-19 00:00:00-04:00,10.791880761361563,10.97950553894043,10.625103623100417,10.97950553894043,6800,0.15,0.0
2009-08-20 00:00:00-04:00,10.979507947028761,11.111539711431767,10.833577753365656,11.097641944885254,9800,0.0,0.0
2009-08-21 00:00:00-04:00,11.271363777728869,12.091352264813255,11.1949250940599,11.702205657958984,20700,0.0,0.0
2009-08-24 00:00:00-04:00,11.076788061120688,11.90372491756516,11.048991880972467,11.681355476379395,18100,0.0,0.0
2009-08-25 00:00:00-04:00,11.667465324064894,11.778650110827476,11.340858853201004,11.639668464660645,6800,0.0,0.0
2009-08-26 00:00:00-04:00,11.472888045098584,11.597971226245527,11.00730138495542,11.29221248626709,8100,0.0,0.0
2009-08-27 00:00:00-04:00,11.25052154176843,11.500686645507812,11.11848911243861,11.500686645507812,4400,0.0,0.0
2009-08-28 00:00:00-04:00,11.549325395931163,11.549325395931163,11.014248055818419,11.250515937805176,13900,0.0,0.0
2009-08-31 00:00:00-04:00,11.243571805750554,11.30611341014266,10.437481488504664,10.903067588806152,22000,0.0,0.0
2009-09-01 00:00:00-04:00,10.910016678622902,11.104590041287716,10.513920738948284,10.60425853729248,32100,0.0,0.0
2009-09-02 00:00:00-04:00,10.562561455752112,10.604256069405068,10.06222940548366,10.444427490234375,22600,0.0,0.0
2009-09-03 00:00:00-04:00,10.5139167671977,10.555610712090166,10.2984958428756,10.416629791259766,10700,0.0,0.0
2009-09-04 00:00:00-04:00,10.527816431844782,10.534765644821372,10.041382789611816,10.041382789611816,14400,0.0,0.0
2009-09-08 00:00:00-04:00,10.090028213914879,10.090028213914879,9.770371656271786,9.888504981994629,19000,0.0,0.0
2009-09-09 00:00:00-04:00,9.86070927100177,9.916302323616335,9.763422920031797,9.853760719299316,55000,0.0,0.0
2009-09-10 00:00:00-04:00,9.853758861199191,10.096975355474923,9.784268055569875,10.006637573242188,17300,0.0,0.0
2009-09-11 00:00:00-04:00,10.041382789611816,10.18036373557646,9.839860252284728,10.041382789611816,16000,0.0,0.0
2009-09-14 00:00:00-04:00,10.138669809254123,10.229007590042148,9.944096484402534,10.083077430725098,24500,0.0,0.0
2009-09-15 00:00:00-04:00,10.090027174993262,10.527817013282084,10.020536366816343,10.06917953491211,18200,0.0,0.0
2009-09-16 00:00:00-04:00,10.180364876010847,10.493072867853545,10.013587722170408,10.381887435913086,39400,0.0,0.0
2009-09-17 00:00:00-04:00,10.430528316446845,10.534763842408113,10.180361993798504,10.229005813598633,5200,0.0,0.0
2009-09-18 00:00:00-04:00,10.242906418922164,10.242906418922164,9.944097518920898,9.944097518920898,37800,0.0,0.0
2009-09-21 00:00:00-04:00,9.971892833140966,10.15951694799862,9.964943620035347,10.006637573242188,20500,0.0,0.0
2009-09-22 00:00:00-04:00,10.083077404757923,10.277650729108425,9.951045009056442,10.041382789611816,13900,0.0,0.0
2009-09-23 00:00:00-04:00,10.013587537838585,10.388836458428678,9.978842132416386,10.173416137695312,30300,0.0,0.0
2009-09-24 00:00:00-04:00,10.21510769057275,10.340190855577125,10.180362293325611,10.29849624633789,11900,0.0,0.0
2009-09-25 00:00:00-04:00,10.277652403902467,10.55561434112702,10.277652403902467,10.541716575622559,7800,0.0,0.0
2009-09-28 00:00:00-04:00,10.555612694354258,10.9447600084716,10.416631747424288,10.701542854309082,30200,0.0,0.0
2009-09-29 00:00:00-04:00,10.729338278806578,10.944759228225864,10.72238972899051,10.798829078674316,9800,0.0,0.0
2009-09-30 00:00:00-04:00,10.764086210430332,10.791882404372355,10.076129913330078,10.076129913330078,12100,0.0,0.0
2009-10-01 00:00:00-04:00,10.110875470171546,10.465277445180922,10.07613006155451,10.131722450256348,17800,0.0,0.0
2009-10-02 00:00:00-04:00,10.152569325287462,10.479175102566368,10.152569325287462,10.270703315734863,8600,0.0,0.0
2009-10-05 00:00:00-04:00,10.27070043694462,10.493070589836075,10.27070043694462,10.361038208007812,3400,0.0,0.0
2009-10-06 00:00:00-04:00,10.61815199660886,10.819674491882324,10.152565427750636,10.819674491882324,30400,0.0,0.0
2009-10-07 00:00:00-04:00,10.771033499118287,10.777982712039906,10.493071609387698,10.645950317382812,13000,0.0,0.0
2009-10-08 00:00:00-04:00,10.708496229216754,10.771037845320548,10.520872043619063,10.569515228271484,23700,0.0,0.0
2009-10-09 00:00:00-04:00,10.59730764367528,11.048995901107208,10.59730764367528,10.854422569274902,14600,0.0,0.0
2009-10-12 00:00:00-04:00,10.84052558646198,10.937811928030003,10.506970616577837,10.513919830322266,19400,0.0,0.0
2009-10-13 00:00:00-04:00,10.534768202945049,10.583411380166183,10.256806243519158,10.354092597961426,15900,0.0,0.0
2009-10-14 00:00:00-04:00,10.4235790363758,10.67374469467203,10.388833640378552,10.458324432373047,16200,0.0,0.0
2009-10-15 00:00:00-04:00,10.423583594730616,10.694597006770506,10.423583594730616,10.493074417114258,15000,0.0,0.0
2009-10-16 00:00:00-04:00,10.548664116784378,10.854422199240211,10.548664116784378,10.79188060760498,10400,0.0,0.0
2009-10-19 00:00:00-04:00,10.77103399848963,10.896117186024265,10.59730764367528,10.854422569274902,9800,0.0,0.0
2009-10-20 00:00:00-04:00,10.812728543654387,10.812728543654387,10.659849166870117,10.659849166870117,5700,0.0,0.0
2009-10-21 00:00:00-04:00,10.618156303268904,10.72934108193451,10.527818504924708,10.60425853729248,16400,0.0,0.0
2009-10-22 00:00:00-04:00,10.569510064915658,10.72238942262856,10.569510064915658,10.597306251525879,13500,0.0,0.0
2009-10-23 00:00:00-04:00,10.597306270553748,10.736287203854403,10.500019285886607,10.50696849822998,6400,0.0,0.0
2009-10-26 00:00:00-04:00,10.541711456183748,10.715437748259665,10.513915275960128,10.520864486694336,15000,0.0,0.0
2009-10-27 00:00:00-04:00,10.541713878305435,10.73628718457699,10.527815453643644,10.597306251525879,5300,0.0,0.0
2009-10-28 00:00:00-04:00,10.625105906201304,10.805781509497466,10.534768104553223,10.534768104553223,6500,0.0,0.0
2009-10-29 00:00:00-04:00,10.604255463856775,10.632051650466998,10.423579919533651,10.597306251525879,11100,0.0,0.0
2009-10-30 00:00:00-04:00,10.54171727117966,10.632055072416637,10.52781884204463,10.625105857849121,11900,0.0,0.0
2009-11-02 00:00:00-05:00,10.618156441308072,10.944762229919434,10.58341103184498,10.944762229919434,13100,0.0,0.0
2009-11-03 00:00:00-05:00,10.889167467932142,10.889167467932142,10.500020159595898,10.645950317382812,30200,0.0,0.0
2009-11-04 00:00:00-05:00,10.632054672997612,10.632054672997612,10.326295870649254,10.367990493774414,24800,0.0,0.0
2009-11-05 00:00:00-05:00,10.576459622164153,10.764083722223573,10.465274872097329,10.61815357208252,9100,0.0,0.0
2009-11-06 00:00:00-05:00,10.527817857967277,10.944761415054769,10.527817857967277,10.715442657470703,12400,0.0,0.0
2009-11-09 00:00:00-05:00,10.72238723671114,11.000349046146729,10.576457121079152,10.72933578491211,14100,0.0,0.0
2009-11-10 00:00:00-05:00,10.687644023687442,10.79882877012833,10.513917691695214,10.597306251525879,35100,0.0,0.0
2009-11-11 00:00:00-05:00,10.764085889830806,10.771035103787721,10.569512538031846,10.666799545288086,8200,0.0,0.0
2009-11-12 00:00:00-05:00,10.625103072699124,10.722390063001853,10.486122131347656,10.486122131347656,6900,0.0,0.0
2009-11-13 00:00:00-05:00,10.555615085637063,10.687647512166405,10.479175713187262,10.534768104553223,11500,0.0,0.0
2009-11-16 00:00:00-05:00,10.562564188476236,10.791882966112851,10.562564188476236,10.673748970031738,14200,0.0,0.0
2009-11-17 00:00:00-05:00,10.659848163001609,10.757134487755229,10.444427213150881,10.708491325378418,13400,0.0,0.0
2009-11-18 00:00:00-05:00,10.708492971823834,10.91901393419904,10.631301573057232,10.666388511657715,24600,0.15,0.0
2009-11-19 00:00:00-05:00,10.526041807601507,10.750597152010803,10.526041807601507,10.659371376037598,8300,0.0,0.0
2009-11-20 00:00:00-05:00,10.603231126634457,10.72954382564237,10.582179233209013,10.638318061828613,11200,0.0,0.0
2009-11-23 00:00:00-05:00,10.722529203506127,10.968137147035698,10.652355983374683,10.743581771850586,10400,0.0,0.0
2009-11-24 00:00:00-05:00,10.73656414417983,10.827789931764517,10.659372732793205,10.75761604309082,3000,0.0,0.0
2009-11-25 00:00:00-05:00,10.743578867411083,10.81375206857177,10.638318061828613,10.638318061828613,8300,0.0,0.0
2009-11-27 00:00:00-05:00,10.645334287140091,10.750594410684425,10.526039123535156,10.526039123535156,6900,0.0,0.0
2009-11-30 00:00:00-05:00,10.610248808299003,10.68042267975068,10.462884213632588,10.504988670349121,11700,0.0,0.0
2009-12-01 00:00:00-05:00,10.526040400051317,10.596214270409375,10.350606393383794,10.44884967803955,9800,0.0,0.0
2009-12-02 00:00:00-05:00,10.399731055891069,10.757616705555847,10.399731055891069,10.645339012145996,25700,0.0,0.0
2009-12-03 00:00:00-05:00,10.666386365072684,10.806733422002411,10.540074348449707,10.540074348449707,13000,0.0,0.0
2009-12-04 00:00:00-05:00,10.80673917027349,10.876913070678711,10.624288233830157,10.876913070678711,16000,0.0,0.0
2009-12-07 00:00:00-05:00,10.841819849258021,10.883924298992321,10.638316458868545,10.869889259338379,13800,0.0,0.0
2009-12-08 00:00:00-05:00,10.869894945127587,10.869894945127587,10.63130450002967,10.799721717834473,21600,0.0,0.0
2009-12-09 00:00:00-05:00,10.75059972257863,10.862877421629912,10.67340897178784,10.799721717834473,34500,0.0,0.0
2009-12-10 00:00:00-05:00,10.827789542400623,10.84182391809401,10.701476815021254,10.764633178710938,15800,0.0,0.0
2009-12-11 00:00:00-05:00,10.834804373353517,10.834804373353517,10.729544233002347,10.778665542602539,8500,0.0,0.0
2009-12-14 00:00:00-05:00,10.834806525081717,11.115501403808594,10.708494465421017,11.115501403808594,44700,0.0,0.0
2009-12-15 00:00:00-05:00,11.136554482119873,11.136554482119873,10.729547500610352,10.729547500610352,112300,0.0,0.0
2009-12-16 00:00:00-05:00,10.855859353388436,10.911998196636274,10.75761604309082,10.75761604309082,8600,0.0,0.0
2009-12-17 00:00:00-05:00,10.76463219995193,10.869892350378922,10.680423945764792,10.80673599243164,14100,0.0,0.0
2009-12-18 00:00:00-05:00,10.87691165616238,10.93305050149467,10.806737764883104,10.855859756469727,36500,0.0,0.0
2009-12-21 00:00:00-05:00,10.848840970857497,10.947084273368903,10.708493873861023,10.890945434570312,38000,0.0,0.0
2009-12-22 00:00:00-05:00,10.890944915846493,10.904979290263825,10.778666574369261,10.80673599243164,12500,0.0,0.0
2009-12-23 00:00:00-05:00,10.862874045943364,11.010238647460938,10.764631424416761,11.010238647460938,9900,0.0,0.0
2009-12-24 00:00:00-05:00,10.933047782212945,10.954099676669543,10.848839535158895,10.911995887756348,2300,0.0,0.0
2009-12-28 00:00:00-05:00,10.897962028977549,11.066379210605866,10.848840713500977,10.848840713500977,27200,0.0,0.0
2009-12-29 00:00:00-05:00,10.89094811845092,10.982173252058631,10.848843644362205,10.876913070678711,5200,0.0,0.0
2009-12-30 00:00:00-05:00,10.90497561757099,10.968131954247815,10.79971550259461,10.862871170043945,8400,0.0,0.0
2009-12-31 00:00:00-05:00,10.89094811845092,10.933051923311723,10.78568726784309,10.876913070678711,16800,0.0,0.0
2010-01-04 00:00:00-05:00,10.911996848954127,11.20672607421875,10.911996848954127,11.20672607421875,5300,0.0,0.0
2010-01-05 00:00:00-05:00,11.171638626395811,11.192690521749855,10.933048248291016,10.933048248291016,7200,0.0,0.0
2010-01-06 00:00:00-05:00,10.989189346826958,11.16462340579732,10.855859756469727,10.855859756469727,12800,0.0,0.0
2010-01-07 00:00:00-05:00,10.883925848320954,11.087429267679175,10.876908327495038,11.024272918701172,10100,0.0,0.0
2010-01-08 00:00:00-05:00,11.031294231172545,11.199710773516466,10.940068436762624,11.17164134979248,19000,0.0,0.0
2010-01-11 00:00:00-05:00,11.192688059677778,11.501451577452785,11.192688059677778,11.262861251831055,29700,0.0,0.0
2010-01-12 00:00:00-05:00,11.283917607289471,11.606716942837387,11.283917607289471,11.297952651977539,13000,0.0,0.0
2010-01-13 00:00:00-05:00,11.326020646129974,11.326020646129974,10.94708383406018,10.982170104980469,29300,0.0,0.0
2010-01-14 00:00:00-05:00,11.024273631584581,11.045325526196027,10.883926552128834,10.940065383911133,20000,0.0,0.0
2010-01-15 00:00:00-05:00,10.996203504625129,11.15058561665718,10.954099048897254,11.024272918701172,14400,0.0,0.0
2010-01-19 00:00:00-05:00,11.066378822758828,11.157603928524484,10.890944794516445,11.003222465515137,14400,0.0,0.0
2010-01-20 00:00:00-05:00,10.961118010077831,11.220760291706647,10.876909756784247,11.15058708190918,17400,0.0,0.0
2010-01-21 00:00:00-05:00,11.122519511759124,11.122519511759124,10.876911563599618,10.975154876708984,14900,0.0,0.0
2010-01-22 00:00:00-05:00,10.989189253308712,11.122519511759124,10.940067931367938,10.975154876708984,13700,0.0,0.0
2010-01-25 00:00:00-05:00,11.066376753010188,11.459348528007949,11.066376753010188,11.136549949645996,26100,0.0,0.0
2010-01-26 00:00:00-05:00,11.157604882007917,11.311987696665607,11.094449188594906,11.297952651977539,11000,0.0,0.0
2010-01-27 00:00:00-05:00,11.227776325485282,11.290932674392556,11.143568083351456,11.248828887939453,4300,0.0,0.0
2010-01-28 00:00:00-05:00,11.227777460158388,11.227777460158388,10.933048248291016,10.933048248291016,12200,0.0,0.0
2010-01-29 00:00:00-05:00,10.961115575703811,11.143567085266113,10.940063684362794,11.143567085266113,11200,0.0,0.0
2010-02-01 00:00:00-05:00,11.129534594710792,11.276899206314887,11.129534594710792,11.178656578063965,5200,0.0,0.0
2010-02-02 00:00:00-05:00,11.15058708190918,11.29795169247988,11.101465098900475,11.15058708190918,9000,0.0,0.0
2010-02-03 00:00:00-05:00,11.150586971740347,11.150586971740347,11.017256736755371,11.017256736755371,8300,0.0,0.0
2010-02-04 00:00:00-05:00,11.017256649417742,11.017256649417742,10.610249764465976,10.841822624206543,8300,0.0,0.0
2010-02-05 00:00:00-05:00,10.848842233496235,10.869894133188888,10.596217429500932,10.855859756469727,22000,0.0,0.0
2010-02-08 00:00:00-05:00,10.799719086517307,10.8558579223649,10.624285057186649,10.736562728881836,8600,0.0,0.0
2010-02-09 00:00:00-05:00,10.785681975059243,11.396192199772681,10.778664454616798,11.094446182250977,35600,0.0,0.0
2010-02-10 00:00:00-05:00,11.031292014623787,11.213742897555404,10.88392740237628,11.101465225219727,15500,0.0,0.0
2010-02-11 00:00:00-05:00,11.108481805340945,11.494436103969148,11.108481805340945,11.431281089782715,6000,0.0,0.0
2010-02-12 00:00:00-05:00,11.382155801586308,11.4593471787931,11.31198328244014,11.368122100830078,5900,0.0,0.0
2010-02-16 00:00:00-05:00,11.45935138630459,11.508472703124704,11.304969913662017,11.403212547302246,4500,0.0,0.0
2010-02-17 00:00:00-05:00,11.445707939867443,11.488204002380371,11.304053272386456,11.488204002380371,11700,0.15,0.0
2010-02-18 00:00:00-05:00,11.488203515154424,11.85650631044764,11.488203515154424,11.8494234085083,19200,0.0,0.0
2010-02-19 00:00:00-05:00,11.870670943298451,11.948581506019995,11.821091985539388,11.913166999816895,8900,0.0,0.0
2010-02-22 00:00:00-05:00,11.962748864193287,12.104404221573471,11.488205173172963,11.530702590942383,16700,0.0,0.0
2010-02-23 00:00:00-05:00,11.049073462536391,11.644023665583179,10.978245800092669,11.466955184936523,7200,0.0,0.0
2010-02-24 00:00:00-05:00,11.516534837386661,11.658188819885254,11.459872974202147,11.658188819885254,5400,0.0,0.0
2010-02-25 00:00:00-05:00,11.488205834423917,12.005246972974092,11.488205834423917,11.97691535949707,4600,0.0,0.0
2010-02-26 00:00:00-05:00,12.005243567774952,12.111484386327987,11.474038124084473,11.474038124084473,14300,0.0,0.0
2010-03-01 00:00:00-05:00,11.594442638205214,11.679434737231212,11.509449188254157,11.672351837158203,4800,0.0,0.0
2010-03-02 00:00:00-05:00,11.714852397921304,11.8635892868042,11.665272084034918,11.8635892868042,7100,0.0,0.0
2010-03-03 00:00:00-05:00,11.899002656794918,12.040657997131348,11.899002656794918,12.040657997131348,5500,0.0,0.0
2010-03-04 00:00:00-05:00,12.040656362195554,12.31688275232631,12.019407658752703,12.224807739257812,3800,0.0,0.0
2010-03-05 00:00:00-05:00,12.231888826755181,12.472702026367188,12.076067726462083,12.472702026367188,17400,0.0,0.0
2010-03-08 00:00:00-05:00,12.408961477603123,12.748932691829793,12.352299608565344,12.720601081848145,29300,0.0,0.0
2010-03-09 00:00:00-05:00,12.763096915449026,12.763096915449026,12.486869156055164,12.67810344696045,11400,0.0,0.0
2010-03-10 00:00:00-05:00,12.642693518424302,12.855175217520229,12.642693518424302,12.784347534179688,15200,0.0,0.0
2010-03-11 00:00:00-05:00,12.770182577941032,12.911836588146688,12.621444313660605,12.904753684997559,32600,0.0,0.0
2010-03-12 00:00:00-05:00,12.9897509115898,13.039329896981771,12.734771728515625,12.734771728515625,11200,0.0,0.0
2010-03-15 00:00:00-04:00,12.862253949120174,13.25888695588471,12.734764430643114,13.1668119430542,25300,0.0,0.0
2010-03-16 00:00:00-04:00,13.166811691860921,13.273052504923214,13.039322175816077,13.22347354888916,6100,0.0,0.0
2010-03-17 00:00:00-04:00,13.173897125220437,13.365131436047905,12.826843015344005,13.131401062011719,18100,0.0,0.0
2010-03-18 00:00:00-04:00,13.152648589557788,13.287221034218875,13.060573559584734,13.195144653320312,2900,0.0,0.0
2010-03-19 00:00:00-04:00,13.421793937683107,13.584696646779282,12.748933042302475,13.421793937683105,39200,0.0,0.0
2010-03-22 00:00:00-04:00,13.379296761689028,13.393462567323539,12.593113461931786,13.25180721282959,27400,0.0,0.0
2010-03-23 00:00:00-04:00,13.21639211276652,13.634273861263699,13.081819680811824,13.591777801513672,19900,0.0,0.0
2010-03-24 00:00:00-04:00,13.605945859646821,14.12298701914094,13.44304312833225,13.549283981323242,45200,0.0,0.0
2010-03-25 00:00:00-04:00,13.45720677274257,13.811343793077901,13.159731621623871,13.712185859680176,12800,0.0,0.0
2010-03-26 00:00:00-04:00,13.712185582393204,13.853839577107504,13.520951271057127,13.520951271057129,10800,0.0,0.0
2010-03-29 00:00:00-04:00,13.492617447836036,13.924664965318778,13.435955589061683,13.804258346557617,9800,0.0,0.0
2010-03-30 00:00:00-04:00,13.853833715468117,14.059233744647297,13.853833715468117,13.97424030303955,5600,0.0,0.0
2010-03-31 00:00:00-04:00,13.910503552759952,14.023827306071283,13.66260868671998,13.690938949584961,16500,0.0,0.0
2010-04-01 00:00:00-04:00,13.868007758462971,13.917586732655764,13.63427734375,13.63427734375,10300,0.0,0.0
2010-04-05 00:00:00-04:00,13.549283981323242,14.10882121182861,13.407629960977165,13.549283981323242,20400,0.0,0.0
2010-04-06 00:00:00-04:00,13.620114208520882,14.165485733482184,13.620114208520882,14.122989654541016,10500,0.0,0.0
2010-04-07 00:00:00-04:00,14.080487507083975,14.44170743437414,13.889254540457273,14.130067825317383,14400,0.0,0.0
2010-04-08 00:00:00-04:00,14.087567167011693,14.101732968960555,13.924664497375488,13.924664497375488,9100,0.0,0.0
2010-04-09 00:00:00-04:00,14.080486076549192,14.179645352016188,14.023824212393226,14.144230842590332,5600,0.0,0.0
2010-04-12 00:00:00-04:00,14.030907983224985,14.342548930845707,14.030907983224985,14.236308097839355,13300,0.0,0.0
2010-04-13 00:00:00-04:00,14.5054508476529,14.5054508476529,14.059238832769006,14.16547966003418,9200,0.0,0.0
2010-04-14 00:00:00-04:00,14.094658498821866,14.33547187229607,13.960086001662509,14.137154579162598,6800,0.0,0.0
2010-04-15 00:00:00-04:00,14.151310145262634,14.200889094923632,13.945911446534929,13.952994346618652,9100,0.0,0.0
2010-04-16 00:00:00-04:00,14.002582971769376,14.236313432334793,13.931755272916767,14.122989654541016,13600,0.0,0.0
2010-04-19 00:00:00-04:00,14.122981659621425,14.16547771450588,14.094650055748303,14.158394813537598,10900,0.0,0.0
2010-04-20 00:00:00-04:00,14.158396758093113,14.16547966003418,14.158396758093113,14.16547966003418,4600,0.0,0.0
2010-04-21 00:00:00-04:00,14.165477837570524,14.477118728256142,14.165477837570524,14.314214706420898,5000,0.0,0.0
2010-04-22 00:00:00-04:00,14.300050232696032,14.470035804367315,14.200890969360522,14.413373947143555,7400,0.0,0.0
2010-04-23 00:00:00-04:00,14.349638801956779,14.590452194213867,14.349638801956779,14.590452194213867,4400,0.0,0.0
2010-04-26 00:00:00-04:00,14.470035888949052,14.625855659493899,14.300050316284151,14.562110900878906,11500,0.0,0.0
2010-04-27 00:00:00-04:00,14.56919594580772,14.56919594580772,14.059239152772472,14.25755500793457,7100,0.0,0.0
2010-04-28 00:00:00-04:00,14.257555933509988,14.625858761185516,14.073405870597755,14.498369216918945,9000,0.0,0.0
2010-04-29 00:00:00-04:00,14.498376058855962,14.618782757381636,14.349639087638101,14.533790588378906,12300,0.0,0.0
2010-04-30 00:00:00-04:00,14.51961898803711,14.703770415362314,14.342550463792755,14.51961898803711,22500,0.0,0.0
2010-05-03 00:00:00-04:00,14.625857529985401,14.817091830287213,14.618774628019546,14.795843124389648,8900,0.0,0.0
2010-05-04 00:00:00-04:00,14.654196995159928,14.774603691288473,14.200900482773923,14.590452194213867,21800,0.0,0.0
2010-05-05 00:00:00-04:00,14.406294058961134,14.406294058961134,13.91050169137259,14.335466384887695,15100,0.0,0.0
2010-05-06 00:00:00-04:00,14.264641088949247,15.114570617675781,14.264641088949247,15.114570617675781,16200,0.0,0.0
2010-05-07 00:00:00-04:00,14.73917735527221,14.930411604917262,13.832587758599471,14.647102355957031,15800,0.0,0.0
2010-05-10 00:00:00-04:00,15.574939953781511,15.574939953781511,14.229220068432369,15.057900428771973,15800,0.0,0.0
2010-05-11 00:00:00-04:00,14.788764938832621,15.149984948738378,14.767517577084302,15.043744087219238,11500,0.0,0.0
2010-05-12 00:00:00-04:00,15.029576928439464,15.58203125,14.895005813037807,15.58203125,12600,0.0,0.0
2010-05-13 00:00:00-04:00,15.48286944340549,15.504116797950168,15.256221988759636,15.433290481567383,11800,0.0,0.0
2010-05-14 00:00:00-04:00,15.327045126151598,15.327045126151598,14.852501609815151,15.008322715759277,8300,0.0,0.0
2010-05-17 00:00:00-04:00,15.015413398509416,15.376632047319747,14.965833070332218,15.32705307006836,26900,0.0,0.0
2010-05-18 00:00:00-04:00,15.582028888491513,15.582028888491513,14.979995683978327,15.079154968261719,23800,0.0,0.0
2010-05-19 00:00:00-04:00,15.086283038871803,15.28600737390733,14.551308453376274,14.836627960205078,10300,0.15,0.0
2010-05-20 00:00:00-04:00,14.629776593784868,14.636909753843147,13.95214135387112,14.180397033691406,16700,0.0,0.0
2010-05-21 00:00:00-04:00,13.588357279679943,14.508514446783565,13.588357279679943,14.401519775390625,20100,0.0,0.0
2010-05-24 00:00:00-04:00,14.301657615790639,14.38725417347785,13.973540425763773,14.009204864501953,11000,0.0,0.0
2010-05-25 00:00:00-04:00,13.766677293167595,14.365848872650531,13.196038341522216,14.265987396240234,19900,0.0,0.0
2010-05-26 00:00:00-04:00,14.301654362055208,14.836628984483868,14.294522564339013,14.387250900268555,26600,0.0,0.0
2010-05-27 00:00:00-04:00,14.644037545276156,14.644037545276156,14.258855206407077,14.39438247680664,42300,0.0,0.0
2010-05-28 00:00:00-04:00,14.437183301064321,14.601241877545387,13.895075458312517,14.016336441040039,12800,0.0,0.0
2010-06-01 00:00:00-04:00,14.251726430639506,14.337322985763858,13.8380126953125,13.8380126953125,56600,0.0,0.0
2010-06-02 00:00:00-04:00,13.973541054118254,14.023471814801416,13.624024368824932,14.00207233428955,13200,0.0,0.0
2010-06-03 00:00:00-04:00,13.937870339171786,14.330184448364161,13.916470868293617,14.265987396240234,69300,0.0,0.0
2010-06-04 00:00:00-04:00,14.33732179546906,14.33732179546906,14.016336441040039,14.016336441040039,17300,0.0,0.0
2010-06-07 00:00:00-04:00,14.094799063764986,14.28739026595238,13.909341020233894,14.116198539733887,20600,0.0,0.0
2010-06-08 00:00:00-04:00,14.173265439652608,14.265993800732446,14.059136237576455,14.15186595916748,20800,0.0,0.0
2010-06-09 00:00:00-04:00,14.25172796353049,14.265994284337523,13.987807831156537,14.066269874572754,18800,0.0,0.0
2010-06-10 00:00:00-04:00,14.130462646139334,14.387250900268555,14.130462646139334,14.387250900268555,23100,0.0,0.0
2010-06-11 00:00:00-04:00,14.337320751476843,14.622640289909487,13.96640467125897,14.487112998962402,80400,0.0,0.0
2010-06-14 00:00:00-04:00,14.46572226946131,15.649799978877981,14.46572226946131,15.642666816711426,21400,0.0,0.0
2010-06-15 00:00:00-04:00,14.2089308579678,16.270366668701172,14.2089308579678,16.270366668701172,30000,0.0,0.0
2010-06-16 00:00:00-04:00,16.013576791581706,16.227566130415738,15.849516847263839,16.127704620361328,37000,0.0,0.0
2010-06-17 00:00:00-04:00,16.227562738501508,16.783936807891145,16.120568091448703,16.405887603759766,40700,0.0,0.0
2010-06-18 00:00:00-04:00,16.39875956970985,16.39875956970985,15.977912647365127,16.284631729125977,29600,0.0,0.0
2010-06-21 00:00:00-04:00,16.39876083942708,16.405894000079773,16.09917489457039,16.270366668701172,26900,0.0,0.0
2010-06-22 00:00:00-04:00,16.20617282283568,16.398764117422157,15.685464235704735,16.14910888671875,12200,0.0,0.0
2010-06-23 00:00:00-04:00,16.37735737981485,16.405890015495753,16.227565124022973,16.36309242248535,12700,0.0,0.0
2010-06-24 00:00:00-04:00,16.355961781691033,16.40589254130888,16.2489671024369,16.334562301635742,24400,0.0,0.0
2010-06-25 00:00:00-04:00,16.341690543425933,16.49861593506933,16.141966204552812,16.405887603759766,143100,0.0,0.0
2010-06-28 00:00:00-04:00,16.49148413770846,16.691207116070828,16.32029106981107,16.405887603759766,32100,0.0,0.0
2010-06-29 00:00:00-04:00,16.33455672685319,16.541414215256275,16.0278377532959,16.0278377532959,30100,0.0,0.0
2010-06-30 00:00:00-04:00,16.027841073959305,16.398757182108398,16.02070791489748,16.37022590637207,26100,0.0,0.0
2010-07-01 00:00:00-04:00,16.38448991726621,16.4058893932152,16.127703008432867,16.241830825805664,33000,0.0,0.0
2010-07-02 00:00:00-04:00,16.206166571978326,16.42015727026244,16.042107988984892,16.341693878173828,31100,0.0,0.0
2010-07-06 00:00:00-04:00,16.384490530069435,16.627012491185024,16.18476752245256,16.213298797607422,34300,0.0,0.0
2010-07-07 00:00:00-04:00,16.306030089186013,16.405891602708518,16.206167215152426,16.355960845947266,28400,0.0,0.0
2010-07-08 00:00:00-04:00,16.405886507143514,16.555678730902752,16.391620192353876,16.477216720581055,30000,0.0,0.0
2010-07-09 00:00:00-04:00,16.398753623922293,16.477216996066495,16.241828240144574,16.441551208496094,30000,0.0,0.0
2010-07-12 00:00:00-04:00,16.248967934724064,16.40589338163391,16.049243525511432,16.298898696899414,27200,0.0,0.0
2010-07-13 00:00:00-04:00,16.298894397674843,16.584213935210702,16.263228605163565,16.491485595703125,25000,0.0,0.0
2010-07-14 00:00:00-04:00,16.584214906968533,16.762539798441313,16.263229558113146,16.36309242248535,29400,0.0,0.0
2010-07-15 00:00:00-04:00,16.32742376324218,16.32742376324218,16.09916815988616,16.234695434570312,15800,0.0,0.0
2010-07-16 00:00:00-04:00,16.206165883202686,16.206165883202686,15.721123314164346,15.799585342407227,20800,0.0,0.0
2010-07-19 00:00:00-04:00,15.785323593998676,15.97791486186837,15.414408740948708,15.849520683288574,22100,0.0,0.0
2010-07-20 00:00:00-04:00,15.678326510363275,16.099173426927678,15.678326510363275,16.063508987426758,23000,0.0,0.0
2010-07-21 00:00:00-04:00,16.184769879662603,16.334562157191563,15.842385004361422,15.878050804138184,52700,0.0,0.0
2010-07-22 00:00:00-04:00,15.992185815986856,16.134846358064586,15.778196363382017,16.106313705444336,19100,0.0,0.0
2010-07-23 00:00:00-04:00,16.106310488016,16.106310488016,15.67833030778873,15.956518173217773,22200,0.0,0.0
2010-07-26 00:00:00-04:00,16.092042617910522,16.092042617910522,15.742525889796072,15.83525562286377,15500,0.0,0.0
2010-07-27 00:00:00-04:00,15.878046659176833,15.899446133456562,15.549928189441626,15.61412525177002,41900,0.0,0.0
2010-07-28 00:00:00-04:00,15.614125273388968,15.664056019600007,15.435800402343371,15.50713062286377,13100,0.0,0.0
2010-07-29 00:00:00-04:00,15.635532888383183,15.656932373834247,15.442941600858145,15.571335792541504,4700,0.0,0.0
2010-07-30 00:00:00-04:00,15.56419798496461,15.692592138323578,15.257478920942873,15.606995582580566,16400,0.0,0.0
2010-08-02 00:00:00-04:00,15.706860602295482,15.706860602295482,15.599865913391113,15.599865913391113,10900,0.0,0.0
2010-08-03 00:00:00-04:00,15.599866774872673,15.656930702807035,15.393009185791014,15.393009185791016,22500,0.0,0.0
2010-08-04 00:00:00-04:00,15.485731148554411,15.614125273388968,15.39300281423545,15.50713062286377,4000,0.0,0.0
2010-08-05 00:00:00-04:00,15.40014189345358,15.478605302245057,15.214683792999109,15.328811645507812,15300,0.0,0.0
2010-08-06 00:00:00-04:00,15.22181481447206,15.435804167722592,14.565579074522997,15.086287498474121,24500,0.0,0.0
2010-08-09 00:00:00-04:00,15.029221910393533,15.029221910393533,14.65117400428715,14.800966262817383,14400,0.0,0.0
2010-08-10 00:00:00-04:00,14.651179724937498,15.14335564700531,14.651179724937498,14.986430168151855,7700,0.0,0.0
2010-08-11 00:00:00-04:00,14.829497498725933,14.922225836606138,14.372984886169434,14.372984886169434,18100,0.0,0.0
2010-08-12 00:00:00-04:00,14.265991914329888,14.265991914329888,13.681086463524123,13.895075798034668,19200,0.0,0.0
2010-08-13 00:00:00-04:00,13.930739402770996,14.41578190873001,13.930739402770996,13.930739402770996,13600,0.0,0.0
2010-08-16 00:00:00-04:00,13.930739950877921,14.522778491066193,13.930739950877921,14.372984886169434,16600,0.0,0.0
2010-08-17 00:00:00-04:00,14.408651611654674,14.67257168615254,14.408651611654674,14.62977409362793,12200,0.0,0.0
2010-08-18 00:00:00-04:00,14.651338050634285,14.83106497229726,14.56506989611231,14.759175300598145,7100,0.16,0.0
2010-08-19 00:00:00-04:00,14.629772960139917,14.629772960139917,13.867731130463714,13.889297485351562,16700,0.0,0.0
2010-08-20 00:00:00-04:00,13.817410841369536,14.248755902343877,13.465146096749468,14.24156665802002,29800,0.0,0.0
2010-08-23 00:00:00-04:00,14.327833892377871,14.37096798010945,13.9324337460133,14.104972839355469,8600,0.0,0.0
2010-08-24 00:00:00-04:00,13.982761329900752,14.378160186547525,13.982761329900752,14.27751350402832,11600,0.0,0.0
2010-08-25 00:00:00-04:00,14.248757256979262,14.378160924694841,14.090597980442599,14.3709716796875,15600,0.0,0.0
2010-08-26 00:00:00-04:00,14.313450100397858,14.378151893615723,14.26312678816339,14.378151893615723,4900,0.0,0.0
2010-08-27 00:00:00-04:00,14.378165195971903,14.7376193258712,14.327841837179392,14.701674461364746,20800,0.0,0.0
2010-08-30 00:00:00-04:00,14.593825978021451,14.780742147339332,14.5075578206179,14.629772186279297,11800,0.0,0.0
2010-08-31 00:00:00-04:00,14.52912368905516,14.802309377859132,14.428477051710324,14.759175300598145,15500,0.0,0.0
2010-09-01 00:00:00-04:00,14.90295494870287,15.269598007202148,14.809497559457563,15.269598007202148,16000,0.0,0.0
2010-09-02 00:00:00-04:00,15.19051880021196,15.449326005930503,15.010791878731323,15.442136764526367,9400,0.0,0.0
2010-09-03 00:00:00-04:00,15.45651418736269,15.45651418736269,15.061115535703852,15.406190872192383,9300,0.0,0.0
2010-09-07 00:00:00-04:00,15.399010579769456,15.399010579769456,14.888585148127978,14.902963638305664,11700,0.0,0.0
2010-09-08 00:00:00-04:00,14.924533795975073,15.089882346231317,14.586647449206858,15.082693099975586,8700,0.0,0.0
2010-09-09 00:00:00-04:00,14.989231514108004,15.60030356551445,14.787936787995253,15.434953689575195,17900,0.0,0.0
2010-09-10 00:00:00-04:00,15.55716463110036,15.909429294847682,15.55716463110036,15.823161125183105,17500,0.0,0.0
2010-09-13 00:00:00-04:00,15.815971755402849,15.959753865298731,15.657812531483637,15.930996894836426,9900,0.0,0.0
2010-09-14 00:00:00-04:00,15.81597853466214,15.81597853466214,15.564360420096287,15.650629997253418,7000,0.0,0.0
2010-09-15 00:00:00-04:00,15.679384627527877,15.895057871318434,15.679384627527877,15.808788299560547,12400,0.0,0.0
2010-09-16 00:00:00-04:00,15.80878787306918,15.902246687552907,15.542792662141034,15.657817840576172,9000,0.0,0.0
2010-09-17 00:00:00-04:00,15.80877950326182,15.80877950326182,15.341489791870119,15.341489791870117,16900,0.0,0.0
2010-09-20 00:00:00-04:00,15.442142933851523,15.47808915523316,14.931718931105525,15.434953689575195,14100,0.0,0.0
2010-09-21 00:00:00-04:00,15.456517540486598,15.88786249027662,15.456517540486598,15.693757057189941,5600,0.0,0.0
2010-09-22 00:00:00-04:00,15.715318426206759,15.715318426206759,14.924519900082306,15.025166511535645,16400,0.0,0.0
2010-09-23 00:00:00-04:00,15.010792617152964,15.183331676924718,14.787931607491963,14.838254928588867,6100,0.0,0.0
2010-09-24 00:00:00-04:00,15.06831306089392,15.370254516601562,14.931721509679981,15.370254516601562,10900,0.0,0.0
2010-09-27 00:00:00-04:00,15.413389989708637,15.629061870410506,15.370254516601562,15.370254516601562,4600,0.0,0.0
2010-09-28 00:00:00-04:00,15.197714950433012,15.47809000782128,15.118636001453739,15.248038291931152,3600,0.0,0.0
2010-09-29 00:00:00-04:00,15.305551078543568,15.78721809387207,15.305551078543568,15.78721809387207,7900,0.0,0.0
2010-09-30 00:00:00-04:00,15.80878433565389,15.859107668557744,15.463708877563475,15.463708877563477,18500,0.0,0.0
2010-10-01 00:00:00-04:00,15.564356685821183,15.66500473022461,15.111445285234053,15.66500473022461,8000,0.0,0.0
2010-10-04 00:00:00-04:00,15.665001235034257,15.780026370509583,15.262411889662845,15.62905502319336,15000,0.0,0.0
2010-10-05 00:00:00-04:00,15.62187203675873,15.88786862607125,15.62187203675873,15.808788299560547,12000,0.0,0.0
2010-10-06 00:00:00-04:00,15.808774954415306,15.85909825745632,15.600292503072934,15.68656063079834,7300,0.0,0.0
2010-10-07 00:00:00-04:00,15.808783370616649,15.815972613622334,15.118632496565647,15.327115058898926,7500,0.0,0.0
2010-10-08 00:00:00-04:00,15.37744414559618,15.650629997253418,15.283986693950332,15.650629997253418,7500,0.0,0.0
2010-10-11 00:00:00-04:00,15.629060782100442,15.815977038923624,15.62187153708321,15.80159854888916,7000,0.0,0.0
2010-10-12 00:00:00-04:00,15.693762616047247,15.859111137818733,15.492467869189602,15.80159854888916,20100,0.0,0.0
2010-10-13 00:00:00-04:00,15.801597228362343,15.815975717195208,15.097067730049972,15.37744140625,24600,0.0,0.0
2010-10-14 00:00:00-04:00,15.391816218846577,15.391816218846577,14.55069401993495,14.557883262634277,15600,0.0,0.0
2010-10-15 00:00:00-04:00,14.773548611695059,15.068300577700326,14.557876909664408,15.025166511535645,26500,0.0,0.0
2010-10-18 00:00:00-04:00,15.133003456481964,15.133003456481964,14.493176172493076,14.672903060913086,18100,0.0,0.0
2010-10-19 00:00:00-04:00,14.521945280415181,14.809508268191935,14.514756034319701,14.795129776000977,21500,0.0,0.0
2010-10-20 00:00:00-04:00,14.809501298541338,14.989228252719734,14.694476157563793,14.852635383605957,10500,0.0,0.0
2010-10-21 00:00:00-04:00,14.852638042797603,15.650626301006678,14.773557730014192,15.549978256225586,15700,0.0,0.0
2010-10-22 00:00:00-04:00,15.636247548704608,15.815974532023052,15.528411632955155,15.758461952209473,15100,0.0,0.0
2010-10-25 00:00:00-04:00,15.808785288145348,15.959756667161033,15.672192396885071,15.758461952209473,18100,0.0,0.0
2010-10-26 00:00:00-04:00,15.66499795363928,15.851912731227241,15.607484026741458,15.772833824157715,10900,0.0,0.0
2010-10-27 00:00:00-04:00,15.708138788199193,15.715328032155584,15.319927841802516,15.355874061584473,7500,0.0,0.0
2010-10-28 00:00:00-04:00,15.355871463273958,15.355871463273958,14.99641755352472,15.003606796264648,8500,0.0,0.0
2010-10-29 00:00:00-04:00,14.91015321178738,15.808788299560547,14.91015321178738,15.808788299560547,27400,0.0,0.0
2010-11-01 00:00:00-04:00,15.780030558798218,15.80878616469539,15.334307012122888,15.434953689575195,15200,0.0,0.0
2010-11-02 00:00:00-04:00,15.62187203675873,15.859111645082512,15.470902000192833,15.808788299560547,11600,0.0,0.0
2010-11-03 00:00:00-04:00,15.7656474786495,15.902240337702063,15.700945670214484,15.794403076171875,6600,0.0,0.0
2010-11-04 00:00:00-04:00,15.808779653620583,15.808779653620583,14.960468375317172,15.255220413208008,33700,0.0,0.0
2010-11-05 00:00:00-04:00,15.262415613809106,15.815975070361713,15.262415613809106,15.78721809387207,5700,0.0,0.0
2010-11-08 00:00:00-05:00,15.808786655589888,15.966945920955837,15.377441584073084,15.887866973876953,10700,0.0,0.0
2010-11-09 00:00:00-05:00,15.931002296557548,15.931002296557548,15.657817840576172,15.657817840576172,4600,0.0,0.0
2010-11-10 00:00:00-05:00,15.485272807211551,15.887860742839699,15.485272807211551,15.880671501159668,3100,0.0,0.0
2010-11-11 00:00:00-05:00,15.787224634002785,15.808792375304824,15.528418594421685,15.542797088623047,4600,0.0,0.0
2010-11-12 00:00:00-05:00,15.420572033850343,15.593109732078755,15.348680983453237,15.499650955200195,2700,0.0,0.0
2010-11-15 00:00:00-05:00,15.391815065208407,15.54997427911585,15.370247338726953,15.499650955200195,1600,0.0,0.0
2010-11-16 00:00:00-05:00,15.449329944849287,15.665003128338048,15.420574343108886,15.470897674560547,8500,0.0,0.0
2010-11-17 00:00:00-05:00,15.485385106894878,15.485385106894878,15.297070125878594,15.441927909851074,3500,0.16,0.0
2010-11-18 00:00:00-05:00,15.485382981313826,15.66645622253418,15.441925790235116,15.66645622253418,3000,0.0,0.0
2010-11-19 00:00:00-05:00,15.666455610860602,15.666455610860602,15.449168282471518,15.64472770690918,7000,0.0,0.0
2010-11-22 00:00:00-05:00,15.514356505307159,15.789587244375886,15.449170023149957,15.753373146057129,2500,0.0,0.0
2010-11-23 00:00:00-05:00,15.61575807950568,15.68094456581108,15.398470712807269,15.441927909851074,6100,0.0,0.0
2010-11-24 00:00:00-05:00,15.463655166580793,15.93444532019995,15.398468688843456,15.927202224731445,14300,0.0,0.0
2010-11-26 00:00:00-05:00,15.782341604331716,16.658735275268555,15.782341604331716,16.658735275268555,5800,0.0,0.0
2010-11-29 00:00:00-05:00,16.65873166379904,16.65873166379904,16.187941697422186,16.383501052856445,9800,0.0,0.0
2010-11-30 00:00:00-05:00,16.130000894141922,16.37626055523408,16.079300619472164,16.231401443481445,7100,0.0,0.0
2010-12-01 00:00:00-05:00,16.15173245858101,16.26761922168544,15.927202027751077,16.028602600097656,12100,0.0,0.0
2010-12-02 00:00:00-05:00,16.064818596614707,16.064818596614707,15.195666463739263,15.651971817016602,10200,0.0,0.0
2010-12-03 00:00:00-05:00,15.709916976757762,15.87650405025974,15.601273293233836,15.825803756713867,5000,0.0,0.0
2010-12-06 00:00:00-05:00,15.847528082040185,15.847528082040185,15.02183461613928,15.17393684387207,19800,0.0,0.0
2010-12-07 00:00:00-05:00,15.202906817010772,15.84752701403619,14.956647136499695,15.840285301208496,11400,0.0,0.0
2010-12-08 00:00:00-05:00,15.890984294165394,15.93444147501043,15.644724633578742,15.680938720703125,6400,0.0,0.0
2010-12-09 00:00:00-05:00,15.934442651831812,15.934442651831812,15.289822459353706,15.398466110229492,8400,0.0,0.0
2010-12-10 00:00:00-05:00,15.45641245533924,15.45641245533924,15.029079482428946,15.347768783569336,8000,0.0,0.0
2010-12-13 00:00:00-05:00,15.297068296730012,15.53608492410958,15.115995052306728,15.449169158935547,6800,0.0,0.0
2010-12-14 00:00:00-05:00,15.572301713070726,15.64473129965997,15.043568079484325,15.362256050109863,12400,0.0,0.0
2010-12-15 00:00:00-05:00,15.405711784311961,15.927202224731445,15.405711784311961,15.927202224731445,6700,0.0,0.0
2010-12-16 00:00:00-05:00,15.81855293575245,16.006869206592206,15.717152398176703,15.934439659118652,13500,0.0,0.0
2010-12-17 00:00:00-05:00,15.905469290694995,15.934441665924725,15.557809076811571,15.702668190002441,20700,0.0,0.0
2010-12-20 00:00:00-05:00,15.73888014490223,15.919953321115496,15.557806968688965,15.557806968688965,7800,0.0,0.0
2010-12-21 00:00:00-05:00,15.666457460339778,15.724400846849225,15.463656298296362,15.637486457824707,12700,0.0,0.0
2010-12-22 00:00:00-05:00,15.680944755827054,15.796831537001067,15.369498513367123,15.782346725463867,9600,0.0,0.0
2010-12-23 00:00:00-05:00,15.7099141557696,15.7099141557696,15.456411352081682,15.579541206359863,3900,0.0,0.0
2010-12-27 00:00:00-05:00,15.49262554279332,15.528841018676758,15.282581308585979,15.528841018676758,4900,0.0,0.0
2010-12-28 00:00:00-05:00,15.48537567252647,15.543319027109712,15.311545608776745,15.456404685974121,4900,0.0,0.0
2010-12-29 00:00:00-05:00,15.405712881846135,15.514356558655289,15.318797111511229,15.31879711151123,4500,0.0,0.0
2010-12-30 00:00:00-05:00,15.246361123923982,15.405706405639648,15.239119412463019,15.405706405639648,4800,0.0,0.0
2010-12-31 00:00:00-05:00,15.318793309705175,15.56505298614502,15.318793309705175,15.56505298614502,7200,0.0,0.0
2011-01-03 00:00:00-05:00,15.637478849683127,15.637478849683127,15.2029029715579,15.282575607299805,11100,0.0,0.0
2011-01-04 00:00:00-05:00,15.246370487149447,15.311556982160768,15.101512683830622,15.202913284301758,10000,0.0,0.0
2011-01-05 00:00:00-05:00,15.137725222888854,15.137725222888854,14.94940885472912,15.115997314453125,7200,0.0,0.0
2011-01-06 00:00:00-05:00,15.014589534980976,15.108748373377592,14.920432078063254,15.101505279541016,4700,0.0,0.0
2011-01-07 00:00:00-05:00,15.050809558204854,15.087023656866432,14.891464208543566,15.014594078063965,8300,0.0,0.0
2011-01-10 00:00:00-05:00,14.797307708825748,15.021838174738614,14.797307708825748,14.95665168762207,6300,0.0,0.0
2011-01-11 00:00:00-05:00,15.029077707114167,15.297066688537598,14.884218574213001,15.297066688537598,6800,0.0,0.0
2011-01-12 00:00:00-05:00,15.304307073937204,15.32603635643071,15.166692429248542,15.253606796264648,8800,0.0,0.0
2011-01-13 00:00:00-05:00,15.304305201650468,15.355006854599278,15.137718200683596,15.137718200683594,7400,0.0,0.0
2011-01-14 00:00:00-05:00,15.137720114356732,15.260849952697754,15.07977674228325,15.260849952697754,5700,0.0,0.0
2011-01-18 00:00:00-05:00,15.275336940930632,15.28258003550395,15.094263721034801,15.181178092956543,3700,0.0,0.0
2011-01-19 00:00:00-05:00,15.115992215986099,15.137720117093231,14.659686952030842,14.710387229919434,11400,0.0,0.0
2011-01-20 00:00:00-05:00,14.666929154744539,14.862488541696063,14.413426399230957,14.413426399230957,11300,0.0,0.0
2011-01-21 00:00:00-05:00,14.427917705483885,14.493104190927948,14.13095766356287,14.138200759887695,17700,0.0,0.0
2011-01-24 00:00:00-05:00,14.217866023644465,14.297538667931862,13.747076014129124,13.80501937866211,16400,0.0,0.0
2011-01-25 00:00:00-05:00,13.870210768794882,14.123713596828686,13.79778119200247,13.884696960449219,9900,0.0,0.0
2011-01-26 00:00:00-05:00,13.971612586532821,14.181656837463379,13.971612586532821,14.181656837463379,4700,0.0,0.0
2011-01-27 00:00:00-05:00,14.19613917238031,14.203382266165981,14.051280059624627,14.116466522216797,9400,0.0,0.0
2011-01-28 00:00:00-05:00,14.1526862320203,14.1526862320203,13.623951279061005,13.725353240966797,16000,0.0,0.0
2011-01-31 00:00:00-05:00,13.739834942864737,13.913665062044947,13.72535013570896,13.819507598876953,7700,0.0,0.0
2011-02-01 00:00:00-05:00,13.855724513661288,14.49310312873927,13.855724513661288,14.442402839660645,8200,0.0,0.0
2011-02-02 00:00:00-05:00,14.326518680548206,14.580020172135344,14.326518680548206,14.478619575500488,8400,0.0,0.0
2011-02-03 00:00:00-05:00,14.464133558786099,14.645206844416027,14.435162551454667,14.500349044799805,6500,0.0,0.0
2011-02-04 00:00:00-05:00,14.507586259046626,14.522071066098855,14.326513046843504,14.420670509338379,5900,0.0,0.0
2011-02-07 00:00:00-05:00,14.384460186983796,14.732120513916016,14.384460186983796,14.732120513916016,4700,0.0,0.0
2011-02-08 00:00:00-05:00,14.695901720362102,14.83351635905747,14.674172438814935,14.739358901977539,4500,0.0,0.0
2011-02-09 00:00:00-05:00,14.703144501409792,14.804546441187933,14.36272735463481,14.507586479187012,6900,0.0,0.0
2011-02-10 00:00:00-05:00,14.39894131742156,14.514829444923652,14.304783854332403,14.369970321655273,3100,0.0,0.0
2011-02-11 00:00:00-05:00,14.40618445283624,14.695902700199612,14.34099798532738,14.681416511535645,4000,0.0,0.0
2011-02-14 00:00:00-05:00,14.616231967261129,14.76833282380956,14.616231967261129,14.746604919433594,4100,0.0,0.0
2011-02-15 00:00:00-05:00,14.666929358070917,14.695901733493026,14.500342343830479,14.5582857131958,5700,0.0,0.0
2011-02-16 00:00:00-05:00,14.55828982288804,14.55828982288804,13.805024427018985,13.964369773864746,16400,0.0,0.0
2011-02-17 00:00:00-05:00,14.015065194552893,14.17440910455988,13.696375993060112,13.833992004394531,18900,0.0,0.0
2011-02-18 00:00:00-05:00,13.899178230095119,13.899178230095119,13.696375763189089,13.747076034545898,10400,0.0,0.0
2011-02-22 00:00:00-05:00,13.739837808723994,13.826753577182508,13.696380615234375,13.696380615234375,22400,0.0,0.0
2011-02-23 00:00:00-05:00,13.689070262612564,13.922821509142166,13.689070262612564,13.864383697509766,17800,0.16,0.0
2011-02-24 00:00:00-05:00,13.835166956809159,14.587553687277167,13.769424237586279,14.068918228149414,37900,0.0,0.0
2011-02-25 00:00:00-05:00,14.068922897875682,14.638692855834963,14.003180156831613,14.638692855834961,14700,0.0,0.0
2011-02-28 00:00:00-05:00,14.821304296984998,14.835912704467773,14.638685967411112,14.835912704467773,6100,0.0,0.0
2011-03-01 00:00:00-05:00,14.865135649062262,14.865135649062262,14.383023262023926,14.383023262023926,3400,0.0,0.0
2011-03-02 00:00:00-05:00,14.368413692718024,14.558336968482417,14.368413692718024,14.551032066345215,9200,0.0,0.0
2011-03-03 00:00:00-05:00,14.682520365478666,14.86513877451878,14.54372998449317,14.711738586425781,12700,0.0,0.0
2011-03-04 00:00:00-05:00,14.609471590241006,14.631386299202768,14.434158098350247,14.456072807312012,11100,0.0,0.0
2011-03-07 00:00:00-05:00,14.46337439768525,14.529117122578441,14.375718360006061,14.383023262023926,6900,0.0,0.0
2011-03-08 00:00:00-05:00,14.419547082545478,14.726346015930176,14.419547082545478,14.726346015930176,3900,0.0,0.0
2011-03-09 00:00:00-05:00,14.660606866489712,14.719044706481613,14.609473930655298,14.675216674804688,3900,0.0,0.0
2011-03-10 00:00:00-05:00,14.602170496811787,14.65330343779485,14.551037555828723,14.572952270507812,12900,0.0,0.0
2011-03-11 00:00:00-05:00,13.80595082562492,14.346501124949505,13.703684966994489,14.222320556640625,19100,0.0,0.0
2011-03-14 00:00:00-04:00,14.149273848186239,14.543728856623499,14.090836017555986,14.456072807312012,6500,0.0,0.0
2011-03-15 00:00:00-04:00,14.193104435274368,14.456075417221351,14.193104435274368,14.419550895690918,5700,0.0,0.0
2011-03-16 00:00:00-04:00,14.426851515709902,14.499899143810058,14.361108789746522,14.43415641784668,8400,0.0,0.0
2011-03-17 00:00:00-04:00,14.602167114138656,14.697129462481344,14.441463423524338,14.645995140075684,11300,0.0,0.0
2011-03-18 00:00:00-04:00,14.667908414650478,14.770174262921023,14.536422956435388,14.704431533813477,11600,0.0,0.0
2011-03-21 00:00:00-04:00,14.733654168625728,15.215766685548559,14.66791142602098,15.164633750915527,12900,0.0,0.0
2011-03-22 00:00:00-04:00,15.179241171912594,15.179241171912594,14.938184951357886,14.960098266601562,4500,0.0,0.0
2011-03-23 00:00:00-04:00,14.908964853689016,15.33994435414792,14.616775716073072,15.325334548950195,11200,0.0,0.0
2011-03-24 00:00:00-04:00,15.339943867892078,15.376466986460946,15.201153509448584,15.310724258422852,11400,0.0,0.0
2011-03-25 00:00:00-04:00,15.33994147499431,15.3910743903215,15.164628025329327,15.208456039428711,12300,0.0,0.0
2011-03-28 00:00:00-04:00,15.142714254897573,15.142714254897573,14.974705696105959,14.974705696105957,4400,0.0,0.0
2011-03-29 00:00:00-04:00,15.098887450899436,15.288810729980469,15.098887450899436,15.288810729980469,2500,0.0,0.0
2011-03-30 00:00:00-04:00,15.281509619961978,15.339947459314361,15.135414324947027,15.332642555236816,7400,0.0,0.0
2011-03-31 00:00:00-04:00,15.274195057681059,15.595603667519555,15.171929251796264,15.55907917022705,10600,0.0,0.0
2011-04-01 00:00:00-04:00,15.537172053844825,15.632132998095717,15.259591336924993,15.617523193359375,11600,0.0,0.0
2011-04-04 00:00:00-04:00,15.675959174953855,16.070415496826172,15.559083537347428,16.070415496826172,10100,0.0,0.0
2011-04-05 00:00:00-04:00,15.990065603620325,16.143465774002955,15.895104654920777,15.975457191467285,5300,0.0,0.0
2011-04-06 00:00:00-04:00,16.143466222411746,16.194599149537005,15.902409999344256,16.121551513671875,3600,0.0,0.0
2011-04-07 00:00:00-04:00,16.09233715129226,16.1069455673515,16.033899307250977,16.033899307250977,1500,0.0,0.0
2011-04-08 00:00:00-04:00,16.055807832171258,16.055807832171258,15.624828338623047,15.624828338623047,4100,0.0,0.0
2011-04-11 00:00:00-04:00,15.602912301230187,15.602912301230187,14.814001083374023,14.814001083374023,14800,0.0,0.0
2011-04-12 00:00:00-04:00,14.660604479975856,14.806699752807617,14.638691164338537,14.806699752807617,9400,0.0,0.0
2011-04-13 00:00:00-04:00,14.857833431387204,14.88705165146988,14.565644264221191,14.565644264221191,8600,0.0,0.0
2011-04-14 00:00:00-04:00,14.477986785427357,14.675214995303797,14.477986785427357,14.653300285339355,17400,0.0,0.0
2011-04-15 00:00:00-04:00,14.609472240765891,14.930881020177736,14.602167337453366,14.77017593383789,10900,0.0,0.0
2011-04-18 00:00:00-04:00,14.660600944566395,14.901657111320572,14.660600944566395,14.814001083374023,3100,0.0,0.0
2011-04-19 00:00:00-04:00,14.799395547087988,14.835918670382766,14.675214977310764,14.77017593383789,6200,0.0,0.0
2011-04-20 00:00:00-04:00,14.901661628019271,15.120804550842827,14.865138504182612,14.96740436553955,8800,0.0,0.0
2011-04-21 00:00:00-04:00,15.120808376564511,15.171941320180148,14.872447170487234,15.011236190795898,4200,0.0,0.0
2011-04-25 00:00:00-04:00,14.952792402030823,15.310724258422852,14.952792402030823,15.310724258422852,16600,0.0,0.0
2011-04-26 00:00:00-04:00,15.310727774494561,15.63944149017334,15.310727774494561,15.63944149017334,4700,0.0,0.0
2011-04-27 00:00:00-04:00,15.602921404452045,15.807453184502391,15.595616498983354,15.763625144958496,3400,0.0,0.0
2011-04-28 00:00:00-04:00,15.84397172934237,15.851276632052812,15.588305707547763,15.712486267089844,7800,0.0,0.0
2011-04-29 00:00:00-04:00,15.705180415838264,16.150769701389088,15.69057061129976,16.136159896850586,15000,0.0,0.0
2011-05-02 00:00:00-04:00,16.14346819633316,16.14346819633316,15.873192328564885,15.917021751403809,7200,0.0,0.0
2011-05-03 00:00:00-04:00,15.84397027955478,15.84397027955478,15.705179927291693,15.814750671386719,4000,0.0,0.0
2011-05-04 00:00:00-04:00,15.84397272257908,15.84397272257908,15.47873592376709,15.47873592376709,5700,0.0,0.0
2011-05-05 00:00:00-04:00,15.391078951694507,15.573697356708951,15.318031311035158,15.318031311035156,6300,0.0,0.0
2011-05-06 00:00:00-04:00,15.427604217179805,15.471432246394734,15.201156380822162,15.29611873626709,10800,0.0,0.0
2011-05-09 00:00:00-04:00,15.237683458445549,15.398387188066131,15.237683458445549,15.376472473144531,2100,0.0,0.0
2011-05-10 00:00:00-04:00,15.4787319548949,16.355299211324045,15.4787319548949,16.12885284423828,10400,0.0,0.0
2011-05-11 00:00:00-04:00,16.11424880558766,16.194601355310436,15.96815490722656,15.968154907226562,5600,0.0,0.0
2011-05-12 00:00:00-04:00,15.982762343459326,16.201905267489025,15.851278260962955,16.158077239990234,11000,0.0,0.0
2011-05-13 00:00:00-04:00,16.15807264603965,16.15807264603965,15.873187065124513,15.873187065124512,2500,0.0,0.0
2011-05-16 00:00:00-04:00,15.792841044929377,15.814754362902876,15.29611873626709,15.29611873626709,8900,0.0,0.0
2011-05-17 00:00:00-04:00,15.296118717664545,15.434907708887684,15.223071073549882,15.339946746826172,9600,0.0,0.0
2011-05-18 00:00:00-04:00,15.32522372310213,15.575491661655157,15.32522372310213,15.546049118041992,6900,0.16,0.0
2011-05-19 00:00:00-04:00,15.663824797167758,16.061308330148275,15.619658868197194,15.818401336669922,27700,0.0,0.0
2011-05-20 00:00:00-04:00,15.744791639028016,15.862564632560641,15.685905142261703,15.730071067810059,10100,0.0,0.0
2011-05-23 00:00:00-04:00,15.575489343675757,15.678540336932596,15.273695945739746,15.273695945739746,5600,0.0,0.0
2011-05-24 00:00:00-04:00,15.428277756853882,15.560772739004321,15.369391254116461,15.457721710205078,17700,0.0,0.0
2011-05-25 00:00:00-04:00,15.369390990372443,15.634380950126003,15.369390990372443,15.553411483764648,2100,0.0,0.0
2011-05-26 00:00:00-04:00,15.531321119244259,15.671177008055917,15.531321119244259,15.656455039978027,4600,0.0,0.0
2011-05-27 00:00:00-04:00,15.641735603992396,15.774230530213455,15.641735603992396,15.76686954498291,1600,0.0,0.0
2011-05-31 00:00:00-04:00,15.796314112919562,16.39990234375,15.796314112919562,16.39990234375,9500,0.0,0.0
2011-06-01 00:00:00-04:00,16.38518077468927,16.38518077468927,15.803675488076983,15.892005920410156,9700,0.0,0.0
2011-06-02 00:00:00-04:00,15.906726684807715,15.906726684807715,15.170644952482908,15.273695945739746,9100,0.0,0.0
2011-06-03 00:00:00-04:00,15.15591749167638,15.229525919042072,14.942453192712273,14.97189712524414,14400,0.0,0.0
2011-06-06 00:00:00-04:00,14.942455465419444,15.045507840990991,14.920373916625977,14.920373916625977,6000,0.0,0.0
2011-06-07 00:00:00-04:00,15.074953311665803,15.12647880751016,14.78052090400914,14.979263305664062,7500,0.0,0.0
2011-06-08 00:00:00-04:00,15.00870132446289,15.00870132446289,15.00870132446289,15.00870132446289,1800,0.0,0.0
2011-06-09 00:00:00-04:00,15.030785380954136,15.030785380954136,14.758434588372772,14.8541259765625,7500,0.0,0.0
2011-06-10 00:00:00-04:00,14.861491072533441,14.861491072533441,14.625945134839114,14.684831619262695,8400,0.0,0.0
2011-06-13 00:00:00-04:00,14.765800784213594,14.868853192789176,14.581780330857118,14.596502304077148,5400,0.0,0.0
2011-06-14 00:00:00-04:00,14.699551366447663,15.074953210169076,14.603861361090184,14.993985176086426,10400,0.0,0.0
2011-06-15 00:00:00-04:00,14.942459605945833,14.98662552369944,14.552337160207706,14.618584632873535,10600,0.0,0.0
2011-06-16 00:00:00-04:00,14.846771448239842,14.898296954762928,14.522895030711478,14.817327499389648,8200,0.0,0.0
2011-06-17 00:00:00-04:00,14.861490789132858,14.957180798009722,14.67747035332277,14.721634864807129,16600,0.0,0.0
2011-06-20 00:00:00-04:00,14.714273121729171,14.839407067799446,14.677469598046798,14.824685096740723,4100,0.0,0.0
2011-06-21 00:00:00-04:00,14.89093401441638,15.082315444946289,14.648027084121608,15.082315444946289,4800,0.0,0.0
2011-06-22 00:00:00-04:00,14.986622474195112,15.052869933380792,14.795241081432517,14.83204460144043,3500,0.0,0.0
2011-06-23 00:00:00-04:00,14.677473001845126,14.677473001845126,14.066525100869812,14.368318557739258,29400,0.0,0.0
2011-06-24 00:00:00-04:00,14.375675749201566,14.76579814197006,14.257902792445297,14.758437156677246,68500,0.0,0.0
2011-06-27 00:00:00-04:00,14.692190833352281,15.450355529785158,14.611222796775692,15.450355529785156,6600,0.0,0.0
2011-06-28 00:00:00-04:00,15.457714987448517,15.788952298765299,15.457714987448517,15.663818359375,12000,0.0,0.0
2011-06-29 00:00:00-04:00,15.64174268281333,15.700629187342967,15.295784644197333,15.582856178283691,9800,0.0,0.0
2011-06-30 00:00:00-04:00,15.568127155651322,15.781591515444001,15.442993214660806,15.76686954498291,36400,0.0,0.0
2011-07-01 00:00:00-04:00,15.671178415437138,15.671178415437138,15.089673259814601,15.32521915435791,13900,0.0,0.0
2011-07-05 00:00:00-04:00,15.376752589978256,15.428278105542386,14.464011074937238,14.72900104522705,18800,0.0,0.0
2011-07-06 00:00:00-04:00,14.721636641034546,14.93510104623259,14.537616183021614,14.868853569030762,12500,0.0,0.0
2011-07-07 00:00:00-04:00,15.01606648847682,15.487159733973252,15.001344517437836,15.35466480255127,8500,0.0,0.0
2011-07-08 00:00:00-04:00,15.288415514604003,15.288415514604003,15.045508637270741,15.074951171875,9200,0.0,0.0
2011-07-11 00:00:00-04:00,15.04550838470459,15.170642313591687,15.038147400186027,15.04550838470459,4900,0.0,0.0
2011-07-12 00:00:00-04:00,15.06023357914672,15.236894453967594,15.045513009548875,15.126481056213379,3400,0.0,0.0
2011-07-13 00:00:00-04:00,15.170644997589157,15.420912899640863,15.141201054305668,15.332582473754883,11300,0.0,0.0
2011-07-14 00:00:00-04:00,15.44299362546393,15.44299362546393,15.119118690490723,15.119118690490723,6400,0.0,0.0
2011-07-15 00:00:00-04:00,15.251607179139947,15.288412094116211,15.097030748131493,15.288412094116211,7700,0.0,0.0
2011-07-18 00:00:00-04:00,15.148569107055664,15.236899574148515,15.097043586236977,15.148569107055664,1800,0.0,0.0
2011-07-19 00:00:00-04:00,15.25897032565989,15.965609349792972,15.170641325120847,15.656455039978027,12000,0.0,0.0
2011-07-20 00:00:00-04:00,15.715342839695287,15.752146359043778,15.604930877685547,15.604930877685547,1200,0.0,0.0
2011-07-21 00:00:00-04:00,15.61965897370304,15.715350416487356,15.457721444945278,15.553411483764648,4200,0.0,0.0
2011-07-22 00:00:00-04:00,15.538688659064256,15.538688659064256,15.347307205200195,15.347307205200195,2000,0.0,0.0
2011-07-25 00:00:00-04:00,15.111760911262113,15.133842468261719,15.111760911262113,15.133842468261719,2400,0.0,0.0
2011-07-26 00:00:00-04:00,15.25161418167462,15.347305600584141,15.148563180354765,15.178007125854492,2600,0.0,0.0
2011-07-27 00:00:00-04:00,15.170646976900935,15.31050151385084,15.126481056213379,15.126481056213379,11100,0.0,0.0
2011-07-28 00:00:00-04:00,15.21480946331234,15.273695945739746,15.141201009286963,15.273695945739746,2400,0.0,0.0
2011-07-29 00:00:00-04:00,15.126476997476404,15.37674486502864,15.126476997476404,15.22952938079834,3700,0.0,0.0
2011-08-01 00:00:00-04:00,15.384102926389241,15.384102926389241,15.016062179805939,15.097031593322754,14700,0.0,0.0
2011-08-02 00:00:00-04:00,15.045510638050741,15.148561628815957,14.670108795166016,14.670108795166016,5900,0.0,0.0
2011-08-03 00:00:00-04:00,14.670111588365728,14.890935583183222,14.55969959095698,14.743720054626465,4400,0.0,0.0
2011-08-04 00:00:00-04:00,14.648029005395294,15.023430929446745,14.648029005395294,14.817327499389648,13800,0.0,0.0
2011-08-05 00:00:00-04:00,15.001344757759385,15.192726172438798,14.890932781127077,14.993985176086426,3500,0.0,0.0
2011-08-08 00:00:00-04:00,14.839409630771769,15.457718482384315,14.353595733642578,14.353595733642578,18800,0.0,0.0
2011-08-09 00:00:00-04:00,14.72163729868875,14.72163729868875,14.00027740800454,14.331513404846191,13800,0.0,0.0
2011-08-10 00:00:00-04:00,14.051805466396354,14.441929431104107,13.404052521370843,13.433496475219727,13400,0.0,0.0
2011-08-11 00:00:00-04:00,13.499739899083286,14.07388419042534,12.734214177293882,13.853058815002441,17200,0.0,0.0
2011-08-12 00:00:00-04:00,13.8309814283897,13.8309814283897,13.153785933480297,13.433496475219727,11200,0.0,0.0
2011-08-15 00:00:00-04:00,13.381962616663973,13.860415336686293,13.381962616663973,13.742642402648926,7700,0.0,0.0
2011-08-16 00:00:00-04:00,13.602791630757997,13.676400093194376,13.330442144897436,13.3672456741333,7500,0.0,0.0
2011-08-17 00:00:00-04:00,13.463842450420461,13.894804218210565,13.463842450420461,13.553006172180176,3000,0.17,0.0
2011-08-18 00:00:00-04:00,13.396964918970493,13.545571549594143,13.300369262695312,13.300369262695312,20900,0.0,0.0
2011-08-19 00:00:00-04:00,13.077461829474634,13.426688985557195,13.077461829474634,13.226068496704102,6200,0.0,0.0
2011-08-22 00:00:00-04:00,13.63473820155832,13.63473820155832,13.337523489514448,13.374674797058105,5700,0.0,0.0
2011-08-23 00:00:00-04:00,13.48613463462327,13.664463521323292,13.441552767256267,13.649603843688965,8800,0.0,0.0
2011-08-24 00:00:00-04:00,13.52328095440184,13.969102250974219,13.359811822909386,13.835356712341309,12800,0.0,0.0
2011-08-25 00:00:00-04:00,13.78334751345626,13.78334751345626,13.657031059265137,13.657031059265137,5100,0.0,0.0
2011-08-26 00:00:00-04:00,13.657032640742823,13.902235031127931,13.657032640742823,13.90223503112793,3700,0.0,0.0
2011-08-29 00:00:00-04:00,13.961671714719854,14.355480581415035,13.961671714719854,14.281176567077637,11900,0.0,0.0
2011-08-30 00:00:00-04:00,14.236598638091005,14.652699248616,14.22173754769293,14.392637252807617,15400,0.0,0.0
2011-08-31 00:00:00-04:00,14.4892319617978,14.4892319617978,14.125143738979395,14.370346069335938,7900,0.0,0.0
2011-09-01 00:00:00-04:00,14.273754238523036,14.489235862388904,13.605020559089951,13.649603843688965,8300,0.0,0.0
2011-09-02 00:00:00-04:00,13.597588663696918,13.671892713430667,13.077463150024414,13.077463150024414,12500,0.0,0.0
2011-09-06 00:00:00-04:00,12.743094301213961,13.411827844367865,12.743094301213961,13.151765823364258,12800,0.0,0.0
2011-09-07 00:00:00-04:00,13.374672367565434,14.17715265293011,13.374672367565434,13.761052131652832,11000,0.0,0.0
2011-09-08 00:00:00-04:00,13.58272982271959,13.842791886930776,13.575299275566135,13.590160369873047,9800,0.0,0.0
2011-09-09 00:00:00-04:00,13.41183099102118,13.917096894198338,13.396971312928718,13.560439109802246,9200,0.0,0.0
2011-09-12 00:00:00-04:00,13.56786318194181,13.84278622807282,13.292938718579423,13.300369262695312,5400,0.0,0.0
2011-09-13 00:00:00-04:00,13.382105342013144,13.42668719451184,13.240927822330478,13.374674797058105,14200,0.0,0.0
2011-09-14 00:00:00-04:00,13.374673928704132,13.560433288825022,13.292939356736877,13.456408500671387,9500,0.0,0.0
2011-09-15 00:00:00-04:00,13.493557422326957,13.664455663315493,13.337520267658606,13.47126579284668,5800,0.0,0.0
2011-09-16 00:00:00-04:00,13.538141114500112,13.649597859904626,13.240926433627983,13.396965026855469,25200,0.0,0.0
2011-09-19 00:00:00-04:00,13.15176282307691,13.233495975075957,13.01801586151123,13.01801586151123,12200,0.0,0.0
2011-09-20 00:00:00-04:00,13.077461169439772,13.344953723844839,12.995726585388184,12.995726585388184,35900,0.0,0.0
2011-09-21 00:00:00-04:00,13.129469863438786,13.248355724541323,12.683647175688646,12.698508262634277,10400,0.0,0.0
2011-09-22 00:00:00-04:00,12.631637544811438,12.921421717325364,12.572194601289823,12.594486236572266,24800,0.0,0.0
2011-09-23 00:00:00-04:00,12.60934508279739,12.89170010893613,12.572193776994043,12.735661506652832,7300,0.0,0.0
2011-09-26 00:00:00-04:00,12.817397194351786,12.951144174441207,12.535043560898693,12.899131774902344,3400,0.0,0.0
2011-09-27 00:00:00-04:00,13.114615120590104,13.359817504882812,12.943716789738327,13.359817504882812,8300,0.0,0.0
2011-09-28 00:00:00-04:00,13.25578907293131,13.701611855017289,13.025447845458984,13.025447845458984,6800,0.0,0.0
2011-09-29 00:00:00-04:00,13.040308482935362,13.612447738647461,13.040308482935362,13.612447738647461,9600,0.0,0.0
2011-09-30 00:00:00-04:00,13.396965430900009,14.065698837338749,13.396965430900009,13.805635452270508,11300,0.0,0.0
2011-10-03 00:00:00-04:00,13.627312526915446,13.89480657197132,13.389540672302246,13.389540672302246,16700,0.0,0.0
2011-10-04 00:00:00-04:00,13.448979240151278,14.645268669820265,13.40439738629091,14.3629150390625,14800,0.0,0.0
2011-10-05 00:00:00-04:00,14.266320506573331,14.570965766906738,13.931953066094442,14.570965766906738,5700,0.0,0.0
2011-10-06 00:00:00-04:00,14.51151876064664,14.801302849768252,14.325759438444344,14.749290466308594,9500,0.0,0.0
2011-10-07 00:00:00-04:00,14.68242333063447,14.68242333063447,14.251461573906298,14.348055839538574,7900,0.0,0.0
2011-10-10 00:00:00-04:00,14.593255575453629,14.719572003065727,14.125142589144982,14.652698516845703,14000,0.0,0.0
2011-10-11 00:00:00-04:00,14.57096442791075,14.704711391811655,14.392635615120021,14.667558670043945,5100,0.0,0.0
2011-10-12 00:00:00-04:00,14.727003356036699,15.009358406066895,14.682421501854096,15.009358406066895,7700,0.0,0.0
2011-10-13 00:00:00-04:00,15.0093600275878,15.559207679347436,14.712143854976759,15.254562377929688,8400,0.0,0.0
2011-10-14 00:00:00-04:00,15.23227131028949,15.5889290301021,15.217410217656017,15.380879402160645,8400,0.0,0.0
2011-10-17 00:00:00-04:00,15.187686305389635,15.410596979816479,15.024217154727213,15.0465087890625,6400,0.0,0.0
2011-10-18 00:00:00-04:00,14.957344224877948,15.25456035813582,14.85331942857663,15.14310359954834,9200,0.0,0.0
2011-10-19 00:00:00-04:00,14.994498377553413,15.076232963703212,14.533814460934117,14.563536643981934,8200,0.0,0.0
2011-10-20 00:00:00-04:00,14.45208200391314,14.890474304841401,14.45208200391314,14.87561321258545,2700,0.0,0.0
2011-10-21 00:00:00-04:00,15.157961809710898,15.306569848104955,15.024214858602505,15.120810508728027,10300,0.0,0.0
2011-10-24 00:00:00-04:00,15.061374347307478,15.455183416786252,15.061374347307478,15.3065767288208,7100,0.0,0.0
2011-10-25 00:00:00-04:00,15.120815781298004,15.284283546747012,14.526384837677298,14.533815383911133,5400,0.0,0.0
2011-10-26 00:00:00-04:00,14.786449365687387,14.786449365687387,14.385209760410167,14.682424545288086,7100,0.0,0.0
2011-10-27 00:00:00-04:00,14.474372592763846,15.46261257718116,14.474372592763846,15.380879402160645,27100,0.0,0.0
2011-10-28 00:00:00-04:00,15.440316294134044,15.52947998046875,15.432885750734277,15.52947998046875,10200,0.0,0.0
2011-10-31 00:00:00-04:00,15.380877051176174,15.574065556955075,14.89790153503418,14.89790153503418,6100,0.0,0.0
2011-11-01 00:00:00-04:00,14.570966052463515,14.630408996687864,14.19201675157144,14.3629150390625,10300,0.0,0.0
2011-11-02 00:00:00-04:00,14.40006964183401,14.548677745005575,14.192019998072105,14.288614273071289,13200,0.0,0.0
2011-11-03 00:00:00-04:00,14.281178462230413,14.779013581954558,14.281178462230413,14.727001190185547,6100,0.0,0.0
2011-11-04 00:00:00-04:00,14.67498627000156,14.67498627000156,14.563530961523725,14.600682258605957,2400,0.0,0.0
2011-11-07 00:00:00-05:00,14.518954611108787,14.935055248125732,14.44465057161927,14.927624702453613,12300,0.0,0.0
2011-11-08 00:00:00-05:00,14.92762404138823,15.269420623779299,14.853320005189245,15.269420623779297,6800,0.0,0.0
2011-11-09 00:00:00-05:00,15.187686335605882,15.187686335605882,14.875610540448518,15.083660125732422,14700,0.0,0.0
2011-11-10 00:00:00-05:00,15.224838436838963,15.224838436838963,14.83102804563703,14.89790153503418,4600,0.0,0.0
2011-11-11 00:00:00-05:00,15.105954291624167,15.254562377929688,15.105954291624167,15.254562377929688,7400,0.0,0.0
2011-11-14 00:00:00-05:00,15.209975119684286,15.209975119684286,14.935052074395976,15.091089248657227,9700,0.0,0.0
2011-11-15 00:00:00-05:00,15.165391648648676,15.611214325883077,15.165391648648676,15.343720436096191,10400,0.0,0.0
2011-11-16 00:00:00-05:00,15.358712295805567,15.366204522063533,14.999094009399414,14.999094009399414,5700,0.17,0.0
2011-11-17 00:00:00-05:00,15.066520850868129,15.208868846097612,14.984107800685678,15.059028625488281,5800,0.0,0.0
2011-11-18 00:00:00-05:00,14.991594518154256,15.283784055638522,14.991594518154256,15.208863258361816,6400,0.0,0.0
2011-11-21 00:00:00-05:00,15.066517664343204,15.208865629466505,14.961627960205078,14.961627960205078,5900,0.0,0.0
2011-11-22 00:00:00-05:00,15.021564321571619,15.021564321571619,14.961627960205078,14.961627960205078,1900,0.0,0.0
2011-11-23 00:00:00-05:00,14.969119504185482,15.05153253319507,14.519596099853516,14.519596099853516,6100,0.0,0.0
2011-11-25 00:00:00-05:00,14.377250671386717,14.609503923383228,14.332297322745514,14.377250671386719,5000,0.0,0.0
2011-11-28 00:00:00-05:00,14.826775705908611,14.856743179141988,14.602013226176696,14.841758728027344,7600,0.0,0.0
2011-11-29 00:00:00-05:00,14.841754281797495,14.991595890063191,14.819279040854479,14.871723175048828,9000,0.0,0.0
2011-11-30 00:00:00-05:00,15.321250553768381,15.63591686973073,15.156424456028766,15.628424644470215,18500,0.0,0.0
2011-12-01 00:00:00-05:00,15.620936967112751,15.620936967112751,15.223857486674278,15.396174430847168,5900,0.0,0.0
2011-12-02 00:00:00-05:00,15.508547259239725,15.508547259239725,14.946643393745466,15.21635627746582,4000,0.0,0.0
2011-12-05 00:00:00-05:00,15.47858300252653,15.620932424533112,15.283789432674327,15.583471298217773,10100,0.0,0.0
2011-12-06 00:00:00-05:00,15.48607722778641,15.546013608635766,14.991601728530208,15.201379776000977,7500,0.0,0.0
2011-12-07 00:00:00-05:00,15.059022594016572,15.096482276916502,14.954132909705214,15.096482276916504,4200,0.0,0.0
2011-12-08 00:00:00-05:00,15.133948699142879,15.141439495155058,14.549568009482371,14.624488830566406,7700,0.0,0.0
2011-12-09 00:00:00-05:00,14.324807417529257,14.88671144951557,14.249886594131912,14.804298400878906,9300,0.0,0.0
2011-12-12 00:00:00-05:00,14.512105631378565,14.624486127737077,14.497121184131952,14.61699390411377,4000,0.0,0.0
2011-12-13 00:00:00-05:00,14.714391234306563,14.774327599515718,14.347280818776024,14.467153549194336,5200,0.0,0.0
2011-12-14 00:00:00-05:00,14.48214039276042,14.48214039276042,14.234902666760728,14.42220401763916,5000,0.0,0.0
2011-12-15 00:00:00-05:00,14.504614199353627,14.796803791631293,14.47464530322483,14.781819343566895,4700,0.0,0.0
2011-12-16 00:00:00-05:00,14.976614987368093,14.976614987368093,14.594520081971023,14.684425354003906,17100,0.0,0.0
2011-12-19 00:00:00-05:00,14.789310070661509,14.909182785052234,14.242390632629395,14.242390632629395,6900,0.0,0.0
2011-12-20 00:00:00-05:00,14.53458244989019,14.721883773803711,14.53458244989019,14.721883773803711,12100,0.0,0.0
2011-12-21 00:00:00-05:00,14.759346520412668,14.759346520412668,14.422203528663745,14.51210880279541,3900,0.0,0.0
2011-12-22 00:00:00-05:00,14.609505451734018,14.939156231276614,14.437188550903352,14.841758728027344,13700,0.0,0.0
2011-12-23 00:00:00-05:00,14.92417307917418,15.358712196350098,14.92417307917418,15.358712196350098,7400,0.0,0.0
2011-12-27 00:00:00-05:00,15.358714292726596,15.358714292726596,15.223857060541308,15.283793449401855,40600,0.0,0.0
2011-12-28 00:00:00-05:00,15.336226232071139,15.336226232071139,15.096480854511881,15.11895751953125,5500,0.0,0.0
2011-12-29 00:00:00-05:00,15.366199970748879,15.418644110025173,15.291279159356046,15.411151885986328,2500,0.0,0.0
2011-12-30 00:00:00-05:00,15.313757271026647,15.373693639976045,15.126455939435308,15.163915634155273,4500,0.0,0.0
2012-01-03 00:00:00-05:00,15.396164906702797,15.471085705778277,15.283784422587269,15.463593482971191,3100,0.0,0.0
2012-01-04 00:00:00-05:00,15.343729838262401,15.418650681587144,15.283793449401854,15.283793449401855,14400,0.0,0.0
2012-01-05 00:00:00-05:00,15.201376590064678,15.321249326640213,15.096486873814282,15.306264877319336,1900,0.0,0.0
2012-01-06 00:00:00-05:00,15.358714437742558,15.396174145260504,15.261318340798146,15.32125473022461,7900,0.0,0.0
2012-01-09 00:00:00-05:00,15.291274405774509,15.381179637296292,15.208861395962474,15.343718528747559,5800,0.0,0.0
2012-01-10 00:00:00-05:00,15.508546816610915,15.508546816610915,15.351212995685358,15.441118240356445,5400,0.0,0.0
2012-01-11 00:00:00-05:00,15.486073982182639,15.486073982182639,15.223851835050255,15.306264877319336,20800,0.0,0.0
2012-01-12 00:00:00-05:00,15.366204422559548,15.433633029448574,15.163918601892474,15.358712196350098,1900,0.0,0.0
2012-01-13 00:00:00-05:00,15.223845816984477,15.291274383277818,15.09648090609652,15.276289939880371,5600,0.0,0.0
2012-01-17 00:00:00-05:00,15.328736330434403,15.523529836432498,15.328736330434403,15.463593482971191,7600,0.0,0.0
2012-01-18 00:00:00-05:00,15.486073650391399,15.568486690894769,15.35121646738432,15.54601001739502,5600,0.0,0.0
2012-01-19 00:00:00-05:00,15.501060313432202,15.658392763415364,15.501060313432202,15.575981140136719,2100,0.0,0.0
2012-01-20 00:00:00-05:00,15.59845463003025,15.733311817101871,15.508550791313002,15.658390998840332,4400,0.0,0.0
2012-01-23 00:00:00-05:00,15.688363538045277,15.770775171159455,15.61344270239923,15.733315467834473,5100,0.0,0.0
2012-01-24 00:00:00-05:00,15.650900051393354,15.710836425094877,15.590963677691832,15.620932579040527,5700,0.0,0.0
2012-01-25 00:00:00-05:00,15.710835276520408,16.018009347908574,15.710835276520408,15.988041877746582,5600,0.0,0.0
2012-01-26 00:00:00-05:00,16.107911423977534,16.14537111150487,15.935594574959014,16.070451736450195,6000,0.0,0.0
2012-01-27 00:00:00-05:00,15.965564563643351,16.182834786843834,15.943089319171374,16.107913970947266,4700,0.0,0.0
2012-01-30 00:00:00-05:00,16.070456060889192,16.190328808028102,15.845693588256836,15.845693588256836,10700,0.0,0.0
2012-01-31 00:00:00-05:00,15.988043676200142,15.988043676200142,15.688361795890977,15.725821495056152,4700,0.0,0.0
2012-02-01 00:00:00-05:00,15.770775181903401,16.272742923378978,15.770775181903401,16.220298767089844,10200,0.0,0.0
2012-02-02 00:00:00-05:00,16.17534082482926,16.445055161486412,16.17534082482926,16.370134353637695,6700,0.0,0.0
2012-02-03 00:00:00-05:00,16.60988045146809,16.81216621194906,16.460038829853534,16.74473762512207,11600,0.0,0.0
2012-02-06 00:00:00-05:00,16.722261588713224,16.782197953837816,16.579912185668945,16.579912185668945,2800,0.0,0.0
2012-02-07 00:00:00-05:00,16.55743678307308,16.55743678307308,16.452547073364258,16.452547073364258,1000,0.0,0.0
2012-02-08 00:00:00-05:00,16.572424013296455,16.572424013296455,15.785757488911344,16.10042381286621,18200,0.0,0.0
2012-02-09 00:00:00-05:00,16.09292503923172,16.190322501465587,15.958067893981934,15.958067893981934,3400,0.0,0.0
2012-02-10 00:00:00-05:00,15.838199614768767,16.032993164617803,15.838199614768767,15.883152961730957,2100,0.0,0.0
2012-02-13 00:00:00-05:00,16.100424145806965,16.100424145806965,15.93559946946825,16.01801109313965,2500,0.0,0.0
2012-02-14 00:00:00-05:00,15.845693588256836,15.920614412467621,15.725820841117926,15.845693588256836,6100,0.0,0.0
2012-02-15 00:00:00-05:00,15.830706275251746,15.935595981779993,15.58346860035652,15.688358306884766,20700,0.0,0.0
2012-02-16 00:00:00-05:00,15.658392838039223,16.100424145806965,15.658392838039223,16.01801109313965,3100,0.0,0.0
2012-02-17 00:00:00-05:00,16.018008715630405,16.018008715630405,15.298772312183848,15.883152961730957,4900,0.0,0.0
2012-02-21 00:00:00-05:00,15.853184063756164,15.920612655203742,15.853184063756164,15.883152961730957,3500,0.0,0.0
2012-02-22 00:00:00-05:00,16.087075746636895,16.087075746636895,15.694340705871582,15.694340705871582,2200,0.17,0.0
2012-02-23 00:00:00-05:00,15.777416320041603,15.905810865589435,15.633917635436124,15.860495567321777,5300,0.0,0.0
2012-02-24 00:00:00-05:00,15.762308120727537,15.762308120727537,15.762308120727537,15.762308120727539,1200,0.0,0.0
2012-02-27 00:00:00-05:00,15.633916175121797,15.852941296746508,15.633916175121797,15.709441184997559,1100,0.0,0.0
2012-02-28 00:00:00-05:00,15.85294120152724,15.85294120152724,15.709441090640212,15.845388412475586,1200,0.0,0.0
2012-02-29 00:00:00-05:00,15.898257713637133,15.898257713637133,15.649021418021377,15.70189094543457,5700,0.0,0.0
2012-03-01 00:00:00-05:00,15.694340415559369,15.694340415559369,15.490419387817383,15.490419387817383,5100,0.0,0.0
2012-03-02 00:00:00-05:00,15.573489238255862,15.754751784355328,14.64451670874443,14.87864875793457,8300,0.0,0.0
2012-03-05 00:00:00-05:00,14.878651633720926,14.923966918867789,14.727598762502128,14.855993270874023,1200,0.0,0.0
2012-03-06 00:00:00-05:00,14.795577919012084,15.022155869650188,14.704945874428356,14.712498664855957,7000,0.0,0.0
2012-03-07 00:00:00-05:00,14.80312886469179,14.818234443664553,14.727602410375278,14.81823444366455,3100,0.0,0.0
2012-03-08 00:00:00-05:00,14.908864624168926,14.99949665495218,14.73515479242722,14.94662857055664,4100,0.0,0.0
2012-03-09 00:00:00-05:00,15.037259082236913,15.059917449951172,14.916417335522034,15.059917449951172,4100,0.0,0.0
2012-03-12 00:00:00-04:00,15.362019098872773,15.81517628915412,15.29404544830322,15.294045448303223,4700,0.0,0.0
2012-03-13 00:00:00-04:00,15.369580149913308,15.513080316104162,15.248738359609778,15.482869148254395,6200,0.0,0.0
2012-03-14 00:00:00-04:00,15.528172633833579,15.724540753667492,15.4753045709065,15.588593482971191,4400,0.0,0.0
2012-03-15 00:00:00-04:00,15.58104991912842,15.58104991912842,15.429998427150883,15.581049919128418,1400,0.0,0.0
2012-03-16 00:00:00-04:00,15.573497151031575,15.65657495986337,15.445102602239823,15.558391571044922,14400,0.0,0.0
2012-03-19 00:00:00-04:00,15.656572492265889,16.019097711524374,15.641466914659993,15.913361549377441,7000,0.0,0.0
2012-03-20 00:00:00-04:00,15.868048232909766,15.868048232909766,15.407338142395021,15.40733814239502,6300,0.0,0.0
2012-03-21 00:00:00-04:00,15.475310013903634,15.482862802770647,15.467757225036621,15.467757225036621,2800,0.0,0.0
2012-03-22 00:00:00-04:00,15.3846810798436,15.48286446455851,15.346917131455301,15.369575500488281,5300,0.0,0.0
2012-03-23 00:00:00-04:00,15.377127182911481,15.618810673004457,15.377127182911481,15.596152305603027,3300,0.0,0.0
2012-03-26 00:00:00-04:00,15.724550609618458,16.087075931670466,15.460208688750194,16.011550903320312,33000,0.0,0.0
2012-03-27 00:00:00-04:00,16.12483774194421,16.12483774194421,15.868048646170966,15.890707015991211,4900,0.0,0.0
2012-03-28 00:00:00-04:00,15.822732087567271,15.951126625233515,15.822732087567271,15.883152961730957,2100,0.0,0.0
2012-03-29 00:00:00-04:00,15.875603547413915,16.23812886946592,15.815182660405247,16.011550903320312,8200,0.0,0.0
2012-03-30 00:00:00-04:00,16.21546514232037,16.245676296122834,16.04930811804812,16.079519271850586,5700,0.0,0.0
2012-04-02 00:00:00-04:00,15.988892127758437,16.532680097139515,15.860497566030574,16.464706420898438,9100,0.0,0.0
2012-04-03 00:00:00-04:00,16.502467058437386,16.532676774836254,16.32875722763896,16.419387817382812,6800,0.0,0.0
2012-04-04 00:00:00-04:00,16.328763035803384,16.61576192614117,16.275893492341904,16.30610466003418,6100,0.0,0.0
2012-04-05 00:00:00-04:00,16.336311602635156,16.608206303329794,16.245680996101953,16.38918113708496,3400,0.0,0.0
2012-04-09 00:00:00-04:00,16.147493870454294,16.313652359801438,16.087072994477328,16.1021785736084,104300,0.0,0.0
2012-04-10 00:00:00-04:00,16.147501286401322,16.170159665504077,15.38468791706554,15.641475677490234,9800,0.0,0.0
2012-04-11 00:00:00-04:00,15.649017812469442,15.951123565892875,15.641465024579157,15.936017990112305,37100,0.0,0.0
2012-04-12 00:00:00-04:00,16.003997802734375,16.09462841122009,15.754761468577337,16.003997802734375,9400,0.0,0.0
2012-04-13 00:00:00-04:00,15.845392015054834,15.860497596592523,15.369577720997977,15.550840377807617,6000,0.0,0.0
2012-04-16 00:00:00-04:00,15.69433977528658,15.69433977528658,14.810683465002183,15.301603317260742,5300,0.0,0.0
2012-04-17 00:00:00-04:00,15.42244825310263,15.58860535463304,15.150553504645803,15.482869148254395,4400,0.0,0.0
2012-04-18 00:00:00-04:00,15.467756337377216,15.467756337377216,15.278940948179113,15.354467391967773,3700,0.0,0.0
2012-04-19 00:00:00-04:00,15.286489126521706,15.286489126521706,14.84843761331133,14.87864875793457,6500,0.0,0.0
2012-04-20 00:00:00-04:00,15.180760714662993,15.709443049269256,14.908866037092839,15.558391571044922,9100,0.0,0.0
2012-04-23 00:00:00-04:00,15.407333809366575,15.883149345553738,15.165650367736816,15.165650367736816,7700,0.0,0.0
2012-04-24 00:00:00-04:00,15.233623780097567,15.3393599240381,14.984387554704224,15.331807136535645,5100,0.0,0.0
2012-04-25 00:00:00-04:00,15.490416138824159,15.656573178126273,15.48286334969035,15.596152305603027,3200,0.0,0.0
2012-04-26 00:00:00-04:00,15.581046378431315,15.716993698701172,15.226073940374507,15.633915901184082,4300,0.0,0.0
2012-04-27 00:00:00-04:00,15.716992628956525,16.0870706197541,15.716992628956525,16.079519271850586,6600,0.0,0.0
2012-04-30 00:00:00-04:00,15.94357884399071,16.079526213698752,15.784973099148754,15.981341361999512,5200,0.0,0.0
2012-05-01 00:00:00-04:00,15.936016199112515,15.936016199112515,15.618806346105746,15.664121627807617,6100,0.0,0.0
2012-05-02 00:00:00-04:00,15.467759531672405,15.701891699823326,15.271391313488115,15.558391571044922,13000,0.0,0.0
2012-05-03 00:00:00-04:00,15.49041875586384,15.558392429004753,15.2864977364411,15.301603317260742,5900,0.0,0.0
2012-05-04 00:00:00-04:00,15.256285143973654,15.603704794152938,15.105232245301757,15.324258804321289,13800,0.0,0.0
2012-05-07 00:00:00-04:00,15.278944103481441,15.65657495986337,15.067471745857894,15.558391571044922,5500,0.0,0.0
2012-05-08 00:00:00-04:00,15.490415791949543,15.709440909736491,15.47531021402018,15.633915901184082,6900,0.0,0.0
2012-05-09 00:00:00-04:00,15.550832703279521,15.70943690950949,15.550832703279521,15.664121627807617,11000,0.0,0.0
2012-05-10 00:00:00-04:00,15.792520137537464,15.973782750930408,15.762310422245571,15.898256301879883,6900,0.0,0.0
2012-05-11 00:00:00-04:00,15.716997970538806,15.883156491828826,15.694341038033869,15.852945327758789,4900,0.0,0.0
2012-05-14 00:00:00-04:00,15.701891043568644,15.769863269572914,15.369575500488281,15.369575500488281,146600,0.0,0.0
2012-05-15 00:00:00-04:00,15.346916545005898,15.588600043266261,15.346916545005898,15.528179168701172,4500,0.0,0.0
2012-05-16 00:00:00-04:00,15.58148765820067,15.642413738307784,15.353020668029785,15.353020668029785,1800,0.17,0.0
2012-05-17 00:00:00-04:00,15.383481117040496,15.596716551269315,15.208321571350098,15.208321571350098,6100,0.0,0.0
2012-05-18 00:00:00-04:00,15.17024508063073,15.459636665830757,15.086473182454984,15.383481979370117,7200,0.0,0.0
2012-05-21 00:00:00-04:00,15.345408499363693,15.604338590186579,15.269252333964365,15.436796188354492,4400,0.0,0.0
2012-05-22 00:00:00-04:00,15.5662573097129,15.5662573097129,15.155014991760254,15.155014991760254,3400,0.0,0.0
2012-05-23 00:00:00-04:00,15.09409466801458,15.09409466801458,14.873243378888532,15.078863143920898,3400,0.0,0.0
2012-05-24 00:00:00-04:00,15.04839964322383,15.086476996079506,14.759006532312233,15.040783882141113,3700,0.0,0.0
2012-05-25 00:00:00-04:00,15.017931353961874,15.040778629230736,14.934160916424176,14.964622497558594,4100,0.0,0.0
2012-05-29 00:00:00-04:00,15.124554419319209,15.505333723309661,14.75900518354447,15.474870681762695,3100,0.0,0.0
2012-05-30 00:00:00-04:00,15.368247345455577,15.421556196193755,15.048392788469268,15.12454891204834,3200,0.0,0.0
2012-05-31 00:00:00-04:00,15.11693854855371,15.11693854855371,14.621925747492092,14.644771575927734,8200,0.0,0.0
2012-06-01 00:00:00-04:00,14.51530933372386,14.51530933372386,14.020296437914057,14.11929988861084,11900,0.0,0.0
2012-06-04 00:00:00-04:00,14.233528419687728,14.446763864777076,13.928905317733282,14.088831901550293,4700,0.0,0.0
2012-06-05 00:00:00-04:00,14.088836779589903,14.180224468096561,13.936524449598151,14.06598949432373,4300,0.0,0.0
2012-06-06 00:00:00-04:00,14.0888328640193,14.522920995528514,13.936520576358204,14.126910209655762,11200,0.0,0.0
2012-06-07 00:00:00-04:00,14.187840074604251,14.57623524429514,14.00506613343645,14.164994239807129,9500,0.0,0.0
2012-06-08 00:00:00-04:00,14.142145499526036,14.317303660246798,14.058373573721317,14.241148948669434,10000,0.0,0.0
2012-06-11 00:00:00-04:00,14.408686510055624,14.408686510055624,14.05075454711914,14.05075454711914,10200,0.0,0.0
2012-06-12 00:00:00-04:00,14.05836749231407,14.53815010203067,14.05836749231407,14.393453598022461,10700,0.0,0.0
2012-06-13 00:00:00-04:00,14.33253038311385,14.385839244386187,14.088831901550293,14.088831901550293,6800,0.0,0.0
2012-06-14 00:00:00-04:00,14.195453422944919,14.842778595677474,14.180223353189618,14.827547073364258,8600,0.0,0.0
2012-06-15 00:00:00-04:00,14.819933911628606,15.337794140647494,14.819933911628606,15.269253730773926,17500,0.0,0.0
2012-06-18 00:00:00-04:00,15.177860839788302,15.383481979370115,15.040780080067092,15.383481979370117,13800,0.0,0.0
2012-06-19 00:00:00-04:00,15.482482055570802,15.497713572028811,15.330169796105428,15.459634780883789,13800,0.0,0.0
2012-06-20 00:00:00-04:00,15.505327784574586,15.505327784574586,15.101701354017898,15.11693286895752,9700,0.0,0.0
2012-06-21 00:00:00-04:00,15.18547698327154,15.223554327465552,15.07885780492468,15.215938568115234,7600,0.0,0.0
2012-06-22 00:00:00-04:00,15.29971249671697,16.046039581298828,15.116938605751479,16.046039581298828,139000,0.0,0.0
2012-06-25 00:00:00-04:00,15.65002443282027,15.901338645013269,15.589099819335827,15.802336692810059,14800,0.0,0.0
2012-06-26 00:00:00-04:00,15.908958395151108,16.518206135425604,15.817572178272457,16.480127334594727,13600,0.0,0.0
2012-06-27 00:00:00-04:00,16.457279115432158,16.74667069690996,16.373507218333902,16.518203735351562,18100,0.0,0.0
2012-06-28 00:00:00-04:00,16.37350951182445,16.42681838015139,16.297353363118376,16.350662231445312,9400,0.0,0.0
2012-06-29 00:00:00-04:00,16.617214082251127,16.693370258714474,16.411592841567565,16.678138732910156,14200,0.0,0.0
2012-07-02 00:00:00-04:00,16.58675279798277,16.82283564219708,16.54105821970262,16.81521987915039,7800,0.0,0.0
2012-07-03 00:00:00-04:00,16.822827725590663,16.822827725590663,16.69336271983804,16.80759620666504,5400,0.0,0.0
2012-07-05 00:00:00-04:00,16.731440819456058,16.761903858681688,16.57151422119447,16.700979232788086,2900,0.0,0.0
2012-07-06 00:00:00-04:00,16.579129700737585,16.670515911754315,16.48774203716322,16.502973556518555,2300,0.0,0.0
2012-07-09 00:00:00-04:00,16.58674641248318,16.601976480155074,16.46489715576172,16.46489715576172,2200,0.0,0.0
2012-07-10 00:00:00-04:00,16.563901945602062,16.563901945602062,16.33543491358246,16.373512268066406,7600,0.0,0.0
2012-07-11 00:00:00-04:00,16.45727931840572,16.60197438465044,16.37350742027428,16.472509384155273,4300,0.0,0.0
2012-07-12 00:00:00-04:00,16.457278093489236,16.746669656996776,16.304965826870053,16.617204666137695,9600,0.0,0.0
2012-07-13 00:00:00-04:00,16.739055168161766,16.906598964663495,16.617205926646438,16.853288650512695,12100,0.0,0.0
2012-07-16 00:00:00-04:00,16.685749235123446,16.853291608473395,15.901343334207757,16.754289627075195,3700,0.0,0.0
2012-07-17 00:00:00-04:00,16.8685284477894,17.051302399766485,16.373515479615016,16.678138732910156,8600,0.0,0.0
2012-07-18 00:00:00-04:00,16.73905525860211,16.7923641204834,16.563897154547146,16.7923641204834,6200,0.0,0.0
2012-07-19 00:00:00-04:00,16.67813274124211,16.67813274124211,16.32020072877822,16.480127334594727,3300,0.0,0.0
2012-07-20 00:00:00-04:00,16.320202405204494,16.640057102251,16.320202405204494,16.52582359313965,4200,0.0,0.0
2012-07-23 00:00:00-04:00,16.38112450320572,16.38112450320572,15.985113710564576,16.00034523010254,3600,0.0,0.0
2012-07-24 00:00:00-04:00,16.114576536771047,16.327813423719764,16.053651919436764,16.183116912841797,7400,0.0,0.0
2012-07-25 00:00:00-04:00,16.335433964280934,16.541053700126202,16.335433964280934,16.411588668823242,2400,0.0,0.0
2012-07-26 00:00:00-04:00,16.67813717032653,16.67813717032653,16.373513945571702,16.495363235473633,2600,0.0,0.0
2012-07-27 00:00:00-04:00,16.47251229876714,16.822830019026945,16.373510317368943,16.754289627075195,8700,0.0,0.0
2012-07-30 00:00:00-04:00,16.777136908578377,16.853291608473395,16.6172088431717,16.754289627075195,5600,0.0,0.0
2012-07-31 00:00:00-04:00,16.655286126507296,16.769519618488097,16.60197580786244,16.700979232788086,4200,0.0,0.0
2012-08-01 00:00:00-04:00,16.822829178234503,16.822829178234503,16.274507522583008,16.274507522583008,10300,0.0,0.0
2012-08-02 00:00:00-04:00,16.190735601859572,16.75428877733576,16.190735601859572,16.46489715576172,12100,0.0,0.0
2012-08-03 00:00:00-04:00,16.76952016575307,17.18837680087107,16.411586705959216,17.09699058532715,24400,0.0,0.0
2012-08-06 00:00:00-04:00,17.104602537118094,17.401611328125,17.096988230669528,17.401611328125,5500,0.0,0.0
2012-08-07 00:00:00-04:00,17.36353690254609,17.462540341981306,17.165532928791404,17.416847229003906,5900,0.0,0.0
2012-08-08 00:00:00-04:00,17.470157102936,17.470157102936,17.188379742903727,17.264535903930664,1900,0.0,0.0
2012-08-09 00:00:00-04:00,17.470152297934963,17.515845400960483,17.142681912377363,17.492998123168945,2900,0.0,0.0
2012-08-10 00:00:00-04:00,17.34830683325887,17.447308820136215,17.074145250278733,17.416847229003906,2100,0.0,0.0
2012-08-13 00:00:00-04:00,17.416847941641254,17.462541056488256,17.18837946229037,17.256919860839844,3400,0.0,0.0
2012-08-14 00:00:00-04:00,17.310228098621774,17.325459620528434,17.11222267150879,17.11222267150879,1700,0.0,0.0
2012-08-15 00:00:00-04:00,17.058480320473652,17.27343920213261,16.989386446522115,17.158283233642578,7200,0.18,0.0
2012-08-16 00:00:00-04:00,17.135254271889394,17.273442042515573,16.820493889591024,17.11989974975586,6800,0.0,0.0
2012-08-17 00:00:00-04:00,17.050800922787364,17.54213523864746,17.050800922787364,17.54213523864746,3500,0.0,0.0
2012-08-20 00:00:00-04:00,17.380916388564415,18.00276119966589,17.380916388564415,17.949020385742188,11600,0.0,0.0
2012-08-21 00:00:00-04:00,17.94902328252351,18.041148942687645,17.734065849286672,17.925992965698242,2900,0.0,0.0
2012-08-22 00:00:00-04:00,18.002766016746826,18.156306847607222,17.388598300441693,17.618911743164062,5900,0.0,0.0
2012-08-23 00:00:00-04:00,17.542139780043414,17.841545630946268,17.350212652174857,17.450014114379883,3800,0.0,0.0
2012-08-24 00:00:00-04:00,17.595878957533113,17.595878957533113,17.311826166971812,17.457691192626953,1500,0.0,0.0
2012-08-27 00:00:00-04:00,17.66497402907456,17.66497402907456,17.204348603143714,17.426984786987305,2100,0.0,0.0
2012-08-28 00:00:00-04:00,17.350208376300504,17.734062537438625,17.273437251215398,17.657291412353516,8300,0.0,0.0
2012-08-29 00:00:00-04:00,17.835262139684406,17.85847559427892,17.564445881937957,17.819787979125977,2800,0.18,0.0
2012-08-30 00:00:00-04:00,17.649558542237457,17.819787587177206,17.56444549560547,17.56444549560547,1900,0.0,0.0
2012-08-31 00:00:00-04:00,17.781105040138947,17.781105040138947,17.432911955778945,17.71920394897461,3000,0.0,0.0
2012-09-04 00:00:00-04:00,17.73467445373535,17.8739522374718,17.57992103273085,17.73467445373535,3400,0.0,0.0
2012-09-05 00:00:00-04:00,17.81205632364033,17.81205632364033,17.67277849956096,17.71920394897461,4900,0.0,0.0
2012-09-06 00:00:00-04:00,17.726930734406377,18.183451550987535,17.71919291834801,18.144763946533203,9600,0.0,0.0
2012-09-07 00:00:00-04:00,18.129298004609044,18.299525621368055,18.090608903637705,18.222148895263672,7400,0.0,0.0
2012-09-10 00:00:00-04:00,18.183454796828887,18.392371440185006,17.78109714499586,17.83526039123535,7300,0.0,0.0
2012-09-11 00:00:00-04:00,17.87395200109942,18.0209676015257,17.796575291620428,17.912639617919922,6800,0.0,0.0
2012-09-12 00:00:00-04:00,17.90489603980559,17.935847303976086,17.812045198969113,17.850732803344727,3500,0.0,0.0
2012-09-13 00:00:00-04:00,17.87395231418725,17.99775446118701,17.796575603352895,17.98227882385254,18900,0.0,0.0
2012-09-14 00:00:00-04:00,18.175720423742316,18.175720423742316,17.796576152379153,17.873952865600586,12300,0.0,0.0
2012-09-17 00:00:00-04:00,17.84299993499155,17.912638822847846,17.58765783813111,17.75788688659668,6900,0.0,0.0
2012-09-18 00:00:00-04:00,17.665028809316667,17.88942103641428,17.564440157200885,17.695980072021484,4900,0.0,0.0
2012-09-19 00:00:00-04:00,17.703722611437243,17.951328372271277,17.641821540188225,17.781099319458008,7800,0.0,0.0
2012-09-20 00:00:00-04:00,17.788836683511747,17.796574501699993,17.68051018055214,17.75788688659668,900,0.0,0.0
2012-09-21 00:00:00-04:00,17.85846866438942,17.87394429478052,17.726928757739724,17.788829803466797,14800,0.0,0.0
2012-09-24 00:00:00-04:00,17.781097308397715,17.990013953673703,17.76562167337628,17.88942527770996,7700,0.0,0.0
2012-09-25 00:00:00-04:00,17.95132617699171,17.990013788351984,17.79657277987508,17.83526039123535,9700,0.0,0.0
2012-09-26 00:00:00-04:00,17.79657041819985,17.912634712716248,17.719193729909726,17.81204605102539,7200,0.0,0.0
2012-09-27 00:00:00-04:00,17.91263478674973,17.990011475359655,17.80430830819839,17.935848236083984,4300,0.0,0.0
2012-09-28 00:00:00-04:00,17.85847416752588,17.99001411470996,17.85847416752588,17.90489959716797,6300,0.0,0.0
2012-10-01 00:00:00-04:00,17.951320970898696,18.183449523415877,17.75788001852193,17.788829803466797,9400,0.0,0.0
2012-10-02 00:00:00-04:00,17.97453834697019,17.97453834697019,17.935850735193444,17.951326370239258,2700,0.0,0.0
2012-10-03 00:00:00-04:00,17.928111967097482,18.051914089224258,17.804309844970703,17.804309844970703,3800,0.0,0.0
2012-10-04 00:00:00-04:00,17.904898578609902,17.982275274170174,17.649556516347396,17.928112030029297,8900,0.0,0.0
2012-10-05 00:00:00-04:00,17.990010800568953,18.044174037813004,17.79656982421875,17.79656982421875,4400,0.0,0.0
2012-10-08 00:00:00-04:00,17.76562322894701,17.943590095600825,17.75788688659668,17.75788688659668,1300,0.0,0.0
2012-10-09 00:00:00-04:00,17.81205632364033,17.881695235680017,17.665040678685614,17.71920394897461,2500,0.0,0.0
2012-10-10 00:00:00-04:00,17.773357916987198,17.773357916987198,17.64181798262896,17.66503143310547,2700,0.0,0.0
2012-10-11 00:00:00-04:00,17.688246171335287,17.695983988724127,17.49480516412764,17.587656021118164,2000,0.0,0.0
2012-10-12 00:00:00-04:00,17.31682903711448,17.471582350295407,17.022799513075086,17.40968132019043,7100,0.0,0.0
2012-10-15 00:00:00-04:00,17.47159513751958,17.95132957882202,17.3632686245124,17.873952865600586,3500,0.0,0.0
2012-10-16 00:00:00-04:00,18.01322398856482,18.01322398856482,17.579915145202907,17.850732803344727,3600,0.0,0.0
2012-10-17 00:00:00-04:00,17.812050928683824,17.95132871057841,17.734674219204834,17.912639617919922,900,0.0,0.0
2012-10-18 00:00:00-04:00,17.95132217344082,18.3227284726834,17.95132217344082,18.245351791381836,1900,0.0,0.0
2012-10-19 00:00:00-04:00,18.0751265662353,18.183453048297544,17.59539226197549,17.65729331970215,10400,0.0,0.0
2012-10-22 00:00:00-04:00,17.711456190538744,17.711456190538744,17.41742654144217,17.525753021240234,2200,0.0,0.0
2012-10-23 00:00:00-04:00,17.432904687158572,17.680508948577753,17.27815128585268,17.603132247924805,5400,0.0,0.0
2012-10-24 00:00:00-04:00,17.680508948577753,17.680508948577753,17.603132247924805,17.603132247924805,2500,0.0,0.0
2012-10-25 00:00:00-04:00,17.719193692909645,17.796570381038197,17.680506086764158,17.750144958496094,1800,0.0,0.0
2012-10-26 00:00:00-04:00,17.695982403179826,17.719194377428803,17.65729331970215,17.65729331970215,800,0.0,0.0
2012-10-31 00:00:00-04:00,17.62634662772101,17.757886582996463,17.10792462467516,17.33231544494629,3700,0.0,0.0
2012-11-01 00:00:00-04:00,17.2781492577494,17.84299659729004,17.239461649882973,17.84299659729004,30900,0.0,0.0
2012-11-02 00:00:00-04:00,17.819784219063624,17.92037288273933,17.649555206298828,17.649555206298828,13700,0.0,0.0
2012-11-05 00:00:00-05:00,17.595395355497192,17.62634662772101,17.25493874022463,17.33231544494629,8800,0.0,0.0
2012-11-06 00:00:00-05:00,17.45611396527671,17.471589598182085,17.177559952167897,17.21624755859375,5400,0.0,0.0
2012-11-07 00:00:00-05:00,17.022806815849332,17.030544632411594,16.628187026199587,16.868053436279297,13400,0.0,0.0
2012-11-08 00:00:00-05:00,16.736515101516403,16.751990736115875,16.109766658615193,16.24904441833496,16300,0.0,0.0
2012-11-09 00:00:00-05:00,16.233563712870104,16.36510361420112,16.194876114293983,16.326416015625,4700,0.0,0.0
2012-11-12 00:00:00-05:00,16.427007550768774,16.581760924005064,16.396057761624043,16.473434448242188,900,0.0,0.0
2012-11-13 00:00:00-05:00,16.47343644825181,16.65913963317871,16.47343644825181,16.65913963317871,2100,0.0,0.0
2012-11-14 00:00:00-05:00,16.744968022735645,16.744968022735645,16.464065551757812,16.464065551757812,4500,0.18,0.0
2012-11-15 00:00:00-05:00,16.55769957484715,16.698151557548474,16.43285369873047,16.43285369873047,5000,0.0,0.0
2012-11-16 00:00:00-05:00,16.370431653227975,16.64353258022843,16.245585770304395,16.612321853637695,10200,0.0,0.0
2012-11-19 00:00:00-05:00,16.776184815969657,17.05708885192871,16.573309844252627,17.05708885192871,4800,0.0,0.0
2012-11-20 00:00:00-05:00,16.97905653094849,17.111705468232476,16.940041262170652,17.01026725769043,1500,0.0,0.0
2012-11-21 00:00:00-05:00,17.11950705781405,17.3223819732666,17.11950705781405,17.3223819732666,700,0.0,0.0
2012-11-23 00:00:00-05:00,17.416022278475957,17.556474311089598,17.416022278475957,17.462839126586914,2600,0.0,0.0
2012-11-26 00:00:00-05:00,17.564272509347955,18.016839218001433,17.55646945544078,17.954416275024414,7600,0.0,0.0
2012-11-27 00:00:00-05:00,17.985628793485578,18.110474691872493,17.946615008344857,18.05585479736328,5200,0.0,0.0
2012-11-28 00:00:00-05:00,18.11047136548704,18.18850040971724,18.001231596532893,18.14168357849121,1600,0.0,0.0
2012-11-29 00:00:00-05:00,18.305546711859527,18.313349766593955,17.99343196388504,18.17289924621582,6200,0.0,0.0
2012-11-30 00:00:00-05:00,18.305543359245245,18.453798395485784,18.25092347438827,18.35236167907715,6300,0.0,0.0
2012-12-03 00:00:00-05:00,18.53182945804608,18.609858511314986,18.219714733250857,18.344560623168945,5800,0.0,0.0
2012-12-04 00:00:00-05:00,18.406979205596997,18.578641891479492,18.21971041510335,18.578641891479492,2400,0.0,0.0
2012-12-05 00:00:00-05:00,18.609860191989785,18.773719879200453,18.477211235937105,18.76591682434082,2400,0.0,0.0
2012-12-06 00:00:00-05:00,18.914167592580895,18.999999688254206,18.758110995687836,18.804927825927734,3800,0.0,0.0
2012-12-07 00:00:00-05:00,18.828341288652958,18.921976466215867,18.383577543860625,18.49281883239746,10300,0.0,0.0
2012-12-10 00:00:00-05:00,18.96099020480473,19.85051918029785,18.742510604875015,19.85051918029785,11400,0.0,0.0
2012-12-11 00:00:00-05:00,19.936348694804835,21.05996331808968,19.842715011028098,21.052160263061523,27200,0.0,0.0
2012-12-12 00:00:00-05:00,21.12333543382443,21.12333543382443,19.375579777894856,19.494205474853516,24000,0.36,0.0
2012-12-13 00:00:00-05:00,19.549565293534705,19.549565293534705,19.027610986532135,19.38348960876465,22200,0.0,0.0
2012-12-14 00:00:00-05:00,19.39139819019289,19.39139819019289,19.304405302889904,19.38348960876465,6300,0.0,0.0
2012-12-17 00:00:00-05:00,19.367671999465482,20.095244881608092,19.264863460083514,20.07942771911621,8900,0.0,0.0
2012-12-18 00:00:00-05:00,20.031974198768243,20.901898372736134,20.031974198768243,20.870264053344727,11600,0.0,0.0
2012-12-19 00:00:00-05:00,20.775365127426777,21.297319355637697,20.69628083349021,21.099609375,6800,0.0,0.0
2012-12-20 00:00:00-05:00,21.25777707034867,21.25777707034867,20.617197136877664,20.69628143310547,13000,0.0,0.0
2012-12-21 00:00:00-05:00,20.617194864071262,20.759546279907227,20.514386346193803,20.759546279907227,25700,0.0,0.0
2012-12-24 00:00:00-05:00,20.878168937385833,20.949344635009766,20.878168937385833,20.949344635009766,2500,0.0,0.0
2012-12-26 00:00:00-05:00,20.917717113671564,21.2024184676789,20.80699849583942,21.131242752075195,2600,0.0,0.0
2012-12-27 00:00:00-05:00,21.07588369030212,21.47130365262827,21.07588369030212,21.297319412231445,4800,0.0,0.0
2012-12-28 00:00:00-05:00,21.35268323803085,21.827187611668656,21.35268323803085,21.67692756652832,6200,0.0,0.0
2012-12-31 00:00:00-05:00,21.669016071040378,21.914176052903173,21.47130606763963,21.827184677124023,10000,0.0,0.0
2013-01-02 00:00:00-05:00,22.46776130257218,23.99408254169499,22.46776130257218,22.79200553894043,47500,0.0,0.0
2013-01-03 00:00:00-05:00,22.894819403859803,22.902726476737584,21.708559362383287,21.763917922973633,16200,0.0,0.0
2013-01-04 00:00:00-05:00,21.90626706388642,21.922082716385194,21.360587079880297,21.510847091674805,9000,0.0,0.0
2013-01-07 00:00:00-05:00,21.51084496823562,21.51875203950072,21.28150068295697,21.352676391601562,5400,0.0,0.0
2013-01-08 00:00:00-05:00,21.289407533813737,21.803453103520123,21.170781865174913,21.74809455871582,5000,0.0,0.0
2013-01-09 00:00:00-05:00,21.97744048406791,22.05652326352424,21.87463045732295,21.89044761657715,8600,0.0,0.0
2013-01-10 00:00:00-05:00,22.08815874420806,22.127700136016706,22.016983032226562,22.016983032226562,3400,0.0,0.0
2013-01-11 00:00:00-05:00,22.064436204765585,22.18306190580689,22.064436204765585,22.103979110717773,2500,0.0,0.0
2013-01-14 00:00:00-05:00,22.103978555164066,22.103978555164066,21.661107070076305,21.69274139404297,8000,0.0,0.0
2013-01-15 00:00:00-05:00,21.692744336699633,21.748102902743188,21.6294771885916,21.74019432067871,3400,0.0,0.0
2013-01-16 00:00:00-05:00,21.85090599391822,21.961624606753126,21.79554744170448,21.914173126220703,1200,0.0,0.0
2013-01-17 00:00:00-05:00,21.842999604379855,22.151426695435497,21.795548122365553,22.088159561157227,3400,0.0,0.0
2013-01-18 00:00:00-05:00,22.01698315896687,22.127700263394352,21.906266054539383,21.914173126220703,8000,0.0,0.0
2013-01-22 00:00:00-05:00,19.850081501597437,22.3016854574518,19.850081501597437,22.198875427246094,7200,0.0,0.0
2013-01-23 00:00:00-05:00,22.254241708639903,22.254241708639903,22.07234883313093,22.080257415771484,8300,0.0,0.0
2013-01-24 00:00:00-05:00,21.787638693906832,22.19887580491119,21.787638693906832,22.135608673095703,9100,0.0,0.0
2013-01-25 00:00:00-05:00,22.14351969758461,22.159336859386414,22.0090768390844,22.03280258178711,8700,0.0,0.0
2013-01-28 00:00:00-05:00,22.024886112811092,22.032794690879587,21.937893262464677,21.99325180053711,8100,0.0,0.0
2013-01-29 00:00:00-05:00,22.04071178306762,22.143520320857967,21.708558917918445,21.945810317993164,10600,0.0,0.0
2013-01-30 00:00:00-05:00,21.842997876210916,21.95371497533634,21.79554639795087,21.866722106933594,4700,0.0,0.0
2013-01-31 00:00:00-05:00,21.86672601516572,21.95371889911667,21.787641712338274,21.945810317993164,7600,0.0,0.0
2013-02-01 00:00:00-05:00,21.961621269282887,21.961621269282887,21.75600274344547,21.92998695373535,8200,0.0,0.0
2013-02-04 00:00:00-05:00,21.83509325826897,22.09607040242165,21.787641771399304,21.827184677124023,5100,0.0,0.0
2013-02-05 00:00:00-05:00,21.86672344958202,21.874632029777626,21.81927347681582,21.83509063720703,1500,0.0,0.0
2013-02-06 00:00:00-05:00,21.83509048941092,21.93789901444304,21.827181909268845,21.874631881713867,4300,0.0,0.0
2013-02-07 00:00:00-05:00,21.874635343426327,21.914176741986793,21.597841028280058,21.621566772460938,9000,0.0,0.0
2013-02-08 00:00:00-05:00,21.526664766439016,21.763917677098572,21.526664766439016,21.724374771118164,4500,0.0,0.0
2013-02-11 00:00:00-05:00,21.827181575016084,21.94580725851577,21.803455834953184,21.819272994995117,3600,0.0,0.0
2013-02-12 00:00:00-05:00,21.89835772522847,21.993257670565264,21.779732039353757,21.953716278076172,2800,0.0,0.0
2013-02-13 00:00:00-05:00,21.84300087748017,21.874633692259263,21.787640811903536,21.795549392700195,4000,0.0,0.0
2013-02-14 00:00:00-05:00,21.803458933689193,21.898360399020902,21.803458933689193,21.827184677124023,1200,0.0,0.0
2013-02-15 00:00:00-05:00,22.024892552144777,22.024892552144777,21.66901397705078,21.66901397705078,9100,0.0,0.0
2013-02-19 00:00:00-05:00,21.748094785997555,21.90626335144043,21.66901050327612,21.90626335144043,6500,0.0,0.0
2013-02-20 00:00:00-05:00,21.890446223025116,21.890446223025116,21.605743408203125,21.605743408203125,9500,0.0,0.0
2013-02-21 00:00:00-05:00,21.621563579157595,21.89835785342393,21.621563579157595,21.850906372070312,4000,0.0,0.0
2013-02-22 00:00:00-05:00,21.985342658955986,21.985342658955986,21.755999934476094,21.842992782592773,6000,0.0,0.0
2013-02-25 00:00:00-05:00,21.91417476273961,21.91417476273961,21.42385482788086,21.42385482788086,6600,0.0,0.0
2013-02-26 00:00:00-05:00,21.518748422103556,21.732275512142483,21.51084135216767,21.629467010498047,2400,0.0,0.0
2013-02-27 00:00:00-05:00,21.740188032257844,21.890448031204144,21.61365377264223,21.708555221557617,11600,0.0,0.0
2013-02-28 00:00:00-05:00,21.653199293385292,21.82718506484941,21.605749314080374,21.763917922973633,12100,0.0,0.0
2013-03-01 00:00:00-05:00,21.60574699653953,22.277961249619345,21.49502988723491,22.262144088745117,7800,0.0,0.0
2013-03-04 00:00:00-05:00,22.270053150349046,22.388678842653807,22.22260317510864,22.27796173095703,12100,0.0,0.0
2013-03-05 00:00:00-05:00,22.3254085969668,22.444034272750716,22.20678292118288,22.270050048828125,7900,0.0,0.0
2013-03-06 00:00:00-05:00,22.38077074491863,22.499397948190335,22.222603654568946,22.293779373168945,5600,0.0,0.0
2013-03-07 00:00:00-05:00,22.444035205219148,22.554753814503762,22.372861003517613,22.420310974121094,7100,0.0,0.0
2013-03-08 00:00:00-05:00,22.531026188288173,22.538934767461065,22.30168342590332,22.30168342590332,15200,0.0,0.0
2013-03-11 00:00:00-04:00,22.30959086868129,22.34913376520512,22.190965195924335,22.23841667175293,4000,0.0,0.0
2013-03-12 00:00:00-04:00,22.13561121585746,22.13561121585746,21.66110691853036,21.732282638549805,7200,0.0,0.0
2013-03-13 00:00:00-04:00,21.748098272450278,21.748098272450278,21.645289744316166,21.66901397705078,3100,0.0,0.0
2013-03-14 00:00:00-04:00,21.621566232384364,21.740191933510328,21.59784048879612,21.724374771118164,6500,0.0,0.0
2013-03-15 00:00:00-04:00,21.74018989118565,21.84299992866886,21.502938511221675,21.510847091674805,17500,0.0,0.0
2013-03-18 00:00:00-04:00,21.35267763053621,21.463394735559724,21.23405194538138,21.241960525512695,4500,0.0,0.0
2013-03-19 00:00:00-04:00,21.352673167966415,21.352673167966415,21.24195608608205,21.26568031311035,2900,0.0,0.0
2013-03-20 00:00:00-04:00,21.360588671438144,21.5978400690795,21.241962972617465,21.58993148803711,7900,0.0,0.0
2013-03-21 00:00:00-04:00,21.384305953979492,21.47920587212635,21.321037330672247,21.384305953979492,2600,0.0,0.0
2013-03-22 00:00:00-04:00,21.510849112454483,21.732283352314248,21.510849112454483,21.724374771118164,3400,0.0,0.0
2013-03-25 00:00:00-04:00,22.040711261436588,22.040711261436588,21.692741242275705,21.732282638549805,10200,0.0,0.0
2013-03-26 00:00:00-04:00,21.779732593973065,21.81136540708838,21.63738116393547,21.66901397705078,5800,0.0,0.0
2013-03-27 00:00:00-04:00,21.447577090723946,21.56620276485568,21.431759931931108,21.479209899902344,2500,0.0,0.0
2013-03-28 00:00:00-04:00,21.534568786621094,21.589927334861116,21.400125951577913,21.534568786621094,8700,0.0,0.0
2013-04-01 00:00:00-04:00,21.550387964151128,21.550387964151128,20.76745661912297,20.799089431762695,4300,0.0,0.0
2013-04-02 00:00:00-04:00,20.80699801202449,20.917716627282147,20.751639458599385,20.799089431762695,1400,0.0,0.0
2013-04-03 00:00:00-04:00,20.77535939910217,20.90980220920261,20.36412239074707,20.36412239074707,5900,0.0,0.0
2013-04-04 00:00:00-04:00,20.522293915337446,20.696278132566498,20.522293915337446,20.593469619750977,2000,0.0,0.0
2013-04-05 00:00:00-04:00,20.16641781422673,20.640922064478257,20.16641781422673,20.625104904174805,7000,0.0,0.0
2013-04-08 00:00:00-04:00,20.751636108710123,20.980980374057264,20.64882759871785,20.933528900146484,4200,0.0,0.0
2013-04-09 00:00:00-04:00,20.90189776821216,21.139149123156457,20.90189776821216,20.957256317138672,5300,0.0,0.0
2013-04-10 00:00:00-04:00,21.06006551786999,21.566204071044922,21.00470696714946,21.566204071044922,5200,0.0,0.0
2013-04-11 00:00:00-04:00,21.4871153774678,21.827176700386968,21.4871153774678,21.771818161010742,5100,0.0,0.0
2013-04-12 00:00:00-04:00,21.835089067594783,22.08815758203264,21.827180487967684,21.89044761657715,8700,0.0,0.0
2013-04-15 00:00:00-04:00,21.795541198288117,21.795541198288117,20.561831717586863,20.569740295410156,8000,0.0,0.0
2013-04-16 00:00:00-04:00,20.75954284548556,20.75954284548556,20.522291530614268,20.57765007019043,4100,0.0,0.0
2013-04-17 00:00:00-04:00,20.395757486553013,20.395757486553013,19.533742054862834,19.581192016601562,12000,0.0,0.0
2013-04-18 00:00:00-04:00,19.454663717220797,19.557472250432863,18.916892292031413,18.924800872802734,8600,0.0,0.0
2013-04-19 00:00:00-04:00,18.964340377781067,19.249043223537637,18.94852321781517,19.241134643554688,4800,0.0,0.0
2013-04-22 00:00:00-04:00,19.35976282407964,19.470481449717298,19.241137125846347,19.33603858947754,12500,0.0,0.0
2013-04-23 00:00:00-04:00,19.49420286329535,20.008248486856672,19.49420286329535,20.000341415405273,3900,0.0,0.0
2013-04-24 00:00:00-04:00,20.55392885330952,21.368494494656616,20.372036038032444,21.321043014526367,8100,0.0,0.0
2013-04-25 00:00:00-04:00,21.20241167878517,21.47920587212635,21.044244645738072,21.384305953979492,4300,0.0,0.0
2013-04-26 00:00:00-04:00,21.384306649840507,21.495023727416992,21.22613810323948,21.495023727416992,4900,0.0,0.0
2013-04-29 00:00:00-04:00,21.589926621203244,21.6057437797225,21.471300949123343,21.542476654052734,2500,0.0,0.0
2013-04-30 00:00:00-04:00,21.431758238550067,21.922078055128345,21.431758238550067,21.75600242614746,6600,0.0,0.0
2013-05-01 00:00:00-04:00,21.669014503189803,21.669014503189803,20.008250293105757,20.237594604492188,14800,0.0,0.0
2013-05-02 00:00:00-04:00,20.27713141577189,20.530199903268706,20.039880085845418,20.482749938964844,9300,0.0,0.0
2013-05-03 00:00:00-04:00,20.75954913489172,21.42385482788086,20.75954913489172,21.42385482788086,3100,0.0,0.0
2013-05-06 00:00:00-04:00,21.54247736614214,21.637378811987396,21.463393079338978,21.534568786621094,1100,0.0,0.0
2013-05-07 00:00:00-04:00,21.471300949123343,21.582019550350875,21.352675277043442,21.542476654052734,2500,0.0,0.0
2013-05-08 00:00:00-04:00,21.431758262212703,21.661101013211972,21.31313259732293,21.63737678527832,3100,0.0,0.0
2013-05-09 00:00:00-04:00,21.54247736614214,21.65319446262218,21.423851690141053,21.534568786621094,2600,0.0,0.0
2013-05-10 00:00:00-04:00,21.61365638183437,21.70064926147461,21.518754921462513,21.70064926147461,2100,0.0,0.0
2013-05-13 00:00:00-04:00,21.748098272450278,21.819273987469078,21.589929681651288,21.66901397705078,1500,0.0,0.0
2013-05-14 00:00:00-04:00,21.732276689832833,21.898353827220888,21.669009568067665,21.75600242614746,9900,0.0,0.0
2013-05-15 00:00:00-04:00,21.645285340160203,21.75600242614746,21.558292482080407,21.75600242614746,4600,0.0,0.0
2013-05-16 00:00:00-04:00,21.850906752418563,21.858815332781827,21.661105348922636,21.787639617919922,2700,0.0,0.0
2013-05-17 00:00:00-04:00,21.890445964445295,21.890445964445295,21.70064459294173,21.74809455871582,6600,0.0,0.0
2013-05-20 00:00:00-04:00,21.629466769239272,21.771818161010742,21.534565338589267,21.771818161010742,5100,0.0,0.0
2013-05-21 00:00:00-04:00,21.700652918764114,21.7797372310011,21.621568606527124,21.74019432067871,3300,0.0,0.0
2013-05-22 00:00:00-04:00,21.645287573593407,21.74809609141725,21.360584742069964,21.376401901245117,4000,0.0,0.0
2013-05-23 00:00:00-04:00,21.23405223284029,21.874632148074237,21.23405223284029,21.415945053100586,9200,0.0,0.0
2013-05-24 00:00:00-04:00,21.495030725277633,21.589930677407963,21.431763587721566,21.518754959106445,1900,0.0,0.0
2013-05-28 00:00:00-04:00,21.874626661508433,21.874626661508433,21.61364961272976,21.771818161010742,8700,0.0,0.0
2013-05-29 00:00:00-04:00,21.70064829857357,21.77182401359237,21.629472583554772,21.66901397705078,5400,0.0,0.0
2013-05-30 00:00:00-04:00,21.763911004919002,21.835086705455716,21.661100989296123,21.75600242614746,4800,0.0,0.0
2013-05-31 00:00:00-04:00,21.582020263747378,21.67692020118532,21.502935976944215,21.534568786621094,2300,0.0,0.0
2013-06-03 00:00:00-04:00,21.59783516934327,21.73227799974871,21.518750885268197,21.661102294921875,16400,0.0,0.0
2013-06-04 00:00:00-04:00,21.62947541744651,21.62947541744651,21.376406845737083,21.502941131591797,7200,0.0,0.0
2013-06-05 00:00:00-04:00,21.447576066248807,21.53456741863959,21.313133239746094,21.313133239746094,2900,0.0,0.0
2013-06-06 00:00:00-04:00,21.226140689528602,21.69273629960599,21.036339315525346,21.487117767333984,5800,0.0,0.0
2013-06-07 00:00:00-04:00,21.344769236938706,21.35267781713913,21.194509229945496,21.33686065673828,5600,0.0,0.0
2013-06-10 00:00:00-04:00,21.589931546308822,21.866725849909212,21.154970146656495,21.47130584716797,15500,0.0,0.0
2013-06-11 00:00:00-04:00,21.866724059347924,21.866724059347924,21.352678399558567,21.4317626953125,7700,0.0,0.0
2013-06-12 00:00:00-04:00,21.471304036353814,21.471304036353814,21.139151201727465,21.234052658081055,5500,0.0,0.0
2013-06-13 00:00:00-04:00,21.170781865174913,21.803453103520123,21.162873286144695,21.74809455871582,8500,0.0,0.0
2013-06-14 00:00:00-04:00,21.669013869209998,21.732281003533235,21.21823534860599,21.27359390258789,6200,0.0,0.0
2013-06-17 00:00:00-04:00,21.54247534105666,21.54247534105666,21.305224011357133,21.455482482910156,3600,0.0,0.0
2013-06-18 00:00:00-04:00,21.518756169886412,22.135611927071896,21.518756169886412,22.103979110717773,3800,0.0,0.0
2013-06-19 00:00:00-04:00,22.080250164164845,22.127700136016706,22.001165872140138,22.016983032226562,3600,0.0,0.0
2013-06-20 00:00:00-04:00,21.787639557515135,21.937899567185628,20.83072396232522,21.27359390258789,12100,0.0,0.0
2013-06-21 00:00:00-04:00,21.336862717479082,22.206787014247574,21.265686997208448,22.127702713012695,21100,0.0,0.0
2013-06-24 00:00:00-04:00,21.985349601779113,22.183059585638304,21.732281063784544,21.787639617919922,8700,0.0,0.0
2013-06-25 00:00:00-04:00,21.914176052903173,21.914176052903173,21.692741814475212,21.827184677124023,4800,0.0,0.0
2013-06-26 00:00:00-04:00,21.866726182765838,21.890451926318207,21.52666473388672,21.52666473388672,4200,0.0,0.0
2013-06-27 00:00:00-04:00,21.589930817209645,21.795549392700195,21.44758088809239,21.795549392700195,6600,0.0,0.0
2013-06-28 00:00:00-04:00,21.692741954741468,21.922084775797316,21.510849112454483,21.724374771118164,62400,0.0,0.0
2013-07-01 00:00:00-04:00,21.740193555025638,22.064437866210938,21.740193555025638,22.064437866210938,6200,0.0,0.0
2013-07-02 00:00:00-04:00,22.135609967253178,22.333319954286598,22.064434251248546,22.22260284423828,6600,0.0,0.0
2013-07-03 00:00:00-04:00,22.198873405062983,22.34122481336053,22.198873405062983,22.30168342590332,3000,0.0,0.0
2013-07-05 00:00:00-04:00,22.49939765380784,22.950176193438157,22.42031335546396,22.752466201782227,30200,0.0,0.0
2013-07-08 00:00:00-04:00,22.594297357912474,22.831550250348556,22.594297357912474,22.712923049926758,11200,0.0,0.0
2013-07-09 00:00:00-04:00,22.776188379018226,22.85527267022186,22.712921247736794,22.79200553894043,5600,0.0,0.0
2013-07-10 00:00:00-04:00,22.855272922533718,23.037165738424918,22.712921498477158,22.8315486907959,21200,0.0,0.0
2013-07-11 00:00:00-04:00,22.934359502996838,23.084619522094727,22.85527520302913,23.084619522094727,6700,0.0,0.0
2013-07-12 00:00:00-04:00,23.076710498582706,23.70938186937288,22.99762620013205,23.582847595214844,20000,0.0,0.0
2013-07-15 00:00:00-04:00,23.661928550870563,23.725195679011637,23.582844263592396,23.598661422729492,8600,0.0,0.0
2013-07-16 00:00:00-04:00,23.67775184291549,23.717293242592756,23.51958322739101,23.535400390625,7600,0.0,0.0
2013-07-17 00:00:00-04:00,23.614481353706942,23.725198463847835,23.5433056376428,23.55121421813965,10500,0.0,0.0
2013-07-18 00:00:00-04:00,23.543302052383833,23.63820198707932,23.40095064193333,23.527484893798828,8900,0.0,0.0
2013-07-19 00:00:00-04:00,23.487945994319304,23.725197364602355,23.487945994319304,23.62238883972168,8300,0.0,0.0
2013-07-22 00:00:00-04:00,23.62238723413934,24.60302847754779,23.60657007495356,23.796371459960938,49500,0.0,0.0
2013-07-23 00:00:00-04:00,23.907087677525496,24.587210413408254,23.907087677525496,24.579301834106445,14600,0.0,0.0
2013-07-24 00:00:00-04:00,24.397412922591013,24.966817147378084,24.27878723097798,24.34205436706543,15800,0.0,0.0
2013-07-25 00:00:00-04:00,24.001990251224036,24.8086472771144,24.001990251224036,24.70583724975586,27200,0.0,0.0
2013-07-26 00:00:00-04:00,24.69793035744291,25.180343191682155,24.3578689502518,25.045900344848633,11100,0.0,0.0
2013-07-29 00:00:00-04:00,25.04589607096222,25.180338894854124,24.784919002043484,24.911453247070312,11500,0.0,0.0
2013-07-30 00:00:00-04:00,25.109164675806664,25.465043203708568,25.093347517142742,25.211973190307617,11300,0.0,0.0
2013-07-31 00:00:00-04:00,25.401778329583472,25.623215566845865,25.069626998912376,25.1961612701416,14500,0.0,0.0
2013-08-01 00:00:00-04:00,25.346426808173895,25.465054040227233,25.037999625014212,25.219892501831055,17400,0.0,0.0
2013-08-02 00:00:00-04:00,25.156614754248675,25.465043315925232,25.06171481866149,25.291057586669922,9400,0.0,0.0
2013-08-05 00:00:00-04:00,25.314786017875186,25.433413219658725,25.069627558851295,25.227794647216797,7100,0.0,0.0
2013-08-06 00:00:00-04:00,25.204064488603702,25.235697295477536,24.563483179827827,24.95099449157715,14500,0.0,0.0
2013-08-07 00:00:00-04:00,24.27879083128851,24.784927995043386,24.27879083128851,24.697935104370117,9600,0.0,0.0
2013-08-08 00:00:00-04:00,24.555580373542703,25.227794647216797,24.555580373542703,25.227794647216797,19900,0.0,0.0
2013-08-09 00:00:00-04:00,25.306872025739473,25.306872025739473,24.80073506791496,25.101253509521484,9200,0.0,0.0
2013-08-12 00:00:00-04:00,25.03799267690132,25.22779408374516,24.83237410905195,25.1961612701416,7400,0.0,0.0
2013-08-13 00:00:00-04:00,24.76910978090278,25.16452980041504,24.76910978090278,25.16452980041504,36200,0.0,0.0
2013-08-14 00:00:00-04:00,25.11679158060804,25.37933638217484,25.069056575996377,25.212263107299805,7500,0.19,0.0
2013-08-15 00:00:00-04:00,25.124744717836435,25.514583830910677,24.718993432603675,25.14861297607422,13900,0.0,0.0
2013-08-16 00:00:00-04:00,24.997452369484332,25.371379340227197,24.997452369484332,25.299776077270508,13700,0.0,0.0
2013-08-19 00:00:00-04:00,25.140657030199318,25.387289630158797,24.862200085745318,24.88606834411621,18200,0.0,0.0
2013-08-20 00:00:00-04:00,25.29182347615302,25.59414568999656,25.061101495901116,25.355470657348633,12200,0.0,0.0
2013-08-21 00:00:00-04:00,25.06109925866303,25.38729122285451,24.981539909903763,25.021320343017578,8400,0.0,0.0
2013-08-22 00:00:00-04:00,25.188394495736716,25.578235166623635,25.188394495736716,25.34751319885254,6100,0.0,0.0
2013-08-23 00:00:00-04:00,25.283863067626953,25.498671319032066,24.98153787051596,25.283863067626953,16000,0.0,0.0
2013-08-26 00:00:00-04:00,25.419113850288053,25.419113850288053,25.013362564777673,25.069053649902344,14300,0.0,0.0
2013-08-27 00:00:00-04:00,24.901984905949384,25.029279279186714,24.14617475453631,24.177997589111328,15300,0.0,0.0
2013-08-28 00:00:00-04:00,24.504191118254774,24.695134207330433,24.249602356112185,24.39280891418457,12600,0.0,0.0
2013-08-29 00:00:00-04:00,24.44053424757707,25.395243244949693,24.44053424757707,25.228168487548828,5200,0.0,0.0
2013-08-30 00:00:00-04:00,25.307732607317696,25.371379784675444,24.567833222116143,24.671260833740234,22100,0.0,0.0
2013-09-03 00:00:00-04:00,24.81446321934034,25.244081215412482,24.448490872531774,24.647388458251953,13300,0.0,0.0
2013-09-04 00:00:00-04:00,25.061098785846493,25.09292313173713,24.40871486977177,24.790597915649414,10900,0.0,0.0
2013-09-05 00:00:00-04:00,24.8621982150221,25.283861643037408,24.591697377045207,24.647388458251953,8200,0.0,0.0
2013-09-06 00:00:00-04:00,24.70308488594596,25.140660579715725,24.273466796891597,24.47236442565918,11100,0.0,0.0
2013-09-09 00:00:00-04:00,24.50418318542107,25.24408248428546,24.50418318542107,24.917890548706055,8800,0.0,0.0
2013-09-10 00:00:00-04:00,24.742861724807838,25.140656924507425,24.623523468391614,24.98949432373047,17200,0.0,0.0
2013-09-11 00:00:00-04:00,24.74285711082023,25.22021156493749,24.726944941607126,25.1326961517334,20000,0.0,0.0
2013-09-12 00:00:00-04:00,25.053142119666777,25.124745378795545,24.79855342830597,24.957672119140625,13500,0.0,0.0
2013-09-13 00:00:00-04:00,25.069054933341054,25.363422546204315,24.870157323445426,25.10087776184082,13000,0.0,0.0
2013-09-16 00:00:00-04:00,25.20430773566786,25.403205364241668,24.99745401985488,25.331602096557617,15300,0.0,0.0
2013-09-17 00:00:00-04:00,25.403200354156965,25.578231203961707,25.132699511247985,25.530494689941406,6400,0.0,0.0
2013-09-18 00:00:00-04:00,25.530500140517603,26.071501941835518,25.490721221143023,26.031723022460938,10600,0.0,0.0
2013-09-19 00:00:00-04:00,26.03171764486245,26.05558438456944,25.81690788269043,25.81690788269043,9800,0.0,0.0
2013-09-20 00:00:00-04:00,25.976027054643975,26.05558487846624,25.61801077757089,26.047630310058594,16200,0.0,0.0
2013-09-23 00:00:00-04:00,25.97602699802546,26.03967264995726,25.72143832042539,25.912378311157227,5900,0.0,0.0
2013-09-24 00:00:00-04:00,25.697571140092627,26.707971384123784,25.697571140092627,26.580677032470703,10000,0.0,0.0
2013-09-25 00:00:00-04:00,26.580680541296452,27.328534576612896,26.45338617283967,26.771623611450195,9200,0.0,0.0
2013-09-26 00:00:00-04:00,26.86709177066584,26.97847395599409,26.37382650638204,26.78753089904785,5200,0.0,0.0
2013-09-27 00:00:00-04:00,26.684099554524494,27.050070366390987,26.524980886558488,26.803436279296875,21600,0.0,0.0
2013-09-30 00:00:00-04:00,26.564763201049182,26.88300057778677,26.254483427945132,26.84322166442871,15100,0.0,0.0
2013-10-01 00:00:00-04:00,26.867088550765807,27.32057484236078,26.612499861973422,26.835264205932617,11400,0.0,0.0
2013-10-02 00:00:00-04:00,26.477253315411737,26.8830062074694,26.421562218060636,26.556814193725586,20500,0.0,0.0
2013-10-03 00:00:00-04:00,26.2624442279271,27.177374626930618,26.2624442279271,26.90687370300293,18400,0.0,0.0
2013-10-04 00:00:00-04:00,26.89891453531878,27.328531077009394,26.78752932161273,27.201236724853516,18200,0.0,0.0
2013-10-07 00:00:00-04:00,26.87504559206947,27.320577355914338,26.67614797096786,26.747751235961914,13000,0.0,0.0
2013-10-08 00:00:00-04:00,26.48520426275455,27.03416052790394,26.48520426275455,26.723880767822266,17500,0.0,0.0
2013-10-09 00:00:00-04:00,26.73979768298038,27.042122928329775,26.119238052733113,26.715930938720703,14000,0.0,0.0
2013-10-10 00:00:00-04:00,27.01825606720419,27.042125848978852,26.739800570977216,27.034168243408203,12200,0.0,0.0
2013-10-11 00:00:00-04:00,26.88300911319053,27.018258068537037,26.73980255168393,27.010303497314453,9300,0.0,0.0
2013-10-14 00:00:00-04:00,27.05007412185963,27.734282364649463,26.986425431862166,27.45582389831543,22300,0.0,0.0
2013-10-15 00:00:00-04:00,27.9490931865731,27.9490931865731,27.447870356370153,27.599031448364258,17100,0.0,0.0
2013-10-16 00:00:00-04:00,27.662680882704397,28.323019391691858,27.662680882704397,27.933181762695312,17200,0.0,0.0
2013-10-17 00:00:00-04:00,27.511521453370822,28.092302164872972,26.310178076684444,26.715930938720703,17600,0.0,0.0
2013-10-18 00:00:00-04:00,27.01825011520489,27.233059894231477,26.715927938740762,27.06598663330078,16100,0.0,0.0
2013-10-21 00:00:00-04:00,27.22510149572249,27.718366640248263,26.803436565863958,27.559247970581055,37700,0.0,0.0
2013-10-22 00:00:00-04:00,27.686539371158954,28.36279288698899,27.686539371158954,28.227540969848633,42300,0.0,0.0
2013-10-23 00:00:00-04:00,27.734289893385778,28.482143994248588,27.734289893385778,28.084348678588867,13200,0.0,0.0
2013-10-24 00:00:00-04:00,27.972960912742785,28.752639212186814,27.972960912742785,28.370756149291992,5400,0.0,0.0
2013-10-25 00:00:00-04:00,28.490093032127508,28.633299545492633,28.307107606146847,28.3627986907959,5300,0.0,0.0
2013-10-28 00:00:00-04:00,28.40257466674778,29.094737386489225,28.40257466674778,28.553735733032227,8800,0.0,0.0
2013-10-29 00:00:00-04:00,28.561698456001313,29.277728042221007,28.45827084740389,28.80037498474121,6100,0.0,0.0
2013-10-30 00:00:00-04:00,28.91971289795639,29.22203813185243,28.688993964000552,28.760597229003906,6000,0.0,0.0
2013-10-31 00:00:00-04:00,28.76854825254088,28.86401824913236,28.17981003119775,28.235504150390625,7800,0.0,0.0
2013-11-01 00:00:00-04:00,28.15594132450783,28.62533974112872,27.845661581051626,28.100250244140625,12400,0.0,0.0
2013-11-04 00:00:00-05:00,27.972958522221873,28.338929380187068,27.845664178801954,28.299150466918945,13500,0.0,0.0
2013-11-05 00:00:00-05:00,28.299150002661843,28.43440194747846,28.140031317263208,28.3627986907959,12500,0.0,0.0
2013-11-06 00:00:00-05:00,28.482139621576284,28.9992746665166,27.925225658164468,28.61739158630371,45800,0.0,0.0
2013-11-07 00:00:00-05:00,28.625344944888628,28.98336126585838,28.275286228238652,28.816287994384766,21500,0.0,0.0
2013-11-08 00:00:00-05:00,28.93562353727215,29.03905114455558,28.490094831934336,29.01518440246582,23600,0.0,0.0
2013-11-11 00:00:00-05:00,29.039047256579526,29.572091324793902,28.768546421011198,29.373193740844727,23700,0.0,0.0
2013-11-12 00:00:00-05:00,29.556177727681632,30.96436973874866,29.24589499420779,30.6381778717041,38600,0.0,0.0
2013-11-13 00:00:00-05:00,30.70214618591248,31.509675219325164,30.47827430488015,31.213848114013672,36400,0.19,0.0
2013-11-14 00:00:00-05:00,31.333777392574433,32.17329163187529,31.22184297399676,31.605619430541992,14100,0.0,0.0
2013-11-15 00:00:00-05:00,31.60562256696267,31.82949447631836,31.213852063063015,31.82949447631836,16200,0.0,0.0
2013-11-18 00:00:00-05:00,31.829505048964915,33.37260859930318,31.829505048964915,32.17330551147461,30100,0.0,0.0
2013-11-19 00:00:00-05:00,32.2692320898048,32.63701744643185,31.685571923857395,31.79750633239746,19000,0.0,0.0
2013-11-20 00:00:00-05:00,31.853479008592313,31.97341049547837,30.710143553553703,31.725553512573242,20400,0.0,0.0
2013-11-21 00:00:00-05:00,31.749540922239934,32.22126679533474,30.902035592601028,31.98940086364746,39300,0.0,0.0
2013-11-22 00:00:00-05:00,31.981405052322486,31.981405052322486,31.421729853909948,31.82949447631836,17100,0.0,0.0
2013-11-25 00:00:00-05:00,31.781525312041683,32.25325121854685,31.181873891059762,32.11732864379883,24100,0.0,0.0
2013-11-26 00:00:00-05:00,32.06134578152662,32.06134578152662,31.597617161510943,31.949411392211914,18200,0.0,0.0
2013-11-27 00:00:00-05:00,31.981411258844354,32.06136356699744,31.949429115589098,32.01339340209961,14600,0.0,0.0
2013-11-29 00:00:00-05:00,31.9814041575836,32.1812879335685,31.821496526798807,32.15730285644531,6100,0.0,0.0
2013-12-02 00:00:00-05:00,31.8294937512327,32.00538940102408,30.262402621379525,30.550235748291016,16900,0.0,0.0
2013-12-03 00:00:00-05:00,30.942010507027792,31.285810860993564,30.590213093676116,30.814085006713867,8600,0.0,0.0
2013-12-04 00:00:00-05:00,30.774109710163145,31.32578787364017,30.678163294787893,31.125904083251953,11700,0.0,0.0
2013-12-05 00:00:00-05:00,30.87804163287901,31.957415740375417,30.798089350835156,31.277809143066406,22400,0.0,0.0
2013-12-06 00:00:00-05:00,31.325793652231873,32.62103999888273,30.98199322534536,32.49311447143555,28600,0.0,0.0
2013-12-09 00:00:00-05:00,30.90203044462673,31.309791972092004,27.991720343761298,28.00771141052246,35800,0.0,0.0
2013-12-10 00:00:00-05:00,27.703892399819157,28.16762117123851,27.272142714371086,27.519996643066406,22000,0.0,0.0
2013-12-11 00:00:00-05:00,27.647934395641762,27.959752700106307,26.408652139457526,26.544574737548828,21400,0.0,0.0
2013-12-12 00:00:00-05:00,26.488595672970327,26.488595672970327,26.30470298710109,26.456613540649414,14500,0.0,0.0
2013-12-13 00:00:00-05:00,26.616524866531307,27.655919912133566,26.616524866531307,27.599952697753906,17900,0.0,0.0
2013-12-16 00:00:00-05:00,27.799841386854784,27.983734130859375,27.63193971406602,27.983734130859375,13600,0.0,0.0
2013-12-17 00:00:00-05:00,28.07966935995415,28.51141900754067,27.79183626156313,28.47943687438965,13300,0.0,0.0
2013-12-18 00:00:00-05:00,28.39948349736184,28.695310592651367,27.999715998328,28.695310592651367,17900,0.0,0.0
2013-12-19 00:00:00-05:00,28.695316767822,28.831239332735414,28.511424044691193,28.70331382751465,9100,0.0,0.0
2013-12-20 00:00:00-05:00,28.807261514168243,29.35094586844496,28.671341950591923,29.0151424407959,33300,0.0,0.0
2013-12-23 00:00:00-05:00,29.03112958682285,29.199031277923428,28.72730530055611,29.135066986083984,9800,0.0,0.0
2013-12-24 00:00:00-05:00,29.72671096346254,29.734704971313473,29.278970274212284,29.734704971313477,2400,0.0,0.0
2013-12-26 00:00:00-05:00,29.734703781686264,29.734703781686264,29.191019770056943,29.310951232910156,7700,0.0,0.0
2013-12-27 00:00:00-05:00,29.44687594706193,29.662747716250813,29.270977268480145,29.382911682128906,7400,0.0,0.0
2013-12-30 00:00:00-05:00,29.462866521977688,29.862634062574312,29.22300660761657,29.58279800415039,7100,0.0,0.0
2013-12-31 00:00:00-05:00,29.90262296745813,30.806095706619377,29.574813599712613,30.254417419433594,18600,0.0,0.0
2014-01-02 00:00:00-05:00,30.222437430525613,30.222437430525613,29.574815710219415,29.614791870117188,16500,0.0,0.0
2014-01-03 00:00:00-05:00,29.542832270200574,30.022552267963455,29.502856112051226,29.77469825744629,7100,0.0,0.0
2014-01-06 00:00:00-05:00,29.67075524729269,29.98257352394409,29.63877310353739,29.65476417541504,9400,0.0,0.0
2014-01-07 00:00:00-05:00,29.638769461624154,30.10250133913884,29.574808231958,29.630775451660156,6500,0.0,0.0
2014-01-08 00:00:00-05:00,29.57480041442345,29.742702029148326,29.382910676177936,29.734704971313477,12400,0.0,0.0
2014-01-09 00:00:00-05:00,29.7427056303859,29.7427056303859,29.574803995331543,29.58279800415039,8600,0.0,0.0
2014-01-10 00:00:00-05:00,29.550823733202872,29.678749258238962,29.23900545655147,29.65476417541504,7300,0.0,0.0
2014-01-13 00:00:00-05:00,29.550818338427653,29.57480646685742,28.879208692100455,29.08708953857422,11500,0.0,0.0
2014-01-14 00:00:00-05:00,29.238995136013635,29.51883117013554,29.071093515540493,29.382911682128906,8300,0.0,0.0
2014-01-15 00:00:00-05:00,29.318948889628693,29.33493995666504,28.823238011438686,29.33493995666504,5200,0.0,0.0
2014-01-16 00:00:00-05:00,29.207020349657252,29.207020349657252,28.59137786975948,28.791261672973633,6500,0.0,0.0
2014-01-17 00:00:00-05:00,28.855220363336414,28.903193564807598,28.591372330221215,28.807247161865234,7400,0.0,0.0
2014-01-21 00:00:00-05:00,28.88720680619508,28.88720680619508,28.607367664184643,28.775272369384766,4000,0.0,0.0
2014-01-22 00:00:00-05:00,28.623355200586094,28.911188316846424,28.623355200586094,28.847227096557617,5800,0.0,0.0
2014-01-23 00:00:00-05:00,28.847229395959182,28.85522340538838,28.16762269506571,28.375503540039062,9600,0.0,0.0
2014-01-24 00:00:00-05:00,28.287550503866665,28.55939253883822,27.663911100117723,28.00771141052246,16900,0.0,0.0
2014-01-27 00:00:00-05:00,27.98373374352901,28.14364140348902,27.69590056559798,27.895784378051758,6400,0.0,0.0
2014-01-28 00:00:00-05:00,27.711888552449512,28.343522061503364,27.711888552449512,28.191608428955078,17500,0.0,0.0
2014-01-29 00:00:00-05:00,27.70389676976486,28.92718468817518,27.70389676976486,28.319536209106445,18400,0.0,0.0
2014-01-30 00:00:00-05:00,28.3834894621137,28.70330464787746,27.983722004900834,28.36749839782715,27000,0.0,0.0
2014-01-31 00:00:00-05:00,27.98373806144073,28.191615916474998,27.120238394408993,27.464038848876953,22100,0.0,0.0
2014-02-03 00:00:00-05:00,27.46403563014523,27.46403563014523,26.304711914887214,26.392658233642578,18400,0.0,0.0
2014-02-04 00:00:00-05:00,26.50459173139724,26.936338399115076,26.032865865755987,26.200767517089844,12300,0.0,0.0
2014-02-05 00:00:00-05:00,25.96891014714727,25.976907209361226,24.977486406614986,25.289304733276367,11000,0.0,0.0
2014-02-06 00:00:00-05:00,25.425221085811533,25.665081057850458,25.145384960096955,25.625104904174805,12500,0.0,0.0
2014-02-07 00:00:00-05:00,25.64909349037712,25.848977312278492,25.465199215233525,25.808998107910156,14700,0.0,0.0
2014-02-10 00:00:00-05:00,25.44121438833233,25.753032684326172,25.313288855360877,25.753032684326172,13300,0.0,0.0
2014-02-11 00:00:00-05:00,25.641093421491007,26.312703106290876,25.369251333596186,25.984893798828125,10600,0.0,0.0
2014-02-12 00:00:00-05:00,25.94491496957941,26.440625884549608,25.94491496957941,26.368667602539062,4000,0.0,0.0
2014-02-13 00:00:00-05:00,26.168783277844454,26.64850616455078,26.096824997337723,26.64850616455078,6900,0.0,0.0
2014-02-14 00:00:00-05:00,26.720462264935,27.136220893621417,26.43263218352235,26.960325241088867,5200,0.0,0.0
2014-02-18 00:00:00-05:00,27.080258018278155,27.29613290141582,26.8723801956187,27.280141830444336,7700,0.0,0.0
2014-02-19 00:00:00-05:00,27.175621018564385,27.392704754678178,27.111301615492252,27.264062881469727,8700,0.19,0.0
2014-02-20 00:00:00-05:00,25.704273993998825,27.2238583615447,25.704273993998825,27.07913589477539,6000,0.0,0.0
2014-02-21 00:00:00-05:00,27.135416996625146,27.424861935319345,26.564568960346996,27.111297607421875,17500,0.0,0.0
2014-02-24 00:00:00-05:00,27.336418855561718,27.513302547263937,27.336418855561718,27.432899475097656,14400,0.0,0.0
2014-02-25 00:00:00-05:00,27.529387775959965,27.625868411667245,27.063059080423923,27.16758155822754,7600,0.0,0.0
2014-02-26 00:00:00-05:00,27.312301434308882,27.312301434308882,26.57260845242891,26.894214630126953,8400,0.0,0.0
2014-02-27 00:00:00-05:00,26.749491711882953,26.749491711882953,26.098240593056904,26.371604919433594,4400,0.0,0.0
2014-02-28 00:00:00-05:00,26.419846280447768,26.69321060180664,26.00175949089516,26.69321060180664,5800,0.0,0.0
2014-03-03 00:00:00-05:00,26.620850495536487,27.424862878647517,26.162563682528305,27.312301635742188,5700,0.0,0.0
2014-03-04 00:00:00-05:00,27.336416250541813,27.3766162492623,27.006771353732518,27.199735641479492,19500,0.0,0.0
2014-03-05 00:00:00-05:00,27.143455983910947,27.513304001294472,27.143455983910947,27.352500915527344,4400,0.0,0.0
2014-03-06 00:00:00-05:00,27.336420034250782,27.473100662231445,27.336420034250782,27.473100662231445,6500,0.0,0.0
2014-03-07 00:00:00-05:00,27.44897984735718,27.72234415618353,27.36857984296384,27.416818618774414,9900,0.0,0.0
2014-03-10 00:00:00-04:00,27.05501806862049,28.132394790649414,26.966576215257366,28.132394790649414,7100,0.0,0.0
2014-03-11 00:00:00-04:00,28.003755595502614,28.003755595502614,27.473104424839498,27.826871871948242,5200,0.0,0.0
2014-03-12 00:00:00-04:00,27.53742053037009,27.891184828661203,27.336417460805343,27.730384826660156,5900,0.0,0.0
2014-03-13 00:00:00-04:00,27.738421689360592,28.100227803069245,27.738421689360592,27.867063522338867,7600,0.0,0.0
2014-03-14 00:00:00-04:00,28.132393122231065,28.148470670012816,27.312300167496442,27.794706344604492,10600,0.0,0.0
2014-03-17 00:00:00-04:00,27.80274792837909,28.2851541010248,27.794706087498927,28.269073486328125,10400,0.0,0.0
2014-03-18 00:00:00-04:00,28.510277226364792,29.0972058744648,28.470077222233176,29.081125259399414,4300,0.0,0.0
2014-03-19 00:00:00-04:00,28.992685060961367,29.161526910305152,28.62283706665039,28.62283706665039,3400,0.0,0.0
2014-03-20 00:00:00-04:00,28.478118392629494,28.984647075089978,28.269076513316264,28.71128273010254,4200,0.0,0.0
2014-03-21 00:00:00-04:00,28.904250268591692,28.904250268591692,28.34144089972333,28.34947967529297,6400,0.0,0.0
2014-03-24 00:00:00-04:00,27.59370231261196,28.003750309438196,27.505260467529297,27.505260467529297,10500,0.0,0.0
2014-03-25 00:00:00-04:00,27.770593206007412,28.16455762366436,27.505267601938375,27.561548233032227,9800,0.0,0.0
2014-03-26 00:00:00-04:00,27.537414249224135,27.569575469113907,27.344449996948242,27.344449996948242,21400,0.0,0.0
2014-03-27 00:00:00-04:00,27.352496320579256,27.352496320579256,26.460042258205686,26.813806533813477,8300,0.0,0.0
2014-03-28 00:00:00-04:00,26.82989384937188,27.376622545487432,26.59673257634402,26.701251983642578,5800,0.0,0.0
2014-03-31 00:00:00-04:00,26.926377397693944,27.875109235202572,26.926377397693944,27.77058982849121,8500,0.0,0.0
2014-04-01 00:00:00-04:00,27.722353403270052,28.019837199230587,27.44898900326009,27.931398391723633,6500,0.0,0.0
2014-04-02 00:00:00-04:00,28.051988839407883,28.084150067713093,27.553502068931287,27.97962760925293,2800,0.0,0.0
2014-04-03 00:00:00-04:00,27.850986941237394,28.196712492484302,27.850986941237394,28.01982879638672,2800,0.0,0.0
2014-04-04 00:00:00-04:00,28.228876755685473,28.453999253410053,27.055019350315877,27.10325813293457,13900,0.0,0.0
2014-04-07 00:00:00-04:00,26.460051866337366,27.103261267850534,26.460051866337366,27.00678062438965,7400,0.0,0.0
2014-04-08 00:00:00-04:00,26.950496673583984,27.119338545608038,26.741451726927934,26.950496673583984,12800,0.0,0.0
2014-04-09 00:00:00-04:00,26.918331843995855,27.44094107374327,26.918331843995855,27.416818618774414,5200,0.0,0.0
2014-04-10 00:00:00-04:00,27.280143359561215,27.280143359561215,26.7012533995501,26.75753402709961,7100,0.0,0.0
2014-04-11 00:00:00-04:00,26.596728787310205,27.336418643109717,26.596728787310205,26.96657371520996,8000,0.0,0.0
2014-04-14 00:00:00-04:00,27.25601766428447,27.25601766428447,26.677127838134766,26.677127838134766,4300,0.0,0.0
2014-04-15 00:00:00-04:00,26.862055564325487,26.93441680678748,26.60477182825264,26.733413696289062,3300,0.0,0.0
2014-04-16 00:00:00-04:00,26.990694046520407,27.207777746674367,26.854013420718108,27.07913589477539,5800,0.0,0.0
2014-04-17 00:00:00-04:00,27.0791418737514,27.215822529732293,26.894219362507886,27.00678062438965,5500,0.0,0.0
2014-04-21 00:00:00-04:00,27.12737916806367,27.13541794239036,26.92637607219411,27.04697608947754,19900,0.0,0.0
2014-04-22 00:00:00-04:00,27.183656908897213,27.45702121299402,27.04697322331705,27.159534454345703,7000,0.0,0.0
2014-04-23 00:00:00-04:00,27.247980117797848,27.360541364606537,27.022857624180478,27.24798011779785,4400,0.0,0.0
2014-04-24 00:00:00-04:00,27.432898768907762,27.706263073108857,27.11933446319017,27.33641815185547,5400,0.0,0.0
2014-04-25 00:00:00-04:00,27.22385933288065,27.56154305601499,27.055017471313477,27.055017471313477,8600,0.0,0.0
2014-04-28 00:00:00-04:00,27.32837649700943,27.32837649700943,26.958528547687454,27.135412216186523,3800,0.0,0.0
2014-04-29 00:00:00-04:00,27.304257634240027,27.505260714115877,26.93441270336373,26.94245147705078,8200,0.0,0.0
2014-04-30 00:00:00-04:00,27.030893322926328,27.17561578580203,26.85401269823883,26.94245147705078,9400,0.0,0.0
2014-05-01 00:00:00-04:00,26.98265336494305,27.006772752011468,26.53240538159734,26.677127838134766,13700,0.0,0.0
2014-05-02 00:00:00-04:00,26.73340843848054,26.982653350621252,26.18667984008789,26.18667984008789,11300,0.0,0.0
2014-05-05 00:00:00-04:00,26.13844304284533,26.170604276501273,25.736436823338202,25.913320541381836,7900,0.0,0.0
2014-05-06 00:00:00-04:00,25.969594814283543,25.969594814283543,25.52738869440726,25.535429000854492,12100,0.0,0.0
2014-05-07 00:00:00-04:00,25.519354114877885,25.664076596342635,25.414833174671116,25.446992874145508,5900,0.0,0.0
2014-05-08 00:00:00-04:00,25.479152337462764,25.631913583036877,25.061065538610492,25.165586471557617,6900,0.0,0.0
2014-05-09 00:00:00-04:00,25.020867271534847,25.4711137989003,25.020867271534847,25.446992874145508,4800,0.0,0.0
2014-05-12 00:00:00-04:00,25.87312356807211,26.130407333374023,25.72036075734952,26.130407333374023,6900,0.0,0.0
2014-05-13 00:00:00-04:00,26.18667984008789,26.4520053659535,26.04999922402146,26.18667984008789,11400,0.0,0.0
2014-05-14 00:00:00-04:00,26.235204681511824,26.356515436769755,25.36177773286099,25.45073699951172,15600,0.19,0.0
2014-05-15 00:00:00-04:00,25.402217995111688,25.483091331693306,25.143424552074986,25.19194793701172,8300,0.0,0.0
2014-05-16 00:00:00-04:00,25.28899043818113,25.77422880363583,25.111068830080605,25.572046279907227,8100,0.0,0.0
2014-05-19 00:00:00-04:00,25.669091756180272,25.717615127563477,25.644829299223588,25.717615127563477,1400,0.0,0.0
2014-05-20 00:00:00-04:00,25.71761502520175,25.71761502520175,24.536869890218988,24.933147430419922,24600,0.0,0.0
2014-05-21 00:00:00-04:00,25.10298488865309,25.32134085937204,24.666269862154472,25.03019905090332,19600,0.0,0.0
2014-05-22 00:00:00-04:00,24.949326342896562,25.27281810614919,24.949326342896562,25.175769805908203,3800,0.0,0.0
2014-05-23 00:00:00-04:00,25.28090023733035,25.677177756180388,24.68244021646314,25.669090270996094,9300,0.0,0.0
2014-05-27 00:00:00-04:00,25.87936391549425,26.655744092544534,25.87936391549425,26.591047286987305,9500,0.0,0.0
2014-05-28 00:00:00-04:00,26.27563905019633,26.639565082048094,26.27563905019633,26.340335845947266,9400,0.0,0.0
2014-05-29 00:00:00-04:00,26.69617746649673,26.736616436853243,26.48590901192023,26.55869483947754,5800,0.0,0.0
2014-05-30 00:00:00-04:00,26.688093758759802,26.793229537383993,26.26755372932359,26.380775451660156,4200,0.0,0.0
2014-06-02 00:00:00-04:00,26.37268981203229,26.37268981203229,25.491173854312766,25.758054733276367,8500,0.0,0.0
2014-06-03 00:00:00-04:00,25.766143840140845,25.766143840140845,25.232382048643387,25.26473045349121,9000,0.0,0.0
2014-06-04 00:00:00-04:00,25.23238007153617,25.23238007153617,24.755229182807813,25.14341926574707,4900,0.0,0.0
2014-06-05 00:00:00-04:00,25.53161266835569,26.316081964973538,25.475001800049345,26.307992935180664,11300,0.0,0.0
2014-06-06 00:00:00-04:00,26.477822585103468,28.22467932950137,26.477822585103468,27.860750198364258,15400,0.0,0.0
2014-06-09 00:00:00-04:00,26.696183761121645,26.72044776606876,25.06254985499988,25.38604164123535,48900,0.0,0.0
2014-06-10 00:00:00-04:00,25.313252418140866,25.39412573953879,25.086808969263046,25.337514877319336,8700,0.0,0.0
2014-06-11 00:00:00-04:00,25.264732211325217,25.272819698732473,24.666272025962893,24.73097038269043,21100,0.0,0.0
2014-06-12 00:00:00-04:00,24.74714217910223,24.803753041151687,23.25099113658954,23.428911209106445,46000,0.0,0.0
2014-06-13 00:00:00-04:00,23.59874302955283,23.695789771422366,23.218638920061718,23.48552131652832,20200,0.0,0.0
2014-06-16 00:00:00-04:00,23.453176395414328,23.695794844561593,23.35612809023713,23.49361228942871,23500,0.0,0.0
2014-06-17 00:00:00-04:00,23.388470717470593,23.631089090663668,23.372295747916386,23.534042358398438,10000,0.0,0.0
2014-06-18 00:00:00-04:00,23.566397633801536,23.598747582352612,23.37230257008643,23.590660095214844,10500,0.0,0.0
2014-06-19 00:00:00-04:00,23.76048690453672,24.229550246453112,23.566391888143393,24.132503509521484,9900,0.0,0.0
2014-06-20 00:00:00-04:00,24.253812789916992,24.253812789916992,23.76857447590873,24.253812789916992,25100,0.0,0.0
2014-06-23 00:00:00-04:00,24.181031100199437,24.609658633657983,24.16485612704319,24.415563583374023,11200,0.0,0.0
2014-06-24 00:00:00-04:00,24.472172437418532,24.908885879065217,24.181029114633933,24.78757667541504,14800,0.0,0.0
2014-06-25 00:00:00-04:00,24.66626996011721,24.9088883918931,24.66626996011721,24.819929122924805,14800,0.0,0.0
2014-06-26 00:00:00-04:00,24.941233338252143,24.957408308468988,24.60965416145713,24.76331329345703,11500,0.0,0.0
2014-06-27 00:00:00-04:00,24.747138914774386,25.038280672986488,24.666265604287094,24.957408905029297,22200,0.0,0.0
2014-06-30 00:00:00-04:00,24.94932632249555,25.24046813791965,24.698620398996063,24.722881317138672,9500,0.0,0.0
2014-07-01 00:00:00-04:00,25.07063243386202,25.31325084040344,24.86036242834536,24.997846603393555,14600,0.0,0.0
2014-07-02 00:00:00-04:00,25.070636200596276,25.208120396300764,24.82801775760268,24.876541137695312,11500,0.0,0.0
2014-07-03 00:00:00-04:00,25.022113368113015,25.18385848613839,24.83610424571464,25.070636749267578,6900,0.0,0.0
2014-07-07 00:00:00-04:00,25.02210871242274,25.054457112996783,24.82801368138792,24.83609962463379,6600,0.0,0.0
2014-07-08 00:00:00-04:00,24.900806936940775,24.973591245571182,24.674361895269648,24.80375862121582,8100,0.0,0.0
2014-07-09 00:00:00-04:00,25.014018922461666,25.119153142805523,24.690527233868977,24.892709732055664,6100,0.0,0.0
2014-07-10 00:00:00-04:00,24.54495778707161,24.836099561620067,24.54495778707161,24.55304527282715,9500,0.0,0.0
2014-07-11 00:00:00-04:00,24.650093406621675,24.85227593431876,24.46408585134762,24.642005920410156,11800,0.0,0.0
2014-07-14 00:00:00-04:00,24.860367479947037,24.88462994254337,24.593486561509454,24.844192504882812,9700,0.0,0.0
2014-07-15 00:00:00-04:00,24.89270954986455,25.01401873938268,24.642002143326366,24.81183624267578,8800,0.0,0.0
2014-07-16 00:00:00-04:00,24.933145966424572,24.957408421860073,24.318510978162497,24.504518508911133,23500,0.0,0.0
2014-07-17 00:00:00-04:00,24.34277751254325,24.577308450931493,24.11633251812501,24.213380813598633,9700,0.0,0.0
2014-07-18 00:00:00-04:00,24.1405944549196,24.41556281985571,24.10015702329353,24.302339553833008,11000,0.0,0.0
2014-07-21 00:00:00-04:00,24.19720719474822,24.342778874840135,23.711968775285314,24.019287109375,13200,0.0,0.0
2014-07-22 00:00:00-04:00,24.0516341686527,24.36703842951391,23.736229907791493,24.213380813598633,12100,0.0,0.0
2014-07-23 00:00:00-04:00,24.148685835762684,24.42365424504363,23.930328297357725,24.26190757751465,10000,0.0,0.0
2014-07-24 00:00:00-04:00,24.253816316847768,24.375125527357802,23.534046997628632,23.598745346069336,11300,0.0,0.0
2014-07-25 00:00:00-04:00,23.542131984551506,23.79283786532572,23.453171186441566,23.56639289855957,13800,0.0,0.0
2014-07-28 00:00:00-04:00,23.558310578037332,23.614922989038337,23.46126381566799,23.542137145996094,5200,0.0,0.0
2014-07-29 00:00:00-04:00,23.461262958238525,23.679620479385033,23.461262958238525,23.639183044433594,10800,0.0,0.0
2014-07-30 00:00:00-04:00,23.792843194111164,23.89797744426292,23.50978730789115,23.78475570678711,18000,0.0,0.0
2014-07-31 00:00:00-04:00,23.558310146663768,23.995025196920594,23.517874253505372,23.590660095214844,19100,0.0,0.0
2014-08-01 00:00:00-04:00,23.67961567504455,23.938409036105675,23.550218994513987,23.663440704345703,13500,0.0,0.0
2014-08-04 00:00:00-04:00,23.744318832776912,23.78475472519793,23.606834639002862,23.639183044433594,8000,0.0,0.0
2014-08-05 00:00:00-04:00,23.695792097465244,23.695792097465244,23.25099114475168,23.598745346069336,11600,0.0,0.0
2014-08-06 00:00:00-04:00,23.61492072055022,23.97884835827148,23.5421348844999,23.88180160522461,7100,0.0,0.0
2014-08-07 00:00:00-04:00,23.865627718331346,24.132508615151483,23.663445173996987,23.81710433959961,12100,0.0,0.0
2014-08-08 00:00:00-04:00,23.96267335418133,24.253816698005078,23.62300663389707,24.043546676635742,11300,0.0,0.0
2014-08-11 00:00:00-04:00,24.213384123594704,24.739058477733753,23.784756535665352,24.593486785888672,9200,0.0,0.0
2014-08-12 00:00:00-04:00,24.49643844744272,24.81184273117669,24.472175986182247,24.585397720336914,8400,0.0,0.0
2014-08-13 00:00:00-04:00,24.683084880428776,24.780775874173287,24.39815449748176,24.617958068847656,6700,0.2,0.0
2014-08-14 00:00:00-04:00,24.43885394296958,24.780770011059754,24.210909379994362,24.56096649169922,9700,0.0,0.0
2014-08-15 00:00:00-04:00,24.813332054044274,24.837755184318695,24.19462672846634,24.479557037353516,12000,0.0,0.0
2014-08-18 00:00:00-04:00,24.585397033299515,24.845904296512654,24.324888217340604,24.74007225036621,9500,0.0,0.0
2014-08-19 00:00:00-04:00,24.609816091683303,25.106408981656465,24.186491056058497,25.049423217773438,13000,0.0,0.0
2014-08-20 00:00:00-04:00,24.585402385014458,24.6830918536114,24.227204043751406,24.422584533691406,11900,0.0,0.0
2014-08-21 00:00:00-04:00,24.365599938586392,24.748219889265965,24.27604996072144,24.69937515258789,10600,0.0,0.0
2014-08-22 00:00:00-04:00,24.69123103166229,25.32621874044123,24.259764845252068,24.984302520751953,10200,0.0,0.0
2014-08-25 00:00:00-04:00,25.13083347045538,25.480889117834007,24.300465444962196,24.552831649780273,11100,0.0,0.0
2014-08-26 00:00:00-04:00,24.780770011059754,24.8051915891585,24.300459307010573,24.56096649169922,10800,0.0,0.0
2014-08-27 00:00:00-04:00,24.707514997133693,24.740077635750637,24.267907730209117,24.422584533691406,3600,0.0,0.0
2014-08-28 00:00:00-04:00,24.34117118132165,24.438862184898525,24.26790331682545,24.2841854095459,3200,0.0,0.0
2014-08-29 00:00:00-04:00,24.447003292536294,24.878467881488934,24.267903377654072,24.373735427856445,5000,0.0,0.0
2014-09-02 00:00:00-04:00,24.373730549161742,24.968012841282608,24.316744788649537,24.626096725463867,8900,0.0,0.0
2014-09-03 00:00:00-04:00,24.69936609713253,25.00057700775246,24.666801916121937,24.691225051879883,8600,0.0,0.0
2014-09-04 00:00:00-04:00,24.666800396473864,24.992435975535916,24.48770207018615,24.626096725463867,6500,0.0,0.0
2014-09-05 00:00:00-04:00,24.520271240705004,24.756355375563828,24.267903460283648,24.430721282958984,9300,0.0,0.0
2014-09-08 00:00:00-04:00,24.341171549062157,24.829623468834296,24.267903683459043,24.63424301147461,12500,0.0,0.0
2014-09-09 00:00:00-04:00,24.707509688023393,24.707509688023393,23.942268435632638,24.031818389892578,10400,0.0,0.0
2014-09-10 00:00:00-04:00,23.942268937892266,24.17021357499675,23.60849380487066,23.991113662719727,14600,0.0,0.0
2014-09-11 00:00:00-04:00,23.803877611346103,24.210920665341924,23.63292027398595,24.088808059692383,14600,0.0,0.0
2014-09-12 00:00:00-04:00,23.94226574316337,24.080660405662695,23.69804059886838,23.71432113647461,7800,0.0,0.0
2014-09-15 00:00:00-04:00,24.129509222956525,24.170214455750862,23.413114205980666,23.567790985107422,16400,0.0,0.0
2014-09-16 00:00:00-04:00,23.543365786558223,23.567788924099016,23.24215330120467,23.421253204345703,9000,0.0,0.0
2014-09-17 00:00:00-04:00,23.502660028876072,23.600349464897256,23.274715423583984,23.274715423583984,4900,0.0,0.0
2014-09-18 00:00:00-04:00,23.315421161081325,23.820155134370978,23.315421161081325,23.421253204345703,5800,0.0,0.0
2014-09-19 00:00:00-04:00,23.48638270541245,23.616636348373994,23.079339682971145,23.168888092041016,11100,0.0,0.0
2014-09-22 00:00:00-04:00,23.168889693545367,23.429398550221528,22.859537658314817,22.940946578979492,12900,0.0,0.0
2014-09-23 00:00:00-04:00,22.99793028633567,22.99793028633567,21.90705488481725,22.289674758911133,19700,0.0,0.0
2014-09-24 00:00:00-04:00,22.362942520359216,22.623451352346528,21.988463694636096,22.2652530670166,10800,0.0,0.0
2014-09-25 00:00:00-04:00,22.29780723570296,22.29780723570296,21.337185843618368,21.386032104492188,13400,0.0,0.0
2014-09-26 00:00:00-04:00,21.483726613080787,22.03730527890442,21.280205136101255,21.955896377563477,10400,0.0,0.0
2014-09-29 00:00:00-04:00,21.964039345751182,22.094292978201114,21.32905327574421,21.540714263916016,7200,0.0,0.0
2014-09-30 00:00:00-04:00,21.516290335318406,21.83378333574904,21.206936827377003,21.22321891784668,15700,0.0,0.0
2014-10-01 00:00:00-04:00,21.304632764532055,21.304632764532055,19.961391043786,20.026517868041992,16700,0.0,0.0
2014-10-02 00:00:00-04:00,20.132346951809215,21.084827659678364,20.132346951809215,20.905729293823242,13100,0.0,0.0
2014-10-03 00:00:00-04:00,21.272066098768153,21.89077163352099,21.272066098768153,21.6872501373291,19900,0.0,0.0
2014-10-06 00:00:00-04:00,21.573277375788344,21.890770395006225,21.451164795531135,21.532573699951172,13100,0.0,0.0
2014-10-07 00:00:00-04:00,21.394181180894847,21.752377911990845,21.26392754181524,21.320913314819336,13100,0.0,0.0
2014-10-08 00:00:00-04:00,21.410464871915522,21.59770586429887,20.498689264184296,21.12553596496582,15000,0.0,0.0
2014-10-09 00:00:00-04:00,21.166239579828154,21.182521675240928,20.327730299023298,20.474266052246094,13100,0.0,0.0
2014-10-10 00:00:00-04:00,20.246317161841713,20.905726310816128,20.099781450348367,20.449838638305664,15000,0.0,0.0
2014-10-13 00:00:00-04:00,20.148628666159247,20.75105212479774,19.554346253917387,20.58823585510254,20600,0.0,0.0
2014-10-14 00:00:00-04:00,20.91386732324568,21.90705156783614,20.55566909046484,21.898910522460938,19400,0.0,0.0
2014-10-15 00:00:00-04:00,21.630260996374552,22.957221814314266,21.630260996374552,22.810686111450195,14700,0.0,0.0
2014-10-16 00:00:00-04:00,22.778121830241375,24.007391656541515,22.778121830241375,23.820152282714844,16500,0.0,0.0
2014-10-17 00:00:00-04:00,24.162068060227956,24.162068060227956,23.16074284634712,23.234010696411133,23300,0.0,0.0
2014-10-20 00:00:00-04:00,23.445677471520774,23.445677471520774,22.9490860400096,23.168888092041016,16400,0.0,0.0
2014-10-21 00:00:00-04:00,23.185167533021875,23.50266211006929,23.02235127432043,23.421253204345703,8500,0.0,0.0
2014-10-22 00:00:00-04:00,23.160745881506266,23.470097859069853,22.867674442843914,22.916519165039062,6800,0.0,0.0
2014-10-23 00:00:00-04:00,23.234013193172213,23.958549174169917,23.054913294771385,23.250293731689453,17700,0.0,0.0
2014-10-24 00:00:00-04:00,23.193308445669263,23.323562072980664,23.193308445669263,23.24215316772461,7100,0.0,0.0
2014-10-27 00:00:00-04:00,23.014210690571986,23.23401427461535,22.542040891189437,23.030492782592773,16800,0.0,0.0
2014-10-28 00:00:00-04:00,22.949087022887863,24.251625061035156,22.949087022887863,24.251625061035156,11200,0.0,0.0
2014-10-29 00:00:00-04:00,24.14579086965006,24.495848101479954,23.803874684228518,24.430721282958984,5600,0.0,0.0
2014-10-30 00:00:00-04:00,24.235337729656646,24.503986015810483,24.17021091946013,24.243478775024414,11500,0.0,0.0
2014-10-31 00:00:00-04:00,24.64238063313022,24.64238063313022,24.251619772719263,24.56911277770996,18900,0.0,0.0
2014-11-03 00:00:00-05:00,24.723787709731585,24.748209291239377,24.373730549161742,24.626096725463867,15700,0.0,0.0
2014-11-04 00:00:00-05:00,24.56910925967901,24.56910925967901,24.12950219010444,24.414432525634766,22500,0.0,0.0
2014-11-05 00:00:00-05:00,24.626102142246275,24.626102142246275,24.162073358583783,24.3655948638916,13000,0.0,0.0
2014-11-06 00:00:00-05:00,24.259762555575275,24.57725715637207,24.080664191782965,24.57725715637207,10200,0.0,0.0
2014-11-07 00:00:00-05:00,24.422584533691406,24.54469714581064,24.153936165930645,24.422584533691406,2900,0.0,0.0
2014-11-10 00:00:00-05:00,24.398153679877275,25.07384490966797,24.219055342217366,25.07384490966797,8700,0.0,0.0
2014-11-11 00:00:00-05:00,24.862188158411477,25.236666987750397,24.780779244676012,25.130836486816406,14300,0.0,0.0
2014-11-12 00:00:00-05:00,24.49990022836304,25.23735511601766,24.41796044909668,25.05708885192871,23500,0.2,0.0
2014-11-13 00:00:00-05:00,24.79488609183344,25.319298247985042,24.79488609183344,25.081674575805664,13600,0.0,0.0
2014-11-14 00:00:00-05:00,25.032507543978358,25.54053294734908,24.78668975830078,24.78668975830078,12800,0.0,0.0
2014-11-17 00:00:00-05:00,24.786686890200844,25.401232846156237,23.696892124154793,23.83618927001953,13700,0.0,0.0
2014-11-18 00:00:00-05:00,24.15575146785834,24.17213973429269,23.2380304277303,23.582176208496094,10600,0.0,0.0
2014-11-19 00:00:00-05:00,23.811605679163492,23.811605679163492,22.697230130807668,22.73819923400879,11300,0.0,0.0
2014-11-20 00:00:00-05:00,22.705422000670943,22.721810266594243,22.107264360309987,22.459604263305664,8200,0.0,0.0
2014-11-21 00:00:00-05:00,22.71362043102881,23.43468863936891,22.123656812008928,22.22198486328125,10800,0.0,0.0
2014-11-24 00:00:00-05:00,22.385864481246372,22.615295575533306,21.795900819628994,22.607101440429688,8800,0.0,0.0
2014-11-25 00:00:00-05:00,22.697227407049375,22.697227407049375,21.976159399420258,22.008935928344727,5000,0.0,0.0
2014-11-26 00:00:00-05:00,21.976170364116516,22.656268049915074,21.976170364116516,22.476001739501953,5800,0.0,0.0
2014-11-28 00:00:00-05:00,22.533353393987728,22.533353393987728,22.123656059551585,22.16462516784668,6900,0.0,0.0
2014-12-01 00:00:00-05:00,22.12365880286557,22.230179435364057,22.12365880286557,22.140047073364258,5200,0.0,0.0
2014-12-02 00:00:00-05:00,22.131849621669726,22.328504149570936,21.976164201004543,22.271146774291992,4500,0.0,0.0
2014-12-03 00:00:00-05:00,22.312119856599168,22.91847181637186,21.992556387185985,22.787368774414062,6600,0.0,0.0
2014-12-04 00:00:00-05:00,22.67264431050551,22.84471639343476,22.533347192618127,22.639867782592773,4100,0.0,0.0
2014-12-05 00:00:00-05:00,22.525165297112604,23.90994309626891,22.525165297112604,23.442888259887695,10100,0.0,0.0
2014-12-08 00:00:00-05:00,23.68869962867549,24.47531931938852,23.3609420754081,24.376991271972656,6400,0.0,0.0
2014-12-09 00:00:00-05:00,24.27865934739193,24.991533279418945,24.09019897971815,24.991533279418945,10500,0.0,0.0
2014-12-10 00:00:00-05:00,25.245548318447682,25.245548318447682,24.491705190189002,24.5572566986084,4800,0.0,0.0
2014-12-11 00:00:00-05:00,24.532674798544548,25.00792360474532,24.491704130760155,24.827655792236328,8800,0.0,0.0
2014-12-12 00:00:00-05:00,24.49170561199757,24.49170561199757,23.393716654909124,23.713281631469727,13300,0.0,0.0
2014-12-15 00:00:00-05:00,23.68050758372341,23.90993867268804,23.213452833752054,23.606761932373047,7700,0.0,0.0
2014-12-16 00:00:00-05:00,23.647727295138267,24.14755690961954,23.37732715521526,23.664113998413086,5000,0.0,0.0
2014-12-17 00:00:00-05:00,23.84438700795006,25.23735711428696,23.713283975891798,25.130836486816406,9600,0.0,0.0
2014-12-18 00:00:00-05:00,24.999730734659654,25.80273710936317,24.999730734659654,25.466785430908203,20500,0.0,0.0
2014-12-19 00:00:00-05:00,25.35206994155869,25.80273635671968,25.32748754036272,25.42581558227539,15000,0.0,0.0
2014-12-22 00:00:00-05:00,25.466787814345796,25.753576278686523,25.32749064954438,25.753576278686523,6400,0.0,0.0
2014-12-23 00:00:00-05:00,25.82732266720844,26.114111139752325,25.327491373999706,25.794546127319336,15300,0.0,0.0
2014-12-24 00:00:00-05:00,26.105913240000458,26.196045585954465,25.679827660117315,26.02397346496582,4800,0.0,0.0
2014-12-26 00:00:00-05:00,26.1468801736393,26.85975256260705,25.933837401398627,26.786006927490234,5800,0.0,0.0
2014-12-29 00:00:00-05:00,26.876145518725767,26.876145518725767,26.237018653346915,26.622135162353516,4200,0.0,0.0
2014-12-30 00:00:00-05:00,26.90072614091605,26.982664350383235,26.54019051747884,26.75323486328125,3100,0.0,0.0
2014-12-31 00:00:00-05:00,26.548378963533544,26.736839294433594,26.540183269379664,26.736839294433594,6000,0.0,0.0
2015-01-02 00:00:00-05:00,26.630321502685547,26.949884860599056,26.187847718309005,26.630321502685547,5300,0.0,0.0
2015-01-05 00:00:00-05:00,26.622133071267243,26.622133071267243,25.942034023738476,26.163270950317383,8500,0.0,0.0
2015-01-06 00:00:00-05:00,26.21243908970913,26.220633225136567,25.40123843685105,25.66344451904297,12000,0.0,0.0
2015-01-07 00:00:00-05:00,25.745380497668037,25.745380497668037,24.999731475785282,25.2127742767334,6300,0.0,0.0
2015-01-08 00:00:00-05:00,25.483176471549772,25.483176471549772,25.01612172448328,25.130836486816406,9200,0.0,0.0
2015-01-09 00:00:00-05:00,25.2537453840121,25.2537453840121,24.999733454758143,25.130836486816406,4800,0.0,0.0
2015-01-12 00:00:00-05:00,24.975147983935763,25.08167016119986,24.483510892640556,24.56545066833496,8100,0.0,0.0
2015-01-13 00:00:00-05:00,24.58183919660271,24.942373275756836,24.58183919660271,24.942373275756836,4100,0.0,0.0
2015-01-14 00:00:00-05:00,24.78668801522145,24.79488214921731,24.680167399017733,24.778493881225586,3100,0.0,0.0
2015-01-15 00:00:00-05:00,25.74537591904982,25.74537591904982,24.57364150365484,24.696550369262695,8100,0.0,0.0
2015-01-16 00:00:00-05:00,24.557257194413967,25.573306376864043,24.557257194413967,25.450397491455078,8900,0.0,0.0
2015-01-20 00:00:00-05:00,25.270130070366015,25.483172857968516,25.007924043430997,25.19638442993164,3100,0.0,0.0
2015-01-21 00:00:00-05:00,24.827656213536187,25.50775368158597,24.499898680055185,24.745718002319336,11500,0.0,0.0
2015-01-22 00:00:00-05:00,25.024315617957676,25.245551005627288,24.58184171687564,25.065284729003906,5700,0.0,0.0
2015-01-23 00:00:00-05:00,25.30290952022583,25.48317736779957,24.647394336879877,25.319297790527344,3700,0.0,0.0
2015-01-26 00:00:00-05:00,25.270130060036916,25.434009608239915,24.73752387268396,25.040699005126953,4600,0.0,0.0
2015-01-27 00:00:00-05:00,24.901403509368365,25.40123475795007,24.66377986787417,24.975149154663086,7900,0.0,0.0
2015-01-28 00:00:00-05:00,25.13903261514319,25.13903261514319,24.663783695528046,24.680171966552734,7500,0.0,0.0
2015-01-29 00:00:00-05:00,24.70474889509328,25.07347712035624,24.70474889509328,25.05708885192871,2900,0.0,0.0
2015-01-30 00:00:00-05:00,24.778493890362356,25.130833837958132,24.671973274119363,25.08986473083496,9200,0.0,0.0
2015-02-02 00:00:00-05:00,24.950566095899067,25.147220611572266,24.704746779154195,25.147220611572266,4900,0.0,0.0
2015-02-03 00:00:00-05:00,25.065278331420068,26.015775843507512,24.958756169294006,26.00758171081543,5800,0.0,0.0
2015-02-04 00:00:00-05:00,25.728989227913868,25.92564373749408,25.245546305785833,25.638856887817383,7700,0.0,0.0
2015-02-05 00:00:00-05:00,25.974811964537107,26.19604734021342,25.474980709937938,26.032169342041016,3700,0.0,0.0
2015-02-06 00:00:00-05:00,25.786349347038726,26.17146583687107,25.786349347038726,25.909259796142578,3400,0.0,0.0
2015-02-09 00:00:00-05:00,25.630668116488145,26.097722869807775,25.630668116488145,25.794546127319336,3100,0.0,0.0
2015-02-10 00:00:00-05:00,26.040363064762136,26.23701759718331,25.786349592872405,25.974811553955078,4500,0.0,0.0
2015-02-11 00:00:00-05:00,25.78634452466331,26.179655075073242,25.78634452466331,26.179655075073242,2300,0.0,0.0
2015-02-12 00:00:00-05:00,26.18785353340484,26.269794877822864,25.94203575163614,26.171466827392578,8300,0.0,0.0
2015-02-13 00:00:00-05:00,26.302563187324782,26.720456148431527,26.22062498454491,26.67129135131836,6100,0.0,0.0
2015-02-17 00:00:00-05:00,26.466441124345064,26.687678009414377,25.94202915636235,26.122295379638672,8900,0.0,0.0
2015-02-18 00:00:00-05:00,26.10580973847812,26.10580973847812,25.635806464448162,25.7924747467041,4400,0.2,0.0
2015-02-19 00:00:00-05:00,25.79247340410563,25.973877698033277,25.635805130004883,25.635805130004883,1500,0.0,0.0
2015-02-20 00:00:00-05:00,25.710020353155187,25.710020353155187,25.15755994810274,25.48738670349121,7100,0.0,0.0
2015-02-23 00:00:00-05:00,25.56159963635039,25.726513811486615,25.190543528662953,25.347211837768555,3100,0.0,0.0
2015-02-24 00:00:00-05:00,25.19053966223422,25.413173292675236,25.157557775912153,25.388437271118164,2600,0.0,0.0
2015-02-25 00:00:00-05:00,25.231769255387903,25.60282373734575,25.165803909301758,25.165803909301758,1600,0.0,0.0
2015-02-26 00:00:00-05:00,25.289481787140254,25.29772764972732,25.157551131222153,25.256498336791992,2500,0.0,0.0
2015-02-27 00:00:00-05:00,25.256504259094186,25.2729959881354,24.844220469490875,25.042118072509766,4800,0.0,0.0
2015-03-02 00:00:00-05:00,24.91018241149067,25.06685067051384,24.86895466725503,25.03386878967285,2800,0.0,0.0
2015-03-03 00:00:00-05:00,25.058607270448334,25.371943819296508,24.877202976146297,24.910184860229492,2700,0.0,0.0
2015-03-04 00:00:00-05:00,24.60510003155695,24.737030736331675,24.300009293804116,24.473169326782227,2100,0.0,0.0
2015-03-05 00:00:00-05:00,24.43193720042688,24.629834807662117,23.8382490969348,24.596851348876953,8300,0.0,0.0
2015-03-06 00:00:00-05:00,24.65456970074677,24.671061429384643,23.895967483520508,23.895967483520508,9100,0.0,0.0
2015-03-09 00:00:00-04:00,24.14334428147188,24.14334428147188,23.755796432495117,23.755796432495117,6500,0.0,0.0
2015-03-10 00:00:00-04:00,23.970177764651933,23.970177764651933,23.33526039123535,23.33526039123535,11900,0.0,0.0
2015-03-11 00:00:00-04:00,23.335262194348793,24.23404099428633,23.335262194348793,24.09386444091797,11000,0.0,0.0
2015-03-12 00:00:00-04:00,24.184566855472305,25.23176805073862,24.184566855472305,25.223522186279297,8500,0.0,0.0
2015-03-13 00:00:00-04:00,25.479135353356796,25.759488428272494,24.605094246539576,25.6275577545166,7700,0.0,0.0
2015-03-16 00:00:00-04:00,25.619307088114063,26.171767270677048,25.330708203598345,25.899660110473633,3000,0.0,0.0
2015-03-17 00:00:00-04:00,25.767736571608953,26.05633553575854,25.767736571608953,25.98212432861328,1700,0.0,0.0
2015-03-18 00:00:00-04:00,25.55334881460463,26.039843806895632,25.55334881460463,25.98212432861328,7000,0.0,0.0
2015-03-19 00:00:00-04:00,25.718261129725413,26.33668676348685,25.718261129725413,26.30370330810547,3300,0.0,0.0
2015-03-20 00:00:00-04:00,26.303704776489326,26.88090112324557,26.303704776489326,26.70774269104004,21100,0.0,0.0
2015-03-23 00:00:00-04:00,26.724238109805704,26.724238109805704,26.44388497565243,26.52634048461914,7200,0.0,0.0
2015-03-24 00:00:00-04:00,26.691257689109808,27.218980555765608,26.52634350691077,27.05406951904297,3700,0.0,0.0
2015-03-25 00:00:00-04:00,27.342657972126297,27.342657972126297,26.68300460609603,26.856163024902344,6800,0.0,0.0
2015-03-26 00:00:00-04:00,26.88914741093253,27.144761329793067,26.88914741093253,27.0870418548584,2300,0.0,0.0
2015-03-27 00:00:00-04:00,27.029320724533957,27.19423484802246,26.757215094431913,27.19423484802246,5600,0.0,0.0
2015-03-30 00:00:00-04:00,27.153010308205893,27.738452527484363,27.070554809467616,27.713716506958008,3700,0.0,0.0
2015-03-31 00:00:00-04:00,27.39213597631692,27.746700286865234,27.39213597631692,27.746700286865234,1800,0.0,0.0
2015-04-01 00:00:00-04:00,26.377914595471996,27.746698116219175,26.377914595471996,27.705467224121094,9000,0.0,0.0
2015-04-02 00:00:00-04:00,26.790200581865736,27.573537223317384,26.790200581865736,27.375642776489258,4800,0.0,0.0
2015-04-06 00:00:00-04:00,27.301431007296575,27.713714766040468,27.11178085573144,27.235464096069336,2100,0.0,0.0
2015-04-07 00:00:00-04:00,26.798445817196008,27.482838404817315,26.633531675379675,27.210729598999023,10200,0.0,0.0
2015-04-08 00:00:00-04:00,27.16125447672802,27.713716381291455,27.16125447672802,27.466346740722656,2200,0.0,0.0
2015-04-09 00:00:00-04:00,27.16125502926792,27.342660903930664,27.004588320998266,27.342660903930664,3900,0.0,0.0
2015-04-10 00:00:00-04:00,27.458099042549573,27.59827716300709,27.021079243517033,27.42511558532715,4600,0.0,0.0
2015-04-13 00:00:00-04:00,27.06230089352681,27.474584579467773,27.06230089352681,27.474584579467773,1600,0.0,0.0
2015-04-14 00:00:00-04:00,27.251956059884215,27.672487258911133,27.251956059884215,27.672487258911133,5100,0.0,0.0
2015-04-15 00:00:00-04:00,27.730206488168662,27.91160920305552,27.58178408341322,27.89512062072754,7500,0.0,0.0
2015-04-16 00:00:00-04:00,27.78792933401291,27.87038483755824,27.598279159477993,27.614770889282227,4400,0.0,0.0
2015-04-17 00:00:00-04:00,27.47458975780008,27.67248734835987,27.251956147973623,27.268447875976562,7500,0.0,0.0
2015-04-20 00:00:00-04:00,27.919862810166283,27.919862810166283,27.590034472154322,27.9116153717041,5000,0.0,0.0
2015-04-21 00:00:00-04:00,27.5405518506686,27.90336036682129,27.46634066037885,27.90336036682129,1100,0.0,0.0
2015-04-22 00:00:00-04:00,27.862132626765863,27.9116046566424,27.655990781013777,27.90336036682129,4700,0.0,0.0
2015-04-23 00:00:00-04:00,28.002312381477335,28.167226515498175,27.59827605587553,27.672487258911133,10500,0.0,0.0
2015-04-24 00:00:00-04:00,27.598277464674922,28.191963973789978,27.35915211541193,27.787927627563477,5500,0.0,0.0
2015-04-27 00:00:00-04:00,27.680731945569057,28.11775173331298,27.260203886010352,27.367395401000977,5900,0.0,0.0
2015-04-28 00:00:00-04:00,27.210726175643423,28.01055761826744,27.05405949063959,27.631254196166992,6000,0.0,0.0
2015-04-29 00:00:00-04:00,27.623015062614414,28.117754372709715,27.623015062614414,27.754945755004883,3300,0.0,0.0
2015-04-30 00:00:00-04:00,27.39213564351553,27.7549442414352,26.831429445064263,27.062307357788086,11800,0.0,0.0
2015-05-01 00:00:00-04:00,27.07055538069259,27.532311216131657,26.831430025639804,26.872657775878906,9500,0.0,0.0
2015-05-04 00:00:00-04:00,27.103533845416827,27.57353708613977,26.757216992452765,27.128273010253906,5900,0.0,0.0
2015-05-05 00:00:00-04:00,27.2684469708432,27.2684469708432,25.2317658122169,25.553346633911133,11500,0.0,0.0
2015-05-06 00:00:00-04:00,25.413172227405784,26.328442732360624,25.404926362986444,25.66054344177246,6200,0.0,0.0
2015-05-07 00:00:00-04:00,25.982122817076743,25.982122817076743,25.825454547469107,25.973876953125,2800,0.0,0.0
2015-05-08 00:00:00-04:00,26.27072342982247,26.27072342982247,25.940895141794837,26.19651222229004,2300,0.0,0.0
2015-05-11 00:00:00-04:00,26.039843001627627,26.147036090445987,25.40492561468058,26.031597137451172,3000,0.0,0.0
2015-05-12 00:00:00-04:00,26.320200240676854,26.320200240676854,25.561597917004615,25.80896759033203,3500,0.0,0.0
2015-05-13 00:00:00-04:00,26.124313230731378,26.15750879813761,25.47701549482766,25.618093490600586,4300,0.2,0.0
2015-05-14 00:00:00-04:00,25.427224941488664,26.472861687060192,25.427224941488664,26.306888580322266,8100,0.0,0.0
2015-05-15 00:00:00-04:00,26.348378081970264,26.348378081970264,25.485312339358934,25.68448257446289,5300,0.0,0.0
2015-05-18 00:00:00-04:00,25.551704418599122,25.9251450618232,25.551704418599122,25.8255615234375,4200,0.0,0.0
2015-05-19 00:00:00-04:00,25.89194731901986,25.89194731901986,25.45211560356778,25.493608474731445,2300,0.0,0.0
2015-05-20 00:00:00-04:00,25.833859813482906,25.86705538277308,25.676185607910156,25.676185607910156,3600,0.0,0.0
2015-05-21 00:00:00-04:00,25.194860036333463,25.8504566779593,25.194860036333463,25.518508911132812,3500,0.0,0.0
2015-05-22 00:00:00-04:00,25.56000414230413,26.074524415407556,25.377433249449084,25.734277725219727,4200,0.0,0.0
2015-05-26 00:00:00-04:00,25.72597700432182,26.15750990169811,25.6927814355151,25.974937438964844,4100,0.0,0.0
2015-05-27 00:00:00-04:00,26.0662269785821,26.38157859086208,25.792369832576874,26.05792808532715,2500,0.0,0.0
2015-05-28 00:00:00-04:00,25.916850104219204,26.340084163738553,25.916850104219204,26.041330337524414,3300,0.0,0.0
2015-05-29 00:00:00-04:00,26.34007829119459,26.447962296764434,25.402325720992607,25.7923641204834,11800,0.0,0.0
2015-06-01 00:00:00-04:00,25.76747182348011,25.76747182348011,25.17826467844387,25.418926239013672,3200,0.0,0.0
2015-06-02 00:00:00-04:00,25.402330493934496,25.709381619799586,25.161667346176245,25.360836029052734,4500,0.0,0.0
2015-06-03 00:00:00-04:00,25.294445867276558,25.808966139625113,25.261251879011592,25.75087547302246,4600,0.0,0.0
2015-06-04 00:00:00-04:00,25.360836029052734,25.427225590011563,25.194862918081654,25.360836029052734,2400,0.0,0.0
2015-06-05 00:00:00-04:00,26.05792657249738,26.05792657249738,25.31104363428557,25.759174346923828,6600,0.0,0.0
2015-06-08 00:00:00-04:00,26.22390623949163,26.373283172055768,25.725983658561915,25.833866119384766,3300,0.0,0.0
2015-06-09 00:00:00-04:00,25.560000344073305,25.709377226417192,24.763325748708187,24.879507064819336,6400,0.0,0.0
2015-06-10 00:00:00-04:00,25.17826692811985,25.50191586302385,24.97909823103646,25.402332305908203,5100,0.0,0.0
2015-06-11 00:00:00-04:00,25.244656129097987,25.3110456938333,24.82972095378924,25.16166877746582,4600,0.0,0.0
2015-06-12 00:00:00-04:00,25.12847290433494,25.485315798776234,25.070380654547233,25.418926239013672,3100,0.0,0.0
2015-06-15 00:00:00-04:00,25.335940003338543,25.709380676460018,24.76332907179663,25.485315322875977,6800,0.0,0.0
2015-06-16 00:00:00-04:00,25.261253736112753,26.016435623168945,25.236357055944765,26.016435623168945,4000,0.0,0.0
2015-06-17 00:00:00-04:00,25.825562091523228,26.19900274296189,25.808964307143242,25.991535186767578,4400,0.0,0.0
2015-06-18 00:00:00-04:00,26.47286173344394,26.47286173344394,25.535109009318354,25.75087547302246,9800,0.0,0.0
2015-06-19 00:00:00-04:00,25.526809293444998,25.933445529403823,25.25295217196857,25.56000328063965,17500,0.0,0.0
2015-06-22 00:00:00-04:00,25.701085460365633,25.9500475275796,25.618099687479802,25.808969497680664,4200,0.0,0.0
2015-06-23 00:00:00-04:00,25.584897456910912,25.800663892563747,25.219754136355988,25.68448257446289,8000,0.0,0.0
2015-06-24 00:00:00-04:00,26.02473126371172,26.02473126371172,25.086977005004883,25.086977005004883,8200,0.0,0.0
2015-06-25 00:00:00-04:00,25.642987604105812,25.642987604105812,24.854611902533918,24.912702560424805,5200,0.0,0.0
2015-06-26 00:00:00-04:00,24.89610679319171,25.028885902793917,24.364990354782876,24.862911224365234,18300,0.0,0.0
2015-06-29 00:00:00-04:00,24.730134887046983,24.97909693259901,24.68864200421432,24.763330459594727,5800,0.0,0.0
2015-06-30 00:00:00-04:00,25.66788392244014,25.66788392244014,23.908558512804994,25.211454391479492,17300,0.0,0.0
2015-07-01 00:00:00-04:00,25.311041838097985,25.311041838097985,25.05378251179452,25.169963836669922,3600,0.0,0.0
2015-07-02 00:00:00-04:00,25.23635482788086,25.327641064251942,25.169965269479686,25.23635482788086,2900,0.0,0.0
2015-07-06 00:00:00-04:00,25.05378587327268,25.070382077016003,24.696941375732422,24.696941375732422,4300,0.0,0.0
2015-07-07 00:00:00-04:00,24.049641944181342,24.887811173023053,23.933460603717837,24.696941375732422,5000,0.0,0.0
2015-07-08 00:00:00-04:00,24.771633795911118,25.037192092517028,24.306906776850774,24.398191452026367,2900,0.0,0.0
2015-07-09 00:00:00-04:00,24.597353415281756,25.020587427764973,23.833872730913335,23.999847412109375,7200,0.0,0.0
2015-07-10 00:00:00-04:00,24.174125520627396,24.481178283691406,24.082840847434532,24.481178283691406,1500,0.0,0.0
2015-07-13 00:00:00-04:00,24.215613884636994,24.896107228972614,24.215613884636994,24.813119888305664,4000,0.0,0.0
2015-07-14 00:00:00-04:00,24.89610771293119,25.43552306347432,24.89610771293119,25.28614616394043,5200,0.0,0.0
2015-07-15 00:00:00-04:00,24.954204729114604,24.954204729114604,24.398191452026367,24.398191452026367,900,0.0,0.0
2015-07-16 00:00:00-04:00,24.34839486964517,24.547563552856445,24.34839486964517,24.547563552856445,2300,0.0,0.0
2015-07-17 00:00:00-04:00,24.47288121133002,24.89611536243368,24.47288121133002,24.514375686645508,3700,0.0,0.0
2015-07-20 00:00:00-04:00,24.315203835573413,24.33180162465162,23.418943802429773,23.63471031188965,5900,0.0,0.0
2015-07-21 00:00:00-04:00,23.75918680461527,23.98325217315812,22.40649886583634,22.555875778198242,6800,0.0,0.0
2015-07-22 00:00:00-04:00,22.406492252015216,22.82972618449547,22.406492252015216,22.69694709777832,5900,0.0,0.0
2015-07-23 00:00:00-04:00,22.75504590370231,23.335955803373864,22.61396787565934,22.62226676940918,4800,0.0,0.0
2015-07-24 00:00:00-04:00,22.730150423383012,22.730150423383012,21.709410181004976,21.900279998779297,7300,0.0,0.0
2015-07-27 00:00:00-04:00,21.717708527413638,21.941773916289634,21.510240926495605,21.742605209350586,6500,0.0,0.0
2015-07-28 00:00:00-04:00,21.742601469253582,22.240522359524256,21.70940589904785,21.70940589904785,7800,0.0,0.0
2015-07-29 00:00:00-04:00,21.717705310988514,22.207328903269243,21.717705310988514,21.891977310180664,5700,0.0,0.0
2015-07-30 00:00:00-04:00,21.891975837069452,22.1077422854922,21.825586282389516,21.84218406677246,2600,0.0,0.0
2015-07-31 00:00:00-04:00,21.784095744978337,22.273719356922204,21.784095744978337,21.792394638061523,5500,0.0,0.0
2015-08-03 00:00:00-04:00,22.464582686254424,22.539271119663336,21.58492084959023,21.601518630981445,4400,0.0,0.0
2015-08-04 00:00:00-04:00,21.609823911034198,22.107744837178046,20.92932891845703,20.92932891845703,6500,0.0,0.0
2015-08-05 00:00:00-04:00,21.13679358782923,21.40235338348089,21.05380783346813,21.078702926635742,3000,0.0,0.0
2015-08-06 00:00:00-04:00,21.477044032930166,21.584928065185913,21.070407750020845,21.120201110839844,5300,0.0,0.0
2015-08-07 00:00:00-04:00,21.111901324497826,21.51023869709069,20.929328841587086,20.9625244140625,7700,0.0,0.0
2015-08-10 00:00:00-04:00,20.97911985101496,20.97911985101496,20.34841829027752,20.73845672607422,7500,0.0,0.0
2015-08-11 00:00:00-04:00,20.448003730802373,20.655471306262143,20.282030620145747,20.464601516723633,5100,0.0,0.0
2015-08-12 00:00:00-04:00,20.16584920375268,20.43970636044579,20.16584920375268,20.23223876953125,1800,0.0,0.0
2015-08-13 00:00:00-04:00,20.04966397662004,20.157547989400417,19.9998722076416,19.9998722076416,2200,0.0,0.0
2015-08-14 00:00:00-04:00,19.98327815791682,20.29033088684082,19.98327815791682,20.29033088684082,2400,0.0,0.0
2015-08-17 00:00:00-04:00,20.290331024583086,20.290331024583086,20.20734367164685,20.23223876953125,3700,0.0,0.0
2015-08-18 00:00:00-04:00,20.04966539507742,20.290328530727738,19.925185172398802,20.074562072753906,4500,0.0,0.0
2015-08-19 00:00:00-04:00,20.09130573364209,20.09130573364209,19.379738336232897,19.496938705444336,6300,0.21,0.0
2015-08-20 00:00:00-04:00,19.254172193227653,19.7815683811837,19.254172193227653,19.664369583129883,11200,0.0,0.0
2015-08-21 00:00:00-04:00,18.852338518780332,19.572275745474922,18.852338518780332,19.2374210357666,10500,0.0,0.0
2015-08-24 00:00:00-04:00,18.852339005292038,19.831790054410774,18.84396743774414,18.84396743774414,8600,0.0,0.0
2015-08-25 00:00:00-04:00,19.34625292640558,19.34625292640558,18.124031043472105,18.50911521911621,8400,0.0,0.0
2015-08-26 00:00:00-04:00,18.467257154680816,19.22068076288049,18.467257154680816,19.212310791015625,6300,0.0,0.0
2015-08-27 00:00:00-04:00,19.103482682006856,19.53042311454654,18.835598864738074,19.061626434326172,7300,0.0,0.0
2015-08-28 00:00:00-04:00,18.977910688770258,19.41322265226152,18.793740979622427,18.927682876586914,3700,0.0,0.0
2015-08-31 00:00:00-04:00,18.961167909212413,19.681106816476696,18.802111304807035,19.547164916992188,9300,0.0,0.0
2015-09-01 00:00:00-04:00,19.58064906230589,19.689477850630524,18.525855434945683,18.735139846801758,6700,0.0,0.0
2015-09-02 00:00:00-04:00,19.01976556611028,19.245793099763812,18.718397117952147,18.84396743774414,4800,0.0,0.0
2015-09-03 00:00:00-04:00,18.86908171140054,18.9946520283377,18.559340106023217,18.86071014404297,8800,0.0,0.0
2015-09-04 00:00:00-04:00,18.860713998661094,19.170454070627674,18.860713998661094,19.044883728027344,12400,0.0,0.0
2015-09-08 00:00:00-04:00,19.396477395189276,20.007587432861328,19.396477395189276,20.007587432861328,3200,0.0,0.0
2015-09-09 00:00:00-04:00,19.957363906631244,19.957363906631244,19.773194178119393,19.865278244018555,6600,0.0,0.0
2015-09-10 00:00:00-04:00,19.882018184832738,19.974103832637052,19.85690348178249,19.915504455566406,9800,0.0,0.0
2015-09-11 00:00:00-04:00,19.789937025607134,19.789937025607134,19.505310046667468,19.76482391357422,1100,0.0,0.0
2015-09-14 00:00:00-04:00,19.714589739628114,19.789932250976562,19.60576255474327,19.789932250976562,2800,0.0,0.0
2015-09-15 00:00:00-04:00,19.45507910613095,19.840163261592252,19.45507910613095,19.73970603942871,3000,0.0,0.0
2015-09-16 00:00:00-04:00,19.932249069213867,19.95736377613862,19.882021252077877,19.932249069213867,7500,0.0,0.0
2015-09-17 00:00:00-04:00,19.72296319909331,20.233617692391583,19.714591630727867,20.175018310546875,8400,0.0,0.0
2015-09-18 00:00:00-04:00,19.94899208605221,20.501502861334338,19.94899208605221,20.25873374938965,8700,0.0,0.0
2015-09-21 00:00:00-04:00,20.401048266335955,20.6689320986915,20.29221946149552,20.34244728088379,4300,0.0,0.0
2015-09-22 00:00:00-04:00,20.33407697127207,20.33407697127207,19.898764952551478,20.108049392700195,7600,0.0,0.0
2015-09-23 00:00:00-04:00,20.057818504665192,20.1415325939206,20.057818504665192,20.091304779052734,4300,0.0,0.0
2015-09-24 00:00:00-04:00,19.957368700825388,20.21688101623112,19.92388241666263,20.20850944519043,5500,0.0,0.0
2015-09-25 00:00:00-04:00,20.359186042569387,20.367557610119896,19.312764049454486,19.35462188720703,14700,0.0,0.0
2015-09-28 00:00:00-04:00,18.95280012020154,19.27091339244589,18.86071604388972,19.162084579467773,4800,0.0,0.0
2015-09-29 00:00:00-04:00,19.136966664347813,19.312764799597076,18.760254093508955,18.877452850341797,8300,0.0,0.0
2015-09-30 00:00:00-04:00,18.73514387905572,19.337884136821966,18.73514387905572,19.170455932617188,7400,0.0,0.0
2015-10-01 00:00:00-04:00,19.287656314246007,19.42996821209227,18.760258588700545,19.170455932617188,23600,0.0,0.0
2015-10-02 00:00:00-04:00,19.053252465575536,19.84016227722168,19.053252465575536,19.84016227722168,4500,0.0,0.0
2015-10-05 00:00:00-04:00,20.01596208086067,20.01596208086067,19.756449843512776,19.974105834960938,7400,0.0,0.0
2015-10-06 00:00:00-04:00,19.907133866688657,19.99084635421231,19.095109325317104,19.429964065551758,7700,0.0,0.0
2015-10-07 00:00:00-04:00,19.990844334504928,19.990844334504928,19.65598962810119,19.756446838378906,3400,0.0,0.0
2015-10-08 00:00:00-04:00,19.9238776356624,20.241990872017446,19.639250675434635,20.124792098999023,4800,0.0,0.0
2015-10-09 00:00:00-04:00,20.225248821014862,20.342447600332452,19.88202245583025,20.082935333251953,3600,0.0,0.0
2015-10-12 00:00:00-04:00,20.17501540393636,22.68642807006836,20.17501540393636,22.68642807006836,12400,0.0,0.0
2015-10-13 00:00:00-04:00,22.418550333344076,23.38125846143624,22.418550333344076,23.05477523803711,5800,0.0,0.0
2015-10-14 00:00:00-04:00,23.197087083424965,23.197087083424965,22.92083168029785,22.92083168029785,2600,0.0,0.0
2015-10-15 00:00:00-04:00,23.11337577170658,24.712308883666992,23.11337577170658,24.712308883666992,11300,0.0,0.0
2015-10-16 00:00:00-04:00,24.888102400976504,25.59129816741918,24.503019841441095,25.365270614624023,7400,0.0,0.0
2015-10-19 00:00:00-04:00,25.390386709233013,25.658270521262732,25.289929481365135,25.323415756225586,7100,0.0,0.0
2015-10-20 00:00:00-04:00,25.264811648720414,25.264811648720414,24.97181318532091,25.097383499145508,4300,0.0,0.0
2015-10-21 00:00:00-04:00,25.13087567479517,25.13087567479517,24.879733391401448,24.904848098754883,5500,0.0,0.0
2015-10-22 00:00:00-04:00,25.19784761427741,25.390388921359666,24.636965235206,25.373645782470703,13900,0.0,0.0
2015-10-23 00:00:00-04:00,25.457352903032334,25.457352903032334,24.59510064713396,25.097383499145508,17200,0.0,0.0
2015-10-26 00:00:00-04:00,24.871362121526143,25.306674140608596,24.78764962276792,25.214590072631836,3400,0.0,0.0
2015-10-27 00:00:00-04:00,25.0639035930013,25.147617683706457,24.804389752143962,25.072275161743164,11300,0.0,0.0
2015-10-28 00:00:00-04:00,25.130875580044293,25.73361418383234,25.130875580044293,25.725242614746094,8800,0.0,0.0
2015-10-29 00:00:00-04:00,25.783836617174092,26.461919201133774,25.44898190721986,26.16054916381836,9300,0.0,0.0
2015-10-30 00:00:00-04:00,26.1103293462023,26.42844101882194,25.984758991134385,26.269384384155273,3300,0.0,0.0
2015-11-02 00:00:00-05:00,26.269379409750055,26.269379409750055,25.440613307181636,25.8675537109375,10900,0.0,0.0
2015-11-03 00:00:00-05:00,25.792216055241212,26.420069426768013,25.18947739339241,25.641530990600586,16200,0.0,0.0
2015-11-04 00:00:00-05:00,25.951269792487228,25.951269792487228,24.645335372590235,25.047161102294922,10100,0.0,0.0
2015-11-05 00:00:00-05:00,24.955072716059576,25.474098757799837,24.94670114801548,25.390384674072266,13500,0.0,0.0
2015-11-06 00:00:00-05:00,25.26481619601809,25.69175661723528,24.94670297391267,25.20621681213379,10900,0.0,0.0
2015-11-09 00:00:00-05:00,25.055532050989047,25.1894739575748,24.477906580892057,24.687191009521484,7700,0.0,0.0
2015-11-10 00:00:00-05:00,24.603478653428905,24.9048487628521,24.352337960051965,24.56999397277832,4700,0.0,0.0
2015-11-11 00:00:00-05:00,24.42767885147971,24.871360819846373,24.352336329169617,24.745790481567383,9600,0.0,0.0
2015-11-12 00:00:00-05:00,24.854621135940526,25.047162442134383,24.117938995361328,24.117938995361328,7700,0.0,0.0
2015-11-13 00:00:00-05:00,23.925395709980435,24.57836369919904,23.791453803994077,24.059337615966797,7500,0.0,0.0
2015-11-16 00:00:00-05:00,24.184909412741884,25.256446322010948,24.184909412741884,25.214590072631836,13800,0.0,0.0
2015-11-17 00:00:00-05:00,25.281562386722346,25.281562386722346,24.988563835200377,25.03879165649414,3600,0.0,0.0
2015-11-18 00:00:00-05:00,24.988204395413675,25.333857573557808,24.583537495342977,25.207399368286133,5100,0.21,0.0
2015-11-19 00:00:00-05:00,25.241123403506073,25.333858566739096,24.735288954585453,25.283275604248047,7000,0.0,0.0
2015-11-20 00:00:00-05:00,25.41816520690918,26.193777619031273,25.131525732342094,25.41816520690918,16800,0.0,0.0
2015-11-23 00:00:00-05:00,25.536191413386852,25.536191413386852,25.089370727539062,25.089370727539062,2200,0.0,0.0
2015-11-24 00:00:00-05:00,25.08937624528534,25.983016205510207,24.76901368822122,25.957725524902344,6600,0.0,0.0
2015-11-25 00:00:00-05:00,25.92399437227481,26.38767492922808,25.831257617682915,26.117897033691406,5700,0.0,0.0
2015-11-27 00:00:00-05:00,26.033596171655592,26.539430629509717,26.033596171655592,26.33709716796875,1400,0.0,0.0
2015-11-30 00:00:00-05:00,26.556290795771893,26.63216604097151,26.269651337907423,26.320234298706055,6600,0.0,0.0
2015-12-01 00:00:00-05:00,26.3370984749755,26.362390761924562,25.839694754335152,25.999876022338867,9400,0.0,0.0
2015-12-02 00:00:00-05:00,25.923996026826906,25.991440505015596,25.671079635620117,25.671079635620117,9500,0.0,0.0
2015-12-03 00:00:00-05:00,25.612063219371937,25.654217021446517,25.443452835083008,25.443452835083008,6000,0.0,0.0
2015-12-04 00:00:00-05:00,25.57834619601188,25.96615159394582,25.131525464997925,25.224262237548828,9700,0.0,0.0
2015-12-07 00:00:00-05:00,26.067311693231975,28.343563684383053,25.61206033019999,27.56795310974121,21500,0.0,0.0
2015-12-08 00:00:00-05:00,27.399353983363216,28.495327499496266,27.399353983363216,28.18339729309082,14700,0.0,0.0
2015-12-09 00:00:00-05:00,28.495326883948756,28.87470318949394,27.9894939538934,28.756675720214844,24000,0.0,0.0
2015-12-10 00:00:00-05:00,28.75666813118559,29.717752374260204,28.638640693054533,29.566001892089844,16300,0.0,0.0
2015-12-11 00:00:00-05:00,29.152897788157272,29.835771552875645,29.152897788157272,29.582855224609375,17800,0.0,0.0
2015-12-14 00:00:00-05:00,29.844208199556377,31.60619681544215,29.59128861901294,31.100360870361328,35900,0.0,0.0
2015-12-15 00:00:00-05:00,31.04977932006832,31.690500987025473,30.77156906972761,30.796859741210938,43300,0.0,0.0
2015-12-16 00:00:00-05:00,30.796868615679234,31.18467724754255,30.771577936908113,31.066646575927734,8500,0.0,0.0
2015-12-17 00:00:00-05:00,30.889602176022365,31.37857668806085,30.763145579327556,31.05821418762207,7000,0.0,0.0
2015-12-18 00:00:00-05:00,30.940192229584525,31.42073445743306,30.77158018809217,31.00763511657715,41200,0.0,0.0
2015-12-21 00:00:00-05:00,31.142519220968982,31.277408189800212,30.990768729033014,31.193103790283203,9100,0.0,0.0
2015-12-22 00:00:00-05:00,31.294267529677583,31.42072733613739,30.855877607558455,31.403865814208984,23000,0.0,0.0
2015-12-23 00:00:00-05:00,31.30269156255713,32.81176038920124,31.30269156255713,32.145748138427734,18200,0.0,0.0
2015-12-24 00:00:00-05:00,32.246929367840906,32.68531938176901,32.120469534897495,32.28908157348633,6300,0.0,0.0
2015-12-28 00:00:00-05:00,32.12889336584245,32.668449173108264,31.85068309371748,31.960281372070312,9600,0.0,0.0
2015-12-29 00:00:00-05:00,31.97715135147549,32.52513967218435,31.30270641399261,31.580913543701172,19900,0.0,0.0
2015-12-30 00:00:00-05:00,31.50503497466917,32.57571760735054,31.319564646366928,31.41229820251465,14800,0.0,0.0
2015-12-31 00:00:00-05:00,31.58933760741642,32.20476865203089,31.049781799316406,31.049781799316406,12200,0.0,0.0
2016-01-04 00:00:00-05:00,31.15094954103092,31.547184051899688,29.625015568516986,29.827350616455078,25300,0.0,0.0
2016-01-05 00:00:00-05:00,29.962239617027517,30.63668441772461,29.641877130693967,30.63668441772461,19400,0.0,0.0
2016-01-06 00:00:00-05:00,30.40062533231025,31.007623960891326,30.164567272745234,30.55237579345703,20200,0.0,0.0
2016-01-07 00:00:00-05:00,30.18142997215235,31.016057541083335,29.633445033041532,30.661972045898438,45900,0.0,0.0
2016-01-08 00:00:00-05:00,30.70413481154812,31.294275362730414,30.510232084846717,30.88960838317871,31500,0.0,0.0
2016-01-11 00:00:00-05:00,30.9486083984375,31.167804925204987,30.49335704223351,30.9486083984375,28600,0.0,0.0
2016-01-12 00:00:00-05:00,31.14252250613175,31.884413520967456,30.805301656484275,31.353286743164062,26600,0.0,0.0
2016-01-13 00:00:00-05:00,31.353281308486473,31.40386587436859,29.894793426953353,30.08026695251465,16300,0.0,0.0
2016-01-14 00:00:00-05:00,30.341620134124188,30.46807674322139,29.119186950142925,30.06340980529785,23400,0.0,0.0
2016-01-15 00:00:00-05:00,29.380534259026916,29.78520443665426,28.352006937578214,29.051742553710938,18200,0.0,0.0
2016-01-19 00:00:00-05:00,29.43112234047821,30.468082156133242,28.55434221120635,29.119192123413086,30500,0.0,0.0
2016-01-20 00:00:00-05:00,28.790391194612713,30.038114880848628,27.829303734884405,29.97066879272461,26100,0.0,0.0
2016-01-21 00:00:00-05:00,29.726183772394876,31.049786014849865,29.422686001138384,30.720991134643555,34100,0.0,0.0
2016-01-22 00:00:00-05:00,30.982338256688585,31.656783072136275,30.088696866216292,31.184673309326172,21000,0.0,0.0
2016-01-25 00:00:00-05:00,31.412299188797956,31.412299188797956,30.333187368405497,30.527090072631836,11100,0.0,0.0
2016-01-26 00:00:00-05:00,30.830588382152303,31.429157966723,30.61139501879072,31.31113052368164,15200,0.0,0.0
2016-01-27 00:00:00-05:00,31.31956092768607,31.31956092768607,30.282598249450253,30.501794815063477,11100,0.0,0.0
2016-01-28 00:00:00-05:00,30.586101602760905,31.53875674728985,30.47650652737764,31.142518997192383,13700,0.0,0.0
2016-01-29 00:00:00-05:00,31.32799597731675,32.14576224386576,30.973913603763794,31.614635467529297,29800,0.0,0.0
2016-02-01 00:00:00-05:00,31.40386976744425,31.95185804307757,30.85588149181093,31.29427146911621,16500,0.0,0.0
2016-02-02 00:00:00-05:00,31.075076628930166,31.471314385500865,30.973910705382632,30.98233985900879,12700,0.0,0.0
2016-02-03 00:00:00-05:00,31.1593837917289,31.20153599561025,30.729426166527908,31.167816162109375,11400,0.0,0.0
2016-02-04 00:00:00-05:00,31.16782144809016,31.63150220143807,30.552390162227283,30.9233341217041,16700,0.0,0.0
2016-02-05 00:00:00-05:00,30.965474269513724,31.446016363270456,30.299458660269725,30.5355167388916,16700,0.0,0.0
2016-02-08 00:00:00-05:00,30.6282521681617,31.39543365439279,29.549137380139804,31.176237106323242,17000,0.0,0.0
2016-02-09 00:00:00-05:00,30.999203633771103,31.673648533084812,30.91489601135254,30.91489601135254,5100,0.0,0.0
2016-02-10 00:00:00-05:00,30.265747814837052,30.830594465416826,30.20673408167222,30.28260612487793,10500,0.0,0.0
2016-02-11 00:00:00-05:00,30.18143471740008,31.446019997872206,29.810490859557326,31.150951385498047,10200,0.0,0.0
2016-02-12 00:00:00-05:00,31.24368779636274,31.24368779636274,30.33318486116071,30.8052978515625,7600,0.0,0.0
2016-02-16 00:00:00-05:00,30.990768729033014,31.218394466936967,30.442783700159087,31.193103790283203,9100,0.0,0.0
2016-02-17 00:00:00-05:00,31.05745372861717,31.371164467671758,31.05745372861717,31.260940551757812,13700,0.21,0.0
2016-02-18 00:00:00-05:00,31.362682904374026,31.371160173192436,30.70982323697036,31.24397850036621,11300,0.0,0.0
2016-02-19 00:00:00-05:00,31.26941637767901,31.26941637767901,29.980654831270954,30.201099395751953,25200,0.0,0.0
2016-02-22 00:00:00-05:00,30.243493271305383,30.650473339733413,29.980655885302554,30.124792098999023,22200,0.0,0.0
2016-02-23 00:00:00-05:00,30.090876290366968,30.50633034514035,29.95521736145019,29.955217361450195,11500,0.0,0.0
2016-02-24 00:00:00-05:00,29.86195265281127,30.396107891338342,29.72629371748253,30.302845001220703,13900,0.0,0.0
2016-02-25 00:00:00-05:00,30.77764866049015,30.913307591423525,29.87890945594306,30.608074188232422,14800,0.0,0.0
2016-02-26 00:00:00-05:00,30.65895349491314,30.845485774305388,30.2350188485596,30.80309295654297,22500,0.0,0.0
2016-02-29 00:00:00-05:00,30.803090363285826,31.277895057235437,30.531769236846106,31.235502243041992,17100,0.0,0.0
2016-03-01 00:00:00-05:00,31.328766202904536,31.328766202904536,30.77764995350472,31.06592559814453,19700,0.0,0.0
2016-03-02 00:00:00-05:00,31.09135629882105,31.54920635894373,30.62502897137627,31.45594024658203,23600,0.0,0.0
2016-03-03 00:00:00-05:00,30.921777975600985,32.58360014433839,30.879381945636506,32.05792236328125,43700,0.0,0.0
2016-03-04 00:00:00-05:00,32.06641935674538,32.21903610229492,31.650965176144382,32.21903610229492,17700,0.0,0.0
2016-03-07 00:00:00-05:00,32.17664328061227,32.27838669952364,31.89684483564978,32.21903610229492,12200,0.0,0.0
2016-03-08 00:00:00-05:00,32.185120425021296,32.36317221600939,31.735750695089934,32.0070686340332,31200,0.0,0.0
2016-03-09 00:00:00-05:00,31.981623670324574,32.20206821446809,31.820526470408197,31.947708129882812,11100,0.0,0.0
2016-03-10 00:00:00-05:00,31.71031248517529,32.159682170271054,28.649503855349135,28.86147117614746,31600,0.0,0.0
2016-03-11 00:00:00-05:00,29.692379221682536,30.743735198948343,29.336272482414643,30.523290634155273,23000,0.0,0.0
2016-03-14 00:00:00-04:00,30.43849772415309,30.43849772415309,29.336265460909377,29.446489334106445,24100,0.0,0.0
2016-03-15 00:00:00-04:00,29.33626506413552,29.64997891173315,28.852980010052455,29.38713836669922,15300,0.0,0.0
2016-03-16 00:00:00-04:00,29.548235264886937,29.624543609190525,27.988156074740974,28.24251937866211,24800,0.0,0.0
2016-03-17 00:00:00-04:00,28.149250632511478,29.259956920385935,28.064461794346297,28.827545166015625,48600,0.0,0.0
2016-03-18 00:00:00-04:00,28.82754670288215,29.828032406025386,28.33578111839726,29.471925735473633,52800,0.0,0.0
2016-03-21 00:00:00-04:00,29.675413343160315,30.81155786910156,29.259956133236184,30.70133399963379,31000,0.0,0.0
2016-03-22 00:00:00-04:00,30.387632073819017,31.17615068380514,28.21708577055898,28.615585327148438,33400,0.0,0.0
2016-03-23 00:00:00-04:00,28.573191361258473,29.081911563911365,27.988159570407063,28.437532424926758,20400,0.0,0.0
2016-03-24 00:00:00-04:00,27.988155013318043,27.988155013318043,27.377691516404333,27.521827697753906,10700,0.0,0.0
2016-03-28 00:00:00-04:00,28.013598936687636,28.479926346359637,27.682930468635934,28.293394088745117,27000,0.0,0.0
2016-03-29 00:00:00-04:00,28.301870668283176,28.81907132224704,27.699881166083685,28.768198013305664,24000,0.0,0.0
2016-03-30 00:00:00-04:00,28.895379477039903,29.05647343607455,28.318828250312784,28.920814514160156,13600,0.0,0.0
2016-03-31 00:00:00-04:00,28.9716824952495,28.99712076489571,28.41208907848676,28.641014099121094,19700,0.0,0.0
2016-04-01 00:00:00-04:00,27.547272430815838,28.607108957735488,27.33530512543191,28.32731056213379,12400,0.0,0.0
2016-04-04 00:00:00-04:00,28.310346885129075,28.674930833100387,27.877935095450674,28.479921340942383,15500,0.0,0.0
2016-04-05 00:00:00-04:00,28.496883264971093,28.886902306154138,28.17469207538483,28.607107162475586,14100,0.0,0.0
2016-04-06 00:00:00-04:00,28.615585413762467,28.869945526123047,28.081426913750228,28.869945526123047,15600,0.0,0.0
2016-04-07 00:00:00-04:00,28.742757728757415,28.95472495910411,28.39513160036336,28.7851505279541,13000,0.0,0.0
2016-04-08 00:00:00-04:00,28.86994741681974,29.022564141103842,28.412097243967438,28.54775619506836,8400,0.0,0.0
2016-04-11 00:00:00-04:00,28.547752044149977,29.505845066321022,28.0644668989761,28.149255752563477,15800,0.0,0.0
2016-04-12 00:00:00-04:00,28.115340316983733,28.81059274719763,28.115340316983733,28.403615951538086,9500,0.0,0.0
2016-04-13 00:00:00-04:00,28.598628214963032,29.243010629182056,28.055992435219245,29.166702270507812,19900,0.0,0.0
2016-04-14 00:00:00-04:00,28.86994284307236,29.090390625164538,28.446008283748643,28.75124168395996,11400,0.0,0.0
2016-04-15 00:00:00-04:00,28.725805206369774,29.08190866586787,28.403614051802084,28.768198013305664,5800,0.0,0.0
2016-04-18 00:00:00-04:00,28.657979307637348,29.15822228237172,28.573193678440784,29.115829467773438,18800,0.0,0.0
2016-04-19 00:00:00-04:00,29.124295760033952,29.251477390258625,28.82754293532734,29.132776260375977,13100,0.0,0.0
2016-04-20 00:00:00-04:00,29.522805330907264,29.522805330907264,28.73428671493869,28.759721755981445,8000,0.0,0.0
2016-04-21 00:00:00-04:00,28.920822377271897,28.920822377271897,28.191654260846388,28.446014404296875,12100,0.0,0.0
2016-04-22 00:00:00-04:00,28.250995783703594,28.4375280050547,27.979677953209446,28.166210174560547,6200,0.0,0.0
2016-04-25 00:00:00-04:00,28.09838421524402,28.36970209513331,27.97968304708799,28.25948143005371,7100,0.0,0.0
2016-04-26 00:00:00-04:00,28.479920081210995,28.776672939985442,27.979677237588653,28.344261169433594,11600,0.0,0.0
2016-04-27 00:00:00-04:00,28.327306357979218,28.954730911917714,28.157731891966332,28.267955780029297,8300,0.0,0.0
2016-04-28 00:00:00-04:00,28.174692837489502,28.68341629286486,28.157735065540564,28.335786819458008,14200,0.0,0.0
2016-04-29 00:00:00-04:00,28.301867970056783,28.420569111906158,28.00511188106981,28.284910202026367,9300,0.0,0.0
2016-05-02 00:00:00-04:00,28.284912387878524,28.522314689923675,28.106860661344662,28.454486846923828,6300,0.0,0.0
2016-05-03 00:00:00-04:00,28.2340346916942,28.74275798976383,28.2340346916942,28.522310256958008,6500,0.0,0.0
2016-05-04 00:00:00-04:00,28.5138392881498,29.293877322688253,28.234040927262743,28.79363441467285,14100,0.0,0.0
2016-05-05 00:00:00-04:00,28.912338334743524,28.912338334743524,28.310351980896314,28.573192596435547,6100,0.0,0.0
2016-05-06 00:00:00-04:00,28.632538611721202,28.81907084035669,27.979679045860795,28.386655807495117,9800,0.0,0.0
2016-05-09 00:00:00-04:00,28.963208179754595,28.963208179754595,28.07294627614185,28.267955780029297,9100,0.0,0.0
2016-05-10 00:00:00-04:00,28.41208950831577,28.81906948517616,28.267953327048932,28.72580337524414,8700,0.0,0.0
2016-05-11 00:00:00-04:00,28.539270652965882,28.93777012134607,28.166209454168925,28.344261169433594,9100,0.0,0.0
2016-05-12 00:00:00-04:00,28.361222215077223,28.47992337230391,27.979680470874328,28.005115509033203,3700,0.0,0.0
2016-05-13 00:00:00-04:00,28.174693649404144,28.318833097941685,27.606622827383738,27.79315185546875,7900,0.0,0.0
2016-05-16 00:00:00-04:00,27.937284937725508,27.979677741976985,27.64052883923787,27.954242706298828,5400,0.0,0.0
2016-05-17 00:00:00-04:00,27.41160903285443,27.699881416368736,26.18219659724012,26.21611213684082,10000,0.0,0.0
2016-05-18 00:00:00-04:00,26.190505436670154,26.455141767092847,25.95147807575375,26.053918838500977,5800,0.21,0.0
2016-05-19 00:00:00-04:00,25.96855223324239,26.028308667390803,25.516108101740436,25.652694702148438,6300,0.0,0.0
2016-05-20 00:00:00-04:00,25.789277770102792,26.14781795412339,25.64415595175779,25.98562240600586,11700,0.0,0.0
2016-05-23 00:00:00-04:00,26.011230653246937,26.199038419071098,25.866107210673924,26.09659767150879,10500,0.0,0.0
2016-05-24 00:00:00-04:00,26.19050454615191,26.779535248378945,26.18196768052652,26.489288330078125,10500,0.0,0.0
2016-05-25 00:00:00-04:00,26.139281986768136,27.061242201585276,26.105134528177658,27.04416847229004,18100,0.0,0.0
2016-05-26 00:00:00-04:00,27.09538803193531,27.12953549052579,26.890508165113772,27.04416847229004,12400,0.0,0.0
2016-05-27 00:00:00-04:00,27.18929775667221,27.641741910764885,27.155150290744857,27.581985473632812,12900,0.0,0.0
2016-05-31 00:00:00-04:00,27.684424389635765,27.829546233923626,27.44539864305267,27.752716064453125,8200,0.0,0.0
2016-06-01 00:00:00-04:00,27.889297241116576,28.051496043134073,27.846614545604947,27.966127395629883,18600,0.0,0.0
2016-06-02 00:00:00-04:00,27.863685071688018,28.128322963804862,27.436851652681813,27.684415817260742,24700,0.0,0.0
2016-06-03 00:00:00-04:00,27.633196253690784,27.803930282592773,27.556366103508925,27.803930282592773,14000,0.0,0.0
2016-06-06 00:00:00-04:00,27.829546413485904,28.93931625888289,27.829546413485904,28.828338623046875,8500,0.0,0.0
2016-06-07 00:00:00-04:00,28.59783957630829,28.77710883388801,27.8039291424774,28.145397186279297,23600,0.0,0.0
2016-06-08 00:00:00-04:00,28.281988798958775,28.802726193257396,28.196620144535366,28.666139602661133,17800,0.0,0.0
2016-06-09 00:00:00-04:00,28.734437468904225,28.99907546998817,28.666145787113397,28.845415115356445,10300,0.0,0.0
2016-06-10 00:00:00-04:00,28.811263165150123,29.127119064331055,28.623455370592136,29.127119064331055,8400,0.0,0.0
2016-06-13 00:00:00-04:00,29.058826699787957,29.186874801355543,28.930775341739064,28.981996536254883,8500,0.0,0.0
2016-06-14 00:00:00-04:00,29.127112157932043,29.6990706437032,29.03320828291882,29.511262893676758,14800,0.0,0.0
2016-06-15 00:00:00-04:00,29.58809903085031,29.682002924874098,29.38321751148192,29.434438705444336,8900,0.0,0.0
2016-06-16 00:00:00-04:00,29.366146586894896,29.80151533122322,29.366146586894896,29.5454158782959,6200,0.0,0.0
2016-06-17 00:00:00-04:00,29.62224217490983,30.049075626258727,28.981991997886478,29.212482452392578,19600,0.0,0.0
2016-06-20 00:00:00-04:00,29.52834017317041,29.8356607987303,29.212484310892084,29.25516700744629,15400,0.0,0.0
2016-06-21 00:00:00-04:00,29.28077426049941,29.562485902936515,29.18687037968704,29.221017837524414,8100,0.0,0.0
2016-06-22 00:00:00-04:00,29.24662900892474,29.4429752780609,29.050285996269643,29.10150718688965,9000,0.0,0.0
2016-06-23 00:00:00-04:00,29.29784784007004,29.36614275539665,29.08443111439559,29.212482452392578,9900,0.0,0.0
2016-06-24 00:00:00-04:00,28.62345251054611,29.331997659958084,28.62345251054611,29.10150718688965,35500,0.0,0.0
2016-06-27 00:00:00-04:00,28.956379624762782,29.707607407017516,28.777110357690415,29.579559326171875,13600,0.0,0.0
2016-06-28 00:00:00-04:00,29.596628126601892,29.596628126601892,29.32345499511838,29.502727508544922,9000,0.0,0.0
2016-06-29 00:00:00-04:00,29.707606555028242,29.827119396315624,29.178334005120963,29.323455810546875,13200,0.0,0.0
2016-06-30 00:00:00-04:00,29.41736301839134,29.622244524138747,29.161263578567876,29.47711944580078,17600,0.0,0.0
2016-07-01 00:00:00-04:00,29.630778214675033,29.792977014734173,29.519803858980858,29.647851943969727,13100,0.0,0.0
2016-07-05 00:00:00-04:00,29.68199940255911,29.801512251141077,29.545412824682455,29.647851943969727,7800,0.0,0.0
2016-07-06 00:00:00-04:00,29.52833294363834,29.91248363153515,29.41735535458366,29.80150604248047,12400,0.0,0.0
2016-07-07 00:00:00-04:00,29.801509664125867,30.04053534054041,29.656387862440067,29.835657119750977,12300,0.0,0.0
2016-07-08 00:00:00-04:00,30.066147214135007,30.714932581134963,30.040534994470928,30.655176162719727,10100,0.0,0.0
2016-07-11 00:00:00-04:00,30.59542333208912,31.15030814699147,30.347859137349243,31.064939498901367,10900,0.0,0.0
2016-07-12 00:00:00-04:00,31.15030967882419,31.98690293236142,31.030793565620776,31.799095153808594,11100,0.0,0.0
2016-07-13 00:00:00-04:00,31.87592453758209,31.87592453758209,30.962501147435457,31.363725662231445,11100,0.0,0.0
2016-07-14 00:00:00-04:00,31.414947711751246,31.97836785104664,30.714940970701853,31.380800247192383,8400,0.0,0.0
2016-07-15 00:00:00-04:00,31.585673559705864,31.71372489024286,30.97957087565604,31.4405517578125,9500,0.0,0.0
2016-07-18 00:00:00-04:00,31.303960954804293,31.935675839067144,31.158839157455553,31.551525115966797,9100,0.0,0.0
2016-07-19 00:00:00-04:00,31.76494506184294,32.08933940070652,31.500310402871797,32.02958297729492,7700,0.0,0.0
2016-07-20 00:00:00-04:00,32.029577923734465,32.14055551676656,31.645427222069785,32.0807991027832,5400,0.0,0.0
2016-07-21 00:00:00-04:00,32.02958298802264,32.02958298802264,31.46616295532394,31.65397071838379,3600,0.0,0.0
2016-07-22 00:00:00-04:00,31.824708345098916,31.824708345098916,31.636903798101375,31.730804443359375,2900,0.0,0.0
2016-07-25 00:00:00-04:00,31.884457732285135,31.884457732285135,30.817374096579734,31.8247013092041,10200,0.0,0.0
2016-07-26 00:00:00-04:00,31.89299434803938,31.89299434803938,30.67225048011693,31.167375564575195,5400,0.0,0.0
2016-07-27 00:00:00-04:00,31.08201400125187,31.36372566223145,30.90274472052725,31.363725662231445,8700,0.0,0.0
2016-07-28 00:00:00-04:00,31.175920181824743,31.56860623224847,31.175920181824743,31.295433044433594,3900,0.0,0.0
2016-07-29 00:00:00-04:00,31.46616027098018,32.157628327837884,31.46616027098018,31.969823837280273,10200,0.0,0.0
2016-08-01 00:00:00-04:00,32.029580255614135,32.14909309228186,31.93567638209505,31.969823837280273,2100,0.0,0.0
2016-08-02 00:00:00-04:00,31.995442415854306,31.995442415854306,31.585682599930294,31.730804443359375,3800,0.0,0.0
2016-08-03 00:00:00-04:00,31.688121739790912,31.875929543269997,31.46616972734598,31.730804443359375,7600,0.0,0.0
2016-08-04 00:00:00-04:00,31.56859814005119,31.867383476464873,31.064934593534833,31.124691009521484,9000,0.0,0.0
2016-08-05 00:00:00-04:00,31.38079613579291,31.585677639821785,31.15030892142184,31.363725662231445,9000,0.0,0.0
2016-08-08 00:00:00-04:00,31.389336737929746,31.773487548492202,31.150311014238106,31.329580307006836,7000,0.0,0.0
2016-08-09 00:00:00-04:00,31.372261173760833,32.097876796275806,31.29543101613728,31.952754974365234,7300,0.0,0.0
2016-08-10 00:00:00-04:00,31.952751353609315,31.952751353609315,31.66250448619671,31.918603897094727,2000,0.0,0.0
2016-08-11 00:00:00-04:00,31.918608175928732,32.36251540068406,31.4576272206273,32.33690643310547,3300,0.0,0.0
2016-08-12 00:00:00-04:00,32.080811505657806,32.43935012817383,32.080811505657806,32.43935012817383,3600,0.0,0.0
2016-08-15 00:00:00-04:00,32.268615626470314,32.43934969722571,31.59421783805137,31.730804443359375,9300,0.0,0.0
2016-08-16 00:00:00-04:00,31.713727605071753,31.713727605071753,31.235672954154825,31.303964614868164,6200,0.0,0.0
2016-08-17 00:00:00-04:00,31.321137454958166,31.518665478973478,30.71137332954059,31.475725173950195,3700,0.22,0.0
2016-08-18 00:00:00-04:00,31.61314278696188,31.870787947607166,31.501495349432403,31.810670852661133,5800,0.0,0.0
2016-08-19 00:00:00-04:00,31.70760934984281,32.15419581230852,31.510081289237263,31.664669036865234,6500,0.0,0.0
2016-08-22 00:00:00-04:00,31.67325338360413,31.793487548828125,31.647486579530923,31.793487548828125,2100,0.0,0.0
2016-08-23 00:00:00-04:00,31.656079794630845,32.04254913330078,31.638903015563777,32.04254913330078,3000,0.0,0.0
2016-08-24 00:00:00-04:00,32.05972426744668,32.128428104054265,31.415609828090233,31.518667221069336,3600,0.0,0.0
2016-08-25 00:00:00-04:00,31.510081909557446,32.65231325883547,31.510081909557446,32.471961975097656,4500,0.0,0.0
2016-08-26 00:00:00-04:00,32.51489732679965,32.875599839228215,32.05972417269634,32.17995834350586,7100,0.0,0.0
2016-08-29 00:00:00-04:00,32.38607471370149,33.48536563518802,32.24866375803263,32.93571853637695,2600,0.0,0.0
2016-08-30 00:00:00-04:00,33.150432389157096,33.49396150997037,31.965263802237963,32.068321228027344,7900,0.0,0.0
2016-08-31 00:00:00-04:00,32.19714302501012,32.57502240833099,32.19714302501012,32.45478820800781,6100,0.0,0.0
2016-09-01 00:00:00-04:00,32.3173710287955,32.781130958815446,32.09407617717884,32.40325164794922,9200,0.0,0.0
2016-09-02 00:00:00-04:00,32.66090098001526,32.66090098001526,32.07690352151897,32.31737518310547,5600,0.0,0.0
2016-09-06 00:00:00-04:00,32.41184100942083,32.61795580160795,32.162782632403804,32.21430969238281,9800,0.0,0.0
2016-09-07 00:00:00-04:00,32.2057208476251,32.2057208476251,31.415608735375,31.71619415283203,23200,0.0,0.0
2016-09-08 00:00:00-04:00,31.716194152832028,31.802074764638228,31.209490680450646,31.71619415283203,10300,0.0,0.0
2016-09-09 00:00:00-04:00,31.716204230442724,31.716204230442724,31.166560277512573,31.329734802246094,15900,0.0,0.0
2016-09-12 00:00:00-04:00,31.115019066099652,31.673252853741253,30.88313749013169,31.381254196166992,3200,0.0,0.0
2016-09-13 00:00:00-04:00,31.29537534887189,31.707608236020306,31.286788597032363,31.372669219970703,5200,0.0,0.0
2016-09-14 00:00:00-04:00,31.441372593970215,31.75913479235353,30.977609422620265,31.630313873291016,3800,0.0,0.0
2016-09-15 00:00:00-04:00,31.630329260631083,32.05973908534036,31.226682977040532,31.638916015625,10900,0.0,0.0
2016-09-16 00:00:00-04:00,31.638909491670116,31.991025344279823,31.09785230678427,31.492908477783203,15500,0.0,0.0
2016-09-19 00:00:00-04:00,31.68184869587427,32.1026716640163,30.926086669484594,31.51008415222168,15100,0.0,0.0
2016-09-20 00:00:00-04:00,31.750554092354992,32.033962789211046,31.52725921494259,31.595966339111328,4400,0.0,0.0
2016-09-21 00:00:00-04:00,31.449961721961667,32.04254913330078,31.449961721961667,32.04254913330078,4900,0.0,0.0
2016-09-22 00:00:00-04:00,32.21432605525708,33.098912589126364,32.21432605525708,33.038795471191406,5300,0.0,0.0
2016-09-23 00:00:00-04:00,32.918552914629736,33.58843107437529,32.454789599666015,33.468196868896484,7800,0.0,0.0
2016-09-26 00:00:00-04:00,33.39948973654495,33.57984104476315,32.96149323428125,33.468196868896484,7200,0.0,0.0
2016-09-27 00:00:00-04:00,33.40807878740088,33.940545942980066,33.13325681831896,33.365135192871094,9200,0.0,0.0
2016-09-28 00:00:00-04:00,33.605606151666784,33.605606151666784,32.798313768195726,32.98725509643555,6900,0.0,0.0
2016-09-29 00:00:00-04:00,32.87560384938816,33.236309681951,32.05113805515289,32.368900299072266,3700,0.0,0.0
2016-09-30 00:00:00-04:00,32.1456145702463,32.45479011849802,31.956673229395484,32.325965881347656,7400,0.0,0.0
2016-10-03 00:00:00-04:00,32.24866661899589,32.24866661899589,31.776316621737777,31.802080154418945,5600,0.0,0.0
2016-10-04 00:00:00-04:00,31.802079409340898,32.1284316789119,30.76290878449218,30.934673309326172,15600,0.0,0.0
2016-10-05 00:00:00-04:00,31.029151128296437,31.2438560148933,29.801038914871473,30.38503646850586,9500,0.0,0.0
2016-10-06 00:00:00-04:00,30.41938532674127,30.41938532674127,29.32009740754177,29.423154830932617,8500,0.0,0.0
2016-10-07 00:00:00-04:00,29.5090388003285,30.058682760917737,29.2428035736084,29.2428035736084,7500,0.0,0.0
2016-10-10 00:00:00-04:00,29.285741087032484,29.423152064010438,29.02809591471583,29.036685943603516,9500,0.0,0.0
2016-10-11 00:00:00-04:00,28.89068083157016,29.526208557352142,28.89068083157016,29.251386642456055,4300,0.0,0.0
2016-10-12 00:00:00-04:00,29.345854021725334,30.196086573506776,29.345854021725334,29.74091339111328,4500,0.0,0.0
2016-10-13 00:00:00-04:00,29.92126188365433,29.92126188365433,29.38020485542531,29.41455841064453,3500,0.0,0.0
2016-10-14 00:00:00-04:00,29.5691529040331,30.462325887448365,29.5691529040331,30.0672664642334,6000,0.0,0.0
2016-10-17 00:00:00-04:00,30.07585368712615,30.31632205402018,29.680797576904297,29.680797576904297,3900,0.0,0.0
2016-10-18 00:00:00-04:00,29.766683398979435,29.989975024929134,29.517624960551277,29.80962371826172,4100,0.0,0.0
2016-10-19 00:00:00-04:00,29.706566214960095,29.955624652702472,29.234216151882855,29.363037109375,12000,0.0,0.0
2016-10-20 00:00:00-04:00,29.423151971652096,29.423151971652096,27.954571545534513,28.28092384338379,10100,0.0,0.0
2016-10-21 00:00:00-04:00,28.332456538665053,28.77045303895208,28.152101955124394,28.512807846069336,17100,0.0,0.0
2016-10-24 00:00:00-04:00,28.51280528037028,28.856331081256624,28.51280528037028,28.633039474487305,3500,0.0,0.0
2016-10-25 00:00:00-04:00,28.650209592716447,28.91644145316148,28.341034150529023,28.607269287109375,21800,0.0,0.0
2016-10-26 00:00:00-04:00,28.66739432450778,28.6845711067437,28.5557468780424,28.57292366027832,4900,0.0,0.0
2016-10-27 00:00:00-04:00,28.68456314765623,28.7275034532633,28.134916097025638,28.607269287109375,10200,0.0,0.0
2016-10-28 00:00:00-04:00,28.555746041823948,29.277154493926,28.555746041823948,28.73609733581543,3400,0.0,0.0
2016-10-31 00:00:00-04:00,28.821980727161687,29.54338916631536,28.10057228800801,28.993741989135742,11100,0.0,0.0
2016-11-01 00:00:00-04:00,29.02809594088826,29.672210510328693,28.633039791237465,28.727510452270508,4900,0.0,0.0
2016-11-02 00:00:00-04:00,28.633032815246555,28.830560841947335,28.40974126040859,28.607269287109375,9000,0.0,0.0
2016-11-03 00:00:00-04:00,28.770449032106274,29.11397809219773,28.62445131105575,28.684568405151367,5400,0.0,0.0
2016-11-04 00:00:00-04:00,28.9507990018812,28.9507990018812,28.60727323349973,28.615859985351562,6500,0.0,0.0
2016-11-07 00:00:00-05:00,28.907859041199384,28.907859041199384,28.5643299925128,28.839155197143555,6200,0.0,0.0
2016-11-08 00:00:00-05:00,28.847748540366318,29.680804544283493,28.847748540366318,29.045276641845703,5400,0.0,0.0
2016-11-09 00:00:00-05:00,28.916438799967906,30.625490325854017,28.418325403586113,30.402198791503906,13700,0.0,0.0
2016-11-10 00:00:00-05:00,30.39361068554337,30.917490916928514,29.66361568268109,30.582551956176758,12700,0.0,0.0
2016-11-11 00:00:00-05:00,30.625501208960575,33.78595702156247,30.453736665118612,33.69148635864258,19000,0.0,0.0
2016-11-14 00:00:00-05:00,34.24972878093425,34.35278622228274,33.451026239175214,34.335609436035156,13600,0.0,0.0
2016-11-15 00:00:00-05:00,34.33559512986026,34.35277190895101,33.639950319295174,34.00065612792969,8300,0.0,0.0
2016-11-16 00:00:00-05:00,33.87110785781746,34.510183499790195,33.81065484558874,34.501548767089844,5500,0.22,0.0
2016-11-17 00:00:00-05:00,34.415195832933605,34.58792019144939,34.337470036323666,34.44974136352539,11200,0.0,0.0
2016-11-18 00:00:00-05:00,34.41519489738219,34.56201175118459,31.962518297573038,32.705230712890625,17400,0.0,0.0
2016-11-21 00:00:00-05:00,32.420235913842674,33.240674062529244,32.420235913842674,33.18021774291992,5600,0.0,0.0
2016-11-22 00:00:00-05:00,32.92114003807434,33.758851132477346,32.92114003807434,33.3961296081543,10600,0.0,0.0
2016-11-23 00:00:00-05:00,33.067956238518946,34.14747946416051,33.067956238518946,34.09566116333008,15000,0.0,0.0
2016-11-25 00:00:00-05:00,33.94020080566406,33.94020080566406,33.68111595718958,33.94020080566406,2600,0.0,0.0
2016-11-28 00:00:00-05:00,33.6811269316162,34.475654498413675,33.27522511693629,33.853851318359375,6700,0.0,0.0
2016-11-29 00:00:00-05:00,33.85385713494458,34.47566042183374,33.715678260697636,34.199302673339844,12000,0.0,0.0
2016-11-30 00:00:00-05:00,34.33746889984292,34.76927813461904,34.009296253412025,34.294288635253906,7200,0.0,0.0
2016-12-01 00:00:00-05:00,34.37201153779344,34.838366262786536,34.13883417529689,34.38064956665039,9700,0.0,0.0
2016-12-02 00:00:00-05:00,34.44973549366231,34.44973549366231,32.94704140783705,33.37021255493164,9900,0.0,0.0
2016-12-05 00:00:00-05:00,33.38747943496543,34.37200365452018,33.38747943496543,34.112918853759766,9500,0.0,0.0
2016-12-06 00:00:00-05:00,34.01794251762421,34.5274777191251,34.01794251762421,34.31157302856445,5000,0.0,0.0
2016-12-07 00:00:00-05:00,34.63110357557255,34.63110357557255,33.957482140597115,34.07838821411133,11500,0.0,0.0
2016-12-08 00:00:00-05:00,34.19928540544605,34.96790850569872,34.19928540544605,34.95927047729492,17000,0.0,0.0
2016-12-09 00:00:00-05:00,34.967917117798365,35.356542836175734,34.38929096661118,34.847007751464844,17000,0.0,0.0
2016-12-12 00:00:00-05:00,34.76064356692202,34.76064356692202,33.92293259319927,34.00929641723633,11000,0.0,0.0
2016-12-13 00:00:00-05:00,34.259738446376154,34.259738446376154,32.95567618426363,33.87111282348633,7400,0.0,0.0
2016-12-14 00:00:00-05:00,33.81065743514798,34.58791192095088,33.81065743514798,34.346099853515625,6800,0.0,0.0
2016-12-15 00:00:00-05:00,34.354737135727724,35.30471930366889,34.06110676301028,34.72609329223633,15100,0.0,0.0
2016-12-16 00:00:00-05:00,34.492910739947405,34.898812360147716,34.3201897304037,34.501548767089844,40600,0.0,0.0
2016-12-19 00:00:00-05:00,34.41519412074375,34.898821641638364,33.430669608960926,34.743370056152344,11000,0.0,0.0
2016-12-20 00:00:00-05:00,34.75200768082896,34.75200768082896,33.98338449734795,34.65700912475586,19700,0.0,0.0
2016-12-21 00:00:00-05:00,34.51019094117937,34.56200923188124,34.1992877858537,34.23383331298828,5100,0.0,0.0
2016-12-22 00:00:00-05:00,34.2511155334648,34.259750270411146,33.55158324083757,33.63794708251953,8800,0.0,0.0
2016-12-23 00:00:00-05:00,33.89702914732699,33.922936650415146,33.646578969329994,33.827938079833984,2000,0.0,0.0
2016-12-27 00:00:00-05:00,33.78475207736614,33.99202195023272,33.396123124768096,33.802024841308594,6200,0.0,0.0
2016-12-28 00:00:00-05:00,33.87111586433245,33.89702336299965,32.964313877666065,32.99885940551758,4700,0.0,0.0
2016-12-29 00:00:00-05:00,33.22340241482701,33.47384925845294,32.97295227675817,33.03340530395508,5200,0.0,0.0
2016-12-30 00:00:00-05:00,33.16294901559082,33.24930954077673,32.972951906850376,32.99885940551758,8900,0.0,0.0
2017-01-03 00:00:00-05:00,33.0938577357146,33.14567602714086,32.17842102050781,32.17842102050781,4700,0.0,0.0
2017-01-04 00:00:00-05:00,32.135247393194824,32.47205812089993,32.135247393194824,32.29069900512695,5200,0.0,0.0
2017-01-05 00:00:00-05:00,32.20433387201553,32.2302413721633,31.58252751292458,31.59116554260254,8100,0.0,0.0
2017-01-06 00:00:00-05:00,31.75524898995582,33.5861190770468,31.22844123840332,31.22844123840332,5200,0.0,0.0
2017-01-09 00:00:00-05:00,31.599798098048513,31.599798098048513,29.509839809962152,29.71710968017578,11100,0.0,0.0
2017-01-10 00:00:00-05:00,29.881205200540293,29.881205200540293,29.527121671262833,29.63075828552246,6700,0.0,0.0
2017-01-11 00:00:00-05:00,29.66529501269472,29.682567778526,29.095306918035433,29.39757537841797,7800,0.0,0.0
2017-01-12 00:00:00-05:00,29.04349250989232,29.354395712337215,28.343960304391306,28.92258644104004,20300,0.0,0.0
2017-01-13 00:00:00-05:00,29.198933483331054,30.35618204097164,28.75848634203297,30.105731964111328,9700,0.0,0.0
2017-01-17 00:00:00-05:00,29.881200431207336,30.14892336698107,29.29393955524408,29.544389724731445,9200,0.0,0.0
2017-01-18 00:00:00-05:00,29.53575212490376,29.53575212490376,27.074439173291527,28.603042602539062,16600,0.0,0.0
2017-01-19 00:00:00-05:00,28.879400429563177,28.879400429563177,28.024419989780004,28.343957901000977,14500,0.0,0.0
2017-01-20 00:00:00-05:00,28.40440960996901,29.604838699475394,28.343956583478967,28.948490142822266,18400,0.0,0.0
2017-01-23 00:00:00-05:00,28.94849400617373,28.94849400617373,28.352598396484773,28.72395133972168,6000,0.0,0.0
2017-01-24 00:00:00-05:00,28.71530657970817,30.140277998432953,28.48212925876545,29.907100677490234,10900,0.0,0.0
2017-01-25 00:00:00-05:00,29.9502844410443,30.26982230596114,29.613473813909987,30.174823760986328,3900,0.0,0.0
2017-01-26 00:00:00-05:00,29.93301525126225,30.20073815592132,29.380299972108098,29.855289459228516,6900,0.0,0.0
2017-01-27 00:00:00-05:00,29.967564047631782,29.967564047631782,29.388937911741504,29.47530174255371,4200,0.0,0.0
2017-01-30 00:00:00-05:00,29.319842708906314,29.518474527755963,28.862122757742608,29.242116928100586,5300,0.0,0.0
2017-01-31 00:00:00-05:00,29.50120249654293,29.50120249654293,28.79303571808361,29.060758590698242,5100,0.0,0.0
2017-02-01 00:00:00-05:00,29.07803300964801,29.81211070363889,28.810313385890698,29.492572784423828,7400,0.0,0.0
2017-02-02 00:00:00-05:00,29.63938129979249,29.820740361349564,29.060758590698242,29.060758590698242,6700,0.0,0.0
2017-02-03 00:00:00-05:00,29.4580261620539,29.99346868416175,29.4580261620539,29.941650390625,4300,0.0,0.0
2017-02-06 00:00:00-05:00,29.47529813619354,30.166192225942513,28.870764572247104,29.017578125,10300,0.0,0.0
2017-02-07 00:00:00-05:00,29.060762612818685,29.44075355073654,29.060762612818685,29.380300521850586,11000,0.0,0.0
2017-02-08 00:00:00-05:00,29.414843325626148,29.414843325626148,28.939850579185485,28.983034133911133,5600,0.0,0.0
2017-02-09 00:00:00-05:00,29.319844795742025,29.35439032176833,28.723946002337616,29.008941650390625,5000,0.0,0.0
2017-02-10 00:00:00-05:00,29.354392444640148,29.553024291992188,28.844857429452595,29.553024291992188,4300,0.0,0.0
2017-02-13 00:00:00-05:00,29.57893646975787,30.235285143327307,29.57893646975787,30.218015670776367,10100,0.0,0.0
2017-02-14 00:00:00-05:00,30.1489122166357,30.1489122166357,29.967553179368068,30.105731964111328,4900,0.0,0.0
2017-02-15 00:00:00-05:00,30.114432704686177,30.42730712890625,30.07097488445881,30.42730712890625,4500,0.22,0.0
2017-02-16 00:00:00-05:00,30.401233225549387,30.418615689501593,30.166574935243595,30.29694175720215,3700,0.0,0.0
2017-02-17 00:00:00-05:00,30.4359951712187,31.28771592922597,30.375158211030016,31.131277084350586,23600,0.0,0.0
2017-02-21 00:00:00-05:00,31.226880403255812,31.226880403255812,30.792328773169164,31.183425903320312,4200,0.0,0.0
2017-02-22 00:00:00-05:00,30.966148196692384,31.000909805297855,30.72279704426034,31.00090980529785,22100,0.0,0.0
2017-02-23 00:00:00-05:00,30.757564211849335,30.948767992272142,30.644579858384418,30.90531349182129,12000,0.0,0.0
2017-02-24 00:00:00-05:00,30.74018285421733,30.922697067260742,30.63589138631109,30.922697067260742,8800,0.0,0.0
2017-02-27 00:00:00-05:00,30.853162920671867,30.948764801025394,30.670652048378155,30.94876480102539,12500,0.0,0.0
2017-02-28 00:00:00-05:00,30.87055067443112,30.87055067443112,30.592437874105567,30.661964416503906,8000,0.0,0.0
2017-03-01 00:00:00-05:00,31.044370537654338,31.044370537654338,29.732022714927542,30.792329788208008,14700,0.0,0.0
2017-03-02 00:00:00-05:00,30.853163154584244,30.87923518929086,29.940605470831624,29.949295043945312,17800,0.0,0.0
2017-03-03 00:00:00-05:00,30.305631920095124,30.46207078333736,28.993287362192,29.77547836303711,12700,0.0,0.0
2017-03-06 00:00:00-05:00,29.51475452244846,29.818942741390202,29.219259195247027,29.40177345275879,12400,0.0,0.0
2017-03-07 00:00:00-05:00,29.288782704337603,29.549513038664365,29.288782704337603,29.488676071166992,9600,0.0,0.0
2017-03-08 00:00:00-05:00,29.558201641684033,30.32301347055668,29.332236243458418,29.56689453125,17800,0.0,0.0
2017-03-09 00:00:00-05:00,29.871084162718393,30.062287979528154,29.627736261590695,30.053598403930664,7400,0.0,0.0
2017-03-10 00:00:00-05:00,30.149189206803538,30.809709504003706,29.792857022781167,29.801549911499023,9300,0.0,0.0
2017-03-13 00:00:00-04:00,29.845009784624672,30.853169558717408,29.845009784624672,30.488147735595703,18000,0.0,0.0
2017-03-14 00:00:00-04:00,30.349086687296136,30.661964416503906,30.166575783713636,30.661964416503906,8700,0.0,0.0
2017-03-15 00:00:00-04:00,30.74018352012713,32.217659828163036,30.66196408866152,32.04383850097656,15400,0.0,0.0
2017-03-16 00:00:00-04:00,31.965617683294138,32.330642786092696,31.722269825005707,31.861326217651367,8000,0.0,0.0
2017-03-17 00:00:00-04:00,32.00038355948062,33.02592572892385,32.00038355948062,32.66090393066406,18000,0.0,0.0
2017-03-20 00:00:00-04:00,32.53922548205428,33.14759843874151,32.53922548205428,33.086761474609375,6800,0.0,0.0
2017-03-21 00:00:00-04:00,33.20843861070444,33.20843861070444,32.48708454544322,32.50446701049805,8300,0.0,0.0
2017-03-22 00:00:00-04:00,32.48708164223981,32.48708164223981,31.61797835936294,31.861326217651367,9200,0.0,0.0
2017-03-23 00:00:00-04:00,31.85264061795991,32.6087596401042,31.85264061795991,32.33933639526367,5200,0.0,0.0
2017-03-24 00:00:00-04:00,32.45231846031962,32.904252589561686,32.26111466688786,32.61744689941406,4300,0.0,0.0
2017-03-27 00:00:00-04:00,32.32195483851237,32.32195483851237,32.026459544539954,32.035152435302734,2900,0.0,0.0
2017-03-28 00:00:00-04:00,32.02645166734667,32.85210037231445,31.85263367924028,32.85210037231445,8100,0.0,0.0
2017-03-29 00:00:00-04:00,32.469696156968546,32.85210037231445,32.469696156968546,32.85210037231445,3500,0.0,0.0
2017-03-30 00:00:00-04:00,32.852101994779844,33.017233733148124,32.50446268603261,32.686973571777344,5700,0.0,0.0
2017-03-31 00:00:00-04:00,32.68697088912497,32.68697088912497,31.956924090695942,32.391475677490234,12000,0.0,0.0
2017-04-03 00:00:00-04:00,32.45231881155201,32.67828422093563,31.73096144879121,32.49577331542969,7400,0.0,0.0
2017-04-04 00:00:00-04:00,32.42624608386001,32.42624608386001,31.8526380249009,32.04383850097656,7500,0.0,0.0
2017-04-05 00:00:00-04:00,32.226351495340985,32.69566475096334,31.72226999716113,31.80048942565918,13900,0.0,0.0
2017-04-06 00:00:00-04:00,32.13075962481896,32.14814209383632,31.617988392591023,31.65275001525879,10100,0.0,0.0
2017-04-07 00:00:00-04:00,31.783115108644736,33.008550925638005,31.617986635208332,32.408870697021484,15800,0.0,0.0
2017-04-10 00:00:00-04:00,32.55661028393167,33.008544418065036,32.49577331542969,32.49577331542969,2100,0.0,0.0
2017-04-11 00:00:00-04:00,32.69566708958414,32.75650405883789,32.17420640587596,32.75650405883789,6100,0.0,0.0
2017-04-12 00:00:00-04:00,33.051999101810544,33.06938156652944,32.41755405871861,32.4349365234375,4700,0.0,0.0
2017-04-13 00:00:00-04:00,32.75650352351347,32.75650352351347,32.19158834462278,32.426246643066406,4800,0.0,0.0
2017-04-17 00:00:00-04:00,32.59136615241719,33.19973898366868,32.25241647489048,33.0954475402832,4200,0.0,0.0
2017-04-18 00:00:00-04:00,32.9303234495168,33.9819376450079,32.70435805066913,33.60822296142578,13600,0.0,0.0
2017-04-19 00:00:00-04:00,33.76466103177785,34.12968613261054,33.33880228206659,33.65167999267578,8800,0.0,0.0
2017-04-20 00:00:00-04:00,33.712518028864466,34.581621334695264,33.48654931274349,34.49470901489258,8600,0.0,0.0
2017-04-21 00:00:00-04:00,34.34696708056709,34.34696708056709,33.92110495190369,34.30351257324219,5900,0.0,0.0
2017-04-24 00:00:00-04:00,34.50340094668887,34.82496823261659,34.35565166480906,34.599002838134766,8500,0.0,0.0
2017-04-25 00:00:00-04:00,34.87711809091144,35.32905222721928,34.54685789219298,34.95533752441406,7200,0.0,0.0
2017-04-26 00:00:00-04:00,34.57292938232422,34.57292938232422,34.407800943271404,34.57292938232422,4000,0.0,0.0
2017-04-27 00:00:00-04:00,34.33826813855306,35.5202490955453,34.07753782518496,35.27690124511719,8000,0.0,0.0
2017-04-28 00:00:00-04:00,35.58978020375137,35.58978020375137,35.007479278485036,35.36381149291992,8900,0.0,0.0
2017-05-01 00:00:00-04:00,35.407270702198396,35.5723991394043,35.27690387810117,35.5723991394043,4400,0.0,0.0
2017-05-02 00:00:00-04:00,35.572394515897244,35.85050727681541,35.572394515897244,35.7462158203125,4700,0.0,0.0
2017-05-03 00:00:00-04:00,35.69407347292866,35.69407347292866,34.451255446667815,34.57292938232422,7900,0.0,0.0
2017-05-04 00:00:00-04:00,34.59030994871282,34.599002838134766,33.912410449901444,34.599002838134766,2800,0.0,0.0
2017-05-05 00:00:00-04:00,34.54685352354862,34.80758383046452,34.54685352354862,34.75543975830078,2800,0.0,0.0
2017-05-08 00:00:00-04:00,34.84234556751498,35.08569338965547,34.442558912465486,34.642452239990234,3400,0.0,0.0
2017-05-09 00:00:00-04:00,34.69460487891387,35.15523191866486,33.74728539000675,34.15576171875,2100,0.0,0.0
2017-05-10 00:00:00-04:00,34.12969022344858,34.12969022344858,33.36487831866187,33.40833282470703,3700,0.0,0.0
2017-05-11 00:00:00-04:00,34.590309745268776,34.590309745268776,33.069379011233636,33.086761474609375,3400,0.0,0.0
2017-05-12 00:00:00-04:00,33.408325409840245,33.634294095708135,32.90424728393555,32.90424728393555,4600,0.0,0.0
2017-05-15 00:00:00-04:00,32.96507710548824,33.330098774669636,32.96507710548824,33.16497039794922,2000,0.0,0.0
2017-05-16 00:00:00-04:00,32.77388480129541,33.503931709340065,32.747812763090025,33.417022705078125,2500,0.0,0.0
2017-05-17 00:00:00-04:00,33.01493407865433,33.01493407865433,31.528955459594727,31.528955459594727,6000,0.22,0.0
2017-05-18 00:00:00-04:00,31.46776510691285,32.07089607106204,30.681069645462276,30.934560775756836,10600,0.0,0.0
2017-05-19 00:00:00-04:00,30.768483882779535,30.768483882779535,29.79822720240367,29.80696678161621,10200,0.0,0.0
2017-05-22 00:00:00-04:00,29.80697410328301,30.908348083496094,29.378664593324334,30.908348083496094,10300,0.0,0.0
2017-05-23 00:00:00-04:00,30.943300529735033,30.943300529735033,30.418835830832048,30.681066513061523,2400,0.0,0.0
2017-05-24 00:00:00-04:00,30.681066513061523,30.820923099213513,30.042970630340317,30.681066513061523,6300,0.0,0.0
2017-05-25 00:00:00-04:00,30.593666519307984,31.327914649149175,30.418844900880075,30.480031967163086,5700,0.0,0.0
2017-05-26 00:00:00-04:00,30.54121271540477,30.567438120132994,30.287724922290444,30.410099029541016,2300,0.0,0.0
2017-05-30 00:00:00-04:00,30.602402552826167,30.602402552826167,30.1478710658181,30.182832717895508,4500,0.0,0.0
2017-05-31 00:00:00-04:00,30.217803129486832,30.217803129486832,29.9817944297588,30.130393981933594,3600,0.0,0.0
2017-06-01 00:00:00-04:00,30.375133807298788,31.60762111761285,30.340168824232386,31.02197265625,11500,0.0,0.0
2017-06-02 00:00:00-04:00,31.319173776304872,31.99223147764349,31.319173776304872,31.983491897583008,4800,0.0,0.0
2017-06-05 00:00:00-04:00,31.904817400064417,31.904817400064417,30.934560775756836,30.934560775756836,2900,0.0,0.0
2017-06-06 00:00:00-04:00,30.94330641742349,31.35413334178963,30.94330641742349,31.336650848388672,3400,0.0,0.0
2017-06-07 00:00:00-04:00,31.319169732909405,31.450283423558844,31.03945319041279,31.301687240600586,3300,0.0,0.0
2017-06-08 00:00:00-04:00,31.28421665959718,33.51318359375,31.28421665959718,33.51318359375,4900,0.0,0.0
2017-06-09 00:00:00-04:00,33.338353519188146,35.40998077392578,33.338353519188146,35.40998077392578,8100,0.0,0.0
2017-06-12 00:00:00-04:00,35.47991138756253,35.698437571685375,35.22642021371325,35.43620681762695,7900,0.0,0.0
2017-06-13 00:00:00-04:00,35.54109996311877,35.68095659352452,35.11278715687578,35.58480453491211,6100,0.0,0.0
2017-06-14 00:00:00-04:00,35.70717138825222,35.70717138825222,34.83306679285369,35.59354019165039,4100,0.0,0.0
2017-06-15 00:00:00-04:00,35.322569148324405,35.49739074707031,34.9991513580335,35.49739074707031,4500,0.0,0.0
2017-06-16 00:00:00-04:00,34.91174233168199,35.278868058669865,34.77188570579256,34.82433319091797,12400,0.0,0.0
2017-06-19 00:00:00-04:00,35.12153674399447,35.83830252779471,34.81560134887695,34.81560134887695,6000,0.0,0.0
2017-06-20 00:00:00-04:00,34.70195399936094,35.19145045136645,34.378536224365234,34.378536224365234,5000,0.0,0.0
2017-06-21 00:00:00-04:00,34.710700978717654,34.710700978717654,33.95897031350341,34.05512237548828,3500,0.0,0.0
2017-06-22 00:00:00-04:00,34.14253398942583,34.99915627575542,34.13379107431551,34.93796920776367,2500,0.0,0.0
2017-06-23 00:00:00-04:00,34.94670377177633,35.829551342257645,34.09008160841615,35.50613021850586,19700,0.0,0.0
2017-06-26 00:00:00-04:00,35.6022847241774,35.6022847241774,34.78062749057677,35.383758544921875,10500,0.0,0.0
2017-06-27 00:00:00-04:00,35.28759599012153,35.3924909257453,35.08655236517513,35.14773941040039,6400,0.0,0.0
2017-06-28 00:00:00-04:00,35.83828500120373,36.18792813987116,35.208928685379995,35.63724136352539,9300,0.0,0.0
2017-06-29 00:00:00-04:00,35.74213618078833,36.86973190307617,35.53235294630581,36.86973190307617,10700,0.0,0.0
2017-06-30 00:00:00-04:00,36.738624311620974,37.30679377521392,36.2229023373343,36.72114181518555,7700,0.0,0.0
2017-07-03 00:00:00-04:00,37.02706752371659,37.42915479747018,36.659941896135074,37.23685073852539,2400,0.0,0.0
2017-07-05 00:00:00-04:00,37.20190375473694,37.20190375473694,36.38898597445844,36.861000061035156,3500,0.0,0.0
2017-07-06 00:00:00-04:00,36.65994748751245,37.0445556640625,36.53757337113546,37.0445556640625,6500,0.0,0.0
2017-07-07 00:00:00-04:00,37.13197177437063,37.71762372854857,36.56380565089869,37.638954162597656,11200,0.0,0.0
2017-07-10 00:00:00-04:00,37.446644357265285,37.787544646520615,37.43790477768335,37.48160934448242,4800,0.0,0.0
2017-07-11 00:00:00-04:00,37.47287432876403,37.47287432876403,36.476395324156655,36.53758239746094,4400,0.0,0.0
2017-07-12 00:00:00-04:00,36.79980935957358,36.83477435052292,35.847035030097125,36.18793869018555,8100,0.0,0.0
2017-07-13 00:00:00-04:00,36.18792759669952,36.18792759669952,35.43619719395869,35.60227584838867,5900,0.0,0.0
2017-07-14 00:00:00-04:00,35.52360795931685,36.02184728018218,35.52360795931685,35.74213409423828,3000,0.0,0.0
2017-07-17 00:00:00-04:00,35.80332701923552,36.109265658985024,35.80332701923552,35.92570114135742,6000,0.0,0.0
2017-07-18 00:00:00-04:00,35.925699228742175,36.44142109768898,35.61976393972482,36.083038330078125,8100,0.0,0.0
2017-07-19 00:00:00-04:00,36.38898368942479,37.31553264164283,36.38898368942479,37.28057098388672,6200,0.0,0.0
2017-07-20 00:00:00-04:00,37.30678505061812,37.90117645263672,37.14070637498875,37.90117645263672,7700,0.0,0.0
2017-07-21 00:00:00-04:00,38.12845226007434,38.32075639226462,37.429169053626055,38.09349060058594,10400,0.0,0.0
2017-07-24 00:00:00-04:00,38.0148097603162,38.29452295996238,37.621462031299885,37.805023193359375,5600,0.0,0.0
2017-07-25 00:00:00-04:00,38.02355056462093,38.320746265630234,37.796284832999454,37.90117645263672,7600,0.0,0.0
2017-07-26 00:00:00-04:00,38.14592881655824,38.14592881655824,37.5952419184191,37.60398483276367,3800,0.0,0.0
2017-07-27 00:00:00-04:00,37.74384302175278,37.74384302175278,36.6162471044423,37.08826446533203,5200,0.0,0.0
2017-07-28 00:00:00-04:00,36.99211124459368,36.99211124459368,36.380237277658765,36.677433013916016,2700,0.0,0.0
2017-07-31 00:00:00-04:00,36.56379961858795,36.64246583711526,35.79458658224471,36.15296936035156,7800,0.0,0.0
2017-08-01 00:00:00-04:00,36.32778755303257,36.65120531405789,35.85577027946416,36.19667053222656,5600,0.0,0.0
2017-08-02 00:00:00-04:00,36.179192862852915,36.53757565512164,35.549836414207434,35.64598846435547,4600,0.0,0.0
2017-08-03 00:00:00-04:00,35.82081159135593,36.18793731346704,35.4449462890625,35.4449462890625,5700,0.0,0.0
2017-08-04 00:00:00-04:00,35.76836230645746,35.76836230645746,35.15649169114687,35.278865814208984,4100,0.0,0.0
2017-08-07 00:00:00-04:00,35.453685793847015,36.70365570973052,35.453685793847015,35.80332565307617,3700,0.0,0.0
2017-08-08 00:00:00-04:00,36.03059765989772,36.633728716874664,35.33131121567271,35.40998077392578,5700,0.0,0.0
2017-08-09 00:00:00-04:00,35.40124466632052,35.479914232290156,34.964192263032615,35.05160140991211,6800,0.0,0.0
2017-08-10 00:00:00-04:00,34.911738538556456,35.24389923937179,34.13378593316746,34.19497299194336,5500,0.0,0.0
2017-08-11 00:00:00-04:00,34.22993786499296,35.00789046780844,33.22471618652344,33.22471618652344,4700,0.0,0.0
2017-08-14 00:00:00-04:00,33.47821021179749,34.16875374298234,33.47821021179749,34.08134460449219,6600,0.0,0.0
2017-08-15 00:00:00-04:00,34.15127047400761,35.82955323741125,34.15127047400761,35.3138313293457,8500,0.0,0.0
2017-08-16 00:00:00-04:00,35.39295569375286,35.84130352693372,34.74241638183594,34.74241638183594,5500,0.23,0.0
2017-08-17 00:00:00-04:00,34.645707984507176,35.14680017061727,33.51165583550566,33.652313232421875,8900,0.0,0.0
2017-08-18 00:00:00-04:00,33.52045376446435,34.07429046033047,33.52045376446435,33.81935119628906,6200,0.0,0.0
2017-08-21 00:00:00-04:00,33.942417139801584,34.32922409894709,33.942417139801584,34.13582229614258,5700,0.0,0.0
2017-08-22 00:00:00-04:00,34.32044098596258,34.80395061493785,34.294065416483726,34.3468132019043,3600,0.0,0.0
2017-08-23 00:00:00-04:00,34.74240340212681,34.74240340212681,34.11823654174805,34.11823654174805,4100,0.0,0.0
2017-08-24 00:00:00-04:00,34.2413138409517,34.2413138409517,33.84571391667291,33.959999084472656,2200,0.0,0.0
2017-08-25 00:00:00-04:00,34.14461080427218,34.66328550832551,34.14461080427218,34.44350814819336,1300,0.0,0.0
2017-08-28 00:00:00-04:00,34.52262551718192,34.86547763645407,34.41713333129883,34.41713333129883,4200,0.0,0.0
2017-08-29 00:00:00-04:00,34.41714174590773,35.120428746301094,33.93362878919641,34.76878356933594,4300,0.0,0.0
2017-08-30 00:00:00-04:00,34.81274029714784,35.46328290433389,34.707248079657745,35.38416290283203,3000,0.0,0.0
2017-08-31 00:00:00-04:00,35.48085729693563,36.2984293389337,35.48085729693563,35.779754638671875,4800,0.0,0.0
2017-09-01 00:00:00-04:00,36.07864868367778,36.07864868367778,35.58634623829212,35.674259185791016,3600,0.0,0.0
2017-09-05 00:00:00-04:00,35.65668865306775,35.691850490420705,34.99735641479492,34.99735641479492,6800,0.0,0.0
2017-09-06 00:00:00-04:00,35.348993335900765,35.63910109000145,34.98855856335963,35.48965072631836,2500,0.0,0.0
2017-09-07 00:00:00-04:00,35.51602943717821,35.603939056396484,34.724829450065705,35.603939056396484,2600,0.0,0.0
2017-09-08 00:00:00-04:00,35.55118366399142,36.03469652682034,35.38415408180998,35.894039154052734,4200,0.0,0.0
2017-09-11 00:00:00-04:00,36.22810182109892,37.03688430786133,36.22810182109892,37.03688430786133,4700,0.0,0.0
2017-09-12 00:00:00-04:00,37.22150291698319,37.2302925379745,36.5182158638769,36.78194808959961,4400,0.0,0.0
2017-09-13 00:00:00-04:00,36.54457498464243,37.24786178572595,36.02590034005534,37.010501861572266,4700,0.0,0.0
2017-09-14 00:00:00-04:00,37.17753992245867,37.54676428649955,36.66765482521769,37.072044372558594,4000,0.0,0.0
2017-09-15 00:00:00-04:00,37.247872578881946,37.92478736905152,36.9753507508586,37.4149055480957,21300,0.0,0.0
2017-09-18 00:00:00-04:00,37.3621548097025,38.46983133556342,37.3621548097025,38.33796691894531,7600,0.0,0.0
2017-09-19 00:00:00-04:00,38.19730791927349,39.42805919018936,38.19730791927349,39.22586441040039,6300,0.0,0.0
2017-09-20 00:00:00-04:00,39.44564247855655,40.28079717749364,39.243447695199,40.0698127746582,9600,0.0,0.0
2017-09-21 00:00:00-04:00,39.964317397573815,40.3071695688598,39.858825195686585,40.24563217163086,6200,0.0,0.0
2017-09-22 00:00:00-04:00,39.99947944334581,40.7115592956543,39.84123947616615,40.7115592956543,3300,0.0,0.0
2017-09-25 00:00:00-04:00,40.535738761592704,41.1335334777832,40.12255623181901,41.1335334777832,5700,0.0,0.0
2017-09-26 00:00:00-04:00,41.13353041237764,41.30935296642548,40.43903316833364,41.203857421875,4200,0.0,0.0
2017-09-27 00:00:00-04:00,41.40605826248147,43.8060302734375,40.75551907662166,43.8060302734375,9400,0.0,0.0
2017-09-28 00:00:00-04:00,43.58625298278195,44.12250698988489,43.0763678354403,43.797237396240234,10600,0.0,0.0
2017-09-29 00:00:00-04:00,43.410427670529884,43.53350246289104,42.75109555127807,43.014827728271484,5600,0.0,0.0
2017-10-02 00:00:00-04:00,42.944493219233095,43.849978189452834,42.847794001368925,43.77964782714844,8100,0.0,0.0
2017-10-03 00:00:00-04:00,43.77965608283266,43.95547866821289,43.61262647116673,43.95547866821289,7800,0.0,0.0
2017-10-04 00:00:00-04:00,43.735694980470434,43.99942714381624,43.61262019447815,43.823604583740234,6700,0.0,0.0
2017-10-05 00:00:00-04:00,43.779648478288784,43.91151623280269,43.53349891363488,43.76206588745117,3600,0.0,0.0
2017-10-06 00:00:00-04:00,43.34010450693001,44.17525933420449,43.34010450693001,43.964271545410156,6300,0.0,0.0
2017-10-09 00:00:00-04:00,44.21921082768261,44.37745081902143,43.95547862663021,44.24558639526367,3900,0.0,0.0
2017-10-10 00:00:00-04:00,44.6763411618987,44.6763411618987,43.7796491369087,44.227996826171875,20400,0.0,0.0
2017-10-11 00:00:00-04:00,42.8829685661945,42.8829685661945,35.53361119927248,36.676456451416016,61900,0.0,0.0
2017-10-12 00:00:00-04:00,37.3533733274944,37.3533733274944,35.52482350758154,36.24569320678711,15000,0.0,0.0
2017-10-13 00:00:00-04:00,36.04349763870433,37.274252558026255,35.38416536482559,36.553382873535156,17900,0.0,0.0
2017-10-16 00:00:00-04:00,36.79072246532429,37.21269787586793,36.74676767150728,36.87863540649414,15500,0.0,0.0
2017-10-17 00:00:00-04:00,37.159958447091185,37.17754103926938,36.74677591474507,37.054466247558594,16400,0.0,0.0
2017-10-18 00:00:00-04:00,37.1511618640953,37.66983654557215,37.1511618640953,37.520389556884766,14100,0.0,0.0
2017-10-19 00:00:00-04:00,36.88744168051384,37.63468692696793,36.817114649357315,37.590728759765625,5000,0.0,0.0
2017-10-20 00:00:00-04:00,37.80171656030982,37.80171656030982,37.22150430073493,37.590728759765625,19100,0.0,0.0
2017-10-23 00:00:00-04:00,37.652260578056456,37.8368727637133,37.42369023564048,37.52918243408203,5400,0.0,0.0
2017-10-24 00:00:00-04:00,37.7577591139975,38.04786354678885,37.64347392360717,37.66105651855469,3700,0.0,0.0
2017-10-25 00:00:00-04:00,37.713802337646484,37.740174551924625,37.406111972408226,37.713802337646484,6700,0.0,0.0
2017-10-26 00:00:00-04:00,37.845666911039345,37.986324310302734,37.80171210255771,37.986324310302734,5200,0.0,0.0
2017-10-27 00:00:00-04:00,38.12697268569757,39.44563674926758,37.98631531972487,39.44563674926758,12300,0.0,0.0
2017-10-30 00:00:00-04:00,39.07641156011119,39.07641156011119,34.82152214127424,35.762168884277344,22500,0.0,0.0
2017-10-31 00:00:00-04:00,34.72482188468572,37.142372775391685,34.72482188468572,36.9313850402832,16400,0.0,0.0
2017-11-01 00:00:00-04:00,37.13358641738264,37.77533594411386,36.50062651001525,37.23028564453125,8000,0.0,0.0
2017-11-02 00:00:00-04:00,36.948966685107095,38.188510794104275,36.948966685107095,38.10060119628906,6800,0.0,0.0
2017-11-03 00:00:00-04:00,37.968730975542584,38.425868232217056,37.968730975542584,38.35554122924805,10900,0.0,0.0
2017-11-06 00:00:00-05:00,38.144564832779636,38.33797001702592,37.53798041883035,37.599517822265625,12000,0.0,0.0
2017-11-07 00:00:00-05:00,37.68741967357887,37.68741967357887,36.92259542169114,36.9313850402832,8200,0.0,0.0
2017-11-08 00:00:00-05:00,37.414901012562574,37.414901012562574,36.82589591182638,36.861061096191406,9100,0.0,0.0
2017-11-09 00:00:00-05:00,36.39513413625016,37.26545065118966,36.13139860708152,36.957763671875,7900,0.0,0.0
2017-11-10 00:00:00-05:00,36.843482292813384,36.96655709721082,35.99953790248503,36.38634490966797,1900,0.0,0.0
2017-11-13 00:00:00-05:00,36.15778603252207,36.55338610250238,36.15778603252207,36.3775634765625,19000,0.0,0.0
2017-11-14 00:00:00-05:00,36.48304093075426,37.91599022437405,36.48304093075426,37.88082504272461,5000,0.0,0.0
2017-11-15 00:00:00-05:00,37.45886937407775,37.643481628507665,37.06326929062951,37.46765899658203,5800,0.0,0.0
2017-11-16 00:00:00-05:00,37.46764602987675,38.84649906366242,37.26435417897739,38.4664306640625,5700,0.23,0.0
2017-11-17 00:00:00-05:00,38.0951944044291,38.705073246088105,37.73280404605522,38.59016799926758,6500,0.0,0.0
2017-11-20 00:00:00-05:00,38.64320676172479,38.8376579284668,38.148233105486945,38.8376579284668,2800,0.0,0.0
2017-11-21 00:00:00-05:00,38.183595046453334,39.4740583062948,38.183595046453334,39.421024322509766,5300,0.0,0.0
2017-11-22 00:00:00-05:00,38.528306261012226,39.32379913330078,38.528306261012226,39.32379913330078,3900,0.0,0.0
2017-11-24 00:00:00-05:00,38.881850117181195,38.96139938542227,38.095194743805294,38.35152053833008,2600,0.0,0.0
2017-11-27 00:00:00-05:00,38.431070808030356,39.33262808101193,38.40455550850297,39.01443099975586,4900,0.0,0.0
2017-11-28 00:00:00-05:00,39.24424420757956,39.77457046508789,38.625527992665106,39.77457046508789,6300,0.0,0.0
2017-11-29 00:00:00-05:00,39.80108162699882,40.57005900366144,39.59778980370592,40.42863845825195,3900,0.0,0.0
2017-11-30 00:00:00-05:00,40.517035588034446,40.517035588034446,39.650834100319024,39.8541259765625,11200,0.0,0.0
2017-12-01 00:00:00-05:00,40.225348031394056,40.34025329182589,39.25308208792142,40.30489730834961,5900,0.0,0.0
2017-12-04 00:00:00-05:00,40.658454864509494,41.22413717532111,39.78341272190664,40.7026481628418,6600,0.0,0.0
2017-12-05 00:00:00-05:00,40.93245469890405,40.94129200901174,39.78340882443765,39.88947677612305,5300,0.0,0.0
2017-12-06 00:00:00-05:00,39.81876494215304,39.81876494215304,38.5990104675293,38.5990104675293,3900,0.0,0.0
2017-12-07 00:00:00-05:00,38.85534423813603,38.85534423813603,38.00682067871094,38.00682067871094,5600,0.0,0.0
2017-12-08 00:00:00-05:00,38.501796172654196,38.554826790170424,37.511848603732524,38.10404968261719,4900,0.0,0.0
2017-12-11 00:00:00-05:00,37.86538901348764,38.44874921148223,37.82119572322313,38.227779388427734,3500,0.0,0.0
2017-12-12 00:00:00-05:00,37.883072643411175,38.13939848552805,37.777008056640625,37.777008056640625,1900,0.0,0.0
2017-12-13 00:00:00-05:00,37.997982912538205,38.660892567614546,37.39694455553036,38.2896614074707,7500,0.0,0.0
2017-12-14 00:00:00-05:00,38.10404789801616,38.10404789801616,37.830044023994056,38.09520721435547,3600,0.0,0.0
2017-12-15 00:00:00-05:00,38.00681259978219,38.3780403137207,37.202482514516554,38.3780403137207,25100,0.0,0.0
2017-12-18 00:00:00-05:00,38.41340120227982,39.739220415746075,38.41340120227982,39.633155822753906,3500,0.0,0.0
2017-12-19 00:00:00-05:00,39.59779574278443,39.59779574278443,37.732809702411146,39.36798858642578,3500,0.0,0.0
2017-12-20 00:00:00-05:00,39.22656286467296,39.332627432766294,38.051001819599456,38.06867980957031,3700,0.0,0.0
2017-12-21 00:00:00-05:00,38.422245342432824,38.54598794068013,38.112885475081654,38.31617736816406,5700,0.0,0.0
2017-12-22 00:00:00-05:00,38.006818336743926,38.48411407390958,37.40578000958703,37.83888244628906,9800,0.0,0.0
2017-12-26 00:00:00-05:00,35.45240055624972,38.484106935625036,35.45240055624972,37.95377731323242,4000,0.0,0.0
2017-12-27 00:00:00-05:00,37.918423779773214,37.918423779773214,36.78705596923828,36.78705596923828,1800,0.0,0.0
2017-12-28 00:00:00-05:00,37.08758300947828,37.08758300947828,37.05222702026367,37.05222702026367,1300,0.0,0.0
2017-12-29 00:00:00-05:00,37.04339407337233,37.5295271812861,36.68100357055664,36.68100357055664,4300,0.0,0.0
2018-01-02 00:00:00-05:00,37.44997130209291,37.44997130209291,35.78828036597316,35.96505355834961,7500,0.0,0.0
2018-01-03 00:00:00-05:00,35.982723271232175,36.27440504064714,34.89555220399152,34.975101470947266,6800,0.0,0.0
2018-01-04 00:00:00-05:00,35.045822648749464,35.98273273744991,35.045822648749464,35.576148986816406,8700,0.0,0.0
2018-01-05 00:00:00-05:00,35.88550943717665,36.16835063176014,35.160728454589844,35.160728454589844,6400,0.0,0.0
2018-01-08 00:00:00-05:00,35.85015246698992,36.38931611068206,35.364016061782316,35.77060317993164,5400,0.0,0.0
2018-01-09 00:00:00-05:00,36.01809379865834,36.6721661880125,36.00041580200195,36.00041580200195,5500,0.0,0.0
2018-01-10 00:00:00-05:00,38.88186053073254,38.88186053073254,35.53195643011467,36.654483795166016,4700,0.0,0.0
2018-01-11 00:00:00-05:00,36.610286712646484,36.610286712646484,35.64686130921831,36.610286712646484,2900,0.0,0.0
2018-01-12 00:00:00-05:00,36.53958072100347,37.56488086382926,36.49538741786319,37.23784637451172,4900,0.0,0.0
2018-01-16 00:00:00-05:00,37.36158251924943,37.7151322550427,36.230217969939254,36.433509826660156,8800,0.0,0.0
2018-01-17 00:00:00-05:00,36.56609177993592,37.449971226975336,35.49659845823401,36.38047790527344,10600,0.0,0.0
2018-01-18 00:00:00-05:00,36.203707705950826,36.76939011202301,35.92970718710948,36.00041580200195,8800,0.0,0.0
2018-01-19 00:00:00-05:00,35.761760025910476,37.75932937545937,35.691051426596125,37.467647552490234,5400,0.0,0.0
2018-01-22 00:00:00-05:00,37.49415969848633,37.65325824821182,36.85776887131646,37.49415969848633,4900,0.0,0.0
2018-01-23 00:00:00-05:00,37.3262264290255,37.94494267958658,36.610282905582096,36.937320709228516,2900,0.0,0.0
2018-01-24 00:00:00-05:00,37.441128142753726,37.46764344312192,36.41582827715556,36.78705596923828,5300,0.0,0.0
2018-01-25 00:00:00-05:00,36.813581557029146,36.848934173583984,36.08880065579931,36.848934173583984,8200,0.0,0.0
2018-01-26 00:00:00-05:00,36.8931278733919,36.8931278733919,33.51670544199829,34.550846099853516,16400,0.0,0.0
2018-01-29 00:00:00-05:00,34.46246420268497,35.24027575792598,34.382914910474774,34.842529296875,12200,0.0,0.0
2018-01-30 00:00:00-05:00,34.63924224961983,35.40821997232255,34.62156425202207,34.913246154785156,8500,0.0,0.0
2018-01-31 00:00:00-05:00,35.25794469818373,35.25794469818373,34.31219411797751,34.37406539916992,7000,0.0,0.0
2018-02-01 00:00:00-05:00,34.471295938420084,34.471295938420084,33.454833299235304,33.472511291503906,21500,0.0,0.0
2018-02-02 00:00:00-05:00,33.14547995998435,33.14547995998435,32.261600494384766,32.261600494384766,13500,0.0,0.0
2018-02-05 00:00:00-05:00,32.10250394366533,32.47373509590993,31.395401000976562,31.395401000976562,9000,0.0,0.0
2018-02-06 00:00:00-05:00,31.351206825525466,32.07598774304899,31.307010153306248,31.510305404663086,12700,0.0,0.0
2018-02-07 00:00:00-05:00,31.62520656339434,32.45605542850858,31.62520656339434,32.06714630126953,9100,0.0,0.0
2018-02-08 00:00:00-05:00,32.39418098312558,33.14547711572237,32.358824998319726,32.376502990722656,8500,0.0,0.0
2018-02-09 00:00:00-05:00,32.86264685259634,33.04826077663476,32.30580170874766,32.438385009765625,7000,0.0,0.0
2018-02-12 00:00:00-05:00,32.69469789800159,33.27805812089198,32.615148623437804,33.06592559814453,6100,0.0,0.0
2018-02-13 00:00:00-05:00,32.809607654390376,33.53438860907928,32.809607654390376,33.24271011352539,5200,0.0,0.0
2018-02-14 00:00:00-05:00,32.9156663040368,34.648068906425074,32.3411434157815,33.64928436279297,18300,0.0,0.0
2018-02-15 00:00:00-05:00,34.138375652816364,34.565216104667535,33.364727545850265,34.12059020996094,7600,0.23,0.0
2018-02-16 00:00:00-05:00,33.83603328400156,35.09877271488914,33.62261473289984,34.671932220458984,5500,0.0,0.0
2018-02-20 00:00:00-05:00,34.38736472572908,34.38736472572908,32.85785396989124,32.86674499511719,7500,0.0,0.0
2018-02-21 00:00:00-05:00,33.169090851032124,34.82309971134405,33.05348716933658,33.11573791503906,8700,0.0,0.0
2018-02-22 00:00:00-05:00,33.28469970674057,34.547435807518276,33.28469970674057,33.71154022216797,9200,0.0,0.0
2018-02-23 00:00:00-05:00,34.725279427537224,35.498927483916326,34.29843900359612,35.18769073486328,7600,0.0,0.0
2018-02-26 00:00:00-05:00,35.46337334746842,35.46337334746842,34.30734633993251,34.69861602783203,6500,0.0,0.0
2018-02-27 00:00:00-05:00,34.48519265085121,34.5118725184758,33.68486785888672,33.68486785888672,4600,0.0,0.0
2018-02-28 00:00:00-05:00,33.880500685178035,34.08503163542137,32.066429138183594,32.066429138183594,10600,0.0,0.0
2018-03-01 00:00:00-05:00,32.18202462814668,32.71557779665789,31.657365878168704,31.977497100830078,11400,0.0,0.0
2018-03-02 00:00:00-05:00,32.039742007221356,34.32511891453671,32.039742007221356,33.9338493347168,8200,0.0,0.0
2018-03-05 00:00:00-05:00,33.889394082410774,34.64525692149751,32.760043641353455,33.70265197753906,18300,0.0,0.0
2018-03-06 00:00:00-05:00,33.89827839833688,33.89827839833688,32.63554244333204,33.09795379638672,8300,0.0,0.0
2018-03-07 00:00:00-05:00,32.32429782969064,33.11573468950594,32.03973755802316,32.760032653808594,11200,0.0,0.0
2018-03-08 00:00:00-05:00,32.680002086080705,33.16908987422986,32.03084871021346,32.35987091064453,9100,0.0,0.0
2018-03-09 00:00:00-05:00,32.573294801125385,34.01388178575759,32.35098184827729,33.124629974365234,11500,0.0,0.0
2018-03-12 00:00:00-04:00,32.768922784638235,33.3469377288283,31.8707800877212,32.47547149658203,18900,0.0,0.0
2018-03-13 00:00:00-04:00,32.333196640500844,32.89342623558221,31.612901446824804,32.404335021972656,17600,0.0,0.0
2018-03-14 00:00:00-04:00,32.56440002933911,33.81824493408203,32.06642119139812,33.81824493408203,10900,0.0,0.0
2018-03-15 00:00:00-04:00,33.933852032750316,33.933852032750316,33.080171031326515,33.675968170166016,4500,0.0,0.0
2018-03-16 00:00:00-04:00,33.54257904657225,33.96941950433299,33.03570579096722,33.81824493408203,15900,0.0,0.0
2018-03-19 00:00:00-04:00,33.471442770104154,34.4140510559082,33.00014032331561,34.4140510559082,11200,0.0,0.0
2018-03-20 00:00:00-04:00,34.24508064938009,34.476287985456366,34.058338611013376,34.200618743896484,5100,0.0,0.0
2018-03-21 00:00:00-04:00,34.111701254157886,34.52075628797045,33.996097564697266,33.996097564697266,3300,0.0,0.0
2018-03-22 00:00:00-04:00,34.236197017483896,34.50297190021376,33.311374257942134,33.86271286010742,44100,0.0,0.0
2018-03-23 00:00:00-04:00,33.92496820375028,34.55633636632001,32.457700915081624,32.7244758605957,40400,0.0,0.0
2018-03-26 00:00:00-04:00,33.68486067847104,34.992058577699744,32.79560883769365,34.66303634643555,22500,0.0,0.0
2018-03-27 00:00:00-04:00,34.51186836358115,35.09877449725488,33.329161677353866,33.489227294921875,7900,0.0,0.0
2018-03-28 00:00:00-04:00,33.702642824151496,35.027626037597656,33.702642824151496,35.027626037597656,9100,0.0,0.0
2018-03-29 00:00:00-04:00,35.04541360616271,36.26368763290203,35.04541360616271,35.73902893066406,11700,0.0,0.0
2018-04-02 00:00:00-04:00,35.25883878920925,35.69457031558588,34.547434563552564,34.59189987182617,8500,0.0,0.0
2018-04-03 00:00:00-04:00,34.87645772461122,36.121408246509844,33.57814747968878,34.35179901123047,7600,0.0,0.0
2018-04-04 00:00:00-04:00,34.867560285640025,35.56117895700124,34.40514896880796,35.30329513549805,3900,0.0,0.0
2018-04-05 00:00:00-04:00,35.13434160733008,36.39708108836908,35.09877410888498,36.35261917114258,7000,0.0,0.0
2018-04-06 00:00:00-04:00,36.32592809903079,36.32592809903079,34.95648315295792,35.35664367675781,9700,0.0,0.0
2018-04-09 00:00:00-04:00,35.37443664925584,35.37443664925584,34.82310146545543,34.96538162231445,3000,0.0,0.0
2018-04-10 00:00:00-04:00,35.303296541282954,36.23701023704372,35.303296541282954,36.12140655517578,14700,0.0,0.0
2018-04-11 00:00:00-04:00,35.570068077100665,36.2636833190918,35.570068077100665,36.2636833190918,1100,0.0,0.0
2018-04-12 00:00:00-04:00,36.405970077716375,36.405970077716375,35.241052307325155,36.254798889160156,10500,0.0,0.0
2018-04-13 00:00:00-04:00,35.95245551271685,36.281477774352524,34.903137972360724,36.02359390258789,32900,0.0,0.0
2018-04-16 00:00:00-04:00,36.156981871886686,36.699426069946,35.925777872042225,36.681640625,25100,0.0,0.0
2018-04-17 00:00:00-04:00,36.05916684895111,36.99288074273175,35.63232630871502,36.98398971557617,6300,0.0,0.0
2018-04-18 00:00:00-04:00,36.921741715972196,37.01955997414228,36.04138078466842,36.64607238769531,11900,0.0,0.0
2018-04-19 00:00:00-04:00,36.61049809800797,36.78834915161133,36.477112351975485,36.78834915161133,4200,0.0,0.0
2018-04-20 00:00:00-04:00,36.503788449443704,36.88616702350131,36.19255165299061,36.42375564575195,3800,0.0,0.0
2018-04-23 00:00:00-04:00,36.290362737279885,36.41485743128557,34.96537622487793,36.34371566772461,8300,0.0,0.0
2018-04-24 00:00:00-04:00,36.45931829885791,36.45931829885791,35.88130335918078,36.33482360839844,3500,0.0,0.0
2018-04-25 00:00:00-04:00,35.97912507628827,36.36150360107422,35.02762597290729,36.36150360107422,1700,0.0,0.0
2018-04-26 00:00:00-04:00,36.09473830272147,36.4504404545572,35.08099157988488,36.06806182861328,5400,0.0,0.0
2018-04-27 00:00:00-04:00,35.312188021386575,35.383329793368205,33.79156826365637,34.316226959228516,14000,0.0,0.0
2018-04-30 00:00:00-04:00,34.45851619883313,35.10766977435033,34.05835210646574,34.4674072265625,7900,0.0,0.0
2018-05-01 00:00:00-04:00,33.9160714273468,35.03653086979243,33.67597297539417,35.01874542236328,6600,0.0,0.0
2018-05-02 00:00:00-04:00,34.96537647957434,35.7034570168787,34.16504859481371,34.538536071777344,8300,0.0,0.0
2018-05-03 00:00:00-04:00,34.76974338312464,34.76974338312464,33.03570511882312,33.11573791503906,7000,0.0,0.0
2018-05-04 00:00:00-04:00,33.80045451203858,34.556320467498445,33.74710158281909,34.30733108520508,6600,0.0,0.0
2018-05-07 00:00:00-04:00,34.84978005677914,34.84978005677914,33.48922576195715,33.78268051147461,5900,0.0,0.0
2018-05-08 00:00:00-04:00,33.51590227626106,34.13837927331144,33.151309139624324,33.560367584228516,3200,0.0,0.0
2018-05-09 00:00:00-04:00,33.24913426784564,33.9338587670275,33.24913426784564,33.83604049682617,5300,0.0,0.0
2018-05-10 00:00:00-04:00,33.649291781932355,34.147274063437806,33.26691319639236,33.92496109008789,5500,0.0,0.0
2018-05-11 00:00:00-04:00,33.418086757771796,34.058345794677734,33.38251586899184,34.058345794677734,1000,0.0,0.0
2018-05-14 00:00:00-04:00,36.04137067962438,36.04137067962438,32.902313232421875,32.902313232421875,6800,0.0,0.0
2018-05-15 00:00:00-04:00,32.86674530528483,33.222447377753504,32.14645352726399,32.61775588989258,5100,0.0,0.0
2018-05-16 00:00:00-04:00,33.56036541471357,33.72042762258761,32.537724457651954,33.43586730957031,9800,0.0,0.0
2018-05-17 00:00:00-04:00,33.740069266789085,33.95480470704927,32.00430449267673,33.185340881347656,15800,0.23,0.0
2018-05-18 00:00:00-04:00,33.32850761413574,33.552188873291016,33.051141624065345,33.552188873291016,5100,0.0,0.0
2018-05-21 00:00:00-04:00,33.91007773361828,34.393226623535156,33.59692194620569,34.393226623535156,3000,0.0,0.0
2018-05-22 00:00:00-04:00,33.99954477416705,34.73321888835071,33.99954477416705,34.429012298583984,4700,0.0,0.0
2018-05-23 00:00:00-04:00,33.8921827799811,34.42007064819336,33.8921827799811,34.42007064819336,1000,0.0,0.0
2018-05-24 00:00:00-04:00,34.18743778714787,34.6258544921875,33.66849911727111,34.6258544921875,5400,0.0,0.0
2018-05-25 00:00:00-04:00,34.482707971418044,34.8048095703125,34.482707971418044,34.8048095703125,2600,0.0,0.0
2018-05-29 00:00:00-04:00,34.56322322332159,35.010585665305186,34.22322681174478,35.00163650512695,2900,0.0,0.0
2018-05-30 00:00:00-04:00,35.064265438454335,36.227410467159956,35.064265438454335,35.126895904541016,3200,0.0,0.0
2018-05-31 00:00:00-04:00,35.252167992709474,35.52058482248032,34.33059887925249,34.813751220703125,8100,0.0,0.0
2018-06-01 00:00:00-04:00,35.71741764294103,36.14688861378261,35.29689924586181,36.137939453125,8800,0.0,0.0
2018-06-04 00:00:00-04:00,36.075303928814286,36.254249572753906,35.574256808404215,36.254249572753906,18700,0.0,0.0
2018-06-05 00:00:00-04:00,36.25424932474527,37.57844161987305,35.67267683919601,37.57844161987305,22200,0.0,0.0
2018-06-06 00:00:00-04:00,37.2742434741799,39.76157788937365,36.74635558608787,39.75263214111328,32100,0.0,0.0
2018-06-07 00:00:00-04:00,39.83315609336859,40.164203376760426,38.85790573906952,39.8868408203125,20800,0.0,0.0
2018-06-08 00:00:00-04:00,39.84209952928105,40.33420096494808,39.50210651768072,40.074729919433594,14800,0.0,0.0
2018-06-11 00:00:00-04:00,39.59158718791792,40.27157678813607,38.12423851394282,38.63423156738281,8200,0.0,0.0
2018-06-12 00:00:00-04:00,38.696855363659544,38.696855363659544,36.88056474745477,37.9184455871582,6400,0.0,0.0
2018-06-13 00:00:00-04:00,37.49792990568243,38.35686520776161,37.05056734254468,37.059513092041016,1500,0.0,0.0
2018-06-14 00:00:00-04:00,37.3458198214283,38.42843616008842,36.3347797018582,38.41948699951172,15800,0.0,0.0
2018-06-15 00:00:00-04:00,38.07948918492696,38.07948918492696,36.18267012816941,37.55160140991211,26200,0.0,0.0
2018-06-18 00:00:00-04:00,37.19372171199228,38.47317886352539,37.131091228751245,38.47317886352539,11600,0.0,0.0
2018-06-19 00:00:00-04:00,38.06160485071921,38.37475725630577,37.408455966849225,38.267391204833984,24000,0.0,0.0
2018-06-20 00:00:00-04:00,38.07054602514507,38.347911988984016,37.18477023399991,37.69476318359375,18700,0.0,0.0
2018-06-21 00:00:00-04:00,37.6052910461767,38.33001953237917,36.84477615356445,36.84477615356445,9500,0.0,0.0
2018-06-22 00:00:00-04:00,36.95213727348635,39.33210534430467,35.96794125975197,38.86684799194336,31400,0.0,0.0
2018-06-25 00:00:00-04:00,38.50896689862955,39.1352751150712,37.64108250957019,37.972129821777344,9500,0.0,0.0
2018-06-26 00:00:00-04:00,37.80212849093563,39.02790069580078,37.48002696834806,39.02790069580078,10400,0.0,0.0
2018-06-27 00:00:00-04:00,38.312120193261116,38.49106585704183,36.871612548828125,36.871612548828125,5000,0.0,0.0
2018-06-28 00:00:00-04:00,36.683718246944636,39.17105219686114,35.905308595910405,38.10633087158203,10000,0.0,0.0
2018-06-29 00:00:00-04:00,38.87579955573728,38.87579955573728,36.746353230263175,37.70370864868164,6400,0.0,0.0
2018-07-02 00:00:00-04:00,37.31003350692804,38.11528396606445,36.68372531886303,38.11528396606445,28800,0.0,0.0
2018-07-03 00:00:00-04:00,37.936339394270796,38.19580703683042,37.18477029679415,38.01686477661133,3000,0.0,0.0
2018-07-05 00:00:00-04:00,37.891595288928364,39.36789262770921,37.828964823705356,39.0994758605957,8900,0.0,0.0
2018-07-06 00:00:00-04:00,39.36789614046667,39.36789614046667,38.02580877204167,39.13526916503906,27400,0.0,0.0
2018-07-09 00:00:00-04:00,39.305265468414596,40.53103763629757,38.947374140091775,40.41472244262695,13200,0.0,0.0
2018-07-10 00:00:00-04:00,40.28946067015715,41.81049366448129,39.60947125610291,41.47944641113281,34300,0.0,0.0
2018-07-11 00:00:00-04:00,41.389980884133664,41.676296051070985,40.94261834213302,41.37208938598633,10000,0.0,0.0
2018-07-12 00:00:00-04:00,41.64944211607955,41.64944211607955,39.994202467839166,40.87997817993164,24700,0.0,0.0
2018-07-13 00:00:00-04:00,40.522093088552886,40.522093088552886,39.47526314073759,39.689998626708984,4800,0.0,0.0
2018-07-16 00:00:00-04:00,39.6899976925831,40.2805159987253,39.6899976925831,39.77052307128906,5800,0.0,0.0
2018-07-17 00:00:00-04:00,40.14630735205681,41.112611931562725,40.14630735205681,40.271568298339844,5100,0.0,0.0
2018-07-18 00:00:00-04:00,40.57577228337764,40.897873788978295,39.51105089595731,39.519996643066406,7400,0.0,0.0
2018-07-19 00:00:00-04:00,39.72578020068568,41.542070348040845,39.70788529614228,40.387874603271484,17500,0.0,0.0
2018-07-20 00:00:00-04:00,40.387882069687464,40.88892925021816,39.59157744236712,40.40577697753906,5700,0.0,0.0
2018-07-23 00:00:00-04:00,40.19999066416736,40.44156680055056,39.591577449521814,39.74367904663086,9700,0.0,0.0
2018-07-24 00:00:00-04:00,39.600523074912,40.10157025398982,39.2963164685263,39.448421478271484,7000,0.0,0.0
2018-07-25 00:00:00-04:00,39.52000233406794,40.14631052813679,38.168969061139556,38.75054168701172,8100,0.0,0.0
2018-07-26 00:00:00-04:00,38.678961455303494,39.75263214111328,38.12423290932536,39.75263214111328,7900,0.0,0.0
2018-07-27 00:00:00-04:00,39.42157418702654,39.42157418702654,37.91843631593102,38.03474807739258,7300,0.0,0.0
2018-07-30 00:00:00-04:00,37.694763838235296,38.46422785641864,37.38160805173249,38.25843811035156,6800,0.0,0.0
2018-07-31 00:00:00-04:00,38.02580796655746,38.56264153731408,37.53370995784646,37.90054702758789,7300,0.0,0.0
2018-08-01 00:00:00-04:00,38.142129352130056,38.18686492144013,37.30108563143797,37.71266174316406,6400,0.0,0.0
2018-08-02 00:00:00-04:00,37.0416141005012,37.70370864868164,36.996875122752556,37.70370864868164,1000,0.0,0.0
2018-08-03 00:00:00-04:00,37.846863036361945,37.846863036361945,36.782141621448666,37.20266342163086,5300,0.0,0.0
2018-08-06 00:00:00-04:00,37.587391293641694,37.62318110854534,36.77319177665907,36.925296783447266,1900,0.0,0.0
2018-08-07 00:00:00-04:00,38.45527575529705,38.45527575529705,36.907402089364155,38.20475387573242,3000,0.0,0.0
2018-08-08 00:00:00-04:00,37.864758636452464,37.864758636452464,36.81793211018423,37.76633834838867,7300,0.0,0.0
2018-08-09 00:00:00-04:00,37.67686925975739,37.67686925975739,36.630039263736876,37.58739471435547,2500,0.0,0.0
2018-08-10 00:00:00-04:00,37.104244232177734,37.3995016865939,37.104244232177734,37.104244232177734,1000,0.0,0.0
2018-08-13 00:00:00-04:00,37.13108268372471,37.13108268372471,36.63003551999777,36.63898468017578,2300,0.0,0.0
2018-08-14 00:00:00-04:00,36.8626653874072,36.8626653874072,35.9679405159318,36.03057098388672,4000,0.0,0.0
2018-08-15 00:00:00-04:00,36.907404690254026,37.623183977383434,35.905313688272855,36.68372344970703,3000,0.0,0.0
2018-08-16 00:00:00-04:00,37.53871589006789,37.862713994332275,37.25972019277483,37.709716796875,2900,0.24,0.0
2018-08-17 00:00:00-04:00,37.565713917638696,37.655711855347725,36.566721016342704,36.872718811035156,7000,0.0,0.0
2018-08-20 00:00:00-04:00,36.71072745990573,37.92571703927303,36.71072745990573,37.60171890258789,1900,0.0,0.0
2018-08-21 00:00:00-04:00,37.36771568980524,37.44871520996094,36.95371966821004,37.44871520996094,5100,0.0,0.0
2018-08-22 00:00:00-04:00,37.277711523244726,37.37671131081934,36.74671890480112,37.13371276855469,6700,0.0,0.0
2018-08-23 00:00:00-04:00,36.98971646801215,37.55671310424805,36.89971852781022,37.55671310424805,1300,0.0,0.0
2018-08-24 00:00:00-04:00,37.259715355200456,37.916709899902344,36.45871862000932,37.916709899902344,5100,0.0,0.0
2018-08-27 00:00:00-04:00,37.394711236070734,37.691710596028784,36.78271567603694,36.791717529296875,9400,0.0,0.0
2018-08-28 00:00:00-04:00,37.12472151661507,37.92571495881278,36.908721626273255,37.682716369628906,2300,0.0,0.0
2018-08-29 00:00:00-04:00,37.60170887866125,37.88070796269785,37.12471365636741,37.34071350097656,3000,0.0,0.0
2018-08-30 00:00:00-04:00,37.12471558397467,37.286714617542664,36.64772033691406,36.64772033691406,6100,0.0,0.0
2018-08-31 00:00:00-04:00,37.06172358120747,37.06172358120747,36.16173030032958,36.5847282409668,2800,0.0,0.0
2018-09-04 00:00:00-04:00,36.728724933134984,37.14272099475109,36.05373001098633,36.05373001098633,4000,0.0,0.0
2018-09-05 00:00:00-04:00,36.04472604456333,36.61172270724948,36.02672576904297,36.02672576904297,1300,0.0,0.0
2018-09-06 00:00:00-04:00,36.18872396214856,36.18872396214856,35.135733618049514,35.513729095458984,11600,0.0,0.0
2018-09-07 00:00:00-04:00,35.54972782240699,35.87372589111328,34.94673408702682,35.87372589111328,7300,0.0,0.0
2018-09-10 00:00:00-04:00,35.4147310872184,35.4147310872184,32.67875436532285,33.983741760253906,9800,0.0,0.0
2018-09-11 00:00:00-04:00,33.47975365955496,33.83974894342842,32.45376177905219,33.39875411987305,5500,0.0,0.0
2018-09-12 00:00:00-04:00,33.38974418234332,34.460738218168814,33.38974418234332,33.83974075317383,3800,0.0,0.0
2018-09-13 00:00:00-04:00,34.424741262683206,35.02773508261559,33.29974971815107,33.49774932861328,9000,0.0,0.0
2018-09-14 00:00:00-04:00,33.74974408977944,34.757735485297765,33.74974408977944,33.85774230957031,2600,0.0,0.0
2018-09-17 00:00:00-04:00,34.25373840332031,34.90173109660753,33.86674109813431,34.25373840332031,7800,0.0,0.0
2018-09-18 00:00:00-04:00,34.42473610807677,35.12672962812689,33.83973921923419,34.03773880004883,7500,0.0,0.0
2018-09-19 00:00:00-04:00,34.10973784723023,35.009730894036295,33.902736425247944,34.118736267089844,5300,0.0,0.0
2018-09-20 00:00:00-04:00,34.34374268337241,34.361742960566644,33.866747353931714,34.18174362182617,5300,0.0,0.0
2018-09-21 00:00:00-04:00,34.127734898033054,34.34373474121094,33.695738644878325,34.34373474121094,27200,0.0,0.0
2018-09-24 00:00:00-04:00,34.001742366020615,34.63173829949132,33.57874789201161,33.8757438659668,8400,0.0,0.0
2018-09-25 00:00:00-04:00,33.650743017393346,34.41573924772604,33.326744937083156,33.83974075317383,14600,0.0,0.0
2018-09-26 00:00:00-04:00,34.019746298826874,34.69474127869726,33.92974834145829,34.26274490356445,6700,0.0,0.0
2018-09-27 00:00:00-04:00,34.24474382899341,34.24474382899341,33.34475054343142,33.69574737548828,3000,0.0,0.0
2018-09-28 00:00:00-04:00,33.74974142467264,35.09973108165955,33.68674218200269,34.7037353515625,8900,0.0,0.0
2018-10-01 00:00:00-04:00,34.532731968334126,35.27972783914246,33.73173871239815,34.28073501586914,3800,0.0,0.0
2018-10-02 00:00:00-04:00,34.56873888989699,34.56873888989699,34.208740234375,34.208740234375,2200,0.0,0.0
2018-10-03 00:00:00-04:00,34.226736194613636,34.8927325933893,34.226736194613636,34.6407356262207,3300,0.0,0.0
2018-10-04 00:00:00-04:00,34.604741250650555,34.964736491785494,33.78574752807617,33.78574752807617,8400,0.0,0.0
2018-10-05 00:00:00-04:00,33.974744791678546,34.19074467977084,33.11075210571289,33.11075210571289,6200,0.0,0.0
2018-10-08 00:00:00-04:00,33.29075458523647,33.88475004210287,33.16475263591153,33.326751708984375,3600,0.0,0.0
2018-10-09 00:00:00-04:00,33.53374016630999,34.118737033149124,33.128746032714844,33.128746032714844,6300,0.0,0.0
2018-10-10 00:00:00-04:00,33.20075425242601,34.09174918276175,32.273762197193555,32.28276062011719,8400,0.0,0.0
2018-10-11 00:00:00-04:00,32.39975414641271,32.39975414641271,30.464767456054688,30.464767456054688,4400,0.0,0.0
2018-10-12 00:00:00-04:00,31.34676192903384,31.34676192903384,29.870770332511988,29.879772186279297,8000,0.0,0.0
2018-10-15 00:00:00-04:00,30.554770096544292,30.554770096544292,29.564775507878267,30.17677116394043,27300,0.0,0.0
2018-10-16 00:00:00-04:00,30.149769973754882,30.842765098568634,26.963793457037536,26.999794006347656,42500,0.0,0.0
2018-10-17 00:00:00-04:00,27.143794330403995,27.143794330403995,26.50479999283093,26.5497989654541,16300,0.0,0.0
2018-10-18 00:00:00-04:00,26.60379446133699,26.999791889700752,25.667802568459642,26.081798553466797,17100,0.0,0.0
2018-10-19 00:00:00-04:00,25.802801819659955,27.134791173684675,25.802801819659955,26.810794830322266,14600,0.0,0.0
2018-10-22 00:00:00-04:00,26.999794779748132,27.269792040905326,26.603797308996956,26.900794982910156,9100,0.0,0.0
2018-10-23 00:00:00-04:00,26.567797714230252,27.422790161137527,26.567797714230252,26.999794006347656,9400,0.0,0.0
2018-10-24 00:00:00-04:00,27.224791172395907,28.097783858129578,26.95479393005371,26.95479393005371,13200,0.0,0.0
2018-10-25 00:00:00-04:00,26.95479437582532,27.746787558633994,26.927793964504332,27.71078872680664,18800,0.0,0.0
2018-10-26 00:00:00-04:00,27.36879394811913,27.854791115597617,27.03579741478833,27.125795364379883,7000,0.0,0.0
2018-10-29 00:00:00-04:00,27.899790116633337,27.899790116633337,26.99979688706452,27.45879364013672,16200,0.0,0.0
2018-10-30 00:00:00-04:00,27.197791840618933,27.944786071777344,27.197791840618933,27.944786071777344,9900,0.0,0.0
2018-10-31 00:00:00-04:00,28.187786885218536,28.214787299324975,27.125794629443245,27.836790084838867,11800,0.0,0.0
2018-11-01 00:00:00-04:00,27.899786373311958,29.15077624525471,27.80978671911018,28.322782516479492,10100,0.0,0.0
2018-11-02 00:00:00-04:00,29.150778012631992,29.150778012631992,27.845788955688477,27.845788955688477,12000,0.0,0.0
2018-11-05 00:00:00-05:00,27.93579070856021,29.123781498583877,27.93579070856021,28.376787185668945,5200,0.0,0.0
2018-11-06 00:00:00-05:00,28.520784716117124,29.699775316203024,28.17878634208865,29.195777893066406,10300,0.0,0.0
2018-11-07 00:00:00-05:00,29.49277626036259,30.446770245759147,29.21377714485568,30.0147705078125,11300,0.0,0.0
2018-11-08 00:00:00-05:00,29.825772279454572,30.185770910776974,29.249777215899844,29.69977378845215,5900,0.0,0.0
2018-11-09 00:00:00-05:00,29.249778900723722,29.71777577511949,28.907780524588045,28.91678237915039,4200,0.0,0.0
2018-11-12 00:00:00-05:00,28.84478047444543,30.221772362110155,27.98078785333914,28.961780548095703,13000,0.0,0.0
2018-11-13 00:00:00-05:00,28.04378848937276,29.77177725035218,28.04378848937276,29.70877456665039,10300,0.0,0.0
2018-11-14 00:00:00-05:00,29.996773672766576,29.996773672766576,28.484783172607422,28.484783172607422,13400,0.0,0.0
2018-11-15 00:00:00-05:00,28.484779459330547,29.5095432724613,28.45757274341596,28.820322036743164,4200,0.24,0.0
2018-11-16 00:00:00-05:00,28.865669632000095,29.935774690109124,28.158310468085247,28.267135620117188,8300,0.0,0.0
2018-11-19 00:00:00-05:00,28.11296485898864,28.811255046424616,27.895316306356047,27.94972801208496,6200,0.0,0.0
2018-11-20 00:00:00-05:00,27.786494472180113,28.112968204842613,26.516876899195168,27.133548736572266,23500,0.0,0.0
2018-11-21 00:00:00-05:00,26.89775823950977,27.55977278108229,25.573729156364728,26.190399169921875,33400,0.0,0.0
2018-11-23 00:00:00-05:00,25.927412662847043,26.68918357843864,25.220053461307078,26.208541870117188,8900,0.0,0.0
2018-11-26 00:00:00-05:00,26.30829756773271,26.997518940198,26.20854131930359,26.398984909057617,10600,0.0,0.0
2018-11-27 00:00:00-05:00,26.226679589339792,26.589427231226935,25.528389297633794,25.936481475830078,9600,0.0,0.0
2018-11-28 00:00:00-05:00,25.981821027818317,26.879621977670222,25.483043298917362,26.752660751342773,11200,0.0,0.0
2018-11-29 00:00:00-05:00,26.67104544127365,27.178892135620117,26.45339685798231,27.178892135620117,14400,0.0,0.0
2018-11-30 00:00:00-05:00,27.59605394055155,28.058557840806948,26.51687817328895,26.652908325195312,12300,0.0,0.0
2018-12-03 00:00:00-05:00,27.042859383479975,27.75021850835728,26.389913696474245,27.568843841552734,23800,0.0,0.0
2018-12-04 00:00:00-05:00,27.46002176274934,28.08576076129739,26.61663246154785,26.61663246154785,10700,0.0,0.0
2018-12-06 00:00:00-05:00,26.571288613449752,26.571288613449752,25.392358380526453,26.090648651123047,23900,0.0,0.0
2018-12-07 00:00:00-05:00,26.07251045315181,26.807074611163294,26.04530373258949,26.68918228149414,11100,0.0,0.0
2018-12-10 00:00:00-05:00,26.2992274510763,26.2992274510763,24.67592947814222,24.966129302978516,13100,0.0,0.0
2018-12-11 00:00:00-05:00,24.966130100041344,25.05681571037349,23.179595209136934,23.569549560546875,27900,0.0,0.0
2018-12-12 00:00:00-05:00,23.506069721318717,24.793825149536133,21.991596800314554,24.793825149536133,58900,0.0,0.0
2018-12-13 00:00:00-05:00,24.51269464511337,24.929853979492556,23.859747193435194,24.83916664123535,7100,0.0,0.0
2018-12-14 00:00:00-05:00,24.65778920242044,24.793819320166484,23.986705789118716,24.458276748657227,34000,0.0,0.0
2018-12-17 00:00:00-05:00,25.2109816980174,25.2109816980174,22.961944835201194,23.805334091186523,19100,0.0,0.0
2018-12-18 00:00:00-05:00,24.04112042155507,24.594311594850755,23.270280687384936,24.576173782348633,8800,0.0,0.0
2018-12-19 00:00:00-05:00,24.485485636220194,24.947989461359278,23.67837203357273,23.823471069335938,12600,0.0,0.0
2018-12-20 00:00:00-05:00,23.841612388574823,24.140879410076224,22.590130858865535,23.31562614440918,10200,0.0,0.0
2018-12-21 00:00:00-05:00,23.29749015972092,24.33132137849464,22.599199863309767,24.12274169921875,27000,0.0,0.0
2018-12-24 00:00:00-05:00,23.950437018271206,23.950437018271206,22.082285266973113,22.626407623291016,14600,0.0,0.0
2018-12-26 00:00:00-05:00,22.907535210647502,24.285977953756017,22.744298342421867,23.542343139648438,18200,0.0,0.0
2018-12-27 00:00:00-05:00,23.243074010623967,24.376661348299518,22.998220460270975,23.805334091186523,25300,0.0,0.0
2018-12-28 00:00:00-05:00,23.805336262111833,25.120298385620117,23.805336262111833,25.120298385620117,7200,0.0,0.0
2018-12-31 00:00:00-05:00,24.93892291806779,26.62570153076294,24.032052993774414,24.032052993774414,12200,0.0,0.0
2019-01-02 00:00:00-05:00,23.95950423766171,25.093091679394917,23.95950423766171,24.920785903930664,4500,0.0,0.0
2019-01-03 00:00:00-05:00,24.848234594032203,24.848234594032203,23.03449481739165,23.47886085510254,12800,0.0,0.0
2019-01-04 00:00:00-05:00,24.19529254630957,25.292604446411133,24.19529254630957,25.292604446411133,17300,0.0,0.0
2019-01-07 00:00:00-05:00,24.893581960865035,25.854863667623142,24.512696495211106,24.603382110595703,8000,0.0,0.0
2019-01-08 00:00:00-05:00,24.8573055267334,25.519320184039465,24.331321017820507,24.8573055267334,9100,0.0,0.0
2019-01-09 00:00:00-05:00,24.739411418376864,25.038678415264943,23.805334801560356,24.322250366210938,9300,0.0,0.0
2019-01-10 00:00:00-05:00,24.422005001838407,24.957058344367244,24.276905966208584,24.49455451965332,9700,0.0,0.0
2019-01-11 00:00:00-05:00,24.748479964119124,25.020540237426758,24.476417961094455,25.020540237426758,9300,0.0,0.0
2019-01-14 00:00:00-05:00,26.408052525000482,26.408052525000482,25.06588374439184,25.537456512451172,23600,0.0,0.0
2019-01-15 00:00:00-05:00,25.637215264135843,26.353641663257793,25.31074151127573,25.582801818847656,7700,0.0,0.0
2019-01-16 00:00:00-05:00,25.80044901418296,25.954616964383604,25.165639400482178,25.392356872558594,8800,0.0,0.0
2019-01-17 00:00:00-05:00,25.26539623149537,26.244815664540166,25.26539623149537,25.537456512451172,5800,0.0,0.0
2019-01-18 00:00:00-05:00,25.655351594254988,26.408053580001344,25.229121612754724,25.419565200805664,14100,0.0,0.0
2019-01-22 00:00:00-05:00,25.56466281778363,26.126921183897206,25.093090057373047,25.093090057373047,13200,0.0,0.0
2019-01-23 00:00:00-05:00,25.129364731434404,25.891135604991376,25.038679122924805,25.038679122924805,7600,0.0,0.0
2019-01-24 00:00:00-05:00,25.39235372496821,25.39235372496821,24.67592577174967,25.002399444580078,4900,0.0,0.0
2019-01-25 00:00:00-05:00,25.056814670259286,25.238189342828957,24.7031359614372,25.02960968017578,3800,0.0,0.0
2019-01-28 00:00:00-05:00,24.70313554948552,24.70313554948552,23.678373336791992,23.678373336791992,15300,0.0,0.0
2019-01-29 00:00:00-05:00,23.823473623584427,24.39480092194265,23.759993004846528,24.004846572875977,9200,0.0,0.0
2019-01-30 00:00:00-05:00,24.140875307058987,24.385728843241065,23.63302696377586,23.714645385742188,12700,0.0,0.0
2019-01-31 00:00:00-05:00,24.03205703877739,24.47642316890945,23.696514349235784,24.06833267211914,16200,0.0,0.0
2019-02-01 00:00:00-05:00,24.48548654250034,24.48548654250034,23.13425064086914,23.13425064086914,11000,0.0,0.0
2019-02-04 00:00:00-05:00,23.560479283049062,23.85974627700125,23.1705249543229,23.578617095947266,8900,0.0,0.0
2019-02-05 00:00:00-05:00,23.714645385742188,24.122737495573826,23.58768416477986,23.714645385742188,7800,0.0,0.0
2019-02-06 00:00:00-05:00,24.02298427475973,24.44014534264864,23.324694012462995,23.832542419433594,21700,0.0,0.0
2019-02-07 00:00:00-05:00,23.968571365768376,24.712204395596743,23.95950245934156,24.349456787109375,16600,0.0,0.0
2019-02-08 00:00:00-05:00,24.594314213061725,24.64872592664354,23.76906095353211,23.950435638427734,14600,0.0,0.0
2019-02-11 00:00:00-05:00,24.131809770359474,24.89358066191813,23.986710717654695,24.140878677368164,19900,0.0,0.0
2019-02-12 00:00:00-05:00,24.62151753376762,25.464906820766597,24.22249429191193,24.929853439331055,23600,0.0,0.0
2019-02-13 00:00:00-05:00,24.802895235936507,25.328879775018237,24.694070073149785,25.31981086730957,8600,0.0,0.0
2019-02-14 00:00:00-05:00,25.0636847854728,25.621672494584224,25.0636847854728,25.511903762817383,14100,0.24,0.0
2019-02-15 00:00:00-05:00,25.749733520684117,26.48152096522882,25.191747578831784,26.21624755859375,11800,0.0,0.0
2019-02-19 00:00:00-05:00,26.079038085853515,26.920592517142236,26.079038085853515,26.64617156982422,3000,0.0,0.0
2019-02-20 00:00:00-05:00,26.6919118630963,27.094394911484002,26.29857635498047,26.29857635498047,17400,0.0,0.0
2019-02-21 00:00:00-05:00,26.289426669969288,26.89315032094051,26.289426669969288,26.682762145996094,11500,0.0,0.0
2019-02-22 00:00:00-05:00,26.755938291549683,27.441987991333008,26.746790752853485,27.441987991333008,6300,0.0,0.0
2019-02-25 00:00:00-05:00,27.387108314021397,27.56090633928446,26.93888932383823,27.021215438842773,11800,0.0,0.0
2019-02-26 00:00:00-05:00,27.012066456754905,27.56090486786405,27.012066456754905,27.07609748840332,19200,0.0,0.0
2019-02-27 00:00:00-05:00,27.012065438260876,27.56090382867599,26.92973933075567,27.167570114135742,2800,0.0,0.0
2019-02-28 00:00:00-05:00,27.002916907286274,27.441988301376792,26.42663417591717,26.664464950561523,6500,0.0,0.0
2019-03-01 00:00:00-05:00,27.259041727609052,27.259041727609052,26.884001350593845,26.94803237915039,3100,0.0,0.0
2019-03-04 00:00:00-05:00,27.030360247910128,27.25904350464275,26.92059326171875,26.92059326171875,3800,0.0,0.0
2019-03-05 00:00:00-05:00,26.792531698102174,27.249898220134252,26.435784624511076,26.572994232177734,12000,0.0,0.0
2019-03-06 00:00:00-05:00,26.792532117914973,27.24989864711354,26.170513359050553,26.60958480834961,14600,0.0,0.0
2019-03-07 00:00:00-05:00,26.737645392741346,26.884002534376467,26.261983810069815,26.8565616607666,5800,0.0,0.0
2019-03-08 00:00:00-05:00,26.536405964305,26.80167764129777,25.859503717322795,25.969270706176758,7300,0.0,0.0
2019-03-11 00:00:00-04:00,25.859498479505664,26.67361017001518,25.731434692162132,26.40833854675293,8600,0.0,0.0
2019-03-12 00:00:00-04:00,26.46322681129009,26.46322681129009,25.90523910522461,25.90523910522461,3700,0.0,0.0
2019-03-13 00:00:00-04:00,26.23454285789236,26.518109600871842,25.82291230782961,26.444931030273438,6700,0.0,0.0
2019-03-14 00:00:00-04:00,26.39004448314653,26.481518121982692,25.676552193881918,26.316865921020508,10600,0.0,0.0
2019-03-15 00:00:00-04:00,26.33516370025883,29.25316069110551,26.326016160965032,28.658584594726562,35700,0.0,0.0
2019-03-18 00:00:00-04:00,27.515169026467195,30.4331678333735,27.515169026467195,30.158748626708984,7800,0.0,0.0
2019-03-19 00:00:00-04:00,28.823235009768624,30.177041080423145,28.823235009768624,29.902618408203125,11400,0.0,0.0
2019-03-20 00:00:00-04:00,29.856885618660503,29.957506810531328,28.60370234133658,28.795795440673828,9600,0.0,0.0
2019-03-21 00:00:00-04:00,29.692231619963025,29.692231619963025,27.807882174339646,27.990829467773438,6000,0.0,0.0
2019-03-22 00:00:00-04:00,28.064008769180457,28.064008769180457,26.499814429140507,26.64617156982422,10800,0.0,0.0
2019-03-25 00:00:00-04:00,26.67361122906255,26.948030401224468,26.527254104614258,26.527254104614258,4400,0.0,0.0
2019-03-26 00:00:00-04:00,26.810822775468875,27.862765338623767,26.390046448092786,27.350515365600586,12900,0.0,0.0
2019-03-27 00:00:00-04:00,27.158423138171955,28.219513273892726,27.158423138171955,27.844472885131836,6500,0.0,0.0
2019-03-28 00:00:00-04:00,28.045713839857616,28.905563354492188,28.045713839857616,28.905563354492188,7300,0.0,0.0
2019-03-29 00:00:00-04:00,28.859825470619356,29.079362926109095,28.32013286069612,28.484785079956055,10700,0.0,0.0
2019-04-01 00:00:00-04:00,28.859824785237983,29.234865166994588,28.237807825171572,28.411605834960938,8200,0.0,0.0
2019-04-02 00:00:00-04:00,28.475636864326987,28.475636864326987,28.118891560879167,28.411605834960938,6800,0.0,0.0
2019-04-03 00:00:00-04:00,28.548815193420744,28.649436378560495,28.07315537438437,28.585405349731445,4000,0.0,0.0
2019-04-04 00:00:00-04:00,28.722616626687287,29.179983139038086,28.045714397773878,29.179983139038086,14700,0.0,0.0
2019-04-05 00:00:00-04:00,29.17997989982618,29.664788977197652,28.686025028571958,29.24401092529297,6400,0.0,0.0
2019-04-08 00:00:00-04:00,28.878120284849288,29.344636064955807,28.859825206273594,29.061067581176758,4600,0.0,0.0
2019-04-09 00:00:00-04:00,29.09765397834204,29.710525110463152,28.777497104300043,29.051918029785156,8800,0.0,0.0
2019-04-10 00:00:00-04:00,29.189127739629612,30.314248827993822,29.189127739629612,30.29595375061035,4600,0.0,0.0
2019-04-11 00:00:00-04:00,30.314252494803625,30.38743281318939,29.73796970051949,30.268516540527344,7700,0.0,0.0
2019-04-12 00:00:00-04:00,30.53378643647419,30.69843864440918,30.094715045123962,30.69843864440918,5700,0.0,0.0
2019-04-15 00:00:00-04:00,30.341688079364406,31.3844864979702,30.094713271446988,30.735023498535156,6700,0.0,0.0
2019-04-16 00:00:00-04:00,31.055188152628265,31.32046157807005,30.744178771972656,30.744178771972656,14400,0.0,0.0
2019-04-17 00:00:00-04:00,31.082631542135655,31.15581186794108,30.597824096679688,30.597824096679688,5700,0.0,0.0
2019-04-18 00:00:00-04:00,30.597821001471697,30.927125455424413,29.994097332368266,30.899681091308594,9100,0.0,0.0
2019-04-22 00:00:00-04:00,30.50634689737781,30.579527218884376,30.003244400024414,30.003244400024414,3500,0.0,0.0
2019-04-23 00:00:00-04:00,30.24107488886842,30.46060885952598,30.140453698388065,30.186189651489258,2500,0.0,0.0
2019-04-24 00:00:00-04:00,30.04897978983324,30.54293648240221,29.939212799072266,29.939212799072266,3800,0.0,0.0
2019-04-25 00:00:00-04:00,29.9392104306728,30.012390745010862,29.271455764770508,29.271455764770508,2900,0.0,0.0
2019-04-26 00:00:00-04:00,29.637349778581456,29.637349778581456,28.804941166395892,29.20742416381836,5800,0.0,0.0
2019-04-29 00:00:00-04:00,29.088509299046162,29.408667949273894,28.786647472640173,29.344636917114258,3100,0.0,0.0
2019-04-30 00:00:00-04:00,29.33548703943541,29.408667354382985,28.905563157406828,29.09765625,6800,0.0,0.0
2019-05-01 00:00:00-04:00,28.95129910713873,29.033625216733203,28.274396896362305,28.274396896362305,1400,0.0,0.0
2019-05-02 00:00:00-04:00,28.722614077846217,28.905561364437734,28.201216579189417,28.70431900024414,4900,0.0,0.0
2019-05-03 00:00:00-04:00,28.75005667159244,30.14959695747047,28.75005667159244,30.131301879882812,3400,0.0,0.0
2019-05-06 00:00:00-04:00,29.454403902326558,30.09471771335248,28.448197232735012,29.344636917114258,4600,0.0,0.0
2019-05-07 00:00:00-04:00,29.353781786300413,29.939210341544303,28.777499025606833,28.859825134277344,6300,0.0,0.0
2019-05-08 00:00:00-04:00,29.17083301080934,29.17083301080934,28.146333091097816,28.70431900024414,10100,0.0,0.0
2019-05-09 00:00:00-04:00,28.246950833229405,28.585402769697012,28.14633140188595,28.32012939453125,4000,0.0,0.0
2019-05-10 00:00:00-04:00,28.283543407962764,28.768352508544922,28.22865991846572,28.768352508544922,2000,0.0,0.0
2019-05-13 00:00:00-04:00,28.384166864636157,28.60370258491167,28.155483604593144,28.20121955871582,4200,0.0,0.0
2019-05-14 00:00:00-04:00,28.32013171598473,28.759204864501953,28.32013171598473,28.759204864501953,2000,0.0,0.0
2019-05-15 00:00:00-04:00,28.320130169650426,33.14992232662112,28.320130169650426,32.4547233581543,32500,0.0,0.0
2019-05-16 00:00:00-04:00,32.70338170976481,33.799329496764884,31.082489013671875,31.082489013671875,37900,0.24,0.0
2019-05-17 00:00:00-04:00,30.944342172687513,30.944342172687513,28.909015655517578,28.909015655517578,10100,0.0,0.0
2019-05-20 00:00:00-04:00,28.687987976616753,28.687987976616753,28.153829676729654,28.58668327331543,4300,0.0,0.0
2019-05-21 00:00:00-04:00,28.586683344704454,28.6143111017661,28.301183640023044,28.540634155273438,2000,0.0,0.0
2019-05-22 00:00:00-04:00,28.153829921047144,28.209087192108928,27.628881454467773,27.628881454467773,6600,0.0,0.0
2019-05-23 00:00:00-04:00,27.472319783039048,27.472319783039048,26.864484485981166,26.956581115722656,4700,0.0,0.0
2019-05-24 00:00:00-04:00,26.984207941084076,27.131561840931592,26.70791981801925,27.113143920898438,4600,0.0,0.0
2019-05-28 00:00:00-04:00,26.984208053305974,27.5920433318541,26.984208053305974,27.18682098388672,2800,0.0,0.0
2019-05-29 00:00:00-04:00,27.62888105707929,27.813074300098602,27.260496327637625,27.288124084472656,6300,0.0,0.0
2019-05-30 00:00:00-04:00,27.536781560619385,27.748602538358767,27.011833156397106,27.68413543701172,2500,0.0,0.0
2019-05-31 00:00:00-04:00,27.518366341940066,27.711769433888506,27.067094802856445,27.067094802856445,2300,0.0,0.0
2019-06-03 00:00:00-04:00,26.846064889076526,27.45390018795395,26.265859106183388,26.717130661010742,9600,0.0,0.0
2019-06-04 00:00:00-04:00,27.039465710086272,27.481527389014857,26.477677895241424,27.242076873779297,8000,0.0,0.0
2019-06-05 00:00:00-04:00,27.113147318123236,27.251291396964834,26.15534509250658,26.505311965942383,8200,0.0,0.0
2019-06-06 00:00:00-04:00,26.606611251831055,27.06709259163621,26.48688687638435,26.606611251831055,1900,0.0,0.0
2019-06-07 00:00:00-04:00,27.196029672334426,27.481527622830228,26.643451690673828,26.643451690673828,5200,0.0,0.0
2019-06-10 00:00:00-04:00,27.4446882087992,27.628881454467773,26.947369256049207,27.628881454467773,5800,0.0,0.0
2019-06-11 00:00:00-04:00,27.214450523999307,27.214450523999307,26.32111722440004,26.800018310546875,4900,0.0,0.0
2019-06-12 00:00:00-04:00,26.56977468976163,26.56977468976163,25.786956030377212,26.330324172973633,10300,0.0,0.0
2019-06-13 00:00:00-04:00,26.32111331299899,26.910528865838582,26.32111331299899,26.606611251831055,4300,0.0,0.0
2019-06-14 00:00:00-04:00,26.652661987218924,26.938159942626953,26.265857569060913,26.938159942626953,3200,0.0,0.0
2019-06-17 00:00:00-04:00,27.499946946864238,27.499946946864238,26.80001507993019,27.168399810791016,5900,0.0,0.0
2019-06-18 00:00:00-04:00,27.545996123391607,27.628882912657343,27.306545594023593,27.527576446533203,3100,0.0,0.0
2019-06-19 00:00:00-04:00,27.48152646052841,27.48152646052841,27.398639678955078,27.398639678955078,1500,0.0,0.0
2019-06-20 00:00:00-04:00,27.463106495258895,27.868330561270287,27.44468682030454,27.49073600769043,5600,0.0,0.0
2019-06-21 00:00:00-04:00,27.34338462150947,28.172250747680664,27.34338462150947,28.172250747680664,9900,0.0,0.0
2019-06-24 00:00:00-04:00,27.9972664743722,28.08936309814453,27.490737678519867,28.08936309814453,7300,0.0,0.0
2019-06-25 00:00:00-04:00,28.273557816796366,28.273557816796366,27.739399479040333,27.79465675354004,2300,0.0,0.0
2019-06-26 00:00:00-04:00,26.79080326317464,28.181457056475605,26.79080326317464,28.080150604248047,3600,0.0,0.0
2019-06-27 00:00:00-04:00,28.227508217463512,30.124691009521484,28.227508217463512,30.124691009521484,7100,0.0,0.0
2019-06-28 00:00:00-04:00,29.995758581447483,31.478509274618748,29.78393755573649,31.34957504272461,31400,0.0,0.0
2019-07-01 00:00:00-04:00,31.607438335391123,32.80468909549656,31.40482542516626,32.344207763671875,12000,0.0,0.0
2019-07-02 00:00:00-04:00,32.2060728872952,32.50998880941356,31.791638890593298,32.00345993041992,3600,0.0,0.0
2019-07-03 00:00:00-04:00,32.1231804196068,32.70338439941406,32.1231804196068,32.70338439941406,2400,0.0,0.0
2019-07-05 00:00:00-04:00,33.89142202814112,33.89142202814112,31.80083656311035,31.80083656311035,4500,0.0,0.0
2019-07-08 00:00:00-04:00,31.929776957079397,32.095550533658844,31.229846810672697,31.70874786376953,5100,0.0,0.0
2019-07-09 00:00:00-04:00,31.46929375667323,31.6811182691762,31.110118865966797,31.110118865966797,2200,0.0,0.0
2019-07-10 00:00:00-04:00,31.414035356599303,31.414035356599303,29.83919012827426,29.848398208618164,8000,0.0,0.0
2019-07-11 00:00:00-04:00,29.885242611058263,30.262837206507445,29.102423904664686,29.79314422607422,11200,0.0,0.0
2019-07-12 00:00:00-04:00,29.70104884086812,30.861460366054768,29.70104884086812,30.603591918945312,4700,0.0,0.0
2019-07-15 00:00:00-04:00,30.437812112594322,31.38640594482422,30.437812112594322,31.38640594482422,4900,0.0,0.0
2019-07-16 00:00:00-04:00,31.05486614023235,31.69953727722168,31.05486614023235,31.69953727722168,1900,0.0,0.0
2019-07-17 00:00:00-04:00,31.625853952596273,31.625853952596273,31.28509879445972,31.404821395874023,5000,0.0,0.0
2019-07-18 00:00:00-04:00,31.7455864019547,31.938987731933594,31.579812829631646,31.938987731933594,1600,0.0,0.0
2019-07-19 00:00:00-04:00,31.957406379122126,32.574449701528074,31.957406379122126,32.215274810791016,2000,0.0,0.0
2019-07-22 00:00:00-04:00,32.23369598388672,32.298163094798966,32.23369598388672,32.23369598388672,2100,0.0,0.0
2019-07-23 00:00:00-04:00,32.3257880474036,32.3257880474036,31.671905400216723,31.95740509033203,4400,0.0,0.0
2019-07-24 00:00:00-04:00,32.325789351049984,32.325789351049984,32.215274810791016,32.215274810791016,1500,0.0,0.0
2019-07-25 00:00:00-04:00,31.911357004257212,32.39946608111631,31.911357004257212,32.09554672241211,3100,0.0,0.0
2019-07-26 00:00:00-04:00,32.35342003675153,32.92441591650432,32.150807122274095,32.39946746826172,8800,0.0,0.0
2019-07-29 00:00:00-04:00,32.69417265815806,32.69417265815806,32.270530700683594,32.270530700683594,3300,0.0,0.0
2019-07-30 00:00:00-04:00,32.50997886535011,32.74021951384861,32.4547233581543,32.4547233581543,4400,0.0,0.0
2019-07-31 00:00:00-04:00,32.52840468453252,33.15465964782474,32.52840468453252,32.62971115112305,10600,0.0,0.0
2019-08-01 00:00:00-04:00,33.31120833669763,33.338839597681165,32.417877197265625,32.417877197265625,3600,0.0,0.0
2019-08-02 00:00:00-04:00,32.39025574160126,32.39025574160126,31.727165001539422,31.773212432861328,1600,0.0,0.0
2019-08-05 00:00:00-04:00,31.331154078831133,31.331154078831133,29.627370834350586,29.627370834350586,3900,0.0,0.0
2019-08-06 00:00:00-04:00,29.931289895763715,30.272045135498047,29.931289895763715,30.272045135498047,3400,0.0,0.0
2019-08-07 00:00:00-04:00,29.89445283607351,30.281259054348062,29.747098922729492,29.747098922729492,1500,0.0,0.0
2019-08-08 00:00:00-04:00,30.133897253819214,30.704893079426697,29.81155823742637,29.912864685058594,4300,0.0,0.0
2019-08-09 00:00:00-04:00,29.820773643714677,30.85225089903281,29.820773643714677,30.10626983642578,3000,0.0,0.0
2019-08-12 00:00:00-04:00,30.087849548938003,30.52070313966073,29.90365982055664,29.90365982055664,2300,0.0,0.0
2019-08-13 00:00:00-04:00,31.40482561157217,31.40482561157217,29.977334177081396,30.20757484436035,3600,0.0,0.0
2019-08-14 00:00:00-04:00,29.85760768805847,30.087848352574134,29.001113891601562,29.001113891601562,7800,0.0,0.0
2019-08-15 00:00:00-04:00,29.177498438806996,29.177498438806996,28.80616569519043,28.80616569519043,3500,0.25,0.0
2019-08-16 00:00:00-04:00,29.056814622042964,30.38433074951172,28.94541568263052,30.38433074951172,11500,0.0,0.0
2019-08-19 00:00:00-04:00,30.458599887313888,30.458599887313888,28.898998757801635,29.539548873901367,4000,0.0,0.0
2019-08-20 00:00:00-04:00,29.391015371366148,29.706648654977624,28.202748787731515,28.24916648864746,7500,0.0,0.0
2019-08-21 00:00:00-04:00,28.57408229811491,29.093948135339552,27.57148301242601,27.61789894104004,11200,0.0,0.0
2019-08-22 00:00:00-04:00,27.840699525459055,27.849983065626105,27.13516640865135,27.274415969848633,8200,0.0,0.0
2019-08-23 00:00:00-04:00,27.246564291505354,27.27441313846125,26.568881865549777,26.606014251708984,10800,0.0,0.0
2019-08-26 00:00:00-04:00,26.55031608296875,27.84998153374607,26.55031608296875,27.701448440551758,14100,0.0,0.0
2019-08-27 00:00:00-04:00,27.849984176317164,27.849984176317164,25.538435702161355,26.643152236938477,17600,0.0,0.0
2019-08-28 00:00:00-04:00,26.308952870196798,27.775718688964844,26.308952870196798,27.775718688964844,5300,0.0,0.0
2019-08-29 00:00:00-04:00,27.84998462850072,28.769033908762722,27.608617882575192,28.434833526611328,9800,0.0,0.0
2019-08-30 00:00:00-04:00,28.880434031425338,28.880434031425338,28.25845098337555,28.555517196655273,3600,0.0,0.0
2019-09-03 00:00:00-04:00,28.574084154530773,29.27033375290054,27.68288374787724,28.0170841217041,8300,0.0,0.0
2019-09-04 00:00:00-04:00,28.30486467503105,28.85258112641217,27.720015835255943,28.741180419921875,5000,0.0,0.0
2019-09-05 00:00:00-04:00,29.047531377046532,29.18678092956543,28.41626485026312,29.18678092956543,4600,0.0,0.0
2019-09-06 00:00:00-04:00,29.186783673004392,29.706649544245487,29.131082430237843,29.567399978637695,3400,0.0,0.0
2019-09-09 00:00:00-04:00,29.725217319360517,30.41218162298152,29.725217319360517,29.948015213012695,4300,0.0,0.0
2019-09-10 00:00:00-04:00,29.799479553640285,30.913479550506207,29.780916015181578,30.505014419555664,3800,0.0,0.0
2019-09-11 00:00:00-04:00,30.83921600456918,31.56331443786621,30.64426342988201,31.56331443786621,5500,0.0,0.0
2019-09-12 00:00:00-04:00,31.51689695084638,32.17601234046803,30.82064740204112,31.591161727905273,7200,0.0,0.0
2019-09-13 00:00:00-04:00,31.99962974937364,32.58447680880423,31.34051083176903,32.148162841796875,5700,0.0,0.0
2019-09-16 00:00:00-04:00,31.962497188070984,32.10174851849836,30.718531148876185,31.034164428710938,8700,0.0,0.0
2019-09-17 00:00:00-04:00,30.774231872670335,31.46119611993127,30.31006550078275,30.644262313842773,5500,0.0,0.0
2019-09-18 00:00:00-04:00,30.839215734720938,31.516898231470623,30.35648226964408,31.024879455566406,6400,0.0,0.0
2019-09-19 00:00:00-04:00,31.331232656298663,32.723731885467494,31.331232656298663,31.860382080078125,13200,0.0,0.0
2019-09-20 00:00:00-04:00,31.88822611695452,32.31526184082031,31.30337907874613,32.31526184082031,29800,0.0,0.0
2019-09-23 00:00:00-04:00,31.97178077697754,31.97178077697754,31.97178077697754,31.97178077697754,1700,0.0,0.0
2019-09-24 00:00:00-04:00,32.2502793083853,32.56591256561251,31.507610321044922,31.507610321044922,8200,0.0,0.0
2019-09-25 00:00:00-04:00,31.108429216506227,31.91608126711292,31.108429216506227,31.572595596313477,3600,0.0,0.0
2019-09-26 00:00:00-04:00,31.609731067973883,32.03676330519839,31.034165724701342,31.043447494506836,8100,0.0,0.0
2019-09-27 00:00:00-04:00,31.498330562985092,31.59116242167446,31.14556312561035,31.14556312561035,3100,0.0,0.0
2019-09-30 00:00:00-04:00,31.28482004494579,31.68400348299158,30.950619627855442,31.619020462036133,7100,0.0,0.0
2019-10-01 00:00:00-04:00,31.6747115589123,32.02747898568325,31.201263427734375,31.201263427734375,3200,0.0,0.0
2019-10-02 00:00:00-04:00,31.164131139577446,31.479764426412387,30.47716686554808,30.514297485351562,7400,0.0,0.0
2019-10-03 00:00:00-04:00,30.634979012829568,31.275527299135963,30.449311765096233,30.74637794494629,3300,0.0,0.0
2019-10-04 00:00:00-04:00,30.644260511987067,31.08986331914947,29.985145152576113,30.35647964477539,6000,0.0,0.0
2019-10-07 00:00:00-04:00,30.077984569704714,30.077984569704714,28.77831721446355,28.945417404174805,11300,0.0,0.0
2019-10-08 00:00:00-04:00,29.28889612575479,29.623096466064453,28.91756339799634,29.623096466064453,7600,0.0,0.0
2019-10-09 00:00:00-04:00,29.734492811501596,30.709244899682375,29.066093959701977,30.467876434326172,6900,0.0,0.0
2019-10-10 00:00:00-04:00,30.634979309400222,30.839213638014858,30.068695791920174,30.19866180419922,9800,0.0,0.0
2019-10-11 00:00:00-04:00,31.02487700176395,31.442627423242715,30.54214711617537,31.219829559326172,8100,0.0,0.0
2019-10-14 00:00:00-04:00,30.737098336004443,30.737098336004443,29.855181503281102,30.672115325927734,5100,0.0,0.0
2019-10-15 00:00:00-04:00,30.681400419129698,31.006319046020508,30.31935116910726,31.006319046020508,4800,0.0,0.0
2019-10-16 00:00:00-04:00,30.857784727139357,31.191981570154457,30.63498329048726,31.099149703979492,3600,0.0,0.0
2019-10-17 00:00:00-04:00,31.10843159080871,31.70256757700758,30.941334939328474,31.34980010986328,6300,0.0,0.0
2019-10-18 00:00:00-04:00,31.164129726249836,31.164129726249836,30.867063533443172,30.904197692871094,3600,0.0,0.0
2019-10-21 00:00:00-04:00,31.516896401586745,31.86037851477832,30.94133110950471,31.786113739013672,9100,0.0,0.0
2019-10-22 00:00:00-04:00,31.795399446632118,31.795399446632118,30.142968141456592,30.662832260131836,8100,0.0,0.0
2019-10-23 00:00:00-04:00,30.64426506858383,30.64426506858383,30.22651812937869,30.449316024780273,2700,0.0,0.0
2019-10-24 00:00:00-04:00,30.5607139075497,31.099148628406954,30.384331951394003,30.8670654296875,3600,0.0,0.0
2019-10-25 00:00:00-04:00,30.72780645056378,31.498324178478544,30.72780645056378,31.191972732543945,5000,0.0,0.0
2019-10-28 00:00:00-04:00,31.34980010245509,31.897516613954163,31.312665939331055,31.312665939331055,9800,0.0,0.0
2019-10-29 00:00:00-04:00,31.739701451635657,31.739701451635657,31.321954468159717,31.470487594604492,5400,0.0,0.0
2019-10-30 00:00:00-04:00,31.572594010012104,32.22242761735436,31.52617808262514,32.148162841796875,5500,0.0,0.0
2019-10-31 00:00:00-04:00,32.10175092765431,32.50093078613281,31.86038240897387,32.50093078613281,6600,0.0,0.0
2019-11-01 00:00:00-04:00,32.723726509634275,33.82844110842194,32.658743506253124,33.54994201660156,7300,0.0,0.0
2019-11-04 00:00:00-05:00,33.382846142719906,34.65466460958966,32.91867974960765,34.47827911376953,8000,0.0,0.0
2019-11-05 00:00:00-05:00,34.840327625350795,35.14667913840369,34.301896461769374,34.92387771606445,8500,0.0,0.0
2019-11-06 00:00:00-05:00,34.66394735268602,35.41589820551474,33.96769774346601,35.183815002441406,7300,0.0,0.0
2019-11-07 00:00:00-05:00,35.471596485813215,36.01003122554513,35.443747634209394,35.67583084106445,5500,0.0,0.0
2019-11-08 00:00:00-05:00,35.77795039998076,35.77795039998076,34.1533678438672,34.55255126953125,4800,0.0,0.0
2019-11-11 00:00:00-05:00,34.34831369827801,34.34831369827801,33.08578052005626,33.24359893798828,7000,0.0,0.0
2019-11-12 00:00:00-05:00,33.46639743000917,33.46639743000917,32.510215759277344,32.510215759277344,6500,0.0,0.0
2019-11-13 00:00:00-05:00,32.361677866636995,32.62160988442263,30.81136044595291,31.442626953125,21100,0.0,0.0
2019-11-14 00:00:00-05:00,31.5642151193472,32.21888103535099,31.5642151193472,32.07859420776367,6900,0.25,0.0
2019-11-15 00:00:00-05:00,32.2749917850522,32.89224738312246,31.95701141224982,32.71455383300781,10200,0.0,0.0
2019-11-18 00:00:00-05:00,32.40592634526118,33.22893139352925,31.798021564760454,33.0231819152832,29200,0.0,0.0
2019-11-19 00:00:00-05:00,32.93900190857056,33.21957190004173,32.87353569614866,33.116695404052734,9500,0.0,0.0
2019-11-20 00:00:00-05:00,33.004482021506206,33.67784957111134,32.798728942871094,32.798728942871094,16100,0.0,0.0
2019-11-21 00:00:00-05:00,32.892246911955546,32.892246911955546,32.2749913227272,32.47139358520508,6200,0.0,0.0
2019-11-22 00:00:00-05:00,32.592965651126484,32.82677459716797,32.46203321216588,32.82677459716797,7000,0.0,0.0
2019-11-25 00:00:00-05:00,32.99511895676215,33.4346809387207,32.61167240898178,33.4346809387207,7400,0.0,0.0
2019-11-26 00:00:00-05:00,33.35986173849378,33.752662658691406,32.97641517486655,33.752662658691406,4700,0.0,0.0
2019-11-27 00:00:00-05:00,33.80877705465026,34.29509655209242,33.079290673203815,33.84618377685547,6800,0.0,0.0
2019-11-29 00:00:00-05:00,33.55626971003472,33.93971633911133,33.55626971003472,33.93971633911133,2500,0.0,0.0
2019-12-02 00:00:00-05:00,33.94906405665598,34.725311602712374,32.92030594522234,33.18217086791992,8100,0.0,0.0
2019-12-03 00:00:00-05:00,32.714555423482985,32.864193043391815,31.919606236650242,32.116004943847656,6900,0.0,0.0
2019-12-04 00:00:00-05:00,32.293699087213845,32.45269106804399,31.798025131225586,31.798025131225586,12000,0.0,0.0
2019-12-05 00:00:00-05:00,32.01312161349323,32.77066391022234,31.872838381415526,32.564910888671875,4100,0.0,0.0
2019-12-06 00:00:00-05:00,33.1821696258018,33.939711996502204,32.78001789948895,33.238285064697266,12800,0.0,0.0
2019-12-09 00:00:00-05:00,32.733254496976734,33.84618386552297,32.125349772119094,32.92965316772461,10100,0.0,0.0
2019-12-10 00:00:00-05:00,32.92966413274849,33.79943404155537,32.92966413274849,33.72461700439453,6400,0.0,0.0
2019-12-11 00:00:00-05:00,33.724611089088505,34.38862778585947,33.17282171219549,34.36992263793945,6300,0.0,0.0
2019-12-12 00:00:00-05:00,34.276395991370904,34.622432263612566,34.18287026398011,34.58502197265625,13400,0.0,0.0
2019-12-13 00:00:00-05:00,34.36992405556344,34.60373306274414,33.855544953294356,34.60373306274414,11100,0.0,0.0
2019-12-16 00:00:00-05:00,34.44473946382295,35.71665727454777,34.44473946382295,34.82818603515625,14200,0.0,0.0
2019-12-17 00:00:00-05:00,34.82819082317737,34.82819082317737,33.73396282873123,34.360572814941406,8000,0.0,0.0
2019-12-18 00:00:00-05:00,34.585017708218516,34.60372285139027,34.21092554770717,34.547607421875,7000,0.0,0.0
2019-12-19 00:00:00-05:00,34.41667856627814,35.17422088912487,34.41667856627814,34.80012512207031,10400,0.0,0.0
2019-12-20 00:00:00-05:00,35.071342232431526,35.7260080009652,33.93035342349117,34.49149703979492,44500,0.0,0.0
2019-12-23 00:00:00-05:00,34.594377258925135,34.86559295654297,33.96776735531292,34.86559295654297,9100,0.0,0.0
2019-12-24 00:00:00-05:00,34.154815995679044,35.31450653076172,34.154815995679044,35.31450653076172,3800,0.0,0.0
2019-12-26 00:00:00-05:00,35.37997547302572,35.53896386204576,34.949764251708984,34.949764251708984,5800,0.0,0.0
2019-12-27 00:00:00-05:00,35.33321167573773,35.33321167573773,34.098700555142045,34.56631851196289,10700,0.0,0.0
2019-12-30 00:00:00-05:00,34.46344336894363,34.93106134446602,33.977123813925324,34.136112213134766,5800,0.0,0.0
2019-12-31 00:00:00-05:00,34.323154799937235,34.323154799937235,33.71525009887068,33.90229797363281,8900,0.0,0.0
2020-01-02 00:00:00-05:00,33.94905808404669,34.48214219297747,33.91164779663086,33.91164779663086,5500,0.0,0.0
2020-01-03 00:00:00-05:00,33.70590247235423,33.70590247235423,32.12535152837415,32.53685760498047,29000,0.0,0.0
2020-01-06 00:00:00-05:00,32.7519565470853,33.490793649292506,32.7519565470853,33.25698471069336,11000,0.0,0.0
2020-01-07 00:00:00-05:00,33.415978000026726,33.72460755691929,32.75196137280198,33.36921691894531,9400,0.0,0.0
2020-01-08 00:00:00-05:00,33.3037546912964,34.407333462025356,33.3037546912964,33.86489486694336,6800,0.0,0.0
2020-01-09 00:00:00-05:00,33.77137032548306,34.397976692096115,33.77137032548306,34.09870147705078,10500,0.0,0.0
2020-01-10 00:00:00-05:00,34.36057399517838,34.734666274031326,33.8929559708804,33.930362701416016,10300,0.0,0.0
2020-01-13 00:00:00-05:00,33.88360230144628,34.379276275634766,33.46274535749262,34.379276275634766,9500,0.0,0.0
2020-01-14 00:00:00-05:00,34.37927404414213,34.44474384685648,34.154819400364076,34.238990783691406,9200,0.0,0.0
2020-01-15 00:00:00-05:00,34.397974236763815,34.51020511012624,34.257690996523365,34.41667938232422,19900,0.0,0.0
2020-01-16 00:00:00-05:00,34.603725521904344,36.28714929322543,34.603725521904344,35.894351959228516,21600,0.0,0.0
2020-01-17 00:00:00-05:00,36.23104248206037,36.23104248206037,34.89365478042325,35.174224853515625,10900,0.0,0.0
2020-01-21 00:00:00-05:00,35.16486754009996,35.90370473899499,34.79077532997058,35.538963317871094,17800,0.0,0.0
2020-01-22 00:00:00-05:00,35.7727746639645,35.7727746639645,34.0799963301552,34.09870147705078,7900,0.0,0.0
2020-01-23 00:00:00-05:00,33.9584229897585,34.44474617432869,33.1541193986479,34.08935546875,18200,0.0,0.0
2020-01-24 00:00:00-05:00,34.46344542746946,34.78142581252356,34.108058313547176,34.238990783691406,7300,0.0,0.0
2020-01-27 00:00:00-05:00,33.659146958731405,34.27640260809905,33.659146958731405,33.930362701416016,6500,0.0,0.0
2020-01-28 00:00:00-05:00,34.24833458147777,34.24833458147777,32.99511844538709,33.481441497802734,13500,0.0,0.0
2020-01-29 00:00:00-05:00,33.762008915155114,33.762008915155114,32.86418345757951,33.13540267944336,9200,0.0,0.0
2020-01-30 00:00:00-05:00,32.74260812266377,33.191524505615234,32.23758343521672,33.191524505615234,12800,0.0,0.0
2020-01-31 00:00:00-05:00,33.06994291717177,33.87424638442718,32.76131334909575,33.10735321044922,14200,0.0,0.0
2020-02-03 00:00:00-05:00,33.032529246214274,33.65913910779189,33.032529246214274,33.4346809387207,11300,0.0,0.0
2020-02-04 00:00:00-05:00,33.92100495273957,34.397973669923964,33.32245457523695,33.71525192260742,6400,0.0,0.0
2020-02-05 00:00:00-05:00,33.56561569515575,34.070643934605954,33.1541131857751,34.033233642578125,25000,0.0,0.0
2020-02-06 00:00:00-05:00,34.29509657286393,34.55696503430863,33.40662537813442,33.5562629699707,9700,0.0,0.0
2020-02-07 00:00:00-05:00,33.72460630470157,33.743311449967955,33.06058613449055,33.425331115722656,5900,0.0,0.0
2020-02-10 00:00:00-05:00,33.25698536152166,33.65913702919347,33.06058313784748,33.33180236816406,6800,0.0,0.0
2020-02-11 00:00:00-05:00,33.4907932609325,33.612371338892515,33.13540267944336,33.13540267944336,6100,0.0,0.0
2020-02-12 00:00:00-05:00,33.397271094902074,33.48144246347171,33.28504379268977,33.47209167480469,7500,0.0,0.0
2020-02-13 00:00:00-05:00,33.396747587755726,33.71696472167969,33.06711388786541,33.71696472167969,4400,0.25,0.0
2020-02-14 00:00:00-05:00,33.68871267864396,33.81114959716797,33.18955203097086,33.81114959716797,2100,0.0,0.0
2020-02-18 00:00:00-05:00,33.56627013502193,34.216124476736475,33.45325339449055,34.140777587890625,22300,0.0,0.0
2020-02-19 00:00:00-05:00,34.18786888991477,34.95074000100977,33.57569156221017,34.2537956237793,7800,0.0,0.0
2020-02-20 00:00:00-05:00,34.07485555048892,34.4421627023672,33.73580168945115,34.37623596191406,6600,0.0,0.0
2020-02-21 00:00:00-05:00,34.366821688665446,34.71529213898565,33.92416760803023,34.244384765625,5800,0.0,0.0
2020-02-24 00:00:00-05:00,33.39674614464129,33.52859961889987,32.662131877921965,32.784568786621094,11600,0.0,0.0
2020-02-25 00:00:00-05:00,33.08594771639007,33.08594771639007,31.880422592163086,31.880422592163086,7900,0.0,0.0
2020-02-26 00:00:00-05:00,31.221154048521036,32.341912079648296,31.221154048521036,31.296497344970703,10000,0.0,0.0
2020-02-27 00:00:00-05:00,31.07988261465592,31.08929918009821,29.723669052124023,29.723669052124023,14000,0.0,0.0
2020-02-28 00:00:00-05:00,29.233927523292568,29.893196698780674,28.06607577948267,28.659420013427734,17700,0.0,0.0
2020-03-02 00:00:00-05:00,28.904292686641696,30.185159414598463,28.904292686641696,29.35636329650879,14900,0.0,0.0
2020-03-03 00:00:00-05:00,29.563560532628394,30.976282471500635,28.26385713926822,28.28269386291504,11200,0.0,0.0
2020-03-04 00:00:00-05:00,28.8760387037838,29.94970689235545,28.75360358256925,29.930871963500977,10000,0.0,0.0
2020-03-05 00:00:00-05:00,29.309269470181782,29.789593307972698,27.030078196364745,28.405126571655273,9800,0.0,0.0
2020-03-06 00:00:00-05:00,28.16025918626045,30.241670608520508,27.858878769513236,30.241670608520508,11800,0.0,0.0
2020-03-09 00:00:00-04:00,29.29985466909512,30.260506054133725,28.72534715123242,29.337526321411133,15900,0.0,0.0
2020-03-10 00:00:00-04:00,29.44112210715187,29.76133918762207,28.320362325506164,29.76133918762207,15400,0.0,0.0
2020-03-11 00:00:00-04:00,28.819527702716666,29.56356031766762,28.179093474332255,29.06439971923828,18000,0.0,0.0
2020-03-12 00:00:00-04:00,28.12258517086063,29.13974489015472,27.435059131973418,28.11316680908203,34800,0.0,0.0
2020-03-13 00:00:00-04:00,29.054983389308628,29.855526230771385,28.32978565078537,29.073820114135742,29100,0.0,0.0
2020-03-16 00:00:00-04:00,28.132004532683634,28.640583512225373,26.86997275138936,27.237279891967773,25800,0.0,0.0
2020-03-17 00:00:00-04:00,28.018980937577258,33.886484749847334,27.623418781897893,33.773468017578125,32400,0.0,0.0
2020-03-18 00:00:00-04:00,32.83165584844508,32.83165584844508,28.56523528237656,29.68599510192871,27600,0.0,0.0
2020-03-19 00:00:00-04:00,29.007890440028635,30.354685674095837,28.273276164260256,29.139745712280273,31900,0.0,0.0
2020-03-20 00:00:00-04:00,28.97021954981956,29.846107482910156,27.49157080099734,29.846107482910156,38800,0.0,0.0
2020-03-23 00:00:00-04:00,29.422287560904714,30.307593778032683,28.207347674541282,28.82894515991211,24700,0.0,0.0
2020-03-24 00:00:00-04:00,29.770762149138438,30.317012786865234,28.99847441090336,30.317012786865234,30300,0.0,0.0
2020-03-25 00:00:00-04:00,30.608977002462307,31.513118230124107,29.554143773821274,31.145811080932617,25300,0.0,0.0
2020-03-26 00:00:00-04:00,30.7879137507104,31.117550971064595,29.84610107647338,30.74082374572754,34000,0.0,0.0
2020-03-27 00:00:00-04:00,29.902617206944583,31.126975618130146,29.902617206944583,30.91977882385254,16000,0.0,0.0
2020-03-30 00:00:00-04:00,31.513113616423997,31.513113616423997,30.392355608266392,31.39068031311035,16200,0.0,0.0
2020-03-31 00:00:00-04:00,31.14580379638346,31.55078430019296,30.703149852048185,31.494274139404297,26000,0.0,0.0
2020-04-01 00:00:00-04:00,30.166321582545695,31.211736401303998,29.864941187032745,30.552465438842773,29700,0.0,0.0
2020-04-02 00:00:00-04:00,30.14748217542215,31.550787436225907,29.98737542637913,31.26824378967285,22600,0.0,0.0
2020-04-03 00:00:00-04:00,31.013957843733497,31.023374409772526,29.799016038638698,30.51479721069336,29200,0.0,0.0
2020-04-06 00:00:00-04:00,31.550789898139776,31.550789898139776,30.552465103499642,31.324752807617188,20000,0.0,0.0
2020-04-07 00:00:00-04:00,32.01228468240964,32.01228468240964,30.382942016069986,31.1740665435791,23800,0.0,0.0
2020-04-08 00:00:00-04:00,31.466029637493385,31.466029637493385,30.138071026593625,31.108139038085938,35700,0.0,0.0
2020-04-09 00:00:00-04:00,31.042214044310334,31.437778117047518,30.279346377815727,31.249414443969727,38700,0.0,0.0
2020-04-13 00:00:00-04:00,31.33416927894593,31.353006000334585,30.533624787245724,30.693735122680664,8200,0.0,0.0
2020-04-14 00:00:00-04:00,31.202319979163303,31.993444419204998,30.99511960901928,31.353010177612305,38900,0.0,0.0
2020-04-15 00:00:00-04:00,30.637227492687536,31.39068203960708,30.17574035507374,30.590137481689453,23200,0.0,0.0
2020-04-16 00:00:00-04:00,30.5901389232924,31.984024152402267,30.36410542275443,31.823917388916016,29400,0.0,0.0
2020-04-17 00:00:00-04:00,32.012282215596386,33.65103772953956,31.418937967502142,33.05769348144531,24700,0.0,0.0
2020-04-20 00:00:00-04:00,32.662133012222675,32.662133012222675,31.65439160369188,32.078208923339844,11800,0.0,0.0
2020-04-21 00:00:00-04:00,31.550789179421827,32.79398416713228,31.145808612983377,32.210060119628906,66600,0.0,0.0
2020-04-22 00:00:00-04:00,32.87875276417971,33.15187990381549,32.45493540832041,32.96351623535156,38600,0.0,0.0
2020-04-23 00:00:00-04:00,33.1612940336999,33.1612940336999,32.5396964883628,32.91642379760742,14000,0.0,0.0
2020-04-24 00:00:00-04:00,32.86932987982407,33.15187353184445,32.56794950530401,33.0765266418457,9000,0.0,0.0
2020-04-27 00:00:00-04:00,33.12361893251899,33.24605584082885,32.756311800327076,32.94467544555664,18300,0.0,0.0
2020-04-28 00:00:00-04:00,32.86933416777288,33.4061682544652,32.78457070183525,33.11420440673828,14700,0.0,0.0
2020-04-29 00:00:00-04:00,33.70754815305341,35.18619690856677,33.36849429448563,34.357398986816406,24200,0.0,0.0
2020-04-30 00:00:00-04:00,33.79231222895103,35.31805102736665,33.462674930386186,35.21445083618164,30400,0.0,0.0
2020-05-01 00:00:00-04:00,34.81888624341111,35.496990299334975,34.81888624341111,35.336883544921875,19900,0.0,0.0
2020-05-04 00:00:00-04:00,34.978996784764355,35.318050645802124,33.91474518600424,34.37623596191406,19700,0.0,0.0
2020-05-05 00:00:00-04:00,34.508089051402735,35.10143330148865,33.217803955078125,33.217803955078125,19600,0.0,0.0
2020-05-06 00:00:00-04:00,33.613360439925195,33.89590768284569,33.10478330669066,33.377906799316406,8900,0.0,0.0
2020-05-07 00:00:00-04:00,33.88649115376832,34.319725036621094,33.7075476611303,34.319725036621094,8600,0.0,0.0
2020-05-08 00:00:00-04:00,34.79063377115002,34.79063377115002,34.2443831126431,34.59285354614258,20700,0.0,0.0
2020-05-11 00:00:00-04:00,34.592849804830834,34.592849804830834,33.77347210931942,34.112525939941406,18800,0.0,0.0
2020-05-12 00:00:00-04:00,34.07485304778884,34.34798014831307,32.728057861328125,32.728057861328125,16700,0.0,0.0
2020-05-13 00:00:00-04:00,32.66212921350614,32.94467286283138,31.258823938933798,31.616714477539062,10500,0.0,0.0
2020-05-14 00:00:00-04:00,31.189719592662165,31.20869764832522,30.667835730857217,30.933521270751953,13900,0.25,0.0
2020-05-15 00:00:00-04:00,30.999941561813483,32.17655563354492,30.999941561813483,32.17655563354492,11400,0.0,0.0
2020-05-18 00:00:00-04:00,32.90719376519345,33.69476312242104,32.90719376519345,33.590389251708984,21500,0.0,0.0
2020-05-19 00:00:00-04:00,33.76118553063946,33.76118553063946,32.252464693576094,32.480194091796875,9600,0.0,0.0
2020-05-20 00:00:00-04:00,33.22032602327539,33.59039269621543,32.726911032077005,33.44805908203125,9900,0.0,0.0
2020-05-21 00:00:00-04:00,33.06850421703551,33.34368059918604,32.176557304199456,32.945152282714844,6700,0.0,0.0
2020-05-22 00:00:00-04:00,33.229816374130316,33.533458034889605,32.66048554543605,33.210838317871094,7400,0.0,0.0
2020-05-26 00:00:00-04:00,34.150232695142165,34.150232695142165,33.43857186360958,33.44805908203125,9200,0.0,0.0
2020-05-27 00:00:00-04:00,33.9319873409543,34.37796262673971,33.305725945020896,33.7137451171875,18500,0.0,0.0
2020-05-28 00:00:00-04:00,33.92249698544188,35.023198840741195,33.71374199953712,34.007896423339844,11100,0.0,0.0
2020-05-29 00:00:00-04:00,33.96994333793527,34.01738666994876,32.935662773386525,33.618858337402344,14800,0.0,0.0
2020-06-01 00:00:00-04:00,33.618857601187464,34.77649369937574,33.277259826660156,33.277259826660156,11100,0.0,0.0
2020-06-02 00:00:00-04:00,33.486019119922645,34.24512337192469,33.296242151998484,33.54294967651367,9200,0.0,0.0
2020-06-03 00:00:00-04:00,34.05534000238993,35.01371188139279,33.65681170238837,34.14073944091797,18500,0.0,0.0
2020-06-04 00:00:00-04:00,34.32103370579584,34.804965179218534,33.82761863205924,34.425411224365234,19000,0.0,0.0
2020-06-05 00:00:00-04:00,35.0611555311963,35.0611555311963,34.08380558803242,34.29256057739258,19500,0.0,0.0
2020-06-08 00:00:00-04:00,34.15022906327817,34.15022906327817,33.02105834739575,33.52396774291992,19400,0.0,0.0
2020-06-09 00:00:00-04:00,33.80863373044122,34.37796092781076,32.69844098996837,32.8597526550293,15400,0.0,0.0
2020-06-10 00:00:00-04:00,31.702117523217044,34.01738611267225,31.702117523217044,33.3626594543457,12500,0.0,0.0
2020-06-11 00:00:00-04:00,32.98309960906788,32.98309960906788,31.50284767150879,31.50284767150879,17000,0.0,0.0
2020-06-12 00:00:00-04:00,32.091158353103495,32.58457695701715,30.45908171090404,31.351032257080078,17900,0.0,0.0
2020-06-15 00:00:00-04:00,31.113814098337716,32.43275833129883,30.886081027321886,32.43275833129883,19900,0.0,0.0
2020-06-16 00:00:00-04:00,32.8312853318023,33.675792569857435,32.347357552859755,33.63783645629883,18300,0.0,0.0
2020-06-17 00:00:00-04:00,33.44805714016255,33.44805714016255,32.489688868670044,32.5466194152832,8400,0.0,0.0
2020-06-18 00:00:00-04:00,32.480199324600314,33.11595153808594,32.480199324600314,33.11595153808594,5100,0.0,0.0
2020-06-19 00:00:00-04:00,33.220321133372906,33.220321133372906,32.73639343182847,32.98310089111328,20800,0.0,0.0
2020-06-22 00:00:00-04:00,32.56559796814013,33.01157322845639,32.38531186828808,32.78384017944336,8000,0.0,0.0
2020-06-23 00:00:00-04:00,32.80281796092651,33.53345681163015,31.721094131469727,31.721094131469727,10200,0.0,0.0
2020-06-24 00:00:00-04:00,31.616716736490286,31.834958946664674,30.23135125293425,30.85761260986328,18500,0.0,0.0
2020-06-25 00:00:00-04:00,30.686819923132376,32.15758514404297,30.250333604830594,32.15758514404297,11900,0.0,0.0
2020-06-26 00:00:00-04:00,31.97729306652493,31.97729306652493,31.07585531809185,31.094833374023438,33200,0.0,0.0
2020-06-29 00:00:00-04:00,31.512336112608004,32.926170349121094,31.28460670707034,32.926170349121094,10700,0.0,0.0
2020-06-30 00:00:00-04:00,32.50866040614598,33.400610833633806,32.50866040614598,32.926170349121094,9600,0.0,0.0
2020-07-01 00:00:00-04:00,33.09697335975347,33.44805834876517,32.973617804811056,33.049530029296875,10000,0.0,0.0
2020-07-02 00:00:00-04:00,33.40061445016574,33.438570561763015,32.79333114338538,32.82179641723633,6100,0.0,0.0
2020-07-06 00:00:00-04:00,33.2203261470038,33.48601531982422,32.679464202600144,33.48601531982422,17200,0.0,0.0
2020-07-07 00:00:00-04:00,32.27144291501099,33.599877832772336,32.27144291501099,32.508663177490234,10800,0.0,0.0
2020-07-08 00:00:00-04:00,32.31888983102553,32.48968870941574,31.52182960510254,31.52182960510254,8500,0.0,0.0
2020-07-09 00:00:00-04:00,31.407959143931322,31.59773606479942,30.39265677993475,30.55396842956543,14700,0.0,0.0
2020-07-10 00:00:00-04:00,30.563454971286266,32.00575447043743,30.563454971286266,31.9772891998291,11700,0.0,0.0
2020-07-13 00:00:00-04:00,32.224000628196656,33.32470253689626,31.464896487661427,33.00208282470703,18300,0.0,0.0
2020-07-14 00:00:00-04:00,32.679462556714114,33.210837255898326,32.56559784249392,32.74588394165039,8100,0.0,0.0
2020-07-15 00:00:00-04:00,33.40061219746049,33.90351797327684,33.002080291956105,33.552433013916016,33000,0.0,0.0
2020-07-16 00:00:00-04:00,33.31520870434752,33.79913636670524,33.21083122705441,33.419586181640625,8300,0.0,0.0
2020-07-17 00:00:00-04:00,33.29623432404122,33.74220955085986,33.29623432404122,33.38163375854492,15200,0.0,0.0
2020-07-20 00:00:00-04:00,33.353172419037904,33.60936713305876,33.23930407981289,33.44805908203125,9400,0.0,0.0
2020-07-21 00:00:00-04:00,33.81812255747772,33.89403478457545,33.08748366028602,33.694766998291016,3800,0.0,0.0
2020-07-22 00:00:00-04:00,33.30571840386245,33.93197965799632,33.30571840386245,33.65680694580078,20200,0.0,0.0
2020-07-23 00:00:00-04:00,33.609364380255926,35.21297563923517,33.609364380255926,33.969940185546875,24300,0.0,0.0
2020-07-24 00:00:00-04:00,34.112274166027895,34.66262328785971,33.44805671303592,34.16920471191406,14600,0.0,0.0
2020-07-27 00:00:00-04:00,34.14074086281265,34.80495834350586,34.00789809061282,34.80495834350586,16400,0.0,0.0
2020-07-28 00:00:00-04:00,34.4633618904534,34.520296060580804,33.59988021850586,33.59988021850586,10900,0.0,0.0
2020-07-29 00:00:00-04:00,33.82761430818862,34.45387571986102,33.82761430818862,34.06483459472656,5100,0.0,0.0
2020-07-30 00:00:00-04:00,34.159724389460756,34.159724389460756,33.1349309203235,33.751705169677734,9200,0.0,0.0
2020-07-31 00:00:00-04:00,34.159718969709196,34.29256174210702,32.77435345799757,32.99259567260742,10100,0.0,0.0
2020-08-03 00:00:00-04:00,33.48601538604167,35.42173372757425,33.48601538604167,35.4122428894043,13000,0.0,0.0
2020-08-04 00:00:00-04:00,34.4443840201949,34.4443840201949,33.45754678414325,33.685279846191406,11300,0.0,0.0
2020-08-05 00:00:00-04:00,33.913012975166936,34.112277142543434,33.22032656909661,33.6757926940918,7000,0.0,0.0
2020-08-06 00:00:00-04:00,33.2203254699707,33.87505574068002,32.973617978480576,33.2203254699707,6800,0.0,0.0
2020-08-07 00:00:00-04:00,33.43857186360958,33.637836027712105,33.40061575053458,33.44805908203125,10800,0.0,0.0
2020-08-10 00:00:00-04:00,33.55243706820257,33.742214016627,33.2867515122249,33.685279846191406,16400,0.0,0.0
2020-08-11 00:00:00-04:00,33.723232520950894,34.09329554181022,33.552433646755226,33.88454055786133,5300,0.0,0.0
2020-08-12 00:00:00-04:00,34.36847226805862,35.82025909423828,33.969940350862025,35.82025909423828,31400,0.0,0.0
2020-08-13 00:00:00-04:00,35.47629414993464,35.801151275634766,34.85524258336766,35.801151275634766,3500,0.26,0.0
2020-08-14 00:00:00-04:00,35.113217611756106,35.19920931088291,34.37751166251508,34.75014114379883,6500,0.0,0.0
2020-08-17 00:00:00-04:00,34.6354919777515,34.6354919777515,32.78189730541418,33.29784393310547,9700,0.0,0.0
2020-08-18 00:00:00-04:00,33.33606467025668,34.13865280151367,33.05897984814226,34.13865280151367,11400,0.0,0.0
2020-08-19 00:00:00-04:00,34.33929740540241,35.55273438621894,34.18642365595768,34.348854064941406,15500,0.0,0.0
2020-08-20 00:00:00-04:00,34.12909422767916,34.19597625732422,33.1927421678511,34.19597625732422,5300,0.0,0.0
2020-08-21 00:00:00-04:00,33.76601286159357,33.76601286159357,33.087636004929415,33.584476470947266,8200,0.0,0.0
2020-08-24 00:00:00-04:00,33.82334650514544,34.76925157131194,33.69913546041749,34.0431022644043,11500,0.0,0.0
2020-08-25 00:00:00-04:00,34.243750067192366,34.301079085661065,33.57492609758053,33.909339904785156,8900,0.0,0.0
2020-08-26 00:00:00-04:00,33.918894064104755,34.28197057040468,33.29784243318101,33.5080451965332,4300,0.0,0.0
2020-08-27 00:00:00-04:00,33.46982330003895,34.19597625732422,33.46982330003895,34.19597625732422,3700,0.0,0.0
2020-08-28 00:00:00-04:00,34.20552394747655,34.44438934326172,33.78512216302147,34.44438934326172,6800,0.0,0.0
2020-08-31 00:00:00-04:00,34.39662197777563,34.39662197777563,33.460269927978516,33.460269927978516,12400,0.0,0.0
2020-09-01 00:00:00-04:00,33.632254770399996,34.33929443359375,33.48893404809991,34.33929443359375,19300,0.0,0.0
2020-09-02 00:00:00-04:00,34.39662345147326,34.86480131882916,33.98577460199687,34.33929443359375,14000,0.0,0.0
2020-09-03 00:00:00-04:00,34.43483969349997,34.43483969349997,33.60358541074689,33.63225173950195,10200,0.0,0.0
2020-09-04 00:00:00-04:00,34.24374808364323,34.530385869788574,33.82334624028321,34.43484115600586,13200,0.0,0.0
2020-09-08 00:00:00-04:00,34.01443607903861,34.750142047410264,33.880672020206895,34.702369689941406,7300,0.0,0.0
2020-09-09 00:00:00-04:00,34.39662017385805,34.94123303502703,33.871116983494616,34.64503860473633,14700,0.0,0.0
2020-09-10 00:00:00-04:00,34.625932798707126,35.218318018254955,34.625932798707126,34.72147750854492,8100,0.0,0.0
2020-09-11 00:00:00-04:00,34.97945548595688,35.31386564278736,34.64504168432906,34.69281768798828,10700,0.0,0.0
2020-09-14 00:00:00-04:00,34.87435498486182,35.858479452346025,34.87435498486182,35.810707092285156,16400,0.0,0.0
2020-09-15 00:00:00-04:00,35.67694387703829,35.9253623421577,34.73103508816578,35.18010330200195,9500,0.0,0.0
2020-09-16 00:00:00-04:00,35.33297170853637,35.54317443982816,34.83613120853568,34.84568786621094,7300,0.0,0.0
2020-09-17 00:00:00-04:00,34.84569039807224,35.24698257446289,34.83613373970261,35.24698257446289,4600,0.0,0.0
2020-09-18 00:00:00-04:00,35.36163653302861,36.75661340952246,34.53038586000351,36.6132926940918,48000,0.0,0.0
2020-09-21 00:00:00-04:00,35.97313981474815,36.068684541043766,34.55905308094885,35.5145149230957,29500,0.0,0.0
2020-09-22 00:00:00-04:00,35.61005729133345,35.61005729133345,35.008115411708076,35.3043098449707,6200,0.0,0.0
2020-09-23 00:00:00-04:00,35.26609140042779,35.33297342822184,34.224637995752694,34.7119255065918,24100,0.0,0.0
2020-09-24 00:00:00-04:00,34.711920647815305,35.68648824348479,34.711920647815305,35.227867126464844,10900,0.0,0.0
2020-09-25 00:00:00-04:00,35.45718584398071,36.08779044817903,35.34253145543483,35.552730560302734,5100,0.0,0.0
2020-09-28 00:00:00-04:00,35.54317797931066,35.829815776563706,35.20876417851767,35.2756462097168,8300,0.0,0.0
2020-09-29 00:00:00-04:00,35.15143785955004,35.42852263551344,34.45395123525398,35.24698257446289,8100,0.0,0.0
2020-09-30 00:00:00-04:00,34.979456482782936,35.25654127479432,34.1768684387207,34.1768684387207,7100,0.0,0.0
2020-10-01 00:00:00-04:00,34.893460492664275,35.21831760501689,34.893460492664275,34.99856185913086,7000,0.0,0.0
2020-10-02 00:00:00-04:00,34.606825082598114,34.78836149946309,34.587715410591706,34.7405891418457,4400,0.0,0.0
2020-10-05 00:00:00-04:00,35.313863175751635,35.61961062486486,34.22463743268613,35.53361892700195,9300,0.0,0.0
2020-10-06 00:00:00-04:00,35.59094737640775,36.154669910174945,34.6641483857743,34.683258056640625,8400,0.0,0.0
2020-10-07 00:00:00-04:00,34.9603491532128,35.86803863748936,34.9603491532128,35.5909538269043,8500,0.0,0.0
2020-10-08 00:00:00-04:00,35.59094911393191,35.734269830027706,35.09410858154297,35.09410858154297,8800,0.0,0.0
2020-10-09 00:00:00-04:00,35.25654039546183,35.51451186319291,34.75014318429238,35.35208511352539,5700,0.0,0.0
2020-10-12 00:00:00-04:00,35.35208127899498,35.82981210708951,35.151435205946555,35.82025909423828,11600,0.0,0.0
2020-10-13 00:00:00-04:00,35.543177153427486,35.84892461603268,33.58448133211383,34.19597625732422,35700,0.0,0.0
2020-10-14 00:00:00-04:00,34.92212530143971,34.92212530143971,31.052506046182565,34.0431022644043,13700,0.0,0.0
2020-10-15 00:00:00-04:00,33.82334748685577,35.74382400512695,33.45071434185637,35.74382400512695,14600,0.0,0.0
2020-10-16 00:00:00-04:00,35.32342377808341,35.37119613894234,34.635490118362796,35.02722930908203,11700,0.0,0.0
2020-10-19 00:00:00-04:00,34.7692562100781,35.122776074764225,34.444399034615856,34.50172805786133,11800,0.0,0.0
2020-10-20 00:00:00-04:00,35.008121034297055,35.380750566599175,34.67371085012789,35.28520584106445,8800,0.0,0.0
2020-10-21 00:00:00-04:00,35.30430935221216,35.504955427687754,34.63548545582984,35.07499694824219,9000,0.0,0.0
2020-10-22 00:00:00-04:00,35.40941807508424,35.40941807508424,34.8839111328125,34.8839111328125,14900,0.0,0.0
2020-10-23 00:00:00-04:00,35.0750017752678,35.43807827952146,35.06544876098633,35.06544876098633,7000,0.0,0.0
2020-10-26 00:00:00-04:00,34.73102804893032,35.008112790448706,33.641802397220005,33.89022445678711,7400,0.0,0.0
2020-10-27 00:00:00-04:00,33.66091933311655,34.34885300682488,33.66091933311655,33.77557373046875,4800,0.0,0.0
2020-10-28 00:00:00-04:00,33.39339251136126,33.39339251136126,32.50481269595388,33.37428283691406,6200,0.0,0.0
2020-10-29 00:00:00-04:00,32.982534923868876,33.73735046386719,32.81055154400099,33.73735046386719,8900,0.0,0.0
2020-10-30 00:00:00-04:00,33.39339224052105,33.39339224052105,32.53347512136005,32.63857650756836,7100,0.0,0.0
2020-11-02 00:00:00-05:00,33.21185176374446,33.45071722237116,32.10351618150852,32.37104797363281,13200,0.0,0.0
2020-11-03 00:00:00-05:00,32.48569556056849,33.20229178616926,32.29460250478223,32.36148452758789,13500,0.0,0.0
2020-11-04 00:00:00-05:00,32.103515071499984,32.44748190319707,31.721332537790172,31.778657913208008,10600,0.0,0.0
2020-11-05 00:00:00-05:00,31.941087494333452,32.07485155993598,31.176718801749423,31.300926208496094,19200,0.0,0.0
2020-11-06 00:00:00-05:00,31.33914327644922,31.386915632863886,30.727648366828305,31.052505493164062,24600,0.0,0.0
2020-11-09 00:00:00-05:00,32.7150135971235,34.062214587742574,32.676794250417174,32.8105583190918,17500,0.0,0.0
2020-11-10 00:00:00-05:00,32.963427837037436,34.1864176165403,32.50480666972387,33.63225173950195,28600,0.0,0.0
2020-11-11 00:00:00-05:00,33.52714960442823,33.52714960442823,32.533468608930825,33.250064849853516,18200,0.0,0.0
2020-11-12 00:00:00-05:00,33.11529629499666,33.11529629499666,31.80608637710502,32.027496337890625,17000,0.26,0.0
2020-11-13 00:00:00-05:00,32.43181350794421,33.40409615146095,32.05637901732768,32.88426208496094,10000,0.0,0.0
2020-11-16 00:00:00-05:00,33.39446475173749,35.07910919189453,33.08641577645888,35.07910919189453,24900,0.0,0.0
2020-11-17 00:00:00-05:00,34.79994538777971,35.29089733765748,34.13571174283277,34.8095703125,36200,0.0,0.0
2020-11-18 00:00:00-05:00,34.463010664913824,34.963591159427295,33.731395278922385,33.74102020263672,30500,0.0,0.0
2020-11-19 00:00:00-05:00,34.12608107644055,34.35711595319389,33.11529522812008,33.991310119628906,38300,0.0,0.0
2020-11-20 00:00:00-05:00,33.741021689458464,34.28973417118979,33.28857681027955,33.7025146484375,11800,0.0,0.0
2020-11-23 00:00:00-05:00,34.058699269531104,34.65554371642186,33.7025146484375,33.7025146484375,18600,0.0,0.0
2020-11-24 00:00:00-05:00,34.193466666643566,35.1368670396427,33.49072976651869,34.47263717651367,23800,0.0,0.0
2020-11-25 00:00:00-05:00,34.3378621816297,34.85769615884238,34.16458786145861,34.6747932434082,10800,0.0,0.0
2020-11-27 00:00:00-05:00,34.953968291238944,34.953968291238944,33.933553722542776,34.174217224121094,5900,0.0,0.0
2020-11-30 00:00:00-05:00,33.683267905138386,33.808410291642026,33.14418029785156,33.14418029785156,15300,0.0,0.0
2020-12-01 00:00:00-05:00,33.875792247994035,34.17421630391965,33.14417683867878,33.32707977294922,21400,0.0,0.0
2020-12-02 00:00:00-05:00,33.50998912383171,33.538867570493814,32.855384069775994,33.16343307495117,7500,0.0,0.0
2020-12-03 00:00:00-05:00,33.23081113814219,34.17421146466788,33.20193269793449,33.837284088134766,10900,0.0,0.0
2020-12-04 00:00:00-05:00,33.837284088134766,34.9154553652737,33.837284088134766,33.837284088134766,12400,0.0,0.0
2020-12-07 00:00:00-05:00,34.20309479314151,34.33786576301606,33.01903083637201,33.23081588745117,13400,0.0,0.0
2020-12-08 00:00:00-05:00,33.21156321780782,34.23197778650399,32.730236214651185,34.174217224121094,30400,0.0,0.0
2020-12-09 00:00:00-05:00,34.270479283264635,34.83844526284423,33.664009936433935,34.414878845214844,19300,0.0,0.0
2020-12-10 00:00:00-05:00,34.27047789893783,35.43529192677543,34.154960457383936,35.31977081298828,25600,0.0,0.0
2020-12-11 00:00:00-05:00,35.06948693765635,35.57006747864876,34.8962089168423,35.30052185058594,15000,0.0,0.0
2020-12-14 00:00:00-05:00,35.329402921106556,35.724090918536845,35.04060745239258,35.04060745239258,26000,0.0,0.0
2020-12-15 00:00:00-05:00,35.30052233491283,35.993634427678614,34.973223482477636,35.483428955078125,13300,0.0,0.0
2020-12-16 00:00:00-05:00,35.49305073377322,35.67595733772597,34.982845306396484,34.982845306396484,18600,0.0,0.0
2020-12-17 00:00:00-05:00,35.117615188481935,36.032137163271045,34.848073261179884,35.10799026489258,23200,0.0,0.0
2020-12-18 00:00:00-05:00,35.31977472318263,35.68558427954028,34.18384268415127,35.12724685668945,119300,0.0,0.0
2020-12-21 00:00:00-05:00,34.799940774682774,35.021350736236954,34.203092698597644,34.25122833251953,20700,0.0,0.0
2020-12-22 00:00:00-05:00,34.251230327995614,34.251230327995614,32.999777217782714,33.13454818725586,13000,0.0,0.0
2020-12-23 00:00:00-05:00,33.30782508701307,33.442599724227456,32.730234187884925,32.97089767456055,12600,0.0,0.0
2020-12-24 00:00:00-05:00,33.115299224853516,33.93355365981374,32.82650008570652,33.115299224853516,6800,0.0,0.0
2020-12-28 00:00:00-05:00,33.35595847255374,33.43296887353487,32.92276349130633,33.028656005859375,10800,0.0,0.0
2020-12-29 00:00:00-05:00,32.77836951830358,33.36558907367824,32.345174463335894,32.40293502807617,11800,0.0,0.0
2020-12-30 00:00:00-05:00,32.518448998058936,32.710980520979106,32.26816058882607,32.29703903198242,12100,0.0,0.0
2020-12-31 00:00:00-05:00,32.24890612890184,33.4137164838635,32.24890612890184,32.807247161865234,11100,0.0,0.0
2021-01-04 00:00:00-05:00,32.92277142536477,33.21156692504883,32.2489128112793,32.73023986816406,15300,0.0,0.0
2021-01-05 00:00:00-05:00,32.62434240131761,33.8276598618102,32.393307505353775,32.95164489746094,14700,0.0,0.0
2021-01-06 00:00:00-05:00,33.58699686536203,34.482265362958856,33.18268395534206,34.09720230102539,14800,0.0,0.0
2021-01-07 00:00:00-05:00,34.21272351147982,34.47264052812249,33.9046745300293,33.9046745300293,10300,0.0,0.0
2021-01-08 00:00:00-05:00,33.99131372162785,34.0972025758913,32.9708991698418,33.221187591552734,11100,0.0,0.0
2021-01-11 00:00:00-05:00,33.02865938925711,33.32707977294922,32.922766863856616,33.32707977294922,12900,0.0,0.0
2021-01-12 00:00:00-05:00,33.20194011865652,33.26932560902398,32.82650195088007,33.16343307495117,7600,0.0,0.0
2021-01-13 00:00:00-05:00,32.97089673034994,33.028657287501986,32.41255569458008,32.41255569458008,10100,0.0,0.0
2021-01-14 00:00:00-05:00,32.470321278815305,32.91314126883887,32.0563797357221,32.094886779785156,18600,0.0,0.0
2021-01-15 00:00:00-05:00,32.02750171308452,32.53770720086059,32.02750171308452,32.37405776977539,8700,0.0,0.0
2021-01-19 00:00:00-05:00,32.730235699991276,32.970899197785336,32.47031868170568,32.547332763671875,11900,0.0,0.0
2021-01-20 00:00:00-05:00,32.94202346429714,32.95164838921827,32.13339389826947,32.479949951171875,13200,0.0,0.0
2021-01-21 00:00:00-05:00,32.55695718891136,32.60508915328591,32.11413724109195,32.36442565917969,7700,0.0,0.0
2021-01-22 00:00:00-05:00,32.441439115096536,32.768741607666016,32.287414628724626,32.768741607666016,16800,0.0,0.0
2021-01-25 00:00:00-05:00,32.53770456433634,32.865007072219356,32.470319077910446,32.63397216796875,17900,0.0,0.0
2021-01-26 00:00:00-05:00,32.6050938051485,33.87579694154556,32.6050938051485,33.692893981933594,19500,0.0,0.0
2021-01-27 00:00:00-05:00,32.942021557442494,33.29820251464844,32.48957299542843,33.29820251464844,26800,0.0,0.0
2021-01-28 00:00:00-05:00,33.36558485643313,33.69288733745776,33.0864143371582,33.0864143371582,19700,0.0,0.0
2021-01-29 00:00:00-05:00,33.30782813439118,33.78915515177969,33.1056716684241,33.375213623046875,25200,0.0,0.0
2021-02-01 00:00:00-05:00,33.32707409176013,33.7506441211571,32.89387913998272,33.18267822265625,13100,0.0,0.0
2021-02-02 00:00:00-05:00,33.50035813009328,33.88542119513084,33.221187591552734,33.221187591552734,11900,0.0,0.0
2021-02-03 00:00:00-05:00,33.21155947530141,33.88541793823242,33.21155947530141,33.88541793823242,13000,0.0,0.0
2021-02-04 00:00:00-05:00,33.67363747827777,34.511145454897466,33.67363747827777,34.347496032714844,9100,0.0,0.0
2021-02-05 00:00:00-05:00,34.46301279413447,34.84807586669922,34.46301279413447,34.84807586669922,15500,0.0,0.0
2021-02-08 00:00:00-05:00,34.88658117249745,35.916620617286235,34.828820612816735,35.762596130371094,18700,0.0,0.0
2021-02-09 00:00:00-05:00,35.53155472766594,35.53155472766594,35.12724185887448,35.15612030029297,8700,0.0,0.0
2021-02-10 00:00:00-05:00,35.5893198944345,35.61819833959509,34.84807586669922,34.84807586669922,11000,0.0,0.0
2021-02-11 00:00:00-05:00,35.138961911460065,35.19713663079125,34.41174832942389,34.53779602050781,13700,0.26,0.0
2021-02-12 00:00:00-05:00,34.42144084110966,35.643157958984375,34.42144084110966,35.643157958984375,12300,0.0,0.0
2021-02-16 00:00:00-05:00,35.652857058057805,35.80799580209039,34.67354073107759,34.6832389831543,13300,0.0,0.0
2021-02-17 00:00:00-05:00,34.66384365543596,35.31348594292543,34.66384365543596,34.67353820800781,8500,0.0,0.0
2021-02-18 00:00:00-05:00,34.751114213301435,34.751114213301435,33.849369049072266,33.849369049072266,12100,0.0,0.0
2021-02-19 00:00:00-05:00,33.86876044712853,34.03359374830678,33.597268563399886,33.85906219482422,8800,0.0,0.0
2021-02-22 00:00:00-05:00,33.859059926087504,34.22751581417324,33.75240504948305,34.12085723876953,9200,0.0,0.0
2021-02-23 00:00:00-05:00,33.878456810320834,34.36326588504735,33.61665946611256,34.091773986816406,10000,0.0,0.0
2021-02-24 00:00:00-05:00,33.96572009101604,34.88685800493808,33.96572009101604,34.518402099609375,9500,0.0,0.0
2021-02-25 00:00:00-05:00,34.65415466497665,34.79959516969305,33.76210403442383,33.76210403442383,6200,0.0,0.0
2021-02-26 00:00:00-05:00,34.05298531094696,34.217822304907024,32.559776306152344,32.559776306152344,14000,0.0,0.0
2021-03-01 00:00:00-05:00,33.43243304618965,34.66384852868708,33.43243304618965,34.55718994140625,16700,0.0,0.0
2021-03-02 00:00:00-05:00,34.421444286566995,35.16805070508934,34.31478569837813,34.52810287475586,22800,0.0,0.0
2021-03-03 00:00:00-05:00,34.867464542437595,35.623769144259555,34.64445283254118,35.614070892333984,11000,0.0,0.0
2021-03-04 00:00:00-05:00,35.10987131783395,35.85647771579844,35.10987131783395,35.35227584838867,18600,0.0,0.0
2021-03-05 00:00:00-05:00,35.66255258505761,36.40915896697442,35.66255258505761,35.87586975097656,31200,0.0,0.0
2021-03-08 00:00:00-05:00,36.19584370068904,36.58368870268204,35.875867967715465,36.51581573486328,37100,0.0,0.0
2021-03-09 00:00:00-05:00,36.54490526573553,37.058805379660825,36.26371882468156,36.41885757446289,20200,0.0,0.0
2021-03-10 00:00:00-05:00,36.42854949722054,36.777612583719,36.19584323875443,36.57399368286133,21600,0.0,0.0
2021-03-11 00:00:00-05:00,36.719434333593426,37.28181457519531,36.186145148529114,37.28181457519531,20000,0.0,0.0
2021-03-12 00:00:00-05:00,36.84548750295516,36.93275327920361,35.92434957562138,36.641868591308594,20400,0.0,0.0
2021-03-15 00:00:00-04:00,36.748525402146036,36.748525402146036,36.31219654193283,36.54490280151367,15800,0.0,0.0
2021-03-16 00:00:00-04:00,36.418857161679554,36.632170628461395,36.11827421916033,36.17645263671875,14900,0.0,0.0
2021-03-17 00:00:00-04:00,36.234626286048325,36.234626286048325,35.68194428135351,35.856475830078125,16100,0.0,0.0
2021-03-18 00:00:00-04:00,35.672250485767485,35.99222253269234,35.35227474004316,35.76921081542969,12400,0.0,0.0
2021-03-19 00:00:00-04:00,35.7304229510747,35.7304229510747,34.4893130554188,34.722023010253906,92000,0.0,0.0
2021-03-22 00:00:00-04:00,34.644454486120544,34.72202571003013,33.98511387808716,34.702632904052734,6600,0.0,0.0
2021-03-23 00:00:00-04:00,34.70263429257723,34.70263429257723,33.413040384477476,33.68453598022461,23100,0.0,0.0
2021-03-24 00:00:00-04:00,33.68453717507917,34.18873537335225,33.25790280897144,33.40334701538086,11000,0.0,0.0
2021-03-25 00:00:00-04:00,33.42273920883788,33.917242843706084,33.063977825965125,33.897850036621094,13000,0.0,0.0
2021-03-26 00:00:00-04:00,33.99481131338394,34.45052929710088,33.67483557064705,34.21782302856445,12200,0.0,0.0
2021-03-29 00:00:00-04:00,33.80088800592298,34.17903847812838,33.07367442128195,33.22881317138672,20200,0.0,0.0
2021-03-30 00:00:00-04:00,33.238503719516444,34.55718478589431,33.238503719516444,34.13055419921875,25700,0.0,0.0
2021-03-31 00:00:00-04:00,34.24690729703862,34.65414877842763,33.267594749287355,33.39364242553711,26900,0.0,0.0
2021-04-01 00:00:00-04:00,33.936630970401765,34.20812283454922,33.8687580043649,34.14994812011719,7700,0.0,0.0
2021-04-05 00:00:00-04:00,34.05298511780759,34.69293288731834,33.56817608942673,34.60566711425781,31100,0.0,0.0
2021-04-06 00:00:00-04:00,34.50870720753035,35.0807820159249,34.40204862818231,34.84807205200195,13900,0.0,0.0
2021-04-07 00:00:00-04:00,34.76080834125566,34.76080834125566,33.65544426930672,34.04329299926758,15200,0.0,0.0
2021-04-08 00:00:00-04:00,34.062683441017334,34.07237799413353,33.48091038646268,33.73301315307617,10100,0.0,0.0
2021-04-09 00:00:00-04:00,33.65544117805167,33.82997272062336,33.432429473387685,33.82027816772461,13000,0.0,0.0
2021-04-12 00:00:00-04:00,33.99480707921889,34.033588986611576,33.5681728087084,33.97541427612305,12600,0.0,0.0
2021-04-13 00:00:00-04:00,33.703927876922535,34.1305622631975,33.510007190943,33.93663787841797,9000,0.0,0.0
2021-04-14 00:00:00-04:00,33.98511381752005,34.062685041291395,33.46151915346205,33.69422912597656,7800,0.0,0.0
2021-04-15 00:00:00-04:00,33.69422988206273,34.04329299926758,33.403345183991895,34.04329299926758,10500,0.0,0.0
2021-04-16 00:00:00-04:00,34.14995194801999,34.275999642617705,33.451825706188,33.713623046875,14300,0.0,0.0
2021-04-19 00:00:00-04:00,33.93663275935166,34.07237869858116,33.354863391568266,33.51000213623047,11600,0.0,0.0
2021-04-20 00:00:00-04:00,33.703922096128856,33.79118786937209,33.20941851361679,33.73301315307617,9400,0.0,0.0
2021-04-21 00:00:00-04:00,33.771796890291284,34.26630044538016,33.771796890291284,33.80088424682617,13600,0.0,0.0
2021-04-22 00:00:00-04:00,34.082075994013536,34.082075994013536,33.461517333984375,33.461517333984375,8700,0.0,0.0
2021-04-23 00:00:00-04:00,33.742710476136665,33.771801535472065,33.354865440061324,33.41304016113281,14000,0.0,0.0
2021-04-26 00:00:00-04:00,33.76210055570952,33.76210055570952,33.32577168891846,33.432430267333984,9700,0.0,0.0
2021-04-27 00:00:00-04:00,33.568178792001675,33.71362299174539,33.39364723182908,33.577877044677734,12300,0.0,0.0
2021-04-28 00:00:00-04:00,33.7039226904999,34.149949816497326,33.26759751538848,33.946327209472656,17000,0.0,0.0
2021-04-29 00:00:00-04:00,33.94632714583776,34.40204882426807,33.65544246337563,33.81058120727539,9400,0.0,0.0
2021-04-30 00:00:00-04:00,33.6651440420069,34.3050918861787,33.45182686101637,33.8687629699707,32700,0.0,0.0
2021-05-03 00:00:00-04:00,33.93663295851035,34.392354641854745,33.810581571857746,34.35356903076172,15800,0.0,0.0
2021-05-04 00:00:00-04:00,34.0626851604244,34.44083563063346,33.92693921714931,33.965721130371094,9400,0.0,0.0
2021-05-05 00:00:00-04:00,34.14995282992626,34.14995282992626,33.69423111042829,33.897850036621094,14400,0.0,0.0
2021-05-06 00:00:00-04:00,33.95602687402242,33.95602687402242,33.46151956342039,33.50030517578125,5700,0.0,0.0
2021-05-07 00:00:00-04:00,33.83967575723637,34.2760009765625,33.57787840636081,34.2760009765625,17800,0.0,0.0
2021-05-10 00:00:00-04:00,34.4214384624689,35.27470332480792,34.28569253639659,35.1971321105957,18900,0.0,0.0
2021-05-11 00:00:00-04:00,35.1971335510505,35.1971335510505,34.71232453878038,34.88685607910156,9900,0.0,0.0
2021-05-12 00:00:00-04:00,34.770503905792296,34.896555288104686,34.16934174974751,34.198429107666016,14000,0.0,0.0
2021-05-13 00:00:00-04:00,34.2668085917699,35.116639986235455,34.25703831611915,34.970115661621094,11200,0.26,0.0
2021-05-14 00:00:00-04:00,34.491476895727715,35.595279576063575,34.491476895727715,35.3022346496582,13400,0.0,0.0
2021-05-17 00:00:00-04:00,35.2924673466849,35.54643861714249,34.8626646526159,35.05802917480469,7400,0.0,0.0
2021-05-18 00:00:00-04:00,35.37061304941123,35.60505123540661,34.92127722971101,35.49760055541992,8700,0.0,0.0
2021-05-19 00:00:00-04:00,34.970115117242266,35.438987731933594,34.8138242456785,35.438987731933594,6400,0.0,0.0
2021-05-20 00:00:00-04:00,35.16548178273526,35.75157165527344,34.931043597958876,35.75157165527344,11100,0.0,0.0
2021-05-21 00:00:00-04:00,35.575738232288224,36.152061462402344,35.468291296392316,36.152061462402344,11800,0.0,0.0
2021-05-24 00:00:00-04:00,36.142301604582954,36.142301604582954,35.429224209266394,35.86879348754883,15100,0.0,0.0
2021-05-25 00:00:00-04:00,36.01531119257743,36.06415139150051,35.18501663208008,35.18501663208008,12600,0.0,0.0
2021-05-26 00:00:00-04:00,35.35107748730074,35.634355885344924,35.35107748730074,35.39992141723633,10600,0.0,0.0
2021-05-27 00:00:00-04:00,35.70273227661083,35.800416408464656,35.341310304423224,35.448760986328125,7700,0.0,0.0
2021-05-28 00:00:00-04:00,35.76134256498132,36.122764535241195,35.33153983965419,35.70273208618164,17000,0.0,0.0
2021-06-01 00:00:00-04:00,35.93716782711756,35.986008026322736,35.63435263001617,35.898094177246094,13700,0.0,0.0
2021-06-02 00:00:00-04:00,35.81018305704045,36.48418680047744,35.81018305704045,36.28882598876953,15000,0.0,0.0
2021-06-03 00:00:00-04:00,36.259519798544424,37.11912155151367,36.259519798544424,37.11912155151367,12100,0.0,0.0
2021-06-04 00:00:00-04:00,36.757697316310335,37.119119276436244,36.513492584228516,36.513492584228516,28900,0.0,0.0
2021-06-07 00:00:00-04:00,36.8553765241311,37.11911807338367,36.8553765241311,37.03120422363281,7100,0.0,0.0
2021-06-08 00:00:00-04:00,37.1679609219798,37.1679609219798,36.581871032714844,36.581871032714844,9700,0.0,0.0
2021-06-09 00:00:00-04:00,36.51349334354564,36.51349334354564,34.80406018342436,35.243629455566406,29400,0.0,0.0
2021-06-10 00:00:00-04:00,35.595278990605124,35.65388946542956,34.57939017752669,34.80405807495117,22200,0.0,0.0
2021-06-11 00:00:00-04:00,34.735680462206936,34.86266423277233,34.471938919368505,34.72591018676758,14200,0.0,0.0
2021-06-14 00:00:00-04:00,34.75521699136514,35.23385614831289,34.442631526523755,34.68683624267578,12600,0.0,0.0
2021-06-15 00:00:00-04:00,34.95057901079705,34.95057901079705,34.589157061553394,34.71614456176758,8900,0.0,0.0
2021-06-16 00:00:00-04:00,34.78452070153174,34.85289772461458,34.17889404296875,34.17889404296875,19700,0.0,0.0
2021-06-17 00:00:00-04:00,34.38402801924926,34.38402801924926,34.188663482666016,34.188663482666016,9300,0.0,0.0
2021-06-18 00:00:00-04:00,34.17889471549378,34.19842781424327,33.8077024926915,34.00306701660156,23200,0.0,0.0
2021-06-21 00:00:00-04:00,34.30587785368745,34.30587785368745,33.79793159143098,34.05190658569336,11400,0.0,0.0
2021-06-22 00:00:00-04:00,34.09098536448869,34.09098536448869,33.32906399332772,33.40721130371094,13500,0.0,0.0
2021-06-23 00:00:00-04:00,33.456052499685,33.88585154070588,33.211847736913576,33.27045822143555,15100,0.0,0.0
2021-06-24 00:00:00-04:00,33.280219025883966,33.68071461862467,33.260682201083405,33.54396057128906,9300,0.0,0.0
2021-06-25 00:00:00-04:00,33.534194478853735,34.35471877404524,33.42674380412103,33.74909210205078,42000,0.0,0.0
2021-06-28 00:00:00-04:00,34.19842709296753,34.19842709296753,33.4560463892888,33.631874084472656,12300,0.0,0.0
2021-06-29 00:00:00-04:00,33.54396203946699,33.80770359641573,33.45604818715074,33.4853515625,7000,0.0,0.0
2021-06-30 00:00:00-04:00,33.52442265249208,33.78816418929054,33.38766860961914,33.38766860961914,16500,0.0,0.0
2021-07-01 00:00:00-04:00,33.749092733405234,33.99329746190494,33.41697415359491,33.700252532958984,14700,0.0,0.0
2021-07-02 00:00:00-04:00,33.70025355534136,33.90538463919986,33.4365119934082,33.4365119934082,9100,0.0,0.0
2021-07-06 00:00:00-04:00,33.40721095676086,33.59280522759024,33.30952681979634,33.49512481689453,64000,0.0,0.0
2021-07-07 00:00:00-04:00,33.4951258807261,33.84678133242962,33.47558905271269,33.65141677856445,8200,0.0,0.0
2021-07-08 00:00:00-04:00,33.602574902583555,33.98353371425002,33.602574902583555,33.96399688720703,8700,0.0,0.0
2021-07-09 00:00:00-04:00,34.07144517232917,34.28634280212412,33.83700699059919,34.032371520996094,11000,0.0,0.0
2021-07-12 00:00:00-04:00,33.94445728643599,34.29611269193727,33.85654343506067,34.24727249145508,7100,0.0,0.0
2021-07-13 00:00:00-04:00,33.93469174996399,34.149589383755064,33.76863059184467,33.9835319519043,7000,0.0,0.0
2021-07-14 00:00:00-04:00,33.90538419925382,34.03237170363356,33.67094974253422,33.77840042114258,8700,0.0,0.0
2021-07-15 00:00:00-04:00,33.749091024091584,34.266807556152344,33.749091024091584,34.266807556152344,7900,0.0,0.0
2021-07-16 00:00:00-04:00,34.159359474331545,34.58915846584734,33.86631081174458,34.23750305175781,12800,0.0,0.0
2021-07-19 00:00:00-04:00,34.100749391008215,34.57939231600405,33.8077044513001,34.56962203979492,13600,0.0,0.0
2021-07-20 00:00:00-04:00,34.56961931615239,35.35107366922833,34.30587777331396,34.72591018676758,19800,0.0,0.0
2021-07-21 00:00:00-04:00,34.90173989891241,35.24362875994982,34.8724365234375,34.8724365234375,8200,0.0,0.0
2021-07-22 00:00:00-04:00,34.78452192487973,35.10687022699728,34.2668090958254,34.628231048583984,6500,0.0,0.0
2021-07-23 00:00:00-04:00,34.63799713065122,34.8431282043457,34.39379240684302,34.8431282043457,3700,0.0,0.0
2021-07-26 00:00:00-04:00,34.774752057033076,35.12640746439094,34.589157803713526,34.960350036621094,9400,0.0,0.0
2021-07-27 00:00:00-04:00,34.95057883658796,34.979885937271845,34.54031668969712,34.970115661621094,8700,0.0,0.0
2021-07-28 00:00:00-04:00,34.921278295125326,35.15571648827319,34.58915969515591,35.10687255859375,5400,0.0,0.0
2021-07-29 00:00:00-04:00,35.1654795126475,35.17524606184297,34.80405757212264,35.14594268798828,6200,0.0,0.0
2021-07-30 00:00:00-04:00,35.0189571743464,35.0189571743464,34.73568251641346,34.74544906616211,5000,0.0,0.0
2021-08-02 00:00:00-04:00,34.99942402760959,34.99942402760959,34.66730544257615,34.8724365234375,5200,0.0,0.0
2021-08-03 00:00:00-04:00,34.71614367728881,34.84312744799939,34.59892272949219,34.59892272949219,6200,0.0,0.0
2021-08-04 00:00:00-04:00,34.628231884917156,34.82359641657234,34.30587984874582,34.61846160888672,7000,0.0,0.0
2021-08-05 00:00:00-04:00,34.618462087273684,34.65753573939838,34.188663092707756,34.403564453125,7900,0.0,0.0
2021-08-06 00:00:00-04:00,34.39379295940394,34.51101391162834,34.17889533286272,34.3742561340332,6200,0.0,0.0
2021-08-09 00:00:00-04:00,34.38403150286745,34.64777309503552,34.237507154017756,34.276580810546875,7900,0.0,0.0
2021-08-10 00:00:00-04:00,34.39379496153538,34.628233153362864,34.28634427887564,34.520782470703125,7500,0.0,0.0
2021-08-11 00:00:00-04:00,34.550083411292356,34.72591111119865,34.40356281221603,34.71614456176758,4800,0.0,0.0
2021-08-12 00:00:00-04:00,34.70630310627766,35.011436462402344,34.450387593407534,35.011436462402344,13000,0.27,0.0
2021-08-13 00:00:00-04:00,34.87363317875877,34.87363317875877,34.470071672723215,34.617713928222656,4000,0.0,0.0
2021-08-16 00:00:00-04:00,34.70630094047825,34.89331972166871,34.32242581773114,34.44054412841797,15500,0.0,0.0
2021-08-17 00:00:00-04:00,34.174785040319456,34.263371899770746,34.04682540893555,34.04682540893555,13600,0.0,0.0
2021-08-18 00:00:00-04:00,34.204310286175556,34.302738454146265,33.83027648925781,33.83027648925781,9500,0.0,0.0
2021-08-19 00:00:00-04:00,33.79090773164392,33.98776406908078,33.416873931884766,33.416873931884766,21100,0.0,0.0
2021-08-20 00:00:00-04:00,33.584201540718055,34.42085596836726,33.47592830556867,34.174781799316406,8600,0.0,0.0
2021-08-23 00:00:00-04:00,34.30274140117421,34.64724752825685,34.00745311709927,34.29290008544922,34400,0.0,0.0
2021-08-24 00:00:00-04:00,34.45038298112826,34.49959706299969,34.15509473510591,34.28305435180664,9400,0.0,0.0
2021-08-25 00:00:00-04:00,34.440544140716064,34.83426057876399,34.20431127405209,34.38148498535156,4600,0.0,0.0
2021-08-26 00:00:00-04:00,34.31258137790873,34.86378509174264,34.31258137790873,34.33226776123047,25400,0.0,0.0
2021-08-27 00:00:00-04:00,34.54881275229082,34.97206063470595,34.450384583968486,34.8441047668457,19800,0.0,0.0
2021-08-30 00:00:00-04:00,34.84410349816428,35.14923306173005,34.81457204490768,34.82441711425781,12300,0.0,0.0
2021-08-31 00:00:00-04:00,35.01143196660938,35.17876435164049,34.5980291708745,35.11970520019531,14200,0.0,0.0
2021-09-01 00:00:00-04:00,34.9622180468093,35.0212771985287,34.598029331524124,34.82441711425781,8300,0.0,0.0
2021-09-02 00:00:00-04:00,34.90316136250457,34.94253413310089,34.588186707322116,34.922847747802734,5000,0.0,0.0
2021-09-03 00:00:00-04:00,34.942529864591826,34.942529864591826,34.55865478515625,34.55865478515625,4800,0.0,0.0
2021-09-07 00:00:00-04:00,34.785043849234455,34.785043849234455,34.46022415161133,34.46022415161133,9300,0.0,0.0
2021-09-08 00:00:00-04:00,34.45038604736328,34.68661891808318,34.45038604736328,34.45038604736328,5500,0.0,0.0
2021-09-09 00:00:00-04:00,34.45038505222487,34.69645923116933,33.95823669433594,33.95823669433594,17500,0.0,0.0
2021-09-10 00:00:00-04:00,34.20430959565647,34.27321006280378,33.93854904174805,33.93854904174805,11800,0.0,0.0
2021-09-13 00:00:00-04:00,33.95823651803195,34.56849942730355,33.95823651803195,34.25352478027344,10000,0.0,0.0
2021-09-14 00:00:00-04:00,34.322422773167624,34.647242466552285,34.03697960131305,34.155094146728516,23500,0.0,0.0
2021-09-15 00:00:00-04:00,34.40117196111159,34.52913158920128,34.30274003381409,34.45038604736328,16700,0.0,0.0
2021-09-16 00:00:00-04:00,34.450384085192226,34.61771271987638,34.40117000174358,34.59803009033203,8400,0.0,0.0
2021-09-17 00:00:00-04:00,34.46022678339101,34.588186409329595,34.16493851605075,34.322425842285156,28400,0.0,0.0
2021-09-20 00:00:00-04:00,33.85980861961813,34.243683739080836,33.77122176475797,33.781063079833984,21500,0.0,0.0
2021-09-21 00:00:00-04:00,34.08619730334779,34.62755976170468,34.08619730334779,34.45038604736328,13800,0.0,0.0
2021-09-22 00:00:00-04:00,34.361795539904016,34.54881054971131,34.06650729896849,34.155094146728516,8200,0.0,0.0
2021-09-23 00:00:00-04:00,34.13540835139859,34.509442132250236,34.056662816569286,34.28305435180664,11900,0.0,0.0
2021-09-24 00:00:00-04:00,34.056665847761494,34.45038604736328,34.056665847761494,34.45038604736328,2300,0.0,0.0
2021-09-27 00:00:00-04:00,34.73583173723348,34.79488713666365,34.3421115519939,34.371639251708984,8700,0.0,0.0
2021-09-28 00:00:00-04:00,34.50944342945183,34.50944342945183,34.07635048119835,34.18462371826172,7800,0.0,0.0
2021-09-29 00:00:00-04:00,34.35195532711915,34.74567174272654,34.35195532711915,34.52912902832031,9600,0.0,0.0
2021-09-30 00:00:00-04:00,34.43069966190378,34.78504709058657,34.43069966190378,34.45038604736328,4400,0.0,0.0
2021-10-01 00:00:00-04:00,34.47991008531948,34.6078696998159,34.155094146728516,34.155094146728516,7600,0.0,0.0
2021-10-04 00:00:00-04:00,34.17478444838294,34.233839850464776,33.97792434692383,33.97792434692383,9600,0.0,0.0
2021-10-05 00:00:00-04:00,34.115721379992124,34.33226784224857,34.115721379992124,34.155094146728516,7600,0.0,0.0
2021-10-06 00:00:00-04:00,34.03698409334949,34.30274091690917,33.90902446196558,34.04682540893555,7900,0.0,0.0
2021-10-07 00:00:00-04:00,34.27320996501921,34.529129203516646,34.174781799316406,34.174781799316406,11600,0.0,0.0
2021-10-08 00:00:00-04:00,34.125565733566084,34.59803146689404,34.125565733566084,34.38148498535156,6000,0.0,0.0
2021-10-11 00:00:00-04:00,34.45038426577222,34.64724435539256,34.243682861328125,34.243682861328125,10300,0.0,0.0
2021-10-12 00:00:00-04:00,34.24368463222969,34.60787337624518,34.23383956210289,34.45038604736328,7100,0.0,0.0
2021-10-13 00:00:00-04:00,34.59803206091248,34.60787337624518,34.223998246770186,34.45038604736328,12800,0.0,0.0
2021-10-14 00:00:00-04:00,34.27321097927275,34.647244778641166,34.1157236566114,34.607872009277344,25400,0.0,0.0
2021-10-15 00:00:00-04:00,34.6964581774746,35.661068479067424,34.676771793181615,34.71614456176758,24600,0.0,0.0
2021-10-18 00:00:00-04:00,34.91300473015599,34.91300473015599,34.391324932177525,34.59803009033203,13900,0.0,0.0
2021-10-19 00:00:00-04:00,34.45038351020683,34.70629899274479,34.283054878315426,34.4110107421875,20700,0.0,0.0
2021-10-20 00:00:00-04:00,34.29289822675005,34.49959963891972,34.20431137084961,34.20431137084961,9000,0.0,0.0
2021-10-21 00:00:00-04:00,34.21415081272123,34.54881183282214,34.174781799316406,34.174781799316406,6800,0.0,0.0
2021-10-22 00:00:00-04:00,34.20431137084961,34.371640012664855,34.174783670480814,34.20431137084961,7900,0.0,0.0
2021-10-25 00:00:00-04:00,34.174781799316406,34.29289634911854,34.14525034577049,34.174781799316406,11000,0.0,0.0
2021-10-26 00:00:00-04:00,34.253528102965454,34.29290087636198,34.06651306152344,34.06651306152344,10900,0.0,0.0
2021-10-27 00:00:00-04:00,34.00744830453778,34.15509430307826,33.859806060791016,33.859806060791016,11800,0.0,0.0
2021-10-28 00:00:00-04:00,33.76137710367252,34.1649386129676,33.76137710367252,34.1452522277832,13500,0.0,0.0
2021-10-29 00:00:00-04:00,34.15509787455436,34.57834577618129,34.15509787455436,34.27321243286133,7700,0.0,0.0
2021-11-01 00:00:00-04:00,34.37163730269536,34.58818376777745,34.135408208781946,34.46022415161133,7700,0.0,0.0
2021-11-02 00:00:00-04:00,34.36179858796008,34.54881361435651,34.34211220284561,34.44054412841797,7200,0.0,0.0
2021-11-03 00:00:00-04:00,34.302737576298625,34.89331783339098,34.302737576298625,34.35195541381836,9000,0.0,0.0
2021-11-04 00:00:00-04:00,34.41101412527637,35.18860947353444,34.41101412527637,35.178768157958984,21700,0.0,0.0
2021-11-05 00:00:00-04:00,35.18860983205385,36.615840911865234,34.78504830305284,36.615840911865234,22200,0.0,0.0
2021-11-08 00:00:00-05:00,36.47803600240195,36.47803600240195,34.95237315753754,35.661067962646484,7400,0.0,0.0
2021-11-09 00:00:00-05:00,35.533109015702486,35.68075502115586,35.22797944479655,35.611854553222656,15200,0.0,0.0
2021-11-10 00:00:00-05:00,35.691191712086535,35.780444630961874,35.3440953462267,35.363929748535156,4200,0.27,0.0
2021-11-11 00:00:00-05:00,35.34409579405778,35.34409579405778,35.03667201194504,35.27467727661133,17400,0.0,0.0
2021-11-12 00:00:00-05:00,34.858166389432505,35.00691873502072,34.80857849121094,34.80857849121094,7600,0.0,0.0
2021-11-15 00:00:00-05:00,34.838331321083885,34.838331321083885,34.411901129099704,34.6895751953125,11500,0.0,0.0
2021-11-16 00:00:00-05:00,34.76891346886938,35.125921368096385,34.39206738393335,34.80857849121094,19100,0.0,0.0
2021-11-17 00:00:00-05:00,34.778828128368986,34.778828128368986,34.51106937168643,34.52098846435547,3700,0.0,0.0
2021-11-18 00:00:00-05:00,34.75899439338906,34.897831429217646,34.39206740112413,34.639991760253906,9900,0.0,0.0
2021-11-19 00:00:00-05:00,34.421815755670714,34.67965919748774,34.39206604431696,34.401981353759766,14100,0.0,0.0
2021-11-22 00:00:00-05:00,34.40198248168064,34.99700320944178,34.263145446777344,34.263145446777344,10900,0.0,0.0
2021-11-23 00:00:00-05:00,34.27306453870001,34.82841267829907,34.27306453870001,34.60032272338867,12400,0.0,0.0
2021-11-24 00:00:00-05:00,34.41190157359977,34.60032272338867,34.27306453870001,34.60032272338867,6400,0.0,0.0
2021-11-26 00:00:00-05:00,34.30281244246967,34.4614838715645,33.94580078125,33.94580078125,7000,0.0,0.0
2021-11-29 00:00:00-05:00,34.36231632312966,34.63999038375282,33.55904006958008,33.55904006958008,11600,0.0,0.0
2021-11-30 00:00:00-05:00,33.638376614726205,33.99538831184428,33.02352523803711,33.02352523803711,13700,0.0,0.0
2021-12-01 00:00:00-05:00,33.35078632865376,33.69787892321316,32.23016715003612,32.52767562866211,32400,0.0,0.0
2021-12-02 00:00:00-05:00,32.557429783888566,33.043359426111174,32.557429783888566,32.64667892456055,10200,0.0,0.0
2021-12-03 00:00:00-05:00,32.58717683213755,32.79543237605686,32.43842071046644,32.676429748535156,13100,0.0,0.0
2021-12-06 00:00:00-05:00,32.616928550552466,32.973940238113876,32.36900418785988,32.52767562866211,23000,0.0,0.0
2021-12-07 00:00:00-05:00,32.765683547103784,33.00368880855515,32.43842158382638,32.66651153564453,6700,0.0,0.0
2021-12-08 00:00:00-05:00,32.46817378119777,33.449952065742714,32.388836175201064,33.10285949707031,12100,0.0,0.0
2021-12-09 00:00:00-05:00,33.20203020172622,33.519373083367945,32.74585028224443,33.033443450927734,7600,0.0,0.0
2021-12-10 00:00:00-05:00,32.88468642555047,33.04335786205513,32.07149484058591,32.200416564941406,19200,0.0,0.0
2021-12-13 00:00:00-05:00,32.27975037646754,32.69626526148688,32.27975037646754,32.36900329589844,11200,0.0,0.0
2021-12-14 00:00:00-05:00,32.319418839283976,32.48800558363288,31.41697434482266,31.635147094726562,43100,0.0,0.0
2021-12-15 00:00:00-05:00,31.73431755715664,32.08141014222786,29.820341226848594,30.008764266967773,46600,0.0,0.0
2021-12-16 00:00:00-05:00,30.04843196181281,30.544280686539178,29.522833524171034,29.979013442993164,40600,0.0,0.0
2021-12-17 00:00:00-05:00,29.879843105047755,30.336024912104822,29.39391158528904,29.939346313476562,54700,0.0,0.0
2021-12-20 00:00:00-05:00,29.780674428527405,30.02859878540039,29.651752703706325,30.02859878540039,21300,0.0,0.0
2021-12-21 00:00:00-05:00,30.24677230311486,30.86162555596839,30.24677230311486,30.8417911529541,16500,0.0,0.0
2021-12-22 00:00:00-05:00,30.623616053570714,31.36738913208034,30.623616053570714,31.268220901489258,8800,0.0,0.0
2021-12-23 00:00:00-05:00,31.61531292568753,31.84340476989746,31.486393093319066,31.84340476989746,14800,0.0,0.0
2021-12-27 00:00:00-05:00,31.843405649977843,32.05166120606248,31.754152728366495,31.833486557006836,16400,0.0,0.0
2021-12-28 00:00:00-05:00,32.130996470170984,32.190495891547705,31.932656238522963,32.09132766723633,8200,0.0,0.0
2021-12-29 00:00:00-05:00,31.982242118904757,32.5772590637207,31.982242118904757,32.5772590637207,30000,0.0,0.0
2021-12-30 00:00:00-05:00,32.27975148422315,32.48800704236687,32.12108004234808,32.39875411987305,14200,0.0,0.0
2021-12-31 00:00:00-05:00,32.46817486041419,32.5772583977476,32.17066261106275,32.458255767822266,13500,0.0,0.0
2022-01-03 00:00:00-05:00,32.23016492094781,32.57725749150174,32.08140880041024,32.299583435058594,15900,0.0,0.0
2022-01-04 00:00:00-05:00,32.23016581753812,33.261532031625435,32.23016581753812,32.458255767822266,24200,0.0,0.0
2022-01-05 00:00:00-05:00,32.706180800073696,34.848247098380305,32.557428455331504,34.09455871582031,56000,0.0,0.0
2022-01-06 00:00:00-05:00,33.935888833498275,34.798664578223885,33.0929437092267,34.035057067871094,42800,0.0,0.0
2022-01-07 00:00:00-05:00,34.03505683228902,35.41351570886839,34.03505683228902,34.501155853271484,31500,0.0,0.0
2022-01-10 00:00:00-05:00,34.292898274065685,35.19534276638186,34.154057458841706,34.987083435058594,20000,0.0,0.0
2022-01-11 00:00:00-05:00,35.106089626517644,35.20525785374057,34.60032183181477,34.77882766723633,32800,0.0,0.0
2022-01-12 00:00:00-05:00,34.977168107911865,35.05650193354602,33.73754634529672,33.97555160522461,35000,0.0,0.0
2022-01-13 00:00:00-05:00,33.84663524176076,34.66974216329201,33.628460590813056,33.74746322631836,33600,0.0,0.0
2022-01-14 00:00:00-05:00,33.86647032034707,34.868083106627154,33.57887714436617,34.20364761352539,30400,0.0,0.0
2022-01-18 00:00:00-05:00,34.213562932907244,34.213562932907244,33.62846127055969,33.697879791259766,34400,0.0,0.0
2022-01-19 00:00:00-05:00,33.896218256593244,33.93588706148126,33.449953659166674,33.54912567138672,22800,0.0,0.0
2022-01-20 00:00:00-05:00,33.519374183985875,34.15405996810941,33.20203129192411,33.231781005859375,21400,0.0,0.0
2022-01-21 00:00:00-05:00,33.152445628675515,34.203646274010566,33.152445628675515,33.79705047607422,74900,0.0,0.0
2022-01-24 00:00:00-05:00,33.717713064321146,34.064805656184824,32.76568442690173,33.83671569824219,43100,0.0,0.0
2022-01-25 00:00:00-05:00,33.44995544628795,33.787132739799475,32.7260167420185,33.529293060302734,28000,0.0,0.0
2022-01-26 00:00:00-05:00,33.54912701515566,33.747463481488964,32.92435655373406,33.11277770996094,31400,0.0,0.0
2022-01-27 00:00:00-05:00,33.043356257569705,33.57887374840436,32.20041500138666,32.428504943847656,25800,0.0,0.0
2022-01-28 00:00:00-05:00,32.36900352653439,32.83510252944184,32.170663283827466,32.745849609375,18900,0.0,0.0
2022-01-31 00:00:00-05:00,32.26983700713924,33.88630118077062,32.26983700713924,33.737548828125,30100,0.0,0.0
2022-02-01 00:00:00-05:00,33.50945751455742,33.60862574566988,33.17228023253931,33.49953842163086,16800,0.0,0.0
2022-02-02 00:00:00-05:00,33.578875601224674,33.578875601224674,32.91443635563204,33.08302688598633,18400,0.0,0.0
2022-02-03 00:00:00-05:00,32.924356344792464,32.93427165483597,32.359089096673465,32.39875411987305,14400,0.0,0.0
2022-02-04 00:00:00-05:00,32.39875255532693,32.65659600031355,31.62522978641787,32.12107849121094,19300,0.0,0.0
2022-02-07 00:00:00-05:00,32.08141148625542,32.69626663846256,31.78390300329826,32.26983642578125,15100,0.0,0.0
2022-02-08 00:00:00-05:00,32.12108097228862,32.27975241875739,32.12108097228862,32.220252990722656,7500,0.0,0.0
2022-02-09 00:00:00-05:00,32.646676691390645,32.646676691390645,32.002075649246336,32.25,20300,0.0,0.0
2022-02-10 00:00:00-05:00,32.0,32.34000015258789,31.8799991607666,32.25,17000,0.27,0.0
2022-02-11 00:00:00-05:00,32.04999923706055,32.31999969482422,32.0,32.15999984741211,9500,0.0,0.0
2022-02-14 00:00:00-05:00,32.0,32.0,31.1299991607666,31.229999542236328,11200,0.0,0.0
2022-02-15 00:00:00-05:00,31.459999084472656,31.600000381469727,31.010000228881836,31.059999465942383,11300,0.0,0.0
2022-02-16 00:00:00-05:00,31.309999465942383,31.850000381469727,31.09000015258789,31.3799991607666,8200,0.0,0.0
2022-02-17 00:00:00-05:00,31.360000610351562,31.40999984741211,30.8700008392334,30.969999313354492,5600,0.0,0.0
2022-02-18 00:00:00-05:00,30.709999084472656,31.43000030517578,30.709999084472656,31.06999969482422,8700,0.0,0.0
2022-02-22 00:00:00-05:00,30.899999618530273,31.030000686645508,30.65999984741211,30.790000915527344,12100,0.0,0.0
2022-02-23 00:00:00-05:00,30.81999969482422,31.110000610351562,30.75,30.84000015258789,14900,0.0,0.0
2022-02-24 00:00:00-05:00,30.65999984741211,30.65999984741211,29.6200008392334,30.299999237060547,16500,0.0,0.0
2022-02-25 00:00:00-05:00,30.1200008392334,31.639999389648438,30.1200008392334,30.989999771118164,13400,0.0,0.0
2022-02-28 00:00:00-05:00,31.110000610351562,31.110000610351562,30.770000457763672,30.8799991607666,10100,0.0,0.0
2022-03-01 00:00:00-05:00,30.84000015258789,30.84000015258789,29.6200008392334,29.6200008392334,14600,0.0,0.0
2022-03-02 00:00:00-05:00,29.729999542236328,30.299999237060547,29.700000762939453,30.059999465942383,10900,0.0,0.0
2022-03-03 00:00:00-05:00,30.270000457763672,30.270000457763672,29.510000228881836,29.690000534057617,16100,0.0,0.0
2022-03-04 00:00:00-05:00,29.690000534057617,29.979999542236328,29.399999618530273,29.489999771118164,9700,0.0,0.0
2022-03-07 00:00:00-05:00,29.639999389648438,29.780000686645508,29.350000381469727,29.350000381469727,12000,0.0,0.0
2022-03-08 00:00:00-05:00,29.350000381469727,29.350000381469727,28.56999969482422,28.81999969482422,14100,0.0,0.0
2022-03-09 00:00:00-05:00,28.940000534057617,29.65999984741211,28.940000534057617,29.360000610351562,5900,0.0,0.0
2022-03-10 00:00:00-05:00,29.219999313354492,29.229999542236328,27.600000381469727,28.079999923706055,29700,0.0,0.0
2022-03-11 00:00:00-05:00,28.09000015258789,28.09000015258789,27.0,27.0,25000,0.0,0.0
2022-03-14 00:00:00-04:00,27.610000610351562,27.610000610351562,27.0,27.34000015258789,30400,0.0,0.0
2022-03-15 00:00:00-04:00,27.510000228881836,28.18000030517578,27.350000381469727,27.81999969482422,50400,0.0,0.0
2022-03-16 00:00:00-04:00,27.860000610351562,29.440000534057617,27.860000610351562,29.229999542236328,39200,0.0,0.0
2022-03-17 00:00:00-04:00,29.399999618530273,30.190000534057617,28.899999618530273,29.15999984741211,40100,0.0,0.0
2022-03-18 00:00:00-04:00,29.219999313354492,29.5,28.209999084472656,28.709999084472656,65800,0.0,0.0
2022-03-21 00:00:00-04:00,28.540000915527344,29.1299991607666,27.579999923706055,27.950000762939453,34100,0.0,0.0
2022-03-22 00:00:00-04:00,28.780000686645508,28.780000686645508,27.3700008392334,27.75,44600,0.0,0.0
2022-03-23 00:00:00-04:00,27.649999618530273,27.979999542236328,27.149999618530273,27.290000915527344,51600,0.0,0.0
2022-03-24 00:00:00-04:00,27.450000762939453,27.860000610351562,27.0,27.350000381469727,39200,0.0,0.0
2022-03-25 00:00:00-04:00,27.350000381469727,27.780000686645508,27.149999618530273,27.549999237060547,44300,0.0,0.0
2022-03-28 00:00:00-04:00,27.780000686645508,29.030000686645508,27.549999237060547,28.90999984741211,51900,0.0,0.0
2022-03-29 00:00:00-04:00,28.940000534057617,29.850000381469727,28.59000015258789,28.649999618530273,55600,0.0,0.0
2022-03-30 00:00:00-04:00,28.6200008392334,28.950000762939453,28.170000076293945,28.31999969482422,32500,0.0,0.0
2022-03-31 00:00:00-04:00,28.399999618530273,28.780000686645508,28.399999618530273,28.649999618530273,26500,0.0,0.0
2022-04-01 00:00:00-04:00,28.739999771118164,29.43000030517578,28.530000686645508,29.280000686645508,43000,0.0,0.0
2022-04-04 00:00:00-04:00,29.15999984741211,29.600000381469727,28.959999084472656,29.149999618530273,52000,0.0,0.0
2022-04-05 00:00:00-04:00,29.290000915527344,29.56999969482422,27.829999923706055,27.969999313354492,55000,0.0,0.0
2022-04-06 00:00:00-04:00,28.010000228881836,28.1200008392334,26.670000076293945,26.959999084472656,76400,0.0,0.0
2022-04-07 00:00:00-04:00,27.0,27.40999984741211,26.84000015258789,27.329999923706055,44000,0.0,0.0
2022-04-08 00:00:00-04:00,27.25,27.719999313354492,27.209999084472656,27.530000686645508,35900,0.0,0.0
2022-04-11 00:00:00-04:00,27.450000762939453,27.84000015258789,27.31999969482422,27.40999984741211,46200,0.0,0.0
2022-04-12 00:00:00-04:00,27.649999618530273,27.8700008392334,26.690000534057617,27.170000076293945,72800,0.0,0.0
2022-04-13 00:00:00-04:00,27.06999969482422,27.610000610351562,26.93000030517578,27.219999313354492,78900,0.0,0.0
2022-04-14 00:00:00-04:00,27.200000762939453,27.610000610351562,26.8700008392334,27.059999465942383,71300,0.0,0.0
2022-04-18 00:00:00-04:00,27.059999465942383,27.260000228881836,26.139999389648438,26.229999542236328,41000,0.0,0.0
2022-04-19 00:00:00-04:00,26.290000915527344,26.600000381469727,25.979999542236328,26.40999984741211,65800,0.0,0.0
2022-04-20 00:00:00-04:00,26.68000030517578,27.049999237060547,26.469999313354492,26.90999984741211,49900,0.0,0.0
2022-04-21 00:00:00-04:00,26.959999084472656,27.010000228881836,26.25,26.280000686645508,36600,0.0,0.0
2022-04-22 00:00:00-04:00,26.149999618530273,26.309999465942383,25.899999618530273,26.139999389648438,35700,0.0,0.0
2022-04-25 00:00:00-04:00,26.010000228881836,26.110000610351562,25.579999923706055,25.969999313354492,54400,0.0,0.0
2022-04-26 00:00:00-04:00,25.90999984741211,25.90999984741211,25.25,25.40999984741211,43900,0.0,0.0
2022-04-27 00:00:00-04:00,25.479999542236328,25.5,25.1299991607666,25.290000915527344,33200,0.0,0.0
2022-04-28 00:00:00-04:00,25.579999923706055,25.579999923706055,24.93000030517578,25.280000686645508,26300,0.0,0.0
2022-04-29 00:00:00-04:00,25.270000457763672,25.329999923706055,24.889999389648438,24.950000762939453,39200,0.0,0.0
2022-05-02 00:00:00-04:00,25.0,25.030000686645508,24.260000228881836,24.56999969482422,60800,0.0,0.0
2022-05-03 00:00:00-04:00,24.950000762939453,25.229999542236328,24.68000030517578,25.010000228881836,46900,0.0,0.0
2022-05-04 00:00:00-04:00,24.889999389648438,25.219999313354492,24.75,25.049999237060547,39400,0.0,0.0
2022-05-05 00:00:00-04:00,24.93000030517578,25.030000686645508,24.25,25.0,72500,0.0,0.0
2022-05-06 00:00:00-04:00,25.0,25.25,24.649999618530273,24.950000762939453,26100,0.0,0.0
2022-05-09 00:00:00-04:00,24.8700008392334,25.440000534057617,24.829999923706055,25.31999969482422,30300,0.0,0.0
2022-05-10 00:00:00-04:00,25.600000381469727,26.079999923706055,25.290000915527344,25.8700008392334,39400,0.0,0.0
2022-05-11 00:00:00-04:00,26.040000915527344,26.729999542236328,24.8700008392334,24.959999084472656,33700,0.0,0.0
2022-05-12 00:00:00-04:00,24.959999084472656,24.959999084472656,23.549999237060547,24.5,45700,0.0,0.0
2022-05-13 00:00:00-04:00,24.610000610351562,24.899999618530273,24.299999237060547,24.729999542236328,26300,0.0,0.0
2022-05-16 00:00:00-04:00,24.899999618530273,24.899999618530273,24.020000457763672,24.219999313354492,25000,0.0,0.0
2022-05-17 00:00:00-04:00,24.540000915527344,25.059999465942383,24.540000915527344,25.020000457763672,26700,0.0,0.0
2022-05-18 00:00:00-04:00,24.959999084472656,25.010000228881836,23.860000610351562,24.469999313354492,28400,0.0,0.0
2022-05-19 00:00:00-04:00,24.40999984741211,24.40999984741211,23.75,23.979999542236328,23300,0.0,0.0
2022-05-20 00:00:00-04:00,24.09000015258789,24.09000015258789,22.799999237060547,22.979999542236328,20400,0.0,0.0
2022-05-23 00:00:00-04:00,23.149999618530273,23.93000030517578,23.040000915527344,23.579999923706055,22000,0.0,0.0
2022-05-24 00:00:00-04:00,23.59000015258789,23.760000228881836,23.030000686645508,23.600000381469727,21200,0.0,0.0
2022-05-25 00:00:00-04:00,23.399999618530273,23.670000076293945,23.31999969482422,23.6299991607666,24900,0.0,0.0
2022-05-26 00:00:00-04:00,23.6200008392334,24.059999465942383,23.610000610351562,23.93000030517578,17300,0.0,0.0
2022-05-27 00:00:00-04:00,24.110000610351562,24.200000762939453,24.06999969482422,24.1299991607666,15000,0.0,0.0
2022-05-31 00:00:00-04:00,24.1299991607666,24.15999984741211,23.68000030517578,23.770000457763672,18800,0.0,0.0
2022-06-01 00:00:00-04:00,23.75,24.020000457763672,23.530000686645508,23.540000915527344,28000,0.0,0.0
2022-06-02 00:00:00-04:00,23.709999084472656,24.030000686645508,23.56999969482422,23.899999618530273,18300,0.0,0.0
2022-06-03 00:00:00-04:00,23.899999618530273,24.8799991607666,23.829999923706055,24.770000457763672,38600,0.0,0.0
2022-06-06 00:00:00-04:00,24.829999923706055,25.709999084472656,24.799999237060547,24.8799991607666,50400,0.0,0.0
2022-06-07 00:00:00-04:00,24.610000610351562,25.899999618530273,24.360000610351562,25.3799991607666,61200,0.0,0.0
2022-06-08 00:00:00-04:00,25.5,25.81999969482422,24.790000915527344,25.510000228881836,71000,0.0,0.0
2022-06-09 00:00:00-04:00,25.6299991607666,26.65999984741211,25.469999313354492,26.149999618530273,76400,0.0,0.0
2022-06-10 00:00:00-04:00,25.969999313354492,27.100000381469727,25.729999542236328,27.010000228881836,50300,0.0,0.0
2022-06-13 00:00:00-04:00,26.549999237060547,27.56999969482422,26.479999542236328,26.549999237060547,49500,0.0,0.0
2022-06-14 00:00:00-04:00,26.700000762939453,27.43000030517578,26.479999542236328,26.84000015258789,53500,0.0,0.0
2022-06-15 00:00:00-04:00,27.110000610351562,27.420000076293945,26.600000381469727,26.610000610351562,114000,0.0,0.0
2022-06-16 00:00:00-04:00,26.479999542236328,26.59000015258789,25.81999969482422,25.93000030517578,40600,0.0,0.0
2022-06-17 00:00:00-04:00,26.219999313354492,26.399999618530273,25.389999389648438,26.280000686645508,102300,0.0,0.0
2022-06-21 00:00:00-04:00,26.420000076293945,27.280000686645508,26.15999984741211,27.25,58900,0.0,0.0
2022-06-22 00:00:00-04:00,26.790000915527344,29.200000762939453,26.790000915527344,28.969999313354492,63900,0.0,0.0
2022-06-23 00:00:00-04:00,29.020000457763672,29.479999542236328,28.690000534057617,29.479999542236328,52500,0.0,0.0
2022-06-24 00:00:00-04:00,29.56999969482422,31.770000457763672,29.170000076293945,31.770000457763672,790800,0.0,0.0
2022-06-27 00:00:00-04:00,31.399999618530273,32.369998931884766,31.010000228881836,31.06999969482422,120400,0.0,0.0
2022-06-28 00:00:00-04:00,31.110000610351562,31.84000015258789,30.829999923706055,31.079999923706055,38200,0.0,0.0
2022-06-29 00:00:00-04:00,30.989999771118164,31.329999923706055,30.8700008392334,31.170000076293945,56700,0.0,0.0
2022-06-30 00:00:00-04:00,31.010000228881836,31.010000228881836,30.329999923706055,30.649999618530273,21900,0.0,0.0
2022-07-01 00:00:00-04:00,30.450000762939453,31.010000228881836,30.030000686645508,30.93000030517578,26900,0.0,0.0
2022-07-05 00:00:00-04:00,30.809999465942383,31.3700008392334,30.649999618530273,31.260000228881836,39000,0.0,0.0
2022-07-06 00:00:00-04:00,31.399999618530273,31.56999969482422,30.309999465942383,30.65999984741211,11400,0.0,0.0
2022-07-07 00:00:00-04:00,30.639999389648438,30.739999771118164,30.110000610351562,30.43000030517578,14400,0.0,0.0
2022-07-08 00:00:00-04:00,30.270000457763672,30.93000030517578,29.860000610351562,30.56999969482422,10200,0.0,0.0
2022-07-11 00:00:00-04:00,30.280000686645508,31.43000030517578,30.280000686645508,31.299999237060547,20800,0.0,0.0
2022-07-12 00:00:00-04:00,31.030000686645508,31.5,31.030000686645508,31.09000015258789,14100,0.0,0.0
2022-07-13 00:00:00-04:00,31.170000076293945,31.510000228881836,30.8799991607666,31.399999618530273,13500,0.0,0.0
2022-07-14 00:00:00-04:00,31.010000228881836,31.84000015258789,30.600000381469727,30.899999618530273,18100,0.0,0.0
2022-07-15 00:00:00-04:00,30.959999084472656,31.309999465942383,30.940000534057617,30.940000534057617,12100,0.0,0.0
2022-07-18 00:00:00-04:00,31.0,31.770000457763672,31.0,31.75,12900,0.0,0.0
2022-07-19 00:00:00-04:00,32.029998779296875,32.630001068115234,31.829999923706055,31.90999984741211,17100,0.0,0.0
2022-07-20 00:00:00-04:00,32.04999923706055,32.16999816894531,31.31999969482422,31.31999969482422,7000,0.0,0.0
2022-07-21 00:00:00-04:00,31.540000915527344,31.670000076293945,30.920000076293945,30.920000076293945,14200,0.0,0.0
2022-07-22 00:00:00-04:00,30.959999084472656,31.079999923706055,30.549999237060547,30.600000381469727,6300,0.0,0.0
2022-07-25 00:00:00-04:00,30.579999923706055,30.950000762939453,30.280000686645508,30.639999389648438,12500,0.0,0.0
2022-07-26 00:00:00-04:00,30.170000076293945,30.5,29.90999984741211,30.219999313354492,8700,0.0,0.0
2022-07-27 00:00:00-04:00,29.989999771118164,30.469999313354492,29.739999771118164,30.350000381469727,8900,0.0,0.0
2022-07-28 00:00:00-04:00,30.010000228881836,30.709999084472656,29.700000762939453,29.700000762939453,14800,0.0,0.0
2022-07-29 00:00:00-04:00,29.799999237060547,30.200000762939453,29.770000457763672,30.139999389648438,4200,0.0,0.0
2022-08-01 00:00:00-04:00,30.0,31.530000686645508,30.0,30.979999542236328,24200,0.0,0.0
2022-08-02 00:00:00-04:00,31.0,31.670000076293945,30.219999313354492,30.25,12100,0.0,0.0
2022-08-03 00:00:00-04:00,29.200000762939453,29.56999969482422,27.18000030517578,28.739999771118164,29000,0.0,0.0
2022-08-04 00:00:00-04:00,29.020000457763672,29.020000457763672,27.81999969482422,27.81999969482422,10900,0.0,0.0
2022-08-05 00:00:00-04:00,28.0,28.190000534057617,27.549999237060547,27.549999237060547,15500,0.0,0.0
2022-08-08 00:00:00-04:00,27.81999969482422,27.81999969482422,27.600000381469727,27.600000381469727,7100,0.0,0.0
2022-08-09 00:00:00-04:00,27.600000381469727,27.770000457763672,26.459999084472656,27.18000030517578,18800,0.0,0.0
2022-08-10 00:00:00-04:00,27.229999542236328,27.670000076293945,27.18000030517578,27.56999969482422,7500,0.0,0.0
2022-08-11 00:00:00-04:00,27.549999237060547,27.549999237060547,26.709999084472656,26.850000381469727,8600,0.0,0.0
2022-08-12 00:00:00-04:00,26.59000015258789,27.920000076293945,26.510000228881836,27.920000076293945,14400,0.0,0.0
2022-08-15 00:00:00-04:00,27.5,28.5,27.5,28.5,8400,0.0,0.0
2022-08-16 00:00:00-04:00,28.139999389648438,28.799999237060547,27.81999969482422,28.40999984741211,16800,0.0,0.0
2022-08-17 00:00:00-04:00,28.5,28.549999237060547,28.110000610351562,28.110000610351562,3900,0.0,0.0
2022-08-18 00:00:00-04:00,28.3799991607666,28.84000015258789,28.18000030517578,28.709999084472656,4400,0.0,0.0
2022-08-19 00:00:00-04:00,28.700000762939453,28.850000381469727,28.34000015258789,28.649999618530273,8500,0.0,0.0
2022-08-22 00:00:00-04:00,28.649999618530273,29.520000457763672,28.549999237060547,29.360000610351562,16800,0.0,0.0
2022-08-23 00:00:00-04:00,29.1299991607666,29.3700008392334,28.6200008392334,28.6200008392334,5800,0.0,0.0
2022-08-24 00:00:00-04:00,28.829999923706055,28.860000610351562,27.600000381469727,28.100000381469727,7500,0.0,0.0
2022-08-25 00:00:00-04:00,28.15999984741211,28.15999984741211,27.299999237060547,27.6299991607666,7300,0.0,0.0
2022-08-26 00:00:00-04:00,27.90999984741211,28.459999084472656,27.450000762939453,27.75,10100,0.0,0.0
2022-08-29 00:00:00-04:00,27.6299991607666,27.6299991607666,27.229999542236328,27.440000534057617,4100,0.0,0.0
2022-08-30 00:00:00-04:00,27.31999969482422,27.399999618530273,27.030000686645508,27.139999389648438,2700,0.0,0.0
2022-08-31 00:00:00-04:00,27.139999389648438,27.59000015258789,26.700000762939453,27.59000015258789,15400,0.0,0.0
2022-09-01 00:00:00-04:00,26.979999542236328,27.3700008392334,26.729999542236328,27.200000762939453,5700,0.0,0.0
2022-09-02 00:00:00-04:00,27.059999465942383,27.31999969482422,26.889999389648438,27.06999969482422,2900,0.0,0.0
2022-09-06 00:00:00-04:00,27.299999237060547,27.399999618530273,26.559999465942383,26.760000228881836,9300,0.0,0.0
2022-09-07 00:00:00-04:00,26.5,26.5,26.110000610351562,26.399999618530273,4600,0.0,0.0
2022-09-08 00:00:00-04:00,26.170000076293945,26.639999389648438,25.489999771118164,26.489999771118164,4800,0.0,0.0
2022-09-09 00:00:00-04:00,26.399999618530273,26.700000762939453,26.399999618530273,26.579999923706055,3600,0.0,0.0
2022-09-12 00:00:00-04:00,26.809999465942383,27.079999923706055,26.299999237060547,26.530000686645508,8100,0.0,0.0
2022-09-13 00:00:00-04:00,26.110000610351562,26.59000015258789,25.889999389648438,26.049999237060547,5300,0.0,0.0
2022-09-14 00:00:00-04:00,25.920000076293945,26.290000915527344,25.399999618530273,25.510000228881836,7000,0.0,0.0
2022-09-15 00:00:00-04:00,25.479999542236328,25.989999771118164,25.399999618530273,25.68000030517578,4200,0.0,0.0
2022-09-16 00:00:00-04:00,25.68000030517578,26.260000228881836,25.479999542236328,26.110000610351562,20400,0.0,0.0
2022-09-19 00:00:00-04:00,25.93000030517578,25.969999313354492,25.010000228881836,25.360000610351562,9300,0.0,0.0
2022-09-20 00:00:00-04:00,25.600000381469727,26.200000762939453,25.309999465942383,26.200000762939453,9500,0.0,0.0
2022-09-21 00:00:00-04:00,26.190000534057617,26.40999984741211,26.0,26.010000228881836,4700,0.0,0.0
2022-09-22 00:00:00-04:00,25.860000610351562,26.100000381469727,25.260000228881836,25.260000228881836,4400,0.0,0.0
2022-09-23 00:00:00-04:00,25.5,25.90999984741211,24.020000457763672,24.75,12000,0.0,0.0
2022-09-26 00:00:00-04:00,24.40999984741211,24.670000076293945,23.8799991607666,24.489999771118164,9300,0.0,0.0
2022-09-27 00:00:00-04:00,24.309999465942383,24.75,24.010000228881836,24.3700008392334,7600,0.0,0.0
2022-09-28 00:00:00-04:00,24.739999771118164,24.739999771118164,24.149999618530273,24.3700008392334,6100,0.0,0.0
2022-09-29 00:00:00-04:00,24.399999618530273,24.510000228881836,24.059999465942383,24.3700008392334,6600,0.0,0.0
2022-09-30 00:00:00-04:00,25.299999237060547,25.299999237060547,24.1200008392334,24.200000762939453,10900,0.0,0.0
2022-10-03 00:00:00-04:00,24.780000686645508,25.299999237060547,24.31999969482422,24.489999771118164,7600,0.0,0.0
2022-10-04 00:00:00-04:00,24.3799991607666,24.56999969482422,23.950000762939453,23.959999084472656,10100,0.0,0.0
2022-10-05 00:00:00-04:00,23.899999618530273,24.43000030517578,23.6299991607666,23.639999389648438,10000,0.0,0.0
2022-10-06 00:00:00-04:00,23.110000610351562,23.75,22.809999465942383,23.389999389648438,13500,0.0,0.0
2022-10-07 00:00:00-04:00,23.25,23.5,22.200000762939453,22.600000381469727,21200,0.0,0.0
2022-10-10 00:00:00-04:00,22.700000762939453,23.25,22.649999618530273,22.649999618530273,8700,0.0,0.0
2022-10-11 00:00:00-04:00,22.959999084472656,23.219999313354492,22.350000381469727,22.489999771118164,14300,0.0,0.0
2022-10-12 00:00:00-04:00,22.530000686645508,23.200000762939453,22.520000457763672,23.200000762939453,4700,0.0,0.0
2022-10-13 00:00:00-04:00,23.15999984741211,23.15999984741211,22.139999389648438,22.8700008392334,23800,0.0,0.0
2022-10-14 00:00:00-04:00,24.190000534057617,26.90999984741211,24.0,26.229999542236328,69200,0.0,0.0
2022-10-17 00:00:00-04:00,26.510000228881836,27.75,26.3799991607666,26.770000457763672,13500,0.0,0.0
2022-10-18 00:00:00-04:00,27.15999984741211,27.979999542236328,26.950000762939453,27.3700008392334,15000,0.0,0.0
2022-10-19 00:00:00-04:00,27.299999237060547,27.889999389648438,26.600000381469727,27.510000228881836,6300,0.0,0.0
2022-10-20 00:00:00-04:00,27.510000228881836,27.899999618530273,26.899999618530273,27.0,15200,0.0,0.0
2022-10-21 00:00:00-04:00,27.389999389648438,27.770000457763672,26.799999237060547,27.170000076293945,10500,0.0,0.0
2022-10-24 00:00:00-04:00,27.0,28.239999771118164,26.579999923706055,27.790000915527344,11500,0.0,0.0
2022-10-25 00:00:00-04:00,27.65999984741211,27.90999984741211,26.809999465942383,27.1299991607666,7000,0.0,0.0
2022-10-26 00:00:00-04:00,27.1200008392334,28.149999618530273,26.540000915527344,27.559999465942383,14100,0.0,0.0
2022-10-27 00:00:00-04:00,28.110000610351562,28.110000610351562,27.3799991607666,27.790000915527344,5800,0.0,0.0
2022-10-28 00:00:00-04:00,27.84000015258789,30.299999237060547,27.84000015258789,30.170000076293945,24900,0.0,0.0
2022-10-31 00:00:00-04:00,29.940000534057617,30.799999237060547,29.530000686645508,29.530000686645508,11900,0.0,0.0
2022-11-01 00:00:00-04:00,29.760000228881836,30.360000610351562,29.700000762939453,29.780000686645508,14900,0.0,0.0
2022-11-02 00:00:00-04:00,29.889999389648438,30.229999542236328,29.399999618530273,29.559999465942383,14600,0.0,0.0
2022-11-03 00:00:00-04:00,29.65999984741211,30.739999771118164,29.329999923706055,30.600000381469727,8000,0.0,0.0
2022-11-04 00:00:00-04:00,30.709999084472656,30.709999084472656,29.90999984741211,30.290000915527344,5200,0.0,0.0
2022-11-07 00:00:00-05:00,30.0,30.610000610351562,30.0,30.239999771118164,3900,0.0,0.0
2022-11-08 00:00:00-05:00,30.34000015258789,32.349998474121094,30.34000015258789,32.16999816894531,15600,0.0,0.0
2022-11-09 00:00:00-05:00,31.190000534057617,31.829999923706055,30.75,31.829999923706055,12500,0.0,0.0
2022-11-10 00:00:00-05:00,31.469999313354492,31.84000015258789,30.829999923706055,31.25,4900,0.0,0.0
2022-11-11 00:00:00-05:00,31.0,31.5,30.850000381469727,31.440000534057617,6400,0.0,0.0
2022-11-14 00:00:00-05:00,31.0,32.380001068115234,30.489999771118164,31.780000686645508,7600,0.0,0.0
2022-11-15 00:00:00-05:00,31.809999465942383,32.04999923706055,31.059999465942383,32.04999923706055,12000,0.0,0.0
2022-11-16 00:00:00-05:00,31.5,32.0099983215332,31.079999923706055,31.739999771118164,3900,0.0,0.0
2022-11-17 00:00:00-05:00,31.56999969482422,32.0099983215332,31.3799991607666,31.549999237060547,4000,0.0,0.0
2022-11-18 00:00:00-05:00,31.100000381469727,31.75,31.100000381469727,31.489999771118164,3100,0.0,0.0
2022-11-21 00:00:00-05:00,31.700000762939453,32.33000183105469,30.649999618530273,32.150001525878906,3700,0.0,0.0
2022-11-22 00:00:00-05:00,32.439998626708984,32.439998626708984,31.979999542236328,32.22999954223633,6700,0.0,0.0
2022-11-23 00:00:00-05:00,32.45000076293945,32.45000076293945,31.440000534057617,32.20000076293945,4100,0.0,0.0
2022-11-25 00:00:00-05:00,32.310001373291016,32.310001373291016,31.969999313354492,32.18000030517578,1400,0.0,0.0
2022-11-28 00:00:00-05:00,31.950000762939453,32.459999084472656,31.700000762939453,32.45000076293945,11100,0.0,0.0
2022-11-29 00:00:00-05:00,32.43000030517578,32.43000030517578,31.649999618530273,32.34000015258789,4600,0.0,0.0
2022-11-30 00:00:00-05:00,32.310001373291016,32.70000076293945,32.27000045776367,32.70000076293945,13800,0.0,0.0
2022-12-01 00:00:00-05:00,32.75,32.75,32.40999984741211,32.5,7000,0.0,0.0
2022-12-02 00:00:00-05:00,32.5,32.5,31.979999542236328,32.5,3300,0.0,0.0
2022-12-05 00:00:00-05:00,32.56999969482422,32.56999969482422,31.579999923706055,32.5,6200,0.0,0.0
2022-12-06 00:00:00-05:00,32.16999816894531,32.83000183105469,31.979999542236328,32.540000915527344,5100,0.0,0.0
2022-12-07 00:00:00-05:00,32.84000015258789,34.20000076293945,32.810001373291016,34.119998931884766,21800,0.0,0.0
2022-12-08 00:00:00-05:00,34.599998474121094,34.61000061035156,33.56999969482422,34.41999816894531,10600,0.0,0.0
2022-12-09 00:00:00-05:00,34.58000183105469,34.58000183105469,33.5,33.5,26500,0.0,0.0
2022-12-12 00:00:00-05:00,33.83000183105469,34.31999969482422,33.20000076293945,33.470001220703125,6900,0.0,0.0
2022-12-13 00:00:00-05:00,33.40999984741211,33.65999984741211,32.0,32.060001373291016,21500,0.0,0.0
2022-12-14 00:00:00-05:00,32.0099983215332,32.70000076293945,32.0099983215332,32.20000076293945,11400,0.0,0.0
2022-12-15 00:00:00-05:00,32.70000076293945,32.83000183105469,31.899999618530273,32.16999816894531,7800,0.0,0.0
2022-12-16 00:00:00-05:00,31.760000228881836,32.470001220703125,31.760000228881836,32.220001220703125,7800,0.0,0.0
2022-12-19 00:00:00-05:00,32.31999969482422,32.70000076293945,32.31999969482422,32.4900016784668,4400,0.0,0.0
2022-12-20 00:00:00-05:00,32.7599983215332,33.380001068115234,32.7599983215332,32.810001373291016,5000,0.0,0.0
2022-12-21 00:00:00-05:00,33.220001220703125,33.86000061035156,33.02000045776367,33.02000045776367,4600,0.0,0.0
2022-12-22 00:00:00-05:00,33.29999923706055,33.439998626708984,32.869998931884766,32.880001068115234,5200,0.0,0.0
2022-12-23 00:00:00-05:00,33.130001068115234,33.279998779296875,32.63999938964844,32.63999938964844,3000,0.0,0.0
2022-12-27 00:00:00-05:00,32.83000183105469,33.66999816894531,32.83000183105469,33.439998626708984,2800,0.0,0.0
2022-12-28 00:00:00-05:00,33.650001525878906,33.869998931884766,32.7400016784668,32.939998626708984,4700,0.0,0.0
2022-12-29 00:00:00-05:00,33.220001220703125,33.599998474121094,33.0,33.33000183105469,6400,0.0,0.0
2022-12-30 00:00:00-05:00,33.4900016784668,33.81999969482422,32.68000030517578,33.540000915527344,2800,0.0,0.0
2023-01-03 00:00:00-05:00,33.5,34.130001068115234,33.45000076293945,33.81999969482422,12900,0.0,0.0
2023-01-04 00:00:00-05:00,33.599998474121094,34.099998474121094,33.41999816894531,33.84000015258789,8800,0.0,0.0
2023-01-05 00:00:00-05:00,34.13999938964844,34.40999984741211,33.400001525878906,34.40999984741211,7500,0.0,0.0
2023-01-06 00:00:00-05:00,34.13999938964844,34.70000076293945,33.9900016784668,34.70000076293945,6600,0.0,0.0
2023-01-09 00:00:00-05:00,34.70000076293945,35.29999923706055,34.58000183105469,34.86000061035156,22000,0.0,0.0
2023-01-10 00:00:00-05:00,34.97999954223633,35.119998931884766,34.529998779296875,35.0,10600,0.0,0.0
2023-01-11 00:00:00-05:00,35.13999938964844,35.13999938964844,34.90999984741211,35.02000045776367,8300,0.0,0.0
2023-01-12 00:00:00-05:00,35.0,35.849998474121094,35.0,35.06999969482422,24500,0.0,0.0
2023-01-13 00:00:00-05:00,35.04999923706055,35.38999938964844,34.61000061035156,35.209999084472656,16100,0.0,0.0
2023-01-17 00:00:00-05:00,34.380001068115234,35.439998626708984,34.380001068115234,35.18000030517578,7000,0.0,0.0
2023-01-18 00:00:00-05:00,35.0,35.13999938964844,34.54999923706055,35.09000015258789,4700,0.0,0.0
2023-01-19 00:00:00-05:00,34.939998626708984,35.29999923706055,34.599998474121094,35.29999923706055,7600,0.0,0.0
2023-01-20 00:00:00-05:00,35.04999923706055,35.400001525878906,35.04999923706055,35.369998931884766,6400,0.0,0.0
2023-01-23 00:00:00-05:00,35.349998474121094,35.349998474121094,34.70000076293945,34.869998931884766,6200,0.0,0.0
2023-01-24 00:00:00-05:00,34.599998474121094,35.04999923706055,34.40999984741211,34.790000915527344,6900,0.0,0.0
2023-01-25 00:00:00-05:00,34.58000183105469,34.939998626708984,34.41999816894531,34.939998626708984,2600,0.0,0.0
2023-01-26 00:00:00-05:00,34.95000076293945,35.04999923706055,34.599998474121094,35.04999923706055,33900,0.0,0.0
2023-01-27 00:00:00-05:00,34.58000183105469,35.439998626708984,34.27000045776367,35.43000030517578,14800,0.0,0.0
2023-01-30 00:00:00-05:00,35.45000076293945,36.040000915527344,35.22999954223633,35.790000915527344,22300,0.0,0.0
2023-01-31 00:00:00-05:00,35.93000030517578,36.290000915527344,35.31999969482422,36.290000915527344,17800,0.0,0.0
2023-02-01 00:00:00-05:00,36.349998474121094,36.779998779296875,36.25,36.529998779296875,16300,0.0,0.0
2023-02-02 00:00:00-05:00,36.7400016784668,36.970001220703125,36.22999954223633,36.86000061035156,11000,0.0,0.0
2023-02-03 00:00:00-05:00,36.310001373291016,37.33000183105469,36.310001373291016,37.29999923706055,8600,0.0,0.0
2023-02-06 00:00:00-05:00,37.099998474121094,37.599998474121094,37.040000915527344,37.400001525878906,13900,0.0,0.0
2023-02-07 00:00:00-05:00,37.5099983215332,38.349998474121094,37.20000076293945,37.959999084472656,36600,0.0,0.0
2023-02-08 00:00:00-05:00,38.0,38.439998626708984,37.849998474121094,38.099998474121094,17200,0.0,0.0
2023-02-09 00:00:00-05:00,38.18000030517578,38.18000030517578,37.560001373291016,37.7599983215332,8300,0.0,0.0
2023-02-10 00:00:00-05:00,37.83000183105469,38.189998626708984,37.459999084472656,37.720001220703125,11500,0.0,0.0
2023-02-13 00:00:00-05:00,37.75,38.22999954223633,37.380001068115234,37.65999984741211,12500,0.0,0.0
2023-02-14 00:00:00-05:00,37.84000015258789,37.880001068115234,37.29999923706055,37.4900016784668,7100,0.0,0.0
2023-02-15 00:00:00-05:00,37.54999923706055,37.970001220703125,37.400001525878906,37.54999923706055,5300,0.0,0.0
2023-02-16 00:00:00-05:00,36.650001525878906,37.310001373291016,36.650001525878906,37.189998626708984,6400,0.0,0.0
2023-02-17 00:00:00-05:00,36.619998931884766,37.220001220703125,36.619998931884766,37.02000045776367,5300,0.0,0.0
2023-02-21 00:00:00-05:00,37.13999938964844,37.13999938964844,36.189998626708984,36.290000915527344,5700,0.0,0.0
2023-02-22 00:00:00-05:00,36.189998626708984,36.83000183105469,36.189998626708984,36.689998626708984,5400,0.0,0.0
2023-02-23 00:00:00-05:00,37.59000015258789,37.59000015258789,36.689998626708984,37.56999969482422,9000,0.0,0.0
2023-02-24 00:00:00-05:00,37.13999938964844,37.13999938964844,36.52000045776367,36.939998626708984,6100,0.0,0.0
2023-02-27 00:00:00-05:00,37.79999923706055,38.119998931884766,37.11000061035156,37.869998931884766,17500,0.0,0.0
2023-02-28 00:00:00-05:00,37.779998779296875,37.779998779296875,37.119998931884766,37.43000030517578,7600,0.0,0.0
2023-03-01 00:00:00-05:00,37.45000076293945,37.45000076293945,37.04999923706055,37.34000015258789,6000,0.0,0.0
2023-03-02 00:00:00-05:00,37.34000015258789,37.869998931884766,37.22999954223633,37.470001220703125,17300,0.0,0.0
2023-03-03 00:00:00-05:00,36.65999984741211,38.20000076293945,36.65999984741211,38.20000076293945,13300,0.0,0.0
2023-03-06 00:00:00-05:00,38.209999084472656,38.209999084472656,37.43000030517578,37.72999954223633,9000,0.0,0.0
2023-03-07 00:00:00-05:00,37.84000015258789,38.31999969482422,37.529998779296875,37.61000061035156,17200,0.0,0.0
2023-03-08 00:00:00-05:00,37.54999923706055,38.43000030517578,37.529998779296875,38.11000061035156,16400,0.0,0.0
2023-03-09 00:00:00-05:00,37.0,39.20000076293945,37.0,39.060001373291016,33100,0.0,0.0
2023-03-10 00:00:00-05:00,39.20000076293945,40.279998779296875,38.060001373291016,40.13999938964844,24400,0.0,0.0
2023-03-13 00:00:00-04:00,40.310001373291016,40.849998474121094,39.630001068115234,39.970001220703125,26100,0.0,0.0
2023-03-14 00:00:00-04:00,40.2400016784668,40.560001373291016,39.75,39.779998779296875,15900,0.0,0.0
2023-03-15 00:00:00-04:00,39.56999969482422,39.880001068115234,39.18000030517578,39.18000030517578,13700,0.0,0.0
2023-03-16 00:00:00-04:00,39.88999938964844,40.45000076293945,39.59000015258789,40.290000915527344,20300,0.0,0.0
2023-03-17 00:00:00-04:00,40.459999084472656,40.459999084472656,37.52000045776367,37.720001220703125,43100,0.0,0.0
2023-03-20 00:00:00-04:00,37.880001068115234,39.04999923706055,37.619998931884766,38.4900016784668,27100,0.0,0.0
2023-03-21 00:00:00-04:00,37.86000061035156,38.5,37.27000045776367,37.650001525878906,35100,0.0,0.0
2023-03-22 00:00:00-04:00,37.970001220703125,37.970001220703125,35.869998931884766,35.88999938964844,61900,0.0,0.0
2023-03-23 00:00:00-04:00,35.84000015258789,37.709999084472656,34.630001068115234,37.25,105000,0.0,0.0
2023-03-24 00:00:00-04:00,37.63999938964844,37.77000045776367,36.02000045776367,36.9900016784668,48900,0.0,0.0
2023-03-27 00:00:00-04:00,37.459999084472656,39.04999923706055,37.130001068115234,38.5,34500,0.0,0.0
2023-03-28 00:00:00-04:00,38.47999954223633,38.47999954223633,36.0099983215332,37.2599983215332,36800,0.0,0.0
2023-03-29 00:00:00-04:00,37.2599983215332,38.310001373291016,37.2599983215332,38.04999923706055,27600,0.0,0.0
2023-03-30 00:00:00-04:00,38.5,39.43000030517578,38.13999938964844,38.72999954223633,13000,0.0,0.0
2023-03-31 00:00:00-04:00,39.209999084472656,42.02000045776367,39.209999084472656,41.61000061035156,26800,0.0,0.0
2023-04-03 00:00:00-04:00,41.13999938964844,42.2599983215332,40.220001220703125,42.25,21000,0.0,0.0
2023-04-04 00:00:00-04:00,41.84000015258789,41.91999816894531,40.619998931884766,41.08000183105469,11300,0.0,0.0
2023-04-05 00:00:00-04:00,40.959999084472656,41.47999954223633,40.45000076293945,40.91999816894531,15300,0.0,0.0
2023-04-06 00:00:00-04:00,41.060001373291016,41.68000030517578,40.689998626708984,40.939998626708984,14400,0.0,0.0
2023-04-10 00:00:00-04:00,40.619998931884766,42.349998474121094,40.529998779296875,41.0,24200,0.0,0.0
2023-04-11 00:00:00-04:00,40.900001525878906,41.869998931884766,40.900001525878906,41.65999984741211,31800,0.0,0.0
2023-04-12 00:00:00-04:00,41.5,43.119998931884766,41.470001220703125,43.09000015258789,25500,0.0,0.0
2023-04-13 00:00:00-04:00,42.63999938964844,42.959999084472656,41.880001068115234,42.810001373291016,18200,0.0,0.0
2023-04-14 00:00:00-04:00,42.650001525878906,42.650001525878906,40.83000183105469,40.88999938964844,37400,0.0,0.0
2023-04-17 00:00:00-04:00,41.16999816894531,41.59000015258789,40.790000915527344,40.97999954223633,15300,0.0,0.0
2023-04-18 00:00:00-04:00,40.709999084472656,42.95000076293945,40.439998626708984,42.45000076293945,53300,0.0,0.0
2023-04-19 00:00:00-04:00,42.41999816894531,43.38999938964844,42.400001525878906,43.29999923706055,10500,0.0,0.0
2023-04-20 00:00:00-04:00,42.61000061035156,43.970001220703125,42.45000076293945,43.93000030517578,22000,0.0,0.0
2023-04-21 00:00:00-04:00,43.54999923706055,44.939998626708984,43.400001525878906,44.16999816894531,45100,0.0,0.0
2023-04-24 00:00:00-04:00,44.15999984741211,44.939998626708984,43.31999969482422,44.939998626708984,25200,0.0,0.0
2023-04-25 00:00:00-04:00,44.95000076293945,45.59000015258789,42.369998931884766,42.619998931884766,44200,0.0,0.0
2023-04-26 00:00:00-04:00,42.619998931884766,43.31999969482422,42.33000183105469,42.91999816894531,17600,0.0,0.0
2023-04-27 00:00:00-04:00,43.0,43.099998474121094,41.83000183105469,42.43000030517578,8500,0.0,0.0
2023-04-28 00:00:00-04:00,42.060001373291016,42.709999084472656,41.31999969482422,42.380001068115234,16400,0.0,0.0
2023-05-01 00:00:00-04:00,42.150001525878906,42.27000045776367,41.06999969482422,42.27000045776367,16000,0.0,0.0
2023-05-02 00:00:00-04:00,41.75,42.880001068115234,40.779998779296875,42.59000015258789,10300,0.0,0.0
2023-05-03 00:00:00-04:00,42.15999984741211,43.459999084472656,41.7400016784668,43.040000915527344,16400,0.0,0.0
2023-05-04 00:00:00-04:00,42.810001373291016,42.810001373291016,41.70000076293945,42.2400016784668,12100,0.0,0.0
2023-05-05 00:00:00-04:00,42.540000915527344,42.56999969482422,41.709999084472656,42.040000915527344,11300,0.0,0.0
2023-05-08 00:00:00-04:00,42.040000915527344,42.06999969482422,41.04999923706055,41.810001373291016,13700,0.0,0.0
2023-05-09 00:00:00-04:00,41.2400016784668,41.66999816894531,39.97999954223633,41.2599983215332,8900,0.0,0.0
2023-05-10 00:00:00-04:00,41.290000915527344,41.9900016784668,40.099998474121094,40.2400016784668,11000,0.0,0.0
2023-05-11 00:00:00-04:00,39.88999938964844,40.29999923706055,39.2400016784668,40.189998626708984,10400,0.0,0.0
2023-05-12 00:00:00-04:00,40.29999923706055,40.93000030517578,39.849998474121094,40.54999923706055,9100,0.0,0.0
2023-05-15 00:00:00-04:00,40.279998779296875,41.150001525878906,40.11000061035156,41.150001525878906,11900,0.0,0.0
2023-05-16 00:00:00-04:00,40.61000061035156,40.70000076293945,39.52000045776367,40.029998779296875,19200,0.0,0.0
2023-05-17 00:00:00-04:00,39.880001068115234,41.52000045776367,39.75,41.279998779296875,11500,0.0,0.0
2023-05-18 00:00:00-04:00,41.09000015258789,41.27000045776367,39.86000061035156,40.34000015258789,15400,0.0,0.0
2023-05-19 00:00:00-04:00,40.77000045776367,41.15999984741211,39.79999923706055,40.880001068115234,13300,0.0,0.0
2023-05-22 00:00:00-04:00,40.869998931884766,40.88999938964844,38.220001220703125,38.2599983215332,29600,0.0,0.0
2023-05-23 00:00:00-04:00,38.20000076293945,39.2599983215332,38.0,38.869998931884766,17900,0.0,0.0
2023-05-24 00:00:00-04:00,38.81999969482422,38.83000183105469,37.810001373291016,37.939998626708984,12900,0.0,0.0
2023-05-25 00:00:00-04:00,37.95000076293945,39.02000045776367,37.65999984741211,38.369998931884766,15200,0.0,0.0
2023-05-26 00:00:00-04:00,38.52000045776367,39.099998474121094,38.060001373291016,38.2599983215332,10800,0.0,0.0
2023-05-30 00:00:00-04:00,38.2599983215332,38.27000045776367,37.099998474121094,37.540000915527344,16100,0.0,0.0
2023-05-31 00:00:00-04:00,37.13999938964844,38.380001068115234,36.84000015258789,37.970001220703125,8100,0.0,0.0
2023-06-01 00:00:00-04:00,37.61000061035156,38.560001373291016,37.41999816894531,37.880001068115234,17500,0.0,0.0
2023-06-02 00:00:00-04:00,38.150001525878906,39.959999084472656,37.95000076293945,39.560001373291016,18500,0.0,0.0
2023-06-05 00:00:00-04:00,39.880001068115234,39.880001068115234,37.86000061035156,38.290000915527344,16800,0.0,0.0
2023-06-06 00:00:00-04:00,38.9900016784668,39.06999969482422,38.369998931884766,38.86000061035156,21700,0.0,0.0
2023-06-07 00:00:00-04:00,38.79999923706055,39.84000015258789,38.560001373291016,39.27000045776367,20500,0.0,0.0
2023-06-08 00:00:00-04:00,39.5099983215332,40.709999084472656,39.459999084472656,40.54999923706055,22100,0.0,0.0
2023-06-09 00:00:00-04:00,44.84000015258789,47.09000015258789,44.25,47.06999969482422,112200,0.0,0.0
2023-06-12 00:00:00-04:00,48.619998931884766,52.720001220703125,48.5,50.66999816894531,104800,0.0,0.0
2023-06-13 00:00:00-04:00,50.09000015258789,51.0,49.619998931884766,50.099998474121094,71000,0.0,0.0
2023-06-14 00:00:00-04:00,49.79999923706055,50.66999816894531,49.310001373291016,49.86000061035156,75900,0.0,0.0
2023-06-15 00:00:00-04:00,49.689998626708984,50.93000030517578,49.689998626708984,50.81999969482422,43300,0.0,0.0
2023-06-16 00:00:00-04:00,50.43000030517578,54.970001220703125,50.130001068115234,54.90999984741211,107000,0.0,0.0
2023-06-20 00:00:00-04:00,54.93000030517578,57.900001525878906,54.470001220703125,57.41999816894531,82100,0.0,0.0
2023-06-21 00:00:00-04:00,57.33000183105469,58.290000915527344,56.349998474121094,56.349998474121094,75900,0.0,0.0
2023-06-22 00:00:00-04:00,55.84000015258789,58.34000015258789,55.2599983215332,56.22999954223633,64300,0.0,0.0
2023-06-23 00:00:00-04:00,56.47999954223633,57.84000015258789,52.63999938964844,53.95000076293945,695000,0.0,0.0
2023-06-26 00:00:00-04:00,53.93000030517578,57.45000076293945,53.7599983215332,56.939998626708984,87300,0.0,0.0
2023-06-27 00:00:00-04:00,56.689998626708984,59.119998931884766,56.689998626708984,57.439998626708984,55500,0.0,0.0
2023-06-28 00:00:00-04:00,57.22999954223633,59.0,57.22999954223633,58.38999938964844,51900,0.0,0.0
2023-06-29 00:00:00-04:00,58.400001525878906,59.189998626708984,57.41999816894531,58.4900016784668,41800,0.0,0.0
2023-06-30 00:00:00-04:00,58.90999984741211,60.0,57.880001068115234,58.9900016784668,133900,0.0,0.0
2023-07-03 00:00:00-04:00,59.0,59.439998626708984,58.52000045776367,59.13999938964844,21100,0.0,0.0
2023-07-05 00:00:00-04:00,59.15999984741211,60.81999969482422,58.61000061035156,60.65999984741211,42900,0.0,0.0
2023-07-06 00:00:00-04:00,60.060001373291016,62.27000045776367,59.279998779296875,61.95000076293945,68600,0.0,0.0
2023-07-07 00:00:00-04:00,62.0,64.0,61.790000915527344,62.91999816894531,56900,0.0,0.0
2023-07-10 00:00:00-04:00,63.08000183105469,63.900001525878906,61.56999969482422,61.939998626708984,53600,0.0,0.0
2023-07-11 00:00:00-04:00,62.0,63.5,62.0,62.790000915527344,49100,0.0,0.0
2023-07-12 00:00:00-04:00,62.880001068115234,63.04999923706055,62.04999923706055,62.529998779296875,40800,0.0,0.0
2023-07-13 00:00:00-04:00,62.54999923706055,63.5099983215332,62.06999969482422,63.41999816894531,31800,0.0,0.0
2023-07-14 00:00:00-04:00,63.86000061035156,63.86000061035156,62.29999923706055,62.459999084472656,34400,0.0,0.0
2023-07-17 00:00:00-04:00,62.150001525878906,63.0099983215332,62.150001525878906,62.310001373291016,54100,0.0,0.0
2023-07-18 00:00:00-04:00,61.939998626708984,62.790000915527344,61.16999816894531,62.08000183105469,63400,0.0,0.0
2023-07-19 00:00:00-04:00,61.9900016784668,63.63999938964844,61.650001525878906,63.63999938964844,39200,0.0,0.0
2023-07-20 00:00:00-04:00,63.5,64.11000061035156,62.630001068115234,63.77000045776367,37600,0.0,0.0
2023-07-21 00:00:00-04:00,63.77000045776367,63.9900016784668,62.56999969482422,63.09000015258789,27400,0.0,0.0
2023-07-24 00:00:00-04:00,63.06999969482422,63.7599983215332,62.65999984741211,63.34000015258789,23700,0.0,0.0
2023-07-25 00:00:00-04:00,63.15999984741211,63.869998931884766,62.529998779296875,62.849998474121094,23700,0.0,0.0
2023-07-26 00:00:00-04:00,62.939998626708984,64.06999969482422,62.939998626708984,64.05999755859375,31500,0.0,0.0
2023-07-27 00:00:00-04:00,64.08000183105469,64.75,63.029998779296875,63.54999923706055,22600,0.0,0.0
2023-07-28 00:00:00-04:00,63.54999923706055,64.1500015258789,63.54999923706055,63.619998931884766,13400,0.0,0.0
2023-07-31 00:00:00-04:00,63.599998474121094,63.900001525878906,62.45000076293945,62.77000045776367,29800,0.0,0.0
2023-08-01 00:00:00-04:00,62.45000076293945,64.16999816894531,62.45000076293945,63.88999938964844,27400,0.0,0.0
2023-08-02 00:00:00-04:00,64.0,64.54000091552734,63.47999954223633,63.61000061035156,15100,0.0,0.0
2023-08-03 00:00:00-04:00,63.59000015258789,64.61000061035156,63.5099983215332,63.709999084472656,10100,0.0,0.0
2023-08-04 00:00:00-04:00,63.599998474121094,63.91999816894531,62.869998931884766,63.70000076293945,22600,0.0,0.0
2023-08-07 00:00:00-04:00,63.849998474121094,64.16999816894531,63.459999084472656,63.689998626708984,19700,0.0,0.0
2023-08-08 00:00:00-04:00,63.66999816894531,64.52999877929688,63.459999084472656,64.31999969482422,22500,0.0,0.0
2023-08-09 00:00:00-04:00,64.05000305175781,64.69000244140625,63.599998474121094,64.0,28700,0.0,0.0
2023-08-10 00:00:00-04:00,64.01000213623047,64.61000061035156,63.349998474121094,64.12999725341797,37700,0.0,0.0
2023-08-11 00:00:00-04:00,64.0,64.61000061035156,63.54999923706055,64.06999969482422,23300,0.0,0.0
2023-08-14 00:00:00-04:00,63.189998626708984,65.0199966430664,62.900001525878906,64.98999786376953,75600,0.0,0.0
2023-08-15 00:00:00-04:00,65.18000030517578,68.52999877929688,65.18000030517578,67.43000030517578,54400,0.0,0.0
2023-08-16 00:00:00-04:00,67.4000015258789,69.08999633789062,67.16000366210938,68.44000244140625,38500,0.0,0.0
2023-08-17 00:00:00-04:00,68.87999725341797,68.87999725341797,65.41999816894531,66.08999633789062,25700,0.0,0.0
2023-08-18 00:00:00-04:00,65.55000305175781,67.52999877929688,64.52999877929688,67.0999984741211,36600,0.0,0.0
2023-08-21 00:00:00-04:00,67.7300033569336,68.12000274658203,66.2699966430664,67.54000091552734,20700,0.0,0.0
2023-08-22 00:00:00-04:00,67.1500015258789,67.70999908447266,67.1500015258789,67.36000061035156,11800,0.0,0.0
2023-08-23 00:00:00-04:00,67.86000061035156,67.87000274658203,67.30000305175781,67.70999908447266,15600,0.0,0.0
2023-08-24 00:00:00-04:00,67.26000213623047,68.2699966430664,67.26000213623047,67.29000091552734,20200,0.0,0.0
2023-08-25 00:00:00-04:00,67.75,68.4000015258789,67.29000091552734,67.66000366210938,14000,0.0,0.0
2023-08-28 00:00:00-04:00,67.41999816894531,68.26000213623047,66.61000061035156,67.06999969482422,14200,0.0,0.0
2023-08-29 00:00:00-04:00,66.56999969482422,67.19000244140625,66.0,67.04000091552734,23100,0.0,0.0
2023-08-30 00:00:00-04:00,67.43000030517578,67.69000244140625,66.69999694824219,67.48999786376953,18500,0.0,0.0
2023-08-31 00:00:00-04:00,67.6500015258789,68.26000213623047,67.13999938964844,67.4000015258789,10200,0.0,0.0
2023-09-01 00:00:00-04:00,67.08999633789062,67.63999938964844,66.44999694824219,67.23999786376953,18300,0.0,0.0
2023-09-05 00:00:00-04:00,66.98999786376953,66.98999786376953,63.63999938964844,64.23999786376953,32600,0.0,0.0
2023-09-06 00:00:00-04:00,64.19000244140625,64.31999969482422,62.83000183105469,63.790000915527344,21500,0.0,0.0
2023-09-07 00:00:00-04:00,64.1500015258789,64.1500015258789,63.20000076293945,63.349998474121094,18600,0.0,0.0
2023-09-08 00:00:00-04:00,63.81999969482422,63.81999969482422,62.689998626708984,63.029998779296875,15000,0.0,0.0
2023-09-11 00:00:00-04:00,63.040000915527344,64.12999725341797,61.11000061035156,61.34000015258789,28700,0.0,0.0
2023-09-12 00:00:00-04:00,61.34000015258789,62.20000076293945,61.0,61.540000915527344,17900,0.0,0.0
2023-09-13 00:00:00-04:00,61.40999984741211,61.40999984741211,59.88999938964844,60.36000061035156,26800,0.0,0.0
2023-09-14 00:00:00-04:00,59.7400016784668,61.79999923706055,59.7400016784668,61.33000183105469,28100,0.0,0.0
2023-09-15 00:00:00-04:00,61.79999923706055,65.12000274658203,61.099998474121094,65.04000091552734,69700,0.0,0.0
2023-09-18 00:00:00-04:00,65.01000213623047,65.44999694824219,62.849998474121094,63.13999938964844,17700,0.0,0.0
2023-09-19 00:00:00-04:00,63.060001373291016,64.83000183105469,62.68000030517578,64.31999969482422,15400,0.0,0.0
2023-09-20 00:00:00-04:00,64.87000274658203,66.2300033569336,63.720001220703125,63.84000015258789,23400,0.0,0.0
2023-09-21 00:00:00-04:00,63.11000061035156,64.68000030517578,62.060001373291016,62.22999954223633,13000,0.0,0.0
2023-09-22 00:00:00-04:00,62.790000915527344,64.33000183105469,61.810001373291016,62.75,18100,0.0,0.0
2023-09-25 00:00:00-04:00,62.77000045776367,62.77000045776367,62.0099983215332,62.560001373291016,9900,0.0,0.0
2023-09-26 00:00:00-04:00,62.33000183105469,62.959999084472656,62.0,62.47999954223633,15100,0.0,0.0
2023-09-27 00:00:00-04:00,62.150001525878906,62.150001525878906,59.65999984741211,61.0099983215332,20200,0.0,0.0
2023-09-28 00:00:00-04:00,60.619998931884766,61.88999938964844,60.33000183105469,61.529998779296875,11000,0.0,0.0
2023-09-29 00:00:00-04:00,62.11000061035156,62.11000061035156,60.900001525878906,61.75,17000,0.0,0.0
2023-10-02 00:00:00-04:00,61.630001068115234,61.630001068115234,60.380001068115234,60.61000061035156,15000,0.0,0.0
2023-10-03 00:00:00-04:00,60.61000061035156,61.439998626708984,60.25,60.58000183105469,14100,0.0,0.0
2023-10-04 00:00:00-04:00,60.63999938964844,62.0,60.279998779296875,61.59000015258789,17700,0.0,0.0
2023-10-05 00:00:00-04:00,61.29999923706055,65.16999816894531,61.29999923706055,65.16999816894531,32500,0.0,0.0
2023-10-06 00:00:00-04:00,64.4800033569336,65.47000122070312,63.060001373291016,63.72999954223633,32600,0.0,0.0
2023-10-09 00:00:00-04:00,63.72999954223633,63.72999954223633,62.45000076293945,62.849998474121094,15200,0.0,0.0
2023-10-10 00:00:00-04:00,62.939998626708984,63.88999938964844,62.790000915527344,63.68000030517578,11800,0.0,0.0
2023-10-11 00:00:00-04:00,63.529998779296875,63.529998779296875,62.709999084472656,62.970001220703125,14100,0.0,0.0
2023-10-12 00:00:00-04:00,63.0,63.20000076293945,60.619998931884766,62.04999923706055,24700,0.0,0.0
2023-10-13 00:00:00-04:00,64.0,65.69999694824219,55.7599983215332,56.77000045776367,53500,0.0,0.0
2023-10-16 00:00:00-04:00,57.02000045776367,59.54999923706055,56.84000015258789,57.349998474121094,49800,0.0,0.0
2023-10-17 00:00:00-04:00,57.779998779296875,59.27000045776367,56.56999969482422,58.650001525878906,40900,0.0,0.0
2023-10-18 00:00:00-04:00,58.060001373291016,58.58000183105469,57.08000183105469,57.540000915527344,16300,0.0,0.0
2023-10-19 00:00:00-04:00,57.18000030517578,57.5,56.540000915527344,56.869998931884766,13900,0.0,0.0
2023-10-20 00:00:00-04:00,56.869998931884766,58.0,56.790000915527344,57.279998779296875,15600,0.0,0.0
2023-10-23 00:00:00-04:00,56.70000076293945,57.25,56.369998931884766,56.810001373291016,10800,0.0,0.0
2023-10-24 00:00:00-04:00,56.81999969482422,57.79999923706055,56.81999969482422,57.540000915527344,16300,0.0,0.0
2023-10-25 00:00:00-04:00,57.31999969482422,57.31999969482422,55.939998626708984,56.310001373291016,12400,0.0,0.0
2023-10-26 00:00:00-04:00,56.38999938964844,57.09000015258789,55.40999984741211,55.90999984741211,46900,0.0,0.0
2023-10-27 00:00:00-04:00,55.91999816894531,57.040000915527344,55.43000030517578,56.060001373291016,14100,0.0,0.0
2023-10-30 00:00:00-04:00,56.119998931884766,57.4900016784668,54.79999923706055,57.36000061035156,23000,0.0,0.0
2023-10-31 00:00:00-04:00,57.5,58.310001373291016,57.130001068115234,57.279998779296875,12100,0.0,0.0
2023-11-01 00:00:00-04:00,57.709999084472656,57.709999084472656,56.34000015258789,56.720001220703125,8200,0.0,0.0
2023-11-02 00:00:00-04:00,56.400001525878906,58.279998779296875,55.16999816894531,57.029998779296875,13500,0.0,0.0
2023-11-03 00:00:00-04:00,57.959999084472656,57.959999084472656,56.7400016784668,57.29999923706055,11900,0.0,0.0
2023-11-06 00:00:00-05:00,57.310001373291016,58.45000076293945,56.86000061035156,57.959999084472656,14400,0.0,0.0
2023-11-07 00:00:00-05:00,57.79999923706055,58.77000045776367,57.79999923706055,58.630001068115234,11900,0.0,0.0
2023-11-08 00:00:00-05:00,59.959999084472656,59.959999084472656,58.25,58.43000030517578,8200,0.0,0.0
2023-11-09 00:00:00-05:00,57.849998474121094,58.61000061035156,57.75,57.86000061035156,9100,0.0,0.0
2023-11-10 00:00:00-05:00,57.970001220703125,58.63999938964844,57.20000076293945,57.61000061035156,13100,0.0,0.0
2023-11-13 00:00:00-05:00,57.7599983215332,59.27000045776367,55.54999923706055,58.529998779296875,11000,0.0,0.0
2023-11-14 00:00:00-05:00,59.68000030517578,59.9900016784668,57.380001068115234,59.7400016784668,33400,0.0,0.0
2023-11-15 00:00:00-05:00,59.130001068115234,61.060001373291016,58.65999984741211,58.900001525878906,15800,0.0,0.0
2023-11-16 00:00:00-05:00,59.0099983215332,59.22999954223633,57.25,57.630001068115234,21500,0.0,0.0
2023-11-17 00:00:00-05:00,58.08000183105469,58.83000183105469,57.470001220703125,57.83000183105469,20300,0.0,0.0
2023-11-20 00:00:00-05:00,58.0,58.459999084472656,57.0099983215332,57.849998474121094,14300,0.0,0.0
2023-11-21 00:00:00-05:00,57.93000030517578,58.75,56.93000030517578,57.11000061035156,14800,0.0,0.0
2023-11-22 00:00:00-05:00,57.65999984741211,58.810001373291016,57.65999984741211,58.04999923706055,12400,0.0,0.0
2023-11-24 00:00:00-05:00,57.54999923706055,58.459999084472656,57.54999923706055,57.779998779296875,6700,0.0,0.0
2023-11-27 00:00:00-05:00,57.79999923706055,58.13999938964844,57.29999923706055,57.43000030517578,10100,0.0,0.0
2023-11-28 00:00:00-05:00,57.61000061035156,57.97999954223633,57.0099983215332,57.0099983215332,8300,0.0,0.0
2023-11-29 00:00:00-05:00,57.099998474121094,57.58000183105469,56.790000915527344,56.900001525878906,11700,0.0,0.0
2023-11-30 00:00:00-05:00,56.900001525878906,57.09000015258789,56.5099983215332,56.7599983215332,7600,0.0,0.0
2023-12-01 00:00:00-05:00,56.52000045776367,57.75,55.81999969482422,56.0,18700,0.0,0.0
2023-12-04 00:00:00-05:00,56.61000061035156,57.959999084472656,55.04999923706055,55.5099983215332,27600,0.0,0.0
2023-12-05 00:00:00-05:00,55.5099983215332,58.369998931884766,54.90999984741211,58.189998626708984,29000,0.0,0.0
2023-12-06 00:00:00-05:00,58.27000045776367,58.27000045776367,57.20000076293945,57.380001068115234,12700,0.0,0.0
2023-12-07 00:00:00-05:00,57.06999969482422,57.880001068115234,56.81999969482422,57.2599983215332,13100,0.0,0.0
2023-12-08 00:00:00-05:00,57.279998779296875,59.029998779296875,57.279998779296875,59.029998779296875,15600,0.0,0.0
2023-12-11 00:00:00-05:00,59.189998626708984,59.189998626708984,58.18000030517578,58.90999984741211,19700,0.0,0.0
2023-12-12 00:00:00-05:00,60.59000015258789,66.08999633789062,60.59000015258789,64.68000030517578,44500,0.0,0.0
2023-12-13 00:00:00-05:00,64.25,69.93000030517578,63.459999084472656,69.37000274658203,26800,0.0,0.0
2023-12-14 00:00:00-05:00,69.0,71.5,67.91000366210938,69.62999725341797,26700,0.0,0.0
2023-12-15 00:00:00-05:00,69.33999633789062,69.5,66.95999908447266,68.88999938964844,40800,0.0,0.0
2023-12-18 00:00:00-05:00,68.88999938964844,71.08999633789062,68.6500015258789,69.08000183105469,22100,0.0,0.0
2023-12-19 00:00:00-05:00,69.76000213623047,72.2699966430664,69.76000213623047,71.70999908447266,20000,0.0,0.0
2023-12-20 00:00:00-05:00,71.29000091552734,73.41000366210938,71.29000091552734,71.58999633789062,20000,0.0,0.0
2023-12-21 00:00:00-05:00,72.19999694824219,73.5,72.19999694824219,73.3499984741211,14100,0.0,0.0
2023-12-22 00:00:00-05:00,72.76000213623047,72.76000213623047,69.45999908447266,69.97000122070312,30900,0.0,0.0
2023-12-26 00:00:00-05:00,70.58999633789062,70.58999633789062,68.7300033569336,69.41000366210938,17600,0.0,0.0
2023-12-27 00:00:00-05:00,69.0,69.69000244140625,68.5,69.66000366210938,14500,0.0,0.0
2023-12-28 00:00:00-05:00,69.29000091552734,69.47000122070312,68.77999877929688,69.16999816894531,14200,0.0,0.0
2023-12-29 00:00:00-05:00,68.94999694824219,68.94999694824219,65.37999725341797,67.08000183105469,76400,0.0,0.0
2024-01-02 00:00:00-05:00,67.69999694824219,69.12000274658203,67.66000366210938,68.97000122070312,18200,0.0,0.0
2024-01-03 00:00:00-05:00,69.1500015258789,69.9000015258789,67.91000366210938,67.95999908447266,24200,0.0,0.0
2024-01-04 00:00:00-05:00,68.6500015258789,68.88999938964844,67.70999908447266,68.08999633789062,13800,0.0,0.0
2024-01-05 00:00:00-05:00,67.41000366210938,68.91999816894531,67.19999694824219,67.25,22500,0.0,0.0
2024-01-08 00:00:00-05:00,66.69000244140625,67.51000213623047,66.5,67.30000305175781,10300,0.0,0.0
2024-01-09 00:00:00-05:00,66.52999877929688,67.83000183105469,66.5,67.30000305175781,12100,0.0,0.0
2024-01-10 00:00:00-05:00,67.05999755859375,68.54000091552734,66.5,66.95999908447266,17700,0.0,0.0
2024-01-11 00:00:00-05:00,65.9800033569336,66.91999816894531,65.66999816894531,66.8499984741211,11300,0.0,0.0
2024-01-12 00:00:00-05:00,66.8499984741211,67.77999877929688,66.62999725341797,67.38999938964844,10400,0.0,0.0
2024-01-16 00:00:00-05:00,66.4800033569336,66.8499984741211,66.02999877929688,66.8499984741211,13000,0.0,0.0
2024-01-17 00:00:00-05:00,66.0,67.55999755859375,65.80000305175781,67.41999816894531,9800,0.0,0.0
2024-01-18 00:00:00-05:00,67.5,68.19000244140625,66.69999694824219,67.83999633789062,9300,0.0,0.0
2024-01-19 00:00:00-05:00,68.05999755859375,68.05999755859375,65.88999938964844,66.16000366210938,16500,0.0,0.0
2024-01-22 00:00:00-05:00,66.30000305175781,68.26000213623047,66.2699966430664,67.8499984741211,14500,0.0,0.0
2024-01-23 00:00:00-05:00,68.38999938964844,68.38999938964844,66.16999816894531,66.29000091552734,15000,0.0,0.0
2024-01-24 00:00:00-05:00,67.02999877929688,70.41999816894531,66.2300033569336,69.16999816894531,22300,0.0,0.0
2024-01-25 00:00:00-05:00,69.19999694824219,70.47000122070312,69.01000213623047,70.19999694824219,14400,0.0,0.0
2024-01-26 00:00:00-05:00,70.88999938964844,70.88999938964844,66.63999938964844,66.9000015258789,9200,0.0,0.0
2024-01-29 00:00:00-05:00,67.0,67.01000213623047,66.30999755859375,66.88999938964844,8400,0.0,0.0
2024-01-30 00:00:00-05:00,66.93000030517578,67.12000274658203,66.19999694824219,66.5199966430664,5400,0.0,0.0
2024-01-31 00:00:00-05:00,66.52999877929688,66.52999877929688,64.86000061035156,64.95999908447266,21700,0.0,0.0
2024-02-01 00:00:00-05:00,65.37999725341797,65.75,64.05000305175781,65.73999786376953,9500,0.0,0.0
2024-02-02 00:00:00-05:00,64.83999633789062,65.0,64.16000366210938,64.4800033569336,9900,0.0,0.0
2024-02-05 00:00:00-05:00,64.16000366210938,64.56999969482422,62.91999816894531,64.1500015258789,11700,0.0,0.0
2024-02-06 00:00:00-05:00,63.65999984741211,63.65999984741211,62.560001373291016,63.220001220703125,7200,0.0,0.0
2024-02-07 00:00:00-05:00,63.5,65.33000183105469,63.5,64.5199966430664,11800,0.0,0.0
2024-02-08 00:00:00-05:00,65.05999755859375,66.75,65.05999755859375,65.9000015258789,6100,0.0,0.0
2024-02-09 00:00:00-05:00,65.91999816894531,66.33000183105469,65.16000366210938,65.76000213623047,15800,0.0,0.0
2024-02-12 00:00:00-05:00,65.33000183105469,70.62999725341797,65.33000183105469,69.72000122070312,14400,0.0,0.0
2024-02-13 00:00:00-05:00,68.52999877929688,69.7699966430664,64.94999694824219,65.47000122070312,25500,0.0,0.0
2024-02-14 00:00:00-05:00,66.41999816894531,67.41000366210938,64.87999725341797,67.33999633789062,10900,0.0,0.0
2024-02-15 00:00:00-05:00,67.88999938964844,69.2300033569336,67.12999725341797,69.1500015258789,13400,0.0,0.0
2024-02-16 00:00:00-05:00,69.1500015258789,69.94999694824219,69.1500015258789,69.66000366210938,10400,0.0,0.0
2024-02-20 00:00:00-05:00,69.98999786376953,69.98999786376953,67.0,67.23999786376953,12300,0.0,0.0
2024-02-21 00:00:00-05:00,67.25,67.25,66.58000183105469,66.9000015258789,7300,0.0,0.0
2024-02-22 00:00:00-05:00,66.66000366210938,67.1500015258789,66.66000366210938,67.0,7400,0.0,0.0
2024-02-23 00:00:00-05:00,66.6500015258789,67.29000091552734,65.02999877929688,66.7300033569336,13500,0.0,0.0
2024-02-26 00:00:00-05:00,67.5199966430664,70.80000305175781,66.88999938964844,69.87000274658203,16100,0.0,0.0
2024-02-27 00:00:00-05:00,70.55000305175781,70.55000305175781,69.62999725341797,69.62999725341797,9500,0.0,0.0
2024-02-28 00:00:00-05:00,69.04000091552734,70.81999969482422,69.04000091552734,70.51000213623047,4100,0.0,0.0
2024-02-29 00:00:00-05:00,71.48999786376953,71.69999694824219,70.0,71.29000091552734,7100,0.0,0.0
2024-03-01 00:00:00-05:00,71.29000091552734,71.72000122070312,70.9000015258789,71.18000030517578,7000,0.0,0.0
2024-03-04 00:00:00-05:00,70.66999816894531,72.9000015258789,70.66999816894531,72.4000015258789,9400,0.0,0.0
2024-03-05 00:00:00-05:00,72.7699966430664,73.66000366210938,71.75,72.01000213623047,9400,0.0,0.0
2024-03-06 00:00:00-05:00,72.0199966430664,74.05000305175781,71.86000061035156,71.86000061035156,24400,0.0,0.0
2024-03-07 00:00:00-05:00,71.98999786376953,74.05000305175781,71.98999786376953,73.79000091552734,15800,0.0,0.0
2024-03-08 00:00:00-05:00,75.0999984741211,77.5,70.69999694824219,71.08999633789062,36300,0.0,0.0
2024-03-11 00:00:00-04:00,70.38999938964844,70.76000213623047,68.91000366210938,69.95999908447266,14400,0.0,0.0
2024-03-12 00:00:00-04:00,69.45999908447266,72.45999908447266,69.38999938964844,71.8499984741211,11800,0.0,0.0
2024-03-13 00:00:00-04:00,71.5,71.5,70.33000183105469,70.86000061035156,7200,0.0,0.0
2024-03-14 00:00:00-04:00,70.69999694824219,71.38999938964844,69.62000274658203,70.0,14800,0.0,0.0
2024-03-15 00:00:00-04:00,69.25,70.91999816894531,69.0,70.69000244140625,42300,0.0,0.0
2024-03-18 00:00:00-04:00,69.51000213623047,70.68000030517578,68.19000244140625,69.4800033569336,21800,0.0,0.0
2024-03-19 00:00:00-04:00,68.80999755859375,71.0199966430664,68.80999755859375,70.30999755859375,8800,0.0,0.0
2024-03-20 00:00:00-04:00,69.80000305175781,72.19999694824219,69.80000305175781,72.19999694824219,14800,0.0,0.0
2024-03-21 00:00:00-04:00,72.0,75.0,71.5199966430664,74.41999816894531,15400,0.0,0.0
2024-03-22 00:00:00-04:00,74.98999786376953,74.98999786376953,73.0,73.62000274658203,19600,0.0,0.0
2024-03-25 00:00:00-04:00,74.5199966430664,74.70999908447266,73.62999725341797,73.66999816894531,10100,0.0,0.0
2024-03-26 00:00:00-04:00,73.9000015258789,78.08999633789062,72.91999816894531,76.05000305175781,28400,0.0,0.0
2024-03-27 00:00:00-04:00,76.91999816894531,76.91999816894531,74.5,75.02999877929688,17900,0.0,0.0
2024-03-28 00:00:00-04:00,75.69000244140625,75.69000244140625,73.62999725341797,74.55999755859375,14700,0.0,0.0
2024-04-01 00:00:00-04:00,75.08999633789062,75.0999984741211,72.91000366210938,72.98999786376953,13500,0.0,0.0
2024-04-02 00:00:00-04:00,72.9000015258789,72.9000015258789,71.0,72.01000213623047,10600,0.0,0.0
2024-04-03 00:00:00-04:00,71.25,72.95999908447266,71.25,72.0999984741211,19600,0.0,0.0
2024-04-04 00:00:00-04:00,72.93000030517578,72.93000030517578,70.08999633789062,70.5,22000,0.0,0.0
2024-04-05 00:00:00-04:00,70.08999633789062,71.5,70.05000305175781,71.0,13900,0.0,0.0
2024-04-08 00:00:00-04:00,72.41999816894531,72.41999816894531,70.77999877929688,70.91999816894531,8100,0.0,0.0
2024-04-09 00:00:00-04:00,71.37999725341797,71.51000213623047,70.55999755859375,70.76000213623047,7700,0.0,0.0
2024-04-10 00:00:00-04:00,70.0,70.91000366210938,69.62000274658203,70.23999786376953,21000,0.0,0.0
2024-04-11 00:00:00-04:00,70.91999816894531,70.91999816894531,69.4800033569336,69.93000030517578,21900,0.0,0.0
2024-04-12 00:00:00-04:00,69.87000274658203,70.31999969482422,68.41000366210938,69.02999877929688,15300,0.0,0.0
2024-04-15 00:00:00-04:00,69.0,69.58999633789062,68.61000061035156,69.0,15500,0.0,0.0
2024-04-16 00:00:00-04:00,68.91000366210938,70.19999694824219,68.80999755859375,69.37999725341797,15700,0.0,0.0
2024-04-17 00:00:00-04:00,70.44999694824219,71.66999816894531,70.11000061035156,70.51000213623047,19800,0.0,0.0
2024-04-18 00:00:00-04:00,69.91000366210938,69.91000366210938,67.91000366210938,68.27999877929688,19900,0.0,0.0
2024-04-19 00:00:00-04:00,67.80000305175781,69.13999938964844,67.55999755859375,69.05999755859375,9800,0.0,0.0
2024-04-22 00:00:00-04:00,70.79000091552734,71.18000030517578,69.5999984741211,69.5999984741211,10900,0.0,0.0
2024-04-23 00:00:00-04:00,70.5,70.88999938964844,70.19999694824219,70.58999633789062,18400,0.0,0.0
2024-04-24 00:00:00-04:00,69.83000183105469,70.0199966430664,69.0,69.43000030517578,21700,0.0,0.0
2024-04-25 00:00:00-04:00,69.2300033569336,69.2300033569336,67.6500015258789,67.69999694824219,11200,0.0,0.0
2024-04-26 00:00:00-04:00,69.2699966430664,69.2699966430664,68.0199966430664,68.75,10200,0.0,0.0
2024-04-29 00:00:00-04:00,69.0,70.05000305175781,69.0,69.5999984741211,11700,0.0,0.0
2024-04-30 00:00:00-04:00,69.69000244140625,69.69000244140625,68.7699966430664,69.25,11100,0.0,0.0
2024-05-01 00:00:00-04:00,69.81999969482422,71.16000366210938,68.80999755859375,70.81999969482422,14700,0.0,0.0
2024-05-02 00:00:00-04:00,71.3499984741211,73.45999908447266,71.20999908447266,73.37999725341797,14600,0.0,0.0
2024-05-03 00:00:00-04:00,73.51000213623047,79.37999725341797,73.19999694824219,76.81999969482422,34700,0.0,0.0
2024-05-06 00:00:00-04:00,76.81999969482422,79.0,76.81999969482422,77.80999755859375,21500,0.0,0.0
2024-05-07 00:00:00-04:00,77.58000183105469,77.75,76.37999725341797,76.37999725341797,15900,0.0,0.0
2024-05-08 00:00:00-04:00,77.04000091552734,80.8499984741211,76.87999725341797,80.48999786376953,23500,0.0,0.0
2024-05-09 00:00:00-04:00,80.47000122070312,82.37000274658203,80.31999969482422,82.0999984741211,30000,0.0,0.0
2024-05-10 00:00:00-04:00,82.5199966430664,83.45999908447266,81.6500015258789,82.25,26700,0.0,0.0
2024-05-13 00:00:00-04:00,82.9800033569336,82.9800033569336,78.29000091552734,78.33999633789062,21300,0.0,0.0
2024-05-14 00:00:00-04:00,79.3499984741211,80.36000061035156,78.22000122070312,80.18000030517578,7600,0.0,0.0
2024-05-15 00:00:00-04:00,80.9800033569336,80.9800033569336,79.37999725341797,79.7699966430664,11700,0.0,0.0
2024-05-16 00:00:00-04:00,79.56999969482422,79.9000015258789,79.5,79.61000061035156,6400,0.0,0.0
2024-05-17 00:00:00-04:00,80.23999786376953,81.95999908447266,78.56999969482422,81.66000366210938,46300,0.0,0.0
2024-05-20 00:00:00-04:00,82.5,82.5,80.51000213623047,80.51000213623047,20500,0.0,0.0
2024-05-21 00:00:00-04:00,80.4000015258789,82.72000122070312,79.69999694824219,82.43000030517578,26600,0.0,0.0
2024-05-22 00:00:00-04:00,82.33000183105469,82.33000183105469,80.30000305175781,81.1500015258789,32600,0.0,0.0
2024-05-23 00:00:00-04:00,81.80999755859375,82.25,80.16000366210938,81.0199966430664,35700,0.0,0.0
2024-05-24 00:00:00-04:00,81.9800033569336,82.72000122070312,81.22000122070312,81.73999786376953,7800,0.0,0.0
2024-05-28 00:00:00-04:00,81.11000061035156,82.87000274658203,81.11000061035156,82.51000213623047,13700,0.0,0.0
2024-05-29 00:00:00-04:00,82.43000030517578,83.12999725341797,82.08000183105469,82.61000061035156,13300,0.0,0.0
2024-05-30 00:00:00-04:00,83.12999725341797,84.80000305175781,82.31999969482422,82.37999725341797,18100,0.0,0.0
2024-05-31 00:00:00-04:00,82.5,83.55999755859375,81.69999694824219,83.55999755859375,51300,0.0,0.0
2024-06-03 00:00:00-04:00,84.26000213623047,87.31999969482422,84.26000213623047,85.7300033569336,25900,0.0,0.0
2024-06-04 00:00:00-04:00,84.9000015258789,85.30000305175781,83.23999786376953,83.56999969482422,13500,0.0,0.0
2024-06-05 00:00:00-04:00,84.68000030517578,84.68000030517578,82.9000015258789,83.1500015258789,23800,0.0,0.0
2024-06-06 00:00:00-04:00,83.0,85.0,82.23999786376953,82.94000244140625,17700,0.0,0.0
2024-06-07 00:00:00-04:00,78.0,78.25,68.01000213623047,70.12999725341797,51400,0.0,0.0
2024-06-10 00:00:00-04:00,70.12999725341797,71.01000213623047,68.16000366210938,70.7699966430664,30400,0.0,0.0
2024-06-11 00:00:00-04:00,70.26000213623047,72.06999969482422,69.76000213623047,71.70999908447266,15600,0.0,0.0
2024-06-12 00:00:00-04:00,72.62999725341797,73.38999938964844,72.0,72.08999633789062,22900,0.0,0.0
2024-06-13 00:00:00-04:00,72.05999755859375,72.05999755859375,69.1500015258789,69.36000061035156,9100,0.0,0.0
2024-06-14 00:00:00-04:00,69.45999908447266,69.45999908447266,66.73999786376953,66.88999938964844,23400,0.0,0.0
2024-06-17 00:00:00-04:00,66.41000366210938,66.41000366210938,64.6500015258789,65.55999755859375,21300,0.0,0.0
2024-06-18 00:00:00-04:00,65.06999969482422,66.88999938964844,64.95999908447266,65.4800033569336,28300,0.0,0.0
2024-06-20 00:00:00-04:00,66.12000274658203,66.6500015258789,64.13999938964844,64.18000030517578,12700,0.0,0.0
2024-06-21 00:00:00-04:00,63.83000183105469,63.83000183105469,61.40999984741211,62.52000045776367,47800,0.0,0.0
2024-06-24 00:00:00-04:00,62.52000045776367,64.72000122070312,62.09000015258789,63.59000015258789,34200,0.0,0.0
2024-06-25 00:00:00-04:00,64.05999755859375,64.05999755859375,62.52000045776367,62.86000061035156,15300,0.0,0.0
2024-06-26 00:00:00-04:00,62.2599983215332,64.08000183105469,62.099998474121094,62.93000030517578,40700,0.0,0.0
2024-06-27 00:00:00-04:00,63.599998474121094,65.36000061035156,63.599998474121094,64.19999694824219,28000,0.0,0.0
2024-06-28 00:00:00-04:00,64.79000091552734,64.79000091552734,62.369998931884766,64.08999633789062,266300,0.0,0.0
2024-07-01 00:00:00-04:00,64.12000274658203,64.5,62.09000015258789,62.20000076293945,37700,0.0,0.0
2024-07-02 00:00:00-04:00,62.0,62.849998474121094,61.529998779296875,61.70000076293945,23500,0.0,0.0
2024-07-03 00:00:00-04:00,61.63999938964844,61.720001220703125,61.0,61.65999984741211,13000,0.0,0.0
2024-07-05 00:00:00-04:00,61.40999984741211,61.58000183105469,60.29999923706055,60.91999816894531,25000,0.0,0.0
2024-07-08 00:00:00-04:00,60.5099983215332,62.439998626708984,60.5099983215332,61.02000045776367,17100,0.0,0.0
2024-07-09 00:00:00-04:00,61.0,61.0099983215332,59.41999816894531,59.79999923706055,13400,0.0,0.0
2024-07-10 00:00:00-04:00,59.90999984741211,60.15999984741211,58.95000076293945,59.400001525878906,32900,0.0,0.0
2024-07-11 00:00:00-04:00,60.54999923706055,62.869998931884766,60.54999923706055,62.220001220703125,29700,0.0,0.0
2024-07-12 00:00:00-04:00,62.849998474121094,64.0199966430664,62.060001373291016,62.290000915527344,33800,0.0,0.0
2024-07-15 00:00:00-04:00,62.81999969482422,63.13999938964844,61.900001525878906,62.0,29500,0.0,0.0
2024-07-16 00:00:00-04:00,62.34000015258789,64.76000213623047,62.34000015258789,64.11000061035156,31400,0.0,0.0
2024-07-17 00:00:00-04:00,64.08000183105469,65.36000061035156,63.9900016784668,64.19999694824219,18300,0.0,0.0
2024-07-18 00:00:00-04:00,63.9900016784668,64.87999725341797,63.90999984741211,64.11000061035156,20500,0.0,0.0
2024-07-19 00:00:00-04:00,64.72000122070312,64.88999938964844,62.099998474121094,62.459999084472656,23000,0.0,0.0
2024-07-22 00:00:00-04:00,62.0,64.16000366210938,61.88999938964844,63.849998474121094,17600,0.0,0.0
2024-07-23 00:00:00-04:00,63.529998779296875,65.36000061035156,63.529998779296875,64.5999984741211,15900,0.0,0.0
2024-07-24 00:00:00-04:00,64.36000061035156,65.5,63.709999084472656,63.779998779296875,14700,0.0,0.0
2024-07-25 00:00:00-04:00,64.30000305175781,66.30000305175781,64.0999984741211,65.2300033569336,20500,0.0,0.0
2024-07-26 00:00:00-04:00,66.30999755859375,66.41000366210938,65.76000213623047,66.27999877929688,12700,0.0,0.0
