Date,Open,High,Low,Close,Volume,Dividends,Stock Splits
2015-09-17 00:00:00-04:00,30.260000228881836,32.0,29.25,30.450000762939453,6598300,0.0,0.0
2015-09-18 00:00:00-04:00,29.899999618530273,30.780000686645508,29.350000381469727,30.700000762939453,487400,0.0,0.0
2015-09-21 00:00:00-04:00,30.84000015258789,30.84000015258789,29.489999771118164,29.809999465942383,296800,0.0,0.0
2015-09-22 00:00:00-04:00,29.34000015258789,29.399999618530273,25.082000732421875,26.049999237060547,714400,0.0,0.0
2015-09-23 00:00:00-04:00,25.790000915527344,25.790000915527344,22.650999069213867,24.510000228881836,440800,0.0,0.0
2015-09-24 00:00:00-04:00,24.3799991607666,26.770000457763672,24.100000381469727,26.43000030517578,206700,0.0,0.0
2015-09-25 00:00:00-04:00,26.399999618530273,26.989999771118164,24.15999984741211,24.989999771118164,142000,0.0,0.0
2015-09-28 00:00:00-04:00,25.0,25.899999618530273,20.0,20.760000228881836,254700,0.0,0.0
2015-09-29 00:00:00-04:00,20.520000457763672,20.520000457763672,17.510000228881836,19.520000457763672,206200,0.0,0.0
2015-09-30 00:00:00-04:00,20.010000228881836,22.889999389648438,19.579999923706055,22.030000686645508,235500,0.0,0.0
2015-10-01 00:00:00-04:00,22.149999618530273,23.81999969482422,18.510000228881836,19.010000228881836,263600,0.0,0.0
2015-10-02 00:00:00-04:00,19.0,23.489999771118164,19.0,22.190000534057617,456100,0.0,0.0
2015-10-05 00:00:00-04:00,23.049999237060547,24.479999542236328,22.549999237060547,23.049999237060547,127100,0.0,0.0
2015-10-06 00:00:00-04:00,22.799999237060547,23.860000610351562,20.149999618530273,22.200000762939453,173700,0.0,0.0
2015-10-07 00:00:00-04:00,22.5,24.209999084472656,18.559999465942383,23.399999618530273,325000,0.0,0.0
2015-10-08 00:00:00-04:00,23.149999618530273,23.149999618530273,20.104999542236328,20.940000534057617,161400,0.0,0.0
2015-10-09 00:00:00-04:00,21.280000686645508,21.979999542236328,20.229999542236328,20.530000686645508,99800,0.0,0.0
2015-10-12 00:00:00-04:00,20.780000686645508,20.940000534057617,19.0,19.280000686645508,140500,0.0,0.0
2015-10-13 00:00:00-04:00,19.100000381469727,19.520000457763672,16.799999237060547,18.209999084472656,168900,0.0,0.0
2015-10-14 00:00:00-04:00,18.450000762939453,19.0,17.03499984741211,17.889999389648438,137900,0.0,0.0
2015-10-15 00:00:00-04:00,18.1299991607666,18.8799991607666,17.1200008392334,18.8700008392334,114100,0.0,0.0
2015-10-16 00:00:00-04:00,18.899999618530273,18.940000534057617,17.52400016784668,18.549999237060547,48800,0.0,0.0
2015-10-19 00:00:00-04:00,18.299999237060547,18.5,16.899999618530273,17.100000381469727,94000,0.0,0.0
2015-10-20 00:00:00-04:00,17.59000015258789,18.510000228881836,17.260000228881836,17.469999313354492,166700,0.0,0.0
2015-10-21 00:00:00-04:00,16.979999542236328,17.323999404907227,15.5,16.479999542236328,177500,0.0,0.0
2015-10-22 00:00:00-04:00,16.6200008392334,16.68899917602539,14.829999923706055,15.149999618530273,275500,0.0,0.0
2015-10-23 00:00:00-04:00,15.569999694824219,15.569999694824219,13.949999809265137,14.149999618530273,310000,0.0,0.0
2015-10-26 00:00:00-04:00,13.9399995803833,15.359999656677246,13.770000457763672,14.949999809265137,32400,0.0,0.0
2015-10-27 00:00:00-04:00,14.890000343322754,14.890000343322754,14.119999885559082,14.680000305175781,40800,0.0,0.0
2015-10-28 00:00:00-04:00,15.920000076293945,15.920000076293945,14.545000076293945,15.210000038146973,39100,0.0,0.0
2015-10-29 00:00:00-04:00,14.880000114440918,15.720000267028809,14.600000381469727,15.539999961853027,45100,0.0,0.0
2015-10-30 00:00:00-04:00,15.40999984741211,15.529999732971191,14.904000282287598,15.460000038146973,37800,0.0,0.0
2015-11-02 00:00:00-05:00,15.34000015258789,17.100000381469727,14.800000190734863,16.440000534057617,80200,0.0,0.0
2015-11-03 00:00:00-05:00,16.399999618530273,17.389999389648438,16.079999923706055,17.1299991607666,65400,0.0,0.0
2015-11-04 00:00:00-05:00,17.09000015258789,18.450000762939453,15.319999694824219,18.030000686645508,90900,0.0,0.0
2015-11-05 00:00:00-05:00,17.989999771118164,19.260000228881836,17.156999588012695,17.920000076293945,45100,0.0,0.0
2015-11-06 00:00:00-05:00,17.899999618530273,20.920000076293945,17.010000228881836,20.559999465942383,65200,0.0,0.0
2015-11-09 00:00:00-05:00,20.510000228881836,21.940000534057617,18.950000762939453,21.06999969482422,109100,0.0,0.0
2015-11-10 00:00:00-05:00,20.8799991607666,23.25,20.8799991607666,21.530000686645508,51400,0.0,0.0
2015-11-11 00:00:00-05:00,21.6200008392334,22.989999771118164,19.889999389648438,22.979999542236328,67100,0.0,0.0
2015-11-12 00:00:00-05:00,20.850000381469727,23.950000762939453,20.850000381469727,23.079999923706055,88600,0.0,0.0
2015-11-13 00:00:00-05:00,22.809999465942383,23.940000534057617,21.6299991607666,23.200000762939453,57400,0.0,0.0
2015-11-16 00:00:00-05:00,23.18000030517578,23.280000686645508,20.020000457763672,21.34000015258789,92500,0.0,0.0
2015-11-17 00:00:00-05:00,21.40999984741211,22.530000686645508,20.459999084472656,22.260000228881836,117700,0.0,0.0
2015-11-18 00:00:00-05:00,22.239999771118164,23.0,21.299999237060547,22.760000228881836,92500,0.0,0.0
2015-11-19 00:00:00-05:00,22.59000015258789,23.25,22.0,22.985000610351562,36300,0.0,0.0
2015-11-20 00:00:00-05:00,22.889999389648438,23.299999237060547,22.58099937438965,23.010000228881836,20900,0.0,0.0
2015-11-23 00:00:00-05:00,22.93000030517578,23.950000762939453,22.829999923706055,23.920000076293945,26400,0.0,0.0
2015-11-24 00:00:00-05:00,23.649999618530273,24.34000015258789,22.850000381469727,24.34000015258789,58800,0.0,0.0
2015-11-25 00:00:00-05:00,24.149999618530273,24.489999771118164,22.75,24.299999237060547,35700,0.0,0.0
2015-11-27 00:00:00-05:00,24.301000595092773,24.989999771118164,23.576000213623047,24.780000686645508,18900,0.0,0.0
2015-11-30 00:00:00-05:00,25.0,25.0,23.5,23.969999313354492,31900,0.0,0.0
2015-12-01 00:00:00-05:00,23.559999465942383,24.575000762939453,23.31999969482422,23.6299991607666,97300,0.0,0.0
2015-12-02 00:00:00-05:00,23.329999923706055,23.90999984741211,23.139999389648438,23.5,53600,0.0,0.0
2015-12-03 00:00:00-05:00,23.34000015258789,24.049999237060547,22.25,23.360000610351562,58800,0.0,0.0
2015-12-04 00:00:00-05:00,23.900999069213867,23.90999984741211,21.84000015258789,23.200000762939453,59000,0.0,0.0
2015-12-07 00:00:00-05:00,23.200000762939453,23.200000762939453,21.299999237060547,21.829999923706055,81800,0.0,0.0
2015-12-08 00:00:00-05:00,21.59000015258789,22.600000381469727,21.065000534057617,22.079999923706055,112600,0.0,0.0
2015-12-09 00:00:00-05:00,21.969999313354492,22.610000610351562,20.049999237060547,20.829999923706055,101300,0.0,0.0
2015-12-10 00:00:00-05:00,20.549999237060547,20.989999771118164,19.114999771118164,19.489999771118164,95000,0.0,0.0
2015-12-11 00:00:00-05:00,19.299999237060547,20.43000030517578,19.170000076293945,19.979999542236328,105100,0.0,0.0
2015-12-14 00:00:00-05:00,19.600000381469727,20.219999313354492,18.309999465942383,18.649999618530273,57300,0.0,0.0
2015-12-15 00:00:00-05:00,19.100000381469727,19.799999237060547,18.0,19.34000015258789,164800,0.0,0.0
2015-12-16 00:00:00-05:00,19.770000457763672,20.040000915527344,18.59000015258789,18.90999984741211,177600,0.0,0.0
2015-12-17 00:00:00-05:00,18.780000686645508,20.261999130249023,18.489999771118164,18.610000610351562,139000,0.0,0.0
2015-12-18 00:00:00-05:00,18.850000381469727,19.420000076293945,17.579999923706055,17.799999237060547,1077500,0.0,0.0
2015-12-21 00:00:00-05:00,18.15999984741211,18.829999923706055,17.639999389648438,18.200000762939453,103400,0.0,0.0
2015-12-22 00:00:00-05:00,18.200000762939453,18.770000457763672,17.809999465942383,18.559999465942383,81400,0.0,0.0
2015-12-23 00:00:00-05:00,18.56999969482422,19.760000228881836,18.139999389648438,18.709999084472656,80800,0.0,0.0
2015-12-24 00:00:00-05:00,18.739999771118164,18.75,18.0049991607666,18.31999969482422,39700,0.0,0.0
2015-12-28 00:00:00-05:00,18.469999313354492,18.729999542236328,17.389999389648438,17.899999618530273,111900,0.0,0.0
2015-12-29 00:00:00-05:00,17.899999618530273,18.0,17.100000381469727,17.610000610351562,52800,0.0,0.0
2015-12-30 00:00:00-05:00,17.479999542236328,18.0,17.059999465942383,17.209999084472656,112700,0.0,0.0
2015-12-31 00:00:00-05:00,17.139999389648438,17.260000228881836,16.219999313354492,16.600000381469727,139100,0.0,0.0
2016-01-04 00:00:00-05:00,16.239999771118164,17.15999984741211,16.06999969482422,17.0,127000,0.0,0.0
2016-01-05 00:00:00-05:00,17.010000228881836,17.200000762939453,16.3700008392334,16.899999618530273,77900,0.0,0.0
2016-01-06 00:00:00-05:00,16.520000457763672,17.309999465942383,16.020000457763672,16.5,69700,0.0,0.0
2016-01-07 00:00:00-05:00,16.40999984741211,16.40999984741211,14.180000305175781,14.670000076293945,68600,0.0,0.0
2016-01-08 00:00:00-05:00,14.930000305175781,15.550000190734863,13.430000305175781,13.779999732971191,83100,0.0,0.0
2016-01-11 00:00:00-05:00,14.010000228881836,14.470000267028809,13.390000343322754,13.779999732971191,123600,0.0,0.0
2016-01-12 00:00:00-05:00,13.9399995803833,14.470000267028809,13.25,13.390000343322754,94500,0.0,0.0
2016-01-13 00:00:00-05:00,13.680000305175781,13.859999656677246,12.079999923706055,12.510000228881836,139900,0.0,0.0
2016-01-14 00:00:00-05:00,12.510000228881836,13.050000190734863,12.149999618530273,12.479999542236328,91000,0.0,0.0
2016-01-15 00:00:00-05:00,12.25,12.899999618530273,12.119999885559082,12.600000381469727,102300,0.0,0.0
2016-01-19 00:00:00-05:00,12.680000305175781,13.28499984741211,12.680000305175781,12.890000343322754,52200,0.0,0.0
2016-01-20 00:00:00-05:00,12.619999885559082,13.0,12.289999961853027,12.649999618530273,135900,0.0,0.0
2016-01-21 00:00:00-05:00,12.824999809265137,12.869999885559082,12.449999809265137,12.520000457763672,172900,0.0,0.0
2016-01-22 00:00:00-05:00,12.760000228881836,13.210000038146973,12.600000381469727,12.6899995803833,102300,0.0,0.0
2016-01-25 00:00:00-05:00,13.40999984741211,13.40999984741211,12.5,12.930000305175781,69300,0.0,0.0
2016-01-26 00:00:00-05:00,12.90999984741211,13.729999542236328,12.84000015258789,13.5600004196167,47100,0.0,0.0
2016-01-27 00:00:00-05:00,13.649999618530273,13.899999618530273,13.539999961853027,13.770000457763672,48500,0.0,0.0
2016-01-28 00:00:00-05:00,13.869999885559082,13.869999885559082,12.510000228881836,13.09000015258789,103400,0.0,0.0
2016-01-29 00:00:00-05:00,13.0600004196167,13.949999809265137,13.0,13.899999618530273,81600,0.0,0.0
2016-02-01 00:00:00-05:00,13.699999809265137,13.75,12.199999809265137,12.819999694824219,108500,0.0,0.0
2016-02-02 00:00:00-05:00,13.329999923706055,13.460000038146973,12.609999656677246,12.710000038146973,51600,0.0,0.0
2016-02-03 00:00:00-05:00,12.920000076293945,13.25,12.229999542236328,12.34000015258789,72100,0.0,0.0
2016-02-04 00:00:00-05:00,12.289999961853027,12.649999618530273,12.289999961853027,12.510000228881836,43200,0.0,0.0
2016-02-05 00:00:00-05:00,12.510000228881836,13.630000114440918,12.1899995803833,12.729999542236328,50100,0.0,0.0
2016-02-08 00:00:00-05:00,12.670000076293945,13.890000343322754,12.050000190734863,12.609999656677246,56200,0.0,0.0
2016-02-09 00:00:00-05:00,12.59000015258789,13.539999961853027,11.399999618530273,12.109999656677246,129800,0.0,0.0
2016-02-10 00:00:00-05:00,12.0,12.600000381469727,11.819999694824219,12.279999732971191,36200,0.0,0.0
2016-02-11 00:00:00-05:00,11.989999771118164,12.550000190734863,11.65999984741211,12.069999694824219,21100,0.0,0.0
2016-02-12 00:00:00-05:00,12.9399995803833,13.300000190734863,12.479999542236328,13.15999984741211,49000,0.0,0.0
2016-02-16 00:00:00-05:00,13.390000343322754,14.0,13.220000267028809,13.9399995803833,38000,0.0,0.0
2016-02-17 00:00:00-05:00,14.09000015258789,14.899999618530273,12.579999923706055,14.8100004196167,92500,0.0,0.0
2016-02-18 00:00:00-05:00,14.0600004196167,14.350000381469727,13.520000457763672,13.890000343322754,28100,0.0,0.0
2016-02-19 00:00:00-05:00,13.829999923706055,14.399999618530273,13.234999656677246,13.90999984741211,36300,0.0,0.0
2016-02-22 00:00:00-05:00,14.210000038146973,14.539999961853027,13.699999809265137,13.779999732971191,50500,0.0,0.0
2016-02-23 00:00:00-05:00,13.289999961853027,14.173999786376953,12.34000015258789,13.130000114440918,28500,0.0,0.0
2016-02-24 00:00:00-05:00,13.109999656677246,13.319999694824219,12.324999809265137,12.970000267028809,158200,0.0,0.0
2016-02-25 00:00:00-05:00,13.109999656677246,13.199999809265137,12.359999656677246,13.039999961853027,111600,0.0,0.0
2016-02-26 00:00:00-05:00,13.229999542236328,13.550000190734863,12.930000305175781,13.079999923706055,21700,0.0,0.0
2016-02-29 00:00:00-05:00,13.260000228881836,13.5600004196167,11.890000343322754,12.130000114440918,88600,0.0,0.0
2016-03-01 00:00:00-05:00,12.359999656677246,12.989999771118164,11.895000457763672,12.800000190734863,225600,0.0,0.0
2016-03-02 00:00:00-05:00,12.574999809265137,13.050000190734863,12.569999694824219,12.850000381469727,59200,0.0,0.0
2016-03-03 00:00:00-05:00,12.850000381469727,13.920000076293945,12.319999694824219,12.770000457763672,94700,0.0,0.0
2016-03-04 00:00:00-05:00,12.6899995803833,13.5,12.489999771118164,13.079999923706055,94400,0.0,0.0
2016-03-07 00:00:00-05:00,13.010000228881836,13.3100004196167,12.65999984741211,13.0600004196167,49100,0.0,0.0
2016-03-08 00:00:00-05:00,12.890000343322754,13.0,12.210000038146973,12.279999732971191,55000,0.0,0.0
2016-03-09 00:00:00-05:00,12.34000015258789,12.34000015258789,11.5,11.779999732971191,38700,0.0,0.0
2016-03-10 00:00:00-05:00,11.829999923706055,12.6899995803833,11.600000381469727,11.8100004196167,52500,0.0,0.0
2016-03-11 00:00:00-05:00,11.90999984741211,13.140000343322754,11.619999885559082,12.920000076293945,77500,0.0,0.0
2016-03-14 00:00:00-04:00,12.90999984741211,13.220000267028809,12.529999732971191,13.119999885559082,55300,0.0,0.0
2016-03-15 00:00:00-04:00,13.100000381469727,13.260000228881836,12.085000038146973,12.399999618530273,34400,0.0,0.0
2016-03-16 00:00:00-04:00,12.300000190734863,13.0,12.15999984741211,12.420000076293945,220300,0.0,0.0
2016-03-17 00:00:00-04:00,12.449999809265137,12.529999732971191,11.489999771118164,11.970000267028809,84600,0.0,0.0
2016-03-18 00:00:00-04:00,12.100000381469727,12.255000114440918,11.482000350952148,11.619999885559082,90900,0.0,0.0
2016-03-21 00:00:00-04:00,11.670000076293945,12.260000228881836,11.1899995803833,11.6899995803833,84900,0.0,0.0
2016-03-22 00:00:00-04:00,11.529999732971191,11.989999771118164,11.0600004196167,11.859999656677246,103900,0.0,0.0
2016-03-23 00:00:00-04:00,11.880000114440918,11.989999771118164,10.869999885559082,10.920000076293945,79400,0.0,0.0
2016-03-24 00:00:00-04:00,10.800000190734863,10.805000305175781,9.470000267028809,9.850000381469727,154400,0.0,0.0
2016-03-28 00:00:00-04:00,9.75,10.010000228881836,9.550000190734863,9.619999885559082,58500,0.0,0.0
2016-03-29 00:00:00-04:00,9.5600004196167,9.850000381469727,8.5,9.460000038146973,87800,0.0,0.0
2016-03-30 00:00:00-04:00,9.609999656677246,10.199999809265137,9.5,10.050000190734863,76000,0.0,0.0
2016-03-31 00:00:00-04:00,10.09000015258789,10.890000343322754,9.8100004196167,10.800000190734863,145700,0.0,0.0
2016-04-01 00:00:00-04:00,10.760000228881836,11.199999809265137,10.149999618530273,10.850000381469727,238000,0.0,0.0
2016-04-04 00:00:00-04:00,10.859999656677246,11.260000228881836,10.489999771118164,10.770000457763672,187100,0.0,0.0
2016-04-05 00:00:00-04:00,10.970000267028809,11.300000190734863,10.510000228881836,10.760000228881836,136200,0.0,0.0
2016-04-06 00:00:00-04:00,10.789999961853027,11.845000267028809,10.699999809265137,11.75,230700,0.0,0.0
2016-04-07 00:00:00-04:00,11.680000305175781,12.199999809265137,11.510000228881836,11.6899995803833,62100,0.0,0.0
2016-04-08 00:00:00-04:00,11.880000114440918,11.880000114440918,10.710000038146973,11.729999542236328,141000,0.0,0.0
2016-04-11 00:00:00-04:00,11.350000381469727,12.329999923706055,11.0600004196167,11.649999618530273,189500,0.0,0.0
2016-04-12 00:00:00-04:00,11.529999732971191,11.710000038146973,11.119999885559082,11.529999732971191,35500,0.0,0.0
2016-04-13 00:00:00-04:00,11.539999961853027,11.739999771118164,11.210000038146973,11.420000076293945,106500,0.0,0.0
2016-04-14 00:00:00-04:00,11.5,11.850000381469727,11.289999961853027,11.550000190734863,51300,0.0,0.0
2016-04-15 00:00:00-04:00,11.510000228881836,12.050000190734863,11.300000190734863,11.59000015258789,76000,0.0,0.0
2016-04-18 00:00:00-04:00,11.460000038146973,12.199999809265137,11.420000076293945,11.989999771118164,83000,0.0,0.0
2016-04-19 00:00:00-04:00,11.960000038146973,12.104999542236328,11.380000114440918,11.789999961853027,60000,0.0,0.0
2016-04-20 00:00:00-04:00,11.75,12.039999961853027,11.210000038146973,11.390000343322754,47000,0.0,0.0
2016-04-21 00:00:00-04:00,11.420000076293945,11.609999656677246,11.149999618530273,11.3100004196167,45900,0.0,0.0
2016-04-22 00:00:00-04:00,11.399999618530273,11.569999694824219,11.109999656677246,11.279999732971191,57200,0.0,0.0
2016-04-25 00:00:00-04:00,11.5,11.550000190734863,10.779999732971191,11.4399995803833,49900,0.0,0.0
2016-04-26 00:00:00-04:00,11.390000343322754,11.420000076293945,10.899999618530273,11.279999732971191,57900,0.0,0.0
2016-04-27 00:00:00-04:00,11.380000114440918,11.569999694824219,10.979999542236328,11.3100004196167,85600,0.0,0.0
2016-04-28 00:00:00-04:00,11.140000343322754,11.850000381469727,11.0600004196167,11.229999542236328,57400,0.0,0.0
2016-04-29 00:00:00-04:00,11.199999809265137,11.479999542236328,10.220000267028809,10.420000076293945,68900,0.0,0.0
2016-05-02 00:00:00-04:00,10.529999732971191,10.960000038146973,10.399999618530273,10.90999984741211,32800,0.0,0.0
2016-05-03 00:00:00-04:00,10.895000457763672,10.989999771118164,10.604999542236328,10.75,34200,0.0,0.0
2016-05-04 00:00:00-04:00,10.640000343322754,10.770000457763672,10.210000038146973,10.399999618530273,56200,0.0,0.0
2016-05-05 00:00:00-04:00,10.380000114440918,10.430000305175781,9.8100004196167,9.970000267028809,73500,0.0,0.0
2016-05-06 00:00:00-04:00,9.869999885559082,10.300000190734863,9.75,10.029999732971191,49600,0.0,0.0
2016-05-09 00:00:00-04:00,10.09000015258789,10.199999809265137,9.812999725341797,9.890000343322754,79400,0.0,0.0
2016-05-10 00:00:00-04:00,10.039999961853027,10.430000305175781,9.920000076293945,10.039999961853027,128100,0.0,0.0
2016-05-11 00:00:00-04:00,9.960000038146973,11.40999984741211,9.760000228881836,11.069999694824219,102100,0.0,0.0
2016-05-12 00:00:00-04:00,11.039999961853027,11.140000343322754,10.399999618530273,11.020000457763672,48900,0.0,0.0
2016-05-13 00:00:00-04:00,11.0,11.40999984741211,10.050000190734863,11.34000015258789,64200,0.0,0.0
2016-05-16 00:00:00-04:00,11.59000015258789,12.619999885559082,11.399999618530273,12.239999771118164,124700,0.0,0.0
2016-05-17 00:00:00-04:00,12.300000190734863,12.725000381469727,12.039999961853027,12.479999542236328,171400,0.0,0.0
2016-05-18 00:00:00-04:00,12.40999984741211,12.65999984741211,11.779999732971191,12.25,116000,0.0,0.0
2016-05-19 00:00:00-04:00,12.234999656677246,12.270000457763672,11.260000228881836,11.920000076293945,78600,0.0,0.0
2016-05-20 00:00:00-04:00,12.010000228881836,12.479999542236328,11.850000381469727,12.050000190734863,150900,0.0,0.0
2016-05-23 00:00:00-04:00,11.989999771118164,12.300000190734863,11.604999542236328,11.899999618530273,92200,0.0,0.0
2016-05-24 00:00:00-04:00,12.0,12.069999694824219,11.5,11.619999885559082,131500,0.0,0.0
2016-05-25 00:00:00-04:00,11.739999771118164,12.479999542236328,11.739999771118164,12.199999809265137,196200,0.0,0.0
2016-05-26 00:00:00-04:00,12.34000015258789,12.479999542236328,11.960000038146973,12.210000038146973,54900,0.0,0.0
2016-05-27 00:00:00-04:00,12.380000114440918,12.649999618530273,12.0,12.539999961853027,112600,0.0,0.0
2016-05-31 00:00:00-04:00,12.680000305175781,12.699999809265137,12.050000190734863,12.359999656677246,127700,0.0,0.0
2016-06-01 00:00:00-04:00,12.260000228881836,13.09000015258789,12.114999771118164,12.739999771118164,83400,0.0,0.0
2016-06-02 00:00:00-04:00,12.779999732971191,13.770000457763672,12.390000343322754,13.680000305175781,128500,0.0,0.0
2016-06-03 00:00:00-04:00,13.65999984741211,13.65999984741211,12.739999771118164,12.899999618530273,329900,0.0,0.0
2016-06-06 00:00:00-04:00,13.020000457763672,13.5,12.63599967956543,13.130000114440918,283900,0.0,0.0
2016-06-07 00:00:00-04:00,13.050000190734863,13.520000457763672,12.699999809265137,12.84000015258789,126400,0.0,0.0
2016-06-08 00:00:00-04:00,12.949999809265137,13.220000267028809,12.119999885559082,12.779999732971191,113700,0.0,0.0
2016-06-09 00:00:00-04:00,12.930000305175781,12.930000305175781,12.170000076293945,12.210000038146973,95200,0.0,0.0
2016-06-10 00:00:00-04:00,12.050000190734863,12.210000038146973,11.640000343322754,11.789999961853027,113200,0.0,0.0
2016-06-13 00:00:00-04:00,11.670000076293945,11.979999542236328,11.050000190734863,11.140000343322754,201600,0.0,0.0
2016-06-14 00:00:00-04:00,11.050000190734863,11.079999923706055,10.25,10.369999885559082,122400,0.0,0.0
2016-06-15 00:00:00-04:00,10.359999656677246,10.539999961853027,10.069999694824219,10.25,169000,0.0,0.0
2016-06-16 00:00:00-04:00,10.0600004196167,10.1850004196167,9.614999771118164,9.920000076293945,163000,0.0,0.0
2016-06-17 00:00:00-04:00,9.890000343322754,9.899999618530273,9.3149995803833,9.460000038146973,318800,0.0,0.0
2016-06-20 00:00:00-04:00,9.6899995803833,9.800000190734863,9.369999885559082,9.619999885559082,89900,0.0,0.0
2016-06-21 00:00:00-04:00,9.6899995803833,9.6899995803833,8.96500015258789,9.40999984741211,132200,0.0,0.0
2016-06-22 00:00:00-04:00,9.359999656677246,9.680000305175781,9.029999732971191,9.329999923706055,260200,0.0,0.0
2016-06-23 00:00:00-04:00,9.420000076293945,9.9399995803833,9.119999885559082,9.920000076293945,146700,0.0,0.0
2016-06-24 00:00:00-04:00,9.460000038146973,9.75,8.949999809265137,9.0,1685000,0.0,0.0
2016-06-27 00:00:00-04:00,8.930000305175781,9.015000343322754,7.945000171661377,8.0,179000,0.0,0.0
2016-06-28 00:00:00-04:00,8.0,8.239999771118164,7.980000019073486,8.050000190734863,141300,0.0,0.0
2016-06-29 00:00:00-04:00,8.140000343322754,8.187000274658203,7.710000038146973,7.840000152587891,167900,0.0,0.0
2016-06-30 00:00:00-04:00,7.920000076293945,8.15999984741211,7.920000076293945,8.0,307100,0.0,0.0
2016-07-01 00:00:00-04:00,8.0,8.359999656677246,7.869999885559082,7.989999771118164,130300,0.0,0.0
2016-07-05 00:00:00-04:00,8.109999656677246,8.109999656677246,7.75,7.869999885559082,576800,0.0,0.0
2016-07-06 00:00:00-04:00,7.800000190734863,8.15999984741211,7.664999961853027,7.860000133514404,270600,0.0,0.0
2016-07-07 00:00:00-04:00,7.920000076293945,8.09000015258789,7.800000190734863,7.989999771118164,130100,0.0,0.0
2016-07-08 00:00:00-04:00,8.09000015258789,8.399999618530273,7.980000019073486,8.140000343322754,171900,0.0,0.0
2016-07-11 00:00:00-04:00,8.119999885559082,8.232000350952148,7.909999847412109,7.929999828338623,110100,0.0,0.0
2016-07-12 00:00:00-04:00,8.050000190734863,8.079999923706055,7.869999885559082,7.980000019073486,218400,0.0,0.0
2016-07-13 00:00:00-04:00,8.039999961853027,8.229999542236328,7.559999942779541,7.579999923706055,171200,0.0,0.0
2016-07-14 00:00:00-04:00,7.710000038146973,7.760000228881836,7.260000228881836,7.440000057220459,244900,0.0,0.0
2016-07-15 00:00:00-04:00,7.519999980926514,7.989999771118164,7.349999904632568,7.900000095367432,274100,0.0,0.0
2016-07-18 00:00:00-04:00,7.900000095367432,7.900000095367432,7.570000171661377,7.670000076293945,74200,0.0,0.0
2016-07-19 00:00:00-04:00,7.679999828338623,7.849999904632568,7.230000019073486,7.320000171661377,272600,0.0,0.0
2016-07-20 00:00:00-04:00,7.380000114440918,7.579999923706055,7.070000171661377,7.53000020980835,86000,0.0,0.0
2016-07-21 00:00:00-04:00,7.559999942779541,7.909999847412109,7.559999942779541,7.849999904632568,131200,0.0,0.0
2016-07-22 00:00:00-04:00,7.909999847412109,8.149999618530273,7.828000068664551,7.920000076293945,86900,0.0,0.0
2016-07-25 00:00:00-04:00,7.96999979019165,7.96999979019165,7.519999980926514,7.769999980926514,160500,0.0,0.0
2016-07-26 00:00:00-04:00,7.75,7.960000038146973,7.75,7.869999885559082,60300,0.0,0.0
2016-07-27 00:00:00-04:00,7.849999904632568,8.350000381469727,7.849999904632568,8.270000457763672,84700,0.0,0.0
2016-07-28 00:00:00-04:00,8.180000305175781,8.489999771118164,8.154999732971191,8.270000457763672,95800,0.0,0.0
2016-07-29 00:00:00-04:00,8.270000457763672,8.284000396728516,8.109999656677246,8.170000076293945,90300,0.0,0.0
2016-08-01 00:00:00-04:00,8.229999542236328,8.331999778747559,8.15999984741211,8.3100004196167,44800,0.0,0.0
2016-08-02 00:00:00-04:00,8.470000267028809,8.84000015258789,8.079999923706055,8.260000228881836,96600,0.0,0.0
2016-08-03 00:00:00-04:00,8.097000122070312,8.609999656677246,8.079999923706055,8.600000381469727,80000,0.0,0.0
2016-08-04 00:00:00-04:00,8.609999656677246,8.760000228881836,8.399999618530273,8.520000457763672,44100,0.0,0.0
2016-08-05 00:00:00-04:00,8.59000015258789,8.789999961853027,8.4399995803833,8.6899995803833,62300,0.0,0.0
2016-08-08 00:00:00-04:00,8.760000228881836,9.510000228881836,8.75,9.479999542236328,110600,0.0,0.0
2016-08-09 00:00:00-04:00,9.220000267028809,10.579999923706055,9.043999671936035,10.4399995803833,188000,0.0,0.0
2016-08-10 00:00:00-04:00,10.4399995803833,10.4399995803833,9.390000343322754,9.5600004196167,106300,0.0,0.0
2016-08-11 00:00:00-04:00,9.670000076293945,10.0649995803833,9.399999618530273,9.970000267028809,87600,0.0,0.0
2016-08-12 00:00:00-04:00,9.960000038146973,11.5,9.845000267028809,11.5,265000,0.0,0.0
2016-08-15 00:00:00-04:00,11.569999694824219,12.359999656677246,11.369999885559082,12.300000190734863,207800,0.0,0.0
2016-08-16 00:00:00-04:00,12.100000381469727,12.630000114440918,12.0,12.1899995803833,282900,0.0,0.0
2016-08-17 00:00:00-04:00,12.470000267028809,12.880000114440918,11.890000343322754,12.109999656677246,169600,0.0,0.0
2016-08-18 00:00:00-04:00,12.09000015258789,12.270000457763672,11.949999809265137,12.100000381469727,109200,0.0,0.0
2016-08-19 00:00:00-04:00,12.09000015258789,12.75,12.0,12.680000305175781,151200,0.0,0.0
2016-08-22 00:00:00-04:00,12.800000190734863,13.8100004196167,12.579999923706055,13.569999694824219,323200,0.0,0.0
2016-08-23 00:00:00-04:00,13.65999984741211,13.869999885559082,13.0,13.229999542236328,141200,0.0,0.0
2016-08-24 00:00:00-04:00,13.180000305175781,13.680000305175781,12.78499984741211,12.899999618530273,123700,0.0,0.0
2016-08-25 00:00:00-04:00,12.9399995803833,13.010000228881836,12.149999618530273,12.520000457763672,121500,0.0,0.0
2016-08-26 00:00:00-04:00,12.819999694824219,13.359999656677246,12.010000228881836,12.4399995803833,143900,0.0,0.0
2016-08-29 00:00:00-04:00,12.539999961853027,13.206000328063965,12.0,12.270000457763672,225600,0.0,0.0
2016-08-30 00:00:00-04:00,12.079999923706055,12.9399995803833,12.029999732971191,12.1899995803833,298100,0.0,0.0
2016-08-31 00:00:00-04:00,12.140000343322754,12.489999771118164,11.529999732971191,11.710000038146973,137000,0.0,0.0
2016-09-01 00:00:00-04:00,11.699999809265137,11.800000190734863,11.350000381469727,11.720000267028809,79800,0.0,0.0
2016-09-02 00:00:00-04:00,11.84000015258789,12.1899995803833,11.40999984741211,11.84000015258789,125800,0.0,0.0
2016-09-06 00:00:00-04:00,12.050000190734863,12.829999923706055,11.779999732971191,12.699999809265137,235400,0.0,0.0
2016-09-07 00:00:00-04:00,12.75,13.149999618530273,12.449999809265137,13.119999885559082,230200,0.0,0.0
2016-09-08 00:00:00-04:00,13.069999694824219,13.649999618530273,12.814000129699707,13.40999984741211,268800,0.0,0.0
2016-09-09 00:00:00-04:00,13.489999771118164,13.65999984741211,12.850000381469727,12.890000343322754,177500,0.0,0.0
2016-09-12 00:00:00-04:00,12.819999694824219,13.619999885559082,12.819999694824219,13.550000190734863,189300,0.0,0.0
2016-09-13 00:00:00-04:00,13.270000457763672,14.039999961853027,13.270000457763672,13.75,257600,0.0,0.0
2016-09-14 00:00:00-04:00,13.899999618530273,14.4399995803833,13.880000114440918,14.180000305175781,260500,0.0,0.0
2016-09-15 00:00:00-04:00,14.270000457763672,14.758000373840332,13.8149995803833,14.359999656677246,243000,0.0,0.0
2016-09-16 00:00:00-04:00,14.390000343322754,14.529999732971191,13.9399995803833,14.350000381469727,773600,0.0,0.0
2016-09-19 00:00:00-04:00,14.449999809265137,16.466999053955078,14.449999809265137,15.149999618530273,363000,0.0,0.0
2016-09-20 00:00:00-04:00,15.359999656677246,16.280000686645508,15.100000381469727,15.949999809265137,737000,0.0,0.0
2016-09-21 00:00:00-04:00,16.0,16.030000686645508,14.720000267028809,15.270000457763672,282800,0.0,0.0
2016-09-22 00:00:00-04:00,15.380000114440918,15.579999923706055,14.880000114440918,15.09000015258789,238500,0.0,0.0
2016-09-23 00:00:00-04:00,15.09000015258789,15.213000297546387,14.170000076293945,14.59000015258789,922700,0.0,0.0
2016-09-26 00:00:00-04:00,14.489999771118164,14.770000457763672,14.289999961853027,14.619999885559082,175900,0.0,0.0
2016-09-27 00:00:00-04:00,14.449999809265137,14.786999702453613,14.329999923706055,14.579999923706055,206000,0.0,0.0
2016-09-28 00:00:00-04:00,14.579999923706055,14.680999755859375,14.274999618530273,14.369999885559082,155000,0.0,0.0
2016-09-29 00:00:00-04:00,14.550000190734863,14.65999984741211,13.760000228881836,13.880000114440918,303700,0.0,0.0
2016-09-30 00:00:00-04:00,13.890000343322754,14.140000343322754,13.800000190734863,14.010000228881836,265300,0.0,0.0
2016-10-03 00:00:00-04:00,13.869999885559082,14.020000457763672,13.609999656677246,13.819999694824219,146700,0.0,0.0
2016-10-04 00:00:00-04:00,13.739999771118164,14.520000457763672,13.739999771118164,14.069999694824219,124500,0.0,0.0
2016-10-05 00:00:00-04:00,13.949999809265137,15.470000267028809,13.949999809265137,15.149999618530273,239500,0.0,0.0
2016-10-06 00:00:00-04:00,15.149999618530273,15.460000038146973,14.880000114440918,15.359999656677246,232200,0.0,0.0
2016-10-07 00:00:00-04:00,15.350000381469727,16.235000610351562,15.239999771118164,16.190000534057617,354100,0.0,0.0
2016-10-10 00:00:00-04:00,16.280000686645508,17.829999923706055,16.280000686645508,17.81999969482422,314300,0.0,0.0
2016-10-11 00:00:00-04:00,17.729999542236328,17.90999984741211,17.450000762939453,17.860000610351562,290300,0.0,0.0
2016-10-12 00:00:00-04:00,17.90999984741211,18.139999389648438,17.639999389648438,17.729999542236328,222400,0.0,0.0
2016-10-13 00:00:00-04:00,17.520000457763672,17.586999893188477,16.31999969482422,16.75,293500,0.0,0.0
2016-10-14 00:00:00-04:00,16.969999313354492,17.0,15.949999809265137,16.020000457763672,161000,0.0,0.0
2016-10-17 00:00:00-04:00,15.949999809265137,16.100000381469727,15.25,15.899999618530273,164500,0.0,0.0
2016-10-18 00:00:00-04:00,16.049999237060547,16.350000381469727,15.850000381469727,16.149999618530273,207500,0.0,0.0
2016-10-19 00:00:00-04:00,16.100000381469727,16.174999237060547,15.699999809265137,16.0,157400,0.0,0.0
2016-10-20 00:00:00-04:00,15.899999618530273,16.799999237060547,15.899999618530273,16.75,123900,0.0,0.0
2016-10-21 00:00:00-04:00,16.649999618530273,17.100000381469727,16.3700008392334,16.899999618530273,76500,0.0,0.0
2016-10-24 00:00:00-04:00,17.149999618530273,17.33300018310547,16.649999618530273,16.850000381469727,93100,0.0,0.0
2016-10-25 00:00:00-04:00,16.799999237060547,16.950000762939453,16.149999618530273,16.299999237060547,130500,0.0,0.0
2016-10-26 00:00:00-04:00,16.299999237060547,16.700000762939453,15.895999908447266,16.25,74900,0.0,0.0
2016-10-27 00:00:00-04:00,16.450000762939453,16.700000762939453,16.149999618530273,16.299999237060547,47900,0.0,0.0
2016-10-28 00:00:00-04:00,16.100000381469727,16.100000381469727,15.520000457763672,15.899999618530273,113900,0.0,0.0
2016-10-31 00:00:00-04:00,15.850000381469727,15.949999809265137,15.569999694824219,15.75,98300,0.0,0.0
2016-11-01 00:00:00-04:00,15.649999618530273,16.024999618530273,15.399999618530273,15.649999618530273,47300,0.0,0.0
2016-11-02 00:00:00-04:00,17.0,17.399999618530273,16.399999618530273,16.75,253800,0.0,0.0
2016-11-03 00:00:00-04:00,16.600000381469727,16.649999618530273,15.850000381469727,15.949999809265137,170700,0.0,0.0
2016-11-04 00:00:00-04:00,16.149999618530273,17.200000762939453,16.0,16.850000381469727,129200,0.0,0.0
2016-11-07 00:00:00-05:00,17.25,17.850000381469727,16.950000762939453,17.799999237060547,161600,0.0,0.0
2016-11-08 00:00:00-05:00,17.899999618530273,18.200000762939453,17.399999618530273,17.899999618530273,74300,0.0,0.0
2016-11-09 00:00:00-05:00,17.799999237060547,19.899999618530273,17.0,19.75,384600,0.0,0.0
2016-11-10 00:00:00-05:00,20.0,22.450000762939453,18.576000213623047,22.299999237060547,435100,0.0,0.0
2016-11-11 00:00:00-05:00,22.25,23.999000549316406,22.100000381469727,23.299999237060547,627300,0.0,0.0
2016-11-14 00:00:00-05:00,23.149999618530273,23.75,22.299999237060547,23.0,452300,0.0,0.0
2016-11-15 00:00:00-05:00,22.950000762939453,24.549999237060547,22.583999633789062,24.0,457300,0.0,0.0
2016-11-16 00:00:00-05:00,23.700000762939453,24.549999237060547,23.049999237060547,23.149999618530273,268000,0.0,0.0
2016-11-17 00:00:00-05:00,23.350000381469727,23.799999237060547,22.299999237060547,22.5,245200,0.0,0.0
2016-11-18 00:00:00-05:00,22.700000762939453,23.200000762939453,21.200000762939453,21.450000762939453,350300,0.0,0.0
2016-11-21 00:00:00-05:00,21.600000381469727,21.899999618530273,21.049999237060547,21.549999237060547,355000,0.0,0.0
2016-11-22 00:00:00-05:00,21.649999618530273,21.850000381469727,20.0,20.399999618530273,300900,0.0,0.0
2016-11-23 00:00:00-05:00,20.100000381469727,21.899999618530273,19.5,21.899999618530273,256000,0.0,0.0
2016-11-25 00:00:00-05:00,21.700000762939453,22.5,21.5,22.25,82600,0.0,0.0
2016-11-28 00:00:00-05:00,22.100000381469727,22.350000381469727,21.451000213623047,22.25,165900,0.0,0.0
2016-11-29 00:00:00-05:00,22.350000381469727,23.299999237060547,21.850000381469727,22.700000762939453,217600,0.0,0.0
2016-11-30 00:00:00-05:00,22.700000762939453,23.0,21.799999237060547,22.25,326900,0.0,0.0
2016-12-01 00:00:00-05:00,22.399999618530273,22.950000762939453,21.399999618530273,22.350000381469727,218400,0.0,0.0
2016-12-02 00:00:00-05:00,22.299999237060547,22.649999618530273,21.850000381469727,22.549999237060547,180800,0.0,0.0
2016-12-05 00:00:00-05:00,22.5,23.0,22.049999237060547,22.25,126600,0.0,0.0
2016-12-06 00:00:00-05:00,22.200000762939453,22.399999618530273,21.125,21.899999618530273,173400,0.0,0.0
2016-12-07 00:00:00-05:00,21.649999618530273,22.049999237060547,20.750999450683594,21.0,106300,0.0,0.0
2016-12-08 00:00:00-05:00,20.950000762939453,21.149999618530273,20.25,20.899999618530273,237400,0.0,0.0
2016-12-09 00:00:00-05:00,21.100000381469727,21.950000762939453,21.100000381469727,21.600000381469727,413800,0.0,0.0
2016-12-12 00:00:00-05:00,21.450000762939453,22.149999618530273,21.350000381469727,21.600000381469727,283600,0.0,0.0
2016-12-13 00:00:00-05:00,21.700000762939453,22.149999618530273,21.649999618530273,21.950000762939453,296500,0.0,0.0
2016-12-14 00:00:00-05:00,21.850000381469727,21.950000762939453,20.5,20.75,304500,0.0,0.0
2016-12-15 00:00:00-05:00,20.850000381469727,21.030000686645508,20.399999618530273,20.899999618530273,227000,0.0,0.0
2016-12-16 00:00:00-05:00,20.950000762939453,21.100000381469727,20.174999237060547,20.850000381469727,1105600,0.0,0.0
2016-12-19 00:00:00-05:00,20.700000762939453,21.600000381469727,20.600000381469727,20.75,187800,0.0,0.0
2016-12-20 00:00:00-05:00,20.899999618530273,21.350000381469727,20.5,20.649999618530273,141200,0.0,0.0
2016-12-21 00:00:00-05:00,20.700000762939453,20.700000762939453,19.5,19.549999237060547,104400,0.0,0.0
2016-12-22 00:00:00-05:00,19.600000381469727,19.600000381469727,17.850000381469727,18.100000381469727,216200,0.0,0.0
2016-12-23 00:00:00-05:00,18.149999618530273,19.0,18.149999618530273,18.950000762939453,156400,0.0,0.0
2016-12-27 00:00:00-05:00,18.950000762939453,19.700000762939453,18.549999237060547,18.75,107100,0.0,0.0
2016-12-28 00:00:00-05:00,18.75,18.899999618530273,18.100000381469727,18.149999618530273,100900,0.0,0.0
2016-12-29 00:00:00-05:00,18.200000762939453,18.450000762939453,17.950000762939453,18.350000381469727,67900,0.0,0.0
2016-12-30 00:00:00-05:00,18.299999237060547,20.200000762939453,18.149999618530273,18.549999237060547,138000,0.0,0.0
2017-01-03 00:00:00-05:00,18.850000381469727,19.075000762939453,17.100000381469727,18.5,201300,0.0,0.0
2017-01-04 00:00:00-05:00,18.549999237060547,19.799999237060547,18.399999618530273,19.5,207100,0.0,0.0
2017-01-05 00:00:00-05:00,19.5,20.0,19.0,19.350000381469727,181900,0.0,0.0
2017-01-06 00:00:00-05:00,19.399999618530273,19.450000762939453,18.75,19.100000381469727,142100,0.0,0.0
2017-01-09 00:00:00-05:00,19.350000381469727,19.75,18.799999237060547,19.399999618530273,123600,0.0,0.0
2017-01-10 00:00:00-05:00,19.5,19.600000381469727,18.615999221801758,19.399999618530273,243300,0.0,0.0
2017-01-11 00:00:00-05:00,19.350000381469727,19.799999237060547,18.25,18.600000381469727,123600,0.0,0.0
2017-01-12 00:00:00-05:00,18.450000762939453,19.0,18.100000381469727,18.799999237060547,83300,0.0,0.0
2017-01-13 00:00:00-05:00,18.850000381469727,19.791000366210938,18.799999237060547,19.549999237060547,133300,0.0,0.0
2017-01-17 00:00:00-05:00,19.299999237060547,19.450000762939453,18.700000762939453,19.25,137400,0.0,0.0
2017-01-18 00:00:00-05:00,19.350000381469727,19.899999618530273,19.125,19.799999237060547,95100,0.0,0.0
2017-01-19 00:00:00-05:00,19.75,20.149999618530273,19.69300079345703,20.0,165300,0.0,0.0
2017-01-20 00:00:00-05:00,20.049999237060547,20.350000381469727,19.600000381469727,19.899999618530273,197100,0.0,0.0
2017-01-23 00:00:00-05:00,19.75,20.0,19.5,19.899999618530273,81800,0.0,0.0
2017-01-24 00:00:00-05:00,19.899999618530273,19.950000762939453,19.11199951171875,19.700000762939453,78400,0.0,0.0
2017-01-25 00:00:00-05:00,19.899999618530273,20.0,19.524999618530273,19.75,78400,0.0,0.0
2017-01-26 00:00:00-05:00,19.850000381469727,20.25,19.600000381469727,19.799999237060547,249200,0.0,0.0
2017-01-27 00:00:00-05:00,19.950000762939453,20.149999618530273,19.549999237060547,19.850000381469727,81800,0.0,0.0
2017-01-30 00:00:00-05:00,19.700000762939453,19.759000778198242,17.950000762939453,18.149999618530273,111800,0.0,0.0
2017-01-31 00:00:00-05:00,17.600000381469727,18.649999618530273,16.450000762939453,18.5,308500,0.0,0.0
2017-02-01 00:00:00-05:00,18.649999618530273,19.149999618530273,18.299999237060547,18.649999618530273,211200,0.0,0.0
2017-02-02 00:00:00-05:00,18.600000381469727,19.950000762939453,18.450000762939453,18.850000381469727,127100,0.0,0.0
2017-02-03 00:00:00-05:00,19.0,19.25,18.850000381469727,19.100000381469727,219200,0.0,0.0
2017-02-06 00:00:00-05:00,19.0,19.25,18.600000381469727,18.899999618530273,145000,0.0,0.0
2017-02-07 00:00:00-05:00,18.899999618530273,19.299999237060547,17.799999237060547,17.799999237060547,91500,0.0,0.0
2017-02-08 00:00:00-05:00,17.75,18.100000381469727,17.049999237060547,17.149999618530273,120200,0.0,0.0
2017-02-09 00:00:00-05:00,17.149999618530273,18.899999618530273,16.850000381469727,17.75,66300,0.0,0.0
2017-02-10 00:00:00-05:00,17.899999618530273,17.950000762939453,17.350000381469727,17.700000762939453,83000,0.0,0.0
2017-02-13 00:00:00-05:00,17.850000381469727,17.850000381469727,16.850000381469727,17.0,104300,0.0,0.0
2017-02-14 00:00:00-05:00,16.850000381469727,17.600000381469727,16.299999237060547,16.950000762939453,244500,0.0,0.0
2017-02-15 00:00:00-05:00,16.850000381469727,17.450000762939453,16.700000762939453,17.25,95000,0.0,0.0
2017-02-16 00:00:00-05:00,17.299999237060547,17.700000762939453,17.200000762939453,17.549999237060547,108900,0.0,0.0
2017-02-17 00:00:00-05:00,17.549999237060547,17.549999237060547,16.850000381469727,17.299999237060547,173700,0.0,0.0
2017-02-21 00:00:00-05:00,17.25,17.799999237060547,17.25,17.549999237060547,123100,0.0,0.0
2017-02-22 00:00:00-05:00,17.549999237060547,17.799999237060547,17.299999237060547,17.5,93000,0.0,0.0
2017-02-23 00:00:00-05:00,17.549999237060547,17.799999237060547,16.899999618530273,17.049999237060547,129700,0.0,0.0
2017-02-24 00:00:00-05:00,16.899999618530273,17.399999618530273,16.75,17.350000381469727,89400,0.0,0.0
2017-02-27 00:00:00-05:00,17.350000381469727,18.350000381469727,17.350000381469727,18.200000762939453,199500,0.0,0.0
2017-02-28 00:00:00-05:00,18.149999618530273,18.850000381469727,17.899999618530273,18.399999618530273,148700,0.0,0.0
2017-03-01 00:00:00-05:00,18.75,19.774999618530273,17.924999237060547,19.700000762939453,195300,0.0,0.0
2017-03-02 00:00:00-05:00,19.549999237060547,20.549999237060547,19.399999618530273,19.700000762939453,152100,0.0,0.0
2017-03-03 00:00:00-05:00,19.799999237060547,20.0,19.299999237060547,19.649999618530273,81600,0.0,0.0
2017-03-06 00:00:00-05:00,19.5,20.049999237060547,19.301000595092773,19.649999618530273,101400,0.0,0.0
2017-03-07 00:00:00-05:00,19.600000381469727,22.25,19.399999618530273,20.850000381469727,543100,0.0,0.0
2017-03-08 00:00:00-05:00,20.75,22.75,20.75,20.950000762939453,249700,0.0,0.0
2017-03-09 00:00:00-05:00,20.850000381469727,21.200000762939453,20.100000381469727,20.149999618530273,128900,0.0,0.0
2017-03-10 00:00:00-05:00,20.299999237060547,20.299999237060547,19.25,20.149999618530273,108200,0.0,0.0
2017-03-13 00:00:00-04:00,20.049999237060547,21.100000381469727,20.049999237060547,20.549999237060547,197700,0.0,0.0
2017-03-14 00:00:00-04:00,20.450000762939453,20.5,19.899999618530273,20.25,176400,0.0,0.0
2017-03-15 00:00:00-04:00,20.299999237060547,20.875,20.149999618530273,20.600000381469727,395700,0.0,0.0
2017-03-16 00:00:00-04:00,20.649999618530273,20.799999237060547,19.549999237060547,19.700000762939453,239800,0.0,0.0
2017-03-17 00:00:00-04:00,19.700000762939453,22.549999237060547,19.700000762939453,22.100000381469727,468600,0.0,0.0
2017-03-20 00:00:00-04:00,22.049999237060547,24.149999618530273,21.799999237060547,24.100000381469727,262800,0.0,0.0
2017-03-21 00:00:00-04:00,24.149999618530273,24.149999618530273,21.950000762939453,22.100000381469727,187100,0.0,0.0
2017-03-22 00:00:00-04:00,20.5,20.899999618530273,20.100000381469727,20.450000762939453,2570100,0.0,0.0
2017-03-23 00:00:00-04:00,20.299999237060547,20.450000762939453,19.799999237060547,20.049999237060547,610700,0.0,0.0
2017-03-24 00:00:00-04:00,20.149999618530273,20.299999237060547,19.649999618530273,20.149999618530273,360500,0.0,0.0
2017-03-27 00:00:00-04:00,19.850000381469727,20.700000762939453,19.75,20.350000381469727,495700,0.0,0.0
2017-03-28 00:00:00-04:00,20.450000762939453,20.899999618530273,20.225000381469727,20.5,388100,0.0,0.0
2017-03-29 00:00:00-04:00,20.5,20.60099983215332,19.809999465942383,19.950000762939453,262700,0.0,0.0
2017-03-30 00:00:00-04:00,20.049999237060547,20.100000381469727,19.649999618530273,20.0,403200,0.0,0.0
2017-03-31 00:00:00-04:00,19.950000762939453,20.100000381469727,19.225000381469727,19.299999237060547,450400,0.0,0.0
2017-04-03 00:00:00-04:00,19.399999618530273,20.100000381469727,19.049999237060547,19.75,571300,0.0,0.0
2017-04-04 00:00:00-04:00,19.700000762939453,20.049999237060547,18.850000381469727,19.100000381469727,250100,0.0,0.0
2017-04-05 00:00:00-04:00,19.149999618530273,19.25,18.350000381469727,18.350000381469727,293800,0.0,0.0
2017-04-06 00:00:00-04:00,18.350000381469727,18.350000381469727,17.19700050354004,17.649999618530273,339300,0.0,0.0
2017-04-07 00:00:00-04:00,17.450000762939453,17.5,16.75,16.950000762939453,454700,0.0,0.0
2017-04-10 00:00:00-04:00,16.799999237060547,17.600000381469727,16.799999237060547,17.100000381469727,294600,0.0,0.0
2017-04-11 00:00:00-04:00,17.25,18.299999237060547,17.25,17.899999618530273,397400,0.0,0.0
2017-04-12 00:00:00-04:00,17.799999237060547,19.200000762939453,17.5,18.799999237060547,473900,0.0,0.0
2017-04-13 00:00:00-04:00,18.75,19.799999237060547,18.600000381469727,19.75,306600,0.0,0.0
2017-04-17 00:00:00-04:00,19.75,20.950000762939453,19.5,20.899999618530273,249700,0.0,0.0
2017-04-18 00:00:00-04:00,20.75,21.049999237060547,20.399999618530273,20.950000762939453,254800,0.0,0.0
2017-04-19 00:00:00-04:00,21.049999237060547,21.16699981689453,20.5,20.799999237060547,298800,0.0,0.0
2017-04-20 00:00:00-04:00,20.950000762939453,21.0,20.25,20.600000381469727,248600,0.0,0.0
2017-04-21 00:00:00-04:00,20.600000381469727,20.850000381469727,20.349000930786133,20.549999237060547,345800,0.0,0.0
2017-04-24 00:00:00-04:00,20.899999618530273,21.5,20.399999618530273,21.5,239300,0.0,0.0
2017-04-25 00:00:00-04:00,21.649999618530273,21.850000381469727,20.649999618530273,20.899999618530273,341100,0.0,0.0
2017-04-26 00:00:00-04:00,20.850000381469727,21.5,20.5,21.200000762939453,206400,0.0,0.0
2017-04-27 00:00:00-04:00,21.25,21.450000762939453,20.875,20.950000762939453,138900,0.0,0.0
2017-04-28 00:00:00-04:00,21.350000381469727,21.350000381469727,20.399999618530273,20.899999618530273,538600,0.0,0.0
2017-05-01 00:00:00-04:00,21.0,22.950000762939453,20.899999618530273,22.25,560600,0.0,0.0
2017-05-02 00:00:00-04:00,22.299999237060547,22.475000381469727,20.149999618530273,20.649999618530273,360100,0.0,0.0
2017-05-03 00:00:00-04:00,20.5,20.549999237060547,19.049999237060547,19.200000762939453,220200,0.0,0.0
2017-05-04 00:00:00-04:00,19.25,19.25,18.600000381469727,18.850000381469727,112100,0.0,0.0
2017-05-05 00:00:00-04:00,18.899999618530273,19.25,18.200000762939453,18.5,147100,0.0,0.0
2017-05-08 00:00:00-04:00,18.5,18.799999237060547,18.075000762939453,18.350000381469727,206200,0.0,0.0
2017-05-09 00:00:00-04:00,18.399999618530273,18.950000762939453,18.299999237060547,18.950000762939453,94600,0.0,0.0
2017-05-10 00:00:00-04:00,18.450000762939453,18.850000381469727,16.549999237060547,17.450000762939453,460600,0.0,0.0
2017-05-11 00:00:00-04:00,17.399999618530273,17.899999618530273,16.850000381469727,17.850000381469727,157500,0.0,0.0
2017-05-12 00:00:00-04:00,17.899999618530273,18.899999618530273,17.700000762939453,18.5,180900,0.0,0.0
2017-05-15 00:00:00-04:00,18.700000762939453,19.700000762939453,18.5,19.25,170600,0.0,0.0
2017-05-16 00:00:00-04:00,19.299999237060547,19.450000762939453,19.049999237060547,19.200000762939453,131600,0.0,0.0
2017-05-17 00:00:00-04:00,18.950000762939453,19.049999237060547,18.100000381469727,18.25,114800,0.0,0.0
2017-05-18 00:00:00-04:00,18.299999237060547,19.25,17.674999237060547,19.049999237060547,187600,0.0,0.0
2017-05-19 00:00:00-04:00,19.049999237060547,19.25,18.0,18.049999237060547,113500,0.0,0.0
2017-05-22 00:00:00-04:00,18.0,18.149999618530273,17.475000381469727,18.100000381469727,199300,0.0,0.0
2017-05-23 00:00:00-04:00,18.200000762939453,18.649999618530273,17.700000762939453,18.600000381469727,105000,0.0,0.0
2017-05-24 00:00:00-04:00,18.549999237060547,19.049999237060547,18.211999893188477,18.850000381469727,154800,0.0,0.0
2017-05-25 00:00:00-04:00,18.899999618530273,19.0,18.450000762939453,18.649999618530273,117600,0.0,0.0
2017-05-26 00:00:00-04:00,18.549999237060547,18.899999618530273,17.75,18.0,101500,0.0,0.0
2017-05-30 00:00:00-04:00,18.049999237060547,18.149999618530273,16.649999618530273,16.700000762939453,155900,0.0,0.0
2017-05-31 00:00:00-04:00,16.799999237060547,17.200000762939453,16.299999237060547,17.100000381469727,375500,0.0,0.0
2017-06-01 00:00:00-04:00,17.049999237060547,18.100000381469727,17.049999237060547,18.0,188400,0.0,0.0
2017-06-02 00:00:00-04:00,18.149999618530273,19.149999618530273,18.149999618530273,18.700000762939453,249600,0.0,0.0
2017-06-05 00:00:00-04:00,18.799999237060547,18.850000381469727,17.799999237060547,18.600000381469727,175600,0.0,0.0
2017-06-06 00:00:00-04:00,18.450000762939453,18.895000457763672,18.25,18.700000762939453,179600,0.0,0.0
2017-06-07 00:00:00-04:00,18.75,20.049999237060547,18.350000381469727,19.850000381469727,244300,0.0,0.0
2017-06-08 00:00:00-04:00,19.850000381469727,20.399999618530273,18.950000762939453,20.100000381469727,229300,0.0,0.0
2017-06-09 00:00:00-04:00,20.0,20.600000381469727,19.450000762939453,19.75,185300,0.0,0.0
2017-06-12 00:00:00-04:00,19.75,20.049999237060547,19.25,19.399999618530273,250800,0.0,0.0
2017-06-13 00:00:00-04:00,19.5,19.799999237060547,18.850000381469727,18.899999618530273,220300,0.0,0.0
2017-06-14 00:00:00-04:00,18.899999618530273,19.5,18.673999786376953,19.100000381469727,85300,0.0,0.0
2017-06-15 00:00:00-04:00,18.850000381469727,19.399999618530273,18.350000381469727,18.899999618530273,278100,0.0,0.0
2017-06-16 00:00:00-04:00,18.649999618530273,19.149999618530273,17.649999618530273,18.5,1201000,0.0,0.0
2017-06-19 00:00:00-04:00,18.649999618530273,19.450000762939453,18.549999237060547,19.100000381469727,169200,0.0,0.0
2017-06-20 00:00:00-04:00,19.200000762939453,20.299999237060547,19.0,19.549999237060547,247300,0.0,0.0
2017-06-21 00:00:00-04:00,19.700000762939453,20.549999237060547,19.549999237060547,20.5,271000,0.0,0.0
2017-06-22 00:00:00-04:00,20.5,21.75,20.5,21.100000381469727,293100,0.0,0.0
2017-06-23 00:00:00-04:00,21.0,21.950000762939453,20.600000381469727,21.899999618530273,862400,0.0,0.0
2017-06-26 00:00:00-04:00,22.0,22.899999618530273,21.600000381469727,22.799999237060547,230400,0.0,0.0
2017-06-27 00:00:00-04:00,22.700000762939453,22.799999237060547,20.799999237060547,20.950000762939453,218200,0.0,0.0
2017-06-28 00:00:00-04:00,21.049999237060547,21.399999618530273,20.600000381469727,20.75,192000,0.0,0.0
2017-06-29 00:00:00-04:00,20.649999618530273,20.725000381469727,19.850000381469727,20.049999237060547,326500,0.0,0.0
2017-06-30 00:00:00-04:00,20.049999237060547,20.049999237060547,19.5,19.75,306900,0.0,0.0
2017-07-03 00:00:00-04:00,19.950000762939453,20.600000381469727,19.649999618530273,20.5,189100,0.0,0.0
2017-07-05 00:00:00-04:00,20.450000762939453,20.75,20.049999237060547,20.25,218700,0.0,0.0
2017-07-06 00:00:00-04:00,19.950000762939453,20.149999618530273,19.450000762939453,19.799999237060547,186900,0.0,0.0
2017-07-07 00:00:00-04:00,19.950000762939453,20.25,19.549999237060547,20.25,193300,0.0,0.0
2017-07-10 00:00:00-04:00,20.100000381469727,20.450000762939453,19.899999618530273,20.200000762939453,226000,0.0,0.0
2017-07-11 00:00:00-04:00,20.25,20.25,19.924999237060547,20.25,185800,0.0,0.0
2017-07-12 00:00:00-04:00,20.450000762939453,20.549999237060547,20.049999237060547,20.100000381469727,132200,0.0,0.0
2017-07-13 00:00:00-04:00,20.0,20.200000762939453,19.399999618530273,19.799999237060547,193200,0.0,0.0
2017-07-14 00:00:00-04:00,19.799999237060547,20.049999237060547,19.700000762939453,19.799999237060547,74600,0.0,0.0
2017-07-17 00:00:00-04:00,19.75,20.0,19.700000762939453,19.75,150600,0.0,0.0
2017-07-18 00:00:00-04:00,19.700000762939453,19.700000762939453,18.850000381469727,18.899999618530273,128500,0.0,0.0
2017-07-19 00:00:00-04:00,19.100000381469727,19.350000381469727,18.549999237060547,18.850000381469727,269800,0.0,0.0
2017-07-20 00:00:00-04:00,18.850000381469727,19.075000762939453,18.25,18.899999618530273,243100,0.0,0.0
2017-07-21 00:00:00-04:00,19.100000381469727,19.350000381469727,18.450000762939453,19.100000381469727,186200,0.0,0.0
2017-07-24 00:00:00-04:00,19.149999618530273,19.399999618530273,18.899999618530273,19.399999618530273,119100,0.0,0.0
2017-07-25 00:00:00-04:00,19.450000762939453,19.649999618530273,18.700000762939453,19.0,141100,0.0,0.0
2017-07-26 00:00:00-04:00,19.0,19.649999618530273,18.75,19.649999618530273,134900,0.0,0.0
2017-07-27 00:00:00-04:00,19.75,19.950000762939453,18.649999618530273,18.75,93400,0.0,0.0
2017-07-28 00:00:00-04:00,18.600000381469727,19.0,18.600000381469727,18.75,150800,0.0,0.0
2017-07-31 00:00:00-04:00,18.75,19.299999237060547,17.75,18.0,182100,0.0,0.0
2017-08-01 00:00:00-04:00,18.100000381469727,18.600000381469727,17.600000381469727,18.399999618530273,124500,0.0,0.0
2017-08-02 00:00:00-04:00,18.350000381469727,18.899999618530273,18.100000381469727,18.850000381469727,195100,0.0,0.0
2017-08-03 00:00:00-04:00,18.799999237060547,19.100000381469727,18.100000381469727,18.25,149300,0.0,0.0
2017-08-04 00:00:00-04:00,18.25,18.549999237060547,18.100000381469727,18.549999237060547,107300,0.0,0.0
2017-08-07 00:00:00-04:00,18.5,18.850000381469727,18.399999618530273,18.600000381469727,102700,0.0,0.0
2017-08-08 00:00:00-04:00,18.5,19.0,18.350000381469727,18.700000762939453,106400,0.0,0.0
2017-08-09 00:00:00-04:00,20.399999618530273,21.424999237060547,19.475000381469727,20.799999237060547,630700,0.0,0.0
2017-08-10 00:00:00-04:00,20.649999618530273,21.5,20.0,20.350000381469727,240800,0.0,0.0
2017-08-11 00:00:00-04:00,20.549999237060547,21.0,20.100000381469727,20.899999618530273,207700,0.0,0.0
2017-08-14 00:00:00-04:00,21.100000381469727,21.393999099731445,20.5,20.850000381469727,231700,0.0,0.0
2017-08-15 00:00:00-04:00,20.799999237060547,21.600000381469727,20.350000381469727,21.399999618530273,248100,0.0,0.0
2017-08-16 00:00:00-04:00,21.5,22.225000381469727,21.350000381469727,22.149999618530273,176500,0.0,0.0
2017-08-17 00:00:00-04:00,22.5,22.5,20.0,20.0,224200,0.0,0.0
2017-08-18 00:00:00-04:00,19.850000381469727,20.299999237060547,19.749000549316406,19.950000762939453,221900,0.0,0.0
2017-08-21 00:00:00-04:00,20.049999237060547,21.100000381469727,19.850000381469727,20.049999237060547,329600,0.0,0.0
2017-08-22 00:00:00-04:00,20.100000381469727,20.799999237060547,20.049999237060547,20.649999618530273,87800,0.0,0.0
2017-08-23 00:00:00-04:00,20.549999237060547,21.350000381469727,20.5,21.049999237060547,84900,0.0,0.0
2017-08-24 00:00:00-04:00,21.299999237060547,21.799999237060547,21.049999237060547,21.700000762939453,122800,0.0,0.0
2017-08-25 00:00:00-04:00,20.149999618530273,21.799999237060547,19.450000762939453,21.049999237060547,476000,0.0,0.0
2017-08-28 00:00:00-04:00,21.299999237060547,21.5,20.350000381469727,21.149999618530273,228200,0.0,0.0
2017-08-29 00:00:00-04:00,20.649999618530273,21.25,20.450000762939453,20.899999618530273,215200,0.0,0.0
2017-08-30 00:00:00-04:00,21.0,21.375,20.700000762939453,21.100000381469727,152200,0.0,0.0
2017-08-31 00:00:00-04:00,21.350000381469727,22.899999618530273,21.100000381469727,22.75,436500,0.0,0.0
2017-09-01 00:00:00-04:00,22.950000762939453,23.700000762939453,22.22599983215332,22.649999618530273,362500,0.0,0.0
2017-09-05 00:00:00-04:00,23.549999237060547,25.0,23.049999237060547,24.799999237060547,525600,0.0,0.0
2017-09-06 00:00:00-04:00,25.0,25.0,24.25,24.450000762939453,261500,0.0,0.0
2017-09-07 00:00:00-04:00,24.299999237060547,24.950000762939453,24.024999618530273,24.799999237060547,249200,0.0,0.0
2017-09-08 00:00:00-04:00,24.649999618530273,25.850000381469727,24.549999237060547,25.700000762939453,269300,0.0,0.0
2017-09-11 00:00:00-04:00,26.350000381469727,26.350000381469727,25.049999237060547,25.649999618530273,200900,0.0,0.0
2017-09-12 00:00:00-04:00,25.399999618530273,25.600000381469727,25.049999237060547,25.5,169400,0.0,0.0
2017-09-13 00:00:00-04:00,25.649999618530273,26.649999618530273,25.399999618530273,26.600000381469727,176900,0.0,0.0
2017-09-14 00:00:00-04:00,26.299999237060547,27.149999618530273,26.174999237060547,26.850000381469727,193100,0.0,0.0
2017-09-15 00:00:00-04:00,26.950000762939453,28.399999618530273,26.5,28.25,801300,0.0,0.0
2017-09-18 00:00:00-04:00,28.25,30.25,27.649999618530273,29.799999237060547,714400,0.0,0.0
2017-09-19 00:00:00-04:00,29.700000762939453,29.850000381469727,28.424999237060547,29.049999237060547,331500,0.0,0.0
2017-09-20 00:00:00-04:00,28.600000381469727,30.19499969482422,28.600000381469727,29.299999237060547,345100,0.0,0.0
2017-09-21 00:00:00-04:00,29.649999618530273,29.649999618530273,29.100000381469727,29.399999618530273,210200,0.0,0.0
2017-09-22 00:00:00-04:00,29.25,29.329999923706055,27.399999618530273,28.25,346500,0.0,0.0
2017-09-25 00:00:00-04:00,31.299999237060547,32.20000076293945,30.5,30.950000762939453,1034100,0.0,0.0
2017-09-26 00:00:00-04:00,31.299999237060547,31.299999237060547,30.03700065612793,30.5,441400,0.0,0.0
2017-09-27 00:00:00-04:00,31.0,33.849998474121094,30.600000381469727,32.150001525878906,810000,0.0,0.0
2017-09-28 00:00:00-04:00,32.400001525878906,32.95000076293945,31.549999237060547,32.099998474121094,672400,0.0,0.0
2017-09-29 00:00:00-04:00,32.20000076293945,33.599998474121094,32.04999923706055,32.95000076293945,750400,0.0,0.0
2017-10-02 00:00:00-04:00,33.5,33.95000076293945,32.82500076293945,33.5,697600,0.0,0.0
2017-10-03 00:00:00-04:00,33.349998474121094,33.54999923706055,31.549999237060547,32.0,430100,0.0,0.0
2017-10-04 00:00:00-04:00,32.099998474121094,32.400001525878906,31.600000381469727,32.0,149000,0.0,0.0
2017-10-05 00:00:00-04:00,32.25,33.20000076293945,32.04999923706055,33.150001525878906,262100,0.0,0.0
2017-10-06 00:00:00-04:00,32.900001525878906,33.75,32.04999923706055,33.650001525878906,289200,0.0,0.0
2017-10-09 00:00:00-04:00,33.95000076293945,33.95000076293945,32.25,32.29999923706055,277200,0.0,0.0
2017-10-10 00:00:00-04:00,32.349998474121094,33.04999923706055,31.200000762939453,33.04999923706055,344600,0.0,0.0
2017-10-11 00:00:00-04:00,33.0,36.099998474121094,32.849998474121094,33.70000076293945,916600,0.0,0.0
2017-10-12 00:00:00-04:00,34.54999923706055,35.20000076293945,33.349998474121094,33.45000076293945,477800,0.0,0.0
2017-10-13 00:00:00-04:00,33.95000076293945,35.29999923706055,32.900001525878906,32.95000076293945,486600,0.0,0.0
2017-10-16 00:00:00-04:00,33.349998474121094,34.0,32.900001525878906,33.20000076293945,344200,0.0,0.0
2017-10-17 00:00:00-04:00,33.04999923706055,33.75,31.75,32.0,222100,0.0,0.0
2017-10-18 00:00:00-04:00,32.400001525878906,33.025001525878906,32.04999923706055,32.849998474121094,201600,0.0,0.0
2017-10-19 00:00:00-04:00,32.5,33.25,31.799999237060547,32.45000076293945,198600,0.0,0.0
2017-10-20 00:00:00-04:00,32.650001525878906,33.04999923706055,32.0,32.75,243900,0.0,0.0
2017-10-23 00:00:00-04:00,33.0,33.025001525878906,30.850000381469727,31.100000381469727,376900,0.0,0.0
2017-10-24 00:00:00-04:00,31.0,32.150001525878906,30.450000762939453,30.5,333600,0.0,0.0
2017-10-25 00:00:00-04:00,30.350000381469727,31.149999618530273,30.049999237060547,31.100000381469727,194200,0.0,0.0
2017-10-26 00:00:00-04:00,30.899999618530273,31.200000762939453,28.399999618530273,28.5,470500,0.0,0.0
2017-10-27 00:00:00-04:00,28.649999618530273,29.049999237060547,27.450000762939453,28.649999618530273,487800,0.0,0.0
2017-10-30 00:00:00-04:00,28.5,29.100000381469727,28.299999237060547,28.75,263000,0.0,0.0
2017-10-31 00:00:00-04:00,29.149999618530273,30.450000762939453,28.700000762939453,29.950000762939453,295800,0.0,0.0
2017-11-01 00:00:00-04:00,30.25,31.0,26.5,27.5,520100,0.0,0.0
2017-11-02 00:00:00-04:00,27.5,28.549999237060547,26.899999618530273,28.0,279300,0.0,0.0
2017-11-03 00:00:00-04:00,27.950000762939453,29.100000381469727,27.600000381469727,28.799999237060547,243000,0.0,0.0
2017-11-06 00:00:00-05:00,28.950000762939453,29.0,27.875,27.950000762939453,316900,0.0,0.0
2017-11-07 00:00:00-05:00,28.149999618530273,28.149999618530273,26.399999618530273,26.549999237060547,315900,0.0,0.0
2017-11-08 00:00:00-05:00,26.549999237060547,27.200000762939453,25.799999237060547,26.350000381469727,282800,0.0,0.0
2017-11-09 00:00:00-05:00,26.5,29.600000381469727,25.350000381469727,26.799999237060547,769600,0.0,0.0
2017-11-10 00:00:00-05:00,26.899999618530273,27.549999237060547,26.350000381469727,27.5,238300,0.0,0.0
2017-11-13 00:00:00-05:00,27.200000762939453,27.299999237060547,26.5,26.799999237060547,127400,0.0,0.0
2017-11-14 00:00:00-05:00,26.799999237060547,26.799999237060547,24.350000381469727,26.0,411500,0.0,0.0
2017-11-15 00:00:00-05:00,25.299999237060547,28.450000762939453,25.274999618530273,27.950000762939453,457800,0.0,0.0
2017-11-16 00:00:00-05:00,28.0,28.549999237060547,27.674999237060547,28.100000381469727,317700,0.0,0.0
2017-11-17 00:00:00-05:00,27.950000762939453,28.149999618530273,27.299999237060547,27.549999237060547,133300,0.0,0.0
2017-11-20 00:00:00-05:00,27.600000381469727,28.149999618530273,27.299999237060547,27.799999237060547,226200,0.0,0.0
2017-11-21 00:00:00-05:00,27.899999618530273,29.350000381469727,27.899999618530273,29.100000381469727,283600,0.0,0.0
2017-11-22 00:00:00-05:00,30.0,30.0,28.899999618530273,29.700000762939453,176600,0.0,0.0
2017-11-24 00:00:00-05:00,29.950000762939453,30.0,29.450000762939453,29.649999618530273,91300,0.0,0.0
2017-11-27 00:00:00-05:00,29.649999618530273,29.75,29.049999237060547,29.25,174200,0.0,0.0
2017-11-28 00:00:00-05:00,29.350000381469727,29.399999618530273,27.700000762939453,28.25,194700,0.0,0.0
2017-11-29 00:00:00-05:00,28.25,28.600000381469727,26.5,26.799999237060547,310600,0.0,0.0
2017-11-30 00:00:00-05:00,27.350000381469727,28.25,26.405000686645508,28.100000381469727,462000,0.0,0.0
2017-12-01 00:00:00-05:00,27.899999618530273,29.299999237060547,27.649999618530273,28.899999618530273,310500,0.0,0.0
2017-12-04 00:00:00-05:00,28.899999618530273,30.0,27.649999618530273,27.799999237060547,484900,0.0,0.0
2017-12-05 00:00:00-05:00,27.600000381469727,29.350000381469727,27.450000762939453,28.200000762939453,222700,0.0,0.0
2017-12-06 00:00:00-05:00,28.25,29.524999618530273,28.0,29.450000762939453,198900,0.0,0.0
2017-12-07 00:00:00-05:00,29.549999237060547,30.75,28.950000762939453,30.299999237060547,391900,0.0,0.0
2017-12-08 00:00:00-05:00,30.600000381469727,32.04999923706055,30.475000381469727,31.75,325600,0.0,0.0
2017-12-11 00:00:00-05:00,32.04999923706055,32.20000076293945,29.5,29.5,333300,0.0,0.0
2017-12-12 00:00:00-05:00,29.549999237060547,29.725000381469727,27.049999237060547,27.149999618530273,470100,0.0,0.0
2017-12-13 00:00:00-05:00,27.25,28.389999389648438,27.049999237060547,28.149999618530273,375500,0.0,0.0
2017-12-14 00:00:00-05:00,28.200000762939453,28.549999237060547,27.950000762939453,28.149999618530273,188900,0.0,0.0
2017-12-15 00:00:00-05:00,28.200000762939453,29.899999618530273,28.0,29.25,1009200,0.0,0.0
2017-12-18 00:00:00-05:00,29.299999237060547,30.0,28.950000762939453,29.950000762939453,331700,0.0,0.0
2017-12-19 00:00:00-05:00,30.0,31.25,29.799999237060547,30.5,210100,0.0,0.0
2017-12-20 00:00:00-05:00,31.25,32.150001525878906,30.950000762939453,31.899999618530273,233200,0.0,0.0
2017-12-21 00:00:00-05:00,31.75,32.25,30.75,31.350000381469727,188600,0.0,0.0
2017-12-22 00:00:00-05:00,31.450000762939453,33.70000076293945,31.25,33.650001525878906,266400,0.0,0.0
2017-12-26 00:00:00-05:00,33.599998474121094,35.599998474121094,33.11000061035156,34.0,309100,0.0,0.0
2017-12-27 00:00:00-05:00,33.79999923706055,34.70000076293945,33.75,34.599998474121094,183100,0.0,0.0
2017-12-28 00:00:00-05:00,34.79999923706055,34.900001525878906,33.95000076293945,34.20000076293945,216700,0.0,0.0
2017-12-29 00:00:00-05:00,34.099998474121094,34.54999923706055,33.25,33.25,244600,0.0,0.0
2018-01-02 00:00:00-05:00,33.599998474121094,35.95000076293945,32.82500076293945,34.75,466200,0.0,0.0
2018-01-03 00:00:00-05:00,34.900001525878906,36.45000076293945,33.625,35.79999923706055,293000,0.0,0.0
2018-01-04 00:00:00-05:00,36.04999923706055,36.400001525878906,35.0,35.20000076293945,251500,0.0,0.0
2018-01-05 00:00:00-05:00,30.75,30.75,27.149999618530273,27.850000381469727,2383500,0.0,0.0
2018-01-08 00:00:00-05:00,27.950000762939453,28.350000381469727,25.549999237060547,26.549999237060547,1011100,0.0,0.0
2018-01-09 00:00:00-05:00,26.5,26.700000762939453,25.475000381469727,26.350000381469727,701600,0.0,0.0
2018-01-10 00:00:00-05:00,26.25,28.100000381469727,25.799999237060547,28.0,420700,0.0,0.0
2018-01-11 00:00:00-05:00,28.0,30.0,27.450000762939453,29.899999618530273,577000,0.0,0.0
2018-01-12 00:00:00-05:00,29.850000381469727,30.799999237060547,29.695999145507812,30.450000762939453,642000,0.0,0.0
2018-01-16 00:00:00-05:00,30.5,30.600000381469727,27.274999618530273,27.700000762939453,682000,0.0,0.0
2018-01-17 00:00:00-05:00,28.200000762939453,28.424999237060547,27.350000381469727,27.875,472200,0.0,0.0
2018-01-18 00:00:00-05:00,27.799999237060547,27.950000762939453,27.149999618530273,27.549999237060547,353900,0.0,0.0
2018-01-19 00:00:00-05:00,27.450000762939453,27.700000762939453,27.0,27.100000381469727,243100,0.0,0.0
2018-01-22 00:00:00-05:00,27.600000381469727,28.049999237060547,26.799999237060547,27.399999618530273,570600,0.0,0.0
2018-01-23 00:00:00-05:00,27.5,30.149999618530273,27.149999618530273,29.75,477900,0.0,0.0
2018-01-24 00:00:00-05:00,29.600000381469727,30.399999618530273,28.549999237060547,28.600000381469727,190000,0.0,0.0
2018-01-25 00:00:00-05:00,29.149999618530273,29.899999618530273,28.299999237060547,29.600000381469727,152800,0.0,0.0
2018-01-26 00:00:00-05:00,29.649999618530273,30.0,28.850000381469727,29.299999237060547,194600,0.0,0.0
2018-01-29 00:00:00-05:00,29.200000762939453,30.024999618530273,28.899999618530273,29.600000381469727,193800,0.0,0.0
2018-01-30 00:00:00-05:00,29.049999237060547,29.100000381469727,26.450000762939453,28.25,416200,0.0,0.0
2018-01-31 00:00:00-05:00,28.549999237060547,28.549999237060547,26.600000381469727,26.799999237060547,216200,0.0,0.0
2018-02-01 00:00:00-05:00,26.649999618530273,27.049999237060547,25.549999237060547,25.899999618530273,335600,0.0,0.0
2018-02-02 00:00:00-05:00,25.850000381469727,26.04800033569336,24.649999618530273,24.799999237060547,387900,0.0,0.0
2018-02-05 00:00:00-05:00,24.350000381469727,25.579999923706055,23.850000381469727,24.049999237060547,331400,0.0,0.0
2018-02-06 00:00:00-05:00,23.399999618530273,25.5,23.25,25.25,379200,0.0,0.0
2018-02-07 00:00:00-05:00,25.149999618530273,26.399999618530273,24.600000381469727,26.25,206100,0.0,0.0
2018-02-08 00:00:00-05:00,26.399999618530273,27.0,25.399999618530273,25.5,405900,0.0,0.0
2018-02-09 00:00:00-05:00,26.0,26.0,24.299999237060547,25.700000762939453,276400,0.0,0.0
2018-02-12 00:00:00-05:00,26.100000381469727,27.049999237060547,25.75,26.75,223900,0.0,0.0
2018-02-13 00:00:00-05:00,26.450000762939453,26.950000762939453,26.0,26.600000381469727,159000,0.0,0.0
2018-02-14 00:00:00-05:00,26.25,27.299999237060547,26.135000228881836,26.799999237060547,268300,0.0,0.0
2018-02-15 00:00:00-05:00,27.0,27.148000717163086,26.200000762939453,26.799999237060547,137300,0.0,0.0
2018-02-16 00:00:00-05:00,26.700000762939453,27.100000381469727,26.5,26.850000381469727,147300,0.0,0.0
2018-02-20 00:00:00-05:00,26.600000381469727,26.899999618530273,26.200000762939453,26.450000762939453,222900,0.0,0.0
2018-02-21 00:00:00-05:00,26.549999237060547,27.700000762939453,26.200000762939453,27.100000381469727,179300,0.0,0.0
2018-02-22 00:00:00-05:00,27.299999237060547,28.899999618530273,26.875,27.549999237060547,234100,0.0,0.0
2018-02-23 00:00:00-05:00,27.700000762939453,27.950000762939453,26.75,27.850000381469727,149400,0.0,0.0
2018-02-26 00:00:00-05:00,27.950000762939453,28.899999618530273,27.5,28.674999237060547,187700,0.0,0.0
2018-02-27 00:00:00-05:00,28.75,29.75,28.299999237060547,29.200000762939453,241600,0.0,0.0
2018-02-28 00:00:00-05:00,28.950000762939453,30.299999237060547,28.350000381469727,28.450000762939453,239600,0.0,0.0
2018-03-01 00:00:00-05:00,28.200000762939453,28.75,27.549999237060547,28.399999618530273,191900,0.0,0.0
2018-03-02 00:00:00-05:00,28.200000762939453,29.700000762939453,28.200000762939453,29.399999618530273,222400,0.0,0.0
2018-03-05 00:00:00-05:00,29.149999618530273,29.850000381469727,28.850000381469727,29.299999237060547,161100,0.0,0.0
2018-03-06 00:00:00-05:00,29.799999237060547,29.899999618530273,28.950000762939453,29.549999237060547,167800,0.0,0.0
2018-03-07 00:00:00-05:00,30.299999237060547,38.04999923706055,29.350000381469727,37.5,1361800,0.0,0.0
2018-03-08 00:00:00-05:00,37.5,42.0,35.29999923706055,36.29999923706055,1076200,0.0,0.0
2018-03-09 00:00:00-05:00,37.25,37.79999923706055,35.5,36.0,413800,0.0,0.0
2018-03-12 00:00:00-04:00,34.650001525878906,34.849998474121094,30.850000381469727,32.45000076293945,874600,0.0,0.0
2018-03-13 00:00:00-04:00,32.70000076293945,33.70000076293945,32.45000076293945,33.04999923706055,288300,0.0,0.0
2018-03-14 00:00:00-04:00,33.349998474121094,33.70000076293945,32.650001525878906,33.0,239500,0.0,0.0
2018-03-15 00:00:00-04:00,32.75,32.970001220703125,30.850000381469727,31.0,312200,0.0,0.0
2018-03-16 00:00:00-04:00,30.899999618530273,31.299999237060547,30.100000381469727,30.399999618530273,719100,0.0,0.0
2018-03-19 00:00:00-04:00,30.399999618530273,30.399999618530273,28.0,29.100000381469727,387800,0.0,0.0
2018-03-20 00:00:00-04:00,29.299999237060547,30.049999237060547,29.200000762939453,29.950000762939453,256800,0.0,0.0
2018-03-21 00:00:00-04:00,29.799999237060547,31.0,29.5,30.649999618530273,263700,0.0,0.0
2018-03-22 00:00:00-04:00,30.200000762939453,30.850000381469727,29.700000762939453,30.100000381469727,158600,0.0,0.0
2018-03-23 00:00:00-04:00,30.25,30.5,29.200000762939453,29.25,248700,0.0,0.0
2018-03-26 00:00:00-04:00,29.700000762939453,30.663000106811523,28.850000381469727,30.600000381469727,229400,0.0,0.0
2018-03-27 00:00:00-04:00,30.649999618530273,30.649999618530273,28.950000762939453,29.200000762939453,258200,0.0,0.0
2018-03-28 00:00:00-04:00,28.899999618530273,29.5,28.299999237060547,29.350000381469727,218200,0.0,0.0
2018-03-29 00:00:00-04:00,29.600000381469727,30.399999618530273,28.149999618530273,29.850000381469727,159100,0.0,0.0
2018-04-02 00:00:00-04:00,29.549999237060547,30.5,28.25,28.450000762939453,342200,0.0,0.0
2018-04-03 00:00:00-04:00,28.399999618530273,28.975000381469727,27.5,28.799999237060547,278700,0.0,0.0
2018-04-04 00:00:00-04:00,28.25,29.899999618530273,28.149999618530273,29.850000381469727,191000,0.0,0.0
2018-04-05 00:00:00-04:00,30.200000762939453,30.200000762939453,28.100000381469727,28.299999237060547,307200,0.0,0.0
2018-04-06 00:00:00-04:00,27.950000762939453,28.649999618530273,26.799999237060547,27.200000762939453,349100,0.0,0.0
2018-04-09 00:00:00-04:00,33.54999923706055,35.599998474121094,31.350000381469727,31.450000762939453,2756300,0.0,0.0
2018-04-10 00:00:00-04:00,32.099998474121094,37.70000076293945,31.549999237060547,37.400001525878906,1222100,0.0,0.0
2018-04-11 00:00:00-04:00,37.04999923706055,39.13600158691406,34.75,35.0,848800,0.0,0.0
2018-04-12 00:00:00-04:00,35.099998474121094,35.79999923706055,34.349998474121094,34.79999923706055,577500,0.0,0.0
2018-04-13 00:00:00-04:00,35.25,35.25,34.0,34.599998474121094,358600,0.0,0.0
2018-04-16 00:00:00-04:00,36.0,38.20000076293945,36.0,38.0,957800,0.0,0.0
2018-04-17 00:00:00-04:00,38.400001525878906,40.45000076293945,38.349998474121094,39.150001525878906,571900,0.0,0.0
2018-04-18 00:00:00-04:00,40.04999923706055,41.599998474121094,39.400001525878906,40.5,729700,0.0,0.0
2018-04-19 00:00:00-04:00,40.5,41.70000076293945,38.79999923706055,39.099998474121094,669400,0.0,0.0
2018-04-20 00:00:00-04:00,39.0,40.0,38.599998474121094,39.650001525878906,417900,0.0,0.0
2018-04-23 00:00:00-04:00,39.54999923706055,40.0,35.650001525878906,37.25,816300,0.0,0.0
2018-04-24 00:00:00-04:00,37.70000076293945,37.79999923706055,35.70000076293945,36.20000076293945,264700,0.0,0.0
2018-04-25 00:00:00-04:00,36.349998474121094,37.29999923706055,35.650001525878906,36.70000076293945,214700,0.0,0.0
2018-04-26 00:00:00-04:00,37.099998474121094,38.25,35.79999923706055,37.900001525878906,297700,0.0,0.0
2018-04-27 00:00:00-04:00,38.150001525878906,38.54999923706055,37.099998474121094,37.75,260200,0.0,0.0
2018-04-30 00:00:00-04:00,37.75,38.70000076293945,37.349998474121094,37.349998474121094,294700,0.0,0.0
2018-05-01 00:00:00-04:00,37.349998474121094,38.45000076293945,36.849998474121094,38.400001525878906,254100,0.0,0.0
2018-05-02 00:00:00-04:00,38.599998474121094,41.70000076293945,37.45000076293945,40.0,460300,0.0,0.0
2018-05-03 00:00:00-04:00,39.599998474121094,40.099998474121094,38.69499969482422,39.099998474121094,261200,0.0,0.0
2018-05-04 00:00:00-04:00,39.45000076293945,40.45000076293945,38.75,39.849998474121094,299000,0.0,0.0
2018-05-07 00:00:00-04:00,40.0,40.95000076293945,39.599998474121094,39.75,296700,0.0,0.0
2018-05-08 00:00:00-04:00,39.599998474121094,39.849998474121094,38.20000076293945,39.650001525878906,401600,0.0,0.0
2018-05-09 00:00:00-04:00,41.900001525878906,46.45000076293945,39.650001525878906,45.0,1097000,0.0,0.0
2018-05-10 00:00:00-04:00,45.95000076293945,47.45000076293945,44.553001403808594,47.099998474121094,447300,0.0,0.0
2018-05-11 00:00:00-04:00,47.20000076293945,49.650001525878906,47.099998474121094,49.29999923706055,598600,0.0,0.0
2018-05-14 00:00:00-04:00,49.29999923706055,50.25,48.04999923706055,49.45000076293945,643500,0.0,0.0
2018-05-15 00:00:00-04:00,49.45000076293945,51.150001525878906,48.45000076293945,50.95000076293945,469600,0.0,0.0
2018-05-16 00:00:00-04:00,51.150001525878906,51.20000076293945,48.599998474121094,48.95000076293945,526500,0.0,0.0
2018-05-17 00:00:00-04:00,48.70000076293945,49.20000076293945,47.79999923706055,48.04999923706055,420800,0.0,0.0
2018-05-18 00:00:00-04:00,48.599998474121094,49.25,47.95000076293945,48.70000076293945,264700,0.0,0.0
2018-05-21 00:00:00-04:00,49.099998474121094,49.150001525878906,46.04999923706055,46.400001525878906,561900,0.0,0.0
2018-05-22 00:00:00-04:00,46.25,48.29999923706055,45.54999923706055,46.900001525878906,577200,0.0,0.0
2018-05-23 00:00:00-04:00,46.20000076293945,47.29999923706055,45.650001525878906,46.75,401600,0.0,0.0
2018-05-24 00:00:00-04:00,46.349998474121094,47.75,46.349998474121094,47.20000076293945,268400,0.0,0.0
2018-05-25 00:00:00-04:00,47.29999923706055,50.04999923706055,47.29999923706055,49.45000076293945,377000,0.0,0.0
2018-05-29 00:00:00-04:00,49.150001525878906,50.599998474121094,48.75,50.5,384500,0.0,0.0
2018-05-30 00:00:00-04:00,50.45000076293945,54.45000076293945,50.125,54.04999923706055,829400,0.0,0.0
2018-05-31 00:00:00-04:00,53.70000076293945,54.849998474121094,52.70000076293945,54.20000076293945,454000,0.0,0.0
2018-06-01 00:00:00-04:00,54.95000076293945,55.0,52.75,53.70000076293945,510500,0.0,0.0
2018-06-04 00:00:00-04:00,54.04999923706055,54.04999923706055,49.099998474121094,50.04999923706055,721600,0.0,0.0
2018-06-05 00:00:00-04:00,53.70000076293945,57.29999923706055,53.54999923706055,54.54999923706055,2406300,0.0,0.0
2018-06-06 00:00:00-04:00,54.400001525878906,57.45000076293945,53.900001525878906,57.400001525878906,5722100,0.0,0.0
2018-06-07 00:00:00-04:00,57.650001525878906,57.974998474121094,55.92300033569336,56.75,705700,0.0,0.0
2018-06-08 00:00:00-04:00,56.54999923706055,59.150001525878906,56.0,58.75,487600,0.0,0.0
2018-06-11 00:00:00-04:00,58.75,58.875,56.5,57.099998474121094,316000,0.0,0.0
2018-06-12 00:00:00-04:00,57.54999923706055,57.54999923706055,56.25,57.0,382200,0.0,0.0
2018-06-13 00:00:00-04:00,58.900001525878906,59.2400016784668,55.900001525878906,57.0,571200,0.0,0.0
2018-06-14 00:00:00-04:00,56.849998474121094,57.349998474121094,55.67499923706055,56.0,572200,0.0,0.0
2018-06-15 00:00:00-04:00,55.849998474121094,57.650001525878906,55.45000076293945,57.0,825900,0.0,0.0
2018-06-18 00:00:00-04:00,56.45000076293945,57.45000076293945,54.849998474121094,57.0,498100,0.0,0.0
2018-06-19 00:00:00-04:00,56.29999923706055,60.599998474121094,56.29999923706055,60.54999923706055,1272500,0.0,0.0
2018-06-20 00:00:00-04:00,61.70000076293945,68.19999694824219,60.75,66.80000305175781,1077400,0.0,0.0
2018-06-21 00:00:00-04:00,67.05000305175781,68.5999984741211,65.80000305175781,67.55000305175781,587700,0.0,0.0
2018-06-22 00:00:00-04:00,67.5999984741211,71.25,64.5999984741211,71.19999694824219,1640100,0.0,0.0
2018-06-25 00:00:00-04:00,70.1500015258789,71.6500015258789,67.30000305175781,71.19999694824219,904700,0.0,0.0
2018-06-26 00:00:00-04:00,70.80000305175781,74.4000015258789,70.80000305175781,74.3499984741211,938200,0.0,0.0
2018-06-27 00:00:00-04:00,74.4000015258789,75.1500015258789,72.25,73.75,790800,0.0,0.0
2018-06-28 00:00:00-04:00,74.0,74.0,67.4000015258789,71.80000305175781,765800,0.0,0.0
2018-06-29 00:00:00-04:00,72.6500015258789,72.69999694824219,70.1050033569336,71.75,431500,0.0,0.0
2018-07-02 00:00:00-04:00,71.80000305175781,74.3499984741211,70.75,74.1500015258789,518800,0.0,0.0
2018-07-03 00:00:00-04:00,74.25,77.80000305175781,73.45500183105469,77.19999694824219,393400,0.0,0.0
2018-07-05 00:00:00-04:00,77.44999694824219,78.125,75.44999694824219,76.80000305175781,394400,0.0,0.0
2018-07-06 00:00:00-04:00,77.0,79.75,76.75,79.30000305175781,406900,0.0,0.0
2018-07-09 00:00:00-04:00,80.05000305175781,83.7490005493164,80.0,81.55000305175781,488400,0.0,0.0
2018-07-10 00:00:00-04:00,82.19999694824219,85.0999984741211,81.6500015258789,82.1500015258789,583200,0.0,0.0
2018-07-11 00:00:00-04:00,81.30000305175781,83.5,80.5999984741211,81.19999694824219,405000,0.0,0.0
2018-07-12 00:00:00-04:00,81.25,82.25,74.5,74.75,1064000,0.0,0.0
2018-07-13 00:00:00-04:00,75.5,79.51200103759766,75.4000015258789,77.3499984741211,658100,0.0,0.0
2018-07-16 00:00:00-04:00,78.19999694824219,79.0,73.30000305175781,75.0999984741211,539000,0.0,0.0
2018-07-17 00:00:00-04:00,75.0999984741211,79.94999694824219,75.0999984741211,78.80000305175781,485800,0.0,0.0
2018-07-18 00:00:00-04:00,78.55000305175781,79.5999984741211,76.89199829101562,78.75,302600,0.0,0.0
2018-07-19 00:00:00-04:00,78.3499984741211,80.30000305175781,77.55000305175781,79.3499984741211,491500,0.0,0.0
2018-07-20 00:00:00-04:00,79.4000015258789,79.9000015258789,76.25,76.5999984741211,472200,0.0,0.0
2018-07-23 00:00:00-04:00,73.25,75.5999984741211,72.30000305175781,73.80000305175781,650200,0.0,0.0
2018-07-24 00:00:00-04:00,74.5999984741211,76.80000305175781,66.29199981689453,69.55000305175781,781000,0.0,0.0
2018-07-25 00:00:00-04:00,69.94999694824219,72.55000305175781,68.05000305175781,70.94999694824219,252700,0.0,0.0
2018-07-26 00:00:00-04:00,70.44999694824219,71.69999694824219,67.3499984741211,68.9000015258789,369600,0.0,0.0
2018-07-27 00:00:00-04:00,69.0999984741211,69.5999984741211,64.55000305175781,66.94999694824219,589700,0.0,0.0
2018-07-30 00:00:00-04:00,66.5999984741211,67.25,64.55000305175781,66.5999984741211,347900,0.0,0.0
2018-07-31 00:00:00-04:00,66.9000015258789,72.30000305175781,66.9000015258789,70.30000305175781,463500,0.0,0.0
2018-08-01 00:00:00-04:00,69.94999694824219,71.73899841308594,67.19999694824219,69.8499984741211,318900,0.0,0.0
2018-08-02 00:00:00-04:00,69.25,71.19999694824219,68.9749984741211,71.05000305175781,320200,0.0,0.0
2018-08-03 00:00:00-04:00,71.05000305175781,71.5,68.3499984741211,69.25,202700,0.0,0.0
2018-08-06 00:00:00-04:00,69.44999694824219,71.30000305175781,68.8499984741211,70.30000305175781,238400,0.0,0.0
2018-08-07 00:00:00-04:00,70.30000305175781,71.44999694824219,68.9000015258789,70.80000305175781,354300,0.0,0.0
2018-08-08 00:00:00-04:00,63.04999923706055,72.0,61.0,70.55000305175781,1392300,0.0,0.0
2018-08-09 00:00:00-04:00,68.19999694824219,72.54399871826172,65.30000305175781,66.69999694824219,613800,0.0,0.0
2018-08-10 00:00:00-04:00,66.5,67.8499984741211,64.5,67.4000015258789,2050400,0.0,0.0
2018-08-13 00:00:00-04:00,69.05000305175781,70.94999694824219,65.69999694824219,66.1500015258789,770400,0.0,0.0
2018-08-14 00:00:00-04:00,66.1500015258789,68.0,64.5999984741211,65.69999694824219,751900,0.0,0.0
2018-08-15 00:00:00-04:00,65.55000305175781,67.69999694824219,64.0999984741211,65.25,559800,0.0,0.0
2018-08-16 00:00:00-04:00,65.44999694824219,65.44999694824219,63.75,65.0,492000,0.0,0.0
2018-08-17 00:00:00-04:00,65.19999694824219,67.0999984741211,64.25,65.94999694824219,689600,0.0,0.0
2018-08-20 00:00:00-04:00,66.4000015258789,67.35199737548828,65.0999984741211,65.94999694824219,433800,0.0,0.0
2018-08-21 00:00:00-04:00,65.94999694824219,68.30000305175781,65.80000305175781,67.19999694824219,471200,0.0,0.0
2018-08-22 00:00:00-04:00,67.05000305175781,67.8499984741211,65.55000305175781,67.25,463100,0.0,0.0
2018-08-23 00:00:00-04:00,67.5999984741211,67.6500015258789,65.5999984741211,66.5,254100,0.0,0.0
2018-08-24 00:00:00-04:00,66.55000305175781,68.0,65.4000015258789,66.1500015258789,324600,0.0,0.0
2018-08-27 00:00:00-04:00,66.44999694824219,67.5,65.5999984741211,66.5999984741211,351500,0.0,0.0
2018-08-28 00:00:00-04:00,66.44999694824219,68.19999694824219,66.0,67.19999694824219,370600,0.0,0.0
2018-08-29 00:00:00-04:00,67.19999694824219,67.30000305175781,65.4000015258789,66.80000305175781,440800,0.0,0.0
2018-08-30 00:00:00-04:00,66.9000015258789,74.9000015258789,66.55000305175781,73.5999984741211,823900,0.0,0.0
2018-08-31 00:00:00-04:00,73.5,74.05000305175781,70.1500015258789,70.44999694824219,485800,0.0,0.0
2018-09-04 00:00:00-04:00,70.5,76.05000305175781,69.05000305175781,75.30000305175781,428300,0.0,0.0
2018-09-05 00:00:00-04:00,75.19999694824219,77.49500274658203,72.94999694824219,75.94999694824219,530100,0.0,0.0
2018-09-06 00:00:00-04:00,76.75,77.0999984741211,72.44999694824219,73.9000015258789,491300,0.0,0.0
2018-09-07 00:00:00-04:00,73.4000015258789,76.20500183105469,72.94999694824219,73.94999694824219,309300,0.0,0.0
2018-09-10 00:00:00-04:00,73.94999694824219,75.5,71.6500015258789,72.4000015258789,391400,0.0,0.0
2018-09-11 00:00:00-04:00,72.3499984741211,75.3499984741211,72.3499984741211,74.30000305175781,346400,0.0,0.0
2018-09-12 00:00:00-04:00,74.1500015258789,75.30000305175781,71.30000305175781,72.75,408300,0.0,0.0
2018-09-13 00:00:00-04:00,72.5,74.64900207519531,72.19999694824219,73.5999984741211,373000,0.0,0.0
2018-09-14 00:00:00-04:00,73.3499984741211,83.44999694824219,73.3499984741211,81.19999694824219,1144100,0.0,0.0
2018-09-17 00:00:00-04:00,80.80000305175781,81.4000015258789,70.0,70.3499984741211,1065700,0.0,0.0
2018-09-18 00:00:00-04:00,69.94999694824219,74.2249984741211,69.0999984741211,72.1500015258789,585800,0.0,0.0
2018-09-19 00:00:00-04:00,72.1500015258789,72.55000305175781,68.7509994506836,69.6500015258789,523000,0.0,0.0
2018-09-20 00:00:00-04:00,69.69999694824219,72.05000305175781,69.0999984741211,71.55000305175781,596200,0.0,0.0
2018-09-21 00:00:00-04:00,71.5,71.75,68.80000305175781,69.3499984741211,1339600,0.0,0.0
2018-09-24 00:00:00-04:00,69.44999694824219,71.8499984741211,68.5009994506836,71.75,492700,0.0,0.0
2018-09-25 00:00:00-04:00,71.69999694824219,74.1500015258789,70.80000305175781,73.4000015258789,568400,0.0,0.0
2018-09-26 00:00:00-04:00,72.9000015258789,75.94999694824219,72.69999694824219,74.69999694824219,485100,0.0,0.0
2018-09-27 00:00:00-04:00,74.3499984741211,77.0,74.3499984741211,75.5999984741211,410800,0.0,0.0
2018-09-28 00:00:00-04:00,75.44999694824219,78.1500015258789,74.80000305175781,75.5,499600,0.0,0.0
2018-10-01 00:00:00-04:00,76.01000213623047,77.4800033569336,74.63500213623047,75.1500015258789,400600,0.0,0.0
2018-10-02 00:00:00-04:00,75.56999969482422,75.91999816894531,67.94999694824219,69.4000015258789,527000,0.0,0.0
2018-10-03 00:00:00-04:00,69.55999755859375,70.33999633789062,67.0,68.48999786376953,616700,0.0,0.0
2018-10-04 00:00:00-04:00,67.4000015258789,68.5,64.80000305175781,66.88999938964844,454000,0.0,0.0
2018-10-05 00:00:00-04:00,67.05000305175781,68.87999725341797,62.0,64.9000015258789,565700,0.0,0.0
2018-10-08 00:00:00-04:00,64.80999755859375,66.27999877929688,62.27000045776367,63.54999923706055,446700,0.0,0.0
2018-10-09 00:00:00-04:00,63.15999984741211,66.13500213623047,63.15999984741211,63.95000076293945,377300,0.0,0.0
2018-10-10 00:00:00-04:00,63.470001220703125,65.37999725341797,59.959999084472656,60.2599983215332,534000,0.0,0.0
2018-10-11 00:00:00-04:00,59.720001220703125,62.5,59.06999969482422,59.290000915527344,709000,0.0,0.0
2018-10-12 00:00:00-04:00,61.0,61.595001220703125,58.709999084472656,60.689998626708984,622800,0.0,0.0
2018-10-15 00:00:00-04:00,60.63999938964844,61.435001373291016,57.81999969482422,59.16999816894531,351500,0.0,0.0
2018-10-16 00:00:00-04:00,59.400001525878906,62.540000915527344,58.54999923706055,62.189998626708984,511600,0.0,0.0
2018-10-17 00:00:00-04:00,61.45000076293945,62.02000045776367,60.08000183105469,61.81999969482422,194600,0.0,0.0
2018-10-18 00:00:00-04:00,61.79999923706055,62.70000076293945,60.5099983215332,62.400001525878906,312000,0.0,0.0
2018-10-19 00:00:00-04:00,62.41999816894531,63.84000015258789,57.97100067138672,58.369998931884766,313500,0.0,0.0
2018-10-22 00:00:00-04:00,58.75,59.209999084472656,55.75,58.65999984741211,489300,0.0,0.0
2018-10-23 00:00:00-04:00,57.54999923706055,60.3129997253418,55.65999984741211,59.040000915527344,341800,0.0,0.0
2018-10-24 00:00:00-04:00,59.29999923706055,60.790000915527344,53.02000045776367,53.04999923706055,427900,0.0,0.0
2018-10-25 00:00:00-04:00,53.58000183105469,60.939998626708984,53.58000183105469,59.61000061035156,691500,0.0,0.0
2018-10-26 00:00:00-04:00,58.099998474121094,61.63999938964844,57.233001708984375,60.91999816894531,393500,0.0,0.0
2018-10-29 00:00:00-04:00,62.310001373291016,64.6500015258789,59.08000183105469,60.33000183105469,487400,0.0,0.0
2018-10-30 00:00:00-04:00,59.95000076293945,63.47999954223633,58.86000061035156,61.959999084472656,321800,0.0,0.0
2018-10-31 00:00:00-04:00,63.189998626708984,67.2699966430664,62.79999923706055,66.66999816894531,500400,0.0,0.0
2018-11-01 00:00:00-04:00,67.19999694824219,70.26000213623047,65.8499984741211,69.91999816894531,495400,0.0,0.0
2018-11-02 00:00:00-04:00,69.88999938964844,70.91999816894531,68.62000274658203,70.5999984741211,495600,0.0,0.0
2018-11-05 00:00:00-05:00,68.4000015258789,70.4800033569336,65.63500213623047,69.94000244140625,412800,0.0,0.0
2018-11-06 00:00:00-05:00,69.26000213623047,70.12000274658203,67.8499984741211,69.68000030517578,236900,0.0,0.0
2018-11-07 00:00:00-05:00,69.80000305175781,73.80999755859375,69.80000305175781,73.80000305175781,444700,0.0,0.0
2018-11-08 00:00:00-05:00,72.69999694824219,72.69999694824219,65.05000305175781,68.97000122070312,679700,0.0,0.0
2018-11-09 00:00:00-05:00,67.44999694824219,68.48999786376953,66.11000061035156,66.37000274658203,332600,0.0,0.0
2018-11-12 00:00:00-05:00,66.8499984741211,66.8499984741211,62.22999954223633,62.720001220703125,507700,0.0,0.0
2018-11-13 00:00:00-05:00,61.54999923706055,65.22200012207031,61.0099983215332,62.70000076293945,402300,0.0,0.0
2018-11-14 00:00:00-05:00,63.86000061035156,64.58999633789062,58.6349983215332,59.0099983215332,555800,0.0,0.0
2018-11-15 00:00:00-05:00,58.75,64.2249984741211,57.25,62.380001068115234,591400,0.0,0.0
2018-11-16 00:00:00-05:00,61.959999084472656,65.33999633789062,61.10900115966797,64.69999694824219,519900,0.0,0.0
2018-11-19 00:00:00-05:00,64.19999694824219,64.22000122070312,56.630001068115234,59.91999816894531,450800,0.0,0.0
2018-11-20 00:00:00-05:00,58.2400016784668,61.459999084472656,56.983001708984375,60.849998474121094,257300,0.0,0.0
2018-11-21 00:00:00-05:00,61.43000030517578,62.5,59.349998474121094,61.939998626708984,300900,0.0,0.0
2018-11-23 00:00:00-05:00,60.86000061035156,64.88999938964844,59.34000015258789,63.099998474121094,140800,0.0,0.0
2018-11-26 00:00:00-05:00,63.66999816894531,65.0,63.2599983215332,64.98999786376953,268400,0.0,0.0
2018-11-27 00:00:00-05:00,64.58999633789062,65.45999908447266,63.209999084472656,64.5199966430664,279200,0.0,0.0
2018-11-28 00:00:00-05:00,62.06999969482422,63.779998779296875,58.75,63.7599983215332,572000,0.0,0.0
2018-11-29 00:00:00-05:00,63.220001220703125,65.61599731445312,62.06999969482422,62.43000030517578,444600,0.0,0.0
2018-11-30 00:00:00-05:00,62.0,62.9900016784668,59.43000030517578,59.90999984741211,548000,0.0,0.0
2018-12-03 00:00:00-05:00,60.099998474121094,62.415000915527344,58.91999816894531,60.349998474121094,485400,0.0,0.0
2018-12-04 00:00:00-05:00,60.290000915527344,61.16999816894531,54.459999084472656,54.560001373291016,673100,0.0,0.0
2018-12-06 00:00:00-05:00,54.150001525878906,57.064998626708984,53.89500045776367,56.16999816894531,613300,0.0,0.0
2018-12-07 00:00:00-05:00,55.959999084472656,55.959999084472656,52.0,52.439998626708984,554600,0.0,0.0
2018-12-10 00:00:00-05:00,51.70000076293945,54.13999938964844,50.349998474121094,53.22999954223633,370700,0.0,0.0
2018-12-11 00:00:00-05:00,54.099998474121094,55.709999084472656,53.15999984741211,53.43000030517578,343300,0.0,0.0
2018-12-12 00:00:00-05:00,54.36000061035156,55.19900131225586,48.810001373291016,50.0099983215332,916300,0.0,0.0
2018-12-13 00:00:00-05:00,50.06999969482422,51.25,45.79999923706055,46.029998779296875,612700,0.0,0.0
2018-12-14 00:00:00-05:00,45.709999084472656,47.150001525878906,45.20000076293945,45.720001220703125,402900,0.0,0.0
2018-12-17 00:00:00-05:00,45.810001373291016,48.25,45.11000061035156,45.810001373291016,690800,0.0,0.0
2018-12-18 00:00:00-05:00,47.5099983215332,49.56999969482422,46.0099983215332,46.47999954223633,774800,0.0,0.0
2018-12-19 00:00:00-05:00,46.31999969482422,49.04999923706055,45.125,45.52000045776367,916400,0.0,0.0
2018-12-20 00:00:00-05:00,45.41999816894531,45.7400016784668,40.099998474121094,40.689998626708984,855000,0.0,0.0
2018-12-21 00:00:00-05:00,41.380001068115234,41.53499984741211,38.560001373291016,39.369998931884766,1762900,0.0,0.0
2018-12-24 00:00:00-05:00,38.900001525878906,40.59000015258789,38.900001525878906,39.11000061035156,296500,0.0,0.0
2018-12-26 00:00:00-05:00,39.4900016784668,42.93000030517578,38.96500015258789,42.88999938964844,484100,0.0,0.0
2018-12-27 00:00:00-05:00,41.900001525878906,43.209999084472656,38.790000915527344,41.41999816894531,422800,0.0,0.0
2018-12-28 00:00:00-05:00,41.7400016784668,42.79999923706055,39.63999938964844,41.650001525878906,297300,0.0,0.0
2018-12-31 00:00:00-05:00,42.11000061035156,43.0,40.38999938964844,41.95000076293945,441900,0.0,0.0
2019-01-02 00:00:00-05:00,40.79999923706055,43.46500015258789,40.2400016784668,43.33000183105469,497300,0.0,0.0
2019-01-03 00:00:00-05:00,43.209999084472656,43.34000015258789,40.380001068115234,40.81999969482422,445800,0.0,0.0
2019-01-04 00:00:00-05:00,41.900001525878906,45.709999084472656,41.40999984741211,45.290000915527344,531800,0.0,0.0
2019-01-07 00:00:00-05:00,46.27000045776367,47.58000183105469,44.83000183105469,45.5099983215332,666500,0.0,0.0
2019-01-08 00:00:00-05:00,46.209999084472656,47.0,42.689998626708984,45.189998626708984,515700,0.0,0.0
2019-01-09 00:00:00-05:00,45.439998626708984,47.08000183105469,45.33000183105469,46.70000076293945,586900,0.0,0.0
2019-01-10 00:00:00-05:00,46.47999954223633,46.689998626708984,44.84000015258789,46.04999923706055,567700,0.0,0.0
2019-01-11 00:00:00-05:00,45.81999969482422,47.29899978637695,44.70000076293945,44.779998779296875,302900,0.0,0.0
2019-01-14 00:00:00-05:00,44.439998626708984,45.720001220703125,43.790000915527344,43.900001525878906,442000,0.0,0.0
2019-01-15 00:00:00-05:00,44.099998474121094,45.189998626708984,43.119998931884766,43.88999938964844,380600,0.0,0.0
2019-01-16 00:00:00-05:00,43.880001068115234,46.52000045776367,43.84000015258789,44.27000045776367,319000,0.0,0.0
2019-01-17 00:00:00-05:00,43.88999938964844,45.849998474121094,43.88999938964844,45.290000915527344,342200,0.0,0.0
2019-01-18 00:00:00-05:00,45.84000015258789,47.560001373291016,45.494998931884766,47.119998931884766,539900,0.0,0.0
2019-01-22 00:00:00-05:00,46.81999969482422,46.81999969482422,43.599998474121094,43.810001373291016,589200,0.0,0.0
2019-01-23 00:00:00-05:00,44.15999984741211,45.849998474121094,42.277000427246094,42.97999954223633,344800,0.0,0.0
2019-01-24 00:00:00-05:00,42.72999954223633,43.95000076293945,42.220001220703125,42.939998626708984,255000,0.0,0.0
2019-01-25 00:00:00-05:00,43.220001220703125,43.95000076293945,42.599998474121094,43.09000015258789,713100,0.0,0.0
2019-01-28 00:00:00-05:00,42.72999954223633,42.72999954223633,40.2400016784668,41.79999923706055,390100,0.0,0.0
2019-01-29 00:00:00-05:00,42.02000045776367,42.38999938964844,40.619998931884766,41.810001373291016,383800,0.0,0.0
2019-01-30 00:00:00-05:00,42.130001068115234,43.04999923706055,41.70000076293945,42.939998626708984,363500,0.0,0.0
2019-01-31 00:00:00-05:00,42.9900016784668,45.560001373291016,42.81999969482422,43.959999084472656,371000,0.0,0.0
2019-02-01 00:00:00-05:00,43.959999084472656,44.9900016784668,43.0099983215332,44.529998779296875,311500,0.0,0.0
2019-02-04 00:00:00-05:00,44.779998779296875,46.209999084472656,44.270999908447266,45.400001525878906,276000,0.0,0.0
2019-02-05 00:00:00-05:00,49.0,50.529998779296875,46.029998779296875,47.119998931884766,1031800,0.0,0.0
2019-02-06 00:00:00-05:00,47.029998779296875,47.36000061035156,44.58000183105469,45.36000061035156,440700,0.0,0.0
2019-02-07 00:00:00-05:00,45.029998779296875,46.52000045776367,43.290000915527344,43.31999969482422,455500,0.0,0.0
2019-02-08 00:00:00-05:00,43.02000045776367,45.42499923706055,42.150001525878906,44.869998931884766,359900,0.0,0.0
2019-02-11 00:00:00-05:00,45.189998626708984,47.19499969482422,44.119998931884766,46.68000030517578,325000,0.0,0.0
2019-02-12 00:00:00-05:00,47.029998779296875,47.369998931884766,45.58000183105469,47.099998474121094,420300,0.0,0.0
2019-02-13 00:00:00-05:00,47.5,48.06999969482422,45.34000015258789,45.369998931884766,218700,0.0,0.0
2019-02-14 00:00:00-05:00,45.099998474121094,46.880001068115234,44.70000076293945,46.470001220703125,422900,0.0,0.0
2019-02-15 00:00:00-05:00,46.720001220703125,48.27000045776367,45.380001068115234,48.130001068115234,395900,0.0,0.0
2019-02-19 00:00:00-05:00,48.099998474121094,48.7599983215332,46.56999969482422,46.79999923706055,475600,0.0,0.0
2019-02-20 00:00:00-05:00,47.18000030517578,47.5,45.650001525878906,46.22999954223633,424500,0.0,0.0
2019-02-21 00:00:00-05:00,46.2599983215332,46.52000045776367,44.459999084472656,45.68000030517578,346800,0.0,0.0
2019-02-22 00:00:00-05:00,45.68000030517578,46.68000030517578,45.310001373291016,46.5,371000,0.0,0.0
2019-02-25 00:00:00-05:00,54.04999923706055,55.970001220703125,51.0099983215332,54.02000045776367,1688100,0.0,0.0
2019-02-26 00:00:00-05:00,54.22999954223633,54.84000015258789,52.47999954223633,52.900001525878906,699800,0.0,0.0
2019-02-27 00:00:00-05:00,52.630001068115234,53.59000015258789,52.060001373291016,53.2400016784668,478100,0.0,0.0
2019-02-28 00:00:00-05:00,55.529998779296875,56.26100158691406,49.459999084472656,51.72999954223633,948000,0.0,0.0
2019-03-01 00:00:00-05:00,52.2599983215332,54.34000015258789,51.369998931884766,53.86000061035156,445700,0.0,0.0
2019-03-04 00:00:00-05:00,56.97999954223633,58.220001220703125,54.63999938964844,56.619998931884766,1259200,0.0,0.0
2019-03-05 00:00:00-05:00,56.97999954223633,60.310001373291016,56.47999954223633,56.63999938964844,1204600,0.0,0.0
2019-03-06 00:00:00-05:00,56.75,57.0,53.0,53.4900016784668,871600,0.0,0.0
2019-03-07 00:00:00-05:00,53.619998931884766,56.290000915527344,52.76300048828125,55.2599983215332,709300,0.0,0.0
2019-03-08 00:00:00-05:00,54.650001525878906,54.650001525878906,52.97999954223633,53.90999984741211,498900,0.0,0.0
2019-03-11 00:00:00-04:00,54.09000015258789,56.63999938964844,53.79999923706055,56.5099983215332,588200,0.0,0.0
2019-03-12 00:00:00-04:00,56.75,58.20000076293945,56.290000915527344,57.4900016784668,407900,0.0,0.0
2019-03-13 00:00:00-04:00,58.0099983215332,58.45000076293945,57.41999816894531,57.790000915527344,383600,0.0,0.0
2019-03-14 00:00:00-04:00,57.790000915527344,58.279998779296875,54.349998474121094,54.4900016784668,573500,0.0,0.0
2019-03-15 00:00:00-04:00,54.650001525878906,58.06999969482422,54.650001525878906,57.52000045776367,1173700,0.0,0.0
2019-03-18 00:00:00-04:00,57.52000045776367,60.2599983215332,57.52000045776367,58.36000061035156,1020200,0.0,0.0
2019-03-19 00:00:00-04:00,58.7599983215332,59.4900016784668,57.46200180053711,58.58000183105469,325400,0.0,0.0
2019-03-20 00:00:00-04:00,58.779998779296875,63.209999084472656,58.779998779296875,60.59000015258789,843300,0.0,0.0
2019-03-21 00:00:00-04:00,60.5099983215332,62.880001068115234,60.119998931884766,62.45000076293945,478900,0.0,0.0
2019-03-22 00:00:00-04:00,61.81999969482422,63.189998626708984,57.7400016784668,57.790000915527344,596800,0.0,0.0
2019-03-25 00:00:00-04:00,57.790000915527344,59.189998626708984,56.5,57.88999938964844,395600,0.0,0.0
2019-03-26 00:00:00-04:00,58.560001373291016,58.70000076293945,56.77000045776367,57.5,250700,0.0,0.0
2019-03-27 00:00:00-04:00,57.75,57.90999984741211,54.20000076293945,55.22999954223633,354200,0.0,0.0
2019-03-28 00:00:00-04:00,55.459999084472656,56.75,54.630001068115234,55.560001373291016,315900,0.0,0.0
2019-03-29 00:00:00-04:00,55.83000183105469,57.81999969482422,55.83000183105469,57.310001373291016,746700,0.0,0.0
2019-04-01 00:00:00-04:00,58.36000061035156,59.540000915527344,57.2239990234375,58.27000045776367,525200,0.0,0.0
2019-04-02 00:00:00-04:00,58.27000045776367,59.97999954223633,57.099998474121094,59.029998779296875,462800,0.0,0.0
2019-04-03 00:00:00-04:00,59.70000076293945,59.95000076293945,57.61000061035156,58.4900016784668,364200,0.0,0.0
2019-04-04 00:00:00-04:00,58.43000030517578,59.220001220703125,57.220001220703125,57.63999938964844,360800,0.0,0.0
2019-04-05 00:00:00-04:00,57.880001068115234,59.33000183105469,57.880001068115234,59.290000915527344,387600,0.0,0.0
2019-04-08 00:00:00-04:00,59.380001068115234,59.61000061035156,57.40999984741211,57.540000915527344,407400,0.0,0.0
2019-04-09 00:00:00-04:00,57.5,57.779998779296875,54.7400016784668,54.959999084472656,562900,0.0,0.0
2019-04-10 00:00:00-04:00,55.25,56.2599983215332,55.05099868774414,55.900001525878906,468600,0.0,0.0
2019-04-11 00:00:00-04:00,55.970001220703125,56.5,52.900001525878906,53.04999923706055,416400,0.0,0.0
2019-04-12 00:00:00-04:00,53.869998931884766,54.060001373291016,52.40999984741211,53.060001373291016,464200,0.0,0.0
2019-04-15 00:00:00-04:00,53.16999816894531,53.685001373291016,51.52000045776367,52.9900016784668,498400,0.0,0.0
2019-04-16 00:00:00-04:00,53.5,55.06999969482422,52.845001220703125,53.66999816894531,452300,0.0,0.0
2019-04-17 00:00:00-04:00,53.880001068115234,55.5,51.25,54.720001220703125,823100,0.0,0.0
2019-04-18 00:00:00-04:00,55.0,55.709999084472656,52.040000915527344,54.650001525878906,760500,0.0,0.0
2019-04-22 00:00:00-04:00,53.81999969482422,53.81999969482422,48.709999084472656,50.38999938964844,1288400,0.0,0.0
2019-04-23 00:00:00-04:00,50.060001373291016,53.13999938964844,50.0,52.599998474121094,513100,0.0,0.0
2019-04-24 00:00:00-04:00,53.349998474121094,55.0,52.27000045776367,52.58000183105469,511800,0.0,0.0
2019-04-25 00:00:00-04:00,52.279998779296875,54.233001708984375,52.099998474121094,52.75,347200,0.0,0.0
2019-04-26 00:00:00-04:00,52.709999084472656,53.2400016784668,51.68000030517578,52.63999938964844,393500,0.0,0.0
2019-04-29 00:00:00-04:00,52.529998779296875,53.5,51.400001525878906,51.4900016784668,393000,0.0,0.0
2019-04-30 00:00:00-04:00,51.33000183105469,52.33000183105469,50.099998474121094,50.400001525878906,391700,0.0,0.0
2019-05-01 00:00:00-04:00,50.58000183105469,51.14699935913086,48.529998779296875,48.599998474121094,570100,0.0,0.0
2019-05-02 00:00:00-04:00,48.720001220703125,50.4900016784668,48.61000061035156,49.86000061035156,354200,0.0,0.0
2019-05-03 00:00:00-04:00,50.27000045776367,51.59000015258789,49.77000045776367,51.56999969482422,438500,0.0,0.0
2019-05-06 00:00:00-04:00,49.93000030517578,52.630001068115234,49.584999084472656,52.31999969482422,384400,0.0,0.0
2019-05-07 00:00:00-04:00,51.9900016784668,52.22999954223633,49.0099983215332,49.880001068115234,565400,0.0,0.0
2019-05-08 00:00:00-04:00,48.900001525878906,49.29999923706055,45.53499984741211,45.630001068115234,958800,0.0,0.0
2019-05-09 00:00:00-04:00,44.83000183105469,46.459999084472656,44.5099983215332,46.06999969482422,544200,0.0,0.0
2019-05-10 00:00:00-04:00,45.45000076293945,46.189998626708984,43.75,45.79999923706055,680500,0.0,0.0
2019-05-13 00:00:00-04:00,45.0,45.229000091552734,43.04999923706055,43.86000061035156,677200,0.0,0.0
2019-05-14 00:00:00-04:00,44.189998626708984,45.70000076293945,43.63999938964844,44.79999923706055,446800,0.0,0.0
2019-05-15 00:00:00-04:00,44.709999084472656,46.130001068115234,44.04999923706055,45.689998626708984,391700,0.0,0.0
2019-05-16 00:00:00-04:00,45.75,47.060001373291016,45.4900016784668,46.13999938964844,320700,0.0,0.0
2019-05-17 00:00:00-04:00,45.70000076293945,45.90999984741211,44.63999938964844,44.720001220703125,373800,0.0,0.0
2019-05-20 00:00:00-04:00,44.720001220703125,44.720001220703125,41.849998474121094,42.0,629300,0.0,0.0
2019-05-21 00:00:00-04:00,42.61000061035156,43.119998931884766,40.290000915527344,43.0,741000,0.0,0.0
2019-05-22 00:00:00-04:00,42.7599983215332,43.75600051879883,41.709999084472656,42.619998931884766,406400,0.0,0.0
2019-05-23 00:00:00-04:00,42.0,43.400001525878906,41.65999984741211,42.47999954223633,562500,0.0,0.0
2019-05-24 00:00:00-04:00,42.79999923706055,46.59000015258789,42.25,45.63999938964844,1874100,0.0,0.0
2019-05-28 00:00:00-04:00,47.630001068115234,51.16999816894531,47.630001068115234,48.86000061035156,1663500,0.0,0.0
2019-05-29 00:00:00-04:00,48.2599983215332,48.880001068115234,45.7400016784668,46.650001525878906,729300,0.0,0.0
2019-05-30 00:00:00-04:00,47.0099983215332,47.77000045776367,43.143001556396484,43.720001220703125,765300,0.0,0.0
2019-05-31 00:00:00-04:00,42.79999923706055,43.154998779296875,41.40999984741211,43.02000045776367,663400,0.0,0.0
2019-06-03 00:00:00-04:00,43.15999984741211,45.310001373291016,42.47100067138672,44.91999816894531,537400,0.0,0.0
2019-06-04 00:00:00-04:00,45.7599983215332,46.630001068115234,43.904998779296875,46.560001373291016,703900,0.0,0.0
2019-06-05 00:00:00-04:00,47.68000030517578,49.220001220703125,45.849998474121094,47.81999969482422,543300,0.0,0.0
2019-06-06 00:00:00-04:00,47.880001068115234,47.880001068115234,45.84000015258789,46.20000076293945,433200,0.0,0.0
2019-06-07 00:00:00-04:00,46.61000061035156,49.25,45.61000061035156,48.810001373291016,489100,0.0,0.0
2019-06-10 00:00:00-04:00,49.15999984741211,50.2400016784668,48.16999816894531,48.2400016784668,344900,0.0,0.0
2019-06-11 00:00:00-04:00,48.91999816894531,49.27000045776367,45.88999938964844,46.630001068115234,250000,0.0,0.0
2019-06-12 00:00:00-04:00,46.689998626708984,47.2400016784668,45.939998626708984,46.849998474121094,294400,0.0,0.0
2019-06-13 00:00:00-04:00,46.88999938964844,50.02000045776367,46.88999938964844,49.43000030517578,402400,0.0,0.0
2019-06-14 00:00:00-04:00,49.93000030517578,50.040000915527344,47.880001068115234,48.27000045776367,522900,0.0,0.0
2019-06-17 00:00:00-04:00,49.59000015258789,52.32500076293945,49.33700180053711,51.43000030517578,610300,0.0,0.0
2019-06-18 00:00:00-04:00,51.75,55.22999954223633,51.5099983215332,53.029998779296875,609300,0.0,0.0
2019-06-19 00:00:00-04:00,53.099998474121094,53.650001525878906,51.7400016784668,51.95000076293945,433500,0.0,0.0
2019-06-20 00:00:00-04:00,53.04999923706055,53.77000045776367,52.165000915527344,52.66999816894531,402900,0.0,0.0
2019-06-21 00:00:00-04:00,52.25,54.09000015258789,50.939998626708984,53.189998626708984,1169900,0.0,0.0
2019-06-24 00:00:00-04:00,53.540000915527344,53.970001220703125,49.88999938964844,50.130001068115234,623800,0.0,0.0
2019-06-25 00:00:00-04:00,50.380001068115234,52.33000183105469,49.790000915527344,50.279998779296875,456400,0.0,0.0
2019-06-26 00:00:00-04:00,50.630001068115234,51.99599838256836,48.150001525878906,48.720001220703125,401500,0.0,0.0
2019-06-27 00:00:00-04:00,48.86000061035156,49.880001068115234,48.779998779296875,49.72999954223633,505100,0.0,0.0
2019-06-28 00:00:00-04:00,49.75,51.540000915527344,49.20000076293945,51.369998931884766,998200,0.0,0.0
2019-07-01 00:00:00-04:00,52.0,52.47600173950195,49.650001525878906,50.880001068115234,384000,0.0,0.0
2019-07-02 00:00:00-04:00,50.20000076293945,50.29100036621094,46.08000183105469,46.7400016784668,839000,0.0,0.0
2019-07-03 00:00:00-04:00,46.869998931884766,48.7599983215332,46.23899841308594,48.529998779296875,314300,0.0,0.0
2019-07-05 00:00:00-04:00,48.54999923706055,48.93000030517578,46.959999084472656,47.599998474121094,435300,0.0,0.0
2019-07-08 00:00:00-04:00,47.4900016784668,47.650001525878906,44.54999923706055,45.2599983215332,624500,0.0,0.0
2019-07-09 00:00:00-04:00,44.869998931884766,46.54999923706055,44.36000061035156,46.459999084472656,479800,0.0,0.0
2019-07-10 00:00:00-04:00,46.61000061035156,46.957000732421875,44.709999084472656,45.90999984741211,561400,0.0,0.0
2019-07-11 00:00:00-04:00,46.06999969482422,46.31999969482422,44.83000183105469,45.959999084472656,304200,0.0,0.0
2019-07-12 00:00:00-04:00,46.150001525878906,47.86000061035156,45.45000076293945,47.47999954223633,344500,0.0,0.0
2019-07-15 00:00:00-04:00,47.380001068115234,48.176998138427734,45.845001220703125,48.0099983215332,386100,0.0,0.0
2019-07-16 00:00:00-04:00,48.0099983215332,48.0099983215332,46.27000045776367,46.959999084472656,340200,0.0,0.0
2019-07-17 00:00:00-04:00,46.959999084472656,48.70000076293945,46.733001708984375,47.7400016784668,473800,0.0,0.0
2019-07-18 00:00:00-04:00,47.560001373291016,50.0,47.20000076293945,49.849998474121094,604100,0.0,0.0
2019-07-19 00:00:00-04:00,50.029998779296875,51.0,48.720001220703125,49.130001068115234,567300,0.0,0.0
2019-07-22 00:00:00-04:00,49.59000015258789,51.099998474121094,49.040000915527344,50.59000015258789,462200,0.0,0.0
2019-07-23 00:00:00-04:00,50.7599983215332,50.7599983215332,48.92100143432617,49.060001373291016,407700,0.0,0.0
2019-07-24 00:00:00-04:00,48.90999984741211,51.154998779296875,48.25,50.61000061035156,493900,0.0,0.0
2019-07-25 00:00:00-04:00,50.869998931884766,51.38999938964844,48.0,48.099998474121094,498300,0.0,0.0
2019-07-26 00:00:00-04:00,48.25,49.849998474121094,47.72999954223633,49.72999954223633,451300,0.0,0.0
2019-07-29 00:00:00-04:00,49.90999984741211,50.10499954223633,47.37699890136719,47.47999954223633,457200,0.0,0.0
2019-07-30 00:00:00-04:00,47.040000915527344,47.369998931884766,45.47999954223633,45.90999984741211,499200,0.0,0.0
2019-07-31 00:00:00-04:00,47.25,47.540000915527344,43.810001373291016,44.40999984741211,909700,0.0,0.0
2019-08-01 00:00:00-04:00,44.41999816894531,45.060001373291016,42.81999969482422,43.45000076293945,862500,0.0,0.0
2019-08-02 00:00:00-04:00,43.11000061035156,43.11000061035156,40.599998474121094,41.209999084472656,714100,0.0,0.0
2019-08-05 00:00:00-04:00,40.189998626708984,41.970001220703125,39.41999816894531,40.04999923706055,793100,0.0,0.0
2019-08-06 00:00:00-04:00,40.54999923706055,41.41999816894531,35.70000076293945,41.099998474121094,1509500,0.0,0.0
2019-08-07 00:00:00-04:00,40.5099983215332,41.900001525878906,40.08300018310547,40.540000915527344,560200,0.0,0.0
2019-08-08 00:00:00-04:00,41.0,44.7599983215332,40.5620002746582,41.33000183105469,708800,0.0,0.0
2019-08-09 00:00:00-04:00,40.720001220703125,41.08000183105469,38.540000915527344,39.380001068115234,510300,0.0,0.0
2019-08-12 00:00:00-04:00,38.93000030517578,39.16999816894531,37.08000183105469,37.619998931884766,530100,0.0,0.0
2019-08-13 00:00:00-04:00,37.29999923706055,38.27000045776367,36.68000030517578,37.45000076293945,375100,0.0,0.0
2019-08-14 00:00:00-04:00,36.70000076293945,37.380001068115234,35.779998779296875,36.70000076293945,520000,0.0,0.0
2019-08-15 00:00:00-04:00,36.849998474121094,36.849998474121094,35.404998779296875,35.529998779296875,401300,0.0,0.0
2019-08-16 00:00:00-04:00,35.939998626708984,37.540000915527344,35.4900016784668,37.18000030517578,477700,0.0,0.0
2019-08-19 00:00:00-04:00,37.900001525878906,38.04999923706055,36.869998931884766,37.540000915527344,499800,0.0,0.0
2019-08-20 00:00:00-04:00,38.290000915527344,38.525001525878906,36.22999954223633,36.310001373291016,421200,0.0,0.0
2019-08-21 00:00:00-04:00,36.54999923706055,37.22999954223633,36.14099884033203,36.79999923706055,377400,0.0,0.0
2019-08-22 00:00:00-04:00,36.77000045776367,36.77000045776367,35.0,35.06999969482422,471400,0.0,0.0
2019-08-23 00:00:00-04:00,35.0099983215332,36.02000045776367,33.72999954223633,33.93000030517578,422900,0.0,0.0
2019-08-26 00:00:00-04:00,34.22999954223633,34.34000015258789,33.619998931884766,33.86000061035156,501000,0.0,0.0
2019-08-27 00:00:00-04:00,34.34000015258789,34.68000030517578,32.59000015258789,32.66999816894531,561800,0.0,0.0
2019-08-28 00:00:00-04:00,32.41999816894531,33.72999954223633,32.369998931884766,33.31999969482422,386800,0.0,0.0
2019-08-29 00:00:00-04:00,33.939998626708984,35.43000030517578,33.54999923706055,35.119998931884766,563800,0.0,0.0
2019-08-30 00:00:00-04:00,35.25,35.5,33.849998474121094,34.4900016784668,309200,0.0,0.0
2019-09-03 00:00:00-04:00,34.150001525878906,35.119998931884766,33.02000045776367,33.310001373291016,495500,0.0,0.0
2019-09-04 00:00:00-04:00,33.72999954223633,34.4900016784668,31.389999389648438,32.970001220703125,526600,0.0,0.0
2019-09-05 00:00:00-04:00,33.459999084472656,33.935001373291016,32.33000183105469,32.810001373291016,731900,0.0,0.0
2019-09-06 00:00:00-04:00,32.86000061035156,33.09000015258789,31.780000686645508,31.84000015258789,394700,0.0,0.0
2019-09-09 00:00:00-04:00,32.0099983215332,32.720001220703125,30.3799991607666,32.06999969482422,571600,0.0,0.0
2019-09-10 00:00:00-04:00,32.189998626708984,35.97999954223633,31.290000915527344,35.95000076293945,827800,0.0,0.0
2019-09-11 00:00:00-04:00,35.97999954223633,37.65999984741211,35.2599983215332,37.380001068115234,631000,0.0,0.0
2019-09-12 00:00:00-04:00,37.599998474121094,43.13999938964844,37.459999084472656,39.560001373291016,1277600,0.0,0.0
2019-09-13 00:00:00-04:00,39.38999938964844,40.4900016784668,36.709999084472656,37.91999816894531,1237800,0.0,0.0
2019-09-16 00:00:00-04:00,37.97999954223633,40.63999938964844,37.68000030517578,39.93000030517578,606200,0.0,0.0
2019-09-17 00:00:00-04:00,39.560001373291016,40.349998474121094,38.560001373291016,39.16999816894531,436100,0.0,0.0
2019-09-18 00:00:00-04:00,38.95000076293945,39.83000183105469,37.4900016784668,38.61000061035156,486200,0.0,0.0
2019-09-19 00:00:00-04:00,38.7400016784668,40.27000045776367,38.189998626708984,39.41999816894531,464500,0.0,0.0
2019-09-20 00:00:00-04:00,39.4900016784668,40.27000045776367,39.040000915527344,39.900001525878906,604600,0.0,0.0
2019-09-23 00:00:00-04:00,39.650001525878906,40.17499923706055,37.0099983215332,37.06999969482422,664900,0.0,0.0
2019-09-24 00:00:00-04:00,37.18000030517578,37.34000015258789,34.36899948120117,35.18000030517578,730100,0.0,0.0
2019-09-25 00:00:00-04:00,35.09000015258789,35.939998626708984,34.35100173950195,34.86000061035156,427400,0.0,0.0
2019-09-26 00:00:00-04:00,34.7400016784668,34.849998474121094,33.18000030517578,33.310001373291016,487400,0.0,0.0
2019-09-27 00:00:00-04:00,33.45000076293945,35.220001220703125,33.040000915527344,33.349998474121094,421800,0.0,0.0
2019-09-30 00:00:00-04:00,34.81999969482422,36.332000732421875,34.26499938964844,35.599998474121094,673400,0.0,0.0
2019-10-01 00:00:00-04:00,35.630001068115234,37.61000061035156,35.029998779296875,35.36000061035156,630100,0.0,0.0
2019-10-02 00:00:00-04:00,35.029998779296875,36.38999938964844,34.060001373291016,36.34000015258789,342200,0.0,0.0
2019-10-03 00:00:00-04:00,36.119998931884766,38.3650016784668,35.91999816894531,37.959999084472656,538300,0.0,0.0
2019-10-04 00:00:00-04:00,38.04999923706055,39.29999923706055,37.35599899291992,38.4900016784668,559500,0.0,0.0
2019-10-07 00:00:00-04:00,38.70000076293945,39.63999938964844,36.77000045776367,37.40999984741211,579400,0.0,0.0
2019-10-08 00:00:00-04:00,36.959999084472656,37.54499816894531,36.0099983215332,36.900001525878906,457300,0.0,0.0
2019-10-09 00:00:00-04:00,37.310001373291016,38.130001068115234,36.86000061035156,37.77000045776367,379600,0.0,0.0
2019-10-10 00:00:00-04:00,37.86000061035156,39.04999923706055,37.86000061035156,38.93000030517578,592500,0.0,0.0
2019-10-11 00:00:00-04:00,39.150001525878906,39.869998931884766,38.529998779296875,39.5,572100,0.0,0.0
2019-10-14 00:00:00-04:00,39.959999084472656,39.9900016784668,34.529998779296875,34.790000915527344,1285200,0.0,0.0
2019-10-15 00:00:00-04:00,34.72999954223633,37.9900016784668,34.72999954223633,37.70000076293945,740400,0.0,0.0
2019-10-16 00:00:00-04:00,37.81999969482422,38.91999816894531,36.76499938964844,38.38999938964844,389400,0.0,0.0
2019-10-17 00:00:00-04:00,38.599998474121094,39.900001525878906,38.529998779296875,39.029998779296875,381100,0.0,0.0
2019-10-18 00:00:00-04:00,38.59000015258789,39.0,36.869998931884766,37.75,335400,0.0,0.0
2019-10-21 00:00:00-04:00,37.91999816894531,39.630001068115234,37.720001220703125,39.31999969482422,435000,0.0,0.0
2019-10-22 00:00:00-04:00,40.0,40.97999954223633,37.459999084472656,38.400001525878906,680700,0.0,0.0
2019-10-23 00:00:00-04:00,38.130001068115234,39.439998626708984,38.130001068115234,38.349998474121094,418900,0.0,0.0
2019-10-24 00:00:00-04:00,38.369998931884766,38.9900016784668,37.27000045776367,38.470001220703125,440600,0.0,0.0
2019-10-25 00:00:00-04:00,38.470001220703125,40.68000030517578,38.375,40.58000183105469,534100,0.0,0.0
2019-10-28 00:00:00-04:00,40.869998931884766,41.43000030517578,39.84000015258789,41.209999084472656,382100,0.0,0.0
2019-10-29 00:00:00-04:00,41.0,41.65999984741211,39.02000045776367,39.22999954223633,334500,0.0,0.0
2019-10-30 00:00:00-04:00,36.45000076293945,37.790000915527344,34.02000045776367,34.540000915527344,1216900,0.0,0.0
2019-10-31 00:00:00-04:00,34.599998474121094,35.88100051879883,34.52000045776367,35.689998626708984,509600,0.0,0.0
2019-11-01 00:00:00-04:00,36.20000076293945,37.029998779296875,35.560001373291016,36.72999954223633,496100,0.0,0.0
2019-11-04 00:00:00-05:00,37.2599983215332,37.81999969482422,36.599998474121094,37.099998474121094,381900,0.0,0.0
2019-11-05 00:00:00-05:00,37.04999923706055,37.89099884033203,35.13999938964844,37.619998931884766,509200,0.0,0.0
2019-11-06 00:00:00-05:00,36.400001525878906,38.15999984741211,35.11000061035156,36.13999938964844,807300,0.0,0.0
2019-11-07 00:00:00-05:00,36.47999954223633,39.47600173950195,36.43000030517578,38.619998931884766,689000,0.0,0.0
2019-11-08 00:00:00-05:00,38.279998779296875,39.939998626708984,37.900001525878906,39.880001068115234,386400,0.0,0.0
2019-11-11 00:00:00-05:00,40.0,40.459999084472656,38.290000915527344,38.52000045776367,525600,0.0,0.0
2019-11-12 00:00:00-05:00,38.59000015258789,39.029998779296875,37.52000045776367,38.17499923706055,451800,0.0,0.0
2019-11-13 00:00:00-05:00,37.58000183105469,38.689998626708984,36.435001373291016,36.599998474121094,462900,0.0,0.0
2019-11-14 00:00:00-05:00,36.810001373291016,37.310001373291016,35.880001068115234,36.31999969482422,356500,0.0,0.0
2019-11-15 00:00:00-05:00,36.630001068115234,37.540000915527344,36.5,37.15999984741211,342600,0.0,0.0
2019-11-18 00:00:00-05:00,36.900001525878906,37.67499923706055,36.529998779296875,37.40999984741211,336600,0.0,0.0
2019-11-19 00:00:00-05:00,37.790000915527344,38.5880012512207,37.06800079345703,38.189998626708984,369800,0.0,0.0
2019-11-20 00:00:00-05:00,37.66999816894531,38.790000915527344,37.04999923706055,37.65999984741211,458800,0.0,0.0
2019-11-21 00:00:00-05:00,37.9900016784668,38.391998291015625,37.310001373291016,37.63999938964844,428600,0.0,0.0
2019-11-22 00:00:00-05:00,38.040000915527344,38.61000061035156,37.52000045776367,38.349998474121094,622500,0.0,0.0
2019-11-25 00:00:00-05:00,38.790000915527344,41.61000061035156,38.70000076293945,41.459999084472656,811500,0.0,0.0
2019-11-26 00:00:00-05:00,41.709999084472656,42.11000061035156,40.99700164794922,41.5099983215332,674300,0.0,0.0
2019-11-27 00:00:00-05:00,41.810001373291016,42.529998779296875,41.45000076293945,41.93000030517578,308200,0.0,0.0
2019-11-29 00:00:00-05:00,41.93000030517578,42.22999954223633,41.34000015258789,41.86000061035156,213700,0.0,0.0
2019-12-02 00:00:00-05:00,41.880001068115234,41.974998474121094,39.15999984741211,40.68000030517578,453600,0.0,0.0
2019-12-03 00:00:00-05:00,43.20000076293945,45.790000915527344,42.88600158691406,44.5,1164200,0.0,0.0
2019-12-04 00:00:00-05:00,45.0,45.0,43.7599983215332,44.869998931884766,603500,0.0,0.0
2019-12-05 00:00:00-05:00,45.0,45.439998626708984,43.185001373291016,43.529998779296875,472300,0.0,0.0
2019-12-06 00:00:00-05:00,43.83000183105469,45.439998626708984,43.47999954223633,44.7400016784668,526900,0.0,0.0
2019-12-09 00:00:00-05:00,45.130001068115234,45.880001068115234,42.34000015258789,42.709999084472656,818900,0.0,0.0
2019-12-10 00:00:00-05:00,42.619998931884766,42.869998931884766,41.119998931884766,41.7599983215332,539800,0.0,0.0
2019-12-11 00:00:00-05:00,41.880001068115234,42.59000015258789,40.08000183105469,40.470001220703125,351400,0.0,0.0
2019-12-12 00:00:00-05:00,40.15999984741211,42.369998931884766,40.09000015258789,42.0099983215332,413700,0.0,0.0
2019-12-13 00:00:00-05:00,41.70000076293945,43.77000045776367,41.70000076293945,43.630001068115234,457000,0.0,0.0
2019-12-16 00:00:00-05:00,44.0,44.29999923706055,42.974998474121094,44.0,352600,0.0,0.0
2019-12-17 00:00:00-05:00,43.7599983215332,43.810001373291016,42.41999816894531,42.9900016784668,399900,0.0,0.0
2019-12-18 00:00:00-05:00,43.7599983215332,44.439998626708984,41.0099983215332,41.18000030517578,617000,0.0,0.0
2019-12-19 00:00:00-05:00,41.290000915527344,42.5099983215332,41.04999923706055,41.790000915527344,352100,0.0,0.0
2019-12-20 00:00:00-05:00,41.38999938964844,41.56999969482422,39.492000579833984,41.130001068115234,1114300,0.0,0.0
2019-12-23 00:00:00-05:00,41.29999923706055,41.83000183105469,39.584999084472656,41.7400016784668,420700,0.0,0.0
2019-12-24 00:00:00-05:00,41.68000030517578,42.0099983215332,41.27000045776367,41.9900016784668,133500,0.0,0.0
2019-12-26 00:00:00-05:00,42.189998626708984,42.2400016784668,41.1609992980957,41.380001068115234,268900,0.0,0.0
2019-12-27 00:00:00-05:00,41.41999816894531,41.53200149536133,40.0099983215332,40.540000915527344,338900,0.0,0.0
2019-12-30 00:00:00-05:00,40.720001220703125,41.75,39.959999084472656,40.61000061035156,395000,0.0,0.0
2019-12-31 00:00:00-05:00,40.52000045776367,41.65999984741211,40.47999954223633,40.970001220703125,397700,0.0,0.0
2020-01-02 00:00:00-05:00,41.29999923706055,41.29999923706055,38.58000183105469,38.9900016784668,562700,0.0,0.0
2020-01-03 00:00:00-05:00,38.54999923706055,39.41999816894531,37.7599983215332,39.119998931884766,341700,0.0,0.0
2020-01-06 00:00:00-05:00,38.70000076293945,40.189998626708984,38.290000915527344,40.040000915527344,284100,0.0,0.0
2020-01-07 00:00:00-05:00,39.939998626708984,41.16999816894531,39.43000030517578,40.790000915527344,610600,0.0,0.0
2020-01-08 00:00:00-05:00,40.93000030517578,42.224998474121094,40.53499984741211,41.54999923706055,277000,0.0,0.0
2020-01-09 00:00:00-05:00,41.43000030517578,44.02000045776367,41.02000045776367,43.0,545600,0.0,0.0
2020-01-10 00:00:00-05:00,42.900001525878906,45.47999954223633,42.31999969482422,44.880001068115234,688800,0.0,0.0
2020-01-13 00:00:00-05:00,44.779998779296875,45.5,43.119998931884766,43.95000076293945,764300,0.0,0.0
2020-01-14 00:00:00-05:00,43.619998931884766,46.880001068115234,42.69499969482422,46.81999969482422,592200,0.0,0.0
2020-01-15 00:00:00-05:00,46.810001373291016,47.790000915527344,45.849998474121094,47.61000061035156,448500,0.0,0.0
2020-01-16 00:00:00-05:00,48.27000045776367,49.15999984741211,47.720001220703125,49.099998474121094,475000,0.0,0.0
2020-01-17 00:00:00-05:00,49.349998474121094,50.09000015258789,48.183998107910156,48.189998626708984,415200,0.0,0.0
2020-01-21 00:00:00-05:00,48.189998626708984,49.63999938964844,45.61000061035156,46.2599983215332,485200,0.0,0.0
2020-01-22 00:00:00-05:00,46.45000076293945,47.43000030517578,46.04999923706055,46.86000061035156,335600,0.0,0.0
2020-01-23 00:00:00-05:00,46.619998931884766,46.619998931884766,45.06999969482422,45.13999938964844,596400,0.0,0.0
2020-01-24 00:00:00-05:00,45.93000030517578,45.93000030517578,43.459999084472656,43.97999954223633,427900,0.0,0.0
2020-01-27 00:00:00-05:00,42.900001525878906,43.90999984741211,42.29999923706055,43.36000061035156,292600,0.0,0.0
2020-01-28 00:00:00-05:00,43.779998779296875,44.790000915527344,43.31999969482422,43.529998779296875,343300,0.0,0.0
2020-01-29 00:00:00-05:00,43.650001525878906,45.220001220703125,43.650001525878906,44.650001525878906,464200,0.0,0.0
2020-01-30 00:00:00-05:00,44.20000076293945,44.650001525878906,43.5,44.349998474121094,424700,0.0,0.0
2020-01-31 00:00:00-05:00,43.970001220703125,44.470001220703125,43.2599983215332,43.529998779296875,446500,0.0,0.0
2020-02-03 00:00:00-05:00,44.040000915527344,45.54999923706055,44.0,45.4900016784668,391200,0.0,0.0
2020-02-04 00:00:00-05:00,46.310001373291016,48.689998626708984,46.310001373291016,48.630001068115234,504500,0.0,0.0
2020-02-05 00:00:00-05:00,49.290000915527344,50.04999923706055,48.744998931884766,49.255001068115234,415700,0.0,0.0
2020-02-06 00:00:00-05:00,49.619998931884766,49.93000030517578,48.7400016784668,49.75,384400,0.0,0.0
2020-02-07 00:00:00-05:00,49.58000183105469,49.58000183105469,48.86000061035156,49.029998779296875,439800,0.0,0.0
2020-02-10 00:00:00-05:00,48.7599983215332,50.66999816894531,48.47999954223633,50.619998931884766,425600,0.0,0.0
2020-02-11 00:00:00-05:00,51.09000015258789,51.849998474121094,49.619998931884766,51.33000183105469,277300,0.0,0.0
2020-02-12 00:00:00-05:00,51.81999969482422,53.75,51.06999969482422,53.63999938964844,462300,0.0,0.0
2020-02-13 00:00:00-05:00,53.0,54.970001220703125,52.5099983215332,54.20000076293945,415600,0.0,0.0
2020-02-14 00:00:00-05:00,54.2599983215332,54.630001068115234,53.38999938964844,53.79999923706055,261800,0.0,0.0
2020-02-18 00:00:00-05:00,53.54999923706055,53.77000045776367,52.56999969482422,53.41999816894531,252100,0.0,0.0
2020-02-19 00:00:00-05:00,53.689998626708984,54.255001068115234,53.08000183105469,54.0099983215332,222300,0.0,0.0
2020-02-20 00:00:00-05:00,53.84000015258789,54.58000183105469,53.0099983215332,53.720001220703125,241800,0.0,0.0
2020-02-21 00:00:00-05:00,53.75,53.779998779296875,52.2400016784668,52.689998626708984,348800,0.0,0.0
2020-02-24 00:00:00-05:00,50.27000045776367,51.13999938964844,48.93000030517578,50.25,731400,0.0,0.0
2020-02-25 00:00:00-05:00,50.560001373291016,50.75,46.959999084472656,47.540000915527344,611200,0.0,0.0
2020-02-26 00:00:00-05:00,47.5,48.88999938964844,46.472999572753906,47.5,402800,0.0,0.0
2020-02-27 00:00:00-05:00,43.0,45.900001525878906,39.02000045776367,40.5099983215332,1083500,0.0,0.0
2020-02-28 00:00:00-05:00,39.66999816894531,42.130001068115234,39.380001068115234,40.0,684000,0.0,0.0
2020-03-02 00:00:00-05:00,39.68000030517578,40.689998626708984,38.75,40.040000915527344,662100,0.0,0.0
2020-03-03 00:00:00-05:00,40.06999969482422,41.189998626708984,37.4900016784668,38.15999984741211,673300,0.0,0.0
2020-03-04 00:00:00-05:00,39.38999938964844,40.56999969482422,38.779998779296875,40.54999923706055,600700,0.0,0.0
2020-03-05 00:00:00-05:00,39.5,43.33000183105469,39.27000045776367,41.2400016784668,480600,0.0,0.0
2020-03-06 00:00:00-05:00,39.470001220703125,40.95000076293945,38.900001525878906,39.75,450400,0.0,0.0
2020-03-09 00:00:00-04:00,36.9900016784668,38.22999954223633,35.439998626708984,35.68000030517578,520800,0.0,0.0
2020-03-10 00:00:00-04:00,37.06999969482422,37.084999084472656,33.70000076293945,36.81999969482422,486700,0.0,0.0
2020-03-11 00:00:00-04:00,35.630001068115234,35.89799880981445,32.720001220703125,32.88999938964844,620700,0.0,0.0
2020-03-12 00:00:00-04:00,30.09000015258789,30.4950008392334,25.510000228881836,27.25,1273100,0.0,0.0
2020-03-13 00:00:00-04:00,29.149999618530273,29.149999618530273,24.209999084472656,28.850000381469727,1254900,0.0,0.0
2020-03-16 00:00:00-04:00,24.889999389648438,29.200000762939453,23.780000686645508,25.329999923706055,950200,0.0,0.0
2020-03-17 00:00:00-04:00,25.969999313354492,27.6299991607666,24.010000228881836,26.84000015258789,936600,0.0,0.0
2020-03-18 00:00:00-04:00,24.969999313354492,26.81999969482422,20.030000686645508,21.5,1076000,0.0,0.0
2020-03-19 00:00:00-04:00,21.06999969482422,26.15999984741211,20.760000228881836,25.610000610351562,633800,0.0,0.0
2020-03-20 00:00:00-04:00,26.299999237060547,28.799999237060547,26.18000030517578,27.5,813800,0.0,0.0
2020-03-23 00:00:00-04:00,28.329999923706055,30.43000030517578,26.010000228881836,27.8799991607666,528300,0.0,0.0
2020-03-24 00:00:00-04:00,29.25,32.0,28.65999984741211,31.520000457763672,725200,0.0,0.0
2020-03-25 00:00:00-04:00,31.829999923706055,34.130001068115234,30.548999786376953,32.16999816894531,635300,0.0,0.0
2020-03-26 00:00:00-04:00,32.27000045776367,34.939998626708984,30.860000610351562,32.540000915527344,477000,0.0,0.0
2020-03-27 00:00:00-04:00,30.969999313354492,34.560001373291016,30.229999542236328,33.880001068115234,567900,0.0,0.0
2020-03-30 00:00:00-04:00,33.880001068115234,34.099998474121094,30.260000228881836,33.75,410800,0.0,0.0
2020-03-31 00:00:00-04:00,33.310001373291016,34.0,31.31999969482422,32.380001068115234,393000,0.0,0.0
2020-04-01 00:00:00-04:00,30.739999771118164,31.65399932861328,28.700000762939453,29.139999389648438,453300,0.0,0.0
2020-04-02 00:00:00-04:00,28.489999771118164,29.799999237060547,28.20599937438965,29.43000030517578,408600,0.0,0.0
2020-04-03 00:00:00-04:00,29.31999969482422,30.420000076293945,27.420000076293945,27.75,546700,0.0,0.0
2020-04-06 00:00:00-04:00,29.229999542236328,30.639999389648438,28.860000610351562,30.079999923706055,496100,0.0,0.0
2020-04-07 00:00:00-04:00,31.149999618530273,31.649999618530273,29.719999313354492,29.8700008392334,405300,0.0,0.0
2020-04-08 00:00:00-04:00,30.549999237060547,31.59000015258789,29.399999618530273,31.489999771118164,336600,0.0,0.0
2020-04-09 00:00:00-04:00,32.040000915527344,34.72999954223633,31.549999237060547,33.68000030517578,551900,0.0,0.0
2020-04-13 00:00:00-04:00,33.599998474121094,34.220001220703125,31.739999771118164,33.150001525878906,268200,0.0,0.0
2020-04-14 00:00:00-04:00,33.970001220703125,34.5,33.11000061035156,34.2400016784668,484400,0.0,0.0
2020-04-15 00:00:00-04:00,32.66999816894531,33.224998474121094,31.399999618530273,31.950000762939453,292100,0.0,0.0
2020-04-16 00:00:00-04:00,32.0,33.5099983215332,31.600000381469727,33.2599983215332,315100,0.0,0.0
2020-04-17 00:00:00-04:00,34.5,35.38999938964844,33.5099983215332,34.720001220703125,634500,0.0,0.0
2020-04-20 00:00:00-04:00,34.0,37.25,33.7599983215332,36.27000045776367,387500,0.0,0.0
2020-04-21 00:00:00-04:00,35.58000183105469,36.58000183105469,34.349998474121094,35.86000061035156,310100,0.0,0.0
2020-04-22 00:00:00-04:00,36.0,38.06999969482422,35.11000061035156,37.65999984741211,442900,0.0,0.0
2020-04-23 00:00:00-04:00,37.939998626708984,40.0,37.939998626708984,38.540000915527344,277200,0.0,0.0
2020-04-24 00:00:00-04:00,38.91999816894531,41.880001068115234,38.790000915527344,41.41999816894531,542200,0.0,0.0
2020-04-27 00:00:00-04:00,42.04999923706055,43.779998779296875,41.58000183105469,43.099998474121094,326500,0.0,0.0
2020-04-28 00:00:00-04:00,43.84000015258789,43.84000015258789,40.47999954223633,40.70000076293945,295400,0.0,0.0
2020-04-29 00:00:00-04:00,41.91999816894531,41.91999816894531,39.91999816894531,41.06999969482422,245400,0.0,0.0
2020-04-30 00:00:00-04:00,40.25,40.5,38.72999954223633,39.81999969482422,331200,0.0,0.0
2020-05-01 00:00:00-04:00,38.33000183105469,39.79999923706055,35.880001068115234,36.459999084472656,714000,0.0,0.0
2020-05-04 00:00:00-04:00,36.22999954223633,42.060001373291016,35.689998626708984,41.970001220703125,507600,0.0,0.0
2020-05-05 00:00:00-04:00,43.06999969482422,45.060001373291016,42.25,42.849998474121094,468800,0.0,0.0
2020-05-06 00:00:00-04:00,43.22999954223633,43.22999954223633,41.20000076293945,41.2400016784668,359000,0.0,0.0
2020-05-07 00:00:00-04:00,41.78499984741211,42.34000015258789,40.4900016784668,40.849998474121094,443600,0.0,0.0
2020-05-08 00:00:00-04:00,40.63999938964844,41.65999984741211,37.68000030517578,38.97999954223633,475500,0.0,0.0
2020-05-11 00:00:00-04:00,38.5,42.0,38.099998474121094,41.380001068115234,481400,0.0,0.0
2020-05-12 00:00:00-04:00,41.880001068115234,43.630001068115234,40.279998779296875,40.41999816894531,572700,0.0,0.0
2020-05-13 00:00:00-04:00,40.619998931884766,40.7400016784668,36.150001525878906,37.279998779296875,489900,0.0,0.0
2020-05-14 00:00:00-04:00,36.2400016784668,37.95000076293945,34.86000061035156,36.470001220703125,348800,0.0,0.0
2020-05-15 00:00:00-04:00,36.220001220703125,38.56999969482422,35.720001220703125,38.29999923706055,277300,0.0,0.0
2020-05-18 00:00:00-04:00,39.70000076293945,40.0,38.57899856567383,39.63999938964844,489600,0.0,0.0
2020-05-19 00:00:00-04:00,39.310001373291016,39.86000061035156,38.290000915527344,38.290000915527344,284600,0.0,0.0
2020-05-20 00:00:00-04:00,38.97999954223633,42.0,38.31999969482422,41.939998626708984,299200,0.0,0.0
2020-05-21 00:00:00-04:00,41.88999938964844,42.72999954223633,40.70500183105469,42.22999954223633,183300,0.0,0.0
2020-05-22 00:00:00-04:00,42.310001373291016,43.459999084472656,41.5099983215332,43.439998626708984,190300,0.0,0.0
2020-05-26 00:00:00-04:00,44.310001373291016,44.375,41.459999084472656,41.63999938964844,424200,0.0,0.0
2020-05-27 00:00:00-04:00,42.220001220703125,42.56999969482422,40.29999923706055,42.459999084472656,400400,0.0,0.0
2020-05-28 00:00:00-04:00,43.029998779296875,43.1349983215332,39.7400016784668,39.84000015258789,314100,0.0,0.0
2020-05-29 00:00:00-04:00,39.400001525878906,39.4900016784668,36.5,37.65999984741211,559100,0.0,0.0
2020-06-01 00:00:00-04:00,37.599998474121094,37.709999084472656,36.369998931884766,36.83000183105469,528200,0.0,0.0
2020-06-02 00:00:00-04:00,36.599998474121094,37.779998779296875,35.5,37.529998779296875,888700,0.0,0.0
2020-06-03 00:00:00-04:00,38.279998779296875,38.97999954223633,37.43000030517578,37.5099983215332,440000,0.0,0.0
2020-06-04 00:00:00-04:00,37.70000076293945,38.65999984741211,36.810001373291016,36.90999984741211,434500,0.0,0.0
2020-06-05 00:00:00-04:00,38.060001373291016,39.18000030517578,37.08000183105469,37.34000015258789,380600,0.0,0.0
2020-06-08 00:00:00-04:00,37.33000183105469,37.9900016784668,36.88999938964844,37.34000015258789,410000,0.0,0.0
2020-06-09 00:00:00-04:00,36.95000076293945,37.66999816894531,36.470001220703125,36.93000030517578,377900,0.0,0.0
2020-06-10 00:00:00-04:00,37.029998779296875,37.689998626708984,36.45000076293945,36.709999084472656,341300,0.0,0.0
2020-06-11 00:00:00-04:00,35.47999954223633,36.2400016784668,34.02000045776367,34.029998779296875,472900,0.0,0.0
2020-06-12 00:00:00-04:00,35.439998626708984,36.0,33.88999938964844,35.16999816894531,342100,0.0,0.0
2020-06-15 00:00:00-04:00,34.77000045776367,36.880001068115234,34.290000915527344,36.810001373291016,293700,0.0,0.0
2020-06-16 00:00:00-04:00,37.790000915527344,38.13999938964844,36.310001373291016,37.54999923706055,390900,0.0,0.0
2020-06-17 00:00:00-04:00,37.65999984741211,38.06999969482422,36.82500076293945,37.119998931884766,340200,0.0,0.0
2020-06-18 00:00:00-04:00,36.869998931884766,37.58000183105469,36.349998474121094,37.060001373291016,203700,0.0,0.0
2020-06-19 00:00:00-04:00,37.31999969482422,37.560001373291016,36.40999984741211,36.93000030517578,760800,0.0,0.0
2020-06-22 00:00:00-04:00,36.619998931884766,37.93000030517578,35.130001068115234,37.650001525878906,556500,0.0,0.0
2020-06-23 00:00:00-04:00,38.0,38.619998931884766,36.959999084472656,37.099998474121094,376900,0.0,0.0
2020-06-24 00:00:00-04:00,36.54999923706055,36.63999938964844,34.7599983215332,35.310001373291016,366800,0.0,0.0
2020-06-25 00:00:00-04:00,35.7599983215332,38.439998626708984,35.43000030517578,38.439998626708984,574700,0.0,0.0
2020-06-26 00:00:00-04:00,38.27000045776367,39.06999969482422,37.7400016784668,38.09000015258789,696900,0.0,0.0
2020-06-29 00:00:00-04:00,37.9900016784668,38.720001220703125,36.119998931884766,36.959999084472656,395900,0.0,0.0
2020-06-30 00:00:00-04:00,36.880001068115234,37.380001068115234,36.47999954223633,36.83000183105469,356300,0.0,0.0
2020-07-01 00:00:00-04:00,37.15999984741211,39.119998931884766,37.040000915527344,38.75,364300,0.0,0.0
2020-07-02 00:00:00-04:00,39.380001068115234,39.56999969482422,38.0,38.099998474121094,357300,0.0,0.0
2020-07-06 00:00:00-04:00,38.130001068115234,38.209999084472656,36.13999938964844,36.209999084472656,389500,0.0,0.0
2020-07-07 00:00:00-04:00,36.11000061035156,39.0,36.11000061035156,37.709999084472656,332700,0.0,0.0
2020-07-08 00:00:00-04:00,37.65999984741211,39.0,37.54999923706055,38.90999984741211,314300,0.0,0.0
2020-07-09 00:00:00-04:00,39.060001373291016,39.9900016784668,38.0,38.36000061035156,247700,0.0,0.0
2020-07-10 00:00:00-04:00,38.470001220703125,38.709999084472656,37.08000183105469,37.20000076293945,175800,0.0,0.0
2020-07-13 00:00:00-04:00,37.79999923706055,38.81999969482422,36.2400016784668,36.31999969482422,237000,0.0,0.0
2020-07-14 00:00:00-04:00,36.150001525878906,38.69499969482422,35.79999923706055,38.650001525878906,397800,0.0,0.0
2020-07-15 00:00:00-04:00,39.18000030517578,40.88999938964844,39.090999603271484,40.2599983215332,395000,0.0,0.0
2020-07-16 00:00:00-04:00,40.0,40.0,38.2599983215332,38.79999923706055,205000,0.0,0.0
2020-07-17 00:00:00-04:00,38.880001068115234,39.81999969482422,38.70000076293945,39.209999084472656,310800,0.0,0.0
2020-07-20 00:00:00-04:00,39.20000076293945,39.755001068115234,38.5099983215332,38.84000015258789,182500,0.0,0.0
2020-07-21 00:00:00-04:00,39.290000915527344,39.5099983215332,36.91999816894531,37.119998931884766,438300,0.0,0.0
2020-07-22 00:00:00-04:00,37.0099983215332,38.41999816894531,36.97700119018555,38.0099983215332,255000,0.0,0.0
2020-07-23 00:00:00-04:00,37.779998779296875,38.22999954223633,36.119998931884766,36.540000915527344,284600,0.0,0.0
2020-07-24 00:00:00-04:00,36.459999084472656,36.91999816894531,35.13999938964844,36.58000183105469,398500,0.0,0.0
2020-07-27 00:00:00-04:00,36.790000915527344,37.599998474121094,36.32500076293945,37.18000030517578,247800,0.0,0.0
2020-07-28 00:00:00-04:00,37.04999923706055,37.290000915527344,34.59000015258789,34.81999969482422,308300,0.0,0.0
2020-07-29 00:00:00-04:00,34.79999923706055,35.52000045776367,34.275001525878906,34.470001220703125,234600,0.0,0.0
2020-07-30 00:00:00-04:00,34.04999923706055,35.58000183105469,33.81100082397461,34.779998779296875,237800,0.0,0.0
2020-07-31 00:00:00-04:00,34.880001068115234,34.880001068115234,32.75,33.099998474121094,392200,0.0,0.0
2020-08-03 00:00:00-04:00,33.119998931884766,34.43000030517578,32.689998626708984,34.33000183105469,367700,0.0,0.0
2020-08-04 00:00:00-04:00,34.54999923706055,35.15999984741211,33.029998779296875,33.7400016784668,330900,0.0,0.0
2020-08-05 00:00:00-04:00,33.849998474121094,34.7400016784668,33.54999923706055,34.189998626708984,336000,0.0,0.0
2020-08-06 00:00:00-04:00,34.060001373291016,35.13999938964844,33.834999084472656,34.29999923706055,337800,0.0,0.0
2020-08-07 00:00:00-04:00,34.0,34.810001373291016,32.70000076293945,33.02000045776367,340200,0.0,0.0
2020-08-10 00:00:00-04:00,32.790000915527344,34.33000183105469,32.61000061035156,33.900001525878906,273600,0.0,0.0
2020-08-11 00:00:00-04:00,34.06999969482422,35.13999938964844,33.119998931884766,33.31999969482422,245600,0.0,0.0
2020-08-12 00:00:00-04:00,33.4900016784668,33.5099983215332,32.209999084472656,32.540000915527344,252500,0.0,0.0
2020-08-13 00:00:00-04:00,32.529998779296875,33.40999984741211,32.220001220703125,33.08000183105469,192500,0.0,0.0
2020-08-14 00:00:00-04:00,32.939998626708984,33.209999084472656,31.3799991607666,31.649999618530273,427500,0.0,0.0
2020-08-17 00:00:00-04:00,31.549999237060547,32.720001220703125,31.274999618530273,32.650001525878906,290000,0.0,0.0
2020-08-18 00:00:00-04:00,32.84000015258789,33.209999084472656,31.898000717163086,32.65999984741211,338000,0.0,0.0
2020-08-19 00:00:00-04:00,32.4900016784668,32.4900016784668,30.165000915527344,30.229999542236328,341200,0.0,0.0
2020-08-20 00:00:00-04:00,29.940000534057617,30.239999771118164,29.299999237060547,29.670000076293945,417500,0.0,0.0
2020-08-21 00:00:00-04:00,29.780000686645508,30.010000228881836,29.15999984741211,29.15999984741211,259700,0.0,0.0
2020-08-24 00:00:00-04:00,29.520000457763672,29.520000457763672,28.559999465942383,29.299999237060547,367600,0.0,0.0
2020-08-25 00:00:00-04:00,29.799999237060547,31.389999389648438,29.65999984741211,30.969999313354492,351600,0.0,0.0
2020-08-26 00:00:00-04:00,30.739999771118164,30.770000457763672,29.510000228881836,29.639999389648438,255500,0.0,0.0
2020-08-27 00:00:00-04:00,29.739999771118164,30.094999313354492,29.149999618530273,29.65999984741211,245500,0.0,0.0
2020-08-28 00:00:00-04:00,29.75,30.200000762939453,29.229999542236328,29.8700008392334,145900,0.0,0.0
2020-08-31 00:00:00-04:00,30.06999969482422,30.65999984741211,29.709999084472656,30.520000457763672,267600,0.0,0.0
2020-09-01 00:00:00-04:00,30.510000228881836,30.559999465942383,29.34000015258789,29.479999542236328,338600,0.0,0.0
2020-09-02 00:00:00-04:00,29.450000762939453,30.700000762939453,28.940000534057617,30.459999084472656,304200,0.0,0.0
2020-09-03 00:00:00-04:00,30.399999618530273,31.06999969482422,29.18000030517578,29.34000015258789,281800,0.0,0.0
2020-09-04 00:00:00-04:00,29.399999618530273,29.399999618530273,27.219999313354492,28.40999984741211,375400,0.0,0.0
2020-09-08 00:00:00-04:00,28.0,28.600000381469727,27.420000076293945,27.889999389648438,258800,0.0,0.0
2020-09-09 00:00:00-04:00,28.149999618530273,28.3799991607666,27.520000457763672,27.940000534057617,389100,0.0,0.0
2020-09-10 00:00:00-04:00,28.079999923706055,28.889999389648438,27.610000610351562,27.68000030517578,268000,0.0,0.0
2020-09-11 00:00:00-04:00,27.770000457763672,28.18000030517578,26.33799934387207,27.010000228881836,345800,0.0,0.0
2020-09-14 00:00:00-04:00,27.280000686645508,28.780000686645508,27.139999389648438,28.670000076293945,451100,0.0,0.0
2020-09-15 00:00:00-04:00,29.049999237060547,30.219999313354492,28.90999984741211,29.170000076293945,306600,0.0,0.0
2020-09-16 00:00:00-04:00,29.200000762939453,30.389999389648438,29.149999618530273,29.790000915527344,280000,0.0,0.0
2020-09-17 00:00:00-04:00,29.139999389648438,30.030000686645508,29.09000015258789,29.520000457763672,233800,0.0,0.0
2020-09-18 00:00:00-04:00,29.829999923706055,30.010000228881836,28.559999465942383,29.950000762939453,1074000,0.0,0.0
2020-09-21 00:00:00-04:00,29.43000030517578,29.43000030517578,27.43000030517578,27.760000228881836,455200,0.0,0.0
2020-09-22 00:00:00-04:00,28.190000534057617,28.920000076293945,27.229999542236328,28.899999618530273,173000,0.0,0.0
2020-09-23 00:00:00-04:00,27.350000381469727,29.1200008392334,25.924999237060547,28.540000915527344,1235600,0.0,0.0
2020-09-24 00:00:00-04:00,28.399999618530273,28.399999618530273,26.540000915527344,27.010000228881836,384100,0.0,0.0
2020-09-25 00:00:00-04:00,26.8700008392334,27.989999771118164,26.8700008392334,27.850000381469727,368800,0.0,0.0
2020-09-28 00:00:00-04:00,28.139999389648438,28.209999084472656,26.84000015258789,27.360000610351562,396600,0.0,0.0
2020-09-29 00:00:00-04:00,27.649999618530273,28.229999542236328,27.256000518798828,27.90999984741211,278500,0.0,0.0
2020-09-30 00:00:00-04:00,28.049999237060547,28.549999237060547,27.020000457763672,27.520000457763672,304500,0.0,0.0
2020-10-01 00:00:00-04:00,27.399999618530273,27.920000076293945,26.854999542236328,27.530000686645508,310400,0.0,0.0
2020-10-02 00:00:00-04:00,27.09000015258789,27.889999389648438,26.520000457763672,26.520000457763672,215000,0.0,0.0
2020-10-05 00:00:00-04:00,26.84000015258789,28.549999237060547,26.690000534057617,28.1299991607666,530200,0.0,0.0
2020-10-06 00:00:00-04:00,28.149999618530273,28.3700008392334,27.510000228881836,27.579999923706055,308500,0.0,0.0
2020-10-07 00:00:00-04:00,27.520000457763672,28.200000762939453,27.329999923706055,28.110000610351562,306600,0.0,0.0
2020-10-08 00:00:00-04:00,28.59000015258789,29.1200008392334,27.979999542236328,29.049999237060547,690500,0.0,0.0
2020-10-09 00:00:00-04:00,29.094999313354492,29.843000411987305,29.049999237060547,29.280000686645508,281400,0.0,0.0
2020-10-12 00:00:00-04:00,29.219999313354492,29.8799991607666,28.90999984741211,29.68000030517578,196300,0.0,0.0
2020-10-13 00:00:00-04:00,29.579999923706055,29.850000381469727,28.5,28.700000762939453,274200,0.0,0.0
2020-10-14 00:00:00-04:00,28.75,29.09000015258789,27.719999313354492,28.209999084472656,413100,0.0,0.0
2020-10-15 00:00:00-04:00,28.149999618530273,28.989999771118164,27.69499969482422,28.280000686645508,186800,0.0,0.0
2020-10-16 00:00:00-04:00,28.110000610351562,29.239999771118164,28.020000457763672,28.739999771118164,208100,0.0,0.0
2020-10-19 00:00:00-04:00,28.979999542236328,29.75,27.385000228881836,27.440000534057617,436100,0.0,0.0
2020-10-20 00:00:00-04:00,27.739999771118164,28.100000381469727,26.399999618530273,27.030000686645508,265500,0.0,0.0
2020-10-21 00:00:00-04:00,26.899999618530273,27.399999618530273,26.450000762939453,27.104999542236328,505400,0.0,0.0
2020-10-22 00:00:00-04:00,27.040000915527344,28.510000228881836,27.040000915527344,28.5,484400,0.0,0.0
2020-10-23 00:00:00-04:00,28.81999969482422,28.959999084472656,27.829999923706055,28.860000610351562,182300,0.0,0.0
2020-10-26 00:00:00-04:00,28.059999465942383,29.18899917602539,28.0,29.049999237060547,387400,0.0,0.0
2020-10-27 00:00:00-04:00,29.110000610351562,30.0,28.530000686645508,29.75,269600,0.0,0.0
2020-10-28 00:00:00-04:00,29.15999984741211,29.15999984741211,27.790000915527344,28.459999084472656,311300,0.0,0.0
2020-10-29 00:00:00-04:00,28.34000015258789,29.700000762939453,27.59000015258789,29.31999969482422,300800,0.0,0.0
2020-10-30 00:00:00-04:00,29.579999923706055,29.579999923706055,28.15999984741211,28.760000228881836,235400,0.0,0.0
2020-11-02 00:00:00-05:00,28.969999313354492,28.988000869750977,27.145000457763672,27.93000030517578,213300,0.0,0.0
2020-11-03 00:00:00-05:00,28.219999313354492,28.959999084472656,27.690000534057617,28.690000534057617,387800,0.0,0.0
2020-11-04 00:00:00-05:00,28.450000762939453,31.31999969482422,28.18000030517578,31.059999465942383,327200,0.0,0.0
2020-11-05 00:00:00-05:00,31.649999618530273,31.719999313354492,27.200000762939453,29.010000228881836,653000,0.0,0.0
2020-11-06 00:00:00-05:00,29.0,30.110000610351562,28.9950008392334,30.010000228881836,510700,0.0,0.0
2020-11-09 00:00:00-05:00,31.229999542236328,33.75,30.885000228881836,33.0,831700,0.0,0.0
2020-11-10 00:00:00-05:00,33.08000183105469,33.869998931884766,31.350000381469727,33.599998474121094,550900,0.0,0.0
2020-11-11 00:00:00-05:00,33.72999954223633,34.459999084472656,32.810001373291016,34.25,348500,0.0,0.0
2020-11-12 00:00:00-05:00,34.119998931884766,34.630001068115234,33.0,33.58000183105469,528200,0.0,0.0
2020-11-13 00:00:00-05:00,33.970001220703125,34.68000030517578,33.599998474121094,34.529998779296875,235000,0.0,0.0
2020-11-16 00:00:00-05:00,35.0,35.83000183105469,34.79999923706055,35.779998779296875,505800,0.0,0.0
2020-11-17 00:00:00-05:00,35.47999954223633,36.77000045776367,35.38999938964844,36.599998474121094,257700,0.0,0.0
2020-11-18 00:00:00-05:00,36.97999954223633,37.70000076293945,36.47999954223633,36.5099983215332,339000,0.0,0.0
2020-11-19 00:00:00-05:00,36.33000183105469,37.0,35.922000885009766,36.58000183105469,261800,0.0,0.0
2020-11-20 00:00:00-05:00,36.20000076293945,36.720001220703125,35.720001220703125,36.45000076293945,273600,0.0,0.0
2020-11-23 00:00:00-05:00,36.81999969482422,36.974998474121094,34.380001068115234,34.4900016784668,410500,0.0,0.0
2020-11-24 00:00:00-05:00,34.97999954223633,36.25,34.4900016784668,35.91999816894531,249100,0.0,0.0
2020-11-25 00:00:00-05:00,35.970001220703125,35.9900016784668,35.20000076293945,35.650001525878906,166500,0.0,0.0
2020-11-27 00:00:00-05:00,35.689998626708984,37.119998931884766,34.34000015258789,37.04999923706055,118000,0.0,0.0
2020-11-30 00:00:00-05:00,36.84000015258789,37.137001037597656,34.52000045776367,34.84000015258789,363900,0.0,0.0
2020-12-01 00:00:00-05:00,34.97999954223633,37.2400016784668,34.90999984741211,36.470001220703125,265500,0.0,0.0
2020-12-02 00:00:00-05:00,36.40999984741211,37.90999984741211,35.93000030517578,37.68000030517578,242800,0.0,0.0
2020-12-03 00:00:00-05:00,37.900001525878906,38.619998931884766,37.5,37.900001525878906,188300,0.0,0.0
2020-12-04 00:00:00-05:00,38.15999984741211,38.619998931884766,37.540000915527344,37.86000061035156,200300,0.0,0.0
2020-12-07 00:00:00-05:00,37.7599983215332,38.41999816894531,36.369998931884766,36.5,386900,0.0,0.0
2020-12-08 00:00:00-05:00,36.290000915527344,37.43000030517578,35.68000030517578,37.369998931884766,435500,0.0,0.0
2020-12-09 00:00:00-05:00,38.79999923706055,39.369998931884766,36.83000183105469,38.93000030517578,746400,0.0,0.0
2020-12-10 00:00:00-05:00,38.81999969482422,40.380001068115234,38.33000183105469,38.849998474121094,594900,0.0,0.0
2020-12-11 00:00:00-05:00,38.70000076293945,40.709999084472656,38.36000061035156,39.959999084472656,338700,0.0,0.0
2020-12-14 00:00:00-05:00,41.040000915527344,42.63999938964844,39.54999923706055,40.20000076293945,651300,0.0,0.0
2020-12-15 00:00:00-05:00,40.54999923706055,43.150001525878906,40.5,43.130001068115234,500200,0.0,0.0
2020-12-16 00:00:00-05:00,43.88999938964844,45.95000076293945,42.93000030517578,43.380001068115234,572100,0.0,0.0
2020-12-17 00:00:00-05:00,43.0,43.959999084472656,41.90999984741211,43.61000061035156,444900,0.0,0.0
2020-12-18 00:00:00-05:00,44.040000915527344,44.9900016784668,43.290000915527344,44.93000030517578,1288700,0.0,0.0
2020-12-21 00:00:00-05:00,45.0,46.75,43.71900177001953,46.59000015258789,419600,0.0,0.0
2020-12-22 00:00:00-05:00,47.47999954223633,49.95000076293945,46.61000061035156,49.349998474121094,389300,0.0,0.0
2020-12-23 00:00:00-05:00,50.0,50.150001525878906,48.560001373291016,48.779998779296875,295000,0.0,0.0
2020-12-24 00:00:00-05:00,48.75,50.0,48.720001220703125,48.720001220703125,90900,0.0,0.0
2020-12-28 00:00:00-05:00,49.939998626708984,49.95000076293945,47.65999984741211,47.900001525878906,266900,0.0,0.0
2020-12-29 00:00:00-05:00,47.5,47.689998626708984,45.150001525878906,46.47999954223633,396100,0.0,0.0
2020-12-30 00:00:00-05:00,46.52000045776367,48.250999450683594,46.5,46.75,402600,0.0,0.0
2020-12-31 00:00:00-05:00,46.90999984741211,46.90999984741211,44.849998474121094,45.36000061035156,289200,0.0,0.0
2021-01-04 00:00:00-05:00,45.38999938964844,46.029998779296875,44.15999984741211,44.970001220703125,317200,0.0,0.0
2021-01-05 00:00:00-05:00,45.75,45.75,44.33000183105469,44.90999984741211,216200,0.0,0.0
2021-01-06 00:00:00-05:00,47.66999816894531,49.47999954223633,46.5,48.68000030517578,749500,0.0,0.0
2021-01-07 00:00:00-05:00,48.04999923706055,50.16999816894531,47.349998474121094,49.4900016784668,863700,0.0,0.0
2021-01-08 00:00:00-05:00,47.880001068115234,48.880001068115234,45.7400016784668,46.959999084472656,2662300,0.0,0.0
2021-01-11 00:00:00-05:00,46.84000015258789,49.43000030517578,46.04999923706055,48.130001068115234,2028700,0.0,0.0
2021-01-12 00:00:00-05:00,48.09000015258789,50.099998474121094,48.01499938964844,48.7400016784668,440400,0.0,0.0
2021-01-13 00:00:00-05:00,48.380001068115234,49.189998626708984,47.290000915527344,47.43000030517578,278500,0.0,0.0
2021-01-14 00:00:00-05:00,47.86000061035156,50.2599983215332,47.45000076293945,49.95000076293945,601800,0.0,0.0
2021-01-15 00:00:00-05:00,49.5,50.08000183105469,47.369998931884766,48.34000015258789,398700,0.0,0.0
2021-01-19 00:00:00-05:00,49.31999969482422,49.630001068115234,47.619998931884766,47.849998474121094,437700,0.0,0.0
2021-01-20 00:00:00-05:00,48.04999923706055,48.630001068115234,44.02000045776367,44.630001068115234,983700,0.0,0.0
2021-01-21 00:00:00-05:00,44.41999816894531,45.42499923706055,42.619998931884766,42.69499969482422,733800,0.0,0.0
2021-01-22 00:00:00-05:00,42.619998931884766,43.95000076293945,41.5,43.279998779296875,474800,0.0,0.0
2021-01-25 00:00:00-05:00,43.16999816894531,45.099998474121094,42.220001220703125,44.9900016784668,312500,0.0,0.0
2021-01-26 00:00:00-05:00,45.65999984741211,45.65999984741211,42.040000915527344,42.310001373291016,382200,0.0,0.0
2021-01-27 00:00:00-05:00,41.52000045776367,43.7400016784668,40.2599983215332,41.56999969482422,516900,0.0,0.0
2021-01-28 00:00:00-05:00,42.31999969482422,42.630001068115234,40.720001220703125,41.56999969482422,707700,0.0,0.0
2021-01-29 00:00:00-05:00,42.02000045776367,43.099998474121094,41.03200149536133,41.33000183105469,388300,0.0,0.0
2021-02-01 00:00:00-05:00,42.29999923706055,43.56999969482422,41.04999923706055,43.20000076293945,352200,0.0,0.0
2021-02-02 00:00:00-05:00,42.92499923706055,45.66999816894531,42.900001525878906,45.20000076293945,386900,0.0,0.0
2021-02-03 00:00:00-05:00,45.369998931884766,46.20000076293945,44.5099983215332,45.22999954223633,333400,0.0,0.0
2021-02-04 00:00:00-05:00,45.95000076293945,46.06999969482422,44.56999969482422,44.849998474121094,260700,0.0,0.0
2021-02-05 00:00:00-05:00,45.63999938964844,46.5,44.459999084472656,46.33000183105469,312400,0.0,0.0
2021-02-08 00:00:00-05:00,47.0,49.27000045776367,46.20000076293945,48.75,399200,0.0,0.0
2021-02-09 00:00:00-05:00,48.72999954223633,48.933998107910156,46.952999114990234,47.22999954223633,371800,0.0,0.0
2021-02-10 00:00:00-05:00,48.029998779296875,49.0,46.04999923706055,47.630001068115234,238400,0.0,0.0
2021-02-11 00:00:00-05:00,47.52000045776367,47.77000045776367,46.7599983215332,47.33000183105469,256800,0.0,0.0
2021-02-12 00:00:00-05:00,47.4900016784668,49.5,46.34000015258789,46.959999084472656,374200,0.0,0.0
2021-02-16 00:00:00-05:00,47.54999923706055,48.22999954223633,45.970001220703125,46.25,358800,0.0,0.0
2021-02-17 00:00:00-05:00,45.88999938964844,45.88999938964844,43.72999954223633,44.720001220703125,611600,0.0,0.0
2021-02-18 00:00:00-05:00,44.904998779296875,44.904998779296875,42.0,42.279998779296875,335100,0.0,0.0
2021-02-19 00:00:00-05:00,42.5,44.65999984741211,42.060001373291016,43.220001220703125,257800,0.0,0.0
2021-02-22 00:00:00-05:00,42.45000076293945,42.790000915527344,40.36000061035156,40.70000076293945,555300,0.0,0.0
2021-02-23 00:00:00-05:00,40.0,40.459999084472656,37.79399871826172,40.08000183105469,594900,0.0,0.0
2021-02-24 00:00:00-05:00,40.04999923706055,42.0,39.95000076293945,40.97999954223633,282000,0.0,0.0
2021-02-25 00:00:00-05:00,40.77000045776367,41.689998626708984,39.2400016784668,39.97999954223633,279000,0.0,0.0
2021-02-26 00:00:00-05:00,40.099998474121094,41.33000183105469,38.972999572753906,40.90999984741211,428200,0.0,0.0
2021-03-01 00:00:00-05:00,41.900001525878906,43.0,41.04999923706055,42.5099983215332,386200,0.0,0.0
2021-03-02 00:00:00-05:00,40.52000045776367,42.290000915527344,40.02000045776367,41.310001373291016,310700,0.0,0.0
2021-03-03 00:00:00-05:00,41.65999984741211,41.689998626708984,40.09000015258789,40.13999938964844,286300,0.0,0.0
2021-03-04 00:00:00-05:00,39.68000030517578,40.61000061035156,38.349998474121094,39.209999084472656,418600,0.0,0.0
2021-03-05 00:00:00-05:00,40.0099983215332,40.04499816894531,36.43000030517578,39.93000030517578,421500,0.0,0.0
2021-03-08 00:00:00-05:00,39.93000030517578,40.81999969482422,39.09000015258789,39.279998779296875,276400,0.0,0.0
2021-03-09 00:00:00-05:00,39.97999954223633,42.529998779296875,39.72999954223633,41.81999969482422,283700,0.0,0.0
2021-03-10 00:00:00-05:00,42.689998626708984,43.15999984741211,40.20000076293945,40.5,370300,0.0,0.0
2021-03-11 00:00:00-05:00,41.0,41.709999084472656,40.04999923706055,41.59000015258789,261000,0.0,0.0
2021-03-12 00:00:00-05:00,41.33000183105469,41.43000030517578,40.334999084472656,40.77000045776367,199400,0.0,0.0
2021-03-15 00:00:00-04:00,40.880001068115234,41.790000915527344,40.2599983215332,41.77000045776367,187000,0.0,0.0
2021-03-16 00:00:00-04:00,41.9900016784668,42.439998626708984,40.0,40.90999984741211,355800,0.0,0.0
2021-03-17 00:00:00-04:00,40.560001373291016,41.83000183105469,40.15999984741211,41.22999954223633,294300,0.0,0.0
2021-03-18 00:00:00-04:00,40.810001373291016,41.9900016784668,39.060001373291016,39.29999923706055,386400,0.0,0.0
2021-03-19 00:00:00-04:00,39.310001373291016,40.79999923706055,38.970001220703125,39.9900016784668,1294400,0.0,0.0
2021-03-22 00:00:00-04:00,39.90999984741211,40.54499816894531,39.08000183105469,39.220001220703125,442800,0.0,0.0
2021-03-23 00:00:00-04:00,38.70000076293945,39.0099983215332,37.029998779296875,37.529998779296875,485900,0.0,0.0
2021-03-24 00:00:00-04:00,37.56999969482422,38.28799819946289,34.4900016784668,34.529998779296875,353000,0.0,0.0
2021-03-25 00:00:00-04:00,35.290000915527344,35.290000915527344,33.38999938964844,34.540000915527344,559100,0.0,0.0
2021-03-26 00:00:00-04:00,34.84000015258789,35.2599983215332,33.77000045776367,34.494998931884766,349100,0.0,0.0
2021-03-29 00:00:00-04:00,34.060001373291016,34.244998931884766,32.5099983215332,33.650001525878906,465800,0.0,0.0
2021-03-30 00:00:00-04:00,33.7400016784668,34.540000915527344,32.18000030517578,33.61000061035156,333500,0.0,0.0
2021-03-31 00:00:00-04:00,33.880001068115234,35.040000915527344,33.34000015258789,34.11000061035156,474000,0.0,0.0
2021-04-01 00:00:00-04:00,34.72999954223633,36.11000061035156,33.70000076293945,34.36000061035156,277000,0.0,0.0
2021-04-05 00:00:00-04:00,34.86000061035156,35.18000030517578,34.04999923706055,34.900001525878906,219500,0.0,0.0
2021-04-06 00:00:00-04:00,34.63999938964844,35.130001068115234,34.290000915527344,34.529998779296875,309100,0.0,0.0
2021-04-07 00:00:00-04:00,34.689998626708984,34.689998626708984,33.880001068115234,34.099998474121094,417400,0.0,0.0
2021-04-08 00:00:00-04:00,34.36000061035156,35.25,34.08000183105469,35.18000030517578,364500,0.0,0.0
2021-04-09 00:00:00-04:00,35.369998931884766,35.369998931884766,34.14699935913086,35.16999816894531,336600,0.0,0.0
2021-04-12 00:00:00-04:00,34.95000076293945,35.15999984741211,33.220001220703125,33.75,373700,0.0,0.0
2021-04-13 00:00:00-04:00,33.68000030517578,35.4900016784668,33.68000030517578,34.65999984741211,374900,0.0,0.0
2021-04-14 00:00:00-04:00,34.900001525878906,36.25,34.862998962402344,35.34000015258789,204800,0.0,0.0
2021-04-15 00:00:00-04:00,35.900001525878906,36.36000061035156,35.459999084472656,35.869998931884766,176000,0.0,0.0
2021-04-16 00:00:00-04:00,36.209999084472656,36.595001220703125,34.06999969482422,34.5099983215332,213800,0.0,0.0
2021-04-19 00:00:00-04:00,34.83000183105469,34.83000183105469,33.06999969482422,33.88999938964844,221800,0.0,0.0
2021-04-20 00:00:00-04:00,33.45000076293945,34.68000030517578,33.02000045776367,33.279998779296875,390000,0.0,0.0
2021-04-21 00:00:00-04:00,33.439998626708984,33.7599983215332,32.689998626708984,33.56999969482422,271400,0.0,0.0
2021-04-22 00:00:00-04:00,33.5,35.31999969482422,33.220001220703125,34.540000915527344,251600,0.0,0.0
2021-04-23 00:00:00-04:00,34.70000076293945,34.88999938964844,33.599998474121094,34.20000076293945,278900,0.0,0.0
2021-04-26 00:00:00-04:00,34.22999954223633,35.88999938964844,34.13999938964844,35.56999969482422,201300,0.0,0.0
2021-04-27 00:00:00-04:00,35.880001068115234,36.0,34.439998626708984,34.90999984741211,136900,0.0,0.0
2021-04-28 00:00:00-04:00,34.66999816894531,36.27000045776367,34.11000061035156,35.79999923706055,185300,0.0,0.0
2021-04-29 00:00:00-04:00,35.97999954223633,35.97999954223633,34.16999816894531,34.66999816894531,164600,0.0,0.0
2021-04-30 00:00:00-04:00,34.5099983215332,35.4900016784668,34.404998779296875,34.689998626708984,207700,0.0,0.0
2021-05-03 00:00:00-04:00,34.790000915527344,35.439998626708984,34.0099983215332,34.08000183105469,343000,0.0,0.0
2021-05-04 00:00:00-04:00,33.779998779296875,34.720001220703125,32.93000030517578,33.08000183105469,325200,0.0,0.0
2021-05-05 00:00:00-04:00,32.790000915527344,34.06999969482422,32.0099983215332,32.459999084472656,258400,0.0,0.0
2021-05-06 00:00:00-04:00,33.779998779296875,34.790000915527344,31.510000228881836,34.68000030517578,638400,0.0,0.0
2021-05-07 00:00:00-04:00,35.34000015258789,36.46500015258789,34.54999923706055,36.27000045776367,580400,0.0,0.0
2021-05-10 00:00:00-04:00,36.130001068115234,36.77000045776367,35.20000076293945,36.0,718700,0.0,0.0
2021-05-11 00:00:00-04:00,34.650001525878906,36.290000915527344,34.5099983215332,35.779998779296875,502400,0.0,0.0
2021-05-12 00:00:00-04:00,35.470001220703125,35.81999969482422,34.709999084472656,34.810001373291016,320200,0.0,0.0
2021-05-13 00:00:00-04:00,34.95000076293945,35.72999954223633,34.29999923706055,35.290000915527344,385100,0.0,0.0
2021-05-14 00:00:00-04:00,35.810001373291016,36.77000045776367,35.150001525878906,36.13999938964844,339000,0.0,0.0
2021-05-17 00:00:00-04:00,35.79999923706055,36.470001220703125,34.65999984741211,34.7400016784668,141400,0.0,0.0
2021-05-18 00:00:00-04:00,35.0,36.41999816894531,34.79999923706055,35.439998626708984,129700,0.0,0.0
2021-05-19 00:00:00-04:00,35.0,35.529998779296875,34.650001525878906,35.06999969482422,315100,0.0,0.0
2021-05-20 00:00:00-04:00,35.279998779296875,35.720001220703125,34.880001068115234,35.529998779296875,152700,0.0,0.0
2021-05-21 00:00:00-04:00,35.86000061035156,36.09000015258789,35.06999969482422,35.119998931884766,334900,0.0,0.0
2021-05-24 00:00:00-04:00,35.290000915527344,35.9900016784668,34.18000030517578,34.31999969482422,196700,0.0,0.0
2021-05-25 00:00:00-04:00,34.2400016784668,34.459999084472656,33.5099983215332,33.540000915527344,304300,0.0,0.0
2021-05-26 00:00:00-04:00,33.83000183105469,34.619998931884766,33.54999923706055,34.189998626708984,174800,0.0,0.0
2021-05-27 00:00:00-04:00,34.61000061035156,35.68000030517578,34.040000915527344,35.25,531100,0.0,0.0
2021-05-28 00:00:00-04:00,35.290000915527344,36.41999816894531,35.130001068115234,35.27000045776367,273400,0.0,0.0
2021-06-01 00:00:00-04:00,35.36000061035156,35.904998779296875,34.2400016784668,35.75,297400,0.0,0.0
2021-06-02 00:00:00-04:00,35.69499969482422,36.150001525878906,34.86000061035156,35.029998779296875,881600,0.0,0.0
2021-06-03 00:00:00-04:00,34.619998931884766,35.2599983215332,34.15999984741211,34.63999938964844,289300,0.0,0.0
2021-06-04 00:00:00-04:00,34.63999938964844,35.7599983215332,34.540000915527344,35.52000045776367,164600,0.0,0.0
2021-06-07 00:00:00-04:00,35.38999938964844,37.75,35.209999084472656,37.38999938964844,342000,0.0,0.0
2021-06-08 00:00:00-04:00,37.84000015258789,38.47999954223633,36.709999084472656,37.560001373291016,229000,0.0,0.0
2021-06-09 00:00:00-04:00,37.88999938964844,38.63999938964844,37.20000076293945,37.40999984741211,200500,0.0,0.0
2021-06-10 00:00:00-04:00,37.400001525878906,38.064998626708984,37.14500045776367,37.77000045776367,211400,0.0,0.0
2021-06-11 00:00:00-04:00,37.83000183105469,38.09000015258789,37.220001220703125,37.68000030517578,128300,0.0,0.0
2021-06-14 00:00:00-04:00,37.7599983215332,38.220001220703125,37.27000045776367,37.52000045776367,369000,0.0,0.0
2021-06-15 00:00:00-04:00,37.4900016784668,37.6150016784668,35.959999084472656,36.560001373291016,162700,0.0,0.0
2021-06-16 00:00:00-04:00,36.61000061035156,38.345001220703125,36.61000061035156,38.29999923706055,309000,0.0,0.0
2021-06-17 00:00:00-04:00,38.38999938964844,38.75,37.33000183105469,37.88999938964844,462700,0.0,0.0
2021-06-18 00:00:00-04:00,37.31999969482422,37.97999954223633,37.154998779296875,37.7400016784668,610500,0.0,0.0
2021-06-21 00:00:00-04:00,37.880001068115234,38.94499969482422,37.63999938964844,38.279998779296875,235300,0.0,0.0
2021-06-22 00:00:00-04:00,38.04999923706055,38.22999954223633,37.16999816894531,38.130001068115234,324100,0.0,0.0
2021-06-23 00:00:00-04:00,38.33000183105469,38.900001525878906,37.81999969482422,38.52000045776367,213100,0.0,0.0
2021-06-24 00:00:00-04:00,38.849998474121094,40.59000015258789,38.59000015258789,40.25,448300,0.0,0.0
2021-06-25 00:00:00-04:00,40.25,40.720001220703125,39.880001068115234,40.47999954223633,1155800,0.0,0.0
2021-06-28 00:00:00-04:00,40.83000183105469,40.83000183105469,38.599998474121094,38.97999954223633,278600,0.0,0.0
2021-06-29 00:00:00-04:00,38.880001068115234,39.5,38.310001373291016,38.439998626708984,176400,0.0,0.0
2021-06-30 00:00:00-04:00,38.470001220703125,39.88999938964844,38.0,38.849998474121094,220200,0.0,0.0
2021-07-01 00:00:00-04:00,39.15999984741211,39.59000015258789,38.66999816894531,39.59000015258789,166100,0.0,0.0
2021-07-02 00:00:00-04:00,39.25,39.98500061035156,38.91999816894531,39.7400016784668,338000,0.0,0.0
2021-07-06 00:00:00-04:00,39.66999816894531,39.856998443603516,38.38999938964844,38.439998626708984,215500,0.0,0.0
2021-07-07 00:00:00-04:00,38.439998626708984,39.16999816894531,37.209999084472656,37.63999938964844,339300,0.0,0.0
2021-07-08 00:00:00-04:00,36.970001220703125,38.290000915527344,36.54999923706055,37.9900016784668,212200,0.0,0.0
2021-07-09 00:00:00-04:00,38.040000915527344,38.369998931884766,37.5099983215332,37.86000061035156,118000,0.0,0.0
2021-07-12 00:00:00-04:00,38.040000915527344,38.849998474121094,36.9900016784668,37.09000015258789,194500,0.0,0.0
2021-07-13 00:00:00-04:00,36.900001525878906,37.25,36.349998474121094,36.5099983215332,219200,0.0,0.0
2021-07-14 00:00:00-04:00,36.61000061035156,36.7400016784668,35.849998474121094,35.970001220703125,375300,0.0,0.0
2021-07-15 00:00:00-04:00,35.91999816894531,36.15999984741211,35.060001373291016,35.970001220703125,239400,0.0,0.0
2021-07-16 00:00:00-04:00,36.36000061035156,36.915000915527344,35.95500183105469,36.2599983215332,290500,0.0,0.0
2021-07-19 00:00:00-04:00,34.89400100708008,36.5099983215332,34.89400100708008,35.59000015258789,308900,0.0,0.0
2021-07-20 00:00:00-04:00,35.755001068115234,37.43000030517578,35.369998931884766,37.2400016784668,311800,0.0,0.0
2021-07-21 00:00:00-04:00,37.2599983215332,37.77000045776367,36.737998962402344,37.689998626708984,206800,0.0,0.0
2021-07-22 00:00:00-04:00,37.58000183105469,37.9900016784668,37.165000915527344,37.349998474121094,144700,0.0,0.0
2021-07-23 00:00:00-04:00,37.459999084472656,37.47999954223633,34.9900016784668,35.02000045776367,432900,0.0,0.0
2021-07-26 00:00:00-04:00,34.84000015258789,34.84000015258789,33.290000915527344,33.380001068115234,459200,0.0,0.0
2021-07-27 00:00:00-04:00,33.04999923706055,33.310001373291016,32.13999938964844,32.619998931884766,429400,0.0,0.0
2021-07-28 00:00:00-04:00,32.63999938964844,34.3650016784668,32.0099983215332,34.0,195300,0.0,0.0
2021-07-29 00:00:00-04:00,34.029998779296875,34.38999938964844,32.27000045776367,32.54999923706055,293500,0.0,0.0
2021-07-30 00:00:00-04:00,32.22999954223633,33.5099983215332,31.850000381469727,32.31999969482422,355300,0.0,0.0
2021-08-02 00:00:00-04:00,32.43000030517578,33.560001373291016,31.889999389648438,31.959999084472656,467300,0.0,0.0
2021-08-03 00:00:00-04:00,32.209999084472656,32.70500183105469,31.56999969482422,32.04999923706055,370100,0.0,0.0
2021-08-04 00:00:00-04:00,31.790000915527344,32.65999984741211,31.40999984741211,31.549999237060547,180000,0.0,0.0
2021-08-05 00:00:00-04:00,31.549999237060547,32.34000015258789,31.440000534057617,32.150001525878906,320300,0.0,0.0
2021-08-06 00:00:00-04:00,32.5099983215332,32.95000076293945,30.8700008392334,31.309999465942383,356400,0.0,0.0
2021-08-09 00:00:00-04:00,32.130001068115234,33.99800109863281,31.309999465942383,32.5,444600,0.0,0.0
2021-08-10 00:00:00-04:00,28.71500015258789,32.09000015258789,27.018999099731445,31.329999923706055,567000,0.0,0.0
2021-08-11 00:00:00-04:00,31.690000534057617,32.02899932861328,31.219999313354492,31.5,479200,0.0,0.0
2021-08-12 00:00:00-04:00,31.43000030517578,32.439998626708984,31.0,31.40999984741211,257000,0.0,0.0
2021-08-13 00:00:00-04:00,31.649999618530273,31.790000915527344,31.040000915527344,31.43000030517578,452200,0.0,0.0
2021-08-16 00:00:00-04:00,31.31100082397461,31.84000015258789,31.020000457763672,31.040000915527344,471300,0.0,0.0
2021-08-17 00:00:00-04:00,30.770000457763672,31.489999771118164,30.1299991607666,31.459999084472656,411000,0.0,0.0
2021-08-18 00:00:00-04:00,31.65999984741211,32.290000915527344,31.610000610351562,31.799999237060547,444500,0.0,0.0
2021-08-19 00:00:00-04:00,31.719999313354492,32.02000045776367,29.049999237060547,29.09000015258789,342800,0.0,0.0
2021-08-20 00:00:00-04:00,28.829999923706055,30.170000076293945,28.260000228881836,29.6299991607666,322500,0.0,0.0
2021-08-23 00:00:00-04:00,30.18000030517578,31.774999618530273,29.875,31.760000228881836,375500,0.0,0.0
2021-08-24 00:00:00-04:00,31.729999542236328,31.8799991607666,30.5,31.6299991607666,286000,0.0,0.0
2021-08-25 00:00:00-04:00,31.399999618530273,32.15999984741211,30.579999923706055,31.56999969482422,521700,0.0,0.0
2021-08-26 00:00:00-04:00,31.889999389648438,31.90999984741211,30.93000030517578,31.200000762939453,338300,0.0,0.0
2021-08-27 00:00:00-04:00,31.3700008392334,32.15999984741211,30.760000228881836,31.989999771118164,449300,0.0,0.0
2021-08-30 00:00:00-04:00,32.060001373291016,32.4900016784668,31.510000228881836,31.770000457763672,279900,0.0,0.0
2021-08-31 00:00:00-04:00,31.65999984741211,32.5,31.459999084472656,32.29999923706055,517300,0.0,0.0
2021-09-01 00:00:00-04:00,32.689998626708984,33.7400016784668,32.54999923706055,33.619998931884766,569400,0.0,0.0
2021-09-02 00:00:00-04:00,33.689998626708984,34.970001220703125,33.029998779296875,34.7400016784668,398000,0.0,0.0
2021-09-03 00:00:00-04:00,34.61000061035156,35.47999954223633,34.459999084472656,34.97999954223633,317200,0.0,0.0
2021-09-07 00:00:00-04:00,34.90999984741211,35.34000015258789,34.255001068115234,34.34000015258789,349600,0.0,0.0
2021-09-08 00:00:00-04:00,34.45000076293945,34.45000076293945,33.34000015258789,33.47999954223633,281900,0.0,0.0
2021-09-09 00:00:00-04:00,33.20000076293945,33.880001068115234,33.18000030517578,33.63999938964844,235600,0.0,0.0
2021-09-10 00:00:00-04:00,34.02000045776367,34.029998779296875,32.5,33.08000183105469,242700,0.0,0.0
2021-09-13 00:00:00-04:00,40.31100082397461,43.959999084472656,38.970001220703125,43.400001525878906,3051200,0.0,0.0
2021-09-14 00:00:00-04:00,44.040000915527344,46.459999084472656,44.040000915527344,45.68000030517578,1183200,0.0,0.0
2021-09-15 00:00:00-04:00,45.68000030517578,46.189998626708984,45.029998779296875,45.16999816894531,697000,0.0,0.0
2021-09-16 00:00:00-04:00,44.52000045776367,45.099998474121094,43.25,44.630001068115234,558500,0.0,0.0
2021-09-17 00:00:00-04:00,44.97999954223633,45.18000030517578,42.93000030517578,45.040000915527344,1021200,0.0,0.0
2021-09-20 00:00:00-04:00,43.91999816894531,45.16999816894531,42.73500061035156,43.58000183105469,494900,0.0,0.0
2021-09-21 00:00:00-04:00,43.93000030517578,44.849998474121094,43.512001037597656,44.22999954223633,240800,0.0,0.0
2021-09-22 00:00:00-04:00,44.209999084472656,44.439998626708984,42.90999984741211,43.060001373291016,274500,0.0,0.0
2021-09-23 00:00:00-04:00,43.33000183105469,43.53499984741211,42.42599868774414,43.47999954223633,250900,0.0,0.0
2021-09-24 00:00:00-04:00,42.9900016784668,43.4900016784668,42.220001220703125,42.31999969482422,249700,0.0,0.0
2021-09-27 00:00:00-04:00,42.189998626708984,43.810001373291016,41.52000045776367,43.630001068115234,462400,0.0,0.0
2021-09-28 00:00:00-04:00,43.40999984741211,44.20000076293945,42.52000045776367,43.4900016784668,552500,0.0,0.0
2021-09-29 00:00:00-04:00,43.93000030517578,44.400001525878906,42.02000045776367,42.099998474121094,456500,0.0,0.0
2021-09-30 00:00:00-04:00,42.349998474121094,42.849998474121094,41.439998626708984,41.91999816894531,225800,0.0,0.0
2021-10-01 00:00:00-04:00,42.150001525878906,44.349998474121094,38.0,40.279998779296875,1040400,0.0,0.0
2021-10-04 00:00:00-04:00,39.470001220703125,39.845001220703125,31.1299991607666,32.33000183105469,2476200,0.0,0.0
2021-10-05 00:00:00-04:00,32.0,32.0,29.739999771118164,30.899999618530273,682300,0.0,0.0
2021-10-06 00:00:00-04:00,30.6200008392334,32.755001068115234,30.170000076293945,32.5,854800,0.0,0.0
2021-10-07 00:00:00-04:00,32.2599983215332,33.060001373291016,31.625,32.4900016784668,383500,0.0,0.0
2021-10-08 00:00:00-04:00,32.619998931884766,32.79999923706055,31.219999313354492,31.670000076293945,334900,0.0,0.0
2021-10-11 00:00:00-04:00,32.560001373291016,33.970001220703125,31.209999084472656,33.61000061035156,501000,0.0,0.0
2021-10-12 00:00:00-04:00,33.5099983215332,36.48500061035156,33.41999816894531,35.959999084472656,510100,0.0,0.0
2021-10-13 00:00:00-04:00,35.7599983215332,36.13999938964844,35.0,35.5099983215332,231800,0.0,0.0
2021-10-14 00:00:00-04:00,35.790000915527344,36.970001220703125,35.470001220703125,36.310001373291016,253800,0.0,0.0
2021-10-15 00:00:00-04:00,36.779998779296875,36.779998779296875,35.60499954223633,35.95000076293945,225000,0.0,0.0
2021-10-18 00:00:00-04:00,35.709999084472656,36.13999938964844,35.150001525878906,35.380001068115234,296000,0.0,0.0
2021-10-19 00:00:00-04:00,35.939998626708984,35.939998626708984,34.59000015258789,34.70000076293945,299100,0.0,0.0
2021-10-20 00:00:00-04:00,34.70000076293945,35.68000030517578,34.369998931884766,34.79999923706055,250400,0.0,0.0
2021-10-21 00:00:00-04:00,34.84000015258789,36.400001525878906,34.61000061035156,35.029998779296875,237900,0.0,0.0
2021-10-22 00:00:00-04:00,34.869998931884766,36.2400016784668,34.3849983215332,36.13999938964844,243700,0.0,0.0
2021-10-25 00:00:00-04:00,36.439998626708984,36.70000076293945,35.54999923706055,36.54999923706055,216400,0.0,0.0
2021-10-26 00:00:00-04:00,36.18000030517578,36.95000076293945,35.86000061035156,35.97999954223633,169600,0.0,0.0
2021-10-27 00:00:00-04:00,35.97999954223633,36.470001220703125,35.12200164794922,35.220001220703125,278100,0.0,0.0
2021-10-28 00:00:00-04:00,35.540000915527344,36.58000183105469,35.150001525878906,36.529998779296875,281600,0.0,0.0
2021-10-29 00:00:00-04:00,36.529998779296875,36.61000061035156,35.380001068115234,35.439998626708984,210300,0.0,0.0
2021-11-01 00:00:00-04:00,35.439998626708984,36.40999984741211,34.84000015258789,36.15999984741211,339500,0.0,0.0
2021-11-02 00:00:00-04:00,36.040000915527344,36.630001068115234,35.099998474121094,36.59000015258789,256500,0.0,0.0
2021-11-03 00:00:00-04:00,38.279998779296875,38.814998626708984,35.665000915527344,37.7400016784668,303900,0.0,0.0
2021-11-04 00:00:00-04:00,37.68000030517578,38.90399932861328,37.060001373291016,38.560001373291016,305400,0.0,0.0
2021-11-05 00:00:00-04:00,38.650001525878906,39.2400016784668,37.86000061035156,39.060001373291016,382500,0.0,0.0
2021-11-08 00:00:00-05:00,40.0,40.59000015258789,38.119998931884766,38.41999816894531,502000,0.0,0.0
2021-11-09 00:00:00-05:00,38.380001068115234,38.84000015258789,37.029998779296875,38.13999938964844,310100,0.0,0.0
2021-11-10 00:00:00-05:00,38.0,39.106998443603516,37.150001525878906,37.33000183105469,297100,0.0,0.0
2021-11-11 00:00:00-05:00,37.209999084472656,38.279998779296875,36.86000061035156,37.54999923706055,153900,0.0,0.0
2021-11-12 00:00:00-05:00,37.7400016784668,38.349998474121094,37.0099983215332,37.790000915527344,156100,0.0,0.0
2021-11-15 00:00:00-05:00,37.900001525878906,38.23500061035156,31.530000686645508,31.719999313354492,603900,0.0,0.0
2021-11-16 00:00:00-05:00,31.510000228881836,32.349998474121094,30.347999572753906,31.84000015258789,423100,0.0,0.0
2021-11-17 00:00:00-05:00,31.649999618530273,32.099998474121094,30.770000457763672,31.489999771118164,296800,0.0,0.0
2021-11-18 00:00:00-05:00,31.90999984741211,32.22999954223633,30.809999465942383,32.0,317700,0.0,0.0
2021-11-19 00:00:00-05:00,32.029998779296875,34.02000045776367,31.309999465942383,33.5099983215332,306600,0.0,0.0
2021-11-22 00:00:00-05:00,34.2400016784668,34.869998931884766,32.689998626708984,33.720001220703125,428400,0.0,0.0
2021-11-23 00:00:00-05:00,33.369998931884766,34.02000045776367,32.654998779296875,33.869998931884766,374800,0.0,0.0
2021-11-24 00:00:00-05:00,33.77000045776367,33.77000045776367,32.56999969482422,33.209999084472656,210000,0.0,0.0
2021-11-26 00:00:00-05:00,32.77000045776367,32.79999923706055,30.25,30.959999084472656,263500,0.0,0.0
2021-11-29 00:00:00-05:00,31.1299991607666,31.65399932861328,30.049999237060547,30.190000534057617,342600,0.0,0.0
2021-11-30 00:00:00-05:00,30.020000457763672,32.34000015258789,29.1200008392334,32.0,633300,0.0,0.0
2021-12-01 00:00:00-05:00,32.29999923706055,32.849998474121094,30.280000686645508,30.299999237060547,444300,0.0,0.0
2021-12-02 00:00:00-05:00,30.139999389648438,31.889999389648438,29.8700008392334,31.639999389648438,606700,0.0,0.0
2021-12-03 00:00:00-05:00,31.559999465942383,31.65999984741211,30.34000015258789,30.59000015258789,412300,0.0,0.0
2021-12-06 00:00:00-05:00,30.65999984741211,31.969999313354492,29.65999984741211,31.809999465942383,367800,0.0,0.0
2021-12-07 00:00:00-05:00,32.619998931884766,33.29999923706055,31.739999771118164,31.959999084472656,464200,0.0,0.0
2021-12-08 00:00:00-05:00,31.950000762939453,33.11000061035156,31.510000228881836,32.7400016784668,244400,0.0,0.0
2021-12-09 00:00:00-05:00,33.09000015258789,33.41999816894531,31.530000686645508,31.579999923706055,235100,0.0,0.0
2021-12-10 00:00:00-05:00,31.809999465942383,32.59000015258789,31.239999771118164,32.02000045776367,268700,0.0,0.0
2021-12-13 00:00:00-05:00,31.809999465942383,32.83000183105469,31.549999237060547,32.709999084472656,286900,0.0,0.0
2021-12-14 00:00:00-05:00,32.25,32.8849983215332,31.67300033569336,32.130001068115234,283100,0.0,0.0
2021-12-15 00:00:00-05:00,31.190000534057617,32.68000030517578,30.461999893188477,32.65999984741211,423200,0.0,0.0
2021-12-16 00:00:00-05:00,32.5099983215332,33.0099983215332,30.280000686645508,30.469999313354492,387900,0.0,0.0
2021-12-17 00:00:00-05:00,30.469999313354492,33.33000183105469,29.66699981689453,32.540000915527344,1669900,0.0,0.0
2021-12-20 00:00:00-05:00,32.25,33.34000015258789,31.524999618530273,33.0,341000,0.0,0.0
2021-12-21 00:00:00-05:00,33.0099983215332,34.279998779296875,32.7400016784668,34.15999984741211,264800,0.0,0.0
2021-12-22 00:00:00-05:00,33.560001373291016,34.97999954223633,33.54999923706055,34.36000061035156,294900,0.0,0.0
2021-12-23 00:00:00-05:00,34.529998779296875,36.349998474121094,34.279998779296875,34.779998779296875,335400,0.0,0.0
2021-12-27 00:00:00-05:00,34.5,35.349998474121094,33.66999816894531,33.709999084472656,241500,0.0,0.0
2021-12-28 00:00:00-05:00,33.16999816894531,34.80500030517578,33.0099983215332,33.119998931884766,225300,0.0,0.0
2021-12-29 00:00:00-05:00,32.869998931884766,33.11000061035156,32.16999816894531,32.77000045776367,265200,0.0,0.0
2021-12-30 00:00:00-05:00,32.90999984741211,34.22999954223633,32.20000076293945,32.380001068115234,616800,0.0,0.0
2021-12-31 00:00:00-05:00,32.439998626708984,33.04999923706055,31.559999465942383,32.70000076293945,516300,0.0,0.0
2022-01-03 00:00:00-05:00,32.959999084472656,34.439998626708984,32.38999938964844,34.310001373291016,353000,0.0,0.0
2022-01-04 00:00:00-05:00,34.459999084472656,34.459999084472656,31.790000915527344,32.060001373291016,293900,0.0,0.0
2022-01-05 00:00:00-05:00,31.770000457763672,32.41999816894531,29.6299991607666,29.719999313354492,371300,0.0,0.0
2022-01-06 00:00:00-05:00,30.0,30.309999465942383,28.899999618530273,29.559999465942383,406400,0.0,0.0
2022-01-07 00:00:00-05:00,28.94499969482422,30.114999771118164,28.94499969482422,29.170000076293945,273200,0.0,0.0
2022-01-10 00:00:00-05:00,28.8799991607666,28.8799991607666,27.360000610351562,28.239999771118164,417100,0.0,0.0
2022-01-11 00:00:00-05:00,28.100000381469727,29.06999969482422,27.760000228881836,28.670000076293945,525100,0.0,0.0
2022-01-12 00:00:00-05:00,28.780000686645508,28.8700008392334,26.780000686645508,26.950000762939453,679700,0.0,0.0
2022-01-13 00:00:00-05:00,26.959999084472656,27.329999923706055,25.799999237060547,26.579999923706055,573400,0.0,0.0
2022-01-14 00:00:00-05:00,26.530000686645508,28.049999237060547,26.100000381469727,27.959999084472656,442900,0.0,0.0
2022-01-18 00:00:00-05:00,27.399999618530273,27.5,26.219999313354492,26.350000381469727,441100,0.0,0.0
2022-01-19 00:00:00-05:00,26.809999465942383,27.450000762939453,26.079999923706055,26.170000076293945,280400,0.0,0.0
2022-01-20 00:00:00-05:00,26.579999923706055,27.010000228881836,25.31999969482422,25.40999984741211,255900,0.0,0.0
2022-01-21 00:00:00-05:00,25.1299991607666,26.1299991607666,24.799999237060547,24.90999984741211,456900,0.0,0.0
2022-01-24 00:00:00-05:00,24.700000762939453,26.479999542236328,24.135000228881836,26.260000228881836,575700,0.0,0.0
2022-01-25 00:00:00-05:00,25.739999771118164,26.450000762939453,24.260000228881836,26.110000610351562,328700,0.0,0.0
2022-01-26 00:00:00-05:00,26.510000228881836,27.489999771118164,25.729999542236328,25.889999389648438,409800,0.0,0.0
2022-01-27 00:00:00-05:00,26.15999984741211,26.65999984741211,24.7450008392334,24.8700008392334,340000,0.0,0.0
2022-01-28 00:00:00-05:00,24.6200008392334,25.739999771118164,24.280000686645508,25.719999313354492,312700,0.0,0.0
2022-01-31 00:00:00-05:00,25.770000457763672,26.600000381469727,25.770000457763672,26.399999618530273,452500,0.0,0.0
2022-02-01 00:00:00-05:00,26.399999618530273,26.920000076293945,25.719999313354492,26.829999923706055,672700,0.0,0.0
2022-02-02 00:00:00-05:00,26.6200008392334,27.239999771118164,24.690000534057617,24.8799991607666,366900,0.0,0.0
2022-02-03 00:00:00-05:00,25.25,25.709999084472656,24.450000762939453,24.770000457763672,352700,0.0,0.0
2022-02-04 00:00:00-05:00,25.020000457763672,26.31999969482422,24.25,26.100000381469727,530500,0.0,0.0
2022-02-07 00:00:00-05:00,26.420000076293945,27.351999282836914,26.059999465942383,26.829999923706055,720600,0.0,0.0
2022-02-08 00:00:00-05:00,27.030000686645508,27.420000076293945,26.31999969482422,27.219999313354492,339200,0.0,0.0
2022-02-09 00:00:00-05:00,27.469999313354492,27.860000610351562,26.969999313354492,27.639999389648438,853100,0.0,0.0
2022-02-10 00:00:00-05:00,26.68000030517578,27.21500015258789,25.020000457763672,25.709999084472656,898500,0.0,0.0
2022-02-11 00:00:00-05:00,25.829999923706055,26.389999389648438,24.850000381469727,25.100000381469727,411900,0.0,0.0
2022-02-14 00:00:00-05:00,25.329999923706055,25.549999237060547,24.635000228881836,25.100000381469727,393300,0.0,0.0
2022-02-15 00:00:00-05:00,25.440000534057617,27.06999969482422,25.40999984741211,26.950000762939453,314400,0.0,0.0
2022-02-16 00:00:00-05:00,26.3799991607666,27.0,25.959999084472656,26.579999923706055,187200,0.0,0.0
2022-02-17 00:00:00-05:00,26.030000686645508,26.260000228881836,25.614999771118164,25.75,306500,0.0,0.0
2022-02-18 00:00:00-05:00,25.450000762939453,26.09000015258789,24.450000762939453,24.6200008392334,337200,0.0,0.0
2022-02-22 00:00:00-05:00,24.469999313354492,25.93000030517578,24.110000610351562,25.260000228881836,465800,0.0,0.0
2022-02-23 00:00:00-05:00,25.459999084472656,25.75,24.84000015258789,24.860000610351562,333200,0.0,0.0
2022-02-24 00:00:00-05:00,24.09000015258789,25.770000457763672,24.09000015258789,25.690000534057617,671100,0.0,0.0
2022-02-25 00:00:00-05:00,25.579999923706055,25.950000762939453,24.940000534057617,25.829999923706055,645900,0.0,0.0
2022-02-28 00:00:00-05:00,25.670000076293945,26.68000030517578,25.149999618530273,26.209999084472656,235500,0.0,0.0
2022-03-01 00:00:00-05:00,26.299999237060547,27.03499984741211,26.084999084472656,26.450000762939453,731500,0.0,0.0
2022-03-02 00:00:00-05:00,28.81999969482422,30.0,27.375999450683594,29.1200008392334,668600,0.0,0.0
2022-03-03 00:00:00-05:00,29.059999465942383,29.399999618530273,27.549999237060547,28.3799991607666,436600,0.0,0.0
2022-03-04 00:00:00-05:00,28.229999542236328,28.84000015258789,27.510000228881836,27.600000381469727,359100,0.0,0.0
2022-03-07 00:00:00-05:00,27.399999618530273,28.06999969482422,26.8700008392334,27.530000686645508,417000,0.0,0.0
2022-03-08 00:00:00-05:00,27.700000762939453,29.920000076293945,27.315000534057617,29.239999771118164,429200,0.0,0.0
2022-03-09 00:00:00-05:00,29.540000915527344,30.239999771118164,28.850000381469727,29.15999984741211,418800,0.0,0.0
2022-03-10 00:00:00-05:00,28.639999389648438,29.600000381469727,28.389999389648438,29.56999969482422,249400,0.0,0.0
2022-03-11 00:00:00-05:00,29.56999969482422,30.110000610351562,28.079999923706055,28.110000610351562,256800,0.0,0.0
2022-03-14 00:00:00-04:00,28.040000915527344,28.280000686645508,25.709999084472656,26.059999465942383,512500,0.0,0.0
2022-03-15 00:00:00-04:00,26.229999542236328,27.274999618530273,25.790000915527344,27.059999465942383,289500,0.0,0.0
2022-03-16 00:00:00-04:00,27.459999084472656,28.309999465942383,26.395000457763672,28.229999542236328,312900,0.0,0.0
2022-03-17 00:00:00-04:00,28.040000915527344,28.790000915527344,27.68000030517578,28.709999084472656,276400,0.0,0.0
2022-03-18 00:00:00-04:00,28.75,29.559999465942383,28.469999313354492,29.31999969482422,740600,0.0,0.0
2022-03-21 00:00:00-04:00,29.06999969482422,29.610000610351562,28.3799991607666,29.059999465942383,380000,0.0,0.0
2022-03-22 00:00:00-04:00,29.1299991607666,30.040000915527344,28.8799991607666,29.75,285500,0.0,0.0
2022-03-23 00:00:00-04:00,29.770000457763672,30.69499969482422,29.56999969482422,29.8799991607666,282600,0.0,0.0
2022-03-24 00:00:00-04:00,30.31999969482422,32.02000045776367,30.079999923706055,31.959999084472656,470100,0.0,0.0
2022-03-25 00:00:00-04:00,31.520000457763672,32.54999923706055,31.422000885009766,32.130001068115234,309600,0.0,0.0
2022-03-28 00:00:00-04:00,32.16999816894531,32.9900016784668,31.399999618530273,32.060001373291016,218300,0.0,0.0
2022-03-29 00:00:00-04:00,32.11000061035156,33.6349983215332,32.11000061035156,33.349998474121094,453400,0.0,0.0
2022-03-30 00:00:00-04:00,33.25,34.60499954223633,32.90999984741211,33.04999923706055,344800,0.0,0.0
2022-03-31 00:00:00-04:00,33.20000076293945,33.834999084472656,32.33000183105469,33.189998626708984,296800,0.0,0.0
2022-04-01 00:00:00-04:00,33.18000030517578,35.06999969482422,33.13999938964844,35.029998779296875,522500,0.0,0.0
2022-04-04 00:00:00-04:00,35.29999923706055,35.709999084472656,34.6349983215332,35.040000915527344,335000,0.0,0.0
2022-04-05 00:00:00-04:00,34.959999084472656,35.47999954223633,34.310001373291016,34.369998931884766,551500,0.0,0.0
2022-04-06 00:00:00-04:00,34.209999084472656,34.474998474121094,33.595001220703125,33.779998779296875,281400,0.0,0.0
2022-04-07 00:00:00-04:00,33.81999969482422,34.22999954223633,32.84000015258789,33.02000045776367,269900,0.0,0.0
2022-04-08 00:00:00-04:00,33.13999938964844,33.13999938964844,31.579999923706055,31.700000762939453,416900,0.0,0.0
2022-04-11 00:00:00-04:00,31.329999923706055,31.899999618530273,30.329999923706055,30.520000457763672,376900,0.0,0.0
2022-04-12 00:00:00-04:00,31.200000762939453,31.729999542236328,29.90999984741211,30.25,411600,0.0,0.0
2022-04-13 00:00:00-04:00,30.309999465942383,31.315000534057617,30.309999465942383,31.110000610351562,380200,0.0,0.0
2022-04-14 00:00:00-04:00,31.110000610351562,31.43000030517578,30.43000030517578,30.520000457763672,234900,0.0,0.0
2022-04-18 00:00:00-04:00,30.65999984741211,30.700000762939453,29.1299991607666,29.440000534057617,330100,0.0,0.0
2022-04-19 00:00:00-04:00,29.6200008392334,30.875,28.864999771118164,30.219999313354492,291800,0.0,0.0
2022-04-20 00:00:00-04:00,29.90999984741211,31.290000915527344,29.90999984741211,30.940000534057617,385900,0.0,0.0
2022-04-21 00:00:00-04:00,31.209999084472656,31.90999984741211,29.739999771118164,29.760000228881836,322200,0.0,0.0
2022-04-22 00:00:00-04:00,29.489999771118164,30.43000030517578,29.079999923706055,29.530000686645508,265100,0.0,0.0
2022-04-25 00:00:00-04:00,29.43000030517578,29.979999542236328,29.18000030517578,29.360000610351562,309400,0.0,0.0
2022-04-26 00:00:00-04:00,29.200000762939453,29.68000030517578,27.934999465942383,28.110000610351562,510500,0.0,0.0
2022-04-27 00:00:00-04:00,28.059999465942383,28.959999084472656,27.59000015258789,28.010000228881836,441800,0.0,0.0
2022-04-28 00:00:00-04:00,28.6200008392334,28.68000030517578,26.920000076293945,28.540000915527344,368100,0.0,0.0
2022-04-29 00:00:00-04:00,28.3700008392334,29.06999969482422,27.639999389648438,27.760000228881836,364700,0.0,0.0
2022-05-02 00:00:00-04:00,27.649999618530273,28.579999923706055,27.329999923706055,28.440000534057617,455200,0.0,0.0
2022-05-03 00:00:00-04:00,28.360000610351562,28.780000686645508,27.829999923706055,28.219999313354492,224100,0.0,0.0
2022-05-04 00:00:00-04:00,28.450000762939453,28.655000686645508,26.729999542236328,28.440000534057617,346400,0.0,0.0
2022-05-05 00:00:00-04:00,27.209999084472656,27.940000534057617,23.65999984741211,24.200000762939453,805900,0.0,0.0
2022-05-06 00:00:00-04:00,24.40999984741211,24.40999984741211,22.0310001373291,22.229999542236328,454700,0.0,0.0
2022-05-09 00:00:00-04:00,22.280000686645508,22.309999465942383,19.8700008392334,20.010000228881836,512900,0.0,0.0
2022-05-10 00:00:00-04:00,21.110000610351562,22.3799991607666,20.489999771118164,21.139999389648438,475700,0.0,0.0
2022-05-11 00:00:00-04:00,20.969999313354492,21.34000015258789,19.18000030517578,19.479999542236328,608200,0.0,0.0
2022-05-12 00:00:00-04:00,19.06999969482422,20.5,19.06999969482422,19.790000915527344,647100,0.0,0.0
2022-05-13 00:00:00-04:00,20.260000228881836,21.41200065612793,20.260000228881836,20.84000015258789,443800,0.0,0.0
2022-05-16 00:00:00-04:00,20.6299991607666,21.3700008392334,20.1200008392334,20.670000076293945,415900,0.0,0.0
2022-05-17 00:00:00-04:00,21.25,21.760000228881836,20.829999923706055,21.700000762939453,356800,0.0,0.0
2022-05-18 00:00:00-04:00,21.700000762939453,21.700000762939453,19.209999084472656,19.56999969482422,501600,0.0,0.0
2022-05-19 00:00:00-04:00,19.559999465942383,19.899999618530273,18.690000534057617,19.649999618530273,440200,0.0,0.0
2022-05-20 00:00:00-04:00,19.950000762939453,20.229999542236328,18.989999771118164,20.079999923706055,272900,0.0,0.0
2022-05-23 00:00:00-04:00,20.299999237060547,20.739999771118164,19.3799991607666,19.559999465942383,359700,0.0,0.0
2022-05-24 00:00:00-04:00,19.260000228881836,19.59000015258789,18.690000534057617,19.350000381469727,306500,0.0,0.0
2022-05-25 00:00:00-04:00,19.239999771118164,19.94499969482422,18.920000076293945,19.450000762939453,278200,0.0,0.0
2022-05-26 00:00:00-04:00,19.639999389648438,20.6299991607666,19.639999389648438,20.18000030517578,325200,0.0,0.0
2022-05-27 00:00:00-04:00,20.170000076293945,21.850000381469727,19.8799991607666,21.780000686645508,394400,0.0,0.0
2022-05-31 00:00:00-04:00,21.59000015258789,22.100000381469727,20.684999465942383,21.040000915527344,382200,0.0,0.0
2022-06-01 00:00:00-04:00,21.190000534057617,21.540000915527344,20.670000076293945,21.18000030517578,648500,0.0,0.0
2022-06-02 00:00:00-04:00,20.969999313354492,21.780000686645508,20.729999542236328,21.579999923706055,374000,0.0,0.0
2022-06-03 00:00:00-04:00,21.3700008392334,22.959999084472656,21.1299991607666,22.84000015258789,329400,0.0,0.0
2022-06-06 00:00:00-04:00,23.489999771118164,23.860000610351562,21.8799991607666,22.030000686645508,490200,0.0,0.0
2022-06-07 00:00:00-04:00,21.93000030517578,23.360000610351562,21.93000030517578,23.229999542236328,468000,0.0,0.0
2022-06-08 00:00:00-04:00,22.920000076293945,23.389999389648438,22.389999389648438,22.65999984741211,239300,0.0,0.0
2022-06-09 00:00:00-04:00,22.489999771118164,22.610000610351562,21.760000228881836,21.799999237060547,202400,0.0,0.0
2022-06-10 00:00:00-04:00,21.280000686645508,21.566999435424805,20.469999313354492,20.729999542236328,330400,0.0,0.0
2022-06-13 00:00:00-04:00,19.90999984741211,20.239999771118164,19.309999465942383,19.670000076293945,367700,0.0,0.0
2022-06-14 00:00:00-04:00,19.84000015258789,20.110000610351562,19.260000228881836,19.90999984741211,229000,0.0,0.0
2022-06-15 00:00:00-04:00,20.3700008392334,21.229999542236328,19.760000228881836,20.959999084472656,376500,0.0,0.0
2022-06-16 00:00:00-04:00,20.059999465942383,20.559999465942383,19.170000076293945,20.399999618530273,341500,0.0,0.0
2022-06-17 00:00:00-04:00,20.649999618530273,21.770000457763672,20.549999237060547,21.09000015258789,988400,0.0,0.0
2022-06-21 00:00:00-04:00,21.229999542236328,23.1299991607666,20.96500015258789,22.0,517500,0.0,0.0
2022-06-22 00:00:00-04:00,21.510000228881836,24.209999084472656,21.239999771118164,23.889999389648438,652900,0.0,0.0
2022-06-23 00:00:00-04:00,24.670000076293945,26.68000030517578,24.40999984741211,26.469999313354492,936200,0.0,0.0
2022-06-24 00:00:00-04:00,26.40999984741211,27.079999923706055,25.6299991607666,26.5,1256500,0.0,0.0
2022-06-27 00:00:00-04:00,26.459999084472656,26.5,25.43000030517578,25.850000381469727,307200,0.0,0.0
2022-06-28 00:00:00-04:00,26.100000381469727,26.239999771118164,24.0,24.3799991607666,675800,0.0,0.0
2022-06-29 00:00:00-04:00,24.6299991607666,24.790000915527344,23.59000015258789,24.260000228881836,294800,0.0,0.0
2022-06-30 00:00:00-04:00,23.81999969482422,25.040000915527344,23.3700008392334,24.700000762939453,323200,0.0,0.0
2022-07-01 00:00:00-04:00,24.65999984741211,25.829999923706055,24.600000381469727,25.639999389648438,390700,0.0,0.0
2022-07-05 00:00:00-04:00,25.280000686645508,27.059999465942383,25.155000686645508,27.030000686645508,535500,0.0,0.0
2022-07-06 00:00:00-04:00,26.739999771118164,28.280000686645508,26.60099983215332,27.540000915527344,298400,0.0,0.0
2022-07-07 00:00:00-04:00,27.56999969482422,28.40999984741211,27.264999389648438,27.610000610351562,362100,0.0,0.0
2022-07-08 00:00:00-04:00,27.1200008392334,27.825000762939453,26.545000076293945,27.700000762939453,182900,0.0,0.0
2022-07-11 00:00:00-04:00,27.610000610351562,27.959999084472656,26.780000686645508,27.6200008392334,322800,0.0,0.0
2022-07-12 00:00:00-04:00,27.700000762939453,29.450000762939453,26.139999389648438,29.270000457763672,492700,0.0,0.0
2022-07-13 00:00:00-04:00,28.479999542236328,30.093000411987305,26.030000686645508,29.940000534057617,419900,0.0,0.0
2022-07-14 00:00:00-04:00,29.760000228881836,30.43000030517578,28.56999969482422,30.40999984741211,551000,0.0,0.0
2022-07-15 00:00:00-04:00,31.1299991607666,31.639999389648438,29.3700008392334,31.59000015258789,401300,0.0,0.0
2022-07-18 00:00:00-04:00,31.790000915527344,32.13999938964844,29.799999237060547,30.3700008392334,563100,0.0,0.0
2022-07-19 00:00:00-04:00,30.639999389648438,32.0,30.540000915527344,31.6299991607666,455900,0.0,0.0
2022-07-20 00:00:00-04:00,31.790000915527344,32.97999954223633,30.90999984741211,32.790000915527344,524700,0.0,0.0
2022-07-21 00:00:00-04:00,32.7400016784668,33.04899978637695,31.969999313354492,32.09000015258789,203800,0.0,0.0
2022-07-22 00:00:00-04:00,32.2599983215332,32.2599983215332,31.049999237060547,31.170000076293945,315300,0.0,0.0
2022-07-25 00:00:00-04:00,31.18000030517578,31.44499969482422,30.6299991607666,31.200000762939453,196400,0.0,0.0
2022-07-26 00:00:00-04:00,31.06999969482422,32.0099983215332,30.40999984741211,31.770000457763672,274800,0.0,0.0
2022-07-27 00:00:00-04:00,32.04999923706055,32.97999954223633,31.014999389648438,32.81999969482422,310800,0.0,0.0
2022-07-28 00:00:00-04:00,32.83000183105469,32.97999954223633,31.020000457763672,32.33000183105469,230500,0.0,0.0
2022-07-29 00:00:00-04:00,32.220001220703125,32.220001220703125,30.729999542236328,31.3700008392334,396800,0.0,0.0
2022-08-01 00:00:00-04:00,31.100000381469727,31.950000762939453,30.739999771118164,31.040000915527344,332300,0.0,0.0
2022-08-02 00:00:00-04:00,30.90999984741211,32.189998626708984,30.90999984741211,31.809999465942383,583100,0.0,0.0
2022-08-03 00:00:00-04:00,32.88999938964844,34.98500061035156,32.59000015258789,33.9900016784668,420700,0.0,0.0
2022-08-04 00:00:00-04:00,33.0,35.0,33.0,34.7400016784668,388100,0.0,0.0
2022-08-05 00:00:00-04:00,34.150001525878906,35.72999954223633,33.810001373291016,35.040000915527344,366200,0.0,0.0
2022-08-08 00:00:00-04:00,35.380001068115234,35.5,33.439998626708984,34.79999923706055,269200,0.0,0.0
2022-08-09 00:00:00-04:00,34.220001220703125,34.7400016784668,33.32699966430664,34.0099983215332,331700,0.0,0.0
2022-08-10 00:00:00-04:00,34.880001068115234,34.880001068115234,34.09000015258789,34.65999984741211,256200,0.0,0.0
2022-08-11 00:00:00-04:00,34.58000183105469,34.810001373291016,32.75,33.119998931884766,426300,0.0,0.0
2022-08-12 00:00:00-04:00,33.400001525878906,34.04999923706055,32.974998474121094,33.369998931884766,360200,0.0,0.0
2022-08-15 00:00:00-04:00,33.25,33.665000915527344,32.880001068115234,33.5,319800,0.0,0.0
2022-08-16 00:00:00-04:00,33.599998474121094,33.599998474121094,31.6200008392334,31.989999771118164,283200,0.0,0.0
2022-08-17 00:00:00-04:00,31.6299991607666,31.899999618530273,31.030000686645508,31.200000762939453,245300,0.0,0.0
2022-08-18 00:00:00-04:00,31.190000534057617,31.81999969482422,30.780000686645508,31.6299991607666,179400,0.0,0.0
2022-08-19 00:00:00-04:00,31.06999969482422,31.549999237060547,30.81999969482422,31.290000915527344,215000,0.0,0.0
2022-08-22 00:00:00-04:00,31.0,31.6299991607666,30.93000030517578,31.100000381469727,212300,0.0,0.0
2022-08-23 00:00:00-04:00,31.239999771118164,32.119998931884766,30.8700008392334,31.729999542236328,243100,0.0,0.0
2022-08-24 00:00:00-04:00,31.639999389648438,33.459999084472656,31.274999618530273,33.27000045776367,194400,0.0,0.0
2022-08-25 00:00:00-04:00,33.52000045776367,33.900001525878906,32.75,33.869998931884766,192000,0.0,0.0
2022-08-26 00:00:00-04:00,33.790000915527344,33.790000915527344,31.100000381469727,31.190000534057617,306400,0.0,0.0
2022-08-29 00:00:00-04:00,30.6299991607666,31.2450008392334,30.049999237060547,30.479999542236328,244300,0.0,0.0
2022-08-30 00:00:00-04:00,30.6299991607666,30.780000686645508,29.389999389648438,29.8799991607666,414200,0.0,0.0
2022-08-31 00:00:00-04:00,30.670000076293945,30.915000915527344,29.25,29.5,241200,0.0,0.0
2022-09-01 00:00:00-04:00,29.15999984741211,30.889999389648438,28.690000534057617,30.0,695300,0.0,0.0
2022-09-02 00:00:00-04:00,30.290000915527344,31.31999969482422,29.229999542236328,29.6200008392334,345300,0.0,0.0
2022-09-06 00:00:00-04:00,29.700000762939453,29.790000915527344,26.65999984741211,26.920000076293945,418800,0.0,0.0
2022-09-07 00:00:00-04:00,26.799999237060547,28.18000030517578,26.600000381469727,28.079999923706055,350000,0.0,0.0
2022-09-08 00:00:00-04:00,27.920000076293945,29.18000030517578,27.8700008392334,28.260000228881836,247000,0.0,0.0
2022-09-09 00:00:00-04:00,28.68000030517578,29.290000915527344,28.1299991607666,28.8700008392334,271800,0.0,0.0
2022-09-12 00:00:00-04:00,29.020000457763672,29.459999084472656,28.540000915527344,28.760000228881836,197900,0.0,0.0
2022-09-13 00:00:00-04:00,27.75,27.915000915527344,26.290000915527344,26.329999923706055,362800,0.0,0.0
2022-09-14 00:00:00-04:00,26.43000030517578,27.100000381469727,25.790000915527344,26.81999969482422,361200,0.0,0.0
2022-09-15 00:00:00-04:00,26.729999542236328,27.18000030517578,26.40999984741211,26.93000030517578,366600,0.0,0.0
2022-09-16 00:00:00-04:00,26.420000076293945,26.420000076293945,25.299999237060547,25.979999542236328,638800,0.0,0.0
2022-09-19 00:00:00-04:00,26.059999465942383,26.190000534057617,25.469999313354492,25.739999771118164,306900,0.0,0.0
2022-09-20 00:00:00-04:00,25.40999984741211,25.979999542236328,25.030000686645508,25.350000381469727,227900,0.0,0.0
2022-09-21 00:00:00-04:00,25.489999771118164,25.55500030517578,24.0,24.06999969482422,331300,0.0,0.0
2022-09-22 00:00:00-04:00,23.799999237060547,24.079999923706055,23.110000610351562,23.530000686645508,266700,0.0,0.0
2022-09-23 00:00:00-04:00,23.420000076293945,23.46500015258789,22.200000762939453,22.860000610351562,352000,0.0,0.0
2022-09-26 00:00:00-04:00,22.780000686645508,23.3700008392334,22.209999084472656,22.290000915527344,255400,0.0,0.0
2022-09-27 00:00:00-04:00,22.729999542236328,23.5,22.6200008392334,23.190000534057617,500000,0.0,0.0
2022-09-28 00:00:00-04:00,23.65999984741211,24.93000030517578,23.610000610351562,24.670000076293945,557300,0.0,0.0
2022-09-29 00:00:00-04:00,24.3700008392334,25.049999237060547,24.0,24.920000076293945,532600,0.0,0.0
2022-09-30 00:00:00-04:00,25.079999923706055,27.200000762939453,25.0,26.43000030517578,487400,0.0,0.0
2022-10-03 00:00:00-04:00,27.0,27.079999923706055,23.719999313354492,24.170000076293945,550900,0.0,0.0
2022-10-04 00:00:00-04:00,24.329999923706055,26.31999969482422,22.15999984741211,22.600000381469727,801400,0.0,0.0
2022-10-05 00:00:00-04:00,22.299999237060547,22.8700008392334,21.700000762939453,22.780000686645508,506000,0.0,0.0
2022-10-06 00:00:00-04:00,22.81999969482422,23.440000534057617,22.639999389648438,23.1200008392334,404200,0.0,0.0
2022-10-07 00:00:00-04:00,22.770000457763672,23.09000015258789,22.309999465942383,22.360000610351562,457700,0.0,0.0
2022-10-10 00:00:00-04:00,22.239999771118164,22.420000076293945,21.81999969482422,21.979999542236328,277800,0.0,0.0
2022-10-11 00:00:00-04:00,21.93000030517578,22.31999969482422,21.489999771118164,22.170000076293945,355500,0.0,0.0
2022-10-12 00:00:00-04:00,22.170000076293945,22.600000381469727,21.739999771118164,22.459999084472656,184200,0.0,0.0
2022-10-13 00:00:00-04:00,21.75,22.774999618530273,21.600000381469727,22.68000030517578,225700,0.0,0.0
2022-10-14 00:00:00-04:00,22.940000534057617,23.43000030517578,22.270000457763672,22.3700008392334,218300,0.0,0.0
2022-10-17 00:00:00-04:00,22.739999771118164,24.06999969482422,22.420000076293945,23.729999542236328,301600,0.0,0.0
2022-10-18 00:00:00-04:00,24.1200008392334,24.510000228881836,23.59000015258789,23.709999084472656,257000,0.0,0.0
2022-10-19 00:00:00-04:00,23.360000610351562,23.59000015258789,22.170000076293945,22.469999313354492,563600,0.0,0.0
2022-10-20 00:00:00-04:00,22.479999542236328,23.56999969482422,22.479999542236328,22.639999389648438,179600,0.0,0.0
2022-10-21 00:00:00-04:00,22.829999923706055,23.43000030517578,22.51099967956543,23.25,261100,0.0,0.0
2022-10-24 00:00:00-04:00,23.229999542236328,23.229999542236328,21.704999923706055,22.200000762939453,359900,0.0,0.0
2022-10-25 00:00:00-04:00,22.3799991607666,23.049999237060547,22.25,22.309999465942383,383200,0.0,0.0
2022-10-26 00:00:00-04:00,22.3799991607666,23.84000015258789,22.225000381469727,22.959999084472656,316000,0.0,0.0
2022-10-27 00:00:00-04:00,23.229999542236328,23.649999618530273,22.420000076293945,22.709999084472656,248100,0.0,0.0
2022-10-28 00:00:00-04:00,22.889999389648438,24.059999465942383,22.329999923706055,23.8799991607666,277000,0.0,0.0
2022-10-31 00:00:00-04:00,23.479999542236328,24.079999923706055,23.309999465942383,23.670000076293945,328300,0.0,0.0
2022-11-01 00:00:00-04:00,24.049999237060547,24.93000030517578,24.020000457763672,24.729999542236328,274200,0.0,0.0
2022-11-02 00:00:00-04:00,24.809999465942383,25.5,24.15999984741211,24.239999771118164,258900,0.0,0.0
2022-11-03 00:00:00-04:00,23.510000228881836,23.691999435424805,19.81999969482422,21.049999237060547,434700,0.0,0.0
2022-11-04 00:00:00-04:00,21.18000030517578,21.18000030517578,20.170000076293945,20.729999542236328,441500,0.0,0.0
2022-11-07 00:00:00-05:00,20.68000030517578,21.15999984741211,20.461000442504883,20.84000015258789,339200,0.0,0.0
2022-11-08 00:00:00-05:00,21.059999465942383,21.639999389648438,20.40999984741211,20.809999465942383,303700,0.0,0.0
2022-11-09 00:00:00-05:00,20.809999465942383,20.975000381469727,20.229999542236328,20.450000762939453,402000,0.0,0.0
2022-11-10 00:00:00-05:00,21.479999542236328,22.405000686645508,21.299999237060547,22.100000381469727,558000,0.0,0.0
2022-11-11 00:00:00-05:00,21.8700008392334,23.270000457763672,21.8700008392334,22.520000457763672,327300,0.0,0.0
2022-11-14 00:00:00-05:00,22.420000076293945,22.950000762939453,22.139999389648438,22.360000610351562,909100,0.0,0.0
2022-11-15 00:00:00-05:00,23.049999237060547,23.56999969482422,21.672000885009766,21.969999313354492,240200,0.0,0.0
2022-11-16 00:00:00-05:00,21.84000015258789,22.010000228881836,21.020000457763672,21.200000762939453,219500,0.0,0.0
2022-11-17 00:00:00-05:00,21.049999237060547,21.350000381469727,20.68000030517578,21.329999923706055,173700,0.0,0.0
2022-11-18 00:00:00-05:00,21.90999984741211,22.100000381469727,21.59000015258789,21.709999084472656,221200,0.0,0.0
2022-11-21 00:00:00-05:00,21.709999084472656,22.065000534057617,21.440000534057617,21.670000076293945,273200,0.0,0.0
2022-11-22 00:00:00-05:00,21.799999237060547,22.510000228881836,21.09000015258789,22.43000030517578,197300,0.0,0.0
2022-11-23 00:00:00-05:00,22.520000457763672,22.760000228881836,22.09000015258789,22.559999465942383,169800,0.0,0.0
2022-11-25 00:00:00-05:00,22.559999465942383,23.239999771118164,22.469999313354492,22.610000610351562,112900,0.0,0.0
2022-11-28 00:00:00-05:00,22.59000015258789,23.559999465942383,22.469999313354492,22.690000534057617,184800,0.0,0.0
2022-11-29 00:00:00-05:00,22.56999969482422,23.059999465942383,22.440000534057617,22.559999465942383,272400,0.0,0.0
2022-11-30 00:00:00-05:00,22.799999237060547,23.940000534057617,22.559999465942383,23.899999618530273,398300,0.0,0.0
2022-12-01 00:00:00-05:00,23.920000076293945,24.15999984741211,23.309999465942383,23.540000915527344,209600,0.0,0.0
2022-12-02 00:00:00-05:00,23.170000076293945,24.540000915527344,23.020000457763672,24.260000228881836,220800,0.0,0.0
2022-12-05 00:00:00-05:00,24.100000381469727,24.100000381469727,22.389999389648438,23.040000915527344,307900,0.0,0.0
2022-12-06 00:00:00-05:00,22.940000534057617,23.299999237060547,22.360000610351562,22.520000457763672,313500,0.0,0.0
2022-12-07 00:00:00-05:00,22.540000915527344,22.670000076293945,22.104999542236328,22.40999984741211,431500,0.0,0.0
2022-12-08 00:00:00-05:00,22.510000228881836,22.989999771118164,22.0939998626709,22.559999465942383,199700,0.0,0.0
2022-12-09 00:00:00-05:00,22.454999923706055,22.454999923706055,21.719999313354492,21.760000228881836,208000,0.0,0.0
2022-12-12 00:00:00-05:00,21.809999465942383,22.8700008392334,21.62700080871582,22.729999542236328,275300,0.0,0.0
2022-12-13 00:00:00-05:00,23.329999923706055,23.84000015258789,22.895000457763672,23.549999237060547,451000,0.0,0.0
2022-12-14 00:00:00-05:00,23.479999542236328,23.989999771118164,23.149999618530273,23.770000457763672,325600,0.0,0.0
2022-12-15 00:00:00-05:00,23.510000228881836,23.65999984741211,22.899999618530273,23.030000686645508,398100,0.0,0.0
2022-12-16 00:00:00-05:00,22.729999542236328,23.389999389648438,22.485000610351562,23.219999313354492,1451800,0.0,0.0
2022-12-19 00:00:00-05:00,22.75,23.309999465942383,21.290000915527344,22.020000457763672,602200,0.0,0.0
2022-12-20 00:00:00-05:00,21.899999618530273,22.850000381469727,21.899999618530273,22.6200008392334,424400,0.0,0.0
2022-12-21 00:00:00-05:00,22.690000534057617,23.780000686645508,22.690000534057617,23.559999465942383,390200,0.0,0.0
2022-12-22 00:00:00-05:00,23.350000381469727,23.940000534057617,23.030000686645508,23.469999313354492,352800,0.0,0.0
2022-12-23 00:00:00-05:00,23.459999084472656,23.790000915527344,21.760000228881836,22.25,307700,0.0,0.0
2022-12-27 00:00:00-05:00,22.309999465942383,23.325000762939453,21.709999084472656,21.940000534057617,379200,0.0,0.0
2022-12-28 00:00:00-05:00,21.979999542236328,22.540000915527344,21.65999984741211,21.770000457763672,379900,0.0,0.0
2022-12-29 00:00:00-05:00,21.959999084472656,23.59000015258789,21.700000762939453,22.81999969482422,568600,0.0,0.0
2022-12-30 00:00:00-05:00,22.75,23.170000076293945,22.010000228881836,22.68000030517578,531000,0.0,0.0
2023-01-03 00:00:00-05:00,22.760000228881836,23.15999984741211,21.90999984741211,22.25,297000,0.0,0.0
2023-01-04 00:00:00-05:00,22.350000381469727,23.200000762939453,22.290000915527344,22.829999923706055,321000,0.0,0.0
2023-01-05 00:00:00-05:00,22.700000762939453,22.739999771118164,22.0,22.489999771118164,259400,0.0,0.0
2023-01-06 00:00:00-05:00,22.6200008392334,23.0,22.0049991607666,22.850000381469727,264100,0.0,0.0
2023-01-09 00:00:00-05:00,22.829999923706055,23.440000534057617,21.739999771118164,21.860000610351562,325900,0.0,0.0
2023-01-10 00:00:00-05:00,21.809999465942383,22.690000534057617,21.729999542236328,22.649999618530273,329300,0.0,0.0
2023-01-11 00:00:00-05:00,22.59000015258789,23.350000381469727,22.280000686645508,23.25,305400,0.0,0.0
2023-01-12 00:00:00-05:00,23.329999923706055,24.469999313354492,23.014999389648438,24.3799991607666,349700,0.0,0.0
2023-01-13 00:00:00-05:00,24.190000534057617,25.540000915527344,23.96500015258789,24.549999237060547,403000,0.0,0.0
2023-01-17 00:00:00-05:00,24.450000762939453,24.6200008392334,23.34000015258789,23.469999313354492,240500,0.0,0.0
2023-01-18 00:00:00-05:00,23.549999237060547,24.075000762939453,22.860000610351562,22.940000534057617,224900,0.0,0.0
2023-01-19 00:00:00-05:00,22.799999237060547,23.010000228881836,22.43000030517578,22.670000076293945,245100,0.0,0.0
2023-01-20 00:00:00-05:00,23.18000030517578,23.190000534057617,22.489999771118164,23.0,341400,0.0,0.0
2023-01-23 00:00:00-05:00,22.649999618530273,22.959999084472656,21.9950008392334,22.670000076293945,415500,0.0,0.0
2023-01-24 00:00:00-05:00,22.549999237060547,23.665000915527344,22.114999771118164,23.540000915527344,483300,0.0,0.0
2023-01-25 00:00:00-05:00,23.329999923706055,23.440000534057617,22.614999771118164,23.09000015258789,196300,0.0,0.0
2023-01-26 00:00:00-05:00,23.15999984741211,23.30500030517578,22.635000228881836,23.0,219500,0.0,0.0
2023-01-27 00:00:00-05:00,23.0,23.290000915527344,22.75,23.1299991607666,295200,0.0,0.0
2023-01-30 00:00:00-05:00,23.030000686645508,23.149999618530273,22.18000030517578,22.450000762939453,234200,0.0,0.0
2023-01-31 00:00:00-05:00,22.479999542236328,23.309999465942383,22.479999542236328,23.209999084472656,625800,0.0,0.0
2023-02-01 00:00:00-05:00,23.239999771118164,23.649999618530273,22.8700008392334,23.469999313354492,492400,0.0,0.0
2023-02-02 00:00:00-05:00,23.770000457763672,24.299999237060547,23.389999389648438,24.059999465942383,533900,0.0,0.0
2023-02-03 00:00:00-05:00,23.43000030517578,24.280000686645508,23.34000015258789,23.75,327100,0.0,0.0
2023-02-06 00:00:00-05:00,23.540000915527344,23.670000076293945,22.969999313354492,23.260000228881836,358300,0.0,0.0
2023-02-07 00:00:00-05:00,23.290000915527344,24.059999465942383,22.760000228881836,24.020000457763672,610400,0.0,0.0
2023-02-08 00:00:00-05:00,23.84000015258789,24.149999618530273,23.100000381469727,23.110000610351562,326500,0.0,0.0
2023-02-09 00:00:00-05:00,23.260000228881836,23.489999771118164,22.739999771118164,23.0,197600,0.0,0.0
2023-02-10 00:00:00-05:00,22.940000534057617,23.149999618530273,22.584999084472656,23.020000457763672,491600,0.0,0.0
2023-02-13 00:00:00-05:00,22.989999771118164,22.989999771118164,21.899999618530273,22.299999237060547,358800,0.0,0.0
2023-02-14 00:00:00-05:00,22.200000762939453,22.315000534057617,21.690000534057617,22.260000228881836,393300,0.0,0.0
2023-02-15 00:00:00-05:00,22.1299991607666,22.450000762939453,21.649999618530273,22.450000762939453,297500,0.0,0.0
2023-02-16 00:00:00-05:00,22.079999923706055,22.459999084472656,21.170000076293945,21.190000534057617,419000,0.0,0.0
2023-02-17 00:00:00-05:00,21.309999465942383,22.260000228881836,21.0,22.18000030517578,465000,0.0,0.0
2023-02-21 00:00:00-05:00,21.940000534057617,22.100000381469727,21.18000030517578,21.25,313600,0.0,0.0
2023-02-22 00:00:00-05:00,21.280000686645508,22.389999389648438,20.934999465942383,22.15999984741211,469600,0.0,0.0
2023-02-23 00:00:00-05:00,22.31999969482422,22.424999237060547,21.43000030517578,21.700000762939453,296800,0.0,0.0
2023-02-24 00:00:00-05:00,21.389999389648438,21.600000381469727,20.950000762939453,21.309999465942383,306200,0.0,0.0
2023-02-27 00:00:00-05:00,21.729999542236328,22.090999603271484,21.479999542236328,21.940000534057617,307000,0.0,0.0
2023-02-28 00:00:00-05:00,21.84000015258789,22.6200008392334,21.84000015258789,22.25,416400,0.0,0.0
2023-03-01 00:00:00-05:00,23.1200008392334,25.31999969482422,22.979999542236328,24.139999389648438,1152200,0.0,0.0
2023-03-02 00:00:00-05:00,24.020000457763672,24.75,23.46299934387207,23.540000915527344,612600,0.0,0.0
2023-03-03 00:00:00-05:00,23.639999389648438,24.4950008392334,23.31999969482422,24.389999389648438,648600,0.0,0.0
2023-03-06 00:00:00-05:00,24.389999389648438,24.510000228881836,22.770000457763672,22.93000030517578,440800,0.0,0.0
2023-03-07 00:00:00-05:00,22.829999923706055,23.899999618530273,22.600000381469727,23.440000534057617,369400,0.0,0.0
2023-03-08 00:00:00-05:00,23.489999771118164,23.489999771118164,22.589000701904297,22.969999313354492,236200,0.0,0.0
2023-03-09 00:00:00-05:00,23.049999237060547,23.139999389648438,21.739999771118164,21.760000228881836,531800,0.0,0.0
2023-03-10 00:00:00-05:00,21.670000076293945,21.670000076293945,20.174999237060547,20.600000381469727,494100,0.0,0.0
2023-03-13 00:00:00-04:00,20.420000076293945,21.299999237060547,20.2450008392334,20.780000686645508,444000,0.0,0.0
2023-03-14 00:00:00-04:00,21.450000762939453,21.756000518798828,20.65999984741211,21.030000686645508,427700,0.0,0.0
2023-03-15 00:00:00-04:00,20.549999237060547,21.09000015258789,20.155000686645508,20.809999465942383,343800,0.0,0.0
2023-03-16 00:00:00-04:00,20.739999771118164,21.450000762939453,20.31999969482422,21.06999969482422,307600,0.0,0.0
2023-03-17 00:00:00-04:00,20.969999313354492,21.170000076293945,19.799999237060547,20.1299991607666,1142400,0.0,0.0
2023-03-20 00:00:00-04:00,20.15999984741211,20.979999542236328,19.6299991607666,20.8799991607666,501500,0.0,0.0
2023-03-21 00:00:00-04:00,21.059999465942383,21.3700008392334,20.55500030517578,20.920000076293945,312600,0.0,0.0
2023-03-22 00:00:00-04:00,20.93000030517578,20.93000030517578,19.649999618530273,19.690000534057617,397800,0.0,0.0
2023-03-23 00:00:00-04:00,19.979999542236328,20.600000381469727,19.55500030517578,19.940000534057617,331300,0.0,0.0
2023-03-24 00:00:00-04:00,19.690000534057617,19.959999084472656,19.200000762939453,19.809999465942383,337000,0.0,0.0
2023-03-27 00:00:00-04:00,19.889999389648438,20.27899932861328,19.329999923706055,19.360000610351562,331500,0.0,0.0
2023-03-28 00:00:00-04:00,19.299999237060547,19.639999389648438,18.649999618530273,18.829999923706055,327600,0.0,0.0
2023-03-29 00:00:00-04:00,19.0,19.43000030517578,18.6299991607666,18.950000762939453,793800,0.0,0.0
2023-03-30 00:00:00-04:00,18.969999313354492,19.229999542236328,17.81999969482422,18.079999923706055,729900,0.0,0.0
2023-03-31 00:00:00-04:00,18.15999984741211,19.010000228881836,18.15999984741211,18.90999984741211,888900,0.0,0.0
2023-04-03 00:00:00-04:00,18.920000076293945,19.469999313354492,18.899999618530273,19.3799991607666,412600,0.0,0.0
2023-04-04 00:00:00-04:00,19.420000076293945,19.420000076293945,18.56999969482422,19.1200008392334,497500,0.0,0.0
2023-04-05 00:00:00-04:00,19.010000228881836,19.18000030517578,18.139999389648438,18.170000076293945,565400,0.0,0.0
2023-04-06 00:00:00-04:00,18.209999084472656,18.524999618530273,17.815000534057617,18.469999313354492,387900,0.0,0.0
2023-04-10 00:00:00-04:00,18.34000015258789,18.34000015258789,17.030000686645508,17.260000228881836,659700,0.0,0.0
2023-04-11 00:00:00-04:00,17.549999237060547,18.200000762939453,17.399999618530273,17.709999084472656,432700,0.0,0.0
2023-04-12 00:00:00-04:00,17.969999313354492,18.149999618530273,17.56999969482422,17.719999313354492,318200,0.0,0.0
2023-04-13 00:00:00-04:00,17.770000457763672,19.579999923706055,17.770000457763672,19.3799991607666,537800,0.0,0.0
2023-04-14 00:00:00-04:00,19.309999465942383,19.309999465942383,18.635000228881836,18.959999084472656,250200,0.0,0.0
2023-04-17 00:00:00-04:00,19.149999618530273,20.030000686645508,19.049999237060547,19.350000381469727,424600,0.0,0.0
2023-04-18 00:00:00-04:00,19.450000762939453,19.450000762939453,18.56999969482422,18.889999389648438,216700,0.0,0.0
2023-04-19 00:00:00-04:00,18.690000534057617,19.360000610351562,18.510000228881836,19.190000534057617,206000,0.0,0.0
2023-04-20 00:00:00-04:00,18.989999771118164,19.209999084472656,18.670000076293945,18.8700008392334,293500,0.0,0.0
2023-04-21 00:00:00-04:00,18.899999618530273,19.200000762939453,18.579999923706055,19.06999969482422,227500,0.0,0.0
2023-04-24 00:00:00-04:00,19.1200008392334,19.200000762939453,18.709999084472656,19.15999984741211,365200,0.0,0.0
2023-04-25 00:00:00-04:00,19.030000686645508,19.610000610351562,18.674999237060547,18.920000076293945,261700,0.0,0.0
2023-04-26 00:00:00-04:00,18.84000015258789,18.969999313354492,18.06999969482422,18.399999618530273,393800,0.0,0.0
2023-04-27 00:00:00-04:00,18.399999618530273,18.915000915527344,18.200000762939453,18.649999618530273,287700,0.0,0.0
2023-04-28 00:00:00-04:00,18.739999771118164,19.540000915527344,18.43000030517578,19.360000610351562,274400,0.0,0.0
2023-05-01 00:00:00-04:00,19.399999618530273,20.334999084472656,19.344999313354492,20.100000381469727,323800,0.0,0.0
2023-05-02 00:00:00-04:00,19.989999771118164,20.1200008392334,18.989999771118164,19.489999771118164,454000,0.0,0.0
2023-05-03 00:00:00-04:00,19.5,20.639999389648438,19.385000228881836,20.229999542236328,439900,0.0,0.0
2023-05-04 00:00:00-04:00,18.0,20.31999969482422,17.709999084472656,19.90999984741211,672100,0.0,0.0
2023-05-05 00:00:00-04:00,20.1200008392334,20.1200008392334,18.55500030517578,18.8799991607666,545600,0.0,0.0
2023-05-08 00:00:00-04:00,18.8799991607666,18.989999771118164,17.920000076293945,18.450000762939453,326400,0.0,0.0
2023-05-09 00:00:00-04:00,18.3700008392334,19.06999969482422,18.225000381469727,18.709999084472656,279200,0.0,0.0
2023-05-10 00:00:00-04:00,19.030000686645508,19.59000015258789,18.739999771118164,19.260000228881836,402300,0.0,0.0
2023-05-11 00:00:00-04:00,19.139999389648438,19.31999969482422,18.700000762939453,19.200000762939453,304600,0.0,0.0
2023-05-12 00:00:00-04:00,19.309999465942383,19.40999984741211,18.729999542236328,19.329999923706055,405800,0.0,0.0
2023-05-15 00:00:00-04:00,19.510000228881836,22.1299991607666,19.510000228881836,21.709999084472656,779200,0.0,0.0
2023-05-16 00:00:00-04:00,21.309999465942383,21.670000076293945,19.514999389648438,19.719999313354492,506100,0.0,0.0
2023-05-17 00:00:00-04:00,19.780000686645508,20.010000228881836,18.899999618530273,19.360000610351562,467900,0.0,0.0
2023-05-18 00:00:00-04:00,19.040000915527344,19.040000915527344,17.46500015258789,18.559999465942383,655800,0.0,0.0
2023-05-19 00:00:00-04:00,18.850000381469727,20.200000762939453,18.579999923706055,20.040000915527344,394500,0.0,0.0
2023-05-22 00:00:00-04:00,20.110000610351562,20.899999618530273,19.93000030517578,20.530000686645508,288200,0.0,0.0
2023-05-23 00:00:00-04:00,20.549999237060547,21.450000762939453,20.204999923706055,20.389999389648438,388700,0.0,0.0
2023-05-24 00:00:00-04:00,20.209999084472656,20.260000228881836,19.280000686645508,19.639999389648438,362900,0.0,0.0
2023-05-25 00:00:00-04:00,19.6200008392334,19.6200008392334,17.614999771118164,18.260000228881836,428700,0.0,0.0
2023-05-26 00:00:00-04:00,18.18000030517578,18.469999313354492,17.889999389648438,18.200000762939453,348700,0.0,0.0
2023-05-30 00:00:00-04:00,18.18000030517578,18.530000686645508,17.34000015258789,17.5,469100,0.0,0.0
2023-05-31 00:00:00-04:00,17.530000686645508,18.280000686645508,17.020000457763672,17.229999542236328,897400,0.0,0.0
2023-06-01 00:00:00-04:00,17.360000610351562,18.81999969482422,17.052000045776367,18.559999465942383,434400,0.0,0.0
2023-06-02 00:00:00-04:00,19.559999465942383,19.770000457763672,18.665000915527344,19.719999313354492,339300,0.0,0.0
2023-06-05 00:00:00-04:00,19.579999923706055,20.229999542236328,19.170000076293945,19.219999313354492,331000,0.0,0.0
2023-06-06 00:00:00-04:00,19.209999084472656,20.299999237060547,19.190000534057617,20.100000381469727,288400,0.0,0.0
2023-06-07 00:00:00-04:00,20.170000076293945,20.520000457763672,19.562999725341797,20.34000015258789,251100,0.0,0.0
2023-06-08 00:00:00-04:00,20.260000228881836,20.399999618530273,19.31999969482422,20.239999771118164,398700,0.0,0.0
2023-06-09 00:00:00-04:00,20.260000228881836,20.459999084472656,19.799999237060547,20.100000381469727,274100,0.0,0.0
2023-06-12 00:00:00-04:00,20.18000030517578,20.78499984741211,19.809999465942383,19.93000030517578,279000,0.0,0.0
2023-06-13 00:00:00-04:00,20.010000228881836,20.416000366210938,19.770000457763672,20.229999542236328,372700,0.0,0.0
2023-06-14 00:00:00-04:00,20.229999542236328,20.270000457763672,19.489999771118164,19.690000534057617,363600,0.0,0.0
2023-06-15 00:00:00-04:00,19.510000228881836,19.760000228881836,18.75,19.649999618530273,523200,0.0,0.0
2023-06-16 00:00:00-04:00,20.030000686645508,20.065000534057617,19.200000762939453,19.8799991607666,1391500,0.0,0.0
2023-06-20 00:00:00-04:00,19.8799991607666,20.670000076293945,19.639999389648438,20.280000686645508,517200,0.0,0.0
2023-06-21 00:00:00-04:00,20.280000686645508,20.319000244140625,18.889999389648438,19.329999923706055,346500,0.0,0.0
2023-06-22 00:00:00-04:00,19.15999984741211,19.7450008392334,18.809999465942383,19.31999969482422,365900,0.0,0.0
2023-06-23 00:00:00-04:00,19.059999465942383,19.43600082397461,18.6200008392334,18.899999618530273,395500,0.0,0.0
2023-06-26 00:00:00-04:00,18.8700008392334,18.954999923706055,18.399999618530273,18.420000076293945,333100,0.0,0.0
2023-06-27 00:00:00-04:00,18.469999313354492,19.829999923706055,18.229999542236328,19.690000534057617,351000,0.0,0.0
2023-06-28 00:00:00-04:00,19.790000915527344,20.760000228881836,19.479999542236328,20.389999389648438,525300,0.0,0.0
2023-06-29 00:00:00-04:00,20.34000015258789,20.486000061035156,19.690000534057617,19.829999923706055,375000,0.0,0.0
2023-06-30 00:00:00-04:00,20.1200008392334,20.299999237060547,19.649999618530273,19.989999771118164,453200,0.0,0.0
2023-07-03 00:00:00-04:00,19.829999923706055,20.145000457763672,19.709999084472656,19.989999771118164,151900,0.0,0.0
2023-07-05 00:00:00-04:00,20.059999465942383,20.059999465942383,18.700000762939453,19.18000030517578,337700,0.0,0.0
2023-07-06 00:00:00-04:00,18.81999969482422,19.5,18.450000762939453,19.420000076293945,302400,0.0,0.0
2023-07-07 00:00:00-04:00,19.5,19.969999313354492,19.010000228881836,19.469999313354492,262800,0.0,0.0
2023-07-10 00:00:00-04:00,19.399999618530273,20.309999465942383,19.350000381469727,19.739999771118164,665100,0.0,0.0
2023-07-11 00:00:00-04:00,19.8799991607666,20.3799991607666,19.332000732421875,19.829999923706055,559700,0.0,0.0
2023-07-12 00:00:00-04:00,20.229999542236328,20.229999542236328,19.200000762939453,19.309999465942383,345100,0.0,0.0
2023-07-13 00:00:00-04:00,19.3799991607666,19.3799991607666,18.8799991607666,19.06999969482422,382700,0.0,0.0
2023-07-14 00:00:00-04:00,19.139999389648438,19.139999389648438,18.549999237060547,18.860000610351562,240400,0.0,0.0
2023-07-17 00:00:00-04:00,18.84000015258789,19.399999618530273,18.59000015258789,18.610000610351562,194800,0.0,0.0
2023-07-18 00:00:00-04:00,18.59000015258789,18.969999313354492,18.260000228881836,18.31999969482422,240500,0.0,0.0
2023-07-19 00:00:00-04:00,18.469999313354492,19.030000686645508,18.299999237060547,18.329999923706055,239400,0.0,0.0
2023-07-20 00:00:00-04:00,18.149999618530273,18.280000686645508,17.670000076293945,18.030000686645508,244000,0.0,0.0
2023-07-21 00:00:00-04:00,18.239999771118164,18.3700008392334,17.850000381469727,18.270000457763672,201300,0.0,0.0
2023-07-24 00:00:00-04:00,18.209999084472656,18.350000381469727,17.760000228881836,18.049999237060547,245500,0.0,0.0
2023-07-25 00:00:00-04:00,17.950000762939453,18.149999618530273,17.700000762939453,17.729999542236328,215100,0.0,0.0
2023-07-26 00:00:00-04:00,17.690000534057617,18.219999313354492,17.55500030517578,18.190000534057617,258900,0.0,0.0
2023-07-27 00:00:00-04:00,18.280000686645508,18.329999923706055,17.860000610351562,18.010000228881836,217300,0.0,0.0
2023-07-28 00:00:00-04:00,18.270000457763672,18.889999389648438,18.170000076293945,18.809999465942383,270300,0.0,0.0
2023-07-31 00:00:00-04:00,18.889999389648438,19.235000610351562,18.709999084472656,19.0,281400,0.0,0.0
2023-08-01 00:00:00-04:00,19.31999969482422,19.780000686645508,18.7549991607666,19.149999618530273,447800,0.0,0.0
2023-08-02 00:00:00-04:00,19.049999237060547,19.364999771118164,18.829999923706055,18.899999618530273,377400,0.0,0.0
2023-08-03 00:00:00-04:00,17.540000915527344,19.34000015258789,17.329999923706055,17.479999542236328,797400,0.0,0.0
2023-08-04 00:00:00-04:00,17.510000228881836,18.229999542236328,17.43000030517578,17.700000762939453,407300,0.0,0.0
2023-08-07 00:00:00-04:00,17.84000015258789,18.1299991607666,17.260000228881836,17.549999237060547,419400,0.0,0.0
2023-08-08 00:00:00-04:00,17.670000076293945,17.8700008392334,17.344999313354492,17.850000381469727,354600,0.0,0.0
2023-08-09 00:00:00-04:00,17.8700008392334,18.510000228881836,17.84000015258789,18.100000381469727,322100,0.0,0.0
2023-08-10 00:00:00-04:00,18.139999389648438,18.440000534057617,17.920000076293945,17.969999313354492,227700,0.0,0.0
2023-08-11 00:00:00-04:00,17.829999923706055,18.170000076293945,17.80500030517578,17.899999618530273,179700,0.0,0.0
2023-08-14 00:00:00-04:00,17.68000030517578,18.34000015258789,17.18000030517578,18.239999771118164,268900,0.0,0.0
2023-08-15 00:00:00-04:00,18.18000030517578,18.549999237060547,17.8799991607666,18.030000686645508,230600,0.0,0.0
2023-08-16 00:00:00-04:00,17.969999313354492,18.3799991607666,17.516000747680664,18.0,357300,0.0,0.0
2023-08-17 00:00:00-04:00,18.100000381469727,18.225000381469727,17.600000381469727,17.690000534057617,269800,0.0,0.0
2023-08-18 00:00:00-04:00,17.479999542236328,17.989999771118164,17.29400062561035,17.649999618530273,439500,0.0,0.0
2023-08-21 00:00:00-04:00,17.649999618530273,18.5,17.229999542236328,18.1299991607666,322200,0.0,0.0
2023-08-22 00:00:00-04:00,18.190000534057617,18.530000686645508,17.78499984741211,18.010000228881836,389300,0.0,0.0
2023-08-23 00:00:00-04:00,18.030000686645508,18.3799991607666,17.850000381469727,17.979999542236328,250000,0.0,0.0
2023-08-24 00:00:00-04:00,17.959999084472656,18.0,17.510000228881836,17.899999618530273,289700,0.0,0.0
2023-08-25 00:00:00-04:00,17.940000534057617,18.209999084472656,17.530000686645508,18.149999618530273,267800,0.0,0.0
2023-08-28 00:00:00-04:00,18.229999542236328,18.520000457763672,18.010000228881836,18.40999984741211,222900,0.0,0.0
2023-08-29 00:00:00-04:00,18.40999984741211,19.040000915527344,18.350000381469727,18.389999389648438,336300,0.0,0.0
2023-08-30 00:00:00-04:00,18.239999771118164,18.485000610351562,18.09000015258789,18.420000076293945,242100,0.0,0.0
2023-08-31 00:00:00-04:00,18.389999389648438,18.5,17.670000076293945,17.700000762939453,415000,0.0,0.0
2023-09-01 00:00:00-04:00,17.809999465942383,18.190000534057617,17.809999465942383,18.1299991607666,223700,0.0,0.0
2023-09-05 00:00:00-04:00,18.06999969482422,18.190000534057617,17.360000610351562,17.440000534057617,393200,0.0,0.0
2023-09-06 00:00:00-04:00,17.40999984741211,17.829999923706055,17.225000381469727,17.670000076293945,251500,0.0,0.0
2023-09-07 00:00:00-04:00,17.479999542236328,17.639999389648438,17.25,17.3700008392334,238600,0.0,0.0
2023-09-08 00:00:00-04:00,17.360000610351562,17.479999542236328,17.09000015258789,17.229999542236328,291200,0.0,0.0
2023-09-11 00:00:00-04:00,17.170000076293945,17.469999313354492,16.93000030517578,17.309999465942383,286300,0.0,0.0
2023-09-12 00:00:00-04:00,17.239999771118164,17.511999130249023,17.100000381469727,17.31999969482422,330400,0.0,0.0
2023-09-13 00:00:00-04:00,17.350000381469727,18.2549991607666,17.280000686645508,18.020000457763672,510900,0.0,0.0
2023-09-14 00:00:00-04:00,17.850000381469727,18.18000030517578,17.84000015258789,18.079999923706055,300300,0.0,0.0
2023-09-15 00:00:00-04:00,18.18000030517578,18.360000610351562,17.610000610351562,17.780000686645508,925400,0.0,0.0
2023-09-18 00:00:00-04:00,17.950000762939453,18.15999984741211,17.649999618530273,17.809999465942383,341800,0.0,0.0
2023-09-19 00:00:00-04:00,17.790000915527344,17.920000076293945,17.579999923706055,17.899999618530273,226700,0.0,0.0
2023-09-20 00:00:00-04:00,17.920000076293945,18.040000915527344,17.55500030517578,17.56999969482422,221600,0.0,0.0
2023-09-21 00:00:00-04:00,17.420000076293945,17.920000076293945,17.15999984741211,17.6200008392334,272500,0.0,0.0
2023-09-22 00:00:00-04:00,17.6200008392334,17.6200008392334,17.100000381469727,17.110000610351562,363900,0.0,0.0
2023-09-25 00:00:00-04:00,17.010000228881836,17.131999969482422,16.610000610351562,16.8799991607666,266900,0.0,0.0
2023-09-26 00:00:00-04:00,16.940000534057617,17.530000686645508,16.739999771118164,17.170000076293945,500700,0.0,0.0
2023-09-27 00:00:00-04:00,17.229999542236328,17.860000610351562,17.209999084472656,17.600000381469727,342100,0.0,0.0
2023-09-28 00:00:00-04:00,17.540000915527344,17.799999237060547,17.209999084472656,17.68000030517578,405600,0.0,0.0
2023-09-29 00:00:00-04:00,17.739999771118164,17.84000015258789,16.135000228881836,16.459999084472656,613900,0.0,0.0
2023-10-02 00:00:00-04:00,16.459999084472656,16.459999084472656,15.680000305175781,16.06999969482422,629600,0.0,0.0
2023-10-03 00:00:00-04:00,15.979999542236328,16.65999984741211,15.699999809265137,16.5,468100,0.0,0.0
2023-10-04 00:00:00-04:00,16.84000015258789,17.010000228881836,15.140000343322754,15.15999984741211,600500,0.0,0.0
2023-10-05 00:00:00-04:00,15.039999961853027,16.18000030517578,14.899999618530273,15.829999923706055,570400,0.0,0.0
2023-10-06 00:00:00-04:00,15.869999885559082,16.079999923706055,15.4399995803833,15.890000343322754,358800,0.0,0.0
2023-10-09 00:00:00-04:00,15.729999542236328,16.200000762939453,15.425000190734863,16.06999969482422,344800,0.0,0.0
2023-10-10 00:00:00-04:00,16.059999465942383,17.059999465942383,16.059999465942383,16.81999969482422,314400,0.0,0.0
2023-10-11 00:00:00-04:00,16.799999237060547,17.149999618530273,16.610000610351562,16.809999465942383,228700,0.0,0.0
2023-10-12 00:00:00-04:00,16.799999237060547,16.81999969482422,15.899999618530273,15.90999984741211,421700,0.0,0.0
2023-10-13 00:00:00-04:00,15.949999809265137,16.209999084472656,15.774999618530273,16.09000015258789,310500,0.0,0.0
2023-10-16 00:00:00-04:00,16.149999618530273,16.469999313354492,15.850000381469727,16.25,289600,0.0,0.0
2023-10-17 00:00:00-04:00,16.100000381469727,16.80500030517578,16.100000381469727,16.510000228881836,405200,0.0,0.0
2023-10-18 00:00:00-04:00,16.360000610351562,16.545000076293945,15.869999885559082,15.979999542236328,423600,0.0,0.0
2023-10-19 00:00:00-04:00,16.059999465942383,16.34000015258789,15.850000381469727,15.90999984741211,468500,0.0,0.0
2023-10-20 00:00:00-04:00,15.989999771118164,16.299999237060547,15.795000076293945,16.15999984741211,365600,0.0,0.0
2023-10-23 00:00:00-04:00,15.989999771118164,16.125,15.550000190734863,15.569999694824219,465600,0.0,0.0
2023-10-24 00:00:00-04:00,15.75,16.239999771118164,15.720000267028809,15.90999984741211,269400,0.0,0.0
2023-10-25 00:00:00-04:00,15.729999542236328,15.954999923706055,15.489999771118164,15.569999694824219,217700,0.0,0.0
2023-10-26 00:00:00-04:00,15.59000015258789,15.829999923706055,15.270000457763672,15.350000381469727,416300,0.0,0.0
2023-10-27 00:00:00-04:00,15.420000076293945,15.420000076293945,14.329999923706055,14.380000114440918,366700,0.0,0.0
2023-10-30 00:00:00-04:00,14.569999694824219,14.859999656677246,14.319999694824219,14.369999885559082,362400,0.0,0.0
2023-10-31 00:00:00-04:00,13.600000381469727,13.600000381469727,12.819999694824219,12.890000343322754,975200,0.0,0.0
2023-11-01 00:00:00-04:00,13.260000228881836,14.229999542236328,12.850000381469727,14.1899995803833,694000,0.0,0.0
2023-11-02 00:00:00-04:00,14.180000305175781,14.4399995803833,13.571999549865723,14.1899995803833,501500,0.0,0.0
2023-11-03 00:00:00-04:00,14.359999656677246,15.4399995803833,14.359999656677246,15.329999923706055,589300,0.0,0.0
2023-11-06 00:00:00-05:00,15.520000457763672,15.890000343322754,15.010000228881836,15.789999961853027,450300,0.0,0.0
2023-11-07 00:00:00-05:00,15.859999656677246,16.485000610351562,15.710000038146973,16.440000534057617,724500,0.0,0.0
2023-11-08 00:00:00-05:00,16.5,16.84000015258789,16.010000228881836,16.40999984741211,577600,0.0,0.0
2023-11-09 00:00:00-05:00,17.040000915527344,17.729999542236328,16.489999771118164,16.809999465942383,961300,0.0,0.0
2023-11-10 00:00:00-05:00,17.040000915527344,18.239999771118164,16.739999771118164,17.84000015258789,878700,0.0,0.0
2023-11-13 00:00:00-05:00,17.799999237060547,17.90999984741211,17.329999923706055,17.739999771118164,1058400,0.0,0.0
2023-11-14 00:00:00-05:00,18.540000915527344,19.155000686645508,18.450000762939453,19.049999237060547,830500,0.0,0.0
2023-11-15 00:00:00-05:00,18.979999542236328,19.540000915527344,18.979999542236328,19.139999389648438,595800,0.0,0.0
2023-11-16 00:00:00-05:00,19.110000610351562,19.239999771118164,18.65999984741211,18.860000610351562,588000,0.0,0.0
2023-11-17 00:00:00-05:00,18.950000762939453,19.530000686645508,18.649999618530273,19.489999771118164,462900,0.0,0.0
2023-11-20 00:00:00-05:00,19.649999618530273,20.8799991607666,19.56999969482422,20.030000686645508,606600,0.0,0.0
2023-11-21 00:00:00-05:00,19.780000686645508,20.229999542236328,19.540000915527344,19.899999618530273,358900,0.0,0.0
2023-11-22 00:00:00-05:00,20.190000534057617,20.235000610351562,18.969999313354492,19.1299991607666,262500,0.0,0.0
2023-11-24 00:00:00-05:00,19.18000030517578,19.6299991607666,19.139999389648438,19.5,115200,0.0,0.0
2023-11-27 00:00:00-05:00,19.450000762939453,19.450000762939453,18.6299991607666,19.190000534057617,279600,0.0,0.0
2023-11-28 00:00:00-05:00,19.170000076293945,19.360000610351562,18.739999771118164,19.219999313354492,196800,0.0,0.0
2023-11-29 00:00:00-05:00,19.299999237060547,19.885000228881836,18.549999237060547,18.610000610351562,553600,0.0,0.0
2023-11-30 00:00:00-05:00,18.780000686645508,20.0,18.5,19.520000457763672,619000,0.0,0.0
2023-12-01 00:00:00-05:00,19.450000762939453,19.81999969482422,19.090999603271484,19.670000076293945,378700,0.0,0.0
2023-12-04 00:00:00-05:00,19.65999984741211,20.274999618530273,19.5,20.010000228881836,430600,0.0,0.0
2023-12-05 00:00:00-05:00,19.829999923706055,19.920000076293945,19.510000228881836,19.6200008392334,296100,0.0,0.0
2023-12-06 00:00:00-05:00,19.81999969482422,20.135000228881836,19.56999969482422,19.780000686645508,239200,0.0,0.0
2023-12-07 00:00:00-05:00,19.780000686645508,20.639999389648438,19.75,20.600000381469727,410900,0.0,0.0
2023-12-08 00:00:00-05:00,20.59000015258789,20.59000015258789,19.56999969482422,19.579999923706055,228300,0.0,0.0
2023-12-11 00:00:00-05:00,19.670000076293945,19.670000076293945,19.020000457763672,19.389999389648438,204100,0.0,0.0
2023-12-12 00:00:00-05:00,19.280000686645508,19.309999465942383,18.200000762939453,19.139999389648438,434600,0.0,0.0
2023-12-13 00:00:00-05:00,19.010000228881836,20.299999237060547,18.75,20.149999618530273,427000,0.0,0.0
2023-12-14 00:00:00-05:00,20.600000381469727,21.3799991607666,20.479999542236328,20.81999969482422,612700,0.0,0.0
2023-12-15 00:00:00-05:00,20.81999969482422,21.34000015258789,19.739999771118164,19.959999084472656,1217200,0.0,0.0
2023-12-18 00:00:00-05:00,20.110000610351562,20.270000457763672,19.440000534057617,19.510000228881836,327500,0.0,0.0
2023-12-19 00:00:00-05:00,19.770000457763672,20.190000534057617,19.18000030517578,19.610000610351562,381900,0.0,0.0
2023-12-20 00:00:00-05:00,19.549999237060547,19.549999237060547,18.25,18.299999237060547,545600,0.0,0.0
2023-12-21 00:00:00-05:00,18.600000381469727,19.025999069213867,18.3799991607666,18.450000762939453,396400,0.0,0.0
2023-12-22 00:00:00-05:00,18.709999084472656,19.209999084472656,18.15999984741211,18.6200008392334,1295300,0.0,0.0
2023-12-26 00:00:00-05:00,18.899999618530273,19.200000762939453,18.700000762939453,18.75,509800,0.0,0.0
2023-12-27 00:00:00-05:00,18.780000686645508,19.09000015258789,18.290000915527344,18.8700008392334,569400,0.0,0.0
2023-12-28 00:00:00-05:00,18.889999389648438,19.040000915527344,18.020000457763672,18.540000915527344,480900,0.0,0.0
2023-12-29 00:00:00-05:00,18.540000915527344,18.540000915527344,17.729999542236328,17.950000762939453,619600,0.0,0.0
2024-01-02 00:00:00-05:00,17.760000228881836,18.690000534057617,17.600000381469727,18.34000015258789,301600,0.0,0.0
2024-01-03 00:00:00-05:00,18.3799991607666,18.3799991607666,17.030000686645508,17.299999237060547,1285800,0.0,0.0
2024-01-04 00:00:00-05:00,17.34000015258789,17.690000534057617,17.020000457763672,17.399999618530273,628500,0.0,0.0
2024-01-05 00:00:00-05:00,17.100000381469727,17.670000076293945,16.440000534057617,16.450000762939453,490000,0.0,0.0
2024-01-08 00:00:00-05:00,16.030000686645508,16.030000686645508,12.760000228881836,14.4399995803833,1732100,0.0,0.0
2024-01-09 00:00:00-05:00,14.239999771118164,14.859999656677246,13.899999618530273,14.670000076293945,805200,0.0,0.0
2024-01-10 00:00:00-05:00,14.600000381469727,15.0,14.4350004196167,14.869999885559082,539300,0.0,0.0
2024-01-11 00:00:00-05:00,14.65999984741211,14.880000114440918,14.170000076293945,14.569999694824219,679300,0.0,0.0
2024-01-12 00:00:00-05:00,14.800000190734863,15.380000114440918,14.744999885559082,15.130000114440918,497600,0.0,0.0
2024-01-16 00:00:00-05:00,14.970000267028809,15.9399995803833,14.520000457763672,15.270000457763672,893400,0.0,0.0
2024-01-17 00:00:00-05:00,15.25,15.25,13.994000434875488,14.15999984741211,488100,0.0,0.0
2024-01-18 00:00:00-05:00,14.170000076293945,14.187999725341797,13.680000305175781,13.770000457763672,406300,0.0,0.0
2024-01-19 00:00:00-05:00,13.789999961853027,13.878999710083008,13.449999809265137,13.710000038146973,326500,0.0,0.0
2024-01-22 00:00:00-05:00,13.680000305175781,14.199999809265137,13.505000114440918,14.199999809265137,503100,0.0,0.0
2024-01-23 00:00:00-05:00,14.470000267028809,15.079999923706055,14.055000305175781,14.1899995803833,330200,0.0,0.0
2024-01-24 00:00:00-05:00,14.40999984741211,14.5,13.920000076293945,13.989999771118164,318500,0.0,0.0
2024-01-25 00:00:00-05:00,14.149999618530273,14.380000114440918,13.194999694824219,13.260000228881836,351500,0.0,0.0
2024-01-26 00:00:00-05:00,13.430000305175781,13.569999694824219,12.649999618530273,12.720000267028809,265000,0.0,0.0
2024-01-29 00:00:00-05:00,12.699999809265137,13.079999923706055,12.430000305175781,12.970000267028809,525500,0.0,0.0
2024-01-30 00:00:00-05:00,12.850000381469727,12.850000381469727,12.069999694824219,12.170000076293945,1103100,0.0,0.0
2024-01-31 00:00:00-05:00,12.239999771118164,12.850000381469727,12.229999542236328,12.319999694824219,585600,0.0,0.0
2024-02-01 00:00:00-05:00,12.329999923706055,12.819999694824219,12.0600004196167,12.680000305175781,617700,0.0,0.0
2024-02-02 00:00:00-05:00,12.449999809265137,12.680000305175781,11.829999923706055,12.239999771118164,467800,0.0,0.0
2024-02-05 00:00:00-05:00,12.0600004196167,12.414999961853027,11.890000343322754,12.319999694824219,407400,0.0,0.0
2024-02-06 00:00:00-05:00,12.260000228881836,13.09000015258789,12.050000190734863,13.050000190734863,302100,0.0,0.0
2024-02-07 00:00:00-05:00,13.510000228881836,15.489999771118164,13.510000228881836,14.569999694824219,1842500,0.0,0.0
2024-02-08 00:00:00-05:00,14.550000190734863,16.3799991607666,14.125,16.290000915527344,1073300,0.0,0.0
2024-02-09 00:00:00-05:00,16.8700008392334,18.100000381469727,16.020000457763672,16.209999084472656,1898700,0.0,0.0
2024-02-12 00:00:00-05:00,16.290000915527344,17.809999465942383,16.290000915527344,17.360000610351562,745600,0.0,0.0
2024-02-13 00:00:00-05:00,16.56999969482422,16.75,15.8100004196167,16.040000915527344,757700,0.0,0.0
2024-02-14 00:00:00-05:00,16.399999618530273,17.270000457763672,15.779999732971191,16.790000915527344,573800,0.0,0.0
2024-02-15 00:00:00-05:00,16.920000076293945,18.639999389648438,16.920000076293945,18.450000762939453,774100,0.0,0.0
2024-02-16 00:00:00-05:00,18.360000610351562,20.34000015258789,18.225000381469727,18.829999923706055,1035000,0.0,0.0
2024-02-20 00:00:00-05:00,18.68000030517578,19.795000076293945,18.270999908447266,18.540000915527344,385700,0.0,0.0
2024-02-21 00:00:00-05:00,18.84000015258789,18.899999618530273,17.850000381469727,18.399999618530273,340300,0.0,0.0
2024-02-22 00:00:00-05:00,18.40999984741211,18.985000610351562,17.940000534057617,18.170000076293945,648800,0.0,0.0
2024-02-23 00:00:00-05:00,18.209999084472656,18.43000030517578,17.190000534057617,17.40999984741211,698200,0.0,0.0
2024-02-26 00:00:00-05:00,17.479999542236328,18.770000457763672,17.46500015258789,18.34000015258789,747500,0.0,0.0
2024-02-27 00:00:00-05:00,18.610000610351562,20.280000686645508,18.610000610351562,20.020000457763672,1003900,0.0,0.0
2024-02-28 00:00:00-05:00,19.010000228881836,20.040000915527344,18.329999923706055,19.899999618530273,1068100,0.0,0.0
2024-02-29 00:00:00-05:00,20.389999389648438,20.479999542236328,17.1200008392334,17.440000534057617,1080500,0.0,0.0
2024-03-01 00:00:00-05:00,17.860000610351562,21.690000534057617,17.860000610351562,21.190000534057617,1508400,0.0,0.0
2024-03-04 00:00:00-05:00,21.639999389648438,21.78499984741211,20.125,21.360000610351562,895300,0.0,0.0
2024-03-05 00:00:00-05:00,28.360000610351562,28.799999237060547,22.059999465942383,24.610000610351562,2805600,0.0,0.0
2024-03-06 00:00:00-05:00,26.739999771118164,27.15999984741211,23.239999771118164,24.0,1235200,0.0,0.0
2024-03-07 00:00:00-05:00,23.3799991607666,23.700000762939453,23.0,23.229999542236328,2173400,0.0,0.0
2024-03-08 00:00:00-05:00,24.239999771118164,24.260000228881836,22.299999237060547,22.75,1559400,0.0,0.0
2024-03-11 00:00:00-04:00,22.90999984741211,23.565000534057617,22.549999237060547,22.850000381469727,675600,0.0,0.0
2024-03-12 00:00:00-04:00,22.93000030517578,23.325000762939453,21.6200008392334,21.979999542236328,1350100,0.0,0.0
2024-03-13 00:00:00-04:00,21.93000030517578,23.06999969482422,21.899999618530273,22.469999313354492,518700,0.0,0.0
2024-03-14 00:00:00-04:00,22.329999923706055,22.510000228881836,21.549999237060547,21.850000381469727,519700,0.0,0.0
2024-03-15 00:00:00-04:00,21.729999542236328,22.84000015258789,21.729999542236328,22.190000534057617,1373500,0.0,0.0
2024-03-18 00:00:00-04:00,22.1299991607666,22.608999252319336,21.25,22.329999923706055,523300,0.0,0.0
2024-03-19 00:00:00-04:00,22.260000228881836,22.959999084472656,21.989999771118164,22.389999389648438,768900,0.0,0.0
2024-03-20 00:00:00-04:00,22.43000030517578,22.979999542236328,21.84000015258789,22.510000228881836,619800,0.0,0.0
2024-03-21 00:00:00-04:00,22.709999084472656,23.139999389648438,21.959999084472656,22.5,713100,0.0,0.0
2024-03-22 00:00:00-04:00,22.489999771118164,22.84000015258789,21.75,21.780000686645508,279100,0.0,0.0
2024-03-25 00:00:00-04:00,21.809999465942383,22.25,21.1299991607666,21.59000015258789,302600,0.0,0.0
2024-03-26 00:00:00-04:00,21.8799991607666,22.309999465942383,21.469999313354492,21.670000076293945,345700,0.0,0.0
2024-03-27 00:00:00-04:00,21.790000915527344,22.384000778198242,21.427000045776367,22.18000030517578,561400,0.0,0.0
2024-03-28 00:00:00-04:00,22.329999923706055,22.420000076293945,20.940000534057617,21.06999969482422,487000,0.0,0.0
2024-04-01 00:00:00-04:00,21.079999923706055,21.56999969482422,20.649999618530273,21.530000686645508,536600,0.0,0.0
2024-04-02 00:00:00-04:00,21.170000076293945,21.190000534057617,20.15999984741211,20.290000915527344,547600,0.0,0.0
2024-04-03 00:00:00-04:00,20.020000457763672,20.649999618530273,19.81999969482422,20.25,540200,0.0,0.0
2024-04-04 00:00:00-04:00,20.31999969482422,20.770000457763672,19.059999465942383,19.149999618530273,714100,0.0,0.0
2024-04-05 00:00:00-04:00,18.940000534057617,19.875,18.600000381469727,19.170000076293945,424700,0.0,0.0
2024-04-08 00:00:00-04:00,19.219999313354492,19.420000076293945,18.790000915527344,19.190000534057617,288400,0.0,0.0
2024-04-09 00:00:00-04:00,19.200000762939453,19.770000457763672,18.729999542236328,19.010000228881836,266200,0.0,0.0
2024-04-10 00:00:00-04:00,18.139999389648438,19.09000015258789,18.139999389648438,18.850000381469727,606200,0.0,0.0
2024-04-11 00:00:00-04:00,19.1200008392334,19.1200008392334,18.479999542236328,19.020000457763672,362300,0.0,0.0
2024-04-12 00:00:00-04:00,19.020000457763672,19.3799991607666,17.6299991607666,18.09000015258789,542800,0.0,0.0
2024-04-15 00:00:00-04:00,18.06999969482422,18.649999618530273,17.81999969482422,18.020000457763672,346000,0.0,0.0
2024-04-16 00:00:00-04:00,17.829999923706055,18.239999771118164,17.479999542236328,17.5,296000,0.0,0.0
2024-04-17 00:00:00-04:00,17.59000015258789,17.989999771118164,16.989999771118164,17.030000686645508,413600,0.0,0.0
2024-04-18 00:00:00-04:00,16.75,16.815000534057617,16.049999237060547,16.110000610351562,560500,0.0,0.0
2024-04-19 00:00:00-04:00,16.010000228881836,16.260000228881836,15.319999694824219,15.6899995803833,574900,0.0,0.0
2024-04-22 00:00:00-04:00,15.890000343322754,16.100000381469727,15.180000305175781,15.640000343322754,437200,0.0,0.0
2024-04-23 00:00:00-04:00,15.670000076293945,16.280000686645508,15.520000457763672,15.899999618530273,360200,0.0,0.0
2024-04-24 00:00:00-04:00,15.960000038146973,16.65999984741211,15.600000381469727,16.040000915527344,425400,0.0,0.0
2024-04-25 00:00:00-04:00,15.800000190734863,16.15999984741211,15.289999961853027,16.059999465942383,604200,0.0,0.0
2024-04-26 00:00:00-04:00,16.200000762939453,16.450000762939453,15.720000267028809,16.190000534057617,305700,0.0,0.0
2024-04-29 00:00:00-04:00,16.239999771118164,16.799999237060547,15.949999809265137,16.049999237060547,294300,0.0,0.0
2024-04-30 00:00:00-04:00,15.789999961853027,16.010000228881836,15.329999923706055,15.350000381469727,364800,0.0,0.0
2024-05-01 00:00:00-04:00,15.430000305175781,17.0049991607666,15.270000457763672,16.200000762939453,482300,0.0,0.0
2024-05-02 00:00:00-04:00,16.329999923706055,16.790000915527344,16.024999618530273,16.639999389648438,389100,0.0,0.0
2024-05-03 00:00:00-04:00,17.239999771118164,17.520000457763672,16.68000030517578,16.829999923706055,239900,0.0,0.0
2024-05-06 00:00:00-04:00,16.899999618530273,17.030000686645508,16.530000686645508,16.8700008392334,224700,0.0,0.0
2024-05-07 00:00:00-04:00,16.93000030517578,17.149999618530273,16.309999465942383,16.959999084472656,402100,0.0,0.0
2024-05-08 00:00:00-04:00,16.700000762939453,17.350000381469727,16.19499969482422,16.670000076293945,326200,0.0,0.0
2024-05-09 00:00:00-04:00,16.549999237060547,16.639999389648438,15.5600004196167,15.680000305175781,498800,0.0,0.0
2024-05-10 00:00:00-04:00,15.960000038146973,16.420000076293945,14.869999885559082,15.4399995803833,420200,0.0,0.0
2024-05-13 00:00:00-04:00,15.720000267028809,16.31999969482422,15.420000076293945,15.739999771118164,484000,0.0,0.0
2024-05-14 00:00:00-04:00,15.890000343322754,16.260000228881836,15.579999923706055,15.800000190734863,369300,0.0,0.0
2024-05-15 00:00:00-04:00,16.280000686645508,16.850000381469727,16.010000228881836,16.229999542236328,401000,0.0,0.0
2024-05-16 00:00:00-04:00,16.260000228881836,16.260000228881836,15.800000190734863,16.010000228881836,380700,0.0,0.0
2024-05-17 00:00:00-04:00,15.949999809265137,16.020000457763672,15.59000015258789,15.989999771118164,312700,0.0,0.0
2024-05-20 00:00:00-04:00,16.139999389648438,16.25,15.770000457763672,15.869999885559082,303500,0.0,0.0
2024-05-21 00:00:00-04:00,15.770000457763672,15.930000305175781,15.100000381469727,15.329999923706055,472900,0.0,0.0
2024-05-22 00:00:00-04:00,15.350000381469727,16.010000228881836,15.1850004196167,15.470000267028809,369500,0.0,0.0
2024-05-23 00:00:00-04:00,15.520000457763672,15.90999984741211,14.760000228881836,14.960000038146973,555800,0.0,0.0
2024-05-24 00:00:00-04:00,15.09000015258789,15.34000015258789,14.864999771118164,14.920000076293945,309700,0.0,0.0
2024-05-28 00:00:00-04:00,15.100000381469727,15.390000343322754,14.65999984741211,14.960000038146973,270500,0.0,0.0
2024-05-29 00:00:00-04:00,14.720000267028809,14.819999694824219,14.079999923706055,14.109999656677246,328900,0.0,0.0
2024-05-30 00:00:00-04:00,14.210000038146973,14.5,14.09000015258789,14.350000381469727,582400,0.0,0.0
2024-05-31 00:00:00-04:00,14.479999542236328,14.850000381469727,14.210000038146973,14.350000381469727,424700,0.0,0.0
2024-06-03 00:00:00-04:00,14.539999961853027,14.949999809265137,14.229999542236328,14.760000228881836,355500,0.0,0.0
2024-06-04 00:00:00-04:00,14.640000343322754,14.6899995803833,14.260000228881836,14.319999694824219,303000,0.0,0.0
2024-06-05 00:00:00-04:00,14.449999809265137,14.770000457763672,14.28499984741211,14.520000457763672,258600,0.0,0.0
2024-06-06 00:00:00-04:00,14.600000381469727,14.729999542236328,13.729999542236328,13.760000228881836,397400,0.0,0.0
2024-06-07 00:00:00-04:00,14.0,14.270000457763672,13.949999809265137,14.079999923706055,330000,0.0,0.0
2024-06-10 00:00:00-04:00,13.899999618530273,13.979999542236328,13.220000267028809,13.710000038146973,674400,0.0,0.0
2024-06-11 00:00:00-04:00,13.5600004196167,14.010000228881836,13.430000305175781,13.579999923706055,454000,0.0,0.0
2024-06-12 00:00:00-04:00,13.739999771118164,13.84000015258789,12.699999809265137,13.149999618530273,958000,0.0,0.0
2024-06-13 00:00:00-04:00,13.149999618530273,13.609999656677246,12.630000114440918,13.079999923706055,637800,0.0,0.0
2024-06-14 00:00:00-04:00,12.899999618530273,12.949999809265137,12.359999656677246,12.40999984741211,531400,0.0,0.0
2024-06-17 00:00:00-04:00,12.329999923706055,12.329999923706055,11.5600004196167,11.640000343322754,641400,0.0,0.0
2024-06-18 00:00:00-04:00,11.770000457763672,12.274999618530273,11.619999885559082,12.210000038146973,860300,0.0,0.0
2024-06-20 00:00:00-04:00,12.199999809265137,12.20199966430664,11.430000305175781,11.880000114440918,1816600,0.0,0.0
2024-06-21 00:00:00-04:00,12.25,12.789999961853027,11.859999656677246,12.020000457763672,2109900,0.0,0.0
2024-06-24 00:00:00-04:00,12.0600004196167,13.039999961853027,11.970000267028809,12.789999961853027,954300,0.0,0.0
2024-06-25 00:00:00-04:00,12.609999656677246,12.770000457763672,12.319999694824219,12.319999694824219,529500,0.0,0.0
2024-06-26 00:00:00-04:00,12.220000267028809,12.220000267028809,11.380000114440918,11.510000228881836,499600,0.0,0.0
2024-06-27 00:00:00-04:00,11.550000190734863,11.899999618530273,11.329999923706055,11.630000114440918,489100,0.0,0.0
2024-06-28 00:00:00-04:00,11.630000114440918,12.0,11.430000305175781,11.699999809265137,1563400,0.0,0.0
2024-07-01 00:00:00-04:00,11.680000305175781,11.829999923706055,10.979999542236328,11.069999694824219,530800,0.0,0.0
2024-07-02 00:00:00-04:00,11.020000457763672,11.069999694824219,10.720000267028809,10.75,507900,0.0,0.0
2024-07-03 00:00:00-04:00,10.699999809265137,11.069999694824219,10.5,10.819999694824219,326800,0.0,0.0
2024-07-05 00:00:00-04:00,10.920000076293945,10.949999809265137,10.529999732971191,10.899999618530273,417500,0.0,0.0
2024-07-08 00:00:00-04:00,11.050000190734863,11.279999732971191,10.489999771118164,10.630000114440918,538600,0.0,0.0
2024-07-09 00:00:00-04:00,10.600000381469727,10.854000091552734,10.529999732971191,10.59000015258789,365300,0.0,0.0
2024-07-10 00:00:00-04:00,10.65999984741211,10.920000076293945,10.550000190734863,10.739999771118164,350400,0.0,0.0
2024-07-11 00:00:00-04:00,11.300000190734863,13.050000190734863,11.104999542236328,12.710000038146973,1405300,0.0,0.0
2024-07-12 00:00:00-04:00,12.859999656677246,13.420000076293945,12.460000038146973,12.770000457763672,747200,0.0,0.0
2024-07-15 00:00:00-04:00,12.899999618530273,13.029999732971191,12.625,12.869999885559082,480400,0.0,0.0
2024-07-16 00:00:00-04:00,13.050000190734863,13.760000228881836,12.869999885559082,13.5600004196167,440600,0.0,0.0
2024-07-17 00:00:00-04:00,13.420000076293945,13.8100004196167,12.789999961853027,13.279999732971191,552300,0.0,0.0
2024-07-18 00:00:00-04:00,13.239999771118164,13.529999732971191,12.680000305175781,12.850000381469727,499800,0.0,0.0
2024-07-19 00:00:00-04:00,12.850000381469727,13.140000343322754,12.380000114440918,12.579999923706055,423400,0.0,0.0
2024-07-22 00:00:00-04:00,12.729999542236328,12.829000473022461,12.119999885559082,12.770000457763672,401300,0.0,0.0
2024-07-23 00:00:00-04:00,12.680000305175781,13.6899995803833,12.350000381469727,13.5,545300,0.0,0.0
2024-07-24 00:00:00-04:00,13.260000228881836,13.850000381469727,13.260000228881836,13.640000343322754,383800,0.0,0.0
2024-07-25 00:00:00-04:00,13.6899995803833,14.819999694824219,13.21500015258789,14.390000343322754,611000,0.0,0.0
2024-07-26 00:00:00-04:00,14.760000228881836,14.770000457763672,14.15999984741211,14.329999923706055,318500,0.0,0.0
