Date,Open,High,Low,Close,Volume,Dividends,Stock Splits,Capital Gains
2017-05-03 00:00:00-04:00,22.173751831054688,22.27222110425005,22.173751831054688,22.173751831054688,200,0.0,0.0,0.0
2017-05-04 00:00:00-04:00,22.173751831054688,22.173751831054688,22.173751831054688,22.173751831054688,0,0.0,0.0,0.0
2017-05-05 00:00:00-04:00,22.173751831054688,22.173751831054688,22.173751831054688,22.173751831054688,0,0.0,0.0,0.0
2017-05-08 00:00:00-04:00,22.173751831054688,22.173751831054688,22.173751831054688,22.173751831054688,0,0.0,0.0,0.0
2017-05-09 00:00:00-04:00,22.254317204776925,22.334884054937632,22.245365142822266,22.245365142822266,1700,0.0,0.0,0.0
2017-05-10 00:00:00-04:00,21.851484298706055,21.851484298706055,21.851484298706055,21.851484298706055,200,0.0,0.0,0.0
2017-05-11 00:00:00-04:00,21.851484298706055,21.851484298706055,21.851484298706055,21.851484298706055,0,0.0,0.0,0.0
2017-05-12 00:00:00-04:00,21.347488403320312,21.347488403320312,21.347488403320312,21.347488403320312,500,0.0,0.0,0.0
2017-05-15 00:00:00-04:00,21.824623268488008,21.94995040832556,21.824623268488008,21.842527389526367,2700,0.0,0.0,0.0
2017-05-16 00:00:00-04:00,21.842527389526367,21.842527389526367,21.842527389526367,21.842527389526367,0,0.0,0.0,0.0
2017-05-17 00:00:00-04:00,21.842527389526367,21.842527389526367,21.842527389526367,21.842527389526367,0,0.0,0.0,0.0
2017-05-18 00:00:00-04:00,21.842527389526367,21.842527389526367,21.842527389526367,21.842527389526367,0,0.0,0.0,0.0
2017-05-19 00:00:00-04:00,21.842527389526367,21.842527389526367,21.842527389526367,21.842527389526367,0,0.0,0.0,0.0
2017-05-22 00:00:00-04:00,21.842527389526367,21.842527389526367,21.842527389526367,21.842527389526367,0,0.0,0.0,0.0
2017-05-23 00:00:00-04:00,21.13533257935291,21.13533257935291,21.111162185668945,21.111162185668945,200,0.0,0.0,0.0
2017-05-24 00:00:00-04:00,21.47550504898043,21.482666015625,21.47550504898043,21.482666015625,200,0.0,0.0,0.0
2017-05-25 00:00:00-04:00,21.482666015625,21.482666015625,21.482666015625,21.482666015625,0,0.0,0.0,0.0
2017-05-26 00:00:00-04:00,22.540776331610353,22.549728393554688,22.540776331610353,22.549728393554688,200,0.0,0.0,0.0
2017-05-30 00:00:00-04:00,22.549728393554688,22.549728393554688,22.549728393554688,22.549728393554688,0,0.0,0.0,0.0
2017-05-31 00:00:00-04:00,22.358156204223633,22.358156204223633,22.358156204223633,22.358156204223633,200,0.0,0.0,0.0
2017-06-01 00:00:00-04:00,22.612390518188477,22.612390518188477,22.612390518188477,22.612390518188477,500,0.0,0.0,0.0
2017-06-02 00:00:00-04:00,22.612390518188477,22.612390518188477,22.612390518188477,22.612390518188477,0,0.0,0.0,0.0
2017-06-05 00:00:00-04:00,23.6946687572641,23.69556345117055,23.55233388430696,23.55323028564453,1200,0.0,0.0,0.0
2017-06-06 00:00:00-04:00,23.55323028564453,23.55323028564453,23.55323028564453,23.55323028564453,0,0.0,0.0,0.0
2017-06-07 00:00:00-04:00,23.264976501464844,23.264976501464844,23.264976501464844,23.264976501464844,100,0.0,0.0,0.0
2017-06-08 00:00:00-04:00,23.264976501464844,23.264976501464844,23.264976501464844,23.264976501464844,0,0.0,0.0,0.0
2017-06-09 00:00:00-04:00,23.264976501464844,23.264976501464844,23.264976501464844,23.264976501464844,0,0.0,0.0,0.0
2017-06-12 00:00:00-04:00,23.264976501464844,23.264976501464844,23.264976501464844,23.264976501464844,0,0.0,0.0,0.0
2017-06-13 00:00:00-04:00,23.264976501464844,23.264976501464844,23.264976501464844,23.264976501464844,0,0.0,0.0,0.0
2017-06-14 00:00:00-04:00,24.644460219425802,24.644460219425802,23.96411895751953,23.96411895751953,5000,0.0,0.0,0.0
2017-06-15 00:00:00-04:00,24.053638458251953,24.053638458251953,24.01783021373977,24.053638458251953,1600,0.0,0.0,0.0
2017-06-16 00:00:00-04:00,24.098399083365372,24.098399083365372,24.089447021484375,24.089447021484375,4000,0.0,0.0,0.0
2017-06-19 00:00:00-04:00,24.441255356619696,24.500337600708008,24.441255356619696,24.500337600708008,2100,0.0,0.0,0.0
2017-06-20 00:00:00-04:00,23.597095605239566,23.65975833106879,23.597095605239566,23.632902145385742,1200,0.0,0.0,0.0
2017-06-21 00:00:00-04:00,23.480722878870846,23.480722878870846,23.3553974145584,23.400156021118164,2800,0.0,0.0,0.0
2017-06-22 00:00:00-04:00,23.400156021118164,23.400156021118164,23.400156021118164,23.400156021118164,0,0.0,0.0,0.0
2017-06-23 00:00:00-04:00,24.277435302734375,24.277435302734375,24.277435302734375,24.277435302734375,500,0.0,0.0,0.0
2017-06-26 00:00:00-04:00,24.277435302734375,24.277435302734375,24.277435302734375,24.277435302734375,0,0.0,0.0,0.0
2017-06-27 00:00:00-04:00,24.277435302734375,24.277435302734375,24.277435302734375,24.277435302734375,0,0.0,0.0,0.0
2017-06-28 00:00:00-04:00,25.20842742919922,25.20842742919922,25.20842742919922,25.20842742919922,200,0.0,0.0,0.0
2017-06-29 00:00:00-04:00,24.884370803833008,24.884370803833008,24.884370803833008,24.884370803833008,200,0.0,0.0,0.0
2017-06-30 00:00:00-04:00,24.884370803833008,24.884370803833008,24.884370803833008,24.884370803833008,0,0.0,0.0,0.0
2017-07-03 00:00:00-04:00,24.884370803833008,24.884370803833008,24.884370803833008,24.884370803833008,0,0.0,0.0,0.0
2017-07-05 00:00:00-04:00,25.852960536478694,26.2468426962287,25.790297814856647,26.082128524780273,1200,0.0,0.0,0.0
2017-07-06 00:00:00-04:00,26.407978866261185,26.407978866261185,25.570980692140104,25.906675338745117,1400,0.0,0.0,0.0
2017-07-07 00:00:00-04:00,26.24147044013256,26.469743728637695,26.24147044013256,26.469743728637695,500,0.0,0.0,0.0
2017-07-10 00:00:00-04:00,26.855572090671643,26.855572090671643,26.219991037426098,26.300556182861328,5900,0.0,0.0,0.0
2017-07-11 00:00:00-04:00,26.300556182861328,26.300556182861328,26.300556182861328,26.300556182861328,0,0.0,0.0,0.0
2017-07-12 00:00:00-04:00,26.38559522617839,26.533299958533927,26.38559522617839,26.461685180664062,5400,0.0,0.0,0.0
2017-07-13 00:00:00-04:00,26.85557239087407,26.85557239087407,26.48854637145996,26.48854637145996,8600,0.0,0.0,0.0
2017-07-14 00:00:00-04:00,26.783954620361328,26.783954620361328,26.783954620361328,26.783954620361328,500,0.0,0.0,0.0
2017-07-17 00:00:00-04:00,26.801858186100215,26.801858186100215,26.219987869262695,26.219987869262695,600,0.0,0.0,0.0
2017-07-18 00:00:00-04:00,25.960386276245117,25.960386276245117,25.960386276245117,25.960386276245117,1200,0.0,0.0,0.0
2017-07-19 00:00:00-04:00,25.324809368602377,25.459086909136403,25.230813553540155,25.40537452697754,17100,0.0,0.0,0.0
2017-07-20 00:00:00-04:00,24.66236440234787,24.707124710083008,24.603282162082415,24.707124710083008,3700,0.0,0.0,0.0
2017-07-21 00:00:00-04:00,24.554944834823782,24.554944834823782,24.53704071044922,24.53704071044922,1000,0.0,0.0,0.0
2017-07-24 00:00:00-04:00,24.322191938191008,24.322191938191008,24.27653694152832,24.27653694152832,600,0.0,0.0,0.0
2017-07-25 00:00:00-04:00,24.51913541851799,24.877211059233243,24.51913541851799,24.79664421081543,5100,0.0,0.0,0.0
2017-07-26 00:00:00-04:00,24.187917619323905,24.795747756958008,24.187917619323905,24.795747756958008,900,0.0,0.0,0.0
2017-07-27 00:00:00-04:00,23.059982187783664,23.059982187783664,22.111085891723633,22.111085891723633,2900,0.0,0.0,0.0
2017-07-28 00:00:00-04:00,22.504967064784594,22.504967064784594,22.236412048339844,22.236412048339844,2300,0.0,0.0,0.0
2017-07-31 00:00:00-04:00,22.755618892211796,22.755618892211796,22.281169891357422,22.281169891357422,1200,0.0,0.0,0.0
2017-08-01 00:00:00-04:00,22.46020847667491,22.46020847667491,21.932048797607422,21.932048797607422,500,0.0,0.0,0.0
2017-08-02 00:00:00-04:00,22.075279380546196,22.245365142822266,22.075279380546196,22.245365142822266,2400,0.0,0.0,0.0
2017-08-03 00:00:00-04:00,22.325038926504828,22.478116989135742,22.27669983364624,22.478116989135742,4700,0.0,0.0,0.0
2017-08-04 00:00:00-04:00,22.62134197208404,22.979415893554688,22.588219515404216,22.979415893554688,6100,0.0,0.0,0.0
2017-08-07 00:00:00-04:00,22.979415020655953,23.140548706054688,22.979415020655953,23.140548706054688,8500,0.0,0.0,0.0
2017-08-08 00:00:00-04:00,22.661623771723974,23.286463274848455,22.576580047607422,22.576580047607422,3100,0.0,0.0,0.0
2017-08-09 00:00:00-04:00,22.379641459962116,22.630294058988902,22.365317820114733,22.541669845581055,4800,0.0,0.0,0.0
2017-08-10 00:00:00-04:00,22.37964292090587,22.424401523775177,21.914145938367525,21.919517517089844,3800,0.0,0.0,0.0
2017-08-11 00:00:00-04:00,21.919517517089844,21.919517517089844,21.919517517089844,21.919517517089844,0,0.0,0.0,0.0
2017-08-14 00:00:00-04:00,23.214848804388357,23.534430379602945,23.214848804388357,23.391199111938477,1500,0.0,0.0,0.0
2017-08-15 00:00:00-04:00,23.525477764928365,23.72152328491211,23.525477764928365,23.72152328491211,1700,0.0,0.0,0.0
2017-08-16 00:00:00-04:00,24.00887771074216,24.170011393219255,23.82984161376953,23.82984161376953,5700,0.0,0.0,0.0
2017-08-17 00:00:00-04:00,22.4333537547336,22.444096912259116,22.236413510222135,22.316980361938477,8200,0.0,0.0,0.0
2017-08-18 00:00:00-04:00,21.538165338047463,21.869384765625,21.538165338047463,21.869384765625,2300,0.0,0.0,0.0
2017-08-21 00:00:00-04:00,21.869384765625,21.869384765625,21.869384765625,21.869384765625,0,0.0,0.0,0.0
2017-08-22 00:00:00-04:00,22.147788717536674,22.147788717536674,22.075279235839844,22.075279235839844,1100,0.0,0.0,0.0
2017-08-23 00:00:00-04:00,21.797767353794654,21.797767353794654,21.744056701660156,21.744056701660156,3900,0.0,0.0,0.0
2017-08-24 00:00:00-04:00,21.421794169982007,21.551596506845947,21.010007858276367,21.010007858276367,700,0.0,0.0,0.0
2017-08-25 00:00:00-04:00,21.484454409705933,22.04842058669106,21.484454409705933,21.96785545349121,5500,0.0,0.0,0.0
2017-08-28 00:00:00-04:00,21.862227028569485,21.862227028569485,21.779869079589844,21.779869079589844,400,0.0,0.0,0.0
2017-08-29 00:00:00-04:00,21.770912357983832,22.567626953125,21.770912357983832,22.567626953125,6600,0.0,0.0,0.0
2017-08-30 00:00:00-04:00,23.153081090569543,23.274826047662746,23.122644424438477,23.122644424438477,5500,0.0,0.0,0.0
2017-08-31 00:00:00-04:00,23.122644424438477,23.122644424438477,23.122644424438477,23.122644424438477,0,0.0,0.0,0.0
2017-09-01 00:00:00-04:00,23.588140964189133,23.767177060206436,23.588140964189133,23.71615219116211,4700,0.0,0.0,0.0
2017-09-05 00:00:00-04:00,22.83618561456413,23.122644742829298,22.80037736981544,22.854089736938477,5300,0.0,0.0,0.0
2017-09-06 00:00:00-04:00,23.086838599230926,23.274826765074206,23.086838599230926,23.247970581054688,6100,0.0,0.0,0.0
2017-09-07 00:00:00-04:00,23.247970581054688,23.247970581054688,23.247970581054688,23.247970581054688,0,0.0,0.0,0.0
2017-09-08 00:00:00-04:00,23.328534681756818,23.713464736938477,23.328534681756818,23.713464736938477,4300,0.0,0.0,0.0
2017-09-11 00:00:00-04:00,24.599702732074977,24.599702732074977,24.026784427987565,24.411714553833008,7000,0.0,0.0,0.0
2017-09-12 00:00:00-04:00,24.725027917266512,24.886159896850586,24.725027917266512,24.886159896850586,5300,0.0,0.0,0.0
2017-09-13 00:00:00-04:00,24.886159896850586,24.886159896850586,24.886159896850586,24.886159896850586,0,0.0,0.0,0.0
2017-09-14 00:00:00-04:00,24.939875681088367,24.948827743530273,24.90406743132074,24.948827743530273,3000,0.0,0.0,0.0
2017-09-15 00:00:00-04:00,24.948827743530273,24.948827743530273,24.948827743530273,24.948827743530273,0,0.0,0.0,0.0
2017-09-18 00:00:00-04:00,24.813653955047176,24.83245277404785,24.813653955047176,24.83245277404785,500,0.0,0.0,0.0
2017-09-19 00:00:00-04:00,24.83245277404785,24.83245277404785,24.83245277404785,24.83245277404785,0,0.0,0.0,0.0
2017-09-20 00:00:00-04:00,24.83245277404785,24.83245277404785,24.83245277404785,24.83245277404785,0,0.0,0.0,0.0
2017-09-21 00:00:00-04:00,26.070491790771484,26.070491790771484,26.070491790771484,26.070491790771484,100,0.0,0.0,0.0
2017-09-22 00:00:00-04:00,25.817151272024812,25.861909866333008,25.817151272024812,25.861909866333008,2600,0.0,0.0,0.0
2017-09-25 00:00:00-04:00,25.861909866333008,25.861909866333008,25.861909866333008,25.861909866333008,0,0.0,0.0,0.0
2017-09-26 00:00:00-04:00,25.861909866333008,25.861909866333008,25.861909866333008,25.861909866333008,0,0.0,0.0,0.0
2017-09-27 00:00:00-04:00,27.07041562764753,27.392683029174805,27.07041562764753,27.392683029174805,4800,0.0,0.0,0.0
2017-09-28 00:00:00-04:00,27.419534651625725,27.725688992673437,27.401632236963245,27.66750144958496,3500,0.0,0.0,0.0
2017-09-29 00:00:00-04:00,27.97902394718138,28.01035701264098,27.79103579900948,27.89398193359375,2500,0.0,0.0,0.0
2017-10-02 00:00:00-04:00,27.92979398266158,27.92979398266158,27.42848877100901,27.704206466674805,2400,0.0,0.0,0.0
2017-10-03 00:00:00-04:00,27.92084105404401,28.220727428864617,27.92084105404401,28.055118560791016,2000,0.0,0.0,0.0
2017-10-04 00:00:00-04:00,28.45795518556008,28.45795518556008,27.94769788505118,27.99335289001465,3800,0.0,0.0,0.0
2017-10-05 00:00:00-04:00,28.01930982107266,28.01930982107266,27.661235906916133,27.889509201049805,1700,0.0,0.0,0.0
2017-10-06 00:00:00-04:00,27.938740342070417,27.98618643313776,27.571714401245117,27.571714401245117,700,0.0,0.0,0.0
2017-10-09 00:00:00-04:00,27.492047064860476,27.492047064860476,27.29421043395996,27.29421043395996,1000,0.0,0.0,0.0
2017-10-10 00:00:00-04:00,27.29421043395996,27.29421043395996,27.29421043395996,27.29421043395996,0,0.0,0.0,0.0
2017-10-11 00:00:00-04:00,28.32098745914663,28.323673248291016,28.32098745914663,28.323673248291016,300,0.0,0.0,0.0
2017-10-12 00:00:00-04:00,28.80707309704217,28.80707309704217,28.31024481213044,28.355899810791016,1200,0.0,0.0,0.0
2017-10-13 00:00:00-04:00,28.55642318725586,28.55642318725586,28.55642318725586,28.55642318725586,1100,0.0,0.0,0.0
2017-10-16 00:00:00-04:00,28.583277939215474,28.583277939215474,27.016703059304845,27.355083465576172,6500,0.0,0.0,0.0
2017-10-17 00:00:00-04:00,27.355083465576172,27.355083465576172,27.355083465576172,27.355083465576172,0,0.0,0.0,0.0
2017-10-18 00:00:00-04:00,27.509054698312152,27.509054698312152,27.455344037229647,27.466981887817383,2300,0.0,0.0,0.0
2017-10-19 00:00:00-04:00,27.079368114303648,27.541284616574742,26.76605276984198,27.464298248291016,2800,0.0,0.0,0.0
2017-10-20 00:00:00-04:00,28.240421168729,28.278913494220713,28.126731872558594,28.126731872558594,6700,0.0,0.0,0.0
2017-10-23 00:00:00-04:00,27.984399342993207,28.046167373657227,27.983504649050595,28.046167373657227,1600,0.0,0.0,0.0
2017-10-24 00:00:00-04:00,28.20193099975586,28.20193099975586,28.20193099975586,28.20193099975586,100,0.0,0.0,0.0
2017-10-25 00:00:00-04:00,28.20193099975586,28.20193099975586,28.20193099975586,28.20193099975586,0,0.0,0.0,0.0
2017-10-26 00:00:00-04:00,27.50905211615241,27.893982183879356,27.491147994995117,27.491147994995117,7300,0.0,0.0,0.0
2017-10-27 00:00:00-04:00,27.571715016041193,27.68003273010254,27.571715016041193,27.68003273010254,700,0.0,0.0,0.0
2017-10-30 00:00:00-04:00,26.842144681613306,27.607528071583882,26.694438216479714,26.721294403076172,2600,0.0,0.0,0.0
2017-10-31 00:00:00-04:00,26.64430367979775,26.727556307953154,26.421401977539062,26.421401977539062,900,0.0,0.0,0.0
2017-11-01 00:00:00-04:00,26.363218291539216,26.496601104736328,26.363218291539216,26.496601104736328,3600,0.0,0.0,0.0
2017-11-02 00:00:00-04:00,26.271012858058505,26.407976150512695,26.197606980562863,26.407976150512695,800,0.0,0.0,0.0
2017-11-03 00:00:00-04:00,26.358739852905273,26.358739852905273,26.358739852905273,26.358739852905273,300,0.0,0.0,0.0
2017-11-06 00:00:00-05:00,26.407975149096206,26.407975149096206,26.237889407343374,26.303237915039062,3800,0.0,0.0,0.0
2017-11-07 00:00:00-05:00,26.098239993068653,26.098239993068653,25.73658561706543,25.73658561706543,1100,0.0,0.0,0.0
2017-11-08 00:00:00-05:00,25.280040740966797,25.280040740966797,25.280040740966797,25.280040740966797,500,0.0,0.0,0.0
2017-11-09 00:00:00-05:00,25.100110040755048,25.100110040755048,24.402761020517236,24.483327865600586,9800,0.0,0.0,0.0
2017-11-10 00:00:00-05:00,24.48332698962936,24.48332698962936,24.340097427368164,24.340097427368164,2400,0.0,0.0,0.0
2017-11-13 00:00:00-05:00,24.340101131544365,24.41619110107422,24.22372602735229,24.41619110107422,2000,0.0,0.0,0.0
2017-11-14 00:00:00-05:00,24.340100324490837,24.501234028071668,24.19687074518149,24.366954803466797,3500,0.0,0.0,0.0
2017-11-15 00:00:00-05:00,24.03573724810495,24.11630410058756,23.829844939507737,23.928314208984375,12200,0.0,0.0,0.0
2017-11-16 00:00:00-05:00,24.32219570530025,25.092055958995967,24.32219570530025,25.05624771118164,9600,0.0,0.0,0.0
2017-11-17 00:00:00-05:00,24.545990311702916,24.7518825990742,24.17806964207842,24.277435302734375,12900,0.0,0.0,0.0
2017-11-20 00:00:00-05:00,24.28638549599624,24.563894271850586,24.10018842766613,24.563894271850586,5000,0.0,0.0,0.0
2017-11-21 00:00:00-05:00,24.89511066584019,25.297944862468267,24.853037858485834,25.280040740966797,4900,0.0,0.0,0.0
2017-11-22 00:00:00-05:00,25.364191149729763,25.57545502834947,25.32748820841459,25.440282821655273,6300,0.0,0.0,0.0
2017-11-24 00:00:00-05:00,25.423273646785375,25.423273646785375,25.27735828144781,25.285415649414062,1300,0.0,0.0,0.0
2017-11-27 00:00:00-05:00,25.262137650847986,25.267509229003934,24.88615962112198,25.136812210083008,4000,0.0,0.0,0.0
2017-11-28 00:00:00-05:00,25.31406134202769,26.327411536183973,25.31406134202769,26.29160499572754,34000,0.0,0.0,0.0
2017-11-29 00:00:00-05:00,26.76605086263506,28.995062948655093,26.76605086263506,28.986112594604492,34500,0.0,0.0,0.0
2017-11-30 00:00:00-05:00,29.559030493600623,31.36730591154008,29.39879149775073,30.67980194091797,40500,0.0,0.0,0.0
2017-12-01 00:00:00-05:00,30.67801459911217,30.840042993583104,28.444525508117447,29.95738983154297,42300,0.0,0.0,0.0
2017-12-04 00:00:00-05:00,31.54634732510794,32.683230222261,31.465780471032414,31.596477508544922,55100,0.0,0.0,0.0
2017-12-05 00:00:00-05:00,32.21773370908202,32.21773370908202,30.158803939819336,30.158803939819336,39300,0.0,0.0,0.0
2017-12-06 00:00:00-05:00,30.266231829153398,30.436315894507437,29.800734823336235,30.167760848999023,23700,0.0,0.0,0.0
2017-12-07 00:00:00-05:00,29.92605488502126,31.45682144165039,29.92605488502126,31.45682144165039,11800,0.0,0.0,0.0
2017-12-08 00:00:00-05:00,32.674273556695844,32.674273556695844,31.752233505249023,31.752233505249023,7900,0.0,0.0,0.0
2017-12-11 00:00:00-05:00,31.77908956689543,31.78803992057211,31.25988026723204,31.412063598632812,11400,0.0,0.0,0.0
2017-12-12 00:00:00-05:00,31.331497232255472,31.743281804883903,31.318069994105315,31.465776443481445,11200,0.0,0.0,0.0
2017-12-13 00:00:00-05:00,33.17996088375707,33.17996088375707,31.451125327606473,31.656240463256836,19200,2.935,0.0,0.0
2017-12-14 00:00:00-05:00,31.822289703982474,32.19344937265561,30.894381217352233,30.992055892944336,36000,0.0,0.0,0.0
2017-12-15 00:00:00-05:00,31.58787362593318,32.05670989090313,31.451130181064375,31.578107833862305,17700,0.0,0.0,0.0
2017-12-18 00:00:00-05:00,32.55972760838557,32.94065678922075,32.50600644432124,32.93577575683594,21300,0.0,0.0,0.0
2017-12-19 00:00:00-05:00,33.394811662558155,33.394811662558155,32.40627986938796,33.032676696777344,7900,0.069,0.0,0.0
2017-12-20 00:00:00-05:00,33.766738438296635,34.207174903780995,33.49366894978229,33.88810348510742,16700,0.0,0.0,0.0
2017-12-21 00:00:00-05:00,34.79441315183799,34.79441315183799,33.478980771069956,33.82643508911133,31600,0.0,0.0,0.0
2017-12-22 00:00:00-05:00,33.90277402920163,34.29525203139114,33.717791888614876,34.2071647644043,5800,0.0,0.0,0.0
2017-12-26 00:00:00-05:00,34.94122855012266,34.94122855012266,34.216954958464235,34.26393508911133,21600,0.0,0.0,0.0
2017-12-27 00:00:00-05:00,34.21695286845253,34.40389517138657,34.21695286845253,34.35887145996094,7200,0.0,0.0,0.0
2017-12-28 00:00:00-05:00,33.71877522220979,33.952693939208984,33.58077318528002,33.952693939208984,19000,0.0,0.0,0.0
2017-12-29 00:00:00-05:00,34.402916409776815,34.402916409776815,33.77651596069336,33.77651596069336,67400,0.0,0.0,0.0
2018-01-02 00:00:00-05:00,33.698229324610615,35.215285069033186,33.698229324610615,35.08804702758789,68800,0.0,0.0,0.0
2018-01-03 00:00:00-05:00,35.890603958682185,35.890603958682185,34.986243117485124,35.52846908569336,14000,0.0,0.0,0.0
2018-01-04 00:00:00-05:00,36.0472117398868,36.519943928311676,35.45996198495425,36.051124572753906,20500,0.0,0.0,0.0
2018-01-05 00:00:00-05:00,36.21359759628624,37.18157571939056,35.82209775044626,36.3887939453125,27600,0.0,0.0,0.0
2018-01-08 00:00:00-05:00,36.73232615653044,37.42723846435547,36.71275079384057,37.42723846435547,20800,0.0,0.0,0.0
2018-01-09 00:00:00-05:00,37.64255898941312,37.897034964020726,37.05139649286839,37.57404708862305,24300,0.0,0.0,0.0
2018-01-10 00:00:00-05:00,37.24127991366055,38.32866664392899,37.24127991366055,37.55643844604492,14600,0.0,0.0,0.0
2018-01-11 00:00:00-05:00,38.05363927504141,40.25581741333008,37.97533781576511,40.25581741333008,61900,0.0,0.0,0.0
2018-01-12 00:00:00-05:00,40.90178435132972,41.2345580439812,40.275387690719526,41.166046142578125,43200,0.0,0.0,0.0
2018-01-16 00:00:00-05:00,42.086069239597926,42.19177545825633,38.98344685756,39.566776275634766,65200,0.0,0.0,0.0
2018-01-17 00:00:00-05:00,40.06007042228296,40.167733069835414,39.443459453149444,39.86334228515625,37900,0.0,0.0,0.0
2018-01-18 00:00:00-05:00,40.37327151504799,40.60817219210998,39.72729932015201,39.825172424316406,34400,0.0,0.0,0.0
2018-01-19 00:00:00-05:00,40.22645470098883,40.39088702774507,39.267284174070646,40.30475616455078,22800,0.0,0.0,0.0
2018-01-22 00:00:00-05:00,40.324328044093214,41.08774857972224,39.73707831900869,40.715824127197266,20100,0.0,0.0,0.0
2018-01-23 00:00:00-05:00,40.911581245124275,41.00945808336267,40.01700971870503,40.82349395751953,12700,0.0,0.0,0.0
2018-01-24 00:00:00-05:00,40.10900233897358,40.10900233897358,38.11236001573335,38.99323272705078,49700,0.0,0.0,0.0
2018-01-25 00:00:00-05:00,39.34558822161766,39.34558822161766,36.76169949228734,37.280433654785156,42800,0.0,0.0,0.0
2018-01-26 00:00:00-05:00,37.21192032592498,38.37467021004847,37.21192032592498,38.259178161621094,25900,0.0,0.0,0.0
2018-01-29 00:00:00-05:00,38.28853929716046,39.166473759055776,37.691503689327114,38.19066619873047,33800,0.0,0.0,0.0
2018-01-30 00:00:00-05:00,37.40766477101098,38.03895624486112,36.624665162948915,36.928077697753906,15100,0.0,0.0,0.0
2018-01-31 00:00:00-05:00,37.6954141570697,38.30810846545138,36.59530338471676,36.830204010009766,12000,0.0,0.0,0.0
2018-02-01 00:00:00-05:00,35.55783918670726,37.10523392533296,35.47073011744452,35.86124801635742,17800,0.0,0.0,0.0
2018-02-02 00:00:00-05:00,35.31608043238593,35.4178700723719,33.75694003294567,33.8156623840332,13800,0.0,0.0,0.0
2018-02-05 00:00:00-05:00,33.13054244386149,34.67696253499254,31.026241302490234,31.026241302490234,92200,0.0,0.0,0.0
2018-02-06 00:00:00-05:00,29.773444951133573,32.76840633907691,29.5962922143245,32.0734977722168,11700,0.0,0.0,0.0
2018-02-07 00:00:00-05:00,33.2773624287021,33.43493984027555,32.357342576246886,32.79777526855469,26600,0.0,0.0,0.0
2018-02-08 00:00:00-05:00,33.04245626057739,33.06496998249965,29.186199188232422,29.186199188232422,10500,0.0,0.0,0.0
2018-02-09 00:00:00-05:00,28.618526458740234,29.098111668189283,26.142298956751215,28.618526458740234,21300,0.0,0.0,0.0
2018-02-12 00:00:00-05:00,28.82406383100219,30.611251959078224,28.82406383100219,30.14047622680664,15100,0.0,0.0,0.0
2018-02-13 00:00:00-05:00,29.43676085438514,31.045818175833713,29.166626039750877,30.840282440185547,41100,0.0,0.0,0.0
2018-02-14 00:00:00-05:00,30.05728041239856,31.77987498459596,30.05728041239856,31.691787719726562,24400,0.0,0.0,0.0
2018-02-15 00:00:00-05:00,31.202407540362852,32.21051613627267,30.830485050043997,32.115577697753906,30100,0.0,0.0,0.0
2018-02-16 00:00:00-05:00,31.740725257184888,33.002329974012,31.740725257184888,32.15277862548828,16000,0.0,0.0,0.0
2018-02-20 00:00:00-05:00,32.102860801899006,32.102860801899006,30.248138969618065,30.536869049072266,13000,0.0,0.0,0.0
2018-02-21 00:00:00-05:00,31.163265463278996,32.210523138393185,30.822662353515625,30.822662353515625,7700,0.0,0.0,0.0
2018-02-22 00:00:00-05:00,30.742405233259085,32.210523923927845,30.742405233259085,31.323781967163086,13100,0.0,0.0,0.0
2018-02-23 00:00:00-05:00,31.63305971347253,32.50414276123047,31.63305971347253,32.50414276123047,10100,0.0,0.0,0.0
2018-02-26 00:00:00-05:00,32.76840942919787,34.569301877649764,32.76840942919787,34.256103515625,29400,0.0,0.0,0.0
2018-02-27 00:00:00-05:00,34.64759896485457,34.774833216515994,32.18605041503906,32.18605041503906,12400,0.0,0.0,0.0
2018-02-28 00:00:00-05:00,32.181164285216305,32.181164285216305,30.851047552784543,30.899005889892578,14100,0.0,0.0,0.0
2018-03-01 00:00:00-05:00,30.409632007277384,31.789663449545543,29.67557265003647,30.431163787841797,16000,0.0,0.0,0.0
2018-03-02 00:00:00-05:00,29.36237594650397,30.566232912276334,28.970877973912504,30.526103973388672,10900,0.0,0.0,0.0
2018-03-05 00:00:00-05:00,29.47003547890453,30.562314987182617,28.931724189943473,30.562314987182617,10200,0.0,0.0,0.0
2018-03-06 00:00:00-05:00,31.212201466253365,31.241564510895174,30.47814215149249,31.114328384399414,16500,0.0,0.0,0.0
2018-03-07 00:00:00-05:00,30.595594379141758,31.00666769582157,30.262820652933836,30.889217376708984,5000,0.0,0.0,0.0
2018-03-08 00:00:00-05:00,31.290501587729267,31.559656301056147,30.732616797645704,31.437313079833984,6800,0.0,0.0,0.0
2018-03-09 00:00:00-05:00,31.819022043648875,34.040775299072266,31.819022043648875,34.040775299072266,21900,0.0,0.0,0.0
2018-03-12 00:00:00-04:00,34.030985602695935,34.12200748163653,33.36641649141534,33.972259521484375,9000,0.0,0.0,0.0
2018-03-13 00:00:00-04:00,34.22674222649907,34.901097284231525,33.98205577359843,34.11907958984375,20900,0.0,0.0,0.0
2018-03-14 00:00:00-04:00,34.22674528881771,34.22674528881771,33.07182482910471,33.159912109375,6600,0.0,0.0,0.0
2018-03-15 00:00:00-04:00,32.29861361826204,32.90543501052511,32.17137561011006,32.513938903808594,13200,0.0,0.0,0.0
2018-03-16 00:00:00-04:00,32.98666871205615,33.688428522183976,32.98666871205615,33.570980072021484,7700,0.0,0.0,0.0
2018-03-19 00:00:00-04:00,32.64117730462033,33.38992112393496,32.1811692277368,32.993526458740234,6500,0.0,0.0,0.0
2018-03-20 00:00:00-04:00,33.30214708373366,33.654858635558824,33.30214708373366,33.507896423339844,5800,0.035,0.0,0.0
2018-03-21 00:00:00-04:00,33.684261404002015,34.30150955724931,33.09640121459961,33.09640121459961,5900,0.0,0.0,0.0
2018-03-22 00:00:00-04:00,31.584617575600216,32.2929857661464,30.235485076904297,30.235485076904297,11700,0.0,0.0,0.0
2018-03-23 00:00:00-04:00,30.402049151413095,30.402049151413095,28.37981708577499,28.49151039123535,18600,0.0,0.0,0.0
2018-03-26 00:00:00-04:00,29.970950717784195,30.245285034179688,29.108758219826722,30.245285034179688,6700,0.0,0.0,0.0
2018-03-27 00:00:00-04:00,30.92132011787817,30.92132011787817,28.266163253868587,28.579687118530273,10300,0.0,0.0,0.0
2018-03-28 00:00:00-04:00,28.56009351300891,29.39289250781358,28.403331569133883,28.687463760375977,5400,0.0,0.0,0.0
2018-03-29 00:00:00-04:00,29.961153613035872,31.06044748699892,29.961153613035872,30.48042869567871,6500,0.0,0.0,0.0
2018-04-02 00:00:00-04:00,30.529414254637974,30.529414254637974,27.786078662869954,28.628673553466797,9000,0.0,0.0,0.0
2018-04-03 00:00:00-04:00,29.31842819231289,30.27467672857052,28.903008884092337,30.245285034179688,6400,0.0,0.0,0.0
2018-04-04 00:00:00-04:00,28.93240497981591,30.377554055521188,28.834428296187635,30.28447723388672,8800,0.0,0.0,0.0
2018-04-05 00:00:00-04:00,30.359916507427634,30.607796807965247,30.117915293365133,30.546072006225586,2500,0.0,0.0,0.0
2018-04-06 00:00:00-04:00,29.56924444460237,29.56924444460237,27.325586519987354,28.172101974487305,9600,0.0,0.0,0.0
2018-04-09 00:00:00-04:00,28.76584164042251,28.810910273973686,28.040817260742188,28.040817260742188,4200,0.0,0.0,0.0
2018-04-10 00:00:00-04:00,28.873617204586782,29.232211597045627,28.67766571044922,28.67766571044922,2000,0.0,0.0,0.0
2018-04-11 00:00:00-04:00,28.41312848466444,28.763883462642394,28.226972981687407,28.442522048950195,10800,0.0,0.0,0.0
2018-04-12 00:00:00-04:00,29.128354082185307,30.210991768781494,29.128354082185307,29.863176345825195,15100,0.0,0.0,0.0
2018-04-13 00:00:00-04:00,30.402045216178568,30.402045216178568,30.01699684933349,30.059127807617188,1800,0.0,0.0,0.0
2018-04-16 00:00:00-04:00,31.450392167349083,32.20481015852841,31.450392167349083,32.15582275390625,13600,0.0,0.0,0.0
2018-04-17 00:00:00-04:00,32.86125260237315,32.86125260237315,31.461170408972393,31.92068099975586,21700,0.0,0.0,0.0
2018-04-18 00:00:00-04:00,32.96903140998826,33.997781967413644,32.94943569853732,33.517696380615234,11600,0.0,0.0,0.0
2018-04-19 00:00:00-04:00,32.84263781973977,33.11599105880253,31.852095799964477,32.40076446533203,13400,0.0,0.0,0.0
2018-04-20 00:00:00-04:00,32.50266148352006,32.64472758420121,31.450394608560845,31.695335388183594,9800,0.0,0.0,0.0
2018-04-23 00:00:00-04:00,31.969667954476737,32.17541728887977,31.631648521172284,32.0970344543457,8800,0.0,0.0,0.0
2018-04-24 00:00:00-04:00,32.20579206755667,32.2342082778553,29.70347808015788,30.029739379882812,12400,0.0,0.0,0.0
2018-04-25 00:00:00-04:00,30.000345775187196,30.813549041748047,29.97095221058268,30.813549041748047,5600,0.0,0.0,0.0
2018-04-26 00:00:00-04:00,30.372653976772096,30.79591082898402,29.91706401762054,30.078725814819336,5800,0.0,0.0,0.0
2018-04-27 00:00:00-04:00,30.353060663833737,31.283836364746094,30.04933462333858,31.283836364746094,7400,0.0,0.0,0.0
2018-04-30 00:00:00-04:00,31.84230009574421,31.84230009574421,30.15710827111936,30.255083084106445,4300,0.0,0.0,0.0
2018-05-01 00:00:00-04:00,29.774999813272117,29.78479766845703,28.96179652042238,29.78479766845703,5800,0.0,0.0,0.0
2018-05-02 00:00:00-04:00,29.618234634399414,29.914123101182437,29.60843678028413,29.618234634399414,6200,0.0,0.0,0.0
2018-05-03 00:00:00-04:00,28.21717736247602,28.891255994753106,27.398096821983554,28.658071517944336,10300,0.0,0.0,0.0
2018-05-04 00:00:00-04:00,28.467015518279094,30.0885221587242,28.467015518279094,29.60843849182129,5100,0.0,0.0,0.0
2018-05-07 00:00:00-04:00,30.098318168227582,30.098318168227582,29.343902091486623,29.417383193969727,7200,0.0,0.0,0.0
2018-05-08 00:00:00-04:00,30.343263626098633,30.74398713711792,30.181603680531488,30.343263626098633,3800,0.0,0.0,0.0
2018-05-09 00:00:00-04:00,30.852740267460167,31.101599814623096,30.509822803456196,30.999704360961914,2900,0.0,0.0,0.0
2018-05-10 00:00:00-04:00,31.107479012088874,31.98926731373064,31.107479012088874,31.695335388183594,5000,0.0,0.0,0.0
2018-05-11 00:00:00-04:00,32.01669568853949,33.01801281533787,32.01669568853949,32.81226348876953,7700,0.0,0.0,0.0
2018-05-14 00:00:00-04:00,33.33055856981418,33.351133503167354,32.081359246587,32.2831916809082,8800,0.0,0.0,0.0
2018-05-15 00:00:00-04:00,31.627731338199073,31.68553924560547,31.626752113285356,31.68553924560547,2400,0.0,0.0,0.0
2018-05-16 00:00:00-04:00,32.1068335156793,33.05328417192584,32.1068335156793,33.0376091003418,8000,0.0,0.0,0.0
2018-05-17 00:00:00-04:00,32.88084832184681,33.521612679616986,32.8710485986397,32.90044403076172,8100,0.0,0.0,0.0
2018-05-18 00:00:00-04:00,32.80246265730175,33.145381927490234,32.67509242908895,33.145381927490234,3300,0.0,0.0,0.0
2018-05-21 00:00:00-04:00,33.80182061603138,34.585630201656954,33.80182061603138,34.08595275878906,11800,0.0,0.0,0.0
2018-05-22 00:00:00-04:00,34.35049821291379,34.38968589935901,32.929840863652544,32.969032287597656,9700,0.0,0.0,0.0
2018-05-23 00:00:00-04:00,32.07744215927246,32.89946026377652,32.01865503396557,32.803443908691406,6000,0.0,0.0,0.0
2018-05-24 00:00:00-04:00,33.307048433687015,34.139849383589805,33.07680348716978,33.978187561035156,5300,0.0,0.0,0.0
2018-05-25 00:00:00-04:00,34.18393419282133,34.97656442979643,34.132988335175654,34.42887496948242,12400,0.0,0.0,0.0
2018-05-29 00:00:00-04:00,34.76200015985394,34.76200015985394,32.54773682760997,32.92984390258789,9800,0.0,0.0,0.0
2018-05-30 00:00:00-04:00,33.164977134075706,34.948145553093994,33.164977134075706,34.68361282348633,9000,0.0,0.0,0.0
2018-05-31 00:00:00-04:00,34.153563765071006,34.153563765071006,32.93081831388033,33.13460922241211,7100,0.0,0.0,0.0
2018-06-01 00:00:00-04:00,34.00267597891667,34.443566329450775,34.00267597891667,34.41221618652344,8000,0.0,0.0,0.0
2018-06-04 00:00:00-04:00,35.03143910747445,35.03143910747445,33.4295239609238,33.654869079589844,4600,0.0,0.0,0.0
2018-06-05 00:00:00-04:00,33.52259444664297,33.52259444664297,32.35177784705794,33.13068771362305,10700,0.0,0.0,0.0
2018-06-06 00:00:00-04:00,32.82009810015811,33.76164879463294,32.57711582900379,33.63526153564453,12800,0.0,0.0,0.0
2018-06-07 00:00:00-04:00,33.90959816588752,33.90959816588752,33.45890808105469,33.45890808105469,9800,0.0,0.0,0.0
2018-06-08 00:00:00-04:00,34.07615544840241,34.76884859692785,33.87530597982313,34.698307037353516,2800,0.0,0.0,0.0
2018-06-11 00:00:00-04:00,34.98244658757895,36.39722113946601,34.98244658757895,36.047447204589844,13100,0.0,0.0,0.0
2018-06-12 00:00:00-04:00,35.77114992234501,36.48931796482204,35.58989613686286,36.12876510620117,10300,0.0,0.0,0.0
2018-06-13 00:00:00-04:00,36.17284941888918,36.17284941888918,35.17349441327468,35.432151794433594,5600,0.0,0.0,0.0
2018-06-14 00:00:00-04:00,35.42823316502925,35.55560341315769,35.02653044785453,35.37924575805664,7200,0.0,0.0,0.0
2018-06-15 00:00:00-04:00,34.908954132874925,36.10426236222542,34.908954132874925,36.055274963378906,5500,0.0,0.0,0.0
2018-06-18 00:00:00-04:00,35.8691301123836,36.05528376846062,34.79138838706964,35.91811752319336,5300,0.0,0.0,0.0
2018-06-19 00:00:00-04:00,34.31450975752079,34.31450975752079,33.15155420170734,33.91704559326172,5300,0.061,0.0,0.0
2018-06-20 00:00:00-04:00,33.858161899666655,34.633465635864034,33.466586603967286,34.11332321166992,5900,0.0,0.0,0.0
2018-06-21 00:00:00-04:00,33.5146732431845,34.11332162890275,33.45480728149414,33.45480728149414,1300,0.0,0.0,0.0
2018-06-22 00:00:00-04:00,34.510795085256696,34.510795085256696,33.22025680541992,33.22025680541992,2400,0.0,0.0,0.0
2018-06-25 00:00:00-04:00,32.415509480979324,32.415509480979324,30.786394102438603,30.91397476196289,42700,0.0,0.0,0.0
2018-06-26 00:00:00-04:00,30.904158951918188,30.904158951918188,30.02875354970301,30.442903518676758,19400,0.0,0.0,0.0
2018-06-27 00:00:00-04:00,30.482160315908803,30.879626383862803,29.28485782735765,29.2946720123291,3900,0.0,0.0,0.0
2018-06-28 00:00:00-04:00,28.431040501481956,29.206344214216664,28.00217206604735,28.840282440185547,21700,0.0,0.0,0.0
2018-06-29 00:00:00-04:00,29.515487066335197,30.158300283571265,29.235789340755574,29.245601654052734,11300,0.0,0.0,0.0
2018-07-02 00:00:00-04:00,28.499740301586368,29.995386075517466,28.499740301586368,29.98753547668457,4800,0.0,0.0,0.0
2018-07-03 00:00:00-04:00,30.0797870323195,30.0797870323195,29.20536433421846,29.28485679626465,7000,0.0,0.0,0.0
2018-07-05 00:00:00-04:00,29.27504262749411,29.795183181762695,29.207326063843734,29.795183181762695,4200,0.0,0.0,0.0
2018-07-06 00:00:00-04:00,29.58909331526005,30.658815260090478,29.58909331526005,30.384023666381836,3600,0.0,0.0,0.0
2018-07-09 00:00:00-04:00,30.788358749455053,32.0828223401454,30.788358749455053,32.0239372253418,11700,0.0,0.0,0.0
2018-07-10 00:00:00-04:00,32.1897912205026,32.300687961126755,31.222134609332233,31.73834991455078,8900,0.0,0.0,0.0
2018-07-11 00:00:00-04:00,31.15932543976093,31.15932543976093,29.834440361650174,29.98164939880371,7400,0.0,0.0,0.0
2018-07-12 00:00:00-04:00,30.344766539229827,30.579320514278116,30.109231707209148,30.26919937133789,6000,0.0,0.0,0.0
2018-07-13 00:00:00-04:00,30.471364582105508,30.899254052195875,30.471364582105508,30.803075790405273,3000,0.0,0.0,0.0
2018-07-16 00:00:00-04:00,31.30653430870419,31.30653430870419,29.269155854476438,29.7667236328125,11500,0.0,0.0,0.0
2018-07-17 00:00:00-04:00,29.79813223757755,30.03072264656681,29.79813223757755,29.968894958496094,3900,0.0,0.0,0.0
2018-07-18 00:00:00-04:00,30.285883809975306,32.287932723713176,30.285883809975306,32.08183670043945,13900,0.0,0.0,0.0
2018-07-19 00:00:00-04:00,31.44883891362097,32.563706535835415,31.44883891362097,32.38607406616211,3300,0.0,0.0,0.0
2018-07-20 00:00:00-04:00,31.964062384404997,32.66085253612738,31.885552663513486,32.29773712158203,9400,0.0,0.0,0.0
2018-07-23 00:00:00-04:00,31.748158789774923,33.151555355449126,31.748158789774923,33.0612678527832,47100,0.0,0.0,0.0
2018-07-24 00:00:00-04:00,33.59024082930387,33.59024082930387,31.39485666507524,31.488088607788086,67600,0.0,0.0,0.0
2018-07-25 00:00:00-04:00,32.089690770102216,33.71684265136719,32.089690770102216,33.71684265136719,46000,0.0,0.0,0.0
2018-07-26 00:00:00-04:00,33.593187898787285,34.99756547181024,33.43616467326079,34.63248825073242,14600,0.0,0.0,0.0
2018-07-27 00:00:00-04:00,34.64523912570243,34.64523912570243,33.76983558704793,34.16239547729492,3800,0.0,0.0,0.0
2018-07-30 00:00:00-04:00,34.34885694058405,35.51082784419914,33.97592544555664,33.97592544555664,12400,0.0,0.0,0.0
2018-07-31 00:00:00-04:00,34.986770040025306,35.86021190955199,34.986770040025306,35.298851013183594,138400,0.0,0.0,0.0
2018-08-01 00:00:00-04:00,35.06528033575883,35.220341839743206,34.231095192689054,34.731605529785156,5000,0.0,0.0,0.0
2018-08-02 00:00:00-04:00,34.37241432088844,35.2959098815918,34.37241432088844,35.2959098815918,2400,0.0,0.0,0.0
2018-08-03 00:00:00-04:00,35.33026267772985,35.69828624728954,35.01032731161045,35.52654266357422,5700,0.0,0.0,0.0
2018-08-06 00:00:00-04:00,35.526536053007625,36.34011193175331,35.4676509450925,36.23412322998047,23100,0.0,0.0,0.0
2018-08-07 00:00:00-04:00,36.54423882806268,36.99371833216277,36.54423882806268,36.831787109375,8000,0.0,0.0,0.0
2018-08-08 00:00:00-04:00,36.694392850256015,36.7336495855513,36.18406652260232,36.39997482299805,3100,0.0,0.0,0.0
2018-08-09 00:00:00-04:00,36.53737345097481,36.728745375772604,35.9289089655595,35.95344161987305,23400,0.0,0.0,0.0
2018-08-10 00:00:00-04:00,35.31258717039167,35.64331936906868,35.133973888084306,35.48923873901367,9100,0.0,0.0,0.0
2018-08-13 00:00:00-04:00,35.48727977653515,35.48727977653515,34.59617126587069,34.96517562866211,11500,0.0,0.0,0.0
2018-08-14 00:00:00-04:00,35.551071274068455,35.92891085895004,35.51574170425961,35.69435501098633,2300,0.0,0.0,0.0
2018-08-15 00:00:00-04:00,35.25665136387174,35.719870406347624,34.427374270493516,35.37932586669922,5500,0.0,0.0,0.0
2018-08-16 00:00:00-04:00,36.311657413207875,36.8210030014836,35.90928514297285,36.57368850708008,8600,0.0,0.0,0.0
2018-08-17 00:00:00-04:00,36.65121243277611,36.95151934261271,36.5079287193003,36.87104415893555,8500,0.0,0.0,0.0
2018-08-20 00:00:00-04:00,37.58943112203314,38.36277321578618,37.39118944177703,38.204769134521484,13000,0.0,0.0,0.0
2018-08-21 00:00:00-04:00,38.86328477130331,39.267622487663594,38.83384408575966,39.079193115234375,14200,0.0,0.0,0.0
2018-08-22 00:00:00-04:00,38.259722941772964,38.44422511676579,37.773932979123686,37.78276443481445,11800,0.0,0.0,0.0
2018-08-23 00:00:00-04:00,37.35193383314043,38.117421530013516,36.99863066728248,37.02218246459961,13200,0.0,0.0,0.0
2018-08-24 00:00:00-04:00,37.14583942404342,37.65322325429203,37.14583942404342,37.48933029174805,3600,0.0,0.0,0.0
2018-08-27 00:00:00-04:00,38.79457700524447,39.01244700516314,38.52665710449219,38.52665710449219,10100,0.0,0.0,0.0
2018-08-28 00:00:00-04:00,39.0674088236644,39.0674088236644,38.46287155151367,38.46287155151367,4200,0.0,0.0,0.0
2018-08-29 00:00:00-04:00,38.24499660919354,38.64736874886173,38.24499660919354,38.56885528564453,3100,0.0,0.0,0.0
2018-08-30 00:00:00-04:00,38.10761060794639,38.10761060794639,37.44320356200405,37.585506439208984,5300,0.0,0.0,0.0
2018-08-31 00:00:00-04:00,36.53737304191278,37.55802579189321,36.53737304191278,37.5491943359375,4500,0.0,0.0,0.0
2018-09-04 00:00:00-04:00,37.53839935987134,37.69542257999354,37.41670570912408,37.616912841796875,4200,0.0,0.0,0.0
2018-09-05 00:00:00-04:00,37.61690972695415,38.349029541015625,37.49325062878805,38.349029541015625,1500,0.0,0.0,0.0
2018-09-06 00:00:00-04:00,38.863274605119415,38.863274605119415,37.99964894276786,38.30289840698242,2600,0.0,0.0,0.0
2018-09-07 00:00:00-04:00,38.24009695461147,38.95651561655481,38.12723476245718,38.168453216552734,5400,0.0,0.0,0.0
2018-09-10 00:00:00-04:00,39.2558367182009,40.29611773897542,39.2558367182009,40.17245864868164,7700,0.0,0.0,0.0
2018-09-11 00:00:00-04:00,39.47174744379845,40.258825191427185,39.45211907498573,39.86430358886719,5200,0.0,0.0,0.0
2018-09-12 00:00:00-04:00,40.12927979158935,40.189145753177364,39.64839787263617,39.834861755371094,2500,0.0,0.0,0.0
2018-09-13 00:00:00-04:00,39.81523693064209,40.18129873072018,39.02030479274903,39.030120849609375,5400,0.0,0.0,0.0
2018-09-14 00:00:00-04:00,39.61895954418927,40.62980007382906,39.61895954418927,40.1489143371582,10000,0.0,0.0,0.0
2018-09-17 00:00:00-04:00,40.53165342150945,40.53165342150945,38.99282373872287,39.07427978515625,2500,0.0,0.0,0.0
2018-09-18 00:00:00-04:00,39.40305734562904,39.76911544799805,38.7258915988275,39.76911544799805,1500,0.0,0.0,0.0
2018-09-19 00:00:00-04:00,39.92122698154264,39.92122698154264,39.86430358886719,39.86430358886719,700,0.0,0.0,0.0
2018-09-20 00:00:00-04:00,39.754393588963715,40.139102935791016,39.754393588963715,40.139102935791016,1400,0.0,0.0,0.0
2018-09-21 00:00:00-04:00,40.45314339662364,40.45314339662364,39.677839675787254,39.79266357421875,1400,0.0,0.0,0.0
2018-09-24 00:00:00-04:00,38.465812924339694,38.483479578404896,37.87206883983478,38.11447525024414,3200,0.0,0.0,0.0
2018-09-25 00:00:00-04:00,38.01221659674557,38.01221659674557,37.354427556862476,37.477333068847656,3400,0.073,0.0,0.0
2018-09-26 00:00:00-04:00,37.117467137351454,38.73982150591807,37.117467137351454,38.09284591674805,103200,0.0,0.0,0.0
2018-09-27 00:00:00-04:00,38.55201760238785,38.79291135695454,38.199031829833984,38.199031829833984,3000,0.0,0.0,0.0
2018-09-28 00:00:00-04:00,38.08006286621094,38.08006286621094,38.08006286621094,38.08006286621094,400,0.0,0.0,0.0
2018-10-01 00:00:00-04:00,39.07215325995456,39.18227611971545,38.29342410812089,38.45467758178711,3500,0.0,0.0,0.0
2018-10-02 00:00:00-04:00,37.854903868013906,37.854903868013906,37.087974548339844,37.087974548339844,4100,0.0,0.0,0.0
2018-10-03 00:00:00-04:00,37.55009153854037,38.20198436957439,37.55009153854037,37.78607177734375,1900,0.0,0.0,0.0
2018-10-04 00:00:00-04:00,37.363277094747595,37.426203909160016,36.64157476010179,37.24528884887695,5700,0.0,0.0,0.0
2018-10-05 00:00:00-04:00,37.01914232690829,37.137130570161496,35.544276158517974,36.36036682128906,3500,0.0,0.0,0.0
2018-10-08 00:00:00-04:00,35.691765140793805,36.3800368585437,35.3967926191236,36.330875396728516,6000,0.0,0.0,0.0
2018-10-09 00:00:00-04:00,36.330875679349006,36.330875679349006,34.24639892578125,34.24639892578125,10800,0.0,0.0,0.0
2018-10-10 00:00:00-04:00,33.194321636770134,33.194321636770134,30.106937408447266,30.106937408447266,113500,0.0,0.0,0.0
2018-10-11 00:00:00-04:00,30.185594697014515,31.100010137015804,28.67631514970272,28.681230545043945,96200,0.0,0.0,0.0
2018-10-12 00:00:00-04:00,30.418625152506863,30.418625152506863,28.700897842843094,29.654644012451172,6800,0.0,0.0,0.0
2018-10-15 00:00:00-04:00,30.08727309488303,30.352749480739494,29.988948299152174,30.13643455505371,3600,0.0,0.0,0.0
2018-10-16 00:00:00-04:00,31.326159829836847,31.789268493652344,30.460903910750385,31.789268493652344,35800,0.0,0.0,0.0
2018-10-17 00:00:00-04:00,32.25040866798483,32.25040866798483,30.234758829506823,31.453981399536133,4300,0.0,0.0,0.0
2018-10-18 00:00:00-04:00,30.31341370276626,30.67721482303251,28.42558506941981,28.612401962280273,60200,0.0,0.0,0.0
2018-10-19 00:00:00-04:00,29.49732575582176,29.49732575582176,28.549477664724698,28.917211532592773,9500,0.0,0.0,0.0
2018-10-22 00:00:00-04:00,28.33709798511935,29.279046123421974,28.317432650719702,28.828720092773438,3600,0.0,0.0,0.0
2018-10-23 00:00:00-04:00,27.28502707502079,27.59966492501276,25.770830077697532,27.137540817260742,27900,0.0,0.0,0.0
2018-10-24 00:00:00-04:00,27.629161864808758,27.629161864808758,24.767921447753906,24.767921447753906,26100,0.0,0.0,0.0
2018-10-25 00:00:00-04:00,24.993083273629484,26.537758968979908,24.993083273629484,26.018606185913086,13400,0.0,0.0,0.0
2018-10-26 00:00:00-04:00,24.610602986306727,25.14155387878418,23.893817874920057,25.14155387878418,10800,0.0,0.0,0.0
2018-10-29 00:00:00-04:00,26.48269599100617,26.48269599100617,25.58794403076172,25.58794403076172,3400,0.0,0.0,0.0
2018-10-30 00:00:00-04:00,24.994065299723893,26.65574836730957,24.994065299723893,26.65574836730957,12700,0.0,0.0,0.0
2018-10-31 00:00:00-04:00,27.43251052971271,27.94379792140081,26.645915985107422,26.645915985107422,39700,0.0,0.0,0.0
2018-11-01 00:00:00-04:00,26.8622284531628,28.248602481098253,26.8622284531628,28.22893714904785,9500,0.0,0.0,0.0
2018-11-02 00:00:00-04:00,28.514080452356726,29.0057025291215,27.530836298827186,27.9143009185791,47700,0.0,0.0,0.0
2018-11-05 00:00:00-05:00,28.12078349246168,28.306615829467773,27.72748620156217,28.306615829467773,5300,0.0,0.0,0.0
2018-11-06 00:00:00-05:00,28.41673787873116,28.917209909455423,28.41673787873116,28.907377243041992,57600,0.0,0.0,0.0
2018-11-07 00:00:00-05:00,30.12856703855369,31.00168831223863,29.467826108362555,30.886648178100586,16800,0.0,0.0,0.0
2018-11-08 00:00:00-05:00,30.58577636733679,30.942692976471477,29.890622027495827,30.47368621826172,16000,0.0,0.0,0.0
2018-11-09 00:00:00-05:00,29.6251469203893,29.6251469203893,28.94670977267979,29.35082244873047,5600,0.0,0.0,0.0
2018-11-12 00:00:00-05:00,29.288879157936424,29.288879157936424,27.925118393989035,27.973299026489258,6900,0.0,0.0,0.0
2018-11-13 00:00:00-05:00,28.52391511071883,29.26626367329933,28.52391511071883,28.627155303955078,1600,0.0,0.0,0.0
2018-11-14 00:00:00-05:00,29.369502166952145,29.646776598774057,28.120781706679214,28.681230545043945,68800,0.0,0.0,0.0
2018-11-15 00:00:00-05:00,27.786480218773114,30.17576383039788,27.786480218773114,29.98894691467285,11200,0.0,0.0,0.0
2018-11-16 00:00:00-05:00,29.94174937869479,29.94174937869479,29.252495045905782,29.896520614624023,3600,0.0,0.0,0.0
2018-11-19 00:00:00-05:00,29.693973637001527,29.693973637001527,29.0371653993639,29.364585876464844,4200,0.0,0.0,0.0
2018-11-20 00:00:00-05:00,28.12078431207962,28.12078431207962,26.547593227239393,26.901561737060547,24000,0.0,0.0,0.0
2018-11-21 00:00:00-05:00,27.422678283464837,28.226972764837857,27.27519203851623,27.9339656829834,2700,0.0,0.0,0.0
2018-11-23 00:00:00-05:00,27.638992469664128,28.330212207248923,27.638992469664128,28.310546875,1700,0.0,0.0,0.0
2018-11-26 00:00:00-05:00,28.956539568885084,28.956539568885084,28.154212396245306,28.681230545043945,4500,0.0,0.0,0.0
2018-11-27 00:00:00-05:00,28.562260198165465,28.80905394916351,28.167980194091797,28.167980194091797,2200,0.0,0.0,0.0
2018-11-28 00:00:00-05:00,28.405924191470667,31.139343728522782,28.405924191470667,31.110830307006836,16600,0.0,0.0,0.0
2018-11-29 00:00:00-05:00,31.247502105957768,31.493311286506078,30.402894177518537,30.637889862060547,5000,0.0,0.0,0.0
2018-11-30 00:00:00-05:00,30.695900345493698,31.74895591207224,30.695900345493698,31.709625244140625,5900,0.0,0.0,0.0
2018-12-03 00:00:00-05:00,33.803937815640225,33.803937815640225,31.793201406675237,32.05376052856445,19900,0.0,0.0,0.0
2018-12-04 00:00:00-05:00,31.47364506748966,31.47364506748966,27.494456810996834,27.67832374572754,19700,0.0,0.0,0.0
2018-12-06 00:00:00-05:00,26.439437156173188,27.530838868588315,25.842609429589892,27.501340866088867,7200,0.0,0.0,0.0
2018-12-07 00:00:00-05:00,27.695040420843124,27.695040420843124,24.17797609264671,24.403139114379883,16600,0.0,0.0,0.0
2018-12-10 00:00:00-05:00,23.89283020049767,23.99115498277985,22.43762942396693,23.869232177734375,13200,0.0,0.0,0.0
2018-12-11 00:00:00-05:00,24.782671369879626,24.82691743636596,23.18489945565805,23.43366050720215,17100,0.0,0.0,0.0
2018-12-12 00:00:00-05:00,24.404118972561015,24.404118972561015,23.614574432373047,23.614574432373047,7500,0.0,0.0,0.0
2018-12-13 00:00:00-05:00,23.6961830371781,23.6961830371781,21.90667908640958,22.299976348876953,12500,0.0,0.0,0.0
2018-12-14 00:00:00-05:00,21.631370196196485,22.27047848600625,21.12008281419296,21.33049774169922,79400,0.0,0.0,0.0
2018-12-17 00:00:00-05:00,21.44455688077185,21.44455688077185,20.22533421800144,20.430831909179688,11000,0.0,0.0,0.0
2018-12-18 00:00:00-05:00,20.84477801320943,21.43472303921067,20.52620559873252,20.8723087310791,11700,0.0,0.0,0.0
2018-12-19 00:00:00-05:00,20.333489173199663,21.22824119311798,18.673773330206608,18.86452293395996,9400,0.0,0.0,0.0
2018-12-20 00:00:00-05:00,18.730798247249208,18.976609257713836,17.78688486725183,17.963869094848633,10100,0.0,0.0,0.0
2018-12-21 00:00:00-05:00,18.09169241660576,18.455493585957704,17.05928678462741,17.139911651611328,24400,0.0,0.0,0.0
2018-12-24 00:00:00-05:00,16.587328626488475,16.587328626488475,15.872509002685547,15.872509002685547,9100,0.0,0.0,0.0
2018-12-26 00:00:00-05:00,16.420176401209503,18.219512939453125,15.853827617812199,18.219512939453125,8300,0.0,0.0,0.0
2018-12-27 00:00:00-05:00,19.364827736534863,19.364827736534863,16.696368246500832,18.331972122192383,11600,0.061,0.0,0.0
2018-12-28 00:00:00-05:00,18.853830732291353,18.98996708188852,18.067597779040252,18.244178771972656,17900,0.0,0.0,0.0
2018-12-31 00:00:00-05:00,18.752221914181728,18.822261983505452,18.15144731138484,18.595369338989258,8600,0.0,0.0,0.0
2019-01-02 00:00:00-05:00,17.016983470711057,18.93077808063738,15.152513638713287,18.832128524780273,7800,0.0,0.0,0.0
2019-01-03 00:00:00-05:00,17.04657678821142,17.973877606167502,16.81475064293063,16.898601531982422,11600,0.0,0.0,0.0
2019-01-04 00:00:00-05:00,18.04293195198652,18.8834220730295,17.984728933550542,18.79463768005371,24200,0.0,0.0,0.0
2019-01-07 00:00:00-05:00,19.15766735718585,19.641048025738886,18.496717895779973,19.218830108642578,20800,0.0,0.0,0.0
2019-01-08 00:00:00-05:00,20.17375415407189,20.62951317200222,19.688399710505358,20.272401809692383,137100,0.0,0.0,0.0
2019-01-09 00:00:00-05:00,20.36217391658973,21.14051535488618,20.292131974137572,21.050745010375977,21100,0.0,0.0,0.0
2019-01-10 00:00:00-05:00,20.4401072612413,21.315126419067383,19.891618119175316,21.315126419067383,8500,0.0,0.0,0.0
2019-01-11 00:00:00-05:00,20.745920725692525,21.485789486331697,20.740987213601468,21.313152313232422,5200,0.0,0.0,0.0
2019-01-14 00:00:00-05:00,21.308219780938607,21.48184101489128,20.83667614523539,21.367408752441406,2400,0.0,0.0,0.0
2019-01-15 00:00:00-05:00,21.051732519473912,21.241138364345137,20.55848668140111,20.832731246948242,30300,0.0,0.0,0.0
2019-01-16 00:00:00-05:00,21.318086528961093,21.683087409237064,21.110922290720886,21.209571838378906,33100,0.0,0.0,0.0
2019-01-17 00:00:00-05:00,21.39207081331306,22.689307854443076,21.29835478432781,22.147724151611328,129400,0.0,0.0,0.0
2019-01-18 00:00:00-05:00,23.064173081220208,24.049678744382607,23.064173081220208,24.001340866088867,27800,0.0,0.0,0.0
2019-01-22 00:00:00-05:00,23.79417884055432,23.79417884055432,22.156601010782303,22.600522994995117,12600,0.0,0.0,0.0
2019-01-23 00:00:00-05:00,22.7632978771809,22.7632978771809,21.21746398075115,21.802453994750977,12800,0.0,0.0,0.0
2019-01-24 00:00:00-05:00,22.6695796462013,22.783025970073783,22.378564508760167,22.60447120666504,68100,0.0,0.0,0.0
2019-01-25 00:00:00-05:00,22.853067145309332,23.537692627804777,22.853067145309332,23.271339416503906,10700,0.0,0.0,0.0
2019-01-28 00:00:00-05:00,22.620253630168566,23.162823280108803,22.307536336906658,23.13027000427246,5300,0.0,0.0,0.0
2019-01-29 00:00:00-05:00,23.234837416104828,23.58701528258473,23.162823570563663,23.443973541259766,2500,0.0,0.0,0.0
2019-01-30 00:00:00-05:00,23.665934485635304,24.464992196234796,23.157891887392545,24.16312599182129,227900,0.0,0.0,0.0
2019-01-31 00:00:00-05:00,24.53404715982919,24.5379928402671,23.79516440230721,24.12070655822754,7000,0.0,0.0,0.0
2019-02-01 00:00:00-05:00,24.543909827113577,24.958236368418085,24.49655978141929,24.572519302368164,8700,0.0,0.0,0.0
2019-02-04 00:00:00-05:00,24.879316430485108,25.175265027014664,24.534045890242282,25.155534744262695,12400,0.0,0.0,0.0
2019-02-05 00:00:00-05:00,25.382426469508328,25.54026496287495,25.185129293591682,25.43766975402832,87400,0.0,0.0,0.0
2019-02-06 00:00:00-05:00,25.40709064398829,25.481078267535715,25.295618115392507,25.343955993652344,4300,0.0,0.0,0.0
2019-02-07 00:00:00-05:00,25.303508120634127,25.402157652884327,24.54390916836594,25.071683883666992,18500,0.0,0.0,0.0
2019-02-08 00:00:00-05:00,24.504453966285933,24.890172958374023,24.080262234444458,24.890172958374023,13400,0.0,0.0,0.0
2019-02-11 00:00:00-05:00,25.41202415157126,25.925000241404632,25.41202415157126,25.895404815673828,18400,0.0,0.0,0.0
2019-02-12 00:00:00-05:00,26.66487122843704,27.27649502645802,26.437976708283852,26.80889892578125,250700,0.0,0.0,0.0
2019-02-13 00:00:00-05:00,27.503385336183936,27.56257618769032,26.91247782350428,27.45406150817871,26700,0.0,0.0,0.0
2019-02-14 00:00:00-05:00,27.12852087464021,27.874309087566495,26.881897957598024,27.63163185119629,19700,0.0,0.0,0.0
2019-02-15 00:00:00-05:00,27.86838959537948,28.060755169409266,27.491549808655257,27.799335479736328,6300,0.0,0.0,0.0
2019-02-19 00:00:00-05:00,28.371500948576504,28.81542107572004,27.661227616196715,28.2333927154541,15900,0.0,0.0,0.0
2019-02-20 00:00:00-05:00,28.23339358973166,28.63390747818897,27.9473100904523,28.26298713684082,6600,0.0,0.0,0.0
2019-02-21 00:00:00-05:00,28.41095965234563,28.66843554649327,28.19886379046233,28.37742042541504,3800,0.0,0.0,0.0
2019-02-22 00:00:00-05:00,28.01636153771945,28.10218620300293,27.29622310911474,28.10218620300293,12900,0.0,0.0,0.0
2019-02-25 00:00:00-05:00,28.47015110888767,28.48987951291517,27.917714401278552,27.93744468688965,6700,0.0,0.0,0.0
2019-02-26 00:00:00-05:00,27.819065120238466,28.253120088964533,27.6513614654541,27.6513614654541,14700,0.0,0.0,0.0
2019-02-27 00:00:00-05:00,27.680956656417262,27.700686942055246,26.793114500127615,27.325820922851562,6800,0.0,0.0,0.0
2019-02-28 00:00:00-05:00,27.012114250848498,27.24196660893864,26.903599567560534,27.148250579833984,3700,0.0,0.0,0.0
2019-03-01 00:00:00-05:00,27.89798528136899,27.89798528136899,26.719126147734894,27.069332122802734,5800,0.0,0.0,0.0
2019-03-04 00:00:00-05:00,27.60894464907897,27.76974291274668,26.14203187069914,26.701372146606445,14500,0.0,0.0,0.0
2019-03-05 00:00:00-05:00,26.398514938141677,26.64513783343644,26.142026901245117,26.142026901245117,10900,0.0,0.0,0.0
2019-03-06 00:00:00-05:00,25.996025021970258,25.996025021970258,25.629050415564674,25.707969665527344,16500,0.0,0.0,0.0
2019-03-07 00:00:00-05:00,25.06675293324393,25.10621350280901,24.51431813041744,24.82407569885254,52800,0.0,0.0,0.0
2019-03-08 00:00:00-05:00,24.001339744096832,24.573504777556426,23.675797602328153,24.56955909729004,20600,0.0,0.0,0.0
2019-03-11 00:00:00-04:00,24.534047537613553,26.053243661440415,24.534047537613553,25.969392776489258,12400,0.0,0.0,0.0
2019-03-12 00:00:00-04:00,25.74743321514763,25.876664136972337,25.45148458230289,25.58268928527832,7000,0.0,0.0,0.0
2019-03-13 00:00:00-04:00,26.031541784750907,26.941086065043844,26.031541784750907,26.35511016845703,14900,0.0,0.0,0.0
2019-03-14 00:00:00-04:00,26.43008703939111,26.43008703939111,25.974327951879435,26.159788131713867,4100,0.0,0.0,0.0
2019-03-15 00:00:00-04:00,26.67867840778664,26.67867840778664,25.75729527424389,25.767160415649414,7400,0.0,0.0,0.0
2019-03-18 00:00:00-04:00,25.99602720977528,26.66881561279297,25.99602720977528,26.66881561279297,13300,0.0,0.0,0.0
2019-03-19 00:00:00-04:00,27.40007832216799,27.40007832216799,25.444767772462562,25.546688079833984,36500,0.083,0.0,0.0
2019-03-20 00:00:00-04:00,24.461176096452014,25.104371979507597,24.13463133634643,24.639291763305664,234200,0.0,0.0,0.0
2019-03-21 00:00:00-04:00,24.13462895752246,25.717876866706717,24.13462895752246,25.649599075317383,8500,0.0,0.0,0.0
2019-03-22 00:00:00-04:00,24.875788930852902,24.875788930852902,23.928808212280273,23.928808212280273,8000,0.0,0.0,0.0
2019-03-25 00:00:00-04:00,23.99609482610098,24.43148841532909,23.402376638495028,23.520130157470703,9900,0.0,0.0,0.0
2019-03-26 00:00:00-04:00,23.985212994280804,24.37211799621582,23.915946210680076,24.37211799621582,10700,0.0,0.0,0.0
2019-03-27 00:00:00-04:00,24.738243985564328,25.13405551185771,24.24347910585304,24.929224014282227,7900,0.0,0.0,0.0
2019-03-28 00:00:00-04:00,25.536793725230076,25.87323399454207,25.20925999380633,25.863338470458984,125100,0.0,0.0,0.0
2019-03-29 00:00:00-04:00,26.28784872140892,26.617362326871014,26.20274872051149,26.509504318237305,11300,0.0,0.0,0.0
2019-04-01 00:00:00-04:00,26.915208470910372,28.351014383001573,26.9053129474706,28.15212059020996,25600,0.0,0.0,0.0
2019-04-02 00:00:00-04:00,28.5083526456936,28.5083526456936,27.919583101664017,28.023483276367188,12900,0.0,0.0,0.0
2019-04-03 00:00:00-04:00,28.20159734113406,29.171336024805804,28.095717312610816,28.28867530822754,17300,0.0,0.0,0.0
2019-04-04 00:00:00-04:00,28.676571563093216,28.817084983199774,28.201597738365205,28.549911499023438,18000,0.0,0.0,0.0
2019-04-05 00:00:00-04:00,28.795317788834094,29.29997821737423,28.795317788834094,28.927913665771484,11300,0.0,0.0,0.0
2019-04-08 00:00:00-04:00,28.570692797720206,29.00212860107422,28.433148217444487,29.00212860107422,4900,0.0,0.0,0.0
2019-04-09 00:00:00-04:00,28.364870495792616,28.389608361461804,28.01358600872876,28.06207275390625,4100,0.0,0.0,0.0
2019-04-10 00:00:00-04:00,28.118475919255356,28.60730307076387,27.89484237631258,28.540014266967773,5200,0.0,0.0,0.0
2019-04-11 00:00:00-04:00,29.065454306130167,29.329658925302553,28.834894088439135,29.30986976623535,6000,0.0,0.0,0.0
2019-04-12 00:00:00-04:00,29.4879826238681,30.289502994083747,29.4879826238681,30.2004451751709,91300,0.0,0.0,0.0
2019-04-15 00:00:00-04:00,30.635840320787864,30.635840320787864,29.485018996959788,29.565170288085938,7100,0.0,0.0,0.0
2019-04-16 00:00:00-04:00,29.19112745337303,29.58100128173828,29.19112745337303,29.58100128173828,1000,0.0,0.0,0.0
2019-04-17 00:00:00-04:00,30.75458595024645,30.932701615310425,30.46762329115984,30.581418991088867,3100,0.0,0.0,0.0
2019-04-18 00:00:00-04:00,31.32851305632709,31.32851305632709,30.67542354475167,30.866403579711914,10500,0.0,0.0,0.0
2019-04-22 00:00:00-04:00,30.675422838608764,30.985145384519345,30.641778433888515,30.807029724121094,5100,0.0,0.0,0.0
2019-04-23 00:00:00-04:00,30.457727720414145,31.161281954017458,30.457727720414145,31.003948211669922,14100,0.0,0.0,0.0
2019-04-24 00:00:00-04:00,31.358193784402587,32.06966543617368,31.358193784402587,31.95191192626953,11300,0.0,0.0,0.0
2019-04-25 00:00:00-04:00,31.823279010404246,31.823279010404246,29.51767459441775,29.696779251098633,13500,0.0,0.0,0.0
2019-04-26 00:00:00-04:00,29.11196495546194,29.923379038307154,29.08227838387802,29.871923446655273,15400,0.0,0.0,0.0
2019-04-29 00:00:00-04:00,29.982752670302023,29.992648194947574,29.072385164073125,29.290082931518555,5700,0.0,0.0,0.0
2019-04-30 00:00:00-04:00,29.18123393737557,29.784847726821724,28.686469031240254,29.62157440185547,8900,0.0,0.0,0.0
2019-05-01 00:00:00-04:00,29.14264376539576,29.478095078429476,28.072962618747273,28.07988929748535,25900,0.0,0.0,0.0
2019-05-02 00:00:00-04:00,28.25997915486565,29.29007995088829,28.25997915486565,29.15550422668457,15500,0.0,0.0,0.0
2019-05-03 00:00:00-04:00,30.12524347022825,30.606154981456072,29.829374291082335,30.579437255859375,7100,0.0,0.0,0.0
2019-05-06 00:00:00-04:00,28.617199493911166,30.27960972061293,28.20159693723572,30.04311180114746,14100,0.0,0.0,0.0
2019-05-07 00:00:00-04:00,28.30055062342375,28.550901901513644,27.15467426124194,28.011608123779297,8400,0.0,0.0,0.0
2019-05-08 00:00:00-04:00,27.878020030394396,28.582565057457042,27.878020030394396,27.890884399414062,2800,0.0,0.0,0.0
2019-05-09 00:00:00-04:00,27.568297427462575,27.71474664205302,26.717301300593785,27.706830978393555,5600,0.0,0.0,0.0
2019-05-10 00:00:00-04:00,27.37039518691086,27.92453136810596,25.960315921742577,27.44065284729004,6700,0.0,0.0,0.0
2019-05-13 00:00:00-04:00,25.599138292427853,25.960316464613616,24.708559909089352,25.225095748901367,10200,0.0,0.0,0.0
2019-05-14 00:00:00-04:00,25.70798098741745,26.910259716162575,25.70798098741745,26.3709659576416,11100,0.0,0.0,0.0
2019-05-15 00:00:00-04:00,26.272013200352752,26.645066703469247,25.512054725872385,26.5292911529541,2800,0.0,0.0,0.0
2019-05-16 00:00:00-04:00,27.00426608779115,27.841406980704363,26.979526335692036,27.504966735839844,7000,0.0,0.0,0.0
2019-05-17 00:00:00-04:00,26.70740590298727,27.50496658546197,26.697510379677343,26.714332580566406,3600,0.0,0.0,0.0
2019-05-20 00:00:00-04:00,26.49960625665604,26.49960625665604,26.446170806884766,26.446170806884766,300,0.0,0.0,0.0
2019-05-21 00:00:00-04:00,26.806361140631946,27.078481445037124,26.806361140631946,26.809329986572266,3000,0.0,0.0,0.0
2019-05-22 00:00:00-04:00,26.222537878998327,26.222537878998327,25.393312613441303,25.478410720825195,5100,0.0,0.0,0.0
2019-05-23 00:00:00-04:00,24.599709821162246,24.738243380129955,23.650749280098886,24.162336349487305,10800,0.0,0.0,0.0
2019-05-24 00:00:00-04:00,24.251392845156573,24.251392845156573,23.59434557492634,23.993125915527344,3400,0.0,0.0,0.0
2019-05-28 00:00:00-04:00,24.12473599057908,24.12473599057908,23.09067726135254,23.09067726135254,8100,0.0,0.0,0.0
2019-05-29 00:00:00-04:00,22.75918355863588,22.75918355863588,22.174371886725588,22.540496826171875,7000,0.0,0.0,0.0
2019-05-30 00:00:00-04:00,22.699814433962445,22.699814433962445,22.16546742911203,22.48409652709961,2600,0.0,0.0,0.0
2019-05-31 00:00:00-04:00,21.591538807595914,21.694449992021227,21.1986961316495,21.245203018188477,5100,0.0,0.0,0.0
2019-06-03 00:00:00-04:00,21.282805034209705,22.11994785703553,21.175936018777627,21.350093841552734,2200,0.0,0.0,0.0
2019-06-04 00:00:00-04:00,22.452432266285186,23.50727104503875,22.452432266285186,23.49539566040039,13800,0.0,0.0,0.0
2019-06-05 00:00:00-04:00,23.6359054307808,24.243476966531762,23.62007410355301,24.0980167388916,11800,0.0,0.0,0.0
2019-06-06 00:00:00-04:00,23.986199525789715,23.986199525789715,23.045156576597524,23.510236740112305,9100,0.0,0.0,0.0
2019-06-07 00:00:00-04:00,23.79819108784738,24.471071658148205,23.79819108784738,23.937715530395508,5100,0.0,0.0,0.0
2019-06-10 00:00:00-04:00,24.946044068674517,25.371542162764705,24.567054748535156,24.567054748535156,9500,0.0,0.0,0.0
2019-06-11 00:00:00-04:00,25.054892951202028,25.163741827589995,24.084165263639303,24.239521026611328,8200,0.0,0.0,0.0
2019-06-12 00:00:00-04:00,24.490860742565385,24.67293422742732,24.440394137627806,24.64126968383789,2300,0.0,0.0,0.0
2019-06-13 00:00:00-04:00,25.107337988689373,25.51007808373691,25.107337988689373,25.293371200561523,10600,0.0,0.0,0.0
2019-06-14 00:00:00-04:00,25.015312488832002,25.1637415722506,24.58981439895467,25.09447479248047,8900,0.0,0.0,0.0
2019-06-17 00:00:00-04:00,24.678870737154075,24.72834646618177,24.229623794555664,24.229623794555664,2800,0.0,0.0,0.0
2019-06-18 00:00:00-04:00,24.530440017001716,25.53975878805157,24.530440017001716,25.157800674438477,9900,0.0,0.0,0.0
2019-06-19 00:00:00-04:00,25.322063112076787,25.359665343308105,24.96187401352658,25.2913875579834,2400,0.0,0.0,0.0
2019-06-20 00:00:00-04:00,25.83662321138012,25.989999119664457,25.311182761259108,25.88214111328125,4200,0.0,0.0,0.0
2019-06-21 00:00:00-04:00,25.57934482180693,26.430339136924534,25.322066856229622,25.388364791870117,6700,0.0,0.0,0.0
2019-06-24 00:00:00-04:00,25.01531219604649,25.01531219604649,24.154420502489586,24.218740463256836,3200,0.0,0.0,0.0
2019-06-25 00:00:00-04:00,24.003411939056367,24.003411939056367,23.5171917614407,23.594589233398438,2700,0.068,0.0,0.0
2019-06-26 00:00:00-04:00,23.586656143645346,24.219735565049085,23.586656143645346,24.10066032409668,3200,0.0,0.0,0.0
2019-06-27 00:00:00-04:00,24.162179955143685,25.174312777678253,24.162179955143685,25.041345596313477,167800,0.0,0.0,0.0
2019-06-28 00:00:00-04:00,25.727015318269686,26.186443373621817,25.705185648490982,25.984018325805664,108400,0.0,0.0,0.0
2019-07-01 00:00:00-04:00,27.12911675531987,27.287882465526554,26.371009826660156,26.371009826660156,78200,0.0,0.0,0.0
2019-07-02 00:00:00-04:00,26.41963099798611,26.45237739487217,25.52657342728571,25.68732261657715,4100,0.0,0.0,0.0
2019-07-03 00:00:00-04:00,26.126910473056245,26.494057409236184,26.126910473056245,26.45734214782715,9500,0.0,0.0,0.0
2019-07-05 00:00:00-04:00,25.95821816727872,26.14973027478017,25.138589196464064,26.077293395996094,4900,0.0,0.0,0.0
2019-07-08 00:00:00-04:00,25.779604994015187,26.04752282588562,25.545425299663812,25.65656280517578,8900,0.0,0.0,0.0
2019-07-09 00:00:00-04:00,25.303309983068292,25.303309983068292,24.847850766759294,25.140575408935547,8600,0.0,0.0,0.0
2019-07-10 00:00:00-04:00,25.658548064526816,25.658548064526816,24.658323694128732,24.73076057434082,6000,0.0,0.0,0.0
2019-07-11 00:00:00-04:00,24.80716908811967,25.682365983266344,24.685118618684125,25.48589324951172,14400,0.0,0.0,0.0
2019-07-12 00:00:00-04:00,26.36704264040238,27.305745008862207,26.345211076334394,27.225370407104492,35600,0.0,0.0,0.0
2019-07-15 00:00:00-04:00,27.72448926040556,27.72448926040556,26.7242630096906,26.981266021728516,6800,0.0,0.0,0.0
2019-07-16 00:00:00-04:00,27.784029060849885,29.018433265756155,27.784029060849885,28.552059173583984,30600,0.0,0.0,0.0
2019-07-17 00:00:00-04:00,28.28017065035396,28.28017065035396,25.326133887385215,25.32811737060547,28400,0.0,0.0,0.0
2019-07-18 00:00:00-04:00,25.59107519735527,26.250944876313753,25.59107519735527,25.898683547973633,13300,0.0,0.0,0.0
2019-07-19 00:00:00-04:00,26.72228005907369,27.34444270479209,26.72228005907369,26.852270126342773,11600,0.0,0.0,0.0
2019-07-22 00:00:00-04:00,27.456570861035786,27.456570861035786,26.791738749689873,27.01996421813965,8400,0.0,0.0,0.0
2019-07-23 00:00:00-04:00,27.456572906114324,27.688767250659573,27.148964560829363,27.63022232055664,15900,0.0,0.0,0.0
2019-07-24 00:00:00-04:00,27.476418464718233,28.58083250054139,26.903869388347086,28.141250610351562,21400,0.0,0.0,0.0
2019-07-25 00:00:00-04:00,27.7939504843878,28.08072089943217,27.341468373386988,27.403982162475586,4600,0.0,0.0,0.0
2019-07-26 00:00:00-04:00,27.28788589958526,28.25734935245909,27.129120169398618,28.08072280883789,6500,0.0,0.0,0.0
2019-07-29 00:00:00-04:00,27.86340980508575,28.120412826538086,27.8455489931509,28.120412826538086,2700,0.0,0.0,0.0
2019-07-30 00:00:00-04:00,27.276967236550572,28.14224091247109,27.010041136248994,28.034082412719727,6000,0.0,0.0,0.0
2019-07-31 00:00:00-04:00,27.784025869405514,28.28016918850204,26.692510188865842,27.476417541503906,9800,0.0,0.0,0.0
2019-08-01 00:00:00-04:00,26.80662270796558,27.450616897487517,25.16240417060996,25.377731323242188,15200,0.0,0.0,0.0
2019-08-02 00:00:00-04:00,25.03539268154995,25.303310541516453,24.5590955255895,25.034400939941406,9800,0.0,0.0,0.0
2019-08-05 00:00:00-04:00,24.559095707573867,24.559095707573867,22.08036434530355,22.713441848754883,19800,0.0,0.0,0.0
2019-08-06 00:00:00-04:00,23.46757927902876,23.53406192544918,22.69359689061667,23.517194747924805,6800,0.0,0.0,0.0
2019-08-07 00:00:00-04:00,22.294698973193494,23.358430862426758,22.294698973193494,23.358430862426758,5400,0.0,0.0,0.0
2019-08-08 00:00:00-04:00,23.867470891312966,24.551157485325195,23.814880197200218,24.466812133789062,9000,0.0,0.0,0.0
2019-08-09 00:00:00-04:00,24.46978898378709,24.46978898378709,23.437811837357724,23.719619750976562,12500,0.0,0.0,0.0
2019-08-12 00:00:00-04:00,23.93395638147263,23.93395638147263,22.306604883041505,22.470333099365234,10400,0.0,0.0,0.0
2019-08-13 00:00:00-04:00,22.822593264004638,24.11256516969808,22.822593264004638,23.22347640991211,15000,0.0,0.0,0.0
2019-08-14 00:00:00-04:00,22.118069938651058,22.306603036057506,21.172419763777643,21.253787994384766,15000,0.0,0.0,0.0
2019-08-15 00:00:00-04:00,21.0960133726556,21.0960133726556,20.302182955962163,20.727874755859375,15200,0.0,0.0,0.0
2019-08-16 00:00:00-04:00,21.33416330202933,22.03868592586333,21.284549725823446,22.028764724731445,5500,0.0,0.0,0.0
2019-08-19 00:00:00-04:00,22.91189734490748,23.209582562649302,22.505059997429978,22.772977828979492,6800,0.0,0.0,0.0
2019-08-20 00:00:00-04:00,22.57452046219341,22.57452046219341,22.26691214187757,22.285764694213867,2600,0.0,0.0,0.0
2019-08-21 00:00:00-04:00,22.90197772557926,23.11035892371353,22.857324746881684,22.92678451538086,4600,0.0,0.0,0.0
2019-08-22 00:00:00-04:00,22.93174424849887,23.12027734240562,22.42567784839001,22.826560974121094,9700,0.0,0.0,0.0
2019-08-23 00:00:00-04:00,22.088302301071867,22.326450883378165,20.142427631655508,20.167234420776367,10600,0.0,0.0,0.0
2019-08-26 00:00:00-04:00,21.037469083746362,21.115860196998813,20.445073843687037,20.847942352294922,10100,0.0,0.0,0.0
2019-08-27 00:00:00-04:00,21.175398255330574,21.35202478765658,20.222802042492077,20.390499114990234,4400,0.0,0.0,0.0
2019-08-28 00:00:00-04:00,20.341879039612774,21.563384962096546,20.341879039612774,21.427440643310547,17100,0.0,0.0,0.0
2019-08-29 00:00:00-04:00,22.466363836977752,23.050819505059668,22.45544710864273,22.736265182495117,16000,0.0,0.0,0.0
2019-08-30 00:00:00-04:00,23.27904450222985,23.467579500541174,22.65390472933191,23.001205444335938,83300,0.0,0.0,0.0
2019-09-03 00:00:00-04:00,22.32644971728506,22.617188980164364,21.48201394119665,21.958311080932617,7900,0.0,0.0,0.0
2019-09-04 00:00:00-04:00,22.617189801088376,22.757102966308594,22.587422411672296,22.757102966308594,3500,0.0,0.0,0.0
2019-09-05 00:00:00-04:00,23.81487890781079,24.807165528969573,23.81487890781079,24.54123306274414,93500,0.0,0.0,0.0
2019-09-06 00:00:00-04:00,24.797244674922734,24.797244674922734,24.07684468945874,24.093713760375977,10300,0.0,0.0,0.0
2019-09-09 00:00:00-04:00,24.86670208601308,25.561303474798173,24.86670208601308,25.53153419494629,15000,0.0,0.0,0.0
2019-09-10 00:00:00-04:00,25.531534914285757,26.59328132130902,25.511688727158678,26.531761169433594,22400,0.0,0.0,0.0
2019-09-11 00:00:00-04:00,26.533748221592795,27.27399444580078,26.533748221592795,27.27399444580078,14000,0.0,0.0,0.0
2019-09-12 00:00:00-04:00,27.287886760626694,27.287886760626694,26.57344095224319,27.029891967773438,11100,0.0,0.0,0.0
2019-09-13 00:00:00-04:00,27.476416871856078,27.9110381362525,27.476416871856078,27.784025192260742,12000,0.0,0.0,0.0
2019-09-16 00:00:00-04:00,26.791740785646226,27.56175433795292,26.791740785646226,26.999128341674805,8100,0.0,0.0,0.0
2019-09-17 00:00:00-04:00,26.79173880388416,26.9078369140625,26.52878345460084,26.9078369140625,1600,0.0,0.0,0.0
2019-09-18 00:00:00-04:00,26.16659863675773,26.16659863675773,25.253694883400474,25.888757705688477,11100,0.0,0.0,0.0
2019-09-19 00:00:00-04:00,26.245981841720063,26.245981841720063,25.25766408105909,25.442228317260742,6200,0.0,0.0,0.0
2019-09-20 00:00:00-04:00,25.337046268779588,25.37872212400803,24.798233482715574,25.051267623901367,2500,0.0,0.0,0.0
2019-09-23 00:00:00-04:00,24.46979055955908,24.727785335939565,24.46979055955908,24.52734375,3600,0.0,0.0,0.0
2019-09-24 00:00:00-04:00,25.11338644827159,25.11338644827159,23.819908495862187,24.104473114013672,6400,0.067,0.0,0.0
2019-09-25 00:00:00-04:00,24.179097288853868,25.003937274076346,24.178100954024465,24.83379554748535,7500,0.0,0.0,0.0
2019-09-26 00:00:00-04:00,24.858672096814214,24.858672096814214,24.397000857926965,24.62883186340332,3300,0.0,0.0,0.0
2019-09-27 00:00:00-04:00,24.932297849926464,25.013885330332236,23.999003572312287,24.064672470092773,3100,0.0,0.0,0.0
2019-09-30 00:00:00-04:00,24.410929618918097,24.475604088487444,24.28058624267578,24.28058624267578,6400,0.0,0.0,0.0
2019-10-01 00:00:00-04:00,24.45769243367445,24.45769243367445,22.33141324288145,22.675678253173828,10100,0.0,0.0,0.0
2019-10-02 00:00:00-04:00,22.28763298107199,22.28763298107199,20.519546641601433,20.979228973388672,15300,0.0,0.0,0.0
2019-10-03 00:00:00-04:00,21.01703750979199,21.28468909680273,19.840967699084977,21.20111083984375,59900,0.0,0.0,0.0
2019-10-04 00:00:00-04:00,21.372247728944924,21.96923828125,21.306578825124785,21.96923828125,5800,0.0,0.0,0.0
2019-10-07 00:00:00-04:00,21.581195640908657,22.184154723545056,21.41204834652716,21.710542678833008,54500,0.0,0.0,0.0
2019-10-08 00:00:00-04:00,21.153351966131705,21.282699001568794,20.603126525878906,20.603126525878906,4200,0.0,0.0,0.0
2019-10-09 00:00:00-04:00,20.974254835330637,21.591145520684773,20.974254835330637,21.269765853881836,3400,0.0,0.0,0.0
2019-10-10 00:00:00-04:00,21.245888277754734,22.204056959316873,21.245888277754734,22.05182456970215,63700,0.0,0.0,0.0
2019-10-11 00:00:00-04:00,22.685627653097352,24.09850458626024,22.685627653097352,23.553255081176758,76800,0.0,0.0,0.0
2019-10-14 00:00:00-04:00,23.630861621682506,23.630861621682506,22.884623886260954,23.318437576293945,11500,0.0,0.0,0.0
2019-10-15 00:00:00-04:00,23.392066194918474,24.406949988817516,23.382116130533493,24.10845375061035,16900,0.0,0.0,0.0
2019-10-16 00:00:00-04:00,24.233820879530086,24.785040733212107,24.233820879530086,24.5014705657959,4800,0.0,0.0,0.0
2019-10-17 00:00:00-04:00,24.87459256716432,25.43675889056086,24.63778558053687,24.927326202392578,3500,0.0,0.0,0.0
2019-10-18 00:00:00-04:00,24.94424016774712,25.271590264048438,24.74126302952016,25.07657241821289,7100,0.0,0.0,0.0
2019-10-21 00:00:00-04:00,25.11338822780725,26.327267652203627,25.11338822780725,26.078521728515625,15100,0.0,0.0,0.0
2019-10-22 00:00:00-04:00,25.585009677522947,26.737199760858083,25.202935190543148,26.71033477783203,12600,0.0,0.0,0.0
2019-10-23 00:00:00-04:00,26.735211474028926,26.735211474028926,26.187969328607508,26.548152923583984,8400,0.0,0.0,0.0
2019-10-24 00:00:00-04:00,26.605862803572034,26.605862803572034,25.780026442834657,26.128271102905273,12400,0.0,0.0,0.0
2019-10-25 00:00:00-04:00,26.561087877363292,27.530202865600586,26.561087877363292,27.530202865600586,10700,0.0,0.0,0.0
2019-10-28 00:00:00-04:00,27.650595454409384,28.165996615599894,27.431697845458984,27.431697845458984,17500,0.0,0.0,0.0
2019-10-29 00:00:00-04:00,26.894410311385275,27.501349082795628,26.775011431397523,27.212804794311523,13300,0.0,0.0,0.0
2019-10-30 00:00:00-04:00,26.487460651895162,26.521290491521306,25.14522675067315,25.969074249267578,61700,0.0,0.0,0.0
2019-10-31 00:00:00-04:00,25.93922381417388,25.93922381417388,24.36416449203652,24.850711822509766,9300,0.0,0.0,0.0
2019-11-01 00:00:00-04:00,25.411882772493723,26.4655704498291,25.35118795133865,26.4655704498291,12800,0.0,0.0,0.0
2019-11-04 00:00:00-05:00,27.123255156322557,28.35703468322754,27.123255156322557,28.35703468322754,68800,0.0,0.0,0.0
2019-11-05 00:00:00-05:00,28.366982690143747,29.773889061568497,28.366982690143747,28.983871459960938,37400,0.0,0.0,0.0
2019-11-06 00:00:00-05:00,29.381867673418135,29.381867673418135,28.12918249205679,28.740102767944336,8900,0.0,0.0,0.0
2019-11-07 00:00:00-05:00,29.34206810482187,30.337051771575197,29.124166818443104,29.381868362426758,17200,0.0,0.0,0.0
2019-11-08 00:00:00-05:00,29.053524820320575,29.570914902384846,28.814727062099156,28.987855911254883,8400,0.0,0.0,0.0
2019-11-11 00:00:00-05:00,28.406783103976093,28.898306420004108,28.357034679440254,28.655529022216797,9500,0.0,0.0,0.0
2019-11-12 00:00:00-05:00,28.293355069064724,28.88138999438863,28.06848703992316,28.178930282592773,20200,0.0,0.0,0.0
2019-11-13 00:00:00-05:00,27.740145347037267,27.74711020272996,27.262553615726002,27.279468536376953,5000,0.0,0.0,0.0
2019-11-14 00:00:00-05:00,27.003853470397466,27.511295318603516,27.003853470397466,27.511295318603516,5200,0.0,0.0,0.0
2019-11-15 00:00:00-05:00,28.036646721567674,28.036646721567674,27.580944061279297,27.580944061279297,3700,0.0,0.0,0.0
2019-11-18 00:00:00-05:00,27.01380649251454,27.576967239379883,27.01380649251454,27.576967239379883,4500,0.0,0.0,0.0
2019-11-19 00:00:00-05:00,27.421748580290277,27.67049449022922,27.073503926819626,27.366029739379883,23700,0.0,0.0,0.0
2019-11-20 00:00:00-05:00,26.63372430275829,26.964059631941264,26.118323076572274,26.216827392578125,6700,0.0,0.0,0.0
2019-11-21 00:00:00-05:00,26.745161999894158,26.745161999894158,25.917336700227338,26.117328643798828,3400,0.0,0.0,0.0
2019-11-22 00:00:00-05:00,26.599890728042883,26.848636627197266,26.347165182964684,26.848636627197266,3500,0.0,0.0,0.0
2019-11-25 00:00:00-05:00,27.451600176034603,28.136148681900888,27.045645888962284,28.060529708862305,12900,0.0,0.0,0.0
2019-11-26 00:00:00-05:00,28.575930774961005,28.575930774961005,27.989886583381523,28.270471572875977,10000,0.0,0.0,0.0
2019-11-27 00:00:00-05:00,28.26848065188447,28.46648371000223,27.76004430991171,28.05555534362793,7900,0.0,0.0,0.0
2019-11-29 00:00:00-05:00,27.898343057264587,27.978937999369382,27.404830932617188,27.404830932617188,4200,0.0,0.0,0.0
2019-12-02 00:00:00-05:00,27.25459473220998,27.35011383901918,26.496416091918945,26.496416091918945,5500,0.0,0.0,0.0
2019-12-03 00:00:00-05:00,25.630781402004235,25.630781402004235,24.3970017906038,24.778079986572266,108000,0.0,0.0,0.0
2019-12-04 00:00:00-05:00,25.319349610676596,25.971062691174115,25.278554916381836,25.278554916381836,21600,0.0,0.0,0.0
2019-12-05 00:00:00-05:00,25.141245959040265,25.302433959586704,25.023837860590792,25.252683639526367,128200,0.0,0.0,0.0
2019-12-06 00:00:00-05:00,26.16806736915643,26.535217691399662,26.16806736915643,26.25761604309082,144500,0.0,0.0,0.0
2019-12-09 00:00:00-05:00,25.869576508904636,26.307369873510883,25.869576508904636,25.999919891357422,6200,0.0,0.0,0.0
2019-12-10 00:00:00-05:00,25.921315682327542,25.921315682327542,25.63078062092706,25.647695541381836,1300,0.0,0.0,0.0
2019-12-11 00:00:00-05:00,25.97404829215026,26.098421251102653,25.884499609882077,26.014842987060547,160500,0.0,0.0,0.0
2019-12-12 00:00:00-05:00,26.77501266328632,27.580948972496227,26.64566561031422,26.84267234802246,130400,0.0,0.0,0.0
2019-12-13 00:00:00-05:00,27.083453449588756,27.620745515251844,26.436714476231096,26.740184783935547,5100,0.0,0.0,0.0
2019-12-16 00:00:00-05:00,26.944155681395994,27.89934091960878,26.944155681395994,27.51030158996582,8500,0.0,0.0,0.0
2019-12-17 00:00:00-05:00,27.87844615707799,27.87844615707799,27.48642349243164,27.48642349243164,8400,0.0,0.0,0.0
2019-12-18 00:00:00-05:00,27.202852612252745,27.202852612252745,26.27751753215575,26.84465789794922,20300,0.0,0.0,0.0
2019-12-19 00:00:00-05:00,26.605861684438892,27.12822770368196,26.605861684438892,27.003854751586914,2300,0.0,0.0,0.0
2019-12-20 00:00:00-05:00,26.77500902413537,27.799842834472656,26.77500902413537,27.799842834472656,7500,0.0,0.0,0.0
2019-12-23 00:00:00-05:00,27.905487693121618,27.963292480298303,27.61646565814868,27.79585838317871,93200,0.046,0.0,0.0
2019-12-24 00:00:00-05:00,27.61646266286174,27.71612548828125,27.504841210828822,27.71612548828125,3600,0.0,0.0,0.0
2019-12-26 00:00:00-05:00,27.516803544123,27.955316963289523,27.457004704400866,27.928409576416016,10100,0.0,0.0,0.0
2019-12-27 00:00:00-05:00,27.998171106204143,28.181550020353928,27.708153026053992,27.81578826904297,10000,0.0,0.0,0.0
2019-12-30 00:00:00-05:00,27.945350967375866,27.945350967375866,27.247713080105278,27.38624382019043,6300,0.0,0.0,0.0
2019-12-31 00:00:00-05:00,27.068322512432353,27.686230567242134,27.068322512432353,27.506837844848633,3300,0.0,0.0,0.0
2020-01-02 00:00:00-05:00,28.054978461968314,28.224404697975086,27.529756940256295,28.22141456604004,5500,0.0,0.0,0.0
2020-01-03 00:00:00-05:00,26.809199575716892,27.77592658996582,26.550076968851737,27.77592658996582,8000,0.0,0.0,0.0
2020-01-06 00:00:00-05:00,26.90886164454503,27.111175537109375,26.50024574942292,27.111175537109375,5100,0.0,0.0,0.0
2020-01-07 00:00:00-05:00,26.91882815245261,27.686229478783815,26.90886167927696,27.453018188476562,6500,0.0,0.0,0.0
2020-01-08 00:00:00-05:00,27.40717350999836,28.670893015164594,27.40717350999836,28.22440528869629,9600,0.0,0.0,0.0
2020-01-09 00:00:00-05:00,28.548307724438217,28.62305341737491,28.23138035969222,28.417749404907227,3200,0.0,0.0,0.0
2020-01-10 00:00:00-05:00,28.356954315074606,28.356954315074606,27.98521420486483,28.09783363342285,9100,0.0,0.0,0.0
2020-01-13 00:00:00-05:00,28.28420235135388,28.656940460205078,28.164608476380582,28.656940460205078,41300,0.0,0.0,0.0
2020-01-14 00:00:00-05:00,28.692819873260046,29.65954494065161,28.692819873260046,29.432313919067383,9400,0.0,0.0,0.0
2020-01-15 00:00:00-05:00,29.629645640085176,30.197721295404474,29.57981517593485,29.700407028198242,13500,0.0,0.0,0.0
2020-01-16 00:00:00-05:00,30.40701416199913,30.62627087083611,30.325290221869952,30.616304397583008,7100,0.0,0.0,0.0
2020-01-17 00:00:00-05:00,29.89873401700304,30.73589872155195,29.77415595859886,30.338245391845703,6700,0.0,0.0,0.0
2020-01-21 00:00:00-05:00,29.6396125316084,29.64060860865057,28.458613026194666,28.613088607788086,16100,0.0,0.0,0.0
2020-01-22 00:00:00-05:00,28.95692558481604,29.001773764023344,28.045013241237644,28.15364646911621,8800,0.0,0.0,0.0
2020-01-23 00:00:00-05:00,27.61646340366167,29.212060928344727,27.207847519299982,29.212060928344727,8900,0.0,0.0,0.0
2020-01-24 00:00:00-05:00,28.58319188747095,28.58319188747095,27.880571668310566,28.520404815673828,4500,0.0,0.0,0.0
2020-01-27 00:00:00-05:00,26.978624004503256,26.978624004503256,26.171358718878366,26.490278244018555,9600,0.0,0.0,0.0
2020-01-28 00:00:00-05:00,27.28757505632343,27.382255590283908,27.005531311035156,27.005531311035156,5800,0.0,0.0,0.0
2020-01-29 00:00:00-05:00,27.277613434038155,28.14068947649939,27.26864303795599,27.297544479370117,6400,0.0,0.0,0.0
2020-01-30 00:00:00-05:00,26.530146270402586,26.736446380615234,25.54348629633684,26.736446380615234,8200,0.0,0.0,0.0
2020-01-31 00:00:00-05:00,25.413925908023753,25.413925908023753,24.457167256864587,24.776086807250977,12100,0.0,0.0,0.0
2020-02-03 00:00:00-05:00,25.264430053111752,25.568400812888306,24.905644644731524,24.911624908447266,10400,0.0,0.0,0.0
2020-02-04 00:00:00-05:00,25.862404858046588,26.434466690861232,25.862404858046588,26.254077911376953,12600,0.0,0.0,0.0
2020-02-05 00:00:00-05:00,26.928794625972806,27.516803236970695,26.928794625972806,27.301530838012695,11200,0.0,0.0,0.0
2020-02-06 00:00:00-05:00,27.138083085526805,27.217812964809514,26.989585876464844,26.989585876464844,2100,0.0,0.0,0.0
2020-02-07 00:00:00-05:00,26.98858948847581,26.99855596088508,26.32782738493209,26.83012580871582,5000,0.0,0.0,0.0
2020-02-10 00:00:00-05:00,26.65173346661467,26.948727907855176,26.530145533813002,26.880956649780273,7700,0.0,0.0,0.0
2020-02-11 00:00:00-05:00,27.43707291363132,27.89352711286485,27.14406468986337,27.15104103088379,4200,0.0,0.0,0.0
2020-02-12 00:00:00-05:00,27.59653319047196,28.08188883979237,27.59653319047196,27.98521614074707,5900,0.0,0.0,0.0
2020-02-13 00:00:00-05:00,27.50683773903386,27.947345223922788,27.038422987717098,27.87060546875,3300,0.0,0.0,0.0
2020-02-14 00:00:00-05:00,26.908861437577595,26.99855779444235,26.769334616192584,26.89092254638672,2600,0.0,0.0,0.0
2020-02-18 00:00:00-05:00,26.90886040512425,26.95869086773258,26.619838399447083,26.888927459716797,6500,0.0,0.0,0.0
2020-02-19 00:00:00-05:00,27.27761322325077,27.559656996849917,27.27761322325077,27.53175163269043,2100,0.0,0.0,0.0
2020-02-20 00:00:00-05:00,27.417139118246453,28.463594040712,27.417139118246453,28.213441848754883,4800,0.0,0.0,0.0
2020-02-21 00:00:00-05:00,27.97524832516785,27.97524832516785,26.91882692842123,27.230770111083984,9200,0.0,0.0,0.0
2020-02-24 00:00:00-05:00,25.653112089884438,25.653112089884438,23.570166920538632,24.37244987487793,17700,0.0,0.0,0.0
2020-02-25 00:00:00-05:00,24.10037274640907,24.10834706540239,21.14438488973909,21.20816993713379,43300,0.0,0.0,0.0
2020-02-26 00:00:00-05:00,21.377598051548755,21.709474219955254,19.822862334443386,19.99228858947754,139700,0.0,0.0,0.0
2020-02-27 00:00:00-05:00,18.806304254015334,20.16171221671993,17.226653508418536,19.444143295288086,37500,0.0,0.0,0.0
2020-02-28 00:00:00-05:00,17.50072630214741,17.50072630214741,16.04565539350086,16.757244110107422,43900,0.0,0.0,0.0
2020-03-02 00:00:00-05:00,17.670152629775842,17.670152629775842,16.78315739787909,17.631284713745117,33400,0.0,0.0,0.0
2020-03-03 00:00:00-05:00,18.188396400829642,18.97573063691894,15.882207270388577,16.232023239135742,56300,0.0,0.0,0.0
2020-03-04 00:00:00-05:00,16.96254935991133,17.749881722431905,16.18518156953892,17.723970413208008,39500,0.0,0.0,0.0
2020-03-05 00:00:00-05:00,16.444303543311918,16.444303543311918,14.84970403165719,14.94438362121582,84600,0.0,0.0,0.0
2020-03-06 00:00:00-05:00,13.823181302487246,15.166631614413076,13.296963703313919,14.785921096801758,74500,0.0,0.0,0.0
2020-03-09 00:00:00-04:00,13.304937619298878,13.384667504245934,10.713713507153976,10.72268295288086,162800,0.0,0.0,0.0
2020-03-10 00:00:00-04:00,11.610674284044135,12.049189567565918,10.348947955015374,12.049189567565918,114500,0.0,0.0,0.0
2020-03-11 00:00:00-04:00,11.05256517307033,11.251889870643822,9.966244383225888,10.37386417388916,56300,0.0,0.0,0.0
2020-03-12 00:00:00-04:00,9.338371468271916,9.338371468271916,7.095966339111328,7.095966339111328,157900,0.0,0.0,0.0
2020-03-13 00:00:00-04:00,8.200225570590664,8.949687004089355,7.324192977835197,8.949687004089355,99900,0.0,0.0,0.0
2020-03-16 00:00:00-04:00,6.966405076470494,7.627167231124104,6.099341869354248,6.099341869354248,150200,0.0,0.0,0.0
2020-03-17 00:00:00-04:00,6.478059239980323,7.494616209398901,6.109308289605296,6.956439018249512,89500,0.0,0.0,0.0
2020-03-18 00:00:00-04:00,6.258801801477405,6.258801801477405,4.324353744900566,5.359846115112305,207300,0.0,0.0,0.0
2020-03-19 00:00:00-04:00,5.371805871600448,6.5378566017105335,4.983122453306283,5.919949531555176,141300,0.0,0.0,0.0
2020-03-20 00:00:00-04:00,6.179071707452129,6.704293244547222,5.232278622919617,5.252211093902588,189200,0.0,0.0,0.0
2020-03-23 00:00:00-04:00,5.4814346000194565,5.735573954620433,4.634303893243785,5.10969352722168,208300,0.0,0.0,0.0
2020-03-24 00:00:00-04:00,6.006113835155181,6.92551851272583,5.996120072966408,6.92551851272583,289100,0.014,0.0,0.0
2020-03-25 00:00:00-04:00,7.615072446188325,8.494503512430386,6.6556931878385885,7.355240821838379,459500,0.0,0.0,0.0
2020-03-26 00:00:00-04:00,7.884898116544947,8.384575288255844,7.428193838257915,8.274645805358887,264800,0.0,0.0,0.0
2020-03-27 00:00:00-04:00,7.595085972152688,7.7779677375109575,6.795603514127003,7.215331554412842,175500,0.0,0.0,0.0
2020-03-30 00:00:00-04:00,7.015460783565139,7.555111576414086,6.709658889997524,7.365234375,158400,0.0,0.0,0.0
2020-03-31 00:00:00-04:00,7.395215476778479,7.643054795736729,7.045441871609189,7.215331554412842,71000,0.0,0.0,0.0
2020-04-01 00:00:00-04:00,6.495796793320733,6.635706129287266,5.996120116911445,6.126036167144775,178400,0.0,0.0,0.0
2020-04-02 00:00:00-04:00,6.0061141977270776,6.475810088790965,5.871201259207198,6.405855178833008,58700,0.0,0.0,0.0
2020-04-03 00:00:00-04:00,6.505790879316459,6.5337726525964,5.866204358585454,6.066075325012207,123300,0.0,0.0,0.0
2020-04-06 00:00:00-04:00,6.935512299400438,7.475163069750347,6.819587135551211,7.3662333488464355,147400,0.0,0.0,0.0
2020-04-07 00:00:00-04:00,8.314620047858197,8.49450396623937,7.4351894111623915,7.509141445159912,227300,0.0,0.0,0.0
2020-04-08 00:00:00-04:00,8.044794891891652,8.374581430730574,7.675033779484572,8.324613571166992,133400,0.0,0.0,0.0
2020-04-09 00:00:00-04:00,8.794309755068937,9.134090049821285,8.177708152738282,8.514491081237793,189300,0.0,0.0,0.0
2020-04-13 00:00:00-04:00,8.684380286131335,8.684380286131335,7.744988546311205,7.944859027862549,128300,0.0,0.0,0.0
2020-04-14 00:00:00-04:00,8.514491295304694,8.694374256475566,8.144729704266574,8.299630165100098,111100,0.0,0.0,0.0
2020-04-15 00:00:00-04:00,8.074775492896464,8.074775492896464,7.458174334748407,7.7619781494140625,112600,0.0,0.0,0.0
2020-04-16 00:00:00-04:00,7.824937172414795,7.824937172414795,7.238316823861844,7.7649760246276855,99800,0.0,0.0,0.0
2020-04-17 00:00:00-04:00,8.564458292649107,8.634413678398557,8.106755207677296,8.454529762268066,163500,0.0,0.0,0.0
2020-04-20 00:00:00-04:00,8.18470363526499,8.214684922399126,7.443183812462987,7.684028148651123,167900,0.0,0.0,0.0
2020-04-21 00:00:00-04:00,7.295279744805085,7.405208271699034,7.045441403908045,7.2882843017578125,87100,0.0,0.0,0.0
2020-04-22 00:00:00-04:00,7.734994993397274,7.756981080533375,7.210334845987413,7.275292873382568,70500,0.0,0.0,0.0
2020-04-23 00:00:00-04:00,7.605079383451051,7.9348659238303,7.475163329202005,7.595085620880127,74800,0.0,0.0,0.0
2020-04-24 00:00:00-04:00,7.877902937647312,8.009818035632675,7.475163629808335,7.961848735809326,92300,0.0,0.0,0.0
2020-04-27 00:00:00-04:00,8.334607820558656,8.82429077615982,8.144730133736845,8.66439437866211,260400,0.0,0.0,0.0
2020-04-28 00:00:00-04:00,9.084122405410067,9.2040446970223,8.654400145672986,8.91423225402832,205100,0.0,0.0,0.0
2020-04-29 00:00:00-04:00,9.693728334439289,9.833638161406782,9.353948006845178,9.653754234313965,170700,0.0,0.0,0.0
2020-04-30 00:00:00-04:00,9.59379329318249,9.59379329318249,8.719359043394523,8.804304122924805,255100,0.0,0.0,0.0
2020-05-01 00:00:00-04:00,8.294634036772713,8.344601901156317,7.804950586011558,8.014815330505371,962500,0.0,0.0,0.0
2020-05-04 00:00:00-04:00,7.545118274296135,7.626065750093106,7.17535715836425,7.5251312255859375,293100,0.0,0.0,0.0
2020-05-05 00:00:00-04:00,8.044795290529,8.13673581358109,7.665040873308831,7.71500825881958,118700,0.0,0.0,0.0
2020-05-06 00:00:00-04:00,7.774969649830364,7.868908732046978,7.385221481323242,7.385221481323242,59100,0.0,0.0,0.0
2020-05-07 00:00:00-04:00,7.535124813228954,8.07477562652968,7.535124813228954,7.71500825881958,122900,0.0,0.0,0.0
2020-05-08 00:00:00-04:00,8.094762505684562,8.619422632528464,8.094762505684562,8.564457893371582,226700,0.0,0.0,0.0
2020-05-11 00:00:00-04:00,8.384575452741693,8.4995008661543,8.044795140862963,8.289636611938477,134000,0.0,0.0,0.0
2020-05-12 00:00:00-04:00,8.414555799722793,8.414555799722793,7.585092544555664,7.585092544555664,157300,0.0,0.0,0.0
2020-05-13 00:00:00-04:00,7.505144349230927,7.535124684720304,6.825583724420509,7.085415840148926,169100,0.0,0.0,0.0
2020-05-14 00:00:00-04:00,6.705661197109256,7.165363788604736,6.210981389911563,7.165363788604736,120500,0.0,0.0,0.0
2020-05-15 00:00:00-04:00,7.035447940391728,7.175357283809102,6.7856095888819965,6.905531883239746,57300,0.0,0.0,0.0
2020-05-18 00:00:00-04:00,7.794957256036997,8.494504494373887,7.695021527821268,8.42455005645752,367700,0.0,0.0,0.0
2020-05-19 00:00:00-04:00,8.524484230606129,8.689377503396047,8.124743252041986,8.134737014770508,303600,0.0,0.0,0.0
2020-05-20 00:00:00-04:00,8.724354052865575,9.194050381560949,8.634413054358356,8.894244194030762,312600,0.0,0.0,0.0
2020-05-21 00:00:00-04:00,8.994180522733021,9.044148382915294,8.584445784742188,8.774322509765625,202100,0.0,0.0,0.0
2020-05-22 00:00:00-04:00,8.924226322355786,8.924226322355786,8.54447190937706,8.854270935058594,98100,0.0,0.0,0.0
2020-05-26 00:00:00-04:00,9.493857204555956,10.363294539448372,9.254012619701014,10.093469619750977,662500,0.0,0.0,0.0
2020-05-27 00:00:00-04:00,11.072835177761856,11.102815511773967,10.30832951252077,11.062841415405273,607500,0.0,0.0,0.0
2020-05-28 00:00:00-04:00,11.43260201989557,11.43260201989557,10.363294229595361,10.563164710998535,498300,0.0,0.0,0.0
2020-05-29 00:00:00-04:00,10.263360265921657,10.613133397393643,10.083476342099791,10.433249473571777,262100,0.0,0.0,0.0
2020-06-01 00:00:00-04:00,10.523190783642736,10.612133935567467,10.103462289429508,10.432250022888184,206900,0.0,0.0,0.0
2020-06-02 00:00:00-04:00,10.70307473011898,11.122803225657577,10.593146201499879,10.962906837463379,448200,0.0,0.0,0.0
2020-06-03 00:00:00-04:00,11.542531480689748,12.21509567334413,11.462583288258493,12.112162590026855,611800,0.0,0.0,0.0
2020-06-04 00:00:00-04:00,12.39198181343649,12.77173622086556,11.942272972790217,12.631827354431152,716000,0.0,0.0,0.0
2020-06-05 00:00:00-04:00,14.440656865497147,14.590560451755039,13.661161457352279,13.841045379638672,832600,0.0,0.0,0.0
2020-06-08 00:00:00-04:00,14.66051394787427,14.758450150721742,14.090882834527635,14.520604133605957,958500,0.0,0.0,0.0
2020-06-09 00:00:00-04:00,13.601199893847385,13.771090053874602,13.051556267585136,13.611193656921387,633900,0.0,0.0,0.0
2020-06-10 00:00:00-04:00,13.351360874322175,13.351360874322175,12.29204682042456,12.551878929138184,833000,0.0,0.0,0.0
2020-06-11 00:00:00-04:00,10.64311415911871,11.017871713356097,9.538829023433593,9.643760681152344,651800,0.0,0.0,0.0
2020-06-12 00:00:00-04:00,10.872965739666379,10.942920176762444,9.713715880634718,10.423256874084473,494200,0.0,0.0,0.0
2020-06-15 00:00:00-04:00,9.303980423795847,10.872964931597984,9.222032714364762,10.733055114746094,227000,0.0,0.0,0.0
2020-06-16 00:00:00-04:00,12.092176983380842,12.092176983380842,10.68308783495762,11.022868156433105,658700,0.0,0.0,0.0
2020-06-17 00:00:00-04:00,11.292693925778172,11.335666344286865,10.892951982787213,10.982893943786621,294600,0.0,0.0,0.0
2020-06-18 00:00:00-04:00,10.513198077279727,11.092822964865055,10.513198077279727,10.822997093200684,188400,0.0,0.0,0.0
2020-06-19 00:00:00-04:00,11.192758070339355,11.372641990225954,10.06348859571578,10.353301048278809,260700,0.0,0.0,0.0
2020-06-22 00:00:00-04:00,10.183410043821228,10.335312177405493,9.853623520179186,10.303333282470703,129600,0.0,0.0,0.0
2020-06-23 00:00:00-04:00,10.696194055060808,10.866133666072827,10.376308177078242,10.756173133850098,150200,0.003,0.0,0.0
2020-06-24 00:00:00-04:00,10.52625393427957,10.52625393427957,9.646566859094197,9.776520729064941,410300,0.0,0.0,0.0
2020-06-25 00:00:00-04:00,9.526609986594341,10.096407890319824,9.266703191095722,10.096407890319824,153700,0.0,0.0,0.0
2020-06-26 00:00:00-04:00,9.926467849914891,10.03542832731273,9.27669850609603,9.446638107299805,415400,0.0,0.0,0.0
2020-06-29 00:00:00-04:00,9.6065814788329,10.216365118253576,9.456635213621153,10.206368446350098,158900,0.0,0.0,0.0
2020-06-30 00:00:00-04:00,10.216364619452857,10.779164064116257,10.056421690146639,10.596229553222656,169400,0.0,0.0,0.0
2020-07-01 00:00:00-04:00,11.255994419416904,11.80579894443907,10.466275504567443,10.566239356994629,301200,0.0,0.0,0.0
2020-07-02 00:00:00-04:00,11.01608020444683,11.3259693912255,10.776164857476338,10.856136322021484,194400,0.0,0.0,0.0
2020-07-06 00:00:00-04:00,11.375952205147177,11.522900229382369,11.146033521287112,11.395944595336914,151700,0.0,0.0,0.0
2020-07-07 00:00:00-04:00,10.99608681710294,11.31597267398781,10.84614056002192,11.006083488464355,99900,0.0,0.0,0.0
2020-07-08 00:00:00-04:00,10.916115309522214,11.216008775828108,10.77616477102345,11.15602970123291,133700,0.0,0.0,0.0
2020-07-09 00:00:00-04:00,11.275987441102826,11.275987441102826,10.356314608506787,10.506261825561523,140700,0.0,0.0,0.0
2020-07-10 00:00:00-04:00,10.46627548598652,11.166026265074708,10.46627548598652,11.086054801940918,118200,0.0,0.0,0.0
2020-07-13 00:00:00-04:00,11.206012333621443,11.585877271597518,10.86613312841469,11.036072731018066,331300,0.0,0.0,0.0
2020-07-14 00:00:00-04:00,10.786161799655403,11.65585221341796,10.786161799655403,11.585877418518066,114500,0.0,0.0,0.0
2020-07-15 00:00:00-04:00,12.565528278545209,12.755461225371192,11.913760735055437,12.625507354736328,301100,0.0,0.0,0.0
2020-07-16 00:00:00-04:00,12.45556813185694,12.99537602073884,12.30562186679784,12.79544734954834,173400,0.0,0.0,0.0
2020-07-17 00:00:00-04:00,12.985378691073986,13.39523268458722,12.965386301635197,13.265279769897461,218000,0.0,0.0,0.0
2020-07-20 00:00:00-04:00,13.215297171621511,13.215297171621511,12.515546391541061,12.605513572692871,175700,0.0,0.0,0.0
2020-07-21 00:00:00-04:00,12.965386620055142,13.215297690855476,12.745464610817026,12.845429420471191,159400,0.0,0.0,0.0
2020-07-22 00:00:00-04:00,12.72547152279446,13.09534075393251,12.72547152279446,12.835433006286621,63500,0.0,0.0,0.0
2020-07-23 00:00:00-04:00,12.695481996745222,12.885414941290678,12.495553334067159,12.70547866821289,129000,0.0,0.0,0.0
2020-07-24 00:00:00-04:00,12.405585497335391,12.835432847482688,12.405585497335391,12.545536041259766,96900,0.0,0.0,0.0
2020-07-27 00:00:00-04:00,12.545536046385248,13.010370794369775,12.365599768885408,12.915404319763184,129700,0.0,0.0,0.0
2020-07-28 00:00:00-04:00,12.825435881974055,12.915404018626269,12.375596152048052,12.445570945739746,98500,0.0,0.0,0.0
2020-07-29 00:00:00-04:00,12.645499981709984,13.45521228213123,12.645499981709984,13.24528694152832,98700,0.0,0.0,0.0
2020-07-30 00:00:00-04:00,13.235290165745779,13.385237381189574,12.95838922376248,13.175312042236328,127500,0.0,0.0,0.0
2020-07-31 00:00:00-04:00,13.145321533301093,13.705122733924078,12.316616928821311,13.56517219543457,176800,0.0,0.0,0.0
2020-08-03 00:00:00-04:00,13.695126868797963,13.83507741552598,13.40523005676751,13.64514446258545,163600,0.0,0.0,0.0
2020-08-04 00:00:00-04:00,13.6751336925698,14.019011178484062,13.575168885888537,13.935040473937988,139500,0.0,0.0,0.0
2020-08-05 00:00:00-04:00,14.15496313430123,14.554821426269374,13.999018486233814,14.464853286743164,180700,0.0,0.0,0.0
2020-08-06 00:00:00-04:00,14.66478158180785,15.384525726314237,14.476848732779958,15.034649848937988,156100,0.0,0.0,0.0
2020-08-07 00:00:00-04:00,14.87470685183647,16.084276456656557,14.87470685183647,16.07427978515625,243600,0.0,0.0,0.0
2020-08-10 00:00:00-04:00,16.524121297126,17.523765617194044,16.524121297126,17.373817443847656,479100,0.0,0.0,0.0
2020-08-11 00:00:00-04:00,18.333476387403337,18.473425977535065,17.363822114817484,17.54375648498535,594200,0.0,0.0,0.0
2020-08-12 00:00:00-04:00,18.25350471359049,18.46342909640667,17.7036992176369,17.7736759185791,231500,0.0,0.0,0.0
2020-08-13 00:00:00-04:00,17.523765460707082,17.793667975645857,17.243864367186262,17.45378875732422,177200,0.0,0.0,0.0
2020-08-14 00:00:00-04:00,17.203876932685475,18.193526435622488,17.106913223357473,17.853647232055664,250800,0.0,0.0,0.0
2020-08-17 00:00:00-04:00,18.113554709576906,18.113554709576906,17.64871997923709,17.863643646240234,146800,0.0,0.0,0.0
2020-08-18 00:00:00-04:00,18.023586709849805,18.023586709849805,17.303841621756032,17.413803100585938,176500,0.0,0.0,0.0
2020-08-19 00:00:00-04:00,17.5237649437781,18.013590412987647,17.394809214588573,17.47378158569336,141000,0.0,0.0,0.0
2020-08-20 00:00:00-04:00,16.90398465021838,17.66371453307507,16.794023169102104,17.47378158569336,132200,0.0,0.0,0.0
2020-08-21 00:00:00-04:00,17.383812687034954,17.872639039691112,17.303841224269352,17.755680084228516,134100,0.0,0.0,0.0
2020-08-24 00:00:00-04:00,18.09356255402049,18.85329246520996,18.02358775676242,18.85329246520996,208000,0.0,0.0,0.0
2020-08-25 00:00:00-04:00,19.243152664066102,19.243152664066102,18.44343799134441,18.723337173461914,130500,0.0,0.0,0.0
2020-08-26 00:00:00-04:00,18.743330516947502,18.863288671190844,18.32347983710107,18.723337173461914,68500,0.0,0.0,0.0
2020-08-27 00:00:00-04:00,18.853292258225547,19.393099193054454,18.853292258225547,19.083209991455078,190100,0.0,0.0,0.0
2020-08-28 00:00:00-04:00,19.343117385448004,19.7829614067477,19.174176875114696,19.762968063354492,135400,0.0,0.0,0.0
2020-08-31 00:00:00-04:00,19.91291312365578,19.992884585731908,18.993240356445312,18.993240356445312,217700,0.0,0.0,0.0
2020-09-01 00:00:00-04:00,18.74333047749528,19.702988082741356,18.4864219249238,19.613021850585938,105300,0.0,0.0,0.0
2020-09-02 00:00:00-04:00,19.722981685211103,20.477714203418948,19.453077265189616,20.342761993408203,121900,0.0,0.0,0.0
2020-09-03 00:00:00-04:00,20.3427610461529,20.57267876805617,18.443437335931353,18.823301315307617,308200,0.0,0.0,0.0
2020-09-04 00:00:00-04:00,19.183174803584937,19.66300361380401,17.78367315377754,19.083209991455078,457600,0.0,0.0,0.0
2020-09-08 00:00:00-04:00,18.503415591965112,19.19317066935428,17.993596787518342,18.37346076965332,155600,0.0,0.0,0.0
2020-09-09 00:00:00-04:00,18.793311924400722,19.653006625539387,18.723337129037372,19.243152618408203,152700,0.0,0.0,0.0
2020-09-10 00:00:00-04:00,19.483065841653712,19.713984559060926,18.703342654741757,18.843294143676758,139200,0.0,0.0,0.0
2020-09-11 00:00:00-04:00,19.12319401214369,19.792955748118942,18.84329483731053,19.48306655883789,101100,0.0,0.0,0.0
2020-09-14 00:00:00-04:00,20.042867453814367,20.1428322651558,19.5430453037774,19.902917861938477,65200,0.0,0.0,0.0
2020-09-15 00:00:00-04:00,20.142832725752786,20.66864661583036,19.9129149890792,20.402740478515625,173400,0.0,0.0,0.0
2020-09-16 00:00:00-04:00,21.52234289681874,21.57232435015255,20.79260109412165,20.922555923461914,209600,0.0,0.0,0.0
2020-09-17 00:00:00-04:00,19.93290670316487,21.28342590522347,19.553040823778026,20.91255760192871,174000,0.0,0.0,0.0
2020-09-18 00:00:00-04:00,21.082497306456354,21.302418354235446,20.072856388919007,20.092849731445312,134100,0.0,0.0,0.0
2020-09-21 00:00:00-04:00,18.92326568811733,19.227156483308313,17.59173883391573,18.543399810791016,331500,0.0,0.0,0.0
2020-09-22 00:00:00-04:00,18.71334004641278,19.113199279714998,18.493418993432666,18.9632511138916,53700,0.0,0.0,0.0
2020-09-23 00:00:00-04:00,19.173176924405645,20.08285303483335,18.193526021894282,18.388456344604492,98900,0.0,0.0,0.0
2020-09-24 00:00:00-04:00,18.12355079475016,19.112199353665055,17.63872459308751,18.478425979614258,111200,0.0,0.0,0.0
2020-09-25 00:00:00-04:00,18.30348571645426,19.493062909955043,18.235511020827705,19.273141860961914,100000,0.0,0.0,0.0
2020-09-28 00:00:00-04:00,20.092849838193565,20.482710486177307,19.957897635429173,20.162824630737305,118600,0.0,0.0,0.0
2020-09-29 00:00:00-04:00,20.46271710178903,20.46271710178903,19.413091402434606,19.42308807373047,131600,0.0,0.0,0.0
2020-09-30 00:00:00-04:00,19.57303563309179,20.27278741703419,18.743330926990488,19.003238677978516,125000,0.0,0.0,0.0
2020-10-01 00:00:00-04:00,19.49306262424355,19.66300222082427,18.703342761700767,18.91326904296875,108000,0.0,0.0,0.0
2020-10-02 00:00:00-04:00,18.153540141239375,19.872927632442163,17.763679478545004,19.393098831176758,138500,0.0,0.0,0.0
2020-10-05 00:00:00-04:00,19.872927698072555,20.462717983243717,19.762968122421615,20.352758407592773,155000,0.0,0.0,0.0
2020-10-06 00:00:00-04:00,20.602669794988675,21.192460089155674,19.772965095737337,19.822946548461914,195000,0.0,0.0,0.0
2020-10-07 00:00:00-04:00,20.742619483843608,21.649296463417112,20.532695093425687,21.372394561767578,158300,0.0,0.0,0.0
2020-10-08 00:00:00-04:00,21.912202988816095,21.992174456025744,21.102491644984614,21.832231521606445,103700,0.0,0.0,0.0
2020-10-09 00:00:00-04:00,22.44201458796326,22.70192041987425,21.82723168503535,22.372037887573242,136700,0.0,0.0,0.0
2020-10-12 00:00:00-04:00,22.911846816179057,22.911846816179057,22.34504907769433,22.442014694213867,154000,0.0,0.0,0.0
2020-10-13 00:00:00-04:00,22.04215575338564,22.52198645994729,21.822234696769584,21.912202835083008,136100,0.0,0.0,0.0
2020-10-14 00:00:00-04:00,22.292066887114935,22.92184385706383,22.292066887114935,22.50199317932129,185700,0.0,0.0,0.0
2020-10-15 00:00:00-04:00,21.59231698827769,23.041800060945423,21.4723588348598,23.021808624267578,104800,0.0,0.0,0.0
2020-10-16 00:00:00-04:00,23.271719572389447,23.271719572389447,22.197101206523904,22.212095260620117,136000,0.0,0.0,0.0
2020-10-19 00:00:00-04:00,22.29206606449004,23.041799253744237,21.292421812151115,21.42237663269043,109400,0.0,0.0,0.0
2020-10-20 00:00:00-04:00,21.97217995110137,23.111775681937317,21.797242971661902,22.32205581665039,100000,0.0,0.0,0.0
2020-10-21 00:00:00-04:00,22.20209803946484,22.54897471877535,21.442370081785388,21.492351531982422,171800,0.0,0.0,0.0
2020-10-22 00:00:00-04:00,21.512345599115605,21.962184386046665,21.172466387654715,21.6123104095459,83900,0.0,0.0,0.0
2020-10-23 00:00:00-04:00,22.092139832436384,22.442015725439468,21.76825376127364,22.402029037475586,98100,0.0,0.0,0.0
2020-10-26 00:00:00-04:00,21.73226734521833,21.73226734521833,20.13283604767315,20.77260971069336,184000,0.0,0.0,0.0
2020-10-27 00:00:00-04:00,20.98253324805009,20.98253324805009,19.732977895688816,19.842939376831055,81900,0.0,0.0,0.0
2020-10-28 00:00:00-04:00,18.40345019021549,18.483421652646133,17.263856373911345,17.283849716186523,227900,0.0,0.0,0.0
2020-10-29 00:00:00-04:00,17.29384465575543,18.91326916971026,17.29384465575543,18.463428497314453,115800,0.0,0.0,0.0
2020-10-30 00:00:00-04:00,17.993596622653904,18.613376900813495,17.458787097791966,18.08356475830078,182300,0.0,0.0,0.0
2020-11-02 00:00:00-05:00,18.643366117764263,18.933263884694576,17.933619568389037,18.63336944580078,181600,0.0,0.0,0.0
2020-11-03 00:00:00-05:00,19.433084844853582,20.596670314954043,19.35311338074596,20.38274574279785,261900,0.0,0.0,0.0
2020-11-04 00:00:00-05:00,20.392742849838395,21.159470207853133,19.383101902239737,19.403095245361328,179500,0.0,0.0,0.0
2020-11-05 00:00:00-05:00,20.292778684166215,21.282428226684566,20.1328357474637,20.932552337646484,154500,0.0,0.0,0.0
2020-11-06 00:00:00-05:00,20.962539026826345,21.132478623896613,20.312770652147105,20.542688369750977,63200,0.0,0.0,0.0
2020-11-09 00:00:00-05:00,23.99146170361511,24.67122009028475,21.75225884007811,22.102134704589844,363400,0.0,0.0,0.0
2020-11-10 00:00:00-05:00,22.372037622650883,23.480644262420096,21.532338201285505,23.271718978881836,138400,0.0,0.0,0.0
2020-11-11 00:00:00-05:00,23.74155138875102,23.88350107324272,22.20209829928929,22.741907119750977,121200,0.0,0.0,0.0
2020-11-12 00:00:00-05:00,21.93219674716238,22.65193996566412,21.24244163776266,21.742263793945312,132200,0.0,0.0,0.0
2020-11-13 00:00:00-05:00,22.1121326743451,23.241729890293293,22.1121326743451,23.161758422851562,129000,0.0,0.0,0.0
2020-11-16 00:00:00-05:00,24.88114609640451,25.03109426722001,23.69856822801991,24.931129455566406,228800,0.0,0.0,0.0
2020-11-17 00:00:00-05:00,24.601246207199292,25.310992726939357,23.691570069878008,25.181039810180664,102100,0.0,0.0,0.0
2020-11-18 00:00:00-05:00,25.610886922925584,26.30064009336875,24.604245177999886,24.671220779418945,136100,0.0,0.0,0.0
2020-11-19 00:00:00-05:00,24.331341471981712,24.73119879515793,23.610597288454127,24.601245880126953,103600,0.0,0.0,0.0
2020-11-20 00:00:00-05:00,24.621238558151948,24.891142979910878,23.821523871462766,23.96147346496582,92100,0.0,0.0,0.0
2020-11-23 00:00:00-05:00,24.681217569557912,25.161046361739636,24.35133503659921,25.111064910888672,115900,0.0,0.0,0.0
2020-11-24 00:00:00-05:00,25.880790254524783,27.192323847526115,25.63087918012676,26.860443115234375,159400,0.0,0.0,0.0
2020-11-25 00:00:00-05:00,26.760477460057764,26.760477460057764,25.58889349553916,26.300640106201172,144000,0.0,0.0,0.0
2020-11-27 00:00:00-05:00,26.70049821239427,26.70049821239427,25.780827291117063,25.90078353881836,111500,0.0,0.0,0.0
2020-11-30 00:00:00-05:00,25.77083034820214,26.172685871110346,24.751192720118876,25.171043395996094,133600,0.0,0.0,0.0
2020-12-01 00:00:00-05:00,26.240663013193878,26.619527915075263,25.510923127951617,25.520919799804688,92300,0.0,0.0,0.0
2020-12-02 00:00:00-05:00,25.201031417124124,26.030738001031256,25.10106851432726,25.840805053710938,68700,0.0,0.0,0.0
2020-12-03 00:00:00-05:00,25.970757003046874,26.840448334312867,25.960760331805876,26.100711822509766,47200,0.0,0.0,0.0
2020-12-04 00:00:00-05:00,26.55055120111455,27.040376663208008,26.41060161385074,27.040376663208008,101000,0.0,0.0,0.0
2020-12-07 00:00:00-05:00,26.800463084576315,27.310281905148706,26.44059243397889,26.860443115234375,112400,0.0,0.0,0.0
2020-12-08 00:00:00-05:00,26.490573387756907,27.490217666540186,26.490573387756907,27.250303268432617,134100,0.0,0.0,0.0
2020-12-09 00:00:00-05:00,27.620170429669635,28.05601615646773,26.670509514128675,27.33027458190918,102600,0.0,0.0,0.0
2020-12-10 00:00:00-05:00,26.67050959575738,27.090360268054543,26.0707226486657,26.660512924194336,123800,0.0,0.0,0.0
2020-12-11 00:00:00-05:00,26.040731922161953,26.86044180789384,26.040731922161953,26.54055404663086,70900,0.0,0.0,0.0
2020-12-14 00:00:00-05:00,27.420243028063076,28.03002665172387,24.731199368972728,24.80117416381836,144700,0.0,0.0,0.0
2020-12-15 00:00:00-05:00,25.490929318089062,25.657869730975033,24.501281702775433,25.39096450805664,123800,0.0,0.0,0.0
2020-12-16 00:00:00-05:00,25.42095411333311,25.755834028873448,25.041088222666612,25.480932235717773,75000,0.0,0.0,0.0
2020-12-17 00:00:00-05:00,25.79082155409484,26.38061182937613,25.370970881973754,26.2906436920166,96300,0.0,0.0,0.0
2020-12-18 00:00:00-05:00,26.12070485724038,26.270653028363995,25.241018707555508,25.89078712463379,95700,0.0,0.0,0.0
2020-12-21 00:00:00-05:00,24.701210068774607,25.64087625723303,24.281361287552354,25.291000366210938,135300,0.0,0.0,0.0
2020-12-22 00:00:00-05:00,25.40999984741211,25.447999954223633,24.959999084472656,25.209999084472656,84600,0.009,0.0,0.0
2020-12-23 00:00:00-05:00,25.399999618530273,25.979999542236328,25.280000686645508,25.559999465942383,83500,0.0,0.0,0.0
2020-12-24 00:00:00-05:00,25.829999923706055,25.829999923706055,25.049999237060547,25.549999237060547,20700,0.0,0.0,0.0
2020-12-28 00:00:00-05:00,25.979999542236328,26.350000381469727,25.479999542236328,25.579999923706055,60600,0.0,0.0,0.0
2020-12-29 00:00:00-05:00,25.90999984741211,25.972999572753906,24.700000762939453,25.0,46800,0.0,0.0,0.0
2020-12-30 00:00:00-05:00,24.959999084472656,25.402000427246094,24.959999084472656,25.239999771118164,31200,0.0,0.0,0.0
2020-12-31 00:00:00-05:00,25.399999618530273,25.5,24.899999618530273,25.5,23400,0.0,0.0,0.0
2021-01-04 00:00:00-05:00,25.579999923706055,25.670000076293945,23.270000457763672,23.780000686645508,138200,0.0,0.0,0.0
2021-01-05 00:00:00-05:00,23.510000228881836,24.90999984741211,23.510000228881836,24.510000228881836,67200,0.0,0.0,0.0
2021-01-06 00:00:00-05:00,24.84000015258789,27.040000915527344,24.549999237060547,26.6200008392334,175800,0.0,0.0,0.0
2021-01-07 00:00:00-05:00,27.0,27.600000381469727,26.709999084472656,27.239999771118164,87300,0.0,0.0,0.0
2021-01-08 00:00:00-05:00,27.239999771118164,28.367000579833984,27.239999771118164,27.670000076293945,113700,0.0,0.0,0.0
2021-01-11 00:00:00-05:00,26.8700008392334,27.979999542236328,26.799999237060547,27.6200008392334,100100,0.0,0.0,0.0
2021-01-12 00:00:00-05:00,27.739999771118164,29.100000381469727,27.19099998474121,28.75,76100,0.0,0.0,0.0
2021-01-13 00:00:00-05:00,28.770000457763672,28.8700008392334,27.760000228881836,28.260000228881836,41300,0.0,0.0,0.0
2021-01-14 00:00:00-05:00,28.770000457763672,29.75,28.770000457763672,29.18000030517578,80300,0.0,0.0,0.0
2021-01-15 00:00:00-05:00,28.31999969482422,28.510000228881836,27.29599952697754,28.040000915527344,71300,0.0,0.0,0.0
2021-01-19 00:00:00-05:00,28.579999923706055,29.047000885009766,27.65999984741211,27.68000030517578,114700,0.0,0.0,0.0
2021-01-20 00:00:00-05:00,27.8799991607666,29.239999771118164,27.73200035095215,29.110000610351562,73500,0.0,0.0,0.0
2021-01-21 00:00:00-05:00,28.709999084472656,29.040000915527344,27.68000030517578,27.709999084472656,86600,0.0,0.0,0.0
2021-01-22 00:00:00-05:00,27.5,27.680999755859375,26.549999237060547,27.420000076293945,54000,0.0,0.0,0.0
2021-01-25 00:00:00-05:00,26.920000076293945,27.3799991607666,25.700000762939453,27.3700008392334,142800,0.0,0.0,0.0
2021-01-26 00:00:00-05:00,27.3700008392334,27.65999984741211,25.93000030517578,26.06999969482422,48000,0.0,0.0,0.0
2021-01-27 00:00:00-05:00,25.06999969482422,25.15999984741211,23.299999237060547,23.899999618530273,183900,0.0,0.0,0.0
2021-01-28 00:00:00-05:00,24.65999984741211,25.440000534057617,24.488000869750977,24.600000381469727,95900,0.0,0.0,0.0
2021-01-29 00:00:00-05:00,24.5,24.5,22.559999465942383,22.6299991607666,152900,0.0,0.0,0.0
2021-02-01 00:00:00-05:00,23.299999237060547,23.665000915527344,22.75,23.59000015258789,81700,0.0,0.0,0.0
2021-02-02 00:00:00-05:00,24.600000381469727,25.511999130249023,24.405000686645508,25.200000762939453,87200,0.0,0.0,0.0
2021-02-03 00:00:00-05:00,25.31999969482422,25.392000198364258,24.621000289916992,25.18000030517578,55500,0.0,0.0,0.0
2021-02-04 00:00:00-05:00,25.32699966430664,26.25,25.110000610351562,26.229999542236328,68400,0.0,0.0,0.0
2021-02-05 00:00:00-05:00,26.670000076293945,27.0,26.59000015258789,26.799999237060547,60600,0.0,0.0,0.0
2021-02-08 00:00:00-05:00,26.969999313354492,27.354999542236328,26.729999542236328,27.309999465942383,79000,0.0,0.0,0.0
2021-02-09 00:00:00-05:00,26.969999313354492,28.010000228881836,26.639999389648438,27.850000381469727,74800,0.0,0.0,0.0
2021-02-10 00:00:00-05:00,28.010000228881836,28.299999237060547,27.385000228881836,27.799999237060547,66400,0.0,0.0,0.0
2021-02-11 00:00:00-05:00,27.809999465942383,27.899999618530273,26.850000381469727,27.8700008392334,66400,0.0,0.0,0.0
2021-02-12 00:00:00-05:00,27.549999237060547,29.280000686645508,27.549999237060547,29.260000228881836,105700,0.0,0.0,0.0
2021-02-16 00:00:00-05:00,29.530000686645508,29.84000015258789,29.0,29.31999969482422,76000,0.0,0.0,0.0
2021-02-17 00:00:00-05:00,29.049999237060547,29.049999237060547,27.700000762939453,28.770000457763672,54200,0.0,0.0,0.0
2021-02-18 00:00:00-05:00,28.0,28.524999618530273,27.452999114990234,28.440000534057617,67900,0.0,0.0,0.0
2021-02-19 00:00:00-05:00,28.889999389648438,30.219999313354492,28.889999389648438,29.889999389648438,124200,0.0,0.0,0.0
2021-02-22 00:00:00-05:00,29.479999542236328,31.6200008392334,29.479999542236328,30.729999542236328,174100,0.0,0.0,0.0
2021-02-23 00:00:00-05:00,30.809999465942383,31.170000076293945,29.450000762939453,30.850000381469727,142300,0.0,0.0,0.0
2021-02-24 00:00:00-05:00,31.079999923706055,32.88999938964844,30.8799991607666,32.45000076293945,145700,0.0,0.0,0.0
2021-02-25 00:00:00-05:00,32.52000045776367,32.52000045776367,30.1299991607666,30.690000534057617,103600,0.0,0.0,0.0
2021-02-26 00:00:00-05:00,30.860000610351562,31.350000381469727,29.399999618530273,30.360000610351562,107400,0.0,0.0,0.0
2021-03-01 00:00:00-05:00,31.5,32.72999954223633,31.5,32.290000915527344,108100,0.0,0.0,0.0
2021-03-02 00:00:00-05:00,32.34000015258789,32.68000030517578,31.649999618530273,31.979999542236328,42800,0.0,0.0,0.0
2021-03-03 00:00:00-05:00,32.0,32.790000915527344,31.40999984741211,31.850000381469727,64100,0.0,0.0,0.0
2021-03-04 00:00:00-05:00,31.540000915527344,31.760000228881836,28.25,29.530000686645508,159900,0.0,0.0,0.0
2021-03-05 00:00:00-05:00,30.350000381469727,32.4900016784668,28.475000381469727,32.290000915527344,99700,0.0,0.0,0.0
2021-03-08 00:00:00-05:00,32.97999954223633,34.88999938964844,32.68000030517578,32.959999084472656,243700,0.0,0.0,0.0
2021-03-09 00:00:00-05:00,33.709999084472656,34.439998626708984,33.07400131225586,33.43000030517578,126500,0.0,0.0,0.0
2021-03-10 00:00:00-05:00,34.22999954223633,34.560001373291016,33.01100158691406,33.959999084472656,118200,0.0,0.0,0.0
2021-03-11 00:00:00-05:00,34.7400016784668,35.349998474121094,34.0099983215332,35.099998474121094,129800,0.0,0.0,0.0
2021-03-12 00:00:00-05:00,35.45000076293945,36.2599983215332,35.20000076293945,36.189998626708984,75900,0.0,0.0,0.0
2021-03-15 00:00:00-04:00,36.95000076293945,37.0,35.31999969482422,36.75,139800,0.0,0.0,0.0
2021-03-16 00:00:00-04:00,37.02000045776367,37.02000045776367,34.61000061035156,34.939998626708984,121800,0.0,0.0,0.0
2021-03-17 00:00:00-04:00,34.79999923706055,36.290000915527344,34.220001220703125,36.02000045776367,92600,0.0,0.0,0.0
2021-03-18 00:00:00-04:00,36.16999816894531,37.6349983215332,35.83000183105469,36.02000045776367,150300,0.0,0.0,0.0
2021-03-19 00:00:00-04:00,36.68000030517578,37.04999923706055,35.3120002746582,36.20000076293945,103900,0.0,0.0,0.0
2021-03-22 00:00:00-04:00,38.0,38.38999938964844,35.986000061035156,36.15999984741211,133800,0.0,0.0,0.0
2021-03-23 00:00:00-04:00,35.52000045776367,36.67499923706055,33.680999755859375,34.06999969482422,238900,0.0,0.0,0.0
2021-03-24 00:00:00-04:00,34.529998779296875,36.650001525878906,34.529998779296875,35.22999954223633,211900,0.0,0.0,0.0
2021-03-25 00:00:00-04:00,34.560001373291016,37.13999938964844,33.85100173950195,36.9900016784668,176000,0.0,0.0,0.0
2021-03-26 00:00:00-04:00,37.5,39.41999816894531,37.220001220703125,39.41999816894531,209900,0.0,0.0,0.0
2021-03-29 00:00:00-04:00,39.189998626708984,39.959999084472656,38.31999969482422,38.810001373291016,128400,0.0,0.0,0.0
2021-03-30 00:00:00-04:00,39.04999923706055,40.79999923706055,39.0,40.36000061035156,175600,0.0,0.0,0.0
2021-03-31 00:00:00-04:00,40.790000915527344,40.790000915527344,39.0,39.70000076293945,207000,0.0,0.0,0.0
2021-04-01 00:00:00-04:00,40.22999954223633,40.599998474121094,39.5,40.56999969482422,135700,0.0,0.0,0.0
2021-04-05 00:00:00-04:00,41.68000030517578,42.52000045776367,41.584999084472656,41.709999084472656,173600,0.0,0.0,0.0
2021-04-06 00:00:00-04:00,41.959999084472656,42.380001068115234,41.209999084472656,41.29999923706055,137500,0.0,0.0,0.0
2021-04-07 00:00:00-04:00,41.650001525878906,41.650001525878906,40.5,40.90999984741211,102200,0.0,0.0,0.0
2021-04-08 00:00:00-04:00,41.0,41.41999816894531,39.70000076293945,40.79999923706055,133800,0.0,0.0,0.0
2021-04-09 00:00:00-04:00,40.72999954223633,41.869998931884766,40.72999954223633,41.869998931884766,76600,0.0,0.0,0.0
2021-04-12 00:00:00-04:00,41.709999084472656,42.560001373291016,41.45000076293945,42.36000061035156,100800,0.0,0.0,0.0
2021-04-13 00:00:00-04:00,42.06999969482422,42.06999969482422,40.310001373291016,41.41999816894531,151200,0.0,0.0,0.0
2021-04-14 00:00:00-04:00,41.779998779296875,42.18000030517578,41.27000045776367,41.63999938964844,103800,0.0,0.0,0.0
2021-04-15 00:00:00-04:00,42.04999923706055,42.29999923706055,41.12900161743164,41.91999816894531,103800,0.0,0.0,0.0
2021-04-16 00:00:00-04:00,42.5,43.290000915527344,41.58000183105469,41.959999084472656,120100,0.0,0.0,0.0
2021-04-19 00:00:00-04:00,41.29999923706055,41.5,40.369998931884766,40.849998474121094,153500,0.0,0.0,0.0
2021-04-20 00:00:00-04:00,41.97999954223633,43.08000183105469,40.54999923706055,41.779998779296875,133400,0.0,0.0,0.0
2021-04-21 00:00:00-04:00,41.75,43.619998931884766,41.35499954223633,42.77000045776367,72200,0.0,0.0,0.0
2021-04-22 00:00:00-04:00,42.880001068115234,43.7400016784668,41.7599983215332,41.880001068115234,168600,0.0,0.0,0.0
2021-04-23 00:00:00-04:00,42.27000045776367,43.91999816894531,42.150001525878906,43.619998931884766,98900,0.0,0.0,0.0
2021-04-26 00:00:00-04:00,44.290000915527344,44.79999923706055,43.04999923706055,43.310001373291016,150100,0.0,0.0,0.0
2021-04-27 00:00:00-04:00,44.540000915527344,45.70000076293945,44.540000915527344,45.20000076293945,168900,0.0,0.0,0.0
2021-04-28 00:00:00-04:00,45.400001525878906,45.79899978637695,44.650001525878906,45.040000915527344,101900,0.0,0.0,0.0
2021-04-29 00:00:00-04:00,45.70000076293945,46.29999923706055,45.349998474121094,46.150001525878906,168100,0.0,0.0,0.0
2021-04-30 00:00:00-04:00,45.45000076293945,46.18899917602539,44.7400016784668,45.45000076293945,118700,0.0,0.0,0.0
2021-05-03 00:00:00-04:00,46.130001068115234,48.36000061035156,46.130001068115234,47.93000030517578,251500,0.0,0.0,0.0
2021-05-04 00:00:00-04:00,47.33000183105469,48.15999984741211,46.599998474121094,47.93000030517578,133100,0.0,0.0,0.0
2021-05-05 00:00:00-04:00,48.599998474121094,49.209999084472656,47.279998779296875,48.290000915527344,175300,0.0,0.0,0.0
2021-05-06 00:00:00-04:00,48.66999816894531,49.02000045776367,47.02000045776367,49.02000045776367,222700,0.0,0.0,0.0
2021-05-07 00:00:00-04:00,49.11000061035156,51.099998474121094,48.52199935913086,51.099998474121094,209200,0.0,0.0,0.0
2021-05-10 00:00:00-04:00,51.7400016784668,53.16999816894531,50.849998474121094,51.02000045776367,325600,0.0,0.0,0.0
2021-05-11 00:00:00-04:00,47.7400016784668,49.5989990234375,46.720001220703125,48.810001373291016,354700,0.0,0.0,0.0
2021-05-12 00:00:00-04:00,47.41999816894531,48.65999984741211,45.119998931884766,45.349998474121094,272700,0.0,0.0,0.0
2021-05-13 00:00:00-04:00,45.79999923706055,48.97999954223633,45.599998474121094,48.459999084472656,250600,0.0,0.0,0.0
2021-05-14 00:00:00-04:00,49.369998931884766,50.96799850463867,49.060001373291016,50.47999954223633,280600,0.0,0.0,0.0
2021-05-17 00:00:00-04:00,50.310001373291016,50.529998779296875,49.0,49.650001525878906,144300,0.0,0.0,0.0
2021-05-18 00:00:00-04:00,49.88999938964844,50.40999984741211,47.88999938964844,47.88999938964844,183500,0.0,0.0,0.0
2021-05-19 00:00:00-04:00,45.91999816894531,47.29999923706055,44.70000076293945,47.040000915527344,250400,0.0,0.0,0.0
2021-05-20 00:00:00-04:00,47.91999816894531,48.0,45.94200134277344,46.34000015258789,139600,0.0,0.0,0.0
2021-05-21 00:00:00-04:00,47.099998474121094,48.0,46.345001220703125,46.45000076293945,201100,0.0,0.0,0.0
2021-05-24 00:00:00-04:00,47.72999954223633,47.81999969482422,46.619998931884766,47.66999816894531,102200,0.0,0.0,0.0
2021-05-25 00:00:00-04:00,48.0,48.90999984741211,46.06999969482422,46.2599983215332,182700,0.0,0.0,0.0
2021-05-26 00:00:00-04:00,46.5,47.5,46.38999938964844,47.45000076293945,124500,0.0,0.0,0.0
2021-05-27 00:00:00-04:00,47.849998474121094,49.150001525878906,47.849998474121094,48.61000061035156,150800,0.0,0.0,0.0
2021-05-28 00:00:00-04:00,49.619998931884766,49.619998931884766,48.09000015258789,48.959999084472656,128100,0.0,0.0,0.0
2021-06-01 00:00:00-04:00,50.0,50.316001892089844,48.84000015258789,49.099998474121094,120000,0.0,0.0,0.0
2021-06-02 00:00:00-04:00,49.5,49.5,47.5,47.84000015258789,196400,0.0,0.0,0.0
2021-06-03 00:00:00-04:00,47.060001373291016,47.7599983215332,46.040000915527344,47.220001220703125,130300,0.0,0.0,0.0
2021-06-04 00:00:00-04:00,47.65999984741211,47.65999984741211,45.380001068115234,46.45000076293945,218900,0.0,0.0,0.0
2021-06-07 00:00:00-04:00,46.56999969482422,46.93000030517578,45.4900016784668,46.09000015258789,214800,0.0,0.0,0.0
2021-06-08 00:00:00-04:00,46.2400016784668,46.555999755859375,45.099998474121094,46.43000030517578,176400,0.0,0.0,0.0
2021-06-09 00:00:00-04:00,46.470001220703125,46.470001220703125,44.5,44.790000915527344,260200,0.0,0.0,0.0
2021-06-10 00:00:00-04:00,45.08000183105469,45.79999923706055,43.599998474121094,43.81999969482422,241600,0.0,0.0,0.0
2021-06-11 00:00:00-04:00,44.619998931884766,45.040000915527344,44.47999954223633,44.9900016784668,147800,0.0,0.0,0.0
2021-06-14 00:00:00-04:00,45.29999923706055,45.54899978637695,43.38999938964844,44.0099983215332,117800,0.0,0.0,0.0
2021-06-15 00:00:00-04:00,44.349998474121094,45.11000061035156,43.619998931884766,44.90999984741211,68800,0.0,0.0,0.0
2021-06-16 00:00:00-04:00,44.970001220703125,45.06999969482422,42.79999923706055,43.4900016784668,115400,0.0,0.0,0.0
2021-06-17 00:00:00-04:00,43.25,43.4900016784668,39.7400016784668,40.720001220703125,292400,0.0,0.0,0.0
2021-06-18 00:00:00-04:00,39.619998931884766,39.89400100708008,38.66999816894531,39.02000045776367,166500,0.0,0.0,0.0
2021-06-21 00:00:00-04:00,39.939998626708984,41.540000915527344,39.939998626708984,41.33000183105469,209500,0.0,0.0,0.0
2021-06-22 00:00:00-04:00,41.58000183105469,42.04899978637695,40.66999816894531,41.689998626708984,126100,0.0,0.0,0.0
2021-06-23 00:00:00-04:00,42.060001373291016,42.13999938964844,41.25,41.38999938964844,125700,0.0,0.0,0.0
2021-06-24 00:00:00-04:00,41.880001068115234,42.02000045776367,41.08000183105469,42.0,202700,0.0,0.0,0.0
2021-06-25 00:00:00-04:00,41.90999984741211,42.20000076293945,41.060001373291016,42.0,129600,0.0,0.0,0.0
2021-06-28 00:00:00-04:00,42.0099983215332,42.0099983215332,39.941001892089844,40.70000076293945,163000,0.0,0.0,0.0
2021-06-29 00:00:00-04:00,41.0,41.16999816894531,40.31999969482422,40.900001525878906,116700,0.0,0.0,0.0
2021-06-30 00:00:00-04:00,40.900001525878906,41.31999969482422,40.599998474121094,41.09000015258789,87500,0.0,0.0,0.0
2021-07-01 00:00:00-04:00,41.43000030517578,42.7599983215332,41.400001525878906,42.7599983215332,174600,0.0,0.0,0.0
2021-07-02 00:00:00-04:00,43.0,43.0,42.130001068115234,42.43000030517578,113100,0.0,0.0,0.0
2021-07-06 00:00:00-04:00,42.43000030517578,42.43000030517578,39.902000427246094,41.119998931884766,138700,0.0,0.0,0.0
2021-07-07 00:00:00-04:00,40.79999923706055,41.96099853515625,40.709999084472656,41.779998779296875,111700,0.0,0.0,0.0
2021-07-08 00:00:00-04:00,38.79999923706055,38.941001892089844,37.11000061035156,37.720001220703125,363800,0.0,0.0,0.0
2021-07-09 00:00:00-04:00,39.2400016784668,40.775001525878906,39.0,40.619998931884766,131900,0.0,0.0,0.0
2021-07-12 00:00:00-04:00,40.29999923706055,40.540000915527344,39.28900146484375,40.27000045776367,100400,0.0,0.0,0.0
2021-07-13 00:00:00-04:00,39.869998931884766,40.1150016784668,39.040000915527344,39.16999816894531,163300,0.0,0.0,0.0
2021-07-14 00:00:00-04:00,39.650001525878906,40.42499923706055,38.959999084472656,39.290000915527344,115400,0.0,0.0,0.0
2021-07-15 00:00:00-04:00,38.630001068115234,40.02000045776367,38.599998474121094,39.34000015258789,113300,0.0,0.0,0.0
2021-07-16 00:00:00-04:00,39.7400016784668,39.7400016784668,37.47999954223633,37.689998626708984,90000,0.0,0.0,0.0
2021-07-19 00:00:00-04:00,35.7599983215332,36.04999923706055,34.43299865722656,35.91999816894531,180400,0.0,0.0,0.0
2021-07-20 00:00:00-04:00,36.34000015258789,38.33599853515625,36.0,38.040000915527344,126000,0.0,0.0,0.0
2021-07-21 00:00:00-04:00,38.619998931884766,39.709999084472656,38.5,39.150001525878906,110600,0.0,0.0,0.0
2021-07-22 00:00:00-04:00,39.38999938964844,39.38999938964844,38.57099914550781,38.79999923706055,239600,0.0,0.0,0.0
2021-07-23 00:00:00-04:00,39.16999816894531,39.790000915527344,38.689998626708984,39.59000015258789,93300,0.0,0.0,0.0
2021-07-26 00:00:00-04:00,39.04999923706055,40.189998626708984,39.04999923706055,39.689998626708984,66100,0.0,0.0,0.0
2021-07-27 00:00:00-04:00,38.75,38.75,36.470001220703125,37.150001525878906,157900,0.0,0.0,0.0
2021-07-28 00:00:00-04:00,37.45000076293945,37.45000076293945,35.42300033569336,36.5,140500,0.0,0.0,0.0
2021-07-29 00:00:00-04:00,36.9900016784668,37.75,36.928001403808594,37.33000183105469,102800,0.0,0.0,0.0
2021-07-30 00:00:00-04:00,36.939998626708984,37.5,36.56999969482422,37.22999954223633,99300,0.0,0.0,0.0
2021-08-02 00:00:00-04:00,37.459999084472656,38.45000076293945,36.43000030517578,36.560001373291016,112000,0.0,0.0,0.0
2021-08-03 00:00:00-04:00,36.79999923706055,38.099998474121094,35.79999923706055,38.060001373291016,93600,0.0,0.0,0.0
2021-08-04 00:00:00-04:00,37.47999954223633,37.47999954223633,35.5,35.5,182600,0.0,0.0,0.0
2021-08-05 00:00:00-04:00,36.029998779296875,36.79999923706055,35.900001525878906,36.790000915527344,121500,0.0,0.0,0.0
2021-08-06 00:00:00-04:00,37.0,37.79999923706055,36.97999954223633,37.470001220703125,138300,0.0,0.0,0.0
2021-08-09 00:00:00-04:00,37.40999984741211,37.40999984741211,36.060001373291016,36.2400016784668,143100,0.0,0.0,0.0
2021-08-10 00:00:00-04:00,36.84000015258789,38.45399856567383,36.84000015258789,38.20000076293945,162900,0.0,0.0,0.0
2021-08-11 00:00:00-04:00,38.400001525878906,40.20000076293945,38.0099983215332,40.20000076293945,273200,0.0,0.0,0.0
2021-08-12 00:00:00-04:00,40.060001373291016,40.5,39.349998474121094,40.5,160900,0.0,0.0,0.0
2021-08-13 00:00:00-04:00,40.25,40.880001068115234,40.20000076293945,40.68000030517578,194000,0.0,0.0,0.0
2021-08-16 00:00:00-04:00,39.86000061035156,41.15999984741211,39.650001525878906,41.15999984741211,170000,0.0,0.0,0.0
2021-08-17 00:00:00-04:00,39.9900016784668,40.2400016784668,38.540000915527344,39.849998474121094,126200,0.0,0.0,0.0
2021-08-18 00:00:00-04:00,39.439998626708984,40.65999984741211,38.810001373291016,38.939998626708984,80200,0.0,0.0,0.0
2021-08-19 00:00:00-04:00,37.720001220703125,38.65999984741211,36.599998474121094,37.459999084472656,144300,0.0,0.0,0.0
2021-08-20 00:00:00-04:00,37.41999816894531,37.948001861572266,37.09000015258789,37.790000915527344,76400,0.0,0.0,0.0
2021-08-23 00:00:00-04:00,38.310001373291016,39.45000076293945,38.310001373291016,38.88999938964844,69600,0.0,0.0,0.0
2021-08-24 00:00:00-04:00,39.09000015258789,39.72999954223633,38.95000076293945,39.119998931884766,135500,0.0,0.0,0.0
2021-08-25 00:00:00-04:00,39.0,40.13999938964844,38.869998931884766,39.880001068115234,77600,0.0,0.0,0.0
2021-08-26 00:00:00-04:00,39.47999954223633,39.790000915527344,38.77000045776367,39.099998474121094,67200,0.0,0.0,0.0
2021-08-27 00:00:00-04:00,39.5,40.66999816894531,38.88999938964844,40.43000030517578,137400,0.0,0.0,0.0
2021-08-30 00:00:00-04:00,40.2400016784668,40.5,39.709999084472656,39.970001220703125,58900,0.0,0.0,0.0
2021-08-31 00:00:00-04:00,40.02000045776367,40.21799850463867,38.29999923706055,38.56999969482422,124800,0.0,0.0,0.0
2021-09-01 00:00:00-04:00,38.65999984741211,39.70600128173828,38.04999923706055,39.29999923706055,86900,0.0,0.0,0.0
2021-09-02 00:00:00-04:00,39.41999816894531,40.75,39.41999816894531,40.54999923706055,90400,0.0,0.0,0.0
2021-09-03 00:00:00-04:00,40.13999938964844,40.58100128173828,39.21200180053711,39.31999969482422,65100,0.0,0.0,0.0
2021-09-07 00:00:00-04:00,39.459999084472656,39.59000015258789,38.334999084472656,38.58000183105469,70300,0.0,0.0,0.0
2021-09-08 00:00:00-04:00,38.33000183105469,38.5,37.400001525878906,38.13999938964844,75000,0.0,0.0,0.0
2021-09-09 00:00:00-04:00,37.849998474121094,38.38999938964844,36.45000076293945,36.869998931884766,129900,0.0,0.0,0.0
2021-09-10 00:00:00-04:00,37.66999816894531,37.66999816894531,36.27000045776367,36.34000015258789,93800,0.0,0.0,0.0
2021-09-13 00:00:00-04:00,37.2400016784668,37.24599838256836,36.209999084472656,36.880001068115234,72000,0.0,0.0,0.0
2021-09-14 00:00:00-04:00,37.15999984741211,37.15999984741211,35.40999984741211,35.70000076293945,94600,0.0,0.0,0.0
2021-09-15 00:00:00-04:00,35.70000076293945,36.904998779296875,35.689998626708984,36.720001220703125,102800,0.0,0.0,0.0
2021-09-16 00:00:00-04:00,36.720001220703125,37.755001068115234,36.720001220703125,36.97999954223633,103400,0.0,0.0,0.0
2021-09-17 00:00:00-04:00,36.7599983215332,37.11000061035156,35.31999969482422,35.47999954223633,103100,0.0,0.0,0.0
2021-09-20 00:00:00-04:00,33.83000183105469,34.59000015258789,33.05099868774414,34.220001220703125,153200,0.0,0.0,0.0
2021-09-21 00:00:00-04:00,34.599998474121094,35.029998779296875,33.400001525878906,34.08000183105469,82700,0.0,0.0,0.0
2021-09-22 00:00:00-04:00,33.86000061035156,34.20000076293945,33.40999984741211,33.599998474121094,78600,0.0,0.0,0.0
2021-09-23 00:00:00-04:00,34.25,35.540000915527344,34.060001373291016,35.18000030517578,97400,0.0,0.0,0.0
2021-09-24 00:00:00-04:00,34.810001373291016,36.29499816894531,34.810001373291016,35.970001220703125,113700,0.0,0.0,0.0
2021-09-27 00:00:00-04:00,35.9900016784668,37.77899932861328,35.9900016784668,36.959999084472656,123100,0.0,0.0,0.0
2021-09-28 00:00:00-04:00,36.38999938964844,37.28300094604492,35.529998779296875,35.70000076293945,151300,0.0,0.0,0.0
2021-09-29 00:00:00-04:00,36.060001373291016,36.060001373291016,35.130001068115234,35.209999084472656,71900,0.0,0.0,0.0
2021-09-30 00:00:00-04:00,35.529998779296875,35.529998779296875,33.41999816894531,33.459999084472656,102600,0.0,0.0,0.0
2021-10-01 00:00:00-04:00,34.02000045776367,35.7140007019043,33.279998779296875,35.310001373291016,108700,0.0,0.0,0.0
2021-10-04 00:00:00-04:00,35.22999954223633,36.06999969482422,34.512001037597656,34.93000030517578,72900,0.0,0.0,0.0
2021-10-05 00:00:00-04:00,35.18000030517578,37.17599868774414,34.777000427246094,36.790000915527344,102500,0.0,0.0,0.0
2021-10-06 00:00:00-04:00,35.63999938964844,37.4379997253418,35.09000015258789,37.38999938964844,86300,0.0,0.0,0.0
2021-10-07 00:00:00-04:00,37.95000076293945,38.63999938964844,36.880001068115234,37.0099983215332,179200,0.0,0.0,0.0
2021-10-08 00:00:00-04:00,37.04999923706055,38.099998474121094,37.0,38.040000915527344,74500,0.0,0.0,0.0
2021-10-11 00:00:00-04:00,37.84000015258789,38.7400016784668,37.66999816894531,37.75,86900,0.0,0.0,0.0
2021-10-12 00:00:00-04:00,37.81999969482422,38.790000915527344,37.7599983215332,38.70000076293945,98800,0.0,0.0,0.0
2021-10-13 00:00:00-04:00,38.83000183105469,38.83000183105469,37.5,38.59000015258789,90500,0.0,0.0,0.0
2021-10-14 00:00:00-04:00,38.93000030517578,40.367000579833984,38.880001068115234,40.36000061035156,255800,0.0,0.0,0.0
2021-10-15 00:00:00-04:00,40.65999984741211,42.77000045776367,40.630001068115234,42.400001525878906,494000,0.0,0.0,0.0
2021-10-18 00:00:00-04:00,41.68000030517578,43.65999984741211,41.68000030517578,43.15999984741211,270800,0.0,0.0,0.0
2021-10-19 00:00:00-04:00,43.4900016784668,43.68000030517578,42.88800048828125,43.310001373291016,83100,0.0,0.0,0.0
2021-10-20 00:00:00-04:00,43.220001220703125,44.72999954223633,43.220001220703125,44.66999816894531,135600,0.0,0.0,0.0
2021-10-21 00:00:00-04:00,44.75,46.0,44.70000076293945,45.9900016784668,158000,0.0,0.0,0.0
2021-10-22 00:00:00-04:00,46.0099983215332,47.7599983215332,46.0099983215332,47.41999816894531,157000,0.0,0.0,0.0
2021-10-25 00:00:00-04:00,47.84000015258789,49.20000076293945,47.35499954223633,48.29999923706055,146800,0.0,0.0,0.0
2021-10-26 00:00:00-04:00,49.400001525878906,50.45000076293945,48.86000061035156,48.90999984741211,178700,0.0,0.0,0.0
2021-10-27 00:00:00-04:00,49.099998474121094,49.720001220703125,46.779998779296875,46.97999954223633,186500,0.0,0.0,0.0
2021-10-28 00:00:00-04:00,47.290000915527344,48.689998626708984,47.290000915527344,48.689998626708984,54300,0.0,0.0,0.0
2021-10-29 00:00:00-04:00,48.18000030517578,49.119998931884766,47.47999954223633,48.54999923706055,58300,0.0,0.0,0.0
2021-11-01 00:00:00-04:00,49.15999984741211,49.516998291015625,48.11000061035156,48.810001373291016,54700,0.0,0.0,0.0
2021-11-02 00:00:00-04:00,49.0,69.98999786376953,48.810001373291016,58.81999969482422,829800,0.0,0.0,0.0
2021-11-03 00:00:00-04:00,56.06999969482422,57.5,54.35200119018555,57.099998474121094,184500,0.0,0.0,0.0
2021-11-04 00:00:00-04:00,57.04999923706055,58.45000076293945,55.6619987487793,55.79999923706055,88000,0.0,0.0,0.0
2021-11-05 00:00:00-04:00,57.86000061035156,58.72999954223633,56.1609992980957,56.959999084472656,100400,0.0,0.0,0.0
2021-11-08 00:00:00-05:00,58.439998626708984,58.779998779296875,56.790000915527344,57.529998779296875,140000,0.0,0.0,0.0
2021-11-09 00:00:00-05:00,57.79999923706055,57.849998474121094,54.66999816894531,55.13999938964844,89900,0.0,0.0,0.0
2021-11-10 00:00:00-05:00,54.56999969482422,55.861000061035156,53.74800109863281,54.45000076293945,71300,0.0,0.0,0.0
2021-11-11 00:00:00-05:00,55.189998626708984,56.34000015258789,54.25699996948242,55.599998474121094,50100,0.0,0.0,0.0
2021-11-12 00:00:00-05:00,56.27000045776367,57.36000061035156,55.4900016784668,56.130001068115234,72600,0.0,0.0,0.0
2021-11-15 00:00:00-05:00,57.20000076293945,57.25,55.779998779296875,56.20000076293945,54400,0.0,0.0,0.0
2021-11-16 00:00:00-05:00,55.900001525878906,57.16600036621094,55.380001068115234,56.400001525878906,35400,0.0,0.0,0.0
2021-11-17 00:00:00-05:00,56.20000076293945,56.20000076293945,53.72999954223633,54.040000915527344,68500,0.0,0.0,0.0
2021-11-18 00:00:00-05:00,54.849998474121094,54.849998474121094,51.029998779296875,53.47999954223633,70300,0.0,0.0,0.0
2021-11-19 00:00:00-05:00,52.84000015258789,54.29600143432617,52.02799987792969,53.72999954223633,57500,0.0,0.0,0.0
2021-11-22 00:00:00-05:00,54.150001525878906,57.900001525878906,54.150001525878906,55.939998626708984,137100,0.0,0.0,0.0
2021-11-23 00:00:00-05:00,56.2400016784668,57.5,55.57600021362305,57.189998626708984,61800,0.0,0.0,0.0
2021-11-24 00:00:00-05:00,56.40999984741211,57.13999938964844,56.08700180053711,56.849998474121094,28100,0.0,0.0,0.0
2021-11-26 00:00:00-05:00,52.029998779296875,52.09000015258789,49.5,50.790000915527344,134500,0.0,0.0,0.0
2021-11-29 00:00:00-05:00,52.439998626708984,53.20000076293945,51.25199890136719,52.099998474121094,69200,0.0,0.0,0.0
2021-11-30 00:00:00-05:00,50.02000045776367,50.630001068115234,46.849998474121094,47.119998931884766,128200,0.0,0.0,0.0
2021-12-01 00:00:00-05:00,49.54999923706055,50.483001708984375,44.029998779296875,44.029998779296875,117100,0.0,0.0,0.0
2021-12-02 00:00:00-05:00,44.099998474121094,48.45000076293945,43.790000915527344,47.790000915527344,81500,0.0,0.0,0.0
2021-12-03 00:00:00-05:00,48.279998779296875,49.367000579833984,46.58399963378906,47.959999084472656,62800,0.0,0.0,0.0
2021-12-06 00:00:00-05:00,48.75,52.43000030517578,48.66999816894531,51.16999816894531,132500,0.0,0.0,0.0
2021-12-07 00:00:00-05:00,53.0,53.7599983215332,51.0099983215332,51.47999954223633,91500,0.0,0.0,0.0
2021-12-08 00:00:00-05:00,52.08000183105469,52.08000183105469,50.25,50.9900016784668,64600,0.0,0.0,0.0
2021-12-09 00:00:00-05:00,50.220001220703125,51.93899917602539,49.71500015258789,51.130001068115234,34900,0.0,0.0,0.0
2021-12-10 00:00:00-05:00,51.95000076293945,52.08100128173828,50.641998291015625,51.86000061035156,30300,0.0,0.0,0.0
2021-12-13 00:00:00-05:00,51.599998474121094,51.599998474121094,49.25,50.18000030517578,40100,0.0,0.0,0.0
2021-12-14 00:00:00-05:00,49.11000061035156,50.31999969482422,47.880001068115234,48.16999816894531,65200,0.0,0.0,0.0
2021-12-15 00:00:00-05:00,48.61000061035156,49.4900016784668,47.73099899291992,49.150001525878906,45000,0.0,0.0,0.0
2021-12-16 00:00:00-05:00,49.83000183105469,50.8129997253418,47.75,48.150001525878906,36000,0.0,0.0,0.0
2021-12-17 00:00:00-05:00,48.040000915527344,49.185001373291016,46.40399932861328,46.459999084472656,49400,0.0,0.0,0.0
2021-12-20 00:00:00-05:00,44.63999938964844,45.0,43.11000061035156,44.54999923706055,71500,0.0,0.0,0.0
2021-12-21 00:00:00-05:00,46.11000061035156,47.77000045776367,45.80400085449219,47.77000045776367,46300,0.0,0.0,0.0
2021-12-22 00:00:00-05:00,47.65999984741211,48.202999114990234,47.2400016784668,47.7400016784668,21900,0.0,0.0,0.0
2021-12-23 00:00:00-05:00,48.20000076293945,50.18000030517578,48.20000076293945,49.790000915527344,118400,0.0,0.0,0.0
2021-12-27 00:00:00-05:00,49.84000015258789,51.599998474121094,49.2599983215332,51.5,66900,0.0,0.0,0.0
2021-12-28 00:00:00-05:00,51.970001220703125,52.5,51.47999954223633,51.560001373291016,31400,0.0,0.0,0.0
2021-12-29 00:00:00-05:00,51.599998474121094,52.606998443603516,51.099998474121094,52.279998779296875,29800,0.0,0.0,0.0
2021-12-30 00:00:00-05:00,52.439998626708984,52.95399856567383,51.27000045776367,51.459999084472656,36700,0.0,0.0,0.0
2021-12-31 00:00:00-05:00,51.189998626708984,52.970001220703125,50.810001373291016,52.31999969482422,47000,0.0,0.0,0.0
2022-01-03 00:00:00-05:00,52.900001525878906,53.650001525878906,49.834999084472656,50.619998931884766,73100,0.0,0.0,0.0
2022-01-04 00:00:00-05:00,51.380001068115234,53.52000045776367,51.380001068115234,53.16999816894531,83700,0.0,0.0,0.0
2022-01-05 00:00:00-05:00,53.540000915527344,53.61000061035156,50.7599983215332,51.0,70100,0.0,0.0,0.0
2022-01-06 00:00:00-05:00,51.20000076293945,51.75400161743164,50.01599884033203,51.150001525878906,23900,0.0,0.0,0.0
2022-01-07 00:00:00-05:00,51.11000061035156,51.34400177001953,49.685001373291016,50.380001068115234,31100,0.0,0.0,0.0
2022-01-10 00:00:00-05:00,49.61000061035156,49.61000061035156,46.45000076293945,47.97999954223633,66800,0.0,0.0,0.0
2022-01-11 00:00:00-05:00,48.18000030517578,48.18000030517578,45.805999755859375,47.7400016784668,44800,0.0,0.0,0.0
2022-01-12 00:00:00-05:00,48.27000045776367,48.90999984741211,47.11000061035156,47.54999923706055,31900,0.0,0.0,0.0
2022-01-13 00:00:00-05:00,48.0,49.22999954223633,47.474998474121094,47.869998931884766,37300,0.0,0.0,0.0
2022-01-14 00:00:00-05:00,46.959999084472656,47.279998779296875,45.369998931884766,47.02000045776367,39900,0.0,0.0,0.0
2022-01-18 00:00:00-05:00,45.72999954223633,45.72999954223633,44.0099983215332,44.779998779296875,58600,0.0,0.0,0.0
2022-01-19 00:00:00-05:00,45.33000183105469,45.6349983215332,43.880001068115234,44.279998779296875,21900,0.0,0.0,0.0
2022-01-20 00:00:00-05:00,44.439998626708984,46.70000076293945,43.5099983215332,43.599998474121094,41300,0.0,0.0,0.0
2022-01-21 00:00:00-05:00,43.0,44.06999969482422,41.0,41.380001068115234,60800,0.0,0.0,0.0
2022-01-24 00:00:00-05:00,39.97999954223633,43.099998474121094,38.220001220703125,42.88999938964844,149500,0.0,0.0,0.0
2022-01-25 00:00:00-05:00,41.560001373291016,41.77000045776367,39.0,40.810001373291016,45600,0.0,0.0,0.0
2022-01-26 00:00:00-05:00,41.689998626708984,43.470001220703125,38.5,39.209999084472656,50500,0.0,0.0,0.0
2022-01-27 00:00:00-05:00,40.42499923706055,41.82099914550781,37.25,37.66999816894531,45200,0.0,0.0,0.0
2022-01-28 00:00:00-05:00,37.055999755859375,39.4900016784668,36.435001373291016,39.400001525878906,22000,0.0,0.0,0.0
2022-01-31 00:00:00-05:00,39.189998626708984,41.369998931884766,38.650001525878906,41.349998474121094,28500,0.0,0.0,0.0
2022-02-01 00:00:00-05:00,42.7599983215332,45.0,42.7599983215332,44.09000015258789,65000,0.0,0.0,0.0
2022-02-02 00:00:00-05:00,43.9900016784668,45.25,42.970001220703125,45.189998626708984,65600,0.0,0.0,0.0
2022-02-03 00:00:00-05:00,43.779998779296875,45.40999984741211,42.849998474121094,43.04999923706055,20500,0.0,0.0,0.0
2022-02-04 00:00:00-05:00,42.130001068115234,42.599998474121094,39.650001525878906,40.7599983215332,52900,0.0,0.0,0.0
2022-02-07 00:00:00-05:00,41.41999816894531,41.5369987487793,40.369998931884766,40.54999923706055,14800,0.0,0.0,0.0
2022-02-08 00:00:00-05:00,41.20000076293945,42.43000030517578,40.900001525878906,41.900001525878906,24500,0.0,0.0,0.0
2022-02-09 00:00:00-05:00,43.119998931884766,44.40999984741211,43.119998931884766,44.369998931884766,33300,0.0,0.0,0.0
2022-02-10 00:00:00-05:00,43.220001220703125,44.683998107910156,41.41999816894531,42.189998626708984,69500,0.0,0.0,0.0
2022-02-11 00:00:00-05:00,42.0099983215332,42.435001373291016,38.27000045776367,38.939998626708984,62600,0.0,0.0,0.0
2022-02-14 00:00:00-05:00,38.970001220703125,40.30099868774414,38.939998626708984,39.93000030517578,54200,0.0,0.0,0.0
2022-02-15 00:00:00-05:00,40.900001525878906,41.42100143432617,40.0,40.459999084472656,24200,0.0,0.0,0.0
2022-02-16 00:00:00-05:00,40.380001068115234,41.529998779296875,39.540000915527344,41.209999084472656,19900,0.0,0.0,0.0
2022-02-17 00:00:00-05:00,40.060001373291016,40.23699951171875,38.650001525878906,38.88999938964844,46300,0.0,0.0,0.0
2022-02-18 00:00:00-05:00,38.70000076293945,40.34000015258789,38.11000061035156,38.7400016784668,26200,0.0,0.0,0.0
2022-02-22 00:00:00-05:00,38.70000076293945,38.939998626708984,36.279998779296875,36.93000030517578,49100,0.0,0.0,0.0
2022-02-23 00:00:00-05:00,37.72999954223633,37.72999954223633,35.11000061035156,35.369998931884766,36500,0.0,0.0,0.0
2022-02-24 00:00:00-05:00,32.880001068115234,37.733001708984375,32.189998626708984,37.36000061035156,89800,0.0,0.0,0.0
2022-02-25 00:00:00-05:00,37.83000183105469,40.91999816894531,37.83000183105469,40.38999938964844,41500,0.0,0.0,0.0
2022-02-28 00:00:00-05:00,38.84000015258789,41.159000396728516,38.220001220703125,40.939998626708984,36700,0.0,0.0,0.0
2022-03-01 00:00:00-05:00,40.29999923706055,41.06999969482422,38.220001220703125,38.88999938964844,23200,0.0,0.0,0.0
2022-03-02 00:00:00-05:00,39.63999938964844,42.63999938964844,39.63999938964844,41.95000076293945,47500,0.0,0.0,0.0
2022-03-03 00:00:00-05:00,42.29999923706055,43.58000183105469,41.380001068115234,41.83000183105469,60800,0.0,0.0,0.0
2022-03-04 00:00:00-05:00,41.029998779296875,41.944000244140625,40.125999450683594,41.72999954223633,42400,0.0,0.0,0.0
2022-03-07 00:00:00-05:00,41.11000061035156,41.400001525878906,36.869998931884766,37.06999969482422,38500,0.0,0.0,0.0
2022-03-08 00:00:00-05:00,37.11000061035156,39.446998596191406,35.59000015258789,36.619998931884766,48600,0.0,0.0,0.0
2022-03-09 00:00:00-05:00,38.88999938964844,40.0,38.45000076293945,39.63999938964844,27800,0.0,0.0,0.0
2022-03-10 00:00:00-05:00,38.209999084472656,41.02000045776367,38.209999084472656,40.95000076293945,25900,0.0,0.0,0.0
2022-03-11 00:00:00-05:00,41.7400016784668,42.400001525878906,40.150001525878906,40.2599983215332,23600,0.0,0.0,0.0
2022-03-14 00:00:00-04:00,40.86000061035156,41.94300079345703,38.34000015258789,39.36000061035156,34400,0.0,0.0,0.0
2022-03-15 00:00:00-04:00,40.689998626708984,42.47999954223633,40.380001068115234,42.36000061035156,41000,0.0,0.0,0.0
2022-03-16 00:00:00-04:00,43.540000915527344,49.38999938964844,43.540000915527344,49.36000061035156,103600,0.0,0.0,0.0
2022-03-17 00:00:00-04:00,48.380001068115234,51.349998474121094,47.551998138427734,51.25,79100,0.0,0.0,0.0
2022-03-18 00:00:00-04:00,50.45000076293945,50.5099983215332,48.00400161743164,50.2400016784668,54000,0.0,0.0,0.0
2022-03-21 00:00:00-04:00,50.2400016784668,51.130001068115234,48.08700180053711,49.470001220703125,58000,0.0,0.0,0.0
2022-03-22 00:00:00-04:00,50.31999969482422,51.25,49.529998779296875,50.560001373291016,25000,0.0,0.0,0.0
2022-03-23 00:00:00-04:00,49.709999084472656,49.84000015258789,47.91999816894531,47.939998626708984,37100,0.0,0.0,0.0
2022-03-24 00:00:00-04:00,48.16999816894531,49.029998779296875,48.16999816894531,48.83000183105469,18100,0.0,0.0,0.0
2022-03-25 00:00:00-04:00,48.9900016784668,49.380001068115234,47.18000030517578,49.33000183105469,42600,0.0,0.0,0.0
2022-03-28 00:00:00-04:00,49.630001068115234,50.20500183105469,48.650001525878906,50.189998626708984,19800,0.0,0.0,0.0
2022-03-29 00:00:00-04:00,51.27000045776367,52.4900016784668,50.5,52.349998474121094,58400,0.0,0.0,0.0
2022-03-30 00:00:00-04:00,52.08000183105469,52.08000183105469,50.5,50.7400016784668,21100,0.0,0.0,0.0
2022-03-31 00:00:00-04:00,51.41899871826172,51.41899871826172,48.349998474121094,48.56999969482422,18800,0.0,0.0,0.0
2022-04-01 00:00:00-04:00,49.15999984741211,49.33000183105469,41.0,41.54999923706055,162400,0.0,0.0,0.0
2022-04-04 00:00:00-04:00,41.790000915527344,41.790000915527344,40.060001373291016,41.34000015258789,110700,0.0,0.0,0.0
2022-04-05 00:00:00-04:00,40.88999938964844,41.196998596191406,37.630001068115234,37.83000183105469,86400,0.0,0.0,0.0
2022-04-06 00:00:00-04:00,36.70500183105469,36.720001220703125,33.310001373291016,34.119998931884766,152400,0.0,0.0,0.0
2022-04-07 00:00:00-04:00,34.38999938964844,34.790000915527344,32.060001373291016,34.52000045776367,134700,0.0,0.0,0.0
2022-04-08 00:00:00-04:00,33.939998626708984,34.720001220703125,32.88199996948242,33.40999984741211,87200,0.0,0.0,0.0
2022-04-11 00:00:00-04:00,33.2599983215332,35.119998931884766,32.86000061035156,33.97999954223633,80600,0.0,0.0,0.0
2022-04-12 00:00:00-04:00,34.54999923706055,35.790000915527344,33.45000076293945,33.9900016784668,80400,0.0,0.0,0.0
2022-04-13 00:00:00-04:00,34.58000183105469,36.18000030517578,34.51900100708008,36.02000045776367,62500,0.0,0.0,0.0
2022-04-14 00:00:00-04:00,36.31999969482422,36.75,35.5,36.060001373291016,32300,0.0,0.0,0.0
2022-04-18 00:00:00-04:00,35.720001220703125,36.28200149536133,34.88399887084961,35.75,47900,0.0,0.0,0.0
2022-04-19 00:00:00-04:00,36.099998474121094,38.75899887084961,36.099998474121094,38.599998474121094,110700,0.0,0.0,0.0
2022-04-20 00:00:00-04:00,39.369998931884766,41.659000396728516,39.369998931884766,40.66999816894531,109200,0.0,0.0,0.0
2022-04-21 00:00:00-04:00,42.15999984741211,42.45000076293945,39.58000183105469,40.2400016784668,139900,0.0,0.0,0.0
2022-04-22 00:00:00-04:00,39.90999984741211,39.90999984741211,37.470001220703125,37.540000915527344,97700,0.0,0.0,0.0
2022-04-25 00:00:00-04:00,36.900001525878906,38.939998626708984,35.31800079345703,38.70000076293945,68900,0.0,0.0,0.0
2022-04-26 00:00:00-04:00,37.84000015258789,38.23500061035156,35.08000183105469,35.13999938964844,38500,0.0,0.0,0.0
2022-04-27 00:00:00-04:00,35.20000076293945,36.48500061035156,34.73500061035156,36.25,32200,0.0,0.0,0.0
2022-04-28 00:00:00-04:00,37.27000045776367,39.38999938964844,36.27000045776367,39.09000015258789,53500,0.0,0.0,0.0
2022-04-29 00:00:00-04:00,38.52000045776367,39.630001068115234,35.4900016784668,35.709999084472656,41600,0.0,0.0,0.0
2022-05-02 00:00:00-04:00,35.5099983215332,36.400001525878906,33.29100036621094,35.97999954223633,35400,0.0,0.0,0.0
2022-05-03 00:00:00-04:00,36.60499954223633,37.34000015258789,35.540000915527344,37.13999938964844,25900,0.0,0.0,0.0
2022-05-04 00:00:00-04:00,37.029998779296875,40.630001068115234,36.90800094604492,40.470001220703125,76600,0.0,0.0,0.0
2022-05-05 00:00:00-04:00,39.1609992980957,39.58000183105469,36.15999984741211,37.2400016784668,30600,0.0,0.0,0.0
2022-05-06 00:00:00-04:00,36.2599983215332,36.53099822998047,33.566001892089844,35.75,35300,0.0,0.0,0.0
2022-05-09 00:00:00-04:00,34.099998474121094,34.79100036621094,32.15599822998047,32.650001525878906,124400,0.0,0.0,0.0
2022-05-10 00:00:00-04:00,33.459999084472656,34.119998931884766,31.040000915527344,32.5,38900,0.0,0.0,0.0
2022-05-11 00:00:00-04:00,32.790000915527344,33.88999938964844,31.190000534057617,31.43000030517578,43500,0.0,0.0,0.0
2022-05-12 00:00:00-04:00,30.760000228881836,31.899999618530273,29.354999542236328,31.639999389648438,23200,0.0,0.0,0.0
2022-05-13 00:00:00-04:00,32.380001068115234,34.099998474121094,32.290000915527344,32.540000915527344,29900,0.0,0.0,0.0
2022-05-16 00:00:00-04:00,32.189998626708984,32.74399948120117,31.030000686645508,31.670000076293945,22300,0.0,0.0,0.0
2022-05-17 00:00:00-04:00,33.220001220703125,34.900001525878906,33.06999969482422,34.63999938964844,29600,0.0,0.0,0.0
2022-05-18 00:00:00-04:00,33.31999969482422,33.42499923706055,26.760000228881836,27.059999465942383,133800,0.0,0.0,0.0
2022-05-19 00:00:00-04:00,26.15999984741211,26.920000076293945,24.350000381469727,25.549999237060547,91500,0.0,0.0,0.0
2022-05-20 00:00:00-04:00,26.600000381469727,26.600000381469727,23.975000381469727,25.850000381469727,22500,0.0,0.0,0.0
2022-05-23 00:00:00-04:00,26.5,27.57699966430664,26.100000381469727,27.299999237060547,52800,0.0,0.0,0.0
2022-05-24 00:00:00-04:00,26.75,26.75,25.0,26.299999237060547,28200,0.0,0.0,0.0
2022-05-25 00:00:00-04:00,26.049999237060547,27.649999618530273,26.049999237060547,27.209999084472656,29100,0.0,0.0,0.0
2022-05-26 00:00:00-04:00,27.770000457763672,29.75,27.770000457763672,29.600000381469727,66000,0.0,0.0,0.0
2022-05-27 00:00:00-04:00,30.31999969482422,31.520000457763672,30.281999588012695,31.450000762939453,55300,0.0,0.0,0.0
2022-05-31 00:00:00-04:00,30.520000457763672,31.420000076293945,29.899999618530273,30.649999618530273,45300,0.0,0.0,0.0
2022-06-01 00:00:00-04:00,30.51099967956543,30.729999542236328,29.110000610351562,29.899999618530273,31900,0.0,0.0,0.0
2022-06-02 00:00:00-04:00,30.170000076293945,31.790000915527344,30.170000076293945,31.790000915527344,17600,0.0,0.0,0.0
2022-06-03 00:00:00-04:00,30.90999984741211,31.65999984741211,30.709999084472656,31.520000457763672,25600,0.0,0.0,0.0
2022-06-06 00:00:00-04:00,32.380001068115234,32.57600021362305,31.139999389648438,32.22999954223633,16500,0.0,0.0,0.0
2022-06-07 00:00:00-04:00,30.989999771118164,32.349998474121094,29.809999465942383,32.279998779296875,14100,0.0,0.0,0.0
2022-06-08 00:00:00-04:00,31.690000534057617,31.690000534057617,28.239999771118164,28.670000076293945,53800,0.0,0.0,0.0
2022-06-09 00:00:00-04:00,28.510000228881836,28.738000869750977,26.889999389648438,26.920000076293945,25100,0.0,0.0,0.0
2022-06-10 00:00:00-04:00,25.989999771118164,26.06999969482422,24.624000549316406,24.760000228881836,47600,0.0,0.0,0.0
2022-06-13 00:00:00-04:00,23.350000381469727,23.579999923706055,22.040000915527344,22.540000915527344,95300,0.0,0.0,0.0
2022-06-14 00:00:00-04:00,23.6299991607666,24.93899917602539,23.420000076293945,23.979999542236328,31700,0.0,0.0,0.0
2022-06-15 00:00:00-04:00,24.559999465942383,25.84000015258789,23.799999237060547,24.700000762939453,67200,0.0,0.0,0.0
2022-06-16 00:00:00-04:00,22.899999618530273,22.983999252319336,21.649999618530273,22.200000762939453,50600,0.0,0.0,0.0
2022-06-17 00:00:00-04:00,22.09000015258789,22.5,21.3799991607666,21.8799991607666,23600,0.0,0.0,0.0
2022-06-21 00:00:00-04:00,22.799999237060547,23.15999984741211,22.600000381469727,22.799999237060547,32300,0.0,0.0,0.0
2022-06-22 00:00:00-04:00,21.799999237060547,22.788999557495117,21.799999237060547,22.079999923706055,14400,0.0,0.0,0.0
2022-06-23 00:00:00-04:00,22.239999771118164,22.75,21.64699935913086,22.68000030517578,27400,0.0,0.0,0.0
2022-06-24 00:00:00-04:00,23.5,25.770000457763672,23.5,25.290000915527344,72800,0.0,0.0,0.0
2022-06-27 00:00:00-04:00,25.790000915527344,26.07200050354004,25.024999618530273,25.139999389648438,43100,0.0,0.0,0.0
2022-06-28 00:00:00-04:00,26.510000228881836,26.599000930786133,23.81999969482422,23.889999389648438,39500,0.0,0.0,0.0
2022-06-29 00:00:00-04:00,23.860000610351562,23.899999618530273,22.621000289916992,23.559999465942383,33500,0.0,0.0,0.0
2022-06-30 00:00:00-04:00,22.739999771118164,23.674999237060547,21.954999923706055,23.170000076293945,19900,0.0,0.0,0.0
2022-07-01 00:00:00-04:00,22.920000076293945,24.040000915527344,22.469999313354492,23.829999923706055,25800,0.0,0.0,0.0
2022-07-05 00:00:00-04:00,22.920000076293945,23.469999313354492,22.239999771118164,23.469999313354492,26000,0.0,0.0,0.0
2022-07-06 00:00:00-04:00,23.489999771118164,24.0,22.42799949645996,23.399999618530273,14500,0.0,0.0,0.0
2022-07-07 00:00:00-04:00,23.639999389648438,25.006000518798828,23.639999389648438,24.739999771118164,22100,0.0,0.0,0.0
2022-07-08 00:00:00-04:00,24.469999313354492,25.1200008392334,23.694000244140625,24.3700008392334,22400,0.0,0.0,0.0
2022-07-11 00:00:00-04:00,23.610000610351562,24.25,23.43000030517578,23.540000915527344,13700,0.0,0.0,0.0
2022-07-12 00:00:00-04:00,23.190000534057617,24.084999084472656,22.770000457763672,23.18000030517578,21500,0.0,0.0,0.0
2022-07-13 00:00:00-04:00,21.959999084472656,22.68000030517578,21.3799991607666,22.280000686645508,24800,0.0,0.0,0.0
2022-07-14 00:00:00-04:00,21.360000610351562,22.079999923706055,20.989999771118164,22.040000915527344,26600,0.0,0.0,0.0
2022-07-15 00:00:00-04:00,22.700000762939453,23.594999313354492,22.700000762939453,23.299999237060547,25300,0.0,0.0,0.0
2022-07-18 00:00:00-04:00,23.739999771118164,24.665000915527344,23.479999542236328,23.690000534057617,32300,0.0,0.0,0.0
2022-07-19 00:00:00-04:00,24.270999908447266,26.540000915527344,24.25,26.43000030517578,44300,0.0,0.0,0.0
2022-07-20 00:00:00-04:00,26.31999969482422,27.285999298095703,26.1299991607666,27.139999389648438,20900,0.0,0.0,0.0
2022-07-21 00:00:00-04:00,26.840999603271484,26.8799991607666,26.309999465942383,26.790000915527344,23600,0.0,0.0,0.0
2022-07-22 00:00:00-04:00,27.059999465942383,27.26300048828125,25.99799919128418,26.459999084472656,15500,0.0,0.0,0.0
2022-07-25 00:00:00-04:00,26.59000015258789,26.900999069213867,26.34000015258789,26.770000457763672,6700,0.0,0.0,0.0
2022-07-26 00:00:00-04:00,25.59000015258789,26.170000076293945,25.049999237060547,25.350000381469727,22800,0.0,0.0,0.0
2022-07-27 00:00:00-04:00,25.006999969482422,26.974000930786133,24.69099998474121,26.639999389648438,21900,0.0,0.0,0.0
2022-07-28 00:00:00-04:00,26.489999771118164,29.124000549316406,26.489999771118164,29.040000915527344,55300,0.0,0.0,0.0
2022-07-29 00:00:00-04:00,29.190000534057617,31.450000762939453,29.190000534057617,31.18000030517578,77600,0.0,0.0,0.0
2022-08-01 00:00:00-04:00,31.079999923706055,31.959999084472656,30.549999237060547,31.610000610351562,88900,0.0,0.0,0.0
2022-08-02 00:00:00-04:00,31.65999984741211,31.790000915527344,30.3700008392334,31.020000457763672,26700,0.0,0.0,0.0
2022-08-03 00:00:00-04:00,31.5,32.560001373291016,31.5,32.27000045776367,59200,0.0,0.0,0.0
2022-08-04 00:00:00-04:00,32.68000030517578,33.24300003051758,32.45000076293945,33.18000030517578,26300,0.0,0.0,0.0
2022-08-05 00:00:00-04:00,32.459999084472656,33.77000045776367,32.11000061035156,33.720001220703125,25900,0.0,0.0,0.0
2022-08-08 00:00:00-04:00,34.08000183105469,34.880001068115234,33.56999969482422,33.70000076293945,35900,0.0,0.0,0.0
2022-08-09 00:00:00-04:00,33.369998931884766,33.400001525878906,32.5629997253418,32.84000015258789,14600,0.0,0.0,0.0
2022-08-10 00:00:00-04:00,34.29999923706055,36.5,34.29999923706055,36.029998779296875,43300,0.0,0.0,0.0
2022-08-11 00:00:00-04:00,36.77000045776367,37.98500061035156,36.52000045776367,36.7130012512207,41500,0.0,0.0,0.0
2022-08-12 00:00:00-04:00,37.310001373291016,37.439998626708984,36.58100128173828,37.36000061035156,43100,0.0,0.0,0.0
2022-08-15 00:00:00-04:00,36.86000061035156,37.53799819946289,36.790000915527344,37.380001068115234,27600,0.0,0.0,0.0
2022-08-16 00:00:00-04:00,37.400001525878906,38.59199905395508,37.224998474121094,38.099998474121094,48200,0.0,0.0,0.0
2022-08-17 00:00:00-04:00,36.29999923706055,36.77000045776367,35.34000015258789,36.209999084472656,40400,0.0,0.0,0.0
2022-08-18 00:00:00-04:00,36.40999984741211,36.90299987792969,36.0,36.72999954223633,17000,0.0,0.0,0.0
2022-08-19 00:00:00-04:00,36.0,36.0,34.75,34.9900016784668,23300,0.0,0.0,0.0
2022-08-22 00:00:00-04:00,33.38999938964844,33.555999755859375,33.029998779296875,33.41999816894531,57700,0.0,0.0,0.0
2022-08-23 00:00:00-04:00,33.34000015258789,34.084999084472656,33.19200134277344,33.52399826049805,8800,0.0,0.0,0.0
2022-08-24 00:00:00-04:00,33.827999114990234,34.35499954223633,33.75,33.86000061035156,12400,0.0,0.0,0.0
2022-08-25 00:00:00-04:00,34.2400016784668,35.27000045776367,34.22999954223633,35.18000030517578,17500,0.0,0.0,0.0
2022-08-26 00:00:00-04:00,35.099998474121094,35.3849983215332,31.524999618530273,31.6200008392334,47900,0.0,0.0,0.0
2022-08-29 00:00:00-04:00,30.489999771118164,31.492000579833984,30.489999771118164,30.93000030517578,15200,0.0,0.0,0.0
2022-08-30 00:00:00-04:00,31.09000015258789,31.09000015258789,29.329999923706055,29.530000686645508,13600,0.0,0.0,0.0
2022-08-31 00:00:00-04:00,29.850000381469727,30.0,28.860000610351562,28.8700008392334,6800,0.0,0.0,0.0
2022-09-01 00:00:00-04:00,28.200000762939453,29.260000228881836,27.850000381469727,29.219999313354492,59300,0.0,0.0,0.0
2022-09-02 00:00:00-04:00,30.170000076293945,30.280000686645508,28.360000610351562,28.5,15400,0.0,0.0,0.0
2022-09-06 00:00:00-04:00,28.579999923706055,29.110000610351562,27.719999313354492,28.709999084472656,26100,0.0,0.0,0.0
2022-09-07 00:00:00-04:00,28.600000381469727,29.940000534057617,28.40999984741211,29.579999923706055,20500,0.0,0.0,0.0
2022-09-08 00:00:00-04:00,28.920000076293945,29.889999389648438,28.700000762939453,29.81999969482422,12400,0.0,0.0,0.0
2022-09-09 00:00:00-04:00,30.530000686645508,31.6299991607666,30.530000686645508,31.479999542236328,51500,0.0,0.0,0.0
2022-09-12 00:00:00-04:00,31.989999771118164,32.755001068115234,31.969999313354492,32.45000076293945,19000,0.0,0.0,0.0
2022-09-13 00:00:00-04:00,30.479999542236328,30.729999542236328,28.527000427246094,28.829999923706055,30000,0.0,0.0,0.0
2022-09-14 00:00:00-04:00,28.75,28.75,26.985000610351562,28.420000076293945,17900,0.0,0.0,0.0
2022-09-15 00:00:00-04:00,28.420000076293945,29.18000030517578,27.246000289916992,27.420000076293945,15900,0.0,0.0,0.0
2022-09-16 00:00:00-04:00,24.100000381469727,24.420000076293945,23.0,23.90999984741211,49500,0.0,0.0,0.0
2022-09-19 00:00:00-04:00,23.209999084472656,25.229999542236328,23.209999084472656,25.040000915527344,62700,0.0,0.0,0.0
2022-09-20 00:00:00-04:00,24.59000015258789,24.59000015258789,23.09000015258789,23.780000686645508,53400,0.0,0.0,0.0
2022-09-21 00:00:00-04:00,24.100000381469727,24.760000228881836,22.6299991607666,22.6299991607666,47100,0.0,0.0,0.0
2022-09-22 00:00:00-04:00,22.459999084472656,22.459999084472656,20.790000915527344,20.8799991607666,40500,0.0,0.0,0.0
2022-09-23 00:00:00-04:00,20.020000457763672,20.079999923706055,18.649999618530273,19.420000076293945,41300,0.0,0.0,0.0
2022-09-26 00:00:00-04:00,19.079999923706055,19.535999298095703,18.34000015258789,18.549999237060547,32900,0.0,0.0,0.0
2022-09-27 00:00:00-04:00,19.209999084472656,19.579999923706055,18.290000915527344,18.989999771118164,42200,0.0,0.0,0.0
2022-09-28 00:00:00-04:00,19.15999984741211,20.506999969482422,18.934999465942383,20.260000228881836,56300,0.0,0.0,0.0
2022-09-29 00:00:00-04:00,19.700000762939453,19.700000762939453,18.600000381469727,19.200000762939453,19900,0.0,0.0,0.0
2022-09-30 00:00:00-04:00,18.871000289916992,19.256000518798828,18.030000686645508,18.100000381469727,41900,0.0,0.0,0.0
2022-10-03 00:00:00-04:00,18.510000228881836,19.690000534057617,18.110000610351562,19.31999969482422,40800,0.0,0.0,0.0
2022-10-04 00:00:00-04:00,20.479999542236328,21.600000381469727,20.479999542236328,21.56999969482422,58900,0.0,0.0,0.0
2022-10-05 00:00:00-04:00,20.729999542236328,21.389999389648438,20.510000228881836,20.979999542236328,29800,0.0,0.0,0.0
2022-10-06 00:00:00-04:00,20.709999084472656,21.2549991607666,20.489999771118164,20.59000015258789,15700,0.0,0.0,0.0
2022-10-07 00:00:00-04:00,19.899999618530273,19.90999984741211,18.510000228881836,18.75,42300,0.0,0.0,0.0
2022-10-10 00:00:00-04:00,18.950000762939453,19.22100067138672,18.38800048828125,18.719999313354492,22000,0.0,0.0,0.0
2022-10-11 00:00:00-04:00,18.030000686645508,18.774999618530273,17.75,18.100000381469727,16400,0.0,0.0,0.0
2022-10-12 00:00:00-04:00,18.06999969482422,19.030000686645508,18.06999969482422,18.559999465942383,41700,0.0,0.0,0.0
2022-10-13 00:00:00-04:00,17.389999389648438,19.84000015258789,16.709999084472656,19.469999313354492,56200,0.0,0.0,0.0
2022-10-14 00:00:00-04:00,20.25,20.25,18.709999084472656,18.780000686645508,38000,0.0,0.0,0.0
2022-10-17 00:00:00-04:00,19.920000076293945,20.290000915527344,19.62700080871582,20.033000946044922,34700,0.0,0.0,0.0
2022-10-18 00:00:00-04:00,21.299999237060547,21.531999588012695,20.309999465942383,20.950000762939453,62200,0.0,0.0,0.0
2022-10-19 00:00:00-04:00,20.90999984741211,21.128000259399414,19.899999618530273,20.270000457763672,33200,0.0,0.0,0.0
2022-10-20 00:00:00-04:00,19.719999313354492,20.086000442504883,18.329999923706055,18.469999313354492,50400,0.0,0.0,0.0
2022-10-21 00:00:00-04:00,18.3700008392334,19.621000289916992,18.239999771118164,19.530000686645508,24600,0.0,0.0,0.0
2022-10-24 00:00:00-04:00,19.979999542236328,20.760000228881836,19.84600067138672,20.540000915527344,59000,0.0,0.0,0.0
2022-10-25 00:00:00-04:00,20.93000030517578,21.600000381469727,20.93000030517578,21.3799991607666,49900,0.0,0.0,0.0
2022-10-26 00:00:00-04:00,21.579999923706055,22.540000915527344,21.290000915527344,21.809999465942383,54700,0.0,0.0,0.0
2022-10-27 00:00:00-04:00,22.489999771118164,22.7450008392334,21.424999237060547,21.530000686645508,24200,0.0,0.0,0.0
2022-10-28 00:00:00-04:00,21.770999908447266,22.309999465942383,20.950000762939453,22.309999465942383,31400,0.0,0.0,0.0
2022-10-31 00:00:00-04:00,21.950000762939453,22.84000015258789,21.799999237060547,22.110000610351562,12800,0.0,0.0,0.0
2022-11-01 00:00:00-04:00,22.850000381469727,22.959999084472656,21.950000762939453,22.485000610351562,20700,0.0,0.0,0.0
2022-11-02 00:00:00-04:00,22.139999389648438,23.0,20.5,20.5,36800,0.0,0.0,0.0
2022-11-03 00:00:00-04:00,19.860000610351562,21.209999084472656,19.35099983215332,20.656999588012695,15000,0.0,0.0,0.0
2022-11-04 00:00:00-04:00,21.549999237060547,21.815000534057617,20.770000457763672,21.709999084472656,18900,0.0,0.0,0.0
2022-11-07 00:00:00-05:00,22.200000762939453,22.684999465942383,21.698999404907227,22.56999969482422,32200,0.0,0.0,0.0
2022-11-08 00:00:00-05:00,22.719999313354492,23.479000091552734,22.360000610351562,23.010000228881836,33800,0.0,0.0,0.0
2022-11-09 00:00:00-05:00,22.610000610351562,22.930999755859375,21.716999053955078,21.799999237060547,16600,0.0,0.0,0.0
2022-11-10 00:00:00-05:00,24.381000518798828,25.719999313354492,24.165000915527344,25.59000015258789,52300,0.0,0.0,0.0
2022-11-11 00:00:00-05:00,26.290000915527344,27.799999237060547,26.06999969482422,27.479999542236328,67900,0.0,0.0,0.0
2022-11-14 00:00:00-05:00,27.18000030517578,28.469999313354492,27.0,27.170000076293945,36700,0.0,0.0,0.0
2022-11-15 00:00:00-05:00,28.84000015258789,28.84000015258789,26.90999984741211,27.649999618530273,27800,0.0,0.0,0.0
2022-11-16 00:00:00-05:00,27.190000534057617,27.19700050354004,25.68000030517578,25.93000030517578,46400,0.0,0.0,0.0
2022-11-17 00:00:00-05:00,24.940000534057617,25.15999984741211,23.84000015258789,25.15999984741211,38300,0.0,0.0,0.0
2022-11-18 00:00:00-05:00,26.40999984741211,26.40999984741211,25.290000915527344,25.790000915527344,22500,0.0,0.0,0.0
2022-11-21 00:00:00-05:00,25.290000915527344,26.0,25.290000915527344,25.920000076293945,11700,0.0,0.0,0.0
2022-11-22 00:00:00-05:00,26.459999084472656,26.729999542236328,26.05699920654297,26.290000915527344,14500,0.0,0.0,0.0
2022-11-23 00:00:00-05:00,26.329999923706055,26.81999969482422,26.329999923706055,26.56999969482422,11400,0.0,0.0,0.0
2022-11-25 00:00:00-05:00,26.600000381469727,27.219999313354492,26.600000381469727,26.825000762939453,13000,0.0,0.0,0.0
2022-11-28 00:00:00-05:00,26.270000457763672,26.44300079345703,25.020999908447266,25.299999237060547,25300,0.0,0.0,0.0
2022-11-29 00:00:00-05:00,25.65999984741211,26.6200008392334,25.34000015258789,26.55299949645996,14500,0.0,0.0,0.0
2022-11-30 00:00:00-05:00,26.145000457763672,28.489999771118164,25.985000610351562,28.440000534057617,61300,0.0,0.0,0.0
2022-12-01 00:00:00-05:00,28.950000762939453,28.950000762939453,27.6200008392334,28.1299991607666,12500,0.0,0.0,0.0
2022-12-02 00:00:00-05:00,26.440000534057617,28.18000030517578,26.440000534057617,27.780000686645508,40000,0.0,0.0,0.0
2022-12-05 00:00:00-05:00,27.510000228881836,27.510000228881836,25.530000686645508,25.6299991607666,14900,0.0,0.0,0.0
2022-12-06 00:00:00-05:00,25.59000015258789,25.59000015258789,24.040000915527344,24.799999237060547,22200,0.0,0.0,0.0
2022-12-07 00:00:00-05:00,24.809999465942383,24.899999618530273,24.020000457763672,24.020000457763672,11000,0.0,0.0,0.0
2022-12-08 00:00:00-05:00,24.1299991607666,25.200000762939453,24.1299991607666,24.540000915527344,22200,0.0,0.0,0.0
2022-12-09 00:00:00-05:00,24.299999237060547,24.600000381469727,24.152999877929688,24.290000915527344,20600,0.0,0.0,0.0
2022-12-12 00:00:00-05:00,24.600000381469727,26.30500030517578,24.510000228881836,26.170000076293945,22900,0.0,0.0,0.0
2022-12-13 00:00:00-05:00,28.350000381469727,28.799999237060547,25.75,26.170000076293945,26400,0.0,0.0,0.0
2022-12-14 00:00:00-05:00,25.84000015258789,27.299999237060547,25.84000015258789,26.489999771118164,26100,0.0,0.0,0.0
2022-12-15 00:00:00-05:00,25.25,25.329999923706055,23.979999542236328,24.260000228881836,25100,0.0,0.0,0.0
2022-12-16 00:00:00-05:00,23.59000015258789,23.96500015258789,23.1200008392334,23.639999389648438,17700,0.0,0.0,0.0
2022-12-19 00:00:00-05:00,23.479999542236328,23.540000915527344,22.219999313354492,22.65999984741211,20300,0.0,0.0,0.0
2022-12-20 00:00:00-05:00,22.5,22.5,21.649999618530273,21.709999084472656,11600,0.0,0.0,0.0
2022-12-21 00:00:00-05:00,22.469999313354492,23.040000915527344,22.31999969482422,22.809999465942383,18800,0.0,0.0,0.0
2022-12-22 00:00:00-05:00,22.20400047302246,22.219999313354492,21.100000381469727,22.219999313354492,26500,0.0,0.0,0.0
2022-12-23 00:00:00-05:00,22.25,22.729999542236328,22.0,22.649999618530273,10700,0.0,0.0,0.0
2022-12-27 00:00:00-05:00,22.110000610351562,22.700000762939453,22.08099937438965,22.440000534057617,6000,0.0,0.0,0.0
2022-12-28 00:00:00-05:00,22.3799991607666,22.573999404907227,21.149999618530273,21.170000076293945,15300,0.0,0.0,0.0
2022-12-29 00:00:00-05:00,21.503999710083008,22.489999771118164,21.503999710083008,22.15999984741211,13100,0.0,0.0,0.0
2022-12-30 00:00:00-05:00,21.68000030517578,21.940000534057617,21.030000686645508,21.608999252319336,19000,0.0,0.0,0.0
2023-01-03 00:00:00-05:00,22.270000457763672,22.270000457763672,21.299999237060547,21.709999084472656,7100,0.0,0.0,0.0
2023-01-04 00:00:00-05:00,22.420000076293945,23.149999618530273,22.280000686645508,22.979999542236328,18100,0.0,0.0,0.0
2023-01-05 00:00:00-05:00,22.290000915527344,22.540000915527344,21.985000610351562,22.040000915527344,12700,0.0,0.0,0.0
2023-01-06 00:00:00-05:00,22.68899917602539,24.489999771118164,22.579999923706055,24.450000762939453,54000,0.0,0.0,0.0
2023-01-09 00:00:00-05:00,24.940000534057617,26.23900032043457,24.68000030517578,25.309999465942383,40200,0.0,0.0,0.0
2023-01-10 00:00:00-05:00,25.020000457763672,25.600000381469727,24.5,25.600000381469727,29100,0.0,0.0,0.0
2023-01-11 00:00:00-05:00,25.979999542236328,26.600000381469727,25.920000076293945,26.549999237060547,23400,0.0,0.0,0.0
2023-01-12 00:00:00-05:00,26.940000534057617,27.645000457763672,26.520000457763672,27.434999465942383,41000,0.0,0.0,0.0
2023-01-13 00:00:00-05:00,27.030000686645508,27.170000076293945,26.290000915527344,27.1299991607666,16200,0.0,0.0,0.0
2023-01-17 00:00:00-05:00,27.190000534057617,27.322999954223633,26.75,26.850000381469727,7400,0.0,0.0,0.0
2023-01-18 00:00:00-05:00,27.350000381469727,28.23900032043457,26.170000076293945,26.170000076293945,29300,0.0,0.0,0.0
2023-01-19 00:00:00-05:00,25.5,25.809999465942383,24.781999588012695,25.229999542236328,16100,0.0,0.0,0.0
2023-01-20 00:00:00-05:00,25.25,26.540000915527344,25.18000030517578,26.520000457763672,18900,0.0,0.0,0.0
2023-01-23 00:00:00-05:00,26.639999389648438,27.899999618530273,26.639999389648438,27.440000534057617,13100,0.0,0.0,0.0
2023-01-24 00:00:00-05:00,26.979999542236328,27.1299991607666,26.1200008392334,26.5,9600,0.0,0.0,0.0
2023-01-25 00:00:00-05:00,26.350000381469727,26.350000381469727,24.707000732421875,25.90999984741211,22900,0.0,0.0,0.0
2023-01-26 00:00:00-05:00,25.899999618530273,25.940000534057617,24.469999313354492,25.770000457763672,31800,0.0,0.0,0.0
2023-01-27 00:00:00-05:00,25.389999389648438,26.993000030517578,25.389999389648438,26.40999984741211,27600,0.0,0.0,0.0
2023-01-30 00:00:00-05:00,25.510000228881836,26.40999984741211,24.739999771118164,24.899999618530273,15500,0.0,0.0,0.0
2023-01-31 00:00:00-05:00,25.110000610351562,27.270000457763672,25.110000610351562,27.270000457763672,30400,0.0,0.0,0.0
2023-02-01 00:00:00-05:00,27.360000610351562,29.739999771118164,27.110000610351562,29.309999465942383,49300,0.0,0.0,0.0
2023-02-02 00:00:00-05:00,30.079999923706055,32.91999816894531,29.8799991607666,31.799999237060547,59900,0.0,0.0,0.0
2023-02-03 00:00:00-05:00,30.360000610351562,31.799999237060547,30.360000610351562,31.15999984741211,25900,0.0,0.0,0.0
2023-02-06 00:00:00-05:00,30.489999771118164,30.670000076293945,30.0,30.34000015258789,11600,0.0,0.0,0.0
2023-02-07 00:00:00-05:00,29.940000534057617,31.170000076293945,29.520000457763672,30.88800048828125,18300,0.0,0.0,0.0
2023-02-08 00:00:00-05:00,30.798999786376953,30.979999542236328,30.1299991607666,30.459999084472656,9300,0.0,0.0,0.0
2023-02-09 00:00:00-05:00,30.68000030517578,30.68000030517578,28.295000076293945,28.510000228881836,26900,0.0,0.0,0.0
2023-02-10 00:00:00-05:00,27.809999465942383,28.114999771118164,27.260000228881836,27.920000076293945,23800,0.0,0.0,0.0
2023-02-13 00:00:00-05:00,27.58799934387207,28.59000015258789,27.58799934387207,28.489999771118164,9700,0.0,0.0,0.0
2023-02-14 00:00:00-05:00,28.06999969482422,29.049999237060547,27.700000762939453,28.899999618530273,27000,0.0,0.0,0.0
2023-02-15 00:00:00-05:00,28.920000076293945,29.229999542236328,28.0,29.229999542236328,9200,0.0,0.0,0.0
2023-02-16 00:00:00-05:00,28.0,28.780000686645508,27.6299991607666,28.100000381469727,14200,0.0,0.0,0.0
2023-02-17 00:00:00-05:00,27.604999542236328,27.899999618530273,27.308000564575195,27.790000915527344,12100,0.0,0.0,0.0
2023-02-21 00:00:00-05:00,26.93000030517578,26.93000030517578,25.31999969482422,25.31999969482422,20700,0.0,0.0,0.0
2023-02-22 00:00:00-05:00,25.530000686645508,25.540000915527344,24.549999237060547,24.81999969482422,10800,0.0,0.0,0.0
2023-02-23 00:00:00-05:00,25.516000747680664,25.985000610351562,24.933000564575195,25.780000686645508,10200,0.0,0.0,0.0
2023-02-24 00:00:00-05:00,24.572999954223633,25.450000762939453,24.40999984741211,25.290000915527344,17200,0.0,0.0,0.0
2023-02-27 00:00:00-05:00,26.90999984741211,27.621000289916992,26.899999618530273,27.0,28100,0.0,0.0,0.0
2023-02-28 00:00:00-05:00,26.790000915527344,27.371999740600586,26.58300018310547,26.58300018310547,6700,0.0,0.0,0.0
2023-03-01 00:00:00-05:00,26.3700008392334,27.291000366210938,26.280000686645508,26.799999237060547,10000,0.0,0.0,0.0
2023-03-02 00:00:00-05:00,25.959999084472656,28.18000030517578,25.959999084472656,28.02899932861328,17400,0.0,0.0,0.0
2023-03-03 00:00:00-05:00,28.40999984741211,28.525999069213867,27.847000122070312,28.40999984741211,16000,0.0,0.0,0.0
2023-03-06 00:00:00-05:00,28.479999542236328,28.84600067138672,27.635000228881836,27.639999389648438,8500,0.0,0.0,0.0
2023-03-07 00:00:00-05:00,27.719999313354492,27.719999313354492,26.799999237060547,26.861000061035156,14100,0.0,0.0,0.0
2023-03-08 00:00:00-05:00,26.68000030517578,27.329999923706055,26.610000610351562,27.329999923706055,9000,0.0,0.0,0.0
2023-03-09 00:00:00-05:00,27.729999542236328,27.94300079345703,25.59000015258789,25.610000610351562,18400,0.0,0.0,0.0
2023-03-10 00:00:00-05:00,25.079999923706055,25.860000610351562,23.809999465942383,24.009000778198242,26100,0.0,0.0,0.0
2023-03-13 00:00:00-04:00,23.0,23.610000610351562,22.3700008392334,23.030000686645508,20000,0.0,0.0,0.0
2023-03-14 00:00:00-04:00,23.920000076293945,24.375,22.280000686645508,23.040000915527344,28000,0.0,0.0,0.0
2023-03-15 00:00:00-04:00,22.100000381469727,22.190000534057617,21.350000381469727,22.170000076293945,34100,0.0,0.0,0.0
2023-03-16 00:00:00-04:00,21.510000228881836,23.25,21.510000228881836,23.18000030517578,20600,0.0,0.0,0.0
2023-03-17 00:00:00-04:00,23.280000686645508,23.454999923706055,22.0,22.34000015258789,11500,0.0,0.0,0.0
2023-03-20 00:00:00-04:00,22.299999237060547,22.559999465942383,21.920000076293945,22.08799934387207,26100,0.0,0.0,0.0
2023-03-21 00:00:00-04:00,22.510000228881836,23.239999771118164,22.510000228881836,22.989999771118164,22100,0.0,0.0,0.0
2023-03-22 00:00:00-04:00,23.100000381469727,23.323999404907227,21.540000915527344,21.540000915527344,12000,0.0,0.0,0.0
2023-03-23 00:00:00-04:00,22.030000686645508,22.489999771118164,20.799999237060547,21.166000366210938,16600,0.0,0.0,0.0
2023-03-24 00:00:00-04:00,20.649999618530273,21.290000915527344,20.277999877929688,21.290000915527344,13700,0.0,0.0,0.0
2023-03-27 00:00:00-04:00,21.510000228881836,22.229999542236328,21.510000228881836,22.04599952697754,10100,0.0,0.0,0.0
2023-03-28 00:00:00-04:00,22.040000915527344,22.59000015258789,22.040000915527344,22.31999969482422,9200,0.0,0.0,0.0
2023-03-29 00:00:00-04:00,23.110000610351562,23.280000686645508,22.756000518798828,23.261999130249023,19600,0.0,0.0,0.0
2023-03-30 00:00:00-04:00,23.610000610351562,24.009000778198242,23.219999313354492,23.56999969482422,20300,0.0,0.0,0.0
2023-03-31 00:00:00-04:00,23.891000747680664,24.799999237060547,23.697999954223633,24.799999237060547,18300,0.0,0.0,0.0
2023-04-03 00:00:00-04:00,24.559999465942383,24.559999465942383,23.65999984741211,24.09000015258789,27600,0.0,0.0,0.0
2023-04-04 00:00:00-04:00,24.079999923706055,24.100000381469727,22.770000457763672,23.049999237060547,19600,0.0,0.0,0.0
2023-04-05 00:00:00-04:00,22.670000076293945,22.9950008392334,22.177000045776367,22.524999618530273,5600,0.0,0.0,0.0
2023-04-06 00:00:00-04:00,22.25,22.966999053955078,22.16200065612793,22.809999465942383,5800,0.0,0.0,0.0
2023-04-10 00:00:00-04:00,22.979999542236328,23.573999404907227,22.969999313354492,23.573999404907227,10400,0.0,0.0,0.0
2023-04-11 00:00:00-04:00,23.979999542236328,24.5,23.858999252319336,24.263999938964844,19400,0.0,0.0,0.0
2023-04-12 00:00:00-04:00,24.56999969482422,24.780000686645508,23.219999313354492,23.3799991607666,12500,0.0,0.0,0.0
2023-04-13 00:00:00-04:00,23.43000030517578,23.770000457763672,22.895999908447266,23.490999221801758,9500,0.0,0.0,0.0
2023-04-14 00:00:00-04:00,23.976999282836914,24.054000854492188,23.260000228881836,23.780000686645508,6500,0.0,0.0,0.0
2023-04-17 00:00:00-04:00,24.1200008392334,24.299999237060547,23.8799991607666,24.260000228881836,8700,0.0,0.0,0.0
2023-04-18 00:00:00-04:00,24.47599983215332,24.93000030517578,24.239999771118164,24.38599967956543,10600,0.0,0.0,0.0
2023-04-19 00:00:00-04:00,24.15999984741211,25.18000030517578,24.15999984741211,25.135000228881836,17400,0.0,0.0,0.0
2023-04-20 00:00:00-04:00,24.90999984741211,25.742000579833984,24.81999969482422,25.010000228881836,21200,0.0,0.0,0.0
2023-04-21 00:00:00-04:00,24.961000442504883,25.059999465942383,24.1299991607666,24.714000701904297,15900,0.0,0.0,0.0
2023-04-24 00:00:00-04:00,24.43000030517578,25.15999984741211,24.43000030517578,24.836999893188477,10300,0.0,0.0,0.0
2023-04-25 00:00:00-04:00,23.739999771118164,23.739999771118164,21.700000762939453,21.700000762939453,43600,0.0,0.0,0.0
2023-04-26 00:00:00-04:00,21.260000228881836,21.299999237060547,19.90999984741211,20.469999313354492,52500,0.0,0.0,0.0
2023-04-27 00:00:00-04:00,20.3799991607666,21.304000854492188,20.18000030517578,21.170000076293945,40600,0.0,0.0,0.0
2023-04-28 00:00:00-04:00,21.489999771118164,22.753000259399414,21.43000030517578,22.472000122070312,41100,0.0,0.0,0.0
2023-05-01 00:00:00-04:00,22.6299991607666,23.780000686645508,22.6299991607666,23.610000610351562,52700,0.0,0.0,0.0
2023-05-02 00:00:00-04:00,23.5,23.559999465942383,22.540000915527344,23.488000869750977,13200,0.0,0.0,0.0
2023-05-03 00:00:00-04:00,23.360000610351562,24.600000381469727,23.25,23.722000122070312,92400,0.0,0.0,0.0
2023-05-04 00:00:00-04:00,23.360000610351562,23.386999130249023,22.329999923706055,22.90999984741211,18300,0.0,0.0,0.0
2023-05-05 00:00:00-04:00,23.700000762939453,24.3799991607666,23.582000732421875,24.06399917602539,11900,0.0,0.0,0.0
2023-05-08 00:00:00-04:00,24.459999084472656,24.459999084472656,23.899999618530273,24.003999710083008,4800,0.0,0.0,0.0
2023-05-09 00:00:00-04:00,23.440000534057617,23.927000045776367,23.260000228881836,23.695999145507812,5400,0.0,0.0,0.0
2023-05-10 00:00:00-04:00,24.239999771118164,24.239999771118164,22.729999542236328,23.437999725341797,11300,0.0,0.0,0.0
2023-05-11 00:00:00-04:00,23.0,23.040000915527344,22.770000457763672,23.0,9100,0.0,0.0,0.0
2023-05-12 00:00:00-04:00,23.139999389648438,23.385000228881836,22.399999618530273,22.87700080871582,11100,0.0,0.0,0.0
2023-05-15 00:00:00-04:00,22.709999084472656,23.319000244140625,22.489999771118164,23.149999618530273,7700,0.0,0.0,0.0
2023-05-16 00:00:00-04:00,22.621000289916992,22.639999389648438,22.257999420166016,22.257999420166016,10600,0.0,0.0,0.0
2023-05-17 00:00:00-04:00,22.510000228881836,23.777999877929688,22.510000228881836,23.739999771118164,12700,0.0,0.0,0.0
2023-05-18 00:00:00-04:00,23.790000915527344,24.440000534057617,23.4950008392334,24.270000457763672,12200,0.0,0.0,0.0
2023-05-19 00:00:00-04:00,24.31999969482422,24.31999969482422,23.405000686645508,23.916000366210938,8300,0.0,0.0,0.0
2023-05-22 00:00:00-04:00,24.049999237060547,24.489999771118164,23.481000900268555,23.850000381469727,9900,0.0,0.0,0.0
2023-05-23 00:00:00-04:00,23.81999969482422,24.149999618530273,23.406999588012695,23.406999588012695,8300,0.0,0.0,0.0
2023-05-24 00:00:00-04:00,23.010000228881836,23.010000228881836,21.900999069213867,22.209999084472656,42100,0.0,0.0,0.0
2023-05-25 00:00:00-04:00,22.639999389648438,23.219999313354492,22.3700008392334,23.05699920654297,15400,0.0,0.0,0.0
2023-05-26 00:00:00-04:00,22.940000534057617,23.59000015258789,22.940000534057617,23.17099952697754,22100,0.0,0.0,0.0
2023-05-30 00:00:00-04:00,23.200000762939453,23.600000381469727,23.010000228881836,23.270000457763672,27300,0.0,0.0,0.0
2023-05-31 00:00:00-04:00,22.959999084472656,22.959999084472656,22.045000076293945,22.420000076293945,18300,0.0,0.0,0.0
2023-06-01 00:00:00-04:00,22.601999282836914,23.117000579833984,22.209999084472656,23.093000411987305,13100,0.0,0.0,0.0
2023-06-02 00:00:00-04:00,23.799999237060547,24.983999252319336,23.770000457763672,24.56999969482422,29400,0.0,0.0,0.0
2023-06-05 00:00:00-04:00,24.270000457763672,24.459999084472656,23.920000076293945,24.18000030517578,8500,0.0,0.0,0.0
2023-06-06 00:00:00-04:00,23.81999969482422,24.420000076293945,23.440000534057617,24.2549991607666,10700,0.0,0.0,0.0
2023-06-07 00:00:00-04:00,24.246000289916992,25.43000030517578,24.246000289916992,25.31999969482422,47700,0.0,0.0,0.0
2023-06-08 00:00:00-04:00,25.527000427246094,25.8700008392334,24.676000595092773,25.60300064086914,28500,0.0,0.0,0.0
2023-06-09 00:00:00-04:00,25.59000015258789,25.690000534057617,24.90999984741211,25.209999084472656,27700,0.0,0.0,0.0
2023-06-12 00:00:00-04:00,25.670000076293945,25.8799991607666,25.15999984741211,25.84000015258789,52600,0.0,0.0,0.0
2023-06-13 00:00:00-04:00,25.809999465942383,26.58300018310547,25.55500030517578,26.5,43400,0.0,0.0,0.0
2023-06-14 00:00:00-04:00,26.709999084472656,27.889999389648438,26.709999084472656,27.489999771118164,52500,0.0,0.0,0.0
2023-06-15 00:00:00-04:00,27.5,29.268999099731445,27.5,29.200000762939453,57600,0.0,0.0,0.0
2023-06-16 00:00:00-04:00,29.350000381469727,29.381999969482422,28.440000534057617,28.780000686645508,35100,0.0,0.0,0.0
2023-06-20 00:00:00-04:00,28.1200008392334,28.312999725341797,27.5,27.639999389648438,36300,0.0,0.0,0.0
2023-06-21 00:00:00-04:00,27.1200008392334,27.68199920654297,26.920000076293945,27.6299991607666,17600,0.0,0.0,0.0
2023-06-22 00:00:00-04:00,27.639999389648438,27.9950008392334,27.469999313354492,27.600000381469727,7800,0.0,0.0,0.0
2023-06-23 00:00:00-04:00,26.670000076293945,27.25,26.613000869750977,26.84000015258789,19000,0.0,0.0,0.0
2023-06-26 00:00:00-04:00,27.492000579833984,28.329999923706055,27.492000579833984,27.940000534057617,15500,0.0,0.0,0.0
2023-06-27 00:00:00-04:00,28.079999923706055,29.979999542236328,28.079999923706055,29.729999542236328,62200,0.0,0.0,0.0
2023-06-28 00:00:00-04:00,29.8799991607666,30.639999389648438,29.649999618530273,30.510000228881836,54900,0.0,0.0,0.0
2023-06-29 00:00:00-04:00,30.739999771118164,30.780000686645508,30.059999465942383,30.489999771118164,52000,0.0,0.0,0.0
2023-06-30 00:00:00-04:00,31.020000457763672,31.25,30.200000762939453,31.0,29800,0.0,0.0,0.0
2023-07-03 00:00:00-04:00,31.0,32.15800094604492,30.559999465942383,31.940000534057617,25600,0.0,0.0,0.0
2023-07-05 00:00:00-04:00,31.729999542236328,31.729999542236328,31.09000015258789,31.350000381469727,39200,0.0,0.0,0.0
2023-07-06 00:00:00-04:00,30.280000686645508,30.559999465942383,29.549999237060547,30.18000030517578,40200,0.0,0.0,0.0
2023-07-07 00:00:00-04:00,29.040000915527344,31.790000915527344,29.040000915527344,31.040000915527344,30400,0.0,0.0,0.0
2023-07-10 00:00:00-04:00,31.1299991607666,31.920000076293945,31.1299991607666,31.889999389648438,12500,0.0,0.0,0.0
2023-07-11 00:00:00-04:00,31.989999771118164,33.54999923706055,31.952999114990234,33.380001068115234,38000,0.0,0.0,0.0
2023-07-12 00:00:00-04:00,34.209999084472656,34.321998596191406,33.28499984741211,33.417999267578125,26800,0.0,0.0,0.0
2023-07-13 00:00:00-04:00,34.040000915527344,34.11000061035156,33.25,33.5,41900,0.0,0.0,0.0
2023-07-14 00:00:00-04:00,33.369998931884766,33.435001373291016,32.345001220703125,32.689998626708984,51200,0.0,0.0,0.0
2023-07-17 00:00:00-04:00,32.2400016784668,32.82600021362305,32.040000915527344,32.5099983215332,39000,0.0,0.0,0.0
2023-07-18 00:00:00-04:00,32.47999954223633,34.678001403808594,32.47999954223633,34.56999969482422,39400,0.0,0.0,0.0
2023-07-19 00:00:00-04:00,34.77000045776367,35.48699951171875,34.619998931884766,35.349998474121094,25500,0.0,0.0,0.0
2023-07-20 00:00:00-04:00,35.33000183105469,36.03300094604492,34.75,35.38999938964844,32400,0.0,0.0,0.0
2023-07-21 00:00:00-04:00,35.2599983215332,35.70000076293945,34.5,35.310001373291016,27900,0.0,0.0,0.0
2023-07-24 00:00:00-04:00,34.90999984741211,35.83000183105469,34.18000030517578,35.18000030517578,33500,0.0,0.0,0.0
2023-07-25 00:00:00-04:00,34.869998931884766,35.099998474121094,33.29999923706055,34.36000061035156,25000,0.0,0.0,0.0
2023-07-26 00:00:00-04:00,35.279998779296875,37.189998626708984,35.279998779296875,37.189998626708984,92900,0.0,0.0,0.0
2023-07-27 00:00:00-04:00,36.880001068115234,36.880001068115234,35.33000183105469,35.59000015258789,42700,0.0,0.0,0.0
2023-07-28 00:00:00-04:00,36.63999938964844,37.45500183105469,36.20500183105469,37.209999084472656,26400,0.0,0.0,0.0
2023-07-31 00:00:00-04:00,37.2400016784668,37.709999084472656,36.91999816894531,37.38999938964844,13500,0.0,0.0,0.0
2023-08-01 00:00:00-04:00,37.279998779296875,37.279998779296875,34.709999084472656,35.7400016784668,16800,0.0,0.0,0.0
2023-08-02 00:00:00-04:00,34.7400016784668,35.625,34.5,34.83000183105469,26300,0.0,0.0,0.0
2023-08-03 00:00:00-04:00,34.060001373291016,34.970001220703125,33.81999969482422,34.11800003051758,26700,0.0,0.0,0.0
2023-08-04 00:00:00-04:00,34.72999954223633,34.7400016784668,33.31999969482422,33.54999923706055,26000,0.0,0.0,0.0
2023-08-07 00:00:00-04:00,34.060001373291016,34.41999816894531,33.595001220703125,34.11000061035156,27700,0.0,0.0,0.0
2023-08-08 00:00:00-04:00,33.25,33.709999084472656,32.582000732421875,33.709999084472656,21600,0.0,0.0,0.0
2023-08-09 00:00:00-04:00,33.5099983215332,33.5099983215332,32.529998779296875,32.755001068115234,14800,0.0,0.0,0.0
2023-08-10 00:00:00-04:00,32.810001373291016,33.90599822998047,32.801998138427734,33.0,21600,0.0,0.0,0.0
2023-08-11 00:00:00-04:00,32.54999923706055,32.54999923706055,31.809999465942383,32.310001373291016,10800,0.0,0.0,0.0
2023-08-14 00:00:00-04:00,32.34000015258789,32.604000091552734,31.440000534057617,32.5099983215332,19100,0.0,0.0,0.0
2023-08-15 00:00:00-04:00,31.899999618530273,31.899999618530273,30.8700008392334,31.010000228881836,18100,0.0,0.0,0.0
2023-08-16 00:00:00-04:00,30.75,31.679000854492188,29.899999618530273,30.04800033569336,40800,0.0,0.0,0.0
2023-08-17 00:00:00-04:00,30.09000015258789,30.173999786376953,29.329999923706055,29.329999923706055,8500,0.0,0.0,0.0
2023-08-18 00:00:00-04:00,29.12700080871582,30.020000457763672,28.90999984741211,29.690000534057617,12500,0.0,0.0,0.0
2023-08-21 00:00:00-04:00,30.139999389648438,30.139999389648438,29.020000457763672,29.479999542236328,12000,0.0,0.0,0.0
2023-08-22 00:00:00-04:00,29.329999923706055,29.329999923706055,28.579999923706055,28.860000610351562,12800,0.0,0.0,0.0
2023-08-23 00:00:00-04:00,28.8700008392334,29.760000228881836,28.729999542236328,29.6200008392334,16100,0.0,0.0,0.0
2023-08-24 00:00:00-04:00,29.690000534057617,29.690000534057617,28.922000885009766,28.922000885009766,13500,0.0,0.0,0.0
2023-08-25 00:00:00-04:00,29.040000915527344,29.274999618530273,27.979999542236328,28.799999237060547,18700,0.0,0.0,0.0
2023-08-28 00:00:00-04:00,28.81999969482422,30.04599952697754,28.81999969482422,29.1299991607666,12400,0.0,0.0,0.0
2023-08-29 00:00:00-04:00,29.1299991607666,30.388999938964844,29.1299991607666,30.280000686645508,10900,0.0,0.0,0.0
2023-08-30 00:00:00-04:00,30.510000228881836,31.020000457763672,30.350000381469727,30.850000381469727,20500,0.0,0.0,0.0
2023-08-31 00:00:00-04:00,30.5,30.90999984741211,30.200000762939453,30.200000762939453,36300,0.0,0.0,0.0
2023-09-01 00:00:00-04:00,30.600000381469727,30.753000259399414,29.93000030517578,30.299999237060547,15700,0.0,0.0,0.0
2023-09-05 00:00:00-04:00,30.190000534057617,30.190000534057617,28.290000915527344,28.3700008392334,13900,0.0,0.0,0.0
2023-09-06 00:00:00-04:00,28.775999069213867,28.780000686645508,27.2450008392334,27.520000457763672,11000,0.0,0.0,0.0
2023-09-07 00:00:00-04:00,27.200000762939453,27.559999465942383,26.950000762939453,27.260000228881836,34300,0.0,0.0,0.0
2023-09-08 00:00:00-04:00,27.34000015258789,27.350000381469727,26.80900001525879,27.09000015258789,6300,0.0,0.0,0.0
2023-09-11 00:00:00-04:00,27.530000686645508,27.834999084472656,27.219999313354492,27.739999771118164,16800,0.0,0.0,0.0
2023-09-12 00:00:00-04:00,27.139999389648438,27.77400016784668,26.829999923706055,27.15999984741211,12800,0.0,0.0,0.0
2023-09-13 00:00:00-04:00,26.93000030517578,27.350000381469727,26.350000381469727,26.8799991607666,19300,0.0,0.0,0.0
2023-09-14 00:00:00-04:00,27.59000015258789,28.0,27.010000228881836,27.677000045776367,17100,0.0,0.0,0.0
2023-09-15 00:00:00-04:00,27.18000030517578,27.55299949645996,26.889999389648438,27.34000015258789,17200,0.0,0.0,0.0
2023-09-18 00:00:00-04:00,27.100000381469727,27.19499969482422,26.5,26.520000457763672,7300,0.0,0.0,0.0
2023-09-19 00:00:00-04:00,26.350000381469727,26.492000579833984,25.610000610351562,26.34000015258789,18200,0.0,0.0,0.0
2023-09-20 00:00:00-04:00,26.549999237060547,26.940000534057617,26.010000228881836,26.020000457763672,15700,0.0,0.0,0.0
2023-09-21 00:00:00-04:00,25.559999465942383,25.559999465942383,24.969999313354492,24.969999313354492,20800,0.0,0.0,0.0
2023-09-22 00:00:00-04:00,25.079999923706055,25.33799934387207,24.3700008392334,24.420000076293945,5700,0.0,0.0,0.0
2023-09-25 00:00:00-04:00,24.059999465942383,24.985000610351562,24.059999465942383,24.809999465942383,11300,0.0,0.0,0.0
2023-09-26 00:00:00-04:00,24.200000762939453,24.25,23.5,23.540000915527344,14900,0.0,0.0,0.0
2023-09-27 00:00:00-04:00,23.829999923706055,23.864999771118164,22.989999771118164,23.540000915527344,16000,0.0,0.0,0.0
2023-09-28 00:00:00-04:00,23.774999618530273,24.89699935913086,23.6299991607666,24.540000915527344,17200,0.0,0.0,0.0
2023-09-29 00:00:00-04:00,25.139999389648438,25.170000076293945,24.399999618530273,24.510000228881836,10800,0.0,0.0,0.0
2023-10-02 00:00:00-04:00,24.09000015258789,24.09000015258789,23.381999969482422,23.826000213623047,11200,0.0,0.0,0.0
2023-10-03 00:00:00-04:00,23.59600067138672,24.15999984741211,22.948999404907227,23.110000610351562,14900,0.0,0.0,0.0
2023-10-04 00:00:00-04:00,23.260000228881836,23.6200008392334,22.770999908447266,23.503000259399414,20200,0.0,0.0,0.0
2023-10-05 00:00:00-04:00,23.014999389648438,23.25,22.670000076293945,23.1299991607666,8400,0.0,0.0,0.0
2023-10-06 00:00:00-04:00,22.809999465942383,24.275999069213867,22.700000762939453,23.834999084472656,21600,0.0,0.0,0.0
2023-10-09 00:00:00-04:00,23.209999084472656,24.040000915527344,22.899999618530273,23.860000610351562,8100,0.0,0.0,0.0
2023-10-10 00:00:00-04:00,24.190000534057617,25.260000228881836,24.190000534057617,24.709999084472656,24200,0.0,0.0,0.0
2023-10-11 00:00:00-04:00,24.940000534057617,25.219999313354492,24.299999237060547,24.94099998474121,22800,0.0,0.0,0.0
2023-10-12 00:00:00-04:00,25.190000534057617,25.190000534057617,23.56999969482422,24.042999267578125,33700,0.0,0.0,0.0
2023-10-13 00:00:00-04:00,24.184999465942383,24.586000442504883,22.538999557495117,22.729999542236328,14100,0.0,0.0,0.0
2023-10-16 00:00:00-04:00,23.28499984741211,24.489999771118164,23.27400016784668,23.969999313354492,13700,0.0,0.0,0.0
2023-10-17 00:00:00-04:00,23.649999618530273,24.969999313354492,23.649999618530273,24.299999237060547,18800,0.0,0.0,0.0
2023-10-18 00:00:00-04:00,23.600000381469727,23.600000381469727,21.90999984741211,21.979999542236328,43000,0.0,0.0,0.0
2023-10-19 00:00:00-04:00,22.209999084472656,22.790000915527344,21.559999465942383,21.559999465942383,23200,0.0,0.0,0.0
2023-10-20 00:00:00-04:00,21.899999618530273,22.299999237060547,21.450000762939453,21.649999618530273,29600,0.0,0.0,0.0
2023-10-23 00:00:00-04:00,21.459999084472656,21.670000076293945,20.804000854492188,20.850000381469727,17200,0.0,0.0,0.0
2023-10-24 00:00:00-04:00,21.381999969482422,21.469999313354492,20.600000381469727,20.88800048828125,18000,0.0,0.0,0.0
2023-10-25 00:00:00-04:00,20.510000228881836,20.510000228881836,19.43000030517578,19.600000381469727,32200,0.0,0.0,0.0
2023-10-26 00:00:00-04:00,19.270000457763672,19.450000762939453,18.229999542236328,18.34000015258789,60200,0.0,0.0,0.0
2023-10-27 00:00:00-04:00,18.510000228881836,18.59000015258789,17.40999984741211,17.709999084472656,37200,0.0,0.0,0.0
2023-10-30 00:00:00-04:00,18.3799991607666,19.239999771118164,18.174999237060547,19.020000457763672,28500,0.0,0.0,0.0
2023-10-31 00:00:00-04:00,18.90999984741211,19.420000076293945,18.68000030517578,19.374000549316406,13900,0.0,0.0,0.0
2023-11-01 00:00:00-04:00,19.420000076293945,19.81800079345703,19.06999969482422,19.56999969482422,17000,0.0,0.0,0.0
2023-11-02 00:00:00-04:00,20.530000686645508,21.17099952697754,20.520000457763672,20.989999771118164,35400,0.0,0.0,0.0
2023-11-03 00:00:00-04:00,21.639999389648438,22.136999130249023,21.479000091552734,21.958999633789062,44900,0.0,0.0,0.0
2023-11-06 00:00:00-05:00,22.139999389648438,22.139999389648438,21.163999557495117,21.829999923706055,20900,0.0,0.0,0.0
2023-11-07 00:00:00-05:00,21.139999389648438,22.1200008392334,21.049999237060547,21.959999084472656,122200,0.0,0.0,0.0
2023-11-08 00:00:00-05:00,22.100000381469727,22.56399917602539,22.047000885009766,22.04800033569336,24000,0.0,0.0,0.0
2023-11-09 00:00:00-05:00,22.149999618530273,22.270000457763672,21.3799991607666,21.389999389648438,17800,0.0,0.0,0.0
2023-11-10 00:00:00-05:00,21.59000015258789,22.229999542236328,21.399999618530273,22.18000030517578,13300,0.0,0.0,0.0
2023-11-13 00:00:00-05:00,21.850000381469727,22.200000762939453,21.700000762939453,22.177000045776367,9400,0.0,0.0,0.0
2023-11-14 00:00:00-05:00,23.489999771118164,24.698999404907227,23.440000534057617,24.43000030517578,50200,0.0,0.0,0.0
2023-11-15 00:00:00-05:00,24.75,25.90999984741211,24.75,25.25,23900,0.0,0.0,0.0
2023-11-16 00:00:00-05:00,25.0,25.540000915527344,24.466999053955078,24.98900032043457,17400,0.0,0.0,0.0
2023-11-17 00:00:00-05:00,25.066999435424805,25.475000381469727,25.066999435424805,25.469999313354492,18900,0.0,0.0,0.0
2023-11-20 00:00:00-05:00,25.270000457763672,26.260000228881836,25.100000381469727,26.0,31800,0.0,0.0,0.0
2023-11-21 00:00:00-05:00,25.770000457763672,26.159000396728516,25.5,25.97599983215332,8200,0.0,0.0,0.0
2023-11-22 00:00:00-05:00,26.3700008392334,26.889999389648438,25.520000457763672,26.399999618530273,35300,0.0,0.0,0.0
2023-11-24 00:00:00-05:00,26.329999923706055,26.770000457763672,26.329999923706055,26.635000228881836,7800,0.0,0.0,0.0
2023-11-27 00:00:00-05:00,25.93000030517578,26.135000228881836,25.7810001373291,25.834999084472656,13400,0.0,0.0,0.0
2023-11-28 00:00:00-05:00,25.690000534057617,26.165000915527344,25.375999450683594,25.996000289916992,16500,0.0,0.0,0.0
2023-11-29 00:00:00-05:00,26.399999618530273,26.979999542236328,26.149999618530273,26.219999313354492,14700,0.0,0.0,0.0
2023-11-30 00:00:00-05:00,26.434999465942383,26.950000762939453,25.989999771118164,26.940000534057617,22300,0.0,0.0,0.0
2023-12-01 00:00:00-05:00,27.06999969482422,29.315000534057617,27.06999969482422,29.18000030517578,74500,0.0,0.0,0.0
2023-12-04 00:00:00-05:00,29.450000762939453,30.645000457763672,29.424999237060547,30.030000686645508,77800,0.0,0.0,0.0
2023-12-05 00:00:00-05:00,29.549999237060547,29.549999237060547,28.739999771118164,28.93000030517578,60800,0.0,0.0,0.0
2023-12-06 00:00:00-05:00,29.440000534057617,29.768999099731445,29.290000915527344,29.479999542236328,35000,0.0,0.0,0.0
2023-12-07 00:00:00-05:00,29.739999771118164,30.18000030517578,29.59000015258789,30.15999984741211,18100,0.0,0.0,0.0
2023-12-08 00:00:00-05:00,30.020000457763672,30.8799991607666,29.860000610351562,29.860000610351562,17500,0.0,0.0,0.0
2023-12-11 00:00:00-05:00,29.899999618530273,30.81999969482422,29.899999618530273,30.673999786376953,21000,0.0,0.0,0.0
2023-12-12 00:00:00-05:00,30.739999771118164,31.459999084472656,30.68600082397461,31.040000915527344,26100,0.0,0.0,0.0
2023-12-13 00:00:00-05:00,30.979999542236328,31.6200008392334,29.600000381469727,31.600000381469727,71300,0.0,0.0,0.0
2023-12-14 00:00:00-05:00,32.529998779296875,33.83000183105469,32.529998779296875,33.720001220703125,44500,0.0,0.0,0.0
2023-12-15 00:00:00-05:00,33.720001220703125,34.5,33.058998107910156,33.61000061035156,38700,0.0,0.0,0.0
2023-12-18 00:00:00-05:00,33.77000045776367,33.9900016784668,33.209999084472656,33.209999084472656,19000,0.0,0.0,0.0
2023-12-19 00:00:00-05:00,33.459999084472656,34.14799880981445,33.459999084472656,33.939998626708984,22300,0.0,0.0,0.0
2023-12-20 00:00:00-05:00,32.189998626708984,33.8650016784668,31.65999984741211,31.790000915527344,60300,0.0,0.0,0.0
2023-12-21 00:00:00-05:00,32.652000427246094,33.220001220703125,32.39799880981445,33.18000030517578,27100,0.0,0.0,0.0
2023-12-22 00:00:00-05:00,33.63999938964844,34.097999572753906,33.25,33.75,22700,0.0,0.0,0.0
2023-12-26 00:00:00-05:00,33.75,34.130001068115234,33.720001220703125,33.882999420166016,23000,0.0,0.0,0.0
2023-12-27 00:00:00-05:00,34.09000015258789,34.16999816894531,33.57500076293945,33.81999969482422,15600,0.0,0.0,0.0
2023-12-28 00:00:00-05:00,34.060001373291016,34.124000549316406,33.689998626708984,33.880001068115234,29900,0.0,0.0,0.0
2023-12-29 00:00:00-05:00,33.599998474121094,33.869998931884766,32.560001373291016,32.77000045776367,30700,0.0,0.0,0.0
2024-01-02 00:00:00-05:00,32.09000015258789,32.50299835205078,30.989999771118164,31.309999465942383,56600,0.0,0.0,0.0
2024-01-03 00:00:00-05:00,30.489999771118164,30.84000015258789,29.899999618530273,29.964000701904297,19400,0.0,0.0,0.0
2024-01-04 00:00:00-05:00,29.90999984741211,30.670000076293945,29.780000686645508,29.959999084472656,13600,0.0,0.0,0.0
2024-01-05 00:00:00-05:00,29.850000381469727,30.920000076293945,29.850000381469727,30.229999542236328,10600,0.0,0.0,0.0
2024-01-08 00:00:00-05:00,30.3700008392334,31.43000030517578,30.229999542236328,31.389999389648438,21100,0.0,0.0,0.0
2024-01-09 00:00:00-05:00,30.610000610351562,31.482999801635742,30.610000610351562,31.110000610351562,10900,0.0,0.0,0.0
2024-01-10 00:00:00-05:00,31.100000381469727,32.119998931884766,31.010000228881836,32.119998931884766,10600,0.0,0.0,0.0
2024-01-11 00:00:00-05:00,31.75,31.990999221801758,30.799999237060547,31.850000381469727,20000,0.0,0.0,0.0
2024-01-12 00:00:00-05:00,31.636999130249023,31.799999237060547,30.56999969482422,30.8799991607666,16500,0.0,0.0,0.0
2024-01-16 00:00:00-05:00,30.56999969482422,30.56999969482422,29.649999618530273,30.020000457763672,22200,0.0,0.0,0.0
2024-01-17 00:00:00-05:00,29.309999465942383,29.350000381469727,28.700000762939453,29.1299991607666,25800,0.0,0.0,0.0
2024-01-18 00:00:00-05:00,29.479999542236328,31.020000457763672,29.43000030517578,30.889999389648438,11400,0.0,0.0,0.0
2024-01-19 00:00:00-05:00,30.90999984741211,31.450000762939453,30.31999969482422,31.110000610351562,18200,0.0,0.0,0.0
2024-01-22 00:00:00-05:00,31.75,32.6349983215332,31.75,32.400001525878906,42700,0.0,0.0,0.0
2024-01-23 00:00:00-05:00,33.060001373291016,33.290000915527344,32.323001861572266,32.61000061035156,11400,0.0,0.0,0.0
2024-01-24 00:00:00-05:00,32.970001220703125,32.970001220703125,31.59000015258789,31.6299991607666,23000,0.0,0.0,0.0
2024-01-25 00:00:00-05:00,32.279998779296875,33.349998474121094,32.09000015258789,33.279998779296875,27100,0.0,0.0,0.0
2024-01-26 00:00:00-05:00,33.22999954223633,33.22999954223633,32.4119987487793,32.689998626708984,11100,0.0,0.0,0.0
2024-01-29 00:00:00-05:00,32.04999923706055,33.59000015258789,32.04999923706055,33.58100128173828,8100,0.0,0.0,0.0
2024-01-30 00:00:00-05:00,32.31999969482422,32.61000061035156,31.884000778198242,32.2599983215332,33800,0.0,0.0,0.0
2024-01-31 00:00:00-05:00,31.90999984741211,32.275001525878906,30.700000762939453,30.825000762939453,16100,0.0,0.0,0.0
2024-02-01 00:00:00-05:00,31.780000686645508,32.06100082397461,30.350000381469727,32.04999923706055,17100,0.0,0.0,0.0
2024-02-02 00:00:00-05:00,31.43000030517578,33.58000183105469,31.3799991607666,33.099998474121094,24600,0.0,0.0,0.0
2024-02-05 00:00:00-05:00,32.619998931884766,33.099998474121094,32.2239990234375,32.54999923706055,14400,0.0,0.0,0.0
2024-02-06 00:00:00-05:00,32.70000076293945,34.979000091552734,32.70000076293945,34.88999938964844,35700,0.0,0.0,0.0
2024-02-07 00:00:00-05:00,34.900001525878906,35.869998931884766,34.810001373291016,35.38999938964844,34100,0.0,0.0,0.0
2024-02-08 00:00:00-05:00,35.619998931884766,36.099998474121094,35.09400177001953,36.09000015258789,25500,0.0,0.0,0.0
2024-02-09 00:00:00-05:00,36.04999923706055,36.28799819946289,35.09000015258789,36.119998931884766,39300,0.0,0.0,0.0
2024-02-12 00:00:00-05:00,36.119998931884766,36.2599983215332,35.494998931884766,35.68000030517578,13500,0.0,0.0,0.0
2024-02-13 00:00:00-05:00,34.31999969482422,34.43000030517578,33.5,34.29999923706055,28100,0.0,0.0,0.0
2024-02-14 00:00:00-05:00,36.279998779296875,38.119998931884766,36.15999984741211,38.0,30500,0.0,0.0,0.0
2024-02-15 00:00:00-05:00,38.29999923706055,39.47999954223633,38.05400085449219,39.209999084472656,35600,0.0,0.0,0.0
2024-02-16 00:00:00-05:00,38.869998931884766,38.869998931884766,37.137001037597656,37.369998931884766,24800,0.0,0.0,0.0
2024-02-20 00:00:00-05:00,37.060001373291016,37.060001373291016,35.97999954223633,36.43000030517578,19700,0.0,0.0,0.0
2024-02-21 00:00:00-05:00,36.29999923706055,37.224998474121094,36.29600143432617,37.06999969482422,23400,0.0,0.0,0.0
2024-02-22 00:00:00-05:00,38.290000915527344,38.95399856567383,37.935001373291016,38.689998626708984,24400,0.0,0.0,0.0
2024-02-23 00:00:00-05:00,39.025001525878906,39.470001220703125,38.869998931884766,39.18000030517578,16900,0.0,0.0,0.0
2024-02-26 00:00:00-05:00,38.900001525878906,39.14799880981445,38.470001220703125,38.5099983215332,11600,0.0,0.0,0.0
2024-02-27 00:00:00-05:00,38.88999938964844,39.125,38.45000076293945,38.54999923706055,3700,0.0,0.0,0.0
2024-02-28 00:00:00-05:00,37.900001525878906,38.505001068115234,37.849998474121094,37.875,8200,0.0,0.0,0.0
2024-02-29 00:00:00-05:00,38.7400016784668,38.9900016784668,38.470001220703125,38.9900016784668,7500,0.0,0.0,0.0
2024-03-01 00:00:00-05:00,38.75,39.41299819946289,38.52000045776367,39.209999084472656,12000,0.0,0.0,0.0
2024-03-04 00:00:00-05:00,39.81999969482422,39.970001220703125,39.25,39.33000183105469,14000,0.0,0.0,0.0
2024-03-05 00:00:00-05:00,39.029998779296875,39.029998779296875,38.02000045776367,38.433998107910156,8200,0.0,0.0,0.0
2024-03-06 00:00:00-05:00,38.880001068115234,40.1349983215332,38.63999938964844,38.63999938964844,16700,0.0,0.0,0.0
2024-03-07 00:00:00-05:00,39.56999969482422,39.79999923706055,39.18000030517578,39.29999923706055,5000,0.0,0.0,0.0
2024-03-08 00:00:00-05:00,39.87099838256836,40.220001220703125,38.56999969482422,38.61000061035156,10200,0.0,0.0,0.0
2024-03-11 00:00:00-04:00,38.59000015258789,38.61000061035156,37.61000061035156,38.40999984741211,9700,0.0,0.0,0.0
2024-03-12 00:00:00-04:00,37.689998626708984,38.5,37.45000076293945,38.49700164794922,11900,0.0,0.0,0.0
2024-03-13 00:00:00-04:00,38.75,39.0,38.119998931884766,38.119998931884766,10000,0.0,0.0,0.0
2024-03-14 00:00:00-04:00,37.88999938964844,37.88999938964844,36.02000045776367,36.779998779296875,11200,0.0,0.0,0.0
2024-03-15 00:00:00-04:00,36.58000183105469,36.939998626708984,35.8849983215332,35.939998626708984,15300,0.0,0.0,0.0
2024-03-18 00:00:00-04:00,36.189998626708984,36.189998626708984,35.26499938964844,35.4900016784668,13100,0.0,0.0,0.0
2024-03-19 00:00:00-04:00,35.03499984741211,35.84000015258789,34.849998474121094,35.84000015258789,12900,0.0,0.0,0.0
2024-03-20 00:00:00-04:00,35.86000061035156,38.119998931884766,35.63999938964844,37.9900016784668,43400,0.0,0.0,0.0
2024-03-21 00:00:00-04:00,38.599998474121094,39.470001220703125,38.555999755859375,39.400001525878906,15200,0.0,0.0,0.0
2024-03-22 00:00:00-04:00,39.68000030517578,39.82500076293945,39.09000015258789,39.099998474121094,16600,0.0,0.0,0.0
2024-03-25 00:00:00-04:00,38.77000045776367,38.779998779296875,38.0,38.209999084472656,10600,0.0,0.0,0.0
2024-03-26 00:00:00-04:00,38.58000183105469,38.599998474121094,36.869998931884766,36.88999938964844,9900,0.0,0.0,0.0
2024-03-27 00:00:00-04:00,37.52000045776367,38.20600128173828,37.22999954223633,38.20600128173828,7200,0.0,0.0,0.0
2024-03-28 00:00:00-04:00,38.40999984741211,39.0,38.130001068115234,38.720001220703125,8100,0.0,0.0,0.0
2024-04-01 00:00:00-04:00,38.53499984741211,38.53499984741211,37.56999969482422,37.56999969482422,9500,0.0,0.0,0.0
2024-04-02 00:00:00-04:00,36.79999923706055,36.79999923706055,36.0,36.66999816894531,5800,0.0,0.0,0.0
2024-04-03 00:00:00-04:00,36.56999969482422,37.959999084472656,36.56999969482422,36.90999984741211,13900,0.0,0.0,0.0
2024-04-04 00:00:00-04:00,37.72800064086914,38.21500015258789,35.06999969482422,35.54999923706055,10100,0.0,0.0,0.0
2024-04-05 00:00:00-04:00,35.59000015258789,37.15999984741211,35.59000015258789,36.7400016784668,9400,0.0,0.0,0.0
2024-04-08 00:00:00-04:00,36.7400016784668,37.00899887084961,36.470001220703125,36.470001220703125,11100,0.0,0.0,0.0
2024-04-09 00:00:00-04:00,36.0,36.66999816894531,35.369998931884766,36.66400146484375,4700,0.0,0.0,0.0
2024-04-10 00:00:00-04:00,35.0099983215332,35.417999267578125,33.95000076293945,34.45000076293945,13300,0.0,0.0,0.0
2024-04-11 00:00:00-04:00,34.96500015258789,35.97800064086914,34.599998474121094,35.529998779296875,13400,0.0,0.0,0.0
2024-04-12 00:00:00-04:00,34.5,34.599998474121094,33.38999938964844,34.08000183105469,13500,0.0,0.0,0.0
2024-04-15 00:00:00-04:00,34.27000045776367,35.220001220703125,32.7869987487793,33.04999923706055,12500,0.0,0.0,0.0
2024-04-16 00:00:00-04:00,32.619998931884766,33.04999923706055,32.26900100708008,32.6349983215332,4300,0.0,0.0,0.0
2024-04-17 00:00:00-04:00,32.0,32.0,31.0,31.67799949645996,8100,0.0,0.0,0.0
2024-04-18 00:00:00-04:00,32.04999923706055,32.652000427246094,31.280000686645508,31.450000762939453,9500,0.0,0.0,0.0
2024-04-19 00:00:00-04:00,31.790000915527344,31.899999618530273,30.959999084472656,31.260000228881836,12900,0.0,0.0,0.0
2024-04-22 00:00:00-04:00,32.060001373291016,32.930999755859375,31.618999481201172,32.22999954223633,20800,0.0,0.0,0.0
2024-04-23 00:00:00-04:00,32.54999923706055,33.76100158691406,32.54999923706055,33.52000045776367,7700,0.0,0.0,0.0
2024-04-24 00:00:00-04:00,32.81999969482422,32.81999969482422,30.100000381469727,31.235000610351562,52100,0.0,0.0,0.0
2024-04-25 00:00:00-04:00,30.950000762939453,32.625,30.950000762939453,32.41999816894531,35200,0.0,0.0,0.0
2024-04-26 00:00:00-04:00,31.25,31.68400001525879,30.760000228881836,31.200000762939453,20700,0.0,0.0,0.0
2024-04-29 00:00:00-04:00,31.25,31.375,30.1200008392334,30.709999084472656,10300,0.0,0.0,0.0
2024-04-30 00:00:00-04:00,30.25,30.25,28.920000076293945,28.920000076293945,10100,0.0,0.0,0.0
2024-05-01 00:00:00-04:00,28.860000610351562,30.31999969482422,28.520999908447266,29.020000457763672,12100,0.0,0.0,0.0
2024-05-02 00:00:00-04:00,29.83300018310547,30.540000915527344,29.59000015258789,30.360000610351562,7400,0.0,0.0,0.0
2024-05-03 00:00:00-04:00,31.5,31.91699981689453,31.0,31.0,24100,0.0,0.0,0.0
2024-05-06 00:00:00-04:00,31.920000076293945,32.04999923706055,31.590999603271484,31.84000015258789,15200,0.0,0.0,0.0
2024-05-07 00:00:00-04:00,32.119998931884766,32.279998779296875,31.639999389648438,31.76799964904785,13800,0.0,0.0,0.0
2024-05-08 00:00:00-04:00,30.25,31.360000610351562,30.06999969482422,31.190000534057617,25100,0.0,0.0,0.0
2024-05-09 00:00:00-04:00,31.280000686645508,32.060001373291016,31.170000076293945,31.950000762939453,12400,0.0,0.0,0.0
2024-05-10 00:00:00-04:00,32.2400016784668,32.361000061035156,31.816999435424805,32.069000244140625,5200,0.0,0.0,0.0
2024-05-13 00:00:00-04:00,32.29999923706055,32.29999923706055,31.89299964904785,32.08000183105469,5600,0.0,0.0,0.0
2024-05-14 00:00:00-04:00,32.505001068115234,32.611000061035156,31.339000701904297,31.65999984741211,12200,0.0,0.0,0.0
2024-05-15 00:00:00-04:00,32.39099884033203,32.39099884033203,31.790000915527344,32.099998474121094,11700,0.0,0.0,0.0
2024-05-16 00:00:00-04:00,31.850000381469727,32.15999984741211,31.790000915527344,31.790000915527344,5700,0.0,0.0,0.0
2024-05-17 00:00:00-04:00,31.5,31.579999923706055,31.149999618530273,31.31999969482422,12500,0.0,0.0,0.0
2024-05-20 00:00:00-04:00,31.093000411987305,31.216999053955078,30.549999237060547,30.709999084472656,12100,0.0,0.0,0.0
2024-05-21 00:00:00-04:00,30.219999313354492,30.219999313354492,28.850000381469727,28.90999984741211,34500,0.0,0.0,0.0
2024-05-22 00:00:00-04:00,29.0,29.3799991607666,28.649999618530273,29.170000076293945,33000,0.0,0.0,0.0
2024-05-23 00:00:00-04:00,29.239999771118164,29.239999771118164,27.392000198364258,27.65999984741211,35100,0.0,0.0,0.0
2024-05-24 00:00:00-04:00,27.860000610351562,28.110000610351562,27.700000762939453,28.110000610351562,17200,0.0,0.0,0.0
2024-05-28 00:00:00-04:00,28.1200008392334,28.1200008392334,27.024999618530273,27.290000915527344,28100,0.0,0.0,0.0
2024-05-29 00:00:00-04:00,26.309999465942383,26.6200008392334,25.280000686645508,26.56999969482422,35100,0.0,0.0,0.0
2024-05-30 00:00:00-04:00,26.739999771118164,27.219999313354492,26.399999618530273,27.09000015258789,34400,0.0,0.0,0.0
2024-05-31 00:00:00-04:00,27.290000915527344,28.43000030517578,26.920000076293945,28.399999618530273,78100,0.0,0.0,0.0
2024-06-03 00:00:00-04:00,28.719999313354492,28.84000015258789,26.8799991607666,27.549999237060547,40500,0.0,0.0,0.0
2024-06-04 00:00:00-04:00,27.709999084472656,28.549999237060547,27.0,27.239999771118164,50400,0.0,0.0,0.0
2024-06-05 00:00:00-04:00,27.760000228881836,28.479999542236328,27.170000076293945,28.3799991607666,19500,0.0,0.0,0.0
2024-06-06 00:00:00-04:00,28.43600082397461,29.100000381469727,28.3799991607666,28.780000686645508,44900,0.0,0.0,0.0
2024-06-07 00:00:00-04:00,28.6200008392334,29.229999542236328,28.104999542236328,28.709999084472656,17100,0.0,0.0,0.0
2024-06-10 00:00:00-04:00,28.639999389648438,29.225000381469727,28.530000686645508,29.149999618530273,25400,0.0,0.0,0.0
2024-06-11 00:00:00-04:00,28.309999465942383,28.600000381469727,27.920000076293945,28.600000381469727,56200,0.0,0.0,0.0
2024-06-12 00:00:00-04:00,29.579999923706055,30.524999618530273,29.15999984741211,29.709999084472656,51900,0.0,0.0,0.0
2024-06-13 00:00:00-04:00,29.639999389648438,29.639999389648438,27.56999969482422,28.239999771118164,28600,0.0,0.0,0.0
2024-06-14 00:00:00-04:00,27.579999923706055,27.579999923706055,25.93000030517578,27.43000030517578,30600,0.0,0.0,0.0
2024-06-17 00:00:00-04:00,26.93000030517578,27.989999771118164,26.93000030517578,27.989999771118164,26700,0.0,0.0,0.0
2024-06-18 00:00:00-04:00,27.860000610351562,28.399999618530273,27.799999237060547,27.799999237060547,8300,0.0,0.0,0.0
2024-06-20 00:00:00-04:00,27.6200008392334,28.489999771118164,27.6200008392334,28.420000076293945,10800,0.0,0.0,0.0
2024-06-21 00:00:00-04:00,28.68000030517578,28.68000030517578,27.594999313354492,28.450000762939453,33400,0.0,0.0,0.0
2024-06-24 00:00:00-04:00,28.280000686645508,29.690000534057617,28.280000686645508,29.0,58200,0.0,0.0,0.0
2024-06-25 00:00:00-04:00,28.415000915527344,28.415000915527344,27.54599952697754,28.309999465942383,35100,0.0,0.0,0.0
2024-06-26 00:00:00-04:00,28.549999237060547,29.329999923706055,28.440000534057617,29.0,26600,0.0,0.0,0.0
2024-06-27 00:00:00-04:00,28.90999984741211,28.90999984741211,28.341999053955078,28.540000915527344,18100,0.0,0.0,0.0
2024-06-28 00:00:00-04:00,29.100000381469727,30.049999237060547,29.100000381469727,29.719999313354492,43400,0.0,0.0,0.0
2024-07-01 00:00:00-04:00,29.809999465942383,29.868999481201172,28.469999313354492,28.920000076293945,41200,0.0,0.0,0.0
2024-07-02 00:00:00-04:00,28.850000381469727,29.06800079345703,28.299999237060547,28.969999313354492,14900,0.0,0.0,0.0
2024-07-03 00:00:00-04:00,29.25,29.972999572753906,29.149999618530273,29.18000030517578,24500,0.0,0.0,0.0
2024-07-05 00:00:00-04:00,29.06999969482422,29.06999969482422,28.1200008392334,28.6200008392334,26400,0.0,0.0,0.0
2024-07-08 00:00:00-04:00,28.670000076293945,28.760000228881836,27.858999252319336,28.239999771118164,25300,0.0,0.0,0.0
2024-07-09 00:00:00-04:00,28.149999618530273,28.15999984741211,27.510000228881836,27.600000381469727,13900,0.0,0.0,0.0
2024-07-10 00:00:00-04:00,27.700000762939453,27.729999542236328,27.104999542236328,27.709999084472656,21400,0.0,0.0,0.0
2024-07-11 00:00:00-04:00,27.420000076293945,29.75,27.299999237060547,29.610000610351562,39400,0.0,0.0,0.0
2024-07-12 00:00:00-04:00,29.610000610351562,30.65999984741211,29.610000610351562,29.860000610351562,64700,0.0,0.0,0.0
2024-07-15 00:00:00-04:00,29.860000610351562,31.469999313354492,29.860000610351562,31.219999313354492,81000,0.0,0.0,0.0
2024-07-16 00:00:00-04:00,31.719999313354492,34.540000915527344,31.649999618530273,34.369998931884766,130900,0.0,0.0,0.0
2024-07-17 00:00:00-04:00,33.4900016784668,33.54999923706055,31.920000076293945,31.93000030517578,95900,0.0,0.0,0.0
2024-07-18 00:00:00-04:00,31.709999084472656,32.16999816894531,29.860000610351562,30.280000686645508,66300,0.0,0.0,0.0
2024-07-19 00:00:00-04:00,29.8799991607666,30.75,29.68000030517578,30.579999923706055,30500,0.0,0.0,0.0
2024-07-22 00:00:00-04:00,30.8799991607666,31.030000686645508,29.709999084472656,30.889999389648438,22600,0.0,0.0,0.0
2024-07-23 00:00:00-04:00,29.799999237060547,29.90999984741211,28.920000076293945,29.06999969482422,58500,0.0,0.0,0.0
2024-07-24 00:00:00-04:00,28.729999542236328,28.825000762939453,27.69499969482422,28.0,24500,0.0,0.0,0.0
2024-07-25 00:00:00-04:00,27.850000381469727,30.73900032043457,27.708999633789062,28.670000076293945,47400,0.0,0.0,0.0
2024-07-26 00:00:00-04:00,29.34000015258789,29.540000915527344,28.430999755859375,28.940000534057617,19600,0.0,0.0,0.0
