Date,Open,High,Low,Close,Volume,Dividends,Stock Splits
2001-01-04 00:00:00+09:00,94.14334864974711,94.14334864974711,93.602294921875,93.602294921875,104000,0.0,0.0
2001-01-05 00:00:00+09:00,93.06125640869139,93.06125640869139,93.06125640869139,93.0612564086914,2000,0.0,0.0
2001-01-08 00:00:00+09:00,93.06125640869139,93.06125640869139,93.06125640869139,93.0612564086914,0,0.0,0.0
2001-01-09 00:00:00+09:00,93.602310225021,93.602310225021,93.06125640869139,93.0612564086914,83000,0.0,0.0
2001-01-10 00:00:00+09:00,93.06125640869139,93.06125640869139,93.06125640869139,93.0612564086914,2000,0.0,0.0
2001-01-11 00:00:00+09:00,93.06125640869139,93.06125640869139,93.06125640869139,93.0612564086914,6000,0.0,0.0
2001-01-12 00:00:00+09:00,92.52021026611328,92.52021026611328,91.97915640490794,92.52021026611328,19000,0.0,0.0
2001-01-15 00:00:00+09:00,93.602294921875,93.602294921875,93.602294921875,93.602294921875,5000,0.0,0.0
2001-01-16 00:00:00+09:00,94.14337158203125,94.14337158203125,94.14337158203125,94.14337158203125,4000,0.0,0.0
2001-01-17 00:00:00+09:00,93.60231798852396,93.60231798852396,92.52021026611328,92.52021026611328,7000,0.0,0.0
2001-01-18 00:00:00+09:00,92.52019500732422,94.68441009521484,92.52019500732422,94.68441009521484,6000,0.0,0.0
2001-01-19 00:00:00+09:00,94.68441009521484,94.68441009521484,94.68441009521484,94.68441009521484,6000,0.0,0.0
2001-01-22 00:00:00+09:00,97.3896713256836,97.3896713256836,97.3896713256836,97.3896713256836,5000,0.0,0.0
2001-01-23 00:00:00+09:00,95.76652526855469,95.76652526855469,95.76652526855469,95.76652526855469,2000,0.0,0.0
2001-01-24 00:00:00+09:00,97.38968671378443,97.38968671378443,95.76652526855469,95.76652526855469,3000,0.0,0.0
2001-01-25 00:00:00+09:00,100.0949478149414,100.0949478149414,100.0949478149414,100.0949478149414,8000,0.0,0.0
2001-01-26 00:00:00+09:00,100.0949478149414,100.0949478149414,100.0949478149414,100.0949478149414,0,0.0,0.0
2001-01-29 00:00:00+09:00,98.47177878485785,98.47177878485785,97.3896713256836,97.3896713256836,2000,0.0,0.0
2001-01-30 00:00:00+09:00,96.84863289870785,97.38968671378443,95.76652526855469,95.76652526855469,4000,0.0,0.0
2001-01-31 00:00:00+09:00,95.76652526855469,95.76652526855469,95.76652526855469,95.76652526855469,0,0.0,0.0
2001-02-01 00:00:00+09:00,97.38970197112867,97.38970197112867,96.84864807128906,96.84864807128906,6000,0.0,0.0
2001-02-02 00:00:00+09:00,97.38966352484199,97.38966352484199,96.30755615234375,96.30755615234375,7000,0.0,0.0
2001-02-05 00:00:00+09:00,96.30755615234375,96.30755615234375,96.30755615234375,96.30755615234375,1000,0.0,0.0
2001-02-06 00:00:00+09:00,99.0128402709961,99.0128402709961,99.0128402709961,99.0128402709961,1000,0.0,0.0
2001-02-07 00:00:00+09:00,95.22544860839844,95.22544860839844,95.22544860839844,95.22544860839844,6000,0.0,0.0
2001-02-08 00:00:00+09:00,97.3896713256836,97.3896713256836,97.3896713256836,97.3896713256836,3000,0.0,0.0
2001-02-09 00:00:00+09:00,97.3896713256836,97.3896713256836,97.3896713256836,97.3896713256836,1000,0.0,0.0
2001-02-12 00:00:00+09:00,97.3896713256836,97.3896713256836,97.3896713256836,97.3896713256836,0,0.0,0.0
2001-02-13 00:00:00+09:00,97.38967895507812,97.38967895507812,93.60230255126953,94.68441009521484,13000,0.0,0.0
2001-02-14 00:00:00+09:00,94.68440237761922,95.76650983336344,93.06124119400289,93.602294921875,11000,0.0,0.0
2001-02-15 00:00:00+09:00,95.76652526855469,95.76652526855469,95.76652526855469,95.76652526855469,2000,0.0,0.0
2001-02-16 00:00:00+09:00,95.76652526855469,95.76652526855469,95.76652526855469,95.76652526855469,5000,0.0,0.0
2001-02-19 00:00:00+09:00,95.7665101369222,97.3896713256836,95.7665101369222,97.3896713256836,11000,0.0,0.0
2001-02-20 00:00:00+09:00,96.84863289870785,96.84863289870785,94.68441763840153,95.76652526855469,4000,0.0,0.0
2001-02-21 00:00:00+09:00,96.30757908363127,96.30757908363127,95.76652526855469,95.76652526855469,5000,0.0,0.0
2001-02-22 00:00:00+09:00,96.30755615234375,96.30755615234375,96.30755615234375,96.30755615234375,1000,0.0,0.0
2001-02-23 00:00:00+09:00,96.84864807128906,96.84864807128906,96.84864807128906,96.84864807128906,10000,0.0,0.0
2001-02-26 00:00:00+09:00,96.84864807128906,96.84864807128906,96.84864807128906,96.84864807128906,7000,0.0,0.0
2001-02-27 00:00:00+09:00,96.84864807128906,96.84864807128906,96.84864807128906,96.84864807128906,11000,0.0,0.0
2001-02-28 00:00:00+09:00,97.38970197112867,97.38970197112867,96.84864807128906,96.84864807128906,14000,0.0,0.0
2001-03-01 00:00:00+09:00,96.84861759609646,97.3896713256836,96.84861759609646,97.3896713256836,4000,0.0,0.0
2001-03-02 00:00:00+09:00,96.84861759609646,97.3896713256836,96.30756386650933,97.3896713256836,10000,0.0,0.0
2001-03-05 00:00:00+09:00,97.38967895507812,97.38967895507812,94.68441009521484,94.68441009521484,9000,0.0,0.0
2001-03-06 00:00:00+09:00,97.38966334949839,97.38966334949839,95.22544860839844,95.22544860839844,3000,0.0,0.0
2001-03-07 00:00:00+09:00,95.22544860839844,95.22544860839844,95.22544860839844,95.22544860839844,0,0.0,0.0
2001-03-08 00:00:00+09:00,95.7665101369222,97.3896713256836,95.7665101369222,97.3896713256836,6000,0.0,0.0
2001-03-09 00:00:00+09:00,97.3896713256836,97.3896713256836,97.3896713256836,97.3896713256836,2000,0.0,0.0
2001-03-12 00:00:00+09:00,96.30755615234375,96.30755615234375,96.30755615234375,96.30755615234375,3000,0.0,0.0
2001-03-13 00:00:00+09:00,96.30755615234375,96.30755615234375,96.30755615234375,96.30755615234375,1000,0.0,0.0
2001-03-14 00:00:00+09:00,96.30755615234375,96.30755615234375,96.30755615234375,96.30755615234375,0,0.0,0.0
2001-03-15 00:00:00+09:00,94.68441009521484,94.68441009521484,94.68441009521484,94.68441009521484,5000,0.0,0.0
2001-03-16 00:00:00+09:00,97.38966334949839,97.38966334949839,94.68439492312343,95.22544860839844,9000,0.0,0.0
2001-03-19 00:00:00+09:00,95.22547145347811,95.76652526855469,95.22547145347811,95.76652526855469,11000,0.0,0.0
2001-03-20 00:00:00+09:00,95.76652526855469,95.76652526855469,95.76652526855469,95.76652526855469,0,0.0,0.0
2001-03-21 00:00:00+09:00,97.3896713256836,97.3896713256836,95.22545640733506,97.3896713256836,17000,0.0,0.0
2001-03-22 00:00:00+09:00,97.3896713256836,100.09493997361925,97.3896713256836,97.3896713256836,34000,0.0,0.0
2001-03-23 00:00:00+09:00,100.0949478149414,108.21075439453125,100.0949478149414,108.21075439453125,21000,0.0,0.0
2001-03-26 00:00:00+09:00,107.12864685058594,107.12864685058594,103.34127044677734,104.42337799072266,11000,0.0,0.0
2001-03-27 00:00:00+09:00,109.44909214117587,109.44909214117587,108.8906784057617,108.89067840576172,3000,6.0,0.0
2001-03-28 00:00:00+09:00,107.77385888350636,107.77385888350636,106.09861755371092,106.09861755371094,7000,0.0,0.0
2001-03-29 00:00:00+09:00,106.09861755371092,106.09861755371092,106.09861755371092,106.09861755371094,6000,0.0,0.0
2001-03-30 00:00:00+09:00,106.09861755371092,106.09861755371092,106.09861755371092,106.09861755371094,4000,0.0,0.0
2001-04-02 00:00:00+09:00,106.09861755371092,106.09861755371092,106.09861755371092,106.09861755371094,4000,0.0,0.0
2001-04-03 00:00:00+09:00,106.09861796611064,106.09861796611064,103.30654907226561,103.30654907226562,9000,0.0,0.0
2001-04-04 00:00:00+09:00,103.30654907226561,103.30654907226561,103.30654907226561,103.30654907226562,2000,0.0,0.0
2001-04-05 00:00:00+09:00,103.3065143968693,105.54016876220702,103.3065143968693,105.54016876220703,7000,0.0,0.0
2001-04-06 00:00:00+09:00,106.09860384528012,106.09860384528012,104.4233627319336,104.4233627319336,17000,0.0,0.0
2001-04-09 00:00:00+09:00,105.54020418734163,105.54020418734163,103.30654907226561,103.30654907226562,4000,0.0,0.0
2001-04-10 00:00:00+09:00,103.30654769647317,103.30654769647317,102.1897201538086,102.1897201538086,50000,0.0,0.0
2001-04-11 00:00:00+09:00,102.74813079833984,102.74813079833984,101.63130328966223,102.74813079833984,34000,0.0,0.0
2001-04-12 00:00:00+09:00,102.74809445617018,103.8649215698242,102.18968089934317,103.86492156982422,63000,0.0,0.0
2001-04-13 00:00:00+09:00,105.54020204692306,109.44909841903133,104.98178827947902,107.77385711669922,87000,0.0,0.0
2001-04-16 00:00:00+09:00,108.89071106910704,108.89071106910704,107.21546936035156,107.21546936035156,40000,0.0,0.0
2001-04-17 00:00:00+09:00,107.2154095362103,107.2154095362103,105.54016876220702,105.54016876220703,12000,0.0,0.0
2001-04-18 00:00:00+09:00,106.09860384528012,106.09860384528012,103.86494902748476,104.4233627319336,23000,0.0,0.0
2001-04-19 00:00:00+09:00,105.54020240459036,105.54020240459036,104.9817886352539,104.9817886352539,4000,0.0,0.0
2001-04-20 00:00:00+09:00,104.98178827947902,107.77385711669922,104.98178827947902,107.77385711669922,9000,0.0,0.0
2001-04-23 00:00:00+09:00,106.65702958181113,107.77385711669922,106.0986158143671,107.77385711669922,21000,0.0,0.0
2001-04-24 00:00:00+09:00,107.21546936035156,107.21546936035156,107.21546936035156,107.21546936035156,1000,0.0,0.0
2001-04-25 00:00:00+09:00,107.21546291076032,108.33229064941406,106.65704904143344,108.33229064941406,19000,0.0,0.0
2001-04-26 00:00:00+09:00,107.21546291076032,108.33229064941406,106.65704904143344,108.33229064941406,19000,0.0,0.0
2001-04-27 00:00:00+09:00,112.24114688080137,112.799560546875,112.24114688080137,112.799560546875,8000,0.0,0.0
2001-04-30 00:00:00+09:00,112.799560546875,112.799560546875,112.799560546875,112.799560546875,0,0.0,0.0
2001-05-01 00:00:00+09:00,113.35801056652534,115.03325210199124,112.79959672137004,114.47483825683594,25000,0.0,0.0
2001-05-02 00:00:00+09:00,113.91640306555708,116.15005802762683,112.7995755845222,115.59164428710938,37000,0.0,0.0
2001-05-03 00:00:00+09:00,115.59164428710939,115.59164428710939,115.59164428710939,115.59164428710938,0,0.0,0.0
2001-05-04 00:00:00+09:00,115.59164428710939,115.59164428710939,115.59164428710939,115.59164428710938,0,0.0,0.0
2001-05-07 00:00:00+09:00,120.05895398697764,121.17578146592626,117.82529902908038,118.38371276855469,200,0.0,0.0
2001-05-08 00:00:00+09:00,117.26688528960607,119.50054024750332,117.26688528960607,118.38371276855469,200,0.0,0.0
2001-05-09 00:00:00+09:00,116.15001599542026,116.70842953385977,107.77381291882745,113.35794830322266,300,0.0,0.0
2001-05-10 00:00:00+09:00,112.79960958756025,112.79960958756025,112.24119567871095,112.24119567871094,30,0.0,0.0
2001-05-11 00:00:00+09:00,112.24119567871095,112.79960958756025,112.24119567871095,112.24119567871094,30,0.0,0.0
2001-05-14 00:00:00+09:00,113.91638663155692,117.2668685913086,113.91638663155692,117.2668685913086,200,0.0,0.0
2001-05-15 00:00:00+09:00,117.82532132776771,118.94214901807831,114.47483825683594,114.47483825683594,25000,0.0,0.0
2001-05-16 00:00:00+09:00,115.59162761143276,118.38369591122581,115.59162761143276,117.2668685913086,14000,0.0,0.0
2001-05-17 00:00:00+09:00,117.2668685913086,117.2668685913086,116.15004127139137,117.2668685913086,16000,0.0,0.0
2001-05-18 00:00:00+09:00,117.26688528960607,118.3837127685547,113.35798911328587,118.38371276855469,50000,0.0,0.0
2001-05-21 00:00:00+09:00,117.2668685913086,117.2668685913086,116.15004127139137,117.2668685913086,14000,0.0,0.0
2001-05-22 00:00:00+09:00,115.5917010631376,116.70852909273313,115.03328704833984,115.03328704833984,18000,0.0,0.0
2001-05-23 00:00:00+09:00,114.47483825683594,115.59166594714652,114.47483825683594,114.47483825683594,30000,0.0,0.0
2001-05-24 00:00:00+09:00,114.47483825683594,116.70849363745712,114.47483825683594,114.47483825683594,16000,0.0,0.0
2001-05-25 00:00:00+09:00,116.70850096430097,125.08470916748047,116.15008708408901,125.08470916748047,59000,0.0,0.0
2001-05-28 00:00:00+09:00,123.40941885085333,123.40941885085333,117.2668685913086,117.2668685913086,71000,0.0,0.0
2001-05-29 00:00:00+09:00,116.70847176814426,116.70847176814426,113.35798932503964,115.59164428710938,35000,0.0,0.0
2001-05-30 00:00:00+09:00,113.91641998291017,113.91641998291017,112.79959233601889,113.91641998291016,22000,0.0,0.0
2001-05-31 00:00:00+09:00,113.91640285276019,118.3837127685547,111.68274789486293,118.38371276855469,28000,0.0,0.0
2001-06-01 00:00:00+09:00,114.47483825683594,114.47483825683594,112.79959672137004,114.47483825683594,14000,0.0,0.0
2001-06-04 00:00:00+09:00,113.35802353345431,116.1500930786133,113.35802353345431,116.15009307861328,4000,0.0,0.0
2001-06-05 00:00:00+09:00,115.03328704833984,115.5917010631376,115.03328704833984,115.03328704833984,4000,0.0,0.0
2001-06-06 00:00:00+09:00,115.59162761143276,117.2668685913086,115.03321395147415,117.2668685913086,45000,0.0,0.0
2001-06-07 00:00:00+09:00,116.70849363745712,116.70849363745712,113.35801056652534,114.47483825683594,14000,0.0,0.0
2001-06-08 00:00:00+09:00,117.26686719437721,122.85100372744279,117.26686719437721,118.94210815429688,44000,0.0,0.0
2001-06-11 00:00:00+09:00,118.94212963230802,118.94212963230802,117.82530212402345,117.82530212402344,16000,0.0,0.0
2001-06-12 00:00:00+09:00,117.26688528960607,118.3837127685547,117.26688528960607,118.38371276855469,10000,0.0,0.0
2001-06-13 00:00:00+09:00,117.2668685913086,117.2668685913086,117.2668685913086,117.2668685913086,5000,0.0,0.0
2001-06-14 00:00:00+09:00,116.15007979230182,116.15007979230182,114.47483825683594,114.47483825683594,11000,0.0,0.0
2001-06-15 00:00:00+09:00,114.47483825683594,116.15007979230182,114.47483825683594,114.47483825683594,6000,0.0,0.0
2001-06-18 00:00:00+09:00,114.47477538010169,114.47477538010169,113.35794830322266,113.35794830322266,5000,0.0,0.0
2001-06-19 00:00:00+09:00,117.2668685913086,118.38369591122581,117.2668685913086,117.2668685913086,22000,0.0,0.0
2001-06-20 00:00:00+09:00,116.15005802762683,117.2668855086617,115.59164428710939,115.59164428710938,4000,0.0,0.0
2001-06-21 00:00:00+09:00,115.59162761143276,117.2668685913086,115.59162761143276,117.2668685913086,6000,0.0,0.0
2001-06-22 00:00:00+09:00,116.15007979230182,116.70849363745712,114.47483825683594,114.47483825683594,16000,0.0,0.0
2001-06-25 00:00:00+09:00,115.03325210199124,115.03325210199124,113.35801056652534,114.47483825683594,14000,0.0,0.0
2001-06-26 00:00:00+09:00,115.03323054659195,116.70847176814426,115.03323054659195,115.59164428710938,10000,0.0,0.0
2001-06-27 00:00:00+09:00,116.70844802856446,127.31830694025214,116.70844802856446,122.85099792480469,231000,0.0,0.0
2001-06-28 00:00:00+09:00,123.96787009982889,123.96787009982889,120.61738712415783,121.73421478271484,35000,0.0,0.0
2001-06-29 00:00:00+09:00,121.73419811107493,121.73419811107493,120.61737060546874,120.61737060546875,16000,0.0,0.0
2001-07-02 00:00:00+09:00,121.17580095343634,122.85104244127186,121.17580095343634,121.73421478271484,15000,0.0,0.0
2001-07-03 00:00:00+09:00,122.8509979248047,123.40941155173563,122.8509979248047,122.85099792480469,22000,0.0,0.0
2001-07-04 00:00:00+09:00,123.40943936948422,123.40943936948422,120.61737060546874,120.61737060546875,9000,0.0,0.0
2001-07-05 00:00:00+09:00,123.40940335295922,124.526230532624,120.05892181396484,120.05892181396484,21000,0.0,0.0
2001-07-06 00:00:00+09:00,118.38368104446766,120.05892181396484,117.26685386480287,120.05892181396484,12000,0.0,0.0
2001-07-09 00:00:00+09:00,117.26689461886026,117.26689461886026,114.47482569936359,116.70848083496094,6000,0.0,0.0
2001-07-10 00:00:00+09:00,116.15011507793537,116.15011507793537,112.241216974351,115.03328704833984,19000,0.0,0.0
2001-07-11 00:00:00+09:00,113.35797421294865,114.47480154509591,112.24114688080137,112.799560546875,20000,0.0,0.0
2001-07-12 00:00:00+09:00,113.35800615946452,115.03324762980144,112.79959233601889,113.91641998291016,12000,0.0,0.0
2001-07-13 00:00:00+09:00,115.03323033170881,118.3837127685547,114.47481659223449,118.38371276855469,45000,0.0,0.0
2001-07-16 00:00:00+09:00,118.94212963230802,120.05895714059261,117.82530212402345,117.82530212402344,27000,0.0,0.0
2001-07-17 00:00:00+09:00,117.2668685913086,117.2668685913086,117.2668685913086,117.2668685913086,4000,0.0,0.0
2001-07-18 00:00:00+09:00,115.03325210199124,115.03325210199124,114.47483825683594,114.47483825683594,5000,0.0,0.0
2001-07-19 00:00:00+09:00,114.47480154509591,114.47480154509591,112.799560546875,112.799560546875,9000,0.0,0.0
2001-07-20 00:00:00+09:00,112.799560546875,112.799560546875,112.799560546875,112.799560546875,0,0.0,0.0
2001-07-23 00:00:00+09:00,112.79958206176758,112.79958206176758,111.68275451660156,111.68275451660156,13000,0.0,0.0
2001-07-24 00:00:00+09:00,110.00751218647537,110.00751218647537,106.65702958181113,107.77385711669922,16000,0.0,0.0
2001-07-25 00:00:00+09:00,111.12431954865409,112.799560546875,111.12431954865409,112.799560546875,35000,0.0,0.0
2001-07-26 00:00:00+09:00,113.9164096069336,113.9164096069336,111.68275451660156,111.68275451660156,8000,0.0,0.0
2001-07-27 00:00:00+09:00,113.35802353345431,116.1500930786133,113.35802353345431,116.15009307861328,20000,0.0,0.0
2001-07-30 00:00:00+09:00,116.70850698764508,117.26692089667688,116.1500930786133,116.15009307861328,8000,0.0,0.0
2001-07-31 00:00:00+09:00,116.1500398877641,118.94210815429688,115.59162623445754,118.94210815429688,20000,0.0,0.0
2001-08-01 00:00:00+09:00,120.05893689110165,122.29259153093611,117.2668685913086,117.2668685913086,30000,0.0,0.0
2001-08-02 00:00:00+09:00,121.7342182438548,121.7342182438548,114.47483825683594,114.47483825683594,17000,0.0,0.0
2001-08-03 00:00:00+09:00,115.03321258115098,118.94210815429688,115.03321258115098,118.94210815429688,20000,0.0,0.0
2001-08-06 00:00:00+09:00,117.2668685913086,117.2668685913086,116.70845493134999,117.2668685913086,34000,0.0,0.0
2001-08-07 00:00:00+09:00,117.26689461886026,117.26689461886026,116.1500670510616,116.70848083496094,31000,0.0,0.0
2001-08-08 00:00:00+09:00,116.15005802762683,116.15005802762683,115.59164428710939,115.59164428710938,7000,0.0,0.0
2001-08-09 00:00:00+09:00,115.59166145324708,115.59166145324708,113.91641998291017,113.91641998291016,30000,0.0,0.0
2001-08-10 00:00:00+09:00,116.1500670510616,118.94213597055827,115.03323948326293,116.70848083496094,105000,0.0,0.0
2001-08-13 00:00:00+09:00,118.3837293107933,120.05897076330453,118.3837293107933,119.50055694580078,30000,0.0,0.0
2001-08-14 00:00:00+09:00,119.50054718567445,125.64309867652688,119.50054718567445,123.96785736083984,104000,0.0,0.0
2001-08-15 00:00:00+09:00,125.64312304769243,129.5520202091762,125.08470916748047,125.08470916748047,128000,0.0,0.0
2001-08-16 00:00:00+09:00,124.5262952872685,125.64312304769243,122.29263976642063,125.08470916748047,73000,0.0,0.0
2001-08-17 00:00:00+09:00,125.08465277777778,125.64306640625,123.4094118923611,125.64306640625,27000,0.0,0.0
2001-08-20 00:00:00+09:00,125.08464982024337,127.31830428131914,122.8509953591676,126.20147705078125,56000,0.0,0.0
2001-08-21 00:00:00+09:00,127.31835236245013,131.7856629716589,126.75993853629903,131.2272491455078,116000,0.0,0.0
2001-08-22 00:00:00+09:00,127.87673925683201,139.04501342773438,127.3183255482869,139.04501342773438,161000,0.0,0.0
2001-08-23 00:00:00+09:00,144.07074822319876,151.88854076244212,142.3955069647895,150.77171325683594,485000,0.0,0.0
2001-08-24 00:00:00+09:00,150.7717363224473,155.2390470282976,140.16187339605287,144.07077026367188,262000,0.0,0.0
2001-08-27 00:00:00+09:00,146.30438842773435,147.42121582031248,139.60342407226562,142.39549255371094,202000,0.0,0.0
2001-08-28 00:00:00+09:00,143.51237264640716,143.51237264640716,138.4866475342762,141.27871704101562,87000,0.0,0.0
2001-08-29 00:00:00+09:00,139.60345653777426,140.16187036392535,128.9935938409034,131.2272491455078,95000,0.0,0.0
2001-08-30 00:00:00+09:00,128.4351806640625,131.22724980893344,126.75993917713994,128.4351806640625,58000,0.0,0.0
2001-08-31 00:00:00+09:00,126.7599105834961,126.7599105834961,123.96784206844112,126.7599105834961,48000,0.0,0.0
2001-09-03 00:00:00+09:00,127.31833534758555,127.87674909911004,123.40943908691406,123.40943908691406,30000,0.0,0.0
2001-09-04 00:00:00+09:00,123.40940335295922,123.40940335295922,120.05892181396484,120.05892181396484,22000,0.0,0.0
2001-09-05 00:00:00+09:00,121.17581825989944,121.17581825989944,116.1500930786133,116.15009307861328,39000,0.0,0.0
2001-09-06 00:00:00+09:00,116.70845493134999,120.05893689110165,115.59162761143276,117.2668685913086,34000,0.0,0.0
2001-09-07 00:00:00+09:00,117.26692089667688,117.26692089667688,115.0332652605497,116.15009307861328,19000,0.0,0.0
2001-09-10 00:00:00+09:00,116.15005696614583,116.15005696614583,108.8906784057617,108.89067840576172,34000,0.0,0.0
2001-09-11 00:00:00+09:00,109.44909806685014,111.12433936379172,109.44909806685014,110.56592559814453,21000,0.0,0.0
2001-09-12 00:00:00+09:00,96.60557556152345,99.95605795094045,96.60557556152345,96.60557556152344,106000,0.0,0.0
2001-09-13 00:00:00+09:00,103.30656850804164,103.30656850804164,99.39767132125087,99.95608520507812,24000,0.0,0.0
2001-09-14 00:00:00+09:00,105.54019660949707,105.54019660949707,100.51447296142578,100.51447296142578,29000,0.0,0.0
2001-09-17 00:00:00+09:00,102.74811692671341,102.74811692671341,97.72239381616765,98.28080749511719,33000,0.0,0.0
2001-09-18 00:00:00+09:00,97.72240963387996,104.9817886352539,97.72240963387996,104.9817886352539,16000,0.0,0.0
2001-09-19 00:00:00+09:00,108.33227053555575,111.12433936379172,108.33227053555575,110.56592559814453,15000,0.0,0.0
2001-09-20 00:00:00+09:00,111.12434009795493,111.68275386729138,104.9817886352539,104.9817886352539,27000,0.0,0.0
2001-09-21 00:00:00+09:00,103.30654769647317,103.30654769647317,102.1897201538086,102.1897201538086,5000,0.0,0.0
2001-09-24 00:00:00+09:00,102.1897201538086,102.1897201538086,102.1897201538086,102.1897201538086,0,0.0,0.0
2001-09-25 00:00:00+09:00,116.15006212164596,116.15006212164596,105.54020067784175,106.65702819824219,22000,0.0,0.0
2001-09-26 00:00:00+09:00,106.65704904143344,108.33229064941406,106.09863517210657,108.33229064941406,3000,0.0,0.0
2001-09-27 00:00:00+09:00,107.77385711669922,108.33227088414326,107.77385711669922,107.77385711669922,5000,0.0,0.0
2001-09-28 00:00:00+09:00,107.77385711669922,107.77385711669922,107.77385711669922,107.77385711669922,0,0.0,0.0
2001-10-01 00:00:00+09:00,103.30654907226561,103.30654907226561,102.74813529349662,103.30654907226562,15000,0.0,0.0
2001-10-02 00:00:00+09:00,103.8649215698242,104.42333512665122,103.3065080129972,103.86492156982422,16000,0.0,0.0
2001-10-03 00:00:00+09:00,104.98177643638243,106.09860384528012,104.4233627319336,104.4233627319336,8000,0.0,0.0
2001-10-04 00:00:00+09:00,105.54020377711245,109.4491002133018,105.54020377711245,106.09861755371094,16000,0.0,0.0
2001-10-05 00:00:00+09:00,109.44908599078958,110.00749969482423,108.89067228675495,110.00749969482422,19000,0.0,0.0
2001-10-08 00:00:00+09:00,110.00749969482423,110.00749969482423,110.00749969482423,110.00749969482422,0,0.0,0.0
2001-10-09 00:00:00+09:00,110.00754004331371,112.24119567871095,110.00754004331371,112.24119567871094,23000,0.0,0.0
2001-10-10 00:00:00+09:00,111.68276468912761,113.91641998291017,111.68276468912761,113.91641998291016,9000,0.0,0.0
2001-10-11 00:00:00+09:00,115.03321395147415,117.2668685913086,114.47480029151554,117.2668685913086,16000,0.0,0.0
2001-10-12 00:00:00+09:00,116.1500398877641,118.94210815429688,114.47479892784442,118.94210815429688,15000,0.0,0.0
2001-10-15 00:00:00+09:00,111.68273199172248,117.2668685913086,111.68273199172248,117.2668685913086,19000,0.0,0.0
2001-10-16 00:00:00+09:00,109.44905353414602,113.35794830322266,109.44905353414602,113.35794830322266,9000,0.0,0.0
2001-10-17 00:00:00+09:00,113.91640584502741,117.82530212402345,113.91640584502741,117.82530212402344,39000,0.0,0.0
2001-10-18 00:00:00+09:00,116.15011507793537,117.82535712232867,114.47487303354207,115.03328704833984,17000,0.0,0.0
2001-10-19 00:00:00+09:00,115.59162761143276,117.82528225126721,115.59162761143276,117.2668685913086,11000,0.0,0.0
2001-10-22 00:00:00+09:00,116.15005802762683,116.15005802762683,115.59164428710939,115.59164428710938,18000,0.0,0.0
2001-10-23 00:00:00+09:00,117.2669431075309,117.2669431075309,115.03328704833984,115.03328704833984,35000,0.0,0.0
2001-10-24 00:00:00+09:00,116.70848083496094,116.70848083496094,116.70848083496094,116.70848083496094,10000,0.0,0.0
2001-10-25 00:00:00+09:00,115.03321395147415,117.2668685913086,115.03321395147415,117.2668685913086,17000,0.0,0.0
2001-10-26 00:00:00+09:00,116.70847461573887,117.82530212402345,116.15006086159657,117.82530212402344,29000,0.0,0.0
2001-10-29 00:00:00+09:00,118.94212963230802,118.94212963230802,116.70847461573887,117.82530212402344,5000,0.0,0.0
2001-10-30 00:00:00+09:00,117.82528225126721,117.82528225126721,115.59162761143276,117.2668685913086,24000,0.0,0.0
2001-10-31 00:00:00+09:00,117.82529902908038,118.3837127685547,117.26688528960607,118.38371276855469,7000,0.0,0.0
2001-11-01 00:00:00+09:00,118.38369591122581,118.94210957118443,115.59162761143276,117.2668685913086,25000,0.0,0.0
2001-11-02 00:00:00+09:00,118.94210957118443,118.94210957118443,117.2668685913086,117.2668685913086,12000,0.0,0.0
2001-11-05 00:00:00+09:00,117.82533480570868,118.38374871474046,116.1500930786133,116.15009307861328,17000,0.0,0.0
2001-11-06 00:00:00+09:00,117.82526745463527,120.05892181396484,117.82526745463527,120.05892181396484,12000,0.0,0.0
2001-11-07 00:00:00+09:00,119.50054338645032,119.50054338645032,116.70847461573887,117.82530212402344,15000,0.0,0.0
2001-11-08 00:00:00+09:00,117.82531549328955,119.50055694580078,115.59166022327459,119.50055694580078,12000,0.0,0.0
2001-11-09 00:00:00+09:00,119.50055694580078,119.50055694580078,119.50055694580078,119.50055694580078,0,0.0,0.0
2001-11-12 00:00:00+09:00,117.2668855086617,117.2668855086617,114.47481680607451,115.59164428710938,24000,0.0,0.0
2001-11-13 00:00:00+09:00,111.68274708283252,111.68274708283252,106.0986097286909,108.89067840576172,28000,0.0,0.0
2001-11-14 00:00:00+09:00,108.8906784057617,111.68274708283252,107.21543719951922,108.89067840576172,18000,0.0,0.0
2001-11-15 00:00:00+09:00,106.65705545743306,110.00753887494405,106.09864155451456,107.21546936035156,25000,0.0,0.0
2001-11-16 00:00:00+09:00,109.4490966796875,109.4490966796875,108.89068292111767,109.4490966796875,10000,0.0,0.0
2001-11-19 00:00:00+09:00,119.50054024750332,119.50054024750332,118.3837127685547,118.38371276855469,16000,0.0,0.0
2001-11-20 00:00:00+09:00,115.03325210199124,115.03325210199124,113.35801056652534,114.47483825683594,11000,0.0,0.0
2001-11-21 00:00:00+09:00,114.4748273772509,128.43517217935468,106.6570342880728,124.52627563476562,57000,0.0,0.0
2001-11-22 00:00:00+09:00,130.1103940910125,141.27866826191485,125.64308442265154,139.04501342773438,326000,0.0,0.0
2001-11-23 00:00:00+09:00,139.04501342773438,139.04501342773438,139.04501342773438,139.04501342773438,0,0.0,0.0
2001-11-26 00:00:00+09:00,141.8370946767379,141.8370946767379,128.43516447106188,136.81137084960938,136000,0.0,0.0
2001-11-27 00:00:00+09:00,135.13614527384442,137.36980056762695,133.4609038035075,134.01931762695312,68000,0.0,0.0
2001-11-28 00:00:00+09:00,135.69455271318924,136.25296651036285,131.7856561329739,135.13613891601562,46000,0.0,0.0
2001-11-29 00:00:00+09:00,134.01932327835647,135.69456481933594,128.9935986554181,135.69456481933594,51000,0.0,0.0
2001-11-30 00:00:00+09:00,135.13613891601562,135.13613891601562,129.55200094427943,135.13613891601562,18000,0.0,0.0
2001-12-03 00:00:00+09:00,128.4351806640625,132.3440774668818,120.05897322944973,128.4351806640625,60000,0.0,0.0
2001-12-04 00:00:00+09:00,122.8510536466326,125.08470916748047,121.1758120059967,125.08470916748047,24000,0.0,0.0
2001-12-05 00:00:00+09:00,122.29259802165785,127.31832122802736,120.0589432632714,127.31832122802734,52000,0.0,0.0
2001-12-06 00:00:00+09:00,126.75989366319443,127.31830729166666,118.38368923611111,125.64306640625,47000,0.0,0.0
2001-12-07 00:00:00+09:00,122.85103924198236,122.85103924198236,117.26690109461953,122.2926254272461,63000,0.0,0.0
2001-12-10 00:00:00+09:00,119.50054975445761,119.50054975445761,116.70848083496094,116.70848083496094,9000,0.0,0.0
2001-12-11 00:00:00+09:00,111.12429414946457,113.35794830322266,109.44905353414602,113.35794830322266,29000,0.0,0.0
2001-12-12 00:00:00+09:00,113.3579944263805,113.3579944263805,110.56592559814453,110.56592559814453,12000,0.0,0.0
2001-12-13 00:00:00+09:00,111.68276903105945,114.47483825683594,111.68276903105945,114.47483825683594,10000,0.0,0.0
2001-12-14 00:00:00+09:00,115.59165092468263,115.59165092468263,111.68275451660156,111.68275451660156,19000,0.0,0.0
2001-12-17 00:00:00+09:00,114.47487303354207,115.03328704833984,112.241216974351,115.03328704833984,16000,0.0,0.0
2001-12-18 00:00:00+09:00,116.70848083496094,121.73420489005494,116.70848083496094,116.70848083496094,20000,0.0,0.0
2001-12-19 00:00:00+09:00,118.94213356018066,118.94213356018066,106.09861679077149,111.68275451660156,23000,0.0,0.0
2001-12-20 00:00:00+09:00,110.56590588258045,112.799560546875,110.0074922165068,112.799560546875,7000,0.0,0.0
2001-12-21 00:00:00+09:00,110.56592559814453,113.91640819202769,110.56592559814453,110.56592559814453,11000,0.0,0.0
2001-12-24 00:00:00+09:00,110.56592559814453,110.56592559814453,110.56592559814453,110.56592559814453,0,0.0,0.0
2001-12-25 00:00:00+09:00,118.94213597055827,118.94213597055827,112.79958434766559,116.70848083496094,12000,0.0,0.0
2001-12-26 00:00:00+09:00,115.59162761143276,117.2668685913086,113.35797297159831,117.2668685913086,8000,0.0,0.0
2001-12-27 00:00:00+09:00,117.26690748261242,117.26690748261242,113.91642441168064,114.47483825683594,8000,0.0,0.0
2001-12-28 00:00:00+09:00,114.47480029151554,117.2668685913086,113.91638663155692,117.2668685913086,11000,0.0,0.0
2001-12-31 00:00:00+09:00,117.2668685913086,117.2668685913086,117.2668685913086,117.2668685913086,0,0.0,0.0
2002-01-01 00:00:00+09:00,117.2668685913086,117.2668685913086,117.2668685913086,117.2668685913086,0,0.0,0.0
2002-01-02 00:00:00+09:00,117.2668685913086,117.2668685913086,117.2668685913086,117.2668685913086,0,0.0,0.0
2002-01-03 00:00:00+09:00,117.2668685913086,117.2668685913086,117.2668685913086,117.2668685913086,0,0.0,0.0
2002-01-04 00:00:00+09:00,117.82529902908038,118.3837127685547,117.26688528960607,118.38371276855469,8000,0.0,0.0
2002-01-07 00:00:00+09:00,118.94210957118443,118.94210957118443,115.03321395147415,117.2668685913086,14000,0.0,0.0
2002-01-08 00:00:00+09:00,117.2668685913086,117.2668685913086,115.59162761143276,117.2668685913086,6000,0.0,0.0
2002-01-09 00:00:00+09:00,116.70848083496094,117.26689461886026,116.70848083496094,116.70848083496094,6000,0.0,0.0
2002-01-10 00:00:00+09:00,116.1500670510616,116.70848083496094,116.1500670510616,116.70848083496094,2000,0.0,0.0
2002-01-11 00:00:00+09:00,116.70848083496094,116.70848083496094,116.70848083496094,116.70848083496094,1000,0.0,0.0
2002-01-14 00:00:00+09:00,116.70848083496094,116.70848083496094,116.70848083496094,116.70848083496094,0,0.0,0.0
2002-01-15 00:00:00+09:00,114.47483825683594,114.47483825683594,112.24118287621475,114.47483825683594,12000,0.0,0.0
2002-01-16 00:00:00+09:00,112.24115451096279,112.24115451096279,110.00749969482423,110.00749969482422,7000,0.0,0.0
2002-01-17 00:00:00+09:00,110.00749969482423,110.00749969482423,110.00749969482423,110.00749969482422,3000,0.0,0.0
2002-01-18 00:00:00+09:00,111.12434074401855,111.68275451660156,110.56592697143556,111.68275451660156,20000,0.0,0.0
2002-01-21 00:00:00+09:00,112.24116184400476,115.59164428710939,112.24116184400476,115.59164428710938,5000,0.0,0.0
2002-01-22 00:00:00+09:00,114.47483825683594,114.47483825683594,114.47483825683594,114.47483825683594,4000,0.0,0.0
2002-01-23 00:00:00+09:00,112.79959233601889,113.91641998291017,112.24117851257326,113.91641998291016,17000,0.0,0.0
2002-01-24 00:00:00+09:00,114.47483825683594,114.47483825683594,113.91642441168064,114.47483825683594,10000,0.0,0.0
2002-01-25 00:00:00+09:00,113.91640306555708,115.59164428710939,113.35798932503964,115.59164428710938,17000,0.0,0.0
2002-01-28 00:00:00+09:00,114.47481680607451,115.59164428710939,114.47481680607451,115.59164428710938,13000,0.0,0.0
2002-01-29 00:00:00+09:00,115.5917010631376,115.5917010631376,114.47487303354207,115.03328704833984,16000,0.0,0.0
2002-01-30 00:00:00+09:00,115.03325210199124,115.03325210199124,113.35801056652534,114.47483825683594,7000,0.0,0.0
2002-01-31 00:00:00+09:00,114.47483825683594,114.47483825683594,114.47483825683594,114.47483825683594,0,0.0,0.0
2002-02-01 00:00:00+09:00,113.91638787902228,113.91638787902228,112.799560546875,112.799560546875,13000,0.0,0.0
2002-02-04 00:00:00+09:00,112.24119567871095,112.24119567871095,111.68278176986163,112.24119567871094,28000,0.0,0.0
2002-02-05 00:00:00+09:00,112.24118287621475,114.47483825683594,111.68276903105945,114.47483825683594,26000,0.0,0.0
2002-02-06 00:00:00+09:00,111.68278176986163,114.47485131410818,111.68278176986163,112.24119567871094,12000,0.0,0.0
2002-02-07 00:00:00+09:00,111.68275451660156,112.79958206176758,110.56592697143556,111.68275451660156,15000,0.0,0.0
2002-02-08 00:00:00+09:00,111.12434074401855,111.68275451660156,111.12434074401855,111.68275451660156,7000,0.0,0.0
2002-02-11 00:00:00+09:00,111.68275451660156,111.68275451660156,111.68275451660156,111.68275451660156,0,0.0,0.0
2002-02-12 00:00:00+09:00,111.68278176986163,112.24119567871095,111.68278176986163,112.24119567871094,7000,0.0,0.0
2002-02-13 00:00:00+09:00,110.00752749559355,114.47483825683594,110.00752749559355,114.47483825683594,16000,0.0,0.0
2002-02-14 00:00:00+09:00,113.35798911328587,118.3837127685547,112.79957537381155,118.38371276855469,26000,0.0,0.0
2002-02-15 00:00:00+09:00,112.79959672137004,114.47483825683594,112.79959672137004,114.47483825683594,8000,0.0,0.0
2002-02-18 00:00:00+09:00,114.47477538010169,115.03318891854121,112.24112122634361,113.35794830322266,25000,0.0,0.0
2002-02-19 00:00:00+09:00,112.799560546875,113.35797421294865,112.799560546875,112.799560546875,8000,0.0,0.0
2002-02-20 00:00:00+09:00,112.24114688080137,112.799560546875,111.68273321472772,112.799560546875,23000,0.0,0.0
2002-02-21 00:00:00+09:00,112.79960958756025,114.47485131410818,112.24119567871095,112.24119567871094,7000,0.0,0.0
2002-02-22 00:00:00+09:00,112.79959113575588,119.50055694580078,112.24117731825214,119.50055694580078,29000,0.0,0.0
2002-02-25 00:00:00+09:00,118.38369591122581,118.94210957118443,113.35797297159831,117.2668685913086,40000,0.0,0.0
2002-02-26 00:00:00+09:00,117.2668685913086,117.2668685913086,117.2668685913086,117.2668685913086,2000,0.0,0.0
2002-02-27 00:00:00+09:00,117.26689246393019,121.73420265303228,117.26689246393019,121.17578887939453,26000,0.0,0.0
2002-02-28 00:00:00+09:00,120.05895398697764,121.17578146592626,118.3837127685547,118.38371276855469,38000,0.0,0.0
2002-03-01 00:00:00+09:00,117.26685386480287,120.05892181396484,117.26685386480287,120.05892181396484,21000,0.0,0.0
2002-03-04 00:00:00+09:00,120.61734374999999,125.64306640625,120.05893012152778,125.64306640625,63000,0.0,0.0
2002-03-05 00:00:00+09:00,127.31830694025214,128.435134194114,121.1757570440119,122.85099792480469,30000,0.0,0.0
2002-03-06 00:00:00+09:00,121.73417067094283,122.8509979248047,120.05892979015005,122.85099792480469,25000,0.0,0.0
2002-03-07 00:00:00+09:00,122.8510298170485,125.08468490463119,121.17578850136147,123.96785736083984,30000,0.0,0.0
2002-03-08 00:00:00+09:00,123.96787009982889,123.96787009982889,121.73421478271484,121.73421478271484,40000,0.0,0.0
2002-03-11 00:00:00+09:00,122.85101466241912,126.7599105834961,121.73418725639714,126.7599105834961,95000,0.0,0.0
2002-03-12 00:00:00+09:00,128.99361309734493,130.11044091636955,125.64312964027104,127.87678527832031,57000,0.0,0.0
2002-03-13 00:00:00+09:00,127.31830729166666,127.31830729166666,121.73417100694444,125.64306640625,35000,0.0,0.0
2002-03-14 00:00:00+09:00,125.08465277777778,125.64306640625,125.08465277777778,125.64306640625,19000,0.0,0.0
2002-03-15 00:00:00+09:00,126.75993080310222,126.75993080310222,123.96786184268147,124.52627563476562,48000,0.0,0.0
2002-03-18 00:00:00+09:00,124.52627563476562,125.64310321893392,121.73420667434486,124.52627563476562,102000,0.0,0.0
2002-03-19 00:00:00+09:00,125.64311151919158,128.4351806640625,125.64311151919158,128.4351806640625,104000,0.0,0.0
2002-03-20 00:00:00+09:00,136.81139814175242,138.4866397516514,134.0193287919207,137.36981201171875,193000,0.0,0.0
2002-03-21 00:00:00+09:00,137.36981201171875,137.36981201171875,137.36981201171875,137.36981201171875,0,0.0,0.0
2002-03-22 00:00:00+09:00,136.81138740701877,139.60345653777426,131.2272491455078,131.2272491455078,117000,0.0,0.0
2002-03-25 00:00:00+09:00,134.01931762695312,136.81138674418133,131.22724850972494,134.01931762695312,39000,0.0,0.0
2002-03-26 00:00:00+09:00,134.59200439453124,137.45566406249998,127.14648925781249,128.86468505859375,43000,6.0,0.0
2002-03-27 00:00:00+09:00,131.72834472656248,132.87380859375,128.86468505859375,128.86468505859375,15000,0.0,0.0
2002-03-28 00:00:00+09:00,130.01022851822225,134.5920867919922,129.437496234001,134.5920867919922,29000,0.0,0.0
2002-03-29 00:00:00+09:00,131.72834472656248,131.72834472656248,128.291953125,128.86468505859375,14000,0.0,0.0
2002-04-01 00:00:00+09:00,128.86468505859375,128.86468505859375,126.57375732421875,128.86468505859375,21000,0.0,0.0
2002-04-02 00:00:00+09:00,127.14652797154018,131.72838483537947,127.14652797154018,128.2919921875,8000,0.0,0.0
2002-04-03 00:00:00+09:00,128.291953125,128.86468505859375,127.71922119140625,128.86468505859375,9000,0.0,0.0
2002-04-04 00:00:00+09:00,131.15564820993,131.15564820993,123.71013106264141,126.57379150390625,29000,0.0,0.0
2002-04-05 00:00:00+09:00,127.14648925781249,128.86468505859375,127.14648925781249,128.86468505859375,11000,0.0,0.0
2002-04-08 00:00:00+09:00,131.72834287130885,131.72834287130885,130.01014709472656,130.01014709472656,13000,0.0,0.0
2002-04-09 00:00:00+09:00,130.01018851143974,130.01018851143974,128.2919921875,128.2919921875,7000,0.0,0.0
2002-04-10 00:00:00+09:00,127.71923927788262,127.71923927788262,126.00104323378555,127.1465072631836,29000,0.0,0.0
2002-04-11 00:00:00+09:00,126.00104323378555,127.71923927788262,125.42831121908652,127.1465072631836,24000,0.0,0.0
2002-04-12 00:00:00+09:00,126.00102539062499,128.86468505859375,126.00102539062499,128.86468505859375,7000,0.0,0.0
2002-04-15 00:00:00+09:00,127.14650157581676,127.14650157581676,124.28284163041549,126.00103759765625,9000,0.0,0.0
2002-04-16 00:00:00+09:00,126.57375157788195,127.7192153930664,126.00101967028972,127.7192153930664,11000,0.0,0.0
2002-04-17 00:00:00+09:00,127.71926007952008,130.58292061941964,127.71926007952008,128.2919921875,26000,0.0,0.0
2002-04-18 00:00:00+09:00,128.29194465569688,131.1556041346187,128.29194465569688,129.43740844726562,11000,0.0,0.0
2002-04-19 00:00:00+09:00,128.8647242954799,130.58292061941964,128.2919921875,128.2919921875,18000,0.0,0.0
2002-04-22 00:00:00+09:00,125.42833164760044,129.4374564034598,125.42833164760044,128.2919921875,23000,0.0,0.0
2002-04-23 00:00:00+09:00,127.71923927788262,128.29197129258165,127.14650726318361,127.1465072631836,14000,0.0,0.0
2002-04-24 00:00:00+09:00,128.86474481686386,139.74665660139905,127.71928041849175,136.88299560546875,96000,0.0,0.0
2002-04-25 00:00:00+09:00,136.31025072180708,136.88298286769702,131.7283935546875,131.7283935546875,69000,0.0,0.0
2002-04-26 00:00:00+09:00,130.01019711701767,135.73751857591714,129.43746497112772,131.7283935546875,18000,0.0,0.0
2002-04-29 00:00:00+09:00,131.7283935546875,131.7283935546875,131.7283935546875,131.7283935546875,0,0.0,0.0
2002-04-30 00:00:00+09:00,131.7283342595686,131.7283342595686,130.01013859531338,130.58287048339844,16000,0.0,0.0
2002-05-01 00:00:00+09:00,132.3011212471204,134.01931762695312,131.7283891205095,134.01931762695312,13000,0.0,0.0
2002-05-02 00:00:00+09:00,136.88297380719865,147.19215175083704,136.88297380719865,144.3284912109375,498000,0.0,0.0
2002-05-03 00:00:00+09:00,144.3284912109375,144.3284912109375,144.3284912109375,144.3284912109375,0,0.0,0.0
2002-05-06 00:00:00+09:00,144.3284912109375,144.3284912109375,144.3284912109375,144.3284912109375,0,0.0,0.0
2002-05-07 00:00:00+09:00,143.18302065827126,151.20126981513445,143.18302065827126,147.76487731933594,300000,0.0,0.0
2002-05-08 00:00:00+09:00,148.33756310395086,152.91941833496094,148.33756310395086,152.91941833496094,318000,0.0,0.0
2002-05-09 00:00:00+09:00,152.9194523692131,152.9194523692131,146.0466679930687,146.61940002441406,115000,0.0,0.0
2002-05-10 00:00:00+09:00,144.328447265625,147.76483886718748,141.46478759765625,143.1829833984375,66000,0.0,0.0
2002-05-13 00:00:00+09:00,142.03751721144636,149.4830322265625,140.31932143872726,149.4830322265625,56000,0.0,0.0
2002-05-14 00:00:00+09:00,146.61943282480314,150.05582578163447,140.89211123008428,145.47396850585938,55000,0.0,0.0
2002-05-15 00:00:00+09:00,142.03757554902805,147.19216498427502,142.03757554902805,145.47396850585938,69000,0.0,0.0
2002-05-16 00:00:00+09:00,146.04670950546566,146.04670950546566,142.0375841464921,144.9012451171875,42000,0.0,0.0
2002-05-17 00:00:00+09:00,144.32846536075368,146.04666137695312,143.18300134995405,146.04666137695312,66000,0.0,0.0
2002-05-20 00:00:00+09:00,147.76485739315257,148.9103214039522,140.89207332835477,146.04666137695312,146000,0.0,0.0
2002-05-21 00:00:00+09:00,140.8920556640625,143.1829833984375,140.8920556640625,143.1829833984375,24000,0.0,0.0
2002-05-22 00:00:00+09:00,142.0375452698001,142.0375452698001,140.3193491576654,141.46481323242188,28000,0.0,0.0
2002-05-23 00:00:00+09:00,144.32848679875752,144.32848679875752,140.89209425592998,142.61029052734375,55000,0.0,0.0
2002-05-24 00:00:00+09:00,142.6102638711735,142.6102638711735,140.3193359375,140.3193359375,35000,0.0,0.0
2002-05-27 00:00:00+09:00,141.46485195235303,145.4739773113266,140.31938756407484,144.9012451171875,40000,0.0,0.0
2002-05-28 00:00:00+09:00,145.4739111328125,145.4739111328125,142.61025146484374,143.1829833984375,14000,0.0,0.0
2002-05-29 00:00:00+09:00,141.46483723710224,143.18303364079173,140.89210510253906,140.89210510253906,32000,0.0,0.0
2002-05-30 00:00:00+09:00,141.46483067103793,144.9012233189174,141.46483067103793,144.3284912109375,19000,0.0,0.0
2002-05-31 00:00:00+09:00,142.61029052734375,143.18302261781503,139.74663007498745,142.61029052734375,59000,0.0,0.0
2002-06-03 00:00:00+09:00,142.0375805764532,142.0375805764532,138.60118749799062,139.17391967773438,33000,0.0,0.0
2002-06-04 00:00:00+09:00,138.60115304553074,141.46481323242188,135.7374928586396,141.46481323242188,38000,0.0,0.0
2002-06-05 00:00:00+09:00,140.89210510253906,140.89210510253906,137.45571229516008,140.89210510253906,18000,0.0,0.0
2002-06-06 00:00:00+09:00,142.03755156331042,142.03755156331042,138.02842712402344,138.02842712402344,22000,0.0,0.0
2002-06-07 00:00:00+09:00,139.74664083341273,140.89210510253906,132.30112308409156,140.89210510253906,72000,0.0,0.0
2002-06-10 00:00:00+09:00,134.59206274000263,136.88299146749205,132.87386619438558,135.164794921875,61000,0.0,0.0
2002-06-11 00:00:00+09:00,133.44660305154736,136.3102640612372,132.87387084960938,132.87387084960938,39000,0.0,0.0
2002-06-12 00:00:00+09:00,134.5920540210064,135.73751831054688,134.5920540210064,135.73751831054688,18000,0.0,0.0
2002-06-13 00:00:00+09:00,134.5920867919922,135.16481907621343,134.5920867919922,134.5920867919922,16000,0.0,0.0
2002-06-14 00:00:00+09:00,133.44658550034222,134.01931762695312,131.7283891205095,134.01931762695312,20000,0.0,0.0
2002-06-17 00:00:00+09:00,131.15565490722656,131.15565490722656,126.0010658497373,131.15565490722656,22000,0.0,0.0
2002-06-18 00:00:00+09:00,130.58292278972775,131.15565490722656,129.43745855473014,131.15565490722656,12000,0.0,0.0
2002-06-19 00:00:00+09:00,131.1556313660768,131.1556313660768,127.14650726318361,127.1465072631836,14000,0.0,0.0
2002-06-20 00:00:00+09:00,126.00102539062499,128.86468505859375,124.28282958984374,128.86468505859375,63000,0.0,0.0
2002-06-21 00:00:00+09:00,128.86468505859375,128.86468505859375,128.86468505859375,128.86468505859375,6000,0.0,0.0
2002-06-24 00:00:00+09:00,124.85556152343749,128.86468505859375,124.28282958984374,128.86468505859375,16000,0.0,0.0
2002-06-25 00:00:00+09:00,130.01018403342408,130.01018403342408,126.57379150390626,126.57379150390625,11000,0.0,0.0
2002-06-26 00:00:00+09:00,124.85556152343749,128.86468505859375,123.13736572265624,128.86468505859375,15000,0.0,0.0
2002-06-27 00:00:00+09:00,124.28286743164062,128.2919921875,123.1374032156808,128.2919921875,12000,0.0,0.0
2002-06-28 00:00:00+09:00,122.56467110770089,128.2919921875,122.56467110770089,128.2919921875,32000,0.0,0.0
2002-07-01 00:00:00+09:00,129.4374295321378,129.4374295321378,123.71010964133522,126.00103759765625,13000,0.0,0.0
2002-07-02 00:00:00+09:00,126.00106375558035,128.2919921875,126.00106375558035,128.2919921875,8000,0.0,0.0
2002-07-03 00:00:00+09:00,128.29199431973254,131.15565490722656,128.29199431973254,131.15565490722656,15000,0.0,0.0
2002-07-04 00:00:00+09:00,131.7283696426458,132.87383372649487,130.01017351687213,132.3011016845703,14000,0.0,0.0
2002-07-05 00:00:00+09:00,132.87384688086775,133.4465789794922,132.30111478224333,133.4465789794922,13000,0.0,0.0
2002-07-08 00:00:00+09:00,132.30113864767142,132.87387084960938,128.8647454360436,132.87387084960938,5000,0.0,0.0
2002-07-09 00:00:00+09:00,129.43746241127573,140.89210510253906,128.86473027671258,140.89210510253906,65000,0.0,0.0
2002-07-10 00:00:00+09:00,132.30114421844485,137.4557342529297,132.30114421844485,137.4557342529297,7000,0.0,0.0
2002-07-11 00:00:00+09:00,129.437496234001,134.5920867919922,129.437496234001,134.5920867919922,8000,0.0,0.0
2002-07-12 00:00:00+09:00,131.1556674091756,136.3102569580078,131.1556674091756,136.3102569580078,6000,0.0,0.0
2002-07-15 00:00:00+09:00,133.4465789794922,133.4465789794922,133.4465789794922,133.4465789794922,2000,0.0,0.0
2002-07-16 00:00:00+09:00,131.7283935546875,131.7283935546875,128.86473282523778,131.7283935546875,8000,0.0,0.0
2002-07-17 00:00:00+09:00,131.728338746212,131.728338746212,127.7192153930664,127.7192153930664,10000,0.0,0.0
2002-07-18 00:00:00+09:00,128.86468505859375,128.86468505859375,126.00102539062499,128.86468505859375,35000,0.0,0.0
2002-07-19 00:00:00+09:00,129.4374353219797,130.58289935137776,126.57377524848458,127.1465072631836,23000,0.0,0.0
2002-07-22 00:00:00+09:00,124.28286315089439,126.57379150390626,124.28286315089439,126.57379150390625,3000,0.0,0.0
2002-07-23 00:00:00+09:00,128.86467920825086,128.86467920825086,124.85555585510528,127.7192153930664,3000,0.0,0.0
2002-07-24 00:00:00+09:00,126.00101967028972,127.7192153930664,126.00101967028972,127.7192153930664,2000,0.0,0.0
2002-07-25 00:00:00+09:00,134.59200439453124,134.59200439453124,127.14648925781249,128.86468505859375,22000,0.0,0.0
2002-07-26 00:00:00+09:00,128.86468505859375,129.43741699218748,128.86468505859375,128.86468505859375,8000,0.0,0.0
2002-07-29 00:00:00+09:00,126.00104323378555,127.14650726318361,123.71011517498945,127.1465072631836,9000,0.0,0.0
2002-07-30 00:00:00+09:00,127.7192153930664,127.7192153930664,127.7192153930664,127.7192153930664,2000,0.0,0.0
2002-07-31 00:00:00+09:00,127.71923356489702,127.71923356489702,126.00103759765625,126.00103759765625,3000,0.0,0.0
2002-08-01 00:00:00+09:00,126.5737695867365,126.5737695867365,126.00103759765625,126.00103759765625,11000,0.0,0.0
2002-08-02 00:00:00+09:00,126.00103759765625,126.00103759765625,126.00103759765625,126.00103759765625,0,0.0,0.0
2002-08-05 00:00:00+09:00,124.28286315089439,127.14652359215923,124.28286315089439,126.57379150390625,5000,0.0,0.0
2002-08-06 00:00:00+09:00,125.42828723996185,126.00101914516716,123.13735961914062,123.13735961914062,15000,0.0,0.0
2002-08-07 00:00:00+09:00,123.13739897438845,126.57379150390626,123.13739897438845,126.57379150390625,5000,0.0,0.0
2002-08-08 00:00:00+09:00,124.85557556152344,124.85557556152344,124.85557556152344,124.85557556152344,4000,0.0,0.0
2002-08-09 00:00:00+09:00,125.42830657958984,125.42830657958984,124.85557458607573,125.42830657958984,15000,0.0,0.0
2002-08-12 00:00:00+09:00,126.57377524848458,127.14650726318361,126.00104323378555,127.1465072631836,6000,0.0,0.0
2002-08-13 00:00:00+09:00,127.14650726318361,127.14650726318361,123.13738316029043,127.1465072631836,14000,0.0,0.0
2002-08-14 00:00:00+09:00,126.00103759765625,126.00103759765625,126.00103759765625,126.00103759765625,5000,0.0,0.0
2002-08-15 00:00:00+09:00,124.2828598022461,125.42832394788891,124.2828598022461,124.2828598022461,5000,0.0,0.0
2002-08-16 00:00:00+09:00,125.42830657958984,125.42830657958984,125.42830657958984,125.42830657958984,0,0.0,0.0
2002-08-19 00:00:00+09:00,126.00103759765625,126.00103759765625,124.28284163041549,126.00103759765625,16000,0.0,0.0
2002-08-20 00:00:00+09:00,126.57377524848458,127.14650726318361,124.28284718968848,127.1465072631836,19000,0.0,0.0
2002-08-21 00:00:00+09:00,124.2828598022461,124.8555918750675,123.71012772942468,124.2828598022461,21000,0.0,0.0
2002-08-22 00:00:00+09:00,124.2828598022461,124.2828598022461,123.13739565660327,124.2828598022461,18000,0.0,0.0
2002-08-23 00:00:00+09:00,124.2828598022461,124.2828598022461,124.2828598022461,124.2828598022461,0,0.0,0.0
2002-08-26 00:00:00+09:00,123.13738151832864,123.71011352539064,123.13738151832864,123.71011352539062,9000,0.0,0.0
2002-08-27 00:00:00+09:00,123.71009152434594,124.28282342955124,123.13735961914062,123.13735961914062,13000,0.0,0.0
2002-08-28 00:00:00+09:00,123.71011352539064,123.71011352539064,123.71011352539064,123.71011352539062,10000,0.0,0.0
2002-08-29 00:00:00+09:00,121.99189580873002,123.13735961914062,121.99189580873002,123.13735961914062,13000,0.0,0.0
2002-08-30 00:00:00+09:00,121.99193151096046,124.2828598022461,121.41919943813905,124.2828598022461,17000,0.0,0.0
2002-09-02 00:00:00+09:00,124.85559509847765,125.42832718608535,122.56466674804688,122.56466674804688,12000,0.0,0.0
2002-09-03 00:00:00+09:00,122.56464951126665,123.71011352539064,120.27372148301868,123.71011352539062,30000,0.0,0.0
2002-09-04 00:00:00+09:00,120.27371121808817,120.84644317626955,114.54639163627445,120.84644317626953,22000,0.0,0.0
2002-09-05 00:00:00+09:00,117.98286437988281,117.98286437988281,117.41013202852416,117.98286437988281,8000,0.0,0.0
2002-09-06 00:00:00+09:00,117.98283211627411,117.98283211627411,114.54643894783894,115.11917114257812,22000,0.0,0.0
2002-09-09 00:00:00+09:00,120.27371978759767,120.27371978759767,120.27371978759767,120.27371978759766,1000,0.0,0.0
2002-09-10 00:00:00+09:00,120.27372540168044,121.419189453125,120.27372540168044,121.419189453125,5000,0.0,0.0
2002-09-11 00:00:00+09:00,121.41916390352472,123.13735961914062,121.41916390352472,123.13735961914062,3000,0.0,0.0
2002-09-12 00:00:00+09:00,123.13738316029043,127.14650726318361,123.13738316029043,127.1465072631836,46000,0.0,0.0
2002-09-13 00:00:00+09:00,126.57377056661805,126.57377056661805,123.1373786055334,125.42830657958984,10000,0.0,0.0
2002-09-16 00:00:00+09:00,125.42830657958984,125.42830657958984,125.42830657958984,125.42830657958984,0,0.0,0.0
2002-09-17 00:00:00+09:00,126.00106375558035,128.2919921875,126.00106375558035,128.2919921875,18000,0.0,0.0
2002-09-18 00:00:00+09:00,127.71923356489702,127.71923356489702,126.00103759765625,126.00103759765625,18000,0.0,0.0
2002-09-19 00:00:00+09:00,126.57375554156198,134.01927057341857,126.57375554156198,130.01014709472656,66000,0.0,0.0
2002-09-20 00:00:00+09:00,128.8646832436717,130.01014709472656,128.8646832436717,130.01014709472656,17000,0.0,0.0
2002-09-23 00:00:00+09:00,130.01014709472656,130.01014709472656,130.01014709472656,130.01014709472656,0,0.0,0.0
2002-09-24 00:00:00+09:00,126.57375732421875,128.86468505859375,126.57375732421875,128.86468505859375,10000,0.0,0.0
2002-09-25 00:00:00+09:00,126.00103759765625,126.00103759765625,126.00103759765625,126.00103759765625,15000,0.0,0.0
2002-09-26 00:00:00+09:00,126.00101967028972,127.7192153930664,126.00101967028972,127.7192153930664,13000,0.0,0.0
2002-09-27 00:00:00+09:00,127.14647915488796,130.58287048339844,127.14647915488796,130.58287048339844,17000,0.0,0.0
2002-09-30 00:00:00+09:00,127.71926007952008,128.2919921875,127.71926007952008,128.2919921875,8000,0.0,0.0
2002-10-01 00:00:00+09:00,127.14648925781249,128.86468505859375,125.42829345703124,128.86468505859375,16000,0.0,0.0
2002-10-02 00:00:00+09:00,130.01014302343532,130.01014302343532,127.7192153930664,127.7192153930664,9000,0.0,0.0
2002-10-03 00:00:00+09:00,124.8556053347704,124.8556053347704,114.5464269126334,117.41008758544922,39000,0.0,0.0
2002-10-04 00:00:00+09:00,117.41008758544923,117.41008758544923,116.83735545088607,117.41008758544922,7000,0.0,0.0
2002-10-07 00:00:00+09:00,117.41005227117256,117.41005227117256,114.54639245968055,115.69185638427734,31000,0.0,0.0
2002-10-08 00:00:00+09:00,114.54640803724956,119.7009963989258,114.54640803724956,119.70099639892578,26000,0.0,0.0
2002-10-09 00:00:00+09:00,116.83736419677733,116.83736419677733,114.5464354870366,116.83736419677734,15000,0.0,0.0
2002-10-10 00:00:00+09:00,115.11912442197895,115.69185638427736,114.54639245968055,115.69185638427734,23000,0.0,0.0
2002-10-11 00:00:00+09:00,115.69185638427736,118.55551619576937,115.69185638427736,115.69185638427734,9000,0.0,0.0
2002-10-14 00:00:00+09:00,115.69185638427736,115.69185638427736,115.69185638427736,115.69185638427734,0,0.0,0.0
2002-10-15 00:00:00+09:00,117.41008758544923,117.41008758544923,115.69189118175973,117.41008758544922,17000,0.0,0.0
2002-10-16 00:00:00+09:00,119.12828398913872,119.70101612370189,117.41008758544923,117.41008758544922,12000,0.0,0.0
2002-10-17 00:00:00+09:00,119.7009877886091,120.27371978759767,119.12825578962054,120.27371978759766,10000,0.0,0.0
2002-10-18 00:00:00+09:00,124.85560780400816,131.7283935546875,120.2737506368886,131.7283935546875,91000,0.0,0.0
2002-10-21 00:00:00+09:00,131.7283574884588,131.7283574884588,126.00103759765625,126.00103759765625,42000,0.0,0.0
2002-10-22 00:00:00+09:00,130.582880859375,130.582880859375,126.57375732421875,128.86468505859375,38000,0.0,0.0
2002-10-23 00:00:00+09:00,127.7192153930664,127.7192153930664,126.57375157788195,127.7192153930664,15000,0.0,0.0
2002-10-24 00:00:00+09:00,126.57375157788195,128.29194730065862,126.00101967028972,127.7192153930664,15000,0.0,0.0
2002-10-25 00:00:00+09:00,126.00103955750072,126.57377155548936,124.85557556152344,124.85557556152344,16000,0.0,0.0
2002-10-28 00:00:00+09:00,124.85559509847765,125.42832718608535,122.56466674804688,122.56466674804688,13000,0.0,0.0
2002-10-29 00:00:00+09:00,121.99190709263229,121.99190709263229,120.27371121808817,120.84644317626953,17000,0.0,0.0
2002-10-30 00:00:00+09:00,120.84642619818028,121.99188995361328,120.27369432046379,121.99188995361328,17000,0.0,0.0
2002-10-31 00:00:00+09:00,121.99188995361328,121.99188995361328,118.55549868731431,121.99188995361328,22000,0.0,0.0
2002-11-01 00:00:00+09:00,120.27369432046379,121.99188995361328,119.7009624427473,121.99188995361328,23000,0.0,0.0
2002-11-04 00:00:00+09:00,121.99188995361328,121.99188995361328,121.99188995361328,121.99188995361328,0,0.0,0.0
2002-11-05 00:00:00+09:00,122.56465350456958,122.56465350456958,121.419189453125,121.419189453125,12000,0.0,0.0
2002-11-06 00:00:00+09:00,121.99190709263229,121.99190709263229,120.27371121808817,120.84644317626953,18000,0.0,0.0
2002-11-07 00:00:00+09:00,120.8464325019597,127.7192153930664,120.8464325019597,127.7192153930664,43000,0.0,0.0
2002-11-08 00:00:00+09:00,123.13737956755752,127.146503553478,123.13737956755752,124.85557556152344,19000,0.0,0.0
2002-11-11 00:00:00+09:00,124.85554934219574,124.85554934219574,121.99188995361328,121.99188995361328,23000,0.0,0.0
2002-11-12 00:00:00+09:00,120.27379378531742,120.27379378531742,117.41013202852416,117.98286437988281,33000,0.0,0.0
2002-11-13 00:00:00+09:00,117.41009932297926,119.70102809025691,116.83736713115985,119.1282958984375,22000,0.0,0.0
2002-11-14 00:00:00+09:00,117.41008758544923,117.9828197200124,116.83735545088607,117.41008758544922,25000,0.0,0.0
2002-11-15 00:00:00+09:00,115.69193497444819,117.98286437988281,115.69193497444819,117.98286437988281,34000,0.0,0.0
2002-11-18 00:00:00+09:00,116.83736772679572,116.83736772679572,115.11917114257812,115.11917114257812,16000,0.0,0.0
2002-11-19 00:00:00+09:00,114.5464354870366,116.83736419677733,113.97370330960142,116.83736419677734,32000,0.0,0.0
2002-11-20 00:00:00+09:00,116.8373277936663,120.27371978759767,116.8373277936663,120.27371978759766,65000,0.0,0.0
2002-11-21 00:00:00+09:00,121.41915807589677,121.99188995361328,120.27369432046379,121.99188995361328,41000,0.0,0.0
2002-11-22 00:00:00+09:00,121.9919908393934,122.56472319075205,117.98286437988281,117.98286437988281,23000,0.0,0.0
2002-11-25 00:00:00+09:00,120.84647048522379,123.13739883565457,117.98281004718531,122.56466674804688,55000,0.0,0.0
2002-11-26 00:00:00+09:00,120.27372540168044,121.419189453125,119.70099337595815,121.419189453125,12000,0.0,0.0
2002-11-27 00:00:00+09:00,120.27373853312359,131.15564820993,120.27373853312359,126.57379150390625,212000,0.0,0.0
2002-11-28 00:00:00+09:00,129.43746061406583,134.59204975356403,128.86472848745493,134.01931762695312,302000,0.0,0.0
2002-11-29 00:00:00+09:00,130.58293523708312,136.8829891301003,130.58293523708312,136.3102569580078,238000,0.0,0.0
2002-12-02 00:00:00+09:00,136.3102569580078,136.3102569580078,136.3102569580078,136.3102569580078,0,0.0,0.0
2002-12-03 00:00:00+09:00,131.1556041346187,132.87379982197177,128.86467655148124,129.43740844726562,51000,0.0,0.0
2002-12-04 00:00:00+09:00,129.43743359601058,129.43743359601058,123.13738151832864,123.71011352539062,134000,0.0,0.0
2002-12-05 00:00:00+09:00,124.85557458607573,126.57377056661805,123.1373786055334,125.42830657958984,51000,0.0,0.0
2002-12-06 00:00:00+09:00,128.29196754945528,128.29196754945528,124.85557556152344,124.85557556152344,26000,0.0,0.0
2002-12-09 00:00:00+09:00,127.14652797154018,128.2919921875,126.00106375558035,128.2919921875,12000,0.0,0.0
2002-12-10 00:00:00+09:00,126.00105602071032,126.00105602071032,120.84646736531764,124.2828598022461,46000,0.0,0.0
2002-12-11 00:00:00+09:00,122.56466358378186,124.2828598022461,121.99193151096046,124.2828598022461,22000,0.0,0.0
2002-12-12 00:00:00+09:00,121.99191367409446,126.00103759765625,121.99191367409446,126.00103759765625,15000,0.0,0.0
2002-12-13 00:00:00+09:00,123.71011352539064,124.28284553245263,123.13738151832864,123.71011352539062,29000,0.0,0.0
2002-12-16 00:00:00+09:00,123.13738864004327,123.13738864004327,119.7009963989258,119.70099639892578,17000,0.0,0.0
2002-12-17 00:00:00+09:00,120.2737000931141,123.13735961914062,119.7009681879088,123.13735961914062,45000,0.0,0.0
2002-12-18 00:00:00+09:00,120.84646047929829,123.13738864004327,117.98280027836705,119.70099639892578,36000,0.0,0.0
2002-12-19 00:00:00+09:00,117.41009932297926,119.1282958984375,116.26463493934044,119.1282958984375,34000,0.0,0.0
2002-12-20 00:00:00+09:00,116.83736419677733,119.12829290651807,116.83736419677733,116.83736419677734,26000,0.0,0.0
2002-12-23 00:00:00+09:00,116.83736419677733,116.83736419677733,116.83736419677733,116.83736419677734,0,0.0,0.0
2002-12-24 00:00:00+09:00,117.41005131763778,119.12824719057882,116.26458740234375,116.26458740234375,56000,0.0,0.0
2002-12-25 00:00:00+09:00,116.83730866188228,123.13735961914062,116.26457675667697,123.13735961914062,72000,0.0,0.0
2002-12-26 00:00:00+09:00,121.41920257283148,123.13739883565457,119.1282742224007,122.56466674804688,6000,0.0,0.0
2002-12-27 00:00:00+09:00,123.13739883565457,125.42832718608535,121.41920257283148,122.56466674804688,31000,0.0,0.0
2002-12-30 00:00:00+09:00,123.71013092326227,126.00105927369304,122.56466674804688,122.56466674804688,18000,0.0,0.0
2002-12-31 00:00:00+09:00,122.56466674804688,122.56466674804688,122.56466674804688,122.56466674804688,0,0.0,0.0
2003-01-01 00:00:00+09:00,122.56466674804688,122.56466674804688,122.56466674804688,122.56466674804688,0,0.0,0.0
2003-01-02 00:00:00+09:00,122.56466674804688,122.56466674804688,122.56466674804688,122.56466674804688,0,0.0,0.0
2003-01-03 00:00:00+09:00,122.56466674804688,122.56466674804688,122.56466674804688,122.56466674804688,0,0.0,0.0
2003-01-06 00:00:00+09:00,122.56464756956888,124.85557556152344,122.56464756956888,124.85557556152344,8000,0.0,0.0
2003-01-07 00:00:00+09:00,124.85557753951463,124.85557753951463,122.56464951126665,123.71011352539062,25000,0.0,0.0
2003-01-08 00:00:00+09:00,123.71012772942468,124.8555918750675,123.13739565660327,124.2828598022461,24000,0.0,0.0
2003-01-09 00:00:00+09:00,123.71012772942468,124.2828598022461,122.56466358378186,124.2828598022461,25000,0.0,0.0
2003-01-10 00:00:00+09:00,123.71009152434594,123.71009152434594,122.56462771393532,123.13735961914062,14000,0.0,0.0
2003-01-13 00:00:00+09:00,123.13735961914062,123.13735961914062,123.13735961914062,123.13735961914062,0,0.0,0.0
2003-01-14 00:00:00+09:00,123.13737956755752,124.85557556152344,122.56464756956888,124.85557556152344,32000,0.0,0.0
2003-01-15 00:00:00+09:00,126.00103857310395,126.00103857310395,124.85557458607573,125.42830657958984,30000,0.0,0.0
2003-01-16 00:00:00+09:00,124.8555792043875,129.4374353219797,124.8555792043875,127.1465072631836,61000,0.0,0.0
2003-01-17 00:00:00+09:00,130.01019711701767,134.0193221382473,129.43746497112772,131.7283935546875,155000,0.0,0.0
2003-01-20 00:00:00+09:00,131.7283342595686,134.01926181190893,129.4374067072283,130.58287048339844,49000,0.0,0.0
2003-01-21 00:00:00+09:00,129.43746497112772,131.7283935546875,129.43746497112772,131.7283935546875,28000,0.0,0.0
2003-01-22 00:00:00+09:00,131.72834472656248,131.72834472656248,128.86468505859375,128.86468505859375,38000,0.0,0.0
2003-01-23 00:00:00+09:00,128.8647242954799,130.58292061941964,127.71926007952008,128.2919921875,18000,0.0,0.0
2003-01-24 00:00:00+09:00,128.86468505859375,130.01014892578124,128.86468505859375,128.86468505859375,30000,0.0,0.0
2003-01-27 00:00:00+09:00,128.29196555397726,128.29196555397726,123.13737765225497,126.00103759765625,66000,0.0,0.0
2003-01-28 00:00:00+09:00,123.13737765225497,126.00103759765625,123.13737765225497,126.00103759765625,27000,0.0,0.0
2003-01-29 00:00:00+09:00,126.00101914516716,126.57375105037246,123.13735961914062,123.13735961914062,31000,0.0,0.0
2003-01-30 00:00:00+09:00,121.99188995361328,124.28281746447925,121.99188995361328,121.99188995361328,23000,0.0,0.0
2003-01-31 00:00:00+09:00,121.41920257283148,124.85559509847765,121.41920257283148,122.56466674804688,16000,0.0,0.0
2003-02-03 00:00:00+09:00,122.56464756956888,124.85557556152344,122.56464756956888,124.85557556152344,31000,0.0,0.0
2003-02-04 00:00:00+09:00,125.42832394788891,125.42832394788891,122.56466358378186,124.2828598022461,36000,0.0,0.0
2003-02-05 00:00:00+09:00,123.71010964133522,126.00103759765625,123.71010964133522,126.00103759765625,22000,0.0,0.0
2003-02-06 00:00:00+09:00,126.00104155363861,128.86470158894858,123.71011352539064,123.71011352539062,51000,0.0,0.0
2003-02-07 00:00:00+09:00,127.71921104297304,131.15560237148352,125.42828349063272,130.58287048339844,72000,0.0,0.0
2003-02-10 00:00:00+09:00,131.1556674091756,136.8829891301003,130.58293523708312,136.3102569580078,157000,0.0,0.0
2003-02-11 00:00:00+09:00,136.3102569580078,136.3102569580078,136.3102569580078,136.3102569580078,0,0.0,0.0
2003-02-12 00:00:00+09:00,139.74659179687498,144.328447265625,138.02839599609374,143.1829833984375,340000,0.0,0.0
2003-02-13 00:00:00+09:00,140.89209413134364,140.89209413134364,134.5920411417307,138.60116577148438,61000,0.0,0.0
2003-02-14 00:00:00+09:00,136.88296950158994,139.746629951414,136.31023741162514,138.60116577148438,66000,0.0,0.0
2003-02-17 00:00:00+09:00,142.0375693716654,143.18303364079173,140.3193729679759,140.89210510253906,100000,0.0,0.0
2003-02-18 00:00:00+09:00,139.17387197066327,140.89206792091838,137.45567602040816,140.3193359375,45000,0.0,0.0
2003-02-19 00:00:00+09:00,139.1738978614492,140.3193620413788,137.45570159155477,138.60116577148438,53000,0.0,0.0
2003-02-20 00:00:00+09:00,137.45571474485757,137.45571474485757,134.5920540210064,135.73751831054688,68000,0.0,0.0
2003-02-21 00:00:00+09:00,134.0193110781166,134.0193110781166,129.43745428912118,133.4465789794922,63000,0.0,0.0
2003-02-24 00:00:00+09:00,135.73751400678586,135.73751400678586,133.44658550034222,134.01931762695312,16000,0.0,0.0
2003-02-25 00:00:00+09:00,135.73745747616417,135.73745747616417,130.58287048339844,130.58287048339844,35000,0.0,0.0
2003-02-26 00:00:00+09:00,132.30111478224333,133.4465789794922,129.43745428912118,133.4465789794922,30000,0.0,0.0
2003-02-27 00:00:00+09:00,129.43745855473014,131.15565490722656,128.29199431973254,131.15565490722656,42000,0.0,0.0
2003-02-28 00:00:00+09:00,131.15560237148352,131.15560237148352,130.58287048339844,130.58287048339844,22000,0.0,0.0
2003-03-03 00:00:00+09:00,131.15565699389856,134.01931762695312,131.15565699389856,134.01931762695312,52000,0.0,0.0
2003-03-04 00:00:00+09:00,134.01931762695312,134.01931762695312,132.8738533737313,134.01931762695312,16000,0.0,0.0
2003-03-05 00:00:00+09:00,134.01935450777094,134.5920867919922,131.1556930866647,134.5920867919922,66000,0.0,0.0
2003-03-06 00:00:00+09:00,136.31024613339676,136.31024613339676,133.44658550034222,134.01931762695312,22000,0.0,0.0
2003-03-07 00:00:00+09:00,134.59205428413725,134.59205428413725,130.01019711701767,131.7283935546875,28000,0.0,0.0
2003-03-10 00:00:00+09:00,129.43740844726562,130.01014034304998,127.14648086412816,129.43740844726562,39000,0.0,0.0
2003-03-11 00:00:00+09:00,127.14650726318361,128.29197129258165,127.14650726318361,127.1465072631836,28000,0.0,0.0
2003-03-12 00:00:00+09:00,127.14648086412816,129.43740844726562,127.14648086412816,129.43740844726562,13000,0.0,0.0
2003-03-13 00:00:00+09:00,129.4374067072283,130.58287048339844,128.8646748191432,130.58287048339844,6000,0.0,0.0
2003-03-14 00:00:00+09:00,132.8738578464674,132.8738578464674,130.5829292629076,131.7283935546875,7000,0.0,0.0
2003-03-17 00:00:00+09:00,128.86472643723133,131.15565490722656,128.86472643723133,131.15565490722656,25000,0.0,0.0
2003-03-18 00:00:00+09:00,132.87384688086775,133.4465789794922,132.87384688086775,133.4465789794922,7000,0.0,0.0
2003-03-19 00:00:00+09:00,132.30112570057744,132.30112570057744,130.01019711701767,131.7283935546875,28000,0.0,0.0
2003-03-20 00:00:00+09:00,131.15567424379546,132.87387084960938,131.15567424379546,132.87387084960938,12000,0.0,0.0
2003-03-21 00:00:00+09:00,132.87387084960938,132.87387084960938,132.87387084960938,132.87387084960938,0,0.0,0.0
2003-03-24 00:00:00+09:00,132.87384688086775,135.16477527536549,132.30111478224333,133.4465789794922,71000,0.0,0.0
2003-03-25 00:00:00+09:00,133.44658550034222,134.01931762695312,132.3011212471204,134.01931762695312,46000,0.0,0.0
2003-03-26 00:00:00+09:00,134.6071162266014,134.6071162266014,131.66809622165374,132.8437042236328,10000,6.0,0.0
2003-03-27 00:00:00+09:00,130.49249308268227,133.4315131971571,130.49249308268227,132.2559051513672,12000,0.0,0.0
2003-03-28 00:00:00+09:00,132.25585355886963,132.25585355886963,131.0802459716797,131.0802459716797,6000,0.0,0.0
2003-03-31 00:00:00+09:00,131.08026604179864,131.08026604179864,129.9046582746076,130.49246215820312,26000,0.0,0.0
2003-04-01 00:00:00+09:00,129.9046582746076,130.49246215820312,129.31685439101213,130.49246215820312,20000,0.0,0.0
2003-04-02 00:00:00+09:00,129.90463838448972,131.0802459716797,129.31683459089476,131.0802459716797,21000,0.0,0.0
2003-04-03 00:00:00+09:00,131.66810112847222,132.2559051513672,131.08029710557724,132.2559051513672,30000,0.0,0.0
2003-04-04 00:00:00+09:00,132.25589049489875,134.60710632591918,131.08028257938852,134.01930236816406,14000,0.0,0.0
2003-04-07 00:00:00+09:00,134.01931722005207,134.01931722005207,132.2559051513672,132.2559051513672,15000,0.0,0.0
2003-04-08 00:00:00+09:00,133.4315131971571,133.4315131971571,132.2559051513672,132.2559051513672,10000,0.0,0.0
2003-04-09 00:00:00+09:00,132.8437042236328,133.43150822462232,132.25590022264328,132.8437042236328,12000,0.0,0.0
2003-04-10 00:00:00+09:00,134.01930780825407,135.19491577148438,133.43150382663893,135.19491577148438,22000,0.0,0.0
2003-04-11 00:00:00+09:00,134.60710632591918,135.19491028367426,134.01930236816406,134.01930236816406,19000,0.0,0.0
2003-04-14 00:00:00+09:00,133.43150822462232,134.01931222561186,132.8437042236328,132.8437042236328,12000,0.0,0.0
2003-04-15 00:00:00+09:00,138.13391595824152,139.30952375363083,135.78270036746295,137.54611206054688,38000,0.0,0.0
2003-04-16 00:00:00+09:00,139.30952375363083,139.30952375363083,137.54611206054688,137.54611206054688,27000,0.0,0.0
2003-04-17 00:00:00+09:00,138.1339569091797,138.1339569091797,136.95834876527178,138.1339569091797,4000,0.0,0.0
2003-04-18 00:00:00+09:00,136.95834850442822,136.95834850442822,135.19493629192485,136.37054443359375,32000,0.0,0.0
2003-04-21 00:00:00+09:00,138.13393068520023,138.13393068520023,135.78271484375,135.78271484375,16000,0.0,0.0
2003-04-22 00:00:00+09:00,138.7217166631548,146.95097104147754,138.7217166631548,141.66073608398438,215000,0.0,0.0
2003-04-23 00:00:00+09:00,142.83637923228588,142.83637923228588,139.30955505371094,139.30955505371094,59000,0.0,0.0
2003-04-24 00:00:00+09:00,141.07293544671475,141.07293544671475,135.78270036746295,137.54611206054688,21000,0.0,0.0
2003-04-25 00:00:00+09:00,137.546131697945,137.546131697945,132.8436998450238,135.19491577148438,51000,0.0,0.0
2003-04-28 00:00:00+09:00,139.30953860592533,139.30953860592533,135.19491088338745,135.78271484375,21000,0.0,0.0
2003-04-29 00:00:00+09:00,135.78271484375,135.78271484375,135.78271484375,135.78271484375,0,0.0,0.0
2003-04-30 00:00:00+09:00,135.7827197530995,137.546131697945,135.19491577148438,135.19491577148438,13000,0.0,0.0
2003-05-01 00:00:00+09:00,135.7827212920249,140.4851531982422,135.7827212920249,140.4851531982422,40000,0.0,0.0
2003-05-02 00:00:00+09:00,139.89733330678132,140.4851372282384,138.7217254638672,138.7217254638672,45000,0.0,0.0
2003-05-05 00:00:00+09:00,138.7217254638672,138.7217254638672,138.7217254638672,138.7217254638672,0,0.0,0.0
2003-05-06 00:00:00+09:00,139.89735984017327,144.59979210370852,138.72175177428946,142.8363800048828,107000,0.0,0.0
2003-05-07 00:00:00+09:00,148.7143976651705,154.00463315523587,146.36318189180813,152.8290252685547,462000,0.0,0.0
2003-05-08 00:00:00+09:00,151.65343615722657,151.65343615722657,146.36320001220705,146.9510040283203,137000,0.0,0.0
2003-05-09 00:00:00+09:00,149.88998977126778,152.82900917854755,148.71438200835587,151.0655975341797,127000,0.0,0.0
2003-05-12 00:00:00+09:00,151.6534186341709,159.2948699606989,151.6534186341709,156.35585021972656,313000,0.0,0.0
2003-05-13 00:00:00+09:00,156.94366295393124,156.94366295393124,150.4778191618217,151.65342712402344,144000,0.0,0.0
2003-05-14 00:00:00+09:00,149.8899858847432,153.41680908203125,147.5387704198845,153.41680908203125,86000,0.0,0.0
2003-05-15 00:00:00+09:00,152.24120444951095,152.8290083276944,149.30218505859375,149.30218505859375,55000,0.0,0.0
2003-05-16 00:00:00+09:00,148.71440184116364,150.47781372070312,147.53879392147064,150.47781372070312,62000,0.0,0.0
2003-05-19 00:00:00+09:00,149.88998413085938,149.88998413085938,145.18755325616576,149.88998413085938,69000,0.0,0.0
2003-05-20 00:00:00+09:00,146.36318600177765,150.47781372070312,145.77538204193115,150.47781372070312,36000,0.0,0.0
2003-05-21 00:00:00+09:00,155.76805606032863,156.94366403059524,151.65342816439542,155.1802520751953,253000,0.0,0.0
2003-05-22 00:00:00+09:00,155.7680871984461,162.82173643007386,155.18028309581044,160.47052001953125,350000,0.0,0.0
2003-05-23 00:00:00+09:00,158.7070770263672,159.8826850043403,155.76805708143448,158.7070770263672,121000,0.0,0.0
2003-05-26 00:00:00+09:00,157.5314669350321,157.5314669350321,151.0656231429226,151.65342712402344,53000,0.0,0.0
2003-05-27 00:00:00+09:00,150.47782855731225,152.82904462852025,148.12661248610425,148.71441650390625,73000,0.0,0.0
2003-05-28 00:00:00+09:00,150.4778094951923,152.8290252685547,148.7143976651705,152.8290252685547,89000,0.0,0.0
2003-05-29 00:00:00+09:00,152.8290034275429,152.8290034275429,149.88998413085938,149.88998413085938,17000,0.0,0.0
2003-05-30 00:00:00+09:00,150.47778799019608,152.8290034275429,149.88998413085938,149.88998413085938,70000,0.0,0.0
2003-06-02 00:00:00+09:00,151.06563421285375,156.35587043042452,151.06563421285375,155.76806640625,130000,0.0,0.0
2003-06-03 00:00:00+09:00,156.943603515625,158.70701479108146,156.35579975713952,156.943603515625,125000,0.0,0.0
2003-06-04 00:00:00+09:00,156.94367445459903,158.70708652712264,155.76806640625,155.76806640625,78000,0.0,0.0
2003-06-05 00:00:00+09:00,155.7680215408553,157.53143310546875,154.592413831113,157.53143310546875,31000,0.0,0.0
2003-06-06 00:00:00+09:00,158.1192825029481,158.70708652712264,154.59245835790094,155.76806640625,42000,0.0,0.0
2003-06-09 00:00:00+09:00,158.11926206430996,158.11926206430996,155.7680462715321,156.35585021972656,39000,0.0,0.0
2003-06-10 00:00:00+09:00,156.94367445459903,156.94367445459903,155.18026238207545,155.76806640625,29000,0.0,0.0
2003-06-11 00:00:00+09:00,155.76806640625,156.35587043042452,152.82904628537736,155.76806640625,67000,0.0,0.0
2003-06-12 00:00:00+09:00,156.35584958152626,156.35584958152626,154.0046337983454,154.59243774414062,24000,0.0,0.0
2003-06-13 00:00:00+09:00,155.1802341433337,164.58509681868725,153.4168223917049,161.0582733154297,137000,0.0,0.0
2003-06-16 00:00:00+09:00,161.0583241221669,161.0583241221669,158.70710771162433,160.47052001953125,86000,0.0,0.0
2003-06-17 00:00:00+09:00,160.4704686689201,161.64607649799643,159.29486083984375,159.29486083984375,41000,0.0,0.0
2003-06-18 00:00:00+09:00,159.29488101535375,159.29488101535375,156.355861070421,158.7070770263672,37000,0.0,0.0
2003-06-19 00:00:00+09:00,158.1192825029481,158.1192825029481,154.59245835790094,155.76806640625,26000,0.0,0.0
2003-06-20 00:00:00+09:00,155.18024232333767,157.5314581161155,154.00463442694874,156.35585021972656,47000,0.0,0.0
2003-06-23 00:00:00+09:00,156.3558508436919,158.7070666458527,155.76804689315173,158.1192626953125,37000,0.0,0.0
2003-06-24 00:00:00+09:00,157.5314072741105,158.11921103259598,155.76799599865404,156.943603515625,24000,0.0,0.0
2003-06-25 00:00:00+09:00,156.35589130108175,163.99734463534514,155.7680871984461,160.47052001953125,106000,0.0,0.0
2003-06-26 00:00:00+09:00,163.40948898426805,163.40948898426805,156.3558419777529,161.0582733154297,62000,0.0,0.0
2003-06-27 00:00:00+09:00,161.6461181640625,162.23392223011362,159.29490189985793,161.6461181640625,36000,0.0,0.0
2003-06-30 00:00:00+09:00,162.23386838663595,167.52410322533058,162.23386838663595,166.34849548339844,168000,0.0,0.0
2003-07-01 00:00:00+09:00,165.76076758248465,165.76076758248465,162.82174688066755,164.5851593017578,63000,0.0,0.0
2003-07-02 00:00:00+09:00,164.58512628357545,178.69242282216763,164.58512628357545,175.75340270996094,257000,0.0,0.0
2003-07-03 00:00:00+09:00,175.1655660695043,175.7533699824892,167.5241152007004,170.463134765625,144000,0.0,0.0
2003-07-04 00:00:00+09:00,168.11198414393834,168.11198414393834,164.5851593017578,164.5851593017578,14000,0.0,0.0
2003-07-07 00:00:00+09:00,162.82172657259932,165.7607469078448,162.82172657259932,163.40953063964844,48000,0.0,0.0
2003-07-08 00:00:00+09:00,163.99727617323606,170.4631186030052,162.82166845873257,168.69970703125,97000,0.0,0.0
2003-07-09 00:00:00+09:00,163.40955102103098,165.76076758248465,163.40955102103098,164.5851593017578,44000,0.0,0.0
2003-07-10 00:00:00+09:00,165.17290772782997,166.93631955410572,164.58510378573803,165.76071166992188,28000,0.0,0.0
2003-07-11 00:00:00+09:00,166.34853140847727,167.52413940429688,161.64609942519874,167.52413940429688,61000,0.0,0.0
2003-07-14 00:00:00+09:00,168.69972302667026,173.40215433054956,167.5241152007004,170.463134765625,76000,0.0,0.0
2003-07-15 00:00:00+09:00,176.34119635460362,179.8680202816957,173.40217641536023,175.16558837890625,163000,0.0,0.0
2003-07-16 00:00:00+09:00,175.1655660695043,175.1655660695043,168.69972302667026,170.463134765625,27000,0.0,0.0
2003-07-17 00:00:00+09:00,167.5241800035749,167.5241800035749,164.5851593017578,164.5851593017578,54000,0.0,0.0
2003-07-18 00:00:00+09:00,163.99729919433594,167.5241228329238,162.82169131480666,163.99729919433594,73000,0.0,0.0
2003-07-21 00:00:00+09:00,163.99729919433594,163.99729919433594,163.99729919433594,163.99729919433594,0,0.0,0.0
2003-07-22 00:00:00+09:00,166.93634033203125,167.52414434728487,166.3485363167776,166.93634033203125,27000,0.0,0.0
2003-07-23 00:00:00+09:00,169.87531474575346,169.87531474575346,166.93629545949477,168.69970703125,30000,0.0,0.0
2003-07-24 00:00:00+09:00,169.2875580658784,173.989990234375,166.93634198163008,173.989990234375,20000,0.0,0.0
2003-07-25 00:00:00+09:00,176.3411865234375,176.3411865234375,173.989970703125,176.3411865234375,57000,0.0,0.0
2003-07-28 00:00:00+09:00,178.10461470660042,179.86802673339844,175.7533986708697,179.86802673339844,43000,0.0,0.0
2003-07-29 00:00:00+09:00,179.86797818270597,179.86797818270597,171.63872427892204,174.57774353027344,19000,0.0,0.0
2003-07-30 00:00:00+09:00,174.5777456037674,174.5777456037674,167.52409931674651,168.69970703125,40000,0.0,0.0
2003-07-31 00:00:00+09:00,168.69978849855187,171.63880920410156,168.69978849855187,171.63880920410156,37000,0.0,0.0
2003-08-01 00:00:00+09:00,172.8143358458431,173.98994357268558,172.22653198242188,172.22653198242188,10000,0.0,0.0
2003-08-04 00:00:00+09:00,172.22657817118878,173.989990234375,171.6387741501267,173.989990234375,20000,0.0,0.0
2003-08-05 00:00:00+09:00,175.7533986708697,182.8070467780618,175.16559466193704,179.86802673339844,88000,0.0,0.0
2003-08-06 00:00:00+09:00,176.34122805854383,185.158289461471,173.4022075909014,183.98268127441406,125000,0.0,0.0
2003-08-07 00:00:00+09:00,186.92159565414383,190.44841821365597,185.15818437438776,187.5093994140625,88000,0.0,0.0
2003-08-08 00:00:00+09:00,184.57042899498572,184.57042899498572,177.51678202702448,183.3948211669922,37000,0.0,0.0
2003-08-11 00:00:00+09:00,183.39483700706847,185.1582489013672,181.63142511276973,185.1582489013672,32000,0.0,0.0
2003-08-12 00:00:00+09:00,186.33387677845846,186.33387677845846,179.2802284461509,182.8070526123047,23000,0.0,0.0
2003-08-13 00:00:00+09:00,183.39483700706847,185.1582489013672,183.39483700706847,185.1582489013672,27000,0.0,0.0
2003-08-14 00:00:00+09:00,184.57045425907256,184.57045425907256,181.0436302923387,182.21923828125,22000,0.0,0.0
2003-08-15 00:00:00+09:00,191.03628540039062,191.03628540039062,191.03628540039062,191.03628540039062,84000,0.0,0.0
2003-08-18 00:00:00+09:00,193.97534748506266,198.67778015136722,191.0363270686223,198.6777801513672,79000,0.0,0.0
2003-08-19 00:00:00+09:00,198.67775411091878,198.67775411091878,193.38751805471088,196.3265380859375,26000,0.0,0.0
2003-08-20 00:00:00+09:00,196.32653808593747,196.32653808593747,194.56312606720152,196.3265380859375,30000,0.0,0.0
2003-08-21 00:00:00+09:00,196.32649628610324,196.32649628610324,192.79967299952654,193.97528076171875,17000,0.0,0.0
2003-08-22 00:00:00+09:00,195.73874864345643,196.91435674341713,192.7997283935547,192.7997283935547,27000,0.0,0.0
2003-08-25 00:00:00+09:00,192.2118926907178,192.2118926907178,185.1582452525263,189.2728729248047,32000,0.0,0.0
2003-08-26 00:00:00+09:00,186.92165771484375,191.03628540039062,186.92165771484375,191.03628540039062,10000,0.0,0.0
2003-08-27 00:00:00+09:00,193.97531515304516,193.97531515304516,189.86068725585935,189.86068725585938,16000,0.0,0.0
2003-08-28 00:00:00+09:00,189.27285612082179,189.27285612082179,185.74603271484375,185.74603271484375,39000,0.0,0.0
2003-08-29 00:00:00+09:00,188.09728199850298,196.32653808593747,185.7460659735217,196.3265380859375,49000,0.0,0.0
2003-09-01 00:00:00+09:00,196.91434001112117,207.49481201171872,196.91434001112117,207.49481201171875,166000,0.0,0.0
2003-09-02 00:00:00+09:00,205.14353366818827,205.14353366818827,202.79231838259298,203.96792602539062,36000,0.0,0.0
2003-09-03 00:00:00+09:00,203.96799109963808,203.96799109963808,197.50214700137866,199.85336303710938,13000,0.0,0.0
2003-09-04 00:00:00+09:00,199.85332042247327,199.85332042247327,195.7386932373047,195.7386932373047,10000,0.0,0.0
2003-09-05 00:00:00+09:00,199.26557294333853,199.26557294333853,192.7997283935547,192.7997283935547,34000,0.0,0.0
2003-09-08 00:00:00+09:00,193.9753622937558,196.91438293457028,193.9753622937558,196.9143829345703,38000,0.0,0.0
2003-09-09 00:00:00+09:00,196.9143420921828,201.61677414214537,194.56312606720152,196.3265380859375,43000,0.0,0.0
2003-09-10 00:00:00+09:00,195.73869155743802,199.85331870729408,192.2118682861328,192.2118682861328,36000,0.0,0.0
2003-09-11 00:00:00+09:00,193.97528478704348,193.97528478704348,190.44846142727906,191.6240692138672,65000,0.0,0.0
2003-09-12 00:00:00+09:00,190.4484927625541,196.91433665264083,188.68508079253047,195.1509246826172,36000,0.0,0.0
2003-09-15 00:00:00+09:00,195.1509246826172,195.1509246826172,195.1509246826172,195.1509246826172,0,0.0,0.0
2003-09-16 00:00:00+09:00,195.1509246826172,198.6777486226645,195.1509246826172,195.1509246826172,28000,0.0,0.0
2003-09-17 00:00:00+09:00,196.3265389835133,201.0289710549747,193.97532294778262,199.85336303710938,38000,0.0,0.0
2003-09-18 00:00:00+09:00,199.85335860141487,202.20457458496094,199.85335860141487,202.20457458496094,24000,0.0,0.0
2003-09-19 00:00:00+09:00,195.1508893537092,198.08990877168674,195.1508893537092,195.7386932373047,6000,0.0,0.0
2003-09-22 00:00:00+09:00,195.7387746782445,198.0899911908961,192.21194990926713,196.9143829345703,100000,0.0,0.0
2003-09-23 00:00:00+09:00,196.91438293457028,196.91438293457028,196.91438293457028,196.9143829345703,0,0.0,0.0
2003-09-24 00:00:00+09:00,193.9752407731681,193.9752407731681,185.74598813430643,187.5093994140625,8000,0.0,0.0
2003-09-25 00:00:00+09:00,178.69238590288765,185.74603271484375,178.69238590288765,185.74603271484375,14000,0.0,0.0
2003-09-26 00:00:00+09:00,183.39481711085838,185.74603271484375,183.39481711085838,185.74603271484375,25000,0.0,0.0
2003-09-29 00:00:00+09:00,185.74604031922385,185.74604031922385,179.2801971435547,179.2801971435547,47000,0.0,0.0
2003-09-30 00:00:00+09:00,179.8680223034274,182.21923828125,179.8680223034274,182.21923828125,9000,0.0,0.0
2003-10-01 00:00:00+09:00,179.86798660476487,182.21920211593826,179.86798660476487,181.04359436035156,18000,0.0,0.0
2003-10-02 00:00:00+09:00,181.631444943179,185.15826911683297,181.631444943179,184.57046508789062,22000,0.0,0.0
2003-10-03 00:00:00+09:00,185.1582489013672,186.92166079566593,183.9826409718347,185.1582489013672,24000,0.0,0.0
2003-10-06 00:00:00+09:00,185.1582582535282,185.74606224798387,182.21923828125,182.21923828125,31000,0.0,0.0
2003-10-07 00:00:00+09:00,183.39484627016128,183.98265026461692,182.21923828125,182.21923828125,12000,0.0,0.0
2003-10-08 00:00:00+09:00,181.63143328616493,181.63143328616493,178.69241333007812,178.69241333007812,13000,0.0,0.0
2003-10-09 00:00:00+09:00,177.51678536837218,179.8680010686155,175.16556966812882,179.2801971435547,19000,0.0,0.0
2003-10-10 00:00:00+09:00,177.5167694091797,179.86798489804298,176.34116166474803,177.5167694091797,70000,0.0,0.0
2003-10-13 00:00:00+09:00,177.5167694091797,177.5167694091797,177.5167694091797,177.5167694091797,0,0.0,0.0
2003-10-14 00:00:00+09:00,177.51677422507657,179.28018588956408,176.92897033691406,176.92897033691406,25000,0.0,0.0
2003-10-15 00:00:00+09:00,177.5167694091797,179.28018102582715,177.5167694091797,177.5167694091797,16000,0.0,0.0
2003-10-16 00:00:00+09:00,178.1046164170751,186.9216766357422,178.1046164170751,186.9216766357422,88000,0.0,0.0
2003-10-17 00:00:00+09:00,188.097265625,191.03628540039062,186.33385375976562,191.03628540039062,41000,0.0,0.0
2003-10-20 00:00:00+09:00,191.62408935546875,191.62408935546875,188.097265625,191.03628540039062,32000,0.0,0.0
2003-10-21 00:00:00+09:00,208.6703565965812,208.6703565965812,199.85329927559889,203.96792602539062,256000,0.0,0.0
2003-10-22 00:00:00+09:00,206.3191607505865,206.3191607505865,195.15088709172284,201.61672973632812,72000,0.0,0.0
2003-10-23 00:00:00+09:00,191.62407000231525,196.32650116801625,186.92163883661428,193.38748168945312,43000,0.0,0.0
2003-10-24 00:00:00+09:00,190.4484845842634,193.38750440809463,185.1582489013672,185.1582489013672,41000,0.0,0.0
2003-10-27 00:00:00+09:00,188.09726872519843,188.09726872519843,185.1582489013672,185.1582489013672,3000,0.0,0.0
2003-10-28 00:00:00+09:00,185.74602870941163,188.0972442626953,185.1582248210907,188.0972442626953,7000,0.0,0.0
2003-10-29 00:00:00+09:00,191.03628478435255,191.03628478435255,187.5094610652568,189.2728729248047,13000,0.0,0.0
2003-10-30 00:00:00+09:00,186.33381652832034,186.9216203659491,185.15820885306277,186.3338165283203,16000,0.0,0.0
2003-10-31 00:00:00+09:00,186.9216203659491,186.9216203659491,186.33381652832034,186.3338165283203,12000,0.0,0.0
2003-11-03 00:00:00+09:00,186.33381652832034,186.33381652832034,186.33381652832034,186.3338165283203,0,0.0,0.0
2003-11-04 00:00:00+09:00,186.92163648605347,189.8606559276581,186.92163648605347,188.0972442626953,7000,0.0,0.0
2003-11-05 00:00:00+09:00,189.86068725585935,191.03629522648387,188.0972752999226,189.86068725585938,14000,0.0,0.0
2003-11-06 00:00:00+09:00,192.2118682861328,192.2118682861328,189.2728488933785,192.2118682861328,29000,0.0,0.0
2003-11-07 00:00:00+09:00,191.03630560415763,191.03630560415763,189.8606975696705,190.44850158691406,11000,0.0,0.0
2003-11-10 00:00:00+09:00,190.44850158691406,192.21191363864475,190.44850158691406,190.44850158691406,14000,0.0,0.0
2003-11-11 00:00:00+09:00,190.44850497230456,190.44850497230456,182.2192485846124,182.8070526123047,16000,0.0,0.0
2003-11-12 00:00:00+09:00,182.21927383570994,182.21927383570994,181.63146972656247,181.6314697265625,15000,0.0,0.0
2003-11-13 00:00:00+09:00,182.21919358378707,182.21919358378707,173.40213582973288,174.57774353027344,34000,0.0,0.0
2003-11-14 00:00:00+09:00,176.34120673240227,176.34120673240227,175.75340270996094,175.75340270996094,4000,0.0,0.0
2003-11-17 00:00:00+09:00,172.81438003485738,174.5777920760294,164.58512384272132,165.1729278564453,23000,0.0,0.0
2003-11-18 00:00:00+09:00,162.23388801737036,165.76071166992188,162.23388801737036,165.76071166992188,38000,0.0,0.0
2003-11-19 00:00:00+09:00,164.5851031341006,164.5851031341006,162.82169131480666,163.99729919433594,23000,0.0,0.0
2003-11-20 00:00:00+09:00,165.1729425603693,165.1729425603693,161.6461181640625,161.6461181640625,8000,0.0,0.0
2003-11-21 00:00:00+09:00,161.05831409801135,163.4095303622159,158.7070978338068,161.6461181640625,30000,0.0,0.0
2003-11-24 00:00:00+09:00,161.6461181640625,161.6461181640625,161.6461181640625,161.6461181640625,0,0.0,0.0
2003-11-25 00:00:00+09:00,162.23392250555023,163.99733470669753,162.23392250555023,163.40953063964844,22000,0.0,0.0
2003-11-26 00:00:00+09:00,169.87539678077175,171.63880920410156,169.2875926396618,171.63880920410156,14000,0.0,0.0
2003-11-27 00:00:00+09:00,171.63875240749783,172.22655635409885,169.28753662109375,169.28753662109375,8000,0.0,0.0
2003-11-28 00:00:00+09:00,171.63874259159482,171.63874259159482,165.76070346174566,170.463134765625,28000,0.0,0.0
2003-12-01 00:00:00+09:00,169.28753725032217,171.0509490966797,169.28753725032217,171.0509490966797,40000,0.0,0.0
2003-12-02 00:00:00+09:00,177.51676675321298,177.51676675321298,172.22653198242188,172.22653198242188,3000,0.0,0.0
2003-12-03 00:00:00+09:00,172.22657817118878,176.34120631862334,172.22657817118878,173.989990234375,18000,0.0,0.0
2003-12-04 00:00:00+09:00,176.3411775182505,179.2801971435547,176.3411775182505,179.2801971435547,9000,0.0,0.0
2003-12-05 00:00:00+09:00,185.1582553733613,190.4484912411716,185.1582553733613,189.86068725585938,43000,0.0,0.0
2003-12-08 00:00:00+09:00,189.86068725585935,189.86068725585935,185.1582553733613,189.86068725585938,52000,0.0,0.0
2003-12-09 00:00:00+09:00,189.8606559276581,189.8606559276581,188.0972442626953,188.0972442626953,16000,0.0,0.0
2003-12-10 00:00:00+09:00,188.09727822580643,188.09727822580643,182.21923828125,182.21923828125,29000,0.0,0.0
2003-12-11 00:00:00+09:00,182.21924897212133,184.57046508789062,182.21924897212133,184.57046508789062,29000,0.0,0.0
2003-12-12 00:00:00+09:00,185.74607979379047,192.7997283935547,185.74607979379047,192.7997283935547,24000,0.0,0.0
2003-12-15 00:00:00+09:00,199.8534035753848,199.8534035753848,192.79975403743,196.9143829345703,56000,0.0,0.0
2003-12-16 00:00:00+09:00,188.68504523128445,203.38014221191406,188.09724135205926,203.38014221191406,142000,0.0,0.0
2003-12-17 00:00:00+09:00,201.61675475000285,202.20455869971133,196.91432315233516,200.44114685058594,56000,0.0,0.0
2003-12-18 00:00:00+09:00,200.44116704604204,200.44116704604204,197.50214700137866,199.85336303710938,39000,0.0,0.0
2003-12-19 00:00:00+09:00,200.44120770354766,200.44120770354766,193.9753622937558,196.9143829345703,32000,0.0,0.0
2003-12-22 00:00:00+09:00,196.91430016719934,196.91430016719934,193.97528076171878,193.97528076171875,21000,0.0,0.0
2003-12-23 00:00:00+09:00,193.97528076171878,193.97528076171878,193.97528076171878,193.97528076171875,0,0.0,0.0
2003-12-24 00:00:00+09:00,193.97528076171878,193.97528076171878,191.03626135623819,193.97528076171875,21000,0.0,0.0
2003-12-25 00:00:00+09:00,193.97530517578124,193.97530517578124,186.33385375976562,191.03628540039062,52000,0.0,0.0
2003-12-26 00:00:00+09:00,192.79975403743,196.91438293457028,192.21194990926713,196.9143829345703,37000,0.0,0.0
2003-12-29 00:00:00+09:00,199.85335954938614,205.7313995361328,199.85335954938614,205.7313995361328,38000,0.0,0.0
2003-12-30 00:00:00+09:00,205.7313577288148,205.7313577288148,202.7923383326889,203.38014221191406,35000,0.0,0.0
2003-12-31 00:00:00+09:00,203.38014221191406,203.38014221191406,203.38014221191406,203.38014221191406,0,0.0,0.0
2004-01-01 00:00:00+09:00,203.38014221191406,203.38014221191406,203.38014221191406,203.38014221191406,0,0.0,0.0
2004-01-02 00:00:00+09:00,203.38014221191406,203.38014221191406,203.38014221191406,203.38014221191406,0,0.0,0.0
2004-01-05 00:00:00+09:00,205.73133580824907,211.60937397419906,204.55572817505907,209.84596252441406,138000,0.0,0.0
2004-01-06 00:00:00+09:00,211.60943952287946,211.60943952287946,205.7313995361328,205.7313995361328,101000,0.0,0.0
2004-01-07 00:00:00+09:00,209.8459711074829,217.4874210357666,205.14354038238525,216.3118133544922,304000,0.0,0.0
2004-01-08 00:00:00+09:00,219.250812313421,220.4264198861471,211.60936309070124,216.89959716796875,145000,0.0,0.0
2004-01-09 00:00:00+09:00,216.31183575569312,225.71669817985372,215.7240318541831,221.01426696777344,186000,0.0,0.0
2004-01-12 00:00:00+09:00,221.0142669677734,221.0142669677734,221.0142669677734,221.01426696777344,0,0.0,0.0
2004-01-13 00:00:00+09:00,223.36555004119873,226.30457043647766,221.0143337249756,225.71676635742188,82000,0.0,0.0
2004-01-14 00:00:00+09:00,225.71671695172634,232.18256040607267,223.36550115014586,229.8313446044922,112000,0.0,0.0
2004-01-15 00:00:00+09:00,228.65572773326528,228.65572773326528,219.8386688232422,219.8386688232422,96000,0.0,0.0
2004-01-16 00:00:00+09:00,222.77763503159935,222.77763503159935,215.72398959524264,216.89959716796875,32000,0.0,0.0
2004-01-19 00:00:00+09:00,217.48741916878515,222.18984985351565,215.72400766201122,222.18984985351562,33000,0.0,0.0
2004-01-20 00:00:00+09:00,219.83871959041974,220.42652365349574,219.25091552734378,219.25091552734375,26000,0.0,0.0
2004-01-21 00:00:00+09:00,222.18990109092312,232.18256860030326,221.6020971197831,223.36550903320312,69000,0.0,0.0
2004-01-22 00:00:00+09:00,225.71672548139688,225.71672548139688,222.77770561835786,225.12892150878906,21000,0.0,0.0
2004-01-23 00:00:00+09:00,225.12893231216944,228.06795231624474,225.12893231216944,227.4801483154297,104000,0.0,0.0
2004-01-26 00:00:00+09:00,229.24360137624836,231.59481780062015,227.48018905796954,228.0679931640625,64000,0.0,0.0
2004-01-27 00:00:00+09:00,229.24354065409707,235.12158015804826,228.06793275330682,229.8313446044922,92000,0.0,0.0
2004-01-28 00:00:00+09:00,231.59480441195296,243.35088585418407,231.0070003398414,242.17527770996094,126000,0.0,0.0
2004-01-29 00:00:00+09:00,233.9460196685791,236.29723594665526,233.35821559906006,235.1216278076172,66000,0.0,0.0
2004-01-30 00:00:00+09:00,235.12149303417488,240.4117266274438,234.53368930158942,238.6483154296875,70000,0.0,0.0
2004-02-02 00:00:00+09:00,239.2362573494032,242.7630817820725,238.06064920518006,242.17527770996094,46000,0.0,0.0
2004-02-03 00:00:00+09:00,242.17527770996097,242.17527770996097,235.70943291673385,242.17527770996094,56000,0.0,0.0
2004-02-04 00:00:00+09:00,236.2971666036964,236.2971666036964,227.48010814833458,228.6557159423828,28000,0.0,0.0
2004-02-05 00:00:00+09:00,222.77770506206312,226.30452888890318,220.4264891775031,223.36550903320312,27000,0.0,0.0
2004-02-06 00:00:00+09:00,226.30451675608188,233.35816403159612,223.95330099757714,232.18255615234375,55000,0.0,0.0
2004-02-09 00:00:00+09:00,232.18255807857702,239.8240093571125,226.30451863354978,237.47279357910156,77000,0.0,0.0
2004-02-10 00:00:00+09:00,238.06056213378906,238.06056213378906,235.12154284818672,238.06056213378906,72000,0.0,0.0
2004-02-11 00:00:00+09:00,238.06056213378906,238.06056213378906,238.06056213378906,238.06056213378906,0,0.0,0.0
2004-02-12 00:00:00+09:00,239.82401126002574,243.3508349550261,238.06059941252553,242.76303100585938,37000,0.0,0.0
2004-02-13 00:00:00+09:00,240.9996191583592,242.76303100585938,239.82401126002574,242.76303100585938,46000,0.0,0.0
2004-02-16 00:00:00+09:00,239.236183568051,245.70202636718753,239.236183568051,245.7020263671875,47000,0.0,0.0
2004-02-17 00:00:00+09:00,246.87765567860706,249.81667538906666,243.93863596814745,248.6410675048828,28000,0.0,0.0
2004-02-18 00:00:00+09:00,250.9922832732505,251.58008721534242,248.6410675048828,248.6410675048828,27000,0.0,0.0
2004-02-19 00:00:00+09:00,249.22887209323653,250.40447998046878,240.99961688261078,250.40447998046875,55000,0.0,0.0
2004-02-20 00:00:00+09:00,246.87761999059606,246.87761999059606,238.06056213378906,238.06056213378906,60000,0.0,0.0
2004-02-23 00:00:00+09:00,237.47280434056333,237.47280434056333,223.36550903320315,223.36550903320312,114000,0.0,0.0
2004-02-24 00:00:00+09:00,225.12891300133123,231.0069525052824,225.12891300133123,229.8313446044922,41000,0.0,0.0
2004-02-25 00:00:00+09:00,229.831340393839,233.9459679712223,229.831340393839,232.18255615234375,25000,0.0,0.0
2004-02-26 00:00:00+09:00,231.59476688929965,231.59476688929965,229.24355098179407,230.41915893554688,26000,0.0,0.0
2004-02-27 00:00:00+09:00,232.18260746002196,236.88504001617432,232.18260746002196,235.1216278076172,36000,0.0,0.0
2004-03-01 00:00:00+09:00,235.12159342847818,240.99963326419012,235.12159342847818,239.23622131347656,13000,0.0,0.0
2004-03-02 00:00:00+09:00,236.88505088992235,243.93870004793493,236.88505088992235,240.9996795654297,75000,0.0,0.0
2004-03-03 00:00:00+09:00,240.9996143285779,243.93863401551178,238.06059464164403,243.350830078125,24000,0.0,0.0
2004-03-04 00:00:00+09:00,246.28988020031412,246.28988020031412,241.5874481201172,241.5874481201172,30000,0.0,0.0
2004-03-05 00:00:00+09:00,239.82403609004334,241.5874481201172,238.06062405996948,241.5874481201172,24000,0.0,0.0
2004-03-08 00:00:00+09:00,241.5874323003432,242.1752362718769,238.6484124426748,239.8240203857422,33000,0.0,0.0
2004-03-09 00:00:00+09:00,239.23620541260976,239.23620541260976,235.7093817455934,237.47279357910156,41000,0.0,0.0
2004-03-10 00:00:00+09:00,237.47284408569337,237.47284408569337,235.1216278076172,235.1216278076172,29000,0.0,0.0
2004-03-11 00:00:00+09:00,233.3581695556641,233.9459735092048,232.18256164858266,233.35816955566406,38000,0.0,0.0
2004-03-12 00:00:00+09:00,232.1825628540948,236.88499450683597,230.41915098431687,236.88499450683594,12000,0.0,0.0
2004-03-15 00:00:00+09:00,236.88504001617432,237.47284408569337,235.1216278076172,235.1216278076172,25000,0.0,0.0
2004-03-16 00:00:00+09:00,235.70947243774705,246.87775168043333,235.70947243774705,246.28994750976562,97000,0.0,0.0
2004-03-17 00:00:00+09:00,245.70199164028827,255.6946563720703,245.70199164028827,255.6946563720703,143000,0.0,0.0
2004-03-18 00:00:00+09:00,255.69474707116615,255.69474707116615,250.40451092486614,252.1679229736328,69000,0.0,0.0
2004-03-19 00:00:00+09:00,250.9922981262207,250.9922981262207,246.87767028808594,246.87767028808594,39000,0.0,0.0
2004-03-22 00:00:00+09:00,246.8776341488487,249.81665360300167,245.70202636718753,245.7020263671875,22000,0.0,0.0
2004-03-23 00:00:00+09:00,243.9386699749873,244.5264739990234,240.99964985480673,244.52647399902344,25000,0.0,0.0
2004-03-24 00:00:00+09:00,246.87766422133848,246.87766422133848,241.58742855945263,243.9386444091797,32000,0.0,0.0
2004-03-25 00:00:00+09:00,244.52643513229657,249.22886657714844,244.52643513229657,249.22886657714844,52000,0.0,0.0
2004-03-26 00:00:00+09:00,254.60787109075076,254.60787109075076,242.05677885388275,243.2521209716797,55000,7.0,0.0
2004-03-29 00:00:00+09:00,248.03349125994382,248.03349125994382,245.04513594355896,245.64280700683594,36000,0.0,0.0
2004-03-30 00:00:00+09:00,246.83819411782656,246.83819411782656,243.84983825683594,243.84983825683594,22000,0.0,0.0
2004-03-31 00:00:00+09:00,241.45914171982724,250.42420886289014,241.45914171982724,249.22886657714844,36000,0.0,0.0
2004-04-01 00:00:00+09:00,244.4474945068359,244.4474945068359,244.4474945068359,244.44749450683594,2000,0.0,0.0
2004-04-02 00:00:00+09:00,244.44746488028198,247.43582019666684,243.849793817005,245.64280700683594,14000,0.0,0.0
2004-04-05 00:00:00+09:00,246.24051086279414,249.22886657714844,242.65448400556897,249.22886657714844,40000,0.0,0.0
2004-04-06 00:00:00+09:00,249.22889650643592,249.22889650643592,246.24054043321726,248.03355407714844,30000,0.0,0.0
2004-04-07 00:00:00+09:00,248.63116322071733,249.22883428615174,246.83815002441406,246.83815002441406,21000,0.0,0.0
2004-04-08 00:00:00+09:00,249.22888812102224,266.5613527625322,249.22888812102224,261.18231201171875,131000,0.0,0.0
2004-04-09 00:00:00+09:00,256.99862380254837,256.99862380254837,251.02191162109375,251.02191162109375,105000,0.0,0.0
2004-04-12 00:00:00+09:00,251.02191305721507,262.3776662669462,251.02191305721507,254.01026916503906,64000,0.0,0.0
2004-04-13 00:00:00+09:00,258.19393849927326,259.38928080714027,256.99859619140625,256.99859619140625,22000,0.0,0.0
2004-04-14 00:00:00+09:00,256.9986584864625,260.5846862792969,255.80331588885107,260.5846862792969,41000,0.0,0.0
2004-04-15 00:00:00+09:00,262.3777160644531,263.5730587344506,257.59634538446306,262.3777160644531,80000,0.0,0.0
2004-04-16 00:00:00+09:00,262.37763729801884,262.37763729801884,258.1939392089844,258.1939392089844,10000,0.0,0.0
2004-04-19 00:00:00+09:00,264.17071407213126,264.17071407213126,258.7916723828797,260.5846862792969,20000,0.0,0.0
2004-04-20 00:00:00+09:00,259.98691934934806,259.98691934934806,254.01020855970785,254.60787963867188,10000,0.0,0.0
2004-04-21 00:00:00+09:00,256.99870224540115,256.99870224540115,251.61965964026484,252.81500244140625,14000,0.0,0.0
2004-04-22 00:00:00+09:00,255.80328282973346,255.80328282973346,252.81492672190947,254.01026916503906,22000,0.0,0.0
2004-04-23 00:00:00+09:00,252.81492527553013,254.01026771182106,251.02191162109375,251.02191162109375,39000,0.0,0.0
2004-04-26 00:00:00+09:00,254.01019240325354,254.01019240325354,252.21717928040704,253.4125213623047,20000,0.0,0.0
2004-04-27 00:00:00+09:00,253.4125964936756,253.4125964936756,248.6312267485119,251.02191162109375,37000,0.0,0.0
2004-04-28 00:00:00+09:00,250.4242404029483,251.02191162109375,250.4242404029483,251.02191162109375,5000,0.0,0.0
2004-04-29 00:00:00+09:00,251.02191162109375,251.02191162109375,251.02191162109375,251.02191162109375,0,0.0,0.0
2004-04-30 00:00:00+09:00,249.82657061408548,254.01026916503906,248.03355694939108,254.01026916503906,33000,0.0,0.0
2004-05-03 00:00:00+09:00,254.01026916503906,254.01026916503906,254.01026916503906,254.01026916503906,0,0.0,0.0
2004-05-04 00:00:00+09:00,254.01026916503906,254.01026916503906,254.01026916503906,254.01026916503906,0,0.0,0.0
2004-05-05 00:00:00+09:00,254.01026916503906,254.01026916503906,254.01026916503906,254.01026916503906,0,0.0,0.0
2004-05-06 00:00:00+09:00,253.4125019953801,253.4125019953801,248.033463037931,248.63113403320312,14000,0.0,0.0
2004-05-07 00:00:00+09:00,245.6428052072736,245.6428052072736,239.66609461828884,243.2521209716797,45000,0.0,0.0
2004-05-10 00:00:00+09:00,240.26378803105317,240.26378803105317,231.29872131347653,231.29872131347656,35000,0.0,0.0
2004-05-11 00:00:00+09:00,230.70108000519988,234.28710715553976,224.1266968962434,230.10340881347656,75000,0.0,0.0
2004-05-12 00:00:00+09:00,227.7126746945265,245.04513549804688,227.7126746945265,245.04513549804688,33000,0.0,0.0
2004-05-13 00:00:00+09:00,245.04518860655946,245.04518860655946,230.10340881347656,230.10340881347656,4000,0.0,0.0
2004-05-14 00:00:00+09:00,244.44755348205567,245.04522476196288,239.06851196289062,239.06851196289062,32000,0.0,0.0
2004-05-17 00:00:00+09:00,237.87313430587966,237.87313430587966,227.11505285485998,230.10340881347656,27000,0.0,0.0
2004-05-18 00:00:00+09:00,230.10340881347656,230.10340881347656,224.1266968962434,230.10340881347656,36000,0.0,0.0
2004-05-19 00:00:00+09:00,237.8731231689453,237.8731231689453,237.8731231689453,237.8731231689453,4000,0.0,0.0
2004-05-20 00:00:00+09:00,239.0684248761433,245.04513549804688,239.0684248761433,245.04513549804688,41000,0.0,0.0
2004-05-21 00:00:00+09:00,241.45919708251952,241.45919708251952,234.88481300354005,239.06851196289062,40000,0.0,0.0
2004-05-24 00:00:00+09:00,241.45910912490473,245.04513549804688,241.45910912490473,245.04513549804688,10000,0.0,0.0
2004-05-25 00:00:00+09:00,245.0451023431472,245.0451023431472,242.05674743652347,242.05674743652344,7000,0.0,0.0
2004-05-26 00:00:00+09:00,254.01022456516728,257.59625126491085,254.01022456516728,255.80323791503906,92000,0.0,0.0
2004-05-27 00:00:00+09:00,255.80323830629007,256.4009094238281,252.2172116010617,256.4009094238281,59000,0.0,0.0
2004-05-28 00:00:00+09:00,256.40089792748023,262.3776088348807,256.40089792748023,261.7799377441406,55000,0.0,0.0
2004-05-31 00:00:00+09:00,255.205567188752,264.76830506936096,251.61954048352365,256.4009094238281,36000,0.0,0.0
2004-06-01 00:00:00+09:00,259.98695749873,267.159011498695,259.98695749873,266.56134033203125,53000,0.0,0.0
2004-06-02 00:00:00+09:00,267.75663533436796,268.3543063953822,264.7682800292969,264.7682800292969,29000,0.0,0.0
2004-06-03 00:00:00+09:00,265.3660267223011,269.5497253417969,262.975341796875,262.975341796875,49000,0.0,0.0
2004-06-04 00:00:00+09:00,271.94040212323586,277.9171142578125,270.74505969632054,277.9171142578125,111000,0.0,0.0
2004-06-07 00:00:00+09:00,277.9171602306448,280.3078454799407,277.9171602306448,278.51483154296875,56000,0.0,0.0
2004-06-08 00:00:00+09:00,279.7101490458504,292.85891673603993,279.7101490458504,291.66357421875,68000,0.0,0.0
2004-06-09 00:00:00+09:00,291.6634999366126,295.84719768160494,289.87048661733013,294.65185546875,80000,0.0,0.0
2004-06-10 00:00:00+09:00,289.27282939054527,294.05419847138074,289.27282939054527,292.8588562011719,21000,0.0,0.0
2004-06-11 00:00:00+09:00,292.2611702415948,293.4565124511719,291.06582803201775,293.4565124511719,16000,0.0,0.0
2004-06-14 00:00:00+09:00,298.23790302426795,307.8006413977916,298.23790302426795,303.616943359375,76000,0.0,0.0
2004-06-15 00:00:00+09:00,303.01931708307546,304.8123307936262,301.823974609375,301.823974609375,35000,0.0,0.0
2004-06-16 00:00:00+09:00,301.8239299143393,303.616943359375,301.2262587659941,303.616943359375,23000,0.0,0.0
2004-06-17 00:00:00+09:00,303.0193296733655,303.0193296733655,295.2496032714844,295.2496032714844,39000,0.0,0.0
2004-06-18 00:00:00+09:00,292.8588909573025,301.2262878417969,292.8588909573025,301.2262878417969,47000,0.0,0.0
2004-06-21 00:00:00+09:00,302.4215972277583,322.1447448730469,298.83557038316036,322.1447448730469,95000,0.0,0.0
2004-06-22 00:00:00+09:00,313.77737740489925,319.7540893554688,311.9843638197284,319.75408935546875,22000,0.0,0.0
2004-06-23 00:00:00+09:00,319.1563218470982,319.1563218470982,312.58194068545384,313.77728271484375,17000,0.0,0.0
2004-06-24 00:00:00+09:00,319.15643195386207,321.5471168374116,316.7657470703125,316.7657470703125,40000,0.0,0.0
2004-06-25 00:00:00+09:00,310.7889741839785,316.7656852259781,310.7889741839785,315.5703430175781,22000,0.0,0.0
2004-06-28 00:00:00+09:00,318.55876631303266,328.71917724609375,317.96109508167615,328.71917724609375,52000,0.0,0.0
2004-06-29 00:00:00+09:00,328.7191177533422,331.7074733692816,328.7191177533422,331.10980224609375,50000,0.0,0.0
2004-06-30 00:00:00+09:00,331.7075524794317,337.68426513671875,331.7075524794317,337.68426513671875,50000,0.0,0.0
2004-07-01 00:00:00+09:00,344.85629214079484,352.62601796025814,343.66094970703125,343.66094970703125,43000,0.0,0.0
2004-07-02 00:00:00+09:00,344.85621274594905,403.427978515625,344.25854166666664,403.427978515625,393000,0.0,0.0
2004-07-05 00:00:00+09:00,409.40477136346095,445.26504330770575,407.01408656717797,441.67901611328125,308000,0.0,0.0
2004-07-06 00:00:00+09:00,423.7487952112268,429.7255060040509,403.427978515625,403.427978515625,129000,0.0,0.0
2004-07-07 00:00:00+09:00,391.4746704101563,400.4397391981751,388.4863141474833,391.47467041015625,55000,0.0,0.0
2004-07-08 00:00:00+09:00,400.4396320689808,400.4396320689808,394.4629211425781,394.4629211425781,37000,0.0,0.0
2004-07-09 00:00:00+09:00,394.46296561104907,424.34652361188614,394.46296561104907,418.36981201171875,75000,0.0,0.0
2004-07-12 00:00:00+09:00,417.77217373605504,424.34655701373254,417.77217373605504,423.1512145996094,44000,0.0,0.0
2004-07-13 00:00:00+09:00,427.3349276062445,427.3349276062445,418.3698591949247,421.35821533203125,32000,0.0,0.0
2004-07-14 00:00:00+09:00,418.3698236163711,418.3698236163711,405.81872890788,411.7954406738281,38000,0.0,0.0
2004-07-15 00:00:00+09:00,411.7954292515346,418.96748317173547,411.7954292515346,418.36981201171875,57000,0.0,0.0
2004-07-16 00:00:00+09:00,388.4862540108817,418.36981201171875,388.4862540108817,418.36981201171875,17000,0.0,0.0
2004-07-19 00:00:00+09:00,418.36981201171875,418.36981201171875,418.36981201171875,418.36981201171875,0,0.0,0.0
2004-07-20 00:00:00+09:00,412.9907722581825,424.34652431738004,412.9907722581825,419.5651550292969,70000,0.0,0.0
2004-07-21 00:00:00+09:00,421.35816781180245,421.35816781180245,418.36981201171875,418.36981201171875,17000,0.0,0.0
2004-07-22 00:00:00+09:00,418.36979712297165,421.3581528167071,418.36979712297165,418.96746826171875,24000,0.0,0.0
2004-07-23 00:00:00+09:00,417.77212224096365,417.77212224096365,412.9907531738282,412.9907531738281,11000,0.0,0.0
2004-07-26 00:00:00+09:00,395.06063677106584,418.36981201171875,395.06063677106584,418.36981201171875,44000,0.0,0.0
2004-07-27 00:00:00+09:00,418.36979712297165,420.16281053921296,406.4163743480296,418.96746826171875,83000,0.0,0.0
2004-07-28 00:00:00+09:00,418.36986766142,418.9675389009363,396.25603179931636,406.41644287109375,79000,0.0,0.0
2004-07-29 00:00:00+09:00,415.38135038916744,415.38135038916744,396.2558781410331,400.4395751953125,56000,0.0,0.0
2004-07-30 00:00:00+09:00,400.439722372285,422.5535577868739,400.439722372285,421.35821533203125,37000,0.0,0.0
2004-08-02 00:00:00+09:00,421.35816781180245,421.35816781180245,418.36981201171875,418.36981201171875,15000,0.0,0.0
2004-08-03 00:00:00+09:00,418.3697799156452,420.1627932581408,415.3814243448192,415.9790954589844,47000,0.0,0.0
2004-08-04 00:00:00+09:00,415.97917428523937,421.35821533203125,415.97917428523937,421.35821533203125,28000,0.0,0.0
2004-08-05 00:00:00+09:00,415.38140785470495,415.38140785470495,412.3930524025128,414.1860656738281,62000,0.0,0.0
2004-08-06 00:00:00+09:00,414.1860436633625,414.1860436633625,405.2209777832031,405.2209777832031,25000,0.0,0.0
2004-08-09 00:00:00+09:00,403.42796460717125,405.2209777832031,403.42796460717125,405.2209777832031,11000,0.0,0.0
2004-08-10 00:00:00+09:00,399.2442898837003,399.2442898837003,391.4745656793768,394.4629211425781,9000,0.0,0.0
2004-08-11 00:00:00+09:00,391.4746704101563,403.42809546084806,391.4746704101563,391.47467041015625,6000,0.0,0.0
2004-08-12 00:00:00+09:00,383.70489501953125,383.70489501953125,383.70489501953125,383.70489501953125,1000,0.0,0.0
2004-08-13 00:00:00+09:00,381.91189130859374,381.91189130859374,367.56778271484376,373.54449462890625,28000,0.0,0.0
2004-08-16 00:00:00+09:00,373.54449462890625,376.5328505859375,373.54449462890625,373.54449462890625,10000,0.0,0.0
2004-08-17 00:00:00+09:00,376.5328818873355,376.5328818873355,372.9468544407895,374.7398681640625,18000,0.0,0.0
2004-08-18 00:00:00+09:00,374.73982994666466,388.48626708984375,374.73982994666466,388.48626708984375,18000,0.0,0.0
2004-08-19 00:00:00+09:00,382.5095136088709,382.5095136088709,370.5560913085937,370.55609130859375,22000,0.0,0.0
2004-08-20 00:00:00+09:00,371.15386962890625,371.15386962890625,371.15386962890625,371.15386962890625,8000,0.0,0.0
2004-08-23 00:00:00+09:00,370.55619834125906,371.15386962890625,370.55619834125906,371.15386962890625,4000,0.0,0.0
2004-08-24 00:00:00+09:00,367.5677497653559,368.7630920410156,367.5677497653559,368.7630920410156,8000,0.0,0.0
2004-08-25 00:00:00+09:00,362.78639043763627,363.3840615915698,352.6259808207667,359.79803466796875,49000,0.0,0.0
2004-08-26 00:00:00+09:00,361.59102458338583,373.544446883663,361.59102458338583,370.55609130859375,60000,0.0,0.0
2004-08-27 00:00:00+09:00,378.32581283639655,394.4629328152002,376.5327995054184,389.0838928222656,51000,0.0,0.0
2004-08-30 00:00:00+09:00,390.2792674909319,428.5302217320033,390.2792674909319,418.36981201171875,66000,0.0,0.0
2004-08-31 00:00:00+09:00,409.40468930844906,409.40468930844906,403.427978515625,403.427978515625,8000,0.0,0.0
2004-09-01 00:00:00+09:00,403.427978515625,403.427978515625,403.427978515625,403.427978515625,0,0.0,0.0
2004-09-02 00:00:00+09:00,403.42798753218216,403.42798753218216,391.4745656793768,394.4629211425781,4000,0.0,0.0
2004-09-03 00:00:00+09:00,389.08388130881565,394.4629211425781,388.4862102161754,394.4629211425781,6000,0.0,0.0
2004-09-06 00:00:00+09:00,388.4863141474833,394.46302667282924,388.4863141474833,391.47467041015625,10000,0.0,0.0
2004-09-07 00:00:00+09:00,392.07223677201705,394.4629211425781,391.4745656793768,394.4629211425781,8000,0.0,0.0
2004-09-08 00:00:00+09:00,395.0606079101562,395.0606079101562,394.462936793802,395.06060791015625,7000,0.0,0.0
2004-09-09 00:00:00+09:00,400.4395751953125,400.4395751953125,400.4395751953125,400.4395751953125,12000,0.0,0.0
2004-09-10 00:00:00+09:00,417.77203442018424,417.77203442018424,400.4395751953125,400.4395751953125,6000,0.0,0.0
2004-09-13 00:00:00+09:00,399.8419041875583,400.4395751953125,393.8651941100163,400.4395751953125,7000,0.0,0.0
2004-09-14 00:00:00+09:00,408.2094160344051,408.2094160344051,388.48626708984375,388.48626708984375,6000,0.0,0.0
2004-09-15 00:00:00+09:00,392.0722941706731,392.0722941706731,388.48626708984375,388.48626708984375,6000,0.0,0.0
2004-09-16 00:00:00+09:00,388.4862217119396,389.0838928222656,388.4862217119396,389.0838928222656,2000,0.0,0.0
2004-09-17 00:00:00+09:00,385.4978637695313,385.4978637695313,385.4978637695313,385.49786376953125,1000,0.0,0.0
2004-09-20 00:00:00+09:00,385.4978637695313,385.4978637695313,385.4978637695313,385.49786376953125,0,0.0,0.0
2004-09-21 00:00:00+09:00,385.49791118915266,388.48626708984375,385.49791118915266,388.48626708984375,6000,0.0,0.0
2004-09-22 00:00:00+09:00,392.07223510742193,392.07223510742193,392.07223510742193,392.0722351074219,5000,0.0,0.0
2004-09-23 00:00:00+09:00,392.07223510742193,392.07223510742193,392.07223510742193,392.0722351074219,0,0.0,0.0
2004-09-24 00:00:00+09:00,392.07223510742193,392.07223510742193,392.07223510742193,392.0722351074219,7000,0.0,0.0
2004-09-27 00:00:00+09:00,385.49791118915266,391.4746229905349,385.49791118915266,388.48626708984375,12000,0.0,0.0
2004-09-28 00:00:00+09:00,388.4862193026284,388.4862193026284,385.4978637695313,385.49786376953125,5000,0.0,0.0
2004-09-29 00:00:00+09:00,385.4978771209717,388.48623275756836,382.509521484375,382.509521484375,9000,0.0,0.0
2004-09-30 00:00:00+09:00,364.5794198843149,388.48626708984375,364.5794198843149,388.48626708984375,9000,0.0,0.0
2004-10-01 00:00:00+09:00,367.5677687043597,375.3374938964844,367.5677687043597,375.3374938964844,3000,0.0,0.0
2004-10-04 00:00:00+09:00,378.9236302637792,380.7166442871094,378.9236302637792,380.7166442871094,3000,0.0,0.0
2004-10-05 00:00:00+09:00,380.7166442871094,380.7166442871094,380.7166442871094,380.7166442871094,0,0.0,0.0
2004-10-06 00:00:00+09:00,379.52122753451334,384.9002685546875,379.52122753451334,384.9002685546875,9000,0.0,0.0
2004-10-07 00:00:00+09:00,384.90025482412847,388.48628204298683,383.10724121469934,387.88861083984375,8000,0.0,0.0
2004-10-08 00:00:00+09:00,382.509521484375,382.509521484375,382.509521484375,382.509521484375,2000,0.0,0.0
2004-10-11 00:00:00+09:00,382.509521484375,382.509521484375,382.509521484375,382.509521484375,0,0.0,0.0
2004-10-12 00:00:00+09:00,382.509521484375,382.509521484375,382.509521484375,382.509521484375,0,0.0,0.0
2004-10-13 00:00:00+09:00,382.509521484375,382.509521484375,382.509521484375,382.509521484375,0,0.0,0.0
2004-10-14 00:00:00+09:00,382.509521484375,382.509521484375,382.509521484375,382.509521484375,0,0.0,0.0
2004-10-15 00:00:00+09:00,382.509521484375,382.509521484375,382.509521484375,382.509521484375,0,0.0,0.0
2004-10-18 00:00:00+09:00,382.509521484375,382.509521484375,382.509521484375,382.509521484375,3000,0.0,0.0
2004-10-19 00:00:00+09:00,382.50952071904385,382.50952071904385,381.3141784667969,381.3141784667969,2000,0.0,0.0
2004-10-20 00:00:00+09:00,367.56768798828125,367.56768798828125,367.56768798828125,367.56768798828125,1000,0.0,0.0
2004-10-21 00:00:00+09:00,367.5677589416504,367.5677589416504,358.6026916503906,358.6026916503906,5000,0.0,0.0
2004-10-22 00:00:00+09:00,328.71916928498644,358.60273012907606,328.71916928498644,343.66094970703125,12000,0.0,0.0
2004-10-25 00:00:00+09:00,343.66094970703125,343.66094970703125,343.66094970703125,343.66094970703125,4000,0.0,0.0
2004-10-26 00:00:00+09:00,343.66094970703125,343.66094970703125,343.66094970703125,343.66094970703125,0,0.0,0.0
2004-10-27 00:00:00+09:00,381.91185035705564,382.509521484375,381.91185035705564,382.509521484375,12000,0.0,0.0
2004-10-28 00:00:00+09:00,365.7747149400308,381.9118347167969,365.7747149400308,381.9118347167969,8000,0.0,0.0
2004-10-29 00:00:00+09:00,381.9118347167969,381.9118347167969,381.9118347167969,381.9118347167969,0,0.0,0.0
2004-11-01 00:00:00+09:00,380.7166442871094,380.7166442871094,380.7166442871094,380.7166442871094,0,0.0,0.0
2004-11-02 00:00:00+09:00,364.57940673828125,364.57940673828125,364.57940673828125,364.57940673828125,1000,0.0,0.0
2004-11-03 00:00:00+09:00,364.57940673828125,364.57940673828125,364.57940673828125,364.57940673828125,0,0.0,0.0
2004-11-04 00:00:00+09:00,358.60266890665343,370.5560912035419,346.649246609765,347.2469177246094,9000,0.0,0.0
2004-11-05 00:00:00+09:00,347.24689159619226,353.2236022949219,347.24689159619226,353.2236022949219,5000,0.0,0.0
2004-11-08 00:00:00+09:00,349.6375427246094,349.6375427246094,349.6375427246094,349.6375427246094,2000,0.0,0.0
2004-11-09 00:00:00+09:00,386.0955896484375,386.0955896484375,369.36079628906253,373.54449462890625,55000,0.0,0.0
2004-11-10 00:00:00+09:00,373.5444611436544,373.5444611436544,368.7630920410156,368.7630920410156,21000,0.0,0.0
2004-11-11 00:00:00+09:00,370.55610545450514,371.153776592335,368.7630920410156,368.7630920410156,45000,0.0,0.0
2004-11-12 00:00:00+09:00,369.95842019357985,375.93513134371847,369.95842019357985,370.55609130859375,7000,0.0,0.0
2004-11-15 00:00:00+09:00,375.9351048060826,376.53277587890625,371.1537362234933,376.53277587890625,9000,0.0,0.0
2004-11-16 00:00:00+09:00,371.7514335386214,371.7514335386214,370.5560913085937,370.55609130859375,12000,0.0,0.0
2004-11-17 00:00:00+09:00,374.1420185239296,379.5210571289062,370.5559927872785,379.52105712890625,33000,0.0,0.0
2004-11-18 00:00:00+09:00,381.91183059279984,382.50950168918916,375.93511962890625,375.93511962890625,14000,0.0,0.0
2004-11-19 00:00:00+09:00,379.5211503054241,381.9118347167969,379.5211503054241,381.9118347167969,15000,0.0,0.0
2004-11-22 00:00:00+09:00,379.52120654296874,379.52120654296874,373.54449462890625,373.54449462890625,3000,0.0,0.0
2004-11-23 00:00:00+09:00,373.54449462890625,373.54449462890625,373.54449462890625,373.54449462890625,0,0.0,0.0
2004-11-24 00:00:00+09:00,377.13044695172994,377.13044695172994,376.53277587890625,376.53277587890625,6000,0.0,0.0
2004-11-25 00:00:00+09:00,382.5094119094488,382.5094119094488,379.5210571289062,379.52105712890625,7000,0.0,0.0
2004-11-26 00:00:00+09:00,379.5212241064144,379.5212241064144,377.72821044921875,377.72821044921875,6000,0.0,0.0
2004-11-29 00:00:00+09:00,379.5210571289062,379.5210571289062,376.53270234836367,379.52105712890625,8000,0.0,0.0
2004-11-30 00:00:00+09:00,379.5210571289062,379.5210571289062,373.5443475678211,379.52105712890625,9000,0.0,0.0
2004-12-01 00:00:00+09:00,379.5210571289062,379.5210571289062,379.5210571289062,379.52105712890625,1000,0.0,0.0
2004-12-02 00:00:00+09:00,379.5210571289062,379.5210571289062,379.5210571289062,379.52105712890625,1000,0.0,0.0
2004-12-03 00:00:00+09:00,376.53277587890625,376.53277587890625,376.53277587890625,376.53277587890625,5000,0.0,0.0
2004-12-06 00:00:00+09:00,376.53277587890625,376.53277587890625,376.53277587890625,376.53277587890625,11000,0.0,0.0
2004-12-07 00:00:00+09:00,376.53281683280363,376.53281683280363,368.7630920410156,368.7630920410156,4000,0.0,0.0
2004-12-08 00:00:00+09:00,364.5793940762067,368.7630920410156,364.5793940762067,368.7630920410156,7000,0.0,0.0
2004-12-09 00:00:00+09:00,368.7631048483927,368.7631048483927,364.57940673828125,364.57940673828125,3000,0.0,0.0
2004-12-10 00:00:00+09:00,364.57943604724244,364.57943604724244,362.1887512207031,362.1887512207031,4000,0.0,0.0
2004-12-13 00:00:00+09:00,362.1887512207031,363.3840936339728,362.1887512207031,362.1887512207031,7000,0.0,0.0
2004-12-14 00:00:00+09:00,362.18866834301633,362.18866834301633,353.2236022949219,353.2236022949219,7000,0.0,0.0
2004-12-15 00:00:00+09:00,354.4189900026483,355.6143322960805,349.63762082891947,352.6259765625,13000,0.0,0.0
2004-12-16 00:00:00+09:00,349.63762082891947,355.6143322960805,343.66090936175846,352.6259765625,12000,0.0,0.0
2004-12-17 00:00:00+09:00,352.6259765625,352.6259765625,344.25858050847455,352.6259765625,11000,0.0,0.0
2004-12-20 00:00:00+09:00,352.6258445064691,358.0048828125,352.6258445064691,358.0048828125,15000,0.0,0.0
2004-12-21 00:00:00+09:00,361.59100341796875,369.95839853838453,361.59100341796875,361.59100341796875,42000,0.0,0.0
2004-12-22 00:00:00+09:00,373.544446883663,373.544446883663,369.360749078566,370.55609130859375,16000,0.0,0.0
2004-12-23 00:00:00+09:00,370.5560913085937,370.5560913085937,370.5560913085937,370.55609130859375,0,0.0,0.0
2004-12-24 00:00:00+09:00,376.5328024587323,376.5328024587323,370.5560913085937,370.55609130859375,12000,0.0,0.0
2004-12-27 00:00:00+09:00,371.75144773016484,371.75144773016484,368.7630920410156,368.7630920410156,12000,0.0,0.0
2004-12-28 00:00:00+09:00,368.7631685818669,369.36083984375,368.7631685818669,369.36083984375,4000,0.0,0.0
2004-12-29 00:00:00+09:00,370.55618187049765,370.55618187049765,367.56782556509046,368.1654968261719,8000,0.0,0.0
2004-12-30 00:00:00+09:00,373.54439836207445,373.54439836207445,367.56768798828125,367.56768798828125,3000,0.0,0.0
2004-12-31 00:00:00+09:00,367.56768798828125,367.56768798828125,367.56768798828125,367.56768798828125,0,0.0,0.0
2005-01-03 00:00:00+09:00,367.56768798828125,367.56768798828125,367.56768798828125,367.56768798828125,0,0.0,0.0
2005-01-04 00:00:00+09:00,368.7630920410156,368.7630920410156,368.7630920410156,368.7630920410156,4000,0.0,0.0
2005-01-05 00:00:00+09:00,367.56765537293177,367.56765537293177,364.57930045120065,365.1769714355469,17000,0.0,0.0
2005-01-06 00:00:00+09:00,364.57940673828125,364.57940673828125,363.9817355796939,364.57940673828125,14000,0.0,0.0
2005-01-07 00:00:00+09:00,365.7746748761433,369.36070110041925,365.7746748761433,367.56768798828125,16000,0.0,0.0
2005-01-10 00:00:00+09:00,367.56768798828125,367.56768798828125,367.56768798828125,367.56768798828125,0,0.0,0.0
2005-01-11 00:00:00+09:00,369.95846748046876,376.5328505859375,369.36079628906253,373.54449462890625,29000,0.0,0.0
2005-01-12 00:00:00+09:00,376.53279717023986,385.4978637695313,376.53279717023986,385.49786376953125,25000,0.0,0.0
2005-01-13 00:00:00+09:00,384.90013743555824,420.76039868731834,384.90013743555824,411.1976623535156,86000,0.0,0.0
2005-01-14 00:00:00+09:00,399.2442671964302,406.4163199005577,397.4512540203984,405.2209777832031,34000,0.0,0.0
2005-01-17 00:00:00+09:00,405.2211030379586,412.3931579589844,405.2211030379586,412.3931579589844,40000,0.0,0.0
2005-01-18 00:00:00+09:00,412.3931004115513,418.96748317173547,412.3931004115513,418.36981201171875,39000,0.0,0.0
2005-01-19 00:00:00+09:00,415.9791454320566,423.7488708496094,413.5884606881942,423.7488708496094,35000,0.0,0.0
2005-01-20 00:00:00+09:00,421.3581409722986,424.3464965820312,418.369785362566,424.34649658203125,44000,0.0,0.0
2005-01-21 00:00:00+09:00,418.3698591949247,421.35821533203125,418.3698591949247,421.35821533203125,20000,0.0,0.0
2005-01-24 00:00:00+09:00,418.96748317173547,421.35816781180245,418.36981201171875,418.36981201171875,12000,0.0,0.0
2005-01-25 00:00:00+09:00,412.3931004115513,418.36981201171875,409.4047446114676,418.36981201171875,11000,0.0,0.0
2005-01-26 00:00:00+09:00,418.3699022452494,419.565244823093,414.1862032227969,414.78387451171875,24000,0.0,0.0
2005-01-27 00:00:00+09:00,415.3815458006405,415.3815458006405,412.3931893560316,414.78387451171875,13000,0.0,0.0
2005-01-28 00:00:00+09:00,415.38139210960077,417.1744053129516,413.58837890625,413.58837890625,15000,0.0,0.0
2005-01-31 00:00:00+09:00,414.1861606029754,421.35821533203125,414.1861606029754,421.35821533203125,17000,0.0,0.0
2005-02-01 00:00:00+09:00,424.34655701373254,428.5302554631637,423.1512145996094,423.1512145996094,56000,0.0,0.0
2005-02-02 00:00:00+09:00,424.3464744254334,439.2882516939346,424.3464744254334,436.2998962402344,52000,0.0,0.0
2005-02-03 00:00:00+09:00,436.2999709556842,438.09298453495416,426.1395606731546,433.3116149902344,77000,0.0,0.0
2005-02-04 00:00:00+09:00,427.9327238923186,427.9327238923186,427.3350524902344,427.3350524902344,2000,0.0,0.0
2005-02-07 00:00:00+09:00,430.3234095006556,433.31176651107677,425.54203828398164,427.3350524902344,11000,0.0,0.0
2005-02-08 00:00:00+09:00,433.31153657701276,433.31153657701276,427.3348257276747,430.32318115234375,8000,0.0,0.0
2005-02-09 00:00:00+09:00,426.7373051137232,433.31168936617553,426.7373051137232,427.9326477050781,11000,0.0,0.0
2005-02-10 00:00:00+09:00,429.1278381347656,429.1278381347656,427.33482488350614,429.1278381347656,11000,0.0,0.0
2005-02-11 00:00:00+09:00,429.1278381347656,429.1278381347656,429.1278381347656,429.1278381347656,0,0.0,0.0
2005-02-14 00:00:00+09:00,433.3116149902343,433.3116149902343,429.1279166386045,433.3116149902344,34000,0.0,0.0
2005-02-15 00:00:00+09:00,427.3348257276747,436.2998920016818,427.3348257276747,430.32318115234375,33000,0.0,0.0
2005-02-16 00:00:00+09:00,430.32333288778807,432.11634677482056,427.9326477050781,427.9326477050781,22000,0.0,0.0
2005-02-17 00:00:00+09:00,429.1279166386045,433.3116149902343,429.1279166386045,433.3116149902344,10000,0.0,0.0
2005-02-18 00:00:00+09:00,431.51850846670203,433.311521659777,430.3231663379854,430.92083740234375,10000,0.0,0.0
2005-02-21 00:00:00+09:00,436.29997409119903,442.2766860650511,435.7023028938138,439.288330078125,19000,0.0,0.0
2005-02-22 00:00:00+09:00,436.2998962402344,439.2882516939346,436.2998962402344,436.2998962402344,15000,0.0,0.0
2005-02-23 00:00:00+09:00,436.2999722202128,436.2999722202128,430.3232602719907,435.7023010253906,14000,0.0,0.0
2005-02-24 00:00:00+09:00,436.8976630344186,445.265060137677,436.2999918127573,444.6673889160156,53000,0.0,0.0
2005-02-25 00:00:00+09:00,444.6672712978697,454.2300083150282,444.0696002342973,450.64398193359375,117000,0.0,0.0
2005-02-28 00:00:00+09:00,462.59740697843966,485.9065786478959,456.62069629396365,476.3438415527344,93000,0.0,0.0
2005-03-01 00:00:00+09:00,476.34385890437477,491.8833072500633,472.16016127284325,479.33221435546875,90000,0.0,0.0
2005-03-02 00:00:00+09:00,478.1371034564394,493.0788879394531,477.5394320771189,493.0788879394531,82000,0.0,0.0
2005-03-03 00:00:00+09:00,494.27410023408777,508.0205383300781,493.0787577909582,508.0205383300781,46000,0.0,0.0
2005-03-04 00:00:00+09:00,508.020546653054,525.95068359375,504.4345192649148,525.95068359375,90000,0.0,0.0
2005-03-07 00:00:00+09:00,525.95068359375,537.9041082208807,525.95068359375,525.95068359375,37000,0.0,0.0
2005-03-08 00:00:00+09:00,508.020335230334,519.9737548828125,502.04362540409477,519.9737548828125,36000,0.0,0.0
2005-03-09 00:00:00+09:00,519.9739039221475,525.9506154614826,513.9971923828125,513.9971923828125,28000,0.0,0.0
2005-03-10 00:00:00+09:00,508.020335230334,519.9737548828125,508.020335230334,519.9737548828125,7000,0.0,0.0
2005-03-11 00:00:00+09:00,513.9972052624469,513.9972052624469,502.04378188425045,509.8135070800781,37000,0.0,0.0
2005-03-14 00:00:00+09:00,505.0319803172144,519.9737548828125,505.0319803172144,519.9737548828125,31000,0.0,0.0
2005-03-15 00:00:00+09:00,525.9506985921502,525.9506985921502,522.9623423501492,525.35302734375,31000,0.0,0.0
2005-03-16 00:00:00+09:00,530.7318892045455,537.9039417613636,528.9388760653409,532.52490234375,59000,0.0,0.0
2005-03-17 00:00:00+09:00,532.5249649474074,539.6970183473725,515.1925025641585,534.9156494140625,43000,0.0,0.0
2005-03-18 00:00:00+09:00,525.9506621308379,543.8807983398438,522.9623060960037,543.8807983398438,55000,0.0,0.0
2005-03-21 00:00:00+09:00,543.8807983398438,543.8807983398438,543.8807983398438,543.8807983398438,0,0.0,0.0
2005-03-22 00:00:00+09:00,543.8808453669313,546.8692016601562,540.8924890737064,546.8692016601562,22000,0.0,0.0
2005-03-23 00:00:00+09:00,546.2712781182651,546.8689491008889,519.9737548828125,519.9737548828125,12000,0.0,0.0
2005-03-24 00:00:00+09:00,537.3064893522316,546.8692299858641,532.5251190354153,540.8925170898438,20000,0.0,0.0
2005-03-25 00:00:00+09:00,543.2831271328769,543.8807983398438,540.8924423050095,543.8807983398438,20000,0.0,0.0
2005-03-28 00:00:00+09:00,548.1203002929688,548.1203002929688,548.1203002929688,548.1203002929688,5000,12.0,0.0
2005-03-29 00:00:00+09:00,548.1205733744887,548.1205733744887,523.8942496894284,527.5281982421875,38000,0.0,0.0
2005-03-30 00:00:00+09:00,515.414803691294,532.3732226141568,503.3016473178206,526.9223022460938,25000,0.0,0.0
2005-03-31 00:00:00+09:00,526.3167541923873,528.1337280273438,526.3167541923873,528.1337280273438,9000,0.0,0.0
2005-04-01 00:00:00+09:00,525.7110962474018,528.1337280273438,522.0771485774889,528.1337280273438,29000,0.0,0.0
2005-04-04 00:00:00+09:00,509.9638221918151,520.8656616210938,509.9638221918151,520.8656616210938,10000,0.0,0.0
2005-04-05 00:00:00+09:00,520.2600038750228,520.8656616210938,517.8373728907386,520.8656616210938,13000,0.0,0.0
2005-04-06 00:00:00+09:00,521.471435546875,521.471435546875,521.471435546875,521.471435546875,1000,0.0,0.0
2005-04-07 00:00:00+09:00,509.3582255045573,526.9223022460938,509.3582255045573,526.9223022460938,16000,0.0,0.0
2005-04-08 00:00:00+09:00,520.8656616210938,520.8656616210938,520.8656616210938,520.8656616210938,3000,0.0,0.0
2005-04-11 00:00:00+09:00,526.922326209088,527.5279840553054,524.4996948242188,524.4996948242188,6000,0.0,0.0
2005-04-12 00:00:00+09:00,512.3866031044408,517.8375244140625,512.3866031044408,517.8375244140625,2000,0.0,0.0
2005-04-13 00:00:00+09:00,505.72433471679693,509.3582820321272,505.72433471679693,505.7243347167969,8000,0.0,0.0
2005-04-14 00:00:00+09:00,499.6677558579131,505.72433471679693,496.6394664284712,505.7243347167969,11000,0.0,0.0
2005-04-15 00:00:00+09:00,496.6394664284712,505.72433471679693,495.42815065669447,505.7243347167969,14000,0.0,0.0
2005-04-18 00:00:00+09:00,502.69594764709467,502.69594764709467,483.9205568313598,484.5262145996094,45000,0.0,0.0
2005-04-19 00:00:00+09:00,486.94880443700623,493.6110393235822,485.73748900308334,488.7657775878906,13000,0.0,0.0
2005-04-20 00:00:00+09:00,489.37142163825763,499.66760253906256,489.37142163825763,499.6676025390625,17000,0.0,0.0
2005-04-21 00:00:00+09:00,493.61110424332344,506.32991797229255,493.61110424332344,500.8789978027344,27000,0.0,0.0
2005-04-22 00:00:00+09:00,513.5979189510234,517.8375244140625,513.5979189510234,517.8375244140625,6000,0.0,0.0
2005-04-25 00:00:00+09:00,511.78088692801344,529.9506225585938,511.78088692801344,529.9506225585938,36000,0.0,0.0
2005-04-26 00:00:00+09:00,538.4297227524685,545.0919577921503,532.978803174547,534.7957763671875,38000,0.0,0.0
2005-04-27 00:00:00+09:00,534.7958538888514,545.0920368063039,526.9223022460938,526.9223022460938,11000,0.0,0.0
2005-04-28 00:00:00+09:00,514.8091458726203,526.9223022460938,514.8091458726203,526.9223022460938,24000,0.0,0.0
2005-04-29 00:00:00+09:00,526.9223022460938,526.9223022460938,526.9223022460938,526.9223022460938,0,0.0,0.0
2005-05-02 00:00:00+09:00,527.5279337792423,542.063720703125,527.5279337792423,542.063720703125,14000,0.0,0.0
2005-05-03 00:00:00+09:00,542.063720703125,542.063720703125,542.063720703125,542.063720703125,0,0.0,0.0
2005-05-04 00:00:00+09:00,542.063720703125,542.063720703125,542.063720703125,542.063720703125,0,0.0,0.0
2005-05-05 00:00:00+09:00,542.063720703125,542.063720703125,542.063720703125,542.063720703125,0,0.0,0.0
2005-05-06 00:00:00+09:00,526.9222785024403,532.9788564162615,526.9222785024403,529.3449096679688,9000,0.0,0.0
2005-05-09 00:00:00+09:00,545.0920096456006,545.0920096456006,539.0354317606494,542.063720703125,15000,0.0,0.0
2005-05-10 00:00:00+09:00,542.0638424286061,542.0638424286061,536.0072631835938,536.0072631835938,3000,0.0,0.0
2005-05-11 00:00:00+09:00,532.9789118303572,532.9789118303572,528.7393068498884,529.9506225585938,4000,0.0,0.0
2005-05-12 00:00:00+09:00,523.8940131527254,537.8241429822198,523.8940131527254,526.9223022460938,19000,0.0,0.0
2005-05-13 00:00:00+09:00,525.7109731864487,525.7109731864487,522.0770263671875,522.0770263671875,2000,0.0,0.0
2005-05-16 00:00:00+09:00,525.1052278893017,525.1052278893017,518.4429931640625,518.4429931640625,8000,0.0,0.0
2005-05-17 00:00:00+09:00,517.8373035112643,532.9787451344007,515.4146728515625,515.4146728515625,7000,0.0,0.0
2005-05-18 00:00:00+09:00,517.8373728907386,520.8656616210938,516.0203996525255,520.8656616210938,9000,0.0,0.0
2005-05-19 00:00:00+09:00,511.7807954300282,526.9222390818042,511.7807954300282,520.8656616210938,10000,0.0,0.0
2005-05-20 00:00:00+09:00,520.865735875846,529.9506033620527,519.6544202110185,525.7109985351562,8000,0.0,0.0
2005-05-23 00:00:00+09:00,529.9505913394621,536.0071695261988,514.8091458726203,526.9223022460938,50000,0.0,0.0
2005-05-24 00:00:00+09:00,520.8657107607671,522.0770263671875,520.8657107607671,522.0770263671875,3000,0.0,0.0
2005-05-25 00:00:00+09:00,523.2883646263266,523.2883646263266,513.5978393554688,513.5978393554688,31000,0.0,0.0
2005-05-26 00:00:00+09:00,496.6393140388258,499.66760253906256,496.0336563387784,499.6676025390625,12000,0.0,0.0
2005-05-27 00:00:00+09:00,499.66779215543295,508.75266110371354,499.66779215543295,508.1470031738281,7000,0.0,0.0
2005-05-30 00:00:00+09:00,496.6394664284712,505.72433471679693,496.6394664284712,505.7243347167969,41000,0.0,0.0
2005-05-31 00:00:00+09:00,502.69607633178,520.865814030519,502.69607633178,517.8375244140625,9000,0.0,0.0
2005-06-01 00:00:00+09:00,511.17526277467977,514.8092101403765,511.17526277467977,514.2035522460938,9000,0.0,0.0
2005-06-02 00:00:00+09:00,514.8092041015625,514.8092041015625,514.2035462143842,514.8092041015625,8000,0.0,0.0
2005-06-03 00:00:00+09:00,509.3581639417549,509.3581639417549,497.8506667777914,502.09027099609375,13000,0.0,0.0
2005-06-06 00:00:00+09:00,499.6677539966724,499.6677539966724,485.13196478949646,490.5828857421875,22000,0.0,0.0
2005-06-07 00:00:00+09:00,486.9488516223893,489.3714827249883,481.4979316415417,483.9205627441406,79000,0.0,0.0
2005-06-08 00:00:00+09:00,485.1319208659671,490.5828413251353,481.4979738931884,482.70928955078125,36000,0.0,0.0
2005-06-09 00:00:00+09:00,477.258428069594,477.8640859732356,463.3282962858368,467.5679016113281,30000,0.0,0.0
2005-06-10 00:00:00+09:00,461.5111894774405,461.5111894774405,448.1867194400341,450.0036926269531,49000,0.0,0.0
2005-06-13 00:00:00+09:00,451.2150483860408,483.3149108886719,451.2150483860408,483.3149108886719,99000,0.0,0.0
2005-06-14 00:00:00+09:00,483.31490000849186,489.3714777028339,483.31490000849186,487.55450439453125,24000,0.0,0.0
2005-06-15 00:00:00+09:00,492.3998582372126,496.6394634126867,478.46972694636895,481.4980163574219,52000,0.0,0.0
2005-06-16 00:00:00+09:00,493.61108398437506,499.66766170197474,489.97713735381524,493.611083984375,12000,0.0,0.0
2005-06-17 00:00:00+09:00,496.63939322641136,501.4846555993519,496.63939322641136,500.8789978027344,15000,0.0,0.0
2005-06-20 00:00:00+09:00,525.1053881835937,529.9506512810202,514.8092041015625,514.8092041015625,53000,0.0,0.0
2005-06-21 00:00:00+09:00,515.415025412691,522.6829223632812,514.8093673334752,522.6829223632812,25000,0.0,0.0
2005-06-22 00:00:00+09:00,523.2882926053779,524.49960809752,519.0486883828806,520.8656616210938,19000,0.0,0.0
2005-06-23 00:00:00+09:00,532.3733156365863,539.0355528061,523.894104693569,536.0072631835938,95000,0.0,0.0
2005-06-24 00:00:00+09:00,532.9788165425146,532.9788165425146,516.0203996525255,520.8656616210938,24000,0.0,0.0
2005-06-27 00:00:00+09:00,520.865820425528,526.9223997328016,520.865820425528,523.2884521484375,7000,0.0,0.0
2005-06-28 00:00:00+09:00,520.8656616210938,520.8656616210938,520.8656616210938,520.8656616210938,3000,0.0,0.0
2005-06-29 00:00:00+09:00,523.2882547824182,523.2882547824182,518.4429931640625,518.4429931640625,7000,0.0,0.0
2005-06-30 00:00:00+09:00,522.6826526548369,522.6826526548369,511.7808128543885,519.0487060546875,10000,0.0,0.0
2005-07-01 00:00:00+09:00,519.654631967202,523.288580442497,519.654631967202,522.6829223632812,15000,0.0,0.0
2005-07-04 00:00:00+09:00,523.2883672055011,528.7392876972251,523.2883672055011,525.7109985351562,11000,0.0,0.0
2005-07-05 00:00:00+09:00,525.7110901927621,528.7393798828125,523.8941163787317,528.7393798828125,17000,0.0,0.0
2005-07-06 00:00:00+09:00,528.7393859723293,528.7393859723293,525.7110962474018,528.1337280273438,18000,0.0,0.0
2005-07-07 00:00:00+09:00,528.1337094698339,529.9506832409456,523.8941040039062,523.8941040039062,28000,0.0,0.0
2005-07-08 00:00:00+09:00,514.8093673334752,523.894238521713,514.8093673334752,522.6829223632812,19000,0.0,0.0
2005-07-11 00:00:00+09:00,511.7807954300282,522.6826348593069,511.7807954300282,520.8656616210938,15000,0.0,0.0
2005-07-12 00:00:00+09:00,514.8092041015625,514.8092041015625,509.3582831169577,514.8092041015625,14000,0.0,0.0
2005-07-13 00:00:00+09:00,508.7525634765625,511.7808525448754,508.7525634765625,508.7525634765625,11000,0.0,0.0
2005-07-14 00:00:00+09:00,503.9073852098375,505.72435895458455,502.6960693800062,503.3017272949219,8000,0.0,0.0
2005-07-15 00:00:00+09:00,505.1186165945871,520.2600619361515,505.1186165945871,508.7525634765625,5000,0.0,0.0
2005-07-18 00:00:00+09:00,508.7525634765625,508.7525634765625,508.7525634765625,508.7525634765625,0,0.0,0.0
2005-07-19 00:00:00+09:00,532.3732828297334,532.3732828297334,514.2035462143842,514.8092041015625,12000,0.0,0.0
2005-07-20 00:00:00+09:00,512.3865725528493,518.4431514246323,512.3865725528493,514.8092041015625,12000,0.0,0.0
2005-07-21 00:00:00+09:00,518.4429931640625,524.4995701870072,518.4429931640625,518.4429931640625,8000,0.0,0.0
2005-07-22 00:00:00+09:00,518.4429931640625,524.4995701870072,518.4429931640625,518.4429931640625,4000,0.0,0.0
2005-07-25 00:00:00+09:00,523.2882547824182,523.2882547824182,515.4147046525902,518.4429931640625,33000,0.0,0.0
2005-07-26 00:00:00+09:00,514.2034419936864,514.8090997581077,512.9921264648438,512.9921264648438,37000,0.0,0.0
2005-07-27 00:00:00+09:00,502.6960160294933,511.78088378906244,502.6960160294933,511.7808837890625,26000,0.0,0.0
2005-07-28 00:00:00+09:00,511.175335004365,532.3733642995697,511.175335004365,531.1620483398438,59000,0.0,0.0
2005-07-29 00:00:00+09:00,532.3732090217609,532.3732090217609,521.4713685639773,522.0770263671875,20000,0.0,0.0
2005-08-01 00:00:00+09:00,522.0771008578214,532.9789428710938,521.4714429681951,532.9789428710938,26000,0.0,0.0
2005-08-02 00:00:00+09:00,528.1336797540838,535.4015744295987,528.1336797540838,532.9789428710938,62000,0.0,0.0
2005-08-03 00:00:00+09:00,547.5147457675041,554.176982718215,539.0355351029632,543.8807983398438,417000,0.0,0.0
2005-08-04 00:00:00+09:00,538.4298706054688,539.0355285026627,514.8092126149027,538.4298706054688,123000,0.0,0.0
2005-08-05 00:00:00+09:00,537.218535961748,539.035509589578,534.1902465820312,534.1902465820312,21000,0.0,0.0
2005-08-08 00:00:00+09:00,534.7958405115544,548.120312189079,529.3449202798398,546.9089965820312,66000,0.0,0.0
2005-08-09 00:00:00+09:00,557.2051824672589,583.8541259765625,557.2051824672589,583.8541259765625,128000,0.0,0.0
2005-08-10 00:00:00+09:00,592.9390802442414,592.9390802442414,579.6146065308876,587.4881591796875,110000,0.0,0.0
2005-08-11 00:00:00+09:00,569.9239580335116,580.8257978258636,569.9239580335116,575.3748779296875,41000,0.0,0.0
2005-08-12 00:00:00+09:00,575.3749016727503,581.4314795850951,572.9522705078125,572.9522705078125,62000,0.0,0.0
2005-08-15 00:00:00+09:00,575.3749699617556,578.4032592773438,575.3749699617556,578.4032592773438,24000,0.0,0.0
2005-08-16 00:00:00+09:00,581.431548592932,584.4598379085202,575.3749699617556,578.4032592773438,26000,0.0,0.0
2005-08-17 00:00:00+09:00,578.4033324811041,578.4033324811041,575.3750427822501,577.1920166015625,19000,0.0,0.0
2005-08-18 00:00:00+09:00,577.1918512284129,577.1918512284129,569.3183002672698,575.3748779296875,45000,0.0,0.0
2005-08-19 00:00:00+09:00,575.9805356959293,578.4031667608964,569.3183002672698,575.3748779296875,73000,0.0,0.0
2005-08-22 00:00:00+09:00,575.3750181751997,581.431597313886,569.3184390365134,573.5580444335938,106000,0.0,0.0
2005-08-23 00:00:00+09:00,567.5013650582129,567.5013650582129,559.0221557617188,559.0221557617188,22000,0.0,0.0
2005-08-24 00:00:00+09:00,559.0221736742102,559.6278315005095,552.9655954112177,557.2052001953125,23000,0.0,0.0
2005-08-25 00:00:00+09:00,557.2052537111543,557.2052537111543,539.6411750615636,545.69775390625,21000,0.0,0.0
2005-08-26 00:00:00+09:00,534.7959297706926,548.1204036721142,534.7959297706926,543.8807983398438,47000,0.0,0.0
2005-08-29 00:00:00+09:00,540.8524185467928,546.9089965820312,540.8524185467928,546.9089965820312,10000,0.0,0.0
2005-08-30 00:00:00+09:00,553.5713253609409,553.5713253609409,548.1204042140608,549.9373779296875,18000,0.0,0.0
2005-08-31 00:00:00+09:00,549.3317687988282,551.1487426757812,536.6129516601562,551.1487426757812,27000,0.0,0.0
2005-09-01 00:00:00+09:00,556.5995423690132,557.2052001953125,551.14862193232,557.2052001953125,6000,0.0,0.0
2005-09-02 00:00:00+09:00,556.5996462708501,565.078857421875,556.5996462708501,565.078857421875,11000,0.0,0.0
2005-09-05 00:00:00+09:00,562.0505919695155,568.7128295898438,560.2336180730623,568.7128295898438,13000,0.0,0.0
2005-09-06 00:00:00+09:00,571.1352835128557,572.3465990664354,567.5013368521164,568.1069946289062,6000,0.0,0.0
2005-09-07 00:00:00+09:00,567.5015993169285,567.5015993169285,566.290283203125,566.290283203125,3000,0.0,0.0
2005-09-08 00:00:00+09:00,563.2618037773775,563.2618037773775,558.416540949185,560.8391723632812,9000,0.0,0.0
2005-09-09 00:00:00+09:00,557.2052001953125,558.416515847911,557.2052001953125,557.2052001953125,15000,0.0,0.0
2005-09-12 00:00:00+09:00,563.2618098078547,563.2618098078547,560.2335205078125,560.2335205078125,5000,0.0,0.0
2005-09-13 00:00:00+09:00,560.2334893268087,560.2334893268087,557.2052001953125,557.2052001953125,27000,0.0,0.0
2005-09-14 00:00:00+09:00,548.1204528808594,551.1487426757812,545.0921630859375,551.1487426757812,19000,0.0,0.0
2005-09-15 00:00:00+09:00,545.0920960217813,551.1486748664679,545.0920960217813,545.69775390625,9000,0.0,0.0
2005-09-16 00:00:00+09:00,548.1204528808594,551.1487426757812,545.6978210449219,551.1487426757812,10000,0.0,0.0
2005-09-19 00:00:00+09:00,551.1487426757812,551.1487426757812,551.1487426757812,551.1487426757812,0,0.0,0.0
2005-09-20 00:00:00+09:00,550.5427940139004,554.1767398489758,542.6692447045708,543.27490234375,35000,0.0,0.0
2005-09-21 00:00:00+09:00,543.8807253689235,550.5429614257812,542.0637518988715,545.092041015625,24000,0.0,0.0
2005-09-22 00:00:00+09:00,545.092064993722,545.092064993722,539.6411443437848,542.66943359375,14000,0.0,0.0
2005-09-23 00:00:00+09:00,542.66943359375,542.66943359375,542.66943359375,542.66943359375,0,0.0,0.0
2005-09-26 00:00:00+09:00,542.063720703125,545.0920096456006,537.2184583951641,542.063720703125,41000,0.0,0.0
2005-09-27 00:00:00+09:00,545.7223447989592,564.0147138983656,545.7223447989592,563.4049682617188,52000,6.0,0.0
2005-09-28 00:00:00+09:00,564.0146486268542,597.5506547614239,560.9659207964388,589.6239624023438,173000,0.0,0.0
2005-09-29 00:00:00+09:00,591.4530596923828,610.3551677856445,591.4530596923828,609.7454223632812,247000,0.0,0.0
2005-09-30 00:00:00+09:00,634.1352493428739,681.6953930435894,634.1352493428739,652.4276123046875,456000,0.0,0.0
2005-10-03 00:00:00+09:00,676.8177043369838,698.1588031223841,652.4278771536691,682.9151611328125,294300,0.0,0.0
2005-10-04 00:00:00+09:00,679.866363855906,679.866363855906,670.7201795887862,675.59814453125,74200,0.0,0.0
2005-10-05 00:00:00+09:00,682.9148792613637,682.9148792613637,668.2809889914773,670.719970703125,89900,0.0,0.0
2005-10-06 00:00:00+09:00,658.5250244140625,682.914840133102,650.5983343053748,658.5250244140625,85800,0.0,0.0
2005-10-07 00:00:00+09:00,658.5250805004224,682.9148982967342,658.5250805004224,676.8174438476562,87800,0.0,0.0
2005-10-10 00:00:00+09:00,676.8174438476562,676.8174438476562,676.8174438476562,676.8174438476562,0,0.0,0.0
2005-10-11 00:00:00+09:00,698.1585481063179,719.4996390964674,696.9390571925951,701.207275390625,184800,0.0,0.0
2005-10-12 00:00:00+09:00,718.8900450630896,731.6947023542897,713.4023347954324,723.1582641601562,128100,0.0,0.0
2005-10-13 00:00:00+09:00,716.4510123960434,756.6942181987148,716.4510123960434,756.08447265625,147800,0.0,0.0
2005-10-14 00:00:00+09:00,753.0357449439265,756.0844726562501,731.6946509576613,756.08447265625,116400,0.0,0.0
2005-10-17 00:00:00+09:00,744.4993460164818,756.0845119250101,738.4018902751511,750.5968017578125,72900,0.0,0.0
2005-10-18 00:00:00+09:00,731.6946195863588,749.3772395596959,731.6946195863588,734.7433471679688,35700,0.0,0.0
2005-10-19 00:00:00+09:00,744.4992178983467,756.0843818132267,734.133544921875,734.133544921875,80900,0.0,0.0
2005-10-20 00:00:00+09:00,734.7434545898437,770.7184453125,731.6947265625,762.1820068359375,108400,0.0,0.0
2005-10-21 00:00:00+09:00,749.9869815013448,753.0357090684234,737.7920712330302,743.8895263671875,27000,0.0,0.0
2005-10-24 00:00:00+09:00,743.889521209287,746.9382487552267,735.9628295898438,735.9628295898438,71600,0.0,0.0
2005-10-25 00:00:00+09:00,735.9628523663777,755.4747092642435,735.3531068383194,749.9869995117188,66000,0.0,0.0
2005-10-26 00:00:00+09:00,737.792023382132,745.1089690685664,737.792023382132,742.0602416992188,60900,0.0,0.0
2005-10-27 00:00:00+09:00,749.9867997872772,752.42578125,743.88934613047,752.42578125,67400,0.0,0.0
2005-10-28 00:00:00+09:00,762.1818956478621,787.181461825112,762.1818956478621,786.5717163085938,123200,0.0,0.0
2005-10-31 00:00:00+09:00,792.0594122992622,823.1564331054689,787.1814482512298,823.1564331054688,53100,0.0,0.0
2005-11-01 00:00:00+09:00,804.8642029336274,850.5951235548563,804.2544573253444,846.326904296875,125400,0.0,0.0
2005-11-02 00:00:00+09:00,821.9369140992682,846.326733508742,805.4737859978733,809.7420043945312,56300,0.0,0.0
2005-11-03 00:00:00+09:00,809.7420043945312,809.7420043945312,809.7420043945312,809.7420043945312,0,0.0,0.0
2005-11-04 00:00:00+09:00,809.7420387961647,809.7420387961647,784.7424728393554,804.8640747070312,37000,0.0,0.0
2005-11-07 00:00:00+09:00,804.8640679253473,823.1564331054689,792.6691578052663,823.1564331054688,45000,0.0,0.0
2005-11-08 00:00:00+09:00,810.9616750274773,820.7176049526199,795.7180345194421,801.8154907226562,37300,0.0,0.0
2005-11-09 00:00:00+09:00,801.8154907226561,809.7421837868345,792.6693064178351,801.8154907226562,36200,0.0,0.0
2005-11-10 00:00:00+09:00,807.9127032940205,807.9127032940205,774.376704289363,792.6690673828125,55600,0.0,0.0
2005-11-11 00:00:00+09:00,768.2794532775879,787.7913124084472,762.1819972991943,780.474365234375,24900,0.0,0.0
2005-11-14 00:00:00+09:00,774.3769189453125,776.8159013671875,762.1820068359375,762.1820068359375,30400,0.0,0.0
2005-11-15 00:00:00+09:00,746.9382230503353,774.3767700195314,746.9382230503353,774.3767700195312,22400,0.0,0.0
2005-11-16 00:00:00+09:00,762.181800762364,770.1084914902926,748.7674010689465,756.694091796875,7900,0.0,0.0
2005-11-17 00:00:00+09:00,767.6693357353331,774.3765340618531,759.7426468039913,773.1570434570312,44700,0.0,0.0
2005-11-18 00:00:00+09:00,774.3767700195314,786.5716797836184,768.8890606256921,774.3767700195312,45600,0.0,0.0
2005-11-21 00:00:00+09:00,792.669169489638,822.5466997242474,789.6204419146778,812.790771484375,155800,0.0,0.0
2005-11-22 00:00:00+09:00,817.0589780454283,834.1318522135417,812.7907595034,823.1564331054688,108000,0.0,0.0
2005-11-23 00:00:00+09:00,823.1564331054689,823.1564331054689,823.1564331054689,823.1564331054688,0,0.0,0.0
2005-11-24 00:00:00+09:00,828.0343658379095,843.2780029115087,812.7907287643103,818.88818359375,137700,0.0,0.0
2005-11-25 00:00:00+09:00,794.4985980729411,819.4981702302632,779.2549565135985,810.9617309570312,73600,0.0,0.0
2005-11-28 00:00:00+09:00,808.5223963914718,841.4486478282287,804.86392400961,826.8147583007812,71300,0.0,0.0
2005-11-29 00:00:00+09:00,820.1077709351929,844.4975931191392,817.0590431621996,831.0831909179688,45300,0.0,0.0
2005-11-30 00:00:00+09:00,835.3513407551611,841.4487957971695,824.9856671837466,840.8390502929688,44800,0.0,0.0
2005-12-01 00:00:00+09:00,840.8389823886229,850.5949096679688,823.1563641948085,850.5949096679688,63200,0.0,0.0
2005-12-02 00:00:00+09:00,850.5950974174168,853.6438253651495,838.4001856264861,841.4489135742188,116700,0.0,0.0
2005-12-05 00:00:00+09:00,850.5949096679688,850.5949096679688,832.3025460191952,850.5949096679688,23800,0.0,0.0
2005-12-06 00:00:00+09:00,826.2053072248186,882.9116493443081,826.2053072248186,853.6438598632812,87400,0.0,0.0
2005-12-07 00:00:00+09:00,829.2537536621094,896.3257484436035,829.2537536621094,878.0333862304688,52600,0.0,0.0
2005-12-08 00:00:00+09:00,895.7162340629459,906.0819086572754,854.8632812500001,854.86328125,88100,0.0,0.0
2005-12-09 00:00:00+09:00,865.8387015816215,893.277251983856,864.6192104526333,871.9361572265625,22000,0.0,0.0
2005-12-12 00:00:00+09:00,892.0577608548679,892.0577608548679,871.9361572265625,871.9361572265625,5800,0.0,0.0
2005-12-13 00:00:00+09:00,884.1310685164445,884.1310685164445,857.9120092431982,871.9361572265625,13300,0.0,0.0
2005-12-14 00:00:00+09:00,881.6920044997643,884.1309865315754,829.2538908158225,848.7657470703125,33700,0.0,0.0
2005-12-15 00:00:00+09:00,859.7410663571372,859.7410663571372,836.5707397460939,836.5707397460938,11400,0.0,0.0
2005-12-16 00:00:00+09:00,838.4002195085799,859.1315703909738,834.1320002092634,853.6438598632812,13500,0.0,0.0
2005-12-19 00:00:00+09:00,859.7412322133715,859.7412322133715,835.9611555776825,839.61962890625,8400,0.0,0.0
2005-12-20 00:00:00+09:00,841.4488084182792,886.569976405926,829.2538981513476,882.3017578125,23600,0.0,0.0
2005-12-21 00:00:00+09:00,882.3017113567663,888.3991661691834,853.6436737384055,862.7898559570312,20300,0.0,0.0
2005-12-22 00:00:00+09:00,865.2288997321799,884.1310110018752,862.7899176328644,871.3263549804688,33000,0.0,0.0
2005-12-23 00:00:00+09:00,871.3263549804688,871.3263549804688,871.3263549804688,871.3263549804688,0,0.0,0.0
2005-12-26 00:00:00+09:00,834.7417458234515,865.8387721470424,834.7417458234515,853.6438598632812,46500,0.0,0.0
2005-12-27 00:00:00+09:00,841.4489863147475,893.2773659065979,841.4489863147475,890.2286376953125,82600,0.0,0.0
2005-12-28 00:00:00+09:00,902.4233510870682,945.1055366114566,896.9356415196469,926.8131713867188,95800,0.0,0.0
2005-12-29 00:00:00+09:00,915.2279645932267,942.056765687232,914.6182191138174,932.9105834960938,38300,0.0,0.0
2005-12-30 00:00:00+09:00,896.3260057687127,920.7158290549361,896.3260057687127,919.496337890625,7400,0.0,0.0
2006-01-02 00:00:00+09:00,919.4963378906249,919.4963378906249,919.4963378906249,919.496337890625,0,0.0,0.0
2006-01-03 00:00:00+09:00,919.4963378906249,919.4963378906249,919.4963378906249,919.496337890625,0,0.0,0.0
2006-01-04 00:00:00+09:00,937.7887573242189,937.7887573242189,921.3256256936896,937.7887573242188,8300,0.0,0.0
2006-01-05 00:00:00+09:00,921.9352073267886,932.9106264616314,914.6182612368935,926.8131713867188,24200,0.0,0.0
2006-01-06 00:00:00+09:00,914.6183164664266,917.0572986436704,908.5208610233171,910.35009765625,13900,0.0,0.0
2006-01-09 00:00:00+09:00,910.35009765625,910.35009765625,910.35009765625,910.35009765625,0,0.0,0.0
2006-01-10 00:00:00+09:00,914.6184569000798,926.2036240208141,907.9112548828126,907.9112548828125,25000,0.0,0.0
2006-01-11 00:00:00+09:00,903.6427970067854,903.6427970067854,881.0822143554689,881.0822143554688,20200,0.0,0.0
2006-01-12 00:00:00+09:00,882.9116512967139,891.4480899142235,879.2531776034955,887.1798706054688,33500,0.0,0.0
2006-01-13 00:00:00+09:00,890.2285157906315,904.2526636421277,884.1310602030244,898.7649536132812,19900,0.0,0.0
2006-01-16 00:00:00+09:00,898.7647304547896,910.959638602073,878.643132011772,895.7160034179688,26200,0.0,0.0
2006-01-17 00:00:00+09:00,891.4480552965756,893.8870376640081,854.2535741932301,874.9849243164062,28900,0.0,0.0
2006-01-18 00:00:00+09:00,870.7164832481972,870.7164832481972,792.6690673828126,792.6690673828125,27000,0.0,0.0
2006-01-19 00:00:00+09:00,792.6692943586612,878.0336799049786,771.937943583127,854.2536010742188,91800,0.0,0.0
2006-01-20 00:00:00+09:00,865.8387371560802,871.9361930515455,835.3514576787534,841.4489135742188,40100,0.0,0.0
2006-01-23 00:00:00+09:00,829.2539326628747,843.8878255922195,810.9615665011936,834.1318969726562,5200,0.0,0.0
2006-01-24 00:00:00+09:00,809.7420353464419,828.6441461113061,795.7178886499297,814.01025390625,18400,0.0,0.0
2006-01-25 00:00:00+09:00,814.620357973521,814.620357973521,795.718238888806,798.7669677734375,25100,0.0,0.0
2006-01-26 00:00:00+09:00,804.8639761117789,807.3029578575722,792.6690673828126,792.6690673828125,35900,0.0,0.0
2006-01-27 00:00:00+09:00,798.7668177095571,816.4494419183947,795.7180893976886,810.9617309570312,50500,0.0,0.0
2006-01-30 00:00:00+09:00,835.3514576787534,848.1561150592306,835.3514576787534,841.4489135742188,25600,0.0,0.0
2006-01-31 00:00:00+09:00,849.3756405639649,865.8387721470424,829.254035295759,853.6438598632812,32300,0.0,0.0
2006-02-01 00:00:00+09:00,851.8145224248733,851.8145224248733,832.3026650751267,842.05859375,10200,0.0,0.0
2006-02-02 00:00:00+09:00,847.546202193859,847.546202193859,826.8148562409157,839.009765625,22000,0.0,0.0
2006-02-03 00:00:00+09:00,829.2539589422213,853.6437812640513,829.2539589422213,847.5463256835938,23900,0.0,0.0
2006-02-06 00:00:00+09:00,853.0340357060055,853.0340357060055,842.058615661182,847.5463256835938,18300,0.0,0.0
2006-02-07 00:00:00+09:00,848.1561493355888,855.4730967058455,845.1074212646485,853.6438598632812,18200,0.0,0.0
2006-02-08 00:00:00+09:00,853.6438253651495,853.6438253651495,823.1565458878227,841.4489135742188,9500,0.0,0.0
2006-02-09 00:00:00+09:00,842.6680512057177,846.9362685417814,829.8633991975265,830.47314453125,7400,0.0,0.0
2006-02-10 00:00:00+09:00,826.8149634057349,845.1073298527645,826.8149634057349,832.3026733398438,10200,0.0,0.0
2006-02-13 00:00:00+09:00,829.2541015625001,829.2541015625001,777.4257202148439,777.4257202148438,11100,0.0,0.0
2006-02-14 00:00:00+09:00,789.6205783162279,823.1565874339055,774.9866834285141,801.8154907226562,9200,0.0,0.0
2006-02-15 00:00:00+09:00,814.0104145857408,814.0104145857408,774.3769487070343,774.9866943359375,19500,0.0,0.0
2006-02-16 00:00:00+09:00,778.645024593856,798.7666266389595,774.3768059782279,786.5717163085938,24100,0.0,0.0
2006-02-17 00:00:00+09:00,810.961686441225,810.961686441225,774.9866943359375,774.9866943359375,10700,0.0,0.0
2006-02-20 00:00:00+09:00,774.3768794783948,774.9866250527872,699.378173828125,699.378173828125,25700,0.0,0.0
2006-02-21 00:00:00+09:00,719.4996390964674,751.2064028532608,701.207275390625,701.207275390625,23700,0.0,0.0
2006-02-22 00:00:00+09:00,749.9869414906443,768.2793059172453,732.3043225449298,740.8407592773438,24600,0.0,0.0
2006-02-23 00:00:00+09:00,777.4257202148439,778.0354658777575,753.0358936982997,777.4257202148438,15900,0.0,0.0
2006-02-24 00:00:00+09:00,765.2307041505072,774.3768878654535,761.5722306645287,766.4501953125,23700,0.0,0.0
2006-02-27 00:00:00+09:00,792.6692771911621,801.8154611587524,774.3769092559814,780.474365234375,46900,0.0,0.0
2006-02-28 00:00:00+09:00,780.4742249015749,795.1081166184794,771.3280425785096,774.3767700195312,38400,0.0,0.0
2006-03-01 00:00:00+09:00,762.1817384222553,774.3766462370113,739.0114135742188,739.0114135742188,38500,0.0,0.0
2006-03-02 00:00:00+09:00,744.499323431051,746.9383056535934,707.9145900929158,710.9633178710938,35000,0.0,0.0
2006-03-03 00:00:00+09:00,710.963348628548,710.963348628548,676.8175960357532,698.15869140625,55900,0.0,0.0
2006-03-06 00:00:00+09:00,664.6225164240058,682.9148792613637,656.0860804332387,670.719970703125,82500,0.0,0.0
2006-03-07 00:00:00+09:00,670.7199322735822,670.7199322735822,643.2813895896629,658.5250244140625,51300,0.0,0.0
2006-03-08 00:00:00+09:00,640.8425335984003,647.5497342354911,637.1840605236235,640.2327880859375,55300,0.0,0.0
2006-03-09 00:00:00+09:00,654.2569232531716,695.1098718626428,646.330231731931,693.890380859375,37400,0.0,0.0
2006-03-10 00:00:00+09:00,682.915047797406,692.0612314732641,673.768864121548,681.695556640625,56200,0.0,0.0
2006-03-13 00:00:00+09:00,692.670901922112,695.7196294833889,681.0857371892597,683.5247192382812,78100,0.0,0.0
2006-03-14 00:00:00+09:00,689.0124728732638,689.0124728732638,682.915017361111,685.9637451171875,81800,0.0,0.0
2006-03-15 00:00:00+09:00,692.061182680686,692.061182680686,679.8662719726562,679.8662719726562,38300,0.0,0.0
2006-03-16 00:00:00+09:00,683.5245855260779,690.2317848488137,640.2326626247831,658.5250244140625,75600,0.0,0.0
2006-03-17 00:00:00+09:00,670.720091862465,670.720091862465,609.7455380567864,653.647216796875,155900,0.0,0.0
2006-03-20 00:00:00+09:00,667.671185532849,687.7927829050718,667.0614401579331,679.25634765625,137700,0.0,0.0
2006-03-21 00:00:00+09:00,679.25634765625,679.25634765625,679.25634765625,679.25634765625,0,0.0,0.0
2006-03-22 00:00:00+09:00,689.0123331073241,713.4021502084684,686.5733513972096,706.085205078125,150500,0.0,0.0
2006-03-23 00:00:00+09:00,713.4022136786218,722.5483959052708,685.9636669986747,688.4026489257812,145100,0.0,0.0
2006-03-24 00:00:00+09:00,686.5733303432552,689.0123119785775,667.6712226695065,673.7686767578125,117900,0.0,0.0
2006-03-27 00:00:00+09:00,685.9636064009234,689.012333540483,664.6225164240058,670.719970703125,137200,0.0,0.0
2006-03-28 00:00:00+09:00,676.8733520507812,686.1034432151101,673.7966549960049,676.8733520507812,137000,10.0,0.0
2006-03-29 00:00:00+09:00,683.0269775390625,696.5644491659629,673.1815436285896,683.0269775390625,205400,0.0,0.0
2006-03-30 00:00:00+09:00,713.7937643186265,799.9412875984607,707.6403697986383,747.0220947265625,501800,0.0,0.0
2006-03-31 00:00:00+09:00,796.2494274343605,808.5562192030524,778.4045793697574,793.1727294921875,341200,0.0,0.0
2006-04-03 00:00:00+09:00,787.6345552884616,818.401530104417,787.6345552884616,799.9413452148438,243900,0.0,0.0
2006-04-04 00:00:00+09:00,806.09484526867,814.7095993402436,779.0199039008673,781.4812622070312,214500,0.0,0.0
2006-04-05 00:00:00+09:00,782.0966049515835,788.2500007419185,757.4830217902432,759.3290405273438,156100,0.0,0.0
2006-04-06 00:00:00+09:00,763.0209858803047,779.0198130036015,763.0209858803047,764.8670043945312,221700,0.0,0.0
2006-04-07 00:00:00+09:00,763.0210749108022,787.6346579724409,752.5603021096057,781.4812622070312,141400,0.0,0.0
2006-04-10 00:00:00+09:00,777.78925390625,780.2506123046875,759.9444055175782,769.1744995117188,151600,0.0,0.0
2006-04-11 00:00:00+09:00,775.3277895261915,783.3272032276523,767.3283758247309,769.7897338867188,164900,0.0,0.0
2006-04-12 00:00:00+09:00,766.0978015136719,775.9432351074219,755.6370283203125,769.1744995117188,153900,0.0,0.0
2006-04-13 00:00:00+09:00,778.4045079242752,780.865866052099,758.0983033697289,766.0977172851562,93000,0.0,0.0
2006-04-14 00:00:00+09:00,769.1743604844814,775.3277553683572,764.2516445773807,768.5590209960938,77900,0.0,0.0
2006-04-17 00:00:00+09:00,772.2509925854611,775.3276897670764,759.3288644226765,761.7902221679688,65400,0.0,0.0
2006-04-18 00:00:00+09:00,759.3288332859223,759.3288332859223,748.2527238862897,756.2521362304688,59700,0.0,0.0
2006-04-19 00:00:00+09:00,763.0209040699889,767.3282801413517,757.4828491210939,757.4828491210938,50000,0.0,0.0
2006-04-20 00:00:00+09:00,757.4830744855221,763.6364707039261,748.8683197797567,750.0989990234375,51900,0.0,0.0
2006-04-21 00:00:00+09:00,747.0221726908114,753.790907369229,742.0994565610532,747.6375122070312,43600,0.0,0.0
2006-04-24 00:00:00+09:00,763.0211624010038,766.0978606364918,745.7916522822715,762.4058227539062,109100,0.0,0.0
2006-04-25 00:00:00+09:00,756.2522892185899,758.0983078253074,746.4068566494301,750.7142333984375,73900,0.0,0.0
2006-04-26 00:00:00+09:00,751.3295418770675,767.9437086507619,750.7142023669306,767.328369140625,85400,0.0,0.0
2006-04-27 00:00:00+09:00,767.9436165311995,767.9436165311995,750.7141123141533,761.7902221679688,49800,0.0,0.0
2006-04-28 00:00:00+09:00,765.4823680846672,765.4823680846672,748.2528614075204,756.8676147460938,33700,0.0,0.0
2006-05-01 00:00:00+09:00,755.0215114297672,756.8675297951212,747.0220985132335,753.7908325195312,21000,0.0,0.0
2006-05-02 00:00:00+09:00,744.5607506585004,753.7908426088125,739.6380349516674,751.94482421875,21300,0.0,0.0
2006-05-03 00:00:00+09:00,751.94482421875,751.94482421875,751.94482421875,751.94482421875,0,0.0,0.0
2006-05-04 00:00:00+09:00,751.94482421875,751.94482421875,751.94482421875,751.94482421875,0,0.0,0.0
2006-05-05 00:00:00+09:00,751.94482421875,751.94482421875,751.94482421875,751.94482421875,0,0.0,0.0
2006-05-08 00:00:00+09:00,745.7914936583719,751.3295493043499,744.5608146259324,747.6375122070312,66100,0.0,0.0
2006-05-09 00:00:00+09:00,750.7140772526684,758.0981501436783,748.8680590299159,749.4833984375,19200,0.0,0.0
2006-05-10 00:00:00+09:00,747.6375055037482,755.0215796321803,741.4841103967215,745.1761474609375,23500,0.0,0.0
2006-05-11 00:00:00+09:00,749.4836447143555,749.4836447143555,738.4075317382812,738.4075317382812,25600,0.0,0.0
2006-05-12 00:00:00+09:00,713.7937491653312,731.6385928944645,689.180171607906,719.9471435546875,38200,0.0,0.0
2006-05-15 00:00:00+09:00,698.4103393554688,703.3330554037892,690.410925776948,698.4103393554688,65700,0.0,0.0
2006-05-16 00:00:00+09:00,704.5637443210768,708.2557814092222,698.4103491741678,707.6404418945312,54300,0.0,0.0
2006-05-17 00:00:00+09:00,713.7939906837665,713.7939906837665,689.1804047981194,695.3338012695312,50400,0.0,0.0
2006-05-18 00:00:00+09:00,670.7201917797739,671.950871030746,652.260003015193,667.6434936523438,127800,0.0,0.0
2006-05-19 00:00:00+09:00,658.413335220281,686.1036156734705,652.8752791296432,671.9508056640625,59900,0.0,0.0
2006-05-22 00:00:00+09:00,745.7915064761513,745.7915064761513,687.3342514305784,701.487060546875,123900,0.0,0.0
2006-05-23 00:00:00+09:00,691.0262485080295,725.4852600097656,689.1802300347223,708.87109375,107600,0.0,0.0
2006-05-24 00:00:00+09:00,710.716968211358,719.9470587076094,683.0266967226038,686.1033935546875,86500,0.0,0.0
2006-05-25 00:00:00+09:00,695.3335150648994,695.3335150648994,665.181884765625,665.181884765625,62800,0.0,0.0
2006-05-26 00:00:00+09:00,676.8733179200109,684.8727298590655,658.4131365221924,675.6426391601562,53200,0.0,0.0
2006-05-29 00:00:00+09:00,680.565521601883,689.1802750398815,664.5666937884572,675.0274658203125,52300,0.0,0.0
2006-05-30 00:00:00+09:00,670.7201474015884,680.565580757942,665.1820911386395,668.2587890625,49300,0.0,0.0
2006-05-31 00:00:00+09:00,652.259874235088,658.4132692750416,646.1064791951343,647.337158203125,35200,0.0,0.0
2006-06-01 00:00:00+09:00,639.9531087398996,646.7218435438792,628.2616577148438,628.2616577148438,42600,0.0,0.0
2006-06-02 00:00:00+09:00,605.4939886824963,618.4161164897446,582.1110907455706,611.0320434570312,163500,0.0,0.0
2006-06-05 00:00:00+09:00,614.7240699859988,639.9529857712099,603.6479606168816,612.8780517578125,46200,0.0,0.0
2006-06-06 00:00:00+09:00,612.262837995292,629.4923449941545,606.7247821742291,608.57080078125,37500,0.0,0.0
2006-06-07 00:00:00+09:00,608.5707432861328,624.5695697021484,608.5707432861328,615.3394775390625,24200,0.0,0.0
2006-06-08 00:00:00+09:00,609.186109893176,612.8781469228317,597.4946592992666,603.03271484375,44100,0.0,0.0
2006-06-09 00:00:00+09:00,603.0326157371596,636.8762829468982,603.0326157371596,621.4927978515625,55900,0.0,0.0
2006-06-12 00:00:00+09:00,609.1860097752939,627.0308524858833,609.1860097752939,621.4927978515625,18000,0.0,0.0
2006-06-13 00:00:00+09:00,615.3395527541036,617.1855714123659,604.2634408045298,609.1861572265625,26700,0.0,0.0
2006-06-14 00:00:00+09:00,596.8793661714805,612.262854990333,591.9566497494476,609.1861572265625,15700,0.0,0.0
2006-06-15 00:00:00+09:00,615.3393877231008,615.3393877231008,596.2638667036847,605.4939575195312,76800,0.0,0.0
2006-06-16 00:00:00+09:00,614.7241678192286,643.6451246635766,614.7241678192286,643.02978515625,74000,0.0,0.0
2006-06-19 00:00:00+09:00,624.5696068365058,643.0297922602449,624.5696068365058,634.4150390625,15600,0.0,0.0
2006-06-20 00:00:00+09:00,640.5684826982335,642.414501380361,616.5702398305764,629.4923706054688,31200,0.0,0.0
2006-06-21 00:00:00+09:00,629.4923667537356,633.7997436523438,617.1855756148551,633.7997436523438,12700,0.0,0.0
2006-06-22 00:00:00+09:00,636.8764207169817,639.9531184016048,623.9542904415646,637.4917602539062,18800,0.0,0.0
2006-06-23 00:00:00+09:00,639.9531537224265,639.9531537224265,621.4929665958181,627.6463623046875,17700,0.0,0.0
2006-06-26 00:00:00+09:00,619.0316162109375,627.031030734538,617.1855974747219,619.0316162109375,13500,0.0,0.0
2006-06-27 00:00:00+09:00,615.9549118925236,621.4929680434053,612.8782140309225,616.5702514648438,20000,0.0,0.0
2006-06-28 00:00:00+09:00,616.5702489396758,616.5702489396758,609.1861741020749,609.801513671875,11600,0.0,0.0
2006-06-29 00:00:00+09:00,615.3396080280172,624.5697021484375,610.4168911637931,624.5697021484375,13300,0.0,0.0
2006-06-30 00:00:00+09:00,628.8769702512826,628.8769702512826,614.7241617231226,618.4161987304688,25100,0.0,0.0
2006-07-03 00:00:00+09:00,618.4161149120517,626.41552734375,618.4161149120517,626.41552734375,33000,0.0,0.0
2006-07-04 00:00:00+09:00,628.2616577148438,635.0303925188234,625.1849600766711,628.2616577148438,66000,0.0,0.0
2006-07-05 00:00:00+09:00,625.1850040211398,630.7230601591223,624.5696644502528,627.6463623046875,78100,0.0,0.0
2006-07-06 00:00:00+09:00,627.6461918896968,627.6461918896968,621.4927978515625,621.4927978515625,38700,0.0,0.0
2006-07-07 00:00:00+09:00,621.4928723144532,624.5695697021484,609.1860827636718,615.3394775390625,75100,0.0,0.0
2006-07-10 00:00:00+09:00,612.8781945430871,612.8781945430871,603.0327616990215,609.1861572265625,32300,0.0,0.0
2006-07-11 00:00:00+09:00,609.8013404506421,611.6473586356592,606.7246434756137,607.955322265625,10500,0.0,0.0
2006-07-12 00:00:00+09:00,608.5706844701522,608.5706844701522,599.9559326171875,599.9559326171875,51000,0.0,0.0
2006-07-13 00:00:00+09:00,596.8792514363012,596.8792514363012,587.0338204847745,589.4951782226562,10100,0.0,0.0
2006-07-14 00:00:00+09:00,585.8031887335526,589.4952256373355,582.1111518297697,584.572509765625,20600,0.0,0.0
2006-07-17 00:00:00+09:00,584.572509765625,584.572509765625,584.572509765625,584.572509765625,0,0.0,0.0
2006-07-18 00:00:00+09:00,572.265805648123,572.265805648123,560.5743537047742,565.4970703125,20700,0.0,0.0
2006-07-19 00:00:00+09:00,553.1903759311534,575.3426045557603,539.0375631987657,562.4204711914062,50900,0.0,0.0
2006-07-20 00:00:00+09:00,574.7270476678733,579.034423828125,566.7276347988343,579.034423828125,32200,0.0,0.0
2006-07-21 00:00:00+09:00,574.1118942358764,580.8806303951419,571.035195981665,574.7272338867188,3800,0.0,0.0
2006-07-24 00:00:00+09:00,550.1135284929644,565.4970164262129,543.3447938023352,556.8822631835938,33400,0.0,0.0
2006-07-25 00:00:00+09:00,574.1120328036221,575.3427124023438,564.2665960138494,575.3427124023438,36900,0.0,0.0
2006-07-26 00:00:00+09:00,569.189008498034,569.189008498034,555.6515401878105,557.49755859375,19800,0.0,0.0
2006-07-27 00:00:00+09:00,551.9596346731598,559.959049668423,551.9596346731598,555.6516723632812,13100,0.0,0.0
2006-07-28 00:00:00+09:00,567.9584749383998,571.6505126953125,557.4977012938139,571.6505126953125,11400,0.0,0.0
2006-07-31 00:00:00+09:00,579.0344443866613,587.0338575397184,574.7270680734769,586.4185180664062,35700,0.0,0.0
2006-08-01 00:00:00+09:00,586.4184444185853,593.8025171709704,586.4184444185853,592.5718383789062,21600,0.0,0.0
2006-08-02 00:00:00+09:00,596.2639802893814,609.186109893176,595.6486407844387,603.03271484375,18300,0.0,0.0
2006-08-03 00:00:00+09:00,612.262807417889,612.262807417889,598.1099988042092,603.03271484375,17100,0.0,0.0
2006-08-04 00:00:00+09:00,604.8787569772169,611.0321522669138,604.8787569772169,606.1094360351562,4800,0.0,0.0
2006-08-07 00:00:00+09:00,609.1860927624648,609.1860927624648,602.4173583984375,602.4173583984375,11200,0.0,0.0
2006-08-08 00:00:00+09:00,577.803746296659,609.1860583958386,577.803746296659,601.1866455078125,40600,0.0,0.0
2006-08-09 00:00:00+09:00,603.6480543486925,603.6480543486925,596.8793197943239,603.03271484375,14200,0.0,0.0
2006-08-10 00:00:00+09:00,598.1100452769887,613.4935340958413,596.8793661714805,609.1861572265625,17100,0.0,0.0
2006-08-11 00:00:00+09:00,609.1860590795776,620.2621692446609,606.109361811499,612.2627563476562,72700,0.0,0.0
2006-08-14 00:00:00+09:00,615.3394775390625,618.4161749267578,609.1860827636718,615.3394775390625,63500,0.0,0.0
2006-08-15 00:00:00+09:00,618.4162317787728,630.7230224609375,615.3395341082318,630.7230224609375,64600,0.0,0.0
2006-08-16 00:00:00+09:00,636.876286056256,651.0290924130617,633.7995890221678,643.64501953125,59700,0.0,0.0
2006-08-17 00:00:00+09:00,655.9519604648831,674.4121469695233,655.9519604648831,671.33544921875,81800,0.0,0.0
2006-08-18 00:00:00+09:00,674.4121890205051,674.4121890205051,663.951416015625,663.951416015625,32500,0.0,0.0
2006-08-21 00:00:00+09:00,649.7985868566177,651.6446055692785,627.6463623046875,627.6463623046875,38400,0.0,0.0
2006-08-22 00:00:00+09:00,638.7224053801605,641.1837633970397,628.2616338084238,636.2610473632812,24000,0.0,0.0
2006-08-23 00:00:00+09:00,641.7990892198351,642.4144287109375,630.7229783799913,642.4144287109375,25000,0.0,0.0
2006-08-24 00:00:00+09:00,636.2610782679116,636.2610782679116,627.0309852562881,630.7230224609375,48400,0.0,0.0
2006-08-25 00:00:00+09:00,627.6463048243922,630.7230023970609,622.7235887081225,623.3389282226562,27600,0.0,0.0
2006-08-28 00:00:00+09:00,622.1082392446025,622.1082392446025,611.6474676648219,614.1088256835938,26200,0.0,0.0
2006-08-29 00:00:00+09:00,615.3394605543043,621.4928551598474,612.8781027120871,614.72412109375,13900,0.0,0.0
2006-08-30 00:00:00+09:00,615.3395723202033,624.5696659050063,614.7242327478831,616.5702514648438,23300,0.0,0.0
2006-08-31 00:00:00+09:00,620.2622680664062,621.4929471697126,614.7242121015275,620.2622680664062,30000,0.0,0.0
2006-09-01 00:00:00+09:00,627.6462567862818,627.6462567862818,615.3394674375312,617.1854858398438,28600,0.0,0.0
2006-09-04 00:00:00+09:00,627.6462018694197,646.1063842773438,619.031450079055,646.1063842773438,71100,0.0,0.0
2006-09-05 00:00:00+09:00,646.7219301341269,649.1832885742188,640.5685340338973,649.1832885742188,27100,0.0,0.0
2006-09-06 00:00:00+09:00,646.1064622109072,648.5678201621869,635.0303514301488,635.6456909179688,44300,0.0,0.0
2006-09-07 00:00:00+09:00,635.6457623231759,639.953139221784,633.7997436523438,633.7997436523438,9800,0.0,0.0
2006-09-08 00:00:00+09:00,636.8764207169817,637.4917602539062,633.7997230323585,637.4917602539062,4500,0.0,0.0
2006-09-11 00:00:00+09:00,643.6450900823144,643.6450900823144,619.6468505859375,619.6468505859375,17600,0.0,0.0
2006-09-12 00:00:00+09:00,623.3388907470703,623.3388907470703,612.2627801513672,615.3394775390625,33200,0.0,0.0
2006-09-13 00:00:00+09:00,612.8781469228317,621.492899992028,603.03271484375,603.03271484375,65400,0.0,0.0
2006-09-14 00:00:00+09:00,603.6480274658203,617.8008354492188,603.0326879882813,615.3394775390625,20600,0.0,0.0
2006-09-15 00:00:00+09:00,617.1854418264442,620.8774783677788,615.3394235557769,617.80078125,18700,0.0,0.0
2006-09-18 00:00:00+09:00,617.80078125,617.80078125,617.80078125,617.80078125,0,0.0,0.0
2006-09-19 00:00:00+09:00,621.4927978515625,621.4927978515625,619.0314402363088,621.4927978515625,10200,0.0,0.0
2006-09-20 00:00:00+09:00,615.9548837322078,630.7230327927203,615.9548837322078,628.8770141601562,38100,0.0,0.0
2006-09-21 00:00:00+09:00,627.0308726033367,627.6462120268924,615.3394235557769,617.80078125,17500,0.0,0.0
2006-09-22 00:00:00+09:00,618.4162687413833,632.5690788717832,615.3395708869485,627.6463623046875,65000,0.0,0.0
2006-09-25 00:00:00+09:00,617.1856289694277,618.4163081897058,607.3401952072036,613.4935913085938,48000,0.0,0.0
2006-09-26 00:00:00+09:00,619.6967559537859,623.4186583919468,613.4935852235178,615.974853515625,35200,8.0,0.0
2006-09-27 00:00:00+09:00,629.6217490428716,631.4827000252642,623.4185791015625,623.4185791015625,35900,0.0,0.0
2006-09-28 00:00:00+09:00,629.621742697323,632.7233276367188,629.0014257094439,632.7233276367188,48500,0.0,0.0
2006-09-29 00:00:00+09:00,638.9264470880682,642.0280317826705,629.001376065341,641.40771484375,24900,0.0,0.0
2006-10-02 00:00:00+09:00,641.4078142388264,645.1297164491098,632.7233757481654,644.5093994140625,21500,0.0,0.0
2006-10-03 00:00:00+09:00,632.1030959171128,644.5094373482632,620.31707155752,622.79833984375,32000,0.0,0.0
2006-10-04 00:00:00+09:00,617.8358409567796,627.7609147070893,615.9748896285965,625.8999633789062,56100,0.0,0.0
2006-10-05 00:00:00+09:00,624.0389187011718,625.8998697509766,618.4560655517578,620.3170166015625,47900,0.0,0.0
2006-10-06 00:00:00+09:00,623.4186016845703,623.4186016845703,620.3170166015625,620.3170166015625,13900,0.0,0.0
2006-10-09 00:00:00+09:00,620.3170166015625,620.3170166015625,620.3170166015625,620.3170166015625,0,0.0,0.0
2006-10-10 00:00:00+09:00,614.7342073209993,623.4186461731628,614.1138902601305,620.9373779296875,20000,0.0,0.0
2006-10-11 00:00:00+09:00,617.8358032712898,622.79833984375,617.2154861997324,622.79833984375,76600,0.0,0.0
2006-10-12 00:00:00+09:00,620.3169622341123,620.3169622341123,590.541748046875,590.541748046875,85800,0.0,0.0
2006-10-13 00:00:00+09:00,601.707566804182,613.4935913085938,601.707566804182,613.4935913085938,60000,0.0,0.0
2006-10-16 00:00:00+09:00,620.3169497365375,636.4451904296875,620.3169497365375,636.4451904296875,35100,0.0,0.0
2006-10-17 00:00:00+09:00,627.7608475077893,632.7233838517244,626.5202134218056,628.3811645507812,14800,0.0,0.0
2006-10-18 00:00:00+09:00,632.7234728582974,632.7234728582974,629.6218872070312,629.6218872070312,24500,0.0,0.0
2006-10-19 00:00:00+09:00,632.1030549022289,638.9265422466102,632.1030549022289,633.3436889648438,42600,0.0,0.0
2006-10-20 00:00:00+09:00,638.9265027366572,642.0280877013982,632.7233328071751,637.0655517578125,33500,0.0,0.0
2006-10-23 00:00:00+09:00,635.824945299688,643.8890665571474,633.3436772204697,638.3062133789062,35400,0.0,0.0
2006-10-24 00:00:00+09:00,634.5841674804688,635.8248012389838,633.3435337219537,634.5841674804688,26200,0.0,0.0
2006-10-25 00:00:00+09:00,642.0280877013982,642.0280877013982,633.3436498001233,637.0655517578125,13000,0.0,0.0
2006-10-26 00:00:00+09:00,637.6858297756081,640.7874145507812,637.0655128205734,640.7874145507812,29900,0.0,0.0
2006-10-27 00:00:00+09:00,632.7232776988636,635.824862393466,627.7607421875,627.7607421875,23600,0.0,0.0
2006-10-30 00:00:00+09:00,626.520164072217,628.3811150546097,621.5576281191697,623.4185791015625,29800,0.0,0.0
2006-10-31 00:00:00+09:00,623.4185624170019,627.7607812597074,619.6966605518257,624.0388793945312,24900,0.0,0.0
2006-11-01 00:00:00+09:00,632.7234068371001,632.7234068371001,625.2796020507812,625.2796020507812,26900,0.0,0.0
2006-11-02 00:00:00+09:00,625.2796127364614,629.001515193226,621.5577102796968,627.1405639648438,20300,0.0,0.0
2006-11-03 00:00:00+09:00,627.1405639648438,627.1405639648438,627.1405639648438,627.1405639648438,0,0.0,0.0
2006-11-06 00:00:00+09:00,626.5201867675781,626.5201867675781,619.0763825683593,620.3170166015625,31300,0.0,0.0
2006-11-07 00:00:00+09:00,622.798350511265,629.6218384152728,620.3170821825348,624.6593017578125,21300,0.0,0.0
2006-11-08 00:00:00+09:00,625.2795300839551,629.6217490428716,622.7982621074316,623.4185791015625,7300,0.0,0.0
2006-11-09 00:00:00+09:00,623.4184902567688,623.4184902567688,613.4934197651187,622.1778564453125,16800,0.0,0.0
2006-11-10 00:00:00+09:00,611.6325562130752,623.4185791015625,611.6325562130752,623.4185791015625,39300,0.0,0.0
2006-11-13 00:00:00+09:00,619.6967559537859,619.6967559537859,614.7342193695714,615.974853515625,29100,0.0,0.0
2006-11-14 00:00:00+09:00,616.5951585036057,623.4186461731628,615.9748414427369,620.9373779296875,50100,0.0,0.0
2006-11-15 00:00:00+09:00,619.0762719166719,622.7981733510406,618.4559550109437,622.1778564453125,61000,0.0,0.0
2006-11-16 00:00:00+09:00,622.7982994326181,634.5843230274585,621.5576653700034,633.3436889648438,41000,0.0,0.0
2006-11-17 00:00:00+09:00,632.7233113203898,632.7233113203898,614.1138021639078,626.5201416015625,35000,0.0,0.0
2006-11-20 00:00:00+09:00,620.3169614530457,620.3169614530457,595.5042829949239,611.01220703125,31500,0.0,0.0
2006-11-21 00:00:00+09:00,604.8091085333573,612.8732299804688,598.6059381894254,612.8732299804688,10900,0.0,0.0
2006-11-22 00:00:00+09:00,601.7073650495931,609.771484375,601.7073650495931,609.771484375,5900,0.0,0.0
2006-11-23 00:00:00+09:00,609.771484375,609.771484375,609.771484375,609.771484375,0,0.0,0.0
2006-11-24 00:00:00+09:00,604.8090486711953,610.3919014281602,602.948097752207,606.0496826171875,15400,0.0,0.0
2006-11-27 00:00:00+09:00,602.9481252294273,607.910661239546,599.846540223103,607.2903442382812,22800,0.0,0.0
2006-11-28 00:00:00+09:00,606.0497160456731,606.0497160456731,601.7074969951923,604.80908203125,17600,0.0,0.0
2006-11-29 00:00:00+09:00,605.4294692792594,613.4935913085938,604.8091522000798,613.4935913085938,21600,0.0,0.0
2006-11-30 00:00:00+09:00,614.1138422513445,614.1138422513445,605.4294040780932,609.1513061523438,20600,0.0,0.0
2006-12-01 00:00:00+09:00,607.910702132049,635.204652023692,607.910702132049,628.3811645507812,41000,0.0,0.0
2006-12-04 00:00:00+09:00,635.8248012389838,635.8248012389838,629.6216324464084,634.5841674804688,48500,0.0,0.0
2006-12-05 00:00:00+09:00,636.4452573175299,638.9265253772475,620.3170149293665,633.9639892578125,8800,0.0,0.0
2006-12-06 00:00:00+09:00,623.4185728185317,635.2045955882353,620.9373048670152,632.7233276367188,5900,0.0,0.0
2006-12-07 00:00:00+09:00,627.7607917336857,633.3436446245979,625.8998407700483,632.7233276367188,16000,0.0,0.0
2006-12-08 00:00:00+09:00,633.963950608215,636.4452185166621,629.6217317684327,630.8623657226562,20300,0.0,0.0
2006-12-11 00:00:00+09:00,642.0280594991441,644.5093273619427,636.4452068078472,642.6483764648438,24400,0.0,0.0
2006-12-12 00:00:00+09:00,645.1296220797938,645.7499390241012,638.9264526367188,638.9264526367188,20100,0.0,0.0
2006-12-13 00:00:00+09:00,642.02814555618,657.5360717773438,642.02814555618,657.5360717773438,24600,0.0,0.0
2006-12-14 00:00:00+09:00,660.6376570215765,663.7392422658093,653.1938524354179,657.5360717773438,26800,0.0,0.0
2006-12-15 00:00:00+09:00,660.6376117456739,665.6001477963457,653.1938076696664,663.7391967773438,23600,0.0,0.0
2006-12-18 00:00:00+09:00,679.8674483625856,689.172203586526,672.4236441834332,679.2471313476562,48100,0.0,0.0
2006-12-19 00:00:00+09:00,677.38623046875,677.38623046875,671.8033769209306,677.38623046875,23500,0.0,0.0
2006-12-20 00:00:00+09:00,669.9423711440143,680.4877603194293,669.9423711440143,674.9049072265625,14400,0.0,0.0
2006-12-21 00:00:00+09:00,676.1455078125,679.2470927107224,673.664239893922,676.1455078125,16500,0.0,0.0
2006-12-22 00:00:00+09:00,670.562693138645,682.348716422303,669.9423761237157,679.2471313476562,21000,0.0,0.0
2006-12-25 00:00:00+09:00,682.3486607846156,682.3486607846156,673.0439063193709,676.7658081054688,11000,0.0,0.0
2006-12-26 00:00:00+09:00,679.8673814928209,688.5518188476562,669.942310230152,688.5518188476562,13400,0.0,0.0
2006-12-27 00:00:00+09:00,682.3486055646623,700.3377960750034,679.8673379080635,694.7549438476562,49100,0.0,0.0
2006-12-28 00:00:00+09:00,700.3379057511039,713.3645629882812,699.7175887398098,713.3645629882812,33200,0.0,0.0
2006-12-29 00:00:00+09:00,719.5677893045959,740.6585693359374,717.0865210656144,740.6585693359375,38400,0.0,0.0
2007-01-04 00:00:00+09:00,744.3805025220933,746.2414537783984,728.2522583007812,728.2522583007812,28200,0.0,0.0
2007-01-05 00:00:00+09:00,724.5303055270316,728.2522077814513,697.8566727036905,698.4769897460938,31600,0.0,0.0
2007-01-09 00:00:00+09:00,699.0973644721798,712.1240234374999,698.4770473785932,712.1240234375,8200,0.0,0.0
2007-01-10 00:00:00+09:00,699.7176238309004,707.1614283397397,683.5893807284151,698.4769897460938,7800,0.0,0.0
2007-01-11 00:00:00+09:00,710.8832065164272,719.5676435942893,702.819086372698,718.9473266601562,19600,0.0,0.0
2007-01-12 00:00:00+09:00,722.669190675866,744.3802822412354,713.3644371478506,743.1396484375,48000,0.0,0.0
2007-01-15 00:00:00+09:00,731.97416533261,742.5195558501138,728.2522627970205,732.594482421875,16600,0.0,0.0
2007-01-16 00:00:00+09:00,732.5943996737866,738.1772528465758,719.5677422706117,728.8724975585938,21300,0.0,0.0
2007-01-17 00:00:00+09:00,731.9741993076753,750.583712849396,731.9741993076753,749.3430786132812,64300,0.0,0.0
2007-01-18 00:00:00+09:00,748.7225729057891,756.7866934093312,746.8616220203563,751.8241577148438,33800,0.0,0.0
2007-01-19 00:00:00+09:00,751.8240424923781,764.8506966939788,750.5834087588923,762.98974609375,56900,0.0,0.0
2007-01-22 00:00:00+09:00,768.5726985557407,777.257135827557,759.2679443359375,759.2679443359375,50500,0.0,0.0
2007-01-23 00:00:00+09:00,759.2677956882911,759.2677956882911,735.0754394531249,735.075439453125,38800,0.0,0.0
2007-01-24 00:00:00+09:00,744.3804271662824,746.2413782341981,740.0382080078125,740.0382080078125,52500,0.0,0.0
2007-01-25 00:00:00+09:00,741.2789306640625,753.6852725998627,735.0757596961624,741.2789306640625,33600,0.0,0.0
2007-01-26 00:00:00+09:00,735.0757684068703,749.96337890625,735.0757684068703,749.96337890625,17500,0.0,0.0
2007-01-29 00:00:00+09:00,744.3805161480126,755.5462238902327,736.3163938897424,741.2789306640625,38100,0.0,0.0
2007-01-30 00:00:00+09:00,749.9632844050791,756.786771690816,748.1023333271509,751.2039184570312,35400,0.0,0.0
2007-01-31 00:00:00+09:00,751.2039282226563,771.0540733119419,751.2039282226563,759.8883666992188,51500,0.0,0.0
2007-02-01 00:00:00+09:00,762.9898844072897,769.1930541992189,762.3695674280967,769.1930541992188,28000,0.0,0.0
2007-02-02 00:00:00+09:00,768.5727323291735,768.5727323291735,756.786709799509,758.02734375,15500,0.0,0.0
2007-02-05 00:00:00+09:00,758.0274456609828,759.88839683691,744.3804703708506,747.4820556640625,17100,0.0,0.0
2007-02-06 00:00:00+09:00,756.7868135968522,765.4712524414062,753.6852282952257,765.4712524414062,14600,0.0,0.0
2007-02-07 00:00:00+09:00,766.7118540736607,769.8134392438616,755.5461474609375,759.8883666992188,29200,0.0,0.0
2007-02-08 00:00:00+09:00,759.267861399639,762.3694458007812,745.0005731543843,762.3694458007812,59300,0.0,0.0
2007-02-09 00:00:00+09:00,761.74938682367,761.74938682367,719.5678246868544,750.5836791992188,17600,0.0,0.0
2007-02-13 00:00:00+09:00,750.5834797583067,764.8507690429688,733.8349227719643,764.8507690429688,32000,0.0,0.0
2007-02-14 00:00:00+09:00,764.8508577045641,766.711808696546,757.4070537366365,766.0914916992188,23400,0.0,0.0
2007-02-15 00:00:00+09:00,766.0914859356084,769.1930708989104,762.9899009723063,768.57275390625,27600,0.0,0.0
2007-02-16 00:00:00+09:00,766.7118029282688,768.57275390625,756.7867310457021,768.57275390625,20700,0.0,0.0
2007-02-19 00:00:00+09:00,768.5728138183594,775.3963012695312,768.5728138183594,775.3963012695312,20600,0.0,0.0
2007-02-20 00:00:00+09:00,775.3962466591282,775.3962466591282,766.0914916992188,766.0914916992188,19900,0.0,0.0
2007-02-21 00:00:00+09:00,762.3696576728195,765.4712429359311,754.3055359887295,756.7868041992188,17400,0.0,0.0
2007-02-22 00:00:00+09:00,756.1663875124582,756.7867044833462,745.0006820364744,753.6851196289062,36400,0.0,0.0
2007-02-23 00:00:00+09:00,756.7866435933711,768.5726650919564,753.6850589884803,767.33203125,66300,0.0,0.0
2007-02-26 00:00:00+09:00,775.3962511456879,777.877519149354,767.9524471346892,777.2572021484375,61000,0.0,0.0
2007-02-27 00:00:00+09:00,775.3962065997996,784.7009610789972,765.4711351553221,783.4603271484375,39600,0.0,0.0
2007-02-28 00:00:00+09:00,696.6159684505369,762.9898853020128,696.6159684505369,755.5460815429688,35500,0.0,0.0
2007-03-01 00:00:00+09:00,756.7866934093312,758.0273273329531,739.4178184786252,751.8241577148438,31100,0.0,0.0
2007-03-02 00:00:00+09:00,751.8242750745592,753.6852262504863,742.5195191949235,747.4820556640625,11000,0.0,0.0
2007-03-05 00:00:00+09:00,735.0755895524577,735.0755895524577,719.567665722237,722.6692504882812,19800,0.0,0.0
2007-03-06 00:00:00+09:00,725.770829540188,743.1397040932865,706.5410041421146,731.9739990234375,59100,0.0,0.0
2007-03-07 00:00:00+09:00,733.2148335437901,749.3430786132812,733.2148335437901,749.3430786132812,11400,0.0,0.0
2007-03-08 00:00:00+09:00,750.5834087588923,766.0913304274645,750.5834087588923,762.98974609375,28700,0.0,0.0
2007-03-09 00:00:00+09:00,775.3961847834946,775.3961847834946,750.5835068704228,772.9149169921875,25800,0.0,0.0
2007-03-12 00:00:00+09:00,775.3962292705619,775.3962292705619,762.9898896022329,773.5352783203125,14500,0.0,0.0
2007-03-13 00:00:00+09:00,774.7759815812794,774.7759815812794,756.7867874532914,757.4071044921875,5200,0.0,0.0
2007-03-14 00:00:00+09:00,732.5941721469541,769.1928649129746,731.9738553204113,735.075439453125,28400,0.0,0.0
2007-03-15 00:00:00+09:00,759.8883666992188,761.7493178013393,749.3429771205357,759.8883666992188,13500,0.0,0.0
2007-03-16 00:00:00+09:00,756.7866710452829,756.7866710452829,738.1771627408907,754.9257202148438,6800,0.0,0.0
2007-03-19 00:00:00+09:00,746.2414215467777,751.2039580159168,744.3804703708506,747.4820556640625,14800,0.0,0.0
2007-03-20 00:00:00+09:00,759.8881125148338,759.8881125148338,735.0754394531249,735.075439453125,9000,0.0,0.0
2007-03-22 00:00:00+09:00,747.4817759839793,751.2036769432357,731.9738553204113,735.075439453125,10900,0.0,0.0
2007-03-23 00:00:00+09:00,740.038250960354,748.7226897813473,738.1772997844269,747.4820556640625,9300,0.0,0.0
2007-03-26 00:00:00+09:00,746.8617806783536,746.8617806783536,711.5037063439132,712.1240234375,54500,0.0,0.0
2007-03-27 00:00:00+09:00,720.8692468448842,720.8692468448842,690.8850840645077,692.7590942382812,41400,8.0,0.0
2007-03-28 00:00:00+09:00,690.2604601840125,692.1344704831546,677.7670581897316,687.7617797851562,15600,0.0,0.0
2007-03-29 00:00:00+09:00,672.769540262668,672.769540262668,665.2735008168444,668.3968505859375,16800,0.0,0.0
2007-03-30 00:00:00+09:00,670.2708604473935,674.0188801703052,665.2735008168444,668.3968505859375,25600,0.0,0.0
2007-04-02 00:00:00+09:00,680.8902496623102,697.7563384154133,667.7721806321189,668.3968505859375,30100,0.0,0.0
2007-04-03 00:00:00+09:00,665.2736946706021,668.3970453498068,657.1529829046699,667.147705078125,12000,0.0,0.0
2007-04-04 00:00:00+09:00,667.1476587912407,687.1371017512779,667.1476587912407,672.14501953125,8000,0.0,0.0
2007-04-05 00:00:00+09:00,675.2682200779425,680.8902496623102,662.1501510477513,668.3968505859375,19000,0.0,0.0
2007-04-06 00:00:00+09:00,668.3970205920147,669.0216907047175,663.3996596903921,666.5230102539062,2600,0.0,0.0
2007-04-09 00:00:00+09:00,666.5228704058017,667.772210369074,624.6699816361777,658.4021606445312,25300,0.0,0.0
2007-04-10 00:00:00+09:00,649.0322000922677,649.656870159729,630.9167681358906,645.2841796875,20800,0.0,0.0
2007-04-11 00:00:00+09:00,652.7800923009072,652.7800923009072,636.5386737364828,639.037353515625,17900,0.0,0.0
2007-04-12 00:00:00+09:00,639.037353515625,639.6620234604105,630.9166442334127,639.037353515625,21900,0.0,0.0
2007-04-13 00:00:00+09:00,639.0375704557999,639.6622406126482,628.418177789379,632.1661987304688,11900,0.0,0.0
2007-04-16 00:00:00+09:00,630.9166576244213,644.0347267433449,630.9166576244213,640.911376953125,5400,0.0,0.0
2007-04-17 00:00:00+09:00,653.4048876492482,662.1502685546875,653.4048876492482,662.1502685546875,28000,0.0,0.0
2007-04-18 00:00:00+09:00,663.3997216295841,670.8957636818957,663.3997216295841,669.6464233398438,2900,0.0,0.0
2007-04-19 00:00:00+09:00,668.3968482935373,668.3968482935373,649.6567497432512,665.2734985351562,16800,0.0,0.0
2007-04-20 00:00:00+09:00,665.2734985351562,669.6461881968897,656.5281192116895,665.2734985351562,19300,0.0,0.0
2007-04-23 00:00:00+09:00,663.399470340163,665.2734801433838,650.9060716520244,657.1527709960938,6100,0.0,0.0
2007-04-24 00:00:00+09:00,668.3970351108285,674.6437363735465,657.7776429642079,671.5203857421875,14100,0.0,0.0
2007-04-25 00:00:00+09:00,677.1423950195312,677.1423950195312,665.2736630035063,677.1423950195312,10200,0.0,0.0
2007-04-26 00:00:00+09:00,677.1423437318651,682.7643742610043,668.3969629087599,672.7696533203125,6400,0.0,0.0
2007-04-27 00:00:00+09:00,674.6438010679473,680.8905029296875,674.6438010679473,680.8905029296875,17400,0.0,0.0
2007-05-01 00:00:00+09:00,684.0138538605577,687.1372047914277,662.7750675306407,680.8905029296875,18700,0.0,0.0
2007-05-02 00:00:00+09:00,678.3916000568889,678.3916000568889,655.9034807179866,658.4021606445312,27400,0.0,0.0
2007-05-07 00:00:00+09:00,667.7723696177243,667.7723696177243,654.654296875,654.654296875,5800,0.0,0.0
2007-05-08 00:00:00+09:00,647.7829730604254,652.7803344726562,647.7829730604254,652.7803344726562,11700,0.0,0.0
2007-05-09 00:00:00+09:00,647.1582888214199,654.0296606139253,645.9089484955098,647.782958984375,7500,0.0,0.0
2007-05-10 00:00:00+09:00,634.66487678939,635.2895469437102,625.9194946289062,625.9194946289062,20500,0.0,0.0
2007-05-11 00:00:00+09:00,631.5415011014376,634.0401816201377,625.2947998046875,625.2947998046875,12300,0.0,0.0
2007-05-14 00:00:00+09:00,625.2947586817099,625.2947586817099,604.6806457581371,616.5493774414062,36800,0.0,0.0
2007-05-15 00:00:00+09:00,606.5545269907938,607.1791969465,599.6831574780248,604.0558471679688,43300,0.0,0.0
2007-05-16 00:00:00+09:00,593.436532827524,614.6753140024039,591.5625227238581,609.0532836914062,48800,0.0,0.0
2007-05-17 00:00:00+09:00,627.1687241210936,632.1660844726562,612.1766430664062,624.6700439453125,22800,0.0,0.0
2007-05-18 00:00:00+09:00,609.6779053949004,627.7933349609375,605.9298854846859,627.7933349609375,11700,0.0,0.0
2007-05-21 00:00:00+09:00,618.4233435058593,630.9167443847656,589.0638514404296,624.6700439453125,51000,0.0,0.0
2007-05-22 00:00:00+09:00,618.4233794341217,624.04541015625,612.1766786317568,624.04541015625,93700,0.0,0.0
2007-05-23 00:00:00+09:00,624.6700439453125,634.0400946044921,623.4207038574218,624.6700439453125,78800,0.0,0.0
2007-05-24 00:00:00+09:00,621.5466104940589,627.1686401367188,612.1765610896258,627.1686401367188,89700,0.0,0.0
2007-05-25 00:00:00+09:00,614.0506458516023,619.0480061433753,607.1792754504146,612.1766357421875,89100,0.0,0.0
2007-05-28 00:00:00+09:00,589.063882394999,595.9352532394794,589.063882394999,594.6859130859375,58300,0.0,0.0
2007-05-29 00:00:00+09:00,584.0664843466715,593.4365348976876,581.5678041997338,592.1871948242188,111500,0.0,0.0
2007-05-30 00:00:00+09:00,597.8091318013148,605.929841010737,594.6857821053832,599.0584716796875,51700,0.0,0.0
2007-05-31 00:00:00+09:00,599.6832672213621,609.053318271696,596.559916871251,605.3052978515625,80200,0.0,0.0
2007-06-01 00:00:00+09:00,605.3054188455288,605.9300890404159,597.1847063119975,602.1820678710938,11800,0.0,0.0
2007-06-04 00:00:00+09:00,612.8013057786591,616.5493259974888,610.9272956692442,612.1766357421875,38500,0.0,0.0
2007-06-05 00:00:00+09:00,609.677955596301,612.1766357421875,609.0532855598294,612.1766357421875,29900,0.0,0.0
2007-06-06 00:00:00+09:00,612.1766338641827,612.1766338641827,609.0532836914062,609.0532836914062,14600,0.0,0.0
2007-06-07 00:00:00+09:00,605.9299679215848,605.9299679215848,605.3052978515625,605.3052978515625,10400,0.0,0.0
2007-06-08 00:00:00+09:00,603.431211283006,603.431211283006,599.6831913371489,600.307861328125,18000,0.0,0.0
2007-06-11 00:00:00+09:00,601.5573120117188,607.8040130710305,601.5573120117188,601.5573120117188,22900,0.0,0.0
2007-06-12 00:00:00+09:00,593.4366829990091,597.1847041547924,590.3133320358564,595.9353637695312,37400,0.0,0.0
2007-06-13 00:00:00+09:00,603.4313666449654,603.4313666449654,587.8146128498057,590.3132934570312,51200,0.0,0.0
2007-06-14 00:00:00+09:00,584.0664219780413,590.3131216783412,584.0664219780413,589.0637817382812,30600,0.0,0.0
2007-06-15 00:00:00+09:00,593.4366442160632,594.6859845196759,585.3159322425802,590.3132934570312,54800,0.0,0.0
2007-06-18 00:00:00+09:00,596.5600339621618,599.6833849253145,595.3106935769007,595.9353637695312,15100,0.0,0.0
2007-06-19 00:00:00+09:00,602.8065795898438,605.9299297431589,597.1845493138762,602.8065795898438,38800,0.0,0.0
2007-06-20 00:00:00+09:00,597.1845493138762,605.9299297431589,597.1845493138762,602.8065795898438,49300,0.0,0.0
2007-06-21 00:00:00+09:00,599.6833032024794,610.3026950300233,596.5599526649664,604.6806640625,37000,0.0,0.0
2007-06-22 00:00:00+09:00,598.4340118093589,607.1793940278673,597.1846714924292,605.9300537109375,59300,0.0,0.0
2007-06-25 00:00:00+09:00,605.9299679215848,605.9299679215848,601.5572774314289,605.3052978515625,36500,0.0,0.0
2007-06-26 00:00:00+09:00,595.3106238955544,603.4313354492188,593.4366135370163,603.4313354492188,41800,0.0,0.0
2007-06-27 00:00:00+09:00,594.0611323627672,597.1844821648849,592.8117924419203,593.4364624023438,21900,0.0,0.0
2007-06-28 00:00:00+09:00,595.3106572495705,604.6807095672448,592.1873064770124,596.5599975585938,36900,0.0,0.0
2007-06-29 00:00:00+09:00,600.9325694978546,602.8065795898438,598.4338893752024,602.8065795898438,27500,0.0,0.0
2007-07-02 00:00:00+09:00,599.6833103312302,605.3053413655856,592.8119390670183,594.061279296875,30800,0.0,0.0
2007-07-03 00:00:00+09:00,595.3104722836143,599.683162006579,592.8117924419203,593.4364624023438,42000,0.0,0.0
2007-07-04 00:00:00+09:00,591.5626607599618,600.3080432843963,589.0639800386948,597.1846923828125,51900,0.0,0.0
2007-07-05 00:00:00+09:00,597.1845399205087,614.0506304831172,593.4365197954845,607.1792602539062,112700,0.0,0.0
2007-07-06 00:00:00+09:00,597.1845399205087,607.1792602539062,597.1845399205087,607.1792602539062,17500,0.0,0.0
2007-07-09 00:00:00+09:00,597.1846923828125,598.434032743446,594.6860116615455,597.1846923828125,35700,0.0,0.0
2007-07-10 00:00:00+09:00,596.5599975585938,599.0586781766402,592.1873064770124,596.5599975585938,62100,0.0,0.0
2007-07-11 00:00:00+09:00,592.1872195855835,596.5599100255615,587.8145291456055,592.8118896484375,52600,0.0,0.0
2007-07-12 00:00:00+09:00,592.8119727601396,593.4366429105719,584.0665906540892,587.18994140625,52700,0.0,0.0
2007-07-13 00:00:00+09:00,587.8145853896212,590.313265880119,578.4445335502543,583.44189453125,36000,0.0,0.0
2007-07-17 00:00:00+09:00,579.6938737955032,585.9405750217478,578.4445335502543,583.44189453125,39900,0.0,0.0
2007-07-18 00:00:00+09:00,575.3211324253515,579.0691528320312,574.6964623575715,579.0691528320312,18100,0.0,0.0
2007-07-19 00:00:00+09:00,573.447166793456,574.0718369097888,568.449805862794,570.948486328125,28000,0.0,0.0
2007-07-20 00:00:00+09:00,570.9484979729904,573.4471784892835,569.0744875857704,569.6991577148438,19200,0.0,0.0
2007-07-23 00:00:00+09:00,572.822522768767,574.696533203125,568.449831755265,574.696533203125,24300,0.0,0.0
2007-07-24 00:00:00+09:00,575.945873492697,578.444554071841,571.573182479195,574.696533203125,12700,0.0,0.0
2007-07-25 00:00:00+09:00,566.5758303335585,570.948521416618,564.0771497146674,567.2005004882812,19600,0.0,0.0
2007-07-26 00:00:00+09:00,563.4526251697436,572.1980095958816,563.4526251697436,567.8253173828125,16900,0.0,0.0
2007-07-27 00:00:00+09:00,556.5812258319919,562.2032584161534,556.5812258319919,557.83056640625,19600,0.0,0.0
2007-07-30 00:00:00+09:00,555.9563405534863,564.7017211914062,535.9668990953834,564.7017211914062,42100,0.0,0.0
2007-07-31 00:00:00+09:00,562.827737393222,570.323778290801,562.2030673184238,568.4497680664062,20300,0.0,0.0
2007-08-01 00:00:00+09:00,562.2031208620233,565.326471533479,549.7097181762006,552.8330688476562,25100,0.0,0.0
2007-08-02 00:00:00+09:00,549.7097154017857,559.0797673688617,546.5863647460938,546.5863647460938,16600,0.0,0.0
2007-08-03 00:00:00+09:00,540.3395254169395,545.961555161162,518.4760764116298,521.5994262695312,53800,0.0,0.0
2007-08-06 00:00:00+09:00,512.2293899281212,524.7227896824656,500.3606601614941,523.4734497070312,50100,0.0,0.0
2007-08-07 00:00:00+09:00,525.3476129461218,539.7150268554688,515.352890226576,539.7150268554688,31900,0.0,0.0
2007-08-08 00:00:00+09:00,508.4812962090506,512.2293155914268,489.7411992971691,497.8619079589844,110700,0.0,0.0
2007-08-09 00:00:00+09:00,477.8726315011783,495.36339448422797,477.8726315011783,489.7413635253906,75300,0.0,0.0
2007-08-10 00:00:00+09:00,467.87786829331344,477.8725891113281,455.384467270795,477.8725891113281,59600,0.0,0.0
2007-08-13 00:00:00+09:00,466.6284947970498,484.1192549768589,464.7544847777845,481.6205749511719,37600,0.0,0.0
2007-08-14 00:00:00+09:00,490.9907671642544,500.36081997273254,484.74406529193567,495.9881286621094,42200,0.0,0.0
2007-08-15 00:00:00+09:00,493.4894832862816,494.73882375029746,487.2427809662021,492.2401428222656,31300,0.0,0.0
2007-08-16 00:00:00+09:00,456.00910434343956,477.8725545516866,452.88575431369,471.6258544921875,67100,0.0,0.0
2007-08-17 00:00:00+09:00,459.13253637862533,466.6285777888886,443.51578344057685,456.0091857910156,48300,0.0,0.0
2007-08-20 00:00:00+09:00,456.00910434343956,471.62585449218744,456.00910434343956,471.6258544921875,43700,0.0,0.0
2007-08-21 00:00:00+09:00,468.50253834443936,477.8725891113281,465.3791880888097,477.8725891113281,30800,0.0,0.0
2007-08-22 00:00:00+09:00,459.13254949926187,465.3792508529933,452.8858481455304,457.8832092285156,50400,0.0,0.0
2007-08-23 00:00:00+09:00,468.50257084287443,471.0012512207031,465.3792203705886,471.0012512207031,16800,0.0,0.0
2007-08-24 00:00:00+09:00,471.00114379555544,471.00114379555544,453.5103851400176,466.0037841796875,22700,0.0,0.0
2007-08-27 00:00:00+09:00,459.75716760023585,464.7545281176297,459.1324975355616,463.50518798828125,24100,0.0,0.0
2007-08-28 00:00:00+09:00,459.13259887695307,467.8779817127046,453.51056705396996,459.1325988769531,18800,0.0,0.0
2007-08-29 00:00:00+09:00,443.51584381311113,459.13259887695307,440.3924928003428,459.1325988769531,45700,0.0,0.0
2007-08-30 00:00:00+09:00,455.38454862027555,467.8779518746041,455.38454862027555,462.25592041015625,80700,0.0,0.0
2007-08-31 00:00:00+09:00,456.00916427591653,462.25586515640856,456.00916427591653,461.6311950683594,56000,0.0,0.0
2007-09-03 00:00:00+09:00,456.0091344218696,461.6311648462488,449.76243395033714,451.6364440917969,59600,0.0,0.0
2007-09-04 00:00:00+09:00,448.5131299132455,456.009171081712,444.1404392316401,451.0118103027344,40500,0.0,0.0
2007-09-05 00:00:00+09:00,446.6391502739529,449.76250097516936,431.64706690811397,437.8937683105469,47700,0.0,0.0
2007-09-06 00:00:00+09:00,430.3977266276274,440.39244887152,422.9016849447079,437.8937683105469,63900,0.0,0.0
2007-09-07 00:00:00+09:00,427.2742921665737,443.51571262904577,426.0249521309989,437.2690124511719,41800,0.0,0.0
2007-09-10 00:00:00+09:00,427.899087406535,440.39249141840463,424.1510662029741,436.64447021484375,28300,0.0,0.0
2007-09-11 00:00:00+09:00,432.2716523088728,441.6417025756836,426.0249521309989,437.2690124511719,28200,0.0,0.0
2007-09-12 00:00:00+09:00,440.3924139689185,452.8858157836396,436.6443934245022,441.6417541503906,41600,0.0,0.0
2007-09-13 00:00:00+09:00,448.5131811799303,448.5131811799303,437.8937883107676,442.2664794921875,22300,0.0,0.0
2007-09-14 00:00:00+09:00,442.89106343165145,454.7597943275631,442.89106343165145,451.6364440917969,35400,0.0,0.0
2007-09-18 00:00:00+09:00,456.00918871968446,456.00918871968446,444.14045641054196,449.1378173828125,22700,0.0,0.0
2007-09-19 00:00:00+09:00,452.2611026737608,455.38445283034747,447.26374242322197,452.8857727050781,24200,0.0,0.0
2007-09-20 00:00:00+09:00,452.88581383567055,466.628555772753,452.88581383567055,461.6311950683594,53300,0.0,0.0
2007-09-21 00:00:00+09:00,462.25580440293874,474.74920452193703,461.6311343969888,471.6258544921875,39700,0.0,0.0
2007-09-25 00:00:00+09:00,477.939550427423,483.6217907891757,472.888670105865,479.2022705078125,27000,8.0,0.0
2007-09-26 00:00:00+09:00,485.515807632328,489.9353273376938,479.8335680111434,488.672607421875,21900,0.0,0.0
2007-09-27 00:00:00+09:00,498.7745044572847,526.5543502751588,498.7745044572847,515.8212280273438,37800,0.0,0.0
2007-09-28 00:00:00+09:00,514.5583842350886,528.4483038095328,512.0329443124625,525.29150390625,39600,0.0,0.0
2007-10-01 00:00:00+09:00,527.1855838482197,530.3423837515024,520.8719840416542,525.29150390625,11900,0.0,0.0
2007-10-02 00:00:00+09:00,525.2914670658682,529.710986620509,524.0287471931138,527.185546875,35600,0.0,0.0
2007-10-03 00:00:00+09:00,524.0288551865804,534.130616250418,524.0288551865804,530.9738159179688,11500,0.0,0.0
2007-10-04 00:00:00+09:00,527.1855838482197,530.3423837515024,522.1347040029673,525.29150390625,16200,0.0,0.0
2007-10-05 00:00:00+09:00,508.2446899414063,514.5582885742188,498.77429199218756,511.4014892578125,31500,0.0,0.0
2007-10-09 00:00:00+09:00,510.13886199951173,515.8211017990112,503.1939022445679,505.0879821777344,15200,0.0,0.0
2007-10-10 00:00:00+09:00,505.0879971818838,505.0879971818838,491.8294372558594,491.8294372558594,13200,0.0,0.0
2007-10-11 00:00:00+09:00,485.5158013106927,490.5666809082032,474.15132221629415,490.5666809082031,30200,0.0,0.0
2007-10-12 00:00:00+09:00,491.19804085789195,498.77436025415767,488.0412411094479,490.5666809082031,31800,0.0,0.0
2007-10-15 00:00:00+09:00,490.56670497013977,492.46078491210943,473.5199854924129,492.4607849121094,27700,0.0,0.0
2007-10-16 00:00:00+09:00,484.25308141131507,499.40572020384644,484.25308141131507,490.5666809082031,17200,0.0,0.0
2007-10-17 00:00:00+09:00,480.46492796905284,497.51164683260663,477.93948813741525,488.672607421875,23600,0.0,0.0
2007-10-18 00:00:00+09:00,486.7785275481468,493.0921271272408,486.1471675902374,488.672607421875,16200,0.0,0.0
2007-10-19 00:00:00+09:00,482.9903075536919,486.1471069494676,481.09622791622644,485.5157470703125,19500,0.0,0.0
2007-10-22 00:00:00+09:00,473.52019862124797,482.9906025936729,471.626117826763,479.83380126953125,16200,0.0,0.0
2007-10-23 00:00:00+09:00,477.9397204750463,484.2533231233296,476.67699994538964,479.83380126953125,16100,0.0,0.0
2007-10-24 00:00:00+09:00,473.5199717933334,477.9394915300712,456.47325280877345,466.57501220703125,29500,0.0,0.0
2007-10-25 00:00:00+09:00,473.52002287564216,473.52002287564216,457.7360221131207,460.892822265625,4900,0.0,0.0
2007-10-26 00:00:00+09:00,457.7360221131207,460.89282226562506,457.1046620826199,460.892822265625,7600,0.0,0.0
2007-10-29 00:00:00+09:00,448.8970780733671,484.88460753916445,438.16395525023455,483.62188720703125,61100,0.0,0.0
2007-10-30 00:00:00+09:00,477.3082760769278,482.990517458796,470.9946745415187,477.93963623046875,9400,0.0,0.0
2007-10-31 00:00:00+09:00,474.78291915090466,479.8338012695313,471.626117826763,479.83380126953125,8600,0.0,0.0
2007-11-01 00:00:00+09:00,479.833589489828,479.833589489828,461.52414989087407,470.3631896972656,9000,0.0,0.0
2007-11-02 00:00:00+09:00,464.04961822424764,469.1004984226068,452.05377775314463,453.3164978027344,26700,0.0,0.0
2007-11-05 00:00:00+09:00,453.9477476943386,462.78678589701,447.00278910652537,462.1554260253906,16600,0.0,0.0
2007-11-06 00:00:00+09:00,460.2613340915503,460.8926939462712,445.74005743296914,450.1595764160156,13300,0.0,0.0
2007-11-07 00:00:00+09:00,455.84183380820537,455.84183380820537,442.5832763151689,444.47735595703125,17900,0.0,0.0
2007-11-08 00:00:00+09:00,441.32073974609375,441.952099888792,433.74441803371445,441.32073974609375,10700,0.0,0.0
2007-11-09 00:00:00+09:00,440.0580194606972,441.32073974609375,440.0580194606972,441.32073974609375,10700,0.0,0.0
2007-11-12 00:00:00+09:00,423.01113846722774,429.3247375488281,416.6975393856273,429.3247375488281,35300,0.0,0.0
2007-11-13 00:00:00+09:00,436.9011487083714,436.9011487083714,419.223067546761,432.48162841796875,15200,0.0,0.0
2007-11-14 00:00:00+09:00,432.481597236965,441.95199717646057,432.481597236965,435.6383972167969,16900,0.0,0.0
2007-11-15 00:00:00+09:00,436.90114520999555,445.10882568359375,436.90114520999555,445.10882568359375,16900,0.0,0.0
2007-11-16 00:00:00+09:00,436.2696775089611,444.4773559570313,435.6383176283403,444.47735595703125,10400,0.0,0.0
2007-11-19 00:00:00+09:00,439.4265255301339,442.5833252825056,432.4815660749163,441.95196533203125,5000,0.0,0.0
2007-11-20 00:00:00+09:00,438.1638056291853,441.95196533203125,424.9052466692243,441.95196533203125,11300,0.0,0.0
2007-11-21 00:00:00+09:00,429.9560787027533,445.1087158376521,429.9560787027533,444.47735595703125,5000,0.0,0.0
2007-11-22 00:00:00+09:00,426.7993265206473,441.95196533203125,426.7993265206473,441.95196533203125,7200,0.0,0.0
2007-11-26 00:00:00+09:00,436.2697257777623,441.95196533203125,432.4815660749163,441.95196533203125,6300,0.0,0.0
2007-11-27 00:00:00+09:00,441.952099888792,441.952099888792,436.90121874720586,441.32073974609375,4300,0.0,0.0
2007-11-28 00:00:00+09:00,438.7952196275866,454.5792203336149,438.7952196275866,443.8460998535156,6900,0.0,0.0
2007-11-29 00:00:00+09:00,438.79529917530067,441.32073974609375,438.79529917530067,441.32073974609375,6900,0.0,0.0
2007-11-30 00:00:00+09:00,440.0580194606972,441.32073974609375,433.1130578910162,441.32073974609375,11600,0.0,0.0
2007-12-03 00:00:00+09:00,438.7951655796596,441.95196533203125,435.63836582728794,441.95196533203125,23600,0.0,0.0
2007-12-04 00:00:00+09:00,431.85021867119957,438.163818359375,431.85021867119957,438.163818359375,5200,0.0,0.0
2007-12-05 00:00:00+09:00,436.90116123846406,436.90116123846406,431.85028076171875,431.85028076171875,5200,0.0,0.0
2007-12-06 00:00:00+09:00,420.4857111628048,426.79931042951364,420.4857111628048,425.5365905761719,30300,0.0,0.0
2007-12-07 00:00:00+09:00,427.43065782434803,429.3247375488281,426.799297916188,429.3247375488281,23400,0.0,0.0
2007-12-10 00:00:00+09:00,432.4816284179688,434.37570854242705,426.1680280031079,432.48162841796875,14100,0.0,0.0
2007-12-11 00:00:00+09:00,435.63839136168014,437.53247132412224,432.4815914242767,434.37567138671875,9800,0.0,0.0
2007-12-12 00:00:00+09:00,432.4815855776951,438.7951853671505,429.95614566191296,433.1129455566406,24400,0.0,0.0
2007-12-13 00:00:00+09:00,433.74429857765216,438.163818359375,431.218858702382,438.163818359375,31000,0.0,0.0
2007-12-14 00:00:00+09:00,438.7951655796596,445.1087650844029,432.4815660749163,441.95196533203125,39300,0.0,0.0
2007-12-17 00:00:00+09:00,433.74441803371445,441.32073974609375,433.74441803371445,441.32073974609375,39300,0.0,0.0
2007-12-18 00:00:00+09:00,429.3248752091624,437.5325566469847,424.2739943243488,436.26983642578125,15600,0.0,0.0
2007-12-19 00:00:00+09:00,426.799297916188,429.3247375488281,426.16793800802793,429.3247375488281,11800,0.0,0.0
2007-12-20 00:00:00+09:00,404.0704040527344,406.5958440780639,389.5491239070892,404.0704040527344,11800,0.0,0.0
2007-12-21 00:00:00+09:00,406.5958065456814,409.75260628594293,404.07036675347223,409.1212463378906,10900,0.0,0.0
2007-12-25 00:00:00+09:00,411.01531385236603,416.6975532143803,409.7525939941406,409.7525939941406,15300,0.0,0.0
2007-12-26 00:00:00+09:00,411.6466429367413,427.43063998186176,411.6466429367413,416.066162109375,18400,0.0,0.0
2007-12-27 00:00:00+09:00,427.4307480860801,432.4816284179688,424.27394787864966,432.48162841796875,24000,0.0,0.0
2007-12-28 00:00:00+09:00,426.167972734361,440.0578918457031,426.167972734361,440.0578918457031,14900,0.0,0.0
2008-01-04 00:00:00+09:00,423.0113143372021,438.7953186035156,418.59179314263434,438.7953186035156,1400,0.0,0.0
2008-01-07 00:00:00+09:00,428.0620746871465,428.0620746871465,412.2780748830482,418.5916748046875,2500,0.0,0.0
2008-01-08 00:00:00+09:00,404.7016905321056,407.8584899902344,402.8076108572284,407.8584899902344,2700,0.0,0.0
2008-01-09 00:00:00+09:00,393.96865762246625,403.43905804608323,393.96865762246625,397.1254577636719,6000,0.0,0.0
2008-01-10 00:00:00+09:00,395.2313851619112,400.91362552366394,392.0745849609375,392.0745849609375,6000,0.0,0.0
2008-01-11 00:00:00+09:00,388.2863461894373,391.4431457519531,380.71002723939955,391.4431457519531,10200,0.0,0.0
2008-01-15 00:00:00+09:00,378.8160095214844,384.4982496643066,378.8160095214844,378.8160095214844,16100,0.0,0.0
2008-01-16 00:00:00+09:00,366.18880347382253,366.18880347382253,315.68000299467457,351.0361633300781,83900,0.0,0.0
2008-01-17 00:00:00+09:00,337.77764668595904,350.4048484312285,337.77764668595904,344.09124755859375,21600,0.0,0.0
2008-01-18 00:00:00+09:00,321.99362093731037,327.6758613067923,321.99362093731037,325.1504211425781,14200,0.0,0.0
2008-01-21 00:00:00+09:00,323.2563171386719,328.3071970939636,321.99359714984894,323.2563171386719,19000,0.0,0.0
2008-01-22 00:00:00+09:00,306.2095973517305,309.36639732442876,288.5315175046203,293.5823974609375,28300,0.0,0.0
2008-01-23 00:00:00+09:00,296.73922155657385,299.8960217858991,292.3197012355185,295.47650146484375,36600,0.0,0.0
2008-01-24 00:00:00+09:00,300.5273669534478,305.5782470703125,297.3705668804074,305.5782470703125,36600,0.0,0.0
2008-01-25 00:00:00+09:00,327.04440917968753,327.6757690429688,318.83673095703125,318.83673095703125,44100,0.0,0.0
2008-01-28 00:00:00+09:00,313.7859139578683,321.9935937998246,307.47231407944037,309.36639404296875,20400,0.0,0.0
2008-01-29 00:00:00+09:00,318.8367978308563,325.150397787903,312.52319787380964,320.0995178222656,7700,0.0,0.0
2008-01-30 00:00:00+09:00,323.2563701923077,328.3072509765625,315.6800490159255,328.3072509765625,11900,0.0,0.0
2008-01-31 00:00:00+09:00,328.3071582935475,340.9343566894531,325.1503586945711,340.9343566894531,11900,0.0,0.0
2008-02-01 00:00:00+09:00,341.56571660924845,344.09115628842954,331.4639578925239,340.9343566894531,39500,0.0,0.0
2008-02-04 00:00:00+09:00,342.82843535287043,363.031952721732,342.82843535287043,353.5615539550781,15300,0.0,0.0
2008-02-05 00:00:00+09:00,350.4047543661935,353.5615539550781,348.5106746128627,353.5615539550781,9000,0.0,0.0
2008-02-06 00:00:00+09:00,345.35394859661386,346.6166687011719,342.19714833521886,346.6166687011719,12600,0.0,0.0
2008-02-07 00:00:00+09:00,337.7775570904767,340.9343566894531,337.7775570904767,340.9343566894531,7100,0.0,0.0
2008-02-08 00:00:00+09:00,332.7267716627855,333.35813176081734,328.3072509765625,328.3072509765625,10500,0.0,0.0
2008-02-12 00:00:00+09:00,334.6208543964461,334.6208543964461,321.99365234375,321.99365234375,4200,0.0,0.0
2008-02-13 00:00:00+09:00,321.99362093731037,325.1504211425781,321.99362093731037,325.1504211425781,9800,0.0,0.0
2008-02-14 00:00:00+09:00,333.98947610428087,338.40899658203125,333.98947610428087,338.40899658203125,9800,0.0,0.0
2008-02-15 00:00:00+09:00,338.4089832939345,344.7225837285228,338.4089832939345,342.1971435546875,10700,0.0,0.0
2008-02-18 00:00:00+09:00,344.09124755859375,344.09124755859375,340.9344471222764,344.09124755859375,11400,0.0,0.0
2008-02-19 00:00:00+09:00,346.6166432881527,352.29888334205685,346.6166432881527,351.0361633300781,39400,0.0,0.0
2008-02-20 00:00:00+09:00,352.9302361670961,357.9811161122424,340.93439629737367,356.0870361328125,19600,0.0,0.0
2008-02-21 00:00:00+09:00,355.45572255010194,364.9261236837636,355.45572255010194,363.03204345703125,32900,0.0,0.0
2008-02-22 00:00:00+09:00,364.9261236837636,366.1888438349185,363.03204345703125,363.03204345703125,8100,0.0,0.0
2008-02-25 00:00:00+09:00,366.18894498642175,371.8711872362111,358.61262198670266,368.7143859863281,17100,0.0,0.0
2008-02-26 00:00:00+09:00,375.6591802047471,375.6591802047471,372.50238037109375,372.50238037109375,11800,0.0,0.0
2008-02-27 00:00:00+09:00,377.55322891363573,378.81594874277835,372.5023495970654,375.6591491699219,18600,0.0,0.0
2008-02-28 00:00:00+09:00,375.02778925535057,375.6591491699219,375.02778925535057,375.6591491699219,18600,0.0,0.0
2008-02-29 00:00:00+09:00,371.23963165283203,371.23963165283203,353.5615539550781,353.5615539550781,8700,0.0,0.0
2008-03-03 00:00:00+09:00,340.93445506175806,345.9853358774878,338.40901465389317,339.0403747558594,7700,0.0,0.0
2008-03-04 00:00:00+09:00,339.0403747558594,339.0403747558594,335.8835742460283,339.0403747558594,7300,0.0,0.0
2008-03-05 00:00:00+09:00,332.0953958995307,338.40899658203125,332.0953958995307,338.40899658203125,1300,0.0,0.0
2008-03-06 00:00:00+09:00,339.6716368498626,342.828436448839,338.40891701027203,340.9343566894531,11500,0.0,0.0
2008-03-07 00:00:00+09:00,325.78173828125,328.3071781128876,324.51901836543124,325.78173828125,11400,0.0,0.0
2008-03-10 00:00:00+09:00,328.3072213478458,328.3072213478458,325.1504211425781,325.1504211425781,6200,0.0,0.0
2008-03-11 00:00:00+09:00,315.04868780226934,337.14629115513395,315.04868780226934,331.46405029296875,16400,0.0,0.0
2008-03-12 00:00:00+09:00,334.6207580566406,334.6207580566406,334.6207580566406,334.6207580566406,10600,0.0,0.0
2008-03-13 00:00:00+09:00,328.3072498139881,334.6208507719494,321.99364885602677,331.46405029296875,16300,0.0,0.0
2008-03-14 00:00:00+09:00,328.3072213478458,331.4640215531136,317.5741006499355,325.1504211425781,5800,0.0,0.0
2008-03-17 00:00:00+09:00,314.4172982299062,314.4172982299062,309.36641793705627,311.260498046875,19400,0.0,0.0
2008-03-18 00:00:00+09:00,306.20962995823805,312.5232305759337,306.20962995823805,310.629150390625,5700,0.0,0.0
2008-03-19 00:00:00+09:00,315.6800108279535,321.9936110445126,314.4172907846417,316.3113708496094,13700,0.0,0.0
2008-03-21 00:00:00+09:00,316.94275370000156,321.3622741699219,312.5232332300812,321.3622741699219,26300,0.0,0.0
2008-03-24 00:00:00+09:00,328.30712890625,337.77752685546875,328.30712890625,337.77752685546875,7200,0.0,0.0
2008-03-25 00:00:00+09:00,356.08713066018447,356.08713066018447,349.7735290527344,349.7735290527344,3800,0.0,0.0
2008-03-26 00:00:00+09:00,348.49215198863635,352.3358154296875,345.92970969460225,352.3358154296875,3300,8.0,0.0
2008-03-27 00:00:00+09:00,346.5703430175781,351.69522794205244,346.5703430175781,346.5703430175781,8000,0.0,0.0
2008-03-28 00:00:00+09:00,345.92985818238384,361.94512939453125,339.52374969752486,361.94512939453125,5100,0.0,0.0
2008-03-31 00:00:00+09:00,342.72667363004865,342.72667363004865,339.52362060546875,339.52362060546875,6000,0.0,0.0
2008-04-01 00:00:00+09:00,322.86780773579835,323.50841846543284,308.1337609542044,316.4617004394531,11600,0.0,0.0
2008-04-02 00:00:00+09:00,317.7429504394531,323.50844752404,317.7429504394531,317.7429504394531,21500,0.0,0.0
2008-04-03 00:00:00+09:00,310.055605053407,310.055605053407,307.49316203643673,308.7743835449219,42500,0.0,0.0
2008-04-04 00:00:00+09:00,297.8839324551378,298.5245430625682,288.9153839511122,293.399658203125,78300,0.0,0.0
2008-04-07 00:00:00+09:00,297.24336530639914,297.24336530639914,294.6809225020336,295.321533203125,12800,0.0,0.0
2008-04-08 00:00:00+09:00,294.04034423828125,299.16523041236894,292.75912269475936,294.04034423828125,18600,0.0,0.0
2008-04-09 00:00:00+09:00,298.5245522775958,298.5245522775958,295.3214991415701,297.8839416503906,10700,0.0,0.0
2008-04-10 00:00:00+09:00,293.3996813860062,298.5245666503906,292.75907072795815,298.5245666503906,29800,0.0,0.0
2008-04-11 00:00:00+09:00,293.3997152749594,302.3682655235389,292.759104542918,295.962158203125,56300,0.0,0.0
2008-04-14 00:00:00+09:00,292.11847780693165,296.6027526855469,290.83725641304164,296.6027526855469,18900,0.0,0.0
2008-04-15 00:00:00+09:00,296.60276112657914,301.7276468479887,294.04031826587436,301.0870361328125,38200,0.0,0.0
2008-04-16 00:00:00+09:00,303.0088682783411,304.93070042386967,301.0870361328125,301.0870361328125,37200,0.0,0.0
2008-04-17 00:00:00+09:00,301.7275966282895,304.93064967105266,301.08698601973686,304.2900390625,32800,0.0,0.0
2008-04-18 00:00:00+09:00,303.0088178453948,306.21187088815793,303.0088178453948,304.2900390625,33700,0.0,0.0
2008-04-21 00:00:00+09:00,305.5712890625,307.4931210691824,304.2900677247117,305.5712890625,57100,0.0,0.0
2008-04-22 00:00:00+09:00,311.3368082262806,311.3368082262806,310.6961975097656,310.6961975097656,57100,0.0,0.0
2008-04-23 00:00:00+09:00,310.69617757991864,315.18045230787624,310.0555669044962,313.89923095703125,49700,0.0,0.0
2008-04-24 00:00:00+09:00,317.1022750854492,323.508381652832,317.1022750854492,320.3053283691406,24300,0.0,0.0
2008-04-25 00:00:00+09:00,320.9459618996447,325.43023681640625,320.9459618996447,325.43023681640625,38600,0.0,0.0
2008-04-28 00:00:00+09:00,327.9926291423002,329.2738503498873,326.71140793471307,328.63323974609375,27800,0.0,0.0
2008-04-30 00:00:00+09:00,333.1175842285156,335.68002718411964,329.9145305340107,333.1175842285156,66400,0.0,0.0
2008-05-01 00:00:00+09:00,327.35206892358974,330.5551224355622,324.14901541161726,325.43023681640625,55300,0.0,0.0
2008-05-02 00:00:00+09:00,327.9926291423002,329.2738503498873,327.3520185385066,328.63323974609375,20100,0.0,0.0
2008-05-07 00:00:00+09:00,336.6856388251177,336.6856388251177,335.67999267578125,335.67999267578125,20100,0.0,0.0
2008-05-08 00:00:00+09:00,339.52363497344334,342.7266881335702,338.883024341418,340.16424560546875,11400,0.0,0.0
2008-05-09 00:00:00+09:00,342.7266845703125,349.1327908239632,339.52363144348715,342.7266845703125,26000,0.0,0.0
2008-05-12 00:00:00+09:00,339.52366354765184,342.72671697734665,339.52366354765184,341.44549560546875,21500,0.0,0.0
2008-05-13 00:00:00+09:00,330.5551432605876,331.83636474609375,329.9145325178345,331.83636474609375,11900,0.0,0.0
2008-05-14 00:00:00+09:00,339.52369161752557,340.80491309532755,333.1175842285156,333.1175842285156,20600,0.0,0.0
2008-05-15 00:00:00+09:00,338.8830604771206,338.8830604771206,336.32061767578125,336.32061767578125,18000,0.0,0.0
2008-05-16 00:00:00+09:00,352.9765775157287,380.52284400062223,352.9765775157287,361.94512939453125,74600,0.0,0.0
2008-05-19 00:00:00+09:00,377.9603870200119,377.9603870200119,358.7420622562825,369.6324462890625,27900,0.0,0.0
2008-05-20 00:00:00+09:00,365.78870005666477,366.42931073977627,362.58564664110725,363.22625732421875,4400,0.0,0.0
2008-05-21 00:00:00+09:00,358.7419416217193,361.94499467191326,358.7419416217193,360.0231628417969,22500,0.0,0.0
2008-05-22 00:00:00+09:00,360.0232968490736,361.94512939453125,359.3826860005877,361.94512939453125,8000,0.0,0.0
2008-05-23 00:00:00+09:00,358.74207515210173,361.94512939453125,358.74207515210173,361.94512939453125,33600,0.0,0.0
2008-05-26 00:00:00+09:00,345.92976472815684,347.2109860790019,345.2891540527344,345.2891540527344,22400,0.0,0.0
2008-05-27 00:00:00+09:00,351.6953125,351.6953125,351.6953125,351.6953125,1500,0.0,0.0
2008-05-28 00:00:00+09:00,349.13287353515625,354.8983705293148,349.13287353515625,349.13287353515625,14700,0.0,0.0
2008-05-29 00:00:00+09:00,352.9764673181482,355.5389099121094,351.69524602116763,355.5389099121094,8200,0.0,0.0
2008-05-30 00:00:00+09:00,350.4140950894137,353.6171489750573,347.8516519808988,349.13287353515625,18800,0.0,0.0
2008-06-02 00:00:00+09:00,356.1795187492987,358.10135068499636,351.69524423267086,356.82012939453125,11900,0.0,0.0
2008-06-03 00:00:00+09:00,354.2576904296875,360.6637969474034,354.2576904296875,354.2576904296875,13600,0.0,0.0
2008-06-04 00:00:00+09:00,354.8983642799668,354.8983642799668,352.9765319824219,352.9765319824219,18100,0.0,0.0
2008-06-05 00:00:00+09:00,356.82009639541997,370.9135292871601,356.82009639541997,370.2729187011719,29300,0.0,0.0
2008-06-06 00:00:00+09:00,374.11672206726604,374.11672206726604,365.7887813363166,369.6324462890625,31500,0.0,0.0
2008-06-09 00:00:00+09:00,380.5227905273437,382.4446228027344,374.7572937011719,374.7572937011719,54400,0.0,0.0
2008-06-10 00:00:00+09:00,379.88210880055146,381.80394071691177,377.96027688419116,381.163330078125,29600,0.0,0.0
2008-06-11 00:00:00+09:00,382.44464111328125,382.44464111328125,374.75731164366755,382.44464111328125,24000,0.0,0.0
2008-06-12 00:00:00+09:00,376.0384865396018,380.52276150685435,373.4760437011719,373.4760437011719,49700,0.0,0.0
2008-06-13 00:00:00+09:00,368.9917764945652,370.27299794072695,368.3511657714844,368.3511657714844,26800,0.0,0.0
2008-06-16 00:00:00+09:00,356.8201844129003,364.5075133410059,356.1795736688915,360.6638488769531,36500,0.0,0.0
2008-06-17 00:00:00+09:00,367.71052831860226,367.71052831860226,363.2262535830095,365.7886962890625,28200,0.0,0.0
2008-06-18 00:00:00+09:00,369.6323081151837,370.9135292871601,367.71047635721914,370.2729187011719,42600,0.0,0.0
2008-06-19 00:00:00+09:00,365.7887086768599,371.5542049607334,365.7887086768599,367.7105407714844,42600,0.0,0.0
2008-06-20 00:00:00+09:00,361.3044319152832,368.99176025390625,361.3044319152832,368.99176025390625,42600,0.0,0.0
2008-06-23 00:00:00+09:00,361.945058540676,368.3511657714844,361.945058540676,368.3511657714844,42600,0.0,0.0
2008-06-24 00:00:00+09:00,365.1481628417969,365.1481628417969,365.1481628417969,365.1481628417969,4400,0.0,0.0
2008-06-25 00:00:00+09:00,353.6170550407247,364.5074353590079,353.6170550407247,361.30438232421875,25200,0.0,0.0
2008-06-26 00:00:00+09:00,367.0700161824184,368.3512378793902,361.30451854604536,361.94512939453125,18400,0.0,0.0
2008-06-27 00:00:00+09:00,352.3358566696579,358.1013525060705,351.05463537267735,355.5389099121094,22400,0.0,0.0
2008-06-30 00:00:00+09:00,345.2892177187163,347.21105009933996,333.7582234349744,334.3988342285156,30900,0.0,0.0
2008-07-01 00:00:00+09:00,336.96122080389597,345.92977040704153,336.320610117957,341.44549560546875,42500,0.0,0.0
2008-07-02 00:00:00+09:00,329.2738971710205,339.52366828918457,327.99267578125,327.99267578125,15500,0.0,0.0
2008-07-03 00:00:00+09:00,328.6332414780111,329.2738520851807,327.3520202636719,327.3520202636719,5800,0.0,0.0
2008-07-04 00:00:00+09:00,326.7115014599216,326.7115014599216,315.8211180779242,317.7429504394531,11300,0.0,0.0
2008-07-07 00:00:00+09:00,320.30527851369123,326.07077352693767,320.30527851369123,323.5083312988281,16100,0.0,0.0
2008-07-08 00:00:00+09:00,321.58659463299966,327.35209134952754,320.94598388671875,320.94598388671875,4700,0.0,0.0
2008-07-09 00:00:00+09:00,322.22718714153956,325.43024069165426,322.22718714153956,322.8677978515625,11700,0.0,0.0
2008-07-10 00:00:00+09:00,325.4302652994792,326.71148681640625,325.4302652994792,326.71148681640625,5900,0.0,0.0
2008-07-11 00:00:00+09:00,331.8363894479448,331.8363894479448,326.0708923339844,326.0708923339844,8900,0.0,0.0
2008-07-14 00:00:00+09:00,339.5236979089748,339.5236979089748,332.4769796504866,338.8830871582031,5300,0.0,0.0
2008-07-15 00:00:00+09:00,333.1175862315999,333.758196974353,331.83636474609375,331.83636474609375,3700,0.0,0.0
2008-07-16 00:00:00+09:00,326.71148681640625,329.91454060872394,323.50843302408856,326.71148681640625,12000,0.0,0.0
2008-07-17 00:00:00+09:00,324.1490626141308,324.1490626141308,308.1337927221283,315.1805114746094,38400,0.0,0.0
2008-07-18 00:00:00+09:00,317.74292189872216,322.2271970061638,315.8210897098186,316.4617004394531,8900,0.0,0.0
2008-07-22 00:00:00+09:00,315.18044909591197,320.305334447065,301.0870143802411,305.5712890625,36200,0.0,0.0
2008-07-23 00:00:00+09:00,305.57130528297745,306.2119159858768,303.00886247138016,304.9306945800781,49700,0.0,0.0
2008-07-24 00:00:00+09:00,304.93071901946644,311.33682656189217,304.29010826522386,308.7743835449219,59900,0.0,0.0
2008-07-25 00:00:00+09:00,308.7743835449219,310.055605053407,308.1337727906793,308.7743835449219,18700,0.0,0.0
2008-07-28 00:00:00+09:00,310.6961975097656,310.6961975097656,308.7743653602207,310.6961975097656,35500,0.0,0.0
2008-07-29 00:00:00+09:00,308.1337828587213,311.9774475097656,308.1337828587213,311.9774475097656,14000,0.0,0.0
2008-07-30 00:00:00+09:00,331.19575201181266,333.1175842285156,331.19575201181266,333.1175842285156,14000,0.0,0.0
2008-07-31 00:00:00+09:00,320.3053792317708,329.2739298502604,320.3053792317708,326.71148681640625,47200,0.0,0.0
2008-08-01 00:00:00+09:00,317.10233965227684,320.3053935881584,317.10233965227684,317.7429504394531,16100,0.0,0.0
2008-08-04 00:00:00+09:00,317.1022257285543,334.39871076829365,316.46161517152694,323.5083312988281,22900,0.0,0.0
2008-08-05 00:00:00+09:00,335.039317853523,339.52359170624703,335.039317853523,338.24237060546875,75300,0.0,0.0
2008-08-06 00:00:00+09:00,332.47697348961464,336.3206379230206,330.55514127291167,333.1175842285156,38600,0.0,0.0
2008-08-07 00:00:00+09:00,327.35206892358974,327.35206892358974,324.14901541161726,325.43023681640625,9900,0.0,0.0
2008-08-08 00:00:00+09:00,315.1804628314394,319.66473770912245,313.89924143781565,317.102294921875,22600,0.0,0.0
2008-08-11 00:00:00+09:00,319.0240333603181,321.5864753953408,317.7428123428068,318.3834228515625,20400,0.0,0.0
2008-08-12 00:00:00+09:00,319.6647404948557,325.43023681640625,319.0241297924612,325.43023681640625,11900,0.0,0.0
2008-08-13 00:00:00+09:00,319.6646438690738,324.78952793911907,318.3834228515625,318.3834228515625,10900,0.0,0.0
2008-08-14 00:00:00+09:00,319.6647177124023,322.22716033935546,314.53983245849605,320.3053283691406,18900,0.0,0.0
2008-08-15 00:00:00+09:00,314.53975979902856,318.3834228515625,313.8991492902729,318.3834228515625,7800,0.0,0.0
2008-08-18 00:00:00+09:00,316.46169651751535,319.0241394042969,315.1804750741246,319.0241394042969,10800,0.0,0.0
2008-08-19 00:00:00+09:00,313.2585987091065,313.2585987091065,307.49310302734375,307.49310302734375,21700,0.0,0.0
2008-08-20 00:00:00+09:00,309.41499227728724,313.25865677762624,309.41499227728724,310.05560302734375,11600,0.0,0.0
2008-08-21 00:00:00+09:00,304.9307068763048,306.8525390625,304.9307068763048,306.8525390625,6600,0.0,0.0
2008-08-22 00:00:00+09:00,294.0403156572671,296.60275849523896,292.11848352878826,292.75909423828125,26800,0.0,0.0
2008-08-25 00:00:00+09:00,292.1184796976681,295.96214390421636,288.9154261922112,295.321533203125,28100,0.0,0.0
2008-08-26 00:00:00+09:00,293.39972538100574,299.16522216796875,291.47789311868473,299.16522216796875,22600,0.0,0.0
2008-08-27 00:00:00+09:00,293.3997518974438,294.6809735214501,291.47791946143434,292.1185302734375,14200,0.0,0.0
2008-08-28 00:00:00+09:00,292.1184957753057,297.24338166610056,292.1184957753057,294.6809387207031,15200,0.0,0.0
2008-08-29 00:00:00+09:00,294.6809608915932,299.80584716796875,292.7591285379524,299.80584716796875,17300,0.0,0.0
2008-09-01 00:00:00+09:00,296.60276893516635,299.80582259537334,295.3215474710836,295.962158203125,23200,0.0,0.0
2008-09-02 00:00:00+09:00,297.8839740794369,297.8839740794369,291.4778671099866,296.6027526855469,7600,0.0,0.0
2008-09-03 00:00:00+09:00,297.88395782996867,298.52456849196864,295.96212584396886,297.24334716796875,9200,0.0,0.0
2008-09-04 00:00:00+09:00,299.1652138751486,299.1652138751486,294.6809387207031,294.6809387207031,10000,0.0,0.0
2008-09-05 00:00:00+09:00,284.4311550148728,292.75909423828125,281.228101467408,292.75909423828125,22100,0.0,0.0
2008-09-08 00:00:00+09:00,296.6027526855469,297.8839740794369,296.6027526855469,296.6027526855469,8600,0.0,0.0
2008-09-09 00:00:00+09:00,298.5245666503906,298.5245666503906,296.6027346762465,298.5245666503906,17400,0.0,0.0
2008-09-10 00:00:00+09:00,295.3214991415701,297.8839416503906,295.3214991415701,297.8839416503906,1300,0.0,0.0
2008-09-11 00:00:00+09:00,291.47786043814097,293.39969248498585,288.27480702673284,290.8372497558594,11200,0.0,0.0
2008-09-12 00:00:00+09:00,290.1966390735777,292.1184711204226,289.5560283912961,290.8372497558594,13700,0.0,0.0
2008-09-16 00:00:00+09:00,263.2909654470591,271.61890352689306,262.6503548255334,266.4940185546875,47000,0.0,0.0
2008-09-17 00:00:00+09:00,277.3844461794253,278.6656676398383,276.10322471901225,276.74383544921875,24200,0.0,0.0
2008-09-18 00:00:00+09:00,271.61895968006775,290.1966715449781,270.97834892610535,289.5560607910156,16200,0.0,0.0
2008-09-19 00:00:00+09:00,290.83725829548536,297.8839760074905,290.83725829548536,295.321533203125,40300,0.0,0.0
2008-09-22 00:00:00+09:00,294.6809735214501,295.9621951454564,292.1185302734375,292.1185302734375,24800,0.0,0.0
2008-09-24 00:00:00+09:00,297.88400065975475,301.7276651843967,295.96216839743374,299.16522216796875,17100,0.0,0.0
2008-09-25 00:00:00+09:00,293.9509709955572,297.20985094007557,293.9509709955572,296.5580749511719,12900,8.0,0.0
2008-09-26 00:00:00+09:00,296.55807872654236,316.1113586425781,296.55807872654236,316.1113586425781,67800,0.0,0.0
2008-09-29 00:00:00+09:00,318.06667373879293,318.71844970956914,313.5042419433594,313.5042419433594,23100,0.0,0.0
2008-09-30 00:00:00+09:00,297.86164587852494,308.94183839479393,297.2098698481562,300.46875,7500,0.0,0.0
2008-10-01 00:00:00+09:00,303.0758545838712,304.37940664659754,303.0758545838712,303.7276306152344,13300,0.0,0.0
2008-10-02 00:00:00+09:00,296.55798170301654,301.7721879747179,290.04022386338977,293.2991027832031,6100,0.0,0.0
2008-10-03 00:00:00+09:00,280.26373291015625,280.26373291015625,273.7459716796875,280.26373291015625,10500,0.0,0.0
2008-10-06 00:00:00+09:00,262.01403138695696,267.2282409667969,262.01403138695696,267.2282409667969,10500,0.0,0.0
2008-10-07 00:00:00+09:00,228.12164306640628,257.4515686035156,220.30032958984376,250.93380737304688,107000,0.0,0.0
2008-10-08 00:00:00+09:00,223.55913208918787,226.16623567040287,218.3449249267578,218.3449249267578,19000,0.0,0.0
2008-10-09 00:00:00+09:00,214.4343153801517,232.68404434867526,211.17543520720108,224.86273193359375,77600,0.0,0.0
2008-10-10 00:00:00+09:00,199.44344987869263,212.47896947860718,199.44344987869263,208.5683135986328,29500,0.0,0.0
2008-10-14 00:00:00+09:00,232.68406984126767,237.24650258325332,231.38051762927176,233.33584594726562,17000,0.0,0.0
2008-10-15 00:00:00+09:00,235.94293246152293,241.15714091371126,235.94293246152293,239.20181274414062,18400,0.0,0.0
2008-10-16 00:00:00+09:00,224.86278070879808,233.98764717234351,224.86278070879808,225.51455688476562,11000,0.0,0.0
2008-10-17 00:00:00+09:00,228.77336936773256,228.77336936773256,222.25560955668604,224.2109375,12800,0.0,0.0
2008-10-20 00:00:00+09:00,231.38042353782333,232.68397521972656,231.38042353782333,232.68397521972656,8700,0.0,0.0
2008-10-21 00:00:00+09:00,242.46070243216852,242.46070243216852,241.15715026855472,241.1571502685547,10100,0.0,0.0
2008-10-22 00:00:00+09:00,243.1124464670817,243.764222462972,229.4251505533854,234.6393585205078,5900,0.0,0.0
2008-10-23 00:00:00+09:00,231.3804785410563,234.6393585205078,223.5591665903727,234.6393585205078,4700,0.0,0.0
2008-10-24 00:00:00+09:00,221.6037880965854,221.6037880965854,209.2200469970703,209.2200469970703,10100,0.0,0.0
2008-10-27 00:00:00+09:00,211.82719349861145,211.82719349861145,208.5683135986328,208.5683135986328,7100,0.0,0.0
2008-10-28 00:00:00+09:00,205.96118291598648,218.3449249267578,203.35407933477146,218.3449249267578,8000,0.0,0.0
2008-10-29 00:00:00+09:00,215.08607527067423,215.08607527067423,202.70233154296872,202.70233154296875,94100,0.0,0.0
2008-10-30 00:00:00+09:00,206.61297283896917,208.5683006576345,198.79166156430787,205.96119689941406,84800,0.0,0.0
2008-10-31 00:00:00+09:00,215.0860733985901,224.862713098526,206.61298565864564,208.5683135986328,73100,0.0,0.0
2008-11-04 00:00:00+09:00,207.26479794475182,207.9165740389177,205.30946966225417,206.61302185058594,38400,0.0,0.0
2008-11-05 00:00:00+09:00,208.56835027659162,211.82723074966336,205.30946980351987,209.8719024658203,84600,0.0,0.0
2008-11-06 00:00:00+09:00,205.9612639805056,211.827249347039,205.30948782866858,207.2648162841797,22100,0.0,0.0
2008-11-07 00:00:00+09:00,205.96122377457158,206.61299979917464,198.13991147933467,202.05056762695312,82600,0.0,0.0
2008-11-10 00:00:00+09:00,207.9165394283184,208.56831541398714,201.3987795716313,202.70233154296875,15000,0.0,0.0
2008-11-11 00:00:00+09:00,199.4434516146252,202.70233154296872,198.79167562895648,202.70233154296875,55900,0.0,0.0
2008-11-12 00:00:00+09:00,207.26475022903094,207.26475022903094,200.09521484374997,200.09521484375,55900,0.0,0.0
2008-11-13 00:00:00+09:00,198.79167494431042,206.61298674539805,198.79167494431042,199.44345092773438,33600,0.0,0.0
2008-11-14 00:00:00+09:00,200.09521484374997,206.6129742849145,197.4881110672842,200.09521484375,34700,0.0,0.0
2008-11-17 00:00:00+09:00,202.05055161773183,202.70232759069225,198.13989577996927,198.7916717529297,23300,0.0,0.0
2008-11-18 00:00:00+09:00,198.1399014706643,200.09522944570375,196.8363494873047,196.8363494873047,20900,0.0,0.0
2008-11-19 00:00:00+09:00,201.39877487182616,201.39877487182616,195.5327911376953,195.5327911376953,20900,0.0,0.0
2008-11-20 00:00:00+09:00,187.0597224675172,187.0597224675172,183.14906624868408,183.80084228515625,13400,0.0,0.0
2008-11-21 00:00:00+09:00,185.10436034287423,185.10436034287423,181.84548075937292,183.14903259277344,23500,0.0,0.0
2008-11-25 00:00:00+09:00,183.8008085094737,184.45258442617396,183.14903259277344,183.14903259277344,19100,0.0,0.0
2008-11-26 00:00:00+09:00,186.40791217627475,186.40791217627475,183.14903259277344,183.14903259277344,14400,0.0,0.0
2008-11-27 00:00:00+09:00,185.10436034287423,185.10436034287423,183.14903259277344,183.14903259277344,18400,0.0,0.0
2008-11-28 00:00:00+09:00,183.80084228515625,183.80084228515625,183.80084228515625,183.80084228515625,18400,0.0,0.0
2008-12-01 00:00:00+09:00,185.10439435810062,189.01505057693373,183.80084228515625,183.80084228515625,13300,0.0,0.0
2008-12-02 00:00:00+09:00,182.49727172851564,201.39877487182616,182.49727172851564,195.5327911376953,18400,0.0,0.0
2008-12-03 00:00:00+09:00,179.89018836388223,181.19374045347558,177.9348602294922,177.9348602294922,19700,0.0,0.0
2008-12-04 00:00:00+09:00,172.72063499273256,175.97951489825581,168.158203125,168.158203125,28500,0.0,0.0
2008-12-05 00:00:00+09:00,170.11356181872222,170.11356181872222,164.89935302734375,164.89935302734375,19100,0.0,0.0
2008-12-08 00:00:00+09:00,170.1135681152344,171.41712036132813,169.4617919921875,169.4617919921875,11100,0.0,0.0
2008-12-09 00:00:00+09:00,169.46174707952537,173.37240278136056,169.46174707952537,172.7206268310547,17700,0.0,0.0
2008-12-10 00:00:00+09:00,171.41709585408216,172.0688718839456,169.46176776449187,170.76531982421875,8700,0.0,0.0
2008-12-11 00:00:00+09:00,168.15817388382249,171.41705322265625,167.50639801605573,171.41705322265625,17600,0.0,0.0
2008-12-12 00:00:00+09:00,172.06885901162792,173.37241097383722,168.158203125,168.158203125,40300,0.0,0.0
2008-12-15 00:00:00+09:00,172.72063953725822,175.32774353027344,168.1582075494816,175.32774353027344,15100,0.0,0.0
2008-12-16 00:00:00+09:00,172.068829090423,172.068829090423,171.41705322265625,171.41705322265625,10600,0.0,0.0
2008-12-17 00:00:00+09:00,171.41705322265625,172.068829090423,170.7652773548895,171.41705322265625,49900,0.0,0.0
2008-12-18 00:00:00+09:00,169.46175185622872,173.37240766829552,166.8546479815175,167.5064239501953,22700,0.0,0.0
2008-12-19 00:00:00+09:00,170.76529626464844,170.76529626464844,162.94398498535156,162.94398498535156,16600,0.0,0.0
2008-12-22 00:00:00+09:00,161.64046932328569,162.94402149524768,160.9886932373047,160.9886932373047,12300,0.0,0.0
2008-12-24 00:00:00+09:00,158.38155722316307,159.68510913446482,154.4709014892578,154.4709014892578,15100,0.0,0.0
2008-12-25 00:00:00+09:00,153.16738891601562,154.4709411621094,151.21206054687502,153.16738891601562,31800,0.0,0.0
2008-12-26 00:00:00+09:00,147.95317385489483,149.90850214372603,146.64962166234068,148.60494995117188,20200,0.0,0.0
2008-12-29 00:00:00+09:00,149.9084648199841,149.9084648199841,147.30136108398438,147.30136108398438,63600,0.0,0.0
2008-12-30 00:00:00+09:00,150.5602595795619,150.5602595795619,146.64960348658624,147.95315551757812,22100,0.0,0.0
2009-01-05 00:00:00+09:00,154.47093481766552,154.47093481766552,146.64962166234068,148.60494995117188,77400,0.0,0.0
2009-01-06 00:00:00+09:00,151.8638212121051,153.81914938221806,146.6496127584706,149.9084930419922,99700,0.0,0.0
2009-01-07 00:00:00+09:00,160.98865716552734,164.24753686523437,159.68510528564454,162.94398498535156,55800,0.0,0.0
2009-01-08 00:00:00+09:00,158.38160097747422,160.33692938460354,157.0780487060547,157.0780487060547,25000,0.0,0.0
2009-01-09 00:00:00+09:00,164.89934729799,171.41710806075642,162.94401906916008,170.11355590820312,25600,0.0,0.0
2009-01-13 00:00:00+09:00,167.5064450962337,168.1582211471918,162.94401273952693,165.55111694335938,95800,0.0,0.0
2009-01-14 00:00:00+09:00,168.80999077690973,168.80999077690973,164.24755859375,164.24755859375,10400,0.0,0.0
2009-01-15 00:00:00+09:00,155.77447509765625,157.07802719052367,150.56026672618657,155.77447509765625,52700,0.0,0.0
2009-01-16 00:00:00+09:00,159.68511899312335,159.68511899312335,155.12268702189127,156.42623901367188,16900,0.0,0.0
2009-01-19 00:00:00+09:00,157.7297812675122,157.7297812675122,153.16734957795606,154.4709014892578,27700,0.0,0.0
2009-01-20 00:00:00+09:00,153.81912553360695,155.1226774449087,153.81912553360695,154.4709014892578,4100,0.0,0.0
2009-01-21 00:00:00+09:00,151.86379682606665,153.81912468219625,151.21202087402344,151.21202087402344,27700,0.0,0.0
2009-01-22 00:00:00+09:00,150.56024492198023,153.81912468219625,149.90846896993702,151.21202087402344,5200,0.0,0.0
2009-01-23 00:00:00+09:00,149.2567138671875,152.5155940826283,147.9531617810112,149.2567138671875,16500,0.0,0.0
2009-01-26 00:00:00+09:00,146.64958514998443,149.25668888598415,146.64958514998443,147.30136108398438,8800,0.0,0.0
2009-01-27 00:00:00+09:00,149.90850214372603,149.90850214372603,148.60494995117188,148.60494995117188,4000,0.0,0.0
2009-01-28 00:00:00+09:00,150.56027221679688,152.51560042740462,150.56027221679688,150.56027221679688,6200,0.0,0.0
2009-01-29 00:00:00+09:00,156.42626045164,157.7298126220703,150.5602756847035,157.7298126220703,18700,0.0,0.0
2009-01-30 00:00:00+09:00,157.07802719052367,157.72980323695737,153.1673709119214,155.77447509765625,11800,0.0,0.0
2009-02-02 00:00:00+09:00,151.2120248490021,155.1226806640625,148.60492097229516,155.1226806640625,23600,0.0,0.0
2009-02-03 00:00:00+09:00,149.25674412393164,153.16740117521368,147.95319177350427,152.515625,5500,0.0,0.0
2009-02-04 00:00:00+09:00,149.25674412393164,157.7298344017094,149.25674412393164,152.515625,5600,0.0,0.0
2009-02-05 00:00:00+09:00,148.60493153307408,149.90848356406593,147.95315551757812,147.95315551757812,25000,0.0,0.0
2009-02-06 00:00:00+09:00,149.25670754857,149.25670754857,147.95315551757812,147.95315551757812,18800,0.0,0.0
2009-02-09 00:00:00+09:00,147.95315551757812,147.95315551757812,146.64960348658624,147.95315551757812,15400,0.0,0.0
2009-02-10 00:00:00+09:00,156.4262725703449,158.38160097747422,148.60495894182765,157.0780487060547,11300,0.0,0.0
2009-02-12 00:00:00+09:00,153.1673767607091,156.42625711731992,151.21204854674258,153.81915283203125,12600,0.0,0.0
2009-02-13 00:00:00+09:00,149.9084961465943,156.42625684862014,149.9084961465943,150.56027221679688,9200,0.0,0.0
2009-02-16 00:00:00+09:00,153.81912872570902,155.1226806640625,151.86380081817885,155.1226806640625,12100,0.0,0.0
2009-02-17 00:00:00+09:00,149.9084648199841,153.16734448998375,146.64958514998443,147.30136108398438,10400,0.0,0.0
2009-02-18 00:00:00+09:00,147.3013795020822,149.90848356406593,145.34605145559436,147.95315551757812,23200,0.0,0.0
2009-02-19 00:00:00+09:00,148.60494995117188,148.60494995117188,146.64962166234068,148.60494995117188,3500,0.0,0.0
2009-02-20 00:00:00+09:00,148.60491295198423,148.60491295198423,146.64958514998443,147.30136108398438,30200,0.0,0.0
2009-02-23 00:00:00+09:00,145.99780921598452,147.30136108398438,145.34603328198457,147.30136108398438,18800,0.0,0.0
2009-02-24 00:00:00+09:00,146.64958514998443,147.30136108398438,143.39070547998477,147.30136108398438,30300,0.0,0.0
2009-02-25 00:00:00+09:00,153.16738262511137,153.81915872138845,148.60494995117188,148.60494995117188,24000,0.0,0.0
2009-02-26 00:00:00+09:00,156.42626953125,156.42626953125,153.16738891601562,153.16738891601562,18100,0.0,0.0
2009-02-27 00:00:00+09:00,156.4262725703449,159.68515324889376,156.4262725703449,157.0780487060547,14100,0.0,0.0
2009-03-02 00:00:00+09:00,155.77447509765625,156.42625114408995,154.47092300478883,155.77447509765625,7100,0.0,0.0
2009-03-03 00:00:00+09:00,154.47091102600098,157.07801500956217,153.81913503011066,156.42623901367188,6600,0.0,0.0
2009-03-04 00:00:00+09:00,156.42623963647958,159.68511962890625,156.42623963647958,159.68511962890625,6700,0.0,0.0
2009-03-05 00:00:00+09:00,157.72979163345025,159.68511962890625,157.72979163345025,159.68511962890625,9000,0.0,0.0
2009-03-06 00:00:00+09:00,161.6404662093496,162.94401835619917,160.3369140625,160.3369140625,10400,0.0,0.0
2009-03-09 00:00:00+09:00,159.68511962890625,161.64044762436225,159.03334363042092,159.68511962890625,13300,0.0,0.0
2009-03-10 00:00:00+09:00,157.7298126220703,160.98869304814616,157.7298126220703,157.7298126220703,5200,0.0,0.0
2009-03-11 00:00:00+09:00,164.24753686523437,164.24753686523437,162.94398498535156,162.94398498535156,6700,0.0,0.0
2009-03-12 00:00:00+09:00,160.33689562739158,160.98867162587692,158.38156763193558,159.68511962890625,6800,0.0,0.0
2009-03-13 00:00:00+09:00,162.292236328125,163.59578842714606,162.292236328125,162.292236328125,7800,0.0,0.0
2009-03-16 00:00:00+09:00,146.64960969483488,149.2567138671875,146.64960969483488,149.2567138671875,39100,0.0,0.0
2009-03-17 00:00:00+09:00,143.3907349185167,150.56027166444252,141.43540671508237,144.04251098632812,59600,0.0,0.0
2009-03-18 00:00:00+09:00,155.12267677337525,163.59576416015625,153.16734891488733,163.59576416015625,38700,0.0,0.0
2009-03-19 00:00:00+09:00,158.38160097747422,159.03337711318397,157.0780487060547,157.0780487060547,25500,0.0,0.0
2009-03-23 00:00:00+09:00,154.4709014892578,158.38155722316307,153.16734957795606,154.4709014892578,14400,0.0,0.0
2009-03-24 00:00:00+09:00,155.77448436642482,159.6851408777158,155.77448436642482,157.7298126220703,4100,0.0,0.0
2009-03-25 00:00:00+09:00,153.81913503011066,156.42623901367188,153.81913503011066,156.42623901367188,15100,0.0,0.0
2009-03-26 00:00:00+09:00,159.76869487356632,159.76869487356632,157.09474182128906,157.09474182128906,2800,6.0,0.0
2009-03-27 00:00:00+09:00,160.43717886897045,161.7741553595452,159.1002023783957,161.1056671142578,19100,0.0,0.0
2009-03-30 00:00:00+09:00,161.10565443079182,163.11111900876847,158.43170166015625,158.43170166015625,19500,0.0,0.0
2009-03-31 00:00:00+09:00,160.43713278021693,165.78503720622416,159.76864472696602,161.77410888671875,13000,0.0,0.0
2009-04-01 00:00:00+09:00,161.77413393301794,167.79052734375,161.77413393301794,167.79052734375,13800,0.0,0.0
2009-04-02 00:00:00+09:00,169.79601000581192,169.79601000581192,164.44810417885722,165.11659240722656,25700,0.0,0.0
2009-04-03 00:00:00+09:00,169.79602123154953,169.79602123154953,169.12753295898438,169.12753295898438,20100,0.0,0.0
2009-04-06 00:00:00+09:00,168.459024986854,173.8069305419922,168.459024986854,173.8069305419922,42500,0.0,0.0
2009-04-07 00:00:00+09:00,173.80695879686016,175.8124237060547,171.13300558460077,175.8124237060547,28700,0.0,0.0
2009-04-08 00:00:00+09:00,173.80693316459656,175.8123977780342,170.46449214220047,171.1329803466797,54100,0.0,0.0
2009-04-09 00:00:00+09:00,171.80144803029188,178.48632927660674,171.13295990566039,177.14935302734375,62500,0.0,0.0
2009-04-10 00:00:00+09:00,171.8014646923269,175.14390563964844,168.45902374500537,175.14390563964844,48400,0.0,0.0
2009-04-13 00:00:00+09:00,173.80694722020348,175.81241199582124,172.469970703125,172.469970703125,32800,0.0,0.0
2009-04-14 00:00:00+09:00,173.80697308164656,176.48092651367188,173.80697308164656,176.48092651367188,13700,0.0,0.0
2009-04-15 00:00:00+09:00,175.81241199582124,176.48090025436048,170.46450592750728,172.469970703125,11300,0.0,0.0
2009-04-16 00:00:00+09:00,176.48092651367188,177.1494148716782,173.80697308164656,176.48092651367188,6600,0.0,0.0
2009-04-17 00:00:00+09:00,173.80694722020348,174.47543547874272,171.80148244458576,172.469970703125,14600,0.0,0.0
2009-04-20 00:00:00+09:00,175.14393540298985,179.15486522137894,175.14393540298985,175.8124237060547,5200,0.0,0.0
2009-04-21 00:00:00+09:00,171.13299418604652,174.47543547874272,171.13299418604652,172.469970703125,9500,0.0,0.0
2009-04-22 00:00:00+09:00,171.13296216475095,174.47540283203125,171.13296216475095,174.47540283203125,11600,0.0,0.0
2009-04-23 00:00:00+09:00,175.1438886534493,177.14935302734375,174.4754005288178,177.14935302734375,17600,0.0,0.0
2009-04-24 00:00:00+09:00,177.14936579027142,180.49180665423881,177.14936579027142,179.8233184814453,28600,0.0,0.0
2009-04-27 00:00:00+09:00,185.17120699161094,185.17120699161094,180.49179020842945,181.1602783203125,42800,0.0,0.0
2009-04-28 00:00:00+09:00,182.49728460872873,184.5027492747587,181.82879638671875,181.82879638671875,19600,0.0,0.0
2009-04-30 00:00:00+09:00,184.5027604137393,185.83973693847656,184.5027604137393,185.83973693847656,38100,0.0,0.0
2009-05-01 00:00:00+09:00,186.50819641113281,186.50819641113281,183.1657556152344,183.83424377441406,7100,0.0,0.0
2009-05-07 00:00:00+09:00,189.18217191795856,191.8561248779297,188.51368367796576,191.8561248779297,12400,0.0,0.0
2009-05-08 00:00:00+09:00,188.51368643285528,189.18217468261716,187.17670993333147,189.1821746826172,8800,0.0,0.0
2009-05-11 00:00:00+09:00,192.52461174037632,193.19309997558594,192.52461174037632,193.19309997558594,2200,0.0,0.0
2009-05-12 00:00:00+09:00,193.19309997558594,193.19309997558594,193.19309997558594,193.19309997558594,4400,0.0,0.0
2009-05-13 00:00:00+09:00,193.8616072963661,195.19858389841,189.85067749023438,189.85067749023438,11000,0.0,0.0
2009-05-14 00:00:00+09:00,181.1602656428975,181.1602656428975,177.8178253173828,177.8178253173828,9100,0.0,0.0
2009-05-15 00:00:00+09:00,184.5027604137393,185.83973693847656,175.81241300294724,185.83973693847656,45500,0.0,0.0
2009-05-18 00:00:00+09:00,183.8342880083766,185.1712646484375,183.8342880083766,185.1712646484375,1000,0.0,0.0
2009-05-19 00:00:00+09:00,190.51917949756543,191.1876678466797,189.18220279933692,191.1876678466797,21000,0.0,0.0
2009-05-20 00:00:00+09:00,190.51917949756543,191.1876678466797,190.51917949756543,191.1876678466797,8900,0.0,0.0
2009-05-21 00:00:00+09:00,197.8724857724946,197.8724857724946,193.86155700683594,193.86155700683594,18800,0.0,0.0
2009-05-22 00:00:00+09:00,192.5245952802835,195.8670361705662,192.5245952802835,194.53005981445312,5700,0.0,0.0
2009-05-25 00:00:00+09:00,203.88892978332717,207.231371255185,203.22044148895563,205.2259063720703,18600,0.0,0.0
2009-05-26 00:00:00+09:00,203.88891742567813,205.89438218724217,202.55194091796875,202.55194091796875,13500,0.0,0.0
2009-05-27 00:00:00+09:00,210.57381045433783,210.57381045433783,207.2313690185547,207.2313690185547,29100,0.0,0.0
2009-05-28 00:00:00+09:00,207.23129126210563,209.23675537109375,205.22582715311754,209.23675537109375,30700,0.0,0.0
2009-05-29 00:00:00+09:00,207.2313690185547,209.23683388002456,206.56288073139805,207.2313690185547,16600,0.0,0.0
2009-06-01 00:00:00+09:00,219.9326891413706,223.943619642429,217.92722389084136,223.27513122558594,46600,0.0,0.0
2009-06-02 00:00:00+09:00,229.29142674859966,248.00909423828125,226.6174742500737,248.00909423828125,87000,0.0,0.0
2009-06-03 00:00:00+09:00,242.66126161463117,254.02556312275442,235.9763783745587,250.01463317871094,44800,0.0,0.0
2009-06-04 00:00:00+09:00,241.99270748562284,246.6721244812012,237.98177863227,240.65573120117188,41200,0.0,0.0
2009-06-05 00:00:00+09:00,238.65025329589844,238.65025329589844,234.63932466907661,238.65025329589844,17800,0.0,0.0
2009-06-08 00:00:00+09:00,233.30240256949645,243.9982147216797,233.30240256949645,243.9982147216797,14900,0.0,0.0
2009-06-09 00:00:00+09:00,237.9817510040713,239.31872713330765,237.31326293945312,237.31326293945312,15500,0.0,0.0
2009-06-10 00:00:00+09:00,235.30780029296875,239.31872870705342,234.63931222395462,235.30780029296875,18700,0.0,0.0
2009-06-11 00:00:00+09:00,235.30781611689815,237.31328045880352,232.6338636610243,234.6393280029297,19800,0.0,0.0
2009-06-12 00:00:00+09:00,229.291423091182,234.6393280029297,227.95444686324507,234.6393280029297,29900,0.0,0.0
2009-06-15 00:00:00+09:00,243.99824603573308,248.00917610755334,242.66126934512633,243.3297576904297,78500,0.0,0.0
2009-06-16 00:00:00+09:00,237.31328045880352,240.65572102864584,234.6393280029297,234.6393280029297,45000,0.0,0.0
2009-06-17 00:00:00+09:00,239.3187448007089,239.3187448007089,231.96537554705583,234.6393280029297,29400,0.0,0.0
2009-06-18 00:00:00+09:00,227.95450045794425,227.95450045794425,224.6120591022559,225.94903564453125,14800,0.0,0.0
2009-06-19 00:00:00+09:00,223.94357446435694,227.28601587427272,221.93810961840745,222.60659790039062,54500,0.0,0.0
2009-06-22 00:00:00+09:00,226.61757330980132,226.61757330980132,222.60664280874286,223.27513122558594,22400,0.0,0.0
2009-06-23 00:00:00+09:00,220.6010984532973,227.28598022460938,220.6010984532973,227.28598022460938,6000,0.0,0.0
2009-06-24 00:00:00+09:00,218.59567260742188,221.9381140845996,217.2586960165508,218.59567260742188,23900,0.0,0.0
2009-06-25 00:00:00+09:00,217.25872468803428,222.60663175727822,217.25872468803428,219.93267822265625,13400,0.0,0.0
2009-06-26 00:00:00+09:00,221.93809845932577,233.30239868164062,221.93809845932577,233.30239868164062,35400,0.0,0.0
2009-06-29 00:00:00+09:00,237.31329650878908,237.31329650878908,229.29143859863282,233.97085571289062,34100,0.0,0.0
2009-06-30 00:00:00+09:00,230.62844568815478,233.30239868164062,227.95449269466894,233.30239868164062,25100,0.0,0.0
2009-07-01 00:00:00+09:00,230.62844707917753,235.97635309840484,230.62844707917753,231.96542358398438,28600,0.0,0.0
2009-07-02 00:00:00+09:00,235.3078149898194,239.98723176518513,234.63932687905285,235.97630310058594,60100,0.0,0.0
2009-07-03 00:00:00+09:00,225.94900140096976,229.95993041992188,225.94900140096976,229.95993041992188,23900,0.0,0.0
2009-07-06 00:00:00+09:00,229.95993041992188,231.96539492939795,227.28597774062047,229.95993041992188,3900,0.0,0.0
2009-07-07 00:00:00+09:00,229.2914323493616,232.6338730541628,220.6010865168785,223.9435272216797,19900,0.0,0.0
2009-07-08 00:00:00+09:00,220.6010610194294,223.94350133790562,199.87793104487693,217.92710876464844,103600,0.0,0.0
2009-07-09 00:00:00+09:00,207.89985988045322,221.26962578916402,207.89985988045322,218.59567260742188,8900,0.0,0.0
2009-07-10 00:00:00+09:00,211.91075215059166,229.291444756003,209.23679944206685,227.28598022460938,17300,0.0,0.0
2009-07-13 00:00:00+09:00,219.26412393360536,225.94900576084942,219.26412393360536,225.280517578125,5700,0.0,0.0
2009-07-14 00:00:00+09:00,225.2805369858295,227.28600170677163,220.6011193036313,221.2696075439453,10000,0.0,0.0
2009-07-15 00:00:00+09:00,221.26957465783875,224.61201536263994,217.92713395303755,223.9435272216797,8000,0.0,0.0
2009-07-16 00:00:00+09:00,223.27505366007486,227.95447095235187,223.27505366007486,224.61203002929688,9400,0.0,0.0
2009-07-17 00:00:00+09:00,233.30234139425713,233.30234139425713,225.28048438356635,228.6229248046875,21900,0.0,0.0
2009-07-21 00:00:00+09:00,231.9653789575549,231.9653789575549,225.94898584338202,230.62840270996094,19700,0.0,0.0
2009-07-22 00:00:00+09:00,229.95991458616393,232.6338670813519,227.28596209097597,230.62840270996094,29500,0.0,0.0
2009-07-23 00:00:00+09:00,229.29143859863282,233.97085571289062,220.6010925292969,233.97085571289062,38300,0.0,0.0
2009-07-24 00:00:00+09:00,237.3132839479308,237.3132839479308,225.28049771958501,230.62840270996094,16000,0.0,0.0
2009-07-27 00:00:00+09:00,230.62840270996094,231.9653789575549,229.29142646236696,230.62840270996094,6300,0.0,0.0
2009-07-28 00:00:00+09:00,231.29690928739657,232.633885641659,221.26958663042853,227.28598022460938,9900,0.0,0.0
2009-07-29 00:00:00+09:00,225.28048438356635,229.95990097313597,224.6119962993421,228.6229248046875,8600,0.0,0.0
2009-07-30 00:00:00+09:00,225.28055102832323,228.622992438239,219.26415649047485,222.60659790039062,32400,0.0,0.0
2009-07-31 00:00:00+09:00,228.62295657887177,233.9708619959214,226.61749204747815,227.28598022460938,11600,0.0,0.0
2009-08-03 00:00:00+09:00,227.95450045794425,230.6284535424949,223.94357083111825,225.94903564453125,8500,0.0,0.0
2009-08-04 00:00:00+09:00,229.291444756003,232.633885641659,225.94900387034696,227.28598022460938,13200,0.0,0.0
2009-08-05 00:00:00+09:00,227.28597774062047,231.96539492939795,227.28597774062047,229.95993041992188,20800,0.0,0.0
2009-08-06 00:00:00+09:00,228.62295408027117,235.97632394835006,228.62295408027117,229.95993041992188,37300,0.0,0.0
2009-08-07 00:00:00+09:00,231.96539492939795,232.6338830992233,229.29144225009654,229.95993041992188,14800,0.0,0.0
2009-08-10 00:00:00+09:00,230.62844638166757,233.30239938319417,229.95995813128593,232.6339111328125,14000,0.0,0.0
2009-08-11 00:00:00+09:00,230.6284149169922,237.31329650878908,229.9599267578125,233.97085571289062,19600,0.0,0.0
2009-08-12 00:00:00+09:00,223.9435645551434,233.9708883411946,223.9435645551434,231.96542358398438,20300,0.0,0.0
2009-08-13 00:00:00+09:00,231.9654187563449,236.64483642578122,227.28600108690853,236.64483642578125,11900,0.0,0.0
2009-08-14 00:00:00+09:00,233.97082415494052,235.97628836198285,232.63384801691228,235.30780029296875,12300,0.0,0.0
2009-08-17 00:00:00+09:00,236.64482645905775,236.64482645905775,229.95994435569455,231.2969207763672,7900,0.0,0.0
2009-08-18 00:00:00+09:00,227.28600581716046,232.63391183638777,227.28600581716046,231.96542358398438,6000,0.0,0.0
2009-08-19 00:00:00+09:00,233.97085571289062,237.31329650878908,233.97085571289062,233.97085571289062,12400,0.0,0.0
2009-08-20 00:00:00+09:00,232.63387939453125,234.63934387207033,229.29143859863282,233.97085571289062,6700,0.0,0.0
2009-08-21 00:00:00+09:00,233.97083988896122,235.97630423086662,230.62839931911893,234.6393280029297,11600,0.0,0.0
2009-08-24 00:00:00+09:00,235.30784349762993,237.98179626464844,233.97086711412067,237.98179626464844,19800,0.0,0.0
2009-08-25 00:00:00+09:00,239.31881637360723,239.9873046875,235.3078864902507,239.9873046875,8500,0.0,0.0
2009-08-26 00:00:00+09:00,243.32975929218102,244.6667359915886,241.32429424306963,241.99278259277344,19700,0.0,0.0
2009-08-27 00:00:00+09:00,242.6612091064453,244.6666736445151,242.6612091064453,242.6612091064453,11200,0.0,0.0
2009-08-28 00:00:00+09:00,244.66667818219474,244.66667818219474,234.63935530587528,237.98179626464844,11500,0.0,0.0
2009-08-31 00:00:00+09:00,237.98183974582173,240.65579300139277,237.31335143192896,239.9873046875,8500,0.0,0.0
2009-09-02 00:00:00+09:00,237.3132770869578,239.31874140036874,237.3132770869578,238.65025329589844,10100,0.0,0.0
2009-09-03 00:00:00+09:00,238.65032805971447,239.9873046875,238.65032805971447,239.9873046875,5400,0.0,0.0
2009-09-04 00:00:00+09:00,237.31326140504976,241.99267782712116,237.31326140504976,239.3187255859375,16500,0.0,0.0
2009-09-07 00:00:00+09:00,238.65023906868947,240.655703262544,235.30779874559857,237.31326293945312,3600,0.0,0.0
2009-09-08 00:00:00+09:00,233.97082261636223,237.9817510040713,233.30233455174405,237.31326293945312,14800,0.0,0.0
2009-09-09 00:00:00+09:00,237.98177863227,241.32421934339737,237.98177863227,240.65573120117188,16100,0.0,0.0
2009-09-10 00:00:00+09:00,240.65577342412243,246.67216775972548,233.9708908290079,243.9982147216797,8200,0.0,0.0
2009-09-11 00:00:00+09:00,243.99822265625002,250.68310546875003,240.65578125000002,250.68310546875,53400,0.0,0.0
2009-09-14 00:00:00+09:00,255.36250649206835,263.3843653347511,252.0200653076172,252.0200653076172,50900,0.0,0.0
2009-09-15 00:00:00+09:00,255.36250931072493,262.04739175341405,246.00367389096013,249.3461151123047,21900,0.0,0.0
2009-09-16 00:00:00+09:00,252.02008203125,253.35705859375003,249.34612890625002,250.68310546875,3600,0.0,0.0
2009-09-17 00:00:00+09:00,253.3570467149889,253.3570467149889,246.00367596600506,247.3406524658203,8400,0.0,0.0
2009-09-18 00:00:00+09:00,243.9982064649344,252.0200653076172,241.99274175426373,252.0200653076172,23400,0.0,0.0
2009-09-21 00:00:00+09:00,252.0200653076172,252.0200653076172,252.0200653076172,252.0200653076172,0,0.0,0.0
2009-09-24 00:00:00+09:00,250.68313039410177,256.69952552356017,250.68313039410177,255.362548828125,12300,0.0,0.0
2009-09-25 00:00:00+09:00,255.36251220703124,255.36251220703124,241.85126817491317,243.202392578125,15100,4.0,0.0
2009-09-28 00:00:00+09:00,239.82462010370097,239.82462010370097,234.4201216224908,238.47349548339844,3100,0.0,0.0
2009-09-29 00:00:00+09:00,235.0956600413603,236.44678452435662,229.691162109375,229.691162109375,3900,0.0,0.0
2009-09-30 00:00:00+09:00,229.69115934343137,229.69115934343137,223.61109924316406,223.61109924316406,6000,0.0,0.0
2009-10-01 00:00:00+09:00,223.61111077808198,226.98892211914062,206.72205407278878,226.98892211914062,14400,0.0,0.0
2009-10-02 00:00:00+09:00,216.85549094037313,221.5844268798828,216.85549094037313,221.5844268798828,9700,0.0,0.0
2009-10-05 00:00:00+09:00,221.5844268798828,222.93555143402844,217.53105321744593,221.5844268798828,25700,0.0,0.0
2009-10-06 00:00:00+09:00,214.82873125076296,216.1798553466797,211.4509210109711,216.1798553466797,7000,0.0,0.0
2009-10-07 00:00:00+09:00,219.55772584298586,223.61109924316406,219.55772584298586,223.61109924316406,48100,0.0,0.0
2009-10-08 00:00:00+09:00,216.85542987530047,222.93548865685094,216.85542987530047,219.55767822265625,3000,0.0,0.0
2009-10-09 00:00:00+09:00,214.82879971590907,222.935546875,213.47767518939392,222.935546875,40900,0.0,0.0
2009-10-13 00:00:00+09:00,222.935546875,223.61110913825758,222.935546875,222.935546875,4400,0.0,0.0
2009-10-14 00:00:00+09:00,222.93555143402844,222.93555143402844,219.55774004866439,221.5844268798828,74800,0.0,0.0
2009-10-15 00:00:00+09:00,224.28668212890625,224.28668212890625,224.28668212890625,224.28668212890625,200,0.0,0.0
2009-10-16 00:00:00+09:00,217.53105697395634,219.55774384017332,217.53105697395634,218.2066192626953,2500,0.0,0.0
2009-10-19 00:00:00+09:00,221.5844268798828,221.5844268798828,221.5844268798828,221.5844268798828,100,0.0,0.0
2009-10-20 00:00:00+09:00,219.55770213284598,219.55770213284598,214.82876700998466,216.85545349121094,2400,0.0,0.0
2009-10-21 00:00:00+09:00,213.47768632192458,214.1532486204117,212.8021240234375,212.8021240234375,4300,0.0,0.0
2009-10-22 00:00:00+09:00,212.80205607030936,216.1798664841238,210.0998077392578,210.0998077392578,3100,0.0,0.0
2009-10-23 00:00:00+09:00,223.61105074368987,223.61105074368987,219.55767822265622,219.55767822265625,11600,0.0,0.0
2009-10-26 00:00:00+09:00,219.55769224936918,219.55769224936918,211.45094668939245,217.531005859375,1500,0.0,0.0
2009-10-27 00:00:00+09:00,217.53097944259645,217.53097944259645,216.1798553466797,216.1798553466797,1300,0.0,0.0
2009-10-28 00:00:00+09:00,209.4242469200721,219.55767822265622,209.4242469200721,219.55767822265625,38600,0.0,0.0
2009-10-29 00:00:00+09:00,202.66862907665688,202.66862907665688,199.29081859204592,201.3175048828125,28500,0.0,0.0
2009-10-30 00:00:00+09:00,201.31757462229518,201.31757462229518,196.58863830566406,196.58863830566406,34300,0.0,0.0
2009-11-02 00:00:00+09:00,183.75291224888392,192.53522055489677,183.75291224888392,189.15740966796875,17100,0.0,0.0
2009-11-04 00:00:00+09:00,192.53522711740413,192.53522711740413,187.80629171452054,191.8596649169922,8300,0.0,0.0
2009-11-05 00:00:00+09:00,195.9130645965363,195.9130645965363,189.15744167941435,193.2108154296875,5300,0.0,0.0
2009-11-06 00:00:00+09:00,193.2107751294711,193.88633728027344,193.2107751294711,193.88633728027344,2100,0.0,0.0
2009-11-09 00:00:00+09:00,193.8863416169819,193.8863416169819,189.1574064555921,192.53521728515625,6400,0.0,0.0
2009-11-10 00:00:00+09:00,189.15739052410055,189.15739052410055,182.40176943395412,183.07733154296875,29100,0.0,0.0
2009-11-11 00:00:00+09:00,181.72624481318095,181.72624481318095,175.64618457779574,176.32174682617188,25200,0.0,0.0
2009-11-12 00:00:00+09:00,170.24165771484374,176.3217169189453,168.21497131347655,168.89053344726562,59100,0.0,0.0
2009-11-13 00:00:00+09:00,165.5127390458494,165.5127390458494,161.45936584472656,161.45936584472656,39700,0.0,0.0
2009-11-16 00:00:00+09:00,165.5127195275348,165.5127195275348,150.6503528760827,155.37928771972656,29700,0.0,0.0
2009-11-17 00:00:00+09:00,158.08153620180877,158.7570983223293,155.37928771972656,155.37928771972656,13000,0.0,0.0
2009-11-18 00:00:00+09:00,155.3793118907287,158.08156079317618,148.62368963461006,152.67706298828125,13100,0.0,0.0
2009-11-19 00:00:00+09:00,155.37929077148436,155.37929077148436,152.00148010253906,152.00148010253906,4500,0.0,0.0
2009-11-20 00:00:00+09:00,155.37928950679193,155.37928950679193,149.29923035217834,149.97479248046875,17300,0.0,0.0
2009-11-24 00:00:00+09:00,151.32593853705754,161.4593719212355,148.62368963461006,152.67706298828125,9800,0.0,0.0
2009-11-25 00:00:00+09:00,154.70372863769532,155.37929077148436,150.65035583496095,152.00148010253906,27900,0.0,0.0
2009-11-26 00:00:00+09:00,152.67704223632813,155.37929077148436,152.00148010253906,152.00148010253906,1000,0.0,0.0
2009-11-27 00:00:00+09:00,150.65035036631994,154.70372302191598,148.62366403852192,151.32591247558594,23500,0.0,0.0
2009-11-30 00:00:00+09:00,151.32592226036996,153.3526087192142,150.65036010742188,150.65036010742188,11100,0.0,0.0
2009-12-01 00:00:00+09:00,151.3259245360262,155.37929751466976,150.65036237291895,154.7037353515625,23400,0.0,0.0
2009-12-02 00:00:00+09:00,152.0015007626694,158.75712301878804,150.65037631144565,152.67706298828125,18600,0.0,0.0
2009-12-03 00:00:00+09:00,152.67705955340233,158.7571194471219,152.67705955340233,156.05487060546875,18200,0.0,0.0
2009-12-04 00:00:00+09:00,158.75714988039252,159.43271222030907,153.35265116106,154.02821350097656,46400,0.0,0.0
2009-12-07 00:00:00+09:00,157.40599502629533,157.40599502629533,155.3793083950555,156.05487060546875,38500,0.0,0.0
2009-12-08 00:00:00+09:00,156.73046875,158.75715584590517,156.05490638469826,156.73046875,11300,0.0,0.0
2009-12-09 00:00:00+09:00,156.05490638469826,158.08159348060343,156.05490638469826,156.73046875,30500,0.0,0.0
2009-12-10 00:00:00+09:00,156.05487060546875,157.40599502629533,154.0281839742289,156.05487060546875,47000,0.0,0.0
2009-12-11 00:00:00+09:00,154.02821350097656,156.05490052072625,154.02821350097656,154.02821350097656,12200,0.0,0.0
2009-12-14 00:00:00+09:00,157.40598400399153,158.75710833020605,154.7037353515625,154.7037353515625,10800,0.0,0.0
2009-12-15 00:00:00+09:00,154.0281622126239,154.70372432759157,152.6770379826886,153.35260009765625,21200,0.0,0.0
2009-12-16 00:00:00+09:00,154.0281839742289,156.73043281588204,153.35262176381562,156.05487060546875,15300,0.0,0.0
2009-12-17 00:00:00+09:00,155.37930402632946,160.10823936626124,155.37930402632946,157.40599060058594,24300,0.0,0.0
2009-12-18 00:00:00+09:00,159.43267386300224,160.78379821777344,156.05486297607422,160.78379821777344,16600,0.0,0.0
2009-12-21 00:00:00+09:00,160.10825543912503,174.97062514233494,160.10825543912503,170.91725158691406,76800,0.0,0.0
2009-12-22 00:00:00+09:00,175.64616612025668,193.88634490966797,175.64616612025668,189.15740966796875,58900,0.0,0.0
2009-12-24 00:00:00+09:00,187.80630687470742,188.4818691296524,179.02399756042252,180.3751220703125,17500,0.0,0.0
2009-12-25 00:00:00+09:00,190.50854051616832,191.8596649169922,184.4284807124608,191.8596649169922,21600,0.0,0.0
2009-12-28 00:00:00+09:00,191.18409620012554,194.56190708705356,189.15740966796875,189.15740966796875,10400,0.0,0.0
2009-12-29 00:00:00+09:00,185.77963256835938,185.77963256835938,182.4018210671165,185.77963256835938,5000,0.0,0.0
2009-12-30 00:00:00+09:00,179.0239314029091,180.3750554134971,179.0239314029091,179.69949340820312,6700,0.0,0.0
2010-01-04 00:00:00+09:00,179.69954597949982,179.69954597949982,170.91723734140396,172.9439239501953,11300,0.0,0.0
2010-01-05 00:00:00+09:00,179.6994877653302,182.40173570165092,176.99723982900943,179.02392578125,7200,0.0,0.0
2010-01-06 00:00:00+09:00,177.67280181308962,179.02392578125,177.67280181308962,179.02392578125,5500,0.0,0.0
2010-01-07 00:00:00+09:00,181.05067982726825,184.42849101807548,176.99730639829954,181.7262420654297,33300,0.0,0.0
2010-01-08 00:00:00+09:00,179.02398342556424,189.15741644965277,176.99729682074653,182.40179443359375,16100,0.0,0.0
2010-01-12 00:00:00+09:00,183.07736109263863,183.07736109263863,180.37511222042255,181.05067443847656,23900,0.0,0.0
2010-01-13 00:00:00+09:00,181.05067443847656,184.42848552874665,179.02398778431453,181.05067443847656,9900,0.0,0.0
2010-01-14 00:00:00+09:00,180.37510782877604,185.77960544162326,180.37510782877604,182.40179443359375,2300,0.0,0.0
2010-01-15 00:00:00+09:00,185.10402342852421,185.7795855578254,182.4017749113195,183.75289916992188,8400,0.0,0.0
2010-01-18 00:00:00+09:00,185.77959878104073,189.15740966796875,185.77959878104073,189.15740966796875,11400,0.0,0.0
2010-01-19 00:00:00+09:00,192.53524859746298,201.3175581826104,192.53524859746298,194.5619354248047,31600,0.0,0.0
2010-01-20 00:00:00+09:00,199.9663941732929,199.9663941732929,189.8329620361328,189.8329620361328,12100,0.0,0.0
2010-01-21 00:00:00+09:00,189.157402224657,193.88633728027344,189.157402224657,193.88633728027344,7300,0.0,0.0
2010-01-22 00:00:00+09:00,189.15738862136317,195.9130096435547,185.77957811026738,195.9130096435547,7100,0.0,0.0
2010-01-25 00:00:00+09:00,189.15739989365545,191.8596484635648,189.15739989365545,189.8329620361328,7700,0.0,0.0
2010-01-26 00:00:00+09:00,189.1574294275517,193.21080291528494,187.13074268368507,187.80630493164062,3900,0.0,0.0
2010-01-27 00:00:00+09:00,189.15743941434454,189.15743941434454,187.13075256347656,187.13075256347656,2700,0.0,0.0
2010-01-28 00:00:00+09:00,187.13071885345676,190.50852966308594,187.13071885345676,190.50852966308594,3900,0.0,0.0
2010-01-29 00:00:00+09:00,187.13072420261776,191.18409729003906,185.77959984014396,191.18409729003906,1400,0.0,0.0
2010-02-01 00:00:00+09:00,182.40179443359375,182.40179443359375,179.69954562717012,182.40179443359375,6800,0.0,0.0
2010-02-02 00:00:00+09:00,179.0239314029091,181.05061741879112,175.64612137643914,179.69949340820312,9900,0.0,0.0
2010-02-03 00:00:00+09:00,180.3750554134971,185.1039894505551,177.67280739232112,179.69949340820312,7500,0.0,0.0
2010-02-04 00:00:00+09:00,181.05070163892663,187.13076251486072,179.69957699983016,186.4552001953125,6300,0.0,0.0
2010-02-05 00:00:00+09:00,180.37510782877604,182.40179443359375,178.34842122395833,182.40179443359375,16500,0.0,0.0
2010-02-08 00:00:00+09:00,182.40179443359375,182.40179443359375,182.40179443359375,182.40179443359375,5200,0.0,0.0
2010-02-09 00:00:00+09:00,180.37510782877604,182.40179443359375,179.69954562717012,182.40179443359375,13900,0.0,0.0
2010-02-10 00:00:00+09:00,184.42845576099805,184.42845576099805,182.40176943395412,183.07733154296875,4700,0.0,0.0
2010-02-12 00:00:00+09:00,187.13070981642778,187.80627194572895,183.75289916992188,183.75289916992188,2300,0.0,0.0
2010-02-15 00:00:00+09:00,183.75289916992188,184.42846129922304,183.75289916992188,183.75289916992188,2300,0.0,0.0
2010-02-16 00:00:00+09:00,182.40180883514748,183.75293334503746,180.3751220703125,180.3751220703125,3600,0.0,0.0
2010-02-17 00:00:00+09:00,185.7796183034378,185.7796183034378,176.32174682617188,176.32174682617188,2600,0.0,0.0
2010-02-18 00:00:00+09:00,179.02398138335255,182.40179235284978,178.34841918945312,178.34841918945312,2000,0.0,0.0
2010-02-19 00:00:00+09:00,181.7262362293988,181.7262362293988,169.5661163330078,169.5661163330078,17800,0.0,0.0
2010-02-22 00:00:00+09:00,171.5928029824063,172.94392741533864,168.89055411654164,169.5661163330078,16900,0.0,0.0
2010-02-23 00:00:00+09:00,170.9172198486328,174.97059265136718,165.51272277832032,168.89053344726562,48000,0.0,0.0
2010-02-24 00:00:00+09:00,168.89053221173614,168.89053221173614,166.8638458251953,166.8638458251953,8900,0.0,0.0
2010-02-25 00:00:00+09:00,168.89057159423828,168.89057159423828,158.75713729858398,162.13494873046875,83000,0.0,0.0
2010-02-26 00:00:00+09:00,160.78380155768005,160.78380155768005,156.73042840916713,157.40599060058594,78300,0.0,0.0
2010-03-01 00:00:00+09:00,156.73044443938693,161.4593802629891,156.73044443938693,159.4326934814453,35700,0.0,0.0
2010-03-02 00:00:00+09:00,163.48604136277856,164.1616035171702,160.1082305908203,160.1082305908203,47000,0.0,0.0
2010-03-03 00:00:00+09:00,163.4860382080078,164.1616003493632,160.10822750123077,163.4860382080078,12300,0.0,0.0
2010-03-04 00:00:00+09:00,163.4860382080078,165.51272463207403,162.8104760666524,163.4860382080078,27100,0.0,0.0
2010-03-05 00:00:00+09:00,163.48602847503534,164.16159057617188,162.13490427276233,164.16159057617188,12500,0.0,0.0
2010-03-08 00:00:00+09:00,167.53944628526264,174.2950691193458,165.5127594350377,173.6195068359375,87000,0.0,0.0
2010-03-09 00:00:00+09:00,174.9705865713266,176.32171079195462,172.26833813007062,175.64614868164062,15600,0.0,0.0
2010-03-10 00:00:00+09:00,176.32173598595108,179.6995470201647,173.61948715858017,174.97061157226562,18600,0.0,0.0
2010-03-11 00:00:00+09:00,175.64617041385534,178.34841918945312,172.94392163825756,178.34841918945312,15100,0.0,0.0
2010-03-12 00:00:00+09:00,175.64614868164062,176.99727290226863,172.26833813007062,175.64614868164062,25600,0.0,0.0
2010-03-15 00:00:00+09:00,176.99727290226863,178.3483971228966,172.9439002403846,175.64614868164062,25500,0.0,0.0
2010-03-16 00:00:00+09:00,179.02396426481357,183.75289916992188,176.32171574760883,183.75289916992188,59000,0.0,0.0
2010-03-17 00:00:00+09:00,183.75291883680555,187.13072984483506,181.72623223198784,182.40179443359375,62000,0.0,0.0
2010-03-18 00:00:00+09:00,187.13074268368507,189.1574294275517,182.40180694799628,187.80630493164062,47400,0.0,0.0
2010-03-19 00:00:00+09:00,185.77957811026738,202.66863066574624,184.4284539058291,195.9130096435547,134100,0.0,0.0
2010-03-23 00:00:00+09:00,196.58858394299526,202.66864324020128,195.91302179886125,199.29083251953125,60100,0.0,0.0
2010-03-24 00:00:00+09:00,201.31756445479718,201.31756445479718,195.91306608017175,197.26419067382812,55300,0.0,0.0
2010-03-25 00:00:00+09:00,197.93970399593266,201.99307677400634,195.9130176068958,200.64195251464844,77800,0.0,0.0
2010-03-26 00:00:00+09:00,197.93978101613067,208.748779296875,195.9130938384911,208.748779296875,61000,0.0,0.0
2010-03-29 00:00:00+09:00,211.50443476342693,217.01595097876054,210.12655570959353,214.26019287109375,55900,6.0,0.0
2010-03-30 00:00:00+09:00,216.32707658598693,218.39389578903777,213.57131764858585,217.7049560546875,23600,0.0,0.0
2010-03-31 00:00:00+09:00,218.39386508457778,236.3062956593381,217.70492544708702,233.550537109375,74500,0.0,0.0
2010-04-01 00:00:00+09:00,230.10583892192108,235.61735602184734,230.10583892192108,233.550537109375,37400,0.0,0.0
2010-04-02 00:00:00+09:00,232.17266845703125,232.8616081260432,223.21645275987572,232.17266845703125,28100,0.0,0.0
2010-04-05 00:00:00+09:00,232.17266845703125,234.2394874640671,228.03903044295947,232.17266845703125,35000,0.0,0.0
2010-04-06 00:00:00+09:00,226.66115036010743,236.99524536132813,226.66115036010743,234.23948669433594,44600,0.0,0.0
2010-04-07 00:00:00+09:00,231.48371172778178,238.37310791015622,230.79477210954434,238.37310791015625,43200,0.0,0.0
2010-04-08 00:00:00+09:00,234.92841759156647,247.32933113012422,232.1726590274425,245.26251220703125,93000,0.0,0.0
2010-04-09 00:00:00+09:00,243.19570545766544,244.57358480870036,239.7510070800781,239.75100708007812,19100,0.0,0.0
2010-04-12 00:00:00+09:00,245.2625040925307,246.64038332900557,237.68416829191878,238.37310791015625,11600,0.0,0.0
2010-04-13 00:00:00+09:00,234.23953484632295,236.99529407980913,228.03907657097912,230.10589599609375,64100,0.0,0.0
2010-04-14 00:00:00+09:00,235.61739432093609,235.61739432093609,228.03905707669546,228.72799682617188,26600,0.0,0.0
2010-04-15 00:00:00+09:00,230.10589599609372,231.4837756128368,227.35013676260758,230.10589599609375,44100,0.0,0.0
2010-04-16 00:00:00+09:00,227.35009765625,228.72797703598485,219.77176106770835,227.35009765625,19300,0.0,0.0
2010-04-19 00:00:00+09:00,226.66112924736237,226.66112924736237,220.46067282418224,221.1496124267578,16600,0.0,0.0
2010-04-20 00:00:00+09:00,222.5275421142578,224.59436139086083,221.83860235539012,222.5275421142578,15400,0.0,0.0
2010-04-21 00:00:00+09:00,224.5943388967803,227.35009765625,221.8385801373106,227.35009765625,35100,0.0,0.0
2010-04-22 00:00:00+09:00,232.86162527954468,234.23950471906863,228.03904724121094,228.03904724121094,65000,0.0,0.0
2010-04-23 00:00:00+09:00,233.55056858062744,233.55056858062744,229.41693019866943,231.48374938964844,40000,0.0,0.0
2010-04-26 00:00:00+09:00,233.5505122853749,234.23945184963856,230.1058144640567,230.7947540283203,61400,0.0,0.0
2010-04-27 00:00:00+09:00,235.6173739346591,237.68419300426137,227.35009765625,227.35009765625,40300,0.0,0.0
2010-04-28 00:00:00+09:00,225.2833011497285,225.97224090859615,221.83860235539012,222.5275421142578,20300,0.0,0.0
2010-04-30 00:00:00+09:00,227.35010752144896,233.55056499930666,225.28328836216306,228.03904724121094,21900,0.0,0.0
2010-05-06 00:00:00+09:00,228.0390084525135,230.10582726024023,219.77173322160667,221.1496124267578,46200,0.0,0.0
2010-05-07 00:00:00+09:00,208.7487264817761,217.70494246944307,202.54826925954512,213.57130432128906,55600,0.0,0.0
2010-05-10 00:00:00+09:00,211.50450234664112,213.57132158781351,208.05980361135383,209.43768310546875,49000,0.0,0.0
2010-05-11 00:00:00+09:00,217.01599980032208,218.39387916413364,208.05978393554688,208.05978393554688,15800,0.0,0.0
2010-05-12 00:00:00+09:00,209.43761757943145,209.43761757943145,203.92610132734114,205.992919921875,13700,0.0,0.0
2010-05-13 00:00:00+09:00,205.99298667907712,219.77178177466757,205.99298667907712,214.94920349121094,68100,0.0,0.0
2010-05-14 00:00:00+09:00,212.19341155629098,223.21644592285156,210.81553226047092,223.21644592285156,22000,0.0,0.0
2010-05-17 00:00:00+09:00,232.86158013195725,237.68415723528182,214.94915089103748,221.8385467529297,125400,0.0,0.0
2010-05-18 00:00:00+09:00,219.77176154352006,221.14964092623805,210.81554555585308,213.57130432128906,60200,0.0,0.0
2010-05-19 00:00:00+09:00,207.37081694679136,215.63809204101562,206.68187735560602,215.63809204101562,18300,0.0,0.0
2010-05-20 00:00:00+09:00,213.57127222521552,213.57127222521552,199.79248046875003,199.79248046875,33900,0.0,0.0
2010-05-21 00:00:00+09:00,192.90309083756625,199.7924869389079,190.14733239702957,194.96990966796875,31100,0.0,0.0
2010-05-24 00:00:00+09:00,198.414609375,206.681884765625,195.65885091145833,206.681884765625,19000,0.0,0.0
2010-05-25 00:00:00+09:00,203.2371932410543,203.2371932410543,186.0137022884226,201.85931396484375,34100,0.0,0.0
2010-05-26 00:00:00+09:00,196.34776371781544,201.17034037053372,188.08048945601269,192.21412658691406,40100,0.0,0.0
2010-05-27 00:00:00+09:00,192.21415122743207,194.96990966796875,190.83627200716376,194.96990966796875,33100,0.0,0.0
2010-05-28 00:00:00+09:00,195.65884453715805,197.72566331748013,193.59202575683594,193.59202575683594,24700,0.0,0.0
2010-05-31 00:00:00+09:00,194.28097927611879,197.72567749023438,193.59203963329566,197.72567749023438,14400,0.0,0.0
2010-06-01 00:00:00+09:00,196.3477894919259,198.41460832868304,192.90309143066406,192.90309143066406,20100,0.0,0.0
2010-06-02 00:00:00+09:00,191.52521220615932,198.41460832868304,189.45839336940222,192.90309143066406,47600,0.0,0.0
2010-06-03 00:00:00+09:00,195.65889414540538,199.10359298599352,194.96995437728776,197.03677368164062,14600,0.0,0.0
2010-06-04 00:00:00+09:00,202.54828071594238,203.2372204462687,197.0367628733317,198.41464233398438,27900,0.0,0.0
2010-06-07 00:00:00+09:00,194.28094515236475,194.28094515236475,191.52518706509719,192.21412658691406,12300,0.0,0.0
2010-06-08 00:00:00+09:00,190.83627259390695,193.59203104291643,190.14733298165459,192.90309143066406,11400,0.0,0.0
2010-06-09 00:00:00+09:00,194.9699365629567,194.9699365629567,191.5252380371094,191.52523803710938,6300,0.0,0.0
2010-06-10 00:00:00+09:00,190.83631896972656,193.592078088423,188.08055985103016,190.83631896972656,22100,0.0,0.0
2010-06-11 00:00:00+09:00,194.2809706551688,195.65884987967354,190.83627259390695,192.90309143066406,11300,0.0,0.0
2010-06-14 00:00:00+09:00,192.90309143066406,194.96991026742117,191.52521220615932,192.90309143066406,61700,0.0,0.0
2010-06-15 00:00:00+09:00,194.28096535027666,196.34778413059874,193.59202575683594,193.59202575683594,39200,0.0,0.0
2010-06-16 00:00:00+09:00,196.34782314300537,198.41464233398438,194.9699436823527,198.41464233398438,15300,0.0,0.0
2010-06-17 00:00:00+09:00,199.79253063463185,204.61510896029537,199.10359087382278,201.17041015625,29400,0.0,0.0
2010-06-18 00:00:00+09:00,203.23723384312223,204.61511339460102,201.85935429164343,202.5482940673828,19000,0.0,0.0
2010-06-21 00:00:00+09:00,203.9261064977454,205.30398559570312,200.48140875285105,205.30398559570312,8000,0.0,0.0
2010-06-22 00:00:00+09:00,203.23716735839844,204.61504645913334,200.48140915692863,203.23716735839844,13800,0.0,0.0
2010-06-23 00:00:00+09:00,201.85931059184827,201.85931059184827,196.34779357910156,196.34779357910156,25200,0.0,0.0
2010-06-24 00:00:00+09:00,197.03672732448908,199.10354614257812,197.03672732448908,199.10354614257812,5500,0.0,0.0
2010-06-25 00:00:00+09:00,197.72570260365802,198.41464233398438,194.28100395202637,198.41464233398438,19900,0.0,0.0
2010-06-28 00:00:00+09:00,195.65882419599856,195.65882419599856,192.21412658691406,192.21412658691406,16800,0.0,0.0
2010-06-29 00:00:00+09:00,187.39157572279882,194.9699115057061,186.70263610617087,188.7694549560547,21700,0.0,0.0
2010-06-30 00:00:00+09:00,181.19113534955835,186.01371309650477,179.81325599328795,184.63583374023438,25400,0.0,0.0
2010-07-01 00:00:00+09:00,182.56901715252852,183.94689652726458,177.7464393409523,178.4353790283203,58100,0.0,0.0
2010-07-02 00:00:00+09:00,181.1911049592979,186.70262145996094,179.8132258341321,186.70262145996094,16300,0.0,0.0
2010-07-05 00:00:00+09:00,186.01370172186213,188.7694602658897,185.32476208585524,188.0805206298828,6800,0.0,0.0
2010-07-06 00:00:00+09:00,187.39157104492188,188.7694502437816,185.3247522466323,187.39157104492188,8900,0.0,0.0
2010-07-07 00:00:00+09:00,186.70264135786903,189.45839990189663,186.01370172186213,188.0805206298828,4900,0.0,0.0
2010-07-08 00:00:00+09:00,190.14733418931056,190.8362738059385,187.39157572279882,188.7694549560547,16200,0.0,0.0
2010-07-09 00:00:00+09:00,185.32478069058428,191.5252380371094,183.94690128024536,191.52523803710938,35400,0.0,0.0
2010-07-12 00:00:00+09:00,188.0805206298828,191.5252188099173,187.39158099387592,188.0805206298828,5400,0.0,0.0
2010-07-13 00:00:00+09:00,192.2141804748308,192.2141804748308,184.63584361023175,185.3247833251953,16100,0.0,0.0
2010-07-14 00:00:00+09:00,188.7694549560547,190.14733418931056,188.08051533942674,188.7694549560547,16500,0.0,0.0
2010-07-15 00:00:00+09:00,190.83632444298786,190.83632444298786,190.1473846435547,190.1473846435547,2300,0.0,0.0
2010-07-16 00:00:00+09:00,187.39158099387592,188.0805206298828,185.32476208585524,188.0805206298828,8000,0.0,0.0
2010-07-21 00:00:00+09:00,186.0136620084146,186.0136620084146,182.56896456381432,183.25790405273438,15400,0.0,0.0
2010-07-22 00:00:00+09:00,181.19113159179688,186.01370923872685,180.50219192794975,181.19113159179688,17000,0.0,0.0
2010-07-23 00:00:00+09:00,186.70262671576606,186.70262671576606,182.56898922390408,186.01368713378906,9400,0.0,0.0
2010-07-26 00:00:00+09:00,188.08050587972005,188.08050587972005,186.01368713378906,186.01368713378906,3400,0.0,0.0
2010-07-27 00:00:00+09:00,185.32478154962715,189.4584197998047,182.56902271617543,189.4584197998047,8300,0.0,0.0
2010-07-28 00:00:00+09:00,189.45837971029246,192.214137960624,185.3247423347952,186.70262145996094,26500,0.0,0.0
2010-07-29 00:00:00+09:00,188.7694502437816,189.45838984321145,186.70263144549202,187.39157104492188,7400,0.0,0.0
2010-07-30 00:00:00+09:00,186.702660966353,189.4584197998047,185.32478154962715,189.4584197998047,8200,0.0,0.0
2010-08-02 00:00:00+09:00,189.4583684996465,192.21412658691406,188.7694289778296,192.21412658691406,11500,0.0,0.0
2010-08-03 00:00:00+09:00,195.65886996654754,198.41462869847075,192.21417155164355,194.28099060058594,29200,0.0,0.0
2010-08-04 00:00:00+09:00,190.147351165316,190.8362908434512,183.25795438396395,184.63583374023438,60800,0.0,0.0
2010-08-05 00:00:00+09:00,188.08053213091037,188.08053213091037,183.25795438396395,184.63583374023438,22500,0.0,0.0
2010-08-06 00:00:00+09:00,183.2579452052261,183.2579452052261,180.50218663071144,181.88006591796875,42300,0.0,0.0
2010-08-09 00:00:00+09:00,180.50216674804688,181.88004588352814,179.81322718030623,180.50216674804688,14700,0.0,0.0
2010-08-10 00:00:00+09:00,180.50216674804688,181.88004588352814,177.74640847708432,180.50216674804688,36100,0.0,0.0
2010-08-11 00:00:00+09:00,179.12431955337524,179.12431955337524,175.67962110042572,176.36856079101562,8500,0.0,0.0
2010-08-12 00:00:00+09:00,173.61278123121997,179.12429809570312,170.16808319091797,179.12429809570312,40000,0.0,0.0
2010-08-13 00:00:00+09:00,173.61281267301302,176.3685716043307,172.9238729401836,174.99069213867188,8800,0.0,0.0
2010-08-16 00:00:00+09:00,173.61281267301302,174.99069213867188,170.85705374169535,174.99069213867188,14400,0.0,0.0
2010-08-17 00:00:00+09:00,170.85699951171873,172.23487854003906,170.85699951171873,172.23487854003906,5900,0.0,0.0
2010-08-18 00:00:00+09:00,174.99067767017866,175.67961734604552,172.2349189667113,172.92385864257812,10400,0.0,0.0
2010-08-19 00:00:00+09:00,172.23493227235073,177.05751037597656,170.85705281417194,177.05751037597656,22400,0.0,0.0
2010-08-20 00:00:00+09:00,177.0574912419395,177.0574912419395,172.9238533141121,173.61279296875,7700,0.0,0.0
2010-08-23 00:00:00+09:00,173.61279445741235,175.6796134390482,169.47915649414062,169.47915649414062,44000,0.0,0.0
2010-08-24 00:00:00+09:00,169.47916637837648,172.923864882002,169.47916637837648,170.16810607910156,17400,0.0,0.0
2010-08-25 00:00:00+09:00,169.4791602632439,172.92385864257812,168.79022058737706,172.92385864257812,17200,0.0,0.0
2010-08-26 00:00:00+09:00,174.99069410754788,174.99069410754788,170.1681159234816,170.8570556640625,6600,0.0,0.0
2010-08-27 00:00:00+09:00,170.85705374169535,174.99069213867188,170.85705374169535,174.99069213867188,6000,0.0,0.0
2010-08-30 00:00:00+09:00,170.85705281417194,179.12432956324477,170.85705281417194,177.05751037597656,8500,0.0,0.0
2010-08-31 00:00:00+09:00,176.36858149509803,177.05752126656324,173.6128224092371,175.6796417236328,2700,0.0,0.0
2010-09-01 00:00:00+09:00,176.36856079101562,177.05750048160553,172.9238623380661,176.36856079101562,2500,0.0,0.0
2010-09-02 00:00:00+09:00,176.3685716043307,177.74645106998952,174.99069213867188,174.99069213867188,5900,0.0,0.0
2010-09-03 00:00:00+09:00,174.990685869557,178.4353844102963,174.30174616140914,177.74644470214844,10400,0.0,0.0
2010-09-06 00:00:00+09:00,179.12432323470426,184.63584087269516,179.12432323470426,179.81326293945312,9200,0.0,0.0
2010-09-07 00:00:00+09:00,180.50216674804688,181.88004588352814,180.50216674804688,180.50216674804688,900,0.0,0.0
2010-09-08 00:00:00+09:00,179.12431955337524,179.81325924396515,172.9238623380661,176.36856079101562,10900,0.0,0.0
2010-09-09 00:00:00+09:00,178.4353790283203,178.4353790283203,176.36855996621622,178.4353790283203,10500,0.0,0.0
2010-09-10 00:00:00+09:00,179.12432323470426,181.19114234895085,176.36856441570882,179.81326293945312,8700,0.0,0.0
2010-09-13 00:00:00+09:00,182.56898922390408,192.90308295355905,181.8800496419271,186.01368713378906,19900,0.0,0.0
2010-09-14 00:00:00+09:00,186.0136620084146,186.0136620084146,183.25790405273438,183.25790405273438,7500,0.0,0.0
2010-09-16 00:00:00+09:00,188.76944546169705,189.45838504367404,186.01368713378906,186.01368713378906,4500,0.0,0.0
2010-09-17 00:00:00+09:00,188.7694602658897,189.45839990189663,186.01370172186213,188.0805206298828,5900,0.0,0.0
2010-09-21 00:00:00+09:00,184.6358418412642,194.2809977583452,184.6358418412642,189.4584197998047,29300,0.0,0.0
2010-09-22 00:00:00+09:00,192.21412658691406,192.90306610873097,191.52518706509719,192.21412658691406,8400,0.0,0.0
2010-09-24 00:00:00+09:00,192.21414824093088,192.21414824093088,187.39157104492188,187.39157104492188,28900,0.0,0.0
2010-09-27 00:00:00+09:00,188.76947921643156,191.5252380371094,188.0805395112621,191.52523803710938,9900,0.0,0.0
2010-09-28 00:00:00+09:00,191.5251981637774,192.9334716796875,189.41278788991218,192.9334716796875,9400,6.0,0.0
2010-09-29 00:00:00+09:00,187.3004102385446,192.93350528331285,187.3004102385446,188.00454711914062,10400,0.0,0.0
2010-09-30 00:00:00+09:00,188.00449529683814,190.1169053563532,185.89208523732313,186.59622192382812,12000,0.0,0.0
2010-10-01 00:00:00+09:00,186.59625352318608,188.7086639404297,181.66729588295095,188.7086639404297,7500,0.0,0.0
2010-10-04 00:00:00+09:00,186.59622046783682,186.59622046783682,184.4838104248047,184.4838104248047,2500,0.0,0.0
2010-10-05 00:00:00+09:00,182.37142129377884,185.89210510253906,181.6672845320268,185.89210510253906,5900,0.0,0.0
2010-10-06 00:00:00+09:00,185.89210510253906,185.89210510253906,185.89210510253906,185.89210510253906,1400,0.0,0.0
2010-10-07 00:00:00+09:00,184.4838514436787,189.41280930667776,182.3714409309648,185.18798828125,12200,0.0,0.0
2010-10-08 00:00:00+09:00,184.4838118643131,189.4127686698482,182.37140180479807,186.59622192382812,8700,0.0,0.0
2010-10-12 00:00:00+09:00,188.00453563153516,189.41280930667776,185.18798828125,185.18798828125,10600,0.0,0.0
2010-10-13 00:00:00+09:00,184.4838514436787,186.59626195639257,176.73834623039448,185.18798828125,7800,0.0,0.0
2010-10-14 00:00:00+09:00,181.66730311467097,183.07557678222656,178.8507557795598,183.07557678222656,10700,0.0,0.0
2010-10-15 00:00:00+09:00,180.96316528320312,184.48384943268178,180.96316528320312,180.96316528320312,14800,0.0,0.0
2010-10-18 00:00:00+09:00,178.85075479351593,181.66730211309886,177.44248113372447,180.96316528320312,20800,0.0,0.0
2010-10-19 00:00:00+09:00,180.96318458285728,181.66732148784894,178.14663696289062,178.14663696289062,3500,0.0,0.0
2010-10-20 00:00:00+09:00,177.44247910700946,178.14661592886267,176.03420546330304,176.73834228515625,5400,0.0,0.0
2010-10-21 00:00:00+09:00,176.73834228515625,177.44247910700946,176.73834228515625,176.73834228515625,2900,0.0,0.0
2010-10-22 00:00:00+09:00,176.03422624791565,178.8507738678823,174.6259524379323,178.14663696289062,6900,0.0,0.0
2010-10-25 00:00:00+09:00,180.96315585692417,182.37142944335938,177.44247189083615,182.37142944335938,9000,0.0,0.0
2010-10-26 00:00:00+09:00,180.96315585692417,183.075566236577,180.96315585692417,182.37142944335938,8700,0.0,0.0
2010-10-27 00:00:00+09:00,180.96316528320312,181.66730211309886,180.96316528320312,180.96316528320312,6700,0.0,0.0
2010-10-28 00:00:00+09:00,180.96318458285728,180.96318458285728,177.44250005789897,178.14663696289062,5700,0.0,0.0
2010-10-29 00:00:00+09:00,180.9631902358111,180.9631902358111,178.14664252786076,179.55491638183594,6900,0.0,0.0
2010-11-01 00:00:00+09:00,182.37143994844877,186.59626095111554,182.37143994844877,183.07557678222656,8400,0.0,0.0
2010-11-02 00:00:00+09:00,181.66726511829305,186.59622192382812,180.96312843178805,186.59622192382812,2100,0.0,0.0
2010-11-04 00:00:00+09:00,186.59626195639257,186.59626195639257,182.3714409309648,185.18798828125,2600,0.0,0.0
2010-11-05 00:00:00+09:00,184.48384310594244,190.11693755192542,183.7797063001946,188.7086639404297,21400,0.0,0.0
2010-11-08 00:00:00+09:00,185.18797529142586,189.4127960205078,185.18797529142586,189.4127960205078,4000,0.0,0.0
2010-11-09 00:00:00+09:00,188.70867246910646,188.70867246910646,185.18798828125,185.18798828125,2300,0.0,0.0
2010-11-10 00:00:00+09:00,187.30039605034725,190.116943359375,187.30039605034725,190.116943359375,4600,0.0,0.0
2010-11-11 00:00:00+09:00,188.00457912942636,194.34181213378903,188.00457912942636,194.34181213378906,29900,0.0,0.0
2010-11-12 00:00:00+09:00,190.82112713136533,194.34181213378903,190.1169901308806,194.34181213378906,13100,0.0,0.0
2010-11-15 00:00:00+09:00,191.5252170138889,192.93349066840278,190.116943359375,190.116943359375,10200,0.0,0.0
2010-11-16 00:00:00+09:00,192.22935485839844,192.93349168938158,189.41280753446588,192.22935485839844,12600,0.0,0.0
2010-11-17 00:00:00+09:00,190.11694436544903,193.63762852036473,188.70867070348274,192.22935485839844,9700,0.0,0.0
2010-11-18 00:00:00+09:00,190.11692342722986,191.52519693409823,188.7086499203615,190.82106018066406,14300,0.0,0.0
2010-11-19 00:00:00+09:00,190.11692342722986,193.6376071944008,189.4127866737957,190.82106018066406,32200,0.0,0.0
2010-11-22 00:00:00+09:00,190.82103734984435,191.52517401903197,183.77967065796818,187.30035400390625,90000,0.0,0.0
2010-11-24 00:00:00+09:00,183.07555805553088,186.5962418642911,182.37142129377884,185.89210510253906,72800,0.0,0.0
2010-11-25 00:00:00+09:00,184.48383959601907,192.9334811042337,184.48383959601907,191.52520751953125,52700,0.0,0.0
2010-11-26 00:00:00+09:00,193.63763427734375,195.7500448330966,190.1169500177557,193.63763427734375,35300,0.0,0.0
2010-11-29 00:00:00+09:00,196.4542181793103,197.15835516203182,190.1169853348164,195.0459442138672,42000,0.0,0.0
2010-11-30 00:00:00+09:00,194.34180723114565,195.75008119658875,191.52525930025948,195.0459442138672,25400,0.0,0.0
2010-12-01 00:00:00+09:00,192.9334811042337,195.75002827363855,190.1169339348288,191.52520751953125,63800,0.0,0.0
2010-12-02 00:00:00+09:00,195.7500362941197,197.15830993652344,193.63762583051408,197.15830993652344,30100,0.0,0.0
2010-12-03 00:00:00+09:00,197.1583016378838,200.67898559570312,197.1583016378838,200.67898559570312,30200,0.0,0.0
2010-12-06 00:00:00+09:00,200.67903200785318,203.49557982550726,199.97489505343967,202.79144287109375,38300,0.0,0.0
2010-12-07 00:00:00+09:00,202.0872509660392,204.90379801783067,201.3831142030913,204.1996612548828,53200,0.0,0.0
2010-12-08 00:00:00+09:00,206.31206471487982,210.53688515272717,205.6079279752386,209.83274841308594,52500,0.0,0.0
2010-12-09 00:00:00+09:00,209.12861982221895,211.2410301234535,204.1996624526717,206.31207275390625,35800,0.0,0.0
2010-12-10 00:00:00+09:00,206.31204828811903,208.42445833885063,204.19963823738743,207.72032165527344,17800,0.0,0.0
2010-12-13 00:00:00+09:00,206.31206014881963,210.53688049316406,206.31206014881963,210.53688049316406,25000,0.0,0.0
2010-12-14 00:00:00+09:00,211.24104885076056,213.35345933926817,208.4245015327504,212.64932250976562,20600,0.0,0.0
2010-12-15 00:00:00+09:00,215.46587951660155,216.17001637776693,209.83278462727864,211.24105834960938,38800,0.0,0.0
2010-12-16 00:00:00+09:00,211.24104885076056,212.64932250976562,209.12863836225296,212.64932250976562,26900,0.0,0.0
2010-12-17 00:00:00+09:00,214.05758923874157,214.05758923874157,209.12863159179688,209.12863159179688,18200,0.0,0.0
2010-12-20 00:00:00+09:00,211.24105834960938,213.35346893310546,209.12864776611326,211.24105834960938,32400,0.0,0.0
2010-12-21 00:00:00+09:00,211.24103133742875,211.24103133742875,207.72034748180494,208.4244842529297,67200,0.0,0.0
2010-12-22 00:00:00+09:00,209.83281370409492,209.83281370409492,207.01626586914062,207.01626586914062,47500,0.0,0.0
2010-12-24 00:00:00+09:00,207.72038672797868,207.72038672797868,204.90383911132812,204.90383911132812,44300,0.0,0.0
2010-12-27 00:00:00+09:00,204.90379921974989,206.31207275390625,203.49552568559352,206.31207275390625,61500,0.0,0.0
2010-12-28 00:00:00+09:00,205.60791160454184,207.72032165527344,204.90377492096462,207.72032165527344,17700,0.0,0.0
2010-12-29 00:00:00+09:00,207.72034748180494,208.4244842529297,206.3120739395554,208.4244842529297,26100,0.0,0.0
2010-12-30 00:00:00+09:00,207.01621071068016,208.4244842529297,204.90380039730587,208.4244842529297,18000,0.0,0.0
2011-01-04 00:00:00+09:00,209.83278462727864,212.6493320719401,209.83278462727864,211.24105834960938,32600,0.0,0.0
2011-01-05 00:00:00+09:00,211.94519521077473,213.35346893310546,211.24105834960938,211.24105834960938,46300,0.0,0.0
2011-01-06 00:00:00+09:00,214.0576171875,214.7617540861431,213.35348028885693,214.0576171875,53000,0.0,0.0
2011-01-07 00:00:00+09:00,214.0575363409324,216.87408287173412,212.6492630755315,214.7616729736328,96400,0.0,0.0
2011-01-11 00:00:00+09:00,215.4658909847862,217.57830168071547,212.64934339021383,214.0576171875,187300,0.0,0.0
2011-01-12 00:00:00+09:00,216.17003499544583,219.6907196044922,214.057624230018,219.6907196044922,177300,0.0,0.0
2011-01-13 00:00:00+09:00,220.39478878974913,228.1402925491333,219.69065208435057,225.32374572753906,128000,0.0,0.0
2011-01-14 00:00:00+09:00,223.21133561134337,225.32374572753906,220.39478878974913,225.32374572753906,73600,0.0,0.0
2011-01-17 00:00:00+09:00,226.73202187005728,230.25270543946812,221.80306487288212,229.54856872558594,99200,0.0,0.0
2011-01-18 00:00:00+09:00,233.7734422943023,235.18171604306315,229.54862104801973,233.06930541992188,75500,0.0,0.0
2011-01-19 00:00:00+09:00,232.36512880067568,237.2940860782658,230.25271853885135,234.4775390625,64200,0.0,0.0
2011-01-20 00:00:00+09:00,233.06923997772407,233.77337665439393,225.3237365343556,226.7320098876953,40800,0.0,0.0
2011-01-21 00:00:00+09:00,226.73208957248266,226.73208957248266,217.57830955868675,221.80313110351562,100600,0.0,0.0
2011-01-24 00:00:00+09:00,220.39482793268166,224.61964891541678,218.98655427176996,223.91551208496094,29900,0.0,0.0
2011-01-25 00:00:00+09:00,225.32375759548611,230.25271479288736,225.32375759548611,228.1403045654297,26100,0.0,0.0
2011-01-26 00:00:00+09:00,228.8444413079156,228.8444413079156,221.80307388305664,228.1403045654297,22100,0.0,0.0
2011-01-27 00:00:00+09:00,228.8445135442222,231.66106140322802,228.14037657947074,230.95692443847656,82300,0.0,0.0
2011-01-28 00:00:00+09:00,232.36519836797947,233.77347229748239,228.8445135442222,230.95692443847656,80800,0.0,0.0
2011-01-31 00:00:00+09:00,225.32375759548611,230.95685153537326,222.50721062554254,228.1403045654297,28900,0.0,0.0
2011-02-01 00:00:00+09:00,232.36517249991041,234.47758315900052,229.54862495445695,230.2527618408203,54800,0.0,0.0
2011-02-02 00:00:00+09:00,230.9568956569283,235.18171691894528,230.9568956569283,235.1817169189453,56800,0.0,0.0
2011-02-03 00:00:00+09:00,235.88588987077986,237.99830082484652,235.18175288609095,236.59002685546875,79900,0.0,0.0
2011-02-04 00:00:00+09:00,237.99821142007036,242.92716846131444,237.99821142007036,240.81475830078125,84200,0.0,0.0
2011-02-07 00:00:00+09:00,246.44789600099057,249.26444338385903,244.3354854638392,245.74375915527344,89600,0.0,0.0
2011-02-08 00:00:00+09:00,247.85621031835376,248.56034727948543,244.3355255126953,244.3355255126953,58700,0.0,0.0
2011-02-09 00:00:00+09:00,245.0395786218476,246.44785206220305,240.81475830078128,240.81475830078125,42800,0.0,0.0
2011-02-10 00:00:00+09:00,240.81476888851245,241.51890563964844,238.70235863510442,241.51890563964844,34700,0.0,0.0
2011-02-14 00:00:00+09:00,241.5189371274386,246.44789502799856,240.1106634415643,243.63134765625,70000,0.0,0.0
2011-02-15 00:00:00+09:00,245.7437563692586,250.67271423339844,245.03961953152432,250.67271423339844,83800,0.0,0.0
2011-02-16 00:00:00+09:00,252.7851617871229,263.34721590079096,252.08102484621168,254.1934356689453,173400,0.0,0.0
2011-02-17 00:00:00+09:00,254.19340038826454,257.0099477609877,249.9685793291798,254.8975372314453,78100,0.0,0.0
2011-02-18 00:00:00+09:00,252.78512670190295,256.3058109178069,252.08098985872218,254.8975372314453,59200,0.0,0.0
2011-02-21 00:00:00+09:00,258.4182531069403,259.8265269658337,256.3058423186002,257.0099792480469,69300,0.0,0.0
2011-02-22 00:00:00+09:00,257.71408361578386,258.4182204562642,249.96857837050075,252.78512573242188,87000,0.0,0.0
2011-02-23 00:00:00+09:00,249.96857837050075,255.60167309434303,247.8561678490599,252.78512573242188,59800,0.0,0.0
2011-02-24 00:00:00+09:00,248.5603113722527,252.7851325287216,242.22307963754938,245.0396270751953,85300,0.0,0.0
2011-02-25 00:00:00+09:00,246.44789600099057,246.44789600099057,243.6313486181221,245.74375915527344,22300,0.0,0.0
2011-02-28 00:00:00+09:00,245.74367271721698,252.08090209960938,245.74367271721698,252.08090209960938,35200,0.0,0.0
2011-03-01 00:00:00+09:00,254.89754473711994,260.5306396484375,254.19340787320525,260.5306396484375,79600,0.0,0.0
2011-03-02 00:00:00+09:00,255.60163542620168,261.9388660566034,255.60163542620168,258.4181823730469,73700,0.0,0.0
2011-03-03 00:00:00+09:00,257.7140921927787,260.5306396484375,257.7140921927787,260.5306396484375,30900,0.0,0.0
2011-03-04 00:00:00+09:00,264.0513143231792,264.0513143231792,259.1223564558132,261.93890380859375,51400,0.0,0.0
2011-03-07 00:00:00+09:00,264.05140158318324,264.05140158318324,261.23485329962926,262.64312744140625,55500,0.0,0.0
2011-03-08 00:00:00+09:00,263.34722900390625,269.6844617874227,261.2348180760674,263.34722900390625,91900,0.0,0.0
2011-03-09 00:00:00+09:00,266.8678732527063,266.8678732527063,263.3471889090031,264.7554626464844,21200,0.0,0.0
2011-03-10 00:00:00+09:00,263.34721590079096,263.34721590079096,253.4892987280341,254.1934356689453,55600,0.0,0.0
2011-03-11 00:00:00+09:00,248.5602863420759,254.1933806501116,243.63132882254465,246.4478759765625,76100,0.0,0.0
2011-03-14 00:00:00+09:00,201.38315301192435,232.36517655222042,201.38315301192435,214.0576171875,145200,0.0,0.0
2011-03-15 00:00:00+09:00,209.12864501953126,211.2410555752841,169.69698131214489,193.63763427734375,152800,0.0,0.0
2011-03-16 00:00:00+09:00,176.73837555779352,208.42453850640192,176.73837555779352,202.79144287109375,103600,0.0,0.0
2011-03-17 00:00:00+09:00,180.25901131465517,204.1996612548828,180.25901131465517,204.1996612548828,102400,0.0,0.0
2011-03-18 00:00:00+09:00,209.83273423369673,221.0989213066469,209.83273423369673,218.98651123046875,53300,0.0,0.0
2011-03-22 00:00:00+09:00,230.25272430875407,236.5899552530317,226.02790367923564,235.8858184814453,64200,0.0,0.0
2011-03-23 00:00:00+09:00,230.9568956569283,239.4065381809623,230.9568956569283,235.1817169189453,38200,0.0,0.0
2011-03-24 00:00:00+09:00,235.88584807981928,237.29412179969881,226.73206890060243,233.7734375,22000,0.0,0.0
2011-03-25 00:00:00+09:00,235.88588987077986,240.1107117789132,230.9569309779576,236.59002685546875,34500,0.0,0.0
2011-03-28 00:00:00+09:00,239.4065802760378,239.4065802760378,232.36521026791905,237.99830627441406,21400,0.0,0.0
2011-03-29 00:00:00+09:00,237.9982220440088,238.71508415859918,230.11273878351454,231.5464630126953,20600,6.0,0.0
2011-03-30 00:00:00+09:00,230.11272082328796,230.11272082328796,225.09468641281128,229.39585876464844,15900,0.0,0.0
2011-03-31 00:00:00+09:00,227.2453528184157,230.8296643770658,223.66104125976562,223.66104125976562,31200,0.0,0.0
2011-04-01 00:00:00+09:00,226.52841053009033,229.39585876464844,225.8115484714508,229.39585876464844,21900,0.0,0.0
2011-04-04 00:00:00+09:00,232.26335530341427,236.5645285497738,225.811595433875,226.52845764160156,15200,0.0,0.0
2011-04-05 00:00:00+09:00,227.24531501031692,227.24531501031692,220.07669308570124,222.22727966308594,34000,0.0,0.0
2011-04-06 00:00:00+09:00,216.49233723005722,221.51037153671416,208.6068547481677,214.3417510986328,30100,0.0,0.0
2011-04-07 00:00:00+09:00,212.19118155786546,217.9260783567267,210.0405952582925,211.4743194580078,19200,0.0,0.0
2011-04-08 00:00:00+09:00,210.0405952582925,213.62490575758076,205.73942265914658,211.4743194580078,35600,0.0,0.0
2011-04-11 00:00:00+09:00,207.8899993896484,211.4743097239527,207.8899993896484,207.88999938964844,36500,0.0,0.0
2011-04-12 00:00:00+09:00,209.32374997483086,210.0406121322789,205.02257703014257,208.6068878173828,15400,0.0,0.0
2011-04-13 00:00:00+09:00,208.6068683781036,210.04059255939643,207.1731441968108,209.32373046875,16300,0.0,0.0
2011-04-14 00:00:00+09:00,209.32374150923903,210.0406036376953,202.87198235313235,210.0406036376953,29000,0.0,0.0
2011-04-15 00:00:00+09:00,210.040585590231,210.040585590231,206.4562752559267,207.88999938964844,23900,0.0,0.0
2011-04-18 00:00:00+09:00,210.04059255939643,210.04059255939643,208.6068683781036,209.32373046875,13500,0.0,0.0
2011-04-19 00:00:00+09:00,207.89003418391138,209.32375855759352,206.45630981022924,207.1731719970703,19400,0.0,0.0
2011-04-20 00:00:00+09:00,207.8900119901119,207.8900119901119,205.02256354886896,205.7394256591797,20700,0.0,0.0
2011-04-21 00:00:00+09:00,207.89007813780458,207.89007813780458,205.0226287841797,205.0226287841797,31900,0.0,0.0
2011-04-22 00:00:00+09:00,207.17314987980117,207.17314987980117,204.30570143855823,205.7394256591797,17200,0.0,0.0
2011-04-25 00:00:00+09:00,207.89008458455402,207.89008458455402,205.73949750264484,206.45635986328125,29200,0.0,0.0
2011-04-26 00:00:00+09:00,205.73949112258592,206.45635346099215,204.3057664457735,205.0226287841797,12100,0.0,0.0
2011-04-27 00:00:00+09:00,207.17314987980117,207.8900119901119,204.30570143855823,205.7394256591797,15000,0.0,0.0
2011-04-28 00:00:00+09:00,206.45629299541383,210.0406036376953,206.45629299541383,210.0406036376953,9700,0.0,0.0
2011-05-02 00:00:00+09:00,212.9080394538673,212.9080394538673,211.4743152824608,212.19117736816406,17200,0.0,0.0
2011-05-06 00:00:00+09:00,207.8899993896484,211.4743097239527,205.022551122205,207.88999938964844,12700,0.0,0.0
2011-05-09 00:00:00+09:00,207.89001725232643,212.19119002306422,207.17315512387015,210.0406036376953,24600,0.0,0.0
2011-05-10 00:00:00+09:00,208.6068878173828,210.75747428972699,207.89002565993476,208.6068878173828,24500,0.0,0.0
2011-05-11 00:00:00+09:00,211.47433552520954,217.92609491411426,210.04061121656406,216.49237060546875,44800,0.0,0.0
2011-05-12 00:00:00+09:00,210.7574920654297,215.05866537288745,209.32376762961044,210.7574920654297,41200,0.0,0.0
2011-05-13 00:00:00+09:00,210.0406716664632,210.0406716664632,205.02263514200845,206.45635986328125,27800,0.0,0.0
2011-05-16 00:00:00+09:00,205.02256354886896,208.60687410042263,205.02256354886896,205.7394256591797,15900,0.0,0.0
2011-05-17 00:00:00+09:00,204.3057140833895,206.45630054742517,202.1551276193538,203.58885192871094,17400,0.0,0.0
2011-05-18 00:00:00+09:00,206.4563116776316,206.4563116776316,201.43827632435583,204.30572509765625,12700,0.0,0.0
2011-05-19 00:00:00+09:00,204.3057664457735,205.73949112258592,202.87204176896103,205.0226287841797,11500,0.0,0.0
2011-05-20 00:00:00+09:00,205.73944948430648,207.1731738709567,202.87200071100605,204.30572509765625,7900,0.0,0.0
2011-05-23 00:00:00+09:00,204.30572509765625,207.89003606428182,204.30572509765625,204.30572509765625,9600,0.0,0.0
2011-05-24 00:00:00+09:00,202.87199887602387,207.89003418391138,202.87199887602387,207.1731719970703,10700,0.0,0.0
2011-05-25 00:00:00+09:00,207.8900492783134,207.8900492783134,202.1551513671875,202.1551513671875,22500,0.0,0.0
2011-05-26 00:00:00+09:00,201.43826546467525,204.3057140833895,201.43826546467525,203.58885192871094,7300,0.0,0.0
2011-05-27 00:00:00+09:00,203.58886290433117,204.30572509765625,202.15513851768094,204.30572509765625,2700,0.0,0.0
2011-05-30 00:00:00+09:00,203.5888393282475,205.7394256591797,202.87197721793677,205.7394256591797,5100,0.0,0.0
2011-05-31 00:00:00+09:00,204.305723249706,207.1731719970703,203.58886106286494,207.1731719970703,6600,0.0,0.0
2011-06-01 00:00:00+09:00,206.45630981022924,207.1731719970703,205.73944762338814,207.1731719970703,7600,0.0,0.0
2011-06-02 00:00:00+09:00,205.02263514200845,206.45635986328125,203.58891042073566,206.45635986328125,6100,0.0,0.0
2011-06-03 00:00:00+09:00,207.1731738709567,207.1731738709567,204.30572509765625,204.30572509765625,16800,0.0,0.0
2011-06-06 00:00:00+09:00,202.87201360607824,204.30573808385972,199.28770241162457,202.1551513671875,20800,0.0,0.0
2011-06-07 00:00:00+09:00,203.58886290433117,205.73944948430648,203.58886290433117,204.30572509765625,9100,0.0,0.0
2011-06-08 00:00:00+09:00,205.73949750264484,206.45635986328125,204.30577278137207,206.45635986328125,7200,0.0,0.0
2011-06-09 00:00:00+09:00,208.60694694519043,210.0406716664632,205.02263514200845,206.45635986328125,4200,0.0,0.0
2011-06-10 00:00:00+09:00,207.1731719970703,209.32375855759352,206.45630981022924,207.1731719970703,3400,0.0,0.0
2011-06-13 00:00:00+09:00,206.45628776949042,207.8900119901119,205.7394256591797,205.7394256591797,15200,0.0,0.0
2011-06-14 00:00:00+09:00,205.02258543654708,207.1731719970703,204.305723249706,207.1731719970703,8500,0.0,0.0
2011-06-15 00:00:00+09:00,206.45629299541383,212.19119002306422,206.45629299541383,210.0406036376953,34600,0.0,0.0
2011-06-16 00:00:00+09:00,209.32374997483086,210.0406121322789,205.73943918759062,208.6068878173828,18100,0.0,0.0
2011-06-17 00:00:00+09:00,207.17318097588156,210.7574920654297,205.73945654006232,210.7574920654297,30500,0.0,0.0
2011-06-20 00:00:00+09:00,209.3238093058268,209.3238093058268,206.45635986328125,206.45635986328125,8200,0.0,0.0
2011-06-21 00:00:00+09:00,208.60686145650928,209.32372352337015,206.4562752559267,207.88999938964844,12200,0.0,0.0
2011-06-22 00:00:00+09:00,222.22724626649102,228.67900502906656,218.64293584283794,227.96214294433594,112600,0.0,0.0
2011-06-23 00:00:00+09:00,226.52840772562598,229.39585592468455,223.66095952656744,227.24526977539062,27400,0.0,0.0
2011-06-24 00:00:00+09:00,229.39586984034267,230.11273193359375,226.5284214673384,230.11273193359375,35000,0.0,0.0
2011-06-27 00:00:00+09:00,227.24528085960534,229.39586711379718,225.09469460541348,227.96214294433594,8400,0.0,0.0
2011-06-28 00:00:00+09:00,227.9621598553506,227.9621598553506,220.7935384762515,225.09471130371094,24300,0.0,0.0
2011-06-29 00:00:00+09:00,225.811595433875,226.52845764160156,222.22728439524207,226.52845764160156,29000,0.0,0.0
2011-06-30 00:00:00+09:00,225.0947055158944,228.67901611328125,224.377843396417,228.67901611328125,8600,0.0,0.0
2011-07-01 00:00:00+09:00,230.1127291985278,231.54645336798902,227.96214294433594,227.96214294433594,38700,0.0,0.0
2011-07-04 00:00:00+09:00,229.39585876464844,231.546444940567,227.96213464736937,229.39585876464844,34800,0.0,0.0
2011-07-05 00:00:00+09:00,229.39585876464844,232.26330699920655,228.67899670600892,229.39585876464844,24600,0.0,0.0
2011-07-06 00:00:00+09:00,229.39585876464844,229.39585876464844,227.24527258872985,229.39585876464844,42600,0.0,0.0
2011-07-07 00:00:00+09:00,229.39586711379718,229.39586711379718,227.96214294433594,227.96214294433594,10800,0.0,0.0
2011-07-08 00:00:00+09:00,228.67901611328125,229.3958782327586,227.2452918743265,228.67901611328125,15100,0.0,0.0
2011-07-11 00:00:00+09:00,227.96213182515527,227.96213182515527,225.81154567586134,227.24526977539062,4200,0.0,0.0
2011-07-12 00:00:00+09:00,227.24531984932815,227.24531984932815,225.811595433875,226.52845764160156,30400,0.0,0.0
2011-07-13 00:00:00+09:00,226.52841877487472,228.67900502906656,225.8115566901441,227.96214294433594,31300,0.0,0.0
2011-07-14 00:00:00+09:00,227.24531984932815,228.67904426478134,223.66100881069522,226.52845764160156,47600,0.0,0.0
2011-07-15 00:00:00+09:00,225.8115553779234,226.52841745848826,220.79352081396956,222.94410705566406,37800,0.0,0.0
2011-07-19 00:00:00+09:00,222.94412909072048,226.528439847806,222.22726693930338,224.3778533935547,22800,0.0,0.0
2011-07-20 00:00:00+09:00,225.81163024902347,226.52849256727433,222.2273186577691,225.81163024902344,22600,0.0,0.0
2011-07-21 00:00:00+09:00,225.811595433875,226.52845764160156,223.66100881069522,226.52845764160156,17800,0.0,0.0
2011-07-22 00:00:00+09:00,225.81154567586134,228.6789938749199,222.22723542703815,227.24526977539062,25200,0.0,0.0
2011-07-25 00:00:00+09:00,227.24528085960534,228.67900502906656,225.8115566901441,227.96214294433594,37800,0.0,0.0
2011-07-26 00:00:00+09:00,227.24531984932815,227.24531984932815,224.3778710184218,226.52845764160156,14900,0.0,0.0
2011-07-27 00:00:00+09:00,226.52840772562598,227.24526977539062,224.37782157633205,227.24526977539062,10100,0.0,0.0
2011-07-28 00:00:00+09:00,221.51048278808594,225.09479480731062,221.51048278808594,221.51048278808594,13300,0.0,0.0
2011-07-29 00:00:00+09:00,221.510395446381,223.6609818099381,220.7935333251953,220.7935333251953,17000,0.0,0.0
2011-08-01 00:00:00+09:00,217.20926775251118,222.94416591099332,213.62495640345983,215.77554321289062,51300,0.0,0.0
2011-08-02 00:00:00+09:00,212.19119860462308,212.19119860462308,207.17316350248672,208.6068878173828,42900,0.0,0.0
2011-08-03 00:00:00+09:00,205.73943839274662,207.17316270210372,202.8719897740324,203.58885192871094,43400,0.0,0.0
2011-08-04 00:00:00+09:00,205.02258543654708,210.0406207444346,204.305723249706,207.1731719970703,16500,0.0,0.0
2011-08-05 00:00:00+09:00,203.58891042073566,206.45635986328125,195.70342445373535,206.45635986328125,16900,0.0,0.0
2011-08-08 00:00:00+09:00,200.72140502929688,204.30571583339147,197.8539563860212,200.72140502929688,24100,0.0,0.0
2011-08-09 00:00:00+09:00,187.10103556315104,195.70338202582465,187.10103556315104,193.55279541015625,65100,0.0,0.0
2011-08-10 00:00:00+09:00,199.28768070765904,200.72140502929688,196.42023206438336,200.72140502929688,23400,0.0,0.0
2011-08-11 00:00:00+09:00,197.85396240234374,200.0045489501953,194.986513671875,197.13710021972656,7200,0.0,0.0
2011-08-12 00:00:00+09:00,198.57079931510302,201.43824768066406,197.13707513232248,201.43824768066406,23900,0.0,0.0
2011-08-15 00:00:00+09:00,201.43824768066406,204.3056960462251,200.7213855892738,201.43824768066406,6200,0.0,0.0
2011-08-16 00:00:00+09:00,200.7214033099967,204.3057140833895,200.7214033099967,203.58885192871094,18600,0.0,0.0
2011-08-17 00:00:00+09:00,202.1551276193538,205.73943839274662,201.43826546467525,203.58885192871094,22100,0.0,0.0
2011-08-18 00:00:00+09:00,205.7394117483402,205.7394117483402,202.87196350097656,202.87196350097656,1800,0.0,0.0
2011-08-19 00:00:00+09:00,200.72144432891187,200.72144432891187,196.42027052186378,199.2877197265625,13300,0.0,0.0
2011-08-22 00:00:00+09:00,197.85395992503447,197.85395992503447,194.98651123046875,194.98651123046875,7300,0.0,0.0
2011-08-23 00:00:00+09:00,194.26964062321795,196.42022705078125,194.26964062321795,196.42022705078125,3600,0.0,0.0
2011-08-24 00:00:00+09:00,196.4202355777516,197.85395992503447,194.98651123046875,194.98651123046875,30100,0.0,0.0
2011-08-25 00:00:00+09:00,197.13707808609848,197.13707808609848,195.70335388183594,195.70335388183594,11600,0.0,0.0
2011-08-26 00:00:00+09:00,195.70339750985374,198.5708465576172,194.26967298597205,198.5708465576172,16000,0.0,0.0
2011-08-29 00:00:00+09:00,195.70336490826017,198.57081347834455,195.70336490826017,196.42022705078125,10600,0.0,0.0
2011-08-30 00:00:00+09:00,197.13707808609848,199.28766439249227,195.70335388183594,195.70335388183594,11400,0.0,0.0
2011-08-31 00:00:00+09:00,196.42023803710936,199.28768676757812,196.42023803710936,197.13710021972656,3300,0.0,0.0
2011-09-01 00:00:00+09:00,198.57085742538783,199.2877197265625,197.13713282303846,199.2877197265625,10700,0.0,0.0
2011-09-02 00:00:00+09:00,199.2877197265625,200.0045820277372,197.13713282303846,199.2877197265625,6300,0.0,0.0
2011-09-05 00:00:00+09:00,197.85395992503447,197.85395992503447,194.98651123046875,194.98651123046875,5400,0.0,0.0
2011-09-06 00:00:00+09:00,194.98651305241373,194.98651305241373,191.40220215071494,192.1190643310547,12700,0.0,0.0
2011-09-07 00:00:00+09:00,195.70336232766013,195.70336232766013,192.83591379538672,194.26963806152344,8100,0.0,0.0
2011-09-08 00:00:00+09:00,194.98651123046875,194.98651123046875,192.83592470954446,194.98651123046875,11200,0.0,0.0
2011-09-09 00:00:00+09:00,194.26964905682732,194.98651123046875,193.5527868831859,194.98651123046875,9400,0.0,0.0
2011-09-12 00:00:00+09:00,192.8359594634085,192.8359594634085,188.5347856463808,189.25164794921875,8700,0.0,0.0
2011-09-13 00:00:00+09:00,191.40223693847656,192.83596155973856,190.68537462784556,191.40223693847656,5000,0.0,0.0
2011-09-14 00:00:00+09:00,192.83591971720074,192.83591971720074,189.96847109687062,190.68533325195312,10200,0.0,0.0
2011-09-15 00:00:00+09:00,192.11909924910756,192.83596155973856,189.96851231721456,191.40223693847656,19500,0.0,0.0
2011-09-16 00:00:00+09:00,191.40219205313355,196.42022705078125,191.40219205313355,196.42022705078125,8900,0.0,0.0
2011-09-20 00:00:00+09:00,196.42020626820116,200.0045166015625,194.98648213485663,200.0045166015625,10500,0.0,0.0
2011-09-21 00:00:00+09:00,200.72142688940605,202.1551513671875,198.57084017273382,202.1551513671875,5900,0.0,0.0
2011-09-22 00:00:00+09:00,203.58890257019928,203.58890257019928,197.85400390625,197.85400390625,12400,0.0,0.0
2011-09-26 00:00:00+09:00,197.85396240234374,197.85396240234374,194.986513671875,197.13710021972656,6300,0.0,0.0
2011-09-27 00:00:00+09:00,197.85400390625,200.72145323822463,197.85400390625,197.85400390625,3300,0.0,0.0
2011-09-28 00:00:00+09:00,201.49096640273655,201.49096640273655,195.6717327160149,197.1265411376953,4300,4.0,0.0
2011-09-29 00:00:00+09:00,195.67178344726562,196.39918784669786,194.94437904783342,195.67178344726562,900,0.0,0.0
2011-09-30 00:00:00+09:00,198.58134955937572,198.58134955937572,197.1265411376953,197.1265411376953,3800,0.0,0.0
2011-10-03 00:00:00+09:00,195.67171195383824,197.8539243548104,194.21690368652347,194.21690368652344,5400,0.0,0.0
2011-10-04 00:00:00+09:00,192.76216125488278,192.76216125488278,187.6703305802255,192.7621612548828,18000,0.0,0.0
2011-10-05 00:00:00+09:00,192.0347369025735,192.0347369025735,185.48809814453125,185.48809814453125,20600,0.0,0.0
2011-10-06 00:00:00+09:00,187.6703108864269,190.5799281094723,186.94290658066558,189.85252380371094,9700,0.0,0.0
2011-10-07 00:00:00+09:00,184.0332819620768,188.3977076212565,184.0332819620768,187.67030334472656,16100,0.0,0.0
2011-10-11 00:00:00+09:00,183.30586521727565,186.94288635253906,183.30586521727565,186.94288635253906,13100,0.0,0.0
2011-10-12 00:00:00+09:00,186.9428990681966,187.67030334472656,185.48809051513672,187.67030334472656,4500,0.0,0.0
2011-10-13 00:00:00+09:00,191.30733501727764,191.30733501727764,189.1251220703125,189.1251220703125,5800,0.0,0.0
2011-10-14 00:00:00+09:00,192.03473933293267,192.03473933293267,187.6703134390024,189.1251220703125,5200,0.0,0.0
2011-10-17 00:00:00+09:00,188.39771519218826,189.85252380371094,188.39771519218826,189.85252380371094,7900,0.0,0.0
2011-10-18 00:00:00+09:00,188.39768981933594,188.39768981933594,186.21547719594594,188.39768981933594,7900,0.0,0.0
2011-10-19 00:00:00+09:00,189.1251194979496,190.5799281094723,188.39771519218826,189.85252380371094,12600,0.0,0.0
2011-10-20 00:00:00+09:00,186.94288635253906,188.3976948066444,186.94288635253906,186.94288635253906,6000,0.0,0.0
2011-10-21 00:00:00+09:00,187.67029057959175,187.67029057959175,186.21548212548637,186.94288635253906,4100,0.0,0.0
2011-10-24 00:00:00+09:00,188.39768007227678,191.3072967529297,188.39768007227678,191.3072967529297,1500,0.0,0.0
2011-10-25 00:00:00+09:00,194.21691591685055,194.21691591685055,190.57989501953125,190.57989501953125,8700,0.0,0.0
2011-10-26 00:00:00+09:00,192.03470337845897,192.03470337845897,190.57989501953125,190.57989501953125,7500,0.0,0.0
2011-10-27 00:00:00+09:00,191.30730461177967,193.48951721191406,191.30730461177967,193.48951721191406,600,0.0,0.0
2011-10-28 00:00:00+09:00,194.2169194483495,200.03615298987307,192.03470687027814,198.5813446044922,10600,0.0,0.0
2011-10-31 00:00:00+09:00,189.8524908400674,194.9443200963144,189.8524908400674,190.57989501953125,26800,0.0,0.0
2011-11-01 00:00:00+09:00,190.57991003990173,190.57991003990173,185.4880803823471,186.21548461914062,9500,0.0,0.0
2011-11-02 00:00:00+09:00,188.39767131655236,188.39767131655236,184.76065063476562,184.76065063476562,3700,0.0,0.0
2011-11-04 00:00:00+09:00,185.4880879519014,185.4880879519014,182.57847088598922,184.0332794189453,11900,0.0,0.0
2011-11-07 00:00:00+09:00,184.03326850156904,184.7606727248954,171.6673967050209,173.849609375,30800,0.0,0.0
2011-11-08 00:00:00+09:00,175.30444905686275,175.30444905686275,169.48521423339844,169.48521423339844,29700,0.0,0.0
2011-11-09 00:00:00+09:00,168.75781514221455,170.94002826905353,168.03041076660156,168.03041076660156,13500,0.0,0.0
2011-11-10 00:00:00+09:00,167.3030043070295,168.0304086735818,163.665982474268,164.3933868408203,12200,0.0,0.0
2011-11-11 00:00:00+09:00,167.30299899452612,168.03040333798057,164.39338162070828,165.8481903076172,3300,0.0,0.0
2011-11-14 00:00:00+09:00,169.48521951782755,170.21262389344054,168.03041076660156,168.03041076660156,2400,0.0,0.0
2011-11-15 00:00:00+09:00,165.12078857421875,167.30300163907629,164.39338421926627,165.12078857421875,7600,0.0,0.0
2011-11-16 00:00:00+09:00,165.1207630750868,167.3029758029514,162.93855034722222,163.66595458984375,9900,0.0,0.0
2011-11-17 00:00:00+09:00,162.93855034722222,165.84816731770835,161.48374186197918,163.66595458984375,13200,0.0,0.0
2011-11-18 00:00:00+09:00,163.66595181551847,165.84816450639204,159.3015264337713,160.0289306640625,20400,0.0,0.0
2011-11-21 00:00:00+09:00,160.02895110244052,160.75635542563342,157.84673813286176,158.5741424560547,7600,0.0,0.0
2011-11-22 00:00:00+09:00,161.48373912464487,161.48373912464487,158.5741222034801,160.0289306640625,5600,0.0,0.0
2011-11-24 00:00:00+09:00,158.5741222034801,160.0289306640625,156.39190951260653,160.0289306640625,9800,0.0,0.0
2011-11-25 00:00:00+09:00,161.48372128862061,162.21112543856935,158.57410468882563,160.75631713867188,17900,0.0,0.0
2011-11-28 00:00:00+09:00,160.7563299230627,162.9385425464527,160.7563299230627,161.48373413085938,8600,0.0,0.0
2011-11-29 00:00:00+09:00,163.66594231646994,168.75777163298233,163.66594231646994,167.30296325683594,13800,0.0,0.0
2011-11-30 00:00:00+09:00,166.57555906876274,168.75777163298233,163.66594231646994,167.30296325683594,11400,0.0,0.0
2011-12-01 00:00:00+09:00,168.75779724121094,170.94001013657143,168.03039294275743,168.75779724121094,19700,0.0,0.0
2011-12-02 00:00:00+09:00,175.3043894407128,175.3043894407128,164.39332785726597,173.12217712402344,18800,0.0,0.0
2011-12-05 00:00:00+09:00,171.66740185144997,185.48808250898196,171.66740185144997,176.7592315673828,13000,0.0,0.0
2011-12-06 00:00:00+09:00,181.85105111434873,184.7606679321783,179.66883850097656,179.66883850097656,19200,0.0,0.0
2011-12-07 00:00:00+09:00,179.66883850097656,181.85105111434873,179.66883850097656,179.66883850097656,3800,0.0,0.0
2011-12-08 00:00:00+09:00,182.5784382256936,186.21545890748033,182.5784382256936,184.76065063476562,3800,0.0,0.0
2011-12-09 00:00:00+09:00,183.30583428006724,183.30583428006724,178.94140965435136,182.57843017578125,6500,0.0,0.0
2011-12-12 00:00:00+09:00,181.12364690989133,181.12364690989133,176.0318174786896,179.66883850097656,5100,0.0,0.0
2011-12-13 00:00:00+09:00,181.85104370117188,181.85104370117188,178.94142700195314,181.85104370117188,4800,0.0,0.0
2011-12-14 00:00:00+09:00,182.57848109969174,183.30588540686182,178.9414595638413,181.12367248535156,2000,0.0,0.0
2011-12-15 00:00:00+09:00,178.94140965435136,182.57843017578125,178.94140965435136,182.57843017578125,5100,0.0,0.0
2011-12-16 00:00:00+09:00,179.66886643440495,182.57848370459772,179.66886643440495,180.39627075195312,4100,0.0,0.0
2011-12-19 00:00:00+09:00,181.1236395263672,184.03325622558594,180.39623535156252,181.85104370117188,16100,0.0,0.0
2011-12-20 00:00:00+09:00,181.85105399479943,183.3058624267578,181.12364977882024,183.3058624267578,4500,0.0,0.0
2011-12-21 00:00:00+09:00,184.03326944432834,186.94288635253906,183.30586521727565,186.94288635253906,18000,0.0,0.0
2011-12-22 00:00:00+09:00,191.3072967529297,192.76210509325617,189.85248841260324,191.3072967529297,34100,0.0,0.0
2011-12-26 00:00:00+09:00,192.76210509325617,193.4895092634194,190.57989258276646,191.3072967529297,12100,0.0,0.0
2011-12-27 00:00:00+09:00,192.76211301186927,193.48951721191406,189.8524962116901,193.48951721191406,6600,0.0,0.0
2011-12-28 00:00:00+09:00,189.1251220703125,192.76214364858774,187.6703134390024,189.1251220703125,3400,0.0,0.0
2011-12-29 00:00:00+09:00,191.30733501727764,191.30733501727764,189.1251220703125,189.1251220703125,4900,0.0,0.0
2011-12-30 00:00:00+09:00,189.85248841260324,191.3072967529297,189.12508424244,191.3072967529297,12600,0.0,0.0
2012-01-04 00:00:00+09:00,191.30732472737628,197.12655893961588,191.30732472737628,196.39915466308594,6800,0.0,0.0
2012-01-05 00:00:00+09:00,195.67175038655597,196.39915466308594,194.2169418334961,196.39915466308594,4700,0.0,0.0
2012-01-06 00:00:00+09:00,195.6717554917976,197.85396837832323,192.0347340142549,194.94435119628906,15000,0.0,0.0
2012-01-10 00:00:00+09:00,194.2169667973238,197.85398864746094,194.2169667973238,197.85398864746094,7800,0.0,0.0
2012-01-11 00:00:00+09:00,197.85394041180172,198.5813446044922,197.85394041180172,198.5813446044922,8800,0.0,0.0
2012-01-12 00:00:00+09:00,198.5813446044922,198.5813446044922,197.12653621911127,198.5813446044922,6200,0.0,0.0
2012-01-13 00:00:00+09:00,198.58136749267578,198.58136749267578,196.39915466308594,196.39915466308594,4100,0.0,0.0
2012-01-16 00:00:00+09:00,196.39915466308594,197.85396321614581,192.03472900390625,196.39915466308594,8700,0.0,0.0
2012-01-17 00:00:00+09:00,197.85394041180172,200.03615298987307,197.85394041180172,198.5813446044922,10200,0.0,0.0
2012-01-18 00:00:00+09:00,198.58135735727575,199.3087615966797,198.58135735727575,199.3087615966797,5100,0.0,0.0
2012-01-19 00:00:00+09:00,200.03615298987307,200.03615298987307,198.5813446044922,198.5813446044922,2800,0.0,0.0
2012-01-20 00:00:00+09:00,198.58138258560845,200.7635955810547,198.58138258560845,200.7635955810547,9000,0.0,0.0
2012-01-23 00:00:00+09:00,203.67322304265963,204.40062741066913,201.49100993863115,202.21841430664062,18100,0.0,0.0
2012-01-24 00:00:00+09:00,202.2183888753255,205.1280059814453,202.2183888753255,205.1280059814453,5100,0.0,0.0
2012-01-25 00:00:00+09:00,206.5828145345052,206.5828145345052,203.6731974283854,205.1280059814453,8100,0.0,0.0
2012-01-26 00:00:00+09:00,205.12798333418996,207.31019592285156,203.6731749417489,207.31019592285156,14400,0.0,0.0
2012-01-27 00:00:00+09:00,202.94579315185547,208.0376230875651,202.94579315185547,205.1280059814453,6500,0.0,0.0
2012-01-30 00:00:00+09:00,207.31019592285156,207.31019592285156,203.6731749417489,207.31019592285156,8100,0.0,0.0
2012-01-31 00:00:00+09:00,207.310216249931,207.310216249931,203.67319491221292,205.85540771484375,18100,0.0,0.0
2012-02-01 00:00:00+09:00,202.21837855429547,202.21837855429547,197.12654887846787,199.3087615966797,19200,0.0,0.0
2012-02-02 00:00:00+09:00,197.8539531178718,199.3087615966797,195.67174039966,199.3087615966797,15400,0.0,0.0
2012-02-03 00:00:00+09:00,199.3087615966797,200.03616583608363,197.8539531178718,199.3087615966797,6900,0.0,0.0
2012-02-06 00:00:00+09:00,201.49095943995886,204.40057618277416,201.49095943995886,203.6731719970703,10600,0.0,0.0
2012-02-07 00:00:00+09:00,202.9457678113665,203.6731719970703,200.76355525425504,203.6731719970703,13900,0.0,0.0
2012-02-08 00:00:00+09:00,202.21839647737457,202.94580078125,197.85397065412187,202.94580078125,18200,0.0,0.0
2012-02-09 00:00:00+09:00,202.94579562409828,211.6746470487907,202.94579562409828,208.76502990722656,43500,0.0,0.0
2012-02-10 00:00:00+09:00,211.67462446882917,215.3116455078125,208.76500763764253,215.3116455078125,22400,0.0,0.0
2012-02-13 00:00:00+09:00,215.3116400731753,215.3116400731753,212.4020233154297,212.4020233154297,13300,0.0,0.0
2012-02-14 00:00:00+09:00,211.67464447021484,213.12945302327472,209.492431640625,209.492431640625,7600,0.0,0.0
2012-02-15 00:00:00+09:00,209.49239628232758,211.67460874360182,209.49239628232758,210.94720458984375,4500,0.0,0.0
2012-02-16 00:00:00+09:00,211.67461486816407,219.67606079101563,211.67461486816407,218.22125244140625,25800,0.0,0.0
2012-02-17 00:00:00+09:00,221.85829162597656,221.85829162597656,219.67607892145875,221.85829162597656,21100,0.0,0.0
2012-02-20 00:00:00+09:00,222.58569837871352,224.7679111079166,220.40348564951046,221.13088989257812,18500,0.0,0.0
2012-02-21 00:00:00+09:00,222.58569837871352,222.58569837871352,220.40348564951046,221.13088989257812,7700,0.0,0.0
2012-02-22 00:00:00+09:00,223.3131230341924,225.49533596286528,220.40350579596188,224.04052734375,22700,0.0,0.0
2012-02-23 00:00:00+09:00,224.04053195017687,231.3145751953125,224.04053195017687,231.3145751953125,49400,0.0,0.0
2012-02-24 00:00:00+09:00,231.31451084514777,231.31451084514777,225.49527786791134,227.677490234375,38900,0.0,0.0
2012-02-27 00:00:00+09:00,226.22273249581033,234.22417962588722,226.22273249581033,230.587158203125,37700,0.0,0.0
2012-02-28 00:00:00+09:00,230.58717087079893,232.76938384433961,226.95014924823113,231.3145751953125,25900,0.0,0.0
2012-02-29 00:00:00+09:00,232.76936330613057,235.6789803474572,228.40493774414062,228.40493774414062,41300,0.0,0.0
2012-03-01 00:00:00+09:00,225.49533596286528,227.67754889153815,223.3131230341924,224.04052734375,12400,0.0,0.0
2012-03-02 00:00:00+09:00,219.67607075459247,221.1308791701858,215.3116455078125,215.3116455078125,35000,0.0,0.0
2012-03-05 00:00:00+09:00,218.22122427133414,220.40343651404746,217.4938201904297,217.4938201904297,7400,0.0,0.0
2012-03-06 00:00:00+09:00,220.40348564951046,221.13088989257812,215.31165594803662,221.13088989257812,10200,0.0,0.0
2012-03-07 00:00:00+09:00,218.22129563239722,220.4035085887212,210.94725244465064,218.94869995117188,16900,0.0,0.0
2012-03-08 00:00:00+09:00,221.13091290749585,221.13091290749585,217.49389131362256,218.94869995117188,7700,0.0,0.0
2012-03-09 00:00:00+09:00,218.94866449840785,221.13087710138203,218.22126029741648,220.40347290039062,15400,0.0,0.0
2012-03-12 00:00:00+09:00,218.94867716337507,222.58569837871352,216.76646443417198,221.13088989257812,29900,0.0,0.0
2012-03-13 00:00:00+09:00,222.58571872463475,226.2227402724229,221.85831441507713,224.04052734375,18300,0.0,0.0
2012-03-14 00:00:00+09:00,225.49534568303747,233.49679343308074,224.04053700121142,229.85977172851562,35600,0.0,0.0
2012-03-15 00:00:00+09:00,232.76930236816406,234.22411050796507,229.859686088562,232.76930236816406,45800,0.0,0.0
2012-03-16 00:00:00+09:00,233.49675764860928,237.8611830252188,232.76935341917437,235.67897033691406,43700,0.0,0.0
2012-03-19 00:00:00+09:00,236.40639983027816,246.59006013065937,236.40639983027816,241.49822998046875,92200,0.0,0.0
2012-03-21 00:00:00+09:00,247.31740438686037,247.31740438686037,240.77076721191406,240.77076721191406,56800,0.0,0.0
2012-03-22 00:00:00+09:00,242.2256215715267,245.13523864746094,241.4982173025431,245.13523864746094,9400,0.0,0.0
2012-03-23 00:00:00+09:00,242.22567572244782,242.22567572244782,236.4064402696563,238.58865356445312,26600,0.0,0.0
2012-03-26 00:00:00+09:00,240.04342155222514,240.04342155222514,237.13380432128906,237.13380432128906,6400,0.0,0.0
2012-03-27 00:00:00+09:00,237.13380432128906,237.13380432128906,235.67899570582102,237.13380432128906,18200,0.0,0.0
2012-03-28 00:00:00+09:00,218.66542220577116,229.74644022295553,218.66542220577116,229.00770568847656,46800,5.0,0.0
2012-03-29 00:00:00+09:00,225.31403301608177,232.70137836087133,221.620360343687,229.00770568847656,43100,0.0,0.0
2012-03-30 00:00:00+09:00,225.31403301608177,229.00770568847656,225.31403301608177,229.00770568847656,18300,0.0,0.0
2012-04-02 00:00:00+09:00,229.74644104388986,238.61125548931327,229.74644104388986,234.17884826660156,28400,0.0,0.0
2012-04-03 00:00:00+09:00,234.91756920298195,240.08871066342496,231.96263122558597,231.96263122558594,19800,0.0,0.0
2012-04-04 00:00:00+09:00,234.17884742982926,234.17884742982926,226.7915020850397,229.00770568847656,33000,0.0,0.0
2012-04-05 00:00:00+09:00,227.53023844666123,231.2239111487174,225.3140348254275,226.79150390625,9700,0.0,0.0
2012-04-06 00:00:00+09:00,226.79152117277445,226.79152117277445,224.5753173828125,224.5753173828125,4600,0.0,0.0
2012-04-09 00:00:00+09:00,223.83658686900299,223.83658686900299,219.40417920823066,220.14291381835938,13500,0.0,0.0
2012-04-10 00:00:00+09:00,222.35908783459274,225.31402587890625,221.62035332351437,225.31402587890625,6300,0.0,0.0
2012-04-11 00:00:00+09:00,220.14291350374518,220.14291350374518,214.2330366311614,214.97177124023438,32700,0.0,0.0
2012-04-12 00:00:00+09:00,214.97173619763603,216.44920517493938,214.23300170898438,214.23300170898438,8600,0.0,0.0
2012-04-13 00:00:00+09:00,217.92667415224273,217.92667415224273,214.23300170898438,214.23300170898438,2100,0.0,0.0
2012-04-16 00:00:00+09:00,213.4942672203327,214.23300170898438,213.4942672203327,214.23300170898438,3300,0.0,0.0
2012-04-17 00:00:00+09:00,214.23300170898438,214.23300170898438,214.23300170898438,214.23300170898438,1200,0.0,0.0
2012-04-18 00:00:00+09:00,212.0167921405949,221.62034021664974,212.0167921405949,215.71046447753906,21900,0.0,0.0
2012-04-19 00:00:00+09:00,217.92666787970558,217.92666787970558,214.2329955427614,215.71046447753906,4900,0.0,0.0
2012-04-20 00:00:00+09:00,216.44920517493938,216.44920517493938,210.53932926572602,214.23300170898438,6300,0.0,0.0
2012-04-23 00:00:00+09:00,214.23299259609647,214.23299259609647,212.75552368164062,212.75552368164062,1400,0.0,0.0
2012-04-24 00:00:00+09:00,214.23303134199503,214.23303134199503,197.98087034363678,203.8907470703125,70300,0.0,0.0
2012-04-25 00:00:00+09:00,203.1520036015197,206.84567639427462,201.67453448441776,202.41326904296875,21800,0.0,0.0
2012-04-26 00:00:00+09:00,203.1520036015197,204.62947271862168,202.41326904296875,202.41326904296875,14400,0.0,0.0
2012-04-27 00:00:00+09:00,203.89073365599242,203.89073365599242,193.54845006474645,201.67453002929688,54800,0.0,0.0
2012-05-01 00:00:00+09:00,200.93578080442015,200.93578080442015,193.54843592190468,194.28717041015625,25000,0.0,0.0
2012-05-02 00:00:00+09:00,194.28717041015625,195.0259048984078,193.54843592190468,194.28717041015625,28900,0.0,0.0
2012-05-07 00:00:00+09:00,193.54843304608318,194.2871675233583,191.3322296142578,191.3322296142578,8000,0.0,0.0
2012-05-08 00:00:00+09:00,193.54844665527344,195.02591571371065,193.54844665527344,193.54844665527344,14000,0.0,0.0
2012-05-09 00:00:00+09:00,193.54843304608318,194.2871675233583,190.59349513698268,191.3322296142578,5300,0.0,0.0
2012-05-10 00:00:00+09:00,189.85477763414383,190.59351217746735,188.3773085474968,189.1160430908203,20100,0.0,0.0
2012-05-11 00:00:00+09:00,187.63856225585937,190.5935002441406,183.9448897705078,184.68362426757812,27000,0.0,0.0
2012-05-14 00:00:00+09:00,206.84567182491986,230.48517717633928,200.19706094483314,201.67453002929688,94100,0.0,0.0
2012-05-15 00:00:00+09:00,199.45834109657687,206.1069524664628,192.809729726691,196.50340270996094,39700,0.0,0.0
2012-05-16 00:00:00+09:00,196.50341581323332,206.10696621012065,195.7646811673189,198.71961975097656,13400,0.0,0.0
2012-05-17 00:00:00+09:00,199.4583264026013,202.4132645715287,197.24212277590573,201.67453002929688,9100,0.0,0.0
2012-05-18 00:00:00+09:00,195.76465665377103,195.76465665377103,190.59351477989782,192.07098388671875,39000,0.0,0.0
2012-05-21 00:00:00+09:00,193.54844487028302,197.98085200471698,193.54844487028302,195.7646484375,76300,0.0,0.0
2012-05-22 00:00:00+09:00,200.1970653673158,205.36820727717267,198.71959625021384,202.41326904296875,8300,0.0,0.0
2012-05-23 00:00:00+09:00,203.89070900779808,206.10691236657848,200.19703674316406,200.19703674316406,3600,0.0,0.0
2012-05-24 00:00:00+09:00,197.98085383058506,200.93579194745945,193.54844665527344,193.54844665527344,21700,0.0,0.0
2012-05-25 00:00:00+09:00,200.19705557193396,201.6745246167453,195.7646484375,195.7646484375,8600,0.0,0.0
2012-05-28 00:00:00+09:00,197.98085200471698,199.4583210495283,192.80971034787737,195.7646484375,6400,0.0,0.0
2012-05-29 00:00:00+09:00,196.50336150551556,197.24209594726562,195.02589262201545,197.24209594726562,1100,0.0,0.0
2012-05-30 00:00:00+09:00,202.41322787198152,203.15196228027344,199.45829023881393,203.15196228027344,7500,0.0,0.0
2012-05-31 00:00:00+09:00,201.6745476567788,205.36822069078576,200.9358130499774,204.62948608398438,4900,0.0,0.0
2012-06-01 00:00:00+09:00,201.6745408563053,202.41327543819654,200.19707169252285,200.93580627441406,8200,0.0,0.0
2012-06-04 00:00:00+09:00,195.76462706376552,199.4582992725158,195.76462706376552,197.24209594726562,20300,0.0,0.0
2012-06-05 00:00:00+09:00,194.28717939268867,197.24211748231133,194.28717939268867,195.7646484375,6900,0.0,0.0
2012-06-06 00:00:00+09:00,197.98085731813757,210.53934453607914,197.98085731813757,201.67453002929688,30900,0.0,0.0
2012-06-07 00:00:00+09:00,207.5844550334232,213.49433275679468,206.84572031800175,209.8006591796875,26200,0.0,0.0
2012-06-08 00:00:00+09:00,217.1879320646587,217.1879320646587,210.53932189941406,210.53932189941406,22700,0.0,0.0
2012-06-11 00:00:00+09:00,210.5393097557411,213.4942474365234,209.80057533554552,213.49424743652344,10500,0.0,0.0
2012-06-12 00:00:00+09:00,211.27806375437768,217.92667415224273,211.27806375437768,214.23300170898438,5600,0.0,0.0
2012-06-13 00:00:00+09:00,214.23301882860136,217.18795701934067,212.01681518554685,212.01681518554688,13100,0.0,0.0
2012-06-14 00:00:00+09:00,213.49425813886856,213.49425813886856,207.5843824810452,212.75552368164062,8300,0.0,0.0
2012-06-15 00:00:00+09:00,213.49426139669217,214.23299586519283,208.3231201171875,208.3231201171875,14500,0.0,0.0
2012-06-18 00:00:00+09:00,208.32315260364163,211.27809093844508,203.8907451014365,206.10694885253906,28000,0.0,0.0
2012-06-19 00:00:00+09:00,203.89074460197898,203.89074460197898,200.19707169252285,200.93580627441406,38000,0.0,0.0
2012-06-20 00:00:00+09:00,203.15200613557008,206.1069444066329,202.41327156780437,205.3682098388672,17900,0.0,0.0
2012-06-21 00:00:00+09:00,205.3681580679757,208.32309559413363,205.3681580679757,206.8456268310547,17500,0.0,0.0
2012-06-22 00:00:00+09:00,206.1069444066329,206.84567897439862,203.89074070333578,205.3682098388672,27300,0.0,0.0
2012-06-25 00:00:00+09:00,209.80062833159408,211.27809754519686,204.62948608398435,204.62948608398438,27600,0.0,0.0
2012-06-26 00:00:00+09:00,204.62943109685725,205.36816550514914,203.15196228027344,203.15196228027344,11400,0.0,0.0
2012-06-27 00:00:00+09:00,203.15200613557008,206.1069444066329,203.15200613557008,205.3682098388672,4300,0.0,0.0
2012-06-28 00:00:00+09:00,205.36821426883822,206.10694885253906,204.62947968513734,206.10694885253906,19000,0.0,0.0
2012-06-29 00:00:00+09:00,205.3682098388672,206.84567897439862,203.89074070333578,205.3682098388672,12600,0.0,0.0
2012-07-02 00:00:00+09:00,209.8005643572126,210.53929873875208,205.3681580679757,206.8456268310547,31900,0.0,0.0
2012-07-03 00:00:00+09:00,206.84564958538925,210.53932189941406,206.84564958538925,210.53932189941406,20100,0.0,0.0
2012-07-04 00:00:00+09:00,212.01679539180302,214.23299882795425,211.2780609130859,211.27806091308594,31800,0.0,0.0
2012-07-05 00:00:00+09:00,209.06185297380412,212.01679082502397,209.06185297380412,210.53932189941406,15200,0.0,0.0
2012-07-06 00:00:00+09:00,209.80058446049264,210.53931891281835,206.84564665118995,207.58438110351562,15600,0.0,0.0
2012-07-09 00:00:00+09:00,207.58442451118992,207.58442451118992,204.62948608398435,204.62948608398438,13300,0.0,0.0
2012-07-10 00:00:00+09:00,206.84563432173294,206.84563432173294,203.15196228027344,203.15196228027344,10800,0.0,0.0
2012-07-11 00:00:00+09:00,203.89073365599242,204.6294681982243,200.935795487065,201.67453002929688,26500,0.0,0.0
2012-07-12 00:00:00+09:00,200.93579734519676,203.1520009923864,199.4583282470703,199.4583282470703,22200,0.0,0.0
2012-07-13 00:00:00+09:00,200.1970537669623,200.1970537669623,197.98085021972656,197.98085021972656,15600,0.0,0.0
2012-07-17 00:00:00+09:00,200.93578080442015,200.93578080442015,194.28717041015625,194.28717041015625,33400,0.0,0.0
2012-07-18 00:00:00+09:00,196.50339575288854,198.71959946438727,192.80972290039062,192.80972290039062,9300,0.0,0.0
2012-07-19 00:00:00+09:00,193.54845299353966,196.50339120718147,192.07098388671875,192.07098388671875,52700,0.0,0.0
2012-07-20 00:00:00+09:00,192.8097184401292,193.54845299353966,188.37731111966644,192.07098388671875,44600,0.0,0.0
2012-07-23 00:00:00+09:00,189.85473912455646,189.85473912455646,185.42233276367188,185.42233276367188,75400,0.0,0.0
2012-07-24 00:00:00+09:00,188.3772945041439,194.28717041015625,185.4223565511377,194.28717041015625,80600,0.0,0.0
2012-07-25 00:00:00+09:00,193.5484614353554,193.5484614353554,184.68364640778188,188.3773193359375,89000,0.0,0.0
2012-07-26 00:00:00+09:00,195.76465665377103,196.50339120718147,192.07098388671875,192.07098388671875,35100,0.0,0.0
2012-07-27 00:00:00+09:00,195.0259048984078,195.76463938665933,191.33223245715007,194.28717041015625,34000,0.0,0.0
2012-07-30 00:00:00+09:00,194.28719204138977,196.50339575288854,191.33225375939145,192.80972290039062,17000,0.0,0.0
2012-07-31 00:00:00+09:00,195.7646484375,195.7646484375,192.80971034787737,195.7646484375,17000,0.0,0.0
2012-08-01 00:00:00+09:00,197.98088510506213,199.45835439689097,197.98088510506213,198.71961975097656,27900,0.0,0.0
2012-08-02 00:00:00+09:00,198.7195936980071,200.19706279613354,195.7646555017542,199.4583282470703,38800,0.0,0.0
2012-08-03 00:00:00+09:00,195.02592210036056,195.02592210036056,190.59351477989782,192.07098388671875,35800,0.0,0.0
2012-08-06 00:00:00+09:00,193.54844665527344,195.02591571371065,192.07097759683626,193.54844665527344,32200,0.0,0.0
2012-08-07 00:00:00+09:00,191.33224933330828,194.28718754695012,190.59351477989782,192.07098388671875,43800,0.0,0.0
2012-08-08 00:00:00+09:00,193.5484503507614,196.50338852405548,188.3773085474968,189.1160430908203,92400,0.0,0.0
2012-08-09 00:00:00+09:00,189.11603947996184,193.54844665527344,188.37730495074325,193.54844665527344,35100,0.0,0.0
2012-08-10 00:00:00+09:00,192.07097489704458,192.07097489704458,189.8547713405402,190.593505859375,19200,0.0,0.0
2012-08-13 00:00:00+09:00,189.8547713405402,192.07097489704458,189.11603682170542,190.593505859375,25700,0.0,0.0
2012-08-14 00:00:00+09:00,190.593505859375,191.33224037820978,189.8547713405402,190.593505859375,22800,0.0,0.0
2012-08-15 00:00:00+09:00,191.33224933330828,193.54845299353966,191.33224933330828,192.07098388671875,28800,0.0,0.0
2012-08-16 00:00:00+09:00,191.33226683645537,195.02593994140625,190.5935322154652,195.02593994140625,21300,0.0,0.0
2012-08-17 00:00:00+09:00,195.02593994140625,196.5034091833866,193.5484706994259,195.02593994140625,13900,0.0,0.0
2012-08-20 00:00:00+09:00,197.24215045914772,200.93582368871978,197.24215045914772,198.71961975097656,32400,0.0,0.0
2012-08-21 00:00:00+09:00,199.4583264026013,202.4132645715287,199.4583264026013,201.67453002929688,27000,0.0,0.0
2012-08-22 00:00:00+09:00,201.67455833463418,201.67455833463418,197.98088510506213,198.71961975097656,31200,0.0,0.0
2012-08-23 00:00:00+09:00,198.7196064999229,198.7196064999229,196.50340270996094,196.50340270996094,26700,0.0,0.0
2012-08-24 00:00:00+09:00,197.24214380437678,202.413286151308,195.02593994140625,195.02593994140625,68400,0.0,0.0
2012-08-27 00:00:00+09:00,196.50341581323332,199.45835439689097,196.50341581323332,198.71961975097656,9800,0.0,0.0
2012-08-28 00:00:00+09:00,197.24211748231133,198.71958652712266,193.54844487028302,195.7646484375,12600,0.0,0.0
2012-08-29 00:00:00+09:00,195.7646811673189,198.71961975097653,195.0259465214045,198.71961975097656,10400,0.0,0.0
2012-08-30 00:00:00+09:00,195.02593994140625,195.7646745623964,194.28720532041606,195.02593994140625,10200,0.0,0.0
2012-08-31 00:00:00+09:00,194.2871675233583,194.2871675233583,191.3322296142578,191.3322296142578,23900,0.0,0.0
2012-09-03 00:00:00+09:00,192.07097489704458,192.80970941587935,190.593505859375,190.593505859375,17700,0.0,0.0
2012-09-04 00:00:00+09:00,190.593505859375,192.07097489704458,189.8547713405402,190.593505859375,17300,0.0,0.0
2012-09-05 00:00:00+09:00,190.59351217746735,193.5484503507614,188.3773085474968,189.1160430908203,16500,0.0,0.0
2012-09-06 00:00:00+09:00,189.85473912455646,189.85473912455646,185.42233276367188,185.42233276367188,26700,0.0,0.0
2012-09-07 00:00:00+09:00,189.1160187007874,190.59348759688731,186.89981535663756,187.6385498046875,30500,0.0,0.0
2012-09-10 00:00:00+09:00,189.11602618243242,192.07096409153291,187.63855722788216,191.3322296142578,16700,0.0,0.0
2012-09-11 00:00:00+09:00,188.37730230287065,191.33224037820978,187.63856778403584,190.593505859375,17200,0.0,0.0
2012-09-12 00:00:00+09:00,190.593505859375,192.07097489704458,189.8547713405402,190.593505859375,10300,0.0,0.0
2012-09-13 00:00:00+09:00,192.07098832989104,192.80972290039062,190.5935191888919,192.80972290039062,39200,0.0,0.0
2012-09-14 00:00:00+09:00,195.7646745623964,197.24214380437678,193.5484706994259,195.02593994140625,52900,0.0,0.0
2012-09-18 00:00:00+09:00,196.50340270996094,197.9808719032689,195.76466811330693,196.50340270996094,38100,0.0,0.0
2012-09-19 00:00:00+09:00,197.98088510506213,200.19708904280537,195.7646811673189,198.71961975097656,43000,0.0,0.0
2012-09-20 00:00:00+09:00,198.7195847354718,200.1970537669623,197.2421157039813,197.98085021972656,29700,0.0,0.0
2012-09-21 00:00:00+09:00,197.24209893145684,200.19703674316406,195.76463002560322,200.19703674316406,16300,0.0,0.0
2012-09-24 00:00:00+09:00,199.4583282470703,200.19706279613354,197.24212459988064,199.4583282470703,35800,0.0,0.0
2012-09-25 00:00:00+09:00,199.45835439689097,200.19708904280537,197.24215045914772,198.71961975097656,30100,0.0,0.0
2012-09-26 00:00:00+09:00,196.45281982421875,198.7195831298828,196.45281982421875,196.45281982421875,17600,6.0,0.0
2012-09-27 00:00:00+09:00,197.96402293238145,199.4751986799569,196.45284718480605,197.20843505859375,4700,0.0,0.0
2012-09-28 00:00:00+09:00,196.45281982421875,198.7195831298828,196.45281982421875,196.45281982421875,3300,0.0,0.0
2012-10-01 00:00:00+09:00,192.6748839860717,196.4528228877594,192.6748839860717,195.69723510742188,19100,0.0,0.0
2012-10-02 00:00:00+09:00,196.45283222198486,197.96400785446167,193.43048095703125,193.43048095703125,6800,0.0,0.0
2012-10-03 00:00:00+09:00,193.43048095703125,194.18606877326965,191.16371750831604,193.43048095703125,19600,0.0,0.0
2012-10-04 00:00:00+09:00,196.4528289096046,197.96400451660156,194.94165330260765,197.96400451660156,14600,0.0,0.0
2012-10-05 00:00:00+09:00,198.71958935168362,199.47517714389534,194.941650390625,194.941650390625,9000,0.0,0.0
2012-10-09 00:00:00+09:00,192.67491149902344,195.6972630519493,192.67491149902344,192.67491149902344,14100,0.0,0.0
2012-10-10 00:00:00+09:00,193.4304718257874,193.4304718257874,191.16370848407897,191.91929626464844,11100,0.0,0.0
2012-10-11 00:00:00+09:00,191.91929626464844,193.4304718257874,190.40812070350947,191.91929626464844,29400,0.0,0.0
2012-10-12 00:00:00+09:00,191.16370848407897,192.67488404521794,191.16370848407897,191.91929626464844,11900,0.0,0.0
2012-10-15 00:00:00+09:00,192.67489314079285,193.43048095703125,191.91930532455444,193.43048095703125,8100,0.0,0.0
2012-10-16 00:00:00+09:00,194.18603515625,194.18603515625,194.18603515625,194.18603515625,5700,0.0,0.0
2012-10-17 00:00:00+09:00,194.18608356344288,197.20843505859375,194.18608356344288,197.20843505859375,11900,0.0,0.0
2012-10-18 00:00:00+09:00,197.20840759277343,200.2307586669922,195.69723205566405,200.2307586669922,13400,0.0,0.0
2012-10-19 00:00:00+09:00,197.96400451660156,199.4751801235985,195.6972411061061,197.96400451660156,8800,0.0,0.0
2012-10-22 00:00:00+09:00,196.45281982421875,200.2307586669922,194.94164428710937,200.2307586669922,14800,0.0,0.0
2012-10-23 00:00:00+09:00,199.47514895428014,200.23073663971303,192.67485978538423,194.18603515625,21300,0.0,0.0
2012-10-24 00:00:00+09:00,194.18606259841326,195.6972381828367,191.9192992217781,194.941650390625,22100,0.0,0.0
2012-10-25 00:00:00+09:00,195.6972593110183,197.20843505859375,194.18608356344288,197.20843505859375,10000,0.0,0.0
2012-10-26 00:00:00+09:00,196.45279821254863,196.45279821254863,193.4304474708171,194.18603515625,19200,0.0,0.0
2012-10-29 00:00:00+09:00,192.67489314079285,194.94165658950806,191.16371750831604,193.43048095703125,23800,0.0,0.0
2012-10-30 00:00:00+09:00,192.67488404521794,193.4304718257874,191.91929626464844,191.91929626464844,5200,0.0,0.0
2012-10-31 00:00:00+09:00,193.43047480620154,194.941650390625,191.16371142956638,194.941650390625,14300,0.0,0.0
2012-11-01 00:00:00+09:00,188.89694514237053,193.4304718257874,185.11900623952312,191.91929626464844,108600,0.0,0.0
2012-11-02 00:00:00+09:00,189.6525599460976,192.67491149902344,189.6525599460976,192.67491149902344,10200,0.0,0.0
2012-11-05 00:00:00+09:00,191.16373572256052,194.1860872754864,191.16373572256052,192.67491149902344,19200,0.0,0.0
2012-11-06 00:00:00+09:00,192.6748809814453,192.6748809814453,188.89694213867188,188.89694213867188,13700,0.0,0.0
2012-11-07 00:00:00+09:00,191.9192993405308,192.67488713321006,188.89694816981378,191.16371154785156,13000,0.0,0.0
2012-11-08 00:00:00+09:00,188.89694520268574,189.65253298349649,188.141357421875,188.141357421875,12000,0.0,0.0
2012-11-09 00:00:00+09:00,187.38576958123156,191.91929626464844,185.8745940200926,191.91929626464844,20500,0.0,0.0
2012-11-12 00:00:00+09:00,188.896939037292,188.896939037292,185.11900025654614,185.8745880126953,25400,0.0,0.0
2012-11-13 00:00:00+09:00,184.36340937338582,185.11899711671938,182.85223388671875,182.85223388671875,25400,0.0,0.0
2012-11-14 00:00:00+09:00,182.09664016473488,187.385754194416,182.09664016473488,184.3634033203125,7300,0.0,0.0
2012-11-15 00:00:00+09:00,183.60782468170547,183.60782468170547,181.3410614140301,182.09664916992188,39400,0.0,0.0
2012-11-16 00:00:00+09:00,183.60784912109375,184.36343697755916,183.60784912109375,183.60784912109375,33500,0.0,0.0
2012-11-19 00:00:00+09:00,183.60781560178663,185.11899103883837,182.85222788326075,184.3634033203125,58000,0.0,0.0
2012-11-20 00:00:00+09:00,184.36343697755916,185.87461269048998,183.60784912109375,183.60784912109375,51500,0.0,0.0
2012-11-21 00:00:00+09:00,184.36341250039698,188.14135128114282,183.6078247442478,185.8745880126953,27600,0.0,0.0
2012-11-22 00:00:00+09:00,185.8745910644531,188.89694213867188,185.11900329589844,188.89694213867188,73100,0.0,0.0
2012-11-26 00:00:00+09:00,191.91927209995134,194.18603515625,190.4080967290856,194.18603515625,53000,0.0,0.0
2012-11-27 00:00:00+09:00,192.67487210465927,198.71957397460938,190.408108903428,198.71957397460938,70300,0.0,0.0
2012-11-28 00:00:00+09:00,196.45281982421875,197.20840759277343,194.18605651855466,196.45281982421875,26300,0.0,0.0
2012-11-29 00:00:00+09:00,195.6972411061061,197.96400451660156,194.94165330260765,197.96400451660156,11600,0.0,0.0
2012-11-30 00:00:00+09:00,198.71958622877202,199.47517400910954,195.69723510742188,195.69723510742188,20700,0.0,0.0
2012-12-03 00:00:00+09:00,194.94165330260765,197.96400451660156,194.94165330260765,197.96400451660156,13000,0.0,0.0
2012-12-04 00:00:00+09:00,195.69722303963434,198.71957397460938,194.94163530589057,198.71957397460938,21800,0.0,0.0
2012-12-05 00:00:00+09:00,194.9416714372306,199.4751986799569,194.9416714372306,197.20843505859375,24100,0.0,0.0
2012-12-06 00:00:00+09:00,197.20841671310308,198.71959232010002,195.6972411061061,197.96400451660156,25200,0.0,0.0
2012-12-07 00:00:00+09:00,200.98634643554686,201.74193420410154,198.7195831298828,200.2307586669922,30400,0.0,0.0
2012-12-10 00:00:00+09:00,200.98633717584065,201.7419249095844,197.20839850712184,198.71957397460938,20700,0.0,0.0
2012-12-11 00:00:00+09:00,197.96402293238145,197.96402293238145,195.6972593110183,197.20843505859375,20800,0.0,0.0
2012-12-12 00:00:00+09:00,197.20841376726017,198.71958935168362,194.941650390625,194.941650390625,37800,0.0,0.0
2012-12-13 00:00:00+09:00,197.20841671310308,197.96400451660156,195.6972411061061,197.96400451660156,62000,0.0,0.0
2012-12-14 00:00:00+09:00,196.45284718480605,198.7196108061692,195.6972593110183,197.20843505859375,39000,0.0,0.0
2012-12-17 00:00:00+09:00,197.20843505859375,199.4751986799569,195.6972593110183,197.20843505859375,78400,0.0,0.0
2012-12-18 00:00:00+09:00,197.96400451660156,198.71959232010002,196.4528289096046,197.96400451660156,43200,0.0,0.0
2012-12-19 00:00:00+09:00,198.71960103201602,204.00871588838146,197.96401319539237,203.2531280517578,60200,0.0,0.0
2012-12-20 00:00:00+09:00,204.00869750976562,205.51987304687498,200.98634643554686,204.00869750976562,35600,0.0,0.0
2012-12-21 00:00:00+09:00,204.00869750976562,205.51987304687498,200.2307586669922,204.00869750976562,37300,0.0,0.0
2012-12-25 00:00:00+09:00,207.0310516357422,209.29781497481966,204.00870051697223,207.0310516357422,78900,0.0,0.0
2012-12-26 00:00:00+09:00,204.76427024147728,208.5422088068182,204.76427024147728,207.78662109375,38800,0.0,0.0
2012-12-27 00:00:00+09:00,208.5422150316856,212.32015370979585,207.78662729606356,210.0533905029297,71000,0.0,0.0
2012-12-28 00:00:00+09:00,210.8089874267578,213.07575073242185,207.78663635253906,211.5645751953125,63900,0.0,0.0
2013-01-04 00:00:00+09:00,213.83133850097656,219.12045288085938,213.07575073242185,215.34251403808594,140300,0.0,0.0
2013-01-07 00:00:00+09:00,226.67633681573966,226.67633681573966,219.12045892188166,221.38722229003906,110700,0.0,0.0
2013-01-08 00:00:00+09:00,220.63161913553873,221.38720687230426,216.853680451711,217.60926818847656,38500,0.0,0.0
2013-01-09 00:00:00+09:00,216.09807170999463,219.87601002660293,215.34248404667295,219.12042236328125,40800,0.0,0.0
2013-01-10 00:00:00+09:00,219.87601002660293,221.38718535324622,217.60924703663792,219.12042236328125,160600,0.0,0.0
2013-01-11 00:00:00+09:00,220.63161608422092,220.63161608422092,218.36485290527344,218.36485290527344,70400,0.0,0.0
2013-01-15 00:00:00+09:00,219.12043166487186,221.38719475106018,218.36484396947574,220.63160705566406,94800,0.0,0.0
2013-01-16 00:00:00+09:00,220.63161913553873,220.63161913553873,216.853680451711,217.60926818847656,40700,0.0,0.0
2013-01-17 00:00:00+09:00,218.36485269036092,219.1204404159331,214.5869140625,214.5869140625,48600,0.0,0.0
2013-01-18 00:00:00+09:00,217.60924703663792,220.63159768992458,216.09807170999463,219.12042236328125,38400,0.0,0.0
2013-01-21 00:00:00+09:00,220.63163450065326,223.65398565819646,219.87604671126746,221.38722229003906,43100,0.0,0.0
2013-01-22 00:00:00+09:00,221.38722521849354,224.40957641601562,221.38722521849354,224.40957641601562,28900,0.0,0.0
2013-01-23 00:00:00+09:00,223.65396118164062,228.94307512850375,222.14278576825117,223.65396118164062,63900,0.0,0.0
2013-01-24 00:00:00+09:00,222.89840698242188,226.67634608381886,221.38723134186307,222.89840698242188,37000,0.0,0.0
2013-01-25 00:00:00+09:00,225.92074279785155,227.43191833496093,225.16515502929687,226.67633056640625,42300,0.0,0.0
2013-01-28 00:00:00+09:00,228.18754260374766,229.69871838258044,226.6763668249149,228.94313049316406,68800,0.0,0.0
2013-01-29 00:00:00+09:00,230.4543062719968,231.2098941614132,228.18754260374766,228.94313049316406,34900,0.0,0.0
2013-01-30 00:00:00+09:00,231.2098807446212,239.52134704589844,230.45429289905053,239.52134704589844,109100,0.0,0.0
2013-01-31 00:00:00+09:00,239.52131030817702,239.52131030817702,234.23219620042548,237.25454711914062,62100,0.0,0.0
2013-02-01 00:00:00+09:00,238.01016576081804,239.52134141644228,230.45428748269683,233.4766387939453,77600,0.0,0.0
2013-02-04 00:00:00+09:00,239.52132566446048,242.54367677694577,236.49897455197515,241.03250122070312,53700,0.0,0.0
2013-02-05 00:00:00+09:00,240.2769134425818,241.03250122070312,238.0101501082178,241.03250122070312,35400,0.0,0.0
2013-02-06 00:00:00+09:00,241.78808294190952,246.3216094970703,241.78808294190952,246.3216094970703,65200,0.0,0.0
2013-02-07 00:00:00+09:00,247.0772003173828,249.34396362304685,244.81043701171873,245.56602478027344,42800,0.0,0.0
2013-02-08 00:00:00+09:00,247.8327568054199,247.8327568054199,238.0101170539856,241.78805541992188,62300,0.0,0.0
2013-02-12 00:00:00+09:00,243.29922130272823,244.8103965903228,239.52128308374176,240.27687072753906,43400,0.0,0.0
2013-02-13 00:00:00+09:00,241.03247632735815,241.7880640274439,228.94307312598596,235.7433624267578,68400,0.0,0.0
2013-02-14 00:00:00+09:00,235.74337466303913,241.03248883817145,234.23219918442993,236.49896240234375,51500,0.0,0.0
2013-02-15 00:00:00+09:00,234.23222975297406,235.74340542879972,230.45429056340998,232.72105407714844,51600,0.0,0.0
2013-02-18 00:00:00+09:00,234.23219918442993,237.25455014164837,234.23219918442993,236.49896240234375,19400,0.0,0.0
2013-02-19 00:00:00+09:00,236.4989501268436,239.52130092718664,234.2321870265863,235.7433624267578,17400,0.0,0.0
2013-02-20 00:00:00+09:00,238.0101501082178,241.03250122070312,235.74338677385384,241.03250122070312,55900,0.0,0.0
2013-02-21 00:00:00+09:00,238.01013484881943,241.0324857675346,237.25454711914062,237.25454711914062,35300,0.0,0.0
2013-02-22 00:00:00+09:00,235.74344195890274,238.0102058238922,234.23226604890976,234.98785400390625,31000,0.0,0.0
2013-02-25 00:00:00+09:00,238.76571322710086,239.52130092718664,234.2321870265863,235.7433624267578,33000,0.0,0.0
2013-02-26 00:00:00+09:00,234.98778692373455,239.5213133595622,234.98778692373455,236.49896240234375,42400,0.0,0.0
2013-02-27 00:00:00+09:00,235.74339914629536,236.49898696407195,231.96546005741243,234.2322235107422,24000,0.0,0.0
2013-02-28 00:00:00+09:00,234.98778095548113,239.52130727616566,234.98778095548113,238.0101318359375,29200,0.0,0.0
2013-03-01 00:00:00+09:00,238.7657259064193,247.07719104873138,238.7657259064193,244.05484008789062,112500,0.0,0.0
2013-03-04 00:00:00+09:00,244.81044622385724,246.32162181783167,243.2992706298828,243.2992706298828,38500,0.0,0.0
2013-03-05 00:00:00+09:00,244.8104553222656,246.32163097240306,243.29927967212816,244.81045532226562,23400,0.0,0.0
2013-03-06 00:00:00+09:00,247.0772003173828,247.0772003173828,244.81043701171873,245.56602478027344,41600,0.0,0.0
2013-03-07 00:00:00+09:00,246.32159125185157,248.58835436153117,245.56600354862502,247.07717895507812,24600,0.0,0.0
2013-03-08 00:00:00+09:00,247.0772033505889,249.34396668408053,246.32161557275836,248.58837890625,28400,0.0,0.0
2013-03-11 00:00:00+09:00,249.34396362304685,256.89984130859375,249.34396362304685,256.89984130859375,78100,0.0,0.0
2013-03-12 00:00:00+09:00,256.14429026947926,256.8998781463804,253.1219387618748,255.38870239257812,62600,0.0,0.0
2013-03-13 00:00:00+09:00,252.36631770401226,256.8998443693538,252.36631770401226,256.1442565917969,14700,0.0,0.0
2013-03-14 00:00:00+09:00,256.8998443693538,256.8998443693538,253.1219054815692,256.1442565917969,25500,0.0,0.0
2013-03-15 00:00:00+09:00,256.89982037722893,263.70010974015554,256.14423267023705,262.1889343261719,96500,0.0,0.0
2013-03-18 00:00:00+09:00,262.94464111328125,262.94464111328125,258.4111128182247,262.94464111328125,30300,0.0,0.0
2013-03-19 00:00:00+09:00,262.18895568847654,262.9445434570312,256.89984130859375,256.89984130859375,58100,0.0,0.0
2013-03-21 00:00:00+09:00,259.1665984928956,262.18894949572825,257.6554229914793,258.4110107421875,40900,0.0,0.0
2013-03-22 00:00:00+09:00,258.4110137849959,259.92218930420637,256.8998382657854,257.6554260253906,25600,0.0,0.0
2013-03-25 00:00:00+09:00,259.9222045192829,261.4333801269531,258.4110289116126,261.4333801269531,56100,0.0,0.0
2013-03-26 00:00:00+09:00,259.9221923828125,261.43336791992186,256.89984130859375,256.89984130859375,61600,0.0,0.0
2013-03-27 00:00:00+09:00,253.8415259467231,280.60192777845594,253.076943037245,275.2498474121094,232300,4.0,0.0
2013-03-28 00:00:00+09:00,273.72062401198224,273.72062401198224,259.9581345365194,260.72271728515625,69100,0.0,0.0
2013-03-29 00:00:00+09:00,260.7227386204542,261.4873214316579,252.31232769721376,259.1935729980469,58600,0.0,0.0
2013-04-01 00:00:00+09:00,258.4289963281847,258.4289963281847,243.9019225700915,250.01858520507812,63400,0.0,0.0
2013-04-02 00:00:00+09:00,241.60818318812449,244.66651462088555,237.78526889717315,243.9019317626953,47700,0.0,0.0
2013-04-03 00:00:00+09:00,243.9019462330363,251.54777526855472,243.9019462330363,251.5477752685547,17700,0.0,0.0
2013-04-04 00:00:00+09:00,249.25400237570477,250.0185852050781,242.37275691134482,250.01858520507812,27000,0.0,0.0
2013-04-05 00:00:00+09:00,256.13530614354585,259.95822116061373,253.0769741298916,254.60614013671875,65100,0.0,0.0
2013-04-08 00:00:00+09:00,256.1352763456457,261.487356746898,253.84152760225186,259.95819091796875,35800,0.0,0.0
2013-04-09 00:00:00+09:00,261.487356746898,261.487356746898,257.6644421745749,259.95819091796875,34800,0.0,0.0
2013-04-10 00:00:00+09:00,259.95811575598105,261.48728114278094,256.8997849823813,257.66436767578125,31100,0.0,0.0
2013-04-11 00:00:00+09:00,262.2518827824299,264.5456310283404,259.9581345365194,260.72271728515625,38400,0.0,0.0
2013-04-12 00:00:00+09:00,261.487356746898,263.0165225758272,258.42902508903956,259.95819091796875,21300,0.0,0.0
2013-04-15 00:00:00+09:00,259.1935866506476,261.4873352050781,256.8998380962171,261.4873352050781,20700,0.0,0.0
2013-04-16 00:00:00+09:00,256.8998035419721,262.2518827824299,253.07688979878805,260.72271728515625,23300,0.0,0.0
2013-04-17 00:00:00+09:00,260.72279162739596,263.781123493993,258.42904272744823,263.01654052734375,16200,0.0,0.0
2013-04-18 00:00:00+09:00,260.7227738324334,262.2519396613626,259.19360800350415,259.95819091796875,15700,0.0,0.0
2013-04-19 00:00:00+09:00,261.4873352050781,262.2519180565549,259.1935866506476,261.4873352050781,16600,0.0,0.0
2013-04-22 00:00:00+09:00,262.2519663551639,265.31029832432034,261.4873833628748,264.54571533203125,23200,0.0,0.0
2013-04-23 00:00:00+09:00,266.074803218459,267.60396875419724,263.01647214698244,266.8393859863281,30000,0.0,0.0
2013-04-24 00:00:00+09:00,269.1331876765537,270.662353515625,266.83943891794667,270.662353515625,32600,0.0,0.0
2013-04-25 00:00:00+09:00,271.4269239542871,273.7206726074219,271.4269239542871,273.7206726074219,35500,0.0,0.0
2013-04-26 00:00:00+09:00,276.0143644285069,277.54352988240447,272.19145079376307,274.4851989746094,58100,0.0,0.0
2013-04-30 00:00:00+09:00,276.77900524400684,279.07275390625,274.4852565817637,279.07275390625,35000,0.0,0.0
2013-05-01 00:00:00+09:00,280.60191629003646,283.6602478027344,279.83733341186195,283.6602478027344,49900,0.0,0.0
2013-05-02 00:00:00+09:00,286.7185747301256,286.7185747301256,282.1310775344436,282.8956604003906,71200,0.0,0.0
2013-05-07 00:00:00+09:00,286.71858938116776,298.1873329564145,285.9540064761513,290.54150390625,60500,0.0,0.0
2013-05-08 00:00:00+09:00,289.7769219450248,296.6581681125848,289.7769219450248,295.8935852050781,57400,0.0,0.0
2013-05-09 00:00:00+09:00,300.48105629203246,301.2456391324702,296.65814208984375,296.65814208984375,47300,0.0,0.0
2013-05-10 00:00:00+09:00,300.48110518163566,302.01027111131316,296.6581903574418,299.7165222167969,51800,0.0,0.0
2013-05-13 00:00:00+09:00,250.78319594439338,266.8394371481503,248.48944720099956,259.95819091796875,285000,0.0,0.0
2013-05-14 00:00:00+09:00,262.2519226074219,266.0748369311452,260.7227568779325,262.2519226074219,92200,0.0,0.0
2013-05-15 00:00:00+09:00,272.9560335207118,276.7789471554557,271.4268680668143,274.4851989746094,171000,0.0,0.0
2013-05-16 00:00:00+09:00,277.5436354012325,279.072801436501,265.3103071190845,266.07489013671875,87200,0.0,0.0
2013-05-17 00:00:00+09:00,267.60400842737266,272.1915057146991,263.78109402126734,268.36859130859375,67200,0.0,0.0
2013-05-20 00:00:00+09:00,271.4269453755925,276.01444304391237,270.6623624308725,272.1915283203125,50900,0.0,0.0
2013-05-21 00:00:00+09:00,276.0144400247713,284.4248523246951,276.0144400247713,282.131103515625,52700,0.0,0.0
2013-05-22 00:00:00+09:00,282.8956512782885,283.6602341195811,279.0727370718251,281.3664855957031,57400,0.0,0.0
2013-05-23 00:00:00+09:00,280.6019487602766,280.6019487602766,263.01654052734375,263.01654052734375,85000,0.0,0.0
2013-05-24 00:00:00+09:00,263.0165105579856,267.6040078351598,250.78318448552116,255.3706817626953,88500,0.0,0.0
2013-05-27 00:00:00+09:00,256.13524627685547,259.1935775756836,250.78316650390624,252.3123321533203,30000,0.0,0.0
2013-05-28 00:00:00+09:00,250.0185836791992,255.37066345214842,248.48941802978513,252.3123321533203,27500,0.0,0.0
2013-05-29 00:00:00+09:00,254.60609272548132,259.1935898917062,253.84150986444382,256.89984130859375,14500,0.0,0.0
2013-05-30 00:00:00+09:00,256.89985559341756,256.89985559341756,251.54777526855472,251.5477752685547,17300,0.0,0.0
2013-05-31 00:00:00+09:00,251.5477462487718,252.31232906411762,248.48941498738856,249.25399780273438,23400,0.0,0.0
2013-06-03 00:00:00+09:00,247.7248946564107,248.4894776646095,241.6082305908203,241.6082305908203,36100,0.0,0.0
2013-06-04 00:00:00+09:00,240.84357753680771,240.84357753680771,230.1394185351718,240.07899475097656,40300,0.0,0.0
2013-06-05 00:00:00+09:00,244.66651462088555,247.72484605364664,243.90193176269528,243.9019317626953,9500,0.0,0.0
2013-06-06 00:00:00+09:00,239.31445040903432,240.84361622634444,233.9623700484489,236.25611877441406,35200,0.0,0.0
2013-06-07 00:00:00+09:00,236.2561215065621,237.02070442405906,220.9644631566228,226.31654357910156,70800,0.0,0.0
2013-06-10 00:00:00+09:00,230.90398865696795,252.31230548609082,230.90398865696795,245.43106079101562,37200,0.0,0.0
2013-06-11 00:00:00+09:00,243.90194426037016,246.19569295247393,240.8436126708984,240.84361267089844,5700,0.0,0.0
2013-06-12 00:00:00+09:00,233.9623762994325,237.02070801576497,230.13946165401694,234.72695922851562,35900,0.0,0.0
2013-06-13 00:00:00+09:00,229.3748706882283,232.43320229740468,222.49362456758143,225.5519561767578,75500,0.0,0.0
2013-06-14 00:00:00+09:00,230.13943178324587,230.13943178324587,225.55193480417785,227.0811004638672,20500,0.0,0.0
2013-06-17 00:00:00+09:00,224.02280180161182,231.66863121463612,224.02280180161182,230.13946533203125,18200,0.0,0.0
2013-06-18 00:00:00+09:00,233.96241986869586,233.96241986869586,229.3749214398979,231.66867065429688,10100,0.0,0.0
2013-06-19 00:00:00+09:00,231.66865981123456,238.54990713236035,231.66865981123456,237.7853240966797,42900,0.0,0.0
2013-06-20 00:00:00+09:00,237.02065239577996,237.02065239577996,233.19773864746094,233.19773864746094,4500,0.0,0.0
2013-06-21 00:00:00+09:00,227.84569079670686,233.1977707818644,225.55194223163934,230.90402221679688,25300,0.0,0.0
2013-06-24 00:00:00+09:00,236.25611144617983,236.25611144617983,231.66861413654527,232.43319702148438,12200,0.0,0.0
2013-06-25 00:00:00+09:00,232.43319702148438,233.19777990642345,229.374865481728,232.43319702148438,15700,0.0,0.0
2013-06-26 00:00:00+09:00,230.90399096763298,237.0206529800206,223.25816345214844,223.25816345214844,41400,0.0,0.0
2013-06-27 00:00:00+09:00,224.78736424364735,226.3165299868014,222.49361562891625,224.0227813720703,21000,0.0,0.0
2013-06-28 00:00:00+09:00,226.31649390048668,233.19773864746094,224.78732840115907,233.19773864746094,19600,0.0,0.0
2013-07-01 00:00:00+09:00,233.1977933703494,234.72695922851562,230.90404458310005,234.72695922851562,9700,0.0,0.0
2013-07-02 00:00:00+09:00,235.49154114347152,244.66653625295743,235.49154114347152,242.37278747558594,34300,0.0,0.0
2013-07-03 00:00:00+09:00,245.43109747907585,245.43109747907585,242.37276604631475,243.9019317626953,19200,0.0,0.0
2013-07-04 00:00:00+09:00,243.90194426037016,243.90194426037016,238.54986397879463,240.84361267089844,11200,0.0,0.0
2013-07-05 00:00:00+09:00,243.90189530322112,245.43106079101562,240.0789815837349,245.43106079101562,20600,0.0,0.0
2013-07-08 00:00:00+09:00,245.4311456318143,248.4894776646095,240.84364758262151,241.6082305908203,47000,0.0,0.0
2013-07-09 00:00:00+09:00,247.7248123873197,249.25397789588342,242.37273310734676,248.48939514160156,16300,0.0,0.0
2013-07-10 00:00:00+09:00,246.96022963303787,250.01856065016526,244.66648137019232,248.48939514160156,16900,0.0,0.0
2013-07-11 00:00:00+09:00,244.66652816867236,247.72485977078077,244.66652816867236,246.19569396972656,7500,0.0,0.0
2013-07-12 00:00:00+09:00,249.25397451050185,249.25397451050185,242.37272981542662,245.43106079101562,15600,0.0,0.0
2013-07-16 00:00:00+09:00,246.96026319545638,246.96026319545638,243.90193176269528,243.9019317626953,11900,0.0,0.0
2013-07-17 00:00:00+09:00,246.9602262788101,248.4893917666046,245.43106079101562,245.43106079101562,19100,0.0,0.0
2013-07-18 00:00:00+09:00,245.43111998946577,247.72486877441406,243.9019541328336,247.72486877441406,29000,0.0,0.0
2013-07-19 00:00:00+09:00,248.48944267130784,255.37068877605176,243.13736236761815,246.19569396972656,75800,0.0,0.0
2013-07-22 00:00:00+09:00,246.19569396972656,248.48944267130784,243.13736236761815,246.19569396972656,25300,0.0,0.0
2013-07-23 00:00:00+09:00,246.9602262788101,248.4893917666046,245.43106079101562,245.43106079101562,6500,0.0,0.0
2013-07-24 00:00:00+09:00,246.96028584609797,247.72486877441406,243.9019541328336,247.72486877441406,20800,0.0,0.0
2013-07-25 00:00:00+09:00,248.48941498738856,250.0185806180802,246.19566654135113,249.25399780273438,25100,0.0,0.0
2013-07-26 00:00:00+09:00,249.25396976470947,249.25396976470947,244.66647338867188,244.66647338867188,19300,0.0,0.0
2013-07-29 00:00:00+09:00,246.9602850303289,246.9602850303289,240.84362162400495,242.37278747558594,23000,0.0,0.0
2013-07-30 00:00:00+09:00,240.84362162400495,245.4311191787479,240.07903869821448,242.37278747558594,11400,0.0,0.0
2013-07-31 00:00:00+09:00,243.90193176269528,246.96026319545638,243.13734890450502,243.9019317626953,11800,0.0,0.0
2013-08-01 00:00:00+09:00,243.1373258943011,244.6664914659634,233.9623324643275,240.07899475097656,23400,0.0,0.0
2013-08-02 00:00:00+09:00,243.90194526814525,246.19569396972656,241.60819656656395,246.19569396972656,18500,0.0,0.0
2013-08-05 00:00:00+09:00,246.19572888070215,248.489477907541,244.6665628628096,246.96031188964844,11900,0.0,0.0
2013-08-06 00:00:00+09:00,247.7248948985947,247.7248948985947,244.6665628628096,246.96031188964844,6900,0.0,0.0
2013-08-07 00:00:00+09:00,240.84357753680771,243.90190868013227,240.07899475097656,240.07899475097656,28900,0.0,0.0
2013-08-08 00:00:00+09:00,239.3144180102226,242.37274923080054,238.54983520507812,238.54983520507812,9500,0.0,0.0
2013-08-09 00:00:00+09:00,240.0790297735305,240.8436126708984,238.54986397879463,240.84361267089844,3600,0.0,0.0
2013-08-12 00:00:00+09:00,237.02069091796875,239.31443953975554,237.02069091796875,237.02069091796875,19500,0.0,0.0
2013-08-13 00:00:00+09:00,237.7852810814267,240.8436126708984,237.7852810814267,240.84361267089844,5100,0.0,0.0
2013-08-14 00:00:00+09:00,241.60816642565607,241.60816642565607,238.54983520507812,238.54983520507812,4500,0.0,0.0
2013-08-15 00:00:00+09:00,237.78531086909305,238.54989386224128,235.49156188964844,235.49156188964844,4700,0.0,0.0
2013-08-16 00:00:00+09:00,233.1977933703494,235.49154215759873,233.1977933703494,234.72695922851562,15700,0.0,0.0
2013-08-19 00:00:00+09:00,237.78529094484807,237.78529094484807,233.1977933703494,234.72695922851562,10200,0.0,0.0
2013-08-20 00:00:00+09:00,237.02065239577996,237.02065239577996,232.43315589779712,233.19773864746094,10600,0.0,0.0
2013-08-21 00:00:00+09:00,233.1977707818644,233.96235363688692,229.37485650675185,230.90402221679688,24900,0.0,0.0
2013-08-22 00:00:00+09:00,233.1977707818644,233.1977707818644,226.31652508666184,230.90402221679688,24100,0.0,0.0
2013-08-23 00:00:00+09:00,233.19773864746094,234.72690414678854,230.1394076488057,233.19773864746094,9100,0.0,0.0
2013-08-26 00:00:00+09:00,233.1978367972295,233.1978367972295,231.66867065429688,231.66867065429688,6300,0.0,0.0
2013-08-27 00:00:00+09:00,231.6686067102745,231.6686067102745,228.6102752685547,228.6102752685547,3300,0.0,0.0
2013-08-28 00:00:00+09:00,227.8457094140955,227.8457094140955,224.78737774410763,226.31654357910156,21000,0.0,0.0
2013-08-29 00:00:00+09:00,226.3165299868014,227.08111285837842,224.0227813720703,224.0227813720703,15600,0.0,0.0
2013-08-30 00:00:00+09:00,224.78732895524536,227.0810772098907,223.25816345214844,223.25816345214844,17400,0.0,0.0
2013-09-02 00:00:00+09:00,223.25820746987554,225.5519561767578,223.25820746987554,225.5519561767578,3600,0.0,0.0
2013-09-03 00:00:00+09:00,227.8456666056315,229.37483215332028,227.08108383178708,229.3748321533203,14000,0.0,0.0
2013-09-04 00:00:00+09:00,229.3748248991419,234.72690414678854,229.3748248991419,233.19773864746094,16900,0.0,0.0
2013-09-05 00:00:00+09:00,233.19773864746094,233.19773864746094,230.1394076488057,233.19773864746094,12200,0.0,0.0
2013-09-06 00:00:00+09:00,233.19779709724097,233.96238003854342,229.37488239072883,230.13946533203125,12000,0.0,0.0
2013-09-09 00:00:00+09:00,233.19773864746094,233.96232139712475,233.19773864746094,233.19773864746094,10000,0.0,0.0
2013-09-10 00:00:00+09:00,235.49156188964844,236.25614488279663,233.96239590335202,235.49156188964844,16600,0.0,0.0
2013-09-11 00:00:00+09:00,237.0206725675296,237.0206725675296,233.96234130859375,233.96234130859375,26700,0.0,0.0
2013-09-12 00:00:00+09:00,233.96236279136255,234.72694567630165,232.43319702148438,232.43319702148438,21700,0.0,0.0
2013-09-13 00:00:00+09:00,232.43315589779712,233.19773864746094,231.66857314813333,233.19773864746094,11800,0.0,0.0
2013-09-17 00:00:00+09:00,234.7269241233277,236.25608975279565,233.96234130859375,233.96234130859375,9300,0.0,0.0
2013-09-18 00:00:00+09:00,234.72694229618196,237.02069091796875,233.96235942225303,237.02069091796875,23800,0.0,0.0
2013-09-19 00:00:00+09:00,240.07899475097656,240.84357753680771,238.54982917931432,240.07899475097656,18400,0.0,0.0
2013-09-20 00:00:00+09:00,241.6082305908203,242.3728135990191,240.84364758262151,241.6082305908203,18600,0.0,0.0
2013-09-24 00:00:00+09:00,241.6081470715294,245.43106079101562,240.84356432763215,245.43106079101562,33900,0.0,0.0
2013-09-25 00:00:00+09:00,245.43109747907585,246.1956803372661,242.37276604631475,243.9019317626953,25400,0.0,0.0
2013-09-26 00:00:00+09:00,242.3484101219299,243.90192557142944,240.79489467243036,243.1251678466797,9300,5.0,0.0
2013-09-27 00:00:00+09:00,243.1251678466797,245.45544102092902,240.79489467243036,243.1251678466797,11000,0.0,0.0
2013-09-30 00:00:00+09:00,242.34842513443587,242.34842513443587,239.24139404296872,239.24139404296875,23500,0.0,0.0
2013-10-01 00:00:00+09:00,240.01814885293282,241.57166437948902,240.01814885293282,240.79490661621094,10200,0.0,0.0
2013-10-02 00:00:00+09:00,240.79494316861562,243.12521681218286,240.79494316861562,241.5717010498047,14800,0.0,0.0
2013-10-03 00:00:00+09:00,241.57169185540613,244.67872326190655,240.01817615215595,242.34844970703125,12500,0.0,0.0
2013-10-04 00:00:00+09:00,241.5717010498047,242.3484589309938,239.24142740623745,241.5717010498047,21800,0.0,0.0
2013-10-07 00:00:00+09:00,237.68787849723518,240.01815181583552,235.35760517863483,239.24139404296875,20400,0.0,0.0
2013-10-08 00:00:00+09:00,235.3575897216797,236.13434744353341,232.25055883426478,235.3575897216797,14900,0.0,0.0
2013-10-09 00:00:00+09:00,235.35757790359798,237.68785095214844,232.25054717219734,237.68785095214844,21100,0.0,0.0
2013-10-10 00:00:00+09:00,237.68787556309852,240.79490661621094,237.68787556309852,240.79490661621094,14500,0.0,0.0
2013-10-11 00:00:00+09:00,241.57166437948902,243.90193766932333,240.01814885293282,240.79490661621094,16600,0.0,0.0
2013-10-15 00:00:00+09:00,240.79493105990218,242.34844674415962,240.01817321777347,240.01817321777344,18200,0.0,0.0
2013-10-16 00:00:00+09:00,240.01817634905586,240.01817634905586,236.9111449400066,238.46466064453125,14600,0.0,0.0
2013-10-17 00:00:00+09:00,240.01815181583552,240.01815181583552,238.46463627010195,239.24139404296875,14400,0.0,0.0
2013-10-18 00:00:00+09:00,239.24139404296872,240.7949095887023,237.68787849723518,239.24139404296875,14400,0.0,0.0
2013-10-21 00:00:00+09:00,240.01813694768057,243.1251678466797,239.24137922293082,243.1251678466797,27600,0.0,0.0
2013-10-22 00:00:00+09:00,243.12520755865634,243.12520755865634,241.57169185540613,242.34844970703125,18300,0.0,0.0
2013-10-23 00:00:00+09:00,243.90195613837093,250.89277653724145,243.90195613837093,247.0089874267578,67300,0.0,0.0
2013-10-24 00:00:00+09:00,247.00899681678183,249.33927037165714,242.34844970703125,242.34844970703125,103200,0.0,0.0
2013-10-25 00:00:00+09:00,244.6786895071625,246.23220499609684,240.79490078482658,243.9019317626953,40700,0.0,0.0
2013-10-28 00:00:00+09:00,243.1251740182281,247.00896274056404,243.1251740182281,243.9019317626953,10300,0.0,0.0
2013-10-29 00:00:00+09:00,247.00899051714546,247.7857483489604,243.9019591898858,245.45547485351562,16200,0.0,0.0
2013-10-30 00:00:00+09:00,246.2321509838104,248.5624237060547,246.2321509838104,248.5624237060547,9900,0.0,0.0
2013-10-31 00:00:00+09:00,248.56248151616717,248.56248151616717,242.348419478263,246.23220825195312,37200,0.0,0.0
2013-11-01 00:00:00+09:00,246.23223268533056,248.5625061807753,243.9019591898858,245.45547485351562,36300,0.0,0.0
2013-11-05 00:00:00+09:00,247.00890855789183,248.5624237060547,245.455393409729,248.5624237060547,22400,0.0,0.0
2013-11-06 00:00:00+09:00,243.90196541028143,243.90196541028143,239.24141830053085,242.34844970703125,59500,0.0,0.0
2013-11-07 00:00:00+09:00,243.90193766932333,243.90193766932333,240.79490661621094,240.79490661621094,37000,0.0,0.0
2013-11-08 00:00:00+09:00,240.01817634905586,241.5716920535805,238.46466064453125,238.46466064453125,14200,0.0,0.0
2013-11-11 00:00:00+09:00,241.5716920535805,241.5716920535805,238.46466064453125,238.46466064453125,13000,0.0,0.0
2013-11-12 00:00:00+09:00,238.46466044890573,247.00899681678183,238.46466044890573,242.34844970703125,19200,0.0,0.0
2013-11-13 00:00:00+09:00,241.57166437948902,241.57166437948902,240.01814885293282,240.79490661621094,700,0.0,0.0
2013-11-14 00:00:00+09:00,241.57169185540613,245.45548111353165,240.01817615215595,242.34844970703125,34000,0.0,0.0
2013-11-15 00:00:00+09:00,243.12520135807085,246.23223268533056,243.12520135807085,245.45547485351562,37400,0.0,0.0
2013-11-18 00:00:00+09:00,245.4554627038842,249.3392516707178,245.4554627038842,247.78573608398438,43400,0.0,0.0
2013-11-19 00:00:00+09:00,248.56248151616717,248.56248151616717,244.67869274247707,246.23220825195312,12500,0.0,0.0
2013-11-20 00:00:00+09:00,246.23223268533056,246.23223268533056,245.45547485351562,245.45547485351562,3900,0.0,0.0
2013-11-21 00:00:00+09:00,245.4554993644593,245.4554993644593,243.12522563631572,244.67874145507812,15800,0.0,0.0
2013-11-22 00:00:00+09:00,245.4554993644593,247.7857730926029,243.12522563631572,244.67874145507812,19200,0.0,0.0
2013-11-25 00:00:00+09:00,246.23220825195312,246.23220825195312,244.67869274247707,246.23220825195312,18000,0.0,0.0
2013-11-26 00:00:00+09:00,246.23220825195312,246.23220825195312,245.45545049721508,246.23220825195312,16400,0.0,0.0
2013-11-27 00:00:00+09:00,246.23222960466111,247.78574524885454,245.4554717825644,247.0089874267578,16800,0.0,0.0
2013-11-28 00:00:00+09:00,247.78573608398435,248.56249387735107,246.23222049725092,247.78573608398438,17800,0.0,0.0
2013-11-29 00:00:00+09:00,247.78573608398435,247.78573608398435,244.67870491051747,247.78573608398438,21400,0.0,0.0
2013-12-02 00:00:00+09:00,247.00899681678183,247.78575466840695,214.38516704852765,242.34844970703125,92300,0.0,0.0
2013-12-03 00:00:00+09:00,243.90190599785475,244.67866366026828,236.13432937371925,236.9110870361328,43700,0.0,0.0
2013-12-04 00:00:00+09:00,237.68785095214844,240.01812400069892,236.9110932692983,237.68785095214844,12300,0.0,0.0
2013-12-05 00:00:00+09:00,238.46466044890573,243.12520755865634,238.46466044890573,242.34844970703125,21700,0.0,0.0
2013-12-06 00:00:00+09:00,243.90196541028143,243.90196541028143,239.24141830053085,242.34844970703125,16200,0.0,0.0
2013-12-09 00:00:00+09:00,242.3484101219299,243.1251678466797,239.24137922293082,243.1251678466797,30600,0.0,0.0
2013-12-10 00:00:00+09:00,243.12521681218286,243.90197469337195,240.79494316861562,241.5717010498047,15500,0.0,0.0
2013-12-11 00:00:00+09:00,240.79493400378104,243.90196541028143,240.01817615215595,242.34844970703125,17300,0.0,0.0
2013-12-12 00:00:00+09:00,242.3484589309938,242.3484589309938,240.79494316861562,241.5717010498047,9600,0.0,0.0
2013-12-13 00:00:00+09:00,242.34842214276713,242.34842214276713,240.01814885293282,240.79490661621094,17000,0.0,0.0
2013-12-16 00:00:00+09:00,243.12521681218286,243.12521681218286,240.79494316861562,241.5717010498047,30500,0.0,0.0
2013-12-17 00:00:00+09:00,241.5716889020309,243.12520458628833,239.24141537564475,240.01817321777344,27200,0.0,0.0
2013-12-18 00:00:00+09:00,240.01815181583552,241.57166736156907,238.46463627010195,239.24139404296875,15300,0.0,0.0
2013-12-19 00:00:00+09:00,240.79490661621094,243.12517990604522,238.46463332637663,240.79490661621094,39600,0.0,0.0
2013-12-20 00:00:00+09:00,240.7949095887023,240.7949095887023,238.46463627010195,239.24139404296875,24000,0.0,0.0
2013-12-24 00:00:00+09:00,240.01814885293282,240.79490661621094,237.68787556309852,240.79490661621094,37700,0.0,0.0
2013-12-25 00:00:00+09:00,240.79493400378104,243.90196541028143,239.24141830053085,242.34844970703125,49700,0.0,0.0
2013-12-26 00:00:00+09:00,242.34844970703125,242.34844970703125,242.34844970703125,242.34844970703125,0,0.0,0.0
2013-12-27 00:00:00+09:00,243.1251983162742,247.00898742675784,243.1251983162742,247.0089874267578,39900,0.0,0.0
2013-12-30 00:00:00+09:00,247.78568759811256,250.89271816360616,245.45541467399238,249.33920288085938,88700,0.0,0.0
2014-01-06 00:00:00+09:00,249.33925185739815,257.10682979688096,248.56249406344986,255.55331420898438,61100,0.0,0.0
2014-01-07 00:00:00+09:00,256.33001179038405,260.99055745930013,256.33001179038405,259.4370422363281,60700,0.0,0.0
2014-01-08 00:00:00+09:00,262.544189453125,262.544189453125,259.4371576252774,262.544189453125,48400,0.0,0.0
2014-01-09 00:00:00+09:00,262.5441225286116,265.6511535644531,260.2138492517304,265.6511535644531,36000,0.0,0.0
2014-01-10 00:00:00+09:00,264.87441406249997,264.87441406249997,256.330078125,260.2138671875,43500,0.0,0.0
2014-01-14 00:00:00+09:00,257.8835754394531,260.99060646884413,255.55330216740987,257.8835754394531,38200,0.0,0.0
2014-01-15 00:00:00+09:00,258.66029629894615,258.66029629894615,253.22299277314247,257.1067810058594,49100,0.0,0.0
2014-01-16 00:00:00+09:00,260.21378831269124,264.8743337750081,260.21378831269124,261.7673034667969,43100,0.0,0.0
2014-01-17 00:00:00+09:00,262.544116425724,265.651147389342,260.99060094391496,264.8743896484375,24400,0.0,0.0
2014-01-20 00:00:00+09:00,265.6511354668196,268.7581662909929,265.6511354668196,267.20465087890625,36000,0.0,0.0
2014-01-21 00:00:00+09:00,270.31163917563487,271.86515434331096,268.7581240079588,269.5348815917969,52800,0.0,0.0
2014-01-22 00:00:00+09:00,268.75820312499997,270.31171875,267.2046875,267.9814453125,24300,0.0,0.0
2014-01-23 00:00:00+09:00,267.20465662339154,270.3116875143612,262.54411028693704,264.0976257324219,42300,0.0,0.0
2014-01-24 00:00:00+09:00,259.4370851062593,263.32087380545477,257.8835696265811,260.9906005859375,16500,0.0,0.0
2014-01-27 00:00:00+09:00,253.99985412030767,255.553370047649,250.11606430195434,250.892822265625,52100,0.0,0.0
2014-01-28 00:00:00+09:00,253.22302862044867,255.553301889962,250.1159975944309,253.99978637695312,21000,0.0,0.0
2014-01-29 00:00:00+09:00,253.99973895592603,259.4370422363281,253.99973895592603,259.4370422363281,37400,0.0,0.0
2014-01-30 00:00:00+09:00,257.10680485652045,257.10680485652045,252.44625854492188,252.44625854492188,26700,0.0,0.0
2014-01-31 00:00:00+09:00,257.8835813941025,258.66033916938596,252.44627696711845,254.77655029296875,16200,0.0,0.0
2014-02-03 00:00:00+09:00,248.56251252003204,249.33927037165714,240.79493400378104,242.34844970703125,83600,0.0,0.0
2014-02-04 00:00:00+09:00,236.91111432006028,238.46462982379836,233.80408331258405,234.58084106445312,57700,0.0,0.0
2014-02-05 00:00:00+09:00,237.68787207192932,238.46462982379836,233.80408331258405,234.58084106445312,37500,0.0,0.0
2014-02-06 00:00:00+09:00,234.58082022074782,238.4646086349986,233.80406253789766,237.68785095214844,22800,0.0,0.0
2014-02-07 00:00:00+09:00,236.9111537626702,242.3484589309938,236.9111537626702,241.5717010498047,11700,0.0,0.0
2014-02-10 00:00:00+09:00,241.57166437948902,242.34842214276713,240.01814885293282,240.79490661621094,13900,0.0,0.0
2014-02-12 00:00:00+09:00,240.01814885293282,241.57166437948902,240.01814885293282,240.79490661621094,22800,0.0,0.0
2014-02-13 00:00:00+09:00,240.01817321777347,240.01817321777347,238.46465753351603,240.01817321777344,11400,0.0,0.0
2014-02-14 00:00:00+09:00,239.24141552573758,240.79493121096965,235.35762631265743,236.13438415527344,26900,0.0,0.0
2014-02-17 00:00:00+09:00,236.91108703613278,239.24136002337346,235.3575717113057,236.9110870361328,18100,0.0,0.0
2014-02-18 00:00:00+09:00,236.13438400712988,240.79493105990218,235.35762616500116,240.01817321777344,14700,0.0,0.0
2014-02-19 00:00:00+09:00,240.01817321777347,242.34844674415962,236.9111418492586,240.01817321777344,18600,0.0,0.0
2014-02-20 00:00:00+09:00,240.7949342013182,240.7949342013182,236.9111449400066,238.46466064453125,16800,0.0,0.0
2014-02-21 00:00:00+09:00,236.13436003654232,240.79490661621094,236.13436003654232,240.79490661621094,9700,0.0,0.0
2014-02-24 00:00:00+09:00,240.7949342013182,241.5716920535805,235.35762923548197,238.46466064453125,24800,0.0,0.0
2014-02-25 00:00:00+09:00,240.7949095887023,241.57166736156907,238.46463627010195,239.24139404296875,20400,0.0,0.0
2014-02-26 00:00:00+09:00,236.9111418492586,241.5716889020309,236.9111418492586,240.01817321777344,20400,0.0,0.0
2014-02-27 00:00:00+09:00,237.68787849723518,240.7949095887023,237.68787849723518,239.24139404296875,14100,0.0,0.0
2014-02-28 00:00:00+09:00,239.2413910896547,241.57166437948902,237.68787556309852,240.79490661621094,12800,0.0,0.0
2014-03-03 00:00:00+09:00,241.5716889020309,241.5716889020309,237.68789969138732,240.01817321777344,10000,0.0,0.0
2014-03-04 00:00:00+09:00,240.018117685787,240.79487534820055,235.3575717113057,236.9110870361328,10200,0.0,0.0
2014-03-05 00:00:00+09:00,237.68790279226891,240.7949342013182,236.9111449400066,238.46466064453125,18000,0.0,0.0
2014-03-06 00:00:00+09:00,238.46463627010195,240.7949095887023,238.46463627010195,239.24139404296875,7500,0.0,0.0
2014-03-07 00:00:00+09:00,240.01817321777347,240.79493105990218,240.01817321777347,240.01817321777344,8300,0.0,0.0
2014-03-10 00:00:00+09:00,241.5716889020309,241.5716889020309,240.01817321777347,240.01817321777344,5500,0.0,0.0
2014-03-11 00:00:00+09:00,241.57165239718012,243.1251678466797,240.79489467243036,243.1251678466797,17000,0.0,0.0
2014-03-12 00:00:00+09:00,243.12521681218286,244.67873257456102,240.79494316861562,241.5717010498047,10100,0.0,0.0
2014-03-13 00:00:00+09:00,239.2413910896547,241.57166437948902,239.2413910896547,240.79490661621094,7700,0.0,0.0
2014-03-14 00:00:00+09:00,239.24139404296872,240.01815181583552,236.9111207243684,239.24139404296875,16600,0.0,0.0
2014-03-17 00:00:00+09:00,239.24139404296872,240.01815181583552,236.9111207243684,239.24139404296875,6500,0.0,0.0
2014-03-18 00:00:00+09:00,240.79493400378104,242.34844970703125,239.24141830053085,242.34844970703125,8000,0.0,0.0
2014-03-19 00:00:00+09:00,242.34842214276713,242.34842214276713,240.79490661621094,240.79490661621094,1700,0.0,0.0
2014-03-20 00:00:00+09:00,242.34839067302764,242.34839067302764,236.13432937371925,236.9110870361328,17900,0.0,0.0
2014-03-24 00:00:00+09:00,236.91108703613278,238.4646023609599,236.13432937371925,236.9110870361328,23000,0.0,0.0
2014-03-25 00:00:00+09:00,238.4646023609599,239.24136002337346,234.58081404889214,236.9110870361328,22500,0.0,0.0
2014-03-26 00:00:00+09:00,237.68787849723518,239.24139404296872,236.1343629515016,239.24139404296875,9100,0.0,0.0
2014-03-27 00:00:00+09:00,236.87266736927597,239.24139404296875,233.71436513768563,239.24139404296875,8500,5.0,0.0
2014-03-28 00:00:00+09:00,236.87268980939535,242.39971923828122,236.87268980939535,242.39971923828125,2000,0.0,0.0
2014-03-31 00:00:00+09:00,243.1892852783203,243.1892852783203,241.61013407521432,243.1892852783203,4200,0.0,0.0
2014-04-01 00:00:00+09:00,240.8205451587639,243.97884739035425,238.45181848507116,239.24139404296875,13600,0.0,0.0
2014-04-02 00:00:00+09:00,237.66224292717357,241.6101207166615,236.87266736927597,239.24139404296875,24700,0.0,0.0
2014-04-03 00:00:00+09:00,239.2413693478233,241.61009577700966,238.45179387142784,240.03094482421875,17200,0.0,0.0
2014-04-04 00:00:00+09:00,239.24140359234335,240.03097918175703,238.4518280029297,238.4518280029297,4200,0.0,0.0
2014-04-07 00:00:00+09:00,237.66221618652344,238.45179165558164,237.66221618652344,237.66221618652344,3700,0.0,0.0
2014-04-08 00:00:00+09:00,238.4518280029297,238.4518280029297,236.87267682410234,238.4518280029297,7900,0.0,0.0
2014-04-09 00:00:00+09:00,236.0830571338384,237.66220801767676,234.50390625,234.50390625,19500,0.0,0.0
2014-04-10 00:00:00+09:00,235.2934816919192,236.0830571338384,234.50390625,234.50390625,8800,0.0,0.0
2014-04-11 00:00:00+09:00,233.71434240436872,236.08306884765625,232.9247669232729,236.08306884765625,5600,0.0,0.0
2014-04-14 00:00:00+09:00,237.66221980984793,237.66221980984793,236.08306884765625,236.08306884765625,600,0.0,0.0
2014-04-15 00:00:00+09:00,235.2935294596354,236.87268066406247,234.50395385742186,236.8726806640625,1000,0.0,0.0
2014-04-16 00:00:00+09:00,236.08310123468866,239.24140359234335,234.5039500558613,238.4518280029297,4100,0.0,0.0
2014-04-17 00:00:00+09:00,236.87266736927597,239.24139404296875,236.87266736927597,239.24139404296875,2500,0.0,0.0
2014-04-18 00:00:00+09:00,237.66224292717357,239.24139404296875,237.66224292717357,239.24139404296875,1500,0.0,0.0
2014-04-21 00:00:00+09:00,239.24139404296875,240.0309696008663,237.66224292717357,239.24139404296875,2100,0.0,0.0
2014-04-22 00:00:00+09:00,238.45179165558164,238.45179165558164,236.083065248407,237.66221618652344,1900,0.0,0.0
2014-04-23 00:00:00+09:00,240.8205472132203,247.92672729492188,239.24139608395328,247.92672729492188,28500,0.0,0.0
2014-04-24 00:00:00+09:00,246.34757616565486,248.71630285955538,243.18927390712082,247.92672729492188,6900,0.0,0.0
2014-04-25 00:00:00+09:00,247.92671951786164,247.92671951786164,243.18926627866685,244.76841735839844,9500,0.0,0.0
2014-04-28 00:00:00+09:00,244.7684461363752,245.55802176907318,242.39971923828122,242.39971923828125,10100,0.0,0.0
2014-04-30 00:00:00+09:00,243.1892948709792,243.1892948709792,242.39971923828122,242.39971923828125,800,0.0,0.0
2014-05-01 00:00:00+09:00,244.76841735839844,245.55799289826425,240.82053965906942,244.76841735839844,11200,0.0,0.0
2014-05-02 00:00:00+09:00,240.82053965906942,244.76841735839844,240.82053965906942,244.76841735839844,2000,0.0,0.0
2014-05-07 00:00:00+09:00,242.39967125340513,242.39967125340513,240.03094482421875,240.03094482421875,2700,0.0,0.0
2014-05-08 00:00:00+09:00,241.61013036058438,242.39970594999807,238.4518280029297,238.4518280029297,11600,0.0,0.0
2014-05-09 00:00:00+09:00,237.6622183950324,240.03094482421875,237.6622183950324,240.03094482421875,3500,0.0,0.0
2014-05-12 00:00:00+09:00,240.8205451587639,240.8205451587639,237.66224292717357,239.24139404296875,2000,0.0,0.0
2014-05-13 00:00:00+09:00,240.03094482421875,240.03094482421875,237.6622183950324,240.03094482421875,11300,0.0,0.0
2014-05-14 00:00:00+09:00,240.03095062756148,241.6101016185323,239.2413751320761,240.82052612304688,2000,0.0,0.0
2014-05-15 00:00:00+09:00,236.08309745788574,236.87267303466797,232.1352195739746,233.71437072753906,28500,0.0,0.0
2014-05-16 00:00:00+09:00,233.71437825520832,236.87268066406247,233.71437825520832,236.8726806640625,12700,0.0,0.0
2014-05-19 00:00:00+09:00,247.92672517984218,247.92672517984218,239.24139404296875,239.24139404296875,61900,0.0,0.0
2014-05-20 00:00:00+09:00,240.03097918175703,241.61013036058438,236.87267682410234,238.4518280029297,11500,0.0,0.0
2014-05-21 00:00:00+09:00,240.03095062756148,243.1892526095031,237.6622241411053,240.82052612304688,12000,0.0,0.0
2014-05-22 00:00:00+09:00,240.82054711634817,241.61012268066406,238.45182042340048,241.61012268066406,25100,0.0,0.0
2014-05-23 00:00:00+09:00,243.18927380929586,243.97884937361175,241.61012268066406,241.61012268066406,10500,0.0,0.0
2014-05-26 00:00:00+09:00,241.61014360558326,243.9788705036772,239.2414167074893,242.39971923828125,13700,0.0,0.0
2014-05-27 00:00:00+09:00,242.39971923828122,243.9788705036772,241.61014360558326,242.39971923828125,2100,0.0,0.0
2014-05-28 00:00:00+09:00,243.1892526095031,243.1892526095031,239.2413751320761,240.82052612304688,9500,0.0,0.0
2014-05-29 00:00:00+09:00,240.82054711634817,242.39969824497996,240.82054711634817,241.61012268066406,7500,0.0,0.0
2014-05-30 00:00:00+09:00,241.6101016185323,241.6101016185323,240.82052612304688,240.82052612304688,7600,0.0,0.0
2014-06-02 00:00:00+09:00,241.61012268066406,243.18927380929586,240.82054711634817,241.61012268066406,15700,0.0,0.0
2014-06-03 00:00:00+09:00,243.18927380929586,243.97884937361175,241.61012268066406,241.61012268066406,16500,0.0,0.0
2014-06-04 00:00:00+09:00,244.76842493792765,244.76842493792765,240.82054711634817,241.61012268066406,52000,0.0,0.0
2014-06-05 00:00:00+09:00,240.82054711634817,242.39969824497996,240.03097155203227,241.61012268066406,23300,0.0,0.0
2014-06-06 00:00:00+09:00,240.82054711634817,241.61012268066406,240.03097155203227,241.61012268066406,30500,0.0,0.0
2014-06-09 00:00:00+09:00,243.18926627866685,245.55799289826425,242.39969073880104,244.76841735839844,25100,0.0,0.0
2014-06-10 00:00:00+09:00,245.55798710202708,245.55798710202708,243.9788360595703,243.9788360595703,14500,0.0,0.0
2014-06-11 00:00:00+09:00,243.97884181853263,244.76841735839844,243.18926627866685,244.76841735839844,10300,0.0,0.0
2014-06-12 00:00:00+09:00,243.97884937361175,243.97884937361175,240.03097155203227,241.61012268066406,38600,0.0,0.0
2014-06-13 00:00:00+09:00,242.39969073880104,245.55799289826425,241.61011519893523,244.76841735839844,19200,0.0,0.0
2014-06-16 00:00:00+09:00,247.13714259475378,255.82247348466527,246.3475670593073,255.03289794921875,79100,0.0,0.0
2014-06-17 00:00:00+09:00,256.61207193263806,261.3495255683176,255.03292072074493,258.19122314453125,71000,0.0,0.0
2014-06-18 00:00:00+09:00,260.5599307724045,263.7182329635852,255.03290193783837,259.7703552246094,81700,0.0,0.0
2014-06-19 00:00:00+09:00,262.1390876538826,264.5078143495502,257.40163426254736,260.5599365234375,21900,0.0,0.0
2014-06-20 00:00:00+09:00,260.5599441996381,260.5599441996381,253.45376390328434,257.4016418457031,22600,0.0,0.0
2014-06-23 00:00:00+09:00,260.559949962371,265.29740359805044,257.40164753858465,258.19122314453125,93400,0.0,0.0
2014-06-24 00:00:00+09:00,258.191204129019,263.7182329635852,257.40162858122386,259.7703552246094,49300,0.0,0.0
2014-06-25 00:00:00+09:00,263.71823878432764,263.71823878432764,258.98078539299246,260.5599365234375,27100,0.0,0.0
2014-06-26 00:00:00+09:00,260.5599441996381,262.9286709650894,255.8224906687356,257.4016418457031,53800,0.0,0.0
2014-06-27 00:00:00+09:00,258.1912292003632,258.1912292003632,252.66419982910156,252.66419982910156,44100,0.0,0.0
2014-06-30 00:00:00+09:00,265.29740359805044,266.8765548099436,258.19122314453125,258.19122314453125,209600,0.0,0.0
2014-07-01 00:00:00+09:00,260.55991605764325,266.0869445800781,260.55991605764325,266.0869445800781,61000,0.0,0.0
2014-07-02 00:00:00+09:00,260.55992171609194,268.45567691960986,260.55992171609194,266.87652587890625,57800,0.0,0.0
2014-07-03 00:00:00+09:00,264.5078373526385,267.6661398881924,262.9286860848615,263.71826171875,22300,0.0,0.0
2014-07-04 00:00:00+09:00,266.87653164033696,268.45568271513184,264.5078050281446,267.6661071777344,43800,0.0,0.0
2014-07-07 00:00:00+09:00,268.45567691960986,270.03482796031346,266.87652587890625,266.87652587890625,74700,0.0,0.0
2014-07-08 00:00:00+09:00,266.8765200832831,268.45567108969306,265.29736907687317,266.0869445800781,23000,0.0,0.0
2014-07-09 00:00:00+09:00,265.297412986527,266.8765642543039,262.9286860848615,263.71826171875,28900,0.0,0.0
2014-07-10 00:00:00+09:00,262.1390818679949,263.7182329635852,258.9807796768142,259.7703552246094,48600,0.0,0.0
2014-07-11 00:00:00+09:00,256.61203436260854,261.3494873046875,255.82245887226208,261.3494873046875,18200,0.0,0.0
2014-07-14 00:00:00+09:00,261.3495348170846,265.297412986527,260.5599591831961,263.71826171875,15400,0.0,0.0
2014-07-15 00:00:00+09:00,266.086961813534,268.4556884765625,266.086961813534,268.4556884765625,38000,0.0,0.0
2014-07-16 00:00:00+09:00,270.82437719300736,274.77225441156435,268.4556508618732,271.61395263671875,84800,0.0,0.0
2014-07-17 00:00:00+09:00,271.6140272750183,273.98275425706794,268.4557246322856,269.24530029296875,35800,0.0,0.0
2014-07-18 00:00:00+09:00,266.87653164033696,270.0348337899267,266.0869561029395,267.6661071777344,31600,0.0,0.0
2014-07-22 00:00:00+09:00,268.4556884765625,272.40356624827666,267.66611292221967,268.4556884765625,32300,0.0,0.0
2014-07-23 00:00:00+09:00,268.45568271513184,270.8244093273242,267.6661071777344,267.6661071777344,15200,0.0,0.0
2014-07-24 00:00:00+09:00,268.45563434419176,268.45563434419176,264.5077573685419,265.2973327636719,35800,0.0,0.0
2014-07-25 00:00:00+09:00,267.6660955864881,267.6660955864881,265.29736907687317,266.0869445800781,19300,0.0,0.0
2014-07-28 00:00:00+09:00,266.8765200832831,266.8765200832831,264.50779357366815,266.0869445800781,37400,0.0,0.0
2014-07-29 00:00:00+09:00,266.0869503585545,267.6661013992581,265.2973748382027,266.87652587890625,16600,0.0,0.0
2014-07-30 00:00:00+09:00,266.0869445800781,266.0869445800781,264.50779357366815,266.0869445800781,29900,0.0,0.0
2014-07-31 00:00:00+09:00,266.0869503585545,268.45567691960986,266.0869503585545,266.87652587890625,28500,0.0,0.0
2014-08-01 00:00:00+09:00,253.45376390328434,258.98079302267064,253.45376390328434,257.4016418457031,84500,0.0,0.0
2014-08-04 00:00:00+09:00,258.19116100633,262.1390380859375,256.612010174487,262.1390380859375,30600,0.0,0.0
2014-08-05 00:00:00+09:00,259.7703552246094,261.3495063201997,257.40162858122386,259.7703552246094,22800,0.0,0.0
2014-08-06 00:00:00+09:00,257.40164753858465,258.98079875047785,255.8224963266915,258.19122314453125,22100,0.0,0.0
2014-08-07 00:00:00+09:00,255.8224963266915,258.19122314453125,255.8224963266915,258.19122314453125,19000,0.0,0.0
2014-08-08 00:00:00+09:00,256.61206625721934,257.4016418457031,252.66418831480058,257.4016418457031,25300,0.0,0.0
2014-08-11 00:00:00+09:00,258.19121743418685,258.19121743418685,252.66418831480058,257.4016418457031,19600,0.0,0.0
2014-08-12 00:00:00+09:00,256.61206625721934,258.19121743418685,256.61206625721934,257.4016418457031,8800,0.0,0.0
2014-08-13 00:00:00+09:00,257.4016418457031,257.4016418457031,254.2433394917681,257.4016418457031,17200,0.0,0.0
2014-08-14 00:00:00+09:00,255.03290369481218,256.6120548012816,255.03290369481218,255.82247924804688,4000,0.0,0.0
2014-08-15 00:00:00+09:00,255.8224983926145,255.8224983926145,252.66419594332297,254.24334716796875,25600,0.0,0.0
2014-08-18 00:00:00+09:00,254.24335677007278,255.82250805435896,251.87462984364353,253.4537811279297,29000,0.0,0.0
2014-08-19 00:00:00+09:00,254.24328728805204,254.24328728805204,249.50583472988959,250.29541015625,41000,0.0,0.0
2014-08-20 00:00:00+09:00,251.08505813455133,251.8746337890625,248.71633117101783,251.8746337890625,36200,0.0,0.0
2014-08-21 00:00:00+09:00,251.8746337890625,252.66420944357367,250.29548248004016,251.8746337890625,19900,0.0,0.0
2014-08-22 00:00:00+09:00,254.24334716796875,257.40164961726026,250.29546910635432,254.24334716796875,55100,0.0,0.0
2014-08-25 00:00:00+09:00,257.40162455555827,257.40162455555827,254.24332241377226,255.03289794921875,39000,0.0,0.0
2014-08-26 00:00:00+09:00,255.8224792480469,257.4016303545163,255.03290369481218,255.82247924804688,9100,0.0,0.0
2014-08-27 00:00:00+09:00,255.82247348466527,257.40162455555827,253.45374687832577,255.03289794921875,20300,0.0,0.0
2014-08-28 00:00:00+09:00,255.82242412860577,257.40157489483175,255.82242412860577,256.61199951171875,6500,0.0,0.0
2014-08-29 00:00:00+09:00,256.612010174487,264.50776433370197,255.82243475856552,262.1390380859375,33500,0.0,0.0
2014-09-01 00:00:00+09:00,260.55992171609194,266.87652587890625,260.55992171609194,266.87652587890625,26900,0.0,0.0
2014-09-02 00:00:00+09:00,266.8765200832831,266.8765200832831,257.40161404482336,266.0869445800781,36300,0.0,0.0
2014-09-03 00:00:00+09:00,264.5078143495502,266.0869654799953,260.5599365234375,260.5599365234375,45600,0.0,0.0
2014-09-04 00:00:00+09:00,261.34951208866005,262.1390876538826,260.5599365234375,260.5599365234375,19100,0.0,0.0
2014-09-05 00:00:00+09:00,261.34946851758986,262.9286193847656,260.55989308400194,262.9286193847656,15100,0.0,0.0
2014-09-08 00:00:00+09:00,262.928613501859,265.2973397496235,262.1390380859375,262.1390380859375,26800,0.0,0.0
2014-09-09 00:00:00+09:00,263.7181948183535,266.08692111911716,262.1390439511777,262.9286193847656,18400,0.0,0.0
2014-09-10 00:00:00+09:00,262.9286860848615,266.0869886204154,259.77038354930767,263.71826171875,25300,0.0,0.0
2014-09-11 00:00:00+09:00,262.928613501859,264.50776433370197,261.349462670016,262.1390380859375,20300,0.0,0.0
2014-09-12 00:00:00+09:00,265.297412986527,265.297412986527,262.1391104509731,263.71826171875,42700,0.0,0.0
2014-09-16 00:00:00+09:00,267.6660997930143,273.1931284023096,266.8765242774007,270.82440185546875,165400,0.0,0.0
2014-09-17 00:00:00+09:00,270.82440993617956,281.8784674845951,270.82440993617956,280.29931640625,201200,0.0,0.0
2014-09-18 00:00:00+09:00,279.50975045051365,285.82635498046875,276.35144818553607,285.82635498046875,143700,0.0,0.0
2014-09-19 00:00:00+09:00,284.2471572100106,285.03673264670505,277.93055371645477,279.50970458984375,135000,0.0,0.0
2014-09-22 00:00:00+09:00,280.29932397043603,281.08889953091614,277.1410217285156,277.1410217285156,53700,0.0,0.0
2014-09-24 00:00:00+09:00,274.7722950470753,277.9305972889957,273.9827194865952,277.1410217285156,29500,0.0,0.0
2014-09-25 00:00:00+09:00,279.5097426060268,280.2993181501116,276.3514404296875,276.3514404296875,43100,0.0,0.0
2014-09-26 00:00:00+09:00,276.35149718014077,284.36168550420285,273.14742185051597,279.5555725097656,55300,5.0,0.0
2014-09-29 00:00:00+09:00,281.15757277916214,281.9585915050287,277.1524791498294,278.7545166015625,35000,0.0,0.0
2014-09-30 00:00:00+09:00,281.15755617024263,281.15755617024263,272.34635070621795,273.1473693847656,47200,0.0,0.0
2014-10-01 00:00:00+09:00,273.94841602870395,273.94841602870395,269.1423034667969,269.1423034667969,41800,0.0,0.0
2014-10-02 00:00:00+09:00,265.9381678403335,268.3412235738305,261.13205637333954,261.9330749511719,61700,0.0,0.0
2014-10-03 00:00:00+09:00,264.3362055723428,265.93824318187217,262.73416796281344,263.5351867675781,25900,0.0,0.0
2014-10-06 00:00:00+09:00,265.9382284255255,272.34637850806826,265.13720966520765,269.1423034667969,30100,0.0,0.0
2014-10-07 00:00:00+09:00,269.14227662603537,269.14227662603537,265.9382019042969,265.9382019042969,15000,0.0,0.0
2014-10-08 00:00:00+09:00,262.734130859375,266.7392243175972,261.93311216773054,262.734130859375,31600,0.0,0.0
2014-10-09 00:00:00+09:00,265.9382056259527,267.54024300924164,262.734130859375,262.734130859375,23200,0.0,0.0
2014-10-10 00:00:00+09:00,261.93311592384623,262.73413462697727,258.7290411113221,259.5300598144531,37600,0.0,0.0
2014-10-14 00:00:00+09:00,257.1269940070386,257.92801267995776,254.72393798828125,254.72393798828125,43100,0.0,0.0
2014-10-15 00:00:00+09:00,254.72394468492848,257.9280194608395,254.72394468492848,255.52496337890625,4800,0.0,0.0
2014-10-16 00:00:00+09:00,254.7238937571079,256.3259308247627,253.12185668945312,253.12185668945312,13700,0.0,0.0
2014-10-17 00:00:00+09:00,251.51988415840344,253.12192163711939,249.9178466796875,249.9178466796875,15000,0.0,0.0
2014-10-20 00:00:00+09:00,253.12190729697295,260.3310755427728,250.71885121503965,255.52496337890625,20300,0.0,0.0
2014-10-21 00:00:00+09:00,257.92801267995776,258.72903135287686,254.72393798828125,254.72393798828125,6700,0.0,0.0
2014-10-22 00:00:00+09:00,257.1270045689174,257.9280232747396,252.32089233398438,252.32089233398438,39200,0.0,0.0
2014-10-23 00:00:00+09:00,253.12192048164914,257.12701416015625,250.71886427454487,257.12701416015625,16500,0.0,0.0
2014-10-24 00:00:00+09:00,258.7289970824437,258.7289970824437,254.72390424835015,257.927978515625,17000,0.0,0.0
2014-10-27 00:00:00+09:00,257.927978515625,259.53001564926245,254.72390424835015,257.927978515625,8800,0.0,0.0
2014-10-28 00:00:00+09:00,255.52495666120038,255.52495666120038,251.51986329660477,254.72393798828125,27000,0.0,0.0
2014-10-29 00:00:00+09:00,248.31581115722656,251.51988613990045,245.11173617455268,248.31581115722656,97400,0.0,0.0
2014-10-30 00:00:00+09:00,248.3158157884884,250.7188720703125,248.3158157884884,250.7188720703125,11800,0.0,0.0
2014-10-31 00:00:00+09:00,251.51988687124162,254.72396186323195,249.91784937524645,253.92294311523438,33200,0.0,0.0
2014-11-04 00:00:00+09:00,257.12700748443604,261.13210105895996,256.32598876953125,256.32598876953125,48400,0.0,0.0
2014-11-05 00:00:00+09:00,256.32598876953125,257.12700748443604,255.52497005462646,256.32598876953125,10800,0.0,0.0
2014-11-06 00:00:00+09:00,257.12700748443604,258.7290449142456,254.72395133972168,256.32598876953125,22100,0.0,0.0
2014-11-07 00:00:00+09:00,257.12700748443604,260.3310823440552,256.32598876953125,256.32598876953125,29500,0.0,0.0
2014-11-10 00:00:00+09:00,259.5300703672605,259.5300703672605,253.92293921735057,257.12701416015625,24200,0.0,0.0
2014-11-11 00:00:00+09:00,257.12698682539303,266.7392106319498,255.52494952430024,261.132080078125,47900,0.0,0.0
2014-11-12 00:00:00+09:00,261.13205278289985,263.535108483356,257.1269599488063,257.927978515625,16700,0.0,0.0
2014-11-13 00:00:00+09:00,257.9280194608395,257.9280194608395,252.32088860299518,255.52496337890625,29200,0.0,0.0
2014-11-14 00:00:00+09:00,254.72393798828125,256.3259753341195,253.121900642443,254.72393798828125,13900,0.0,0.0
2014-11-17 00:00:00+09:00,256.32598586309524,256.32598586309524,252.32089233398438,252.32089233398438,27100,0.0,0.0
2014-11-18 00:00:00+09:00,252.3209056192392,254.72396186323195,252.3209056192392,253.92294311523438,12100,0.0,0.0
2014-11-19 00:00:00+09:00,253.92292599095072,257.9280194608395,253.92292599095072,255.52496337890625,15100,0.0,0.0
2014-11-20 00:00:00+09:00,254.72395795305198,257.12701416015625,253.92293921735057,257.12701416015625,13800,0.0,0.0
2014-11-21 00:00:00+09:00,257.1270007668618,257.1270007668618,252.32088860299518,255.52496337890625,20500,0.0,0.0
2014-11-25 00:00:00+09:00,260.3310410821401,260.3310410821401,253.12187379063468,258.72900390625,69000,0.0,0.0
2014-11-26 00:00:00+09:00,259.53001564926245,259.53001564926245,255.52492281516888,257.927978515625,25500,0.0,0.0
2014-11-27 00:00:00+09:00,258.7290006398425,261.9330749511719,258.7290006398425,261.9330749511719,28900,0.0,0.0
2014-11-28 00:00:00+09:00,263.53522375858194,264.33624267578125,261.93318592418325,264.33624267578125,23100,0.0,0.0
2014-12-01 00:00:00+09:00,263.53511210683655,264.3361306846689,261.13205637333954,261.9330749511719,32000,0.0,0.0
2014-12-02 00:00:00+09:00,261.13205967008514,262.7340968459752,257.92798531830493,258.72900390625,15600,0.0,0.0
2014-12-03 00:00:00+09:00,260.3310891029619,261.9331265743648,257.12701416015625,257.12701416015625,23200,0.0,0.0
2014-12-04 00:00:00+09:00,259.53000563401446,260.3310241699219,257.9279685621995,260.3310241699219,18400,0.0,0.0
2014-12-05 00:00:00+09:00,257.92798531830493,259.53002249419507,257.92798531830493,258.72900390625,23400,0.0,0.0
2014-12-08 00:00:00+09:00,260.33107851758416,261.93311592384623,259.5300598144531,259.5300598144531,25000,0.0,0.0
2014-12-09 00:00:00+09:00,261.9330612417368,261.9330612417368,260.3310241699219,260.3310241699219,10300,0.0,0.0
2014-12-10 00:00:00+09:00,259.5300598144531,259.5300598144531,257.92802240819105,259.5300598144531,9600,0.0,0.0
2014-12-11 00:00:00+09:00,259.53001564926245,261.13205278289985,257.1269599488063,257.927978515625,34700,0.0,0.0
2014-12-12 00:00:00+09:00,261.93311592384623,261.93311592384623,258.7290411113221,259.5300598144531,21300,0.0,0.0
2014-12-15 00:00:00+09:00,260.3310241699219,261.13204270582935,257.9279685621995,260.3310241699219,16600,0.0,0.0
2014-12-16 00:00:00+09:00,257.92803289585765,259.5300703672605,256.32599542445485,257.12701416015625,29600,0.0,0.0
2014-12-17 00:00:00+09:00,255.52496337890622,260.3310755427728,255.52496337890622,255.52496337890625,31600,0.0,0.0
2014-12-18 00:00:00+09:00,257.92803289585765,260.3310891029619,257.12701416015625,257.12701416015625,9300,0.0,0.0
2014-12-19 00:00:00+09:00,257.927978515625,259.53001564926245,257.1269599488063,257.927978515625,49500,0.0,0.0
2014-12-22 00:00:00+09:00,257.1269599488063,260.33103421608115,257.1269599488063,257.927978515625,61500,0.0,0.0
2014-12-24 00:00:00+09:00,259.53004277703224,261.132080078125,258.72902412648585,261.132080078125,32000,0.0,0.0
2014-12-25 00:00:00+09:00,261.9331265743648,261.9331265743648,256.32599542445485,257.12701416015625,55500,0.0,0.0
2014-12-26 00:00:00+09:00,257.1270037050601,260.33107851758416,257.1270037050601,259.5300598144531,13800,0.0,0.0
2014-12-29 00:00:00+09:00,261.1320972207152,261.1320972207152,258.7290411113221,259.5300598144531,12600,0.0,0.0
2014-12-30 00:00:00+09:00,257.927978515625,259.53001564926245,257.1269599488063,257.927978515625,26200,0.0,0.0
2015-01-05 00:00:00+09:00,257.92802240819105,259.5300598144531,257.1270037050601,259.5300598144531,17500,0.0,0.0
2015-01-06 00:00:00+09:00,259.5300703672605,259.5300703672605,257.12701416015625,257.12701416015625,14500,0.0,0.0
2015-01-07 00:00:00+09:00,256.32599542445485,258.7290516315591,256.32599542445485,257.12701416015625,8500,0.0,0.0
2015-01-08 00:00:00+09:00,258.7290411113221,260.33107851758416,257.1270037050601,259.5300598144531,21100,0.0,0.0
2015-01-09 00:00:00+09:00,259.53001564926245,259.53001564926245,257.927978515625,257.927978515625,5400,0.0,0.0
2015-01-13 00:00:00+09:00,257.92802240819105,260.33107851758416,257.1270037050601,259.5300598144531,18500,0.0,0.0
2015-01-14 00:00:00+09:00,257.9279685621995,260.3310241699219,257.9279685621995,260.3310241699219,14000,0.0,0.0
2015-01-15 00:00:00+09:00,259.5300927437547,264.3362055723428,259.5300927437547,263.5351867675781,79300,0.0,0.0
2015-01-16 00:00:00+09:00,260.33107851758416,262.73413462697727,259.5300598144531,259.5300598144531,35300,0.0,0.0
2015-01-19 00:00:00+09:00,262.7341103924963,278.75448297740456,260.33105450476,267.54022216796875,210100,0.0,0.0
2015-01-20 00:00:00+09:00,270.7443170292795,273.1473730975867,266.7392235821008,269.94329833984375,161600,0.0,0.0
2015-01-21 00:00:00+09:00,273.9483781045942,273.9483781045942,266.73921025973647,268.34124755859375,81000,0.0,0.0
2015-01-22 00:00:00+09:00,268.3412953969595,269.14231418918916,266.7392578125,266.7392578125,24800,0.0,0.0
2015-01-23 00:00:00+09:00,268.34124755859375,269.94328485745103,267.54022890916514,268.34124755859375,26900,0.0,0.0
2015-01-26 00:00:00+09:00,268.34128204069106,268.34128204069106,265.13720703125,265.13720703125,13000,0.0,0.0
2015-01-27 00:00:00+09:00,265.1372202280405,268.3412953969595,265.1372202280405,266.7392578125,28700,0.0,0.0
2015-01-28 00:00:00+09:00,265.1371729608792,269.1422662080224,265.1371729608792,268.34124755859375,9900,0.0,0.0
2015-01-29 00:00:00+09:00,267.5402632883308,269.14230079305133,264.3361882788897,265.13720703125,55100,0.0,0.0
2015-01-30 00:00:00+09:00,265.93824318187217,265.93824318187217,263.5351867675781,263.5351867675781,57300,0.0,0.0
2015-02-02 00:00:00+09:00,266.73922058473147,268.3412579456008,262.7341271825583,265.9382019042969,29800,0.0,0.0
2015-02-03 00:00:00+09:00,265.9382056259527,265.9382056259527,262.734130859375,262.734130859375,29600,0.0,0.0
2015-02-04 00:00:00+09:00,264.33616824266386,265.1371869343083,260.3310747844417,262.734130859375,45100,0.0,0.0
2015-02-05 00:00:00+09:00,262.73416796281344,263.5351867675781,261.1321303532841,263.5351867675781,20300,0.0,0.0
2015-02-06 00:00:00+09:00,264.3361645434276,265.9382019042969,261.1320898216891,265.9382019042969,32800,0.0,0.0
2015-02-09 00:00:00+09:00,265.93824790571995,272.346398457665,264.3362102677337,271.5453796386719,62000,0.0,0.0
2015-02-10 00:00:00+09:00,271.5452949075138,273.1473320456112,269.14223920036767,272.3463134765625,38500,0.0,0.0
2015-02-12 00:00:00+09:00,273.94840144833046,275.5504388837008,268.34127042453423,274.7494201660156,42900,0.0,0.0
2015-02-13 00:00:00+09:00,275.55047373363755,275.55047373363755,271.5453796386719,271.5453796386719,34100,0.0,0.0
2015-02-16 00:00:00+09:00,274.7494201660156,277.1524763190711,272.34636401296007,274.7494201660156,23700,0.0,0.0
2015-02-17 00:00:00+09:00,275.55047373363755,277.1525113716238,271.5453796386719,271.5453796386719,35200,0.0,0.0
2015-02-18 00:00:00+09:00,273.9483947753906,276.3514508699116,272.3463573790433,273.9483947753906,23400,0.0,0.0
2015-02-19 00:00:00+09:00,273.1473590939544,276.3514336874319,271.54532179721565,275.5504150390625,37000,0.0,0.0
2015-02-20 00:00:00+09:00,276.3513862742165,277.15240478515625,273.9483307413972,277.15240478515625,15400,0.0,0.0
2015-02-23 00:00:00+09:00,277.15245909759966,278.7544964334239,275.5504217617754,276.3514404296875,23800,0.0,0.0
2015-02-24 00:00:00+09:00,277.1525029339089,278.7545405231223,275.5504653446956,277.9535217285156,24600,0.0,0.0
2015-02-25 00:00:00+09:00,277.953423296096,278.7544418070358,276.3513862742165,277.15240478515625,20700,0.0,0.0
2015-02-26 00:00:00+09:00,277.1524086107216,281.1575012207031,276.3513900887253,281.1575012207031,54000,0.0,0.0
2015-02-27 00:00:00+09:00,281.1575012207031,282.7595382646957,279.55546417671053,281.1575012207031,40000,0.0,0.0
2015-03-02 00:00:00+09:00,281.95857421874996,281.95857421874996,279.5555181884765,280.3565368652344,28300,0.0,0.0
2015-03-03 00:00:00+09:00,280.3565781123356,280.3565781123356,273.14740896087557,277.9535217285156,72800,0.0,0.0
2015-03-04 00:00:00+09:00,276.3514336874319,277.15245233580123,272.34634044558504,275.5504150390625,21700,0.0,0.0
2015-03-05 00:00:00+09:00,273.9484406829222,280.35659134217184,273.9484406829222,279.5555725097656,14000,0.0,0.0
2015-03-06 00:00:00+09:00,278.7544418070358,278.7544418070358,277.15240478515625,277.15240478515625,12700,0.0,0.0
2015-03-09 00:00:00+09:00,275.5504217617754,277.95347776551176,274.74940309386324,276.3514404296875,9200,0.0,0.0
2015-03-10 00:00:00+09:00,276.35145760138596,277.1524763190711,274.7494201660156,274.7494201660156,13300,0.0,0.0
2015-03-11 00:00:00+09:00,274.74939639069316,277.15245233580123,274.74939639069316,275.5504150390625,20300,0.0,0.0
2015-03-12 00:00:00+09:00,277.1524791498294,278.7545166015625,276.3514604239628,278.7545166015625,29400,0.0,0.0
2015-03-13 00:00:00+09:00,281.15759690694233,281.15759690694233,277.9535217285156,277.9535217285156,19900,0.0,0.0
2015-03-16 00:00:00+09:00,279.5555110483862,287.56569761137723,278.7544923920871,286.7646789550781,76500,0.0,0.0
2015-03-17 00:00:00+09:00,286.76464159882704,288.3666787027311,284.361585942971,285.963623046875,68100,0.0,0.0
2015-03-18 00:00:00+09:00,285.963623046875,285.963623046875,283.56056739101894,285.963623046875,25600,0.0,0.0
2015-03-19 00:00:00+09:00,285.963623046875,285.963623046875,282.7595488390669,285.963623046875,26600,0.0,0.0
2015-03-20 00:00:00+09:00,285.963623046875,286.76464159882704,283.56056739101894,285.963623046875,13600,0.0,0.0
2015-03-23 00:00:00+09:00,283.56062128302756,287.5657148039743,283.56062128302756,285.16265869140625,33300,0.0,0.0
2015-03-24 00:00:00+09:00,285.9636773955956,285.9636773955956,282.7596025788382,285.16265869140625,37500,0.0,0.0
2015-03-25 00:00:00+09:00,282.7596435546875,285.1627000154922,281.9586247344193,282.7596435546875,55600,0.0,0.0
2015-03-26 00:00:00+09:00,285.162645242982,285.162645242982,281.1575519109176,283.56060791015625,79200,0.0,0.0
2015-03-27 00:00:00+09:00,283.5606583916832,285.9981425612392,280.31067949894185,281.9356689453125,29700,5.0,0.0
2015-03-30 00:00:00+09:00,280.3105965307204,287.623046875,279.4981020480226,287.623046875,44900,0.0,0.0
2015-03-31 00:00:00+09:00,288.43559719010045,288.43559719010045,284.3731239902399,286.81060791015625,34100,0.0,0.0
2015-04-01 00:00:00+09:00,285.18562237969763,286.81061168100643,281.1231491264256,282.7481384277344,14700,0.0,0.0
2015-04-02 00:00:00+09:00,281.1231742221272,284.37315311486856,281.1231742221272,281.9356689453125,15900,0.0,0.0
2015-04-03 00:00:00+09:00,284.37310791015625,284.37310791015625,280.31063494001114,284.37310791015625,24400,0.0,0.0
2015-04-06 00:00:00+09:00,281.1231330318727,282.7481222401494,278.6856492194577,280.3106384277344,26500,0.0,0.0
2015-04-07 00:00:00+09:00,278.68569005257115,281.9356689453125,278.68569005257115,281.9356689453125,15300,0.0,0.0
2015-04-08 00:00:00+09:00,281.93561121176555,281.93561121176555,276.24814931412186,277.8731384277344,75100,0.0,0.0
2015-04-09 00:00:00+09:00,278.68570909528256,278.68570909528256,273.8107404230619,275.43572998046875,83200,0.0,0.0
2015-04-10 00:00:00+09:00,276.2482195069804,276.2482195069804,272.18574569070125,274.62322998046875,30900,0.0,0.0
2015-04-13 00:00:00+09:00,276.24814931412186,277.8731384277344,274.6231602005094,277.8731384277344,99500,0.0,0.0
2015-04-14 00:00:00+09:00,277.87314925082893,281.1231276046398,277.87314925082893,279.4981384277344,31300,0.0,0.0
2015-04-15 00:00:00+09:00,281.1231491264256,284.37312772904323,280.3106544757712,282.7481384277344,41400,0.0,0.0
2015-04-16 00:00:00+09:00,281.1231295340402,284.37310791015625,281.1231295340402,284.37310791015625,19600,0.0,0.0
2015-04-17 00:00:00+09:00,283.5606133161272,284.37310791015625,281.1231295340402,284.37310791015625,24000,0.0,0.0
2015-04-20 00:00:00+09:00,280.3106384277344,281.9356276360111,280.3106384277344,280.3106384277344,15000,0.0,0.0
2015-04-21 00:00:00+09:00,280.3106384277344,282.7481222401494,280.3106384277344,280.3106384277344,10700,0.0,0.0
2015-04-22 00:00:00+09:00,280.3106275730856,281.9356167184368,277.87314385505874,278.6856384277344,19600,0.0,0.0
2015-04-23 00:00:00+09:00,280.3106384277344,281.1231330318727,278.6856492194577,280.3106384277344,16300,0.0,0.0
2015-04-24 00:00:00+09:00,278.6856492194577,281.1231330318727,278.6856492194577,280.3106384277344,8400,0.0,0.0
2015-04-27 00:00:00+09:00,279.498143823596,280.3106384277344,278.6856492194577,280.3106384277344,17600,0.0,0.0
2015-04-28 00:00:00+09:00,278.685627509422,279.49812205026575,276.24814388689055,277.0606384277344,25000,0.0,0.0
2015-04-30 00:00:00+09:00,276.2481384277344,278.68562200209675,275.43564390294694,276.2481384277344,32400,0.0,0.0
2015-05-01 00:00:00+09:00,275.43572998046875,277.0607195378756,273.8107404230619,275.43572998046875,20800,0.0,0.0
2015-05-07 00:00:00+09:00,275.4356493460468,277.0606384277344,275.4356493460468,277.0606384277344,20400,0.0,0.0
2015-05-08 00:00:00+09:00,276.2482195069804,276.2482195069804,274.62322998046875,274.62322998046875,29400,0.0,0.0
2015-05-11 00:00:00+09:00,276.248178027925,276.248178027925,270.5607155391148,272.9981994628906,51000,0.0,0.0
2015-05-12 00:00:00+09:00,272.9981743787092,275.4356580785191,272.1856798121059,273.8106689453125,9300,0.0,0.0
2015-05-13 00:00:00+09:00,276.24814931412186,278.68563298454063,273.81066564370315,277.8731384277344,42900,0.0,0.0
2015-05-14 00:00:00+09:00,279.49816509782414,290.0605957555907,277.87317576586,283.5606384277344,173900,0.0,0.0
2015-05-15 00:00:00+09:00,290.87309101063715,302.2480163574219,285.9981230048723,302.2480163574219,359800,0.0,0.0
2015-05-18 00:00:00+09:00,297.37302892348345,306.31046968347886,293.3105558507583,303.87298583984375,130200,0.0,0.0
2015-05-19 00:00:00+09:00,303.06046303196956,311.9979029605263,300.62297941509047,308.7479248046875,201300,0.0,0.0
2015-05-20 00:00:00+09:00,304.6854949704399,307.12297893020343,298.9980323976584,301.4355163574219,93600,0.0,0.0
2015-05-21 00:00:00+09:00,301.4354966396301,304.6854750400574,301.4354966396301,303.06048583984375,36100,0.0,0.0
2015-05-22 00:00:00+09:00,303.0604221404545,308.7478831457713,303.0604221404545,307.1228942871094,83700,0.0,0.0
2015-05-25 00:00:00+09:00,307.12291882701754,316.06035826378263,305.49792983851484,315.24786376953125,145400,0.0,0.0
2015-05-26 00:00:00+09:00,316.06039229510037,316.06039229510037,310.37293022295205,311.1854248046875,51400,0.0,0.0
2015-05-27 00:00:00+09:00,311.18541937223904,311.18541937223904,304.6854628318267,310.3729248046875,56000,0.0,0.0
2015-05-28 00:00:00+09:00,308.7479131938866,319.3103418031511,305.4979351602667,316.06036376953125,138900,0.0,0.0
2015-05-29 00:00:00+09:00,315.24789094803594,319.31036376953125,311.9979126908397,319.31036376953125,85500,0.0,0.0
2015-06-01 00:00:00+09:00,319.31035725709523,329.060291829831,316.8728736139113,327.435302734375,148700,0.0,0.0
2015-06-02 00:00:00+09:00,327.4352963796251,340.43520889097493,327.4352963796251,335.56024169921875,181500,0.0,0.0
2015-06-03 00:00:00+09:00,336.3727756553972,346.1227111816406,334.74778640102335,346.1227111816406,161900,0.0,0.0
2015-06-04 00:00:00+09:00,342.0601588270399,366.4349919976128,341.24766438802084,365.62249755859375,269800,0.0,0.0
2015-06-05 00:00:00+09:00,361.56003631321727,384.3098812947231,353.4350916769652,367.24749755859375,402800,0.0,0.0
2015-06-08 00:00:00+09:00,365.6225476946149,392.4348678588867,348.5601621355329,386.7474060058594,205400,0.0,0.0
2015-06-09 00:00:00+09:00,373.74748345327686,387.55989045046323,373.74748345327686,376.1849670410156,149600,0.0,0.0
2015-06-10 00:00:00+09:00,370.49752294921876,425.74715356445313,370.49752294921876,406.2472839355469,370700,0.0,0.0
2015-06-11 00:00:00+09:00,414.37225341796875,430.6221457088695,398.9348557416131,400.5598449707031,225100,0.0,0.0
2015-06-12 00:00:00+09:00,403.8098449707031,414.3722755232567,398.9348770233707,403.8098449707031,104600,0.0,0.0
2015-06-15 00:00:00+09:00,402.18479108206833,402.18479108206833,383.4974169509823,385.1224060058594,103900,0.0,0.0
2015-06-16 00:00:00+09:00,375.37251557337555,384.30995642036066,367.2475693488436,368.87255859375,120200,0.0,0.0
2015-06-17 00:00:00+09:00,368.8725216306489,381.87243428723565,368.8725216306489,376.9974670410156,80500,0.0,0.0
2015-06-18 00:00:00+09:00,381.87250008510347,381.87250008510347,368.8725851885893,372.93505859375,66100,0.0,0.0
2015-06-19 00:00:00+09:00,368.06007465563323,381.87248363829497,368.06007465563323,370.49755859375,81800,0.0,0.0
2015-06-22 00:00:00+09:00,370.4975183629021,370.4975183629021,351.8101435331943,359.9350891113281,101900,0.0,0.0
2015-06-23 00:00:00+09:00,365.6225598548069,398.122342953012,365.6225598548069,393.24737548828125,202300,0.0,0.0
2015-06-24 00:00:00+09:00,387.55992937969233,404.62231620772906,387.55992937969233,395.68487548828125,99300,0.0,0.0
2015-06-25 00:00:00+09:00,394.8723570625737,394.8723570625737,382.6849386347165,387.5599060058594,41000,0.0,0.0
2015-06-26 00:00:00+09:00,382.68499618038055,383.49749086441534,376.9975333921371,377.8100280761719,65100,0.0,0.0
2015-06-29 00:00:00+09:00,354.2476102909334,367.2475225951878,354.2476102909334,366.4350280761719,62600,0.0,0.0
2015-06-30 00:00:00+09:00,362.37262534283576,384.3099815855635,362.37262534283576,381.87249755859375,72600,0.0,0.0
2015-07-01 00:00:00+09:00,379.4349849925322,402.1848341997932,379.4349849925322,400.5598449707031,81000,0.0,0.0
2015-07-02 00:00:00+09:00,406.24724202633837,414.37218686686515,402.99726409012766,413.5596923828125,72400,0.0,0.0
2015-07-03 00:00:00+09:00,405.43483428648057,411.12229689170175,401.3723609970369,403.8098449707031,68900,0.0,0.0
2015-07-06 00:00:00+09:00,400.5598266853774,401.3723212628325,392.4348809108261,393.24737548828125,40100,0.0,0.0
2015-07-07 00:00:00+09:00,397.30984368896486,406.2472839355469,397.30984368896486,406.2472839355469,29900,0.0,0.0
2015-07-08 00:00:00+09:00,406.24729228169036,406.24729228169036,385.93492766760585,389.1849060058594,43900,0.0,0.0
2015-07-09 00:00:00+09:00,369.6850276338881,394.0598646207379,362.3725765378332,392.43487548828125,79700,0.0,0.0
2015-07-10 00:00:00+09:00,389.9973809446466,398.12232638099334,386.74740277010784,390.80987548828125,36500,0.0,0.0
2015-07-13 00:00:00+09:00,389.18490985940286,400.5598341559198,389.18490985940286,398.9348449707031,37200,0.0,0.0
2015-07-14 00:00:00+09:00,402.184784278441,437.9345428809691,402.184784278441,433.8720703125,180600,0.0,0.0
2015-07-15 00:00:00+09:00,433.8721644910298,433.8721644910298,412.747302549519,424.9347229003906,100500,0.0,0.0
2015-07-16 00:00:00+09:00,429.8096382861423,431.4346274668082,418.43471402148066,421.6846923828125,27600,0.0,0.0
2015-07-17 00:00:00+09:00,422.49723212663514,422.49723212663514,415.9972747093023,419.24725341796875,19400,0.0,0.0
2015-07-21 00:00:00+09:00,424.1221463661494,424.93464089941796,412.7472229003906,412.7472229003906,27500,0.0,0.0
2015-07-22 00:00:00+09:00,417.62226780125354,417.62226780125354,394.0599219525447,396.4974060058594,33300,0.0,0.0
2015-07-23 00:00:00+09:00,397.3098963960688,397.3098963960688,379.435013531624,381.87249755859375,69800,0.0,0.0
2015-07-24 00:00:00+09:00,381.0599474086883,386.7474093103105,379.4349582939391,382.6849365234375,21200,0.0,0.0
2015-07-27 00:00:00+09:00,381.059985179446,383.49746909317383,374.5600280761719,374.5600280761719,28400,0.0,0.0
2015-07-28 00:00:00+09:00,372.935010432176,381.05995619322556,370.4975267038611,379.4349670410156,19200,0.0,0.0
2015-07-29 00:00:00+09:00,381.8724119766899,383.49740096382476,373.7474670410156,373.7474670410156,20100,0.0,0.0
2015-07-30 00:00:00+09:00,373.74757328492547,377.81004690758766,371.3100891113281,371.3100891113281,32200,0.0,0.0
2015-07-31 00:00:00+09:00,370.49755859375,372.1225478858278,367.2475800095943,370.49755859375,33200,0.0,0.0
2015-08-03 00:00:00+09:00,376.18499265284527,392.4348843441129,376.18499265284527,389.1849060058594,57400,0.0,0.0
2015-08-04 00:00:00+09:00,383.4974201259329,388.3723873309235,379.4349474551073,381.0599365234375,23600,0.0,0.0
2015-08-05 00:00:00+09:00,376.99750856939033,376.99750856939033,361.56011058917824,364.8100891113281,67100,0.0,0.0
2015-08-06 00:00:00+09:00,364.8101089784763,365.6226036532613,362.3726249541212,363.18511962890625,16000,0.0,0.0
2015-08-07 00:00:00+09:00,364.81003110043633,365.62252560177365,360.74755859375,360.74755859375,50000,0.0,0.0
2015-08-10 00:00:00+09:00,363.18508724290496,363.18508724290496,357.49762502657313,358.31011962890625,58400,0.0,0.0
2015-08-11 00:00:00+09:00,358.3100956255211,358.3100956255211,346.122677406966,350.1851501464844,83600,0.0,0.0
2015-08-12 00:00:00+09:00,349.3726842543658,350.18517886891084,337.9977596507353,345.3102111816406,70500,0.0,0.0
2015-08-13 00:00:00+09:00,344.49767380617976,363.99754213483146,342.8726847787921,361.56005859375,85800,0.0,0.0
2015-08-14 00:00:00+09:00,363.99754910232184,376.1849670410156,350.99763663438176,376.1849670410156,97500,0.0,0.0
2015-08-17 00:00:00+09:00,368.8725550034467,369.68504961799175,359.12261962890625,359.12261962890625,41800,0.0,0.0
2015-08-18 00:00:00+09:00,362.37259264057184,362.37259264057184,357.49762502657313,358.31011962890625,10400,0.0,0.0
2015-08-19 00:00:00+09:00,357.4976087596318,362.37257615180863,355.87261962890625,355.87261962890625,28800,0.0,0.0
2015-08-20 00:00:00+09:00,362.3725907249012,362.3725907249012,351.8101609504086,353.4351501464844,58100,0.0,0.0
2015-08-21 00:00:00+09:00,349.3726842543658,355.8726411707261,345.3102111816406,345.3102111816406,102500,0.0,0.0
2015-08-24 00:00:00+09:00,334.7478445870536,337.1853288922991,312.81048583984375,312.81048583984375,48500,0.0,0.0
2015-08-25 00:00:00+09:00,293.3105388861052,328.2478052908213,292.49804431855364,310.3729248046875,61200,0.0,0.0
2015-08-26 00:00:00+09:00,308.7479467225491,328.24781704186796,307.1229575292725,325.8103332519531,25600,0.0,0.0
2015-08-27 00:00:00+09:00,332.3103134266652,337.9977760036496,329.8728294651004,333.935302734375,11800,0.0,0.0
2015-08-28 00:00:00+09:00,338.8102524786974,343.68522014026144,334.7477794273941,340.43524169921875,24400,0.0,0.0
2015-08-31 00:00:00+09:00,340.4352683301242,346.9352257206755,337.1852896348486,344.49774169921875,8800,0.0,0.0
2015-09-01 00:00:00+09:00,345.31019071253337,345.31019071253337,331.49778308403205,333.1227722167969,36500,0.0,0.0
2015-09-02 00:00:00+09:00,325.81032239106065,330.68528980838323,317.68537669552296,324.1853332519531,25700,0.0,0.0
2015-09-03 00:00:00+09:00,331.4977361505682,337.1851973100142,322.56029718572444,330.68524169921875,57000,0.0,0.0
2015-09-04 00:00:00+09:00,329.060350501019,334.74781334918475,317.6854248046875,317.6854248046875,67700,0.0,0.0
2015-09-07 00:00:00+09:00,312.8104019165039,319.3103583199637,307.12294006347656,318.49786376953125,15200,0.0,0.0
2015-09-08 00:00:00+09:00,320.12285961530597,320.12285961530597,305.49795739937827,310.3729248046875,20700,0.0,0.0
2015-09-09 00:00:00+09:00,313.6229422653778,327.4353516397597,313.6229422653778,320.9353942871094,20100,0.0,0.0
2015-09-10 00:00:00+09:00,322.5603836252719,323.37287829435326,316.0604262726216,320.9353942871094,8400,0.0,0.0
2015-09-11 00:00:00+09:00,319.31040494894677,323.37287829435326,319.31040494894677,320.9353942871094,9100,0.0,0.0
2015-09-14 00:00:00+09:00,321.7478691504644,324.9978476267317,320.9353745313976,322.56036376953125,4900,0.0,0.0
2015-09-15 00:00:00+09:00,323.3728310721261,323.3728310721261,315.24788556780135,318.49786376953125,25600,0.0,0.0
2015-09-16 00:00:00+09:00,319.31037995309543,324.9978421914457,319.31037995309543,321.74786376953125,8500,0.0,0.0
2015-09-17 00:00:00+09:00,322.56032918786883,335.56024169921875,321.74783465590946,335.56024169921875,13600,0.0,0.0
2015-09-18 00:00:00+09:00,335.5602515905946,335.5602515905946,323.3728332519531,323.3728332519531,11200,0.0,0.0
2015-09-24 00:00:00+09:00,321.7478197235422,324.99779770054766,315.24786376953125,315.24786376953125,9100,0.0,0.0
2015-09-25 00:00:00+09:00,310.3729022106965,316.8728582779362,307.12292417707664,316.06036376953125,28100,0.0,0.0
2015-09-28 00:00:00+09:00,316.06041131105394,320.9988552377892,316.06041131105394,320.17578125,5300,5.0,0.0
2015-09-29 00:00:00+09:00,320.1757340505333,320.1757340505333,313.59114311890283,317.7065124511719,1800,0.0,0.0
2015-09-30 00:00:00+09:00,314.41427055414573,339.1064907547331,312.7681225407733,338.2834167480469,18600,0.0,0.0
2015-10-01 00:00:00+09:00,335.8142141422755,350.6295471191406,335.8142141422755,350.6295471191406,32000,0.0,0.0
2015-10-02 00:00:00+09:00,350.629501735857,352.2756496313305,344.044910153963,351.45257568359375,11500,0.0,0.0
2015-10-05 00:00:00+09:00,350.6294375893056,350.6294375893056,346.5140686035156,346.5140686035156,11200,0.0,0.0
2015-10-06 00:00:00+09:00,351.45255825530865,351.45255825530865,340.75259746533436,347.3371887207031,14600,0.0,0.0
2015-10-07 00:00:00+09:00,347.3371390836785,347.3371390836785,341.57562255859375,341.57562255859375,5300,0.0,0.0
2015-10-08 00:00:00+09:00,341.5756843987701,343.2218322753906,340.7526104604598,343.2218322753906,1800,0.0,0.0
2015-10-09 00:00:00+09:00,343.22181832449775,349.80640956333707,341.57567051478793,345.6910400390625,11000,0.0,0.0
2015-10-13 00:00:00+09:00,348.9833679199219,353.9218118055811,346.5141459770922,348.9833679199219,15700,0.0,0.0
2015-10-14 00:00:00+09:00,342.3987583370803,345.69105409032153,339.9295365221495,343.2218322753906,21700,0.0,0.0
2015-10-15 00:00:00+09:00,341.5757167085688,348.98338285405583,341.5757167085688,348.1603088378906,12700,0.0,0.0
2015-10-16 00:00:00+09:00,344.0449070167997,347.337202777726,343.2218330765681,344.86798095703125,72500,0.0,0.0
2015-10-19 00:00:00+09:00,343.22177013718937,344.86791771578504,341.57562255859375,341.57562255859375,2500,0.0,0.0
2015-10-20 00:00:00+09:00,341.57562255859375,346.51406529438066,339.92947497999813,341.57562255859375,16900,0.0,0.0
2015-10-21 00:00:00+09:00,341.57566877511834,343.2218165764442,340.7525948744554,342.39874267578125,27300,0.0,0.0
2015-10-22 00:00:00+09:00,341.57566877511834,343.2218165764442,341.57566877511834,342.39874267578125,13700,0.0,0.0
2015-10-23 00:00:00+09:00,345.69108678939494,351.4526049025515,344.8680127732297,348.1603088378906,29000,0.0,0.0
2015-10-26 00:00:00+09:00,346.5141288374944,348.9833506581892,344.86798095703125,344.86798095703125,15700,0.0,0.0
2015-10-27 00:00:00+09:00,343.2218156897503,346.5141112838966,339.92952009560406,340.7525939941406,26100,0.0,0.0
2015-10-28 00:00:00+09:00,339.1064305340118,339.92950439453125,336.6372089524535,339.92950439453125,8500,0.0,0.0
2015-10-29 00:00:00+09:00,339.9294886172396,339.9294886172396,336.63719332796853,339.1064147949219,11000,0.0,0.0
2015-10-30 00:00:00+09:00,337.4603570676317,339.10650515088844,334.1680609011182,335.814208984375,32300,0.0,0.0
2015-11-02 00:00:00+09:00,331.69880248089225,331.69880248089225,321.82191506210637,322.6449890136719,58700,0.0,0.0
2015-11-04 00:00:00+09:00,316.0603722052846,320.1757416350409,303.7142639160156,303.7142639160156,131900,0.0,0.0
2015-11-05 00:00:00+09:00,311.94502378134206,315.23731954684433,307.8296540744642,314.41424560546875,109800,0.0,0.0
2015-11-06 00:00:00+09:00,313.59113929385234,319.3526562887525,310.2988438681951,311.1219177246094,114000,0.0,0.0
2015-11-09 00:00:00+09:00,312.7681146666061,322.64500249818315,310.29889270871183,318.5296325683594,83400,0.0,0.0
2015-11-10 00:00:00+09:00,312.7681146666061,319.35270655432413,312.7681146666061,318.5296325683594,36800,0.0,0.0
2015-11-11 00:00:00+09:00,320.1757819524506,322.6450039212356,316.88348599407067,321.8219299316406,27300,0.0,0.0
2015-11-12 00:00:00+09:00,321.8219292255784,321.8219292255784,316.06041131105394,320.17578125,10900,0.0,0.0
2015-11-13 00:00:00+09:00,316.06037859007836,317.706526395235,313.59115688234334,315.2373046875,9800,0.0,0.0
2015-11-16 00:00:00+09:00,314.4141856829325,316.8834070364634,312.7680381139119,316.0603332519531,11400,0.0,0.0
2015-11-17 00:00:00+09:00,316.06037859007836,319.3526742003917,315.2373046875,315.2373046875,10800,0.0,0.0
2015-11-18 00:00:00+09:00,316.88345160697077,316.88345160697077,312.7680821055815,313.5911560058594,13300,0.0,0.0
2015-11-19 00:00:00+09:00,312.7680821055815,316.0603777066929,312.7680821055815,313.5911560058594,69300,0.0,0.0
2015-11-20 00:00:00+09:00,311.9449925472862,313.5911402652138,310.29884482935853,312.76806640625,59400,0.0,0.0
2015-11-24 00:00:00+09:00,312.7680977227176,314.41424560546875,311.94502378134206,314.41424560546875,22300,0.0,0.0
2015-11-25 00:00:00+09:00,316.8834674295955,316.8834674295955,312.7680977227176,314.41424560546875,11100,0.0,0.0
2015-11-26 00:00:00+09:00,315.2373046875,316.88345249265666,313.59115688234334,315.2373046875,21000,0.0,0.0
2015-11-27 00:00:00+09:00,315.23730380641507,315.23730380641507,312.7680821055815,313.5911560058594,49600,0.0,0.0
2015-11-30 00:00:00+09:00,312.7680977227176,314.41424560546875,311.1219498399665,314.41424560546875,26400,0.0,0.0
2015-12-01 00:00:00+09:00,314.4142299061372,315.23730380641507,312.7680821055815,313.5911560058594,26000,0.0,0.0
2015-12-02 00:00:00+09:00,314.41424560546875,315.23731954684433,312.7680977227176,314.41424560546875,35900,0.0,0.0
2015-12-03 00:00:00+09:00,313.5911850663648,313.5911850663648,307.8296672304998,310.29888916015625,36900,0.0,0.0
2015-12-04 00:00:00+09:00,312.76814408735794,316.8835144042969,307.0066256436435,316.8835144042969,49400,0.0,0.0
2015-12-07 00:00:00+09:00,320.1757340505333,320.1757340505333,313.59114311890283,317.7065124511719,30700,0.0,0.0
2015-12-08 00:00:00+09:00,320.175810657848,326.7604031649503,316.0604403409091,316.8835144042969,35700,0.0,0.0
2015-12-09 00:00:00+09:00,315.23728700668096,319.3526562887525,311.1219177246094,311.1219177246094,29200,0.0,0.0
2015-12-10 00:00:00+09:00,311.1219177246094,314.4142131502666,311.1219177246094,311.1219177246094,20500,0.0,0.0
2015-12-11 00:00:00+09:00,311.12188607073847,312.76803361608626,309.4757385253906,309.4757385253906,18700,0.0,0.0
2015-12-14 00:00:00+09:00,306.18351708589535,307.0065910565564,304.53736914457335,305.3604431152344,21400,0.0,0.0
2015-12-15 00:00:00+09:00,306.1835021972656,311.1219457810925,306.1835021972656,306.1835021972656,13800,0.0,0.0
2015-12-16 00:00:00+09:00,307.0065932539477,310.29888916015625,304.53737132429126,310.29888916015625,33000,0.0,0.0
2015-12-17 00:00:00+09:00,309.47578650447014,316.88345160697077,309.47578650447014,313.5911560058594,23500,0.0,0.0
2015-12-18 00:00:00+09:00,310.29888916015625,316.0604069960212,310.29888916015625,310.29888916015625,78600,0.0,0.0
2015-12-21 00:00:00+09:00,311.12196313670836,313.5911850663648,310.29888916015625,310.29888916015625,37900,0.0,0.0
2015-12-22 00:00:00+09:00,310.29887267740014,310.29887267740014,307.006576946075,307.82965087890625,18600,0.0,0.0
2015-12-24 00:00:00+09:00,312.7681241422086,312.7681241422086,304.5373840332031,304.5373840332031,91100,0.0,0.0
2015-12-25 00:00:00+09:00,304.5373840332031,304.5373840332031,304.5373840332031,304.5373840332031,0,0.0,0.0
2015-12-28 00:00:00+09:00,307.006591796875,308.65273974216655,306.1835178242292,307.006591796875,12100,0.0,0.0
2015-12-29 00:00:00+09:00,307.00653181966146,308.6526794433594,304.53731038411456,308.6526794433594,28800,0.0,0.0
2015-12-30 00:00:00+09:00,309.47575325520836,309.47575325520836,307.8296056315104,308.6526794433594,14000,0.0,0.0
2016-01-04 00:00:00+09:00,308.6526794433594,312.7680485026042,308.6526794433594,308.6526794433594,17500,0.0,0.0
2016-01-05 00:00:00+09:00,307.8296056315104,311.1219008789063,307.00653181966146,308.6526794433594,3800,0.0,0.0
2016-01-06 00:00:00+09:00,307.0065910565564,308.6527389978784,305.3604431152344,305.3604431152344,7500,0.0,0.0
2016-01-07 00:00:00+09:00,305.3604107682646,305.3604107682646,302.068115234375,302.068115234375,9700,0.0,0.0
2016-01-08 00:00:00+09:00,297.95275708416983,300.4219788279613,294.66046142578125,294.66046142578125,42000,0.0,0.0
2016-01-12 00:00:00+09:00,295.4835609613463,298.7758569052053,282.31437718591025,283.137451171875,53600,0.0,0.0
2016-01-13 00:00:00+09:00,294.6603844907103,295.4834581904051,288.0757948931526,293.8373107910156,29200,0.0,0.0
2016-01-14 00:00:00+09:00,293.01431188206215,293.01431188206215,284.7835727842514,291.3681640625,6600,0.0,0.0
2016-01-15 00:00:00+09:00,291.3681623186384,291.3681623186384,280.66820155552455,288.07586669921875,44700,0.0,0.0
2016-01-18 00:00:00+09:00,280.668212890625,282.3143607668164,268.3221038191899,280.668212890625,50300,0.0,0.0
2016-01-19 00:00:00+09:00,282.3143485058313,286.4297180175781,279.8451267987832,286.4297180175781,14700,0.0,0.0
2016-01-20 00:00:00+09:00,282.3144043152591,284.78362651043625,269.14521927431406,273.2605895996094,26700,0.0,0.0
2016-01-21 00:00:00+09:00,266.6759628295898,270.79133262634275,260.91444511413573,263.3836669921875,15600,0.0,0.0
2016-01-22 00:00:00+09:00,265.85289473760696,276.5528564453125,265.85289473760696,276.5528564453125,18700,0.0,0.0
2016-01-25 00:00:00+09:00,279.8451348157808,279.8451348157808,272.4374694824219,272.4374694824219,11300,0.0,0.0
2016-01-26 00:00:00+09:00,271.61437801056843,271.61437801056843,268.32208251953125,268.32208251953125,4400,0.0,0.0
2016-01-27 00:00:00+09:00,269.14517295396803,273.26054257100117,266.6759511837481,270.79132080078125,26700,0.0,0.0
2016-01-28 00:00:00+09:00,267.4989929199219,270.79128821739783,266.6759190955529,267.4989929199219,12900,0.0,0.0
2016-01-29 00:00:00+09:00,267.49899793027055,275.729736328125,265.85285025069965,275.729736328125,28800,0.0,0.0
2016-02-01 00:00:00+09:00,282.3143420310371,302.068115234375,279.84512038061985,302.068115234375,221000,0.0,0.0
2016-02-02 00:00:00+09:00,292.1912250146892,302.8911853673398,292.1912250146892,295.4835205078125,75600,0.0,0.0
2016-02-03 00:00:00+09:00,293.8373831387224,293.8373831387224,282.3143485058313,286.4297180175781,12100,0.0,0.0
2016-02-04 00:00:00+09:00,286.42976095824116,286.42976095824116,278.1990207008204,279.0220947265625,7800,0.0,0.0
2016-02-05 00:00:00+09:00,274.0836486816406,274.90672270170563,268.32213054118574,274.0836486816406,15300,0.0,0.0
2016-02-08 00:00:00+09:00,274.0835886485541,275.729736328125,257.62211185284514,275.729736328125,28300,0.0,0.0
2016-02-09 00:00:00+09:00,269.9682112068965,269.9682112068965,260.91439924568965,262.560546875,12300,0.0,0.0
2016-02-10 00:00:00+09:00,265.85286945698726,265.85286945698726,251.03753927052978,255.97598266601562,16300,0.0,0.0
2016-02-12 00:00:00+09:00,242.80685157106635,246.09914786355537,234.57611083984375,234.57611083984375,48400,0.0,0.0
2016-02-15 00:00:00+09:00,240.3376028585754,249.3914166648916,240.3376028585754,245.2760467529297,19300,0.0,0.0
2016-02-16 00:00:00+09:00,244.45295877551715,252.68369812822817,244.45295877551715,247.74525451660156,17900,0.0,0.0
2016-02-17 00:00:00+09:00,250.2144339425223,255.97595051356723,250.2144339425223,253.50672912597656,14300,0.0,0.0
2016-02-18 00:00:00+09:00,256.79907147807455,261.73751516034525,252.68370174284902,255.15292358398438,16400,0.0,0.0
2016-02-19 00:00:00+09:00,250.21449717813485,263.383681240142,250.21449717813485,260.9144592285156,20900,0.0,0.0
2016-02-22 00:00:00+09:00,260.9143932887486,265.85283606392994,250.2144339425223,253.50672912597656,21800,0.0,0.0
2016-02-23 00:00:00+09:00,255.15291993404148,255.15291993404148,247.74525451660156,247.74525451660156,24400,0.0,0.0
2016-02-24 00:00:00+09:00,245.27603190240254,246.92217976751934,244.45295796984414,246.09910583496094,18700,0.0,0.0
2016-02-25 00:00:00+09:00,251.03759560119425,251.03759560119425,236.2222620903041,244.4530029296875,50400,0.0,0.0
2016-02-26 00:00:00+09:00,246.92222518150254,246.92222518150254,240.3376325099958,244.4530029296875,72400,0.0,0.0
2016-02-29 00:00:00+09:00,245.27607701362587,246.92222518150254,242.80685476181083,244.4530029296875,36500,0.0,0.0
2016-03-01 00:00:00+09:00,246.9221321312157,246.9221321312157,241.16061571482066,243.6298370361328,8700,0.0,0.0
2016-03-02 00:00:00+09:00,246.9221813843982,252.68369895003417,246.9221813843982,249.3914031982422,28900,0.0,0.0
2016-03-03 00:00:00+09:00,249.39141880838497,252.68371476625143,247.74527082945173,250.21449279785156,15900,0.0,0.0
2016-03-04 00:00:00+09:00,249.3913736812404,252.68366904336898,246.92215215964396,251.0375213623047,84300,0.0,0.0
2016-03-07 00:00:00+09:00,251.0375066520342,251.86058044433597,249.3913590674307,251.86058044433594,29300,0.0,0.0
2016-03-08 00:00:00+09:00,252.6836542366377,252.6836542366377,247.7452114828272,251.86058044433594,21700,0.0,0.0
2016-03-09 00:00:00+09:00,251.860604868814,251.860604868814,241.16064453125,241.16064453125,103200,0.0,0.0
2016-03-10 00:00:00+09:00,245.27607701362587,246.92222518150254,241.9837806778725,244.4530029296875,25100,0.0,0.0
2016-03-11 00:00:00+09:00,243.62988444010418,247.74525410970054,242.80681050618492,246.92218017578125,12600,0.0,0.0
2016-03-14 00:00:00+09:00,249.3914031982422,255.15292076387814,248.56832926029418,249.3914031982422,42100,0.0,0.0
2016-03-15 00:00:00+09:00,250.2145074503311,250.2145074503311,248.56835937499997,248.568359375,23400,0.0,0.0
2016-03-16 00:00:00+09:00,251.03755107413818,251.03755107413818,248.56832926029418,249.3914031982422,24200,0.0,0.0
2016-03-17 00:00:00+09:00,248.56834481891835,251.03756678731818,247.74527082945173,250.21449279785156,48600,0.0,0.0
2016-03-18 00:00:00+09:00,248.56835937499997,248.56835937499997,246.92221129966885,248.568359375,16100,0.0,0.0
2016-03-22 00:00:00+09:00,251.03755107413818,251.86062501208616,248.56832926029418,249.3914031982422,13900,0.0,0.0
2016-03-23 00:00:00+09:00,250.21446362225163,252.68368530273438,247.74524194176888,252.68368530273438,77000,0.0,0.0
2016-03-24 00:00:00+09:00,250.21447632241487,251.03755025768595,247.74525451660156,247.74525451660156,27800,0.0,0.0
2016-03-25 00:00:00+09:00,251.8606407767848,251.8606407767848,250.21449279785156,250.21449279785156,24000,0.0,0.0
2016-03-28 00:00:00+09:00,251.0375213623047,251.0375213623047,250.21444752177254,251.0375213623047,15600,0.0,0.0
2016-03-29 00:00:00+09:00,251.0375669338559,253.54794260319446,249.36398315429688,249.36398315429688,17200,5.0,0.0
2016-03-30 00:00:00+09:00,250.20077494097882,251.0375668304135,248.52719116210938,248.52719116210938,5300,0.0,0.0
2016-03-31 00:00:00+09:00,248.52719116210938,249.3639830515441,248.52719116210938,248.52719116210938,3900,0.0,0.0
2016-04-01 00:00:00+09:00,248.52720583402194,248.52720583402194,239.32249450683594,239.32249450683594,20700,0.0,0.0
2016-04-04 00:00:00+09:00,234.30168232732444,248.52714161148342,234.30168232732444,236.8120574951172,33700,0.0,0.0
2016-04-05 00:00:00+09:00,235.97528010542675,236.81207187885025,233.46490478515625,233.46490478515625,8000,0.0,0.0
2016-04-06 00:00:00+09:00,232.6281428650348,232.6281428650348,229.28097534179688,229.28097534179688,29300,0.0,0.0
2016-04-07 00:00:00+09:00,227.6073757595486,227.6073757595486,225.9337921142578,225.9337921142578,33700,0.0,0.0
2016-04-08 00:00:00+09:00,223.42340265447442,230.9545285866477,218.40265203302556,230.11773681640625,93000,0.0,0.0
2016-04-11 00:00:00+09:00,226.77059969936843,229.28097534179688,222.58664029532105,229.28097534179688,12900,0.0,0.0
2016-04-12 00:00:00+09:00,228.44413894543544,235.13847268742623,228.44413894543544,232.6280975341797,23900,0.0,0.0
2016-04-13 00:00:00+09:00,234.3016969945507,235.97528054451178,233.46490521957017,235.13848876953125,11000,0.0,0.0
2016-04-14 00:00:00+09:00,237.6488643132203,237.6488643132203,234.30169721021718,235.97528076171875,29500,0.0,0.0
2016-04-15 00:00:00+09:00,238.48565608897107,238.48565608897107,235.13848898596797,235.97528076171875,11000,0.0,0.0
2016-04-18 00:00:00+09:00,233.46489060472686,247.69034988888583,232.62809888212925,236.8120574951172,196800,0.0,0.0
2016-04-19 00:00:00+09:00,230.1177237143365,239.32243266290996,230.1177237143365,236.8120574951172,13700,0.0,0.0
2016-04-20 00:00:00+09:00,239.3224948203727,248.52720615961778,239.3224948203727,244.34324645996094,20000,0.0,0.0
2016-04-21 00:00:00+09:00,244.34323109630049,250.20077430751317,238.4856878850878,243.50643920898438,87600,0.0,0.0
2016-04-22 00:00:00+09:00,242.66957092285156,246.01673741833918,241.83277929897966,242.66957092285156,160200,0.0,0.0
2016-04-25 00:00:00+09:00,246.8535753929904,246.8535753929904,241.83282470703125,241.83282470703125,29600,0.0,0.0
2016-04-26 00:00:00+09:00,242.66957092285156,242.66957092285156,240.99598767510776,242.66957092285156,29000,0.0,0.0
2016-04-27 00:00:00+09:00,242.66966258009816,244.3432464599609,242.66966258009816,244.34324645996094,6200,0.0,0.0
2016-04-28 00:00:00+09:00,243.50636254672347,245.17994579446727,240.15919605123588,242.66957092285156,30100,0.0,0.0
2016-05-02 00:00:00+09:00,237.6488492177148,237.6488492177148,234.30168232732444,236.8120574951172,13100,0.0,0.0
2016-05-06 00:00:00+09:00,234.3017115403599,234.3017115403599,231.7913360595703,231.7913360595703,10100,0.0,0.0
2016-05-09 00:00:00+09:00,233.46490478515625,236.81207187885025,233.46490478515625,233.46490478515625,65600,0.0,0.0
2016-05-10 00:00:00+09:00,234.3017120361328,234.3017120361328,232.62812837873184,234.3017120361328,13500,0.0,0.0
2016-05-11 00:00:00+09:00,234.30168096967736,235.13847268742623,231.79130581643082,232.6280975341797,34600,0.0,0.0
2016-05-12 00:00:00+09:00,232.62812788650018,233.46491971343005,230.95454423264047,231.7913360595703,41100,0.0,0.0
2016-05-13 00:00:00+09:00,230.11773681640622,234.30169566761361,230.11773681640622,230.11773681640625,23900,0.0,0.0
2016-05-16 00:00:00+09:00,263.58944642891004,267.7734058960356,253.5479437078087,258.5686950683594,371700,0.0,0.0
2016-05-17 00:00:00+09:00,258.5686651376578,261.07904052734375,255.22149795140976,261.07904052734375,71300,0.0,0.0
2016-05-18 00:00:00+09:00,259.40545614663654,259.40545614663654,254.38470538250812,257.73187255859375,68600,0.0,0.0
2016-05-19 00:00:00+09:00,256.0583035318475,257.7318872150622,253.54792800702546,254.3847198486328,79300,0.0,0.0
2016-05-20 00:00:00+09:00,254.3847198486328,256.0583035318475,251.8743443238108,254.3847198486328,109200,0.0,0.0
2016-05-23 00:00:00+09:00,257.731872952369,259.40545654296875,256.05828936176914,259.40545654296875,34700,0.0,0.0
2016-05-24 00:00:00+09:00,259.40545654296875,259.40545654296875,256.05828936176914,259.40545654296875,47000,0.0,0.0
2016-05-25 00:00:00+09:00,259.4054875449529,263.5894470214844,257.7319037543403,263.5894470214844,248800,0.0,0.0
2016-05-26 00:00:00+09:00,266.0997642095835,273.6308896117415,265.2629724982326,272.7940979003906,316400,0.0,0.0
2016-05-27 00:00:00+09:00,274.4677193306588,312.1233515559016,274.4677193306588,309.61297607421875,701200,0.0,0.0
2016-05-30 00:00:00+09:00,297.89789112111464,318.817686845912,297.0610992921228,312.96014404296875,199100,0.0,0.0
2016-05-31 00:00:00+09:00,309.61306830137477,309.61306830137477,301.24514753647276,302.9187316894531,76800,0.0,0.0
2016-06-01 00:00:00+09:00,300.40835545998254,312.12344453084535,291.2036426185903,302.9187316894531,127200,0.0,0.0
2016-06-02 00:00:00+09:00,300.40826565286386,312.96014304783034,289.5299719105596,307.93939208984375,93800,0.0,0.0
2016-06-03 00:00:00+09:00,307.1026310254169,312.12338248632284,299.57150383405786,311.2865905761719,76600,0.0,0.0
2016-06-06 00:00:00+09:00,302.08181838150864,307.9393605661916,297.8978596781636,304.5921936035156,23700,0.0,0.0
2016-06-07 00:00:00+09:00,301.24505859375,315.4705196940104,301.24505859375,313.79693603515625,55900,0.0,0.0
2016-06-08 00:00:00+09:00,311.2865275288676,312.9601110102056,304.5921936035156,304.5921936035156,35000,0.0,0.0
2016-06-09 00:00:00+09:00,304.5921910172802,310.44973315222785,293.7138984809487,296.2242736816406,62500,0.0,0.0
2016-06-10 00:00:00+09:00,296.22433530855045,303.7554624774119,296.22433530855045,302.0818786621094,43400,0.0,0.0
2016-06-13 00:00:00+09:00,292.87713498485334,293.71392679909576,285.3460086566714,287.01959228515625,63200,0.0,0.0
2016-06-14 00:00:00+09:00,282.83556640625,282.83556640625,271.12048377403846,271.957275390625,109300,0.0,0.0
2016-06-15 00:00:00+09:00,272.79412897452033,276.97808800787186,271.95733716785,275.30450439453125,31900,0.0,0.0
2016-06-16 00:00:00+09:00,276.9780553024008,276.9780553024008,266.0997631001917,269.4469299316406,95200,0.0,0.0
2016-06-17 00:00:00+09:00,271.1205453611797,278.6516716212125,271.1205453611797,275.30450439453125,32700,0.0,0.0
2016-06-20 00:00:00+09:00,277.8148200668975,281.9987782004351,277.8148200668975,279.4884033203125,9000,0.0,0.0
2016-06-21 00:00:00+09:00,275.3045351878706,281.1620784897402,273.63095138733644,277.8149108886719,30900,0.0,0.0
2016-06-22 00:00:00+09:00,277.81481670673077,277.81481670673077,271.12048377403846,271.957275390625,9500,0.0,0.0
2016-06-23 00:00:00+09:00,271.1205442446304,272.7941278510787,268.6101688349579,270.28375244140625,41900,0.0,0.0
2016-06-24 00:00:00+09:00,276.1412913838371,277.81487496798155,255.22149658203125,255.22149658203125,88100,0.0,0.0
2016-06-27 00:00:00+09:00,259.4054555423924,259.4054555423924,252.71112120581455,255.22149658203125,20300,0.0,0.0
2016-06-28 00:00:00+09:00,251.87434417422455,258.5686789031076,246.85359312756225,253.5479278564453,25400,0.0,0.0
2016-06-29 00:00:00+09:00,256.895111859034,263.5894470214844,256.895111859034,263.5894470214844,17000,0.0,0.0
2016-06-30 00:00:00+09:00,263.5894157188882,264.4262075148211,260.24224853515625,260.24224853515625,16400,0.0,0.0
2016-07-01 00:00:00+09:00,261.91583192886844,261.91583192886844,256.89508115706906,259.40545654296875,36500,0.0,0.0
2016-07-04 00:00:00+09:00,261.91583232390576,261.91583232390576,258.5686651376578,261.07904052734375,6600,0.0,0.0
2016-07-05 00:00:00+09:00,259.40545614663654,259.40545614663654,256.0582889705509,257.73187255859375,51100,0.0,0.0
2016-07-06 00:00:00+09:00,256.0583035318475,256.0583035318475,251.03755248220344,254.3847198486328,18300,0.0,0.0
2016-07-07 00:00:00+09:00,251.87434387207028,253.5479275522834,248.52717651164411,251.8743438720703,9600,0.0,0.0
2016-07-08 00:00:00+09:00,249.3639685018173,253.54792770486796,243.50642561754645,252.7111358642578,30300,0.0,0.0
2016-07-11 00:00:00+09:00,252.7111358642578,252.7111358642578,252.7111358642578,252.7111358642578,0,0.0,0.0
2016-07-12 00:00:00+09:00,256.0582906921579,266.93658408757636,255.22149889251034,265.26300048828125,45100,0.0,0.0
2016-07-13 00:00:00+09:00,270.2837535545094,277.81487981454217,267.77337813449844,275.30450439453125,47400,0.0,0.0
2016-07-14 00:00:00+09:00,271.12054608319255,278.65167236328125,269.4469624653951,278.65167236328125,34300,0.0,0.0
2016-07-15 00:00:00+09:00,276.9780589544951,281.9988092678696,273.63089207891204,280.3252258300781,53000,0.0,0.0
2016-07-19 00:00:00+09:00,282.8356015349708,282.8356015349708,273.6308926092765,281.9988098144531,23400,0.0,0.0
2016-07-20 00:00:00+09:00,281.9988098144531,281.9988098144531,274.4676843297941,281.9988098144531,19300,0.0,0.0
2016-07-21 00:00:00+09:00,280.3252552345531,280.3252552345531,275.30450439453125,275.30450439453125,18400,0.0,0.0
2016-07-22 00:00:00+09:00,275.30450439453125,276.97808800787186,271.95733716785,275.30450439453125,9500,0.0,0.0
2016-07-25 00:00:00+09:00,281.9988703900073,281.9988703900073,276.9781189884048,277.8149108886719,76600,0.0,0.0
2016-07-26 00:00:00+09:00,276.9780878206579,276.9780878206579,274.46771240234375,274.46771240234375,11500,0.0,0.0
2016-07-27 00:00:00+09:00,281.162109375,281.162109375,276.141357421875,276.141357421875,104700,0.0,0.0
2016-07-28 00:00:00+09:00,277.8148506733908,281.9988092678696,276.9780589544951,280.3252258300781,16400,0.0,0.0
2016-07-29 00:00:00+09:00,276.9781494140625,280.3253173828125,275.3045654296875,276.141357421875,15300,0.0,0.0
2016-08-01 00:00:00+09:00,271.95733716785,276.14129620120156,271.95733716785,275.30450439453125,9800,0.0,0.0
2016-08-02 00:00:00+09:00,276.1412958267632,276.1412958267632,269.44696138247804,273.63092041015625,10700,0.0,0.0
2016-08-03 00:00:00+09:00,271.9573360478546,274.46771145752706,269.4469606381821,270.28375244140625,19800,0.0,0.0
2016-08-04 00:00:00+09:00,269.4469606381821,274.46771145752706,268.6101688349579,270.28375244140625,11100,0.0,0.0
2016-08-05 00:00:00+09:00,270.2837531880137,275.30450402122756,268.6101695769424,273.63092041015625,15400,0.0,0.0
2016-08-08 00:00:00+09:00,274.4677436465309,281.1620788574219,274.4677436465309,281.1620788574219,18200,0.0,0.0
2016-08-09 00:00:00+09:00,277.8148512118648,281.9988098144531,276.97805949134715,281.9988098144531,12000,0.0,0.0
2016-08-10 00:00:00+09:00,281.99887029642065,281.99887029642065,276.9781188964844,276.9781188964844,4600,0.0,0.0
2016-08-12 00:00:00+09:00,278.65164293238246,282.8356015349708,278.65164293238246,281.9988098144531,8000,0.0,0.0
2016-08-15 00:00:00+09:00,275.3045654296875,278.6517333984375,275.3045654296875,276.141357421875,61500,0.0,0.0
2016-08-16 00:00:00+09:00,277.81494140625,278.6517333984375,276.141357421875,276.141357421875,3500,0.0,0.0
2016-08-17 00:00:00+09:00,276.9780887454838,279.48846417218,276.9780887454838,278.65167236328125,2800,0.0,0.0
2016-08-18 00:00:00+09:00,279.48849468920605,279.48849468920605,276.1413270881377,277.8149108886719,10200,0.0,0.0
2016-08-19 00:00:00+09:00,276.9781189884048,277.8149108886719,273.63095138733644,277.8149108886719,4900,0.0,0.0
2016-08-22 00:00:00+09:00,277.8148805543825,278.65167236328125,275.3045051276863,278.65167236328125,6700,0.0,0.0
2016-08-23 00:00:00+09:00,278.65170315333773,281.1620788574219,276.978119350615,281.1620788574219,12000,0.0,0.0
2016-08-24 00:00:00+09:00,281.9988417473392,291.2035517153532,280.3252581167912,288.69317626953125,43300,0.0,0.0
2016-08-25 00:00:00+09:00,289.5299988672438,290.3667907714844,286.1828312502814,290.3667907714844,19100,0.0,0.0
2016-08-26 00:00:00+09:00,288.69320615508855,288.69320615508855,281.9988709398981,282.8356628417969,30400,0.0,0.0
2016-08-29 00:00:00+09:00,287.856383920413,289.52996754785727,285.3460084792466,286.18280029296875,14000,0.0,0.0
2016-08-30 00:00:00+09:00,287.8563840993987,287.8563840993987,286.18280047091383,287.01959228515625,14400,0.0,0.0
2016-08-31 00:00:00+09:00,286.18280219491413,296.2243040263146,284.5092185563474,295.38751220703125,46300,0.0,0.0
2016-09-01 00:00:00+09:00,294.550688109646,296.2242715648144,289.5299377441406,289.5299377441406,117900,0.0,0.0
2016-09-02 00:00:00+09:00,293.71392679909576,293.71392679909576,286.18280047091383,287.01959228515625,29400,0.0,0.0
2016-09-05 00:00:00+09:00,291.20355259486604,293.7139280482701,289.5299689592634,292.87713623046875,21400,0.0,0.0
2016-09-06 00:00:00+09:00,292.8771360555829,293.7139278728846,287.01959333447127,292.04034423828125,23600,0.0,0.0
2016-09-07 00:00:00+09:00,291.20352251101764,294.55068943643164,284.50918866018964,293.7138977050781,102800,0.0,0.0
2016-09-08 00:00:00+09:00,293.7138692391019,299.5714107908788,290.36670263808645,298.734619140625,36300,0.0,0.0
2016-09-09 00:00:00+09:00,298.7346818388645,307.10260009765625,298.7346818388645,307.10260009765625,131000,0.0,0.0
2016-09-12 00:00:00+09:00,306.2658063909981,306.2658063909981,296.2243045421129,297.89788818359375,80600,0.0,0.0
2016-09-13 00:00:00+09:00,299.5714713034481,299.5714713034481,295.38751220703125,295.38751220703125,7500,0.0,0.0
2016-09-14 00:00:00+09:00,295.38751220703125,298.73467948416476,295.38751220703125,295.38751220703125,8100,0.0,0.0
2016-09-15 00:00:00+09:00,295.3875116838728,298.7346789550781,292.0403444126674,292.87713623046875,10300,0.0,0.0
2016-09-16 00:00:00+09:00,294.5507198660714,295.3875116838728,291.20355259486604,292.87713623046875,9000,0.0,0.0
2016-09-20 00:00:00+09:00,292.8771067473848,296.2242736816406,292.8771067473848,296.2242736816406,28400,0.0,0.0
2016-09-21 00:00:00+09:00,296.2243035016741,296.2243035016741,290.3667607770647,292.87713623046875,19100,0.0,0.0
2016-09-23 00:00:00+09:00,297.06106541520455,299.57144061589645,292.8771067473848,296.2242736816406,52600,0.0,0.0
2016-09-26 00:00:00+09:00,300.4082947625054,301.2450866699219,297.89791904025606,301.2450866699219,23300,0.0,0.0
2016-09-27 00:00:00+09:00,301.2450866699219,302.08187857733833,298.7347109476725,301.2450866699219,30400,0.0,0.0
2016-09-28 00:00:00+09:00,306.3508897417047,306.3508897417047,302.09601627306995,302.9469909667969,9600,6.0,0.0
2016-09-29 00:00:00+09:00,306.3509216308594,307.2018964131673,305.4999468485514,306.3509216308594,21600,0.0,0.0
2016-09-30 00:00:00+09:00,306.35093731116194,308.0528869628906,304.64898765943326,308.0528869628906,21800,0.0,0.0
2016-10-03 00:00:00+09:00,308.05286434793607,309.75481387472024,306.3509148211519,308.9038391113281,17900,0.0,0.0
2016-10-04 00:00:00+09:00,309.7547687687286,311.45671804767767,306.35087021083046,310.6057434082031,80000,0.0,0.0
2016-10-05 00:00:00+09:00,310.6057726577378,312.3077220969583,307.2018737792969,307.2018737792969,77800,0.0,0.0
2016-10-06 00:00:00+09:00,311.4567631648137,331.8801574707031,310.6057884020683,331.8801574707031,81900,0.0,0.0
2016-10-07 00:00:00+09:00,331.88009110708083,331.88009110708083,319.96644681092926,321.66839599609375,50600,0.0,0.0
2016-10-11 00:00:00+09:00,322.5194144333465,339.5389085986946,322.5194144333465,336.135009765625,105900,0.0,0.0
2016-10-12 00:00:00+09:00,336.13506139251234,336.13506139251234,328.4762878417969,328.4762878417969,45500,0.0,0.0
2016-10-13 00:00:00+09:00,331.02918790491617,355.70745641196646,331.02918790491617,348.899658203125,330300,0.0,0.0
2016-10-14 00:00:00+09:00,354.00550893391147,358.26038283936714,330.17821506335974,355.70745849609375,482200,0.0,0.0
2016-10-17 00:00:00+09:00,353.15454521179197,356.558444442749,339.5389482879639,340.3899230957031,288100,0.0,0.0
2016-10-18 00:00:00+09:00,340.3898981691317,342.9428224054002,329.32722647863494,334.4330749511719,131100,0.0,0.0
2016-10-19 00:00:00+09:00,333.58211020094836,346.3467317647602,332.73113543002756,342.09185791015625,70800,0.0,0.0
2016-10-20 00:00:00+09:00,340.38985402960526,346.34667647512333,338.68790475945724,339.53887939453125,102200,0.0,0.0
2016-10-21 00:00:00+09:00,342.0918627492607,342.0918627492607,331.8801653537604,332.73114013671875,89700,0.0,0.0
2016-10-24 00:00:00+09:00,332.73110303539914,336.98597647574957,331.8801283473291,335.2840270996094,34000,0.0,0.0
2016-10-25 00:00:00+09:00,333.5820569490132,342.0918032997533,328.47620913856906,339.53887939453125,126100,0.0,0.0
2016-10-26 00:00:00+09:00,285.07652239853076,312.3077125977934,283.37457301107685,302.9469909667969,504000,0.0,0.0
2016-10-27 00:00:00+09:00,303.79795556970544,317.4135502170872,299.54308224239867,314.8606262207031,157800,0.0,0.0
2016-10-28 00:00:00+09:00,317.4136100473983,322.51945900258437,306.35093731116194,308.0528869628906,93400,0.0,0.0
2016-10-31 00:00:00+09:00,303.79792069589627,308.90376810255,303.79792069589627,304.6488952636719,29700,0.0,0.0
2016-11-01 00:00:00+09:00,308.90376810255,308.90376810255,300.3940224247938,304.6488952636719,34700,0.0,0.0
2016-11-02 00:00:00+09:00,301.24504157934297,306.3508897417047,301.24504157934297,302.9469909667969,27800,0.0,0.0
2016-11-04 00:00:00+09:00,298.69214859008787,306.3509216308594,295.2882494608561,306.3509216308594,43700,0.0,0.0
2016-11-07 00:00:00+09:00,306.3509148211519,314.00968769168065,306.3509148211519,308.9038391113281,48700,0.0,0.0
2016-11-08 00:00:00+09:00,308.90383800623476,312.3077370476258,305.49993896484375,305.49993896484375,25800,0.0,0.0
2016-11-09 00:00:00+09:00,306.3509245841734,306.3509245841734,289.3314287739415,290.1824035644531,82800,0.0,0.0
2016-11-10 00:00:00+09:00,296.9901880269779,300.39408703015243,295.2882385253906,295.2882385253906,29600,0.0,0.0
2016-11-11 00:00:00+09:00,299.54306996235994,306.35086700695905,297.8411207012102,303.7979431152344,33800,0.0,0.0
2016-11-14 00:00:00+09:00,304.6488830231048,311.45667929177756,303.79790848952075,309.7547302246094,75100,0.0,0.0
2016-11-15 00:00:00+09:00,310.60581144048365,311.456786266348,307.2019121370263,308.0528869628906,40000,0.0,0.0
2016-11-16 00:00:00+09:00,308.90380209000386,311.45672607421875,306.3508781057889,311.45672607421875,24100,0.0,0.0
2016-11-17 00:00:00+09:00,311.4567655578778,315.7116394042969,305.49994217289105,315.7116394042969,42100,0.0,0.0
2016-11-18 00:00:00+09:00,317.4135889428645,318.26456371214834,314.00968986572923,315.7116394042969,14100,0.0,0.0
2016-11-21 00:00:00+09:00,315.7116414978511,323.37041447219246,315.7116414978511,322.5194396972656,37300,0.0,0.0
2016-11-22 00:00:00+09:00,322.519370588676,323.37034518125824,319.96644681092926,321.66839599609375,19500,0.0,0.0
2016-11-24 00:00:00+09:00,323.3703852322332,325.9233093261719,322.5194105342536,325.9233093261719,26400,0.0,0.0
2016-11-25 00:00:00+09:00,327.6252117807784,328.4761863568324,323.37033890050856,324.2213134765625,33700,0.0,0.0
2016-11-28 00:00:00+09:00,323.370361328125,323.370361328125,321.668412057977,323.370361328125,9900,0.0,0.0
2016-11-29 00:00:00+09:00,325.072310598273,325.072310598273,320.81743742290297,323.370361328125,31600,0.0,0.0
2016-11-30 00:00:00+09:00,323.37034518125824,324.22131977384055,319.11547221834695,321.66839599609375,14100,0.0,0.0
2016-12-01 00:00:00+09:00,323.3703629175822,329.32718539237976,321.6684136390686,326.7742614746094,39000,0.0,0.0
2016-12-02 00:00:00+09:00,326.77425986842104,327.62523450349505,323.370361328125,323.370361328125,21600,0.0,0.0
2016-12-05 00:00:00+09:00,325.0723876953125,325.0723876953125,322.5194631846163,325.0723876953125,9800,0.0,0.0
2016-12-06 00:00:00+09:00,323.37040096134336,329.32722413694705,322.5194262219714,327.6252746582031,16300,0.0,0.0
2016-12-07 00:00:00+09:00,325.072351607688,331.0291748046875,325.072351607688,331.0291748046875,22600,0.0,0.0
2016-12-08 00:00:00+09:00,333.5821069961939,335.2840565216847,329.32723318246695,331.8801574707031,27700,0.0,0.0
2016-12-09 00:00:00+09:00,330.17821578784367,334.43308970263547,330.17821578784367,332.73114013671875,21800,0.0,0.0
2016-12-12 00:00:00+09:00,339.5388932594886,363.36618401454047,337.83694391984204,354.0054626464844,136800,0.0,0.0
2016-12-13 00:00:00+09:00,354.8564180980009,363.36616433536307,352.3034942267923,361.6642150878906,79700,0.0,0.0
2016-12-14 00:00:00+09:00,358.26038283936714,360.81330718264053,354.00550893391147,355.70745849609375,25700,0.0,0.0
2016-12-15 00:00:00+09:00,347.1976985027665,349.7506227564633,336.13502673674697,341.2408752441406,147500,0.0,0.0
2016-12-16 00:00:00+09:00,339.5388903898351,354.00545965456496,337.8369410645728,347.1976623535156,80000,0.0,0.0
2016-12-19 00:00:00+09:00,346.34668769088444,348.89961167877794,342.0918143777286,347.1976623535156,47100,0.0,0.0
2016-12-20 00:00:00+09:00,348.89961167877794,348.89961167877794,345.4957130282533,347.1976623535156,62100,0.0,0.0
2016-12-21 00:00:00+09:00,347.19770865091465,352.3035573075457,345.49575909870424,348.899658203125,31800,0.0,0.0
2016-12-22 00:00:00+09:00,352.3034857855903,352.3034857855903,342.94276514877504,344.64471435546875,33800,0.0,0.0
2016-12-26 00:00:00+09:00,342.09182460417,342.94279929224007,335.2840270996094,335.2840270996094,31900,0.0,0.0
2016-12-27 00:00:00+09:00,334.4330966595522,336.1350462608731,326.77432345360825,330.17822265625,42300,0.0,0.0
2016-12-28 00:00:00+09:00,325.9233486529478,331.8801722575709,324.221399051627,330.17822265625,26000,0.0,0.0
2016-12-29 00:00:00+09:00,331.02918955090746,332.7311391115805,329.3272399902344,329.3272399902344,34700,0.0,0.0
2016-12-30 00:00:00+09:00,330.1781584087171,340.38985402960526,330.1781584087171,339.53887939453125,19600,0.0,0.0
2017-01-04 00:00:00+09:00,342.09185223940824,348.8996502939238,342.09185223940824,348.0486755371094,29700,0.0,0.0
2017-01-05 00:00:00+09:00,347.19770865091465,348.899658203125,347.19770865091465,348.899658203125,11200,0.0,0.0
2017-01-06 00:00:00+09:00,345.49571152488784,348.0486355016727,342.09181288917466,343.79376220703125,17300,0.0,0.0
2017-01-10 00:00:00+09:00,346.34667164469,347.1976462678956,342.9427731518675,345.4956970214844,51500,0.0,0.0
2017-01-11 00:00:00+09:00,347.19765433046683,347.19765433046683,342.09180647266584,346.3466796875,15200,0.0,0.0
2017-01-12 00:00:00+09:00,346.346678097254,346.346678097254,341.24083026289645,342.9427795410156,10500,0.0,0.0
2017-01-13 00:00:00+09:00,342.94283268107705,348.04868130660174,337.8369840555523,342.09185791015625,36700,0.0,0.0
2017-01-16 00:00:00+09:00,346.3467467498779,346.3467467498779,338.6879734802246,340.3899230957031,69900,0.0,0.0
2017-01-17 00:00:00+09:00,338.6879338904272,340.389883306962,336.135009765625,336.135009765625,8800,0.0,0.0
2017-01-18 00:00:00+09:00,333.582049039141,340.38984595830715,331.8800998093495,338.6878967285156,36200,0.0,0.0
2017-01-19 00:00:00+09:00,338.68790475945724,340.38985402960526,333.5820569490132,339.53887939453125,16800,0.0,0.0
2017-01-20 00:00:00+09:00,338.6879734802246,340.3899230957031,336.1350490570068,340.3899230957031,15400,0.0,0.0
2017-01-23 00:00:00+09:00,336.98601405151055,340.389913183344,331.02919057080203,332.73114013671875,33200,0.0,0.0
2017-01-24 00:00:00+09:00,330.178172536701,337.8369445800781,329.3271978652147,337.8369445800781,30100,0.0,0.0
2017-01-25 00:00:00+09:00,340.3899230957031,341.2408979034424,337.8369986724854,340.3899230957031,20500,0.0,0.0
2017-01-26 00:00:00+09:00,342.0918186732701,358.26033746628536,340.3898693266369,357.40936279296875,154600,0.0,0.0
2017-01-27 00:00:00+09:00,357.40940805827603,358.26038283936714,354.00550893391147,355.70745849609375,31300,0.0,0.0
2017-01-30 00:00:00+09:00,358.26029877218826,359.9622479350015,354.00542586515513,356.558349609375,25900,0.0,0.0
2017-01-31 00:00:00+09:00,354.8564049433736,355.7073795355639,350.6015319824219,350.6015319824219,18800,0.0,0.0
2017-02-01 00:00:00+09:00,348.04861276885606,348.04861276885606,341.2408159420814,344.64471435546875,27600,0.0,0.0
2017-02-02 00:00:00+09:00,342.94283268107705,346.3467317647602,342.09185791015625,342.09185791015625,14400,0.0,0.0
2017-02-03 00:00:00+09:00,341.2408752441406,345.49574900030194,339.53892574167605,341.2408752441406,18400,0.0,0.0
2017-02-06 00:00:00+09:00,341.24083026289645,344.6447288191348,341.24083026289645,342.9427795410156,6700,0.0,0.0
2017-02-07 00:00:00+09:00,343.7938095464939,353.1545320836509,342.9428347703887,348.899658203125,85100,0.0,0.0
2017-02-08 00:00:00+09:00,348.899658203125,350.60160775533535,347.19770865091465,348.899658203125,11300,0.0,0.0
2017-02-09 00:00:00+09:00,351.45258253144056,351.45258253144056,348.0486834270198,348.899658203125,2500,0.0,0.0
2017-02-10 00:00:00+09:00,352.3035198516476,352.3035198516476,349.75059579475163,351.4525451660156,15200,0.0,0.0
2017-02-13 00:00:00+09:00,353.15450253693956,353.15450253693956,350.6015784222147,352.30352783203125,6200,0.0,0.0
2017-02-14 00:00:00+09:00,352.30348116680256,352.30348116680256,348.8995827980412,350.6015319824219,4900,0.0,0.0
2017-02-15 00:00:00+09:00,348.8996290123981,353.15450253693956,348.8996290123981,352.30352783203125,5300,0.0,0.0
2017-02-16 00:00:00+09:00,350.60160775533535,351.45258253144056,348.0486834270198,348.899658203125,12700,0.0,0.0
2017-02-17 00:00:00+09:00,347.1976623535156,349.75058634140913,347.1976623535156,347.1976623535156,12300,0.0,0.0
2017-02-20 00:00:00+09:00,348.89960518718635,351.4525291275804,347.1976558935903,349.7505798339844,16600,0.0,0.0
2017-02-21 00:00:00+09:00,350.6015998075527,350.6015998075527,348.0486755371094,348.0486755371094,9900,0.0,0.0
2017-02-22 00:00:00+09:00,348.8996211091196,352.3035198516476,348.8996211091196,351.4525451660156,56900,0.0,0.0
2017-02-23 00:00:00+09:00,352.3035020425286,363.36617239652105,352.3035020425286,362.51519775390625,124000,0.0,0.0
2017-02-24 00:00:00+09:00,362.5151653560982,363.36613992266183,358.26029252328016,359.11126708984375,31600,0.0,0.0
2017-02-27 00:00:00+09:00,359.96231870831184,365.06816720062835,359.11134395959243,360.81329345703125,61500,0.0,0.0
2017-02-28 00:00:00+09:00,360.81330718264053,361.6642819637317,354.8564837150026,355.70745849609375,24600,0.0,0.0
2017-03-01 00:00:00+09:00,358.26038283936714,358.26038283936714,354.00550893391147,355.70745849609375,17200,0.0,0.0
2017-03-02 00:00:00+09:00,356.55843327718486,357.40940805827603,353.15453415282036,355.70745849609375,63900,0.0,0.0
2017-03-03 00:00:00+09:00,355.7074200014988,356.5583946904976,353.1544959345024,354.8564453125,6200,0.0,0.0
2017-03-06 00:00:00+09:00,357.409376061481,357.409376061481,352.30352783203125,352.30352783203125,15800,0.0,0.0
2017-03-07 00:00:00+09:00,354.0054706235012,355.7074200014988,351.4525465565048,354.8564453125,7300,0.0,0.0
2017-03-08 00:00:00+09:00,354.00547724184787,355.70742665166443,352.30352783203125,352.30352783203125,10900,0.0,0.0
2017-03-09 00:00:00+09:00,353.1544959345024,355.7074200014988,352.3035212455036,354.8564453125,9200,0.0,0.0
2017-03-10 00:00:00+09:00,354.0054640997024,359.1113121396019,353.1544894263858,357.40936279296875,24200,0.0,0.0
2017-03-13 00:00:00+09:00,360.813216222971,360.813216222971,357.40931795671656,359.11126708984375,16900,0.0,0.0
2017-03-14 00:00:00+09:00,359.96229484358764,359.96229484358764,355.7074213820795,358.2603454589844,13000,0.0,0.0
2017-03-15 00:00:00+09:00,357.40936937949635,357.40936937949635,354.0054706235012,354.8564453125,12700,0.0,0.0
2017-03-16 00:00:00+09:00,354.0054640997024,358.26033746628536,352.3035147530692,357.40936279296875,43100,0.0,0.0
2017-03-17 00:00:00+09:00,357.40937076668274,363.3661936127941,354.00547199747626,358.2603454589844,63200,0.0,0.0
2017-03-21 00:00:00+09:00,357.40936937949635,357.40936937949635,351.4525465565048,354.8564453125,21800,0.0,0.0
2017-03-22 00:00:00+09:00,349.75061160168013,354.85645994623025,349.75061160168013,353.1545104980469,13800,0.0,0.0
2017-03-23 00:00:00+09:00,351.4525065746122,352.30348116680256,349.7505573902315,350.6015319824219,12000,0.0,0.0
2017-03-24 00:00:00+09:00,355.7074023615705,355.7074023615705,349.7505798339844,349.7505798339844,13800,0.0,0.0
2017-03-27 00:00:00+09:00,348.04863701614676,351.45253566667145,347.1976623535156,347.1976623535156,18800,0.0,0.0
2017-03-28 00:00:00+09:00,347.1977007802949,351.4525745643672,346.34672602348047,348.0486755371094,19300,0.0,0.0
2017-03-29 00:00:00+09:00,352.36683881400836,352.36683881400836,348.9122619628906,348.9122619628906,12800,6.0,0.0
2017-03-30 00:00:00+09:00,351.503262299035,353.2305510572612,347.18504040346943,350.6396179199219,63600,0.0,0.0
2017-03-31 00:00:00+09:00,348.0487030181126,353.2305695642879,347.18505859375,347.18505859375,9700,0.0,0.0
2017-04-03 00:00:00+09:00,346.32139883353665,346.32139883353665,342.00317690294395,342.8668212890625,21700,0.0,0.0
2017-04-04 00:00:00+09:00,344.59408160337466,344.59408160337466,334.2303498258296,335.093994140625,23400,0.0,0.0
2017-04-05 00:00:00+09:00,339.4122622019317,339.4122622019317,330.77581787109375,330.77581787109375,28200,0.0,0.0
2017-04-06 00:00:00+09:00,329.0484733886719,334.23033911132814,323.8666076660156,323.8666076660156,29000,0.0,0.0
2017-04-07 00:00:00+09:00,323.86660885501215,334.23034033837257,323.86660885501215,332.5030517578125,28000,0.0,0.0
2017-04-10 00:00:00+09:00,332.5030674078526,339.41222205528845,332.5030674078526,336.8212890625,54800,0.0,0.0
2017-04-11 00:00:00+09:00,339.4122093082092,340.2758536067034,331.63941062176167,333.36669921875,49800,0.0,0.0
2017-04-12 00:00:00+09:00,329.04843238092235,329.04843238092235,321.275634765625,321.275634765625,47900,0.0,0.0
2017-04-13 00:00:00+09:00,317.82113953463755,320.4120727373656,314.36656193100015,318.6847839355469,44800,0.0,0.0
2017-04-14 00:00:00+09:00,316.957467898807,322.1393338590055,316.957467898807,319.54840087890625,55400,0.0,0.0
2017-04-17 00:00:00+09:00,321.2757171382749,322.1393615391842,316.9574951337282,318.6847839355469,4600,0.0,0.0
2017-04-18 00:00:00+09:00,323.0030182130215,323.0030182130215,319.5484404781229,322.1393737792969,2400,0.0,0.0
2017-04-19 00:00:00+09:00,323.866549958574,327.32112649146546,322.1392616921283,324.7301940917969,9500,0.0,0.0
2017-04-20 00:00:00+09:00,327.3211828867594,332.5030485788981,323.866605758667,331.639404296875,30000,0.0,0.0
2017-04-21 00:00:00+09:00,329.91213047158436,330.7757747921906,326.4575531891594,327.3211975097656,8200,0.0,0.0
2017-04-24 00:00:00+09:00,331.63942228618424,331.63942228618424,326.4575563129626,328.1848449707031,8600,0.0,0.0
2017-04-25 00:00:00+09:00,333.3667632504643,335.0940521792232,331.6394743217054,334.23040771484375,17200,0.0,0.0
2017-04-26 00:00:00+09:00,336.8212890625,341.13951071714746,333.36671173878204,336.8212890625,15700,0.0,0.0
2017-04-27 00:00:00+09:00,341.13955386399016,341.13955386399016,337.68497610334214,340.2759094238281,4200,0.0,0.0
2017-04-28 00:00:00+09:00,342.0031645097805,342.0031645097805,338.54858709048983,339.4122314453125,3800,0.0,0.0
2017-05-01 00:00:00+09:00,342.00319830415214,342.00319830415214,338.54862054350417,340.2759094238281,18900,0.0,0.0
2017-05-02 00:00:00+09:00,338.5485502667439,342.00312731028214,337.6849060058594,337.6849060058594,12400,0.0,0.0
2017-05-08 00:00:00+09:00,342.8668364719372,348.0487030181126,342.8668364719372,347.18505859375,13800,0.0,0.0
2017-05-09 00:00:00+09:00,348.04865761646766,351.50323486328125,345.4577246813575,351.50323486328125,9000,0.0,0.0
2017-05-10 00:00:00+09:00,351.5032285337095,351.5032285337095,347.1850070529514,349.77593994140625,3100,0.0,0.0
2017-05-11 00:00:00+09:00,349.77595797797983,349.77595797797983,346.3213806152344,346.3213806152344,13900,0.0,0.0
2017-05-12 00:00:00+09:00,348.0486692966071,349.77595797797983,346.3213806152344,346.3213806152344,17700,0.0,0.0
2017-05-15 00:00:00+09:00,332.5030735560826,342.86680571886956,332.5030735560826,338.548583984375,42300,0.0,0.0
2017-05-16 00:00:00+09:00,338.548577724359,340.27586638621796,336.8212890625,336.8212890625,6200,0.0,0.0
2017-05-17 00:00:00+09:00,336.82134110798205,338.548630036741,334.23040771484375,334.23040771484375,17200,0.0,0.0
2017-05-18 00:00:00+09:00,328.1847872195907,332.503008104059,327.3211430426971,329.0484313964844,33900,0.0,0.0
2017-05-19 00:00:00+09:00,329.0484892995734,334.23035527279507,328.1848449707031,328.1848449707031,9700,0.0,0.0
2017-05-22 00:00:00+09:00,328.1849000315187,331.63947792658735,325.59396661021725,326.4576110839844,16500,0.0,0.0
2017-05-23 00:00:00+09:00,328.1848449707031,329.0484892995734,327.3212006418329,328.1848449707031,17300,0.0,0.0
2017-05-24 00:00:00+09:00,328.1848449707031,328.1848449707031,327.3212006418329,328.1848449707031,17100,0.0,0.0
2017-05-25 00:00:00+09:00,328.18484183037185,329.91213047158436,323.86662022734066,327.3211975097656,41900,0.0,0.0
2017-05-26 00:00:00+09:00,328.1849000315187,328.1849000315187,326.4576110839844,326.4576110839844,7800,0.0,0.0
2017-05-29 00:00:00+09:00,327.32125555775156,327.32125555775156,326.4576110839844,326.4576110839844,8100,0.0,0.0
2017-05-30 00:00:00+09:00,327.32125555775156,328.1849000315187,325.59396661021725,326.4576110839844,9200,0.0,0.0
2017-05-31 00:00:00+09:00,327.32125555775156,328.1849000315187,323.86667766268295,326.4576110839844,37200,0.0,0.0
2017-06-01 00:00:00+09:00,344.59407302277,347.18500590264046,336.82127438315865,341.1394958496094,150600,0.0,0.0
2017-06-02 00:00:00+09:00,347.18499287558944,347.18499287558944,335.9576174840903,337.6849060058594,69700,0.0,0.0
2017-06-05 00:00:00+09:00,337.6849333934295,337.6849333934295,335.09400040064105,336.8212890625,28300,0.0,0.0
2017-06-06 00:00:00+09:00,334.2303435172442,337.68492071122085,332.50305492025586,333.36669921875,27600,0.0,0.0
2017-06-07 00:00:00+09:00,332.50305492025586,333.36669921875,331.63941062176167,333.36669921875,7300,0.0,0.0
2017-06-08 00:00:00+09:00,336.82128592444565,337.68493024732885,332.5030643100297,335.9576416015625,27500,0.0,0.0
2017-06-09 00:00:00+09:00,335.95764473157055,340.27586638621796,335.09400040064105,336.8212890625,26400,0.0,0.0
2017-06-12 00:00:00+09:00,339.4122314453125,339.4122314453125,336.82129838084444,339.4122314453125,10300,0.0,0.0
2017-06-13 00:00:00+09:00,339.4122283312739,339.4122283312739,335.0940065967793,338.548583984375,16800,0.0,0.0
2017-06-14 00:00:00+09:00,337.68493024732885,338.54857457021205,333.3667086329129,335.9576416015625,26900,0.0,0.0
2017-06-15 00:00:00+09:00,335.95764473157055,337.6849333934295,334.23035606971155,336.8212890625,22900,0.0,0.0
2017-06-16 00:00:00+09:00,340.2759094238281,342.86684274431417,339.41226498366615,340.2759094238281,49100,0.0,0.0
2017-06-19 00:00:00+09:00,343.7304444885254,348.04866615295407,341.13951148986814,345.4577331542969,82100,0.0,0.0
2017-06-20 00:00:00+09:00,345.45772686675565,348.04865981825634,342.866793915255,343.7304382324219,31100,0.0,0.0
2017-06-21 00:00:00+09:00,343.73042872947985,343.73042872947985,340.27585155631925,341.1394958496094,25900,0.0,0.0
2017-06-22 00:00:00+09:00,341.13947818153787,344.59405517578125,341.13947818153787,344.59405517578125,47900,0.0,0.0
2017-06-23 00:00:00+09:00,345.45775444741815,345.45775444741815,341.1395325168254,342.8668212890625,24600,0.0,0.0
2017-06-26 00:00:00+09:00,342.866793915255,344.5940825495888,341.13950528092124,343.7304382324219,22400,0.0,0.0
2017-06-27 00:00:00+09:00,345.45768968986744,345.45768968986744,342.00311279296875,342.00311279296875,14000,0.0,0.0
2017-06-28 00:00:00+09:00,342.0031486589884,342.86679297378384,335.093994140625,335.093994140625,30100,0.0,0.0
2017-06-29 00:00:00+09:00,335.95765094367823,342.00316137197063,335.0940065967793,338.548583984375,90500,0.0,0.0
2017-06-30 00:00:00+09:00,335.95765402602177,340.27587580013517,334.23036531637644,339.4122314453125,24400,0.0,0.0
2017-07-03 00:00:00+09:00,339.41222282409666,346.3213774871826,339.41222282409666,345.4577331542969,49800,0.0,0.0
2017-07-04 00:00:00+09:00,345.45774192907123,349.77596370318463,337.6849427356671,339.4122314453125,121000,0.0,0.0
2017-07-05 00:00:00+09:00,339.4122072630291,341.1394958496094,339.4122072630291,341.1394958496094,19500,0.0,0.0
2017-07-06 00:00:00+09:00,342.00319830415214,342.86684274431417,339.41226498366615,340.2759094238281,51200,0.0,0.0
2017-07-07 00:00:00+09:00,340.2759094238281,342.00319830415214,340.2759094238281,340.2759094238281,23300,0.0,0.0
2017-07-10 00:00:00+09:00,342.86676667865953,344.59405517578125,341.13947818153787,344.59405517578125,51800,0.0,0.0
2017-07-11 00:00:00+09:00,345.45772686675565,345.45772686675565,342.0031495980881,343.7304382324219,39900,0.0,0.0
2017-07-12 00:00:00+09:00,342.86676667865953,345.45769942434214,342.0031224300987,344.59405517578125,29200,0.0,0.0
2017-07-13 00:00:00+09:00,342.86676667865953,345.45769942434214,340.275833932977,344.59405517578125,45700,0.0,0.0
2017-07-14 00:00:00+09:00,342.0031645097805,342.86680886460323,339.4122314453125,339.4122314453125,39100,0.0,0.0
2017-07-17 00:00:00+09:00,339.4122314453125,339.4122314453125,339.4122314453125,339.4122314453125,0,0.0,0.0
2017-07-18 00:00:00+09:00,342.00314014289955,342.00314014289955,339.4122072630291,341.1394958496094,18300,0.0,0.0
2017-07-19 00:00:00+09:00,341.13950528092124,343.7304382324219,341.13950528092124,343.7304382324219,15100,0.0,0.0
2017-07-20 00:00:00+09:00,342.00311279296875,343.7304012414181,340.27582434451944,342.00311279296875,80400,0.0,0.0
2017-07-21 00:00:00+09:00,343.73045375625196,348.0486755371094,342.00316504390895,348.0486755371094,62100,0.0,0.0
2017-07-24 00:00:00+09:00,357.5487092902861,358.412353515625,350.6395554875753,358.412353515625,192600,0.0,0.0
2017-07-25 00:00:00+09:00,354.95780369855356,359.2760251547403,353.23051511607883,357.5487365722656,93400,0.0,0.0
2017-07-26 00:00:00+09:00,356.68514710954094,356.68514710954094,352.3669249895707,355.8215026855469,46400,0.0,0.0
2017-07-27 00:00:00+09:00,356.685113391737,356.685113391737,352.36689167997264,354.95782470703125,60800,0.0,0.0
2017-07-28 00:00:00+09:00,354.09416142216435,354.09416142216435,348.048651349103,349.77593994140625,35300,0.0,0.0
2017-07-31 00:00:00+09:00,349.77594936595244,354.09417096306294,348.0486607271082,352.36688232421875,69500,0.0,0.0
2017-08-01 00:00:00+09:00,350.639592769757,356.6851029899252,343.7304382324219,343.7304382324219,89300,0.0,0.0
2017-08-02 00:00:00+09:00,348.048651349103,349.77593994140625,346.3213627567998,349.77593994140625,23200,0.0,0.0
2017-08-03 00:00:00+09:00,352.3668728298611,352.3668728298611,347.1850070529514,349.77593994140625,48100,0.0,0.0
2017-08-04 00:00:00+09:00,348.0487030181126,348.9123474424751,342.8668364719372,347.18505859375,20400,0.0,0.0
2017-08-07 00:00:00+09:00,345.457736274548,348.0486692966071,345.457736274548,346.3213806152344,28000,0.0,0.0
2017-08-08 00:00:00+09:00,347.1850249559207,347.1850249559207,344.5940919338616,346.3213806152344,11300,0.0,0.0
2017-08-09 00:00:00+09:00,346.32138310646525,346.32138310646525,337.6849396374761,338.548583984375,54900,0.0,0.0
2017-08-10 00:00:00+09:00,340.27586321597846,340.27586321597846,335.9576416015625,335.9576416015625,15300,0.0,0.0
2017-08-11 00:00:00+09:00,335.9576416015625,335.9576416015625,335.9576416015625,335.9576416015625,0,0.0,0.0
2017-08-14 00:00:00+09:00,332.50305492025586,338.54856500971505,330.7757663232675,333.36669921875,36800,0.0,0.0
2017-08-15 00:00:00+09:00,337.6849060058594,338.5485502667439,335.0939732232057,337.6849060058594,14700,0.0,0.0
2017-08-16 00:00:00+09:00,335.9576174840903,339.41219452762846,335.9576174840903,337.6849060058594,5600,0.0,0.0
2017-08-17 00:00:00+09:00,336.82126174497483,339.41219452762846,336.82126174497483,337.6849060058594,9700,0.0,0.0
2017-08-18 00:00:00+09:00,336.82128592444565,337.68493024732885,331.63941998714654,335.9576416015625,13500,0.0,0.0
2017-08-21 00:00:00+09:00,335.9576384554204,336.8212827702159,329.04848393705703,335.093994140625,77700,0.0,0.0
2017-08-22 00:00:00+09:00,335.0940521792232,335.0940521792232,329.0485409285671,334.23040771484375,16400,0.0,0.0
2017-08-23 00:00:00+09:00,333.36669921875,334.2303435172442,329.91212202477334,333.36669921875,27500,0.0,0.0
2017-08-24 00:00:00+09:00,330.77581787109375,333.36675117034514,330.77581787109375,330.77581787109375,29400,0.0,0.0
2017-08-25 00:00:00+09:00,332.50305492025586,333.36669921875,331.63941062176167,333.36669921875,49800,0.0,0.0
2017-08-28 00:00:00+09:00,333.36669604809254,333.36669604809254,330.77576317725243,332.5030517578125,18500,0.0,0.0
2017-08-29 00:00:00+09:00,330.7757197502717,331.6393639271654,328.1847872195907,329.0484313964844,35300,0.0,0.0
2017-08-30 00:00:00+09:00,330.77576001485187,331.639404296875,327.3211828867594,331.639404296875,29200,0.0,0.0
2017-08-31 00:00:00+09:00,331.63940746753246,335.0939846286526,330.77576317725243,332.5030517578125,31300,0.0,0.0
2017-09-01 00:00:00+09:00,333.3667632504643,335.0940521792232,332.5031187860849,334.23040771484375,47100,0.0,0.0
2017-09-04 00:00:00+09:00,334.2303435172442,334.2303435172442,330.7757663232675,333.36669921875,28000,0.0,0.0
2017-09-05 00:00:00+09:00,335.093994140625,337.6849270850113,330.77577256664784,335.093994140625,21000,0.0,0.0
2017-09-06 00:00:00+09:00,331.6394230769231,337.6849333934295,331.6394230769231,336.8212890625,14500,0.0,0.0
2017-09-07 00:00:00+09:00,336.8212890625,338.548577724359,334.23035606971155,336.8212890625,16300,0.0,0.0
2017-09-08 00:00:00+09:00,337.68497610334214,340.2759094238281,333.36675390253214,340.2759094238281,46200,0.0,0.0
2017-09-11 00:00:00+09:00,341.1394640478757,350.6395503884495,341.1394640478757,348.9122619628906,84700,0.0,0.0
2017-09-12 00:00:00+09:00,348.04867180026304,348.04867180026304,335.95765094367823,338.548583984375,88700,0.0,0.0
2017-09-13 00:00:00+09:00,342.00319830415214,342.86684274431417,337.68497610334214,340.2759094238281,35100,0.0,0.0
2017-09-14 00:00:00+09:00,341.1394958496094,342.00314014289955,338.54856296973895,341.1394958496094,16800,0.0,0.0
2017-09-15 00:00:00+09:00,342.866793915255,350.639592769757,342.866793915255,343.7304382324219,76400,0.0,0.0
2017-09-18 00:00:00+09:00,343.7304382324219,343.7304382324219,343.7304382324219,343.7304382324219,0,0.0,0.0
2017-09-19 00:00:00+09:00,349.77596424945233,354.0941860303098,345.4577424685949,348.0486755371094,115600,0.0,0.0
2017-09-20 00:00:00+09:00,349.77595797797983,353.23053534072534,346.3213806152344,346.3213806152344,96500,0.0,0.0
2017-09-21 00:00:00+09:00,348.0487030181126,350.63963629120025,346.3214141693874,347.18505859375,90200,0.0,0.0
2017-09-22 00:00:00+09:00,348.9122619628906,351.5031946012289,346.3213293245523,348.9122619628906,80600,0.0,0.0
2017-09-25 00:00:00+09:00,348.91232916169565,353.2305510572612,348.91232916169565,350.6396179199219,134300,0.0,0.0
2017-09-26 00:00:00+09:00,349.77594936595244,352.36688232421875,348.0486607271082,352.36688232421875,69000,0.0,0.0
2017-09-27 00:00:00+09:00,356.74959452012007,357.6261291503906,354.11999062930835,357.6261291503906,27500,6.0,0.0
2017-09-28 00:00:00+09:00,362.88529672195665,362.88529672195665,351.49034779107393,352.36688232421875,151900,0.0,0.0
2017-09-29 00:00:00+09:00,353.2434213897328,355.873025022907,352.3668868453414,354.9964904785156,88800,0.0,0.0
2017-10-02 00:00:00+09:00,355.873046875,359.3791852678571,354.11997767857144,355.873046875,97800,0.0,0.0
2017-10-03 00:00:00+09:00,355.8730134784051,373.40370379753836,354.9964789624484,371.650634765625,218800,0.0,0.0
2017-10-04 00:00:00+09:00,374.2802336414183,376.03330265144837,365.514888591268,369.0210266113281,127500,0.0,0.0
2017-10-05 00:00:00+09:00,369.0210398139683,371.650643423094,368.14450527759305,370.77410888671875,37000,0.0,0.0
2017-10-06 00:00:00+09:00,370.77408697480837,371.65062145938236,367.26794903651233,369.8975524902344,27400,0.0,0.0
2017-10-09 00:00:00+09:00,369.8975524902344,369.8975524902344,369.8975524902344,369.8975524902344,0,0.0,0.0
2017-10-10 00:00:00+09:00,369.89754657917194,390.0578394022074,369.89754657917194,389.1813049316406,340200,0.0,0.0
2017-10-11 00:00:00+09:00,390.93440905406703,398.82321999910425,381.2925290101326,391.8109436035156,226800,0.0,0.0
2017-10-12 00:00:00+09:00,394.4405517578125,394.4405517578125,386.5517407226563,394.4405517578125,51800,0.0,0.0
2017-10-13 00:00:00+09:00,394.4405469027433,409.34163423018026,385.6752014160156,385.6752014160156,252800,0.0,0.0
2017-10-16 00:00:00+09:00,394.4405517578125,401.452828233507,391.8109480794271,394.4405517578125,70100,0.0,0.0
2017-10-17 00:00:00+09:00,394.44049817944,396.1935670602375,383.922084894655,387.42822265625,48300,0.0,0.0
2017-10-18 00:00:00+09:00,390.05782597744627,390.05782597744627,382.16901601385746,387.42822265625,74500,0.0,0.0
2017-10-19 00:00:00+09:00,386.5517359646884,389.1813396107067,385.6752014160156,385.6752014160156,41000,0.0,0.0
2017-10-20 00:00:00+09:00,385.6752014160156,390.9344087080522,385.6752014160156,385.6752014160156,30100,0.0,0.0
2017-10-23 00:00:00+09:00,388.3047790527344,391.8109170125785,387.42824456277333,388.3047790527344,38500,0.0,0.0
2017-10-24 00:00:00+09:00,391.8109314363766,402.329345703125,390.9343969141476,402.329345703125,102800,0.0,0.0
2017-10-25 00:00:00+09:00,402.3293141727954,406.7119864404729,395.3170385445114,396.1935729980469,46000,0.0,0.0
2017-10-26 00:00:00+09:00,395.3170385445114,402.3293141727954,395.3170385445114,396.1935729980469,71200,0.0,0.0
2017-10-27 00:00:00+09:00,402.329345703125,406.71201831427015,399.6997421364379,402.329345703125,87900,0.0,0.0
2017-10-30 00:00:00+09:00,407.5885794126704,408.4651139920525,402.32937193637787,405.83551025390625,55900,0.0,0.0
2017-10-31 00:00:00+09:00,406.71202785685915,413.72430419921875,406.71202785685915,413.72430419921875,77400,0.0,0.0
2017-11-01 00:00:00+09:00,394.44055557250977,394.44055557250977,378.6629333496094,378.6629333496094,286500,0.0,0.0
2017-11-02 00:00:00+09:00,379.5394810267857,380.416015625,371.6506696428571,374.2802734375,194900,0.0,0.0
2017-11-03 00:00:00+09:00,374.2802734375,374.2802734375,374.2802734375,374.2802734375,0,0.0,0.0
2017-11-06 00:00:00+09:00,374.28025158806025,376.9098552291942,373.4037170410156,373.4037170410156,49100,0.0,0.0
2017-11-07 00:00:00+09:00,373.4037301607221,377.78640304993246,370.7741264271959,375.15679931640625,54500,0.0,0.0
2017-11-08 00:00:00+09:00,375.15679931640625,376.9098684720904,372.52719558288004,375.15679931640625,19400,0.0,0.0
2017-11-09 00:00:00+09:00,375.15679931640625,378.6629376277745,374.2802647385642,375.15679931640625,48500,0.0,0.0
2017-11-10 00:00:00+09:00,375.15676095945025,383.0455713534574,375.15676095945025,382.1690368652344,96200,0.0,0.0
2017-11-13 00:00:00+09:00,383.9221540178571,384.79868861607144,380.416015625,380.416015625,68900,0.0,0.0
2017-11-14 00:00:00+09:00,379.53948974609375,383.0456282194988,378.6629551277425,379.53948974609375,28900,0.0,0.0
2017-11-15 00:00:00+09:00,376.9098637777082,379.53946747848295,364.63837984075957,366.3914489746094,89100,0.0,0.0
2017-11-16 00:00:00+09:00,366.39141532702325,376.90982916416266,366.39141532702325,376.0332946777344,41800,0.0,0.0
2017-11-17 00:00:00+09:00,376.0333161049701,376.9098506413453,369.8975743503435,370.77410888671875,88000,0.0,0.0
2017-11-20 00:00:00+09:00,370.77410888671875,372.52717795946916,365.5149016684674,370.77410888671875,23400,0.0,0.0
2017-11-21 00:00:00+09:00,370.7741220272289,374.2802602969899,369.8975874597886,372.5271911621094,50000,0.0,0.0
2017-11-22 00:00:00+09:00,373.40372572954965,374.2802602969899,370.7741220272289,372.5271911621094,25500,0.0,0.0
2017-11-23 00:00:00+09:00,372.5271911621094,372.5271911621094,372.5271911621094,372.5271911621094,0,0.0,0.0
2017-11-24 00:00:00+09:00,373.4037388392857,376.90987723214283,372.52720424107144,374.2802734375,91800,0.0,0.0
2017-11-27 00:00:00+09:00,372.52715673202124,377.78636365059094,371.65062224559296,376.0332946777344,49700,0.0,0.0
2017-11-28 00:00:00+09:00,376.9098684720904,377.78640304993246,375.15679931640625,375.15679931640625,12600,0.0,0.0
2017-11-29 00:00:00+09:00,376.90987723214283,376.90987723214283,370.77413504464283,374.2802734375,83900,0.0,0.0
2017-11-30 00:00:00+09:00,375.15679507785376,379.5394679175483,374.28026050991485,378.6629333496094,46100,0.0,0.0
2017-12-01 00:00:00+09:00,378.6628981370192,379.5394326234475,374.2802257048778,376.0332946777344,44200,0.0,0.0
2017-12-04 00:00:00+09:00,376.9098684720904,378.6629376277745,373.4037301607221,375.15679931640625,81100,0.0,0.0
2017-12-05 00:00:00+09:00,374.28029935265914,378.6629726471868,373.40376469375366,377.78643798828125,57600,0.0,0.0
2017-12-06 00:00:00+09:00,378.6629680765086,383.92217596646014,376.03336413153284,381.2925720214844,48700,0.0,0.0
2017-12-07 00:00:00+09:00,380.41602436444504,383.92216283785,376.90988589104,379.53948974609375,55800,0.0,0.0
2017-12-08 00:00:00+09:00,381.2925502232143,381.2925502232143,377.7864118303571,380.416015625,32000,0.0,0.0
2017-12-11 00:00:00+09:00,380.41602436444504,381.29255898279627,377.78642050939123,379.53948974609375,28700,0.0,0.0
2017-12-12 00:00:00+09:00,382.1691112828089,382.1691112828089,376.9099033293757,377.78643798828125,19500,0.0,0.0
2017-12-13 00:00:00+09:00,377.78643342818333,381.2925720214844,376.9098987798581,381.2925720214844,15300,0.0,0.0
2017-12-14 00:00:00+09:00,382.1690415228146,386.5517140173423,378.6629035271925,384.79864501953125,39900,0.0,0.0
2017-12-15 00:00:00+09:00,380.4159671098758,380.4159671098758,372.52715673202124,376.0332946777344,97900,0.0,0.0
2017-12-18 00:00:00+09:00,375.15679931640625,376.0333338942483,372.52719558288004,375.15679931640625,68200,0.0,0.0
2017-12-19 00:00:00+09:00,377.7863897762388,378.66292432328345,372.527182493971,373.4037170410156,90300,0.0,0.0
2017-12-20 00:00:00+09:00,373.4037301607221,376.0333338942483,371.650661005038,375.15679931640625,39000,0.0,0.0
2017-12-21 00:00:00+09:00,375.15678199945495,377.7863856116007,374.2802474620731,376.90985107421875,36400,0.0,0.0
2017-12-22 00:00:00+09:00,377.78636365059094,377.78636365059094,374.2802257048778,376.0332946777344,114200,0.0,0.0
2017-12-25 00:00:00+09:00,376.9098639993107,377.7863985667509,370.7741220272289,372.5271911621094,54900,0.0,0.0
2017-12-26 00:00:00+09:00,369.89755168133473,373.4036896119635,359.37913788944843,363.7618103027344,141100,0.0,0.0
2017-12-27 00:00:00+09:00,364.63835408625295,370.7740956213582,363.76181958123794,369.0210266113281,27100,0.0,0.0
2017-12-28 00:00:00+09:00,368.1445093997054,370.7741130382747,367.2679748535156,367.2679748535156,29200,0.0,0.0
2017-12-29 00:00:00+09:00,368.14450527759305,371.650643423094,368.14450527759305,370.77410888671875,18600,0.0,0.0
2018-01-01 00:00:00+09:00,370.77410888671875,370.77410888671875,370.77410888671875,370.77410888671875,0,0.0,0.0
2018-01-02 00:00:00+09:00,370.77410888671875,370.77410888671875,370.77410888671875,370.77410888671875,0,0.0,0.0
2018-01-03 00:00:00+09:00,370.77410888671875,370.77410888671875,370.77410888671875,370.77410888671875,0,0.0,0.0
2018-01-04 00:00:00+09:00,370.77413504464283,374.2802734375,369.89760044642856,374.2802734375,59800,0.0,0.0
2018-01-05 00:00:00+09:00,373.40372572954965,375.15679486443014,368.1445183249081,372.5271911621094,55100,0.0,0.0
2018-01-08 00:00:00+09:00,372.5271911621094,372.5271911621094,372.5271911621094,372.5271911621094,0,0.0,0.0
2018-01-09 00:00:00+09:00,372.52717795946916,374.2802470322196,370.77410888671875,370.77410888671875,33300,0.0,0.0
2018-01-10 00:00:00+09:00,373.40370379753836,374.280238313495,369.021031217755,371.650634765625,63600,0.0,0.0
2018-01-11 00:00:00+09:00,374.280238313495,375.15677282945165,370.7741002496683,371.650634765625,132000,0.0,0.0
2018-01-12 00:00:00+09:00,373.4037301607221,375.15679931640625,370.7741264271959,375.15679931640625,51600,0.0,0.0
2018-01-15 00:00:00+09:00,376.0333338942483,376.9098684720904,374.2802647385642,375.15679931640625,36900,0.0,0.0
2018-01-16 00:00:00+09:00,376.9098684720904,377.78640304993246,374.2802647385642,375.15679931640625,94800,0.0,0.0
2018-01-17 00:00:00+09:00,373.4037170410156,375.1567861351049,372.527182493971,373.4037170410156,55900,0.0,0.0
2018-01-18 00:00:00+09:00,375.15677282945165,375.15677282945165,371.650634765625,371.650634765625,26600,0.0,0.0
2018-01-19 00:00:00+09:00,372.527182493971,373.4037170410156,370.77411339988174,373.4037170410156,19100,0.0,0.0
2018-01-22 00:00:00+09:00,374.2802602969899,374.2802602969899,369.8975874597886,372.5271911621094,48600,0.0,0.0
2018-01-23 00:00:00+09:00,371.650634765625,373.40370379753836,371.650634765625,371.650634765625,93800,0.0,0.0
2018-01-24 00:00:00+09:00,373.4037388392857,373.4037388392857,368.14453125,368.14453125,103900,0.0,0.0
2018-01-25 00:00:00+09:00,370.77408697480837,371.65062145938236,369.0210180056603,369.8975524902344,24700,0.0,0.0
2018-01-26 00:00:00+09:00,370.77410888671875,371.650643423094,369.8975743503435,370.77410888671875,8500,0.0,0.0
2018-01-29 00:00:00+09:00,369.0210180056603,370.77408697480837,368.14448352108633,369.8975524902344,30000,0.0,0.0
2018-01-30 00:00:00+09:00,369.8975657337117,371.650634765625,369.021031217755,371.650634765625,52600,0.0,0.0
2018-01-31 00:00:00+09:00,369.8975657337117,373.40370379753836,369.8975657337117,371.650634765625,25500,0.0,0.0
2018-02-01 00:00:00+09:00,362.0087668336468,362.0087668336468,349.7372832121672,354.9964904785156,275700,0.0,0.0
2018-02-02 00:00:00+09:00,354.9965254862112,354.9965254862112,349.7373177012303,351.4903869628906,66900,0.0,0.0
2018-02-05 00:00:00+09:00,347.1076788158368,347.1076788158368,340.97193701858714,342.7250061035156,77000,0.0,0.0
2018-02-06 00:00:00+09:00,338.3423409646387,338.3423409646387,313.79937322627114,317.3055114746094,173700,0.0,0.0
2018-02-07 00:00:00+09:00,329.57699101349044,331.330060114626,320.8116455078125,320.8116455078125,82700,0.0,0.0
2018-02-08 00:00:00+09:00,326.9473750200221,332.20658212490184,325.1943059850622,331.3300476074219,66300,0.0,0.0
2018-02-09 00:00:00+09:00,324.3177662725034,326.0708352793818,318.182024748429,322.564697265625,78400,0.0,0.0
2018-02-12 00:00:00+09:00,322.564697265625,322.564697265625,322.564697265625,322.564697265625,0,0.0,0.0
2018-02-13 00:00:00+09:00,328.7004607817086,328.7004607817086,313.79937322627114,317.3055114746094,71100,0.0,0.0
2018-02-14 00:00:00+09:00,318.1820457780865,319.93511490083074,305.9105619188765,311.1697692871094,115000,0.0,0.0
2018-02-15 00:00:00+09:00,312.04632568359375,315.55246417442066,310.2932564381803,312.04632568359375,38300,0.0,0.0
2018-02-16 00:00:00+09:00,314.67590365383796,320.8116455078125,313.7993691032702,320.8116455078125,36100,0.0,0.0
2018-02-19 00:00:00+09:00,322.5647364325702,329.57701331153913,322.5647364325702,327.8239440917969,47300,0.0,0.0
2018-02-20 00:00:00+09:00,329.57701331153913,333.0831517510236,327.8239440917969,327.8239440917969,41500,0.0,0.0
2018-02-21 00:00:00+09:00,331.3300868674362,333.083156110121,326.07087913938165,330.45355224609375,47400,0.0,0.0
2018-02-22 00:00:00+09:00,327.8239002843057,329.57696926978326,326.0708312988281,326.0708312988281,31900,0.0,0.0
2018-02-23 00:00:00+09:00,330.4535478406691,334.83622088895385,326.07087479238436,333.9596862792969,36800,0.0,0.0
2018-02-26 00:00:00+09:00,336.58926809210527,336.58926809210527,333.0831298828125,333.0831298828125,43800,0.0,0.0
2018-02-27 00:00:00+09:00,334.83619483311975,338.34233299891156,333.0831257502238,336.5892639160156,42300,0.0,0.0
2018-02-28 00:00:00+09:00,336.5892598260309,340.09539794921875,336.5892598260309,340.09539794921875,28400,0.0,0.0
2018-03-01 00:00:00+09:00,336.589290190508,340.9719632398636,326.9474094819258,327.8239440917969,79700,0.0,0.0
2018-03-02 00:00:00+09:00,327.8239002843057,328.70043477704445,323.44122782061174,326.0708312988281,45300,0.0,0.0
2018-03-05 00:00:00+09:00,326.0708705357143,326.94740513392856,319.05859375,319.05859375,30500,0.0,0.0
2018-03-06 00:00:00+09:00,325.1943225333704,326.0708570954549,315.55244235044023,317.3055114746094,124700,0.0,0.0
2018-03-07 00:00:00+09:00,317.3055201818408,326.0708660432176,316.4289855957031,316.4289855957031,59100,0.0,0.0
2018-03-08 00:00:00+09:00,319.05854512589224,320.81161405515536,312.9228038734712,314.6758728027344,121700,0.0,0.0
2018-03-09 00:00:00+09:00,314.67592075892856,319.9351283482143,314.67592075892856,319.05859375,100100,0.0,0.0
2018-03-12 00:00:00+09:00,319.93513694969386,325.1943446803737,317.3055330843539,324.31781005859375,36600,0.0,0.0
2018-03-13 00:00:00+09:00,322.56474081503376,324.31781005859375,320.8116715714738,324.31781005859375,12700,0.0,0.0
2018-03-14 00:00:00+09:00,323.441223956169,329.57696533203125,319.93508602710483,329.57696533203125,54100,0.0,0.0
2018-03-15 00:00:00+09:00,326.0708748720547,332.20661714115244,326.0708748720547,327.8239440917969,27700,0.0,0.0
2018-03-16 00:00:00+09:00,327.8239483820665,330.45355224609375,325.1943445180392,330.45355224609375,95300,0.0,0.0
2018-03-19 00:00:00+09:00,331.3300342965633,331.3300342965633,324.317758438435,329.57696533203125,35000,0.0,0.0
2018-03-20 00:00:00+09:00,329.57701331153913,330.45354792141023,324.3178056523124,327.8239440917969,73900,0.0,0.0
2018-03-21 00:00:00+09:00,327.8239440917969,327.8239440917969,327.8239440917969,327.8239440917969,0,0.0,0.0
2018-03-22 00:00:00+09:00,327.8239658203125,332.20663916015627,327.8239658203125,328.70050048828125,39200,0.0,0.0
2018-03-23 00:00:00+09:00,325.19431365882724,325.19431365882724,316.4289682771877,318.1820373535156,42900,0.0,0.0
2018-03-26 00:00:00+09:00,319.05857189167955,319.05857189167955,312.9228301245319,318.1820373535156,52900,0.0,0.0
2018-03-27 00:00:00+09:00,320.81166721282796,330.45354792141023,319.93513260295686,327.8239440917969,75100,0.0,0.0
2018-03-28 00:00:00+09:00,326.933037423954,330.4963402841605,316.2431288433342,318.0247802734375,83300,6.0,0.0
2018-03-29 00:00:00+09:00,322.47893662886185,323.3697624206543,312.67985291914505,313.5706787109375,109400,0.0,0.0
2018-03-30 00:00:00+09:00,320.6972981309756,324.260601443542,310.00738819327637,314.4615173339844,90100,0.0,0.0
2018-04-02 00:00:00+09:00,314.4615045027299,317.13398187810725,313.5706787109375,313.5706787109375,33000,0.0,0.0
2018-04-03 00:00:00+09:00,312.6798400878906,314.4614915983629,309.11653706694597,312.6798400878906,50200,0.0,0.0
2018-04-04 00:00:00+09:00,312.6798656777012,316.2431689902676,311.7890398495596,314.4615173339844,33900,0.0,0.0
2018-04-05 00:00:00+09:00,314.4615553952335,317.134033203125,312.6799035233058,317.134033203125,18700,0.0,0.0
2018-04-06 00:00:00+09:00,316.2431945800781,317.1340204803037,313.5707168794014,316.2431945800781,23100,0.0,0.0
2018-04-09 00:00:00+09:00,318.02480766989964,318.02480766989964,310.8982013355602,313.5706787109375,25100,0.0,0.0
2018-04-10 00:00:00+09:00,313.5706787109375,314.4615045027299,309.1165497519753,313.5706787109375,24900,0.0,0.0
2018-04-11 00:00:00+09:00,313.570701446096,315.35235315885785,310.8982238769531,310.8982238769531,18200,0.0,0.0
2018-04-12 00:00:00+09:00,311.7890418609443,312.6798676948327,305.5532610237254,308.2257385253906,43200,0.0,0.0
2018-04-13 00:00:00+09:00,309.1165794821346,310.0074053596048,300.20832070743336,302.88079833984375,208300,0.0,0.0
2018-04-16 00:00:00+09:00,304.6624628777378,310.0074183668209,303.7716369628906,303.7716369628906,49600,0.0,0.0
2018-04-17 00:00:00+09:00,307.3349328577166,307.3349328577166,297.5358480419633,301.0991516113281,62700,0.0,0.0
2018-04-18 00:00:00+09:00,300.20832571898694,303.77162928835173,298.4266739343045,301.0991516113281,56200,0.0,0.0
2018-04-19 00:00:00+09:00,302.8808059914814,305.55328369140625,301.0991541915315,305.55328369140625,40600,0.0,0.0
2018-04-20 00:00:00+09:00,305.55328369140625,311.7890649912309,302.8808059914814,305.55328369140625,84300,0.0,0.0
2018-04-23 00:00:00+09:00,305.5532630762871,306.44408891615967,301.0991338769243,301.9899597167969,100600,0.0,0.0
2018-04-24 00:00:00+09:00,304.6624577914313,310.8982390912559,302.8808059914814,305.55328369140625,115900,0.0,0.0
2018-04-25 00:00:00+09:00,308.2257512776927,309.1165771484375,305.5532736654584,309.1165771484375,64600,0.0,0.0
2018-04-26 00:00:00+09:00,310.00740807574726,310.8982339610224,306.4441045346467,307.3349304199219,41700,0.0,0.0
2018-04-27 00:00:00+09:00,308.22571764494245,310.007369192023,303.77158877724094,304.66241455078125,41500,0.0,0.0
2018-04-30 00:00:00+09:00,304.66241455078125,304.66241455078125,304.66241455078125,304.66241455078125,0,0.0,0.0
2018-05-01 00:00:00+09:00,304.66241455078125,306.4440660978618,303.77158877724094,304.66241455078125,17600,0.0,0.0
2018-05-02 00:00:00+09:00,304.66241455078125,305.5532403243215,303.77158877724094,304.66241455078125,17100,0.0,0.0
2018-05-03 00:00:00+09:00,304.66241455078125,304.66241455078125,304.66241455078125,304.66241455078125,0,0.0,0.0
2018-05-04 00:00:00+09:00,304.66241455078125,304.66241455078125,304.66241455078125,304.66241455078125,0,0.0,0.0
2018-05-07 00:00:00+09:00,306.4440868576138,308.2257385253906,305.5532610237254,308.2257385253906,53400,0.0,0.0
2018-05-08 00:00:00+09:00,308.22574630781025,311.7890497333341,307.3349204514293,310.8982238769531,33200,0.0,0.0
2018-05-09 00:00:00+09:00,311.78901433265446,313.5706658431268,310.00736282218213,312.6798400878906,35300,0.0,0.0
2018-05-10 00:00:00+09:00,311.78905476067183,313.5707065021614,309.1165771484375,309.1165771484375,24700,0.0,0.0
2018-05-11 00:00:00+09:00,310.89824167887366,311.789067586263,309.11658986409503,310.0074157714844,10800,0.0,0.0
2018-05-14 00:00:00+09:00,310.89824167887366,311.789067586263,310.0074157714844,310.0074157714844,23000,0.0,0.0
2018-05-15 00:00:00+09:00,310.89823660714285,314.46154017857145,310.0074107142857,311.7890625,36000,0.0,0.0
2018-05-16 00:00:00+09:00,324.26062276369834,330.49640397069254,318.02484155670413,328.7147521972656,131500,0.0,0.0
2018-05-17 00:00:00+09:00,328.7147276382648,339.4046374801596,326.04225017779106,337.62298583984375,77200,0.0,0.0
2018-05-18 00:00:00+09:00,338.51382667193786,338.51382667193786,332.2780456542969,332.2780456542969,40100,0.0,0.0
2018-05-21 00:00:00+09:00,336.73215208662316,336.73215208662316,332.27802309076833,334.95050048828125,30400,0.0,0.0
2018-05-22 00:00:00+09:00,334.0597204259924,334.0597204259924,328.7147648991765,329.6055908203125,34800,0.0,0.0
2018-05-23 00:00:00+09:00,329.6055553805444,332.27803285660286,327.8239037298387,331.38720703125,32800,0.0,0.0
2018-05-24 00:00:00+09:00,332.27805303217286,332.27805303217286,323.36979423774466,324.2606201171875,19000,0.0,0.0
2018-05-25 00:00:00+09:00,325.1514360179072,327.82391357421875,325.1514360179072,327.82391357421875,12300,0.0,0.0
2018-05-28 00:00:00+09:00,326.9330749511719,327.82390076847753,326.0422491338662,326.9330749511719,10800,0.0,0.0
2018-05-29 00:00:00+09:00,327.82392874870516,327.82392874870516,320.69732160199413,322.4789733886719,12700,0.0,0.0
2018-05-30 00:00:00+09:00,318.9156850750527,318.9156850750527,313.57072945926967,317.134033203125,33000,0.0,0.0
2018-05-31 00:00:00+09:00,317.13402303059894,324.2606302897135,316.2431971232096,320.69732666015625,14600,0.0,0.0
2018-06-01 00:00:00+09:00,318.024831899689,333.16887151395986,318.024831899689,332.2780456542969,25400,0.0,0.0
2018-06-04 00:00:00+09:00,332.2780483992642,342.07713293650795,330.4963966652199,336.732177734375,109400,0.0,0.0
2018-06-05 00:00:00+09:00,336.73218517768674,336.73218517768674,326.04227453712525,328.7147521972656,33600,0.0,0.0
2018-06-06 00:00:00+09:00,329.6055908203125,331.38724266258447,328.7147648991765,329.6055908203125,7100,0.0,0.0
2018-06-07 00:00:00+09:00,331.38724266258447,334.0597204259924,328.7147648991765,329.6055908203125,5200,0.0,0.0
2018-06-08 00:00:00+09:00,334.9505073069227,334.9505073069227,326.9330749511719,326.9330749511719,24800,0.0,0.0
2018-06-11 00:00:00+09:00,329.60555240308884,329.60555240308884,325.1514233165606,326.9330749511719,17900,0.0,0.0
2018-06-12 00:00:00+09:00,328.71473154564427,328.71473154564427,325.15142822265625,325.15142822265625,2500,0.0,0.0
2018-06-13 00:00:00+09:00,326.04226187001103,327.82391357421875,325.1514360179072,327.82391357421875,9300,0.0,0.0
2018-06-14 00:00:00+09:00,326.9331004238387,330.49640397069254,326.9331004238387,328.7147521972656,20200,0.0,0.0
2018-06-15 00:00:00+09:00,328.71474444279903,328.71474444279903,324.26061511430584,326.0422668457031,17100,0.0,0.0
2018-06-18 00:00:00+09:00,326.93309271140174,329.6055703084977,326.0422668457031,326.0422668457031,15100,0.0,0.0
2018-06-19 00:00:00+09:00,327.82390777758377,327.82390777758377,317.13399774135826,318.9156494140625,25600,0.0,0.0
2018-06-20 00:00:00+09:00,318.0248235777104,318.9156494140625,307.3349135414848,318.9156494140625,52300,0.0,0.0
2018-06-21 00:00:00+09:00,319.8064907199734,328.7147495144016,319.8064907199734,324.2606201171875,22900,0.0,0.0
2018-06-22 00:00:00+09:00,319.8064957086553,322.4789733886719,316.2431921352998,322.4789733886719,17500,0.0,0.0
2018-06-25 00:00:00+09:00,326.9330638152311,326.9330638152311,319.80645751953125,319.80645751953125,10800,0.0,0.0
2018-06-26 00:00:00+09:00,316.2431288433342,320.6972574185924,312.6798259831276,318.0247802734375,17500,0.0,0.0
2018-06-27 00:00:00+09:00,318.0247802734375,323.3697345637474,318.0247802734375,318.0247802734375,10700,0.0,0.0
2018-06-28 00:00:00+09:00,318.02484638052925,318.02484638052925,312.6798909791758,316.2431945800781,14700,0.0,0.0
2018-06-29 00:00:00+09:00,315.35238133119736,317.134033203125,313.57072945926967,317.134033203125,6900,0.0,0.0
2018-07-02 00:00:00+09:00,317.1340204803037,320.697324081206,316.2431945800781,316.2431945800781,8700,0.0,0.0
2018-07-03 00:00:00+09:00,317.1339688640714,317.1339688640714,310.8981885774183,312.6798400878906,26900,0.0,0.0
2018-07-04 00:00:00+09:00,312.67988573157265,312.67988573157265,307.3349304199219,307.3349304199219,14500,0.0,0.0
2018-07-05 00:00:00+09:00,307.3349540016868,308.22577995531486,293.9725646972656,293.9725646972656,67700,0.0,0.0
2018-07-06 00:00:00+09:00,296.6449969155448,300.2083001817976,286.8459129333496,299.3174743652344,73000,0.0,0.0
2018-07-09 00:00:00+09:00,301.9899800915065,305.55328369140625,301.0991541915315,305.55328369140625,55400,0.0,0.0
2018-07-10 00:00:00+09:00,309.1165434184827,311.7890207391036,304.66241455078125,304.66241455078125,50600,0.0,0.0
2018-07-11 00:00:00+09:00,304.66244226110445,304.66244226110445,298.426661279152,300.20831298828125,24500,0.0,0.0
2018-07-12 00:00:00+09:00,300.2083080370518,301.9899597167969,299.3174821971792,301.9899597167969,14600,0.0,0.0
2018-07-13 00:00:00+09:00,302.88079055197517,302.88079055197517,299.3174871337166,300.20831298828125,22600,0.0,0.0
2018-07-16 00:00:00+09:00,300.20831298828125,300.20831298828125,300.20831298828125,300.20831298828125,0,0.0,0.0
2018-07-17 00:00:00+09:00,307.3349277271944,307.3349277271944,302.88079833984375,302.88079833984375,25300,0.0,0.0
2018-07-18 00:00:00+09:00,304.66241455078125,307.33489187140214,301.98993723016036,304.66241455078125,29900,0.0,0.0
2018-07-19 00:00:00+09:00,306.444091796875,308.22574349336844,303.7716142521348,306.444091796875,17900,0.0,0.0
2018-07-20 00:00:00+09:00,306.4441045346467,308.225756305197,304.6624527640965,307.3349304199219,20600,0.0,0.0
2018-07-23 00:00:00+09:00,305.5532659486283,307.3349176451217,304.6624401003815,306.444091796875,27200,0.0,0.0
2018-07-24 00:00:00+09:00,308.2257512776927,310.0074030191823,306.44409953620317,309.1165771484375,16900,0.0,0.0
2018-07-25 00:00:00+09:00,318.02480766989964,318.02480766989964,312.67985291914505,313.5706787109375,63200,0.0,0.0
2018-07-26 00:00:00+09:00,313.5706658431268,314.4614915983629,311.78901433265446,312.6798400878906,19400,0.0,0.0
2018-07-27 00:00:00+09:00,313.57070422846044,315.35235595703125,312.67987836417507,315.35235595703125,15400,0.0,0.0
2018-07-30 00:00:00+09:00,312.67989349365234,320.69732666015625,312.67989349365234,320.69732666015625,32900,0.0,0.0
2018-07-31 00:00:00+09:00,318.9156850750527,318.9156850750527,317.134033203125,317.134033203125,33300,0.0,0.0
2018-08-01 00:00:00+09:00,310.8982013355602,315.35233029452235,310.8982013355602,313.5706787109375,45400,0.0,0.0
2018-08-02 00:00:00+09:00,314.4615553952335,318.02485913908885,313.57072945926967,317.134033203125,24300,0.0,0.0
2018-08-03 00:00:00+09:00,316.2431945800781,316.2431945800781,313.5707168794014,316.2431945800781,13700,0.0,0.0
2018-08-06 00:00:00+09:00,316.2431431088352,316.2431431088352,312.6798400878906,312.6798400878906,24000,0.0,0.0
2018-08-07 00:00:00+09:00,313.5707142857143,313.5707142857143,309.11658482142855,311.7890625,73200,0.0,0.0
2018-08-08 00:00:00+09:00,310.8982238769531,312.67987558971504,310.8982238769531,310.8982238769531,8000,0.0,0.0
2018-08-09 00:00:00+09:00,310.8982013355602,314.4615045027299,310.8982013355602,313.5706787109375,9100,0.0,0.0
2018-08-10 00:00:00+09:00,311.789067586263,312.67989349365234,308.2257639567057,310.0074157714844,19800,0.0,0.0
2018-08-13 00:00:00+09:00,308.22574349336844,309.11656934161516,304.6624401003815,306.444091796875,35200,0.0,0.0
2018-08-14 00:00:00+09:00,305.55328125,312.67988839285715,304.66245535714285,311.7890625,27800,0.0,0.0
2018-08-15 00:00:00+09:00,310.8982238769531,311.7890497333341,308.22574630781025,310.8982238769531,14600,0.0,0.0
2018-08-16 00:00:00+09:00,310.0073951898619,310.0073951898619,302.88078840388806,306.444091796875,24300,0.0,0.0
2018-08-17 00:00:00+09:00,306.4441045346467,308.225756305197,305.5532786493716,307.3349304199219,5700,0.0,0.0
2018-08-20 00:00:00+09:00,309.1165721641912,310.8982238769531,307.3349204514293,310.8982238769531,12200,0.0,0.0
2018-08-21 00:00:00+09:00,309.11653706694597,313.5706658431268,308.22571131170986,312.6798400878906,16700,0.0,0.0
2018-08-22 00:00:00+09:00,311.7890625,313.5707142857143,310.0074107142857,311.7890625,59000,0.0,0.0
2018-08-23 00:00:00+09:00,312.67988839285715,312.67988839285715,310.0074107142857,311.7890625,40800,0.0,0.0
2018-08-24 00:00:00+09:00,315.35235595703125,316.2431818213166,311.78905249988964,315.35235595703125,12400,0.0,0.0
2018-08-27 00:00:00+09:00,317.13400768560206,317.13400768560206,315.35235595703125,315.35235595703125,50300,0.0,0.0
2018-08-28 00:00:00+09:00,318.02484638052925,319.8064981809804,316.2431945800781,316.2431945800781,10000,0.0,0.0
2018-08-29 00:00:00+09:00,318.91564740742723,325.15142822265625,318.0248215766802,325.15142822265625,26300,0.0,0.0
2018-08-30 00:00:00+09:00,323.3697992820108,323.3697992820108,319.8064957086553,322.4789733886719,14600,0.0,0.0
2018-08-31 00:00:00+09:00,321.58814749533303,324.2606251753496,318.9156698153164,322.4789733886719,61900,0.0,0.0
2018-09-03 00:00:00+09:00,323.3697814941406,323.3697814941406,320.69730396113124,323.3697814941406,14000,0.0,0.0
2018-09-04 00:00:00+09:00,320.69732160199413,323.3697992820108,320.69732160199413,322.4789733886719,10300,0.0,0.0
2018-09-05 00:00:00+09:00,321.58814749533303,323.3697992820108,320.69732160199413,322.4789733886719,56900,0.0,0.0
2018-09-06 00:00:00+09:00,321.58814998143157,321.58814998143157,316.2431945800781,316.2431945800781,25900,0.0,0.0
2018-09-07 00:00:00+09:00,316.2431689902676,316.2431689902676,314.4615173339844,314.4615173339844,5900,0.0,0.0
2018-09-10 00:00:00+09:00,314.4614774132309,318.0247802734375,313.5706516981793,318.0247802734375,13600,0.0,0.0
2018-09-11 00:00:00+09:00,318.02483354988743,318.02483354988743,314.4615300927459,315.35235595703125,6800,0.0,0.0
2018-09-12 00:00:00+09:00,315.35231735359906,315.35231735359906,311.78901433265446,312.6798400878906,23400,0.0,0.0
2018-09-13 00:00:00+09:00,314.461542779627,316.2431945800781,314.461542779627,316.2431945800781,2700,0.0,0.0
2018-09-14 00:00:00+09:00,316.2431971232096,320.69732666015625,315.3523712158203,320.69732666015625,17800,0.0,0.0
2018-09-17 00:00:00+09:00,320.69732666015625,320.69732666015625,320.69732666015625,320.69732666015625,0,0.0,0.0
2018-09-18 00:00:00+09:00,318.91567484537757,322.4789784749349,318.0248489379883,320.69732666015625,22000,0.0,0.0
2018-09-19 00:00:00+09:00,322.4789784749349,323.3698043823242,320.69732666015625,320.69732666015625,64400,0.0,0.0
2018-09-20 00:00:00+09:00,319.80645751953125,322.4789348804187,319.80645751953125,319.80645751953125,24300,0.0,0.0
2018-09-21 00:00:00+09:00,321.588142478859,325.1514459966303,321.588142478859,324.2606201171875,20900,0.0,0.0
2018-09-24 00:00:00+09:00,324.2606201171875,324.2606201171875,324.2606201171875,324.2606201171875,0,0.0,0.0
2018-09-25 00:00:00+09:00,326.0422695602047,330.49639892578125,324.2606178139741,330.49639892578125,104300,0.0,0.0
2018-09-26 00:00:00+09:00,335.92924285063873,335.92924285063873,330.49642490696266,335.0237731933594,22800,6.0,0.0
2018-09-27 00:00:00+09:00,333.21278152673705,334.11825104175534,331.40184249670045,332.30731201171875,35800,0.0,0.0
2018-09-28 00:00:00+09:00,333.21281652269647,335.92922535304456,332.30734691258044,334.1182861328125,54400,0.0,0.0
2018-10-01 00:00:00+09:00,335.02375574292853,335.02375574292853,332.30734691258044,334.1182861328125,11100,0.0,0.0
2018-10-02 00:00:00+09:00,334.1182948878554,334.1182948878554,330.4964163524857,331.4018859863281,22100,0.0,0.0
2018-10-03 00:00:00+09:00,331.40184249670045,334.11825104175534,329.5909034666638,332.30731201171875,16800,0.0,0.0
2018-10-04 00:00:00+09:00,332.30734691258044,335.02375574292853,329.59093808223236,334.1182861328125,50200,0.0,0.0
2018-10-05 00:00:00+09:00,334.11827751897994,344.07844297347526,333.2128079322076,336.8346862792969,84200,0.0,0.0
2018-10-08 00:00:00+09:00,336.8346862792969,336.8346862792969,336.8346862792969,336.8346862792969,0,0.0,0.0
2018-10-09 00:00:00+09:00,335.92921191338996,335.92921191338996,327.7799857483751,328.6854553222656,55800,0.0,0.0
2018-10-10 00:00:00+09:00,329.5909034666638,335.02372055677364,329.5909034666638,332.30731201171875,19300,0.0,0.0
2018-10-11 00:00:00+09:00,324.15812033974663,327.7799987792969,321.44171151008396,327.7799987792969,39000,0.0,0.0
2018-10-12 00:00:00+09:00,325.06359854943116,331.4018859863281,323.25265928174633,331.4018859863281,19700,0.0,0.0
2018-10-15 00:00:00+09:00,332.30733784084214,335.0237465970343,323.25264198686824,324.1581115722656,19500,0.0,0.0
2018-10-16 00:00:00+09:00,325.9690023470326,325.9690023470326,321.44165509221267,323.2525939941406,9400,0.0,0.0
2018-10-17 00:00:00+09:00,326.87452477349177,326.87452477349177,322.3471767849392,325.96905517578125,15500,0.0,0.0
2018-10-18 00:00:00+09:00,323.25265072985906,327.7799987792969,323.25265072985906,327.7799987792969,3500,0.0,0.0
2018-10-19 00:00:00+09:00,326.87452477349177,328.68546396891276,324.15811598036026,325.96905517578125,10200,0.0,0.0
2018-10-22 00:00:00+09:00,325.0635681152344,326.8745072133694,322.34715946803186,325.0635681152344,75500,0.0,0.0
2018-10-23 00:00:00+09:00,322.34717661395626,323.2526462111865,316.914359030575,319.6307678222656,18200,0.0,0.0
2018-10-24 00:00:00+09:00,318.72528076171875,318.72528076171875,314.19793302362615,318.72528076171875,14700,0.0,0.0
2018-10-25 00:00:00+09:00,313.2924802887053,313.2924802887053,306.04872351902424,306.9541931152344,36500,0.0,0.0
2018-10-26 00:00:00+09:00,307.8596537575793,307.8596537575793,301.52136676845265,303.3323059082031,19900,0.0,0.0
2018-10-29 00:00:00+09:00,296.99405332623104,301.52140170010654,296.99405332623104,298.80499267578125,11000,0.0,0.0
2018-10-30 00:00:00+09:00,296.08853667122975,305.1432319822766,295.1830671401251,304.2377624511719,11300,0.0,0.0
2018-10-31 00:00:00+09:00,304.23778867302053,310.5760759370418,304.23778867302053,308.76513671875,14000,0.0,0.0
2018-11-01 00:00:00+09:00,316.91437647047235,319.6307854116478,314.1979675292969,314.1979675292969,31000,0.0,0.0
2018-11-02 00:00:00+09:00,316.00887211886317,320.53621985695577,315.10340257124466,318.72528076171875,51700,0.0,0.0
2018-11-05 00:00:00+09:00,316.9143720986186,317.81984173318614,311.48155429121374,312.38702392578125,10900,0.0,0.0
2018-11-06 00:00:00+09:00,316.00889368166867,316.00889368166867,313.2924848534595,315.1034240722656,6400,0.0,0.0
2018-11-07 00:00:00+09:00,314.1979675292969,315.1034371763554,313.29249788223837,314.1979675292969,5700,0.0,0.0
2018-11-08 00:00:00+09:00,314.1979456169661,316.0088847847872,311.4815368652344,311.4815368652344,16700,0.0,0.0
2018-11-09 00:00:00+09:00,313.2924848534595,315.1034240722656,312.38701524405644,315.1034240722656,8100,0.0,0.0
2018-11-12 00:00:00+09:00,312.3870108720195,316.00888925894145,312.3870108720195,313.29248046875,8700,0.0,0.0
2018-11-13 00:00:00+09:00,310.57607167855855,313.29248046875,307.85966288836704,313.29248046875,24100,0.0,0.0
2018-11-14 00:00:00+09:00,310.5760846566463,312.38702392578125,309.6706150220788,312.38702392578125,8700,0.0,0.0
2018-11-15 00:00:00+09:00,311.48154994419644,311.48154994419644,309.6706107003348,310.5760803222656,9500,0.0,0.0
2018-11-16 00:00:00+09:00,310.5760846566463,313.2924935603487,310.5760846566463,312.38702392578125,4500,0.0,0.0
2018-11-19 00:00:00+09:00,309.67060641584726,315.1034240722656,308.76513680644416,315.1034240722656,5300,0.0,0.0
2018-11-20 00:00:00+09:00,313.2924848534595,315.1034240722656,312.38701524405644,315.1034240722656,7000,0.0,0.0
2018-11-21 00:00:00+09:00,312.38701956612726,313.292489188058,308.76514107840404,310.5760803222656,11900,0.0,0.0
2018-11-22 00:00:00+09:00,312.38701532928036,321.44171142578125,311.4815457196303,321.44171142578125,18700,0.0,0.0
2018-11-23 00:00:00+09:00,321.44171142578125,321.44171142578125,321.44171142578125,321.44171142578125,0,0.0,0.0
2018-11-26 00:00:00+09:00,318.7253024193549,318.7253024193549,308.76513671875,308.76513671875,59700,0.0,0.0
2018-11-27 00:00:00+09:00,313.2924718993441,316.9143501871978,313.2924718993441,316.0088806152344,18500,0.0,0.0
2018-11-28 00:00:00+09:00,316.9143632910717,317.8198329004748,311.48154563465334,315.1034240722656,20700,0.0,0.0
2018-11-29 00:00:00+09:00,314.1979414713075,316.9143501871978,314.1979414713075,316.0088806152344,6400,0.0,0.0
2018-11-30 00:00:00+09:00,314.1979675292969,316.00890682341384,312.3870282351799,314.1979675292969,45600,0.0,0.0
2018-12-03 00:00:00+09:00,316.91432420344773,317.8197937011719,316.0088547057236,317.8197937011719,16500,0.0,0.0
2018-12-04 00:00:00+09:00,313.29248046875,316.00888925894145,311.48154127528903,313.29248046875,24900,0.0,0.0
2018-12-05 00:00:00+09:00,309.67059769741326,313.2924760330555,309.67059769741326,311.4815368652344,9200,0.0,0.0
2018-12-06 00:00:00+09:00,311.48155429121374,314.1979631949162,307.8596757529438,312.38702392578125,13800,0.0,0.0
2018-12-07 00:00:00+09:00,315.10341966221097,315.10341966221097,310.57607167855855,313.29248046875,20000,0.0,0.0
2018-12-10 00:00:00+09:00,307.8596671096041,310.5760759370418,306.95419750045824,308.76513671875,8200,0.0,0.0
2018-12-11 00:00:00+09:00,307.8596537575793,309.67059289732975,300.61589719857744,303.3323059082031,22400,0.0,0.0
2018-12-12 00:00:00+09:00,302.42686247038057,304.23780176661035,300.61592317415074,301.5213928222656,9600,0.0,0.0
2018-12-13 00:00:00+09:00,301.52135385785783,304.2377624511719,298.8049452645438,304.2377624511719,42700,0.0,0.0
2018-12-14 00:00:00+09:00,300.61589719857744,306.0487146178288,300.61589719857744,303.3323059082031,46400,0.0,0.0
2018-12-17 00:00:00+09:00,301.5213618366265,301.5213618366265,289.75025762078224,295.1830749511719,52600,0.0,0.0
2018-12-18 00:00:00+09:00,294.27757382766583,294.27757382766583,284.3174097904217,288.8447570800781,40300,0.0,0.0
2018-12-19 00:00:00+09:00,285.22291787063017,291.561204934422,283.4119787095468,286.1283874511719,35500,0.0,0.0
2018-12-20 00:00:00+09:00,283.4119742812624,288.8447916796253,280.69556558208103,284.31744384765625,101000,0.0,0.0
2018-12-21 00:00:00+09:00,279.7901580810547,283.4120371500651,268.01905110677086,271.64093017578125,127400,0.0,0.0
2018-12-24 00:00:00+09:00,271.64093017578125,271.64093017578125,271.64093017578125,271.64093017578125,0,0.0,0.0
2018-12-25 00:00:00+09:00,264.3971136910575,264.3971136910575,252.6260093144008,253.53147888183594,143400,0.0,0.0
2018-12-26 00:00:00+09:00,257.1533571515764,266.2080528259277,250.81507017953055,253.53147888183594,116100,0.0,0.0
2018-12-27 00:00:00+09:00,263.49163818359375,266.2080468246617,260.7752295425258,263.49163818359375,51400,0.0,0.0
2018-12-28 00:00:00+09:00,268.92449097096306,273.45183930380756,260.775263971843,265.3026123046875,63200,0.0,0.0
2018-12-31 00:00:00+09:00,265.3026123046875,265.3026123046875,265.3026123046875,265.3026123046875,0,0.0,0.0
2019-01-04 00:00:00+09:00,258.05884225027904,259.8697814941406,256.2479030064174,259.8697814941406,76600,0.0,0.0
2019-01-07 00:00:00+09:00,265.3026034414965,279.7901176226021,265.3026034414965,274.3572998046875,72300,0.0,0.0
2019-01-08 00:00:00+09:00,275.2627433401639,280.69556064293033,275.2627433401639,276.168212890625,22000,0.0,0.0
2019-01-09 00:00:00+09:00,277.07371286245495,285.22293971135065,276.16824321257764,282.50653076171875,62400,0.0,0.0
2019-01-10 00:00:00+09:00,277.9791612262967,286.1283874511719,277.9791612262967,286.1283874511719,40700,0.0,0.0
2019-01-11 00:00:00+09:00,284.31744384765625,285.2229134140501,278.88462644929336,284.31744384765625,35600,0.0,0.0
2019-01-15 00:00:00+09:00,286.1283918656643,290.6557398382223,286.1283918656643,287.9393310546875,14500,0.0,0.0
2019-01-16 00:00:00+09:00,289.7502834187697,289.7502834187697,285.22293524035143,287.03387451171875,4700,0.0,0.0
2019-01-17 00:00:00+09:00,288.8447746276855,289.750244140625,286.12836608886715,289.750244140625,6300,0.0,0.0
2019-01-18 00:00:00+09:00,288.8448266185843,292.4667053222656,287.03388726674365,292.4667053222656,10000,0.0,0.0
2019-01-21 00:00:00+09:00,292.46666628597706,296.0885445062368,292.46666628597706,295.1830749511719,12200,0.0,0.0
2019-01-22 00:00:00+09:00,295.1831143500266,295.1831143500266,290.65576597042497,292.4667053222656,8600,0.0,0.0
2019-01-23 00:00:00+09:00,292.46668788364957,292.46668788364957,289.75027901785717,291.56121826171875,5600,0.0,0.0
2019-01-24 00:00:00+09:00,292.4667095477765,294.27764892578125,288.8448307917668,294.27764892578125,9200,0.0,0.0
2019-01-25 00:00:00+09:00,296.08854898592324,296.9940185546875,294.27760984839466,296.9940185546875,9100,0.0,0.0
2019-01-28 00:00:00+09:00,297.8994881234518,298.8049576922161,296.08854898592324,296.9940185546875,40600,0.0,0.0
2019-01-29 00:00:00+09:00,296.99400100941324,296.99400100941324,293.37212294832284,296.0885314941406,10400,0.0,0.0
2019-01-30 00:00:00+09:00,296.08853997124567,296.08853997124567,291.56119226526334,293.37213134765625,35200,0.0,0.0
2019-01-31 00:00:00+09:00,293.372135841042,297.8994836163667,292.46666628597706,295.1830749511719,11500,0.0,0.0
2019-02-01 00:00:00+09:00,298.8049452645438,310.5760491689046,298.8049452645438,304.2377624511719,71500,0.0,0.0
2019-02-04 00:00:00+09:00,303.3323103454771,307.8596582610812,303.3323103454771,305.14324951171875,22600,0.0,0.0
2019-02-05 00:00:00+09:00,305.1432450479536,306.9541841877041,302.42683633832786,303.3323059082031,29500,0.0,0.0
2019-02-06 00:00:00+09:00,302.42686247038057,303.33233211849546,299.7104535260358,301.5213928222656,44200,0.0,0.0
2019-02-07 00:00:00+09:00,301.52134474788807,301.52134474788807,298.8049362366458,300.6158752441406,21000,0.0,0.0
2019-02-08 00:00:00+09:00,297.8994836163667,297.8994836163667,293.372135841042,295.1830749511719,12400,0.0,0.0
2019-02-12 00:00:00+09:00,295.1831010432402,300.61591885385195,295.1831010432402,299.71044921875,11400,0.0,0.0
2019-02-13 00:00:00+09:00,299.71041813603154,299.71041813603154,292.4666618064598,293.37213134765625,42500,0.0,0.0
2019-02-14 00:00:00+09:00,294.2775969809674,298.80494462682844,294.2775969809674,297.89947509765625,12800,0.0,0.0
2019-02-15 00:00:00+09:00,299.71044921875,299.71044921875,296.9940403134441,299.71044921875,3900,0.0,0.0
2019-02-18 00:00:00+09:00,298.8049362366458,303.3322837553829,295.18305822165615,300.6158752441406,66100,0.0,0.0
2019-02-19 00:00:00+09:00,300.61591885385195,301.52138848895396,298.80497958364805,299.71044921875,35000,0.0,0.0
2019-02-20 00:00:00+09:00,300.6159101474785,302.4268493652344,300.6159101474785,302.4268493652344,34600,0.0,0.0
2019-02-21 00:00:00+09:00,303.3323233468192,310.5760803222656,302.4268537248884,310.5760803222656,71300,0.0,0.0
2019-02-22 00:00:00+09:00,312.38702392578125,313.2924935603487,309.6706150220788,312.38702392578125,35800,0.0,0.0
2019-02-25 00:00:00+09:00,315.1034240722656,321.44171133808703,312.38701524405644,315.1034240722656,106900,0.0,0.0
2019-02-26 00:00:00+09:00,316.00888925894145,316.00888925894145,311.48154127528903,313.29248046875,17400,0.0,0.0
2019-02-27 00:00:00+09:00,313.29246347600764,319.63075030933726,313.29246347600764,318.72528076171875,12200,0.0,0.0
2019-02-28 00:00:00+09:00,320.53621985695577,324.15809804742986,316.91434166648173,318.72528076171875,41100,0.0,0.0
2019-03-01 00:00:00+09:00,315.10338520799945,320.5362021943443,315.10338520799945,317.8197937011719,85800,0.0,0.0
2019-03-04 00:00:00+09:00,319.6307548048806,321.44169392558814,318.72528524452684,320.5362243652344,9100,0.0,0.0
2019-03-05 00:00:00+09:00,318.72528076171875,321.4416894045743,318.72528076171875,318.72528076171875,8900,0.0,0.0
2019-03-06 00:00:00+09:00,319.6307678222656,320.5362374194958,318.72529822503543,319.6307678222656,64600,0.0,0.0
2019-03-07 00:00:00+09:00,318.7253069196429,319.63077654157365,314.19795880998885,316.91436767578125,17800,0.0,0.0
2019-03-08 00:00:00+09:00,316.00890255538667,316.00890255538667,302.42685803294887,306.0487365722656,37900,0.0,0.0
2019-03-11 00:00:00+09:00,306.0487015133812,306.0487015133812,302.42682338896253,304.2377624511719,5000,0.0,0.0
2019-03-12 00:00:00+09:00,306.95420611837636,313.2924935603487,306.95420611837636,312.38702392578125,7700,0.0,0.0
2019-03-13 00:00:00+09:00,313.2924980612362,313.2924980612362,307.85968017578125,307.85968017578125,4200,0.0,0.0
2019-03-14 00:00:00+09:00,309.6706194709329,310.5760891185087,305.1432712330537,307.85968017578125,56600,0.0,0.0
2019-03-15 00:00:00+09:00,303.33232766777803,306.9542062070948,303.33232766777803,306.0487365722656,7400,0.0,0.0
2019-03-18 00:00:00+09:00,306.04874088062957,309.6706194709329,306.04874088062957,307.85968017578125,3800,0.0,0.0
2019-03-19 00:00:00+09:00,306.95419750045824,308.76513671875,305.1432582821664,308.76513671875,40700,0.0,0.0
2019-03-20 00:00:00+09:00,313.29248046875,315.10341966221097,311.48154127528903,313.29248046875,38200,0.0,0.0
2019-03-22 00:00:00+09:00,314.1979544628625,316.9143632910717,313.2924848534595,315.1034240722656,23700,0.0,0.0
2019-03-25 00:00:00+09:00,315.1034240722656,315.1034240722656,315.1034240722656,315.1034240722656,0,0.0,0.0
2019-03-26 00:00:00+09:00,312.3870110444239,323.2526462111865,311.4815414471937,319.6307678222656,51000,0.0,0.0
2019-03-27 00:00:00+09:00,321.4730200863709,323.31527235047616,315.02513716200247,319.6307678222656,13200,6.0,0.0
2019-03-28 00:00:00+09:00,321.4730176842731,321.4730176842731,314.1040086829144,317.78851318359375,6400,0.0,0.0
2019-03-29 00:00:00+09:00,317.7884966828102,317.7884966828102,315.0251184507858,316.86737060546875,2300,0.0,0.0
2019-04-01 00:00:00+09:00,315.9462561285741,317.7885083508981,308.5772472392779,314.10400390625,24700,0.0,0.0
2019-04-02 00:00:00+09:00,321.4730034977025,321.4730034977025,317.78849915961996,318.7096252441406,7700,0.0,0.0
2019-04-03 00:00:00+09:00,319.63076301774896,320.5518891359557,315.9462585449219,315.9462585449219,10600,0.0,0.0
2019-04-04 00:00:00+09:00,315.02513001741204,317.7885083508981,314.10400390625,314.10400390625,16500,0.0,0.0
2019-04-05 00:00:00+09:00,314.1040179981905,314.1040179981905,309.4983872357537,313.1828918457031,16900,0.0,0.0
2019-04-08 00:00:00+09:00,313.1828729193713,313.1828729193713,310.41949462890625,310.41949462890625,2300,0.0,0.0
2019-04-09 00:00:00+09:00,312.2617468225496,312.2617468225496,310.41949462890625,310.41949462890625,400,0.0,0.0
2019-04-10 00:00:00+09:00,310.4194780985514,310.4194780985514,305.8138478597005,309.49835205078125,8700,0.0,0.0
2019-04-11 00:00:00+09:00,307.6560948383377,307.6560948383377,303.9715907085373,305.8138427734375,7000,0.0,0.0
2019-04-12 00:00:00+09:00,305.8138427734375,307.6560948383377,305.8138427734375,305.8138427734375,700,0.0,0.0
2019-04-15 00:00:00+09:00,304.8927495351095,308.5772540612135,304.8927495351095,307.6561279296875,5900,0.0,0.0
2019-04-16 00:00:00+09:00,303.971637347797,307.65614204292183,303.971637347797,306.7350158691406,13200,0.0,0.0
2019-04-17 00:00:00+09:00,306.7349803425983,306.7349803425983,297.5237196716494,303.05047607421875,48900,0.0,0.0
2019-04-18 00:00:00+09:00,303.9715907085373,306.7349688058876,303.05046467608713,305.8138427734375,8200,0.0,0.0
2019-04-19 00:00:00+09:00,305.8138427734375,305.8138427734375,302.129338643637,305.8138427734375,19900,0.0,0.0
2019-04-22 00:00:00+09:00,304.89276123046875,304.89276123046875,300.2871303961716,304.89276123046875,46100,0.0,0.0
2019-04-23 00:00:00+09:00,304.89276123046875,304.89276123046875,300.2871303961716,304.89276123046875,7300,0.0,0.0
2019-04-24 00:00:00+09:00,304.8927167409874,305.8138427734375,303.9715907085373,305.8138427734375,2700,0.0,0.0
2019-04-25 00:00:00+09:00,303.9716137845092,303.9716137845092,300.287109375,300.287109375,13700,0.0,0.0
2019-04-26 00:00:00+09:00,300.2871019363403,300.2871019363403,290.15471506118774,294.7603454589844,31200,0.0,0.0
2019-05-07 00:00:00+09:00,289.23363603864397,291.07588849748885,283.7068786621094,283.7068786621094,21500,0.0,0.0
2019-05-08 00:00:00+09:00,283.7068433259663,284.627969440661,280.0223388671875,280.0223388671875,15800,0.0,0.0
2019-05-09 00:00:00+09:00,283.7068622601537,284.62798843632305,280.9434837316457,282.7857360839844,7000,0.0,0.0
2019-05-10 00:00:00+09:00,282.7857196284275,285.54909799613205,280.9434673832912,281.8645935058594,10600,0.0,0.0
2019-05-13 00:00:00+09:00,276.33786233055673,280.94349336939933,275.41673612278817,278.18011474609375,22600,0.0,0.0
2019-05-14 00:00:00+09:00,275.41669935701736,284.6279602050781,270.8110689329869,284.6279602050781,21200,0.0,0.0
2019-05-15 00:00:00+09:00,275.41669935701736,285.5490862898842,269.88994284818085,284.6279602050781,32200,0.0,0.0
2019-05-16 00:00:00+09:00,282.78573886768237,282.78573886768237,272.6533508300781,272.6533508300781,43200,0.0,0.0
2019-05-17 00:00:00+09:00,277.25895322249244,279.1012054033728,274.4955749511719,274.4955749511719,5300,0.0,0.0
2019-05-20 00:00:00+09:00,275.41672938578836,276.3378555710251,271.7322246448414,272.6533508300781,8600,0.0,0.0
2019-05-21 00:00:00+09:00,272.6533390925481,278.18009596604566,268.96883451021637,275.4167175292969,21900,0.0,0.0
2019-05-22 00:00:00+09:00,274.4955749511719,276.3378271320522,273.5744488607317,274.4955749511719,4200,0.0,0.0
2019-05-23 00:00:00+09:00,274.4956032005516,275.41672938578836,269.88997227436784,272.6533508300781,12000,0.0,0.0
2019-05-24 00:00:00+09:00,273.5744724012401,273.5744724012401,268.0477153830332,268.9688415527344,21400,0.0,0.0
2019-05-27 00:00:00+09:00,272.6533178212691,272.6533178212691,269.8899396001076,270.8110656738281,1100,0.0,0.0
2019-05-28 00:00:00+09:00,272.6533178212691,278.18007426359213,270.8110656738281,270.8110656738281,12200,0.0,0.0
2019-05-29 00:00:00+09:00,272.65333438162077,272.65333438162077,269.88995599261784,271.7322082519531,3800,0.0,0.0
2019-05-30 00:00:00+09:00,271.7322034278686,271.7322034278686,264.3631945213501,268.0476989746094,14200,0.0,0.0
2019-05-31 00:00:00+09:00,268.04767990112305,268.04767990112305,265.2843017578125,265.2843017578125,5300,0.0,0.0
2019-06-03 00:00:00+09:00,263.44209937226003,263.44209937226003,256.0730895996094,256.0730895996094,25200,0.0,0.0
2019-06-04 00:00:00+09:00,256.0731038117667,257.9153563571751,254.23085126635831,255.1519775390625,26100,0.0,0.0
2019-06-05 00:00:00+09:00,259.7575639547761,268.0476989746094,259.7575639547761,268.0476989746094,14600,0.0,0.0
2019-06-06 00:00:00+09:00,269.88995599261784,271.7322082519531,268.9688298629502,271.7322082519531,12100,0.0,0.0
2019-06-07 00:00:00+09:00,275.41673612278817,278.18011474609375,269.88997887617705,278.18011474609375,24900,0.0,0.0
2019-06-10 00:00:00+09:00,279.1011885826034,279.1011885826034,273.5744323730469,273.5744323730469,24800,0.0,0.0
2019-06-11 00:00:00+09:00,272.65335749948264,278.18011474609375,272.65335749948264,278.18011474609375,65800,0.0,0.0
2019-06-12 00:00:00+09:00,277.2589416503906,278.18006770238526,274.49556349440667,277.2589416503906,32500,0.0,0.0
2019-06-13 00:00:00+09:00,272.6533508300781,273.57447701531487,272.6533508300781,272.6533508300781,2800,0.0,0.0
2019-06-14 00:00:00+09:00,272.6533063381208,274.49555840797296,272.6533063381208,273.5744323730469,2000,0.0,0.0
2019-06-17 00:00:00+09:00,273.57447701531487,273.57447701531487,270.81109845960464,272.6533508300781,28800,0.0,0.0
2019-06-18 00:00:00+09:00,272.6533390925481,275.4167175292969,272.6533390925481,275.4167175292969,8700,0.0,0.0
2019-06-19 00:00:00+09:00,274.49558664095605,276.33783890029133,270.8110821222855,271.7322082519531,7800,0.0,0.0
2019-06-20 00:00:00+09:00,271.7322082519531,272.65333438162077,268.9688298629502,271.7322082519531,4900,0.0,0.0
2019-06-21 00:00:00+09:00,271.7322246448414,273.57447701531487,271.7322246448414,272.6533508300781,3400,0.0,0.0
2019-06-24 00:00:00+09:00,271.7322246448414,272.6533508300781,268.9688460891311,272.6533508300781,7300,0.0,0.0
2019-06-25 00:00:00+09:00,275.41672938578836,275.41672938578836,272.6533508300781,272.6533508300781,10300,0.0,0.0
2019-06-26 00:00:00+09:00,272.65333438162077,272.65333438162077,271.7322082519531,271.7322082519531,2000,0.0,0.0
2019-06-27 00:00:00+09:00,270.811110356562,273.57448903366975,269.8899841308594,269.8899841308594,6500,0.0,0.0
2019-06-28 00:00:00+09:00,270.811110356562,270.811110356562,268.96885790515677,269.8899841308594,6800,0.0,0.0
2019-07-01 00:00:00+09:00,271.7321803031947,273.5744323730469,271.7321803031947,273.5744323730469,6200,0.0,0.0
2019-07-02 00:00:00+09:00,272.65336280796714,272.65336280796714,267.1266054537516,269.8899841308594,14500,0.0,0.0
2019-07-03 00:00:00+09:00,269.8899841308594,273.57448903366975,268.0477316794542,269.8899841308594,30900,0.0,0.0
2019-07-04 00:00:00+09:00,273.5744323730469,273.5744323730469,271.7321803031947,273.5744323730469,4300,0.0,0.0
2019-07-05 00:00:00+09:00,275.4167175292969,280.9434744027945,273.57446523813104,275.4167175292969,27300,0.0,0.0
2019-07-08 00:00:00+09:00,276.337815598396,278.18006770238526,276.337815598396,277.2589416503906,7000,0.0,0.0
2019-07-09 00:00:00+09:00,277.25898853832524,278.18011474609375,276.33786233055673,278.18011474609375,3000,0.0,0.0
2019-07-10 00:00:00+09:00,276.33781047782514,279.1011885826034,273.5744323730469,273.5744323730469,7900,0.0,0.0
2019-07-11 00:00:00+09:00,273.57446523813104,277.25896982046277,273.57446523813104,275.4167175292969,2400,0.0,0.0
2019-07-12 00:00:00+09:00,275.41669604243066,276.33782211615113,266.2054353052256,270.8110656738281,31300,0.0,0.0
2019-07-16 00:00:00+09:00,270.8110821222855,272.65333438162077,269.88995599261784,271.7322082519531,5000,0.0,0.0
2019-07-17 00:00:00+09:00,271.73223658226453,271.73223658226453,269.8899841308594,269.8899841308594,800,0.0,0.0
2019-07-18 00:00:00+09:00,269.8899841308594,271.73223658226453,268.0477316794542,269.8899841308594,8800,0.0,0.0
2019-07-19 00:00:00+09:00,268.9688135263871,271.7321917475486,268.9688135263871,270.8110656738281,2500,0.0,0.0
2019-07-22 00:00:00+09:00,270.8110773145538,270.8110773145538,268.0476989746094,268.0476989746094,6200,0.0,0.0
2019-07-23 00:00:00+09:00,268.9688021984165,274.49555840797296,266.2054240936382,273.5744323730469,29700,0.0,0.0
2019-07-24 00:00:00+09:00,275.41676432291666,280.02239583333335,274.4956380208333,276.337890625,75700,0.0,0.0
2019-07-25 00:00:00+09:00,280.02232641103313,280.02232641103313,270.8110656738281,270.8110656738281,56100,0.0,0.0
2019-07-26 00:00:00+09:00,273.5744724012401,273.5744724012401,268.9688415527344,268.9688415527344,15200,0.0,0.0
2019-07-29 00:00:00+09:00,271.7321917475486,272.6533178212691,269.8899396001076,270.8110656738281,44600,0.0,0.0
2019-07-30 00:00:00+09:00,274.49559138371393,285.54910513070917,270.8110868013822,275.4167175292969,124300,0.0,0.0
2019-07-31 00:00:00+09:00,272.6533063381208,275.41668444289905,271.7321803031947,273.5744323730469,18600,0.0,0.0
2019-08-01 00:00:00+09:00,272.6533178212691,273.57444389498966,270.8110656738281,270.8110656738281,31600,0.0,0.0
2019-08-02 00:00:00+09:00,270.8110773145538,270.8110773145538,266.20544674797975,268.0476989746094,5600,0.0,0.0
2019-08-05 00:00:00+09:00,268.04770595926635,268.04770595926635,261.5998229980469,261.5998229980469,24600,0.0,0.0
2019-08-06 00:00:00+09:00,257.91533011982875,259.7575824778275,254.23082540383118,258.8364562988281,60700,0.0,0.0
2019-08-07 00:00:00+09:00,259.7575428538079,259.7575428538079,249.6251564304324,252.38853454589844,29300,0.0,0.0
2019-08-08 00:00:00+09:00,252.38855223724806,257.915308855582,252.38855223724806,254.23080444335938,9900,0.0,0.0
2019-08-09 00:00:00+09:00,255.15195320441376,256.9942055741207,246.86181754073246,247.78294372558594,63200,0.0,0.0
2019-08-13 00:00:00+09:00,245.94065603580114,246.8617820883697,243.1772778780955,244.09840393066406,12400,0.0,0.0
2019-08-14 00:00:00+09:00,245.94068561900744,248.70406410910866,243.17730712890625,243.17730712890625,15500,0.0,0.0
2019-08-15 00:00:00+09:00,230.28154890666636,239.492810862933,228.43929651541302,237.6505584716797,119100,0.0,0.0
2019-08-16 00:00:00+09:00,235.80826945754717,244.09840393066406,234.88714340497862,244.09840393066406,19300,0.0,0.0
2019-08-19 00:00:00+09:00,244.0984332922733,244.0984332922733,242.25618096553916,243.17730712890625,6200,0.0,0.0
2019-08-20 00:00:00+09:00,245.01955828648556,247.7829367634008,242.2561798095703,242.2561798095703,12200,0.0,0.0
2019-08-21 00:00:00+09:00,242.25618096553916,245.01955945564038,242.25618096553916,243.17730712890625,3800,0.0,0.0
2019-08-22 00:00:00+09:00,245.01954984664917,245.9406759738922,235.80828857421875,235.80828857421875,51000,0.0,0.0
2019-08-23 00:00:00+09:00,243.17730479932013,243.17730479932013,233.96604325389134,241.33505249023438,20100,0.0,0.0
2019-08-26 00:00:00+09:00,237.6505443911755,240.4139228143287,236.72941825012444,238.57167053222656,6800,0.0,0.0
2019-08-27 00:00:00+09:00,238.57167053222656,239.49279667327764,237.6505443911755,238.57167053222656,2000,0.0,0.0
2019-08-28 00:00:00+09:00,237.65052670727442,238.57165277978325,235.8082745622568,236.72940063476562,5900,0.0,0.0
2019-08-29 00:00:00+09:00,238.57167170597958,239.4927978515625,234.88716712364783,239.4927978515625,8200,0.0,0.0
2019-08-30 00:00:00+09:00,238.57166452482932,239.49279064268578,233.96603393554688,233.96603393554688,59000,0.0,0.0
2019-09-02 00:00:00+09:00,236.72941825012444,242.25617509643084,234.8871659680223,238.57167053222656,11600,0.0,0.0
2019-09-03 00:00:00+09:00,239.49279667327764,240.4139228143287,238.57167053222656,238.57167053222656,14700,0.0,0.0
2019-09-04 00:00:00+09:00,240.4139228143287,240.4139228143287,235.80829210907336,238.57167053222656,92800,0.0,0.0
2019-09-05 00:00:00+09:00,240.41392399714545,243.17730243389423,238.57167170597958,239.4927978515625,9800,0.0,0.0
2019-09-06 00:00:00+09:00,242.25618096553916,243.17730712890625,241.3350548021721,243.17730712890625,5300,0.0,0.0
2019-09-09 00:00:00+09:00,243.1772778780955,244.09840393066406,242.25615182552698,244.09840393066406,27800,0.0,0.0
2019-09-10 00:00:00+09:00,243.1772942793997,246.86179873817846,243.1772942793997,245.01954650878906,11100,0.0,0.0
2019-09-11 00:00:00+09:00,247.78291445131654,254.23079698350696,245.94066229926216,248.70404052734375,28100,0.0,0.0
2019-09-12 00:00:00+09:00,250.54629516601562,253.30967342152314,250.54629516601562,250.54629516601562,8900,0.0,0.0
2019-09-13 00:00:00+09:00,253.30966058438713,254.2307866228758,250.54628246892108,252.38853454589844,14000,0.0,0.0
2019-09-17 00:00:00+09:00,253.30967834030372,254.23080444335938,251.46742613419244,254.23080444335938,40500,0.0,0.0
2019-09-18 00:00:00+09:00,254.2307995066923,254.2307995066923,250.54629516601562,250.54629516601562,14800,0.0,0.0
2019-09-19 00:00:00+09:00,250.54628246892108,256.99416473834185,250.54628246892108,252.38853454589844,13100,0.0,0.0
2019-09-20 00:00:00+09:00,254.2307995066923,257.915303847369,249.62516908084643,250.54629516601562,15300,0.0,0.0
2019-09-24 00:00:00+09:00,251.46742613419244,254.23080444335938,251.46742613419244,254.23080444335938,7300,0.0,0.0
2019-09-25 00:00:00+09:00,255.15192932128906,255.15192932128906,252.38855102539063,253.30967712402344,13700,0.0,0.0
2019-09-26 00:00:00+09:00,254.23085126635831,256.9942300844709,253.3097249936541,255.1519775390625,15100,0.0,0.0
2019-09-27 00:00:00+09:00,260.8010449128993,260.8010449128993,254.21040478874656,256.09344482421875,64800,6.0,0.0
2019-09-30 00:00:00+09:00,254.21040478874656,257.0349648419549,252.32736475327437,256.09344482421875,11500,0.0,0.0
2019-10-01 00:00:00+09:00,256.09344482421875,257.97648485969097,254.21040478874656,256.09344482421875,8900,0.0,0.0
2019-10-02 00:00:00+09:00,256.0934530963828,257.03497314453125,255.15193304823433,257.03497314453125,1600,0.0,0.0
2019-10-03 00:00:00+09:00,254.2104034423828,256.09344346788197,253.26888342963326,254.2104034423828,5800,0.0,0.0
2019-10-04 00:00:00+09:00,255.15192913384027,257.0349692012487,250.44432896531924,251.38584899902344,8800,0.0,0.0
2019-10-07 00:00:00+09:00,251.3858434041341,255.1519234551324,251.3858434041341,254.2104034423828,15700,0.0,0.0
2019-10-08 00:00:00+09:00,254.2104269217741,256.09346712119464,254.2104269217741,255.15194702148438,7100,0.0,0.0
2019-10-09 00:00:00+09:00,254.2104269217741,255.15194702148438,254.2104269217741,255.15194702148438,4500,0.0,0.0
2019-10-10 00:00:00+09:00,256.09344916754446,256.09344916754446,250.44432896531924,251.38584899902344,18500,0.0,0.0
2019-10-11 00:00:00+09:00,252.32736903272766,253.26888906643185,251.38584899902344,251.38584899902344,6600,0.0,0.0
2019-10-15 00:00:00+09:00,252.32737731933594,254.21041744858474,251.38585725471157,252.32737731933594,16400,0.0,0.0
2019-10-16 00:00:00+09:00,254.2104269217741,257.97650732061516,253.2689068220638,255.15194702148438,27100,0.0,0.0
2019-10-17 00:00:00+09:00,255.1519234551324,255.1519234551324,250.44432339138456,254.2104034423828,33700,0.0,0.0
2019-10-18 00:00:00+09:00,254.21040910013608,254.21040910013608,249.50280893161502,251.38584899902344,52200,0.0,0.0
2019-10-21 00:00:00+09:00,251.38585725471157,252.32737731933594,250.44433719008717,252.32737731933594,42600,0.0,0.0
2019-10-23 00:00:00+09:00,252.32737731933594,252.32737731933594,250.44433719008717,252.32737731933594,32300,0.0,0.0
2019-10-24 00:00:00+09:00,252.32738554433374,254.2104257349631,252.32738554433374,253.26890563964844,17000,0.0,0.0
2019-10-25 00:00:00+09:00,254.2104257349631,254.2104257349631,251.38586544901906,253.26890563964844,15700,0.0,0.0
2019-10-28 00:00:00+09:00,254.2104269217741,257.97650732061516,254.2104269217741,255.15194702148438,27300,0.0,0.0
2019-10-29 00:00:00+09:00,255.15193304823433,257.9764931926797,254.21041300008585,257.03497314453125,21500,0.0,0.0
2019-10-30 00:00:00+09:00,257.0349592729048,259.85951926491475,257.0349592729048,258.9179992675781,12000,0.0,0.0
2019-10-31 00:00:00+09:00,263.6256020385305,266.45016206037184,259.8595220094086,262.68408203125,70900,0.0,0.0
2019-11-01 00:00:00+09:00,258.91800487742705,259.85952489516313,256.09344482421875,256.09344482421875,29400,0.0,0.0
2019-11-05 00:00:00+09:00,257.9764709472656,262.68407078206974,256.09343101334395,257.9764709472656,24100,0.0,0.0
2019-11-06 00:00:00+09:00,257.9764709472656,260.80103084814806,256.09343101334395,257.9764709472656,30300,0.0,0.0
2019-11-07 00:00:00+09:00,255.15194702148438,257.97650732061516,255.15194702148438,255.15194702148438,30000,0.0,0.0
2019-11-08 00:00:00+09:00,256.0934530963828,257.9764931926797,256.0934530963828,257.03497314453125,11100,0.0,0.0
2019-11-11 00:00:00+09:00,255.15194702148438,257.0349872209049,254.2104269217741,255.15194702148438,35600,0.0,0.0
2019-11-12 00:00:00+09:00,254.21040478874656,257.0349648419549,254.21040478874656,256.09344482421875,12000,0.0,0.0
2019-11-13 00:00:00+09:00,256.09344346788197,257.97648349338107,254.2104034423828,254.2104034423828,32700,0.0,0.0
2019-11-14 00:00:00+09:00,254.2104034423828,256.09344346788197,254.2104034423828,254.2104034423828,12500,0.0,0.0
2019-11-15 00:00:00+09:00,254.2104269217741,255.15194702148438,253.2689068220638,255.15194702148438,20900,0.0,0.0
2019-11-18 00:00:00+09:00,255.15194702148438,256.09346712119464,253.2689068220638,255.15194702148438,12000,0.0,0.0
2019-11-19 00:00:00+09:00,256.09344482421875,256.09344482421875,253.26888477101048,256.09344482421875,6200,0.0,0.0
2019-11-20 00:00:00+09:00,253.26888342963326,256.09344346788197,252.32736341688368,254.2104034423828,28400,0.0,0.0
2019-11-21 00:00:00+09:00,251.3858406812625,252.32736068381402,249.50280067615938,250.44432067871094,81300,0.0,0.0
2019-11-22 00:00:00+09:00,251.38586544901906,253.26890563964844,251.38586544901906,253.26890563964844,10100,0.0,0.0
2019-11-25 00:00:00+09:00,254.21041744858474,254.21041744858474,252.32737731933594,252.32737731933594,15400,0.0,0.0
2019-11-26 00:00:00+09:00,252.32736068381402,253.26888068636558,249.50280067615938,250.44432067871094,29600,0.0,0.0
2019-11-27 00:00:00+09:00,250.44433719008717,261.7425779655798,249.5028171254628,252.32737731933594,341000,0.0,0.0
2019-11-28 00:00:00+09:00,250.44433466593426,251.38585472106934,248.56129455566406,248.56129455566406,108100,0.0,0.0
2019-11-29 00:00:00+09:00,248.56127238723468,251.38583230072598,247.61975241607092,249.50279235839844,84500,0.0,0.0
2019-12-02 00:00:00+09:00,249.50280067615938,250.44432067871094,248.56128067360785,250.44432067871094,39800,0.0,0.0
2019-12-03 00:00:00+09:00,249.50279235839844,249.50279235839844,247.61975241607092,249.50279235839844,31100,0.0,0.0
2019-12-04 00:00:00+09:00,248.56129327439172,249.5028133246735,245.73673312354634,246.67825317382812,47000,0.0,0.0
2019-12-05 00:00:00+09:00,248.56130157586742,249.50282165759418,245.7367413306871,247.61978149414062,52900,0.0,0.0
2019-12-06 00:00:00+09:00,247.6197732241099,249.5028133246735,246.67825317382812,246.67825317382812,109600,0.0,0.0
2019-12-09 00:00:00+09:00,248.56128067360785,250.44432067871094,248.56128067360785,250.44432067871094,43200,0.0,0.0
2019-12-10 00:00:00+09:00,250.44431232956222,251.38583230072598,247.61975241607092,249.50279235839844,54000,0.0,0.0
2019-12-11 00:00:00+09:00,249.50281461079916,249.50281461079916,246.6782544453939,248.56129455566406,66500,0.0,0.0
2019-12-12 00:00:00+09:00,249.50281461079916,249.50281461079916,246.6782544453939,248.56129455566406,31400,0.0,0.0
2019-12-13 00:00:00+09:00,249.50281461079916,251.38585472106934,247.619774500529,248.56129455566406,46000,0.0,0.0
2019-12-16 00:00:00+09:00,249.5028264232227,255.15194702148438,249.5028264232227,255.15194702148438,115500,0.0,0.0
2019-12-17 00:00:00+09:00,254.2104034423828,255.1519234551324,253.26888342963326,254.2104034423828,24600,0.0,0.0
2019-12-18 00:00:00+09:00,254.21039107942232,257.9764709472656,254.21039107942232,257.9764709472656,66200,0.0,0.0
2019-12-19 00:00:00+09:00,257.97650732061516,257.97650732061516,255.15194702148438,255.15194702148438,15400,0.0,0.0
2019-12-20 00:00:00+09:00,255.15194583027778,256.09346592559245,252.32738554433374,253.26890563964844,33700,0.0,0.0
2019-12-23 00:00:00+09:00,254.21040478874656,256.09344482421875,253.26888477101048,256.09344482421875,65900,0.0,0.0
2019-12-24 00:00:00+09:00,254.2104269217741,255.15194702148438,251.38586662264328,255.15194702148438,61600,0.0,0.0
2019-12-25 00:00:00+09:00,255.15192069146866,255.15192069146866,250.44432067871094,250.44432067871094,56200,0.0,0.0
2019-12-26 00:00:00+09:00,251.38585725471157,254.21041744858474,250.44433719008717,252.32737731933594,37700,0.0,0.0
2019-12-27 00:00:00+09:00,252.32736068381402,255.15192069146866,250.44432067871094,250.44432067871094,30200,0.0,0.0
2019-12-30 00:00:00+09:00,251.3858434041341,254.2104034423828,250.44432339138456,254.2104034423828,24800,0.0,0.0
2020-01-06 00:00:00+09:00,252.32737731933594,253.26889738396034,249.5028171254628,252.32737731933594,26900,0.0,0.0
2020-01-07 00:00:00+09:00,252.32737731933594,254.21041744858474,250.44433719008717,252.32737731933594,31700,0.0,0.0
2020-01-08 00:00:00+09:00,252.32735227188977,253.26887224305352,248.56127238723468,249.50279235839844,44200,0.0,0.0
2020-01-09 00:00:00+09:00,250.4443453537044,254.2104257349631,250.4443453537044,253.26890563964844,16900,0.0,0.0
2020-01-10 00:00:00+09:00,253.26888342963326,255.1519234551324,251.3858434041341,254.2104034423828,17800,0.0,0.0
2020-01-14 00:00:00+09:00,254.21039928089488,260.80103926225144,252.3273592862216,258.9179992675781,49700,0.0,0.0
2020-01-15 00:00:00+09:00,258.91799091422644,259.85951088118725,255.15191104638313,257.9764709472656,31200,0.0,0.0
2020-01-16 00:00:00+09:00,257.97648485969097,257.97648485969097,254.21040478874656,256.09344482421875,10000,0.0,0.0
2020-01-17 00:00:00+09:00,257.0349648419549,257.97648485969097,255.15192480648267,256.09344482421875,10300,0.0,0.0
2020-01-20 00:00:00+09:00,256.0934530963828,257.9764931926797,256.0934530963828,257.03497314453125,4300,0.0,0.0
2020-01-21 00:00:00+09:00,257.0349592729048,258.9179992675781,256.0934392755682,258.9179992675781,13400,0.0,0.0
2020-01-22 00:00:00+09:00,258.9179992675781,262.6840792569247,257.9764792702415,258.9179992675781,18000,0.0,0.0
2020-01-23 00:00:00+09:00,259.8595275878906,259.8595275878906,257.9764875329059,259.8595275878906,13400,0.0,0.0
2020-01-24 00:00:00+09:00,261.7425676428753,261.7425676428753,258.9180075603983,259.8595275878906,16900,0.0,0.0
2020-01-27 00:00:00+09:00,257.9764931926797,257.9764931926797,256.0934530963828,257.03497314453125,19900,0.0,0.0
2020-01-28 00:00:00+09:00,255.15193304823433,257.03497314453125,255.15193304823433,257.03497314453125,12200,0.0,0.0
2020-01-29 00:00:00+09:00,257.0350057553728,260.80108642578125,256.0934855877708,260.80108642578125,17800,0.0,0.0
2020-01-30 00:00:00+09:00,260.801067619746,260.801067619746,255.15194702148438,255.15194702148438,9700,0.0,0.0
2020-01-31 00:00:00+09:00,255.15194702148438,257.97650732061516,255.15194702148438,255.15194702148438,8800,0.0,0.0
2020-02-03 00:00:00+09:00,252.32736903272766,252.32736903272766,248.56128889791083,251.38584899902344,28100,0.0,0.0
2020-02-04 00:00:00+09:00,251.38584899902344,254.21040910013608,250.44432896531924,251.38584899902344,11300,0.0,0.0
2020-02-05 00:00:00+09:00,252.32736341688368,254.2104034423828,252.32736341688368,254.2104034423828,4300,0.0,0.0
2020-02-06 00:00:00+09:00,254.2104034423828,256.09344346788197,254.2104034423828,254.2104034423828,4600,0.0,0.0
2020-02-07 00:00:00+09:00,254.2104257349631,255.15194583027778,253.26890563964844,253.26890563964844,8400,0.0,0.0
2020-02-10 00:00:00+09:00,253.26888342963326,255.1519234551324,252.32736341688368,254.2104034423828,3000,0.0,0.0
2020-02-12 00:00:00+09:00,255.15193304823433,257.9764931926797,254.21041300008585,257.03497314453125,12300,0.0,0.0
2020-02-13 00:00:00+09:00,257.0349592729048,258.9179992675781,257.0349592729048,258.9179992675781,38300,0.0,0.0
2020-02-14 00:00:00+09:00,255.15194702148438,257.0349872209049,254.2104269217741,255.15194702148438,10300,0.0,0.0
2020-02-17 00:00:00+09:00,254.2104034423828,254.2104034423828,252.32736341688368,254.2104034423828,10700,0.0,0.0
2020-02-18 00:00:00+09:00,254.21041744858474,254.21041744858474,252.32737731933594,252.32737731933594,14900,0.0,0.0
2020-02-19 00:00:00+09:00,253.26888342963326,255.1519234551324,253.26888342963326,254.2104034423828,2600,0.0,0.0
2020-02-20 00:00:00+09:00,253.26888342963326,255.1519234551324,253.26888342963326,254.2104034423828,2600,0.0,0.0
2020-02-21 00:00:00+09:00,254.21040478874656,256.09344482421875,252.32736475327437,256.09344482421875,7200,0.0,0.0
2020-02-25 00:00:00+09:00,250.44433466593426,251.38585472106934,248.56129455566406,248.56129455566406,25100,0.0,0.0
2020-02-26 00:00:00+09:00,247.61976489070733,249.502804927899,244.7952048349198,245.73672485351562,13200,0.0,0.0
2020-02-27 00:00:00+09:00,245.736717862437,245.736717862437,236.32151794433594,236.32151794433594,22900,0.0,0.0
2020-02-28 00:00:00+09:00,232.55545619276702,232.55545619276702,222.19873547163166,229.73089599609375,82900,0.0,0.0
2020-03-02 00:00:00+09:00,221.2572198333102,233.496980930472,221.2572198333102,225.02330017089844,30800,0.0,0.0
2020-03-03 00:00:00+09:00,226.9063262939453,231.6139264245251,225.0232862417134,226.9063262939453,45400,0.0,0.0
2020-03-04 00:00:00+09:00,223.14025051310912,225.02329060182734,218.43265029131356,222.19873046875,36700,0.0,0.0
2020-03-05 00:00:00+09:00,221.25720912574704,222.19872916458,216.5496089315822,220.31568908691406,41800,0.0,0.0
2020-03-06 00:00:00+09:00,217.4911276718666,221.25720780471275,216.54960763865503,218.43264770507812,22500,0.0,0.0
2020-03-09 00:00:00+09:00,210.90048232100938,212.78352234173266,200.54376220703125,200.54376220703125,34200,0.0,0.0
2020-03-10 00:00:00+09:00,189.24554091233475,200.54378216083234,180.77185997596155,195.836181640625,43400,0.0,0.0
2020-03-11 00:00:00+09:00,203.36831797724184,203.36831797724184,192.0700780896173,194.89463806152344,13000,0.0,0.0
2020-03-12 00:00:00+09:00,189.2455291748047,196.77768953997105,185.4794489922215,189.2455291748047,38300,0.0,0.0
2020-03-13 00:00:00+09:00,178.88881172101523,186.42097221453164,170.41513116580924,182.65489196777344,40400,0.0,0.0
2020-03-16 00:00:00+09:00,184.537926378589,190.18704657385192,178.88880618332604,185.4794464111328,18300,0.0,0.0
2020-03-17 00:00:00+09:00,172.29816305471022,202.4268035888672,172.29816305471022,202.4268035888672,41800,0.0,0.0
2020-03-18 00:00:00+09:00,198.6607395246917,199.6022596172258,188.3040185068168,192.07009887695312,18200,0.0,0.0
2020-03-19 00:00:00+09:00,188.30401611328125,190.18705627441406,180.77185546875,188.30401611328125,47900,0.0,0.0
2020-03-23 00:00:00+09:00,180.7718327967965,187.3624725341797,169.4735932469967,187.3624725341797,79800,0.0,0.0
2020-03-24 00:00:00+09:00,184.53792216990254,191.12856224739906,183.5964021588316,190.18704223632812,30600,0.0,0.0
2020-03-25 00:00:00+09:00,195.83615805215882,200.54375800533572,193.95311807088805,194.89463806152344,39100,0.0,0.0
2020-03-26 00:00:00+09:00,195.8361623027537,195.8361623027537,189.2455222252572,190.18704223632812,18200,0.0,0.0
2020-03-27 00:00:00+09:00,192.07008225847,195.8361623027537,189.2455222252572,190.18704223632812,19100,0.0,0.0
2020-03-30 00:00:00+09:00,189.22650177155307,192.1081236259422,184.42379868090453,191.1475830078125,20100,4.0,0.0
2020-03-31 00:00:00+09:00,192.10812393112562,194.02920517043688,186.34488021319186,193.06866455078125,44500,0.0,0.0
2020-04-01 00:00:00+09:00,193.0686788407583,193.0686788407583,175.77894640725756,181.5421905517578,49500,0.0,0.0
2020-04-02 00:00:00+09:00,176.73947160050676,177.70001220703125,170.0156873548353,177.70001220703125,58100,0.0,0.0
2020-04-03 00:00:00+09:00,177.70002754785682,178.6605682373047,168.09462065337806,178.6605682373047,32600,0.0,0.0
2020-04-06 00:00:00+09:00,178.66055362099095,182.50271606445312,175.77893178839432,182.50271606445312,23700,0.0,0.0
2020-04-07 00:00:00+09:00,183.46325667531866,187.30541911878083,172.8973099557977,182.50271606445312,49000,0.0,0.0
2020-04-08 00:00:00+09:00,183.46325699488324,184.42379760742188,181.5421757698059,184.42379760742188,13900,0.0,0.0
2020-04-09 00:00:00+09:00,185.38433805935045,189.2265005061764,183.4632568359375,183.4632568359375,17300,0.0,0.0
2020-04-10 00:00:00+09:00,185.38433869190706,187.305419921875,182.50271684695514,187.305419921875,7900,0.0,0.0
2020-04-13 00:00:00+09:00,187.305419921875,189.22650115184294,186.34487930689102,187.305419921875,11700,0.0,0.0
2020-04-14 00:00:00+09:00,188.26597602960422,193.0686794997472,188.26597602960422,189.2265167236328,13500,0.0,0.0
2020-04-15 00:00:00+09:00,192.10813872668209,192.10813872668209,188.26597595214844,188.26597595214844,12100,0.0,0.0
2020-04-16 00:00:00+09:00,192.10812299679486,192.10812299679486,187.305419921875,187.305419921875,5400,0.0,0.0
2020-04-17 00:00:00+09:00,189.2265019226074,192.10812377929688,188.26596130371092,192.10812377929688,12500,0.0,0.0
2020-04-20 00:00:00+09:00,191.1475831604004,196.91082687377929,191.1475831604004,192.10812377929688,17900,0.0,0.0
2020-04-21 00:00:00+09:00,191.1475830078125,194.02920486220162,186.34487991716395,191.1475830078125,12300,0.0,0.0
2020-04-22 00:00:00+09:00,190.1870425415039,192.10812377929688,185.3843394470215,192.10812377929688,18400,0.0,0.0
2020-04-23 00:00:00+09:00,191.14758375579237,195.95028686523438,190.18704313390396,195.95028686523438,8400,0.0,0.0
2020-04-24 00:00:00+09:00,197.8713681090112,198.83190873089958,191.14758375579237,195.95028686523438,18100,0.0,0.0
2020-04-27 00:00:00+09:00,198.8319084243019,198.8319084243019,193.06866470185835,194.02920532226562,8500,0.0,0.0
2020-04-28 00:00:00+09:00,196.91082718348738,196.91082718348738,194.02920532226562,194.02920532226562,6400,0.0,0.0
2020-04-30 00:00:00+09:00,194.9897456359863,198.83190811157226,192.10812377929688,192.10812377929688,19300,0.0,0.0
2020-05-01 00:00:00+09:00,194.0292201139489,194.0292201139489,187.30543525851505,188.26597595214844,14600,0.0,0.0
2020-05-07 00:00:00+09:00,193.06866424407193,193.06866424407193,190.18704238968277,191.1475830078125,3400,0.0,0.0
2020-05-08 00:00:00+09:00,190.18704313390396,195.95028686523438,190.18704313390396,195.95028686523438,4100,0.0,0.0
2020-05-11 00:00:00+09:00,196.91082807687613,203.63461245023288,194.9897468273456,199.79244995117188,16700,0.0,0.0
2020-05-12 00:00:00+09:00,203.6346122999698,203.6346122999698,197.87136855563105,198.8319091796875,9700,0.0,0.0
2020-05-13 00:00:00+09:00,197.8713681090112,199.792449352788,194.989746243346,195.95028686523438,11400,0.0,0.0
2020-05-14 00:00:00+09:00,195.95028640974812,200.75298950802627,193.06866455078125,193.06866455078125,10800,0.0,0.0
2020-05-15 00:00:00+09:00,194.02920576886433,196.91082763671875,193.0686651462462,196.91082763671875,8600,0.0,0.0
2020-05-18 00:00:00+09:00,197.87136795720443,197.87136795720443,193.06866485144704,194.98974609375,6600,0.0,0.0
2020-05-19 00:00:00+09:00,195.9502870141006,201.71353074980945,195.9502870141006,196.91082763671875,17800,0.0,0.0
2020-05-20 00:00:00+09:00,196.91082864437462,203.63461303710938,196.91082864437462,203.63461303710938,6400,0.0,0.0
2020-05-21 00:00:00+09:00,203.63461274646576,203.63461274646576,200.75299086797804,201.71353149414062,4600,0.0,0.0
2020-05-22 00:00:00+09:00,203.63461259905802,203.63461259905802,198.83190947172176,200.75299072265625,13100,0.0,0.0
2020-05-25 00:00:00+09:00,202.67408766768907,205.55570976722967,202.67408766768907,204.5951690673828,13700,0.0,0.0
2020-05-26 00:00:00+09:00,213.24000507701527,214.20054564042525,209.39784282337536,211.3189239501953,54200,0.0,0.0
2020-05-27 00:00:00+09:00,211.31895418520327,212.27949488604511,207.47679138183594,207.47679138183594,13300,0.0,0.0
2020-05-28 00:00:00+09:00,211.3189390696347,211.3189390696347,209.3978578053653,210.3583984375,14300,0.0,0.0
2020-05-29 00:00:00+09:00,209.39785766601562,209.39785766601562,207.47677640302464,209.39785766601562,7200,0.0,0.0
2020-06-01 00:00:00+09:00,210.35838275680894,210.35838275680894,208.4373016357422,208.4373016357422,9000,0.0,0.0
2020-06-02 00:00:00+09:00,209.3978578053653,211.3189390696347,207.4767765410959,210.3583984375,11900,0.0,0.0
2020-06-03 00:00:00+09:00,211.3189239501953,211.3189239501953,209.39784282337536,211.3189239501953,11200,0.0,0.0
2020-06-04 00:00:00+09:00,211.31893934707296,212.27947998046875,210.3583987136772,212.27947998046875,15300,0.0,0.0
2020-06-05 00:00:00+09:00,214.20054564042525,214.20054564042525,210.35838338678533,211.3189239501953,20800,0.0,0.0
2020-06-08 00:00:00+09:00,214.20054564042525,214.20054564042525,210.35838338678533,211.3189239501953,40300,0.0,0.0
2020-06-09 00:00:00+09:00,212.27948011793532,213.24002075195312,211.31893948391752,213.24002075195312,5500,0.0,0.0
2020-06-10 00:00:00+09:00,213.24002075195312,213.24002075195312,212.27948011793532,213.24002075195312,5400,0.0,0.0
2020-06-11 00:00:00+09:00,213.24002061386454,213.24002061386454,211.31893934707296,212.27947998046875,11600,0.0,0.0
2020-06-12 00:00:00+09:00,208.43731717323058,212.27947970176942,205.5556952768265,210.3583984375,9100,0.0,0.0
2020-06-15 00:00:00+09:00,211.3189239501953,213.24000507701527,208.43730225996538,211.3189239501953,6200,0.0,0.0
2020-06-16 00:00:00+09:00,211.31893934707296,213.24002061386454,210.3583987136772,212.27947998046875,5200,0.0,0.0
2020-06-17 00:00:00+09:00,213.2400203339041,213.2400203339041,209.3978578053653,210.3583984375,7300,0.0,0.0
2020-06-18 00:00:00+09:00,210.35838338678533,213.24000507701527,210.35838338678533,211.3189239501953,2900,0.0,0.0
2020-06-19 00:00:00+09:00,210.35838338678533,211.3189239501953,210.35838338678533,211.3189239501953,3300,0.0,0.0
2020-06-22 00:00:00+09:00,211.3189389290066,213.24002019199756,207.47677640302464,209.39785766601562,11500,0.0,0.0
2020-06-23 00:00:00+09:00,212.27947970176942,212.27947970176942,208.43731717323058,210.3583984375,11900,0.0,0.0
2020-06-24 00:00:00+09:00,211.31893934707296,212.27947998046875,210.3583987136772,212.27947998046875,5300,0.0,0.0
2020-06-25 00:00:00+09:00,213.24002061386454,213.24002061386454,210.3583987136772,212.27947998046875,12500,0.0,0.0
2020-06-26 00:00:00+09:00,210.35838338678533,212.2794645136053,210.35838338678533,211.3189239501953,5500,0.0,0.0
2020-06-29 00:00:00+09:00,210.35838338678533,212.2794645136053,209.39784282337536,211.3189239501953,5600,0.0,0.0
2020-06-30 00:00:00+09:00,210.35838338678533,212.2794645136053,209.39784282337536,211.3189239501953,8300,0.0,0.0
2020-07-01 00:00:00+09:00,211.3189390696347,212.27947970176942,209.3978578053653,210.3583984375,5500,0.0,0.0
2020-07-02 00:00:00+09:00,211.3189239501953,211.3189239501953,209.39784282337536,211.3189239501953,10300,0.0,0.0
2020-07-03 00:00:00+09:00,210.3583987136772,212.27947998046875,210.3583987136772,212.27947998046875,2300,0.0,0.0
2020-07-06 00:00:00+09:00,212.2794791288154,213.24001975835756,202.6740728333939,206.5162353515625,49000,0.0,0.0
2020-07-07 00:00:00+09:00,206.51623462495348,206.51623462495348,199.7924502418155,201.71353149414062,22200,0.0,0.0
2020-07-08 00:00:00+09:00,201.71354717678494,207.47679138183594,200.75300647594312,207.47679138183594,16400,0.0,0.0
2020-07-09 00:00:00+09:00,206.51623462495348,206.51623462495348,201.71353149414062,201.71353149414062,9100,0.0,0.0
2020-07-10 00:00:00+09:00,204.59515337262835,204.59515337262835,196.91082836332777,201.71353149414062,13300,0.0,0.0
2020-07-13 00:00:00+09:00,201.7135316387737,203.63461289247633,199.7924503850711,202.674072265625,4200,0.0,0.0
2020-07-14 00:00:00+09:00,202.67407240957584,203.63461303710938,200.75299115450878,203.63461303710938,4900,0.0,0.0
2020-07-15 00:00:00+09:00,202.674072265625,204.59515351932762,202.674072265625,202.674072265625,1700,0.0,0.0
2020-07-16 00:00:00+09:00,203.63461303710938,204.5951536646429,202.67407240957584,203.63461303710938,2400,0.0,0.0
2020-07-17 00:00:00+09:00,203.63461303710938,203.63461303710938,202.67407240957584,203.63461303710938,600,0.0,0.0
2020-07-20 00:00:00+09:00,204.59515395119925,205.55569458007812,203.63461332232038,205.55569458007812,5800,0.0,0.0
2020-07-21 00:00:00+09:00,206.51623577152918,209.39785766601562,203.6346138770427,209.39785766601562,7600,0.0,0.0
2020-07-22 00:00:00+09:00,209.39784219627555,209.39784219627555,205.55567995414205,208.4373016357422,19300,0.0,0.0
2020-07-27 00:00:00+09:00,205.5556952768265,211.3189390696347,205.5556952768265,210.3583984375,11800,0.0,0.0
2020-07-28 00:00:00+09:00,210.3583984375,211.3189390696347,208.43731717323058,210.3583984375,5900,0.0,0.0
2020-07-29 00:00:00+09:00,209.39785766601562,210.35839829751112,208.43731703452013,209.39785766601562,15000,0.0,0.0
2020-07-30 00:00:00+09:00,209.39785766601562,209.39785766601562,206.51623577152918,209.39785766601562,2400,0.0,0.0
2020-07-31 00:00:00+09:00,206.51623462495348,211.31893775576637,198.8319096156529,201.71353149414062,24300,0.0,0.0
2020-08-03 00:00:00+09:00,196.91082864437462,206.51623491970997,196.91082864437462,203.63461303710938,33300,0.0,0.0
2020-08-04 00:00:00+09:00,205.55569458007812,206.516235208957,201.71353206456263,205.55569458007812,10300,0.0,0.0
2020-08-05 00:00:00+09:00,205.55570976722967,207.47679116692342,203.63462836753592,204.5951690673828,7500,0.0,0.0
2020-08-06 00:00:00+09:00,204.5951393936087,208.4373016357422,203.6345988330753,208.4373016357422,12100,0.0,0.0
2020-08-07 00:00:00+09:00,208.43731717323058,210.3583984375,207.4767765410959,210.3583984375,8500,0.0,0.0
2020-08-11 00:00:00+09:00,210.35839829751112,210.35839829751112,208.43731703452013,209.39785766601562,3400,0.0,0.0
2020-08-12 00:00:00+09:00,208.43733186677028,210.358413266464,202.67408766768907,204.5951690673828,15900,0.0,0.0
2020-08-13 00:00:00+09:00,208.43733208267778,208.43733208267778,202.6740878776268,207.47679138183594,15300,0.0,0.0
2020-08-14 00:00:00+09:00,205.55569472202035,207.47677598110465,204.5951540924782,206.5162353515625,8000,0.0,0.0
2020-08-17 00:00:00+09:00,209.3978578053653,210.3583984375,207.4767765410959,210.3583984375,7400,0.0,0.0
2020-08-18 00:00:00+09:00,207.47677640302464,210.35839829751112,207.47677640302464,209.39785766601562,2300,0.0,0.0
2020-08-19 00:00:00+09:00,206.51625068099412,208.43733208267778,206.51625068099412,207.47679138183594,14200,0.0,0.0
2020-08-20 00:00:00+09:00,208.43733208267778,209.3978727835196,205.55570998015227,207.47679138183594,2900,0.0,0.0
2020-08-21 00:00:00+09:00,209.39785766601562,209.39785766601562,207.47677640302464,209.39785766601562,2600,0.0,0.0
2020-08-24 00:00:00+09:00,209.39784219627555,209.39784219627555,207.4767610752088,208.4373016357422,3600,0.0,0.0
2020-08-25 00:00:00+09:00,209.3978727835196,209.3978727835196,207.47679138183594,207.47679138183594,7000,0.0,0.0
2020-08-26 00:00:00+09:00,208.4373016357422,208.4373016357422,207.4767610752088,208.4373016357422,1900,0.0,0.0
2020-08-27 00:00:00+09:00,207.47677598110465,207.47677598110465,206.5162353515625,206.5162353515625,2600,0.0,0.0
2020-08-28 00:00:00+09:00,207.47679116692342,207.47679116692342,204.5951690673828,204.5951690673828,43200,0.0,0.0
2020-08-31 00:00:00+09:00,204.5951540924782,208.4373166106468,204.5951540924782,206.5162353515625,6800,0.0,0.0
2020-09-01 00:00:00+09:00,205.55570998015227,208.43733208267778,205.55570998015227,207.47679138183594,2900,0.0,0.0
2020-09-02 00:00:00+09:00,208.43731646671472,208.43731646671472,204.59515395119925,205.55569458007812,8300,0.0,0.0
2020-09-03 00:00:00+09:00,206.516235208957,207.47677583783585,204.59515395119925,205.55569458007812,6400,0.0,0.0
2020-09-04 00:00:00+09:00,205.55570976722967,206.51625046707653,204.5951690673828,204.5951690673828,4500,0.0,0.0
2020-09-07 00:00:00+09:00,204.5951540924782,206.5162353515625,203.63461346293604,206.5162353515625,14700,0.0,0.0
2020-09-08 00:00:00+09:00,206.5162353515625,206.5162353515625,204.5951540924782,206.5162353515625,1500,0.0,0.0
2020-09-09 00:00:00+09:00,203.63461303710938,204.5951536646429,202.67407240957584,203.63461303710938,59500,0.0,0.0
2020-09-10 00:00:00+09:00,204.5951690673828,204.5951690673828,203.63462836753592,204.5951690673828,9200,0.0,0.0
2020-09-11 00:00:00+09:00,205.55569472202035,206.5162353515625,204.5951540924782,206.5162353515625,2500,0.0,0.0
2020-09-14 00:00:00+09:00,206.5162353515625,207.47677598110465,205.55569472202035,206.5162353515625,6100,0.0,0.0
2020-09-15 00:00:00+09:00,207.47677598110465,207.47677598110465,205.55569472202035,206.5162353515625,2200,0.0,0.0
2020-09-16 00:00:00+09:00,206.5162353515625,208.4373166106468,205.55569472202035,206.5162353515625,14600,0.0,0.0
2020-09-17 00:00:00+09:00,206.516235208957,207.47677583783585,203.63461332232038,205.55569458007812,17300,0.0,0.0
2020-09-18 00:00:00+09:00,206.51625068099412,207.47679138183594,205.55570998015227,207.47679138183594,2700,0.0,0.0
2020-09-23 00:00:00+09:00,207.47677598110465,207.47677598110465,205.55569472202035,206.5162353515625,5500,0.0,0.0
2020-09-24 00:00:00+09:00,207.47679138183594,207.47679138183594,206.51625068099412,207.47679138183594,3500,0.0,0.0
2020-09-25 00:00:00+09:00,207.47677583783585,207.47677583783585,203.63461332232038,205.55569458007812,13500,0.0,0.0
2020-09-28 00:00:00+09:00,207.47677583783585,207.47677583783585,203.63461332232038,205.55569458007812,7300,0.0,0.0
2020-09-29 00:00:00+09:00,207.5041046142578,208.47830228850316,204.5815115915218,207.5041046142578,15500,3.0,0.0
2020-09-30 00:00:00+09:00,208.47828739401288,208.47828739401288,202.63310176614337,205.55569458007812,24700,0.0,0.0
2020-10-02 00:00:00+09:00,206.52989262485048,206.52989262485048,202.6331021979665,203.6072998046875,11100,0.0,0.0
2020-10-05 00:00:00+09:00,203.6072998046875,204.5814974114085,202.6331021979665,203.6072998046875,19900,0.0,0.0
2020-10-06 00:00:00+09:00,204.5814971923828,204.5814971923828,202.63310198102678,204.5814971923828,6700,0.0,0.0
2020-10-07 00:00:00+09:00,204.5814971923828,204.5814971923828,202.63310198102678,204.5814971923828,9500,0.0,0.0
2020-10-08 00:00:00+09:00,204.5814969754332,205.55569458007812,200.6847065568535,205.55569458007812,21500,0.0,0.0
2020-10-09 00:00:00+09:00,204.5814969754332,205.55569458007812,203.60729937078827,205.55569458007812,13000,0.0,0.0
2020-10-12 00:00:00+09:00,205.55569458007812,205.55569458007812,203.60729937078827,205.55569458007812,5400,0.0,0.0
2020-10-13 00:00:00+09:00,204.5814974114085,204.5814974114085,201.65890459124552,203.6072998046875,6600,0.0,0.0
2020-10-14 00:00:00+09:00,203.6072998046875,205.55569501812948,202.6331021979665,203.6072998046875,8500,0.0,0.0
2020-10-15 00:00:00+09:00,205.5556947980608,205.5556947980608,200.68470676967075,204.5814971923828,19400,0.0,0.0
2020-10-16 00:00:00+09:00,204.5814969754332,205.55569458007812,201.65890416149844,205.55569458007812,10900,0.0,0.0
2020-10-19 00:00:00+09:00,205.55569458007812,205.55569458007812,203.60729937078827,205.55569458007812,2200,0.0,0.0
2020-10-20 00:00:00+09:00,204.5814971923828,204.5814971923828,202.63310198102678,204.5814971923828,2900,0.0,0.0
2020-10-21 00:00:00+09:00,204.5814971923828,205.5556947980608,202.63310198102678,204.5814971923828,5200,0.0,0.0
2020-10-22 00:00:00+09:00,203.6072995867048,204.5814971923828,202.63310198102678,204.5814971923828,7700,0.0,0.0
2020-10-23 00:00:00+09:00,204.5814971923828,204.5814971923828,203.6072995867048,204.5814971923828,8800,0.0,0.0
2020-10-26 00:00:00+09:00,203.6072998046875,203.6072998046875,202.6331021979665,203.6072998046875,2400,0.0,0.0
2020-10-27 00:00:00+09:00,202.63311797063707,202.63311797063707,199.71052492298367,201.65892028808594,7200,0.0,0.0
2020-10-28 00:00:00+09:00,200.6847226055348,201.65892028808594,199.71052492298367,201.65892028808594,4600,0.0,0.0
2020-10-29 00:00:00+09:00,199.71052492298367,202.63311797063707,199.71052492298367,201.65892028808594,7800,0.0,0.0
2020-10-30 00:00:00+09:00,201.6589205843731,201.6589205843731,199.71052521640814,200.68472290039062,16300,0.0,0.0
2020-11-02 00:00:00+09:00,198.73631286621094,200.68470809038948,196.7879176420324,198.73631286621094,73500,0.0,0.0
2020-11-04 00:00:00+09:00,198.73631331944227,198.73631331944227,196.7879180908203,196.7879180908203,11300,0.0,0.0
2020-11-05 00:00:00+09:00,197.76211593400188,197.76211593400188,195.813720703125,195.813720703125,13900,0.0,0.0
2020-11-06 00:00:00+09:00,195.8137204765093,197.7621157051313,194.83952286219832,196.7879180908203,10100,0.0,0.0
2020-11-09 00:00:00+09:00,196.78791786532096,197.76211547851562,195.8137202521263,197.76211547851562,8800,0.0,0.0
2020-11-10 00:00:00+09:00,198.7363130917103,198.7363130917103,195.8137202521263,197.76211547851562,8600,0.0,0.0
2020-11-11 00:00:00+09:00,197.7621157051313,198.73631331944227,196.7879180908203,196.7879180908203,14300,0.0,0.0
2020-11-12 00:00:00+09:00,198.7363130917103,198.7363130917103,195.8137202521263,197.76211547851562,10400,0.0,0.0
2020-11-13 00:00:00+09:00,196.78791786532096,197.76211547851562,195.8137202521263,197.76211547851562,7400,0.0,0.0
2020-11-16 00:00:00+09:00,197.76211547851562,197.76211547851562,194.83952263893164,197.76211547851562,9900,0.0,0.0
2020-11-17 00:00:00+09:00,197.7621157051313,197.7621157051313,193.86532524788734,196.7879180908203,24200,0.0,0.0
2020-11-18 00:00:00+09:00,196.7879180908203,196.7879180908203,194.83952286219832,196.7879180908203,5400,0.0,0.0
2020-11-19 00:00:00+09:00,195.813720703125,196.78791831856344,194.8395230876866,195.813720703125,4900,0.0,0.0
2020-11-20 00:00:00+09:00,194.8395233154297,195.81372093200685,193.86532569885253,194.8395233154297,11000,0.0,0.0
2020-11-24 00:00:00+09:00,195.813720703125,195.813720703125,192.8911278568097,195.813720703125,52300,0.0,0.0
2020-11-25 00:00:00+09:00,196.78791854858397,196.78791854858397,192.8911280822754,194.8395233154297,13200,0.0,0.0
2020-11-26 00:00:00+09:00,193.86532569885253,195.81372093200685,192.8911280822754,194.8395233154297,13500,0.0,0.0
2020-11-27 00:00:00+09:00,194.8395230876866,195.813720703125,192.8911278568097,195.813720703125,13200,0.0,0.0
2020-11-30 00:00:00+09:00,195.813721163189,195.813721163189,193.86532592773438,193.86532592773438,45200,0.0,0.0
2020-12-01 00:00:00+09:00,192.89112831000708,194.83952354546167,192.89112831000708,193.86532592773438,13700,0.0,0.0
2020-12-02 00:00:00+09:00,194.83952354546167,195.813721163189,192.89112831000708,193.86532592773438,10900,0.0,0.0
2020-12-03 00:00:00+09:00,193.86532547224814,195.813720703125,191.91693024137126,195.813720703125,45400,0.0,0.0
2020-12-04 00:00:00+09:00,196.7879180908203,196.7879180908203,193.86532524788734,196.7879180908203,56300,0.0,0.0
2020-12-07 00:00:00+09:00,199.71050959367017,204.5814976325402,196.78791677034818,202.6331024169922,66800,0.0,0.0
2020-12-08 00:00:00+09:00,199.71052521640814,204.58151363632052,196.7879321644607,200.68472290039062,42000,0.0,0.0
2020-12-09 00:00:00+09:00,201.65892088355088,201.65892088355088,195.81373477098418,199.7105255126953,27300,0.0,0.0
2020-12-10 00:00:00+09:00,199.71052521640814,201.6589205843731,197.76212984844318,200.68472290039062,14200,0.0,0.0
2020-12-11 00:00:00+09:00,201.6589063957556,201.6589063957556,194.8395230876866,195.813720703125,27000,0.0,0.0
2020-12-14 00:00:00+09:00,194.83952286219832,198.73631331944227,194.83952286219832,196.7879180908203,12900,0.0,0.0
2020-12-15 00:00:00+09:00,195.8137202521263,199.71051070490495,194.83952263893164,197.76211547851562,39200,0.0,0.0
2020-12-16 00:00:00+09:00,198.7363130917103,198.7363130917103,196.78791786532096,197.76211547851562,8600,0.0,0.0
2020-12-17 00:00:00+09:00,196.7879180908203,198.73631331944227,196.7879180908203,196.7879180908203,3400,0.0,0.0
2020-12-18 00:00:00+09:00,196.78791854858397,197.76211616516113,193.86532569885253,194.8395233154297,23400,0.0,0.0
2020-12-21 00:00:00+09:00,193.86532592773438,193.86532592773438,191.91693069227975,193.86532592773438,68100,0.0,0.0
2020-12-22 00:00:00+09:00,192.89114379882812,192.89114379882812,191.91694610287445,192.89114379882812,10900,0.0,0.0
2020-12-23 00:00:00+09:00,190.94273376464844,192.89112900714485,189.96853614340023,190.94273376464844,20000,0.0,0.0
2020-12-24 00:00:00+09:00,189.96853545682515,193.86532592773438,189.96853545682515,193.86532592773438,13600,0.0,0.0
2020-12-25 00:00:00+09:00,193.8653414947818,194.83953919073548,192.89114379882812,192.89114379882812,27800,0.0,0.0
2020-12-28 00:00:00+09:00,192.89112763357633,196.7879180908203,192.89112763357633,196.7879180908203,43800,0.0,0.0
2020-12-29 00:00:00+09:00,193.86532502573698,197.76211547851562,193.86532502573698,197.76211547851562,16500,0.0,0.0
2020-12-30 00:00:00+09:00,197.76212984844318,200.68472290039062,195.81373448047822,200.68472290039062,14000,0.0,0.0
2021-01-04 00:00:00+09:00,200.6847226055348,203.6073156531882,195.8137341927791,201.65892028808594,29000,0.0,0.0
2021-01-05 00:00:00+09:00,199.7105255126953,199.7105255126953,196.78793245641197,199.7105255126953,13400,0.0,0.0
2021-01-06 00:00:00+09:00,197.76213014183975,199.7105255126953,197.76213014183975,199.7105255126953,2300,0.0,0.0
2021-01-07 00:00:00+09:00,199.71051070490495,199.71051070490495,196.78791786532096,197.76211547851562,31100,0.0,0.0
2021-01-08 00:00:00+09:00,197.76211547851562,198.7363130917103,195.8137202521263,197.76211547851562,18500,0.0,0.0
2021-01-12 00:00:00+09:00,197.76211547851562,201.65890593129427,196.78791786532096,197.76211547851562,21100,0.0,0.0
2021-01-13 00:00:00+09:00,218.22027873101635,245.4978135723934,204.5815113103278,208.47830200195312,404400,0.0,0.0
2021-01-14 00:00:00+09:00,205.55569501812948,206.52989262485048,200.68470698452452,203.6072998046875,52700,0.0,0.0
2021-01-15 00:00:00+09:00,203.6072998046875,218.2202639055024,200.68470698452452,203.6072998046875,294400,0.0,0.0
2021-01-18 00:00:00+09:00,200.68470720144418,207.50409045586218,199.71050959367017,202.6331024169922,45200,0.0,0.0
2021-01-19 00:00:00+09:00,205.55569501812948,205.55569501812948,203.6072998046875,203.6072998046875,20000,0.0,0.0
2021-01-20 00:00:00+09:00,205.55569501812948,205.55569501812948,201.65890459124552,203.6072998046875,11000,0.0,0.0
2021-01-21 00:00:00+09:00,203.6072995867048,204.5814971923828,202.63310198102678,204.5814971923828,9400,0.0,0.0
2021-01-22 00:00:00+09:00,204.5814969754332,205.55569458007812,203.60729937078827,205.55569458007812,7800,0.0,0.0
2021-01-25 00:00:00+09:00,207.50410432904678,209.45249967485944,206.52990665614047,208.47830200195312,18600,0.0,0.0
2021-01-26 00:00:00+09:00,209.45249967485944,209.45249967485944,207.50410432904678,208.47830200195312,5600,0.0,0.0
2021-01-27 00:00:00+09:00,208.47830171806868,209.45249938964844,207.50410404648892,209.45249938964844,13100,0.0,0.0
2021-01-28 00:00:00+09:00,208.47828549471768,214.32347106933594,205.55569270740855,214.32347106933594,34800,0.0,0.0
2021-01-29 00:00:00+09:00,214.32347170218895,214.32347170218895,209.45248370895737,211.40087890625,60600,0.0,0.0
2021-02-01 00:00:00+09:00,204.58149676053029,208.4782871750166,199.71050874242243,206.52989196777344,57100,0.0,0.0
2021-02-02 00:00:00+09:00,208.47830200195312,210.42669734776575,204.5815113103278,208.47830200195312,15700,0.0,0.0
2021-02-03 00:00:00+09:00,209.45249938964844,210.4266970612282,207.50410404648892,209.45249938964844,5300,0.0,0.0
2021-02-04 00:00:00+09:00,209.4524830904874,216.27186626087536,208.47828549471768,214.32347106933594,95400,0.0,0.0
2021-02-05 00:00:00+09:00,212.3750899178641,219.19447353907992,212.3750899178641,218.22027587890625,90200,0.0,0.0
2021-02-08 00:00:00+09:00,217.24607794867623,221.14286858452692,215.29768263075087,219.19447326660156,42300,0.0,0.0
2021-02-09 00:00:00+09:00,219.19447409140096,219.19447409140096,214.3234857782587,216.27188110351562,21800,0.0,0.0
2021-02-10 00:00:00+09:00,216.27188082981536,218.22027615260652,215.2976831684198,217.24607849121094,14700,0.0,0.0
2021-02-12 00:00:00+09:00,215.29766866510565,217.24606385664507,213.34927347356623,214.32347106933594,28800,0.0,0.0
2021-02-15 00:00:00+09:00,216.2718813796928,221.14286969905524,215.2976837158203,215.2976837158203,44300,0.0,0.0
2021-02-16 00:00:00+09:00,215.2976831684198,219.19447381400207,214.32348550702423,217.24607849121094,17000,0.0,0.0
2021-02-17 00:00:00+09:00,216.27186626087536,217.24606385664507,213.34927347356623,214.32347106933594,24700,0.0,0.0
2021-02-18 00:00:00+09:00,216.27186626087536,217.24606385664507,211.4008782820268,214.32347106933594,41800,0.0,0.0
2021-02-19 00:00:00+09:00,213.34927389162397,214.32347148930262,211.40087869626666,212.3750762939453,12400,0.0,0.0
2021-02-22 00:00:00+09:00,212.3750760849208,215.29766887508026,211.400878488201,213.34927368164062,11900,0.0,0.0
2021-02-24 00:00:00+09:00,213.34927368164062,214.32347127836044,213.34927368164062,213.34927368164062,7300,0.0,0.0
2021-02-25 00:00:00+09:00,214.32347106933594,214.32347106933594,211.4008782820268,214.32347106933594,38100,0.0,0.0
2021-02-26 00:00:00+09:00,212.3750762939453,213.34927389162397,211.40087869626666,212.3750762939453,14000,0.0,0.0
2021-03-01 00:00:00+09:00,213.3492897881402,214.32348745840568,207.5041037665473,210.42669677734375,61500,0.0,0.0
2021-03-02 00:00:00+09:00,211.40087890625,211.40087890625,210.4266813076037,211.40087890625,19900,0.0,0.0
2021-03-03 00:00:00+09:00,212.3750760849208,214.32347127836044,211.400878488201,213.34927368164062,16700,0.0,0.0
2021-03-04 00:00:00+09:00,213.34927368164062,215.29766887508026,212.3750760849208,213.34927368164062,26700,0.0,0.0
2021-03-05 00:00:00+09:00,213.34927368164062,213.34927368164062,211.400878488201,213.34927368164062,11500,0.0,0.0
2021-03-08 00:00:00+09:00,213.34927347356623,216.27186626087536,212.37507587779652,214.32347106933594,31800,0.0,0.0
2021-03-09 00:00:00+09:00,216.27188055855888,224.06546183994837,216.27188055855888,218.22027587890625,75900,0.0,0.0
2021-03-10 00:00:00+09:00,219.19447353907992,219.19447353907992,217.24607821873255,218.22027587890625,10300,0.0,0.0
2021-03-11 00:00:00+09:00,218.22027615260652,218.22027615260652,217.24607849121094,217.24607849121094,11300,0.0,0.0
2021-03-12 00:00:00+09:00,218.22027560763888,219.19447326660156,217.24607794867623,219.19447326660156,8100,0.0,0.0
2021-03-15 00:00:00+09:00,219.19447142502358,228.9364479328024,219.19447142502358,226.01385498046875,319500,0.0,0.0
2021-03-16 00:00:00+09:00,227.96225081734036,227.96225081734036,224.06546020507812,224.06546020507812,63500,0.0,0.0
2021-03-17 00:00:00+09:00,225.0396560475796,230.8848419189453,224.065458402352,230.8848419189453,115200,0.0,0.0
2021-03-18 00:00:00+09:00,230.8848416624951,232.8332369507862,229.91064401834953,231.85903930664062,55400,0.0,0.0
2021-03-19 00:00:00+09:00,230.88484296675915,230.88484296675915,225.03965706886652,226.98805236816406,107400,0.0,0.0
2021-03-22 00:00:00+09:00,226.9880503421008,235.7558291106798,226.01385270114756,234.78163146972656,149300,0.0,0.0
2021-03-23 00:00:00+09:00,233.80743459493172,236.73002752736838,228.936446374204,231.85903930664062,369900,0.0,0.0
2021-03-24 00:00:00+09:00,231.85902463223073,233.80741979720744,222.1170488073471,228.93643188476562,276900,0.0,0.0
2021-03-25 00:00:00+09:00,226.9880369137495,228.9364320803911,222.11704899714545,227.9622344970703,152600,0.0,0.0
2021-03-26 00:00:00+09:00,228.9364484704059,228.9364484704059,224.06546020507812,224.06546020507812,56800,0.0,0.0
2021-03-29 00:00:00+09:00,225.0396431406164,225.0396431406164,216.27186483643652,221.14285278320312,167000,0.0,0.0
2021-03-30 00:00:00+09:00,221.14285401485427,222.13009889884916,216.20662959487984,220.15560913085938,61400,3.0,0.0
2021-03-31 00:00:00+09:00,219.16836547851562,221.14285525760135,216.20663080988703,219.16836547851562,53100,0.0,0.0
2021-04-01 00:00:00+09:00,219.16837180704567,219.16837180704567,211.2704124626476,214.23214721679688,65200,0.0,0.0
2021-04-02 00:00:00+09:00,215.21938837224786,217.19387817382812,212.25765366987747,217.19387817382812,48600,0.0,0.0
2021-04-05 00:00:00+09:00,217.19387817382812,220.15561287619852,217.19387817382812,217.19387817382812,21800,0.0,0.0
2021-04-06 00:00:00+09:00,220.1556103680585,220.1556103680585,216.20663080988703,219.16836547851562,28700,0.0,0.0
2021-04-07 00:00:00+09:00,218.18112307461826,219.1683679754084,216.206633273038,217.19387817382812,16300,0.0,0.0
2021-04-08 00:00:00+09:00,217.19387817382812,217.19387817382812,214.23214347145773,217.19387817382812,22400,0.0,0.0
2021-04-09 00:00:00+09:00,215.21938837224786,217.19387817382812,213.2448985706676,217.19387817382812,27200,0.0,0.0
2021-04-12 00:00:00+09:00,217.19387817382812,217.19387817382812,215.21938837224786,217.19387817382812,10800,0.0,0.0
2021-04-13 00:00:00+09:00,218.18112560587193,218.18112560587193,215.21939086914062,215.21939086914062,13000,0.0,0.0
2021-04-14 00:00:00+09:00,215.21939086914062,217.19388069362816,213.2449010446531,215.21939086914062,26600,0.0,0.0
2021-04-15 00:00:00+09:00,215.21939086914062,216.2066357813844,214.23214595689686,215.21939086914062,14900,0.0,0.0
2021-04-16 00:00:00+09:00,215.21939086914062,216.2066357813844,214.23214595689686,215.21939086914062,12600,0.0,0.0
2021-04-19 00:00:00+09:00,213.24490229874712,215.21939213484663,212.25765738069737,214.23214721679688,19100,0.0,0.0
2021-04-20 00:00:00+09:00,214.23214721679688,215.21939213484663,211.2704124626476,214.23214721679688,19600,0.0,0.0
2021-04-21 00:00:00+09:00,213.24490356445312,215.21939341227215,210.2831687927246,213.24490356445312,33000,0.0,0.0
2021-04-22 00:00:00+09:00,215.21939341227215,215.21939341227215,211.27041371663412,213.24490356445312,15000,0.0,0.0
2021-04-23 00:00:00+09:00,213.24489195917695,214.23213682935832,210.2831573486328,210.2831573486328,19400,0.0,0.0
2021-04-26 00:00:00+09:00,210.2831623132149,212.25765210019344,206.3341827392578,206.3341827392578,26700,0.0,0.0
2021-04-27 00:00:00+09:00,207.32142516222044,210.283159807395,207.32142516222044,208.3086700439453,10900,0.0,0.0
2021-04-28 00:00:00+09:00,207.32142516222044,210.283159807395,207.32142516222044,208.3086700439453,4400,0.0,0.0
2021-04-30 00:00:00+09:00,219.1683679754084,226.07908228093928,215.21938837224786,217.19387817382812,194500,0.0,0.0
2021-05-06 00:00:00+09:00,221.1428515625,223.11734130859375,219.16836181640625,222.13009643554688,50900,0.0,0.0
2021-05-07 00:00:00+09:00,224.1045977274577,225.0918426513672,223.1173528035482,225.0918426513672,33800,0.0,0.0
2021-05-10 00:00:00+09:00,225.0918426513672,226.0790875752767,224.1045977274577,225.0918426513672,22900,0.0,0.0
2021-05-11 00:00:00+09:00,225.09184521700428,225.09184521700428,222.1301104115174,223.1173553466797,16500,0.0,0.0
2021-05-12 00:00:00+09:00,224.10458618164063,225.0918310546875,219.16836181640625,222.13009643554688,36700,0.0,0.0
2021-05-13 00:00:00+09:00,221.1428515625,225.0918310546875,220.15560668945312,222.13009643554688,33500,0.0,0.0
2021-05-14 00:00:00+09:00,261.61989857273034,290.2500006806895,254.70918427080912,265.5688781738281,2939500,0.0,0.0
2021-05-17 00:00:00+09:00,266.5561218261719,271.4923463044343,255.6964279739945,266.5561218261719,630200,0.0,0.0
2021-05-18 00:00:00+09:00,270.5050892421178,281.3647826058524,262.60713043212894,276.4285583496094,480200,0.0,0.0
2021-05-19 00:00:00+09:00,270.5051165641622,283.33930092669544,267.54338171126994,278.403076171875,401700,0.0,0.0
2021-05-20 00:00:00+09:00,273.46683356341197,278.4030579959645,266.5561193578384,268.5306091308594,285100,0.0,0.0
2021-05-21 00:00:00+09:00,269.51786032687414,270.5051052364964,261.6199010498961,263.5943908691406,162300,0.0,0.0
2021-05-24 00:00:00+09:00,265.56887447132783,269.5178540173699,261.6198949252858,268.5306091308594,93600,0.0,0.0
2021-05-25 00:00:00+09:00,273.46683356341197,273.46683356341197,266.5561193578384,268.5306091308594,77900,0.0,0.0
2021-05-26 00:00:00+09:00,265.56887447132783,272.4795886769014,264.58162958481734,268.5306091308594,106300,0.0,0.0
2021-05-27 00:00:00+09:00,269.51785904613894,271.4923488560008,263.5943896165535,264.5816345214844,163000,0.0,0.0
2021-05-28 00:00:00+09:00,266.5561193578384,273.46683356341197,265.56887447132783,268.5306091308594,297400,0.0,0.0
2021-05-31 00:00:00+09:00,268.53059953962054,282.35202745710103,265.5688649858747,276.4285583496094,288500,0.0,0.0
2021-06-01 00:00:00+09:00,278.40305419921873,279.39029907226563,270.5050952148438,271.4923400878906,133500,0.0,0.0
2021-06-02 00:00:00+09:00,269.5178467455528,278.4030504844172,268.53060188567895,274.4540710449219,141600,0.0,0.0
2021-06-03 00:00:00+09:00,275.4413134983608,286.30100686209545,273.46682379586355,276.4285583496094,377100,0.0,0.0
2021-06-04 00:00:00+09:00,276.42857261892067,289.26275634765625,275.44132771671025,289.26275634765625,388200,0.0,0.0
2021-06-07 00:00:00+09:00,294.198978333554,299.1352028022378,290.249998758607,291.23724365234375,278800,0.0,0.0
2021-06-08 00:00:00+09:00,296.17347963394656,310.9821536156439,289.2627651091545,306.0459289550781,388900,0.0,0.0
2021-06-09 00:00:00+09:00,304.0714184085265,310.9821324632657,295.18621462386176,298.14794921875,424200,0.0,0.0
2021-06-10 00:00:00+09:00,295.18621704101565,300.12244140625,290.24999267578124,296.1734619140625,162700,0.0,0.0
2021-06-11 00:00:00+09:00,297.1607080159777,301.1096875244957,293.2117285074598,295.18621826171875,52100,0.0,0.0
2021-06-14 00:00:00+09:00,295.1862409748015,304.0714455526383,292.22450611552256,301.1097106933594,82500,0.0,0.0
2021-06-15 00:00:00+09:00,302.09692991136313,302.09692991136313,296.17346069741484,297.16070556640625,64900,0.0,0.0
2021-06-16 00:00:00+09:00,297.1607080159777,300.1224426473662,294.19897338458924,295.18621826171875,78000,0.0,0.0
2021-06-17 00:00:00+09:00,295.18621826171875,296.17346313884826,291.23723875320076,295.18621826171875,88200,0.0,0.0
2021-06-18 00:00:00+09:00,294.19899131373353,294.19899131373353,279.39031725431744,281.36480712890625,277400,0.0,0.0
2021-06-21 00:00:00+09:00,275.44131834610647,279.39029782060265,269.5178491343623,272.4795837402344,263900,0.0,0.0
2021-06-22 00:00:00+09:00,276.42855955281135,279.39029411944864,273.4668249861741,275.4413146972656,177700,0.0,0.0
2021-06-23 00:00:00+09:00,275.44131834610647,275.44131834610647,269.5178491343623,272.4795837402344,100000,0.0,0.0
2021-06-24 00:00:00+09:00,275.44131958007813,279.39029907226563,271.4923400878906,271.4923400878906,91700,0.0,0.0
2021-06-25 00:00:00+09:00,274.4540722568113,275.4413171210444,271.49233766411186,273.4668273925781,46800,0.0,0.0
2021-06-28 00:00:00+09:00,276.42857746269465,285.31378173828125,276.42857746269465,285.31378173828125,60600,0.0,0.0
2021-06-29 00:00:00+09:00,285.31378173828125,287.28827157730046,276.42857746269465,285.31378173828125,84300,0.0,0.0
2021-06-30 00:00:00+09:00,286.301021641025,294.1989808587084,284.3265318366041,289.26275634765625,120300,0.0,0.0
2021-07-01 00:00:00+09:00,287.2882628569732,297.1607117524018,287.2882628569732,292.2244873046875,105800,0.0,0.0
2021-07-02 00:00:00+09:00,291.2372448979592,292.2244897959184,288.2755102040816,290.25,70400,0.0,0.0
2021-07-05 00:00:00+09:00,295.18622072778567,295.18622072778567,291.23724118627683,293.21173095703125,66500,0.0,0.0
2021-07-06 00:00:00+09:00,293.2117334398173,294.198978333554,291.23724365234375,291.23724365234375,35400,0.0,0.0
2021-07-07 00:00:00+09:00,291.2372448979592,291.2372448979592,287.28826530612247,290.25,46800,0.0,0.0
2021-07-08 00:00:00+09:00,287.28827544525785,288.27552037805947,279.39031598284527,282.35205078125,75900,0.0,0.0
2021-07-09 00:00:00+09:00,279.3903122212235,286.3010266577909,279.3903122212235,285.31378173828125,50300,0.0,0.0
2021-07-12 00:00:00+09:00,286.30102040816325,291.2372448979592,285.3137755102041,290.25,67600,0.0,0.0
2021-07-13 00:00:00+09:00,291.2372549733808,309.99490868353075,289.2627651091545,306.0459289550781,338800,0.0,0.0
2021-07-14 00:00:00+09:00,304.07143782342746,317.8928668154014,298.1479682554386,307.0331726074219,407100,0.0,0.0
2021-07-15 00:00:00+09:00,308.02040877432194,314.9311230737458,302.09693937481575,313.9438781738281,154400,0.0,0.0
2021-07-16 00:00:00+09:00,310.9821410179138,322.8290797233582,306.045916557312,315.9183654785156,304800,0.0,0.0
2021-07-19 00:00:00+09:00,315.9183809354708,321.84185057801085,300.1224618886973,304.0714416503906,302100,0.0,0.0
2021-07-20 00:00:00+09:00,297.1607196589184,311.9693933960738,295.1862298272977,309.9949035644531,141600,0.0,0.0
2021-07-21 00:00:00+09:00,315.91835698585624,332.7015197007299,315.91835698585624,322.8290710449219,578500,0.0,0.0
2021-07-26 00:00:00+09:00,329.73981100122734,337.6377705461669,325.79083122875755,326.778076171875,366800,0.0,0.0
2021-07-27 00:00:00+09:00,326.7780517390901,326.7780517390901,316.9056030460662,321.8418273925781,149200,0.0,0.0
2021-07-28 00:00:00+09:00,318.8801171119516,325.79083172428494,300.12246316418975,303.0841979980469,699800,0.0,0.0
2021-07-29 00:00:00+09:00,318.88010015487674,324.80356950759887,311.9693859100342,315.9183654785156,444200,0.0,0.0
2021-07-30 00:00:00+09:00,318.88009521107614,323.8163195951485,307.0331566893024,319.8673400878906,323700,0.0,0.0
2021-08-02 00:00:00+09:00,304.0714196493459,308.0203991253114,293.2117260904407,297.16070556640625,493900,0.0,0.0
2021-08-03 00:00:00+09:00,307.03317610039767,332.7015445203666,306.04593116116814,327.76531982421875,856800,0.0,0.0
2021-08-04 00:00:00+09:00,333.6887891105052,355.4081777508339,330.7270542959149,351.4591979980469,1502200,0.0,0.0
2021-08-05 00:00:00+09:00,355.4081653871747,362.31887971414756,305.0586752906583,312.9566345214844,2491200,0.0,0.0
2021-08-06 00:00:00+09:00,313.94387082700376,326.778054225592,309.9948913197459,319.8673400878906,568100,0.0,0.0
2021-08-10 00:00:00+09:00,325.7908296049311,352.4464429362436,325.7908296049311,351.4591979980469,775600,0.0,0.0
2021-08-11 00:00:00+09:00,351.45917949008174,368.2423425556193,343.56122040041697,366.2678527832031,827100,0.0,0.0
2021-08-12 00:00:00+09:00,366.26785651497215,367.25510141123897,350.47193817470384,363.3061218261719,533600,0.0,0.0
2021-08-13 00:00:00+09:00,358.36990482899364,361.3316395796465,348.4974556601509,357.3826599121094,358300,0.0,0.0
2021-08-16 00:00:00+09:00,357.38265703986673,357.38265703986673,328.7525546803194,335.66326904296875,715800,0.0,0.0
2021-08-17 00:00:00+09:00,335.663280659932,336.65052560304946,321.84185145628777,326.778076171875,628200,0.0,0.0
2021-08-18 00:00:00+09:00,326.77806981404626,342.5739885965983,326.77806981404626,331.71429443359375,469900,0.0,0.0
2021-08-19 00:00:00+09:00,326.77806580558655,329.7398005409846,309.99490230499754,310.9821472167969,631600,0.0,0.0
2021-08-20 00:00:00+09:00,306.04591064453126,308.020400390625,293.2117272949219,296.1734619140625,671300,0.0,0.0
2021-08-23 00:00:00+09:00,297.16072833033263,308.0204227211421,297.16072833033263,303.0841979980469,359000,0.0,0.0
2021-08-24 00:00:00+09:00,309.99489857415733,322.8290822730874,308.02040877432194,313.9438781738281,589000,0.0,0.0
2021-08-25 00:00:00+09:00,313.9438845113443,313.9438845113443,306.0459251525684,309.0076599121094,218700,0.0,0.0
2021-08-26 00:00:00+09:00,310.98215103149414,312.95664087931317,307.03317133585614,308.0204162597656,102800,0.0,0.0
2021-08-27 00:00:00+09:00,305.05866577148436,321.8418286132813,305.05866577148436,320.8545837402344,227200,0.0,0.0
2021-08-30 00:00:00+09:00,344.5484809236154,358.36990995780053,336.65052147550955,353.4336853027344,1459800,0.0,0.0
2021-08-31 00:00:00+09:00,357.3826524485712,366.26785651497215,343.5612239008364,363.3061218261719,728200,0.0,0.0
2021-09-01 00:00:00+09:00,357.3826697616981,384.03828325221144,354.4209349294188,373.1785888671875,1402800,0.0,0.0
2021-09-02 00:00:00+09:00,376.1403160095215,378.1148058573405,354.4209276835124,355.4081726074219,653100,0.0,0.0
2021-09-03 00:00:00+09:00,355.4081651030994,364.2933692306769,347.5102058785861,361.3316345214844,420400,0.0,0.0
2021-09-06 00:00:00+09:00,369.22958994299415,374.1658144074727,361.3316307998285,364.2933654785156,359700,0.0,0.0
2021-09-07 00:00:00+09:00,361.3316395796465,365.2806192471836,349.48470057703514,357.3826599121094,261100,0.0,0.0
2021-09-08 00:00:00+09:00,357.3826624552409,359.35715230305993,352.44643783569336,355.4081726074219,252300,0.0,0.0
2021-09-09 00:00:00+09:00,354.4209354206667,354.4209354206667,346.52297585697494,349.4847106933594,245500,0.0,0.0
2021-09-10 00:00:00+09:00,348.4974593903693,357.38266373743255,347.5102144629178,354.4209289550781,183000,0.0,0.0
2021-09-13 00:00:00+09:00,361.3316395796465,361.3316395796465,352.446435327688,357.3826599121094,194500,0.0,0.0
2021-09-14 00:00:00+09:00,357.3826536755471,370.21683737107776,356.39540877589087,362.3188781738281,360500,0.0,0.0
2021-09-15 00:00:00+09:00,358.3699073791504,360.3443972269694,352.44643783569336,355.4081726074219,205500,0.0,0.0
2021-09-16 00:00:00+09:00,352.44641720164907,354.42090693387115,340.5994788083163,347.51019287109375,326400,0.0,0.0
2021-09-17 00:00:00+09:00,357.382656538701,387.00000376566516,354.4209218160046,384.03826904296875,1400600,0.0,0.0
2021-09-21 00:00:00+09:00,376.14029912462826,378.11478888381265,359.35713617156085,368.2423400878906,651700,0.0,0.0
2021-09-22 00:00:00+09:00,368.24235530441155,368.24235530441155,353.43368149860413,356.3954162597656,378000,0.0,0.0
2021-09-24 00:00:00+09:00,378.11480466660777,407.7321522906241,372.19133514180453,403.7831726074219,1347200,0.0,0.0
2021-09-27 00:00:00+09:00,403.78317515680186,419.5790939893418,397.8597055945994,401.8086853027344,752600,0.0,0.0
2021-09-28 00:00:00+09:00,399.8341836734694,401.80867346938777,387.0,387.0,299300,0.0,0.0
2021-09-29 00:00:00+09:00,384.0,418.0,382.0,402.0,453500,5.0,0.0
2021-09-30 00:00:00+09:00,401.0,403.0,385.0,398.0,351800,0.0,0.0
2021-10-01 00:00:00+09:00,397.0,409.0,392.0,399.0,322400,0.0,0.0
2021-10-04 00:00:00+09:00,403.0,406.0,382.0,389.0,259800,0.0,0.0
2021-10-05 00:00:00+09:00,379.0,386.0,369.0,378.0,303500,0.0,0.0
2021-10-06 00:00:00+09:00,383.0,389.0,373.0,379.0,215900,0.0,0.0
2021-10-07 00:00:00+09:00,379.0,383.0,364.0,367.0,242700,0.0,0.0
2021-10-08 00:00:00+09:00,369.0,381.0,369.0,375.0,135100,0.0,0.0
2021-10-11 00:00:00+09:00,379.0,384.0,376.0,382.0,123000,0.0,0.0
2021-10-12 00:00:00+09:00,383.0,384.0,377.0,384.0,87300,0.0,0.0
2021-10-13 00:00:00+09:00,384.0,384.0,368.0,370.0,213200,0.0,0.0
2021-10-14 00:00:00+09:00,372.0,372.0,361.0,362.0,176600,0.0,0.0
2021-10-15 00:00:00+09:00,369.0,380.0,369.0,375.0,224900,0.0,0.0
2021-10-18 00:00:00+09:00,379.0,390.0,379.0,389.0,159200,0.0,0.0
2021-10-19 00:00:00+09:00,397.0,397.0,387.0,393.0,140400,0.0,0.0
2021-10-20 00:00:00+09:00,394.0,396.0,384.0,384.0,118500,0.0,0.0
2021-10-21 00:00:00+09:00,392.0,405.0,388.0,389.0,330600,0.0,0.0
2021-10-22 00:00:00+09:00,384.0,395.0,383.0,387.0,113300,0.0,0.0
2021-10-25 00:00:00+09:00,387.0,390.0,377.0,383.0,156800,0.0,0.0
2021-10-26 00:00:00+09:00,383.0,390.0,382.0,385.0,73600,0.0,0.0
2021-10-27 00:00:00+09:00,387.0,387.0,377.0,379.0,92600,0.0,0.0
2021-10-28 00:00:00+09:00,384.0,384.0,368.0,372.0,132300,0.0,0.0
2021-10-29 00:00:00+09:00,372.0,372.0,359.0,363.0,216600,0.0,0.0
2021-11-01 00:00:00+09:00,320.0,323.0,313.0,315.0,943000,0.0,0.0
2021-11-02 00:00:00+09:00,316.0,327.0,316.0,325.0,378100,0.0,0.0
2021-11-04 00:00:00+09:00,325.0,327.0,321.0,324.0,187300,0.0,0.0
2021-11-05 00:00:00+09:00,322.0,322.0,311.0,313.0,383800,0.0,0.0
2021-11-08 00:00:00+09:00,314.0,315.0,305.0,306.0,223200,0.0,0.0
2021-11-09 00:00:00+09:00,313.0,318.0,304.0,305.0,159800,0.0,0.0
2021-11-10 00:00:00+09:00,307.0,307.0,297.0,301.0,229200,0.0,0.0
2021-11-11 00:00:00+09:00,300.0,310.0,299.0,309.0,134700,0.0,0.0
2021-11-12 00:00:00+09:00,310.0,314.0,307.0,314.0,139200,0.0,0.0
2021-11-15 00:00:00+09:00,312.0,316.0,309.0,314.0,123900,0.0,0.0
2021-11-16 00:00:00+09:00,311.0,319.0,311.0,315.0,119000,0.0,0.0
2021-11-17 00:00:00+09:00,313.0,320.0,312.0,319.0,136500,0.0,0.0
2021-11-18 00:00:00+09:00,317.0,317.0,308.0,310.0,133900,0.0,0.0
2021-11-19 00:00:00+09:00,310.0,312.0,305.0,307.0,86000,0.0,0.0
2021-11-22 00:00:00+09:00,307.0,307.0,295.0,305.0,301400,0.0,0.0
2021-11-24 00:00:00+09:00,308.0,309.0,302.0,304.0,38600,0.0,0.0
2021-11-25 00:00:00+09:00,306.0,306.0,298.0,300.0,97900,0.0,0.0
2021-11-26 00:00:00+09:00,299.0,300.0,291.0,292.0,214400,0.0,0.0
2021-11-29 00:00:00+09:00,282.0,295.0,280.0,285.0,135700,0.0,0.0
2021-11-30 00:00:00+09:00,287.0,291.0,282.0,283.0,80900,0.0,0.0
2021-12-01 00:00:00+09:00,280.0,288.0,277.0,285.0,86200,0.0,0.0
2021-12-02 00:00:00+09:00,278.0,281.0,270.0,278.0,168200,0.0,0.0
2021-12-03 00:00:00+09:00,286.0,289.0,278.0,286.0,92600,0.0,0.0
2021-12-06 00:00:00+09:00,282.0,289.0,282.0,287.0,81300,0.0,0.0
2021-12-07 00:00:00+09:00,288.0,293.0,287.0,293.0,68500,0.0,0.0
2021-12-08 00:00:00+09:00,294.0,294.0,290.0,291.0,62000,0.0,0.0
2021-12-09 00:00:00+09:00,290.0,291.0,286.0,287.0,44300,0.0,0.0
2021-12-10 00:00:00+09:00,286.0,286.0,281.0,282.0,65800,0.0,0.0
2021-12-13 00:00:00+09:00,283.0,283.0,278.0,279.0,78900,0.0,0.0
2021-12-14 00:00:00+09:00,281.0,281.0,274.0,274.0,119900,0.0,0.0
2021-12-15 00:00:00+09:00,274.0,281.0,270.0,273.0,191800,0.0,0.0
2021-12-16 00:00:00+09:00,275.0,278.0,272.0,275.0,114300,0.0,0.0
2021-12-17 00:00:00+09:00,274.0,274.0,269.0,270.0,166100,0.0,0.0
2021-12-20 00:00:00+09:00,269.0,270.0,258.0,258.0,171700,0.0,0.0
2021-12-21 00:00:00+09:00,262.0,264.0,259.0,261.0,190800,0.0,0.0
2021-12-22 00:00:00+09:00,262.0,268.0,262.0,268.0,74200,0.0,0.0
2021-12-23 00:00:00+09:00,265.0,268.0,263.0,268.0,110900,0.0,0.0
2021-12-24 00:00:00+09:00,269.0,274.0,269.0,274.0,121500,0.0,0.0
2021-12-27 00:00:00+09:00,274.0,276.0,268.0,270.0,132000,0.0,0.0
2021-12-28 00:00:00+09:00,270.0,272.0,267.0,270.0,163000,0.0,0.0
2021-12-29 00:00:00+09:00,267.0,279.0,267.0,279.0,101700,0.0,0.0
2021-12-30 00:00:00+09:00,277.0,279.0,276.0,279.0,36400,0.0,0.0
2022-01-04 00:00:00+09:00,280.0,288.0,279.0,287.0,96000,0.0,0.0
2022-01-05 00:00:00+09:00,287.0,291.0,287.0,289.0,107800,0.0,0.0
2022-01-06 00:00:00+09:00,288.0,292.0,282.0,289.0,100900,0.0,0.0
2022-01-07 00:00:00+09:00,291.0,301.0,288.0,300.0,259100,0.0,0.0
2022-01-11 00:00:00+09:00,302.0,313.0,298.0,304.0,270400,0.0,0.0
2022-01-12 00:00:00+09:00,308.0,308.0,300.0,306.0,145600,0.0,0.0
2022-01-13 00:00:00+09:00,305.0,309.0,302.0,306.0,89300,0.0,0.0
2022-01-14 00:00:00+09:00,303.0,303.0,293.0,299.0,128200,0.0,0.0
2022-01-17 00:00:00+09:00,299.0,301.0,297.0,297.0,62100,0.0,0.0
2022-01-18 00:00:00+09:00,297.0,302.0,292.0,296.0,79000,0.0,0.0
2022-01-19 00:00:00+09:00,288.0,290.0,282.0,283.0,114900,0.0,0.0
2022-01-20 00:00:00+09:00,285.0,291.0,282.0,288.0,70100,0.0,0.0
2022-01-21 00:00:00+09:00,285.0,286.0,281.0,286.0,45700,0.0,0.0
2022-01-24 00:00:00+09:00,283.0,288.0,282.0,288.0,37600,0.0,0.0
2022-01-25 00:00:00+09:00,288.0,288.0,276.0,276.0,101400,0.0,0.0
2022-01-26 00:00:00+09:00,277.0,284.0,277.0,280.0,42100,0.0,0.0
2022-01-27 00:00:00+09:00,280.0,283.0,265.0,267.0,104700,0.0,0.0
2022-01-28 00:00:00+09:00,268.0,276.0,268.0,275.0,56100,0.0,0.0
2022-01-31 00:00:00+09:00,276.0,281.0,274.0,278.0,75000,0.0,0.0
2022-02-01 00:00:00+09:00,276.0,281.0,273.0,275.0,58200,0.0,0.0
2022-02-02 00:00:00+09:00,277.0,284.0,277.0,283.0,41600,0.0,0.0
2022-02-03 00:00:00+09:00,283.0,285.0,280.0,285.0,42000,0.0,0.0
2022-02-04 00:00:00+09:00,282.0,283.0,278.0,280.0,42600,0.0,0.0
2022-02-07 00:00:00+09:00,280.0,282.0,274.0,280.0,75000,0.0,0.0
2022-02-08 00:00:00+09:00,279.0,280.0,277.0,280.0,23300,0.0,0.0
2022-02-09 00:00:00+09:00,279.0,284.0,279.0,282.0,69200,0.0,0.0
2022-02-10 00:00:00+09:00,280.0,285.0,280.0,282.0,48200,0.0,0.0
2022-02-14 00:00:00+09:00,279.0,279.0,274.0,275.0,71400,0.0,0.0
2022-02-15 00:00:00+09:00,276.0,278.0,271.0,273.0,42100,0.0,0.0
2022-02-16 00:00:00+09:00,278.0,280.0,277.0,278.0,39600,0.0,0.0
2022-02-17 00:00:00+09:00,278.0,280.0,275.0,277.0,39600,0.0,0.0
2022-02-18 00:00:00+09:00,275.0,279.0,274.0,276.0,48700,0.0,0.0
2022-02-21 00:00:00+09:00,276.0,276.0,272.0,273.0,20100,0.0,0.0
2022-02-22 00:00:00+09:00,273.0,274.0,266.0,270.0,67900,0.0,0.0
2022-02-24 00:00:00+09:00,268.0,270.0,261.0,267.0,80500,0.0,0.0
2022-02-25 00:00:00+09:00,269.0,272.0,266.0,272.0,34000,0.0,0.0
2022-02-28 00:00:00+09:00,272.0,274.0,268.0,274.0,25400,0.0,0.0
2022-03-01 00:00:00+09:00,272.0,276.0,272.0,276.0,27600,0.0,0.0
2022-03-02 00:00:00+09:00,272.0,275.0,269.0,269.0,28700,0.0,0.0
2022-03-03 00:00:00+09:00,271.0,279.0,270.0,275.0,60100,0.0,0.0
2022-03-04 00:00:00+09:00,274.0,274.0,268.0,270.0,53900,0.0,0.0
2022-03-07 00:00:00+09:00,265.0,266.0,251.0,254.0,140400,0.0,0.0
2022-03-08 00:00:00+09:00,251.0,256.0,242.0,244.0,88400,0.0,0.0
2022-03-09 00:00:00+09:00,245.0,249.0,243.0,246.0,54300,0.0,0.0
2022-03-10 00:00:00+09:00,255.0,257.0,251.0,255.0,67100,0.0,0.0
2022-03-11 00:00:00+09:00,252.0,253.0,250.0,253.0,20600,0.0,0.0
2022-03-14 00:00:00+09:00,252.0,256.0,246.0,256.0,42800,0.0,0.0
2022-03-15 00:00:00+09:00,256.0,261.0,255.0,261.0,35700,0.0,0.0
2022-03-16 00:00:00+09:00,260.0,261.0,259.0,259.0,24100,0.0,0.0
2022-03-17 00:00:00+09:00,261.0,265.0,261.0,264.0,37800,0.0,0.0
2022-03-18 00:00:00+09:00,265.0,273.0,265.0,272.0,59600,0.0,0.0
2022-03-22 00:00:00+09:00,274.0,284.0,274.0,281.0,109600,0.0,0.0
2022-03-23 00:00:00+09:00,284.0,285.0,281.0,281.0,83300,0.0,0.0
2022-03-24 00:00:00+09:00,281.0,284.0,281.0,283.0,66600,0.0,0.0
2022-03-25 00:00:00+09:00,286.0,286.0,282.0,284.0,47000,0.0,0.0
2022-03-28 00:00:00+09:00,284.0,284.0,281.0,283.0,29100,0.0,0.0
2022-03-29 00:00:00+09:00,284.0,284.0,279.0,282.0,41000,0.0,0.0
2022-03-30 00:00:00+09:00,278.0,279.0,276.0,277.0,74000,0.0,0.0
2022-03-31 00:00:00+09:00,278.0,284.0,275.0,283.0,44100,0.0,0.0
2022-04-01 00:00:00+09:00,285.0,285.0,277.0,277.0,19000,0.0,0.0
2022-04-04 00:00:00+09:00,277.0,277.0,274.0,275.0,25200,0.0,0.0
2022-04-05 00:00:00+09:00,273.0,276.0,271.0,274.0,52500,0.0,0.0
2022-04-06 00:00:00+09:00,272.0,272.0,269.0,269.0,44800,0.0,0.0
2022-04-07 00:00:00+09:00,267.0,271.0,263.0,269.0,52400,0.0,0.0
2022-04-08 00:00:00+09:00,274.0,274.0,268.0,270.0,21800,0.0,0.0
2022-04-11 00:00:00+09:00,270.0,270.0,264.0,266.0,16500,0.0,0.0
2022-04-12 00:00:00+09:00,266.0,266.0,260.0,262.0,20200,0.0,0.0
2022-04-13 00:00:00+09:00,261.0,271.0,260.0,267.0,73000,0.0,0.0
2022-04-14 00:00:00+09:00,267.0,268.0,260.0,265.0,45100,0.0,0.0
2022-04-15 00:00:00+09:00,261.0,263.0,260.0,261.0,24400,0.0,0.0
2022-04-18 00:00:00+09:00,262.0,263.0,260.0,261.0,15500,0.0,0.0
2022-04-19 00:00:00+09:00,262.0,266.0,261.0,263.0,30000,0.0,0.0
2022-04-20 00:00:00+09:00,266.0,269.0,265.0,269.0,46100,0.0,0.0
2022-04-21 00:00:00+09:00,266.0,274.0,264.0,273.0,77500,0.0,0.0
2022-04-22 00:00:00+09:00,273.0,274.0,268.0,274.0,34700,0.0,0.0
2022-04-25 00:00:00+09:00,272.0,273.0,265.0,266.0,29700,0.0,0.0
2022-04-26 00:00:00+09:00,266.0,268.0,265.0,268.0,16000,0.0,0.0
2022-04-27 00:00:00+09:00,268.0,269.0,266.0,268.0,29700,0.0,0.0
2022-04-28 00:00:00+09:00,266.0,272.0,265.0,269.0,57900,0.0,0.0
2022-05-02 00:00:00+09:00,264.0,270.0,264.0,267.0,19300,0.0,0.0
2022-05-06 00:00:00+09:00,270.0,271.0,268.0,270.0,23100,0.0,0.0
2022-05-09 00:00:00+09:00,270.0,270.0,266.0,268.0,5800,0.0,0.0
2022-05-10 00:00:00+09:00,265.0,266.0,262.0,265.0,18500,0.0,0.0
2022-05-11 00:00:00+09:00,263.0,263.0,260.0,260.0,16000,0.0,0.0
2022-05-12 00:00:00+09:00,260.0,265.0,260.0,260.0,22000,0.0,0.0
2022-05-13 00:00:00+09:00,264.0,269.0,264.0,269.0,26700,0.0,0.0
2022-05-16 00:00:00+09:00,269.0,270.0,261.0,265.0,29300,0.0,0.0
2022-05-17 00:00:00+09:00,264.0,268.0,263.0,267.0,32700,0.0,0.0
2022-05-18 00:00:00+09:00,268.0,276.0,266.0,276.0,91100,0.0,0.0
2022-05-19 00:00:00+09:00,273.0,275.0,270.0,272.0,39900,0.0,0.0
2022-05-20 00:00:00+09:00,272.0,277.0,272.0,275.0,25500,0.0,0.0
2022-05-23 00:00:00+09:00,275.0,275.0,273.0,275.0,23000,0.0,0.0
2022-05-24 00:00:00+09:00,274.0,274.0,270.0,272.0,29200,0.0,0.0
2022-05-25 00:00:00+09:00,269.0,272.0,269.0,271.0,19300,0.0,0.0
2022-05-26 00:00:00+09:00,270.0,272.0,265.0,268.0,55800,0.0,0.0
2022-05-27 00:00:00+09:00,267.0,269.0,267.0,268.0,11400,0.0,0.0
2022-05-30 00:00:00+09:00,268.0,272.0,268.0,271.0,23000,0.0,0.0
2022-05-31 00:00:00+09:00,270.0,271.0,269.0,269.0,6500,0.0,0.0
2022-06-01 00:00:00+09:00,271.0,277.0,270.0,276.0,34400,0.0,0.0
2022-06-02 00:00:00+09:00,276.0,276.0,273.0,275.0,14900,0.0,0.0
2022-06-03 00:00:00+09:00,279.0,279.0,273.0,275.0,36800,0.0,0.0
2022-06-06 00:00:00+09:00,272.0,274.0,272.0,274.0,14400,0.0,0.0
2022-06-07 00:00:00+09:00,274.0,276.0,274.0,275.0,14200,0.0,0.0
2022-06-08 00:00:00+09:00,276.0,279.0,275.0,276.0,28000,0.0,0.0
2022-06-09 00:00:00+09:00,276.0,280.0,275.0,278.0,28900,0.0,0.0
2022-06-10 00:00:00+09:00,277.0,278.0,275.0,276.0,25600,0.0,0.0
2022-06-13 00:00:00+09:00,271.0,276.0,271.0,272.0,26200,0.0,0.0
2022-06-14 00:00:00+09:00,272.0,274.0,270.0,270.0,25600,0.0,0.0
2022-06-15 00:00:00+09:00,270.0,271.0,269.0,271.0,11100,0.0,0.0
2022-06-16 00:00:00+09:00,272.0,272.0,269.0,269.0,17000,0.0,0.0
2022-06-17 00:00:00+09:00,268.0,268.0,264.0,267.0,27300,0.0,0.0
2022-06-20 00:00:00+09:00,269.0,270.0,257.0,262.0,62000,0.0,0.0
2022-06-21 00:00:00+09:00,265.0,268.0,263.0,266.0,35100,0.0,0.0
2022-06-22 00:00:00+09:00,268.0,268.0,263.0,266.0,15000,0.0,0.0
2022-06-23 00:00:00+09:00,266.0,269.0,265.0,268.0,17100,0.0,0.0
2022-06-24 00:00:00+09:00,270.0,270.0,266.0,269.0,45300,0.0,0.0
2022-06-27 00:00:00+09:00,269.0,270.0,267.0,268.0,13000,0.0,0.0
2022-06-28 00:00:00+09:00,268.0,268.0,265.0,267.0,26100,0.0,0.0
2022-06-29 00:00:00+09:00,265.0,269.0,265.0,268.0,13900,0.0,0.0
2022-06-30 00:00:00+09:00,265.0,267.0,265.0,266.0,9600,0.0,0.0
2022-07-01 00:00:00+09:00,267.0,268.0,264.0,266.0,38300,0.0,0.0
2022-07-04 00:00:00+09:00,267.0,268.0,266.0,266.0,29000,0.0,0.0
2022-07-05 00:00:00+09:00,266.0,269.0,266.0,269.0,36100,0.0,0.0
2022-07-06 00:00:00+09:00,268.0,268.0,265.0,265.0,15500,0.0,0.0
2022-07-07 00:00:00+09:00,265.0,267.0,262.0,262.0,38300,0.0,0.0
2022-07-08 00:00:00+09:00,263.0,268.0,262.0,268.0,69700,0.0,0.0
2022-07-11 00:00:00+09:00,269.0,273.0,267.0,273.0,73300,0.0,0.0
2022-07-12 00:00:00+09:00,272.0,272.0,267.0,271.0,22300,0.0,0.0
2022-07-13 00:00:00+09:00,271.0,271.0,267.0,270.0,15700,0.0,0.0
2022-07-14 00:00:00+09:00,268.0,270.0,268.0,269.0,10300,0.0,0.0
2022-07-15 00:00:00+09:00,268.0,271.0,267.0,270.0,17500,0.0,0.0
2022-07-19 00:00:00+09:00,271.0,273.0,270.0,272.0,14800,0.0,0.0
2022-07-20 00:00:00+09:00,273.0,274.0,271.0,272.0,30900,0.0,0.0
2022-07-21 00:00:00+09:00,273.0,274.0,272.0,274.0,14600,0.0,0.0
2022-07-22 00:00:00+09:00,272.0,275.0,272.0,275.0,13200,0.0,0.0
2022-07-25 00:00:00+09:00,275.0,276.0,274.0,276.0,22100,0.0,0.0
2022-07-26 00:00:00+09:00,276.0,276.0,273.0,273.0,26500,0.0,0.0
2022-07-27 00:00:00+09:00,274.0,276.0,273.0,276.0,17100,0.0,0.0
2022-07-28 00:00:00+09:00,275.0,275.0,273.0,274.0,7600,0.0,0.0
2022-07-29 00:00:00+09:00,274.0,275.0,272.0,274.0,16600,0.0,0.0
2022-08-01 00:00:00+09:00,270.0,274.0,266.0,269.0,70000,0.0,0.0
2022-08-02 00:00:00+09:00,269.0,270.0,267.0,270.0,32100,0.0,0.0
2022-08-03 00:00:00+09:00,270.0,271.0,266.0,268.0,31800,0.0,0.0
2022-08-04 00:00:00+09:00,268.0,270.0,265.0,267.0,25400,0.0,0.0
2022-08-05 00:00:00+09:00,267.0,271.0,267.0,270.0,22100,0.0,0.0
2022-08-08 00:00:00+09:00,269.0,270.0,265.0,270.0,18100,0.0,0.0
2022-08-09 00:00:00+09:00,268.0,270.0,267.0,270.0,18200,0.0,0.0
2022-08-10 00:00:00+09:00,270.0,270.0,267.0,268.0,14200,0.0,0.0
2022-08-12 00:00:00+09:00,270.0,270.0,267.0,268.0,24900,0.0,0.0
2022-08-15 00:00:00+09:00,270.0,270.0,268.0,269.0,50600,0.0,0.0
2022-08-16 00:00:00+09:00,269.0,271.0,268.0,271.0,21200,0.0,0.0
2022-08-17 00:00:00+09:00,271.0,275.0,270.0,273.0,44100,0.0,0.0
2022-08-18 00:00:00+09:00,273.0,273.0,270.0,273.0,28600,0.0,0.0
2022-08-19 00:00:00+09:00,273.0,273.0,271.0,273.0,26600,0.0,0.0
2022-08-22 00:00:00+09:00,273.0,273.0,268.0,271.0,48400,0.0,0.0
2022-08-23 00:00:00+09:00,271.0,272.0,270.0,272.0,12000,0.0,0.0
2022-08-24 00:00:00+09:00,271.0,273.0,271.0,273.0,23800,0.0,0.0
2022-08-25 00:00:00+09:00,273.0,280.0,273.0,276.0,32700,0.0,0.0
2022-08-26 00:00:00+09:00,276.0,277.0,275.0,277.0,17300,0.0,0.0
2022-08-29 00:00:00+09:00,274.0,275.0,273.0,274.0,15500,0.0,0.0
2022-08-30 00:00:00+09:00,275.0,277.0,275.0,275.0,16700,0.0,0.0
2022-08-31 00:00:00+09:00,275.0,282.0,275.0,276.0,64400,0.0,0.0
2022-09-01 00:00:00+09:00,276.0,278.0,276.0,276.0,33700,0.0,0.0
2022-09-02 00:00:00+09:00,276.0,276.0,274.0,275.0,13500,0.0,0.0
2022-09-05 00:00:00+09:00,275.0,276.0,273.0,276.0,44500,0.0,0.0
2022-09-06 00:00:00+09:00,276.0,277.0,275.0,277.0,3500,0.0,0.0
2022-09-07 00:00:00+09:00,275.0,276.0,268.0,272.0,44700,0.0,0.0
2022-09-08 00:00:00+09:00,272.0,274.0,271.0,273.0,23900,0.0,0.0
2022-09-09 00:00:00+09:00,273.0,274.0,272.0,274.0,7300,0.0,0.0
2022-09-12 00:00:00+09:00,274.0,276.0,273.0,275.0,37800,0.0,0.0
2022-09-13 00:00:00+09:00,276.0,281.0,276.0,277.0,45900,0.0,0.0
2022-09-14 00:00:00+09:00,276.0,278.0,273.0,275.0,70600,0.0,0.0
2022-09-15 00:00:00+09:00,275.0,278.0,275.0,278.0,11400,0.0,0.0
2022-09-16 00:00:00+09:00,277.0,279.0,275.0,277.0,38300,0.0,0.0
2022-09-20 00:00:00+09:00,279.0,279.0,276.0,277.0,10600,0.0,0.0
2022-09-21 00:00:00+09:00,278.0,278.0,271.0,273.0,55100,0.0,0.0
2022-09-22 00:00:00+09:00,273.0,275.0,273.0,275.0,9400,0.0,0.0
2022-09-26 00:00:00+09:00,271.0,272.0,269.0,270.0,20200,0.0,0.0
2022-09-27 00:00:00+09:00,271.0,278.0,271.0,275.0,35000,0.0,0.0
2022-09-28 00:00:00+09:00,275.0,275.0,269.0,274.0,32900,0.0,0.0
2022-09-29 00:00:00+09:00,270.0,270.0,265.0,269.0,63500,0.0,0.0
2022-09-30 00:00:00+09:00,266.0,267.0,259.0,259.0,75900,0.0,0.0
2022-10-03 00:00:00+09:00,257.0,262.0,257.0,259.0,125700,0.0,0.0
2022-10-04 00:00:00+09:00,264.0,268.0,263.0,267.0,74000,0.0,0.0
2022-10-05 00:00:00+09:00,266.0,270.0,265.0,265.0,39400,0.0,0.0
2022-10-06 00:00:00+09:00,266.0,267.0,265.0,265.0,8900,0.0,0.0
2022-10-07 00:00:00+09:00,265.0,268.0,265.0,265.0,11800,0.0,0.0
2022-10-11 00:00:00+09:00,263.0,266.0,263.0,266.0,10300,0.0,0.0
2022-10-12 00:00:00+09:00,266.0,267.0,262.0,267.0,22200,0.0,0.0
2022-10-13 00:00:00+09:00,266.0,266.0,261.0,265.0,17300,0.0,0.0
2022-10-14 00:00:00+09:00,265.0,268.0,263.0,265.0,30000,0.0,0.0
2022-10-17 00:00:00+09:00,267.0,267.0,265.0,267.0,5900,0.0,0.0
2022-10-18 00:00:00+09:00,268.0,269.0,266.0,269.0,6200,0.0,0.0
2022-10-19 00:00:00+09:00,267.0,268.0,264.0,268.0,11800,0.0,0.0
2022-10-20 00:00:00+09:00,269.0,270.0,266.0,267.0,4400,0.0,0.0
2022-10-21 00:00:00+09:00,265.0,268.0,262.0,268.0,19600,0.0,0.0
2022-10-24 00:00:00+09:00,266.0,268.0,264.0,268.0,28300,0.0,0.0
2022-10-25 00:00:00+09:00,268.0,269.0,267.0,268.0,11000,0.0,0.0
2022-10-26 00:00:00+09:00,269.0,269.0,266.0,268.0,13300,0.0,0.0
2022-10-27 00:00:00+09:00,268.0,268.0,265.0,268.0,21100,0.0,0.0
2022-10-28 00:00:00+09:00,268.0,269.0,267.0,267.0,7200,0.0,0.0
2022-10-31 00:00:00+09:00,267.0,267.0,265.0,266.0,7900,0.0,0.0
2022-11-01 00:00:00+09:00,266.0,268.0,265.0,267.0,7300,0.0,0.0
2022-11-02 00:00:00+09:00,267.0,269.0,265.0,265.0,27000,0.0,0.0
2022-11-04 00:00:00+09:00,264.0,268.0,264.0,267.0,12800,0.0,0.0
2022-11-07 00:00:00+09:00,268.0,269.0,267.0,268.0,10600,0.0,0.0
2022-11-08 00:00:00+09:00,270.0,270.0,268.0,269.0,18900,0.0,0.0
2022-11-09 00:00:00+09:00,271.0,272.0,270.0,272.0,28100,0.0,0.0
2022-11-10 00:00:00+09:00,270.0,276.0,270.0,273.0,46500,0.0,0.0
2022-11-11 00:00:00+09:00,266.0,269.0,265.0,266.0,72300,0.0,0.0
2022-11-14 00:00:00+09:00,266.0,266.0,261.0,263.0,34900,0.0,0.0
2022-11-15 00:00:00+09:00,261.0,265.0,261.0,265.0,25400,0.0,0.0
2022-11-16 00:00:00+09:00,264.0,266.0,263.0,265.0,18200,0.0,0.0
2022-11-17 00:00:00+09:00,266.0,268.0,264.0,268.0,11500,0.0,0.0
2022-11-18 00:00:00+09:00,268.0,268.0,266.0,267.0,6800,0.0,0.0
2022-11-21 00:00:00+09:00,267.0,267.0,265.0,266.0,44000,0.0,0.0
2022-11-22 00:00:00+09:00,266.0,266.0,265.0,265.0,20900,0.0,0.0
2022-11-24 00:00:00+09:00,266.0,267.0,265.0,266.0,110900,0.0,0.0
2022-11-25 00:00:00+09:00,267.0,267.0,265.0,265.0,13300,0.0,0.0
2022-11-28 00:00:00+09:00,266.0,269.0,266.0,266.0,17200,0.0,0.0
2022-11-29 00:00:00+09:00,266.0,266.0,265.0,266.0,9400,0.0,0.0
2022-11-30 00:00:00+09:00,266.0,267.0,265.0,266.0,7000,0.0,0.0
2022-12-01 00:00:00+09:00,267.0,268.0,266.0,267.0,11000,0.0,0.0
2022-12-02 00:00:00+09:00,268.0,268.0,264.0,266.0,34100,0.0,0.0
2022-12-05 00:00:00+09:00,267.0,267.0,264.0,264.0,29300,0.0,0.0
2022-12-06 00:00:00+09:00,265.0,268.0,264.0,268.0,11800,0.0,0.0
2022-12-07 00:00:00+09:00,268.0,268.0,265.0,266.0,13600,0.0,0.0
2022-12-08 00:00:00+09:00,267.0,267.0,264.0,265.0,12200,0.0,0.0
2022-12-09 00:00:00+09:00,264.0,266.0,264.0,265.0,30900,0.0,0.0
2022-12-12 00:00:00+09:00,263.0,264.0,263.0,263.0,180900,0.0,0.0
2022-12-13 00:00:00+09:00,265.0,265.0,264.0,265.0,7400,0.0,0.0
2022-12-14 00:00:00+09:00,263.0,264.0,263.0,263.0,18300,0.0,0.0
2022-12-15 00:00:00+09:00,263.0,264.0,263.0,263.0,70200,0.0,0.0
2022-12-16 00:00:00+09:00,262.0,264.0,262.0,263.0,5300,0.0,0.0
2022-12-19 00:00:00+09:00,262.0,266.0,261.0,266.0,37900,0.0,0.0
2022-12-20 00:00:00+09:00,266.0,267.0,263.0,264.0,32000,0.0,0.0
2022-12-21 00:00:00+09:00,264.0,264.0,261.0,262.0,18600,0.0,0.0
2022-12-22 00:00:00+09:00,263.0,264.0,261.0,264.0,17800,0.0,0.0
2022-12-23 00:00:00+09:00,264.0,264.0,261.0,264.0,41600,0.0,0.0
2022-12-26 00:00:00+09:00,263.0,263.0,259.0,260.0,39200,0.0,0.0
2022-12-27 00:00:00+09:00,259.0,261.0,259.0,260.0,81200,0.0,0.0
2022-12-28 00:00:00+09:00,260.0,261.0,257.0,258.0,165400,0.0,0.0
2022-12-29 00:00:00+09:00,258.0,262.0,258.0,261.0,12000,0.0,0.0
2022-12-30 00:00:00+09:00,262.0,262.0,261.0,262.0,3400,0.0,0.0
2023-01-04 00:00:00+09:00,263.0,264.0,262.0,263.0,18700,0.0,0.0
2023-01-05 00:00:00+09:00,263.0,264.0,261.0,261.0,6000,0.0,0.0
2023-01-06 00:00:00+09:00,261.0,263.0,261.0,262.0,2700,0.0,0.0
2023-01-10 00:00:00+09:00,262.0,264.0,260.0,261.0,7200,0.0,0.0
2023-01-11 00:00:00+09:00,262.0,264.0,262.0,264.0,9000,0.0,0.0
2023-01-12 00:00:00+09:00,264.0,265.0,260.0,263.0,21600,0.0,0.0
2023-01-13 00:00:00+09:00,261.0,264.0,261.0,264.0,10600,0.0,0.0
2023-01-16 00:00:00+09:00,263.0,263.0,260.0,260.0,10100,0.0,0.0
2023-01-17 00:00:00+09:00,261.0,262.0,260.0,261.0,20500,0.0,0.0
2023-01-18 00:00:00+09:00,262.0,263.0,261.0,262.0,9600,0.0,0.0
2023-01-19 00:00:00+09:00,262.0,262.0,261.0,262.0,5500,0.0,0.0
2023-01-20 00:00:00+09:00,262.0,264.0,262.0,262.0,10300,0.0,0.0
2023-01-23 00:00:00+09:00,262.0,264.0,262.0,264.0,11500,0.0,0.0
2023-01-24 00:00:00+09:00,264.0,266.0,264.0,265.0,7100,0.0,0.0
2023-01-25 00:00:00+09:00,265.0,265.0,263.0,265.0,31600,0.0,0.0
2023-01-26 00:00:00+09:00,265.0,266.0,262.0,264.0,12100,0.0,0.0
2023-01-27 00:00:00+09:00,265.0,265.0,262.0,264.0,16100,0.0,0.0
2023-01-30 00:00:00+09:00,264.0,265.0,264.0,265.0,18400,0.0,0.0
2023-01-31 00:00:00+09:00,264.0,266.0,263.0,265.0,20900,0.0,0.0
2023-02-01 00:00:00+09:00,260.0,260.0,252.0,256.0,135500,0.0,0.0
2023-02-02 00:00:00+09:00,256.0,256.0,243.0,249.0,96300,0.0,0.0
2023-02-03 00:00:00+09:00,249.0,250.0,248.0,249.0,23800,0.0,0.0
2023-02-06 00:00:00+09:00,249.0,251.0,249.0,250.0,22600,0.0,0.0
2023-02-07 00:00:00+09:00,250.0,252.0,249.0,250.0,15200,0.0,0.0
2023-02-08 00:00:00+09:00,250.0,252.0,249.0,249.0,36600,0.0,0.0
2023-02-09 00:00:00+09:00,249.0,252.0,249.0,251.0,9200,0.0,0.0
2023-02-10 00:00:00+09:00,251.0,259.0,251.0,253.0,62500,0.0,0.0
2023-02-13 00:00:00+09:00,253.0,254.0,252.0,254.0,10200,0.0,0.0
2023-02-14 00:00:00+09:00,255.0,255.0,251.0,252.0,19900,0.0,0.0
2023-02-15 00:00:00+09:00,251.0,252.0,250.0,252.0,21500,0.0,0.0
2023-02-16 00:00:00+09:00,252.0,254.0,251.0,254.0,18100,0.0,0.0
2023-02-17 00:00:00+09:00,254.0,254.0,250.0,250.0,18300,0.0,0.0
2023-02-20 00:00:00+09:00,250.0,252.0,249.0,252.0,21400,0.0,0.0
2023-02-21 00:00:00+09:00,251.0,253.0,250.0,253.0,81400,0.0,0.0
2023-02-22 00:00:00+09:00,250.0,252.0,250.0,252.0,44900,0.0,0.0
2023-02-24 00:00:00+09:00,252.0,252.0,251.0,251.0,14300,0.0,0.0
2023-02-27 00:00:00+09:00,252.0,254.0,252.0,254.0,34600,0.0,0.0
2023-02-28 00:00:00+09:00,253.0,256.0,253.0,254.0,43800,0.0,0.0
2023-03-01 00:00:00+09:00,256.0,256.0,254.0,255.0,24200,0.0,0.0
2023-03-02 00:00:00+09:00,255.0,257.0,255.0,257.0,14700,0.0,0.0
2023-03-03 00:00:00+09:00,258.0,259.0,258.0,259.0,23800,0.0,0.0
2023-03-06 00:00:00+09:00,260.0,260.0,257.0,257.0,17100,0.0,0.0
2023-03-07 00:00:00+09:00,258.0,259.0,258.0,258.0,11500,0.0,0.0
2023-03-08 00:00:00+09:00,258.0,261.0,258.0,258.0,27200,0.0,0.0
2023-03-09 00:00:00+09:00,260.0,261.0,259.0,260.0,38500,0.0,0.0
2023-03-10 00:00:00+09:00,259.0,260.0,259.0,259.0,75600,0.0,0.0
2023-03-13 00:00:00+09:00,258.0,258.0,255.0,256.0,23600,0.0,0.0
2023-03-14 00:00:00+09:00,255.0,255.0,250.0,254.0,56300,0.0,0.0
2023-03-15 00:00:00+09:00,252.0,255.0,252.0,254.0,3600,0.0,0.0
2023-03-16 00:00:00+09:00,252.0,254.0,248.0,252.0,24200,0.0,0.0
2023-03-17 00:00:00+09:00,251.0,253.0,249.0,253.0,15500,0.0,0.0
2023-03-20 00:00:00+09:00,250.0,252.0,248.0,248.0,24200,0.0,0.0
2023-03-22 00:00:00+09:00,251.0,252.0,249.0,249.0,27600,0.0,0.0
2023-03-23 00:00:00+09:00,249.0,251.0,249.0,250.0,14300,0.0,0.0
2023-03-24 00:00:00+09:00,252.0,252.0,249.0,250.0,13600,0.0,0.0
2023-03-27 00:00:00+09:00,250.0,251.0,249.0,249.0,13400,0.0,0.0
2023-03-28 00:00:00+09:00,250.0,251.0,249.0,249.0,11200,0.0,0.0
2023-03-29 00:00:00+09:00,249.0,253.0,249.0,251.0,15900,0.0,0.0
2023-03-30 00:00:00+09:00,250.0,250.0,248.0,249.0,5400,0.0,0.0
2023-03-31 00:00:00+09:00,249.0,252.0,249.0,252.0,7900,0.0,0.0
2023-04-03 00:00:00+09:00,252.0,252.0,249.0,250.0,17700,0.0,0.0
2023-04-04 00:00:00+09:00,253.0,253.0,251.0,253.0,17700,0.0,0.0
2023-04-05 00:00:00+09:00,251.0,252.0,250.0,251.0,6100,0.0,0.0
2023-04-06 00:00:00+09:00,250.0,251.0,247.0,248.0,27300,0.0,0.0
2023-04-07 00:00:00+09:00,249.0,251.0,249.0,249.0,5300,0.0,0.0
2023-04-10 00:00:00+09:00,250.0,251.0,250.0,250.0,9400,0.0,0.0
2023-04-11 00:00:00+09:00,250.0,251.0,249.0,249.0,14700,0.0,0.0
2023-04-12 00:00:00+09:00,250.0,251.0,249.0,250.0,13300,0.0,0.0
2023-04-13 00:00:00+09:00,250.0,251.0,249.0,249.0,7900,0.0,0.0
2023-04-14 00:00:00+09:00,250.0,250.0,249.0,250.0,8200,0.0,0.0
2023-04-17 00:00:00+09:00,249.0,250.0,248.0,249.0,29000,0.0,0.0
2023-04-18 00:00:00+09:00,248.0,250.0,248.0,250.0,30000,0.0,0.0
2023-04-19 00:00:00+09:00,250.0,250.0,249.0,249.0,16400,0.0,0.0
2023-04-20 00:00:00+09:00,249.0,250.0,248.0,250.0,10100,0.0,0.0
2023-04-21 00:00:00+09:00,250.0,250.0,249.0,249.0,5200,0.0,0.0
2023-04-24 00:00:00+09:00,250.0,251.0,249.0,250.0,21200,0.0,0.0
2023-04-25 00:00:00+09:00,249.0,250.0,249.0,249.0,18000,0.0,0.0
2023-04-26 00:00:00+09:00,250.0,250.0,248.0,250.0,13300,0.0,0.0
2023-04-27 00:00:00+09:00,249.0,250.0,249.0,249.0,11500,0.0,0.0
2023-04-28 00:00:00+09:00,249.0,250.0,247.0,248.0,30800,0.0,0.0
2023-05-01 00:00:00+09:00,248.0,250.0,248.0,248.0,18000,0.0,0.0
2023-05-02 00:00:00+09:00,249.0,250.0,248.0,250.0,11500,0.0,0.0
2023-05-08 00:00:00+09:00,251.0,251.0,249.0,249.0,21900,0.0,0.0
2023-05-09 00:00:00+09:00,251.0,252.0,250.0,251.0,8200,0.0,0.0
2023-05-10 00:00:00+09:00,251.0,252.0,250.0,251.0,9900,0.0,0.0
2023-05-11 00:00:00+09:00,251.0,252.0,250.0,251.0,23700,0.0,0.0
2023-05-12 00:00:00+09:00,250.0,253.0,250.0,252.0,30200,0.0,0.0
2023-05-15 00:00:00+09:00,258.0,260.0,255.0,257.0,101300,0.0,0.0
2023-05-16 00:00:00+09:00,259.0,260.0,258.0,259.0,44100,0.0,0.0
2023-05-17 00:00:00+09:00,258.0,259.0,256.0,258.0,26700,0.0,0.0
2023-05-18 00:00:00+09:00,259.0,259.0,257.0,258.0,30500,0.0,0.0
2023-05-19 00:00:00+09:00,258.0,258.0,254.0,256.0,35600,0.0,0.0
2023-05-22 00:00:00+09:00,258.0,258.0,257.0,258.0,8900,0.0,0.0
2023-05-23 00:00:00+09:00,258.0,260.0,255.0,256.0,29100,0.0,0.0
2023-05-24 00:00:00+09:00,255.0,258.0,255.0,257.0,8500,0.0,0.0
2023-05-25 00:00:00+09:00,260.0,260.0,257.0,259.0,21400,0.0,0.0
2023-05-26 00:00:00+09:00,259.0,259.0,256.0,256.0,12000,0.0,0.0
2023-05-29 00:00:00+09:00,258.0,258.0,255.0,257.0,19500,0.0,0.0
2023-05-30 00:00:00+09:00,256.0,257.0,254.0,256.0,17200,0.0,0.0
2023-05-31 00:00:00+09:00,256.0,259.0,255.0,256.0,17000,0.0,0.0
2023-06-01 00:00:00+09:00,255.0,257.0,255.0,257.0,5800,0.0,0.0
2023-06-02 00:00:00+09:00,258.0,258.0,256.0,257.0,28200,0.0,0.0
2023-06-05 00:00:00+09:00,257.0,268.0,257.0,266.0,138000,0.0,0.0
2023-06-06 00:00:00+09:00,263.0,268.0,263.0,267.0,109300,0.0,0.0
2023-06-07 00:00:00+09:00,267.0,267.0,262.0,264.0,38800,0.0,0.0
2023-06-08 00:00:00+09:00,266.0,269.0,261.0,262.0,34000,0.0,0.0
2023-06-09 00:00:00+09:00,264.0,266.0,263.0,263.0,16800,0.0,0.0
2023-06-12 00:00:00+09:00,268.0,268.0,263.0,265.0,68500,0.0,0.0
2023-06-13 00:00:00+09:00,264.0,267.0,264.0,266.0,24500,0.0,0.0
2023-06-14 00:00:00+09:00,266.0,268.0,266.0,268.0,35100,0.0,0.0
2023-06-15 00:00:00+09:00,262.0,267.0,262.0,265.0,43700,0.0,0.0
2023-06-16 00:00:00+09:00,267.0,272.0,266.0,270.0,70000,0.0,0.0
2023-06-19 00:00:00+09:00,300.0,344.0,295.0,323.0,2287200,0.0,0.0
2023-06-20 00:00:00+09:00,323.0,329.0,311.0,321.0,707600,0.0,0.0
2023-06-21 00:00:00+09:00,315.0,318.0,307.0,310.0,291200,0.0,0.0
2023-06-22 00:00:00+09:00,310.0,314.0,300.0,300.0,237900,0.0,0.0
2023-06-23 00:00:00+09:00,298.0,301.0,289.0,293.0,209000,0.0,0.0
2023-06-26 00:00:00+09:00,293.0,306.0,292.0,299.0,113600,0.0,0.0
2023-06-27 00:00:00+09:00,300.0,306.0,296.0,301.0,60400,0.0,0.0
2023-06-28 00:00:00+09:00,301.0,301.0,297.0,298.0,63600,0.0,0.0
2023-06-29 00:00:00+09:00,301.0,301.0,298.0,300.0,53000,0.0,0.0
2023-06-30 00:00:00+09:00,310.0,310.0,300.0,308.0,184800,0.0,0.0
2023-07-03 00:00:00+09:00,310.0,310.0,306.0,308.0,118100,0.0,0.0
2023-07-04 00:00:00+09:00,307.0,313.0,305.0,311.0,131700,0.0,0.0
2023-07-05 00:00:00+09:00,312.0,319.0,312.0,315.0,238500,0.0,0.0
2023-07-06 00:00:00+09:00,312.0,317.0,303.0,312.0,181000,0.0,0.0
2023-07-07 00:00:00+09:00,309.0,316.0,305.0,314.0,108200,0.0,0.0
2023-07-10 00:00:00+09:00,312.0,316.0,309.0,312.0,67900,0.0,0.0
2023-07-11 00:00:00+09:00,313.0,314.0,302.0,305.0,106300,0.0,0.0
2023-07-12 00:00:00+09:00,306.0,307.0,301.0,303.0,84600,0.0,0.0
2023-07-13 00:00:00+09:00,303.0,308.0,302.0,306.0,36400,0.0,0.0
2023-07-14 00:00:00+09:00,310.0,310.0,299.0,300.0,100000,0.0,0.0
2023-07-18 00:00:00+09:00,304.0,305.0,301.0,303.0,28400,0.0,0.0
2023-07-19 00:00:00+09:00,306.0,308.0,304.0,304.0,69200,0.0,0.0
2023-07-20 00:00:00+09:00,308.0,314.0,305.0,313.0,74300,0.0,0.0
2023-07-21 00:00:00+09:00,314.0,314.0,311.0,314.0,46700,0.0,0.0
2023-07-24 00:00:00+09:00,315.0,317.0,312.0,315.0,44700,0.0,0.0
2023-07-25 00:00:00+09:00,315.0,315.0,310.0,312.0,39700,0.0,0.0
2023-07-26 00:00:00+09:00,313.0,313.0,309.0,310.0,53600,0.0,0.0
2023-07-27 00:00:00+09:00,315.0,323.0,313.0,321.0,233800,0.0,0.0
2023-07-28 00:00:00+09:00,319.0,323.0,316.0,323.0,92400,0.0,0.0
2023-07-31 00:00:00+09:00,324.0,327.0,318.0,327.0,222200,0.0,0.0
2023-08-01 00:00:00+09:00,325.0,327.0,308.0,318.0,265700,0.0,0.0
2023-08-02 00:00:00+09:00,318.0,321.0,313.0,314.0,81200,0.0,0.0
2023-08-03 00:00:00+09:00,314.0,314.0,308.0,310.0,86300,0.0,0.0
2023-08-04 00:00:00+09:00,310.0,311.0,301.0,306.0,102600,0.0,0.0
2023-08-07 00:00:00+09:00,306.0,311.0,305.0,311.0,132700,0.0,0.0
2023-08-08 00:00:00+09:00,312.0,315.0,305.0,306.0,64700,0.0,0.0
2023-08-09 00:00:00+09:00,306.0,307.0,302.0,306.0,42700,0.0,0.0
2023-08-10 00:00:00+09:00,307.0,312.0,305.0,311.0,74000,0.0,0.0
2023-08-14 00:00:00+09:00,311.0,313.0,298.0,302.0,107500,0.0,0.0
2023-08-15 00:00:00+09:00,303.0,303.0,301.0,302.0,60800,0.0,0.0
2023-08-16 00:00:00+09:00,303.0,305.0,296.0,298.0,94100,0.0,0.0
2023-08-17 00:00:00+09:00,298.0,301.0,292.0,299.0,61800,0.0,0.0
2023-08-18 00:00:00+09:00,299.0,301.0,298.0,299.0,17900,0.0,0.0
2023-08-21 00:00:00+09:00,301.0,303.0,300.0,300.0,35300,0.0,0.0
2023-08-22 00:00:00+09:00,302.0,303.0,300.0,302.0,86200,0.0,0.0
2023-08-23 00:00:00+09:00,302.0,304.0,301.0,304.0,10100,0.0,0.0
2023-08-24 00:00:00+09:00,305.0,305.0,302.0,305.0,56800,0.0,0.0
2023-08-25 00:00:00+09:00,305.0,305.0,301.0,302.0,45000,0.0,0.0
2023-08-28 00:00:00+09:00,304.0,305.0,303.0,304.0,30200,0.0,0.0
2023-08-29 00:00:00+09:00,306.0,306.0,303.0,304.0,14400,0.0,0.0
2023-08-30 00:00:00+09:00,306.0,308.0,304.0,305.0,28600,0.0,0.0
2023-08-31 00:00:00+09:00,306.0,311.0,306.0,311.0,63900,0.0,0.0
2023-09-01 00:00:00+09:00,310.0,313.0,310.0,311.0,78200,0.0,0.0
2023-09-04 00:00:00+09:00,313.0,315.0,313.0,314.0,54800,0.0,0.0
2023-09-05 00:00:00+09:00,315.0,315.0,311.0,313.0,39800,0.0,0.0
2023-09-06 00:00:00+09:00,314.0,315.0,311.0,315.0,65300,0.0,0.0
2023-09-07 00:00:00+09:00,313.0,317.0,313.0,316.0,71100,0.0,0.0
2023-09-08 00:00:00+09:00,316.0,317.0,314.0,316.0,51000,0.0,0.0
2023-09-11 00:00:00+09:00,316.0,318.0,312.0,315.0,35200,0.0,0.0
2023-09-12 00:00:00+09:00,313.0,314.0,311.0,313.0,37900,0.0,0.0
2023-09-13 00:00:00+09:00,315.0,316.0,313.0,313.0,91200,0.0,0.0
2023-09-14 00:00:00+09:00,315.0,316.0,310.0,316.0,54500,0.0,0.0
2023-09-15 00:00:00+09:00,321.0,326.0,320.0,323.0,301800,0.0,0.0
2023-09-19 00:00:00+09:00,325.0,327.0,322.0,324.0,161700,0.0,0.0
2023-09-20 00:00:00+09:00,326.0,335.0,324.0,332.0,175200,0.0,0.0
2023-09-21 00:00:00+09:00,331.0,332.0,328.0,328.0,166300,0.0,0.0
2023-09-22 00:00:00+09:00,328.0,335.0,320.0,335.0,199700,0.0,0.0
2023-09-25 00:00:00+09:00,336.0,341.0,334.0,340.0,107700,0.0,0.0
2023-09-26 00:00:00+09:00,340.0,340.0,334.0,335.0,66100,0.0,0.0
2023-09-27 00:00:00+09:00,330.0,335.0,329.0,332.0,60500,0.0,0.0
2023-09-28 00:00:00+09:00,332.0,341.0,332.0,338.0,72100,0.0,0.0
2023-09-29 00:00:00+09:00,338.0,338.0,328.0,329.0,80100,0.0,0.0
2023-10-02 00:00:00+09:00,328.0,334.0,324.0,324.0,63100,0.0,0.0
2023-10-03 00:00:00+09:00,323.0,323.0,308.0,308.0,145600,0.0,0.0
2023-10-04 00:00:00+09:00,300.0,307.0,299.0,302.0,151200,0.0,0.0
2023-10-05 00:00:00+09:00,303.0,310.0,303.0,310.0,59900,0.0,0.0
2023-10-06 00:00:00+09:00,308.0,310.0,302.0,310.0,39600,0.0,0.0
2023-10-10 00:00:00+09:00,313.0,314.0,309.0,314.0,32300,0.0,0.0
2023-10-11 00:00:00+09:00,316.0,316.0,306.0,307.0,59500,0.0,0.0
2023-10-12 00:00:00+09:00,308.0,311.0,307.0,307.0,20400,0.0,0.0
2023-10-13 00:00:00+09:00,305.0,307.0,302.0,303.0,77000,0.0,0.0
2023-10-16 00:00:00+09:00,303.0,303.0,299.0,300.0,34100,0.0,0.0
2023-10-17 00:00:00+09:00,302.0,304.0,299.0,299.0,31900,0.0,0.0
2023-10-18 00:00:00+09:00,300.0,304.0,300.0,303.0,44700,0.0,0.0
2023-10-19 00:00:00+09:00,303.0,303.0,299.0,302.0,40600,0.0,0.0
2023-10-20 00:00:00+09:00,301.0,302.0,298.0,301.0,34300,0.0,0.0
2023-10-23 00:00:00+09:00,299.0,301.0,292.0,294.0,90600,0.0,0.0
2023-10-24 00:00:00+09:00,293.0,295.0,285.0,294.0,148200,0.0,0.0
2023-10-25 00:00:00+09:00,298.0,299.0,296.0,299.0,37800,0.0,0.0
2023-10-26 00:00:00+09:00,295.0,297.0,293.0,295.0,37500,0.0,0.0
2023-10-27 00:00:00+09:00,294.0,302.0,294.0,302.0,55900,0.0,0.0
2023-10-30 00:00:00+09:00,304.0,306.0,297.0,299.0,47200,0.0,0.0
2023-10-31 00:00:00+09:00,301.0,306.0,297.0,306.0,135700,0.0,0.0
2023-11-01 00:00:00+09:00,312.0,319.0,308.0,316.0,306500,0.0,0.0
2023-11-02 00:00:00+09:00,316.0,318.0,311.0,314.0,92100,0.0,0.0
2023-11-06 00:00:00+09:00,316.0,317.0,313.0,313.0,51300,0.0,0.0
2023-11-07 00:00:00+09:00,314.0,315.0,312.0,312.0,38500,0.0,0.0
2023-11-08 00:00:00+09:00,312.0,312.0,302.0,306.0,96800,0.0,0.0
2023-11-09 00:00:00+09:00,306.0,309.0,302.0,309.0,21000,0.0,0.0
2023-11-10 00:00:00+09:00,308.0,310.0,305.0,307.0,51400,0.0,0.0
2023-11-13 00:00:00+09:00,310.0,310.0,306.0,307.0,41200,0.0,0.0
2023-11-14 00:00:00+09:00,308.0,310.0,306.0,307.0,26100,0.0,0.0
2023-11-15 00:00:00+09:00,311.0,311.0,306.0,308.0,22200,0.0,0.0
2023-11-16 00:00:00+09:00,307.0,309.0,304.0,305.0,19500,0.0,0.0
2023-11-17 00:00:00+09:00,306.0,308.0,305.0,307.0,23700,0.0,0.0
2023-11-20 00:00:00+09:00,310.0,310.0,301.0,305.0,75900,0.0,0.0
2023-11-21 00:00:00+09:00,304.0,307.0,304.0,307.0,35700,0.0,0.0
2023-11-22 00:00:00+09:00,304.0,308.0,304.0,308.0,29500,0.0,0.0
2023-11-24 00:00:00+09:00,309.0,313.0,306.0,312.0,56000,0.0,0.0
2023-11-27 00:00:00+09:00,315.0,316.0,311.0,312.0,60000,0.0,0.0
2023-11-28 00:00:00+09:00,313.0,315.0,312.0,315.0,32900,0.0,0.0
2023-11-29 00:00:00+09:00,313.0,316.0,311.0,311.0,33500,0.0,0.0
2023-11-30 00:00:00+09:00,311.0,314.0,310.0,314.0,23100,0.0,0.0
2023-12-01 00:00:00+09:00,316.0,316.0,312.0,313.0,28600,0.0,0.0
2023-12-04 00:00:00+09:00,314.0,314.0,312.0,314.0,21700,0.0,0.0
2023-12-05 00:00:00+09:00,312.0,315.0,310.0,310.0,24800,0.0,0.0
2023-12-06 00:00:00+09:00,313.0,313.0,309.0,311.0,46900,0.0,0.0
2023-12-07 00:00:00+09:00,310.0,311.0,309.0,309.0,31900,0.0,0.0
2023-12-08 00:00:00+09:00,308.0,308.0,300.0,300.0,71900,0.0,0.0
2023-12-11 00:00:00+09:00,302.0,305.0,301.0,304.0,55200,0.0,0.0
2023-12-12 00:00:00+09:00,305.0,306.0,300.0,301.0,35000,0.0,0.0
2023-12-13 00:00:00+09:00,301.0,306.0,301.0,306.0,34000,0.0,0.0
2023-12-14 00:00:00+09:00,304.0,304.0,295.0,299.0,54600,0.0,0.0
2023-12-15 00:00:00+09:00,299.0,301.0,298.0,301.0,23900,0.0,0.0
2023-12-18 00:00:00+09:00,301.0,301.0,300.0,301.0,53000,0.0,0.0
2023-12-19 00:00:00+09:00,300.0,305.0,300.0,304.0,73600,0.0,0.0
2023-12-20 00:00:00+09:00,302.0,306.0,302.0,305.0,115600,0.0,0.0
2023-12-21 00:00:00+09:00,303.0,305.0,302.0,304.0,26200,0.0,0.0
2023-12-22 00:00:00+09:00,305.0,305.0,302.0,304.0,24000,0.0,0.0
2023-12-25 00:00:00+09:00,304.0,304.0,301.0,301.0,52500,0.0,0.0
2023-12-26 00:00:00+09:00,301.0,302.0,298.0,300.0,39800,0.0,0.0
2023-12-27 00:00:00+09:00,301.0,303.0,300.0,303.0,95800,0.0,0.0
2023-12-28 00:00:00+09:00,302.0,304.0,301.0,304.0,30600,0.0,0.0
2023-12-29 00:00:00+09:00,304.0,306.0,303.0,305.0,30300,0.0,0.0
2024-01-04 00:00:00+09:00,305.0,313.0,304.0,311.0,68400,0.0,0.0
2024-01-05 00:00:00+09:00,312.0,314.0,312.0,314.0,41000,0.0,0.0
2024-01-09 00:00:00+09:00,315.0,317.0,314.0,315.0,61600,0.0,0.0
2024-01-10 00:00:00+09:00,314.0,317.0,313.0,316.0,39100,0.0,0.0
2024-01-11 00:00:00+09:00,317.0,318.0,315.0,315.0,41100,0.0,0.0
2024-01-12 00:00:00+09:00,314.0,315.0,311.0,313.0,45300,0.0,0.0
2024-01-15 00:00:00+09:00,311.0,313.0,311.0,313.0,14900,0.0,0.0
2024-01-16 00:00:00+09:00,311.0,317.0,311.0,314.0,21600,0.0,0.0
2024-01-17 00:00:00+09:00,314.0,318.0,313.0,315.0,37600,0.0,0.0
2024-01-18 00:00:00+09:00,317.0,324.0,315.0,323.0,127400,0.0,0.0
2024-01-19 00:00:00+09:00,320.0,324.0,319.0,323.0,86600,0.0,0.0
2024-01-22 00:00:00+09:00,325.0,331.0,325.0,330.0,150400,0.0,0.0
2024-01-23 00:00:00+09:00,329.0,331.0,327.0,327.0,71900,0.0,0.0
2024-01-24 00:00:00+09:00,329.0,335.0,327.0,335.0,165900,0.0,0.0
2024-01-25 00:00:00+09:00,333.0,335.0,332.0,332.0,70300,0.0,0.0
2024-01-26 00:00:00+09:00,331.0,333.0,328.0,333.0,73700,0.0,0.0
2024-01-29 00:00:00+09:00,335.0,341.0,335.0,338.0,163600,0.0,0.0
2024-01-30 00:00:00+09:00,346.0,347.0,341.0,344.0,200700,0.0,0.0
2024-01-31 00:00:00+09:00,344.0,355.0,344.0,355.0,371000,0.0,0.0
2024-02-01 00:00:00+09:00,355.0,374.0,349.0,368.0,657700,0.0,0.0
2024-02-02 00:00:00+09:00,375.0,380.0,366.0,366.0,260200,0.0,0.0
2024-02-05 00:00:00+09:00,370.0,377.0,365.0,367.0,136100,0.0,0.0
2024-02-06 00:00:00+09:00,367.0,376.0,367.0,370.0,187500,0.0,0.0
2024-02-07 00:00:00+09:00,371.0,379.0,371.0,376.0,100200,0.0,0.0
2024-02-08 00:00:00+09:00,373.0,381.0,369.0,379.0,134600,0.0,0.0
2024-02-09 00:00:00+09:00,375.0,380.0,368.0,368.0,72700,0.0,0.0
2024-02-13 00:00:00+09:00,371.0,371.0,351.0,354.0,232400,0.0,0.0
2024-02-14 00:00:00+09:00,354.0,357.0,346.0,352.0,76700,0.0,0.0
2024-02-15 00:00:00+09:00,351.0,355.0,347.0,352.0,94400,0.0,0.0
2024-02-16 00:00:00+09:00,353.0,358.0,351.0,354.0,66900,0.0,0.0
2024-02-19 00:00:00+09:00,356.0,367.0,356.0,367.0,106500,0.0,0.0
2024-02-20 00:00:00+09:00,366.0,366.0,359.0,361.0,76300,0.0,0.0
2024-02-21 00:00:00+09:00,361.0,366.0,360.0,366.0,42500,0.0,0.0
2024-02-22 00:00:00+09:00,367.0,368.0,364.0,364.0,59300,0.0,0.0
2024-02-26 00:00:00+09:00,370.0,378.0,370.0,374.0,116600,0.0,0.0
2024-02-27 00:00:00+09:00,370.0,375.0,370.0,371.0,98800,0.0,0.0
2024-02-28 00:00:00+09:00,373.0,392.0,373.0,385.0,206000,0.0,0.0
2024-02-29 00:00:00+09:00,385.0,389.0,381.0,385.0,84800,0.0,0.0
2024-03-01 00:00:00+09:00,384.0,384.0,378.0,380.0,79800,0.0,0.0
2024-03-04 00:00:00+09:00,385.0,385.0,376.0,383.0,63600,0.0,0.0
2024-03-05 00:00:00+09:00,382.0,388.0,380.0,387.0,67200,0.0,0.0
2024-03-06 00:00:00+09:00,385.0,401.0,384.0,399.0,156300,0.0,0.0
2024-03-07 00:00:00+09:00,400.0,402.0,390.0,396.0,116500,0.0,0.0
2024-03-08 00:00:00+09:00,390.0,393.0,382.0,382.0,103000,0.0,0.0
2024-03-11 00:00:00+09:00,377.0,377.0,363.0,367.0,223800,0.0,0.0
2024-03-12 00:00:00+09:00,366.0,369.0,359.0,369.0,130700,0.0,0.0
2024-03-13 00:00:00+09:00,372.0,374.0,360.0,361.0,151900,0.0,0.0
2024-03-14 00:00:00+09:00,361.0,367.0,360.0,365.0,34700,0.0,0.0
2024-03-15 00:00:00+09:00,366.0,367.0,361.0,362.0,58200,0.0,0.0
2024-03-18 00:00:00+09:00,363.0,371.0,360.0,369.0,204200,0.0,0.0
2024-03-19 00:00:00+09:00,368.0,373.0,365.0,373.0,66800,0.0,0.0
2024-03-21 00:00:00+09:00,379.0,379.0,373.0,377.0,139300,0.0,0.0
2024-03-22 00:00:00+09:00,380.0,384.0,376.0,382.0,113700,0.0,0.0
2024-03-25 00:00:00+09:00,383.0,390.0,383.0,387.0,91000,0.0,0.0
2024-03-26 00:00:00+09:00,385.0,385.0,380.0,383.0,53100,0.0,0.0
2024-03-27 00:00:00+09:00,385.0,388.0,382.0,386.0,93400,0.0,0.0
2024-03-28 00:00:00+09:00,380.0,380.0,371.0,374.0,87000,0.0,0.0
2024-03-29 00:00:00+09:00,376.0,377.0,368.0,373.0,49300,0.0,0.0
2024-04-01 00:00:00+09:00,375.0,377.0,361.0,362.0,120100,0.0,0.0
2024-04-02 00:00:00+09:00,361.0,362.0,350.0,353.0,154400,0.0,0.0
2024-04-03 00:00:00+09:00,348.0,355.0,346.0,355.0,95800,0.0,0.0
2024-04-04 00:00:00+09:00,355.0,355.0,349.0,353.0,36300,0.0,0.0
2024-04-05 00:00:00+09:00,347.0,350.0,341.0,345.0,89100,0.0,0.0
2024-04-08 00:00:00+09:00,351.0,351.0,346.0,347.0,72400,0.0,0.0
2024-04-09 00:00:00+09:00,348.0,354.0,348.0,354.0,48900,0.0,0.0
2024-04-10 00:00:00+09:00,354.0,364.0,354.0,361.0,85700,0.0,0.0
2024-04-11 00:00:00+09:00,363.0,376.0,361.0,369.0,224800,0.0,0.0
2024-04-12 00:00:00+09:00,369.0,381.0,366.0,376.0,114300,0.0,0.0
2024-04-15 00:00:00+09:00,375.0,375.0,365.0,367.0,87300,0.0,0.0
2024-04-16 00:00:00+09:00,362.0,365.0,351.0,354.0,122800,0.0,0.0
2024-04-17 00:00:00+09:00,355.0,358.0,348.0,348.0,126200,0.0,0.0
2024-04-18 00:00:00+09:00,349.0,354.0,349.0,350.0,72600,0.0,0.0
2024-04-19 00:00:00+09:00,350.0,353.0,342.0,349.0,148500,0.0,0.0
2024-04-22 00:00:00+09:00,353.0,355.0,350.0,354.0,37300,0.0,0.0
2024-04-23 00:00:00+09:00,355.0,355.0,349.0,353.0,37000,0.0,0.0
2024-04-24 00:00:00+09:00,354.0,355.0,351.0,355.0,42900,0.0,0.0
2024-04-25 00:00:00+09:00,353.0,353.0,348.0,348.0,43600,0.0,0.0
2024-04-26 00:00:00+09:00,347.0,347.0,338.0,341.0,83700,0.0,0.0
2024-04-30 00:00:00+09:00,345.0,349.0,344.0,345.0,61300,0.0,0.0
2024-05-01 00:00:00+09:00,344.0,344.0,340.0,343.0,29800,0.0,0.0
2024-05-02 00:00:00+09:00,342.0,345.0,339.0,345.0,47100,0.0,0.0
2024-05-07 00:00:00+09:00,345.0,348.0,342.0,348.0,62200,0.0,0.0
2024-05-08 00:00:00+09:00,347.0,349.0,346.0,348.0,49300,0.0,0.0
2024-05-09 00:00:00+09:00,330.0,333.0,319.0,321.0,405300,0.0,0.0
2024-05-10 00:00:00+09:00,323.0,325.0,315.0,319.0,266500,0.0,0.0
2024-05-13 00:00:00+09:00,320.0,323.0,317.0,322.0,115300,0.0,0.0
2024-05-14 00:00:00+09:00,320.0,320.0,309.0,312.0,258000,0.0,0.0
2024-05-15 00:00:00+09:00,312.0,316.0,310.0,310.0,56000,0.0,0.0
2024-05-16 00:00:00+09:00,310.0,311.0,303.0,307.0,189200,0.0,0.0
2024-05-17 00:00:00+09:00,306.0,310.0,306.0,309.0,20500,0.0,0.0
2024-05-20 00:00:00+09:00,312.0,314.0,311.0,313.0,27900,0.0,0.0
2024-05-21 00:00:00+09:00,313.0,313.0,308.0,309.0,283200,0.0,0.0
2024-05-22 00:00:00+09:00,309.0,310.0,306.0,307.0,82100,0.0,0.0
2024-05-23 00:00:00+09:00,309.0,311.0,305.0,311.0,50000,0.0,0.0
2024-05-24 00:00:00+09:00,309.0,309.0,307.0,307.0,29400,0.0,0.0
2024-05-27 00:00:00+09:00,308.0,311.0,307.0,311.0,28300,0.0,0.0
2024-05-28 00:00:00+09:00,311.0,314.0,310.0,311.0,49100,0.0,0.0
2024-05-29 00:00:00+09:00,312.0,312.0,305.0,307.0,101600,0.0,0.0
2024-05-30 00:00:00+09:00,306.0,307.0,304.0,306.0,36600,0.0,0.0
2024-05-31 00:00:00+09:00,306.0,309.0,305.0,308.0,49600,0.0,0.0
2024-06-03 00:00:00+09:00,311.0,312.0,310.0,312.0,33200,0.0,0.0
2024-06-04 00:00:00+09:00,312.0,312.0,309.0,309.0,74900,0.0,0.0
2024-06-05 00:00:00+09:00,311.0,311.0,308.0,308.0,26400,0.0,0.0
2024-06-06 00:00:00+09:00,309.0,309.0,304.0,306.0,47300,0.0,0.0
2024-06-07 00:00:00+09:00,306.0,306.0,302.0,303.0,53900,0.0,0.0
2024-06-10 00:00:00+09:00,303.0,308.0,303.0,306.0,23500,0.0,0.0
2024-06-11 00:00:00+09:00,305.0,308.0,305.0,306.0,11600,0.0,0.0
2024-06-12 00:00:00+09:00,306.0,307.0,304.0,306.0,24400,0.0,0.0
2024-06-13 00:00:00+09:00,306.0,306.0,302.0,302.0,47700,0.0,0.0
2024-06-14 00:00:00+09:00,304.0,306.0,303.0,305.0,25800,0.0,0.0
2024-06-17 00:00:00+09:00,307.0,308.0,303.0,305.0,63300,0.0,0.0
2024-06-18 00:00:00+09:00,306.0,307.0,304.0,306.0,16100,0.0,0.0
2024-06-19 00:00:00+09:00,307.0,309.0,305.0,309.0,16600,0.0,0.0
2024-06-20 00:00:00+09:00,309.0,311.0,308.0,311.0,34600,0.0,0.0
2024-06-21 00:00:00+09:00,312.0,313.0,310.0,312.0,18300,0.0,0.0
2024-06-24 00:00:00+09:00,313.0,313.0,309.0,311.0,28700,0.0,0.0
2024-06-25 00:00:00+09:00,312.0,314.0,311.0,312.0,38400,0.0,0.0
2024-06-26 00:00:00+09:00,314.0,315.0,308.0,312.0,55200,0.0,0.0
2024-06-27 00:00:00+09:00,312.0,316.0,312.0,315.0,21300,0.0,0.0
2024-06-28 00:00:00+09:00,317.0,317.0,314.0,316.0,27300,0.0,0.0
2024-07-01 00:00:00+09:00,317.0,320.0,317.0,320.0,36300,0.0,0.0
2024-07-02 00:00:00+09:00,320.0,321.0,319.0,320.0,38900,0.0,0.0
2024-07-03 00:00:00+09:00,321.0,327.0,321.0,327.0,72500,0.0,0.0
2024-07-04 00:00:00+09:00,328.0,328.0,326.0,328.0,33500,0.0,0.0
2024-07-05 00:00:00+09:00,328.0,328.0,321.0,323.0,31400,0.0,0.0
2024-07-08 00:00:00+09:00,326.0,326.0,321.0,322.0,30400,0.0,0.0
2024-07-09 00:00:00+09:00,323.0,323.0,319.0,320.0,48900,0.0,0.0
2024-07-10 00:00:00+09:00,320.0,322.0,319.0,319.0,16400,0.0,0.0
2024-07-11 00:00:00+09:00,321.0,324.0,319.0,322.0,30600,0.0,0.0
2024-07-12 00:00:00+09:00,320.0,321.0,317.0,317.0,42500,0.0,0.0
2024-07-16 00:00:00+09:00,317.0,319.0,315.0,319.0,76300,0.0,0.0
2024-07-17 00:00:00+09:00,319.0,322.0,318.0,322.0,36700,0.0,0.0
2024-07-18 00:00:00+09:00,321.0,321.0,316.0,317.0,29700,0.0,0.0
2024-07-19 00:00:00+09:00,320.0,320.0,312.0,314.0,49800,0.0,0.0
2024-07-22 00:00:00+09:00,315.0,315.0,311.0,311.0,30500,0.0,0.0
2024-07-23 00:00:00+09:00,314.0,315.0,312.0,312.0,13900,0.0,0.0
2024-07-24 00:00:00+09:00,312.0,314.0,311.0,312.0,14700,0.0,0.0
2024-07-25 00:00:00+09:00,312.0,312.0,305.0,306.0,77600,0.0,0.0
2024-07-26 00:00:00+09:00,306.0,308.0,304.0,305.0,32400,0.0,0.0
2024-07-29 00:00:00+09:00,306.0,309.0,306.0,306.0,19500,0.0,0.0
2024-07-30 00:00:00+09:00,307.0,309.0,305.0,307.0,21000,0.0,0.0
2024-07-31 00:00:00+09:00,308.0,309.0,306.0,309.0,23800,0.0,0.0
2024-08-01 00:00:00+09:00,309.0,309.0,304.0,307.0,75900,0.0,0.0
2024-08-02 00:00:00+09:00,290.0,290.0,279.0,283.0,267900,0.0,0.0
