Date,Open,High,Low,Close,Volume,Dividends,Stock Splits
2018-11-29 00:00:00+09:00,7200.0,7500.0,5600.0,6525.0,8629824,0.0,0.0
2018-11-30 00:00:00+09:00,6650.0,7250.0,6375.0,6425.0,2430724,0.0,0.0
2018-12-03 00:00:00+09:00,6500.0,6550.0,6050.0,6200.0,827446,0.0,0.0
2018-12-04 00:00:00+09:00,6200.0,6300.0,5900.0,6100.0,773044,0.0,0.0
2018-12-05 00:00:00+09:00,6000.0,6225.0,5900.0,5975.0,462530,0.0,0.0
2018-12-06 00:00:00+09:00,6000.0,6125.0,5800.0,5825.0,382092,0.0,0.0
2018-12-07 00:00:00+09:00,5950.0,5950.0,5475.0,5575.0,523134,0.0,0.0
2018-12-10 00:00:00+09:00,5500.0,5600.0,5300.0,5400.0,367438,0.0,0.0
2018-12-11 00:00:00+09:00,5450.0,5550.0,5150.0,5425.0,569856,0.0,0.0
2018-12-12 00:00:00+09:00,5425.0,5700.0,5275.0,5375.0,466430,0.0,0.0
2018-12-13 00:00:00+09:00,5450.0,5625.0,5350.0,5525.0,552704,0.0,0.0
2018-12-14 00:00:00+09:00,5475.0,5475.0,5000.0,5025.0,565422,0.0,0.0
2018-12-17 00:00:00+09:00,4985.0,5075.0,4750.0,4780.0,355258,0.0,0.0
2018-12-18 00:00:00+09:00,4625.0,4720.0,4495.0,4540.0,433216,0.0,0.0
2018-12-19 00:00:00+09:00,4575.0,4675.0,4500.0,4585.0,241866,0.0,0.0
2018-12-20 00:00:00+09:00,4565.0,4835.0,4510.0,4625.0,245456,0.0,0.0
2018-12-21 00:00:00+09:00,4605.0,4855.0,4575.0,4735.0,258042,0.0,0.0
2018-12-24 00:00:00+09:00,4735.0,4890.0,4705.0,4765.0,162940,0.0,0.0
2018-12-26 00:00:00+09:00,4615.0,4680.0,4495.0,4500.0,193356,0.0,0.0
2018-12-27 00:00:00+09:00,4550.0,4625.0,4515.0,4515.0,98052,0.0,0.0
2018-12-28 00:00:00+09:00,4580.0,4795.0,4545.0,4725.0,174836,0.0,0.0
2019-01-02 00:00:00+09:00,4850.0,4855.0,4620.0,4710.0,95906,0.0,0.0
2019-01-03 00:00:00+09:00,4700.0,4780.0,4545.0,4575.0,126764,0.0,0.0
2019-01-04 00:00:00+09:00,4525.0,4955.0,4465.0,4760.0,155800,0.0,0.0
2019-01-07 00:00:00+09:00,4805.0,4845.0,4700.0,4705.0,111976,0.0,0.0
2019-01-08 00:00:00+09:00,4705.0,4735.0,4615.0,4635.0,65960,0.0,0.0
2019-01-09 00:00:00+09:00,4645.0,4815.0,4625.0,4740.0,133426,0.0,0.0
2019-01-10 00:00:00+09:00,4835.0,5025.0,4725.0,4745.0,589548,0.0,0.0
2019-01-11 00:00:00+09:00,4815.0,4915.0,4730.0,4825.0,273708,0.0,0.0
2019-01-14 00:00:00+09:00,4865.0,4990.0,4795.0,4850.0,223074,0.0,0.0
2019-01-15 00:00:00+09:00,4860.0,4885.0,4780.0,4795.0,107496,0.0,0.0
2019-01-16 00:00:00+09:00,4790.0,4800.0,4690.0,4725.0,125398,0.0,0.0
2019-01-17 00:00:00+09:00,4730.0,4775.0,4625.0,4670.0,96610,0.0,0.0
2019-01-18 00:00:00+09:00,4675.0,4675.0,4595.0,4640.0,101842,0.0,0.0
2019-01-21 00:00:00+09:00,4670.0,4815.0,4650.0,4775.0,249476,0.0,0.0
2019-01-22 00:00:00+09:00,4920.0,4925.0,4770.0,4855.0,300184,0.0,0.0
2019-01-23 00:00:00+09:00,4850.0,4915.0,4785.0,4825.0,224002,0.0,0.0
2019-01-24 00:00:00+09:00,4850.0,4910.0,4805.0,4825.0,117032,0.0,0.0
2019-01-25 00:00:00+09:00,4825.0,5075.0,4820.0,5050.0,545692,0.0,0.0
2019-01-28 00:00:00+09:00,5025.0,5225.0,4990.0,5075.0,421216,0.0,0.0
2019-01-29 00:00:00+09:00,5100.0,6200.0,5025.0,5900.0,7035598,0.0,0.0
2019-01-30 00:00:00+09:00,5825.0,6675.0,5800.0,6400.0,3334884,0.0,0.0
2019-01-31 00:00:00+09:00,6375.0,6625.0,6300.0,6375.0,1244410,0.0,0.0
2019-02-01 00:00:00+09:00,6475.0,7225.0,6475.0,6900.0,3399216,0.0,0.0
2019-02-07 00:00:00+09:00,6900.0,7000.0,6625.0,6950.0,788246,0.0,0.0
2019-02-08 00:00:00+09:00,6850.0,6925.0,6525.0,6700.0,511680,0.0,0.0
2019-02-11 00:00:00+09:00,6700.0,6925.0,6650.0,6775.0,428056,0.0,0.0
2019-02-12 00:00:00+09:00,6775.0,7100.0,6700.0,7075.0,799026,0.0,0.0
2019-02-13 00:00:00+09:00,7250.0,8700.0,7000.0,8200.0,6269762,0.0,0.0
2019-02-14 00:00:00+09:00,8175.0,8425.0,7875.0,8125.0,1244028,0.0,0.0
2019-02-15 00:00:00+09:00,8175.0,8300.0,7500.0,7725.0,1226632,0.0,0.0
2019-02-18 00:00:00+09:00,7725.0,8075.0,7575.0,7825.0,958994,0.0,0.0
2019-02-19 00:00:00+09:00,7825.0,8000.0,7550.0,7825.0,557254,0.0,0.0
2019-02-20 00:00:00+09:00,7875.0,8275.0,7725.0,7900.0,935448,0.0,0.0
2019-02-21 00:00:00+09:00,7950.0,8325.0,7850.0,8175.0,767790,0.0,0.0
2019-02-22 00:00:00+09:00,8075.0,8200.0,7775.0,8025.0,442812,0.0,0.0
2019-02-25 00:00:00+09:00,8000.0,8150.0,7850.0,7875.0,317570,0.0,0.0
2019-02-26 00:00:00+09:00,7800.0,7800.0,7325.0,7500.0,787524,0.0,0.0
2019-02-27 00:00:00+09:00,7525.0,7675.0,7275.0,7350.0,516896,0.0,0.0
2019-02-28 00:00:00+09:00,7325.0,7400.0,6900.0,6900.0,647580,0.0,0.0
2019-03-04 00:00:00+09:00,7025.0,7325.0,6925.0,7275.0,414550,0.0,0.0
2019-03-05 00:00:00+09:00,7250.0,7275.0,7025.0,7200.0,219602,0.0,0.0
2019-03-06 00:00:00+09:00,7300.0,7650.0,7200.0,7600.0,682446,0.0,0.0
2019-03-07 00:00:00+09:00,7500.0,7850.0,7375.0,7375.0,414338,0.0,0.0
2019-03-08 00:00:00+09:00,7375.0,7550.0,7250.0,7400.0,261908,0.0,0.0
2019-03-11 00:00:00+09:00,7450.0,8100.0,7450.0,7925.0,1120330,0.0,0.0
2019-03-12 00:00:00+09:00,8000.0,8250.0,7875.0,8050.0,483394,0.0,0.0
2019-03-13 00:00:00+09:00,8050.0,8125.0,7750.0,7950.0,354324,0.0,0.0
2019-03-14 00:00:00+09:00,8075.0,8275.0,7900.0,8100.0,471434,0.0,0.0
2019-03-15 00:00:00+09:00,8150.0,9000.0,8075.0,8275.0,1983920,0.0,0.0
2019-03-18 00:00:00+09:00,8275.0,8625.0,8200.0,8275.0,483244,0.0,0.0
2019-03-19 00:00:00+09:00,8325.0,8375.0,7650.0,7850.0,873788,0.0,0.0
2019-03-20 00:00:00+09:00,7800.0,7850.0,7350.0,7700.0,384498,0.0,0.0
2019-03-21 00:00:00+09:00,7650.0,8000.0,7450.0,7950.0,543342,0.0,0.0
2019-03-22 00:00:00+09:00,7900.0,7900.0,7500.0,7550.0,532358,0.0,0.0
2019-03-25 00:00:00+09:00,7300.0,8550.0,7250.0,7675.0,3431564,0.0,0.0
2019-03-26 00:00:00+09:00,7900.0,8225.0,7425.0,7500.0,1412712,0.0,0.0
2019-03-27 00:00:00+09:00,7575.0,7825.0,7200.0,7200.0,625128,0.0,0.0
2019-03-28 00:00:00+09:00,7275.0,7400.0,6925.0,6950.0,415524,0.0,0.0
2019-03-29 00:00:00+09:00,7075.0,7425.0,6850.0,7300.0,383944,0.0,0.0
2019-04-01 00:00:00+09:00,7500.0,7550.0,7350.0,7450.0,181638,0.0,0.0
2019-04-02 00:00:00+09:00,7525.0,7775.0,7375.0,7575.0,241370,0.0,0.0
2019-04-03 00:00:00+09:00,7650.0,7675.0,7275.0,7600.0,230724,0.0,0.0
2019-04-04 00:00:00+09:00,7625.0,7875.0,7475.0,7725.0,440276,0.0,0.0
2019-04-05 00:00:00+09:00,7725.0,7775.0,7425.0,7675.0,358412,0.0,0.0
2019-04-08 00:00:00+09:00,7650.0,7850.0,7450.0,7450.0,206222,0.0,0.0
2019-04-09 00:00:00+09:00,7525.0,7575.0,7325.0,7425.0,271796,0.0,0.0
2019-04-10 00:00:00+09:00,7500.0,7650.0,7325.0,7525.0,187076,0.0,0.0
2019-04-11 00:00:00+09:00,7500.0,7700.0,7425.0,7425.0,202100,0.0,0.0
2019-04-12 00:00:00+09:00,7425.0,7550.0,7350.0,7500.0,281454,0.0,0.0
2019-04-15 00:00:00+09:00,7500.0,7575.0,7300.0,7350.0,246332,0.0,0.0
2019-04-16 00:00:00+09:00,7350.0,7375.0,7025.0,7150.0,329540,0.0,0.0
2019-04-17 00:00:00+09:00,7275.0,7375.0,7150.0,7200.0,181534,0.0,0.0
2019-04-18 00:00:00+09:00,7250.0,7325.0,6850.0,6950.0,163202,0.0,0.0
2019-04-19 00:00:00+09:00,7025.0,7150.0,6925.0,7075.0,115232,0.0,0.0
2019-04-22 00:00:00+09:00,7050.0,7100.0,6775.0,6875.0,191806,0.0,0.0
2019-04-23 00:00:00+09:00,6900.0,6900.0,6575.0,6675.0,245950,0.0,0.0
2019-04-24 00:00:00+09:00,6725.0,6775.0,6475.0,6475.0,242868,0.0,0.0
2019-04-25 00:00:00+09:00,6550.0,6825.0,6425.0,6725.0,199854,0.0,0.0
2019-04-26 00:00:00+09:00,6725.0,6775.0,6325.0,6475.0,286488,0.0,0.0
2019-04-29 00:00:00+09:00,6500.0,6500.0,6225.0,6475.0,198226,0.0,0.0
2019-04-30 00:00:00+09:00,6400.0,6600.0,6400.0,6475.0,109880,0.0,0.0
2019-05-02 00:00:00+09:00,6475.0,6875.0,6450.0,6750.0,217346,0.0,0.0
2019-05-03 00:00:00+09:00,6825.0,6825.0,6500.0,6625.0,169578,0.0,0.0
2019-05-07 00:00:00+09:00,6575.0,6575.0,6400.0,6475.0,134400,0.0,0.0
2019-05-08 00:00:00+09:00,6300.0,6375.0,6200.0,6275.0,171436,0.0,0.0
2019-05-09 00:00:00+09:00,6275.0,6325.0,5875.0,5950.0,162292,0.0,0.0
2019-05-10 00:00:00+09:00,5875.0,6050.0,5750.0,5875.0,196462,0.0,0.0
2019-05-13 00:00:00+09:00,5875.0,6050.0,5825.0,5850.0,72516,0.0,0.0
2019-05-14 00:00:00+09:00,5700.0,5975.0,5700.0,5875.0,83536,0.0,0.0
2019-05-15 00:00:00+09:00,5975.0,6250.0,5875.0,6100.0,232642,0.0,0.0
2019-05-16 00:00:00+09:00,6250.0,6275.0,6000.0,6075.0,170910,0.0,0.0
2019-05-17 00:00:00+09:00,6175.0,6600.0,6175.0,6300.0,319450,0.0,0.0
2019-05-20 00:00:00+09:00,6200.0,6400.0,5900.0,6050.0,148610,0.0,0.0
2019-05-21 00:00:00+09:00,5975.0,6250.0,5950.0,6075.0,159126,0.0,0.0
2019-05-22 00:00:00+09:00,6150.0,6200.0,6000.0,6100.0,71428,0.0,0.0
2019-05-23 00:00:00+09:00,6150.0,6150.0,5725.0,5875.0,172030,0.0,0.0
2019-05-24 00:00:00+09:00,5825.0,6175.0,5675.0,5900.0,482632,0.0,0.0
2019-05-27 00:00:00+09:00,5975.0,6125.0,5900.0,6025.0,217888,0.0,0.0
2019-05-28 00:00:00+09:00,6025.0,6125.0,5925.0,6125.0,122742,0.0,0.0
2019-05-29 00:00:00+09:00,6100.0,6125.0,5875.0,5900.0,142030,0.0,0.0
2019-05-30 00:00:00+09:00,5875.0,5925.0,5725.0,5825.0,139976,0.0,0.0
2019-05-31 00:00:00+09:00,5850.0,5900.0,5775.0,5825.0,91762,0.0,0.0
2019-06-03 00:00:00+09:00,5775.0,5900.0,5700.0,5850.0,99978,0.0,0.0
2019-06-04 00:00:00+09:00,5875.0,5900.0,5725.0,5800.0,156902,0.0,0.0
2019-06-05 00:00:00+09:00,5900.0,6750.0,5825.0,6350.0,1280316,0.0,0.0
2019-06-07 00:00:00+09:00,6325.0,6550.0,6250.0,6500.0,512690,0.0,0.0
2019-06-10 00:00:00+09:00,6500.0,6525.0,6350.0,6450.0,239612,0.0,0.0
2019-06-11 00:00:00+09:00,6475.0,6650.0,6400.0,6475.0,221350,0.0,0.0
2019-06-12 00:00:00+09:00,6475.0,6525.0,6325.0,6350.0,89604,0.0,0.0
2019-06-13 00:00:00+09:00,6400.0,6775.0,6350.0,6775.0,432238,0.0,0.0
2019-06-14 00:00:00+09:00,6800.0,6950.0,6650.0,6800.0,505504,0.0,0.0
2019-06-17 00:00:00+09:00,6775.0,6825.0,6375.0,6375.0,287038,0.0,0.0
2019-06-18 00:00:00+09:00,6375.0,6450.0,6175.0,6200.0,163392,0.0,0.0
2019-06-19 00:00:00+09:00,6250.0,6300.0,6050.0,6175.0,227216,0.0,0.0
2019-06-20 00:00:00+09:00,6200.0,6525.0,6175.0,6450.0,339412,0.0,0.0
2019-06-21 00:00:00+09:00,6450.0,6550.0,6375.0,6525.0,191758,0.0,0.0
2019-06-24 00:00:00+09:00,6525.0,6800.0,6350.0,6700.0,294842,0.0,0.0
2019-06-25 00:00:00+09:00,6725.0,6925.0,6400.0,6575.0,469582,0.0,0.0
2019-06-26 00:00:00+09:00,6600.0,6975.0,6525.0,6875.0,783744,0.0,0.0
2019-06-27 00:00:00+09:00,6850.0,6950.0,6575.0,6575.0,326792,0.0,0.0
2019-06-28 00:00:00+09:00,6650.0,6750.0,6475.0,6550.0,183200,0.0,0.0
2019-07-01 00:00:00+09:00,6575.0,6775.0,6500.0,6625.0,181902,0.0,0.0
2019-07-02 00:00:00+09:00,6625.0,6675.0,6450.0,6500.0,169956,0.0,0.0
2019-07-03 00:00:00+09:00,6500.0,6650.0,6175.0,6250.0,262814,0.0,0.0
2019-07-04 00:00:00+09:00,6250.0,6275.0,5975.0,6125.0,238006,0.0,0.0
2019-07-05 00:00:00+09:00,6150.0,6375.0,6075.0,6225.0,211134,0.0,0.0
2019-07-08 00:00:00+09:00,6175.0,6175.0,5725.0,5825.0,349232,0.0,0.0
2019-07-09 00:00:00+09:00,5750.0,5925.0,5650.0,5825.0,338012,0.0,0.0
2019-07-10 00:00:00+09:00,5900.0,5950.0,5825.0,5875.0,172916,0.0,0.0
2019-07-11 00:00:00+09:00,5925.0,6125.0,5900.0,6000.0,125916,0.0,0.0
2019-07-12 00:00:00+09:00,6050.0,6200.0,5900.0,6150.0,146772,0.0,0.0
2019-07-15 00:00:00+09:00,6150.0,6150.0,5975.0,6075.0,101388,0.0,0.0
2019-07-16 00:00:00+09:00,6025.0,6150.0,5975.0,6075.0,122668,0.0,0.0
2019-07-17 00:00:00+09:00,6025.0,6025.0,5825.0,5900.0,146816,0.0,0.0
2019-07-18 00:00:00+09:00,5900.0,6025.0,5800.0,5925.0,98690,0.0,0.0
2019-07-19 00:00:00+09:00,5900.0,6000.0,5775.0,5875.0,129100,0.0,0.0
2019-07-22 00:00:00+09:00,5875.0,5875.0,5725.0,5800.0,122294,0.0,0.0
2019-07-23 00:00:00+09:00,5825.0,5925.0,5775.0,5850.0,104970,0.0,0.0
2019-07-24 00:00:00+09:00,5900.0,5950.0,5625.0,5650.0,110892,0.0,0.0
2019-07-25 00:00:00+09:00,5625.0,5650.0,5250.0,5475.0,254216,0.0,0.0
2019-07-26 00:00:00+09:00,5375.0,5500.0,5200.0,5325.0,214820,0.0,0.0
2019-07-29 00:00:00+09:00,5450.0,6125.0,5450.0,5650.0,1307078,0.0,0.0
2019-07-30 00:00:00+09:00,5525.0,5575.0,5350.0,5525.0,320622,0.0,0.0
2019-07-31 00:00:00+09:00,5425.0,5625.0,5325.0,5500.0,176638,0.0,0.0
2019-08-01 00:00:00+09:00,5475.0,5600.0,5325.0,5400.0,143038,0.0,0.0
2019-08-02 00:00:00+09:00,5300.0,5550.0,5200.0,5400.0,212588,0.0,0.0
2019-08-05 00:00:00+09:00,5350.0,5350.0,4950.0,4950.0,381752,0.0,0.0
2019-08-06 00:00:00+09:00,4725.0,5050.0,4610.0,4810.0,344674,0.0,0.0
2019-08-07 00:00:00+09:00,4810.0,5000.0,4810.0,4945.0,173580,0.0,0.0
2019-08-08 00:00:00+09:00,4950.0,5175.0,4950.0,5150.0,158078,0.0,0.0
2019-08-09 00:00:00+09:00,5200.0,5250.0,5100.0,5175.0,109040,0.0,0.0
2019-08-12 00:00:00+09:00,5075.0,5325.0,5025.0,5275.0,106566,0.0,0.0
2019-08-13 00:00:00+09:00,5250.0,5500.0,5200.0,5225.0,245918,0.0,0.0
2019-08-14 00:00:00+09:00,5300.0,5375.0,5150.0,5250.0,100284,0.0,0.0
2019-08-16 00:00:00+09:00,4990.0,5025.0,4875.0,4965.0,282842,0.0,0.0
2019-08-19 00:00:00+09:00,5000.0,5125.0,4965.0,5025.0,107904,0.0,0.0
2019-08-20 00:00:00+09:00,5075.0,5225.0,5000.0,5150.0,144026,0.0,0.0
2019-08-21 00:00:00+09:00,5100.0,5325.0,5100.0,5200.0,100534,0.0,0.0
2019-08-22 00:00:00+09:00,5200.0,5250.0,4995.0,5000.0,158052,0.0,0.0
2019-08-23 00:00:00+09:00,4905.0,5025.0,4905.0,4965.0,105386,0.0,0.0
2019-08-26 00:00:00+09:00,4800.0,4925.0,4650.0,4700.0,190190,0.0,0.0
2019-08-27 00:00:00+09:00,4810.0,5625.0,4755.0,4875.0,887622,0.0,0.0
2019-08-28 00:00:00+09:00,4855.0,5100.0,4855.0,5050.0,185630,0.0,0.0
2019-08-29 00:00:00+09:00,5050.0,5150.0,4910.0,5000.0,134956,0.0,0.0
2019-08-30 00:00:00+09:00,5050.0,5250.0,5050.0,5200.0,165404,0.0,0.0
2019-09-02 00:00:00+09:00,5175.0,5225.0,5100.0,5225.0,87348,0.0,0.0
2019-09-03 00:00:00+09:00,5275.0,5275.0,5075.0,5150.0,104608,0.0,0.0
2019-09-04 00:00:00+09:00,5150.0,5275.0,5075.0,5250.0,155816,0.0,0.0
2019-09-05 00:00:00+09:00,5275.0,5450.0,5200.0,5425.0,231752,0.0,0.0
2019-09-06 00:00:00+09:00,5475.0,5475.0,5275.0,5375.0,159384,0.0,0.0
2019-09-09 00:00:00+09:00,5375.0,5400.0,5100.0,5125.0,153178,0.0,0.0
2019-09-10 00:00:00+09:00,5100.0,5225.0,5100.0,5175.0,71454,0.0,0.0
2019-09-11 00:00:00+09:00,5200.0,5275.0,5125.0,5125.0,106712,0.0,0.0
2019-09-16 00:00:00+09:00,5150.0,5225.0,5100.0,5150.0,103776,0.0,0.0
2019-09-17 00:00:00+09:00,5150.0,5300.0,5150.0,5275.0,210050,0.0,0.0
2019-09-18 00:00:00+09:00,5300.0,5300.0,5175.0,5275.0,121424,0.0,0.0
2019-09-19 00:00:00+09:00,5275.0,5425.0,5225.0,5275.0,159196,0.0,0.0
2019-09-20 00:00:00+09:00,5275.0,5275.0,5200.0,5250.0,60954,0.0,0.0
2019-09-23 00:00:00+09:00,5250.0,5450.0,5125.0,5350.0,305610,0.0,0.0
2019-09-24 00:00:00+09:00,5350.0,5400.0,5200.0,5250.0,158550,0.0,0.0
2019-09-25 00:00:00+09:00,5200.0,5250.0,5000.0,5075.0,184986,0.0,0.0
2019-09-26 00:00:00+09:00,5100.0,5150.0,4965.0,5050.0,118452,0.0,0.0
2019-09-27 00:00:00+09:00,5000.0,5100.0,4975.0,5000.0,80038,0.0,0.0
2019-09-30 00:00:00+09:00,5050.0,5050.0,4880.0,4950.0,86128,0.0,0.0
2019-10-01 00:00:00+09:00,4950.0,4980.0,4895.0,4940.0,91406,0.0,0.0
2019-10-02 00:00:00+09:00,4905.0,4935.0,4820.0,4860.0,98372,0.0,0.0
2019-10-04 00:00:00+09:00,4840.0,4885.0,4770.0,4795.0,87610,0.0,0.0
2019-10-07 00:00:00+09:00,4800.0,4840.0,4760.0,4785.0,57356,0.0,0.0
2019-10-08 00:00:00+09:00,4805.0,4885.0,4790.0,4865.0,66390,0.0,0.0
2019-10-10 00:00:00+09:00,4850.0,4860.0,4750.0,4825.0,72992,0.0,0.0
2019-10-11 00:00:00+09:00,4830.0,4920.0,4825.0,4870.0,60278,0.0,0.0
2019-10-14 00:00:00+09:00,4915.0,5050.0,4870.0,4990.0,87380,0.0,0.0
2019-10-15 00:00:00+09:00,4995.0,5050.0,4950.0,5025.0,71282,0.0,0.0
2019-10-16 00:00:00+09:00,5050.0,5150.0,5000.0,5150.0,107626,0.0,0.0
2019-10-17 00:00:00+09:00,5150.0,5150.0,4975.0,5025.0,124402,0.0,0.0
2019-10-18 00:00:00+09:00,5025.0,5025.0,4930.0,4975.0,80280,0.0,0.0
2019-10-21 00:00:00+09:00,4990.0,4990.0,4875.0,4890.0,65834,0.0,0.0
2019-10-22 00:00:00+09:00,4890.0,4945.0,4830.0,4850.0,119774,0.0,0.0
2019-10-23 00:00:00+09:00,4850.0,4895.0,4790.0,4825.0,84924,0.0,0.0
2019-10-24 00:00:00+09:00,4825.0,4885.0,4780.0,4825.0,62490,0.0,0.0
2019-10-25 00:00:00+09:00,4825.0,5050.0,4825.0,4940.0,137532,0.0,0.0
2019-10-28 00:00:00+09:00,4995.0,5250.0,4955.0,5250.0,349550,0.0,0.0
2019-10-29 00:00:00+09:00,5400.0,5500.0,5225.0,5250.0,807302,0.0,0.0
2019-10-30 00:00:00+09:00,5250.0,5375.0,5150.0,5225.0,304300,0.0,0.0
2019-10-31 00:00:00+09:00,5250.0,5475.0,5175.0,5225.0,364676,0.0,0.0
2019-11-01 00:00:00+09:00,5250.0,5300.0,5175.0,5200.0,115924,0.0,0.0
2019-11-04 00:00:00+09:00,5275.0,5400.0,5200.0,5300.0,252776,0.0,0.0
2019-11-05 00:00:00+09:00,5350.0,5425.0,5250.0,5375.0,219260,0.0,0.0
2019-11-06 00:00:00+09:00,5375.0,5400.0,5300.0,5375.0,120168,0.0,0.0
2019-11-07 00:00:00+09:00,5375.0,5525.0,5350.0,5400.0,277228,0.0,0.0
2019-11-08 00:00:00+09:00,5400.0,5450.0,5250.0,5350.0,176146,0.0,0.0
2019-11-11 00:00:00+09:00,5375.0,5425.0,5150.0,5375.0,151822,0.0,0.0
2019-11-12 00:00:00+09:00,5300.0,5525.0,5300.0,5400.0,165132,0.0,0.0
2019-11-13 00:00:00+09:00,5450.0,5450.0,5275.0,5350.0,118566,0.0,0.0
2019-11-14 00:00:00+09:00,5350.0,5375.0,5225.0,5275.0,116180,0.0,0.0
2019-11-15 00:00:00+09:00,5225.0,5500.0,5175.0,5450.0,375110,0.0,0.0
2019-11-18 00:00:00+09:00,5600.0,6075.0,5550.0,5950.0,3167278,0.0,0.0
2019-11-19 00:00:00+09:00,6250.0,6500.0,5900.0,6100.0,2660658,0.0,0.0
2019-11-20 00:00:00+09:00,6125.0,6175.0,5600.0,5700.0,1007210,0.0,0.0
2019-11-21 00:00:00+09:00,5700.0,5775.0,5275.0,5425.0,718194,0.0,0.0
2019-11-22 00:00:00+09:00,5375.0,5525.0,5200.0,5375.0,462940,0.0,0.0
2019-11-25 00:00:00+09:00,5425.0,5625.0,5300.0,5600.0,343010,0.0,0.0
2019-11-26 00:00:00+09:00,5650.0,6100.0,5625.0,6000.0,1307974,0.0,0.0
2019-11-27 00:00:00+09:00,6000.0,6075.0,5875.0,6075.0,391960,0.0,0.0
2019-11-28 00:00:00+09:00,6075.0,6100.0,5875.0,5950.0,399596,0.0,0.0
2019-11-29 00:00:00+09:00,6025.0,6050.0,5625.0,6025.0,509596,0.0,0.0
2019-12-02 00:00:00+09:00,6000.0,6100.0,5850.0,5875.0,145992,0.0,0.0
2019-12-03 00:00:00+09:00,5875.0,5875.0,5700.0,5750.0,138506,0.0,0.0
2019-12-04 00:00:00+09:00,5700.0,5825.0,5375.0,5400.0,383242,0.0,0.0
2019-12-05 00:00:00+09:00,5450.0,5550.0,5200.0,5350.0,215826,0.0,0.0
2019-12-06 00:00:00+09:00,5350.0,5475.0,5300.0,5400.0,130572,0.0,0.0
2019-12-09 00:00:00+09:00,5450.0,5500.0,5225.0,5225.0,227090,0.0,0.0
2019-12-10 00:00:00+09:00,5175.0,5250.0,5100.0,5225.0,201312,0.0,0.0
2019-12-11 00:00:00+09:00,5175.0,5225.0,5050.0,5125.0,194184,0.0,0.0
2019-12-12 00:00:00+09:00,5250.0,5425.0,5200.0,5375.0,253444,0.0,0.0
2019-12-13 00:00:00+09:00,5450.0,5550.0,5325.0,5425.0,315182,0.0,0.0
2019-12-16 00:00:00+09:00,5400.0,5525.0,5375.0,5475.0,142804,0.0,0.0
2019-12-17 00:00:00+09:00,5475.0,5700.0,5425.0,5700.0,217188,0.0,0.0
2019-12-18 00:00:00+09:00,5800.0,5825.0,5450.0,5450.0,331128,0.0,0.0
2019-12-19 00:00:00+09:00,5550.0,5550.0,5350.0,5425.0,236188,0.0,0.0
2019-12-20 00:00:00+09:00,5425.0,5450.0,5275.0,5400.0,129836,0.0,0.0
2019-12-23 00:00:00+09:00,5475.0,5475.0,5050.0,5050.0,460446,0.0,0.0
2019-12-24 00:00:00+09:00,5100.0,5100.0,4990.0,5025.0,165120,0.0,0.0
2019-12-26 00:00:00+09:00,5025.0,5125.0,4945.0,5100.0,229734,0.0,0.0
2019-12-27 00:00:00+09:00,5025.0,5225.0,4995.0,5100.0,231894,0.0,0.0
2019-12-30 00:00:00+09:00,5125.0,5425.0,5125.0,5350.0,415432,0.0,0.0
2020-01-02 00:00:00+09:00,5325.0,5500.0,5325.0,5425.0,161982,0.0,0.0
2020-01-03 00:00:00+09:00,5450.0,5475.0,5325.0,5350.0,169194,0.0,0.0
2020-01-06 00:00:00+09:00,5225.0,5325.0,5125.0,5325.0,199940,0.0,0.0
2020-01-07 00:00:00+09:00,5350.0,5425.0,5225.0,5325.0,171490,0.0,0.0
2020-01-08 00:00:00+09:00,5250.0,5325.0,5000.0,5050.0,375644,0.0,0.0
2020-01-09 00:00:00+09:00,5225.0,5350.0,5200.0,5250.0,286272,0.0,0.0
2020-01-10 00:00:00+09:00,5300.0,5575.0,5250.0,5400.0,402038,0.0,0.0
2020-01-13 00:00:00+09:00,5400.0,5550.0,5325.0,5500.0,204160,0.0,0.0
2020-01-14 00:00:00+09:00,5525.0,5575.0,5450.0,5500.0,176704,0.0,0.0
2020-01-15 00:00:00+09:00,5500.0,5550.0,5325.0,5325.0,181816,0.0,0.0
2020-01-16 00:00:00+09:00,5325.0,5550.0,5325.0,5525.0,296500,0.0,0.0
2020-01-17 00:00:00+09:00,5600.0,5600.0,5475.0,5575.0,189132,0.0,0.0
2020-01-20 00:00:00+09:00,5575.0,5675.0,5475.0,5500.0,145864,0.0,0.0
2020-01-21 00:00:00+09:00,5500.0,5650.0,5425.0,5550.0,162388,0.0,0.0
2020-01-22 00:00:00+09:00,5550.0,5675.0,5475.0,5550.0,140986,0.0,0.0
2020-01-23 00:00:00+09:00,5600.0,5600.0,5425.0,5500.0,109294,0.0,0.0
2020-01-28 00:00:00+09:00,5250.0,5325.0,5050.0,5300.0,319294,0.0,0.0
2020-01-29 00:00:00+09:00,5300.0,5375.0,5225.0,5350.0,61750,0.0,0.0
2020-01-30 00:00:00+09:00,5300.0,5300.0,5000.0,5075.0,208390,0.0,0.0
2020-01-31 00:00:00+09:00,5100.0,5150.0,4830.0,4830.0,262470,0.0,0.0
2020-02-03 00:00:00+09:00,4750.0,4890.0,4555.0,4765.0,225950,0.0,0.0
2020-02-04 00:00:00+09:00,4750.0,4890.0,4750.0,4860.0,68094,0.0,0.0
2020-02-05 00:00:00+09:00,4900.0,4955.0,4870.0,4910.0,91452,0.0,0.0
2020-02-06 00:00:00+09:00,4910.0,4975.0,4900.0,4950.0,79274,0.0,0.0
2020-02-07 00:00:00+09:00,4975.0,4975.0,4875.0,4925.0,70208,0.0,0.0
2020-02-10 00:00:00+09:00,4905.0,4955.0,4860.0,4925.0,43860,0.0,0.0
2020-02-11 00:00:00+09:00,4925.0,5100.0,4910.0,5075.0,112094,0.0,0.0
2020-02-12 00:00:00+09:00,5075.0,5150.0,5050.0,5075.0,64054,0.0,0.0
2020-02-13 00:00:00+09:00,5075.0,5175.0,5050.0,5100.0,68868,0.0,0.0
2020-02-14 00:00:00+09:00,5100.0,5150.0,5000.0,5100.0,72742,0.0,0.0
2020-02-17 00:00:00+09:00,5100.0,5125.0,4985.0,5125.0,100766,0.0,0.0
2020-02-18 00:00:00+09:00,5125.0,5125.0,4995.0,4995.0,63356,0.0,0.0
2020-02-19 00:00:00+09:00,5075.0,5075.0,4915.0,5025.0,81792,0.0,0.0
2020-02-20 00:00:00+09:00,5000.0,5075.0,4920.0,4985.0,74842,0.0,0.0
2020-02-21 00:00:00+09:00,4950.0,5025.0,4850.0,4915.0,86398,0.0,0.0
2020-02-24 00:00:00+09:00,4665.0,4885.0,4650.0,4650.0,169244,0.0,0.0
2020-02-25 00:00:00+09:00,4610.0,4740.0,4540.0,4675.0,66456,0.0,0.0
2020-02-26 00:00:00+09:00,4610.0,4670.0,4550.0,4635.0,37688,0.0,0.0
2020-02-27 00:00:00+09:00,4600.0,4625.0,4215.0,4290.0,240210,0.0,0.0
2020-02-28 00:00:00+09:00,4200.0,4205.0,3910.0,3945.0,198996,0.0,0.0
2020-03-02 00:00:00+09:00,3850.0,4175.0,3800.0,4115.0,206368,0.0,0.0
2020-03-03 00:00:00+09:00,4150.0,4425.0,4140.0,4335.0,145660,0.0,0.0
2020-03-04 00:00:00+09:00,4335.0,4550.0,4265.0,4550.0,94806,0.0,0.0
2020-03-05 00:00:00+09:00,4500.0,4630.0,4500.0,4630.0,51656,0.0,0.0
2020-03-06 00:00:00+09:00,4555.0,4555.0,4435.0,4505.0,62040,0.0,0.0
2020-03-09 00:00:00+09:00,4495.0,4495.0,4150.0,4250.0,96752,0.0,0.0
2020-03-10 00:00:00+09:00,4245.0,4245.0,4080.0,4230.0,96088,0.0,0.0
2020-03-11 00:00:00+09:00,4250.0,4250.0,3900.0,4040.0,88040,0.0,0.0
2020-03-12 00:00:00+09:00,3930.0,4050.0,3635.0,3750.0,162464,0.0,0.0
2020-03-13 00:00:00+09:00,3055.0,3495.0,3045.0,3225.0,316246,0.0,0.0
2020-03-16 00:00:00+09:00,3265.0,3620.0,3150.0,3150.0,357088,0.0,0.0
2020-03-17 00:00:00+09:00,2880.0,3215.0,2880.0,3185.0,297260,0.0,0.0
2020-03-18 00:00:00+09:00,3180.0,3410.0,3050.0,3050.0,127488,0.0,0.0
2020-03-19 00:00:00+09:00,3050.0,3130.0,2175.0,2600.0,245234,0.0,0.0
2020-03-20 00:00:00+09:00,2570.0,2975.0,2500.0,2850.0,174636,0.0,0.0
2020-03-23 00:00:00+09:00,2650.0,2735.0,2520.0,2670.0,103514,0.0,0.0
2020-03-24 00:00:00+09:00,2700.0,2850.0,2640.0,2850.0,219686,0.0,0.0
2020-03-25 00:00:00+09:00,2875.0,3045.0,2860.0,2955.0,282276,0.0,0.0
2020-03-26 00:00:00+09:00,3000.0,3165.0,2935.0,3085.0,224762,0.0,0.0
2020-03-27 00:00:00+09:00,3185.0,3225.0,3030.0,3115.0,184834,0.0,0.0
2020-03-30 00:00:00+09:00,2990.0,3275.0,2990.0,3250.0,104166,0.0,0.0
2020-03-31 00:00:00+09:00,3265.0,3410.0,3235.0,3295.0,128404,0.0,0.0
2020-04-01 00:00:00+09:00,3315.0,3540.0,3165.0,3355.0,209194,0.0,0.0
2020-04-02 00:00:00+09:00,3315.0,3550.0,3250.0,3550.0,179190,0.0,0.0
2020-04-03 00:00:00+09:00,3555.0,3630.0,3475.0,3585.0,129428,0.0,0.0
2020-04-06 00:00:00+09:00,3575.0,3735.0,3575.0,3730.0,127486,0.0,0.0
2020-04-07 00:00:00+09:00,3845.0,3955.0,3680.0,3880.0,194336,0.0,0.0
2020-04-08 00:00:00+09:00,3885.0,3925.0,3810.0,3835.0,71598,0.0,0.0
2020-04-09 00:00:00+09:00,3875.0,4100.0,3875.0,4005.0,227406,0.0,0.0
2020-04-10 00:00:00+09:00,4095.0,4095.0,3790.0,3850.0,213352,0.0,0.0
2020-04-13 00:00:00+09:00,3855.0,3855.0,3615.0,3670.0,106378,0.0,0.0
2020-04-14 00:00:00+09:00,3675.0,3875.0,3675.0,3815.0,94242,0.0,0.0
2020-04-16 00:00:00+09:00,3790.0,3915.0,3710.0,3905.0,67050,0.0,0.0
2020-04-17 00:00:00+09:00,3925.0,4085.0,3925.0,4045.0,190702,0.0,0.0
2020-04-20 00:00:00+09:00,4050.0,4075.0,3980.0,3990.0,71084,0.0,0.0
2020-04-21 00:00:00+09:00,3950.0,3990.0,3625.0,3910.0,97986,0.0,0.0
2020-04-22 00:00:00+09:00,3910.0,3910.0,3705.0,3890.0,88644,0.0,0.0
2020-04-23 00:00:00+09:00,3895.0,4145.0,3830.0,4060.0,319834,0.0,0.0
2020-04-24 00:00:00+09:00,4060.0,4170.0,3885.0,3895.0,164366,0.0,0.0
2020-04-27 00:00:00+09:00,3905.0,4000.0,3905.0,3990.0,60680,0.0,0.0
2020-04-28 00:00:00+09:00,3995.0,4130.0,3980.0,4025.0,161304,0.0,0.0
2020-04-29 00:00:00+09:00,4030.0,4040.0,3965.0,4040.0,46644,0.0,0.0
2020-05-04 00:00:00+09:00,4040.0,4045.0,3950.0,4000.0,55088,0.0,0.0
2020-05-06 00:00:00+09:00,4005.0,4175.0,4000.0,4130.0,161228,0.0,0.0
2020-05-07 00:00:00+09:00,4145.0,4310.0,4100.0,4260.0,123252,0.0,0.0
2020-05-08 00:00:00+09:00,4260.0,4350.0,4175.0,4235.0,74144,0.0,0.0
2020-05-11 00:00:00+09:00,4350.0,4350.0,4155.0,4230.0,97416,0.0,0.0
2020-05-12 00:00:00+09:00,4200.0,4215.0,4050.0,4110.0,122486,0.0,0.0
2020-05-13 00:00:00+09:00,4010.0,4170.0,4000.0,4135.0,72256,0.0,0.0
2020-05-14 00:00:00+09:00,4075.0,4085.0,4000.0,4025.0,39352,0.0,0.0
2020-05-15 00:00:00+09:00,4035.0,4105.0,4020.0,4100.0,48820,0.0,0.0
2020-05-18 00:00:00+09:00,4100.0,4160.0,4000.0,4150.0,59742,0.0,0.0
2020-05-19 00:00:00+09:00,4195.0,4315.0,4195.0,4225.0,88944,0.0,0.0
2020-05-20 00:00:00+09:00,4250.0,4325.0,4200.0,4295.0,94142,0.0,0.0
2020-05-21 00:00:00+09:00,4340.0,5125.0,4315.0,4620.0,1744056,0.0,0.0
2020-05-22 00:00:00+09:00,4620.0,4640.0,4300.0,4310.0,343102,0.0,0.0
2020-05-25 00:00:00+09:00,4310.0,4350.0,4230.0,4265.0,143414,0.0,0.0
2020-05-26 00:00:00+09:00,4300.0,4440.0,4270.0,4440.0,174708,0.0,0.0
2020-05-27 00:00:00+09:00,4440.0,4545.0,4360.0,4500.0,172488,0.0,0.0
2020-05-28 00:00:00+09:00,4510.0,4545.0,4265.0,4360.0,135440,0.0,0.0
2020-05-29 00:00:00+09:00,4400.0,4405.0,4265.0,4335.0,35020,0.0,0.0
2020-06-01 00:00:00+09:00,4335.0,4525.0,4335.0,4485.0,121016,0.0,0.0
2020-06-02 00:00:00+09:00,4420.0,4495.0,4390.0,4465.0,128564,0.0,0.0
2020-06-03 00:00:00+09:00,4465.0,4510.0,4395.0,4500.0,119138,0.0,0.0
2020-06-04 00:00:00+09:00,4520.0,4695.0,4460.0,4610.0,209842,0.0,0.0
2020-06-05 00:00:00+09:00,4615.0,4660.0,4555.0,4615.0,168562,0.0,0.0
2020-06-08 00:00:00+09:00,4615.0,4640.0,4505.0,4595.0,102752,0.0,0.0
2020-06-09 00:00:00+09:00,4585.0,4585.0,4455.0,4505.0,58464,0.0,0.0
2020-06-10 00:00:00+09:00,4550.0,4550.0,4415.0,4450.0,103936,0.0,0.0
2020-06-11 00:00:00+09:00,4455.0,4500.0,4350.0,4475.0,74042,0.0,0.0
2020-06-12 00:00:00+09:00,4210.0,4295.0,3950.0,4195.0,129012,0.0,0.0
2020-06-15 00:00:00+09:00,4185.0,4185.0,3900.0,3925.0,136072,0.0,0.0
2020-06-16 00:00:00+09:00,3930.0,4230.0,3930.0,4220.0,142514,0.0,0.0
2020-06-17 00:00:00+09:00,4245.0,4250.0,4110.0,4200.0,51234,0.0,0.0
2020-06-18 00:00:00+09:00,4190.0,4235.0,4100.0,4145.0,31756,0.0,0.0
2020-06-19 00:00:00+09:00,4185.0,4185.0,4070.0,4075.0,72316,0.0,0.0
2020-06-22 00:00:00+09:00,4035.0,4145.0,4010.0,4090.0,40764,0.0,0.0
2020-06-23 00:00:00+09:00,4125.0,4195.0,4000.0,4010.0,84122,0.0,0.0
2020-06-24 00:00:00+09:00,4050.0,4050.0,3990.0,4010.0,59412,0.0,0.0
2020-06-25 00:00:00+09:00,4095.0,4130.0,3990.0,4045.0,91342,0.0,0.0
2020-06-26 00:00:00+09:00,4045.0,4210.0,4030.0,4040.0,59998,0.0,0.0
2020-06-29 00:00:00+09:00,4030.0,4035.0,3855.0,3975.0,54304,0.0,0.0
2020-06-30 00:00:00+09:00,4015.0,4365.0,4015.0,4175.0,322946,0.0,0.0
2020-07-01 00:00:00+09:00,4215.0,4395.0,4160.0,4365.0,197772,0.0,0.0
2020-07-02 00:00:00+09:00,4365.0,4390.0,4135.0,4165.0,145258,0.0,0.0
2020-07-03 00:00:00+09:00,4165.0,4185.0,4120.0,4165.0,43378,0.0,0.0
2020-07-06 00:00:00+09:00,4150.0,4215.0,4100.0,4160.0,49510,0.0,0.0
2020-07-07 00:00:00+09:00,4155.0,4210.0,4065.0,4085.0,39764,0.0,0.0
2020-07-08 00:00:00+09:00,4115.0,4150.0,4055.0,4125.0,39514,0.0,0.0
2020-07-09 00:00:00+09:00,4125.0,4230.0,4080.0,4215.0,78968,0.0,0.0
2020-07-10 00:00:00+09:00,4230.0,4230.0,4065.0,4080.0,54012,0.0,0.0
2020-07-13 00:00:00+09:00,4105.0,4175.0,4065.0,4100.0,40142,0.0,0.0
2020-07-14 00:00:00+09:00,4115.0,4135.0,4015.0,4025.0,61092,0.0,0.0
2020-07-15 00:00:00+09:00,4040.0,4130.0,4040.0,4090.0,38878,0.0,0.0
2020-07-16 00:00:00+09:00,4100.0,4385.0,4100.0,4270.0,332490,0.0,0.0
2020-07-17 00:00:00+09:00,4265.0,4595.0,4210.0,4520.0,282154,0.0,0.0
2020-07-20 00:00:00+09:00,4570.0,4705.0,4455.0,4690.0,407882,0.0,0.0
2020-07-21 00:00:00+09:00,4710.0,4745.0,4575.0,4575.0,166246,0.0,0.0
2020-07-22 00:00:00+09:00,4580.0,5675.0,4580.0,5050.0,3729120,0.0,0.0
2020-07-23 00:00:00+09:00,5125.0,6100.0,5025.0,5925.0,3587328,0.0,0.0
2020-07-24 00:00:00+09:00,5775.0,5775.0,5275.0,5400.0,1031064,0.0,0.0
2020-07-27 00:00:00+09:00,5375.0,6000.0,5350.0,5525.0,1264360,0.0,0.0
2020-07-28 00:00:00+09:00,5575.0,5575.0,5050.0,5200.0,659100,0.0,0.0
2020-07-29 00:00:00+09:00,5200.0,5400.0,5075.0,5100.0,448408,0.0,0.0
2020-07-30 00:00:00+09:00,5200.0,5700.0,5200.0,5600.0,1560562,0.0,0.0
2020-07-31 00:00:00+09:00,5650.0,5775.0,5500.0,5700.0,525580,0.0,0.0
2020-08-03 00:00:00+09:00,5700.0,5800.0,5525.0,5725.0,401648,0.0,0.0
2020-08-04 00:00:00+09:00,5800.0,5850.0,5600.0,5725.0,354676,0.0,0.0
2020-08-05 00:00:00+09:00,5775.0,5925.0,5650.0,5900.0,599594,0.0,0.0
2020-08-06 00:00:00+09:00,6050.0,6550.0,5925.0,6500.0,1969732,0.0,0.0
2020-08-07 00:00:00+09:00,6575.0,6625.0,6250.0,6475.0,1101868,0.0,0.0
2020-08-10 00:00:00+09:00,6700.0,6800.0,6525.0,6600.0,788902,0.0,0.0
2020-08-11 00:00:00+09:00,6725.0,7250.0,6600.0,6975.0,919282,0.0,0.0
2020-08-12 00:00:00+09:00,6975.0,7000.0,6425.0,6675.0,735664,0.0,0.0
2020-08-13 00:00:00+09:00,6775.0,6925.0,6550.0,6700.0,356080,0.0,0.0
2020-08-14 00:00:00+09:00,6700.0,6825.0,6225.0,6450.0,384786,0.0,0.0
2020-08-18 00:00:00+09:00,6275.0,6375.0,5550.0,5750.0,714312,0.0,0.0
2020-08-19 00:00:00+09:00,5750.0,5900.0,5550.0,5775.0,249270,0.0,0.0
2020-08-20 00:00:00+09:00,5725.0,5750.0,5200.0,5350.0,642034,0.0,0.0
2020-08-21 00:00:00+09:00,5575.0,5775.0,5325.0,5625.0,290572,0.0,0.0
2020-08-24 00:00:00+09:00,5550.0,5700.0,5425.0,5650.0,194998,0.0,0.0
2020-08-25 00:00:00+09:00,5650.0,5925.0,5650.0,5750.0,269050,0.0,0.0
2020-08-26 00:00:00+09:00,5800.0,5850.0,5500.0,5775.0,359084,0.0,0.0
2020-08-27 00:00:00+09:00,5775.0,5875.0,5575.0,5575.0,219894,0.0,0.0
2020-08-28 00:00:00+09:00,5575.0,5825.0,5500.0,5775.0,264876,0.0,0.0
2020-08-31 00:00:00+09:00,5850.0,5875.0,5625.0,5700.0,139892,0.0,0.0
2020-09-01 00:00:00+09:00,5650.0,5850.0,5600.0,5850.0,223522,0.0,0.0
2020-09-02 00:00:00+09:00,5875.0,5975.0,5700.0,5950.0,276478,0.0,0.0
2020-09-03 00:00:00+09:00,6000.0,6375.0,5900.0,6300.0,821304,0.0,0.0
2020-09-04 00:00:00+09:00,6175.0,6875.0,6125.0,6825.0,1904734,0.0,0.0
2020-09-07 00:00:00+09:00,7050.0,7375.0,6800.0,6925.0,1365956,0.0,0.0
2020-09-08 00:00:00+09:00,7100.0,7100.0,6675.0,6700.0,563636,0.0,0.0
2020-09-09 00:00:00+09:00,6500.0,6875.0,6450.0,6725.0,341036,0.0,0.0
2020-09-10 00:00:00+09:00,6850.0,6900.0,6575.0,6700.0,280036,0.0,0.0
2020-09-11 00:00:00+09:00,6725.0,6725.0,6400.0,6700.0,290426,0.0,0.0
2020-09-14 00:00:00+09:00,6625.0,6700.0,6450.0,6675.0,240336,0.0,0.0
2020-09-15 00:00:00+09:00,6650.0,6725.0,6500.0,6525.0,140680,0.0,0.0
2020-09-16 00:00:00+09:00,6400.0,6600.0,6350.0,6350.0,279332,0.0,0.0
2020-09-17 00:00:00+09:00,6350.0,6450.0,6150.0,6200.0,183486,0.0,0.0
2020-09-18 00:00:00+09:00,6275.0,6375.0,6100.0,6250.0,134816,0.0,0.0
2020-09-21 00:00:00+09:00,6225.0,6275.0,5875.0,5950.0,169856,0.0,0.0
2020-09-22 00:00:00+09:00,5875.0,5925.0,5650.0,5900.0,217156,0.0,0.0
2020-09-23 00:00:00+09:00,5875.0,5975.0,5700.0,5825.0,166432,0.0,0.0
2020-09-24 00:00:00+09:00,5650.0,5825.0,5400.0,5500.0,270072,0.0,0.0
2020-09-25 00:00:00+09:00,5550.0,5725.0,5375.0,5675.0,110110,0.0,0.0
2020-09-28 00:00:00+09:00,5825.0,6100.0,5650.0,6025.0,192934,0.0,0.0
2020-09-29 00:00:00+09:00,6050.0,6375.0,5900.0,6325.0,243608,0.0,0.0
2020-10-05 00:00:00+09:00,6500.0,6850.0,6450.0,6700.0,848266,0.0,0.0
2020-10-06 00:00:00+09:00,6850.0,6875.0,6650.0,6775.0,372108,0.0,0.0
2020-10-07 00:00:00+09:00,6750.0,6875.0,6675.0,6775.0,176162,0.0,0.0
2020-10-08 00:00:00+09:00,6775.0,6975.0,6750.0,6925.0,311638,0.0,0.0
2020-10-12 00:00:00+09:00,6875.0,7075.0,6875.0,6975.0,283502,0.0,0.0
2020-10-13 00:00:00+09:00,6950.0,7025.0,6775.0,6975.0,164512,0.0,0.0
2020-10-14 00:00:00+09:00,7000.0,7025.0,6700.0,6700.0,209614,0.0,0.0
2020-10-15 00:00:00+09:00,6700.0,6925.0,6550.0,6825.0,333040,0.0,0.0
2020-10-16 00:00:00+09:00,6825.0,6925.0,6375.0,6375.0,839518,0.0,0.0
2020-10-19 00:00:00+09:00,6480.0,8280.0,6480.0,6980.0,2269393,0.0,0.0
2020-10-20 00:00:00+09:00,6750.0,7010.0,6240.0,6430.0,457340,0.0,0.0
2020-10-21 00:00:00+09:00,6450.0,6650.0,6210.0,6350.0,172676,0.0,0.0
2020-10-22 00:00:00+09:00,6300.0,6560.0,6220.0,6510.0,116353,0.0,0.0
2020-10-23 00:00:00+09:00,6510.0,7550.0,6480.0,7070.0,866456,0.0,0.0
2020-10-26 00:00:00+09:00,6900.0,7150.0,6700.0,6740.0,263575,0.0,0.0
2020-10-27 00:00:00+09:00,6740.0,7010.0,6590.0,6950.0,163374,0.0,0.0
2020-10-28 00:00:00+09:00,7450.0,8190.0,7080.0,7140.0,850883,0.0,0.0
2020-10-29 00:00:00+09:00,7010.0,7290.0,6990.0,7110.0,253066,0.0,0.0
2020-10-30 00:00:00+09:00,7130.0,7260.0,6830.0,7200.0,159465,0.0,0.0
2020-11-02 00:00:00+09:00,7190.0,7240.0,7060.0,7060.0,98039,0.0,0.0
2020-11-03 00:00:00+09:00,7100.0,7170.0,6930.0,7040.0,85052,0.0,0.0
2020-11-04 00:00:00+09:00,7060.0,7150.0,6980.0,7080.0,52877,0.0,0.0
2020-11-05 00:00:00+09:00,7020.0,7190.0,7010.0,7060.0,89035,0.0,0.0
2020-11-06 00:00:00+09:00,7070.0,7100.0,6900.0,6990.0,62448,0.0,0.0
2020-11-09 00:00:00+09:00,7130.0,7170.0,6880.0,7100.0,93014,0.0,0.0
2020-11-10 00:00:00+09:00,7040.0,8340.0,6980.0,7310.0,999183,0.0,0.0
2020-11-11 00:00:00+09:00,7340.0,7410.0,7150.0,7330.0,178987,0.0,0.0
2020-11-12 00:00:00+09:00,7340.0,7710.0,7330.0,7600.0,367896,0.0,0.0
2020-11-13 00:00:00+09:00,7600.0,7600.0,7170.0,7200.0,208235,0.0,0.0
2020-11-16 00:00:00+09:00,6900.0,7030.0,6780.0,6990.0,417577,0.0,0.0
2020-11-17 00:00:00+09:00,6990.0,6990.0,6720.0,6740.0,206647,0.0,0.0
2020-11-18 00:00:00+09:00,6740.0,6900.0,6730.0,6730.0,154699,0.0,0.0
2020-11-19 00:00:00+09:00,6660.0,6790.0,6630.0,6710.0,105775,0.0,0.0
2020-11-20 00:00:00+09:00,6730.0,6940.0,6660.0,6930.0,188202,0.0,0.0
2020-11-23 00:00:00+09:00,6930.0,7170.0,6820.0,7130.0,234779,0.0,0.0
2020-11-24 00:00:00+09:00,7170.0,7230.0,6950.0,7000.0,152441,0.0,0.0
2020-11-25 00:00:00+09:00,7020.0,7090.0,6730.0,6780.0,160004,0.0,0.0
2020-11-26 00:00:00+09:00,6840.0,6840.0,6680.0,6730.0,162140,0.0,0.0
2020-11-27 00:00:00+09:00,6740.0,6770.0,6680.0,6740.0,113885,0.0,0.0
2020-11-30 00:00:00+09:00,6710.0,6790.0,6670.0,6670.0,106025,0.0,0.0
2020-12-01 00:00:00+09:00,6670.0,7000.0,6670.0,6830.0,235403,0.0,0.0
2020-12-02 00:00:00+09:00,6830.0,7000.0,6780.0,7000.0,224239,0.0,0.0
2020-12-03 00:00:00+09:00,7060.0,7060.0,6860.0,6950.0,154164,0.0,0.0
2020-12-04 00:00:00+09:00,6950.0,6950.0,6770.0,6790.0,89883,0.0,0.0
2020-12-07 00:00:00+09:00,6790.0,6810.0,6700.0,6700.0,93187,0.0,0.0
2020-12-08 00:00:00+09:00,6700.0,6770.0,6680.0,6680.0,77079,0.0,0.0
2020-12-09 00:00:00+09:00,6700.0,6780.0,6680.0,6740.0,72489,0.0,0.0
2020-12-10 00:00:00+09:00,6800.0,6930.0,6780.0,6830.0,171173,0.0,0.0
2020-12-11 00:00:00+09:00,6870.0,7390.0,6770.0,7300.0,881656,0.0,0.0
2020-12-14 00:00:00+09:00,7390.0,8050.0,7280.0,7330.0,2243107,0.0,0.0
2020-12-15 00:00:00+09:00,7330.0,7440.0,6970.0,7370.0,588196,0.0,0.0
2020-12-16 00:00:00+09:00,7400.0,7940.0,7350.0,7500.0,1016100,0.0,0.0
2020-12-17 00:00:00+09:00,7470.0,7630.0,7350.0,7480.0,309010,0.0,0.0
2020-12-18 00:00:00+09:00,7480.0,7560.0,7320.0,7420.0,263339,0.0,0.0
2020-12-21 00:00:00+09:00,7550.0,7560.0,7240.0,7240.0,210303,0.0,0.0
2020-12-22 00:00:00+09:00,7240.0,7240.0,6760.0,6800.0,382860,0.0,0.0
2020-12-23 00:00:00+09:00,6800.0,7150.0,6700.0,6930.0,259890,0.0,0.0
2020-12-24 00:00:00+09:00,6980.0,7090.0,6750.0,6840.0,214981,0.0,0.0
2020-12-28 00:00:00+09:00,6820.0,6880.0,6680.0,6690.0,174706,0.0,0.0
2020-12-29 00:00:00+09:00,6750.0,6780.0,6470.0,6730.0,196899,0.0,0.0
2020-12-30 00:00:00+09:00,6730.0,7140.0,6720.0,6970.0,552999,0.0,0.0
2021-01-04 00:00:00+09:00,7180.0,7420.0,7150.0,7320.0,455129,0.0,0.0
2021-01-05 00:00:00+09:00,7290.0,7550.0,7190.0,7310.0,364298,0.0,0.0
2021-01-06 00:00:00+09:00,7420.0,7420.0,7190.0,7280.0,211287,0.0,0.0
2021-01-07 00:00:00+09:00,7270.0,7380.0,7190.0,7260.0,218386,0.0,0.0
2021-01-08 00:00:00+09:00,7440.0,7860.0,7290.0,7670.0,1249314,0.0,0.0
2021-01-11 00:00:00+09:00,7710.0,8000.0,7430.0,7610.0,1073920,0.0,0.0
2021-01-12 00:00:00+09:00,7610.0,7680.0,7380.0,7480.0,304000,0.0,0.0
2021-01-13 00:00:00+09:00,7480.0,7650.0,7340.0,7350.0,355559,0.0,0.0
2021-01-14 00:00:00+09:00,7370.0,7400.0,7160.0,7200.0,274378,0.0,0.0
2021-01-15 00:00:00+09:00,7280.0,7950.0,7260.0,7430.0,1069002,0.0,0.0
2021-01-18 00:00:00+09:00,7400.0,7680.0,7250.0,7390.0,480783,0.0,0.0
2021-01-19 00:00:00+09:00,7430.0,7750.0,7420.0,7670.0,549287,0.0,0.0
2021-01-20 00:00:00+09:00,7780.0,8630.0,7740.0,8260.0,4202002,0.0,0.0
2021-01-21 00:00:00+09:00,8410.0,8780.0,8270.0,8610.0,1470922,0.0,0.0
2021-01-22 00:00:00+09:00,8500.0,8500.0,8200.0,8320.0,603879,0.0,0.0
2021-01-25 00:00:00+09:00,8410.0,9920.0,8160.0,8700.0,4712690,0.0,0.0
2021-01-26 00:00:00+09:00,8780.0,8880.0,8370.0,8420.0,1036870,0.0,0.0
2021-01-27 00:00:00+09:00,8650.0,9090.0,8620.0,8730.0,1270684,0.0,0.0
2021-01-28 00:00:00+09:00,8450.0,8610.0,8220.0,8380.0,587741,0.0,0.0
2021-01-29 00:00:00+09:00,8460.0,8750.0,7770.0,8100.0,895730,0.0,0.0
2021-02-01 00:00:00+09:00,7920.0,8260.0,7750.0,8170.0,303502,0.0,0.0
2021-02-02 00:00:00+09:00,8240.0,8390.0,8070.0,8360.0,284108,0.0,0.0
2021-02-03 00:00:00+09:00,8600.0,8600.0,8260.0,8320.0,611286,0.0,0.0
2021-02-04 00:00:00+09:00,8350.0,8440.0,8170.0,8270.0,354761,0.0,0.0
2021-02-05 00:00:00+09:00,8290.0,9080.0,8270.0,8560.0,2627768,0.0,0.0
2021-02-08 00:00:00+09:00,8550.0,8550.0,8210.0,8210.0,460807,0.0,0.0
2021-02-09 00:00:00+09:00,8550.0,8950.0,8300.0,8350.0,1386374,0.0,0.0
2021-02-10 00:00:00+09:00,8370.0,8590.0,8250.0,8490.0,347332,0.0,0.0
2021-02-15 00:00:00+09:00,8720.0,9540.0,8610.0,9350.0,3513810,0.0,0.0
2021-02-16 00:00:00+09:00,9250.0,9700.0,9080.0,9700.0,954143,0.0,0.0
2021-02-17 00:00:00+09:00,9980.0,10950.0,9920.0,10350.0,3674722,0.0,0.0
2021-02-18 00:00:00+09:00,10100.0,12000.0,9800.0,11200.0,2311264,0.0,0.0
2021-02-19 00:00:00+09:00,10850.0,11700.0,10700.0,11050.0,1389321,0.0,0.0
2021-02-22 00:00:00+09:00,11100.0,11350.0,10400.0,10600.0,900376,0.0,0.0
2021-02-23 00:00:00+09:00,10350.0,11350.0,10100.0,10900.0,1029862,0.0,0.0
2021-02-24 00:00:00+09:00,11000.0,12000.0,10750.0,11300.0,2409901,0.0,0.0
2021-02-25 00:00:00+09:00,11700.0,11850.0,11050.0,11300.0,990033,0.0,0.0
2021-02-26 00:00:00+09:00,10750.0,11550.0,10750.0,11100.0,912496,0.0,0.0
2021-03-02 00:00:00+09:00,11350.0,11450.0,10450.0,10500.0,763032,0.0,0.0
2021-03-03 00:00:00+09:00,10400.0,10800.0,10300.0,10650.0,342085,0.0,0.0
2021-03-04 00:00:00+09:00,10300.0,10750.0,10100.0,10350.0,494002,0.0,0.0
2021-03-05 00:00:00+09:00,10100.0,10250.0,9780.0,10050.0,700929,0.0,0.0
2021-03-08 00:00:00+09:00,10250.0,10300.0,9980.0,9990.0,410750,0.0,0.0
2021-03-09 00:00:00+09:00,9900.0,9960.0,9080.0,9450.0,728071,0.0,0.0
2021-03-10 00:00:00+09:00,9650.0,9710.0,9160.0,9160.0,361755,0.0,0.0
2021-03-11 00:00:00+09:00,9210.0,9750.0,9210.0,9550.0,368683,0.0,0.0
2021-03-12 00:00:00+09:00,9680.0,10200.0,9680.0,10000.0,392670,0.0,0.0
2021-03-15 00:00:00+09:00,10100.0,10300.0,9850.0,10150.0,315290,0.0,0.0
2021-03-16 00:00:00+09:00,10250.0,10350.0,10000.0,10150.0,237991,0.0,0.0
2021-03-17 00:00:00+09:00,10150.0,10200.0,9950.0,10050.0,223989,0.0,0.0
2021-03-18 00:00:00+09:00,10150.0,10150.0,9960.0,9960.0,237783,0.0,0.0
2021-03-19 00:00:00+09:00,9710.0,10150.0,9600.0,9970.0,246334,0.0,0.0
2021-03-22 00:00:00+09:00,10050.0,10050.0,9820.0,9890.0,238518,0.0,0.0
2021-03-23 00:00:00+09:00,9920.0,9940.0,9450.0,9500.0,354906,0.0,0.0
2021-03-24 00:00:00+09:00,9470.0,9790.0,9370.0,9560.0,190652,0.0,0.0
2021-03-25 00:00:00+09:00,9510.0,9720.0,9400.0,9450.0,227626,0.0,0.0
2021-03-26 00:00:00+09:00,9450.0,9450.0,9270.0,9370.0,239395,0.0,0.0
2021-03-29 00:00:00+09:00,9600.0,9910.0,9480.0,9720.0,424811,0.0,0.0
2021-03-30 00:00:00+09:00,9830.0,10150.0,9750.0,9950.0,294475,0.0,0.0
2021-03-31 00:00:00+09:00,10000.0,10050.0,9800.0,9890.0,181531,0.0,0.0
2021-04-01 00:00:00+09:00,10050.0,10050.0,9810.0,9920.0,158608,0.0,0.0
2021-04-02 00:00:00+09:00,10000.0,10050.0,9810.0,9850.0,192088,0.0,0.0
2021-04-05 00:00:00+09:00,9850.0,10450.0,9790.0,10100.0,855584,0.0,0.0
2021-04-06 00:00:00+09:00,10250.0,10250.0,9860.0,9880.0,332797,0.0,0.0
2021-04-07 00:00:00+09:00,9900.0,9900.0,9710.0,9760.0,266316,0.0,0.0
2021-04-08 00:00:00+09:00,9690.0,9810.0,9570.0,9810.0,261765,0.0,0.0
2021-04-09 00:00:00+09:00,9810.0,9880.0,9690.0,9850.0,218091,0.0,0.0
2021-04-12 00:00:00+09:00,9910.0,10200.0,9860.0,9960.0,291625,0.0,0.0
2021-04-13 00:00:00+09:00,10050.0,10050.0,9850.0,9850.0,222492,0.0,0.0
2021-04-14 00:00:00+09:00,9850.0,10100.0,9780.0,10050.0,297605,0.0,0.0
2021-04-15 00:00:00+09:00,10050.0,10100.0,9870.0,9920.0,242671,0.0,0.0
2021-04-16 00:00:00+09:00,9950.0,9950.0,9850.0,9890.0,159339,0.0,0.0
2021-04-19 00:00:00+09:00,9850.0,10450.0,9840.0,10150.0,662528,0.0,0.0
2021-04-20 00:00:00+09:00,10300.0,10350.0,10050.0,10150.0,351392,0.0,0.0
2021-04-21 00:00:00+09:00,10200.0,10200.0,9900.0,9910.0,316877,0.0,0.0
2021-04-22 00:00:00+09:00,9940.0,10100.0,9880.0,9990.0,205591,0.0,0.0
2021-04-23 00:00:00+09:00,9950.0,10150.0,9890.0,10050.0,183893,0.0,0.0
2021-04-26 00:00:00+09:00,10250.0,10250.0,10050.0,10200.0,258839,0.0,0.0
2021-04-27 00:00:00+09:00,10200.0,10250.0,9950.0,9980.0,264440,0.0,0.0
2021-04-28 00:00:00+09:00,9980.0,10050.0,9800.0,9830.0,300581,0.0,0.0
2021-04-29 00:00:00+09:00,9900.0,9930.0,9500.0,9580.0,316396,0.0,0.0
2021-04-30 00:00:00+09:00,9580.0,9670.0,9240.0,9360.0,322181,0.0,0.0
2021-05-03 00:00:00+09:00,9390.0,9550.0,9230.0,9290.0,161227,0.0,0.0
2021-05-04 00:00:00+09:00,9120.0,9570.0,8960.0,9480.0,303537,0.0,0.0
2021-05-06 00:00:00+09:00,9530.0,9760.0,9430.0,9680.0,209538,0.0,0.0
2021-05-07 00:00:00+09:00,9770.0,10300.0,9690.0,10250.0,744671,0.0,0.0
2021-05-10 00:00:00+09:00,10200.0,10350.0,9990.0,10250.0,395990,0.0,0.0
2021-05-11 00:00:00+09:00,10100.0,10100.0,9860.0,9990.0,323202,0.0,0.0
2021-05-12 00:00:00+09:00,9970.0,9970.0,9520.0,9640.0,245548,0.0,0.0
2021-05-13 00:00:00+09:00,9450.0,9600.0,9290.0,9410.0,235498,0.0,0.0
2021-05-14 00:00:00+09:00,9470.0,9530.0,9150.0,9230.0,265441,0.0,0.0
2021-05-17 00:00:00+09:00,9200.0,9360.0,9030.0,9070.0,246133,0.0,0.0
2021-05-18 00:00:00+09:00,9070.0,9240.0,9060.0,9220.0,153498,0.0,0.0
2021-05-20 00:00:00+09:00,9180.0,9300.0,9000.0,9140.0,97959,0.0,0.0
2021-05-21 00:00:00+09:00,9160.0,9210.0,9080.0,9150.0,94466,0.0,0.0
2021-05-24 00:00:00+09:00,9150.0,9180.0,8990.0,9000.0,135070,0.0,0.0
2021-05-25 00:00:00+09:00,8990.0,9150.0,8990.0,9090.0,104708,0.0,0.0
2021-05-26 00:00:00+09:00,9100.0,9140.0,9000.0,9080.0,100617,0.0,0.0
2021-05-27 00:00:00+09:00,9040.0,9130.0,9000.0,9040.0,79287,0.0,0.0
2021-05-28 00:00:00+09:00,9030.0,9090.0,9000.0,9040.0,74820,0.0,0.0
2021-05-31 00:00:00+09:00,9040.0,9050.0,8850.0,8900.0,197982,0.0,0.0
2021-06-01 00:00:00+09:00,8880.0,8990.0,8840.0,8890.0,86805,0.0,0.0
2021-06-02 00:00:00+09:00,8860.0,8870.0,8790.0,8820.0,156207,0.0,0.0
2021-06-03 00:00:00+09:00,8820.0,8930.0,8800.0,8890.0,89652,0.0,0.0
2021-06-04 00:00:00+09:00,8850.0,8870.0,8730.0,8770.0,152823,0.0,0.0
2021-06-07 00:00:00+09:00,8780.0,8840.0,8450.0,8470.0,275144,0.0,0.0
2021-06-08 00:00:00+09:00,8480.0,8560.0,8300.0,8550.0,181186,0.0,0.0
2021-06-09 00:00:00+09:00,8740.0,8850.0,8560.0,8570.0,177317,0.0,0.0
2021-06-10 00:00:00+09:00,8570.0,8660.0,8460.0,8480.0,82150,0.0,0.0
2021-06-11 00:00:00+09:00,8550.0,8560.0,8350.0,8480.0,106615,0.0,0.0
2021-06-14 00:00:00+09:00,8480.0,8530.0,8320.0,8360.0,99950,0.0,0.0
2021-06-15 00:00:00+09:00,8360.0,8400.0,8210.0,8260.0,132662,0.0,0.0
2021-06-16 00:00:00+09:00,8340.0,9510.0,8250.0,8700.0,1575082,0.0,0.0
2021-06-17 00:00:00+09:00,8700.0,8810.0,8530.0,8720.0,257327,0.0,0.0
2021-06-18 00:00:00+09:00,8700.0,8750.0,8610.0,8670.0,132268,0.0,0.0
2021-06-21 00:00:00+09:00,8560.0,8650.0,8330.0,8360.0,188461,0.0,0.0
2021-06-22 00:00:00+09:00,8400.0,8650.0,8370.0,8650.0,115496,0.0,0.0
2021-06-23 00:00:00+09:00,8620.0,8730.0,8560.0,8570.0,118600,0.0,0.0
2021-06-24 00:00:00+09:00,8570.0,8690.0,8510.0,8520.0,88603,0.0,0.0
2021-06-25 00:00:00+09:00,8630.0,8690.0,8530.0,8560.0,84943,0.0,0.0
2021-06-28 00:00:00+09:00,8570.0,8640.0,8530.0,8550.0,50323,0.0,0.0
2021-06-29 00:00:00+09:00,8510.0,8550.0,8410.0,8480.0,90281,0.0,0.0
2021-06-30 00:00:00+09:00,8610.0,8980.0,8600.0,8860.0,465185,0.0,0.0
2021-07-01 00:00:00+09:00,8860.0,8900.0,8650.0,8810.0,188081,0.0,0.0
2021-07-02 00:00:00+09:00,8750.0,8820.0,8720.0,8760.0,80979,0.0,0.0
2021-07-05 00:00:00+09:00,8880.0,8990.0,8770.0,8830.0,231660,0.0,0.0
2021-07-06 00:00:00+09:00,8870.0,8880.0,8770.0,8810.0,111668,0.0,0.0
2021-07-07 00:00:00+09:00,8810.0,8810.0,8670.0,8700.0,87864,0.0,0.0
2021-07-08 00:00:00+09:00,8700.0,8730.0,8510.0,8580.0,96764,0.0,0.0
2021-07-09 00:00:00+09:00,8450.0,8500.0,8260.0,8410.0,157059,0.0,0.0
2021-07-12 00:00:00+09:00,8420.0,10500.0,8410.0,9050.0,1819612,0.0,0.0
2021-07-13 00:00:00+09:00,9080.0,9390.0,8970.0,9150.0,636371,0.0,0.0
2021-07-14 00:00:00+09:00,9090.0,9210.0,9030.0,9120.0,183309,0.0,0.0
2021-07-15 00:00:00+09:00,9170.0,9350.0,9140.0,9170.0,226560,0.0,0.0
2021-07-16 00:00:00+09:00,9220.0,9400.0,9140.0,9170.0,176785,0.0,0.0
2021-07-19 00:00:00+09:00,9120.0,9130.0,8980.0,9050.0,151812,0.0,0.0
2021-07-20 00:00:00+09:00,8860.0,9060.0,8850.0,8970.0,107061,0.0,0.0
2021-07-21 00:00:00+09:00,9010.0,9290.0,8860.0,8880.0,173480,0.0,0.0
2021-07-22 00:00:00+09:00,8900.0,9080.0,8880.0,9060.0,103699,0.0,0.0
2021-07-23 00:00:00+09:00,9110.0,9130.0,8890.0,8990.0,110052,0.0,0.0
2021-07-26 00:00:00+09:00,8970.0,8970.0,8840.0,8870.0,100136,0.0,0.0
2021-07-27 00:00:00+09:00,8870.0,8960.0,8780.0,8840.0,86053,0.0,0.0
2021-07-28 00:00:00+09:00,8830.0,8860.0,8600.0,8640.0,130930,0.0,0.0
2021-07-29 00:00:00+09:00,8790.0,8840.0,8620.0,8690.0,82309,0.0,0.0
2021-07-30 00:00:00+09:00,8730.0,8740.0,8530.0,8550.0,69218,0.0,0.0
2021-08-02 00:00:00+09:00,8530.0,8680.0,8450.0,8560.0,61418,0.0,0.0
2021-08-03 00:00:00+09:00,8580.0,8650.0,8350.0,8440.0,98048,0.0,0.0
2021-08-04 00:00:00+09:00,8440.0,8550.0,8420.0,8500.0,47934,0.0,0.0
2021-08-05 00:00:00+09:00,8580.0,8990.0,8530.0,8850.0,355641,0.0,0.0
2021-08-06 00:00:00+09:00,9170.0,9200.0,8920.0,8970.0,527190,0.0,0.0
2021-08-09 00:00:00+09:00,8910.0,9270.0,8910.0,9100.0,371334,0.0,0.0
2021-08-10 00:00:00+09:00,9020.0,9210.0,8870.0,9120.0,238954,0.0,0.0
2021-08-11 00:00:00+09:00,9040.0,9210.0,8800.0,8810.0,226516,0.0,0.0
2021-08-12 00:00:00+09:00,8770.0,8890.0,8680.0,8700.0,108410,0.0,0.0
2021-08-13 00:00:00+09:00,8670.0,8700.0,8300.0,8500.0,257955,0.0,0.0
2021-08-17 00:00:00+09:00,8510.0,8510.0,8010.0,8040.0,265034,0.0,0.0
2021-08-18 00:00:00+09:00,7970.0,8290.0,7970.0,8250.0,102874,0.0,0.0
2021-08-19 00:00:00+09:00,8200.0,8270.0,7600.0,7700.0,277065,0.0,0.0
2021-08-20 00:00:00+09:00,7780.0,7820.0,7450.0,7600.0,119732,0.0,0.0
2021-08-23 00:00:00+09:00,7610.0,7760.0,7470.0,7660.0,99215,0.0,0.0
2021-08-24 00:00:00+09:00,7680.0,7960.0,7680.0,7850.0,82504,0.0,0.0
2021-08-25 00:00:00+09:00,7870.0,7930.0,7760.0,7860.0,52331,0.0,0.0
2021-08-26 00:00:00+09:00,7860.0,7930.0,7740.0,7800.0,46124,0.0,0.0
2021-08-27 00:00:00+09:00,7800.0,7950.0,7680.0,7880.0,47953,0.0,0.0
2021-08-30 00:00:00+09:00,8090.0,8090.0,7930.0,8000.0,65526,0.0,0.0
2021-08-31 00:00:00+09:00,8060.0,8090.0,7870.0,7990.0,39079,0.0,0.0
2021-09-01 00:00:00+09:00,7990.0,8050.0,7920.0,7970.0,52984,0.0,0.0
2021-09-02 00:00:00+09:00,8010.0,8010.0,7900.0,7930.0,56524,0.0,0.0
2021-09-03 00:00:00+09:00,7940.0,8240.0,7900.0,8040.0,140397,0.0,0.0
2021-09-06 00:00:00+09:00,8010.0,8070.0,7890.0,8030.0,69896,0.0,0.0
2021-09-07 00:00:00+09:00,8030.0,8030.0,7870.0,7900.0,78145,0.0,0.0
2021-09-08 00:00:00+09:00,7940.0,7940.0,7750.0,7810.0,71770,0.0,0.0
2021-09-09 00:00:00+09:00,7730.0,7860.0,7630.0,7650.0,87819,0.0,0.0
2021-09-10 00:00:00+09:00,7650.0,7750.0,7550.0,7630.0,55623,0.0,0.0
2021-09-13 00:00:00+09:00,7640.0,7750.0,7510.0,7630.0,90562,0.0,0.0
2021-09-14 00:00:00+09:00,7570.0,7700.0,7510.0,7640.0,43946,0.0,0.0
2021-09-15 00:00:00+09:00,7640.0,7650.0,7440.0,7450.0,187687,0.0,0.0
2021-09-16 00:00:00+09:00,7510.0,7530.0,7410.0,7500.0,54489,0.0,0.0
2021-09-17 00:00:00+09:00,7420.0,7570.0,7360.0,7570.0,50096,0.0,0.0
2021-09-23 00:00:00+09:00,7460.0,7540.0,7360.0,7370.0,92622,0.0,0.0
2021-09-24 00:00:00+09:00,7370.0,7450.0,7200.0,7240.0,80569,0.0,0.0
2021-09-27 00:00:00+09:00,7280.0,7320.0,7150.0,7230.0,73253,0.0,0.0
2021-09-28 00:00:00+09:00,7280.0,7280.0,6960.0,7020.0,147157,0.0,0.0
2021-09-29 00:00:00+09:00,6800.0,7020.0,6720.0,6940.0,116341,0.0,0.0
2021-09-30 00:00:00+09:00,6920.0,8050.0,6920.0,7250.0,904925,0.0,0.0
2021-10-01 00:00:00+09:00,7140.0,7250.0,7000.0,7000.0,83955,0.0,0.0
2021-10-05 00:00:00+09:00,6830.0,6900.0,6670.0,6720.0,131495,0.0,0.0
2021-10-06 00:00:00+09:00,6690.0,6840.0,6410.0,6490.0,188721,0.0,0.0
2021-10-07 00:00:00+09:00,6590.0,6670.0,6530.0,6610.0,58771,0.0,0.0
2021-10-08 00:00:00+09:00,6630.0,6750.0,6490.0,6570.0,74255,0.0,0.0
2021-10-12 00:00:00+09:00,6510.0,6510.0,6190.0,6260.0,107058,0.0,0.0
2021-10-13 00:00:00+09:00,6200.0,6380.0,6190.0,6300.0,81920,0.0,0.0
2021-10-14 00:00:00+09:00,6310.0,6550.0,6290.0,6500.0,107035,0.0,0.0
2021-10-15 00:00:00+09:00,6530.0,6610.0,6430.0,6580.0,97817,0.0,0.0
2021-10-18 00:00:00+09:00,6580.0,6590.0,6450.0,6480.0,80480,0.0,0.0
2021-10-19 00:00:00+09:00,6430.0,6600.0,6430.0,6550.0,74426,0.0,0.0
2021-10-20 00:00:00+09:00,6560.0,6680.0,6540.0,6570.0,107169,0.0,0.0
2021-10-21 00:00:00+09:00,6590.0,6600.0,6430.0,6560.0,39922,0.0,0.0
2021-10-22 00:00:00+09:00,6490.0,6620.0,6490.0,6570.0,63132,0.0,0.0
2021-10-25 00:00:00+09:00,6570.0,6650.0,6470.0,6560.0,42960,0.0,0.0
2021-10-26 00:00:00+09:00,6450.0,7090.0,6450.0,6990.0,276608,0.0,0.0
2021-10-27 00:00:00+09:00,7130.0,7290.0,7020.0,7180.0,200121,0.0,0.0
2021-10-28 00:00:00+09:00,7250.0,7270.0,7090.0,7150.0,116437,0.0,0.0
2021-10-29 00:00:00+09:00,7150.0,7510.0,7120.0,7200.0,178775,0.0,0.0
2021-11-01 00:00:00+09:00,7300.0,7550.0,7170.0,7270.0,188186,0.0,0.0
2021-11-02 00:00:00+09:00,7330.0,7370.0,7150.0,7370.0,75154,0.0,0.0
2021-11-03 00:00:00+09:00,7300.0,7340.0,7220.0,7270.0,54807,0.0,0.0
2021-11-04 00:00:00+09:00,7230.0,7350.0,6940.0,7150.0,92555,0.0,0.0
2021-11-05 00:00:00+09:00,7080.0,7140.0,6810.0,6900.0,73728,0.0,0.0
2021-11-08 00:00:00+09:00,6800.0,6990.0,6610.0,6910.0,59589,0.0,0.0
2021-11-09 00:00:00+09:00,6850.0,6910.0,6710.0,6710.0,37477,0.0,0.0
2021-11-10 00:00:00+09:00,6710.0,6720.0,6430.0,6490.0,89895,0.0,0.0
2021-11-11 00:00:00+09:00,6460.0,6680.0,6410.0,6500.0,55004,0.0,0.0
2021-11-12 00:00:00+09:00,6500.0,7050.0,6470.0,6920.0,124283,0.0,0.0
2021-11-15 00:00:00+09:00,6850.0,7750.0,6850.0,7620.0,754189,0.0,0.0
2021-11-16 00:00:00+09:00,7500.0,7880.0,7490.0,7650.0,245654,0.0,0.0
2021-11-17 00:00:00+09:00,7670.0,8430.0,7550.0,8360.0,999196,0.0,0.0
2021-11-18 00:00:00+09:00,8360.0,8550.0,8050.0,8500.0,395676,0.0,0.0
2021-11-19 00:00:00+09:00,8560.0,8630.0,8190.0,8580.0,444378,0.0,0.0
2021-11-22 00:00:00+09:00,8580.0,8690.0,8150.0,8370.0,284537,0.0,0.0
2021-11-23 00:00:00+09:00,8290.0,8400.0,7880.0,7910.0,165104,0.0,0.0
2021-11-24 00:00:00+09:00,7970.0,8000.0,7640.0,7860.0,123553,0.0,0.0
2021-11-25 00:00:00+09:00,7750.0,7800.0,7600.0,7650.0,110933,0.0,0.0
2021-11-26 00:00:00+09:00,7580.0,7760.0,7460.0,7500.0,120437,0.0,0.0
2021-11-29 00:00:00+09:00,7130.0,7440.0,7070.0,7310.0,130280,0.0,0.0
2021-11-30 00:00:00+09:00,7270.0,7440.0,6830.0,6930.0,178897,0.0,0.0
2021-12-01 00:00:00+09:00,6930.0,7090.0,6700.0,7090.0,86266,0.0,0.0
2021-12-02 00:00:00+09:00,6910.0,7340.0,6910.0,7250.0,52908,0.0,0.0
2021-12-03 00:00:00+09:00,7390.0,8100.0,7260.0,7900.0,631857,0.0,0.0
2021-12-06 00:00:00+09:00,7880.0,7880.0,7660.0,7790.0,113643,0.0,0.0
2021-12-07 00:00:00+09:00,7790.0,8150.0,7750.0,7790.0,198957,0.0,0.0
2021-12-08 00:00:00+09:00,7830.0,7850.0,7600.0,7700.0,94081,0.0,0.0
2021-12-09 00:00:00+09:00,7690.0,7790.0,7600.0,7680.0,47369,0.0,0.0
2021-12-10 00:00:00+09:00,7680.0,7710.0,7540.0,7540.0,75740,0.0,0.0
2021-12-13 00:00:00+09:00,7850.0,8380.0,7850.0,8170.0,2837595,0.0,0.0
2021-12-14 00:00:00+09:00,8050.0,8430.0,7900.0,8350.0,1050913,0.0,0.0
2021-12-15 00:00:00+09:00,8500.0,8500.0,8080.0,8300.0,555889,0.0,0.0
2021-12-16 00:00:00+09:00,8440.0,10400.0,8230.0,9220.0,11972750,0.0,0.0
2021-12-17 00:00:00+09:00,9280.0,9710.0,9140.0,9350.0,2797760,0.0,0.0
2021-12-20 00:00:00+09:00,9530.0,9590.0,8750.0,8780.0,1357925,0.0,0.0
2021-12-21 00:00:00+09:00,9000.0,9960.0,8900.0,8930.0,6134039,0.0,0.0
2021-12-22 00:00:00+09:00,9660.0,9890.0,9110.0,9350.0,2834124,0.0,0.0
2021-12-23 00:00:00+09:00,9250.0,9690.0,8950.0,9280.0,2387378,0.0,0.0
2021-12-24 00:00:00+09:00,9330.0,9800.0,9090.0,9760.0,2360512,0.0,0.0
2021-12-27 00:00:00+09:00,10100.0,10750.0,9880.0,9930.0,6405187,0.0,0.0
2021-12-28 00:00:00+09:00,9940.0,9950.0,9340.0,9380.0,1508712,0.0,0.0
2021-12-29 00:00:00+09:00,9470.0,9710.0,9250.0,9380.0,1047553,0.0,0.0
2021-12-30 00:00:00+09:00,9770.0,9880.0,9410.0,9550.0,1627188,0.0,0.0
2022-01-04 00:00:00+09:00,9900.0,10350.0,9630.0,9890.0,3580835,0.0,0.0
2022-01-05 00:00:00+09:00,9980.0,10250.0,8970.0,9000.0,1983557,0.0,0.0
2022-01-06 00:00:00+09:00,8700.0,8820.0,8110.0,8150.0,883586,0.0,0.0
2022-01-07 00:00:00+09:00,8310.0,8890.0,8300.0,8850.0,1254744,0.0,0.0
2022-01-10 00:00:00+09:00,8700.0,9070.0,8430.0,8620.0,616811,0.0,0.0
2022-01-11 00:00:00+09:00,8620.0,8680.0,8200.0,8300.0,355958,0.0,0.0
2022-01-12 00:00:00+09:00,8390.0,8490.0,8270.0,8330.0,283329,0.0,0.0
2022-01-13 00:00:00+09:00,8400.0,8800.0,8330.0,8580.0,493306,0.0,0.0
2022-01-14 00:00:00+09:00,8500.0,8590.0,8330.0,8400.0,298423,0.0,0.0
2022-01-17 00:00:00+09:00,8400.0,8400.0,7880.0,7920.0,349752,0.0,0.0
2022-01-18 00:00:00+09:00,7970.0,8200.0,7580.0,7640.0,265408,0.0,0.0
2022-01-19 00:00:00+09:00,7500.0,7700.0,7300.0,7450.0,355762,0.0,0.0
2022-01-20 00:00:00+09:00,7400.0,7680.0,7330.0,7580.0,246717,0.0,0.0
2022-01-21 00:00:00+09:00,7500.0,7680.0,7380.0,7440.0,186977,0.0,0.0
2022-01-24 00:00:00+09:00,7320.0,7390.0,6980.0,7120.0,254988,0.0,0.0
2022-01-25 00:00:00+09:00,7200.0,7300.0,6760.0,6780.0,282190,0.0,0.0
2022-01-26 00:00:00+09:00,6780.0,8810.0,6700.0,8360.0,11462930,0.0,0.0
2022-01-27 00:00:00+09:00,8490.0,9330.0,7730.0,7870.0,5365023,0.0,0.0
2022-01-28 00:00:00+09:00,8010.0,8470.0,7890.0,8110.0,3635888,0.0,0.0
2022-02-03 00:00:00+09:00,8130.0,8330.0,8040.0,8270.0,1154304,0.0,0.0
2022-02-04 00:00:00+09:00,8420.0,9070.0,8320.0,8560.0,5727751,0.0,0.0
2022-02-07 00:00:00+09:00,8500.0,8650.0,8280.0,8430.0,764350,0.0,0.0
2022-02-08 00:00:00+09:00,8480.0,9000.0,8100.0,8150.0,1728326,0.0,0.0
2022-02-09 00:00:00+09:00,8220.0,8450.0,8100.0,8200.0,400595,0.0,0.0
2022-02-10 00:00:00+09:00,8280.0,8280.0,7920.0,7930.0,420147,0.0,0.0
2022-02-11 00:00:00+09:00,7780.0,7870.0,7380.0,7400.0,552761,0.0,0.0
2022-02-14 00:00:00+09:00,7300.0,7370.0,6960.0,7060.0,341718,0.0,0.0
2022-02-15 00:00:00+09:00,7020.0,7340.0,6960.0,7080.0,325719,0.0,0.0
2022-02-16 00:00:00+09:00,7220.0,7380.0,7210.0,7320.0,189661,0.0,0.0
2022-02-17 00:00:00+09:00,7360.0,7450.0,7010.0,7160.0,295445,0.0,0.0
2022-02-18 00:00:00+09:00,7020.0,7340.0,7010.0,7330.0,142949,0.0,0.0
2022-02-21 00:00:00+09:00,7220.0,7390.0,7120.0,7360.0,118709,0.0,0.0
2022-02-22 00:00:00+09:00,7090.0,7260.0,7070.0,7080.0,158386,0.0,0.0
2022-02-23 00:00:00+09:00,7120.0,9200.0,7110.0,9200.0,7767512,0.0,0.0
2022-02-24 00:00:00+09:00,9090.0,9570.0,8650.0,8710.0,8735751,0.0,0.0
2022-02-25 00:00:00+09:00,9030.0,9970.0,8800.0,9030.0,12912270,0.0,0.0
2022-02-28 00:00:00+09:00,8880.0,9430.0,8810.0,9130.0,3366821,0.0,0.0
2022-03-02 00:00:00+09:00,9070.0,9820.0,8950.0,9420.0,4973648,0.0,0.0
2022-03-03 00:00:00+09:00,9420.0,9430.0,9000.0,9040.0,1203489,0.0,0.0
2022-03-04 00:00:00+09:00,9040.0,9210.0,8880.0,9080.0,836366,0.0,0.0
2022-03-07 00:00:00+09:00,9050.0,9090.0,8720.0,8720.0,615222,0.0,0.0
2022-03-08 00:00:00+09:00,8490.0,8940.0,8470.0,8600.0,727943,0.0,0.0
2022-03-10 00:00:00+09:00,8900.0,9470.0,8790.0,9170.0,3238351,0.0,0.0
2022-03-11 00:00:00+09:00,9080.0,9330.0,9050.0,9310.0,1069825,0.0,0.0
2022-03-14 00:00:00+09:00,9370.0,9790.0,9150.0,9380.0,2968814,0.0,0.0
2022-03-15 00:00:00+09:00,9520.0,9540.0,9180.0,9270.0,846554,0.0,0.0
2022-03-16 00:00:00+09:00,9370.0,9420.0,9070.0,9310.0,1038248,0.0,0.0
2022-03-17 00:00:00+09:00,9840.0,10300.0,9160.0,9190.0,5205197,0.0,0.0
2022-03-18 00:00:00+09:00,9410.0,9690.0,9210.0,9500.0,2332413,0.0,0.0
2022-03-21 00:00:00+09:00,9680.0,9820.0,9320.0,9480.0,2221836,0.0,0.0
2022-03-22 00:00:00+09:00,9370.0,9560.0,9320.0,9480.0,537264,0.0,0.0
2022-03-23 00:00:00+09:00,9560.0,9560.0,9250.0,9460.0,900043,0.0,0.0
2022-03-24 00:00:00+09:00,9370.0,9410.0,9220.0,9360.0,488669,0.0,0.0
2022-03-25 00:00:00+09:00,9490.0,9880.0,9350.0,9680.0,3334752,0.0,0.0
2022-03-28 00:00:00+09:00,9700.0,10100.0,9500.0,9620.0,2669124,0.0,0.0
2022-03-29 00:00:00+09:00,9740.0,9830.0,9400.0,9550.0,829640,0.0,0.0
2022-03-30 00:00:00+09:00,9520.0,9620.0,8960.0,9060.0,946843,0.0,0.0
2022-03-31 00:00:00+09:00,9000.0,9220.0,8960.0,9130.0,294496,0.0,0.0
2022-04-01 00:00:00+09:00,9010.0,9160.0,9010.0,9010.0,233333,0.0,0.0
2022-04-04 00:00:00+09:00,9060.0,9130.0,8940.0,9020.0,232340,0.0,0.0
2022-04-05 00:00:00+09:00,9040.0,9120.0,8980.0,9000.0,166913,0.0,0.0
2022-04-06 00:00:00+09:00,8940.0,9180.0,8810.0,8950.0,325615,0.0,0.0
2022-04-07 00:00:00+09:00,8850.0,8900.0,8550.0,8690.0,413210,0.0,0.0
2022-04-08 00:00:00+09:00,8630.0,8800.0,8500.0,8610.0,220555,0.0,0.0
2022-04-11 00:00:00+09:00,8630.0,8900.0,8580.0,8660.0,349741,0.0,0.0
2022-04-12 00:00:00+09:00,8500.0,8580.0,8140.0,8350.0,310495,0.0,0.0
2022-04-13 00:00:00+09:00,8440.0,9800.0,8360.0,8970.0,4299684,0.0,0.0
2022-04-14 00:00:00+09:00,8850.0,8900.0,8720.0,8770.0,541052,0.0,0.0
2022-04-15 00:00:00+09:00,8750.0,8790.0,8580.0,8700.0,293932,0.0,0.0
2022-04-18 00:00:00+09:00,8620.0,8740.0,8540.0,8550.0,185226,0.0,0.0
2022-04-19 00:00:00+09:00,8580.0,8730.0,8550.0,8610.0,220542,0.0,0.0
2022-04-20 00:00:00+09:00,8610.0,8610.0,8460.0,8470.0,194983,0.0,0.0
2022-04-21 00:00:00+09:00,8490.0,8670.0,8480.0,8610.0,308704,0.0,0.0
2022-04-22 00:00:00+09:00,8930.0,9100.0,8520.0,8520.0,1186066,0.0,0.0
2022-04-25 00:00:00+09:00,8350.0,8400.0,8160.0,8170.0,313217,0.0,0.0
2022-04-26 00:00:00+09:00,8210.0,8790.0,8170.0,8390.0,925676,0.0,0.0
2022-04-27 00:00:00+09:00,8210.0,8270.0,8090.0,8180.0,217096,0.0,0.0
2022-04-28 00:00:00+09:00,8280.0,8290.0,8140.0,8160.0,100343,0.0,0.0
2022-04-29 00:00:00+09:00,8210.0,8300.0,8170.0,8250.0,106635,0.0,0.0
2022-05-03 00:00:00+09:00,8200.0,8980.0,8150.0,8370.0,1174795,0.0,0.0
2022-05-04 00:00:00+09:00,8540.0,8550.0,8190.0,8200.0,322112,0.0,0.0
2022-05-06 00:00:00+09:00,8070.0,8170.0,8040.0,8060.0,130860,0.0,0.0
2022-05-10 00:00:00+09:00,7400.0,7600.0,7080.0,7540.0,327463,0.0,0.0
2022-05-11 00:00:00+09:00,7540.0,7660.0,7420.0,7490.0,117414,0.0,0.0
2022-05-12 00:00:00+09:00,7300.0,7390.0,7030.0,7090.0,189460,0.0,0.0
2022-05-13 00:00:00+09:00,7100.0,7360.0,7100.0,7290.0,123732,0.0,0.0
2022-05-16 00:00:00+09:00,7340.0,7480.0,7320.0,7340.0,95829,0.0,0.0
2022-05-17 00:00:00+09:00,7380.0,7640.0,7340.0,7570.0,209697,0.0,0.0
2022-05-18 00:00:00+09:00,7640.0,7940.0,7550.0,7800.0,420317,0.0,0.0
2022-05-19 00:00:00+09:00,7830.0,8360.0,7810.0,8070.0,1031370,0.0,0.0
2022-05-20 00:00:00+09:00,8070.0,8220.0,7860.0,8020.0,382771,0.0,0.0
2022-05-23 00:00:00+09:00,8160.0,8280.0,8000.0,8020.0,236393,0.0,0.0
2022-05-24 00:00:00+09:00,7990.0,9000.0,7940.0,8000.0,1908355,0.0,0.0
2022-05-25 00:00:00+09:00,8110.0,8130.0,7910.0,7960.0,187668,0.0,0.0
2022-05-26 00:00:00+09:00,7960.0,8130.0,7800.0,7820.0,135450,0.0,0.0
2022-05-27 00:00:00+09:00,7830.0,7980.0,7830.0,7840.0,79389,0.0,0.0
2022-05-30 00:00:00+09:00,8000.0,8100.0,7870.0,8030.0,131826,0.0,0.0
2022-05-31 00:00:00+09:00,8110.0,8180.0,8030.0,8040.0,121551,0.0,0.0
2022-06-02 00:00:00+09:00,8020.0,8230.0,7930.0,8090.0,280632,0.0,0.0
2022-06-03 00:00:00+09:00,8150.0,8160.0,7980.0,7980.0,111228,0.0,0.0
2022-06-07 00:00:00+09:00,8060.0,9940.0,7970.0,9060.0,14955980,0.0,0.0
2022-06-08 00:00:00+09:00,9110.0,9980.0,8940.0,9300.0,10531210,0.0,0.0
2022-06-09 00:00:00+09:00,9250.0,9770.0,8910.0,8940.0,3221690,0.0,0.0
2022-06-10 00:00:00+09:00,8880.0,9030.0,8670.0,8780.0,910139,0.0,0.0
2022-06-13 00:00:00+09:00,8560.0,8830.0,8290.0,8300.0,1023033,0.0,0.0
2022-06-14 00:00:00+09:00,8140.0,8590.0,8040.0,8570.0,1153384,0.0,0.0
2022-06-15 00:00:00+09:00,8520.0,8890.0,8250.0,8640.0,1990042,0.0,0.0
2022-06-16 00:00:00+09:00,8790.0,8880.0,8330.0,8350.0,936191,0.0,0.0
2022-06-17 00:00:00+09:00,8040.0,8090.0,7830.0,7960.0,557296,0.0,0.0
2022-06-20 00:00:00+09:00,8050.0,8070.0,7390.0,7450.0,524644,0.0,0.0
2022-06-21 00:00:00+09:00,7450.0,7690.0,7230.0,7480.0,349910,0.0,0.0
2022-06-22 00:00:00+09:00,7490.0,7540.0,6810.0,6810.0,552800,0.0,0.0
2022-06-23 00:00:00+09:00,6770.0,6990.0,6410.0,6410.0,540409,0.0,0.0
2022-06-24 00:00:00+09:00,6410.0,6840.0,6400.0,6750.0,233238,0.0,0.0
2022-06-27 00:00:00+09:00,6950.0,7200.0,6790.0,7120.0,290008,0.0,0.0
2022-06-28 00:00:00+09:00,7160.0,7380.0,7050.0,7180.0,209701,0.0,0.0
2022-06-29 00:00:00+09:00,7000.0,7260.0,7000.0,7210.0,101182,0.0,0.0
2022-06-30 00:00:00+09:00,7150.0,7250.0,6910.0,6940.0,204123,0.0,0.0
2022-07-01 00:00:00+09:00,6940.0,7100.0,6710.0,6760.0,232727,0.0,0.0
2022-07-04 00:00:00+09:00,6760.0,6970.0,6480.0,6630.0,215565,0.0,0.0
2022-07-05 00:00:00+09:00,6690.0,6890.0,6650.0,6890.0,114846,0.0,0.0
2022-07-06 00:00:00+09:00,6850.0,7490.0,6730.0,6890.0,586736,0.0,0.0
2022-07-07 00:00:00+09:00,6880.0,7240.0,6860.0,7110.0,323226,0.0,0.0
2022-07-08 00:00:00+09:00,7200.0,7310.0,7080.0,7090.0,216569,0.0,0.0
2022-07-11 00:00:00+09:00,7130.0,7160.0,6970.0,7060.0,103442,0.0,0.0
2022-07-12 00:00:00+09:00,6920.0,6990.0,6780.0,6870.0,147544,0.0,0.0
2022-07-13 00:00:00+09:00,6800.0,7000.0,6780.0,6920.0,106166,0.0,0.0
2022-07-14 00:00:00+09:00,6830.0,7350.0,6790.0,7270.0,575174,0.0,0.0
2022-07-15 00:00:00+09:00,7240.0,7250.0,6910.0,6970.0,367013,0.0,0.0
2022-07-18 00:00:00+09:00,7030.0,7260.0,6930.0,7140.0,456627,0.0,0.0
2022-07-19 00:00:00+09:00,7030.0,7180.0,7030.0,7140.0,177739,0.0,0.0
2022-07-20 00:00:00+09:00,7250.0,7290.0,7100.0,7140.0,215289,0.0,0.0
2022-07-21 00:00:00+09:00,7150.0,7300.0,7150.0,7190.0,223682,0.0,0.0
2022-07-22 00:00:00+09:00,7240.0,7320.0,7160.0,7170.0,150964,0.0,0.0
2022-07-25 00:00:00+09:00,7080.0,7160.0,7010.0,7100.0,119664,0.0,0.0
2022-07-26 00:00:00+09:00,7070.0,7190.0,7060.0,7120.0,114140,0.0,0.0
2022-07-27 00:00:00+09:00,7120.0,7250.0,7100.0,7240.0,139067,0.0,0.0
2022-07-28 00:00:00+09:00,7390.0,7390.0,7240.0,7250.0,182125,0.0,0.0
2022-07-29 00:00:00+09:00,7300.0,7400.0,7300.0,7360.0,178447,0.0,0.0
2022-08-01 00:00:00+09:00,7450.0,7550.0,7350.0,7450.0,337483,0.0,0.0
2022-08-02 00:00:00+09:00,7590.0,8480.0,7540.0,7970.0,4624255,0.0,0.0
2022-08-03 00:00:00+09:00,8030.0,8070.0,7850.0,8020.0,588863,0.0,0.0
2022-08-04 00:00:00+09:00,8130.0,8160.0,7850.0,7940.0,443414,0.0,0.0
2022-08-05 00:00:00+09:00,7870.0,8000.0,7850.0,7940.0,241649,0.0,0.0
2022-08-08 00:00:00+09:00,8270.0,8570.0,8080.0,8190.0,2274589,0.0,0.0
2022-08-09 00:00:00+09:00,8190.0,8200.0,8000.0,8040.0,281262,0.0,0.0
2022-08-10 00:00:00+09:00,8040.0,8070.0,7890.0,7920.0,213867,0.0,0.0
2022-08-11 00:00:00+09:00,7990.0,8100.0,7960.0,8100.0,213285,0.0,0.0
2022-08-12 00:00:00+09:00,8140.0,8390.0,8060.0,8230.0,659900,0.0,0.0
2022-08-16 00:00:00+09:00,8270.0,8460.0,8170.0,8170.0,427559,0.0,0.0
2022-08-17 00:00:00+09:00,8310.0,8350.0,8160.0,8190.0,194970,0.0,0.0
2022-08-18 00:00:00+09:00,8200.0,8470.0,8100.0,8370.0,506291,0.0,0.0
2022-08-19 00:00:00+09:00,8450.0,8450.0,8100.0,8100.0,292161,0.0,0.0
2022-08-22 00:00:00+09:00,7950.0,8020.0,7820.0,7870.0,177546,0.0,0.0
2022-08-23 00:00:00+09:00,7790.0,7960.0,7620.0,7870.0,234522,0.0,0.0
2022-08-24 00:00:00+09:00,7900.0,8230.0,7880.0,8200.0,316937,0.0,0.0
2022-08-25 00:00:00+09:00,8220.0,8390.0,8140.0,8320.0,298609,0.0,0.0
2022-08-26 00:00:00+09:00,8350.0,8430.0,7950.0,8280.0,272379,0.0,0.0
2022-08-29 00:00:00+09:00,7940.0,8020.0,7750.0,7820.0,307249,0.0,0.0
2022-08-30 00:00:00+09:00,7940.0,7960.0,7810.0,7920.0,100131,0.0,0.0
2022-08-31 00:00:00+09:00,7860.0,8030.0,7790.0,7910.0,131318,0.0,0.0
2022-09-01 00:00:00+09:00,7910.0,8160.0,7750.0,7750.0,237498,0.0,0.0
2022-09-02 00:00:00+09:00,7790.0,7870.0,7670.0,7690.0,110318,0.0,0.0
2022-09-05 00:00:00+09:00,7690.0,7730.0,7300.0,7370.0,192150,0.0,0.0
2022-09-06 00:00:00+09:00,7510.0,7590.0,7390.0,7410.0,78859,0.0,0.0
2022-09-07 00:00:00+09:00,7320.0,7390.0,7040.0,7070.0,234764,0.0,0.0
2022-09-08 00:00:00+09:00,7150.0,7390.0,7130.0,7160.0,178180,0.0,0.0
2022-09-13 00:00:00+09:00,7310.0,7610.0,7310.0,7600.0,244576,0.0,0.0
2022-09-14 00:00:00+09:00,7280.0,7590.0,7180.0,7580.0,244709,0.0,0.0
2022-09-15 00:00:00+09:00,7690.0,7960.0,7450.0,7730.0,338174,0.0,0.0
2022-09-16 00:00:00+09:00,7660.0,8370.0,7650.0,8050.0,1558979,0.0,0.0
2022-09-19 00:00:00+09:00,8190.0,8200.0,7710.0,7720.0,427784,0.0,0.0
2022-09-20 00:00:00+09:00,7750.0,8070.0,7680.0,8030.0,416130,0.0,0.0
2022-09-21 00:00:00+09:00,7950.0,8400.0,7900.0,8120.0,787060,0.0,0.0
2022-09-22 00:00:00+09:00,8130.0,8310.0,7970.0,8250.0,823573,0.0,0.0
2022-09-23 00:00:00+09:00,8200.0,8210.0,7800.0,7880.0,432399,0.0,0.0
2022-09-26 00:00:00+09:00,7750.0,7770.0,6970.0,7000.0,615979,0.0,0.0
2022-09-27 00:00:00+09:00,6960.0,7650.0,6810.0,7160.0,1104927,0.0,0.0
2022-09-28 00:00:00+09:00,7090.0,7200.0,6460.0,6630.0,506826,0.0,0.0
2022-09-29 00:00:00+09:00,6800.0,6980.0,6590.0,6600.0,217263,0.0,0.0
2022-09-30 00:00:00+09:00,6420.0,6690.0,6420.0,6520.0,212153,0.0,0.0
2022-10-04 00:00:00+09:00,6700.0,6840.0,6610.0,6840.0,153164,0.0,0.0
2022-10-05 00:00:00+09:00,6940.0,6980.0,6690.0,6780.0,114078,0.0,0.0
2022-10-06 00:00:00+09:00,6830.0,7070.0,6820.0,7010.0,221188,0.0,0.0
2022-10-07 00:00:00+09:00,7010.0,7170.0,6950.0,7010.0,263722,0.0,0.0
2022-10-11 00:00:00+09:00,6780.0,6780.0,6510.0,6550.0,157288,0.0,0.0
2022-10-12 00:00:00+09:00,6490.0,6640.0,6470.0,6560.0,96891,0.0,0.0
2022-10-13 00:00:00+09:00,6450.0,6560.0,5840.0,5900.0,360877,0.0,0.0
2022-10-14 00:00:00+09:00,6090.0,6100.0,6000.0,6020.0,122435,0.0,0.0
2022-10-17 00:00:00+09:00,5900.0,6050.0,5530.0,6040.0,195540,0.0,0.0
2022-10-18 00:00:00+09:00,6130.0,6250.0,6090.0,6200.0,128339,0.0,0.0
2022-10-19 00:00:00+09:00,6220.0,6280.0,6000.0,6000.0,99575,0.0,0.0
2022-10-20 00:00:00+09:00,5940.0,6080.0,5840.0,5930.0,79288,0.0,0.0
2022-10-21 00:00:00+09:00,5930.0,6020.0,5800.0,5860.0,70280,0.0,0.0
2022-10-24 00:00:00+09:00,6010.0,6040.0,5910.0,5910.0,67167,0.0,0.0
2022-10-25 00:00:00+09:00,5910.0,6030.0,5870.0,5930.0,60224,0.0,0.0
2022-10-26 00:00:00+09:00,5980.0,5990.0,5810.0,5810.0,63397,0.0,0.0
2022-10-27 00:00:00+09:00,5810.0,5900.0,5620.0,5840.0,102629,0.0,0.0
2022-10-28 00:00:00+09:00,5790.0,5900.0,5750.0,5820.0,67217,0.0,0.0
2022-10-31 00:00:00+09:00,5850.0,5890.0,5820.0,5860.0,47885,0.0,0.0
2022-11-01 00:00:00+09:00,5860.0,6080.0,5780.0,6040.0,130446,0.0,0.0
2022-11-02 00:00:00+09:00,6040.0,6040.0,5920.0,5980.0,47679,0.0,0.0
2022-11-03 00:00:00+09:00,5750.0,5980.0,5740.0,5960.0,69847,0.0,0.0
2022-11-04 00:00:00+09:00,5970.0,6100.0,5890.0,5960.0,65810,0.0,0.0
2022-11-07 00:00:00+09:00,5970.0,6080.0,5910.0,6010.0,65944,0.0,0.0
2022-11-08 00:00:00+09:00,6020.0,6390.0,6020.0,6330.0,266131,0.0,0.0
2022-11-09 00:00:00+09:00,6360.0,6390.0,6170.0,6190.0,121769,0.0,0.0
2022-11-10 00:00:00+09:00,6140.0,6280.0,6080.0,6240.0,83330,0.0,0.0
2022-11-11 00:00:00+09:00,6690.0,6690.0,6230.0,6310.0,174124,0.0,0.0
2022-11-14 00:00:00+09:00,6300.0,6490.0,6290.0,6290.0,140470,0.0,0.0
2022-11-15 00:00:00+09:00,6280.0,6340.0,6160.0,6320.0,121476,0.0,0.0
2022-11-16 00:00:00+09:00,6360.0,6410.0,6250.0,6350.0,89916,0.0,0.0
2022-11-17 00:00:00+09:00,6350.0,6470.0,6230.0,6390.0,152319,0.0,0.0
2022-11-18 00:00:00+09:00,6400.0,6640.0,6380.0,6420.0,195380,0.0,0.0
2022-11-21 00:00:00+09:00,6430.0,6490.0,6170.0,6180.0,119696,0.0,0.0
2022-11-22 00:00:00+09:00,6130.0,6360.0,6090.0,6250.0,101734,0.0,0.0
2022-11-23 00:00:00+09:00,6270.0,6410.0,6270.0,6360.0,75239,0.0,0.0
2022-11-24 00:00:00+09:00,6420.0,6450.0,6300.0,6370.0,51520,0.0,0.0
2022-11-25 00:00:00+09:00,6390.0,6390.0,6300.0,6360.0,35424,0.0,0.0
2022-11-28 00:00:00+09:00,6360.0,6360.0,6170.0,6210.0,87785,0.0,0.0
2022-11-29 00:00:00+09:00,6180.0,6310.0,6160.0,6300.0,37093,0.0,0.0
2022-11-30 00:00:00+09:00,6230.0,6360.0,6230.0,6300.0,57033,0.0,0.0
2022-12-01 00:00:00+09:00,6380.0,6430.0,6290.0,6320.0,60968,0.0,0.0
2022-12-02 00:00:00+09:00,6440.0,6540.0,6380.0,6500.0,186633,0.0,0.0
2022-12-05 00:00:00+09:00,6580.0,6780.0,6550.0,6680.0,275171,0.0,0.0
2022-12-06 00:00:00+09:00,6650.0,6650.0,6380.0,6500.0,86745,0.0,0.0
2022-12-07 00:00:00+09:00,6490.0,6490.0,6280.0,6360.0,50824,0.0,0.0
2022-12-08 00:00:00+09:00,6360.0,6400.0,6260.0,6270.0,57061,0.0,0.0
2022-12-09 00:00:00+09:00,6270.0,6340.0,6210.0,6230.0,48637,0.0,0.0
2022-12-12 00:00:00+09:00,6240.0,6270.0,6200.0,6210.0,29839,0.0,0.0
2022-12-13 00:00:00+09:00,6330.0,6360.0,6220.0,6250.0,42068,0.0,0.0
2022-12-14 00:00:00+09:00,6220.0,6430.0,6210.0,6430.0,53186,0.0,0.0
2022-12-15 00:00:00+09:00,6430.0,6560.0,6390.0,6450.0,82217,0.0,0.0
2022-12-16 00:00:00+09:00,6260.0,6340.0,6240.0,6250.0,43335,0.0,0.0
2022-12-19 00:00:00+09:00,6270.0,6460.0,6050.0,6250.0,89151,0.0,0.0
2022-12-20 00:00:00+09:00,6250.0,6340.0,6150.0,6160.0,59470,0.0,0.0
2022-12-21 00:00:00+09:00,6250.0,6250.0,6100.0,6170.0,39676,0.0,0.0
2022-12-22 00:00:00+09:00,6200.0,6420.0,6150.0,6170.0,128573,0.0,0.0
2022-12-23 00:00:00+09:00,6130.0,6150.0,5930.0,6150.0,90333,0.0,0.0
2022-12-26 00:00:00+09:00,6120.0,6120.0,5990.0,5990.0,47751,0.0,0.0
2022-12-27 00:00:00+09:00,5950.0,6080.0,5950.0,6000.0,35538,0.0,0.0
2022-12-28 00:00:00+09:00,6000.0,6130.0,6000.0,6040.0,28267,0.0,0.0
2022-12-29 00:00:00+09:00,6040.0,6100.0,5850.0,6000.0,67051,0.0,0.0
2023-01-02 00:00:00+09:00,6000.0,6140.0,5900.0,5960.0,65381,0.0,0.0
2023-01-03 00:00:00+09:00,5980.0,6160.0,5860.0,6040.0,110733,0.0,0.0
2023-01-04 00:00:00+09:00,6010.0,6300.0,5900.0,6260.0,88338,0.0,0.0
2023-01-05 00:00:00+09:00,6260.0,6360.0,6140.0,6160.0,83733,0.0,0.0
2023-01-06 00:00:00+09:00,6110.0,6490.0,6110.0,6270.0,178977,0.0,0.0
2023-01-09 00:00:00+09:00,6500.0,6750.0,6400.0,6580.0,476084,0.0,0.0
2023-01-10 00:00:00+09:00,6600.0,7000.0,6550.0,6690.0,589697,0.0,0.0
2023-01-11 00:00:00+09:00,6790.0,6940.0,6630.0,6780.0,186093,0.0,0.0
2023-01-12 00:00:00+09:00,6820.0,6850.0,6590.0,6610.0,125823,0.0,0.0
2023-01-13 00:00:00+09:00,6630.0,6800.0,6610.0,6730.0,132331,0.0,0.0
2023-01-16 00:00:00+09:00,6820.0,7000.0,6700.0,6820.0,182139,0.0,0.0
2023-01-17 00:00:00+09:00,6860.0,7150.0,6790.0,6930.0,310360,0.0,0.0
2023-01-18 00:00:00+09:00,6970.0,7260.0,6810.0,7180.0,583748,0.0,0.0
2023-01-19 00:00:00+09:00,7070.0,7630.0,7030.0,7200.0,752055,0.0,0.0
2023-01-20 00:00:00+09:00,7290.0,7430.0,7050.0,7330.0,271369,0.0,0.0
2023-01-25 00:00:00+09:00,7350.0,7650.0,7280.0,7410.0,1495719,0.0,0.0
2023-01-26 00:00:00+09:00,7620.0,8510.0,7500.0,7670.0,3477926,0.0,0.0
2023-01-27 00:00:00+09:00,7790.0,7910.0,7520.0,7710.0,614471,0.0,0.0
2023-01-30 00:00:00+09:00,7810.0,7940.0,7660.0,7750.0,481581,0.0,0.0
2023-01-31 00:00:00+09:00,8000.0,8300.0,7830.0,7950.0,1543262,0.0,0.0
2023-02-01 00:00:00+09:00,8240.0,8240.0,7450.0,8020.0,1231796,0.0,0.0
2023-02-02 00:00:00+09:00,8000.0,8120.0,7890.0,8000.0,448252,0.0,0.0
2023-02-03 00:00:00+09:00,7980.0,7990.0,7700.0,7840.0,321784,0.0,0.0
2023-02-06 00:00:00+09:00,7800.0,7800.0,7570.0,7630.0,286266,0.0,0.0
2023-02-07 00:00:00+09:00,7630.0,7700.0,7530.0,7600.0,262381,0.0,0.0
2023-02-08 00:00:00+09:00,7650.0,7840.0,7590.0,7710.0,219745,0.0,0.0
2023-02-09 00:00:00+09:00,7760.0,7900.0,7620.0,7750.0,214958,0.0,0.0
2023-02-10 00:00:00+09:00,7700.0,7780.0,7530.0,7680.0,227953,0.0,0.0
2023-02-13 00:00:00+09:00,7680.0,8160.0,7560.0,7880.0,598332,0.0,0.0
2023-02-14 00:00:00+09:00,7800.0,7900.0,7600.0,7600.0,308209,0.0,0.0
2023-02-15 00:00:00+09:00,7600.0,7650.0,7140.0,7300.0,296176,0.0,0.0
2023-02-16 00:00:00+09:00,7280.0,7500.0,7280.0,7340.0,129619,0.0,0.0
2023-02-17 00:00:00+09:00,7290.0,7420.0,7230.0,7290.0,63303,0.0,0.0
2023-02-20 00:00:00+09:00,7380.0,7410.0,7170.0,7410.0,112635,0.0,0.0
2023-02-21 00:00:00+09:00,7410.0,7520.0,7370.0,7420.0,108896,0.0,0.0
2023-02-22 00:00:00+09:00,7540.0,7950.0,7530.0,7640.0,791842,0.0,0.0
2023-02-23 00:00:00+09:00,7670.0,8990.0,7490.0,8540.0,7430274,0.0,0.0
2023-02-24 00:00:00+09:00,8500.0,8630.0,8300.0,8310.0,1456771,0.0,0.0
2023-02-27 00:00:00+09:00,8320.0,9050.0,8310.0,8600.0,4849183,0.0,0.0
2023-02-28 00:00:00+09:00,8640.0,8650.0,8130.0,8380.0,932842,0.0,0.0
2023-03-02 00:00:00+09:00,8470.0,8490.0,8280.0,8350.0,560018,0.0,0.0
2023-03-03 00:00:00+09:00,8500.0,9040.0,8490.0,9000.0,2252015,0.0,0.0
2023-03-06 00:00:00+09:00,9050.0,9230.0,8760.0,8950.0,1294380,0.0,0.0
2023-03-07 00:00:00+09:00,8970.0,9040.0,8510.0,8690.0,681588,0.0,0.0
2023-03-08 00:00:00+09:00,8750.0,8950.0,8100.0,8570.0,684690,0.0,0.0
2023-03-09 00:00:00+09:00,8490.0,8770.0,8300.0,8340.0,351496,0.0,0.0
2023-03-10 00:00:00+09:00,8200.0,8560.0,8140.0,8200.0,376030,0.0,0.0
2023-03-13 00:00:00+09:00,8080.0,8350.0,7800.0,8350.0,326725,0.0,0.0
2023-03-14 00:00:00+09:00,8350.0,8350.0,7550.0,7590.0,460087,0.0,0.0
2023-03-15 00:00:00+09:00,7800.0,8200.0,7790.0,8120.0,295149,0.0,0.0
2023-03-16 00:00:00+09:00,8320.0,8440.0,8000.0,8300.0,471171,0.0,0.0
2023-03-17 00:00:00+09:00,8610.0,9600.0,8510.0,9200.0,6426180,0.0,0.0
2023-03-20 00:00:00+09:00,9260.0,9370.0,8580.0,8990.0,1356010,0.0,0.0
2023-03-21 00:00:00+09:00,9110.0,9470.0,8970.0,9020.0,1289891,0.0,0.0
2023-03-22 00:00:00+09:00,9200.0,9870.0,8980.0,9710.0,2113410,0.0,0.0
2023-03-23 00:00:00+09:00,9580.0,9960.0,9270.0,9580.0,1945527,0.0,0.0
2023-03-24 00:00:00+09:00,9860.0,10170.0,9310.0,10090.0,1162654,0.0,0.0
2023-03-27 00:00:00+09:00,9990.0,10850.0,9670.0,10610.0,1519504,0.0,0.0
2023-03-28 00:00:00+09:00,10710.0,11000.0,9900.0,10210.0,1210210,0.0,0.0
2023-03-29 00:00:00+09:00,10180.0,10180.0,9690.0,10050.0,645122,0.0,0.0
2023-03-30 00:00:00+09:00,10100.0,10500.0,9500.0,10050.0,1182599,0.0,0.0
2023-03-31 00:00:00+09:00,10070.0,10100.0,9650.0,9790.0,480222,0.0,0.0
2023-04-03 00:00:00+09:00,9790.0,9790.0,9450.0,9650.0,378332,0.0,0.0
2023-04-04 00:00:00+09:00,9630.0,9780.0,9340.0,9350.0,382204,0.0,0.0
2023-04-05 00:00:00+09:00,9300.0,9490.0,9000.0,9120.0,471310,0.0,0.0
2023-04-06 00:00:00+09:00,9120.0,9940.0,8850.0,9800.0,1189020,0.0,0.0
2023-04-07 00:00:00+09:00,9930.0,9940.0,9380.0,9620.0,743961,0.0,0.0
2023-04-10 00:00:00+09:00,9790.0,9830.0,9070.0,9080.0,488980,0.0,0.0
2023-04-11 00:00:00+09:00,9170.0,10500.0,9170.0,9670.0,3772929,0.0,0.0
2023-04-12 00:00:00+09:00,11100.0,12570.0,10680.0,12570.0,3801702,0.0,0.0
2023-04-13 00:00:00+09:00,14490.0,16340.0,13910.0,15100.0,21140070,0.0,0.0
2023-04-14 00:00:00+09:00,14800.0,17500.0,14160.0,15660.0,12039680,0.0,0.0
2023-04-17 00:00:00+09:00,16120.0,17990.0,15320.0,16900.0,8473082,0.0,0.0
2023-04-18 00:00:00+09:00,16360.0,16520.0,15590.0,15900.0,1709585,0.0,0.0
2023-04-19 00:00:00+09:00,15600.0,16450.0,14900.0,15760.0,1844135,0.0,0.0
2023-04-20 00:00:00+09:00,15580.0,15630.0,14890.0,15200.0,925757,0.0,0.0
2023-04-21 00:00:00+09:00,15450.0,15720.0,14180.0,14420.0,1109375,0.0,0.0
2023-04-24 00:00:00+09:00,13730.0,14530.0,13570.0,14090.0,893859,0.0,0.0
2023-04-25 00:00:00+09:00,14090.0,15300.0,13430.0,14680.0,2184144,0.0,0.0
2023-04-26 00:00:00+09:00,14240.0,14250.0,13150.0,13150.0,735184,0.0,0.0
2023-04-27 00:00:00+09:00,13150.0,13910.0,12640.0,13890.0,883099,0.0,0.0
2023-04-28 00:00:00+09:00,16610.0,17290.0,14660.0,15000.0,5116061,0.0,0.0
2023-05-02 00:00:00+09:00,15050.0,17160.0,14730.0,16940.0,2978661,0.0,0.0
2023-05-03 00:00:00+09:00,16490.0,16790.0,16060.0,16480.0,820422,0.0,0.0
2023-05-04 00:00:00+09:00,16400.0,16450.0,15000.0,15000.0,1163319,0.0,0.0
2023-05-08 00:00:00+09:00,15200.0,15390.0,14400.0,14410.0,591296,0.0,0.0
2023-05-09 00:00:00+09:00,14850.0,15600.0,14120.0,14300.0,1398155,0.0,0.0
2023-05-10 00:00:00+09:00,14100.0,14340.0,13790.0,13790.0,495031,0.0,0.0
2023-05-11 00:00:00+09:00,13940.0,14420.0,13600.0,13800.0,480439,0.0,0.0
2023-05-12 00:00:00+09:00,13560.0,14370.0,13560.0,14300.0,480038,0.0,0.0
2023-05-15 00:00:00+09:00,14810.0,16130.0,14630.0,15000.0,2197692,0.0,0.0
2023-05-16 00:00:00+09:00,14900.0,15650.0,14260.0,15330.0,941381,0.0,0.0
2023-05-17 00:00:00+09:00,15320.0,15330.0,14880.0,15160.0,398827,0.0,0.0
2023-05-18 00:00:00+09:00,15340.0,15780.0,15070.0,15160.0,606662,0.0,0.0
2023-05-19 00:00:00+09:00,15300.0,16650.0,15060.0,16330.0,2452037,0.0,0.0
2023-05-22 00:00:00+09:00,16070.0,19330.0,15890.0,17330.0,9818816,0.0,0.0
2023-05-23 00:00:00+09:00,17330.0,17930.0,16550.0,17690.0,2428807,0.0,0.0
2023-05-24 00:00:00+09:00,17180.0,17290.0,16940.0,16950.0,740298,0.0,0.0
2023-05-25 00:00:00+09:00,17000.0,18300.0,16650.0,17710.0,2021631,0.0,0.0
2023-05-26 00:00:00+09:00,17830.0,17830.0,17000.0,17450.0,711960,0.0,0.0
2023-05-30 00:00:00+09:00,17410.0,17750.0,17120.0,17260.0,555928,0.0,0.0
2023-05-31 00:00:00+09:00,17360.0,18800.0,17200.0,18200.0,3416857,0.0,0.0
2023-06-01 00:00:00+09:00,18100.0,19050.0,17840.0,17980.0,1756097,0.0,0.0
2023-06-02 00:00:00+09:00,18160.0,18490.0,17850.0,17900.0,652392,0.0,0.0
2023-06-05 00:00:00+09:00,18000.0,18000.0,17180.0,17180.0,687565,0.0,0.0
2023-06-07 00:00:00+09:00,17180.0,17380.0,16750.0,17050.0,620064,0.0,0.0
2023-06-08 00:00:00+09:00,16870.0,17380.0,16740.0,17130.0,400531,0.0,0.0
2023-06-09 00:00:00+09:00,17120.0,17480.0,16870.0,17210.0,393730,0.0,0.0
2023-06-12 00:00:00+09:00,17490.0,17600.0,17010.0,17070.0,297166,0.0,0.0
2023-06-13 00:00:00+09:00,17070.0,17380.0,16140.0,16260.0,696154,0.0,0.0
2023-06-14 00:00:00+09:00,16250.0,16250.0,15010.0,15330.0,1056185,0.0,0.0
2023-06-15 00:00:00+09:00,15500.0,15500.0,14790.0,15090.0,501515,0.0,0.0
2023-06-16 00:00:00+09:00,15130.0,16100.0,15130.0,15780.0,658402,0.0,0.0
2023-06-19 00:00:00+09:00,15970.0,17090.0,15950.0,16520.0,1147573,0.0,0.0
2023-06-20 00:00:00+09:00,16530.0,16990.0,16530.0,16880.0,489411,0.0,0.0
2023-06-21 00:00:00+09:00,16670.0,17070.0,16350.0,16540.0,471271,0.0,0.0
2023-06-22 00:00:00+09:00,16240.0,20000.0,16240.0,18780.0,9074510,0.0,0.0
2023-06-23 00:00:00+09:00,19030.0,21750.0,18160.0,20900.0,6674767,0.0,0.0
2023-06-26 00:00:00+09:00,20300.0,21200.0,20200.0,20700.0,1527614,0.0,0.0
2023-06-27 00:00:00+09:00,20550.0,22500.0,20400.0,20900.0,3339024,0.0,0.0
2023-06-28 00:00:00+09:00,20950.0,24350.0,20400.0,23250.0,6305705,0.0,0.0
2023-06-29 00:00:00+09:00,23150.0,23200.0,21700.0,22350.0,1353587,0.0,0.0
2023-06-30 00:00:00+09:00,22050.0,23650.0,21850.0,22450.0,1251184,0.0,0.0
2023-07-03 00:00:00+09:00,22400.0,22800.0,21550.0,21900.0,970803,0.0,0.0
2023-07-04 00:00:00+09:00,22000.0,22350.0,21350.0,21750.0,752374,0.0,0.0
2023-07-05 00:00:00+09:00,21400.0,21850.0,20500.0,21250.0,909291,0.0,0.0
2023-07-06 00:00:00+09:00,21200.0,21250.0,20350.0,20600.0,577047,0.0,0.0
2023-07-07 00:00:00+09:00,20500.0,22350.0,20300.0,21600.0,1212148,0.0,0.0
2023-07-10 00:00:00+09:00,21600.0,21600.0,19420.0,19450.0,1067308,0.0,0.0
2023-07-12 00:00:00+09:00,20250.0,20650.0,19520.0,19950.0,447739,0.0,0.0
2023-07-13 00:00:00+09:00,20200.0,21350.0,19800.0,21150.0,743876,0.0,0.0
2023-07-14 00:00:00+09:00,21250.0,21500.0,20400.0,20900.0,407732,0.0,0.0
2023-07-17 00:00:00+09:00,21150.0,21700.0,19500.0,20900.0,873432,0.0,0.0
2023-07-18 00:00:00+09:00,21300.0,21300.0,19930.0,20000.0,568142,0.0,0.0
2023-07-19 00:00:00+09:00,19990.0,20700.0,19500.0,19670.0,564727,0.0,0.0
2023-07-20 00:00:00+09:00,19940.0,20550.0,19200.0,20300.0,552416,0.0,0.0
2023-07-21 00:00:00+09:00,19820.0,20550.0,19600.0,19940.0,504883,0.0,0.0
2023-07-24 00:00:00+09:00,20100.0,21700.0,20000.0,21700.0,1357981,0.0,0.0
2023-07-25 00:00:00+09:00,21600.0,22150.0,20450.0,20500.0,745060,0.0,0.0
2023-07-26 00:00:00+09:00,20500.0,22300.0,19670.0,21300.0,2020903,0.0,0.0
2023-07-27 00:00:00+09:00,22250.0,26850.0,22000.0,25400.0,9709250,0.0,0.0
2023-07-28 00:00:00+09:00,24600.0,26100.0,23600.0,26100.0,2098408,0.0,0.0
2023-07-31 00:00:00+09:00,27050.0,28000.0,25550.0,25750.0,3222294,0.0,0.0
2023-08-01 00:00:00+09:00,25800.0,26800.0,25450.0,26150.0,1345612,0.0,0.0
2023-08-02 00:00:00+09:00,27900.0,29300.0,25600.0,26250.0,3410470,0.0,0.0
2023-08-03 00:00:00+09:00,25800.0,26700.0,24100.0,25450.0,988259,0.0,0.0
2023-08-04 00:00:00+09:00,25000.0,29150.0,24900.0,28600.0,4791849,0.0,0.0
2023-08-07 00:00:00+09:00,28300.0,30300.0,27300.0,28000.0,2978864,0.0,0.0
2023-08-08 00:00:00+09:00,27700.0,28550.0,26900.0,27600.0,824437,0.0,0.0
2023-08-09 00:00:00+09:00,28000.0,29950.0,27650.0,28100.0,1638846,0.0,0.0
2023-08-10 00:00:00+09:00,27950.0,28650.0,27300.0,27350.0,503186,0.0,0.0
2023-08-11 00:00:00+09:00,26900.0,29350.0,26600.0,28650.0,1461892,0.0,0.0
2023-08-14 00:00:00+09:00,28300.0,34050.0,28300.0,33450.0,6385911,0.0,0.0
2023-08-16 00:00:00+09:00,31700.0,32450.0,30500.0,31450.0,1712856,0.0,0.0
2023-08-17 00:00:00+09:00,31100.0,35600.0,30800.0,33050.0,5047594,0.0,0.0
2023-08-18 00:00:00+09:00,32350.0,33850.0,31450.0,31900.0,1396269,0.0,0.0
2023-08-21 00:00:00+09:00,31750.0,32050.0,29950.0,30150.0,921749,0.0,0.0
2023-08-22 00:00:00+09:00,30250.0,30900.0,29600.0,30550.0,594200,0.0,0.0
2023-08-23 00:00:00+09:00,30300.0,32200.0,29500.0,30050.0,711378,0.0,0.0
2023-08-24 00:00:00+09:00,30200.0,32150.0,30000.0,30900.0,827832,0.0,0.0
2023-08-25 00:00:00+09:00,30300.0,30450.0,29500.0,30000.0,410092,0.0,0.0
2023-08-28 00:00:00+09:00,30500.0,31500.0,30150.0,30550.0,693347,0.0,0.0
2023-08-29 00:00:00+09:00,31050.0,31100.0,29650.0,30250.0,445780,0.0,0.0
2023-08-30 00:00:00+09:00,30700.0,32600.0,30300.0,32350.0,1344920,0.0,0.0
2023-08-31 00:00:00+09:00,32300.0,37250.0,31800.0,34700.0,5203702,0.0,0.0
2023-09-01 00:00:00+09:00,34600.0,34600.0,32000.0,32200.0,1236859,0.0,0.0
2023-09-04 00:00:00+09:00,32600.0,35250.0,32500.0,33350.0,1485441,0.0,0.0
2023-09-05 00:00:00+09:00,33400.0,37000.0,33400.0,36000.0,2629732,0.0,0.0
2023-09-06 00:00:00+09:00,35500.0,38550.0,34150.0,37150.0,1929236,0.0,0.0
2023-09-07 00:00:00+09:00,37400.0,39500.0,36000.0,36900.0,1768409,0.0,0.0
2023-09-08 00:00:00+09:00,36900.0,37500.0,35000.0,35850.0,817655,0.0,0.0
2023-09-11 00:00:00+09:00,36350.0,37150.0,32750.0,34350.0,1277604,0.0,0.0
2023-09-12 00:00:00+09:00,33900.0,33900.0,31300.0,31450.0,919794,0.0,0.0
2023-09-13 00:00:00+09:00,31000.0,31350.0,29700.0,30100.0,625336,0.0,0.0
2023-09-14 00:00:00+09:00,30350.0,32000.0,29600.0,31900.0,570236,0.0,0.0
2023-09-15 00:00:00+09:00,32100.0,33000.0,30200.0,30250.0,479567,0.0,0.0
2023-09-18 00:00:00+09:00,30000.0,30750.0,29050.0,29450.0,310683,0.0,0.0
2023-09-19 00:00:00+09:00,29400.0,29900.0,28050.0,28550.0,337777,0.0,0.0
2023-09-20 00:00:00+09:00,29450.0,29700.0,27350.0,28200.0,586630,0.0,0.0
2023-09-21 00:00:00+09:00,27500.0,28150.0,26550.0,26650.0,419220,0.0,0.0
2023-09-22 00:00:00+09:00,25950.0,27600.0,25850.0,27000.0,489652,0.0,0.0
2023-09-25 00:00:00+09:00,26750.0,27550.0,26050.0,26350.0,264558,0.0,0.0
2023-09-26 00:00:00+09:00,27000.0,27100.0,25600.0,25700.0,271948,0.0,0.0
2023-09-27 00:00:00+09:00,25350.0,26900.0,25350.0,26900.0,265480,0.0,0.0
2023-10-04 00:00:00+09:00,27200.0,27200.0,24950.0,25100.0,300856,0.0,0.0
2023-10-05 00:00:00+09:00,25400.0,26050.0,23050.0,23350.0,610474,0.0,0.0
2023-10-06 00:00:00+09:00,23000.0,24250.0,23000.0,23700.0,223404,0.0,0.0
2023-10-10 00:00:00+09:00,23500.0,23900.0,22500.0,22550.0,279631,0.0,0.0
2023-10-11 00:00:00+09:00,23000.0,23450.0,22650.0,22650.0,198159,0.0,0.0
2023-10-12 00:00:00+09:00,22950.0,24800.0,22950.0,24550.0,416991,0.0,0.0
2023-10-13 00:00:00+09:00,23950.0,24300.0,23350.0,23800.0,211823,0.0,0.0
2023-10-16 00:00:00+09:00,23300.0,23400.0,21800.0,22350.0,327842,0.0,0.0
2023-10-17 00:00:00+09:00,22950.0,23400.0,22550.0,22900.0,206778,0.0,0.0
2023-10-18 00:00:00+09:00,22850.0,23150.0,22000.0,22150.0,197160,0.0,0.0
2023-10-19 00:00:00+09:00,21400.0,21650.0,20500.0,20700.0,397166,0.0,0.0
2023-10-20 00:00:00+09:00,20100.0,20650.0,19400.0,19770.0,368121,0.0,0.0
2023-10-23 00:00:00+09:00,19780.0,20500.0,19500.0,19660.0,198193,0.0,0.0
2023-10-24 00:00:00+09:00,19980.0,20250.0,18500.0,20250.0,344208,0.0,0.0
2023-10-25 00:00:00+09:00,20400.0,20400.0,18930.0,19300.0,326875,0.0,0.0
2023-10-26 00:00:00+09:00,18410.0,19020.0,18360.0,18520.0,201116,0.0,0.0
2023-10-27 00:00:00+09:00,18530.0,18700.0,17850.0,18030.0,254261,0.0,0.0
2023-10-30 00:00:00+09:00,17890.0,19220.0,17890.0,19170.0,379283,0.0,0.0
2023-10-31 00:00:00+09:00,19300.0,19310.0,18100.0,18470.0,320717,0.0,0.0
2023-11-01 00:00:00+09:00,18480.0,19390.0,18480.0,18750.0,276534,0.0,0.0
2023-11-02 00:00:00+09:00,19310.0,19940.0,19200.0,19860.0,330817,0.0,0.0
2023-11-03 00:00:00+09:00,20450.0,22550.0,19600.0,21850.0,747521,0.0,0.0
2023-11-06 00:00:00+09:00,22750.0,24500.0,22000.0,24300.0,1044630,0.0,0.0
2023-11-07 00:00:00+09:00,24900.0,25000.0,23400.0,23700.0,643767,0.0,0.0
2023-11-08 00:00:00+09:00,23750.0,24150.0,22500.0,22900.0,394153,0.0,0.0
2023-11-09 00:00:00+09:00,22850.0,22850.0,21650.0,21900.0,336206,0.0,0.0
2023-11-10 00:00:00+09:00,21350.0,21500.0,20600.0,20950.0,271495,0.0,0.0
2023-11-13 00:00:00+09:00,21200.0,21500.0,19960.0,20000.0,334236,0.0,0.0
2023-11-14 00:00:00+09:00,20200.0,21150.0,20050.0,20850.0,237774,0.0,0.0
2023-11-15 00:00:00+09:00,21450.0,25000.0,21450.0,24750.0,2035328,0.0,0.0
2023-11-16 00:00:00+09:00,25100.0,25400.0,24100.0,25200.0,880622,0.0,0.0
2023-11-17 00:00:00+09:00,24900.0,24900.0,23150.0,23550.0,616603,0.0,0.0
2023-11-20 00:00:00+09:00,23550.0,24050.0,22450.0,23650.0,435486,0.0,0.0
2023-11-21 00:00:00+09:00,22800.0,23100.0,21850.0,22300.0,800044,0.0,0.0
2023-11-22 00:00:00+09:00,21950.0,22950.0,21550.0,22150.0,608002,0.0,0.0
2023-11-23 00:00:00+09:00,22300.0,23550.0,22050.0,22250.0,621249,0.0,0.0
2023-11-24 00:00:00+09:00,22300.0,22600.0,20950.0,21850.0,738687,0.0,0.0
2023-11-27 00:00:00+09:00,21900.0,21900.0,20400.0,20550.0,541355,0.0,0.0
2023-11-28 00:00:00+09:00,20850.0,23200.0,20700.0,23050.0,1152314,0.0,0.0
2023-11-29 00:00:00+09:00,22800.0,23300.0,21500.0,21950.0,1104734,0.0,0.0
2023-11-30 00:00:00+09:00,22350.0,23250.0,22300.0,23100.0,784380,0.0,0.0
2023-12-01 00:00:00+09:00,23500.0,23550.0,22200.0,22250.0,597681,0.0,0.0
2023-12-04 00:00:00+09:00,21600.0,21700.0,20650.0,21200.0,319936,0.0,0.0
2023-12-05 00:00:00+09:00,20900.0,21700.0,20350.0,20850.0,234254,0.0,0.0
2023-12-06 00:00:00+09:00,19000.0,20600.0,17030.0,19970.0,2521943,0.0,0.0
2023-12-07 00:00:00+09:00,19580.0,20100.0,18950.0,19020.0,450402,0.0,0.0
2023-12-08 00:00:00+09:00,19360.0,19690.0,19020.0,19530.0,424518,0.0,0.0
2023-12-11 00:00:00+09:00,19880.0,20500.0,19530.0,19890.0,585301,0.0,0.0
2023-12-12 00:00:00+09:00,19880.0,19880.0,19100.0,19650.0,333291,0.0,0.0
2023-12-13 00:00:00+09:00,19390.0,19440.0,19050.0,19190.0,258169,0.0,0.0
2023-12-14 00:00:00+09:00,19590.0,19850.0,18930.0,19200.0,421890,0.0,0.0
2023-12-15 00:00:00+09:00,19410.0,19550.0,19050.0,19470.0,375176,0.0,0.0
2023-12-18 00:00:00+09:00,19610.0,19670.0,19320.0,19560.0,358940,0.0,0.0
2023-12-19 00:00:00+09:00,19560.0,19560.0,18610.0,18910.0,543642,0.0,0.0
2023-12-20 00:00:00+09:00,19020.0,19070.0,18180.0,18340.0,639679,0.0,0.0
2023-12-21 00:00:00+09:00,18180.0,18690.0,18000.0,18470.0,330010,0.0,0.0
2023-12-22 00:00:00+09:00,18710.0,18710.0,18200.0,18250.0,246878,0.0,0.0
2023-12-26 00:00:00+09:00,18250.0,18370.0,17610.0,17790.0,324371,0.0,0.0
2023-12-27 00:00:00+09:00,17830.0,18340.0,17710.0,18040.0,295935,0.0,0.0
2023-12-28 00:00:00+09:00,18040.0,18280.0,17620.0,18250.0,263537,0.0,0.0
2024-01-02 00:00:00+09:00,18440.0,18870.0,18250.0,18500.0,322509,0.0,0.0
2024-01-03 00:00:00+09:00,18500.0,18500.0,17980.0,18090.0,197921,0.0,0.0
2024-01-04 00:00:00+09:00,17900.0,18050.0,17500.0,17560.0,328016,0.0,0.0
2024-01-05 00:00:00+09:00,17560.0,22800.0,16800.0,21400.0,7362332,0.0,0.0
2024-01-08 00:00:00+09:00,20500.0,20950.0,19720.0,20400.0,2139307,0.0,0.0
2024-01-09 00:00:00+09:00,20550.0,23700.0,20000.0,22200.0,7017750,0.0,0.0
2024-01-10 00:00:00+09:00,22600.0,23450.0,21800.0,23000.0,2658676,0.0,0.0
2024-01-11 00:00:00+09:00,23350.0,23500.0,21900.0,21900.0,1276825,0.0,0.0
2024-01-12 00:00:00+09:00,21950.0,23650.0,21950.0,22550.0,2412587,0.0,0.0
2024-01-15 00:00:00+09:00,22550.0,22750.0,21100.0,21250.0,949351,0.0,0.0
2024-01-16 00:00:00+09:00,21300.0,24350.0,21150.0,24150.0,5152105,0.0,0.0
2024-01-17 00:00:00+09:00,23650.0,23700.0,22500.0,22900.0,1718540,0.0,0.0
2024-01-18 00:00:00+09:00,22800.0,23250.0,21850.0,22950.0,1048158,0.0,0.0
2024-01-19 00:00:00+09:00,23250.0,24200.0,22500.0,23000.0,1325934,0.0,0.0
2024-01-22 00:00:00+09:00,23250.0,23500.0,22100.0,23200.0,864415,0.0,0.0
2024-01-23 00:00:00+09:00,23150.0,23150.0,21850.0,21900.0,634558,0.0,0.0
2024-01-24 00:00:00+09:00,21700.0,22300.0,21100.0,21300.0,527189,0.0,0.0
2024-01-25 00:00:00+09:00,21100.0,21150.0,19800.0,19960.0,854710,0.0,0.0
2024-01-26 00:00:00+09:00,19690.0,20600.0,19340.0,19890.0,448988,0.0,0.0
2024-01-29 00:00:00+09:00,19930.0,19930.0,18520.0,18820.0,613049,0.0,0.0
2024-01-30 00:00:00+09:00,18900.0,19100.0,18150.0,18370.0,358273,0.0,0.0
2024-01-31 00:00:00+09:00,18300.0,19860.0,18150.0,18800.0,552818,0.0,0.0
2024-02-01 00:00:00+09:00,18660.0,19840.0,18660.0,19830.0,519676,0.0,0.0
2024-02-02 00:00:00+09:00,20350.0,20350.0,19500.0,19600.0,387779,0.0,0.0
2024-02-05 00:00:00+09:00,19800.0,20350.0,19360.0,20200.0,385616,0.0,0.0
2024-02-06 00:00:00+09:00,20000.0,20100.0,19220.0,19610.0,238000,0.0,0.0
2024-02-07 00:00:00+09:00,19500.0,19740.0,19310.0,19310.0,174768,0.0,0.0
2024-02-08 00:00:00+09:00,20200.0,20300.0,19520.0,19690.0,356452,0.0,0.0
2024-02-13 00:00:00+09:00,19700.0,20700.0,19530.0,20350.0,394361,0.0,0.0
2024-02-14 00:00:00+09:00,19900.0,20800.0,19600.0,20350.0,421924,0.0,0.0
2024-02-15 00:00:00+09:00,20600.0,20600.0,19940.0,20100.0,240711,0.0,0.0
2024-02-16 00:00:00+09:00,20200.0,20300.0,19650.0,19780.0,259820,0.0,0.0
2024-02-19 00:00:00+09:00,19720.0,20100.0,19550.0,19700.0,199328,0.0,0.0
2024-02-20 00:00:00+09:00,19950.0,21400.0,19800.0,21050.0,1230141,0.0,0.0
2024-02-21 00:00:00+09:00,21050.0,21500.0,20400.0,20800.0,575564,0.0,0.0
2024-02-22 00:00:00+09:00,20900.0,21400.0,20350.0,21300.0,459082,0.0,0.0
2024-02-23 00:00:00+09:00,21300.0,21300.0,20350.0,21000.0,335781,0.0,0.0
2024-02-26 00:00:00+09:00,21200.0,21700.0,20600.0,21200.0,533961,0.0,0.0
2024-02-27 00:00:00+09:00,21500.0,21550.0,20300.0,20500.0,473726,0.0,0.0
2024-02-28 00:00:00+09:00,20350.0,20750.0,20000.0,20050.0,256829,0.0,0.0
2024-02-29 00:00:00+09:00,19850.0,20000.0,19350.0,19500.0,282274,0.0,0.0
2024-03-04 00:00:00+09:00,19510.0,20400.0,19510.0,19930.0,249047,0.0,0.0
2024-03-05 00:00:00+09:00,20400.0,22250.0,20350.0,21850.0,2230174,0.0,0.0
2024-03-06 00:00:00+09:00,21500.0,21550.0,20500.0,21250.0,535085,0.0,0.0
2024-03-07 00:00:00+09:00,21400.0,21600.0,19850.0,20250.0,597027,0.0,0.0
2024-03-08 00:00:00+09:00,20250.0,21700.0,20050.0,21600.0,684162,0.0,0.0
2024-03-11 00:00:00+09:00,21550.0,21950.0,21000.0,21650.0,488159,0.0,0.0
2024-03-12 00:00:00+09:00,21700.0,22150.0,21100.0,21800.0,577627,0.0,0.0
2024-03-13 00:00:00+09:00,21800.0,22450.0,21500.0,22100.0,764144,0.0,0.0
2024-03-14 00:00:00+09:00,22600.0,22600.0,21450.0,21900.0,608307,0.0,0.0
2024-03-15 00:00:00+09:00,21950.0,22400.0,20950.0,21300.0,731625,0.0,0.0
2024-03-18 00:00:00+09:00,21150.0,21600.0,20800.0,21550.0,367309,0.0,0.0
2024-03-19 00:00:00+09:00,21750.0,22500.0,21450.0,22150.0,761166,0.0,0.0
2024-03-20 00:00:00+09:00,22400.0,22450.0,21500.0,21650.0,290301,0.0,0.0
2024-03-21 00:00:00+09:00,21900.0,22000.0,21400.0,21700.0,304626,0.0,0.0
2024-03-22 00:00:00+09:00,21850.0,22300.0,21200.0,21350.0,518210,0.0,0.0
2024-03-25 00:00:00+09:00,21600.0,21600.0,20000.0,20750.0,403161,0.0,0.0
2024-03-26 00:00:00+09:00,20700.0,20700.0,20000.0,20400.0,424568,0.0,0.0
2024-03-27 00:00:00+09:00,20500.0,20850.0,20100.0,20500.0,302184,0.0,0.0
2024-03-28 00:00:00+09:00,20850.0,20900.0,20250.0,20700.0,220998,0.0,0.0
2024-03-29 00:00:00+09:00,20900.0,21900.0,20800.0,21800.0,649642,0.0,0.0
2024-04-01 00:00:00+09:00,21650.0,22800.0,21200.0,22450.0,975671,0.0,0.0
2024-04-02 00:00:00+09:00,22450.0,22450.0,20800.0,20850.0,682344,0.0,0.0
2024-04-03 00:00:00+09:00,21000.0,21450.0,20450.0,20900.0,333098,0.0,0.0
2024-04-04 00:00:00+09:00,21250.0,21250.0,20600.0,20900.0,254173,0.0,0.0
2024-04-05 00:00:00+09:00,20800.0,22350.0,20800.0,21150.0,636738,0.0,0.0
2024-04-08 00:00:00+09:00,21350.0,21400.0,20500.0,20600.0,204666,0.0,0.0
2024-04-09 00:00:00+09:00,20600.0,20950.0,20350.0,20600.0,145108,0.0,0.0
2024-04-11 00:00:00+09:00,20000.0,20300.0,19670.0,20050.0,242463,0.0,0.0
2024-04-12 00:00:00+09:00,20150.0,20250.0,19920.0,19940.0,205411,0.0,0.0
2024-04-15 00:00:00+09:00,19500.0,19510.0,18340.0,18800.0,463364,0.0,0.0
2024-04-16 00:00:00+09:00,18400.0,18610.0,17450.0,17460.0,426449,0.0,0.0
2024-04-17 00:00:00+09:00,17520.0,18690.0,17520.0,17910.0,222018,0.0,0.0
2024-04-18 00:00:00+09:00,17910.0,18490.0,17910.0,18370.0,94592,0.0,0.0
2024-04-19 00:00:00+09:00,18370.0,18490.0,17500.0,17950.0,150981,0.0,0.0
2024-04-22 00:00:00+09:00,18020.0,18220.0,17360.0,18020.0,110146,0.0,0.0
2024-04-23 00:00:00+09:00,18200.0,18300.0,17830.0,17970.0,71111,0.0,0.0
2024-04-24 00:00:00+09:00,18100.0,18250.0,18000.0,18160.0,126912,0.0,0.0
2024-04-25 00:00:00+09:00,18110.0,18410.0,17960.0,17970.0,91379,0.0,0.0
2024-04-26 00:00:00+09:00,18010.0,18180.0,17910.0,17910.0,79105,0.0,0.0
2024-04-29 00:00:00+09:00,17970.0,18440.0,17970.0,18240.0,117650,0.0,0.0
2024-04-30 00:00:00+09:00,18380.0,18470.0,18100.0,18150.0,97740,0.0,0.0
2024-05-02 00:00:00+09:00,18150.0,18150.0,17450.0,17630.0,266480,0.0,0.0
2024-05-03 00:00:00+09:00,17640.0,18200.0,17550.0,17900.0,162569,0.0,0.0
2024-05-07 00:00:00+09:00,18000.0,18000.0,17630.0,17850.0,166531,0.0,0.0
2024-05-08 00:00:00+09:00,17900.0,17900.0,17540.0,17670.0,129306,0.0,0.0
2024-05-09 00:00:00+09:00,17710.0,17710.0,17090.0,17220.0,205105,0.0,0.0
2024-05-10 00:00:00+09:00,17650.0,17790.0,17220.0,17260.0,201159,0.0,0.0
2024-05-13 00:00:00+09:00,17280.0,17340.0,15370.0,15750.0,745490,0.0,0.0
2024-05-14 00:00:00+09:00,15750.0,16100.0,15470.0,15710.0,223034,0.0,0.0
2024-05-16 00:00:00+09:00,15800.0,15920.0,15520.0,15750.0,178927,0.0,0.0
2024-05-17 00:00:00+09:00,15750.0,15770.0,15410.0,15480.0,156436,0.0,0.0
2024-05-20 00:00:00+09:00,15510.0,15800.0,15010.0,15720.0,196928,0.0,0.0
2024-05-21 00:00:00+09:00,15720.0,15730.0,15000.0,15090.0,196314,0.0,0.0
2024-05-22 00:00:00+09:00,15090.0,16900.0,14890.0,16030.0,814028,0.0,0.0
2024-05-23 00:00:00+09:00,16010.0,16210.0,15520.0,15660.0,250580,0.0,0.0
2024-05-24 00:00:00+09:00,15630.0,15630.0,14710.0,14780.0,357642,0.0,0.0
2024-05-27 00:00:00+09:00,14780.0,14800.0,14050.0,14520.0,298259,0.0,0.0
2024-05-28 00:00:00+09:00,14530.0,14960.0,14430.0,14490.0,177142,0.0,0.0
2024-05-29 00:00:00+09:00,14490.0,14550.0,14060.0,14080.0,217680,0.0,0.0
2024-05-30 00:00:00+09:00,14100.0,14850.0,14010.0,14060.0,176833,0.0,0.0
2024-05-31 00:00:00+09:00,14000.0,14230.0,13740.0,13800.0,191075,0.0,0.0
2024-06-03 00:00:00+09:00,13810.0,14100.0,13770.0,14000.0,106538,0.0,0.0
2024-06-04 00:00:00+09:00,14040.0,14260.0,13960.0,14080.0,135544,0.0,0.0
2024-06-05 00:00:00+09:00,14240.0,14290.0,13990.0,14230.0,130217,0.0,0.0
2024-06-07 00:00:00+09:00,14340.0,14640.0,14120.0,14530.0,144835,0.0,0.0
2024-06-10 00:00:00+09:00,14530.0,14530.0,14100.0,14380.0,92703,0.0,0.0
2024-06-11 00:00:00+09:00,14530.0,15140.0,14480.0,14950.0,270169,0.0,0.0
2024-06-12 00:00:00+09:00,15100.0,16210.0,14950.0,15860.0,599960,0.0,0.0
2024-06-13 00:00:00+09:00,16090.0,16570.0,15640.0,16230.0,260078,0.0,0.0
2024-06-14 00:00:00+09:00,16490.0,16520.0,15620.0,15840.0,203230,0.0,0.0
2024-06-17 00:00:00+09:00,16020.0,16200.0,15050.0,15100.0,188000,0.0,0.0
2024-06-18 00:00:00+09:00,15150.0,17200.0,14500.0,15710.0,1480721,0.0,0.0
2024-06-19 00:00:00+09:00,15640.0,15640.0,14940.0,15210.0,378337,0.0,0.0
2024-06-20 00:00:00+09:00,15100.0,15350.0,14930.0,14940.0,168057,0.0,0.0
2024-06-21 00:00:00+09:00,14920.0,14920.0,13880.0,13920.0,473840,0.0,0.0
2024-06-24 00:00:00+09:00,13900.0,13900.0,12430.0,12800.0,710310,0.0,0.0
2024-06-25 00:00:00+09:00,13500.0,15350.0,13420.0,13620.0,2074450,0.0,0.0
2024-06-26 00:00:00+09:00,13620.0,13700.0,13300.0,13530.0,159066,0.0,0.0
2024-06-27 00:00:00+09:00,13530.0,13590.0,12980.0,13010.0,200219,0.0,0.0
2024-06-28 00:00:00+09:00,13010.0,13260.0,12770.0,13000.0,145165,0.0,0.0
2024-07-01 00:00:00+09:00,13000.0,13090.0,12780.0,12850.0,163417,0.0,0.0
2024-07-02 00:00:00+09:00,12760.0,12810.0,12010.0,12150.0,294828,0.0,0.0
2024-07-03 00:00:00+09:00,12150.0,12240.0,11760.0,11920.0,140601,0.0,0.0
2024-07-04 00:00:00+09:00,11830.0,12200.0,11800.0,11930.0,85033,0.0,0.0
2024-07-05 00:00:00+09:00,12280.0,12520.0,12000.0,12020.0,192151,0.0,0.0
2024-07-08 00:00:00+09:00,11980.0,12220.0,11890.0,12100.0,98983,0.0,0.0
2024-07-09 00:00:00+09:00,12140.0,12160.0,11920.0,11940.0,92366,0.0,0.0
2024-07-10 00:00:00+09:00,11950.0,12190.0,11940.0,12190.0,102395,0.0,0.0
2024-07-11 00:00:00+09:00,12250.0,12440.0,12000.0,12120.0,149726,0.0,0.0
2024-07-12 00:00:00+09:00,12280.0,12900.0,12260.0,12350.0,392988,0.0,0.0
2024-07-15 00:00:00+09:00,12360.0,12400.0,11400.0,11980.0,123708,0.0,0.0
2024-07-16 00:00:00+09:00,12090.0,12090.0,11730.0,11730.0,105998,0.0,0.0
2024-07-17 00:00:00+09:00,11750.0,11860.0,11410.0,11410.0,140178,0.0,0.0
2024-07-18 00:00:00+09:00,11120.0,11330.0,11010.0,11180.0,103740,0.0,0.0
2024-07-19 00:00:00+09:00,11120.0,11450.0,11070.0,11280.0,81440,0.0,0.0
2024-07-22 00:00:00+09:00,11250.0,11280.0,10590.0,10680.0,164274,0.0,0.0
2024-07-23 00:00:00+09:00,10700.0,11000.0,10650.0,10700.0,67243,0.0,0.0
2024-07-24 00:00:00+09:00,10650.0,10860.0,10500.0,10600.0,57239,0.0,0.0
2024-07-25 00:00:00+09:00,10510.0,10560.0,10130.0,10310.0,137230,0.0,0.0
2024-07-26 00:00:00+09:00,10300.0,10370.0,10000.0,10120.0,141438,0.0,0.0
2024-07-29 00:00:00+09:00,10120.0,10140.0,9900.0,10060.0,105887,0.0,0.0
2024-07-30 00:00:00+09:00,10060.0,10140.0,9760.0,9810.0,118371,0.0,0.0
2024-07-31 00:00:00+09:00,9510.0,9860.0,9510.0,9840.0,92738,0.0,0.0
2024-08-01 00:00:00+09:00,9970.0,10180.0,9870.0,10070.0,74575,0.0,0.0
2024-08-02 00:00:00+09:00,9970.0,9970.0,9400.0,9410.0,155028,0.0,0.0
2024-08-05 00:00:00+09:00,9200.0,9340.0,7590.0,8000.0,300605,0.0,0.0
2024-08-06 00:00:00+09:00,7910.0,8610.0,7910.0,8460.0,200843,0.0,0.0
2024-08-07 00:00:00+09:00,8390.0,8550.0,8320.0,8330.0,115453,0.0,0.0
2024-08-08 00:00:00+09:00,8200.0,8330.0,7960.0,8170.0,80905,0.0,0.0
2024-08-09 00:00:00+09:00,8240.0,8690.0,8240.0,8620.0,83188,0.0,0.0
2024-08-12 00:00:00+09:00,8540.0,9180.0,8540.0,9100.0,119493,0.0,0.0
2024-08-13 00:00:00+09:00,9100.0,9330.0,8870.0,8960.0,85933,0.0,0.0
2024-08-14 00:00:00+09:00,9200.0,9390.0,9000.0,9230.0,80303,0.0,0.0
2024-08-16 00:00:00+09:00,9230.0,9550.0,9100.0,9450.0,128516,0.0,0.0
2024-08-19 00:00:00+09:00,9500.0,9500.0,9250.0,9300.0,55073,0.0,0.0
2024-08-20 00:00:00+09:00,9310.0,9880.0,9310.0,9770.0,123908,0.0,0.0
2024-08-21 00:00:00+09:00,9790.0,10060.0,9520.0,9930.0,108313,0.0,0.0
2024-08-22 00:00:00+09:00,9940.0,9960.0,9570.0,9610.0,105170,0.0,0.0
2024-08-23 00:00:00+09:00,9500.0,9560.0,9280.0,9490.0,73560,0.0,0.0
2024-08-26 00:00:00+09:00,9500.0,9640.0,9330.0,9370.0,51165,0.0,0.0
2024-08-27 00:00:00+09:00,9550.0,9620.0,9300.0,9470.0,34653,0.0,0.0
2024-08-28 00:00:00+09:00,9500.0,9550.0,9230.0,9320.0,46801,0.0,0.0
2024-08-29 00:00:00+09:00,9220.0,9340.0,9020.0,9240.0,42385,0.0,0.0
2024-08-30 00:00:00+09:00,9240.0,9370.0,9080.0,9250.0,70189,0.0,0.0
2024-09-02 00:00:00+09:00,9380.0,9470.0,9170.0,9420.0,59101,0.0,0.0
2024-09-03 00:00:00+09:00,9420.0,9450.0,9000.0,9000.0,95756,0.0,0.0
2024-09-04 00:00:00+09:00,8500.0,8780.0,8500.0,8610.0,79422,0.0,0.0
2024-09-05 00:00:00+09:00,8750.0,8800.0,8100.0,8450.0,103628,0.0,0.0
2024-09-06 00:00:00+09:00,8370.0,8440.0,7950.0,7950.0,87455,0.0,0.0
