Date,Open,High,Low,Close,Volume,Dividends,Stock Splits
2001-08-03 00:00:00+09:00,938.0633332625679,1033.2909399696211,938.0633332625679,980.7025756835938,4897800,0.0,0.0
2001-08-06 00:00:00+09:00,987.808961386646,1097.2495932168933,970.7532676884575,1050.346435546875,4688400,0.0,0.0
2001-08-07 00:00:00+09:00,1037.554710366285,1044.6612844159527,925.2714233398438,925.2714233398438,2490000,0.0,0.0
2001-08-08 00:00:00+09:00,936.6420201365446,952.2763389610228,882.632280661843,938.0632934570312,996300,0.0,0.0
2001-08-09 00:00:00+09:00,933.7991676826159,945.1696640894534,891.1599362815832,909.6369018554688,744300,0.0,0.0
2001-08-10 00:00:00+09:00,881.2108129223444,909.6368976587621,852.7846240862413,875.5255126953125,668700,0.0,0.0
2001-08-13 00:00:00+09:00,885.4749596052015,885.4749596052015,828.6226196289062,828.6226196289062,550800,0.0,0.0
2001-08-14 00:00:00+09:00,839.9929194044814,858.4699383656964,807.3028569806519,838.5715942382812,739200,0.0,0.0
2001-08-15 00:00:00+09:00,838.5715942382812,838.5715942382812,838.5715942382812,838.5715942382812,0,0.0,0.0
2001-08-16 00:00:00+09:00,820.0946574723318,837.1503518942878,807.3028866558649,822.937255859375,314700,0.0,0.0
2001-08-17 00:00:00+09:00,824.3585673875999,875.5255977538822,810.1454715887256,866.997802734375,759000,0.0,0.0
2001-08-20 00:00:00+09:00,865.5764999389648,866.9978251705877,845.67820694549,852.7847290039062,280200,0.0,0.0
2001-08-21 00:00:00+09:00,862.7339415077503,871.2617891930004,832.886474609375,832.886474609375,338400,0.0,0.0
2001-08-22 00:00:00+09:00,832.8863981861905,845.6781685403307,814.4093792135945,839.992919921875,245400,0.0,0.0
2001-08-23 00:00:00+09:00,852.7846907995133,855.6272890855628,824.3585517894785,841.4142456054688,422100,0.0,0.0
2001-08-24 00:00:00+09:00,828.6225507667499,845.6782461372501,822.9373016266327,832.886474609375,322500,0.0,0.0
2001-08-27 00:00:00+09:00,822.93732975569,848.5208736859187,822.93732975569,847.0995483398438,362100,0.0,0.0
2001-08-28 00:00:00+09:00,848.5208831651389,915.3223944291311,848.5208831651389,905.3731689453125,954300,0.0,0.0
2001-08-29 00:00:00+09:00,899.6880150836447,1004.8648477554127,882.6323181152344,980.7025756835938,1890300,0.0,0.0
2001-08-30 00:00:00+09:00,982.1238490643902,1020.4991672433135,939.4846066433645,980.7025756835938,1063200,0.0,0.0
2001-08-31 00:00:00+09:00,959.3828558890627,1010.5499415364794,953.6976588503617,999.179443359375,1597800,0.0,0.0
2001-09-03 00:00:00+09:00,1016.235243001211,1023.3418181046195,884.0535914960309,980.7025756835938,1377600,0.0,0.0
2001-09-04 00:00:00+09:00,962.2254423554123,1016.235070874241,952.2762180758687,1009.1286010742188,1527600,0.0,0.0
2001-09-05 00:00:00+09:00,984.96624345309,994.9153627274684,945.1696622558908,950.8548583984375,672900,0.0,0.0
2001-09-06 00:00:00+09:00,953.6976933023071,1051.7679443359375,946.591118672432,1051.7679443359375,1100400,0.0,0.0
2001-09-07 00:00:00+09:00,1030.4482912169829,1154.1020819990326,1030.4482912169829,1137.04638671875,1771500,0.0,0.0
2001-09-10 00:00:00+09:00,1091.56425,1151.259169921875,1065.980712890625,1065.980712890625,651000,0.0,0.0
2001-09-11 00:00:00+09:00,1065.9810310349967,1122.8333179902932,1065.9810310349967,1094.4072265625,522000,0.0,0.0
2001-09-12 00:00:00+09:00,963.6466674804688,979.281087640963,963.6466674804688,963.6466674804688,883500,0.0,0.0
2001-09-13 00:00:00+09:00,963.6465644531249,1065.980712890625,963.6465644531249,1065.980712890625,590700,0.0,0.0
2001-09-14 00:00:00+09:00,1058.874514821389,1084.4580609843197,966.4895564106168,994.9156494140625,605100,0.0,0.0
2001-09-17 00:00:00+09:00,993.4942083464832,993.4942083464832,875.5256195796909,952.2762451171875,225600,0.0,0.0
2001-09-18 00:00:00+09:00,966.4893721611132,1051.7678431135732,966.4893721611132,1002.0220336914062,341700,0.0,0.0
2001-09-19 00:00:00+09:00,994.9154532747835,1023.3416447739586,970.7532893951953,1009.1286010742188,507300,0.0,0.0
2001-09-20 00:00:00+09:00,994.9156476028778,1034.7123442947995,966.4895546511801,970.7534790039062,282900,0.0,0.0
2001-09-21 00:00:00+09:00,959.3828502454255,982.1237423661573,909.6370381253919,972.1746215820312,168300,0.0,0.0
2001-09-24 00:00:00+09:00,972.1746215820312,972.1746215820312,972.1746215820312,972.1746215820312,0,0.0,0.0
2001-09-25 00:00:00+09:00,973.5959055269145,993.494251413933,895.4240034202828,899.6879272460938,214500,0.0,0.0
2001-09-26 00:00:00+09:00,911.0584955288966,932.3781162971259,895.424072265625,895.424072265625,98700,0.0,0.0
2001-09-27 00:00:00+09:00,895.424072265625,905.3731939242283,874.1044514973959,895.424072265625,64500,0.0,0.0
2001-09-28 00:00:00+09:00,895.424072265625,895.424072265625,895.424072265625,895.424072265625,0,0.0,0.0
2001-10-01 00:00:00+09:00,895.424072265625,895.424072265625,895.424072265625,895.424072265625,0,0.0,0.0
2001-10-02 00:00:00+09:00,895.424072265625,895.424072265625,895.424072265625,895.424072265625,0,0.0,0.0
2001-10-03 00:00:00+09:00,895.424072265625,895.424072265625,895.424072265625,895.424072265625,0,0.0,0.0
2001-10-04 00:00:00+09:00,952.276371926796,987.8091430664062,952.276371926796,987.8091430664062,208200,0.0,0.0
2001-10-05 00:00:00+09:00,994.9156140145586,994.9156140145586,952.276371926796,987.8091430664062,115500,0.0,0.0
2001-10-08 00:00:00+09:00,962.2254423554123,1037.5546884736984,960.8040651156516,1009.1286010742188,465300,0.0,0.0
2001-10-09 00:00:00+09:00,1009.1286010742188,1036.1334153336331,1002.0220271745012,1009.1286010742188,331200,0.0,0.0
2001-10-10 00:00:00+09:00,1010.5500453783118,1027.605742346722,976.4386514414912,980.7025756835938,136200,0.0,0.0
2001-10-11 00:00:00+09:00,1013.3924622535743,1081.615234375,1009.1285389959852,1081.615234375,1468800,0.0,0.0
2001-10-12 00:00:00+09:00,1098.6709188798397,1122.8330810855575,1043.2399169613175,1083.0364990234375,813900,0.0,0.0
2001-10-15 00:00:00+09:00,1081.6154950548475,1101.5137389861409,1051.7680250581934,1073.087646484375,264600,0.0,0.0
2001-10-16 00:00:00+09:00,1075.9301205797954,1165.4725245198492,1065.9809992863582,1108.6202392578125,784200,0.0,0.0
2001-10-17 00:00:00+09:00,1101.5134441198659,1174.0001375647792,1101.5134441198659,1168.31494140625,873600,0.0,0.0
2001-10-18 00:00:00+09:00,1164.0511705186632,1225.1673755407444,1137.0463551088505,1151.2593994140625,965100,0.0,0.0
2001-10-19 00:00:00+09:00,1129.9396404397899,1264.9639089029308,1129.9396404397899,1236.5377197265625,1936500,0.0,0.0
2001-10-22 00:00:00+09:00,1307.6032578674096,1384.3538818359375,1300.4966839111657,1384.3538818359375,4324200,0.0,0.0
2001-10-23 00:00:00+09:00,1428.414520660004,1492.373379794034,1250.7509883655744,1313.28857421875,6445500,0.0,0.0
2001-10-24 00:00:00+09:00,1341.7146444200835,1456.8405802117518,1282.0197147503295,1378.6685791015625,3047700,0.0,0.0
2001-10-25 00:00:00+09:00,1407.0948765172002,1435.521070338661,1307.6033542916427,1328.9229736328125,1569300,0.0,0.0
2001-10-26 00:00:00+09:00,1350.2424480606765,1435.5209162729361,1343.1358743430906,1404.2520751953125,2448300,0.0,0.0
2001-10-29 00:00:00+09:00,1428.4143910127527,1499.4798183003506,1385.7751554601334,1449.7340087890625,3200400,0.0,0.0
2001-10-30 00:00:00+09:00,1408.5159220094233,1527.9057710140478,1395.7241524732135,1456.8404541015625,3972300,0.0,0.0
2001-10-31 00:00:00+09:00,1456.8407871955633,1478.1604079637925,1380.0901524299384,1407.094970703125,1923900,0.0,0.0
2001-11-01 00:00:00+09:00,1435.5212701964913,1435.5212701964913,1307.60353634036,1358.7706298828125,2337300,0.0,0.0
2001-11-02 00:00:00+09:00,1358.7702104273967,1375.8259030097504,1290.5474400979824,1310.4456787109375,1144200,0.0,0.0
2001-11-05 00:00:00+09:00,1336.0293975404595,1360.1916666532172,1310.4458552209633,1354.5064697265625,1572300,0.0,0.0
2001-11-06 00:00:00+09:00,1407.0950587669693,1435.5212562702482,1392.8820120651885,1421.30810546875,1735800,0.0,0.0
2001-11-07 00:00:00+09:00,1421.3074454262069,1421.3074454262069,1368.7191033614308,1377.2469482421875,689100,0.0,0.0
2001-11-08 00:00:00+09:00,1392.8820042467028,1499.4801141609985,1385.7754288858441,1428.4146728515625,2693100,0.0,0.0
2001-11-09 00:00:00+09:00,1428.4146728515625,1428.4146728515625,1428.4146728515625,1428.4146728515625,0,0.0,0.0
2001-11-12 00:00:00+09:00,1485.267046743265,1563.4390677979839,1478.1605750835433,1506.586669921875,2067600,0.0,0.0
2001-11-13 00:00:00+09:00,1492.3732126150355,1492.3732126150355,1428.41436064582,1463.947021484375,949200,0.0,0.0
2001-11-14 00:00:00+09:00,1492.3732101820544,1591.8647228276268,1478.1601666897423,1542.1190185546875,2293200,0.0,0.0
2001-11-15 00:00:00+09:00,1542.118620634757,1563.438232421875,1442.627029561762,1563.438232421875,1385700,0.0,0.0
2001-11-16 00:00:00+09:00,1577.651717936539,1613.1843795865623,1499.4798206666092,1520.7994384765625,974100,0.0,0.0
2001-11-19 00:00:00+09:00,1520.799390525484,1520.799390525484,1418.4652282643228,1478.16015625,2643600,0.0,0.0
2001-11-20 00:00:00+09:00,1449.7339653664467,1499.479773387742,1414.2013048367744,1478.16015625,1168500,0.0,0.0
2001-11-21 00:00:00+09:00,1428.4147529668787,1506.586669921875,1411.3590544239908,1506.586669921875,1352100,0.0,0.0
2001-11-22 00:00:00+09:00,1506.5862448030032,1684.249755859375,1499.4797751485396,1684.249755859375,4908900,0.0,0.0
2001-11-23 00:00:00+09:00,1655.8236474493517,1748.2086944580078,1613.1844109991564,1705.5694580078125,4493100,0.0,0.0
2001-11-26 00:00:00+09:00,1741.102165940026,1840.593685562407,1677.143309589988,1748.208740234375,3855600,0.0,0.0
2001-11-27 00:00:00+09:00,1790.8480253028158,1826.3807936173566,1698.4629734245946,1719.7825927734375,1808100,0.0,0.0
2001-11-28 00:00:00+09:00,1719.7825021246447,1812.1675491333008,1698.462883899547,1705.5694580078125,2045100,0.0,0.0
2001-11-29 00:00:00+09:00,1719.7825021246447,1762.4218426745385,1648.7171774407848,1705.5694580078125,1418700,0.0,0.0
2001-11-30 00:00:00+09:00,1677.1433426204783,1719.7825810269285,1641.6106786483374,1662.9302978515625,1203600,0.0,0.0
2001-12-03 00:00:00+09:00,1634.5038356730245,1819.2738037109375,1598.971177538726,1819.2738037109375,1824600,0.0,0.0
2001-12-04 00:00:00+09:00,1790.8479637550417,1847.7003494645257,1762.421875,1762.421875,776400,0.0,0.0
2001-12-05 00:00:00+09:00,1776.6350900012496,1826.3810132641013,1741.102421513134,1797.9547119140625,890400,0.0,0.0
2001-12-06 00:00:00+09:00,1812.167709897567,1847.700479491442,1712.6761840540737,1826.380859375,2370000,0.0,0.0
2001-12-07 00:00:00+09:00,1819.274120415012,1961.404985894097,1805.0611796066892,1918.7657470703125,2697600,0.0,0.0
2001-12-10 00:00:00+09:00,1982.7244458016328,2082.216064453125,1947.191680240516,2082.216064453125,3131100,0.0,0.0
2001-12-11 00:00:00+09:00,2082.216465438329,2160.3882732476623,1932.9791128212337,1989.831298828125,1446600,0.0,0.0
2001-12-12 00:00:00+09:00,2018.2573959492368,2139.068435147307,1989.8310976207645,2032.4703369140625,2036700,0.0,0.0
2001-12-13 00:00:00+09:00,2103.535512874056,2181.7072993387196,2032.4699874706128,2174.600830078125,1241100,0.0,0.0
2001-12-14 00:00:00+09:00,2203.0269153198774,2288.30537924451,2139.068067376403,2174.600830078125,1351200,0.0,0.0
2001-12-17 00:00:00+09:00,2139.0684643613563,2224.3469441126317,2018.257423513325,2089.32275390625,978600,0.0,0.0
2001-12-18 00:00:00+09:00,2117.749040303637,2139.068662213403,1975.6183663714837,1996.93798828125,1412100,0.0,0.0
2001-12-19 00:00:00+09:00,1989.8311591454121,2018.2574583528124,1762.4220146827129,1876.1265869140625,1919400,0.0,0.0
2001-12-20 00:00:00+09:00,1819.2739813985352,1989.8309236608789,1769.5282759718157,1925.8720703125,1475100,0.0,0.0
2001-12-21 00:00:00+09:00,1847.7002705678196,1890.3395059793893,1783.741417450465,1805.06103515625,1031400,0.0,0.0
2001-12-24 00:00:00+09:00,1733.9954450085581,1883.2326508124866,1733.9954450085581,1819.2738037109375,806100,0.0,0.0
2001-12-25 00:00:00+09:00,1819.2738037109375,1819.2738037109375,1819.2738037109375,1819.2738037109375,0,0.0,0.0
2001-12-26 00:00:00+09:00,1847.7005359796683,1932.979019052585,1797.9546153875192,1854.8070068359375,700500,0.0,0.0
2001-12-27 00:00:00+09:00,1890.8923316078767,1919.7610588591879,1847.589452170751,1898.109619140625,546000,66.666664,0.0
2001-12-28 00:00:00+09:00,1926.9778698057812,1963.0636681847031,1883.6749963269997,1941.4122314453125,615600,0.0,0.0
2001-12-31 00:00:00+09:00,1941.4122314453125,1941.4122314453125,1941.4122314453125,1941.4122314453125,0,0.0,0.0
2002-01-01 00:00:00+09:00,1941.4122314453125,1941.4122314453125,1941.4122314453125,1941.4122314453125,0,0.0,0.0
2002-01-02 00:00:00+09:00,1963.0643138970363,2078.5386106769038,1941.4128700358185,2071.321533203125,944100,0.0,0.0
2002-01-03 00:00:00+09:00,2071.321533203125,2071.321533203125,2071.321533203125,2071.321533203125,0,0.0,0.0
2002-01-04 00:00:00+09:00,2085.755536896738,2157.92715216034,2035.2355753641086,2114.624267578125,1076700,0.0,0.0
2002-01-07 00:00:00+09:00,2114.624099480275,2129.0582522336886,2035.235413577105,2085.75537109375,758700,0.0,0.0
2002-01-08 00:00:00+09:00,2056.8871937627378,2107.4071596208087,1963.064339614925,1991.932861328125,817200,0.0,0.0
2002-01-09 00:00:00+09:00,1948.6297563835246,2222.8814222063447,1948.6297563835246,2201.22998046875,2514900,0.0,0.0
2002-01-10 00:00:00+09:00,2165.1439055524206,2179.5782687360484,2078.538149330324,2136.275390625,775500,0.0,0.0
2002-01-11 00:00:00+09:00,2136.2751483496263,2295.052279603248,2136.2751483496263,2208.446533203125,1143900,0.0,0.0
2002-01-14 00:00:00+09:00,2165.144230769231,2258.967076955942,2165.144230769231,2251.75,417900,0.0,0.0
2002-01-15 00:00:00+09:00,2302.2697961177573,2518.7842036347834,2280.618355366055,2374.44140625,3351600,0.0,0.0
2002-01-16 00:00:00+09:00,2374.4418088049374,2381.6588864657806,2280.6187420145425,2323.921630859375,1030800,0.0,0.0
2002-01-17 00:00:00+09:00,2280.6181227787447,2410.526754040315,2251.7496085338944,2367.223876953125,840900,0.0,0.0
2002-01-18 00:00:00+09:00,2381.658424312233,2648.692783224868,2381.658424312233,2533.218505859375,3131400,0.0,0.0
2002-01-21 00:00:00+09:00,2562.0874886779407,2641.4761877515275,2453.8302678684518,2612.607666015625,669900,0.0,0.0
2002-01-22 00:00:00+09:00,2612.607180250094,2670.344212986775,2562.0870123056916,2605.389892578125,867000,0.0,0.0
2002-01-23 00:00:00+09:00,2598.172637195122,2670.3440288594875,2562.086835643024,2663.126953125,543000,0.0,0.0
2002-01-24 00:00:00+09:00,2691.9957891351864,2706.4301537685706,2598.172947617828,2641.475830078125,622500,0.0,0.0
2002-01-25 00:00:00+09:00,2641.475412416064,2706.429725836131,2511.5667855759298,2619.823974609375,925800,0.0,0.0
2002-01-28 00:00:00+09:00,2619.824909839873,2670.344878943596,2562.087651264262,2634.25927734375,828000,0.0,0.0
2002-01-29 00:00:00+09:00,2641.4761289763146,2836.339122097518,2634.2590515628963,2691.99609375,1359600,0.0,0.0
2002-01-30 00:00:00+09:00,2598.173248808263,2627.041769981728,2511.5674738479875,2554.870361328125,628800,0.0,0.0
2002-01-31 00:00:00+09:00,2554.870361328125,2554.870361328125,2554.870361328125,2554.870361328125,0,0.0,0.0
2002-02-01 00:00:00+09:00,2482.6983800165817,2562.086847791877,2482.6983800165817,2511.56689453125,339300,0.0,0.0
2002-02-04 00:00:00+09:00,2468.2640690584158,2511.566947462949,2323.921070563358,2345.572509765625,348300,0.0,0.0
2002-02-05 00:00:00+09:00,2331.1387989769196,2497.133056640625,2331.1387989769196,2497.133056640625,567300,0.0,0.0
2002-02-06 00:00:00+09:00,2497.1329983576898,2583.73876953125,2424.9615928596804,2583.73876953125,244500,0.0,0.0
2002-02-07 00:00:00+09:00,2518.78361807087,2576.5208504660086,2468.263671875,2468.263671875,332400,0.0,0.0
2002-02-08 00:00:00+09:00,2439.3955025246637,2583.7382865378363,2345.5724603322865,2511.56689453125,779100,0.0,0.0
2002-02-11 00:00:00+09:00,2511.56689453125,2511.56689453125,2511.56689453125,2511.56689453125,0,0.0,0.0
2002-02-12 00:00:00+09:00,2511.56689453125,2511.56689453125,2511.56689453125,2511.56689453125,0,0.0,0.0
2002-02-13 00:00:00+09:00,2511.56689453125,2511.56689453125,2511.56689453125,2511.56689453125,0,0.0,0.0
2002-02-14 00:00:00+09:00,2576.521895345052,2634.259151154876,2540.4360840339264,2598.17333984375,792900,0.0,0.0
2002-02-15 00:00:00+09:00,2670.344619505315,2670.344619505315,2540.435958911437,2562.08740234375,647400,0.0,0.0
2002-02-18 00:00:00+09:00,2554.870078649763,2598.172961338742,2526.001560670396,2569.304443359375,535200,0.0,0.0
2002-02-19 00:00:00+09:00,2554.8700433298322,2598.172925420168,2540.435678819769,2576.521484375,310800,0.0,0.0
2002-02-20 00:00:00+09:00,2554.8699844105363,2583.738501325056,2468.2642222271284,2518.7841796875,432600,0.0,0.0
2002-02-21 00:00:00+09:00,2554.870573232273,2684.779246447473,2518.7847601925287,2634.25927734375,894000,0.0,0.0
2002-02-22 00:00:00+09:00,2641.4760818464183,2908.5104786569445,2598.173195258772,2850.7734375,1154100,0.0,0.0
2002-02-25 00:00:00+09:00,2865.2076545575796,2901.293464647584,2756.950435727446,2764.167724609375,575400,0.0,0.0
2002-02-26 00:00:00+09:00,2793.0352291956306,2843.55517578125,2720.863846724774,2843.55517578125,474600,0.0,0.0
2002-02-27 00:00:00+09:00,2807.469522047599,2944.5952088421795,2771.38372596911,2872.423828125,627900,0.0,0.0
2002-02-28 00:00:00+09:00,2886.858643338608,3132.2417749730835,2886.858643338608,3103.373046875,1221600,0.0,0.0
2002-03-01 00:00:00+09:00,3103.373046875,3103.373046875,3103.373046875,3103.373046875,0,0.0,0.0
2002-03-04 00:00:00+09:00,3175.544634529954,3471.447509765625,3146.675906624147,3471.447509765625,936900,0.0,0.0
2002-03-05 00:00:00+09:00,3608.572505496059,3846.73830016215,3334.3211253252775,3536.401123046875,1553100,0.0,0.0
2002-03-06 00:00:00+09:00,3536.4016720127843,3630.2245049050953,3334.321642921717,3601.356201171875,553500,0.0,0.0
2002-03-07 00:00:00+09:00,3630.2244485786855,3695.178765290111,3392.0588320766237,3464.230224609375,526200,0.0,0.0
2002-03-08 00:00:00+09:00,3276.584752488452,3449.796284980174,3153.8933912667217,3269.36767578125,1485300,0.0,0.0
2002-03-11 00:00:00+09:00,3276.5843559125,3428.1444284989348,3276.5843559125,3392.058837890625,1257600,0.0,0.0
2002-03-12 00:00:00+09:00,3392.0590908353047,3781.7848093937305,3370.4076502798453,3752.91650390625,1874400,0.0,0.0
2002-03-13 00:00:00+09:00,3695.1795194948522,3709.6140969633384,3579.7054370254755,3673.528076171875,543000,0.0,0.0
2002-03-14 00:00:00+09:00,3666.311096215595,3752.916866812186,3543.619517390468,3572.488037109375,463200,0.0,0.0
2002-03-15 00:00:00+09:00,3572.4878946940103,3998.299442192581,3572.4878946940103,3897.259521484375,2680200,0.0,0.0
2002-03-18 00:00:00+09:00,3983.8643973214284,4243.681640625,3767.350027901786,4243.681640625,1213500,0.0,0.0
2002-03-19 00:00:00+09:00,4258.115516592216,4546.80146484375,4070.4698828125,4330.287109375,1723500,0.0,0.0
2002-03-20 00:00:00+09:00,4517.933479866832,4517.933479866832,4185.945029265798,4258.1162109375,1026600,0.0,0.0
2002-03-21 00:00:00+09:00,4185.944346689033,4640.624493173408,4120.990040048408,4330.287109375,1504800,0.0,0.0
2002-03-22 00:00:00+09:00,4438.545036464695,4712.796458733517,4359.156567016274,4691.14501953125,1208700,0.0,0.0
2002-03-25 00:00:00+09:00,4950.962417283566,5153.04266266156,4618.97395623076,4813.8369140625,1432200,0.0,0.0
2002-03-26 00:00:00+09:00,4705.5798401091315,4965.397124111236,4705.5798401091315,4907.65966796875,991200,0.0,0.0
2002-03-27 00:00:00+09:00,5023.133774832059,5304.602477732131,4907.65929422086,5181.9111328125,1063500,0.0,0.0
2002-03-28 00:00:00+09:00,5196.347734476904,5239.650632264212,5044.787592221328,5052.0048828125,1146300,0.0,0.0
2002-03-29 00:00:00+09:00,5052.0034624247,5239.6491591191925,4763.317417381084,4893.22607421875,722400,0.0,0.0
2002-04-01 00:00:00+09:00,4857.139966944402,4922.094288540034,4445.76259683873,4618.97412109375,724800,0.0,0.0
2002-04-02 00:00:00+09:00,4496.282563033149,4683.928672085898,4402.459931386494,4546.802734375,1032900,0.0,0.0
2002-04-03 00:00:00+09:00,4474.631230138939,4813.837438577541,4474.631230138939,4662.27734375,827700,0.0,0.0
2002-04-04 00:00:00+09:00,4568.45499554016,4683.929512374724,4532.369394039269,4597.32373046875,638700,0.0,0.0
2002-04-05 00:00:00+09:00,4597.32373046875,4597.32373046875,4597.32373046875,4597.32373046875,0,0.0,0.0
2002-04-08 00:00:00+09:00,4554.019045925533,4626.190220502859,4359.15611338342,4388.0244140625,582600,0.0,0.0
2002-04-09 00:00:00+09:00,4388.025068447319,4517.933709515296,4185.94524203915,4200.37939453125,732600,0.0,0.0
2002-04-10 00:00:00+09:00,4113.773607363268,4142.6423350415025,3803.43615918123,3911.693359375,913200,0.0,0.0
2002-04-11 00:00:00+09:00,3926.1282911615217,4063.2538086053632,3810.653792842742,4027.168212890625,1039800,0.0,0.0
2002-04-12 00:00:00+09:00,3695.179166156201,4012.733919781299,3695.179166156201,3853.95654296875,1013400,0.0,0.0
2002-04-15 00:00:00+09:00,3868.390846180035,4214.813919655254,3868.390846180035,4099.33984375,812100,0.0,0.0
2002-04-16 00:00:00+09:00,4128.2069033109665,4467.413008798409,4048.818447265625,4330.287109375,1062900,0.0,0.0
2002-04-17 00:00:00+09:00,4503.4985937500005,4525.150029296875,4279.766952139092,4330.287109375,678600,0.0,0.0
2002-04-18 00:00:00+09:00,4467.4129395223645,4525.149959125505,4330.287042225364,4344.72119140625,457800,0.0,0.0
2002-04-19 00:00:00+09:00,4301.418387685967,4388.024129873466,3983.864140625,4330.287109375,601800,0.0,0.0
2002-04-22 00:00:00+09:00,4207.597279350126,4207.597279350126,3825.088166667546,3954.996826171875,633300,0.0,0.0
2002-04-23 00:00:00+09:00,3752.916825222299,4056.037018951184,3731.265382813093,4005.516845703125,508800,0.0,0.0
2002-04-24 00:00:00+09:00,3954.9964412575864,4099.339664134236,3695.1791475352697,3781.784912109375,603000,0.0,0.0
2002-04-25 00:00:00+09:00,3695.179242156976,3781.7850089487783,3334.322021484375,3334.322021484375,938400,0.0,0.0
2002-04-26 00:00:00+09:00,3334.321644978351,3637.4417945218374,3226.06444871282,3594.138916015625,767700,0.0,0.0
2002-04-29 00:00:00+09:00,3392.0594909337815,3738.482369242383,3392.0594909337815,3550.836669921875,1015200,0.0,0.0
2002-04-30 00:00:00+09:00,3464.23106434365,3637.4426175608323,3442.579620191502,3565.27099609375,682800,0.0,0.0
2002-05-01 00:00:00+09:00,3565.27099609375,3565.27099609375,3565.27099609375,3565.27099609375,0,0.0,0.0
2002-05-02 00:00:00+09:00,3680.745056245217,3983.865237347764,3637.442173230567,3976.64794921875,819000,0.0,0.0
2002-05-03 00:00:00+09:00,3933.345772795745,3940.5630622212825,3767.3514990467206,3926.12890625,549600,0.0,0.0
2002-05-06 00:00:00+09:00,3911.6935589705336,3911.6935589705336,3760.133470965849,3781.784912109375,305100,0.0,0.0
2002-05-07 00:00:00+09:00,3680.745693472929,3724.0485839843755,3594.1399124500367,3724.048583984375,331200,0.0,0.0
2002-05-08 00:00:00+09:00,3796.2194570442084,3969.4309847742907,3796.2194570442084,3940.562255859375,574200,0.0,0.0
2002-05-09 00:00:00+09:00,4128.208404417751,4243.682910283338,4027.1684760852086,4084.905517578125,900000,0.0,0.0
2002-05-10 00:00:00+09:00,4012.734134132772,4056.037018951184,3904.4769220867415,4005.516845703125,360600,0.0,0.0
2002-05-13 00:00:00+09:00,3926.12890625,4106.557335970307,3868.3914366052845,3926.12890625,595200,0.0,0.0
2002-05-14 00:00:00+09:00,4012.7339610063204,4077.688285431532,3983.8652314129877,3991.08251953125,428400,0.0,0.0
2002-05-15 00:00:00+09:00,3998.299212545645,4250.899634127347,3998.299212545645,4185.9453125,724500,0.0,0.0
2002-05-16 00:00:00+09:00,4236.465058512582,4359.15683683959,4185.9453125,4185.9453125,552600,0.0,0.0
2002-05-17 00:00:00+09:00,4222.030764127741,4272.550931325062,4135.425004863582,4214.8134765625,281100,0.0,0.0
2002-05-20 00:00:00+09:00,4185.945954128685,4229.248841851121,4106.5570447177115,4142.64306640625,248400,0.0,0.0
2002-05-21 00:00:00+09:00,4041.601383726408,4113.772980484252,3839.5215894118433,3882.824462890625,405300,0.0,0.0
2002-05-22 00:00:00+09:00,3724.0477301818505,3868.390524500319,3651.8761215827694,3832.304931640625,349500,0.0,0.0
2002-05-23 00:00:00+09:00,3767.3503527938888,3868.390259610082,3608.572993900159,3623.007568359375,524100,0.0,0.0
2002-05-24 00:00:00+09:00,3608.573382961164,3803.4363532529014,3608.573382961164,3781.784912109375,361500,0.0,0.0
2002-05-27 00:00:00+09:00,3680.7447521556874,3969.430756029753,3680.7447521556874,3796.21923828125,482700,0.0,0.0
2002-05-28 00:00:00+09:00,3832.304267049479,3897.2585766604875,3637.441338216455,3651.87548828125,368400,0.0,0.0
2002-05-29 00:00:00+09:00,3550.836690165556,3586.9222879268336,3406.493664800819,3478.665283203125,272100,0.0,0.0
2002-05-30 00:00:00+09:00,3334.3221153846157,3550.8365384615386,3319.8877500328654,3377.625,284400,0.0,0.0
2002-05-31 00:00:00+09:00,3392.0594048679354,3550.8365798274162,3355.973596788107,3363.190673828125,527700,0.0,0.0
2002-06-03 00:00:00+09:00,3305.453343178335,3457.013427734375,3276.5846146839517,3457.013427734375,328200,0.0,0.0
2002-06-04 00:00:00+09:00,3334.322238829078,3608.5737105867047,3327.1051616059426,3550.836669921875,268500,0.0,0.0
2002-06-05 00:00:00+09:00,3680.744103740004,3695.178253383037,3572.486924218239,3608.572509765625,262800,0.0,0.0
2002-06-06 00:00:00+09:00,3608.572509765625,3608.572509765625,3608.572509765625,3608.572509765625,0,0.0,0.0
2002-06-07 00:00:00+09:00,3536.4018303939206,3623.0078026714937,3464.230433509096,3471.447509765625,201600,0.0,0.0
2002-06-10 00:00:00+09:00,3521.968184350911,3673.528076171875,3493.099452293691,3673.528076171875,300900,0.0,0.0
2002-06-11 00:00:00+09:00,3687.9623122859393,3687.9623122859393,3601.356547010181,3630.224853515625,199800,0.0,0.0
2002-06-12 00:00:00+09:00,3594.139258943964,3673.527736153504,3536.402011613506,3630.224853515625,151500,0.0,0.0
2002-06-13 00:00:00+09:00,3630.224853515625,3630.224853515625,3630.224853515625,3630.224853515625,0,0.0,0.0
2002-06-14 00:00:00+09:00,3615.7907915900737,3680.7451171875,3565.270619609945,3680.7451171875,321600,0.0,0.0
2002-06-17 00:00:00+09:00,3716.8296892873896,3752.915697714383,3594.138360122592,3608.572509765625,90000,0.0,0.0
2002-06-18 00:00:00+09:00,3651.876519196337,3680.745250355114,3536.402228880839,3572.488037109375,115200,0.0,0.0
2002-06-19 00:00:00+09:00,3536.4023414615535,3608.5737487763195,3175.5450934478476,3189.979248046875,155400,0.0,0.0
2002-06-20 00:00:00+09:00,3161.1102916313203,3226.0646126922375,3016.767285460443,3103.373046875,309300,0.0,0.0
2002-06-21 00:00:00+09:00,3074.504610816904,3319.8875374444056,3002.333211559369,3226.064697265625,252600,0.0,0.0
2002-06-24 00:00:00+09:00,3211.6298451687776,3327.1043201744546,3197.1956943729333,3298.235595703125,271500,0.0,0.0
2002-06-25 00:00:00+09:00,3291.019269108337,3384.8421163880485,3218.847864388549,3363.190673828125,469800,0.0,0.0
2002-06-26 00:00:00+09:00,3420.927862639208,3420.927862639208,3052.8533457729636,3175.544921875,486600,0.0,0.0
2002-06-27 00:00:00+09:00,3442.578437172127,3442.578437172127,3233.2811451450375,3348.755615234375,392700,0.0,0.0
2002-06-28 00:00:00+09:00,3493.0995215596113,3731.265614274917,3478.665366684657,3659.093994140625,438600,0.0,0.0
2002-07-01 00:00:00+09:00,3659.093994140625,3659.093994140625,3659.093994140625,3659.093994140625,0,0.0,0.0
2002-07-02 00:00:00+09:00,3464.230348088208,3738.4817763519636,3406.493105140124,3579.704833984375,319200,0.0,0.0
2002-07-03 00:00:00+09:00,3536.402011613506,3673.527736153504,3507.5334936682057,3630.224853515625,138900,0.0,0.0
2002-07-04 00:00:00+09:00,3637.442112112436,3947.779576129551,3637.442112112436,3781.784912109375,711000,0.0,0.0
2002-07-05 00:00:00+09:00,3825.087794396428,3998.2993235446393,3709.6137235507604,3781.784912109375,716400,0.0,0.0
2002-07-08 00:00:00+09:00,3897.2592999827484,3969.430909460847,3623.0078605734916,3752.91650390625,406800,0.0,0.0
2002-07-09 00:00:00+09:00,3752.9167675210574,3817.87109375,3673.5278646547526,3817.87109375,260700,0.0,0.0
2002-07-10 00:00:00+09:00,3752.9166766699154,3846.7393081428536,3724.0479469737784,3767.350830078125,188100,0.0,0.0
2002-07-11 00:00:00+09:00,3680.744670757739,3781.784579583355,3543.618959385926,3601.356201171875,261600,0.0,0.0
2002-07-12 00:00:00+09:00,3572.4874035114462,3687.961884786856,3572.4874035114462,3623.007568359375,255600,0.0,0.0
2002-07-15 00:00:00+09:00,3637.4423965891597,3810.6539392838818,3623.008242324514,3709.614013671875,627000,0.0,0.0
2002-07-16 00:00:00+09:00,3709.6134720376826,3774.5677910643367,3579.704833984375,3579.704833984375,193500,0.0,0.0
2002-07-17 00:00:00+09:00,3579.704833984375,3579.704833984375,3579.704833984375,3579.704833984375,0,0.0,0.0
2002-07-18 00:00:00+09:00,3608.5738843980457,3651.8767727023414,3550.836840952241,3565.27099609375,103800,0.0,0.0
2002-07-19 00:00:00+09:00,3536.4022143075113,3536.4022143075113,3334.3221542281835,3363.190673828125,351300,0.0,0.0
2002-07-22 00:00:00+09:00,3088.938097262539,3218.846705865546,3060.0693766131203,3132.240966796875,197100,0.0,0.0
2002-07-23 00:00:00+09:00,3161.110576923077,3399.2764423076924,3074.504807692308,3377.625,291300,0.0,0.0
2002-07-24 00:00:00+09:00,3247.716234219785,3457.013573127235,3247.716234219785,3269.36767578125,264300,0.0,0.0
2002-07-25 00:00:00+09:00,3623.008667265418,3623.008667265418,3312.671142578125,3312.671142578125,256500,0.0,0.0
2002-07-26 00:00:00+09:00,3189.978451823883,3312.6700039308944,3038.418386284561,3060.06982421875,354300,0.0,0.0
2002-07-29 00:00:00+09:00,3060.069502624418,3117.806734861038,2778.6008390605743,2930.160888671875,455700,0.0,0.0
2002-07-30 00:00:00+09:00,3060.0701661677217,3175.5446556803618,2995.115845106804,3103.373046875,547800,0.0,0.0
2002-07-31 00:00:00+09:00,3088.938097262539,3204.4123455408367,3031.200867403494,3132.240966796875,285600,0.0,0.0
2002-08-01 00:00:00+09:00,3132.241834356948,3283.801919705835,3117.8074700342463,3161.1103515625,223800,0.0,0.0
2002-08-02 00:00:00+09:00,3088.93896484375,3168.3274403277783,3031.2017187682145,3088.93896484375,135300,0.0,0.0
2002-08-05 00:00:00+09:00,3031.2019050586405,3031.2019050586405,2857.990367626718,2886.85888671875,233700,0.0,0.0
2002-08-06 00:00:00+09:00,2742.5160234856785,2872.424673891213,2670.3444100782526,2836.3388671875,443700,0.0,0.0
2002-08-07 00:00:00+09:00,2951.812283481958,2980.6810049206683,2836.338032046511,2872.423828125,488100,0.0,0.0
2002-08-08 00:00:00+09:00,2930.1617710767305,2951.8132132557207,2850.773290713676,2886.85888671875,260100,0.0,0.0
2002-08-09 00:00:00+09:00,2980.681077347623,2987.8981521627675,2843.55517578125,2843.55517578125,249300,0.0,0.0
2002-08-12 00:00:00+09:00,2821.904481343981,2886.858806066271,2749.7330799102783,2771.384521484375,597900,0.0,0.0
2002-08-13 00:00:00+09:00,2778.6020315406768,2922.945068359375,2749.7335087528936,2922.945068359375,289500,0.0,0.0
2002-08-14 00:00:00+09:00,2886.8592562947274,2951.813591147158,2850.773655669972,2922.945068359375,510300,0.0,0.0
2002-08-15 00:00:00+09:00,2922.945068359375,2922.945068359375,2922.945068359375,2922.945068359375,0,0.0,0.0
2002-08-16 00:00:00+09:00,3060.0705531397425,3074.504919014133,3002.3335125219282,3067.287841796875,561300,0.0,0.0
2002-08-19 00:00:00+09:00,3103.373307019748,3197.196364043603,3067.2877110319873,3175.544921875,417900,0.0,0.0
2002-08-20 00:00:00+09:00,3312.6705443580954,3341.5390625,3226.0647784925245,3341.5390625,463200,0.0,0.0
2002-08-21 00:00:00+09:00,3269.367494148427,3341.538891530474,3254.9331300960785,3319.887451171875,294000,0.0,0.0
2002-08-22 00:00:00+09:00,3392.0588320766237,3464.230224609375,3355.973030090332,3464.230224609375,393300,0.0,0.0
2002-08-23 00:00:00+09:00,3464.230224609375,3464.230224609375,3464.230224609375,3464.230224609375,0,0.0,0.0
2002-08-26 00:00:00+09:00,3464.2309971608383,3464.2309971608383,3392.059588533281,3449.796630859375,114900,0.0,0.0
2002-08-27 00:00:00+09:00,3449.795867439854,3825.0874052691765,3392.058837890625,3392.058837890625,826200,0.0,0.0
2002-08-28 00:00:00+09:00,3334.3215969015628,3435.3617157724634,3276.5843559125,3392.058837890625,390600,0.0,0.0
2002-08-29 00:00:00+09:00,3392.0595102722577,3493.099437731686,3291.0193713729545,3478.665283203125,290100,0.0,0.0
2002-08-30 00:00:00+09:00,3457.013357252568,3637.4419551845513,3420.927553090233,3471.447509765625,849000,0.0,0.0
2002-09-02 00:00:00+09:00,3485.8818737185284,3536.4018303939206,3392.0590366242723,3471.447509765625,316800,0.0,0.0
2002-09-03 00:00:00+09:00,3478.664821428165,3485.8818977344154,3312.6703748656246,3319.887451171875,306000,0.0,0.0
2002-09-04 00:00:00+09:00,3262.150487498782,3312.6704456009816,3218.847605856939,3305.453369140625,228000,0.0,0.0
2002-09-05 00:00:00+09:00,3334.3221153846157,3420.9278846153848,3312.6706730769233,3377.625,198600,0.0,0.0
2002-09-06 00:00:00+09:00,3319.887728705774,3363.1906130429793,3175.544921875,3175.544921875,285900,0.0,0.0
2002-09-09 00:00:00+09:00,3175.5456064581026,3218.8485001305316,2973.4652950268264,3052.85400390625,202500,0.0,0.0
2002-09-10 00:00:00+09:00,3023.9854068889126,3153.894084825335,3023.9854068889126,3139.459716796875,223800,0.0,0.0
2002-09-11 00:00:00+09:00,3139.4583232072855,3449.795512262781,3139.4583232072855,3348.755615234375,767100,0.0,0.0
2002-09-12 00:00:00+09:00,3420.9268688402194,3536.401123046875,3413.7097940272424,3536.401123046875,1649400,0.0,0.0
2002-09-13 00:00:00+09:00,3457.013579646824,3623.008035744393,3363.190525076961,3558.0537109375,466200,0.0,0.0
2002-09-16 00:00:00+09:00,3471.4473004307,3586.921570771068,3420.9273468017577,3464.230224609375,328200,0.0,0.0
2002-09-17 00:00:00+09:00,3521.968017578125,3586.9221330314626,3464.230767637544,3521.968017578125,443100,0.0,0.0
2002-09-18 00:00:00+09:00,3449.795512262781,3478.664235505021,3348.755615234375,3348.755615234375,159300,0.0,0.0
2002-09-19 00:00:00+09:00,3348.755962103493,3442.5787937595533,3305.453084194568,3384.841552734375,196500,0.0,0.0
2002-09-20 00:00:00+09:00,3384.841552734375,3384.841552734375,3384.841552734375,3384.841552734375,0,0.0,0.0
2002-09-23 00:00:00+09:00,3319.8876356113824,3377.6248835885763,3240.4991575125828,3269.36767578125,140400,0.0,0.0
2002-09-24 00:00:00+09:00,3182.761998784579,3226.0648831217845,3045.6362688633844,3175.544921875,166200,0.0,0.0
2002-09-25 00:00:00+09:00,3175.5446556803618,3175.5446556803618,3023.9845732048875,3103.373046875,293100,0.0,0.0
2002-09-26 00:00:00+09:00,3204.413133409288,3233.281649716811,3088.938856739352,3117.807373046875,207000,0.0,0.0
2002-09-27 00:00:00+09:00,3060.070138808267,3189.978779768616,3045.635986328125,3045.635986328125,189300,0.0,0.0
2002-09-30 00:00:00+09:00,3016.7679259995884,3023.9852152764533,2901.293623408565,2922.945068359375,239400,0.0,0.0
2002-10-01 00:00:00+09:00,2886.8589959465075,3002.3334995634814,2865.207552948309,2995.1162109375,264300,0.0,0.0
2002-10-02 00:00:00+09:00,3189.979324718186,3283.8023890662876,3125.024993141753,3168.327880859375,551700,0.0,0.0
2002-10-03 00:00:00+09:00,3168.327880859375,3168.327880859375,3168.327880859375,3168.327880859375,0,0.0,0.0
2002-10-04 00:00:00+09:00,3088.9391373202325,3254.933385466226,3088.9391373202325,3247.71630859375,167700,0.0,0.0
2002-10-07 00:00:00+09:00,3247.715690128328,3247.715690128328,3052.8527487206284,3060.06982421875,80400,0.0,0.0
2002-10-08 00:00:00+09:00,3002.3331060080086,3110.5903068082994,3002.3331060080086,3045.635986328125,371100,0.0,0.0
2002-10-09 00:00:00+09:00,3060.0703269385253,3103.3732099208623,2966.2474842900815,2987.89892578125,278700,0.0,0.0
2002-10-10 00:00:00+09:00,2944.5958880949283,3103.373046875,2713.6471205094945,3103.373046875,402600,0.0,0.0
2002-10-11 00:00:00+09:00,3103.3723309958937,3146.6752017141607,2872.423828125,2872.423828125,573600,0.0,0.0
2002-10-14 00:00:00+09:00,3031.2014880283273,3052.8529272285296,2959.0300945075983,3009.550048828125,282900,0.0,0.0
2002-10-15 00:00:00+09:00,3060.0704226825433,3197.196364043603,2987.8990192671563,3175.544921875,510000,0.0,0.0
2002-10-16 00:00:00+09:00,3218.8481207814966,3327.105342204194,3197.1966764969575,3291.01953125,416400,0.0,0.0
2002-10-17 00:00:00+09:00,3334.3221717582683,3428.14501953125,3276.5849208149652,3428.14501953125,465300,0.0,0.0
2002-10-18 00:00:00+09:00,3435.3627177213652,3810.6543650072676,3435.3627177213652,3724.048583984375,1091400,0.0,0.0
2002-10-21 00:00:00+09:00,3738.481234429261,3817.870116984684,3608.572615207245,3651.87548828125,748800,0.0,0.0
2002-10-22 00:00:00+09:00,3702.39697265625,3738.482572170559,3218.8481207814966,3291.01953125,965400,0.0,0.0
2002-10-23 00:00:00+09:00,3305.453343178335,3485.8819447889086,3305.453343178335,3457.013427734375,423900,0.0,0.0
2002-10-24 00:00:00+09:00,3521.96697342092,3608.572505496059,3493.098251289404,3536.401123046875,442200,0.0,0.0
2002-10-25 00:00:00+09:00,3276.5851285700005,3558.054112615497,3276.5851285700005,3507.533935546875,239100,0.0,0.0
2002-10-28 00:00:00+09:00,3608.5735983670656,3724.048098985441,3536.402194060482,3716.830810546875,421200,0.0,0.0
2002-10-29 00:00:00+09:00,3659.09406171298,3716.831105158785,3550.836840952241,3565.27099609375,608700,0.0,0.0
2002-10-30 00:00:00+09:00,3536.4022701796553,3558.053924521525,3377.62509271163,3420.927978515625,610200,0.0,0.0
2002-10-31 00:00:00+09:00,3464.2304573758165,3493.098974040666,3254.9331300960785,3319.887451171875,915000,0.0,0.0
2002-11-01 00:00:00+09:00,3305.4534461909366,3399.2762881219946,3269.367640168288,3276.584716796875,498900,0.0,0.0
2002-11-04 00:00:00+09:00,3319.887451171875,3355.9732555828223,3247.716053789828,3319.887451171875,894000,0.0,0.0
2002-11-05 00:00:00+09:00,3283.8021158358574,3377.6249609375,3247.71630859375,3247.71630859375,605400,0.0,0.0
2002-11-06 00:00:00+09:00,3334.3211253252775,3601.355642122885,3276.583892502048,3536.401123046875,1098900,0.0,0.0
2002-11-07 00:00:00+09:00,3521.968379712623,3558.0541910658712,3435.3626016167377,3485.882568359375,481200,0.0,0.0
2002-11-08 00:00:00+09:00,3392.0590366242723,3485.8818737185284,3348.7561562054084,3471.447509765625,349200,0.0,0.0
2002-11-11 00:00:00+09:00,3464.230433509096,3529.184754137392,3413.710476833704,3471.447509765625,405300,0.0,0.0
2002-11-12 00:00:00+09:00,3435.3617179213434,3529.1845495774037,3355.973037941703,3384.841552734375,765600,0.0,0.0
2002-11-13 00:00:00+09:00,3435.3622483871864,3529.185094530748,3435.3622483871864,3521.968017578125,699000,0.0,0.0
2002-11-14 00:00:00+09:00,3565.2701871858408,3608.5730656653436,3507.5331568397282,3601.356201171875,647700,0.0,0.0
2002-11-15 00:00:00+09:00,3680.7442112904605,3731.264370836673,3594.1384651424496,3651.87548828125,1021800,0.0,0.0
2002-11-18 00:00:00+09:00,3680.745505865128,3687.9627948757666,3521.9683192293387,3565.27099609375,381900,0.0,0.0
2002-11-19 00:00:00+09:00,3485.8824915002897,3558.054112615497,3428.1452368961,3507.533935546875,509100,0.0,0.0
2002-11-20 00:00:00+09:00,3442.579620191502,3565.27099609375,3442.579620191502,3565.27099609375,520500,0.0,0.0
2002-11-21 00:00:00+09:00,3608.573817758645,3666.3112830179825,3558.0540642564256,3659.093994140625,740400,0.0,0.0
2002-11-22 00:00:00+09:00,3738.482572170559,3767.3513055098683,3651.876795032401,3702.39697265625,885900,0.0,0.0
2002-11-25 00:00:00+09:00,3709.613849780444,3983.865305970692,3709.613849780444,3969.43115234375,1026600,0.0,0.0
2002-11-26 00:00:00+09:00,4056.037176595076,4084.905485676204,3926.1285170907468,3954.996826171875,1069800,0.0,0.0
2002-11-27 00:00:00+09:00,3904.4765440526853,4070.470778825013,3904.4765440526853,4041.60205078125,767400,0.0,0.0
2002-11-28 00:00:00+09:00,4171.510976480776,4171.510976480776,3853.9566379123266,3897.259521484375,966900,0.0,0.0
2002-11-29 00:00:00+09:00,3897.2595384495903,3969.43115234375,3781.7850407948795,3969.43115234375,487500,0.0,0.0
2002-12-02 00:00:00+09:00,3969.43115234375,3969.43115234375,3969.43115234375,3969.43115234375,0,0.0,0.0
2002-12-03 00:00:00+09:00,3983.8649261513046,4214.8134765625,3983.8649261513046,4214.8134765625,617700,0.0,0.0
2002-12-04 00:00:00+09:00,4128.207710962483,4142.642286070812,3969.4307678083346,3998.299072265625,453300,0.0,0.0
2002-12-05 00:00:00+09:00,3969.431815662734,4063.2544642358466,3825.088563753678,4056.03759765625,526200,0.0,0.0
2002-12-06 00:00:00+09:00,3969.4317970436405,4056.0375786309214,3897.260171427642,3926.12890625,407100,0.0,0.0
2002-12-09 00:00:00+09:00,3890.042250196257,4135.42539913262,3868.3908083159818,3969.43115234375,591600,0.0,0.0
2002-12-10 00:00:00+09:00,3825.087765794968,3933.344970703125,3825.087765794968,3933.344970703125,229800,0.0,0.0
2002-12-11 00:00:00+09:00,3926.1277282584233,3969.4306060595104,3839.52197265625,3839.52197265625,359700,0.0,0.0
2002-12-12 00:00:00+09:00,3789.0023290482127,4005.516747850968,3789.0023290482127,3969.43115234375,400200,0.0,0.0
2002-12-13 00:00:00+09:00,3926.1281468331304,4113.773829683344,3926.1281468331304,4070.470947265625,625500,0.0,0.0
2002-12-16 00:00:00+09:00,4113.773585416213,4164.293752863676,4034.3851133242165,4063.25341796875,432900,0.0,0.0
2002-12-17 00:00:00+09:00,4171.510467592741,4222.030633223684,4099.339285696732,4113.7734375,693300,0.0,0.0
2002-12-18 00:00:00+09:00,4128.20848857893,4157.0772213538075,4063.2541569952764,4142.64306640625,319200,0.0,0.0
2002-12-19 00:00:00+09:00,4142.64306640625,4142.64306640625,4142.64306640625,4142.64306640625,0,0.0,0.0
2002-12-20 00:00:00+09:00,4142.642609856744,4157.076763213552,3969.431078056179,3991.08251953125,487800,0.0,0.0
2002-12-23 00:00:00+09:00,3926.127834746612,4056.0364716733784,3796.2191978198452,3868.390380859375,228900,0.0,0.0
2002-12-24 00:00:00+09:00,3796.219488124866,3897.2594058347527,3615.7906709689096,3781.784912109375,173100,0.0,0.0
2002-12-25 00:00:00+09:00,3781.7849121093755,3781.7849121093755,3781.7849121093755,3781.784912109375,0,0.0,0.0
2002-12-26 00:00:00+09:00,3709.614828576899,3752.9177237630893,3608.5744578892313,3615.791748046875,304200,0.0,0.0
2002-12-27 00:00:00+09:00,3615.790660150472,3747.0088644243688,3608.500617532169,3717.84912109375,207000,83.333336,0.0
2002-12-30 00:00:00+09:00,3623.080485378379,3674.1099323755784,3550.1815499740615,3659.5302734375,201300,0.0,0.0
2002-12-31 00:00:00+09:00,3659.5302734375,3659.5302734375,3659.5302734375,3659.5302734375,0,0.0,0.0
2003-01-01 00:00:00+09:00,3659.5302734375,3659.5302734375,3659.5302734375,3659.5302734375,0,0.0,0.0
2003-01-02 00:00:00+09:00,3644.9497329281144,3878.2268097095975,3644.9497329281144,3870.936767578125,186600,0.0,0.0
2003-01-03 00:00:00+09:00,3951.1258007253273,3987.575586807224,3870.9370402018226,3936.546142578125,424200,0.0,0.0
2003-01-06 00:00:00+09:00,3936.546602488372,4089.6345259184754,3849.0677890997417,4082.344482421875,508800,0.0,0.0
2003-01-07 00:00:00+09:00,4140.663572325751,4140.663572325751,3863.64707218038,3907.386474609375,310500,0.0,0.0
2003-01-08 00:00:00+09:00,3936.5462879652387,4002.155392764659,3841.777438651872,3892.806884765625,324000,0.0,0.0
2003-01-09 00:00:00+09:00,3849.0673828125,3885.516742162813,3768.8786213847725,3849.0673828125,418500,0.0,0.0
2003-01-10 00:00:00+09:00,3892.8068269536225,3936.546229503663,3608.500710378358,3768.878662109375,784200,0.0,0.0
2003-01-13 00:00:00+09:00,3666.819731775739,3863.6470411241057,3666.819731775739,3849.0673828125,385500,0.0,0.0
2003-01-14 00:00:00+09:00,3849.0668605614615,3921.965996513548,3747.0084119425724,3776.167724609375,470400,0.0,0.0
2003-01-15 00:00:00+09:00,3819.9077313480493,3849.0674758184527,3659.530204617353,3674.10986328125,431400,0.0,0.0
2003-01-16 00:00:00+09:00,3601.209343994555,3666.8184237058476,3557.470171091584,3644.94873046875,563700,0.0,0.0
2003-01-17 00:00:00+09:00,3572.051467317679,3623.0807038202115,3440.833247535748,3448.123291015625,586800,0.0,0.0
2003-01-20 00:00:00+09:00,3309.614789321723,3397.093596207507,3200.2662807144934,3229.426025390625,1269000,0.0,0.0
2003-01-21 00:00:00+09:00,3236.7159642928686,3426.2534568157716,3229.426134662827,3411.673583984375,1423200,0.0,0.0
2003-01-22 00:00:00+09:00,3309.614990234375,3397.0938024306256,3251.2959244844205,3309.614990234375,441300,0.0,0.0
2003-01-23 00:00:00+09:00,3426.25331094683,3469.9927140075497,3382.51390788611,3455.412841796875,675000,0.0,0.0
2003-01-24 00:00:00+09:00,3426.2536658990307,3593.9214661922338,3426.2536658990307,3564.76171875,979800,0.0,0.0
2003-01-27 00:00:00+09:00,3499.152587890625,3513.732461530611,3375.2241958790573,3499.152587890625,249000,0.0,0.0
2003-01-28 00:00:00+09:00,3499.153154481132,3550.182400126862,3426.254201619895,3477.283447265625,155700,0.0,0.0
2003-01-29 00:00:00+09:00,3499.152393830128,3499.152393830128,3324.1947741386216,3411.673583984375,296100,0.0,0.0
2003-01-30 00:00:00+09:00,3397.0935665254806,3499.152244857595,3397.0935665254806,3455.412841796875,318300,0.0,0.0
2003-01-31 00:00:00+09:00,3455.412841796875,3455.412841796875,3455.412841796875,3455.412841796875,0,0.0,0.0
2003-02-03 00:00:00+09:00,3411.6734011523154,3499.152206310067,3382.5138706234984,3469.99267578125,136200,0.0,0.0
2003-02-04 00:00:00+09:00,3469.9926196775596,3528.311679792276,3309.614670433844,3338.7744140625,3756600,0.0,0.0
2003-02-05 00:00:00+09:00,3353.353759104713,3375.223457997942,3251.2953066504956,3280.454833984375,684000,0.0,0.0
2003-02-06 00:00:00+09:00,3287.7453971676946,3324.1949746592245,3134.657470703125,3134.657470703125,504300,0.0,0.0
2003-02-07 00:00:00+09:00,3134.6571711044808,3134.6571711044808,2945.119898834961,3010.72900390625,898800,0.0,0.0
2003-02-10 00:00:00+09:00,2945.1201803183517,3149.237344414002,2945.1201803183517,3134.657470703125,752400,0.0,0.0
2003-02-11 00:00:00+09:00,3178.39659176891,3295.035143799666,3047.1783809127905,3149.237060546875,827400,0.0,0.0
2003-02-12 00:00:00+09:00,3149.2373057842465,3316.9051039030155,3149.2373057842465,3295.035400390625,757200,0.0,0.0
2003-02-13 00:00:00+09:00,3295.0350567601904,3375.223818895401,3251.295654296875,3251.295654296875,525600,0.0,0.0
2003-02-14 00:00:00+09:00,3265.875244140625,3346.0642181628464,3251.2955860066186,3265.875244140625,564600,0.0,0.0
2003-02-17 00:00:00+09:00,3411.673788404384,3448.123365881198,3353.354507155748,3426.253662109375,561900,0.0,0.0
2003-02-18 00:00:00+09:00,3469.9925616039595,3615.7906365932786,3411.6732888939728,3579.341064453125,1074900,0.0,0.0
2003-02-19 00:00:00+09:00,3644.9505263052647,3644.9505263052647,3477.2829379265872,3557.471923828125,525600,0.0,0.0
2003-02-20 00:00:00+09:00,3528.312238174763,3601.211181640625,3528.312238174763,3601.211181640625,238800,0.0,0.0
2003-02-21 00:00:00+09:00,3637.6605462316415,3637.6605462316415,3572.05122718006,3593.921142578125,393600,0.0,0.0
2003-02-24 00:00:00+09:00,3557.4720565499474,3630.3710014529347,3557.4720565499474,3586.631591796875,358800,0.0,0.0
2003-02-25 00:00:00+09:00,3491.861994476016,3586.6306184895834,3280.454833984375,3280.454833984375,383700,0.0,0.0
2003-02-26 00:00:00+09:00,3499.151748148914,3499.151748148914,3316.904332456583,3382.513427734375,200100,0.0,0.0
2003-02-27 00:00:00+09:00,3280.4557315209495,3440.83349609375,3265.8758570792993,3440.83349609375,286500,0.0,0.0
2003-02-28 00:00:00+09:00,3440.8330919359246,3455.4129646650326,3324.1947508169933,3346.064453125,171000,0.0,0.0
2003-03-03 00:00:00+09:00,3287.744996588753,3440.832904401088,3287.744996588753,3404.383544921875,312900,0.0,0.0
2003-03-04 00:00:00+09:00,3426.2535488769217,3426.2535488769217,3273.165627533483,3309.614990234375,367800,0.0,0.0
2003-03-05 00:00:00+09:00,3251.2955917116224,3251.2955917116224,3120.0773868475385,3192.976318359375,342900,0.0,0.0
2003-03-06 00:00:00+09:00,3214.845770226246,3273.1650390625,3178.3962005071767,3273.1650390625,378300,0.0,0.0
2003-03-07 00:00:00+09:00,3163.81711228817,3426.2535488769217,3163.81711228817,3309.614990234375,419400,0.0,0.0
2003-03-10 00:00:00+09:00,3280.455510738995,3382.5141978190936,3222.13623046875,3222.13623046875,194100,0.0,0.0
2003-03-11 00:00:00+09:00,3134.657127380127,3178.3965301508792,3003.438919067871,3090.917724609375,411000,0.0,0.0
2003-03-12 00:00:00+09:00,3032.5986632959075,3149.236999494145,2988.859260525155,3090.917724609375,780000,0.0,0.0
2003-03-13 00:00:00+09:00,3134.65727649986,3134.65727649986,3010.7291051348398,3047.178466796875,444300,0.0,0.0
2003-03-14 00:00:00+09:00,3207.5563365622525,3280.4552714029946,3141.947231134193,3149.237060546875,684900,0.0,0.0
2003-03-17 00:00:00+09:00,3098.2071634755766,3127.3666884478403,2901.379889377461,2974.27880859375,436500,0.0,0.0
2003-03-18 00:00:00+09:00,3149.236977358705,3324.194587211967,3105.49757489539,3251.295654296875,673200,0.0,0.0
2003-03-19 00:00:00+09:00,3251.2952371787906,3462.7021795819387,3222.1354968967007,3382.513427734375,800700,0.0,0.0
2003-03-20 00:00:00+09:00,3499.152772484756,3586.631591796875,3433.543658000667,3586.631591796875,806700,0.0,0.0
2003-03-21 00:00:00+09:00,3644.9501620788183,3644.9501620788183,3513.732164689576,3593.921142578125,521700,0.0,0.0
2003-03-24 00:00:00+09:00,3644.9506087036357,3644.9506087036357,3506.442551352868,3528.312255859375,449400,0.0,0.0
2003-03-25 00:00:00+09:00,3360.644325854108,3411.6735600490197,3309.6148780878852,3346.064453125,272100,0.0,0.0
2003-03-26 00:00:00+09:00,3455.413040964227,3462.7028707040927,3280.455418636924,3324.19482421875,294000,0.0,0.0
2003-03-27 00:00:00+09:00,3287.744349684305,3382.513178254437,3236.7151283112585,3302.32421875,229800,0.0,0.0
2003-03-28 00:00:00+09:00,3302.3252695452693,3433.543492176207,3302.3252695452693,3426.253662109375,215700,0.0,0.0
2003-03-31 00:00:00+09:00,3367.934380860738,3426.253662109375,3273.165735706614,3426.253662109375,194700,0.0,0.0
2003-04-01 00:00:00+09:00,3353.354492204741,3499.152587890625,3309.615084856108,3499.152587890625,477000,0.0,0.0
2003-04-02 00:00:00+09:00,3499.1523784260753,3550.1816127543516,3426.253441732636,3491.862548828125,359400,0.0,0.0
2003-04-03 00:00:00+09:00,3572.0515448739775,3572.0515448739775,3418.9636184712167,3426.253662109375,327900,0.0,0.0
2003-04-04 00:00:00+09:00,3338.77444520076,3397.093505859375,3324.1945732504564,3397.093505859375,379200,0.0,0.0
2003-04-07 00:00:00+09:00,3477.2828842163085,3499.152587890625,3418.96360322769,3499.152587890625,445200,0.0,0.0
2003-04-08 00:00:00+09:00,3397.093529102256,3469.99267578125,3397.093529102256,3469.99267578125,610200,0.0,0.0
2003-04-09 00:00:00+09:00,3440.8329507697085,3440.8329507697085,3251.295680923959,3316.90478515625,660300,0.0,0.0
2003-04-10 00:00:00+09:00,3258.5857158460117,3338.7746972697973,3258.5857158460117,3324.19482421875,256500,0.0,0.0
2003-04-11 00:00:00+09:00,3309.6147190047645,3389.803694803452,3163.816853006989,3244.005615234375,922800,0.0,0.0
2003-04-14 00:00:00+09:00,3222.135565081421,3295.034703758017,3156.5264684152526,3207.555908203125,1437300,0.0,0.0
2003-04-15 00:00:00+09:00,3287.745270186409,3418.963487802336,3251.295907673974,3389.803955078125,1791900,0.0,0.0
2003-04-16 00:00:00+09:00,3513.7317955096764,3550.18115234375,3455.41252557536,3550.18115234375,1638600,0.0,0.0
2003-04-17 00:00:00+09:00,3499.152206310067,3528.3117368388835,3455.412803731191,3469.99267578125,723300,0.0,0.0
2003-04-18 00:00:00+09:00,3557.471363883292,3608.500594022471,3499.1520911733055,3579.341064453125,1131300,0.0,0.0
2003-04-21 00:00:00+09:00,3586.6309168198527,3725.139163712053,3550.1813444422273,3717.84912109375,983400,0.0,0.0
2003-04-22 00:00:00+09:00,3717.8486991222994,3732.4283555615393,3542.89111328125,3542.89111328125,425700,0.0,0.0
2003-04-23 00:00:00+09:00,3593.921054278499,3637.660456857375,3455.412803731191,3469.99267578125,622800,0.0,0.0
2003-04-24 00:00:00+09:00,3477.2824487990747,3593.920996171104,3309.614670433844,3338.7744140625,947400,0.0,0.0
2003-04-25 00:00:00+09:00,3251.2955860066186,3265.875244140625,3105.4975096674784,3265.875244140625,940200,0.0,0.0
2003-04-28 00:00:00+09:00,3120.077112648233,3280.454833308442,3120.077112648233,3207.555908203125,598200,0.0,0.0
2003-04-29 00:00:00+09:00,3273.1653112549707,3346.064243184015,3251.2956103191273,3338.7744140625,761400,0.0,0.0
2003-04-30 00:00:00+09:00,3338.7740308825137,3418.962782730077,3295.0346340306523,3382.513427734375,644400,0.0,0.0
2003-05-01 00:00:00+09:00,3382.513427734375,3382.513427734375,3382.513427734375,3382.513427734375,0,0.0,0.0
2003-05-02 00:00:00+09:00,3426.2533973676896,3469.9928015316545,3302.3250143793525,3353.354248046875,623700,0.0,0.0
2003-05-05 00:00:00+09:00,3353.354248046875,3353.354248046875,3353.354248046875,3353.354248046875,0,0.0,0.0
2003-05-06 00:00:00+09:00,3367.9340172575976,3426.253292210068,3309.614742305127,3316.90478515625,607500,0.0,0.0
2003-05-07 00:00:00+09:00,3346.0637564120575,3360.6436261053645,3316.90423059671,3331.48388671875,685200,0.0,0.0
2003-05-08 00:00:00+09:00,3331.48388671875,3331.48388671875,3331.48388671875,3331.48388671875,0,0.0,0.0
2003-05-09 00:00:00+09:00,3295.0347381796855,3309.614395210289,3236.7154693434313,3273.1650390625,578700,0.0,0.0
2003-05-12 00:00:00+09:00,3346.063859167399,3418.962782730077,3331.4839890263543,3382.513427734375,994500,0.0,0.0
2003-05-13 00:00:00+09:00,3426.2533973676896,3484.57246053877,3353.354248046875,3353.354248046875,688800,0.0,0.0
2003-05-14 00:00:00+09:00,3448.122417122673,3491.8618126313277,3295.0345328423828,3331.48388671875,1047600,0.0,0.0
2003-05-15 00:00:00+09:00,3389.803847110788,3418.96337890625,3331.4845699485522,3418.96337890625,756000,0.0,0.0
2003-05-16 00:00:00+09:00,3382.513323859692,3455.4122451836934,3331.48388671875,3331.48388671875,791100,0.0,0.0
2003-05-19 00:00:00+09:00,3324.1940586577302,3397.092979981732,3287.744491210096,3331.48388671875,674400,0.0,0.0
2003-05-20 00:00:00+09:00,3280.4553586406446,3484.572509765625,3265.875485856249,3484.572509765625,1182000,0.0,0.0
2003-05-21 00:00:00+09:00,3448.1229471539705,3484.5723066331834,3404.383544921875,3404.383544921875,541500,0.0,0.0
2003-05-22 00:00:00+09:00,3382.513178254437,3397.0928337488745,3302.32421875,3302.32421875,1377300,0.0,0.0
2003-05-23 00:00:00+09:00,3324.1946144360704,3367.9340172575976,3295.035083745486,3316.90478515625,586800,0.0,0.0
2003-05-26 00:00:00+09:00,3346.064549206149,3418.963487802336,3309.614973122397,3389.803955078125,1171800,0.0,0.0
2003-05-27 00:00:00+09:00,3382.5140281621148,3411.6735600490197,3295.035218930089,3346.064453125,904800,0.0,0.0
2003-05-28 00:00:00+09:00,3404.383548620177,3418.963206999181,3367.9339755300675,3397.093505859375,840300,0.0,0.0
2003-05-29 00:00:00+09:00,3426.253182786633,3790.748265849001,3411.6733111213234,3717.84912109375,3783000,0.0,0.0
2003-05-30 00:00:00+09:00,3732.428532900273,3980.2852669990148,3659.5298200978978,3863.646728515625,2601600,0.0,0.0
2003-06-02 00:00:00+09:00,3965.705973584558,4002.1553333287243,3768.878662109375,3768.878662109375,1395900,0.0,0.0
2003-06-03 00:00:00+09:00,3754.2993436613865,4045.8955626280917,3754.2993436613865,3885.517578125,2228100,0.0,0.0
2003-06-04 00:00:00+09:00,3980.2854066924083,3980.2854066924083,3681.3996485707244,3834.487548828125,925500,0.0,0.0
2003-06-05 00:00:00+09:00,3849.0671492506776,3892.8065486739806,3688.689208984375,3688.689208984375,767400,0.0,0.0
2003-06-06 00:00:00+09:00,3688.689208984375,3688.689208984375,3688.689208984375,3688.689208984375,0,0.0,0.0
2003-06-09 00:00:00+09:00,3688.689138596294,3812.617719359212,3666.819439301963,3710.558837890625,677700,0.0,0.0
2003-06-10 00:00:00+09:00,3732.4287928043204,3936.546142578125,3710.55909201222,3936.546142578125,1044300,0.0,0.0
2003-06-11 00:00:00+09:00,3936.5469462800975,4038.6054284323914,3885.51749163261,3921.96728515625,1023600,0.0,0.0
2003-06-12 00:00:00+09:00,3994.8654980201104,4067.7646484375,3936.546433971774,4067.7646484375,773400,0.0,0.0
2003-06-13 00:00:00+09:00,4140.662615167653,4417.678624135232,4067.7634855898673,4293.75048828125,2240700,0.0,0.0
2003-06-16 00:00:00+09:00,4257.301476400904,4344.780276786831,4133.373318235034,4206.2724609375,661500,0.0,0.0
2003-06-17 00:00:00+09:00,4315.621025693152,4410.38944276092,4147.953037694632,4330.20068359375,1629000,0.0,0.0
2003-06-18 00:00:00+09:00,4264.591970136089,4301.041331773471,4002.155541204637,4067.7646484375,1174800,0.0,0.0
2003-06-19 00:00:00+09:00,4096.923763985386,4162.5328611285195,3951.125485572273,4104.21337890625,778800,0.0,0.0
2003-06-20 00:00:00+09:00,3980.2863567943205,4104.214544203726,3921.96728515625,3921.96728515625,699000,0.0,0.0
2003-06-23 00:00:00+09:00,3863.6471364360373,4031.3151332973785,3798.0380317014105,3900.096923828125,929700,0.0,0.0
2003-06-24 00:00:00+09:00,3834.488180719445,4060.474833578393,3834.488180719445,3994.86572265625,836400,0.0,0.0
2003-06-25 00:00:00+09:00,3951.1268748133757,4082.345115236802,3951.1268748133757,4053.185791015625,425400,0.0,0.0
2003-06-26 00:00:00+09:00,4067.7638176001087,4184.4023490160835,4024.0244217119352,4169.822265625,470700,0.0,0.0
2003-06-27 00:00:00+09:00,4191.8858956627755,4272.781795626844,4162.469008898876,4250.71923828125,601800,83.333336,0.0
2003-06-30 00:00:00+09:00,4191.885417514318,4199.23974609375,4118.343424447818,4199.23974609375,366300,0.0,0.0
2003-07-01 00:00:00+09:00,4213.9483054529965,4213.9483054529965,4088.9272951754688,4118.34375,324600,0.0,0.0
2003-07-02 00:00:00+09:00,4191.885776712437,4383.094457978673,4177.1775492025145,4368.38623046875,962700,0.0,0.0
2003-07-03 00:00:00+09:00,4456.6362684132,4890.533055199836,4456.6362684132,4706.6787109375,2274300,0.0,0.0
2003-07-04 00:00:00+09:00,4721.386937823885,4853.762272529228,4544.886491550094,4706.6787109375,643800,0.0,0.0
2003-07-07 00:00:00+09:00,4780.22021484375,4853.762210149105,4589.011544140972,4780.22021484375,820500,0.0,0.0
2003-07-08 00:00:00+09:00,4905.241200339045,4912.59509755902,4633.13623046875,4633.13623046875,753000,0.0,0.0
2003-07-09 00:00:00+09:00,4691.970644559814,4816.992097035433,4559.595293168697,4714.033203125,807300,0.0,0.0
2003-07-10 00:00:00+09:00,4633.136874361312,4809.637326717933,4603.71998866544,4691.97021484375,372600,0.0,0.0
2003-07-11 00:00:00+09:00,4633.137219100845,4633.137219100845,4456.636753611289,4559.59521484375,546900,0.0,0.0
2003-07-14 00:00:00+09:00,4669.907839058369,4669.907839058369,4530.178596140384,4574.3037109375,354000,0.0,0.0
2003-07-15 00:00:00+09:00,4515.469974472343,4758.158107856039,4515.469974472343,4677.26220703125,595500,0.0,0.0
2003-07-16 00:00:00+09:00,4706.678938338157,4750.804052038486,4486.053369836514,4618.4287109375,324000,0.0,0.0
2003-07-17 00:00:00+09:00,4618.4287109375,4618.4287109375,4618.4287109375,4618.4287109375,0,0.0,0.0
2003-07-18 00:00:00+09:00,4412.511122735919,4559.594683190687,4250.718904599173,4383.09423828125,1034100,0.0,0.0
2003-07-21 00:00:00+09:00,4368.386354427524,4522.824255846678,4250.71923828125,4250.71923828125,372900,0.0,0.0
2003-07-22 00:00:00+09:00,4250.718805097234,4353.677682823843,4030.0932541248985,4228.65625,470700,0.0,0.0
2003-07-23 00:00:00+09:00,4191.885962536931,4294.844421489115,4169.823404839369,4177.177734375,330600,0.0,0.0
2003-07-24 00:00:00+09:00,4133.05322265625,4250.719926956838,4088.928100816181,4133.05322265625,394200,0.0,0.0
2003-07-25 00:00:00+09:00,4103.635460978403,4213.9482421875,4088.9272337869575,4213.9482421875,225600,0.0,0.0
2003-07-28 00:00:00+09:00,4309.551367385335,4397.801563093504,4236.009393992141,4265.42626953125,481800,0.0,0.0
2003-07-29 00:00:00+09:00,4294.843696029116,4390.448240206034,4294.843696029116,4316.90625,344700,0.0,0.0
2003-07-30 00:00:00+09:00,4353.678076941715,4353.678076941715,4177.177620186095,4221.302734375,523800,0.0,0.0
2003-07-31 00:00:00+09:00,4206.593913137127,4316.906694346223,4169.823129703861,4213.9482421875,359700,0.0,0.0
2003-08-01 00:00:00+09:00,4324.261259191177,4537.532504188313,4280.13614430147,4500.76171875,930600,0.0,0.0
2003-08-04 00:00:00+09:00,4449.281302626096,4486.052510942408,4397.8023004380275,4427.21875,372000,0.0,0.0
2003-08-05 00:00:00+09:00,4456.635304920709,4500.760406949627,4383.093324569446,4434.57275390625,473700,0.0,0.0
2003-08-06 00:00:00+09:00,4302.198405430141,4390.448629131271,4236.010737654293,4309.552734375,327300,0.0,0.0
2003-08-07 00:00:00+09:00,4309.5531179572135,4368.386462024807,4236.011114690722,4280.13623046875,414000,0.0,0.0
2003-08-08 00:00:00+09:00,4250.718964634716,4434.573740981838,4250.718964634716,4309.552734375,410400,0.0,0.0
2003-08-11 00:00:00+09:00,4309.552728465709,4441.928063835891,4302.198399530934,4361.03173828125,345000,0.0,0.0
2003-08-12 00:00:00+09:00,4427.219564260794,4515.469790996287,4331.6154392368835,4441.92822265625,317400,0.0,0.0
2003-08-13 00:00:00+09:00,4530.179519370038,4699.32568359375,4530.179519370038,4699.32568359375,750900,0.0,0.0
2003-08-14 00:00:00+09:00,4714.031535244479,4831.698616263238,4677.260760948889,4802.28173828125,506700,0.0,0.0
2003-08-15 00:00:00+09:00,4802.28173828125,4802.28173828125,4802.28173828125,4802.28173828125,0,0.0,0.0
2003-08-18 00:00:00+09:00,4794.927835836968,4868.46938433412,4750.802734375,4750.802734375,410700,0.0,0.0
2003-08-19 00:00:00+09:00,4927.304541244029,4942.012768943731,4728.74152820611,4794.92919921875,299400,0.0,0.0
2003-08-20 00:00:00+09:00,4868.471306771154,5221.47225785811,4868.471306771154,5074.388671875,1237800,0.0,0.0
2003-08-21 00:00:00+09:00,5147.9296875,5295.013245116817,4956.720588597927,5147.9296875,604200,0.0,0.0
2003-08-22 00:00:00+09:00,5199.409840176656,5199.409840176656,4927.30522023446,4956.7216796875,349500,0.0,0.0
2003-08-25 00:00:00+09:00,4853.7626953125,4897.887810724432,4772.866794027069,4853.7626953125,440400,0.0,0.0
2003-08-26 00:00:00+09:00,4809.63709914775,4897.887321150461,4706.678650447682,4780.22021484375,240000,0.0,0.0
2003-08-27 00:00:00+09:00,4824.34521484375,4875.824653463958,4736.0949948715515,4824.34521484375,201600,0.0,0.0
2003-08-28 00:00:00+09:00,4831.699983922666,4883.179427235602,4691.970312592878,4794.92919921875,265200,0.0,0.0
2003-08-29 00:00:00+09:00,4853.762098470908,4868.470324829849,4743.449323505661,4824.34521484375,187500,0.0,0.0
2003-09-01 00:00:00+09:00,4919.951233460022,4919.951233460022,4824.346656288456,4897.888671875,195900,0.0,0.0
2003-09-02 00:00:00+09:00,4912.596559598563,5030.263690138854,4905.242660189991,4956.7216796875,289800,0.0,0.0
2003-09-03 00:00:00+09:00,5030.263386022292,5074.388503443541,4809.637798916051,4839.0546875,384600,0.0,0.0
2003-09-04 00:00:00+09:00,4883.178872012539,5243.533641502389,4839.053763021188,4942.01220703125,822900,0.0,0.0
2003-09-05 00:00:00+09:00,5074.388299239309,5118.513414884868,4964.075510125411,5030.26318359375,426900,0.0,0.0
2003-09-08 00:00:00+09:00,5030.264041385135,5074.38916455518,4853.763548704955,4897.888671875,235200,0.0,0.0
2003-09-09 00:00:00+09:00,4927.304524592156,5008.2004230311095,4883.179410732851,4919.9501953125,246000,0.0,0.0
2003-09-10 00:00:00+09:00,4919.9501953125,4919.9501953125,4919.9501953125,4919.9501953125,0,0.0,0.0
2003-09-11 00:00:00+09:00,4919.9501953125,4919.9501953125,4919.9501953125,4919.9501953125,0,0.0,0.0
2003-09-12 00:00:00+09:00,4919.9501953125,4919.9501953125,4919.9501953125,4919.9501953125,0,0.0,0.0
2003-09-15 00:00:00+09:00,4942.01333128485,5147.930697058174,4875.825652740857,5000.8466796875,418500,0.0,0.0
2003-09-16 00:00:00+09:00,5037.617780629028,5089.0967976757565,4978.784002705116,5044.9716796875,197700,0.0,0.0
2003-09-17 00:00:00+09:00,5118.513176165425,5192.05517578125,5074.388062577791,5192.05517578125,614100,0.0,0.0
2003-09-18 00:00:00+09:00,5192.054688019506,5221.471140374891,4919.949702821928,5118.5126953125,305700,0.0,0.0
2003-09-19 00:00:00+09:00,5118.5132076793725,5147.93009388868,4780.22052445493,4919.9501953125,541800,0.0,0.0
2003-09-22 00:00:00+09:00,4919.950070298188,4971.429512129073,4456.636386548134,4515.4697265625,309600,0.0,0.0
2003-09-23 00:00:00+09:00,4456.636603860294,4647.845291412577,4368.386374080882,4500.76171875,478500,0.0,0.0
2003-09-24 00:00:00+09:00,4508.115864245141,4691.97021484375,4508.115864245141,4691.97021484375,256200,0.0,0.0
2003-09-25 00:00:00+09:00,4441.928525123606,4603.720331216139,4441.928525123606,4559.59521484375,316200,0.0,0.0
2003-09-26 00:00:00+09:00,4486.05212560319,4750.802734375,4486.05212560319,4750.802734375,283500,0.0,0.0
2003-09-29 00:00:00+09:00,4691.97135265901,4736.096476448623,4574.304643159651,4699.32568359375,147900,0.0,0.0
2003-09-30 00:00:00+09:00,4743.4482162960585,4890.53173828125,4743.4482162960585,4890.53173828125,576300,0.0,0.0
2003-10-01 00:00:00+09:00,4816.992756366386,4912.596902628547,4780.221533118412,4897.888671875,156000,0.0,0.0
2003-10-02 00:00:00+09:00,5000.845654788147,5000.845654788147,4794.928762125869,4824.34521484375,377400,0.0,0.0
2003-10-03 00:00:00+09:00,4824.34521484375,4824.34521484375,4824.34521484375,4824.34521484375,0,0.0,0.0
2003-10-06 00:00:00+09:00,4883.179203986203,4883.179203986203,4736.095210076297,4809.63720703125,215400,0.0,0.0
2003-10-07 00:00:00+09:00,4912.5956580407465,4919.949987009031,4714.032654080741,4809.63720703125,297300,0.0,0.0
2003-10-08 00:00:00+09:00,4780.220761147078,4839.054536478843,4677.262300680493,4758.158203125,645600,0.0,0.0
2003-10-09 00:00:00+09:00,4640.490983945649,4794.928872450393,4640.490983945649,4780.22021484375,486600,0.0,0.0
2003-10-10 00:00:00+09:00,4780.22021484375,4809.63709914775,4706.678650447682,4780.22021484375,549900,0.0,0.0
2003-10-13 00:00:00+09:00,4780.220910332103,4883.179804921248,4780.220910332103,4839.0546875,537300,0.0,0.0
2003-10-14 00:00:00+09:00,4868.471264914728,5074.388628248211,4868.471264914728,5022.9091796875,922500,0.0,0.0
2003-10-15 00:00:00+09:00,5118.5126990946965,5133.220925283257,4949.366589743796,4993.49169921875,306300,0.0,0.0
2003-10-16 00:00:00+09:00,5000.845593163145,5147.9295785771565,4949.366586086586,5118.5126953125,500700,0.0,0.0
2003-10-17 00:00:00+09:00,5309.722387617037,5339.139276578993,5044.9716796875,5044.9716796875,760500,0.0,0.0
2003-10-20 00:00:00+09:00,5000.845328692095,5169.991859881921,4986.137103292251,5103.80419921875,178200,0.0,0.0
2003-10-21 00:00:00+09:00,5162.6385305304275,5177.346758775837,4993.4923975255615,5030.26318359375,258000,0.0,0.0
2003-10-22 00:00:00+09:00,4986.137370669833,5133.220925283257,4897.887151719925,4993.49169921875,450900,0.0,0.0
2003-10-23 00:00:00+09:00,4927.303390778736,5103.803805601744,4897.886511338495,4986.13671875,329100,0.0,0.0
2003-10-24 00:00:00+09:00,5015.553936637991,5258.242023396131,5015.553936637991,5250.8876953125,1013400,0.0,0.0
2003-10-27 00:00:00+09:00,5309.722330267855,5339.139218912085,5155.284418977009,5317.07666015625,393900,0.0,0.0
2003-10-28 00:00:00+09:00,5250.8881808721035,5324.43017578125,5199.408741344772,5324.43017578125,548100,0.0,0.0
2003-10-29 00:00:00+09:00,5339.138355492792,5383.263465868765,5103.804577124026,5147.9296875,512400,0.0,0.0
2003-10-30 00:00:00+09:00,5044.970809349874,5236.1799082519465,5044.970809349874,5147.9296875,360900,0.0,0.0
2003-10-31 00:00:00+09:00,5118.512960143009,5206.76318359375,5037.61706561626,5206.76318359375,319200,0.0,0.0
2003-11-03 00:00:00+09:00,5192.054952402785,5280.30517578125,5192.054952402785,5280.30517578125,276600,0.0,0.0
2003-11-04 00:00:00+09:00,5383.263465868765,5412.68034975584,5147.9296875,5147.9296875,423000,0.0,0.0
2003-11-05 00:00:00+09:00,5133.2203792646105,5214.116691969966,4993.491168063046,5140.57470703125,406800,0.0,0.0
2003-11-06 00:00:00+09:00,5118.513868587111,5169.99331837315,4875.8257110247905,4978.7841796875,538500,0.0,0.0
2003-11-07 00:00:00+09:00,4897.887151719925,5015.554253956227,4839.05381605641,4993.49169921875,545700,0.0,0.0
2003-11-10 00:00:00+09:00,4890.533913060141,4927.30513309017,4846.4087937516,4875.82568359375,549300,0.0,0.0
2003-11-11 00:00:00+09:00,4736.096476448623,4890.534409712267,4677.263121698944,4699.32568359375,600000,0.0,0.0
2003-11-12 00:00:00+09:00,4691.970461832307,4868.470923480034,4640.4914477912735,4853.7626953125,754200,0.0,0.0
2003-11-13 00:00:00+09:00,4986.138067948191,5044.9714118391585,4927.304724057222,5030.26318359375,566400,0.0,0.0
2003-11-14 00:00:00+09:00,4949.367281880002,5067.0339696619385,4942.012952302632,5030.26318359375,305700,0.0,0.0
2003-11-17 00:00:00+09:00,5030.26355298913,5133.222020086371,4956.721544542893,5074.388671875,487800,0.0,0.0
2003-11-18 00:00:00+09:00,5103.804678677306,5228.82568359375,5103.804678677306,5228.82568359375,554700,0.0,0.0
2003-11-19 00:00:00+09:00,5177.346303168794,5309.721638456428,5103.804737504083,5133.22119140625,459900,0.0,0.0
2003-11-20 00:00:00+09:00,5199.409698415176,5206.764028532609,4964.075874660326,5074.388671875,378900,0.0,0.0
2003-11-21 00:00:00+09:00,4942.01220703125,5067.033205536987,4905.241426508214,4942.01220703125,593100,0.0,0.0
2003-11-24 00:00:00+09:00,4824.345554111216,5000.8460064678375,4691.97021484375,4691.97021484375,537900,0.0,0.0
2003-11-25 00:00:00+09:00,4780.220910332103,4846.408586463975,4736.0957929108545,4839.0546875,512700,0.0,0.0
2003-11-26 00:00:00+09:00,4794.930194781364,4978.784587383614,4794.930194781364,4897.888671875,600000,0.0,0.0
2003-11-27 00:00:00+09:00,4942.013390359969,4993.492840146008,4868.471380795536,4978.7841796875,260400,0.0,0.0
2003-11-28 00:00:00+09:00,4949.3666908081195,5147.9296875,4927.304135620132,5147.9296875,336000,0.0,0.0
2003-12-01 00:00:00+09:00,5162.637969572779,5169.992298351049,5044.970863666886,5125.8671875,350700,0.0,0.0
2003-12-02 00:00:00+09:00,5177.346303168794,5184.700632098983,5096.4504085738945,5133.22119140625,236100,0.0,0.0
2003-12-03 00:00:00+09:00,5096.449871064203,5133.2206500184375,4971.4288778924065,5103.80419921875,359400,0.0,0.0
2003-12-04 00:00:00+09:00,5044.969568874688,5103.803322182586,5000.8444693483525,5059.67822265625,251400,0.0,0.0
2003-12-05 00:00:00+09:00,5022.90782123917,5022.90782123917,4919.949382872278,4927.3037109375,318600,0.0,0.0
2003-12-08 00:00:00+09:00,4809.637418485555,4897.887646347675,4809.637418485555,4846.408203125,461100,0.0,0.0
2003-12-09 00:00:00+09:00,4861.116103885317,4927.303764463592,4846.40744759509,4905.2412109375,253200,0.0,0.0
2003-12-10 00:00:00+09:00,4890.532171111246,4890.532171111246,4824.344515723684,4861.11572265625,183000,0.0,0.0
2003-12-11 00:00:00+09:00,4861.1174541273585,4927.30513309017,4839.054894473089,4875.82568359375,228600,0.0,0.0
2003-12-12 00:00:00+09:00,4905.241157651078,4964.074489445124,4905.241157651078,4927.3037109375,544800,0.0,0.0
2003-12-15 00:00:00+09:00,5044.971633564916,5044.971633564916,4942.013169503381,5015.55517578125,402600,0.0,0.0
2003-12-16 00:00:00+09:00,4993.492900367865,4993.492900367865,4868.471439509625,4956.7216796875,427800,0.0,0.0
2003-12-17 00:00:00+09:00,4942.0119361587,5111.158034384861,4927.3037109375,4927.3037109375,632100,0.0,0.0
2003-12-18 00:00:00+09:00,4868.4703220373885,4971.42919921875,4853.762095686885,4971.42919921875,392400,0.0,0.0
2003-12-19 00:00:00+09:00,4964.074870588859,5022.908206900153,4942.012315608465,4971.42919921875,358200,0.0,0.0
2003-12-22 00:00:00+09:00,4971.430252398711,5015.555371707252,4831.700564285209,4875.82568359375,277500,0.0,0.0
2003-12-23 00:00:00+09:00,4890.533913060141,4934.659032368681,4824.346234097329,4875.82568359375,229500,0.0,0.0
2003-12-24 00:00:00+09:00,4861.116157169574,5008.199705319333,4861.116157169574,4883.1787109375,471000,0.0,0.0
2003-12-25 00:00:00+09:00,4883.1787109375,4883.1787109375,4883.1787109375,4883.1787109375,0,0.0,0.0
2003-12-26 00:00:00+09:00,4868.4703220373885,4971.42919921875,4780.220102115809,4971.42919921875,247200,0.0,0.0
2003-12-29 00:00:00+09:00,4956.543975560011,5060.735445305268,4911.890426230641,5045.85107421875,239400,133.33333,0.0
2003-12-30 00:00:00+09:00,5105.390625,5120.27543690968,5030.968309731429,5105.390625,293700,0.0,0.0
2003-12-31 00:00:00+09:00,5105.390625,5105.390625,5105.390625,5105.390625,0,0.0,0.0
2004-01-01 00:00:00+09:00,5105.390625,5105.390625,5105.390625,5105.390625,0,0.0,0.0
2004-01-02 00:00:00+09:00,5179.813625339316,5187.256031651923,5008.641768709188,5060.7373046875,296100,0.0,0.0
2004-01-05 00:00:00+09:00,5060.7373046875,5105.3908704231835,5045.852928132264,5060.7373046875,280500,0.0,0.0
2004-01-06 00:00:00+09:00,5090.504688955882,5135.158238859003,4941.65966796875,4941.65966796875,333900,0.0,0.0
2004-01-07 00:00:00+09:00,4941.661182553179,5164.929000498805,4941.661182553179,5105.390625,1182000,0.0,0.0
2004-01-08 00:00:00+09:00,5120.275683048397,5135.160059603632,5016.0837389518165,5060.7373046875,324600,0.0,0.0
2004-01-09 00:00:00+09:00,5105.390723783969,5477.504051606655,5105.390723783969,5447.73486328125,1500900,0.0,0.0
2004-01-12 00:00:00+09:00,5537.0419921875,5551.926368315219,5343.54335824728,5447.73486328125,575100,0.0,0.0
2004-01-13 00:00:00+09:00,5522.156723852014,5559.367876194138,5358.426868620856,5432.849609375,538500,0.0,0.0
2004-01-14 00:00:00+09:00,5447.734485148622,5633.791136145589,5395.638518212687,5611.46435546875,405600,0.0,0.0
2004-01-15 00:00:00+09:00,5604.022702183177,5760.310187901432,5522.157974068374,5648.67626953125,701400,0.0,0.0
2004-01-16 00:00:00+09:00,5730.540774963657,5745.425587547937,5551.926512512115,5596.580078125,294600,0.0,0.0
2004-01-19 00:00:00+09:00,5715.657101167315,5782.637457821619,5693.33031561588,5737.98388671875,573900,0.0,0.0
2004-01-20 00:00:00+09:00,5656.117729978129,5849.616344095382,5656.117729978129,5730.5400390625,350100,0.0,0.0
2004-01-21 00:00:00+09:00,5730.5400390625,5730.5400390625,5730.5400390625,5730.5400390625,0,0.0,0.0
2004-01-22 00:00:00+09:00,5730.5400390625,5730.5400390625,5730.5400390625,5730.5400390625,0,0.0,0.0
2004-01-23 00:00:00+09:00,5730.5400390625,5730.5400390625,5730.5400390625,5730.5400390625,0,0.0,0.0
2004-01-26 00:00:00+09:00,5700.77202193505,5700.77202193505,5447.73500477204,5596.580078125,517800,0.0,0.0
2004-01-27 00:00:00+09:00,5589.1373620773375,5604.02173660544,5388.196343633318,5462.61865234375,366000,0.0,0.0
2004-01-28 00:00:00+09:00,5388.196800461251,5507.272678921529,5380.75439453125,5380.75439453125,208200,0.0,0.0
2004-01-29 00:00:00+09:00,5358.425760704919,5447.732856716668,5343.541390059563,5365.8681640625,148500,0.0,0.0
2004-01-30 00:00:00+09:00,5343.5422456257975,5529.598434726934,5336.099841076597,5388.19580078125,441600,0.0,0.0
2004-02-02 00:00:00+09:00,5403.079983236336,5522.156271474198,5403.079983236336,5514.7138671875,165000,0.0,0.0
2004-02-03 00:00:00+09:00,5551.925356487989,5559.367761230468,5269.119645182292,5358.4267578125,271800,0.0,0.0
2004-02-04 00:00:00+09:00,5313.772597484941,5403.07969996368,5246.792270625888,5284.00341796875,261600,0.0,0.0
2004-02-05 00:00:00+09:00,5217.022957048416,5328.656832278196,5217.022957048416,5313.7724609375,338700,0.0,0.0
2004-02-06 00:00:00+09:00,5373.311405424613,5708.2130948777385,5343.542657075386,5581.69482421875,431700,0.0,0.0
2004-02-09 00:00:00+09:00,5685.886327330371,5693.328732468011,5626.348394438976,5671.001953125,288000,0.0,0.0
2004-02-10 00:00:00+09:00,5589.1365075838,5715.654761904762,5589.1365075838,5626.34765625,168300,0.0,0.0
2004-02-11 00:00:00+09:00,5715.655477185225,5715.655477185225,5551.925617638388,5589.13720703125,219600,0.0,0.0
2004-02-12 00:00:00+09:00,5656.116813073351,5656.116813073351,5432.849049874006,5537.04052734375,202500,0.0,0.0
2004-02-13 00:00:00+09:00,5455.176929699362,5566.810833880999,5455.176929699362,5507.2724609375,274500,0.0,0.0
2004-02-16 00:00:00+09:00,5499.829401929038,5671.001209077382,5499.829401929038,5626.34765625,570000,0.0,0.0
2004-02-17 00:00:00+09:00,5693.3274704753685,5708.211841381445,5581.693598505263,5633.78955078125,327300,0.0,0.0
2004-02-18 00:00:00+09:00,5700.771478176104,5700.771478176104,5581.695169209654,5611.46435546875,234000,0.0,0.0
2004-02-19 00:00:00+09:00,5581.694801938696,5648.67513956196,5492.3876851076775,5589.13720703125,273000,0.0,0.0
2004-02-20 00:00:00+09:00,5551.924471139163,5790.077024222166,5551.924471139163,5715.654296875,516000,0.0,0.0
2004-02-23 00:00:00+09:00,5715.657101167315,5790.079865028774,5656.119151720166,5737.98388671875,297300,0.0,0.0
2004-02-24 00:00:00+09:00,5685.886424701786,5760.309169142959,5626.348490790798,5656.11767578125,226200,0.0,0.0
2004-02-25 00:00:00+09:00,5596.5793682248095,5827.289573316855,5574.252588250415,5819.84716796875,592800,0.0,0.0
2004-02-26 00:00:00+09:00,5819.846239812034,5842.1730162257245,5596.578475675129,5626.34765625,410700,0.0,0.0
2004-02-27 00:00:00+09:00,5700.772243460666,5700.772243460666,5641.233862949906,5648.67626953125,225300,0.0,0.0
2004-03-01 00:00:00+09:00,5648.67626953125,5648.67626953125,5648.67626953125,5648.67626953125,0,0.0,0.0
2004-03-02 00:00:00+09:00,5671.002291917008,5700.771478176104,5529.599202273718,5611.46435546875,400800,0.0,0.0
2004-03-03 00:00:00+09:00,5581.694801938696,5700.771103070024,5551.925617638388,5589.13720703125,380100,0.0,0.0
2004-03-04 00:00:00+09:00,5611.463442749642,5693.328146559232,5581.69426133258,5685.8857421875,374700,0.0,0.0
2004-03-05 00:00:00+09:00,5685.886424701786,5700.77123523197,5611.46411633053,5656.11767578125,293400,0.0,0.0
2004-03-08 00:00:00+09:00,5700.771103070024,5700.771103070024,5529.598838430633,5589.13720703125,311700,0.0,0.0
2004-03-09 00:00:00+09:00,5581.694533602955,5581.694533602955,5455.17626953125,5455.17626953125,331800,0.0,0.0
2004-03-10 00:00:00+09:00,5432.849609375,5507.271914059248,5388.196052136493,5432.849609375,382200,0.0,0.0
2004-03-11 00:00:00+09:00,5380.752950808111,5492.386829455582,5313.772623619629,5373.310546875,345300,0.0,0.0
2004-03-12 00:00:00+09:00,5298.888794781916,5358.426724137931,4941.660346506053,5179.8125,510900,0.0,0.0
2004-03-15 00:00:00+09:00,5202.139389713743,5298.888908555751,5135.159054223866,5254.2353515625,379800,0.0,0.0
2004-03-16 00:00:00+09:00,5135.159810980383,5157.486592767254,5008.641526211431,5016.08349609375,415800,0.0,0.0
2004-03-17 00:00:00+09:00,5060.73561555183,5261.676594293783,5053.293647793127,5202.138671875,479700,0.0,0.0
2004-03-18 00:00:00+09:00,5224.464751488835,5298.88747165296,5179.811206604315,5239.34912109375,353100,0.0,0.0
2004-03-19 00:00:00+09:00,5239.3495570243485,5246.791960480925,5142.600492437908,5157.48486328125,231000,0.0,0.0
2004-03-22 00:00:00+09:00,5075.620252461602,5231.907675114396,5030.966703132232,5045.85107421875,1344300,0.0,0.0
2004-03-23 00:00:00+09:00,5030.967938615531,5068.179093504887,4897.007257729939,4993.75634765625,541800,0.0,0.0
2004-03-24 00:00:00+09:00,4941.660898951862,5075.62158203125,4941.660898951862,5075.62158203125,351300,0.0,0.0
2004-03-25 00:00:00+09:00,5008.640970802356,5053.294529424456,4822.584331186963,4852.353515625,630900,0.0,0.0
2004-03-26 00:00:00+09:00,4926.774565702602,4934.216968930891,4785.371956853678,4807.69873046875,473100,0.0,0.0
2004-03-29 00:00:00+09:00,4837.468521470646,5075.621115781558,4822.5841478524235,5068.1787109375,618000,0.0,0.0
2004-03-30 00:00:00+09:00,5135.158733482267,5246.792618992751,5105.389551989516,5217.0234375,628500,0.0,0.0
2004-03-31 00:00:00+09:00,5217.023299761955,5246.79248046875,5135.158597905585,5246.79248046875,306900,0.0,0.0
2004-04-01 00:00:00+09:00,5142.601819628237,5276.5625,5142.601819628237,5276.5625,278700,0.0,0.0
2004-04-02 00:00:00+09:00,5254.234700364256,5388.195354741222,5254.234700364256,5373.310546875,689700,0.0,0.0
2004-04-05 00:00:00+09:00,5373.310546875,5373.310546875,5373.310546875,5373.310546875,0,0.0,0.0
2004-04-06 00:00:00+09:00,5477.502347253629,5514.713494029472,5343.5416955768,5492.38671875,1116000,0.0,0.0
2004-04-07 00:00:00+09:00,5484.944916215247,5596.578804849681,5410.522614505542,5566.81005859375,594000,0.0,0.0
2004-04-08 00:00:00+09:00,5551.925662020017,5596.579220792483,5507.272103247551,5574.25244140625,372000,0.0,0.0
2004-04-09 00:00:00+09:00,5551.925471297755,5551.925471297755,5432.849609375,5432.849609375,174000,0.0,0.0
2004-04-12 00:00:00+09:00,5380.753414498943,5522.156484994545,5380.753414498943,5477.5029296875,151500,0.0,0.0
2004-04-13 00:00:00+09:00,5417.963471637206,5551.924110518921,5328.656379049396,5403.0791015625,296700,0.0,0.0
2004-04-14 00:00:00+09:00,5373.311242343727,5447.733983097871,5358.426868620856,5432.849609375,252600,0.0,0.0
2004-04-15 00:00:00+09:00,5432.849609375,5432.849609375,5432.849609375,5432.849609375,0,0.0,0.0
2004-04-16 00:00:00+09:00,5432.849918115659,5827.28955078125,5388.196358339558,5827.28955078125,972300,0.0,0.0
2004-04-19 00:00:00+09:00,5790.077677598343,6035.67222588109,5641.2322061076775,5968.69189453125,692700,0.0,0.0
2004-04-20 00:00:00+09:00,6013.345165551902,6013.345165551902,5827.288552986274,5834.73095703125,552600,0.0,0.0
2004-04-21 00:00:00+09:00,5804.963636746843,6028.2314689294135,5804.963636746843,6020.7890625,584700,0.0,0.0
2004-04-22 00:00:00+09:00,6236.613384409481,6236.613384409481,5953.8072427606585,6028.22998046875,779100,0.0,0.0
2004-04-23 00:00:00+09:00,6110.093951359537,6430.111205313946,6043.1136263041835,6355.6884765625,1253100,0.0,0.0
2004-04-26 00:00:00+09:00,6474.765705434851,6482.208110223015,6340.805035667233,6370.57421875,595200,0.0,0.0
2004-04-27 00:00:00+09:00,6370.575980284806,6370.575980284806,6154.750106378808,6311.03759765625,301200,0.0,0.0
2004-04-28 00:00:00+09:00,6214.286017380639,6311.035087549227,6132.420882844344,6236.61279296875,318300,0.0,0.0
2004-04-29 00:00:00+09:00,6028.229233471315,6124.978736895981,5849.615033961054,5983.57568359375,747000,0.0,0.0
2004-04-30 00:00:00+09:00,5864.500573817298,5976.134470755887,5432.849796368022,5760.30908203125,874800,0.0,0.0
2004-05-03 00:00:00+09:00,5730.5397793336815,5909.154010752601,5715.655405405406,5782.6357421875,130200,0.0,0.0
2004-05-04 00:00:00+09:00,5804.962802192292,5968.692667610767,5804.962802192292,5909.154296875,277200,0.0,0.0
2004-05-05 00:00:00+09:00,5909.154296875,5909.154296875,5909.154296875,5909.154296875,0,0.0,0.0
2004-05-06 00:00:00+09:00,5953.80778140611,5998.46134085683,5492.387812438636,5656.11767578125,374100,0.0,0.0
2004-05-07 00:00:00+09:00,5574.252803446483,5730.540269300776,5477.503710535689,5507.2724609375,258300,0.0,0.0
2004-05-10 00:00:00+09:00,5499.829695321635,5611.463583345282,4852.3531447844825,5194.69677734375,412800,0.0,0.0
2004-05-11 00:00:00+09:00,5045.853164602534,5164.9294908347765,4792.816134885269,4844.912109375,834000,0.0,0.0
2004-05-12 00:00:00+09:00,4971.429109035144,5284.004002275346,4963.987140385539,5269.11962890625,319500,0.0,0.0
2004-05-13 00:00:00+09:00,5179.812361054343,5291.446248146031,5090.505251380992,5209.58154296875,198900,0.0,0.0
2004-05-14 00:00:00+09:00,5284.004877536205,5291.447283488481,4926.776368946265,5016.08349609375,194400,0.0,0.0
2004-05-17 00:00:00+09:00,5016.082914826888,5090.505657515623,4450.471465816201,4673.7392578125,505200,0.0,0.0
2004-05-18 00:00:00+09:00,4517.451575467672,4777.930507629802,4472.798019321599,4718.392578125,710700,0.0,0.0
2004-05-19 00:00:00+09:00,4740.719430998759,4963.98721525192,4740.719430998759,4882.1220703125,548700,0.0,0.0
2004-05-20 00:00:00+09:00,4748.161290089024,4822.584028477714,4487.682359833429,4539.7783203125,621000,0.0,0.0
2004-05-21 00:00:00+09:00,4629.085331947712,4651.412109375,4510.009040312218,4651.412109375,659700,0.0,0.0
2004-05-24 00:00:00+09:00,4748.161808642491,4748.161808642491,4510.009630287579,4629.0859375,941700,0.0,0.0
2004-05-25 00:00:00+09:00,4554.661848313738,4599.315395846225,4510.00830078125,4510.00830078125,466200,0.0,0.0
2004-05-26 00:00:00+09:00,4510.00830078125,4510.00830078125,4510.00830078125,4510.00830078125,0,0.0,0.0
2004-05-27 00:00:00+09:00,4629.085431950976,4725.834512179405,4539.7783203125,4539.7783203125,675300,0.0,0.0
2004-05-28 00:00:00+09:00,4614.2017420776465,5016.083841950957,4614.2017420776465,4956.5458984375,1284300,0.0,0.0
2004-05-31 00:00:00+09:00,4956.545161576704,4986.314346942815,4725.834956146674,4911.8916015625,550200,0.0,0.0
2004-06-01 00:00:00+09:00,4963.986976927232,5105.389609452128,4919.333422220449,4926.775390625,648300,0.0,0.0
2004-06-02 00:00:00+09:00,4978.872054450603,5120.275143057713,4874.680557412167,5075.62158203125,474900,0.0,0.0
2004-06-03 00:00:00+09:00,5179.812942216981,5187.255347548071,4733.27734375,4733.27734375,648000,0.0,0.0
2004-06-04 00:00:00+09:00,4703.507694933354,4822.583988145423,4673.738948682746,4725.83447265625,525300,0.0,0.0
2004-06-07 00:00:00+09:00,4763.046538103554,4882.122407208945,4763.046538103554,4822.58447265625,488400,0.0,0.0
2004-06-08 00:00:00+09:00,4837.46826171875,4897.0066251344615,4733.276779846057,4837.46826171875,643500,0.0,0.0
2004-06-09 00:00:00+09:00,4844.911086319694,4882.122239629109,4621.643294323395,4673.7392578125,484800,0.0,0.0
2004-06-10 00:00:00+09:00,4584.431430582056,4718.392085020461,4576.989026645531,4621.642578125,366000,0.0,0.0
2004-06-11 00:00:00+09:00,4599.316736147943,4651.412702140565,4450.4716796875,4450.4716796875,331800,0.0,0.0
2004-06-14 00:00:00+09:00,4167.665617085483,4510.00973578559,3959.282619676669,4018.820556640625,1077900,0.0,0.0
2004-06-15 00:00:00+09:00,3989.051356032152,4167.665602362994,3691.3612361940404,4160.2236328125,1362600,0.0,0.0
2004-06-16 00:00:00+09:00,4108.126953125,4286.741168478261,4033.7042180378544,4108.126953125,1304100,0.0,0.0
2004-06-17 00:00:00+09:00,4063.473533589572,4219.760977189171,4063.473533589572,4175.107421875,721200,0.0,0.0
2004-06-18 00:00:00+09:00,4212.318814798121,4212.318814798121,3907.186314631177,3989.051025390625,738900,0.0,0.0
2004-06-21 00:00:00+09:00,3996.492469351522,4130.453110782299,3922.0697454222686,4033.70361328125,643200,0.0,0.0
2004-06-22 00:00:00+09:00,3974.1657094594593,4137.895528239482,3899.7429852740315,4130.453125,351000,0.0,0.0
2004-06-23 00:00:00+09:00,4189.990615520613,4405.8163628331395,4175.106246628966,4316.50927734375,1221300,0.0,0.0
2004-06-24 00:00:00+09:00,4405.816967077717,4480.2392578125,4376.047789141916,4480.2392578125,735900,0.0,0.0
2004-06-25 00:00:00+09:00,4510.009170753365,4859.795215207641,4495.124797394636,4718.392578125,535200,0.0,0.0
2004-06-28 00:00:00+09:00,4807.6996150201185,4822.583988145423,4681.1809172104595,4725.83447265625,288000,0.0,0.0
2004-06-29 00:00:00+09:00,4808.612275868568,4831.187920356214,4786.036631380922,4801.0869140625,165000,116.666664,0.0
2004-06-30 00:00:00+09:00,4823.662249087342,4883.8642578125,4801.086606048041,4883.8642578125,246300,0.0,0.0
2004-07-01 00:00:00+09:00,4853.764537418531,4921.491484452278,4770.9873046875,4770.9873046875,159900,0.0,0.0
2004-07-02 00:00:00+09:00,4545.230150921858,4868.814112215878,4545.230150921858,4665.63330078125,281400,0.0,0.0
2004-07-05 00:00:00+09:00,4665.633204533346,4725.835219151707,4530.179333037888,4590.38134765625,286500,0.0,0.0
2004-07-06 00:00:00+09:00,4590.381470258363,4695.734337258455,4552.755099884301,4673.15869140625,196800,0.0,0.0
2004-07-07 00:00:00+09:00,4545.230680248125,4808.613097285311,4530.179954064996,4680.6845703125,271200,0.0,0.0
2004-07-08 00:00:00+09:00,4710.784190310769,4725.834913457077,4439.87646484375,4439.87646484375,316800,0.0,0.0
2004-07-09 00:00:00+09:00,4560.2790762094355,4695.73291015625,4515.127798227164,4695.73291015625,345300,0.0,0.0
2004-07-12 00:00:00+09:00,4801.0863299576895,4891.388896921975,4665.6324795112605,4740.884765625,355200,0.0,0.0
2004-07-13 00:00:00+09:00,4748.409883020457,4861.2880859375,4748.409883020457,4861.2880859375,173700,0.0,0.0
2004-07-14 00:00:00+09:00,4755.935129654453,4876.338701356132,4710.783845382636,4786.0361328125,122400,0.0,0.0
2004-07-15 00:00:00+09:00,4695.734308711389,4801.087175071001,4650.583017281471,4665.63330078125,175800,0.0,0.0
2004-07-16 00:00:00+09:00,4665.632136954694,4665.632136954694,4485.027016286377,4560.279296875,300000,0.0,0.0
2004-07-19 00:00:00+09:00,4560.28066015888,4582.85630699135,4417.301416576372,4507.60400390625,475500,0.0,0.0
2004-07-20 00:00:00+09:00,4537.703876996325,4560.279518175411,4387.199749445914,4409.775390625,276900,0.0,0.0
2004-07-21 00:00:00+09:00,4500.078573970075,4515.128856514941,4469.977567949792,4477.5029296875,281100,0.0,0.0
2004-07-22 00:00:00+09:00,4417.301155240557,4432.3518795255095,4342.0492975381,4349.57421875,128100,0.0,0.0
2004-07-23 00:00:00+09:00,4342.049585076103,4424.826810402686,4184.020056133149,4206.595703125,213300,0.0,0.0
2004-07-26 00:00:00+09:00,4071.1404931006623,4116.291772355271,3890.5353760822295,4003.41357421875,601500,0.0,0.0
2004-07-27 00:00:00+09:00,4003.4138414967574,4153.91796875,3950.737198539402,4153.91796875,297000,0.0,0.0
2004-07-28 00:00:00+09:00,4214.120416889271,4244.221425036605,4101.2421875,4101.2421875,213600,0.0,0.0
2004-07-29 00:00:00+09:00,4101.2414429856135,4116.292164792356,3950.737311431716,4086.191162109375,161700,0.0,0.0
2004-07-30 00:00:00+09:00,4063.616431451613,4304.423184116323,4063.616431451613,4199.0703125,236700,0.0,0.0
2004-08-02 00:00:00+09:00,4101.242389875961,4251.746997108701,4101.242389875961,4206.595703125,375900,0.0,0.0
2004-08-03 00:00:00+09:00,4244.221022002551,4424.826171875,4244.221022002551,4424.826171875,265500,0.0,0.0
2004-08-04 00:00:00+09:00,4349.573707703382,4394.724993392104,4274.321858842528,4319.47314453125,279900,0.0,0.0
2004-08-05 00:00:00+09:00,4357.098175441199,4402.249451870641,4296.896620512087,4364.62353515625,208500,0.0,0.0
2004-08-06 00:00:00+09:00,4304.422870330259,4311.948232372338,4214.120289547593,4296.89794921875,143700,0.0,0.0
2004-08-09 00:00:00+09:00,4206.595368436084,4296.89794921875,4199.070006394005,4296.89794921875,120600,0.0,0.0
2004-08-10 00:00:00+09:00,4289.372441092914,4289.372441092914,4199.0698633856955,4221.6455078125,294000,0.0,0.0
2004-08-11 00:00:00+09:00,4281.847537274924,4281.847537274924,4161.444381407871,4199.0703125,196500,0.0,0.0
2004-08-12 00:00:00+09:00,4206.595889096558,4334.5244140625,4191.545163149535,4334.5244140625,216000,0.0,0.0
2004-08-13 00:00:00+09:00,4281.8469479157975,4462.452097788247,4281.8469479157975,4424.826171875,348000,0.0,0.0
2004-08-16 00:00:00+09:00,4439.875951576787,4507.602875114046,4342.048467087741,4409.775390625,255600,0.0,0.0
2004-08-17 00:00:00+09:00,4485.027233934959,4530.178516293132,4394.7246692186145,4409.775390625,447600,0.0,0.0
2004-08-18 00:00:00+09:00,4447.40131227998,4462.451592755873,4357.098747563635,4409.775390625,147900,0.0,0.0
2004-08-19 00:00:00+09:00,4439.876696602145,4612.956935305546,4439.876696602145,4575.33056640625,394500,0.0,0.0
2004-08-20 00:00:00+09:00,4537.704252501012,4620.4814633641545,4500.078327732406,4612.95654296875,153900,0.0,0.0
2004-08-23 00:00:00+09:00,4658.108360466478,4718.309935150228,4635.53271484375,4635.53271484375,216900,0.0,0.0
2004-08-24 00:00:00+09:00,4688.2078348858995,4688.2078348858995,4567.804713575018,4597.9052734375,116100,0.0,0.0
2004-08-25 00:00:00+09:00,4658.108283403979,4665.633204533346,4500.078766659278,4590.38134765625,339300,0.0,0.0
2004-08-26 00:00:00+09:00,4605.431553140795,4628.007198009132,4530.179256602815,4545.22998046875,367200,0.0,0.0
2004-08-27 00:00:00+09:00,4560.28026340412,4590.381270205424,4545.22998046875,4545.22998046875,225600,0.0,0.0
2004-08-30 00:00:00+09:00,4545.22998046875,4582.855908272457,4545.22998046875,4545.22998046875,201000,0.0,0.0
2004-08-31 00:00:00+09:00,4545.2290171294635,4620.480856787615,4522.653377045924,4560.279296875,261000,0.0,0.0
2004-09-01 00:00:00+09:00,4567.805777975565,4703.2596517119355,4567.805777975565,4635.53271484375,512700,0.0,0.0
2004-09-02 00:00:00+09:00,4665.633146275653,4703.259515174949,4537.704638437521,4575.33056640625,259200,0.0,0.0
2004-09-03 00:00:00+09:00,4605.43195382382,4612.95731641151,4469.978072829002,4507.60400390625,264300,0.0,0.0
2004-09-06 00:00:00+09:00,4462.452234721566,4507.603523575176,4153.918574532086,4221.6455078125,960600,0.0,0.0
2004-09-07 00:00:00+09:00,4229.170451554744,4259.271013861411,4116.292240578466,4251.74609375,572100,0.0,0.0
2004-09-08 00:00:00+09:00,4199.069834649478,4259.271405732118,4184.0195521114565,4214.1201171875,276900,0.0,0.0
2004-09-09 00:00:00+09:00,4184.019580744677,4289.372441092914,4184.019580744677,4221.6455078125,221400,0.0,0.0
2004-09-10 00:00:00+09:00,4281.847562170267,4515.12939453125,4274.322640466451,4515.12939453125,758100,0.0,0.0
2004-09-13 00:00:00+09:00,4575.329502087809,4575.329502087809,4439.875663793133,4530.17822265625,256800,0.0,0.0
2004-09-14 00:00:00+09:00,4590.381467786032,4597.906389112325,4379.67529296875,4379.67529296875,287100,0.0,0.0
2004-09-15 00:00:00+09:00,4402.250871886181,4424.826517383033,4311.948289898772,4349.57421875,110400,0.0,0.0
2004-09-16 00:00:00+09:00,4289.3727096085695,4417.301222391964,4289.3727096085695,4379.67529296875,160200,0.0,0.0
2004-09-17 00:00:00+09:00,4357.099459589085,4620.481836076165,4357.099459589085,4545.22998046875,803100,0.0,0.0
2004-09-20 00:00:00+09:00,4680.684100485123,4778.511606202792,4628.007445992894,4710.78466796875,766800,0.0,0.0
2004-09-21 00:00:00+09:00,4673.157393193543,4710.783312184464,4492.552276548381,4500.07763671875,423000,0.0,0.0
2004-09-22 00:00:00+09:00,4515.1295979817705,4530.179882998168,4334.5244140625,4334.5244140625,392700,0.0,0.0
2004-09-23 00:00:00+09:00,4274.32177734375,4379.6746282984905,4244.220773815032,4274.32177734375,278100,0.0,0.0
2004-09-24 00:00:00+09:00,4244.221822102864,4349.5746990788975,4244.221822102864,4334.5244140625,184800,0.0,0.0
2004-09-27 00:00:00+09:00,4334.5244140625,4334.5244140625,4334.5244140625,4334.5244140625,0,0.0,0.0
2004-09-28 00:00:00+09:00,4334.5244140625,4334.5244140625,4334.5244140625,4334.5244140625,0,0.0,0.0
2004-09-29 00:00:00+09:00,4334.5244140625,4334.5244140625,4334.5244140625,4334.5244140625,0,0.0,0.0
2004-09-30 00:00:00+09:00,4259.271701511649,4387.200655225626,4259.271701511649,4379.67529296875,130800,0.0,0.0
2004-10-01 00:00:00+09:00,4364.625332988777,4590.381808127323,4364.625332988777,4582.8564453125,377700,0.0,0.0
2004-10-04 00:00:00+09:00,4590.38197693625,4688.209492473433,4515.1296688124985,4680.6845703125,473400,0.0,0.0
2004-10-05 00:00:00+09:00,4620.4825474412455,4748.411515344687,4567.806328592188,4680.6845703125,385800,0.0,0.0
2004-10-06 00:00:00+09:00,4755.935864211249,4763.461226395684,4620.481990474878,4635.53271484375,386400,0.0,0.0
2004-10-07 00:00:00+09:00,4605.430888228763,4665.632452209169,4424.8257553570475,4454.9267578125,390000,0.0,0.0
2004-10-08 00:00:00+09:00,4364.624943034953,4439.876800737409,4319.473652041248,4349.57421875,532200,0.0,0.0
2004-10-11 00:00:00+09:00,4311.947783272955,4387.200073064333,4289.372140428594,4319.47314453125,638700,0.0,0.0
2004-10-12 00:00:00+09:00,4372.149350547743,4439.876279080826,4319.47314453125,4319.47314453125,812700,0.0,0.0
2004-10-13 00:00:00+09:00,4349.574141756969,4379.675148863471,4259.271561368031,4304.4228515625,429600,0.0,0.0
2004-10-14 00:00:00+09:00,4266.79638671875,4402.250240265377,4266.79638671875,4266.79638671875,429000,0.0,0.0
2004-10-15 00:00:00+09:00,4191.544799938202,4266.797100360577,4048.566002345452,4108.767578125,654900,0.0,0.0
2004-10-18 00:00:00+09:00,4025.9899064250517,4176.494049521036,4025.9899064250517,4116.29248046875,331500,0.0,0.0
2004-10-19 00:00:00+09:00,4146.392696329672,4206.594701256936,4071.1408515663425,4078.665771484375,539700,0.0,0.0
2004-10-20 00:00:00+09:00,4018.464229910714,4063.615513392857,3905.586021205357,3950.7373046875,825300,0.0,0.0
2004-10-21 00:00:00+09:00,3943.2125699486946,3973.3135773600984,3875.4856339709654,3898.061279296875,363600,0.0,0.0
2004-10-22 00:00:00+09:00,3837.8593639325727,3928.1619372015743,3792.7080772980717,3822.80908203125,610800,0.0,0.0
2004-10-25 00:00:00+09:00,3732.5069048802925,3792.708479805101,3536.851235211441,3642.2041015625,554700,0.0,0.0
2004-10-26 00:00:00+09:00,3702.4056462943295,3807.7585055128466,3657.2543579248863,3785.182861328125,419700,0.0,0.0
2004-10-27 00:00:00+09:00,3792.7085190080475,3830.3344486086467,3634.678997382712,3664.77978515625,468000,0.0,0.0
2004-10-28 00:00:00+09:00,3755.082176945138,3792.7081024128647,3679.8298850791484,3717.455810546875,401400,0.0,0.0
2004-10-29 00:00:00+09:00,3642.2043082357804,3777.658410666033,3642.2043082357804,3755.082763671875,314700,0.0,0.0
2004-11-01 00:00:00+09:00,3762.6068557623835,3852.909423828125,3717.455571729513,3852.909423828125,406200,0.0,0.0
2004-11-02 00:00:00+09:00,3822.8085766032536,3867.959857268133,3785.182215428871,3830.33349609375,319500,0.0,0.0
2004-11-03 00:00:00+09:00,3837.8603225552893,3988.364501953125,3792.709024642874,3988.364501953125,1045800,0.0,0.0
2004-11-04 00:00:00+09:00,4048.566142801238,4123.818004903719,4003.414849167509,4056.091064453125,504600,0.0,0.0
2004-11-05 00:00:00+09:00,4138.868263566838,4244.221123194096,4093.71697502222,4214.1201171875,572700,0.0,0.0
2004-11-08 00:00:00+09:00,4221.644861673551,4259.270782982581,4078.665655210451,4146.392578125,229500,0.0,0.0
2004-11-09 00:00:00+09:00,4116.2934643721455,4184.0204110934565,4116.2934643721455,4131.34375,241800,0.0,0.0
2004-11-10 00:00:00+09:00,4123.817054714573,4131.342415563106,4010.9388466390783,4078.665771484375,175200,0.0,0.0
2004-11-11 00:00:00+09:00,4131.342415563106,4131.342415563106,4041.0398491027104,4078.665771484375,88800,0.0,0.0
2004-11-12 00:00:00+09:00,4093.7172944127597,4123.81786183724,4041.0406400240386,4108.767578125,167700,0.0,0.0
2004-11-15 00:00:00+09:00,4123.817008850871,4191.543932942932,4086.191086887669,4176.49365234375,177600,0.0,0.0
2004-11-16 00:00:00+09:00,4138.869113279249,4244.221994535519,4131.34375,4131.34375,305400,0.0,0.0
2004-11-17 00:00:00+09:00,4184.019219071137,4289.3720703125,4153.918215460526,4289.3720703125,662400,0.0,0.0
2004-11-18 00:00:00+09:00,4326.999051088988,4334.5244140625,4191.545163149535,4334.5244140625,374400,0.0,0.0
2004-11-19 00:00:00+09:00,4281.847755109171,4342.049777036011,4281.847755109171,4334.5244140625,188400,0.0,0.0
2004-11-22 00:00:00+09:00,4214.118986437819,4402.249451870641,4199.06870793815,4364.62353515625,389700,0.0,0.0
2004-11-23 00:00:00+09:00,4364.62353515625,4387.199173370971,4319.472258726808,4364.62353515625,192900,0.0,0.0
2004-11-24 00:00:00+09:00,4417.2997303703105,4417.2997303703105,4274.320982297365,4364.62353515625,474300,0.0,0.0
2004-11-25 00:00:00+09:00,4387.200256623302,4469.977470205822,4372.149533476995,4439.87646484375,366300,0.0,0.0
2004-11-26 00:00:00+09:00,4424.826182627985,4469.977470205822,4372.149533476995,4439.87646484375,611400,0.0,0.0
2004-11-29 00:00:00+09:00,4454.927267065433,4530.179120410527,4439.876543651974,4485.02783203125,459900,0.0,0.0
2004-11-30 00:00:00+09:00,4492.553154068071,4545.229803688934,4424.826222097196,4462.4521484375,431100,0.0,0.0
2004-12-01 00:00:00+09:00,4394.726101687651,4439.877398762972,4394.726101687651,4402.25146484375,504600,0.0,0.0
2004-12-02 00:00:00+09:00,4454.927267065433,4507.603476220888,4454.927267065433,4485.02783203125,327600,0.0,0.0
2004-12-03 00:00:00+09:00,4469.977038574976,4560.2796050108345,4394.724752901595,4454.9267578125,259200,0.0,0.0
2004-12-06 00:00:00+09:00,4432.3520966493725,4500.079036457611,4432.3520966493725,4469.97802734375,234000,0.0,0.0
2004-12-07 00:00:00+09:00,4515.128447537683,4545.229450831438,4485.027444243928,4522.65380859375,169200,0.0,0.0
2004-12-08 00:00:00+09:00,4522.653432850818,4612.955994299217,4492.55243205786,4597.9052734375,329400,0.0,0.0
2004-12-09 00:00:00+09:00,4597.906268785617,4628.007276094798,4560.280340347069,4590.38134765625,180600,0.0,0.0
2004-12-10 00:00:00+09:00,4590.380195041331,4612.955834621976,4492.552276548381,4500.07763671875,743700,0.0,0.0
2004-12-13 00:00:00+09:00,4447.400728300084,4469.976366514805,4289.371260797035,4364.62353515625,220500,0.0,0.0
2004-12-14 00:00:00+09:00,4326.9986015389,4379.67525501943,4311.94831808614,4357.099609375,195900,0.0,0.0
2004-12-15 00:00:00+09:00,4364.624736159116,4364.624736159116,4168.968857173104,4221.6455078125,760800,0.0,0.0
2004-12-16 00:00:00+09:00,4199.06929370777,4214.119574306952,4116.292089016528,4176.49365234375,441000,0.0,0.0
2004-12-17 00:00:00+09:00,4251.746146497124,4296.897431447782,4214.119781751231,4289.3720703125,486600,0.0,0.0
2004-12-20 00:00:00+09:00,4289.372568474533,4304.4228515625,4191.544626076328,4304.4228515625,383700,0.0,0.0
2004-12-21 00:00:00+09:00,4304.421895618061,4620.480856787615,4304.421895618061,4560.279296875,733800,0.0,0.0
2004-12-22 00:00:00+09:00,4522.654335600412,4582.855908272457,4364.624821522052,4545.22998046875,180600,0.0,0.0
2004-12-23 00:00:00+09:00,4560.280459689111,4605.431751369201,4379.67529296875,4379.67529296875,102600,0.0,0.0
2004-12-24 00:00:00+09:00,4364.625009385581,4424.82658464884,4334.52400128866,4379.67529296875,31200,0.0,0.0
2004-12-27 00:00:00+09:00,4334.523355263158,4409.775643824427,4289.3720703125,4289.3720703125,51900,0.0,0.0
2004-12-28 00:00:00+09:00,4214.120299140071,4372.149815869456,4214.120299140071,4311.9482421875,119400,0.0,0.0
2004-12-29 00:00:00+09:00,4327.184659201715,4464.313745799123,4327.184659201715,4403.3671875,32700,116.666664,0.0
2004-12-30 00:00:00+09:00,4388.130082431997,4555.732421875,4388.130082431997,4555.732421875,70800,0.0,0.0
2004-12-31 00:00:00+09:00,4555.732421875,4555.732421875,4555.732421875,4555.732421875,0,0.0,0.0
2005-01-03 00:00:00+09:00,4593.824796601211,4593.824796601211,4464.314130234578,4578.58837890625,71100,0.0,0.0
2005-01-04 00:00:00+09:00,4563.350846654213,4578.587708501952,4464.3134765625,4464.3134765625,50100,0.0,0.0
2005-01-05 00:00:00+09:00,4418.605086725435,4449.077926639173,4342.422094173391,4350.04052734375,235500,0.0,0.0
2005-01-06 00:00:00+09:00,4327.184963596883,4456.695627921374,4327.184963596883,4395.74951171875,477000,0.0,0.0
2005-01-07 00:00:00+09:00,4418.604458096549,4449.077293674957,4327.18505859375,4327.18505859375,351900,0.0,0.0
2005-01-10 00:00:00+09:00,4334.80238018825,4410.985350230324,4327.184395652645,4357.6572265625,479100,0.0,0.0
2005-01-11 00:00:00+09:00,4403.366683950612,4449.076374255926,4235.764783753593,4258.61962890625,795300,0.0,0.0
2005-01-12 00:00:00+09:00,4296.710880042678,4319.565725149288,4129.10853379964,4151.96337890625,663600,0.0,0.0
2005-01-13 00:00:00+09:00,4151.96360034691,4235.765001129737,4151.96360034691,4159.58203125,484800,0.0,0.0
2005-01-14 00:00:00+09:00,4121.4917262877,4251.002403403227,4121.4917262877,4212.9111328125,541800,0.0,0.0
2005-01-17 00:00:00+09:00,4334.803738529824,4715.71826171875,4327.185751607069,4715.71826171875,1886400,0.0,0.0
2005-01-18 00:00:00+09:00,4868.082892767582,4868.082892767582,4647.15283203125,4647.15283203125,768000,0.0,0.0
2005-01-19 00:00:00+09:00,4647.1529281092535,4708.099045272884,4563.351514827505,4578.58837890625,454800,0.0,0.0
2005-01-20 00:00:00+09:00,4601.44237947924,4647.152070512532,4517.640981662405,4548.1142578125,533400,0.0,0.0
2005-01-21 00:00:00+09:00,4570.968698431962,4616.678385416282,4433.839637479004,4532.87744140625,434400,0.0,0.0
2005-01-24 00:00:00+09:00,4548.114700481879,4769.044746518075,4540.496269106925,4654.7705078125,772200,0.0,0.0
2005-01-25 00:00:00+09:00,4631.916028256149,4631.916028256149,4449.07723179362,4487.1689453125,405600,0.0,0.0
2005-01-26 00:00:00+09:00,4555.73326987505,4593.82453513632,4441.459027707479,4479.55029296875,274500,0.0,0.0
2005-01-27 00:00:00+09:00,4449.077312634527,4586.206412473095,4449.077312634527,4563.3515625,544800,0.0,0.0
2005-01-28 00:00:00+09:00,4563.351072875438,4639.534046739635,4479.550114093441,4616.67919921875,287100,0.0,0.0
2005-01-31 00:00:00+09:00,4570.969106640331,4616.678797706734,4570.969106640331,4601.4423828125,191700,0.0,0.0
2005-02-01 00:00:00+09:00,4616.6794238281245,4639.534272460937,4479.55033203125,4570.9697265625,450000,0.0,0.0
2005-02-02 00:00:00+09:00,4555.733132993636,4647.152523980908,4487.1685897531825,4510.0234375,114900,0.0,0.0
2005-02-03 00:00:00+09:00,4487.168763703441,4586.206143523121,4487.168763703441,4570.9697265625,200400,0.0,0.0
2005-02-04 00:00:00+09:00,4548.114877929687,4631.915840788746,4532.8784609690665,4570.9697265625,117300,0.0,0.0
2005-02-07 00:00:00+09:00,4570.96950417698,4616.67919921875,4525.259809135211,4616.67919921875,195300,0.0,0.0
2005-02-08 00:00:00+09:00,4616.67919921875,4616.67919921875,4616.67919921875,4616.67919921875,0,0.0,0.0
2005-02-09 00:00:00+09:00,4616.67919921875,4616.67919921875,4616.67919921875,4616.67919921875,0,0.0,0.0
2005-02-10 00:00:00+09:00,4616.67919921875,4616.67919921875,4616.67919921875,4616.67919921875,0,0.0,0.0
2005-02-11 00:00:00+09:00,4616.679556319963,4624.297988210792,4548.115008453825,4593.82470703125,130200,0.0,0.0
2005-02-14 00:00:00+09:00,4662.38935959507,4890.937857614436,4647.152941855041,4868.0830078125,546900,0.0,0.0
2005-02-15 00:00:00+09:00,4890.93798828125,4898.556420546693,4761.427318071517,4890.93798828125,232200,0.0,0.0
2005-02-16 00:00:00+09:00,4921.410868966379,4936.647285868918,4814.754611497321,4875.701171875,449700,0.0,0.0
2005-02-17 00:00:00+09:00,4921.410557074195,4921.410557074195,4746.189765072608,4883.31884765625,267900,0.0,0.0
2005-02-18 00:00:00+09:00,4799.519205204228,4883.320185389365,4784.282785093435,4860.46533203125,120300,0.0,0.0
2005-02-21 00:00:00+09:00,4913.793471994804,4929.029892105596,4753.809498487996,4860.46533203125,179100,0.0,0.0
2005-02-22 00:00:00+09:00,4784.282012588756,4860.464547225589,4723.33544921875,4723.33544921875,114000,0.0,0.0
2005-02-23 00:00:00+09:00,4548.1147016167815,4692.862219474544,4456.69531062951,4510.0234375,343800,0.0,0.0
2005-02-24 00:00:00+09:00,4510.023612336254,4570.9697265625,4479.55033203125,4570.9697265625,228900,0.0,0.0
2005-02-25 00:00:00+09:00,4578.588158234692,4723.335235319996,4494.786748991871,4570.9697265625,684300,0.0,0.0
2005-02-28 00:00:00+09:00,4662.388940350872,4685.2437880976895,4502.4050061231455,4510.0234375,426300,0.0,0.0
2005-03-01 00:00:00+09:00,4510.0234375,4510.0234375,4510.0234375,4510.0234375,0,0.0,0.0
2005-03-02 00:00:00+09:00,4555.733221356522,4609.06090287761,4525.259941641791,4586.2060546875,304800,0.0,0.0
2005-03-03 00:00:00+09:00,4570.9697265625,4639.534272460937,4532.8784609690665,4570.9697265625,195900,0.0,0.0
2005-03-04 00:00:00+09:00,4570.969764859068,4685.244008980545,4555.733347770793,4662.38916015625,309300,0.0,0.0
2005-03-07 00:00:00+09:00,4708.098276799747,4708.098276799747,4624.297323580082,4677.625,402900,0.0,0.0
2005-03-08 00:00:00+09:00,4708.098814350198,4746.1900799111945,4548.114874056745,4624.2978515625,351000,0.0,0.0
2005-03-09 00:00:00+09:00,4548.1144385367525,4609.060546875,4548.1144385367525,4609.060546875,285600,0.0,0.0
2005-03-10 00:00:00+09:00,4540.496007600576,4609.060546875,4540.496007600576,4609.060546875,270000,0.0,0.0
2005-03-11 00:00:00+09:00,4570.969994618961,4631.916112419284,4540.496712526906,4563.3515625,195900,0.0,0.0
2005-03-14 00:00:00+09:00,4601.443508217142,4601.443508217142,4502.405671223047,4517.64208984375,261600,0.0,0.0
2005-03-15 00:00:00+09:00,4510.023155448352,4540.495986282543,4098.635921733311,4106.25390625,961800,0.0,0.0
2005-03-16 00:00:00+09:00,4106.254298523825,4289.093086530582,4052.9266162776944,4228.14697265625,435600,0.0,0.0
2005-03-17 00:00:00+09:00,4151.963733778787,4441.458760795075,4129.10888671875,4129.10888671875,709200,0.0,0.0
2005-03-18 00:00:00+09:00,4052.9266336598207,4182.43729359213,3900.560678744886,3923.41552734375,582300,0.0,0.0
2005-03-21 00:00:00+09:00,3892.9419727027553,4045.307453023976,3892.9419727027553,3976.742919921875,826500,0.0,0.0
2005-03-22 00:00:00+09:00,3946.2699365723533,4144.3455666316495,3946.2699365723533,4068.16259765625,432900,0.0,0.0
2005-03-23 00:00:00+09:00,4007.2169287886504,4068.1630428076614,3961.507231678452,4030.07177734375,187200,0.0,0.0
2005-03-24 00:00:00+09:00,4030.07164671727,4060.544479547181,3946.270240475649,3953.888671875,176400,0.0,0.0
2005-03-25 00:00:00+09:00,3900.5603273959023,4014.8345600967955,3900.5603273959023,3999.59814453125,107100,0.0,0.0
2005-03-28 00:00:00+09:00,4190.055532547474,4190.055532547474,4037.689584640026,4113.87255859375,165900,0.0,0.0
2005-03-29 00:00:00+09:00,4144.3455666316495,4190.055258740146,4037.6893207893477,4068.16259765625,102000,0.0,0.0
2005-03-30 00:00:00+09:00,4007.2167521655297,4113.87255859375,4007.2167521655297,4113.87255859375,117600,0.0,0.0
2005-03-31 00:00:00+09:00,4121.490989904245,4136.727406141494,4083.399279735512,4113.87255859375,58200,0.0,0.0
2005-04-01 00:00:00+09:00,4113.87255859375,4144.345837451988,4098.636142356502,4113.87255859375,205800,0.0,0.0
2005-04-04 00:00:00+09:00,4098.636833825392,4129.109671440871,4007.217428211323,4075.781982421875,483900,0.0,0.0
2005-04-05 00:00:00+09:00,4075.781982421875,4075.781982421875,4075.781982421875,4075.781982421875,0,0.0,0.0
2005-04-06 00:00:00+09:00,4068.162930158786,4151.963890412418,4052.926513671875,4052.926513671875,376800,0.0,0.0
2005-04-07 00:00:00+09:00,4052.9268229042705,4083.399658203125,4037.6899588710608,4083.399658203125,444300,0.0,0.0
2005-04-08 00:00:00+09:00,4159.583099021172,4174.819518354844,4136.728246828748,4144.3466796875,151800,0.0,0.0
2005-04-11 00:00:00+09:00,4113.872939885761,4121.491371902366,4068.1632405536975,4083.399658203125,168000,0.0,0.0
2005-04-12 00:00:00+09:00,4052.926292347423,4098.635985695763,4037.689430308827,4045.307861328125,132000,0.0,0.0
2005-04-13 00:00:00+09:00,4037.689584640026,4121.490989904245,4037.689584640026,4113.87255859375,79800,0.0,0.0
2005-04-14 00:00:00+09:00,4045.307751602001,4083.399012897845,4007.2164903061575,4068.16259765625,79200,0.0,0.0
2005-04-15 00:00:00+09:00,4014.8345372819967,4060.544230102603,3931.0335825721254,4007.216552734375,105000,0.0,0.0
2005-04-18 00:00:00+09:00,4014.8347431242614,4014.8347431242614,3611.06591796875,3611.06591796875,216000,0.0,0.0
2005-04-19 00:00:00+09:00,3687.249486909685,3725.340982394874,3603.448509310958,3694.867919921875,345000,0.0,0.0
2005-04-20 00:00:00+09:00,3687.248377948725,3717.721654448633,3626.3022713326163,3672.011962890625,112800,0.0,0.0
2005-04-21 00:00:00+09:00,3649.1574731856385,3649.1574731856385,3580.5929291582997,3595.829345703125,116400,0.0,0.0
2005-04-22 00:00:00+09:00,3641.539106846156,3656.775746855346,3611.066050019654,3633.9208984375,105000,0.0,0.0
2005-04-25 00:00:00+09:00,3580.592993193153,3656.775746855346,3580.592993193153,3633.9208984375,40500,0.0,0.0
2005-04-26 00:00:00+09:00,3633.921514892578,3687.2494291834237,3633.921514892578,3656.7763671875,81900,0.0,0.0
2005-04-27 00:00:00+09:00,3580.5929732743493,3641.53908658831,3580.5929732743493,3588.211181640625,54600,0.0,0.0
2005-04-28 00:00:00+09:00,3603.447687974847,3611.065896058694,3565.356201171875,3565.356201171875,46500,0.0,0.0
2005-04-29 00:00:00+09:00,3542.5016461978103,3565.3564955281186,3435.8456082590747,3504.41015625,177000,0.0,0.0
2005-05-02 00:00:00+09:00,3512.0285881546947,3534.8834374850035,3481.5553069196917,3504.41015625,59400,0.0,0.0
2005-05-03 00:00:00+09:00,3458.6994421932163,3512.027557102596,3359.661865234375,3359.661865234375,128400,0.0,0.0
2005-05-04 00:00:00+09:00,3352.0447792584105,3443.464180300077,3344.426347043673,3428.2275390625,93000,0.0,0.0
2005-05-05 00:00:00+09:00,3428.2275390625,3428.2275390625,3428.2275390625,3428.2275390625,0,0.0,0.0
2005-05-06 00:00:00+09:00,3390.1354318422277,3443.463554892252,3390.1354318422277,3405.3720703125,58500,0.0,0.0
2005-05-09 00:00:00+09:00,3405.3729635349964,3420.6096060018094,3237.7707891677155,3275.862060546875,250500,0.0,0.0
2005-05-10 00:00:00+09:00,3336.8076171875,3352.0442560468305,3291.0979238013697,3336.8076171875,159300,0.0,0.0
2005-05-11 00:00:00+09:00,3291.098703013688,3306.335345480501,3237.7707891677155,3275.862060546875,118500,0.0,0.0
2005-05-12 00:00:00+09:00,3207.2968516758065,3359.6625757677803,3207.2968516758065,3313.952880859375,115200,0.0,0.0
2005-05-13 00:00:00+09:00,3237.7701940756892,3352.04443359375,3237.7701940756892,3352.04443359375,176400,0.0,0.0
2005-05-16 00:00:00+09:00,3321.5704965594455,3352.043769858189,3214.9147095893336,3230.151123046875,148200,0.0,0.0
2005-05-17 00:00:00+09:00,3237.769975869924,3306.334514959933,3207.2966985909034,3245.38818359375,156900,0.0,0.0
2005-05-18 00:00:00+09:00,3253.006349696212,3306.33447265625,3230.1515036252977,3306.33447265625,155400,0.0,0.0
2005-05-19 00:00:00+09:00,3367.281468963922,3367.281468963922,3275.862060546875,3275.862060546875,198000,0.0,0.0
2005-05-20 00:00:00+09:00,3291.0987156550427,3496.7923853834827,3291.0987156550427,3420.609619140625,193800,0.0,0.0
2005-05-23 00:00:00+09:00,3443.464634868635,3557.738901255958,3435.846201648196,3481.555908203125,126000,0.0,0.0
2005-05-24 00:00:00+09:00,3496.791116464613,3580.59228515625,3481.55447946836,3580.59228515625,162900,0.0,0.0
2005-05-25 00:00:00+09:00,3611.0657220534335,3755.813231014705,3611.0657220534335,3702.485107421875,374100,0.0,0.0
2005-05-26 00:00:00+09:00,3702.485473015984,3923.41552734375,3702.485473015984,3923.41552734375,506100,0.0,0.0
2005-05-27 00:00:00+09:00,3953.888883452691,3953.888883452691,3778.6685229613236,3809.141357421875,130500,0.0,0.0
2005-05-30 00:00:00+09:00,3809.1410027004054,3839.6142807069414,3763.4313088824656,3831.995849609375,90300,0.0,0.0
2005-05-31 00:00:00+09:00,3793.9043230329244,3839.614013671875,3786.2858924652,3839.614013671875,75600,0.0,0.0
2005-06-01 00:00:00+09:00,3748.1946323939733,3877.7052737431018,3748.1946323939733,3839.614013671875,49500,0.0,0.0
2005-06-02 00:00:00+09:00,3816.7594337979713,3854.850696518345,3763.4313088824656,3831.995849609375,121800,0.0,0.0
2005-06-03 00:00:00+09:00,3839.614638266197,3870.0879191105187,3809.141357421875,3809.141357421875,55800,0.0,0.0
2005-06-06 00:00:00+09:00,3809.141357421875,3809.141357421875,3809.141357421875,3809.141357421875,0,0.0,0.0
2005-06-07 00:00:00+09:00,3847.233065210856,3946.2704466581345,3847.233065210856,3862.469482421875,137400,0.0,0.0
2005-06-08 00:00:00+09:00,3831.9963875761346,3969.12548828125,3831.9963875761346,3969.12548828125,158100,0.0,0.0
2005-06-09 00:00:00+09:00,4007.217134222645,4563.351513318338,3999.5987021857923,4182.4375,2369100,0.0,0.0
2005-06-10 00:00:00+09:00,3931.0331505353815,3961.5064245278872,3565.355648159997,3580.59228515625,2442600,0.0,0.0
2005-06-13 00:00:00+09:00,3595.829962523543,3649.1580991538426,3466.3192837171896,3618.684814453125,818700,0.0,0.0
2005-06-14 00:00:00+09:00,3512.028731081327,3572.97484964784,3428.2275390625,3428.2275390625,508500,0.0,0.0
2005-06-15 00:00:00+09:00,3291.098011769523,3451.081942897208,3291.098011769523,3367.28076171875,726900,0.0,0.0
2005-06-16 00:00:00+09:00,3382.516840745325,3489.1728515625,3382.516840745325,3489.1728515625,599400,0.0,0.0
2005-06-17 00:00:00+09:00,3504.409687347333,3542.501172198365,3451.081787109375,3451.081787109375,248400,0.0,0.0
2005-06-20 00:00:00+09:00,3435.84574808534,3458.7005983457566,3405.3726888020833,3428.2275390625,216000,0.0,0.0
2005-06-21 00:00:00+09:00,3405.3723376382204,3466.318673111811,3344.42600216463,3352.04443359375,290400,0.0,0.0
2005-06-22 00:00:00+09:00,3329.189697265625,3397.754243274355,3329.189697265625,3329.189697265625,297300,0.0,0.0
2005-06-23 00:00:00+09:00,3321.570386469364,3367.2800717106484,3321.570386469364,3359.661865234375,296700,0.0,0.0
2005-06-24 00:00:00+09:00,3336.807793927384,3412.9905458754665,3298.7163063574058,3352.04443359375,379800,0.0,0.0
2005-06-27 00:00:00+09:00,3352.0445696319493,3367.2809867247906,3321.5712890625,3321.5712890625,149700,0.0,0.0
2005-06-28 00:00:00+09:00,3291.098120975809,3359.662665162805,3291.098120975809,3344.426025390625,203400,0.0,0.0
2005-06-29 00:00:00+09:00,3344.42573397987,3382.5172184953462,3298.7160418380413,3306.33447265625,248100,0.0,0.0
2005-06-30 00:00:00+09:00,3291.097944209099,3321.570998924858,3283.479736328125,3283.479736328125,256800,0.0,0.0
2005-07-01 00:00:00+09:00,3275.86137250293,3390.135609022705,3275.86137250293,3367.28076171875,280500,0.0,0.0
2005-07-04 00:00:00+09:00,3374.899492172844,3504.41015625,3374.899492172844,3504.41015625,431400,0.0,0.0
2005-07-05 00:00:00+09:00,3565.3555888937212,3565.3555888937212,3489.1728515625,3489.1728515625,323700,0.0,0.0
2005-07-06 00:00:00+09:00,3512.028909737872,3512.028909737872,3405.372862033046,3443.46435546875,297600,0.0,0.0
2005-07-07 00:00:00+09:00,3412.990277951708,3458.6999701706673,3405.3720703125,3405.3720703125,218700,0.0,0.0
2005-07-08 00:00:00+09:00,3405.3724266258446,3428.227275126689,3374.8993696886782,3382.517578125,154200,0.0,0.0
2005-07-11 00:00:00+09:00,3390.1355858926454,3420.6088642179193,3374.899169921875,3374.899169921875,273900,0.0,0.0
2005-07-12 00:00:00+09:00,3382.5175106301344,3412.9905669592404,3359.6626625853364,3397.754150390625,251400,0.0,0.0
2005-07-13 00:00:00+09:00,3382.5169913421305,3397.7536287634744,3298.7158203125,3298.7158203125,402300,0.0,0.0
2005-07-14 00:00:00+09:00,3291.0980981201596,3359.662641830996,3291.0980981201596,3352.04443359375,207600,0.0,0.0
2005-07-15 00:00:00+09:00,3352.04443359375,3420.608977304587,3352.04443359375,3352.04443359375,163800,0.0,0.0
2005-07-18 00:00:00+09:00,3321.5712410587876,3382.517578125,3321.5712410587876,3382.517578125,181500,0.0,0.0
2005-07-19 00:00:00+09:00,3367.280873452957,3397.754152997317,3336.8078171004727,3344.426025390625,132600,0.0,0.0
2005-07-20 00:00:00+09:00,3359.6627544277667,3367.2809629203316,3306.3348485960482,3329.189697265625,244500,0.0,0.0
2005-07-21 00:00:00+09:00,3336.8073022699396,3336.8073022699396,3298.7158203125,3298.7158203125,221100,0.0,0.0
2005-07-22 00:00:00+09:00,3283.4796685965966,3306.334514959933,3245.38818359375,3245.38818359375,157500,0.0,0.0
2005-07-25 00:00:00+09:00,3230.1521446851466,3275.8618458985775,3214.9157264086034,3222.533935546875,202500,0.0,0.0
2005-07-26 00:00:00+09:00,3222.533052124493,3268.2427408071103,3222.533052124493,3253.006103515625,142500,0.0,0.0
2005-07-27 00:00:00+09:00,3245.388961503011,3260.6256037946955,3230.1523192113264,3237.770751953125,136200,0.0,0.0
2005-07-28 00:00:00+09:00,3237.7696249964188,3291.0975196678323,3237.7696249964188,3268.24267578125,295200,0.0,0.0
2005-07-29 00:00:00+09:00,3291.098703013688,3306.335345480501,3230.1523563383516,3275.862060546875,292200,0.0,0.0
2005-08-01 00:00:00+09:00,3260.625641271977,3298.7169126511367,3245.3889988051646,3275.862060546875,178500,0.0,0.0
2005-08-02 00:00:00+09:00,3268.243452850206,3306.3349427818866,3260.625244140625,3260.625244140625,235200,0.0,0.0
2005-08-03 00:00:00+09:00,3268.24267578125,3306.3341566561653,3260.624468883001,3268.24267578125,241200,0.0,0.0
2005-08-04 00:00:00+09:00,3260.6250845058116,3390.1357421875,3260.6250845058116,3390.1357421875,436500,0.0,0.0
2005-08-05 00:00:00+09:00,3374.8991236672664,3374.8991236672664,3275.8613052552873,3283.479736328125,170100,0.0,0.0
2005-08-08 00:00:00+09:00,3275.862060546875,3329.1901975847627,3275.862060546875,3275.862060546875,151500,0.0,0.0
2005-08-09 00:00:00+09:00,3275.861195767127,3313.952680282603,3260.624780514421,3306.33447265625,195600,0.0,0.0
2005-08-10 00:00:00+09:00,3321.571177328293,3397.754152997317,3291.098120975809,3344.426025390625,365100,0.0,0.0
2005-08-11 00:00:00+09:00,3298.7169126511367,3336.8084072222114,3275.862060546875,3275.862060546875,261300,0.0,0.0
2005-08-12 00:00:00+09:00,3313.9535551179497,3321.5717647553984,3275.862060546875,3275.862060546875,157800,0.0,0.0
2005-08-15 00:00:00+09:00,3275.862060546875,3275.862060546875,3275.862060546875,3275.862060546875,0,0.0,0.0
2005-08-16 00:00:00+09:00,3184.442413809241,3245.388755923412,2788.291748046875,2788.291748046875,1749300,0.0,0.0
2005-08-17 00:00:00+09:00,2734.9634179875984,2734.9634179875984,2384.5222836633448,2422.61376953125,2921700,0.0,0.0
2005-08-18 00:00:00+09:00,2437.8505449910144,2460.7053931528308,2315.957872666744,2346.43115234375,1177200,0.0,0.0
2005-08-19 00:00:00+09:00,2361.6673481722737,2460.7051630746,2354.04914056127,2392.140625,1135800,0.0,0.0
2005-08-22 00:00:00+09:00,2346.4311082261743,2399.759011870449,2338.812676854226,2354.04931640625,478800,0.0,0.0
2005-08-23 00:00:00+09:00,2361.667724609375,2399.7592151196827,2361.667724609375,2361.667724609375,473700,0.0,0.0
2005-08-24 00:00:00+09:00,2354.049363581336,2354.049363581336,2293.10302734375,2293.10302734375,359700,0.0,0.0
2005-08-25 00:00:00+09:00,2270.248291015625,2323.5764215481045,2255.011873599392,2270.248291015625,278400,0.0,0.0
2005-08-26 00:00:00+09:00,2255.01173734372,2407.377241450923,2255.01173734372,2399.759033203125,531300,0.0,0.0
2005-08-29 00:00:00+09:00,2361.666951193684,2506.4144338147717,2354.048744863244,2475.941162109375,600300,0.0,0.0
2005-08-30 00:00:00+09:00,2491.179016034575,2514.0338693926906,2414.996245904833,2430.232666015625,285000,0.0,0.0
2005-08-31 00:00:00+09:00,2483.5602830288785,2483.5602830288785,2407.3773057486605,2437.8505859375,300000,0.0,0.0
2005-09-01 00:00:00+09:00,2437.8504312645728,2491.1783334237557,2437.8504312645728,2468.323486328125,261600,0.0,0.0
2005-09-02 00:00:00+09:00,2468.3235897775426,2795.90967081369,2453.0869500112535,2696.8720703125,1350300,0.0,0.0
2005-09-05 00:00:00+09:00,2757.8185858028196,2834.001343212305,2704.4904547434785,2712.10888671875,597900,0.0,0.0
2005-09-06 00:00:00+09:00,2742.5815625392406,2742.5815625392406,2666.3988157548815,2689.253662109375,280800,0.0,0.0
2005-09-07 00:00:00+09:00,2696.8720262123684,2773.0547774142974,2696.8720262123684,2704.490234375,242100,0.0,0.0
2005-09-08 00:00:00+09:00,2727.3450133415977,2765.436499578815,2620.689208984375,2620.689208984375,288000,0.0,0.0
2005-09-09 00:00:00+09:00,2559.7431372922497,2651.162535052687,2559.7431372922497,2613.071044921875,153900,0.0,0.0
2005-09-12 00:00:00+09:00,2620.688937519945,2628.3071447015086,2567.360817673468,2574.979248046875,175200,0.0,0.0
2005-09-13 00:00:00+09:00,2574.9796411833167,2742.581787109375,2559.7430013020835,2742.581787109375,421200,0.0,0.0
2005-09-14 00:00:00+09:00,2765.4365692516662,2765.4365692516662,2674.017178532603,2704.490234375,157200,0.0,0.0
2005-09-15 00:00:00+09:00,2674.0168341745784,2704.489886092677,2574.979248046875,2574.979248046875,252900,0.0,0.0
2005-09-16 00:00:00+09:00,2582.597412109375,2658.780152228596,2574.9792050550045,2582.597412109375,165600,0.0,0.0
2005-09-19 00:00:00+09:00,2582.597412109375,2582.597412109375,2582.597412109375,2582.597412109375,0,0.0,0.0
2005-09-20 00:00:00+09:00,2590.215839759058,2597.83427065409,2536.887939453125,2536.887939453125,308400,0.0,0.0
2005-09-21 00:00:00+09:00,2536.8881393527827,2574.97962725387,2536.8881393527827,2544.50634765625,160200,0.0,0.0
2005-09-22 00:00:00+09:00,2521.6514330257473,2590.215975523655,2514.03322492327,2559.742919921875,211200,0.0,0.0
2005-09-23 00:00:00+09:00,2567.361458155594,2674.0175012642894,2567.361458155594,2590.21630859375,251400,0.0,0.0
2005-09-26 00:00:00+09:00,2590.215662410003,2643.5437822564795,2559.742610491904,2574.979248046875,246300,0.0,0.0
2005-09-27 00:00:00+09:00,2590.2157694425073,2590.2157694425073,2422.6136421795695,2498.79638671875,645900,0.0,0.0
2005-09-28 00:00:00+09:00,2460.7059526210637,2468.3241626764598,2414.996245904833,2430.232666015625,620100,0.0,0.0
2005-09-29 00:00:00+09:00,2521.6516584072006,2773.0550033695827,2498.796808865166,2712.10888671875,1529100,0.0,0.0
2005-09-30 00:00:00+09:00,2712.108987798085,2788.291748046875,2620.6895862227775,2788.291748046875,715800,0.0,0.0
2005-10-03 00:00:00+09:00,2788.291748046875,2788.291748046875,2788.291748046875,2788.291748046875,0,0.0,0.0
2005-10-04 00:00:00+09:00,2834.0009765625,2849.237615349908,2719.726743636593,2834.0009765625,736500,0.0,0.0
2005-10-05 00:00:00+09:00,2849.237318522764,3039.6942791606107,2841.6188883268,2948.27490234375,1100100,0.0,0.0
2005-10-06 00:00:00+09:00,2894.9477939322965,2971.1305542596024,2879.711152590076,2933.0390625,571200,0.0,0.0
2005-10-07 00:00:00+09:00,2933.038618077077,2948.2752571105957,2811.1461753845215,2925.42041015625,414600,0.0,0.0
2005-10-10 00:00:00+09:00,2818.7643634614788,2993.984929941879,2818.7643634614788,2978.748291015625,433800,0.0,0.0
2005-10-11 00:00:00+09:00,2948.275388141489,3047.31298828125,2948.275388141489,3047.31298828125,337800,0.0,0.0
2005-10-12 00:00:00+09:00,3115.8777751286298,3184.4423243847014,3077.7865076698513,3100.641357421875,917700,0.0,0.0
2005-10-13 00:00:00+09:00,3077.7862677026187,3123.4959636427966,3001.603292341072,3047.31298828125,425400,0.0,0.0
2005-10-14 00:00:00+09:00,3047.313434052098,3062.550075991647,2879.7112654846833,2910.184326171875,406500,0.0,0.0
2005-10-17 00:00:00+09:00,2849.237530310999,2902.5654296875,2788.2912001722443,2902.5654296875,315600,0.0,0.0
2005-10-18 00:00:00+09:00,2910.1840997576287,3093.022896039614,2910.1840997576287,2955.893798828125,553200,0.0,0.0
2005-10-19 00:00:00+09:00,2955.8936227682684,2955.8936227682684,2826.3829652437435,2894.947509765625,268500,0.0,0.0
2005-10-20 00:00:00+09:00,2902.5655163180445,2940.657001690634,2834.0009765625,2834.0009765625,187800,0.0,0.0
2005-10-21 00:00:00+09:00,2757.8182484932354,2780.673095239887,2704.490123956474,2727.344970703125,466200,0.0,0.0
2005-10-24 00:00:00+09:00,2704.490027397468,2742.581511679186,2590.2157977441684,2597.834228515625,573300,0.0,0.0
2005-10-25 00:00:00+09:00,2651.1621854170667,2971.1300353811953,2651.1621854170667,2887.328857421875,953700,0.0,0.0
2005-10-26 00:00:00+09:00,2864.474322701067,2887.329171614086,2757.8185099015686,2826.383056640625,321000,0.0,0.0
2005-10-27 00:00:00+09:00,2742.581742949861,2818.7644947456215,2742.581742949861,2750.199951171875,154200,0.0,0.0
2005-10-28 00:00:00+09:00,2681.6356565653455,2742.581997575431,2605.4528976966594,2651.16259765625,457500,0.0,0.0
2005-10-31 00:00:00+09:00,2651.1628874965413,2666.3995302127933,2597.834972777538,2643.544677734375,325500,0.0,0.0
2005-11-01 00:00:00+09:00,2681.635450776319,2750.1999954540534,2658.7806025504074,2742.581787109375,341700,0.0,0.0
2005-11-02 00:00:00+09:00,2689.254441140911,2795.910272897033,2689.254441140911,2773.055419921875,227700,0.0,0.0
2005-11-03 00:00:00+09:00,2780.67332023879,2803.5281688347477,2727.3451913869685,2734.963623046875,177300,0.0,0.0
2005-11-04 00:00:00+09:00,2742.5817808752627,2993.985110788828,2742.5817808752627,2894.947509765625,774900,0.0,0.0
2005-11-07 00:00:00+09:00,2864.474209514121,2940.657185008476,2834.001153231504,2849.23779296875,318000,0.0,0.0
2005-11-08 00:00:00+09:00,2849.237905553644,2856.8561141273553,2773.054927048992,2826.383056640625,207000,0.0,0.0
2005-11-09 00:00:00+09:00,2795.9091152146384,2834.000595464939,2780.6727016679833,2811.145751953125,161700,0.0,0.0
2005-11-10 00:00:00+09:00,2795.9094911899106,2834.0009765625,2750.1997980195474,2834.0009765625,255000,0.0,0.0
2005-11-11 00:00:00+09:00,2818.7646248750293,2856.8561141273553,2765.43671847528,2826.383056640625,300000,0.0,0.0
2005-11-14 00:00:00+09:00,2795.9091796875,2834.000660816179,2780.672765789497,2795.9091796875,142200,0.0,0.0
2005-11-15 00:00:00+09:00,2712.1085549999325,2834.000996584786,2704.490123956474,2727.344970703125,439500,0.0,0.0
2005-11-16 00:00:00+09:00,2689.2537082532813,2742.5816095981804,2689.2537082532813,2727.344970703125,227700,0.0,0.0
2005-11-17 00:00:00+09:00,2727.3452594393643,2765.4367491137077,2712.1088421231357,2719.72705078125,292500,0.0,0.0
2005-11-18 00:00:00+09:00,2712.1093653540815,2727.345785609781,2635.926371307867,2666.399658203125,490800,0.0,0.0
2005-11-21 00:00:00+09:00,2620.689476863171,2689.254025183499,2605.4528361724683,2613.071044921875,341700,0.0,0.0
2005-11-22 00:00:00+09:00,2643.543776853843,2681.6350358756586,2498.796278357049,2521.651123046875,683700,0.0,0.0
2005-11-23 00:00:00+09:00,2559.7427162652057,2559.7427162652057,2430.231849675932,2498.79638671875,701700,0.0,0.0
2005-11-24 00:00:00+09:00,2514.0332490426426,2521.6514572182086,2430.2320663439305,2453.0869140625,675000,0.0,0.0
2005-11-25 00:00:00+09:00,2468.3241579112105,2559.7435711671815,2460.705947870522,2529.2705078125,813600,0.0,0.0
2005-11-28 00:00:00+09:00,2529.2697317499515,2605.4524783572638,2514.0330931517456,2536.887939453125,479700,0.0,0.0
2005-11-29 00:00:00+09:00,2529.2696907236455,2613.0706436748283,2506.4148447929856,2597.834228515625,503700,0.0,0.0
2005-11-30 00:00:00+09:00,2559.7432490735077,2620.689591305891,2559.7432490735077,2590.21630859375,272100,0.0,0.0
2005-12-01 00:00:00+09:00,2582.5977227471576,2643.544056088332,2582.5977227471576,2620.689208984375,293100,0.0,0.0
2005-12-02 00:00:00+09:00,2666.398858647741,2681.6352743345965,2620.689165203447,2628.307373046875,275700,0.0,0.0
2005-12-05 00:00:00+09:00,2628.307545979818,2757.8184269906083,2605.4526977539062,2742.581787109375,577800,0.0,0.0
2005-12-06 00:00:00+09:00,2925.4209692028985,3153.969482421875,2917.802759826235,3153.969482421875,2514300,0.0,0.0
2005-12-07 00:00:00+09:00,3184.4420975749354,3199.6787373883626,2986.366895959764,3093.022705078125,1367400,0.0,0.0
2005-12-08 00:00:00+09:00,3032.0770164357236,3275.861948408027,3016.840374490489,3153.969482421875,871200,0.0,0.0
2005-12-09 00:00:00+09:00,3153.9686582038717,3329.189213612481,3108.258967505265,3123.49560546875,923700,0.0,0.0
2005-12-12 00:00:00+09:00,3085.4042935017665,3153.9688333573613,2986.36669921875,2986.36669921875,472800,0.0,0.0
2005-12-13 00:00:00+09:00,2925.4199645729655,2986.366288232179,2879.710277626513,2917.8017578125,528000,0.0,0.0
2005-12-14 00:00:00+09:00,2925.420928030303,3070.1682433011674,2925.420928030303,3016.84033203125,407400,0.0,0.0
2005-12-15 00:00:00+09:00,2971.1302561463367,3093.022705078125,2925.4205598979315,3093.022705078125,336000,0.0,0.0
2005-12-16 00:00:00+09:00,3047.3124713899333,3047.3124713899333,2879.7103557689156,3001.602783203125,240300,0.0,0.0
2005-12-19 00:00:00+09:00,2986.366596494405,3123.4956714886603,2986.366596494405,3108.259033203125,328500,0.0,0.0
2005-12-20 00:00:00+09:00,3093.023078897971,3093.023078897971,2971.130615234375,2971.130615234375,254700,0.0,0.0
2005-12-21 00:00:00+09:00,2955.8930148066565,3001.602701753109,2879.710277626513,2917.8017578125,252000,0.0,0.0
2005-12-22 00:00:00+09:00,2933.0384036448577,2971.1298868478825,2765.436279296875,2765.436279296875,451800,0.0,0.0
2005-12-23 00:00:00+09:00,2727.34479609385,2803.5277624999,2704.489950810405,2765.436279296875,395400,0.0,0.0
2005-12-26 00:00:00+09:00,2773.055106720358,2811.146598440702,2765.436897653048,2788.291748046875,228000,0.0,0.0
2005-12-27 00:00:00+09:00,2788.2913030914833,2834.000996584786,2727.344970703125,2727.344970703125,246300,0.0,0.0
2005-12-28 00:00:00+09:00,2704.2974399810523,2781.1242239821363,2704.2974399810523,2719.662841796875,151200,50.0,0.0
2005-12-29 00:00:00+09:00,2719.6629464285716,2850.2683041926794,2719.6629464285716,2742.7109375,232500,0.0,0.0
2006-01-02 00:00:00+09:00,2781.1235740526895,2857.95011502191,2765.7581758276547,2842.584716796875,185400,0.0,0.0
2006-01-03 00:00:00+09:00,2865.6326706496097,2919.4114513174886,2834.902099609375,2834.902099609375,235200,0.0,0.0
2006-01-04 00:00:00+09:00,2857.950164832427,2888.6807367401157,2804.171607724477,2850.267578125,278100,0.0,0.0
2006-01-05 00:00:00+09:00,2850.2679890057416,2857.9505768206527,2773.4412105445754,2781.1240234375,213900,0.0,0.0
2006-01-06 00:00:00+09:00,2765.758928571429,2781.1243309783936,2704.2975440216064,2742.7109375,315600,0.0,0.0
2006-01-09 00:00:00+09:00,2750.3929829967306,2773.440969516474,2665.883849143,2681.2490234375,360300,0.0,0.0
2006-01-10 00:00:00+09:00,2673.5669578388915,2711.9803512246585,2612.1055734372726,2635.153564453125,252300,0.0,0.0
2006-01-11 00:00:00+09:00,2635.1534588421414,2665.8842623503483,2596.7402920739246,2612.10546875,217200,0.0,0.0
2006-01-12 00:00:00+09:00,2681.249449796333,2750.393420350491,2665.8842730585397,2719.662841796875,447600,0.0,0.0
2006-01-13 00:00:00+09:00,2688.931891081648,2796.489013671875,2688.931891081648,2796.489013671875,215700,0.0,0.0
2006-01-16 00:00:00+09:00,2750.3932220218285,2796.4891990673227,2711.9800578692584,2781.1240234375,718200,0.0,0.0
2006-01-17 00:00:00+09:00,2781.1238054639225,2827.2197788965955,2735.02783203125,2735.02783203125,306300,0.0,0.0
2006-01-18 00:00:00+09:00,2688.9319174227335,2719.6624920241247,2496.865207199538,2542.961181640625,390900,0.0,0.0
2006-01-19 00:00:00+09:00,2596.7398567505757,2612.105030850799,2504.5479118372773,2519.9130859375,262500,0.0,0.0
2006-01-20 00:00:00+09:00,2496.8650638197246,2589.057007407874,2358.5771484375,2358.5771484375,385200,0.0,0.0
2006-01-23 00:00:00+09:00,2174.1934962000555,2350.8948155306507,2151.1455078125,2151.1455078125,372300,0.0,0.0
2006-01-24 00:00:00+09:00,2151.14547762416,2174.1934656882686,1982.1269735133642,2089.684326171875,645600,0.0,0.0
2006-01-25 00:00:00+09:00,2128.0975647746313,2350.8948656281405,2120.414976841068,2266.385498046875,436800,0.0,0.0
2006-01-26 00:00:00+09:00,2251.019947123173,2358.577060584363,2158.828006969022,2289.43310546875,373500,0.0,0.0
2006-01-27 00:00:00+09:00,2358.577305507517,2450.7692552352114,2350.89471805621,2389.30810546875,233700,0.0,0.0
2006-01-31 00:00:00+09:00,2458.451578563722,2512.230130177624,2381.624819026196,2443.086181640625,288300,0.0,0.0
2006-02-01 00:00:00+09:00,2427.721388186512,2427.721388186512,2258.702880330632,2312.4814453125,355800,0.0,0.0
2006-02-02 00:00:00+09:00,2335.5295119170623,2389.3083037736865,2251.020367704689,2327.846923828125,126300,0.0,0.0
2006-02-03 00:00:00+09:00,2243.337539976481,2297.1163314840333,2220.28955078125,2220.28955078125,146100,0.0,0.0
2006-02-06 00:00:00+09:00,2181.8759545425637,2251.0199084709056,2181.8759545425637,2227.971923828125,105300,0.0,0.0
2006-02-07 00:00:00+09:00,2227.97236389834,2227.97236389834,2181.876385507878,2220.28955078125,91200,0.0,0.0
2006-02-08 00:00:00+09:00,2181.8760070435374,2251.0199626356425,2166.5106085526313,2189.55859375,74700,0.0,0.0
2006-02-09 00:00:00+09:00,2220.2898318827292,2220.2898318827292,2174.19384765625,2174.19384765625,114000,0.0,0.0
2006-02-10 00:00:00+09:00,2151.145863336711,2151.145863336711,1974.4447398803768,2012.85791015625,591900,0.0,0.0
2006-02-13 00:00:00+09:00,2012.8576524979155,2020.5404656320811,1966.7616740050012,1982.1270751953125,316200,0.0,0.0
2006-02-14 00:00:00+09:00,1982.1269374720512,1997.4923375947353,1943.7135497043434,1951.3963623046875,243600,0.0,0.0
2006-02-15 00:00:00+09:00,1966.7615662778012,1982.1269666264898,1905.3004150390625,1905.3004150390625,299100,0.0,0.0
2006-02-16 00:00:00+09:00,1889.9347029320988,1912.9826871141975,1843.8387345679012,1866.88671875,336600,0.0,0.0
2006-02-17 00:00:00+09:00,1859.2043606129157,1889.9350493346105,1767.012406986837,1782.3778076171875,602400,0.0,0.0
2006-02-20 00:00:00+09:00,1828.4736781794415,1974.4443004515272,1797.7429912434764,1943.7135009765625,851700,0.0,0.0
2006-02-21 00:00:00+09:00,1974.4437967760005,2005.174363333678,1920.6650239526382,1966.760986328125,437100,0.0,0.0
2006-02-22 00:00:00+09:00,1943.7135009765625,1959.078900714045,1928.348326317079,1943.7135009765625,198600,0.0,0.0
2006-02-23 00:00:00+09:00,1951.3963217065696,2051.27085773115,1951.3963217065696,2020.540283203125,494100,0.0,0.0
2006-02-24 00:00:00+09:00,2005.1749128861861,2028.222900390625,1982.1269253817472,2028.222900390625,182700,0.0,0.0
2006-02-27 00:00:00+09:00,2020.5404656320811,2028.2230536882269,1959.0790859488554,1982.1270751953125,292500,0.0,0.0
2006-02-28 00:00:00+09:00,1982.1268439797796,1997.4922433777137,1943.7134580239408,1959.078857421875,111600,0.0,0.0
2006-03-02 00:00:00+09:00,1959.078935923861,2005.1749108867755,1951.396348456043,1974.4443359375,151200,0.0,0.0
2006-03-03 00:00:00+09:00,1989.8089831696855,2020.5397750470631,1920.6650390625,1920.6650390625,225600,0.0,0.0
2006-03-06 00:00:00+09:00,1897.6172893001415,1912.9826871141975,1866.88671875,1866.88671875,134700,0.0,0.0
2006-03-07 00:00:00+09:00,1866.8870307599332,1882.2523186029807,1828.4737548828125,1828.4737548828125,125100,0.0,0.0
2006-03-08 00:00:00+09:00,1790.0603807453838,1874.5697459037574,1790.0603807453838,1805.42578125,115500,0.0,0.0
2006-03-09 00:00:00+09:00,1805.4259535489753,1912.9832046508789,1805.4259535489753,1843.8392333984375,104100,0.0,0.0
2006-03-10 00:00:00+09:00,1859.2043020024732,1905.3003899013634,1859.2043020024732,1874.5697021484375,66600,0.0,0.0
2006-03-13 00:00:00+09:00,1874.5696231310903,1912.9828967987896,1843.838936673532,1859.2042236328125,111300,0.0,0.0
2006-03-14 00:00:00+09:00,1859.2043911603064,1874.569792043116,1782.3778369022907,1790.0604248046875,176100,0.0,0.0
2006-03-15 00:00:00+09:00,1805.42578125,1820.791069215611,1790.0603807453838,1805.42578125,202800,0.0,0.0
2006-03-16 00:00:00+09:00,1797.7430164687291,1805.425716445271,1751.6470416874797,1767.0123291015625,334500,0.0,0.0
2006-03-17 00:00:00+09:00,1751.647178113969,1767.0124667247726,1736.2818895031655,1743.9644775390625,120900,0.0,0.0
2006-03-20 00:00:00+09:00,1736.2818362795422,1751.6471244193413,1705.5511474609375,1705.5511474609375,189900,0.0,0.0
2006-03-21 00:00:00+09:00,1705.5508919270833,1828.4735162456354,1705.5508919270833,1728.598876953125,225900,0.0,0.0
2006-03-22 00:00:00+09:00,1720.9162132103825,1720.9162132103825,1644.0896699005118,1659.4549560546875,215700,0.0,0.0
2006-03-23 00:00:00+09:00,1667.1378765952602,1690.185865154001,1628.7244873046875,1628.7244873046875,140100,0.0,0.0
2006-03-24 00:00:00+09:00,1597.9936228377503,1621.0416072414728,1536.5322560684997,1567.262939453125,317400,0.0,0.0
2006-03-27 00:00:00+09:00,1574.945721033281,1613.3589928744368,1551.897735420789,1559.580322265625,156900,0.0,0.0
2006-03-28 00:00:00+09:00,1544.215122925911,1559.5804100191394,1524.240238450814,1525.7767333984375,210300,0.0,0.0
2006-03-29 00:00:00+09:00,1515.021069236614,1551.8978489134568,1505.8018743174034,1531.9228515625,161100,0.0,0.0
2006-03-30 00:00:00+09:00,1559.5802404722222,1605.6762092796669,1536.5322560684997,1567.262939453125,241200,0.0,0.0
2006-03-31 00:00:00+09:00,1559.5802692689415,1597.99365234375,1559.5802692689415,1597.99365234375,150000,0.0,0.0
2006-04-03 00:00:00+09:00,1590.310999552409,1705.5509270562065,1590.310999552409,1659.4549560546875,371700,0.0,0.0
2006-04-04 00:00:00+09:00,1644.0899428794469,1659.4552315848214,1597.993964224313,1613.3592529296875,292200,0.0,0.0
2006-04-05 00:00:00+09:00,1628.7243152685558,1720.916259765625,1628.7243152685558,1720.916259765625,579900,0.0,0.0
2006-04-06 00:00:00+09:00,1690.185791015625,1713.2337785633881,1659.4551034389403,1690.185791015625,400200,0.0,0.0
2006-04-07 00:00:00+09:00,1713.233672750199,1751.646945444313,1682.5029870715111,1720.916259765625,456600,0.0,0.0
2006-04-10 00:00:00+09:00,1713.2337785633881,1720.916366053308,1682.5030909867035,1690.185791015625,302700,0.0,0.0
2006-04-11 00:00:00+09:00,1697.8684706609872,1743.9644482584713,1667.1378939553365,1736.2818603515625,298200,0.0,0.0
2006-04-12 00:00:00+09:00,1720.9165263576099,1751.647216796875,1690.185948457357,1751.647216796875,163500,0.0,0.0
2006-04-13 00:00:00+09:00,1751.6471244193413,1774.6951128985431,1705.5511474609375,1705.5511474609375,138000,0.0,0.0
2006-04-14 00:00:00+09:00,1705.5509731957784,1743.9642458898923,1690.1856866259318,1720.916259765625,225000,0.0,0.0
2006-04-17 00:00:00+09:00,1720.916366053308,1736.281766111151,1682.5030909867035,1690.185791015625,129600,0.0,0.0
2006-04-18 00:00:00+09:00,1674.820404936856,1690.185805122948,1651.7724171967204,1667.1378173828125,192000,0.0,0.0
2006-04-19 00:00:00+09:00,1682.5030667500157,1690.185766668267,1582.62841796875,1582.62841796875,537900,0.0,0.0
2006-04-20 00:00:00+09:00,1582.6282540982313,1628.7242237568107,1574.9456675144604,1597.99365234375,236700,0.0,0.0
2006-04-21 00:00:00+09:00,1605.6766357421875,1636.4073272887852,1597.9940472598003,1605.6766357421875,165300,0.0,0.0
2006-04-24 00:00:00+09:00,1613.3590483986445,1644.08973445257,1605.6763487504143,1621.041748046875,155100,0.0,0.0
2006-04-25 00:00:00+09:00,1613.3587919776119,1628.7240762929773,1536.532145322828,1544.21484375,257100,0.0,0.0
2006-04-26 00:00:00+09:00,1544.215412311726,1551.8981135675767,1522.7039163187549,1534.9962158203125,222300,0.0,0.0
2006-04-27 00:00:00+09:00,1551.8978708112877,1567.2631583804482,1536.532470703125,1536.532470703125,163200,0.0,0.0
2006-04-28 00:00:00+09:00,1536.5325420558586,1544.2152424667051,1522.7037488397389,1524.2403564453125,174300,0.0,0.0
2006-05-02 00:00:00+09:00,1511.947821044922,1525.7766120910646,1471.997942731958,1475.071044921875,204000,0.0,0.0
2006-05-03 00:00:00+09:00,1476.6077449574948,1490.4365379254807,1413.6099853515625,1413.6099853515625,393000,0.0,0.0
2006-05-04 00:00:00+09:00,1405.9272383367736,1410.5368358395172,1361.3677582972523,1378.2696533203125,241200,0.0,0.0
2006-05-08 00:00:00+09:00,1375.19644102145,1404.3906312342099,1355.2215576171875,1355.2215576171875,230700,0.0,0.0
2006-05-09 00:00:00+09:00,1372.1232480272292,1536.5321131188527,1370.5866408506135,1513.484130859375,636300,0.0,0.0
2006-05-10 00:00:00+09:00,1536.5324379350272,1536.5324379350272,1438.1943970193533,1450.4866943359375,217800,0.0,0.0
2006-05-11 00:00:00+09:00,1436.6581135834413,1667.1380188353828,1436.6581135834413,1605.6766357421875,672900,0.0,0.0
2006-05-12 00:00:00+09:00,1544.2149835624111,1628.7242237568107,1544.2149835624111,1597.99365234375,351600,0.0,0.0
2006-05-15 00:00:00+09:00,1582.6282540982313,1667.1376068316192,1559.5802692689415,1597.99365234375,312600,0.0,0.0
2006-05-16 00:00:00+09:00,1613.3591639154913,1644.0898521697402,1490.4365234375,1490.4365234375,367200,0.0,0.0
2006-05-17 00:00:00+09:00,1491.9729381579348,1536.53230094729,1475.071044921875,1475.071044921875,87300,0.0,0.0
2006-05-18 00:00:00+09:00,1418.2196453514166,1442.8041297511052,1390.5620581996382,1401.3177490234375,155400,0.0,0.0
2006-05-19 00:00:00+09:00,1384.4158581418183,1447.4137333039314,1382.879363029234,1428.975341796875,99600,0.0,0.0
2006-05-22 00:00:00+09:00,1428.975324406468,1468.9252096985765,1413.6100358505842,1425.9022216796875,105900,0.0,0.0
2006-05-23 00:00:00+09:00,1425.9020013576169,1425.9020013576169,1378.2695354169623,1379.8060302734375,156000,0.0,0.0
2006-05-24 00:00:00+09:00,1367.5138721250178,1387.488755791746,1336.7831866432102,1358.294677734375,149700,0.0,0.0
2006-05-25 00:00:00+09:00,1341.3929534912108,1355.2217468261717,1290.6873779296875,1290.6873779296875,237300,0.0,0.0
2006-05-26 00:00:00+09:00,1292.2236686219044,1324.4908479665335,1290.687173785157,1298.369873046875,104400,0.0,0.0
2006-05-29 00:00:00+09:00,1301.4430900297662,1321.418089091258,1287.6142964667379,1295.2969970703125,122100,0.0,0.0
2006-05-30 00:00:00+09:00,1296.833542552132,1296.833542552132,1239.981870986452,1252.274169921875,188700,0.0,0.0
2006-05-31 00:00:00+09:00,1252.274169921875,1252.274169921875,1252.274169921875,1252.274169921875,0,0.0,0.0
2006-06-01 00:00:00+09:00,1244.5914132778482,1259.956701854695,1236.90871271992,1241.518310546875,109500,0.0,0.0
2006-06-02 00:00:00+09:00,1243.0548779362505,1281.4681544041896,1233.8356825808248,1258.420166015625,132900,0.0,0.0
2006-06-05 00:00:00+09:00,1264.5659546192298,1290.6870393573113,1221.5430908203125,1221.5430908203125,62100,0.0,0.0
2006-06-07 00:00:00+09:00,1183.130152164469,1213.860729467072,1152.3994623228562,1189.2762451171875,147000,0.0,0.0
2006-06-08 00:00:00+09:00,1160.0819511193931,1206.1779211964683,1144.716552734375,1144.716552734375,207600,0.0,0.0
2006-06-09 00:00:00+09:00,1153.9358947212204,1180.0569852941176,1153.9358947212204,1175.4473876953125,84300,0.0,0.0
2006-06-12 00:00:00+09:00,1160.081898813159,1192.3490764122364,1152.3991999670504,1183.1298828125,104400,0.0,0.0
2006-06-13 00:00:00+09:00,1167.7646835350931,1190.812671450516,1138.570603021892,1173.910888671875,78600,0.0,0.0
2006-06-14 00:00:00+09:00,1193.8857637845554,1220.0068540444513,1157.0089834359976,1198.495361328125,51600,0.0,0.0
2006-06-15 00:00:00+09:00,1218.4701388760598,1218.4701388760598,1161.6184783734266,1176.9837646484375,73500,0.0,0.0
2006-06-16 00:00:00+09:00,1213.8604469912198,1213.8604469912198,1193.8855651389551,1207.71435546875,117900,0.0,0.0
2006-06-19 00:00:00+09:00,1200.0319746811142,1212.3242735226115,1184.6666855335027,1196.958984375,63600,0.0,0.0
2006-06-20 00:00:00+09:00,1180.0569711538462,1213.8606489603567,1155.4724884344753,1198.495361328125,326700,0.0,0.0
2006-06-21 00:00:00+09:00,1229.2261188157274,1296.8334782613715,1167.7647397245853,1213.8607177734375,418800,0.0,0.0
2006-06-22 00:00:00+09:00,1229.2260821799614,1259.9566582706316,1215.397289177458,1232.299072265625,165900,0.0,0.0
2006-06-23 00:00:00+09:00,1233.83544761105,1233.83544761105,1180.0567807662596,1183.1298828125,136500,0.0,0.0
2006-06-26 00:00:00+09:00,1183.1301026171684,1200.0318856640815,1150.8629190234185,1152.3994140625,239100,0.0,0.0
2006-06-27 00:00:00+09:00,1152.3993179733907,1158.54541015625,1137.034031246744,1158.54541015625,175800,0.0,0.0
2006-06-28 00:00:00+09:00,1123.205265480785,1141.6436549959883,1121.6686579951859,1137.0340576171875,104400,0.0,0.0
2006-06-29 00:00:00+09:00,1144.7167137890817,1173.9109073046684,1126.2783231640817,1152.3994140625,210900,0.0,0.0
2006-06-30 00:00:00+09:00,1196.9589417619059,1221.5434260306517,1166.2282520217166,1187.73974609375,230100,0.0,0.0
2006-07-03 00:00:00+09:00,1183.1298506071169,1210.787430653473,1178.520253932724,1201.5682373046875,27900,0.0,0.0
2006-07-04 00:00:00+09:00,1235.3721193291506,1235.3721193291506,1190.8126397010442,1193.8857421875,37200,0.0,0.0
2006-07-05 00:00:00+09:00,1153.935955682536,1183.1301503766053,1152.3994605814307,1163.1551513671875,23100,0.0,0.0
2006-07-06 00:00:00+09:00,1195.4221531940473,1195.4221531940473,1144.71658469362,1176.9837646484375,37200,0.0,0.0
2006-07-07 00:00:00+09:00,1167.764787782271,1195.4223757497907,1167.764787782271,1170.837890625,27900,0.0,0.0
2006-07-10 00:00:00+09:00,1170.8377725811768,1181.5934626378194,1149.3262799288893,1172.374267578125,61200,0.0,0.0
2006-07-11 00:00:00+09:00,1186.2030029296875,1187.739610391492,1152.3993268549416,1186.2030029296875,42300,0.0,0.0
2006-07-12 00:00:00+09:00,1200.0315936046954,1235.3718712146238,1190.8124005359296,1195.4219970703125,56700,0.0,0.0
2006-07-13 00:00:00+09:00,1167.7647471200726,1203.10503469434,1167.7647471200726,1187.73974609375,24000,0.0,0.0
2006-07-14 00:00:00+09:00,1170.8375871665232,1195.4220659194923,1144.716501120942,1183.1298828125,79800,0.0,0.0
2006-07-18 00:00:00+09:00,1235.372021855548,1235.372021855548,1146.2531821700104,1149.326171875,114600,0.0,0.0
2006-07-19 00:00:00+09:00,1149.3262021234814,1175.4472905373086,1129.351318359375,1129.351318359375,39300,0.0,0.0
2006-07-20 00:00:00+09:00,1138.5705432775756,1140.1070382116445,1084.7918701171875,1084.7918701171875,126900,0.0,0.0
2006-07-21 00:00:00+09:00,1084.7918931872314,1084.7918931872314,1037.159423828125,1037.159423828125,112200,0.0,0.0
2006-07-24 00:00:00+09:00,1037.1595669636683,1041.7691650390625,1014.111576586698,1041.7691650390625,68700,0.0,0.0
2006-07-25 00:00:00+09:00,1046.3785619903028,1060.2073535584568,1041.7689648009184,1050.9881591796875,42900,0.0,0.0
2006-07-26 00:00:00+09:00,1050.9882597398127,1069.426650261564,1037.1594668484995,1046.378662109375,117300,0.0,0.0
2006-07-27 00:00:00+09:00,1032.5498692180618,1052.5247547702907,1027.940271587624,1046.378662109375,90900,0.0,0.0
2006-07-28 00:00:00+09:00,1044.8419906070847,1060.2072759337084,1018.7209042667372,1021.7940063476562,84600,0.0,0.0
2006-07-31 00:00:00+09:00,1037.1596488534578,1037.1596488534578,1006.428955078125,1006.428955078125,36600,0.0,0.0
2006-08-01 00:00:00+09:00,1006.4287711229296,1014.1114712972739,951.1135999612601,952.6502075195312,90300,0.0,0.0
2006-08-02 00:00:00+09:00,952.6502168020271,968.0155047614292,934.2117699656403,941.8944702148438,245100,0.0,0.0
2006-08-03 00:00:00+09:00,938.8213342882806,943.4309317664056,874.2869695945313,883.5061645507812,375000,0.0,0.0
2006-08-04 00:00:00+09:00,883.5061258275338,914.2368118478031,883.5061258275338,900.4080200195312,315300,0.0,0.0
2006-08-07 00:00:00+09:00,900.407940087563,909.6271338213281,846.6292724609375,846.6292724609375,314100,0.0,0.0
2006-08-08 00:00:00+09:00,831.2640516384055,874.2869215573728,829.727500473622,860.4581298828125,160200,0.0,0.0
2006-08-09 00:00:00+09:00,855.8485796820316,885.0427157999898,855.8485796820316,883.5061645507812,103500,0.0,0.0
2006-08-10 00:00:00+09:00,888.1156306552043,920.3828082289858,883.5060338589498,918.8463134765625,151500,0.0,0.0
2006-08-11 00:00:00+09:00,911.1637181099583,937.2848071014224,906.5541207902291,915.7733154296875,74700,0.0,0.0
2006-08-14 00:00:00+09:00,908.0906719866384,915.7733154296875,903.4810746669093,915.7733154296875,36600,0.0,0.0
2006-08-16 00:00:00+09:00,920.3828865255391,920.3828865255391,898.8714517362141,909.627197265625,68700,0.0,0.0
2006-08-17 00:00:00+09:00,906.5541075468367,915.7733020516164,877.3600291280328,886.5792236328125,93600,0.0,0.0
2006-08-18 00:00:00+09:00,888.1158044550999,912.7003442693616,878.8966090584397,905.0177001953125,187800,0.0,0.0
2006-08-21 00:00:00+09:00,908.0907465710314,926.5291373643519,898.8715511743712,905.0177001953125,120900,0.0,0.0
2006-08-22 00:00:00+09:00,906.5541596117023,931.1386984595438,894.2619183225321,923.4560546875,105600,0.0,0.0
2006-08-23 00:00:00+09:00,931.1386984595438,940.3578934937966,914.236859653247,923.4560546875,73800,0.0,0.0
2006-08-24 00:00:00+09:00,921.9193346464938,921.9193346464938,891.1887089147742,901.9443969726562,66900,0.0,0.0
2006-08-25 00:00:00+09:00,914.2369325355882,934.2118191891865,894.2619896124845,926.5291748046875,148500,0.0,0.0
2006-08-28 00:00:00+09:00,921.9194858031511,931.1386806611825,914.2368421779581,920.3829345703125,70800,0.0,0.0
2006-08-29 00:00:00+09:00,914.2369719832278,946.5041022981927,914.2369719832278,921.9196166992188,110700,0.0,0.0
2006-08-30 00:00:00+09:00,923.4558535189453,958.7960746951219,923.4558535189453,944.96728515625,181200,0.0,0.0
2006-08-31 00:00:00+09:00,966.4789030142057,983.3806841416499,946.5039070796006,958.7962036132812,286200,0.0,0.0
2006-09-01 00:00:00+09:00,960.3325693531152,966.4787730630433,938.8211377158107,944.96728515625,255300,0.0,0.0
2006-09-04 00:00:00+09:00,949.5771123976934,969.5519979610187,949.5771123976934,968.0155029296875,224400,0.0,0.0
2006-09-05 00:00:00+09:00,991.0633918080493,1101.6937239168549,983.3806923430511,1049.45166015625,1513800,0.0,0.0
2006-09-06 00:00:00+09:00,1054.0612656316264,1083.2553437662289,1037.1593716910702,1052.524658203125,561600,0.0,0.0
2006-09-07 00:00:00+09:00,1052.5246708856105,1052.5246708856105,1007.9653057020314,1029.4766845703125,292500,0.0,0.0
2006-09-08 00:00:00+09:00,1029.476823986601,1043.305617648536,1018.7211330958775,1032.5499267578125,189900,0.0,0.0
2006-09-11 00:00:00+09:00,1034.0863468861035,1070.9631273104399,1017.1845642176177,1043.3055419921875,635400,0.0,0.0
2006-09-12 00:00:00+09:00,1055.5978277033025,1069.426620205966,1014.1114501953125,1014.1114501953125,438600,0.0,0.0
2006-09-13 00:00:00+09:00,1018.7211059007776,1047.915187561402,1000.28271484375,1000.28271484375,431100,0.0,0.0
2006-09-14 00:00:00+09:00,992.6000327010835,1014.1115268441134,983.3808370025006,991.0635375976562,468000,0.0,0.0
2006-09-15 00:00:00+09:00,991.06349109468,1004.8922839936755,957.2598126323592,968.0155029296875,730800,0.0,0.0
2006-09-18 00:00:00+09:00,975.6981988936109,1060.2074509490087,975.6981988936109,1044.8421630859375,1843500,0.0,0.0
2006-09-19 00:00:00+09:00,1052.5245443527133,1115.5224035540198,1029.476560808209,1078.6456298828125,1536600,0.0,0.0
2006-09-20 00:00:00+09:00,1083.255398220486,1083.255398220486,1031.0133314221434,1037.159423828125,795000,0.0,0.0
2006-09-21 00:00:00+09:00,1058.67097078138,1098.6207422938055,1040.2325800713356,1075.57275390625,1753500,0.0,0.0
2006-09-22 00:00:00+09:00,1086.3284740322833,1216.9336940923242,1077.1092793800688,1160.08203125,4737300,0.0,0.0
2006-09-25 00:00:00+09:00,1183.130076947733,1220.0068573976469,1113.9861136041447,1121.668701171875,1774500,0.0,0.0
2006-09-26 00:00:00+09:00,1123.2052237443645,1141.643612574428,1052.524658203125,1052.524658203125,1299600,0.0,0.0
2006-09-27 00:00:00+09:00,1055.597597635594,1101.693562597847,1043.3053027993342,1094.0108642578125,1534800,0.0,0.0
2006-09-28 00:00:00+09:00,1098.62065307214,1101.6937554539084,1054.061287500978,1057.13427734375,940500,0.0,0.0
2006-09-29 00:00:00+09:00,1054.0612435698758,1072.4996320140194,1041.7689470941161,1047.9150390625,784200,0.0,0.0
2006-10-02 00:00:00+09:00,1041.7689645763303,1041.7689645763303,903.4810489246049,909.627197265625,1834500,0.0,0.0
2006-10-04 00:00:00+09:00,898.87145944791,924.9924916497262,851.2389360027182,872.7504272460938,1079100,0.0,0.0
2006-10-09 00:00:00+09:00,860.4581164337185,878.8965050449375,742.1451416015625,742.1451416015625,1251000,0.0,0.0
2006-10-10 00:00:00+09:00,742.145180588036,798.9969005490025,742.145180588036,775.9489135742188,669600,0.0,0.0
2006-10-11 00:00:00+09:00,775.9488465826953,818.9717143749139,745.2181624231168,812.8256225585938,705000,0.0,0.0
2006-10-12 00:00:00+09:00,798.9968746132079,837.4101474779359,798.9968746132079,822.0448608398438,667200,0.0,0.0
2006-10-13 00:00:00+09:00,832.8005454404044,845.0928422035414,805.1429621275921,808.216064453125,573300,0.0,0.0
2006-10-16 00:00:00+09:00,817.4352933664825,848.1659240314106,808.2160985400541,842.019775390625,706800,0.0,0.0
2006-10-17 00:00:00+09:00,842.019693673553,842.019693673553,788.2410811617084,798.996826171875,487800,0.0,0.0
2006-10-18 00:00:00+09:00,788.2412226487526,808.21616517608,782.0950735012277,803.6065673828125,298500,0.0,0.0
2006-10-19 00:00:00+09:00,814.3621612513,838.9466986495441,798.9968746132079,822.0448608398438,480600,0.0,0.0
2006-10-20 00:00:00+09:00,838.9467292049821,874.2869572831244,834.337131791768,842.019775390625,640200,0.0,0.0
2006-10-23 00:00:00+09:00,854.3120505062492,854.3120505062492,835.8736613317942,837.41015625,371400,0.0,0.0
2006-10-24 00:00:00+09:00,851.2390682643925,855.8486662085489,829.7276299481642,835.873779296875,289800,0.0,0.0
2006-10-25 00:00:00+09:00,831.2641813527185,845.0929751851879,822.0449854644056,835.873779296875,159600,0.0,0.0
2006-10-26 00:00:00+09:00,837.4101437585452,868.1408294372332,834.3370976984753,860.4581298828125,306300,0.0,0.0
2006-10-27 00:00:00+09:00,854.3121710735008,868.1409649059702,823.5814805994536,835.873779296875,231300,0.0,0.0
2006-10-30 00:00:00+09:00,829.7275751287287,829.7275751287287,808.216138233744,811.2891845703125,211800,0.0,0.0
2006-10-31 00:00:00+09:00,811.2889766451545,829.727362477999,811.2889766451545,818.9716186523438,171300,0.0,0.0
2006-11-01 00:00:00+09:00,823.5813643691587,846.6293508372274,820.508318263249,837.41015625,177000,0.0,0.0
2006-11-02 00:00:00+09:00,838.9466631762257,849.7024083837013,828.19091796875,828.19091796875,195000,0.0,0.0
2006-11-03 00:00:00+09:00,835.8736613317942,837.41015625,826.6544667445667,837.41015625,141900,0.0,0.0
2006-11-06 00:00:00+09:00,845.0928427756203,845.0928427756203,823.5813515603171,834.3370971679688,192000,0.0,0.0
2006-11-07 00:00:00+09:00,846.6294693619875,895.7985515570091,834.3372269479852,875.8236083984375,556200,0.0,0.0
2006-11-08 00:00:00+09:00,875.8234907629809,883.5061342061566,852.7755041639551,863.53125,312600,0.0,0.0
2006-11-09 00:00:00+09:00,863.5313659844351,880.4332063373766,863.5313659844351,875.8236083984375,174900,0.0,0.0
2006-11-10 00:00:00+09:00,875.8235743521939,885.0427698716907,857.3851833132003,868.1409301757812,246600,0.0,0.0
2006-11-13 00:00:00+09:00,868.1406995170095,891.1886821920673,852.7753589771412,871.2137451171875,378300,0.0,0.0
2006-11-14 00:00:00+09:00,883.5061258275338,912.7002606659403,880.433079733306,900.4080200195312,397200,0.0,0.0
2006-11-15 00:00:00+09:00,897.3350092986964,914.2369052168481,883.5062160581197,894.261962890625,340800,0.0,0.0
2006-11-16 00:00:00+09:00,898.8714468981275,914.2367895332268,888.1157014266082,895.7984008789062,371100,0.0,0.0
2006-11-17 00:00:00+09:00,900.4078569397501,931.1384811246622,888.115562250195,892.7251586914062,460500,0.0,0.0
2006-11-20 00:00:00+09:00,892.7253954546766,898.8715444294988,868.1409120943929,877.360107421875,206700,0.0,0.0
2006-11-21 00:00:00+09:00,877.3600550789109,889.6522960257023,866.6043090820312,866.6043090820312,189600,0.0,0.0
2006-11-22 00:00:00+09:00,866.6044125205592,906.5542425681964,861.9948145816201,875.8236083984375,380700,0.0,0.0
2006-11-23 00:00:00+09:00,869.6773552513544,883.5061474175569,865.06775786262,866.6043090820312,180300,0.0,0.0
2006-11-24 00:00:00+09:00,866.6044435880831,872.7505931501751,857.3852473796993,869.677490234375,171900,0.0,0.0
2006-11-27 00:00:00+09:00,871.2139514841376,871.2139514841376,837.4102167970354,849.7025146484375,372600,0.0,0.0
2006-11-28 00:00:00+09:00,837.41015625,843.5563047313177,812.8256748637255,837.41015625,337200,0.0,0.0
2006-11-29 00:00:00+09:00,838.9467828131629,852.7755759364569,823.5814383641131,826.654541015625,198600,0.0,0.0
2006-11-30 00:00:00+09:00,831.264208197885,863.5313948490292,829.7276567437087,855.8486938476562,231600,0.0,0.0
2006-12-01 00:00:00+09:00,855.848620104528,863.5313204439307,843.556378338788,852.7755737304688,97800,0.0,0.0
2006-12-04 00:00:00+09:00,860.4581476071309,886.5792365990258,849.7024580405845,863.53125,297300,0.0,0.0
2006-12-05 00:00:00+09:00,860.4581298828125,871.213875497303,842.0197409833986,860.4581298828125,175500,0.0,0.0
2006-12-06 00:00:00+09:00,846.6292724609375,861.9946141070437,831.2639870843242,846.6292724609375,119700,0.0,0.0
2006-12-07 00:00:00+09:00,834.3371101440902,846.6293508372274,831.2640640381804,837.41015625,123300,0.0,0.0
2006-12-08 00:00:00+09:00,831.2640553304981,852.7754903855256,814.3621612513,822.0448608398438,135900,0.0,0.0
2006-12-11 00:00:00+09:00,822.0449346075469,832.8006249654934,811.2891879800977,825.1179809570312,103500,0.0,0.0
2006-12-12 00:00:00+09:00,815.8986537690796,826.6543986581265,783.6314753714324,797.4602661132812,126900,0.0,0.0
2006-12-13 00:00:00+09:00,791.3141124379723,809.7524999609502,779.021872845818,783.6314697265625,160800,0.0,0.0
2006-12-14 00:00:00+09:00,783.6317053206277,786.7047520751856,771.339462032886,782.0951538085938,178200,0.0,0.0
2006-12-15 00:00:00+09:00,788.2410501879315,795.9236927393088,783.6314534032067,792.8506469726562,101400,0.0,0.0
2006-12-18 00:00:00+09:00,795.9237976759415,805.1429924608732,792.8507515041307,802.0699462890625,86700,0.0,0.0
2006-12-19 00:00:00+09:00,797.4604041324349,835.8737371535042,795.9238528053511,814.3622436523438,221700,0.0,0.0
2006-12-20 00:00:00+09:00,815.8987733879022,822.0449222640857,800.5334293321944,809.7526245117188,75900,0.0,0.0
2006-12-21 00:00:00+09:00,808.216020103591,820.508259922714,785.1680352743011,798.996826171875,80100,0.0,0.0
2006-12-22 00:00:00+09:00,789.7777140163248,806.6795525513774,779.0219678924731,791.314208984375,102600,0.0,0.0
2006-12-26 00:00:00+09:00,777.4853996540287,788.2411455426898,768.2662049693189,774.412353515625,175800,0.0,0.0
2006-12-27 00:00:00+09:00,782.0950618812913,788.2412109375,769.8028200383773,788.2412109375,15600,0.0,0.0
2006-12-28 00:00:00+09:00,797.4603091872734,798.9968603314163,775.9488745167553,780.5584716796875,173700,0.0,0.0
2007-01-02 00:00:00+09:00,791.3142690877628,811.2892116150903,782.0950735012277,803.6065673828125,137700,0.0,0.0
2007-01-03 00:00:00+09:00,814.3622376394469,861.9947657323146,806.6795935997596,838.94677734375,451200,0.0,0.0
2007-01-04 00:00:00+09:00,834.3370661258068,857.3850513779009,825.1178720249692,828.19091796875,133200,0.0,0.0
2007-01-05 00:00:00+09:00,829.7275517194702,849.7024930173651,812.8257129409442,845.0928955078125,215700,0.0,0.0
2007-01-08 00:00:00+09:00,843.5562602266444,855.8485002712629,823.5813209183311,828.19091796875,171900,0.0,0.0
2007-01-09 00:00:00+09:00,823.5814296475378,835.8737275844804,811.2891879800977,825.1179809570312,110400,0.0,0.0
2007-01-10 00:00:00+09:00,829.7274385340073,829.7274385340073,777.4853217957389,783.6314697265625,371400,0.0,0.0
2007-01-11 00:00:00+09:00,785.1680207766417,792.8506634880515,780.5584238958972,783.6314697265625,158400,0.0,0.0
2007-01-12 00:00:00+09:00,795.9237580431305,795.9237580431305,777.4853693914016,780.5584716796875,195000,0.0,0.0
2007-01-15 00:00:00+09:00,780.558515649074,783.6315618409701,750.5961324022135,751.3643798828125,679200,0.0,0.0
2007-01-16 00:00:00+09:00,752.9009222494342,759.047014560867,745.986526196948,749.8278198242188,252600,0.0,0.0
2007-01-17 00:00:00+09:00,751.3642068268161,758.2786013681672,716.0239868164062,716.0239868164062,402600,0.0,0.0
2007-01-18 00:00:00+09:00,708.3414035703905,729.0845905582712,685.2934180283008,689.9030151367188,680100,0.0,0.0
2007-01-19 00:00:00+09:00,676.8425711237201,686.0617659346243,644.5753892855552,646.8801879882812,542100,0.0,0.0
2007-01-22 00:00:00+09:00,637.6609567453552,660.7089424557957,633.051359603267,652.2579956054688,512100,0.0,0.0
2007-01-23 00:00:00+09:00,641.5022936255633,658.4041884707854,623.0639038085938,623.0639038085938,285000,0.0,0.0
2007-01-24 00:00:00+09:00,616.1494797473802,634.5878687300399,616.1494797473802,629.978271484375,273300,0.0,0.0
2007-01-25 00:00:00+09:00,629.9783019687981,651.4897943358328,629.9783019687981,636.1244506835938,193200,0.0,0.0
2007-01-26 00:00:00+09:00,629.9783019687981,643.0388468866763,629.9783019687981,636.1244506835938,123900,0.0,0.0
2007-01-29 00:00:00+09:00,637.6610252976078,649.1850193917242,614.613037109375,614.613037109375,203100,0.0,0.0
2007-01-30 00:00:00+09:00,609.2351828613619,614.6130847013841,584.6506977365711,585.4189453125,424200,0.0,0.0
2007-01-31 00:00:00+09:00,597.7111690349531,606.930364733536,583.8823754870788,594.6381225585938,344400,0.0,0.0
2007-02-01 00:00:00+09:00,596.9428690662858,609.2351101618586,594.6380703440221,596.1746215820312,240900,0.0,0.0
2007-02-02 00:00:00+09:00,602.3207723796864,633.0514625016793,600.7842772622407,622.2957153320312,339900,0.0,0.0
2007-02-05 00:00:00+09:00,628.4416910687277,628.4416910687277,615.3811485600207,624.600341796875,201000,0.0,0.0
2007-02-06 00:00:00+09:00,626.1369912298873,626.1369912298873,616.1494928062696,619.2225952148438,87600,0.0,0.0
2007-02-07 00:00:00+09:00,617.686054841829,626.137002209349,616.1495036105982,621.5274047851562,111300,0.0,0.0
2007-02-08 00:00:00+09:00,622.2956582774286,640.7340481523155,621.5274107891419,636.1244506835938,125700,0.0,0.0
2007-02-09 00:00:00+09:00,639.9657430073077,639.9657430073077,623.8321533203125,623.8321533203125,111000,0.0,0.0
2007-02-12 00:00:00+09:00,623.8322378069818,629.2100830078125,618.4543363366481,629.2100830078125,112800,0.0,0.0
2007-02-13 00:00:00+09:00,628.4418819355541,659.1725166352401,623.8322839171258,653.0263671875,306000,0.0,0.0
2007-02-14 00:00:00+09:00,654.5629253221473,663.7821214534451,645.3437291908494,653.794677734375,234900,0.0,0.0
2007-02-15 00:00:00+09:00,667.6233798874555,703.7318555771654,659.1724325090446,686.8300170898438,625200,0.0,0.0
2007-02-16 00:00:00+09:00,692.9760963906335,697.585693359375,672.2329100312968,697.585693359375,373200,0.0,0.0
2007-02-20 00:00:00+09:00,699.1223135161912,711.4146118164062,685.2935201305775,711.4146118164062,241500,0.0,0.0
2007-02-21 00:00:00+09:00,701.427091230785,723.7068319912631,691.439648399296,706.8049926757812,510900,0.0,0.0
2007-02-22 00:00:00+09:00,699.8904663689191,714.487504148795,697.5856679684391,705.268310546875,401700,0.0,0.0
2007-02-23 00:00:00+09:00,700.6588437112866,714.4876366792726,695.280998535793,706.8049926757812,174300,0.0,0.0
2007-02-26 00:00:00+09:00,699.1222924027873,712.9510853707732,699.1222924027873,706.8049926757812,242700,0.0,0.0
2007-02-27 00:00:00+09:00,702.1954286502349,719.0972687752015,701.4271248244373,714.4876708984375,278700,0.0,0.0
2007-02-28 00:00:00+09:00,691.4396917704984,716.79248046875,691.4396917704984,716.79248046875,405300,0.0,0.0
2007-03-01 00:00:00+09:00,716.79248046875,716.79248046875,716.79248046875,716.79248046875,0,0.0,0.0
2007-03-05 00:00:00+09:00,759.81527959274,766.7296752929688,737.5355413577266,766.7296752929688,403800,0.0,0.0
2007-03-06 00:00:00+09:00,766.7296332536638,802.0698572495404,762.1200363729193,783.6314697265625,733200,0.0,0.0
2007-03-07 00:00:00+09:00,772.8758328762109,794.3873255042373,762.1201428316987,768.2662353515625,623400,0.0,0.0
2007-03-08 00:00:00+09:00,768.2660772622851,769.8026282108192,740.608497805609,760.5834350585938,441900,0.0,0.0
2007-03-09 00:00:00+09:00,755.2057386797273,760.5835836459765,745.2182399673354,752.9009399414062,445200,0.0,0.0
2007-03-12 00:00:00+09:00,767.4981079101562,767.4981079101562,748.2914673095486,767.4981079101562,188700,0.0,0.0
2007-03-13 00:00:00+09:00,768.2662136051072,775.9489134417229,751.3643752496516,763.6566162109375,234300,0.0,0.0
2007-03-14 00:00:00+09:00,745.2182312295207,757.5105285361044,740.6086338069267,751.3643798828125,80700,0.0,0.0
2007-03-15 00:00:00+09:00,752.9009371587017,765.96142578125,740.6086397534208,765.96142578125,189300,0.0,0.0
2007-03-16 00:00:00+09:00,768.266305269576,835.873779296875,760.5836607858173,835.873779296875,939000,0.0,0.0
2007-03-19 00:00:00+09:00,843.556344248128,863.5312855460229,829.7275517194702,845.0928955078125,506700,0.0,0.0
2007-03-20 00:00:00+09:00,863.5312322123797,868.1408294372332,834.3370976984753,860.4581298828125,380100,0.0,0.0
2007-03-21 00:00:00+09:00,854.3120847023235,883.5061645507812,845.0928897460736,883.5061645507812,363300,0.0,0.0
2007-03-22 00:00:00+09:00,895.7984723208136,989.5269742118305,877.3600821959907,951.1135864257812,1617600,0.0,0.0
2007-03-23 00:00:00+09:00,935.7483212693814,949.5771141945447,911.1637817570348,941.8944702148438,620700,0.0,0.0
2007-03-26 00:00:00+09:00,937.2848293230369,937.2848293230369,903.4810960870881,920.3829345703125,392700,0.0,0.0
2007-03-27 00:00:00+09:00,901.9444787697134,903.4810298899705,854.3120130061986,880.4330444335938,749100,0.0,0.0
2007-03-28 00:00:00+09:00,861.9947810729487,875.8235743521939,846.6294364506194,868.1409301757812,552300,0.0,0.0
2007-03-29 00:00:00+09:00,855.848532657959,866.6042782724495,842.0197409833986,860.4581298828125,335100,0.0,0.0
2007-03-30 00:00:00+09:00,858.9217346562845,880.4331721119423,852.775585553452,868.1409301757812,455700,0.0,0.0
2007-04-02 00:00:00+09:00,868.141022805495,869.6775180430176,852.7756765436998,861.994873046875,364800,0.0,0.0
2007-04-03 00:00:00+09:00,860.4582901627682,921.9196166992188,860.4582901627682,921.9196166992188,679800,0.0,0.0
2007-04-04 00:00:00+09:00,921.9194195643418,921.9194195643418,894.2618369774115,906.5540771484375,354900,0.0,0.0
2007-04-05 00:00:00+09:00,914.2367764911376,915.7732713440809,897.334882952794,906.5540771484375,267000,0.0,0.0
2007-04-06 00:00:00+09:00,906.5542291670699,912.7003784179688,898.8715848055753,912.7003784179688,353700,0.0,0.0
2007-04-09 00:00:00+09:00,921.9195071977557,952.6501949506817,920.3829559292591,937.2848510742188,566100,0.0,0.0
2007-04-10 00:00:00+09:00,937.2848707995315,972.6251005626859,937.2848707995315,968.0155029296875,639900,0.0,0.0
2007-04-11 00:00:00+09:00,968.0156690469989,981.844464319099,952.6503784798958,964.9425659179688,564600,0.0,0.0
2007-04-12 00:00:00+09:00,944.967507345187,960.3327951548716,938.8213584596119,952.6502075195312,490800,0.0,0.0
2007-04-13 00:00:00+09:00,954.1864211725778,997.2092818767086,954.1864211725778,983.3804931640625,808200,0.0,0.0
2007-04-16 00:00:00+09:00,1000.2826497602671,1027.9402345462652,986.4538573672679,998.7461547851562,770700,0.0,0.0
2007-04-17 00:00:00+09:00,1009.5019031541786,1009.5019031541786,978.7712140991921,984.9174194335938,474900,0.0,0.0
2007-04-18 00:00:00+09:00,983.3806812979708,1007.9652742942399,975.6980944582549,997.20947265625,252000,0.0,0.0
2007-04-19 00:00:00+09:00,1001.8190697756764,1026.4036627719454,978.7710841785444,997.20947265625,247800,0.0,0.0
2007-04-20 00:00:00+09:00,986.4538573672679,1014.1114421532661,983.3807548780458,998.7461547851562,201600,0.0,0.0
2007-04-23 00:00:00+09:00,998.7460664491701,1006.4286531842239,960.332682617939,980.3076782226562,356400,0.0,0.0
2007-04-24 00:00:00+09:00,975.697915469939,978.7709046264995,935.748043583908,960.33251953125,530100,0.0,0.0
2007-04-25 00:00:00+09:00,980.3078013147093,980.3078013147093,944.9675152634017,955.7232055664062,292800,0.0,0.0
2007-04-26 00:00:00+09:00,955.7229232574377,969.5517120788747,948.0403378270648,960.33251953125,190500,0.0,0.0
2007-04-27 00:00:00+09:00,960.3327824846614,960.3327824846614,937.2848510742188,937.2848510742188,245700,0.0,0.0
2007-04-30 00:00:00+09:00,937.2849191520588,937.2849191520588,881.9697447024851,912.7003784179688,267900,0.0,0.0
2007-05-02 00:00:00+09:00,928.0657662337161,928.0657662337161,903.4812243652343,921.9196166992188,171600,0.0,0.0
2007-05-03 00:00:00+09:00,934.2118594987057,934.2118594987057,908.0908224487305,921.9196166992188,224400,0.0,0.0
2007-05-04 00:00:00+09:00,923.4560706499273,960.3327951548716,908.0907265707407,952.6502075195312,338700,0.0,0.0
2007-05-07 00:00:00+09:00,974.1611844033072,1006.4283542144148,971.0881956377447,995.6726684570312,431400,0.0,0.0
2007-05-08 00:00:00+09:00,1012.5751613566063,1021.7943582353037,983.3809628813815,1006.428955078125,245700,0.0,0.0
2007-05-09 00:00:00+09:00,1006.428946417346,1006.428946417346,983.380954418941,989.5271606445312,234000,0.0,0.0
2007-05-10 00:00:00+09:00,983.3808380887583,1001.8192295062913,968.0155494204841,978.771240234375,243600,0.0,0.0
2007-05-11 00:00:00+09:00,978.7711711456789,986.4538712070208,952.65019350732,975.6981811523438,257400,0.0,0.0
2007-05-14 00:00:00+09:00,983.3806933755174,1000.2825872006616,949.5770182642225,974.1614990234375,205800,0.0,0.0
2007-05-15 00:00:00+09:00,981.844295828683,981.844295828683,948.0406173663621,968.0155029296875,196800,0.0,0.0
2007-05-16 00:00:00+09:00,968.0155396692961,968.0155396692961,937.2849063728041,949.5771484375,132600,0.0,0.0
2007-05-17 00:00:00+09:00,940.3578973417109,955.7231849486726,926.5291047337445,937.2848510742188,147000,0.0,0.0
2007-05-18 00:00:00+09:00,924.9925712321049,944.9675130282267,889.6523415338914,928.065673828125,252600,0.0,0.0
2007-05-21 00:00:00+09:00,921.9195249055871,941.8944667017089,920.382973607577,928.065673828125,116700,0.0,0.0
2007-05-22 00:00:00+09:00,935.7481081314083,937.284659085165,881.9694999838009,911.16357421875,375900,0.0,0.0
2007-05-23 00:00:00+09:00,897.3349800883599,952.6502075195312,886.579289875481,952.6502075195312,406500,0.0,0.0
2007-05-25 00:00:00+09:00,952.6502075195312,960.3327951548716,941.8944610371504,952.6502075195312,174000,0.0,0.0
2007-05-28 00:00:00+09:00,952.6501116159371,966.4789030142057,948.040514483181,958.7962036132812,240600,0.0,0.0
2007-05-29 00:00:00+09:00,968.0155396692961,968.0155396692961,934.2118036545018,949.5771484375,215400,0.0,0.0
2007-05-30 00:00:00+09:00,949.5768816692073,960.3325693531152,926.5288991044207,944.96728515625,137400,0.0,0.0
2007-05-31 00:00:00+09:00,931.13868070069,951.1135653809392,921.9194858422674,932.6752319335938,306000,0.0,0.0
2007-06-01 00:00:00+09:00,937.2848654754795,937.2848654754795,906.5541772503805,914.2368774414062,300900,0.0,0.0
2007-06-04 00:00:00+09:00,914.2368955919727,928.065688686963,883.5062067567699,905.0177001953125,268500,0.0,0.0
2007-06-05 00:00:00+09:00,905.0175411445322,905.0175411445322,868.1407660387379,885.0426025390625,242400,0.0,0.0
2007-06-07 00:00:00+09:00,865.0678094722305,892.7253954546766,854.3121191031698,877.360107421875,311400,0.0,0.0
2007-06-08 00:00:00+09:00,892.7252780563417,918.8463655621412,875.8234409351444,917.309814453125,355500,0.0,0.0
2007-06-11 00:00:00+09:00,951.1135999612601,980.307793100366,937.2848634403446,952.6502075195312,375300,0.0,0.0
2007-06-12 00:00:00+09:00,941.8945198431908,958.7963599968906,923.456128304789,926.5291748046875,152100,0.0,0.0
2007-06-13 00:00:00+09:00,920.3829171330385,937.2848115655452,903.4810789700308,929.6021118164062,169500,0.0,0.0
2007-06-14 00:00:00+09:00,923.4560584662523,944.9674948776997,923.4560584662523,937.2848510742188,166500,0.0,0.0
2007-06-15 00:00:00+09:00,946.5041722218353,987.9905580381353,944.9676769268323,964.9425659179688,479100,0.0,0.0
2007-06-18 00:00:00+09:00,992.5998662443998,998.7460707054241,971.0884882477877,981.8441772460938,440400,0.0,0.0
2007-06-19 00:00:00+09:00,995.6730846149842,995.6730846149842,954.1867060893599,966.47900390625,300600,0.0,0.0
2007-06-20 00:00:00+09:00,972.6250161738099,972.6250161738099,924.9924926757812,924.9924926757812,284400,0.0,0.0
2007-06-21 00:00:00+09:00,924.9924717391578,952.6501107809494,921.9194257431793,946.50390625,189000,0.0,0.0
2007-06-22 00:00:00+09:00,960.3328652983374,1087.8651123046875,960.3328652983374,1087.8651123046875,2290800,0.0,0.0
2007-06-25 00:00:00+09:00,1106.3033978081194,1223.0798300637537,1057.1343203925358,1090.9381103515625,2339100,0.0,0.0
2007-06-26 00:00:00+09:00,1104.7669475564908,1121.6687306813608,1040.2325800713356,1075.57275390625,889500,0.0,0.0
2007-06-27 00:00:00+09:00,1083.2556332469449,1121.6689160618425,1000.2828613386682,1006.428955078125,1240800,0.0,0.0
2007-06-28 00:00:00+09:00,1014.1114066939742,1057.13427734375,983.3807204932792,1057.13427734375,752100,0.0,0.0
2007-06-29 00:00:00+09:00,1057.134308551815,1066.353503430287,1029.4767239163982,1037.159423828125,310800,0.0,0.0
2007-07-02 00:00:00+09:00,1021.7940339690265,1050.9881106404882,1021.7940339690265,1040.232421875,218400,0.0,0.0
2007-07-03 00:00:00+09:00,1052.5247111125786,1070.9631008695233,1018.7210340711805,1037.159423828125,358500,0.0,0.0
2007-07-04 00:00:00+09:00,1047.9151136733426,1047.9151136733426,1017.1845391044352,1037.159423828125,227700,0.0,0.0
2007-07-05 00:00:00+09:00,1044.8422357717434,1124.7418957726431,1024.8672363672595,1087.8651123046875,915600,0.0,0.0
2007-07-06 00:00:00+09:00,1087.8650966026971,1120.1322816714212,1074.0363030018154,1110.9130859375,455700,0.0,0.0
2007-07-09 00:00:00+09:00,1150.8629088752334,1152.3994039007664,1080.1823370766504,1098.6207275390625,346500,0.0,0.0
2007-07-10 00:00:00+09:00,1090.937946815136,1195.4220659194923,1086.3283500152677,1183.1298828125,939900,0.0,0.0
2007-07-11 00:00:00+09:00,1184.6666415274333,1283.00469098947,1167.764745315595,1241.518310546875,1053900,0.0,0.0
2007-07-12 00:00:00+09:00,1259.9565917663529,1299.9064736223565,1229.2260172977342,1243.0548095703125,528300,0.0,0.0
2007-07-13 00:00:00+09:00,1256.8836018428908,1272.2488890772001,1203.1049277143088,1243.0548095703125,378600,0.0,0.0
2007-07-16 00:00:00+09:00,1243.0548095703125,1259.9565917663529,1152.3993560481886,1243.0548095703125,419100,0.0,0.0
2007-07-18 00:00:00+09:00,1250.737178286899,1259.9563715237534,1215.3970125716112,1249.20068359375,286800,0.0,0.0
2007-07-19 00:00:00+09:00,1238.4449824201274,1253.8102668042452,1216.9334942511791,1221.5430908203125,227100,0.0,0.0
2007-07-20 00:00:00+09:00,1233.8356645225272,1283.0046306724955,1210.7876764712905,1279.931640625,347100,0.0,0.0
2007-07-23 00:00:00+09:00,1279.9314989885108,1341.3927561442058,1261.4931105879032,1327.56396484375,555000,0.0,0.0
2007-07-24 00:00:00+09:00,1310.662065251531,1336.7831528782408,1272.248793773774,1301.44287109375,303600,0.0,0.0
2007-07-25 00:00:00+09:00,1261.493296179995,1301.4430685660989,1255.3470907828957,1290.6873779296875,218700,0.0,0.0
2007-07-26 00:00:00+09:00,1295.2968623989998,1304.5160571491706,1266.102783203125,1266.102783203125,259500,0.0,0.0
2007-07-27 00:00:00+09:00,1229.2263378580317,1252.2743309895009,1183.1303515950933,1206.1783447265625,333300,0.0,0.0
2007-07-30 00:00:00+09:00,1183.129920325496,1221.5431906960227,1176.9837160381403,1216.93359375,96900,0.0,0.0
2007-07-31 00:00:00+09:00,1229.2259184269162,1272.2487867459065,1229.2259184269162,1247.664306640625,177000,0.0,0.0
2007-08-01 00:00:00+09:00,1290.6872287861813,1336.7832012428305,1252.2739559186386,1259.95654296875,375300,0.0,0.0
2007-08-02 00:00:00+09:00,1298.3699283752878,1312.1987201122827,1232.2989594947603,1259.95654296875,239100,0.0,0.0
2007-08-03 00:00:00+09:00,1275.3221640137517,1290.687453326057,1236.9087719244665,1253.8106689453125,159000,0.0,0.0
2007-08-06 00:00:00+09:00,1253.8106264467592,1253.8106264467592,1203.105049641927,1244.5914306640625,275700,0.0,0.0
2007-08-07 00:00:00+09:00,1252.2738678522098,1302.9794339886444,1252.2738678522098,1292.2236328125,253200,0.0,0.0
2007-08-08 00:00:00+09:00,1293.7606333204633,1359.8315050945353,1293.7606333204633,1352.1488037109375,535200,0.0,0.0
2007-08-09 00:00:00+09:00,1382.879083806818,1398.2443694472313,1326.0274256522005,1369.05029296875,450900,0.0,0.0
2007-08-10 00:00:00+09:00,1336.7834009614162,1358.2948955013853,1286.0778236835692,1326.0277099609375,435900,0.0,0.0
2007-08-13 00:00:00+09:00,1326.0277099609375,1326.0277099609375,1326.0277099609375,1326.0277099609375,0,0.0,0.0
2007-08-14 00:00:00+09:00,1322.9544995015126,1350.6120848569449,1287.6142140343482,1302.9796142578125,219600,0.0,0.0
2007-08-16 00:00:00+09:00,1229.226251553098,1229.226251553098,1107.840087890625,1107.840087890625,427800,0.0,0.0
2007-08-17 00:00:00+09:00,1109.3767731682092,1147.790057526917,1058.6711882975424,1097.08447265625,258900,0.0,0.0
2007-08-20 00:00:00+09:00,1117.0591858473497,1164.6917724609375,1117.0591858473497,1164.6917724609375,318600,0.0,0.0
2007-08-21 00:00:00+09:00,1167.7647492095132,1169.3013568496283,1137.0341719533483,1163.1551513671875,128400,0.0,0.0
2007-08-22 00:00:00+09:00,1137.0340608570652,1198.4953219032045,1137.0340608570652,1190.8126220703125,277500,0.0,0.0
2007-08-23 00:00:00+09:00,1206.1780614137422,1224.616451588021,1176.983868611799,1198.495361328125,171900,0.0,0.0
2007-08-24 00:00:00+09:00,1212.3242343636448,1212.3242343636448,1169.3013586165948,1189.2762451171875,81000,0.0,0.0
2007-08-27 00:00:00+09:00,1198.4951679657324,1213.860453118965,1169.3010924128953,1183.1298828125,103500,0.0,0.0
2007-08-28 00:00:00+09:00,1184.6665788527378,1184.6665788527378,1141.643705590283,1173.910888671875,152100,0.0,0.0
2007-08-29 00:00:00+09:00,1098.6206327277544,1149.3262021234814,1097.0841378348214,1129.351318359375,246600,0.0,0.0
2007-08-30 00:00:00+09:00,1140.106904321074,1193.8855711658643,1137.033914813818,1183.1298828125,317700,0.0,0.0
2007-08-31 00:00:00+09:00,1183.1300620255527,1190.8126494963865,1152.399374525213,1169.30126953125,131400,0.0,0.0
2007-09-03 00:00:00+09:00,1173.9107306767596,1181.5933172552423,1152.3992406712339,1167.7645263671875,123600,0.0,0.0
2007-09-04 00:00:00+09:00,1169.3012836675816,1169.3012836675816,1127.8149056831223,1146.2532958984375,192900,0.0,0.0
2007-09-05 00:00:00+09:00,1135.4974932468351,1161.6185835648662,1135.4974932468351,1146.2532958984375,164700,0.0,0.0
2007-09-06 00:00:00+09:00,1129.351274152842,1144.7165600977073,1112.4493808361974,1120.132080078125,112200,0.0,0.0
2007-09-07 00:00:00+09:00,1121.668701171875,1135.4974938405926,1112.4495060593965,1121.668701171875,87900,0.0,0.0
2007-09-10 00:00:00+09:00,1118.5955473077825,1118.5955473077825,1075.572568058915,1086.328369140625,84000,0.0,0.0
2007-09-11 00:00:00+09:00,1098.6208033031705,1106.3035040386653,1055.5979267702264,1087.8651123046875,102300,0.0,0.0
2007-09-12 00:00:00+09:00,1090.9381398723935,1112.4495203858717,1075.5727394610471,1098.6207275390625,98700,0.0,0.0
2007-09-13 00:00:00+09:00,1075.572527897218,1106.303210136218,1064.8168397561099,1078.6456298828125,105300,0.0,0.0
2007-09-14 00:00:00+09:00,1078.6456364721425,1130.8876953125,1078.6456364721425,1130.8876953125,127800,0.0,0.0
2007-09-17 00:00:00+09:00,1137.0340398842725,1146.2532344980937,1112.449445888085,1133.9609375,73500,0.0,0.0
2007-09-18 00:00:00+09:00,1121.6687186905717,1129.3514189172963,1107.83992580587,1124.7418212890625,86700,0.0,0.0
2007-09-19 00:00:00+09:00,1137.0341013853408,1152.399389059804,1106.3034134974118,1121.668701171875,136500,0.0,0.0
2007-09-20 00:00:00+09:00,1109.3764250625752,1133.9609058332244,1072.4996476371043,1101.6937255859375,170100,0.0,0.0
2007-09-21 00:00:00+09:00,1101.6937255859375,1118.5956194189428,1075.5726373965647,1101.6937255859375,134400,0.0,0.0
2007-09-27 00:00:00+09:00,1101.69371764866,1126.2781982421875,1074.0361347788191,1126.2781982421875,191700,0.0,0.0
2007-09-28 00:00:00+09:00,1110.9129934003277,1144.7166707625793,1110.9129934003277,1143.18017578125,150300,0.0,0.0
2007-10-01 00:00:00+09:00,1144.716501120942,1187.739479612368,1144.716501120942,1183.1298828125,203100,0.0,0.0
2007-10-02 00:00:00+09:00,1189.2762451171875,1198.4954408157705,1157.0090601721477,1189.2762451171875,148800,0.0,0.0
2007-10-04 00:00:00+09:00,1178.5205049609185,1189.2761953125,1077.1093565234185,1152.3994140625,191100,0.0,0.0
2007-10-05 00:00:00+09:00,1137.0340439906215,1150.8628359612953,1115.5225523010188,1135.4974365234375,96900,0.0,0.0
2007-10-08 00:00:00+09:00,1133.961013438354,1133.961013438354,1074.0362444355142,1098.6207275390625,316500,0.0,0.0
2007-10-09 00:00:00+09:00,1080.182243856581,1129.351318359375,1075.5726466387875,1129.351318359375,218700,0.0,0.0
2007-10-10 00:00:00+09:00,1129.3513610241735,1212.3241140790105,1129.3513610241735,1190.8126220703125,786300,0.0,0.0
2007-10-11 00:00:00+09:00,1183.1301222577358,1275.3220769131697,1170.8378241240089,1235.3721923828125,525300,0.0,0.0
2007-10-12 00:00:00+09:00,1238.4453796330074,1273.7855563052108,1187.7398011094836,1253.8106689453125,241200,0.0,0.0
2007-10-15 00:00:00+09:00,1281.468195893488,1281.468195893488,1216.9338263161183,1241.518310546875,200100,0.0,0.0
2007-10-16 00:00:00+09:00,1198.495390625,1239.98176953125,1152.3994140625,1152.3994140625,279900,0.0,0.0
2007-10-17 00:00:00+09:00,1130.8880406932235,1180.0571250847609,1121.6688444034987,1178.5206298828125,144600,0.0,0.0
2007-10-18 00:00:00+09:00,1178.5204041459262,1244.5912607205626,1155.4724178362862,1233.8355712890625,291900,0.0,0.0
2007-10-19 00:00:00+09:00,1229.2260997143765,1382.8793199765457,1229.2260997143765,1339.8564453125,848100,0.0,0.0
2007-10-22 00:00:00+09:00,1261.4933618895363,1319.8815284302848,1236.9087640985763,1306.052734375,430500,0.0,0.0
2007-10-23 00:00:00+09:00,1336.783203125,1352.1484897858522,1283.0045310035246,1336.783203125,497100,0.0,0.0
2007-10-24 00:00:00+09:00,1336.7833557128906,1376.7332406380028,1252.2741006233543,1290.6873779296875,670800,0.0,0.0
2007-10-25 00:00:00+09:00,1302.9794712817513,1313.7351602267513,1238.4451125337705,1247.664306640625,165900,0.0,0.0
2007-10-26 00:00:00+09:00,1252.2739436248146,1304.5160077164812,1244.5912441111307,1283.0045166015625,201600,0.0,0.0
2007-10-29 00:00:00+09:00,1306.052734375,1342.929518522426,1290.6874451599106,1306.052734375,357000,0.0,0.0
2007-10-30 00:00:00+09:00,1313.7351109441186,1318.3447078246243,1264.5660400390625,1264.5660400390625,161400,0.0,0.0
2007-10-31 00:00:00+09:00,1256.8835212280992,1272.2488074769,1213.860539669069,1227.6893310546875,338400,0.0,0.0
2007-11-01 00:00:00+09:00,1227.6893711157527,1329.1005112527962,1223.0797738367962,1287.6141357421875,475800,0.0,0.0
2007-11-02 00:00:00+09:00,1258.4201482513047,1336.7833076662212,1253.8105506386626,1333.710205078125,560400,0.0,0.0
2007-11-05 00:00:00+09:00,1365.9775986780005,1373.6603000615983,1306.052820487394,1352.1488037109375,318600,0.0,0.0
2007-11-06 00:00:00+09:00,1352.1488037109375,1356.7584020332918,1313.7355218709918,1352.1488037109375,325200,0.0,0.0
2007-11-07 00:00:00+09:00,1352.1488387402337,1367.5142419054912,1149.3265073022474,1278.395263671875,303300,0.0,0.0
2007-11-08 00:00:00+09:00,1236.908519336807,1336.7831608190434,1233.8355296252867,1276.8583984375,362100,0.0,0.0
2007-11-09 00:00:00+09:00,1278.3948856992977,1344.4658521893887,1275.3218960060315,1301.44287109375,447900,0.0,0.0
2007-11-12 00:00:00+09:00,1298.3697937612708,1298.3697937612708,1230.762336988011,1256.8834228515625,129300,0.0,0.0
2007-11-13 00:00:00+09:00,1256.8837718233794,1272.2490611356848,1215.397389395042,1253.8106689453125,133200,0.0,0.0
2007-11-14 00:00:00+09:00,1275.3217686111636,1290.6870531595941,1229.2258024268924,1249.20068359375,161100,0.0,0.0
2007-11-15 00:00:00+09:00,1229.2259696903138,1278.3949319514097,1229.2259696903138,1259.95654296875,129900,0.0,0.0
2007-11-16 00:00:00+09:00,1261.4931081404366,1275.3218994140625,1215.3971372283497,1275.3218994140625,125100,0.0,0.0
2007-11-19 00:00:00+09:00,1267.6392470302026,1289.1507384321985,1232.2989638424226,1233.8355712890625,60600,0.0,0.0
2007-11-20 00:00:00+09:00,1216.933711470946,1216.933711470946,1153.9358429348292,1190.8126220703125,224400,0.0,0.0
2007-11-21 00:00:00+09:00,1195.4219970703125,1224.616183480723,1180.0567128020289,1195.4219970703125,100500,0.0,0.0
2007-11-22 00:00:00+09:00,1186.2030636989384,1209.2510514167868,1169.3012810651844,1198.495361328125,75600,0.0,0.0
2007-11-23 00:00:00+09:00,1184.666507876016,1206.1779994879312,1123.2052479635408,1133.9609375,66900,0.0,0.0
2007-11-26 00:00:00+09:00,1133.960942222393,1161.6185261790367,1095.547668684498,1160.08203125,147900,0.0,0.0
2007-11-27 00:00:00+09:00,1107.8398658587837,1157.0089420789914,1090.93808382918,1137.0340576171875,98700,0.0,0.0
2007-11-28 00:00:00+09:00,1150.8630507244573,1150.8630507244573,1077.1094797843377,1100.157470703125,328500,0.0,0.0
2007-11-29 00:00:00+09:00,1103.2302299455478,1132.4244206842354,1100.1572401596818,1129.351318359375,148200,0.0,0.0
2007-11-30 00:00:00+09:00,1140.1070913968317,1140.1070913968317,1118.595711160384,1121.668701171875,104100,0.0,0.0
2007-12-03 00:00:00+09:00,1113.9860959019873,1150.8628757658985,1113.9860959019873,1143.18017578125,84000,0.0,0.0
2007-12-04 00:00:00+09:00,1130.8880406932235,1180.0571250847609,1129.3515454912751,1178.5206298828125,103800,0.0,0.0
2007-12-05 00:00:00+09:00,1190.8127287490115,1213.8607177734375,1178.52054296199,1213.8607177734375,93000,0.0,0.0
2007-12-06 00:00:00+09:00,1200.031924358782,1236.9087067978637,1196.958934181531,1213.8607177734375,123900,0.0,0.0
2007-12-07 00:00:00+09:00,1229.2263378580317,1229.2263378580317,1190.8129409462304,1206.1783447265625,63000,0.0,0.0
2007-12-10 00:00:00+09:00,1183.129775231301,1227.689131885618,1183.129775231301,1210.787353515625,90900,0.0,0.0
2007-12-11 00:00:00+09:00,1192.349548847681,1210.7879433528565,1164.691957089918,1206.1783447265625,87600,0.0,0.0
2007-12-12 00:00:00+09:00,1153.9359946992658,1198.495479528057,1153.9359946992658,1196.958984375,76800,0.0,0.0
2007-12-13 00:00:00+09:00,1170.837853720022,1196.9589457123432,1167.7647509741576,1189.2762451171875,92700,0.0,0.0
2007-12-14 00:00:00+09:00,1193.8857740189071,1195.4222690336007,1161.618590937315,1173.910888671875,108600,0.0,0.0
2007-12-17 00:00:00+09:00,1160.0820176062118,1167.7646047000371,1138.57052615771,1158.54541015625,45900,0.0,0.0
2007-12-18 00:00:00+09:00,1144.7166318036443,1160.08203125,1106.3033582657492,1160.08203125,106200,0.0,0.0
2007-12-20 00:00:00+09:00,1173.9108225790849,1173.9108225790849,1129.3513442716926,1135.4974365234375,41700,0.0,0.0
2007-12-21 00:00:00+09:00,1121.668701171875,1152.399389059804,1090.9381258229487,1121.668701171875,81300,0.0,0.0
2007-12-24 00:00:00+09:00,1124.741603842747,1147.7895875280492,1118.595512372994,1130.8876953125,49200,0.0,0.0
2007-12-26 00:00:00+09:00,1137.0340576171875,1137.0340576171875,1107.8398658587837,1137.0340576171875,48600,0.0,0.0
2007-12-27 00:00:00+09:00,1121.6686579951859,1152.3993447001906,1107.8398658587837,1137.0340576171875,45600,0.0,0.0
2007-12-28 00:00:00+09:00,1133.9608530065516,1135.4973478147026,1115.5224651527865,1117.0589599609375,20769,0.0,0.0
2008-01-02 00:00:00+09:00,1121.6686314458773,1121.6686314458773,1092.4745529174804,1106.3033447265625,73725,0.0,0.0
2008-01-03 00:00:00+09:00,1075.5726373965647,1106.3033227641213,1075.5726373965647,1101.6937255859375,118344,0.0,0.0
2008-01-04 00:00:00+09:00,1113.9860443557177,1113.9860443557177,1080.182256018631,1106.3033447265625,53448,0.0,0.0
2008-01-07 00:00:00+09:00,1067.8899417417044,1083.2552265917134,1066.3533344794162,1078.6456298828125,51768,0.0,0.0
2008-01-08 00:00:00+09:00,1064.8170126222515,1072.4997125639834,1029.4767279370842,1038.6959228515625,190965,0.0,0.0
2008-01-09 00:00:00+09:00,1021.7942085899516,1021.7942085899516,980.3078287116393,1000.28271484375,255546,0.0,0.0
2008-01-10 00:00:00+09:00,1001.818973811805,1049.4515478424992,1001.818973811805,1026.403564453125,62157,0.0,0.0
2008-01-11 00:00:00+09:00,1034.0860735265803,1050.9879642660726,1017.1842953260613,1035.6226806640625,56667,0.0,0.0
2008-01-14 00:00:00+09:00,1006.4286332180765,1032.5497202004287,995.6729444789848,1015.6478271484375,51798,0.0,0.0
2008-01-15 00:00:00+09:00,1000.2828613386682,1058.6711457500933,966.4791769631192,1006.428955078125,294411,0.0,0.0
2008-01-16 00:00:00+09:00,995.6732595911989,995.6732595911989,946.5041722218353,964.9425659179688,154416,0.0,0.0
2008-01-17 00:00:00+09:00,960.3326992982811,981.8441901158512,948.0405152930917,971.0885009765625,57252,0.0,0.0
2008-01-18 00:00:00+09:00,960.3329674939354,980.3079690240958,923.4562363711808,964.9425659179688,103824,0.0,0.0
2008-01-21 00:00:00+09:00,975.6983706000625,975.6983706000625,934.2119285142505,964.9425659179688,157395,0.0,0.0
2008-01-22 00:00:00+09:00,952.6502641445534,952.6502641445534,860.4582504590917,912.7003784179688,160608,0.0,0.0
2008-01-23 00:00:00+09:00,906.5541884458996,952.6502213528125,877.360107421875,877.360107421875,79932,0.0,0.0
2008-01-24 00:00:00+09:00,877.3599598151865,901.9444390393871,871.2138118743896,885.0426025390625,102840,0.0,0.0
2008-01-25 00:00:00+09:00,878.8965187822263,898.8714588464237,826.654454413552,860.4581298828125,322446,0.0,0.0
2008-01-28 00:00:00+09:00,845.0928204510154,855.8485095050393,829.7274780273438,829.7274780273438,84930,0.0,0.0
2008-01-29 00:00:00+09:00,842.0198211535253,891.188900413098,829.7275794733836,877.360107421875,194364,0.0,0.0
2008-01-30 00:00:00+09:00,868.1409154020741,929.6021803064579,868.1409154020741,891.1889038085938,163458,0.0,0.0
2008-01-31 00:00:00+09:00,891.188877179978,921.9195087139424,886.5792796364083,898.8715209960938,95493,0.0,0.0
2008-02-01 00:00:00+09:00,909.627134703795,929.6020169666693,878.8964513817693,897.3348388671875,103446,0.0,0.0
2008-02-04 00:00:00+09:00,898.8714816283469,929.6021118164062,898.8714816283469,929.6021118164062,159000,0.0,0.0
2008-02-05 00:00:00+09:00,905.0176683222973,943.4309436092029,905.0176683222973,937.2848510742188,109911,0.0,0.0
2008-02-11 00:00:00+09:00,929.6021652844537,937.2848654754795,885.0427405084127,914.2368774414062,182958,0.0,0.0
2008-02-12 00:00:00+09:00,912.7003136268029,914.2368648978265,866.6043381911059,898.8715209960938,917490,0.0,0.0
2008-02-13 00:00:00+09:00,909.6273074699892,909.6273074699892,863.5313300014003,894.261962890625,172923,0.0,0.0
2008-02-14 00:00:00+09:00,891.1889038085938,901.9445942186343,871.2139617664424,891.1889038085938,727650,0.0,0.0
2008-02-15 00:00:00+09:00,891.188791002029,918.8463735889592,875.8234485861246,906.5540771484375,111363,0.0,0.0
2008-02-18 00:00:00+09:00,906.5541075468367,906.5541075468367,877.3600291280328,886.5792236328125,68370,0.0,0.0
2008-02-19 00:00:00+09:00,878.8964545982657,903.4809900919596,875.8234087626139,885.0426025390625,106107,0.0,0.0
2008-02-20 00:00:00+09:00,877.3600419594154,886.5792365990258,855.8485502873257,863.53125,42855,0.0,0.0
2008-02-21 00:00:00+09:00,868.1408649118385,875.8235085106957,835.8736830193393,842.019775390625,156108,0.0,0.0
2008-02-22 00:00:00+09:00,829.7275175649293,866.6042961233705,829.7275175649293,863.53125,135903,0.0,0.0
2008-02-25 00:00:00+09:00,875.8235954515861,914.2369297980698,852.775606097597,912.7003784179688,268122,0.0,0.0
2008-02-26 00:00:00+09:00,906.5543089682388,921.9196553132972,889.6524673773318,903.4812622070312,65982,0.0,0.0
2008-02-27 00:00:00+09:00,894.2620001541941,914.2369433127657,869.6774590566832,875.8236083984375,204309,0.0,0.0
2008-02-28 00:00:00+09:00,875.8235594477463,894.2619501729621,875.8235594477463,891.1889038085938,144888,0.0,0.0
2008-02-29 00:00:00+09:00,897.335049282412,903.4811986419203,881.9697602879005,889.6524047851562,154728,0.0,0.0
2008-03-03 00:00:00+09:00,883.5059837873887,883.5059837873887,845.0927168419515,871.2137451171875,34401,0.0,0.0
2008-03-04 00:00:00+09:00,905.0176172956219,929.6020985884398,883.5061258275338,900.4080200195312,95526,0.0,0.0
2008-03-05 00:00:00+09:00,921.9195071977557,946.5039898766951,915.7733583932703,937.2848510742188,282180,0.0,0.0
2008-03-06 00:00:00+09:00,944.9676304237515,968.0156214096968,929.6022843432851,940.3580322265625,172488,0.0,0.0
2008-03-07 00:00:00+09:00,928.0657662337161,932.6753643172123,906.5542709977292,921.9196166992188,58962,0.0,0.0
2008-03-10 00:00:00+09:00,920.3830006065937,920.3830006065937,857.3851833132003,868.1409301757812,150303,0.0,0.0
2008-03-11 00:00:00+09:00,875.8234473423183,880.4330444335938,829.7274764295647,880.4330444335938,58491,0.0,0.0
2008-03-12 00:00:00+09:00,894.2618715615778,914.2368118478031,883.5061258275338,900.4080200195312,146307,0.0,0.0
2008-03-13 00:00:00+09:00,894.2617930427822,906.5540326098966,886.5791503470223,897.3348388671875,47616,0.0,0.0
2008-03-14 00:00:00+09:00,909.6272945338094,921.9195362607855,881.9697084459858,891.1889038085938,76020,0.0,0.0
2008-03-17 00:00:00+09:00,863.5313659844351,888.1158508124398,855.8486652398658,875.8236083984375,49389,0.0,0.0
2008-03-18 00:00:00+09:00,866.6043381911059,898.8715209960938,866.6043381911059,898.8715209960938,48111,0.0,0.0
2008-03-19 00:00:00+09:00,926.5291047337445,941.8944486102075,914.2368633942748,937.2848510742188,158094,0.0,0.0
2008-03-20 00:00:00+09:00,932.6752319335938,951.1135653809392,895.7984524999031,932.6752319335938,205743,0.0,0.0
2008-03-21 00:00:00+09:00,946.5039898766951,946.5039898766951,911.1637608572815,937.2848510742188,157230,0.0,0.0
2008-03-24 00:00:00+09:00,937.2848293628051,946.5039679517279,921.9194858422674,932.6752319335938,72876,0.0,0.0
2008-03-25 00:00:00+09:00,929.6020545167689,944.9673967984453,917.309814453125,917.309814453125,59277,0.0,0.0
2008-03-26 00:00:00+09:00,921.9193183560674,921.9193183560674,901.9443810351893,911.16357421875,42720,0.0,0.0
2008-03-27 00:00:00+09:00,921.9193025914634,946.5037798142433,911.1635586380668,944.96728515625,94836,0.0,0.0
2008-03-28 00:00:00+09:00,946.5039751633815,1007.9653497138223,946.5039751633815,998.7461547851562,322389,0.0,0.0
2008-03-31 00:00:00+09:00,998.7463660385602,1018.721255096063,987.9905613207302,1006.428955078125,152286,0.0,0.0
2008-04-01 00:00:00+09:00,1014.1114501953125,1024.8671401843835,991.0634626908736,1014.1114501953125,225291,0.0,0.0
2008-04-02 00:00:00+09:00,1007.965344225963,1058.6709160575601,1001.8191392809815,1037.159423828125,216819,0.0,0.0
2008-04-03 00:00:00+09:00,1047.9151395452295,1058.6709421949963,1029.4767493330612,1043.3055419921875,241836,0.0,0.0
2008-04-04 00:00:00+09:00,1050.9883611898506,1050.9883611898506,1026.4038756340874,1041.7691650390625,89373,0.0,0.0
2008-04-07 00:00:00+09:00,1058.6708391438715,1058.6708391438715,998.7460767874069,1007.9652709960938,109839,0.0,0.0
2008-04-08 00:00:00+09:00,1020.2575610902422,1020.2575610902422,969.5519876656834,992.5999755859375,115209,0.0,0.0
2008-04-10 00:00:00+09:00,977.2346878187693,1047.915146594547,977.2346878187693,992.5999755859375,128304,0.0,0.0
2008-04-11 00:00:00+09:00,1006.4288262489578,1006.4288262489578,977.2347440497821,991.0635375976562,103098,0.0,0.0
2008-04-14 00:00:00+09:00,983.3806679010814,991.0633671751258,929.6020543302475,980.3076782226562,155688,0.0,0.0
2008-04-15 00:00:00+09:00,975.6980509638157,1007.965229361402,975.6980509638157,987.990234375,155790,0.0,0.0
2008-04-16 00:00:00+09:00,1001.8192301307936,1021.7942292049129,983.3808387017667,1017.1846313476562,216048,0.0,0.0
2008-04-17 00:00:00+09:00,1014.1115285964817,1032.5499200255085,1009.5019307392249,1017.1846313476562,120612,0.0,0.0
2008-04-18 00:00:00+09:00,1024.8671401843835,1024.8671401843835,984.9173702026904,1014.1114501953125,104025,0.0,0.0
2008-04-21 00:00:00+09:00,1014.1113629555545,1026.4036594134675,992.5998722889544,1007.9652709960938,161793,0.0,0.0
2008-04-22 00:00:00+09:00,1006.4286457067032,1021.7940441406306,1000.282553856526,1004.8921508789062,436836,0.0,0.0
2008-04-23 00:00:00+09:00,1001.8191813920083,1011.0383766580053,968.0155029296875,968.0155029296875,223008,0.0,0.0
2008-04-24 00:00:00+09:00,974.1613083526871,994.1363005651883,960.33251953125,960.33251953125,358419,0.0,0.0
2008-04-25 00:00:00+09:00,948.0406099227255,968.0154953292159,946.5040023644543,952.6502075195312,256677,0.0,0.0
2008-04-28 00:00:00+09:00,952.6502609686087,975.6982502457604,938.8214111328125,938.8214111328125,469056,0.0,0.0
2008-04-29 00:00:00+09:00,931.1386420875075,972.6250172300201,931.1386420875075,963.4058227539062,364656,0.0,0.0
2008-04-30 00:00:00+09:00,968.0154129786707,1024.86707432315,963.4058157740104,1012.5748901367188,313869,0.0,0.0
2008-05-01 00:00:00+09:00,1012.5748901367188,1012.5748901367188,1012.5748901367188,1012.5748901367188,0,0.0,0.0
2008-05-02 00:00:00+09:00,1020.2575426834958,1024.8671401843835,998.7461627053538,1014.1114501953125,304431,0.0,0.0
2008-05-05 00:00:00+09:00,1014.1114501953125,1014.1114501953125,1014.1114501953125,1014.1114501953125,0,0.0,0.0
2008-05-06 00:00:00+09:00,1021.7941234717292,1066.3534897882912,1004.8922288977582,1060.2073974609375,529404,0.0,0.0
2008-05-07 00:00:00+09:00,1069.4265750737077,1094.0110565279203,1058.6708855385516,1081.7188720703125,486543,0.0,0.0
2008-05-08 00:00:00+09:00,1081.7187916005466,1127.8147612349594,1060.2073015914914,1117.0589599609375,586776,0.0,0.0
2008-05-09 00:00:00+09:00,1100.1572307062074,1130.8878035347707,1098.6206232874838,1101.6937255859375,462324,0.0,0.0
2008-05-12 00:00:00+09:00,1101.6937255859375,1101.6937255859375,1101.6937255859375,1101.6937255859375,0,0.0,0.0
2008-05-13 00:00:00+09:00,1121.668776780738,1143.180271006224,1094.0111895789744,1110.9130859375,252447,0.0,0.0
2008-05-14 00:00:00+09:00,1121.6686931144163,1121.6686931144163,1094.011107975658,1118.595703125,270099,0.0,0.0
2008-05-15 00:00:00+09:00,1121.668906209253,1140.1072998046875,1110.9132141249243,1140.1072998046875,207627,0.0,0.0
2008-05-16 00:00:00+09:00,1157.0089288529296,1172.374215760288,1135.4974371514297,1160.08203125,196548,0.0,0.0
2008-05-19 00:00:00+09:00,1152.3992408603167,1178.5203278328133,1113.9859703446355,1117.0589599609375,192765,0.0,0.0
2008-05-20 00:00:00+09:00,1113.9861632971686,1126.2783489694714,1075.5727735889507,1104.7669677734375,244032,0.0,0.0
2008-05-21 00:00:00+09:00,1103.2301148901374,1135.4972920495604,1077.10914173945,1130.8876953125,151458,0.0,0.0
2008-05-22 00:00:00+09:00,1106.3033959173388,1143.18017578125,1106.3033959173388,1143.18017578125,151911,0.0,0.0
2008-05-23 00:00:00+09:00,1137.034119144021,1150.8629120287226,1106.303430776127,1124.7418212890625,114411,0.0,0.0
2008-05-26 00:00:00+09:00,1103.2304611329512,1118.595863438155,1083.2555731830082,1100.157470703125,93105,0.0,0.0
2008-05-27 00:00:00+09:00,1083.2554757392797,1107.839959661495,1054.0613940479616,1080.182373046875,127719,0.0,0.0
2008-05-28 00:00:00+09:00,1067.8902797617075,1090.9382706016077,1067.8902797617075,1072.4998779296875,104748,0.0,0.0
2008-05-29 00:00:00+09:00,1058.6707129137985,1101.693576578197,1058.6707129137985,1095.5474853515625,99717,0.0,0.0
2008-05-30 00:00:00+09:00,1120.1321544655364,1120.1321544655364,1090.9380754698318,1109.37646484375,138966,0.0,0.0
2008-06-02 00:00:00+09:00,1106.3032319683684,1192.3490764122364,1106.3032319683684,1183.1298828125,368667,0.0,0.0
2008-06-03 00:00:00+09:00,1173.910878608754,1206.1780614137422,1152.399385892428,1198.495361328125,335553,0.0,0.0
2008-06-04 00:00:00+09:00,1210.7879433528565,1252.2743309895009,1198.4956428363964,1206.1783447265625,720354,0.0,0.0
2008-06-05 00:00:00+09:00,1206.1779050556095,1226.1527876420455,1198.495205965909,1216.93359375,218607,0.0,0.0
2008-06-06 00:00:00+09:00,1216.93359375,1216.93359375,1216.93359375,1216.93359375,0,0.0,0.0
2008-06-09 00:00:00+09:00,1215.3972565008814,1215.3972565008814,1183.1300736958935,1198.495361328125,69003,0.0,0.0
2008-06-10 00:00:00+09:00,1200.031870709272,1224.6164662622352,1110.9130213120404,1175.4473876953125,117642,0.0,0.0
2008-06-11 00:00:00+09:00,1176.9839028630283,1258.420166015625,1176.9839028630283,1258.420166015625,564012,0.0,0.0
2008-06-12 00:00:00+09:00,1258.4200914853473,1307.5891679819015,1236.9085994170425,1269.17578125,970938,0.0,0.0
2008-06-13 00:00:00+09:00,1289.150717067011,1289.150717067011,1246.1277349760421,1281.468017578125,291051,0.0,0.0
2008-06-16 00:00:00+09:00,1290.687138018331,1298.3698370671502,1267.639153410861,1292.2236328125,178674,0.0,0.0
2008-06-17 00:00:00+09:00,1283.0046774528175,1298.3700784065575,1247.664502845034,1290.6873779296875,263994,0.0,0.0
2008-06-18 00:00:00+09:00,1275.3219134907104,1304.5159912109375,1267.6392140742325,1304.5159912109375,133509,0.0,0.0
2008-06-19 00:00:00+09:00,1304.5160655324296,1304.5160655324296,1267.6392862947637,1269.17578125,68508,0.0,0.0
2008-06-20 00:00:00+09:00,1269.1756058728943,1273.7852026406397,1252.273826083817,1256.8834228515625,59853,0.0,0.0
2008-06-23 00:00:00+09:00,1256.8835755417997,1289.1507568359375,1218.4701894513516,1289.1507568359375,214308,0.0,0.0
2008-06-24 00:00:00+09:00,1292.2238943210807,1315.2718835927944,1290.6873992159697,1295.2969970703125,185646,0.0,0.0
2008-06-25 00:00:00+09:00,1298.3700784065575,1313.735366821289,1232.2991018912942,1290.6873779296875,207912,0.0,0.0
2008-06-26 00:00:00+09:00,1261.493122064446,1307.589093485327,1261.493122064446,1304.5159912109375,114582,0.0,0.0
2008-06-27 00:00:00+09:00,1330.6374249001954,1333.7104154339663,1270.712646484375,1270.712646484375,373989,0.0,0.0
2008-06-30 00:00:00+09:00,1290.6873992159697,1313.7353884876834,1252.2741212761168,1295.2969970703125,364503,0.0,0.0
2008-07-01 00:00:00+09:00,1304.5163590215934,1304.5163590215934,1259.9568699047852,1278.395263671875,155532,0.0,0.0
2008-07-02 00:00:00+09:00,1230.7626369900174,1276.8586159035012,1198.4954517505787,1244.5914306640625,297345,0.0,0.0
2008-07-03 00:00:00+09:00,1227.689534216115,1244.5914306640625,1161.6186686197916,1244.5914306640625,247278,0.0,0.0
2008-07-04 00:00:00+09:00,1226.1529822716345,1269.1758564172865,1226.1529822716345,1258.420166015625,208317,0.0,0.0
2008-07-07 00:00:00+09:00,1266.1025753743095,1269.1755647606076,1246.127581668472,1249.20068359375,176385,0.0,0.0
2008-07-08 00:00:00+09:00,1229.2259384568624,1256.8835212280992,1123.2052045004539,1227.6893310546875,207147,0.0,0.0
2008-07-09 00:00:00+09:00,1224.6165714081817,1229.2261694027682,1170.837890625,1170.837890625,208599,0.0,0.0
2008-07-10 00:00:00+09:00,1137.0339958860725,1229.2259384568624,1129.3512964921758,1227.6893310546875,168003,0.0,0.0
2008-07-11 00:00:00+09:00,1221.5434412073207,1258.4202243381078,1216.9338433159724,1244.5914306640625,206802,0.0,0.0
2008-07-14 00:00:00+09:00,1244.5913443888041,1244.5913443888041,1213.860656397067,1226.1529541015625,39093,0.0,0.0
2008-07-15 00:00:00+09:00,1229.2260390179006,1229.2260390179006,1183.130063961467,1223.079833984375,62739,0.0,0.0
2008-07-16 00:00:00+09:00,1223.0795854970306,1227.689182066164,1169.3010338831284,1221.5430908203125,74289,0.0,0.0
2008-07-17 00:00:00+09:00,1229.2261188157274,1236.9087067978637,1200.031924358782,1213.8607177734375,83346,0.0,0.0
2008-07-18 00:00:00+09:00,1259.9565829493436,1259.9565829493436,1190.8126220703125,1190.8126220703125,52185,0.0,0.0
2008-07-21 00:00:00+09:00,1190.812661242508,1230.7625441331131,1190.812661242508,1198.495361328125,86166,0.0,0.0
2008-07-22 00:00:00+09:00,1198.4950989395604,1216.9334850770922,1181.5932074671637,1195.4219970703125,70104,0.0,0.0
2008-07-23 00:00:00+09:00,1203.1047045437795,1246.127568342697,1195.422006082231,1221.5430908203125,339663,0.0,0.0
2008-07-24 00:00:00+09:00,1223.0798918034761,1224.616499403999,1193.8858104006329,1209.2510986328125,87351,0.0,0.0
2008-07-25 00:00:00+09:00,1207.7145464785642,1244.5913265237114,1198.4953514672775,1223.079833984375,116178,0.0,0.0
2008-07-28 00:00:00+09:00,1233.8357683604788,1233.8357683604788,1193.8858815298722,1196.958984375,105969,0.0,0.0
2008-07-29 00:00:00+09:00,1175.4474497930594,1187.7397482189313,1118.5957805840453,1163.1551513671875,214800,0.0,0.0
2008-07-30 00:00:00+09:00,1163.1549294045026,1181.5933172552423,1137.0339549752803,1167.7645263671875,102300,0.0,0.0
2008-07-31 00:00:00+09:00,1150.862757103978,1190.8125228114502,1144.716552734375,1144.716552734375,161100,0.0,0.0
2008-08-01 00:00:00+09:00,1129.351318359375,1161.6184988839286,1129.351318359375,1129.351318359375,47100,0.0,0.0
2008-08-04 00:00:00+09:00,1121.6685345634062,1123.2051418799126,1094.0109533341251,1112.4493408203125,62400,0.0,0.0
2008-08-05 00:00:00+09:00,1112.4494219008313,1113.9860293293327,1032.5497744835543,1052.524658203125,269700,0.0,0.0
2008-08-06 00:00:00+09:00,1057.1345177317162,1075.5729111371472,944.9676620283502,1055.5980224609375,527100,0.0,0.0
2008-08-07 00:00:00+09:00,1057.1343483607927,1058.6709559244027,1037.1594628848998,1044.8421630859375,159900,0.0,0.0
2008-08-08 00:00:00+09:00,1029.4767354473329,1090.9381103515625,1029.4767354473329,1090.9381103515625,96900,0.0,0.0
2008-08-11 00:00:00+09:00,1090.9381326605258,1090.9381326605258,1067.8901447348737,1070.963134765625,25200,0.0,0.0
2008-08-12 00:00:00+09:00,1077.1092878875638,1090.9380799751118,1035.62291162492,1058.6708984375,145200,0.0,0.0
2008-08-13 00:00:00+09:00,1058.6708628391423,1061.7438526181568,1038.6958665805773,1052.524658203125,16800,0.0,0.0
2008-08-14 00:00:00+09:00,1052.5247616210847,1075.5727499232912,1023.3306806179587,1074.0362548828125,44400,0.0,0.0
2008-08-15 00:00:00+09:00,1074.0362548828125,1074.0362548828125,1074.0362548828125,1074.0362548828125,0,0.0,0.0
2008-08-18 00:00:00+09:00,1075.5726665563677,1075.5726665563677,1057.13427734375,1057.13427734375,16365,0.0,0.0
2008-08-19 00:00:00+09:00,1057.1341998350617,1072.4995980783224,968.0153626879019,1015.6478271484375,52278,0.0,0.0
2008-08-20 00:00:00+09:00,1015.6478271484374,1034.0862150091593,1011.0382301832569,1015.6478271484375,74973,0.0,0.0
2008-08-21 00:00:00+09:00,1015.647937128377,1026.4037395711543,863.5312770748873,998.7461547851562,160410,0.0,0.0
2008-08-22 00:00:00+09:00,991.0633364972897,1001.8190251168227,963.4057550136444,987.990234375,45765,0.0,0.0
2008-08-25 00:00:00+09:00,998.7461729127773,998.7461729127773,974.161577630781,977.2346801757812,16482,0.0,0.0
2008-08-26 00:00:00+09:00,944.9674122150127,964.9422956106253,937.2847690835846,958.7962036132812,65259,0.0,0.0
2008-08-27 00:00:00+09:00,968.015481553203,968.015481553203,921.9195062411458,951.1135864257812,78192,0.0,0.0
2008-08-28 00:00:00+09:00,944.967507345187,969.5519903484833,931.1387145547696,952.6502075195312,84828,0.0,0.0
2008-08-29 00:00:00+09:00,957.2599769039292,968.0156690469989,944.9676769268323,964.9425659179688,152289,0.0,0.0
2008-09-01 00:00:00+09:00,960.3328090997106,960.3328090997106,877.360107421875,877.360107421875,107934,0.0,0.0
2008-09-02 00:00:00+09:00,906.5541027379742,906.5541027379742,825.117903800902,872.7504272460938,200328,0.0,0.0
2008-09-03 00:00:00+09:00,829.727500473622,906.554102131347,829.727500473622,860.4581298828125,96903,0.0,0.0
2008-09-04 00:00:00+09:00,860.4582530355794,935.7483705738883,860.4582530355794,926.5291748046875,115986,0.0,0.0
2008-09-05 00:00:00+09:00,903.480990705819,938.8212147830521,863.5311697372294,935.7481689453125,39648,0.0,0.0
2008-09-08 00:00:00+09:00,941.8944651416916,1029.4767635931616,941.8944651416916,1020.257568359375,100032,0.0,0.0
2008-09-09 00:00:00+09:00,1003.3556894976861,1027.9401702569012,943.4308699396704,974.1614990234375,158781,0.0,0.0
2008-09-10 00:00:00+09:00,968.0156639330121,989.5271606445312,941.8946250913235,989.5271606445312,33624,0.0,0.0
2008-09-11 00:00:00+09:00,989.5270211365665,1003.3558143859642,968.0155274578344,986.4539184570312,33402,0.0,0.0
2008-09-12 00:00:00+09:00,1017.1845666175348,1017.1845666175348,991.0634762423327,1003.3557739257812,68652,0.0,0.0
2008-09-15 00:00:00+09:00,1003.3557739257812,1003.3557739257812,1003.3557739257812,1003.3557739257812,0,0.0,0.0
2008-09-16 00:00:00+09:00,908.0907136475286,968.015481553203,906.5541623806263,951.1135864257812,77076,0.0,0.0
2008-09-17 00:00:00+09:00,951.1135033787159,968.0153970303382,946.50390625,946.50390625,75240,0.0,0.0
2008-09-18 00:00:00+09:00,937.2849219585903,937.2849219585903,897.3350361123829,926.5291748046875,79506,0.0,0.0
2008-09-19 00:00:00+09:00,943.4306977045696,1047.9148625300813,935.7480559035646,1035.6226806640625,270792,0.0,0.0
2008-09-22 00:00:00+09:00,1021.7941641814525,1052.5247395815693,998.7461763618635,1003.3557739257812,77244,0.0,0.0
2008-09-23 00:00:00+09:00,991.0632119175684,1037.1591752625716,983.3805138470769,1035.6226806640625,80985,0.0,0.0
2008-09-24 00:00:00+09:00,1035.6227969033134,1035.6227969033134,1014.1113074148516,1021.7940063476562,48096,0.0,0.0
2008-09-25 00:00:00+09:00,1004.8924405960017,1055.5980224609375,992.6001408127067,1055.5980224609375,97260,0.0,0.0
2008-09-26 00:00:00+09:00,1055.5980224609375,1057.1345177317162,1021.7943387306544,1055.5980224609375,81354,0.0,0.0
2008-09-29 00:00:00+09:00,1055.597774206302,1057.1342691157288,1021.79409842594,1054.061279296875,92376,0.0,0.0
2008-09-30 00:00:00+09:00,995.6729444789848,1037.159317165609,986.4537505486238,1015.6478271484375,215628,0.0,0.0
2008-10-01 00:00:00+09:00,1043.3053439126786,1043.3053439126786,1007.9651777416257,1026.403564453125,35211,0.0,0.0
2008-10-02 00:00:00+09:00,1026.4036817506997,1044.842070569341,940.3578297507087,1012.5748901367188,86700,0.0,0.0
2008-10-03 00:00:00+09:00,1012.5748901367188,1012.5748901367188,1012.5748901367188,1012.5748901367188,0,0.0,0.0
2008-10-06 00:00:00+09:00,969.5521166290869,994.1367153734408,908.0908448462393,940.3580322265625,210276,0.0,0.0
2008-10-07 00:00:00+09:00,932.6752142238613,940.3578577035014,852.7755082115086,929.6021118164062,100386,0.0,0.0
2008-10-08 00:00:00+09:00,877.3600934931006,905.017679036461,869.677393329166,888.1157836914062,104031,0.0,0.0
2008-10-09 00:00:00+09:00,912.7003828738652,917.3099807671675,860.4582546599368,874.2870483398438,76008,0.0,0.0
2008-10-10 00:00:00+09:00,812.8256987396115,940.3578755192141,783.6315629326784,920.3829345703125,228309,0.0,0.0
2008-10-13 00:00:00+09:00,900.4079448680792,937.284719998929,892.72524586949,935.7481689453125,117135,0.0,0.0
2008-10-14 00:00:00+09:00,946.5042089139752,1014.1116926003406,946.5042089139752,972.6253051757812,357258,0.0,0.0
2008-10-15 00:00:00+09:00,998.7464014375873,1029.4769837630938,957.260014013028,972.6253051757812,311265,0.0,0.0
2008-10-16 00:00:00+09:00,921.9196394378064,948.0407334015504,829.7276754940258,940.3580322265625,492000,0.0,0.0
2008-10-17 00:00:00+09:00,972.6251956176758,972.6251956176758,894.2620281982422,921.9196166992188,89838,0.0,0.0
2008-10-20 00:00:00+09:00,921.9194376781683,952.6501231137719,888.1157062068031,909.627197265625,50199,0.0,0.0
2008-10-21 00:00:00+09:00,921.9195249055871,949.5771106527546,906.5541807339931,928.065673828125,45246,0.0,0.0
2008-10-22 00:00:00+09:00,914.2368922151134,926.5291339420895,829.727582634707,891.1889038085938,186585,0.0,0.0
2008-10-23 00:00:00+09:00,815.8986978390022,875.8234609571211,758.2787333023496,780.5584716796875,406671,0.0,0.0
2008-10-24 00:00:00+09:00,772.8758630396218,805.1430469714678,668.3916671596688,695.281005859375,60195,0.0,0.0
2008-10-27 00:00:00+09:00,637.6610278358517,736.7673774397507,591.5650512758986,706.8049926757812,367575,0.0,0.0
2008-10-28 00:00:00+09:00,623.0639023093734,791.314208984375,623.0639023093734,791.314208984375,107619,0.0,0.0
2008-10-29 00:00:00+09:00,815.8987618627627,842.0197957459366,673.0012385986631,768.2662353515625,588606,0.0,0.0
2008-10-30 00:00:00+09:00,785.1680955633122,875.8234907629809,785.1680955633122,863.53125,134334,0.0,0.0
2008-10-31 00:00:00+09:00,848.1659195270945,898.8714908031708,829.7275299721576,866.6043090820312,124095,0.0,0.0
2008-11-03 00:00:00+09:00,860.4582182651193,911.1637929467505,860.4582182651193,905.0177001953125,88437,0.0,0.0
2008-11-04 00:00:00+09:00,905.0177128586256,921.9195525658313,868.1409307559924,908.0907592773438,79899,0.0,0.0
2008-11-05 00:00:00+09:00,921.9194129555054,952.6500975670192,906.5540706497485,943.4308471679688,158580,0.0,0.0
2008-11-06 00:00:00+09:00,866.6044125205592,920.3830363850138,860.4582631788049,875.8236083984375,116973,0.0,0.0
2008-11-07 00:00:00+09:00,831.2641029791547,874.2869755553118,820.508356700365,845.0928955078125,237501,0.0,0.0
2008-11-10 00:00:00+09:00,860.4582919406768,860.4582919406768,814.3623110104708,855.8486938476562,414306,0.0,0.0
2008-11-11 00:00:00+09:00,852.7755215261881,858.9216701675614,817.4352934446657,854.3120727539062,112341,0.0,0.0
2008-11-12 00:00:00+09:00,854.3122052425855,854.3122052425855,829.7276631339652,843.5564575195312,99162,0.0,0.0
2008-11-13 00:00:00+09:00,792.850878105789,843.5564575195312,792.850878105789,843.5564575195312,130122,0.0,0.0
2008-11-14 00:00:00+09:00,858.9215698242188,865.0676614780765,845.0927791987993,858.9215698242188,118143,0.0,0.0
2008-11-17 00:00:00+09:00,861.9948500336194,861.9948500336194,823.581513539433,843.5564575195312,103707,0.0,0.0
2008-11-18 00:00:00+09:00,860.4582207698255,860.4582207698255,814.3622436523438,814.3622436523438,76377,0.0,0.0
2008-11-19 00:00:00+09:00,837.4102322110847,837.4102322110847,775.9489669007778,814.3622436523438,123078,0.0,0.0
2008-11-20 00:00:00+09:00,769.8029070330095,797.4604965072494,758.278911418743,767.4981079101562,107655,0.0,0.0
2008-11-21 00:00:00+09:00,752.9010090394927,795.9238852569456,722.1703188618771,794.3873901367188,70602,0.0,0.0
2008-11-24 00:00:00+09:00,794.3871979907285,798.9967947754532,763.6565152462355,792.8506469726562,54957,0.0,0.0
2008-11-25 00:00:00+09:00,806.6795995559312,818.9718413640919,791.3142550936028,814.3622436523438,149004,0.0,0.0
2008-11-26 00:00:00+09:00,800.5333950684073,814.362187245805,794.3873027247859,802.0699462890625,178329,0.0,0.0
2008-11-27 00:00:00+09:00,814.3621612513,823.5813557419543,803.6064718585351,822.0448608398438,113709,0.0,0.0
2008-11-28 00:00:00+09:00,829.7274780273438,829.7274780273438,805.1429414033684,829.7274780273438,141846,0.0,0.0
2008-12-01 00:00:00+09:00,829.7275969941737,835.8737460987801,814.36225236741,815.8988037109375,106830,0.0,0.0
2008-12-02 00:00:00+09:00,768.2661662741658,783.6315087312777,763.6565691639818,779.0219116210938,109188,0.0,0.0
2008-12-03 00:00:00+09:00,780.5585020619312,785.1680994042861,765.9614062981414,774.412353515625,120099,0.0,0.0
2008-12-04 00:00:00+09:00,765.9614217232072,791.314207616718,746.7547844997747,764.4249267578125,105315,0.0,0.0
2008-12-05 00:00:00+09:00,775.9487757354659,775.9487757354659,748.2911962787897,760.5834350585938,17889,0.0,0.0
2008-12-08 00:00:00+09:00,782.0949754438648,795.9237670898438,765.1931377441674,795.9237670898438,135780,0.0,0.0
2008-12-09 00:00:00+09:00,822.0447786990769,822.0447786990769,785.168004421279,792.8506469726562,146217,0.0,0.0
2008-12-10 00:00:00+09:00,794.387273334473,834.3370971679688,783.6315277268214,834.3370971679688,315105,0.0,0.0
2008-12-11 00:00:00+09:00,837.4101023628631,837.4101023628631,803.6064285646191,812.8256225585938,298527,0.0,0.0
2008-12-12 00:00:00+09:00,809.7525902909019,815.8987389073441,775.9489135742188,775.9489135742188,191580,0.0,0.0
2008-12-15 00:00:00+09:00,797.4602897224562,828.19091796875,795.9237386158183,828.19091796875,164478,0.0,0.0
2008-12-16 00:00:00+09:00,809.7525385035202,829.7274780273438,806.6794925265842,829.7274780273438,88551,0.0,0.0
2008-12-17 00:00:00+09:00,835.8736075435304,837.4101023628631,803.6064285646191,812.8256225585938,196260,0.0,0.0
2008-12-18 00:00:00+09:00,820.508335858926,820.508335858926,789.7777053323199,802.0699462890625,193410,0.0,0.0
2008-12-19 00:00:00+09:00,791.3142445428502,802.0699911500219,777.4854515919878,785.1681518554688,119559,0.0,0.0
2008-12-22 00:00:00+09:00,785.1681623242741,814.3622436523438,782.0950596701065,814.3622436523438,223743,0.0,0.0
2008-12-23 00:00:00+09:00,809.7525593463942,814.3621565651962,791.314170471186,808.216064453125,56850,0.0,0.0
2008-12-24 00:00:00+09:00,783.6314382109856,795.9236773087787,759.8152073747958,777.4852905273438,163119,0.0,0.0
2008-12-25 00:00:00+09:00,777.4852905273438,777.4852905273438,777.4852905273438,777.4852905273438,0,0.0,0.0
2008-12-26 00:00:00+09:00,783.6314534032067,795.9236927393088,768.2661120309602,792.8506469726562,149922,0.0,0.0
2008-12-29 00:00:00+09:00,832.00390625,856.474609375,806.7175329351426,856.474609375,77961,100.0,0.0
2008-12-30 00:00:00+09:00,856.4745209611451,863.0000610351562,835.2665605278002,863.0000610351562,195861,0.0,0.0
2008-12-31 00:00:00+09:00,863.0000610351562,863.0000610351562,863.0000610351562,863.0000610351562,0,0.0,0.0
2009-01-02 00:00:00+09:00,863.0001103147881,872.7883911132812,849.9490294215141,872.7883911132812,83589,0.0,0.0
2009-01-05 00:00:00+09:00,872.7885642469881,884.2081876152398,858.1061401367188,858.1061401367188,99264,0.0,0.0
2009-01-06 00:00:00+09:00,879.3138718169935,887.4708123110211,864.6314506192538,872.7883911132812,117906,0.0,0.0
2009-01-07 00:00:00+09:00,867.8944440398681,877.6827270187277,841.7923361819296,849.94921875,203874,0.0,0.0
2009-01-08 00:00:00+09:00,853.2118182037735,853.2118182037735,822.215576171875,822.215576171875,190719,0.0,0.0
2009-01-09 00:00:00+09:00,830.3726950986534,830.3726950986534,812.4275286374412,820.5844116210938,239301,0.0,0.0
2009-01-12 00:00:00+09:00,815.6901834965116,825.4784659374415,799.3764192569183,802.63916015625,130947,0.0,0.0
2009-01-13 00:00:00+09:00,802.6389668291654,802.6389668291654,783.0624066626003,788.772216796875,131163,0.0,0.0
2009-01-14 00:00:00+09:00,795.2977914521189,812.4272823449337,786.3251810701462,807.5331420898438,136764,0.0,0.0
2009-01-15 00:00:00+09:00,799.3761806197148,799.3761806197148,779.7996215820312,779.7996215820312,167523,0.0,0.0
2009-01-16 00:00:00+09:00,777.3527699787555,796.1136044958646,777.3527699787555,787.1410522460938,163419,0.0,0.0
2009-01-19 00:00:00+09:00,792.0350662395564,817.3214381234798,791.2193363529328,798.560546875,179301,0.0,0.0
2009-01-20 00:00:00+09:00,802.6391033404252,802.6391033404252,766.7487170165838,791.2194213867188,200922,0.0,0.0
2009-01-21 00:00:00+09:00,763.4859531282403,782.2468458224105,763.4859531282403,774.0899047851562,106980,0.0,0.0
2009-01-22 00:00:00+09:00,783.0625322111011,810.7959769792676,783.0625322111011,801.8234252929688,236874,0.0,0.0
2009-01-23 00:00:00+09:00,798.5606160622135,872.7884576006018,778.1683827595538,812.4273681640625,770313,0.0,0.0
2009-01-28 00:00:00+09:00,864.6314037435741,889.1021044131368,849.9489833418365,851.5803833007812,537513,0.0,0.0
2009-01-29 00:00:00+09:00,869.5256224114204,885.8394442455366,841.7921790620569,854.8432006835938,334590,0.0,0.0
2009-01-30 00:00:00+09:00,845.0548585161812,897.2590607188806,836.8979780595381,890.7335205078125,303870,0.0,0.0
2009-02-02 00:00:00+09:00,890.7337370841734,910.310302734375,861.368888608871,910.310302734375,372984,0.0,0.0
2009-02-03 00:00:00+09:00,910.3101228481535,913.5728632307918,882.5766802384142,898.8904418945312,351411,0.0,0.0
2009-02-04 00:00:00+09:00,898.8905928786569,962.5144293558362,893.9964516111816,929.8868408203125,1201896,0.0,0.0
2009-02-05 00:00:00+09:00,929.8867947938012,947.831958638669,895.6278076171875,895.6278076171875,474558,0.0,0.0
2009-02-06 00:00:00+09:00,897.2590541475976,920.098355104683,867.8942130272353,913.5728149414062,425676,0.0,0.0
2009-02-09 00:00:00+09:00,926.6239246488818,926.6239246488818,890.7335422272488,907.04736328125,320886,0.0,0.0
2009-02-10 00:00:00+09:00,918.4669551281332,918.4669551281332,882.5766335874165,913.5728149414062,300507,0.0,0.0
2009-02-11 00:00:00+09:00,889.1021114936306,929.886632848669,884.2079713207428,924.9924926757812,210777,0.0,0.0
2009-02-12 00:00:00+09:00,946.2005520939217,1017.9812622070312,946.2005520939217,1017.9812622070312,859842,0.0,0.0
2009-02-13 00:00:00+09:00,1032.6635492234002,1032.6635492234002,1003.2987089611235,1027.7694091796875,540504,0.0,0.0
2009-02-16 00:00:00+09:00,1022.875505053769,1032.663787398781,996.7733988860919,1026.1383056640625,321489,0.0,0.0
2009-02-17 00:00:00+09:00,1039.1889196282584,1053.871338207712,978.8279052968929,995.1417236328125,866331,0.0,0.0
2009-02-18 00:00:00+09:00,982.0906450669112,1008.1927424557997,954.3572076644706,995.1417236328125,322749,0.0,0.0
2009-02-19 00:00:00+09:00,1001.6674691518328,1044.0833363966756,983.7223060372706,1011.455810546875,573561,0.0,0.0
2009-02-20 00:00:00+09:00,1011.4557525670485,1011.4557525670485,941.306384833784,975.5653686523438,198663,0.0,0.0
2009-02-23 00:00:00+09:00,931.5180622042279,1003.2987670898438,931.5180622042279,1003.2987670898438,313515,0.0,0.0
2009-02-24 00:00:00+09:00,978.8282231469849,983.7223642627198,946.2006356230632,973.93408203125,123921,0.0,0.0
2009-02-25 00:00:00+09:00,998.404678520405,1004.9301594664302,951.094672818551,952.7260131835938,172908,0.0,0.0
2009-02-26 00:00:00+09:00,993.5105686895843,998.4047094220454,898.8904946143618,946.2005615234375,508110,0.0,0.0
2009-02-27 00:00:00+09:00,934.7807533957741,969.0397338867188,920.0983331853693,969.0397338867188,210243,0.0,0.0
2009-03-02 00:00:00+09:00,939.6749158515912,965.777016761776,887.4707737741435,913.5728149414062,195186,0.0,0.0
2009-03-03 00:00:00+09:00,882.5767847975502,895.6278076171875,859.7374201845195,895.6278076171875,183912,0.0,0.0
2009-03-04 00:00:00+09:00,910.310074731229,921.7297550812327,897.2590541475976,913.5728149414062,144324,0.0,0.0
2009-03-05 00:00:00+09:00,928.2552592615401,967.4083817575337,913.5728383255425,954.3573608398438,364899,0.0,0.0
2009-03-06 00:00:00+09:00,939.6747890850172,1027.7693005617375,939.6747890850172,995.1417236328125,759246,0.0,0.0
2009-03-09 00:00:00+09:00,1011.4556958710369,1035.926397226902,980.4594542393002,1013.0870361328125,680343,0.0,0.0
2009-03-10 00:00:00+09:00,995.1418937626411,1026.138135977143,993.5104937272702,1004.9301147460938,296394,0.0,0.0
2009-03-11 00:00:00+09:00,1019.6127175362855,1019.6127175362855,957.6202818028107,978.8282470703125,889110,0.0,0.0
2009-03-12 00:00:00+09:00,977.1967212870409,1004.930164812503,959.2515589756157,990.247802734375,639339,0.0,0.0
2009-03-13 00:00:00+09:00,1009.8242341807144,1117.4953199393829,996.7732133970017,1084.8677978515625,1215816,0.0,0.0
2009-03-16 00:00:00+09:00,1109.3385573299822,1156.6485026838347,1109.3385573299822,1120.7581787109375,1017618,0.0,0.0
2009-03-17 00:00:00+09:00,1141.9658917179438,1141.9658917179438,1096.2872942846925,1132.1776123046875,462729,0.0,0.0
2009-03-18 00:00:00+09:00,1148.4918310423907,1148.4918310423907,1112.601382909715,1125.6524658203125,487695,0.0,0.0
2009-03-19 00:00:00+09:00,1124.021176276346,1133.8094590320593,1063.660019625533,1110.9700927734375,791037,0.0,0.0
2009-03-20 00:00:00+09:00,1107.7070516839435,1159.9112548828125,1097.918771052021,1159.9112548828125,548901,0.0,0.0
2009-03-23 00:00:00+09:00,1150.122927347819,1190.9073884889856,1150.122927347819,1174.5936279296875,80772,0.0,0.0
2009-03-24 00:00:00+09:00,1158.2799464842628,1166.436767578125,1114.2326824283439,1166.436767578125,469164,0.0,0.0
2009-03-25 00:00:00+09:00,1158.2798626277622,1199.064323601935,1148.4915824350933,1197.4329833984375,359853,0.0,0.0
2009-03-26 00:00:00+09:00,1207.2215882577243,1261.0571437957788,1195.8018453045238,1213.7470703125,579711,0.0,0.0
2009-03-27 00:00:00+09:00,1213.746875,1230.060637254715,1181.119231004715,1199.064453125,272022,0.0,0.0
2009-03-30 00:00:00+09:00,1207.2213500693156,1215.378171156951,1138.703383812411,1141.966064453125,220101,0.0,0.0
2009-03-31 00:00:00+09:00,1143.597727418107,1171.3311152202332,1138.703586101747,1158.2801513671875,342396,0.0,0.0
2009-04-01 00:00:00+09:00,1176.2251285436569,1287.1590261383164,1159.9113657596235,1280.633544921875,656655,0.0,0.0
2009-04-02 00:00:00+09:00,1290.421865240935,1321.4180513071738,1269.2138415503682,1288.7904052734375,605043,0.0,0.0
2009-04-03 00:00:00+09:00,1318.1553685205517,1318.1553685205517,1244.7432480060556,1287.1591796875,450714,0.0,0.0
2009-04-06 00:00:00+09:00,1337.7316342920064,1365.465135657269,1308.3667926649684,1350.78271484375,661323,0.0,0.0
2009-04-07 00:00:00+09:00,1360.5712149483818,1386.673260778242,1332.8377091076225,1370.3594970703125,362070,0.0,0.0
2009-04-08 00:00:00+09:00,1365.465258615297,1398.0929031898013,1357.3083176002065,1375.2535400390625,348156,0.0,0.0
2009-04-09 00:00:00+09:00,1399.7242356123834,1451.928442736569,1385.041813560505,1422.5635986328125,537333,0.0,0.0
2009-04-10 00:00:00+09:00,1429.089020420007,1440.5086417134676,1355.6769132066506,1411.143798828125,542244,0.0,0.0
2009-04-13 00:00:00+09:00,1432.3519346766525,1461.7167799013273,1402.9870894519775,1458.4539794921875,1288548,0.0,0.0
2009-04-14 00:00:00+09:00,1479.6616607246497,1672.1645856578268,1448.665479703747,1631.3800048828125,1835415,0.0,0.0
2009-04-15 00:00:00+09:00,1598.7524350087017,1664.0075949833574,1489.4498956809998,1549.81103515625,1069833,0.0,0.0
2009-04-16 00:00:00+09:00,1595.4897748979083,1611.803536448616,1510.658047554039,1528.6031494140625,601278,0.0,0.0
2009-04-17 00:00:00+09:00,1562.862233338335,1562.862233338335,1367.0966041316185,1474.7677001953125,1141842,0.0,0.0
2009-04-20 00:00:00+09:00,1474.7679137304028,1478.0307145182292,1412.7755351628264,1468.242431640625,351834,0.0,0.0
2009-04-21 00:00:00+09:00,1466.6106283670347,1482.9243881884604,1389.9357301832433,1473.1361083984375,295818,0.0,0.0
2009-04-22 00:00:00+09:00,1495.9756377215522,1595.4897870657478,1473.1362757876996,1579.176025390625,752004,0.0,0.0
2009-04-23 00:00:00+09:00,1579.1760814952852,1737.419921875,1557.9680591297151,1712.94921875,1719948,0.0,0.0
2009-04-24 00:00:00+09:00,1753.7336009012315,1761.8905413844054,1605.2780488169028,1696.6353759765625,914481,0.0,0.0
2009-04-27 00:00:00+09:00,1680.3214950102147,1745.576779903907,1615.0663296023718,1696.6353759765625,799041,0.0,0.0
2009-04-28 00:00:00+09:00,1696.6352863284983,1770.0473883405125,1530.2345217679328,1631.3800048828125,1381239,0.0,0.0
2009-04-29 00:00:00+09:00,1664.0074462890625,1688.4781440286074,1602.0149721869388,1664.0074462890625,1302522,0.0,0.0
2009-04-30 00:00:00+09:00,1704.7922778797151,1712.94921875,1639.537109375,1712.94921875,701241,0.0,0.0
2009-05-04 00:00:00+09:00,1729.2629810047151,1843.459675245285,1696.635456495285,1712.94921875,1288995,0.0,0.0
2009-05-06 00:00:00+09:00,1712.9491763915821,1729.2629382428845,1655.8508306832452,1680.321533203125,649218,0.0,0.0
2009-05-07 00:00:00+09:00,1696.6353301737647,1712.9490912138526,1629.7487067834654,1639.5369873046875,680082,0.0,0.0
2009-05-08 00:00:00+09:00,1631.3800048828125,1655.850705553484,1615.0662442643127,1631.3800048828125,565770,0.0,0.0
2009-05-11 00:00:00+09:00,1680.321532589062,1688.4784732546584,1639.5370682327843,1655.850830078125,525750,0.0,0.0
2009-05-12 00:00:00+09:00,1631.3800048828125,1647.6938849871556,1610.1721041301782,1631.3800048828125,603174,0.0,0.0
2009-05-13 00:00:00+09:00,1655.8509863532004,1770.0476885057408,1639.5372229682075,1761.8907470703125,1181346,0.0,0.0
2009-05-14 00:00:00+09:00,1721.1064873864357,1753.7340181094266,1672.1650718160715,1704.7926025390625,659412,0.0,0.0
2009-05-15 00:00:00+09:00,1729.2627380102956,1770.0473171448539,1696.635218085655,1737.419677734375,780612,0.0,0.0
2009-05-18 00:00:00+09:00,1712.9489780479753,1753.7334376966953,1664.007578675176,1737.419677734375,548103,0.0,0.0
2009-05-19 00:00:00+09:00,1753.7338023509608,1851.6166214493562,1745.57698041667,1810.8321533203125,1253274,0.0,0.0
2009-05-20 00:00:00+09:00,1818.9890947404665,1827.1459166747572,1786.3614485457138,1810.8321533203125,487137,0.0,0.0
2009-05-21 00:00:00+09:00,1810.8321143902642,1827.1458773939887,1704.7923561514033,1753.7337646484375,641802,0.0,0.0
2009-05-22 00:00:00+09:00,1729.2629382428845,1786.3612839512214,1680.321533203125,1680.321533203125,502365,0.0,0.0
2009-05-25 00:00:00+09:00,1655.8510484512337,1696.6356376720223,1484.556108284352,1600.3841552734375,789216,0.0,0.0
2009-05-26 00:00:00+09:00,1606.909457905902,1606.909457905902,1525.340527525853,1564.49365234375,411186,0.0,0.0
2009-05-27 00:00:00+09:00,1567.7563735186316,1595.4898774751416,1484.5559811349585,1499.2384033203125,515229,0.0,0.0
2009-05-28 00:00:00+09:00,1474.7676917856347,1546.5484619140625,1419.3008036553106,1546.5484619140625,644202,0.0,0.0
2009-05-29 00:00:00+09:00,1569.3875950972306,1569.3875950972306,1500.8696353037983,1549.81103515625,240633,0.0,0.0
2009-06-01 00:00:00+09:00,1548.1795040681911,1575.9130025335207,1510.6578455698539,1559.5992431640625,312747,0.0,0.0
2009-06-02 00:00:00+09:00,1597.1211916600828,1597.1211916600828,1543.28564453125,1543.28564453125,290241,0.0,0.0
2009-06-03 00:00:00+09:00,1538.391430241657,1562.8621323106433,1499.2383069312789,1528.6031494140625,247038,0.0,0.0
2009-06-04 00:00:00+09:00,1531.866058737643,1531.866058737643,1476.399169921875,1476.399169921875,265485,0.0,0.0
2009-06-05 00:00:00+09:00,1509.026852235946,1546.5486418132023,1489.4502871497032,1533.49755859375,400698,0.0,0.0
2009-06-08 00:00:00+09:00,1543.2856127369841,1587.332877662218,1533.4973316424876,1536.7601318359375,463965,0.0,0.0
2009-06-09 00:00:00+09:00,1536.759982022372,1562.8620225678112,1482.9244412508876,1507.3951416015625,284196,0.0,0.0
2009-06-10 00:00:00+09:00,1489.4500486911418,1509.0266106432086,1468.2421464050199,1484.555908203125,200580,0.0,0.0
2009-06-11 00:00:00+09:00,1505.763954795051,1513.920776085629,1484.5559326734992,1489.4500732421875,121371,0.0,0.0
2009-06-12 00:00:00+09:00,1509.026753584318,1509.026753584318,1451.928522139449,1463.34814453125,305481,0.0,0.0
2009-06-15 00:00:00+09:00,1451.9286301364796,1464.9795939876167,1419.3009815368926,1435.61474609375,242001,0.0,0.0
2009-06-16 00:00:00+09:00,1411.143816436219,1460.0852218558086,1411.143816436219,1438.8773193359375,118824,0.0,0.0
2009-06-17 00:00:00+09:00,1438.8773114738958,1456.8225331916435,1394.8300468369398,1412.7752685546875,234603,0.0,0.0
2009-06-18 00:00:00+09:00,1435.6145113018001,1448.6655925043306,1406.249668210496,1412.7752685546875,198891,0.0,0.0
2009-06-19 00:00:00+09:00,1419.300822564151,1435.6145852937402,1363.8339336948613,1427.457763671875,276414,0.0,0.0
2009-06-22 00:00:00+09:00,1435.61474609375,1458.4541120620481,1419.3009815368926,1435.61474609375,135864,0.0,0.0
2009-06-23 00:00:00+09:00,1406.2498250221036,1407.8812850330025,1327.9435680466572,1370.3594970703125,363945,0.0,0.0
2009-06-24 00:00:00+09:00,1370.3593677147924,1370.3593677147924,1305.104199556992,1368.72802734375,293490,0.0,0.0
2009-06-25 00:00:00+09:00,1368.728027714162,1445.4028174617176,1354.0456059132443,1442.14013671875,295308,0.0,0.0
2009-06-26 00:00:00+09:00,1445.403028725039,1445.403028725039,1399.7244162743148,1435.61474609375,144234,0.0,0.0
2009-06-29 00:00:00+09:00,1414.4067327039784,1429.0891555348155,1352.414240922934,1388.3046875,292104,0.0,0.0
2009-06-30 00:00:00+09:00,1389.9361603187149,1416.0382080078125,1345.8888876325584,1416.0382080078125,291456,0.0,0.0
2009-07-01 00:00:00+09:00,1394.829833984375,1425.8260126887496,1394.829833984375,1394.829833984375,173175,0.0,0.0
2009-07-02 00:00:00+09:00,1381.7789645221378,1401.355526567249,1358.9397217934097,1363.8338623046875,195438,0.0,0.0
2009-07-03 00:00:00+09:00,1337.7316767525704,1394.8300215572135,1337.7316767525704,1383.410400390625,164739,0.0,0.0
2009-07-06 00:00:00+09:00,1401.3555664317519,1402.987026305823,1378.5163230533135,1396.46142578125,119922,0.0,0.0
2009-07-07 00:00:00+09:00,1407.8811525166088,1456.8225585196676,1398.0928713159972,1442.14013671875,337560,0.0,0.0
2009-07-08 00:00:00+09:00,1473.1360755891942,1512.289193877279,1455.1908565452104,1466.610595703125,669981,0.0,0.0
2009-07-09 00:00:00+09:00,1466.6108543806683,1495.9756982760375,1450.2969725593373,1469.87353515625,291675,0.0,0.0
2009-07-10 00:00:00+09:00,1481.2934780303463,1481.2934780303463,1427.4579235582573,1435.61474609375,152691,0.0,0.0
2009-07-13 00:00:00+09:00,1419.3008736475908,1435.6146369643445,1383.4105465563878,1388.3046875,219168,0.0,0.0
2009-07-14 00:00:00+09:00,1404.6181135211075,1412.7750529636626,1363.8336552800004,1394.829833984375,252576,0.0,0.0
2009-07-15 00:00:00+09:00,1406.2497728273581,1422.5636554156429,1378.5163875018245,1409.5125732421875,236508,0.0,0.0
2009-07-16 00:00:00+09:00,1411.1438087257136,1422.5635495851222,1391.567246664844,1412.7752685546875,210024,0.0,0.0
2009-07-17 00:00:00+09:00,1412.7752586456563,1427.4576800883276,1389.9358965728836,1411.143798828125,188568,0.0,0.0
2009-07-20 00:00:00+09:00,1411.1437753166713,1430.7203369140625,1398.0928139089767,1430.7203369140625,280932,0.0,0.0
2009-07-21 00:00:00+09:00,1437.2460452068003,1440.5087260612029,1420.9321629913525,1427.457763671875,203328,0.0,0.0
2009-07-22 00:00:00+09:00,1427.4577771556887,1460.0853029230677,1420.9321764135252,1455.191162109375,241656,0.0,0.0
2009-07-23 00:00:00+09:00,1437.2460755474315,1466.6109207721065,1427.4577938058733,1458.4539794921875,187374,0.0,0.0
2009-07-24 00:00:00+09:00,1466.6105268877866,1466.6105268877866,1442.1398291059315,1453.5594482421875,259089,0.0,0.0
2009-07-27 00:00:00+09:00,1440.5086177127582,1455.1910389108016,1427.4576563050637,1430.7203369140625,318168,0.0,0.0
2009-07-28 00:00:00+09:00,1425.8260563677304,1430.7201962860245,1402.98681640625,1402.98681640625,194226,0.0,0.0
2009-07-29 00:00:00+09:00,1402.986899476333,1407.8810396844065,1345.8885572201948,1347.5198974609375,444231,0.0,0.0
2009-07-30 00:00:00+09:00,1352.4142778134014,1352.4142778134014,1316.5239497432003,1321.4180908203125,197577,0.0,0.0
2009-07-31 00:00:00+09:00,1324.680768995285,1336.100390625,1295.3159252452851,1296.947265625,435510,0.0,0.0
2009-08-03 00:00:00+09:00,1293.684658020023,1314.892683543643,1282.265034689832,1311.6298828125,173226,0.0,0.0
2009-08-04 00:00:00+09:00,1321.4180411873283,1371.990790589334,1314.8925598249002,1336.1004638671875,243525,0.0,0.0
2009-08-05 00:00:00+09:00,1344.2573742934228,1344.2573742934228,1305.104248046875,1305.104248046875,181476,0.0,0.0
2009-08-06 00:00:00+09:00,1313.2608743095846,1326.3119542787022,1295.3157737736192,1314.892333984375,317382,0.0,0.0
2009-08-07 00:00:00+09:00,1308.366943359375,1321.4180254143093,1303.4728025245072,1308.366943359375,262299,0.0,0.0
2009-08-10 00:00:00+09:00,1313.2611684848646,1321.4181102284779,1300.210205078125,1300.210205078125,268461,0.0,0.0
2009-08-11 00:00:00+09:00,1306.735546875,1306.735546875,1283.896184129715,1296.947265625,345663,0.0,0.0
2009-08-12 00:00:00+09:00,1292.0531646492268,1358.9397950720613,1282.264883098854,1354.045654296875,458826,0.0,0.0
2009-08-13 00:00:00+09:00,1354.0456677238806,1389.935993935858,1347.5200669683502,1381.779052734375,382716,0.0,0.0
2009-08-14 00:00:00+09:00,1394.83017612511,1404.61845806283,1354.0457078798975,1389.93603515625,401253,0.0,0.0
2009-08-17 00:00:00+09:00,1393.1988216025936,1393.1988216025936,1319.7867078088832,1337.7318115234375,273855,0.0,0.0
2009-08-18 00:00:00+09:00,1321.4178640756732,1352.4140457500675,1303.4726433768944,1324.6806640625,135609,0.0,0.0
2009-08-19 00:00:00+09:00,1345.8888277137648,1345.8888277137648,1305.1043576116676,1327.943603515625,159624,0.0,0.0
2009-08-20 00:00:00+09:00,1345.8887528846928,1345.8887528846928,1309.998425969722,1337.7318115234375,104979,0.0,0.0
2009-08-21 00:00:00+09:00,1344.2571087957858,1350.782588719442,1309.9981300963796,1326.3118896484375,125454,0.0,0.0
2009-08-24 00:00:00+09:00,1326.312192237941,1326.312192237941,1277.370782930268,1288.7904052734375,290520,0.0,0.0
2009-08-25 00:00:00+09:00,1282.2648016086441,1293.6844228630557,1256.1627589617672,1264.319580078125,241986,0.0,0.0
2009-08-26 00:00:00+09:00,1282.265000910051,1282.265000910051,1241.4805305316115,1254.531494140625,219507,0.0,0.0
2009-08-27 00:00:00+09:00,1248.0060289434887,1269.2139347047541,1244.7432282548818,1257.7943115234375,173853,0.0,0.0
2009-08-28 00:00:00+09:00,1257.7943586548322,1293.6846896308846,1249.6374163705984,1267.5826416015625,182562,0.0,0.0
2009-08-31 00:00:00+09:00,1265.9511464563845,1295.315991713214,1265.9511464563845,1285.5277099609375,182904,0.0,0.0
2009-09-01 00:00:00+09:00,1293.6844336089914,1293.6844336089914,1277.370671754915,1290.4217529296875,84867,0.0,0.0
2009-09-02 00:00:00+09:00,1274.108123737424,1290.4220083058915,1267.5826416015625,1267.5826416015625,148170,0.0,0.0
2009-09-03 00:00:00+09:00,1267.5823802161788,1280.6334612825428,1259.42543961397,1264.319580078125,137373,0.0,0.0
2009-09-04 00:00:00+09:00,1262.6885001281973,1282.2650660216577,1259.4256993173287,1267.5826416015625,146133,0.0,0.0
2009-09-07 00:00:00+09:00,1272.4764400600266,1344.2572021484375,1272.4764400600266,1344.2572021484375,350667,0.0,0.0
2009-09-08 00:00:00+09:00,1370.359516396109,1388.3047403680139,1347.520151294218,1349.151611328125,411579,0.0,0.0
2009-09-09 00:00:00+09:00,1354.045511172992,1371.9906124612892,1301.84130859375,1301.84130859375,195402,0.0,0.0
2009-09-10 00:00:00+09:00,1301.8412911677924,1321.4178519372329,1296.9471509754324,1298.5784912109375,233700,0.0,0.0
2009-09-11 00:00:00+09:00,1314.8927237310163,1331.2064889135866,1303.472980565928,1319.786865234375,239790,0.0,0.0
2009-09-14 00:00:00+09:00,1337.7318742298364,1337.7318742298364,1293.6846038888873,1300.210205078125,167304,0.0,0.0
2009-09-15 00:00:00+09:00,1318.1551361330319,1318.1551361330319,1287.1589527645313,1290.4217529296875,151977,0.0,0.0
2009-09-16 00:00:00+09:00,1290.4218421057628,1303.4728046965847,1256.1628562045998,1259.425537109375,360948,0.0,0.0
2009-09-17 00:00:00+09:00,1257.7943111013278,1274.1080755671442,1203.9587569296757,1207.2215576171875,675459,0.0,0.0
2009-09-18 00:00:00+09:00,1223.5351312355917,1231.6920719391132,1190.9074879073585,1194.1702880859375,413412,0.0,0.0
2009-09-21 00:00:00+09:00,1192.5389296388664,1205.5898911833863,1166.436767578125,1166.436767578125,488637,0.0,0.0
2009-09-22 00:00:00+09:00,1174.5938067350514,1200.6958515005433,1161.542724609375,1161.542724609375,472362,0.0,0.0
2009-09-23 00:00:00+09:00,1174.5938067350514,1174.5938067350514,1161.542724609375,1161.542724609375,183132,0.0,0.0
2009-09-24 00:00:00+09:00,1174.5935488081375,1192.5387678546513,1161.5424695483246,1182.75048828125,195609,0.0,0.0
2009-09-25 00:00:00+09:00,1182.7505679522578,1182.7505679522578,1161.5425477907434,1174.5936279296875,75591,0.0,0.0
2009-09-28 00:00:00+09:00,1174.5937748278602,1179.4879155563096,1151.7544115998105,1155.0172119140625,99030,0.0,0.0
2009-09-29 00:00:00+09:00,1156.6486365429762,1233.3235533666127,1156.6486365429762,1221.9039306640625,1011078,0.0,0.0
2009-09-30 00:00:00+09:00,1223.5352783203125,1265.9512077973723,1197.4332322114349,1223.5352783203125,522087,0.0,0.0
2009-10-01 00:00:00+09:00,1225.1665295021442,1239.8489517710882,1174.5937815155123,1181.1192626953125,283500,0.0,0.0
2009-10-05 00:00:00+09:00,1158.2798866567132,1217.0095690310957,1158.2798866567132,1202.3271484375,187590,0.0,0.0
2009-10-06 00:00:00+09:00,1202.3272782570964,1207.2214189833996,1166.4368332736349,1179.4879150390625,187599,0.0,0.0
2009-10-07 00:00:00+09:00,1186.0133293807557,1199.0644104111263,1164.8054272565228,1166.436767578125,134421,0.0,0.0
2009-10-08 00:00:00+09:00,1166.4367354754781,1182.7506161859142,1155.0171145668512,1159.9112548828125,117996,0.0,0.0
2009-10-09 00:00:00+09:00,1161.5425230418539,1192.5388227756803,1158.2798426910176,1169.699462890625,210720,0.0,0.0
2009-10-12 00:00:00+09:00,1172.9623856398048,1200.6957689572432,1163.17410458992,1194.1702880859375,147690,0.0,0.0
2009-10-13 00:00:00+09:00,1190.907363114422,1190.907363114422,1156.6483830297593,1169.699462890625,233667,0.0,0.0
2009-10-14 00:00:00+09:00,1169.6997746100706,1182.7508579489881,1153.3860100508275,1158.2801513671875,189450,0.0,0.0
2009-10-15 00:00:00+09:00,1159.911453910496,1172.9625368210932,1125.6524658203125,1125.6524658203125,419148,0.0,0.0
2009-10-16 00:00:00+09:00,1125.6522051640973,1127.283545342968,1047.3459648048556,1050.6087646484375,794625,0.0,0.0
2009-10-19 00:00:00+09:00,1052.2402911842732,1053.8716316520624,1027.7695867381274,1039.189208984375,233682,0.0,0.0
2009-10-20 00:00:00+09:00,1003.2987744536472,1032.6636166327783,991.8790936918991,1004.9301147460938,688239,0.0,0.0
2009-10-21 00:00:00+09:00,1016.3499845462039,1017.9813250461823,993.5106201171875,993.5106201171875,276774,0.0,0.0
2009-10-22 00:00:00+09:00,993.5105307382329,998.4046712837414,973.9339685561987,975.5653686523438,258264,0.0,0.0
2009-10-23 00:00:00+09:00,993.5105506114332,993.5105506114332,962.5143066222189,967.408447265625,217704,0.0,0.0
2009-10-26 00:00:00+09:00,969.0398314810042,991.8791341941936,959.2515503549334,964.1456909179688,211482,0.0,0.0
2009-10-27 00:00:00+09:00,964.1458348787414,975.5655178119216,951.0948113429181,955.9889526367188,101292,0.0,0.0
2009-10-28 00:00:00+09:00,955.9887166080224,960.8828566934851,879.3138154404927,885.83935546875,552561,0.0,0.0
2009-10-29 00:00:00+09:00,885.8394891490107,900.5219116210938,856.4746442048446,900.5219116210938,151386,0.0,0.0
2009-10-30 00:00:00+09:00,908.6787021092811,908.6787021092811,882.57666015625,882.57666015625,118596,0.0,0.0
2009-11-02 00:00:00+09:00,880.9452615434329,907.04736328125,863.0001002040784,907.04736328125,162795,0.0,0.0
2009-11-03 00:00:00+09:00,916.8356305507245,916.8356305507245,889.1021291904025,892.3649291992188,85872,0.0,0.0
2009-11-04 00:00:00+09:00,892.3648931306404,918.4669336886104,892.3648931306404,897.259033203125,88659,0.0,0.0
2009-11-05 00:00:00+09:00,897.2591751263576,907.0474568195799,889.1022338867188,889.1022338867188,42471,0.0,0.0
2009-11-06 00:00:00+09:00,897.2592078732418,907.0474899237029,889.1022663359026,895.6278076171875,102978,0.0,0.0
2009-11-09 00:00:00+09:00,895.6277991664424,918.4671038210392,890.7336581873908,893.9963989257812,89763,0.0,0.0
2009-11-10 00:00:00+09:00,898.8904289371148,910.3101097261235,884.2080078125,884.2080078125,98394,0.0,0.0
2009-11-11 00:00:00+09:00,882.5766400511694,897.2590607188806,882.5766400511694,890.7335205078125,54387,0.0,0.0
2009-11-12 00:00:00+09:00,897.259033203125,900.521773337141,885.8393531196876,897.259033203125,103932,0.0,0.0
2009-11-13 00:00:00+09:00,897.2590634732311,897.2590634732311,856.4745415789724,879.3138427734375,165777,0.0,0.0
2009-11-16 00:00:00+09:00,879.3138526535678,887.4707929698261,845.0548706054688,845.0548706054688,195837,0.0,0.0
2009-11-17 00:00:00+09:00,841.7921030710962,848.3176431642491,814.8743323333578,815.6900024414062,225588,0.0,0.0
2009-11-18 00:00:00+09:00,827.1099538537806,827.1099538537806,815.690269882314,820.5844116210938,51681,0.0,0.0
2009-11-19 00:00:00+09:00,832.0037231445312,843.423402003957,820.5840442851054,832.0037231445312,111126,0.0,0.0
2009-11-20 00:00:00+09:00,832.0038227651311,861.3686635686063,832.0038227651311,851.5803833007812,85422,0.0,0.0
2009-11-23 00:00:00+09:00,864.6314194064628,895.6276607303829,859.7372791838924,890.7335205078125,232224,0.0,0.0
2009-11-24 00:00:00+09:00,890.7335974770058,890.7335974770058,866.2628942496156,869.525634765625,122244,0.0,0.0
2009-11-25 00:00:00+09:00,871.1570069723289,892.3649690039414,858.1059855836813,876.0511474609375,63783,0.0,0.0
2009-11-26 00:00:00+09:00,876.0512325710721,892.3650556989967,869.5256913713159,880.9453735351562,53601,0.0,0.0
2009-11-27 00:00:00+09:00,864.631464597547,872.7884052234458,814.8743896484375,814.8743896484375,172815,0.0,0.0
2009-11-30 00:00:00+09:00,820.5842045856588,856.4745881957911,820.5842045856588,840.1607666015625,104457,0.0,0.0
2009-12-01 00:00:00+09:00,833.635278484042,856.474580722329,830.3724783479114,838.5294189453125,71787,0.0,0.0
2009-12-02 00:00:00+09:00,840.1606493477559,849.9489289896441,811.6115402208608,817.3213500976562,304311,0.0,0.0
2009-12-03 00:00:00+09:00,817.3213500976562,825.4782298849237,814.0586101313328,817.3213500976562,180102,0.0,0.0
2009-12-04 00:00:00+09:00,820.5841425755406,822.2155425345592,813.2429323743391,815.6900024414062,85926,0.0,0.0
2009-12-07 00:00:00+09:00,817.3214927760773,845.0549366885011,817.3214927760773,833.6353149414062,207330,0.0,0.0
2009-12-08 00:00:00+09:00,832.003749971141,841.7920293825662,820.5840707435061,825.4782104492188,136215,0.0,0.0
2009-12-09 00:00:00+09:00,818.9529362424958,833.6353590451923,817.3215360167746,830.37255859375,127896,0.0,0.0
2009-12-10 00:00:00+09:00,832.0038667648581,853.2118283810157,825.4783263269039,848.3176879882812,327495,0.0,0.0
2009-12-11 00:00:00+09:00,851.5805383901127,903.7846894115943,849.9491381340584,895.6278076171875,834489,0.0,0.0
2009-12-14 00:00:00+09:00,903.7846564265523,903.7846564265523,879.3139521934964,889.1022338867188,220029,0.0,0.0
2009-12-15 00:00:00+09:00,895.6276825691567,944.5690859882363,880.9452615434329,907.04736328125,1913424,0.0,0.0
2009-12-16 00:00:00+09:00,928.2553822937556,960.8830285268781,918.4671003724052,942.9378051757812,2278413,0.0,0.0
2009-12-17 00:00:00+09:00,938.0437452517084,942.9378866351833,916.8358390852751,921.72998046875,712275,0.0,0.0
2009-12-18 00:00:00+09:00,918.4671295935976,938.0436940591304,918.4671295935976,936.412353515625,474870,0.0,0.0
2009-12-21 00:00:00+09:00,941.3065109577833,941.3065109577833,898.8905807181893,902.1533813476562,953364,0.0,0.0
2009-12-22 00:00:00+09:00,905.4160783555773,908.6788190839895,874.4198323354001,880.9453735351562,668307,0.0,0.0
2009-12-23 00:00:00+09:00,882.5766486586164,911.9414902804234,874.419708379499,892.3649291992188,407166,0.0,0.0
2009-12-24 00:00:00+09:00,905.4160896676485,910.3102306928791,884.2081253106721,895.6278076171875,316908,0.0,0.0
2009-12-28 00:00:00+09:00,897.2592471796904,905.4161293314277,880.945423133281,903.7847290039062,491358,0.0,0.0
2009-12-29 00:00:00+09:00,917.0755235460069,925.3823467760078,897.1390991210938,897.1390991210938,300021,33.333332,0.0
2009-12-30 00:00:00+09:00,900.4619293649702,907.1074252884914,848.9595336914062,848.9595336914062,562521,0.0,0.0
2010-01-04 00:00:00+09:00,857.2662003440845,873.8799066776429,847.2979887121766,870.55712890625,325506,0.0,0.0
2010-01-05 00:00:00+09:00,882.1868760482124,922.0597292029339,870.5572735977034,917.0756225585938,713250,0.0,0.0
2010-01-06 00:00:00+09:00,940.3345763844686,1053.3076171875,920.3981538403376,1053.3076171875,4580955,0.0,0.0
2010-01-07 00:00:00+09:00,1098.1647460954873,1181.2332274018054,1061.6146727282048,1113.1170654296875,7412907,0.0,0.0
2010-01-08 00:00:00+09:00,1129.7308593689077,1131.392187659333,1068.2601307534092,1118.1011962890625,1784778,0.0,0.0
2010-01-11 00:00:00+09:00,1126.408154570653,1151.328688963809,1098.164841697644,1124.746826171875,1615731,0.0,0.0
2010-01-12 00:00:00+09:00,1118.1012505083734,1124.7468073569114,1041.6783202085435,1045.0010986328125,1869432,0.0,0.0
2010-01-13 00:00:00+09:00,1035.0326443102242,1071.5827117470421,1013.4348329403712,1053.3076171875,1321353,0.0,0.0
2010-01-14 00:00:00+09:00,1068.2602791126117,1068.2602791126117,1035.0329785957856,1064.9376220703125,1152813,0.0,0.0
2010-01-15 00:00:00+09:00,1079.8899207968707,1081.5512492826201,1041.67839216621,1051.6466064453125,923307,0.0,0.0
2010-01-18 00:00:00+09:00,1040.0168442533386,1046.6622784765577,1015.096252972282,1023.403076171875,908343,0.0,0.0
2010-01-19 00:00:00+09:00,1033.3715053709025,1061.614819695076,1028.3873982361838,1059.9534912109375,801564,0.0,0.0
2010-01-20 00:00:00+09:00,1015.0961782591648,1021.7416728344008,922.0595584115324,923.720947265625,2665080,0.0,0.0
2010-01-21 00:00:00+09:00,913.7528450504279,950.3029174804688,895.4777479942659,950.3029174804688,656640,0.0,0.0
2010-01-22 00:00:00+09:00,938.6732808033332,973.5620214599386,933.6891749952467,955.2869262695312,542529,0.0,0.0
2010-01-25 00:00:00+09:00,933.6893551443261,966.9167133288528,930.3665767370704,938.6734619140625,437571,0.0,0.0
2010-01-26 00:00:00+09:00,950.3030539766631,968.5781536577578,932.0280151367188,932.0280151367188,476499,0.0,0.0
2010-01-27 00:00:00+09:00,938.673438297783,951.964369068975,910.4301267524249,917.0756225585938,250386,0.0,0.0
2010-01-28 00:00:00+09:00,932.02796759526,932.02796759526,897.13922014517,913.7529296875,228237,0.0,0.0
2010-01-29 00:00:00+09:00,900.46169903411,903.7844765665042,862.250244140625,862.250244140625,363615,0.0,0.0
2010-02-01 00:00:00+09:00,862.250635680547,878.864348363256,845.6369229978382,858.9279174804688,223398,0.0,0.0
2010-02-02 00:00:00+09:00,863.9118663664732,877.2027975643383,843.9754391491019,847.2981567382812,256401,0.0,0.0
2010-02-03 00:00:00+09:00,855.6049440075082,862.2504397386696,843.9754025294069,852.2822265625,212394,0.0,0.0
2010-02-04 00:00:00+09:00,853.9436273037745,880.5254889071631,853.9436273037745,867.2345581054688,238026,0.0,0.0
2010-02-05 00:00:00+09:00,830.6845461219549,843.9755397451621,828.1924924227478,829.8538818359375,436470,0.0,0.0
2010-02-08 00:00:00+09:00,838.9914323467481,860.5891905124391,829.02321754992,829.8538818359375,346257,0.0,0.0
2010-02-09 00:00:00+09:00,834.0071653977429,838.9912718426674,823.2082275396446,830.6843872070312,157773,0.0,0.0
2010-02-10 00:00:00+09:00,838.9912718426674,845.6367065418046,830.6843872070312,830.6843872070312,148605,0.0,0.0
2010-02-11 00:00:00+09:00,824.8697113363675,857.2664069477655,824.8697113363675,850.6209106445312,147753,0.0,0.0
2010-02-12 00:00:00+09:00,853.9434219919016,862.250244140625,837.3297168533237,862.250244140625,127494,0.0,0.0
2010-02-16 00:00:00+09:00,853.9436520960215,872.2186900840671,847.2981560816652,855.60498046875,124815,0.0,0.0
2010-02-17 00:00:00+09:00,857.2661743164062,868.8957744809214,852.282068651776,857.2661743164062,196548,0.0,0.0
2010-02-18 00:00:00+09:00,853.9436503737923,885.5096194857409,853.9436503737923,880.5255126953125,294570,0.0,0.0
2010-02-19 00:00:00+09:00,885.5096194857409,905.4460466474548,877.2027951154093,880.5255126953125,433887,0.0,0.0
2010-02-22 00:00:00+09:00,887.1709712750345,908.768786736269,887.1709712750345,902.123291015625,192102,0.0,0.0
2010-02-23 00:00:00+09:00,898.8005124914663,913.7528312158651,888.8323000085337,893.81640625,166236,0.0,0.0
2010-02-24 00:00:00+09:00,890.4935521700659,897.1390468717163,863.911695045735,870.55712890625,184152,0.0,0.0
2010-02-25 00:00:00+09:00,873.8800792979431,885.5096212716323,855.60498046875,855.60498046875,191625,0.0,0.0
2010-02-26 00:00:00+09:00,857.2665279598502,867.2347434012438,848.9597020390752,858.9279174804688,62895,0.0,0.0
2010-03-02 00:00:00+09:00,858.9276977535332,870.5572388993708,857.2663086579236,863.9118041992188,69789,0.0,0.0
2010-03-03 00:00:00+09:00,858.9276610742907,870.5572017235058,850.6207767921192,860.5889892578125,115095,0.0,0.0
2010-03-04 00:00:00+09:00,860.5890498952516,880.5254762313667,852.2822258689187,877.2027587890625,229545,0.0,0.0
2010-03-05 00:00:00+09:00,882.1868656734812,882.1868656734812,868.8959350585938,868.8959350585938,108192,0.0,0.0
2010-03-08 00:00:00+09:00,877.2028313611751,888.8324346330891,873.8801136439781,883.8483276367188,166194,0.0,0.0
2010-03-09 00:00:00+09:00,883.8482797088086,887.1709972458266,858.9277460783079,865.5731811523438,192033,0.0,0.0
2010-03-10 00:00:00+09:00,867.2343495980853,870.5570662893484,858.9275274493618,862.250244140625,89865,0.0,0.0
2010-03-11 00:00:00+09:00,858.9277588965019,870.5573008701912,853.9436520960215,855.60498046875,130827,0.0,0.0
2010-03-12 00:00:00+09:00,858.9277595621304,858.9277595621304,845.6367675231178,847.2981567382812,195906,0.0,0.0
2010-03-15 00:00:00+09:00,847.2981445002392,853.9436404237606,845.6367553090723,848.9595336914062,192900,0.0,0.0
2010-03-16 00:00:00+09:00,848.9593518224003,862.2502799810366,848.9593518224003,857.2661743164062,143985,0.0,0.0
2010-03-17 00:00:00+09:00,863.9118041992188,863.9118041992188,855.604919562314,863.9118041992188,175050,0.0,0.0
2010-03-18 00:00:00+09:00,865.5730954906592,867.2344845153216,858.9276610742907,860.5889892578125,129807,0.0,0.0
2010-03-19 00:00:00+09:00,863.9118284728678,868.8959350585938,858.927721887142,868.8959350585938,146151,0.0,0.0
2010-03-22 00:00:00+09:00,868.8959350585938,875.541369945465,863.9118284728678,868.8959350585938,189588,0.0,0.0
2010-03-23 00:00:00+09:00,873.8800754588258,963.5939974733428,870.5572970456715,913.7529296875,868392,0.0,0.0
2010-03-24 00:00:00+09:00,925.3824097999702,928.7051879911825,873.8800170887558,888.8323364257812,409347,0.0,0.0
2010-03-25 00:00:00+09:00,898.8004119674025,1005.1279593326532,892.1549174416491,958.6096801757812,1796835,0.0,0.0
2010-03-26 00:00:00+09:00,958.6097198764371,1000.1438950694081,933.6891904241999,986.8529663085938,750945,0.0,0.0
2010-03-29 00:00:00+09:00,973.5620214599386,986.8529500011241,951.9642093445187,955.2869262695312,436095,0.0,0.0
2010-03-30 00:00:00+09:00,956.948412850086,986.8530507516512,950.3029174804688,950.3029174804688,236667,0.0,0.0
2010-03-31 00:00:00+09:00,961.9326082667657,961.9326082667657,912.0915404809228,913.7529296875,423222,0.0,0.0
2010-04-01 00:00:00+09:00,917.0758436859632,933.6895567867477,903.7849097100316,912.0917358398438,215802,0.0,0.0
2010-04-02 00:00:00+09:00,898.8004094844536,941.9959716796875,898.8004094844536,941.9959716796875,298413,0.0,0.0
2010-04-05 00:00:00+09:00,946.9801756306504,973.5620955778556,902.1232199428828,945.3187866210938,450924,0.0,0.0
2010-04-06 00:00:00+09:00,948.6414661870825,961.9323943607391,920.3981601615037,941.9959716796875,129789,0.0,0.0
2010-04-07 00:00:00+09:00,948.6414924195061,956.9483151526051,932.0277861121727,955.2869262695312,156606,0.0,0.0
2010-04-08 00:00:00+09:00,963.5941051260335,966.9168230692545,946.9803937276205,956.9486083984375,161766,0.0,0.0
2010-04-09 00:00:00+09:00,963.593945594128,963.593945594128,927.0438109052942,937.0120239257812,170658,0.0,0.0
2010-04-12 00:00:00+09:00,932.0278293906541,938.6733243903965,897.1390871139987,898.8004760742188,398340,0.0,0.0
2010-04-13 00:00:00+09:00,908.7688250685053,908.7688250685053,880.5255126953125,880.5255126953125,234036,0.0,0.0
2010-04-14 00:00:00+09:00,877.2027951154093,885.5096194857409,865.5731923240271,880.5255126953125,258246,0.0,0.0
2010-04-15 00:00:00+09:00,888.832275891093,913.7528064222345,885.5094979261814,897.1390991210938,208071,0.0,0.0
2010-04-16 00:00:00+09:00,905.4460594754656,905.4460594754656,870.557311448176,878.8641967773438,123846,0.0,0.0
2010-04-19 00:00:00+09:00,872.2184550555455,877.2025605130058,853.9434219919016,862.250244140625,157878,0.0,0.0
2010-04-20 00:00:00+09:00,878.8642826992268,878.8642826992268,862.2505712578054,875.54150390625,134166,0.0,0.0
2010-04-21 00:00:00+09:00,872.2186883249808,888.8323979067915,872.2186883249808,880.5255126953125,122856,0.0,0.0
2010-04-22 00:00:00+09:00,887.170947265625,887.170947265625,865.5731323888898,872.2186279296875,139143,0.0,0.0
2010-04-23 00:00:00+09:00,875.5411717468087,875.5411717468087,862.250244140625,862.250244140625,211377,0.0,0.0
2010-04-26 00:00:00+09:00,863.9118041992188,870.5572388993708,858.9276977535332,863.9118041992188,110949,0.0,0.0
2010-04-27 00:00:00+09:00,870.5571891220453,870.5571891220453,852.2821534798553,853.9435424804688,158796,0.0,0.0
2010-04-28 00:00:00+09:00,847.2982301794801,857.2664446521799,837.3300157067803,845.6368408203125,162762,0.0,0.0
2010-04-29 00:00:00+09:00,845.6367651623133,887.1710086962662,843.9754367929353,880.5255126953125,189933,0.0,0.0
2010-04-30 00:00:00+09:00,880.5254517248273,888.8323363611103,865.5731323888898,872.2186279296875,83001,0.0,0.0
2010-05-03 00:00:00+09:00,877.2027590877552,882.1868656734812,855.6049436025614,868.8959350585938,120903,0.0,0.0
2010-05-04 00:00:00+09:00,883.8480914748122,883.8480914748122,857.2661743164062,857.2661743164062,149502,0.0,0.0
2010-05-06 00:00:00+09:00,834.0071901314823,847.2981207650623,820.7161986567572,823.208251953125,279396,0.0,0.0
2010-05-07 00:00:00+09:00,797.4569942823343,805.7638176923953,782.5046756395406,789.9808349609375,273414,0.0,0.0
2010-05-10 00:00:00+09:00,789.9808241019219,812.4093017578125,789.1501600246762,812.4093017578125,214242,0.0,0.0
2010-05-11 00:00:00+09:00,821.5468243747413,821.5468243747413,803.271728515625,803.271728515625,120534,0.0,0.0
2010-05-12 00:00:00+09:00,803.2718765326033,809.9173726914804,787.4888916015625,787.4888916015625,159468,0.0,0.0
2010-05-13 00:00:00+09:00,789.1501714403261,802.4411010742188,789.1501714403261,802.4411010742188,120546,0.0,0.0
2010-05-14 00:00:00+09:00,797.45698225513,802.4410883942246,789.1501589703522,795.7955932617188,107106,0.0,0.0
2010-05-17 00:00:00+09:00,789.1501687739741,789.1501687739741,742.6318239508138,748.4465942382812,380193,0.0,0.0
2010-05-18 00:00:00+09:00,749.2774173397129,755.9228525843517,739.3092036316065,743.4625854492188,282417,0.0,0.0
2010-05-19 00:00:00+09:00,746.7853273763677,747.6159915310205,693.6214829733984,735.9863891601562,99057,0.0,0.0
2010-05-20 00:00:00+09:00,729.3410905113816,765.8911719211844,717.7114859676317,721.8649291992188,63588,0.0,0.0
2010-05-24 00:00:00+09:00,714.3885980904797,714.3885980904797,669.5316408791479,691.12939453125,210831,0.0,0.0
2010-05-25 00:00:00+09:00,684.4839203196649,696.113460584816,630.4894176332738,646.2723999023438,196011,0.0,0.0
2010-05-26 00:00:00+09:00,651.256450005605,692.7906839521805,651.256450005605,679.499755859375,98598,0.0,0.0
2010-05-27 00:00:00+09:00,669.5317227948868,706.0817999892546,669.5317227948868,700.2670288085938,70095,0.0,0.0
2010-05-28 00:00:00+09:00,702.7589606438484,717.7112789554196,702.7589606438484,712.7271728515625,77703,0.0,0.0
2010-05-31 00:00:00+09:00,714.388586888831,735.9863402022793,714.388586888831,730.1715698242188,19650,0.0,0.0
2010-06-01 00:00:00+09:00,732.6636965024056,734.3250857090974,722.6954829445498,728.51025390625,43350,0.0,0.0
2010-06-03 00:00:00+09:00,731.0022706651076,745.954590252629,729.3409423828125,729.3409423828125,25374,0.0,0.0
2010-06-04 00:00:00+09:00,736.8171388840087,742.6319098440157,722.6954827341093,732.6636962890625,26775,0.0,0.0
2010-06-07 00:00:00+09:00,691.129346770478,707.7430537588107,691.129346770478,701.9282836914062,80265,0.0,0.0
2010-06-08 00:00:00+09:00,700.2669917796368,714.3886477186829,697.7749384281078,709.404541015625,55308,0.0,0.0
2010-06-09 00:00:00+09:00,711.0659069558639,722.6955101583352,699.436364594542,700.2670288085938,83844,0.0,0.0
2010-06-10 00:00:00+09:00,709.4044920941736,713.557873499535,704.4203857348261,707.7431030273438,28743,0.0,0.0
2010-06-11 00:00:00+09:00,707.7431518342236,721.0340827619959,705.2510984826947,709.404541015625,44268,0.0,0.0
2010-06-14 00:00:00+09:00,709.4044919567382,717.711315606994,701.0976074653403,703.5896606445312,75618,0.0,0.0
2010-06-15 00:00:00+09:00,701.9284659498596,714.3887342161817,699.4364122965952,706.0818481445312,46389,0.0,0.0
2010-06-16 00:00:00+09:00,714.3885142883795,727.6794427337314,703.589577887967,723.5260009765625,82152,0.0,0.0
2010-06-17 00:00:00+09:00,724.3567618445616,738.4783550069579,713.5578249072727,714.3885498046875,77451,0.0,0.0
2010-06-18 00:00:00+09:00,714.3886232363068,714.3886232363068,696.113525390625,696.113525390625,87390,0.0,0.0
2010-06-21 00:00:00+09:00,696.9442381504094,701.0976196270135,679.4998655934719,681.1611938476562,185811,0.0,0.0
2010-06-22 00:00:00+09:00,681.1611815955637,693.6214474835383,677.0078001936669,678.6691284179688,67947,0.0,0.0
2010-06-23 00:00:00+09:00,676.1770999068218,686.1453129808347,667.0396118164062,667.0396118164062,144504,0.0,0.0
2010-06-24 00:00:00+09:00,674.5157961981565,674.5157961981565,664.5475827609481,667.8703002929688,67971,0.0,0.0
2010-06-25 00:00:00+09:00,667.8702759706885,669.531665096768,660.3941161650464,662.8861694335938,81033,0.0,0.0
2010-06-28 00:00:00+09:00,664.5475832850349,665.3782474584085,657.9020873746063,659.5634765625,55422,0.0,0.0
2010-06-29 00:00:00+09:00,654.5793698399651,665.3782474584085,651.2565914641775,659.5634765625,65601,0.0,0.0
2010-06-30 00:00:00+09:00,655.4099607977248,655.4099607977248,616.367775552208,652.9179077148438,106953,0.0,0.0
2010-07-01 00:00:00+09:00,652.9179563594043,672.0237183653154,647.9338498223096,662.8861694335938,83181,0.0,0.0
2010-07-02 00:00:00+09:00,664.547608064315,666.208936473009,650.4259515435235,656.24072265625,67986,0.0,0.0
2010-07-05 00:00:00+09:00,657.0714731319041,657.0714731319041,648.7645874023438,648.7645874023438,42798,0.0,0.0
2010-07-06 00:00:00+09:00,644.6111205407977,656.2406616857648,641.2883423498273,647.933837890625,43380,0.0,0.0
2010-07-07 00:00:00+09:00,647.933837890625,654.5793334314227,644.6111205407977,647.933837890625,56343,0.0,0.0
2010-07-08 00:00:00+09:00,674.5157592783138,692.790795965857,657.9020508452743,664.5475463867188,136158,0.0,0.0
2010-07-09 00:00:00+09:00,664.5475463220478,664.5475463220478,651.2565552404523,660.3941040039062,64032,0.0,0.0
2010-07-12 00:00:00+09:00,664.5475702574039,678.669165133652,660.3941277896657,677.8385009765625,73155,0.0,0.0
2010-07-13 00:00:00+09:00,672.8543211033682,679.4998161600773,669.5316039955829,671.1929321289062,61419,0.0,0.0
2010-07-14 00:00:00+09:00,678.6692375804329,696.9443377164002,671.193076845124,684.4840698242188,110745,0.0,0.0
2010-07-15 00:00:00+09:00,694.4522468428828,696.9443002874851,681.1612545775716,685.314697265625,71436,0.0,0.0
2010-07-16 00:00:00+09:00,687.8067138614746,688.6373780181235,676.1771114626621,686.1453247070312,68403,0.0,0.0
2010-07-19 00:00:00+09:00,681.1611939123273,684.4839721032977,667.039599544704,672.8543701171875,66615,0.0,0.0
2010-07-20 00:00:00+09:00,680.330689386262,680.330689386262,664.5477022205685,676.17724609375,120303,0.0,0.0
2010-07-21 00:00:00+09:00,673.6850466502508,681.1612064558929,655.4100096279517,662.8861694335938,121929,0.0,0.0
2010-07-22 00:00:00+09:00,667.8703149232527,667.8703149232527,623.8440176640985,637.135009765625,151404,0.0,0.0
2010-07-23 00:00:00+09:00,633.8122204254994,646.2724872807919,613.045129280394,613.8757934570312,273213,0.0,0.0
2010-07-26 00:00:00+09:00,613.0452136327212,620.5213747745837,612.2145493417883,618.8599853515625,144999,0.0,0.0
2010-07-27 00:00:00+09:00,619.6905761235449,631.3201170397332,615.5371338871109,620.521240234375,63090,0.0,0.0
2010-07-28 00:00:00+09:00,626.3360108392369,634.6428953140514,614.7064699203236,624.6746826171875,103653,0.0,0.0
2010-07-29 00:00:00+09:00,626.3360105437233,627.9973996061307,616.3677978515625,616.3677978515625,64815,0.0,0.0
2010-07-30 00:00:00+09:00,622.182713973352,632.1509280245077,614.7065534349852,629.6588745117188,79626,0.0,0.0
2010-08-02 00:00:00+09:00,628.8280521102527,641.28831774547,623.0132817608649,634.6428833007812,49728,0.0,0.0
2010-08-03 00:00:00+09:00,637.9656742125984,642.119116851136,625.5054071381336,632.9815673828125,94200,0.0,0.0
2010-08-04 00:00:00+09:00,632.150929510315,632.9815937361469,617.1986083984375,617.1986083984375,77394,0.0,0.0
2010-08-05 00:00:00+09:00,619.690673828125,632.9816059026525,612.2145131284874,619.690673828125,96027,0.0,0.0
2010-08-06 00:00:00+09:00,620.5212525053921,629.6588012697882,617.1985351552221,627.166748046875,49380,0.0,0.0
2010-08-09 00:00:00+09:00,618.8598751873768,640.4576904773712,618.8598751873768,637.9656372070312,94479,0.0,0.0
2010-08-10 00:00:00+09:00,642.9497191418178,650.4258786667227,639.6270018555741,641.288330078125,74637,0.0,0.0
2010-08-11 00:00:00+09:00,633.812267244442,647.103260099308,632.9816030064445,640.457763671875,69060,0.0,0.0
2010-08-12 00:00:00+09:00,636.3043992884037,636.3043992884037,618.0293579101562,618.0293579101562,88662,0.0,0.0
2010-08-13 00:00:00+09:00,618.0292711716537,629.6588745117188,618.0292711716537,629.6588745117188,66951,0.0,0.0
2010-08-16 00:00:00+09:00,629.6587889656195,634.6428953140514,621.3519044908049,624.6746826171875,21855,0.0,0.0
2010-08-17 00:00:00+09:00,624.6747429468852,636.3042849889539,624.6747429468852,632.9815673828125,42180,0.0,0.0
2010-08-18 00:00:00+09:00,632.9814947628564,651.2565307617188,628.8280526008301,651.2565307617188,143292,0.0,0.0
2010-08-19 00:00:00+09:00,714.3884953389812,746.7851819986156,679.499755859375,679.499755859375,1748670,0.0,0.0
2010-08-20 00:00:00+09:00,669.531748353601,686.1453983157418,666.2089696882514,684.4840698242188,128364,0.0,0.0
2010-08-23 00:00:00+09:00,686.1453255336885,686.1453255336885,664.5475707056314,665.3782348632812,122103,0.0,0.0
2010-08-24 00:00:00+09:00,666.2088004094295,671.1929062998769,652.9178716486151,657.9019775390625,84804,0.0,0.0
2010-08-25 00:00:00+09:00,651.2565183071615,657.9020134710878,635.4735357391189,644.611083984375,94410,0.0,0.0
2010-08-26 00:00:00+09:00,642.9497673701877,659.563476729903,636.3042714580723,655.4100341796875,126654,0.0,0.0
2010-08-27 00:00:00+09:00,656.240637019694,656.240637019694,627.9973885048812,651.2565307617188,90735,0.0,0.0
2010-08-30 00:00:00+09:00,644.6111206059727,652.9179444019524,635.4735718415949,639.6270141601562,114354,0.0,0.0
2010-08-31 00:00:00+09:00,629.6588132529462,696.1135265679158,629.6588132529462,637.9656372070312,45294,0.0,0.0
2010-09-01 00:00:00+09:00,646.2724611462185,649.5952394006913,628.8280882542408,642.1190795898438,36939,0.0,0.0
2010-09-02 00:00:00+09:00,642.9496704243218,646.272387458797,637.9655644520402,643.7803344726562,16128,0.0,0.0
2010-09-03 00:00:00+09:00,644.6112178853865,657.9021501329406,642.9498285390101,647.103271484375,53874,0.0,0.0
2010-09-06 00:00:00+09:00,654.5793334963408,654.5793334963408,641.2883424134274,652.0872802734375,57600,0.0,0.0
2010-09-07 00:00:00+09:00,652.0873292891307,653.7486576685153,637.965673017476,649.5952758789062,60756,0.0,0.0
2010-09-08 00:00:00+09:00,644.6111702660289,647.1032236809219,627.9974605530266,632.9815673828125,91971,0.0,0.0
2010-09-09 00:00:00+09:00,637.9656250645031,649.5952270517892,631.3201295230334,639.6270141601562,34845,0.0,0.0
2010-09-10 00:00:00+09:00,639.6270019984267,656.2406492744979,637.134948822902,645.4417724609375,29802,0.0,0.0
2010-09-13 00:00:00+09:00,652.0872802746974,652.0872802746974,639.6270141601562,639.6270141601562,48609,0.0,0.0
2010-09-14 00:00:00+09:00,639.6270263195612,647.1031861304089,633.8121947948058,642.1190795898438,75249,0.0,0.0
2010-09-15 00:00:00+09:00,647.9338379561359,647.9338379561359,636.3042359688499,639.6270141601562,59274,0.0,0.0
2010-09-16 00:00:00+09:00,642.9498056778152,642.9498056778152,632.1509274132223,633.812255859375,76398,0.0,0.0
2010-09-17 00:00:00+09:00,633.812267244442,642.9498172270185,629.6588852133036,640.457763671875,82353,0.0,0.0
2010-09-20 00:00:00+09:00,640.4577273704327,640.4577273704327,630.4895137148617,637.135009765625,92127,0.0,0.0
2010-09-24 00:00:00+09:00,632.1508544275165,637.134960872829,621.3519165685773,623.0133056640625,116316,0.0,0.0
2010-09-27 00:00:00+09:00,624.6746947595477,631.3201294592023,621.3519165685773,623.0133056640625,66279,0.0,0.0
2010-09-28 00:00:00+09:00,623.0134284885378,627.9975359164462,615.5372673466753,618.8599853515625,132816,0.0,0.0
2010-09-29 00:00:00+09:00,617.1985228033371,623.843957370683,608.8916383324419,616.3677978515625,125595,0.0,0.0
2010-09-30 00:00:00+09:00,616.3677978515625,619.6905759763773,608.8916383324419,616.3677978515625,107355,0.0,0.0
2010-10-01 00:00:00+09:00,616.367797997941,623.013293408007,614.7064697762809,620.521240234375,51630,0.0,0.0
2010-10-04 00:00:00+09:00,623.0133537232407,636.3042849889539,619.6906361170993,632.9815673828125,76692,0.0,0.0
2010-10-05 00:00:00+09:00,632.9816046820746,632.9816046820746,623.0133904351128,627.9974975585938,43536,0.0,0.0
2010-10-06 00:00:00+09:00,627.9974120450443,639.6270140299632,626.3360229497293,631.3201293945312,98046,0.0,0.0
2010-10-07 00:00:00+09:00,629.6588739028432,636.3043093697542,627.9974846155404,633.812255859375,56535,0.0,0.0
2010-10-08 00:00:00+09:00,633.8121826169322,634.6429075851613,627.1667479179583,631.3201293945312,132405,0.0,0.0
2010-10-11 00:00:00+09:00,631.3201295256213,633.8121827485396,610.5530396150153,614.7064819335938,155040,0.0,0.0
2010-10-12 00:00:00+09:00,618.0292850139169,618.0292850139169,611.3837885505877,615.5372314453125,46386,0.0,0.0
2010-10-13 00:00:00+09:00,618.8598510246027,623.0132932600503,610.5530273948493,616.3677978515625,57123,0.0,0.0
2010-10-14 00:00:00+09:00,623.8440546753092,628.8281617987901,616.3678939900879,627.9974975585938,159009,0.0,0.0
2010-10-15 00:00:00+09:00,627.9974605530266,637.13501002135,627.9974605530266,632.9815673828125,97578,0.0,0.0
2010-10-18 00:00:00+09:00,639.6270376495463,661.2247924804688,634.6429310206956,661.2247924804688,265839,0.0,0.0
2010-10-19 00:00:00+09:00,664.5475834537028,664.5475834537028,650.4259274558876,655.4100341796875,118251,0.0,0.0
2010-10-20 00:00:00+09:00,648.7645622936807,657.9021119060927,648.7645622936807,656.24072265625,69306,0.0,0.0
2010-10-21 00:00:00+09:00,656.2406492744979,657.9020383385617,632.1508424718522,645.4417724609375,134463,0.0,0.0
2010-10-22 00:00:00+09:00,641.2882942076673,652.0872312559193,641.2882942076673,650.4258422851562,112974,0.0,0.0
2010-10-25 00:00:00+09:00,650.4258911132813,660.3941040039062,650.4258911132813,660.3941040039062,187356,0.0,0.0
2010-10-26 00:00:00+09:00,656.2406975099334,686.1453378143023,656.2406975099334,672.0237426757812,222060,0.0,0.0
2010-10-27 00:00:00+09:00,672.0236570367066,682.8225332678625,665.3781619799975,671.1929321289062,111939,0.0,0.0
2010-10-28 00:00:00+09:00,666.2089116317823,676.177125076852,650.4259272908039,659.5634765625,110499,0.0,0.0
2010-10-29 00:00:00+09:00,656.2406739886128,661.2247805273646,639.6270260868695,654.579345703125,80055,0.0,0.0
2010-11-01 00:00:00+09:00,650.4259400685985,652.0873292891307,646.2724974378417,649.5952758789062,53985,0.0,0.0
2010-11-02 00:00:00+09:00,651.2566038180227,661.2248174521819,649.5952754397613,653.7486572265625,122637,0.0,0.0
2010-11-03 00:00:00+09:00,657.0714108505235,670.3623415804101,654.5793575360982,661.2247924804688,161145,0.0,0.0
2010-11-04 00:00:00+09:00,667.8701907019633,672.0236325663095,661.2246958872365,670.3622436523438,135117,0.0,0.0
2010-11-05 00:00:00+09:00,677.8383670323493,691.9600199592344,664.5474389395438,679.499755859375,249555,0.0,0.0
2010-11-08 00:00:00+09:00,684.4839222423245,691.1293564578949,671.1929321289062,671.1929321289062,112566,0.0,0.0
2010-11-09 00:00:00+09:00,671.1929686581917,678.6691281884481,658.7327027744311,666.2088623046875,90726,0.0,0.0
2010-11-10 00:00:00+09:00,670.3623168945312,670.3623168945312,636.3042359045148,647.933837890625,143250,0.0,0.0
2010-11-11 00:00:00+09:00,634.6428833007812,656.2406365077306,633.8121583643396,634.6428833007812,96330,0.0,0.0
2010-11-12 00:00:00+09:00,632.981556248862,645.4418231041547,601.4155266017386,613.8757934570312,181749,0.0,0.0
2010-11-15 00:00:00+09:00,614.7066397071546,618.0293579101562,605.5690885974515,618.0293579101562,163503,0.0,0.0
2010-11-16 00:00:00+09:00,614.706556384136,615.5372206120009,597.2621817109215,604.7383422851562,129120,0.0,0.0
2010-11-17 00:00:00+09:00,601.4154907231879,612.2144285809753,598.0927733737149,606.3995971679688,26400,0.0,0.0
2010-11-18 00:00:00+09:00,606.39952419057,613.8756829580201,604.7381961363383,608.0609130859375,74499,0.0,0.0
2010-11-19 00:00:00+09:00,608.0609130859375,615.5370718533876,604.7381961363383,608.0609130859375,65352,0.0,0.0
2010-11-22 00:00:00+09:00,608.8916625976562,614.7064941272408,606.3996093253041,608.8916625976562,77601,0.0,0.0
2010-11-23 00:00:00+09:00,609.722301981305,623.0132306208376,606.39952419057,608.0609130859375,76377,0.0,0.0
2010-11-24 00:00:00+09:00,581.4791486090364,594.7701416015625,580.6484843624355,594.7701416015625,149193,0.0,0.0
2010-11-25 00:00:00+09:00,605.5688832477455,606.3995473065262,592.2779541015625,592.2779541015625,46320,0.0,0.0
2010-11-26 00:00:00+09:00,595.6006454076522,598.0926983173076,581.4789919725595,583.140380859375,58245,0.0,0.0
2010-11-29 00:00:00+09:00,583.1403802688272,589.7858749682237,572.3415046183014,578.9869384765625,106773,0.0,0.0
2010-11-30 00:00:00+09:00,578.9868894266929,583.1403308670916,565.6959619949992,577.3255615234375,70059,0.0,0.0
2010-12-01 00:00:00+09:00,577.3257079080647,589.785974547511,573.172265414534,578.1563720703125,59994,0.0,0.0
2010-12-02 00:00:00+09:00,581.4790773129412,595.6007328205891,578.1563598927894,579.8177490234375,54174,0.0,0.0
2010-12-03 00:00:00+09:00,578.9869995533279,587.2938840141423,574.8336181640625,574.8336181640625,68538,0.0,0.0
2010-12-06 00:00:00+09:00,578.1562744545637,582.3097162468284,574.8335575254332,578.9869384765625,26328,0.0,0.0
2010-12-07 00:00:00+09:00,583.9710701492023,592.2779541015625,581.4790171317219,592.2779541015625,45708,0.0,0.0
2010-12-08 00:00:00+09:00,588.1245363379727,609.7223503256796,586.4631473108751,593.108642578125,83451,0.0,0.0
2010-12-09 00:00:00+09:00,588.1246438775181,603.0769653320312,588.1246438775181,603.0769653320312,79176,0.0,0.0
2010-12-10 00:00:00+09:00,594.7700684545724,604.7382815524638,583.1404662266509,583.9711303710938,69747,0.0,0.0
2010-12-13 00:00:00+09:00,584.8018674774625,589.7859741297103,576.4949824962856,586.4631958007812,94512,0.0,0.0
2010-12-14 00:00:00+09:00,586.4630977918704,594.7699813848122,578.9869390629041,583.140380859375,68523,0.0,0.0
2010-12-15 00:00:00+09:00,583.1403928271621,590.6165517095617,580.6483398663623,581.47900390625,31311,0.0,0.0
2010-12-16 00:00:00+09:00,588.1245849652457,599.754187434206,581.4790891485334,586.4631958007812,59196,0.0,0.0
2010-12-17 00:00:00+09:00,589.7859858689152,600.5848635500131,589.7859858689152,597.2621459960938,31395,0.0,0.0
2010-12-20 00:00:00+09:00,592.2779541015625,596.4313352366045,580.6483530729411,592.2779541015625,62529,0.0,0.0
2010-12-21 00:00:00+09:00,596.4313962358956,611.3837158700084,593.9393429635435,608.8916625976562,81861,0.0,0.0
2010-12-22 00:00:00+09:00,611.383691505482,624.6746823224578,608.8916383324419,616.3677978515625,109038,0.0,0.0
2010-12-23 00:00:00+09:00,620.5213747745837,623.8440927794708,609.7224956278341,618.8599853515625,81777,0.0,0.0
2010-12-24 00:00:00+09:00,614.7065184748152,621.3519535702068,607.2303583616397,613.8757934570312,74376,0.0,0.0
2010-12-27 00:00:00+09:00,619.690673828125,623.8440558782671,613.0451773702855,619.690673828125,83514,0.0,0.0
2010-12-28 00:00:00+09:00,623.0133057270538,652.9179444019524,614.7064819310741,639.6270141601562,117669,0.0,0.0
2010-12-29 00:00:00+09:00,639.6270141601562,644.6111206059727,630.4894653957784,639.6270141601562,39060,0.0,0.0
2010-12-30 00:00:00+09:00,642.9497191418178,647.9338254917544,635.473559616913,641.288330078125,35913,0.0,0.0
2011-01-03 00:00:00+09:00,641.2884403221276,650.4259904815631,634.6430046072222,638.79638671875,47097,0.0,0.0
2011-01-04 00:00:00+09:00,640.4577030230544,642.9497563422102,631.3201539057677,632.15087890625,41997,0.0,0.0
2011-01-05 00:00:00+09:00,627.9974364272751,633.8122072249236,627.9974364272751,632.15087890625,43293,0.0,0.0
2011-01-06 00:00:00+09:00,632.1508304235085,649.5952023197052,631.3201054867386,642.94970703125,170538,0.0,0.0
2011-01-07 00:00:00+09:00,650.4259267778539,677.0078495574587,642.9497666999475,667.8703002929688,208299,0.0,0.0
2011-01-10 00:00:00+09:00,674.5158207133397,675.3464849162488,661.224828419905,668.7009887695312,99396,0.0,0.0
2011-01-11 00:00:00+09:00,666.2089118008718,666.2089118008718,651.256591629472,655.4100341796875,35388,0.0,0.0
2011-01-12 00:00:00+09:00,655.41004596062,664.5475953988819,648.7645499290525,662.0555419921875,93351,0.0,0.0
2011-01-13 00:00:00+09:00,661.2247432776693,666.2088495356445,644.6110963118457,651.2565307617188,35931,0.0,0.0
2011-01-14 00:00:00+09:00,645.4417724609375,652.917931987512,634.6428956473771,645.4417724609375,71166,0.0,0.0
2011-01-17 00:00:00+09:00,645.4417474553837,649.5951895340608,632.1508179812125,636.30419921875,123120,0.0,0.0
2011-01-18 00:00:00+09:00,632.9814938162318,638.79626416146,623.0132813151888,626.3359985351562,73821,0.0,0.0
2011-01-19 00:00:00+09:00,635.4735592761672,635.4735592761672,618.859851171573,620.521240234375,51054,0.0,0.0
2011-01-20 00:00:00+09:00,621.3519903687477,627.9974866988545,616.3678833314551,617.1986083984375,47754,0.0,0.0
2011-01-21 00:00:00+09:00,623.0132932600503,623.0132932600503,609.7223632842165,616.3677978515625,60240,0.0,0.0
2011-01-24 00:00:00+09:00,619.6905883807794,619.6905883807794,600.5848267246489,602.2462158203125,33222,0.0,0.0
2011-01-25 00:00:00+09:00,601.415563691396,611.3837777903758,601.415563691396,604.7383422851562,51216,0.0,0.0
2011-01-26 00:00:00+09:00,599.7542487634719,604.7383559253811,590.6166986862542,594.7701416015625,82206,0.0,0.0
2011-01-27 00:00:00+09:00,603.0768921404953,605.5689454138031,594.7700681765173,600.5848388671875,41016,0.0,0.0
2011-01-28 00:00:00+09:00,598.9233764447458,604.7382072649709,598.0927124023438,598.0927124023438,38835,0.0,0.0
2011-01-31 00:00:00+09:00,597.2621456142926,604.7383057366922,589.7859854918933,601.41552734375,45375,0.0,0.0
2011-02-01 00:00:00+09:00,597.2621092466325,608.8916503903592,596.4313842784069,606.3995971679688,101148,0.0,0.0
2011-02-07 00:00:00+09:00,608.8916750010012,613.0451174865767,596.4314083854204,607.2303466796875,49968,0.0,0.0
2011-02-08 00:00:00+09:00,606.399633903967,612.214465669239,603.9075805306067,605.5689697265625,34764,0.0,0.0
2011-02-09 00:00:00+09:00,601.4155398155572,614.7065319806527,599.7542114257812,599.7542114257812,39774,0.0,0.0
2011-02-10 00:00:00+09:00,608.8915883181182,608.8915883181182,596.4313234764027,598.0927124023438,32016,0.0,0.0
2011-02-11 00:00:00+09:00,599.7541625987493,605.5689331718704,589.7859497070312,589.7859497070312,37131,0.0,0.0
2011-02-14 00:00:00+09:00,588.1245121253825,594.7700071190429,584.8017950491212,592.2779541015625,29544,0.0,0.0
2011-02-15 00:00:00+09:00,586.4631958007812,593.9393557791531,577.3257074990906,586.4631958007812,51222,0.0,0.0
2011-02-16 00:00:00+09:00,581.4790405570885,588.9551999107131,577.3256592547241,580.6483764648438,23496,0.0,0.0
2011-02-17 00:00:00+09:00,588.1245863754036,588.1245863754036,557.3892822265625,557.3892822265625,90813,0.0,0.0
2011-02-18 00:00:00+09:00,559.0506218360142,589.7859874462688,557.3892934751848,572.3416137695312,44787,0.0,0.0
2011-02-21 00:00:00+09:00,576.4949702972522,614.7064943833337,569.0188104770812,596.431396484375,29712,0.0,0.0
2011-02-22 00:00:00+09:00,597.2621219512372,598.9234502407409,578.9870240375412,579.8177490234375,24888,0.0,0.0
2011-02-23 00:00:00+09:00,576.4949585607648,593.1086669921875,576.4949585607648,585.6325073242188,18072,0.0,0.0
2011-02-24 00:00:00+09:00,581.4790400209265,590.6165883917557,518.347048040022,568.1881103515625,33600,0.0,0.0
2011-02-25 00:00:00+09:00,564.0347046725188,568.188147080683,563.2040405273438,563.2040405273438,24450,0.0,0.0
2011-02-28 00:00:00+09:00,564.0347169049344,574.0029302277972,553.2358394188817,561.5426635742188,25908,0.0,0.0
2011-03-02 00:00:00+09:00,553.2358743418819,573.1723022460938,549.9131566382297,573.1723022460938,70056,0.0,0.0
2011-03-03 00:00:00+09:00,569.8495485707015,574.8336552321329,549.0823969206403,561.5426635742188,37341,0.0,0.0
2011-03-04 00:00:00+09:00,561.5427003504038,570.6802501085069,556.5585933625565,560.7120361328125,37365,0.0,0.0
2011-03-07 00:00:00+09:00,559.0505859372104,566.5267456043105,554.8972044606946,556.5585327148438,35496,0.0,0.0
2011-03-08 00:00:00+09:00,553.2357681003222,573.1721921760095,551.5743791469689,571.5108032226562,32514,0.0,0.0
2011-03-09 00:00:00+09:00,569.849475110441,575.6642451854705,563.2039801381659,571.5108032226562,42264,0.0,0.0
2011-03-10 00:00:00+09:00,568.1881227636394,577.3256713340785,568.1881227636394,574.8336181640625,31443,0.0,0.0
2011-03-11 00:00:00+09:00,573.1722044413591,577.3256464930531,557.3892219907449,569.8494873046875,93345,0.0,0.0
2011-03-14 00:00:00+09:00,554.8972541708176,560.7120252635381,544.0983153457171,545.7597045898438,36855,0.0,0.0
2011-03-15 00:00:00+09:00,544.9290244882259,548.2517420383792,481.7969955678577,506.717529296875,125106,0.0,0.0
2011-03-16 00:00:00+09:00,500.0719493164021,531.6379432615124,497.57989636229945,510.0401611328125,50178,0.0,0.0
2011-03-17 00:00:00+09:00,510.040204142854,520.839111328125,493.4265265213816,520.839111328125,156384,0.0,0.0
2011-03-18 00:00:00+09:00,510.0402040134682,520.008447088508,501.73338041512466,512.5322875976562,115518,0.0,0.0
2011-03-21 00:00:00+09:00,513.3630001361553,528.3153205284706,500.07203853612833,518.3471069335938,70146,0.0,0.0
2011-03-22 00:00:00+09:00,515.0243895781555,526.6539315499209,510.0402523579259,514.1936645507812,73959,0.0,0.0
2011-03-23 00:00:00+09:00,514.1936962354689,514.1936962354689,495.9186571243361,505.8868713378906,187329,0.0,0.0
2011-03-24 00:00:00+09:00,500.07208736486035,514.1937145296281,500.07208736486035,507.5482482910156,14259,0.0,0.0
2011-03-25 00:00:00+09:00,510.8709538283288,510.8709538283288,500.0720454771321,505.05615234375,32961,0.0,0.0
2011-03-28 00:00:00+09:00,501.733423313662,508.3788888446427,492.5958739854185,494.25726318359375,85815,0.0,0.0
2011-03-29 00:00:00+09:00,490.10371793213875,500.90262377561635,489.27305392764845,495.91851806640625,57768,0.0,0.0
2011-03-30 00:00:00+09:00,498.4107291344369,506.71758476020307,495.0879808000151,503.39483642578125,32835,0.0,0.0
2011-03-31 00:00:00+09:00,505.8868713378906,512.532367760644,504.22551244249007,505.8868713378906,30207,0.0,0.0
2011-04-01 00:00:00+09:00,510.0402780070894,511.70163688366404,499.24139967849135,502.5641174316406,24702,0.0,0.0
2011-04-04 00:00:00+09:00,503.39483642578125,508.37894371712565,500.9027827801091,503.39483642578125,47844,0.0,0.0
2011-04-05 00:00:00+09:00,500.9026424228908,505.056053861664,494.25717803674,497.57989501953125,77964,0.0,0.0
2011-04-06 00:00:00+09:00,497.57996210956304,503.39476324432525,494.2572446787609,500.9027099609375,43596,0.0,0.0
2011-04-07 00:00:00+09:00,501.7333368788727,501.7333368788727,492.59578912477616,497.57989501953125,44298,0.0,0.0
2011-04-08 00:00:00+09:00,494.25726318359375,500.9027287145744,492.5958739854185,494.25726318359375,50451,0.0,0.0
2011-04-11 00:00:00+09:00,497.57998073879736,500.9027287145744,484.28904967683604,494.25726318359375,37653,0.0,0.0
2011-04-12 00:00:00+09:00,497.57998786957774,497.57998786957774,480.96630859375,480.96630859375,78090,0.0,0.0
2011-04-13 00:00:00+09:00,480.13554589303845,481.7969348794155,465.1832275390625,465.1832275390625,200307,0.0,0.0
2011-04-14 00:00:00+09:00,466.01395870776884,471.82875977657693,460.1991576389608,468.5060119628906,79539,0.0,0.0
2011-04-15 00:00:00+09:00,465.1832883685352,469.33673095703125,464.35262418729485,469.33673095703125,65244,0.0,0.0
2011-04-18 00:00:00+09:00,469.33671884791573,478.47423754982213,466.01397094696216,466.84466552734375,79296,0.0,0.0
2011-04-19 00:00:00+09:00,465.1832457836882,466.8446348352254,461.86052852175527,462.6911926269531,40509,0.0,0.0
2011-04-20 00:00:00+09:00,462.6912594062899,468.5060610847677,461.86059518120385,466.0140075683594,69528,0.0,0.0
2011-04-21 00:00:00+09:00,465.18326414920426,483.4583314936212,465.18326414920426,468.5060119628906,56607,0.0,0.0
2011-04-22 00:00:00+09:00,471.8287226434315,471.8287226434315,465.1832275390625,465.1832275390625,58188,0.0,0.0
2011-04-25 00:00:00+09:00,464.35272447031423,465.18338883094737,456.0458679199219,456.0458679199219,73977,0.0,0.0
2011-04-26 00:00:00+09:00,458.53777421489787,458.53777421489787,437.77065473526494,446.908203125,58980,0.0,0.0
2011-04-27 00:00:00+09:00,465.18322021521703,465.18322021521703,441.093384497716,449.4002380371094,80919,0.0,0.0
2011-04-28 00:00:00+09:00,451.89229710488894,455.21501422866146,445.24680201620487,448.5695495605469,35298,0.0,0.0
2011-04-29 00:00:00+09:00,455.2150265803969,455.2150265803969,441.0934023697659,446.908203125,25422,0.0,0.0
2011-05-02 00:00:00+09:00,451.8922910568705,458.53775563604376,447.73884907688927,449.4002380371094,52956,0.0,0.0
2011-05-03 00:00:00+09:00,452.72294338271865,458.53774375164267,451.8922793447069,455.2149963378906,23655,0.0,0.0
2011-05-04 00:00:00+09:00,450.2310652925893,456.8765627011352,449.4004009319561,456.0458679199219,24102,0.0,0.0
2011-05-06 00:00:00+09:00,456.0457702404614,461.8605716223343,453.55371685116927,456.87646484375,54822,0.0,0.0
2011-05-09 00:00:00+09:00,458.53773491089424,485.1196224466989,458.53773491089424,481.7969055175781,193428,0.0,0.0
2011-05-11 00:00:00+09:00,483.4583314166806,483.4583314166806,470.16737058462246,476.8128662109375,38625,0.0,0.0
2011-05-12 00:00:00+09:00,475.15153222891456,475.98222688373767,466.014012708162,473.49017333984375,22770,0.0,0.0
2011-05-13 00:00:00+09:00,473.49016811758435,476.81291627965385,466.0140075683594,466.0140075683594,30789,0.0,0.0
2011-05-16 00:00:00+09:00,468.50602426753414,478.47423754982213,463.5219176263902,466.84466552734375,8244,0.0,0.0
2011-05-17 00:00:00+09:00,463.5218750759527,469.33667576369055,462.6911805718274,464.3525695800781,25494,0.0,0.0
2011-05-18 00:00:00+09:00,465.1832275390625,466.8446165254395,456.87640428945554,465.1832275390625,20739,0.0,0.0
2011-05-19 00:00:00+09:00,467.6754124121309,471.8288556281498,443.5855695256498,451.8924255371094,53121,0.0,0.0
2011-05-20 00:00:00+09:00,455.2151731387086,456.8765627011352,447.7390113695296,456.0458679199219,35880,0.0,0.0
2011-05-23 00:00:00+09:00,452.72294201518645,456.04568941890153,442.7547302246094,442.7547302246094,24012,0.0,0.0
2011-05-24 00:00:00+09:00,433.61720384870256,442.7547209926814,409.5273693306305,418.6648864746094,116244,0.0,0.0
2011-05-25 00:00:00+09:00,412.85018827823933,424.479791612663,412.85018827823933,421.15704345703125,53007,0.0,0.0
2011-05-26 00:00:00+09:00,420.3262634277344,425.3103694384212,417.00354636765576,420.3262634277344,22020,0.0,0.0
2011-05-27 00:00:00+09:00,418.66487582894257,430.29444557289094,413.6807701643123,428.6330871582031,50991,0.0,0.0
2011-05-30 00:00:00+09:00,429.4638797810652,430.2945439680732,423.6490783691406,423.6490783691406,7944,0.0,0.0
2011-05-31 00:00:00+09:00,426.97179558872045,426.97179558872045,413.6808349287313,415.3421936035156,53970,0.0,0.0
2011-06-01 00:00:00+09:00,410.3581469278445,420.3263612695782,410.3581469278445,419.4956970214844,14088,0.0,0.0
2011-06-02 00:00:00+09:00,412.019476253947,426.14110104104253,409.5274230314848,415.3421936035156,23058,0.0,0.0
2011-06-03 00:00:00+09:00,415.3422417898194,421.15704345703125,409.52747054318263,421.15704345703125,53610,0.0,0.0
2011-06-07 00:00:00+09:00,414.5115058384821,428.6331298202781,413.6808113381754,426.9717712402344,68976,0.0,0.0
2011-06-08 00:00:00+09:00,426.97181365188726,433.6172790527344,416.17290575750945,433.6172790527344,25296,0.0,0.0
2011-06-09 00:00:00+09:00,426.971904879886,433.6173717006219,417.00368943849236,429.4639587402344,39858,0.0,0.0
2011-06-10 00:00:00+09:00,429.4638488446176,440.2627258624137,423.6490478515625,436.10931396484375,31932,0.0,0.0
2011-06-13 00:00:00+09:00,436.10922752777276,436.10922752777276,418.66485842666185,431.1251220703125,22050,0.0,0.0
2011-06-14 00:00:00+09:00,411.1888869574863,431.1253178402735,411.1888869574863,429.4639587402344,24279,0.0,0.0
2011-06-15 00:00:00+09:00,429.46386114683065,430.2945252977965,417.8342588275845,426.14111328125,10632,0.0,0.0
2011-06-16 00:00:00+09:00,426.14114818966175,463.5219506624391,426.14114818966175,441.9241638183594,37419,0.0,0.0
2011-06-17 00:00:00+09:00,441.92411499005306,444.4161682128906,426.97179565302764,444.4161682128906,25338,0.0,0.0
2011-06-20 00:00:00+09:00,446.07747762832446,446.07747762832446,432.7865184340323,442.7547302246094,8976,0.0,0.0
2011-06-21 00:00:00+09:00,432.78660192401304,456.0457773958699,432.78660192401304,443.58551025390625,6639,0.0,0.0
2011-06-22 00:00:00+09:00,446.908215244465,448.5695738964838,437.7706666069336,445.246826171875,26361,0.0,0.0
2011-06-23 00:00:00+09:00,445.2468323401221,445.2468323401221,438.60136721941245,444.4161682128906,8115,0.0,0.0
2011-06-24 00:00:00+09:00,445.24688970218756,510.8709764982525,445.24688970218756,473.49017333984375,533241,0.0,0.0
2011-06-27 00:00:00+09:00,470.16733984724596,480.13555221447075,454.38435721285333,464.3525695800781,93921,0.0,0.0
2011-06-28 00:00:00+09:00,461.86059518120385,469.3367557304289,460.1992058898815,466.0140075683594,105777,0.0,0.0
2011-06-29 00:00:00+09:00,466.84460949022116,466.84460949022116,453.55364990234375,453.55364990234375,51963,0.0,0.0
2011-06-30 00:00:00+09:00,462.69115520340654,462.69115520340654,448.5695319309548,455.2149963378906,160992,0.0,0.0
2011-07-01 00:00:00+09:00,456.87644632585665,466.84465947899844,449.4002864610003,463.52191162109375,29715,0.0,0.0
2011-07-04 00:00:00+09:00,460.1991214210705,465.1832275390625,455.21501530307853,465.1832275390625,44148,0.0,0.0
2011-07-05 00:00:00+09:00,459.36851823304215,465.1832891943414,451.0616634618772,456.87646484375,117201,0.0,0.0
2011-07-06 00:00:00+09:00,456.87647201219215,456.87647201219215,442.754815637584,443.58551025390625,66873,0.0,0.0
2011-07-07 00:00:00+09:00,440.262725894447,446.9082214357282,432.7865662259343,444.4161682128906,48471,0.0,0.0
2011-07-08 00:00:00+09:00,443.5854736660186,446.07752688886137,431.9559020996094,431.9559020996094,104892,0.0,0.0
2011-07-11 00:00:00+09:00,434.4479795969,442.7548038567991,431.95592623481565,436.9400329589844,7665,0.0,0.0
2011-07-12 00:00:00+09:00,441.9240591547754,444.41611206275246,431.9558475228675,435.278564453125,15939,0.0,0.0
2011-07-13 00:00:00+09:00,435.27859456102266,435.27859456102266,423.64902365957715,426.9717712402344,71367,0.0,0.0
2011-07-14 00:00:00+09:00,426.9718075053216,440.26273811568336,426.9718075053216,438.60137939453125,6120,0.0,0.0
2011-07-15 00:00:00+09:00,430.2945249476258,441.0934326865456,430.2945249476258,438.60137939453125,5061,0.0,0.0
2011-07-18 00:00:00+09:00,443.58551063268163,443.58551063268163,430.29454886304666,439.4320983886719,25638,0.0,0.0
2011-07-19 00:00:00+09:00,441.9241455581815,441.9241455581815,434.4479853725388,440.26275634765625,41721,0.0,0.0
2011-07-20 00:00:00+09:00,441.0933847951365,457.70706146455643,438.60133177369505,453.55364990234375,61161,0.0,0.0
2011-07-21 00:00:00+09:00,451.8923217906234,459.36848135836954,446.90821541212597,457.70709228515625,43764,0.0,0.0
2011-07-22 00:00:00+09:00,457.7070672817756,458.53776177300347,441.92408489243235,448.5695495605469,76059,0.0,0.0
2011-07-25 00:00:00+09:00,450.2309448580101,472.6594241660386,445.2468383451149,447.7388916015625,50103,0.0,0.0
2011-07-26 00:00:00+09:00,449.40026273807996,464.35258167849037,446.9082095813449,462.6911926269531,64068,0.0,0.0
2011-07-27 00:00:00+09:00,462.69121705147444,466.0139649093792,453.5536984679519,463.52191162109375,39141,0.0,0.0
2011-07-28 00:00:00+09:00,456.8764522450558,466.84466552734375,453.55370434410224,466.84466552734375,181152,0.0,0.0
2011-07-29 00:00:00+09:00,513.3629871611882,536.6221313476562,512.5323229963255,536.6221313476562,1111368,0.0,0.0
2011-08-01 00:00:00+09:00,514.1936158126399,527.4846065793596,510.0402040134682,512.5322875976562,1405689,0.0,0.0
2011-08-02 00:00:00+09:00,512.5322431243649,522.5004549138752,490.10373617739856,497.57989501953125,262608,0.0,0.0
2011-08-03 00:00:00+09:00,497.57996953401647,497.57996953401647,465.18327636658057,466.84466552734375,369906,0.0,0.0
2011-08-04 00:00:00+09:00,468.5059330047123,494.2571557745929,461.860468917884,470.99798583984375,206154,0.0,0.0
2011-08-05 00:00:00+09:00,456.87645985565933,456.87645985565933,431.12523164059644,436.9400329589844,181293,0.0,0.0
2011-08-08 00:00:00+09:00,419.49561018064895,435.2785926740686,392.08302641562886,397.8977966308594,253797,0.0,0.0
2011-08-09 00:00:00+09:00,378.79206990388366,397.0671360482084,338.91922044031696,347.22607421875,299172,0.0,0.0
2011-08-10 00:00:00+09:00,360.5170528069484,377.13076262406565,360.5170528069484,365.50115966796875,131244,0.0,0.0
2011-08-11 00:00:00+09:00,353.8715576171875,381.2841430664063,350.54880984678863,373.8079833984375,41277,0.0,0.0
2011-08-12 00:00:00+09:00,387.0989568662526,393.74442220633745,367.9931945800781,367.9931945800781,80943,0.0,0.0
2011-08-16 00:00:00+09:00,377.1307072492991,387.09891950768963,375.46931825918756,385.4375305175781,60036,0.0,0.0
2011-08-17 00:00:00+09:00,385.437590812472,397.0671938802198,379.6228196991725,393.74444580078125,69297,0.0,0.0
2011-08-18 00:00:00+09:00,394.5751099417783,400.38988060584137,383.77620233333363,389.59100341796875,41844,0.0,0.0
2011-08-19 00:00:00+09:00,372.14663099054883,372.14663099054883,358.0249755439708,360.51702880859375,72522,0.0,0.0
2011-08-22 00:00:00+09:00,366.331792465372,371.31589848530905,357.19427490234375,357.19427490234375,31860,0.0,0.0
2011-08-23 00:00:00+09:00,362.1783809222808,363.8397394554035,350.5487799287151,357.19427490234375,71457,0.0,0.0
2011-08-24 00:00:00+09:00,360.5170780188485,363.8398262987552,353.87161187961124,358.0250244140625,22110,0.0,0.0
2011-08-25 00:00:00+09:00,358.0249993764382,372.1466557630453,358.0249993764382,365.50115966796875,43071,0.0,0.0
2011-08-26 00:00:00+09:00,365.5011292146983,373.80798343113634,358.0249695460756,369.6545715332031,32784,0.0,0.0
2011-08-29 00:00:00+09:00,369.6545353988778,376.2999998700804,365.50109348637864,374.6386413574219,32901,0.0,0.0
2011-08-30 00:00:00+09:00,374.63865418470147,387.09891950768963,371.31590662504806,385.4375305175781,35289,0.0,0.0
2011-08-31 00:00:00+09:00,387.09890663527244,389.59095961700046,368.8238412957442,378.79205322265625,153147,0.0,0.0
2011-09-01 00:00:00+09:00,374.63865395763435,388.7602778416054,371.3159063999949,381.28411865234375,90141,0.0,0.0
2011-09-02 00:00:00+09:00,385.43744964772884,385.43744964772884,376.2999338015651,379.6226806640625,27324,0.0,0.0
2011-09-05 00:00:00+09:00,367.1625243542338,379.6227906737149,367.1625243542338,368.8238830566406,83217,0.0,0.0
2011-09-06 00:00:00+09:00,353.8716068754978,372.97734076848997,348.05680507303236,350.5488586425781,121818,0.0,0.0
2011-09-07 00:00:00+09:00,356.3636108398438,365.5011291827262,353.0408630694449,361.34771728515625,33177,0.0,0.0
2011-09-08 00:00:00+09:00,363.8397947557929,376.3000616994845,361.34774136705465,366.33184814453125,20088,0.0,0.0
2011-09-09 00:00:00+09:00,370.48526652898914,370.48526652898914,358.85569399346633,365.50115966796875,9378,0.0,0.0
2011-09-14 00:00:00+09:00,370.4852168010599,373.8079644026064,353.04084512893826,359.68634033203125,38511,0.0,0.0
2011-09-15 00:00:00+09:00,360.51702880859375,363.83977663494835,350.54881575010205,360.51702880859375,53646,0.0,0.0
2011-09-16 00:00:00+09:00,362.17841183289886,376.30003662109374,358.0249695147574,373.8079833984375,56334,0.0,0.0
2011-09-19 00:00:00+09:00,373.8080145765274,373.8080145765274,361.3477474239765,365.50115966796875,16392,0.0,0.0
2011-09-20 00:00:00+09:00,358.02497553879317,367.9931885971407,358.02497553879317,364.67047119140625,20343,0.0,0.0
2011-09-21 00:00:00+09:00,360.51702273741364,369.65457150086763,358.8556640625,361.34771728515625,86613,0.0,0.0
2011-09-22 00:00:00+09:00,361.34774889264787,363.8398023332868,348.0567870690487,348.8874816894531,85944,0.0,0.0
2011-09-23 00:00:00+09:00,345.56470340147615,345.56470340147615,323.9669189453125,323.9669189453125,88293,0.0,0.0
2011-09-26 00:00:00+09:00,316.490734069328,325.6282516844207,303.1997744669093,306.52252197265625,162318,0.0,0.0
2011-09-27 00:00:00+09:00,317.32147830322856,322.30558513301446,313.9987302765133,316.49078369140625,28989,0.0,0.0
2011-09-28 00:00:00+09:00,309.84528813437777,318.1521117680504,309.84528813437777,312.33734130859375,47733,0.0,0.0
2011-09-29 00:00:00+09:00,307.35328275484756,318.1521612420057,304.86122919310714,313.9987487792969,34704,0.0,0.0
2011-09-30 00:00:00+09:00,312.3373474113535,320.64417120733316,310.6759583157003,319.8135070800781,20952,0.0,0.0
2011-10-04 00:00:00+09:00,318.15211798442493,320.64417120733316,301.53843997189404,319.8135070800781,50559,0.0,0.0
2011-10-05 00:00:00+09:00,313.99868795126775,327.2896478460087,313.99868795126775,318.152099609375,29787,0.0,0.0
2011-10-06 00:00:00+09:00,327.28964815484727,333.93511289820367,317.32143582952773,322.3055419921875,17346,0.0,0.0
2011-10-07 00:00:00+09:00,328.1203308428824,344.73403927430513,320.64417117491365,323.9669189453125,77349,0.0,0.0
2011-10-10 00:00:00+09:00,330.6123840977125,333.93513186843467,320.6441712061174,332.2737731933594,21933,0.0,0.0
2011-10-11 00:00:00+09:00,333.10440115003934,348.05671886381515,332.27373711298617,337.2578430175781,13704,0.0,0.0
2011-10-12 00:00:00+09:00,343.90330741684465,358.02493067299906,336.4271485599567,337.2578430175781,25449,0.0,0.0
2011-10-13 00:00:00+09:00,343.0726264296391,355.5328916803593,336.4271617694448,352.2101745605469,42543,0.0,0.0
2011-10-14 00:00:00+09:00,359.6863648842787,359.6863648842787,332.2737789569002,348.0567626953125,66297,0.0,0.0
2011-10-17 00:00:00+09:00,350.5488586425781,357.19435510841737,345.5647515034866,350.5488586425781,63780,0.0,0.0
2011-10-18 00:00:00+09:00,352.21022975049647,352.21022975049647,343.9033748081752,348.8874816894531,3384,0.0,0.0
2011-10-19 00:00:00+09:00,352.21022356287426,352.21022356287426,345.5647275575355,349.7181701660156,6084,0.0,0.0
2011-10-20 00:00:00+09:00,353.8715638976166,353.8715638976166,343.9033508300781,343.9033508300781,13392,0.0,0.0
2011-10-21 00:00:00+09:00,347.2260865080656,356.3636046933456,337.2578737893706,353.8715515136719,15312,0.0,0.0
2011-10-24 00:00:00+09:00,347.2260865080656,360.5170165192782,347.2260865080656,353.8715515136719,16434,0.0,0.0
2011-10-25 00:00:00+09:00,350.54883320899745,391.25238203191435,350.54883320899745,366.33184814453125,98667,0.0,0.0
2011-10-26 00:00:00+09:00,363.83972329651283,379.6227351322129,358.8556174979305,376.29998779296875,12408,0.0,0.0
2011-10-27 00:00:00+09:00,387.92959543342556,388.76028995385906,365.5011171668568,371.31591796875,15426,0.0,0.0
2011-10-28 00:00:00+09:00,377.961376089112,379.6227651001703,342.2419686599096,359.68634033203125,89778,0.0,0.0
2011-10-31 00:00:00+09:00,352.21019286741307,363.0090696989519,352.21019286741307,353.8715515136719,4386,0.0,0.0
2011-11-01 00:00:00+09:00,357.1943236133627,362.1784303129883,340.58061433422847,358.8556823730469,9375,0.0,0.0
2011-11-02 00:00:00+09:00,355.5328411178677,357.1942298620671,340.58052494346344,346.39532470703125,24075,0.0,0.0
2011-11-03 00:00:00+09:00,348.8874573638474,348.8874573638474,338.9192442963089,343.9033508300781,32136,0.0,0.0
2011-11-04 00:00:00+09:00,347.2260863316106,353.87155133383976,345.564697265625,345.564697265625,14652,0.0,0.0
2011-11-07 00:00:00+09:00,348.8873774027653,348.8873774027653,342.2419136876629,346.39532470703125,36471,0.0,0.0
2011-11-08 00:00:00+09:00,345.56468521072145,351.37948589768155,344.7340211272771,347.22607421875,37077,0.0,0.0
2011-11-09 00:00:00+09:00,347.22606846025883,355.5328916803593,346.39537397002096,352.2101745605469,30978,0.0,0.0
2011-11-10 00:00:00+09:00,343.07265626759255,351.379510630732,340.5806030007079,343.9033508300781,55377,0.0,0.0
2011-11-11 00:00:00+09:00,347.22610438720227,357.1943176191739,343.0726619268323,355.5329284667969,43086,0.0,0.0
2011-11-14 00:00:00+09:00,358.8556394777098,363.0090510907342,352.21017481275686,356.36358642578125,27174,0.0,0.0
2011-11-15 00:00:00+09:00,353.8714827942334,353.8714827942334,344.73396638339693,346.39532470703125,38649,0.0,0.0
2011-11-16 00:00:00+09:00,353.0408444851402,353.0408444851402,341.4112735317899,347.22607421875,17280,0.0,0.0
2011-11-17 00:00:00+09:00,343.0726321192485,356.36359208062737,342.2419680358042,347.22607421875,38418,0.0,0.0
2011-11-18 00:00:00+09:00,341.41134024577195,347.22614206898197,339.7499813336731,342.2420349121094,38316,0.0,0.0
2011-11-21 00:00:00+09:00,342.24201598794065,349.7181763098575,338.9192679268973,348.8874816894531,26085,0.0,0.0
2011-11-22 00:00:00+09:00,340.5806030007079,350.5488160682464,340.5806030007079,343.9033508300781,40386,0.0,0.0
2011-11-23 00:00:00+09:00,355.5329670500523,355.5329670500523,338.0885920009983,342.2420349121094,16809,0.0,0.0
2011-11-24 00:00:00+09:00,351.37949815543243,351.37949815543243,337.25787361798126,345.564697265625,1521,0.0,0.0
2011-11-25 00:00:00+09:00,348.8874512046001,348.8874512046001,333.9351318672601,344.7340393066406,33723,0.0,0.0
2011-11-28 00:00:00+09:00,344.7340453925637,344.7340453925637,336.42719102942425,343.9033508300781,14214,0.0,0.0
2011-11-29 00:00:00+09:00,353.87160813795344,353.87160813795344,338.9192866673357,342.2420349121094,2847,0.0,0.0
2011-11-30 00:00:00+09:00,348.88750098108085,350.5488598931797,339.7499813336731,342.2420349121094,4515,0.0,0.0
2011-12-01 00:00:00+09:00,346.39537989839596,352.21018058843913,346.39537989839596,351.3794860839844,10755,0.0,0.0
2011-12-02 00:00:00+09:00,351.37951052367026,351.37951052367026,346.39540399141964,348.0567626953125,2604,0.0,0.0
2011-12-05 00:00:00+09:00,349.71812151040285,356.3635861705971,349.71812151040285,352.2101745605469,15405,0.0,0.0
2011-12-06 00:00:00+09:00,353.04085698025693,357.19429922676056,340.5805910818882,353.8715515136719,31560,0.0,0.0
2011-12-07 00:00:00+09:00,355.532945945928,375.4693733900095,350.5488390849077,365.50115966796875,91455,0.0,0.0
2011-12-08 00:00:00+09:00,372.1466123835608,376.3000241434082,365.5011170631202,367.1625061035156,41799,0.0,0.0
2011-12-09 00:00:00+09:00,365.5011353325538,365.5011353325538,357.19431139764555,364.67047119140625,38022,0.0,0.0
2011-12-12 00:00:00+09:00,359.6863238362644,382.11480067181645,359.6863238362644,378.79205322265625,52065,0.0,0.0
2011-12-13 00:00:00+09:00,377.96145569971884,389.5910595444081,373.8080431383735,382.1148986816406,32592,0.0,0.0
2011-12-14 00:00:00+09:00,375.46931803161704,385.4375302839659,375.46931803161704,381.28411865234375,44295,0.0,0.0
2011-12-15 00:00:00+09:00,381.28403888502953,385.43744964772884,365.5010293138711,379.6226806640625,41208,0.0,0.0
2011-12-16 00:00:00+09:00,381.28420400114095,394.5751667862531,373.8080431383735,382.1148986816406,26340,0.0,0.0
2011-12-19 00:00:00+09:00,390.42166798406896,390.42166798406896,353.87156357645665,360.51702880859375,53913,0.0,0.0
2011-12-20 00:00:00+09:00,380.45341173695203,380.45341173695203,357.19427085453646,378.79205322265625,128862,0.0,0.0
2011-12-21 00:00:00+09:00,378.79205284935244,382.11480029523807,374.6386413574219,374.6386413574219,60789,0.0,0.0
2011-12-22 00:00:00+09:00,372.14671483592144,380.45354064249375,368.8239662609452,377.96148681640625,17859,0.0,0.0
2011-12-23 00:00:00+09:00,377.961358755224,386.26821216784026,372.977252791768,378.79205322265625,26964,0.0,0.0
2011-12-26 00:00:00+09:00,387.09890663527244,387.09890663527244,370.48519981004,378.79205322265625,14973,0.0,0.0
2011-12-27 00:00:00+09:00,390.42167390297203,390.42167390297203,367.16253002759083,380.4534606933594,9810,0.0,0.0
2011-12-28 00:00:00+09:00,387.0989186874745,387.0989186874745,370.4852113449796,372.9772644042969,47886,0.0,0.0
2011-12-29 00:00:00+09:00,384.6068409307953,384.6068409307953,370.4851875544335,376.29998779296875,20907,0.0,0.0
2012-01-02 00:00:00+09:00,389.5909478539853,389.5909478539853,376.2999888792103,384.6068420410156,31962,0.0,0.0
2012-01-03 00:00:00+09:00,385.4375487881954,387.929601970922,377.130725126154,382.94549560546875,29526,0.0,0.0
2012-01-04 00:00:00+09:00,387.09890782712563,393.74437232533836,385.43751888714587,391.2523193359375,34527,0.0,0.0
2012-01-05 00:00:00+09:00,392.0830776538969,445.24686313808473,380.4534748625147,440.26275634765625,295668,0.0,0.0
2012-01-06 00:00:00+09:00,431.1252198693348,444.41618091108506,424.47975455874587,426.14111328125,117261,0.0,0.0
2012-01-09 00:00:00+09:00,426.1412208432057,461.0299757660413,417.00369993218027,456.0458679199219,183555,0.0,0.0
2012-01-10 00:00:00+09:00,456.0457210941647,461.8605218493988,439.43204376280056,446.908203125,60852,0.0,0.0
2012-01-11 00:00:00+09:00,461.0298651157145,461.0298651157145,438.60138519116623,446.0775451660156,31494,0.0,0.0
2012-01-12 00:00:00+09:00,447.73891075447233,447.73891075447233,431.95592640220406,432.7865905761719,29622,0.0,0.0
2012-01-13 00:00:00+09:00,431.12523234865114,445.24685795013073,423.6490722501196,424.4797668457031,35457,0.0,0.0
2012-01-16 00:00:00+09:00,422.81832915927043,432.7865414806722,422.81832915927043,426.9717712402344,49605,0.0,0.0
2012-01-17 00:00:00+09:00,426.9717712402344,431.9558774009353,421.1569705792267,426.9717712402344,15366,0.0,0.0
2012-01-18 00:00:00+09:00,431.9559516254999,436.10936399959,420.32634830512745,425.3104553222656,24051,0.0,0.0
2012-01-19 00:00:00+09:00,422.81842672258057,429.46392341731126,421.9877624511719,421.9877624511719,36315,0.0,0.0
2012-01-20 00:00:00+09:00,433.6173110149316,436.1093645265116,412.0195240547627,421.15704345703125,21537,0.0,0.0
2012-01-25 00:00:00+09:00,431.9559020336449,431.9559020336449,413.6808349287313,415.3421936035156,19188,0.0,0.0
2012-01-26 00:00:00+09:00,417.0036127702081,430.2945439680732,412.0195059658653,423.6490783691406,27333,0.0,0.0
2012-01-27 00:00:00+09:00,433.617285170713,436.10933853376304,423.6490717185127,432.7865905761719,16611,0.0,0.0
2012-01-30 00:00:00+09:00,445.24694624205466,445.24694624205466,418.6650485385315,429.4639587402344,23148,0.0,0.0
2012-01-31 00:00:00+09:00,416.1729364338711,427.8025093477197,416.1729364338711,421.15704345703125,41805,0.0,0.0
2012-02-01 00:00:00+09:00,422.81842672258057,431.95597707269104,417.00365514041226,421.9877624511719,31449,0.0,0.0
2012-02-02 00:00:00+09:00,423.6490780408326,436.10934504203357,415.342223233174,427.802490234375,10692,0.0,0.0
2012-02-03 00:00:00+09:00,436.1093390810055,436.1093390810055,420.326324288359,424.4797668457031,43173,0.0,0.0
2012-02-06 00:00:00+09:00,431.95593772826487,451.8923651554067,420.3263347820494,443.58551025390625,56676,0.0,0.0
2012-02-07 00:00:00+09:00,446.0775640632023,458.53783121580574,426.14113661903684,439.4320983886719,29685,0.0,0.0
2012-02-08 00:00:00+09:00,447.7388855303824,449.4002746258676,427.8024597491324,436.10931396484375,57237,0.0,0.0
2012-02-09 00:00:00+09:00,442.75485930143606,446.9083023720799,426.1411782805917,437.770751953125,36267,0.0,0.0
2012-02-10 00:00:00+09:00,443.5855043481331,443.5855043481331,434.4479853725388,440.26275634765625,31821,0.0,0.0
2012-02-13 00:00:00+09:00,440.262725895371,440.262725895371,431.1252075518046,431.9559020996094,11916,0.0,0.0
2012-02-14 00:00:00+09:00,440.2627007217236,448.5695544630817,425.3103822396209,426.9717712402344,38115,0.0,0.0
2012-02-15 00:00:00+09:00,444.4161805494223,444.4161805494223,427.80247165561144,438.60137939453125,14538,0.0,0.0
2012-02-16 00:00:00+09:00,446.07760767383576,449.40035604623546,433.6173393030582,437.770751953125,45615,0.0,0.0
2012-02-17 00:00:00+09:00,451.8922910568705,451.8922910568705,440.26269001760596,449.4002380371094,47055,0.0,0.0
2012-02-20 00:00:00+09:00,456.8763963623825,456.8763963623825,431.95586620480833,441.0933837890625,57960,0.0,0.0
2012-02-21 00:00:00+09:00,447.7388976474905,451.0616455078125,441.09343234741885,451.0616455078125,20685,0.0,0.0
2012-02-22 00:00:00+09:00,451.06160367827505,473.490081209239,446.90819205347157,465.1832275390625,71469,0.0,0.0
2012-02-23 00:00:00+09:00,469.3366274232784,472.6593442564091,453.5536159939236,470.99798583984375,49308,0.0,0.0
2012-02-24 00:00:00+09:00,473.4900878153252,475.15144640431174,461.8605168512791,472.6593933105469,23703,0.0,0.0
2012-02-27 00:00:00+09:00,473.49009396211665,475.1514525726708,466.0139345837674,471.8287353515625,22446,0.0,0.0
2012-02-28 00:00:00+09:00,471.828814450773,474.3208679946669,461.02990562037417,473.49017333984375,40680,0.0,0.0
2012-02-29 00:00:00+09:00,473.4900878153252,473.4900878153252,466.8446230388089,472.6593933105469,30780,0.0,0.0
2012-03-02 00:00:00+09:00,472.6593759866662,483.4582824707031,470.9980174585716,483.4582824707031,78012,0.0,0.0
2012-03-05 00:00:00+09:00,480.1355585933221,480.1355585933221,465.18323984383557,467.67529296875,396717,0.0,0.0
2012-03-06 00:00:00+09:00,472.6594422679036,480.96629691438807,461.8605646901043,470.1673889160156,62880,0.0,0.0
2012-03-07 00:00:00+09:00,470.1673951382716,472.65944852313976,463.52192958548096,469.33673095703125,12363,0.0,0.0
2012-03-08 00:00:00+09:00,480.1355836799348,480.1355836799348,466.8446532663334,468.5060119628906,20265,0.0,0.0
2012-03-09 00:00:00+09:00,468.50603015494795,479.30493815332045,461.8605646901043,470.1673889160156,42828,0.0,0.0
2012-03-12 00:00:00+09:00,470.16734632043796,474.3207884776789,464.3525759732133,471.8287353515625,27201,0.0,0.0
2012-03-13 00:00:00+09:00,481.79694798616254,481.79694798616254,471.8287354790045,475.9821472167969,20721,0.0,0.0
2012-03-14 00:00:00+09:00,480.9663339715255,482.6276928605963,465.1833180533389,473.49017333984375,30693,0.0,0.0
2012-03-15 00:00:00+09:00,473.49013685872404,473.49013685872404,465.1832822122396,470.1673889160156,15387,0.0,0.0
2012-03-16 00:00:00+09:00,477.64354897167965,478.4742435625001,461.8605646901043,470.1673889160156,13197,0.0,0.0
2012-03-19 00:00:00+09:00,476.81287277923917,476.81287277923917,456.8764464668051,459.3684997558594,29853,0.0,0.0
2012-03-20 00:00:00+09:00,459.3684382102228,463.5218496619866,451.8922793447069,455.2149963378906,32850,0.0,0.0
2012-03-21 00:00:00+09:00,453.553717064617,455.21507585140245,449.40030488736664,452.7230224609375,8142,0.0,0.0
2012-03-22 00:00:00+09:00,455.21501422866146,455.21501422866146,441.92408489243235,448.5695495605469,9657,0.0,0.0
2012-03-23 00:00:00+09:00,448.5694911714234,448.5694911714234,425.3103222297537,431.1251220703125,60318,0.0,0.0
2012-03-26 00:00:00+09:00,441.9241398544043,445.2468573914222,426.9718196761039,432.7865905761719,90126,0.0,0.0
2012-03-27 00:00:00+09:00,456.0458383325501,456.0458383325501,437.7707672755703,451.8924255371094,48513,0.0,0.0
2012-03-28 00:00:00+09:00,461.02992971876876,461.02992971876876,436.9400876754579,437.770751953125,12708,0.0,0.0
2012-03-29 00:00:00+09:00,439.4320921629673,443.5855043481331,431.9559319773246,440.26275634765625,35079,0.0,0.0
2012-03-30 00:00:00+09:00,440.26269590997657,459.3684562642314,440.26269590997657,448.5695495605469,29007,0.0,0.0
2012-04-02 00:00:00+09:00,457.7070672817756,457.7070672817756,441.92408489243235,448.5695495605469,10293,0.0,0.0
2012-04-03 00:00:00+09:00,456.87639740445536,456.87639740445536,441.92407927580666,453.55364990234375,2217,0.0,0.0
2012-04-04 00:00:00+09:00,459.36858682124955,459.36858682124955,433.61735448012956,451.8924255371094,15645,0.0,0.0
2012-04-05 00:00:00+09:00,457.70714902648206,457.70714902648206,436.1093621824024,441.9241638183594,23880,0.0,0.0
2012-04-06 00:00:00+09:00,437.7706726725282,451.89232788235176,431.9559020996094,431.9559020996094,49083,0.0,0.0
2012-04-09 00:00:00+09:00,434.4479553224522,441.92411499098057,426.9717956539238,431.9559020996094,40302,0.0,0.0
2012-04-10 00:00:00+09:00,447.73879678832486,447.73879678832486,423.6489638841221,431.1251220703125,13518,0.0,0.0
2012-04-12 00:00:00+09:00,450.2309646824851,450.2309646824851,423.6490722501196,424.4797668457031,9189,0.0,0.0
2012-04-13 00:00:00+09:00,445.2468573914222,445.2468573914222,423.6490717185127,432.7865905761719,10992,0.0,0.0
2012-04-16 00:00:00+09:00,443.5854483023808,455.21501920382633,418.66491749887626,426.9717712402344,80607,0.0,0.0
2012-04-17 00:00:00+09:00,428.63317898247396,438.60139244718266,423.6490722501196,424.4797668457031,59136,0.0,0.0
2012-04-18 00:00:00+09:00,443.5854736328125,443.5854736328125,425.31040652647613,436.10931396484375,22626,0.0,0.0
2012-04-19 00:00:00+09:00,437.77068482366894,442.7547914076977,427.80247165561144,438.60137939453125,9285,0.0,0.0
2012-04-20 00:00:00+09:00,440.2627070945996,441.0934016069308,423.64902979196745,430.29449462890625,39963,0.0,0.0
2012-04-23 00:00:00+09:00,438.6012802565029,438.6012802565029,425.3103222297537,431.1251220703125,8493,0.0,0.0
2012-04-24 00:00:00+09:00,431.12523857565486,431.9559331832366,422.8183837615589,423.6490783691406,6090,0.0,0.0
2012-04-25 00:00:00+09:00,431.1252075518046,436.1093139974902,425.3104065583142,431.9559020996094,26391,0.0,0.0
2012-04-26 00:00:00+09:00,431.1251220703125,439.43197463960144,425.3103222297537,431.1251220703125,31251,0.0,0.0
2012-04-27 00:00:00+09:00,431.12518914123746,431.12518914123746,424.47972430429866,430.29449462890625,10638,0.0,0.0
2012-04-30 00:00:00+09:00,430.29445863717103,436.93995333882145,426.14104726406526,435.278564453125,15336,0.0,0.0
2012-05-02 00:00:00+09:00,441.0934016069308,441.0934016069308,424.47972430429866,430.29449462890625,13890,0.0,0.0
2012-05-03 00:00:00+09:00,436.940008545295,436.940008545295,426.9717956539238,431.9559020996094,37299,0.0,0.0
2012-05-04 00:00:00+09:00,435.27857138167656,442.7547302246094,430.294465486388,442.7547302246094,29748,0.0,0.0
2012-05-07 00:00:00+09:00,439.4320921629673,440.26275634765625,426.1411305816335,440.26275634765625,13902,0.0,0.0
2012-05-08 00:00:00+09:00,440.26268931028704,442.75474232604444,431.1251717260328,441.0933837890625,24897,0.0,0.0
2012-05-09 00:00:00+09:00,442.7547302246094,447.7388361198979,430.294465486388,442.7547302246094,23481,0.0,0.0
2012-05-10 00:00:00+09:00,435.2786016145318,447.73886721819747,435.2786016145318,446.908203125,10002,0.0,0.0
2012-05-11 00:00:00+09:00,459.368493745366,459.368493745366,440.2627318322197,447.7388916015625,1083,0.0,0.0
2012-05-14 00:00:00+09:00,468.5059541571229,468.5059541571229,442.7547302246094,442.7547302246094,13530,0.0,0.0
2012-05-15 00:00:00+09:00,444.41616205615117,445.246826171875,426.9717897379546,445.246826171875,41718,0.0,0.0
2012-05-16 00:00:00+09:00,436.1093318662164,447.7389039091246,431.95591979815765,446.0775451660156,50907,0.0,0.0
2012-05-17 00:00:00+09:00,446.07752070817,451.0616270847976,436.9400024912098,445.246826171875,14208,0.0,0.0
2012-05-18 00:00:00+09:00,445.2468323410566,445.2468323410566,421.1569946604334,431.9559020996094,112077,0.0,0.0
2012-05-21 00:00:00+09:00,434.44806646093116,434.44806646093116,415.34229991787385,429.4639587402344,264,0.0,0.0
2012-05-22 00:00:00+09:00,439.43203664198666,439.43203664198666,426.14107673992766,426.9717712402344,12744,0.0,0.0
2012-05-23 00:00:00+09:00,428.63320399177144,448.569632084412,421.15704345703125,421.15704345703125,14529,0.0,0.0
2012-05-24 00:00:00+09:00,421.98773759122355,439.43211215120715,415.3422412879893,425.3104553222656,72495,0.0,0.0
2012-05-25 00:00:00+09:00,436.94003964897155,436.94003964897155,422.8183834338946,427.802490234375,19182,0.0,0.0
2012-05-29 00:00:00+09:00,431.95597707269104,437.77074865485935,417.00365514041226,421.9877624511719,14244,0.0,0.0
2012-05-30 00:00:00+09:00,423.64899226597373,424.4796867047237,415.3421391401772,418.6648864746094,11868,0.0,0.0
2012-05-31 00:00:00+09:00,421.1570578150645,421.1570578150645,407.0354309082031,407.0354309082031,18897,0.0,0.0
2012-06-01 00:00:00+09:00,406.20465675496166,421.98766991835066,400.3898560272773,401.2205505371094,8232,0.0,0.0
2012-06-04 00:00:00+09:00,405.3739622451296,407.0353512647938,389.59097950231074,401.2205505371094,57411,0.0,0.0
2012-06-05 00:00:00+09:00,399.55919209297446,421.1569755718538,392.08303276329656,405.37396240234375,20646,0.0,0.0
2012-06-07 00:00:00+09:00,407.0354190021603,420.32635084788194,390.42170856414543,404.5433654785156,54612,0.0,0.0
2012-06-08 00:00:00+09:00,413.68088492502113,414.5115795730944,398.7285637831529,404.5433654785156,5604,0.0,0.0
2012-06-11 00:00:00+09:00,415.3421875157102,415.3421875157102,403.71261612153535,412.01947021484375,5592,0.0,0.0
2012-06-12 00:00:00+09:00,415.3422417898194,426.9718451242431,405.37402774349914,421.15704345703125,24843,0.0,0.0
2012-06-13 00:00:00+09:00,437.7707421192059,437.7707421192059,417.8343131738064,422.81842041015625,11199,0.0,0.0
2012-06-14 00:00:00+09:00,431.9559020996094,433.6172607746474,418.6649414375906,431.9559020996094,21549,0.0,0.0
2012-06-15 00:00:00+09:00,431.95597707269104,443.58555065760453,421.9877624511719,421.9877624511719,18897,0.0,0.0
2012-06-18 00:00:00+09:00,423.6490478832762,434.4479553224522,423.6490478832762,431.9559020996094,6453,0.0,0.0
2012-06-19 00:00:00+09:00,423.6489814935729,441.0933513197788,423.6489814935729,428.6330871582031,3120,0.0,0.0
2012-06-20 00:00:00+09:00,436.1093262510147,436.1093262510147,426.97180765070806,434.4479675292969,16404,0.0,0.0
2012-06-21 00:00:00+09:00,434.44798624873135,434.44798624873135,418.6649712403522,427.802490234375,24051,0.0,0.0
2012-06-22 00:00:00+09:00,426.97181365188726,434.4479736355551,418.6649590853987,433.6172790527344,17214,0.0,0.0
2012-06-25 00:00:00+09:00,441.9241274078857,441.9241274078857,430.2945250941437,434.4479675292969,14670,0.0,0.0
2012-06-26 00:00:00+09:00,438.60131180395024,438.60131180395024,425.310352821217,435.278564453125,11475,0.0,0.0
2012-06-27 00:00:00+09:00,440.26267026907897,440.26267026907897,431.9558475228675,435.278564453125,5526,0.0,0.0
2012-06-28 00:00:00+09:00,439.43206176813777,444.41616821382337,429.4638488767666,431.9559020996094,11544,0.0,0.0
2012-06-29 00:00:00+09:00,426.14110107421874,442.7547790850699,426.14110107421874,436.10931396484375,2295,0.0,0.0
2012-07-02 00:00:00+09:00,442.75485930143606,442.75485930143606,437.770751953125,437.770751953125,10350,0.0,0.0
2012-07-03 00:00:00+09:00,440.2627078559981,451.8923093664663,429.46383127986803,446.908203125,73305,0.0,0.0
2012-07-04 00:00:00+09:00,450.23096907047255,453.553717064617,437.77070211814794,452.7230224609375,15264,0.0,0.0
2012-07-05 00:00:00+09:00,451.8923093664663,451.8923093664663,442.75476097673123,446.908203125,8826,0.0,0.0
2012-07-06 00:00:00+09:00,458.53779296875,478.47421875,450.23093875303863,461.02984619140625,77847,0.0,0.0
2012-07-09 00:00:00+09:00,455.21507482906253,472.65944852313976,455.21507482906253,469.33673095703125,32919,0.0,0.0
2012-07-10 00:00:00+09:00,478.47426628990655,513.3630148735456,466.0139989386069,491.7652282714844,210054,0.0,0.0
2012-07-11 00:00:00+09:00,497.57987649595395,505.0560350597691,485.11961222292865,495.91851806640625,45852,0.0,0.0
2012-07-12 00:00:00+09:00,498.4106316927531,498.4106316927531,469.3366883175328,475.1514587402344,26400,0.0,0.0
2012-07-13 00:00:00+09:00,475.98214708823303,485.1196650771364,451.8923103426313,471.8287353515625,38022,0.0,0.0
2012-07-16 00:00:00+09:00,460.1991459040158,494.2572264692566,459.36848178720487,486.78106689453125,22323,0.0,0.0
2012-07-17 00:00:00+09:00,476.8128660546764,495.0879029696238,476.8128660546764,489.27313232421875,61809,0.0,0.0
2012-07-18 00:00:00+09:00,491.7651793785787,496.7492858235624,481.7969664886114,490.1037902832031,27573,0.0,0.0
2012-07-19 00:00:00+09:00,498.410675337885,506.71753006704085,483.4583550777484,494.25726318359375,68226,0.0,0.0
2012-07-20 00:00:00+09:00,568.1881103515625,568.1881103515625,568.1881103515625,568.1881103515625,278358,0.0,0.0
2012-07-23 00:00:00+09:00,568.1881594031759,602.2462418700054,561.5426635742188,561.5426635742188,1268133,0.0,0.0
2012-07-24 00:00:00+09:00,559.8812852191883,567.357444543297,524.992541706681,530.8073120117188,282132,0.0,0.0
2012-07-25 00:00:00+09:00,512.5322933476646,525.8232234223511,486.78106689453125,486.78106689453125,284634,0.0,0.0
2012-07-26 00:00:00+09:00,504.2254939535085,528.3153339460785,492.59589085041307,508.37890625,143130,0.0,0.0
2012-07-27 00:00:00+09:00,529.9766723651588,529.9766723651588,506.71749881058935,515.0243530273438,67734,0.0,0.0
2012-07-30 00:00:00+09:00,511.7015748359561,524.9925659192205,507.5481629378647,515.0243530273438,51339,0.0,0.0
2012-07-31 00:00:00+09:00,505.0560741461987,521.6697509891137,505.0560741461987,520.0084228515625,34350,0.0,0.0
2012-08-01 00:00:00+09:00,508.3789163086354,528.3153443991702,508.3789163086354,527.4846801757812,14664,0.0,0.0
2012-08-02 00:00:00+09:00,527.4845841594442,561.5426020538686,526.6538592461194,553.2357788085938,100863,0.0,0.0
2012-08-03 00:00:00+09:00,549.913074163989,563.2040038264151,531.6379774318701,559.8812866210938,160932,0.0,0.0
2012-08-06 00:00:00+09:00,575.6642451854705,575.6642451854705,557.3892100631364,571.5108032226562,113466,0.0,0.0
2012-08-07 00:00:00+09:00,564.8653931445066,573.1722165827165,551.5744026340021,568.1881103515625,71322,0.0,0.0
2012-08-08 00:00:00+09:00,568.1881347010484,573.1722411457944,555.7278685891832,569.018798828125,43386,0.0,0.0
2012-08-09 00:00:00+09:00,573.1722411457944,600.5848265918976,568.1881347010484,569.018798828125,179265,0.0,0.0
2012-08-10 00:00:00+09:00,581.479028501806,587.2938595503874,568.1880990957359,582.3097534179688,49008,0.0,0.0
2012-08-13 00:00:00+09:00,582.3098145638432,588.1245853818697,574.0029295767819,578.1563720703125,42963,0.0,0.0
2012-08-14 00:00:00+09:00,579.8177998666101,591.4473422774871,491.7652329411176,560.7120361328125,257643,0.0,0.0
2012-08-16 00:00:00+09:00,560.7119391274165,573.1722044413591,549.9130628023794,569.8494873046875,84810,0.0,0.0
2012-08-17 00:00:00+09:00,576.4949215780307,580.6483636297247,561.5426032012996,569.8494873046875,62526,0.0,0.0
2012-08-20 00:00:00+09:00,570.6802249754143,570.6802249754143,551.5744620830457,564.0347290039062,40116,0.0,0.0
2012-08-21 00:00:00+09:00,553.2357806984796,586.4631346342248,536.6220733100374,582.3097534179688,308394,0.0,0.0
2012-08-22 00:00:00+09:00,584.801731589901,586.463059527185,557.3891513722671,575.6641845703125,27903,0.0,0.0
2012-08-23 00:00:00+09:00,574.8336545801753,583.9711428883389,564.0347162652247,578.1563720703125,27768,0.0,0.0
2012-08-24 00:00:00+09:00,579.8177739167045,581.4791022775338,560.7120110379906,572.3416137695312,10500,0.0,0.0
2012-08-27 00:00:00+09:00,571.5108272602889,579.8177115353031,548.2516851407581,559.8812866210938,164331,0.0,0.0
2012-08-28 00:00:00+09:00,573.1721827189127,598.0927124023438,554.06642301457,598.0927124023438,235419,0.0,0.0
2012-08-29 00:00:00+09:00,598.9235207075652,615.5372314453125,590.6166957592675,615.5372314453125,142215,0.0,0.0
2012-08-30 00:00:00+09:00,615.5371582709768,621.3519289594169,601.4155027805998,608.8916625976562,75495,0.0,0.0
2012-08-31 00:00:00+09:00,608.8917367284024,618.0292867865444,588.1246438775181,603.0769653320312,102642,0.0,0.0
2012-09-03 00:00:00+09:00,611.3837161044733,611.3837161044733,596.4313964646263,600.5848388671875,62151,0.0,0.0
2012-09-04 00:00:00+09:00,606.3995972977568,606.3995972977568,593.9393311831376,602.2462158203125,26877,0.0,0.0
2012-09-05 00:00:00+09:00,611.3837408402826,611.3837408402826,591.4473138472174,601.41552734375,49866,0.0,0.0
2012-09-06 00:00:00+09:00,601.4155747797356,611.3837890625,595.6008033951736,611.3837890625,90384,0.0,0.0
2012-09-07 00:00:00+09:00,612.2144285809753,621.3519165023116,603.0768798184959,606.3995971679688,50805,0.0,0.0
2012-09-10 00:00:00+09:00,603.9075439455783,619.6905882481467,603.9075439455783,606.3995971679688,90564,0.0,0.0
2012-09-11 00:00:00+09:00,601.4154908506,617.1985351565122,601.4154908506,614.7064819335938,89091,0.0,0.0
2012-09-12 00:00:00+09:00,615.5371826514526,621.3519535702068,598.9234732306802,613.8757934570312,137745,0.0,0.0
2012-09-13 00:00:00+09:00,614.7066397071546,619.6907474322365,603.9076990753713,618.0293579101562,162075,0.0,0.0
2012-09-14 00:00:00+09:00,618.02919921875,672.8543701171875,614.7064818689228,672.8543701171875,425919,0.0,0.0
2012-09-17 00:00:00+09:00,676.17709865309,764.229687871037,672.0237171073817,741.8012084960938,803553,0.0,0.0
2012-09-18 00:00:00+09:00,741.8012585811294,746.7853654454121,631.3201825287633,726.8489379882812,450528,0.0,0.0
2012-09-19 00:00:00+09:00,716.8806288592975,777.5205673578989,716.8806288592975,748.4465942382812,296316,0.0,0.0
2012-09-20 00:00:00+09:00,750.1080442833027,764.2296999488628,722.695457947368,756.7535400390625,203466,0.0,0.0
2012-09-21 00:00:00+09:00,756.75344165266,762.568211657249,731.0021869727573,749.2772827148438,275886,0.0,0.0
2012-09-24 00:00:00+09:00,755.9228401277925,755.9228401277925,740.1398556304217,745.1239624023438,60402,0.0,0.0
2012-09-25 00:00:00+09:00,741.8011962243914,742.6318603515625,699.4362914392352,722.6954345703125,175248,0.0,0.0
2012-09-26 00:00:00+09:00,701.9283804776612,735.986402364339,701.9283804776612,717.7113647460938,78624,0.0,0.0
2012-09-27 00:00:00+09:00,716.8806760702454,731.0022706756793,711.0658445586957,721.0340576171875,71829,0.0,0.0
2012-09-28 00:00:00+09:00,719.3728321866764,765.8911258831276,719.3728321866764,764.2297973632812,172773,0.0,0.0
2012-10-02 00:00:00+09:00,764.2296161831962,789.150146484375,764.2296161831962,789.150146484375,96246,0.0,0.0
2012-10-04 00:00:00+09:00,789.1501700204044,789.1501700204044,764.2296389759825,773.3671264648438,111648,0.0,0.0
2012-10-05 00:00:00+09:00,765.0602802461893,789.150146484375,760.9068382489468,789.150146484375,159069,0.0,0.0
2012-10-08 00:00:00+09:00,788.319421770592,812.4092880145944,782.504651645959,793.3035278320312,141252,0.0,0.0
2012-10-09 00:00:00+09:00,790.8114146561455,804.933067703247,786.6580338149238,797.4569091796875,72174,0.0,0.0
2012-10-10 00:00:00+09:00,797.4570191936729,809.0866210039613,784.9967532687717,807.4252319335938,83778,0.0,0.0
2012-10-11 00:00:00+09:00,807.4252782361261,888.8323738942245,807.4252782361261,867.2345581054688,685464,0.0,0.0
2012-10-12 00:00:00+09:00,880.5255244183825,890.4937381319535,855.6049901344552,887.1710205078125,212706,0.0,0.0
2012-10-15 00:00:00+09:00,905.4459839513898,920.3983032873273,870.5572388342023,872.2186279296875,421434,0.0,0.0
2012-10-16 00:00:00+09:00,895.4780002048062,895.4780002048062,842.3142047977599,858.9279174804688,256215,0.0,0.0
2012-10-17 00:00:00+09:00,857.2661386831647,878.8639492792029,830.6842226296664,862.250244140625,195936,0.0,0.0
2012-10-18 00:00:00+09:00,877.2027714170259,892.1550913843615,843.9754139922175,867.2345581054688,208269,0.0,0.0
2012-10-19 00:00:00+09:00,867.2344257802062,885.5094604492188,847.298002199052,885.5094604492188,125820,0.0,0.0
2012-10-22 00:00:00+09:00,882.186877032232,895.4778078182492,855.6049546190523,892.1550903320312,206445,0.0,0.0
2012-10-23 00:00:00+09:00,900.4618530273438,908.768737437807,885.5095340978796,900.4618530273438,266868,0.0,0.0
2012-10-24 00:00:00+09:00,908.7688724515978,1026.7260523616278,895.4778797566996,1005.1282348632812,1524126,0.0,0.0
2012-10-25 00:00:00+09:00,1003.4666884445477,1046.6622532175932,980.2074867011763,1018.4190063476562,727413,0.0,0.0
2012-10-26 00:00:00+09:00,1018.4189868948718,1073.2440906512531,998.4825634048653,1063.27587890625,751851,0.0,0.0
2012-10-29 00:00:00+09:00,1053.3079359686092,1074.9058147161413,1041.6783931923017,1043.3397216796875,386460,0.0,0.0
2012-10-30 00:00:00+09:00,1025.0645274183305,1056.6304921254707,1020.0803604822603,1040.016845703125,250635,0.0,0.0
2012-10-31 00:00:00+09:00,1040.0169918375564,1056.630640594312,1028.387328193762,1045.0010986328125,152979,0.0,0.0
2012-11-01 00:00:00+09:00,1058.291968965299,1058.291968965299,1031.710106618031,1045.0010986328125,110637,0.0,0.0
2012-11-02 00:00:00+09:00,1048.3236568714328,1048.3236568714328,1021.7417970218689,1033.371337890625,160338,0.0,0.0
2012-11-05 00:00:00+09:00,1016.75771484375,1036.694140625,961.9325439453125,971.9007568359375,541764,0.0,0.0
2012-11-06 00:00:00+09:00,983.5304278776036,1045.0010986328125,970.2394358628222,1045.0010986328125,329124,0.0,0.0
2012-11-07 00:00:00+09:00,1045.0010253925025,1054.9692382843793,1023.4031496719122,1030.0487060546875,114882,0.0,0.0
2012-11-08 00:00:00+09:00,1000.1440667108429,1028.3873179900136,1000.1440667108429,1013.43505859375,117951,0.0,0.0
2012-11-09 00:00:00+09:00,1021.7419106619698,1128.069483568466,1015.0964145398831,1116.43994140625,517497,0.0,0.0
2012-11-12 00:00:00+09:00,1119.7625979888908,1146.344457901201,1096.5033945141922,1141.3603515625,203145,0.0,0.0
2012-11-13 00:00:00+09:00,1141.3605002170139,1159.6355997332203,1111.4558582899306,1121.424072265625,237036,0.0,0.0
2012-11-14 00:00:00+09:00,1123.0852783191542,1154.6513669239896,1104.810302476656,1113.1170654296875,244683,0.0,0.0
2012-11-15 00:00:00+09:00,1121.424072265625,1129.7309578061368,1084.873994915512,1121.424072265625,152973,0.0,0.0
2012-11-16 00:00:00+09:00,1123.0854007008077,1136.3763932291668,1091.5194303385417,1121.424072265625,210513,0.0,0.0
2012-11-19 00:00:00+09:00,1143.0216309049074,1143.0216309049074,1093.180569649137,1139.698974609375,98652,0.0,0.0
2012-11-20 00:00:00+09:00,1138.037597661677,1229.4129636039809,1136.3762694075158,1187.878662109375,333003,0.0,0.0
2012-11-21 00:00:00+09:00,1187.8785374204983,1196.1854211839222,1152.9897959693005,1162.9580078125,172107,0.0,0.0
2012-11-22 00:00:00+09:00,1179.5718496881968,1179.5718496881968,1129.7307873306995,1161.2967529296875,120777,0.0,0.0
2012-11-23 00:00:00+09:00,1154.65141478748,1204.4924813008636,1143.0217514794963,1181.2332763671875,140904,0.0,0.0
2012-11-26 00:00:00+09:00,1167.94208976443,1187.8785130416736,1146.3443384415064,1166.28076171875,106290,0.0,0.0
2012-11-27 00:00:00+09:00,1162.9579858694553,1197.8467266623616,1161.2966578210264,1182.8944091796875,100884,0.0,0.0
2012-11-28 00:00:00+09:00,1182.8944314988987,1194.524093104147,1018.4189969272461,1162.9580078125,119646,0.0,0.0
2012-11-29 00:00:00+09:00,1169.6035634961486,1186.217209340723,1149.6671398097499,1162.9580078125,59976,0.0,0.0
2012-11-30 00:00:00+09:00,1164.61943367307,1182.8944072223626,1154.6512220344482,1166.28076171875,82167,0.0,0.0
2012-12-03 00:00:00+09:00,1179.5717511310027,1179.5717511310027,1146.3443384415064,1166.28076171875,61467,0.0,0.0
2012-12-04 00:00:00+09:00,1164.6197039651483,1179.5720248933071,1131.3922835640285,1146.3446044921875,131625,0.0,0.0
2012-12-05 00:00:00+09:00,1161.2969331694362,1161.2969331694362,1063.2761214255554,1079.889892578125,381567,0.0,0.0
2012-12-06 00:00:00+09:00,1079.8897234137687,1119.7625732421875,1018.4190596479095,1119.7625732421875,377439,0.0,0.0
2012-12-07 00:00:00+09:00,1119.76257274791,1119.76257274791,1089.8579353897962,1111.4556884765625,112116,0.0,0.0
2012-12-10 00:00:00+09:00,1111.4558630763272,1111.4558630763272,1063.2761214255554,1079.889892578125,143859,0.0,0.0
2012-12-11 00:00:00+09:00,1113.117144695712,1113.117144695712,1028.3873291015625,1028.3873291015625,314949,0.0,0.0
2012-12-12 00:00:00+09:00,1038.3554068517467,1046.6622909918065,1013.434936954986,1021.7417602539062,87927,0.0,0.0
2012-12-13 00:00:00+09:00,1021.7420596168155,1053.3080339059943,1018.4193414919432,1046.66259765625,135324,0.0,0.0
2012-12-14 00:00:00+09:00,1046.6624270037996,1046.6624270037996,1030.0487782470439,1045.0010986328125,48165,0.0,0.0
2012-12-17 00:00:00+09:00,1053.3080339059943,1071.5831356956844,1045.0012690143926,1046.66259765625,105441,0.0,0.0
2012-12-18 00:00:00+09:00,1061.614819695076,1061.614819695076,1035.0329555373442,1059.9534912109375,32538,0.0,0.0
2012-12-20 00:00:00+09:00,930.3666055366105,1076.5670955882354,930.3666055366105,1016.7578125,86886,0.0,0.0
2012-12-21 00:00:00+09:00,1030.0487060546875,1038.3554690097274,961.9325440661013,1030.0487060546875,103647,0.0,0.0
2012-12-24 00:00:00+09:00,1016.7576912635864,1063.2759764469108,1015.0963022066313,1058.2918701171875,74280,0.0,0.0
2012-12-26 00:00:00+09:00,1058.2918459852956,1073.244164633513,1046.66230537522,1061.6146240234375,35775,0.0,0.0
2012-12-27 00:00:00+09:00,1071.741412129199,1113.9359130859375,1043.049082253196,1113.9359130859375,50268,33.333332,0.0
2012-12-28 00:00:00+09:00,1112.2484360724561,1125.7506103515625,1102.1217435547003,1125.7506103515625,63261,0.0,0.0
2013-01-02 00:00:00+09:00,1135.87703380475,1135.87703380475,1105.4969634478607,1113.9359130859375,93201,0.0,0.0
2013-01-03 00:00:00+09:00,1130.8136887452683,1130.8136887452683,1097.0581374266067,1113.9359130859375,95532,0.0,0.0
2013-01-04 00:00:00+09:00,1098.7461219589948,1115.6239013671875,1095.370516630616,1115.6239013671875,39030,0.0,0.0
2013-01-07 00:00:00+09:00,1093.6826647538396,1147.6917264411231,1059.9269857471827,1120.6871337890625,279522,0.0,0.0
2013-01-08 00:00:00+09:00,1120.6869754838256,1171.320425033047,1105.4969406190592,1166.257080078125,446988,0.0,0.0
2013-01-09 00:00:00+09:00,1166.2571103992022,1184.8227502555378,1149.379334649603,1183.135009765625,201237,0.0,0.0
2013-01-10 00:00:00+09:00,1183.1347839427533,1198.3248163031446,1166.256887797785,1191.5736083984375,139248,0.0,0.0
2013-01-11 00:00:00+09:00,1191.5737425073348,1205.0760362196015,1179.75931276961,1198.324951171875,104910,0.0,0.0
2013-01-14 00:00:00+09:00,1201.7003338924637,1225.3293150578584,1179.759216563971,1210.1392822265625,145962,0.0,0.0
2013-01-15 00:00:00+09:00,1215.2028472927198,1215.2028472927198,1178.0716903866064,1196.63720703125,55509,0.0,0.0
2013-01-16 00:00:00+09:00,1196.6372527382744,1208.4518077272203,1135.8771080528304,1154.4427490234375,154926,0.0,0.0
2013-01-17 00:00:00+09:00,1154.4425675675675,1154.4425675675675,1124.0625,1124.0625,41253,0.0,0.0
2013-01-18 00:00:00+09:00,1124.0624900576217,1147.6914724956675,1102.1213715473857,1118.9991455078125,188715,0.0,0.0
2013-01-21 00:00:00+09:00,1120.6869308200273,1166.2570335981782,1102.121415803102,1142.628173828125,152283,0.0,0.0
2013-01-22 00:00:00+09:00,1130.8136947932674,1196.637180918575,1130.8136947932674,1183.135009765625,124830,0.0,0.0
2013-01-23 00:00:00+09:00,1181.4471267123065,1205.076111276272,1173.00830078125,1173.00830078125,175671,0.0,0.0
2013-01-24 00:00:00+09:00,1183.1347839427533,1194.9492123507912,1162.8814074622314,1191.5736083984375,89856,0.0,0.0
2013-01-25 00:00:00+09:00,1181.4471586226275,1198.3250581742475,1156.1304329120226,1189.8861083984375,98454,0.0,0.0
2013-01-28 00:00:00+09:00,1178.0716265651208,1181.4471074357405,1147.6915570286292,1162.881591796875,137199,0.0,0.0
2013-01-29 00:00:00+09:00,1179.7594702849883,1179.7594702849883,1122.374930675592,1151.067138671875,74571,0.0,0.0
2013-01-30 00:00:00+09:00,1149.3793724579175,1152.7549771656059,1130.8137319908735,1137.56494140625,66189,0.0,0.0
2013-01-31 00:00:00+09:00,1130.8134725801347,1135.8768166717125,1112.2479599888816,1129.125732421875,67335,0.0,0.0
2013-02-01 00:00:00+09:00,1142.6283626174245,1142.6283626174245,1103.8093385573493,1110.5604248046875,45078,0.0,0.0
2013-02-04 00:00:00+09:00,1108.8727123192807,1129.1260951926922,1103.8093666009277,1127.4383544921875,94329,0.0,0.0
2013-02-05 00:00:00+09:00,1142.6282925752537,1142.6282925752537,1073.42919921875,1073.42919921875,65907,0.0,0.0
2013-02-06 00:00:00+09:00,1088.6190878378377,1125.7502403259277,1088.6190878378377,1124.0625,43857,0.0,0.0
2013-02-07 00:00:00+09:00,1120.687144456491,1161.193910203314,1120.687144456491,1127.4383544921875,82932,0.0,0.0
2013-02-08 00:00:00+09:00,1110.5600829768828,1198.3247952626846,1110.5600829768828,1181.4468994140625,288273,0.0,0.0
2013-02-12 00:00:00+09:00,1181.4472586463894,1189.8862091366584,1167.9450862021615,1178.07177734375,98718,0.0,0.0
2013-02-13 00:00:00+09:00,1171.3204106626436,1245.5828436293493,1156.130375984237,1223.6417236328125,362229,0.0,0.0
2013-02-14 00:00:00+09:00,1240.5195536411684,1274.2752289594612,1238.831813141142,1252.333984375,437763,0.0,0.0
2013-02-15 00:00:00+09:00,1265.836356798472,1265.836356798472,1225.3295933809209,1227.017333984375,180246,0.0,0.0
2013-02-18 00:00:00+09:00,1227.0172082038825,1235.4561575897467,1206.7638285712637,1225.3294677734375,249510,0.0,0.0
2013-02-19 00:00:00+09:00,1240.5195356766487,1324.908660941892,1227.0172410214996,1308.03076171875,669933,0.0,0.0
2013-02-20 00:00:00+09:00,1326.5964319206423,1341.7864674006496,1319.8453462462473,1324.90869140625,342216,0.0,0.0
2013-02-21 00:00:00+09:00,1331.659832177213,1434.614480151337,1309.7187101150112,1422.800048828125,702507,0.0,0.0
2013-02-22 00:00:00+09:00,1422.7998670764716,1493.6866931941606,1422.7998670764716,1454.86767578125,569157,0.0,0.0
2013-02-25 00:00:00+09:00,1454.8678184574192,1481.8724087046096,1446.4289921698953,1466.682373046875,562290,0.0,0.0
2013-02-26 00:00:00+09:00,1459.931032485083,1485.2477563063087,1448.116602574116,1461.618896484375,241713,0.0,0.0
2013-02-27 00:00:00+09:00,1480.1842918652874,1480.1842918652874,1451.4920895989483,1463.3065185546875,212052,0.0,0.0
2013-02-28 00:00:00+09:00,1463.306793826911,1485.2479156198594,1405.9222548824457,1480.1845703125,381429,0.0,0.0
2013-03-04 00:00:00+09:00,1486.935704593044,1527.4424650031444,1480.1844954468122,1505.501220703125,250788,0.0,0.0
2013-03-05 00:00:00+09:00,1517.31582730082,1542.632553431441,1502.1257916224477,1534.193603515625,228189,0.0,0.0
2013-03-06 00:00:00+09:00,1535.881451905558,1542.6326617590285,1493.6869465971265,1525.7547607421875,184605,0.0,0.0
2013-03-07 00:00:00+09:00,1513.939940980918,1537.5689221795326,1434.6141726559154,1453.1798095703125,278682,0.0,0.0
2013-03-08 00:00:00+09:00,1466.6823766492153,1475.1212029574658,1451.4923409541723,1468.3701171875,173658,0.0,0.0
2013-03-11 00:00:00+09:00,1459.9311823316293,1488.623513479589,1383.9810030724666,1409.2977294921875,245493,0.0,0.0
2013-03-12 00:00:00+09:00,1400.8587913121992,1434.614341433676,1399.1709272743526,1414.3609619140625,176121,0.0,0.0
2013-03-13 00:00:00+09:00,1432.9264524255245,1483.5598959741296,1417.736419360943,1463.3065185546875,159054,0.0,0.0
2013-03-14 00:00:00+09:00,1463.3066540318985,1480.184428905092,1443.0532747373393,1470.0577392578125,130221,0.0,0.0
2013-03-15 00:00:00+09:00,1470.0578259405054,1471.7456900591224,1429.5510649628857,1451.4923095703125,163848,0.0,0.0
2013-03-18 00:00:00+09:00,1463.3068060457117,1471.745756167387,1419.4244384765627,1419.4244384765625,158691,0.0,0.0
2013-03-19 00:00:00+09:00,1439.6776123046875,1461.6188547342235,1429.550923065459,1439.6776123046875,136098,0.0,0.0
2013-03-20 00:00:00+09:00,1427.8632775557253,1443.0533124233393,1400.858812330018,1426.175537109375,166710,0.0,0.0
2013-03-21 00:00:00+09:00,1410.9854677081537,1434.614327846028,1394.1075691904523,1407.60986328125,132165,0.0,0.0
2013-03-22 00:00:00+09:00,1399.1710857609655,1443.0534542297016,1394.107740307528,1436.3023681640625,163578,0.0,0.0
2013-03-25 00:00:00+09:00,1451.4923074755561,1475.1211689338509,1439.6777531295847,1449.804443359375,205257,0.0,0.0
2013-03-26 00:00:00+09:00,1464.9942127015902,1500.4376220703125,1404.234082355209,1500.4376220703125,216210,0.0,0.0
2013-03-27 00:00:00+09:00,1520.6911527873615,1643.8992897618189,1520.6911527873615,1642.21142578125,1519563,0.0,0.0
2013-03-28 00:00:00+09:00,1642.2112381576985,1746.8537247081335,1601.704485120988,1729.9759521484375,1378887,0.0,0.0
2013-03-29 00:00:00+09:00,1721.5372314453125,1755.2929046400418,1696.2205074534697,1721.5372314453125,522351,0.0,0.0
2013-04-01 00:00:00+09:00,1713.098106539428,1763.7315493299216,1696.2203334815315,1755.292724609375,566928,0.0,0.0
2013-04-02 00:00:00+09:00,1746.8542970719009,1772.1710260149719,1679.3430610959915,1704.6597900390625,436134,0.0,0.0
2013-04-03 00:00:00+09:00,1713.0983905530736,1831.243192395923,1704.6595644334589,1780.6097412109375,768285,0.0,0.0
2013-04-04 00:00:00+09:00,1780.6094460046218,1805.9261673998685,1684.4059047026842,1755.292724609375,458103,0.0,0.0
2013-04-05 00:00:00+09:00,1755.293138767887,1763.7319654795608,1684.4063021355644,1713.0985107421875,625845,0.0,0.0
2013-04-08 00:00:00+09:00,1721.537379024008,1721.537379024008,1601.704833984375,1601.704833984375,425736,0.0,0.0
2013-04-09 00:00:00+09:00,1606.7681158260423,1654.026085208776,1535.8812853687637,1633.772705078125,477882,0.0,0.0
2013-04-10 00:00:00+09:00,1633.7730530992728,1721.5376778218285,1586.5150736497944,1696.220947265625,318078,0.0,0.0
2013-04-11 00:00:00+09:00,1772.1708079712098,1805.9264836143652,1721.5373563148896,1789.048583984375,711666,0.0,0.0
2013-04-12 00:00:00+09:00,1805.9263270128965,1873.4375488281248,1755.2928797472714,1772.170654296875,849318,0.0,0.0
2013-04-15 00:00:00+09:00,1814.3652017658949,1848.1208753988776,1772.1707024372797,1797.4874267578125,500025,0.0,0.0
2013-04-16 00:00:00+09:00,1772.1708978141778,1839.6821289062502,1729.9763938337364,1839.68212890625,683703,0.0,0.0
2013-04-17 00:00:00+09:00,1856.5598468608712,1907.1932961060147,1848.1208974477406,1873.4376220703125,645048,0.0,0.0
2013-04-18 00:00:00+09:00,1856.5596923828127,1907.1931374149185,1839.6817949609047,1856.5596923828125,531318,0.0,0.0
2013-04-19 00:00:00+09:00,1856.5597742785214,1864.998599744916,1772.170654296875,1772.170654296875,609240,0.0,0.0
2013-04-22 00:00:00+09:00,1789.048674682988,1856.560029391892,1780.6098480569985,1839.68212890625,345471,0.0,0.0
2013-04-23 00:00:00+09:00,1881.8767677083383,2000.021453727114,1873.4378174152714,1983.1436767578125,1162929,0.0,0.0
2013-04-24 00:00:00+09:00,1991.582369200481,2075.9714955927875,1991.582369200481,2042.2158203125,958968,0.0,0.0
2013-04-25 00:00:00+09:00,2075.971397807936,2075.971397807936,1983.1434496806667,1991.582275390625,607401,0.0,0.0
2013-04-26 00:00:00+09:00,2025.3380444807685,2084.4103217002416,2008.4602686490368,2042.2158203125,506154,0.0,0.0
2013-04-29 00:00:00+09:00,2025.3380444807685,2084.4103217002416,2025.3380444807685,2042.2158203125,343245,0.0,0.0
2013-04-30 00:00:00+09:00,2067.532670558668,2067.532670558668,1856.5600272796564,1907.1934814453125,1295469,0.0,0.0
2013-05-02 00:00:00+09:00,1924.071029307007,1949.387753376836,1873.4375811673488,1915.632080078125,367890,0.0,0.0
2013-05-03 00:00:00+09:00,1991.5820849312909,1991.5820849312909,1907.1930942011013,1957.8265380859375,394293,0.0,0.0
2013-05-06 00:00:00+09:00,1957.8265380859375,1974.7043115086142,1932.5098161435194,1957.8265380859375,231534,0.0,0.0
2013-05-07 00:00:00+09:00,1957.8266365758243,2016.898908335269,1949.3876876315553,2008.4600830078125,371433,0.0,0.0
2013-05-08 00:00:00+09:00,2000.0215626252002,2025.3382912660256,1932.5103274552791,1974.704833984375,634971,0.0,0.0
2013-05-09 00:00:00+09:00,1974.704650872636,1991.5824271958527,1881.8766956697025,1940.948974609375,513747,0.0,0.0
2013-05-10 00:00:00+09:00,1949.387753376836,1949.387753376836,1898.754305237178,1915.632080078125,233463,0.0,0.0
2013-05-13 00:00:00+09:00,1915.6319625090632,1924.0709112200173,1831.2429698667597,1856.5596923828125,350754,0.0,0.0
2013-05-14 00:00:00+09:00,1856.559917988416,1890.3154697005234,1738.4151161455666,1780.6097412109375,519477,0.0,0.0
2013-05-15 00:00:00+09:00,1805.9263976157274,1873.4376220703125,1789.0484987894667,1873.4376220703125,396873,0.0,0.0
2013-05-16 00:00:00+09:00,1907.1933441569965,1940.948895426337,1890.3154449055037,1898.75439453125,419079,0.0,0.0
2013-05-20 00:00:00+09:00,1915.632080078125,1940.948804147954,1864.9986319384668,1915.632080078125,273579,0.0,0.0
2013-05-21 00:00:00+09:00,1924.070867623778,1983.1432600283556,1915.6319191040363,1957.8265380859375,385218,0.0,0.0
2013-05-22 00:00:00+09:00,1957.8266365758243,2008.4600830078127,1949.3876876315553,2008.4600830078125,450048,0.0,0.0
2013-05-23 00:00:00+09:00,1983.1432600283556,2016.898806873709,1924.070867623778,1957.8265380859375,383844,0.0,0.0
2013-05-24 00:00:00+09:00,1957.8269794967507,2059.0938900980163,1924.0713014240507,2000.021484375,846369,0.0,0.0
2013-05-27 00:00:00+09:00,2008.4602521905133,2042.2158035773634,1974.70457718684,2033.7769775390625,346305,0.0,0.0
2013-05-28 00:00:00+09:00,2008.4602834574089,2059.093734942748,2008.4602834574089,2050.65478515625,517968,0.0,0.0
2013-05-29 00:00:00+09:00,2050.654939675633,2059.0938900980163,1983.143707147067,2000.021484375,341250,0.0,0.0
2013-05-30 00:00:00+09:00,1974.7043115086142,2033.7767039131918,1949.387589566196,1957.8265380859375,266625,0.0,0.0
2013-05-31 00:00:00+09:00,1957.8268745494192,1991.5824271958527,1890.315522022897,1940.948974609375,443868,0.0,0.0
2013-06-03 00:00:00+09:00,1957.8268462888004,2067.532576231383,1957.8268462888004,2059.09375,1466409,0.0,0.0
2013-06-04 00:00:00+09:00,2101.288221148797,2126.604946704807,2025.3380444807685,2042.2158203125,1302258,0.0,0.0
2013-06-05 00:00:00+09:00,2033.7768913203947,2042.2157170009455,1898.754320646587,1924.071044921875,1067514,0.0,0.0
2013-06-07 00:00:00+09:00,1924.0713436437877,1949.388071849627,1674.2796665517856,1675.9674072265625,1660785,0.0,0.0
2013-06-10 00:00:00+09:00,1687.7815343152283,1789.0484288464784,1687.7815343152283,1772.170654296875,702480,0.0,0.0
2013-06-11 00:00:00+09:00,1789.048674682988,1856.560029391892,1755.2931209453675,1839.68212890625,364761,0.0,0.0
2013-06-12 00:00:00+09:00,1822.8041256421234,1873.4375735766268,1805.926350869561,1848.120849609375,274014,0.0,0.0
2013-06-13 00:00:00+09:00,1831.2430748368126,1881.876522771316,1772.17067770762,1848.120849609375,384894,0.0,0.0
2013-06-14 00:00:00+09:00,1881.8764148988655,1890.3152399930104,1797.487298639753,1856.5596923828125,350556,0.0,0.0
2013-06-17 00:00:00+09:00,1856.5600916637738,1864.9989185728143,1772.1709572555183,1805.9266357421875,266571,0.0,0.0
2013-06-18 00:00:00+09:00,1822.8041256421234,1856.5597988040645,1763.7317285129307,1848.120849609375,244167,0.0,0.0
2013-06-19 00:00:00+09:00,1864.9985747657138,1898.7542470296225,1822.8040771484375,1822.8040771484375,323472,0.0,0.0
2013-06-20 00:00:00+09:00,1755.292691276061,1814.3649576653083,1704.6592494471054,1738.414794921875,330849,0.0,0.0
2013-06-21 00:00:00+09:00,1670.9039893676531,1839.6821289062502,1637.1483120132013,1839.68212890625,536493,0.0,0.0
2013-06-24 00:00:00+09:00,1848.1206618530118,1848.1206618530118,1746.853776272025,1755.292724609375,282186,0.0,0.0
2013-06-25 00:00:00+09:00,1729.976440945195,1789.0487234031282,1640.5239615091464,1660.77734375,615726,0.0,0.0
2013-06-26 00:00:00+09:00,1704.6597900390627,1738.415346218597,1675.967456031302,1704.6597900390625,302823,0.0,0.0
2013-06-27 00:00:00+09:00,1755.2930156184445,1789.0485673305523,1687.7816649605809,1780.6097412109375,915846,0.0,0.0
2013-06-28 00:00:00+09:00,1814.365292923045,1814.365292923045,1746.8540658820054,1780.6097412109375,422340,0.0,0.0
2013-07-01 00:00:00+09:00,1780.6095795311614,1822.8040771484375,1772.170630560981,1822.8040771484375,216792,0.0,0.0
2013-07-02 00:00:00+09:00,1890.3154404531203,1898.7543900589899,1814.3652648507607,1831.2431640625,415737,0.0,0.0
2013-07-03 00:00:00+09:00,1831.243050645709,1839.6818761121033,1772.170654296875,1772.170654296875,261069,0.0,0.0
2013-07-04 00:00:00+09:00,1780.6096033800839,1797.4873779296875,1687.7815343152283,1772.170654296875,465681,0.0,0.0
2013-07-05 00:00:00+09:00,1789.0485038577992,1805.9264027318748,1687.7816050806255,1746.85400390625,398163,0.0,0.0
2013-07-08 00:00:00+09:00,1721.5373889175567,1746.8541152251678,1665.8405910408121,1674.279541015625,456813,0.0,0.0
2013-07-09 00:00:00+09:00,1704.6592494471054,1746.853743098968,1684.4058727155232,1738.414794921875,572019,0.0,0.0
2013-07-10 00:00:00+09:00,1755.2932479252047,1780.6099768682757,1696.2208391857587,1704.6597900390625,455745,0.0,0.0
2013-07-11 00:00:00+09:00,1738.41506004837,1814.3652343749998,1738.41506004837,1814.365234375,473838,0.0,0.0
2013-07-12 00:00:00+09:00,1814.365309812535,1814.365309812535,1763.7318581562147,1789.048583984375,359352,0.0,0.0
2013-07-15 00:00:00+09:00,1789.0485038577992,1789.0485038577992,1713.098329774919,1746.85400390625,373695,0.0,0.0
2013-07-16 00:00:00+09:00,1763.7317848239131,1814.3652343749998,1763.7317848239131,1814.365234375,434253,0.0,0.0
2013-07-17 00:00:00+09:00,1814.365399730389,1907.1934814453123,1789.048672647561,1907.1934814453125,850023,0.0,0.0
2013-07-18 00:00:00+09:00,1898.7545312120926,1924.0712582949204,1856.5600272796564,1907.1934814453125,574428,0.0,0.0
2013-07-19 00:00:00+09:00,1924.0712582949204,1949.3879853777482,1881.8767543624845,1907.1934814453125,370398,0.0,0.0
2013-07-22 00:00:00+09:00,1881.876756503523,1915.6323102411434,1822.80435203744,1839.68212890625,338568,0.0,0.0
2013-07-23 00:00:00+09:00,1856.5598892632865,1856.5598892632865,1797.487489255844,1831.2431640625,254472,0.0,0.0
2013-07-24 00:00:00+09:00,1839.6819591505432,1839.6819591505432,1772.1707342880343,1814.365234375,325701,0.0,0.0
2013-07-25 00:00:00+09:00,1831.2431274261683,1839.6819532463862,1738.4150544692122,1746.85400390625,624855,0.0,0.0
2013-07-26 00:00:00+09:00,1763.7318115234373,1797.4874862740983,1746.854035956518,1763.7318115234375,283440,0.0,0.0
2013-07-29 00:00:00+09:00,1797.487453294837,1797.487453294837,1746.85400390625,1746.85400390625,167712,0.0,0.0
2013-07-30 00:00:00+09:00,1763.731705213666,1789.0484288464784,1755.2928797472714,1772.170654296875,138360,0.0,0.0
2013-07-31 00:00:00+09:00,1789.0485095994566,1822.8041838391212,1763.7317848239131,1814.365234375,287742,0.0,0.0
2013-08-01 00:00:00+09:00,1822.8041838391212,1822.8041838391212,1789.0485095994566,1814.365234375,171561,0.0,0.0
2013-08-02 00:00:00+09:00,1814.365292923045,1831.243192395923,1763.7318417380593,1780.6097412109375,273273,0.0,0.0
2013-08-05 00:00:00+09:00,1797.48753379937,1814.365309812535,1772.1708079712098,1789.048583984375,211527,0.0,0.0
2013-08-06 00:00:00+09:00,1805.9265751686296,1873.437806260702,1805.9265751686296,1839.68212890625,422334,0.0,0.0
2013-08-07 00:00:00+09:00,1839.6820356406952,1873.4377112838504,1789.048583984375,1789.048583984375,371439,0.0,0.0
2013-08-08 00:00:00+09:00,1822.8042144566305,1898.7543900589899,1822.8042144566305,1831.2431640625,657990,0.0,0.0
2013-08-09 00:00:00+09:00,1881.8764148988655,1890.3152399930104,1839.6817949609047,1856.5596923828125,432879,0.0,0.0
2013-08-12 00:00:00+09:00,1873.437523735894,1873.437523735894,1822.8040771484375,1822.8040771484375,207978,0.0,0.0
2013-08-13 00:00:00+09:00,1805.9263270128965,1831.243050645709,1738.4149815808535,1772.170654296875,693642,0.0,0.0
2013-08-14 00:00:00+09:00,1772.1706794289983,1789.0484542179547,1684.406077462882,1721.5372314453125,937845,0.0,0.0
2013-08-16 00:00:00+09:00,1687.7816050806255,1780.6096780375813,1687.7816050806255,1746.85400390625,319437,0.0,0.0
2013-08-19 00:00:00+09:00,1738.415006234269,1755.2929046400418,1721.5372314453125,1721.5372314453125,172731,0.0,0.0
2013-08-20 00:00:00+09:00,1738.4150560983926,1746.854005543339,1681.0305212764886,1682.71826171875,354069,0.0,0.0
2013-08-21 00:00:00+09:00,1713.0982313025863,1713.0982313025863,1556.134547220555,1569.6368408203125,803022,0.0,0.0
2013-08-22 00:00:00+09:00,1535.8812564049654,1569.6369305250898,1503.8134463417798,1552.7591552734375,501336,0.0,0.0
2013-08-23 00:00:00+09:00,1562.885813282114,1681.0304848684689,1562.885813282114,1664.1527099609375,386859,0.0,0.0
2013-08-26 00:00:00+09:00,1687.7816749589495,1696.2206247453805,1620.2704475179753,1654.026123046875,328986,0.0,0.0
2013-08-27 00:00:00+09:00,1640.5239983977217,1667.5284674538,1581.4515909946604,1611.8316650390625,459867,0.0,0.0
2013-08-28 00:00:00+09:00,1551.0713476294422,1583.1392824757681,1515.6279317801102,1517.3157958984375,803403,0.0,0.0
2013-08-29 00:00:00+09:00,1524.0666402180989,1549.3833618164062,1517.3155556641518,1519.0032958984375,582909,0.0,0.0
2013-08-30 00:00:00+09:00,1527.4425141607837,1542.6325498034319,1505.5012691546299,1532.505859375,332316,0.0,0.0
2013-09-02 00:00:00+09:00,1535.8811552236893,1564.5734825164338,1522.3789853585956,1562.8857421875,302532,0.0,0.0
2013-09-03 00:00:00+09:00,1593.2661195985977,1593.2661195985977,1527.4426269531248,1527.442626953125,346332,0.0,0.0
2013-09-04 00:00:00+09:00,1535.8813751469083,1574.700397205384,1532.5058940057047,1551.0714111328125,246411,0.0,0.0
2013-09-05 00:00:00+09:00,1554.4468802029967,1567.949174439682,1539.2568455430326,1544.3201904296875,141363,0.0,0.0
2013-09-06 00:00:00+09:00,1540.9447904308768,1556.1348271063732,1517.3159269024386,1522.3792724609375,466482,0.0,0.0
2013-09-09 00:00:00+09:00,1524.066719089465,1535.8811485744773,1481.8722221142973,1497.062255859375,547137,0.0,0.0
2013-09-10 00:00:00+09:00,1507.1890329438427,1507.1890329438427,1464.9944098904625,1478.4967041015625,396024,0.0,0.0
2013-09-11 00:00:00+09:00,1478.4965050952753,1502.1254858800241,1468.3698167042119,1500.4376220703125,239376,0.0,0.0
2013-09-12 00:00:00+09:00,1502.1257170751337,1525.754577879845,1475.121128131434,1493.686767578125,221169,0.0,0.0
2013-09-13 00:00:00+09:00,1493.686767578125,1508.8768025026484,1476.8089922009283,1493.686767578125,156012,0.0,0.0
2013-09-16 00:00:00+09:00,1493.686767578125,1508.8768025026484,1476.8089922009283,1493.686767578125,93840,0.0,0.0
2013-09-17 00:00:00+09:00,1485.247804890808,1502.1257037349349,1483.5600644531232,1486.9356689453125,126774,0.0,0.0
2013-09-23 00:00:00+09:00,1476.8089965080374,1502.125721456079,1402.5465621215083,1431.2388916015625,411165,0.0,0.0
2013-09-24 00:00:00+09:00,1431.239006390216,1434.614487576129,1348.5376158492245,1358.664306640625,485667,0.0,0.0
2013-09-25 00:00:00+09:00,1358.6642121545317,1375.5421113776738,1227.0172410214996,1308.03076171875,585426,0.0,0.0
2013-09-26 00:00:00+09:00,1294.5285913980572,1373.854248046875,1287.7773822583288,1373.854248046875,363507,0.0,0.0
2013-09-27 00:00:00+09:00,1385.6686854400111,1449.8043015439157,1375.541996200783,1439.6776123046875,250878,0.0,0.0
2013-09-30 00:00:00+09:00,1426.1754386218395,1444.7409531000737,1421.112094015628,1437.9898681640625,132141,0.0,0.0
2013-10-01 00:00:00+09:00,1437.9900126302277,1464.9944787040606,1422.7999772855421,1449.804443359375,165831,0.0,0.0
2013-10-02 00:00:00+09:00,1453.1800479749131,1470.0578238189557,1434.6144080146896,1449.804443359375,164964,0.0,0.0
2013-10-04 00:00:00+09:00,1449.8041801149948,1500.4376220703125,1437.9897515310213,1500.4376220703125,223083,0.0,0.0
2013-10-07 00:00:00+09:00,1508.8768310546875,1525.7546067512574,1495.3745363273376,1508.8768310546875,234942,0.0,0.0
2013-10-08 00:00:00+09:00,1519.0035306490383,1519.0035306490383,1490.311200531171,1513.940185546875,162381,0.0,0.0
2013-10-10 00:00:00+09:00,1513.94019852454,1527.4424934516603,1502.1257677238252,1520.6912841796875,176181,0.0,0.0
2013-10-11 00:00:00+09:00,1524.0668260904906,1586.5147057767424,1524.0668260904906,1552.7591552734375,296301,0.0,0.0
2013-10-14 00:00:00+09:00,1556.134756461447,1557.8226206488782,1524.0669439190372,1551.0714111328125,135393,0.0,0.0
2013-10-15 00:00:00+09:00,1529.1300310830538,1561.1978382114223,1529.1300310830538,1542.63232421875,131445,0.0,0.0
2013-10-16 00:00:00+09:00,1534.1935311605425,1552.7591706530206,1485.247821744093,1495.37451171875,193125,0.0,0.0
2013-10-17 00:00:00+09:00,1502.1255538170178,1532.505620364215,1459.9309345347058,1473.4332275390625,126453,0.0,0.0
2013-10-18 00:00:00+09:00,1473.433462419181,1512.2524837343447,1443.0533910290949,1468.3701171875,154842,0.0,0.0
2013-10-21 00:00:00+09:00,1468.3699419903026,1491.9989247911528,1432.926529597433,1441.365478515625,143241,0.0,0.0
2013-10-22 00:00:00+09:00,1454.8678204340706,1535.8813440520576,1451.4923393612057,1534.193603515625,226116,0.0,0.0
2013-10-23 00:00:00+09:00,1546.007920708252,1625.3336979509227,1540.9445758548222,1603.392578125,680544,0.0,0.0
2013-10-24 00:00:00+09:00,1586.514825544447,1628.7094522841253,1552.7592724928993,1616.8948974609375,395754,0.0,0.0
2013-10-25 00:00:00+09:00,1632.0848633917478,1637.1482084939112,1552.7592058690693,1579.763671875,351258,0.0,0.0
2013-10-28 00:00:00+09:00,1571.32447543971,1589.8901124381134,1556.134442518327,1578.07568359375,134802,0.0,0.0
2013-10-29 00:00:00+09:00,1564.5735855879122,1586.5147057767424,1552.7591552734375,1552.7591552734375,154440,0.0,0.0
2013-10-30 00:00:00+09:00,1564.5736141912294,1567.94921875,1537.5691485715297,1567.94921875,98331,0.0,0.0
2013-10-31 00:00:00+09:00,1557.8224111810325,1579.7635301159273,1554.4468068768902,1569.6368408203125,100308,0.0,0.0
2013-11-01 00:00:00+09:00,1571.3248248020825,1638.8361796518727,1569.637084196729,1637.1483154296875,408267,0.0,0.0
2013-11-04 00:00:00+09:00,1640.5236973704857,1686.0938000752215,1640.5236973704857,1648.962646484375,387921,0.0,0.0
2013-11-05 00:00:00+09:00,1632.0848219719758,1662.4648918139576,1621.9581320246484,1623.64599609375,175422,0.0,0.0
2013-11-06 00:00:00+09:00,1603.392578125,1635.460387657782,1603.392578125,1603.392578125,173685,0.0,0.0
2013-11-07 00:00:00+09:00,1610.143598002772,1637.1480615854744,1569.6368408203125,1569.6368408203125,166602,0.0,0.0
2013-11-08 00:00:00+09:00,1554.447021484375,1600.0171296060669,1552.7592809077,1554.447021484375,139596,0.0,0.0
2013-11-11 00:00:00+09:00,1571.3248911713222,1574.7004961414393,1527.442644643986,1537.5693359375,167127,0.0,0.0
2013-11-12 00:00:00+09:00,1520.6911346859029,1586.5146151073998,1520.6911346859029,1569.6368408203125,66630,0.0,0.0
2013-11-13 00:00:00+09:00,1559.5104627107319,1600.0172279759456,1539.257080078125,1539.257080078125,43626,0.0,0.0
2013-11-14 00:00:00+09:00,1544.3205198257688,1598.3295846755636,1524.0671359592013,1594.9539794921875,85812,0.0,0.0
2013-11-15 00:00:00+09:00,1600.0169736837743,1637.148128069986,1586.5146795356893,1603.392578125,198936,0.0,0.0
2013-11-18 00:00:00+09:00,1603.3925466959772,1635.4603556001796,1552.759099154176,1586.5146484375,280728,0.0,0.0
2013-11-19 00:00:00+09:00,1586.5146151073998,1593.2658237156847,1566.26123651617,1569.6368408203125,102093,0.0,0.0
2013-11-20 00:00:00+09:00,1554.447160936868,1574.700544141257,1547.6960744076853,1564.5738525390625,48225,0.0,0.0
2013-11-21 00:00:00+09:00,1594.9538359501537,1605.0805269720595,1561.1981580048566,1583.139404296875,122880,0.0,0.0
2013-11-22 00:00:00+09:00,1603.392372735672,1632.084574151851,1584.8267361123549,1621.9578857421875,258375,0.0,0.0
2013-11-25 00:00:00+09:00,1635.4601781606727,1635.4601781606727,1606.767853127692,1621.9578857421875,127566,0.0,0.0
2013-11-26 00:00:00+09:00,1635.4603407094164,1643.8992897618189,1610.143617169023,1642.21142578125,207894,0.0,0.0
2013-11-27 00:00:00+09:00,1625.333651293259,1652.3381151974074,1625.333651293259,1642.21142578125,140889,0.0,0.0
2013-11-28 00:00:00+09:00,1654.0262159505507,1659.0895613834434,1630.397229391441,1637.1483154296875,122574,0.0,0.0
2013-11-29 00:00:00+09:00,1637.148430446313,1713.0986172755258,1637.148430446313,1704.6597900390625,466431,0.0,0.0
2013-12-02 00:00:00+09:00,1721.5372537962146,1805.9263760702624,1686.093839747469,1797.4874267578125,752709,0.0,0.0
2013-12-03 00:00:00+09:00,1789.048674682988,1890.3155831295123,1763.7319475713568,1839.68212890625,1159104,0.0,0.0
2013-12-04 00:00:00+09:00,1831.2430748368126,1856.5597988040645,1797.4874016748718,1848.120849609375,344436,0.0,0.0
2013-12-05 00:00:00+09:00,1822.8042596275302,1848.1209854556903,1789.048583984375,1789.048583984375,275973,0.0,0.0
2013-12-06 00:00:00+09:00,1805.9264388617135,1848.120939657417,1763.7318144491876,1831.2431640625,362442,0.0,0.0
2013-12-09 00:00:00+09:00,1848.1211411378977,1848.1211411378977,1780.6099077813944,1805.9266357421875,185244,0.0,0.0
2013-12-10 00:00:00+09:00,1789.0484288464784,1814.3651524792908,1755.2928797472714,1772.170654296875,220212,0.0,0.0
2013-12-11 00:00:00+09:00,1772.1707286005435,1797.487453294837,1729.9762286489945,1746.85400390625,207390,0.0,0.0
2013-12-12 00:00:00+09:00,1738.4149815808535,1772.170654296875,1729.976156114459,1772.170654296875,165243,0.0,0.0
2013-12-13 00:00:00+09:00,1763.731705213666,1797.4873779296875,1763.731705213666,1772.170654296875,93555,0.0,0.0
2013-12-16 00:00:00+09:00,1763.731705213666,1797.4873779296875,1738.4149815808535,1772.170654296875,152142,0.0,0.0
2013-12-17 00:00:00+09:00,1780.6094460046218,1789.0482707251683,1738.4148279346748,1755.292724609375,146622,0.0,0.0
2013-12-18 00:00:00+09:00,1763.7318581562147,1797.48753379937,1755.2930319580448,1789.048583984375,219606,0.0,0.0
2013-12-19 00:00:00+09:00,1797.4874590635777,1839.6819591505432,1789.0485095994566,1814.365234375,297174,0.0,0.0
2013-12-20 00:00:00+09:00,1805.9265751686296,1839.6821289062502,1805.9265751686296,1839.68212890625,258165,0.0,0.0
2013-12-23 00:00:00+09:00,1839.6821906120213,1848.1211411378977,1805.9266357421877,1805.9266357421875,200814,0.0,0.0
2013-12-24 00:00:00+09:00,1797.4876852163113,1831.2433637029808,1797.4876852163113,1805.9266357421875,139020,0.0,0.0
2013-12-26 00:00:00+09:00,1814.3651764474341,1848.1208496093752,1805.926350869561,1848.120849609375,338121,0.0,0.0
2013-12-27 00:00:00+09:00,1910.0196064230472,1936.547656512256,1892.3342828740726,1901.1768798828125,221796,166.66667,0.0
2013-12-30 00:00:00+09:00,1901.1772029440817,1910.019930986934,1830.4357671958119,1848.12109375,329646,0.0,0.0
2014-01-02 00:00:00+09:00,1848.120898549418,1874.6489503445362,1768.5367431640625,1768.5367431640625,444378,0.0,0.0
2014-01-03 00:00:00+09:00,1768.5368653924857,1786.2223208325236,1750.8515394839599,1764.9998779296875,231732,0.0,0.0
2014-01-06 00:00:00+09:00,1786.221923828125,1803.9072458059238,1761.4623694340198,1786.221923828125,228282,0.0,0.0
2014-01-07 00:00:00+09:00,1768.536472318843,1803.9072458059238,1766.767978980508,1786.221923828125,155982,0.0,0.0
2014-01-08 00:00:00+09:00,1803.9074671256806,1812.7501939652275,1759.6940919909428,1763.2310791015625,178326,0.0,0.0
2014-01-09 00:00:00+09:00,1764.9997559457154,1786.22219738181,1754.388535227668,1768.5367431640625,182163,0.0,0.0
2014-01-10 00:00:00+09:00,1768.536880723089,1777.3796085197614,1750.8515546612575,1757.9256591796875,139806,0.0,0.0
2014-01-13 00:00:00+09:00,1761.4628076237213,1766.7684184900577,1736.7032470703125,1736.7032470703125,141969,0.0,0.0
2014-01-14 00:00:00+09:00,1724.3235085227273,1766.7683948863635,1724.3235085227273,1750.8515625,130863,0.0,0.0
2014-01-15 00:00:00+09:00,1747.3142229233042,1766.7681698728436,1726.091782444351,1733.166015625,90429,0.0,0.0
2014-01-16 00:00:00+09:00,1734.934662141829,1764.9998319820068,1734.934662141829,1756.1571044921875,122790,0.0,0.0
2014-01-17 00:00:00+09:00,1750.851436888441,1839.2783203125,1747.3143201013972,1839.2783203125,249744,0.0,0.0
2014-01-20 00:00:00+09:00,1856.9636984432445,1856.9636984432445,1777.379539938534,1803.9075927734375,222891,0.0,0.0
2014-01-21 00:00:00+09:00,1839.2783965135225,1874.6490477233433,1803.907615772192,1830.4356689453125,265221,0.0,0.0
2014-01-22 00:00:00+09:00,1848.120917982853,1856.9636451847102,1812.7502682384327,1839.2783203125,235008,0.0,0.0
2014-01-23 00:00:00+09:00,1839.2783730638114,1848.120970987774,1803.9075927734375,1803.9075927734375,187269,0.0,0.0
2014-01-24 00:00:00+09:00,1803.9075927734375,1821.5929181528704,1777.379539938534,1803.9075927734375,156078,0.0,0.0
2014-01-27 00:00:00+09:00,1750.8511503410439,1803.9072458059238,1736.7028150399146,1786.221923828125,202098,0.0,0.0
2014-01-28 00:00:00+09:00,1786.222375021136,1936.5479736328125,1761.4628143728596,1936.5479736328125,905823,0.0,0.0
2014-01-29 00:00:00+09:00,1927.704787508016,1989.6036096521327,1927.704787508016,1963.0755615234375,1103112,0.0,0.0
2014-02-03 00:00:00+09:00,1963.0758816255097,1980.7612067512737,1918.8625040453474,1954.233154296875,369651,0.0,0.0
2014-02-04 00:00:00+09:00,1910.0199809827304,2016.1322021484377,1910.0199809827304,2016.1322021484375,876543,0.0,0.0
2014-02-05 00:00:00+09:00,2042.660222891867,2148.772442262873,2033.8174947671105,2078.031005859375,1580763,0.0,0.0
2014-02-06 00:00:00+09:00,2104.558797232027,2210.670873787325,2104.558797232027,2184.142822265625,1221216,0.0,0.0
2014-02-07 00:00:00+09:00,2210.670873787325,2228.3563278227925,2139.9294462399594,2184.142822265625,661107,0.0,0.0
2014-02-10 00:00:00+09:00,2184.1429133306206,2201.8283681034604,2131.0869376066225,2157.614990234375,534834,0.0,0.0
2014-02-11 00:00:00+09:00,2184.143087830935,2237.199197325315,2157.615162615263,2210.671142578125,738180,0.0,0.0
2014-02-12 00:00:00+09:00,2228.35613375263,2281.4122321753116,2192.985487825169,2237.19873046875,497412,0.0,0.0
2014-02-13 00:00:00+09:00,2246.0416275189873,2263.7268212761937,2184.142672179808,2201.828125,430809,0.0,0.0
2014-02-14 00:00:00+09:00,2210.670815558684,2219.513671875,2166.4574406975894,2219.513671875,472668,0.0,0.0
2014-02-17 00:00:00+09:00,2228.3561746987953,2237.1987715773985,2184.142672179808,2201.828125,309387,0.0,0.0
2014-02-18 00:00:00+09:00,2201.8281767003677,2281.4123276654414,2184.1427234649095,2254.88427734375,629955,0.0,0.0
2014-02-19 00:00:00+09:00,2263.727210895805,2334.4687752892155,2246.042014094725,2272.570068359375,755781,0.0,0.0
2014-02-20 00:00:00+09:00,2281.4122321753116,2290.2548288914318,2201.828084541289,2237.19873046875,367428,0.0,0.0
2014-02-21 00:00:00+09:00,2263.726778258952,2325.625732421875,2237.198729064265,2325.625732421875,455283,0.0,0.0
2014-02-24 00:00:00+09:00,2325.6261071919,2325.6261071919,2192.98583984375,2192.98583984375,787605,0.0,0.0
2014-02-25 00:00:00+09:00,2201.8283681034604,2219.5138228763003,2113.401482833783,2157.614990234375,952941,0.0,0.0
2014-02-26 00:00:00+09:00,2192.985993684123,2219.5140490147255,2166.457808822001,2175.300537109375,422196,0.0,0.0
2014-02-27 00:00:00+09:00,2157.614941959031,2175.3002668046656,2042.6600066336491,2104.558837890625,925104,0.0,0.0
2014-02-28 00:00:00+09:00,2131.0867692846364,2131.0867692846364,2060.34521484375,2060.34521484375,457464,0.0,0.0
2014-03-03 00:00:00+09:00,2069.1882777346186,2095.71633257737,2051.5029510166232,2078.031005859375,250725,0.0,0.0
2014-03-04 00:00:00+09:00,2095.71615759245,2166.457588089288,2069.1881049646977,2157.614990234375,487878,0.0,0.0
2014-03-05 00:00:00+09:00,2157.614897371036,2157.614897371036,2113.4013918733845,2139.929443359375,313614,0.0,0.0
2014-03-06 00:00:00+09:00,2139.9299127739287,2157.615370665068,2060.3457408583918,2113.40185546875,505461,0.0,0.0
2014-03-07 00:00:00+09:00,2113.4014355476897,2122.244162736259,2060.3453314792832,2104.558837890625,406305,0.0,0.0
2014-03-10 00:00:00+09:00,2086.873410162298,2095.7161374637863,1989.6039279719491,1998.4466552734375,645078,0.0,0.0
2014-03-11 00:00:00+09:00,1998.4464655694078,2033.8171123547645,1989.6037391073219,2007.2890625,261312,0.0,0.0
2014-03-12 00:00:00+09:00,2016.1318098958336,2033.8171334721408,1945.3903860591095,1989.603759765625,279465,0.0,0.0
2014-03-13 00:00:00+09:00,1980.761202087983,2060.345359263815,1954.2331496960392,2042.6600341796875,267960,0.0,0.0
2014-03-14 00:00:00+09:00,1998.4464863195262,2042.6598600260418,1963.0757096354168,1989.603759765625,361296,0.0,0.0
2014-03-17 00:00:00+09:00,1989.6039279719491,2024.9747076463968,1963.0758755989898,1998.4466552734375,266013,0.0,0.0
2014-03-18 00:00:00+09:00,2007.289473874122,2016.1322021484377,1971.9188198398997,2016.1322021484375,242145,0.0,0.0
2014-03-19 00:00:00+09:00,2007.289227410877,2113.4014355476897,2007.289227410877,2104.558837890625,566796,0.0,0.0
2014-03-20 00:00:00+09:00,2113.4010946299004,2122.2438203920283,2069.1877248822275,2086.873046875,234102,0.0,0.0
2014-03-21 00:00:00+09:00,2104.558600758182,2166.4572955091794,2051.502502667904,2148.77197265625,651177,0.0,0.0
2014-03-24 00:00:00+09:00,2157.615370665068,2166.457970079108,2095.7165271091403,2113.40185546875,281922,0.0,0.0
2014-03-25 00:00:00+09:00,2131.0868458850455,2157.614897371036,2086.8733403873944,2139.929443359375,335892,0.0,0.0
2014-03-26 00:00:00+09:00,2148.771815708705,2246.0414081239132,2122.2437686011904,2228.35595703125,627723,0.0,0.0
2014-03-27 00:00:00+09:00,2201.828057323165,2307.9402528568116,2201.828057323165,2299.09765625,1293240,0.0,0.0
2014-03-28 00:00:00+09:00,2299.098122624025,2325.626176888675,2254.8846124952647,2272.570068359375,342810,0.0,0.0
2014-03-31 00:00:00+09:00,2290.2548288914318,2299.097684670532,2175.300035329948,2237.19873046875,467319,0.0,0.0
2014-04-01 00:00:00+09:00,2246.0414081239132,2272.569455231428,2210.6705059385868,2228.35595703125,219408,0.0,0.0
2014-04-02 00:00:00+09:00,2263.727143054082,2263.727143054082,2184.142982645192,2192.98583984375,339579,0.0,0.0
2014-04-03 00:00:00+09:00,2201.828057323165,2325.6257051334114,2192.9854607163534,2299.09765625,404349,0.0,0.0
2014-04-04 00:00:00+09:00,2281.41223074307,2352.1537816165614,2272.569634032501,2325.625732421875,368361,0.0,0.0
2014-04-07 00:00:00+09:00,2290.254827453639,2378.6818308112483,2290.254827453639,2325.625732421875,422412,0.0,0.0
2014-04-08 00:00:00+09:00,2325.625908479393,2369.8391544423052,2299.097857276445,2334.468505859375,412506,0.0,0.0
2014-04-09 00:00:00+09:00,2343.31125605797,2352.1541130776372,2281.4125522353797,2316.783203125,246375,0.0,0.0
2014-04-10 00:00:00+09:00,2316.783319425105,2325.626176888675,2246.042014094725,2272.570068359375,232947,0.0,0.0
2014-04-11 00:00:00+09:00,2246.0419013457595,2316.783203125,2246.0419013457595,2316.783203125,167967,0.0,0.0
2014-04-14 00:00:00+09:00,2378.682320635561,2502.479736328125,2360.996864509609,2502.479736328125,1309848,0.0,0.0
2014-04-15 00:00:00+09:00,2555.535459623652,2555.535459623652,2431.7380626309596,2458.26611328125,780939,0.0,0.0
2014-04-16 00:00:00+09:00,2449.423674391341,2484.7945873274084,2414.053020518313,2467.109130859375,403947,0.0,0.0
2014-04-17 00:00:00+09:00,2458.265840677271,2484.7938883857923,2396.366889982078,2431.73779296875,329292,0.0,0.0
2014-04-18 00:00:00+09:00,2414.0529997452445,2467.1091096297555,2405.2104011188385,2440.5810546875,170088,0.0,0.0
2014-04-21 00:00:00+09:00,2414.0529997452445,2484.7945659456045,2414.0529997452445,2440.5810546875,221418,0.0,0.0
2014-04-22 00:00:00+09:00,2467.109130859375,2493.637186029906,2414.053020518313,2467.109130859375,357297,0.0,0.0
2014-04-23 00:00:00+09:00,2458.266511003349,2493.637164572011,2431.738456061094,2440.5810546875,360906,0.0,0.0
2014-04-24 00:00:00+09:00,2440.580855763842,2440.580855763842,2387.5247502037587,2405.210205078125,349419,0.0,0.0
2014-04-25 00:00:00+09:00,2431.738164153814,2431.738164153814,2360.9966064453124,2387.524658203125,184344,0.0,0.0
2014-04-28 00:00:00+09:00,2387.524639254451,2458.2661964015097,2387.524639254451,2449.42333984375,212475,0.0,0.0
2014-04-29 00:00:00+09:00,2431.73779296875,2493.6364846009774,2431.73779296875,2431.73779296875,159423,0.0,0.0
2014-04-30 00:00:00+09:00,2449.4236533139065,2467.1091096297555,2422.895598371651,2440.5810546875,70434,0.0,0.0
2014-05-02 00:00:00+09:00,2467.1091096297555,2467.1091096297555,2422.895598371651,2440.5810546875,141990,0.0,0.0
2014-05-07 00:00:00+09:00,2422.895263671875,2467.1087688223074,2405.210068862103,2422.895263671875,108663,0.0,0.0
2014-05-08 00:00:00+09:00,2414.052779244134,2440.5808317633,2369.8392720245192,2378.68212890625,208008,0.0,0.0
2014-05-09 00:00:00+09:00,2378.6821289062495,2414.052779244134,2360.9966742058014,2378.68212890625,205692,0.0,0.0
2014-05-12 00:00:00+09:00,2396.367260582305,2475.951416015625,2387.5246629996045,2475.951416015625,423666,0.0,0.0
2014-05-13 00:00:00+09:00,2484.7941639315404,2502.4793583230708,2458.26611328125,2458.26611328125,178479,0.0,0.0
2014-05-14 00:00:00+09:00,2467.1090831392544,2537.850648580029,2431.7384299503838,2502.479736328125,244302,0.0,0.0
2014-05-15 00:00:00+09:00,2511.3224410692515,2537.8504941120145,2475.951530970222,2520.1650390625,166833,0.0,0.0
2014-05-16 00:00:00+09:00,2520.1650390625,2529.007637055748,2475.951530970222,2520.1650390625,187218,0.0,0.0
2014-05-19 00:00:00+09:00,2529.007514557123,2529.007514557123,2352.1540088803768,2387.524658203125,474009,0.0,0.0
2014-05-20 00:00:00+09:00,2343.3108983470343,2422.8950449972695,2246.0415584831767,2299.09765625,501915,0.0,0.0
2014-05-21 00:00:00+09:00,2281.412337168792,2343.31103515625,2281.412337168792,2343.31103515625,187650,0.0,0.0
2014-05-22 00:00:00+09:00,2343.3112425493505,2405.210205078125,2316.7831897693086,2405.210205078125,136635,0.0,0.0
2014-05-23 00:00:00+09:00,2405.2100119806687,2475.9513076727803,2387.5245585261437,2458.26611328125,214071,0.0,0.0
2014-05-26 00:00:00+09:00,2484.7942676694393,2493.636865234375,2369.839204010248,2387.524658203125,283065,0.0,0.0
2014-05-27 00:00:00+09:00,2440.5808317633,2440.5808317633,2334.468621686635,2378.68212890625,107532,0.0,0.0
2014-05-28 00:00:00+09:00,2369.8391288037137,2369.8391288037137,2210.670823308024,2307.9404296875,666174,0.0,0.0
2014-05-29 00:00:00+09:00,2299.09765625,2307.9402528568116,2228.3561062065764,2299.09765625,215124,0.0,0.0
2014-05-30 00:00:00+09:00,2316.7826856799006,2334.468136706237,2254.883995682161,2290.254638671875,306144,0.0,0.0
2014-06-02 00:00:00+09:00,2272.5694467084977,2316.7826856799006,2263.72659166385,2290.254638671875,160965,0.0,0.0
2014-06-03 00:00:00+09:00,2290.254647261131,2290.254647261131,2201.827909923735,2228.35595703125,270705,0.0,0.0
2014-06-05 00:00:00+09:00,2254.8841688368057,2254.8841688368057,2113.4011974189016,2148.77197265625,343593,0.0,0.0
2014-06-09 00:00:00+09:00,2184.1428193255247,2184.1428193255247,2051.502691427075,2139.929443359375,302412,0.0,0.0
2014-06-10 00:00:00+09:00,2139.929414025964,2246.041748046875,2113.4013629036112,2246.041748046875,246756,0.0,0.0
2014-06-11 00:00:00+09:00,2210.670873787325,2254.8843793444926,2166.457497761659,2184.142822265625,161064,0.0,0.0
2014-06-12 00:00:00+09:00,2210.671036114822,2219.5138933133803,2139.9296033729793,2192.98583984375,117054,0.0,0.0
2014-06-13 00:00:00+09:00,2210.671191195831,2210.671191195831,2131.087154735545,2175.300537109375,157065,0.0,0.0
2014-06-16 00:00:00+09:00,2201.8282702482197,2201.8282702482197,2069.188013004351,2095.716064453125,290067,0.0,0.0
2014-06-17 00:00:00+09:00,2078.0307858564215,2139.929487581893,2069.1880586678526,2104.558837890625,147417,0.0,0.0
2014-06-18 00:00:00+09:00,2095.7161107020556,2122.244162736259,2086.8733835134867,2104.558837890625,86163,0.0,0.0
2014-06-19 00:00:00+09:00,2104.5590607021263,2131.087115544878,2016.1321680491155,2078.031005859375,264420,0.0,0.0
2014-06-20 00:00:00+09:00,2086.8735827557475,2095.7163107885676,1989.604092520792,2051.5029296875,301716,0.0,0.0
2014-06-23 00:00:00+09:00,2069.1877617893447,2078.030487709196,1750.8511830525226,1761.46240234375,1938342,0.0,0.0
2014-06-24 00:00:00+09:00,1768.537003968127,1768.537003968127,1697.795565259489,1754.3887939453125,865224,0.0,0.0
2014-06-25 00:00:00+09:00,1733.166275541741,1761.4628239133783,1722.5550537109377,1722.5550537109375,360792,0.0,0.0
2014-06-26 00:00:00+09:00,1724.3233666826993,1821.5928467542994,1722.5548730735256,1768.5367431640625,564324,0.0,0.0
2014-06-27 00:00:00+09:00,1795.0651049787934,1795.0651049787934,1745.5461095861488,1766.7685546875,168123,0.0,0.0
2014-06-30 00:00:00+09:00,1865.8063527671654,1874.6489503445362,1764.9997559457154,1768.5367431640625,709635,0.0,0.0
2014-07-01 00:00:00+09:00,1848.1204707388579,1918.8620121712981,1821.592425084561,1910.019287109375,1008960,0.0,0.0
2014-07-02 00:00:00+09:00,1910.0196042698062,1954.2329778581463,1892.3342807407691,1945.390380859375,447087,0.0,0.0
2014-07-03 00:00:00+09:00,1910.0192871093748,1936.5473327636716,1874.6485163931548,1910.019287109375,383358,0.0,0.0
2014-07-04 00:00:00+09:00,1927.704787508016,2007.288931894101,1901.1767393793207,1963.0755615234375,458826,0.0,0.0
2014-07-07 00:00:00+09:00,1945.3904066206571,2007.28910455771,1945.3904066206571,1971.91845703125,298713,0.0,0.0
2014-07-08 00:00:00+09:00,1963.0755521334133,2078.030469985054,1910.0194561298076,2069.187744140625,635388,0.0,0.0
2014-07-09 00:00:00+09:00,2069.1884122195233,2069.1884122195233,1971.9189146513363,2033.817626953125,366171,0.0,0.0
2014-07-10 00:00:00+09:00,2024.9743836675545,2033.8169800227963,1936.5475133947425,1963.0755615234375,263250,0.0,0.0
2014-07-11 00:00:00+09:00,1963.0755615234377,1980.760883765406,1927.704787508016,1963.0755615234375,206505,0.0,0.0
2014-07-14 00:00:00+09:00,1971.9184309186778,1998.4464809779806,1918.8623308000722,1945.390380859375,285177,0.0,0.0
2014-07-15 00:00:00+09:00,1971.9186029004782,2060.345357789339,1936.5478232260305,1998.4466552734375,573771,0.0,0.0
2014-07-16 00:00:00+09:00,1989.6041468570108,2024.9749304227532,1936.548036274157,2016.1322021484375,328464,0.0,0.0
2014-07-17 00:00:00+09:00,2016.1322021484377,2078.0310410056068,1998.4468751313264,2016.1322021484375,323619,0.0,0.0
2014-07-18 00:00:00+09:00,2016.1321470877358,2051.5029296875,1980.7613644879718,2051.5029296875,335145,0.0,0.0
2014-07-21 00:00:00+09:00,2086.8735827557475,2095.7163107885676,2042.6602016546797,2051.5029296875,307152,0.0,0.0
2014-07-22 00:00:00+09:00,2078.0307642058133,2148.7721923828126,2069.188037109375,2122.244140625,765114,0.0,0.0
2014-07-23 00:00:00+09:00,2122.2445844143194,2148.7726417194986,2086.873798163571,2113.40185546875,516189,0.0,0.0
2014-07-24 00:00:00+09:00,2122.2440425966515,2139.9293664411243,2060.34521484375,2060.34521484375,382806,0.0,0.0
2014-07-25 00:00:00+09:00,2060.345018296196,2104.5585179868567,2042.659696138822,2069.187744140625,214803,0.0,0.0
2014-07-28 00:00:00+09:00,2078.0308138794485,2095.7161389635758,2042.6600341796877,2042.6600341796875,344496,0.0,0.0
2014-07-29 00:00:00+09:00,2033.816970294393,2078.030469985054,1989.6036001352163,2069.187744140625,380313,0.0,0.0
2014-07-30 00:00:00+09:00,2078.030745710327,2184.142822265625,2051.502694188627,2184.142822265625,726069,0.0,0.0
2014-07-31 00:00:00+09:00,2184.1428193255247,2201.8282733371857,2104.5587943990554,2139.929443359375,557523,0.0,0.0
2014-08-01 00:00:00+09:00,2113.4016981607965,2192.985993684123,2104.5590994049426,2175.300537109375,317568,0.0,0.0
2014-08-04 00:00:00+09:00,2175.300384509656,2192.98583984375,2148.772331040026,2192.98583984375,152022,0.0,0.0
2014-08-05 00:00:00+09:00,2184.142844212927,2201.828298426106,2148.772194849573,2166.45751953125,216219,0.0,0.0
2014-08-06 00:00:00+09:00,2157.615162615263,2237.199197325315,2148.7724345223605,2210.671142578125,275082,0.0,0.0
2014-08-07 00:00:00+09:00,2219.5138933133803,2246.04194678301,2192.98583984375,2192.98583984375,254172,0.0,0.0
2014-08-08 00:00:00+09:00,2201.828070746528,2201.828070746528,2139.9292464640407,2148.77197265625,199968,0.0,0.0
2014-08-11 00:00:00+09:00,2175.300315475708,2192.9857702485474,2131.0869376066225,2157.614990234375,225546,0.0,0.0
2014-08-12 00:00:00+09:00,2175.3002218511956,2175.3002218511956,2113.4013918733845,2139.929443359375,287049,0.0,0.0
2014-08-13 00:00:00+09:00,2148.7724199224554,2148.7724199224554,2051.5029296875,2051.5029296875,340281,0.0,0.0
2014-08-14 00:00:00+09:00,2069.188469803961,2139.9299127739287,2060.3457408583918,2113.40185546875,395601,0.0,0.0
2014-08-18 00:00:00+09:00,2113.401482833783,2166.457588089288,2095.71615759245,2157.614990234375,231114,0.0,0.0
2014-08-19 00:00:00+09:00,2166.457494845365,2166.457494845365,2104.5587943990554,2139.929443359375,220818,0.0,0.0
2014-08-20 00:00:00+09:00,2122.2445844143194,2139.9299127739287,2086.873798163571,2113.40185546875,131370,0.0,0.0
2014-08-21 00:00:00+09:00,2122.243840144231,2122.243840144231,2033.816970294393,2069.187744140625,257733,0.0,0.0
2014-08-22 00:00:00+09:00,2069.1880586678526,2122.244162736259,2051.5027338222185,2104.558837890625,232608,0.0,0.0
2014-08-25 00:00:00+09:00,2122.2443874201217,2122.2443874201217,2060.3455496098622,2078.031005859375,138066,0.0,0.0
2014-08-26 00:00:00+09:00,2069.1882437392806,2078.030971718757,1971.9187540911016,1980.7613525390625,517416,0.0,0.0
2014-08-27 00:00:00+09:00,1989.603754447715,1998.4464809779806,1910.0196042698062,1945.390380859375,298884,0.0,0.0
2014-08-28 00:00:00+09:00,1954.2331482975014,1998.4466552734375,1936.5478232260305,1998.4466552734375,185025,0.0,0.0
2014-08-29 00:00:00+09:00,1998.4464378183009,2078.030586277461,1971.918388331914,2024.9744873046875,336228,0.0,0.0
2014-09-01 00:00:00+09:00,2042.659696138822,2069.187744140625,1998.4463259796455,2069.187744140625,233268,0.0,0.0
2014-09-02 00:00:00+09:00,2086.8736397484026,2104.5590962970336,2016.1322021484377,2016.1322021484375,169662,0.0,0.0
2014-09-03 00:00:00+09:00,2016.1321470877358,2078.030984254444,2007.2894190549157,2051.5029296875,162264,0.0,0.0
2014-09-04 00:00:00+09:00,2086.873740086959,2086.873740086959,1980.7615138192912,2033.817626953125,228501,0.0,0.0
2014-09-05 00:00:00+09:00,2042.6600327178678,2051.502760019356,1963.0758755989898,1998.4466552734375,369663,0.0,0.0
2014-09-11 00:00:00+09:00,2016.1321470877358,2051.5029296875,1998.446820553612,2051.5029296875,255150,0.0,0.0
2014-09-12 00:00:00+09:00,2060.3451335988757,2069.1878599381685,2024.9744873046875,2024.9744873046875,160299,0.0,0.0
2014-09-15 00:00:00+09:00,2016.1319803449085,2042.6600327178678,1998.4466552734375,1998.4466552734375,131856,0.0,0.0
2014-09-16 00:00:00+09:00,2016.1322990856893,2042.660355652606,1989.6042425187723,2033.817626953125,132237,0.0,0.0
2014-09-17 00:00:00+09:00,2042.660355652606,2042.660355652606,2016.1322990856893,2033.817626953125,103530,0.0,0.0
2014-09-18 00:00:00+09:00,2042.6600066336491,2148.772214770462,2033.8172794450802,2104.558837890625,531354,0.0,0.0
2014-09-19 00:00:00+09:00,2122.244162736259,2122.244162736259,2069.1880586678526,2104.558837890625,134034,0.0,0.0
2014-09-22 00:00:00+09:00,2122.2443653555115,2131.0870933883316,2051.5029296875,2051.5029296875,151527,0.0,0.0
2014-09-23 00:00:00+09:00,2051.502421983251,2086.873066297999,2042.659696138822,2069.187744140625,128391,0.0,0.0
2014-09-24 00:00:00+09:00,2060.3455496098622,2095.71633257737,2051.5029510166232,2078.031005859375,145254,0.0,0.0
2014-09-25 00:00:00+09:00,2104.5585179868567,2104.5585179868567,2042.659696138822,2069.187744140625,149709,0.0,0.0
2014-09-26 00:00:00+09:00,2051.5029510166232,2086.8736044526136,2042.660222891867,2078.031005859375,125520,0.0,0.0
2014-09-29 00:00:00+09:00,2078.030739997776,2104.55879144655,2051.5026885490024,2095.716064453125,240126,0.0,0.0
2014-09-30 00:00:00+09:00,2113.4013918733845,2210.6708708115148,2113.4013918733845,2139.929443359375,676005,0.0,0.0
2014-10-01 00:00:00+09:00,2157.6145939090566,2166.457190139701,2069.1877248822275,2086.873046875,317460,0.0,0.0
2014-10-02 00:00:00+09:00,2086.8736044526136,2122.2443874201217,2051.5029510166232,2078.031005859375,331470,0.0,0.0
2014-10-06 00:00:00+09:00,2086.873046875,2104.5584983992558,2069.1877248822275,2086.873046875,155799,0.0,0.0
2014-10-07 00:00:00+09:00,2086.8735827557475,2113.4016373226914,2033.8174736218596,2051.5029296875,244419,0.0,0.0
2014-10-08 00:00:00+09:00,2033.817306871871,2051.5027614875044,2016.1319817877436,2042.6600341796875,160044,0.0,0.0
2014-10-10 00:00:00+09:00,2042.659705909523,2042.659705909523,1945.3902392814691,1963.0755615234375,331317,0.0,0.0
2014-10-13 00:00:00+09:00,1927.704787508016,1980.760883765406,1848.1206431219305,1963.0755615234375,335085,0.0,0.0
2014-10-14 00:00:00+09:00,1918.862645277274,1998.4468084980156,1918.862645277274,1980.7613525390625,113361,0.0,0.0
2014-10-15 00:00:00+09:00,1989.603754447715,2007.289077976752,1945.390380859375,1945.390380859375,135780,0.0,0.0
2014-10-16 00:00:00+09:00,1936.54790562221,1945.3906332999384,1856.9637451171877,1856.9637451171875,258894,0.0,0.0
2014-10-17 00:00:00+09:00,1865.806549835705,1892.3346044327457,1830.4357671958119,1848.12109375,161451,0.0,0.0
2014-10-20 00:00:00+09:00,1892.3342549892004,1936.5476279758686,1865.8062052909008,1918.8623046875,139926,0.0,0.0
2014-10-21 00:00:00+09:00,1936.5476543291093,1945.390380859375,1901.1768777395405,1945.390380859375,164415,0.0,0.0
2014-10-22 00:00:00+09:00,1971.9184660898875,2069.187941531735,1963.0757394019024,2060.34521484375,501426,0.0,0.0
2014-10-23 00:00:00+09:00,2042.6602016546797,2095.7163107885676,2042.6602016546797,2051.5029296875,117162,0.0,0.0
2014-10-24 00:00:00+09:00,2051.503084352087,2069.1884122195233,2024.9750277851704,2033.817626953125,89370,0.0,0.0
2014-10-27 00:00:00+09:00,2051.502402889455,2086.873046875,2051.502402889455,2086.873046875,196257,0.0,0.0
2014-10-28 00:00:00+09:00,2086.8735827557475,2086.8735827557475,2033.8174736218596,2051.5029296875,197100,0.0,0.0
2014-10-29 00:00:00+09:00,2051.502402889455,2086.873046875,2042.659677127327,2086.873046875,215718,0.0,0.0
2014-10-30 00:00:00+09:00,2095.7157921424277,2095.7157921424277,2042.659696138822,2069.187744140625,96156,0.0,0.0
2014-10-31 00:00:00+09:00,2069.187941531735,2069.187941531735,2033.817164311292,2060.34521484375,122211,0.0,0.0
2014-11-03 00:00:00+09:00,2060.345205378896,2078.0306586736224,1936.547679973294,1971.91845703125,247833,0.0,0.0
2014-11-04 00:00:00+09:00,1954.2326533560454,1998.4461491341888,1910.0192871093748,1910.019287109375,142167,0.0,0.0
2014-11-05 00:00:00+09:00,1883.4917452291788,1927.7051233015209,1821.5929123026938,1892.33447265625,298443,0.0,0.0
2014-11-06 00:00:00+09:00,1910.019930986934,1918.8626590297865,1812.7504406416235,1848.12109375,313176,0.0,0.0
2014-11-07 00:00:00+09:00,1874.6488276802377,1954.2329778581463,1856.9635041512006,1945.390380859375,167886,0.0,0.0
2014-11-10 00:00:00+09:00,1945.390556499746,1963.0758816255097,1918.8625040453474,1954.233154296875,86160,0.0,0.0
2014-11-11 00:00:00+09:00,1945.390556499746,1989.6039340799086,1927.705101842476,1954.233154296875,124809,0.0,0.0
2014-11-12 00:00:00+09:00,1980.761012645236,2016.1317889620861,1963.0756892525576,2007.2890625,85470,0.0,0.0
2014-11-13 00:00:00+09:00,2016.1317889620861,2024.974515424172,1954.2329627904717,2007.2890625,108828,0.0,0.0
2014-11-14 00:00:00+09:00,2016.1318098958336,2016.1318098958336,1963.0757096354168,1989.603759765625,52833,0.0,0.0
2014-11-17 00:00:00+09:00,1998.4466552734375,2024.9747076463968,1954.2331482975014,1998.4466552734375,114462,0.0,0.0
2014-11-18 00:00:00+09:00,1980.761054147117,1998.446507441843,1963.075730383887,1971.91845703125,78324,0.0,0.0
2014-11-19 00:00:00+09:00,1998.4466552734375,2007.28925304342,1945.3905505275188,1998.4466552734375,116445,0.0,0.0
2014-11-20 00:00:00+09:00,1989.6037807944801,2007.28910455771,1954.2330037365239,1971.91845703125,102462,0.0,0.0
2014-11-21 00:00:00+09:00,1963.0758770038558,2051.5027614875044,1963.0758770038558,2042.6600341796875,325794,0.0,0.0
2014-11-24 00:00:00+09:00,2095.715772637128,2122.2438203920283,2069.1877248822275,2086.873046875,445230,0.0,0.0
2014-11-25 00:00:00+09:00,2086.873148373763,2184.142618362109,2069.1878255208335,2148.77197265625,949758,0.0,0.0
2014-11-26 00:00:00+09:00,2175.300224779393,2210.670873787325,2131.086848753727,2184.142822265625,559617,0.0,0.0
2014-11-27 00:00:00+09:00,2175.300537109375,2237.1992465264334,2148.772481778773,2175.300537109375,406074,0.0,0.0
2014-11-28 00:00:00+09:00,2166.457761176648,2210.671142578125,2131.0871078680734,2210.671142578125,413871,0.0,0.0
2014-12-01 00:00:00+09:00,2219.513352692447,2307.940089698212,2201.8279016661104,2290.254638671875,561633,0.0,0.0
2014-12-02 00:00:00+09:00,2316.783319425105,2325.626176888675,2254.8846124952647,2272.570068359375,410172,0.0,0.0
2014-12-03 00:00:00+09:00,2272.570068359375,2290.255265160455,2246.042014094725,2272.570068359375,197358,0.0,0.0
2014-12-04 00:00:00+09:00,2272.5697735209123,2307.9404215971886,2210.670815558684,2219.513671875,419577,0.0,0.0
2014-12-05 00:00:00+09:00,2210.6705059385868,2246.0414081239132,2192.985313908883,2228.35595703125,213909,0.0,0.0
2014-12-08 00:00:00+09:00,2246.041680257517,2263.726874429983,2201.8281767003677,2254.88427734375,344592,0.0,0.0
2014-12-09 00:00:00+09:00,2246.041586247851,2272.5696354591914,2210.6706812574093,2237.19873046875,361752,0.0,0.0
2014-12-10 00:00:00+09:00,2219.5136299358255,2281.4123276654414,2210.670773786601,2254.88427734375,412098,0.0,0.0
2014-12-11 00:00:00+09:00,2246.0419013457595,2334.468658101319,2237.1990443260916,2316.783203125,1216074,0.0,0.0
2014-12-12 00:00:00+09:00,2325.6257051334114,2325.6257051334114,2254.8841550899883,2299.09765625,472842,0.0,0.0
2014-12-15 00:00:00+09:00,2246.0416129977575,2307.9403088737604,2237.1987571133404,2263.726806640625,489204,0.0,0.0
2014-12-16 00:00:00+09:00,2246.0412249959068,2281.411865234375,2228.3557753452033,2281.411865234375,277326,0.0,0.0
2014-12-17 00:00:00+09:00,2272.5697991692277,2316.7830449978164,2246.041748046875,2246.041748046875,444723,0.0,0.0
2014-12-18 00:00:00+09:00,2254.884319951276,2272.5697735209123,2210.670815558684,2219.513671875,266751,0.0,0.0
2014-12-19 00:00:00+09:00,2237.1988241082922,2272.5697305792078,2228.3562270220586,2254.88427734375,172680,0.0,0.0
2014-12-22 00:00:00+09:00,2254.8842098191913,2272.569662525042,2210.670707586056,2263.726806640625,199080,0.0,0.0
2014-12-23 00:00:00+09:00,2272.5699188295844,2405.210181425416,2254.884464129136,2378.68212890625,690405,0.0,0.0
2014-12-24 00:00:00+09:00,2387.52470271658,2387.52470271658,2343.311195941566,2352.154052734375,306678,0.0,0.0
2014-12-26 00:00:00+09:00,2369.8394245597487,2414.0529346251756,2316.783316106448,2360.996826171875,341046,0.0,0.0
2014-12-29 00:00:00+09:00,2435.0666638927482,2435.0666638927482,2360.9961073614,2398.03125,388131,200.0,0.0
2014-12-30 00:00:00+09:00,2388.773196668252,2425.8083496093745,2351.7380437271286,2425.808349609375,224292,0.0,0.0
2015-01-02 00:00:00+09:00,2407.29052734375,2444.325674416854,2370.2551090164648,2407.29052734375,209037,0.0,0.0
2015-01-05 00:00:00+09:00,2416.5492462984807,2425.8079652532115,2370.2551090164648,2407.29052734375,350859,0.0,0.0
2015-01-06 00:00:00+09:00,2379.514117232103,2444.3256929140357,2360.99640792833,2370.255126953125,394161,0.0,0.0
2015-01-07 00:00:00+09:00,2351.7373194030274,2388.7724609375,2351.7373194030274,2388.7724609375,212667,0.0,0.0
2015-01-08 00:00:00+09:00,2407.2902391002613,2407.2902391002613,2360.9961073614,2398.03125,284454,0.0,0.0
2015-01-09 00:00:00+09:00,2379.5142243518035,2555.431521267361,2379.5142243518035,2499.878662109375,901371,0.0,0.0
2015-01-12 00:00:00+09:00,2527.654898698335,2564.690044891241,2481.3607625165705,2546.172607421875,354120,0.0,0.0
2015-01-13 00:00:00+09:00,2592.467039054295,2601.726031067138,2499.8790177055025,2555.431884765625,498330,0.0,0.0
2015-01-14 00:00:00+09:00,2555.4319518372254,2555.4319518372254,2472.1026490599243,2527.655517578125,267117,0.0,0.0
2015-01-15 00:00:00+09:00,2536.9136174330174,2573.9490348800987,2509.137189974794,2546.172607421875,223686,0.0,0.0
2015-01-16 00:00:00+09:00,2555.4319518372254,2555.4319518372254,2490.6203623174047,2527.655517578125,234987,0.0,0.0
2015-01-19 00:00:00+09:00,2527.6552261636843,2573.9493683429937,2453.584652927631,2481.361083984375,287787,0.0,0.0
2015-01-20 00:00:00+09:00,2462.843325047205,2555.431326156558,2416.5491888654406,2546.172607421875,419634,0.0,0.0
2015-01-21 00:00:00+09:00,2546.172801825762,2573.9492314047548,2499.878662109375,2499.878662109375,243513,0.0,0.0
2015-01-22 00:00:00+09:00,2481.360524377461,2527.6546561163223,2398.03125,2398.03125,431256,0.0,0.0
2015-01-23 00:00:00+09:00,2407.29099635671,2583.208318295686,2407.29099635671,2555.431884765625,571716,0.0,0.0
2015-01-26 00:00:00+09:00,2555.4316920230262,2648.0197063883984,2546.172971962753,2638.760986328125,434775,0.0,0.0
2015-01-27 00:00:00+09:00,2675.796273898274,2675.796273898274,2610.9846876720094,2620.243408203125,263301,0.0,0.0
2015-01-28 00:00:00+09:00,2583.2080769813083,2657.2786498934656,2573.949357087617,2592.466796875,272091,0.0,0.0
2015-01-29 00:00:00+09:00,2592.4669724739497,2601.7259642490008,2546.1730986156003,2583.208251953125,225486,0.0,0.0
2015-01-30 00:00:00+09:00,2610.9843051120333,2648.0194530643544,2555.431447556458,2601.7255859375,225171,0.0,0.0
2015-02-02 00:00:00+09:00,2601.725898852526,2638.7610512591423,2555.4317549035904,2610.984619140625,82182,0.0,0.0
2015-02-03 00:00:00+09:00,2601.7257880229,2610.984507916591,2555.4316460460254,2592.466796875,92421,0.0,0.0
2015-02-04 00:00:00+09:00,2583.2084046051937,2759.125732421875,2564.6906912150325,2759.125732421875,762372,0.0,0.0
2015-02-05 00:00:00+09:00,2777.6433536871364,2833.196220760879,2731.3492073742727,2823.9375,723036,0.0,0.0
2015-02-06 00:00:00+09:00,2833.196044921875,2870.231196921082,2786.9019014822034,2833.196044921875,358935,0.0,0.0
2015-02-09 00:00:00+09:00,2851.713760771956,2944.3017765342042,2796.1608970637635,2870.231201171875,541188,0.0,0.0
2015-02-10 00:00:00+09:00,2870.2308351393162,2870.2308351393162,2749.866402872713,2814.677978515625,368262,0.0,0.0
2015-02-11 00:00:00+09:00,2796.160400390625,2842.4542644216076,2768.3839734703674,2796.160400390625,199569,0.0,0.0
2015-02-12 00:00:00+09:00,2833.195980923847,2879.490123317797,2768.3843985756853,2860.972412109375,331119,0.0,0.0
2015-02-13 00:00:00+09:00,2879.48982541272,2879.48982541272,2777.6428311845584,2814.677978515625,233427,0.0,0.0
2015-02-16 00:00:00+09:00,2786.90191618535,2823.9373396341653,2694.3139000717474,2722.09033203125,302334,0.0,0.0
2015-02-17 00:00:00+09:00,2712.831195186038,2759.12506050637,2703.5722051186303,2731.3486328125,129366,0.0,0.0
2015-02-23 00:00:00+09:00,2731.348863080799,2851.7135740711196,2731.348863080799,2805.41943359375,280248,0.0,0.0
2015-02-24 00:00:00+09:00,2796.1608970637635,2870.231201171875,2786.9019056095863,2870.231201171875,333741,0.0,0.0
2015-02-25 00:00:00+09:00,2888.7489128260117,2898.0076330259712,2833.1960491178193,2870.231201171875,224121,0.0,0.0
2015-02-26 00:00:00+09:00,2870.231553649925,2888.7492675781245,2777.6435265174277,2888.749267578125,288330,0.0,0.0
2015-02-27 00:00:00+09:00,2888.7486621927364,3046.1485194610464,2888.7486621927364,2981.336669921875,511914,0.0,0.0
2015-03-02 00:00:00+09:00,3036.889861386497,3055.4075734619164,2814.6784014983577,2842.454833984375,487365,0.0,0.0
2015-03-03 00:00:00+09:00,2888.7488432949026,2925.783994457536,2796.1608297612133,2860.972412109375,395616,0.0,0.0
2015-03-04 00:00:00+09:00,2860.9722327485756,3036.8895288101967,2823.9370839077587,2981.336669921875,630672,0.0,0.0
2015-03-05 00:00:00+09:00,3009.112958189072,3147.9950988940163,2990.595520264533,3073.9248046875,607713,0.0,0.0
2015-03-06 00:00:00+09:00,3101.701365867875,3147.9952339190572,3009.1130872571252,3055.4072265625,429081,0.0,0.0
2015-03-09 00:00:00+09:00,3018.371832138773,3046.1482592098223,2907.2661238545743,2944.30126953125,505125,0.0,0.0
2015-03-10 00:00:00+09:00,2990.595703125,3064.6660018605567,2944.3015629746283,2990.595703125,724875,0.0,0.0
2015-03-11 00:00:00+09:00,2962.8193333496156,3129.477915764515,2944.3016226632253,3110.960205078125,509133,0.0,0.0
2015-03-12 00:00:00+09:00,3138.736744493517,3314.654052734375,3110.960313126318,3314.654052734375,821982,0.0,0.0
2015-03-13 00:00:00+09:00,3323.9127206103694,3342.4301588839517,3240.5834346166903,3268.35986328125,432513,0.0,0.0
2015-03-16 00:00:00+09:00,3277.6188489887077,3342.430430725782,3185.030836328,3231.32470703125,475608,0.0,0.0
2015-03-17 00:00:00+09:00,3222.0661586441065,3231.324879026734,3120.219149418316,3185.031005859375,590100,0.0,0.0
2015-03-18 00:00:00+09:00,3157.2542245326476,3185.0306538650343,3036.889516589512,3055.4072265625,937287,0.0,0.0
2015-03-19 00:00:00+09:00,3073.9247013697263,3120.218565879269,2981.336429842296,3092.442138671875,685491,0.0,0.0
2015-03-20 00:00:00+09:00,3092.4420728163846,3110.9597809783586,2990.595356060942,3009.11279296875,424488,0.0,0.0
2015-03-23 00:00:00+09:00,3055.407401599643,3314.653999802149,3055.407401599643,3231.32470703125,1439109,0.0,0.0
2015-03-24 00:00:00+09:00,3231.3244442257133,3268.35986328125,3129.477719958452,3268.35986328125,542397,0.0,0.0
2015-03-25 00:00:00+09:00,3259.1012687719026,3268.360260287566,3157.254532133362,3175.77197265625,381141,0.0,0.0
2015-03-26 00:00:00+09:00,3129.478036743203,3268.360194124496,3120.2190454149745,3203.54833984375,413097,0.0,0.0
2015-03-27 00:00:00+09:00,3138.7368850165694,3212.8074623966872,3120.2191728579837,3147.99560546875,250959,0.0,0.0
2015-03-30 00:00:00+09:00,3120.2190860830992,3240.5838048851647,3120.2190860830992,3212.807373046875,256233,0.0,0.0
2015-03-31 00:00:00+09:00,3268.3604864962485,3277.619207398504,3185.031184613236,3249.8427734375,342252,0.0,0.0
2015-04-01 00:00:00+09:00,3259.101076806635,3259.101076806635,3092.442494391735,3110.960205078125,473829,0.0,0.0
2015-04-02 00:00:00+09:00,3147.9954142603506,3240.5836981752664,3073.9251126334675,3231.32470703125,423726,0.0,0.0
2015-04-03 00:00:00+09:00,3259.1012027962674,3259.1012027962674,3157.2544682194616,3203.54833984375,281619,0.0,0.0
2015-04-06 00:00:00+09:00,3147.995229506095,3194.289368746573,3101.701361519809,3166.512939453125,400905,0.0,0.0
2015-04-07 00:00:00+09:00,3212.8074382614795,3240.5838706635836,3166.513293839898,3185.031005859375,269883,0.0,0.0
2015-04-08 00:00:00+09:00,3194.2899055154912,3249.8427734374995,3185.031184613236,3249.8427734375,482592,0.0,0.0
2015-04-09 00:00:00+09:00,3240.5836981752664,3296.1365600225326,3194.2895562178082,3231.32470703125,341736,0.0,0.0
2015-04-10 00:00:00+09:00,3268.3601290988995,3268.3601290988995,3185.030836328,3231.32470703125,310971,0.0,0.0
2015-04-13 00:00:00+09:00,3249.8426836007825,3360.9484163734587,3083.184084441768,3120.21923828125,669240,0.0,0.0
2015-04-14 00:00:00+09:00,3101.701378349368,3110.9600977460236,2944.301521081058,2981.336669921875,962676,0.0,0.0
2015-04-15 00:00:00+09:00,2990.595478316809,3073.9247615709537,2972.077769397829,3064.665771484375,227229,0.0,0.0
2015-04-16 00:00:00+09:00,3027.630429868345,3064.6655740664182,2962.8188597081767,2999.85400390625,332016,0.0,0.0
2015-04-17 00:00:00+09:00,2990.595478316809,3092.4421992357566,2990.595478316809,3064.665771484375,276300,0.0,0.0
2015-04-20 00:00:00+09:00,3009.113589415169,3036.8900233828604,2888.749132639918,2907.266845703125,464568,0.0,0.0
2015-04-21 00:00:00+09:00,2944.3015837716584,2944.3015837716584,2786.9017231519624,2805.41943359375,762297,0.0,0.0
2015-04-22 00:00:00+09:00,2814.677978515625,2851.7133971008743,2740.607683853492,2814.677978515625,643533,0.0,0.0
2015-04-23 00:00:00+09:00,2805.419617263723,2870.231201171875,2740.608033355571,2870.231201171875,446601,0.0,0.0
2015-04-24 00:00:00+09:00,2870.2305607699673,2870.2305607699673,2685.0545705616837,2740.607421875,551667,0.0,0.0
2015-04-27 00:00:00+09:00,2731.3489829691325,2749.8666942237264,2675.796120459562,2712.83154296875,426747,0.0,0.0
2015-04-28 00:00:00+09:00,2722.089714352509,2740.607421875,2666.536863039192,2740.607421875,332193,0.0,0.0
2015-04-29 00:00:00+09:00,2749.8667639907526,2759.1254842258472,2629.5023159176476,2722.09033203125,347175,0.0,0.0
2015-04-30 00:00:00+09:00,2703.572433687289,2703.572433687289,2583.2079939225832,2657.278564453125,421227,0.0,0.0
2015-05-04 00:00:00+09:00,2657.27889812726,2657.27889812726,2536.9141719941726,2555.431884765625,414801,0.0,0.0
2015-05-06 00:00:00+09:00,2518.3963152232986,2740.607746823761,2518.3963152232986,2675.7958984375,466569,0.0,0.0
2015-05-07 00:00:00+09:00,2666.5378125,2777.6435546875,2648.020098383999,2777.6435546875,273516,0.0,0.0
2015-05-08 00:00:00+09:00,2777.6434458120366,2777.6434458120366,2722.0905768957955,2759.125732421875,179940,0.0,0.0
2015-05-11 00:00:00+09:00,2786.9019014822034,2842.4547651081225,2740.6080292967486,2833.196044921875,260904,0.0,0.0
2015-05-12 00:00:00+09:00,2823.9372609467414,2870.2311320864806,2786.901838529897,2860.972412109375,231561,0.0,0.0
2015-05-13 00:00:00+09:00,2870.2306913418647,2870.2306913418647,2777.6426920257304,2796.160400390625,250266,0.0,0.0
2015-05-14 00:00:00+09:00,2833.1955458662446,2842.4542644216076,2740.6075465501103,2796.160400390625,321726,0.0,0.0
2015-05-15 00:00:00+09:00,2814.6783374636825,2879.4901926260522,2805.419617263723,2870.231201171875,243279,0.0,0.0
2015-05-18 00:00:00+09:00,2860.9726542977505,2860.9726542977505,2759.1256409111443,2823.9375,284418,0.0,0.0
2015-05-19 00:00:00+09:00,2814.6779158941104,2814.6779158941104,2712.831195186038,2731.3486328125,328533,0.0,0.0
2015-05-20 00:00:00+09:00,2722.089714352509,2759.124858143334,2685.0545705616837,2740.607421875,186690,0.0,0.0
2015-05-21 00:00:00+09:00,2703.5725206161314,2722.090231657723,2583.2080769813083,2592.466796875,437241,0.0,0.0
2015-05-22 00:00:00+09:00,2629.5022076378054,2638.760927491637,2499.8787734131297,2518.396484375,462114,0.0,0.0
2015-05-26 00:00:00+09:00,2527.6546561163223,2536.9133739624353,2370.254825207513,2398.03125,668166,0.0,0.0
2015-05-27 00:00:00+09:00,2360.9964585578305,2444.32574533046,2333.220029633621,2416.54931640625,299376,0.0,0.0
2015-05-28 00:00:00+09:00,2435.066591296196,2462.8430152605856,2379.5137433674167,2388.7724609375,164160,0.0,0.0
2015-05-29 00:00:00+09:00,2407.290605132484,2453.58447265625,2342.4787565925076,2453.58447265625,350733,0.0,0.0
2015-06-01 00:00:00+09:00,2407.2907768231357,2453.584647648632,2360.99663474343,2444.325927734375,338874,0.0,0.0
2015-06-02 00:00:00+09:00,2453.584467540333,2453.584467540333,2296.184884281015,2305.443603515625,359802,0.0,0.0
2015-06-03 00:00:00+09:00,2286.926203993108,2379.5144939147317,2277.667483502636,2314.70263671875,173061,0.0,0.0
2015-06-04 00:00:00+09:00,2323.9613634110647,2370.2552318377434,2323.9613634110647,2351.73779296875,92946,0.0,0.0
2015-06-05 00:00:00+09:00,2342.4789295353457,2360.99664066451,2277.667347464586,2296.18505859375,297615,0.0,0.0
2015-06-08 00:00:00+09:00,2323.9612429886297,2407.29052734375,2296.1848148702566,2407.29052734375,161649,0.0,0.0
2015-06-09 00:00:00+09:00,2407.290835976394,2416.549556118162,2342.4789812213726,2379.514404296875,206718,0.0,0.0
2015-06-10 00:00:00+09:00,2398.0312952156296,2398.0312952156296,2314.702019266969,2333.2197265625,162570,0.0,0.0
2015-06-11 00:00:00+09:00,2351.7379383184616,2351.7379383184616,2222.114501953125,2222.114501953125,386019,0.0,0.0
2015-06-12 00:00:00+09:00,2222.114771792763,2231.3736285509403,2083.2325985557154,2111.009033203125,576279,0.0,0.0
2015-06-15 00:00:00+09:00,2073.9737420271554,2185.0794806290946,2055.456164135873,2129.526611328125,240093,0.0,0.0
2015-06-16 00:00:00+09:00,2129.526052687607,2166.5613343817945,2055.455624926318,2120.267333984375,231807,0.0,0.0
2015-06-17 00:00:00+09:00,2129.5263524960433,2231.373357586965,2120.267632489309,2222.114501953125,147219,0.0,0.0
2015-06-18 00:00:00+09:00,2231.3733550712227,2231.3733550712227,2138.7852057185282,2203.596923828125,218700,0.0,0.0
2015-06-19 00:00:00+09:00,2203.5968758571034,2203.5968758571034,2129.526303736579,2157.302734375,127416,0.0,0.0
2015-06-22 00:00:00+09:00,2148.0440145802613,2185.079165013421,2129.526303736579,2157.302734375,144216,0.0,0.0
2015-06-23 00:00:00+09:00,2166.5617007446453,2185.0792769094946,2148.044124579796,2175.820556640625,144669,0.0,0.0
2015-06-24 00:00:00+09:00,2203.5969098292444,2296.18505859375,2175.8204787626028,2296.18505859375,314700,0.0,0.0
2015-06-25 00:00:00+09:00,2286.925482650025,2435.066591296196,2240.631487918399,2388.7724609375,643815,0.0,0.0
2015-06-26 00:00:00+09:00,2388.7728953704636,2518.3963211962264,2370.2551856084433,2453.58447265625,623337,0.0,0.0
2015-06-29 00:00:00+09:00,2407.29052734375,2435.066955462123,2360.996390061734,2407.29052734375,301209,0.0,0.0
2015-06-30 00:00:00+09:00,2379.514490745184,2407.290923433827,2222.1146150914633,2277.66748046875,666597,0.0,0.0
2015-07-01 00:00:00+09:00,2277.667684314275,2277.667684314275,2185.0795218566855,2212.85595703125,309384,0.0,0.0
2015-07-02 00:00:00+09:00,2231.3733064955245,2240.632026290263,2138.78515915842,2157.302734375,487101,0.0,0.0
2015-07-03 00:00:00+09:00,2148.043700192136,2148.043700192136,2009.1615673268486,2055.45556640625,631875,0.0,0.0
2015-07-06 00:00:00+09:00,2009.161441376921,2073.9730088997712,1981.3850165451067,1999.902587890625,247182,0.0,0.0
2015-07-07 00:00:00+09:00,2018.4201592361428,2027.679012722439,1944.3497382269964,1999.902587890625,223164,0.0,0.0
2015-07-08 00:00:00+09:00,2009.161441376921,2036.9378662087352,1972.1261630588106,1999.902587890625,105123,0.0,0.0
2015-07-09 00:00:00+09:00,1990.6442226522981,2018.420654296875,1888.7973518312192,2018.420654296875,190242,0.0,0.0
2015-07-10 00:00:00+09:00,2036.9381819490875,2036.9381819490875,1972.126468752872,1990.64404296875,80739,0.0,0.0
2015-07-13 00:00:00+09:00,2018.4202857664793,2064.7144204729634,1981.3851407537911,2055.45556640625,138831,0.0,0.0
2015-07-14 00:00:00+09:00,2073.9732574815484,2083.23211207759,2018.4204011594793,2036.9381103515625,150273,0.0,0.0
2015-07-15 00:00:00+09:00,2046.1967123395366,2073.973138912594,2036.9379938999061,2055.45556640625,180351,0.0,0.0
2015-07-16 00:00:00+09:00,2055.4557525867235,2111.0086107647435,2036.9381784030822,2101.749755859375,292326,0.0,0.0
2015-07-17 00:00:00+09:00,2101.7501764449476,2129.526611092357,2092.4914553138924,2111.009033203125,156294,0.0,0.0
2015-07-20 00:00:00+09:00,2120.2672736190784,2120.2672736190784,2036.9379938999061,2055.45556640625,191424,0.0,0.0
2015-07-21 00:00:00+09:00,2073.9736328125,2092.491345355769,2055.4560558963462,2073.9736328125,124794,0.0,0.0
2015-07-22 00:00:00+09:00,2073.973452253969,2092.4911631851005,2046.1970214843752,2046.197021484375,100560,0.0,0.0
2015-07-23 00:00:00+09:00,2046.1970214843752,2064.7147324155067,2027.6794461803472,2046.197021484375,70377,0.0,0.0
2015-07-24 00:00:00+09:00,2036.9384214397735,2064.71485384292,2009.1619890366271,2027.6795654296875,89535,0.0,0.0
2015-07-27 00:00:00+09:00,2009.16162109375,2027.6791940956402,1990.6439124647732,2009.16162109375,56205,0.0,0.0
2015-07-28 00:00:00+09:00,1990.6440429687498,2009.161752811723,1953.6088945369943,1990.64404296875,96624,0.0,0.0
2015-07-29 00:00:00+09:00,1981.3850165451067,2073.9730088997712,1981.3850165451067,1999.902587890625,187980,0.0,0.0
2015-07-30 00:00:00+09:00,2018.4206590785382,2036.9383706368633,1916.5737880161828,1944.3502197265625,159375,0.0,0.0
2015-07-31 00:00:00+09:00,1944.3500942676228,1953.6089494493588,1879.5383792496689,1925.83251953125,216459,0.0,0.0
2015-08-03 00:00:00+09:00,1925.83251953125,1953.6089494493588,1916.5736643495138,1925.83251953125,51795,0.0,0.0
2015-08-04 00:00:00+09:00,1925.8326437953453,1953.6090755057248,1898.0562120849659,1944.3502197265625,74550,0.0,0.0
2015-08-05 00:00:00+09:00,1953.6087664609927,2036.9380484101284,1935.0910578320158,2009.16162109375,160590,0.0,0.0
2015-08-06 00:00:00+09:00,2055.4557525867235,2111.0086107647435,2027.679323497714,2101.749755859375,342219,0.0,0.0
2015-08-07 00:00:00+09:00,2101.749930987254,2129.5263623907294,2083.2323552606395,2092.4912109375,216348,0.0,0.0
2015-08-10 00:00:00+09:00,2092.490847046021,2111.008419552365,2036.9379938999061,2055.45556640625,101286,0.0,0.0
2015-08-11 00:00:00+09:00,2064.7142910405496,2083.2318623860674,1990.6437344043286,1999.902587890625,121263,0.0,0.0
2015-08-12 00:00:00+09:00,1972.1267178300498,1990.6442943846748,1888.7974198935688,1916.5738525390625,272166,0.0,0.0
2015-08-13 00:00:00+09:00,1916.57385409441,1962.8678633320974,1888.7974214263752,1935.0914306640625,274182,0.0,0.0
2015-08-14 00:00:00+09:00,1935.0914306640625,1935.0914306640625,1935.0914306640625,1935.0914306640625,0,0.0,0.0
2015-08-17 00:00:00+09:00,1907.3149631389974,1916.5738190681702,1712.8799380161397,1722.1387939453125,868710,0.0,0.0
2015-08-18 00:00:00+09:00,1707.3250448031833,1794.357930826303,1707.3250448031833,1738.8050537109375,303285,0.0,0.0
2015-08-19 00:00:00+09:00,1705.4727625782766,1753.6186186744262,1622.1434745044194,1681.39990234375,404211,0.0,0.0
2015-08-20 00:00:00+09:00,1698.0658946135786,1698.0658946135786,1646.2164652823915,1662.88232421875,123909,0.0,0.0
2015-08-21 00:00:00+09:00,1583.2565121982523,1612.884659030356,1536.9625073430093,1562.8870849609375,291303,0.0,0.0
2015-08-24 00:00:00+09:00,1518.444669848423,1636.9575185148685,1518.444669848423,1581.4046630859375,161850,0.0,0.0
2015-08-25 00:00:00+09:00,1583.256473403286,1688.806904963505,1573.9976184082698,1681.39990234375,207942,0.0,0.0
2015-08-26 00:00:00+09:00,1675.8446122265273,1822.1337612654313,1640.6610447108583,1792.505615234375,220710,0.0,0.0
2015-08-27 00:00:00+09:00,1814.7267543105625,1825.8373259989394,1773.9879010351174,1823.9854736328125,88410,0.0,0.0
2015-08-28 00:00:00+09:00,1840.651418800522,1849.9102741906906,1799.912699212564,1807.3197021484375,116202,0.0,0.0
2015-08-31 00:00:00+09:00,1807.3196746962333,1879.53839301212,1803.6162410981008,1851.761962890625,158160,0.0,0.0
2015-09-01 00:00:00+09:00,1851.762077718426,1907.31494140625,1848.0586438906437,1907.31494140625,100335,0.0,0.0
2015-09-02 00:00:00+09:00,1870.279659695032,1925.83251953125,1849.9102325460526,1925.83251953125,99870,0.0,0.0
2015-09-03 00:00:00+09:00,1925.83251953125,1944.3500942676228,1907.3148091677779,1925.83251953125,85917,0.0,0.0
2015-09-04 00:00:00+09:00,1925.832583179868,1944.3501585282452,1861.0208660198919,1898.05615234375,109410,0.0,0.0
2015-09-07 00:00:00+09:00,1925.83251953125,1935.0912390858869,1898.056089613141,1925.83251953125,55635,0.0,0.0
2015-09-08 00:00:00+09:00,1925.832583179868,1935.0913030405047,1888.7972968560096,1898.05615234375,38469,0.0,0.0
2015-09-09 00:00:00+09:00,1925.8324576925454,1962.867605976088,1907.314747923679,1953.60888671875,99939,0.0,0.0
2015-09-10 00:00:00+09:00,1935.0913549924053,1981.385498046875,1925.8326348831972,1981.385498046875,63243,0.0,0.0
2015-09-11 00:00:00+09:00,1962.8676138313854,1990.6440429687498,1944.3500396155075,1990.64404296875,93234,0.0,0.0
2015-09-14 00:00:00+09:00,1990.6442369379859,1990.6442369379859,1888.7973653860117,1907.31494140625,140997,0.0,0.0
2015-09-15 00:00:00+09:00,1916.5738525390625,1944.3502851845562,1907.3149964481938,1916.5738525390625,60582,0.0,0.0
2015-09-16 00:00:00+09:00,1935.0913639474,1953.6090755057248,1907.3149322370205,1944.3502197265625,109239,0.0,0.0
2015-09-17 00:00:00+09:00,1944.3500942676228,1972.1265241857318,1907.3148091677779,1925.83251953125,65997,0.0,0.0
2015-09-18 00:00:00+09:00,1962.867605976088,1972.1264608605213,1907.314747923679,1953.60888671875,162303,0.0,0.0
2015-09-21 00:00:00+09:00,1944.3500318343167,1981.3853157449544,1925.8324576925454,1953.60888671875,49341,0.0,0.0
2015-09-22 00:00:00+09:00,1972.1266423105596,1990.644218156083,1944.3502107287206,1981.385498046875,92832,0.0,0.0
2015-09-23 00:00:00+09:00,1981.3853236743587,2009.161752811723,1953.6088945369943,1990.64404296875,114192,0.0,0.0
2015-09-24 00:00:00+09:00,2009.161752811723,2009.161752811723,1962.8676138313854,1990.64404296875,40932,0.0,0.0
2015-09-25 00:00:00+09:00,1962.8674851483945,2009.16162109375,1953.6087664609927,2009.16162109375,60441,0.0,0.0
2015-09-30 00:00:00+09:00,1981.3855566334807,2027.6795654296877,1962.867844613309,2027.6795654296875,113454,0.0,0.0
2015-10-01 00:00:00+09:00,2018.4205907147814,2046.1970214843752,1999.9030154107534,2046.197021484375,100563,0.0,0.0
2015-10-02 00:00:00+09:00,2027.679255755521,2055.4556839165552,2027.679255755521,2036.9381103515625,88776,0.0,0.0
2015-10-05 00:00:00+09:00,2046.1967123395366,2073.973138912594,2018.4202857664793,2055.45556640625,75639,0.0,0.0
2015-10-06 00:00:00+09:00,2083.2319929793075,2083.2319929793075,2027.6791398331927,2055.45556640625,114657,0.0,0.0
2015-10-07 00:00:00+09:00,2055.45556640625,2073.973138912594,2018.4202857664793,2055.45556640625,101895,0.0,0.0
2015-10-08 00:00:00+09:00,2055.4560558963462,2073.9736328125,2009.162045792404,2073.9736328125,107841,0.0,0.0
2015-10-12 00:00:00+09:00,2073.973322846524,2083.232177734375,2046.1968938100656,2083.232177734375,90564,0.0,0.0
2015-10-13 00:00:00+09:00,2064.7146035857677,2083.232177734375,2046.1968938100656,2083.232177734375,39408,0.0,0.0
2015-10-14 00:00:00+09:00,2055.45556640625,2073.973138912594,2036.9379938999061,2055.45556640625,128946,0.0,0.0
2015-10-15 00:00:00+09:00,2036.9381103515627,2055.4556839165552,2018.4204011594793,2036.9381103515625,63351,0.0,0.0
2015-10-16 00:00:00+09:00,2036.9381103515627,2046.1968293205136,2018.4204011594793,2036.9381103515625,43977,0.0,0.0
2015-10-19 00:00:00+09:00,2036.9384214397735,2046.197141822748,2009.1619890366271,2027.6795654296875,48279,0.0,0.0
2015-10-20 00:00:00+09:00,2027.679255755521,2046.1968293205136,1999.9028275944863,2036.9381103515625,76443,0.0,0.0
2015-10-21 00:00:00+09:00,2036.9380484101284,2055.455621412019,1999.9027667792616,2009.16162109375,47199,0.0,0.0
2015-10-22 00:00:00+09:00,2027.6797693257981,2027.6797693257981,1935.0916067959438,1962.8680419921875,117366,0.0,0.0
2015-10-23 00:00:00+09:00,1990.6439729984447,2055.4556839165552,1990.6439729984447,2036.9381103515625,95448,0.0,0.0
2015-10-26 00:00:00+09:00,2036.9384214397735,2046.197141822748,2009.1619890366271,2027.6795654296875,58890,0.0,0.0
2015-10-27 00:00:00+09:00,1999.9028275944863,2046.1968293205136,1999.9028275944863,2036.9381103515625,39909,0.0,0.0
2015-10-28 00:00:00+09:00,2009.1619341667545,2027.679510054103,1990.6442226522981,2018.420654296875,98505,0.0,0.0
2015-10-29 00:00:00+09:00,2009.16162109375,2027.6791940956402,1981.3851937773713,2009.16162109375,46992,0.0,0.0
2015-10-30 00:00:00+09:00,1999.9030784095264,2027.679510054103,1981.3855025221776,2018.420654296875,78690,0.0,0.0
2015-11-02 00:00:00+09:00,2036.9383658113313,2036.9383658113313,2009.1619341667545,2018.420654296875,91815,0.0,0.0
2015-11-03 00:00:00+09:00,2046.1967670975305,2046.1967670975305,1999.9027667792616,2009.16162109375,61080,0.0,0.0
2015-11-04 00:00:00+09:00,2018.4203397811518,2018.4203397811518,1990.6439124647732,2009.16162109375,58017,0.0,0.0
2015-11-05 00:00:00+09:00,2027.6791940956402,2027.6791940956402,1981.3851937773713,2009.16162109375,68694,0.0,0.0
2015-11-06 00:00:00+09:00,1981.3857558744335,1999.9033341295542,1962.8680419921875,1962.8680419921875,101445,0.0,0.0
2015-11-09 00:00:00+09:00,2009.161948585333,2009.161948585333,1888.7973653860117,1907.31494140625,209742,0.0,0.0
2015-11-10 00:00:00+09:00,1944.3501085046414,1944.3501085046414,1833.244388018662,1851.761962890625,188565,0.0,0.0
2015-11-11 00:00:00+09:00,1888.7973632812498,1888.7973632812498,1833.2444996553306,1888.79736328125,40113,0.0,0.0
2015-11-12 00:00:00+09:00,1888.7974198935688,1916.5738525390625,1861.0209872480752,1916.5738525390625,24324,0.0,0.0
2015-11-13 00:00:00+09:00,1907.3149392808534,1907.3149392808534,1835.0962165671585,1888.79736328125,101421,0.0,0.0
2015-11-16 00:00:00+09:00,1851.7618972819278,2046.1969012434786,1851.7618972819278,1990.64404296875,198414,0.0,0.0
2015-11-17 00:00:00+09:00,1999.9025878906248,2018.4201592361428,1962.8673095725144,1999.902587890625,97803,0.0,0.0
2015-11-18 00:00:00+09:00,2009.161870876319,2055.455876949941,1962.867729175594,2046.197021484375,145509,0.0,0.0
2015-11-19 00:00:00+09:00,2064.7144204729634,2073.973138912594,2046.1967123395366,2055.45556640625,134823,0.0,0.0
2015-11-20 00:00:00+09:00,2073.9733188523,2073.9733188523,2036.9381706264107,2064.714599609375,70944,0.0,0.0
2015-11-23 00:00:00+09:00,2055.45556640625,2073.973138912594,2009.1615673268486,2055.45556640625,67365,0.0,0.0
2015-11-24 00:00:00+09:00,2073.973452253969,2073.973452253969,2027.6794461803472,2046.197021484375,59067,0.0,0.0
2015-11-25 00:00:00+09:00,2036.9381819490875,2046.1969012434786,1972.126468752872,1990.64404296875,81588,0.0,0.0
2015-11-26 00:00:00+09:00,1990.6437344043286,2018.4201592361428,1981.3850165451067,1999.902587890625,91044,0.0,0.0
2015-11-27 00:00:00+09:00,2018.4201592361428,2018.4201592361428,1990.6437344043286,1999.902587890625,60501,0.0,0.0
2015-11-30 00:00:00+09:00,1999.9028944087042,2111.0086107647435,1999.9028944087042,2101.749755859375,255963,0.0,0.0
2015-12-01 00:00:00+09:00,2120.267890196045,2157.3030459786096,2083.232598786358,2129.526611328125,258141,0.0,0.0
2015-12-02 00:00:00+09:00,2148.0440145802613,2185.079165013421,2129.526303736579,2157.302734375,298200,0.0,0.0
2015-12-03 00:00:00+09:00,2148.0437067341345,2185.0788518596155,2101.7495718866585,2166.561279296875,114627,0.0,0.0
2015-12-04 00:00:00+09:00,2148.0437122021185,2203.5965656588364,2120.26728547376,2185.078857421875,170970,0.0,0.0
2015-12-07 00:00:00+09:00,2185.078857421875,2203.5965656588364,2175.8201389304777,2185.078857421875,128658,0.0,0.0
2015-12-08 00:00:00+09:00,2175.8204359500337,2277.6673026480253,2175.8204359500337,2268.408447265625,470589,0.0,0.0
2015-12-09 00:00:00+09:00,2277.667361934017,2296.1850731808195,2203.596923828125,2203.596923828125,203673,0.0,0.0
2015-12-10 00:00:00+09:00,2222.114613575127,2296.185191112373,2194.338180905438,2259.14990234375,164235,0.0,0.0
2015-12-11 00:00:00+09:00,2249.8907486155063,2259.149603489622,2148.0438875086097,2194.337890625,215550,0.0,0.0
2015-12-14 00:00:00+09:00,2129.526412787837,2194.3381328054743,2101.7499807270083,2175.820556640625,98580,0.0,0.0
2015-12-15 00:00:00+09:00,2129.526651507557,2212.85595703125,2129.526651507557,2212.85595703125,69765,0.0,0.0
2015-12-16 00:00:00+09:00,2222.1144356580157,2240.632010746132,2203.5968605698995,2231.373291015625,99417,0.0,0.0
2015-12-17 00:00:00+09:00,2240.631890737881,2305.443603515625,2212.8554617798613,2305.443603515625,177789,0.0,0.0
2015-12-18 00:00:00+09:00,2305.443603515625,2323.9613132390346,2268.408319695901,2305.443603515625,100716,0.0,0.0
2015-12-21 00:00:00+09:00,2268.4084919000043,2314.7024984687046,2268.4084919000043,2296.18505859375,70374,0.0,0.0
2015-12-22 00:00:00+09:00,2314.7024559470055,2314.7024559470055,2259.1497304613463,2286.926025390625,81579,0.0,0.0
2015-12-23 00:00:00+09:00,2277.667347464586,2351.737920727033,2268.4084919000043,2296.18505859375,172515,0.0,0.0
2015-12-24 00:00:00+09:00,2296.185191112373,2323.9616237820624,2222.114613575127,2259.14990234375,197466,0.0,0.0
2015-12-28 00:00:00+09:00,2286.9255939507484,2342.478444583189,2268.408022282294,2333.2197265625,206664,0.0,0.0
2015-12-29 00:00:00+09:00,2395.5432970282222,2405.281182812981,2346.8534401658144,2376.0673828125,128238,206.66667,0.0
2015-12-30 00:00:00+09:00,2376.0670572031995,2405.2808532003073,2346.8531185599068,2395.54296875,85416,0.0,0.0
2016-01-04 00:00:00+09:00,2415.0194065152205,2415.0194065152205,2249.4736328125,2249.4736328125,80658,0.0,0.0
2016-01-05 00:00:00+09:00,2239.735465275102,2337.115317729219,2239.735465275102,2317.639404296875,89595,0.0,0.0
2016-01-06 00:00:00+09:00,2317.6396322125597,2356.591462907754,2259.2117435235555,2298.16357421875,43395,0.0,0.0
2016-01-07 00:00:00+09:00,2288.42534664064,2307.901259084181,2171.5695866870105,2239.7353515625,109056,0.0,0.0
2016-01-08 00:00:00+09:00,2210.521411574093,2249.4733791073663,2152.093531597278,2239.7353515625,82017,0.0,0.0
2016-01-11 00:00:00+09:00,2220.259551842758,2327.3772896899477,2220.259551842758,2317.639404296875,151890,0.0,0.0
2016-01-12 00:00:00+09:00,2317.639726786612,2317.639726786612,2268.9497224614465,2288.42578125,58908,0.0,0.0
2016-01-13 00:00:00+09:00,2327.3771912339075,2327.3771912339075,2259.21142578125,2259.21142578125,57210,0.0,0.0
2016-01-14 00:00:00+09:00,2229.99755859375,2307.9013542256293,2210.5215027011322,2229.99755859375,104127,0.0,0.0
2016-01-15 00:00:00+09:00,2239.735587744761,2259.2116448882625,2142.35587261208,2161.831787109375,105927,0.0,0.0
2016-01-18 00:00:00+09:00,2171.569990130971,2220.2598516087387,2132.6180153610253,2200.783935546875,82956,0.0,0.0
2016-01-19 00:00:00+09:00,2239.735596550382,2239.735596550382,2064.451937446973,2171.56982421875,117753,0.0,0.0
2016-01-20 00:00:00+09:00,2181.307615062251,2181.307615062251,2015.7619917878296,2113.141845703125,118284,0.0,0.0
2016-01-21 00:00:00+09:00,2113.141845703125,2152.0936731522825,2035.2379055124084,2113.141845703125,78108,0.0,0.0
2016-01-22 00:00:00+09:00,2113.1420047315996,2171.569892948637,2044.9760875963184,2132.617919921875,85680,0.0,0.0
2016-01-25 00:00:00+09:00,2152.093843340514,2152.093843340514,2093.665954900082,2142.35595703125,38628,0.0,0.0
2016-01-26 00:00:00+09:00,2142.356099987292,2142.356099987292,2044.9762318731628,2064.4521484375,73482,0.0,0.0
2016-01-27 00:00:00+09:00,2093.665933199031,2122.8798771164415,2044.9760742187498,2044.97607421875,96759,0.0,0.0
2016-01-28 00:00:00+09:00,2035.2382022678835,2074.1901780427793,2035.2382022678835,2064.4521484375,66417,0.0,0.0
2016-01-29 00:00:00+09:00,2064.4520027865938,2132.617919921875,2006.0241145695563,2132.617919921875,69216,0.0,0.0
2016-02-01 00:00:00+09:00,2103.4039838555577,2181.30778756073,2064.452010679866,2142.35595703125,57786,0.0,0.0
2016-02-02 00:00:00+09:00,2152.0935793079384,2152.0935793079384,2093.6656980358116,2122.879638671875,33420,0.0,0.0
2016-02-03 00:00:00+09:00,2122.879713145302,2122.879713145302,2074.189857925823,2093.665771484375,94497,0.0,0.0
2016-02-04 00:00:00+09:00,2083.927784366658,2259.21142578125,2064.4517291120196,2259.21142578125,248979,0.0,0.0
2016-02-05 00:00:00+09:00,2229.9976437025803,2327.3773562974197,2229.9976437025803,2278.6875,161652,0.0,0.0
2016-02-11 00:00:00+09:00,2220.2596819765167,2249.473625160418,2161.8317956087135,2171.56982421875,154218,0.0,0.0
2016-02-12 00:00:00+09:00,2152.0936640217237,2220.259575737847,2025.5000113797519,2103.40380859375,244230,0.0,0.0
2016-02-15 00:00:00+09:00,2142.3556941933803,2142.3556941933803,2064.451757399748,2122.879638671875,85800,0.0,0.0
2016-02-16 00:00:00+09:00,2103.4039092409107,2171.56982421875,2093.6658806308747,2171.56982421875,48405,0.0,0.0
2016-02-17 00:00:00+09:00,2171.5699746895457,2181.307861328125,2103.404054988405,2181.307861328125,77025,0.0,0.0
2016-02-18 00:00:00+09:00,2220.2596732474663,2220.2596732474663,2161.831787109375,2161.831787109375,57006,0.0,0.0
2016-02-19 00:00:00+09:00,2161.8314713541668,2191.04541015625,2152.0934442047437,2191.04541015625,55053,0.0,0.0
2016-02-22 00:00:00+09:00,2191.045499130552,2239.7353515625,2161.831559142144,2239.7353515625,84024,0.0,0.0
2016-02-23 00:00:00+09:00,2220.2598516087387,2229.9978809627796,2171.569990130971,2200.783935546875,103128,0.0,0.0
2016-02-24 00:00:00+09:00,2200.783935546875,2210.521822254698,2171.569990130971,2200.783935546875,17949,0.0,0.0
2016-02-25 00:00:00+09:00,2200.7836174010204,2229.99755859375,2191.0455894547117,2229.99755859375,62820,0.0,0.0
2016-02-26 00:00:00+09:00,2229.9973761077563,2229.9973761077563,2181.307383006827,2191.04541015625,41934,0.0,0.0
2016-02-29 00:00:00+09:00,2191.0458906129215,2200.783919897718,2142.3560294813733,2181.307861328125,64932,0.0,0.0
2016-03-02 00:00:00+09:00,2181.307784338563,2210.521728515625,2161.831869102592,2210.521728515625,110877,0.0,0.0
2016-03-03 00:00:00+09:00,2210.521822254698,2210.521822254698,2152.093931422889,2200.783935546875,82695,0.0,0.0
2016-03-04 00:00:00+09:00,2191.0458213404604,2239.735680932622,2191.0458213404604,2220.259765625,95670,0.0,0.0
2016-03-07 00:00:00+09:00,2249.4737016337785,2249.4737016337785,2200.7838422207456,2210.521728515625,75243,0.0,0.0
2016-03-08 00:00:00+09:00,2229.997794601917,2239.735680932622,2200.7838503173775,2220.259765625,136206,0.0,0.0
2016-03-09 00:00:00+09:00,2210.5215870666507,2278.6875,2210.5215870666507,2278.6875,95847,0.0,0.0
2016-03-10 00:00:00+09:00,2288.4256878680576,2317.6396322125597,2249.473714526651,2298.16357421875,90465,0.0,0.0
2016-03-11 00:00:00+09:00,2307.901543294915,2356.5914017228647,2298.1635145508412,2346.853515625,161418,0.0,0.0
2016-03-14 00:00:00+09:00,2376.0673828125,2434.4951254596667,2346.8534401658144,2376.0673828125,184551,0.0,0.0
2016-03-15 00:00:00+09:00,2376.067287240105,2376.067287240105,2288.4254628252597,2317.639404296875,98919,0.0,0.0
2016-03-16 00:00:00+09:00,2317.6397281364452,2376.067619243698,2317.6397281364452,2366.32958984375,75783,0.0,0.0
2016-03-17 00:00:00+09:00,2385.805505997428,2385.805505997428,2327.3776148901748,2366.32958984375,76443,0.0,0.0
2016-03-18 00:00:00+09:00,2376.067619243698,2376.067619243698,2327.3776148901748,2366.32958984375,84417,0.0,0.0
2016-03-21 00:00:00+09:00,2366.329430466938,2376.0674592110117,2327.377458136853,2346.853515625,98292,0.0,0.0
2016-03-22 00:00:00+09:00,2337.115478515625,2356.5913932878525,2298.163506324962,2337.115478515625,86730,0.0,0.0
2016-03-23 00:00:00+09:00,2317.6396322125597,2337.1155475601568,2278.6876588711525,2298.16357421875,141039,0.0,0.0
2016-03-24 00:00:00+09:00,2278.687338389696,2337.115218861227,2259.21142578125,2259.21142578125,213474,0.0,0.0
2016-03-25 00:00:00+09:00,2288.425628452977,2356.5914017228647,2288.425628452977,2346.853515625,237858,0.0,0.0
2016-03-28 00:00:00+09:00,2356.5910225514845,2415.01904296875,2337.1151108431864,2415.01904296875,334614,0.0,0.0
2016-03-29 00:00:00+09:00,2395.5434489704926,2415.0195070677282,2356.5914754222345,2385.805419921875,205998,0.0,0.0
2016-03-30 00:00:00+09:00,2405.281335372897,2453.971337969773,2298.1635864229543,2385.805419921875,307989,0.0,0.0
2016-03-31 00:00:00+09:00,2385.8052510252683,2424.7572218160276,2327.3773661622317,2356.59130859375,174282,0.0,0.0
2016-04-01 00:00:00+09:00,2376.0673653122312,2376.0673653122312,2307.9014520899536,2356.59130859375,97461,0.0,0.0
2016-04-04 00:00:00+09:00,2337.115478515625,2356.5913932878525,2298.163506324962,2337.115478515625,81390,0.0,0.0
2016-04-05 00:00:00+09:00,2327.3775309225944,2395.5434489704926,2317.63964452019,2385.805419921875,132003,0.0,0.0
2016-04-06 00:00:00+09:00,2376.067619243698,2405.281422151106,2366.32958984375,2366.32958984375,77271,0.0,0.0
2016-04-07 00:00:00+09:00,2366.329180293569,2405.281005859375,2366.329180293569,2405.281005859375,112155,0.0,0.0
2016-04-08 00:00:00+09:00,2385.8054997483523,2434.495361328125,2337.1156381685796,2434.495361328125,248748,0.0,0.0
2016-04-11 00:00:00+09:00,2444.2334515673683,2463.7092243721772,2385.805419921875,2385.805419921875,162453,0.0,0.0
2016-04-12 00:00:00+09:00,2415.019176220117,2434.4949463568264,2395.5431207910206,2405.281005859375,95169,0.0,0.0
2016-04-14 00:00:00+09:00,2415.019176220117,2434.4949463568264,2366.329180293569,2405.281005859375,145062,0.0,0.0
2016-04-15 00:00:00+09:00,2395.543380553464,2434.495210343039,2385.8053517829653,2424.75732421875,160932,0.0,0.0
2016-04-18 00:00:00+09:00,2415.019176220117,2424.757061288472,2385.805093076472,2405.281005859375,87924,0.0,0.0
2016-04-19 00:00:00+09:00,2395.5432970282222,2405.281182812981,2376.0673828125,2376.0673828125,64125,0.0,0.0
2016-04-20 00:00:00+09:00,2376.0673653122312,2376.0673653122312,2346.853422880713,2356.59130859375,133221,0.0,0.0
2016-04-21 00:00:00+09:00,2346.8536736900714,2385.805505997428,2346.8536736900714,2366.32958984375,71220,0.0,0.0
2016-04-22 00:00:00+09:00,2346.8535072248433,2385.805336769298,2327.377449806407,2337.115478515625,185997,0.0,0.0
2016-04-25 00:00:00+09:00,2376.0675335194705,2405.281335372897,2356.5914754222345,2385.805419921875,130392,0.0,0.0
2016-04-26 00:00:00+09:00,2405.281422151106,2405.281422151106,2337.1156442901233,2366.32958984375,49029,0.0,0.0
2016-04-27 00:00:00+09:00,2385.805336769298,2385.805336769298,2317.639563743398,2337.115478515625,81738,0.0,0.0
2016-04-28 00:00:00+09:00,2337.115478515625,2376.0674507062886,2278.6875915527344,2337.115478515625,134277,0.0,0.0
2016-04-29 00:00:00+09:00,2337.1156429289467,2337.1156429289467,2249.473806319111,2288.42578125,156597,0.0,0.0
2016-05-02 00:00:00+09:00,2268.949462890625,2307.9014333653563,2268.949462890625,2268.949462890625,48915,0.0,0.0
2016-05-03 00:00:00+09:00,2268.949629874248,2317.6396322125597,2268.949629874248,2298.16357421875,30810,0.0,0.0
2016-05-04 00:00:00+09:00,2298.1634139897274,2307.9014423076924,2259.2115860102726,2278.6875,28803,0.0,0.0
2016-05-09 00:00:00+09:00,2288.42534664064,2288.42534664064,2142.3556466986033,2239.7353515625,228480,0.0,0.0
2016-05-10 00:00:00+09:00,2239.7353515625,2249.4733791073663,2191.045499130552,2239.7353515625,57522,0.0,0.0
2016-05-11 00:00:00+09:00,2249.4737016337785,2259.2117305748698,2191.0458132796543,2210.521728515625,67530,0.0,0.0
2016-05-12 00:00:00+09:00,2191.0459061928345,2220.2598516087387,2171.569990130971,2200.783935546875,50091,0.0,0.0
2016-05-13 00:00:00+09:00,2191.0454729268035,2210.5213851374233,2142.3556210771603,2152.093505859375,98406,0.0,0.0
2016-05-16 00:00:00+09:00,2113.1422504806933,2132.6181679359315,2044.9763254180166,2054.71435546875,158928,0.0,0.0
2016-05-17 00:00:00+09:00,2064.4516828738406,2113.141677273719,1986.5478915386996,2006.0238037109375,112299,0.0,0.0
2016-05-18 00:00:00+09:00,2006.0238037109375,2015.761831120151,1957.333951957248,2006.0238037109375,78210,0.0,0.0
2016-05-19 00:00:00+09:00,2015.7622860179229,2015.7622860179229,1947.5963640627792,1986.54833984375,73404,0.0,0.0
2016-05-20 00:00:00+09:00,1986.5478614103502,2006.0237732872126,1947.5958950104377,1996.285888671875,42246,0.0,0.0
2016-05-23 00:00:00+09:00,2025.500236256468,2025.500236256468,1967.0723461975913,2015.76220703125,59364,0.0,0.0
2016-05-24 00:00:00+09:00,2006.0242564111247,2006.0242564111247,1967.0724232763753,1986.54833984375,108039,0.0,0.0
2016-05-25 00:00:00+09:00,1986.5478614103502,2006.0237732872126,1976.8098341488253,1996.285888671875,57531,0.0,0.0
2016-05-26 00:00:00+09:00,1976.8100201547413,2006.0239620419848,1957.3341064453127,1957.3341064453125,123771,0.0,0.0
2016-05-27 00:00:00+09:00,1976.8100201547413,1986.5480483325562,1947.596078267498,1957.3341064453125,61089,0.0,0.0
2016-05-30 00:00:00+09:00,1957.3343936695771,1996.2863694505481,1957.3343936695771,1986.54833984375,60903,0.0,0.0
2016-05-31 00:00:00+09:00,1986.5482620018115,2025.500236256468,1957.334316972373,2015.76220703125,52809,0.0,0.0
2016-06-01 00:00:00+09:00,2015.7622070312498,2025.500236256468,1996.2862912270296,2015.76220703125,33492,0.0,0.0
2016-06-02 00:00:00+09:00,2015.7618005487375,2015.7618005487375,1986.5478614103502,1996.285888671875,29724,0.0,0.0
2016-06-03 00:00:00+09:00,2006.0240956379478,2006.0240956379478,1957.3342367986581,1967.072265625,90366,0.0,0.0
2016-06-07 00:00:00+09:00,1967.072265625,1976.810151805132,1947.596207972316,1967.072265625,122703,0.0,0.0
2016-06-08 00:00:00+09:00,1976.8100201547413,1996.2860765103708,1947.596078267498,1957.3341064453125,84801,0.0,0.0
2016-06-09 00:00:00+09:00,1967.0721648320334,1967.0721648320334,1930.06774277577,1945.6485595703125,112143,0.0,0.0
2016-06-10 00:00:00+09:00,1945.6486592655317,1967.072265625,1928.1202929658423,1967.072265625,69312,0.0,0.0
2016-06-13 00:00:00+09:00,1967.0721648320334,1967.0721648320334,1935.910531242948,1945.6485595703125,71607,0.0,0.0
2016-06-14 00:00:00+09:00,1957.33419091713,1957.33419091713,1932.0154877375842,1937.8582763671875,29370,0.0,0.0
2016-06-15 00:00:00+09:00,1939.8057623034538,1945.6485507441269,1928.1201854221076,1935.9105224609375,51033,0.0,0.0
2016-06-16 00:00:00+09:00,1933.9629655147623,1937.8582053404646,1889.1682067808931,1904.7490234375,68985,0.0,0.0
2016-06-17 00:00:00+09:00,1926.1726820162514,1928.1202306601024,1891.1159505497042,1918.3822021484375,45165,0.0,0.0
2016-06-20 00:00:00+09:00,1918.3821188718082,1933.9629352848704,1902.801445104945,1916.4345703125,66060,0.0,0.0
2016-06-21 00:00:00+09:00,1928.120161983945,1928.120161983945,1891.1158831915725,1910.591796875,70677,0.0,0.0
2016-06-22 00:00:00+09:00,1904.748775217578,1933.9627134877862,1902.801226881625,1920.32958984375,51771,0.0,0.0
2016-06-23 00:00:00+09:00,1933.9631133668709,1933.9631133668709,1906.696717794834,1908.6444091796875,73140,0.0,0.0
2016-06-24 00:00:00+09:00,1928.1200480910968,1933.9628361156151,1834.635439698801,1858.006591796875,121518,0.0,0.0
2016-06-27 00:00:00+09:00,1846.3209661416731,1846.3209661416731,1727.517660383818,1828.7926025390625,140136,0.0,0.0
2016-06-28 00:00:00+09:00,1826.845051046337,1875.5349023115098,1801.526208565649,1865.796875,73104,0.0,0.0
2016-06-29 00:00:00+09:00,1871.6399398611977,1895.011094750812,1861.9020537546644,1879.430419921875,71328,0.0,0.0
2016-06-30 00:00:00+09:00,1891.1156983989124,1896.9584861976257,1858.0065199908088,1887.220458984375,48363,0.0,0.0
2016-07-01 00:00:00+09:00,1887.220664294576,1914.4870578702698,1879.4303272641787,1889.168212890625,58776,0.0,0.0
2016-07-04 00:00:00+09:00,1893.063591331922,1912.5395066569697,1885.2732537311454,1908.6444091796875,36846,0.0,0.0
2016-07-05 00:00:00+09:00,1922.2776509915866,1922.2776509915866,1893.0637049278846,1898.906494140625,31779,0.0,0.0
2016-07-06 00:00:00+09:00,1883.3256753579103,1906.696832208872,1869.692548076923,1898.906494140625,57939,0.0,0.0
2016-07-07 00:00:00+09:00,1891.1159505497042,1928.1202306601024,1891.1159505497042,1918.3822021484375,74412,0.0,0.0
2016-07-08 00:00:00+09:00,1914.4868326548885,1941.753080376848,1908.6440449078707,1930.0675048828125,104844,0.0,0.0
2016-07-11 00:00:00+09:00,1943.7007404599167,1957.3338641039527,1834.6353233690782,1920.32958984375,105249,0.0,0.0
2016-07-12 00:00:00+09:00,1930.0678116070333,1941.7533889581275,1918.3822342559388,1932.0155029296875,40581,0.0,0.0
2016-07-13 00:00:00+09:00,1937.858192735884,1957.3341064453127,1924.224924757703,1957.3341064453125,79575,0.0,0.0
2016-07-14 00:00:00+09:00,1957.3341064453127,1976.8100201547413,1937.858192735884,1957.3341064453125,41604,0.0,0.0
2016-07-15 00:00:00+09:00,1967.072265625,1976.810151805132,1941.7534192057528,1967.072265625,43488,0.0,0.0
2016-07-18 00:00:00+09:00,1986.5481806314738,1986.5481806314738,1947.596207972316,1967.072265625,79176,0.0,0.0
2016-07-19 00:00:00+09:00,1976.8103102369519,1986.54833984375,1947.5963640627792,1986.54833984375,71835,0.0,0.0
2016-07-20 00:00:00+09:00,1976.8103102369519,2006.0242564111247,1947.5963640627792,1986.54833984375,66285,0.0,0.0
2016-07-21 00:00:00+09:00,1996.2864604568065,2064.452242873255,1986.5484304060733,2054.71435546875,166554,0.0,0.0
2016-07-22 00:00:00+09:00,2064.451838663651,2113.1418367378246,2054.7139531657763,2103.40380859375,123105,0.0,0.0
2016-07-25 00:00:00+09:00,2103.403892938543,2103.403892938543,2044.9760070235832,2083.927978515625,84969,0.0,0.0
2016-07-26 00:00:00+09:00,2083.927886028199,2103.4037995867507,2054.713944367272,2093.665771484375,74775,0.0,0.0
2016-07-27 00:00:00+09:00,2074.1901780427793,2103.404124212396,2054.714261478442,2064.4521484375,67650,0.0,0.0
2016-07-28 00:00:00+09:00,2064.4519214465013,2093.665864403981,2054.714035558145,2083.927978515625,58224,0.0,0.0
2016-07-29 00:00:00+09:00,2083.9278949518007,2103.40380859375,2074.1898668077256,2103.40380859375,38823,0.0,0.0
2016-08-01 00:00:00+09:00,2103.40380859375,2113.1418367378246,2083.9278949518007,2103.40380859375,42240,0.0,0.0
2016-08-02 00:00:00+09:00,2103.4037995867507,2113.141827689126,2074.189857925823,2093.665771484375,70056,0.0,0.0
2016-08-03 00:00:00+09:00,2074.189857925823,2113.141827689126,2035.2378881625207,2093.665771484375,124257,0.0,0.0
2016-08-04 00:00:00+09:00,2093.665946895113,2152.0938351121504,2093.665946895113,2132.617919921875,149814,0.0,0.0
2016-08-05 00:00:00+09:00,2122.8795054026605,2210.52132180891,2122.8795054026605,2191.04541015625,109212,0.0,0.0
2016-08-08 00:00:00+09:00,2191.0455176824003,2317.639306252781,2122.87960958355,2259.21142578125,562851,0.0,0.0
2016-08-09 00:00:00+09:00,2317.639306252781,2434.4949245496496,2191.0455176824003,2259.21142578125,1855368,0.0,0.0
2016-08-10 00:00:00+09:00,2239.735680932622,2288.4256831709963,2210.5217366480824,2220.259765625,185322,0.0,0.0
2016-08-11 00:00:00+09:00,2220.2598516087387,2220.2598516087387,2171.569990130971,2200.783935546875,209208,0.0,0.0
2016-08-12 00:00:00+09:00,2229.997485545485,2288.425366017015,2171.569605073954,2259.21142578125,219027,0.0,0.0
2016-08-16 00:00:00+09:00,2278.6873190957735,2278.6873190957735,2220.259439118959,2239.7353515625,121290,0.0,0.0
2016-08-17 00:00:00+09:00,2210.5215870666507,2288.425528317965,2200.7837013948883,2278.6875,141633,0.0,0.0
2016-08-18 00:00:00+09:00,2278.687344295227,2337.115224918182,2220.2594636722724,2327.377197265625,224769,0.0,0.0
2016-08-19 00:00:00+09:00,2337.115478515625,2356.5913932878525,2278.6875915527344,2337.115478515625,189075,0.0,0.0
2016-08-22 00:00:00+09:00,2346.8535765570614,2356.591462907754,2239.7356855297458,2298.16357421875,209868,0.0,0.0
2016-08-23 00:00:00+09:00,2298.163490735896,2307.9015193790583,2220.259689529221,2249.4736328125,133944,0.0,0.0
2016-08-24 00:00:00+09:00,2249.473714526651,2317.6396322125597,2220.2597701821487,2298.16357421875,76416,0.0,0.0
2016-08-25 00:00:00+09:00,2278.6871847804587,2337.1150613132913,2249.473246514043,2307.901123046875,103863,0.0,0.0
2016-08-26 00:00:00+09:00,2317.6394706256574,2317.6394706256574,2278.6875,2278.6875,65025,0.0,0.0
2016-08-29 00:00:00+09:00,2278.6875,2288.425528317965,2229.9976437025803,2278.6875,124695,0.0,0.0
2016-08-30 00:00:00+09:00,2259.211661455662,2298.163490735896,2239.735604169338,2249.4736328125,76407,0.0,0.0
2016-08-31 00:00:00+09:00,2220.259689529221,2278.687576095779,2220.259689529221,2249.4736328125,86610,0.0,0.0
2016-09-01 00:00:00+09:00,2249.4737810292663,2249.4737810292663,2161.831945404749,2181.307861328125,154665,0.0,0.0
2016-09-02 00:00:00+09:00,2181.3075615084026,2259.211499786479,2181.3075615084026,2229.99755859375,76767,0.0,0.0
2016-09-05 00:00:00+09:00,2239.7353705266114,2259.21142578125,2210.521430290846,2259.21142578125,58653,0.0,0.0
2016-09-06 00:00:00+09:00,2278.6875,2288.425528317965,2220.2596153846152,2278.6875,85266,0.0,0.0
2016-09-07 00:00:00+09:00,2278.6874911708583,2288.4255194510915,2239.7355206961265,2268.949462890625,61023,0.0,0.0
2016-09-08 00:00:00+09:00,2268.9493107623766,2278.687338389696,2200.7835453097196,2259.21142578125,119400,0.0,0.0
2016-09-09 00:00:00+09:00,2259.211826378684,2259.211826378684,2181.3078768387936,2200.783935546875,142695,0.0,0.0
2016-09-12 00:00:00+09:00,2142.3556210771603,2191.0454729268035,2113.1416814381364,2152.093505859375,69303,0.0,0.0
2016-09-13 00:00:00+09:00,2171.56949850359,2200.783437305673,2161.8314713541668,2191.04541015625,57390,0.0,0.0
2016-09-19 00:00:00+09:00,2191.0458906129215,2210.5218065362974,2161.831945404749,2181.307861328125,45645,0.0,0.0
2016-09-20 00:00:00+09:00,2181.307383006827,2220.2593489583332,2161.8314713541668,2191.04541015625,38883,0.0,0.0
2016-09-21 00:00:00+09:00,2181.307861328125,2200.783919897718,2161.831945404749,2181.307861328125,50613,0.0,0.0
2016-09-22 00:00:00+09:00,2200.783935546875,2210.521822254698,2181.3078768387936,2200.783935546875,57672,0.0,0.0
2016-09-23 00:00:00+09:00,2210.521728515625,2229.9977863978074,2171.5698980436837,2210.521728515625,106077,0.0,0.0
2016-09-26 00:00:00+09:00,2191.0458132796543,2239.735672692687,2191.0458132796543,2210.521728515625,57678,0.0,0.0
2016-09-27 00:00:00+09:00,2200.7835266754178,2239.7353515625,2200.7835266754178,2239.7353515625,90711,0.0,0.0
2016-09-28 00:00:00+09:00,2239.735680932622,2249.4737099095396,2200.7838503173775,2220.259765625,36831,0.0,0.0
2016-09-29 00:00:00+09:00,2210.5216608860587,2259.211661455662,2210.5216608860587,2249.4736328125,47586,0.0,0.0
2016-09-30 00:00:00+09:00,2239.7353515625,2249.4733791073663,2220.259439118959,2239.7353515625,41406,0.0,0.0
2016-10-04 00:00:00+09:00,2249.4733791073663,2268.9492915509077,2229.9974666638254,2239.7353515625,55326,0.0,0.0
2016-10-05 00:00:00+09:00,2249.4736328125,2268.949547452617,2229.997718172383,2249.4736328125,41655,0.0,0.0
2016-10-06 00:00:00+09:00,2259.21142578125,2268.9493107623766,2239.7353705266114,2259.21142578125,39876,0.0,0.0
2016-10-07 00:00:00+09:00,2249.4733791073663,2259.2114066522327,2220.259439118959,2239.7353515625,44355,0.0,0.0
2016-10-10 00:00:00+09:00,2220.259765625,2259.2117388864567,2220.259765625,2220.259765625,90876,0.0,0.0
2016-10-11 00:00:00+09:00,2220.2597607364223,2229.997789691898,2113.142012811034,2142.35595703125,279945,0.0,0.0
2016-10-12 00:00:00+09:00,2132.617852424812,2191.0457387926153,2083.9279946670454,2171.56982421875,150909,0.0,0.0
2016-10-13 00:00:00+09:00,2171.5698156811254,2200.7837587501713,2142.35587261208,2161.831787109375,111783,0.0,0.0
2016-10-14 00:00:00+09:00,2171.5698156811254,2191.0457301784204,2142.35587261208,2161.831787109375,60357,0.0,0.0
2016-10-17 00:00:00+09:00,2171.5698156811254,2181.30770160667,2152.093758537624,2161.831787109375,38916,0.0,0.0
2016-10-18 00:00:00+09:00,2171.569901251466,2171.569901251466,2132.6179280757738,2142.35595703125,28623,0.0,0.0
2016-10-19 00:00:00+09:00,2142.3556210771603,2161.8315332877796,2122.879566220351,2152.093505859375,74220,0.0,0.0
2016-10-20 00:00:00+09:00,2161.8317956087135,2181.307710182579,2161.8317956087135,2171.56982421875,30522,0.0,0.0
2016-10-21 00:00:00+09:00,2161.831869102592,2210.521728515625,2152.093840161501,2210.521728515625,71745,0.0,0.0
2016-10-24 00:00:00+09:00,2181.3074715856856,2259.2114066522327,2181.3074715856856,2239.7353515625,83613,0.0,0.0
2016-10-25 00:00:00+09:00,2249.4736328125,2268.949547452617,2220.259689529221,2249.4736328125,146421,0.0,0.0
2016-10-26 00:00:00+09:00,2249.4737970246433,2259.211826378684,2171.569990130971,2200.783935546875,73155,0.0,0.0
2016-10-27 00:00:00+09:00,2171.5695607161842,2229.9974399942325,2122.879566220351,2152.093505859375,181503,0.0,0.0
2016-10-28 00:00:00+09:00,2152.093505859375,2161.8315332877796,2132.6175936487557,2152.093505859375,33633,0.0,0.0
2016-10-31 00:00:00+09:00,2161.831607068691,2161.831607068691,2113.141753557317,2122.879638671875,93993,0.0,0.0
2016-11-01 00:00:00+09:00,2122.8798154685787,2161.831787109375,2113.141929543034,2161.831787109375,42975,0.0,0.0
2016-11-02 00:00:00+09:00,2152.093654806229,2161.8316829086048,2083.927886028199,2093.665771484375,66726,0.0,0.0
2016-11-03 00:00:00+09:00,2054.7141165145617,2142.3559488401183,2054.7141165145617,2132.617919921875,62235,0.0,0.0
2016-11-04 00:00:00+09:00,2093.6658806308747,2171.56982421875,2083.9279946670454,2171.56982421875,72615,0.0,0.0
2016-11-07 00:00:00+09:00,2181.307519944002,2210.521460580065,2113.141753557317,2122.879638671875,130083,0.0,0.0
2016-11-08 00:00:00+09:00,2298.1631382151604,2307.9011653645834,2122.8795054026605,2191.04541015625,200562,0.0,0.0
2016-11-09 00:00:00+09:00,2210.5216446757154,2210.5216446757154,2083.9279864739888,2161.831787109375,182175,0.0,0.0
2016-11-10 00:00:00+09:00,2161.83196077693,2210.521822254698,2142.356044715066,2200.783935546875,178824,0.0,0.0
2016-11-11 00:00:00+09:00,2191.0459061928345,2200.783935546875,2171.569990130971,2200.783935546875,34926,0.0,0.0
2016-11-14 00:00:00+09:00,2220.2597522474316,2220.2597522474316,2113.1420047315996,2132.617919921875,159432,0.0,0.0
2016-11-15 00:00:00+09:00,2122.8798382479163,2152.093781630439,1976.8101213353027,2025.5001220703125,356610,0.0,0.0
2016-11-16 00:00:00+09:00,2035.237935184976,2064.4518775208667,1935.910531242948,1945.6485595703125,294705,0.0,0.0
2016-11-17 00:00:00+09:00,1967.0722943417697,2006.0241249233648,1937.8583500824673,1976.8101806640625,110631,0.0,0.0
2016-11-18 00:00:00+09:00,1986.54833984375,1996.2863694505481,1947.5963640627792,1986.54833984375,46098,0.0,0.0
2016-11-21 00:00:00+09:00,1967.0724232763753,1996.2863694505481,1957.3343936695771,1986.54833984375,45618,0.0,0.0
2016-11-22 00:00:00+09:00,1986.5482620018115,2035.2381228354702,1967.0723461975913,2015.76220703125,54066,0.0,0.0
2016-11-23 00:00:00+09:00,1996.2863694505481,2015.7622860179229,1967.0724232763753,1986.54833984375,94503,0.0,0.0
2016-11-24 00:00:00+09:00,1986.5478614103502,2006.0237732872126,1976.8098341488253,1996.285888671875,26568,0.0,0.0
2016-11-25 00:00:00+09:00,1976.809864129486,2035.2377432923888,1976.809864129486,2006.0238037109375,58446,0.0,0.0
2016-11-28 00:00:00+09:00,2006.0243478613118,2064.452242873255,2006.0243478613118,2054.71435546875,76299,0.0,0.0
2016-11-29 00:00:00+09:00,2054.7140270638465,2103.4038842429577,2025.5000842271388,2074.18994140625,94077,0.0,0.0
2016-11-30 00:00:00+09:00,2074.1902729239882,2074.1902729239882,2044.9763254180166,2054.71435546875,66579,0.0,0.0
2016-12-01 00:00:00+09:00,2035.2382022678835,2083.928207648059,2025.5003153088255,2064.4521484375,71355,0.0,0.0
2016-12-02 00:00:00+09:00,2074.18994140625,2103.4038842429577,2044.9759985695423,2074.18994140625,120084,0.0,0.0
2016-12-05 00:00:00+09:00,2054.7140270638465,2093.6658557486535,2035.2379700752379,2074.18994140625,64500,0.0,0.0
2016-12-06 00:00:00+09:00,2064.45198928162,2103.4039620535714,2044.9760742187498,2044.97607421875,48135,0.0,0.0
2016-12-07 00:00:00+09:00,2054.7140270638465,2122.879798585361,2015.7620557328344,2074.18994140625,116292,0.0,0.0
2016-12-08 00:00:00+09:00,2083.927978515625,2113.1419214731045,2074.189949981063,2083.927978515625,34725,0.0,0.0
2016-12-09 00:00:00+09:00,2093.665864403981,2113.1419214731045,2054.714035558145,2083.927978515625,115476,0.0,0.0
2016-12-12 00:00:00+09:00,2083.927978515625,2132.6178358960224,2074.189949981063,2083.927978515625,114123,0.0,0.0
2016-12-13 00:00:00+09:00,2083.927969900554,2103.4038842429577,2074.18994140625,2074.18994140625,64176,0.0,0.0
2016-12-14 00:00:00+09:00,2074.189857925823,2103.4037995867507,2074.189857925823,2093.665771484375,60738,0.0,0.0
2016-12-15 00:00:00+09:00,2074.189785160501,2122.879638671875,2035.2378167636846,2122.879638671875,149034,0.0,0.0
2016-12-16 00:00:00+09:00,2122.879713145302,2122.879713145302,2074.189857925823,2093.665771484375,70524,0.0,0.0
2016-12-19 00:00:00+09:00,2083.9278949518007,2113.1418367378246,2074.1898668077256,2103.40380859375,32613,0.0,0.0
2016-12-20 00:00:00+09:00,2103.4039758133563,2142.3559488401183,2093.665946895113,2132.617919921875,98997,0.0,0.0
2016-12-21 00:00:00+09:00,2132.6176664326276,2171.5696348294437,2103.4037257965642,2122.879638671875,132540,0.0,0.0
2016-12-22 00:00:00+09:00,2122.8797222356993,2132.6177503797744,2064.451838663651,2103.40380859375,142188,0.0,0.0
2016-12-23 00:00:00+09:00,2103.4039758133563,2132.617919921875,2083.928060623081,2132.617919921875,101685,0.0,0.0
2016-12-26 00:00:00+09:00,2132.6179280757738,2142.35595703125,2113.142012811034,2142.35595703125,124287,0.0,0.0
2016-12-27 00:00:00+09:00,2132.6179280757738,2142.35595703125,2113.142012811034,2142.35595703125,193674,0.0,0.0
2016-12-28 00:00:00+09:00,2235.95403504243,2235.95403504243,2121.556434920084,2142.35595703125,242667,233.33333,0.0
2016-12-29 00:00:00+09:00,2142.3556024284744,2173.5549566014165,2121.5560837600456,2163.1552734375,65277,0.0,0.0
2017-01-02 00:00:00+09:00,2142.355604198722,2152.7554397118283,2100.7565668274906,2111.15625,56268,0.0,0.0
2017-01-03 00:00:00+09:00,2100.7569391005945,2152.7558211996043,2090.3571017445433,2131.956298828125,61695,0.0,0.0
2017-01-04 00:00:00+09:00,2152.755215115563,2152.755215115563,2090.356513228155,2100.75634765625,93726,0.0,0.0
2017-01-05 00:00:00+09:00,2121.5559746473627,2121.5559746473627,2065.3971400243445,2079.956787109375,98694,0.0,0.0
2017-01-06 00:00:00+09:00,2079.957103639841,2090.356940192145,2044.597933575108,2077.877197265625,93948,0.0,0.0
2017-01-09 00:00:00+09:00,2079.956574898504,2079.956574898504,2038.3575439453125,2038.3575439453125,70794,0.0,0.0
2017-01-10 00:00:00+09:00,2038.3579689740031,2054.9975238886514,1998.8386832853528,2021.71826171875,53073,0.0,0.0
2017-01-11 00:00:00+09:00,2015.4783380220115,2046.6776930997517,2011.3183732314458,2025.878173828125,45927,0.0,0.0
2017-01-12 00:00:00+09:00,2044.5976462366036,2048.7574584004346,2009.2383288004974,2017.55810546875,63186,0.0,0.0
2017-01-13 00:00:00+09:00,2005.0786392544117,2025.8783122882073,1980.1191534863458,1994.678955078125,83439,0.0,0.0
2017-01-16 00:00:00+09:00,2009.238455978671,2017.558233173538,1967.6392653231362,2005.0784912109375,106326,0.0,0.0
2017-01-17 00:00:00+09:00,2002.9988753155965,2046.677978515625,2002.9988753155965,2046.677978515625,114288,0.0,0.0
2017-01-18 00:00:00+09:00,2046.677464384191,2121.555908203125,2046.677464384191,2121.555908203125,95484,0.0,0.0
2017-01-19 00:00:00+09:00,2121.556351710315,2121.556351710315,2065.3975071062187,2073.71728515625,69159,0.0,0.0
2017-01-20 00:00:00+09:00,2079.9569843917366,2079.9569843917366,2059.157464820218,2071.63720703125,35628,0.0,0.0
2017-01-23 00:00:00+09:00,2071.63720703125,2100.756656303858,2067.477242180705,2071.63720703125,48354,0.0,0.0
2017-01-24 00:00:00+09:00,2090.356940192145,2111.1564609561415,2073.7172321765806,2077.877197265625,39996,0.0,0.0
2017-01-25 00:00:00+09:00,2090.3564276211505,2173.554642616925,2077.8766877547555,2152.755126953125,170511,0.0,0.0
2017-01-26 00:00:00+09:00,2152.7553470235475,2235.953570524454,2152.7553470235475,2215.154052734375,300336,0.0,0.0
2017-01-31 00:00:00+09:00,2215.1544363839284,2225.5542732504437,2163.1555567325863,2183.955078125,147171,0.0,0.0
2017-02-01 00:00:00+09:00,2183.955082245267,2287.952994084771,2173.5552453591313,2267.1533203125,193890,0.0,0.0
2017-02-02 00:00:00+09:00,2267.1533203125,2287.952994084771,2215.1544405630566,2267.1533203125,156474,0.0,0.0
2017-02-03 00:00:00+09:00,2246.3534485454543,2277.5528019974745,2225.553930357639,2235.95361328125,67989,0.0,0.0
2017-02-06 00:00:00+09:00,2194.3549539612877,2256.75367158729,2194.3549539612877,2204.754638671875,89865,0.0,0.0
2017-02-07 00:00:00+09:00,2256.753631509372,2256.753631509372,2142.3558829995563,2183.955078125,109935,0.0,0.0
2017-02-08 00:00:00+09:00,2204.754638671875,2215.1544757230818,2163.1555951482865,2204.754638671875,103425,0.0,0.0
2017-02-09 00:00:00+09:00,2183.954765899835,2225.553955078125,2183.954765899835,2225.553955078125,62133,0.0,0.0
2017-02-10 00:00:00+09:00,2225.553955078125,2235.9536381172516,2183.954765899835,2225.553955078125,74463,0.0,0.0
2017-02-13 00:00:00+09:00,2204.7540860470635,2256.753105928848,2173.5547350542247,2246.353271484375,57834,0.0,0.0
2017-02-14 00:00:00+09:00,2246.353271484375,2256.753105928848,2204.7540860470635,2246.353271484375,55401,0.0,0.0
2017-02-15 00:00:00+09:00,2246.353582086298,2267.1531015106,2225.554062661996,2256.75341796875,56604,0.0,0.0
2017-02-16 00:00:00+09:00,2246.353473496973,2246.353473496973,2215.154119698404,2225.553955078125,37650,0.0,0.0
2017-02-17 00:00:00+09:00,2225.554062661996,2267.1531015106,2215.154226779544,2256.75341796875,53958,0.0,0.0
2017-02-20 00:00:00+09:00,2256.753259003499,2329.551648030953,2246.353423853609,2298.352294921875,143451,0.0,0.0
2017-02-21 00:00:00+09:00,2298.3526786302896,2308.752515516425,2235.9539619947104,2267.1533203125,132567,0.0,0.0
2017-02-22 00:00:00+09:00,2267.152966195277,2298.3523196398937,2256.7532832741335,2287.95263671875,93021,0.0,0.0
2017-02-23 00:00:00+09:00,2298.3523196398937,2308.75215490163,2277.5528014570136,2287.95263671875,112065,0.0,0.0
2017-02-24 00:00:00+09:00,2267.153007795956,2308.752197265625,2256.7533246839853,2308.752197265625,68787,0.0,0.0
2017-02-27 00:00:00+09:00,2308.752515516425,2329.552036948079,2256.7536357669815,2267.1533203125,72327,0.0,0.0
2017-02-28 00:00:00+09:00,2287.952994084771,2287.952994084771,2246.353798880846,2267.1533203125,16623,0.0,0.0
2017-03-02 00:00:00+09:00,2267.152966195277,2308.75215490163,2204.754259306044,2287.95263671875,78846,0.0,0.0
2017-03-03 00:00:00+09:00,2246.353271484375,2267.1527880327403,2235.953437039902,2246.353271484375,33318,0.0,0.0
2017-03-06 00:00:00+09:00,2246.3534485454543,2267.15296673327,2215.154095093434,2235.95361328125,21333,0.0,0.0
2017-03-07 00:00:00+09:00,2235.953775725977,2256.7534477655067,2173.555064288595,2194.354736328125,73542,0.0,0.0
2017-03-08 00:00:00+09:00,2194.3549539612877,2235.9539974848763,2194.3549539612877,2204.754638671875,37509,0.0,0.0
2017-03-09 00:00:00+09:00,2204.7544200072857,2235.953775725977,2183.95490030836,2194.354736328125,50349,0.0,0.0
2017-03-10 00:00:00+09:00,2194.3549539612877,2225.554312774289,2183.955116910081,2204.754638671875,30225,0.0,0.0
2017-03-13 00:00:00+09:00,2204.7542843186825,2235.9536381172516,2183.954765899835,2225.553955078125,43188,0.0,0.0
2017-03-14 00:00:00+09:00,2225.553930357639,2277.5528019974745,2215.154095093434,2235.95361328125,95421,0.0,0.0
2017-03-15 00:00:00+09:00,2225.554312774289,2225.554312774289,2204.754638671875,2204.754638671875,53934,0.0,0.0
2017-03-16 00:00:00+09:00,2225.554062661996,2267.1531015106,2215.154226779544,2256.75341796875,39555,0.0,0.0
2017-03-17 00:00:00+09:00,2267.1527880327403,2267.1527880327403,2225.5537549360097,2246.353271484375,41361,0.0,0.0
2017-03-20 00:00:00+09:00,2277.5526224772134,2277.5526224772134,2246.353271484375,2246.353271484375,41682,0.0,0.0
2017-03-21 00:00:00+09:00,2256.7536357669815,2277.5531571986353,2235.9539619947104,2267.1533203125,46050,0.0,0.0
2017-03-22 00:00:00+09:00,2277.5526224772134,2277.5526224772134,2246.353271484375,2246.353271484375,53367,0.0,0.0
2017-03-23 00:00:00+09:00,2246.353582086298,2277.552937393052,2246.353582086298,2256.75341796875,60180,0.0,0.0
2017-03-24 00:00:00+09:00,2267.1533203125,2277.5531571986353,2246.353798880846,2267.1533203125,47946,0.0,0.0
2017-03-27 00:00:00+09:00,2267.153142445398,2298.352498315475,2267.153142445398,2277.552978515625,109401,0.0,0.0
2017-03-28 00:00:00+09:00,2277.5531571986353,2287.952994084771,2256.7536357669815,2267.1533203125,33045,0.0,0.0
2017-03-29 00:00:00+09:00,2277.5531571986353,2277.5531571986353,2246.353798880846,2267.1533203125,42306,0.0,0.0
2017-03-30 00:00:00+09:00,2267.1533203125,2287.952994084771,2267.1533203125,2267.1533203125,89895,0.0,0.0
2017-03-31 00:00:00+09:00,2267.1529418404257,2381.550671468833,2267.1529418404257,2350.351318359375,433446,0.0,0.0
2017-04-03 00:00:00+09:00,2402.3502072065303,2443.9493957738537,2350.35133575282,2433.549560546875,253770,0.0,0.0
2017-04-04 00:00:00+09:00,2433.5499441964284,2443.9497810629437,2381.5510645450863,2402.3505859375,104565,0.0,0.0
2017-04-05 00:00:00+09:00,2402.35052017558,2423.150040998628,2371.1511627707023,2391.95068359375,100425,0.0,0.0
2017-04-06 00:00:00+09:00,2391.9507490709852,2423.1501073299137,2360.7513908120563,2402.3505859375,102630,0.0,0.0
2017-04-07 00:00:00+09:00,2402.3503001682266,2412.7501357976394,2381.55078125,2381.55078125,48933,0.0,0.0
2017-04-10 00:00:00+09:00,2381.550671468833,2391.950354278258,2339.9514832093582,2350.351318359375,57888,0.0,0.0
2017-04-11 00:00:00+09:00,2360.7514259993077,2381.551100042359,2329.552067275349,2339.951904296875,74289,0.0,0.0
2017-04-12 00:00:00+09:00,2339.9514588198535,2381.5506466457364,2339.9514588198535,2360.7509765625,68829,0.0,0.0
2017-04-13 00:00:00+09:00,2360.751109991175,2391.9504645388142,2339.951591072948,2381.55078125,81897,0.0,0.0
2017-04-14 00:00:00+09:00,2391.9504645388142,2412.7501357976394,2371.150945620587,2381.55078125,47082,0.0,0.0
2017-04-17 00:00:00+09:00,2371.1508121642896,2433.54951774756,2371.1508121642896,2412.75,72219,0.0,0.0
2017-04-18 00:00:00+09:00,2402.350615637502,2485.5488545763437,2391.9507786424147,2475.149169921875,318390,0.0,0.0
2017-04-19 00:00:00+09:00,2464.7493329267877,2485.5488545763437,2443.949811277232,2475.149169921875,94815,0.0,0.0
2017-04-20 00:00:00+09:00,2475.1487491141984,2475.1487491141984,2412.7500424335094,2433.549560546875,176700,0.0,0.0
2017-04-21 00:00:00+09:00,2433.5496273780414,2485.5485002597666,2412.750108693471,2443.949462890625,302535,0.0,0.0
2017-04-24 00:00:00+09:00,2464.749064599182,2495.948419847273,2443.9495452139886,2485.548583984375,140244,0.0,0.0
2017-04-25 00:00:00+09:00,2485.548583984375,2516.7479392324663,2475.1489004620794,2485.548583984375,108807,0.0,0.0
2017-04-26 00:00:00+09:00,2475.149169921875,2516.7482132209866,2475.149169921875,2475.149169921875,99951,0.0,0.0
2017-04-27 00:00:00+09:00,2475.1490063254023,2516.748046875,2475.1490063254023,2516.748046875,100158,0.0,0.0
2017-04-28 00:00:00+09:00,2516.747760092199,2516.747760092199,2485.5484070648554,2495.9482421875,46077,0.0,0.0
2017-05-02 00:00:00+09:00,2475.1489004620794,2495.948419847273,2443.9495452139886,2485.548583984375,90219,0.0,0.0
2017-05-04 00:00:00+09:00,2485.548555835485,2568.7467847746384,2485.548555835485,2547.947265625,94908,0.0,0.0
2017-05-08 00:00:00+09:00,2558.347101370119,2579.146772860358,2516.7479107302424,2547.947265625,84273,0.0,0.0
2017-05-10 00:00:00+09:00,2558.3471267780815,2558.3471267780815,2527.147771573471,2537.547607421875,82320,0.0,0.0
2017-05-11 00:00:00+09:00,2537.5475822204808,2558.347101370119,2537.5475822204808,2547.947265625,31392,0.0,0.0
2017-05-12 00:00:00+09:00,2558.347101370119,2599.946139669396,2537.5475822204808,2547.947265625,94005,0.0,0.0
2017-05-15 00:00:00+09:00,2547.947064523255,2599.9459344635375,2527.1475470152595,2568.74658203125,95166,0.0,0.0
2017-05-16 00:00:00+09:00,2568.74658203125,2610.345921728417,2547.947064523255,2568.74658203125,121980,0.0,0.0
2017-05-17 00:00:00+09:00,2568.74658203125,2599.9459344635375,2558.3468994475465,2568.74658203125,66315,0.0,0.0
2017-05-18 00:00:00+09:00,2537.5474897468953,2620.7457156541295,2537.5474897468953,2599.946044921875,61713,0.0,0.0
2017-05-19 00:00:00+09:00,2599.94642001697,2641.54576748303,2599.94642001697,2620.74609375,84243,0.0,0.0
2017-05-22 00:00:00+09:00,2641.54562283649,2755.943060400864,2620.7459502424144,2703.9443359375,262350,0.0,0.0
2017-05-23 00:00:00+09:00,2745.543355771765,2766.3430282092286,2651.9452868250005,2662.344970703125,155631,0.0,0.0
2017-05-24 00:00:00+09:00,2703.9443155780523,2703.9443155780523,2651.9452868250005,2662.344970703125,77676,0.0,0.0
2017-05-25 00:00:00+09:00,2662.344965489404,2724.7436779983836,2662.344965489404,2714.343994140625,42726,0.0,0.0
2017-05-26 00:00:00+09:00,2714.343886264535,2714.343886264535,2672.7448478055558,2683.14453125,59469,0.0,0.0
2017-05-29 00:00:00+09:00,2683.1446633434243,2724.743703850359,2662.344990749349,2703.9443359375,94881,0.0,0.0
2017-05-30 00:00:00+09:00,2703.9444922999896,2828.7419257187394,2703.9444922999896,2787.142578125,149694,0.0,0.0
2017-05-31 00:00:00+09:00,2797.5424877020987,2807.9421719637785,2735.14377276957,2745.54345703125,64530,0.0,0.0
2017-06-01 00:00:00+09:00,2745.5432381199785,2766.342909666136,2703.944199708864,2735.1435546875,57849,0.0,0.0
2017-06-02 00:00:00+09:00,2776.7426214908837,2859.941003845019,2745.543266193233,2849.541015625,105501,0.0,0.0
2017-06-05 00:00:00+09:00,2870.340687383835,2891.1403591426697,2807.941976788534,2849.541015625,89679,0.0,0.0
2017-06-07 00:00:00+09:00,2849.541012070871,2901.5400390625,2849.541012070871,2901.5400390625,80685,0.0,0.0
2017-06-08 00:00:00+09:00,2901.540177055027,2953.539206519645,2849.5411475904093,2870.3408203125,158424,0.0,0.0
2017-06-09 00:00:00+09:00,2891.1407023195,2932.73974609375,2839.141669090758,2932.73974609375,115449,0.0,0.0
2017-06-12 00:00:00+09:00,2953.539420321495,3067.9368668709917,2932.73974609375,2932.73974609375,349014,0.0,0.0
2017-06-13 00:00:00+09:00,2901.539707864357,3036.7367969929874,2828.741322130659,2859.940673828125,263214,0.0,0.0
2017-06-14 00:00:00+09:00,2859.941003845019,2911.9397262203006,2839.1413320861843,2849.541015625,122313,0.0,0.0
2017-06-15 00:00:00+09:00,2828.741322130659,2870.3403561668906,2818.3413351107242,2859.940673828125,108279,0.0,0.0
2017-06-16 00:00:00+09:00,2828.7421875,2859.9415487419806,2818.3421972984984,2828.7421875,60513,0.0,0.0
2017-06-19 00:00:00+09:00,2828.741648547369,2891.1403591426697,2828.741648547369,2849.541015625,107532,0.0,0.0
2017-06-20 00:00:00+09:00,2849.5408805562047,2953.5389297396478,2849.5408805562047,2880.740234375,84993,0.0,0.0
2017-06-21 00:00:00+09:00,2911.9397225883445,2922.3397107953924,2859.941000277919,2901.5400390625,61575,0.0,0.0
2017-06-22 00:00:00+09:00,2922.339599609375,2932.7392827395433,2891.140245537678,2922.339599609375,64401,0.0,0.0
2017-06-23 00:00:00+09:00,2922.3400613204976,2953.539420321495,2911.940071866005,2932.73974609375,120237,0.0,0.0
2017-06-26 00:00:00+09:00,2911.939804024978,2953.5391486541484,2911.939804024978,2943.13916015625,91584,0.0,0.0
2017-06-27 00:00:00+09:00,2943.13916015625,2974.3385162875215,2911.939804024978,2943.13916015625,97749,0.0,0.0
2017-06-28 00:00:00+09:00,2953.5397832547505,2963.9394693059244,2891.1410575851523,2911.9404296875,83679,0.0,0.0
2017-06-29 00:00:00+09:00,2996.96044921875,3007.5878647578525,2954.4504757092354,2996.96044921875,51108,100.0,0.0
2017-06-30 00:00:00+09:00,3039.4704227282646,3039.4704227282646,2954.4504757092354,2996.96044921875,41373,0.0,0.0
2017-07-03 00:00:00+09:00,2996.96044921875,2996.96044921875,2965.077891248338,2996.96044921875,37452,0.0,0.0
2017-07-04 00:00:00+09:00,2996.960178541101,2996.960178541101,2901.3125132685122,2933.195068359375,56910,0.0,0.0
2017-07-05 00:00:00+09:00,2933.1950820168186,2975.7050518848764,2890.6851121487603,2911.93994140625,67518,0.0,0.0
2017-07-06 00:00:00+09:00,2901.3122442715826,2965.0773485412874,2901.3122442715826,2922.5673828125,82224,0.0,0.0
2017-07-07 00:00:00+09:00,2911.9399278477745,2943.822482938637,2901.3125132685122,2933.195068359375,66042,0.0,0.0
2017-07-10 00:00:00+09:00,2943.82214572576,3783.3962078478785,2901.312180925124,3220.1376953125,3917982,0.0,0.0
2017-07-11 00:00:00+09:00,3262.647905655138,3283.903045331607,3092.6077223025814,3167.000244140625,1000197,0.0,0.0
2017-07-12 00:00:00+09:00,3198.883487363097,3198.883487363097,3135.118365944875,3145.74609375,371841,0.0,0.0
2017-07-13 00:00:00+09:00,3145.7453762503446,3209.5104831246554,3103.235097432097,3177.6279296875,399690,0.0,0.0
2017-07-14 00:00:00+09:00,3188.2553562973485,3220.137909860322,3135.117663241372,3156.372802734375,248733,0.0,0.0
2017-07-17 00:00:00+09:00,3177.6279549372894,3188.255369049767,3039.470014709757,3135.11767578125,443568,0.0,0.0
2017-07-18 00:00:00+09:00,3145.7456195688,3156.3730344188452,3081.9805077623587,3124.490478515625,172893,0.0,0.0
2017-07-19 00:00:00+09:00,3145.745388664405,3177.6279422273783,3103.2351096783987,3156.372802734375,186564,0.0,0.0
2017-07-20 00:00:00+09:00,3156.373059082031,3209.5107564536333,3145.7456441489458,3188.255615234375,338418,0.0,0.0
2017-07-21 00:00:00+09:00,3209.5104831246554,3230.765311180718,3145.7453762503446,3177.6279296875,271692,0.0,0.0
2017-07-24 00:00:00+09:00,3177.6282003012893,3188.255615234375,3145.7456441489458,3188.255615234375,142236,0.0,0.0
2017-07-25 00:00:00+09:00,3188.255116015136,3220.137667175288,3145.7451515859475,3209.51025390625,204135,0.0,0.0
2017-07-26 00:00:00+09:00,3209.511215168222,3230.7660480722084,3145.74609375,3145.74609375,269556,0.0,0.0
2017-07-27 00:00:00+09:00,3156.372790278376,3198.8827577435627,3103.235097432097,3177.6279296875,317373,0.0,0.0
2017-07-28 00:00:00+09:00,3188.255369049767,3188.255369049767,3103.235122090752,3135.11767578125,450933,0.0,0.0
2017-07-31 00:00:00+09:00,3354.044654780983,3354.044654780983,2941.6970633641267,2984.20703125,369075,0.0,2.0
2017-08-01 00:00:00+09:00,2941.69713103465,3120.239436156777,2941.69713103465,3090.482177734375,108687,0.0,0.0
2017-08-02 00:00:00+09:00,3090.4823871029043,3141.4944777365317,3056.4745342492142,3128.741455078125,52447,0.0,0.0
2017-08-03 00:00:00+09:00,3167.000035114106,3167.000035114106,3090.481910952801,3132.9921875,40716,0.0,0.0
2017-08-04 00:00:00+09:00,3132.993069466356,3154.2479023703418,3060.72582807466,3145.74609375,43746,0.0,0.0
2017-08-07 00:00:00+09:00,3145.74609375,3158.499118033644,3103.235805235764,3145.74609375,42550,0.0,0.0
2017-08-08 00:00:00+09:00,3158.4984373524894,3175.5023622818258,3107.486351211416,3167.000244140625,60447,0.0,0.0
2017-08-09 00:00:00+09:00,3175.5025073590846,3349.79391342152,3154.247366711545,3281.777587890625,128368,0.0,0.0
2017-08-10 00:00:00+09:00,3286.0287488952863,3307.283577840871,3124.490367602241,3260.522705078125,95893,0.0,0.0
2017-08-11 00:00:00+09:00,3226.514575436407,3230.765478997814,3158.4985616885097,3222.263671875,116845,0.0,0.0
2017-08-14 00:00:00+09:00,3222.2630549449905,3230.7648604400606,3154.2467428663244,3171.2509765625,80556,0.0,0.0
2017-08-16 00:00:00+09:00,3167.000882145584,3184.0051218535573,3132.9930254358933,3179.75390625,39730,0.0,0.0
2017-08-17 00:00:00+09:00,3188.255053344073,3264.7731746243307,3171.251130177249,3184.004150390625,122779,0.0,0.0
2017-08-18 00:00:00+09:00,3166.9999158707683,3209.5101908173774,3137.242972490568,3184.004150390625,51709,0.0,0.0
2017-08-21 00:00:00+09:00,3184.0042702742035,3184.0042702742035,3064.9758695656997,3132.9921875,136485,0.0,0.0
2017-08-22 00:00:00+09:00,3132.993069466356,3158.499118033644,3086.231876641949,3145.74609375,57963,0.0,0.0
2017-08-23 00:00:00+09:00,3111.737510558997,3111.737510558997,3064.976323965687,3069.2275390625,176164,0.0,0.0
2017-08-24 00:00:00+09:00,3077.7292927398726,3132.992597207512,3069.2274854010707,3124.490478515625,110580,0.0,0.0
2017-08-25 00:00:00+09:00,3124.490276140752,3273.275631169905,3115.9881579995517,3167.000244140625,419730,0.0,0.0
2017-08-28 00:00:00+09:00,3175.502227038872,3213.761290015244,3137.2431640625,3137.2431640625,116193,0.0,0.0
2017-08-29 00:00:00+09:00,3137.2438746776775,3179.753850495982,3103.2357072111604,3154.247802734375,150151,0.0,0.0
2017-08-30 00:00:00+09:00,3184.0045760789185,3473.072865327332,3167.000339285665,3443.31591796875,1028589,0.0,0.0
2017-08-31 00:00:00+09:00,3443.315716255708,3456.0687374270256,3345.5424501579228,3383.801513671875,408141,0.0,0.0
2017-09-01 00:00:00+09:00,3405.0564816497094,3422.0604052393937,3269.0241588731146,3290.279296875,371547,0.0,0.0
2017-09-04 00:00:00+09:00,3290.279296875,3290.279296875,3290.279296875,3290.279296875,0,0.0,0.0
2017-09-05 00:00:00+09:00,3294.5304631123777,3324.2877209627354,3218.0123338167114,3273.275634765625,186420,0.0,0.0
2017-09-06 00:00:00+09:00,3294.5303713822123,3400.805755569193,3256.2713077996327,3388.052734375,451258,0.0,0.0
2017-09-07 00:00:00+09:00,3413.5587706403194,3451.817834154272,3349.7936647837323,3383.801513671875,218074,0.0,0.0
2017-09-08 00:00:00+09:00,3383.8019291853684,3417.8100936025944,3341.291957178656,3379.551025390625,100471,0.0,0.0
2017-09-11 00:00:00+09:00,3375.299560546875,3400.8056017818562,3349.7935193118938,3375.299560546875,134817,0.0,0.0
2017-09-12 00:00:00+09:00,3392.3035606971152,3553.8419292765657,3388.052657513173,3481.57470703125,420777,0.0,0.0
2017-09-13 00:00:00+09:00,3481.5740487916246,3507.0800857791087,3422.059858703164,3485.824951171875,230335,0.0,0.0
2017-09-14 00:00:00+09:00,3485.8255366572293,3655.8660193694163,3456.068592291466,3477.32373046875,635889,0.0,0.0
2017-09-15 00:00:00+09:00,3477.323926221815,3498.5787542425787,3379.5506587258947,3430.562744140625,225795,0.0,0.0
2017-09-18 00:00:00+09:00,3430.563066727252,3498.5790832249654,3409.30792535474,3439.065185546875,159588,0.0,0.0
2017-09-19 00:00:00+09:00,3439.065000351088,3456.068925721572,3328.5387070602596,3358.295654296875,354574,0.0,0.0
2017-09-20 00:00:00+09:00,3358.2953838206226,3388.0526400136687,3298.7814941406255,3298.781494140625,120723,0.0,0.0
2017-09-21 00:00:00+09:00,3298.7818507138886,3362.546961801444,3260.5227840613557,3345.542724609375,110641,0.0,0.0
2017-09-25 00:00:00+09:00,3260.522613216347,3320.0365062109327,3230.7653553659893,3273.275634765625,154608,0.0,0.0
2017-09-26 00:00:00+09:00,3273.275634765625,3273.275634765625,3273.275634765625,3273.275634765625,0,0.0,0.0
2017-09-27 00:00:00+09:00,3286.0286848443748,3383.8016433356634,3273.2756631843745,3337.040771484375,79558,0.0,0.0
2017-09-28 00:00:00+09:00,3337.0401776800327,3400.805274633454,3337.0401776800327,3366.797119140625,76914,0.0,0.0
2017-09-29 00:00:00+09:00,3400.805737367373,3405.056640625,3315.785492743446,3405.056640625,78130,0.0,0.0
2017-10-10 00:00:00+09:00,3430.5626089305842,3439.064726615629,3332.789345288238,3400.8056640625,111594,0.0,0.0
2017-10-11 00:00:00+09:00,3400.8053300110246,3430.562271956169,3371.048076712863,3413.558349609375,78403,0.0,0.0
2017-10-12 00:00:00+09:00,3426.3123810810857,3426.3123810810857,3345.543025536369,3371.049072265625,51496,0.0,0.0
2017-10-13 00:00:00+09:00,3379.5507238051473,3383.801627220547,3222.2635611985716,3252.0205078125,201169,0.0,0.0
2017-10-16 00:00:00+09:00,3230.7654174731897,3264.773579376047,3090.482177734375,3090.482177734375,191221,0.0,0.0
2017-10-17 00:00:00+09:00,3052.223248017296,3128.741382185026,3047.972344347895,3124.490478515625,102189,0.0,0.0
2017-10-18 00:00:00+09:00,3145.745418239692,3145.745418239692,3039.4700311285715,3064.97607421875,92922,0.0,0.0
2017-10-19 00:00:00+09:00,3064.976259475594,3069.2274744829574,3009.713266557626,3039.47021484375,53617,0.0,0.0
2017-10-20 00:00:00+09:00,3043.7214938939837,3073.4784428062226,3030.9684713097254,3069.2275390625,42291,0.0,0.0
2017-10-23 00:00:00+09:00,3052.222979711741,3098.984161376953,3052.222979711741,3060.72509765625,48172,0.0,0.0
2017-10-24 00:00:00+09:00,3060.725420221964,3098.984487974739,3052.223301381429,3069.2275390625,69570,0.0,0.0
2017-10-25 00:00:00+09:00,3090.4820434324442,3167.0001708738505,3060.72509765625,3162.749267578125,106018,0.0,0.0
2017-10-26 00:00:00+09:00,3196.757290967754,3196.757290967754,3124.4900699199516,3132.9921875,32736,0.0,0.0
2017-10-27 00:00:00+09:00,3132.99251820499,3158.498562284398,3090.482237170592,3115.98828125,63355,0.0,0.0
2017-10-30 00:00:00+09:00,3120.239633083874,3154.247485779992,3064.9763275847745,3149.99658203125,71539,0.0,0.0
2017-10-31 00:00:00+09:00,3154.2470144205554,3154.2470144205554,3115.987952339903,3132.9921875,50206,0.0,0.0
2017-11-01 00:00:00+09:00,3132.992260849476,3184.004344817972,3098.9841010861282,3137.2431640625,72562,0.0,0.0
2017-11-02 00:00:00+09:00,3162.7494717132995,3162.7494717132995,3081.9804357630446,3120.239501953125,65826,0.0,0.0
2017-11-03 00:00:00+09:00,3120.239496165286,3132.99251820499,3069.2274080064694,3115.98828125,62614,0.0,0.0
2017-11-06 00:00:00+09:00,3128.741396400967,3128.741396400967,3077.7293067240325,3103.2353515625,26700,0.0,0.0
2017-11-07 00:00:00+09:00,3103.235538562957,3124.49068099354,3047.972541867168,3077.7294921875,81802,0.0,0.0
2017-11-08 00:00:00+09:00,3052.223430263844,3077.729476509372,3013.9643608955516,3018.215576171875,156772,0.0,0.0
2017-11-09 00:00:00+09:00,3022.46649559508,3039.4704227282646,2962.9522835992752,2996.96044921875,185820,0.0,0.0
2017-11-10 00:00:00+09:00,2979.9563861481033,2996.9603125056155,2928.9442957224755,2962.9521484375,245367,0.0,0.0
2017-11-13 00:00:00+09:00,2958.7011828306,3069.227480226449,2950.199064153047,3043.721435546875,137952,0.0,0.0
2017-11-14 00:00:00+09:00,3052.2233361733593,3069.22757404826,2988.4582225252175,3030.968505859375,112816,0.0,0.0
2017-11-15 00:00:00+09:00,3030.96848229298,3043.721504923451,2937.446108767465,2967.203369140625,186192,0.0,0.0
2017-11-16 00:00:00+09:00,2967.203369140625,2984.2072955302224,2916.191278618741,2967.203369140625,90513,0.0,0.0
2017-11-17 00:00:00+09:00,2967.2028528284077,3035.2188579046706,2950.198618044564,3005.4619140625,127941,0.0,0.0
2017-11-20 00:00:00+09:00,3030.968879278545,3030.968879278545,2967.2037577744604,2975.70556640625,122274,0.0,0.0
2017-11-21 00:00:00+09:00,2975.704883365391,3001.210926112389,2916.190991191104,2920.44189453125,194274,0.0,0.0
2017-11-22 00:00:00+09:00,2933.195306421821,2954.45044865852,2814.1671948731287,2848.175048828125,212479,0.0,0.0
2017-11-23 00:00:00+09:00,2831.1710919128027,2933.195275405156,2831.1710919128027,2890.685302734375,114156,0.0,0.0
2017-11-24 00:00:00+09:00,2890.6852333577986,2967.203369140625,2848.1749503541673,2967.203369140625,162570,0.0,0.0
2017-11-27 00:00:00+09:00,2971.454662090355,2996.9607106919893,2937.446493503799,2975.70556640625,81397,0.0,0.0
2017-11-28 00:00:00+09:00,2979.9567820752773,2988.4585907070673,2916.1916605711926,2975.70556640625,93669,0.0,0.0
2017-11-29 00:00:00+09:00,2975.7050186287315,3056.474365234375,2954.4501896087836,3056.474365234375,202656,0.0,0.0
2017-11-30 00:00:00+09:00,3060.7252687677496,3077.7291942543234,3018.215299374778,3056.474365234375,121563,0.0,0.0
2017-12-01 00:00:00+09:00,3077.7290830592233,3090.4821045516687,3035.219115202092,3086.231201171875,73411,0.0,0.0
2017-12-04 00:00:00+09:00,3090.482315101161,3132.992597207512,3060.7253667091836,3124.490478515625,129508,0.0,0.0
2017-12-05 00:00:00+09:00,3124.490949492882,3162.750022343815,3103.235805235764,3145.74609375,81637,0.0,0.0
2017-12-06 00:00:00+09:00,3154.247347369112,3158.498562284398,3094.7334520858776,3115.98828125,60064,0.0,0.0
2017-12-07 00:00:00+09:00,3111.737026837082,3115.987929919998,3018.2149795416262,3047.971923828125,90729,0.0,0.0
2017-12-08 00:00:00+09:00,3060.725420221964,3077.729346549945,3018.215448725467,3069.2275390625,37840,0.0,0.0
2017-12-11 00:00:00+09:00,3069.2276117805623,3073.478515625,3039.470350810205,3073.478515625,35191,0.0,0.0
2017-12-12 00:00:00+09:00,3077.7294921875,3081.9807074854793,3039.470422624314,3077.7294921875,65274,0.0,0.0
2017-12-13 00:00:00+09:00,3081.980436586265,3081.980436586265,2992.7092821188994,3013.964111328125,100621,0.0,0.0
2017-12-14 00:00:00+09:00,3005.462034867775,3030.9680767157247,2928.9439093239253,2954.449951171875,207349,0.0,0.0
2017-12-15 00:00:00+09:00,2954.450433988092,2984.2073838892297,2903.438341955797,2950.19921875,67956,0.0,0.0
2017-12-18 00:00:00+09:00,2971.454402949674,2971.454402949674,2894.936263817923,2916.19140625,53551,0.0,0.0
2017-12-19 00:00:00+09:00,2916.1907754519343,2920.4416784775995,2848.1744589230657,2882.1826171875,86544,0.0,0.0
2017-12-21 00:00:00+09:00,2899.187141113722,2899.187141113722,2805.6650757078287,2848.175048828125,135262,0.0,0.0
2017-12-22 00:00:00+09:00,2843.9241449220262,2856.6771679934254,2805.6650757078287,2848.175048828125,125977,0.0,0.0
2017-12-26 00:00:00+09:00,2856.676836898239,2971.4540312379004,2843.923815304943,2865.178955078125,133324,0.0,0.0
2017-12-27 00:00:00+09:00,2959.3397076840474,2968.307513236885,2905.533531180701,2927.952880859375,80919,233.33333,0.0
2017-12-28 00:00:00+09:00,2918.9853515625,2941.404703362966,2892.0822607646887,2918.9853515625,76918,0.0,0.0
2018-01-02 00:00:00+09:00,2918.9846039443146,2923.4683417932724,2847.2431563270543,2874.146240234375,88186,0.0,0.0
2018-01-03 00:00:00+09:00,2874.146923246912,2910.0174913764345,2833.7922877960514,2842.759765625,129897,0.0,0.0
2018-01-04 00:00:00+09:00,2878.630048357257,2878.630048357257,2793.4370567065807,2829.3076171875,115525,0.0,0.0
2018-01-05 00:00:00+09:00,2838.2757626488096,2842.759501146135,2820.3404802526748,2824.82421875,55893,0.0,0.0
2018-01-08 00:00:00+09:00,2806.888706331657,2815.8561825914303,2726.179285349453,2748.5986328125,177937,0.0,0.0
2018-01-09 00:00:00+09:00,2748.5991232866368,2788.953594673693,2726.179771822966,2771.018310546875,116034,0.0,0.0
2018-01-10 00:00:00+09:00,2793.4375455557138,2793.4375455557138,2730.663561118521,2757.566650390625,107497,0.0,0.0
2018-01-11 00:00:00+09:00,2757.5663009620516,2811.37247268814,2730.663215099007,2788.953125,90594,0.0,0.0
2018-01-12 00:00:00+09:00,2788.9529773300037,2806.888585893582,2712.7276261551733,2735.14697265625,95752,0.0,0.0
2018-01-15 00:00:00+09:00,2735.14714530898,2757.566329021843,2609.5993552694513,2636.50244140625,215166,0.0,0.0
2018-01-16 00:00:00+09:00,2623.051266941439,2645.470453804752,2578.2127290113817,2600.632080078125,153447,0.0,0.0
2018-01-17 00:00:00+09:00,2600.6318451672996,2645.47021484375,2564.7609523820415,2645.47021484375,127737,0.0,0.0
2018-01-18 00:00:00+09:00,2645.4701160044665,2851.727167101633,2645.4701160044665,2793.437255859375,233919,0.0,0.0
2018-01-19 00:00:00+09:00,2793.437111489522,2860.69482421875,2775.501502490528,2860.69482421875,174601,0.0,0.0
2018-01-22 00:00:00+09:00,2842.759362728831,2883.113992460345,2744.1148217429577,2865.1787109375,131848,0.0,0.0
2018-01-23 00:00:00+09:00,2860.694993705083,2887.5980803906896,2829.3078403006625,2883.114013671875,58000,0.0,0.0
2018-01-24 00:00:00+09:00,2883.1144010758608,2883.1144010758608,2838.276026710526,2842.759765625,61020,0.0,0.0
2018-01-25 00:00:00+09:00,2860.6951206343733,2878.630403084961,2824.8242273263636,2869.66259765625,131580,0.0,0.0
2018-01-26 00:00:00+09:00,2869.6626739009316,2883.114218197978,2824.824302379725,2847.24365234375,49764,0.0,0.0
2018-01-29 00:00:00+09:00,2860.694828416038,2936.920017349802,2847.243285850456,2932.436279296875,156762,0.0,0.0
2018-01-30 00:00:00+09:00,2905.5331809274167,2936.920003968502,2878.6300959188297,2887.597900390625,105576,0.0,0.0
2018-01-31 00:00:00+09:00,3004.17785142278,3120.758001165128,2959.339483863483,3017.62939453125,479635,0.0,0.0
2018-02-01 00:00:00+09:00,3035.5652957173775,3152.1451282454464,3026.597489981816,3120.75830078125,354480,0.0,0.0
2018-02-02 00:00:00+09:00,3098.339059675529,3120.758410599941,3049.016947411423,3089.37158203125,123474,0.0,0.0
2018-02-05 00:00:00+09:00,3049.016947411423,3098.339059675529,3008.6623127915964,3089.37158203125,112303,0.0,0.0
2018-02-06 00:00:00+09:00,3013.1457201086955,3093.85498046875,2995.2104383865126,3093.85498046875,180204,0.0,0.0
2018-02-07 00:00:00+09:00,3161.1124567399943,3161.1124567399943,3066.95166015625,3066.95166015625,149629,0.0,0.0
2018-02-08 00:00:00+09:00,3031.0811271690645,3093.855108402702,3026.597388654817,3080.403564453125,112026,0.0,0.0
2018-02-09 00:00:00+09:00,3031.080771036368,3066.95166015625,3013.1454906798244,3066.95166015625,83995,0.0,0.0
2018-02-12 00:00:00+09:00,3057.984003854516,3071.435546875,3017.6293747930627,3071.435546875,70072,0.0,0.0
2018-02-13 00:00:00+09:00,3075.919486850701,3107.3063098040316,3057.983877957257,3084.886962890625,59361,0.0,0.0
2018-02-14 00:00:00+09:00,3089.3710293173854,3089.3710293173854,3071.4354204239407,3084.886962890625,61651,0.0,0.0
2018-02-19 00:00:00+09:00,3098.3384828818994,3111.7900252510058,3053.5001177871436,3066.95166015625,45604,0.0,0.0
2018-02-20 00:00:00+09:00,3026.597127340707,3075.919560366306,3026.597127340707,3062.468017578125,24027,0.0,0.0
2018-02-21 00:00:00+09:00,3035.5655773259373,3062.4686686215678,2918.985405575913,3040.04931640625,40567,0.0,0.0
2018-02-22 00:00:00+09:00,3026.597508222631,3049.016858493229,2977.2750689900536,3022.11376953125,17745,0.0,0.0
2018-02-23 00:00:00+09:00,2986.2427599663674,3013.1458478939926,2986.2427599663674,3008.662109375,89850,0.0,0.0
2018-02-26 00:00:00+09:00,3017.6296897745815,3071.435867472832,3013.1459511020093,3049.016845703125,72816,0.0,0.0
2018-02-27 00:00:00+09:00,3080.403351690927,3080.403351690927,3053.5002656499582,3071.435546875,70611,0.0,0.0
2018-02-28 00:00:00+09:00,3066.951629302298,3080.4031715360798,3049.016349126186,3075.91943359375,42921,0.0,0.0
2018-03-02 00:00:00+09:00,3049.016349126186,3075.91943359375,3049.016349126186,3075.91943359375,60562,0.0,0.0
2018-03-05 00:00:00+09:00,3102.8227095853845,3102.8227095853845,2959.3394740995013,3044.532470703125,96624,0.0,0.0
2018-03-06 00:00:00+09:00,3013.145856277533,3057.9842268127177,3013.145856277533,3053.50048828125,43479,0.0,0.0
2018-03-07 00:00:00+09:00,3093.855217649385,3093.855217649385,3004.178145350019,3049.016845703125,73722,0.0,0.0
2018-03-08 00:00:00+09:00,3062.4680803931187,3062.4680803931187,3035.5649942649416,3044.532470703125,65728,0.0,0.0
2018-03-09 00:00:00+09:00,3044.532662550132,3080.4035557836605,3013.1458362250655,3035.565185546875,101508,0.0,0.0
2018-03-12 00:00:00+09:00,3057.9841419433264,3057.9841419433264,2990.72642380376,3031.0810546875,114853,0.0,0.0
2018-03-13 00:00:00+09:00,3040.0490527036204,3040.0490527036204,2990.726613471043,3022.11376953125,27486,0.0,0.0
2018-03-14 00:00:00+09:00,3022.1135778734424,3035.5651215013554,3008.662034245529,3031.0810546875,47575,0.0,0.0
2018-03-15 00:00:00+09:00,3044.532598315413,3044.532598315413,3008.662034245529,3031.0810546875,27028,0.0,0.0
2018-03-16 00:00:00+09:00,3031.0809061560635,3035.5649727501873,2999.69408203125,3026.59716796875,64053,0.0,0.0
2018-03-19 00:00:00+09:00,3026.5973274471394,3026.5973274471394,2990.7264348380822,3004.177978515625,89167,0.0,0.0
2018-03-20 00:00:00+09:00,3013.1453895739915,3013.1453895739915,2986.242305738509,2999.69384765625,75214,0.0,0.0
2018-03-21 00:00:00+09:00,2981.758957990939,3013.145783769596,2981.758957990939,3004.177978515625,77296,0.0,0.0
2018-03-22 00:00:00+09:00,3004.178106751734,3013.1459123885047,2981.759085270072,2990.7265625,68055,0.0,0.0
2018-03-23 00:00:00+09:00,2959.3396955859193,2959.3396955859193,2927.95286888956,2954.85595703125,70233,0.0,0.0
2018-03-26 00:00:00+09:00,3004.1781838413644,3004.1781838413644,2914.5014387998526,2968.3076171875,73746,0.0,0.0
2018-03-27 00:00:00+09:00,2959.33963149383,2977.2749137309097,2927.952805477233,2950.371826171875,23172,0.0,0.0
2018-03-28 00:00:00+09:00,2954.855916268896,2954.855916268896,2887.5981968424935,2896.565673828125,26520,0.0,0.0
2018-03-29 00:00:00+09:00,2896.5658936181126,2896.5658936181126,2788.953534370296,2833.792236328125,83686,0.0,0.0
2018-03-30 00:00:00+09:00,2833.791660879417,2833.791660879417,2797.9207722787082,2811.372314453125,62799,0.0,0.0
2018-04-02 00:00:00+09:00,2802.404860666949,2811.3726660403277,2757.5664906137185,2779.98583984375,55381,0.0,0.0
2018-04-03 00:00:00+09:00,2766.5340779422568,2775.50155420203,2735.1470900160334,2748.5986328125,35226,0.0,0.0
2018-04-04 00:00:00+09:00,2762.050020966308,2762.050020966308,2717.2116542918143,2721.695556640625,94105,0.0,0.0
2018-04-05 00:00:00+09:00,2717.2116758598,2739.630859375,2717.2116758598,2739.630859375,21555,0.0,0.0
2018-04-06 00:00:00+09:00,2739.630837629061,2739.630837629061,2699.2762090999745,2721.695556640625,30492,0.0,0.0
2018-04-09 00:00:00+09:00,2690.308574601716,2757.5662889667587,2690.308574601716,2744.11474609375,79069,0.0,0.0
2018-04-10 00:00:00+09:00,2735.1468481977545,2802.4043920303484,2717.2114046536963,2797.920654296875,40531,0.0,0.0
2018-04-11 00:00:00+09:00,2811.37247268814,2811.37247268814,2757.5663009620516,2788.953125,41848,0.0,0.0
2018-04-12 00:00:00+09:00,2797.9212842987804,2797.9212842987804,2730.663561118521,2757.566650390625,151837,0.0,0.0
2018-04-13 00:00:00+09:00,2748.5990087010655,2771.0181950266765,2739.6312028080806,2757.566650390625,40983,0.0,0.0
2018-04-16 00:00:00+09:00,2748.598913004454,2779.9859041302648,2744.1150102140755,2762.05029296875,42721,0.0,0.0
2018-04-17 00:00:00+09:00,2766.533833349009,2811.3721959040718,2757.5660294752856,2797.920654296875,39994,0.0,0.0
2018-04-18 00:00:00+09:00,2784.469566877778,2815.856392945299,2779.985828412941,2806.888916015625,44365,0.0,0.0
2018-04-19 00:00:00+09:00,2811.372314453125,2824.8238566275418,2784.4692301042915,2811.372314453125,62298,0.0,0.0
2018-04-20 00:00:00+09:00,2806.889070590761,2874.1467933013473,2806.889070590761,2856.211181640625,59929,0.0,0.0
2018-04-23 00:00:00+09:00,2883.114218197978,2883.114218197978,2833.7921080467036,2847.24365234375,54420,0.0,0.0
2018-04-24 00:00:00+09:00,2842.7597329298283,2874.14689019075,2829.3081879342503,2851.7275390625,33634,0.0,0.0
2018-04-25 00:00:00+09:00,2851.727156676677,2869.662438130233,2815.8562653627487,2820.34033203125,86118,0.0,0.0
2018-04-26 00:00:00+09:00,2838.275279118465,2838.275279118465,2779.9853749562058,2797.920654296875,44545,0.0,0.0
2018-04-27 00:00:00+09:00,2797.9211221836754,2820.340471413707,2762.050229096992,2779.98583984375,37279,0.0,0.0
2018-04-30 00:00:00+09:00,2802.4045425313643,2806.888608912428,2735.1469950867545,2753.082275390625,119157,0.0,0.0
2018-05-02 00:00:00+09:00,2753.0823196485853,2865.178562265098,2739.63077710274,2860.69482421875,93742,0.0,0.0
2018-05-03 00:00:00+09:00,2851.7273932328867,2990.7265749435296,2847.2436545992673,2963.823486328125,149838,0.0,0.0
2018-05-04 00:00:00+09:00,2990.7265749435296,2990.7265749435296,2927.952920445481,2963.823486328125,78390,0.0,0.0
2018-05-08 00:00:00+09:00,2945.887939453125,2972.7910256581763,2833.7918564010156,2945.887939453125,68146,0.0,0.0
2018-05-09 00:00:00+09:00,2954.8554919563376,2954.8554919563376,2820.340072419733,2874.146240234375,57357,0.0,0.0
2018-05-10 00:00:00+09:00,2892.0817862522904,2892.0817862522904,2815.8562653627487,2820.34033203125,69960,0.0,0.0
2018-05-11 00:00:00+09:00,2811.372652142961,2896.5656533450165,2811.372652142961,2878.63037109375,59409,0.0,0.0
2018-05-14 00:00:00+09:00,2914.5010744852016,2995.2103319779594,2865.1786409929127,2981.7587890625,136062,0.0,0.0
2018-05-15 00:00:00+09:00,2999.69408203125,3084.887078031063,2959.339453125,3026.59716796875,252336,0.0,0.0
2018-05-16 00:00:00+09:00,3035.5652338660675,3035.5652338660675,2910.0172697537,2927.952880859375,71686,0.0,0.0
2018-05-17 00:00:00+09:00,2901.0496237334924,2954.8557971047053,2842.7593836434653,2883.114013671875,112047,0.0,0.0
2018-05-18 00:00:00+09:00,2883.1141095548587,2892.0819148839078,2856.211021974543,2878.63037109375,44089,0.0,0.0
2018-05-21 00:00:00+09:00,2892.0817974251763,2892.0817974251763,2833.791886170817,2865.1787109375,106315,0.0,0.0
2018-05-23 00:00:00+09:00,2874.146688473574,2874.146688473574,2802.404901260996,2815.8564453125,122364,0.0,0.0
2018-05-24 00:00:00+09:00,2833.7916835527108,2860.694768116797,2820.3401412706676,2829.3076171875,33615,0.0,0.0
2018-05-25 00:00:00+09:00,2824.823879229084,2833.7916835527108,2784.469252382954,2829.3076171875,18801,0.0,0.0
2018-05-28 00:00:00+09:00,2829.3076171875,2833.7916835527108,2771.017710100911,2829.3076171875,63250,0.0,0.0
2018-05-29 00:00:00+09:00,2833.7916835527108,2842.7591594695436,2784.469252382954,2829.3076171875,40623,0.0,0.0
2018-05-30 00:00:00+09:00,2829.3079367466407,2829.3079367466407,2784.469566877778,2806.888916015625,54967,0.0,0.0
2018-05-31 00:00:00+09:00,2788.953305342615,2829.3079367466407,2788.953305342615,2806.888916015625,23260,0.0,0.0
2018-06-01 00:00:00+09:00,2797.92111067912,2820.340459816967,2779.985828412941,2806.888916015625,35457,0.0,0.0
2018-06-04 00:00:00+09:00,2806.888916015625,2811.3726544804617,2779.985828412941,2806.888916015625,46914,0.0,0.0
2018-06-05 00:00:00+09:00,2806.888936353865,2833.792024151484,2793.4373924550555,2824.82421875,45054,0.0,0.0
2018-06-07 00:00:00+09:00,2851.727390973818,2851.727390973818,2811.3727580826785,2847.24365234375,38956,0.0,0.0
2018-06-08 00:00:00+09:00,2847.2436846750606,2856.2111620370247,2829.3080731374394,2838.27587890625,32247,0.0,0.0
2018-06-11 00:00:00+09:00,2815.8565286876465,2838.27587890625,2802.404984237854,2838.27587890625,32140,0.0,0.0
2018-06-12 00:00:00+09:00,2838.275490089699,2927.9525502723677,2829.3076855493914,2905.533203125,104418,0.0,0.0
2018-06-14 00:00:00+09:00,2905.533298761211,2905.533298761211,2856.2108647762648,2901.049560546875,49630,0.0,0.0
2018-06-15 00:00:00+09:00,2901.0496237334924,2923.4686437002847,2878.6302753598807,2883.114013671875,136252,0.0,0.0
2018-06-18 00:00:00+09:00,2905.5334821428573,2905.5334821428573,2815.8564133485156,2824.82421875,63925,0.0,0.0
2018-06-19 00:00:00+09:00,2865.178362332858,2865.178362332858,2788.9528504231516,2797.920654296875,46662,0.0,0.0
2018-06-20 00:00:00+09:00,2797.9209839091927,2824.8240702929347,2784.4694407173215,2820.34033203125,62169,0.0,0.0
2018-06-21 00:00:00+09:00,2824.82420989698,2824.82420989698,2775.5017729536444,2779.98583984375,53196,0.0,0.0
2018-06-22 00:00:00+09:00,2779.9856486501917,2793.437191581714,2739.6308556522204,2788.953125,39972,0.0,0.0
2018-06-25 00:00:00+09:00,2788.9534456873025,2793.437512784616,2753.0827151464555,2766.534423828125,90636,0.0,0.0
2018-06-26 00:00:00+09:00,2784.4697396627284,2784.4697396627284,2735.1474640650135,2757.566650390625,154249,0.0,0.0
2018-06-27 00:00:00+09:00,2784.469578327023,2784.469578327023,2744.1149467570663,2779.98583984375,318763,0.0,0.0
2018-06-28 00:00:00+09:00,2770.7954820352156,2784.5805341846444,2711.060199962836,2715.6552734375,160305,100.0,0.0
2018-06-29 00:00:00+09:00,2665.110351849759,2711.0604171797813,2586.994937894484,2628.35009765625,158626,0.0,0.0
2018-07-02 00:00:00+09:00,2628.349965360923,2637.5401125840112,2568.614849783685,2582.39990234375,62478,0.0,0.0
2018-07-03 00:00:00+09:00,2573.209716796875,2605.374895049502,2536.4496332757053,2573.209716796875,91854,0.0,0.0
2018-07-04 00:00:00+09:00,2573.2098201385,2586.994873046875,2531.8546614133747,2586.994873046875,45801,0.0,0.0
2018-07-05 00:00:00+09:00,2586.994557985495,2586.994557985495,2513.4743969443157,2545.639404296875,62988,0.0,0.0
2018-07-06 00:00:00+09:00,2545.6395441745003,2545.6395441745003,2504.2843882135,2531.8544921875,47683,0.0,0.0
2018-07-09 00:00:00+09:00,2531.8545670514336,2531.8545670514336,2504.284462262218,2513.474609375,43767,0.0,0.0
2018-07-10 00:00:00+09:00,2527.2600915561693,2632.945455129523,2508.8799624794406,2619.160400390625,118869,0.0,0.0
2018-07-11 00:00:00+09:00,2619.1600156454515,2637.540142022206,2600.7798892686974,2632.945068359375,51720,0.0,0.0
2018-07-12 00:00:00+09:00,2632.94489165193,2665.110068583874,2619.1598398631763,2655.919921875,49192,0.0,0.0
2018-07-13 00:00:00+09:00,2665.10986328125,2692.679964734937,2632.9446888271004,2665.10986328125,16444,0.0,0.0
2018-07-16 00:00:00+09:00,2669.704768007168,2692.679964734937,2642.134666553481,2665.10986328125,25405,0.0,0.0
2018-07-17 00:00:00+09:00,2688.085205078125,2688.085205078125,2660.515100410657,2688.085205078125,20757,0.0,0.0
2018-07-18 00:00:00+09:00,2688.0849976196287,2697.274975708008,2665.109968261406,2678.89501953125,21661,0.0,0.0
2018-07-19 00:00:00+09:00,2678.8950540669916,2692.6801055145497,2586.9945989002345,2651.324951171875,37857,0.0,0.0
2018-07-20 00:00:00+09:00,2619.1601182451604,2651.325298595837,2568.6149790723057,2628.35009765625,86604,0.0,0.0
2018-07-23 00:00:00+09:00,2642.1351623917276,2642.1351623917276,2508.8797031162717,2568.614990234375,55090,0.0,0.0
2018-07-24 00:00:00+09:00,2568.614990234375,2577.8049696854,2545.6397891949478,2568.614990234375,20329,0.0,0.0
2018-07-25 00:00:00+09:00,2573.2096123420547,2591.589737493814,2508.879426722735,2559.424560546875,29947,0.0,0.0
2018-07-26 00:00:00+09:00,2550.2349656628026,2577.8050733996974,2541.044985842032,2564.02001953125,20167,0.0,0.0
2018-07-27 00:00:00+09:00,2554.8299369205492,2568.614990234375,2541.0448836067235,2568.614990234375,33357,0.0,0.0
2018-07-30 00:00:00+09:00,2568.6150545504975,2600.78006757176,2559.4249065947815,2591.590087890625,17751,0.0,0.0
2018-07-31 00:00:00+09:00,2582.3999679081026,2609.9700737282083,2582.3999679081026,2605.375,10185,0.0,0.0
2018-08-01 00:00:00+09:00,2596.1849838804355,2632.945068359375,2596.1849838804355,2632.945068359375,22671,0.0,0.0
2018-08-02 00:00:00+09:00,2637.5405294673537,2642.1354355305903,2605.375345651727,2619.160400390625,23406,0.0,0.0
2018-08-03 00:00:00+09:00,2619.160259637768,2623.755333728661,2586.995077550688,2614.565185546875,19753,0.0,0.0
2018-08-06 00:00:00+09:00,2614.565044260444,2669.7052572731395,2591.5900115966797,2646.730224609375,40719,0.0,0.0
2018-08-07 00:00:00+09:00,2665.1100026194335,2665.1100026194335,2596.1847453816426,2651.324951171875,48381,0.0,0.0
2018-08-08 00:00:00+09:00,2655.920100124391,2655.920100124391,2600.7798892686974,2632.945068359375,32676,0.0,0.0
2018-08-09 00:00:00+09:00,2632.945171356201,2655.9202040199657,2623.755191945611,2646.730224609375,27213,0.0,0.0
2018-08-10 00:00:00+09:00,2646.730224609375,2665.1103517051324,2614.565044260444,2646.730224609375,36450,0.0,0.0
2018-08-13 00:00:00+09:00,2632.945455129523,2660.515564607319,2591.590290912829,2619.160400390625,18828,0.0,0.0
2018-08-14 00:00:00+09:00,2623.7548828125,2646.7299127693263,2596.1847795544863,2623.7548828125,39351,0.0,0.0
2018-08-16 00:00:00+09:00,2513.4746833977556,2531.854641615486,2384.8141345007944,2439.954345703125,244924,0.0,0.0
2018-08-17 00:00:00+09:00,2453.7394363839285,2453.7394363839285,2403.194298093012,2412.38427734375,94111,0.0,0.0
2018-08-20 00:00:00+09:00,2412.3844199724094,2426.169473800823,2361.8392786930867,2380.21923828125,84432,0.0,0.0
2018-08-21 00:00:00+09:00,2371.029118128194,2398.59922415294,2366.4340443658784,2394.004150390625,41473,0.0,0.0
2018-08-22 00:00:00+09:00,2398.5992622154986,2412.384315446622,2371.0291557532514,2384.814208984375,38775,0.0,0.0
2018-08-23 00:00:00+09:00,2380.21923828125,2389.4093863499143,2366.4341844528362,2380.21923828125,41574,0.0,0.0
2018-08-24 00:00:00+09:00,2384.8141060506,2407.789137685962,2375.624127051369,2389.4091796875,31908,0.0,0.0
2018-08-27 00:00:00+09:00,2398.5992622154986,2398.5992622154986,2371.0291557532514,2384.814208984375,61000,0.0,0.0
2018-08-28 00:00:00+09:00,2384.8141060506,2394.0040850498312,2366.4339797775697,2389.4091796875,44836,0.0,0.0
2018-08-29 00:00:00+09:00,2389.4091796875,2394.0040850498312,2371.0290534144697,2389.4091796875,30775,0.0,0.0
2018-08-30 00:00:00+09:00,2389.409385443779,2407.7893450249717,2375.624331620593,2398.599365234375,32839,0.0,0.0
2018-08-31 00:00:00+09:00,2380.21889323042,2412.384070258722,2380.21889323042,2403.194091796875,26412,0.0,0.0
2018-09-03 00:00:00+09:00,2407.789306640625,2416.979454559297,2389.409347352441,2407.789306640625,44203,0.0,0.0
2018-09-04 00:00:00+09:00,2407.7889968905197,2416.979143626925,2380.21889323042,2403.194091796875,46734,0.0,0.0
2018-09-05 00:00:00+09:00,2403.1942605357676,2430.7643661316865,2389.409207737808,2421.57421875,32253,0.0,0.0
2018-09-06 00:00:00+09:00,2421.5741533390315,2426.1692269057535,2407.7891009134305,2416.979248046875,22570,0.0,0.0
2018-09-07 00:00:00+09:00,2421.5742565944875,2426.169330357143,2398.599224330357,2412.38427734375,27133,0.0,0.0
2018-09-10 00:00:00+09:00,2430.7643004724755,2430.7643004724755,2389.409143195673,2416.979248046875,29130,0.0,0.0
2018-09-11 00:00:00+09:00,2407.789306640625,2421.5743602440534,2398.599326996533,2407.789306640625,16432,0.0,0.0
2018-09-12 00:00:00+09:00,2416.979350927629,2416.979350927629,2380.2190973782517,2394.004150390625,40968,0.0,0.0
2018-09-13 00:00:00+09:00,2394.0041883802655,2394.0041883802655,2371.0291557532514,2384.814208984375,58516,0.0,0.0
2018-09-14 00:00:00+09:00,2384.8141711405674,2398.59922415294,2384.8141711405674,2394.004150390625,15015,0.0,0.0
2018-09-17 00:00:00+09:00,2398.5992622154986,2412.384315446622,2380.219135149142,2384.814208984375,13983,0.0,0.0
2018-09-18 00:00:00+09:00,2380.219135149142,2389.409282819608,2375.6242295884845,2384.814208984375,19269,0.0,0.0
2018-09-19 00:00:00+09:00,2394.0041884948164,2394.0041884948164,2366.43408203125,2366.43408203125,26233,0.0,0.0
2018-09-20 00:00:00+09:00,2361.8390737377804,2380.21903173097,2338.8638738344403,2371.029052734375,70812,0.0,0.0
2018-09-21 00:00:00+09:00,2366.4340819180184,2384.814208984375,2343.4590492910042,2384.814208984375,42328,0.0,0.0
2018-09-27 00:00:00+09:00,2265.3435406764534,2357.2438287871632,2265.3435406764534,2334.268798828125,114198,0.0,0.0
2018-09-28 00:00:00+09:00,2320.4840279072905,2343.459060645624,2295.2113741029198,2306.698974609375,57697,0.0,0.0
2018-10-01 00:00:00+09:00,2306.6989612664106,2306.6989612664106,2228.583547513693,2253.856201171875,145189,0.0,0.0
2018-10-02 00:00:00+09:00,2253.8561491688183,2256.15360189398,2228.58349609375,2228.58349609375,74290,0.0,0.0
2018-10-04 00:00:00+09:00,2223.988884938887,2244.666467025278,2214.798736272984,2235.476318359375,35659,0.0,0.0
2018-10-05 00:00:00+09:00,2246.9634137834823,2265.3435386994056,2201.0131856309517,2219.393310546875,94785,0.0,0.0
2018-10-08 00:00:00+09:00,2201.01347913112,2219.393606497992,2118.3031583920647,2207.906005859375,33324,0.0,0.0
2018-10-10 00:00:00+09:00,2201.0136070747585,2212.501208381143,2194.121079945845,2196.418701171875,39918,0.0,0.0
2018-10-11 00:00:00+09:00,2187.2282260464767,2187.2282260464767,2104.5179128563846,2120.6005859375,71545,0.0,0.0
2018-10-12 00:00:00+09:00,2067.7576891664053,2205.608201777499,2067.7576891664053,2097.625244140625,33616,0.0,0.0
2018-10-15 00:00:00+09:00,2058.5678997816367,2104.5179626809604,2058.5678997816367,2090.73291015625,23722,0.0,0.0
2018-10-16 00:00:00+09:00,2070.0551258875635,2095.3277757657283,2067.757673453021,2081.542724609375,44956,0.0,0.0
2018-10-17 00:00:00+09:00,2072.352762344959,2111.4102954017344,2072.352762344959,2097.625244140625,53160,0.0,0.0
2018-10-18 00:00:00+09:00,2113.7081115270507,2201.013332068517,2079.245480188428,2127.4931640625,29337,0.0,0.0
2018-10-19 00:00:00+09:00,2157.3607217977838,2157.3607217977838,2095.3279853882627,2127.4931640625,20014,0.0,0.0
2018-10-22 00:00:00+09:00,2150.4682240709208,2159.658203125,2127.4931922984383,2159.658203125,12756,0.0,0.0
2018-10-23 00:00:00+09:00,2180.3356617609275,2180.3356617609275,2113.708022818866,2129.79052734375,31824,0.0,0.0
2018-10-24 00:00:00+09:00,2118.3030015271916,2143.5756537508237,2090.7328966557984,2093.030517578125,22584,0.0,0.0
2018-10-25 00:00:00+09:00,2033.295217977988,2093.0305008123655,1975.8575560475324,2040.187744140625,54360,0.0,0.0
2018-10-26 00:00:00+09:00,2044.7830495830606,2074.6506102503977,2017.2129418056466,2024.10546875,26221,0.0,0.0
2018-10-29 00:00:00+09:00,1957.477413675189,2065.4603787370547,1952.8823401806746,1987.344970703125,38956,0.0,0.0
2018-10-30 00:00:00+09:00,1860.9821497968458,2005.725205892156,1860.9821497968458,1989.6427001953125,61798,0.0,0.0
2018-10-31 00:00:00+09:00,2067.7576690710757,2067.7576690710757,1989.6424354421297,2014.9149169921875,14211,0.0,0.0
2018-11-01 00:00:00+09:00,2044.7829591616076,2086.1381189989797,2014.9152315404544,2026.40283203125,57528,0.0,0.0
2018-11-02 00:00:00+09:00,2051.6754612857158,2070.055419921875,2028.7002605786552,2070.055419921875,22228,0.0,0.0
2018-11-05 00:00:00+09:00,2081.542618815104,2081.542618815104,2037.8900151301423,2067.757568359375,18397,0.0,0.0
2018-11-06 00:00:00+09:00,2067.7580185006204,2090.733051503546,2058.5680389543663,2076.947998046875,20524,0.0,0.0
2018-11-07 00:00:00+09:00,2060.865216936384,2134.3855483255215,2060.865216936384,2122.89794921875,41038,0.0,0.0
2018-11-08 00:00:00+09:00,2134.385531290322,2191.8231898166405,2134.385531290322,2184.9306640625,41946,0.0,0.0
2018-11-09 00:00:00+09:00,2191.8230508547217,2219.3931521233344,2173.4429272507987,2198.715576171875,38154,0.0,0.0
2018-11-12 00:00:00+09:00,2198.7158713131653,2198.7158713131653,2166.550692757292,2187.228271484375,23698,0.0,0.0
2018-11-13 00:00:00+09:00,2161.9557062639683,2182.633284214608,2134.3856023297817,2148.170654296875,18444,0.0,0.0
2018-11-14 00:00:00+09:00,2120.6005119762904,2155.0631412701923,2095.327861069243,2138.98046875,24678,0.0,0.0
2018-11-15 00:00:00+09:00,2138.9808056395023,2138.9808056395023,1952.8825781419584,2024.10546875,124030,0.0,0.0
2018-11-16 00:00:00+09:00,2024.1054173944767,2040.1879237650621,1998.8327631482027,2017.212890625,36810,0.0,0.0
2018-11-19 00:00:00+09:00,2021.8079608967241,2053.97314453125,2019.5105078780412,2053.97314453125,26346,0.0,0.0
2018-11-20 00:00:00+09:00,2053.97314453125,2056.270597549933,2035.5930155580077,2053.97314453125,11547,0.0,0.0
2018-11-21 00:00:00+09:00,2053.9725702735673,2079.2452195116257,2033.2949940627598,2074.650146484375,16110,0.0,0.0
2018-11-22 00:00:00+09:00,2079.245256128091,2086.1377816530744,2042.4850078118152,2065.460205078125,21108,0.0,0.0
2018-11-23 00:00:00+09:00,2065.4603961618163,2065.4603961618163,2028.7001444447083,2040.187744140625,28026,0.0,0.0
2018-11-26 00:00:00+09:00,2040.187911587279,2079.245619139372,2037.8904587693598,2076.947998046875,24102,0.0,0.0
2018-11-27 00:00:00+09:00,2076.947998046875,2079.245619139372,2058.5680389543663,2076.947998046875,10872,0.0,0.0
2018-11-28 00:00:00+09:00,2076.947857631539,2095.327983756009,2074.6504049689433,2090.73291015625,15124,0.0,0.0
2018-11-29 00:00:00+09:00,2090.733064220472,2118.3031713015093,2079.2456317864257,2111.41064453125,25287,0.0,0.0
2018-11-30 00:00:00+09:00,2111.4103003745468,2134.385498046875,2097.6252490809707,2134.385498046875,23449,0.0,0.0
2018-12-03 00:00:00+09:00,2150.4684141345274,2196.418650015255,2141.2784342682157,2189.526123046875,54502,0.0,0.0
2018-12-04 00:00:00+09:00,2191.823575944807,2210.2037039520146,2187.228501874359,2189.526123046875,32722,0.0,0.0
2018-12-05 00:00:00+09:00,2175.740877382646,2196.418456465666,2161.9558246606325,2178.038330078125,21807,0.0,0.0
2018-12-06 00:00:00+09:00,2178.038155691964,2203.3108064170397,2122.89794921875,2122.89794921875,27055,0.0,0.0
2018-12-07 00:00:00+09:00,2125.1958395891156,2148.171042536291,2072.3532430147116,2116.005859375,43810,0.0,0.0
2018-12-10 00:00:00+09:00,2106.8155700138213,2111.410475309343,2074.6503915723406,2093.030517578125,17760,0.0,0.0
2018-12-11 00:00:00+09:00,2074.6500935872396,2109.1127197265623,2067.757568359375,2067.757568359375,18741,0.0,0.0
2018-12-12 00:00:00+09:00,2106.8154801573605,2106.8154801573605,2063.162703789751,2095.327880859375,5889,0.0,0.0
2018-12-13 00:00:00+09:00,2102.220423429915,2138.9805058901748,2083.840298062505,2129.79052734375,16786,0.0,0.0
2018-12-14 00:00:00+09:00,2141.278055706792,2274.533497445409,2104.5178061913048,2263.0458984375,168232,0.0,0.0
2018-12-17 00:00:00+09:00,2274.5338333513564,2274.5338333513564,2233.178672744968,2242.36865234375,43186,0.0,0.0
2018-12-18 00:00:00+09:00,2226.2861194561774,2230.8811933381185,2203.3110865956273,2210.20361328125,37605,0.0,0.0
2018-12-19 00:00:00+09:00,2205.6083993048956,2242.368483201788,2203.310946647142,2223.988525390625,21805,0.0,0.0
2018-12-20 00:00:00+09:00,2217.0961019078018,2217.0961019078018,2143.5757624316957,2201.013427734375,62068,0.0,0.0
2018-12-21 00:00:00+09:00,2201.01341386943,2201.01341386943,2143.575748928571,2166.55078125,40999,0.0,0.0
2018-12-24 00:00:00+09:00,2178.037976624136,2184.9305018666173,2129.790299926766,2145.872802734375,52431,0.0,0.0
2018-12-26 00:00:00+09:00,2159.658135373465,2159.658135373465,2074.6503690349814,2118.302978515625,50952,0.0,0.0
2018-12-27 00:00:00+09:00,2225.190091585879,2225.190091585879,2125.591087726952,2130.449462890625,54775,166.66667,0.0
2018-12-28 00:00:00+09:00,2142.5957738107118,2169.3175491184043,2120.7325516289698,2166.88818359375,50098,0.0,0.0
2019-01-02 00:00:00+09:00,2176.6052898456514,2176.6052898456514,2120.7325516289698,2166.88818359375,25765,0.0,0.0
2019-01-03 00:00:00+09:00,2166.887895634624,2166.887895634624,2089.1521234899146,2094.010498046875,30478,0.0,0.0
2019-01-04 00:00:00+09:00,2089.1519062101843,2137.7367142667895,2040.5669202302631,2077.005615234375,45805,0.0,0.0
2019-01-07 00:00:00+09:00,2089.152139787504,2094.010514382365,2064.8595551198573,2074.57666015625,9141,0.0,0.0
2019-01-08 00:00:00+09:00,2137.737019556451,2137.737019556451,2060.0012443951305,2064.859619140625,9873,0.0,0.0
2019-01-09 00:00:00+09:00,2057.5719160954927,2111.015462643608,2040.5672483338255,2081.864501953125,18939,0.0,0.0
2019-01-10 00:00:00+09:00,2081.864566752341,2094.0106821358677,2064.8597205380443,2072.1474609375,16866,0.0,0.0
2019-01-11 00:00:00+09:00,2089.1522421257455,2103.7277224709874,2067.289021607883,2081.864501953125,26395,0.0,0.0
2019-01-14 00:00:00+09:00,2234.906780368639,2266.486924728029,2128.019877879693,2135.3076171875,109737,0.0,0.0
2019-01-15 00:00:00+09:00,2162.029808391157,2186.3222181741953,2145.024961412008,2166.88818359375,49267,0.0,0.0
2019-01-16 00:00:00+09:00,2186.3219411749587,2266.4870790180407,2149.883242155376,2215.472900390625,122910,0.0,0.0
2019-01-17 00:00:00+09:00,2215.472709216102,2254.340592175278,2123.1612870243243,2149.883056640625,46626,0.0,0.0
2019-01-18 00:00:00+09:00,2140.1663644865407,2149.8832918084036,2086.7228194079476,2115.873779296875,80785,0.0,0.0
2019-01-21 00:00:00+09:00,2118.303080560484,2145.0246743689872,2106.156788332679,2125.5908203125,44923,0.0,0.0
2019-01-22 00:00:00+09:00,2149.8831589157517,2254.3406994197017,2128.0199403505067,2157.1708984375,84300,0.0,0.0
2019-01-23 00:00:00+09:00,2157.1709884905254,2196.038874921315,2152.312435965426,2162.029541015625,41361,0.0,0.0
2019-01-24 00:00:00+09:00,2162.029384418256,2193.609528735691,2152.312280071874,2188.7509765625,49981,0.0,0.0
2019-01-25 00:00:00+09:00,2188.750773170064,2230.0480179962824,2179.0338476499624,2205.755615234375,46221,0.0,0.0
2019-01-28 00:00:00+09:00,2205.7559614072293,2256.77013975975,2198.4682216425836,2213.043701171875,47485,0.0,0.0
2019-01-29 00:00:00+09:00,2213.0436058185564,2817.925980221613,2196.0387618181803,2487.54833984375,3301485,0.0,0.0
2019-01-30 00:00:00+09:00,2511.840980798835,2545.850313731516,2397.6663341505555,2421.958740234375,836215,0.0,0.0
2019-01-31 00:00:00+09:00,2443.821981568457,2575.001295889845,2434.105054630206,2458.3974609375,582526,0.0,0.0
2019-02-01 00:00:00+09:00,2429.246502199414,2502.1238990446295,2409.812648322911,2458.3974609375,218079,0.0,0.0
2019-02-07 00:00:00+09:00,2458.397402625201,2458.397402625201,2375.803080800841,2383.0908203125,240789,0.0,0.0
2019-02-08 00:00:00+09:00,2378.2325410798194,2409.8128678721355,2339.3646518623705,2366.08642578125,205882,0.0,0.0
2019-02-11 00:00:00+09:00,2385.520040825652,2468.1145417268845,2353.9398951418457,2453.5390625,257247,0.0,0.0
2019-02-12 00:00:00+09:00,2453.5388944218967,2477.831298828125,2404.9539076861215,2477.831298828125,185778,0.0,0.0
2019-02-13 00:00:00+09:00,2487.5483954138435,2575.0012707751503,2424.388104046231,2453.5390625,438345,0.0,0.0
2019-02-14 00:00:00+09:00,2482.6897740796035,2667.312433287155,2463.255744401799,2506.982177734375,1079559,0.0,0.0
2019-02-15 00:00:00+09:00,2506.982427024133,2575.0012707751503,2448.680510116595,2453.5390625,286119,0.0,0.0
2019-02-18 00:00:00+09:00,2502.1237944705317,2540.9918564457444,2453.5389838865026,2482.68994140625,194314,0.0,0.0
2019-02-19 00:00:00+09:00,2472.97314453125,2550.7091002269,2417.1005876180348,2472.97314453125,381849,0.0,0.0
2019-02-20 00:00:00+09:00,2477.8315029925075,2511.841014302143,2463.2560235631395,2492.406982421875,119320,0.0,0.0
2019-02-21 00:00:00+09:00,2492.4070295765596,2497.2655821193803,2424.38818359375,2424.38818359375,161673,0.0,0.0
2019-02-22 00:00:00+09:00,2424.388224089211,2468.1146639349677,2368.5154916451856,2409.812744140625,149901,0.0,0.0
2019-02-25 00:00:00+09:00,2409.812495440314,2516.69921875,2409.812495440314,2516.69921875,158346,0.0,0.0
2019-02-26 00:00:00+09:00,2550.7089344857054,2555.567487002028,2472.9729838412195,2531.27490234375,315381,0.0,0.0
2019-02-27 00:00:00+09:00,2560.4255369441976,2560.4255369441976,2502.1236258340955,2506.982177734375,112324,0.0,0.0
2019-02-28 00:00:00+09:00,2506.9825758010606,2511.8411284727968,2414.671142578125,2414.671142578125,122215,0.0,0.0
2019-03-04 00:00:00+09:00,2453.5390864300407,2511.8410039062132,2438.963607060997,2458.3974609375,48717,0.0,0.0
2019-03-05 00:00:00+09:00,2477.831562030781,2477.831562030781,2404.9541631475226,2426.8173828125,105990,0.0,0.0
2019-03-06 00:00:00+09:00,2426.8173249897204,2502.1239094003427,2426.8173249897204,2492.406982421875,120457,0.0,0.0
2019-03-07 00:00:00+09:00,2477.8314132173396,2502.1238187450285,2458.397382041193,2487.54833984375,61356,0.0,0.0
2019-03-08 00:00:00+09:00,2472.973030809485,2477.831583418084,2434.105143710706,2463.256103515625,56700,0.0,0.0
2019-03-11 00:00:00+09:00,2472.97314453125,2497.2657307680233,2448.680736217824,2472.97314453125,42523,0.0,0.0
2019-03-12 00:00:00+09:00,2497.265705257794,2623.586476289896,2477.8316720515686,2555.567626953125,505048,0.0,0.0
2019-03-13 00:00:00+09:00,2575.0013915850777,2594.435424107143,2536.133504464286,2550.708984375,116086,0.0,0.0
2019-03-14 00:00:00+09:00,2575.001080279831,2647.8784710228765,2565.2841541551975,2613.869140625,187371,0.0,0.0
2019-03-15 00:00:00+09:00,2652.737476787744,2662.454404574422,2521.5581510125257,2628.445068359375,170536,0.0,0.0
2019-03-18 00:00:00+09:00,2623.5860667496336,2628.444618773609,2570.142706179173,2613.869140625,64743,0.0,0.0
2019-03-19 00:00:00+09:00,2618.7279552345867,2643.0205415175205,2565.2845856741574,2594.435546875,46438,0.0,0.0
2019-03-20 00:00:00+09:00,2594.4354979187124,2623.5864585694844,2540.992129366745,2575.00146484375,42018,0.0,0.0
2019-03-21 00:00:00+09:00,2575.00146484375,2594.4354979187124,2526.416649041359,2575.00146484375,32751,0.0,0.0
2019-03-22 00:00:00+09:00,2618.727873092393,2643.0204586133364,2526.416617467503,2623.58642578125,92314,0.0,0.0
2019-03-25 00:00:00+09:00,2623.5864585694844,2623.5864585694844,2570.143090017517,2575.00146484375,51072,0.0,0.0
2019-03-26 00:00:00+09:00,2575.0013840142788,2618.727823617861,2575.0013840142788,2604.15234375,56985,0.0,0.0
2019-03-27 00:00:00+09:00,2618.7277900167655,2618.7277900167655,2516.699432250874,2565.284423828125,85726,0.0,0.0
2019-03-28 00:00:00+09:00,2565.2845959569613,2565.2845959569613,2492.4071926627294,2540.9921875,57703,0.0,0.0
2019-03-29 00:00:00+09:00,2540.991983394318,2560.42583742952,2492.4069924596465,2526.41650390625,34954,0.0,0.0
2019-04-01 00:00:00+09:00,2526.416649041359,2584.718570342903,2526.416649041359,2575.00146484375,44248,0.0,0.0
2019-04-02 00:00:00+09:00,2575.001547524278,2599.294134128826,2540.99221095527,2545.8505859375,23032,0.0,0.0
2019-04-03 00:00:00+09:00,2545.850238971834,2584.7183010725694,2531.27476016489,2570.142822265625,34770,0.0,0.0
2019-04-04 00:00:00+09:00,2555.567026041509,2604.1518307479078,2545.849922761587,2599.29345703125,39693,0.0,0.0
2019-04-05 00:00:00+09:00,2623.5858593844496,2623.5858593844496,2575.0008767547474,2599.29345703125,23380,0.0,0.0
2019-04-08 00:00:00+09:00,2604.1518307479078,2623.5858593844496,2579.8594283947086,2599.29345703125,41818,0.0,0.0
2019-04-09 00:00:00+09:00,2599.2936866326263,2647.878495630629,2579.8596562794337,2618.7275390625,116805,0.0,0.0
2019-04-10 00:00:00+09:00,2618.7275390625,2628.4446432007553,2594.4351345634987,2618.7275390625,60354,0.0,0.0
2019-04-11 00:00:00+09:00,2618.727962649349,2633.3034432910404,2584.718626434302,2628.445068359375,43648,0.0,0.0
2019-04-12 00:00:00+09:00,2633.3035148036515,2652.737548828125,2613.86965870253,2652.737548828125,51648,0.0,0.0
2019-04-15 00:00:00+09:00,2662.454483243001,2701.3225513848583,2638.1620740968547,2686.7470703125,98767,0.0,0.0
2019-04-16 00:00:00+09:00,2706.1803433650375,2735.3312992286583,2657.5955355412125,2681.887939453125,97819,0.0,0.0
2019-04-17 00:00:00+09:00,2701.3225513848583,2701.3225513848583,2667.3130362415714,2686.7470703125,48012,0.0,0.0
2019-04-18 00:00:00+09:00,2672.1714188997944,2686.746899043024,2609.010945638021,2623.58642578125,87036,0.0,0.0
2019-04-19 00:00:00+09:00,2594.4352589502323,2667.3126538645647,2594.4352589502323,2662.4541015625,40053,0.0,0.0
2019-04-22 00:00:00+09:00,2662.454404574422,2681.8884380711256,2613.869587717684,2628.445068359375,66201,0.0,0.0
2019-04-23 00:00:00+09:00,2652.737099663329,2652.737099663329,2604.1521117902926,2638.16162109375,26913,0.0,0.0
2019-04-24 00:00:00+09:00,2628.444978470107,2647.8788333788516,2604.152392949164,2623.58642578125,31609,0.0,0.0
2019-04-25 00:00:00+09:00,2628.444928811993,2633.3033034857212,2589.576863882139,2604.15234375,28239,0.0,0.0
2019-04-26 00:00:00+09:00,2604.152310335924,2604.152310335924,2565.284423828125,2565.284423828125,49689,0.0,0.0
2019-04-29 00:00:00+09:00,2565.2844732692524,2594.4354331927666,2565.2844732692524,2584.718505859375,20176,0.0,0.0
2019-04-30 00:00:00+09:00,2560.425920640887,2589.576880564401,2550.7089933074953,2584.718505859375,30771,0.0,0.0
2019-05-02 00:00:00+09:00,2584.718456043692,2589.576830655082,2550.708944147283,2565.284423828125,38395,0.0,0.0
2019-05-03 00:00:00+09:00,2565.2844732692524,2589.576880564401,2565.2844732692524,2584.718505859375,37635,0.0,0.0
2019-05-07 00:00:00+09:00,2560.4257177787786,2575.001196585723,2526.416385844792,2570.142822265625,38872,0.0,0.0
2019-05-08 00:00:00+09:00,2575.0015059486805,2575.0015059486805,2545.8505448325695,2560.426025390625,31059,0.0,0.0
2019-05-09 00:00:00+09:00,2560.4259438121476,2570.143049156816,2472.9730632501764,2502.1240234375,119805,0.0,0.0
2019-05-10 00:00:00+09:00,2526.4162855639,2526.4162855639,2429.24631209235,2477.831298828125,61801,0.0,0.0
2019-05-13 00:00:00+09:00,2443.8218873911446,2492.406876056751,2285.920985593743,2312.642578125,307962,0.0,0.0
2019-05-14 00:00:00+09:00,2302.9257656280615,2373.373975994082,2186.321929393729,2213.043701171875,305481,0.0,0.0
2019-05-15 00:00:00+09:00,2232.47754321793,2319.930419921875,2213.043689232609,2319.930419921875,127686,0.0,0.0
2019-05-16 00:00:00+09:00,2319.930611112546,2339.3646446228026,2295.6382026672363,2332.076904296875,47556,0.0,0.0
2019-05-17 00:00:00+09:00,2298.0673972465293,2368.5156132562943,2298.0673972465293,2366.08642578125,61084,0.0,0.0
2019-05-20 00:00:00+09:00,2366.0861428903686,2373.373882367522,2329.6474455045995,2349.081298828125,39310,0.0,0.0
2019-05-21 00:00:00+09:00,2332.07673395409,2419.5296114773682,2332.07673395409,2356.369140625,46951,0.0,0.0
2019-05-22 00:00:00+09:00,2392.8081228896804,2448.680860563498,2363.657160263924,2429.246826171875,67002,0.0,0.0
2019-05-23 00:00:00+09:00,2443.822021484375,2448.6805739945235,2409.8126876833408,2443.822021484375,31431,0.0,0.0
2019-05-24 00:00:00+09:00,2419.5296429241744,2438.9636752674887,2404.9541631475226,2426.8173828125,42882,0.0,0.0
2019-05-27 00:00:00+09:00,2438.9637040377966,2448.680631362407,2407.3833788669676,2409.812744140625,23878,0.0,0.0
2019-05-28 00:00:00+09:00,2412.2420347860107,2472.97314453125,2409.8128473316724,2472.97314453125,68995,0.0,0.0
2019-05-29 00:00:00+09:00,2468.1145819760272,2472.9729565153307,2419.529591119662,2438.963623046875,21403,0.0,0.0
2019-05-30 00:00:00+09:00,2438.9636632988763,2438.9636632988763,2407.3833386555452,2424.38818359375,23416,0.0,0.0
2019-05-31 00:00:00+09:00,2424.3880649771245,2487.548355326907,2407.383220870906,2468.114501953125,38988,0.0,0.0
2019-06-03 00:00:00+09:00,2468.1145657990837,2468.1145657990837,2438.963607060997,2458.3974609375,29892,0.0,0.0
2019-06-04 00:00:00+09:00,2458.397663958525,2477.831697363274,2443.8221833857997,2472.97314453125,29077,0.0,0.0
2019-06-05 00:00:00+09:00,2492.4067770565257,2497.2653291070988,2458.3972685491512,2477.831298828125,31786,0.0,0.0
2019-06-07 00:00:00+09:00,2492.406982421875,2497.2655348727753,2453.5390965846723,2492.406982421875,38041,0.0,0.0
2019-06-10 00:00:00+09:00,2492.407386030076,2540.992384636695,2458.3978692131063,2521.558349609375,83962,0.0,0.0
2019-06-11 00:00:00+09:00,2531.274951852935,2560.4259116743633,2521.5580245535716,2550.708984375,50542,0.0,0.0
2019-06-12 00:00:00+09:00,2555.5673434586806,2584.7183010725694,2545.850238971834,2570.142822265625,38473,0.0,0.0
2019-06-13 00:00:00+09:00,2575.0014822360054,2579.860035018398,2536.1335937469,2555.567626953125,44412,0.0,0.0
2019-06-14 00:00:00+09:00,2560.4257528576104,2613.8692944974873,2560.4257528576104,2609.0107421875,67354,0.0,0.0
2019-06-17 00:00:00+09:00,2618.727905819908,2633.303386145294,2570.143090017517,2575.00146484375,51037,0.0,0.0
2019-06-18 00:00:00+09:00,2575.0015059486805,2575.0015059486805,2545.8505448325695,2560.426025390625,38062,0.0,0.0
2019-06-19 00:00:00+09:00,2560.426032832901,2599.2940997162564,2550.709105073736,2594.435546875,59679,0.0,0.0
2019-06-20 00:00:00+09:00,2594.435546875,2599.2940997162564,2579.860066274579,2594.435546875,27289,0.0,0.0
2019-06-21 00:00:00+09:00,2594.435263180866,2623.586221194134,2584.718336484219,2609.0107421875,52803,0.0,0.0
2019-06-24 00:00:00+09:00,2599.29388929072,2643.0203275521153,2594.4353368427874,2633.30322265625,72510,0.0,0.0
2019-06-25 00:00:00+09:00,2638.161905924479,2647.8788333788516,2609.010945638021,2623.58642578125,59271,0.0,0.0
2019-06-26 00:00:00+09:00,2623.5860141822413,2647.87841796875,2613.8690882523006,2647.87841796875,82816,0.0,0.0
2019-06-27 00:00:00+09:00,2692.843007970136,2692.843007970136,2502.9951345958775,2602.9150390625,90486,100.0,0.0
2019-06-28 00:00:00+09:00,2597.9191549470484,2617.903026004902,2547.9591113845736,2592.923095703125,27469,0.0,0.0
2019-07-01 00:00:00+09:00,2592.922552017092,2592.922552017092,2522.9786520626553,2567.942626953125,51051,0.0,0.0
2019-07-02 00:00:00+09:00,2582.9310229452785,2587.926898964855,2507.991053062523,2537.967041015625,57327,0.0,0.0
2019-07-03 00:00:00+09:00,2552.954662525404,2552.954662525404,2495.500633011321,2502.99462890625,35490,0.0,0.0
2019-07-04 00:00:00+09:00,2512.9866523704586,2537.966761553358,2490.5046638811837,2532.970703125,12627,0.0,0.0
2019-07-05 00:00:00+09:00,2532.970782602788,2557.9507096105995,2502.9947970098556,2552.954833984375,11070,0.0,0.0
2019-07-08 00:00:00+09:00,2552.9549024819175,2567.942895680522,2458.0308845711224,2493.0029296875,44577,0.0,0.0
2019-07-09 00:00:00+09:00,2497.998805447767,2502.9948641669357,2470.520939889593,2493.0029296875,17703,0.0,0.0
2019-07-10 00:00:00+09:00,2463.026943290291,2522.9789160847085,2463.026943290291,2493.0029296875,20934,0.0,0.0
2019-07-11 00:00:00+09:00,2493.002705106987,2522.978688803829,2483.010588568783,2512.986572265625,20208,0.0,0.0
2019-07-12 00:00:00+09:00,2497.998634759111,2507.990751514685,2473.0187087879535,2490.504638671875,50907,0.0,0.0
2019-07-15 00:00:00+09:00,2522.9789467141723,2527.9748225350904,2468.022849012844,2475.516845703125,36895,0.0,0.0
2019-07-16 00:00:00+09:00,2475.5168369089943,2488.0068923347267,2440.5449744511884,2465.52490234375,39067,0.0,0.0
2019-07-17 00:00:00+09:00,2448.038962347555,2458.0308968770146,2425.5569724370944,2455.532958984375,25668,0.0,0.0
2019-07-18 00:00:00+09:00,2453.0347913135247,2490.504773782463,2440.544919129811,2488.0068359375,20919,0.0,0.0
2019-07-19 00:00:00+09:00,2497.998580417204,2522.978688803829,2473.018654989464,2512.986572265625,16146,0.0,0.0
2019-07-22 00:00:00+09:00,2497.9988491835925,2507.990966796875,2485.508976605346,2507.990966796875,15916,0.0,0.0
2019-07-23 00:00:00+09:00,2507.9906871558305,2507.9906871558305,2475.5165829718826,2502.99462890625,13071,0.0,0.0
2019-07-24 00:00:00+09:00,2478.014892578125,2497.9987611828797,2478.014892578125,2478.014892578125,11658,0.0,0.0
2019-07-25 00:00:00+09:00,2478.0149577694824,2490.504830236312,2423.0588602633825,2465.52490234375,51396,0.0,0.0
2019-07-26 00:00:00+09:00,2428.0548639871986,2488.0068359375,2423.058805338374,2488.0068359375,36220,0.0,0.0
2019-07-29 00:00:00+09:00,2488.0068121969266,2490.5047500180544,2415.5647857952554,2445.540771484375,38089,0.0,0.0
2019-07-30 00:00:00+09:00,2445.540499647231,2473.0185444608665,2445.540499647231,2463.026611328125,14451,0.0,0.0
2019-07-31 00:00:00+09:00,2463.026864667643,2473.018798828125,2330.632867986506,2473.018798828125,60717,0.0,0.0
2019-08-01 00:00:00+09:00,2473.0185444608665,2473.0185444608665,2445.540499647231,2463.026611328125,8917,0.0,0.0
2019-08-02 00:00:00+09:00,2448.0389749832534,2460.5288474698195,2405.5729328357806,2418.06298828125,19576,0.0,0.0
2019-08-05 00:00:00+09:00,2403.0749813037837,2423.0588503525337,2335.6290116067235,2385.5888671875,38317,0.0,0.0
2019-08-06 00:00:00+09:00,2340.624913123393,2418.063001155121,2223.219086554741,2380.593017578125,67561,0.0,0.0
2019-08-07 00:00:00+09:00,2380.592837771717,2423.058693978926,2348.118732485156,2368.102783203125,39745,0.0,0.0
2019-08-08 00:00:00+09:00,2378.095097934017,2423.05908203125,2373.099221673604,2423.05908203125,23370,0.0,0.0
2019-08-09 00:00:00+09:00,2423.0590393569883,2423.0590393569883,2393.0830504867617,2408.071044921875,14985,0.0,0.0
2019-08-12 00:00:00+09:00,2423.058872852594,2428.054931640625,2388.087010213089,2428.054931640625,13836,0.0,0.0
2019-08-13 00:00:00+09:00,2425.557203120376,2468.023066128483,2403.0752110717594,2423.05908203125,7323,0.0,0.0
2019-08-14 00:00:00+09:00,2423.05908203125,2433.051200469915,2408.0710873321723,2423.05908203125,24148,0.0,0.0
2019-08-16 00:00:00+09:00,2423.058719396971,2423.058719396971,2398.078792956637,2410.56884765625,11908,0.0,0.0
2019-08-19 00:00:00+09:00,2413.0669598996346,2415.5648978366244,2398.0789663598853,2400.576904296875,22999,0.0,0.0
2019-08-20 00:00:00+09:00,2400.5770477043184,2425.557160402118,2398.079109618105,2408.071044921875,11142,0.0,0.0
2019-08-21 00:00:00+09:00,2420.56107797476,2440.545131348885,2408.071021746067,2435.549072265625,17080,0.0,0.0
2019-08-22 00:00:00+09:00,2463.0270126317464,2463.0270126317464,2405.572976099962,2433.051025390625,30207,0.0,0.0
2019-08-23 00:00:00+09:00,2435.5490640802745,2435.5490640802745,2400.577016532817,2425.55712890625,21073,0.0,0.0
2019-08-26 00:00:00+09:00,2423.0590393569883,2423.0590393569883,2393.0830504867617,2408.071044921875,25648,0.0,0.0
2019-08-27 00:00:00+09:00,2415.564788104277,2415.564788104277,2378.09480595706,2398.078857421875,20970,0.0,0.0
2019-08-28 00:00:00+09:00,2405.5727891846263,2418.0628438842396,2395.580855200271,2410.56884765625,6607,0.0,0.0
2019-08-29 00:00:00+09:00,2438.046822101174,2438.046822101174,2390.584904830648,2413.06689453125,8029,0.0,0.0
2019-08-30 00:00:00+09:00,2423.058872852594,2433.050990428656,2415.5648761499997,2428.054931640625,14655,0.0,0.0
2019-09-02 00:00:00+09:00,2428.055075120192,2443.043069411058,2415.5650188914997,2435.549072265625,13749,0.0,0.0
2019-09-03 00:00:00+09:00,2440.5449429293967,2443.042880798719,2410.5689566619276,2413.06689453125,26158,0.0,0.0
2019-09-04 00:00:00+09:00,2425.556829771255,2448.038818359375,2420.560771320931,2448.038818359375,25960,0.0,0.0
2019-09-05 00:00:00+09:00,2448.0387925300292,2463.0267847639707,2448.0387925300292,2453.03466796875,20466,0.0,0.0
2019-09-06 00:00:00+09:00,2453.034747548266,2483.010732988607,2450.5368097478695,2473.018798828125,31171,0.0,0.0
2019-09-09 00:00:00+09:00,2473.0188339474876,2488.0068268805026,2465.52483748098,2478.014892578125,24121,0.0,0.0
2019-09-10 00:00:00+09:00,2480.512641221463,2512.986562446527,2480.512641221463,2502.99462890625,34266,0.0,0.0
2019-09-11 00:00:00+09:00,2512.9866172582333,2527.974609375,2502.9946835000183,2527.974609375,33580,0.0,0.0
2019-09-16 00:00:00+09:00,2537.966761553358,2542.9626370228257,2502.9947184726334,2532.970703125,54547,0.0,0.0
2019-09-17 00:00:00+09:00,2522.9787339753366,2532.9706677335516,2497.998625141467,2527.974609375,39784,0.0,0.0
2019-09-18 00:00:00+09:00,2527.9745997357404,2532.9706580752418,2502.9946739560082,2517.982666015625,24519,0.0,0.0
2019-09-19 00:00:00+09:00,2512.9866076761236,2532.9706580752418,2507.9907322955096,2517.982666015625,20272,0.0,0.0
2019-09-20 00:00:00+09:00,2522.979047039074,2557.9509110117524,2517.9829880605866,2537.967041015625,41734,0.0,0.0
2019-09-23 00:00:00+09:00,2537.967041015625,2537.967041015625,2512.9869290820993,2537.967041015625,32421,0.0,0.0
2019-09-24 00:00:00+09:00,2537.967100057505,2582.9310830331756,2527.974981868079,2572.93896484375,54913,0.0,0.0
2019-09-25 00:00:00+09:00,2572.93896484375,2587.9269591689736,2557.9509705185264,2572.93896484375,103579,0.0,0.0
2019-09-26 00:00:00+09:00,2577.934823359423,2597.918875224478,2557.950771494367,2587.9267578125,29413,0.0,0.0
2019-09-27 00:00:00+09:00,2587.9266688817975,2587.9266688817975,2557.95068359375,2557.95068359375,14679,0.0,0.0
2019-09-30 00:00:00+09:00,2572.9390416863507,2612.907149719899,2532.971116611723,2592.923095703125,27064,0.0,0.0
2019-10-01 00:00:00+09:00,2587.9268707605925,2622.8989173110426,2577.934935871425,2612.906982421875,31660,0.0,0.0
2019-10-02 00:00:00+09:00,2607.9108096775553,2607.9108096775553,2557.950771494367,2587.9267578125,22860,0.0,0.0
2019-10-04 00:00:00+09:00,2587.9267840007683,2592.922842757315,2552.9549215816533,2582.930908203125,9015,0.0,0.0
2019-10-07 00:00:00+09:00,2587.9270442445604,2657.871142034225,2537.96718349071,2602.9150390625,65635,0.0,0.0
2019-10-08 00:00:00+09:00,2662.8670103234535,2667.863069567377,2577.9351009302745,2592.923095703125,60792,0.0,0.0
2019-10-10 00:00:00+09:00,2617.903026004902,2617.903026004902,2572.9390416863507,2592.923095703125,13801,0.0,0.0
2019-10-11 00:00:00+09:00,2597.9191549470484,2612.907149719899,2572.9390416863507,2592.923095703125,20125,0.0,0.0
2019-10-14 00:00:00+09:00,2592.923103503514,2612.907157580407,2582.931167944528,2602.9150390625,37104,0.0,0.0
2019-10-15 00:00:00+09:00,2612.906693326792,2622.89862711044,2552.9547247071246,2597.918701171875,40416,0.0,0.0
2019-10-16 00:00:00+09:00,2597.9191627624673,2607.911098321453,2577.9351086855745,2602.9150390625,20865,0.0,0.0
2019-10-17 00:00:00+09:00,2602.9150390625,2617.903033880439,2582.931167944528,2602.9150390625,20340,0.0,0.0
2019-10-18 00:00:00+09:00,2602.9150390625,2617.903033880439,2582.931167944528,2602.9150390625,28273,0.0,0.0
2019-10-21 00:00:00+09:00,2607.911098321453,2607.911098321453,2582.931167944528,2602.9150390625,14631,0.0,0.0
2019-10-22 00:00:00+09:00,2602.914829814554,2607.910888671875,2582.930960303083,2607.910888671875,23473,0.0,0.0
2019-10-23 00:00:00+09:00,2607.911098321453,2627.8951523983465,2572.9390494266213,2602.9150390625,44863,0.0,0.0
2019-10-24 00:00:00+09:00,2602.914576584255,2607.910634955523,2547.958666335856,2597.918701171875,33894,0.0,0.0
2019-10-25 00:00:00+09:00,2597.9188123737736,2602.914687999998,2552.954833984375,2552.954833984375,42760,0.0,0.0
2019-10-28 00:00:00+09:00,2592.9230182636866,2592.9230182636866,2527.974981868079,2572.93896484375,30973,0.0,0.0
2019-10-29 00:00:00+09:00,2607.9105436472487,2612.9066018435947,2562.9465687567786,2567.942626953125,27721,0.0,0.0
2019-10-30 00:00:00+09:00,2597.9186202159453,2597.9186202159453,2552.954645152355,2577.9345703125,17145,0.0,0.0
2019-10-31 00:00:00+09:00,2562.946742128056,2592.9227274161035,2547.9587494840325,2557.95068359375,24409,0.0,0.0
2019-11-01 00:00:00+09:00,2557.9505105604326,2572.938502190589,2537.966643692812,2567.942626953125,22249,0.0,0.0
2019-11-04 00:00:00+09:00,2552.954645152355,2587.9265037847813,2552.954645152355,2577.9345703125,25477,0.0,0.0
2019-11-05 00:00:00+09:00,2577.9345703125,2577.9345703125,2557.950520409054,2577.9345703125,19675,0.0,0.0
2019-11-06 00:00:00+09:00,2577.934770193713,2582.930828796667,2547.9587844937864,2562.94677734375,44269,0.0,0.0
2019-11-07 00:00:00+09:00,2572.93871159076,2572.93871159076,2547.9587844937864,2562.94677734375,42088,0.0,0.0
2019-11-08 00:00:00+09:00,2562.9465687567786,2572.938502190589,2547.958577126622,2567.942626953125,79531,0.0,0.0
2019-11-11 00:00:00+09:00,2572.93896484375,2577.935023938463,2557.9509705185264,2572.93896484375,31773,0.0,0.0
2019-11-12 00:00:00+09:00,2577.934560386935,2577.934560386935,2557.9505105604326,2567.942626953125,50257,0.0,0.0
2019-11-13 00:00:00+09:00,2567.9426368402187,2577.9345703125,2557.950520409054,2577.9345703125,36162,0.0,0.0
2019-11-14 00:00:00+09:00,2582.930771906442,2637.886683492913,2582.930771906442,2632.890625,91191,0.0,0.0
2019-11-15 00:00:00+09:00,2627.894775390625,2642.8827680583304,2612.9067827229196,2627.894775390625,38626,0.0,0.0
2019-11-18 00:00:00+09:00,2637.886753873788,2652.874746793526,2622.898760954051,2642.8828125,54223,0.0,0.0
2019-11-19 00:00:00+09:00,2632.890704245133,2707.8306690999175,2632.890704245133,2652.874755859375,75199,0.0,0.0
2019-11-20 00:00:00+09:00,2667.863029127467,2682.851023673127,2627.89510465868,2657.87109375,53539,0.0,0.0
2019-11-21 00:00:00+09:00,2662.866892083209,2682.850945212624,2622.898968783292,2637.886962890625,29986,0.0,0.0
2019-11-22 00:00:00+09:00,2632.890903868543,2647.878897975876,2567.9430513760412,2637.886962890625,27415,0.0,0.0
2019-11-25 00:00:00+09:00,2632.890980867955,2662.8669699592747,2632.890980867955,2657.87109375,27169,0.0,0.0
2019-11-26 00:00:00+09:00,2652.87472068642,2662.8666548816145,2627.894793718986,2647.878662109375,43726,0.0,0.0
2019-11-27 00:00:00+09:00,2672.8587533937407,2672.8587533937407,2607.9107241807196,2627.894775390625,55945,0.0,0.0
2019-11-28 00:00:00+09:00,2627.894861542611,2642.8828547016774,2587.9267578125,2587.9267578125,44136,0.0,0.0
2019-11-29 00:00:00+09:00,2587.9270442445604,2617.903033880439,2582.931167944528,2602.9150390625,27454,0.0,0.0
2019-12-02 00:00:00+09:00,2602.914576584255,2622.89862711044,2582.930709016958,2597.918701171875,21133,0.0,0.0
2019-12-03 00:00:00+09:00,2567.9431654013474,2602.9150312320517,2562.947106157424,2592.923095703125,11803,0.0,0.0
2019-12-04 00:00:00+09:00,2592.922842757315,2607.9108360680507,2562.946856135843,2582.930908203125,27151,0.0,0.0
2019-12-05 00:00:00+09:00,2582.9309687917885,2627.894949778731,2557.950857381993,2617.90283203125,42201,0.0,0.0
2019-12-06 00:00:00+09:00,2587.9266729708143,2627.894775390625,2587.9266729708143,2627.894775390625,12847,0.0,0.0
2019-12-09 00:00:00+09:00,2642.8829434410454,2642.8829434410454,2597.9189624541027,2617.90283203125,22989,0.0,0.0
2019-12-10 00:00:00+09:00,2617.9028234276107,2637.886875897989,2602.914829814554,2607.910888671875,12510,0.0,0.0
2019-12-11 00:00:00+09:00,2607.9109234978364,2627.894976235081,2592.9229296846306,2612.906982421875,18177,0.0,0.0
2019-12-12 00:00:00+09:00,2612.906990859815,2627.894984721422,2592.922938058036,2622.89892578125,25054,0.0,0.0
2019-12-13 00:00:00+09:00,2662.8666363093407,2662.8666363093407,2612.9067827229196,2627.894775390625,57508,0.0,0.0
2019-12-16 00:00:00+09:00,2637.8867095161304,2637.8867095161304,2607.9107241807196,2627.894775390625,51930,0.0,0.0
2019-12-17 00:00:00+09:00,2627.894775390625,2637.8867095161304,2602.9146656385196,2627.894775390625,67476,0.0,0.0
2019-12-18 00:00:00+09:00,2637.886962890625,2657.87101602004,2627.8950278053735,2637.886962890625,68943,0.0,0.0
2019-12-19 00:00:00+09:00,2637.8867279141805,2652.87472068642,2637.8867279141805,2647.878662109375,61581,0.0,0.0
2019-12-20 00:00:00+09:00,2647.878749791023,2682.8507950706094,2642.882874007441,2677.854736328125,88656,0.0,0.0
2019-12-23 00:00:00+09:00,2682.8507861876756,2682.8507861876756,2642.8828652568413,2667.86279296875,85833,0.0,0.0
2019-12-24 00:00:00+09:00,2667.8626732030466,2717.8227093429596,2667.8626732030466,2702.834716796875,176250,0.0,0.0
2019-12-26 00:00:00+09:00,2712.826947222699,2727.81494140625,2692.8428939916603,2727.81494140625,244536,0.0,0.0
2019-12-27 00:00:00+09:00,2769.700998422787,2790.643788816716,2738.28662109375,2738.28662109375,139821,166.66667,0.0
2019-12-30 00:00:00+09:00,2738.2862409433533,2753.9934274272764,2685.9288887509033,2717.34326171875,64584,0.0,0.0
2020-01-02 00:00:00+09:00,2722.5792522577567,2743.5220412657604,2685.929083886556,2712.107666015625,49464,0.0,0.0
2020-01-03 00:00:00+09:00,2717.343172295149,2727.814565693795,2685.928800361101,2701.635986328125,25984,0.0,0.0
2020-01-06 00:00:00+09:00,2670.221704242072,2691.1646834821663,2617.8643520108944,2628.3359375,83847,0.0,0.0
2020-01-07 00:00:00+09:00,2628.336020430972,2664.985995584895,2623.100227521216,2649.27880859375,46833,0.0,0.0
2020-01-08 00:00:00+09:00,2649.2787761411987,2659.7503618324376,2570.7428421475056,2578.596435546875,101448,0.0,0.0
2020-01-09 00:00:00+09:00,2581.21433166626,2654.514470083271,2581.21433166626,2623.10009765625,48945,0.0,0.0
2020-01-10 00:00:00+09:00,2649.2787559227545,2649.2787559227545,2591.6858020129507,2615.24658203125,39850,0.0,0.0
2020-01-13 00:00:00+09:00,2633.5714437428514,2633.5714437428514,2596.921471064105,2617.8642578125,19354,0.0,0.0
2020-01-14 00:00:00+09:00,2633.5714488987715,2638.8072414651756,2612.628662109375,2612.628662109375,33351,0.0,0.0
2020-01-15 00:00:00+09:00,2638.8074194785277,2649.2788135796236,2534.0929032531985,2560.271484375,104751,0.0,0.0
2020-01-16 00:00:00+09:00,2591.6859473251716,2591.6859473251716,2565.5073653053037,2575.978759765625,64452,0.0,0.0
2020-01-17 00:00:00+09:00,2583.832197709517,2602.1571848443964,2575.978604403409,2591.685791015625,63417,0.0,0.0
2020-01-20 00:00:00+09:00,2602.1571187921986,2644.043076520302,2596.9215178797704,2623.10009765625,49146,0.0,0.0
2020-01-21 00:00:00+09:00,2644.0431009021627,2644.0431009021627,2570.7427700711046,2581.21435546875,72082,0.0,0.0
2020-01-22 00:00:00+09:00,2581.2145215498804,2602.1573102164475,2575.978728514175,2589.068115234375,61093,0.0,0.0
2020-01-23 00:00:00+09:00,2607.392930186479,2607.392930186479,2575.97855753363,2586.449951171875,21724,0.0,0.0
2020-01-28 00:00:00+09:00,2544.564276123047,2570.7428570264206,2492.2069225781784,2513.14990234375,109105,0.0,0.0
2020-01-29 00:00:00+09:00,2539.3285939736647,2544.564387077893,2484.353437462723,2492.20703125,51204,0.0,0.0
2020-01-30 00:00:00+09:00,2510.531922719071,2510.531922719071,2471.263958295614,2481.7353515625,38164,0.0,0.0
2020-01-31 00:00:00+09:00,2513.150017651367,2513.150017651367,2455.557060326233,2486.971435546875,65508,0.0,0.0
2020-02-03 00:00:00+09:00,2463.4104306557433,2484.353217744197,2411.0530794583838,2450.321044921875,60939,0.0,0.0
2020-02-04 00:00:00+09:00,2460.7924969705377,2484.3532768087816,2439.849709384177,2479.11767578125,54846,0.0,0.0
2020-02-05 00:00:00+09:00,2486.971410245564,2505.2963983584655,2437.2318554934886,2445.08544921875,74571,0.0,0.0
2020-02-06 00:00:00+09:00,2442.4676174371007,2479.1177849340743,2437.2318244409257,2458.1748046875,112626,0.0,0.0
2020-02-07 00:00:00+09:00,2473.8817586778086,2492.206744829386,2458.174572908426,2481.7353515625,64737,0.0,0.0
2020-02-10 00:00:00+09:00,2481.7356056524295,2518.3857734460817,2468.646218925098,2505.29638671875,52906,0.0,0.0
2020-02-11 00:00:00+09:00,2505.2962619801247,2515.7676557977434,2489.589075384638,2507.9140625,34143,0.0,0.0
2020-02-12 00:00:00+09:00,2494.8249714655067,2544.5643338313953,2494.8249714655067,2541.946533203125,53301,0.0,0.0
2020-02-13 00:00:00+09:00,2586.4501542259463,2712.107654702318,2534.092990186211,2575.978759765625,246711,0.0,0.0
2020-02-14 00:00:00+09:00,2591.6857553051186,2644.0431072037854,2575.97856890933,2610.0107421875,93424,0.0,0.0
2020-02-17 00:00:00+09:00,2617.8641512720715,2649.2785218542886,2602.156965980963,2638.80712890625,53574,0.0,0.0
2020-02-18 00:00:00+09:00,2638.8072414651756,2654.5144274262775,2604.775069128824,2612.628662109375,40572,0.0,0.0
2020-02-19 00:00:00+09:00,2607.392869542971,2628.3358480704774,2581.2142901871707,2612.628662109375,29250,0.0,0.0
2020-02-20 00:00:00+09:00,2591.6856591875185,2617.864238296912,2552.417694654374,2565.507080078125,72187,0.0,0.0
2020-02-21 00:00:00+09:00,2534.0928038854463,2557.6535834926312,2518.385617480657,2521.00341796875,44389,0.0,0.0
2020-02-24 00:00:00+09:00,2505.296404130891,2513.1499978742477,2439.849853515625,2439.849853515625,84126,0.0,0.0
2020-02-25 00:00:00+09:00,2460.7924082331483,2489.5889797986224,2411.0530498365206,2463.410400390625,38242,0.0,0.0
2020-02-26 00:00:00+09:00,2460.7924031138778,2486.9711742055247,2431.99602334642,2468.64599609375,33309,0.0,0.0
2020-02-27 00:00:00+09:00,2466.0282731992884,2479.117659156576,2439.8496930228293,2460.79248046875,38073,0.0,0.0
2020-02-28 00:00:00+09:00,2382.2567667886565,2445.0855183675935,2382.2567667886565,2413.671142578125,52188,0.0,0.0
2020-03-02 00:00:00+09:00,2377.021017373573,2434.6139721570544,2371.7852244884853,2424.142578125,34918,0.0,0.0
2020-03-03 00:00:00+09:00,2424.1423937430177,2452.9387730754243,2392.728022298132,2397.963623046875,27456,0.0,0.0
2020-03-04 00:00:00+09:00,2377.0210120470556,2434.6139667014804,2377.0210120470556,2429.378173828125,39673,0.0,0.0
2020-03-05 00:00:00+09:00,2429.378230815726,2463.410597683675,2429.378230815726,2458.1748046875,27333,0.0,0.0
2020-03-06 00:00:00+09:00,2450.3212479273916,2460.792642339158,2424.142666028911,2439.849853515625,21051,0.0,0.0
2020-03-09 00:00:00+09:00,2439.849853515625,2439.849853515625,2439.849853515625,2439.849853515625,0,0.0,0.0
2020-03-10 00:00:00+09:00,2311.5741064479266,2447.703177488227,2308.956306068035,2392.72802734375,61614,0.0,0.0
2020-03-11 00:00:00+09:00,2377.021217028876,2413.671195088502,2308.9566707582117,2335.13525390625,43252,0.0,0.0
2020-03-12 00:00:00+09:00,2335.13525390625,2335.13525390625,2335.13525390625,2335.13525390625,0,0.0,0.0
2020-03-13 00:00:00+09:00,2164.9741763942843,2201.6241544633476,2052.4058661786444,2115.234619140625,153768,0.0,0.0
2020-03-16 00:00:00+09:00,2172.8276376076883,2172.8276376076883,2068.112927917453,2089.055908203125,71326,0.0,0.0
2020-03-17 00:00:00+09:00,2015.755764810461,2112.6166891227094,2015.755764810461,2089.055908203125,34066,0.0,0.0
2020-03-18 00:00:00+09:00,2094.291655949294,2144.031017347456,1997.4305419921875,1997.4305419921875,64903,0.0,0.0
2020-03-19 00:00:00+09:00,1966.0163035275584,2034.080848869627,1777.530047261647,1824.651611328125,121119,0.0,0.0
2020-03-20 00:00:00+09:00,1785.3835510865683,1979.1055908203125,1785.3835510865683,1979.1055908203125,54895,0.0,0.0
2020-03-23 00:00:00+09:00,1879.6265637946972,1879.6265637946972,1795.8550313323115,1832.5050048828125,44242,0.0,0.0
2020-03-24 00:00:00+09:00,1827.2696127045117,1908.4233539673667,1827.2696127045117,1848.21240234375,85810,0.0,0.0
2020-03-25 00:00:00+09:00,1882.2448317556248,1929.3663975708855,1842.9768602429076,1903.1876220703125,175587,0.0,0.0
2020-03-26 00:00:00+09:00,1916.2768140092178,1958.1625820967117,1897.951826421837,1905.805419921875,182554,0.0,0.0
2020-03-27 00:00:00+09:00,1937.2196216617117,1997.4303719825612,1882.2444720499154,1900.5694580078125,239490,0.0,0.0
2020-03-30 00:00:00+09:00,1882.244611785391,1966.0161467303894,1824.65146580532,1950.3089599609375,106677,0.0,0.0
2020-03-31 00:00:00+09:00,1994.8128723717841,2023.6094475654531,1976.487883651159,2020.991455078125,70837,0.0,0.0
2020-04-01 00:00:00+09:00,2020.9912913475068,2078.584437068936,2002.6663041114807,2010.5198974609375,77994,0.0,0.0
2020-04-02 00:00:00+09:00,1992.1949236138087,2031.462890625,1984.3413302115705,2031.462890625,31410,0.0,0.0
2020-04-03 00:00:00+09:00,2039.3164840272382,2057.6414713864206,2010.5199109729913,2031.462890625,43728,0.0,0.0
2020-04-06 00:00:00+09:00,2052.40593496614,2096.9097003851566,2026.2273509339714,2083.8203125,60559,0.0,0.0
2020-04-07 00:00:00+09:00,2102.145120985945,2146.6486867723006,2083.819942849813,2141.4130859375,110314,0.0,0.0
2020-04-08 00:00:00+09:00,2141.4133336599257,2188.534897052896,2120.4703526836724,2170.209716796875,54337,0.0,0.0
2020-04-09 00:00:00+09:00,2183.298870173674,2212.0954419663667,2172.827476675473,2193.770263671875,58905,0.0,0.0
2020-04-10 00:00:00+09:00,2214.7134794696135,2214.7134794696135,2151.884728278986,2170.209716796875,59358,0.0,0.0
2020-04-13 00:00:00+09:00,2178.0633781773904,2178.0633781773904,2091.6738426137204,2109.9990234375,86316,0.0,0.0
2020-04-14 00:00:00+09:00,2133.559487846804,2146.648681640625,2091.6735308398693,2146.648681640625,63822,0.0,0.0
2020-04-16 00:00:00+09:00,2068.1127519252595,2149.266673789877,2068.1127519252595,2146.648681640625,57697,0.0,0.0
2020-04-17 00:00:00+09:00,2146.648642045728,2243.5097480668173,2146.648642045728,2225.1845703125,114183,0.0,0.0
2020-04-20 00:00:00+09:00,2225.184617581208,2256.5989895552398,2212.0954237507685,2230.42041015625,79617,0.0,0.0
2020-04-21 00:00:00+09:00,2225.184889397294,2225.184889397294,2099.5273861515525,2188.534912109375,52447,0.0,0.0
2020-04-22 00:00:00+09:00,2128.323961224746,2225.184889397294,2128.323961224746,2188.534912109375,42379,0.0,0.0
2020-04-23 00:00:00+09:00,2222.5671010972383,2246.127883087668,2178.0633378692696,2240.89208984375,28609,0.0,0.0
2020-04-24 00:00:00+09:00,2240.891918042576,2240.891918042576,2164.9739763858593,2204.241943359375,46212,0.0,0.0
2020-04-27 00:00:00+09:00,2204.2420313336984,2219.94921875,2196.388437625548,2219.94921875,44526,0.0,0.0
2020-04-28 00:00:00+09:00,2219.9490167442764,2248.745396561732,2212.0954237507685,2230.42041015625,43294,0.0,0.0
2020-04-29 00:00:00+09:00,2243.5097480668173,2243.5097480668173,2201.6237918324687,2225.1845703125,58741,0.0,0.0
2020-05-04 00:00:00+09:00,2201.6240389388963,2222.5670194066747,2175.44545715777,2219.94921875,47010,0.0,0.0
2020-05-06 00:00:00+09:00,2204.2419487196007,2240.8919234919263,2204.2419487196007,2233.038330078125,21328,0.0,0.0
2020-05-07 00:00:00+09:00,2233.0382577880714,2240.8918509476284,2212.095470521328,2235.65625,44335,0.0,0.0
2020-05-08 00:00:00+09:00,2272.3063551772802,2272.3063551772802,2235.6563794689873,2261.8349609375,45600,0.0,0.0
2020-05-11 00:00:00+09:00,2267.0709113595367,2282.7780996790298,2230.420741368007,2246.1279296875,60468,0.0,0.0
2020-05-12 00:00:00+09:00,2267.070696030011,2267.070696030011,2206.859749278161,2233.038330078125,32035,0.0,0.0
2020-05-13 00:00:00+09:00,2233.0382105747162,2233.0382105747162,2204.2418307572602,2230.42041015625,25827,0.0,0.0
2020-05-14 00:00:00+09:00,2233.0383877380123,2233.0383877380123,2170.2096388052837,2178.063232421875,58161,0.0,0.0
2020-05-15 00:00:00+09:00,2136.177126384648,2167.5914958903045,2128.3235340082338,2133.559326171875,79542,0.0,0.0
2020-05-18 00:00:00+09:00,2136.177288257946,2162.3558675836985,2115.234309754479,2146.648681640625,43716,0.0,0.0
2020-05-19 00:00:00+09:00,2157.1205214575825,2183.2991038743,2157.1205214575825,2170.209716796875,43648,0.0,0.0
2020-05-20 00:00:00+09:00,2178.063288697017,2227.802844045977,2149.2669058509146,2206.85986328125,37885,0.0,0.0
2020-05-21 00:00:00+09:00,2201.623992423174,2233.038366592057,2199.0061918218084,2214.71337890625,54865,0.0,0.0
2020-05-22 00:00:00+09:00,2214.713289969308,2219.9490826999076,2157.1203368851757,2199.006103515625,35710,0.0,0.0
2020-05-25 00:00:00+09:00,2214.713289969308,2225.1846836923914,2167.591730608259,2199.006103515625,49425,0.0,0.0
2020-05-26 00:00:00+09:00,2199.006073207341,2214.7132594445366,2191.1524800887437,2212.095458984375,56847,0.0,0.0
2020-05-27 00:00:00+09:00,2209.477461587381,2233.0382408877376,2204.241860679377,2217.3310546875,37476,0.0,0.0
2020-05-28 00:00:00+09:00,2214.7132709951425,2251.3634363191145,2175.4453051973564,2235.65625,123939,0.0,0.0
2020-05-29 00:00:00+09:00,2235.65625,2240.8918509476284,2204.241877361771,2235.65625,58804,0.0,0.0
2020-06-01 00:00:00+09:00,2246.127596143266,2246.127596143266,2222.566817162742,2230.42041015625,32892,0.0,0.0
2020-06-02 00:00:00+09:00,2230.4205864800347,2277.542148166233,2227.802785854621,2261.8349609375,95058,0.0,0.0
2020-06-03 00:00:00+09:00,2274.9243945579306,2277.542195237448,2238.2742263540435,2267.07080078125,80683,0.0,0.0
2020-06-04 00:00:00+09:00,2267.0708792046053,2290.6316613496715,2248.745698599686,2259.21728515625,28183,0.0,0.0
2020-06-05 00:00:00+09:00,2259.217207004569,2274.9243945579306,2251.363613227888,2267.07080078125,20872,0.0,0.0
2020-06-08 00:00:00+09:00,2290.63142527019,2314.1922049870095,2269.6884460536444,2282.77783203125,58357,0.0,0.0
2020-06-09 00:00:00+09:00,2301.1028919901382,2301.1028919901382,2259.217123966734,2280.159912109375,48787,0.0,0.0
2020-06-10 00:00:00+09:00,2280.159912109375,2285.3957050140966,2264.4527251333334,2280.159912109375,35601,0.0,0.0
2020-06-11 00:00:00+09:00,2282.7779411551855,2282.7779411551855,2240.891980719815,2261.8349609375,66280,0.0,0.0
2020-06-12 00:00:00+09:00,2219.948879424215,2233.0380724449924,2146.648554860228,2209.477294921875,56331,0.0,0.0
2020-06-15 00:00:00+09:00,2219.949054590519,2227.802647717917,2068.11279296875,2068.11279296875,86011,0.0,0.0
2020-06-16 00:00:00+09:00,2083.8202593407154,2193.7705779043386,2083.8202593407154,2162.356201171875,23269,0.0,0.0
2020-06-17 00:00:00+09:00,2146.6486987150415,2193.770256919065,2133.559504817109,2164.973876953125,36811,0.0,0.0
2020-06-18 00:00:00+09:00,2164.9739656323623,2180.68115234375,2133.559592209586,2180.68115234375,34489,0.0,0.0
2020-06-19 00:00:00+09:00,2180.681261829376,2180.681261829376,2144.03109375,2159.73828125,32514,0.0,0.0
2020-06-22 00:00:00+09:00,2164.9741937250064,2172.8277879081224,2146.649012805643,2162.356201171875,46021,0.0,0.0
2020-06-23 00:00:00+09:00,2225.1844378248093,2225.1844378248093,2068.112590643338,2138.794921875,67186,0.0,0.0
2020-06-24 00:00:00+09:00,2144.030685090671,2170.2092620215712,2123.087708503095,2151.88427734375,58458,0.0,0.0
2020-06-25 00:00:00+09:00,2235.656027065259,2497.442375699699,2130.941334221007,2133.559326171875,1944919,0.0,0.0
2020-06-26 00:00:00+09:00,2133.559487846804,2162.3558675836985,2094.291522989121,2146.648681640625,168720,0.0,0.0
2020-06-29 00:00:00+09:00,2109.998830180438,2128.323817587674,2057.6414767821793,2060.25927734375,107592,0.0,0.0
2020-06-30 00:00:00+09:00,2047.1703015551138,2146.649034382386,2047.1703015551138,2096.90966796875,85207,0.0,0.0
2020-07-01 00:00:00+09:00,2073.3486949978374,2209.47758580721,2073.3486949978374,2130.941650390625,92469,0.0,0.0
2020-07-02 00:00:00+09:00,2146.648485262333,2170.2092620215712,2133.5592926659288,2151.88427734375,49600,0.0,0.0
2020-07-03 00:00:00+09:00,2149.2666015625,2167.5915873008935,2133.5594161472764,2149.2666015625,21276,0.0,0.0
2020-07-06 00:00:00+09:00,2151.884491317081,2178.0630708510575,2151.884491317081,2164.973876953125,33336,0.0,0.0
2020-07-07 00:00:00+09:00,2164.973864908433,2185.9166517238555,2141.4130859375,2141.4130859375,49314,0.0,0.0
2020-07-08 00:00:00+09:00,2178.0631801349123,2178.0631801349123,2125.7060184399506,2144.031005859375,19398,0.0,0.0
2020-07-09 00:00:00+09:00,2170.2092913112942,2170.2092913112942,2128.3235293089338,2138.794921875,29572,0.0,0.0
2020-07-10 00:00:00+09:00,2130.941334221007,2146.648518973835,2102.144956666218,2133.559326171875,51624,0.0,0.0
2020-07-13 00:00:00+09:00,2146.648837473942,2146.648837473942,2109.9988621049515,2130.941650390625,26808,0.0,0.0
2020-07-14 00:00:00+09:00,2136.17752172814,2138.7953224253906,2099.5273532759766,2123.088134765625,42759,0.0,0.0
2020-07-15 00:00:00+09:00,2109.999017552552,2146.648995621615,2104.7632242263408,2115.234619140625,79861,0.0,0.0
2020-07-16 00:00:00+09:00,2115.2343447204444,2141.413116217055,2112.6165442660285,2128.32373046875,56095,0.0,0.0
2020-07-17 00:00:00+09:00,2117.8523019037307,2170.2094605552347,2117.8523019037307,2146.648681640625,58261,0.0,0.0
2020-07-20 00:00:00+09:00,2146.6486867723006,2159.7380723355222,2120.4701073839674,2141.4130859375,61101,0.0,0.0
2020-07-21 00:00:00+09:00,2138.7952439322835,2146.648837473942,2125.7060491882685,2130.941650390625,32251,0.0,0.0
2020-07-22 00:00:00+09:00,2146.648775748269,2162.355962379935,2125.705988064794,2157.120361328125,77097,0.0,0.0
2020-07-23 00:00:00+09:00,2157.120224183842,2162.355824902785,2120.470060460708,2136.17724609375,31452,0.0,0.0
2020-07-24 00:00:00+09:00,2136.17724609375,2146.648639269743,2117.852260101236,2136.17724609375,27505,0.0,0.0
2020-07-27 00:00:00+09:00,2144.0307140270806,2146.6485142340734,2125.7057291019405,2138.794921875,16266,0.0,0.0
2020-07-28 00:00:00+09:00,2133.5592926659288,2151.88427734375,2133.5592926659288,2151.88427734375,46197,0.0,0.0
2020-07-29 00:00:00+09:00,2151.88427734375,2157.120069425167,2138.794893009254,2151.88427734375,31245,0.0,0.0
2020-07-30 00:00:00+09:00,2162.3559932788,2162.3559932788,2138.7952129946307,2144.031005859375,60291,0.0,0.0
2020-07-31 00:00:00+09:00,2162.355669768492,2172.8272539313257,2138.794893009254,2151.88427734375,77826,0.0,0.0
2020-08-03 00:00:00+09:00,2151.8846875,2178.063269420624,2146.6488944206235,2159.73828125,90745,0.0,0.0
2020-08-04 00:00:00+09:00,2178.063357417011,2178.063357417011,2162.3561692824214,2175.445556640625,65746,0.0,0.0
2020-08-05 00:00:00+09:00,2183.2989838088765,2193.770377852087,2154.502410517395,2167.591796875,58392,0.0,0.0
2020-08-06 00:00:00+09:00,2157.1204805793764,2185.916863170624,2154.5024881706236,2159.73828125,49618,0.0,0.0
2020-08-07 00:00:00+09:00,2178.0631801349123,2178.0631801349123,2141.413205296063,2144.031005859375,87994,0.0,0.0
2020-08-10 00:00:00+09:00,2144.030881229483,2154.5022746121617,2120.470102314873,2146.648681640625,65032,0.0,0.0
2020-08-11 00:00:00+09:00,2146.6486867723006,2170.2094657432335,2130.9415007916787,2141.4130859375,105630,0.0,0.0
2020-08-12 00:00:00+09:00,2141.4130859375,2146.6486867723006,2133.559492947189,2141.4130859375,86556,0.0,0.0
2020-08-13 00:00:00+09:00,2144.0308863549003,2159.7380723355222,2136.1772933645893,2141.4130859375,75699,0.0,0.0
2020-08-14 00:00:00+09:00,2141.412995866832,2141.412995866832,2104.7628328742317,2125.705810546875,205708,0.0,0.0
2020-08-18 00:00:00+09:00,2133.559701450382,2136.177502123608,2057.641564545534,2075.966552734375,154863,0.0,0.0
2020-08-19 00:00:00+09:00,2068.1127982050707,2086.437976707473,2036.69842561594,2062.877197265625,102211,0.0,0.0
2020-08-20 00:00:00+09:00,2068.1128283398984,2068.1128283398984,1939.8375356445313,1963.3983154296875,200907,0.0,0.0
2020-08-21 00:00:00+09:00,1952.9269300763208,2031.4628630319621,1952.9269300763208,1989.576904296875,57712,0.0,0.0
2020-08-24 00:00:00+09:00,1989.5769822752486,1989.5769822752486,1960.7806002216291,1981.723388671875,40809,0.0,0.0
2020-08-25 00:00:00+09:00,2005.2841046485933,2023.6092836227383,1973.869731250766,2010.5198974609375,50370,0.0,0.0
2020-08-26 00:00:00+09:00,2010.519933856821,2028.8449214245793,1981.72336047481,1992.1949462890625,74710,0.0,0.0
2020-08-27 00:00:00+09:00,1992.1949802195265,2015.7557610956912,1971.2519999724493,1976.48779296875,75679,0.0,0.0
2020-08-28 00:00:00+09:00,1989.576937832445,1989.576937832445,1958.1625641206797,1973.8697509765625,59088,0.0,0.0
2020-08-31 00:00:00+09:00,1989.576726321152,1989.576726321152,1931.9837778849774,1955.5445556640625,138360,0.0,0.0
2020-09-01 00:00:00+09:00,1986.959126335699,1986.959126335699,1942.4553665762112,1950.3089599609375,47992,0.0,0.0
2020-09-02 00:00:00+09:00,1966.0160385070449,1971.2518310546873,1950.3088526022266,1971.2518310546875,52548,0.0,0.0
2020-09-03 00:00:00+09:00,1986.9591064453125,1992.194899228757,1966.016127049652,1986.9591064453125,128148,0.0,0.0
2020-09-04 00:00:00+09:00,1955.544768944768,1986.9591427430776,1945.0733749247054,1968.6341552734375,83355,0.0,0.0
2020-09-07 00:00:00+09:00,1984.3411257512,1984.3411257512,1937.2195701930298,1955.5445556640625,157008,0.0,0.0
2020-09-08 00:00:00+09:00,1968.6341993433618,2015.7557610956912,1950.309019725372,1976.48779296875,171537,0.0,0.0
2020-09-09 00:00:00+09:00,1958.1626133507605,1979.1055935978375,1945.0734184671971,1976.48779296875,44605,0.0,0.0
2020-09-10 00:00:00+09:00,1976.487682356455,2013.1376560651013,1973.8696901357553,2000.0484619140625,100608,0.0,0.0
2020-09-11 00:00:00+09:00,2002.6662571414722,2005.2840576171875,1986.9590708109508,2005.2840576171875,40180,0.0,0.0
2020-09-14 00:00:00+09:00,2028.8449498012492,2070.7309101678575,1984.34138055165,2065.4951171875,163623,0.0,0.0
2020-09-15 00:00:00+09:00,2068.1129685730016,2107.3809375442497,2068.1129685730016,2099.52734375,142221,0.0,0.0
2020-09-16 00:00:00+09:00,2112.6167306531256,2115.234531338499,2081.2023554761277,2099.52734375,83539,0.0,0.0
2020-09-17 00:00:00+09:00,2125.7062832350553,2125.7062832350553,2070.7311223905117,2078.584716796875,73752,0.0,0.0
2020-09-18 00:00:00+09:00,2078.5843835601904,2081.202184029913,2034.080625146217,2062.877197265625,47409,0.0,0.0
2020-09-21 00:00:00+09:00,2062.8773785416256,2070.7309723790454,2007.9022216796877,2007.9022216796875,67476,0.0,0.0
2020-09-22 00:00:00+09:00,2005.2841722888252,2026.2271525065105,1968.6341965805327,1979.1055908203125,49507,0.0,0.0
2020-09-23 00:00:00+09:00,2031.462854277289,2031.462854277289,1945.0733283983827,1963.3983154296875,49873,0.0,0.0
2020-09-24 00:00:00+09:00,1963.3980863288577,2013.1374406031573,1921.5123243998735,1926.7479248046875,90015,0.0,0.0
2020-09-25 00:00:00+09:00,1926.7480367673945,1945.0732144633969,1887.4800727589686,1900.5694580078125,49786,0.0,0.0
2020-09-28 00:00:00+09:00,1900.5696147977264,1968.6341552734375,1900.5696147977264,1968.6341552734375,23032,0.0,0.0
2020-09-29 00:00:00+09:00,1971.2519504132888,1976.4877432779567,1947.6911701294648,1973.8697509765625,50895,0.0,0.0
2020-10-05 00:00:00+09:00,1976.4878073126506,2130.9416885741152,1976.4878073126506,2028.844970703125,111283,0.0,0.0
2020-10-06 00:00:00+09:00,2031.4629630893376,2031.4629630893376,1997.4305959735896,2028.844970703125,53568,0.0,0.0
2020-10-07 00:00:00+09:00,2018.3734222567914,2047.169994139437,2015.755621808592,2044.552001953125,33277,0.0,0.0
2020-10-08 00:00:00+09:00,2044.552251927147,2062.8774325193813,2020.9914697983907,2039.316650390625,27636,0.0,0.0
2020-10-12 00:00:00+09:00,2075.966501028698,2075.966501028698,1989.5769718445035,2041.934326171875,32779,0.0,0.0
2020-10-13 00:00:00+09:00,2044.552251927147,2062.8774325193813,2031.4630563477062,2039.316650390625,21739,0.0,0.0
2020-10-14 00:00:00+09:00,2039.3163944056673,2057.641380959524,2015.755615234375,2015.755615234375,23584,0.0,0.0
2020-10-15 00:00:00+09:00,1997.430635404374,2020.9914169166334,1960.7806586551692,2007.9022216796875,86515,0.0,0.0
2020-10-16 00:00:00+09:00,2015.7555883643754,2026.226981721551,1955.5446451498692,1971.2518310546875,75889,0.0,0.0
2020-10-19 00:00:00+09:00,1971.2519113618969,1997.430491690385,1950.308932056236,1960.780517578125,46849,0.0,0.0
2020-10-20 00:00:00+09:00,1960.780517578125,1981.7233051456687,1955.5447248171806,1960.780517578125,79173,0.0,0.0
2020-10-21 00:00:00+09:00,2062.8772503700225,2062.8772503700225,1981.723324600223,2010.5198974609375,104617,0.0,0.0
2020-10-22 00:00:00+09:00,2013.1378610924094,2062.8774174940318,1994.8128723717841,2020.991455078125,72265,0.0,0.0
2020-10-23 00:00:00+09:00,2020.991455078125,2039.3166355368844,1997.4306731209779,2020.991455078125,44379,0.0,0.0
2020-10-26 00:00:00+09:00,2020.9913279329512,2034.0807143317056,1979.105559890308,1992.1949462890625,55101,0.0,0.0
2020-10-27 00:00:00+09:00,1992.194809507148,2002.6662028643239,1966.0160385070449,1971.2518310546875,29353,0.0,0.0
2020-10-28 00:00:00+09:00,1971.2519610044376,2005.2841354623247,1971.2519610044376,1997.4305419921875,26812,0.0,0.0
2020-10-29 00:00:00+09:00,1989.5767526212042,2005.283938014893,1963.3981742110907,2002.6661376953125,21652,0.0,0.0
2020-10-30 00:00:00+09:00,1984.3414306640623,2013.1378134379365,1958.1626568392842,1984.3414306640625,58339,0.0,0.0
2020-11-02 00:00:00+09:00,1984.3412755423242,2026.227041954255,1979.1054828390397,2000.0484619140625,26994,0.0,0.0
2020-11-03 00:00:00+09:00,2018.3735560669932,2020.9913566887426,1979.1055880501256,1981.723388671875,56635,0.0,0.0
2020-11-04 00:00:00+09:00,2002.6663744740024,2002.6663744740024,1968.6341993433618,1976.48779296875,40383,0.0,0.0
2020-11-05 00:00:00+09:00,1979.1055880501256,2000.0485682384967,1973.8697950685016,1981.723388671875,70300,0.0,0.0
2020-11-06 00:00:00+09:00,2007.90216184187,2007.90216184187,1973.8697950685016,1981.723388671875,22699,0.0,0.0
2020-11-09 00:00:00+09:00,1997.430469693363,2013.1376560651013,1981.7232833216244,2000.0484619140625,73297,0.0,0.0
2020-11-10 00:00:00+09:00,2010.5198226169396,2018.373415674037,1994.8126365027447,2015.755615234375,109323,0.0,0.0
2020-11-11 00:00:00+09:00,2018.3736105056541,2018.3736105056541,1952.9270592917217,2013.1378173828125,57528,0.0,0.0
2020-11-12 00:00:00+09:00,2013.1378610924094,2041.9344362860782,2000.048665608306,2020.991455078125,49992,0.0,0.0
2020-11-13 00:00:00+09:00,2013.13769799805,2031.462876972195,1984.3413168754544,2010.5198974609375,122701,0.0,0.0
2020-11-16 00:00:00+09:00,2010.5200603432154,2026.2272483146469,2002.6664663574998,2020.991455078125,104661,0.0,0.0
2020-11-17 00:00:00+09:00,2020.9912439477089,2041.9342229677754,2005.2840576171875,2005.2840576171875,73878,0.0,0.0
2020-11-18 00:00:00+09:00,2002.6663348849863,2018.3735218252607,1984.3413473673734,1997.4305419921875,129145,0.0,0.0
2020-11-19 00:00:00+09:00,2015.755648285801,2015.755648285801,1989.5768765074938,2000.0484619140625,46344,0.0,0.0
2020-11-20 00:00:00+09:00,2007.9021209793477,2353.46023249538,1992.1949340922554,2055.023681640625,1812528,0.0,0.0
2020-11-23 00:00:00+09:00,2094.2916909722776,2094.2916909722776,2041.9343363830799,2065.4951171875,312525,0.0,0.0
2020-11-24 00:00:00+09:00,2065.4951171875,2091.6736986130363,2057.641523586027,2065.4951171875,206200,0.0,0.0
2020-11-25 00:00:00+09:00,2073.3487577116107,2073.3487577116107,2057.641570153189,2070.73095703125,255994,0.0,0.0
2020-11-26 00:00:00+09:00,2075.966558391971,2083.8201521711817,2062.8773632520392,2070.73095703125,196545,0.0,0.0
2020-11-27 00:00:00+09:00,2083.8203185756875,2086.4383112032383,2062.8775279841484,2078.584716796875,154338,0.0,0.0
2020-11-30 00:00:00+09:00,2089.0559296605925,2112.616710822178,2041.9343673374212,2052.40576171875,210991,0.0,0.0
2020-12-01 00:00:00+09:00,2070.730863066274,2070.730863066274,2052.405683920917,2060.25927734375,69333,0.0,0.0
2020-12-02 00:00:00+09:00,2070.7309101678575,2073.348710788973,2052.4057306056693,2065.4951171875,95926,0.0,0.0
2020-12-03 00:00:00+09:00,2065.495070205012,2075.9664641894155,2052.405683920917,2060.25927734375,120276,0.0,0.0
2020-12-04 00:00:00+09:00,2070.7307904129075,2086.437976707473,2052.4056119105053,2062.877197265625,148213,0.0,0.0
2020-12-07 00:00:00+09:00,2062.8774325193813,2068.1130340559034,2026.2272630730483,2039.316650390625,142062,0.0,0.0
2020-12-08 00:00:00+09:00,2052.405664745334,2052.405664745334,2005.2841046485933,2010.5198974609375,162079,0.0,0.0
2020-12-09 00:00:00+09:00,2039.3165722735423,2083.8201423199257,2018.3735917152785,2047.170166015625,213825,0.0,0.0
2020-12-10 00:00:00+09:00,2062.877227815563,2062.877227815563,2044.5520490417762,2049.787841796875,112012,0.0,0.0
2020-12-11 00:00:00+09:00,2052.40576171875,2065.495148499007,2047.1701603971496,2052.40576171875,77353,0.0,0.0
2020-12-14 00:00:00+09:00,2055.0236762206086,2060.25927734375,2044.5520904980845,2060.25927734375,100281,0.0,0.0
2020-12-15 00:00:00+09:00,2060.259460298892,2115.234619140625,2055.023858710819,2115.234619140625,358044,0.0,0.0
2020-12-16 00:00:00+09:00,2109.998945211512,2117.8525390625,2091.673765067119,2117.8525390625,174448,0.0,0.0
2020-12-17 00:00:00+09:00,2125.705810546875,2157.120181186789,2107.380633181524,2125.705810546875,246946,0.0,0.0
2020-12-18 00:00:00+09:00,2115.234531338499,2141.4133051447507,2094.2917423792533,2099.52734375,134101,0.0,0.0
2020-12-21 00:00:00+09:00,2086.4383189415175,2120.4704975825975,2086.4383189415175,2102.1455078125,156931,0.0,0.0
2020-12-22 00:00:00+09:00,2102.1453642367405,2107.3809656773815,2052.405808383727,2057.6416015625,156922,0.0,0.0
2020-12-23 00:00:00+09:00,2060.259324207143,2107.380885815983,2047.1701293634371,2065.4951171875,157581,0.0,0.0
2020-12-24 00:00:00+09:00,2075.966187586108,2138.794926597421,2057.6412026205066,2133.559326171875,363994,0.0,0.0
2020-12-28 00:00:00+09:00,2146.6486867723006,2149.266678927811,2107.3807218207457,2141.4130859375,461316,0.0,0.0
2020-12-29 00:00:00+09:00,2078.584493374847,2081.2022939828726,2023.6093384394508,2041.934326171875,303223,0.0,0.0
2020-12-30 00:00:00+09:00,2041.9342485332852,2062.877227815563,2015.7556682340257,2049.787841796875,228282,0.0,0.0
2021-01-04 00:00:00+09:00,2049.787852894176,2094.2916122081606,2041.9342595880682,2073.3486328125,407956,0.0,0.0
2021-01-05 00:00:00+09:00,2073.348752061149,2091.67374024999,2062.8773576301155,2075.966552734375,181860,0.0,0.0
2021-01-06 00:00:00+09:00,2086.438305119918,2125.706277037243,2075.966718116535,2083.8203125,332553,0.0,0.0
2021-01-07 00:00:00+09:00,2091.6737499557503,2107.3809375442497,2083.820156161501,2099.52734375,194118,0.0,0.0
2021-01-08 00:00:00+09:00,2099.527302476898,2144.0310636821546,2083.8201151971757,2089.055908203125,148231,0.0,0.0
2021-01-11 00:00:00+09:00,2089.0559675886825,2104.763155314913,2018.3736228206444,2034.080810546875,290743,0.0,0.0
2021-01-12 00:00:00+09:00,2020.9914697983907,2065.4952332876423,2015.7558682618687,2039.316650390625,85875,0.0,0.0
2021-01-13 00:00:00+09:00,2057.6414713864206,2057.6414713864206,2026.2270977774676,2031.462890625,133984,0.0,0.0
2021-01-14 00:00:00+09:00,2031.4629320016502,2060.2593139042992,2026.227139047476,2041.934326171875,98923,0.0,0.0
2021-01-15 00:00:00+09:00,2044.552284064011,2047.1702766115582,2023.6094941124666,2026.227294921875,112329,0.0,0.0
2021-01-18 00:00:00+09:00,2026.2271180640994,2026.2271180640994,1989.5769512406719,1994.812744140625,108522,0.0,0.0
2021-01-19 00:00:00+09:00,1989.5770359372214,2018.3736105056541,1984.34143455251,2013.1378173828125,116101,0.0,0.0
2021-01-20 00:00:00+09:00,2039.3164840272382,2039.3164840272382,2010.5199109729913,2031.462890625,80946,0.0,0.0
2021-01-21 00:00:00+09:00,2039.3164224920602,2039.3164224920602,1994.8126639762115,2005.2840576171875,314923,0.0,0.0
2021-01-22 00:00:00+09:00,2005.2841354623247,2015.7557212479223,1994.8127414148491,1997.4305419921875,126558,0.0,0.0
2021-01-25 00:00:00+09:00,1997.4306731209779,2020.991455078125,1992.1950716225904,2020.991455078125,135396,0.0,0.0
2021-01-26 00:00:00+09:00,2026.2272043208511,2026.2272043208511,2002.6664228752597,2013.1378173828125,71364,0.0,0.0
2021-01-27 00:00:00+09:00,2026.2270941840277,2130.9416087821237,2005.2841145691607,2120.47021484375,615592,0.0,0.0
2021-01-28 00:00:00+09:00,2047.170041288384,2089.055808114823,2023.6092614976153,2049.787841796875,215829,0.0,0.0
2021-01-29 00:00:00+09:00,2081.2021942553392,2081.2021942553392,1986.9590760249089,2000.0484619140625,217020,0.0,0.0
2021-02-01 00:00:00+09:00,2015.7556791470809,2015.7556791470809,1963.3983265269885,1986.9591064453125,84717,0.0,0.0
2021-02-02 00:00:00+09:00,1994.8128251510957,2005.2842196381291,1979.1056375514809,1984.3414306640625,86113,0.0,0.0
2021-02-03 00:00:00+09:00,1997.4304369424065,2015.755615234375,1984.3412430059855,2015.755615234375,98269,0.0,0.0
2021-02-04 00:00:00+09:00,2026.227041954255,2026.227041954255,1984.3412755423242,2000.0484619140625,86095,0.0,0.0
2021-02-05 00:00:00+09:00,2002.6663376214935,2002.6663376214935,1984.3413500788408,1994.812744140625,48030,0.0,0.0
2021-02-08 00:00:00+09:00,1994.8127468735645,1997.4305474580665,1984.3413527974344,1992.1949462890625,63624,0.0,0.0
2021-02-09 00:00:00+09:00,1989.5769850600925,2000.0485710379978,1979.1055908203125,1979.1055908203125,102576,0.0,0.0
2021-02-10 00:00:00+09:00,1994.8127752568726,2002.6663688602462,1976.4877874283761,1981.723388671875,46933,0.0,0.0
2021-02-15 00:00:00+09:00,1992.1949462890625,2000.0485397806908,1989.5769539664384,1992.1949462890625,68377,0.0,0.0
2021-02-16 00:00:00+09:00,2002.6663376214935,2002.6663376214935,1989.5769512406719,1994.812744140625,68781,0.0,0.0
2021-02-17 00:00:00+09:00,1994.8126639762115,2010.5198503067327,1989.5768712866661,2005.2840576171875,63612,0.0,0.0
2021-02-18 00:00:00+09:00,2013.137734441323,2013.137734441323,1992.1949462890625,1992.1949462890625,51855,0.0,0.0
2021-02-19 00:00:00+09:00,1989.576904296875,2000.0484898497057,1966.0161244101826,1989.576904296875,122182,0.0,0.0
2021-02-22 00:00:00+09:00,2000.0485397806908,2000.0485397806908,1984.3413527974344,1992.1949462890625,59017,0.0,0.0
2021-02-23 00:00:00+09:00,1971.2518896531706,2020.9912492509707,1971.2518896531706,2000.0484619140625,71206,0.0,0.0
2021-02-24 00:00:00+09:00,2010.519795816733,2013.1375962214995,1966.0160385070449,1971.2518310546875,76800,0.0,0.0
2021-02-25 00:00:00+09:00,1992.1948965541415,1992.1948965541415,1968.634116667449,1989.576904296875,40116,0.0,0.0
2021-02-26 00:00:00+09:00,1981.723313661868,1986.9591064453125,1960.780526004325,1986.9591064453125,79461,0.0,0.0
2021-03-02 00:00:00+09:00,1989.5768930345732,1994.8126857813504,1963.3983127769197,1966.01611328125,42903,0.0,0.0
2021-03-03 00:00:00+09:00,1979.105499279135,1979.105499279135,1958.1625200301426,1966.01611328125,75093,0.0,0.0
2021-03-04 00:00:00+09:00,1968.6341390173782,1968.6341390173782,1945.0733588631997,1950.3089599609375,40224,0.0,0.0
2021-03-05 00:00:00+09:00,1955.5447444993622,1955.5447444993622,1924.13037109375,1924.13037109375,114243,0.0,0.0
2021-03-08 00:00:00+09:00,1926.747956432844,1945.0731333647896,1903.1871790101404,1911.040771484375,105118,0.0,0.0
2021-03-09 00:00:00+09:00,1900.5696477809875,1911.041041982775,1858.6838792357123,1869.1552734375,100261,0.0,0.0
2021-03-10 00:00:00+09:00,1877.008864251286,1890.0982507877827,1861.3016771027396,1871.7730712890625,59736,0.0,0.0
2021-03-11 00:00:00+09:00,1877.008836022768,1890.0982223624121,1856.0658562269616,1882.24462890625,40581,0.0,0.0
2021-03-12 00:00:00+09:00,1890.0982666015623,1900.5696608754956,1879.6266805895032,1890.0982666015625,73530,0.0,0.0
2021-03-15 00:00:00+09:00,1903.1874615094473,1903.1874615094473,1882.244672961581,1890.0982666015625,42430,0.0,0.0
2021-03-16 00:00:00+09:00,1903.1874559216103,1903.1874559216103,1884.8624680614987,1895.3338623046875,57787,0.0,0.0
2021-03-17 00:00:00+09:00,1895.3338207715376,1897.9518130785598,1884.8624267578125,1884.8624267578125,29662,0.0,0.0
2021-03-18 00:00:00+09:00,1884.8626326104252,1929.3663975708855,1877.0090383078818,1903.1876220703125,85923,0.0,0.0
2021-03-19 00:00:00+09:00,1897.9517931550413,1929.3661666045696,1892.71600033408,1921.5125732421875,50055,0.0,0.0
2021-03-22 00:00:00+09:00,1924.1303239353178,1934.6017175678394,1900.569544458559,1918.89453125,210775,0.0,0.0
2021-03-23 00:00:00+09:00,2144.0309879303068,2149.2667807512676,1921.5125732421875,1921.5125732421875,2789623,0.0,0.0
2021-03-24 00:00:00+09:00,1937.2195090905045,1973.8694788765802,1895.3335554234259,1926.7479248046875,592942,0.0,0.0
2021-03-25 00:00:00+09:00,1924.130298988868,2044.551995284991,1913.6589054921085,2015.755615234375,652878,0.0,0.0
2021-03-26 00:00:00+09:00,2015.7557396050497,2144.0310368727637,1973.8697795574553,2130.941650390625,1557387,0.0,0.0
2021-03-29 00:00:00+09:00,2212.095536754078,2431.9961518057644,2128.323809964538,2204.241943359375,3591469,0.0,0.0
2021-03-30 00:00:00+09:00,2204.2421000150925,2225.184889397294,2133.559754439363,2188.534912109375,835387,0.0,0.0
2021-03-31 00:00:00+09:00,2188.5345982800773,2225.1845703125,2102.1450771866284,2225.1845703125,834958,0.0,0.0
2021-04-01 00:00:00+09:00,2225.1844799372866,2251.3632494550384,2172.82732437798,2209.477294921875,630750,0.0,0.0
2021-04-02 00:00:00+09:00,2199.006150516866,2264.4526982266852,2167.591776938054,2204.241943359375,575421,0.0,0.0
2021-04-05 00:00:00+09:00,2217.3313538557163,2261.835118006993,2172.8277814425787,2246.1279296875,723022,0.0,0.0
2021-04-06 00:00:00+09:00,2259.217363853175,2259.217363853175,2199.006410139035,2251.36376953125,436624,0.0,0.0
2021-04-07 00:00:00+09:00,2272.3063923303835,2272.3063923303835,2219.949228537298,2243.510009765625,420787,0.0,0.0
2021-04-08 00:00:00+09:00,2290.63163349654,2290.63163349654,2172.8277242036575,2188.534912109375,368376,0.0,0.0
2021-04-09 00:00:00+09:00,2209.477686291017,2209.477686291017,2123.0881534039045,2170.209716796875,203955,0.0,0.0
2021-04-12 00:00:00+09:00,2170.209731727282,2225.184889397294,2167.5919309890405,2188.534912109375,142417,0.0,0.0
2021-04-13 00:00:00+09:00,2225.1847147287835,2235.6563003360384,2157.1203669722213,2185.916748046875,144276,0.0,0.0
2021-04-14 00:00:00+09:00,2214.713289969308,2233.038276919233,2185.916717558184,2199.006103515625,315694,0.0,0.0
2021-04-15 00:00:00+09:00,2199.0063388425087,2199.0063388425087,2175.445556640625,2175.445556640625,84069,0.0,0.0
2021-04-16 00:00:00+09:00,2193.770425257728,2193.770425257728,2154.5024570744868,2172.82763671875,100714,0.0,0.0
2021-04-19 00:00:00+09:00,2144.0308042588686,2183.298767706833,2130.9414191968463,2154.502197265625,149772,0.0,0.0
2021-04-20 00:00:00+09:00,2144.030685090671,2175.4450541029883,2125.7057004128496,2151.88427734375,133639,0.0,0.0
2021-04-21 00:00:00+09:00,2146.6487171258873,2162.3559033286087,2117.8523369129734,2128.32373046875,164160,0.0,0.0
2021-04-22 00:00:00+09:00,2157.1203669722213,2206.859727523266,2130.941594692203,2185.916748046875,330724,0.0,0.0
2021-04-23 00:00:00+09:00,2172.827379685336,2188.5345651005596,2144.0308091780576,2149.2666015625,177210,0.0,0.0
2021-04-26 00:00:00+09:00,2151.8844793452113,2162.3558727529226,2133.559492947189,2141.4130859375,105910,0.0,0.0
2021-04-27 00:00:00+09:00,2144.0307140270806,2162.355698952221,2133.5593214610144,2138.794921875,74572,0.0,0.0
2021-04-28 00:00:00+09:00,2141.413394033542,2151.884788947826,2099.5274309001297,2115.234619140625,133873,0.0,0.0
2021-04-29 00:00:00+09:00,2115.234657334165,2130.941845858276,2096.90966796875,2096.90966796875,186652,0.0,0.0
2021-04-30 00:00:00+09:00,2109.9991022479912,2117.852696683482,2075.966731868766,2102.1455078125,113535,0.0,0.0
2021-05-03 00:00:00+09:00,2125.706244175666,2125.706244175666,2096.90966796875,2096.90966796875,106663,0.0,0.0
2021-05-04 00:00:00+09:00,2096.909412730824,2128.3237859552555,2052.4056534168394,2073.3486328125,65908,0.0,0.0
2021-05-06 00:00:00+09:00,2073.348844992794,2120.470409651721,2073.348844992794,2086.438232421875,95220,0.0,0.0
2021-05-07 00:00:00+09:00,2086.4382410110447,2120.47041838099,2086.4382410110447,2109.9990234375,67257,0.0,0.0
2021-05-10 00:00:00+09:00,2120.470334068374,2133.5597210308892,2109.998939541241,2123.088134765625,97948,0.0,0.0
2021-05-11 00:00:00+09:00,2123.0880935425653,2123.0880935425653,2102.1453048949347,2112.61669921875,83067,0.0,0.0
2021-05-12 00:00:00+09:00,2144.031200807445,2144.031200807445,2094.2918351531966,2109.9990234375,111462,0.0,0.0
2021-05-13 00:00:00+09:00,2102.145294848936,2107.3808961167597,2070.7309202894908,2089.055908203125,75808,0.0,0.0
2021-05-14 00:00:00+09:00,2104.763188171804,2104.763188171804,1992.1950716225904,2020.991455078125,258115,0.0,0.0
2021-05-17 00:00:00+09:00,2041.9343022356722,2049.7878957058097,1989.5769485220503,1997.4305419921875,91341,0.0,0.0
2021-05-18 00:00:00+09:00,1997.4304975924392,2041.9342568466752,1952.9269300763208,1989.576904296875,119278,0.0,0.0
2021-05-20 00:00:00+09:00,1997.4306014942804,2026.227175655321,1989.57700779019,2023.609375,39192,0.0,0.0
2021-05-21 00:00:00+09:00,2023.6092697363981,2031.4628630319621,1976.4877099630132,1989.576904296875,83799,0.0,0.0
2021-05-24 00:00:00+09:00,1989.5768930345732,1992.1948852770201,1952.9269190214816,1966.01611328125,66088,0.0,0.0
2021-05-25 00:00:00+09:00,1971.2519944467522,1992.1949746351231,1968.6341938250025,1981.723388671875,28330,0.0,0.0
2021-05-26 00:00:00+09:00,1984.3413032585775,2010.5198836644186,1976.4877099630132,1989.576904296875,33024,0.0,0.0
2021-05-27 00:00:00+09:00,1989.5769512406719,2010.5199311023623,1981.7233577598033,1994.812744140625,54330,0.0,0.0
2021-05-28 00:00:00+09:00,2013.1376841835674,2013.1376841835674,1986.959103777726,1989.576904296875,73605,0.0,0.0
2021-05-31 00:00:00+09:00,2002.6663041114807,2010.5198974609375,1989.5769179496797,2010.5198974609375,60610,0.0,0.0
2021-06-01 00:00:00+09:00,2013.137722116298,2065.495075652646,2005.2841286727516,2055.023681640625,207807,0.0,0.0
2021-06-02 00:00:00+09:00,2083.819984499636,2083.819984499636,2047.1700109710596,2062.877197265625,113458,0.0,0.0
2021-06-03 00:00:00+09:00,2065.4949977353476,2078.5843835601904,2044.5520187632226,2062.877197265625,36945,0.0,0.0
2021-06-04 00:00:00+09:00,2083.820057612248,2083.820057612248,2041.9342899365138,2060.25927734375,79339,0.0,0.0
2021-06-07 00:00:00+09:00,2070.731052726741,2120.47041838099,2049.7880711016232,2109.9990234375,227142,0.0,0.0
2021-06-08 00:00:00+09:00,2130.941892917204,2130.941892917204,2089.056119840633,2102.1455078125,112231,0.0,0.0
2021-06-09 00:00:00+09:00,2094.2919133770088,2120.4704975825975,2073.3489309696506,2102.1455078125,95865,0.0,0.0
2021-06-10 00:00:00+09:00,2102.1452055142686,2117.852392126484,2055.0236456776206,2073.3486328125,115572,0.0,0.0
2021-06-11 00:00:00+09:00,2081.2023611083264,2102.1453418623782,2062.8773727848625,2094.291748046875,80296,0.0,0.0
2021-06-14 00:00:00+09:00,2144.0309048827808,2196.388255850009,2112.616532650066,2193.770263671875,774903,0.0,0.0
2021-06-15 00:00:00+09:00,2199.0062916719567,2199.0062916719567,2149.266927558754,2170.209716796875,212575,0.0,0.0
2021-06-16 00:00:00+09:00,2217.3312801898455,2217.3312801898455,2149.266927558754,2170.209716796875,242059,0.0,0.0
2021-06-17 00:00:00+09:00,2183.2989528829416,2183.2989528829416,2138.795193287969,2180.68115234375,171874,0.0,0.0
2021-06-18 00:00:00+09:00,2162.35596803773,2191.152540850502,2159.7381675049755,2185.916748046875,133411,0.0,0.0
2021-06-21 00:00:00+09:00,2157.120283919121,2178.0630708510575,2141.413097851113,2164.973876953125,161037,0.0,0.0
2021-06-22 00:00:00+09:00,2164.973876953125,2206.859642555109,2149.266690885117,2164.973876953125,242110,0.0,0.0
2021-06-23 00:00:00+09:00,2183.2986758224483,2319.427546133692,2109.9985443837936,2138.794921875,3241242,0.0,0.0
2021-06-24 00:00:00+09:00,2133.5596796045074,2133.5596796045074,2083.8201251555997,2112.61669921875,500941,0.0,0.0
2021-06-25 00:00:00+09:00,2125.7058773869235,2219.948992270017,2123.0878852592095,2183.298828125,580311,0.0,0.0
2021-06-28 00:00:00+09:00,2193.770368340409,2238.274128372809,2175.4453809097126,2227.802734375,483745,0.0,0.0
2021-06-29 00:00:00+09:00,2227.8029405608045,2285.395900486232,2193.770571376477,2246.1279296875,705216,0.0,0.0
2021-06-30 00:00:00+09:00,2280.159986073159,2280.159986073159,2196.3884473089706,2243.510009765625,274282,0.0,0.0
2021-07-01 00:00:00+09:00,2259.2169337201717,2274.924119373526,2217.330977485823,2225.1845703125,309642,0.0,0.0
2021-07-02 00:00:00+09:00,2246.127763500548,2277.5421378152414,2206.859795607182,2238.274169921875,229542,0.0,0.0
2021-07-05 00:00:00+09:00,2251.36356669772,2311.574323249112,2238.2741800944013,2261.8349609375,362799,0.0,0.0
2021-07-06 00:00:00+09:00,2261.8347571942445,2269.688350101169,2175.4452352180756,2183.298828125,304518,0.0,0.0
2021-07-07 00:00:00+09:00,2183.2989528829416,2212.0955257665264,2172.827558988056,2180.68115234375,109888,0.0,0.0
2021-07-08 00:00:00+09:00,2164.973996298728,2204.24196363342,2104.7630491394925,2167.591796875,285324,0.0,0.0
2021-07-09 00:00:00+09:00,2115.234463307308,2138.7952439322835,2094.2916750216345,2130.941650390625,165244,0.0,0.0
2021-07-12 00:00:00+09:00,2146.648837627629,2214.71337890625,2130.9416505431877,2214.71337890625,134640,0.0,0.0
2021-07-13 00:00:00+09:00,2214.7132594445366,2238.2740388003294,2191.1524800887437,2212.095458984375,136119,0.0,0.0
2021-07-14 00:00:00+09:00,2222.5669361057635,2285.3956834161736,2162.3559893539136,2233.038330078125,466984,0.0,0.0
2021-07-15 00:00:00+09:00,2246.1279760705856,2502.678787832854,2201.624211000296,2251.36376953125,3137490,0.0,0.0
2021-07-16 00:00:00+09:00,2269.6883177160994,2345.6064453125,2251.3633317741155,2345.6064453125,597799,0.0,0.0
2021-07-19 00:00:00+09:00,2342.9885498022604,2342.9885498022604,2193.770280548905,2212.095458984375,529407,0.0,0.0
2021-07-20 00:00:00+09:00,2214.7133576766305,2219.9491505672963,2141.4132158979123,2167.591796875,204285,0.0,0.0
2021-07-21 00:00:00+09:00,2175.4451800085053,2180.6809723929478,2138.795016793615,2149.2666015625,196653,0.0,0.0
2021-07-22 00:00:00+09:00,2170.209501193112,2267.0706108145587,2162.3559080745144,2212.095458984375,276430,0.0,0.0
2021-07-23 00:00:00+09:00,2212.0952151967226,2238.2737921276234,2144.030685090671,2151.88427734375,335871,0.0,0.0
2021-07-26 00:00:00+09:00,2185.916966222853,2185.916966222853,2109.999017552552,2115.234619140625,157443,0.0,0.0
2021-07-27 00:00:00+09:00,2117.8525390625,2133.559726764476,2094.2917575095357,2117.8525390625,176194,0.0,0.0
2021-07-28 00:00:00+09:00,2117.8524821286587,2128.323876402432,2041.9343463639568,2089.055908203125,150142,0.0,0.0
2021-07-29 00:00:00+09:00,2089.0559865123823,2109.998967583112,2057.641610775354,2081.202392578125,90912,0.0,0.0
2021-07-30 00:00:00+09:00,2081.2022148512333,2094.2916008699212,2047.170041288384,2049.787841796875,75234,0.0,0.0
2021-08-02 00:00:00+09:00,2049.7878114407827,2065.4949977353476,2041.9342182934997,2062.877197265625,67771,0.0,0.0
2021-08-03 00:00:00+09:00,2086.438134726039,2089.055935394024,2023.6093847893767,2047.170166015625,78171,0.0,0.0
2021-08-04 00:00:00+09:00,2047.170041288384,2052.4056423053657,2026.2270620061063,2049.787841796875,45262,0.0,0.0
2021-08-05 00:00:00+09:00,2049.787970787727,2083.8201464921826,2041.9343770299195,2075.966552734375,76998,0.0,0.0
2021-08-06 00:00:00+09:00,2078.5845451457303,2091.67374024999,2068.112958976568,2075.966552734375,56472,0.0,0.0
2021-08-09 00:00:00+09:00,2081.2021787604513,2086.4379714247543,2068.11279296875,2068.11279296875,45562,0.0,0.0
2021-08-10 00:00:00+09:00,2052.4057989814337,2070.730979154124,2023.6094159754318,2034.080810546875,87420,0.0,0.0
2021-08-11 00:00:00+09:00,2041.9342283259934,2044.5520288085781,1994.8126692107783,2000.0484619140625,110953,0.0,0.0
2021-08-12 00:00:00+09:00,1981.7232508282118,2018.373415674037,1973.8696577711144,2015.755615234375,87178,0.0,0.0
2021-08-13 00:00:00+09:00,2015.7555227694206,2018.3733230890011,1926.7480110464494,2002.6661376953125,169318,0.0,0.0
2021-08-17 00:00:00+09:00,1963.398399375767,1963.398399375767,1835.1231011959253,1866.5374755859375,363877,0.0,0.0
2021-08-18 00:00:00+09:00,1822.0337882383965,1879.6267463677038,1822.0337882383965,1861.3017578125,45781,0.0,0.0
2021-08-19 00:00:00+09:00,1848.2122477578737,1871.7730279349773,1774.9121066751466,1777.5299072265625,184248,0.0,0.0
2021-08-20 00:00:00+09:00,1772.2942538566533,1808.9442274481053,1644.0187710722282,1654.4903564453125,316546,0.0,0.0
2021-08-23 00:00:00+09:00,1609.9866838131443,1704.22980676806,1609.9866838131443,1670.1976318359375,100557,0.0,0.0
2021-08-24 00:00:00+09:00,1672.8153607071151,1738.2619071507131,1670.1975602055684,1706.8475341796875,85251,0.0,0.0
2021-08-25 00:00:00+09:00,1717.3191981170407,1733.026385320129,1607.3687918263595,1698.9940185546875,86307,0.0,0.0
2021-08-26 00:00:00+09:00,1706.8475254077778,1748.7334836459604,1675.4331525981984,1680.6689453125,84679,0.0,0.0
2021-08-27 00:00:00+09:00,1691.1403151338109,1746.1154667746418,1680.6689215911188,1722.5546875,82645,0.0,0.0
2021-08-30 00:00:00+09:00,1725.172768225051,1759.2049427889147,1725.172768225051,1738.261962890625,29934,0.0,0.0
2021-08-31 00:00:00+09:00,1738.2618853712697,1748.733470722486,1722.554699082559,1746.115478515625,20719,0.0,0.0
2021-09-01 00:00:00+09:00,1746.1156062031687,1753.9691999218308,1730.4084187658443,1740.8800048828125,41254,0.0,0.0
2021-09-02 00:00:00+09:00,1740.8798801913858,1759.2048669763515,1719.9369011956294,1743.4976806640625,43117,0.0,0.0
2021-09-03 00:00:00+09:00,1743.497645421389,1767.05842441357,1722.5546668489694,1761.8226318359375,59209,0.0,0.0
2021-09-06 00:00:00+09:00,1761.8227936404928,1769.676387359155,1733.0264111641504,1740.8800048828125,43680,0.0,0.0
2021-09-07 00:00:00+09:00,1753.9691554137437,1767.0585418587384,1730.4083748556272,1733.0263671875,17311,0.0,0.0
2021-09-08 00:00:00+09:00,1738.2619522140676,1740.8799445216005,1709.4655707361767,1714.701171875,45544,0.0,0.0
2021-09-09 00:00:00+09:00,1714.701155456249,1714.701155456249,1657.1082013138148,1662.343994140625,69546,0.0,0.0
2021-09-10 00:00:00+09:00,1662.344045620246,1696.376220703125,1654.49045200588,1696.376220703125,39319,0.0,0.0
2021-09-13 00:00:00+09:00,1693.7584638878086,1719.9370460334462,1688.522670763429,1704.2298583984375,62808,0.0,0.0
2021-09-14 00:00:00+09:00,1722.5547206652004,1722.5547206652004,1693.7583399338378,1706.8475341796875,24946,0.0,0.0
2021-09-15 00:00:00+09:00,1722.5547145190217,1727.7905072415497,1664.9617615236752,1678.0511474609375,101896,0.0,0.0
2021-09-16 00:00:00+09:00,1672.8155259998568,1827.2696056152156,1670.1977252396423,1712.08349609375,192714,0.0,0.0
2021-09-17 00:00:00+09:00,1712.0833767496104,1738.2619577413313,1698.993990384689,1709.465576171875,63681,0.0,0.0
2021-09-23 00:00:00+09:00,1706.8475676529238,1706.8475676529238,1672.8153935129415,1691.140380859375,52771,0.0,0.0
2021-09-24 00:00:00+09:00,1688.5225857175237,1769.6763204982174,1675.4331994349136,1685.90478515625,111040,0.0,0.0
2021-09-27 00:00:00+09:00,1685.9047797536055,1714.7011610496982,1678.051186356831,1691.140380859375,27543,0.0,0.0
2021-09-28 00:00:00+09:00,1691.14037260766,1691.14037260766,1659.7259991738454,1664.9617919921875,39631,0.0,0.0
2021-09-29 00:00:00+09:00,1646.6368618595454,1651.8724631213995,1602.1331007050305,1609.9866943359375,113499,0.0,0.0
2021-09-30 00:00:00+09:00,1604.7510453887407,1633.5475242770124,1565.4830760551586,1573.336669921875,123672,0.0,0.0
2021-10-01 00:00:00+09:00,1573.3366734166818,1573.3366734166818,1489.56494140625,1489.56494140625,160549,0.0,0.0
2021-10-05 00:00:00+09:00,1492.182861328125,1528.832934737723,1460.7684853001645,1492.182861328125,103738,0.0,0.0
2021-10-06 00:00:00+09:00,1471.2398326171788,1489.564819602384,1340.3465480051116,1358.671630859375,270751,0.0,0.0
2021-10-07 00:00:00+09:00,1361.2895272297148,1384.8503069556,1335.1108511334899,1358.671630859375,241204,0.0,0.0
2021-10-08 00:00:00+09:00,1376.996826171875,1434.58978407046,1356.053845236875,1376.996826171875,112471,0.0,0.0
2021-10-12 00:00:00+09:00,1376.9967375369217,1382.232434499126,1353.435957403414,1361.28955078125,67396,0.0,0.0
2021-10-13 00:00:00+09:00,1345.5824817969958,1413.6469317391934,1342.964585152234,1363.907470703125,152220,0.0,0.0
2021-10-14 00:00:00+09:00,1376.996826171875,1400.5576078219503,1363.9074391202337,1376.996826171875,151773,0.0,0.0
2021-10-15 00:00:00+09:00,1395.3217464011295,1424.1183198108956,1384.8503523149066,1408.4111328125,63816,0.0,0.0
2021-10-18 00:00:00+09:00,1413.646796425162,1439.8254727597587,1403.1753067175114,1424.1182861328125,101049,0.0,0.0
2021-10-19 00:00:00+09:00,1439.825527923513,1439.825527923513,1408.4111534660476,1413.6468505859375,37225,0.0,0.0
2021-10-20 00:00:00+09:00,1416.2646134838292,1447.678984977969,1413.6467172362995,1434.589599609375,85630,0.0,0.0
2021-10-21 00:00:00+09:00,1429.354014083019,1450.2968980839257,1408.4111300821123,1411.0289306640625,106020,0.0,0.0
2021-10-22 00:00:00+09:00,1411.0289306640625,1445.0612010509642,1397.9396401471286,1411.0289306640625,19735,0.0,0.0
2021-10-25 00:00:00+09:00,1403.1753371800899,1418.8825241480351,1397.9396401471286,1411.0289306640625,45586,0.0,0.0
2021-10-26 00:00:00+09:00,1411.0288766766039,1445.0611457613952,1411.0288766766039,1421.5003662109375,27249,0.0,0.0
2021-10-27 00:00:00+09:00,1426.7360067358402,1437.2074958569046,1405.7931243627647,1434.589599609375,15255,0.0,0.0
2021-10-28 00:00:00+09:00,1434.589679971404,1437.2075763655812,1418.8824933444578,1424.1182861328125,35386,0.0,0.0
2021-10-29 00:00:00+09:00,1421.5003451927234,1492.1826827989914,1411.0288558132206,1416.2646484375,48783,0.0,0.0
2021-11-01 00:00:00+09:00,1416.2646458507602,1434.5896323951004,1408.4110527977411,1418.8824462890625,16990,0.0,0.0
2021-11-02 00:00:00+09:00,1426.7361514186027,1447.679131784522,1418.8825577486489,1437.2076416015625,46575,0.0,0.0
2021-11-03 00:00:00+09:00,1445.0611362513064,1458.1504261812884,1424.1182531895238,1439.825439453125,25335,0.0,0.0
2021-11-04 00:00:00+09:00,1442.4432943299905,1447.6790871947348,1411.0289206177652,1429.35400390625,37689,0.0,0.0
2021-11-05 00:00:00+09:00,1408.4112462626458,1418.8826411923592,1384.8504638671875,1384.8504638671875,36433,0.0,0.0
2021-11-08 00:00:00+09:00,1384.8504200552334,1384.8504200552334,1353.4360445217997,1376.996826171875,49387,0.0,0.0
2021-11-09 00:00:00+09:00,1390.0860595703125,1392.7039560456312,1366.5252788996293,1390.0860595703125,28872,0.0,0.0
2021-11-10 00:00:00+09:00,1390.086161332044,1416.2648403944652,1374.3789730684052,1384.8504638671875,36375,0.0,0.0
2021-11-11 00:00:00+09:00,1369.143165010188,1384.8503520050697,1358.6716750572468,1366.5252685546875,51663,0.0,0.0
2021-11-12 00:00:00+09:00,1366.5252460501047,1408.4111093030128,1366.5252460501047,1405.793212890625,40473,0.0,0.0
2021-11-15 00:00:00+09:00,1431.9718319567978,1431.9718319567978,1403.1752601830246,1418.8824462890625,16455,0.0,0.0
2021-11-16 00:00:00+09:00,1426.7359485583127,1426.7359485583127,1403.1751708984375,1403.1751708984375,26866,0.0,0.0
2021-11-17 00:00:00+09:00,1445.0611339097613,1445.0611339097613,1379.614492627786,1397.9395751953125,124299,0.0,0.0
2021-11-18 00:00:00+09:00,1403.1753738316274,1405.7932703510194,1369.143198424852,1392.7039794921875,27118,0.0,0.0
2021-11-19 00:00:00+09:00,1390.086036079517,1411.0289199209717,1384.8503390864184,1387.4681396484375,47323,0.0,0.0
2021-11-22 00:00:00+09:00,1397.9396428572159,1413.6468298556115,1384.8503523149066,1408.4111328125,35163,0.0,0.0
2021-11-23 00:00:00+09:00,1408.4111640453905,1416.2647577187495,1390.086080184532,1395.32177734375,47560,0.0,0.0
2021-11-24 00:00:00+09:00,1387.4681630949935,1397.9396531272068,1384.850362488737,1390.0860595703125,22384,0.0,0.0
2021-11-25 00:00:00+09:00,1382.232388957163,1424.118250881914,1382.232388957163,1397.9395751953125,41575,0.0,0.0
2021-11-26 00:00:00+09:00,1395.3217248391659,1405.7932146326336,1361.28955078125,1361.28955078125,66775,0.0,0.0
2021-11-29 00:00:00+09:00,1340.3465366710986,1361.2895157186074,1319.4036534926472,1335.11083984375,92734,0.0,0.0
2021-11-30 00:00:00+09:00,1337.728736191953,1353.435922543056,1285.3713844422382,1335.11083984375,176790,0.0,0.0
2021-12-01 00:00:00+09:00,1332.4930419921875,1335.1109385339028,1298.4608662952094,1332.4930419921875,38683,0.0,0.0
2021-12-02 00:00:00+09:00,1332.4929876681745,1350.8180709749636,1314.1680002304458,1342.9644775390625,59815,0.0,0.0
2021-12-03 00:00:00+09:00,1358.6717187499999,1376.996802789688,1356.0538222103119,1374.37890625,34438,0.0,0.0
2021-12-06 00:00:00+09:00,1382.2323983001975,1397.939584644518,1358.6716187837167,1379.614501953125,44263,0.0,0.0
2021-12-07 00:00:00+09:00,1382.232455549569,1387.4681525915091,1363.907372099187,1366.5252685546875,45952,0.0,0.0
2021-12-08 00:00:00+09:00,1366.5253673478871,1382.2325554783224,1361.2896699274313,1363.907470703125,50503,0.0,0.0
2021-12-09 00:00:00+09:00,1376.9969048791343,1376.9969048791343,1366.525413813098,1369.143310546875,28332,0.0,0.0
2021-12-10 00:00:00+09:00,1379.6146705332617,1421.5005378593219,1369.1432756035485,1384.8504638671875,27972,0.0,0.0
2021-12-13 00:00:00+09:00,1387.467985791854,1408.4109631799984,1379.6143932385623,1403.1751708984375,51813,0.0,0.0
2021-12-14 00:00:00+09:00,1400.5576521308262,1400.5576521308262,1376.996869735368,1384.8504638671875,27568,0.0,0.0
2021-12-15 00:00:00+09:00,1376.9965929668315,1403.1751708984375,1376.9965929668315,1403.1751708984375,24666,0.0,0.0
2021-12-16 00:00:00+09:00,1395.32177734375,1408.4111640453905,1390.086080184532,1395.32177734375,26340,0.0,0.0
2021-12-17 00:00:00+09:00,1395.3216788659354,1408.4110646437646,1384.8502852865402,1397.9395751953125,50772,0.0,0.0
2021-12-20 00:00:00+09:00,1387.4681864534039,1395.3217801425155,1382.2324892836837,1392.7039794921875,31239,0.0,0.0
2021-12-21 00:00:00+09:00,1382.2324761284724,1413.6468505859375,1374.378882514106,1413.6468505859375,51799,0.0,0.0
2021-12-22 00:00:00+09:00,1431.9718319567978,1431.9718319567978,1397.939563437364,1418.8824462890625,64678,0.0,0.0
2021-12-23 00:00:00+09:00,1426.7360536540862,1466.004019313089,1411.028867390485,1439.825439453125,39996,0.0,0.0
2021-12-24 00:00:00+09:00,1439.8254603523842,1455.5326468439773,1426.7360743633512,1445.0611572265625,39352,0.0,0.0
2021-12-27 00:00:00+09:00,1437.2075431195058,1450.2968330494878,1437.2075431195058,1439.825439453125,75685,0.0,0.0
2021-12-28 00:00:00+09:00,1447.678984977969,1447.678984977969,1416.2646134838292,1434.589599609375,65514,0.0,0.0
2021-12-29 00:00:00+09:00,1395.3216352417,1437.2074958569046,1395.3216352417,1434.589599609375,40236,0.0,0.0
2021-12-30 00:00:00+09:00,1429.3539803736467,1442.4432705818876,1424.1182834641622,1426.736083984375,23500,0.0,0.0
2022-01-04 00:00:00+09:00,1452.9148028963175,1589.0437893582723,1450.2969064302406,1562.8651123046875,263914,0.0,0.0
2022-01-05 00:00:00+09:00,1562.8651329458833,1573.3366230794295,1536.6864555465495,1568.100830078125,96039,0.0,0.0
2022-01-06 00:00:00+09:00,1520.9792378887914,1555.0115082409916,1520.9792378887914,1539.3043212890625,50781,0.0,0.0
2022-01-07 00:00:00+09:00,1531.4506714783367,1557.629347391584,1510.5077882691735,1552.3935546875,57492,0.0,0.0
2022-01-10 00:00:00+09:00,1549.7757790652595,1549.7757790652595,1510.5078125,1510.5078125,41772,0.0,0.0
2022-01-11 00:00:00+09:00,1510.507922343391,1523.5972135273046,1473.8577536379273,1489.56494140625,42891,0.0,0.0
2022-01-12 00:00:00+09:00,1489.5648766263485,1518.3614501953125,1471.2398889396206,1518.3614501953125,33030,0.0,0.0
2022-01-13 00:00:00+09:00,1544.5399286623392,1544.5399286623392,1471.2397910541558,1523.5970458984375,55050,0.0,0.0
2022-01-14 00:00:00+09:00,1510.507890594087,1510.507890594087,1481.7113163780587,1502.654296875,52288,0.0,0.0
2022-01-17 00:00:00+09:00,1486.947096724944,1505.2720846667778,1424.1183475093699,1481.7113037109375,108774,0.0,0.0
2022-01-18 00:00:00+09:00,1130.9175945163188,1183.2748586023836,1039.2923583984375,1039.2923583984375,3235389,0.0,0.0
2022-01-19 00:00:00+09:00,1075.9422768554687,1075.9422768554687,934.5775981445312,981.6991577148438,1154088,0.0,0.0
2022-01-20 00:00:00+09:00,981.699161945517,1005.2599418322093,947.6668923750527,994.7884521484375,450049,0.0,0.0
2022-01-21 00:00:00+09:00,1007.8778492349139,1036.6743263436624,976.4634757093484,1018.3492431640625,381324,0.0,0.0
2022-01-24 00:00:00+09:00,994.7884521484375,1007.877838220417,965.9919753543886,994.7884521484375,322261,0.0,0.0
2022-01-25 00:00:00+09:00,989.5527916612299,1010.4956759305103,947.6669272536068,976.4635009765625,301948,0.0,0.0
2022-01-26 00:00:00+09:00,976.4635009765624,976.4635009765624,976.4635009765624,976.4635009765625,0,0.0,0.0
2022-01-27 00:00:00+09:00,997.4063570225236,1000.0242534330041,942.431203485849,960.7562866210938,134742,0.0,0.0
2022-01-28 00:00:00+09:00,960.7562866210938,960.7562866210938,960.7562866210938,960.7562866210938,0,0.0,0.0
2022-02-03 00:00:00+09:00,1000.0242309570312,1015.7314173287697,984.3170445852929,1000.0242309570312,111852,0.0,0.0
2022-02-04 00:00:00+09:00,1010.4956730466507,1036.6743502103366,1000.0242788764261,1020.9671630859375,120054,0.0,0.0
2022-02-07 00:00:00+09:00,1039.2923553682265,1054.9995441351564,1010.4957787161401,1041.91015625,140781,0.0,0.0
2022-02-08 00:00:00+09:00,1041.91015625,1041.91015625,1041.91015625,1041.91015625,0,0.0,0.0
2022-02-09 00:00:00+09:00,1041.91015625,1041.91015625,1041.91015625,1041.91015625,0,0.0,0.0
2022-02-10 00:00:00+09:00,1060.2350628541224,1107.3566212031944,1054.9993661050219,1096.8851318359375,166831,0.0,0.0
2022-02-11 00:00:00+09:00,1091.649582714408,1094.2674793775136,1057.6173095703125,1057.6173095703125,61441,0.0,0.0
2022-02-14 00:00:00+09:00,1026.2028267084197,1054.999399410188,1015.7314328796484,1036.67431640625,87249,0.0,0.0
2022-02-15 00:00:00+09:00,1026.2028267084197,1057.6171999328515,1013.1135364879261,1036.67431640625,129388,0.0,0.0
2022-02-16 00:00:00+09:00,1036.6744038596082,1068.0887797341418,1036.6744038596082,1052.381591796875,49729,0.0,0.0
2022-02-17 00:00:00+09:00,1062.8529474376337,1083.7958300720463,1052.3814581859,1073.3243408203125,77904,0.0,0.0
2022-02-18 00:00:00+09:00,1068.0886909532658,1089.0315745058003,1049.763607926636,1078.5601806640625,49914,0.0,0.0
2022-02-21 00:00:00+09:00,1078.5601806640625,1078.5601806640625,1078.5601806640625,1078.5601806640625,0,0.0,0.0
2022-02-22 00:00:00+09:00,1078.5601806640625,1078.5601806640625,1078.5601806640625,1078.5601806640625,0,0.0,0.0
2022-02-23 00:00:00+09:00,1078.5601806640625,1078.5601806640625,1078.5601806640625,1078.5601806640625,0,0.0,0.0
2022-02-24 00:00:00+09:00,1062.8530517182264,1062.8530517182264,1015.7314892657297,1023.5850830078125,101269,0.0,0.0
2022-02-25 00:00:00+09:00,1028.8207898309086,1054.9994678389405,1023.5850925769281,1047.1458740234375,50661,0.0,0.0
2022-02-28 00:00:00+09:00,1047.1458740234375,1047.1458740234375,1047.1458740234375,1047.1458740234375,0,0.0,0.0
2022-03-02 00:00:00+09:00,1047.1459175765983,1057.6173125200878,1041.9101242357842,1054.99951171875,47287,0.0,0.0
2022-03-03 00:00:00+09:00,1057.6172891529416,1068.0887797341418,1052.381591796875,1052.381591796875,26388,0.0,0.0
2022-03-04 00:00:00+09:00,1052.381591796875,1052.381591796875,1052.381591796875,1052.381591796875,0,0.0,0.0
2022-03-07 00:00:00+09:00,1047.145784927378,1047.145784927378,1018.34921280797,1031.4385986328125,48261,0.0,0.0
2022-03-08 00:00:00+09:00,1002.642014999752,1015.7314006742849,989.5527251942749,1007.8778076171875,79561,0.0,0.0
2022-03-10 00:00:00+09:00,1007.8778076171875,1007.8778076171875,1007.8778076171875,1007.8778076171875,0,0.0,0.0
2022-03-11 00:00:00+09:00,1007.8778076171875,1007.8778076171875,1007.8778076171875,1007.8778076171875,0,0.0,0.0
2022-03-14 00:00:00+09:00,1007.8778395735404,1062.852992716296,992.1706529613245,1036.67431640625,101037,0.0,0.0
2022-03-15 00:00:00+09:00,1036.67431640625,1036.67431640625,1036.67431640625,1036.67431640625,0,0.0,0.0
2022-03-16 00:00:00+09:00,1036.67431640625,1036.67431640625,1036.67431640625,1036.67431640625,0,0.0,0.0
2022-03-17 00:00:00+09:00,1036.67431640625,1036.67431640625,1036.67431640625,1036.67431640625,0,0.0,0.0
2022-03-18 00:00:00+09:00,1034.056498090957,1034.056498090957,1005.2600190839695,1028.82080078125,38592,0.0,0.0
2022-03-21 00:00:00+09:00,1028.82080078125,1028.82080078125,1028.82080078125,1028.82080078125,0,0.0,0.0
2022-03-22 00:00:00+09:00,1034.0564299268453,1034.0564299268453,1007.8778492349139,1018.3492431640625,44592,0.0,0.0
2022-03-23 00:00:00+09:00,1018.3492666088503,1036.6743502103366,1010.4956730466507,1020.9671630859375,63600,0.0,0.0
2022-03-24 00:00:00+09:00,1052.381513106445,1052.381513106445,1002.6420564012798,1018.3492431640625,80311,0.0,0.0
2022-03-25 00:00:00+09:00,1018.3493102927699,1031.4386973706366,1007.877915673356,1028.82080078125,46255,0.0,0.0
2022-03-28 00:00:00+09:00,1026.202880859375,1026.202880859375,1013.113589948182,1026.202880859375,24522,0.0,0.0
2022-03-29 00:00:00+09:00,1026.2028267084197,1041.9100133206357,1015.7314328796484,1036.67431640625,57976,0.0,0.0
2022-03-30 00:00:00+09:00,1036.674360461701,1047.1458506045374,1031.4386633248146,1044.5279541015625,30391,0.0,0.0
2022-03-31 00:00:00+09:00,1039.2922773953771,1057.6172656692495,1039.2922773953771,1049.763671875,45886,0.0,0.0
2022-04-01 00:00:00+09:00,1049.763671875,1054.9994649838764,1036.674380840939,1049.763671875,55564,0.0,0.0
2022-04-04 00:00:00+09:00,1041.9100919900504,1049.763685889144,1026.2029041918636,1028.82080078125,87763,0.0,0.0
2022-04-05 00:00:00+09:00,1028.8207668218397,1044.5279541015625,1028.8207668218397,1044.5279541015625,23322,0.0,0.0
2022-04-06 00:00:00+09:00,1036.6744038596082,1052.381591796875,1026.202913278408,1052.381591796875,76338,0.0,0.0
2022-04-07 00:00:00+09:00,1041.9101213298175,1065.47090369056,1031.4387264155332,1057.6173095703125,84873,0.0,0.0
2022-04-08 00:00:00+09:00,1047.1457199534805,1062.8529052734375,1041.9099276007942,1062.8529052734375,27862,0.0,0.0
2022-04-11 00:00:00+09:00,1062.8531114047134,1081.1781005859375,1041.9101296703577,1081.1781005859375,118554,0.0,0.0
2022-04-12 00:00:00+09:00,1078.5601906111879,1188.510498046875,1075.9422941920802,1188.510498046875,433179,0.0,0.0
2022-04-13 00:00:00+09:00,1214.6891652364295,1256.5750315787434,1172.8033947631827,1206.8355712890625,307578,0.0,0.0
2022-04-14 00:00:00+09:00,1206.8354853734495,1206.8354853734495,1175.4211118203962,1188.510498046875,49939,0.0,0.0
2022-04-15 00:00:00+09:00,1193.7462828595692,1204.2177734375,1170.185500961025,1204.2177734375,36990,0.0,0.0
2022-04-18 00:00:00+09:00,1204.2178413955683,1230.3964255141407,1167.5676702390513,1175.4212646484375,59880,0.0,0.0
2022-04-19 00:00:00+09:00,1172.8033652896881,1193.74625,1172.8033652896881,1178.0390625,39619,0.0,0.0
2022-04-20 00:00:00+09:00,1183.2747922816384,1214.6891681463637,1175.4211983154569,1204.2177734375,33867,0.0,0.0
2022-04-21 00:00:00+09:00,1209.4533031784945,1222.542592685114,1196.364013671875,1196.364013671875,39819,0.0,0.0
2022-04-22 00:00:00+09:00,1188.5105060235278,1235.632066669363,1175.4211197092,1214.6890869140625,49626,0.0,0.0
2022-04-25 00:00:00+09:00,1214.6890660550107,1214.6890660550107,1185.892589222301,1209.453369140625,31609,0.0,0.0
2022-04-26 00:00:00+09:00,1209.453392619956,1225.1605795370983,1188.5105086867866,1212.0712890625,19084,0.0,0.0
2022-04-27 00:00:00+09:00,1188.5104508333488,1193.7461475945165,1175.4210651268452,1183.274658203125,64017,0.0,0.0
2022-04-28 00:00:00+09:00,1183.2748590578237,1214.6892366953682,1175.4212646484375,1175.4212646484375,17844,0.0,0.0
2022-04-29 00:00:00+09:00,1175.4212210713501,1198.9820034260258,1157.0962320415372,1167.567626953125,76845,0.0,0.0
2022-05-02 00:00:00+09:00,1159.7138374187725,1185.8925120246747,1151.8602446239072,1172.80322265625,34728,0.0,0.0
2022-05-03 00:00:00+09:00,1172.8032672580246,1185.8925571242357,1159.713881522757,1180.6568603515625,26527,0.0,0.0
2022-05-04 00:00:00+09:00,1172.8032646807894,1183.274658203125,1167.5674720505656,1183.274658203125,14739,0.0,0.0
2022-05-06 00:00:00+09:00,1170.1854350748356,1198.9819127064532,1107.356686882898,1151.8603515625,41647,0.0,0.0
2022-05-10 00:00:00+09:00,1146.6246337890625,1146.6246337890625,1094.2673765313034,1146.6246337890625,57655,0.0,0.0
2022-05-11 00:00:00+09:00,1146.624577483086,1159.7138671875,1125.6816947822122,1159.7138671875,9273,0.0,0.0
2022-05-12 00:00:00+09:00,1159.7139029937794,1180.6568822103247,1141.388916015625,1141.388916015625,69253,0.0,0.0
2022-05-13 00:00:00+09:00,1141.3888833081603,1162.3317660555115,1136.153090719531,1157.0960693359375,15102,0.0,0.0
2022-05-16 00:00:00+09:00,1178.0392208614865,1178.0392208614865,1144.0069447469068,1162.33203125,22452,0.0,0.0
2022-05-17 00:00:00+09:00,1162.3319324325203,1170.1855265705778,1159.714035763478,1164.9498291015625,7242,0.0,0.0
2022-05-18 00:00:00+09:00,1175.4210230085034,1175.4210230085034,1162.3317336400787,1172.80322265625,54238,0.0,0.0
2022-05-19 00:00:00+09:00,1151.86053955265,1172.80352294735,1149.2427385301205,1162.33203125,18451,0.0,0.0
2022-05-20 00:00:00+09:00,1162.3317778436217,1183.274660803371,1157.0960810709485,1180.6568603515625,34177,0.0,0.0
2022-05-23 00:00:00+09:00,1188.5104508333488,1188.5104508333488,1178.038961441957,1183.274658203125,17047,0.0,0.0
2022-05-24 00:00:00+09:00,1183.2748181776508,1188.510611515735,1151.8604416254204,1164.9498291015625,13767,0.0,0.0
2022-05-25 00:00:00+09:00,1172.8034202779877,1172.8034202779877,1157.0962320415372,1167.567626953125,18615,0.0,0.0
2022-05-26 00:00:00+09:00,1154.4783583263422,1172.8034435894665,1151.8604616118757,1170.185546875,16545,0.0,0.0
2022-05-27 00:00:00+09:00,1170.1856260557433,1175.4213239698797,1162.33203125,1162.33203125,7954,0.0,0.0
2022-05-30 00:00:00+09:00,1133.5355489186338,1188.5107125588365,1133.5355489186338,1162.33203125,35182,0.0,0.0
2022-05-31 00:00:00+09:00,1178.0391177337815,1178.0391177337815,1162.331929497331,1167.567626953125,43879,0.0,0.0
2022-06-02 00:00:00+09:00,1157.0960370665193,1180.6568154511153,1157.0960370665193,1172.80322265625,33838,0.0,0.0
2022-06-03 00:00:00+09:00,1183.2747131501724,1219.924879787418,1180.6569125825554,1214.6890869140625,137995,0.0,0.0
2022-06-07 00:00:00+09:00,1212.0712532846653,1230.396240234375,1206.8354605541272,1230.396240234375,79390,0.0,0.0
2022-06-08 00:00:00+09:00,1230.396199254494,1466.0039882097622,1230.396199254494,1308.93212890625,687508,0.0,0.0
2022-06-09 00:00:00+09:00,1308.93212890625,1366.5251759405562,1269.664164080372,1308.93212890625,147756,0.0,0.0
2022-06-10 00:00:00+09:00,1311.5501335991755,1455.5327151522456,1303.696539984809,1413.6468505859375,200886,0.0,0.0
2022-06-13 00:00:00+09:00,1413.6468471943547,1541.9222412109375,1390.0860664077823,1541.9222412109375,521217,0.0,0.0
2022-06-14 00:00:00+09:00,1541.9223195806283,1602.1331749169012,1460.7684830124688,1534.0687255859375,365577,0.0,0.0
2022-06-15 00:00:00+09:00,1544.5398871994576,1583.8078512457917,1494.800529986803,1557.6292724609375,207186,0.0,0.0
2022-06-16 00:00:00+09:00,1549.7757542045156,1578.5722306007472,1541.9221610174473,1552.3935546875,87391,0.0,0.0
2022-06-17 00:00:00+09:00,1466.0040959985026,1534.068637280543,1437.2076182986004,1518.3614501953125,112894,0.0,0.0
2022-06-20 00:00:00+09:00,1518.3614501953125,1534.068637280543,1379.6145670297342,1518.3614501953125,154374,0.0,0.0
2022-06-21 00:00:00+09:00,1515.7435283429145,1570.7186822206368,1424.1183038363974,1560.2471923828125,36552,0.0,0.0
2022-06-22 00:00:00+09:00,1531.4507621296214,1557.6294395924651,1476.475606565994,1481.7113037109375,27409,0.0,0.0
2022-06-23 00:00:00+09:00,1466.0041093920254,1486.9470896097107,1379.614579633996,1413.6468505859375,76611,0.0,0.0
2022-06-24 00:00:00+09:00,1413.64686679787,1507.8899912510612,1374.378898275707,1505.2720947265625,61147,0.0,0.0
2022-06-27 00:00:00+09:00,1502.6542840288375,1568.100833882352,1476.475606565994,1481.7113037109375,42051,0.0,0.0
2022-06-28 00:00:00+09:00,1481.7112614702721,1518.3614280472418,1418.8825140458216,1429.35400390625,39382,0.0,0.0
2022-06-29 00:00:00+09:00,1424.1183805219928,1484.3292346263172,1418.882587386615,1466.004150390625,22149,0.0,0.0
2022-06-30 00:00:00+09:00,1466.0041204039806,1466.0041204039806,1395.32177734375,1395.32177734375,31078,0.0,0.0
2022-07-01 00:00:00+09:00,1437.207598769874,1437.207598769874,1295.842916923657,1342.9644775390625,72225,0.0,0.0
2022-07-04 00:00:00+09:00,1348.2000963715902,1348.2000963715902,1256.5748768881788,1306.3143310546875,69109,0.0,0.0
2022-07-05 00:00:00+09:00,1332.493030629621,1418.8825612098512,1308.9322495622855,1392.7039794921875,35709,0.0,0.0
2022-07-06 00:00:00+09:00,1392.7039794921875,1392.7039794921875,1356.0538116969565,1392.7039794921875,25990,0.0,0.0
2022-07-07 00:00:00+09:00,1361.2895715127474,1405.793236041891,1361.2895715127474,1366.5252685546875,17838,0.0,0.0
2022-07-08 00:00:00+09:00,1403.1752820755103,1403.1752820755103,1335.11083984375,1335.11083984375,13036,0.0,0.0
2022-07-11 00:00:00+09:00,1335.1109910870161,1382.2325554783224,1335.1109910870161,1363.907470703125,6252,0.0,0.0
2022-07-12 00:00:00+09:00,1361.2894824317634,1363.9072828468975,1324.6393179293375,1350.8179931640625,9064,0.0,0.0
2022-07-13 00:00:00+09:00,1350.8180358963903,1363.907325993297,1303.6964765046555,1316.7857666015625,18528,0.0,0.0
2022-07-14 00:00:00+09:00,1345.582238561323,1348.2000388638073,1303.6963791620165,1319.403564453125,8674,0.0,0.0
2022-07-15 00:00:00+09:00,1361.2895282366248,1361.2895282366248,1306.3143755022293,1314.16796875,10074,0.0,0.0
2022-07-18 00:00:00+09:00,1361.2895370741116,1492.182726763697,1322.0215705803303,1426.736083984375,92268,0.0,0.0
2022-07-19 00:00:00+09:00,1429.3540273547844,1439.8255173869977,1371.7609759812049,1390.0860595703125,26323,0.0,0.0
2022-07-20 00:00:00+09:00,1376.996869735368,1429.3541319911415,1376.996869735368,1384.8504638671875,24834,0.0,0.0
2022-07-21 00:00:00+09:00,1366.525335704375,1395.3218146536674,1356.053845236875,1376.996826171875,12910,0.0,0.0
2022-07-22 00:00:00+09:00,1384.8504200552334,1387.468220770309,1356.053845236875,1376.996826171875,14872,0.0,0.0
2022-07-25 00:00:00+09:00,1376.9967469834976,1513.1256358871622,1363.907360684601,1471.2398681640625,65295,0.0,0.0
2022-07-26 00:00:00+09:00,1466.0039873846347,1599.5150677174745,1466.0039873846347,1544.5399169921875,136323,0.0,0.0
2022-07-27 00:00:00+09:00,1544.5399862771856,1586.425849236482,1497.418426398874,1510.5078125,36603,0.0,0.0
2022-07-28 00:00:00+09:00,1510.5078566526972,1547.1579278952147,1510.5078566526972,1518.3614501953125,16372,0.0,0.0
2022-07-29 00:00:00+09:00,1518.361484313174,1555.0115563792253,1500.0364003456164,1502.654296875,16662,0.0,0.0
2022-08-01 00:00:00+09:00,1502.6542734416835,1531.450751339578,1471.2398990552306,1500.036376953125,37416,0.0,0.0
2022-08-02 00:00:00+09:00,1481.711247875204,1544.5399947231851,1466.0040611632087,1536.6864013671875,17326,0.0,0.0
2022-08-03 00:00:00+09:00,1536.6863594298306,1565.4829315286477,1473.8576142964944,1526.2149658203125,18568,0.0,0.0
2022-08-04 00:00:00+09:00,1494.8005932536444,1539.3042557667386,1473.8576142964944,1526.2149658203125,66607,0.0,0.0
2022-08-05 00:00:00+09:00,1526.2150744062542,1565.4830429083956,1526.2150744062542,1547.157958984375,65092,0.0,0.0
2022-08-08 00:00:00+09:00,1549.7758116344805,1586.4258825759205,1523.5971347511315,1581.190185546875,27663,0.0,0.0
2022-08-09 00:00:00+09:00,1549.7758520314562,1602.1331112938553,1549.7758520314562,1591.66162109375,19648,0.0,0.0
2022-08-10 00:00:00+09:00,1552.3936197987878,1623.0760573160599,1552.3936197987878,1607.3687744140625,32685,0.0,0.0
2022-08-11 00:00:00+09:00,1596.8973805116614,1698.9940003699064,1596.8973805116614,1649.254638671875,69345,0.0,0.0
2022-08-12 00:00:00+09:00,1644.0188587452667,1670.1976318359375,1633.5474645518732,1670.1976318359375,23146,0.0,0.0
2022-08-16 00:00:00+09:00,1675.4331525981984,1691.140339002988,1664.9617589077102,1680.6689453125,82237,0.0,0.0
2022-08-17 00:00:00+09:00,1698.9939797007396,1698.9939797007396,1670.1975983123662,1685.90478515625,16758,0.0,0.0
2022-08-18 00:00:00+09:00,1685.90480566618,1685.90480566618,1625.6938581194197,1649.254638671875,48187,0.0,0.0
2022-08-19 00:00:00+09:00,1657.10823218936,1675.4332198174511,1636.1652522300255,1649.254638671875,15390,0.0,0.0
2022-08-22 00:00:00+09:00,1644.0188533243418,1685.9048134360519,1644.0188533243418,1675.4332275390625,22378,0.0,0.0
2022-08-23 00:00:00+09:00,1688.5226196089075,1688.5226196089075,1667.5796394839956,1670.1976318359375,9195,0.0,0.0
2022-08-24 00:00:00+09:00,1664.9618770412844,1693.7584514059658,1664.9618770412844,1683.286865234375,31594,0.0,0.0
2022-08-25 00:00:00+09:00,1683.2868210927427,1693.758406989732,1672.815426933877,1675.4332275390625,8376,0.0,0.0
2022-08-26 00:00:00+09:00,1664.961805451698,1691.1403862787977,1664.961805451698,1685.90478515625,10351,0.0,0.0
2022-08-29 00:00:00+09:00,1685.9048060712669,1738.2619683749995,1670.1976190325227,1733.0263671875,47209,0.0,0.0
2022-08-30 00:00:00+09:00,1738.2620789103005,1743.4978721688647,1701.612101314757,1712.08349609375,23907,0.0,0.0
2022-08-31 00:00:00+09:00,1675.4332531160505,1719.937014512336,1675.4332531160505,1717.3192138671875,23185,0.0,0.0
2022-09-01 00:00:00+09:00,1714.701171875,1719.9369647519443,1659.7260177505086,1714.701171875,86221,0.0,0.0
2022-09-02 00:00:00+09:00,1709.465517633986,1714.7011186101727,1662.3439584196171,1680.6689453125,17977,0.0,0.0
2022-09-05 00:00:00+09:00,1735.6441753633185,1735.6441753633185,1667.5796339853823,1675.4332275390625,93270,0.0,0.0
2022-09-06 00:00:00+09:00,1675.4331967462078,1691.1403835648853,1670.1975956320623,1688.5225830078125,27171,0.0,0.0
2022-09-07 00:00:00+09:00,1678.051180882936,1688.5225747984368,1657.1082013138148,1662.343994140625,41049,0.0,0.0
2022-09-08 00:00:00+09:00,1657.108245290602,1712.0834003476364,1649.2546517110259,1670.1976318359375,31107,0.0,0.0
2022-09-13 00:00:00+09:00,1623.0760325794104,1714.7011610496982,1623.0760325794104,1691.140380859375,11661,0.0,0.0
2022-09-14 00:00:00+09:00,1672.8154324497548,1691.1404202227247,1657.108245290602,1670.1976318359375,11374,0.0,0.0
2022-09-15 00:00:00+09:00,1670.1976186312097,1678.0512121486947,1636.1652522300255,1649.254638671875,15022,0.0,0.0
2022-09-16 00:00:00+09:00,1649.2545916030629,1675.4331720015166,1623.076011204609,1644.018798828125,10822,0.0,0.0
2022-09-19 00:00:00+09:00,1641.4009563739485,1675.4331291962703,1596.8972941383433,1633.54736328125,6052,0.0,0.0
2022-09-20 00:00:00+09:00,1623.0760781694119,1727.790595821652,1581.1902135870782,1612.6044921875,14800,0.0,0.0
2022-09-21 00:00:00+09:00,1617.8402747212442,1675.4332302969947,1596.8973904999768,1672.8154296875,34813,0.0,0.0
2022-09-22 00:00:00+09:00,1706.8475163582766,1706.8475163582766,1625.6937842765021,1654.4903564453125,25683,0.0,0.0
2022-09-23 00:00:00+09:00,1649.2545916030629,1675.4331720015166,1623.076011204609,1644.018798828125,10731,0.0,0.0
2022-09-26 00:00:00+09:00,1649.2547334130131,1659.7261281251463,1570.718793726679,1578.5723876953125,42693,0.0,0.0
2022-09-27 00:00:00+09:00,1596.897427789688,1596.897427789688,1523.5971875,1570.71875,20580,0.0,0.0
2022-09-28 00:00:00+09:00,1581.190195829103,1609.986673479703,1502.6542605374102,1562.8651123046875,49950,0.0,0.0
2022-09-29 00:00:00+09:00,1568.100830078125,1612.604495374836,1544.5400491794433,1568.100830078125,20473,0.0,0.0
2022-09-30 00:00:00+09:00,1612.6045194206238,1612.6045194206238,1549.775865289688,1570.71875,33205,0.0,0.0
2022-10-04 00:00:00+09:00,1570.718773343281,1623.0761297007675,1555.0115856098482,1573.336669921875,5278,0.0,0.0
2022-10-05 00:00:00+09:00,1575.9543036228097,1575.9543036228097,1523.597048682844,1565.48291015625,10212,0.0,0.0
2022-10-06 00:00:00+09:00,1466.0041128505045,1594.2795074774588,1466.0041128505045,1568.100830078125,7108,0.0,0.0
2022-10-07 00:00:00+09:00,1445.0612070300813,1717.3191795136738,1445.0612070300813,1607.3687744140625,55017,0.0,0.0
2022-10-11 00:00:00+09:00,1602.1330344460227,1602.1330344460227,1523.5971013849432,1555.011474609375,25294,0.0,0.0
2022-10-12 00:00:00+09:00,1549.7758243657736,1581.190198536235,1363.9073799445036,1518.3614501953125,395011,0.0,0.0
2022-10-13 00:00:00+09:00,1518.361542489691,1518.361542489691,1445.0612996800016,1450.2969970703125,11574,0.0,0.0
2022-10-14 00:00:00+09:00,1476.4756963250702,1528.8329585646384,1442.443423141363,1494.80078125,44308,0.0,0.0
2022-10-17 00:00:00+09:00,1494.8006695674665,1547.1579278952147,1494.8006695674665,1518.3614501953125,10468,0.0,0.0
2022-10-18 00:00:00+09:00,1523.597034386525,1570.7185921510568,1518.361337702373,1544.5399169921875,32412,0.0,0.0
2022-10-19 00:00:00+09:00,1520.9791845217537,1581.1901296375509,1494.8006044331146,1549.7757568359375,18915,0.0,0.0
2022-10-20 00:00:00+09:00,1547.157783425564,1578.5721546626314,1526.2149012238701,1557.6292724609375,6588,0.0,0.0
2022-10-21 00:00:00+09:00,1586.4258478338068,1589.043744225529,1531.450694691051,1555.011474609375,3471,0.0,0.0
2022-10-24 00:00:00+09:00,1557.6294838710855,1557.6294838710855,1518.361514495084,1531.4508056640625,11950,0.0,0.0
2022-10-25 00:00:00+09:00,1534.0685236238835,1544.5399169921875,1513.1255451491663,1544.5399169921875,10890,0.0,0.0
2022-10-26 00:00:00+09:00,1544.5399169921875,1568.1006958744533,1476.4754766219933,1544.5399169921875,4006,0.0,0.0
2022-10-27 00:00:00+09:00,1544.5399947231851,1557.6293808958876,1492.182737639554,1536.6864013671875,3412,0.0,0.0
2022-10-28 00:00:00+09:00,1555.011406229546,1555.011406229546,1528.832731070677,1544.5399169921875,3295,0.0,0.0
2022-10-31 00:00:00+09:00,1581.1901851172272,1581.1901851172272,1481.7112705089683,1539.3043212890625,13366,0.0,0.0
2022-11-01 00:00:00+09:00,1492.182662543504,1568.1006958744533,1492.182662543504,1544.5399169921875,5338,0.0,0.0
2022-11-02 00:00:00+09:00,1549.7757095453942,1549.7757095453942,1513.1255451491663,1544.5399169921875,6556,0.0,0.0
2022-11-03 00:00:00+09:00,1549.7758243657736,1549.7758243657736,1505.272063711579,1518.3614501953125,8709,0.0,0.0
2022-11-04 00:00:00+09:00,1539.3043343525992,1539.3043343525992,1515.7435537247534,1518.3614501953125,7623,0.0,0.0
2022-11-07 00:00:00+09:00,1494.8005468955835,1536.6863117727717,1476.4754648436547,1520.9791259765625,17605,0.0,0.0
2022-11-08 00:00:00+09:00,1555.0114393889844,1555.0114393889844,1494.8005906955948,1528.832763671875,11383,0.0,0.0
2022-11-09 00:00:00+09:00,1528.8327662881636,1552.3935457131647,1507.8898832000705,1526.2149658203125,7003,0.0,0.0
2022-11-10 00:00:00+09:00,1518.3614501953125,1544.5400314246556,1497.4184701689637,1518.3614501953125,11647,0.0,0.0
2022-11-11 00:00:00+09:00,1505.2720385050902,1654.4904091851108,1505.2720385050902,1560.2471923828125,150990,0.0,0.0
2022-11-14 00:00:00+09:00,1591.661579604966,1638.7832363426185,1531.4507282292302,1581.190185546875,45973,0.0,0.0
2022-11-15 00:00:00+09:00,1607.368701611719,1662.3439496060685,1557.6293421729688,1654.4903564453125,103185,0.0,0.0
2022-11-16 00:00:00+09:00,1719.936970220939,1727.7905636922674,1654.4904218725756,1709.465576171875,79389,0.0,0.0
2022-11-17 00:00:00+09:00,1675.4332866193904,1738.2620372643444,1675.4332866193904,1701.612060546875,54685,0.0,0.0
2022-11-18 00:00:00+09:00,1701.6119550774351,1803.708668547319,1680.668975581163,1753.9691162109375,90786,0.0,0.0
2022-11-21 00:00:00+09:00,1759.2048314161764,1774.9120174109637,1740.879845001628,1761.8226318359375,28864,0.0,0.0
2022-11-22 00:00:00+09:00,1777.5298680347282,1780.1478602665413,1733.0263009512928,1764.440673828125,24720,0.0,0.0
2022-11-23 00:00:00+09:00,1764.4406711899044,1774.9120648871528,1738.2618993396097,1767.0584716796875,13027,0.0,0.0
2022-11-24 00:00:00+09:00,1767.0586403762204,1774.912234333448,1738.2620652870078,1772.29443359375,18508,0.0,0.0
2022-11-25 00:00:00+09:00,1769.6764411159184,1772.29443359375,1743.4978585045374,1772.29443359375,12165,0.0,0.0
2022-11-28 00:00:00+09:00,1772.294297887739,1772.294297887739,1733.0263311083809,1751.351318359375,22579,0.0,0.0
2022-11-29 00:00:00+09:00,1751.351389206625,1756.5871822350489,1714.7012214839121,1717.3192138671875,7297,0.0,0.0
2022-11-30 00:00:00+09:00,1717.319110836381,1717.319110836381,1659.7259661934086,1680.6689453125,25897,0.0,0.0
2022-12-01 00:00:00+09:00,1691.140364092313,1704.2297502032002,1623.0760164871824,1638.783203125,52641,0.0,0.0
2022-12-02 00:00:00+09:00,1649.2545494666467,1649.2545494666467,1630.9295628297216,1633.54736328125,6343,0.0,0.0
2022-12-05 00:00:00+09:00,1675.4332572684564,1675.4332572684564,1617.840300765563,1630.9296875,126451,0.0,0.0
2022-12-06 00:00:00+09:00,1654.4904419447894,1672.8154296875,1609.9866811546362,1672.8154296875,80527,0.0,0.0
2022-12-07 00:00:00+09:00,1672.8154638209048,1672.8154638209048,1604.7510168111507,1657.1082763671875,31590,0.0,0.0
2022-12-08 00:00:00+09:00,1651.872394805334,1675.4331747236577,1612.604428274794,1641.4010009765625,34096,0.0,0.0
2022-12-09 00:00:00+09:00,1649.2546517110259,1670.1976318359375,1638.7832575176321,1670.1976318359375,13762,0.0,0.0
2022-12-12 00:00:00+09:00,1678.0512301093197,1780.1479469293945,1662.3440429062314,1698.9940185546875,104917,0.0,0.0
2022-12-13 00:00:00+09:00,1701.6120005434123,1712.083394702278,1649.2546462728365,1675.4332275390625,20976,0.0,0.0
2022-12-14 00:00:00+09:00,1664.9617354080242,1740.8798658723522,1664.9617354080242,1722.5546875,38352,0.0,0.0
2022-12-15 00:00:00+09:00,1738.2618967482213,1777.5298627270072,1722.554710356707,1769.67626953125,56925,0.0,0.0
2022-12-16 00:00:00+09:00,1759.2048811026145,1798.472847198655,1725.1727077320845,1764.440673828125,191683,0.0,0.0
2022-12-19 00:00:00+09:00,1761.8227696328297,1780.14794921875,1759.2049690083234,1780.14794921875,49647,0.0,0.0
2022-12-20 00:00:00+09:00,1780.1478995160983,1780.1478995160983,1746.1155336570907,1777.5299072265625,56488,0.0,0.0
2022-12-21 00:00:00+09:00,1777.5299072265625,1780.1478995160983,1753.9691270494586,1777.5299072265625,40348,0.0,0.0
2022-12-22 00:00:00+09:00,1777.529951334626,1808.9443256836216,1748.7335693401299,1785.383544921875,88566,0.0,0.0
2022-12-23 00:00:00+09:00,1803.7086155572922,1824.6514027001806,1767.058450450068,1806.326416015625,94240,0.0,0.0
2022-12-26 00:00:00+09:00,1788.0015440321579,1895.3338623046875,1782.7657510415008,1895.3338623046875,184098,0.0,0.0
2022-12-27 00:00:00+09:00,1895.3337900893002,1950.3089433131154,1811.562255859375,1811.562255859375,189403,0.0,0.0
2022-12-28 00:00:00+09:00,1850.8303442551976,1856.065945652811,1767.0586127739448,1814.18017578125,96547,0.0,0.0
2022-12-29 00:00:00+09:00,1803.7087843391446,1811.5623781871552,1730.408447265625,1730.408447265625,69661,0.0,0.0
2023-01-02 00:00:00+09:00,1730.4082922269142,1759.2048643355884,1696.376119180746,1746.115478515625,39537,0.0,0.0
2023-01-03 00:00:00+09:00,1727.7905409472605,1748.7335205078125,1670.1975868283916,1748.7335205078125,24708,0.0,0.0
2023-01-04 00:00:00+09:00,1748.7335286066595,1795.8550890325446,1730.4083495045131,1774.912109375,30936,0.0,0.0
2023-01-05 00:00:00+09:00,1790.6193434549004,1803.7087300536828,1759.2049690083234,1780.14794921875,28882,0.0,0.0
2023-01-06 00:00:00+09:00,1761.82269017201,1806.3264492101837,1761.82269017201,1790.6192626953125,25191,0.0,0.0
2023-01-09 00:00:00+09:00,1803.7086345382745,1803.7086345382745,1764.4406685594886,1769.67626953125,43968,0.0,0.0
2023-01-10 00:00:00+09:00,1769.6762274168166,1785.383413434534,1706.847483345946,1759.204833984375,27891,0.0,0.0
2023-01-11 00:00:00+09:00,1751.3513152807484,1869.1552154117405,1743.4977219386822,1840.358642578125,152898,0.0,0.0
2023-01-12 00:00:00+09:00,1858.6837934185767,1879.6265808552043,1837.7408142438335,1850.8302001953125,64453,0.0,0.0
2023-01-13 00:00:00+09:00,1850.830183396177,1874.3909628521194,1801.0906322748892,1832.5050048828125,27213,0.0,0.0
2023-01-16 00:00:00+09:00,1819.4158548246944,1853.4480287276083,1782.7656886490129,1840.358642578125,38079,0.0,0.0
2023-01-17 00:00:00+09:00,1819.4160098128284,1858.6839798682267,1808.9444233059655,1824.651611328125,13257,0.0,0.0
2023-01-18 00:00:00+09:00,1824.6515051190397,1874.391058786067,1806.3265174058909,1842.9766845703125,29061,0.0,0.0
2023-01-19 00:00:00+09:00,1837.7410935902487,1892.7162545096153,1811.5625094461227,1863.919677734375,117337,0.0,0.0
2023-01-20 00:00:00+09:00,1882.2446306362488,1882.2446306362488,1793.2371102258546,1795.8551025390625,97723,0.0,0.0
2023-01-25 00:00:00+09:00,1795.8550413425173,1806.3264350241552,1696.3761302835546,1769.67626953125,144114,0.0,0.0
2023-01-26 00:00:00+09:00,1777.5298440215122,1816.7978095870692,1759.2048573369566,1806.326416015625,42693,0.0,0.0
2023-01-27 00:00:00+09:00,1767.0585571310023,1803.708724450872,1748.7335693401299,1785.383544921875,300,0.0,0.0
2023-01-30 00:00:00+09:00,1785.3835250958807,1908.42322050918,1785.3835250958807,1905.805419921875,9135,0.0,0.0
2023-01-31 00:00:00+09:00,1911.0409656944453,2018.3734709960459,1895.333779149729,1960.780517578125,138,0.0,0.0
2023-02-01 00:00:00+09:00,1958.1625975957054,2057.641513296274,1958.1625975957054,2041.934326171875,1726,0.0,0.0
2023-02-02 00:00:00+09:00,2062.8773485140946,2251.363597868536,2062.8773485140946,2248.74560546875,10015,0.0,0.0
2023-02-03 00:00:00+09:00,2240.8919289377313,2253.981315238583,2091.6736537128772,2227.802734375,3861,0.0,0.0
2023-02-06 00:00:00+09:00,2199.0061612083737,2400.581789898515,2199.0061612083737,2227.802734375,268,0.0,0.0
2023-02-07 00:00:00+09:00,2356.078322815847,2426.760672500323,2267.0709834221857,2350.842529296875,239787,0.0,0.0
2023-02-08 00:00:00+09:00,2358.695954145795,2450.3212795813106,2358.695954145795,2426.760498046875,22,0.0,0.0
2023-02-09 00:00:00+09:00,2408.435402554942,2921.536780352971,2369.167435077079,2649.27880859375,23932,0.0,0.0
2023-02-10 00:00:00+09:00,2628.336040957231,2717.343370689457,2476.4997710316334,2696.400390625,2175,0.0,0.0
2023-02-13 00:00:00+09:00,2659.75021478551,2722.5789585069147,2549.799913273051,2617.8642578125,31,0.0,0.0
2023-02-14 00:00:00+09:00,2573.360860168915,2591.6858477046244,2497.442725969911,2536.710693359375,255,0.0,0.0
2023-02-15 00:00:00+09:00,2507.9140949525513,2638.8073821880794,2473.8819208013247,2578.596435546875,1801,0.0,0.0
2023-02-16 00:00:00+09:00,2565.507562299385,2633.5719191250305,2489.5894193527793,2570.7431640625,138532,0.0,0.0
2023-02-17 00:00:00+09:00,2568.125083066647,2570.742883662672,2384.8746313680754,2471.26416015625,252138,0.0,0.0
2023-02-20 00:00:00+09:00,2460.79256380306,2502.6785235895945,2361.313840720816,2447.703369140625,91509,0.0,0.0
2023-02-21 00:00:00+09:00,2447.7034665210726,2528.857205261688,2408.43549749527,2486.971435546875,76,0.0,0.0
2023-02-22 00:00:00+09:00,2460.792438729198,2479.1176171061948,2361.313720703125,2361.313720703125,2658,0.0,0.0
2023-02-23 00:00:00+09:00,2361.313724677113,2680.6930498597508,2358.6957324827863,2623.10009765625,5613,0.0,0.0
2023-02-24 00:00:00+09:00,2623.099990739577,2801.1148244829087,2602.1570127291543,2644.04296875,352747,0.0,0.0
2023-02-27 00:00:00+09:00,2644.043341423304,2649.2789428602796,2549.8002147001544,2557.65380859375,139426,0.0,0.0
2023-02-28 00:00:00+09:00,2555.0356966102763,2586.4500707150673,2442.467586647484,2471.26416015625,157221,0.0,0.0
2023-03-02 00:00:00+09:00,2471.2640237484416,2489.5890103853667,2356.077927809495,2450.321044921875,255187,0.0,0.0
2023-03-03 00:00:00+09:00,2431.9961553248036,2481.7355163171883,2379.6388020383165,2405.8173828125,180277,0.0,0.0
2023-03-06 00:00:00+09:00,2384.8746901197646,2581.214533111564,2366.549510281778,2528.857177734375,205062,0.0,0.0
2023-03-07 00:00:00+09:00,2521.0033517834627,2521.0033517834627,2424.1424354095743,2463.410400390625,272974,0.0,0.0
2023-03-08 00:00:00+09:00,2447.7031796415395,2513.149723101266,2405.8172230977802,2481.7353515625,49102,0.0,0.0
2023-03-09 00:00:00+09:00,2442.467646817983,2570.7429469932495,2434.614053098311,2528.857177734375,99576,0.0,0.0
2023-03-10 00:00:00+09:00,2505.296396575359,2575.978740052407,2424.1426587181245,2528.857177734375,152422,0.0,0.0
2023-03-13 00:00:00+09:00,2460.7925487988814,2604.7752231127397,2421.5245815747603,2513.14990234375,198715,0.0,0.0
2023-03-14 00:00:00+09:00,2463.4104430405737,2463.4104430405737,2322.045766661291,2384.87451171875,196792,0.0,0.0
2023-03-15 00:00:00+09:00,2387.4924476737433,2416.2890213719897,2259.2171498145067,2322.0458984375,206832,0.0,0.0
2023-03-16 00:00:00+09:00,2322.0458405585937,2322.0458405585937,2112.616619789437,2293.249267578125,126937,0.0,0.0
2023-03-17 00:00:00+09:00,2293.249424164871,2306.33881127487,2196.38849641765,2277.542236328125,163798,0.0,0.0
2023-03-20 00:00:00+09:00,2253.9814860679385,2416.28915989495,2191.1527338430483,2264.452880859375,93426,0.0,0.0
2023-03-21 00:00:00+09:00,2264.452751271411,2295.867125586104,2199.006202028509,2238.274169921875,66792,0.0,0.0
2023-03-22 00:00:00+09:00,2251.36340725726,2251.36340725726,2149.266697500937,2193.770263671875,54484,0.0,0.0
2023-03-23 00:00:00+09:00,2178.062854274651,2191.152238609147,2089.0555393191153,2151.88427734375,121402,0.0,0.0
2023-03-24 00:00:00+09:00,2151.8845953815517,2248.7455169057275,2089.0558480711416,2233.038330078125,130887,0.0,0.0
2023-03-27 00:00:00+09:00,2233.038383439557,2233.038383439557,2044.552137004196,2065.4951171875,139887,0.0,0.0
2023-03-28 00:00:00+09:00,2068.1128616756423,2138.7952021704336,2057.6414677372686,2120.47021484375,91662,0.0,0.0
2023-03-29 00:00:00+09:00,2141.413205296063,2167.591786143544,2094.2916447277253,2144.031005859375,49254,0.0,0.0
2023-03-30 00:00:00+09:00,2133.559326171875,2172.8272880539457,2086.43777191339,2133.559326171875,80788,0.0,0.0
2023-03-31 00:00:00+09:00,2146.649081788186,2178.0634595301503,2094.2919133770088,2102.1455078125,42004,0.0,0.0
2023-04-03 00:00:00+09:00,2081.2022939828726,2125.7060547480446,2031.4629320016502,2041.934326171875,144453,0.0,0.0
2023-04-04 00:00:00+09:00,2015.7557910472938,2091.6737360620086,1984.3414160789625,2047.170166015625,144067,0.0,0.0
2023-04-05 00:00:00+09:00,2047.170041288384,2102.145194133511,2026.2270620061063,2049.787841796875,28060,0.0,0.0
2023-04-06 00:00:00+09:00,2010.519888853206,2274.9242610656174,2010.519888853206,2157.120361328125,260095,0.0,0.0
2023-04-07 00:00:00+09:00,2157.1204927332496,2175.445481007122,2049.7879802991297,2099.52734375,109458,0.0,0.0
2023-04-10 00:00:00+09:00,2094.2915576088913,2188.5346748252196,2034.0806132524215,2128.32373046875,205789,0.0,0.0
2023-04-11 00:00:00+09:00,2112.616587905591,2149.2667537150483,2039.3164480247945,2049.787841796875,138442,0.0,0.0
2023-04-12 00:00:00+09:00,2057.6415795816397,2073.3487672120336,1979.1056414296686,2013.1378173828125,184791,0.0,0.0
2023-04-13 00:00:00+09:00,2020.9912342043624,2094.291564552152,1989.5768616947707,2068.11279296875,76206,0.0,0.0
2023-04-14 00:00:00+09:00,2057.6414822091,2120.4702297574695,2041.9342953220075,2055.023681640625,43899,0.0,0.0
2023-04-17 00:00:00+09:00,2055.0236557253506,2374.402990576553,2052.405663451769,2269.6884765625,846354,0.0,0.0
2023-04-18 00:00:00+09:00,2253.9813773558312,2408.4354497052345,2230.420596407861,2285.395751953125,253407,0.0,0.0
2023-04-19 00:00:00+09:00,2285.3957529806567,2285.3957529806567,2185.916836131791,2201.6240234375,163545,0.0,0.0
2023-04-20 00:00:00+09:00,2201.624019795096,2201.624019795096,2034.0807527240954,2089.055908203125,223978,0.0,0.0
2023-04-21 00:00:00+09:00,2049.7879145196143,2274.92432664265,2034.080727435173,2214.71337890625,301609,0.0,0.0
2023-04-24 00:00:00+09:00,2209.4776444206236,2256.5992069206236,2133.559699329376,2159.73828125,128260,0.0,0.0
2023-04-25 00:00:00+09:00,2138.7950038214376,2157.120181186789,2070.7306619270257,2125.705810546875,103494,0.0,0.0
2023-04-26 00:00:00+09:00,2057.641601493045,2240.892061886331,2057.641601493045,2170.209716796875,129520,0.0,0.0
2023-04-27 00:00:00+09:00,2251.3632494550384,2377.0207295783316,2146.648554860228,2209.477294921875,249637,0.0,0.0
2023-04-28 00:00:00+09:00,2209.477585965395,2243.5099524737675,2136.1774434840427,2214.71337890625,125725,0.0,0.0
2023-05-02 00:00:00+09:00,2214.71337890625,2251.363546015988,2138.7952440854083,2214.71337890625,81366,0.0,0.0
2023-05-03 00:00:00+09:00,2209.4776464273127,2285.395783325639,2146.6488963702504,2272.306396484375,104871,0.0,0.0
2023-05-04 00:00:00+09:00,2219.9491159599957,2342.988617198525,2183.298949772924,2269.6884765625,143338,0.0,0.0
2023-05-08 00:00:00+09:00,2259.2172793327245,2293.249456208495,2225.1849107188186,2264.452880859375,37674,0.0,0.0
2023-05-09 00:00:00+09:00,2214.713379053252,2301.1029080234143,2214.713379053252,2298.485107421875,38479,0.0,0.0
2023-05-10 00:00:00+09:00,2277.5421008765866,2319.4278687041387,2219.9491461464377,2256.59912109375,71995,0.0,0.0
2023-05-11 00:00:00+09:00,2251.363531174612,2392.7282140026855,2230.4205512873755,2363.931640625,220089,0.0,0.0
2023-05-12 00:00:00+09:00,2342.9887212696385,2434.614044938082,2235.6564019526254,2421.524658203125,153550,0.0,0.0
2023-05-15 00:00:00+09:00,2510.532021838865,2510.532021838865,2267.0706328011875,2348.224365234375,187498,0.0,0.0
2023-05-16 00:00:00+09:00,2327.281581821011,2392.7283251057606,2277.542217984632,2342.98876953125,93936,0.0,0.0
2023-05-17 00:00:00+09:00,2342.9888539411286,2345.60684647924,2280.1601008366683,2329.899658203125,58992,0.0,0.0
2023-05-18 00:00:00+09:00,2329.899658203125,2350.8424480791864,2290.631687512837,2329.899658203125,87351,0.0,0.0
2023-05-19 00:00:00+09:00,2329.8993914648895,2350.8421789433187,2272.306246553919,2282.77783203125,85102,0.0,0.0
2023-05-22 00:00:00+09:00,2288.0134895350534,2288.0134895350534,2196.388360643452,2227.802734375,121608,0.0,0.0
2023-05-23 00:00:00+09:00,2230.4206173608886,2301.102960868804,2209.477636853241,2248.74560546875,93471,0.0,0.0
2023-05-24 00:00:00+09:00,2290.631372548153,2290.631372548153,2159.738090999138,2193.770263671875,110467,0.0,0.0
2023-05-25 00:00:00+09:00,2209.4776526385517,2209.4776526385517,2028.844995716707,2070.73095703125,599200,0.0,0.0
2023-05-26 00:00:00+09:00,2091.6736225374393,2159.73816185403,2065.495042064036,2157.120361328125,152677,0.0,0.0
2023-05-30 00:00:00+09:00,2159.738186668439,2460.7925366549694,2159.738186668439,2405.8173828125,804076,0.0,0.0
2023-05-31 00:00:00+09:00,2408.435546875,2434.6141295162265,2285.39584415878,2408.435546875,210486,0.0,0.0
2023-06-01 00:00:00+09:00,2369.1676700019198,2369.1676700019198,2274.924538709973,2340.37109375,135984,0.0,0.0
2023-06-02 00:00:00+09:00,2324.6636561345667,2324.6636561345667,2209.477555206183,2227.802734375,177483,0.0,0.0
2023-06-05 00:00:00+09:00,2227.802831897846,2327.2815585770504,2204.2420505678033,2267.07080078125,60087,0.0,0.0
2023-06-07 00:00:00+09:00,2267.070701539435,2322.0458555696446,2191.1525677754867,2227.802734375,69376,0.0,0.0
2023-06-08 00:00:00+09:00,2188.5349243571063,2324.6638230557687,2188.5349243571063,2240.89208984375,93190,0.0,0.0
2023-06-09 00:00:00+09:00,2201.6238386006844,2243.5097957248,2196.3882377637524,2230.42041015625,39313,0.0,0.0
2023-06-12 00:00:00+09:00,2219.949260293133,2555.0358036194743,2183.299091723199,2342.98876953125,643095,0.0,0.0
2023-06-13 00:00:00+09:00,2353.4604814532618,2371.7854708473155,2295.8673289494227,2340.37109375,139849,0.0,0.0
2023-06-14 00:00:00+09:00,2327.2815684176016,2327.2815684176016,2233.038442698939,2290.631591796875,101571,0.0,0.0
2023-06-15 00:00:00+09:00,2267.0709181055136,2267.0709181055136,2146.649012805643,2162.356201171875,183669,0.0,0.0
2023-06-16 00:00:00+09:00,2162.356079931524,2243.510009765625,2136.1774980349815,2243.510009765625,87112,0.0,0.0
2023-06-19 00:00:00+09:00,2204.242015813869,2253.981378369239,2172.827641202451,2201.6240234375,75120,0.0,0.0
2023-06-20 00:00:00+09:00,2199.006269461744,2214.7134571007564,2170.209694877511,2206.85986328125,114738,0.0,0.0
2023-06-21 00:00:00+09:00,2193.7700387808095,2193.7700387808095,2107.380523996936,2151.88427734375,67281,0.0,0.0
2023-06-22 00:00:00+09:00,2107.380809169105,2170.209555695768,2107.380809169105,2157.120361328125,30007,0.0,0.0
2023-06-23 00:00:00+09:00,2146.6488944206235,2167.591875,2109.998918079376,2159.73828125,34288,0.0,0.0
2023-06-26 00:00:00+09:00,2159.7382992633575,2159.7382992633575,2078.5845604158685,2094.291748046875,62727,0.0,0.0
2023-06-27 00:00:00+09:00,2136.177121668007,2146.6485142340734,2089.0555675135656,2138.794921875,102172,0.0,0.0
2023-06-28 00:00:00+09:00,2128.323961224746,2188.534912109375,2099.5273861515525,2188.534912109375,90738,0.0,0.0
2023-06-29 00:00:00+09:00,2151.884544154576,2235.6562691535905,2141.4131504314923,2199.006103515625,55390,0.0,0.0
2023-06-30 00:00:00+09:00,2222.566852563134,2303.720584209272,2123.087942481526,2212.095458984375,210049,0.0,0.0
2023-07-03 00:00:00+09:00,2222.5671422289633,2233.038537172453,2057.641665243775,2109.9990234375,492393,0.0,0.0
2023-07-04 00:00:00+09:00,2146.648639269743,2146.648639269743,2078.5842960186305,2136.17724609375,185263,0.0,0.0
2023-07-05 00:00:00+09:00,2115.2342680036586,2167.591617359835,2083.819896737574,2136.17724609375,221164,0.0,0.0
2023-07-06 00:00:00+09:00,2115.234521523412,2151.884689639223,2075.966552734375,2075.966552734375,409951,0.0,0.0
2023-07-07 00:00:00+09:00,2065.4949925056553,2094.291564552152,2028.8448273317604,2068.11279296875,83293,0.0,0.0
2023-07-10 00:00:00+09:00,2065.4949977353476,2096.9093703244785,2028.8448324686574,2062.877197265625,77590,0.0,0.0
2023-07-11 00:00:00+09:00,2047.1701491531828,2112.61669921875,2047.1701491531828,2112.61669921875,40633,0.0,0.0
2023-07-12 00:00:00+09:00,2112.6169031471063,2117.852696683482,2083.820326304257,2102.1455078125,29299,0.0,0.0
2023-07-13 00:00:00+09:00,2104.7632242263408,2117.8526116727994,2094.2918293120565,2115.234619140625,45838,0.0,0.0
2023-07-14 00:00:00+09:00,2115.234452877936,2183.2989938160845,2078.5844776896515,2107.380859375,64708,0.0,0.0
2023-07-17 00:00:00+09:00,2112.616736370339,2112.616736370339,2060.2593803542745,2094.291748046875,20358,0.0,0.0
2023-07-18 00:00:00+09:00,2096.9095941860883,2096.9095941860883,2013.1378610924094,2020.991455078125,157477,0.0,0.0
2023-07-19 00:00:00+09:00,2026.22721005429,2057.641585403969,1976.4878463300088,2007.9022216796875,61927,0.0,0.0
2023-07-20 00:00:00+09:00,2005.2840795367886,2005.2840795367886,1950.3089267790347,1966.01611328125,79830,0.0,0.0
2023-07-21 00:00:00+09:00,1966.0161807226818,2020.9913353662814,1900.5696319644378,1934.601806640625,90832,0.0,0.0
2023-07-24 00:00:00+09:00,1926.7483997379138,1926.7483997379138,1842.9768552307055,1877.009033203125,178968,0.0,0.0
2023-07-25 00:00:00+09:00,1858.6835856373502,1981.7230712218957,1853.4477934944418,1926.7479248046875,110260,0.0,0.0
2023-07-26 00:00:00+09:00,1926.7479248046877,1966.0158865312649,1861.3013858397571,1926.7479248046875,161179,0.0,0.0
2023-07-27 00:00:00+09:00,1866.5374795937705,2020.9913595175578,1866.5374795937705,1979.1055908203125,64071,0.0,0.0
2023-07-28 00:00:00+09:00,1966.016044534079,2379.638671875,1950.3088585811086,2379.638671875,1604941,0.0,0.0
2023-07-31 00:00:00+09:00,2418.906636757426,2452.938809076158,2306.338534673842,2379.638671875,632058,0.0,0.0
2023-08-01 00:00:00+09:00,2374.4028581914176,2610.010645390283,2348.224279082024,2565.507080078125,659991,0.0,0.0
2023-08-02 00:00:00+09:00,2565.5074371445417,2780.1722758900037,2424.1427451501345,2764.465087890625,1312107,0.0,0.0
2023-08-03 00:00:00+09:00,3141.437349422244,3141.437349422244,2727.8147011689425,2895.358154296875,3306226,0.0,0.0
2023-08-04 00:00:00+09:00,2895.35804615325,3445.1093700304314,2895.35804615325,3272.330322265625,3860457,0.0,0.0
2023-08-07 00:00:00+09:00,3246.15207960043,3293.2736401907127,2937.2439434609423,2942.479736328125,1401147,0.0,0.0
2023-08-08 00:00:00+09:00,2895.3582648243705,3036.722950944831,2680.693243260475,2790.6435546875,1457770,0.0,0.0
2023-08-09 00:00:00+09:00,2816.822447753172,3089.080245503407,2774.9364852238014,2984.36572265625,1255654,0.0,0.0
2023-08-10 00:00:00+09:00,2973.893996487857,3052.4299278058625,2774.9361759901662,2879.65087890625,688800,0.0,0.0
2023-08-11 00:00:00+09:00,2832.5295130508825,3005.3085737192,2769.700763716949,2958.18701171875,416056,0.0,0.0
2023-08-14 00:00:00+09:00,2905.8298041305643,3010.544327754089,2617.864624493202,2727.81494140625,667608,0.0,0.0
2023-08-16 00:00:00+09:00,2727.814831920624,2759.2292069206237,2644.0432930793763,2748.7578125,176602,0.0,0.0
2023-08-17 00:00:00+09:00,2706.872043079376,2748.7578125,2526.239386829376,2748.7578125,464922,0.0,0.0
2023-08-18 00:00:00+09:00,2717.3434396042962,2816.8223577607087,2644.0432951269095,2664.986083984375,309403,0.0,0.0
2023-08-21 00:00:00+09:00,2696.4005409310926,3068.137451171875,2696.4005409310926,3068.137451171875,2002299,0.0,0.0
2023-08-22 00:00:00+09:00,3005.308653489367,3178.0877187437736,2926.7727147373635,3062.901611328125,736887,0.0,0.0
2023-08-23 00:00:00+09:00,3099.551683577343,3340.395285504533,3036.7229345300866,3219.973388671875,1207402,0.0,0.0
2023-08-24 00:00:00+09:00,3219.9732066980414,3272.3303667864207,2984.3654110859898,3104.787109375,666567,0.0,0.0
2023-08-25 00:00:00+09:00,3078.608799078526,3141.4375500801284,3000.0728603265225,3062.901611328125,406155,0.0,0.0
2023-08-28 00:00:00+09:00,3036.7230751931124,3115.2590151400195,2937.2441540143186,3068.137451171875,364738,0.0,0.0
2023-08-29 00:00:00+09:00,3094.31591796875,3115.2588984159347,2989.601399209082,3094.31591796875,334443,0.0,0.0
2023-08-30 00:00:00+09:00,3115.2588509608468,3214.737575158816,3036.7229151529104,3172.851806640625,512325,0.0,0.0
2023-08-31 00:00:00+09:00,3209.501994410041,3267.094950457317,3068.1373090537145,3219.973388671875,480859,0.0,0.0
2023-09-01 00:00:00+09:00,3167.6158325801953,3204.2659977746357,2848.2365063790476,2879.65087890625,1060798,0.0,0.0
2023-09-04 00:00:00+09:00,2890.122182560902,2921.5365541104766,2733.0503248130267,2863.943603515625,421933,0.0,0.0
2023-09-05 00:00:00+09:00,2837.7649203796236,3005.308368310853,2790.6433615998617,2968.658203125,348889,0.0,0.0
2023-09-06 00:00:00+09:00,2905.829453502276,3005.308363570914,2790.6433571984903,2884.886474609375,360174,0.0,0.0
2023-09-07 00:00:00+09:00,2816.822264994784,2848.2366389845465,2696.4003702086106,2733.050537109375,360415,0.0,0.0
2023-09-08 00:00:00+09:00,2738.286288318172,2785.4078485851874,2670.2217484642206,2722.5791015625,208801,0.0,0.0
2023-09-11 00:00:00+09:00,2696.4004569206236,2785.4079805793763,2659.750480579376,2748.7578125,151612,0.0,0.0
2023-09-12 00:00:00+09:00,2738.286329368987,2738.286329368987,2610.0108411158876,2649.27880859375,300504,0.0,0.0
2023-09-13 00:00:00+09:00,2664.9860163973763,2717.343370689457,2560.2714995513384,2696.400390625,310470,0.0,0.0
2023-09-14 00:00:00+09:00,2706.872151724427,2738.286527985298,2659.7505873331206,2727.81494140625,113844,0.0,0.0
2023-09-15 00:00:00+09:00,2696.4002844886027,2780.172009710863,2610.0107587631237,2628.3359375,182091,0.0,0.0
2023-09-18 00:00:00+09:00,2617.8643500745297,2738.2862409433533,2565.5071896201957,2717.34326171875,184372,0.0,0.0
2023-09-19 00:00:00+09:00,2717.34332476561,2816.8222387179053,2644.043183385988,2774.936279296875,186352,0.0,0.0
2023-09-20 00:00:00+09:00,2790.6431566902916,2822.0575269034584,2712.1072311573744,2806.350341796875,130707,0.0,0.0
2023-09-21 00:00:00+09:00,2827.293887455005,2827.293887455005,2664.98621148469,2769.700927734375,223644,0.0,0.0
2023-09-22 00:00:00+09:00,2748.7578998912463,2795.8794638893824,2664.986166648516,2764.465087890625,89004,0.0,0.0
2023-09-25 00:00:00+09:00,2764.465002140787,2822.0579591060105,2633.571708960048,2664.986083984375,161607,0.0,0.0
2023-09-26 00:00:00+09:00,2680.693203511188,2722.5791636401023,2615.2466544496797,2696.400390625,79179,0.0,0.0
2023-09-27 00:00:00+09:00,2696.400588011968,2795.879510927727,2612.629045097986,2769.700927734375,176073,0.0,0.0
2023-10-04 00:00:00+09:00,2717.343283913352,2717.343283913352,2578.5964049260724,2591.685791015625,196845,0.0,0.0
2023-10-05 00:00:00+09:00,2633.5717952937707,2680.693359375,2549.800253641453,2680.693359375,325890,0.0,0.0
2023-10-06 00:00:00+09:00,2680.6931423886285,2769.7006618295154,2623.1001881972047,2722.5791015625,186657,0.0,0.0
2023-10-10 00:00:00+09:00,2722.5789585069147,2748.7575378114634,2575.9784925776,2617.8642578125,151012,0.0,0.0
2023-10-11 00:00:00+09:00,2638.8073069852944,2691.1646587350087,2607.3929342830884,2670.2216796875,178527,0.0,0.0
2023-10-12 00:00:00+09:00,2706.8720890435993,2769.7008401104667,2644.0433379767314,2753.99365234375,100327,0.0,0.0
2023-10-13 00:00:00+09:00,2743.5220194206236,2790.6435819206235,2675.457668079376,2748.7578125,73612,0.0,0.0
2023-10-16 00:00:00+09:00,2717.3432866262706,2774.9362403491887,2589.0679930778138,2675.45751953125,219867,0.0,0.0
2023-10-17 00:00:00+09:00,2696.4002624174345,2853.4721260871515,2565.5071705180803,2843.000732421875,251722,0.0,0.0
2023-10-18 00:00:00+09:00,2822.0581661457527,2827.2939596133065,2706.8722437647134,2738.28662109375,90732,0.0,0.0
2023-10-19 00:00:00+09:00,2733.050425091912,2733.050425091912,2615.24652745864,2670.2216796875,75498,0.0,0.0
2023-10-20 00:00:00+09:00,2659.750377226509,2664.985978364311,2494.8249148852005,2513.14990234375,322014,0.0,0.0
2023-10-23 00:00:00+09:00,2479.117882493195,2547.182235431334,2418.9069317511794,2497.44287109375,88542,0.0,0.0
2023-10-24 00:00:00+09:00,2562.889248748136,2664.985962939937,2497.4427009994324,2578.596435546875,132370,0.0,0.0
2023-10-25 00:00:00+09:00,2602.157420975954,2633.571797051069,2526.2394732865173,2568.125244140625,77238,0.0,0.0
2023-10-26 00:00:00+09:00,2513.149928383263,2513.149928383263,2429.378200191113,2471.26416015625,202327,0.0,0.0
2023-10-27 00:00:00+09:00,2476.499900089816,2476.499900089816,2382.2567724956393,2408.435546875,145273,0.0,0.0
2023-10-30 00:00:00+09:00,2387.4924319641,2534.0929083658316,2384.8746313680754,2471.26416015625,44049,0.0,0.0
2023-10-31 00:00:00+09:00,2570.742834757012,2570.742834757012,2413.670967221184,2466.0283203125,113907,0.0,0.0
2023-11-01 00:00:00+09:00,2466.028278511141,2591.685770409798,2434.6139055364765,2455.556884765625,60652,0.0,0.0
2023-11-02 00:00:00+09:00,2539.328659884871,2557.653840356256,2476.4999079558584,2544.564453125,31053,0.0,0.0
2023-11-03 00:00:00+09:00,2534.0930400329944,2565.5074157700224,2460.792702154506,2497.44287109375,63463,0.0,0.0
2023-11-06 00:00:00+09:00,2515.7678410407234,2578.5965920489257,2460.792683908546,2562.889404296875,106206,0.0,0.0
2023-11-07 00:00:00+09:00,2562.88938117134,2573.3609674036406,2437.2318802887717,2486.971435546875,39663,0.0,0.0
2023-11-08 00:00:00+09:00,2468.6461410329875,2510.5321005435885,2400.5817923699733,2429.378173828125,77893,0.0,0.0
2023-11-09 00:00:00+09:00,2431.9960651940014,2434.613865652967,2353.460134043906,2390.110107421875,82855,0.0,0.0
2023-11-10 00:00:00+09:00,2390.110332661967,2390.110332661967,2306.338792699447,2342.98876953125,92104,0.0,0.0
2023-11-13 00:00:00+09:00,2382.2566331748917,2382.2566331748917,2256.5991370647766,2274.92431640625,87411,0.0,0.0
2023-11-14 00:00:00+09:00,2298.4852313484607,2481.7356933133146,2295.867238867644,2408.435546875,89541,0.0,0.0
2023-11-15 00:00:00+09:00,2484.3533302731676,2654.514585568469,2392.728201200262,2596.921630859375,271767,0.0,0.0
2023-11-16 00:00:00+09:00,2596.9214517046403,2617.864238296912,2481.7353584947145,2565.507080078125,80311,0.0,0.0
2023-11-17 00:00:00+09:00,2565.5072558886186,2610.0108242505416,2473.881935119629,2513.14990234375,47488,0.0,0.0
2023-11-20 00:00:00+09:00,2513.150017651367,2539.3285997558587,2471.264247936554,2486.971435546875,25206,0.0,0.0
2023-11-21 00:00:00+09:00,2505.2962010549218,2733.0504011508237,2476.4996290841145,2623.10009765625,201700,0.0,0.0
2023-11-22 00:00:00+09:00,2670.2217613933512,2670.2217613933512,2565.5072464278874,2573.36083984375,55125,0.0,0.0
2023-11-23 00:00:00+09:00,2575.978660748839,2602.157241762441,2523.621306983513,2536.710693359375,47800,0.0,0.0
2023-11-24 00:00:00+09:00,2534.0930269129626,2586.450191711513,2505.296452057067,2557.65380859375,29172,0.0,0.0
2023-11-27 00:00:00+09:00,2604.7751771051776,2604.7751771051776,2539.3284383955324,2591.685791015625,50238,0.0,0.0
2023-11-28 00:00:00+09:00,2596.9216667296073,2717.343370689457,2544.5643124375265,2696.400390625,118446,0.0,0.0
2023-11-29 00:00:00+09:00,2649.278902092175,2774.9364024560427,2649.278902092175,2659.75048828125,112285,0.0,0.0
2023-11-30 00:00:00+09:00,2717.343258256692,2717.343258256692,2602.157160275302,2633.571533203125,42018,0.0,0.0
2023-12-01 00:00:00+09:00,2685.9289220861488,2685.9289220861488,2604.7751881580452,2615.24658203125,48600,0.0,0.0
2023-12-04 00:00:00+09:00,2552.4180791414046,2617.8646326425746,2523.621503566584,2531.47509765625,89322,0.0,0.0
2023-12-05 00:00:00+09:00,2513.14990234375,2578.5964504712447,2460.7925487988814,2513.14990234375,40312,0.0,0.0
2023-12-06 00:00:00+09:00,2513.149723101266,2513.149723101266,2447.7031796415395,2481.7353515625,45396,0.0,0.0
2023-12-07 00:00:00+09:00,2468.6460315588,2492.2068108368953,2437.231659188007,2450.321044921875,12643,0.0,0.0
2023-12-08 00:00:00+09:00,2458.1747785650864,2526.239319839554,2442.4675914816034,2500.060546875,55269,0.0,0.0
2023-12-11 00:00:00+09:00,2518.3855226383516,2581.2142658913826,2502.678336825094,2565.507080078125,53160,0.0,0.0
2023-12-12 00:00:00+09:00,2570.7426808571386,2623.1000308140337,2463.41037229195,2565.507080078125,86940,0.0,0.0
2023-12-13 00:00:00+09:00,2591.6857203327795,2591.6857203327795,2489.589010137852,2539.328369140625,45997,0.0,0.0
2023-12-14 00:00:00+09:00,2586.449890791831,2586.449890791831,2468.64599609375,2468.64599609375,65265,0.0,0.0
2023-12-15 00:00:00+09:00,2460.7924082331483,2481.735386802412,2411.0530498365206,2463.410400390625,103080,0.0,0.0
2023-12-18 00:00:00+09:00,2463.4103654109226,2505.2961302165745,2437.231594636546,2481.7353515625,44674,0.0,0.0
2023-12-19 00:00:00+09:00,2481.735585563099,2481.735585563099,2408.4354423072773,2458.1748046875,122619,0.0,0.0
2023-12-20 00:00:00+09:00,2455.5569880740427,2675.457608148192,2455.5569880740427,2523.621337890625,175104,0.0,0.0
2023-12-21 00:00:00+09:00,2500.0605160230025,2612.628816557564,2481.735528564453,2513.14990234375,61311,0.0,0.0
2023-12-22 00:00:00+09:00,2513.14990234375,2586.450043916069,2479.117727995552,2513.14990234375,114862,0.0,0.0
2023-12-26 00:00:00+09:00,2513.150017651367,2515.767818340377,2463.4106541313936,2486.971435546875,73131,0.0,0.0
2023-12-27 00:00:00+09:00,2526.239214346536,2628.335926125727,2468.6460696200434,2604.775146484375,114480,0.0,0.0
2023-12-28 00:00:00+09:00,2573.3607209518964,2879.6508500196337,2573.3607209518964,2837.764892578125,518260,0.0,0.0
2024-01-02 00:00:00+09:00,2848.2366396217913,2884.886614792633,2801.1150786266044,2816.822265625,92676,0.0,0.0
2024-01-03 00:00:00+09:00,2816.822193733299,2890.1223339423186,2701.6360947721673,2853.47216796875,166579,0.0,0.0
2024-01-04 00:00:00+09:00,2816.822355579376,2848.236730579376,2670.2218749999997,2748.7578125,201810,0.0,0.0
2024-01-05 00:00:00+09:00,2727.8146992754337,2879.6509655508585,2717.3433053640015,2811.58642578125,134601,0.0,0.0
2024-01-08 00:00:00+09:00,2900.5938944206237,2900.5938944206237,2691.1648555793763,2748.7578125,87069,0.0,0.0
2024-01-09 00:00:00+09:00,2795.8793972620288,2795.8793972620288,2706.872064632689,2712.107666015625,64857,0.0,0.0
2024-01-10 00:00:00+09:00,2738.2863507539146,2738.2863507539146,2654.5146222342096,2696.400390625,25773,0.0,0.0
2024-01-11 00:00:00+09:00,2743.521886011642,2843.000799253666,2685.9289318915853,2811.58642578125,91459,0.0,0.0
2024-01-12 00:00:00+09:00,2806.350341796875,2848.2362965731636,2722.578815720496,2806.350341796875,47532,0.0,0.0
2024-01-15 00:00:00+09:00,2795.8793972620288,2795.8793972620288,2685.929083886556,2712.107666015625,15988,0.0,0.0
2024-01-16 00:00:00+09:00,2701.6360752348264,2801.1149868790467,2644.0431220398127,2717.34326171875,64845,0.0,0.0
2024-01-17 00:00:00+09:00,2712.10759819172,2753.9935586365104,2644.043248010655,2743.52197265625,82837,0.0,0.0
2024-01-18 00:00:00+09:00,2680.693036445719,3010.543945278884,2680.693036445719,2921.53662109375,317595,0.0,0.0
2024-01-19 00:00:00+09:00,2916.3008284347984,2968.6581794632566,2832.529296875,2832.529296875,97054,0.0,0.0
2024-01-22 00:00:00+09:00,2884.8865237569016,2884.8865237569016,2727.814658729518,2801.114990234375,61900,0.0,0.0
2024-01-23 00:00:00+09:00,2806.3505485173687,2879.65087890625,2738.2862025338395,2879.65087890625,90429,0.0,0.0
2024-01-24 00:00:00+09:00,2879.651055847026,2926.7726175332236,2822.0579081829223,2827.293701171875,68203,0.0,0.0
2024-01-25 00:00:00+09:00,2837.7649642486867,2837.7649642486867,2743.5218452322565,2801.114990234375,51744,0.0,0.0
2024-01-26 00:00:00+09:00,2774.935971583708,2822.0575269034584,2743.5216013705412,2806.350341796875,34707,0.0,0.0
2024-01-29 00:00:00+09:00,2806.35072158531,2806.35072158531,2706.8719969397152,2743.52197265625,53538,0.0,0.0
2024-01-30 00:00:00+09:00,2843.0008411980925,3125.7302066211073,2790.6434873922344,2822.057861328125,544635,0.0,0.0
2024-01-31 00:00:00+09:00,2822.058070188863,2827.293863478387,2701.6363584349033,2727.81494140625,155667,0.0,0.0
2024-02-01 00:00:00+09:00,2727.8149234562293,2748.757904738376,2594.3038252260794,2680.693359375,267883,0.0,0.0
2024-02-02 00:00:00+09:00,2670.22161338738,2717.3431712706865,2604.775069128824,2612.628662109375,141924,0.0,0.0
2024-02-05 00:00:00+09:00,2612.6288962878584,2680.693247061392,2534.092959442914,2589.068115234375,95482,0.0,0.0
2024-02-06 00:00:00+09:00,2664.9860114141984,2675.4575972959083,2518.385726451493,2583.832275390625,72081,0.0,0.0
2024-02-07 00:00:00+09:00,2544.564462084289,2583.8324321781824,2502.6786912301814,2568.125244140625,104014,0.0,0.0
2024-02-08 00:00:00+09:00,2581.2145612088016,2589.068155013962,2473.882048625564,2486.971435546875,312586,0.0,0.0
2024-02-13 00:00:00+09:00,2481.7357148595897,2526.2394783003747,2439.849943922351,2484.353515625,190263,0.0,0.0
2024-02-14 00:00:00+09:00,2484.353245100162,2596.9215418271033,2471.2640509602775,2581.21435546875,111865,0.0,0.0
2024-02-15 00:00:00+09:00,2568.1249410570267,2578.5963346002127,2492.20681058912,2539.328369140625,104410,0.0,0.0
2024-02-16 00:00:00+09:00,2523.62118295679,2594.3035207840476,2492.20681058912,2539.328369140625,62191,0.0,0.0
2024-02-19 00:00:00+09:00,2523.6212963574753,2575.9786499023435,2497.4427154541013,2513.14990234375,108204,0.0,0.0
2024-02-20 00:00:00+09:00,2513.150027261521,2562.8893909716944,2460.7926711141954,2510.5322265625,317371,0.0,0.0
2024-02-21 00:00:00+09:00,2510.531929731723,2610.010645390283,2463.41037229195,2565.507080078125,140083,0.0,0.0
2024-02-22 00:00:00+09:00,2602.157241762441,2638.8074085719813,2505.296319447804,2536.710693359375,214731,0.0,0.0
2024-02-23 00:00:00+09:00,2536.710771454047,2581.214533111564,2513.149990295031,2528.857177734375,87610,0.0,0.0
2024-02-26 00:00:00+09:00,2565.5073834088457,2568.1251841078665,2450.3212765799826,2510.5322265625,205959,0.0,0.0
2024-02-27 00:00:00+09:00,2513.149917667167,2534.092897560434,2442.4675762327774,2447.703369140625,103198,0.0,0.0
2024-02-28 00:00:00+09:00,2445.08544921875,2476.499824119797,2269.688586600616,2445.08544921875,1154788,0.0,0.0
2024-02-29 00:00:00+09:00,2445.0852940152513,2489.589052879536,2421.5245143350035,2460.79248046875,80337,0.0,0.0
2024-03-04 00:00:00+09:00,2466.0283203125,2497.4426938196657,2424.1425528823193,2466.0283203125,63387,0.0,0.0
2024-03-05 00:00:00+09:00,2476.4997142355155,2476.4997142355155,2429.378153974767,2466.0283203125,29829,0.0,0.0
2024-03-06 00:00:00+09:00,2455.556895943006,2486.971269060665,2411.053136780284,2479.11767578125,32095,0.0,0.0
2024-03-07 00:00:00+09:00,2479.117845609779,2552.417990659601,2445.0854779088977,2515.767822265625,100732,0.0,0.0
2024-03-08 00:00:00+09:00,2513.149832559784,2539.3284127362435,2458.174679972539,2460.79248046875,36694,0.0,0.0
2024-03-11 00:00:00+09:00,2460.7925846181006,2463.4105769632306,2390.110242585833,2411.05322265625,65902,0.0,0.0
2024-03-12 00:00:00+09:00,2486.9713310617303,2526.2392984377675,2408.435396309656,2452.93896484375,86565,0.0,0.0
2024-03-13 00:00:00+09:00,2452.9388796352896,2578.596370873607,2431.996092254313,2521.00341796875,163756,0.0,0.0
2024-03-14 00:00:00+09:00,2515.7677395039336,2534.09291896714,2434.6140033064275,2494.824951171875,80992,0.0,0.0
2024-03-15 00:00:00+09:00,2489.589100442874,2534.0928601573987,2450.321133558917,2466.0283203125,37492,0.0,0.0
2024-03-18 00:00:00+09:00,2466.0281186520374,2534.092652930931,2439.849540116203,2476.49951171875,110542,0.0,0.0
2024-03-19 00:00:00+09:00,2486.9712910679436,2557.653631208145,2471.264104370121,2526.2392578125,85951,0.0,0.0
2024-03-20 00:00:00+09:00,2521.0035372786406,2547.1821186128554,2476.4997764461646,2523.621337890625,47848,0.0,0.0
2024-03-21 00:00:00+09:00,2518.385833491486,2562.889404296875,2497.4428525760413,2562.889404296875,52075,0.0,0.0
2024-03-22 00:00:00+09:00,2557.6537349809773,2623.1002849645906,2515.7677742619135,2594.3037109375,112276,0.0,0.0
2024-03-25 00:00:00+09:00,2596.9216720460677,2806.35070616689,2596.9216720460677,2691.164794921875,391318,0.0,0.0
2024-03-26 00:00:00+09:00,2727.8147704370504,2748.7577505443824,2644.043233483971,2691.164794921875,114135,0.0,0.0
2024-03-27 00:00:00+09:00,2691.164809102234,3021.0157409056196,2659.7504346447686,2827.293701171875,1375615,0.0,0.0
2024-03-28 00:00:00+09:00,2827.293352399554,2832.529144742624,2628.3357359582114,2638.80712890625,302569,0.0,0.0
2024-03-29 00:00:00+09:00,2623.1003930362654,2664.9861637428953,2531.475065893744,2544.564453125,164089,0.0,0.0
2024-04-01 00:00:00+09:00,2526.239319993714,2633.5716372453153,2526.239319993714,2583.832275390625,79146,0.0,0.0
2024-04-02 00:00:00+09:00,2578.5965407129215,2604.77531427058,2523.6213846752175,2528.857177734375,63024,0.0,0.0
2024-04-03 00:00:00+09:00,2560.271287561003,2594.3034595770255,2473.8817655880857,2565.507080078125,114895,0.0,0.0
2024-04-04 00:00:00+09:00,2591.685873778962,2738.2863507539146,2531.474925929975,2696.400390625,160099,0.0,0.0
2024-04-05 00:00:00+09:00,2680.693096010223,2790.6434013976873,2649.2787230423764,2717.34326171875,85993,0.0,0.0
2024-04-08 00:00:00+09:00,2706.871826171875,2837.764917024376,2649.2786821281857,2706.871826171875,195231,0.0,0.0
2024-04-09 00:00:00+09:00,2701.6361631196123,2759.2291181881365,2670.221789129849,2733.050537109375,86184,0.0,0.0
2024-04-11 00:00:00+09:00,2733.0505983289104,2879.6510774776525,2696.400430607193,2790.6435546875,185977,0.0,0.0
2024-04-12 00:00:00+09:00,2790.643534353045,2827.2937018077055,2722.57918417198,2743.52197265625,86508,0.0,0.0
2024-04-15 00:00:00+09:00,2664.98621148469,2811.586699191366,2659.7506098889025,2769.700927734375,115750,0.0,0.0
2024-04-16 00:00:00+09:00,2727.814743549475,2801.1150773335667,2649.27880859375,2649.27880859375,92322,0.0,0.0
2024-04-17 00:00:00+09:00,2733.050563398415,2764.4649376903503,2644.043233483971,2691.164794921875,40026,0.0,0.0
2024-04-18 00:00:00+09:00,2691.16494113957,2806.350858642923,2675.4577531401915,2764.465087890625,77133,0.0,0.0
2024-04-19 00:00:00+09:00,2764.465022011894,2764.465022011894,2701.6362715116234,2712.107666015625,86997,0.0,0.0
2024-04-22 00:00:00+09:00,2696.400459008702,2764.465002140787,2617.8645214478843,2664.986083984375,119229,0.0,0.0
2024-04-23 00:00:00+09:00,2670.2217054655166,2822.0577777459484,2670.2217054655166,2801.114990234375,109680,0.0,0.0
2024-04-24 00:00:00+09:00,2795.8792590073904,2822.0578398419434,2743.521905600163,2774.936279296875,84459,0.0,0.0
2024-04-25 00:00:00+09:00,2743.5219096953583,2811.5864500525404,2675.4575610762977,2685.928955078125,104673,0.0,0.0
2024-04-26 00:00:00+09:00,2712.107735429153,2753.993697993447,2675.4577578580647,2680.693359375,42201,0.0,0.0
2024-04-29 00:00:00+09:00,2691.164639930526,2738.286198654573,2685.928847270705,2706.871826171875,28495,0.0,0.0
2024-04-30 00:00:00+09:00,2727.8147704370504,2753.9935435057464,2670.221814814543,2691.164794921875,46908,0.0,0.0
2024-05-02 00:00:00+09:00,2670.2217022669797,2769.7006139112,2649.2787230423764,2717.34326171875,79285,0.0,0.0
2024-05-03 00:00:00+09:00,2743.521889411316,2743.521889411316,2675.457541295484,2722.5791015625,25531,0.0,0.0
2024-05-07 00:00:00+09:00,2769.700904246169,2769.700904246169,2680.6933770149435,2727.81494140625,33688,0.0,0.0
2024-05-08 00:00:00+09:00,2727.8150341586424,2764.4652049552333,2680.6934681650873,2738.28662109375,65677,0.0,0.0
2024-05-09 00:00:00+09:00,2738.28662109375,2774.9366001521976,2717.343638961678,2738.28662109375,34665,0.0,0.0
2024-05-10 00:00:00+09:00,2733.050423911754,2811.586355633356,2733.050423911754,2759.22900390625,150387,0.0,0.0
2024-05-13 00:00:00+09:00,3225.2089216243417,3272.330482411757,2973.8941224962487,3167.615966796875,4382944,0.0,0.0
2024-05-14 00:00:00+09:00,3240.91610855348,3413.695164774003,3115.2588048584944,3167.615966796875,2104854,0.0,0.0
2024-05-16 00:00:00+09:00,3240.9160805768115,3387.5167463007597,3193.7947119342853,3382.28076171875,1415382,0.0,0.0
2024-05-17 00:00:00+09:00,3371.809588103469,3596.945806228298,3251.387693839553,3591.710205078125,1169553,0.0,0.0
2024-05-20 00:00:00+09:00,3544.5888178942046,3586.4743960994197,3403.2241286300136,3460.81689453125,881896,0.0,0.0
2024-05-21 00:00:00+09:00,3492.230979887957,3638.831641859578,3455.5810061331667,3539.3525390625,821374,0.0,0.0
2024-05-22 00:00:00+09:00,3890.1470279802056,3890.1470279802056,3596.9460570744754,3649.30322265625,2560711,0.0,0.0
2024-05-23 00:00:00+09:00,3717.3676917088774,3795.9036261571196,3617.8885857569426,3769.724853515625,834447,0.0,0.0
2024-05-24 00:00:00+09:00,3769.7248898468188,4130.990191790473,3722.6033287237337,3869.20361328125,1839450,0.0,0.0
2024-05-27 00:00:00+09:00,3874.4399837468577,3947.739941586407,3722.60369940559,3806.375244140625,885432,0.0,0.0
2024-05-28 00:00:00+09:00,3806.3751028778424,3837.7894789221614,3602.181658589772,3649.30322265625,1025115,0.0,0.0
2024-05-29 00:00:00+09:00,3633.595828769366,3649.3030159016203,3497.467129273996,3513.17431640625,740506,0.0,0.0
2024-05-30 00:00:00+09:00,3513.1744288556865,3534.1172178769443,3377.045341526858,3408.459716796875,603643,0.0,0.0
2024-05-31 00:00:00+09:00,3403.22412109375,3513.174434722419,3361.338159505027,3403.22412109375,438867,0.0,0.0
2024-06-03 00:00:00+09:00,3371.8097401406085,3476.524068723159,3345.6309662568406,3408.459716796875,423744,0.0,0.0
2024-06-04 00:00:00+09:00,3392.7522454466134,3403.2238308196975,3261.8591539260888,3308.980712890625,402492,0.0,0.0
2024-06-05 00:00:00+09:00,3272.3304990290717,3345.6308328960276,3219.9733368248153,3303.744873046875,283195,0.0,0.0
2024-06-07 00:00:00+09:00,3293.273749772147,3298.5093510754195,3209.5020198003795,3261.859375,292746,0.0,0.0
2024-06-10 00:00:00+09:00,3240.916259765625,3319.452198075586,3204.2662830463973,3240.916259765625,206284,0.0,0.0
2024-06-11 00:00:00+09:00,3240.9162686288705,3272.330644038767,3136.201747841927,3151.908935546875,345682,0.0,0.0
2024-06-12 00:00:00+09:00,3188.5591098868604,3204.2662976202932,3057.66581486221,3146.67333984375,494286,0.0,0.0
2024-06-13 00:00:00+09:00,3146.6731178583173,3251.387631447961,3146.6731178583173,3193.794677734375,360510,0.0,0.0
2024-06-14 00:00:00+09:00,3193.794719307417,3240.9160880587265,3099.5515983285563,3204.26611328125,220074,0.0,0.0
2024-06-17 00:00:00+09:00,3204.2661335442385,3240.91610855348,3167.615966796875,3167.615966796875,140881,0.0,0.0
2024-06-18 00:00:00+09:00,3214.737533122326,3246.1520987728427,3151.908785297537,3162.38037109375,194512,0.0,0.0
2024-06-19 00:00:00+09:00,3125.7300277101644,3178.0873785191857,3062.901283434583,3130.9658203125,370894,0.0,0.0
2024-06-20 00:00:00+09:00,3130.9659704725095,3167.615945232244,3078.608617152448,3120.494384765625,146286,0.0,0.0
2024-06-21 00:00:00+09:00,3130.9658864734884,3188.558839363741,3062.901348157288,3099.551513671875,108567,0.0,0.0
2024-06-24 00:00:00+09:00,3104.7871146467337,3178.0874456759084,3083.844327271069,3099.551513671875,186972,0.0,0.0
2024-06-25 00:00:00+09:00,3146.67297685532,3146.67297685532,3031.4868828515396,3089.079833984375,211081,0.0,0.0
2024-06-26 00:00:00+09:00,3130.965931232965,3277.5664036489607,3089.079972406613,3193.794677734375,423961,0.0,0.0
2024-06-27 00:00:00+09:00,3167.615854871547,3209.5018130279886,3052.4299492866207,3104.787109375,303960,0.0,0.0
2024-06-28 00:00:00+09:00,3089.0800578413746,3240.91613550641,3089.0800578413746,3209.501953125,174600,0.0,0.0
2024-07-01 00:00:00+09:00,3209.5020818258376,3303.745016225449,3146.6733310673426,3235.6806640625,289288,0.0,0.0
2024-07-02 00:00:00+09:00,3199.03023157362,3230.4447960988346,3130.9658850269807,3188.558837890625,223726,0.0,0.0
2024-07-03 00:00:00+09:00,3235.6805613559677,3235.6805613559677,3047.194315063387,3083.844482421875,367125,0.0,0.0
2024-07-04 00:00:00+09:00,3083.8445166972865,3193.794828256669,3047.1943489314503,3183.3232421875,247378,0.0,0.0
2024-07-05 00:00:00+09:00,3167.615944520554,3377.045166015625,3110.0229900981103,3377.045166015625,711336,0.0,0.0
2024-07-08 00:00:00+09:00,3356.1024145149813,3534.1170725670163,3329.9236417075886,3476.52392578125,891208,0.0,0.0
2024-07-09 00:00:00+09:00,3507.938305285209,3507.938305285209,3424.1667690363406,3471.288330078125,267075,0.0,0.0
2024-07-10 00:00:00+09:00,3439.873991215018,3607.417448901744,3408.4596168660223,3570.76708984375,582147,0.0,0.0
2024-07-11 00:00:00+09:00,3586.4742881588136,3602.1814753821022,3492.231164819082,3560.2958984375,270603,0.0,0.0
2024-07-12 00:00:00+09:00,3560.29582350676,3560.29582350676,3329.923621254906,3429.40234375,556836,0.0,0.0
2024-07-15 00:00:00+09:00,3623.1244073925554,3623.1244073925554,3382.2806302676217,3445.109375,870637,0.0,0.0
2024-07-16 00:00:00+09:00,3460.816764829647,3476.5239519370075,3303.744893756044,3350.866455078125,468720,0.0,0.0
2024-07-17 00:00:00+09:00,3377.0453471662654,3497.467247061181,3324.6881827875577,3403.22412109375,486868,0.0,0.0
2024-07-18 00:00:00+09:00,3324.6879607444457,3366.5735360595313,3199.030276108601,3282.802001953125,427450,0.0,0.0
2024-07-19 00:00:00+09:00,3256.623246229582,3340.3951642355196,3214.737478964732,3335.1591796875,115068,0.0,0.0
2024-07-22 00:00:00+09:00,3303.744926242799,3303.744926242799,3172.8518268864327,3219.973388671875,218329,0.0,0.0
2024-07-23 00:00:00+09:00,3225.208856549588,3298.509188565341,3193.794675063274,3282.802001953125,96030,0.0,0.0
2024-07-24 00:00:00+09:00,3282.8020291430075,3340.395175023561,3204.2660954314524,3324.68798828125,146559,0.0,0.0
2024-07-25 00:00:00+09:00,3261.8593069403914,3261.8593069403914,3120.494431677221,3125.730224609375,271666,0.0,0.0
2024-07-26 00:00:00+09:00,3141.4371843021136,3167.615763591928,3073.3726480628643,3089.079833984375,247287,0.0,0.0
2024-07-29 00:00:00+09:00,3057.665462141354,3125.729998380603,3057.665462141354,3089.079833984375,84021,0.0,0.0
2024-07-30 00:00:00+09:00,3136.201694576031,3136.201694576031,2963.4226327561173,3005.30859375,303457,0.0,0.0
2024-07-31 00:00:00+09:00,3010.543973726325,3136.2014639929976,2968.6582075501387,3052.429931640625,219862,0.0,0.0
2024-08-01 00:00:00+09:00,3099.551711015078,3141.4374801713197,3031.4871683653237,3094.31591796875,166176,0.0,0.0
2024-08-02 00:00:00+09:00,3021.0155545707735,3083.844299610456,2921.536644345238,2968.658203125,273783,0.0,0.0
2024-08-05 00:00:00+09:00,2890.122093563988,2932.007857094244,2460.792298360985,2638.80712890625,398716,0.0,0.0
2024-08-06 00:00:00+09:00,2670.221468119185,2816.8219263599967,2539.3281949849566,2806.350341796875,320944,0.0,0.0
2024-08-07 00:00:00+09:00,2795.8792409857974,2958.18690128532,2785.4078470670966,2895.358154296875,169078,0.0,0.0
2024-08-08 00:00:00+09:00,2764.4647597446237,2973.8939721228294,2764.4647597446237,2921.53662109375,133332,0.0,0.0
2024-08-09 00:00:00+09:00,2947.715548761195,3089.080240665627,2937.2441540143186,3068.137451171875,127170,0.0,0.0
2024-08-12 00:00:00+09:00,3089.0800382688035,3246.152099609375,3057.6656643483134,3246.152099609375,185727,0.0,0.0
2024-08-13 00:00:00+09:00,3204.266294338379,3261.8594437940646,3062.901604882274,3230.445068359375,140043,0.0,0.0
2024-08-14 00:00:00+09:00,3235.680529203869,3382.280813704843,3146.673199918412,3298.50927734375,290373,0.0,0.0
2024-08-16 00:00:00+09:00,3392.752399114104,3424.1667731799753,3183.323174762254,3214.737548828125,375249,0.0,0.0
2024-08-19 00:00:00+09:00,3350.86625306781,3371.809423599209,3183.322997935853,3272.330322265625,388218,0.0,0.0
2024-08-20 00:00:00+09:00,3256.62322977402,3314.2163751775565,3219.9732555042615,3282.802001953125,146464,0.0,0.0
2024-08-21 00:00:00+09:00,3272.330646621453,3350.866585208178,3172.851918903689,3230.445068359375,131002,0.0,0.0
2024-08-22 00:00:00+09:00,3199.0300737286507,3251.3874230364645,3115.258544921875,3115.258544921875,113529,0.0,0.0
2024-08-23 00:00:00+09:00,3099.5518168666913,3162.3805686157584,3068.1374409921577,3157.144775390625,79447,0.0,0.0
2024-08-26 00:00:00+09:00,3162.3801627768307,3167.615763591928,3005.308303561725,3089.079833984375,119293,0.0,0.0
2024-08-27 00:00:00+09:00,3036.722651179794,3089.0798093417525,2979.129508768289,3041.958251953125,183142,0.0,0.0
2024-08-28 00:00:00+09:00,3015.779719716495,3068.137070429832,2984.3653476361146,3047.194091796875,74451,0.0,0.0
2024-08-29 00:00:00+09:00,3036.7229629599856,3073.372939088586,2968.658420275527,3010.544189453125,69598,0.0,0.0
2024-08-30 00:00:00+09:00,3010.544127423158,3068.137274561086,3005.3085262201635,3036.722900390625,41226,0.0,0.0
2024-09-02 00:00:00+09:00,3036.722948386167,3036.722948386167,2911.0654497182995,2958.18701171875,127945,0.0,0.0
2024-09-03 00:00:00+09:00,2937.2440996311225,3015.7800381239335,2879.6511419824383,2926.772705078125,129175,0.0,0.0
2024-09-04 00:00:00+09:00,2827.2938398881392,2900.593986639194,2738.2865051377057,2764.465087890625,260805,0.0,0.0
2024-09-05 00:00:00+09:00,2748.75768224258,2843.000802776611,2696.4003291443005,2722.5791015625,174178,0.0,0.0
2024-09-06 00:00:00+09:00,2722.579232687727,2743.5220215451927,2610.0109276918024,2664.986083984375,201738,0.0,0.0
2024-09-09 00:00:00+09:00,2612.629045097986,2769.700927734375,2604.7754509661663,2769.700927734375,157348,0.0,0.0
2024-09-10 00:00:00+09:00,2769.700724977474,2816.8222863188403,2722.579163636107,2780.172119140625,72489,0.0,0.0
2024-09-11 00:00:00+09:00,2780.1723936197513,2827.2939596133065,2733.050827626196,2738.28662109375,73471,0.0,0.0
2024-09-12 00:00:00+09:00,2822.057861328125,2837.7650482960703,2748.7577193904212,2822.057861328125,49102,0.0,0.0
2024-09-13 00:00:00+09:00,2848.236634100115,2863.9438210680605,2785.407886228334,2822.057861328125,49272,0.0,0.0
2024-09-19 00:00:00+09:00,2816.822333740822,2822.0579350414787,2706.8720220932564,2785.407958984375,83167,0.0,0.0
2024-09-20 00:00:00+09:00,2785.407738470821,2869.17927003062,2764.4647597118155,2832.529296875,85029,0.0,0.0
2024-09-23 00:00:00+09:00,2827.293701171875,2900.593844326586,2790.643533725457,2827.293701171875,33496,0.0,0.0
2024-09-24 00:00:00+09:00,2790.6434873922344,2900.5937961678515,2790.6434873922344,2822.057861328125,56983,0.0,0.0
2024-09-25 00:00:00+09:00,2795.8793062544137,2843.00086759578,2774.936326189987,2780.172119140625,97440,0.0,0.0
2024-09-26 00:00:00+09:00,2780.172093326312,2832.52944713217,2759.229113456344,2822.057861328125,135295,0.0,0.0
2024-09-27 00:00:00+09:00,2874.4148745047696,2874.4148745047696,2785.40755614683,2806.350341796875,86644,0.0,0.0
2024-09-30 00:00:00+09:00,2848.236521016142,2853.4721219721723,2696.400258528968,2759.22900390625,137377,0.0,0.0
2024-10-02 00:00:00+09:00,2733.05062711646,2733.05062711646,2633.571708960048,2664.986083984375,156249,0.0,0.0
2024-10-04 00:00:00+09:00,2649.2785694490267,2712.10731174219,2638.807176312868,2644.04296875,101232,0.0,0.0
2024-10-07 00:00:00+09:00,2696.400396145115,2701.636189106479,2628.3360463380036,2691.164794921875,51622,0.0,0.0
2024-10-08 00:00:00+09:00,2691.164815977551,2696.400417241754,2583.8323057276257,2654.5146484375,106911,0.0,0.0
2024-10-10 00:00:00+09:00,2670.221814814543,2696.400396145115,2633.571647561243,2691.164794921875,34363,0.0,0.0
2024-10-11 00:00:00+09:00,2691.1647479480994,2733.050515693531,2659.7503742044955,2685.928955078125,64680,0.0,0.0
2024-10-14 00:00:00+09:00,2696.4005474020764,2696.4005474020764,2644.0433818039114,2680.693359375,73509,0.0,0.0
2024-10-15 00:00:00+09:00,2696.4002596933,2701.636052389706,2644.0430996817,2670.2216796875,50118,0.0,0.0
2024-10-16 00:00:00+09:00,2644.0432951269095,2664.986083984375,2599.5395332630696,2664.986083984375,73578,0.0,0.0
2024-10-17 00:00:00+09:00,2644.0430340315793,2696.4001927431805,2610.010669957118,2612.628662109375,80808,0.0,0.0
2024-10-18 00:00:00+09:00,2617.8643467392135,2664.985906130948,2602.157160275302,2633.571533203125,85797,0.0,0.0
2024-10-21 00:00:00+09:00,2644.0430996817,2680.6930733421973,2617.864327937785,2670.2216796875,29770,0.0,0.0
2024-10-22 00:00:00+09:00,2644.043265324123,2691.1648273294745,2586.4501172699415,2594.3037109375,142827,0.0,0.0
2024-10-23 00:00:00+09:00,2670.221846969943,2738.2863893348267,2544.564348289004,2594.3037109375,134482,0.0,0.0
2024-10-24 00:00:00+09:00,2565.507080078125,2610.010645390283,2505.296137214601,2565.507080078125,81973,0.0,0.0
2024-10-25 00:00:00+09:00,2578.5964409622447,2586.450034378108,2513.149893076095,2573.36083984375,52870,0.0,0.0
2024-10-28 00:00:00+09:00,2578.596446266447,2638.807393157956,2541.9464714091114,2602.1572265625,32214,0.0,0.0
2024-10-29 00:00:00+09:00,2578.596385772041,2644.0431239955415,2555.035606028728,2628.3359375,27600,0.0,0.0
2024-10-30 00:00:00+09:00,2696.4002844886027,2827.293569197488,2521.003432534427,2628.3359375,317431,0.0,0.0
2024-10-31 00:00:00+09:00,2615.246546241267,2659.750305135055,2583.832173313444,2633.571533203125,59880,0.0,0.0
2024-11-01 00:00:00+09:00,2633.5716477385845,2649.27883488561,2494.824955765275,2607.39306640625,100695,0.0,0.0
2024-11-04 00:00:00+09:00,2633.5715821216127,2727.814702655644,2539.3284615875814,2722.5791015625,168664,0.0,0.0
2024-11-05 00:00:00+09:00,2717.343172295149,2727.814565693795,2664.985821825699,2701.635986328125,53418,0.0,0.0
2024-11-06 00:00:00+09:00,2701.635986328125,2748.757544229197,2649.278635858675,2701.635986328125,58150,0.0,0.0
2024-11-07 00:00:00+09:00,2675.4576893825542,2727.8148536406925,2659.7505017574867,2712.107666015625,32830,0.0,0.0
2024-11-08 00:00:00+09:00,2748.75768224258,2748.75768224258,2675.457541295484,2722.5791015625,35355,0.0,0.0
2024-11-11 00:00:00+09:00,2722.579050990701,2748.757631184515,2604.7751525113645,2633.571533203125,78673,0.0,0.0
2024-11-12 00:00:00+09:00,2633.5713664099626,2691.1645076221434,2476.49951171875,2476.49951171875,179676,0.0,0.0
2024-11-13 00:00:00+09:00,2476.4999079558584,2612.6289982941416,2476.4999079558584,2544.564453125,46794,0.0,0.0
2024-11-14 00:00:00+09:00,2670.221937647406,2680.693332313704,2497.44287109375,2497.44287109375,144445,0.0,0.0
2024-11-15 00:00:00+09:00,2460.7924939339473,2481.7354732325816,2340.370794377561,2395.345947265625,155245,0.0,0.0
2024-11-18 00:00:00+09:00,2397.963960428002,2473.8820993471336,2335.135208698551,2408.435546875,136003,0.0,0.0
2024-11-19 00:00:00+09:00,2434.6137664082726,2445.0851595553913,2308.9562816904263,2345.6064453125,138111,0.0,0.0
2024-11-20 00:00:00+09:00,2342.988594888097,2458.1746934234116,2337.752993867026,2395.345947265625,188686,0.0,0.0
2024-11-21 00:00:00+09:00,2395.346415751689,2426.760794974662,2324.6640625,2324.6640625,109281,0.0,0.0
2024-11-22 00:00:00+09:00,2324.663532111023,2363.931497180466,2259.216987574655,2314.192138671875,237792,0.0,0.0
2024-11-25 00:00:00+09:00,2314.192355579376,2371.7853124999997,2298.4851680793763,2356.078125,64078,0.0,0.0
2024-11-26 00:00:00+09:00,2377.020960215643,2395.345947265625,2322.045807327579,2395.345947265625,85905,0.0,0.0
2024-11-27 00:00:00+09:00,2395.345900077919,2408.435285848973,2345.6065409288963,2390.110107421875,76366,0.0,0.0
2024-11-28 00:00:00+09:00,2400.581511246105,2400.581511246105,2332.5169788157737,2358.695556640625,58510,0.0,0.0
2024-11-29 00:00:00+09:00,2358.6958954341017,2358.6958954341017,2267.0707640174123,2285.395751953125,83553,0.0,0.0
2024-12-02 00:00:00+09:00,2301.1031363240613,2301.1031363240613,2240.8921826099213,2251.36376953125,96963,0.0,0.0
2024-12-03 00:00:00+09:00,2253.98140625,2361.313918079376,2253.98140625,2356.078125,70645,0.0,0.0
2024-12-04 00:00:00+09:00,2264.453072994862,2361.3142020521814,2264.453072994862,2337.75341796875,94843,0.0,0.0
2024-12-05 00:00:00+09:00,2340.3708757371246,2387.4924369935766,2264.452740911244,2298.485107421875,52654,0.0,0.0
2024-12-06 00:00:00+09:00,2277.5420900023723,2311.5742642161376,2144.0310019677504,2233.038330078125,204064,0.0,0.0
2024-12-09 00:00:00+09:00,2293.249362780032,2319.4279445611583,2199.006238282222,2219.94921875,185211,0.0,0.0
2024-12-10 00:00:00+09:00,2256.599156372015,2552.417911574948,2235.656367999893,2523.621337890625,265923,0.0,0.0
2024-12-11 00:00:00+09:00,2575.978543581261,2748.7575922361016,2575.978543581261,2706.871826171875,437248,0.0,0.0
2024-12-12 00:00:00+09:00,2774.936191448815,2774.936191448815,2607.3929342830884,2670.2216796875,102075,0.0,0.0
2024-12-13 00:00:00+09:00,2670.221964602994,2722.579321939294,2649.278983320847,2680.693359375,43252,0.0,0.0
2024-12-16 00:00:00+09:00,2675.4577135101654,2785.408027877184,2675.4577135101654,2753.99365234375,91291,0.0,0.0
2024-12-17 00:00:00+09:00,2801.11494361997,2811.5863372014983,2675.4574536891764,2706.871826171875,56335,0.0,0.0
2024-12-18 00:00:00+09:00,2706.871982067843,2816.8222920896183,2633.571647561243,2691.164794921875,44673,0.0,0.0
2024-12-19 00:00:00+09:00,2610.010670941115,2727.814565693795,2562.889113040043,2701.635986328125,52090,0.0,0.0
2024-12-20 00:00:00+09:00,2675.4576287086898,2722.579190515273,2612.628879633246,2654.5146484375,55008,0.0,0.0
2024-12-23 00:00:00+09:00,2654.5147765759175,2733.0507167112996,2628.336193776835,2680.693359375,35956,0.0,0.0
2024-12-24 00:00:00+09:00,2738.2862177883176,2738.2862177883176,2633.5715142888885,2670.2216796875,32026,0.0,0.0
2024-12-26 00:00:00+09:00,2670.221882732196,2670.221882732196,2628.336113190283,2659.75048828125,52236,0.0,0.0
2024-12-27 00:00:00+09:00,2881.3961050026473,2881.3961050026473,2773.4147220276127,2827.405517578125,65041,266.66666,0.0
2024-12-30 00:00:00+09:00,2770.573127940775,2960.9611606906074,2770.573127940775,2921.1787109375,83674,0.0,0.0
2025-01-02 00:00:00+09:00,2943.911728309373,3091.675779685143,2932.545342867392,3023.47705078125,175468,0.0,0.0
2025-01-03 00:00:00+09:00,3029.159742540137,3256.4888784757222,3029.159742540137,3171.240478515625,317977,0.0,0.0
2025-01-06 00:00:00+09:00,3176.923898805893,3222.3896445208056,3154.1909218854444,3188.290283203125,164652,0.0,0.0
2025-01-07 00:00:00+09:00,3216.706276693216,3216.706276693216,3131.4578752956395,3176.923828125,104527,0.0,0.0
2025-01-08 00:00:00+09:00,3182.607036728206,3182.607036728206,3125.7749057270157,3159.874267578125,42786,0.0,0.0
2025-01-09 00:00:00+09:00,3159.874011136252,3176.9236906781275,3057.575933884999,3091.67529296875,101824,0.0,0.0
2025-01-10 00:00:00+09:00,3103.041925092287,3193.973625972152,3080.3089478408237,3125.77490234375,131008,0.0,0.0
2025-01-13 00:00:00+09:00,3131.457800822328,3137.1410968223313,3034.843017578125,3034.843017578125,118302,0.0,0.0
2025-01-14 00:00:00+09:00,2983.694039940557,3125.774777884482,2983.694039940557,3108.72509765625,37006,0.0,0.0
2025-01-15 00:00:00+09:00,3125.7748568293723,3296.2716634177746,3108.725176170532,3188.290283203125,138805,0.0,0.0
2025-01-16 00:00:00+09:00,3188.2904593237854,3239.4395041257712,3142.8247110973525,3211.0234375,79176,0.0,0.0
2025-01-17 00:00:00+09:00,3211.0233137561145,3211.0233137561145,3085.992250794277,3193.9736328125,51600,0.0,0.0
2025-01-20 00:00:00+09:00,3193.9733702200033,3228.072729303754,3074.6256134268747,3091.67529296875,124999,0.0,0.0
2025-01-21 00:00:00+09:00,3000.743780551676,3120.0915445508904,3000.743780551676,3051.892822265625,38659,0.0,0.0
2025-01-22 00:00:00+09:00,3057.5760741292975,3148.507563772814,3051.892777979335,3114.408203125,40954,0.0,0.0
2025-01-23 00:00:00+09:00,3085.9923109117444,3108.7252886547494,3034.843267084478,3103.0419921875,42726,0.0,0.0
2025-01-24 00:00:00+09:00,3154.190913966445,3211.023252061889,3068.9425108862706,3120.091552734375,90502,0.0,0.0
2025-01-31 00:00:00+09:00,3159.8741431447766,3239.4392482888247,3074.625741874018,3142.824462890625,87664,0.0,0.0
2025-02-03 00:00:00+09:00,3108.724984236941,3142.824343449317,3006.426906599813,3063.259033203125,67741,0.0,0.0
2025-02-04 00:00:00+09:00,3029.159973207748,3239.4394451638927,3029.159973207748,3137.141357421875,107268,0.0,0.0
2025-02-05 00:00:00+09:00,3137.1412903020564,3182.607036728206,3097.3586321004327,3159.874267578125,38968,0.0,0.0
2025-02-06 00:00:00+09:00,3256.48894661008,3256.48894661008,3097.3585273131434,3148.507568359375,61876,0.0,0.0
2025-02-07 00:00:00+09:00,3182.6068364065013,3466.768306030528,3148.507476701696,3336.053955078125,415735,0.0,0.0
2025-02-10 00:00:00+09:00,3353.1038754348015,3523.600894313849,3296.2717439344424,3466.7685546875,144919,0.0,0.0
2025-02-11 00:00:00+09:00,3472.4515868232297,3603.165736912004,3404.2528636245675,3591.799560546875,187030,0.0,0.0
2025-02-12 00:00:00+09:00,3654.3147829745317,3688.414144608048,3546.3336098857203,3625.89892578125,129879,0.0,0.0
2025-02-13 00:00:00+09:00,3620.215414012751,3654.3147755772416,3540.6505145302544,3557.7001953125,106732,0.0,0.0
2025-02-14 00:00:00+09:00,3580.433118106996,3580.433118106996,3466.7686440503594,3517.91748046875,55150,0.0,0.0
2025-02-17 00:00:00+09:00,3472.4517324712947,3534.9671619835453,3404.253006412114,3517.91748046875,112152,0.0,0.0
2025-02-18 00:00:00+09:00,3523.6009680386887,3574.750012334805,3478.1350121359224,3512.234375,84139,0.0,0.0
2025-02-19 00:00:00+09:00,3512.2342411425216,3569.066371666015,3472.4515832752872,3557.7001953125,86905,0.0,0.0
2025-02-20 00:00:00+09:00,3608.849386812609,3682.731201171875,3506.5512978911675,3682.731201171875,287403,0.0,0.0
2025-02-21 00:00:00+09:00,3691.255824050102,3759.4545459725055,3431.248196720938,3652.89404296875,362332,0.0,1.5
2025-02-24 00:00:00+09:00,3652.8941288807946,3652.8941288807946,3516.4966818280695,3597.482666015625,80456,0.0,0.0
2025-02-25 00:00:00+09:00,3580.4328092981555,3640.106689453125,3520.7589291431864,3640.106689453125,41136,0.0,0.0
2025-02-26 00:00:00+09:00,3640.1069996685064,3716.83056640625,3593.2203755509963,3716.83056640625,44106,0.0,0.0
2025-02-27 00:00:00+09:00,3686.993621543602,3716.8305641456886,3640.106997454608,3682.731201171875,36052,0.0,0.0
2025-02-28 00:00:00+09:00,3682.731077398256,3721.0928594544876,3597.4826728288517,3665.681396484375,38666,0.0,0.0
2025-03-04 00:00:00+09:00,3640.106997454608,3721.0929845174155,3606.0076344807944,3682.731201171875,45302,0.0,0.0
2025-03-05 00:00:00+09:00,3708.305825412209,3955.526213773023,3682.7313024783316,3934.214111328125,77514,0.0,0.0
2025-03-06 00:00:00+09:00,3925.689057585481,3938.476318359375,3806.3412903624694,3938.476318359375,26771,0.0,0.0
2025-03-07 00:00:00+09:00,3895.852302599253,4181.434473577535,3678.4688590187693,4066.34912109375,118594,0.0,0.0
2025-03-10 00:00:00+09:00,4091.9234293193717,4126.022791230366,3959.788401914267,4070.611328125,34942,0.0,0.0
2025-03-11 00:00:00+09:00,4066.349272792779,4066.349272792779,3844.703400481223,3951.263916015625,74871,0.0,0.0
2025-03-12 00:00:00+09:00,3951.263405963873,4027.9869672447253,3878.8022647541798,4015.19970703125,60375,0.0,0.0
2025-03-13 00:00:00+09:00,3972.575625291511,4032.24950807486,3921.4265829057836,3998.150146484375,26934,0.0,0.0
2025-03-14 00:00:00+09:00,3981.1007367069,3981.1007367069,3874.5402244824113,3934.214111328125,47208,0.0,0.0
2025-03-17 00:00:00+09:00,3831.915984903518,3883.065030308237,3644.369485086216,3827.653564453125,125931,0.0,0.0
2025-03-18 00:00:00+09:00,3827.653441017373,3912.9018472761118,3750.929875384508,3810.603759765625,52366,0.0,0.0
2025-03-19 00:00:00+09:00,3695.518279535941,3750.929741628175,3584.6953553514722,3691.255859375,303880,0.0,0.0
2025-03-20 00:00:00+09:00,3678.4685908777574,3729.6176326976106,3571.9080870863972,3623.05712890625,198932,0.0,0.0
2025-03-21 00:00:00+09:00,3657.156676675672,3682.731198890187,3512.2343841267525,3648.6318359375,105926,0.0,0.0
2025-03-24 00:00:00+09:00,3623.0571248469046,3648.631645728177,3554.8584024968454,3588.957763671875,80361,0.0,0.0
2025-03-25 00:00:00+09:00,3661.418987353936,3661.418987353936,3337.4750490083024,3465.34765625,230871,0.0,0.0
2025-03-26 00:00:00+09:00,3469.6100144015877,3495.1845353922627,3409.9361320900125,3456.82275390625,44784,0.0,0.0
2025-03-27 00:00:00+09:00,3456.822691739416,3465.3475319163317,3380.099130147172,3448.2978515625,41219,0.0,0.0
2025-03-28 00:00:00+09:00,3401.411045250233,3448.29766366847,3367.311686400607,3422.72314453125,52061,0.0,0.0
2025-03-31 00:00:00+09:00,3409.9364925726927,3409.9364925726927,3316.1632390269438,3371.57470703125,52866,0.0,0.0
2025-04-01 00:00:00+09:00,3354.5246356764337,3456.8227185941396,3337.4749551901496,3418.4609375,25100,0.0,0.0
2025-04-02 00:00:00+09:00,3431.2483785610007,3435.5107989070393,3303.375768179845,3375.8369140625,83260,0.0,0.0
2025-04-03 00:00:00+09:00,3333.2125918901147,3401.4113149978407,3277.801129365087,3392.886474609375,35221,0.0,0.0
2025-04-04 00:00:00+09:00,3358.7870515684035,3409.9360929628465,3307.638010173961,3384.361572265625,64904,0.0,0.0
2025-04-07 00:00:00+09:00,3341.7373579545456,3341.7373579545456,3145.666033380682,3282.0634765625,118019,0.0,0.0
2025-04-08 00:00:00+09:00,3367.3119738185233,3367.3119738185233,3209.602425677656,3294.850830078125,82714,0.0,0.0
2025-04-09 00:00:00+09:00,3265.013734181722,3333.2124544779463,3128.6162935892744,3273.53857421875,96221,0.0,0.0
2025-04-10 00:00:00+09:00,3375.836762971698,3392.8864435927676,3286.325939711085,3388.6240234375,75464,0.0,0.0
2025-04-11 00:00:00+09:00,3448.2977840342423,3448.2977840342423,3341.7372839095747,3405.673583984375,75724,0.0,0.0
2025-04-14 00:00:00+09:00,3448.2978826075423,3495.1845040027006,3405.6736813392167,3452.560302734375,105269,0.0,0.0
2025-04-15 00:00:00+09:00,3452.56032576651,3452.56032576651,3384.361603282233,3388.6240234375,55523,0.0,0.0
2025-04-16 00:00:00+09:00,3371.574401004535,3375.836821233365,3311.9005178009147,3363.049560546875,49055,0.0,0.0
2025-04-17 00:00:00+09:00,3358.787235107422,3439.773221740723,3358.787235107422,3409.936279296875,47028,0.0,0.0
2025-04-18 00:00:00+09:00,3418.4609375,3426.985777743142,3358.787055798005,3418.4609375,25693,0.0,0.0
2025-04-21 00:00:00+09:00,3418.4607812745057,3426.9856211280585,3354.524482372863,3397.148681640625,51713,0.0,0.0
2025-04-22 00:00:00+09:00,3392.886536409383,3401.411376953125,3324.6878120594456,3401.411376953125,61093,0.0,0.0
2025-04-23 00:00:00+09:00,3405.6738564847697,3426.985958214962,3358.787232678346,3375.8369140625,46934,0.0,0.0
2025-04-24 00:00:00+09:00,3392.886502148685,3469.610066267625,3354.524720089215,3363.049560546875,124195,0.0,0.0
2025-04-25 00:00:00+09:00,3363.0497416935773,3388.624264444099,3282.0637529835926,3320.425537109375,125514,0.0,0.0
2025-04-28 00:00:00+09:00,3320.4253825500646,3350.2623243701546,3273.5387596899222,3299.11328125,63715,0.0,0.0
2025-04-29 00:00:00+09:00,3337.4748846560105,3367.311824876435,3303.3755244040976,3341.7373046875,39638,0.0,0.0
2025-04-30 00:00:00+09:00,3341.737424879808,3358.7871056189906,3290.58838266226,3324.687744140625,63214,0.0,0.0
2025-05-02 00:00:00+09:00,3324.687833921371,3337.4750948210685,3290.5884715221773,3303.375732421875,35433,0.0,0.0
2025-05-07 00:00:00+09:00,3324.6879591208703,3375.837004645807,3269.2764931355227,3354.52490234375,45980,0.0,0.0
2025-05-08 00:00:00+09:00,3354.5245439245346,3405.673583984375,3333.212443899601,3405.673583984375,66391,0.0,0.0
2025-05-09 00:00:00+09:00,3405.6736461625114,3461.085107238998,3345.9997650032183,3414.198486328125,66163,0.0,0.0
2025-05-12 00:00:00+09:00,3426.9857734276607,3439.7730337762714,3341.7373711035893,3384.361572265625,93984,0.0,0.0
2025-05-13 00:00:00+09:00,3392.88634506537,3435.510545380261,3328.9500445930325,3341.7373046875,85693,0.0,0.0
2025-05-14 00:00:00+09:00,3341.7373711035893,3392.8864124980323,3307.638010173961,3384.361572265625,70072,0.0,0.0
2025-05-15 00:00:00+09:00,3337.4751501805276,3350.2624112923304,3094.5171890562747,3209.6025390625,503536,0.0,0.0
2025-05-16 00:00:00+09:00,3230.9145162299733,3230.9145162299733,3149.9285323139184,3192.552734375,88259,0.0,0.0
2025-05-19 00:00:00+09:00,3192.5527586560156,3192.5527586560156,3047.63047054613,3128.616455078125,212367,0.0,0.0
2025-05-20 00:00:00+09:00,3128.6166685762705,3192.5529765172023,3107.304565929293,3124.354248046875,76302,0.0,0.0
2025-05-21 00:00:00+09:00,3124.353972888384,3128.6163930423927,3068.9425108862706,3120.091552734375,86592,0.0,0.0
2025-05-22 00:00:00+09:00,3111.566832825378,3128.6165141011334,3068.9426296359893,3103.0419921875,81418,0.0,0.0
2025-05-23 00:00:00+09:00,3103.042022998114,3166.978328417031,3094.5171822755915,3107.304443359375,83040,0.0,0.0
2025-05-26 00:00:00+09:00,3103.0418992456894,3149.9285213496764,3068.942537715517,3090.254638671875,97412,0.0,0.0
2025-05-27 00:00:00+09:00,3090.2548213552473,3107.304503128242,3060.417878252507,3081.72998046875,51395,0.0,0.0
2025-05-28 00:00:00+09:00,3081.72998046875,3098.7796622417445,3043.3681964795123,3081.72998046875,58729,0.0,0.0
2025-05-29 00:00:00+09:00,3103.042116237331,3158.453582598712,3068.942752322635,3154.191162109375,61037,0.0,0.0
2025-05-30 00:00:00+09:00,3149.928649322634,3166.978330780402,3120.09170677154,3141.40380859375,33176,0.0,0.0
2025-06-02 00:00:00+09:00,3141.40380859375,3162.71591041596,3107.304445678214,3141.40380859375,25907,0.0,0.0
2025-06-04 00:00:00+09:00,3154.1907674756058,3188.2901271239907,3120.091407827221,3166.97802734375,106067,0.0,0.0
2025-06-05 00:00:00+09:00,3166.978330780402,3175.503171509286,3107.304445678214,3141.40380859375,67560,0.0,0.0
2025-06-09 00:00:00+09:00,3154.190724270403,3158.4531441680656,3005.0060278522083,3094.516845703125,265405,0.0,0.0
2025-06-10 00:00:00+09:00,3094.5170277969614,3137.1412292817677,3017.7934651243095,3085.9921875,132133,0.0,0.0
2025-06-11 00:00:00+09:00,3085.9923135508666,3149.9286183896274,3085.9923135508666,3137.141357421875,131912,0.0,0.0
2025-06-12 00:00:00+09:00,3137.1410876514133,3260.7512663768084,3128.616247739317,3166.97802734375,208665,0.0,0.0
2025-06-13 00:00:00+09:00,3209.602442985596,3209.602442985596,3111.5667773963946,3162.7158203125,162908,0.0,0.0
2025-06-16 00:00:00+09:00,3162.715943364611,3196.815306635389,3124.354159684987,3179.765625,154746,0.0,0.0
2025-06-17 00:00:00+09:00,3192.5528269016995,3239.439450527759,3158.4534642645654,3205.340087890625,149120,0.0,0.0
2025-06-18 00:00:00+09:00,3205.3398539225263,3282.0634142557783,3179.7653338114424,3273.53857421875,148949,0.0,0.0
2025-06-19 00:00:00+09:00,3273.538701923077,3333.2125845102164,3247.964180814303,3324.687744140625,243596,0.0,0.0
2025-06-20 00:00:00+09:00,3328.9503780262153,3341.7376394014764,3277.8013325251723,3320.425537109375,144436,0.0,0.0
2025-06-23 00:00:00+09:00,3282.0634142557783,3282.0634142557783,3188.29017384847,3273.53857421875,77974,0.0,0.0
2025-06-24 00:00:00+09:00,3265.013769908301,3324.687650820463,3265.013769908301,3311.900390625,134742,0.0,0.0
2025-06-25 00:00:00+09:00,3316.162938029745,3363.049560546875,3294.8508368855946,3363.049560546875,133478,0.0,0.0
2025-06-26 00:00:00+09:00,3367.311887474157,3401.4112483599715,3299.1131657025285,3350.26220703125,97262,0.0,0.0
2025-06-27 00:00:00+09:00,3428.9892267461964,3437.736648242998,3162.19287109375,3162.19287109375,366911,100.0,0.0
2025-06-30 00:00:00+09:00,3192.808791701858,3236.5458984375,3162.192816986909,3236.5458984375,112418,0.0,0.0
2025-07-01 00:00:00+09:00,3219.051055743243,3254.0407411317565,3175.313949007601,3236.5458984375,150419,0.0,0.0
2025-07-02 00:00:00+09:00,3236.5459064311904,3249.66703848429,3162.1928247969604,3205.929931640625,235632,0.0,0.0
2025-07-03 00:00:00+09:00,3227.7984850624575,3280.283013274855,3188.4350889031593,3205.929931640625,165539,0.0,0.0
2025-07-04 00:00:00+09:00,3205.929737282865,3214.67715812129,3131.57666015625,3131.57666015625,223044,0.0,0.0
2025-07-07 00:00:00+09:00,3122.8291601848464,3144.697711726757,2978.4967200082356,2987.244140625,383418,0.0,0.0
2025-07-08 00:00:00+09:00,3013.486391874776,3079.0920462697272,2974.122999237805,3048.47607421875,171325,0.0,0.0
2025-07-09 00:00:00+09:00,3079.092292524005,3201.5561905221193,3044.102607381687,3188.43505859375,239593,0.0,0.0
2025-07-10 00:00:00+09:00,3192.8086250159654,3232.1720190230117,3162.192651899374,3210.303466796875,92495,0.0,0.0
2025-07-11 00:00:00+09:00,3219.050994706284,3245.2932582500853,3192.808731162483,3201.55615234375,129603,0.0,0.0
2025-07-14 00:00:00+09:00,3201.5562510600407,3245.2933583149593,3166.566565256106,3223.4248046875,219251,0.0,0.0
2025-07-15 00:00:00+09:00,3236.545798788265,3240.9195093271683,3179.6875617825253,3214.67724609375,105201,0.0,0.0
2025-07-16 00:00:00+09:00,3214.6772083809706,3240.9194713065294,3192.808655943005,3227.79833984375,91212,0.0,0.0
2025-07-17 00:00:00+09:00,3240.919609111064,3254.0407411317565,3201.556213048986,3236.5458984375,88023,0.0,0.0
2025-07-18 00:00:00+09:00,3254.0407104492188,3254.0407104492188,3188.4350509643555,3219.051025390625,106436,0.0,0.0
2025-07-21 00:00:00+09:00,3219.0509873985116,3240.919540302034,3179.687592172171,3232.172119140625,52624,0.0,0.0
2025-07-22 00:00:00+09:00,3232.172050331343,3280.2828656948677,3197.182366430598,3227.79833984375,83347,0.0,0.0
2025-07-23 00:00:00+09:00,3227.798370772616,3254.0406339496294,3166.5664233595853,3245.293212890625,1,0.0,0.0
2025-07-24 00:00:00+09:00,3249.666968840719,3271.535521793887,3170.940178209315,3201.55615234375,176720,0.0,0.0
2025-07-25 00:00:00+09:00,3197.182373046875,3201.5560835435194,3166.5663995703662,3197.182373046875,38343,0.0,0.0
2025-07-28 00:00:00+09:00,3197.182208132943,3210.303338946074,3105.3342924410254,3140.323974609375,120051,0.0,0.0
2025-07-29 00:00:00+09:00,3118.4554232541564,3184.061077319812,3074.7183205437195,3140.323974609375,67334,0.0,0.0
2025-07-30 00:00:00+09:00,3140.324211341595,3184.061317349138,3140.324211341595,3170.940185546875,42861,0.0,0.0
2025-07-31 00:00:00+09:00,3179.6876373081705,3201.5561905221193,3162.1927947370114,3188.43505859375,45619,0.0,0.0
2025-08-01 00:00:00+09:00,3188.4348695146277,3188.4348695146277,3065.970978778812,3083.4658203125,149896,0.0,0.0
2025-08-04 00:00:00+09:00,3070.3448118932038,3153.4453125,3017.8602851941746,3153.4453125,127636,0.0,0.0
2025-08-05 00:00:00+09:00,3153.445305457482,3192.8087003938444,3122.829331618089,3184.061279296875,54804,0.0,0.0
2025-08-06 00:00:00+09:00,3184.0612301921033,3192.8086511541696,3061.5973367231763,3087.839599609375,560660,0.0,0.0
2025-08-07 00:00:00+09:00,3100.960973350312,3122.8295274642073,2961.002227021384,2978.4970703125,1084306,0.0,0.0
2025-08-08 00:00:00+09:00,2987.2441722531157,3035.3549861547035,2965.375620479667,3004.739013671875,265361,0.0,0.0
2025-08-11 00:00:00+09:00,3009.1128688599706,3017.8602899903776,2956.6283420775294,2982.87060546875,146541,0.0,0.0
2025-08-12 00:00:00+09:00,2965.375801097662,3004.7391966874543,2947.88095861331,2969.74951171875,139744,0.0,0.0
2025-08-13 00:00:00+09:00,2974.1232223398383,2974.1232223398383,2934.759826750046,2969.74951171875,80603,0.0,0.0
2025-08-14 00:00:00+09:00,2965.375877890509,2965.375877890509,2742.3166304385677,2943.50732421875,313628,0.0,0.0
2025-08-18 00:00:00+09:00,2952.254629281851,2952.254629281851,2842.911865234375,2842.911865234375,167052,0.0,0.0
2025-08-19 00:00:00+09:00,2821.0432816732778,2882.2752288723877,2807.9221501306115,2825.4169921875,109268,0.0,0.0
2025-08-20 00:00:00+09:00,2825.41714621944,2825.41714621944,2746.69035267153,2772.9326171875,117076,0.0,0.0
2025-08-21 00:00:00+09:00,2786.053573296014,2812.295836152805,2755.4375999630906,2777.30615234375,49291,0.0,0.0
2025-08-22 00:00:00+09:00,2781.6800386928235,2825.41714621944,2768.5589064348383,2772.9326171875,41548,0.0,0.0
2025-08-25 00:00:00+09:00,2777.306251525879,2816.669647216797,2777.306251525879,2799.1748046875,69679,0.0,0.0
2025-08-26 00:00:00+09:00,2799.1745977237047,2799.1745977237047,2764.1849152521586,2786.053466796875,66179,0.0,0.0
2025-08-27 00:00:00+09:00,2786.0536422249656,2794.801063393647,2768.558799887603,2781.679931640625,20835,0.0,0.0
2025-08-28 00:00:00+09:00,2768.558694008376,2803.5483773449746,2764.184983591301,2790.42724609375,33773,0.0,0.0
2025-08-29 00:00:00+09:00,2772.9324044254504,2807.922087762049,2772.9324044254504,2790.42724609375,30055,0.0,0.0
2025-09-01 00:00:00+09:00,2772.9324484661124,2772.9324484661124,2702.9530806814787,2746.690185546875,99181,0.0,0.0
2025-09-02 00:00:00+09:00,2746.6903227306548,2755.437744140625,2707.3269263857887,2755.437744140625,42991,0.0,0.0
2025-09-03 00:00:00+09:00,2755.4375999630906,2786.053573296014,2737.942758058563,2777.30615234375,39236,0.0,0.0
2025-09-04 00:00:00+09:00,2790.4272772768204,2834.1643819363317,2772.9324354130163,2807.922119140625,48427,0.0,0.0
2025-09-05 00:00:00+09:00,2807.9222563749518,2829.7908097735103,2799.174835015528,2816.669677734375,32119,0.0,0.0
2025-09-08 00:00:00+09:00,2803.5485077611816,2829.790771484375,2799.1747971406494,2829.790771484375,15290,0.0,0.0
2025-09-09 00:00:00+09:00,2829.790869964412,2851.659423828125,2803.548605327957,2851.659423828125,60269,0.0,0.0
2025-09-10 00:00:00+09:00,2864.780342288134,2886.648894519341,2851.6592109494095,2869.154052734375,80306,0.0,0.0
2025-09-11 00:00:00+09:00,2877.9015047940343,2912.8911887428976,2864.7803733132105,2886.64892578125,83008,0.0,0.0
2025-09-12 00:00:00+09:00,2873.527794300426,2899.770057262074,2842.9118208451705,2886.64892578125,79696,0.0,0.0
2025-09-15 00:00:00+09:00,2886.6488251431297,2895.396245825382,2834.164301049618,2864.7802734375,71870,0.0,0.0
2025-09-16 00:00:00+09:00,2860.40673828125,2869.1541594992354,2816.6696321913228,2860.40673828125,93843,0.0,0.0
2025-09-17 00:00:00+09:00,2864.78041804387,2864.78041804387,2816.669601862981,2842.911865234375,67517,0.0,0.0
2025-09-18 00:00:00+09:00,2838.538291509897,2908.5176638737776,2829.790869964412,2851.659423828125,97952,0.0,0.0
2025-09-22 00:00:00+09:00,2904.1438295284433,2965.3757777413925,2904.1438295284433,2921.638671875,56922,0.0,0.0
2025-09-23 00:00:00+09:00,2912.8913191038396,2947.8810046186004,2895.396476346459,2926.012451171875,63398,0.0,0.0
2025-09-24 00:00:00+09:00,2895.396346768466,2908.51747824929,2860.4066628196024,2886.64892578125,78162,0.0,0.0
2025-09-25 00:00:00+09:00,2886.648894519341,2886.648894519341,2856.032921395651,2869.154052734375,33890,0.0,0.0
2025-09-26 00:00:00+09:00,2860.4066065588663,2860.4066065588663,2786.053529629966,2821.043212890625,116044,0.0,0.0
2025-09-29 00:00:00+09:00,2799.1747971406494,2838.53819272544,2799.1747971406494,2829.790771484375,39044,0.0,0.0
2025-09-30 00:00:00+09:00,2825.416923298207,2838.538054520954,2803.5483712602954,2821.043212890625,62284,0.0,0.0
2025-10-01 00:00:00+09:00,2825.417060863843,2847.285613966504,2816.6696396227785,2829.790771484375,37044,0.0,0.0
2025-10-02 00:00:00+09:00,2825.416948271961,2882.2751840730994,2821.0432378257196,2869.154052734375,79333,0.0,0.0
2025-10-10 00:00:00+09:00,2882.275197061794,2882.275197061794,2794.8009877427717,2807.922119140625,103036,0.0,0.0
2025-10-13 00:00:00+09:00,2755.4377523700846,2781.680016678371,2698.5795130354636,2724.82177734375,173861,0.0,0.0
2025-10-14 00:00:00+09:00,2729.1952751196172,2755.4375373803828,2707.3267232356457,2742.31640625,73194,0.0,0.0
2025-10-15 00:00:00+09:00,2742.3163321978673,2781.6797245260664,2742.3163321978673,2768.55859375,37837,0.0,0.0
2025-10-16 00:00:00+09:00,2799.1745655608215,2799.1745655608215,2751.063752715245,2768.55859375,65167,0.0,0.0
2025-10-17 00:00:00+09:00,2772.9325952422755,2772.9325952422755,2711.700645189607,2724.82177734375,102499,0.0,0.0
2025-10-20 00:00:00+09:00,2724.821798908222,2777.3063279401617,2711.7006666502366,2772.9326171875,39584,0.0,0.0
2025-10-21 00:00:00+09:00,2781.6799078125,2781.6799078125,2724.8216707031247,2733.569091796875,62248,0.0,0.0
2025-10-22 00:00:00+09:00,2733.569091796875,2755.43764453125,2702.9531179687497,2733.569091796875,55626,0.0,0.0
2025-10-23 00:00:00+09:00,2733.5690848435024,2768.5587691294995,2711.700532164755,2764.18505859375,39743,0.0,0.0
2025-10-24 00:00:00+09:00,2755.4375999630906,2781.6798628198817,2737.942758058563,2777.30615234375,35315,0.0,0.0
2025-10-27 00:00:00+09:00,2777.306183291153,2799.174735915493,2768.5587622414173,2794.801025390625,54260,0.0,0.0
2025-10-28 00:00:00+09:00,2777.3060142673776,2803.5482758195103,2759.8111732326224,2768.55859375,43418,0.0,0.0
2025-10-29 00:00:00+09:00,2799.1747428797466,2799.1747428797466,2742.316505915002,2764.18505859375,46385,0.0,0.0
2025-10-30 00:00:00+09:00,2764.1850342190014,2764.1850342190014,2716.07421875,2716.07421875,58391,0.0,0.0
2025-10-31 00:00:00+09:00,2720.44796015625,2746.6902234374998,2711.7005390625,2733.569091796875,25942,0.0,0.0
2025-11-03 00:00:00+09:00,2737.9426958732056,2755.4375373803828,2702.9530128588517,2742.31640625,65787,0.0,0.0
2025-11-04 00:00:00+09:00,2716.0743178102534,2755.437713720547,2716.0743178102534,2737.94287109375,42554,0.0,0.0
2025-11-05 00:00:00+09:00,2716.0743256354754,2729.1954576433764,2650.4686655959713,2707.326904296875,130518,0.0,0.0
2025-11-06 00:00:00+09:00,2685.458113925909,2733.5689270418457,2659.215852226307,2676.710693359375,168244,0.0,0.0
2025-11-07 00:00:00+09:00,2676.710703974185,2676.710703974185,2593.610208262568,2615.478759765625,178965,0.0,0.0
2025-11-10 00:00:00+09:00,2624.226387011231,2681.0846253964746,2602.3578337861377,2628.60009765625,145216,0.0,0.0
2025-11-11 00:00:00+09:00,2628.6000043937024,2659.215977822581,2541.125794596907,2576.115478515625,196415,0.0,0.0
2025-11-12 00:00:00+09:00,2580.489339593596,2667.963554495074,2562.9944966133003,2663.58984375,62339,0.0,0.0
2025-11-13 00:00:00+09:00,2663.5896994127897,2685.458251953125,2659.215988904723,2685.458251953125,51524,0.0,0.0
2025-11-14 00:00:00+09:00,2654.8424058549863,2733.5691987798455,2641.7212737008426,2724.82177734375,57850,0.0,0.0
2025-11-17 00:00:00+09:00,2724.821589041632,2724.821589041632,2584.8628557361226,2619.8525390625,255251,0.0,0.0
2025-11-18 00:00:00+09:00,2624.2263715426675,2624.2263715426675,2541.1258697771495,2549.873291015625,93326,0.0,0.0
2025-11-19 00:00:00+09:00,2545.4995656995916,2611.105224609375,2545.4995656995916,2611.105224609375,29086,0.0,0.0
2025-11-20 00:00:00+09:00,2611.105081044954,2632.9736328125,2593.6102396309175,2632.9736328125,21555,0.0,0.0
2025-11-21 00:00:00+09:00,2615.4789042738194,2615.4789042738194,2549.873246139861,2593.6103515625,85577,0.0,0.0
2025-11-24 00:00:00+09:00,2615.4789352033604,2659.216041143216,2562.9944080755336,2611.105224609375,127200,0.0,0.0
2025-11-25 00:00:00+09:00,2659.216041143216,2659.216041143216,2589.236671639447,2611.105224609375,48353,0.0,0.0
2025-11-26 00:00:00+09:00,2654.8422920735675,2654.8422920735675,2589.2366341145835,2624.226318359375,56161,0.0,0.0
2025-11-27 00:00:00+09:00,2637.3475189462874,2646.094940236325,2611.105255076175,2628.60009765625,26582,0.0,0.0
2025-11-28 00:00:00+09:00,2628.6000455097087,2702.953125,2628.6000455097087,2702.953125,53553,0.0,0.0
2025-12-01 00:00:00+09:00,2698.579370194939,2759.811317006494,2694.2056597083997,2746.690185546875,88914,0.0,0.0
2025-12-02 00:00:00+09:00,2742.31640625,2759.8112477571767,2716.0741439892345,2742.31640625,40922,0.0,0.0
2025-12-03 00:00:00+09:00,2764.1851655505952,2768.5588762555803,2733.5691906156994,2755.437744140625,26216,0.0,0.0
2025-12-04 00:00:00+09:00,2768.5587691294995,2768.5587691294995,2742.316505915002,2764.18505859375,36658,0.0,0.0
2025-12-05 00:00:00+09:00,2764.184989723653,2764.184989723653,2733.5690167362077,2759.811279296875,14348,0.0,0.0
2025-12-08 00:00:00+09:00,2768.558625561102,2790.4271771058184,2742.316363707442,2786.053466796875,60952,0.0,0.0
2025-12-09 00:00:00+09:00,2772.9323358700453,2790.4271771058184,2772.9323358700453,2786.053466796875,20130,0.0,0.0
2025-12-10 00:00:00+09:00,2794.8010561455094,2821.0433195834953,2786.053634999514,2812.2958984375,58479,0.0,0.0
2025-12-11 00:00:00+09:00,2807.9220502023204,2821.0431812780325,2768.5586569751854,2803.54833984375,45175,0.0,0.0
2025-12-12 00:00:00+09:00,2803.548515319824,2812.2959365844727,2772.9325408935547,2799.1748046875,44086,0.0,0.0
2025-12-15 00:00:00+09:00,2768.558860257546,2825.4170990937987,2764.1851495778337,2816.669677734375,75593,0.0,0.0
2025-12-16 00:00:00+09:00,2825.416929430349,2825.416929430349,2772.9324044254504,2790.42724609375,73646,0.0,0.0
2025-12-17 00:00:00+09:00,2786.053535676675,2816.6695085961987,2777.3061148425254,2790.42724609375,49817,0.0,0.0
2025-12-18 00:00:00+09:00,2781.6800083705357,2790.427429780506,2729.1954799107143,2755.437744140625,74110,0.0,0.0
2025-12-19 00:00:00+09:00,2856.0329023498725,2856.0329023498725,2751.063852340076,2790.42724609375,70320,0.0,0.0
2025-12-22 00:00:00+09:00,2790.4274435161074,2834.16455078125,2786.053732789593,2834.16455078125,62705,0.0,0.0
2025-12-23 00:00:00+09:00,2812.295893425816,2982.87060546875,2807.9221828606123,2982.87060546875,615981,0.0,0.0
2025-12-24 00:00:00+09:00,3030.9815139110906,3052.8500674025127,2987.2444069282465,3035.355224609375,322589,0.0,0.0
2025-12-26 00:00:00+09:00,3052.84996015176,3100.9607761426905,3035.35511797324,3044.1025390625,448523,0.0,0.0
2025-12-29 00:00:00+09:00,3225.9828933693016,3230.7692181369116,3135.0427227847067,3202.05126953125,252582,300.0,0.0
2025-12-30 00:00:00+09:00,3202.051393814317,3202.051393814317,3139.829169420317,3168.547119140625,194002,0.0,0.0
2026-01-02 00:00:00+09:00,3158.974384360599,3178.119683659754,3111.111136112711,3115.8974609375,220858,0.0,0.0
2026-01-05 00:00:00+09:00,3130.256312779018,3168.5469098772323,3096.7520403180806,3149.401611328125,106836,0.0,0.0
2026-01-06 00:00:00+09:00,3154.188108518675,3197.265032610736,3130.2564840230857,3187.6923828125,148801,0.0,0.0
2026-01-07 00:00:00+09:00,3149.401698920563,3187.692297083731,3106.3247759869987,3135.042724609375,133066,0.0,0.0
2026-01-08 00:00:00+09:00,3154.1880427026895,3154.1880427026895,3091.9658203125,3091.9658203125,134761,0.0,0.0
2026-01-09 00:00:00+09:00,3120.6838342248498,3187.6923828125,3082.393235031907,3187.6923828125,135844,0.0,0.0
2026-01-12 00:00:00+09:00,3202.05118233817,3235.5554547991073,3158.974260602679,3216.41015625,139307,0.0,0.0
2026-01-13 00:00:00+09:00,3197.264874907681,3254.7007708641063,3197.264874907681,3240.341796875,96103,0.0,0.0
2026-01-14 00:00:00+09:00,3254.7008949393658,3254.7008949393658,3187.692347102379,3206.837646484375,49710,0.0,0.0
2026-01-15 00:00:00+09:00,3216.4103483606555,3254.7009477459014,3182.9060738985654,3211.6240234375,195851,0.0,0.0
2026-01-16 00:00:00+09:00,3230.7692181369116,3254.7008419749627,3163.7606713903683,3202.05126953125,133324,0.0,0.0
2026-01-19 00:00:00+09:00,3202.0512165505866,3283.418736253666,3202.0512165505866,3264.2734375,160458,0.0,0.0
2026-01-20 00:00:00+09:00,3292.991490771199,3297.7778156124364,3197.264993946455,3273.84619140625,240466,0.0,0.0
2026-01-21 00:00:00+09:00,3292.9915794787075,3546.6668028978524,3225.983029896292,3259.4873046875,1535082,0.0,0.0
2026-01-22 00:00:00+09:00,3264.2735897822786,3403.077012221701,3197.265041018419,3345.64111328125,468006,0.0,0.0
2026-01-23 00:00:00+09:00,3364.786383463542,3637.606901041667,3364.786383463542,3589.74365234375,953983,0.0,0.0
2026-01-26 00:00:00+09:00,3637.606795203877,3685.470042509191,3508.3760274795286,3580.1708984375,325056,0.0,0.0
2026-01-27 00:00:00+09:00,3580.1708461449966,3618.4614434299697,3513.1623008962933,3575.384521484375,252211,0.0,0.0
2026-01-28 00:00:00+09:00,3589.743688343038,3642.3932624387357,3532.307789329549,3570.598388671875,377926,0.0,0.0
2026-01-29 00:00:00+09:00,3570.5983200485643,3570.5983200485643,3446.153874577703,3541.88037109375,290234,0.0,0.0
2026-01-30 00:00:00+09:00,3527.5213463092673,3527.5213463092673,3403.0769026131466,3470.08544921875,274996,0.0,0.0
2026-02-02 00:00:00+09:00,3441.367587863573,3546.6667351973683,3407.8633137119114,3455.7265625,237420,0.0,0.0
2026-02-03 00:00:00+09:00,3484.444555696571,3594.530029296875,3470.0855808791403,3594.530029296875,203589,0.0,0.0
2026-02-04 00:00:00+09:00,3589.7436430959992,3800.3419368242976,3556.2393690937697,3790.769287109375,381070,0.0,0.0
2026-02-05 00:00:00+09:00,3790.7692027583116,3790.7692027583116,3647.1794602295877,3671.111083984375,180458,0.0,0.0
2026-02-06 00:00:00+09:00,3632.820628810024,3632.820628810024,3494.0172055748585,3594.530029296875,169333,0.0,0.0
2026-02-09 00:00:00+09:00,3651.9657329828246,3680.6836810796754,3589.7435121063154,3666.32470703125,126608,0.0,0.0
2026-02-10 00:00:00+09:00,3666.32470768056,3685.4700064151843,3589.7435127420626,3599.316162109375,106618,0.0,0.0
2026-02-11 00:00:00+09:00,3623.247994882089,3628.0343198423034,3584.957395200376,3618.461669921875,98857,0.0,0.0
2026-02-12 00:00:00+09:00,3618.461669921875,3651.965944643374,3594.5300451208045,3618.461669921875,75412,0.0,0.0
2026-02-13 00:00:00+09:00,3618.4615631103516,3690.256435394287,3575.3846397399902,3675.8974609375,164332,0.0,0.0
2026-02-19 00:00:00+09:00,3742.9059353985363,3824.273455733287,3723.760636496242,3781.196533203125,201593,0.0,0.0
2026-02-20 00:00:00+09:00,3781.196548593943,3915.2136414555002,3771.6238991038317,3872.13671875,218594,0.0,0.0
2026-02-23 00:00:00+09:00,3924.786324786325,3972.6495726495727,3872.1367521367524,3920.0,175597,0.0,0.0
2026-02-24 00:00:00+09:00,3915.213570752371,3991.794765290315,3838.6323762144275,3910.42724609375,158430,0.0,0.0
2026-02-25 00:00:00+09:00,3972.6495014453594,4106.666593060384,3896.0683062367743,3958.29052734375,217170,0.0,0.0
2026-02-26 00:00:00+09:00,3958.2907194640966,3963.077044396943,3747.6924224188483,3953.50439453125,367461,0.0,0.0
2026-02-27 00:00:00+09:00,3943.9316430362655,3948.7179678457755,3795.5555739414544,3876.923095703125,138797,0.0,0.0
2026-03-03 00:00:00+09:00,3876.9231149051966,3943.931662570225,3805.1282424069523,3833.84619140625,535225,0.0,0.0
2026-03-04 00:00:00+09:00,3833.846241815853,3833.846241815853,3450.9402501238824,3546.666748046875,358087,0.0,0.0
2026-03-05 00:00:00+09:00,3675.8973904639174,3829.0597817332473,3589.7435453749194,3714.18798828125,251026,0.0,0.0
2026-03-06 00:00:00+09:00,3671.1111846962804,3771.624007223819,3632.8205856381705,3747.6923828125,125549,0.0,0.0
2026-03-09 00:00:00+09:00,3561.0255982406497,3733.3332884781007,3532.3076498677415,3647.179443359375,187371,0.0,0.0
2026-03-10 00:00:00+09:00,3728.547050604382,3728.547050604382,3632.820553798108,3699.8291015625,124773,0.0,0.0
2026-03-11 00:00:00+09:00,3699.8290578926885,4015.726493624794,3699.8290578926885,3987.008544921875,340233,0.0,0.0
2026-03-12 00:00:00+09:00,3987.0086165364582,4006.153916015625,3876.92314453125,3948.718017578125,171474,0.0,0.0
2026-03-13 00:00:00+09:00,3781.196531988495,3919.999948985541,3781.196531988495,3848.205078125,130117,0.0,0.0
2026-03-16 00:00:00+09:00,3848.205130289208,3924.786326911879,3809.9145319778727,3852.991455078125,72801,0.0,0.0
2026-03-17 00:00:00+09:00,3867.350517748597,3920.0000916288377,3795.5556442755415,3838.632568359375,69235,0.0,0.0
2026-03-18 00:00:00+09:00,3838.632429910008,3886.4956771657435,3685.4700386916534,3781.196533203125,264821,0.0,0.0
2026-03-19 00:00:00+09:00,3776.4103356251017,3776.4103356251017,3647.179563683558,3680.683837890625,137037,0.0,0.0
2026-03-20 00:00:00+09:00,3747.6922259990984,3747.6922259990984,3680.683680451222,3733.333251953125,53060,0.0,0.0
2026-03-23 00:00:00+09:00,3685.4700438787895,3685.4700438787895,3494.017054586385,3513.162353515625,214074,0.0,0.0
2026-03-24 00:00:00+09:00,3565.8119242459056,3594.5298726290944,3403.0768834078376,3580.1708984375,204737,0.0,0.0
2026-03-25 00:00:00+09:00,3594.530005639838,3714.188128330911,3580.171030916909,3704.615478515625,89320,0.0,0.0
2026-03-26 00:00:00+09:00,3704.615429301507,3704.615429301507,3589.743633044096,3632.820556640625,98873,0.0,0.0
2026-03-27 00:00:00+09:00,3604.1026237447845,3656.752197265625,3541.880400492883,3656.752197265625,61493,0.0,0.0
2026-03-30 00:00:00+09:00,3632.8206448025176,3671.1112444842306,3551.4531204788773,3618.461669921875,58561,0.0,0.0
2026-03-31 00:00:00+09:00,3623.247854912187,3666.3247778900068,3556.2393080578004,3628.0341796875,106295,0.0,0.0
2026-04-01 00:00:00+09:00,3642.393200730126,3771.6239713210766,3642.393200730126,3766.837646484375,128537,0.0,0.0
2026-04-02 00:00:00+09:00,3766.8375247270633,3776.4101740910455,3604.102485539363,3733.333251953125,109580,0.0,0.0
2026-04-03 00:00:00+09:00,3733.3334242147844,3795.5556479516977,3685.47017518639,3771.6240234375,108568,0.0,0.0
2026-04-06 00:00:00+09:00,3790.769270667884,3800.341920341288,3723.760722954058,3766.837646484375,57140,0.0,0.0
2026-04-07 00:00:00+09:00,3766.8376299377596,3785.9829292004674,3666.324808808544,3742.906005859375,85787,0.0,0.0
2026-04-08 00:00:00+09:00,3948.71791315832,3953.5042379015417,3857.7777430370975,3939.145263671875,593498,0.0,0.0
2026-04-09 00:00:00+09:00,3991.794921875,4159.316291498052,3910.4273994866608,3991.794921875,395677,0.0,0.0
2026-04-10 00:00:00+09:00,3991.7948162538787,4054.017037610354,3762.0512297068926,4049.230712890625,238378,0.0,0.0
2026-04-13 00:00:00+09:00,4020.5128906249997,4049.23083984375,3838.6325455729166,3948.718017578125,168038,0.0,0.0
2026-04-14 00:00:00+09:00,4044.444547915887,4054.0171977334394,3958.2906995579156,3996.581298828125,179149,0.0,0.0
2026-04-15 00:00:00+09:00,3996.581124068724,4049.2306957630426,3953.5042017733726,4025.299072265625,118347,0.0,0.0
2026-04-16 00:00:00+09:00,4025.2991739671456,4116.239345554988,3939.1453271997157,4101.88037109375,180214,0.0,0.0
2026-04-17 00:00:00+09:00,4106.666784067623,4116.239433913935,4020.5129354508194,4087.521484375,88275,0.0,0.0
2026-04-20 00:00:00+09:00,4097.093942757878,4097.093942757878,3991.7947993692405,4025.299072265625,87200,0.0,0.0
2026-04-21 00:00:00+09:00,3987.0086133045293,4049.2308365613826,3953.5043392431467,4015.7265625,154043,0.0,0.0
2026-04-22 00:00:00+09:00,4054.017144877848,4054.017144877848,3963.0769727967627,3991.794921875,83660,0.0,0.0
2026-04-23 00:00:00+09:00,3963.076904296875,4020.512801460598,3939.1452804786572,3963.076904296875,101067,0.0,0.0
2026-04-24 00:00:00+09:00,3963.076939851335,3963.076939851335,3862.5641189130765,3943.931640625,101404,0.0,0.0
2026-04-27 00:00:00+09:00,3943.931712431066,3963.077012005974,3872.136839025161,3905.64111328125,144985,0.0,0.0
2026-04-28 00:00:00+09:00,3919.9999306316304,3939.1452294381343,3867.3503589137454,3891.281982421875,195828,0.0,0.0
2026-04-29 00:00:00+09:00,3891.2821745473175,3915.2137992370303,3872.136874795547,3886.495849609375,68059,0.0,0.0
2026-04-30 00:00:00+09:00,3886.4958335753563,3910.4274581663376,3852.9915591479826,3862.564208984375,119203,0.0,0.0
2026-05-04 00:00:00+09:00,3862.564017116433,3900.8546145599666,3805.128120951133,3867.350341796875,208915,0.0,0.0
2026-05-06 00:00:00+09:00,3872.136649125837,3891.281947761811,3809.9144285589196,3843.418701171875,172040,0.0,0.0
2026-05-07 00:00:00+09:00,3848.205254346805,3857.7779042332395,3809.9146548010654,3819.4873046875,139716,0.0,0.0
2026-05-08 00:00:00+09:00,3819.4870955998113,3838.6323943246225,3766.837524106581,3800.341796875,195539,0.0,0.0
2026-05-11 00:00:00+09:00,3800.341993065027,3800.341993065027,3690.256519714277,3728.547119140625,246795,0.0,0.0
2026-05-12 00:00:00+09:00,3733.333375444696,3757.2649996462646,3637.6068786384217,3699.8291015625,202886,0.0,0.0
2026-05-13 00:00:00+09:00,3699.8289961310707,3771.6238666898885,3666.3247232036224,3757.264892578125,85191,0.0,0.0
2026-05-14 00:00:00+09:00,3762.0514096629863,3781.196709457709,3723.760810073541,3752.478759765625,57851,0.0,0.0
2026-05-15 00:00:00+09:00,3752.4786913560415,3766.837665940312,3671.1111687118414,3723.7607421875,122161,0.0,0.0
2026-05-18 00:00:00+09:00,3718.9744734221813,3723.7607983558005,3594.53002514808,3661.53857421875,103014,0.0,0.0
2026-05-19 00:00:00+09:00,3742.906081671464,3742.906081671464,3565.8120599043996,3637.60693359375,126738,0.0,0.0
2026-05-20 00:00:00+09:00,3637.606848193425,3699.8290705967333,3527.521377787571,3584.957275390625,166773,0.0,0.0
2026-05-21 00:00:00+09:00,3589.743547898563,3675.8973930481284,3575.3845737069687,3580.1708984375,99205,0.0,0.0
2026-05-22 00:00:00+09:00,3637.6068786384217,3718.9744009237547,3570.5983308740297,3699.8291015625,83521,0.0,0.0
2026-05-26 00:00:00+09:00,3709.401787210968,3776.4103356251017,3642.3932387968343,3680.683837890625,103310,0.0,0.0
2026-05-27 00:00:00+09:00,3680.6836817315284,3680.6836817315284,3541.880265905502,3599.316162109375,157192,0.0,0.0
2026-05-28 00:00:00+09:00,3608.888793784905,3647.1793910664423,3527.5212745616377,3642.39306640625,143842,0.0,0.0
2026-05-29 00:00:00+09:00,3642.39306640625,3685.46998834798,3589.7434951441364,3642.39306640625,91990,0.0,0.0
2026-06-01 00:00:00+09:00,3642.3931212879984,3642.3931212879984,3503.589704051005,3513.162353515625,182800,0.0,0.0
2026-06-02 00:00:00+09:00,3522.735107421875,3575.3846810382347,3446.153909434443,3522.735107421875,85619,0.0,0.0
2026-06-04 00:00:00+09:00,3522.734933035714,3589.743477957589,3398.290492466518,3417.435791015625,126555,0.0,0.0
2026-06-05 00:00:00+09:00,3479.658081732856,3494.01705593533,3364.7862881130645,3446.15380859375,93761,0.0,0.0
2026-06-08 00:00:00+09:00,3446.1538114161854,3446.1538114161854,3269.0597961072976,3312.13671875,163783,0.0,0.0
2026-06-09 00:00:00+09:00,3398.2905778556033,3532.30767106681,3312.1367322198275,3470.08544921875,71650,0.0,0.0
2026-06-10 00:00:00+09:00,3441.367483859592,3537.0939785427518,3398.2905612521704,3446.15380859375,66406,0.0,0.0
2026-06-11 00:00:00+09:00,3446.153738839286,3532.307582310268,3407.8631417410716,3484.4443359375,65652,0.0,0.0
2026-06-12 00:00:00+09:00,3522.7349858539096,3561.0255835262346,3474.8717387635033,3489.230712890625,79788,0.0,0.0
2026-06-15 00:00:00+09:00,3489.2308650694326,3580.171038507456,3489.2308650694326,3570.598388671875,108585,0.0,0.0
2026-06-16 00:00:00+09:00,3546.6667799054385,3618.4616539925933,3546.6667799054385,3594.530029296875,45257,0.0,0.0
2026-06-17 00:00:00+09:00,3618.4614608439992,3618.4614608439992,3369.5725772938827,3599.316162109375,53955,0.0,0.0
2026-06-18 00:00:00+09:00,3618.4616539925933,3618.4616539925933,3541.880454966295,3594.530029296875,52327,0.0,0.0
2026-06-19 00:00:00+09:00,3594.5299772135418,3618.4616015625,3522.7351041666666,3589.74365234375,113182,0.0,0.0
2026-06-22 00:00:00+09:00,3589.7435127420626,3680.6836817315284,3359.9999279265708,3599.316162109375,131644,0.0,0.0
2026-06-23 00:00:00+09:00,3599.316305409307,3599.316305409307,3436.581259686014,3522.735107421875,112760,0.0,0.0
2026-06-24 00:00:00+09:00,3522.734933035714,3561.025530133929,3403.076817103795,3484.4443359375,72607,0.0,0.0
2026-06-25 00:00:00+09:00,3484.444459192961,3508.37608322588,3412.649587094205,3450.940185546875,95103,0.0,0.0
2026-06-26 00:00:00+09:00,3460.512820512821,3479.6581196581196,3302.5641025641025,3360.0,161387,0.0,0.0
2026-06-29 00:00:00+09:00,3525.0,3700.0,3525.0,3590.0,63698,150.0,0.0
2026-06-30 00:00:00+09:00,3685.0,3685.0,3470.0,3490.0,57474,0.0,0.0
2026-07-01 00:00:00+09:00,3500.0,3575.0,3460.0,3475.0,37132,0.0,0.0
2026-07-02 00:00:00+09:00,3475.0,3515.0,3375.0,3415.0,59111,0.0,0.0
2026-07-03 00:00:00+09:00,3395.0,3490.0,3350.0,3460.0,79734,0.0,0.0
2026-07-06 00:00:00+09:00,3460.0,3550.0,3455.0,3545.0,38712,0.0,0.0
2026-07-07 00:00:00+09:00,3560.0,3580.0,3455.0,3500.0,60907,0.0,0.0
2026-07-08 00:00:00+09:00,3545.0,3555.0,3435.0,3495.0,70091,0.0,0.0
2026-07-09 00:00:00+09:00,3495.0,3555.0,3445.0,3510.0,48916,0.0,0.0
2026-07-10 00:00:00+09:00,3510.0,3620.0,3430.0,3570.0,45156,0.0,0.0
2026-07-13 00:00:00+09:00,3550.0,3600.0,3470.0,3485.0,66000,0.0,0.0
2026-07-14 00:00:00+09:00,3485.0,3540.0,3465.0,3520.0,39664,0.0,0.0
2026-07-15 00:00:00+09:00,3600.0,3600.0,3520.0,3570.0,67296,0.0,0.0
2026-07-16 00:00:00+09:00,3570.0,3685.0,3550.0,3675.0,72699,0.0,0.0
2026-07-20 00:00:00+09:00,3640.0,3715.0,3570.0,3630.0,64233,0.0,0.0
2026-07-21 00:00:00+09:00,3630.0,3645.0,3560.0,3645.0,41060,0.0,0.0
2026-07-22 00:00:00+09:00,3645.0,3700.0,3585.0,3605.0,52714,0.0,0.0
2026-07-23 00:00:00+09:00,3605.0,3675.0,3590.0,3670.0,77587,0.0,0.0
2026-07-24 00:00:00+09:00,3670.0,3750.0,3650.0,3725.0,79698,0.0,0.0
2026-07-27 00:00:00+09:00,3760.0,3800.0,3700.0,3730.0,101260,0.0,0.0
2026-07-28 00:00:00+09:00,3730.0,3735.0,3530.0,3575.0,103836,0.0,0.0
2026-07-29 00:00:00+09:00,3520.0,3635.0,3310.0,3510.0,197738,0.0,0.0
2026-07-30 00:00:00+09:00,3510.0,3595.0,3460.0,3565.0,35788,0.0,0.0
2026-07-31 00:00:00+09:00,3600.0,3670.0,3580.0,3670.0,53188,0.0,0.0
2026-08-03 00:00:00+09:00,3675.0,3765.0,3625.0,3685.0,74178,0.0,0.0
2026-08-04 00:00:00+09:00,3700.0,3760.0,3670.0,3760.0,110180,0.0,0.0
2026-08-05 00:00:00+09:00,3760.0,3830.0,3750.0,3800.0,70981,0.0,0.0
2026-08-06 00:00:00+09:00,3800.0,3830.0,3775.0,3800.0,28569,0.0,0.0
2026-08-07 00:00:00+09:00,3800.0,3830.0,3770.0,3810.0,56663,0.0,0.0
2026-08-10 00:00:00+09:00,3810.0,3855.0,3735.0,3820.0,59388,0.0,0.0
2026-08-11 00:00:00+09:00,3820.0,3860.0,3760.0,3855.0,62868,0.0,0.0
2026-08-12 00:00:00+09:00,3825.0,3875.0,3785.0,3830.0,89482,0.0,0.0
2026-08-13 00:00:00+09:00,3830.0,3850.0,3775.0,3800.0,66026,0.0,0.0
2026-08-14 00:00:00+09:00,3790.0,3830.0,3775.0,3785.0,49751,0.0,0.0
2026-08-18 00:00:00+09:00,3790.0,3790.0,3690.0,3740.0,60383,0.0,0.0
2026-08-19 00:00:00+09:00,3710.0,3730.0,3650.0,3665.0,57039,0.0,0.0
2026-08-20 00:00:00+09:00,3670.0,3790.0,3645.0,3685.0,114615,0.0,0.0
2026-08-21 00:00:00+09:00,3685.0,3685.0,3575.0,3650.0,105980,0.0,0.0
2026-08-24 00:00:00+09:00,3650.0,3690.0,3635.0,3675.0,44880,0.0,0.0
2026-08-25 00:00:00+09:00,3665.0,3740.0,3630.0,3740.0,64627,0.0,0.0
2026-08-26 00:00:00+09:00,3740.0,3750.0,3690.0,3740.0,31593,0.0,0.0
2026-08-27 00:00:00+09:00,3740.0,3775.0,3720.0,3735.0,75972,0.0,0.0
2026-08-28 00:00:00+09:00,3735.0,3815.0,3725.0,3810.0,53565,0.0,0.0
