Date,Open,High,Low,Close,Volume,Dividends,Stock Splits
2006-02-01 00:00:00+09:00,3782.4136677941724,4011.6508373952533,3255.168103836419,3484.4052734375,3457410,0.0,0.0
2006-02-02 00:00:00+09:00,3599.0243924488123,3644.871759298983,3209.3212201577785,3358.325439453125,831600,0.0,0.0
2006-02-03 00:00:00+09:00,3278.092341223405,3289.55409019361,3048.8549608728567,3060.31689453125,605880,0.0,0.0
2006-02-06 00:00:00+09:00,2980.084053615558,3266.6303770272802,2980.084053615558,3083.24072265625,652080,0.0,0.0
2006-02-07 00:00:00+09:00,3083.240616560529,3140.5499162084734,2854.00341796875,2854.00341796875,527340,0.0,0.0
2006-02-08 00:00:00+09:00,2842.541529515827,3117.626098339581,2842.541529515827,2899.850830078125,753060,0.0,0.0
2006-02-09 00:00:00+09:00,2968.6221422158524,3003.00776038957,2773.77055214905,2819.617919921875,376860,0.0,0.0
2006-02-10 00:00:00+09:00,2819.6178217763186,2854.0034387531377,2590.380621515111,2659.15185546875,404250,0.0,0.0
2006-02-13 00:00:00+09:00,2659.1520560416097,2682.0757408591653,2521.6095777598634,2544.533447265625,372570,0.0,0.0
2006-02-14 00:00:00+09:00,2533.0711911376857,2647.6897853718137,2533.0711911376857,2555.994873046875,285450,0.0,0.0
2006-02-15 00:00:00+09:00,2590.3805309004056,2636.227895473573,2349.6814051708134,2418.45263671875,355080,0.0,0.0
2006-02-16 00:00:00+09:00,2429.9142987666146,2624.76605296656,2372.6050027520846,2510.1474609375,283140,0.0,0.0
2006-02-17 00:00:00+09:00,2555.995017962992,2590.380635120413,2498.685717596688,2578.918701171875,289410,0.0,0.0
2006-02-20 00:00:00+09:00,2521.609098175856,2601.8422568100923,2464.2998046875,2464.2998046875,135960,0.0,0.0
2006-02-21 00:00:00+09:00,2464.299902066685,2521.609197819673,2441.376220703125,2441.376220703125,150810,0.0,0.0
2006-02-22 00:00:00+09:00,2395.52921786114,2475.76220703125,2384.0672831133215,2475.76220703125,147510,0.0,0.0
2006-02-23 00:00:00+09:00,2464.3002722834317,2613.30450056404,2464.3002722834317,2475.76220703125,254760,0.0,0.0
2006-02-24 00:00:00+09:00,2521.609429310299,2521.609429310299,2429.914510750038,2452.83837890625,99990,0.0,0.0
2006-02-27 00:00:00+09:00,2452.8382524927183,2487.223868266686,2406.9907032313654,2418.45263671875,186120,0.0,0.0
2006-02-28 00:00:00+09:00,2418.452568781699,2544.533094848444,2372.605020808255,2498.685546875,289740,0.0,0.0
2006-03-02 00:00:00+09:00,2475.7621864412563,2498.685871058039,2384.06726328592,2487.22412109375,364980,0.0,0.0
2006-03-03 00:00:00+09:00,2498.6855359561823,2555.9948321564198,2418.452558213485,2429.914306640625,306900,0.0,0.0
2006-03-06 00:00:00+09:00,2429.914243729862,2464.299857497393,2315.295654296875,2315.295654296875,272580,0.0,0.0
2006-03-07 00:00:00+09:00,2280.910600477784,2303.8342851981997,2166.2919921875,2166.2919921875,463650,0.0,0.0
2006-03-08 00:00:00+09:00,2131.9062235935185,2170.876540297938,2005.8256894207655,2024.1646728515625,438240,0.0,0.0
2006-03-09 00:00:00+09:00,2040.211518984667,2113.567460349929,2014.9954833984375,2014.9954833984375,304260,0.0,0.0
2006-03-10 00:00:00+09:00,2019.5796606358172,2072.304252926248,2008.1177285072317,2070.01171875,347820,0.0,0.0
2006-03-13 00:00:00+09:00,2097.5207734308738,2235.0630677591357,2076.8894385160447,2154.830078125,443850,0.0,0.0
2006-03-14 00:00:00+09:00,2177.7537630650095,2200.6774480050185,2125.029158421243,2154.830078125,218460,0.0,0.0
2006-03-15 00:00:00+09:00,2189.2155857208436,2223.601203713311,2141.07568359375,2141.07568359375,105270,0.0,0.0
2006-03-16 00:00:00+09:00,2125.028870340508,2154.829786004287,2026.4569091796875,2026.4569091796875,194040,0.0,0.0
2006-03-17 00:00:00+09:00,2017.2873535156248,2063.134713616544,1976.0245077989966,2017.287353515625,154110,0.0,0.0
2006-03-20 00:00:00+09:00,2028.7496135744027,2051.6732994144304,2003.5335776191937,2005.825927734375,76230,0.0,0.0
2006-03-21 00:00:00+09:00,1998.9479887445414,2024.1640134898155,1992.0707567680977,1996.6556396484375,131340,0.0,0.0
2006-03-22 00:00:00+09:00,1982.9022012781088,1994.363951619242,1904.9615602055626,1925.5928955078125,159720,0.0,0.0
2006-03-23 00:00:00+09:00,1941.6389614251461,2005.8252985820134,1941.6389614251461,1969.1473388671875,184800,0.0,0.0
2006-03-24 00:00:00+09:00,1937.0544407519842,1980.6096415012596,1925.592691624431,1953.10107421875,132000,0.0,0.0
2006-03-27 00:00:00+09:00,1955.3931525323878,2010.4100947699583,1955.3931525323878,1962.2703857421875,155760,0.0,0.0
2006-03-28 00:00:00+09:00,1964.5633431428432,1964.5633431428432,1888.9150472444057,1891.2073974609375,139590,0.0,0.0
2006-03-29 00:00:00+09:00,1891.2070570336225,1900.376456249209,1872.8680739142605,1898.0841064453125,85470,0.0,0.0
2006-03-30 00:00:00+09:00,1898.0839703926083,1971.4398976119794,1898.0839703926083,1959.9781494140625,194370,0.0,0.0
2006-03-31 00:00:00+09:00,1932.4697553354863,2012.7027385721174,1932.4697553354863,1973.732421875,138930,0.0,0.0
2006-04-03 00:00:00+09:00,1982.9014496607033,2102.1047161538345,1966.8548205773702,2081.473388671875,159720,0.0,0.0
2006-04-04 00:00:00+09:00,2097.52099609375,2102.1056966308006,2040.2116853159391,2097.52099609375,133980,0.0,0.0
2006-04-05 00:00:00+09:00,2108.982425583814,2108.982425583814,2067.7195765962965,2076.88916015625,111540,0.0,0.0
2006-04-06 00:00:00+09:00,2076.8892879244536,2104.397670920239,2076.8892879244536,2095.228271484375,73260,0.0,0.0
2006-04-07 00:00:00+09:00,2104.3981747639295,2104.3981747639295,2031.0422229610601,2063.135498046875,53130,0.0,0.0
2006-04-10 00:00:00+09:00,2042.503662109375,2056.2579458937603,2019.5799789275286,2042.503662109375,61050,0.0,0.0
2006-04-11 00:00:00+09:00,2031.041363704697,2031.041363704697,1948.5160451839117,1994.3634033203125,107580,0.0,0.0
2006-04-12 00:00:00+09:00,1994.36389234097,2056.258081096256,1994.36389234097,2028.74951171875,94380,0.0,0.0
2006-04-13 00:00:00+09:00,2044.7961687871077,2166.292012939108,2028.7495339226393,2154.830078125,306900,0.0,0.0
2006-04-14 00:00:00+09:00,2177.7539398984736,2361.1438036862046,2177.7539398984736,2292.37255859375,679470,0.0,0.0
2006-04-17 00:00:00+09:00,2315.295487539244,2326.7574195322745,2253.401498028467,2303.833740234375,130350,0.0,0.0
2006-04-18 00:00:00+09:00,2269.448871792339,2326.7581811399773,2253.402235624885,2292.37255859375,120120,0.0,0.0
2006-04-19 00:00:00+09:00,2349.6813351777464,2464.2999278845546,2251.109375,2251.109375,521730,0.0,0.0
2006-04-20 00:00:00+09:00,2255.6936983187625,2280.9099100982307,2186.9226649729426,2248.816650390625,98670,0.0,0.0
2006-04-21 00:00:00+09:00,2230.478281636081,2326.757902419318,2230.478281636081,2267.15625,81840,0.0,0.0
2006-04-24 00:00:00+09:00,2269.44859993672,2338.2198367911174,2248.8172658180406,2267.15625,255090,0.0,0.0
2006-04-25 00:00:00+09:00,2303.8337219648533,2372.604759313194,2219.015869140625,2219.015869140625,279840,0.0,0.0
2006-04-26 00:00:00+09:00,2221.3085791156623,2244.2324466406226,2177.7535632569798,2200.67724609375,198330,0.0,0.0
2006-04-27 00:00:00+09:00,2223.601147091168,2223.601147091168,2042.503662109375,2042.503662109375,285450,0.0,0.0
2006-04-28 00:00:00+09:00,2044.7965100961576,2086.0591868132124,2005.826183786913,2063.135498046875,134310,0.0,0.0
2006-05-02 00:00:00+09:00,2063.1346252130734,2108.982168037634,1994.3634033203125,1994.3634033203125,62370,0.0,0.0
2006-05-03 00:00:00+09:00,2001.2406363224843,2008.1176846364967,1957.6856276240876,1994.3634033203125,94710,0.0,0.0
2006-05-04 00:00:00+09:00,1994.3631058642015,2028.7487116820232,1971.439430215031,1996.6556396484375,67320,0.0,0.0
2006-05-08 00:00:00+09:00,2005.825465886357,2051.6728270099043,1973.7322022869712,2012.7025146484375,97350,0.0,0.0
2006-05-09 00:00:00+09:00,1996.6566775225015,2063.1353899299406,1996.6566775225015,2049.381103515625,84810,0.0,0.0
2006-05-10 00:00:00+09:00,2065.4271142386365,2083.7660956702302,2040.2110840282594,2079.181396484375,90750,0.0,0.0
2006-05-11 00:00:00+09:00,2090.643494495528,2223.60107421875,2031.0416616125433,2223.60107421875,169950,0.0,0.0
2006-05-12 00:00:00+09:00,2253.4018059720556,2253.4018059720556,2177.7535246693915,2223.60107421875,72270,0.0,0.0
2006-05-15 00:00:00+09:00,2182.338099745848,2214.431364131106,2131.906038212644,2173.168701171875,39930,0.0,0.0
2006-05-16 00:00:00+09:00,2145.6608514809845,2177.754126566799,2021.8728213298202,2063.135498046875,107580,0.0,0.0
2006-05-17 00:00:00+09:00,2042.5033049433093,2127.320973290803,2042.5033049433093,2092.935546875,70290,0.0,0.0
2006-05-18 00:00:00+09:00,2005.8253178704356,2063.134607389929,2005.8253178704356,2037.9185791015625,42900,0.0,0.0
2006-05-19 00:00:00+09:00,2026.456958477039,2143.3679048854515,2026.456958477039,2122.736572265625,50490,0.0,0.0
2006-05-22 00:00:00+09:00,2143.368036711947,2159.414670778347,2113.567303178516,2125.029052734375,57090,0.0,0.0
2006-05-23 00:00:00+09:00,2113.5670243015607,2154.8296866346,2104.3974411785666,2131.906005859375,64020,0.0,0.0
2006-05-24 00:00:00+09:00,2131.906005859375,2180.0457170185296,2063.1347788455273,2131.906005859375,122760,0.0,0.0
2006-05-25 00:00:00+09:00,2145.660328771781,2189.2155299743017,2042.503662109375,2042.503662109375,206250,0.0,0.0
2006-05-26 00:00:00+09:00,2079.1814303168076,2104.3974609375,2044.7958164870251,2104.3974609375,54120,0.0,0.0
2006-05-29 00:00:00+09:00,2086.0584804465348,2120.444094296741,2086.0584804465348,2088.350830078125,67980,0.0,0.0
2006-05-30 00:00:00+09:00,2090.6431973622794,2106.689643501353,2024.1643246049034,2060.84228515625,29700,0.0,0.0
2006-05-31 00:00:00+09:00,2060.84228515625,2060.84228515625,2060.84228515625,2060.84228515625,0,0.0,0.0
2006-06-01 00:00:00+09:00,2079.1812559672617,2079.1812559672617,1994.3634033203125,1994.3634033203125,54120,0.0,0.0
2006-06-02 00:00:00+09:00,2008.1180196918776,2047.0883360164808,1937.0544365041224,2035.6265869140625,33990,0.0,0.0
2006-06-05 00:00:00+09:00,2060.8428544076205,2060.8428544076205,1966.8555776194048,2014.9954833984375,19470,0.0,0.0
2006-06-07 00:00:00+09:00,1943.9317975964484,1987.48681640625,1925.5928131468158,1987.48681640625,64020,0.0,0.0
2006-06-08 00:00:00+09:00,1909.5463710095426,1957.6862792968752,1909.5463710095426,1957.686279296875,40260,0.0,0.0
2006-06-09 00:00:00+09:00,1891.2071437448424,1976.0248291306366,1891.2071437448424,1939.3470458984375,15180,0.0,0.0
2006-06-12 00:00:00+09:00,1907.2535602640926,1948.5162232962734,1872.8679461745496,1879.7449951171875,66000,0.0,0.0
2006-06-13 00:00:00+09:00,1845.3597612890926,1865.9910949917146,1831.6054772579457,1833.8978271484375,70620,0.0,0.0
2006-06-14 00:00:00+09:00,1833.89768771365,1854.5290198476318,1822.4357544444679,1829.31298828125,78540,0.0,0.0
2006-06-15 00:00:00+09:00,1838.482773922132,1859.1141103964906,1799.512451171875,1799.512451171875,77550,0.0,0.0
2006-06-16 00:00:00+09:00,1813.2659153346237,1865.9905000707035,1813.2659153346237,1824.7276611328125,78540,0.0,0.0
2006-06-19 00:00:00+09:00,1824.7282428982744,1840.7748768199128,1808.681793664832,1833.8978271484375,69630,0.0,0.0
2006-06-20 00:00:00+09:00,1833.8974335560295,1852.2364134322345,1810.9737548828125,1810.9737548828125,74910,0.0,0.0
2006-06-21 00:00:00+09:00,1810.973859766462,1824.7279569540754,1778.8805969523632,1790.342529296875,34650,0.0,0.0
2006-06-22 00:00:00+09:00,1822.4361456115353,1822.4361456115353,1746.7878499870833,1749.0802001953125,52140,0.0,0.0
2006-06-23 00:00:00+09:00,1742.2027444527487,1751.372327841666,1655.0927180430185,1705.5247802734375,82830,0.0,0.0
2006-06-26 00:00:00+09:00,1737.6180301752831,1737.6180301752831,1666.5544521023205,1668.8468017578125,41910,0.0,0.0
2006-06-27 00:00:00+09:00,1673.4317204834106,1687.1860049079546,1618.4149521616373,1661.969970703125,74910,0.0,0.0
2006-06-28 00:00:00+09:00,1632.1689173835375,1650.507900208797,1572.5672693734907,1574.859619140625,104610,0.0,0.0
2006-06-29 00:00:00+09:00,1567.9826162136476,1673.4316320614948,1567.9826162136476,1671.1392822265625,75240,0.0,0.0
2006-06-30 00:00:00+09:00,1698.6477138248904,1712.4019964230995,1650.5078170752472,1700.9400634765625,63690,0.0,0.0
2006-07-03 00:00:00+09:00,1719.2794174692363,1767.419139949232,1680.309095580395,1753.6650390625,77880,0.0,0.0
2006-07-04 00:00:00+09:00,1723.8637520573354,1762.8340656788555,1707.8171197387958,1719.279052734375,57090,0.0,0.0
2006-07-05 00:00:00+09:00,1684.8933348189887,1774.2958895595689,1684.8933348189887,1772.0035400390625,30030,0.0,0.0
2006-07-06 00:00:00+09:00,1710.1095173607264,1772.0036987092424,1710.1095173607264,1765.12646484375,12870,0.0,0.0
2006-07-07 00:00:00+09:00,1776.5881709158455,1833.897460794158,1765.1262390649192,1817.850830078125,31350,0.0,0.0
2006-07-10 00:00:00+09:00,1737.6180834463296,1783.4654473380913,1737.6180834463296,1765.12646484375,23100,0.0,0.0
2006-07-11 00:00:00+09:00,1733.0335085258191,1833.8978271484375,1733.0335085258191,1833.8978271484375,28050,0.0,0.0
2006-07-12 00:00:00+09:00,1794.9273961705242,1856.8213933658708,1781.1731130088301,1785.7578125,51150,0.0,0.0
2006-07-13 00:00:00+09:00,1810.973859766462,1845.3594721118295,1785.75764554617,1790.342529296875,49500,0.0,0.0
2006-07-14 00:00:00+09:00,1799.5119189733055,1799.5119189733055,1765.1263067893772,1772.0035400390625,18150,0.0,0.0
2006-07-18 00:00:00+09:00,1788.0503314778136,1788.0503314778136,1744.495132623639,1765.12646484375,8580,0.0,0.0
2006-07-19 00:00:00+09:00,1723.8638004035279,1776.588398160782,1723.8638004035279,1765.12646484375,14190,0.0,0.0
2006-07-20 00:00:00+09:00,1833.8976953695753,1833.8976953695753,1765.12646484375,1765.12646484375,4620,0.0,0.0
2006-07-21 00:00:00+09:00,1739.9105282225592,1785.7578946189399,1719.2791948753684,1758.24951171875,5280,0.0,0.0
2006-07-24 00:00:00+09:00,1769.7112004962535,1833.8975414968158,1517.5501661845303,1742.20263671875,14190,0.0,0.0
2006-07-25 00:00:00+09:00,1753.6645428505233,1758.2492418488273,1558.8128038528,1703.2322998046875,26070,0.0,0.0
2006-07-26 00:00:00+09:00,1645.9231918426258,1703.232489778021,1604.660526879251,1639.046142578125,60720,0.0,0.0
2006-07-27 00:00:00+09:00,1639.0464022502506,1742.2030810016747,1639.0464022502506,1678.0167236328125,119130,0.0,0.0
2006-07-28 00:00:00+09:00,1675.7243735148045,1696.3557092650894,1673.4318387085823,1678.0167236328125,22110,0.0,0.0
2006-07-31 00:00:00+09:00,1680.3086381236553,1712.4019008318787,1673.4314048643694,1691.7703857421875,18480,0.0,0.0
2006-08-01 00:00:00+09:00,1675.7241074059664,1856.8214001638482,1673.4315729638038,1804.0968017578125,77550,0.0,0.0
2006-08-02 00:00:00+09:00,1776.5884200218982,1833.897717935889,1742.2028043358669,1804.0968017578125,15510,0.0,0.0
2006-08-03 00:00:00+09:00,1799.5121022498574,1845.3596513939613,1753.664737793939,1804.0968017578125,33660,0.0,0.0
2006-08-04 00:00:00+09:00,1776.5882884210143,1852.236563451359,1776.5882884210143,1849.9442138671875,41250,0.0,0.0
2006-08-07 00:00:00+09:00,1854.5289130355304,1861.4059617880448,1808.6815519757579,1849.9442138671875,20790,0.0,0.0
2006-08-08 00:00:00+09:00,1856.8213139535512,1971.4399044599097,1810.9739516262782,1879.7449951171875,56100,0.0,0.0
2006-08-09 00:00:00+09:00,1879.745340078649,1941.6395306736092,1879.745340078649,1925.5928955078125,32340,0.0,0.0
2006-08-10 00:00:00+09:00,1886.62246097622,2214.431640625,1854.529192583797,2214.431640625,364650,0.0,0.0
2006-08-11 00:00:00+09:00,2223.6008484110466,2257.986276220976,2108.9822632095015,2212.138916015625,289080,0.0,0.0
2006-08-14 00:00:00+09:00,2223.600728857406,2223.600728857406,1941.6389800963395,2037.9185791015625,561990,0.0,0.0
2006-08-16 00:00:00+09:00,2035.626746407229,2065.427481096621,1918.7156035851367,2028.74951171875,261030,0.0,0.0
2006-08-17 00:00:00+09:00,2005.8260786732262,2063.1353899299406,1994.3641425465921,2049.381103515625,240240,0.0,0.0
2006-08-18 00:00:00+09:00,2049.380335213163,2070.0116647559394,1971.4397158986394,2040.2109375,478170,0.0,0.0
2006-08-21 00:00:00+09:00,2049.380846407777,2097.5207504743094,2001.2411270294492,2028.74951171875,386760,0.0,0.0
2006-08-22 00:00:00+09:00,2028.7492588941038,2102.105188508161,2005.8255770617566,2026.4569091796875,554400,0.0,0.0
2006-08-23 00:00:00+09:00,2010.4103599421076,2035.6265772237707,1982.9019775390625,1982.9019775390625,251790,0.0,0.0
2006-08-24 00:00:00+09:00,1985.1946797798514,2008.1183666333914,1891.2073974609375,1891.2073974609375,216150,0.0,0.0
2006-08-25 00:00:00+09:00,1891.2070582238255,1962.2706409421,1891.2070582238255,1948.516357421875,240240,0.0,0.0
2006-08-28 00:00:00+09:00,1971.4403690582458,2214.4318899088694,1948.5166824923124,2198.38525390625,864600,0.0,0.0
2006-08-29 00:00:00+09:00,2200.6772835820716,2510.147653558933,2131.9062339002526,2395.529052734375,1198560,0.0,0.0
2006-08-30 00:00:00+09:00,2372.604663218672,2418.452204282156,2228.185361354672,2338.21923828125,452760,0.0,0.0
2006-08-31 00:00:00+09:00,2429.914068716903,2464.299680007833,2287.7871093193967,2303.833740234375,550770,0.0,0.0
2006-09-01 00:00:00+09:00,2303.8340591900364,2406.99072265625,2253.4018100020057,2406.99072265625,476520,0.0,0.0
2006-09-04 00:00:00+09:00,2475.761854413723,2521.6092174986416,2384.0669435557065,2429.914306640625,475530,0.0,0.0
2006-09-05 00:00:00+09:00,2429.914510750038,2475.7620623742664,2372.6052097358997,2452.83837890625,388740,0.0,0.0
2006-09-06 00:00:00+09:00,2498.685745842283,2498.685745842283,2395.529077892111,2452.83837890625,301950,0.0,0.0
2006-09-07 00:00:00+09:00,2406.990923455404,2429.9146078393555,2303.834251383519,2361.1435546875,364650,0.0,0.0
2006-09-08 00:00:00+09:00,2292.372003739586,2406.9905946921567,2292.372003739586,2372.60498046875,307560,0.0,0.0
2006-09-11 00:00:00+09:00,2349.6810025776017,2395.528543983459,2303.8336458598983,2326.75732421875,173250,0.0,0.0
2006-09-12 00:00:00+09:00,2303.833722038705,2384.0666912917545,2235.0625,2235.0625,344850,0.0,0.0
2006-09-13 00:00:00+09:00,2269.448520495965,2315.2958870019024,2235.062903272415,2278.617919921875,271920,0.0,0.0
2006-09-14 00:00:00+09:00,2271.740792916909,2429.914405127832,2260.2790440252115,2406.99072265625,562650,0.0,0.0
2006-09-15 00:00:00+09:00,2395.52921786114,2475.76220703125,2349.6816635580726,2475.76220703125,557700,0.0,0.0
2006-09-18 00:00:00+09:00,2498.685546875,2624.766072941745,2452.8381835897367,2498.685546875,575520,0.0,0.0
2006-09-19 00:00:00+09:00,2498.6855359561823,2567.456765271739,2384.0669435557065,2429.914306640625,508530,0.0,0.0
2006-09-20 00:00:00+09:00,2418.45263671875,2441.3763190053337,2326.7577228842297,2418.45263671875,398310,0.0,0.0
2006-09-21 00:00:00+09:00,2418.45263671875,2498.6856170658853,2395.5289544321663,2418.45263671875,689040,0.0,0.0
2006-09-22 00:00:00+09:00,2361.1431669648946,2406.990528204217,2248.816928771565,2274.032958984375,734580,0.0,0.0
2006-09-25 00:00:00+09:00,2246.524948079538,2361.1435546875,2246.524948079538,2361.1435546875,331980,0.0,0.0
2006-09-26 00:00:00+09:00,2361.1433299293863,2361.1433299293863,2280.910349878861,2349.681396484375,289410,0.0,0.0
2006-09-27 00:00:00+09:00,2292.3722203093885,2395.529072725259,2278.6179363829665,2384.067138671875,377850,0.0,0.0
2006-09-28 00:00:00+09:00,2372.60498046875,2395.528846409806,2326.7576179629928,2372.60498046875,252120,0.0,0.0
2006-09-29 00:00:00+09:00,2372.605554742799,2395.529426232432,2280.9108075371555,2292.37255859375,533280,0.0,0.0
2006-10-02 00:00:00+09:00,2274.0326967043875,2292.3716760225893,2196.0920807740686,2269.447998046875,383460,0.0,0.0
2006-10-04 00:00:00+09:00,2248.8174885868866,2260.2794240941107,2157.12255859375,2157.12255859375,139590,0.0,0.0
2006-10-09 00:00:00+09:00,2122.7365599205013,2163.999224920184,1833.8977202345336,1854.529052734375,398310,0.0,0.0
2006-10-10 00:00:00+09:00,1836.1902442405562,1989.7791700301827,1836.1902442405562,1971.440185546875,300300,0.0,0.0
2006-10-11 00:00:00+09:00,1939.347043754636,1955.3934930998985,1863.6987580884659,1904.96142578125,161370,0.0,0.0
2006-10-12 00:00:00+09:00,1891.2069582299875,1964.5628868750514,1891.2069582299875,1937.0543212890625,132000,0.0,0.0
2006-10-13 00:00:00+09:00,1969.1476903581179,1982.9019738783427,1939.346958200518,1948.516357421875,220110,0.0,0.0
2006-10-16 00:00:00+09:00,1982.9018815681923,2001.24086384536,1950.8086164111037,1989.7789306640625,107250,0.0,0.0
2006-10-17 00:00:00+09:00,1996.6563897183662,2005.8257895473857,1861.4062647347157,1916.4232177734375,215160,0.0,0.0
2006-10-18 00:00:00+09:00,1921.008319652295,1921.008319652295,1861.40647526958,1891.2073974609375,165330,0.0,0.0
2006-10-19 00:00:00+09:00,1888.914551917942,1902.6688342985956,1870.5755703064617,1872.867919921875,135630,0.0,0.0
2006-10-20 00:00:00+09:00,1879.7448638945293,1914.1304755836552,1875.1601649194895,1893.4991455078125,103950,0.0,0.0
2006-10-23 00:00:00+09:00,1898.0841064453125,1916.4230895646745,1879.7451233259503,1898.0841064453125,113520,0.0,0.0
2006-10-24 00:00:00+09:00,1914.1307114192398,1941.6392780350725,1898.0840783413685,1907.253662109375,107910,0.0,0.0
2006-10-25 00:00:00+09:00,1907.2537788926174,1911.8384787132536,1875.160510771769,1888.914794921875,123420,0.0,0.0
2006-10-26 00:00:00+09:00,1886.62209728786,1898.0838447269334,1872.867815672808,1877.4525146484375,124410,0.0,0.0
2006-10-27 00:00:00+09:00,1875.1608583070108,1893.499845676632,1868.28380730149,1884.3304443359375,111540,0.0,0.0
2006-10-30 00:00:00+09:00,1888.914578395548,1888.914578395548,1868.2832468794577,1879.7449951171875,95370,0.0,0.0
2006-10-31 00:00:00+09:00,1891.2070073198781,1891.2070073198781,1859.113741532576,1868.2833251953125,120780,0.0,0.0
2006-11-01 00:00:00+09:00,1882.0377398714543,1891.2071394868099,1859.113871456671,1870.5758056640625,94380,0.0,0.0
2006-11-02 00:00:00+09:00,1870.5758056640627,1875.1605054717404,1847.6521219374765,1870.5758056640625,144210,0.0,0.0
2006-11-03 00:00:00+09:00,1886.6225755458763,1888.914925614801,1847.6522549977396,1856.8216552734375,135960,0.0,0.0
2006-11-06 00:00:00+09:00,1856.8213917889377,1879.7450739135031,1813.2663772834449,1868.2833251953125,176550,0.0,0.0
2006-11-07 00:00:00+09:00,1868.2829853149071,1879.7447319479625,1847.6516566872572,1859.1134033203125,121440,0.0,0.0
2006-11-08 00:00:00+09:00,1859.1137522480765,1868.2833359636647,1847.6520034638231,1854.529052734375,49170,0.0,0.0
2006-11-09 00:00:00+09:00,1836.1900699913842,1856.8214024912259,1836.1900699913842,1854.529052734375,107580,0.0,0.0
2006-11-10 00:00:00+09:00,1836.1900699913842,1854.5290527343752,1833.8977202345336,1854.529052734375,71940,0.0,0.0
2006-11-13 00:00:00+09:00,1833.897531650535,1843.0669297350269,1742.2026273647832,1755.9569091796875,492690,0.0,0.0
2006-11-14 00:00:00+09:00,1755.9567107210444,1772.0033402434779,1742.202430460652,1767.41845703125,165330,0.0,0.0
2006-11-15 00:00:00+09:00,1767.4190131799905,1799.5122823235556,1751.3725632964115,1769.7115478515625,187110,0.0,0.0
2006-11-16 00:00:00+09:00,1772.0034350392687,1783.4651819626365,1742.2025236622017,1744.494873046875,217470,0.0,0.0
2006-11-17 00:00:00+09:00,1744.4950582447168,1755.9569910730536,1684.8934138513507,1696.3553466796875,260040,0.0,0.0
2006-11-20 00:00:00+09:00,1696.355242672456,1742.2026017984515,1643.6306503958463,1684.893310546875,494010,0.0,0.0
2006-11-21 00:00:00+09:00,1671.1395064254407,1694.0633772265976,1648.2158203125,1648.2158203125,151140,0.0,0.0
2006-11-22 00:00:00+09:00,1639.046088674832,1680.308752281202,1629.8765052688723,1673.4315185546875,168300,0.0,0.0
2006-11-23 00:00:00+09:00,1652.8005465354245,1730.7413760437219,1650.5081963569774,1707.8175048828125,293040,0.0,0.0
2006-11-24 00:00:00+09:00,1712.4019787640889,1730.7409604765228,1682.6010642233184,1696.3553466796875,153450,0.0,0.0
2006-11-27 00:00:00+09:00,1714.6942141795687,1714.6942141795687,1661.9696221821855,1682.6009521484375,107910,0.0,0.0
2006-11-28 00:00:00+09:00,1675.7241756989386,1774.296142578125,1655.092842384141,1774.296142578125,634260,0.0,0.0
2006-11-29 00:00:00+09:00,1788.050065420139,1845.359354101444,1744.494873046875,1744.494873046875,763290,0.0,0.0
2006-11-30 00:00:00+09:00,1749.0799276265582,1808.6817625053234,1749.0799276265582,1758.24951171875,131670,0.0,0.0
2006-12-01 00:00:00+09:00,1758.2496421664266,1785.7580271075126,1696.355637532828,1760.5419921875,230010,0.0,0.0
2006-12-04 00:00:00+09:00,1753.664864055009,1941.639404296875,1728.4486455693598,1941.639404296875,957000,0.0,0.0
2006-12-05 00:00:00+09:00,1937.0546458489455,1941.6395306736092,1854.529304639946,1925.5928955078125,423720,0.0,0.0
2006-12-06 00:00:00+09:00,1895.7916273381861,1925.592542132637,1824.7280495115542,1879.7449951171875,314820,0.0,0.0
2006-12-07 00:00:00+09:00,1875.1601651606227,1902.6687283907265,1788.0501458710098,1877.4525146484375,503910,0.0,0.0
2006-12-08 00:00:00+09:00,1859.1136375412214,1875.1602695372883,1820.1433247028476,1872.867919921875,252450,0.0,0.0
2006-12-11 00:00:00+09:00,1854.5289130355304,1865.9908456445594,1827.0205333373012,1849.9442138671875,265650,0.0,0.0
2006-12-12 00:00:00+09:00,1838.482123204823,1859.1134523768733,1776.588135688672,1808.681396484375,186450,0.0,0.0
2006-12-13 00:00:00+09:00,1788.0504406372258,1820.1435234454493,1769.7114570233005,1794.927490234375,243210,0.0,0.0
2006-12-14 00:00:00+09:00,1772.0038260405715,1843.0672267104046,1772.0038260405715,1833.8978271484375,230340,0.0,0.0
2006-12-15 00:00:00+09:00,1833.8976327899147,1891.206928043094,1817.8510005689163,1879.7449951171875,259050,0.0,0.0
2006-12-18 00:00:00+09:00,1898.0837112490012,1898.0837112490012,1849.9440060138684,1859.1134033203125,185130,0.0,0.0
2006-12-19 00:00:00+09:00,1877.452394150932,1916.4227023189405,1856.8210653965834,1909.545654296875,420750,0.0,0.0
2006-12-20 00:00:00+09:00,1914.130739760778,1923.3003236645534,1868.2833743064673,1898.0841064453125,262680,0.0,0.0
2006-12-21 00:00:00+09:00,1891.2071448321933,1911.8384787132536,1849.9444770700723,1888.914794921875,387090,0.0,0.0
2006-12-22 00:00:00+09:00,1877.4531556885013,2154.8303087445524,1875.1608054179835,1992.07177734375,1302840,0.0,0.0
2006-12-26 00:00:00+09:00,2058.550189128611,2246.5247139230983,2017.2875246006859,2129.61376953125,1450020,0.0,0.0
2006-12-27 00:00:00+09:00,2195.5752724344165,2209.7099289180205,2061.296510329474,2096.633056640625,382140,75.757576,0.0
2006-12-28 00:00:00+09:00,2075.4310713975474,2143.7482266353486,1978.8446044921875,1978.8446044921875,727320,0.0,0.0
2007-01-02 00:00:00+09:00,1967.0654426948547,1988.2673288497924,1912.8827603897093,1943.5078125,331650,0.0,0.0
2007-01-03 00:00:00+09:00,1929.3735243899782,1945.8639255926532,1846.921708172325,1863.412109375,572550,0.0,0.0
2007-01-04 00:00:00+09:00,1865.7682848975062,1903.4605849840677,1851.6336249161043,1858.7010498046875,306240,0.0,0.0
2007-01-05 00:00:00+09:00,1882.2581952895132,1882.2581952895132,1606.6334419576337,1778.6044921875,440220,0.0,0.0
2007-01-08 00:00:00+09:00,1747.9794459880018,1790.383225254264,1729.13330078125,1729.13330078125,249810,0.0,0.0
2007-01-09 00:00:00+09:00,1762.1138824304091,1778.6042811527816,1731.4888291180469,1736.2003173828125,157410,0.0,0.0
2007-01-10 00:00:00+09:00,1724.4219207409449,1752.6910454370195,1665.5277369780383,1672.594970703125,226710,0.0,0.0
2007-01-11 00:00:00+09:00,1674.9507611701374,1705.5758210760653,1656.1046142578127,1656.1046142578125,222420,0.0,0.0
2007-01-12 00:00:00+09:00,1670.2391063944854,1724.421797123166,1663.1718731760238,1707.931396484375,128040,0.0,0.0
2007-01-15 00:00:00+09:00,1710.2869672713764,1731.4888545701733,1679.6619135088395,1698.508056640625,123420,0.0,0.0
2007-01-16 00:00:00+09:00,1726.7774147754985,1745.6235584370452,1691.440871685636,1717.354248046875,156420,0.0,0.0
2007-01-17 00:00:00+09:00,1724.4217779716262,1724.4217779716262,1689.0852326803401,1696.1524658203125,78870,0.0,0.0
2007-01-18 00:00:00+09:00,1684.3738881007987,1717.3545020394838,1660.8160626929443,1663.1719970703125,103290,0.0,0.0
2007-01-19 00:00:00+09:00,1653.7488159632278,1653.7488159632278,1571.2969970703125,1571.2969970703125,224730,0.0,0.0
2007-01-22 00:00:00+09:00,1571.2968356596189,1608.9891243894401,1531.248802608647,1585.431396484375,112200,0.0,0.0
2007-01-23 00:00:00+09:00,1557.1621407462358,1599.5659170511365,1533.6045083319248,1554.806396484375,146190,0.0,0.0
2007-01-24 00:00:00+09:00,1538.3160864570032,1571.296887635473,1538.3160864570032,1557.1622314453125,114180,0.0,0.0
2007-01-25 00:00:00+09:00,1590.143022368677,1618.4121447709717,1578.3641106535551,1606.6334228515625,98670,0.0,0.0
2007-01-26 00:00:00+09:00,1592.4990015571352,1597.2104910195803,1578.3643433740597,1583.075927734375,51480,0.0,0.0
2007-01-29 00:00:00+09:00,1611.3448924744582,1625.4795484055237,1585.4314198660745,1594.8544921875,64680,0.0,0.0
2007-01-30 00:00:00+09:00,1583.0758419174051,1623.1239746665694,1578.3642578125,1578.3642578125,42900,0.0,0.0
2007-01-31 00:00:00+09:00,1580.7200066863377,1613.7007139383265,1571.2969339146466,1576.0084228515625,40260,0.0,0.0
2007-02-01 00:00:00+09:00,1583.0757511547956,1594.8545683949444,1576.0084228515625,1576.0084228515625,34320,0.0,0.0
2007-02-02 00:00:00+09:00,1597.2105045601,1637.258544921875,1580.7201964038738,1637.258544921875,85140,0.0,0.0
2007-02-05 00:00:00+09:00,1656.1045735296648,1684.3738881007987,1634.9026824991786,1663.1719970703125,96030,0.0,0.0
2007-02-06 00:00:00+09:00,1653.7486415577362,1693.7966744991286,1601.9216972471136,1632.5467529296875,68310,0.0,0.0
2007-02-07 00:00:00+09:00,1625.4794296013215,1649.0370612341603,1606.6332863359112,1630.19091796875,40260,0.0,0.0
2007-02-08 00:00:00+09:00,1627.8352765001478,1646.681420954735,1601.9217092527729,1618.412109375,61380,0.0,0.0
2007-02-09 00:00:00+09:00,1611.3448368137358,1630.1909808055839,1583.075620825964,1587.787109375,65670,0.0,0.0
2007-02-12 00:00:00+09:00,1583.0757829217175,1583.0757829217175,1540.6720020471387,1573.6527099609375,118470,0.0,0.0
2007-02-13 00:00:00+09:00,1554.8065640393777,1597.2103449139565,1545.383491078598,1573.6527099609375,76890,0.0,0.0
2007-02-14 00:00:00+09:00,1571.2970240019404,1599.5661490399098,1571.2970240019404,1578.3642578125,50160,0.0,0.0
2007-02-15 00:00:00+09:00,1594.8545320899752,1611.344932789515,1578.3641313904352,1580.719970703125,75570,0.0,0.0
2007-02-16 00:00:00+09:00,1578.3643966970865,1604.2779692074719,1566.5855777451713,1590.143310546875,112200,0.0,0.0
2007-02-20 00:00:00+09:00,1592.498779296875,1611.3449243120958,1578.3641230865308,1592.498779296875,82500,0.0,0.0
2007-02-21 00:00:00+09:00,1611.344821743817,1674.95048594805,1608.9890774913308,1649.037109375,167310,0.0,0.0
2007-02-22 00:00:00+09:00,1682.0179405360736,1682.0179405360736,1625.4795080124968,1646.681396484375,97350,0.0,0.0
2007-02-23 00:00:00+09:00,1649.0371407817274,1670.2390292536056,1632.5467409045543,1646.681396484375,47850,0.0,0.0
2007-02-26 00:00:00+09:00,1634.9024971601502,1696.1524187264354,1618.4120971623606,1677.3062744140625,239580,0.0,0.0
2007-02-27 00:00:00+09:00,1679.66202237977,1684.3737008148853,1627.8352677548678,1667.88330078125,83820,0.0,0.0
2007-02-28 00:00:00+09:00,1611.3449783767014,1611.3449783767014,1462.9316525755962,1564.2296142578125,152130,0.0,0.0
2007-03-01 00:00:00+09:00,1564.2296142578125,1564.2296142578125,1564.2296142578125,1564.2296142578125,0,0.0,0.0
2007-03-05 00:00:00+09:00,1554.806540378512,1554.806540378512,1524.1815774464897,1528.89306640625,112860,0.0,0.0
2007-03-06 00:00:00+09:00,1510.0468853185205,1571.2969046423934,1510.0468853185205,1533.6046142578125,27060,0.0,0.0
2007-03-07 00:00:00+09:00,1547.7390764375934,1564.229476147687,1526.5371881805315,1543.027587890625,81840,0.0,0.0
2007-03-08 00:00:00+09:00,1557.1622080950394,1557.1622080950394,1533.6045746618374,1547.7391357421875,44880,0.0,0.0
2007-03-09 00:00:00+09:00,1554.8065358937583,1554.8065358937583,1524.1815730500723,1531.2489013671875,87450,0.0,0.0
2007-03-12 00:00:00+09:00,1538.3160357806764,1545.3833636429397,1521.825730632534,1540.671875,106590,0.0,0.0
2007-03-13 00:00:00+09:00,1543.0277460370903,1550.0950744797324,1531.2489285645943,1538.316162109375,63360,0.0,0.0
2007-03-14 00:00:00+09:00,1514.7585585452964,1526.5373762618115,1491.200828214403,1500.6239013671875,132660,0.0,0.0
2007-03-15 00:00:00+09:00,1502.9795398088079,1531.2487554862212,1500.623700662302,1521.82568359375,82830,0.0,0.0
2007-03-16 00:00:00+09:00,1519.469860462227,1557.1621484293823,1517.1141161887426,1543.027587890625,93390,0.0,0.0
2007-03-19 00:00:00+09:00,1543.0275998857257,1611.3448486328125,1543.0275998857257,1611.3448486328125,170280,0.0,0.0
2007-03-20 00:00:00+09:00,1623.123823334448,1649.0372013528608,1601.9217442880863,1606.6334228515625,121770,0.0,0.0
2007-03-21 00:00:00+09:00,1625.479532167788,1658.460142616534,1601.9217092527729,1618.412109375,168960,0.0,0.0
2007-03-22 00:00:00+09:00,1644.3256642989177,1684.37369724031,1601.9216972471136,1632.5467529296875,169290,0.0,0.0
2007-03-23 00:00:00+09:00,1632.5466667137557,1783.315813258283,1632.5466667137557,1719.7099609375,757020,0.0,0.0
2007-03-26 00:00:00+09:00,1719.7101033790884,1719.7101033790884,1674.950580464689,1686.7294921875,150480,0.0,0.0
2007-03-27 00:00:00+09:00,1686.7294883003494,1719.7100994159323,1674.9505766046834,1696.1524658203125,156420,0.0,0.0
2007-03-28 00:00:00+09:00,1682.0179564951814,1712.6428224470403,1632.5467563942757,1667.88330078125,227040,0.0,0.0
2007-03-29 00:00:00+09:00,1639.6139663546103,1672.594765959261,1616.0563336923049,1620.767822265625,288090,0.0,0.0
2007-03-30 00:00:00+09:00,1644.3256447236352,1644.3256447236352,1592.4987010299994,1620.767822265625,229350,0.0,0.0
2007-04-02 00:00:00+09:00,1620.7678459951921,1634.902501717802,1576.0083243019196,1585.431396484375,251460,0.0,0.0
2007-04-03 00:00:00+09:00,1585.4315857421147,1616.0565502664253,1585.4315857421147,1613.7008056640625,120120,0.0,0.0
2007-04-04 00:00:00+09:00,1620.767734467111,1634.9023892170887,1601.921591399039,1608.989013671875,102630,0.0,0.0
2007-04-05 00:00:00+09:00,1625.4798014738165,1684.3739889274007,1601.9219746557908,1660.816162109375,205920,0.0,0.0
2007-04-06 00:00:00+09:00,1653.7485978799723,1689.0851412586692,1649.037109375,1649.037109375,138930,0.0,0.0
2007-04-09 00:00:00+09:00,1649.0374384961021,1684.3739889274007,1630.1912909191255,1660.816162109375,170280,0.0,0.0
2007-04-10 00:00:00+09:00,1656.1046062909963,1672.595008484419,1616.0565680194268,1625.479736328125,213840,0.0,0.0
2007-04-11 00:00:00+09:00,1630.1910564860937,1634.9025452538572,1604.2776784676807,1606.6334228515625,150810,0.0,0.0
2007-04-12 00:00:00+09:00,1616.0564131169724,1625.4795805224398,1590.1430348944366,1592.498779296875,132660,0.0,0.0
2007-04-13 00:00:00+09:00,1608.9891672354443,1620.7678891548537,1592.4987667525588,1606.6334228515625,130020,0.0,0.0
2007-04-16 00:00:00+09:00,1618.4120972457529,1644.3256642989177,1606.6333756722297,1632.5467529296875,165000,0.0,0.0
2007-04-17 00:00:00+09:00,1641.9697336730917,1714.9985667667445,1620.7678450000485,1667.88330078125,373560,0.0,0.0
2007-04-18 00:00:00+09:00,1684.3737922231842,1710.2871709419135,1653.7487348136444,1670.2391357421875,503250,0.0,0.0
2007-04-19 00:00:00+09:00,1672.594830948139,1672.594830948139,1613.7006521061821,1616.056396484375,266310,0.0,0.0
2007-04-20 00:00:00+09:00,1649.037372406272,1660.8160955474793,1620.7680572759098,1625.479736328125,209220,0.0,0.0
2007-04-23 00:00:00+09:00,1637.2585250870893,1682.0182442047462,1637.2585250870893,1660.816162109375,258390,0.0,0.0
2007-04-24 00:00:00+09:00,1644.325883149789,1672.595008484419,1620.7680572759098,1625.479736328125,168630,0.0,0.0
2007-04-25 00:00:00+09:00,1639.6141634914172,1639.6141634914172,1554.8065997921121,1568.941162109375,322740,0.0,0.0
2007-04-26 00:00:00+09:00,1578.364176044549,1601.9218106550634,1564.2296142578125,1564.2296142578125,176880,0.0,0.0
2007-04-27 00:00:00+09:00,1568.9410785247915,1576.0084067558464,1519.469970703125,1519.469970703125,316140,0.0,0.0
2007-04-30 00:00:00+09:00,1514.7585540093687,1547.7392624964232,1495.9124077602337,1502.979736328125,190080,0.0,0.0
2007-05-02 00:00:00+09:00,1517.114244732957,1531.2489013671875,1502.9796829965865,1531.2489013671875,81510,0.0,0.0
2007-05-03 00:00:00+09:00,1535.9603420579288,1576.008376433622,1535.9603420579288,1557.1622314453125,121110,0.0,0.0
2007-05-04 00:00:00+09:00,1552.4508283528162,1576.0084634398133,1550.095083823689,1561.8739013671875,52140,0.0,0.0
2007-05-07 00:00:00+09:00,1566.5854398970353,1590.14317062583,1554.8066219815705,1578.3642578125,158070,0.0,0.0
2007-05-08 00:00:00+09:00,1601.9217783516347,1611.3449458832504,1545.3834374469475,1566.5853271484375,207900,0.0,0.0
2007-05-09 00:00:00+09:00,1566.5853994704003,1576.0084725391773,1535.9604357213407,1550.0950927734375,84480,0.0,0.0
2007-05-10 00:00:00+09:00,1557.1622803668436,1583.0757542643594,1531.2489013671875,1531.2489013671875,149820,0.0,0.0
2007-05-11 00:00:00+09:00,1533.6043202907283,1533.6043202907283,1498.2677811041608,1514.7581787109375,161040,0.0,0.0
2007-05-14 00:00:00+09:00,1519.4699475317552,1550.095004433352,1500.623802468245,1510.046875,150480,0.0,0.0
2007-05-15 00:00:00+09:00,1512.4026549945593,1526.5372157889494,1505.3353271484375,1505.3353271484375,76230,0.0,0.0
2007-05-16 00:00:00+09:00,1505.3351018375656,1538.3158020199953,1493.5562871222578,1526.5369873046875,105930,0.0,0.0
2007-05-17 00:00:00+09:00,1526.537254745752,1540.671910798708,1517.1141823430667,1535.9603271484375,56430,0.0,0.0
2007-05-18 00:00:00+09:00,1543.027773383071,1543.027773383071,1500.6238968735859,1502.979736328125,89100,0.0,0.0
2007-05-21 00:00:00+09:00,1502.979603173279,1512.4026754630197,1477.0661306520287,1479.421875,190080,0.0,0.0
2007-05-22 00:00:00+09:00,1488.844911434039,1495.9122392056065,1472.3546064975185,1484.1334228515625,106920,0.0,0.0
2007-05-23 00:00:00+09:00,1486.4893346356662,1505.3354808848012,1477.066261511099,1502.979736328125,118470,0.0,0.0
2007-05-25 00:00:00+09:00,1505.3353193251023,1517.1141357421875,1486.4891750986246,1517.1141357421875,79530,0.0,0.0
2007-05-28 00:00:00+09:00,1514.758469065522,1545.3834312785295,1512.40272464095,1533.6046142578125,142560,0.0,0.0
2007-05-29 00:00:00+09:00,1531.24874052953,1554.8063725816799,1521.8256687291002,1545.38330078125,98670,0.0,0.0
2007-05-30 00:00:00+09:00,1540.6719553962896,1550.0950280717432,1491.2007526767645,1519.469970703125,178530,0.0,0.0
2007-05-31 00:00:00+09:00,1526.5373175231573,1531.2489013671875,1498.2680991525563,1531.2489013671875,152790,0.0,0.0
2007-06-01 00:00:00+09:00,1535.960514456689,1535.960514456689,1495.9124755859375,1495.9124755859375,165330,0.0,0.0
2007-06-04 00:00:00+09:00,1495.9122752315097,1507.691091869222,1479.421875,1479.421875,120120,0.0,0.0
2007-06-05 00:00:00+09:00,1479.4221510375173,1502.9798836063085,1474.7106614624827,1477.06640625,66330,0.0,0.0
2007-06-07 00:00:00+09:00,1477.066261511099,1507.6912254414772,1469.9989329432074,1502.979736328125,167640,0.0,0.0
2007-06-08 00:00:00+09:00,1505.3352924960404,1573.6525403749645,1502.9795482341797,1554.806396484375,264000,0.0,0.0
2007-06-11 00:00:00+09:00,1583.075854852134,1625.4797325512848,1583.075854852134,1599.566162109375,326700,0.0,0.0
2007-06-12 00:00:00+09:00,1608.989330396178,1627.8354771740526,1583.075854852134,1599.566162109375,114180,0.0,0.0
2007-06-13 00:00:00+09:00,1590.1429800245296,1611.3448687105906,1568.9409964406148,1585.431396484375,107580,0.0,0.0
2007-06-14 00:00:00+09:00,1597.2102121858202,1634.9025008967114,1592.4987235458857,1623.123779296875,239580,0.0,0.0
2007-06-15 00:00:00+09:00,1649.0373351571081,1684.3738833739976,1632.5469333361777,1672.594970703125,360690,0.0,0.0
2007-06-18 00:00:00+09:00,1691.441129173019,1766.82571529497,1691.441129173019,1764.469970703125,626010,0.0,0.0
2007-06-19 00:00:00+09:00,1764.4700435521595,1778.6047014825301,1722.0662595567846,1755.046875,330660,0.0,0.0
2007-06-20 00:00:00+09:00,1743.267782431855,1802.161956576349,1684.373608287361,1719.7099609375,359040,0.0,0.0
2007-06-21 00:00:00+09:00,1696.1525149200975,1837.4987001768939,1696.1525149200975,1785.6717529296875,343200,0.0,0.0
2007-06-22 00:00:00+09:00,1839.854077720397,1839.854077720397,1743.2676256275763,1771.5367431640625,430650,0.0,0.0
2007-06-25 00:00:00+09:00,1743.2674156953335,1811.584552228926,1743.2674156953335,1769.1807861328125,173910,0.0,0.0
2007-06-26 00:00:00+09:00,1799.8060872184958,1799.8060872184958,1674.9503252460197,1710.286865234375,139260,0.0,0.0
2007-06-27 00:00:00+09:00,1696.152606249142,1703.2200297699567,1630.1911887611489,1672.594970703125,183480,0.0,0.0
2007-06-28 00:00:00+09:00,1691.4409770603309,1710.2871218959692,1651.3929430090636,1696.1524658203125,135630,0.0,0.0
2007-06-29 00:00:00+09:00,1686.7294174790984,1726.7774498488561,1684.373673198019,1705.5755615234375,62370,0.0,0.0
2007-07-02 00:00:00+09:00,1705.5753848642532,1745.6234130859375,1674.9503327908783,1745.6234130859375,183810,0.0,0.0
2007-07-03 00:00:00+09:00,1957.6427577426068,2007.1137695312498,1943.5081016048316,2007.11376953125,4580730,0.0,0.0
2007-07-04 00:00:00+09:00,2037.7386911615947,2110.7675216056737,1882.2580533364985,1891.6810302734375,2997390,0.0,0.0
2007-07-05 00:00:00+09:00,1894.036869008651,1955.286981337566,1863.4120026399034,1884.6138916015625,1219680,0.0,0.0
2007-07-06 00:00:00+09:00,1877.5465953037558,1884.6138281210224,1792.738852518038,1844.5657958984375,726990,0.0,0.0
2007-07-09 00:00:00+09:00,1863.412109375,1912.8831231873035,1839.8544747122019,1863.412109375,633930,0.0,0.0
2007-07-10 00:00:00+09:00,1896.3926315176486,1941.1521497416497,1846.9214352208376,1865.767578125,495330,0.0,0.0
2007-07-11 00:00:00+09:00,1849.277448399279,1929.3735199457255,1849.277448399279,1872.8350830078125,382140,0.0,0.0
2007-07-12 00:00:00+09:00,1889.325925002666,1905.8163300150072,1851.6336249161043,1858.7010498046875,333960,0.0,0.0
2007-07-13 00:00:00+09:00,1884.6140591075364,1886.9698036686889,1830.4313648138473,1832.787109375,390390,0.0,0.0
2007-07-16 00:00:00+09:00,1832.7868225367047,1849.2772216796875,1806.8734466238443,1849.2772216796875,190740,0.0,0.0
2007-07-18 00:00:00+09:00,1865.7678855377799,1882.2582870204203,1821.0083599389868,1861.056396484375,269940,0.0,0.0
2007-07-19 00:00:00+09:00,1868.1233451063192,1868.1233451063192,1778.6043075637097,1783.3157958984375,330330,0.0,0.0
2007-07-20 00:00:00+09:00,1788.0274343457986,1813.9408121580368,1766.825545263838,1790.3831787109375,220110,0.0,0.0
2007-07-23 00:00:00+09:00,1790.3831787109373,1799.8063459672037,1762.1140565335602,1790.3831787109375,196350,0.0,0.0
2007-07-24 00:00:00+09:00,1790.3831787109373,1816.2965565231757,1755.0466336424327,1790.3831787109375,176880,0.0,0.0
2007-07-25 00:00:00+09:00,1762.114087551923,1811.5850996820952,1747.9794313165673,1788.0274658203125,254100,0.0,0.0
2007-07-26 00:00:00+09:00,1795.0944174559313,1797.4501614930086,1745.6234130859375,1745.6234130859375,139920,0.0,0.0
2007-07-27 00:00:00+09:00,1696.1523986215664,1733.8446867995372,1620.767822265625,1620.767822265625,205590,0.0,0.0
2007-07-30 00:00:00+09:00,1656.104672664066,1663.1720966277696,1623.1240567511618,1660.816162109375,59070,0.0,0.0
2007-07-31 00:00:00+09:00,1677.3063209846741,1696.1524658203125,1644.3257098690913,1696.1524658203125,164340,0.0,0.0
2007-08-01 00:00:00+09:00,1672.594773550958,1705.5755733053043,1630.190996607202,1646.681396484375,127710,0.0,0.0
2007-08-02 00:00:00+09:00,1663.171776644824,1663.171776644824,1604.2776005220787,1634.9024658203125,121110,0.0,0.0
2007-08-03 00:00:00+09:00,1689.0849843244762,1689.0849843244762,1632.5465581307305,1651.3927001953125,24090,0.0,0.0
2007-08-06 00:00:00+09:00,1608.9893341347024,1641.9699487258151,1608.9893341347024,1625.479736328125,51150,0.0,0.0
2007-08-07 00:00:00+09:00,1627.8353440579237,1651.39297815491,1583.0757253962202,1604.2777099609375,236940,0.0,0.0
2007-08-08 00:00:00+09:00,1597.2105045601,1651.3932032247787,1597.2105045601,1637.258544921875,50490,0.0,0.0
2007-08-09 00:00:00+09:00,1691.4409656920704,1691.4409656920704,1606.63340939955,1665.527587890625,141900,0.0,0.0
2007-08-10 00:00:00+09:00,1625.479602282816,1634.9025800187153,1540.671948578998,1566.5853271484375,133650,0.0,0.0
2007-08-13 00:00:00+09:00,1566.5853271484375,1566.5853271484375,1566.5853271484375,1566.5853271484375,0,0.0,0.0
2007-08-14 00:00:00+09:00,1561.8739904486504,1573.6528086639535,1486.4894020341214,1495.9124755859375,149160,0.0,0.0
2007-08-16 00:00:00+09:00,1460.5759338350595,1479.422081039245,1331.0087429796831,1347.4991455078125,218790,0.0,0.0
2007-08-17 00:00:00+09:00,1323.9411267334594,1401.6814433551444,1323.9411267334594,1328.6527099609375,104940,0.0,0.0
2007-08-20 00:00:00+09:00,1342.7871500565284,1446.4409279376853,1342.7871500565284,1432.3062744140625,102630,0.0,0.0
2007-08-21 00:00:00+09:00,1432.3063301895422,1460.5755434397806,1413.4601880227165,1439.3736572265625,119790,0.0,0.0
2007-08-22 00:00:00+09:00,1469.9987715029708,1495.912243474092,1439.3738109359292,1481.777587890625,43890,0.0,0.0
2007-08-23 00:00:00+09:00,1486.4893346356662,1540.672028826395,1486.4893346356662,1502.979736328125,88770,0.0,0.0
2007-08-24 00:00:00+09:00,1507.6910598617462,1507.6910598617462,1462.9315386090902,1481.777587890625,42570,0.0,0.0
2007-08-27 00:00:00+09:00,1495.912315558408,1517.1142050574224,1465.287353515625,1465.287353515625,45540,0.0,0.0
2007-08-28 00:00:00+09:00,1460.5757548279719,1481.7776441097258,1432.3065374863475,1444.08544921875,125730,0.0,0.0
2007-08-29 00:00:00+09:00,1406.3932474957799,1448.7970287145379,1396.9701744585154,1446.4412841796875,79530,0.0,0.0
2007-08-30 00:00:00+09:00,1441.7295858410378,1481.7776193479715,1437.0180971450948,1479.421875,112530,0.0,0.0
2007-08-31 00:00:00+09:00,1481.7777023193464,1528.89306640625,1479.4219578394664,1528.89306640625,131010,0.0,0.0
2007-09-03 00:00:00+09:00,1573.6527926897913,1703.2200764364914,1543.02782768173,1656.1046142578125,465960,0.0,0.0
2007-09-04 00:00:00+09:00,1672.595095781263,1679.6623300348438,1604.2779286094228,1637.258544921875,99330,0.0,0.0
2007-09-05 00:00:00+09:00,1649.0371240737863,1707.9313002980036,1543.027587890625,1543.027587890625,709830,0.0,0.0
2007-09-06 00:00:00+09:00,1526.5373802597226,1568.941162109375,1521.8258911199227,1568.941162109375,195360,0.0,0.0
2007-09-07 00:00:00+09:00,1559.517960706223,1578.3641055115936,1521.8257659933372,1535.9603271484375,158070,0.0,0.0
2007-09-10 00:00:00+09:00,1500.6239553364599,1526.5374311630503,1462.9317562676013,1507.6912841796875,112200,0.0,0.0
2007-09-11 00:00:00+09:00,1507.6911099403812,1550.0949832013935,1491.2007095112178,1535.9603271484375,104940,0.0,0.0
2007-09-12 00:00:00+09:00,1566.5853340803928,1566.5853340803928,1514.7584818143278,1519.469970703125,113520,0.0,0.0
2007-09-13 00:00:00+09:00,1500.6237819139033,1535.9603271484375,1488.8449651350104,1535.9603271484375,46860,0.0,0.0
2007-09-14 00:00:00+09:00,1552.450691505203,1554.8064358266727,1526.5372192754737,1540.671875,54780,0.0,0.0
2007-09-17 00:00:00+09:00,1554.8064358266727,1554.8064358266727,1512.402658448801,1540.671875,87120,0.0,0.0
2007-09-18 00:00:00+09:00,1512.4026471344946,1554.8064241951429,1495.9122472118634,1517.1141357421875,115500,0.0,0.0
2007-09-19 00:00:00+09:00,1538.3160925952652,1564.229565782056,1495.912313651296,1510.046875,75570,0.0,0.0
2007-09-20 00:00:00+09:00,1517.1141276224562,1521.8257111027854,1484.1334228515625,1484.1334228515625,131670,0.0,0.0
2007-09-21 00:00:00+09:00,1474.7103507887566,1531.248783165591,1465.287278725951,1484.1334228515625,126720,0.0,0.0
2007-09-27 00:00:00+09:00,1484.1335193435684,1519.469970703125,1484.1335193435684,1519.469970703125,81180,0.0,0.0
2007-09-28 00:00:00+09:00,1531.2489013671875,1550.0950469475881,1514.7585002598719,1531.2489013671875,156420,0.0,0.0
2007-10-01 00:00:00+09:00,1512.4026201794743,1564.2294684296699,1512.4026201794743,1554.806396484375,105270,0.0,0.0
2007-10-02 00:00:00+09:00,1578.3642578125,1587.787331124445,1554.8066219815705,1578.3642578125,130680,0.0,0.0
2007-10-04 00:00:00+09:00,1578.3640686230701,1608.9891243894401,1559.5179242581594,1585.431396484375,186780,0.0,0.0
2007-10-05 00:00:00+09:00,1585.4316724655976,1590.1432568259129,1543.0278877121114,1583.075927734375,119130,0.0,0.0
2007-10-08 00:00:00+09:00,1585.4314815497842,1696.1525144609168,1583.0757371022376,1670.2391357421875,535260,0.0,0.0
2007-10-09 00:00:00+09:00,1696.1526527220362,1759.7585171734659,1630.1912334267658,1656.1046142578125,734250,0.0,0.0
2007-10-10 00:00:00+09:00,1719.7100554061524,1719.7100554061524,1656.1043893870228,1667.88330078125,201630,0.0,0.0
2007-10-11 00:00:00+09:00,1644.325747550331,1670.2391261197706,1531.2488759452403,1566.5853271484375,345840,0.0,0.0
2007-10-12 00:00:00+09:00,1554.8066219815705,1608.9893172497195,1554.8066219815705,1578.3642578125,136950,0.0,0.0
2007-10-15 00:00:00+09:00,1578.3643966970865,1597.2105449793,1561.8740881235547,1590.143310546875,145860,0.0,0.0
2007-10-16 00:00:00+09:00,1590.143008778949,1592.498753142698,1514.7584299561336,1547.7391357421875,243870,0.0,0.0
2007-10-17 00:00:00+09:00,1493.5567309224502,1535.960514456689,1462.9317656035148,1495.9124755859375,208230,0.0,0.0
2007-10-18 00:00:00+09:00,1498.2677811041608,1531.2485763177142,1472.3544076053283,1514.7581787109375,46860,0.0,0.0
2007-10-19 00:00:00+09:00,1531.2487913609723,1531.2487913609723,1479.4218472892321,1517.1141357421875,73260,0.0,0.0
2007-10-22 00:00:00+09:00,1444.0855573483427,1500.6239013671875,1427.5951556065033,1500.6239013671875,70290,0.0,0.0
2007-10-23 00:00:00+09:00,1502.979713607116,1505.3354581281794,1472.3547501397045,1493.556640625,70620,0.0,0.0
2007-10-24 00:00:00+09:00,1505.335331655239,1505.335331655239,1448.7968985127022,1458.219970703125,118140,0.0,0.0
2007-10-25 00:00:00+09:00,1439.3736750477146,1481.7774479991604,1427.5948597720735,1460.5755615234375,71280,0.0,0.0
2007-10-26 00:00:00+09:00,1479.421859407113,1479.421859407113,1425.239265485572,1458.219970703125,67320,0.0,0.0
2007-10-29 00:00:00+09:00,1458.2197576508327,1458.2197576508327,1427.5948012308622,1455.864013671875,72270,0.0,0.0
2007-10-30 00:00:00+09:00,1455.8644031285146,1465.2874764629412,1427.5951831252348,1429.950927734375,81840,0.0,0.0
2007-10-31 00:00:00+09:00,1429.9505926899906,1455.8640620124781,1413.4601944940582,1427.5948486328125,57750,0.0,0.0
2007-11-01 00:00:00+09:00,1413.4603875489097,1434.6623716528745,1366.345120378826,1373.412353515625,161700,0.0,0.0
2007-11-02 00:00:00+09:00,1361.6333319152225,1385.191056854723,1354.566004943588,1359.277587890625,79860,0.0,0.0
2007-11-05 00:00:00+09:00,1354.5661813210395,1389.9027258825251,1354.5661813210395,1366.3450927734375,36630,0.0,0.0
2007-11-06 00:00:00+09:00,1366.3451809685366,1484.133543912708,1361.6335971038825,1448.7969970703125,215490,0.0,0.0
2007-11-07 00:00:00+09:00,1441.7298227416602,1448.7971518447112,1378.1241455078125,1378.1241455078125,95370,0.0,0.0
2007-11-08 00:00:00+09:00,1356.9220013051545,1385.191217573833,1345.1430900198156,1354.566162109375,86460,0.0,0.0
2007-11-09 00:00:00+09:00,1394.6143094430552,1394.6143094430552,1347.4989483270258,1366.3450927734375,63690,0.0,0.0
2007-11-12 00:00:00+09:00,1366.345073394714,1378.1238897822002,1347.4989292155951,1354.566162109375,30360,0.0,0.0
2007-11-13 00:00:00+09:00,1342.7873647664958,1385.1912372198494,1323.941220320084,1366.3450927734375,23430,0.0,0.0
2007-11-14 00:00:00+09:00,1389.9028179160243,1389.9028179160243,1366.3451832470496,1368.700927734375,23430,0.0,0.0
2007-11-15 00:00:00+09:00,1385.1910338079588,1401.681336603618,1352.2102384209595,1396.9698486328125,57090,0.0,0.0
2007-11-16 00:00:00+09:00,1389.9027623328554,1399.3258348031825,1302.7393657067964,1361.633544921875,241890,0.0,0.0
2007-11-19 00:00:00+09:00,1361.6335532637306,1378.1239539122928,1331.008591272013,1349.854736328125,69300,0.0,0.0
2007-11-20 00:00:00+09:00,1342.7874382631314,1342.7874382631314,1305.0951473072437,1312.1624755859375,61380,0.0,0.0
2007-11-21 00:00:00+09:00,1309.8067486198383,1338.0759672143265,1272.114457160521,1288.6048583984375,107250,0.0,0.0
2007-11-22 00:00:00+09:00,1298.0277884506227,1298.0277884506227,1222.6432138260093,1276.8258056640625,96690,0.0,0.0
2007-11-23 00:00:00+09:00,1253.2682241783245,1288.6047686857694,1222.6432632242042,1248.556640625,111210,0.0,0.0
2007-11-26 00:00:00+09:00,1260.3355520593843,1276.8258572513853,1234.4220797607345,1248.556640625,43890,0.0,0.0
2007-11-27 00:00:00+09:00,1224.9989349823104,1269.7585490469655,1177.8835767294756,1267.4027099609375,64350,0.0,0.0
2007-11-28 00:00:00+09:00,1267.4027727896082,1274.4701006023427,1248.5566285542188,1262.6912841796875,23760,0.0,0.0
2007-11-29 00:00:00+09:00,1262.69135338657,1295.6720601572156,1250.9125363183293,1290.9605712890625,42570,0.0,0.0
2007-11-30 00:00:00+09:00,1290.9606028901796,1295.672091873664,1253.2683114308622,1288.6048583984375,21780,0.0,0.0
2007-12-03 00:00:00+09:00,1288.604656466271,1305.0949602221963,1267.4026746694888,1272.1142578125,55440,0.0,0.0
2007-12-04 00:00:00+09:00,1253.2682807524056,1316.8740447574787,1253.2682807524056,1290.9605712890625,22110,0.0,0.0
2007-12-05 00:00:00+09:00,1290.9606073350674,1290.9606073350674,1267.4028776429523,1286.2490234375,44550,0.0,0.0
2007-12-06 00:00:00+09:00,1293.3160521877721,1307.4507057077692,1267.4025839996705,1269.7584228515625,71610,0.0,0.0
2007-12-07 00:00:00+09:00,1272.1145242941343,1328.6529644668276,1260.3357063159565,1281.53759765625,176880,0.0,0.0
2007-12-10 00:00:00+09:00,1281.5374205427581,1283.8931648332475,1232.0663159532185,1274.4700927734375,43890,0.0,0.0
2007-12-11 00:00:00+09:00,1272.1143562973823,1274.4701006023427,1250.9124677570323,1262.6912841796875,17160,0.0,0.0
2007-12-12 00:00:00+09:00,1243.844964535287,1257.9795232696247,1234.4218937464489,1255.623779296875,20790,0.0,0.0
2007-12-13 00:00:00+09:00,1255.6237918684142,1262.691118755262,1232.066162109375,1232.066162109375,44880,0.0,0.0
2007-12-14 00:00:00+09:00,1232.066162109375,1246.2007209852304,1203.7969494598237,1232.066162109375,87450,0.0,0.0
2007-12-17 00:00:00+09:00,1213.220229718928,1243.84519165003,1203.797157209523,1234.422119140625,104940,0.0,0.0
2007-12-18 00:00:00+09:00,1210.864407868364,1241.4893678406734,1201.4413359616647,1217.931640625,67320,0.0,0.0
2007-12-20 00:00:00+09:00,1217.931703591757,1229.7106152574859,1180.2394140162785,1213.22021484375,70950,0.0,0.0
2007-12-21 00:00:00+09:00,1201.4415007773182,1236.7779541015625,1182.5953543785756,1236.7779541015625,83160,0.0,0.0
2007-12-24 00:00:00+09:00,1210.864485316041,1236.777863543512,1201.4414128066362,1234.422119140625,59400,0.0,0.0
2007-12-26 00:00:00+09:00,1234.42215628793,1265.047119140625,1217.9317551757636,1265.047119140625,42570,0.0,0.0
2007-12-27 00:00:00+09:00,1291.4519973332335,1296.2529840932073,1272.2482436904565,1293.8525390625,26070,30.30303,0.0
2007-12-28 00:00:00+09:00,1277.0492255739414,1317.857177734375,1274.6487805524002,1317.857177734375,39827,0.0,0.0
2008-01-02 00:00:00+09:00,1322.6583631265582,1332.260241353391,1272.2484299117566,1296.253173828125,136497,0.0,0.0
2008-01-03 00:00:00+09:00,1301.0539452536348,1303.4544871140843,1265.0469777296657,1284.250732421875,58819,0.0,0.0
2008-01-04 00:00:00+09:00,1284.2508502192272,1298.6536192101898,1281.8503081385893,1296.253173828125,36887,0.0,0.0
2008-01-07 00:00:00+09:00,1293.8525210387988,1315.456719411331,1274.6487676635352,1313.0562744140625,72124,0.0,0.0
2008-01-08 00:00:00+09:00,1313.0564848997255,1327.459253890688,1296.253173828125,1296.253173828125,22512,0.0,0.0
2008-01-09 00:00:00+09:00,1296.253156684837,1308.2554801350007,1265.0470770349825,1272.2484130859375,86493,0.0,0.0
2008-01-10 00:00:00+09:00,1267.447438938577,1293.8526261493191,1267.447438938577,1277.04931640625,25466,0.0,0.0
2008-01-11 00:00:00+09:00,1284.250732421875,1296.2530549298647,1262.6465325677807,1284.250732421875,23931,0.0,0.0
2008-01-14 00:00:00+09:00,1284.2508245340698,1284.2508245340698,1250.6442030630049,1255.4451904296875,41015,0.0,0.0
2008-01-15 00:00:00+09:00,1269.8480494309263,1269.8480494309263,1236.241522268687,1238.6419677734375,20681,0.0,0.0
2008-01-16 00:00:00+09:00,1224.2391765527802,1301.0541082462223,1214.637298003778,1257.845703125,48899,0.0,0.0
2008-01-17 00:00:00+09:00,1241.042333436083,1272.2484130859375,1229.0400099859194,1272.2484130859375,47114,0.0,0.0
2008-01-18 00:00:00+09:00,1231.4407043080332,1269.8482244726194,1231.4407043080332,1248.2440185546875,10635,0.0,0.0
2008-01-21 00:00:00+09:00,1238.6418633262497,1279.4498202602294,1236.2414180239145,1262.6466064453125,18862,0.0,0.0
2008-01-22 00:00:00+09:00,1262.646630962589,1286.6512778491888,1183.4311608588089,1200.234375,38243,0.0,0.0
2008-01-23 00:00:00+09:00,1267.44752166048,1267.44752166048,1193.0329422545913,1200.234375,49130,0.0,0.0
2008-01-24 00:00:00+09:00,1200.2344409276222,1243.4429430749005,1189.4323395654471,1233.841064453125,25855,0.0,0.0
2008-01-25 00:00:00+09:00,1233.841064453125,1255.4452671774754,1229.0400767929486,1233.841064453125,51318,0.0,0.0
2008-01-28 00:00:00+09:00,1233.841204465987,1233.841204465987,1214.637445043247,1226.6397705078125,49757,0.0,0.0
2008-01-29 00:00:00+09:00,1233.8411504496912,1233.8411504496912,1199.0343017578125,1199.0343017578125,125244,0.0,0.0
2008-01-30 00:00:00+09:00,1185.8317100775598,1233.8411047545878,1147.4241943359375,1147.4241943359375,42593,0.0,0.0
2008-01-31 00:00:00+09:00,1145.023765557107,1176.2298483798568,1142.6232232641403,1170.2286376953125,26508,0.0,0.0
2008-02-01 00:00:00+09:00,1199.0341671243327,1199.0341671243327,1173.8292972521747,1194.2332763671875,16945,0.0,0.0
2008-02-04 00:00:00+09:00,1253.0448953715008,1253.0448953715008,1181.030753124707,1224.2392578125,38973,0.0,0.0
2008-02-05 00:00:00+09:00,1188.2322924721693,1248.2440185546875,1188.2322924721693,1248.2440185546875,22113,0.0,0.0
2008-02-11 00:00:00+09:00,1243.4429779998302,1243.4429779998302,1214.6373413254319,1219.438232421875,26221,0.0,0.0
2008-02-12 00:00:00+09:00,1245.8434183846084,1245.8434183846084,1196.6338013571183,1231.4405517578125,29429,0.0,0.0
2008-02-13 00:00:00+09:00,1243.4428631043063,1332.2602104688995,1207.4357964137569,1267.447509765625,256172,0.0,0.0
2008-02-14 00:00:00+09:00,1284.2508204476908,1296.2531437783502,1248.2437537571416,1267.447509765625,46209,0.0,0.0
2008-02-15 00:00:00+09:00,1267.4474517289905,1291.4520972911325,1255.4451289479196,1281.8502197265625,24340,0.0,0.0
2008-02-18 00:00:00+09:00,1281.8501686238696,1373.0680502000448,1281.8501686238696,1315.456787109375,120024,0.0,0.0
2008-02-19 00:00:00+09:00,1358.6653294853145,1416.2765986568577,1341.862115167544,1380.26953125,137372,0.0,0.0
2008-02-20 00:00:00+09:00,1397.0730457179518,1397.0730457179518,1358.66552734375,1358.66552734375,55928,0.0,0.0
2008-02-21 00:00:00+09:00,1385.0705229823961,1404.2742794323278,1358.6653336890965,1368.2672119140625,35917,0.0,0.0
2008-02-22 00:00:00+09:00,1346.6630961948879,1385.0706115507196,1344.2626506597933,1382.670166015625,44104,0.0,0.0
2008-02-25 00:00:00+09:00,1401.87406572739,1404.274511505691,1365.8669922585198,1375.4688720703125,39689,0.0,0.0
2008-02-26 00:00:00+09:00,1368.267321812865,1382.6701886564342,1344.2626726716908,1363.4664306640625,31805,0.0,0.0
2008-02-27 00:00:00+09:00,1368.267177837347,1368.267177837347,1351.4638671875,1351.4638671875,34346,0.0,0.0
2008-02-28 00:00:00+09:00,1368.267389051738,1368.267389051738,1339.461750647625,1365.866943359375,37171,0.0,0.0
2008-02-29 00:00:00+09:00,1368.2673515470308,1368.2673515470308,1344.2627018842054,1361.06591796875,25700,0.0,0.0
2008-03-03 00:00:00+09:00,1361.0660838511235,1361.0660838511235,1332.2605394244392,1353.86474609375,26066,0.0,0.0
2008-03-04 00:00:00+09:00,1322.658197583486,1356.2647188219428,1322.658197583486,1346.662841796875,36900,0.0,0.0
2008-03-05 00:00:00+09:00,1346.6631844232995,1368.267389051738,1344.2627387309367,1365.866943359375,37679,0.0,0.0
2008-03-06 00:00:00+09:00,1349.0634597120813,1368.2672162224821,1349.0634597120813,1356.264892578125,5128,0.0,0.0
2008-03-07 00:00:00+09:00,1344.2625689337679,1356.264892578125,1344.2625689337679,1356.264892578125,22136,0.0,0.0
2008-03-10 00:00:00+09:00,1344.2625476062667,1356.2648710602,1296.2531570919612,1303.45458984375,47609,0.0,0.0
2008-03-11 00:00:00+09:00,1248.2436807844479,1341.8620100274925,1248.2436807844479,1289.0516357421875,62158,0.0,0.0
2008-03-12 00:00:00+09:00,1293.852817721358,1344.2626577158442,1289.0518299273888,1339.461669921875,102201,0.0,0.0
2008-03-13 00:00:00+09:00,1344.2623494742265,1344.2623494742265,1313.0562744140625,1313.0562744140625,68442,0.0,0.0
2008-03-14 00:00:00+09:00,1313.0565630446692,1339.461657215996,1272.248505628059,1274.6490478515625,40401,0.0,0.0
2008-03-17 00:00:00+09:00,1226.6397238270854,1289.0518912265527,1226.6397238270854,1265.0472412109375,19311,0.0,0.0
2008-03-18 00:00:00+09:00,1236.2413460031441,1289.0516230707565,1236.2413460031441,1241.042236328125,30195,0.0,0.0
2008-03-19 00:00:00+09:00,1241.042236328125,1281.8501908847206,1241.042236328125,1241.042236328125,41745,0.0,0.0
2008-03-20 00:00:00+09:00,1219.4381889289907,1269.8480271366088,1219.4381889289907,1257.845703125,13266,0.0,0.0
2008-03-21 00:00:00+09:00,1260.2460066631809,1284.2507486816462,1260.2460066631809,1277.04931640625,5831,0.0,0.0
2008-03-24 00:00:00+09:00,1315.4569128845276,1315.4569128845276,1262.646631684664,1272.2484130859375,51928,0.0,0.0
2008-03-25 00:00:00+09:00,1286.6513774498196,1327.4593383351569,1286.6513774498196,1322.658447265625,133283,0.0,0.0
2008-03-26 00:00:00+09:00,1344.2627007982794,1356.265025619996,1296.253304812829,1332.2603759765625,96478,0.0,0.0
2008-03-27 00:00:00+09:00,1344.2625562609878,1344.2625562609878,1305.8550436022656,1320.2578125,1085,0.0,0.0
2008-03-28 00:00:00+09:00,1332.2603759765625,1337.061267225816,1296.253304812829,1332.2603759765625,19324,0.0,0.0
2008-03-31 00:00:00+09:00,1344.2625732421875,1344.2625732421875,1320.2578291779632,1344.2625732421875,56449,0.0,0.0
2008-04-01 00:00:00+09:00,1365.8667752109875,1365.8667752109875,1313.0564929874124,1344.2625732421875,45196,0.0,0.0
2008-04-02 00:00:00+09:00,1361.0658448002296,1361.0658448002296,1310.656005859375,1310.656005859375,24182,0.0,0.0
2008-04-03 00:00:00+09:00,1344.2625562609878,1344.2625562609878,1301.054056170639,1320.2578125,31897,0.0,0.0
2008-04-04 00:00:00+09:00,1353.864506789921,1353.864506789921,1308.2555588952405,1341.8621826171875,4474,0.0,0.0
2008-04-07 00:00:00+09:00,1337.061267225816,1341.8622551736526,1301.0541960620824,1332.2603759765625,6609,0.0,0.0
2008-04-08 00:00:00+09:00,1339.46156020555,1339.46156020555,1291.4521696912445,1303.45458984375,11672,0.0,0.0
2008-04-10 00:00:00+09:00,1320.2576227559161,1334.66048628228,1296.2529791433876,1317.857177734375,11906,0.0,0.0
2008-04-11 00:00:00+09:00,1320.257677350983,1320.257677350983,1291.452045805648,1315.456787109375,51935,0.0,0.0
2008-04-14 00:00:00+09:00,1310.6558767573176,1315.4568639780337,1250.6441650390625,1250.6441650390625,72966,0.0,0.0
2008-04-15 00:00:00+09:00,1272.248313215321,1286.65117758376,1248.2436681993418,1284.250732421875,35587,0.0,0.0
2008-04-16 00:00:00+09:00,1269.8478680534358,1289.051622745645,1269.8478680534358,1284.250732421875,8580,0.0,0.0
2008-04-17 00:00:00+09:00,1231.440380793565,1284.2507554952347,1231.440380793565,1253.044677734375,68993,0.0,0.0
2008-04-18 00:00:00+09:00,1253.0446837314187,1281.8502197265625,1250.644141816351,1281.8502197265625,45124,0.0,0.0
2008-04-21 00:00:00+09:00,1281.8504376679023,1332.2603759765625,1281.8504376679023,1332.2603759765625,72144,0.0,0.0
2008-04-22 00:00:00+09:00,1344.2626281120185,1344.2626281120185,1303.4546679055782,1341.8621826171875,13602,0.0,0.0
2008-04-23 00:00:00+09:00,1301.0541257121693,1344.2626281120185,1296.253234722507,1341.8621826171875,46596,0.0,0.0
2008-04-24 00:00:00+09:00,1322.6582191703494,1341.8619735339062,1315.456787109375,1315.456787109375,41273,0.0,0.0
2008-04-25 00:00:00+09:00,1310.6561339529549,1339.4617728341987,1296.2533628616266,1298.65380859375,105075,0.0,0.0
2008-04-28 00:00:00+09:00,1305.8549454419267,1305.8549454419267,1257.8455582273612,1289.0516357421875,79200,0.0,0.0
2008-04-29 00:00:00+09:00,1310.6558524202728,1317.857284768342,1279.4497745100616,1281.8502197265625,30960,0.0,0.0
2008-04-30 00:00:00+09:00,1320.2576227559161,1320.2576227559161,1296.2529791433876,1317.857177734375,16618,0.0,0.0
2008-05-01 00:00:00+09:00,1317.857177734375,1317.857177734375,1317.857177734375,1317.857177734375,0,0.0,0.0
2008-05-02 00:00:00+09:00,1334.6606867354558,1334.6606867354558,1291.452186365422,1296.253173828125,24396,0.0,0.0
2008-05-05 00:00:00+09:00,1296.253173828125,1296.253173828125,1296.253173828125,1296.253173828125,0,0.0,0.0
2008-05-06 00:00:00+09:00,1296.2530327458185,1315.456787109375,1281.8501686238696,1315.456787109375,31475,0.0,0.0
2008-05-07 00:00:00+09:00,1310.6560332538002,1341.8622121681494,1291.4522754750835,1339.461669921875,138283,0.0,0.0
2008-05-08 00:00:00+09:00,1320.2579050322797,1344.2626504756765,1320.2579050322797,1322.658447265625,73286,0.0,0.0
2008-05-09 00:00:00+09:00,1341.8619516336216,1349.0632868785017,1320.2576558032983,1346.662841796875,43612,0.0,0.0
2008-05-12 00:00:00+09:00,1346.662841796875,1346.662841796875,1346.662841796875,1346.662841796875,0,0.0,0.0
2008-05-13 00:00:00+09:00,1346.6629846022008,1346.6629846022008,1325.0587831794458,1327.459228515625,31086,0.0,0.0
2008-05-14 00:00:00+09:00,1308.2553992650364,1368.2671095047958,1308.2553992650364,1349.0633544921875,58403,0.0,0.0
2008-05-15 00:00:00+09:00,1356.264952284752,1365.8668309626546,1322.6584252613827,1341.8621826171875,24324,0.0,0.0
2008-05-16 00:00:00+09:00,1322.6582191703494,1337.0609865937356,1308.2553550484006,1315.456787109375,20601,0.0,0.0
2008-05-19 00:00:00+09:00,1344.26241865471,1344.26241865471,1296.2530327458185,1315.456787109375,12427,0.0,0.0
2008-05-20 00:00:00+09:00,1296.2530327458185,1315.456787109375,1262.6465109588758,1315.456787109375,57891,0.0,0.0
2008-05-21 00:00:00+09:00,1315.4572224847957,1315.4572224847957,1269.8482666015625,1269.8482666015625,24614,0.0,0.0
2008-05-22 00:00:00+09:00,1269.8480271366088,1279.4499056856112,1250.6442700386042,1257.845703125,25073,0.0,0.0
2008-05-23 00:00:00+09:00,1253.0447285374014,1269.8479423523183,1238.6418633262497,1262.6466064453125,16503,0.0,0.0
2008-05-26 00:00:00+09:00,1257.845712658275,1257.845712658275,1226.639631312149,1233.841064453125,37365,0.0,0.0
2008-05-27 00:00:00+09:00,1214.6374867599702,1269.8482244726194,1212.23694422574,1248.2440185546875,37956,0.0,0.0
2008-05-28 00:00:00+09:00,1231.4404504595789,1260.246084645041,1205.0353583135006,1212.2366943359375,28756,0.0,0.0
2008-05-29 00:00:00+09:00,1224.239220216898,1224.239220216898,1195.4335835424997,1219.438232421875,11543,0.0,0.0
2008-05-30 00:00:00+09:00,1202.6348162741167,1224.239114437142,1197.833925592492,1212.2366943359375,17199,0.0,0.0
2008-06-02 00:00:00+09:00,1221.838724382971,1243.4430252333675,1172.6291052822487,1181.03076171875,51767,0.0,0.0
2008-06-03 00:00:00+09:00,1166.627718571921,1200.2342397663367,1166.627718571921,1195.433349609375,12774,0.0,0.0
2008-06-04 00:00:00+09:00,1200.2344084189335,1224.2391526724855,1173.8293154481735,1217.0377197265625,7500,0.0,0.0
2008-06-05 00:00:00+09:00,1219.4380131506741,1219.4380131506741,1169.0281822094812,1176.2296142578125,19895,0.0,0.0
2008-06-06 00:00:00+09:00,1176.2296142578125,1176.2296142578125,1176.2296142578125,1176.2296142578125,0,0.0,0.0
2008-06-09 00:00:00+09:00,1164.2272919763022,1183.4310463061436,1152.2248729962296,1176.2296142578125,4917,0.0,0.0
2008-06-10 00:00:00+09:00,1166.6280829325135,1176.2299629438517,1135.4219970703125,1135.4219970703125,20179,0.0,0.0
2008-06-11 00:00:00+09:00,1140.2226016511768,1187.0317670085622,1130.6207240573174,1142.623046875,16648,0.0,0.0
2008-06-12 00:00:00+09:00,1130.6208280076082,1152.2250304054598,1127.0201598408248,1149.8245849609375,17199,0.0,0.0
2008-06-13 00:00:00+09:00,1149.8246398951437,1176.2298311421544,1137.8223154005318,1147.4241943359375,2016,0.0,0.0
2008-06-16 00:00:00+09:00,1164.227403919314,1176.2297273548736,1128.2203369140625,1128.2203369140625,28446,0.0,0.0
2008-06-17 00:00:00+09:00,1131.8212443822906,1131.8212443822906,1073.009740737507,1092.2135009765625,31854,0.0,0.0
2008-06-18 00:00:00+09:00,1127.0201117396327,1127.0201117396327,1093.4134901563482,1098.2144775390625,2762,0.0,0.0
2008-06-19 00:00:00+09:00,1098.2145049275305,1098.2145049275305,1075.4100802119885,1097.0142822265625,46051,0.0,0.0
2008-06-20 00:00:00+09:00,1097.0142147856145,1104.215647247276,1081.4111272351092,1094.61376953125,4570,0.0,0.0
2008-06-23 00:00:00+09:00,1080.210890373697,1100.6148681640625,1080.210890373697,1100.6148681640625,10289,0.0,0.0
2008-06-24 00:00:00+09:00,1111.4167669984033,1111.4167669984033,1061.0069429614266,1068.2083740234375,7025,0.0,0.0
2008-06-25 00:00:00+09:00,1073.0093162247208,1104.2154867910879,1047.8044513193367,1077.810302734375,9612,0.0,0.0
2008-06-26 00:00:00+09:00,1100.614884737373,1100.614884737373,1045.404160290301,1051.4052734375,14457,0.0,0.0
2008-06-27 00:00:00+09:00,1032.2016710298485,1032.2016710298485,999.7953651338845,1008.197021484375,44493,0.0,0.0
2008-06-30 00:00:00+09:00,963.7884854504075,1003.3962327524599,963.7884854504075,964.9887084960938,83988,0.0,0.0
2008-07-01 00:00:00+09:00,964.9883371843155,1003.3958466620983,957.7870016811547,978.1909790039062,14440,0.0,0.0
2008-07-02 00:00:00+09:00,991.3935724207664,991.3935724207664,940.9837379500977,957.7870483398438,12615,0.0,0.0
2008-07-03 00:00:00+09:00,936.1827778152773,936.1827778152773,864.1686510381745,924.1803588867188,39336,0.0,0.0
2008-07-04 00:00:00+09:00,931.3819076238813,940.9837859508874,888.1735035016403,921.780029296875,28719,0.0,0.0
2008-07-07 00:00:00+09:00,912.1782003149558,936.1829457803163,912.1782003149558,931.3819580078125,21232,0.0,0.0
2008-07-08 00:00:00+09:00,931.3819402109913,936.182927891758,853.3666881617967,908.5775146484375,65643,0.0,0.0
2008-07-09 00:00:00+09:00,939.7836073181506,939.7836073181506,868.9697875976562,868.9697875976562,12246,0.0,0.0
2008-07-10 00:00:00+09:00,909.7777038382064,909.7777038382064,852.1664339853756,891.774169921875,3026,0.0,0.0
2008-07-11 00:00:00+09:00,924.1804345460694,924.1804345460694,871.3701543915589,918.1793212890625,11708,0.0,0.0
2008-07-14 00:00:00+09:00,901.3760354240306,933.7823379938576,871.3701782226562,871.3701782226562,33749,0.0,0.0
2008-07-15 00:00:00+09:00,870.1700919527667,874.9709834422952,831.7625732421875,831.7625732421875,52760,0.0,0.0
2008-07-16 00:00:00+09:00,823.3608620309411,852.1664991604586,813.7589829877686,834.1629638671875,58535,0.0,0.0
2008-07-17 00:00:00+09:00,835.3632278602792,856.967529296875,828.1618907466667,856.967529296875,31020,0.0,0.0
2008-07-18 00:00:00+09:00,825.7612241521131,862.9685137709502,823.3607788085938,823.3607788085938,19974,0.0,0.0
2008-07-21 00:00:00+09:00,855.7670875879861,855.7670875879861,808.9579678877208,825.76123046875,19872,0.0,0.0
2008-07-22 00:00:00+09:00,818.5598841233973,854.5668541960312,818.5598841233973,835.3630981445312,5359,0.0,0.0
2008-07-23 00:00:00+09:00,835.3632182957327,859.3679651620221,835.3632182957327,850.96630859375,12474,0.0,0.0
2008-07-24 00:00:00+09:00,864.16862188863,884.5725980009396,864.16862188863,883.3723754882812,53813,0.0,0.0
2008-07-25 00:00:00+09:00,883.3724080882612,921.7799167049546,865.3688763368658,912.1780395507812,29416,0.0,0.0
2008-07-28 00:00:00+09:00,903.7766983977539,1049.0051286348448,903.7766983977539,936.18310546875,184790,0.0,0.0
2008-07-29 00:00:00+09:00,937.383013186363,970.989535229607,897.7752815967781,902.576171875,29370,0.0,0.0
2008-07-30 00:00:00+09:00,950.5854705099256,950.5854705099256,898.9754212844589,907.3770751953125,7920,0.0,0.0
2008-07-31 00:00:00+09:00,900.1757613530482,948.1851494743339,900.1757613530482,919.3795166015625,22770,0.0,0.0
2008-08-01 00:00:00+09:00,909.7777223782984,919.3796008827775,900.1758438738195,914.57861328125,16170,0.0,0.0
2008-08-04 00:00:00+09:00,914.57861328125,914.57861328125,884.5727550420752,914.57861328125,6930,0.0,0.0
2008-08-05 00:00:00+09:00,914.578484664684,914.578484664684,908.5773718799271,912.1780395507812,188,0.0,0.0
2008-08-06 00:00:00+09:00,924.1806502473402,1003.396137317072,894.1747868633082,981.7919311523438,33330,0.0,0.0
2008-08-07 00:00:00+09:00,962.5880849440767,1000.9956021197166,900.1759178829539,938.5834350585938,70620,0.0,0.0
2008-08-08 00:00:00+09:00,936.1829673062856,936.1829673062856,902.5763422217682,927.7813110351562,1980,0.0,0.0
2008-08-11 00:00:00+09:00,921.7800062595409,934.982552367248,912.178128172507,926.5809936523438,2310,0.0,0.0
2008-08-12 00:00:00+09:00,900.1757517130523,933.7822746887759,888.1734289859056,928.9813842773438,4290,0.0,0.0
2008-08-13 00:00:00+09:00,943.384116127204,943.384116127204,912.1780395507812,912.1780395507812,660,0.0,0.0
2008-08-14 00:00:00+09:00,883.3726890093192,921.7802098399757,866.5694711698518,903.7766723632812,5610,0.0,0.0
2008-08-15 00:00:00+09:00,903.7766723632812,903.7766723632812,903.7766723632812,903.7766723632812,0,0.0,0.0
2008-08-18 00:00:00+09:00,885.7728702964938,921.7799344941767,885.7728702964938,920.5797119140625,2818,0.0,0.0
2008-08-19 00:00:00+09:00,919.3795606848339,927.7812160962302,783.7530448263755,910.9779052734375,29716,0.0,0.0
2008-08-20 00:00:00+09:00,858.1676230839114,909.7776814624362,823.3607788085938,823.3607788085938,34029,0.0,0.0
2008-08-21 00:00:00+09:00,823.3608568802167,871.3702517957453,823.3608568802167,846.165283203125,4019,0.0,0.0
2008-08-22 00:00:00+09:00,846.1651570180472,864.1686895139014,792.1546562290513,816.1593017578125,13506,0.0,0.0
2008-08-25 00:00:00+09:00,813.7590083849343,912.1782474744407,813.7590083849343,862.9686279296875,9098,0.0,0.0
2008-08-26 00:00:00+09:00,828.1617509176889,884.5726989426796,808.9579467773438,808.9579467773438,43180,0.0,0.0
2008-08-27 00:00:00+09:00,792.1546924232779,837.7636370501157,768.1499974484383,784.9533081054688,40223,0.0,0.0
2008-08-28 00:00:00+09:00,814.9591550335012,814.9591550335012,780.1524061060236,810.1582641601562,31208,0.0,0.0
2008-08-29 00:00:00+09:00,828.1617509176889,828.1617509176889,793.3549072844286,808.9579467773438,4214,0.0,0.0
2008-09-01 00:00:00+09:00,720.140605688362,790.9544677734375,720.140605688362,790.9544677734375,31970,0.0,0.0
2008-09-02 00:00:00+09:00,763.349123402007,799.3561447532327,696.1360201030049,727.3421020507812,96412,0.0,0.0
2008-09-03 00:00:00+09:00,714.1394737987229,786.1535615423704,708.1383119074075,710.5387573242188,30858,0.0,0.0
2008-09-04 00:00:00+09:00,751.3467470220121,782.5528268081339,722.5411125966907,753.7471923828125,15592,0.0,0.0
2008-09-05 00:00:00+09:00,727.3420165220642,796.9556055115194,727.3420165220642,780.15234375,11741,0.0,0.0
2008-09-08 00:00:00+09:00,802.9567563868504,816.1593017578125,768.1499623510068,816.1593017578125,10012,0.0,0.0
2008-09-09 00:00:00+09:00,784.9533703588403,816.1594037771032,784.9533703588403,799.3561401367188,2135,0.0,0.0
2008-09-10 00:00:00+09:00,825.7611661861569,825.7611661861569,782.5527662416215,811.3583984375,26871,0.0,0.0
2008-09-11 00:00:00+09:00,831.7624329386201,908.5774574024465,811.3584541527376,880.9720458984375,32307,0.0,0.0
2008-09-12 00:00:00+09:00,876.171181599981,912.1782535501225,835.3632182957327,850.96630859375,25581,0.0,0.0
2008-09-15 00:00:00+09:00,850.96630859375,850.96630859375,850.96630859375,850.96630859375,0,0.0,0.0
2008-09-16 00:00:00+09:00,814.9592180017988,814.9592180017988,763.3491536327812,794.5552368164062,11253,0.0,0.0
2008-09-17 00:00:00+09:00,802.9568706276209,813.7589723222902,768.1500716396364,783.7531127929688,33495,0.0,0.0
2008-09-18 00:00:00+09:00,762.1488478441861,776.5516650568468,729.742497028378,753.7471923828125,19793,0.0,0.0
2008-09-19 00:00:00+09:00,758.5482431682885,837.7637736789698,753.747303390347,787.3538818359375,28330,0.0,0.0
2008-09-22 00:00:00+09:00,787.3537394775777,825.7612024075128,720.1405947389436,806.5574951171875,10827,0.0,0.0
2008-09-23 00:00:00+09:00,802.9568016305735,819.7601124666523,751.3467431466995,781.3526000976562,37385,0.0,0.0
2008-09-24 00:00:00+09:00,780.1524243600389,811.358505862668,752.547011096667,766.9498291015625,8926,0.0,0.0
2008-09-25 00:00:00+09:00,768.1501013475859,798.155962037374,753.7472824145725,776.5517578125,11299,0.0,0.0
2008-09-26 00:00:00+09:00,776.551612285476,799.356035060526,727.342002240297,744.145263671875,18945,0.0,0.0
2008-09-29 00:00:00+09:00,787.3538259005034,816.1594141724435,739.3444315317868,745.3456420898438,34762,0.0,0.0
2008-09-30 00:00:00+09:00,739.3443998146175,758.5481567382812,708.1383189883077,758.5481567382812,22377,0.0,0.0
2008-10-01 00:00:00+09:00,793.3549130902442,793.3549130902442,782.5528124660436,790.9544677734375,36,0.0,0.0
2008-10-02 00:00:00+09:00,768.1501227241715,787.3538818359375,736.9440383421985,787.3538818359375,19443,0.0,0.0
2008-10-03 00:00:00+09:00,787.3538818359375,787.3538818359375,787.3538818359375,787.3538818359375,0,0.0,0.0
2008-10-06 00:00:00+09:00,756.1476495554838,780.15234375,744.1452782835837,780.15234375,10315,0.0,0.0
2008-10-07 00:00:00+09:00,745.3455492552724,780.15234375,720.1405840890675,780.15234375,22473,0.0,0.0
2008-10-08 00:00:00+09:00,777.7518180363478,777.7518180363478,720.1405543487361,751.3466796875,20691,0.0,0.0
2008-10-09 00:00:00+09:00,728.5422763777921,771.7507281361585,696.1359738209819,747.7460327148438,6517,0.0,0.0
2008-10-10 00:00:00+09:00,768.1501011662658,768.1501011662658,684.1336815848324,722.5411987304688,41801,0.0,0.0
2008-10-13 00:00:00+09:00,696.1360592064199,754.947509765625,686.5341798601635,754.947509765625,23271,0.0,0.0
2008-10-14 00:00:00+09:00,754.9474726142972,765.7496226092259,722.5411676773808,745.3456420898438,78246,0.0,0.0
2008-10-15 00:00:00+09:00,754.9475037482538,763.3491601965851,724.9416431176898,752.5470581054688,44249,0.0,0.0
2008-10-16 00:00:00+09:00,720.14062512601,732.1429970818607,684.1336059570312,684.1336059570312,35412,0.0,0.0
2008-10-17 00:00:00+09:00,721.3409653222787,721.3409653222787,662.529467643326,702.13720703125,2805,0.0,0.0
2008-10-20 00:00:00+09:00,720.140571226397,720.140571226397,672.1312320441592,674.5316772460938,1887,0.0,0.0
2008-10-21 00:00:00+09:00,716.5399392081745,716.5399392081745,650.527015968265,675.73193359375,5065,0.0,0.0
2008-10-22 00:00:00+09:00,662.5294083351188,675.731954716369,650.5270363030068,672.1312866210938,7451,0.0,0.0
2008-10-23 00:00:00+09:00,645.7259906187529,645.7259906187529,588.1147787577263,595.316162109375,12457,0.0,0.0
2008-10-24 00:00:00+09:00,553.3081359431495,592.9158758549274,506.49896240234375,506.49896240234375,78833,0.0,0.0
2008-10-27 00:00:00+09:00,433.28461562654627,498.09732049131145,430.8841701460009,475.2928466796875,33686,0.0,0.0
2008-10-28 00:00:00+09:00,412.8806409859275,478.89356944493215,412.8806409859275,477.69329833984375,21760,0.0,0.0
2008-10-29 00:00:00+09:00,502.8982105687962,502.8982105687962,422.4824729051866,432.0843505859375,58977,0.0,0.0
2008-10-30 00:00:00+09:00,456.0890750180475,496.89703369140625,439.2858121376312,496.89703369140625,40438,0.0,0.0
2008-10-31 00:00:00+09:00,516.1008355149243,516.1008355149243,482.49425846225347,504.0985107421875,29353,0.0,0.0
2008-11-03 00:00:00+09:00,525.7027641609511,552.10791015625,486.09502099335486,552.10791015625,41807,0.0,0.0
2008-11-04 00:00:00+09:00,594.1159815534871,594.1159815534871,542.5059269000515,544.9063720703125,10929,0.0,0.0
2008-11-05 00:00:00+09:00,544.9063292639701,586.9145515870289,544.9063292639701,553.3079833984375,50780,0.0,0.0
2008-11-06 00:00:00+09:00,481.2940960979191,568.9112423298438,470.491992776021,512.5001831054688,22948,0.0,0.0
2008-11-07 00:00:00+09:00,511.29983859744937,559.3092290030785,511.29983859744937,528.1031494140625,11949,0.0,0.0
2008-11-10 00:00:00+09:00,508.8993545869899,550.9075317382812,504.09841591118953,550.9075317382812,30785,0.0,0.0
2008-11-11 00:00:00+09:00,530.5035772053134,561.7096557617188,530.5035772053134,561.7096557617188,2211,0.0,0.0
2008-11-12 00:00:00+09:00,561.709738252311,561.709738252311,524.5024927169851,558.1090698242188,2646,0.0,0.0
2008-11-13 00:00:00+09:00,504.0983514634911,537.704917897579,504.0983514634911,526.9027709960938,6012,0.0,0.0
2008-11-14 00:00:00+09:00,555.708572856265,555.708572856265,472.8923775192652,480.09381103515625,64772,0.0,0.0
2008-11-17 00:00:00+09:00,469.29162262678017,522.1018997144326,457.2892517619266,502.898193359375,39227,0.0,0.0
2008-11-18 00:00:00+09:00,462.09026479407436,502.8982742819533,462.09026479407436,489.6956787109375,290,0.0,0.0
2008-11-19 00:00:00+09:00,492.0960904403124,492.0960904403124,456.08907122499363,488.49542236328125,2824,0.0,0.0
2008-11-20 00:00:00+09:00,472.89239697672537,481.2940536411927,428.4837646484375,428.4837646484375,24654,0.0,0.0
2008-11-21 00:00:00+09:00,409.27987147486596,477.69318017276254,399.67797093047386,453.68853759765625,25687,0.0,0.0
2008-11-24 00:00:00+09:00,456.0890197753906,456.0890197753906,424.88294319896784,456.0890197753906,9098,0.0,0.0
2008-11-25 00:00:00+09:00,456.0891214788616,475.2928800694611,422.4825439453125,422.4825439453125,27297,0.0,0.0
2008-11-26 00:00:00+09:00,468.09151887058977,468.09151887058977,408.07974601083663,450.0879821777344,14110,0.0,0.0
2008-11-27 00:00:00+09:00,444.08672591077067,457.2892715802231,423.6827477404494,448.8876647949219,21255,0.0,0.0
2008-11-28 00:00:00+09:00,448.8876647949218,477.69324975054445,432.08435452575065,448.8876647949219,18829,0.0,0.0
2008-12-01 00:00:00+09:00,476.4930636495829,476.4930636495829,429.6839422022139,457.289306640625,75339,0.0,0.0
2008-12-02 00:00:00+09:00,445.2869683327692,445.2869683327692,421.2822728452594,442.886474609375,10777,0.0,0.0
2008-12-03 00:00:00+09:00,448.8876837534116,472.89233083870425,448.8876837534116,471.6921081542969,11045,0.0,0.0
2008-12-04 00:00:00+09:00,456.0891032834615,460.8900427395808,436.8853454589844,436.8853454589844,18153,0.0,0.0
2008-12-05 00:00:00+09:00,451.28820506411284,451.28820506411284,450.0879821777344,450.0879821777344,1089,0.0,0.0
2008-12-08 00:00:00+09:00,450.08789548177475,480.09375195727404,436.8853012268124,474.09259033203125,12391,0.0,0.0
2008-12-09 00:00:00+09:00,474.09271594971233,492.0962055957242,456.08917795440243,468.091552734375,9814,0.0,0.0
2008-12-10 00:00:00+09:00,468.0914562201298,472.8923471230813,453.6886384634114,457.289306640625,15506,0.0,0.0
2008-12-11 00:00:00+09:00,456.0890692646249,470.4918865587034,452.48835285378374,458.48956298828125,10002,0.0,0.0
2008-12-12 00:00:00+09:00,448.8876532536681,468.09140829652904,448.8876532536681,464.4906921386719,12942,0.0,0.0
2008-12-15 00:00:00+09:00,472.89244592448665,495.6969242244852,464.49083673968556,493.2964782714844,45744,0.0,0.0
2008-12-16 00:00:00+09:00,508.89940036544925,508.89940036544925,465.6909483963947,501.6979675292969,20717,0.0,0.0
2008-12-17 00:00:00+09:00,502.8982879347721,518.5013294790464,484.89475242637565,504.0985107421875,38164,0.0,0.0
2008-12-18 00:00:00+09:00,504.0983514634911,528.1030417735539,482.49410600979655,526.9027709960938,20083,0.0,0.0
2008-12-19 00:00:00+09:00,526.9028750286349,576.1124877929688,516.1007743436417,576.1124877929688,41451,0.0,0.0
2008-12-22 00:00:00+09:00,612.119610108449,636.1242589878243,562.9099928770078,609.7191162109375,53773,0.0,0.0
2008-12-23 00:00:00+09:00,588.1148963612361,626.5224108483379,588.1148963612361,616.9205322265625,11579,0.0,0.0
2008-12-24 00:00:00+09:00,616.9205322265625,616.9205322265625,586.9146736208364,616.9205322265625,4887,0.0,0.0
2008-12-25 00:00:00+09:00,616.9205322265625,616.9205322265625,616.9205322265625,616.9205322265625,0,0.0,0.0
2008-12-26 00:00:00+09:00,640.9251455928915,640.9251455928915,590.5153097433463,636.1242065429688,1712,0.0,0.0
2008-12-29 00:00:00+09:00,650.5270322961273,650.5270322961273,648.1265869140625,648.1265869140625,12375,0.0,0.0
2008-12-30 00:00:00+09:00,645.7262366181217,645.7262366181217,616.920643888313,634.9241333007812,3877,0.0,0.0
2008-12-31 00:00:00+09:00,634.9241333007812,634.9241333007812,634.9241333007812,634.9241333007812,0,0.0,0.0
2009-01-02 00:00:00+09:00,600.1171483324329,638.524658203125,600.1171483324329,638.524658203125,82239,0.0,0.0
2009-01-05 00:00:00+09:00,666.1301206766955,666.1301206766955,638.5247086872297,648.1265869140625,19803,0.0,0.0
2009-01-06 00:00:00+09:00,661.3292246510673,661.3292246510673,638.524750289231,645.7261352539062,23661,0.0,0.0
2009-01-07 00:00:00+09:00,670.9309106734518,670.9309106734518,638.5246127869707,658.9285888671875,22463,0.0,0.0
2009-01-08 00:00:00+09:00,658.9287086117685,664.9298706054688,624.1219110291615,664.9298706054688,3742,0.0,0.0
2009-01-09 00:00:00+09:00,664.9298037747066,664.9298037747066,639.7248872550308,640.9251098632812,5834,0.0,0.0
2009-01-12 00:00:00+09:00,648.1265718891751,670.9309958872851,600.1171818679665,633.7237548828125,14100,0.0,0.0
2009-01-13 00:00:00+09:00,632.5235342322409,632.5235342322409,589.3150830756673,627.7225952148438,10385,0.0,0.0
2009-01-14 00:00:00+09:00,631.3234511968644,646.9265439112983,612.119737758523,621.7216186523438,14539,0.0,0.0
2009-01-15 00:00:00+09:00,638.5246502798699,638.5246502798699,578.5129410262216,620.5211181640625,13170,0.0,0.0
2009-01-16 00:00:00+09:00,580.9134100461083,626.5223534993523,580.9134100461083,625.3220825195312,3045,0.0,0.0
2009-01-19 00:00:00+09:00,578.5131546301503,624.1220647011489,578.5131546301503,621.7216186523438,772,0.0,0.0
2009-01-20 00:00:00+09:00,646.926406372427,646.926406372427,586.9146877194037,645.7261352539062,23195,0.0,0.0
2009-01-21 00:00:00+09:00,672.1312276067897,672.1312276067897,602.5176403203108,644.5258178710938,1656,0.0,0.0
2009-01-22 00:00:00+09:00,662.5294083351188,672.1312866210938,644.5258744615942,672.1312866210938,39501,0.0,0.0
2009-01-23 00:00:00+09:00,681.7332153320312,681.7332153320312,631.3233264274105,681.7332153320312,8401,0.0,0.0
2009-01-28 00:00:00+09:00,687.7343264039105,710.5387510597101,652.9275297220123,708.1383056640625,8543,0.0,0.0
2009-01-29 00:00:00+09:00,708.1382907512472,708.1382907512472,660.1289003564651,693.7354736328125,5266,0.0,0.0
2009-01-30 00:00:00+09:00,631.3233800535501,688.9346589243067,631.3233800535501,687.7344360351562,20469,0.0,0.0
2009-02-02 00:00:00+09:00,709.3383993723021,709.3383993723021,672.131164060703,705.7377319335938,15249,0.0,0.0
2009-02-03 00:00:00+09:00,696.1359819872508,718.9404066430504,667.3303471437584,708.1383056640625,27914,0.0,0.0
2009-02-04 00:00:00+09:00,708.1383653117022,768.1500854492188,708.1383653117022,768.1500854492188,59528,0.0,0.0
2009-02-05 00:00:00+09:00,766.9497728589446,792.1546904318409,736.9439163031496,790.9544677734375,13629,0.0,0.0
2009-02-06 00:00:00+09:00,814.9590726947289,832.9626050479503,750.1464239121278,813.7588500976562,70788,0.0,0.0
2009-02-09 00:00:00+09:00,825.761213845132,852.166402389976,795.755405679237,832.962646484375,6111,0.0,0.0
2009-02-10 00:00:00+09:00,794.5552199308996,848.5658254728371,792.1547743597685,846.165283203125,6774,0.0,0.0
2009-02-11 00:00:00+09:00,828.1617788381465,846.1652158879806,802.9568122506618,843.7647705078125,8890,0.0,0.0
2009-02-12 00:00:00+09:00,817.3595939653378,861.7682157308534,817.3595939653378,860.5679931640625,8695,0.0,0.0
2009-02-13 00:00:00+09:00,868.9696883615344,884.5726791561497,848.5657103772597,864.168701171875,1560,0.0,0.0
2009-02-16 00:00:00+09:00,846.1651711688254,886.973223967876,816.1593154067899,836.5632934570312,38177,0.0,0.0
2009-02-17 00:00:00+09:00,838.9639965361318,838.9639965361318,766.9498998670094,787.3538818359375,14322,0.0,0.0
2009-02-18 00:00:00+09:00,784.9533453286563,832.9626892056958,762.1488719338289,810.1582641601562,623,0.0,0.0
2009-02-19 00:00:00+09:00,814.9590791512311,828.1617212207595,808.9579177690407,816.1593017578125,51645,0.0,0.0
2009-02-20 00:00:00+09:00,778.9521733343057,810.1583039902605,723.7413937343257,783.7531127929688,4857,0.0,0.0
2009-02-23 00:00:00+09:00,724.9416295444621,780.1524584862966,720.1406899994892,768.1500854492188,13678,0.0,0.0
2009-02-24 00:00:00+09:00,698.5363783961311,822.1605163346743,698.5363783961311,756.1476440429688,1072,0.0,0.0
2009-02-25 00:00:00+09:00,825.7611762001044,825.7611762001044,720.1405718836452,801.7565307617188,584,0.0,0.0
2009-02-26 00:00:00+09:00,822.1606072790174,822.1606072790174,744.1453551731558,766.9498291015625,4365,0.0,0.0
2009-02-27 00:00:00+09:00,766.9497672463633,812.5586630754888,728.5422556642428,808.9579467773438,25307,0.0,0.0
2009-03-02 00:00:00+09:00,746.5457885101765,766.9497669427802,721.3408711317081,730.9427490234375,24321,0.0,0.0
2009-03-03 00:00:00+09:00,776.5516200895837,776.5516200895837,697.3361541816707,762.1488037109375,118,0.0,0.0
2009-03-04 00:00:00+09:00,712.9391860063946,754.947363759981,712.9391860063946,744.145263671875,976,0.0,0.0
2009-03-05 00:00:00+09:00,744.1453895863891,792.15478515625,740.5447211806179,792.15478515625,9857,0.0,0.0
2009-03-06 00:00:00+09:00,744.1453895863891,814.9592117899657,744.1453895863891,792.15478515625,6312,0.0,0.0
2009-03-09 00:00:00+09:00,823.3607394009321,823.3607394009321,746.54576684554,798.1558227539062,198,0.0,0.0
2009-03-10 00:00:00+09:00,774.1512139293659,774.1512139293659,732.1430310103873,766.9498291015625,379,0.0,0.0
2009-03-11 00:00:00+09:00,801.7565853254804,801.7565853254804,720.1406208930102,747.7460327148438,6963,0.0,0.0
2009-03-12 00:00:00+09:00,742.9451744653143,753.7472764928864,715.3397596399261,734.5435180664062,8553,0.0,0.0
2009-03-13 00:00:00+09:00,720.1407031970982,732.1430764541368,696.1360533816048,698.5364990234375,11992,0.0,0.0
2009-03-16 00:00:00+09:00,714.1394735749674,738.1441694819953,694.935716849345,726.141845703125,6557,0.0,0.0
2009-03-17 00:00:00+09:00,726.1418351515186,726.1418351515186,686.5340995677865,720.140625,1511,0.0,0.0
2009-03-18 00:00:00+09:00,716.5399927796176,717.7402155302586,696.1360126215635,715.3397216796875,2141,0.0,0.0
2009-03-19 00:00:00+09:00,764.5493062032155,764.5493062032155,686.5341054115618,738.1441650390625,290,0.0,0.0
2009-03-20 00:00:00+09:00,745.3455380314301,745.3455380314301,690.1347180407972,732.1429443359375,6682,0.0,0.0
2009-03-23 00:00:00+09:00,760.9485174750615,760.9485174750615,686.5339965820312,686.5339965820312,11289,0.0,0.0
2009-03-24 00:00:00+09:00,756.1476503683996,756.1476503683996,691.3350001481692,716.5399169921875,2187,0.0,0.0
2009-03-25 00:00:00+09:00,690.1347029144263,741.7448056115924,690.1347029144263,717.7401123046875,798,0.0,0.0
2009-03-26 00:00:00+09:00,738.1441241998949,738.1441241998949,696.1359452015901,718.9403686523438,3389,0.0,0.0
2009-03-27 00:00:00+09:00,718.9403817965691,744.1452993262247,688.9345252922514,739.3443603515625,5111,0.0,0.0
2009-03-30 00:00:00+09:00,724.9415536335299,747.7460261715454,696.1359677293075,729.7424926757812,3752,0.0,0.0
2009-03-31 00:00:00+09:00,724.9415684814563,724.9415684814563,684.1336099611523,708.1383056640625,5214,0.0,0.0
2009-04-01 00:00:00+09:00,708.1382619277534,718.9403622395778,698.5363842396241,716.5399169921875,313,0.0,0.0
2009-04-02 00:00:00+09:00,730.9427057108056,730.9427057108056,688.9344803364015,717.7401123046875,339,0.0,0.0
2009-04-03 00:00:00+09:00,739.3443121062609,739.3443121062609,691.3349738417331,717.7401123046875,13351,0.0,0.0
2009-04-06 00:00:00+09:00,720.1406416364919,741.7448923126236,698.5364393096478,728.5422973632812,5771,0.0,0.0
2009-04-07 00:00:00+09:00,750.1464506672241,750.1464506672241,699.7366162994014,748.9462280273438,37841,0.0,0.0
2009-04-08 00:00:00+09:00,748.9462338084664,766.9497669427802,700.9368926991044,730.9427490234375,41675,0.0,0.0
2009-04-09 00:00:00+09:00,710.5387754254969,780.1524195257704,710.5387754254969,778.9521484375,82978,0.0,0.0
2009-04-10 00:00:00+09:00,780.1524730932477,794.5552436485416,726.1419142883742,752.5470581054688,21651,0.0,0.0
2009-04-13 00:00:00+09:00,766.9499056411537,798.1559902580683,751.3468633326964,789.7543334960938,26782,0.0,0.0
2009-04-14 00:00:00+09:00,770.5504559134529,816.1593017578125,770.5504559134529,816.1593017578125,16688,0.0,0.0
2009-04-15 00:00:00+09:00,783.7530438462375,835.3631022247623,783.7530438462375,823.3607788085938,6091,0.0,0.0
2009-04-16 00:00:00+09:00,849.7659575206875,850.9661801780939,816.1593363190306,848.5657348632812,17935,0.0,0.0
2009-04-17 00:00:00+09:00,848.5657792752942,852.1664474359637,840.1641235351562,840.1641235351562,2062,0.0,0.0
2009-04-20 00:00:00+09:00,858.1677521491437,858.1677521491437,795.7555352903593,856.967529296875,12685,0.0,0.0
2009-04-21 00:00:00+09:00,792.1546676399273,840.1640560875846,792.1546676399273,837.7636108398438,19928,0.0,0.0
2009-04-22 00:00:00+09:00,828.1617996343488,855.7671155966333,794.5551766737972,840.1641235351562,22968,0.0,0.0
2009-04-23 00:00:00+09:00,828.1617649288426,880.9720458984375,800.5563534248336,880.9720458984375,22044,0.0,0.0
2009-04-24 00:00:00+09:00,886.9734248190656,888.173647717504,841.3644711854571,872.570556640625,3540,0.0,0.0
2009-04-27 00:00:00+09:00,842.5646346334335,861.768393050631,836.5634238660906,858.167724609375,3016,0.0,0.0
2009-04-28 00:00:00+09:00,859.367793543094,859.367793543094,744.145263671875,744.145263671875,10018,0.0,0.0
2009-04-29 00:00:00+09:00,810.1581939449036,810.1581939449036,792.1546613330494,798.1558227539062,3062,0.0,0.0
2009-04-30 00:00:00+09:00,852.1665446635009,852.1665446635009,782.552942057996,787.3538818359375,7005,0.0,0.0
2009-05-04 00:00:00+09:00,792.15478515625,835.3631928198338,777.7519664852917,792.15478515625,31904,0.0,0.0
2009-05-06 00:00:00+09:00,792.1546846348085,813.7588857251088,790.9544619851885,808.9579467773438,7949,0.0,0.0
2009-05-07 00:00:00+09:00,848.5657408665445,848.5657408665445,796.9556343908171,835.3630981445312,3847,0.0,0.0
2009-05-08 00:00:00+09:00,796.9556704635313,840.1641235351562,794.5551766737972,840.1641235351562,14668,0.0,0.0
2009-05-11 00:00:00+09:00,852.1664521331486,852.1664521331486,780.1524116327831,828.1618041992188,29835,0.0,0.0
2009-05-12 00:00:00+09:00,793.3549150846985,810.1582257417289,781.3525917719214,784.9533081054688,20067,0.0,0.0
2009-05-13 00:00:00+09:00,802.9567851799586,826.9615282680688,780.1523614400384,808.9579467773438,8081,0.0,0.0
2009-05-14 00:00:00+09:00,848.5656989297765,848.5656989297765,805.3572499492965,816.1593017578125,12652,0.0,0.0
2009-05-15 00:00:00+09:00,801.7566887212298,852.1665314322768,792.1548093144311,850.96630859375,50255,0.0,0.0
2009-05-18 00:00:00+09:00,818.5598519916982,858.1675852058357,814.9590874367792,849.7659301757812,14572,0.0,0.0
2009-05-19 00:00:00+09:00,858.1674755204741,858.1674755204741,818.5597473687377,854.5667114257812,12210,0.0,0.0
2009-05-20 00:00:00+09:00,858.1676188922944,858.1676188922944,830.5622074809419,835.3630981445312,16245,0.0,0.0
2009-05-21 00:00:00+09:00,836.5634148394486,836.5634148394486,822.16064453125,822.16064453125,2587,0.0,0.0
2009-05-22 00:00:00+09:00,812.558690575088,837.7636571658354,793.354934134111,807.7577514648438,17047,0.0,0.0
2009-05-25 00:00:00+09:00,856.9674136068124,856.9674136068124,770.5505096224156,807.7577514648438,11427,0.0,0.0
2009-05-26 00:00:00+09:00,792.1547715485455,828.161841782054,768.1500741759697,777.751953125,24284,0.0,0.0
2009-05-27 00:00:00+09:00,784.9533703588403,804.1570795124414,759.7484023743298,799.3561401367188,42764,0.0,0.0
2009-05-28 00:00:00+09:00,781.3525611056502,801.7565389461338,772.9509061068804,798.1558227539062,1996,0.0,0.0
2009-05-29 00:00:00+09:00,796.9555886907904,813.7588500976562,780.1523272839245,813.7588500976562,6332,0.0,0.0
2009-06-01 00:00:00+09:00,810.1582692357177,810.1582692357177,780.1524109936014,782.5528564453125,12064,0.0,0.0
2009-06-02 00:00:00+09:00,802.9567930746343,802.9567930746343,775.3514301155329,784.9533081054688,1907,0.0,0.0
2009-06-03 00:00:00+09:00,784.9533999954165,796.9557247132361,769.3503101732433,792.15478515625,18117,0.0,0.0
2009-06-04 00:00:00+09:00,847.3655067087491,847.3655067087491,772.9509288437483,808.9579467773438,5454,0.0,0.0
2009-06-05 00:00:00+09:00,808.9580126486501,808.9580126486501,781.352647713133,796.9556884765625,5441,0.0,0.0
2009-06-08 00:00:00+09:00,796.9555950046602,832.9626116470852,796.9555950046602,816.1593017578125,8718,0.0,0.0
2009-06-09 00:00:00+09:00,816.1593522819011,816.1593522819011,772.9509489759016,805.3572998046875,8309,0.0,0.0
2009-06-10 00:00:00+09:00,793.3549917102948,804.1570934049641,775.351505002276,783.7531127929688,19041,0.0,0.0
2009-06-11 00:00:00+09:00,783.753164915158,837.7637736789698,768.1501227241715,787.3538818359375,12639,0.0,0.0
2009-06-12 00:00:00+09:00,810.1583578684829,810.1583578684829,769.3503455813336,787.3538818359375,4045,0.0,0.0
2009-06-15 00:00:00+09:00,790.9545623543263,804.1571098740698,784.9533999954165,792.15478515625,4636,0.0,0.0
2009-06-16 00:00:00+09:00,770.5505871977971,840.164187130063,770.5505871977971,794.5552368164062,9497,0.0,0.0
2009-06-17 00:00:00+09:00,790.9545134726474,792.1547362003963,700.9369386042911,746.5458374023438,16830,0.0,0.0
2009-06-18 00:00:00+09:00,746.54581625671,768.1500181414124,739.3443833956181,765.7495727539062,19506,0.0,0.0
2009-06-19 00:00:00+09:00,768.1499668780849,768.1499668780849,732.1429500234531,756.1476440429688,3319,0.0,0.0
2009-06-22 00:00:00+09:00,763.3490537063509,789.7541938398232,758.548114741239,760.9486083984375,4837,0.0,0.0
2009-06-23 00:00:00+09:00,721.3409533245072,782.5528955970794,721.3409533245072,741.7449340820312,6039,0.0,0.0
2009-06-24 00:00:00+09:00,721.3408754585429,739.3443603515625,720.1406044529134,739.3443603515625,4636,0.0,0.0
2009-06-25 00:00:00+09:00,729.7423749220948,729.7423749220948,705.7377319335938,705.7377319335938,27683,0.0,0.0
2009-06-26 00:00:00+09:00,714.1394233955132,716.5399169921875,696.1359389922338,716.5399169921875,10701,0.0,0.0
2009-06-29 00:00:00+09:00,697.3362046850747,718.9404066430504,697.3362046850747,708.1383056640625,1890,0.0,0.0
2009-06-30 00:00:00+09:00,696.1359570305361,717.7401582139939,696.1359570305361,703.3373413085938,5534,0.0,0.0
2009-07-01 00:00:00+09:00,706.9380950364372,728.5422973632812,706.9380950364372,728.5422973632812,21786,0.0,0.0
2009-07-02 00:00:00+09:00,728.5423672402184,728.5423672402184,715.3397710245708,724.941650390625,1023,0.0,0.0
2009-07-03 00:00:00+09:00,708.1383013955361,720.140625,698.5364231722504,720.140625,17882,0.0,0.0
2009-07-06 00:00:00+09:00,703.3374181387904,744.1453796538386,703.3374181387904,741.7449340820312,12312,0.0,0.0
2009-07-07 00:00:00+09:00,741.7448936047193,766.9498124797061,704.5376024777988,758.5481567382812,4936,0.0,0.0
2009-07-08 00:00:00+09:00,744.1452774168414,764.5492553710938,742.9450547958345,764.5492553710938,3197,0.0,0.0
2009-07-09 00:00:00+09:00,762.1488325685295,762.1488325685295,733.343198720556,739.3443603515625,13308,0.0,0.0
2009-07-10 00:00:00+09:00,744.1452728585691,763.3490280741818,728.5422338332048,756.1476440429688,19516,0.0,0.0
2009-07-13 00:00:00+09:00,729.7425501059884,733.3432667583722,720.1406712658247,721.3409423828125,12903,0.0,0.0
2009-07-14 00:00:00+09:00,708.138291160293,738.1441480870427,708.138291160293,729.7424926757812,1904,0.0,0.0
2009-07-15 00:00:00+09:00,741.7448559990638,741.7448559990638,712.9392220739824,733.3432006835938,20651,0.0,0.0
2009-07-16 00:00:00+09:00,744.1453205582145,744.1453205582145,720.140625,720.140625,23595,0.0,0.0
2009-07-17 00:00:00+09:00,712.9391860063946,744.145263671875,704.5375311159642,744.145263671875,9401,0.0,0.0
2009-07-20 00:00:00+09:00,741.7448936047193,776.551690941538,722.5411366810556,758.5481567382812,16047,0.0,0.0
2009-07-21 00:00:00+09:00,758.5481839985575,758.5481839985575,715.339729367513,727.3421020507812,26307,0.0,0.0
2009-07-22 00:00:00+09:00,748.9463657383676,804.1571491667696,723.7414439199513,757.3480224609375,209170,0.0,0.0
2009-07-23 00:00:00+09:00,753.7471772755492,768.1499941995361,728.5422597458937,739.3443603515625,17737,0.0,0.0
2009-07-24 00:00:00+09:00,784.9532671759065,784.9532671759065,722.5410634956629,744.145263671875,46351,0.0,0.0
2009-07-27 00:00:00+09:00,751.3467319628608,763.3490552248738,729.7424824022379,739.3443603515625,25014,0.0,0.0
2009-07-28 00:00:00+09:00,739.3443249272409,765.74951219737,733.343163583769,744.145263671875,46711,0.0,0.0
2009-07-29 00:00:00+09:00,751.3466331524681,760.9485098390396,744.1452014629,750.1463623046875,28677,0.0,0.0
2009-07-30 00:00:00+09:00,742.9450915606385,764.5492932049865,736.9439298093514,753.7471923828125,13002,0.0,0.0
2009-07-31 00:00:00+09:00,753.7471757761273,774.1511542905312,753.7471757761273,760.9486083984375,23311,0.0,0.0
2009-08-03 00:00:00+09:00,746.5457827475828,758.5481058449561,744.1452891185376,748.9462280273438,13658,0.0,0.0
2009-08-04 00:00:00+09:00,768.1501059540507,775.3515396383891,751.3468412727481,754.947509765625,35729,0.0,0.0
2009-08-05 00:00:00+09:00,748.946186192542,770.5504342500373,736.9438637655971,751.3466796875,19149,0.0,0.0
2009-08-06 00:00:00+09:00,746.5457827475828,748.9462280273438,739.3443502097313,748.9462280273438,36861,0.0,0.0
2009-08-07 00:00:00+09:00,748.9462171224869,800.5563217280178,748.9462171224869,780.15234375,77526,0.0,0.0
2009-08-10 00:00:00+09:00,796.9558179432787,852.1666051326802,796.9558179432787,841.364501953125,130719,0.0,0.0
2009-08-11 00:00:00+09:00,864.1687889402162,883.3725462521262,844.9650316283063,878.5716552734375,75358,0.0,0.0
2009-08-12 00:00:00+09:00,878.5716438621102,878.5716438621102,792.1547370809413,842.5645751953125,38190,0.0,0.0
2009-08-13 00:00:00+09:00,824.5610077878092,850.9661968642231,824.5610077878092,825.76123046875,15232,0.0,0.0
2009-08-14 00:00:00+09:00,861.7683447647445,912.1781836107198,830.5622632599576,892.9744262695312,49889,0.0,0.0
2009-08-17 00:00:00+09:00,907.3773027067879,907.3773027067879,868.9697875976562,868.9697875976562,2706,0.0,0.0
2009-08-18 00:00:00+09:00,846.1650574695713,888.1733272506212,840.1639451426748,854.5667114257812,24255,0.0,0.0
2009-08-19 00:00:00+09:00,856.9673274376378,924.1803715241257,856.9673274376378,902.576171875,62129,0.0,0.0
2009-08-20 00:00:00+09:00,909.7777417798105,909.7777417798105,866.5693359375,866.5693359375,26324,0.0,0.0
2009-08-21 00:00:00+09:00,866.5692431159886,872.570356229853,854.5668234911242,864.168701171875,37940,0.0,0.0
2009-08-24 00:00:00+09:00,848.5658454007763,873.7707178867335,843.7648574471854,858.167724609375,19671,0.0,0.0
2009-08-25 00:00:00+09:00,856.967435015432,856.967435015432,840.1641235351562,840.1641235351562,11913,0.0,0.0
2009-08-26 00:00:00+09:00,840.1642277082634,864.1688784862478,816.1594802316915,847.3656616210938,3342,0.0,0.0
2009-08-27 00:00:00+09:00,853.3667267060081,853.3667267060081,840.1641792100878,852.16650390625,2168,0.0,0.0
2009-08-28 00:00:00+09:00,840.1640898596157,840.1640898596157,819.7601110365047,838.9638671875,18909,0.0,0.0
2009-08-31 00:00:00+09:00,830.5622117841181,852.1664132793449,816.1593463215858,838.9638671875,23750,0.0,0.0
2009-09-01 00:00:00+09:00,838.9639054393448,838.9639054393448,816.1593835336778,828.1618041992188,4600,0.0,0.0
2009-09-02 00:00:00+09:00,830.5622330142396,830.5622330142396,795.7554361881805,804.1570434570312,47157,0.0,0.0
2009-09-03 00:00:00+09:00,799.3561369055271,822.1606109353505,799.3561369055271,820.9603881835938,39639,0.0,0.0
2009-09-04 00:00:00+09:00,818.5599964056486,864.1688507602199,816.1594540459992,862.9686279296875,17876,0.0,0.0
2009-09-07 00:00:00+09:00,852.1663315118384,912.1780395507812,843.7646769146164,912.1780395507812,49714,0.0,0.0
2009-09-08 00:00:00+09:00,889.373575549738,922.9800956521955,849.7658462475113,865.3688354492188,54063,0.0,0.0
2009-09-09 00:00:00+09:00,904.9768453476116,904.9768453476116,831.7625732421875,831.7625732421875,10560,0.0,0.0
2009-09-10 00:00:00+09:00,823.3607452033258,872.570356229853,823.3607452033258,864.168701171875,19242,0.0,0.0
2009-09-11 00:00:00+09:00,864.1687366990741,886.9732575649883,822.1605563807362,838.9638671875,27178,0.0,0.0
2009-09-14 00:00:00+09:00,829.3619848150446,848.5657408665445,820.960329455192,835.3630981445312,19651,0.0,0.0
2009-09-15 00:00:00+09:00,828.1619458417935,912.1783246786517,817.3598427541572,886.9734497070312,78909,0.0,0.0
2009-09-16 00:00:00+09:00,888.1733622374735,907.3771158371247,847.3654100128542,883.3723754882812,28224,0.0,0.0
2009-09-17 00:00:00+09:00,866.569309381679,1015.3983764648439,866.569309381679,1015.3983764648438,501761,0.0,0.0
2009-09-18 00:00:00+09:00,1015.3984220887055,1017.7988676256678,931.3819580078125,931.3819580078125,270072,0.0,0.0
2009-09-21 00:00:00+09:00,936.1829457803163,950.5857157006692,908.5775320095124,931.3819580078125,68072,0.0,0.0
2009-09-22 00:00:00+09:00,931.3818632713992,931.3818632713992,912.1781075318712,930.181640625,19433,0.0,0.0
2009-09-23 00:00:00+09:00,930.1816307959007,946.9849410650719,897.7753295898436,897.7753295898438,13239,0.0,0.0
2009-09-24 00:00:00+09:00,884.5727926069146,916.9791943723324,822.1606280266541,873.7706909179688,59122,0.0,0.0
2009-09-25 00:00:00+09:00,853.366640652967,900.1758086162282,825.7612289465015,898.9755859375,37441,0.0,0.0
2009-09-28 00:00:00+09:00,870.1699816364627,898.9756170175459,840.1641235351562,840.1641235351562,16239,0.0,0.0
2009-09-29 00:00:00+09:00,859.3678804558784,876.1710952375786,826.9615769141255,840.1641235351562,54463,0.0,0.0
2009-09-30 00:00:00+09:00,840.1640898596157,885.7729381943009,828.1617664398866,838.9638671875,15661,0.0,0.0
2009-10-01 00:00:00+09:00,860.568034090518,862.9684793382589,828.1617331503122,837.7636108398438,6953,0.0,0.0
2009-10-05 00:00:00+09:00,816.1593127681207,874.9708014753988,813.7588675225749,864.168701171875,6596,0.0,0.0
2009-10-06 00:00:00+09:00,843.7645907373666,864.1685655187202,800.5561963059239,859.36767578125,42801,0.0,0.0
2009-10-07 00:00:00+09:00,842.564519411699,876.1710436967695,805.3572788284837,808.9579467773438,72286,0.0,0.0
2009-10-08 00:00:00+09:00,816.1592887875307,924.180385347434,807.7576823256946,811.3583984375,475147,0.0,0.0
2009-10-09 00:00:00+09:00,820.9602758361262,840.1640306333786,811.3583984375,811.3583984375,98561,0.0,0.0
2009-10-12 00:00:00+09:00,828.1617789453468,837.7636571658354,807.7577514648438,807.7577514648438,56146,0.0,0.0
2009-10-13 00:00:00+09:00,804.1570538698995,813.758932315165,804.1570538698995,810.1582641601562,22631,0.0,0.0
2009-10-14 00:00:00+09:00,810.1582535168153,835.3631236679021,810.1582535168153,819.7601318359375,107451,0.0,0.0
2009-10-15 00:00:00+09:00,826.9615217462364,840.1640674865047,806.5574951171875,806.5574951171875,21123,0.0,0.0
2009-10-16 00:00:00+09:00,806.5575287746043,828.1617789453468,796.9556505541158,807.7577514648438,77226,0.0,0.0
2009-10-19 00:00:00+09:00,807.7577514648438,807.7577514648438,795.7554278638763,807.7577514648438,13648,0.0,0.0
2009-10-20 00:00:00+09:00,814.9591000599052,814.9591000599052,799.3560607261838,812.5586547851562,7326,0.0,0.0
2009-10-21 00:00:00+09:00,804.1569776753321,804.1569776753321,781.3525547905311,795.75537109375,23641,0.0,0.0
2009-10-22 00:00:00+09:00,795.7554172360298,801.7565789563639,781.3526000976562,781.3526000976562,16288,0.0,0.0
2009-10-23 00:00:00+09:00,768.1500681350597,825.761293026883,768.1500681350597,775.3515014648438,13992,0.0,0.0
2009-10-26 00:00:00+09:00,775.3515162612501,816.1594297285276,770.5505767328721,774.1512451171875,12358,0.0,0.0
2009-10-27 00:00:00+09:00,769.3502721922279,787.3538067294562,744.1453528496812,772.9509887695312,22598,0.0,0.0
2009-10-28 00:00:00+09:00,772.9509285377899,772.9509285377899,700.9368926991044,730.9427490234375,114364,0.0,0.0
2009-10-29 00:00:00+09:00,700.936851164495,723.7412735440931,700.936851164495,717.7401123046875,7616,0.0,0.0
2009-10-30 00:00:00+09:00,720.1406687709623,727.3421020507812,708.1383444369836,727.3421020507812,14427,0.0,0.0
2009-11-02 00:00:00+09:00,718.940402309411,720.140625,711.7390178165899,720.140625,7223,0.0,0.0
2009-11-03 00:00:00+09:00,704.5375556857339,722.5410886932808,700.9368877636522,706.9380493164062,22862,0.0,0.0
2009-11-04 00:00:00+09:00,710.5387573242188,727.3420686390468,710.5387573242188,710.5387573242188,10441,0.0,0.0
2009-11-05 00:00:00+09:00,720.140625,720.140625,703.3373622838933,720.140625,6768,0.0,0.0
2009-11-06 00:00:00+09:00,741.7449634558659,753.7472884887874,721.340981890324,724.941650390625,2491,0.0,0.0
2009-11-09 00:00:00+09:00,724.941564111643,724.941564111643,710.5387467767142,720.140625,5652,0.0,0.0
2009-11-10 00:00:00+09:00,739.3443814465716,739.3443814465716,720.140625,720.140625,9942,0.0,0.0
2009-11-11 00:00:00+09:00,721.3408622704299,739.3443468342957,696.1359452015901,718.9403686523438,10253,0.0,0.0
2009-11-12 00:00:00+09:00,722.5411187304647,722.5411187304647,711.7390178165899,720.140625,2214,0.0,0.0
2009-11-13 00:00:00+09:00,729.742514055858,729.742514055858,706.9380891990019,710.5387573242188,4290,0.0,0.0
2009-11-16 00:00:00+09:00,712.939240507179,742.9450978676255,712.939240507179,720.140625,57905,0.0,0.0
2009-11-17 00:00:00+09:00,721.3408622704299,730.9427400442054,716.539923383542,718.9403686523438,11259,0.0,0.0
2009-11-18 00:00:00+09:00,720.140625,756.147692511965,708.1383013955361,720.140625,13229,0.0,0.0
2009-11-19 00:00:00+09:00,720.1406495522784,741.7449004658841,720.1406495522784,740.544677734375,10226,0.0,0.0
2009-11-20 00:00:00+09:00,758.5482281718145,758.5482281718145,720.1407107075979,724.941650390625,15351,0.0,0.0
2009-11-23 00:00:00+09:00,720.140631129834,746.545820643274,720.140631129834,738.1441650390625,12833,0.0,0.0
2009-11-24 00:00:00+09:00,740.5446587899602,741.7448814907656,727.3420640332401,738.1441650390625,9094,0.0,0.0
2009-11-25 00:00:00+09:00,738.1441587600978,738.1441587600978,724.9415641156845,735.7437133789062,782,0.0,0.0
2009-11-26 00:00:00+09:00,724.9416431176898,763.3491601965851,722.5411974749048,752.5470581054688,34217,0.0,0.0
2009-11-27 00:00:00+09:00,764.5491773345449,764.5491773345449,727.3419414360393,750.1463623046875,5883,0.0,0.0
2009-11-30 00:00:00+09:00,746.5457572188335,746.5457572188335,734.5433861826067,744.145263671875,6359,0.0,0.0
2009-12-01 00:00:00+09:00,734.5435282421532,754.947509765625,734.5435282421532,754.947509765625,9830,0.0,0.0
2009-12-02 00:00:00+09:00,741.744833038774,780.15234375,741.744833038774,780.15234375,25014,0.0,0.0
2009-12-03 00:00:00+09:00,792.154719730509,804.1570434570312,778.9521249519048,804.1570434570312,11596,0.0,0.0
2009-12-04 00:00:00+09:00,792.1546562290513,824.5609567024488,792.1546562290513,816.1593017578125,1785,0.0,0.0
2009-12-07 00:00:00+09:00,816.1593974820448,832.9627093421141,783.753093207835,796.9556884765625,4428,0.0,0.0
2009-12-08 00:00:00+09:00,801.7566441923757,812.558745837762,765.749622591325,775.3515014648438,3075,0.0,0.0
2009-12-09 00:00:00+09:00,759.7484681820755,769.3503477652145,757.3480224609375,757.3480224609375,11949,0.0,0.0
2009-12-10 00:00:00+09:00,768.1500854492188,768.1500854492188,759.7484291581933,768.1500854492188,904,0.0,0.0
2009-12-11 00:00:00+09:00,787.3538320740303,787.3538320740303,742.9451540220879,777.751953125,2560,0.0,0.0
2009-12-14 00:00:00+09:00,796.9556055115194,796.9556055115194,751.3467107165804,780.15234375,1933,0.0,0.0
2009-12-15 00:00:00+09:00,758.5481927223102,829.3620618249126,758.5481927223102,783.7531127929688,10662,0.0,0.0
2009-12-16 00:00:00+09:00,751.3467754773405,796.9556742034429,751.3467754773405,782.5528564453125,13691,0.0,0.0
2009-12-17 00:00:00+09:00,782.5528900156255,784.9533839196021,768.1500716396364,783.7531127929688,12995,0.0,0.0
2009-12-18 00:00:00+09:00,783.7531127929688,783.7531127929688,778.9521733343057,783.7531127929688,31442,0.0,0.0
2009-12-21 00:00:00+09:00,783.7530498415339,829.3619952101448,783.7530498415339,825.76123046875,110213,0.0,0.0
2009-12-22 00:00:00+09:00,825.76123046875,837.7636506753024,813.7589069607701,825.76123046875,18806,0.0,0.0
2009-12-23 00:00:00+09:00,825.7612453487799,853.3666576035778,798.1558814432691,819.7601318359375,10886,0.0,0.0
2009-12-24 00:00:00+09:00,822.1606438165534,852.16650390625,786.1536213787756,852.16650390625,46919,0.0,0.0
2009-12-28 00:00:00+09:00,852.1665739699926,876.1712253359402,818.5600427179477,872.570556640625,80569,0.0,0.0
2009-12-29 00:00:00+09:00,872.5704940271349,888.173583984375,852.1665128206414,888.173583984375,18882,0.0,0.0
2009-12-30 00:00:00+09:00,888.1736726391472,907.3774329501879,858.1678092404703,886.9734497070312,7741,0.0,0.0
2010-01-04 00:00:00+09:00,818.5598649569965,888.1734548390538,818.5598649569965,870.169921875,62739,0.0,0.0
2010-01-05 00:00:00+09:00,868.9698387809342,870.1700616114667,826.9616529179602,862.9686279296875,7748,0.0,0.0
2010-01-06 00:00:00+09:00,888.173443723036,888.173443723036,828.1617323929851,864.168701171875,27258,0.0,0.0
2010-01-07 00:00:00+09:00,873.7707178867335,873.7707178867335,820.9604305887322,858.167724609375,60786,0.0,0.0
2010-01-08 00:00:00+09:00,865.3690793546556,865.3690793546556,831.7625497801527,850.96630859375,8487,0.0,0.0
2010-01-11 00:00:00+09:00,856.967529296875,890.5740592561581,846.1653302292839,856.967529296875,152532,0.0,0.0
2010-01-12 00:00:00+09:00,867.7694657387615,886.9732211002632,840.1640553192817,864.168701171875,18562,0.0,0.0
2010-01-13 00:00:00+09:00,883.3723663499687,883.3723663499687,847.3654012470267,865.3688354492188,16981,0.0,0.0
2010-01-14 00:00:00+09:00,849.7661073591746,864.1688784862478,847.3656616210938,847.3656616210938,8890,0.0,0.0
2010-01-15 00:00:00+09:00,849.7660954846764,856.967529296875,840.1642159679403,856.967529296875,7880,0.0,0.0
2010-01-18 00:00:00+09:00,856.9673662189067,864.1687019621294,837.7636108398438,837.7636108398438,12741,0.0,0.0
2010-01-19 00:00:00+09:00,852.1665138420321,862.9686158643829,840.1641890059295,858.167724609375,6553,0.0,0.0
2010-01-20 00:00:00+09:00,835.3630653532399,864.1686982997551,834.162842734456,849.7659301757812,29228,0.0,0.0
2010-01-21 00:00:00+09:00,864.1687453310541,864.1687453310541,830.5622200804104,855.76708984375,29650,0.0,0.0
2010-01-22 00:00:00+09:00,856.9675194849686,856.9675194849686,841.3644291869513,850.96630859375,7345,0.0,0.0
2010-01-25 00:00:00+09:00,850.9662987121563,862.968623656635,820.9604380016676,844.965087890625,11926,0.0,0.0
2010-01-26 00:00:00+09:00,858.1676296484401,858.1676296484401,818.5598943831055,825.76123046875,32775,0.0,0.0
2010-01-27 00:00:00+09:00,822.16064453125,860.5681609512221,818.559976128846,822.16064453125,2270,0.0,0.0
2010-01-28 00:00:00+09:00,840.1640960371839,872.5703985183015,798.1558670606817,825.76123046875,7741,0.0,0.0
2010-01-29 00:00:00+09:00,861.7683377033818,880.9720948872139,798.1559041192598,814.9591674804688,2475,0.0,0.0
2010-02-01 00:00:00+09:00,760.9486392186362,888.1735027723608,760.9486392186362,819.7601318359375,5451,0.0,0.0
2010-02-02 00:00:00+09:00,781.352556071252,823.3607340958674,781.352556071252,816.1593017578125,13988,0.0,0.0
2010-02-03 00:00:00+09:00,850.966282642007,861.7683845579029,792.15478515625,792.15478515625,24360,0.0,0.0
2010-02-04 00:00:00+09:00,798.1557561329315,818.5597806196025,781.3524958872208,817.3595581054688,16467,0.0,0.0
2010-02-05 00:00:00+09:00,804.1569170528797,837.7635342428601,789.7541018354364,817.3595581054688,2735,0.0,0.0
2010-02-08 00:00:00+09:00,817.3596584088234,840.164082372957,784.9533081054688,784.9533081054688,14704,0.0,0.0
2010-02-09 00:00:00+09:00,762.1487997195726,806.5574712338434,762.1487997195726,795.75537109375,8365,0.0,0.0
2010-02-10 00:00:00+09:00,795.75537109375,829.3619424679275,787.3537161628849,795.75537109375,28234,0.0,0.0
2010-02-11 00:00:00+09:00,789.7542259756323,816.1593671835535,784.953335164453,804.1570434570312,26221,0.0,0.0
2010-02-12 00:00:00+09:00,792.154735599748,836.563363287091,792.154735599748,828.1618041992188,4488,0.0,0.0
2010-02-16 00:00:00+09:00,806.5575489238925,846.1652371362721,801.7566096937119,840.1641235351562,8791,0.0,0.0
2010-02-17 00:00:00+09:00,840.1640560875846,849.7659337771161,825.7611912040035,837.7636108398438,18948,0.0,0.0
2010-02-18 00:00:00+09:00,838.963900814933,852.1664474359637,818.5599211739876,840.1641235351562,13810,0.0,0.0
2010-02-19 00:00:00+09:00,794.555134673173,837.7636338100606,794.555134673173,832.962646484375,12384,0.0,0.0
2010-02-22 00:00:00+09:00,828.1617350704586,840.1640580355592,816.1593154067899,836.5632934570312,4563,0.0,0.0
2010-02-23 00:00:00+09:00,836.5634587649607,836.5634587649607,816.1594766828196,829.3621215820312,8655,0.0,0.0
2010-02-24 00:00:00+09:00,837.7637783273694,837.7637783273694,816.1594766828196,829.3621215820312,23380,0.0,0.0
2010-02-25 00:00:00+09:00,840.1641235351562,840.1641235351562,820.9603666144341,840.1641235351562,48995,0.0,0.0
2010-02-26 00:00:00+09:00,841.3643462553794,841.3643462553794,825.7612574953268,840.1641235351562,1009,0.0,0.0
2010-03-02 00:00:00+09:00,828.1617996343488,841.3643462553794,828.1617996343488,840.1641235351562,42348,0.0,0.0
2010-03-03 00:00:00+09:00,840.1641680755395,864.1688171497345,832.9627346738487,861.7683715820312,44883,0.0,0.0
2010-03-04 00:00:00+09:00,861.7684207059499,861.7684207059499,843.7648845247464,856.967529296875,4587,0.0,0.0
2010-03-05 00:00:00+09:00,823.3608762162361,859.367947423127,823.3608762162361,858.167724609375,20413,0.0,0.0
2010-03-08 00:00:00+09:00,823.3607478652775,860.5680360858005,823.3607478652775,836.5632934570312,17325,0.0,0.0
2010-03-09 00:00:00+09:00,855.76720974602,856.967529296875,836.5634507125478,856.967529296875,66785,0.0,0.0
2010-03-10 00:00:00+09:00,864.1686608644351,868.9696478301619,840.164016131491,860.5679931640625,22806,0.0,0.0
2010-03-11 00:00:00+09:00,847.3656014772303,871.3702505514253,840.1641680755395,861.7683715820312,124499,0.0,0.0
2010-03-12 00:00:00+09:00,846.1651656208621,864.1686982997551,846.1651656208621,849.7659301757812,15714,0.0,0.0
2010-03-15 00:00:00+09:00,846.1653020604915,888.173583984375,846.1653020604915,888.173583984375,81411,0.0,0.0
2010-03-16 00:00:00+09:00,888.1734289859056,946.9849167173467,888.1734289859056,928.9813842773438,56189,0.0,0.0
2010-03-17 00:00:00+09:00,928.9815285689966,955.386623330309,928.9815285689966,939.7836303710938,39411,0.0,0.0
2010-03-18 00:00:00+09:00,945.7848517371127,984.1922715251728,921.7801055836701,960.1876220703125,97752,0.0,0.0
2010-03-19 00:00:00+09:00,943.3841372777039,979.3912015877663,942.1839146938437,978.1909790039062,78342,0.0,0.0
2010-03-22 00:00:00+09:00,964.9885237653546,981.791836585455,936.1829827860156,980.5916137695312,33168,0.0,0.0
2010-03-23 00:00:00+09:00,980.5917082208136,997.3950226594212,960.1877249876156,981.7919311523438,53014,0.0,0.0
2010-03-24 00:00:00+09:00,967.3888598188399,984.1920723573974,948.1851054617206,954.1862182617188,31696,0.0,0.0
2010-03-25 00:00:00+09:00,936.1827784808669,969.7893000884623,936.1827784808669,967.3888549804688,10678,0.0,0.0
2010-03-26 00:00:00+09:00,938.5834071436501,994.9943617063599,938.5834071436501,969.7894897460938,95379,0.0,0.0
2010-03-29 00:00:00+09:00,937.3830688836622,988.9931259339247,937.3830688836622,984.192138671875,135824,0.0,0.0
2010-03-30 00:00:00+09:00,950.585663304803,1005.7964878032144,950.585663304803,993.7940673828125,94482,0.0,0.0
2010-03-31 00:00:00+09:00,992.5939472254933,1018.9991395002974,976.9909537847421,1016.5986938476562,50503,0.0,0.0
2010-04-01 00:00:00+09:00,1000.9955998886968,1044.2040082656968,1000.9955998886968,1012.9979248046875,39959,0.0,0.0
2010-04-02 00:00:00+09:00,1008.196865688352,1020.1991886063774,986.5926650961927,1006.9966430664062,39177,0.0,0.0
2010-04-05 00:00:00+09:00,1006.9966093004506,1044.2037994288653,997.3947319482807,1005.79638671875,27020,0.0,0.0
2010-04-06 00:00:00+09:00,1004.5961169638059,1004.5961169638059,972.1898155646043,984.192138671875,27462,0.0,0.0
2010-04-07 00:00:00+09:00,993.794220710002,1005.7966429821934,948.1853641905955,996.1947631835938,41141,0.0,0.0
2010-04-08 00:00:00+09:00,976.9908570024157,1000.9955045480547,972.1898694741433,997.3948364257812,59442,0.0,0.0
2010-04-09 00:00:00+09:00,1004.596323396103,1004.596323396103,981.7918951363997,996.1947631835938,10784,0.0,0.0
2010-04-12 00:00:00+09:00,996.1944598455971,1017.7986586393902,994.994140625,994.994140625,71600,0.0,0.0
2010-04-13 00:00:00+09:00,993.7939181029625,1008.196781764531,962.5878424343102,994.994140625,18282,0.0,0.0
2010-04-14 00:00:00+09:00,990.1934368398602,1003.3959837648657,962.5880235434142,998.5950927734375,17496,0.0,0.0
2010-04-15 00:00:00+09:00,1017.7985736699954,1017.7985736699954,972.1896381473686,999.7950439453125,8913,0.0,0.0
2010-04-16 00:00:00+09:00,985.3924918330137,1017.7987943444992,981.7917270882447,1000.9954833984375,12421,0.0,0.0
2010-04-19 00:00:00+09:00,1000.9955045480547,1008.1969374911762,972.1898694741433,997.3948364257812,21166,0.0,0.0
2010-04-20 00:00:00+09:00,984.1921808806248,997.3948238935527,954.1863234763115,976.9908447265625,16245,0.0,0.0
2010-04-21 00:00:00+09:00,976.9910394262231,984.1923770154041,972.1900510015098,981.7919311523438,25743,0.0,0.0
2010-04-22 00:00:00+09:00,964.9884244059784,1002.1957146629276,964.9884244059784,976.9908447265625,13510,0.0,0.0
2010-04-23 00:00:00+09:00,972.1898414436312,1080.2109456816536,972.1898414436312,1056.206298828125,76474,0.0,0.0
2010-04-26 00:00:00+09:00,1056.2062216612765,1101.8150666904949,1033.4017024481025,1089.812744140625,80272,0.0,0.0
2010-04-27 00:00:00+09:00,1087.4123701809428,1089.8128155084,1067.0083915004143,1080.2109375,10880,0.0,0.0
2010-04-28 00:00:00+09:00,1044.2039724627539,1100.615023341886,1021.3995462344157,1027.4007568359375,42890,0.0,0.0
2010-04-29 00:00:00+09:00,1056.2062812382676,1056.2062812382676,1010.5973369378396,1032.2015380859375,26155,0.0,0.0
2010-04-30 00:00:00+09:00,1032.2014404864033,1046.6043043556563,1020.1991183943996,1043.0035400390625,14906,0.0,0.0
2010-05-03 00:00:00+09:00,1056.2060591378406,1056.2060591378406,1020.1990003302433,1031.0010986328125,57043,0.0,0.0
2010-05-04 00:00:00+09:00,1029.8012093295902,1046.6045217681046,985.3925793545493,1044.2039794921875,5045,0.0,0.0
2010-05-06 00:00:00+09:00,1008.1968916321777,1040.6031933543245,984.1921484798476,1032.2015380859375,33409,0.0,0.0
2010-05-07 00:00:00+09:00,986.5929117998818,1075.4102783203125,986.5929117998818,1075.4102783203125,17084,0.0,0.0
2010-05-10 00:00:00+09:00,1074.2097356189856,1075.4100549903767,1055.0060761553057,1056.206298828125,15282,0.0,0.0
2010-05-11 00:00:00+09:00,1075.4100233627357,1075.4100233627357,1044.2038479929167,1069.4088134765625,12823,0.0,0.0
2010-05-12 00:00:00+09:00,1049.0048660926377,1076.610277663196,1049.0048660926377,1056.206298828125,6101,0.0,0.0
2010-05-13 00:00:00+09:00,1062.2074310722196,1079.0107421875,1056.2063176014578,1079.0107421875,28974,0.0,0.0
2010-05-14 00:00:00+09:00,1057.4065915903811,1238.6419677734375,1057.4065915903811,1238.6419677734375,476856,0.0,0.0
2010-05-17 00:00:00+09:00,1423.47802734375,1423.47802734375,1370.6676490739258,1423.47802734375,893402,0.0,0.0
2010-05-18 00:00:00+09:00,1512.2954506485262,1608.3141403494487,1418.6771097343694,1545.9019775390625,1154006,0.0,0.0
2010-05-19 00:00:00+09:00,1454.684241954939,1598.7123311076994,1404.2744010816145,1548.302490234375,468015,0.0,0.0
2010-05-20 00:00:00+09:00,1505.094165338736,1601.1129611701251,1481.0895147301824,1514.696044921875,383562,0.0,0.0
2010-05-24 00:00:00+09:00,1476.2883214037302,1649.122033179922,1476.2883214037302,1531.4991455078125,427185,0.0,0.0
2010-05-25 00:00:00+09:00,1519.4967021102668,1524.2976895109832,1303.45458984375,1303.45458984375,584380,0.0,0.0
2010-05-26 00:00:00+09:00,1341.8619899914302,1380.2694024910359,1255.445094295549,1308.25537109375,249823,0.0,0.0
2010-05-27 00:00:00+09:00,1274.6490486474506,1440.2813371479206,1238.6419789567856,1394.6724853515625,253377,0.0,0.0
2010-05-28 00:00:00+09:00,1428.2789263955362,1533.8995868516797,1421.0775902520018,1440.28125,357399,0.0,0.0
2010-05-31 00:00:00+09:00,1433.0798729677613,1512.295341875046,1399.4732517958403,1478.688720703125,435177,0.0,0.0
2010-06-01 00:00:00+09:00,1461.88569924682,1509.8949986144369,1423.4781823938597,1469.0870361328125,249136,0.0,0.0
2010-06-03 00:00:00+09:00,1488.29052734375,1548.302237477035,1478.6886498544818,1488.29052734375,211853,0.0,0.0
2010-06-04 00:00:00+09:00,1497.8926375785866,1608.3141975134124,1478.6888796161315,1543.5015869140625,248829,0.0,0.0
2010-06-07 00:00:00+09:00,1507.4943975630006,1507.4943975630006,1425.878481014358,1440.28125,166544,0.0,0.0
2010-06-08 00:00:00+09:00,1473.887661170433,1560.3045528109903,1411.4755100015323,1500.2928466796875,141078,0.0,0.0
2010-06-09 00:00:00+09:00,1502.693489332355,1531.4991236673568,1440.2812332572316,1447.482666015625,106811,0.0,0.0
2010-06-10 00:00:00+09:00,1421.0775110488553,1449.8830474146753,1404.2742009199872,1433.079833984375,122337,0.0,0.0
2010-06-11 00:00:00+09:00,1464.285993907501,1469.0868846698575,1428.2789263955362,1440.28125,88103,0.0,0.0
2010-06-14 00:00:00+09:00,1447.4827758364172,1476.288412356908,1433.0800059254614,1442.681884765625,98577,0.0,0.0
2010-06-15 00:00:00+09:00,1449.8829922442358,1483.4896112231847,1399.4731604743765,1435.480224609375,110635,0.0,0.0
2010-06-16 00:00:00+09:00,1440.281229182557,1464.2859727430998,1418.6770276670686,1459.4849853515625,74306,0.0,0.0
2010-06-17 00:00:00+09:00,1481.0892835656227,1481.0892835656227,1425.8784604050888,1459.4849853515625,49262,0.0,0.0
2010-06-18 00:00:00+09:00,1459.4849853515625,1459.4849853515625,1433.0798931431088,1459.4849853515625,40847,0.0,0.0
2010-06-21 00:00:00+09:00,1442.6819573971347,1548.3025332578004,1435.4805237298126,1541.1011962890625,166442,0.0,0.0
2010-06-22 00:00:00+09:00,1541.1011240561688,1560.3048818032064,1488.290741902525,1550.7030029296875,128584,0.0,0.0
2010-06-23 00:00:00+09:00,1584.3091260694569,1759.5433465888225,1562.7049282955197,1709.1334228515625,1510162,0.0,0.0
2010-06-24 00:00:00+09:00,1771.5457976699995,1771.5457976699995,1687.5294407665888,1699.5318603515625,358363,0.0,0.0
2010-06-25 00:00:00+09:00,1644.3210917495917,1718.7356700584382,1634.7193104953615,1665.92529296875,170768,0.0,0.0
2010-06-28 00:00:00+09:00,1663.5248000124939,1711.5340917029587,1545.9018226340063,1560.3046875,262069,0.0,0.0
2010-06-29 00:00:00+09:00,1560.3047761490577,1567.5061122926322,1469.0868846780477,1471.4874267578125,409457,0.0,0.0
2010-06-30 00:00:00+09:00,1445.0823522208218,1505.0940717074902,1437.880918806819,1483.4898681640625,253416,0.0,0.0
2010-07-01 00:00:00+09:00,1476.288412356908,1505.094048877399,1416.2766937805302,1442.681884765625,68541,0.0,0.0
2010-07-02 00:00:00+09:00,1428.2789263955362,1464.285993907501,1416.2766027910723,1440.28125,145757,0.0,0.0
2010-07-05 00:00:00+09:00,1440.2814094684409,1471.4875896732083,1433.0800725275722,1445.0823974609375,139890,0.0,0.0
2010-07-06 00:00:00+09:00,1440.281377400508,1452.2837987652229,1406.6748489956192,1428.279052734375,158277,0.0,0.0
2010-07-07 00:00:00+09:00,1409.0751701955242,1433.0799141072257,1353.8644429259002,1368.2672119140625,150242,0.0,0.0
2010-07-08 00:00:00+09:00,1368.2672076805718,1392.271951518001,1368.2672076805718,1380.26953125,114269,0.0,0.0
2010-07-09 00:00:00+09:00,1382.6700126294047,1449.8830603472647,1382.6700126294047,1437.8807373046875,165712,0.0,0.0
2010-07-12 00:00:00+09:00,1440.28125,1464.285993907501,1406.6747245677866,1440.28125,111794,0.0,0.0
2010-07-13 00:00:00+09:00,1423.4783382881349,1449.8834364924,1421.0778923965825,1425.8787841796875,103405,0.0,0.0
2010-07-14 00:00:00+09:00,1437.8808920148447,1478.6888527695198,1416.2766888739673,1454.6842041015625,248876,0.0,0.0
2010-07-15 00:00:00+09:00,1445.08228672917,1536.3000846110529,1442.6818412661517,1481.08935546875,287010,0.0,0.0
2010-07-16 00:00:00+09:00,1560.3049586230345,1651.5226673645936,1495.4922488611578,1509.89501953125,1286462,0.0,0.0
2010-07-19 00:00:00+09:00,1481.0890929817858,1519.4965036790297,1452.2834624349334,1500.2928466796875,185803,0.0,0.0
2010-07-20 00:00:00+09:00,1493.091542016278,1536.2999431667963,1478.6886771670602,1529.0985107421875,148140,0.0,0.0
2010-07-21 00:00:00+09:00,1538.700542908854,1538.700542908854,1485.8902587890625,1485.8902587890625,92627,0.0,0.0
2010-07-22 00:00:00+09:00,1485.8901444269136,1509.894790806952,1404.2742306964988,1461.885498046875,158644,0.0,0.0
2010-07-23 00:00:00+09:00,1461.8852915018847,1461.8852915018847,1411.4754638671875,1411.4754638671875,59782,0.0,0.0
2010-07-26 00:00:00+09:00,1416.276635509507,1471.4874607435088,1409.0752025010338,1457.0845947265625,160875,0.0,0.0
2010-07-27 00:00:00+09:00,1454.6840654534356,1481.0892538303337,1445.0821875617062,1461.885498046875,68072,0.0,0.0
2010-07-28 00:00:00+09:00,1461.8854548195964,1524.2976109210535,1452.28357721179,1512.2952880859375,210348,0.0,0.0
2010-07-29 00:00:00+09:00,1490.6910876430152,1512.2952880859375,1469.0867905015257,1512.2952880859375,38451,0.0,0.0
2010-07-30 00:00:00+09:00,1490.6912340193996,1550.7029507863153,1481.08935546875,1481.08935546875,53750,0.0,0.0
2010-08-02 00:00:00+09:00,1452.2836201551456,1497.892467616933,1452.2836201551456,1461.885498046875,22730,0.0,0.0
2010-08-03 00:00:00+09:00,1457.0847112909082,1483.4899033019642,1452.2838200335798,1469.0870361328125,35758,0.0,0.0
2010-08-04 00:00:00+09:00,1421.0775902599244,1488.2906411247263,1421.0775902599244,1471.4874267578125,68046,0.0,0.0
2010-08-05 00:00:00+09:00,1471.4874607435088,1502.6935415154587,1454.68414928993,1457.0845947265625,104735,0.0,0.0
2010-08-06 00:00:00+09:00,1447.4826951630741,1502.6935195915648,1418.6770602480233,1476.288330078125,52136,0.0,0.0
2010-08-09 00:00:00+09:00,1440.2812332572316,1488.290623815568,1440.2812332572316,1447.482666015625,55103,0.0,0.0
2010-08-10 00:00:00+09:00,1447.4825788141056,1478.6886566224157,1442.6816883967808,1464.285888671875,30719,0.0,0.0
2010-08-11 00:00:00+09:00,1440.28125000803,1490.6911832044912,1440.28125000803,1471.4874267578125,75975,0.0,0.0
2010-08-12 00:00:00+09:00,1469.08694701062,1512.2954491982468,1461.8856105614964,1485.8902587890625,74167,0.0,0.0
2010-08-13 00:00:00+09:00,1464.2860931022485,1512.295487470965,1464.2860931022485,1490.6912841796875,103422,0.0,0.0
2010-08-16 00:00:00+09:00,1325.0591028444976,1392.2722653624116,1267.4478206862857,1269.8482666015625,706216,0.0,0.0
2010-08-17 00:00:00+09:00,1269.8479423523183,1310.6558992862979,1253.0447285374014,1262.6466064453125,221958,0.0,0.0
2010-08-18 00:00:00+09:00,1272.2486748128695,1284.251097430743,1075.4102783203125,1075.4102783203125,1647452,0.0,0.0
2010-08-19 00:00:00+09:00,1101.815127883736,1101.815127883736,1045.4041797567947,1074.209716796875,308794,0.0,0.0
2010-08-20 00:00:00+09:00,1043.0035954289808,1091.0129830451503,1043.0035954289808,1082.611328125,117829,0.0,0.0
2010-08-23 00:00:00+09:00,1083.8117161308041,1097.014360176737,1045.404296875,1045.404296875,104164,0.0,0.0
2010-08-24 00:00:00+09:00,1045.40421913332,1062.2074335898537,1011.7975968231054,1021.3994750976562,78830,0.0,0.0
2010-08-25 00:00:00+09:00,1031.0012698056291,1031.0012698056291,974.5902274276511,982.9918823242188,261046,0.0,0.0
2010-08-26 00:00:00+09:00,986.5927464187736,1003.3959612096327,972.1898803710938,972.1898803710938,56466,0.0,0.0
2010-08-27 00:00:00+09:00,967.3892138770327,978.1913175690921,928.9816911058892,946.9852294921875,137966,0.0,0.0
2010-08-30 00:00:00+09:00,974.5903415619831,974.5903415619831,940.9838147386164,950.585693359375,74494,0.0,0.0
2010-08-31 00:00:00+09:00,948.1852478788297,955.3865843204658,924.1805029776444,950.585693359375,65528,0.0,0.0
2010-09-01 00:00:00+09:00,951.7859324586668,968.5892445084492,938.5833853901686,958.9873657226562,71735,0.0,0.0
2010-09-02 00:00:00+09:00,964.988479527165,978.1911232942421,951.7859324586668,958.9873657226562,71619,0.0,0.0
2010-09-03 00:00:00+09:00,958.9871620717776,981.7915830833132,958.9871620717776,962.5878295898438,129709,0.0,0.0
2010-09-06 00:00:00+09:00,966.1885260381753,1012.9975872840893,966.1885260381753,999.7950439453125,172652,0.0,0.0
2010-09-07 00:00:00+09:00,1012.9977561761351,1012.9977561761351,985.392442474247,1006.9966430664062,75942,0.0,0.0
2010-09-08 00:00:00+09:00,1006.9967713387381,1006.9967713387381,960.1875996274119,979.391357421875,112173,0.0,0.0
2010-09-09 00:00:00+09:00,972.1897063365784,979.3911380712691,956.5867170597335,962.5878295898438,47183,0.0,0.0
2010-09-10 00:00:00+09:00,976.9909129782208,976.9909129782208,956.5869323858278,963.7882690429688,45012,0.0,0.0
2010-09-13 00:00:00+09:00,966.1887023602535,994.9942391382755,962.5879377390738,984.192138671875,37620,0.0,0.0
2010-09-14 00:00:00+09:00,972.1899353235322,996.1946811936602,955.3866228843006,969.7894897460938,54040,0.0,0.0
2010-09-15 00:00:00+09:00,967.3889894875842,996.1946248843683,958.9873337428669,972.1898803710938,43655,0.0,0.0
2010-09-16 00:00:00+09:00,969.7895117276332,992.5939386273529,964.9885237653546,980.5916137695312,57446,0.0,0.0
2010-09-17 00:00:00+09:00,964.9882704042673,982.9918013134007,964.9882704042673,975.7904663085938,37653,0.0,0.0
2010-09-20 00:00:00+09:00,966.1886692296495,990.1933146210717,966.1886692296495,982.9918823242188,47503,0.0,0.0
2010-09-24 00:00:00+09:00,981.7918265871956,994.9943741264906,962.5880683308125,974.5903930664062,55222,0.0,0.0
2010-09-27 00:00:00+09:00,966.1886066989822,1004.5960174998592,966.1886066989822,994.994140625,37524,0.0,0.0
2010-09-28 00:00:00+09:00,976.990867953179,993.794082744038,969.789434929339,972.1898803710938,39042,0.0,0.0
2010-09-29 00:00:00+09:00,978.1911581760921,992.5939285190883,964.9885139382147,974.5903930664062,21822,0.0,0.0
2010-09-30 00:00:00+09:00,980.5916037834944,980.5916037834944,963.7882911345135,974.5903930664062,35366,0.0,0.0
2010-10-01 00:00:00+09:00,987.7927972462443,987.7927972462443,966.1885986328125,966.1885986328125,35075,0.0,0.0
2010-10-04 00:00:00+09:00,963.7881912489936,974.5902920613732,960.1875232110577,970.9896240234375,22506,0.0,0.0
2010-10-05 00:00:00+09:00,963.7882791039164,981.7918143318672,955.3866228843006,969.7894897460938,31561,0.0,0.0
2010-10-06 00:00:00+09:00,969.789434929339,979.3913133949337,950.5856779981495,972.1898803710938,59644,0.0,0.0
2010-10-07 00:00:00+09:00,960.1874692198118,976.990779182475,957.7870239961647,973.3900146484375,36425,0.0,0.0
2010-10-08 00:00:00+09:00,967.3890555862034,984.1922715251728,955.3866341601911,960.1876220703125,73514,0.0,0.0
2010-10-11 00:00:00+09:00,960.1874994633929,967.3889320597286,940.9837436722108,944.5844116210938,91155,0.0,0.0
2010-10-12 00:00:00+09:00,957.7871264995883,957.7871264995883,924.1805029776444,950.585693359375,56377,0.0,0.0
2010-10-13 00:00:00+09:00,957.7871551620179,972.18992517488,942.1840656743857,963.7882690429688,72722,0.0,0.0
2010-10-14 00:00:00+09:00,964.9885900749671,984.19234984651,964.9885900749671,968.58935546875,116255,0.0,0.0
2010-10-15 00:00:00+09:00,955.3864820739508,976.990779182475,955.3864820739508,973.3900146484375,80800,0.0,0.0
2010-10-18 00:00:00+09:00,974.5902608463446,984.192138671875,967.3889250011237,984.192138671875,82638,0.0,0.0
2010-10-19 00:00:00+09:00,984.1924138913716,1014.1982783996708,974.5905333807721,986.5929565429688,77328,0.0,0.0
2010-10-20 00:00:00+09:00,990.1932906931597,1053.8056671322388,987.7928455517372,1041.8033447265625,121938,0.0,0.0
2010-10-21 00:00:00+09:00,1039.4029504445336,1071.809251535113,1039.4029504445336,1051.4052734375,125406,0.0,0.0
2010-10-22 00:00:00+09:00,1055.0060761553057,1056.206298828125,1008.1969084224959,1056.206298828125,134587,0.0,0.0
2010-10-25 00:00:00+09:00,1062.2074397392985,1068.2086499576008,1034.602027452827,1055.006103515625,40758,0.0,0.0
2010-10-26 00:00:00+09:00,1038.2027574752142,1080.2109375,1023.7998921133287,1080.2109375,100887,0.0,0.0
2010-10-27 00:00:00+09:00,1079.0106677623305,1100.6148681640625,1070.6090127841978,1100.6148681640625,38910,0.0,0.0
2010-10-28 00:00:00+09:00,1094.6139780899084,1137.8223876953125,1085.01209854442,1137.8223876953125,90476,0.0,0.0
2010-10-29 00:00:00+09:00,1145.0236395949894,1176.229718984811,1104.2156821853328,1152.2249755859375,78596,0.0,0.0
2010-11-01 00:00:00+09:00,1105.415993634831,1164.2274891425973,1105.415993634831,1154.6256103515625,79576,0.0,0.0
2010-11-02 00:00:00+09:00,1157.0260734896356,1165.4277296470232,1109.01667880355,1117.4183349609375,64132,0.0,0.0
2010-11-03 00:00:00+09:00,1118.6183875889167,1137.8221425422882,1046.604354863056,1095.81396484375,101092,0.0,0.0
2010-11-04 00:00:00+09:00,1095.8139701560503,1111.4169606947016,1045.404137333714,1082.611328125,62300,0.0,0.0
2010-11-05 00:00:00+09:00,1104.2156900429427,1128.2203369140625,1065.8081776902939,1128.2203369140625,75847,0.0,0.0
2010-11-08 00:00:00+09:00,1128.220384843602,1248.243817695231,1115.0178381734672,1209.8363037109375,297719,0.0,0.0
2010-11-09 00:00:00+09:00,1224.2391858313495,1248.2438340364995,1189.4323395654471,1233.841064453125,265085,0.0,0.0
2010-11-10 00:00:00+09:00,1229.04016948893,1279.4500118805897,1205.0355194733147,1265.0472412109375,155037,0.0,0.0
2010-11-11 00:00:00+09:00,1226.6396980046075,1269.8481058025516,1214.6373732494653,1236.2415771484375,57420,0.0,0.0
2010-11-12 00:00:00+09:00,1221.838438869787,1253.044611684283,1169.028163650402,1195.433349609375,130485,0.0,0.0
2010-11-15 00:00:00+09:00,1178.6301140888588,1197.8338693101782,1147.4240360288563,1173.8292236328125,139134,0.0,0.0
2010-11-16 00:00:00+09:00,1157.025869763449,1207.4357011331585,1157.025869763449,1193.0328369140625,68306,0.0,0.0
2010-11-17 00:00:00+09:00,1165.4276182998178,1196.6336976896393,1148.6243075904636,1152.2249755859375,106164,0.0,0.0
2010-11-18 00:00:00+09:00,1176.229756613253,1243.4429049022965,1164.2274328791386,1229.0400390625,151829,0.0,0.0
2010-11-19 00:00:00+09:00,1236.2414400459907,1401.8738127333454,1226.6395619670343,1387.470947265625,657066,0.0,0.0
2010-11-22 00:00:00+09:00,1416.276612037712,1425.878490323687,1308.255505495138,1344.2625732421875,262198,0.0,0.0
2010-11-23 00:00:00+09:00,1368.2669928440273,1368.2669928440273,1267.447335973172,1313.0562744140625,224716,0.0,0.0
2010-11-24 00:00:00+09:00,1214.637298003778,1305.8550958700118,1214.637298003778,1257.845703125,125261,0.0,0.0
2010-11-25 00:00:00+09:00,1267.4475816740023,1296.2532173210095,1236.2415005643888,1257.845703125,108002,0.0,0.0
2010-11-26 00:00:00+09:00,1260.2460391852537,1269.8479169007142,1178.630126953125,1178.630126953125,126812,0.0,0.0
2010-11-29 00:00:00+09:00,1178.630312820184,1195.433625646722,1116.2181461767327,1133.0213623046875,174405,0.0,0.0
2010-11-30 00:00:00+09:00,1140.2227336935441,1176.2298030149218,1140.2227336935441,1148.6243896484375,111289,0.0,0.0
2010-12-01 00:00:00+09:00,1134.221469226775,1161.8267822265625,1128.2202595711105,1161.8267822265625,32274,0.0,0.0
2010-12-02 00:00:00+09:00,1179.8303797895253,1212.2366816469969,1165.4276111968393,1207.435791015625,77645,0.0,0.0
2010-12-03 00:00:00+09:00,1200.2342397663367,1233.8408576593135,1177.429818123646,1195.433349609375,25591,0.0,0.0
2010-12-06 00:00:00+09:00,1183.4313258495554,1236.2416143818837,1165.427789825316,1191.8328857421875,73679,0.0,0.0
2010-12-07 00:00:00+09:00,1158.2261137889218,1205.0352783203125,1152.2249041366945,1205.0352783203125,126498,0.0,0.0
2010-12-08 00:00:00+09:00,1205.0353583135006,1219.4381270569459,1164.2274007254055,1212.2366943359375,51684,0.0,0.0
2010-12-09 00:00:00+09:00,1212.2366302871594,1212.2366302871594,1179.8303298026726,1197.8338623046875,9827,0.0,0.0
2010-12-10 00:00:00+09:00,1163.0269542556387,1207.4356717003404,1154.6253964809555,1195.433349609375,90872,0.0,0.0
2010-12-13 00:00:00+09:00,1197.8339797654899,1217.0377367576366,1189.4323239941036,1209.8363037109375,24208,0.0,0.0
2010-12-14 00:00:00+09:00,1221.8387823028334,1236.2416502191825,1200.2345771268979,1226.6397705078125,105408,0.0,0.0
2010-12-15 00:00:00+09:00,1224.2392151429942,1231.4405517578125,1207.4359029779255,1231.4405517578125,41091,0.0,0.0
2010-12-16 00:00:00+09:00,1236.241522268687,1238.6419677734375,1212.2367771254494,1238.6419677734375,34392,0.0,0.0
2010-12-17 00:00:00+09:00,1243.4432373046875,1272.2487832875497,1217.0380406720305,1243.4432373046875,161993,0.0,0.0
2010-12-20 00:00:00+09:00,1214.6370643223229,1214.6370643223229,1177.4297800158477,1190.63232421875,80952,0.0,0.0
2010-12-21 00:00:00+09:00,1196.6338063166106,1224.239220216898,1194.233360768389,1219.438232421875,28818,0.0,0.0
2010-12-22 00:00:00+09:00,1183.4311938098792,1231.440488919834,1183.4311938098792,1217.0377197265625,33729,0.0,0.0
2010-12-23 00:00:00+09:00,1231.4404546320086,1231.4404546320086,1200.234375,1200.234375,34973,0.0,0.0
2010-12-24 00:00:00+09:00,1221.8385526494676,1221.8385526494676,1178.6301504189273,1189.4322509765625,61307,0.0,0.0
2010-12-27 00:00:00+09:00,1177.4297800158477,1205.0351876206055,1177.4297800158477,1190.63232421875,29733,0.0,0.0
2010-12-28 00:00:00+09:00,1193.032938212296,1212.2366943359375,1167.828068736624,1212.2366943359375,37488,0.0,0.0
2010-12-29 00:00:00+09:00,1274.7230786558314,1274.7230786558314,1234.7317553285436,1254.7274169921875,44959,60.60606,0.0
2010-12-30 00:00:00+09:00,1272.224034743175,1297.2186717789793,1262.2262000660874,1294.71923828125,111375,0.0,0.0
2011-01-03 00:00:00+09:00,1299.7176666528192,1362.2040871253892,1292.2192680039925,1354.7056884765625,234969,0.0,0.0
2011-01-04 00:00:00+09:00,1344.7076725349577,1372.2017300147554,1329.710977982601,1359.7044677734375,103834,0.0,0.0
2011-01-05 00:00:00+09:00,1359.7044677734375,1387.1985252532352,1347.2072055321196,1359.7044677734375,77972,0.0,0.0
2011-01-06 00:00:00+09:00,1349.7068590157714,1367.2030894323475,1324.7122297512142,1337.2095947265625,86908,0.0,0.0
2011-01-07 00:00:00+09:00,1337.2097653660326,1357.2054310548415,1332.210798600754,1349.70703125,32396,0.0,0.0
2011-01-10 00:00:00+09:00,1349.7067670695985,1397.196488956814,1349.7067670695985,1374.7012939453125,126192,0.0,0.0
2011-01-11 00:00:00+09:00,1362.2041158415398,1382.1997788691747,1352.2062843277224,1369.7025146484375,34650,0.0,0.0
2011-01-12 00:00:00+09:00,1362.2042236328125,1387.1988547382516,1339.70912611822,1362.2042236328125,126419,0.0,0.0
2011-01-13 00:00:00+09:00,1352.2062917363855,1367.2030894323475,1337.2095947265625,1337.2095947265625,51760,0.0,0.0
2011-01-14 00:00:00+09:00,1327.2119442609614,1354.7059093116468,1317.214111328125,1317.214111328125,35339,0.0,0.0
2011-01-17 00:00:00+09:00,1327.2116466169084,1349.7067404994418,1299.7175870459619,1304.716552734375,47506,0.0,0.0
2011-01-18 00:00:00+09:00,1314.714678266454,1322.2129774514667,1284.7211794679447,1317.214111328125,28904,0.0,0.0
2011-01-19 00:00:00+09:00,1344.7079147388645,1344.7079147388645,1312.2149867844807,1334.7100830078125,28548,0.0,0.0
2011-01-20 00:00:00+09:00,1329.7113691224165,1337.20976894734,1267.2249388490757,1324.71240234375,26030,0.0,0.0
2011-01-21 00:00:00+09:00,1322.2128408754963,1322.2128408754963,1294.718878664758,1309.715576171875,20727,0.0,0.0
2011-01-24 00:00:00+09:00,1317.2139542051302,1319.7133869686577,1279.7220600076512,1287.220458984375,46912,0.0,0.0
2011-01-25 00:00:00+09:00,1274.723568927075,1309.7159399537961,1274.723568927075,1294.71923828125,34676,0.0,0.0
2011-01-26 00:00:00+09:00,1294.7190293191495,1307.2162954769612,1269.7243963173719,1299.7178955078125,78358,0.0,0.0
2011-01-27 00:00:00+09:00,1299.7179131683574,1327.2119796380555,1289.7200799690268,1322.2130126953125,94360,0.0,0.0
2011-01-28 00:00:00+09:00,1324.7122941468888,1349.7069246264616,1299.71776435346,1332.210693359375,98019,0.0,0.0
2011-01-31 00:00:00+09:00,1307.2160787648925,1349.706837068969,1284.7209832728684,1289.7198486328125,129548,0.0,0.0
2011-02-01 00:00:00+09:00,1314.7145958251883,1314.7145958251883,1249.728635493723,1274.7232666015625,149585,0.0,0.0
2011-02-07 00:00:00+09:00,1297.2182907246267,1327.2117859453817,1274.7231944805958,1287.220458984375,92957,0.0,0.0
2011-02-08 00:00:00+09:00,1287.2204994567458,1349.7069246264616,1287.2204994567458,1332.210693359375,168930,0.0,0.0
2011-02-09 00:00:00+09:00,1309.7157293083062,1347.2076284889934,1309.7157293083062,1339.709228515625,33933,0.0,0.0
2011-02-10 00:00:00+09:00,1324.7123533458189,1349.7069849423551,1289.7199899340462,1312.215087890625,45559,0.0,0.0
2011-02-11 00:00:00+09:00,1327.2117859453817,1329.7112187089094,1274.7231944805958,1287.220458984375,32178,0.0,0.0
2011-02-14 00:00:00+09:00,1309.715576171875,1317.2139752685048,1277.2226476680025,1309.715576171875,21714,0.0,0.0
2011-02-15 00:00:00+09:00,1317.213895749692,1317.213895749692,1267.224739266857,1307.216064453125,42738,0.0,0.0
2011-02-16 00:00:00+09:00,1312.2148718711464,1314.714405099626,1277.222514219887,1302.217041015625,113447,0.0,0.0
2011-02-17 00:00:00+09:00,1302.2172830019686,1314.7146494083102,1262.2259521484375,1262.2259521484375,89103,0.0,0.0
2011-02-18 00:00:00+09:00,1294.718956527813,1399.6961474492791,1267.2248919774677,1312.215087890625,298376,0.0,0.0
2011-02-21 00:00:00+09:00,1337.2098128373862,1337.2098128373862,1299.7179131683574,1322.2130126953125,114998,0.0,0.0
2011-02-22 00:00:00+09:00,1322.212775530863,1322.212775530863,1274.7231518668423,1289.7198486328125,77424,0.0,0.0
2011-02-23 00:00:00+09:00,1289.7198341889527,1309.715496777069,1279.7220028948946,1282.221435546875,66947,0.0,0.0
2011-02-24 00:00:00+09:00,1299.7176723597818,1299.7176723597818,1237.2312516128386,1249.728515625,49196,0.0,0.0
2011-02-25 00:00:00+09:00,1259.7264113065144,1287.2204740863076,1249.728579448966,1269.7242431640625,45721,0.0,0.0
2011-02-28 00:00:00+09:00,1274.7232248091334,1279.722090455123,1224.7340649185203,1252.22802734375,62792,0.0,0.0
2011-03-02 00:00:00+09:00,1249.7286978358497,1249.7286978358497,1224.7341661673165,1229.7330322265625,48282,0.0,0.0
2011-03-03 00:00:00+09:00,1204.7384843696373,1259.7265137132126,1204.7384843696373,1247.229248046875,60769,0.0,0.0
2011-03-04 00:00:00+09:00,1269.7243001055358,1274.7232666015625,1237.2313702828765,1274.7232666015625,73989,0.0,0.0
2011-03-07 00:00:00+09:00,1282.2216624751836,1314.71469544611,1269.7243963173719,1299.7178955078125,95703,0.0,0.0
2011-03-08 00:00:00+09:00,1304.716837287541,1329.7113691224165,1279.7222047665134,1324.71240234375,103405,0.0,0.0
2011-03-09 00:00:00+09:00,1324.7122444027661,1329.7112105854228,1289.7198838687316,1319.71337890625,50453,0.0,0.0
2011-03-10 00:00:00+09:00,1302.21725538924,1322.2129203920097,1264.7254590236585,1312.215087890625,20902,0.0,0.0
2011-03-11 00:00:00+09:00,1297.2182907246267,1304.7166897013508,1262.2258292906754,1287.220458984375,39448,0.0,0.0
2011-03-14 00:00:00+09:00,1249.728544468328,1262.225808768922,1200.9891029412581,1239.730712890625,82935,0.0,0.0
2011-03-15 00:00:00+09:00,1242.2301386793304,1248.4788211378166,1124.7556938116713,1199.7393798828125,87697,0.0,0.0
2011-03-16 00:00:00+09:00,1219.7351385760035,1287.2205318124088,1154.7492789306848,1274.7232666015625,101234,0.0,0.0
2011-03-17 00:00:00+09:00,1249.728844218512,1287.2207467989479,1224.7343096223306,1284.7213134765625,21159,0.0,0.0
2011-03-18 00:00:00+09:00,1277.222514219887,1307.2160067864518,1274.7230816775395,1302.217041015625,34633,0.0,0.0
2011-03-21 00:00:00+09:00,1309.7155114927978,1322.2127755792533,1289.719848680014,1314.7144775390625,70194,0.0,0.0
2011-03-22 00:00:00+09:00,1319.7135443897957,1324.7124105131375,1287.2206125296157,1317.214111328125,172629,0.0,0.0
2011-03-23 00:00:00+09:00,1319.7133643099864,1344.7078928884043,1309.7155327413914,1337.2095947265625,158149,0.0,0.0
2011-03-24 00:00:00+09:00,1342.2083740234375,1359.704603317087,1322.2127121695903,1342.2083740234375,67445,0.0,0.0
2011-03-25 00:00:00+09:00,1359.7047566810618,1359.7047566810618,1299.71776435346,1332.210693359375,121403,0.0,0.0
2011-03-28 00:00:00+09:00,1332.2107267179736,1374.7014888424587,1292.2193974981883,1362.2042236328125,144599,0.0,0.0
2011-03-29 00:00:00+09:00,1334.7104357613675,1472.1806835671823,1334.7104357613675,1454.6844482421875,419822,0.0,0.0
2011-03-30 00:00:00+09:00,1462.1824506747496,1587.1552959377345,1457.1834845074372,1537.1661376953125,319832,0.0,0.0
2011-03-31 00:00:00+09:00,1562.1608612187679,1587.155391501853,1502.1738677159883,1547.1640625,295848,0.0,0.0
2011-04-01 00:00:00+09:00,1547.1640424124414,1549.6634752710693,1499.6743146677857,1524.6689453125,205002,0.0,0.0
2011-04-04 00:00:00+09:00,1554.6623682516954,1554.6623682516954,1512.1716089171716,1537.1661376953125,97848,0.0,0.0
2011-04-05 00:00:00+09:00,1539.6655704358986,1544.664536603211,1492.1759456202028,1537.1661376953125,237798,0.0,0.0
2011-04-06 00:00:00+09:00,1527.168440751911,1544.6646728515625,1507.172775691209,1544.6646728515625,153568,0.0,0.0
2011-04-07 00:00:00+09:00,1544.6646003297187,1612.149891226549,1534.6667682687648,1557.161865234375,201606,0.0,0.0
2011-04-08 00:00:00+09:00,1549.6636741422699,1597.1534079813707,1537.1664075591877,1552.1632080078125,142236,0.0,0.0
2011-04-11 00:00:00+09:00,1554.6625243948242,1567.1597900390625,1524.6690264369624,1567.1597900390625,140088,0.0,0.0
2011-04-12 00:00:00+09:00,1549.663380663264,1574.6580097820424,1489.6763916015625,1489.6763916015625,128881,0.0,0.0
2011-04-13 00:00:00+09:00,1489.6764918302758,1524.6689548137078,1449.6852637845823,1492.176025390625,138553,0.0,0.0
2011-04-14 00:00:00+09:00,1492.1760178216737,1507.172715676971,1467.181387147985,1499.67431640625,50671,0.0,0.0
2011-04-15 00:00:00+09:00,1522.16957482981,1547.164105812613,1487.1771106305068,1544.6646728515625,158119,0.0,0.0
2011-04-18 00:00:00+09:00,1539.6656449352358,1549.6634770674825,1492.1760178216737,1499.67431640625,132801,0.0,0.0
2011-04-19 00:00:00+09:00,1499.674115143278,1512.1714791459926,1474.6795885101114,1497.1746826171875,89743,0.0,0.0
2011-04-20 00:00:00+09:00,1522.1695322169148,1547.1640625,1502.1738677159883,1547.1640625,146265,0.0,0.0
2011-04-21 00:00:00+09:00,1557.1617575512887,1627.1465771382748,1547.1639261817193,1564.66015625,285080,0.0,0.0
2011-04-22 00:00:00+09:00,1552.1629931525786,1564.6602580057502,1497.174866700793,1542.1651611328125,165376,0.0,0.0
2011-04-25 00:00:00+09:00,1527.1683979990735,1549.6634953910793,1482.1782032150616,1547.1640625,70372,0.0,0.0
2011-04-26 00:00:00+09:00,1572.1587344723716,1572.1587344723716,1507.1728693306452,1529.66796875,51866,0.0,0.0
2011-04-27 00:00:00+09:00,1517.170546050471,1544.6646095538133,1502.1738482125584,1524.6689453125,52318,0.0,0.0
2011-04-28 00:00:00+09:00,1514.6710993907084,1522.1694985844144,1499.6743010032963,1517.1705322265625,47671,0.0,0.0
2011-04-29 00:00:00+09:00,1502.1739232970938,1534.666854141816,1449.6853272115966,1487.1771240234375,81939,0.0,0.0
2011-05-02 00:00:00+09:00,1487.1769588955262,1499.674223111846,1457.1834643646755,1489.6763916015625,48008,0.0,0.0
2011-05-03 00:00:00+09:00,1487.1772897073295,1497.1751234415588,1467.1816222388711,1484.6778564453125,40415,0.0,0.0
2011-05-04 00:00:00+09:00,1497.1749646727046,1497.1749646727046,1449.685334985804,1479.6788330078125,18661,0.0,0.0
2011-05-06 00:00:00+09:00,1439.6874409726768,1477.1792363882043,1429.6896087246403,1459.68310546875,28759,0.0,0.0
2011-05-09 00:00:00+09:00,1429.6897329580927,1482.1783316497654,1422.1913329489523,1474.679931640625,14110,0.0,0.0
2011-05-11 00:00:00+09:00,1489.676630972751,1489.676630972751,1427.190199164276,1474.679931640625,15783,0.0,0.0
2011-05-12 00:00:00+09:00,1477.1792664616064,1477.1792664616064,1437.18793665529,1449.685302734375,8302,0.0,0.0
2011-05-13 00:00:00+09:00,1472.1804499745335,1472.1804499745335,1424.6907190645866,1462.1826171875,52252,0.0,0.0
2011-05-16 00:00:00+09:00,1462.1825681273117,1474.6798335202486,1412.1934058694164,1449.685302734375,39850,0.0,0.0
2011-05-17 00:00:00+09:00,1472.1801477808413,1484.6774110277881,1434.6882573538699,1482.177978515625,98412,0.0,0.0
2011-05-18 00:00:00+09:00,1497.1748111013749,1537.1661376953125,1474.67971506382,1537.1661376953125,185232,0.0,0.0
2011-05-19 00:00:00+09:00,1559.6613276415426,1612.1499217849382,1524.6689651079942,1547.1640625,221030,0.0,0.0
2011-05-20 00:00:00+09:00,1549.6632080078125,1562.1605715178796,1539.6653776114354,1549.6632080078125,35847,0.0,0.0
2011-05-23 00:00:00+09:00,1567.1597818900973,1567.1597818900973,1499.6743866642832,1512.1717529296875,136953,0.0,0.0
2011-05-24 00:00:00+09:00,1449.6851937661033,1519.6699149804776,1449.6851937661033,1504.6732177734375,71190,0.0,0.0
2011-05-25 00:00:00+09:00,1479.6784758503366,1514.6708314199893,1479.6784758503366,1494.6751708984375,26357,0.0,0.0
2011-05-26 00:00:00+09:00,1464.6817545270094,1572.1583597759397,1464.6817545270094,1554.6622314453125,83529,0.0,0.0
2011-05-27 00:00:00+09:00,1577.1573622367612,1577.1573622367612,1534.66660565167,1559.6611328125,42560,0.0,0.0
2011-05-30 00:00:00+09:00,1549.6632080078125,1557.1616059766272,1537.165945183873,1549.6632080078125,27396,0.0,0.0
2011-05-31 00:00:00+09:00,1562.1609592147645,1584.6560580179116,1507.1728280446803,1572.15869140625,151159,0.0,0.0
2011-06-01 00:00:00+09:00,1562.1609240558273,1587.1554553443036,1554.6625243948242,1567.1597900390625,38339,0.0,0.0
2011-06-02 00:00:00+09:00,1519.6699789090992,1567.1597066537547,1512.1716803332151,1524.6689453125,59284,0.0,0.0
2011-06-03 00:00:00+09:00,1562.1608409364987,1562.1608409364987,1517.170546050471,1524.6689453125,35788,0.0,0.0
2011-06-07 00:00:00+09:00,1484.6776260818688,1542.1651863054237,1484.6776260818688,1492.176025390625,75867,0.0,0.0
2011-06-08 00:00:00+09:00,1477.1792267731125,1522.1695219395042,1474.679793898909,1492.176025390625,33858,0.0,0.0
2011-06-09 00:00:00+09:00,1512.1714791459926,1512.1714791459926,1474.6795885101114,1497.1746826171875,16407,0.0,0.0
2011-06-10 00:00:00+09:00,1484.677688106408,1532.1674181309545,1449.6853243472654,1512.1717529296875,148925,0.0,0.0
2011-06-13 00:00:00+09:00,1524.6689548137078,1524.6689548137078,1462.1825288417456,1492.176025390625,31689,0.0,0.0
2011-06-14 00:00:00+09:00,1462.182247722447,1507.1724335528759,1462.182247722447,1494.6751708984375,32739,0.0,0.0
2011-06-15 00:00:00+09:00,1484.6775896398,1509.672119140625,1467.181358577537,1509.672119140625,18602,0.0,0.0
2011-06-16 00:00:00+09:00,1497.1746032920998,1499.6740356857624,1459.6828153287847,1494.6751708984375,24872,0.0,0.0
2011-06-17 00:00:00+09:00,1472.180077983223,1497.1746032920998,1452.184417461671,1494.6751708984375,22103,0.0,0.0
2011-06-20 00:00:00+09:00,1499.6741353102334,1499.6741353102334,1437.187717200896,1472.18017578125,70316,0.0,0.0
2011-06-21 00:00:00+09:00,1449.685269120209,1482.1781986628835,1399.696108021423,1419.6917724609375,124905,0.0,0.0
2011-06-22 00:00:00+09:00,1434.6883247039832,1434.6883247039832,1374.7013374792475,1397.196533203125,106322,0.0,0.0
2011-06-23 00:00:00+09:00,1377.2010126598052,1409.6939422487533,1374.701479086697,1394.6971435546875,35098,0.0,0.0
2011-06-24 00:00:00+09:00,1397.19666153445,1424.6906243564824,1387.198829412035,1412.193359375,15519,0.0,0.0
2011-06-27 00:00:00+09:00,1379.7004079467401,1437.1878662109375,1379.7004079467401,1437.1878662109375,16120,0.0,0.0
2011-06-28 00:00:00+09:00,1442.1869497276077,1442.1869497276077,1412.1934514057273,1422.1912841796875,21357,0.0,0.0
2011-06-29 00:00:00+09:00,1437.1879528531176,1437.1879528531176,1399.6961562517558,1432.1890869140625,15229,0.0,0.0
2011-06-30 00:00:00+09:00,1397.1966390509556,1447.1856981724686,1397.1966390509556,1437.1878662109375,3247,0.0,0.0
2011-07-01 00:00:00+09:00,1444.6862434917357,1444.6862434917357,1407.194349031808,1439.6873779296875,21753,0.0,0.0
2011-07-04 00:00:00+09:00,1422.1911959222493,1469.6809238230105,1404.6949644820513,1452.1846923828125,34019,0.0,0.0
2011-07-05 00:00:00+09:00,1479.6787622438187,1479.6787622438187,1429.6896012644809,1467.181396484375,9923,0.0,0.0
2011-07-06 00:00:00+09:00,1467.1812444601244,1474.6796430016034,1424.690487201969,1429.689453125,51519,0.0,0.0
2011-07-07 00:00:00+09:00,1417.1923174496317,1439.6875167056555,1409.694018383775,1422.1912841796875,80797,0.0,0.0
2011-07-08 00:00:00+09:00,1434.6884333920905,1442.1868325347748,1414.692769469028,1437.1878662109375,67758,0.0,0.0
2011-07-11 00:00:00+09:00,1424.6906151808262,1447.185712139845,1424.6906151808262,1444.686279296875,36045,0.0,0.0
2011-07-12 00:00:00+09:00,1444.6862653536218,1444.6862653536218,1419.691735792865,1437.1878662109375,82269,0.0,0.0
2011-07-13 00:00:00+09:00,1437.1878444625218,1479.678705170639,1427.190012652284,1439.6873779296875,65112,0.0,0.0
2011-07-14 00:00:00+09:00,1439.687370640206,1447.1856689453125,1424.6905726577108,1447.1856689453125,48645,0.0,0.0
2011-07-15 00:00:00+09:00,1449.685265656216,1469.680930047951,1424.6906348234743,1467.181396484375,81500,0.0,0.0
2011-07-18 00:00:00+09:00,1472.1803610247055,1494.6754582648284,1444.6862973500297,1492.176025390625,28660,0.0,0.0
2011-07-19 00:00:00+09:00,1464.6819542864596,1522.1695142184133,1464.6819542864596,1499.67431640625,42956,0.0,0.0
2011-07-20 00:00:00+09:00,1499.674243841961,1549.663402084383,1499.674243841961,1537.1661376953125,106900,0.0,0.0
2011-07-21 00:00:00+09:00,1527.1683843839367,1544.6646158378,1517.1705522226068,1539.6656494140625,175569,0.0,0.0
2011-07-22 00:00:00+09:00,1557.1618947504633,1557.1618947504633,1524.6689651079942,1547.1640625,89548,0.0,0.0
2011-07-25 00:00:00+09:00,1547.163984346474,1547.163984346474,1517.1704891101772,1519.669921875,55255,0.0,0.0
2011-07-26 00:00:00+09:00,1537.1661526010419,1537.1661526010419,1509.6720901295678,1519.669921875,46533,0.0,0.0
2011-07-27 00:00:00+09:00,1524.6689453125,1527.1683781711279,1504.6732810711865,1524.6689453125,67320,0.0,0.0
2011-07-28 00:00:00+09:00,1532.1672722141404,1537.1661376953125,1507.1726427498593,1537.1661376953125,31211,0.0,0.0
2011-07-29 00:00:00+09:00,1537.166180857643,1537.166180857643,1512.1716513776767,1534.666748046875,70893,0.0,0.0
2011-08-01 00:00:00+09:00,1524.6689453125,1544.6646095538133,1522.169512453872,1524.6689453125,70695,0.0,0.0
2011-08-02 00:00:00+09:00,1512.1715166757565,1532.1671787530038,1499.6741523628764,1527.168212890625,88961,0.0,0.0
2011-08-03 00:00:00+09:00,1487.1770589560724,1519.6699883791553,1474.679793898909,1492.176025390625,18242,0.0,0.0
2011-08-04 00:00:00+09:00,1509.67209227138,1509.67209227138,1429.6895388805895,1447.1856689453125,62492,0.0,0.0
2011-08-05 00:00:00+09:00,1299.7178797465222,1389.6983762266775,1284.7211806762396,1357.2054443359375,98623,0.0,0.0
2011-08-08 00:00:00+09:00,1287.220551331551,1352.2064119623017,1277.2227188740396,1297.2183837890625,175464,0.0,0.0
2011-08-09 00:00:00+09:00,1190.991315822096,1247.229052862813,1104.759984778151,1212.2366943359375,211150,0.0,0.0
2011-08-10 00:00:00+09:00,1262.2259636701165,1294.718995799822,1184.7428349487418,1229.7330322265625,74972,0.0,0.0
2011-08-11 00:00:00+09:00,1111.0086809037323,1372.2019085424172,1111.0086809037323,1242.2301025390625,80295,0.0,0.0
2011-08-12 00:00:00+09:00,1317.2141285404414,1317.2141285404414,1205.9882482949931,1299.7178955078125,37877,0.0,0.0
2011-08-16 00:00:00+09:00,1342.2085299897997,1342.2085299897997,1254.7275747284175,1259.7264404296875,145797,0.0,0.0
2011-08-17 00:00:00+09:00,1277.2229128232425,1287.2207467989479,1249.728844218512,1284.7213134765625,48668,0.0,0.0
2011-08-18 00:00:00+09:00,1297.2183894816221,1319.7134874382007,1272.2237578850857,1312.215087890625,61960,0.0,0.0
2011-08-19 00:00:00+09:00,1312.2151100607507,1312.2151100607507,1198.4898011933933,1247.229248046875,32752,0.0,0.0
2011-08-22 00:00:00+09:00,1247.2289802249359,1294.7187003827617,1114.7577509610178,1224.73388671875,36346,0.0,0.0
2011-08-23 00:00:00+09:00,1227.2337044333083,1234.7321048513234,1178.4942527454507,1207.238037109375,168022,0.0,0.0
2011-08-24 00:00:00+09:00,1232.2326760695746,1232.2326760695746,1175.9948237600515,1203.4888916015625,21535,0.0,0.0
2011-08-25 00:00:00+09:00,1242.230244489133,1242.230244489133,1194.7406162296993,1220.98486328125,17747,0.0,0.0
2011-08-26 00:00:00+09:00,1222.2346050438537,1222.2346050438537,1149.7503499782915,1214.7362060546875,13691,0.0,0.0
2011-08-29 00:00:00+09:00,1224.7340737902193,1224.7340737902193,1187.2421784291407,1219.735107421875,16929,0.0,0.0
2011-08-30 00:00:00+09:00,1224.7340673156953,1244.729731311078,1204.7384033203125,1204.7384033203125,21473,0.0,0.0
2011-08-31 00:00:00+09:00,1229.7329204528644,1243.4800022385855,1199.739424765122,1240.98046875,17440,0.0,0.0
2011-09-01 00:00:00+09:00,1235.9816661191621,1269.724312729778,1207.2378853681275,1217.2357177734375,61746,0.0,0.0
2011-09-02 00:00:00+09:00,1209.737318297918,1227.2335501787475,1193.4909035681317,1217.2357177734375,75117,0.0,0.0
2011-09-05 00:00:00+09:00,1192.2411638909302,1230.9826756068505,1168.4962494617776,1198.48974609375,94030,0.0,0.0
2011-09-06 00:00:00+09:00,1157.248662708449,1204.7383893170218,1152.2497971107796,1197.239990234375,60135,0.0,0.0
2011-09-07 00:00:00+09:00,1223.4843573696694,1223.4843573696694,1178.4940627991461,1219.735107421875,26442,0.0,0.0
2011-09-08 00:00:00+09:00,1248.4789314542627,1248.4789314542627,1188.4919370224027,1217.2357177734375,11474,0.0,0.0
2011-09-09 00:00:00+09:00,1184.7426829430399,1248.4788211378166,1184.7426829430399,1199.7393798828125,12648,0.0,0.0
2011-09-14 00:00:00+09:00,1205.9880623412987,1205.9880623412987,1167.2464526081894,1199.7393798828125,11840,0.0,0.0
2011-09-15 00:00:00+09:00,1199.7392858161304,1199.7392858161304,1167.2463610891455,1189.741455078125,27330,0.0,0.0
2011-09-16 00:00:00+09:00,1198.4897499195977,1239.730795334442,1180.9936190097046,1194.7406005859375,36210,0.0,0.0
2011-09-19 00:00:00+09:00,1237.2310807217175,1237.2310807217175,1169.7457032795678,1175.994384765625,15338,0.0,0.0
2011-09-20 00:00:00+09:00,1160.998012850339,1194.7406606068678,1157.2487626421794,1174.7449951171875,11559,0.0,0.0
2011-09-21 00:00:00+09:00,1174.7449225128726,1232.2324824142613,1154.7492582590107,1187.2421875,28409,0.0,0.0
2011-09-22 00:00:00+09:00,1187.2422033062878,1187.2422033062878,1141.0022920324604,1169.7459716796875,5458,0.0,0.0
2011-09-23 00:00:00+09:00,1119.756953073006,1142.2520513304485,1039.7742919921875,1039.7742919921875,101115,0.0,0.0
2011-09-26 00:00:00+09:00,1062.269098422288,1062.269098422288,949.793537348293,981.0367431640625,41837,0.0,0.0
2011-09-27 00:00:00+09:00,949.7937190766487,974.788348923274,937.2964544964068,952.2931518554688,225211,0.0,0.0
2011-09-28 00:00:00+09:00,957.2920018319255,959.7914343071785,944.7947387695312,944.7947387695312,34052,0.0,0.0
2011-09-29 00:00:00+09:00,969.789230364435,969.789230364435,928.5481932466533,962.2908325195312,31082,0.0,0.0
2011-09-30 00:00:00+09:00,952.2930022883683,968.5395141713053,912.3016813637162,962.2908325195312,135488,0.0,0.0
2011-10-04 00:00:00+09:00,936.0468616648075,936.0468616648075,874.8101463836446,908.5527954101562,101620,0.0,0.0
2011-10-05 00:00:00+09:00,924.7991769871629,924.7991769871629,874.810018678919,897.3051147460938,11979,0.0,0.0
2011-10-06 00:00:00+09:00,943.5450679109689,943.5450679109689,891.0563792894774,913.5515747070312,6722,0.0,0.0
2011-10-07 00:00:00+09:00,914.8013339946833,947.2942613210458,914.8013339946833,934.7969970703125,9636,0.0,0.0
2011-10-10 00:00:00+09:00,937.2963634657477,972.2887210291793,937.2963634657477,967.2898559570312,19433,0.0,0.0
2011-10-11 00:00:00+09:00,968.5398506772232,999.7830684188704,968.5398506772232,992.28466796875,49830,0.0,0.0
2011-10-12 00:00:00+09:00,974.7883089908422,1024.7773652639964,969.7893429518443,1023.5276489257812,46932,0.0,0.0
2011-10-13 00:00:00+09:00,1036.024826285296,1036.024826285296,1014.779448941469,1029.7762451171875,15731,0.0,0.0
2011-10-14 00:00:00+09:00,1029.776432349834,1049.772097095626,986.0359534757199,1024.7774658203125,8527,0.0,0.0
2011-10-17 00:00:00+09:00,1073.5168578959835,1073.5168578959835,1014.7795830372814,1037.2747802734375,5854,0.0,0.0
2011-10-18 00:00:00+09:00,1007.2812995938821,1049.7720605269944,1006.0315831765722,1019.778564453125,20321,0.0,0.0
2011-10-19 00:00:00+09:00,1054.7709629390001,1054.7709629390001,1009.7807676040424,1024.7774658203125,17028,0.0,0.0
2011-10-20 00:00:00+09:00,1007.281381309671,1058.520262006855,989.7851486756613,1018.5289306640625,16935,0.0,0.0
2011-10-21 00:00:00+09:00,1037.2748318010429,1037.2748318010429,979.7872704853547,1024.7774658203125,2402,0.0,0.0
2011-10-24 00:00:00+09:00,1036.0247802734375,1037.2745971376814,1011.0302553388004,1036.0247802734375,52988,0.0,0.0
2011-10-25 00:00:00+09:00,1029.7764459515492,1052.2715439161527,1028.5267294741989,1032.27587890625,57489,0.0,0.0
2011-10-26 00:00:00+09:00,991.034770088505,1061.0195932222139,991.034770088505,1037.2747802734375,15671,0.0,0.0
2011-10-27 00:00:00+09:00,1037.2748390265863,1062.2693697898615,1037.2748390265863,1061.0196533203125,17100,0.0,0.0
2011-10-28 00:00:00+09:00,1061.0195421105623,1072.26708984375,1049.7719943773745,1072.26708984375,30610,0.0,0.0
2011-10-31 00:00:00+09:00,1067.2683363542053,1086.0141840835877,1041.0239884352332,1061.0196533203125,3973,0.0,0.0
2011-11-01 00:00:00+09:00,1049.771823552589,1061.0193694555128,1049.771823552589,1059.7696533203125,3342,0.0,0.0
2011-11-02 00:00:00+09:00,1017.2792281960714,1051.0218767253004,1017.2792281960714,1044.773193359375,6633,0.0,0.0
2011-11-03 00:00:00+09:00,1037.2747514097725,1049.7720157357876,1037.2747514097725,1047.2725830078125,28297,0.0,0.0
2011-11-04 00:00:00+09:00,1018.5290572696384,1074.7668110320815,1018.5290572696384,1069.7679443359375,22050,0.0,0.0
2011-11-07 00:00:00+09:00,1069.7679443359375,1074.7668110320815,1047.2728428309601,1069.7679443359375,22492,0.0,0.0
2011-11-08 00:00:00+09:00,1069.7678141495464,1084.764513099106,1054.7710145138349,1077.26611328125,185856,0.0,0.0
2011-11-09 00:00:00+09:00,1074.7665961617763,1118.507073752978,1064.768764082118,1103.5103759765625,406180,0.0,0.0
2011-11-10 00:00:00+09:00,1079.765659110712,1079.765659110712,1027.27706116986,1044.773193359375,74900,0.0,0.0
2011-11-11 00:00:00+09:00,1072.2672325410874,1074.7666655508342,1044.7731673754195,1051.0218505859375,81764,0.0,0.0
2011-11-14 00:00:00+09:00,1046.0228891367417,1071.0175214182652,1046.0228891367417,1066.0185546875,65010,0.0,0.0
2011-11-15 00:00:00+09:00,1067.2684330009588,1067.2684330009588,1027.277099609375,1027.277099609375,58225,0.0,0.0
2011-11-16 00:00:00+09:00,1024.7774997892311,1039.7742991887565,994.7840016763308,1011.030517578125,139702,0.0,0.0
2011-11-17 00:00:00+09:00,1027.277139811535,1027.277139811535,999.7830718573105,1008.5311889648438,12490,0.0,0.0
2011-11-18 00:00:00+09:00,1008.5310353412469,1024.7774497638072,982.286688016294,998.533203125,44223,0.0,0.0
2011-11-21 00:00:00+09:00,999.7828008025247,999.7828008025247,978.5374224524968,993.5341186523438,43051,0.0,0.0
2011-11-22 00:00:00+09:00,964.7904667880231,993.5341436171582,964.7904667880231,988.5352783203125,31333,0.0,0.0
2011-11-23 00:00:00+09:00,1019.7784807130508,1019.7784807130508,952.2930949169352,972.2887573242188,82585,0.0,0.0
2011-11-24 00:00:00+09:00,953.5430629557221,987.2858151045356,953.5430629557221,979.7874145507812,7118,0.0,0.0
2011-11-25 00:00:00+09:00,957.2921321259632,1001.0326091407875,952.2931658089342,959.7915649414062,8345,0.0,0.0
2011-11-28 00:00:00+09:00,961.0412132155377,973.5384770928946,959.7914968964155,968.5396118164062,47381,0.0,0.0
2011-11-29 00:00:00+09:00,998.5331462459387,998.5331462459387,958.5418196589613,969.7893676757812,55809,0.0,0.0
2011-11-30 00:00:00+09:00,987.2855550212723,997.2833862304688,969.7893252336447,997.2833862304688,17648,0.0,0.0
2011-12-01 00:00:00+09:00,1021.0282848478162,1037.2747997084205,1002.2823371428557,1014.7796020507812,115199,0.0,0.0
2011-12-02 00:00:00+09:00,1003.5320787648039,1014.7796275329895,999.7829294041244,1009.78076171875,10695,0.0,0.0
2011-12-05 00:00:00+09:00,1049.772023768939,1049.772023768939,997.2834326491063,1013.5298461914062,15189,0.0,0.0
2011-12-06 00:00:00+09:00,1002.2825051205597,1028.5268564431597,997.2836385940612,1008.5311889648438,66973,0.0,0.0
2011-12-07 00:00:00+09:00,999.7829683715562,1017.279200775619,997.2835353670189,1011.030517578125,26815,0.0,0.0
2011-12-08 00:00:00+09:00,1011.0304134443048,1024.7773942395033,999.7828653962077,1013.5298461914062,18097,0.0,0.0
2011-12-09 00:00:00+09:00,1024.7774341143506,1024.7774341143506,999.7829042984994,1014.7796020507812,26373,0.0,0.0
2011-12-12 00:00:00+09:00,1014.7796804218307,1031.0261965371471,1004.7818475861325,1018.5289306640625,98686,0.0,0.0
2011-12-13 00:00:00+09:00,996.0339656170905,1013.530099912825,996.0339656170905,1004.781982421875,33894,0.0,0.0
2011-12-14 00:00:00+09:00,1006.0315551757812,1012.2801370884146,994.7839063607593,1006.0315551757812,13028,0.0,0.0
2011-12-15 00:00:00+09:00,1011.0304144030191,1011.0304144030191,964.790505793233,966.0402221679688,100395,0.0,0.0
2011-12-16 00:00:00+09:00,976.0379705194222,999.7827809843889,963.5406064667884,967.2898559570312,52070,0.0,0.0
2011-12-19 00:00:00+09:00,954.7927083068913,987.2856372722382,918.5505293969102,927.2986450195312,184443,0.0,0.0
2011-12-20 00:00:00+09:00,932.2975106975182,949.7937419427603,927.2986450195312,927.2986450195312,17384,0.0,0.0
2011-12-21 00:00:00+09:00,944.7949200025366,1037.2748455018,929.7981209020352,1032.27587890625,209345,0.0,0.0
2011-12-22 00:00:00+09:00,1042.2736168657227,1067.2682462038927,1013.5298384355901,1047.2725830078125,107847,0.0,0.0
2011-12-23 00:00:00+09:00,1069.7676350317672,1069.7676350317672,1029.7763102807328,1049.77197265625,28013,0.0,0.0
2011-12-26 00:00:00+09:00,1074.7665002825788,1074.7665002825788,1028.5265939680298,1049.77197265625,20928,0.0,0.0
2011-12-27 00:00:00+09:00,1049.7721109614522,1069.767775971355,1014.7796468510479,1032.27587890625,27129,0.0,0.0
2011-12-28 00:00:00+09:00,1030.9952218106205,1037.3988560325029,1010.5033859314631,1034.83740234375,3567,30.30303,0.0
2011-12-29 00:00:00+09:00,1020.749101606531,1050.2060195593467,1011.783912287808,1048.92529296875,155921,0.0,0.0
2012-01-02 00:00:00+09:00,1057.890636424999,1057.890636424999,1024.5914306640625,1024.5914306640625,4158,0.0,0.0
2012-01-03 00:00:00+09:00,991.2922936719942,1042.5218842368292,991.2922936719942,1030.9952392578125,241332,0.0,0.0
2012-01-04 00:00:00+09:00,1025.8721053191186,1045.0832123702005,1000.2573647073804,1027.15283203125,20724,0.0,0.0
2012-01-05 00:00:00+09:00,1028.4336507190412,1086.0669770265943,1013.0648256144332,1055.3292236328125,75078,0.0,0.0
2012-01-06 00:00:00+09:00,1050.2060546875,1079.6630768101647,1036.1179585351601,1050.2060546875,88476,0.0,0.0
2012-01-09 00:00:00+09:00,1052.7675260020178,1112.9621888283139,1039.9600543342988,1101.435546875,173962,0.0,0.0
2012-01-10 00:00:00+09:00,1137.2964665251452,1137.2964665251452,1089.909062160986,1106.5587158203125,113444,0.0,0.0
2012-01-11 00:00:00+09:00,1101.435546875,1127.0503870258963,1091.1896314515498,1101.435546875,111134,0.0,0.0
2012-01-12 00:00:00+09:00,1101.4359113233052,1134.7351216715826,1065.5752470677546,1071.9788818359375,87281,0.0,0.0
2012-01-13 00:00:00+09:00,1074.540130007436,1093.7512351581204,1057.8904780276303,1086.0667724609375,76404,0.0,0.0
2012-01-16 00:00:00+09:00,1080.9437629346335,1086.0667724609375,1060.4519311985093,1086.0667724609375,31359,0.0,0.0
2012-01-17 00:00:00+09:00,1111.6815996312798,1111.6815996312798,1069.4172061864365,1084.7861328125,22143,0.0,0.0
2012-01-18 00:00:00+09:00,1084.7862885871775,1084.7862885871775,1060.4521684656372,1073.2596435546875,27376,0.0,0.0
2012-01-19 00:00:00+09:00,1093.7514769853758,1223.1061289294898,1092.4706469322002,1203.89501953125,692762,0.0,0.0
2012-01-20 00:00:00+09:00,1221.8253996214676,1221.8253996214676,1168.034355324533,1178.2802734375,356314,0.0,0.0
2012-01-25 00:00:00+09:00,1178.280255982207,1194.929808178773,1152.6654094869689,1182.1224365234375,86192,0.0,0.0
2012-01-26 00:00:00+09:00,1198.7722369334515,1198.7722369334515,1150.1041939292343,1165.4730224609375,75893,0.0,0.0
2012-01-27 00:00:00+09:00,1141.1386396577038,1180.8415803055746,1141.1386396577038,1152.665283203125,61766,0.0,0.0
2012-01-30 00:00:00+09:00,1166.7533362316335,1244.8784878790548,1165.4726095730925,1184.6837158203125,169365,0.0,0.0
2012-01-31 00:00:00+09:00,1203.8949621612137,1216.7023334215323,1176.9993896484375,1176.9993896484375,134382,0.0,0.0
2012-02-01 00:00:00+09:00,1178.2801268920489,1180.8415803055746,1127.050542698757,1152.665283203125,60680,0.0,0.0
2012-02-02 00:00:00+09:00,1173.1570640262878,1173.1570640262878,1139.8578615970132,1155.2266845703125,71771,0.0,0.0
2012-02-03 00:00:00+09:00,1156.5075423704288,1212.8601404270146,1155.2268155761287,1201.33349609375,187601,0.0,0.0
2012-02-06 00:00:00+09:00,1203.8950157196505,1216.7023875497387,1164.1920701802658,1174.43798828125,61366,0.0,0.0
2012-02-07 00:00:00+09:00,1152.6653397087337,1180.8416381924333,1148.823159400095,1175.7186279296875,45441,0.0,0.0
2012-02-08 00:00:00+09:00,1196.2104603826506,1196.2104603826506,1155.2267910952928,1162.9112548828125,19790,0.0,0.0
2012-02-09 00:00:00+09:00,1188.526051665088,1188.526051665088,1157.7884014599117,1173.1572265625,42213,0.0,0.0
2012-02-10 00:00:00+09:00,1192.3683586313398,1211.5794677734375,1161.6306046408972,1211.5794677734375,258898,0.0,0.0
2012-02-13 00:00:00+09:00,1214.1408402690572,1242.317138671875,1211.5793867373175,1242.317138671875,79259,0.0,0.0
2012-02-14 00:00:00+09:00,1267.931747960137,1306.3539596624018,1229.5095362578725,1275.6162109375,195138,0.0,0.0
2012-02-15 00:00:00+09:00,1275.6165253876256,1308.9157355853317,1267.932060515978,1303.792724609375,195703,0.0,0.0
2012-02-16 00:00:00+09:00,1311.4767599057159,1311.4767599057159,1273.0545513172792,1280.739013671875,186806,0.0,0.0
2012-02-17 00:00:00+09:00,1280.7394331790072,1306.354281689641,1243.5980421377649,1303.792724609375,117404,0.0,0.0
2012-02-20 00:00:00+09:00,1324.284562144052,1329.4075731200087,1270.4935144116687,1303.792724609375,61069,0.0,0.0
2012-02-21 00:00:00+09:00,1278.1776782344116,1278.1776782344116,1191.0874408166665,1205.175537109375,313750,0.0,0.0
2012-02-22 00:00:00+09:00,1203.8949360958368,1224.3867709425058,1202.6142093159901,1221.8253173828125,205652,0.0,0.0
2012-02-23 00:00:00+09:00,1224.3867358936175,1224.3867358936175,1201.3334481471709,1220.5445556640625,56083,0.0,0.0
2012-02-24 00:00:00+09:00,1207.7370453775407,1232.0711623166007,1191.087495034558,1215.4215087890625,71692,0.0,0.0
2012-02-27 00:00:00+09:00,1198.7720617407147,1215.421718136027,1178.2803277547068,1214.1409912109375,66795,0.0,0.0
2012-02-28 00:00:00+09:00,1224.3866960366965,1224.3866960366965,1187.2452089551487,1202.6141357421875,16005,0.0,0.0
2012-02-29 00:00:00+09:00,1203.8948803851335,1214.1407973343344,1183.4030464867321,1207.737060546875,27591,0.0,0.0
2012-03-02 00:00:00+09:00,1197.4912808210854,1220.5446739869485,1191.087646484375,1191.087646484375,60350,0.0,0.0
2012-03-05 00:00:00+09:00,1203.89501953125,1219.2638451391006,1183.4031832644032,1203.89501953125,124363,0.0,0.0
2012-03-06 00:00:00+09:00,1185.9646875148335,1215.4217163011456,1170.595861252386,1197.4913330078125,88958,0.0,0.0
2012-03-07 00:00:00+09:00,1198.7719887200035,1201.3335455987242,1169.3150648681021,1182.1224365234375,10404,0.0,0.0
2012-03-08 00:00:00+09:00,1180.841761626348,1200.0528715468088,1178.2803078195057,1188.526123046875,28145,0.0,0.0
2012-03-09 00:00:00+09:00,1178.280255982207,1203.8949992928779,1178.280255982207,1182.1224365234375,33363,0.0,0.0
2012-03-12 00:00:00+09:00,1173.1572799790863,1202.6143078835735,1173.1572799790863,1183.4031982421875,8345,0.0,0.0
2012-03-13 00:00:00+09:00,1178.2802074272208,1219.2637743985156,1178.2802074272208,1201.33349609375,46704,0.0,0.0
2012-03-14 00:00:00+09:00,1228.228734542226,1228.228734542226,1191.0873549271562,1206.4561767578125,27809,0.0,0.0
2012-03-15 00:00:00+09:00,1203.894922957538,1265.3704268266529,1203.894922957538,1242.317138671875,34009,0.0,0.0
2012-03-16 00:00:00+09:00,1217.9828360333381,1252.5628662109375,1217.9828360333381,1252.5628662109375,25796,0.0,0.0
2012-03-19 00:00:00+09:00,1270.4934243972577,1270.4934243972577,1224.3868448031717,1253.8438720703125,86275,0.0,0.0
2012-03-20 00:00:00+09:00,1242.3171563402248,1265.3704448228689,1232.0712388829872,1247.4400634765625,39187,0.0,0.0
2012-03-21 00:00:00+09:00,1250.0015170447314,1258.9667077178844,1203.8949400794436,1247.4400634765625,28096,0.0,0.0
2012-03-22 00:00:00+09:00,1267.931912471579,1267.931912471579,1203.8949534488463,1226.9482421875,107860,0.0,0.0
2012-03-23 00:00:00+09:00,1234.6326883658403,1234.6326883658403,1193.6490186725023,1221.8253173828125,43850,0.0,0.0
2012-03-26 00:00:00+09:00,1223.1059722005846,1232.0711623166007,1201.3334118550688,1215.4215087890625,13751,0.0,0.0
2012-03-27 00:00:00+09:00,1188.525972644412,1226.9481876231803,1188.525972644412,1216.7022705078125,6494,0.0,0.0
2012-03-28 00:00:00+09:00,1214.1409214764992,1215.42164832803,1189.806904928278,1211.5794677734375,10692,0.0,0.0
2012-03-29 00:00:00+09:00,1210.298699137461,1210.298699137461,1139.8580024431924,1168.0343017578125,147084,0.0,0.0
2012-03-30 00:00:00+09:00,1132.1736575921984,1203.8950886434877,1129.612203707939,1193.649169921875,74325,0.0,0.0
2012-04-02 00:00:00+09:00,1170.5954654039283,1203.894663699255,1141.1384465787992,1146.2613525390625,148034,0.0,0.0
2012-04-03 00:00:00+09:00,1138.5772587924776,1188.5260162771049,1138.5772587924776,1171.87646484375,54268,0.0,0.0
2012-04-04 00:00:00+09:00,1187.2452894887363,1187.2452894887363,1144.9808927343208,1171.87646484375,70422,0.0,0.0
2012-04-05 00:00:00+09:00,1171.8764981228405,1173.1572249475794,1144.9809252496277,1160.349853515625,18499,0.0,0.0
2012-04-06 00:00:00+09:00,1194.929572092411,1194.929572092411,1150.10372856285,1161.63037109375,3547,0.0,0.0
2012-04-09 00:00:00+09:00,1152.665319903404,1161.6305103207467,1129.6120320785565,1157.788330078125,11134,0.0,0.0
2012-04-10 00:00:00+09:00,1152.6652312721878,1157.7882410529885,1146.261494842325,1155.2266845703125,7959,0.0,0.0
2012-04-12 00:00:00+09:00,1189.8071471476346,1189.8071471476346,1141.1390009588288,1165.4730224609375,980,0.0,0.0
2012-04-13 00:00:00+09:00,1200.0528541139406,1200.0528541139406,1160.3499079463525,1183.4031982421875,4138,0.0,0.0
2012-04-16 00:00:00+09:00,1152.6652562898073,1189.8067426569444,1136.0157063060813,1180.841552734375,1626,0.0,0.0
2012-04-17 00:00:00+09:00,1180.8416907060769,1180.8416907060769,1136.0158390402487,1173.1572265625,9999,0.0,0.0
2012-04-18 00:00:00+09:00,1192.3681701313253,1192.3681701313253,1142.4193148951379,1155.2266845703125,93294,0.0,0.0
2012-04-19 00:00:00+09:00,1156.5073615330462,1171.876287030611,1137.2963594379105,1161.63037109375,2128,0.0,0.0
2012-04-20 00:00:00+09:00,1161.6304887387475,1178.2801425165576,1132.1734645389222,1144.9808349609375,23271,0.0,0.0
2012-04-23 00:00:00+09:00,1136.0159026842025,1166.7535546114195,1107.8396013689203,1133.454345703125,182839,0.0,0.0
2012-04-24 00:00:00+09:00,1133.454212321178,1162.9112370682872,1118.0853881661328,1157.788330078125,21156,0.0,0.0
2012-04-25 00:00:00+09:00,1156.5074401872525,1156.5074401872525,1123.208236923909,1130.8927001953125,22575,0.0,0.0
2012-04-26 00:00:00+09:00,1139.8577555090735,1170.5955017794242,1101.435546875,1101.435546875,48671,0.0,0.0
2012-04-27 00:00:00+09:00,1106.55878754833,1137.2965402456082,1088.6284060121102,1121.9276123046875,719,0.0,0.0
2012-04-30 00:00:00+09:00,1105.277955264258,1168.0341814670842,1105.277955264258,1114.2430419921875,13483,0.0,0.0
2012-05-02 00:00:00+09:00,1151.3844827756661,1151.3844827756661,1114.242997919411,1137.29638671875,46338,0.0,0.0
2012-05-03 00:00:00+09:00,1168.0343110230635,1168.0343110230635,1115.5239955838017,1118.08544921875,53493,0.0,0.0
2012-05-04 00:00:00+09:00,1143.7002275973598,1143.7002275973598,1107.8395660362735,1119.3662109375,3201,0.0,0.0
2012-05-07 00:00:00+09:00,1087.3477500673966,1156.507620754394,1087.3477500673966,1153.9461669921875,19945,0.0,0.0
2012-05-08 00:00:00+09:00,1165.4727105887569,1178.2801846533407,1119.3661341468494,1175.7186279296875,18810,0.0,0.0
2012-05-09 00:00:00+09:00,1152.6652094004266,1152.6652094004266,1116.8045543534815,1137.29638671875,38877,0.0,0.0
2012-05-10 00:00:00+09:00,1110.400861965932,1156.507435019211,1110.400861965932,1114.2430419921875,24393,0.0,0.0
2012-05-11 00:00:00+09:00,1096.3128869525608,1119.366176036224,1096.3128869525608,1118.08544921875,432,0.0,0.0
2012-05-14 00:00:00+09:00,1112.9622823327495,1125.7697550764758,1103.9970926859614,1116.8045654296875,2907,0.0,0.0
2012-05-15 00:00:00+09:00,1092.470603315574,1125.7699133081594,1075.8210515038459,1118.08544921875,23637,0.0,0.0
2012-05-16 00:00:00+09:00,1127.0506401256334,1127.0506401256334,1106.5588046769185,1118.08544921875,56337,0.0,0.0
2012-05-17 00:00:00+09:00,1101.4356720534493,1118.0853252029963,1083.5053954130371,1114.2430419921875,8857,0.0,0.0
2012-05-18 00:00:00+09:00,1082.2245078313115,1109.120076134252,1037.3986638442916,1091.189697265625,133768,0.0,0.0
2012-05-21 00:00:00+09:00,1093.751398924901,1093.751398924901,1011.7840597074811,1024.5914306640625,56849,0.0,0.0
2012-05-22 00:00:00+09:00,1024.591281378321,1070.697851377986,1024.591281378321,1048.92529296875,6131,0.0,0.0
2012-05-23 00:00:00+09:00,1047.6448350828427,1047.6448350828427,1011.7841717947921,1022.0300903320312,17889,0.0,0.0
2012-05-24 00:00:00+09:00,1025.8721574412646,1048.9254458000235,1022.0299771096586,1024.5914306640625,76969,0.0,0.0
2012-05-25 00:00:00+09:00,1029.7140975155112,1069.4170310833583,1029.7140975155112,1037.3985595703125,848,0.0,0.0
2012-05-29 00:00:00+09:00,1038.6795230443586,1100.1550271405706,1024.5914253831868,1087.34765625,18902,0.0,0.0
2012-05-30 00:00:00+09:00,1073.2594034219965,1087.347499046377,1052.7675716858723,1086.0667724609375,425,0.0,0.0
2012-05-31 00:00:00+09:00,1105.278109717824,1105.278109717824,1027.1529461235175,1093.75146484375,4237,0.0,0.0
2012-06-01 00:00:00+09:00,1110.4011031833368,1110.4011031833368,1050.2063172549647,1071.9788818359375,2844,0.0,0.0
2012-06-04 00:00:00+09:00,1029.7143017375697,1100.1549943105074,975.9232630547193,1098.874267578125,46124,0.0,0.0
2012-06-05 00:00:00+09:00,1048.925523433147,1096.3129336196675,1045.0833428171734,1073.2596435546875,8457,0.0,0.0
2012-06-07 00:00:00+09:00,1073.2594762509482,1086.0668461589682,1038.679443359375,1038.679443359375,81348,0.0,0.0
2012-06-08 00:00:00+09:00,1048.9255209532141,1063.0137228809476,1024.5915040737748,1056.6099853515625,32072,0.0,0.0
2012-06-11 00:00:00+09:00,1119.366042176588,1119.366042176588,1045.0831733542705,1075.8209228515625,99485,0.0,0.0
2012-06-12 00:00:00+09:00,1063.0134957955408,1073.2594117430401,1045.0831170912804,1061.732666015625,34158,0.0,0.0
2012-06-13 00:00:00+09:00,1073.2594117430401,1073.2594117430401,1034.8372011437814,1061.732666015625,29558,0.0,0.0
2012-06-14 00:00:00+09:00,1051.4871473931769,1075.8211658814228,1042.5219555331455,1071.9788818359375,134880,0.0,0.0
2012-06-15 00:00:00+09:00,1095.0321846195532,1096.3129114656638,1029.7143931759422,1047.644775390625,68362,0.0,0.0
2012-06-18 00:00:00+09:00,1063.0137571358553,1063.0137571358553,1045.0833740234375,1045.0833740234375,124317,0.0,0.0
2012-06-19 00:00:00+09:00,1055.329098447658,1055.329098447658,1033.5565386078358,1042.521728515625,20747,0.0,0.0
2012-06-20 00:00:00+09:00,1070.6978871915667,1070.6978871915667,1045.0831481537582,1050.2060546875,153958,0.0,0.0
2012-06-21 00:00:00+09:00,1073.2594436429877,1073.2594436429877,1042.5216948868874,1050.2060546875,56984,0.0,0.0
2012-06-22 00:00:00+09:00,1024.5913786069873,1039.9602023371192,1016.9069151496434,1027.15283203125,12833,0.0,0.0
2012-06-25 00:00:00+09:00,1045.0833732540439,1045.0833732540439,1024.5915363362446,1032.2760009765625,3795,0.0,0.0
2012-06-26 00:00:00+09:00,1011.7838236336909,1043.8022951467367,1011.7838236336909,1037.3985595703125,4065,0.0,0.0
2012-06-27 00:00:00+09:00,1025.8721402385488,1030.9951504460112,1004.099579022093,1028.43359375,64689,0.0,0.0
2012-06-28 00:00:00+09:00,1061.7329057894158,1061.7329057894158,1019.468505859375,1019.468505859375,10332,0.0,0.0
2012-06-29 00:00:00+09:00,1041.240968253452,1050.2060546875,992.5728402601558,1050.2060546875,33072,0.0,0.0
2012-07-02 00:00:00+09:00,1084.7861215205212,1084.7861215205212,1042.521728515625,1042.521728515625,18717,0.0,0.0
2012-07-03 00:00:00+09:00,1066.8559795975953,1198.7720947265625,1045.0834149028224,1198.7720947265625,733161,0.0,0.0
2012-07-04 00:00:00+09:00,1214.1409376646732,1331.968944606757,1178.280275789976,1203.89501953125,771417,0.0,0.0
2012-07-05 00:00:00+09:00,1203.8950183423642,1242.317237100901,1157.7884383797755,1191.087646484375,247770,0.0,0.0
2012-07-06 00:00:00+09:00,1179.5610026585828,1241.0364082745539,1162.9113469975566,1203.89501953125,333936,0.0,0.0
2012-07-09 00:00:00+09:00,1206.4562900826604,1337.0917522445343,1203.8948367343723,1239.7554931640625,572787,0.0,0.0
2012-07-10 00:00:00+09:00,1262.8087783242536,1424.1818736771504,1262.8087783242536,1344.7760009765625,2059236,0.0,0.0
2012-07-11 00:00:00+09:00,1329.4072054073113,1498.4647667149568,1321.7227426611782,1370.390869140625,1347786,0.0,0.0
2012-07-12 00:00:00+09:00,1419.0590091183028,1457.4812228237051,1388.321258790892,1403.690185546875,804995,0.0,0.0
2012-07-13 00:00:00+09:00,1385.759615836938,1396.0055312112172,1193.6487799576123,1267.931640625,1054402,0.0,0.0
2012-07-16 00:00:00+09:00,1278.1777912610946,1280.7392447799912,1197.491179939376,1212.860107421875,634286,0.0,0.0
2012-07-17 00:00:00+09:00,1216.7024244758557,1223.1061621775332,1179.5610347229267,1188.526123046875,373543,0.0,0.0
2012-07-18 00:00:00+09:00,1189.8069324013593,1230.7905021503746,1153.9461669921875,1153.9461669921875,617067,0.0,0.0
2012-07-19 00:00:00+09:00,1164.1920852255837,1184.6839216923763,1142.4195218776879,1153.9461669921875,455063,0.0,0.0
2012-07-20 00:00:00+09:00,1146.2615464847552,1173.157116880442,1137.2964595374153,1152.665283203125,281684,0.0,0.0
2012-07-23 00:00:00+09:00,1142.4194633756094,1152.6653810843234,1103.9972461717916,1105.278076171875,216720,0.0,0.0
2012-07-24 00:00:00+09:00,1107.83955165539,1270.493408203125,1106.558824814609,1270.493408203125,2425546,0.0,0.0
2012-07-25 00:00:00+09:00,1331.968812259559,1460.042724609375,1321.7228951441912,1460.042724609375,5307083,0.0,0.0
2012-07-26 00:00:00+09:00,1480.5345591755847,1539.4486083984375,1396.0057687507879,1539.4486083984375,8497476,0.0,0.0
2012-07-27 00:00:00+09:00,1544.5717552609772,1585.5554300971353,1424.1822878181938,1454.9200439453125,3152724,0.0,0.0
2012-07-30 00:00:00+09:00,1447.2353188781567,1470.2886060319518,1349.8991602373803,1383.1983642578125,2808630,0.0,0.0
2012-07-31 00:00:00+09:00,1385.7599415921786,1406.2517771578214,1352.4607345941508,1396.005859375,1724603,0.0,0.0
2012-08-01 00:00:00+09:00,1383.198371421375,1426.7434925339642,1331.9687868228714,1337.091796875,2351329,0.0,0.0
2012-08-02 00:00:00+09:00,1337.091894793134,1357.5836269486329,1280.739296015679,1298.669677734375,1731447,0.0,0.0
2012-08-03 00:00:00+09:00,1311.476914500382,1314.0383678590065,1244.8785080688237,1256.4051513671875,1139381,0.0,0.0
2012-08-06 00:00:00+09:00,1270.49324724629,1347.3376734344038,1255.1244239193993,1319.161376953125,1591675,0.0,0.0
2012-08-07 00:00:00+09:00,1329.4074720605668,1372.95259771538,1280.7393358192394,1342.21484375,1842505,0.0,0.0
2012-08-08 00:00:00+09:00,1352.4605133878545,1375.5137988325023,1279.4583740234375,1279.4583740234375,791122,0.0,0.0
2012-08-09 00:00:00+09:00,1280.7392022243675,1370.3910010678883,1228.2288909089707,1337.091796875,1577584,0.0,0.0
2012-08-10 00:00:00+09:00,1349.8992497511729,1378.0754456144132,1288.4237444748185,1306.3541259765625,1108889,0.0,0.0
2012-08-13 00:00:00+09:00,1311.477193130139,1388.3215325067054,1308.9157392273212,1362.706787109375,1059788,0.0,0.0
2012-08-14 00:00:00+09:00,1390.8830360728068,1390.8830360728068,1331.9689794675594,1365.2681884765625,741919,0.0,0.0
2012-08-16 00:00:00+09:00,1365.2677848710528,1367.8292379180793,1285.862018121436,1314.0382080078125,875985,0.0,0.0
2012-08-17 00:00:00+09:00,1326.84599172938,1396.005859375,1290.985227897223,1396.005859375,1238011,0.0,0.0
2012-08-20 00:00:00+09:00,1403.6902989731418,1403.6902989731418,1347.337803744893,1357.5836181640625,973618,0.0,0.0
2012-08-21 00:00:00+09:00,1357.5833698424346,1362.7063792995104,1308.9153475152114,1344.7760009765625,657825,0.0,0.0
2012-08-22 00:00:00+09:00,1349.8992280490077,1357.5835886965892,1275.6163528304567,1293.546630859375,707635,0.0,0.0
2012-08-23 00:00:00+09:00,1293.5466153614866,1308.9155428416384,1270.493327325819,1301.2310791015625,360511,0.0,0.0
2012-08-24 00:00:00+09:00,1301.2308444944356,1301.2308444944356,1251.2819939663764,1280.739013671875,420182,0.0,0.0
2012-08-27 00:00:00+09:00,1298.669814047931,1298.669814047931,1248.720947265625,1248.720947265625,384278,0.0,0.0
2012-08-28 00:00:00+09:00,1235.9133131416306,1271.7739695713208,1230.7903032605018,1239.7554931640625,290380,0.0,0.0
2012-08-29 00:00:00+09:00,1239.755573366025,1308.9155405357499,1223.1060223405118,1288.4237060546875,704084,0.0,0.0
2012-08-30 00:00:00+09:00,1283.3005186252271,1293.5464344508523,1270.4931496393322,1278.1776123046875,368164,0.0,0.0
2012-08-31 00:00:00+09:00,1269.2124230591974,1316.599822446918,1267.9316964790623,1278.1776123046875,339883,0.0,0.0
2012-09-03 00:00:00+09:00,1283.300559646723,1324.2842242592917,1278.1776531624266,1296.1080322265625,412311,0.0,0.0
2012-09-04 00:00:00+09:00,1288.4236657102822,1365.2679910157597,1285.8622122764962,1337.091796875,1450416,0.0,0.0
2012-09-05 00:00:00+09:00,1352.4604215508373,1352.4604215508373,1280.739013671875,1280.739013671875,575968,0.0,0.0
2012-09-06 00:00:00+09:00,1288.4236125963102,1293.5465192526956,1262.8088729452786,1264.089599609375,436646,0.0,0.0
2012-09-07 00:00:00+09:00,1266.651071049244,1275.6162610106628,1262.808891002016,1269.2125244140625,176919,0.0,0.0
2012-09-10 00:00:00+09:00,1269.2125983306219,1293.5466130826733,1253.843774062105,1288.4237060546875,321759,0.0,0.0
2012-09-11 00:00:00+09:00,1308.9155357836548,1334.530277199707,1262.8089599609375,1262.8089599609375,523911,0.0,0.0
2012-09-12 00:00:00+09:00,1269.2125612262837,1280.7392048868398,1264.089654348062,1274.3355712890625,193627,0.0,0.0
2012-09-13 00:00:00+09:00,1283.3006556581536,1380.636917987589,1280.7392022243675,1337.091796875,905041,0.0,0.0
2012-09-14 00:00:00+09:00,1337.0917721283936,1360.1450589749159,1298.6695585944867,1311.4769287109375,380978,0.0,0.0
2012-09-17 00:00:00+09:00,1319.1616217937017,1378.075575863378,1308.9157032792484,1331.968994140625,372094,0.0,0.0
2012-09-18 00:00:00+09:00,1326.8458402088472,1339.6532101786815,1301.2309970846247,1319.161376953125,176289,0.0,0.0
2012-09-19 00:00:00+09:00,1326.8460183595935,1372.95259771538,1319.1615540721066,1342.21484375,493749,0.0,0.0
2012-09-20 00:00:00+09:00,1347.3378543365136,1357.5836691404063,1308.9156360836466,1342.21484375,284625,0.0,0.0
2012-09-21 00:00:00+09:00,1342.2148423794806,1352.4607603574789,1301.2311704674883,1329.407470703125,279810,0.0,0.0
2012-09-24 00:00:00+09:00,1329.4074693192738,1344.7762946779892,1311.4770870803002,1316.60009765625,180506,0.0,0.0
2012-09-25 00:00:00+09:00,1326.8457258381593,1367.8292855720413,1301.2308849218703,1344.7760009765625,615479,0.0,0.0
2012-09-26 00:00:00+09:00,1339.6532255147729,1352.4605956312237,1311.4769287109375,1311.4769287109375,225601,0.0,0.0
2012-09-27 00:00:00+09:00,1306.3540755082497,1306.3540755082497,1228.2289185435434,1233.3519287109375,696828,0.0,0.0
2012-09-28 00:00:00+09:00,1233.3519793635985,1242.3171701363112,1211.579417423252,1226.9482421875,158512,0.0,0.0
2012-10-02 00:00:00+09:00,1253.843782749264,1253.843782749264,1226.948211112316,1242.317138671875,93663,0.0,0.0
2012-10-04 00:00:00+09:00,1242.3172931166303,1242.3172931166303,1211.5795373607582,1214.1409912109375,228927,0.0,0.0
2012-10-05 00:00:00+09:00,1215.421684239517,1235.9135208386078,1210.2987766820295,1225.6676025390625,123865,0.0,0.0
2012-10-08 00:00:00+09:00,1250.0015828730652,1250.0015828730652,1210.2987409219065,1211.5794677734375,78738,0.0,0.0
2012-10-09 00:00:00+09:00,1220.5447290209593,1220.5447290209593,1191.0877001901767,1214.1409912109375,149384,0.0,0.0
2012-10-10 00:00:00+09:00,1214.140867221315,1223.106057965979,1198.7719393205869,1201.33349609375,90116,0.0,0.0
2012-10-11 00:00:00+09:00,1216.702092373098,1220.5443752191695,1191.0873549271562,1206.4561767578125,108603,0.0,0.0
2012-10-12 00:00:00+09:00,1206.456612373699,1228.2291780195435,1206.456612373699,1209.01806640625,82308,0.0,0.0
2012-10-15 00:00:00+09:00,1226.9483070856668,1241.0364057967831,1175.7187165208318,1178.2802734375,107441,0.0,0.0
2012-10-16 00:00:00+09:00,1178.280141661482,1200.052702318475,1127.0505568260405,1136.0157470703125,134983,0.0,0.0
2012-10-17 00:00:00+09:00,1125.7698229089026,1159.069027042999,1106.5587158203125,1106.5587158203125,102689,0.0,0.0
2012-10-18 00:00:00+09:00,1107.839515899573,1143.700175837739,1103.9972323166728,1125.7698974609375,132620,0.0,0.0
2012-10-19 00:00:00+09:00,1161.630249612381,1161.630249612381,1101.435486880324,1124.48876953125,51298,0.0,0.0
2012-10-22 00:00:00+09:00,1124.489140186293,1176.9994582816905,1101.4358499365223,1166.7535400390625,52806,0.0,0.0
2012-10-23 00:00:00+09:00,1166.7533801620718,1166.7533801620718,1129.6119961122827,1152.665283203125,36468,0.0,0.0
2012-10-24 00:00:00+09:00,1120.646805980387,1171.876390173679,1120.646805980387,1152.665283203125,22265,0.0,0.0
2012-10-25 00:00:00+09:00,1165.472770836736,1165.472770836736,1110.4010009765625,1110.4010009765625,65062,0.0,0.0
2012-10-26 00:00:00+09:00,1107.8395634266033,1125.7699457571928,1091.189907950403,1093.75146484375,31531,0.0,0.0
2012-10-29 00:00:00+09:00,1080.9440726733367,1080.9440726733367,1028.4337517010372,1033.5567626953125,135078,0.0,0.0
2012-10-30 00:00:00+09:00,1024.591408772614,1046.3639698889776,987.4499202890761,1002.81884765625,136118,0.0,0.0
2012-10-31 00:00:00+09:00,1002.8188522663673,1093.751380583927,982.3270178056373,1028.43359375,63607,0.0,0.0
2012-11-01 00:00:00+09:00,1046.3639390823319,1066.8557728455448,1024.5913786069873,1027.15283203125,37715,0.0,0.0
2012-11-02 00:00:00+09:00,1050.206213141566,1063.0136877773994,1038.6795685169686,1055.3292236328125,39098,0.0,0.0
2012-11-05 00:00:00+09:00,1038.679510980365,1055.3291651739182,1024.591413482823,1028.43359375,40992,0.0,0.0
2012-11-06 00:00:00+09:00,1028.4334012742518,1028.4334012742518,1010.503126865261,1025.8719482421875,45916,0.0,0.0
2012-11-07 00:00:00+09:00,1038.6795828768793,1039.960309721256,1007.9418290581433,1034.83740234375,17328,0.0,0.0
2012-11-08 00:00:00+09:00,1032.2760009765625,1056.6100186222345,1010.5034371494723,1032.2760009765625,24684,0.0,0.0
2012-11-09 00:00:00+09:00,1029.714409207194,1034.8374198559618,1018.1877642281772,1030.9952392578125,22407,0.0,0.0
2012-11-12 00:00:00+09:00,1022.0300190717749,1039.960297873339,1010.5033744191389,1015.6262817382812,37006,0.0,0.0
2012-11-13 00:00:00+09:00,1015.626234098558,1029.7143317499383,975.9232914992778,995.1343994140625,74071,0.0,0.0
2012-11-14 00:00:00+09:00,974.6425936774992,992.5729753551246,957.9930419921875,957.9930419921875,48823,0.0,0.0
2012-11-15 00:00:00+09:00,952.8698989928288,966.9580982869508,938.7818028832562,951.5891723632812,28446,0.0,0.0
2012-11-16 00:00:00+09:00,951.5893610210187,951.5893610210187,900.3597697598258,915.7286987304688,68313,0.0,0.0
2012-11-19 00:00:00+09:00,915.728447418243,922.132080078125,876.0255121888083,922.132080078125,74735,0.0,0.0
2012-11-20 00:00:00+09:00,955.4315083556328,955.4315083556328,922.1323009931386,940.0626831054688,13196,0.0,0.0
2012-11-21 00:00:00+09:00,940.0625997609064,955.4314236484933,915.7285856119951,918.2900390625,21855,0.0,0.0
2012-11-22 00:00:00+09:00,899.0788376636032,918.2899428997293,897.7981110724676,917.0092163085938,70992,0.0,0.0
2012-11-23 00:00:00+09:00,917.0092863681276,942.6240265168983,909.3248230496746,919.5707397460938,15932,0.0,0.0
2012-11-26 00:00:00+09:00,922.1322371171036,947.7470816724605,909.3248664317048,923.4129638671875,30343,0.0,0.0
2012-11-27 00:00:00+09:00,923.4130945570803,937.501297171014,899.0790764923931,904.2020874023438,29733,0.0,0.0
2012-11-28 00:00:00+09:00,896.5176129262677,917.0094499751294,883.7102405668724,897.79833984375,79038,0.0,0.0
2012-11-29 00:00:00+09:00,897.798136352277,917.0092421293411,887.5522201501461,888.8329467773438,44576,0.0,0.0
2012-11-30 00:00:00+09:00,882.429299166894,899.0788482319113,870.9025533420888,896.5173950195312,75570,0.0,0.0
2012-12-03 00:00:00+09:00,896.5175259058503,901.6404330785247,876.0256908460273,899.0789794921875,25971,0.0,0.0
2012-12-04 00:00:00+09:00,882.4294608009428,899.0790129156481,872.1835428901371,887.5523681640625,41688,0.0,0.0
2012-12-05 00:00:00+09:00,884.9908139191194,910.6055541931933,863.2182021385128,869.6218872070312,38349,0.0,0.0
2012-12-06 00:00:00+09:00,859.3761254828133,887.552374130808,855.5338933423602,864.4990844726562,40365,0.0,0.0
2012-12-07 00:00:00+09:00,865.7797241210938,882.4293778553505,855.533807173372,865.7797241210938,23690,0.0,0.0
2012-12-10 00:00:00+09:00,852.9722810140684,867.0604293663232,837.603457565416,850.4108276367188,83678,0.0,0.0
2012-12-11 00:00:00+09:00,826.076800576648,850.4108667418283,773.5664880035849,828.6383056640625,103484,0.0,0.0
2012-12-12 00:00:00+09:00,828.638409312359,845.2880138901521,806.8658455112231,819.6732177734375,61231,0.0,0.0
2012-12-13 00:00:00+09:00,819.673114056928,835.0419897822716,799.1812797564698,822.234619140625,49341,0.0,0.0
2012-12-14 00:00:00+09:00,814.5501566639814,832.4805374990445,814.5501566639814,828.6383056640625,32254,0.0,0.0
2012-12-17 00:00:00+09:00,828.638409312359,845.2880138901521,806.8658455112231,819.6732177734375,60627,0.0,0.0
2012-12-18 00:00:00+09:00,820.953857421875,850.410882723176,809.4272132925939,820.953857421875,42603,0.0,0.0
2012-12-20 00:00:00+09:00,820.9538391807719,858.0952758789062,809.4271953076059,858.0952758789062,102653,0.0,0.0
2012-12-21 00:00:00+09:00,856.8145466720537,863.2182319618129,835.0419857315048,845.2879028320312,80345,0.0,0.0
2012-12-24 00:00:00+09:00,881.1485610915944,881.1485610915944,835.0419857315048,845.2879028320312,52024,0.0,0.0
2012-12-26 00:00:00+09:00,844.0071722156725,870.9026399906637,844.0071722156725,868.3411865234375,25512,0.0,0.0
2012-12-27 00:00:00+09:00,849.1301394541442,878.5871125908574,832.4805369695185,870.9026489257812,26482,0.0,0.0
2012-12-28 00:00:00+09:00,838.8842222955623,882.429396015675,836.3227172097771,870.9026489257812,24231,0.0,0.0
2013-01-02 00:00:00+09:00,870.9026399906637,882.4293869622976,850.4108574760171,868.3411865234375,25647,0.0,0.0
2013-01-03 00:00:00+09:00,869.6219586141564,896.517530976505,861.9375462194008,876.0256958007812,35435,0.0,0.0
2013-01-04 00:00:00+09:00,876.0256590973516,877.3063858441045,858.0952782736937,870.9026489257812,29987,0.0,0.0
2013-01-07 00:00:00+09:00,868.341160511783,882.4293605286231,832.4805034911686,869.6218872070312,48978,0.0,0.0
2013-01-08 00:00:00+09:00,876.0257219558379,876.0257219558379,863.2182987924849,874.7449951171875,31828,0.0,0.0
2013-01-09 00:00:00+09:00,882.4294902068359,918.2901524973859,858.095369867413,915.7286987304688,84935,0.0,0.0
2013-01-10 00:00:00+09:00,917.0093301167678,972.0810962931741,901.6404027466418,923.4129638671875,109197,0.0,0.0
2013-01-11 00:00:00+09:00,928.5360212250481,954.1507638971666,919.5708303344372,943.9048461914062,76645,0.0,0.0
2013-01-14 00:00:00+09:00,943.9048709821565,955.4315158058025,922.132308183651,929.8167724609375,35135,0.0,0.0
2013-01-15 00:00:00+09:00,951.5892195580703,951.5892195580703,915.7285625985542,932.3781127929688,31518,0.0,0.0
2013-01-16 00:00:00+09:00,932.3781127929688,945.1854829081849,922.1321960638849,932.3781127929688,28165,0.0,0.0
2013-01-17 00:00:00+09:00,929.8168230365084,941.3434684871237,910.605712890625,910.605712890625,19569,0.0,0.0
2013-01-18 00:00:00+09:00,911.8864398090742,918.2901775858929,899.0790674400097,910.605712890625,14678,0.0,0.0
2013-01-21 00:00:00+09:00,927.2553337131047,927.2553337131047,900.3597599012601,909.324951171875,35838,0.0,0.0
2013-01-22 00:00:00+09:00,909.3248230496746,919.5707397460938,893.9559995973231,919.5707397460938,82179,0.0,0.0
2013-01-23 00:00:00+09:00,945.1857037944453,945.1857037944453,909.3250384544297,920.8516845703125,33580,0.0,0.0
2013-01-24 00:00:00+09:00,920.8515961813602,934.9396949297156,901.6404867706952,909.324951171875,47886,0.0,0.0
2013-01-25 00:00:00+09:00,899.0790292517695,920.8515923097649,879.867919921875,879.867919921875,33280,0.0,0.0
2013-01-28 00:00:00+09:00,879.8677705240626,900.3596032385813,870.9025808133918,872.1834106445312,34329,0.0,0.0
2013-01-29 00:00:00+09:00,870.9026489257812,900.3596736547739,860.6567833594789,870.9026489257812,29940,0.0,0.0
2013-01-30 00:00:00+09:00,870.9027114166701,876.0257219558379,856.81461300695,874.7449951171875,10078,0.0,0.0
2013-01-31 00:00:00+09:00,888.8330669894677,888.8330669894677,855.5338606250575,876.0256958007812,13751,0.0,0.0
2013-02-01 00:00:00+09:00,876.0256869734515,881.1485941234794,858.095305579229,873.4642333984375,22598,0.0,0.0
2013-02-04 00:00:00+09:00,858.0952782736937,870.9026489257812,849.1301394541442,870.9026489257812,28825,0.0,0.0
2013-02-05 00:00:00+09:00,860.6567682513427,882.4293805253382,860.6567682513427,878.5870971679688,15133,0.0,0.0
2013-02-06 00:00:00+09:00,879.8678345826775,886.2715714663941,870.9026442192977,884.9908447265625,27842,0.0,0.0
2013-02-07 00:00:00+09:00,879.8679039348165,892.6752755271821,877.3064502532567,887.5523681640625,5504,0.0,0.0
2013-02-08 00:00:00+09:00,881.1486307755964,891.3945486864021,879.8679039348165,887.5523681640625,2356,0.0,0.0
2013-02-12 00:00:00+09:00,887.5523005256898,891.3944807552256,778.6894439176438,858.0952758789062,66471,0.0,0.0
2013-02-13 00:00:00+09:00,860.6568451151843,879.8679024717889,859.3761182765339,874.7449951171875,18480,0.0,0.0
2013-02-14 00:00:00+09:00,879.8678238922395,882.4293805253382,858.0952632105226,878.5870971679688,27056,0.0,0.0
2013-02-15 00:00:00+09:00,881.1485873032194,895.2367882258754,870.9026698979065,883.7101440429688,25951,0.0,0.0
2013-02-18 00:00:00+09:00,883.7101090511003,886.2715625048635,868.3411819594068,882.4293823242188,16008,0.0,0.0
2013-02-19 00:00:00+09:00,877.3064069704376,893.9560614482816,867.0604895651248,883.7101440429688,17044,0.0,0.0
2013-02-20 00:00:00+09:00,883.7100751076506,906.763361675153,870.9026019616573,890.1137084960938,84744,0.0,0.0
2013-02-21 00:00:00+09:00,883.7100153854302,920.8513960820004,881.1484590186126,917.0092163085938,52265,0.0,0.0
2013-02-22 00:00:00+09:00,917.0093123372475,933.6588629500868,902.9211119903558,918.2900390625,40025,0.0,0.0
2013-02-25 00:00:00+09:00,927.2552401013706,927.2552401013706,908.0441326301773,924.6937866210938,43668,0.0,0.0
2013-02-26 00:00:00+09:00,904.2018783452367,922.1321544230374,904.2018783452367,905.4826049804688,34310,0.0,0.0
2013-02-27 00:00:00+09:00,920.8515711850694,927.2553085429861,909.3249264884721,914.4479370117188,16674,0.0,0.0
2013-02-28 00:00:00+09:00,914.4477946116442,932.378070689445,896.5174153492934,905.4826049804688,14807,0.0,0.0
2013-03-04 00:00:00+09:00,905.4827804782301,920.851606264303,896.5175891094501,915.7286987304688,42682,0.0,0.0
2013-03-05 00:00:00+09:00,915.7286739397184,931.097499309724,911.8863902087916,929.8167724609375,101557,0.0,0.0
2013-03-06 00:00:00+09:00,937.5011197609658,942.6240265168983,913.167003116624,919.5707397460938,52060,0.0,0.0
2013-03-07 00:00:00+09:00,919.5708443503992,919.5708443503992,908.044199653802,914.4479370117188,19572,0.0,0.0
2013-03-08 00:00:00+09:00,922.1323676257362,922.1323676257362,901.6405303550815,904.2020874023438,46596,0.0,0.0
2013-03-11 00:00:00+09:00,905.4827867914223,906.7635136838104,886.2716770364603,901.6405029296875,63039,0.0,0.0
2013-03-12 00:00:00+09:00,892.6751950037789,918.2900390625,892.6751950037789,918.2900390625,31049,0.0,0.0
2013-03-13 00:00:00+09:00,911.8861646377723,928.5358159225486,911.8861646377723,922.132080078125,26574,0.0,0.0
2013-03-14 00:00:00+09:00,913.1670999803753,942.6241265052893,910.6056463307042,933.658935546875,71210,0.0,0.0
2013-03-15 00:00:00+09:00,933.6588394860349,936.2203960567219,919.5707426777526,932.3781127929688,16579,0.0,0.0
2013-03-18 00:00:00+09:00,923.4129638671875,936.2204377371456,919.5707836169357,923.4129638671875,105593,0.0,0.0
2013-03-19 00:00:00+09:00,923.4128455615344,1054.048298732637,922.1321189755344,986.1690673828125,332920,0.0,0.0
2013-03-20 00:00:00+09:00,991.2923167717511,1037.3988977622246,988.7308629799628,1013.0648803710938,200808,0.0,0.0
2013-03-21 00:00:00+09:00,1024.591277700998,1024.591277700998,986.1690673828125,986.1690673828125,85955,0.0,0.0
2013-03-22 00:00:00+09:00,991.2922258461949,1005.3803235933811,975.9232981360267,984.8884887695312,61650,0.0,0.0
2013-03-25 00:00:00+09:00,986.1693029048333,986.1693029048333,960.5545586982956,983.6078491210938,36339,0.0,0.0
2013-03-26 00:00:00+09:00,997.6958133635388,997.6958133635388,947.7470585886072,977.2039794921875,80516,0.0,0.0
2013-03-27 00:00:00+09:00,977.2039056578292,981.046188708745,950.3084402241627,961.8350830078125,43919,0.0,0.0
2013-03-28 00:00:00+09:00,961.8352855901655,983.6078491210938,956.7123780226863,983.6078491210938,38346,0.0,0.0
2013-03-29 00:00:00+09:00,988.7307263313098,1001.5380967047652,960.5544289620625,977.2039794921875,32858,0.0,0.0
2013-04-01 00:00:00+09:00,973.3617753362913,987.4498720812802,965.6773120278636,982.3269653320312,27132,0.0,0.0
2013-04-02 00:00:00+09:00,986.1693286033732,986.1693286033732,960.5545837293421,969.519775390625,39352,0.0,0.0
2013-04-03 00:00:00+09:00,981.0462775378691,982.3270042759551,960.554443359375,960.554443359375,35082,0.0,0.0
2013-04-04 00:00:00+09:00,951.5892618275565,963.1159057617188,906.7634128408635,963.1159057617188,75246,0.0,0.0
2013-04-05 00:00:00+09:00,963.1160363870589,965.677490234375,925.9746460472542,965.677490234375,62756,0.0,0.0
2013-04-08 00:00:00+09:00,965.6774262505977,968.2389831127637,940.0626831054688,940.0626831054688,45985,0.0,0.0
2013-04-09 00:00:00+09:00,928.5360158602498,957.9930419921875,878.5871544351869,957.9930419921875,154680,0.0,0.0
2013-04-10 00:00:00+09:00,957.9929549492416,960.5544083320084,925.9744781109931,959.273681640625,7857,0.0,0.0
2013-04-11 00:00:00+09:00,957.992968524471,984.8884357937534,957.992968524471,978.4848022460938,27558,0.0,0.0
2013-04-12 00:00:00+09:00,998.9766875656726,998.9766875656726,972.0811157226562,972.0811157226562,74385,0.0,0.0
2013-04-15 00:00:00+09:00,993.8537497368799,993.8537497368799,973.3619134628472,987.4500122070312,21334,0.0,0.0
2013-04-16 00:00:00+09:00,988.7308953222039,997.6959838867188,973.361965699601,997.6959838867188,52215,0.0,0.0
2013-04-17 00:00:00+09:00,997.6958060736285,997.6958060736285,960.554421943535,978.4848022460938,32142,0.0,0.0
2013-04-18 00:00:00+09:00,978.4848093956342,991.2921797690896,968.2388924599585,977.2039794921875,16001,0.0,0.0
2013-04-19 00:00:00+09:00,975.9231589228013,983.6076216817142,969.519525944163,979.7654418945312,14180,0.0,0.0
2013-04-22 00:00:00+09:00,979.7656235277792,993.853721877044,968.2389788448234,975.92333984375,37339,0.0,0.0
2013-04-23 00:00:00+09:00,972.0811567873084,1024.5914727313461,972.0811567873084,1015.6262817382812,62874,0.0,0.0
2013-04-24 00:00:00+09:00,1018.1876227404816,1105.277966190882,1018.1876227404816,1084.7861328125,220925,0.0,0.0
2013-04-25 00:00:00+09:00,1109.1201103963035,1110.400837042976,1075.8209080291635,1083.50537109375,67062,0.0,0.0
2013-04-26 00:00:00+09:00,1083.50537109375,1083.50537109375,1052.7676220199553,1083.50537109375,129993,0.0,0.0
2013-04-29 00:00:00+09:00,1086.066848763874,1147.5423482912815,1086.066848763874,1114.2430419921875,165405,0.0,0.0
2013-04-30 00:00:00+09:00,1125.7700889342016,1147.5426545970251,1111.6818853750233,1128.33154296875,76982,0.0,0.0
2013-05-02 00:00:00+09:00,1107.8394135656556,1137.2964367855743,1098.8742236131104,1130.8927001953125,153308,0.0,0.0
2013-05-03 00:00:00+09:00,1139.8578547924478,1139.8578547924478,1101.4356428117403,1129.6119384765625,42464,0.0,0.0
2013-05-06 00:00:00+09:00,1150.103832061271,1150.103832061271,1088.628330907895,1089.9090576171875,148605,0.0,0.0
2013-05-07 00:00:00+09:00,1100.1551337689334,1112.96250590081,1082.2247508735636,1103.997314453125,31016,0.0,0.0
2013-05-08 00:00:00+09:00,1103.9972288913618,1127.0506207635456,1096.31286811853,1109.1202392578125,9157,0.0,0.0
2013-05-09 00:00:00+09:00,1127.0504851937287,1132.1733917593963,1106.5586525619583,1129.6119384765625,94782,0.0,0.0
2013-05-10 00:00:00+09:00,1147.542532586671,1160.349904582274,1129.612149882085,1153.9461669921875,96369,0.0,0.0
2013-05-13 00:00:00+09:00,1156.5075166975519,1242.317138671875,1153.9460631658121,1242.317138671875,209078,0.0,0.0
2013-05-14 00:00:00+09:00,1242.3171079350145,1262.808942051053,1187.2452392578125,1187.2452392578125,90882,0.0,0.0
2013-05-15 00:00:00+09:00,1192.368085709523,1229.5094654563081,1183.402896616287,1219.2635498046875,73936,0.0,0.0
2013-05-16 00:00:00+09:00,1234.632495841917,1293.5464344508523,1233.3517692617822,1278.1776123046875,259436,0.0,0.0
2013-05-20 00:00:00+09:00,1278.1777143754812,1279.4584410578905,1241.0362278473967,1269.2125244140625,68953,0.0,0.0
2013-05-21 00:00:00+09:00,1274.335381030163,1306.3538537923464,1255.124276735945,1280.739013671875,102412,0.0,0.0
2013-05-22 00:00:00+09:00,1314.0383886502498,1314.0383886502498,1253.843717847382,1265.370361328125,97524,0.0,0.0
2013-05-23 00:00:00+09:00,1267.932016535561,1267.932016535561,1109.1203327427606,1188.526123046875,273510,0.0,0.0
2013-05-24 00:00:00+09:00,1188.526123046875,1220.5447083706908,1178.2803078195057,1188.526123046875,156090,0.0,0.0
2013-05-27 00:00:00+09:00,1193.6491868852402,1228.229124367895,1187.2454488990109,1198.7720947265625,86453,0.0,0.0
2013-05-28 00:00:00+09:00,1188.5259894386786,1214.1408341813233,1188.5259894386786,1212.860107421875,65953,0.0,0.0
2013-05-29 00:00:00+09:00,1206.4563681601396,1229.5096561557623,1192.3682706482725,1200.052734375,87539,0.0,0.0
2013-05-30 00:00:00+09:00,1200.0528365294838,1205.175743993683,1178.2802734375,1178.2802734375,68022,0.0,0.0
2013-05-31 00:00:00+09:00,1178.2802600799332,1219.2638288826224,1173.1572494892423,1211.5794677734375,103643,0.0,0.0
2013-06-03 00:00:00+09:00,1211.5791576587358,1269.2123671487172,1211.5791576587358,1267.931640625,119925,0.0,0.0
2013-06-04 00:00:00+09:00,1293.5466066246295,1293.5466066246295,1214.1408257953674,1258.9666748046875,72187,0.0,0.0
2013-06-05 00:00:00+09:00,1242.316933003583,1258.966481388082,1173.156976804271,1206.4561767578125,136260,0.0,0.0
2013-06-07 00:00:00+09:00,1197.4912249387726,1251.2822667797614,1127.0506314147392,1176.9993896484375,59086,0.0,0.0
2013-06-10 00:00:00+09:00,1176.9993221997934,1209.0178001080335,1176.9993221997934,1187.2452392578125,20060,0.0,0.0
2013-06-11 00:00:00+09:00,1211.579408021428,1211.579408021428,1151.3846298607266,1171.87646484375,69554,0.0,0.0
2013-06-12 00:00:00+09:00,1160.3497611729383,1212.8600727311962,1132.173463717306,1136.0157470703125,87106,0.0,0.0
2013-06-13 00:00:00+09:00,1176.999221639977,1176.999221639977,1075.8208896229446,1137.29638671875,80619,0.0,0.0
2013-06-14 00:00:00+09:00,1118.085359436555,1165.472660616158,1106.5587158203125,1106.5587158203125,37332,0.0,0.0
2013-06-17 00:00:00+09:00,1110.4010009765625,1148.8232187873919,1096.3129025987228,1110.4010009765625,29931,0.0,0.0
2013-06-18 00:00:00+09:00,1101.4357771731686,1121.9276123046875,1101.4357771731686,1121.9276123046875,12348,0.0,0.0
2013-06-19 00:00:00+09:00,1103.997282279486,1124.4891183671261,1103.997282279486,1119.3662109375,24080,0.0,0.0
2013-06-20 00:00:00+09:00,1119.366081484583,1152.665285479856,1075.820960630414,1089.9090576171875,22212,0.0,0.0
2013-06-21 00:00:00+09:00,1123.2082187681124,1123.2082187681124,1032.275800400479,1063.0135498046875,60317,0.0,0.0
2013-06-24 00:00:00+09:00,1054.0486448820777,1098.8745028510693,998.9768676757812,998.9768676757812,108114,0.0,0.0
2013-06-25 00:00:00+09:00,984.8883625872934,1127.0504613622536,933.6587820911161,945.1854248046875,220364,0.0,0.0
2013-06-26 00:00:00+09:00,947.7472455465527,1043.8026970727412,937.5013265897095,996.415283203125,65092,0.0,0.0
2013-06-27 00:00:00+09:00,1027.1527689165623,1074.540170276423,1002.8187565121891,1050.2060546875,25155,0.0,0.0
2013-06-28 00:00:00+09:00,1055.32917366988,1088.6283791405028,1015.6262311845159,1070.697998046875,57855,0.0,0.0
2013-07-01 00:00:00+09:00,1088.628383020601,1088.628383020601,1061.732811284298,1087.34765625,102907,0.0,0.0
2013-07-02 00:00:00+09:00,1095.0320873809778,1102.7164477752722,1077.1017067585083,1098.874267578125,23040,0.0,0.0
2013-07-03 00:00:00+09:00,1088.628402266914,1123.208335238176,1063.013660032919,1096.3128662109375,28261,0.0,0.0
2013-07-04 00:00:00+09:00,1100.155046590668,1101.4357733839115,1065.575113619406,1096.3128662109375,11979,0.0,0.0
2013-07-05 00:00:00+09:00,1095.032139417694,1123.208335238176,1059.1713764686258,1096.3128662109375,18021,0.0,0.0
2013-07-08 00:00:00+09:00,1124.4888986041126,1124.4888986041126,1069.4171385756697,1091.189697265625,49608,0.0,0.0
2013-07-09 00:00:00+09:00,1109.120235711716,1111.6816892944705,1075.8210295822214,1092.4705810546875,3478,0.0,0.0
2013-07-10 00:00:00+09:00,1109.1203252166183,1109.1203252166183,1071.978832531148,1103.997314453125,14064,0.0,0.0
2013-07-11 00:00:00+09:00,1128.3313652203399,1128.3313652203399,1087.3476943854848,1105.278076171875,22053,0.0,0.0
2013-07-12 00:00:00+09:00,1091.1898233536613,1128.3313119897596,1089.9090965985627,1107.8394775390625,1049,0.0,0.0
2013-07-15 00:00:00+09:00,1101.43574057901,1107.8394775390625,1091.1898233536613,1107.8394775390625,13965,0.0,0.0
2013-07-16 00:00:00+09:00,1124.489151137956,1125.7699812172575,1093.7514992952806,1103.997314453125,33442,0.0,0.0
2013-07-17 00:00:00+09:00,1101.4357057772288,1127.0505496235344,1088.6283354463542,1106.5587158203125,57977,0.0,0.0
2013-07-18 00:00:00+09:00,1096.3129184629502,1123.2083887720694,1095.0321916086652,1102.716552734375,12483,0.0,0.0
2013-07-19 00:00:00+09:00,1098.8742870688127,1114.2431113145556,1095.0321068035169,1107.8394775390625,20390,0.0,0.0
2013-07-22 00:00:00+09:00,1124.4891183671261,1164.192063685,1101.4358285646729,1119.3662109375,91977,0.0,0.0
2013-07-23 00:00:00+09:00,1112.9622142255555,1132.1733189809802,1103.9970251273878,1123.2081298828125,93340,0.0,0.0
2013-07-24 00:00:00+09:00,1124.4890912326007,1178.280237053073,1116.8047302735893,1173.1572265625,71303,0.0,0.0
2013-07-25 00:00:00+09:00,1170.5956634669162,1202.6141406896543,1129.6119961122827,1152.665283203125,130531,0.0,0.0
2013-07-26 00:00:00+09:00,1165.4727143322702,1219.2637547487934,1152.66534341111,1192.3682861328125,24040,0.0,0.0
2013-07-29 00:00:00+09:00,1219.2638605707564,1219.2638605707564,1169.3150993246372,1183.4031982421875,19225,0.0,0.0
2013-07-30 00:00:00+09:00,1197.491130678047,1197.491130678047,1152.665283203125,1152.665283203125,40504,0.0,0.0
2013-07-31 00:00:00+09:00,1165.4728656117745,1185.9647030193162,1152.6654930282048,1164.192138671875,7210,0.0,0.0
2013-08-01 00:00:00+09:00,1175.7185173244125,1175.7185173244125,1146.261494842325,1155.2266845703125,19866,0.0,0.0
2013-08-02 00:00:00+09:00,1171.8767612068236,1171.8767612068236,1150.1041939292343,1165.4730224609375,21420,0.0,0.0
2013-08-05 00:00:00+09:00,1173.157197065457,1201.33349609375,1165.472733115093,1201.33349609375,7312,0.0,0.0
2013-08-06 00:00:00+09:00,1215.4214825632398,1215.4214825632398,1173.157089488665,1180.841552734375,10767,0.0,0.0
2013-08-07 00:00:00+09:00,1165.4727984078647,1193.6490990146663,1157.788437211566,1178.2802734375,12546,0.0,0.0
2013-08-08 00:00:00+09:00,1174.4379896547819,1179.5610003035497,1159.0691640776158,1178.2802734375,40203,0.0,0.0
2013-08-09 00:00:00+09:00,1183.403006088094,1198.7718293949604,1159.0689928586578,1180.841552734375,10659,0.0,0.0
2013-08-12 00:00:00+09:00,1198.7720076884273,1206.4564720770484,1153.9461545931806,1191.087646484375,23063,0.0,0.0
2013-08-13 00:00:00+09:00,1175.7185803648883,1201.3334242732228,1162.9112100029995,1194.9296875,7170,0.0,0.0
2013-08-14 00:00:00+09:00,1203.894893171303,1206.4563466396683,1134.7349272335339,1187.2452392578125,57456,0.0,0.0
2013-08-16 00:00:00+09:00,1185.9645248931345,1185.9645248931345,1139.8579492434396,1157.788330078125,42474,0.0,0.0
2013-08-19 00:00:00+09:00,1157.7884383797755,1252.563155224206,1147.5425202564704,1191.087646484375,320456,0.0,0.0
2013-08-20 00:00:00+09:00,1191.0873923102931,1191.0873923102931,1160.3496444997108,1161.63037109375,91208,0.0,0.0
2013-08-21 00:00:00+09:00,1152.6652312721878,1162.9111476492378,1134.7348518162128,1155.2266845703125,104263,0.0,0.0
2013-08-22 00:00:00+09:00,1142.4192658140676,1165.472550875868,1129.6118966891283,1161.63037109375,74830,0.0,0.0
2013-08-23 00:00:00+09:00,1160.3499079463525,1189.8069358508394,1141.1387983049665,1183.4031982421875,21393,0.0,0.0
2013-08-26 00:00:00+09:00,1194.929841002432,1194.929841002432,1139.85806914252,1166.7535400390625,11371,0.0,0.0
2013-08-27 00:00:00+09:00,1175.7187165208318,1189.8069184165167,1155.2268802948977,1178.2802734375,11035,0.0,0.0
2013-08-28 00:00:00+09:00,1191.087713963489,1191.087713963489,1152.6654930282048,1164.192138671875,16945,0.0,0.0
2013-08-29 00:00:00+09:00,1159.0689928586578,1192.3681960106633,1159.0689928586578,1180.841552734375,30386,0.0,0.0
2013-08-30 00:00:00+09:00,1229.509905035819,1246.1595626165615,1198.7721470914655,1209.01806640625,278223,0.0,0.0
2013-09-02 00:00:00+09:00,1214.1408710198662,1237.1941597585196,1209.0178606420748,1226.9482421875,94515,0.0,0.0
2013-09-03 00:00:00+09:00,1226.9482421875,1238.4748865568267,1219.2637782130944,1226.9482421875,60786,0.0,0.0
2013-09-04 00:00:00+09:00,1216.7023246164802,1234.6327061619056,1211.579417423252,1226.9482421875,17226,0.0,0.0
2013-09-05 00:00:00+09:00,1216.7021521323604,1229.509521484375,1216.7021521323604,1229.509521484375,24657,0.0,0.0
2013-09-06 00:00:00+09:00,1219.2637782130944,1232.0712525652914,1215.4215978181733,1226.9482421875,39118,0.0,0.0
2013-09-09 00:00:00+09:00,1226.9483815790834,1232.0713925388916,1206.456544109,1210.298828125,41012,0.0,0.0
2013-09-10 00:00:00+09:00,1211.5796236233816,1221.825542938166,1196.2106930589146,1209.01806640625,110253,0.0,0.0
2013-09-11 00:00:00+09:00,1211.579399959478,1226.9482245021989,1203.8949360958368,1221.8253173828125,212477,0.0,0.0
2013-09-12 00:00:00+09:00,1217.982823246303,1229.5094654563081,1206.4561810362977,1219.2635498046875,61132,0.0,0.0
2013-09-13 00:00:00+09:00,1209.0176341530669,1228.2287388979237,1201.3332748027592,1219.2635498046875,32868,0.0,0.0
2013-09-16 00:00:00+09:00,1228.2289512820455,1228.2289512820455,1207.7371164353765,1221.8253173828125,49057,0.0,0.0
2013-09-17 00:00:00+09:00,1216.7023070788644,1229.5096780618921,1210.2986731796314,1221.8253173828125,24723,0.0,0.0
2013-09-23 00:00:00+09:00,1219.2635498046875,1239.755381107929,1216.7020966879184,1219.2635498046875,98511,0.0,0.0
2013-09-24 00:00:00+09:00,1221.8254559460488,1224.386909796228,1203.895072625647,1214.1409912109375,24769,0.0,0.0
2013-09-25 00:00:00+09:00,1212.8600001711027,1228.2288231100074,1198.7718006938433,1205.175537109375,72009,0.0,0.0
2013-09-26 00:00:00+09:00,1205.1756266510938,1237.1941047385478,1203.8948999097427,1216.7022705078125,43230,0.0,0.0
2013-09-27 00:00:00+09:00,1217.983033858711,1232.071234806147,1209.0178432152231,1221.8253173828125,46011,0.0,0.0
2013-09-30 00:00:00+09:00,1220.54452342344,1233.3518937015422,1203.894869832718,1232.0711669921875,118578,0.0,0.0
2013-10-01 00:00:00+09:00,1224.3866150173885,1235.9132577526566,1220.5444351671488,1229.509521484375,66458,0.0,0.0
2013-10-02 00:00:00+09:00,1226.9483828295436,1252.5632312855407,1223.1062019942026,1248.720947265625,111246,0.0,0.0
2013-10-04 00:00:00+09:00,1251.2821535630142,1251.2821535630142,1216.7022233335977,1235.913330078125,46242,0.0,0.0
2013-10-07 00:00:00+09:00,1239.7555802797635,1255.124507818548,1226.9482094538168,1238.474853515625,67438,0.0,0.0
2013-10-08 00:00:00+09:00,1238.4747664899185,1255.1244196228963,1234.6325864674866,1239.7554931640625,25337,0.0,0.0
2013-10-10 00:00:00+09:00,1226.9482094538168,1244.8785905208786,1226.9482094538168,1238.474853515625,45444,0.0,0.0
2013-10-11 00:00:00+09:00,1232.0712368657125,1244.8786078701494,1228.2289533351882,1234.6326904296875,113906,0.0,0.0
2013-10-14 00:00:00+09:00,1234.6327061619056,1252.5630877073309,1226.9482421875,1226.9482421875,28010,0.0,0.0
2013-10-15 00:00:00+09:00,1214.1406988988672,1243.597720637685,1214.1406988988672,1229.509521484375,74217,0.0,0.0
2013-10-16 00:00:00+09:00,1229.5096428663571,1237.1941065100254,1220.5445556640625,1220.5445556640625,24799,0.0,0.0
2013-10-17 00:00:00+09:00,1224.38671875,1241.0362693628392,1215.4215284886754,1224.38671875,41883,0.0,0.0
2013-10-18 00:00:00+09:00,1229.5096256510099,1229.5096256510099,1214.140801763423,1224.38671875,36458,0.0,0.0
2013-10-21 00:00:00+09:00,1232.0710779024168,1232.0710779024168,1215.4214255156137,1229.509521484375,25116,0.0,0.0
2013-10-22 00:00:00+09:00,1224.3867885908858,1233.3519793635985,1216.7023246164802,1226.9482421875,32241,0.0,0.0
2013-10-23 00:00:00+09:00,1216.702359209203,1230.7904575756902,1215.421632374483,1228.22900390625,25495,0.0,0.0
2013-10-24 00:00:00+09:00,1228.2288499122137,1265.370336200601,1219.263660008653,1239.7554931640625,64594,0.0,0.0
2013-10-25 00:00:00+09:00,1250.001353721418,1250.001353721418,1221.8251617838953,1229.509521484375,24179,0.0,0.0
2013-10-28 00:00:00+09:00,1232.0711669921875,1234.6326204108968,1220.54452342344,1232.0711669921875,88040,0.0,0.0
2013-10-29 00:00:00+09:00,1228.2289185435434,1239.7555624394813,1223.1060115607083,1233.3519287109375,25641,0.0,0.0
2013-10-30 00:00:00+09:00,1221.8253040488366,1244.8785922036147,1221.8253040488366,1242.317138671875,86674,0.0,0.0
2013-10-31 00:00:00+09:00,1235.913348041575,1246.159264908606,1230.7903380157816,1241.0362548828125,5890,0.0,0.0
2013-11-01 00:00:00+09:00,1238.475028520141,1256.4054121208817,1238.475028520141,1248.720947265625,55793,0.0,0.0
2013-11-04 00:00:00+09:00,1250.0016742107387,1255.124685175768,1233.3521207396866,1248.720947265625,47503,0.0,0.0
2013-11-05 00:00:00+09:00,1246.1591170843958,1248.720570201165,1206.4561810362977,1219.2635498046875,69135,0.0,0.0
2013-11-06 00:00:00+09:00,1219.263725736319,1233.3519262804707,1215.421545506764,1220.5445556640625,23888,0.0,0.0
2013-11-07 00:00:00+09:00,1244.8783522416024,1264.08945639565,1225.667248087555,1255.124267578125,152628,0.0,0.0
2013-11-08 00:00:00+09:00,1253.8439582306544,1255.124685175768,1228.229109774657,1248.720947265625,52585,0.0,0.0
2013-11-11 00:00:00+09:00,1248.7208929168971,1248.7208929168971,1207.737219718715,1225.6676025390625,36917,0.0,0.0
2013-11-12 00:00:00+09:00,1225.6673965639259,1239.7554931640625,1206.4562900826604,1239.7554931640625,16463,0.0,0.0
2013-11-13 00:00:00+09:00,1238.474853515625,1265.3704251162176,1212.8601118637316,1238.474853515625,22202,0.0,0.0
2013-11-14 00:00:00+09:00,1238.4747664899185,1253.8436929487523,1216.7022066603652,1239.7554931640625,5560,0.0,0.0
2013-11-15 00:00:00+09:00,1260.2475063558422,1260.2475063558422,1242.3172271717908,1253.8438720703125,41263,0.0,0.0
2013-11-18 00:00:00+09:00,1257.6859480540852,1262.808958241054,1244.8785773635022,1258.9666748046875,50064,0.0,0.0
2013-11-19 00:00:00+09:00,1264.0897725373177,1264.0897725373177,1250.0015709358822,1257.68603515625,38854,0.0,0.0
2013-11-20 00:00:00+09:00,1257.6857938740125,1424.1819019944624,1257.6857938740125,1370.390869140625,862540,0.0,0.0
2013-11-21 00:00:00+09:00,1406.2516936586374,1406.2516936586374,1326.8459129450832,1334.5302734375,223584,0.0,0.0
2013-11-22 00:00:00+09:00,1355.0219549776668,1434.4278299210096,1329.407216522455,1408.81298828125,285443,0.0,0.0
2013-11-25 00:00:00+09:00,1406.2515835361728,1406.2515835361728,1367.8293713446658,1393.4442138671875,115797,0.0,0.0
2013-11-26 00:00:00+09:00,1401.1288574462135,1449.7968890950447,1398.5673006347768,1429.3050537109375,236986,0.0,0.0
2013-11-27 00:00:00+09:00,1429.30515356262,1431.8667105530078,1367.829643115601,1378.0755615234375,116717,0.0,0.0
2013-11-28 00:00:00+09:00,1383.1982254566165,1534.3254066857871,1383.1982254566165,1436.9892578125,991323,0.0,0.0
2013-11-29 00:00:00+09:00,1436.9892993856527,1641.907518899141,1424.1819300131626,1626.5386962890625,1717155,0.0,0.0
2013-12-02 00:00:00+09:00,1664.9610069823373,1828.8956749269855,1652.1535336607456,1739.2437744140625,2792773,0.0,0.0
2013-12-03 00:00:00+09:00,1728.9980513539106,1787.9121015264257,1705.9446600790827,1754.61279296875,817749,0.0,0.0
2013-12-04 00:00:00+09:00,1749.4899068304996,1818.64977192794,1705.944680469499,1767.4202880859375,544387,0.0,0.0
2013-12-05 00:00:00+09:00,1767.4202900734854,1767.4202900734854,1667.5225694632052,1688.014404296875,569375,0.0,0.0
2013-12-06 00:00:00+09:00,1672.645514082374,1939.0393728929998,1672.645514082374,1915.986083984375,1579393,0.0,0.0
2013-12-09 00:00:00+09:00,1921.109124717313,1921.109124717313,1823.772848718583,1862.195068359375,753786,0.0,0.0
2013-12-10 00:00:00+09:00,1880.1253457112362,2003.0763591102343,1844.264581877579,1867.31787109375,998903,0.0,0.0
2013-12-11 00:00:00+09:00,1869.879215605005,1959.5311199564744,1810.9653723629058,1846.825927734375,368289,0.0,0.0
2013-12-12 00:00:00+09:00,1857.072079614571,1869.87934802237,1757.1743541880733,1775.104736328125,468926,0.0,0.0
2013-12-13 00:00:00+09:00,1810.9655411271392,1926.2319912219907,1731.5596497456092,1818.64990234375,564125,0.0,0.0
2013-12-16 00:00:00+09:00,1846.8256911230687,2090.1662188921814,1828.8955189190683,1972.338134765625,1669252,0.0,0.0
2013-12-17 00:00:00+09:00,1997.953716892241,2033.8142791146186,1908.301795413402,1933.916748046875,577427,0.0,0.0
2013-12-18 00:00:00+09:00,1926.2314030653297,2151.641533319565,1921.1084971518203,2074.797119140625,1009701,0.0,0.0
2013-12-19 00:00:00+09:00,2105.535360886312,2115.7811746282828,2031.252385780571,2087.60498046875,389954,0.0,0.0
2013-12-20 00:00:00+09:00,2087.605505249746,2100.4127756466933,2005.6381492326232,2021.007080078125,372946,0.0,0.0
2013-12-23 00:00:00+09:00,1985.1461522711347,2074.7978633928788,1946.723931399202,1995.3919677734375,388179,0.0,0.0
2013-12-24 00:00:00+09:00,2049.183134158483,2049.183134158483,1944.1624925997478,1949.285400390625,360247,0.0,0.0
2013-12-26 00:00:00+09:00,1933.9166430802732,1980.0232251273585,1926.232075159661,1939.03955078125,220400,0.0,0.0
2013-12-27 00:00:00+09:00,2031.1239185180734,2131.101387832213,1957.456086424116,2078.481689453125,474091,60.60606,0.0
2013-12-30 00:00:00+09:00,2078.4816562096835,2154.78023883597,2062.695662160695,2091.636474609375,197745,0.0,0.0
2014-01-02 00:00:00+09:00,2075.850728975587,2102.1605782062525,2004.8138604926198,2007.44482421875,199851,0.0,0.0
2014-01-03 00:00:00+09:00,2007.44482421875,2025.8617822710244,1923.2533490744936,2007.44482421875,194195,0.0,0.0
2014-01-06 00:00:00+09:00,2046.9097243028068,2046.9097243028068,1920.6221923828125,1920.6221923828125,226650,0.0,0.0
2014-01-07 00:00:00+09:00,1944.301097080521,1975.8728709417119,1841.692461085299,1967.97998046875,457835,0.0,0.0
2014-01-08 00:00:00+09:00,2025.861890787739,2025.861890787739,1923.2534520949152,1960.087158203125,287538,0.0,0.0
2014-01-09 00:00:00+09:00,1960.0870009565797,1970.6110675499067,1891.6813099927024,1896.9432373046875,327313,0.0,0.0
2014-01-10 00:00:00+09:00,1923.2537507556096,1923.2537507556096,1833.7999055374871,1844.323974609375,432121,0.0,0.0
2014-01-13 00:00:00+09:00,1833.7994224135052,1899.5743598528898,1833.7994224135052,1875.895263671875,191660,0.0,0.0
2014-01-14 00:00:00+09:00,1860.1096796170623,2017.9689951071414,1860.1096796170623,1986.397216796875,557030,0.0,0.0
2014-01-15 00:00:00+09:00,2002.1828948805146,2154.7802746378675,1928.5152747101713,2065.32666015625,539688,0.0,0.0
2014-01-16 00:00:00+09:00,2102.160540058525,2133.7323161685204,2044.278703225948,2060.064697265625,225799,0.0,0.0
2014-01-17 00:00:00+09:00,2181.0900546794273,2367.890380859375,2154.7802063078534,2367.890380859375,2843227,0.0,0.0
2014-01-20 00:00:00+09:00,2491.5473314100363,2552.06014045801,2396.8315657790467,2473.13037109375,1864909,0.0,0.0
2014-01-21 00:00:00+09:00,2462.6059568869714,2494.1779449840146,2388.938337942801,2417.879150390625,681268,0.0,0.0
2014-01-22 00:00:00+09:00,2417.8794614747485,2483.654197841908,2373.1526492238554,2441.558349609375,657310,0.0,0.0
2014-01-23 00:00:00+09:00,2465.237240858577,2465.237240858577,2352.1045258373774,2370.521484375,485255,0.0,0.0
2014-01-24 00:00:00+09:00,2391.5697194542336,2438.9274979043257,2354.7357975622076,2394.20068359375,419314,0.0,0.0
2014-01-27 00:00:00+09:00,2359.997695168967,2423.141463933469,2296.8539264044653,2407.35546875,425096,0.0,0.0
2014-01-28 00:00:00+09:00,2473.1300234254145,2486.2850537932763,2346.842494983636,2373.15234375,436167,0.0,0.0
2014-01-29 00:00:00+09:00,2373.1523428480114,2431.0341796875,2359.9975244545085,2431.0341796875,268616,0.0,0.0
2014-02-03 00:00:00+09:00,2373.15255060043,2415.248397083545,2317.901884572203,2381.045654296875,262003,0.0,0.0
2014-02-04 00:00:00+09:00,2331.0565342569757,2346.842528530188,2294.222830245296,2315.270751953125,2368367,0.0,0.0
2014-02-05 00:00:00+09:00,2362.62848888204,2391.569301326278,2304.746652024206,2328.425537109375,657723,0.0,0.0
2014-02-06 00:00:00+09:00,2352.1046273588727,2415.248397083545,2278.4370019981106,2381.045654296875,575612,0.0,0.0
2014-02-07 00:00:00+09:00,2407.355155984933,2454.712923413216,2362.6283520838497,2428.403076171875,354129,0.0,0.0
2014-02-10 00:00:00+09:00,2444.1893117013565,2581.000700499765,2378.4145810902714,2486.28515625,1578003,0.0,0.0
2014-02-11 00:00:00+09:00,2517.85725441626,2538.90517937179,2454.7134795496686,2483.654296875,809985,0.0,0.0
2014-02-12 00:00:00+09:00,2502.0708022763342,2723.073868097374,2478.3919175076053,2591.5244140625,2214491,0.0,0.0
2014-02-13 00:00:00+09:00,2596.7867579801523,2762.5389644246184,2591.524618307324,2644.14453125,1084261,0.0,0.0
2014-02-14 00:00:00+09:00,2657.299352459088,2749.3841471840174,2620.4656465384887,2630.989501953125,711496,0.0,0.0
2014-02-17 00:00:00+09:00,2630.9892926668335,2644.144322858063,2446.8201418057524,2591.5244140625,1466655,0.0,0.0
2014-02-18 00:00:00+09:00,2612.572335186854,2628.3583290224587,2575.7386321962513,2591.5244140625,352004,0.0,0.0
2014-02-19 00:00:00+09:00,2628.35839761959,2670.4542409669516,2594.15565738071,2596.78662109375,353387,0.0,0.0
2014-02-20 00:00:00+09:00,2617.834542767431,2683.6092715015125,2578.3696631331095,2596.78662109375,377071,0.0,0.0
2014-02-21 00:00:00+09:00,2612.5724033719894,2644.144391867191,2583.631590559189,2596.78662109375,234458,0.0,0.0
2014-02-24 00:00:00+09:00,2602.0485485198296,2657.2992104323907,2570.4765600246283,2596.78662109375,192472,0.0,0.0
2014-02-25 00:00:00+09:00,2591.524270656694,2599.4173731223977,2544.166503739848,2557.321533203125,325492,0.0,0.0
2014-02-26 00:00:00+09:00,2557.3221953506204,2604.6799745294466,2523.1192370718018,2565.215087890625,164574,0.0,0.0
2014-02-27 00:00:00+09:00,2565.215087890625,2596.787081989442,2528.3811654318047,2565.215087890625,128482,0.0,0.0
2014-02-28 00:00:00+09:00,2596.7861360388915,2894.087735680998,2554.6903005546305,2815.158203125,1764546,0.0,0.0
2014-03-03 00:00:00+09:00,2828.313718669459,2907.2434827139555,2802.0038679777517,2841.46875,497999,0.0,0.0
2014-03-04 00:00:00+09:00,2828.313718669459,2920.398514044496,2802.0038679777517,2841.46875,465788,0.0,0.0
2014-03-05 00:00:00+09:00,2854.6236735609277,3012.4829837209386,2854.6236735609277,2933.55322265625,588512,0.0,0.0
2014-03-06 00:00:00+09:00,2946.707975053224,3012.4826990689,2894.088068659076,2973.017822265625,313170,0.0,0.0
2014-03-07 00:00:00+09:00,2973.0180677866315,2986.173098463888,2894.088307661819,2959.863037109375,342592,0.0,0.0
2014-03-10 00:00:00+09:00,2959.8631447765692,2973.0181759323495,2854.6237434078103,2880.93359375,316572,0.0,0.0
2014-03-11 00:00:00+09:00,2880.9332510375484,2986.1728518564987,2828.3133446434003,2973.017822265625,323383,0.0,0.0
2014-03-12 00:00:00+09:00,2986.1729200664417,2986.1729200664417,2867.7782869522566,2894.088134765625,200346,0.0,0.0
2014-03-13 00:00:00+09:00,2880.933876360604,3038.79320586862,2828.3139585450035,2854.6240234375,595828,0.0,0.0
2014-03-14 00:00:00+09:00,2854.623502237464,2920.3982285207044,2802.00359402926,2867.7783203125,191053,0.0,0.0
2014-03-17 00:00:00+09:00,2880.933202563846,2959.8627428730047,2775.693603515625,2775.693603515625,300458,0.0,0.0
2014-03-18 00:00:00+09:00,3025.6377928325946,3183.497314453125,2986.1731243968275,3183.497314453125,922907,0.0,0.0
2014-03-19 00:00:00+09:00,3380.821245754139,3472.905818338733,3170.342041015625,3170.342041015625,2820384,0.0,0.0
2014-03-20 00:00:00+09:00,3170.3422121992407,3472.906005859375,3144.0323631786555,3472.906005859375,1607327,0.0,0.0
2014-03-21 00:00:00+09:00,3486.0614061745364,3722.85049641839,3393.9766068795943,3591.301025390625,2059615,0.0,0.0
2014-03-24 00:00:00+09:00,3591.300505627852,3683.3850796261686,3472.9058716562868,3578.145263671875,1475727,0.0,0.0
2014-03-25 00:00:00+09:00,3578.1457740708543,3578.1457740708543,3354.5119281531543,3367.666748046875,917010,0.0,0.0
2014-03-26 00:00:00+09:00,3407.1312105100037,3578.1453317749333,3354.5115135006954,3525.525634765625,840104,0.0,0.0
2014-03-27 00:00:00+09:00,3499.21556115861,3893.864111218351,3499.21556115861,3749.159423828125,2944533,0.0,0.0
2014-03-28 00:00:00+09:00,3749.160472278414,3801.7806045566017,3683.3859428388864,3722.850830078125,1289498,0.0,0.0
2014-03-31 00:00:00+09:00,3775.470255374346,3801.780319541001,3683.3856666992124,3736.00537109375,944040,0.0,0.0
2014-04-01 00:00:00+09:00,3499.2162311872858,3578.145786737163,3407.131643727738,3564.990966796875,7025201,0.0,0.0
2014-04-02 00:00:00+09:00,3630.7657003668874,3696.540220130132,3525.5258752314567,3551.8359375,2315402,0.0,0.0
2014-04-03 00:00:00+09:00,3551.835728723073,3604.455426228431,3499.215819248356,3512.370849609375,968708,0.0,0.0
2014-04-04 00:00:00+09:00,3512.371263096957,3578.145786737163,3472.906379337327,3564.990966796875,601279,0.0,0.0
2014-04-07 00:00:00+09:00,3551.8359375,3643.920519531788,3525.5258752314567,3551.8359375,562346,0.0,0.0
2014-04-08 00:00:00+09:00,3551.835795693124,3709.6948911856402,3525.525734475009,3683.38525390625,1225398,0.0,0.0
2014-04-09 00:00:00+09:00,3696.5398948344596,3709.6947128417355,3591.3005028988423,3630.765380859375,730791,0.0,0.0
2014-04-10 00:00:00+09:00,3657.075019652919,3683.3850796261686,3538.6805976507057,3578.145263671875,552076,0.0,0.0
2014-04-11 00:00:00+09:00,3538.6805976507057,3643.9202016356467,3525.525567664081,3578.145263671875,364547,0.0,0.0
2014-04-14 00:00:00+09:00,3604.4556996001243,3722.850345920589,3551.8359981039453,3696.540283203125,599656,0.0,0.0
2014-04-15 00:00:00+09:00,3736.005239734277,3749.1600593856892,3630.7658346454627,3643.920654296875,458244,0.0,0.0
2014-04-16 00:00:00+09:00,3657.075192688135,3696.5400725459453,3617.610312830325,3683.38525390625,569880,0.0,0.0
2014-04-17 00:00:00+09:00,3696.5398948344596,3709.6947128417355,3617.610138913394,3630.765380859375,283998,0.0,0.0
2014-04-18 00:00:00+09:00,3643.920654296875,3696.540356841282,3578.1457081622975,3643.920654296875,330660,0.0,0.0
2014-04-21 00:00:00+09:00,3657.075124845939,3657.075124845939,3446.59612279114,3499.2158203125,869682,0.0,0.0
2014-04-22 00:00:00+09:00,3499.2162311872858,3604.4558505565055,3486.061411246998,3564.990966796875,295389,0.0,0.0
2014-04-23 00:00:00+09:00,3564.9905821908796,3578.145400711971,3433.441125163803,3486.06103515625,306507,0.0,0.0
2014-04-24 00:00:00+09:00,3459.7507994097487,3525.5255246007473,3354.5114086796307,3393.97607421875,387000,0.0,0.0
2014-04-25 00:00:00+09:00,3393.976411766225,3643.920519531788,3354.5117423021525,3551.8359375,741318,0.0,0.0
2014-04-28 00:00:00+09:00,3551.835800513448,3564.9906191709956,3433.441160779339,3446.59619140625,262208,0.0,0.0
2014-04-29 00:00:00+09:00,3486.061205767384,3630.7657003668874,3486.061205767384,3551.8359375,311516,0.0,0.0
2014-04-30 00:00:00+09:00,3591.3005028988423,3683.3850768271836,3525.525564985053,3630.765380859375,630669,0.0,0.0
2014-05-02 00:00:00+09:00,3630.7662344995033,3775.470538417508,3604.4561683604097,3722.850830078125,820987,0.0,0.0
2014-05-07 00:00:00+09:00,3722.850830078125,3788.6253595176527,3657.075876699793,3722.850830078125,300639,0.0,0.0
2014-05-08 00:00:00+09:00,4012.258939120212,4183.273287917237,3788.6248885253517,3880.70947265625,2600934,0.0,0.0
2014-05-09 00:00:00+09:00,3880.70947265625,3972.7944807259,3801.780131928874,3880.70947265625,496395,0.0,0.0
2014-05-12 00:00:00+09:00,3972.794551450634,4012.259010547503,3854.39990234375,3854.39990234375,295996,0.0,0.0
2014-05-13 00:00:00+09:00,3828.089762538068,3933.32958984375,3801.7801236657106,3933.32958984375,427541,0.0,0.0
2014-05-14 00:00:00+09:00,3946.4843790155946,3972.7944416249393,3867.554615126308,3920.17431640625,312760,0.0,0.0
2014-05-15 00:00:00+09:00,3893.864468481011,3946.4841669331922,3880.709225913922,3907.019287109375,171190,0.0,0.0
2014-05-16 00:00:00+09:00,3854.3999962633534,4012.259108313636,3841.244752305086,3959.639404296875,334550,0.0,0.0
2014-05-19 00:00:00+09:00,4025.4141825237343,4025.4141825237343,3841.2445903231865,3880.70947265625,295680,0.0,0.0
2014-05-20 00:00:00+09:00,3854.399588657194,3959.6389855615566,3854.399588657194,3907.019287109375,274701,0.0,0.0
2014-05-21 00:00:00+09:00,3893.8649146590215,4025.4143878324167,3893.8649146590215,3946.484619140625,301725,0.0,0.0
2014-05-22 00:00:00+09:00,3972.79443359375,3999.104072211161,3907.019489172729,3972.79443359375,239276,0.0,0.0
2014-05-23 00:00:00+09:00,3985.9488730037265,4249.047777734496,3933.329176845314,4078.033447265625,2498327,0.0,0.0
2014-05-26 00:00:00+09:00,4130.6533234851895,4143.808142113553,3841.244346090105,3907.019287109375,1138575,0.0,0.0
2014-05-27 00:00:00+09:00,3946.4844881139625,3972.794551450634,3841.2446587060344,3854.39990234375,545209,0.0,0.0
2014-05-28 00:00:00+09:00,3933.3292444222407,4038.568638547141,3867.554305140143,3999.103759765625,538876,0.0,0.0
2014-05-29 00:00:00+09:00,4012.258578046559,4051.723456828075,3946.484062703175,3999.103759765625,493135,0.0,0.0
2014-05-30 00:00:00+09:00,3999.103002854635,4104.342800999492,3999.103002854635,4064.8779296875,559864,0.0,0.0
2014-06-02 00:00:00+09:00,4064.8790248495243,4064.8790248495243,3920.17431640625,3920.17431640625,428514,0.0,0.0
2014-06-03 00:00:00+09:00,3920.1743464688207,3985.949291527216,3867.554644785355,3933.32958984375,332600,0.0,0.0
2014-06-05 00:00:00+09:00,3985.9490412201712,4275.3575942745165,3946.4841614511743,4156.96337890625,1932450,0.0,0.0
2014-06-09 00:00:00+09:00,4196.428490018752,4222.73812868935,3828.089733181665,3920.17431640625,1373988,0.0,0.0
2014-06-10 00:00:00+09:00,3920.173227617311,4051.72265625,3880.7083566336414,4051.72265625,554888,0.0,0.0
2014-06-11 00:00:00+09:00,4064.878450588034,4091.188085541765,3985.9486978494665,4025.41357421875,371652,0.0,0.0
2014-06-12 00:00:00+09:00,4051.723021371061,4209.58251953125,3985.948513096761,4209.58251953125,974829,0.0,0.0
2014-06-13 00:00:00+09:00,4222.7373046875,4275.356995699523,4130.652739431794,4222.7373046875,569629,0.0,0.0
2014-06-16 00:00:00+09:00,4222.73812847928,4406.907718858036,4170.118427201956,4380.59765625,1052703,0.0,0.0
2014-06-17 00:00:00+09:00,4393.7529296875,4433.217815708952,4327.9784022776075,4393.7529296875,557346,0.0,0.0
2014-06-18 00:00:00+09:00,4393.752370296114,4446.3720703125,4354.287489299141,4446.3720703125,422195,0.0,0.0
2014-06-19 00:00:00+09:00,4459.527924329305,4485.83756597316,4288.513557889068,4354.2880859375,637352,0.0,0.0
2014-06-20 00:00:00+09:00,4341.132193075403,4512.146517283748,4327.977375502051,4472.681640625,1078974,0.0,0.0
2014-06-23 00:00:00+09:00,4446.3717158621785,4472.681775742388,4314.822264338541,4341.13232421875,679826,0.0,0.0
2014-06-24 00:00:00+09:00,4314.822264338541,4393.752020040464,4288.512628397036,4341.13232421875,432168,0.0,0.0
2014-06-25 00:00:00+09:00,4327.977506247998,4393.752020040464,4288.512628397036,4341.13232421875,338919,0.0,0.0
2014-06-26 00:00:00+09:00,4380.597200779378,4380.597200779378,4327.9775049731625,4367.4423828125,273909,0.0,0.0
2014-06-27 00:00:00+09:00,4393.752549055579,4393.752549055579,4288.513144741151,4327.97802734375,154532,0.0,0.0
2014-06-30 00:00:00+09:00,4327.977575502423,4354.287211864924,4262.20263671875,4262.20263671875,246506,0.0,0.0
2014-07-01 00:00:00+09:00,4301.668336950375,4420.062995014732,4288.513516256155,4393.7529296875,444902,0.0,0.0
2014-07-02 00:00:00+09:00,4446.372636403173,4446.372636403173,4341.133222971827,4393.7529296875,383130,0.0,0.0
2014-07-03 00:00:00+09:00,4433.216763966252,4498.991699710396,4380.597069734151,4472.681640625,747912,0.0,0.0
2014-07-04 00:00:00+09:00,4709.470844545058,4827.8654837703525,4577.92138671875,4577.92138671875,1268625,0.0,0.0
2014-07-07 00:00:00+09:00,4591.076662896017,4670.006422957843,4538.456964167709,4564.7666015625,510668,0.0,0.0
2014-07-08 00:00:00+09:00,4577.921453994918,4604.231515522316,4525.301754878852,4551.61181640625,416222,0.0,0.0
2014-07-09 00:00:00+09:00,4538.456964167709,4670.006422957843,4538.456964167709,4564.7666015625,464230,0.0,0.0
2014-07-10 00:00:00+09:00,4630.541402537212,4709.470736267314,4564.7664631669595,4696.31591796875,629263,0.0,0.0
2014-07-11 00:00:00+09:00,4709.470844545058,4788.400604028588,4564.766568117737,4577.92138671875,566217,0.0,0.0
2014-07-14 00:00:00+09:00,4577.921384186303,4643.696325032433,4538.456928405094,4604.2314453125,431811,0.0,0.0
2014-07-15 00:00:00+09:00,4591.0767752809825,4643.696475297368,4446.3720703125,4446.3720703125,794237,0.0,0.0
2014-07-16 00:00:00+09:00,4472.680885901639,4472.680885901639,4143.807110552695,4235.89208984375,1029834,0.0,0.0
2014-07-17 00:00:00+09:00,4235.8933717526725,4446.372176861969,4235.8933717526725,4380.59765625,595181,0.0,0.0
2014-07-18 00:00:00+09:00,4341.132532206885,4577.92138671875,4341.132532206885,4577.92138671875,560788,0.0,0.0
2014-07-21 00:00:00+09:00,4643.696935998865,4643.696935998865,4446.372511437427,4512.1474609375,400042,0.0,0.0
2014-07-22 00:00:00+09:00,4551.611749516723,4591.076629258488,4420.062291690415,4577.92138671875,504553,0.0,0.0
2014-07-23 00:00:00+09:00,4617.386374980546,4735.781016988409,4485.8369140625,4485.8369140625,863722,0.0,0.0
2014-07-24 00:00:00+09:00,4512.146056040682,4577.920561122498,4446.371127020218,4459.5263671875,629854,0.0,0.0
2014-07-25 00:00:00+09:00,4472.682610987802,4591.077266650146,4459.527790560469,4498.99267578125,520327,0.0,0.0
2014-07-28 00:00:00+09:00,4538.456714826694,4564.7663507760435,4235.892933838248,4314.822265625,600250,0.0,0.0
2014-07-29 00:00:00+09:00,4314.822366918684,4406.907366719282,4156.963275700615,4249.0478515625,574150,0.0,0.0
2014-07-30 00:00:00+09:00,4288.513429250011,4498.99267578125,4249.048544029229,4498.99267578125,705718,0.0,0.0
2014-07-31 00:00:00+09:00,4512.147013287035,4551.611894284009,4341.132670279729,4446.3720703125,455914,0.0,0.0
2014-08-01 00:00:00+09:00,4354.286978603742,4551.61136044529,4354.286978603742,4538.45654296875,311529,0.0,0.0
2014-08-04 00:00:00+09:00,4525.301754878852,4617.38633431665,4498.992117290183,4551.61181640625,299075,0.0,0.0
2014-08-05 00:00:00+09:00,4577.921384186303,4683.161204752367,4525.301685872633,4604.2314453125,444041,0.0,0.0
2014-08-06 00:00:00+09:00,4656.851365671298,4656.851365671298,4420.0625,4420.0625,281684,0.0,0.0
2014-08-07 00:00:00+09:00,4420.062116505825,4498.991872861055,4196.428089458476,4275.357421875,582483,0.0,0.0
2014-08-08 00:00:00+09:00,4288.512697019961,4341.132393683673,4209.582940055038,4262.20263671875,430359,0.0,0.0
2014-08-11 00:00:00+09:00,4275.357420379972,4354.287176707601,4262.202602304936,4301.66748046875,339830,0.0,0.0
2014-08-12 00:00:00+09:00,4314.82243700831,4327.97767944421,4064.8787658682904,4196.42822265625,581598,0.0,0.0
2014-08-13 00:00:00+09:00,4222.737828356541,4262.2027074943335,4117.498433281576,4183.27294921875,331970,0.0,0.0
2014-08-14 00:00:00+09:00,4209.5829075381125,4314.822300052615,4143.807969262519,4275.357421875,293106,0.0,0.0
2014-08-18 00:00:00+09:00,4301.6668745566885,4446.371124815862,4301.6668745566885,4433.21630859375,360838,0.0,0.0
2014-08-19 00:00:00+09:00,4538.457075264597,4630.5416562779565,4433.217251293088,4446.3720703125,615859,0.0,0.0
2014-08-20 00:00:00+09:00,4420.061790241327,4656.850617889871,4420.061790241327,4643.69580078125,720083,0.0,0.0
2014-08-21 00:00:00+09:00,4656.851376626278,4880.485423602685,4577.921613237253,4827.86572265625,727019,0.0,0.0
2014-08-22 00:00:00+09:00,4801.555700601717,4841.020579143755,4643.696186433564,4735.78076171875,592775,0.0,0.0
2014-08-25 00:00:00+09:00,4670.007133031665,4827.866253219043,4564.767295634621,4788.4013671875,605193,0.0,0.0
2014-08-26 00:00:00+09:00,4788.400947683976,4841.021073741935,4696.3163629906785,4762.09130859375,361046,0.0,0.0
2014-08-27 00:00:00+09:00,4735.780336550311,4788.400028569373,4604.230894533322,4683.16064453125,365682,0.0,0.0
2014-08-28 00:00:00+09:00,4683.16064453125,4748.935153570409,4604.230894533322,4683.16064453125,291271,0.0,0.0
2014-08-29 00:00:00+09:00,4670.006686140034,4998.880139679948,4604.231741068801,4801.55615234375,568910,0.0,0.0
2014-09-01 00:00:00+09:00,4801.555269528143,4814.71008654824,4604.230894533322,4683.16064453125,323957,0.0,0.0
2014-09-02 00:00:00+09:00,4683.161953729248,4827.866253219043,4617.387002363747,4788.4013671875,252717,0.0,0.0
2014-09-03 00:00:00+09:00,4735.781034147677,4972.570319021365,4722.626215189829,4919.9501953125,499484,0.0,0.0
2014-09-04 00:00:00+09:00,4893.640038555722,5025.189486003075,4893.640038555722,4985.724609375,442038,0.0,0.0
2014-09-05 00:00:00+09:00,4985.724994878636,5169.8941507574245,4959.414933779356,5051.49951171875,565791,0.0,0.0
2014-09-11 00:00:00+09:00,5025.1890837188375,5038.343900228876,4801.555083354901,4867.32958984375,707401,0.0,0.0
2014-09-12 00:00:00+09:00,4867.330638819065,4919.950340138129,4775.246055526015,4814.7109375,162884,0.0,0.0
2014-09-15 00:00:00+09:00,4762.091236180935,4919.950340138129,4762.091236180935,4814.7109375,232402,0.0,0.0
2014-09-16 00:00:00+09:00,4827.865756845079,4854.175819473985,4748.935992897108,4814.7109375,98904,0.0,0.0
2014-09-17 00:00:00+09:00,4814.710933486775,4985.7252805852495,4788.400870879798,4841.02099609375,268488,0.0,0.0
2014-09-18 00:00:00+09:00,4867.330110886999,4906.79498858045,4801.555597357049,4854.17529296875,144094,0.0,0.0
2014-09-19 00:00:00+09:00,4906.795822786159,4972.570771437228,4841.021298073863,4959.41552734375,247562,0.0,0.0
2014-09-22 00:00:00+09:00,4959.415076124782,4998.879956937063,4867.33049554237,4919.9501953125,194795,0.0,0.0
2014-09-23 00:00:00+09:00,4959.415069620669,5012.03476932179,4893.640550978951,4972.5703125,227775,0.0,0.0
2014-09-24 00:00:00+09:00,4998.8801073955365,5248.82421875,4880.485461395198,5248.82421875,279493,0.0,0.0
2014-09-25 00:00:00+09:00,5183.049274103563,5261.979038103788,5038.344989395649,5248.82421875,187400,0.0,0.0
2014-09-26 00:00:00+09:00,5169.893874949896,5340.908203125,5156.739057071411,5340.908203125,184697,0.0,0.0
2014-09-29 00:00:00+09:00,5340.908306897851,5419.83806357975,5156.739157265889,5222.513671875,159726,0.0,0.0
2014-09-30 00:00:00+09:00,5209.358921825493,5301.443497844989,5077.809466949255,5169.89404296875,162772,0.0,0.0
2014-10-01 00:00:00+09:00,5117.275470445903,5196.205245506037,5051.500516582856,5064.65576171875,184479,0.0,0.0
2014-10-02 00:00:00+09:00,5038.3455816035985,5130.43017578125,4919.950921687134,5130.43017578125,187740,0.0,0.0
2014-10-06 00:00:00+09:00,5117.274179497255,5367.21826282067,5012.034364653276,5340.908203125,212272,0.0,0.0
2014-10-07 00:00:00+09:00,5354.062353308031,5564.541532808812,5314.597480655469,5525.07666015625,427647,0.0,0.0
2014-10-08 00:00:00+09:00,5459.303966875221,5682.938036834208,5459.303966875221,5617.1630859375,297013,0.0,0.0
2014-10-10 00:00:00+09:00,5604.007068126151,5617.161885919659,5406.68310546875,5406.68310546875,162297,0.0,0.0
2014-10-13 00:00:00+09:00,5275.133861232969,5340.908376701732,5117.274345805998,5169.89404296875,241936,0.0,0.0
2014-10-14 00:00:00+09:00,5117.274824743053,5314.598813556041,5090.964761729902,5196.20458984375,150225,0.0,0.0
2014-10-15 00:00:00+09:00,5301.443740085358,5419.838382065426,5130.42939853817,5393.5283203125,194505,0.0,0.0
2014-10-16 00:00:00+09:00,5301.443460315639,5419.8380960477425,5209.3588849480175,5235.6689453125,140448,0.0,0.0
2014-10-17 00:00:00+09:00,5261.978090313514,5340.907840096871,5117.273831669808,5209.3583984375,134204,0.0,0.0
2014-10-20 00:00:00+09:00,5222.5147699589015,5261.979656597723,5051.500402503607,5130.43017578125,192409,0.0,0.0
2014-10-21 00:00:00+09:00,5169.893586676221,5222.513279194783,5104.119077012689,5156.73876953125,116562,0.0,0.0
2014-10-22 00:00:00+09:00,5235.669506046422,5590.85302734375,5130.429677256145,5590.85302734375,468217,0.0,0.0
2014-10-23 00:00:00+09:00,5564.541477832686,5761.865839145985,5525.076605570026,5630.31640625,261010,0.0,0.0
2014-10-24 00:00:00+09:00,5722.402382022248,5814.486965427911,5525.077971911007,5682.9375,257812,0.0,0.0
2014-10-27 00:00:00+09:00,5682.937303839756,5682.937303839756,5380.373501405404,5393.5283203125,153103,0.0,0.0
2014-10-28 00:00:00+09:00,5511.923261735731,5590.85302734375,5393.528613323703,5590.85302734375,104916,0.0,0.0
2014-10-29 00:00:00+09:00,5630.317525451807,5630.317525451807,5446.1479436370455,5498.76806640625,118648,0.0,0.0
2014-10-30 00:00:00+09:00,5498.768072041885,5498.768072041885,5367.218612861504,5446.14794921875,84364,0.0,0.0
2014-10-31 00:00:00+09:00,5432.9931610964295,5630.3175629482585,5380.373461915518,5459.30322265625,134220,0.0,0.0
2014-11-03 00:00:00+09:00,5511.922495694204,5604.007068126151,5406.68310546875,5406.68310546875,98795,0.0,0.0
2014-11-04 00:00:00+09:00,5419.83830619117,5525.077703852125,5301.443665868551,5498.76806640625,201682,0.0,0.0
2014-11-05 00:00:00+09:00,5564.542589662711,5564.542589662711,5367.218612861504,5446.14794921875,225489,0.0,0.0
2014-11-06 00:00:00+09:00,5485.612505296215,5498.767747194198,5261.978480294945,5327.75341796875,132858,0.0,0.0
2014-11-07 00:00:00+09:00,5314.598522886767,5459.303225636684,5301.44370406904,5432.9931640625,100818,0.0,0.0
2014-11-10 00:00:00+09:00,5525.077315411173,5525.077315411173,5327.753352685076,5354.06298828125,54908,0.0,0.0
2014-11-11 00:00:00+09:00,5314.597950195746,5590.852083170501,5248.823439256118,5551.38720703125,244774,0.0,0.0
2014-11-12 00:00:00+09:00,5551.38720703125,5577.696841831627,5459.30263735256,5551.38720703125,78922,0.0,0.0
2014-11-13 00:00:00+09:00,5564.542583959665,5630.317525451807,5459.30318629871,5498.76806640625,60109,0.0,0.0
2014-11-14 00:00:00+09:00,5459.303262725449,5564.5426618596875,5327.753801838284,5393.5283203125,94290,0.0,0.0
2014-11-17 00:00:00+09:00,5459.3037301801105,5459.3037301801105,4893.640957536369,5025.1904296875,319482,0.0,0.0
2014-11-18 00:00:00+09:00,4998.880257628538,5130.429726936164,4959.415374442375,5090.96484375,175995,0.0,0.0
2014-11-19 00:00:00+09:00,5130.429418331756,5169.894299144037,4880.485314500219,4919.9501953125,90090,0.0,0.0
2014-11-20 00:00:00+09:00,4919.950054099798,5143.584089658145,4919.950054099798,5051.49951171875,96145,0.0,0.0
2014-11-21 00:00:00+09:00,5196.204673559357,5196.204673559357,4972.570618130269,5090.96484375,73481,0.0,0.0
2014-11-24 00:00:00+09:00,5051.499726491134,5064.654969569452,4748.9359187097,4893.640625,291254,0.0,0.0
2014-11-25 00:00:00+09:00,4893.640557396803,4933.105438209084,4683.161334377547,4919.9501953125,139487,0.0,0.0
2014-11-26 00:00:00+09:00,4933.105963091322,4985.725668460186,4801.556487699771,4906.7958984375,146962,0.0,0.0
2014-11-27 00:00:00+09:00,5064.653852440773,5538.231900332869,5064.653852440773,5525.07666015625,633349,0.0,0.0
2014-11-28 00:00:00+09:00,5538.233024045495,5577.697480766784,5288.288921178261,5393.5283203125,377503,0.0,0.0
2014-12-01 00:00:00+09:00,5393.528280726064,5472.458041466795,5275.134063553697,5459.30322265625,135626,0.0,0.0
2014-12-02 00:00:00+09:00,5459.302869377656,5485.612505296215,5261.978480294945,5327.75341796875,107398,0.0,0.0
2014-12-03 00:00:00+09:00,5327.753948125216,5367.218829868847,5130.429539407062,5261.97900390625,231927,0.0,0.0
2014-12-04 00:00:00+09:00,5235.669052211929,5261.978689174878,5064.654716197882,5117.2744140625,220341,0.0,0.0
2014-12-05 00:00:00+09:00,5117.274447473614,5196.204206755238,5038.344688191988,5104.11962890625,182978,0.0,0.0
2014-12-08 00:00:00+09:00,5117.274452497588,5143.584089658145,5025.189874558194,5051.49951171875,109355,0.0,0.0
2014-12-09 00:00:00+09:00,5012.035077377673,5169.894610122327,4998.880257628538,5090.96484375,118974,0.0,0.0
2014-12-10 00:00:00+09:00,5104.119633917309,5117.274452497588,5012.034632039192,5051.49951171875,63455,0.0,0.0
2014-12-11 00:00:00+09:00,4998.880411746637,5051.500116304228,4946.260707189046,4959.41552734375,77926,0.0,0.0
2014-12-12 00:00:00+09:00,4933.104644791259,4959.414278475436,4696.315398001661,4709.47021484375,230264,0.0,0.0
2014-12-15 00:00:00+09:00,4709.470841939839,4709.470841939839,4420.062289245294,4604.2314453125,301200,0.0,0.0
2014-12-16 00:00:00+09:00,4604.231342001368,4696.31591796875,4354.287250696353,4696.31591796875,391812,0.0,0.0
2014-12-17 00:00:00+09:00,4683.161472232964,4880.485458164144,4670.006652887885,4814.7109375,199448,0.0,0.0
2014-12-18 00:00:00+09:00,4814.709868933708,4880.484375,4696.315249287997,4880.484375,133976,0.0,0.0
2014-12-19 00:00:00+09:00,4867.330634761978,5012.034919253478,4814.710933486775,4841.02099609375,158670,0.0,0.0
2014-12-22 00:00:00+09:00,4775.245537581848,4906.79498858045,4762.090719663598,4854.17529296875,111879,0.0,0.0
2014-12-23 00:00:00+09:00,4788.400874871094,4867.330638819065,4748.935992897108,4814.7109375,136907,0.0,0.0
2014-12-24 00:00:00+09:00,4854.175893287047,4854.175893287047,4670.006723900453,4762.09130859375,112612,0.0,0.0
2014-12-26 00:00:00+09:00,4762.091025388708,5025.189944276801,4735.780963924407,4998.8798828125,224442,0.0,0.0
2014-12-29 00:00:00+09:00,5240.397270169983,5254.994334102757,4875.466822977824,5050.63330078125,214206,50.0,1.1
2014-12-30 00:00:00+09:00,5050.633806416612,5152.814547133278,4963.050558746656,4992.2451171875,61569,0.0,0.0
2015-01-02 00:00:00+09:00,4948.452666935868,5254.993982586762,4904.661050414312,5182.0078125,212418,0.0,0.0
2015-01-05 00:00:00+09:00,5065.2306453947995,5400.966099674707,5065.2306453947995,5371.77197265625,144756,0.0,0.0
2015-01-06 00:00:00+09:00,5240.397549573448,5444.758166138362,5240.397549573448,5313.38330078125,103926,0.0,0.0
2015-01-07 00:00:00+09:00,5284.189796810693,5400.967183626299,5196.606542872685,5386.3701171875,110586,0.0,0.0
2015-01-08 00:00:00+09:00,5400.966544352658,5444.758166138362,5225.800057209842,5313.38330078125,65376,0.0,0.0
2015-01-09 00:00:00+09:00,5400.967308033998,5400.967308033998,5211.203729348104,5342.57861328125,123990,0.0,0.0
2015-01-12 00:00:00+09:00,5357.1748046875,5400.966425509611,5254.994498653421,5357.1748046875,57048,0.0,0.0
2015-01-13 00:00:00+09:00,5313.382821858883,5415.563548583826,5211.202522786459,5254.994140625,147135,0.0,0.0
2015-01-14 00:00:00+09:00,5327.981042254747,5400.966796875,5225.80030154227,5400.966796875,104187,0.0,0.0
2015-01-15 00:00:00+09:00,5430.16134640585,5459.3559047976005,5211.203227599162,5225.80029296875,116883,0.0,0.0
2015-01-16 00:00:00+09:00,5225.80029296875,5269.591916730087,5109.0229147069,5225.80029296875,146823,0.0,0.0
2015-01-19 00:00:00+09:00,5225.800206416689,5298.786387360947,5079.828272180743,5152.814453125,115056,0.0,0.0
2015-01-20 00:00:00+09:00,5152.814068773479,5225.799816621117,5050.6333375427275,5167.4111328125,100650,0.0,0.0
2015-01-21 00:00:00+09:00,5225.799934795126,5225.799934795126,5050.633451755597,5123.61962890625,169563,0.0,0.0
2015-01-22 00:00:00+09:00,5094.424439826417,5152.813545356472,4933.85546875,4933.85546875,153045,0.0,0.0
2015-01-23 00:00:00+09:00,4977.648025329672,4992.2450906462,4875.46728515625,4875.46728515625,90951,0.0,0.0
2015-01-26 00:00:00+09:00,4817.078596237562,5021.4396489318315,4802.4815309210335,4875.46728515625,202839,0.0,0.0
2015-01-27 00:00:00+09:00,4875.46728515625,4933.856401727512,4817.078596237562,4875.46728515625,50481,0.0,0.0
2015-01-28 00:00:00+09:00,4817.078596237562,4904.661843441881,4787.884037951931,4875.46728515625,68010,0.0,0.0
2015-01-29 00:00:00+09:00,4817.0783921698985,4890.064570965749,4758.689705724752,4846.27294921875,129780,0.0,0.0
2015-01-30 00:00:00+09:00,4846.272902598511,4846.272902598511,4744.092167736768,4787.8837890625,113379,0.0,0.0
2015-02-02 00:00:00+09:00,4787.883033518028,4787.883033518028,4598.119513602713,4700.2998046875,131790,0.0,0.0
2015-02-03 00:00:00+09:00,4612.716731971338,4773.2861328125,4568.925116073976,4773.2861328125,140562,0.0,0.0
2015-02-04 00:00:00+09:00,4831.675424699342,4831.675424699342,4656.508938877582,4729.4951171875,72534,0.0,0.0
2015-02-05 00:00:00+09:00,4787.883675152761,4787.883675152761,4525.133953449515,4539.7314453125,128211,0.0,0.0
2015-02-06 00:00:00+09:00,4554.328313572525,4554.328313572525,4335.370221573846,4349.96728515625,312666,0.0,0.0
2015-02-09 00:00:00+09:00,4408.356394790913,4422.9534583733175,4218.592429957042,4349.96728515625,166191,0.0,0.0
2015-02-10 00:00:00+09:00,4306.1755874117125,4568.92529296875,4262.383969818873,4568.92529296875,225885,0.0,0.0
2015-02-11 00:00:00+09:00,4568.92529296875,4612.716910561589,4452.147931156188,4568.92529296875,64959,0.0,0.0
2015-02-12 00:00:00+09:00,4568.925692000253,4568.925692000253,4408.356698571404,4495.93994140625,101823,0.0,0.0
2015-02-13 00:00:00+09:00,4525.133941030503,4685.703357514881,4510.536876860119,4598.1201171875,164718,0.0,0.0
2015-02-16 00:00:00+09:00,4671.106770658309,4671.106770658309,4554.328962404761,4656.50927734375,82281,0.0,0.0
2015-02-17 00:00:00+09:00,4685.703705761835,4685.703705761835,4452.148523414907,4525.13427734375,126492,0.0,0.0
2015-02-23 00:00:00+09:00,4495.940531153216,4554.329224817961,4364.565649668082,4510.53759765625,117741,0.0,0.0
2015-02-24 00:00:00+09:00,4525.134042858013,4627.314777307656,4466.745357210039,4612.71728515625,119880,0.0,0.0
2015-02-25 00:00:00+09:00,4612.717194017263,4641.911750090693,4525.133953449515,4539.7314453125,40674,0.0,0.0
2015-02-26 00:00:00+09:00,4554.328627411963,4554.328627411963,4422.953763159694,4495.93994140625,77784,0.0,0.0
2015-02-27 00:00:00+09:00,4466.7453515625,4510.53697265625,4379.162109375,4379.162109375,221859,0.0,0.0
2015-03-02 00:00:00+09:00,4379.1623752081705,4495.940181097913,4335.370751456088,4408.35693359375,159870,0.0,0.0
2015-03-03 00:00:00+09:00,4437.55116726762,4466.745726330446,4349.967917731729,4422.9541015625,108528,0.0,0.0
2015-03-04 00:00:00+09:00,4422.954128079222,4860.870378384095,4408.357062286588,4714.8984375,476040,0.0,0.0
2015-03-05 00:00:00+09:00,4773.286989524147,4846.273171670176,4627.315052884665,4817.07861328125,236814,0.0,0.0
2015-03-06 00:00:00+09:00,4846.273038530216,4846.273038530216,4656.509055694375,4685.70361328125,193170,0.0,0.0
2015-03-09 00:00:00+09:00,4671.106685174188,4758.689932848375,4481.342696778397,4583.5234375,169740,0.0,0.0
2015-03-10 00:00:00+09:00,4656.509398416881,4656.509398416881,4408.35713744823,4437.55126953125,220533,0.0,0.0
2015-03-11 00:00:00+09:00,4466.745849609375,4598.1207275390625,4437.551289740801,4554.3291015625,127572,0.0,0.0
2015-03-12 00:00:00+09:00,4598.120628201171,4758.690062530487,4525.1344439328295,4714.8984375,138144,0.0,0.0
2015-03-13 00:00:00+09:00,4714.897795422798,4817.078097361439,4627.3145572889525,4641.91162109375,381909,0.0,0.0
2015-03-16 00:00:00+09:00,4685.7028393785,4963.049593862534,4685.7028393785,4933.85546875,496206,0.0,0.0
2015-03-17 00:00:00+09:00,5006.841914458629,5050.633535948507,4860.869985376551,4963.05029296875,319473,0.0,0.0
2015-03-18 00:00:00+09:00,4933.8561927127475,4933.8561927127475,4773.286770422899,4846.27294921875,214689,0.0,0.0
2015-03-19 00:00:00+09:00,4875.4670317139635,4875.4670317139635,4641.911860527578,4787.8837890625,208332,0.0,0.0
2015-03-20 00:00:00+09:00,4744.092196191448,4787.883817779838,4641.911888369388,4671.1064453125,189522,0.0,0.0
2015-03-23 00:00:00+09:00,4729.495382911493,4846.273189237944,4671.106693574556,4758.68994140625,175425,0.0,0.0
2015-03-24 00:00:00+09:00,4758.688909009508,4831.674647933292,4685.702742433241,4700.2998046875,181008,0.0,0.0
2015-03-25 00:00:00+09:00,4773.286642699115,4977.647681267663,4700.300465856231,4948.453125,403599,0.0,0.0
2015-03-26 00:00:00+09:00,4904.661469288775,4904.661469288775,4773.286608504255,4831.67529296875,137280,0.0,0.0
2015-03-27 00:00:00+09:00,4904.662109375,4963.050801459551,4802.481791313887,4904.662109375,234129,0.0,0.0
2015-03-30 00:00:00+09:00,4977.647814459747,4977.647814459747,4846.27294921875,4846.27294921875,123486,0.0,0.0
2015-03-31 00:00:00+09:00,4890.064795427279,4890.064795427279,4744.092431135221,4817.07861328125,130566,0.0,0.0
2015-04-01 00:00:00+09:00,4802.481295497418,4846.2729169528575,4641.91187427662,4729.4951171875,204723,0.0,0.0
2015-04-02 00:00:00+09:00,4744.092526620765,4744.092526620765,4641.912211681776,4656.50927734375,149640,0.0,0.0
2015-04-03 00:00:00+09:00,4641.911888369388,4729.495131546169,4612.717331426276,4671.1064453125,142479,0.0,0.0
2015-04-06 00:00:00+09:00,4671.1060712061435,4714.897689287287,4583.5228350438565,4627.314453125,134076,0.0,0.0
2015-04-07 00:00:00+09:00,4627.315052884665,4860.870237038353,4583.523429127563,4817.07861328125,353094,0.0,0.0
2015-04-08 00:00:00+09:00,5036.036591711001,5109.022771822885,4860.870101564532,4919.2587890625,828495,0.0,0.0
2015-04-09 00:00:00+09:00,4948.453467044041,4948.453467044041,4817.078596237562,4875.46728515625,205818,0.0,0.0
2015-04-10 00:00:00+09:00,4875.466822977824,5138.216539682962,4758.689456210564,5050.63330078125,694797,0.0,0.0
2015-04-13 00:00:00+09:00,5196.605650719127,5211.202714651901,5006.841681330394,5050.63330078125,369858,0.0,0.0
2015-04-14 00:00:00+09:00,5006.842407743284,5254.995096518641,4875.4675303303175,5138.21728515625,703680,0.0,0.0
2015-04-15 00:00:00+09:00,5138.2161959784435,5225.7994290215565,5109.022070065743,5182.0078125,317988,0.0,0.0
2015-04-16 00:00:00+09:00,5225.800057209842,5313.38330078125,5094.425191852729,5313.38330078125,414426,0.0,0.0
2015-04-17 00:00:00+09:00,5357.174922566954,5400.966544352658,5284.189171359151,5313.38330078125,291411,0.0,0.0
2015-04-20 00:00:00+09:00,5225.800335862241,5327.98107724578,5079.8283980105,5284.189453125,548643,0.0,0.0
2015-04-21 00:00:00+09:00,5313.383419640311,5342.5779773680415,5167.411486306794,5269.591796875,357174,0.0,0.0
2015-04-22 00:00:00+09:00,5225.799778584676,5240.397270169983,4890.064314563133,5050.63330078125,459015,0.0,0.0
2015-04-23 00:00:00+09:00,5021.439675628344,5094.42543025159,4890.06480412341,4992.2451171875,415512,0.0,0.0
2015-04-24 00:00:00+09:00,4977.647920211328,5021.439542888693,4714.898184147139,4860.8701171875,517947,0.0,0.0
2015-04-27 00:00:00+09:00,4875.466363219945,5021.438699392588,4875.466363219945,4933.85546875,277419,0.0,0.0
2015-04-28 00:00:00+09:00,4919.25871693603,5021.439453125,4904.661652188702,5021.439453125,158934,0.0,0.0
2015-04-29 00:00:00+09:00,5094.426031443128,5109.023526212483,4948.454077317957,5006.8427734375,153708,0.0,0.0
2015-04-30 00:00:00+09:00,5006.842182581634,5050.633806416612,4787.884063406744,4992.2451171875,166491,0.0,0.0
2015-05-04 00:00:00+09:00,5050.634053412676,5050.634053412676,4846.273417290449,4904.662109375,117735,0.0,0.0
2015-05-06 00:00:00+09:00,4860.870237038353,4933.856419184382,4802.481547913075,4817.07861328125,123606,0.0,0.0
2015-05-07 00:00:00+09:00,4817.078127147968,5532.341100446367,4758.6894439152,5503.14697265625,1034343,0.0,0.0
2015-05-08 00:00:00+09:00,5590.730829572222,6043.24413688471,5313.38359132845,5459.35595703125,1742556,0.0,0.0
2015-05-11 00:00:00+09:00,5546.93893490897,5911.868976065887,5546.93893490897,5663.71630859375,1409412,0.0,0.0
2015-05-12 00:00:00+09:00,5722.105794177941,5999.452609231453,5488.5501763567445,5707.50830078125,662895,0.0,0.0
2015-05-13 00:00:00+09:00,5663.7164555327945,5941.063687447882,5634.522325180468,5736.70263671875,552129,0.0,0.0
2015-05-14 00:00:00+09:00,5795.090771930184,6247.604453376736,5780.493708147322,6130.82666015625,1702944,0.0,0.0
2015-05-15 00:00:00+09:00,6262.20166015625,6495.756824277898,6072.438116035695,6262.20166015625,801534,0.0,0.0
2015-05-18 00:00:00+09:00,6247.604571507681,6276.798699625413,5882.674121163183,6087.03515625,926796,0.0,0.0
2015-05-19 00:00:00+09:00,6101.632076352344,6116.229567719348,5824.285299862133,5955.66015625,481380,0.0,0.0
2015-05-20 00:00:00+09:00,6043.243905108005,6087.035527608787,5838.882857553497,5897.27197265625,380670,0.0,0.0
2015-05-21 00:00:00+09:00,5970.258077444195,6028.647195993305,5838.88320218758,5999.45263671875,362379,0.0,0.0
2015-05-22 00:00:00+09:00,5999.452282607222,6189.215837559758,5897.27197265625,5897.27197265625,540345,0.0,0.0
2015-05-26 00:00:00+09:00,5955.6599839961045,5984.854538233198,5576.132489523946,5590.72998046875,389430,0.0,0.0
2015-05-27 00:00:00+09:00,5576.133292207731,5576.133292207731,5371.77266608793,5400.966796875,403512,0.0,0.0
2015-05-28 00:00:00+09:00,5532.341939154863,5546.939432915449,5313.383809272051,5430.16162109375,265116,0.0,0.0
2015-05-29 00:00:00+09:00,5459.355166422368,5503.146784260909,5211.202522786459,5254.994140625,349098,0.0,0.0
2015-06-01 00:00:00+09:00,5342.577215629875,5357.174278586225,5109.022070065743,5182.0078125,292896,0.0,0.0
2015-06-02 00:00:00+09:00,5182.007977675851,5240.397086667408,5109.022232915183,5196.60546875,235113,0.0,0.0
2015-06-03 00:00:00+09:00,5167.41164625206,5327.98107724578,5123.62002213128,5284.189453125,226260,0.0,0.0
2015-06-04 00:00:00+09:00,5313.383929688291,5459.356304686709,5284.189796810693,5386.3701171875,257547,0.0,0.0
2015-06-05 00:00:00+09:00,5284.188536151968,5371.771769195081,5167.41074954365,5182.0078125,251583,0.0,0.0
2015-06-08 00:00:00+09:00,5152.814892520804,5663.716919739033,5123.6203321230805,5619.92529296875,618705,0.0,0.0
2015-06-09 00:00:00+09:00,5546.939195034834,5765.897315527623,5488.550077801704,5692.9111328125,285249,0.0,0.0
2015-06-10 00:00:00+09:00,5692.911143442118,5692.911143442118,5371.772708670602,5459.35595703125,300888,0.0,0.0
2015-06-11 00:00:00+09:00,5473.953497214396,5576.133819944858,5327.9815465062175,5342.57861328125,212610,0.0,0.0
2015-06-12 00:00:00+09:00,5430.16126845673,5532.34157988221,5298.786399058583,5327.98095703125,259602,0.0,0.0
2015-06-15 00:00:00+09:00,5284.189302031344,5444.75830078125,5240.397679162721,5444.75830078125,207351,0.0,0.0
2015-06-16 00:00:00+09:00,5357.1748046875,5444.758046331724,5211.20287783131,5357.1748046875,86400,0.0,0.0
2015-06-17 00:00:00+09:00,5357.1748046875,5400.966425509611,5196.605813441454,5357.1748046875,174609,0.0,0.0
2015-06-18 00:00:00+09:00,5313.383056160313,5473.952471199682,5123.619513042902,5167.4111328125,276915,0.0,0.0
2015-06-19 00:00:00+09:00,5138.216462841315,5240.39719180023,5109.022335412362,5211.20263671875,129213,0.0,0.0
2015-06-22 00:00:00+09:00,5196.605819654661,5211.202884061969,4933.856094407839,5065.23095703125,409470,0.0,0.0
2015-06-23 00:00:00+09:00,5079.828364857456,5138.217054086568,4846.273180288432,4992.2451171875,383637,0.0,0.0
2015-06-24 00:00:00+09:00,4933.856025347294,4992.244709811789,4831.67529296875,4831.67529296875,304422,0.0,0.0
2015-06-25 00:00:00+09:00,4817.078857421875,4977.648295220137,4817.078857421875,4904.662109375,232497,0.0,0.0
2015-06-26 00:00:00+09:00,4831.675456868046,4890.064570965749,4758.689705724752,4846.27294921875,355377,0.0,0.0
2015-06-29 00:00:00+09:00,4787.883512473668,4787.883512473668,4393.758943310065,4466.7451171875,448875,0.0,0.0
2015-06-30 00:00:00+09:00,4364.56484288742,4641.91162109375,4320.773223820497,4641.91162109375,261453,0.0,0.0
2015-07-01 00:00:00+09:00,4598.1202206573935,4700.300527454486,4510.536978359158,4612.71728515625,240063,0.0,0.0
2015-07-02 00:00:00+09:00,4612.717652705243,4671.106770658309,4495.94027210428,4656.50927734375,216483,0.0,0.0
2015-07-03 00:00:00+09:00,4685.703870136657,4685.703870136657,4349.967936267592,4364.5654296875,349683,0.0,0.0
2015-07-06 00:00:00+09:00,4320.773417722323,4364.5650387544665,3985.0375139250414,4145.60693359375,642630,0.0,0.0
2015-07-07 00:00:00+09:00,4072.6217261401994,4189.399552594745,3941.24683174858,4058.024658203125,430605,0.0,0.0
2015-07-08 00:00:00+09:00,4072.620841560783,4145.607020698747,3970.4405328896805,3985.03759765625,243081,0.0,0.0
2015-07-09 00:00:00+09:00,3985.037447197493,3999.6345114129367,3590.9128645076307,3766.079345703125,1773636,0.0,0.0
2015-07-10 00:00:00+09:00,3839.0653156496574,4101.815023314215,3766.079143191996,3882.85693359375,917430,0.0,0.0
2015-07-13 00:00:00+09:00,3912.051101158892,4364.5647763911775,3912.051101158892,4349.96728515625,961758,0.0,0.0
2015-07-14 00:00:00+09:00,4481.342271806972,4554.328447164949,4203.995489690721,4247.787109375,794112,0.0,0.0
2015-07-15 00:00:00+09:00,4247.787212977151,4306.175898096092,4174.801035839067,4262.38427734375,290394,0.0,0.0
2015-07-16 00:00:00+09:00,4335.370454481836,4335.370454481836,4218.592656591409,4262.38427734375,314367,0.0,0.0
2015-07-17 00:00:00+09:00,4306.175852030142,4568.925573733389,4276.981723609253,4539.7314453125,565938,0.0,0.0
2015-07-20 00:00:00+09:00,4641.911516601208,4656.508580077415,4466.745044276634,4627.314453125,360870,0.0,0.0
2015-07-21 00:00:00+09:00,4627.314065763717,4773.285971263768,4525.133347026444,4700.2998046875,360114,0.0,0.0
2015-07-22 00:00:00+09:00,4700.300434585012,4758.689546731873,4539.7314453125,4539.7314453125,359055,0.0,0.0
2015-07-23 00:00:00+09:00,4612.716910561589,4671.106019120386,4495.939548749027,4568.92529296875,164952,0.0,0.0
2015-07-24 00:00:00+09:00,4568.925664007132,4656.508906305368,4525.134042858013,4612.71728515625,223254,0.0,0.0
2015-07-27 00:00:00+09:00,4656.508814301138,4656.508814301138,4335.370408103572,4539.7314453125,213186,0.0,0.0
2015-07-28 00:00:00+09:00,4393.759407088745,4568.925900762085,4233.190406323232,4525.13427734375,268254,0.0,0.0
2015-07-29 00:00:00+09:00,4495.939631590385,4568.925377154929,4306.175666756514,4349.96728515625,179439,0.0,0.0
2015-07-30 00:00:00+09:00,4379.162337932181,4379.162337932181,4087.218039519178,4116.41259765625,258552,0.0,0.0
2015-07-31 00:00:00+09:00,4043.426635958718,4160.204447203001,3926.649252367031,4087.21826171875,160062,0.0,0.0
2015-08-03 00:00:00+09:00,4058.024046740354,4189.398921336417,4014.232421875,4014.232421875,141801,0.0,0.0
2015-08-04 00:00:00+09:00,4087.21842370182,4160.204612078632,3955.8435412151266,4101.81591796875,103548,0.0,0.0
2015-08-05 00:00:00+09:00,4160.204221035572,4276.982025931287,4058.023909034678,4116.41259765625,173688,0.0,0.0
2015-08-06 00:00:00+09:00,4145.6065420969,4291.578455868108,4131.009051363023,4218.59228515625,144564,0.0,0.0
2015-08-07 00:00:00+09:00,4218.592945566345,4437.551064326754,4160.2042564477615,4408.35693359375,239862,0.0,0.0
2015-08-10 00:00:00+09:00,4437.550521955722,4466.745076773053,4262.384048356778,4349.96728515625,82608,0.0,0.0
2015-08-11 00:00:00+09:00,4364.564626579967,4379.161689661335,4218.59228515625,4218.59228515625,94317,0.0,0.0
2015-08-12 00:00:00+09:00,4174.800378686782,4276.981096126418,3795.273343675925,4043.425537109375,174204,0.0,0.0
2015-08-13 00:00:00+09:00,3999.6348922201137,4247.787573424648,3999.6348922201137,4131.009765625,143802,0.0,0.0
2015-08-14 00:00:00+09:00,4131.009765625,4131.009765625,4131.009765625,4131.009765625,0,0.0,0.0
2015-08-17 00:00:00+09:00,4174.801401334062,4568.926022609911,4116.412711103316,4481.3427734375,365010,0.0,0.0
2015-08-18 00:00:00+09:00,4422.953588112113,4583.523002838646,4233.190045364419,4247.787109375,136968,0.0,0.0
2015-08-19 00:00:00+09:00,4291.579236804714,4306.176302542303,3868.2600538887614,4014.232421875,270252,0.0,0.0
2015-08-20 00:00:00+09:00,3824.4679244455974,4028.828956072586,3751.482177734375,3751.482177734375,224742,0.0,0.0
2015-08-21 00:00:00+09:00,3474.135172505847,3678.495989538098,3444.940617339623,3663.89892578125,236265,0.0,0.0
2015-08-24 00:00:00+09:00,3517.9271188808652,3707.690889819657,3459.5382169397867,3590.9130859375,185763,0.0,0.0
2015-08-25 00:00:00+09:00,3590.913774956597,3955.8438940882947,3532.524861811942,3941.246826171875,257064,0.0,0.0
2015-08-26 00:00:00+09:00,3853.662109375,3970.43989160386,3766.0788796164775,3853.662109375,191100,0.0,0.0
2015-08-27 00:00:00+09:00,3926.649758255455,4043.427156892114,3853.6635633680553,3941.246826171875,158016,0.0,0.0
2015-08-28 00:00:00+09:00,3955.843899685654,4145.607921130872,3955.843899685654,4058.024658203125,121563,0.0,0.0
2015-08-31 00:00:00+09:00,4058.0246524611844,4101.816283863094,3912.052262686385,3941.246826171875,188175,0.0,0.0
2015-09-01 00:00:00+09:00,3985.0369596966284,4014.2315122086056,3780.675947417766,3795.2734375,350982,0.0,0.0
2015-09-02 00:00:00+09:00,3678.496081485599,3780.6763856426855,3634.704461467913,3736.884765625,320982,0.0,0.0
2015-09-03 00:00:00+09:00,3824.468400647668,3824.468400647668,3722.2880859375,3722.2880859375,145875,0.0,0.0
2015-09-04 00:00:00+09:00,3722.2880859375,3766.0797104779413,3590.9132123161767,3722.2880859375,154815,0.0,0.0
2015-09-07 00:00:00+09:00,3707.690519292182,3707.690519292182,3605.5097907369973,3634.704345703125,105657,0.0,0.0
2015-09-08 00:00:00+09:00,3634.7046878042383,3678.4963105488678,3415.7465740810912,3444.94091796875,1155774,0.0,0.0
2015-09-09 00:00:00+09:00,3474.135357341539,3576.3156643808684,3415.7464577288683,3488.732421875,1346010,0.0,0.0
2015-09-10 00:00:00+09:00,3474.135357341539,3517.9269785944734,3386.5521148356706,3488.732421875,782319,0.0,0.0
2015-09-11 00:00:00+09:00,3532.5238214298624,3547.1210988734865,3459.537861864265,3517.9267578125,403137,0.0,0.0
2015-09-14 00:00:00+09:00,3547.1214423149795,3547.1214423149795,3401.1492952241206,3444.94091796875,310041,0.0,0.0
2015-09-15 00:00:00+09:00,3415.746464596519,3503.3297072784812,3415.746464596519,3459.5380859375,228702,0.0,0.0
2015-09-16 00:00:00+09:00,3474.135139307889,3517.9267578125,3459.537861864265,3517.9267578125,397569,0.0,0.0
2015-09-17 00:00:00+09:00,3532.52417799215,3561.718735826209,3444.9409321425405,3503.329833984375,268170,0.0,0.0
2015-09-18 00:00:00+09:00,3532.5238163274603,3547.12109375,3474.1351342898242,3547.12109375,316983,0.0,0.0
2015-09-21 00:00:00+09:00,3532.5238309742026,3678.4959643260545,3517.9267673174013,3634.704345703125,577032,0.0,0.0
2015-09-22 00:00:00+09:00,3634.7048368566175,3722.2880859375,3605.5102779454623,3722.2880859375,576843,0.0,0.0
2015-09-23 00:00:00+09:00,3693.09338061686,3722.287938370622,3634.7046927619017,3649.3017578125,311046,0.0,0.0
2015-09-24 00:00:00+09:00,3678.4961971381003,3780.6765045077523,3605.5100189297477,3693.09326171875,445167,0.0,0.0
2015-09-25 00:00:00+09:00,3707.690637381569,3736.884765625,3663.8990173638836,3736.884765625,176397,0.0,0.0
2015-09-30 00:00:00+09:00,3736.884686270106,3751.482177734375,3634.7043842828766,3751.482177734375,141246,0.0,0.0
2015-10-01 00:00:00+09:00,3751.4822573992546,3780.6763856426855,3693.0931456073145,3736.884765625,148086,0.0,0.0
2015-10-02 00:00:00+09:00,3736.8844359932273,3824.467668302854,3722.2873731591235,3809.87060546875,222660,0.0,0.0
2015-10-05 00:00:00+09:00,3809.870499929744,3853.662114871465,3736.884332476045,3795.2734375,163428,0.0,0.0
2015-10-06 00:00:00+09:00,3809.870941538656,3809.870941538656,3736.884765625,3736.884765625,162165,0.0,0.0
2015-10-07 00:00:00+09:00,3722.287622458368,3766.0792415461133,3693.0930671823608,3751.482177734375,111159,0.0,0.0
2015-10-08 00:00:00+09:00,3766.079494560974,3882.857295857904,3751.4824297685677,3839.065673828125,302295,0.0,0.0
2015-10-12 00:00:00+09:00,3824.467668302854,3853.6622216235633,3751.481926479833,3809.87060546875,111774,0.0,0.0
2015-10-13 00:00:00+09:00,3780.6765136718755,3809.8710705564927,3722.287827555194,3780.676513671875,174228,0.0,0.0
2015-10-14 00:00:00+09:00,3751.4822573992546,3795.2738774169406,3693.0931456073145,3736.884765625,124635,0.0,0.0
2015-10-15 00:00:00+09:00,3751.4823844398115,3809.8710705564927,3722.287827555194,3780.676513671875,196866,0.0,0.0
2015-10-16 00:00:00+09:00,3795.2739017865547,3809.8709660019986,3736.8847896196953,3766.079345703125,110034,0.0,0.0
2015-10-19 00:00:00+09:00,3766.0788849880223,3809.870499929744,3766.0788849880223,3795.2734375,134397,0.0,0.0
2015-10-20 00:00:00+09:00,3824.4675569046626,3882.8566618453374,3780.6759420254016,3853.662109375,280623,0.0,0.0
2015-10-21 00:00:00+09:00,3868.260378540659,3985.038197199957,3809.8716830373214,3824.46875,308274,0.0,0.0
2015-10-22 00:00:00+09:00,3809.8716830373214,3853.6633115779805,3780.6771214593414,3824.46875,211635,0.0,0.0
2015-10-23 00:00:00+09:00,3897.4543606503107,3897.4543606503107,3809.871116590753,3839.065673828125,179334,0.0,0.0
2015-10-26 00:00:00+09:00,3839.0653156496574,3882.85693359375,3824.4678245666137,3882.85693359375,719457,0.0,0.0
2015-10-27 00:00:00+09:00,3882.856794514201,3912.0509203295496,3853.6622410463483,3897.453857421875,166536,0.0,0.0
2015-10-28 00:00:00+09:00,3868.259303954023,3897.453857421875,3839.065178138674,3897.453857421875,157023,0.0,0.0
2015-10-29 00:00:00+09:00,3955.842401542447,3955.842401542447,3839.065046966076,3853.662109375,144516,0.0,0.0
2015-10-30 00:00:00+09:00,3853.662692057142,3897.4543135577915,3751.4823844398115,3780.676513671875,205773,0.0,0.0
2015-11-02 00:00:00+09:00,3780.676409918569,3795.2739017865547,3707.6906611888076,3766.079345703125,103218,0.0,0.0
2015-11-03 00:00:00+09:00,3751.482281487681,3809.8709660019986,3736.8847896196953,3766.079345703125,165192,0.0,0.0
2015-11-04 00:00:00+09:00,3766.0794577712063,3868.259765625,3751.482393121394,3868.259765625,100359,0.0,0.0
2015-11-05 00:00:00+09:00,3868.2594078390416,3926.6485163428297,3809.870726987768,3912.051025390625,184338,0.0,0.0
2015-11-06 00:00:00+09:00,3912.0513872269908,3912.0513872269908,3824.4681440230092,3868.259765625,162498,0.0,0.0
2015-11-09 00:00:00+09:00,3868.259756673174,3868.259756673174,3736.884892171226,3780.676513671875,197205,0.0,0.0
2015-11-10 00:00:00+09:00,3766.0794399271026,3809.871061321604,3649.3016403242486,3693.09326171875,227850,0.0,0.0
2015-11-11 00:00:00+09:00,3649.3018909081898,4043.4265105217673,3649.3018909081898,3955.84326171875,1347240,0.0,0.0
2015-11-12 00:00:00+09:00,3970.441395275379,4116.413357604072,3926.6497638115056,4058.024658203125,602574,0.0,0.0
2015-11-13 00:00:00+09:00,4043.4264109265546,4087.218034249415,3970.4406571568356,4028.829345703125,453108,0.0,0.0
2015-11-16 00:00:00+09:00,3941.2462378818805,4028.829487612589,3912.0516787541155,4014.232421875,380154,0.0,0.0
2015-11-17 00:00:00+09:00,4087.217820449193,4145.60693359375,4014.23207049732,4145.60693359375,718563,0.0,0.0
2015-11-18 00:00:00+09:00,4131.009803080887,4145.607296471063,3999.634928484824,4014.232421875,539553,0.0,0.0
2015-11-19 00:00:00+09:00,4043.4271626134,4072.6217261401994,4014.233026739252,4058.024658203125,350613,0.0,0.0
2015-11-20 00:00:00+09:00,4087.2176693891197,4101.815160962023,4043.4260499754773,4072.62060546875,190305,0.0,0.0
2015-11-23 00:00:00+09:00,4101.815671605708,4101.815671605708,3999.634928484824,4014.232421875,194364,0.0,0.0
2015-11-24 00:00:00+09:00,3985.0377275182846,4131.0096628985,3985.0377275182846,4116.41259765625,508527,0.0,0.0
2015-11-25 00:00:00+09:00,4116.412377021471,4145.60693359375,4072.6207559893282,4145.60693359375,227826,0.0,0.0
2015-11-26 00:00:00+09:00,4160.203125,4203.994736842105,4116.411513157895,4160.203125,371415,0.0,0.0
2015-11-27 00:00:00+09:00,4174.801432375586,4276.982175604881,4131.009807463771,4189.39892578125,457647,0.0,0.0
2015-11-30 00:00:00+09:00,4145.607921130872,4218.593688468893,4014.233026739252,4058.024658203125,252288,0.0,0.0
2015-12-01 00:00:00+09:00,4087.2176693891197,4131.009288802762,4058.0235415483803,4072.62060546875,139704,0.0,0.0
2015-12-02 00:00:00+09:00,4131.009887478782,4131.009887478782,4058.024129647126,4087.21826171875,147684,0.0,0.0
2015-12-03 00:00:00+09:00,4058.0230268307396,4116.411702758761,4028.828475040489,4043.425537109375,181698,0.0,0.0
2015-12-04 00:00:00+09:00,3999.635168710691,4101.81591796875,3999.635168710691,4101.81591796875,117126,0.0,0.0
2015-12-07 00:00:00+09:00,4131.008764827647,4145.606254549011,4028.828475040489,4043.425537109375,106350,0.0,0.0
2015-12-08 00:00:00+09:00,4043.4258780453756,4043.4258780453756,3824.467790287458,3912.051025390625,240678,0.0,0.0
2015-12-09 00:00:00+09:00,3912.051025390625,3970.440133894413,3839.0652812396625,3912.051025390625,141624,0.0,0.0
2015-12-10 00:00:00+09:00,3839.065052441721,3912.0507922429297,3751.4818225582785,3795.2734375,207699,0.0,0.0
2015-12-11 00:00:00+09:00,3751.4818225582785,3853.662114871465,3736.884332476045,3795.2734375,166026,0.0,0.0
2015-12-14 00:00:00+09:00,3766.0793340773807,3780.676398247764,3590.912853422619,3678.49609375,305568,0.0,0.0
2015-12-15 00:00:00+09:00,3722.287938370622,3722.287938370622,3576.3157910806603,3649.3017578125,351762,0.0,0.0
2015-12-16 00:00:00+09:00,3693.0931579203834,3722.2877139136904,3634.7044735863096,3678.49609375,237279,0.0,0.0
2015-12-17 00:00:00+09:00,3736.884778084074,3766.0793340773807,3649.3015377566926,3678.49609375,250275,0.0,0.0
2015-12-18 00:00:00+09:00,3678.4961971381003,3693.09326171875,3634.7045757435994,3693.09326171875,258954,0.0,0.0
2015-12-21 00:00:00+09:00,3678.4963598634213,3722.2879831951286,3663.8992946370427,3707.69091796875,139608,0.0,0.0
2015-12-22 00:00:00+09:00,3707.690753951952,3751.4823753464534,3678.4961971381003,3693.09326171875,136179,0.0,0.0
2015-12-23 00:00:00+09:00,3722.2877139136904,3722.2877139136904,3663.8990295796166,3678.49609375,164961,0.0,0.0
2015-12-24 00:00:00+09:00,3693.09326171875,3707.690753951952,3678.4961971381003,3693.09326171875,95085,0.0,0.0
2015-12-28 00:00:00+09:00,3707.6902076165575,3795.2734374999995,3649.3011025926025,3795.2734375,187200,0.0,0.0
2015-12-29 00:00:00+09:00,3840.099889715686,3899.8678331951255,3825.1575755299054,3869.983642578125,114729,100.0,0.0
2015-12-30 00:00:00+09:00,3899.868424039406,3929.7526191839706,3869.984228894841,3914.810302734375,141183,0.0,0.0
2016-01-04 00:00:00+09:00,3914.8096912456945,3929.7520053613184,3855.041748046875,3855.041748046875,110238,0.0,0.0
2016-01-05 00:00:00+09:00,3810.21528751445,3914.8092867437344,3810.21528751445,3884.925537109375,104970,0.0,0.0
2016-01-06 00:00:00+09:00,3914.810302734375,3929.7526191839706,3840.100471504904,3914.810302734375,170643,0.0,0.0
2016-01-07 00:00:00+09:00,3914.8096912456945,3974.5780721990727,3795.273804848055,3855.041748046875,182550,0.0,0.0
2016-01-08 00:00:00+09:00,3780.3314728450523,3840.099853515625,3735.5054062194013,3840.099853515625,116871,0.0,0.0
2016-01-11 00:00:00+09:00,3810.215594681381,3855.041660501162,3780.331404883344,3825.157470703125,82485,0.0,0.0
2016-01-12 00:00:00+09:00,3884.9260623134483,3884.9260623134483,3795.27392578125,3795.27392578125,211893,0.0,0.0
2016-01-13 00:00:00+09:00,3840.099784479418,3840.099784479418,3795.273718659637,3825.157470703125,172770,0.0,0.0
2016-01-14 00:00:00+09:00,3750.447720264323,3899.8677964316407,3750.447720264323,3840.099853515625,286062,0.0,0.0
2016-01-15 00:00:00+09:00,3855.0421653396766,4123.998595479654,3855.0421653396766,4049.288330078125,979536,0.0,0.0
2016-01-18 00:00:00+09:00,4019.4039534214517,4138.939834298944,3989.5197643248093,4094.11376953125,350238,0.0,0.0
2016-01-19 00:00:00+09:00,4079.171893860198,4153.882147724536,4019.4039534214517,4094.11376953125,224628,0.0,0.0
2016-01-20 00:00:00+09:00,4109.056253269531,4153.882319895182,3810.2156631803387,3840.099853515625,453876,0.0,0.0
2016-01-21 00:00:00+09:00,3855.041748046875,3914.8096912456945,3735.505423894677,3855.041748046875,328179,0.0,0.0
2016-01-22 00:00:00+09:00,3884.925938523564,3929.7520053613184,3810.2156812091202,3855.041748046875,223062,0.0,0.0
2016-01-25 00:00:00+09:00,3869.983813393536,3944.6940743563573,3840.1000592120718,3929.752197265625,292845,0.0,0.0
2016-01-26 00:00:00+09:00,3884.9259567639056,3914.809709626345,3840.099889715686,3869.983642578125,177990,0.0,0.0
2016-01-27 00:00:00+09:00,3884.9263292821715,3914.8100850101077,3795.2741865891567,3810.216064453125,412857,0.0,0.0
2016-01-28 00:00:00+09:00,3810.215449327088,3855.0415134368186,3705.6214456558946,3750.447509765625,237147,0.0,0.0
2016-01-29 00:00:00+09:00,3765.3896484375,3795.2738391845564,3690.6793904471397,3765.3896484375,262176,0.0,0.0
2016-02-01 00:00:00+09:00,3810.215449327088,3810.215449327088,3720.5633211076274,3750.447509765625,162900,0.0,0.0
2016-02-02 00:00:00+09:00,3735.5055429234026,3825.157679455601,3735.5055429234026,3795.27392578125,170136,0.0,0.0
2016-02-03 00:00:00+09:00,3840.0999940473494,3899.867939150624,3750.447857515151,3795.27392578125,900747,0.0,0.0
2016-02-04 00:00:00+09:00,3825.157679455601,3840.0999940473494,3720.5636660862274,3795.27392578125,385260,0.0,0.0
2016-02-05 00:00:00+09:00,3795.273573875356,3810.215449327088,3735.5051965593602,3750.447509765625,278292,0.0,0.0
2016-02-11 00:00:00+09:00,3645.853550714529,3720.5635900045218,3541.2593206067136,3556.201416015625,453129,0.0,0.0
2016-02-12 00:00:00+09:00,3511.3753124714417,3541.2592841039427,3197.5928442596996,3332.071044921875,690900,0.0,0.0
2016-02-15 00:00:00+09:00,3376.897234408047,3436.665179842934,3332.071165893238,3391.839111328125,308064,0.0,0.0
2016-02-16 00:00:00+09:00,3376.897335970674,3451.607379449885,3361.955239723914,3436.665283203125,216783,0.0,0.0
2016-02-17 00:00:00+09:00,3481.4910871994784,3481.4910871994784,3376.89707809144,3421.72314453125,152079,0.0,0.0
2016-02-18 00:00:00+09:00,3481.490812149563,3526.316875047958,3436.664749251169,3511.375,189996,0.0,0.0
2016-02-19 00:00:00+09:00,3511.3753057682966,3615.9693157210227,3481.491115315564,3541.25927734375,175056,0.0,0.0
2016-02-22 00:00:00+09:00,3586.0855482423026,3586.0855482423026,3511.3755056130185,3526.3173828125,151389,0.0,0.0
2016-02-23 00:00:00+09:00,3541.25927734375,3571.1432489192034,3496.4332105419303,3541.25927734375,153336,0.0,0.0
2016-02-24 00:00:00+09:00,3526.3172854393424,3601.0275448829234,3496.433312988281,3586.08544921875,151509,0.0,0.0
2016-02-25 00:00:00+09:00,3586.085406031099,3615.969378122264,3556.2014339399343,3571.143310546875,132108,0.0,0.0
2016-02-26 00:00:00+09:00,3586.085248920407,3630.911314531912,3571.1431540908143,3601.02734375,147840,0.0,0.0
2016-02-29 00:00:00+09:00,3615.969469869094,3765.389771870677,3601.0275928830374,3705.621826171875,406608,0.0,0.0
2016-03-02 00:00:00+09:00,3780.3318709705854,3855.0421357996324,3750.4481152426492,3810.216064453125,445278,0.0,0.0
2016-03-03 00:00:00+09:00,3825.157942317093,3840.100257935664,3765.3899931066176,3810.216064453125,227736,0.0,0.0
2016-03-04 00:00:00+09:00,3810.2156631803387,3884.925920141276,3780.3314728450523,3840.099853515625,259200,0.0,0.0
2016-03-07 00:00:00+09:00,3869.9836244079397,3914.8096912456945,3840.09987168581,3855.041748046875,167808,0.0,0.0
2016-03-08 00:00:00+09:00,3855.041782924107,3869.983659420354,3750.447771941253,3765.3896484375,247671,0.0,0.0
2016-03-09 00:00:00+09:00,3750.447857515151,3810.2158026184256,3750.447857515151,3795.27392578125,161718,0.0,0.0
2016-03-10 00:00:00+09:00,3795.2743976653705,3944.6944978789397,3780.3320812157745,3914.810302734375,364854,0.0,0.0
2016-03-11 00:00:00+09:00,3944.6940743563573,3959.6359514470896,3884.9261282388484,3929.752197265625,135444,0.0,0.0
2016-03-14 00:00:00+09:00,3929.75191611898,3989.519857960505,3810.215594681381,3825.157470703125,198735,0.0,0.0
2016-03-15 00:00:00+09:00,3810.2156812091202,3914.8096912456945,3795.273804848055,3855.041748046875,139257,0.0,0.0
2016-03-16 00:00:00+09:00,3855.0418708845245,3884.9260623134483,3780.331611189502,3795.27392578125,121215,0.0,0.0
2016-03-17 00:00:00+09:00,3795.2741865891567,3855.0421357996324,3780.3318709705854,3810.216064453125,98601,0.0,0.0
2016-03-18 00:00:00+09:00,3840.099784479418,3855.041660501162,3795.273718659637,3825.157470703125,108159,0.0,0.0
2016-03-21 00:00:00+09:00,3810.2157156808034,3840.09990642786,3750.447771941253,3765.3896484375,146586,0.0,0.0
2016-03-22 00:00:00+09:00,3750.447857515151,3795.27392578125,3735.5055429234026,3795.27392578125,332658,0.0,0.0
2016-03-23 00:00:00+09:00,3750.447789833688,3795.2738572908456,3750.447789833688,3780.33154296875,130590,0.0,0.0
2016-03-24 00:00:00+09:00,3795.273573875356,3795.273573875356,3735.5051965593602,3750.447509765625,80832,0.0,0.0
2016-03-25 00:00:00+09:00,3735.505457690443,3765.3896484375,3705.6217046979496,3765.3896484375,130905,0.0,0.0
2016-03-28 00:00:00+09:00,3765.389807241789,3780.331684368206,3705.621860981542,3735.505615234375,153627,0.0,0.0
2016-03-29 00:00:00+09:00,3705.621722376531,3780.33154296875,3705.621722376531,3780.33154296875,101241,0.0,0.0
2016-03-30 00:00:00+09:00,3765.389666401219,3795.2738572908456,3750.447789833688,3780.33154296875,76623,0.0,0.0
2016-03-31 00:00:00+09:00,3765.389385217358,3780.3312606690906,3705.6214456558946,3750.447509765625,134721,0.0,0.0
2016-04-01 00:00:00+09:00,3750.447771941253,3795.2738391845564,3705.6217046979496,3765.3896484375,161982,0.0,0.0
2016-04-04 00:00:00+09:00,3735.5054755115925,3780.33154296875,3735.5054755115925,3780.33154296875,127464,0.0,0.0
2016-04-05 00:00:00+09:00,3780.3315249337466,3780.3315249337466,3735.505457690443,3765.3896484375,101271,0.0,0.0
2016-04-06 00:00:00+09:00,3765.389666401219,3780.33154296875,3735.5054755115925,3780.33154296875,92142,0.0,0.0
2016-04-07 00:00:00+09:00,3780.3312606690906,3795.273573875356,3735.5051965593602,3750.447509765625,116802,0.0,0.0
2016-04-08 00:00:00+09:00,3780.331095303739,3989.51953125,3750.447345707497,3989.51953125,922836,0.0,0.0
2016-04-11 00:00:00+09:00,4198.7083732825295,5184.8818359375,4079.172050072833,5184.8818359375,9449379,0.0,0.0
2016-04-12 00:00:00+09:00,5633.1428268392465,5722.794964997141,4841.215460526316,5110.171875,11926767,0.0,0.0
2016-04-14 00:00:00+09:00,5065.345561660339,5184.881886024787,4736.621216851306,4796.38916015625,4152672,0.0,0.0
2016-04-15 00:00:00+09:00,4886.041347401287,4990.635358766917,4572.258875549827,4602.14306640625,3015597,0.0,0.0
2016-04-18 00:00:00+09:00,4661.910751488095,4871.099200357664,4632.026562291146,4706.73681640625,2629440,0.0,0.0
2016-04-19 00:00:00+09:00,4706.737128363715,5050.403794765604,4661.9110604745365,4841.21533203125,2687199,0.0,0.0
2016-04-20 00:00:00+09:00,4826.2720577832815,4856.155802552963,4497.54736328125,4497.54736328125,2123268,0.0,0.0
2016-04-21 00:00:00+09:00,4512.490966624176,4736.621305400963,4378.012763358103,4632.02685546875,2217897,0.0,0.0
2016-04-22 00:00:00+09:00,4691.795815865123,4721.679572881873,4587.20135304263,4661.91162109375,776349,0.0,0.0
2016-04-25 00:00:00+09:00,4721.678954322811,4736.621268628303,4497.548617286054,4602.14306640625,699246,0.0,0.0
2016-04-26 00:00:00+09:00,4587.2009563782485,4706.737287372572,4392.954801547734,4691.79541015625,1087668,0.0,0.0
2016-04-27 00:00:00+09:00,4646.969559057243,4691.795630566622,4557.317416038483,4587.201171875,518253,0.0,0.0
2016-04-28 00:00:00+09:00,4497.54892948107,4617.085263449748,4482.607051892959,4542.375,522741,0.0,0.0
2016-04-29 00:00:00+09:00,4512.489673420533,4617.083655623302,4422.837563602605,4497.54736328125,603003,0.0,0.0
2016-05-02 00:00:00+09:00,4497.548121016026,4542.3741834771645,4407.89599609375,4407.89599609375,343935,0.0,0.0
2016-05-03 00:00:00+09:00,4422.838551176116,4975.693205915179,4422.838551176116,4706.73681640625,3303678,0.0,0.0
2016-05-04 00:00:00+09:00,4661.910770060039,4781.447089569503,4572.258639866576,4721.6787109375,788796,0.0,0.0
2016-05-09 00:00:00+09:00,4676.852370860579,4766.504495782855,4407.89599609375,4407.89599609375,900891,0.0,0.0
2016-05-10 00:00:00+09:00,4333.186164466216,4467.664351248741,4303.301977040816,4392.9541015625,612417,0.0,0.0
2016-05-11 00:00:00+09:00,4452.72216796875,4497.54823153137,4378.012353867401,4452.72216796875,303012,0.0,0.0
2016-05-12 00:00:00+09:00,4422.838269090428,4467.664331149606,4333.186144972072,4378.01220703125,364905,0.0,0.0
2016-05-13 00:00:00+09:00,4407.897055260244,4572.25946969697,4363.070982027921,4437.78125,518613,0.0,0.0
2016-05-16 00:00:00+09:00,4437.78125,4542.375274957214,4392.955176767677,4437.78125,376746,0.0,0.0
2016-05-17 00:00:00+09:00,4437.78044128418,4437.78044128418,4273.418056799918,4303.30224609375,553668,0.0,0.0
2016-05-18 00:00:00+09:00,4288.361532413506,4333.187609624259,4123.999103389195,4153.88330078125,446130,0.0,0.0
2016-05-19 00:00:00+09:00,4198.709016373875,4258.476968255748,4138.940626737379,4228.5927734375,318756,0.0,0.0
2016-05-20 00:00:00+09:00,4228.591400819779,4288.359771055221,4153.881594657195,4258.4755859375,308910,0.0,0.0
2016-05-23 00:00:00+09:00,4273.41884678756,4318.244920137621,4213.650894905687,4228.5927734375,214320,0.0,0.0
2016-05-24 00:00:00+09:00,4258.476683361696,4632.027123703296,4228.592490542715,4527.43310546875,1353582,0.0,0.0
2016-05-25 00:00:00+09:00,4572.258924696181,5020.519603587963,4497.548665629361,4841.21533203125,2477439,0.0,0.0
2016-05-26 00:00:00+09:00,4811.33112649018,4811.33112649018,4632.02685546875,4632.02685546875,696939,0.0,0.0
2016-05-27 00:00:00+09:00,4632.0270257817965,4781.447548963347,4632.0270257817965,4691.79541015625,590436,0.0,0.0
2016-05-30 00:00:00+09:00,4706.737287372572,4796.389426179669,4632.0270257817965,4691.79541015625,317517,0.0,0.0
2016-05-31 00:00:00+09:00,4721.678990979465,4721.678990979465,4602.143102134891,4632.02685546875,236025,0.0,0.0
2016-06-01 00:00:00+09:00,4646.968962245297,4826.273225254703,4646.968962245297,4736.62109375,376800,0.0,0.0
2016-06-02 00:00:00+09:00,4751.56335677612,4781.447548963347,4646.969340752702,4691.79541015625,245655,0.0,0.0
2016-06-03 00:00:00+09:00,4691.795815865123,4736.62188914487,4632.027426322377,4661.91162109375,226995,0.0,0.0
2016-06-07 00:00:00+09:00,4661.911298960339,4721.679246618557,4512.4912109375,4512.4912109375,257805,0.0,0.0
2016-06-08 00:00:00+09:00,4572.259175819926,4632.027123703296,4467.66515758538,4527.43310546875,318180,0.0,0.0
2016-06-09 00:00:00+09:00,4557.317591204403,4661.911616161617,4363.070982027921,4437.78125,284994,0.0,0.0
2016-06-10 00:00:00+09:00,4437.780163823342,4497.548100919626,4378.012226727057,4392.9541015625,209292,0.0,0.0
2016-06-13 00:00:00+09:00,4392.954484133376,4407.896360270068,4258.476285639497,4348.12841796875,173691,0.0,0.0
2016-06-14 00:00:00+09:00,4348.128718385623,4392.954787647331,4273.41845703125,4273.41845703125,179163,0.0,0.0
2016-06-15 00:00:00+09:00,4303.302264790436,4452.722336399701,4288.3603889558735,4318.244140625,218832,0.0,0.0
2016-06-16 00:00:00+09:00,4318.244403339346,4392.95466256649,4198.708513881399,4213.650390625,201276,0.0,0.0
2016-06-17 00:00:00+09:00,4258.476181030273,4407.896251990348,4258.476181030273,4303.30224609375,156654,0.0,0.0
2016-06-20 00:00:00+09:00,4348.128708712352,4512.4911082244835,4288.360762414568,4467.6650390625,160578,0.0,0.0
2016-06-21 00:00:00+09:00,4497.548793334101,4557.317177386466,4407.896655010135,4467.6650390625,143106,0.0,0.0
2016-06-22 00:00:00+09:00,4512.491517972079,4542.375274957214,4407.897055260244,4437.78125,137028,0.0,0.0
2016-06-23 00:00:00+09:00,4422.838584730574,4422.838584730574,4273.418075366766,4318.244140625,202752,0.0,0.0
2016-06-24 00:00:00+09:00,4407.8961819951255,4407.8961819951255,3929.7517874137675,4064.22998046875,548406,0.0,0.0
2016-06-27 00:00:00+09:00,3899.867494268867,4079.17174687893,3855.0414311163518,4019.40380859375,246330,0.0,0.0
2016-06-28 00:00:00+09:00,3944.6936995571145,4109.05608295684,3929.7518238860625,4094.11376953125,145962,0.0,0.0
2016-06-29 00:00:00+09:00,4123.998651088123,4198.708917497053,4109.056772908181,4183.7666015625,175449,0.0,0.0
2016-06-30 00:00:00+09:00,4183.7666015625,4228.592673856936,4079.1725787936866,4183.7666015625,128583,0.0,0.0
2016-07-01 00:00:00+09:00,4168.824407225723,4273.418422062297,4138.940215377596,4243.53466796875,137061,0.0,0.0
2016-07-04 00:00:00+09:00,4258.476545015524,4288.36073686365,4198.70859907385,4243.53466796875,107700,0.0,0.0
2016-07-05 00:00:00+09:00,4213.650862792939,4243.535057383436,4138.940595194006,4198.708984375,208524,0.0,0.0
2016-07-06 00:00:00+09:00,4183.765513764457,4228.591574403913,4079.171518190557,4138.939453125,193524,0.0,0.0
2016-07-07 00:00:00+09:00,4138.940595194006,4198.708984375,4123.998716776067,4198.708984375,92655,0.0,0.0
2016-07-08 00:00:00+09:00,4243.534769872403,4318.2445946549215,4198.708699901055,4288.36083984375,206709,0.0,0.0
2016-07-11 00:00:00+09:00,4273.418161776189,4392.954484133376,4213.650219474871,4348.12841796875,153588,0.0,0.0
2016-07-12 00:00:00+09:00,4378.012607996685,4392.954484133376,4273.418161776189,4348.12841796875,134379,0.0,0.0
2016-07-13 00:00:00+09:00,4363.070664626269,4378.012979786445,4288.36083984375,4288.36083984375,101130,0.0,0.0
2016-07-14 00:00:00+09:00,4273.418161776189,4363.0702941054415,4273.418161776189,4348.12841796875,170373,0.0,0.0
2016-07-15 00:00:00+09:00,4407.896628746998,4407.896628746998,4228.592353167397,4243.53466796875,385857,0.0,0.0
2016-07-18 00:00:00+09:00,4243.535089723935,4273.41884678756,4153.882943023814,4228.5927734375,124170,0.0,0.0
2016-07-19 00:00:00+09:00,4228.592267368601,4288.360649852144,4183.766199383229,4213.650390625,118182,0.0,0.0
2016-07-20 00:00:00+09:00,4243.533712255879,4378.011888653906,4198.707653456538,4258.4755859375,193209,0.0,0.0
2016-07-21 00:00:00+09:00,4318.244631245066,4602.143368638907,4243.534805829501,4527.43310546875,938901,0.0,0.0
2016-07-22 00:00:00+09:00,4482.606205917828,4482.606205917828,4333.186144972072,4378.01220703125,530682,0.0,0.0
2016-07-25 00:00:00+09:00,4392.954376220703,4437.78044128418,4273.418056799918,4303.30224609375,231864,0.0,0.0
2016-07-26 00:00:00+09:00,4303.302649123916,4333.186841216581,4243.534702693167,4273.41845703125,172008,0.0,0.0
2016-07-27 00:00:00+09:00,4303.302649123916,4378.012910478289,4273.41845703125,4273.41845703125,193533,0.0,0.0
2016-07-28 00:00:00+09:00,4318.244246146389,4467.664759161463,4288.360493747017,4363.0703125,271725,0.0,0.0
2016-07-29 00:00:00+09:00,4392.954484133376,4407.896360270068,4303.302351804124,4348.12841796875,134469,0.0,0.0
2016-08-01 00:00:00+09:00,4363.070415064,4632.026819508108,4363.070415064,4602.14306640625,854406,0.0,0.0
2016-08-02 00:00:00+09:00,4676.852714243832,4826.273225254703,4617.084772492213,4736.62109375,994257,0.0,0.0
2016-08-03 00:00:00+09:00,4751.562969749268,4811.330911500887,4542.374516986778,4736.62109375,471546,0.0,0.0
2016-08-04 00:00:00+09:00,4736.621336922433,4856.1572265625,4661.911077581462,4856.1572265625,476076,0.0,0.0
2016-08-05 00:00:00+09:00,4841.215101253971,4945.809108757942,4736.62109375,4736.62109375,540525,0.0,0.0
2016-08-08 00:00:00+09:00,4826.273244078069,4826.273244078069,4706.736922354068,4751.56298828125,241602,0.0,0.0
2016-08-09 00:00:00+09:00,4781.447548963347,4781.447548963347,4632.0270257817965,4691.79541015625,250368,0.0,0.0
2016-08-10 00:00:00+09:00,4676.852714243832,4766.504845748535,4676.852714243832,4736.62109375,167793,0.0,0.0
2016-08-11 00:00:00+09:00,4736.62188914487,4766.5056461616205,4646.969742585375,4661.91162109375,171846,0.0,0.0
2016-08-12 00:00:00+09:00,4661.910838244565,4736.62109375,4602.1428964929455,4736.62109375,157920,0.0,0.0
2016-08-16 00:00:00+09:00,4751.5627917695065,4811.330731282392,4676.8525390625,4676.8525390625,237009,0.0,0.0
2016-08-17 00:00:00+09:00,4482.606226084184,4512.490413509583,4288.360102205374,4392.9541015625,750936,0.0,0.0
2016-08-18 00:00:00+09:00,4437.779435987446,4527.431545805373,4392.9533810784815,4497.54736328125,140847,0.0,0.0
2016-08-19 00:00:00+09:00,4497.54736328125,4572.257600714338,4482.60549089641,4497.54736328125,133596,0.0,0.0
2016-08-22 00:00:00+09:00,4527.433396464647,4542.375274957214,4407.897055260244,4437.78125,125712,0.0,0.0
2016-08-23 00:00:00+09:00,4437.779435987446,4527.431545805373,4422.837563602605,4497.54736328125,121815,0.0,0.0
2016-08-24 00:00:00+09:00,4482.606740735125,4602.14306640625,4452.722549878703,4602.14306640625,179928,0.0,0.0
2016-08-25 00:00:00+09:00,4572.259175819926,4602.143368638907,4527.43310546875,4527.43310546875,98913,0.0,0.0
2016-08-26 00:00:00+09:00,4512.490544555261,4527.432419824626,4407.89610440613,4452.72216796875,168270,0.0,0.0
2016-08-29 00:00:00+09:00,4452.7228045689635,4452.7228045689635,4273.418524683574,4288.36083984375,192021,0.0,0.0
2016-08-30 00:00:00+09:00,4258.476579862208,4363.070595554665,4258.476579862208,4273.41845703125,106635,0.0,0.0
2016-08-31 00:00:00+09:00,4288.359771055221,4318.243518418462,4168.8234683388155,4258.4755859375,212172,0.0,0.0
2016-09-01 00:00:00+09:00,4213.649527138158,4288.359771055221,4198.707653456538,4258.4755859375,121620,0.0,0.0
2016-09-02 00:00:00+09:00,4243.535089723935,4258.476968255748,4198.709016373875,4228.5927734375,102879,0.0,0.0
2016-09-05 00:00:00+09:00,4213.650894905687,4303.303041605808,4213.650894905687,4228.5927734375,97899,0.0,0.0
2016-09-06 00:00:00+09:00,4228.592454712228,4288.36083984375,4228.592454712228,4288.36083984375,72006,0.0,0.0
2016-09-07 00:00:00+09:00,4303.301644736842,4303.301644736842,4213.649527138158,4258.4755859375,89916,0.0,0.0
2016-09-08 00:00:00+09:00,4228.59216198952,4258.476352486559,4168.82421875,4168.82421875,171381,0.0,0.0
2016-09-09 00:00:00+09:00,4138.9400282529605,4183.76609512124,4064.2302086422005,4168.82421875,198204,0.0,0.0
2016-09-12 00:00:00+09:00,4094.114063412484,4213.650390625,4049.2879954271116,4213.650390625,161967,0.0,0.0
2016-09-13 00:00:00+09:00,4228.592673856936,4243.534989791489,4168.824723382559,4183.7666015625,85782,0.0,0.0
2016-09-19 00:00:00+09:00,4153.882147724536,4183.765899066639,4064.230018189146,4094.11376953125,157521,0.0,0.0
2016-09-20 00:00:00+09:00,4079.1720850134407,4183.76609512124,4064.2302086422005,4168.82421875,79332,0.0,0.0
2016-09-21 00:00:00+09:00,4183.765513764457,4183.765513764457,4123.9975788300135,4138.939453125,40242,0.0,0.0
2016-09-22 00:00:00+09:00,4138.940396022833,4198.708782327694,4109.056640625,4109.056640625,83589,0.0,0.0
2016-09-23 00:00:00+09:00,4153.881594657195,4407.895636017147,4109.055535857853,4258.4755859375,297030,0.0,0.0
2016-09-26 00:00:00+09:00,4258.476968255748,4303.303041605808,4168.824821555627,4228.5927734375,82419,0.0,0.0
2016-09-27 00:00:00+09:00,4198.70859907385,4288.36073686365,4183.766284272497,4243.53466796875,54267,0.0,0.0
2016-09-28 00:00:00+09:00,4243.53432369764,4318.244140625,4213.650134273969,4318.244140625,106998,0.0,0.0
2016-09-29 00:00:00+09:00,4288.36073686365,4303.302613910424,4228.592353167397,4243.53466796875,91443,0.0,0.0
2016-09-30 00:00:00+09:00,4213.650795676995,4243.534989791489,4168.824723382559,4183.7666015625,85299,0.0,0.0
2016-10-04 00:00:00+09:00,4183.765926672965,4333.186435387582,4168.82405090332,4303.30224609375,96135,0.0,0.0
2016-10-05 00:00:00+09:00,4333.186805758551,4333.186805758551,4213.650476120623,4243.53466796875,54009,0.0,0.0
2016-10-06 00:00:00+09:00,4243.534581866772,4273.418335353973,4183.766199383229,4213.650390625,52884,0.0,0.0
2016-10-07 00:00:00+09:00,4228.591574403913,4228.591574403913,4138.939453125,4138.939453125,63825,0.0,0.0
2016-10-10 00:00:00+09:00,4123.99853515625,4183.76648395046,4079.172464121943,4123.99853515625,49581,0.0,0.0
2016-10-11 00:00:00+09:00,4153.882377130985,4168.824253627232,4034.346051897321,4079.172119140625,127971,0.0,0.0
2016-10-12 00:00:00+09:00,4064.230242644378,4094.1139956368716,4019.404175401074,4079.172119140625,86739,0.0,0.0
2016-10-13 00:00:00+09:00,4064.23112103396,4079.1730007595484,4034.3469238281245,4034.346923828125,62694,0.0,0.0
2016-10-14 00:00:00+09:00,4034.3469238281245,4064.23112103396,3989.520846896701,4034.346923828125,74622,0.0,0.0
2016-10-17 00:00:00+09:00,4019.4041229009385,4049.2878755031006,3899.867799228619,3959.6357421875,114735,0.0,0.0
2016-10-18 00:00:00+09:00,3944.693474132607,3989.5195363386592,3855.0413497205022,3884.925537109375,137529,0.0,0.0
2016-10-19 00:00:00+09:00,3944.693474132607,3944.693474132607,3855.0413497205022,3884.925537109375,99489,0.0,0.0
2016-10-20 00:00:00+09:00,3869.9837477217,3914.809815987799,3795.27392578125,3795.27392578125,91767,0.0,0.0
2016-10-21 00:00:00+09:00,3810.215594681381,3840.099784479418,3780.331404883344,3825.157470703125,44826,0.0,0.0
2016-10-24 00:00:00+09:00,3780.331611189502,3840.0999940473494,3735.5055429234026,3795.27392578125,54798,0.0,0.0
2016-10-25 00:00:00+09:00,3795.2736221402233,4168.824015220276,3675.7373037426096,3974.577880859375,356772,0.0,0.0
2016-10-26 00:00:00+09:00,3914.8093065333364,4079.1716813712283,3884.925556747913,3899.867431640625,106350,0.0,0.0
2016-10-27 00:00:00+09:00,3884.925424090515,3974.5775458944927,3884.925424090515,3944.693359375,45516,0.0,0.0
2016-10-28 00:00:00+09:00,3914.8092867437344,3989.5195363386592,3869.983224537682,3884.925537109375,73887,0.0,0.0
2016-10-31 00:00:00+09:00,3855.041674510542,3899.867740493223,3705.621600486457,3720.5634765625,110295,0.0,0.0
2016-11-01 00:00:00+09:00,3705.621600486457,3795.273732451818,3690.6792866558626,3720.5634765625,55269,0.0,0.0
2016-11-02 00:00:00+09:00,3705.6220119603045,3735.505767430696,3466.549560546875,3466.549560546875,231852,0.0,0.0
2016-11-03 00:00:00+09:00,3406.781049425554,3556.20134385068,3406.781049425554,3421.72314453125,158838,0.0,0.0
2016-11-04 00:00:00+09:00,3436.665283203125,3496.4334493128704,3406.781309586899,3436.665283203125,122403,0.0,0.0
2016-11-07 00:00:00+09:00,3451.607203304933,3601.027501515323,3451.607203304933,3571.143310546875,90108,0.0,0.0
2016-11-08 00:00:00+09:00,3586.0855094687317,3675.7376472054502,3541.2594406003727,3615.969482421875,44385,0.0,0.0
2016-11-09 00:00:00+09:00,3645.853430106844,3660.7953061441845,3227.476742393092,3406.781005859375,294156,0.0,0.0
2016-11-10 00:00:00+09:00,3466.5492813167207,3660.7954272461584,3421.7232139672687,3556.201416015625,115896,0.0,0.0
2016-11-11 00:00:00+09:00,3601.027483365077,3601.027483365077,3481.49115784835,3556.201416015625,29310,0.0,0.0
2016-11-14 00:00:00+09:00,3526.3169703397066,3795.273573875356,3526.3169703397066,3750.447509765625,155211,0.0,0.0
2016-11-15 00:00:00+09:00,3720.5636660862274,3855.0418708845245,3720.5636660862274,3795.27392578125,102642,0.0,0.0
2016-11-16 00:00:00+09:00,3840.099784479418,3929.75191611898,3795.273718659637,3825.157470703125,98628,0.0,0.0
2016-11-17 00:00:00+09:00,3810.215306775323,3899.8674316406245,3750.4473694499607,3899.867431640625,77793,0.0,0.0
2016-11-18 00:00:00+09:00,3929.751986766927,3929.751986766927,3765.3895965546876,3840.099853515625,158751,0.0,0.0
2016-11-21 00:00:00+09:00,3855.0417661469055,3884.9259567639056,3780.3315084816854,3869.983642578125,34098,0.0,0.0
2016-11-22 00:00:00+09:00,3884.925938523564,3914.8096912456945,3825.1575575701854,3855.041748046875,36801,0.0,0.0
2016-11-23 00:00:00+09:00,3840.0999940473494,3869.9837477217,3750.447857515151,3795.27392578125,73104,0.0,0.0
2016-11-24 00:00:00+09:00,3765.389385217358,3795.273573875356,3690.67913244963,3750.447509765625,94590,0.0,0.0
2016-11-25 00:00:00+09:00,3660.7953156265007,3735.5053526385436,3645.853439550457,3720.5634765625,157770,0.0,0.0
2016-11-28 00:00:00+09:00,3720.5638033394475,3765.3898732592,3586.0855935801906,3645.853759765625,39162,0.0,0.0
2016-11-29 00:00:00+09:00,3586.0855935801906,3720.5638033394475,3586.0855935801906,3645.853759765625,39108,0.0,0.0
2016-11-30 00:00:00+09:00,3630.911498762948,3690.679443359375,3630.911498762948,3690.679443359375,21231,0.0,0.0
2016-12-01 00:00:00+09:00,3690.679071385066,3690.679071385066,3601.0271635262175,3630.9111328125,54498,0.0,0.0
2016-12-02 00:00:00+09:00,3630.911455305618,3630.911455305618,3496.4332532572616,3556.201416015625,65637,0.0,0.0
2016-12-05 00:00:00+09:00,3556.2014767676887,3615.969421669811,3496.433312988281,3586.08544921875,39249,0.0,0.0
2016-12-06 00:00:00+09:00,3541.2594406003727,3645.853674252307,3541.2594406003727,3615.969482421875,42999,0.0,0.0
2016-12-07 00:00:00+09:00,3645.853594350697,3735.5055112453374,3571.143335289237,3690.679443359375,75504,0.0,0.0
2016-12-08 00:00:00+09:00,3750.447857515151,3825.157679455601,3705.6217892490517,3795.27392578125,100383,0.0,0.0
2016-12-09 00:00:00+09:00,3810.2156631803387,3914.809672722006,3795.273786889974,3840.099853515625,90345,0.0,0.0
2016-12-12 00:00:00+09:00,3840.099853515625,3884.925920141276,3735.5054062194013,3840.099853515625,57486,0.0,0.0
2016-12-13 00:00:00+09:00,3869.9836088719,3974.5780562431382,3750.447722954137,3959.6357421875,108744,0.0,0.0
2016-12-14 00:00:00+09:00,4004.4618437227846,4034.3460343397846,3869.983642578125,3869.983642578125,80547,0.0,0.0
2016-12-15 00:00:00+09:00,3884.9263590512096,4049.2883300781245,3855.0421653396766,4049.288330078125,112653,0.0,0.0
2016-12-16 00:00:00+09:00,4034.3456837264143,4064.229871746266,3959.6354325540474,4019.40380859375,55629,0.0,0.0
2016-12-19 00:00:00+09:00,4019.403983459132,4034.345859241847,3914.8095397165007,4004.461669921875,48279,0.0,0.0
2016-12-20 00:00:00+09:00,3959.635604819188,4079.1719243445345,3959.635604819188,4004.461669921875,50673,0.0,0.0
2016-12-21 00:00:00+09:00,4064.230242644378,4094.1139956368716,3959.6357939069608,4079.172119140625,106872,0.0,0.0
2016-12-22 00:00:00+09:00,4079.1718858607005,4079.1718858607005,3974.577880859375,3974.577880859375,45867,0.0,0.0
2016-12-23 00:00:00+09:00,3974.5777454412346,4049.2875588590787,3974.5777454412346,4019.40380859375,78936,0.0,0.0
2016-12-26 00:00:00+09:00,4109.057197965383,4109.057197965383,4019.405044102536,4034.346923828125,64635,0.0,0.0
2016-12-27 00:00:00+09:00,3989.5203804096654,4064.2306458111943,3989.5203804096654,4049.288330078125,74433,0.0,0.0
2016-12-28 00:00:00+09:00,4109.951171875,4125.117340112882,4064.4535557866693,4109.951171875,69720,66.666664,0.0
2016-12-29 00:00:00+09:00,4109.9515063092695,4155.449126099825,4094.785781149982,4125.11767578125,51333,0.0,0.0
2017-01-02 00:00:00+09:00,4125.118060475379,4534.596676776926,4125.118060475379,4413.26953125,328146,0.0,0.0
2017-01-03 00:00:00+09:00,4367.771558774679,4473.932524946219,4352.605833410945,4443.60107421875,89091,0.0,0.0
2017-01-04 00:00:00+09:00,4443.6017138594625,4595.260322265624,4367.7721875,4549.7626953125,267438,0.0,0.0
2017-01-05 00:00:00+09:00,4731.752170832784,5338.386916425073,4731.752170832784,5080.5673828125,5879889,0.0,0.0
2017-01-06 00:00:00+09:00,5110.899248202584,5308.055900945144,4928.908765248038,5004.73828125,1890357,0.0,0.0
2017-01-09 00:00:00+09:00,4989.572536210842,5262.558259572298,4959.240641066447,5247.39208984375,934827,0.0,0.0
2017-01-10 00:00:00+09:00,5186.728456182065,5368.718928328804,5171.562731607396,5232.22607421875,499035,0.0,0.0
2017-01-11 00:00:00+09:00,5156.3965627200505,5292.889416830105,5126.065113570711,5232.22607421875,307404,0.0,0.0
2017-01-12 00:00:00+09:00,5232.226596113025,5550.709954137296,5186.728973538129,5429.3828125,1667796,0.0,0.0
2017-01-13 00:00:00+09:00,5414.217086412608,5611.373302799584,5383.885189925104,5429.3828125,639504,0.0,0.0
2017-01-16 00:00:00+09:00,5444.5486154157,5474.880065543237,5292.889587527255,5338.38720703125,340170,0.0,0.0
2017-01-17 00:00:00+09:00,5368.719163254364,5459.714403309523,5201.894408382341,5292.8896484375,331215,0.0,0.0
2017-01-18 00:00:00+09:00,5338.387540613347,5444.54895563155,5232.226569907861,5353.5537109375,410322,0.0,0.0
2017-01-19 00:00:00+09:00,5308.05458363107,5687.201180921649,5292.888417606884,5520.37646484375,610101,0.0,0.0
2017-01-20 00:00:00+09:00,5520.377700203061,5596.207214355469,5429.382460945249,5459.71435546875,193134,0.0,0.0
2017-01-23 00:00:00+09:00,5459.714617173383,5520.377964815517,5368.719373553827,5399.05126953125,292968,0.0,0.0
2017-01-24 00:00:00+09:00,5368.71923828125,5429.382584394883,5277.723996954449,5368.71923828125,289539,0.0,0.0
2017-01-25 00:00:00+09:00,5414.217059295961,5474.880407654421,5323.221814601911,5353.5537109375,154650,0.0,0.0
2017-01-26 00:00:00+09:00,5338.38691492762,5626.538785561079,5277.723573679207,5565.875,457854,0.0,0.0
2017-01-31 00:00:00+09:00,5505.212050374249,5581.041565563527,5459.714430123223,5535.5439453125,143934,0.0,0.0
2017-02-01 00:00:00+09:00,5459.714708987504,5550.709954137296,5338.387567350208,5429.3828125,192102,0.0,0.0
2017-02-02 00:00:00+09:00,5338.38703486679,5429.382270940158,5232.22607421875,5232.22607421875,379860,0.0,0.0
2017-02-03 00:00:00+09:00,5262.558197960911,5383.884888492658,5110.899168327182,5292.8896484375,292131,0.0,0.0
2017-02-06 00:00:00+09:00,5308.055566086172,5308.055566086172,5050.235583394253,5110.89892578125,280620,0.0,0.0
2017-02-07 00:00:00+09:00,5095.733166188195,5201.894125712892,4853.079353997743,5035.06982421875,373209,0.0,0.0
2017-02-08 00:00:00+09:00,5035.069140925149,5080.566752306062,4928.907751494614,5050.23486328125,149424,0.0,0.0
2017-02-09 00:00:00+09:00,5095.732563570967,5171.56206529974,4928.90783749271,5126.064453125,182376,0.0,0.0
2017-02-10 00:00:00+09:00,5141.231143465909,5262.558280206506,4974.406385986675,5004.73828125,222264,0.0,0.0
2017-02-13 00:00:00+09:00,5019.904206061308,5065.401828606615,4928.908960970693,4989.57275390625,82335,0.0,0.0
2017-02-14 00:00:00+09:00,4989.572618299668,5126.065482225987,4928.908827012832,4959.24072265625,258162,0.0,0.0
2017-02-15 00:00:00+09:00,4989.572206663498,5080.567441774001,4898.576971552994,5035.06982421875,87258,0.0,0.0
2017-02-16 00:00:00+09:00,5080.566752306062,5080.566752306062,4913.742029138513,5050.23486328125,184305,0.0,0.0
2017-02-17 00:00:00+09:00,4989.572206663498,5095.733166188195,4944.074589108246,5035.06982421875,133551,0.0,0.0
2017-02-20 00:00:00+09:00,4989.571616600778,5201.893510541155,4989.571616600778,5126.064453125,196284,0.0,0.0
2017-02-21 00:00:00+09:00,5095.732826569954,5308.05517578125,5095.732826569954,5308.05517578125,333918,0.0,0.0
2017-02-22 00:00:00+09:00,5308.055880132541,5323.221605548388,5126.06539789157,5247.39208984375,236466,0.0,0.0
2017-02-23 00:00:00+09:00,5186.728764204546,5201.894489679857,4989.572555774688,5004.73828125,207276,0.0,0.0
2017-02-24 00:00:00+09:00,4959.239969308036,5004.737583705357,4686.254282924107,4777.24951171875,342543,0.0,0.0
2017-02-27 00:00:00+09:00,4792.41541237034,4928.9082606117045,4671.088732364233,4883.41064453125,166161,0.0,0.0
2017-02-28 00:00:00+09:00,4898.577070826809,4913.742795548349,4746.918046360691,4822.74755859375,94002,0.0,0.0
2017-03-02 00:00:00+09:00,4807.58203125,4883.411102283581,4625.591549869087,4807.58203125,156336,0.0,0.0
2017-03-03 00:00:00+09:00,4792.415953005681,4853.079744164911,4731.752606159158,4837.91357421875,97134,0.0,0.0
2017-03-06 00:00:00+09:00,4822.747798295454,5065.401627463948,4746.918282293493,5004.73828125,221181,0.0,0.0
2017-03-07 00:00:00+09:00,4974.406072176,5126.065094612505,4974.406072176,5110.89892578125,101691,0.0,0.0
2017-03-08 00:00:00+09:00,5110.899478255334,5156.397101041918,5019.904232682166,5065.40185546875,83574,0.0,0.0
2017-03-09 00:00:00+09:00,5065.4006740169325,5171.56206529974,5019.903061842192,5126.064453125,61626,0.0,0.0
2017-03-10 00:00:00+09:00,5171.562790876522,5217.060409434636,5035.06993520218,5186.728515625,136929,0.0,0.0
2017-03-13 00:00:00+09:00,5247.392152352224,5277.7240478579415,5141.23118455127,5201.89453125,145146,0.0,0.0
2017-03-14 00:00:00+09:00,5277.723672736336,5277.723672736336,5080.567476744089,5110.89892578125,70401,0.0,0.0
2017-03-15 00:00:00+09:00,5110.898286191674,5262.557289649222,5035.069228775518,5126.064453125,125940,0.0,0.0
2017-03-16 00:00:00+09:00,5126.065781025883,5141.231507575252,4959.2410117318805,4974.40673828125,149955,0.0,0.0
2017-03-17 00:00:00+09:00,4974.405362875526,5126.064363686974,4974.405362875526,5050.23486328125,144729,0.0,0.0
2017-03-20 00:00:00+09:00,5004.737931077691,5065.401273047137,4959.2403135224395,5035.06982421875,85455,0.0,0.0
2017-03-21 00:00:00+09:00,5050.235923808347,5050.235923808347,4731.752577261875,4762.08447265625,376692,0.0,0.0
2017-03-22 00:00:00+09:00,4762.0831063883925,4807.580714270089,4625.590282743304,4671.087890625,285282,0.0,0.0
2017-03-23 00:00:00+09:00,4671.087890625,4762.0831063883925,4640.75600393301,4671.087890625,211209,0.0,0.0
2017-03-24 00:00:00+09:00,4686.254984946089,4853.079744164911,4655.923089366474,4837.91357421875,113898,0.0,0.0
2017-03-27 00:00:00+09:00,4883.410219051568,4883.410219051568,4701.419770586135,4716.5859375,92724,0.0,0.0
2017-03-28 00:00:00+09:00,4716.586880525704,4883.411195431819,4671.0892593126355,4837.91357421875,101103,0.0,0.0
2017-03-29 00:00:00+09:00,4853.07945234951,4928.908520269889,4792.41566483799,4822.74755859375,62145,0.0,0.0
2017-03-30 00:00:00+09:00,4822.747695228647,4868.245314994955,4731.752455696031,4853.07958984375,75717,0.0,0.0
2017-03-31 00:00:00+09:00,4853.079974066049,5065.401920243392,4822.748077049544,5019.904296875,201717,0.0,0.0
2017-04-03 00:00:00+09:00,5095.732826569954,5308.05517578125,5050.235212047009,5308.05517578125,400557,0.0,0.0
2017-04-04 00:00:00+09:00,5308.056088590475,5429.382785307396,5217.0608438964255,5353.5537109375,184629,0.0,0.0
2017-04-05 00:00:00+09:00,5399.050722642584,5474.879788436082,5262.557871039086,5444.54833984375,196416,0.0,0.0
2017-04-06 00:00:00+09:00,5444.548891341028,5490.046513150806,5292.889855766625,5399.05126953125,122802,0.0,0.0
2017-04-07 00:00:00+09:00,5399.051759993619,5399.051759993619,5217.061256222068,5277.724609375,107736,0.0,0.0
2017-04-10 00:00:00+09:00,5292.889416830105,5292.889416830105,5095.733220108696,5232.22607421875,126378,0.0,0.0
2017-04-11 00:00:00+09:00,5262.558197960911,5368.719163254364,5201.894408382341,5292.8896484375,139962,0.0,0.0
2017-04-12 00:00:00+09:00,5292.889298621651,5444.548318231982,5232.225957365117,5323.22119140625,119193,0.0,0.0
2017-04-13 00:00:00+09:00,5338.387281867756,5459.714417016807,5292.88966172595,5414.216796875,124614,0.0,0.0
2017-04-14 00:00:00+09:00,5414.216796875,5474.8801422931765,5353.5534514568235,5414.216796875,159849,0.0,0.0
2017-04-17 00:00:00+09:00,5490.045957044917,5490.045957044917,5383.884554033751,5444.54833984375,165036,0.0,0.0
2017-04-18 00:00:00+09:00,5505.212080479626,5687.202562478952,5505.212080479626,5611.373046875,510924,0.0,0.0
2017-04-19 00:00:00+09:00,5596.207456527218,5717.534595558874,5581.041730765527,5641.705078125,161124,0.0,0.0
2017-04-20 00:00:00+09:00,5626.539185814554,5641.70491112733,5535.5439453125,5535.5439453125,100335,0.0,0.0
2017-04-21 00:00:00+09:00,5550.709489610067,5702.368070730158,5429.382358126384,5672.03662109375,166422,0.0,0.0
2017-04-24 00:00:00+09:00,5672.036247160665,5702.367694797451,5535.543399857167,5581.041015625,103146,0.0,0.0
2017-04-25 00:00:00+09:00,5596.207321479289,5702.368287874663,5550.709700979458,5611.373046875,97947,0.0,0.0
2017-04-26 00:00:00+09:00,5641.7045518086925,5823.695021221876,5596.206934455397,5808.529296875,306426,0.0,0.0
2017-04-27 00:00:00+09:00,5823.69523581009,5899.524748963929,5717.534272844863,5747.86572265625,149442,0.0,0.0
2017-04-28 00:00:00+09:00,5823.695021221876,5854.026914228296,5656.870276155568,5808.529296875,120459,0.0,0.0
2017-05-02 00:00:00+09:00,5823.695297531979,5823.695297531979,5702.3681640625,5702.3681640625,90027,0.0,0.0
2017-05-04 00:00:00+09:00,5717.533636037664,5763.03125,5581.040794150659,5763.03125,122313,0.0,0.0
2017-05-08 00:00:00+09:00,5747.8650824707975,5793.362696433132,5687.201745291895,5763.03125,60834,0.0,0.0
2017-05-10 00:00:00+09:00,5763.032090481879,5778.197815910218,5611.3730589476845,5732.7001953125,124104,0.0,0.0
2017-05-11 00:00:00+09:00,5732.700553894043,5854.027697847895,5717.5348275170845,5823.69580078125,149706,0.0,0.0
2017-05-12 00:00:00+09:00,5793.363290569782,5823.695184426229,5535.543747884367,5550.70947265625,210798,0.0,0.0
2017-05-15 00:00:00+09:00,5565.875499031182,5717.534532218819,5520.377877937432,5687.20263671875,181923,0.0,0.0
2017-05-16 00:00:00+09:00,5687.202150145746,5732.699767346912,5399.050722642584,5444.54833984375,240306,0.0,0.0
2017-05-17 00:00:00+09:00,5459.71435546875,5505.211975097656,5323.221496582031,5459.71435546875,235038,0.0,0.0
2017-05-18 00:00:00+09:00,5414.216276372063,5611.372463261786,5338.386768654791,5581.041015625,135531,0.0,0.0
2017-05-19 00:00:00+09:00,5656.87051246079,5687.202406734269,5550.709548972647,5626.5390625,76191,0.0,0.0
2017-05-22 00:00:00+09:00,5626.5378497626825,5656.8692931858695,5444.54741197319,5520.37646484375,200709,0.0,0.0
2017-05-23 00:00:00+09:00,5505.211975097656,5581.041489250064,5414.216735839844,5459.71435546875,144360,0.0,0.0
2017-05-24 00:00:00+09:00,5550.709533186984,5550.709533186984,5414.216675813534,5505.2119140625,55935,0.0,0.0
2017-05-25 00:00:00+09:00,5550.70965730042,5550.70965730042,5383.884902009563,5414.216796875,74250,0.0,0.0
2017-05-26 00:00:00+09:00,5474.879765971048,5581.041168546602,5399.050700488699,5565.875,138969,0.0,0.0
2017-05-29 00:00:00+09:00,5581.040240315309,5611.371683738496,5459.713133684783,5520.37646484375,88902,0.0,0.0
2017-05-30 00:00:00+09:00,5520.377686014625,5702.3681640625,5459.714341436231,5702.3681640625,124398,0.0,0.0
2017-05-31 00:00:00+09:00,5702.368287874663,5732.700182978784,5565.875426375168,5611.373046875,115008,0.0,0.0
2017-06-01 00:00:00+09:00,5565.875395938053,5656.870636440106,5459.714430123223,5535.5439453125,93336,0.0,0.0
2017-06-02 00:00:00+09:00,5596.206892780539,5596.206892780539,5429.382148956572,5565.875,99525,0.0,0.0
2017-06-05 00:00:00+09:00,5565.875118783415,5611.3727367688725,5399.050815711855,5474.8798828125,112647,0.0,0.0
2017-06-07 00:00:00+09:00,5490.04605168277,5520.3775007979575,5414.216540269448,5474.8798828125,115770,0.0,0.0
2017-06-08 00:00:00+09:00,5565.874847493953,5626.538631392832,5444.548168321502,5581.041015625,141795,0.0,0.0
2017-06-09 00:00:00+09:00,5611.373469820877,5672.03726460153,5520.378221962632,5656.87109375,131901,0.0,0.0
2017-06-12 00:00:00+09:00,5656.869924248742,5656.869924248742,5292.889008065174,5308.05517578125,447549,0.0,0.0
2017-06-13 00:00:00+09:00,5308.056025911694,5414.216995363605,5292.889855766625,5399.05126953125,143814,0.0,0.0
2017-06-14 00:00:00+09:00,5459.71430735224,5459.71430735224,5201.894316956377,5262.55810546875,212874,0.0,0.0
2017-06-15 00:00:00+09:00,5277.723830440499,5292.889555412248,5156.396697728443,5262.55810546875,155103,0.0,0.0
2017-06-16 00:00:00+09:00,5262.557561258304,5323.220899184685,5186.728055615847,5308.05517578125,104241,0.0,0.0
2017-06-19 00:00:00+09:00,5308.055892167617,5399.051133494418,5232.226376291049,5368.71923828125,102255,0.0,0.0
2017-06-20 00:00:00+09:00,5383.884237111065,5414.216128230577,5247.391393542227,5308.05517578125,95172,0.0,0.0
2017-06-21 00:00:00+09:00,5262.557887722724,5292.889336411215,5141.230760030755,5156.396484375,136491,0.0,0.0
2017-06-22 00:00:00+09:00,5201.894438935993,5292.889679525618,5095.733473018997,5171.56298828125,116301,0.0,0.0
2017-06-23 00:00:00+09:00,5201.894438935993,5201.894438935993,5126.065367986437,5171.56298828125,97086,0.0,0.0
2017-06-26 00:00:00+09:00,5171.562616108585,5353.553084190849,5156.396447559951,5323.22119140625,81018,0.0,0.0
2017-06-27 00:00:00+09:00,5308.055892167617,5414.21685894465,5247.392101741281,5368.71923828125,86103,0.0,0.0
2017-06-28 00:00:00+09:00,5368.718808426816,5399.050701211416,5292.889298621651,5323.22119140625,74637,0.0,0.0
2017-06-29 00:00:00+09:00,5323.221452703277,5641.704787480396,5292.889558429797,5626.5390625,360717,0.0,0.0
2017-06-30 00:00:00+09:00,5581.041596083579,5641.704941979121,5474.880185375505,5611.373046875,132363,0.0,0.0
2017-07-03 00:00:00+09:00,5581.0418506248,5581.0418506248,5368.719463837712,5429.3828125,175698,0.0,0.0
2017-07-04 00:00:00+09:00,5429.382446039241,5490.046234919695,5262.558137399717,5338.38720703125,160980,0.0,0.0
2017-07-05 00:00:00+09:00,5338.387477576403,5429.38272119596,5247.392233956847,5399.05126953125,80766,0.0,0.0
2017-07-06 00:00:00+09:00,5429.381851634012,5429.381851634012,5156.396164496336,5308.05517578125,182418,0.0,0.0
2017-07-07 00:00:00+09:00,5308.05581798849,5338.387268465079,5262.558197960911,5292.8896484375,42033,0.0,0.0
2017-07-10 00:00:00+09:00,5292.890336585045,5308.056508107843,5217.061256222068,5277.724609375,68223,0.0,0.0
2017-07-11 00:00:00+09:00,5247.392710642157,5353.554134050731,5201.895084699269,5277.724609375,91860,0.0,0.0
2017-07-12 00:00:00+09:00,5277.723984988145,5323.221605548388,5217.060639012055,5247.39208984375,26418,0.0,0.0
2017-07-13 00:00:00+09:00,5247.392101741281,5399.051133494418,5232.226376291049,5368.71923828125,128160,0.0,0.0
2017-07-14 00:00:00+09:00,5399.05126953125,5444.548891341028,5353.553647721472,5399.05126953125,118293,0.0,0.0
2017-07-17 00:00:00+09:00,5459.713783552866,5459.713783552866,5338.38666248081,5383.88427734375,85395,0.0,0.0
2017-07-18 00:00:00+09:00,5399.05055255367,5581.041015625,5323.221044836398,5581.041015625,189243,0.0,0.0
2017-07-19 00:00:00+09:00,5596.207168226521,5641.704787480396,5505.211929718773,5626.5390625,207024,0.0,0.0
2017-07-20 00:00:00+09:00,5626.53921658341,5641.704941979121,5535.543975583747,5611.373046875,97695,0.0,0.0
2017-07-21 00:00:00+09:00,5581.041730765527,5702.368425484472,5565.875560691125,5641.705078125,78474,0.0,0.0
2017-07-24 00:00:00+09:00,5672.036603769357,5672.036603769357,5490.046129256038,5550.70947265625,112533,0.0,0.0
2017-07-25 00:00:00+09:00,5611.372939460874,5747.865798347592,5308.055771476626,5459.71435546875,231753,0.0,0.0
2017-07-26 00:00:00+09:00,5414.216783281943,5474.880128547818,5262.558197960911,5292.8896484375,186618,0.0,0.0
2017-07-27 00:00:00+09:00,5323.221605548388,5399.0511212530255,5156.396848723264,5247.39208984375,166158,0.0,0.0
2017-07-28 00:00:00+09:00,5247.392059230805,5247.392059230805,5095.733473018997,5171.56298828125,320223,0.0,0.0
2017-07-31 00:00:00+09:00,5156.396621815364,5201.894240373477,5110.899003257249,5186.728515625,73467,0.0,0.0
2017-08-01 00:00:00+09:00,5201.8938643469555,5201.8938643469555,4974.405788000695,5095.73291015625,209670,0.0,0.0
2017-08-02 00:00:00+09:00,5141.230175745707,5201.893510541155,5080.566840950259,5126.064453125,56247,0.0,0.0
2017-08-03 00:00:00+09:00,5141.230309031834,5141.230309031834,4807.581292538108,4868.24462890625,364797,0.0,0.0
2017-08-04 00:00:00+09:00,4837.912849477631,4883.410463874953,4716.586173959869,4777.24951171875,116883,0.0,0.0
2017-08-07 00:00:00+09:00,4777.249316321244,4883.410264135286,4777.249316321244,4792.4150390625,63027,0.0,0.0
2017-08-08 00:00:00+09:00,4792.415800613544,4868.245314994955,4701.420561080928,4853.07958984375,80499,0.0,0.0
2017-08-09 00:00:00+09:00,4792.415977102034,4822.747872834158,4580.094039915292,4595.259765625,292827,0.0,0.0
2017-08-10 00:00:00+09:00,4625.591598714426,4655.923049723074,4534.596357063078,4640.75732421875,102939,0.0,0.0
2017-08-11 00:00:00+09:00,4595.259040706684,4625.590931653845,4473.931921230676,4534.595703125,111000,0.0,0.0
2017-08-14 00:00:00+09:00,4580.094327923266,4655.923405552838,4564.928156947162,4610.42578125,43704,0.0,0.0
2017-08-16 00:00:00+09:00,4640.757678889471,4716.58720083178,4534.596703620428,4610.42578125,111375,0.0,0.0
2017-08-17 00:00:00+09:00,4625.590713267284,4716.5859375,4564.926934237061,4716.5859375,80013,0.0,0.0
2017-08-18 00:00:00+09:00,4640.757067186148,4762.084197439031,4640.757067186148,4701.42041015625,87462,0.0,0.0
2017-08-21 00:00:00+09:00,4746.918291374422,4746.918291374422,4625.591598714426,4640.75732421875,65760,0.0,0.0
2017-08-22 00:00:00+09:00,4686.254821777344,4777.250061035156,4595.259582519531,4731.75244140625,68304,0.0,0.0
2017-08-23 00:00:00+09:00,4731.751897321428,4822.747126116072,4701.420006285667,4777.24951171875,62970,0.0,0.0
2017-08-24 00:00:00+09:00,4716.58685172104,4777.250198197085,4701.4206818675,4762.08447265625,47211,0.0,0.0
2017-08-25 00:00:00+09:00,4731.752303797641,4762.084197439031,4686.254685491895,4701.42041015625,33858,0.0,0.0
2017-08-28 00:00:00+09:00,4746.916940886109,4746.916940886109,4655.921725122716,4671.087890625,67731,0.0,0.0
2017-08-29 00:00:00+09:00,4671.088902069404,4746.91796875,4595.259391076134,4746.91796875,71130,0.0,0.0
2017-08-30 00:00:00+09:00,4716.5865198028305,4777.249862009842,4686.254626542988,4746.91796875,47670,0.0,0.0
2017-08-31 00:00:00+09:00,4746.918470789466,5110.899451151922,4731.752744711936,4989.57275390625,391680,0.0,0.0
2017-09-01 00:00:00+09:00,4989.572555774688,5035.070176513325,4959.240660511364,5004.73828125,87186,0.0,0.0
2017-09-04 00:00:00+09:00,5004.73828125,5004.73828125,5004.73828125,5004.73828125,0,0.0,0.0
2017-09-05 00:00:00+09:00,4853.079714526671,4853.079714526671,4716.58685172104,4762.08447265625,80097,0.0,0.0
2017-09-06 00:00:00+09:00,4746.918241247897,4822.747756594176,4701.420620902669,4807.58203125,55137,0.0,0.0
2017-09-07 00:00:00+09:00,4853.07945234951,4928.908520269889,4807.58183387221,4822.74755859375,104010,0.0,0.0
2017-09-08 00:00:00+09:00,4837.913204216854,4853.079373003112,4746.91796875,4746.91796875,88179,0.0,0.0
2017-09-11 00:00:00+09:00,4762.084215394911,4837.91328331529,4746.918046360691,4822.74755859375,76506,0.0,0.0
2017-09-12 00:00:00+09:00,4837.91357421875,4913.7430910114335,4807.5821229518415,4837.91357421875,108432,0.0,0.0
2017-09-13 00:00:00+09:00,4913.742153930422,4913.742153930422,4777.249316321244,4792.4150390625,134592,0.0,0.0
2017-09-14 00:00:00+09:00,4853.078905892372,4868.24462890625,4762.083679183844,4868.24462890625,52047,0.0,0.0
2017-09-15 00:00:00+09:00,4868.245194526302,5004.7380504476,4853.079469750384,4944.07470703125,137046,0.0,0.0
2017-09-18 00:00:00+09:00,4989.572909143353,4989.572909143353,4762.084789339138,4974.40673828125,67137,0.0,0.0
2017-09-19 00:00:00+09:00,5004.73828125,5004.73828125,4853.07969355878,5004.73828125,93894,0.0,0.0
2017-09-20 00:00:00+09:00,4959.240431807167,5004.7380504476,4868.245194526302,4944.07470703125,110340,0.0,0.0
2017-09-21 00:00:00+09:00,4913.742873399318,4913.742873399318,4777.250015804892,4898.5771484375,66096,0.0,0.0
2017-09-25 00:00:00+09:00,4701.419333004413,4807.580714270089,4549.760788169618,4671.087890625,61299,0.0,0.0
2017-09-26 00:00:00+09:00,4671.087890625,4671.087890625,4671.087890625,4671.087890625,0,0.0,0.0
2017-09-27 00:00:00+09:00,4610.425626408254,4671.089419649795,4458.767031929847,4625.591796875,89229,0.0,0.0
2017-09-28 00:00:00+09:00,4564.928003633459,4686.255145803819,4564.928003633459,4625.591796875,30960,0.0,0.0
2017-09-29 00:00:00+09:00,4610.425420077584,5004.73828125,4595.259694602272,5004.73828125,112476,0.0,0.0
2017-10-10 00:00:00+09:00,5004.7373327993955,5004.7373327993955,4686.2540479848885,4716.5859375,146766,0.0,0.0
2017-10-11 00:00:00+09:00,4716.5865198028305,4792.415586483427,4686.254626542988,4746.91796875,38022,0.0,0.0
2017-10-12 00:00:00+09:00,4746.917382702493,4822.746884333963,4701.419770586135,4716.5859375,61947,0.0,0.0
2017-10-13 00:00:00+09:00,4762.083626113468,4762.083626113468,4443.6003361829125,4504.263671875,121596,0.0,0.0
2017-10-16 00:00:00+09:00,4519.429944635995,4564.927563019285,4291.94185271954,4458.7666015625,190005,0.0,0.0
2017-10-17 00:00:00+09:00,4413.268446180556,4534.595561877357,4413.268446180556,4504.263671875,69648,0.0,0.0
2017-10-18 00:00:00+09:00,4519.429535495099,4549.761426442261,4398.102860331732,4534.595703125,59058,0.0,0.0
2017-10-19 00:00:00+09:00,4519.429962375708,4640.757093311611,4443.600894314364,4580.09375,65313,0.0,0.0
2017-10-20 00:00:00+09:00,4549.761830574655,4701.42041015625,4549.761830574655,4701.42041015625,52764,0.0,0.0
2017-10-23 00:00:00+09:00,4686.253611814706,4731.751219696403,4625.590282743304,4671.087890625,37494,0.0,0.0
2017-10-24 00:00:00+09:00,4686.254956326665,4792.415923737921,4671.089230785829,4762.08447265625,91008,0.0,0.0
2017-10-25 00:00:00+09:00,4777.250227372227,4868.245469798365,4701.420710579543,4837.91357421875,109161,0.0,0.0
2017-10-26 00:00:00+09:00,4792.415923737921,4853.079714526671,4731.752577261875,4762.08447265625,65031,0.0,0.0
2017-10-27 00:00:00+09:00,4746.917620682989,4853.079017151833,4731.751897321428,4777.24951171875,75993,0.0,0.0
2017-10-30 00:00:00+09:00,4868.245612347858,4989.57275390625,4807.582263725021,4989.57275390625,94812,0.0,0.0
2017-10-31 00:00:00+09:00,5004.737872996214,5095.733107050691,4898.576914703546,5080.5673828125,62448,0.0,0.0
2017-11-01 00:00:00+09:00,5080.568025939427,5095.733752097381,4989.572780366259,5065.40185546875,39027,0.0,0.0
2017-11-02 00:00:00+09:00,5065.40185546875,5065.40185546875,4928.908987108999,5065.40185546875,42543,0.0,0.0
2017-11-03 00:00:00+09:00,5095.733725074393,5095.733725074393,4913.743234893165,4989.57275390625,51798,0.0,0.0
2017-11-06 00:00:00+09:00,4974.40673828125,5050.236259653566,4913.743387771037,4974.40673828125,55335,0.0,0.0
2017-11-07 00:00:00+09:00,4989.572909143353,5065.401986202935,4913.743387771037,4974.40673828125,54930,0.0,0.0
2017-11-08 00:00:00+09:00,5004.73828125,5004.73828125,4928.908765248038,5004.73828125,44247,0.0,0.0
2017-11-09 00:00:00+09:00,5019.904069630377,5019.904069630377,4944.074996990895,4959.24072265625,63372,0.0,0.0
2017-11-10 00:00:00+09:00,4959.24094715472,5065.401920243392,4928.909050138216,5019.904296875,78483,0.0,0.0
2017-11-13 00:00:00+09:00,5141.2305254255025,5308.05526285031,5019.9034032699465,5095.73291015625,296292,0.0,0.0
2017-11-14 00:00:00+09:00,5080.5672120983845,5247.391506050953,5065.401044057132,5217.06005859375,130269,0.0,0.0
2017-11-15 00:00:00+09:00,5217.059677474481,5247.391122715896,5065.4006740169325,5126.064453125,143022,0.0,0.0
2017-11-16 00:00:00+09:00,5156.395898366414,5156.395898366414,4944.0740044260365,5126.064453125,110709,0.0,0.0
2017-11-17 00:00:00+09:00,5126.06503568651,5171.562653031915,5019.903632338785,5156.396484375,137223,0.0,0.0
2017-11-20 00:00:00+09:00,5217.060233894214,5217.060233894214,5080.5673828125,5080.5673828125,68286,0.0,0.0
2017-11-21 00:00:00+09:00,5080.56809553695,5186.729068722345,5065.4019248585155,5141.2314453125,118917,0.0,0.0
2017-11-22 00:00:00+09:00,5171.562616108585,5323.22119140625,5095.733106303419,5323.22119140625,253728,0.0,0.0
2017-11-23 00:00:00+09:00,5383.884554033751,5444.54833984375,5247.391702430253,5444.54833984375,179679,0.0,0.0
2017-11-24 00:00:00+09:00,5459.71435546875,5459.71435546875,5338.387221687436,5459.71435546875,86007,0.0,0.0
2017-11-27 00:00:00+09:00,5459.714042467948,5459.714042467948,5292.889298621651,5323.22119140625,81018,0.0,0.0
2017-11-28 00:00:00+09:00,5308.05558571745,5308.05558571745,5171.562731607396,5232.22607421875,102234,0.0,0.0
2017-11-29 00:00:00+09:00,5232.226303171626,5308.05581798849,5141.231063116467,5292.8896484375,74700,0.0,0.0
2017-11-30 00:00:00+09:00,5232.2266204571315,5232.2266204571315,5035.070403152843,5065.40185546875,106866,0.0,0.0
2017-12-01 00:00:00+09:00,5156.395898366414,5171.56206529974,5050.234951396225,5126.064453125,115197,0.0,0.0
2017-12-04 00:00:00+09:00,5126.064453125,5141.230175745707,4959.239727046744,5126.064453125,130722,0.0,0.0
2017-12-05 00:00:00+09:00,5095.733201262669,5186.728436999502,5050.235583394253,5110.89892578125,76500,0.0,0.0
2017-12-06 00:00:00+09:00,5110.898633808451,5217.060032311806,5050.235294886998,5095.73291015625,63696,0.0,0.0
2017-12-07 00:00:00+09:00,5141.230783743446,5141.230783743446,4928.908420381382,5035.06982421875,82725,0.0,0.0
2017-12-08 00:00:00+09:00,5035.0701010810935,5035.0701010810935,4807.582000795995,4928.90869140625,126453,0.0,0.0
2017-12-11 00:00:00+09:00,5019.9034032699465,5095.73291015625,4913.742449079241,5095.73291015625,40218,0.0,0.0
2017-12-12 00:00:00+09:00,5050.236259653566,5095.733883614409,4898.577661221668,4974.40673828125,58044,0.0,0.0
2017-12-13 00:00:00+09:00,5019.903634869831,5019.903634869831,4868.245058412905,4913.74267578125,55359,0.0,0.0
2017-12-14 00:00:00+09:00,4959.240712224502,4959.240712224502,4792.415953005681,4837.91357421875,142278,0.0,0.0
2017-12-15 00:00:00+09:00,4853.079886270329,4989.57275390625,4807.582263725021,4989.57275390625,119502,0.0,0.0
2017-12-18 00:00:00+09:00,4989.572909143353,5095.733883614409,4959.2410117318805,4974.40673828125,54873,0.0,0.0
2017-12-19 00:00:00+09:00,5019.904069630377,5019.904069630377,4822.747858729931,4959.24072265625,81858,0.0,0.0
2017-12-21 00:00:00+09:00,4868.2451770710495,4928.908520269889,4762.084215394911,4822.74755859375,73335,0.0,0.0
2017-12-22 00:00:00+09:00,4883.411205704059,4959.24072265625,4777.250237421158,4959.24072265625,106362,0.0,0.0
2017-12-26 00:00:00+09:00,5004.738111795602,5763.031913202195,4868.245254201176,4898.5771484375,1098696,0.0,0.0
2017-12-27 00:00:00+09:00,5021.425214390025,5205.697699321769,4990.712983606735,5098.20556640625,191685,66.666664,0.0
2017-12-28 00:00:00+09:00,5098.205932202562,5251.7661973689665,5082.849590767101,5174.98583984375,84597,0.0,0.0
2018-01-02 00:00:00+09:00,5190.341915516953,5313.18994140625,5128.917452688299,5313.18994140625,157863,0.0,0.0
2018-01-03 00:00:00+09:00,5313.189558893882,5420.682136163313,5251.765550371331,5328.5458984375,116691,0.0,0.0
2018-01-04 00:00:00+09:00,5313.189385251543,5359.25750260888,5267.121267894206,5297.83349609375,72534,0.0,0.0
2018-01-05 00:00:00+09:00,5313.189558893882,5451.393915482601,5297.833669234238,5328.5458984375,111597,0.0,0.0
2018-01-08 00:00:00+09:00,5282.477542178941,5328.545658971537,5159.629080770702,5190.34130859375,114654,0.0,0.0
2018-01-09 00:00:00+09:00,5190.34130859375,5251.765314355893,5128.916852947654,5190.34130859375,66105,0.0,0.0
2018-01-10 00:00:00+09:00,5221.053404028628,5221.053404028628,5067.493155343192,5159.62939453125,69843,0.0,0.0
2018-01-11 00:00:00+09:00,5159.629080770702,5221.053086532845,5098.205075008559,5190.34130859375,38412,0.0,0.0
2018-01-12 00:00:00+09:00,5205.697820131486,5221.0537109375,4990.7130994272575,5221.0537109375,158658,0.0,0.0
2018-01-15 00:00:00+09:00,5313.190095301583,5313.190095301583,5052.1376953125,5052.1376953125,119913,0.0,0.0
2018-01-16 00:00:00+09:00,5082.849358039737,5159.629712049427,5036.781235610724,5128.91748046875,44229,0.0,0.0
2018-01-17 00:00:00+09:00,5128.917715305425,5205.698072830643,5082.849590767101,5174.98583984375,58758,0.0,0.0
2018-01-18 00:00:00+09:00,5174.985033179532,5343.901613451087,5174.985033179532,5297.83349609375,104412,0.0,0.0
2018-01-19 00:00:00+09:00,5389.971051611785,5389.971051611785,5251.766665673022,5267.12255859375,110889,0.0,0.0
2018-01-22 00:00:00+09:00,5267.122260275562,5297.834494261615,5190.342350136495,5205.6982421875,44331,0.0,0.0
2018-01-23 00:00:00+09:00,5190.341785296382,5297.833917723647,5190.341785296382,5282.47802734375,62193,0.0,0.0
2018-01-24 00:00:00+09:00,5328.546282055416,5343.902172820577,5221.053697047274,5313.18994140625,37998,0.0,0.0
2018-01-25 00:00:00+09:00,5313.190111353315,5389.970467403017,5236.4102051876325,5343.90234375,71910,0.0,0.0
2018-01-26 00:00:00+09:00,5405.3259325211575,5451.394052542315,5313.1896924788425,5359.2578125,89070,0.0,0.0
2018-01-29 00:00:00+09:00,5374.614404234904,5420.682526414392,5313.18994140625,5313.18994140625,49494,0.0,0.0
2018-01-30 00:00:00+09:00,5313.189558893882,5374.614017300406,5205.697431508425,5328.5458984375,86811,0.0,0.0
2018-01-31 00:00:00+09:00,5282.477606935958,5343.901613451087,5251.765378736413,5297.83349609375,46863,0.0,0.0
2018-02-01 00:00:00+09:00,5328.546032408552,5405.3259325211575,5267.121572457685,5359.2578125,66297,0.0,0.0
2018-02-02 00:00:00+09:00,5359.258049813895,5466.75063454581,5313.18992775279,5405.326171875,135573,0.0,0.0
2018-02-05 00:00:00+09:00,5282.47802734375,5343.90203874733,5205.697675676279,5282.47802734375,92520,0.0,0.0
2018-02-06 00:00:00+09:00,5128.917097913056,5174.9852169059395,4960.000961528465,5144.2734375,163725,0.0,0.0
2018-02-07 00:00:00+09:00,5251.765652126735,5267.121542083908,4975.35693359375,4975.35693359375,87048,0.0,0.0
2018-02-08 00:00:00+09:00,4975.356687213302,5113.561039635894,4975.356687213302,5021.4248046875,30255,0.0,0.0
2018-02-09 00:00:00+09:00,4960.000320053272,5113.560546875,4852.507756382538,5113.560546875,102051,0.0,0.0
2018-02-12 00:00:00+09:00,5113.560546875,5113.560546875,4975.35620777027,5113.560546875,67053,0.0,0.0
2018-02-13 00:00:00+09:00,5113.561727107872,5113.561727107872,4960.00146484375,4960.00146484375,36096,0.0,0.0
2018-02-14 00:00:00+09:00,4975.35675997661,5021.4248781245415,4883.220523680747,4944.64453125,52671,0.0,0.0
2018-02-19 00:00:00+09:00,4990.712823550922,5006.069163392075,4898.576584039926,4975.35693359375,42987,0.0,0.0
2018-02-20 00:00:00+09:00,4975.356687213302,5036.780693884246,4944.644458935851,5021.4248046875,40512,0.0,0.0
2018-02-21 00:00:00+09:00,4975.356924715909,5067.4931640625,4975.356924715909,5067.4931640625,46632,0.0,0.0
2018-02-22 00:00:00+09:00,5067.493089217202,5221.053335898823,5067.493089217202,5144.2734375,70551,0.0,0.0
2018-02-23 00:00:00+09:00,5159.62932720297,5159.62932720297,5052.137199514233,5144.2734375,48126,0.0,0.0
2018-02-26 00:00:00+09:00,5098.205393806024,5159.629403409091,5052.137274132729,5067.4931640625,35292,0.0,0.0
2018-02-27 00:00:00+09:00,5082.849226072607,5174.985468538479,5036.781104839671,5098.20556640625,46020,0.0,0.0
2018-02-28 00:00:00+09:00,5098.20556640625,5128.917347305543,4960.001202707442,5098.20556640625,39735,0.0,0.0
2018-03-02 00:00:00+09:00,5067.493230961257,5082.84912109375,4960.001100265832,5082.84912109375,22362,0.0,0.0
2018-03-05 00:00:00+09:00,5006.068915490754,5082.848811358443,4944.644458935851,5021.4248046875,28269,0.0,0.0
2018-03-06 00:00:00+09:00,4975.356687213302,5036.780693884246,4960.0007980165565,5021.4248046875,36480,0.0,0.0
2018-03-07 00:00:00+09:00,5021.4248046875,5082.848811358443,4990.712576410048,5021.4248046875,48366,0.0,0.0
2018-03-08 00:00:00+09:00,4990.712576410048,5082.848811358443,4975.356687213302,5021.4248046875,35193,0.0,0.0
2018-03-09 00:00:00+09:00,5052.136546123092,5159.628659909909,5021.42432080518,5113.560546875,78471,0.0,0.0
2018-03-12 00:00:00+09:00,5159.628659909909,5174.984547626907,5067.49243384009,5113.560546875,66153,0.0,0.0
2018-03-13 00:00:00+09:00,5113.560963978107,5236.409425386346,5082.848736155059,5190.34130859375,99918,0.0,0.0
2018-03-14 00:00:00+09:00,5190.341929325472,5236.41005162752,5159.629697829438,5221.0537109375,32565,0.0,0.0
2018-03-15 00:00:00+09:00,5221.0537109375,5267.121833239548,5159.629697829438,5221.0537109375,39945,0.0,0.0
2018-03-16 00:00:00+09:00,5236.4104761735525,5251.7663682245575,5174.9860082014475,5205.6982421875,48594,0.0,0.0
2018-03-19 00:00:00+09:00,5221.054134238505,5221.054134238505,5082.8497561273325,5205.6982421875,49806,0.0,0.0
2018-03-20 00:00:00+09:00,5174.985602897763,5190.341943630106,5113.561589620415,5128.91748046875,17706,0.0,0.0
2018-03-21 00:00:00+09:00,5128.917347305543,5205.697699321769,4975.3570931570885,5098.20556640625,48018,0.0,0.0
2018-03-22 00:00:00+09:00,5098.205713336836,5128.917495121244,5036.78125,5036.78125,62547,0.0,0.0
2018-03-23 00:00:00+09:00,4975.3566917348135,5052.137037556238,4852.508228397325,4929.28857421875,74184,0.0,0.0
2018-03-26 00:00:00+09:00,4913.932624027481,4944.644402067758,4714.303817345907,4729.66015625,163161,0.0,0.0
2018-03-27 00:00:00+09:00,4791.084539458258,4837.152660029973,4683.592408085589,4806.4404296875,94302,0.0,0.0
2018-03-28 00:00:00+09:00,4714.304056658442,4806.440295224301,4637.524157776212,4775.728515625,84711,0.0,0.0
2018-03-29 00:00:00+09:00,4775.728649229018,4837.152660029973,4668.236067972358,4806.4404296875,75108,0.0,0.0
2018-03-30 00:00:00+09:00,4806.440522144359,4929.288995993377,4806.440522144359,4913.93310546875,37392,0.0,0.0
2018-04-02 00:00:00+09:00,4929.288151740759,4944.644039635341,4852.5078125,4852.5078125,29856,0.0,0.0
2018-04-03 00:00:00+09:00,4852.508232975188,4852.508232975188,4668.235762737092,4837.15234375,46929,0.0,0.0
2018-04-04 00:00:00+09:00,4806.440614728187,4867.865077777881,4652.880356871966,4745.0166015625,82353,0.0,0.0
2018-04-05 00:00:00+09:00,4791.084305326259,4867.8646524883225,4652.879950364924,4668.23583984375,145593,0.0,0.0
2018-04-06 00:00:00+09:00,4683.592858294677,4683.592858294677,4514.6762499999995,4606.8125,122037,0.0,0.0
2018-04-09 00:00:00+09:00,4591.45556640625,4652.879569173299,4591.45556640625,4591.45556640625,46470,0.0,0.0
2018-04-10 00:00:00+09:00,4591.456438678315,4637.524561976479,4483.9638510599225,4576.10009765625,84591,0.0,0.0
2018-04-11 00:00:00+09:00,4591.456732071701,4852.509147519827,4591.456732071701,4821.79736328125,117258,0.0,0.0
2018-04-12 00:00:00+09:00,4806.4404192136,4929.288890431797,4775.728638822043,4898.57666015625,75528,0.0,0.0
2018-04-13 00:00:00+09:00,4898.5759260676705,4975.356265308429,4806.4396989323295,4852.5078125,25998,0.0,0.0
2018-04-16 00:00:00+09:00,4852.508550259215,4852.508550259215,4714.3041885440725,4806.4404296875,73539,0.0,0.0
2018-04-17 00:00:00+09:00,4821.796769800731,4837.152660029973,4760.372309115786,4806.4404296875,30276,0.0,0.0
2018-04-18 00:00:00+09:00,4821.7965161114935,5021.4248781245415,4791.084287384884,4944.64453125,150165,0.0,0.0
2018-04-19 00:00:00+09:00,4929.288813838252,4990.712823550922,4821.796684370085,4975.35693359375,104232,0.0,0.0
2018-04-20 00:00:00+09:00,4883.220694082755,4990.712823550922,4883.220694082755,4975.35693359375,65985,0.0,0.0
2018-04-23 00:00:00+09:00,4960.001043636578,4990.712823550922,4837.152574327257,4975.35693359375,55992,0.0,0.0
2018-04-24 00:00:00+09:00,4913.932685008049,4975.3566917348135,4837.152339186624,4929.28857421875,46731,0.0,0.0
2018-04-25 00:00:00+09:00,4929.2895078843585,4960.00174200698,4791.085129158629,4821.79736328125,44157,0.0,0.0
2018-04-26 00:00:00+09:00,4821.7960367108335,4883.220038173087,4791.083811037746,4852.5078125,21975,0.0,0.0
2018-04-27 00:00:00+09:00,4852.508977142022,4913.933443230574,4791.0849609375,4791.0849609375,29964,0.0,0.0
2018-04-30 00:00:00+09:00,4806.440188573215,4806.440188573215,4652.879944332156,4760.3720703125,45309,0.0,0.0
2018-05-02 00:00:00+09:00,4760.372309115786,4821.796769800731,4668.236067972358,4806.4404296875,40356,0.0,0.0
2018-05-03 00:00:00+09:00,4806.440051234647,4806.440051234647,4668.235700401537,4729.66015625,34500,0.0,0.0
2018-05-04 00:00:00+09:00,4698.947928325769,4791.084162214509,4576.099466512796,4729.66015625,109566,0.0,0.0
2018-05-08 00:00:00+09:00,4729.660808572807,4729.660808572807,4576.10009765625,4576.10009765625,104724,0.0,0.0
2018-05-09 00:00:00+09:00,4622.16796875,4652.88019923433,4499.319946580666,4622.16796875,72579,0.0,0.0
2018-05-10 00:00:00+09:00,4622.168036312831,5021.425238909142,4622.168036312831,4913.93310546875,375240,0.0,0.0
2018-05-11 00:00:00+09:00,4913.932752407357,5006.0689887032195,4867.864634259425,4944.64453125,61530,0.0,0.0
2018-05-14 00:00:00+09:00,5036.781354218541,5082.849477732381,4929.28921598092,5052.1376953125,141939,0.0,0.0
2018-05-15 00:00:00+09:00,5021.425359107796,5082.849372560622,4975.357236547174,5036.78125,99762,0.0,0.0
2018-05-16 00:00:00+09:00,5221.053740242488,5251.765971910906,4944.6450048787565,5036.78125,183624,0.0,0.0
2018-05-17 00:00:00+09:00,5067.493155343192,5205.697514125279,5006.069145845813,5159.62939453125,151251,0.0,0.0
2018-05-18 00:00:00+09:00,5174.985588635451,5221.0537109375,5098.205684721375,5221.0537109375,95790,0.0,0.0
2018-05-21 00:00:00+09:00,5251.766047362822,5313.190061698125,5144.273909805039,5236.41015625,91452,0.0,0.0
2018-05-23 00:00:00+09:00,5251.765928461601,5343.902172820577,5251.765928461601,5313.18994140625,209463,0.0,0.0
2018-05-24 00:00:00+09:00,5328.546023050728,5528.174392830502,5313.189683147988,5451.39404296875,272556,0.0,0.0
2018-05-25 00:00:00+09:00,5451.394293936105,5543.530538058316,5313.18992775279,5405.326171875,206223,0.0,0.0
2018-05-28 00:00:00+09:00,5374.614017300406,5405.325796619695,5251.765550371331,5328.5458984375,78033,0.0,0.0
2018-05-29 00:00:00+09:00,5297.834050641089,5389.970295000065,5251.765928461601,5313.18994140625,100524,0.0,0.0
2018-05-30 00:00:00+09:00,5313.19038631262,5359.258512349677,5159.6301161504425,5205.6982421875,66150,0.0,0.0
2018-05-31 00:00:00+09:00,5221.053964382074,5251.7661973689665,5113.561823753994,5174.98583984375,56121,0.0,0.0
2018-06-01 00:00:00+09:00,5190.341624221929,5221.053404028628,5128.91716484057,5159.62939453125,54246,0.0,0.0
2018-06-04 00:00:00+09:00,5174.985486089963,5482.1064453125,5174.985486089963,5482.1064453125,205677,0.0,0.0
2018-06-05 00:00:00+09:00,5528.174066310976,5773.870541519033,5528.174066310976,5666.37841796875,643272,0.0,0.0
2018-06-07 00:00:00+09:00,5819.938583078909,5866.00669969928,5651.022455393515,5835.294921875,268893,0.0,0.0
2018-06-08 00:00:00+09:00,5881.363180093547,5988.855304834382,5773.87060546875,5773.87060546875,352974,0.0,0.0
2018-06-11 00:00:00+09:00,5988.855798246682,6142.416053368597,5743.159300074818,5866.00732421875,355092,0.0,0.0
2018-06-12 00:00:00+09:00,5866.0075935773175,5912.075717217674,5635.666975375538,5727.80322265625,125349,0.0,0.0
2018-06-14 00:00:00+09:00,5727.802959643826,5896.7195551967325,5666.37894757186,5866.00732421875,231351,0.0,0.0
2018-06-15 00:00:00+09:00,5866.00723513727,6034.923828125,5850.651344823474,6034.923828125,248256,0.0,0.0
2018-06-18 00:00:00+09:00,6111.704465954228,6111.704465954228,5528.174758184524,5804.58349609375,437661,0.0,0.0
2018-06-19 00:00:00+09:00,5773.871234253406,6203.840679809094,5589.598743267829,5988.85595703125,1065951,0.0,0.0
2018-06-20 00:00:00+09:00,5697.090972900289,5758.514982755015,5297.833784134614,5543.5302734375,1331307,0.0,0.0
2018-06-21 00:00:00+09:00,5574.242896295363,5804.5835118447585,5466.750759000317,5712.447265625,378327,0.0,0.0
2018-06-22 00:00:00+09:00,5681.735259708396,5681.735259708396,5359.25838510552,5466.7509765625,286179,0.0,0.0
2018-06-25 00:00:00+09:00,5420.681946621099,5620.310304752066,5328.545712116967,5574.2421875,173409,0.0,0.0
2018-06-26 00:00:00+09:00,5497.462759935323,5543.530884878592,5374.6147266759635,5466.7509765625,139068,0.0,0.0
2018-06-27 00:00:00+09:00,5466.750938993305,5727.8033452884365,5466.750938993305,5651.0234375,197142,0.0,0.0
2018-06-28 00:00:00+09:00,5620.310563426907,5712.44680217161,5420.682196108042,5436.0380859375,126429,0.0,0.0
2018-06-29 00:00:00+09:00,5451.39404296875,5543.530282849259,5297.833793129231,5451.39404296875,160173,0.0,0.0
2018-07-02 00:00:00+09:00,5497.46209513931,5604.954673597449,5359.257737022254,5436.0380859375,147807,0.0,0.0
2018-07-03 00:00:00+09:00,5482.106272890248,5635.666522729767,5389.970033009739,5451.39404296875,121698,0.0,0.0
2018-07-04 00:00:00+09:00,5620.3102421788435,5620.3102421788435,5359.2574306955585,5374.61376953125,171159,0.0,0.0
2018-07-05 00:00:00+09:00,5374.614102598045,5436.038112095424,5113.561274937221,5159.62939453125,161259,0.0,0.0
2018-07-06 00:00:00+09:00,5251.7661973689665,5251.7661973689665,5067.493699215669,5174.98583984375,64185,0.0,0.0
2018-07-09 00:00:00+09:00,5144.273909805039,5282.4782794724815,5144.273909805039,5236.41015625,90006,0.0,0.0
2018-07-10 00:00:00+09:00,5297.833959755777,5482.1064453125,5267.121728868324,5482.1064453125,161904,0.0,0.0
2018-07-11 00:00:00+09:00,5482.106197102865,5543.530206212719,5405.325848302563,5528.17431640625,87339,0.0,0.0
2018-07-12 00:00:00+09:00,5543.530206212719,5543.530206212719,5389.969958496094,5528.17431640625,72765,0.0,0.0
2018-07-13 00:00:00+09:00,5558.886545903167,5604.954665206552,5466.7503072963955,5528.17431640625,51273,0.0,0.0
2018-07-16 00:00:00+09:00,5528.174633602878,5558.886864862006,5466.750620968625,5497.46240234375,37581,0.0,0.0
2018-07-17 00:00:00+09:00,5482.106205309852,5589.598333884013,5405.3258563946065,5436.0380859375,47346,0.0,0.0
2018-07-18 00:00:00+09:00,5451.393915482601,5512.818373889126,5313.189558893882,5328.5458984375,57312,0.0,0.0
2018-07-19 00:00:00+09:00,5389.97030933968,5389.97030933968,5159.629697829438,5221.0537109375,58728,0.0,0.0
2018-07-20 00:00:00+09:00,5221.053964382074,5313.190213458723,5098.205932202562,5174.98583984375,45000,0.0,0.0
2018-07-23 00:00:00+09:00,5174.985240879769,5282.477818950455,4867.86474609375,4867.86474609375,123378,0.0,0.0
2018-07-24 00:00:00+09:00,4852.508759757512,5082.849372560622,4821.796977973104,5036.78125,66129,0.0,0.0
2018-07-25 00:00:00+09:00,5067.493360367023,5128.917372349533,4898.576765060124,4913.93310546875,40635,0.0,0.0
2018-07-26 00:00:00+09:00,4929.289113986552,5067.493481668418,4913.933223094348,5036.78125,18273,0.0,0.0
2018-07-27 00:00:00+09:00,5128.917715305425,5190.34218127921,5052.137807664238,5174.98583984375,28911,0.0,0.0
2018-07-30 00:00:00+09:00,5174.98496974025,5267.121203325441,5098.205075008559,5190.34130859375,41547,0.0,0.0
2018-07-31 00:00:00+09:00,5190.342350136495,5251.7663682245575,5128.91788216439,5205.6982421875,26865,0.0,0.0
2018-08-01 00:00:00+09:00,5267.1214400309755,5343.901788097144,5205.697431508425,5328.5458984375,69339,0.0,0.0
2018-08-02 00:00:00+09:00,5328.5458984375,5420.682136163313,5221.0533211680695,5328.5458984375,41238,0.0,0.0
2018-08-03 00:00:00+09:00,5359.257677756788,5374.614017300406,5282.477779574593,5328.5458984375,13536,0.0,0.0
2018-08-06 00:00:00+09:00,5451.394482312367,5451.394482312367,5297.834220096983,5343.90234375,29208,0.0,0.0
2018-08-07 00:00:00+09:00,5343.902159088195,5436.038403210405,5267.121805691685,5405.326171875,28371,0.0,0.0
2018-08-08 00:00:00+09:00,5420.682196108042,5512.818434852746,5374.614076735691,5436.0380859375,19791,0.0,0.0
2018-08-09 00:00:00+09:00,5436.0385082098055,5497.462522183042,5359.25815333025,5420.6826171875,31068,0.0,0.0
2018-08-10 00:00:00+09:00,5420.682272450867,5482.106282517749,5313.1896924788425,5359.2578125,88560,0.0,0.0
2018-08-13 00:00:00+09:00,5313.189955541597,5436.0384316417285,5128.917466333402,5221.0537109375,89355,0.0,0.0
2018-08-14 00:00:00+09:00,5282.477779574593,5359.257677756788,5144.273422985874,5328.5458984375,30243,0.0,0.0
2018-08-16 00:00:00+09:00,5128.916852947654,5190.34130859375,4960.000724630772,5190.34130859375,152901,0.0,0.0
2018-08-17 00:00:00+09:00,5190.341372221284,5436.037848165761,5021.424791949728,5297.83349609375,137154,0.0,0.0
2018-08-20 00:00:00+09:00,5267.120773696727,5343.90111204955,5113.560546875,5113.560546875,212961,0.0,0.0
2018-08-21 00:00:00+09:00,5128.917173665567,5174.985293338862,5036.780934318976,5067.4931640625,85335,0.0,0.0
2018-08-22 00:00:00+09:00,5159.629578088832,5159.629578088832,5021.425214390025,5098.20556640625,90216,0.0,0.0
2018-08-23 00:00:00+09:00,5067.493241210735,5144.273591796469,4960.001110297897,4990.712890625,93435,0.0,0.0
2018-08-24 00:00:00+09:00,4960.00146484375,5036.7813710338005,4944.645123698524,4960.00146484375,58968,0.0,0.0
2018-08-27 00:00:00+09:00,4960.0007980165565,5052.137032964951,4944.644458935851,5021.4248046875,51945,0.0,0.0
2018-08-28 00:00:00+09:00,5036.781104839671,5190.341808872122,5036.781104839671,5098.20556640625,108606,0.0,0.0
2018-08-29 00:00:00+09:00,5098.205471421826,5098.205471421826,4975.3570004614485,4990.712890625,74013,0.0,0.0
2018-08-30 00:00:00+09:00,5067.493347767286,5067.493347767286,4975.357105080608,5006.0693359375,34095,0.0,0.0
2018-08-31 00:00:00+09:00,5006.0693359375,5052.137457280839,4929.2889837372695,5006.0693359375,69585,0.0,0.0
2018-09-03 00:00:00+09:00,5021.425120836091,5052.137351047183,4960.001110297897,4990.712890625,44121,0.0,0.0
2018-09-04 00:00:00+09:00,4975.35733949476,5082.849477732381,4960.001448284819,5052.1376953125,121446,0.0,0.0
2018-09-05 00:00:00+09:00,5113.561456855897,5159.629578088832,5021.425214390025,5098.20556640625,176934,0.0,0.0
2018-09-06 00:00:00+09:00,5098.206386813529,5282.478901398547,5082.850044008732,5267.12255859375,384885,0.0,0.0
2018-09-07 00:00:00+09:00,5221.053815253163,5297.834170585303,5190.342033027519,5236.41015625,114207,0.0,0.0
2018-09-10 00:00:00+09:00,5221.053404028628,5251.7656337193075,5098.205385033872,5159.62939453125,88650,0.0,0.0
2018-09-11 00:00:00+09:00,5159.629403409091,5159.629403409091,5052.137274132729,5067.4931640625,122523,0.0,0.0
2018-09-12 00:00:00+09:00,5067.493230961257,5113.5613512427235,5006.069220547298,5082.84912109375,74706,0.0,0.0
2018-09-13 00:00:00+09:00,5052.1376953125,5082.849477732381,5021.425463008601,5052.1376953125,54498,0.0,0.0
2018-09-14 00:00:00+09:00,5067.4931640625,5082.849053992271,4960.001034786138,5067.4931640625,108477,0.0,0.0
2018-09-17 00:00:00+09:00,5067.493347767286,5067.493347767286,4975.357105080608,5006.0693359375,54096,0.0,0.0
2018-09-18 00:00:00+09:00,5006.0693359375,5021.425226423947,4944.644874223716,5006.0693359375,53796,0.0,0.0
2018-09-19 00:00:00+09:00,5006.069163392075,5052.137283147573,4960.001043636578,4975.35693359375,92988,0.0,0.0
2018-09-20 00:00:00+09:00,4975.356942806604,5006.069172661799,4883.220703125,4883.220703125,125700,0.0,0.0
2018-09-21 00:00:00+09:00,4944.644463429451,4944.644463429451,4821.796449975923,4929.28857421875,132462,0.0,0.0
2018-09-27 00:00:00+09:00,4913.93310546875,4960.001226926632,4837.152753077614,4913.93310546875,66030,0.0,0.0
2018-09-28 00:00:00+09:00,4898.576593110606,4960.001052820997,4867.864813139394,4883.220703125,25704,0.0,0.0
2018-10-01 00:00:00+09:00,4867.864984010867,4929.288995993377,4852.508643602241,4913.93310546875,29751,0.0,0.0
2018-10-02 00:00:00+09:00,4913.93286530005,4944.644644848267,4852.508406435665,4867.86474609375,48792,0.0,0.0
2018-10-04 00:00:00+09:00,4883.220722273284,4913.93295224891,4622.167892190429,4698.9482421875,100335,0.0,0.0
2018-10-05 00:00:00+09:00,4652.88019923433,4760.372331103495,4591.456188149662,4622.16796875,75339,0.0,0.0
2018-10-08 00:00:00+09:00,4576.10009765625,4683.5926852746425,4576.10009765625,4576.10009765625,36627,0.0,0.0
2018-10-10 00:00:00+09:00,4591.456072235937,4683.592311478907,4407.18359375,4407.18359375,84678,0.0,0.0
2018-10-11 00:00:00+09:00,4238.267112038352,4330.4033536044035,4053.99462890625,4053.99462890625,169329,0.0,0.0
2018-10-12 00:00:00+09:00,3961.858303911282,4222.9111328125,3961.858303911282,4222.9111328125,54873,0.0,0.0
2018-10-15 00:00:00+09:00,4161.487239723258,4238.2675998263885,4084.707329504172,4146.13134765625,79563,0.0,0.0
2018-10-16 00:00:00+09:00,4161.486501895936,4222.910959041564,4146.130612551511,4192.19873046875,79455,0.0,0.0
2018-10-17 00:00:00+09:00,4253.623299785731,4299.691423790212,4176.843393034278,4207.55517578125,46293,0.0,0.0
2018-10-18 00:00:00+09:00,4222.9111996244865,4330.40333092731,4192.19896930197,4238.26708984375,17256,0.0,0.0
2018-10-19 00:00:00+09:00,4238.2675998263885,4238.2675998263885,4007.926969401042,4146.13134765625,349284,0.0,0.0
2018-10-22 00:00:00+09:00,4084.7075835404767,4207.555627484803,4053.995347612359,4100.0634765625,78303,0.0,0.0
2018-10-23 00:00:00+09:00,4100.062823348895,4115.418713924449,3992.5706895520175,4023.282470703125,61587,0.0,0.0
2018-10-24 00:00:00+09:00,4023.282470703125,4100.062823348895,3961.8584585169096,4023.282470703125,26409,0.0,0.0
2018-10-25 00:00:00+09:00,3931.1462337842318,3977.21435546875,3716.1617409038126,3977.21435546875,110787,0.0,0.0
2018-10-26 00:00:00+09:00,3992.5707231114234,4023.2825045206782,3731.517881828737,3792.94189453125,42837,0.0,0.0
2018-10-29 00:00:00+09:00,3792.9414323483693,3823.653659899238,3516.532958984375,3516.532958984375,118326,0.0,0.0
2018-10-30 00:00:00+09:00,3455.10902441218,3624.025390625,3424.3970191758476,3624.025390625,94839,0.0,0.0
2018-10-31 00:00:00+09:00,3654.73769514206,3762.2298281266512,3608.6695738795215,3731.517822265625,90741,0.0,0.0
2018-11-01 00:00:00+09:00,3746.8737525929155,3961.8582328850875,3746.8737525929155,3839.009765625,52053,0.0,0.0
2018-11-02 00:00:00+09:00,3900.433839473266,4007.92595654575,3900.433839473266,3992.570068359375,23433,0.0,0.0
2018-11-05 00:00:00+09:00,3977.214361994481,3977.214361994481,3854.366337223533,3931.146240234375,31938,0.0,0.0
2018-11-06 00:00:00+09:00,3931.14610143906,3992.5705615398483,3900.4343212726517,3946.50244140625,14868,0.0,0.0
2018-11-07 00:00:00+09:00,3961.8582290582626,3992.5704583146126,3839.009761916837,3885.077880859375,33753,0.0,0.0
2018-11-08 00:00:00+09:00,3915.7909515797646,3977.2149734078944,3900.43505859375,3900.43505859375,24600,0.0,0.0
2018-11-09 00:00:00+09:00,3900.43505859375,3961.8590804218798,3839.01058688155,3900.43505859375,32556,0.0,0.0
2018-11-12 00:00:00+09:00,3900.43505859375,3900.43505859375,3823.6546938955353,3900.43505859375,36666,0.0,0.0
2018-11-13 00:00:00+09:00,3885.0780765127547,3885.0780765127547,3608.6695738795215,3731.517822265625,226851,0.0,0.0
2018-11-14 00:00:00+09:00,3746.873856256688,3823.653981712008,3624.025385597785,3670.093505859375,68367,0.0,0.0
2018-11-15 00:00:00+09:00,3808.29880090952,3931.1468445657797,3777.58656505342,3900.43505859375,188511,0.0,0.0
2018-11-16 00:00:00+09:00,3900.43505859375,3931.1468445657797,3839.01058688155,3900.43505859375,94902,0.0,0.0
2018-11-19 00:00:00+09:00,3885.077813247073,3946.5022706907985,3792.941576965451,3869.721923828125,104391,0.0,0.0
2018-11-20 00:00:00+09:00,3792.9418401916623,3839.009961529553,3593.313464355469,3685.44970703125,242766,0.0,0.0
2018-11-21 00:00:00+09:00,3624.025618782762,3731.517981290313,3624.025618782762,3716.161865234375,68520,0.0,0.0
2018-11-22 00:00:00+09:00,3716.1617191747923,3762.229840589943,3593.3134703817245,3639.381591796875,112155,0.0,0.0
2018-11-23 00:00:00+09:00,3639.3814382608575,3670.0934429279655,3531.8890845129963,3608.66943359375,107826,0.0,0.0
2018-11-26 00:00:00+09:00,3624.0253151575675,3746.873783428664,3608.669425330172,3700.8056640625,85020,0.0,0.0
2018-11-27 00:00:00+09:00,3685.44970703125,3746.8739437957706,3654.737701119989,3685.44970703125,38499,0.0,0.0
2018-11-28 00:00:00+09:00,3716.1615538898955,3731.5176686592795,3639.3814299269516,3700.8056640625,83202,0.0,0.0
2018-11-29 00:00:00+09:00,3762.2298281266512,3792.9418339876775,3716.1617068641126,3731.517822265625,82170,0.0,0.0
2018-11-30 00:00:00+09:00,3731.5176645444244,3792.9416736702497,3716.161549791974,3746.873779296875,45258,0.0,0.0
2018-12-03 00:00:00+09:00,3792.9416466379644,3869.7219949110154,3746.8737525929155,3839.009765625,130551,0.0,0.0
2018-12-04 00:00:00+09:00,3854.366105209995,3869.7219949110154,3792.9416466379644,3839.009765625,91161,0.0,0.0
2018-12-05 00:00:00+09:00,3792.941576965451,3915.790041968936,3777.585687546503,3869.721923828125,70377,0.0,0.0
2018-12-06 00:00:00+09:00,3869.722022490514,3869.722022490514,3716.161549791974,3746.873779296875,92703,0.0,0.0
2018-12-07 00:00:00+09:00,3777.58544921875,3792.941337668896,3685.44921875,3777.58544921875,43731,0.0,0.0
2018-12-10 00:00:00+09:00,3746.873861454318,3746.873861454318,3577.957270299504,3624.025390625,59838,0.0,0.0
2018-12-11 00:00:00+09:00,3624.025239548559,3639.381353997565,3470.4649948264405,3547.2451171875,108186,0.0,0.0
2018-12-12 00:00:00+09:00,3501.177084010113,3593.313323063011,3501.177084010113,3562.601318359375,76449,0.0,0.0
2018-12-13 00:00:00+09:00,3562.6010720058152,3654.7373046875,3547.244958244876,3654.7373046875,51588,0.0,0.0
2018-12-14 00:00:00+09:00,3654.7374684465703,3654.7374684465703,3516.533113231473,3547.2451171875,68865,0.0,0.0
2018-12-17 00:00:00+09:00,3501.1776388667126,3608.6700097775065,3501.1776388667126,3531.8896484375,49773,0.0,0.0
2018-12-18 00:00:00+09:00,3470.4656292959257,3562.6018829503128,3455.1095120395194,3531.8896484375,47784,0.0,0.0
2018-12-19 00:00:00+09:00,3562.6013957621153,3562.6013957621153,3439.7529243945287,3485.821044921875,75636,0.0,0.0
2018-12-20 00:00:00+09:00,3470.4651547074227,3531.8891654492213,3439.7529243945287,3485.821044921875,57888,0.0,0.0
2018-12-21 00:00:00+09:00,3439.7529243945287,3516.533275234769,3439.7529243945287,3485.821044921875,31851,0.0,0.0
2018-12-24 00:00:00+09:00,3485.821044921875,3485.821044921875,3378.32891365273,3485.821044921875,41085,0.0,0.0
2018-12-26 00:00:00+09:00,3424.3969682502275,3470.465087890625,3347.6166188882376,3470.465087890625,54444,0.0,0.0
2018-12-27 00:00:00+09:00,3596.663926817722,3596.663926817722,3502.014876111992,3517.789794921875,48459,100.0,0.0
2018-12-28 00:00:00+09:00,3533.5643760994076,3612.4387366935607,3517.789688841998,3596.663818359375,26319,0.0,0.0
2019-01-02 00:00:00+09:00,3596.663818359375,3659.763260619342,3533.5643760994076,3596.663818359375,58461,0.0,0.0
2019-01-03 00:00:00+09:00,3549.339277853649,3580.8888832978673,3312.7166593300726,3423.140625,82626,0.0,0.0
2019-01-04 00:00:00+09:00,3423.140900689048,3423.140900689048,3145.503518543489,3218.06787109375,344484,0.0,0.0
2019-01-07 00:00:00+09:00,3265.392045814146,3312.7165682172495,3233.8424412376667,3296.941650390625,99435,0.0,0.0
2019-01-08 00:00:00+09:00,3296.9416349814787,3360.0410749162947,3265.3920305524553,3312.716552734375,35925,0.0,0.0
2019-01-09 00:00:00+09:00,3312.7168343235785,3517.7898582358725,3312.7168343235785,3470.46533203125,133374,0.0,0.0
2019-01-10 00:00:00+09:00,3502.0147705078125,3612.4387366935607,3454.6902465820312,3596.663818359375,94326,0.0,0.0
2019-01-11 00:00:00+09:00,3612.438676186847,3675.5378863131536,3612.438676186847,3643.98828125,56151,0.0,0.0
2019-01-14 00:00:00+09:00,3691.3128662109375,3691.3128662109375,3565.1142127677795,3596.663818359375,56616,0.0,0.0
2019-01-15 00:00:00+09:00,3596.663684411077,3722.862333154297,3596.663684411077,3707.087646484375,80184,0.0,0.0
2019-01-16 00:00:00+09:00,3722.862548828125,3738.6374674886924,3643.988417678852,3722.862548828125,44544,0.0,0.0
2019-01-17 00:00:00+09:00,3722.862487592252,3785.961930119842,3643.988357740348,3770.18701171875,87858,0.0,0.0
2019-01-18 00:00:00+09:00,3770.18701171875,3817.511535845248,3707.087800267938,3770.18701171875,68847,0.0,0.0
2019-01-21 00:00:00+09:00,3770.186995728314,3833.2864379882812,3754.4123084709045,3785.9619140625,81114,0.0,0.0
2019-01-22 00:00:00+09:00,3833.2862952275955,3849.061212974286,3691.312728737684,3707.087646484375,53007,0.0,0.0
2019-01-23 00:00:00+09:00,3707.087800267938,3785.961930119842,3675.537963465754,3770.18701171875,60765,0.0,0.0
2019-01-24 00:00:00+09:00,3785.962288463853,3880.6113456754492,3785.962288463853,3864.83642578125,82749,0.0,0.0
2019-01-25 00:00:00+09:00,3864.8356788576084,3927.935115162919,3849.060993088847,3880.610595703125,64659,0.0,0.0
2019-01-28 00:00:00+09:00,3927.935331167491,4006.809688655768,3864.835891392223,3912.16064453125,116058,0.0,0.0
2019-01-29 00:00:00+09:00,3912.1604293941577,3927.935115162919,3864.8356788576084,3880.610595703125,46578,0.0,0.0
2019-01-30 00:00:00+09:00,3880.610990389575,3975.260038935662,3849.061384566472,3959.4853515625,55824,0.0,0.0
2019-01-31 00:00:00+09:00,4006.8098758355436,4006.8098758355436,3912.1608272894564,3959.4853515625,66186,0.0,0.0
2019-02-01 00:00:00+09:00,3975.2597959085856,3991.034482317364,3927.9352745287215,3943.7099609375,53607,0.0,0.0
2019-02-07 00:00:00+09:00,3959.4852624304713,4054.1343088459125,3912.1607392227506,4022.58447265625,62907,0.0,0.0
2019-02-08 00:00:00+09:00,4022.5843547952586,4117.2333984375,4022.5843547952586,4117.2333984375,80958,0.0,0.0
2019-02-11 00:00:00+09:00,4180.332386876845,4196.107534756271,4022.5841431571457,4101.45849609375,52884,0.0,0.0
2019-02-12 00:00:00+09:00,4101.459105313684,4211.882846104173,4069.90926702201,4180.3330078125,78075,0.0,0.0
2019-02-13 00:00:00+09:00,4274.982221776538,4464.280334359316,4180.333165485149,4432.73095703125,179277,0.0,0.0
2019-02-14 00:00:00+09:00,4448.505217924797,4637.803312304576,4338.081483587776,4574.7041015625,180462,0.0,0.0
2019-02-15 00:00:00+09:00,4558.929109232832,4574.704259076677,4369.6310083352255,4448.50537109375,114105,0.0,0.0
2019-02-18 00:00:00+09:00,4448.504799104868,4543.153837383695,4432.730113442899,4511.60400390625,44964,0.0,0.0
2019-02-19 00:00:00+09:00,4511.604766453191,4527.379916934967,4416.955712176875,4495.830078125,35268,0.0,0.0
2019-02-20 00:00:00+09:00,4511.6040487844775,4716.6772751975295,4511.6040487844775,4685.12744140625,162840,0.0,0.0
2019-02-21 00:00:00+09:00,4669.353274726278,4716.677799597985,4637.803437427286,4653.578125,53826,0.0,0.0
2019-02-22 00:00:00+09:00,4653.578434266793,4700.902962283587,4574.704529007868,4606.25390625,34269,0.0,0.0
2019-02-25 00:00:00+09:00,4606.253386818292,4685.1277453364155,4606.253386818292,4637.80322265625,47796,0.0,0.0
2019-02-26 00:00:00+09:00,4669.352755587366,4716.6772751975295,4622.028235977202,4685.12744140625,48327,0.0,0.0
2019-02-27 00:00:00+09:00,4700.902892398107,4748.227419711356,4637.803676698306,4669.353515625,22458,0.0,0.0
2019-02-28 00:00:00+09:00,4669.353597759722,4685.1282864237555,4416.955806213622,4432.73095703125,117615,0.0,0.0
2019-03-04 00:00:00+09:00,4432.730683403472,4543.154421542554,4401.180845869349,4448.50537109375,31995,0.0,0.0
2019-03-05 00:00:00+09:00,4369.63091769487,4464.279966180344,4338.08154296875,4338.08154296875,88218,0.0,0.0
2019-03-06 00:00:00+09:00,4338.081083538349,4353.8557692307695,4164.557692307692,4306.53125,190629,0.0,0.0
2019-03-07 00:00:00+09:00,4259.207425410848,4416.955694523019,4227.657586726981,4322.306640625,48054,0.0,0.0
2019-03-08 00:00:00+09:00,4322.306606874984,4401.180971891984,4227.657553716017,4353.8564453125,58401,0.0,0.0
2019-03-11 00:00:00+09:00,4369.630454923189,4385.405602769118,4180.332378000113,4306.53125,44634,0.0,0.0
2019-03-12 00:00:00+09:00,4306.531706089073,4401.180754574547,4290.757018726013,4338.08154296875,35778,0.0,0.0
2019-03-13 00:00:00+09:00,4353.85623033181,4385.406067211487,4274.981869209396,4338.08154296875,24576,0.0,0.0
2019-03-14 00:00:00+09:00,4338.081075164072,4574.7036708611395,4322.305927348596,4511.60400390625,66261,0.0,0.0
2019-03-15 00:00:00+09:00,4543.154421542554,4590.478946766955,4385.40615817907,4448.50537109375,56190,0.0,0.0
2019-03-18 00:00:00+09:00,4464.2802734375,4495.830112488617,4401.181057488856,4464.2802734375,16551,0.0,0.0
2019-03-19 00:00:00+09:00,4480.054746687006,4511.604118814489,4369.630557780255,4416.955078125,22989,0.0,0.0
2019-03-20 00:00:00+09:00,4448.505458900082,4558.92919921875,4401.18093274157,4558.92919921875,27681,0.0,0.0
2019-03-21 00:00:00+09:00,4574.704349373971,4622.028875532483,4511.604673060238,4558.92919921875,79572,0.0,0.0
2019-03-22 00:00:00+09:00,4574.704349373971,4606.253725377262,4527.3798232154595,4558.92919921875,39072,0.0,0.0
2019-03-25 00:00:00+09:00,4495.829444998219,4764.001881733497,4448.504924524554,4622.0283203125,195765,0.0,0.0
2019-03-26 00:00:00+09:00,4653.57769252593,4732.452047366546,4511.604131104934,4622.0283203125,91710,0.0,0.0
2019-03-27 00:00:00+09:00,4558.928767547223,4606.253289224715,4495.829559361745,4527.37939453125,72573,0.0,0.0
2019-03-28 00:00:00+09:00,4543.153953095492,4574.703787376495,4401.180392061258,4416.955078125,137649,0.0,0.0
2019-03-29 00:00:00+09:00,4416.955412355065,4622.028657469154,4385.406037840247,4543.154296875,85518,0.0,0.0
2019-04-01 00:00:00+09:00,4511.604131104934,4653.57769252593,4511.604131104934,4622.0283203125,59877,0.0,0.0
2019-04-02 00:00:00+09:00,4637.802893178992,4779.776451133451,4622.028207457444,4716.67724609375,158388,0.0,0.0
2019-04-03 00:00:00+09:00,4764.002966551208,4779.77765625,4606.254220948792,4732.453125,70596,0.0,0.0
2019-04-04 00:00:00+09:00,4732.452336582569,5189.922883170067,4732.452336582569,5158.373046875,718260,0.0,0.0
2019-04-05 00:00:00+09:00,5158.3733207207,5158.3733207207,5032.174430994384,5142.5986328125,156564,0.0,0.0
2019-04-08 00:00:00+09:00,5142.598175005074,5221.472069678086,5000.624610009414,5111.04833984375,194304,0.0,0.0
2019-04-09 00:00:00+09:00,5111.049102921552,5142.598942793255,5032.174734319093,5095.2744140625,101226,0.0,0.0
2019-04-10 00:00:00+09:00,5095.273772737305,5126.823146484393,5016.3994140625,5016.3994140625,84852,0.0,0.0
2019-04-11 00:00:00+09:00,5016.3996854873185,5189.92309909939,5000.6249977602465,5174.14794921875,157938,0.0,0.0
2019-04-12 00:00:00+09:00,5174.1481892313495,5189.92333984375,5063.724445712492,5189.92333984375,93852,0.0,0.0
2019-04-15 00:00:00+09:00,5205.697570240825,5221.472257311585,5111.048523509175,5158.373046875,73707,0.0,0.0
2019-04-16 00:00:00+09:00,5174.148008628898,5174.148008628898,5047.949581056157,5142.5986328125,81063,0.0,0.0
2019-04-17 00:00:00+09:00,5142.598391509064,5189.922915166651,5095.273867851476,5126.8232421875,88398,0.0,0.0
2019-04-18 00:00:00+09:00,5158.373583101936,5174.148271812517,4858.651724679322,4953.30078125,302952,0.0,0.0
2019-04-19 00:00:00+09:00,4953.300118060906,5126.823057105388,4921.7502827103035,5079.49853515625,123189,0.0,0.0
2019-04-22 00:00:00+09:00,5111.049054816597,5111.049054816597,4953.30078125,4953.30078125,94044,0.0,0.0
2019-04-23 00:00:00+09:00,4937.52460265883,5032.173639528671,4874.42539879677,4984.84912109375,180711,0.0,0.0
2019-04-24 00:00:00+09:00,5016.399687734138,5047.949525355983,4905.975949288035,5000.625,59586,0.0,0.0
2019-04-25 00:00:00+09:00,5000.625,5142.598576067947,4984.849850112294,5000.625,67695,0.0,0.0
2019-04-26 00:00:00+09:00,4984.849916612312,5016.3997546550445,4905.976014735842,4937.525390625,73194,0.0,0.0
2019-04-29 00:00:00+09:00,4969.07546996058,5047.949837820677,4905.976252964661,4953.30078125,33747,0.0,0.0
2019-04-30 00:00:00+09:00,4953.300416507725,5047.949466108805,4953.300416507725,5032.17431640625,36132,0.0,0.0
2019-05-02 00:00:00+09:00,4984.849578161869,5047.949249963131,4937.525055387695,5016.3994140625,73737,0.0,0.0
2019-05-03 00:00:00+09:00,5016.399228050595,5032.1739143392015,4921.750186011905,4969.07470703125,51774,0.0,0.0
2019-05-07 00:00:00+09:00,4969.074604965421,4969.074604965421,4842.875730788142,4858.65087890625,36024,0.0,0.0
2019-05-08 00:00:00+09:00,4890.200621689861,4890.200621689861,4653.578003508843,4748.22705078125,83628,0.0,0.0
2019-05-09 00:00:00+09:00,4748.227175317646,4811.326849923262,4416.955501175634,4480.05517578125,236979,0.0,0.0
2019-05-10 00:00:00+09:00,4448.505584988736,4606.2538559371405,4401.181057488856,4464.2802734375,64986,0.0,0.0
2019-05-13 00:00:00+09:00,4495.830173840977,4558.9293906507055,4322.3067499222325,4432.73095703125,100125,0.0,0.0
2019-05-14 00:00:00+09:00,4322.30603743551,4464.279598469744,4243.432144963282,4416.955078125,95925,0.0,0.0
2019-05-15 00:00:00+09:00,4622.028437886234,4748.226854257192,4401.180516006761,4527.37939453125,565920,0.0,0.0
2019-05-16 00:00:00+09:00,4432.730591454224,4511.604490423081,4274.981869209396,4338.08154296875,218409,0.0,0.0
2019-05-17 00:00:00+09:00,4338.082205417665,4401.181426659059,4196.108611009308,4211.88330078125,96147,0.0,0.0
2019-05-20 00:00:00+09:00,4227.657097476522,4290.756767541975,4117.233368092274,4148.783203125,45255,0.0,0.0
2019-05-21 00:00:00+09:00,4101.458279202567,4227.656682643364,3975.259413608285,4069.908447265625,121962,0.0,0.0
2019-05-22 00:00:00+09:00,4069.908838668314,4133.008046456956,3817.5113142834502,3943.7099609375,419802,0.0,0.0
2019-05-23 00:00:00+09:00,3959.4852432728717,4006.809766251617,3849.061279296875,3849.061279296875,102777,0.0,0.0
2019-05-24 00:00:00+09:00,3833.28662109375,3896.3858352910147,3738.637568721065,3833.28662109375,113349,0.0,0.0
2019-05-27 00:00:00+09:00,3817.5114432598634,3912.1607202941263,3801.7367563181297,3849.061279296875,83049,0.0,0.0
2019-05-28 00:00:00+09:00,3817.511369329964,3912.16064453125,3801.736682693723,3912.16064453125,65475,0.0,0.0
2019-05-29 00:00:00+09:00,3912.161002614614,3912.161002614614,3801.7370306698886,3817.51171875,66726,0.0,0.0
2019-05-30 00:00:00+09:00,3833.2866379069005,3880.611164300813,3770.187192356088,3817.51171875,101397,0.0,0.0
2019-05-31 00:00:00+09:00,3817.511897175452,3864.83642578125,3770.1873685696537,3864.83642578125,32340,0.0,0.0
2019-06-03 00:00:00+09:00,3833.2860762433306,3896.385281471886,3785.9615567835367,3880.610595703125,59832,0.0,0.0
2019-06-04 00:00:00+09:00,3880.611054553511,3943.7102672430306,3833.2865294979806,3896.3857421875,29400,0.0,0.0
2019-06-05 00:00:00+09:00,3959.486014676294,4022.585236890024,3927.9361724926116,4006.810546875,68718,0.0,0.0
2019-06-07 00:00:00+09:00,4022.5846871408344,4069.909212871903,3975.2601614097657,4038.359375,65802,0.0,0.0
2019-06-10 00:00:00+09:00,4038.3591596743076,4054.1343088459125,3943.7101132588664,4022.58447265625,46311,0.0,0.0
2019-06-11 00:00:00+09:00,4038.358828883063,4148.7830154250105,3975.2596238258852,4101.45849609375,75360,0.0,0.0
2019-06-12 00:00:00+09:00,4101.459611272413,4101.459611272413,3975.260704691318,4006.810546875,68376,0.0,0.0
2019-06-13 00:00:00+09:00,4022.5845044074426,4054.1343408461357,3975.259980826179,3991.03466796875,50895,0.0,0.0
2019-06-14 00:00:00+09:00,3991.034482317364,4006.8096308796717,3896.385439557636,3943.7099609375,46437,0.0,0.0
2019-06-17 00:00:00+09:00,3943.7099308942616,4101.458642394429,3943.7099308942616,3975.259765625,47745,0.0,0.0
2019-06-18 00:00:00+09:00,3975.2597959085856,4022.5843172884497,3943.7099609375,3943.7099609375,24174,0.0,0.0
2019-06-19 00:00:00+09:00,4006.809785638192,4022.58447265625,3975.2599494485294,4022.58447265625,39933,0.0,0.0
2019-06-20 00:00:00+09:00,4022.584564817829,4133.00830078125,4006.8098774383566,4133.00830078125,71973,0.0,0.0
2019-06-21 00:00:00+09:00,4148.783323023732,4148.783323023732,4054.13427734375,4054.13427734375,45585,0.0,0.0
2019-06-24 00:00:00+09:00,4054.1350790737065,4054.1350790737065,3959.486014676294,4006.810546875,64056,0.0,0.0
2019-06-25 00:00:00+09:00,4006.8096308796717,4069.908838668314,3896.385439557636,3943.7099609375,46005,0.0,0.0
2019-06-26 00:00:00+09:00,3943.7102672430306,3959.485417030584,3880.611054553511,3896.3857421875,42924,0.0,0.0
2019-06-27 00:00:00+09:00,3912.1609478195314,4133.008426462137,3912.1609478195314,4038.359375,109080,0.0,0.0
2019-06-28 00:00:00+09:00,4022.5841431571457,4101.45849609375,3943.709790220542,4101.45849609375,69147,0.0,0.0
2019-07-01 00:00:00+09:00,4085.6833482143234,4180.332386876845,4022.5841431571457,4101.45849609375,70152,0.0,0.0
2019-07-02 00:00:00+09:00,4101.459050743806,4101.459050743806,3943.7103235378627,4038.359375,107016,0.0,0.0
2019-07-03 00:00:00+09:00,4022.5845632087057,4069.9090874817493,3959.4853515625,3959.4853515625,54954,0.0,0.0
2019-07-04 00:00:00+09:00,3959.4854735506,4054.1345250127374,3959.4854735506,4038.359375,82530,0.0,0.0
2019-07-05 00:00:00+09:00,4038.358972932952,4054.134121375084,3943.7099308942616,3975.259765625,71697,0.0,0.0
2019-07-08 00:00:00+09:00,3943.709963962912,3975.259798958201,3754.412109375,3754.412109375,196002,0.0,0.0
2019-07-09 00:00:00+09:00,3722.8622037198784,3801.7365586343035,3612.4384765625,3612.4384765625,148422,0.0,0.0
2019-07-10 00:00:00+09:00,3596.6638770767404,3754.4123697635946,3596.6638770767404,3738.637451171875,55878,0.0,0.0
2019-07-11 00:00:00+09:00,3707.08787304216,3912.1608919750533,3707.08787304216,3896.3857421875,78030,0.0,0.0
2019-07-12 00:00:00+09:00,3927.9352745287215,3975.2597959085856,3849.0611492545363,3943.7099609375,45375,0.0,0.0
2019-07-15 00:00:00+09:00,3959.4850793363935,3975.259765625,3896.385409874916,3975.259765625,23211,0.0,0.0
2019-07-16 00:00:00+09:00,3975.259832974138,4622.028451913965,3975.259832974138,4117.2333984375,1827927,0.0,0.0
2019-07-17 00:00:00+09:00,4101.459467868977,4180.333377339984,3849.061894608434,3927.93603515625,335946,0.0,0.0
2019-07-18 00:00:00+09:00,3912.1608272894564,4006.8098758355436,3833.2864661165313,3959.4853515625,142374,0.0,0.0
2019-07-19 00:00:00+09:00,3959.485166593509,3991.034539865991,3880.610809105232,3912.16064453125,62244,0.0,0.0
2019-07-22 00:00:00+09:00,3880.611054553511,3927.9355796090417,3833.2865294979806,3896.3857421875,63738,0.0,0.0
2019-07-23 00:00:00+09:00,3896.3854957414733,3975.2598532297498,3864.835891392223,3912.16064453125,173256,0.0,0.0
2019-07-24 00:00:00+09:00,3943.7100941775934,3943.7100941775934,3801.7367563181297,3849.061279296875,90114,0.0,0.0
2019-07-25 00:00:00+09:00,3833.2866379069005,3864.8362451439125,3722.8626659621755,3817.51171875,168108,0.0,0.0
2019-07-26 00:00:00+09:00,3801.7367563181297,3880.6108842571143,3754.4122333393843,3849.061279296875,74835,0.0,0.0
2019-07-29 00:00:00+09:00,3864.83618875105,3864.83618875105,3659.763398087561,3675.5380859375,137127,0.0,0.0
2019-07-30 00:00:00+09:00,3596.6637426618117,3738.637311451094,3596.6637426618117,3659.76318359375,74688,0.0,0.0
2019-07-31 00:00:00+09:00,3659.76343543609,3849.0615401814603,3596.663990162037,3833.28662109375,112965,0.0,0.0
2019-08-01 00:00:00+09:00,3801.7366307911693,3833.286234709694,3675.537752963542,3754.412109375,94905,0.0,0.0
2019-08-02 00:00:00+09:00,3770.18701171875,3817.511535845248,3659.7632761414397,3770.18701171875,62406,0.0,0.0
2019-08-05 00:00:00+09:00,3833.286161954017,3833.286161954017,3533.5641216480753,3612.4384765625,123297,0.0,0.0
2019-08-06 00:00:00+09:00,3423.1404699340032,3596.663638631883,3344.26611328125,3344.26611328125,180909,0.0,0.0
2019-08-07 00:00:00+09:00,3360.040916177809,3470.4648730777826,3344.2659991701676,3438.9150390625,105855,0.0,0.0
2019-08-08 00:00:00+09:00,3502.0148468456778,3596.663896760426,3454.690321888304,3533.564453125,73386,0.0,0.0
2019-08-09 00:00:00+09:00,3596.663896760426,3643.9884217178,3533.564453125,3533.564453125,48297,0.0,0.0
2019-08-12 00:00:00+09:00,3470.4655888816123,3628.2138671875,3470.4655888816123,3628.2138671875,70935,0.0,0.0
2019-08-13 00:00:00+09:00,3659.7637077101217,3659.7637077101217,3533.5648077732453,3628.2138671875,58191,0.0,0.0
2019-08-14 00:00:00+09:00,3643.988787448811,3691.3133171559384,3596.6642577416837,3628.2138671875,49485,0.0,0.0
2019-08-16 00:00:00+09:00,3596.6637581168834,3643.98828125,3533.564316913803,3643.98828125,46524,0.0,0.0
2019-08-19 00:00:00+09:00,3659.763260619342,3691.3128662109375,3549.3392944335938,3596.663818359375,146283,0.0,0.0
2019-08-20 00:00:00+09:00,3612.4386172315862,3707.0876619531405,3596.6636994190703,3691.312744140625,42963,0.0,0.0
2019-08-21 00:00:00+09:00,3707.0877689527897,3817.5115035973095,3675.537932417119,3801.73681640625,161034,0.0,0.0
2019-08-22 00:00:00+09:00,3801.7368944619725,3833.2865005686313,3691.3129264734966,3738.637451171875,60150,0.0,0.0
2019-08-23 00:00:00+09:00,3738.637451171875,3785.961975870253,3675.538007881777,3738.637451171875,48036,0.0,0.0
2019-08-26 00:00:00+09:00,3659.7632769619913,3659.7632769619913,3533.5643918785163,3580.888916015625,63501,0.0,0.0
2019-08-27 00:00:00+09:00,3596.6636328125,3628.213236776495,3549.339111328125,3549.339111328125,42903,0.0,0.0
2019-08-28 00:00:00+09:00,3580.888642166026,3628.213162683977,3565.1139560445495,3612.4384765625,23703,0.0,0.0
2019-08-29 00:00:00+09:00,3628.213162683977,3628.213162683977,3565.1139560445495,3612.4384765625,36372,0.0,0.0
2019-08-30 00:00:00+09:00,3612.438872384174,3675.5380859375,3612.438872384174,3675.5380859375,27831,0.0,0.0
2019-09-02 00:00:00+09:00,3691.3130048642247,3959.485471234611,3612.438872384174,3675.5380859375,724887,0.0,0.0
2019-09-03 00:00:00+09:00,3707.0878612443394,3738.6374674886924,3643.988417678852,3722.862548828125,142095,0.0,0.0
2019-09-04 00:00:00+09:00,3722.862487592252,3801.736848520934,3691.312881866846,3770.18701171875,115566,0.0,0.0
2019-09-05 00:00:00+09:00,3785.962288463853,3864.83642578125,3770.1873685696537,3864.83642578125,136626,0.0,0.0
2019-09-06 00:00:00+09:00,3880.611025267009,3896.3857127819483,3707.0878450652162,3738.637451171875,136776,0.0,0.0
2019-09-09 00:00:00+09:00,3722.862548828125,3785.9619923936125,3691.3129425837724,3722.862548828125,65091,0.0,0.0
2019-09-10 00:00:00+09:00,3691.312881866846,3770.18701171875,3691.312881866846,3770.18701171875,118656,0.0,0.0
2019-09-11 00:00:00+09:00,3785.9619140625,3801.7368323966857,3754.4123084709045,3785.9619140625,70590,0.0,0.0
2019-09-16 00:00:00+09:00,3770.187192356088,3817.51171875,3738.637585119076,3817.51171875,72981,0.0,0.0
2019-09-17 00:00:00+09:00,3817.5115035973095,3817.5115035973095,3770.1869798705793,3801.73681640625,37593,0.0,0.0
2019-09-18 00:00:00+09:00,3770.186995728314,3833.2864379882812,3722.8624718025326,3785.9619140625,121032,0.0,0.0
2019-09-19 00:00:00+09:00,3785.9620949074074,3912.160985455513,3770.187175819697,3833.28662109375,246156,0.0,0.0
2019-09-20 00:00:00+09:00,3849.061557063801,3849.061557063801,3770.187192356088,3817.51171875,138711,0.0,0.0
2019-09-23 00:00:00+09:00,3817.511317212049,3849.061152207338,3707.087587958831,3754.412109375,115245,0.0,0.0
2019-09-24 00:00:00+09:00,3754.412324394436,3817.511535845248,3722.862487592252,3770.18701171875,192126,0.0,0.0
2019-09-25 00:00:00+09:00,3754.41238614926,3770.187073733045,3691.3129425837724,3722.862548828125,136377,0.0,0.0
2019-09-26 00:00:00+09:00,3738.6371918773557,3801.7366307911693,3722.862274379711,3754.412109375,140250,0.0,0.0
2019-09-27 00:00:00+09:00,3754.4123697635946,3770.1870572785333,3707.0878450652162,3738.637451171875,69162,0.0,0.0
2019-09-30 00:00:00+09:00,3722.862348688887,3770.1868710496638,3659.763139592363,3691.312744140625,124887,0.0,0.0
2019-10-01 00:00:00+09:00,3707.0878450652162,3738.637451171875,3659.763320366838,3738.637451171875,67935,0.0,0.0
2019-10-02 00:00:00+09:00,3738.6372665014023,3738.6372665014023,3643.9882217798477,3691.312744140625,87147,0.0,0.0
2019-10-04 00:00:00+09:00,3691.312788521333,3691.312788521333,3596.6637426618117,3659.76318359375,75288,0.0,0.0
2019-10-07 00:00:00+09:00,3675.537964289842,3675.537964289842,3565.114228687774,3580.888916015625,124077,0.0,0.0
2019-10-08 00:00:00+09:00,3596.663892773932,3722.862548828125,3533.5644492084443,3722.862548828125,99231,0.0,0.0
2019-10-10 00:00:00+09:00,3707.087800267938,3770.18701171875,3643.988357740348,3770.18701171875,102942,0.0,0.0
2019-10-11 00:00:00+09:00,3770.186995728314,3801.7368323966857,3707.087784545123,3785.9619140625,155178,0.0,0.0
2019-10-14 00:00:00+09:00,3833.2866379069005,3880.611164300813,3754.4125042759765,3817.51171875,174837,0.0,0.0
2019-10-15 00:00:00+09:00,3833.2866379069005,3849.061557063801,3754.4125042759765,3817.51171875,78873,0.0,0.0
2019-10-16 00:00:00+09:00,3849.060993088847,3880.610595703125,3770.18663993802,3880.610595703125,86088,0.0,0.0
2019-10-17 00:00:00+09:00,3880.6111472800926,3896.3858352910147,3801.7370139951176,3833.28662109375,55245,0.0,0.0
2019-10-18 00:00:00+09:00,3864.8360273240396,3880.610945591875,3801.73681640625,3801.73681640625,93351,0.0,0.0
2019-10-21 00:00:00+09:00,3801.7370306698886,3864.8362451439125,3785.962111512988,3817.51171875,39084,0.0,0.0
2019-10-22 00:00:00+09:00,3833.286287042973,3927.935331167491,3833.286287042973,3912.16064453125,145923,0.0,0.0
2019-10-23 00:00:00+09:00,3927.9356906947255,3927.9356906947255,3801.7370306698886,3817.51171875,160839,0.0,0.0
2019-10-24 00:00:00+09:00,3817.5115035973095,3849.06134013298,3738.6373744116845,3801.73681640625,79353,0.0,0.0
2019-10-25 00:00:00+09:00,3817.511897175452,3896.3860344928485,3801.737208358052,3864.83642578125,104577,0.0,0.0
2019-10-28 00:00:00+09:00,3896.3860344928485,3959.485714069646,3864.83642578125,3864.83642578125,146778,0.0,0.0
2019-10-29 00:00:00+09:00,3864.8356788576084,3927.935115162919,3833.2860762433306,3880.610595703125,71943,0.0,0.0
2019-10-30 00:00:00+09:00,3833.2865005686313,3833.2865005686313,3722.862532580155,3738.637451171875,172350,0.0,0.0
2019-10-31 00:00:00+09:00,3785.9617132935246,3785.9617132935246,3754.412109375,3754.412109375,21474,0.0,0.0
2019-11-01 00:00:00+09:00,3738.6373744116845,3801.73681640625,3691.3128506849544,3801.73681640625,59496,0.0,0.0
2019-11-04 00:00:00+09:00,3833.28662109375,3896.3858352910147,3785.9620949074074,3833.28662109375,27039,0.0,0.0
2019-11-05 00:00:00+09:00,3833.28662109375,3849.0615401814603,3754.412487808775,3833.28662109375,49362,0.0,0.0
2019-11-06 00:00:00+09:00,3833.2866379069005,3849.061557063801,3801.7370306698886,3817.51171875,33624,0.0,0.0
2019-11-07 00:00:00+09:00,3849.061356322467,3849.061356322467,3722.8624718025326,3785.9619140625,91113,0.0,0.0
2019-11-08 00:00:00+09:00,3801.7368323966857,3817.511519654095,3722.8624718025326,3785.9619140625,45645,0.0,0.0
2019-11-11 00:00:00+09:00,3785.9617132935246,3785.9617132935246,3707.087587958831,3754.412109375,59904,0.0,0.0
2019-11-12 00:00:00+09:00,3770.1869798705793,3817.5115035973095,3707.0877689527897,3801.73681640625,55602,0.0,0.0
2019-11-13 00:00:00+09:00,3801.736975197724,3817.5116630476628,3628.2135602341127,3675.5380859375,220128,0.0,0.0
2019-11-14 00:00:00+09:00,3675.5381248667554,3707.0879630543627,3360.041360528201,3470.46533203125,240735,0.0,0.0
2019-11-15 00:00:00+09:00,3486.2398962217803,3580.88894526922,3470.46520876506,3565.1142578125,61329,0.0,0.0
2019-11-18 00:00:00+09:00,3596.663818359375,3612.4387366935607,3533.5643760994076,3596.663818359375,39744,0.0,0.0
2019-11-19 00:00:00+09:00,3628.213236776495,3628.213236776495,3517.78950736413,3549.339111328125,27528,0.0,0.0
2019-11-20 00:00:00+09:00,3549.339683552648,3549.339683552648,3454.690625324577,3486.240234375,69564,0.0,0.0
2019-11-21 00:00:00+09:00,3486.239868610307,3502.0147870188675,3328.4916088318137,3391.5908203125,161781,0.0,0.0
2019-11-22 00:00:00+09:00,3375.816224652776,3423.1407500868017,3265.3922549477875,3328.49169921875,117426,0.0,0.0
2019-11-25 00:00:00+09:00,3360.0412435646986,3375.816162109375,3296.941800462773,3375.816162109375,44916,0.0,0.0
2019-11-26 00:00:00+09:00,3375.816279622005,3517.7898582358725,3375.816279622005,3470.46533203125,48687,0.0,0.0
2019-11-27 00:00:00+09:00,3470.46533203125,3502.0149391420687,3407.3658867328236,3470.46533203125,53760,0.0,0.0
2019-11-28 00:00:00+09:00,3470.4651487047154,3502.0147541489337,3375.816101295285,3423.140625,49446,0.0,0.0
2019-11-29 00:00:00+09:00,3423.1404699340032,3438.9151564031417,3344.26611328125,3344.26611328125,57813,0.0,0.0
2019-12-02 00:00:00+09:00,3375.816162109375,3407.365768121948,3344.266325020022,3375.816162109375,25824,0.0,0.0
2019-12-03 00:00:00+09:00,3375.8161329807176,3407.3657387210606,3344.2662961635965,3391.5908203125,25419,0.0,0.0
2019-12-04 00:00:00+09:00,3391.590679345318,3407.3655970982145,3265.3920305524553,3312.716552734375,83070,0.0,0.0
2019-12-05 00:00:00+09:00,3344.2661571633985,3375.8159926691906,3265.3920305524553,3312.716552734375,46362,0.0,0.0
2019-12-06 00:00:00+09:00,3328.491593138873,3407.36572265625,3296.9417564705013,3407.36572265625,71967,0.0,0.0
2019-12-09 00:00:00+09:00,3470.4648730777826,3486.2395590086667,3375.81583318545,3438.9150390625,54717,0.0,0.0
2019-12-10 00:00:00+09:00,3438.915374134521,3454.6902926791972,3312.7167190074492,3375.816162109375,73494,0.0,0.0
2019-12-11 00:00:00+09:00,3375.8161329807176,3407.3657387210606,3344.2662961635965,3391.5908203125,36909,0.0,0.0
2019-12-12 00:00:00+09:00,3407.3658867328236,3486.2400200482653,3375.816279622005,3470.46533203125,56475,0.0,0.0
2019-12-13 00:00:00+09:00,3502.0147705078125,3596.663818359375,3470.465164916217,3596.663818359375,150861,0.0,0.0
2019-12-16 00:00:00+09:00,3643.9884017751183,3754.4123697635946,3643.9884017751183,3738.637451171875,325902,0.0,0.0
2019-12-17 00:00:00+09:00,3785.9618981384147,3801.73681640625,3738.6373744116845,3801.73681640625,255825,0.0,0.0
2019-12-18 00:00:00+09:00,3801.737208358052,3896.3860344928485,3738.637759858055,3864.83642578125,167673,0.0,0.0
2019-12-19 00:00:00+09:00,3864.8359662386088,3896.385571198848,3785.9618382996237,3849.061279296875,87600,0.0,0.0
2019-12-20 00:00:00+09:00,3849.0614482087517,3975.2601046645727,3801.736923153221,3896.3857421875,262200,0.0,0.0
2019-12-23 00:00:00+09:00,3896.3860344928485,3943.7105630986466,3849.0617369638503,3864.83642578125,97488,0.0,0.0
2019-12-24 00:00:00+09:00,3864.8365840719116,3959.4858762368235,3849.061894608434,3927.93603515625,150453,0.0,0.0
2019-12-26 00:00:00+09:00,3943.710082614742,4133.008173974707,3927.9353957192598,4054.13427734375,268320,0.0,0.0
2019-12-27 00:00:00+09:00,4102.207094659403,4342.57080078125,4102.207094659403,4342.57080078125,267978,66.666664,0.0
2019-12-30 00:00:00+09:00,4374.6193048950445,4422.692044509276,4262.449735615288,4358.59521484375,186894,0.0,0.0
2020-01-02 00:00:00+09:00,4422.692072887671,4534.861642887169,4374.61933296498,4454.74072265625,249195,0.0,0.0
2020-01-03 00:00:00+09:00,4454.7405588725305,4534.861476157711,4390.643261691986,4470.7646484375,164463,0.0,0.0
2020-01-06 00:00:00+09:00,4406.66715772304,4454.7398886456185,4278.4730521094125,4438.71533203125,264843,0.0,0.0
2020-01-07 00:00:00+09:00,4438.7158717282355,4598.958640594021,4422.691782625785,4582.93408203125,257859,0.0,0.0
2020-01-08 00:00:00+09:00,4454.741034826921,4598.959264701242,4294.498244215199,4422.6923828125,581931,0.0,0.0
2020-01-09 00:00:00+09:00,4598.958333841364,4727.151977031032,4502.812866718968,4614.982421875,461004,0.0,0.0
2020-01-10 00:00:00+09:00,4631.0071916958295,4743.177232826074,4486.788969780108,4695.1044921875,316680,0.0,0.0
2020-01-13 00:00:00+09:00,4727.151977031032,4727.151977031032,4518.8369547526045,4614.982421875,225471,0.0,0.0
2020-01-14 00:00:00+09:00,4663.0556640625,4839.322529500096,4631.0070150392075,4663.0556640625,296622,0.0,0.0
2020-01-15 00:00:00+09:00,4775.224609375,4855.34598676548,4695.103701444798,4775.224609375,394542,0.0,0.0
2020-01-16 00:00:00+09:00,4871.370443440452,4887.395001808492,4743.176793258015,4839.322265625,229488,0.0,0.0
2020-01-17 00:00:00+09:00,4855.346857218658,4903.41959837924,4743.177284330758,4887.3955078125,304182,0.0,0.0
2020-01-20 00:00:00+09:00,4919.443494229365,4919.443494229365,4759.201186523438,4807.27392578125,200391,0.0,0.0
2020-01-21 00:00:00+09:00,4807.273880476804,4807.273880476804,4631.0070150392075,4663.0556640625,194358,0.0,0.0
2020-01-22 00:00:00+09:00,4614.983256587105,4775.225574287366,4614.983256587105,4727.15283203125,109788,0.0,0.0
2020-01-23 00:00:00+09:00,4727.15252264832,4839.322560211528,4663.055693655303,4759.201171875,99282,0.0,0.0
2020-01-28 00:00:00+09:00,4631.006984412344,4663.055633223684,4486.7887689518175,4566.91015625,144195,0.0,0.0
2020-01-29 00:00:00+09:00,4598.958984375,4631.007164975564,4502.813503652598,4598.958984375,148029,0.0,0.0
2020-01-30 00:00:00+09:00,4598.95841824251,4598.95841824251,4326.546099909585,4406.66748046875,173256,0.0,0.0
2020-01-31 00:00:00+09:00,4422.692044509276,4518.837523737739,4310.522475229519,4358.59521484375,149655,0.0,0.0
2020-02-03 00:00:00+09:00,4262.44927713843,4422.691568796465,4166.303808251551,4406.66748046875,182319,0.0,0.0
2020-02-04 00:00:00+09:00,4390.64345010145,4566.910320721338,4390.64345010145,4550.88623046875,120777,0.0,0.0
2020-02-05 00:00:00+09:00,4582.934382809862,4631.007122732553,4406.667982733557,4454.74072265625,122058,0.0,0.0
2020-02-06 00:00:00+09:00,4486.788930537688,4550.88623046875,4422.692100066981,4550.88623046875,119010,0.0,0.0
2020-02-07 00:00:00+09:00,4502.8137992727,4534.8619819773,4438.716494942726,4518.837890625,94953,0.0,0.0
2020-02-10 00:00:00+09:00,4486.788391567618,4486.788391567618,4342.570188237299,4406.66748046875,210297,0.0,0.0
2020-02-11 00:00:00+09:00,4422.692403590426,4534.8619819773,4422.692403590426,4518.837890625,94092,0.0,0.0
2020-02-12 00:00:00+09:00,4470.764396862729,4663.055338663276,4470.764396862729,4647.03125,168486,0.0,0.0
2020-02-13 00:00:00+09:00,4711.128203231814,4711.128203231814,4534.861345263578,4582.93408203125,91743,0.0,0.0
2020-02-14 00:00:00+09:00,4534.861328125,4647.03135979919,4518.837239083109,4534.861328125,111558,0.0,0.0
2020-02-17 00:00:00+09:00,4534.86150743866,4598.95880506134,4502.813328087656,4566.91015625,74991,0.0,0.0
2020-02-18 00:00:00+09:00,4566.910612686821,4582.93470396384,4390.643730798079,4422.6923828125,126693,0.0,0.0
2020-02-19 00:00:00+09:00,4422.691910282258,4486.7887380024695,4278.473695816532,4470.7646484375,185817,0.0,0.0
2020-02-20 00:00:00+09:00,4486.788391567618,4518.837037683344,4342.570188237299,4406.66748046875,87540,0.0,0.0
2020-02-21 00:00:00+09:00,4342.570626210778,4406.667924906815,4182.328318391376,4262.44970703125,128100,0.0,0.0
2020-02-24 00:00:00+09:00,4134.255487877414,4134.255487877414,3957.9886245431494,3974.01318359375,190152,0.0,0.0
2020-02-25 00:00:00+09:00,3893.8919660901975,4054.13427734375,3893.8919660901975,4054.13427734375,185940,0.0,0.0
2020-02-26 00:00:00+09:00,3941.9645349528832,4006.0613627742823,3893.8917967217503,3974.01318359375,122103,0.0,0.0
2020-02-27 00:00:00+09:00,3974.013107816161,4006.0612863855895,3685.576449199188,3781.721923828125,281022,0.0,0.0
2020-02-28 00:00:00+09:00,3701.6007047729645,3781.7218539056166,3525.3340827890665,3589.430908203125,260319,0.0,0.0
2020-03-02 00:00:00+09:00,3573.4069552883275,3749.673583984375,3477.2614787759076,3749.673583984375,155070,0.0,0.0
2020-03-03 00:00:00+09:00,3829.794827429089,3909.9162162521147,3717.6252586451283,3765.697998046875,165462,0.0,0.0
2020-03-04 00:00:00+09:00,3685.5764807372857,3893.8917557926247,3685.5764807372857,3877.867431640625,113574,0.0,0.0
2020-03-05 00:00:00+09:00,3957.9885992527948,3990.03724768888,3877.8674476229126,3925.940185546875,119274,0.0,0.0
2020-03-06 00:00:00+09:00,3861.843416256085,3877.867505985126,3749.673614501953,3845.819091796875,81831,0.0,0.0
2020-03-09 00:00:00+09:00,3845.819091796875,3845.819091796875,3845.819091796875,3845.819091796875,0,0.0,0.0
2020-03-10 00:00:00+09:00,3509.309759070473,3621.4795556403124,3477.2613463634434,3589.430908203125,165852,0.0,0.0
2020-03-11 00:00:00+09:00,3605.455416823026,3605.455416823026,3381.116046908539,3397.14013671875,205557,0.0,0.0
2020-03-12 00:00:00+09:00,3397.14013671875,3397.14013671875,3397.14013671875,3397.14013671875,0,0.0,0.0
2020-03-13 00:00:00+09:00,2877.9547430068824,2881.1597489605438,2496.577812936008,2813.85791015625,556896,0.0,0.0
2020-03-16 00:00:00+09:00,2820.267302546434,2958.0759787763554,2640.7958984375,2640.7958984375,286635,0.0,0.0
2020-03-17 00:00:00+09:00,2451.7097889293323,2650.410529804907,2416.456367315713,2538.24072265625,217161,0.0,0.0
2020-03-18 00:00:00+09:00,2547.8549888512903,2602.337500818539,2406.841552734375,2406.841552734375,177369,0.0,0.0
2020-03-19 00:00:00+09:00,2419.6613217264135,2458.1195136758124,1919.7047090191384,1954.9581298828125,481488,0.0,0.0
2020-03-20 00:00:00+09:00,2006.2356465731696,2160.0684058061242,1935.7289261363717,2115.200439453125,216960,0.0,0.0
2020-03-23 00:00:00+09:00,1929.319196601402,2003.030689741553,1874.8367988339062,1916.4998779296875,231525,0.0,0.0
2020-03-24 00:00:00+09:00,1983.801460916084,2111.99557793012,1938.9336138532324,2099.176025390625,209460,0.0,0.0
2020-03-25 00:00:00+09:00,2195.3215069336547,2310.696071994054,2179.2974182731464,2288.26220703125,285096,0.0,0.0
2020-03-26 00:00:00+09:00,2329.924897209152,2448.5044540972003,2323.5153563769136,2345.94921875,234156,0.0,0.0
2020-03-27 00:00:00+09:00,2531.830935803567,2531.830935803567,2333.13043042844,2371.588623046875,181266,0.0,0.0
2020-03-30 00:00:00+09:00,2355.5642377068016,2499.7824563419117,2275.443083375131,2451.709716796875,227295,0.0,0.0
2020-03-31 00:00:00+09:00,2483.7582011410964,2676.0491647063473,2483.7582011410964,2573.494140625,302424,0.0,0.0
2020-04-01 00:00:00+09:00,2531.8311737446957,2692.0737362911404,2499.7827551274877,2525.421630859375,279435,0.0,0.0
2020-04-02 00:00:00+09:00,2522.2162780325816,2586.313341187686,2470.9387683465998,2579.903564453125,156873,0.0,0.0
2020-04-03 00:00:00+09:00,2589.518218192463,2644.0007358410658,2547.8552545377543,2608.747314453125,150570,0.0,0.0
2020-04-06 00:00:00+09:00,2608.7469756800474,2772.194272670336,2579.903335034702,2768.989501953125,295095,0.0,0.0
2020-04-07 00:00:00+09:00,2861.930419921875,2913.207928987395,2791.4235808853473,2861.930419921875,355227,0.0,0.0
2020-04-08 00:00:00+09:00,2858.725418930145,3002.9436334736533,2804.2431388115983,2945.25634765625,245661,0.0,0.0
2020-04-09 00:00:00+09:00,2964.485714399327,2996.5343659417163,2919.6179778082837,2958.076171875,245697,0.0,0.0
2020-04-10 00:00:00+09:00,2948.4614109959657,2990.124373324079,2839.496379168329,2900.388671875,225723,0.0,0.0
2020-04-13 00:00:00+09:00,2900.388771286212,2919.617867593678,2804.243289748881,2810.65283203125,166329,0.0,0.0
2020-04-14 00:00:00+09:00,2804.2430187397126,2874.7496201430918,2804.2430187397126,2868.33984375,121575,0.0,0.0
2020-04-16 00:00:00+09:00,2868.3397986298073,2932.436857361978,2829.8816103365352,2877.954345703125,119502,0.0,0.0
2020-04-17 00:00:00+09:00,2932.4371896256407,3108.7038276985427,2916.412864444402,3047.811767578125,260436,0.0,0.0
2020-04-20 00:00:00+09:00,3105.498836310465,3105.498836310465,3018.9679089829287,3025.377685546875,176310,0.0,0.0
2020-04-21 00:00:00+09:00,3002.9436143085904,3047.811581234719,2890.7740490885167,2967.6904296875,215949,0.0,0.0
2020-04-22 00:00:00+09:00,2900.38849079183,2948.4612269114177,2858.7252963347496,2938.8466796875,83136,0.0,0.0
2020-04-23 00:00:00+09:00,2964.485384894841,3063.8358650111136,2958.0758430829387,3060.630859375,110091,0.0,0.0
2020-04-24 00:00:00+09:00,3060.631009327864,3063.836015121004,2935.641886379928,2996.5341796875,132321,0.0,0.0
2020-04-27 00:00:00+09:00,3006.148807313496,3054.221548183487,2993.3292532613787,3012.558349609375,120588,0.0,0.0
2020-04-28 00:00:00+09:00,3022.1728346792656,3038.1971595447285,2951.666227785543,3009.353515625,116424,0.0,0.0
2020-04-29 00:00:00+09:00,3006.1487748216696,3137.5474419593083,3006.1487748216696,3070.24560546875,194064,0.0,0.0
2020-05-04 00:00:00+09:00,3028.5824575148213,3063.835876533514,2813.8576419449887,2990.124267578125,155751,0.0,0.0
2020-05-06 00:00:00+09:00,2996.5340604036105,3054.221345621668,2996.5340604036105,3038.197021484375,143898,0.0,0.0
2020-05-07 00:00:00+09:00,3041.401924213622,3300.9947189438835,3015.7632861591446,3198.439697265625,375432,0.0,0.0
2020-05-08 00:00:00+09:00,3204.8490736990393,3333.043196263511,3204.8490736990393,3284.970458984375,269949,0.0,0.0
2020-05-11 00:00:00+09:00,3333.0431799388325,3333.0431799388325,3195.234510593497,3201.644287109375,225627,0.0,0.0
2020-05-12 00:00:00+09:00,3195.2346036785366,3220.8734757588118,3118.3182221678785,3147.161865234375,129891,0.0,0.0
2020-05-13 00:00:00+09:00,3115.113299138136,3134.3423935772603,3070.245333870127,3127.9326171875,153987,0.0,0.0
2020-05-14 00:00:00+09:00,3124.72792060516,3131.1376971472246,3054.2213175630977,3060.630859375,106383,0.0,0.0
2020-05-15 00:00:00+09:00,3063.8359547082337,3092.67959789671,3002.943662601337,3076.6552734375,151071,0.0,0.0
2020-05-18 00:00:00+09:00,2916.4126875096854,2983.7145205655256,2900.388598030786,2932.43701171875,325347,0.0,0.0
2020-05-19 00:00:00+09:00,2970.895385765443,3031.7874459573713,2922.8226448954515,3012.558349609375,212502,0.0,0.0
2020-05-20 00:00:00+09:00,3012.5581691335215,3236.8977695738986,2983.7145263394873,3204.84912109375,290715,0.0,0.0
2020-05-21 00:00:00+09:00,3252.921992069108,3397.1402119351797,3195.2347041226794,3365.091796875,521370,0.0,0.0
2020-05-22 00:00:00+09:00,3397.140054553424,3397.140054553424,3137.547270820837,3192.02978515625,387420,0.0,0.0
2020-05-25 00:00:00+09:00,3188.8252085607,3284.9706898768,3134.3426909048508,3236.89794921875,341949,0.0,0.0
2020-05-26 00:00:00+09:00,3220.873397702139,3300.994548257312,3188.824984426102,3284.970458984375,361053,0.0,0.0
2020-05-27 00:00:00+09:00,3284.970507563956,3300.994597073864,3201.6443501378017,3204.84912109375,177681,0.0,0.0
2020-05-28 00:00:00+09:00,3204.8492277140417,3236.8978772603987,3063.8360147386975,3115.113525390625,212790,0.0,0.0
2020-05-29 00:00:00+09:00,3086.2698192336093,3134.342557850955,3079.8600425079067,3111.90869140625,64020,0.0,0.0
2020-06-01 00:00:00+09:00,3147.1619232724674,3236.8978598432045,3115.1135086287313,3220.87353515625,114594,0.0,0.0
2020-06-02 00:00:00+09:00,3220.8733405167354,3653.5279683473414,3192.0296986613616,3589.430908203125,1847139,0.0,0.0
2020-06-03 00:00:00+09:00,3621.4799434714723,3653.528359610627,3445.2130678806616,3477.26171875,583509,0.0,0.0
2020-06-04 00:00:00+09:00,3493.2856145006976,3525.33426358146,3349.0673978277764,3397.14013671875,345471,0.0,0.0
2020-06-05 00:00:00+09:00,3397.140117657233,3701.6008738351125,3397.140117657233,3573.406982421875,1195146,0.0,0.0
2020-06-08 00:00:00+09:00,3733.6494901244364,3829.794972571676,3653.52833299513,3701.60107421875,924525,0.0,0.0
2020-06-09 00:00:00+09:00,3685.5765649401897,3749.6736282824245,3557.38267298589,3621.479736328125,347979,0.0,0.0
2020-06-10 00:00:00+09:00,3605.4554118100236,3653.528150634157,3541.358348467789,3621.479736328125,174126,0.0,0.0
2020-06-11 00:00:00+09:00,3589.43096485022,3621.4796127931877,3445.212753297352,3509.309814453125,301128,0.0,0.0
2020-06-12 00:00:00+09:00,3284.9706418594633,3429.1888617255345,3252.921992069108,3365.091796875,220890,0.0,0.0
2020-06-15 00:00:00+09:00,3317.0190692991496,3381.116134388902,3009.35353243662,3022.1728515625,446346,0.0,0.0
2020-06-16 00:00:00+09:00,3108.703745930062,3166.3910333889507,3092.6796559004865,3150.366943359375,158874,0.0,0.0
2020-06-17 00:00:00+09:00,3111.9087375834097,3268.9462744869406,3111.9087375834097,3220.87353515625,187155,0.0,0.0
2020-06-18 00:00:00+09:00,3220.873397702139,3317.0188722604116,3176.0054313315572,3284.970458984375,115482,0.0,0.0
2020-06-19 00:00:00+09:00,3333.043227234606,3925.94016936646,3284.970489508771,3877.867431640625,1686630,0.0,0.0
2020-06-22 00:00:00+09:00,4134.255586170015,4134.255586170015,3893.8918892996653,4038.110107421875,1294398,0.0,0.0
2020-06-23 00:00:00+09:00,4198.35253769235,4775.225426968873,4070.15887527114,4743.17724609375,6833706,0.0,0.0
2020-06-24 00:00:00+09:00,4695.104543170177,5127.759213615404,4566.910410255174,4887.3955078125,3273135,0.0,0.0
2020-06-25 00:00:00+09:00,4791.249529441508,4839.322265625,4647.031320891031,4839.322265625,1033920,0.0,0.0
2020-06-26 00:00:00+09:00,4775.2244484892935,4855.345823180344,4422.691244877145,4438.71533203125,1215432,0.0,0.0
2020-06-29 00:00:00+09:00,4358.5951856149595,4470.764754142506,4134.255579099522,4262.44970703125,779799,0.0,0.0
2020-06-30 00:00:00+09:00,4326.546318586483,4358.594966322045,4102.206723358187,4134.25537109375,573294,0.0,0.0
2020-07-01 00:00:00+09:00,4182.32868600399,4598.959286307274,4150.2800338390025,4518.837890625,1395393,0.0,0.0
2020-07-02 00:00:00+09:00,4502.8137992727,4550.886542789987,4230.401429521276,4518.837890625,930459,0.0,0.0
2020-07-03 00:00:00+09:00,4486.789238460014,4727.15295604645,4406.6683122381255,4518.837890625,562122,0.0,0.0
2020-07-06 00:00:00+09:00,4518.837256161128,4631.006818798922,4438.7158717282355,4582.93408203125,338760,0.0,0.0
2020-07-07 00:00:00+09:00,4614.983046910343,4663.055786982325,4438.716176826289,4502.8134765625,348630,0.0,0.0
2020-07-08 00:00:00+09:00,4502.8134765625,4534.8616569702535,4326.546606478446,4502.8134765625,281235,0.0,0.0
2020-07-09 00:00:00+09:00,4550.886521409801,4631.00744725528,4406.668291535481,4422.6923828125,503007,0.0,0.0
2020-07-10 00:00:00+09:00,4470.765092828301,4518.837835761939,4246.425469317865,4278.47412109375,245175,0.0,0.0
2020-07-13 00:00:00+09:00,4358.595082562047,4550.886035183014,4326.546433971774,4470.7646484375,303042,0.0,0.0
2020-07-14 00:00:00+09:00,4470.764095052084,4470.764095052084,4246.424521609307,4326.5458984375,320121,0.0,0.0
2020-07-15 00:00:00+09:00,4518.837490234375,4967.5162334871775,4518.837490234375,4807.27392578125,3036312,0.0,0.0
2020-07-16 00:00:00+09:00,4807.273130063657,5320.049087090536,4807.273130063657,5191.85498046875,2969418,0.0,0.0
2020-07-17 00:00:00+09:00,5143.783008238448,5239.928485027952,4903.419316264689,5063.66162109375,1070133,0.0,0.0
2020-07-20 00:00:00+09:00,4983.54050996624,5015.588688011856,4727.152268839411,4935.4677734375,675060,0.0,0.0
2020-07-21 00:00:00+09:00,4903.419253810497,4903.419253810497,4775.225129903838,4871.37060546875,306786,0.0,0.0
2020-07-22 00:00:00+09:00,4823.297883494965,5079.686132148612,4791.249704508508,4919.443359375,520512,0.0,0.0
2020-07-23 00:00:00+09:00,4919.443390695342,5063.661605433579,4631.006961218865,5015.5888671875,779295,0.0,0.0
2020-07-24 00:00:00+09:00,4951.492299623485,4999.565040396529,4614.98311421218,4743.17724609375,587229,0.0,0.0
2020-07-27 00:00:00+09:00,4647.0320298245615,4743.177516859136,4454.741055755412,4518.837890625,736917,0.0,0.0
2020-07-28 00:00:00+09:00,4518.837566766377,4566.910306838359,4406.667996418535,4502.8134765625,528474,0.0,0.0
2020-07-29 00:00:00+09:00,4518.837132312866,4711.128074113413,4486.788485526005,4647.03125,650130,0.0,0.0
2020-07-30 00:00:00+09:00,4679.080066232994,4759.201459410192,4582.934582204505,4631.00732421875,593586,0.0,0.0
2020-07-31 00:00:00+09:00,4582.934397042237,4695.104436850431,4470.764826694394,4502.8134765625,428952,0.0,0.0
2020-08-03 00:00:00+09:00,4566.909975669099,4566.909975669099,4486.78859153901,4534.861328125,209955,0.0,0.0
2020-08-04 00:00:00+09:00,4566.9099929287995,4614.982729696471,4502.813167058677,4582.93408203125,246384,0.0,0.0
2020-08-05 00:00:00+09:00,4743.17724609375,4951.492299623485,4679.079945422785,4743.17724609375,1407879,0.0,0.0
2020-08-06 00:00:00+09:00,4727.152537198114,4823.29801571374,4711.128447265625,4807.27392578125,389676,0.0,0.0
2020-08-07 00:00:00+09:00,4823.297633676963,4839.322191800547,4598.958514549863,4647.03125,387507,0.0,0.0
2020-08-10 00:00:00+09:00,4695.104436850431,4695.104436850431,4454.7407364905175,4502.8134765625,451089,0.0,0.0
2020-08-11 00:00:00+09:00,4550.886364316247,4614.983196672126,4390.643579235998,4486.7890625,588411,0.0,0.0
2020-08-12 00:00:00+09:00,4502.813418756863,4502.813418756863,4230.401072025983,4310.5224609375,505605,0.0,0.0
2020-08-13 00:00:00+09:00,4374.619451417618,4390.64354200562,4262.449878380877,4342.57080078125,313083,0.0,0.0
2020-08-14 00:00:00+09:00,4342.570837603997,4775.225512292008,4198.352612707992,4486.7890625,1682316,0.0,0.0
2020-08-18 00:00:00+09:00,4550.886240312366,4566.910330599614,3974.013356447151,4054.13427734375,1124388,0.0,0.0
2020-08-19 00:00:00+09:00,4086.1826342205673,4230.400844840116,4022.0858082097634,4134.25537109375,502824,0.0,0.0
2020-08-20 00:00:00+09:00,4134.255539882331,4134.255539882331,3765.6979537176057,3893.891845703125,641379,0.0,0.0
2020-08-21 00:00:00+09:00,3974.0132335829735,3974.0132335829735,3829.7947823452805,3893.891845703125,406770,0.0,0.0
2020-08-24 00:00:00+09:00,3813.770620211073,3941.9645097649177,3749.673558069068,3925.940185546875,238641,0.0,0.0
2020-08-25 00:00:00+09:00,3957.9887186449764,4086.182846795945,3941.964628673735,4038.110107421875,270888,0.0,0.0
2020-08-26 00:00:00+09:00,4038.1103397966867,4102.207172830478,3957.988946409168,3990.03759765625,158463,0.0,0.0
2020-08-27 00:00:00+09:00,3990.037307739258,4006.0613974682988,3845.819091796875,3845.819091796875,257658,0.0,0.0
2020-08-28 00:00:00+09:00,3861.8434313892876,3974.0132335829735,3861.8434313892876,3893.891845703125,125082,0.0,0.0
2020-08-31 00:00:00+09:00,3909.916373612064,4086.1830136025037,3909.916373612064,4022.086181640625,217089,0.0,0.0
2020-09-01 00:00:00+09:00,4038.110406425562,4294.498212251502,4038.110406425562,4278.47412109375,308733,0.0,0.0
2020-09-02 00:00:00+09:00,4438.71533203125,4598.9580814133515,4310.521695877885,4438.71533203125,786603,0.0,0.0
2020-09-03 00:00:00+09:00,4438.715999847227,4518.8373865927415,4374.619172127016,4470.7646484375,327546,0.0,0.0
2020-09-04 00:00:00+09:00,4246.425147627068,4342.570626210778,4230.401057683232,4262.44970703125,527556,0.0,0.0
2020-09-07 00:00:00+09:00,4278.474005248117,4566.910455040125,4262.449914524239,4486.7890625,752262,0.0,0.0
2020-09-08 00:00:00+09:00,4550.886283001576,4951.492299623485,4502.813542228532,4743.17724609375,1527126,0.0,0.0
2020-09-09 00:00:00+09:00,4679.07948139864,4823.297689415656,4598.958567696062,4791.24951171875,612642,0.0,0.0
2020-09-10 00:00:00+09:00,4951.492173138787,5031.61356220063,4823.298044531906,4903.41943359375,1047333,0.0,0.0
2020-09-11 00:00:00+09:00,4951.492268133601,5271.977361069164,4919.443618001938,5239.9287109375,2080512,0.0,0.0
2020-09-14 00:00:00+09:00,5304.025721106876,6377.650607490655,5175.832055165806,5961.02001953125,10227549,0.0,0.0
2020-09-15 00:00:00+09:00,5896.922743591578,5912.9468332654105,5448.243538120916,5560.41357421875,4320126,0.0,0.0
2020-09-16 00:00:00+09:00,5624.510386636129,5784.752691307075,5480.292171594177,5512.3408203125,1549977,0.0,0.0
2020-09-17 00:00:00+09:00,5480.292090725562,5528.364828363506,5271.97705078125,5271.97705078125,1174803,0.0,0.0
2020-09-18 00:00:00+09:00,5304.0253604611025,5448.243576934005,5095.710315375911,5207.8798828125,994968,0.0,0.0
2020-09-21 00:00:00+09:00,5143.78299233049,5304.025296663976,4839.322473258765,5015.5888671875,899538,0.0,0.0
2020-09-22 00:00:00+09:00,4967.516530943535,4999.565182187941,4679.080078125,4679.080078125,802209,0.0,0.0
2020-09-23 00:00:00+09:00,4743.176379131194,5063.660946066087,4743.176379131194,4983.5400390625,1057905,0.0,0.0
2020-09-24 00:00:00+09:00,4855.34598676548,4967.51553954393,4711.127789138783,4775.224609375,473505,0.0,0.0
2020-09-25 00:00:00+09:00,4887.394927250684,4919.443104577237,4631.006691876416,4647.03125,408102,0.0,0.0
2020-09-28 00:00:00+09:00,4679.079983143075,4951.49233953982,4679.079983143075,4887.3955078125,277542,0.0,0.0
2020-09-29 00:00:00+09:00,4919.44353789024,4999.564927184466,4839.322618056362,4951.4921875,371829,0.0,0.0
2020-10-05 00:00:00+09:00,4967.515482093564,5047.636858557424,4919.442750107303,4983.5400390625,259380,0.0,0.0
2020-10-06 00:00:00+09:00,5015.588319309213,5336.073362428305,5015.588319309213,5223.90380859375,985923,0.0,0.0
2020-10-07 00:00:00+09:00,5271.976972326901,5592.461572170382,5255.952413712502,5528.36474609375,1845825,0.0,0.0
2020-10-08 00:00:00+09:00,5608.486264784493,5608.486264784493,5304.025277360491,5416.1953125,846795,0.0,0.0
2020-10-12 00:00:00+09:00,5416.19454969181,5464.267280992446,5159.806336448237,5191.85498046875,730077,0.0,0.0
2020-10-13 00:00:00+09:00,5191.855726727006,5480.292155989618,5159.807078099938,5464.26806640625,532932,0.0,0.0
2020-10-14 00:00:00+09:00,5400.170362940174,5800.776797532915,5400.170362940174,5656.55859375,1668951,0.0,0.0
2020-10-15 00:00:00+09:00,5688.607019627226,6201.3830342425845,5496.316072829006,5928.970703125,4423344,0.0,0.0
2020-10-16 00:00:00+09:00,5832.825122966168,5961.019241638718,5512.340530475262,5640.5341796875,1128186,0.0,0.0
2020-10-19 00:00:00+09:00,5640.534507560803,5720.655895070985,5304.025337262509,5608.486328125,854343,0.0,0.0
2020-10-20 00:00:00+09:00,5496.316500512181,5832.82568359375,5480.292410185558,5832.82568359375,472398,0.0,0.0
2020-10-21 00:00:00+09:00,5832.8251415112845,6057.164732536442,5672.58284475635,5688.60693359375,735288,0.0,0.0
2020-10-22 00:00:00+09:00,5704.631789664248,5720.65587933808,5496.316276602749,5560.41357421875,433062,0.0,0.0
2020-10-23 00:00:00+09:00,5576.437372811328,5768.728316701373,5384.146428921282,5688.60693359375,428361,0.0,0.0
2020-10-26 00:00:00+09:00,5688.607010444919,5688.607010444919,5432.21923828125,5432.21923828125,255936,0.0,0.0
2020-10-27 00:00:00+09:00,5384.147274598378,5592.462340045449,5255.95313538305,5304.02587890625,459660,0.0,0.0
2020-10-28 00:00:00+09:00,5288.001045093201,5544.388818065492,5271.976955988784,5480.2919921875,303714,0.0,0.0
2020-10-29 00:00:00+09:00,5384.146709965252,5608.486312700583,5288.001233001587,5560.41357421875,367911,0.0,0.0
2020-10-30 00:00:00+09:00,5560.41312456139,5928.970443477529,5496.315832128784,5656.55859375,905994,0.0,0.0
2020-11-02 00:00:00+09:00,5688.607320541058,6153.310623038564,5672.583230613676,5848.85009765625,1531521,0.0,0.0
2020-11-03 00:00:00+09:00,5848.850112200469,6073.189249583047,5752.704633476409,5896.9228515625,953520,0.0,0.0
2020-11-04 00:00:00+09:00,5896.922778418305,6313.552868081211,5848.850039652559,6201.38330078125,1798080,0.0,0.0
2020-11-05 00:00:00+09:00,6153.31041583356,6473.795489811668,6073.189029973952,6265.47998046875,1497144,0.0,0.0
2020-11-06 00:00:00+09:00,6249.456039546996,6361.625606846957,6105.237823249758,6201.38330078125,560565,0.0,0.0
2020-11-09 00:00:00+09:00,6249.456232824054,6329.577623064993,6153.310752319068,6281.5048828125,494520,0.0,0.0
2020-11-10 00:00:00+09:00,6345.601505158528,6794.280242975887,6265.48011754601,6698.134765625,1862703,0.0,0.0
2020-11-11 00:00:00+09:00,6682.111114823331,6730.183856656593,6393.674663823764,6505.84423828125,984930,0.0,0.0
2020-11-12 00:00:00+09:00,6489.819192433412,6682.1101314684765,6409.697811348702,6553.916015625,646221,0.0,0.0
2020-11-13 00:00:00+09:00,6553.916273153347,6569.9408316761355,6281.504411789773,6329.5771484375,600699,0.0,0.0
2020-11-16 00:00:00+09:00,6329.577057193342,6698.134386539424,6265.479762946823,6537.89208984375,1022265,0.0,0.0
2020-11-17 00:00:00+09:00,6553.916776926119,7050.66874010947,6553.916776926119,6922.474609375,1867878,0.0,0.0
2020-11-18 00:00:00+09:00,7114.765516333713,7531.396085939137,6906.450466261176,7323.08056640625,2274213,0.0,0.0
2020-11-19 00:00:00+09:00,7242.95900257711,7371.152651481276,6922.473941396078,7291.03173828125,812136,0.0,0.0
2020-11-20 00:00:00+09:00,7242.959502425318,7435.2504585121815,7226.934943111184,7339.10498046875,419796,0.0,0.0
2020-11-23 00:00:00+09:00,7323.0804211546165,7499.347287387689,7242.959502425318,7339.10498046875,534885,0.0,0.0
2020-11-24 00:00:00+09:00,7339.105257052774,7835.856755844471,7339.105257052774,7803.80810546875,1420401,0.0,0.0
2020-11-25 00:00:00+09:00,7755.734980808844,7851.880457717467,7467.298550082974,7595.49267578125,905298,0.0,0.0
2020-11-26 00:00:00+09:00,7499.346992083241,8412.728997529277,7435.250165731697,7964.0498046875,1296624,0.0,0.0
2020-11-27 00:00:00+09:00,7915.977760436764,8076.220544532007,7755.735445801885,8044.17236328125,395250,0.0,0.0
2020-11-30 00:00:00+09:00,7980.074530533939,8092.244565824236,7867.904964703975,7899.95361328125,357519,0.0,0.0
2020-12-01 00:00:00+09:00,7980.074313787164,8076.21978744725,7595.492419146819,7771.75927734375,698304,0.0,0.0
2020-12-02 00:00:00+09:00,7851.87992580838,8973.576923935205,7755.7344554129295,8396.7041015625,1906959,0.0,0.0
2020-12-03 00:00:00+09:00,8364.655597781866,8653.091997705378,8252.485573726975,8332.607421875,973578,0.0,0.0
2020-12-04 00:00:00+09:00,8316.582640571247,8412.728104624093,8108.2671554832295,8252.4853515625,558921,0.0,0.0
2020-12-07 00:00:00+09:00,8172.365328998646,8220.43806622805,7899.953464338908,8012.12255859375,554076,0.0,0.0
2020-12-08 00:00:00+09:00,7899.95337286938,8412.72891773897,7851.880166736267,8172.365234375,625932,0.0,0.0
2020-12-09 00:00:00+09:00,8204.414340778805,8813.336366809152,8204.414340778805,8572.97265625,769146,0.0,0.0
2020-12-10 00:00:00+09:00,8572.972153354354,8813.33584981363,8348.632077378572,8524.8994140625,514680,0.0,0.0
2020-12-11 00:00:00+09:00,8572.970932035447,8973.576409782892,8460.800910027472,8749.2373046875,539970,0.0,0.0
2020-12-14 00:00:00+09:00,8749.237027909136,9069.72158775281,8669.116122678348,8877.4306640625,460635,0.0,0.0
2020-12-15 00:00:00+09:00,8941.529893559316,9005.627195017189,8556.94796265354,8781.287109375,526335,0.0,0.0
2020-12-16 00:00:00+09:00,8909.481388144424,8909.481388144424,8605.020390947395,8717.1904296875,385884,0.0,0.0
2020-12-17 00:00:00+09:00,8813.336278840487,9229.966393344252,8669.118053944481,8973.578125,769071,0.0,0.0
2020-12-18 00:00:00+09:00,9053.698211555693,9069.721829676946,8588.994507628335,8653.091796875,509859,0.0,0.0
2020-12-21 00:00:00+09:00,8540.92197365049,8588.994706971074,8220.43739782011,8332.607421875,772323,0.0,0.0
2020-12-22 00:00:00+09:00,8332.608471145686,8332.608471145686,7980.07473609561,8076.22021484375,878481,0.0,0.0
2020-12-23 00:00:00+09:00,8172.365881819377,8508.875065188411,7915.9776196122575,8204.4140625,856347,0.0,0.0
2020-12-24 00:00:00+09:00,8332.60770968442,8380.680444665444,8044.171299798274,8300.55859375,633861,0.0,0.0
2020-12-28 00:00:00+09:00,8428.753258497187,8973.576967431867,8252.485935970719,8893.4560546875,1527039,0.0,0.0
2020-12-29 00:00:00+09:00,9038.72297951717,9555.222083994919,9038.72297951717,9361.53515625,797859,66.666664,0.0
2020-12-30 00:00:00+09:00,9329.251953125,9393.814567805694,9071.003385875843,9329.251953125,549045,0.0,0.0
2021-01-04 00:00:00+09:00,9458.377725082926,9490.658561406717,8974.160451541768,9071.00390625,836274,0.0,0.0
2021-01-05 00:00:00+09:00,8877.31696783571,9071.003876619494,8732.051786247872,8958.01953125,631761,0.0,0.0
2021-01-06 00:00:00+09:00,8990.299447615214,9151.705503666202,8619.06655900838,8667.48828125,731487,0.0,0.0
2021-01-07 00:00:00+09:00,8715.909892130101,8861.175056998936,8280.114397523595,8732.05078125,1041315,0.0,0.0
2021-01-08 00:00:00+09:00,8764.33229357724,9006.440920471638,8554.504501689818,8635.2080078125,1237623,0.0,0.0
2021-01-11 00:00:00+09:00,8667.48877299847,8748.191332734228,8280.114973087924,8409.2392578125,700854,0.0,0.0
2021-01-12 00:00:00+09:00,8554.503739197628,8570.644628130836,8231.692580690633,8393.0986328125,332814,0.0,0.0
2021-01-13 00:00:00+09:00,8393.098182383967,8570.644168174023,8312.39468778574,8360.81640625,250311,0.0,0.0
2021-01-14 00:00:00+09:00,8393.099313307439,8425.380148054379,8296.255863329801,8409.2392578125,197760,0.0,0.0
2021-01-15 00:00:00+09:00,8441.521777098766,8635.208694005529,8134.850510084089,8167.13134765625,516954,0.0,0.0
2021-01-18 00:00:00+09:00,8167.13033348876,8199.412112789174,7634.49185100491,7682.91357421875,987189,0.0,0.0
2021-01-19 00:00:00+09:00,7747.475998210923,8522.223598032015,7666.772965606756,8409.2392578125,1043421,0.0,0.0
2021-01-20 00:00:00+09:00,8360.815824496174,8393.097598383942,8005.723877623708,8280.11328125,821550,0.0,0.0
2021-01-21 00:00:00+09:00,8280.115427953957,8376.958883251664,8086.428517358543,8183.27197265625,342261,0.0,0.0
2021-01-22 00:00:00+09:00,8183.271674424588,8296.256016733261,8086.428222656249,8086.42822265625,312357,0.0,0.0
2021-01-25 00:00:00+09:00,8280.115322768708,8941.87861031747,8134.8501416675035,8845.03515625,1157598,0.0,0.0
2021-01-26 00:00:00+09:00,8925.738397269744,8941.87834197206,8457.661086166048,8861.17578125,564342,0.0,0.0
2021-01-27 00:00:00+09:00,8764.333167003808,9522.93995829441,8602.927084410032,9038.72265625,1588206,0.0,0.0
2021-01-28 00:00:00+09:00,8667.48803101663,9135.564350593178,8554.503700469159,8796.6123046875,1026873,0.0,0.0
2021-01-29 00:00:00+09:00,9103.282921006945,9522.937492190786,8376.957156032986,8715.9091796875,1310082,0.0,0.0
2021-02-01 00:00:00+09:00,8715.91026979034,8780.472883330682,8263.973866481541,8651.34765625,548379,0.0,0.0
2021-02-02 00:00:00+09:00,8845.034704939166,8925.73820970213,8393.099239508521,8699.76953125,523074,0.0,0.0
2021-02-03 00:00:00+09:00,8812.754154161566,9797.329567216439,8732.051592537568,9426.095703125,1574223,0.0,0.0
2021-02-04 00:00:00+09:00,9393.813949101905,9409.954838143194,8941.877567576506,9135.564453125,861093,0.0,0.0
2021-02-05 00:00:00+09:00,9071.002130798233,9426.094098068963,9054.861242927134,9232.4072265625,411003,0.0,0.0
2021-02-08 00:00:00+09:00,9200.126356336807,9200.126356336807,8683.628349823104,8715.9091796875,543834,0.0,0.0
2021-02-09 00:00:00+09:00,8812.752615017362,8893.455162546688,8554.503138892174,8715.9091796875,372798,0.0,0.0
2021-02-10 00:00:00+09:00,8715.91026979034,8812.753717232456,8425.379927463995,8651.34765625,348576,0.0,0.0
2021-02-15 00:00:00+09:00,8667.48807426121,8941.877511832092,8667.48807426121,8909.5966796875,378900,0.0,0.0
2021-02-16 00:00:00+09:00,9071.002830788777,9393.81399296466,8941.877609329025,9248.548828125,653640,0.0,0.0
2021-02-17 00:00:00+09:00,9151.705597908265,9183.986431156178,8958.018706947245,9006.4404296875,337743,0.0,0.0
2021-02-18 00:00:00+09:00,9022.581432425377,9119.424879121403,8602.925866251408,8941.8779296875,301449,0.0,0.0
2021-02-19 00:00:00+09:00,8780.472705478565,9054.862152427755,8651.34748101337,9006.4404296875,415095,0.0,0.0
2021-02-22 00:00:00+09:00,9296.971153846154,9910.312685555678,9119.42514497317,9442.236328125,1704609,0.0,0.0
2021-02-23 00:00:00+09:00,9296.970703125,9442.235870361328,8974.159535623192,9296.970703125,912141,0.0,0.0
2021-02-24 00:00:00+09:00,9458.378281846433,9781.189501297067,8877.317519393142,9038.72265625,1311315,0.0,0.0
2021-02-25 00:00:00+09:00,9232.407926014077,9716.625141464758,9183.986204469009,9652.0634765625,990456,0.0,0.0
2021-02-26 00:00:00+09:00,9264.690432792473,9426.095553478031,9103.284366370091,9377.673828125,621798,0.0,0.0
2021-03-02 00:00:00+09:00,9668.20385050411,10507.514043243838,9603.642182726524,10313.8271484375,2007414,0.0,0.0
2021-03-03 00:00:00+09:00,10168.56125976373,10329.967309291267,10007.155210236191,10184.7021484375,581751,0.0,0.0
2021-03-04 00:00:00+09:00,9958.733174337769,10103.998330587769,9522.937705587769,9684.34375,764772,0.0,0.0
2021-03-05 00:00:00+09:00,9490.658739475388,9603.643087333818,9022.582348182263,9345.3935546875,853233,0.0,0.0
2021-03-08 00:00:00+09:00,9409.956150078458,9474.517823771308,9119.42578125,9119.42578125,305928,0.0,0.0
2021-03-09 00:00:00+09:00,9119.42455423356,9119.42455423356,8522.223005638321,8732.05078125,664125,0.0,0.0
2021-03-10 00:00:00+09:00,8925.738245934706,9216.2685944924,8764.332181490385,8812.75390625,499812,0.0,0.0
2021-03-11 00:00:00+09:00,8812.754011298386,9361.533880361108,8812.754011298386,9264.6904296875,553662,0.0,0.0
2021-03-12 00:00:00+09:00,9345.392843229376,9442.236292382011,9151.705944924104,9329.251953125,323865,0.0,0.0
2021-03-15 00:00:00+09:00,9313.112966231894,9313.112966231894,9022.582588904766,9103.28515625,320064,0.0,0.0
2021-03-16 00:00:00+09:00,9200.1279296875,9248.549655633224,9054.862751850329,9200.1279296875,330009,0.0,0.0
2021-03-17 00:00:00+09:00,9232.408309141658,9248.549198905414,8958.018857578543,9054.8623046875,295563,0.0,0.0
2021-03-18 00:00:00+09:00,9151.706618096425,9216.269237526154,9054.863161820273,9119.42578125,245829,0.0,0.0
2021-03-19 00:00:00+09:00,8925.73787369933,9119.424764660353,8909.596984206988,9006.4404296875,359244,0.0,0.0
2021-03-22 00:00:00+09:00,9054.862490940288,9280.830223596939,8958.019041839323,9216.2685546875,363714,0.0,0.0
2021-03-23 00:00:00+09:00,9280.830032696136,9296.970922459892,9022.581470896777,9054.8623046875,242163,0.0,0.0
2021-03-24 00:00:00+09:00,9006.440112975246,9345.392160237754,8974.15928086249,9313.111328125,552951,0.0,0.0
2021-03-25 00:00:00+09:00,9280.830911219004,9442.236986924883,8990.300542390545,9119.42578125,550383,0.0,0.0
2021-03-26 00:00:00+09:00,9232.408153896435,9232.408153896435,8941.877817454902,9006.4404296875,265008,0.0,0.0
2021-03-29 00:00:00+09:00,9038.72209466429,9183.987276252128,8925.738695031656,8958.01953125,233352,0.0,0.0
2021-03-30 00:00:00+09:00,9071.00314777663,9071.00314777663,8764.331918263972,8828.89453125,300894,0.0,0.0
2021-03-31 00:00:00+09:00,8828.894599903624,8828.894599903624,8425.379920642577,8538.3642578125,636777,0.0,0.0
2021-04-01 00:00:00+09:00,8651.346574222036,8732.050067488035,8506.081421227243,8715.9091796875,290838,0.0,0.0
2021-04-02 00:00:00+09:00,8812.754778922872,9216.269507122852,8780.473941132159,9103.28515625,752997,0.0,0.0
2021-04-05 00:00:00+09:00,9151.70537201788,9652.0634765625,9119.424539566751,9652.0634765625,1017252,0.0,0.0
2021-04-06 00:00:00+09:00,9748.907448996291,9878.031731548714,9426.095324010035,9506.798828125,619290,0.0,0.0
2021-04-07 00:00:00+09:00,9474.517848142219,9474.517848142219,9200.12836989961,9345.3935546875,415023,0.0,0.0
2021-04-08 00:00:00+09:00,9329.250662315731,9426.094098068963,9200.126396556981,9232.4072265625,344889,0.0,0.0
2021-04-09 00:00:00+09:00,9232.408652065902,9474.517278831065,9167.846982086408,9377.673828125,355002,0.0,0.0
2021-04-12 00:00:00+09:00,9442.23713288849,9442.23713288849,9135.565868027677,9280.8310546875,319329,0.0,0.0
2021-04-13 00:00:00+09:00,9280.830228548682,9571.360576006591,9167.846835028478,9329.251953125,449166,0.0,0.0
2021-04-14 00:00:00+09:00,9426.095550318965,9426.095550318965,9135.56519829814,9264.6904296875,343320,0.0,0.0
2021-04-15 00:00:00+09:00,9248.549542429188,9409.955608851571,9151.706091723123,9377.673828125,261990,0.0,0.0
2021-04-16 00:00:00+09:00,9458.377607300048,10265.406071239964,9345.393262968457,9991.0166015625,1740114,0.0,0.0
2021-04-19 00:00:00+09:00,10152.420189947425,10781.902542415672,10023.295920071303,10539.7939453125,1640064,0.0,0.0
2021-04-20 00:00:00+09:00,10459.092319542253,10507.514043243838,10184.70286714554,10313.8271484375,696552,0.0,0.0
2021-04-21 00:00:00+09:00,10233.124698421221,10378.38987105305,10023.29691159631,10136.28125,493770,0.0,0.0
2021-04-22 00:00:00+09:00,10216.983924278846,10346.108208392217,9958.734410315294,10071.71875,563121,0.0,0.0
2021-04-23 00:00:00+09:00,10007.156099587904,10071.718714284045,9813.469201236287,9958.734375,532110,0.0,0.0
2021-04-26 00:00:00+09:00,10071.718865666546,10087.85975601739,9942.594580070276,10007.15625,251556,0.0,0.0
2021-04-27 00:00:00+09:00,10071.719253434649,10071.719253434649,9748.908054147107,9813.4697265625,335199,0.0,0.0
2021-04-28 00:00:00+09:00,9813.46871668643,9845.75049530896,9071.002940156432,9183.986328125,886134,0.0,0.0
2021-04-29 00:00:00+09:00,9200.12816722973,9345.393348817568,8941.878640272398,8958.01953125,720582,0.0,0.0
2021-04-30 00:00:00+09:00,9103.28398942647,9151.705712774485,8877.316262381339,8941.8779296875,329712,0.0,0.0
2021-05-03 00:00:00+09:00,8941.878523155867,9313.112390620445,8925.738578126518,9022.58203125,251469,0.0,0.0
2021-05-04 00:00:00+09:00,9038.721861289476,9280.830491018094,8812.75412212171,9200.1279296875,274122,0.0,0.0
2021-05-06 00:00:00+09:00,9280.829550275506,9442.235602312758,9232.407829238005,9313.111328125,400200,0.0,0.0
2021-05-07 00:00:00+09:00,9377.674512460715,9442.23713288849,9248.55021734206,9280.8310546875,294804,0.0,0.0
2021-05-10 00:00:00+09:00,9458.377368019843,9587.501654177295,9393.814752072703,9490.658203125,388983,0.0,0.0
2021-05-11 00:00:00+09:00,9296.970766129032,9377.6733221172,8909.596984206988,9006.4404296875,802125,0.0,0.0
2021-05-12 00:00:00+09:00,9054.861842943274,9119.424452969199,8748.19062749106,8909.5966796875,381435,0.0,0.0
2021-05-13 00:00:00+09:00,8667.48938155413,8796.613675344692,8393.09990259786,8489.943359375,945540,0.0,0.0
2021-05-14 00:00:00+09:00,8619.066448884212,8796.612446256093,8538.36389475822,8732.05078125,499239,0.0,0.0
2021-05-17 00:00:00+09:00,8473.802467999849,8570.64592477699,8231.693826056997,8489.943359375,823293,0.0,0.0
2021-05-18 00:00:00+09:00,8489.942534130647,8619.066815369993,8360.81730715451,8538.3642578125,239490,0.0,0.0
2021-05-20 00:00:00+09:00,8538.365083815514,8602.9267578125,8425.380735715464,8602.9267578125,151062,0.0,0.0
2021-05-21 00:00:00+09:00,8619.066776670259,8715.910223599138,8328.53643588362,8425.3798828125,307593,0.0,0.0
2021-05-24 00:00:00+09:00,8457.660381474883,8489.942159663455,7957.30322265625,7957.30322265625,576063,0.0,0.0
2021-05-25 00:00:00+09:00,8086.428189501684,8134.849915187323,7957.303902918924,7973.44384765625,297540,0.0,0.0
2021-05-26 00:00:00+09:00,8038.00678970969,8280.115427953957,8005.72595318941,8183.27197265625,330768,0.0,0.0
2021-05-27 00:00:00+09:00,8280.114666118869,8344.677278956033,8038.006050150481,8199.412109375,172320,0.0,0.0
2021-05-28 00:00:00+09:00,8183.272092378234,8280.115549092769,8086.4286356636985,8118.70947265625,174534,0.0,0.0
2021-05-31 00:00:00+09:00,8231.693820735502,8231.693820735502,8070.287744298982,8118.70947265625,132219,0.0,0.0
2021-06-01 00:00:00+09:00,8118.709132215346,8150.99091359111,8021.865679561735,8054.1474609375,296952,0.0,0.0
2021-06-02 00:00:00+09:00,8070.286763797416,8150.990265079024,8005.72509765625,8005.72509765625,188355,0.0,0.0
2021-06-03 00:00:00+09:00,8021.866537092555,8376.959550027217,8021.866537092555,8344.6787109375,289503,0.0,0.0
2021-06-04 00:00:00+09:00,8344.677278956033,8344.677278956033,8070.286883700673,8199.412109375,162747,0.0,0.0
2021-06-07 00:00:00+09:00,8312.395116030772,8360.816836989663,8102.568289033401,8134.84912109375,223977,0.0,0.0
2021-06-08 00:00:00+09:00,7989.584843922813,8199.412639917915,7989.584843922813,8054.1474609375,217032,0.0,0.0
2021-06-09 00:00:00+09:00,8118.708887539106,8118.708887539106,7876.600736069997,7925.0224609375,180432,0.0,0.0
2021-06-10 00:00:00+09:00,7908.882029572157,7957.304230117295,7731.3360100032,7812.03857421875,406233,0.0,0.0
2021-06-11 00:00:00+09:00,7812.03857421875,7925.022920710015,7763.616846542046,7812.03857421875,221532,0.0,0.0
2021-06-14 00:00:00+09:00,7844.319466733673,7892.741191836967,7763.616433938712,7779.75732421875,142653,0.0,0.0
2021-06-15 00:00:00+09:00,7731.335377041474,7892.74096512679,7731.335377041474,7763.6162109375,162315,0.0,0.0
2021-06-16 00:00:00+09:00,7828.178824466343,7828.178824466343,7747.475793989487,7763.6162109375,128640,0.0,0.0
2021-06-17 00:00:00+09:00,7747.475978800519,7973.443712936597,7682.913836599984,7925.0224609375,186018,0.0,0.0
2021-06-18 00:00:00+09:00,7989.584886843911,8102.569230792369,7925.022742350808,8021.86572265625,217365,0.0,0.0
2021-06-21 00:00:00+09:00,7828.1787109375,7892.740850661629,7795.897404641241,7828.1787109375,200958,0.0,0.0
2021-06-22 00:00:00+09:00,7925.0225585424005,7925.0225585424005,7731.3356566869315,7747.47607421875,144687,0.0,0.0
2021-06-23 00:00:00+09:00,7747.475674379407,7812.037814043106,7505.36705955505,7569.92919921875,457614,0.0,0.0
2021-06-24 00:00:00+09:00,7569.92919921875,7602.210505484793,7392.38319692648,7569.92919921875,273990,0.0,0.0
2021-06-25 00:00:00+09:00,7537.6485298044745,7602.210670872738,7295.539909712986,7360.10205078125,790809,0.0,0.0
2021-06-28 00:00:00+09:00,7392.383948771983,7586.070860330477,7392.383948771983,7553.78955078125,478188,0.0,0.0
2021-06-29 00:00:00+09:00,7569.929969121646,7650.633006560496,7456.946095002003,7553.78955078125,314853,0.0,0.0
2021-06-30 00:00:00+09:00,7586.070872796963,7666.7734375,7489.22741685857,7666.7734375,285621,0.0,0.0
2021-07-01 00:00:00+09:00,7634.49267578125,7682.91440422623,7521.508327497337,7634.49267578125,90345,0.0,0.0
2021-07-02 00:00:00+09:00,7650.633006560496,7650.633006560496,7505.367822891626,7553.78955078125,199290,0.0,0.0
2021-07-05 00:00:00+09:00,7505.366907846175,7602.210351818384,7408.523463873967,7521.50732421875,229650,0.0,0.0
2021-07-06 00:00:00+09:00,7521.507514927022,7731.33529743259,7489.22668136339,7682.91357421875,232575,0.0,0.0
2021-07-07 00:00:00+09:00,7682.913888172241,8183.271557539002,7586.070437787164,8150.99072265625,981429,0.0,0.0
2021-07-08 00:00:00+09:00,8296.256589418692,8457.661723016396,8134.850510084089,8167.13134765625,1297851,0.0,0.0
2021-07-09 00:00:00+09:00,8134.850199854651,8328.537109375,7876.601144783664,8328.537109375,522123,0.0,0.0
2021-07-12 00:00:00+09:00,8393.098043833521,8732.050067488035,8199.4111731738,8715.9091796875,1119168,0.0,0.0
2021-07-13 00:00:00+09:00,8651.34712858039,8941.877453186486,8586.785464714634,8683.62890625,868629,0.0,0.0
2021-07-14 00:00:00+09:00,8683.628349823104,8877.315220482827,8489.941479163383,8715.9091796875,454128,0.0,0.0
2021-07-15 00:00:00+09:00,8602.925269716286,8748.1904296875,8602.925269716286,8748.1904296875,266532,0.0,0.0
2021-07-16 00:00:00+09:00,8667.488539051847,8909.597157461118,8538.3642578125,8538.3642578125,511677,0.0,0.0
2021-07-19 00:00:00+09:00,8441.520817283279,8877.316330772795,8360.817313923655,8651.34765625,577842,0.0,0.0
2021-07-20 00:00:00+09:00,8538.363196828313,8893.455162546688,8506.081421227243,8715.9091796875,463845,0.0,0.0
2021-07-21 00:00:00+09:00,8715.911105912548,8780.473725646418,8586.786812181694,8602.9267578125,176733,0.0,0.0
2021-07-22 00:00:00+09:00,8715.909385088446,9038.720528549858,8715.909385088446,8877.3154296875,695595,0.0,0.0
2021-07-23 00:00:00+09:00,9006.440062788974,9022.580951623779,8683.62890625,8683.62890625,343503,0.0,0.0
2021-07-26 00:00:00+09:00,8699.770515648583,8764.333137616999,8586.787109375,8586.787109375,245772,0.0,0.0
2021-07-27 00:00:00+09:00,8570.645098627168,8861.175440953513,8554.504208807884,8651.34765625,385968,0.0,0.0
2021-07-28 00:00:00+09:00,8586.786137760742,8796.61298037611,8506.082632997779,8699.76953125,221337,0.0,0.0
2021-07-29 00:00:00+09:00,8796.61298037611,8812.753870476065,8635.207862323798,8699.76953125,107973,0.0,0.0
2021-07-30 00:00:00+09:00,8699.769795321126,8764.332411943857,8554.504617222608,8570.6455078125,176631,0.0,0.0
2021-08-02 00:00:00+09:00,8570.645247660788,8715.910421349954,8473.801798534678,8699.76953125,169176,0.0,0.0
2021-08-03 00:00:00+09:00,8715.910307320442,8909.597203038675,8619.066859461327,8764.33203125,345483,0.0,0.0
2021-08-04 00:00:00+09:00,8812.754055669398,8861.17578125,8667.488878927596,8861.17578125,203343,0.0,0.0
2021-08-05 00:00:00+09:00,8861.17578125,8990.30006755266,8748.191439649656,8861.17578125,285807,0.0,0.0
2021-08-06 00:00:00+09:00,8861.17578125,8925.738397269744,8796.613165230256,8861.17578125,158007,0.0,0.0
2021-08-09 00:00:00+09:00,8861.176076858108,8990.300367468344,8683.630059051926,8958.01953125,319653,0.0,0.0
2021-08-10 00:00:00+09:00,9022.58058610564,9022.58058610564,8764.331103894492,8877.3154296875,233841,0.0,0.0
2021-08-11 00:00:00+09:00,8796.612932092654,8828.894712115372,8021.865343336256,8102.56884765625,1160739,0.0,0.0
2021-08-12 00:00:00+09:00,8070.287299027528,8199.412531347118,7892.741286759129,7973.44384765625,365343,0.0,0.0
2021-08-13 00:00:00+09:00,7925.02296858134,7973.4442236821,7521.50825359241,7666.7734375,457806,0.0,0.0
2021-08-17 00:00:00+09:00,7569.929238140862,7908.881300637743,7489.22668136339,7682.91357421875,394161,0.0,0.0
2021-08-18 00:00:00+09:00,7586.07012779107,7828.17874386027,7586.07012779107,7682.91357421875,329115,0.0,0.0
2021-08-19 00:00:00+09:00,7553.7892953228475,7682.914056284507,6908.166436251394,7311.6806640625,376596,0.0,0.0
2021-08-20 00:00:00+09:00,7408.524005500637,7489.227039000355,6972.728475765306,7117.99365234375,326055,0.0,0.0
2021-08-23 00:00:00+09:00,7134.133645731133,7376.242258967126,7037.290200436736,7343.96142578125,171474,0.0,0.0
2021-08-24 00:00:00+09:00,7456.945374931366,7715.194407782383,7456.945374931366,7682.91357421875,201597,0.0,0.0
2021-08-25 00:00:00+09:00,7779.757861116189,7812.038698167214,7569.930055942316,7634.49267578125,170004,0.0,0.0
2021-08-26 00:00:00+09:00,7715.194476503271,7747.4757832228315,7295.539853490965,7392.38330078125,434124,0.0,0.0
2021-08-27 00:00:00+09:00,7295.540058392138,7489.226958412563,7295.540058392138,7408.52392578125,140058,0.0,0.0
2021-08-30 00:00:00+09:00,7473.085880683652,7666.772775844943,7440.805046735702,7505.3671875,212718,0.0,0.0
2021-08-31 00:00:00+09:00,7586.0704802953305,7779.7573821507995,7537.6487548314635,7747.47607421875,156537,0.0,0.0
2021-09-01 00:00:00+09:00,7731.335599115456,7828.179049322044,7634.492148908867,7779.75732421875,86082,0.0,0.0
2021-09-02 00:00:00+09:00,7699.053894431728,7860.459478830562,7602.21044921875,7602.21044921875,268875,0.0,0.0
2021-09-03 00:00:00+09:00,7650.63301913308,7715.195165469197,7586.070872796963,7666.7734375,163602,0.0,0.0
2021-09-06 00:00:00+09:00,7715.194524210043,8021.865284902775,7666.772800265486,7876.6005859375,253926,0.0,0.0
2021-09-07 00:00:00+09:00,7908.881477375914,7925.022367386819,7731.335470203177,7844.3193359375,143715,0.0,0.0
2021-09-08 00:00:00+09:00,7844.319931009867,7844.319931009867,7586.070872796963,7666.7734375,251805,0.0,0.0
2021-09-09 00:00:00+09:00,7666.772871242454,7699.054178460477,7473.085973671121,7586.0703125,115155,0.0,0.0
2021-09-10 00:00:00+09:00,7586.070349671545,7586.070349671545,7343.961726521053,7440.80517578125,222954,0.0,0.0
2021-09-13 00:00:00+09:00,7521.507476253878,7602.210505484793,7392.38319692648,7569.92919921875,173133,0.0,0.0
2021-09-14 00:00:00+09:00,7537.648334385678,7715.1943359375,7521.507444885777,7715.1943359375,126465,0.0,0.0
2021-09-15 00:00:00+09:00,7650.632454067643,7715.194595635287,7521.507698063954,7586.0703125,119391,0.0,0.0
2021-09-16 00:00:00+09:00,7602.210223409327,7602.210223409327,7182.555148995363,7327.8203125,444954,0.0,0.0
2021-09-17 00:00:00+09:00,7327.820743812918,7408.523774799548,7182.5555717580255,7360.10205078125,185166,0.0,0.0
2021-09-23 00:00:00+09:00,7295.539887936262,7311.6803049380505,7166.415133316765,7247.1181640625,136719,0.0,0.0
2021-09-24 00:00:00+09:00,7247.1181640625,7311.6803049380505,7117.993409443003,7247.1181640625,116610,0.0,0.0
2021-09-27 00:00:00+09:00,7311.6803049380505,7440.805059557548,7101.852992441214,7247.1181640625,255420,0.0,0.0
2021-09-28 00:00:00+09:00,7279.3993983051905,7456.945886560388,7166.41552734375,7166.41552734375,191523,0.0,0.0
2021-09-29 00:00:00+09:00,7069.5712890625,7230.976868632917,6908.165709492082,7069.5712890625,206619,0.0,0.0
2021-09-30 00:00:00+09:00,7005.0096914026535,7150.274866066291,6553.073277203511,6666.0576171875,508725,0.0,0.0
2021-10-01 00:00:00+09:00,6553.0729369346545,6714.4789934255,6423.948659184037,6456.2294921875,290853,0.0,0.0
2021-10-05 00:00:00+09:00,6327.105374031067,6423.94882122099,6084.996756056261,6246.40234375,397377,0.0,0.0
2021-10-06 00:00:00+09:00,6278.683782736785,6310.964617234699,5810.606953832993,5923.5908203125,576315,0.0,0.0
2021-10-07 00:00:00+09:00,5972.011921632661,6214.120519440315,5939.731090503878,6133.41796875,293355,0.0,0.0
2021-10-08 00:00:00+09:00,6246.402437157228,6246.402437157228,6036.575122730819,6068.85595703125,131109,0.0,0.0
2021-10-12 00:00:00+09:00,6052.715539881035,6197.980712838179,5907.450366923889,6068.85595703125,244101,0.0,0.0
2021-10-13 00:00:00+09:00,6068.855900164899,6407.807967222191,6068.855900164899,6101.13720703125,325869,0.0,0.0
2021-10-14 00:00:00+09:00,6117.27755308476,6956.587738928753,6117.27755308476,6908.166015625,794940,0.0,0.0
2021-10-15 00:00:00+09:00,6940.447096376453,6988.868821404355,6698.338471236944,6779.04150390625,289725,0.0,0.0
2021-10-18 00:00:00+09:00,6746.75979535799,6746.75979535799,6504.651184605091,6601.49462890625,252735,0.0,0.0
2021-10-19 00:00:00+09:00,6601.49462890625,6682.19765678001,6520.7920739008705,6601.49462890625,178944,0.0,0.0
2021-10-20 00:00:00+09:00,6617.635777614918,6698.3383357838575,6456.229715540243,6472.37060546875,207813,0.0,0.0
2021-10-21 00:00:00+09:00,6472.370510319688,6536.9326504794035,6359.3861739546965,6391.66748046875,105120,0.0,0.0
2021-10-22 00:00:00+09:00,6456.229715540243,6488.511022528858,6343.245850382689,6472.37060546875,114741,0.0,0.0
2021-10-25 00:00:00+09:00,6472.370945341411,6472.370945341411,6327.105765567178,6423.94921875,69978,0.0,0.0
2021-10-26 00:00:00+09:00,6423.948629599711,6649.91635105683,6423.948629599711,6601.49462890625,437643,0.0,0.0
2021-10-27 00:00:00+09:00,6553.0731850931925,6633.776216394761,6504.651460885932,6585.3544921875,145182,0.0,0.0
2021-10-28 00:00:00+09:00,6504.651446902822,6956.587853777993,6504.651446902822,6843.603515625,344766,0.0,0.0
2021-10-29 00:00:00+09:00,6843.603551987603,6908.1661663804725,6569.214095857315,6698.33837890625,239382,0.0,0.0
2021-11-01 00:00:00+09:00,6682.197471217105,6682.197471217105,6407.807562360764,6440.0888671875,269400,0.0,0.0
2021-11-02 00:00:00+09:00,6472.371019284635,6633.776618810499,6456.230128324148,6504.65185546875,242736,0.0,0.0
2021-11-03 00:00:00+09:00,6520.792103931191,6601.494659308232,6391.667353312191,6456.2294921875,215670,0.0,0.0
2021-11-04 00:00:00+09:00,6553.073280198785,6585.354587761595,6359.386380558738,6407.80810546875,163203,0.0,0.0
2021-11-05 00:00:00+09:00,6359.386453349639,6536.932937674719,6327.105618285743,6375.52734375,173139,0.0,0.0
2021-11-08 00:00:00+09:00,6391.667910066251,6423.94921875,6230.262312384356,6423.94921875,97329,0.0,0.0
2021-11-09 00:00:00+09:00,6456.230311127186,6472.371202544689,6246.402978515625,6294.82470703125,124443,0.0,0.0
2021-11-10 00:00:00+09:00,6343.245982252707,6423.949014967783,6133.418664635598,6149.55908203125,137919,0.0,0.0
2021-11-11 00:00:00+09:00,6101.137300068913,6262.542891125183,6068.855992710297,6181.84033203125,125844,0.0,0.0
2021-11-12 00:00:00+09:00,6117.277681451711,6391.667610220335,6117.277681451711,6327.10546875,114807,0.0,0.0
2021-11-15 00:00:00+09:00,6278.684252370641,6633.7767684867795,6278.684252370641,6553.07373046875,265077,0.0,0.0
2021-11-16 00:00:00+09:00,6423.949110121667,6456.229945391126,6214.121316528104,6230.26220703125,564618,0.0,0.0
2021-11-17 00:00:00+09:00,6230.262559966564,6294.82470703125,6197.98125,6294.82470703125,137691,0.0,0.0
2021-11-18 00:00:00+09:00,6310.96484375,6391.667878628214,6149.559246861993,6310.96484375,118680,0.0,0.0
2021-11-19 00:00:00+09:00,6343.246198640047,6569.214414229676,6278.68405398662,6536.93310546875,317649,0.0,0.0
2021-11-22 00:00:00+09:00,6585.354618162859,7230.977462320728,6585.354618162859,7150.27490234375,1109172,0.0,0.0
2021-11-23 00:00:00+09:00,7117.993168244642,7117.993168244642,6859.744140625,6859.744140625,322614,0.0,0.0
2021-11-24 00:00:00+09:00,6843.603551987603,6908.1661663804725,6569.214095857315,6698.33837890625,391221,0.0,0.0
2021-11-25 00:00:00+09:00,6633.776618810499,6714.479655007646,6504.65185546875,6504.65185546875,190653,0.0,0.0
2021-11-26 00:00:00+09:00,6504.651188443126,6585.354216364503,6310.964299726523,6343.24560546875,224100,0.0,0.0
2021-11-29 00:00:00+09:00,6133.418479651222,6343.245790939923,6133.418479651222,6246.40234375,171570,0.0,0.0
2021-11-30 00:00:00+09:00,6359.38630294554,6456.229751583636,5988.1533984117705,6068.85595703125,260541,0.0,0.0
2021-12-01 00:00:00+09:00,5988.1528703883105,6359.3857421875,5907.449846016662,6359.3857421875,206361,0.0,0.0
2021-12-02 00:00:00+09:00,6246.402368845218,6698.338299924399,6214.1210620294205,6617.6357421875,340866,0.0,0.0
2021-12-03 00:00:00+09:00,6617.635518202031,6649.91635105683,6456.229462454511,6601.49462890625,158283,0.0,0.0
2021-12-06 00:00:00+09:00,6520.792114109612,6746.759836960101,6472.370391660453,6714.47900390625,239349,0.0,0.0
2021-12-07 00:00:00+09:00,6746.759917597106,6843.603363652895,6601.494748513424,6795.181640625,347412,0.0,0.0
2021-12-08 00:00:00+09:00,6892.025565599566,7053.431635487391,6666.057824346087,6682.1982421875,335922,0.0,0.0
2021-12-09 00:00:00+09:00,6682.197777849377,6875.884669960953,6682.197777849377,6795.181640625,147342,0.0,0.0
2021-12-10 00:00:00+09:00,6795.181791521832,6908.166129674824,6698.338343315495,6843.603515625,160128,0.0,0.0
2021-12-13 00:00:00+09:00,6843.603646320649,6908.166261603457,6730.619778878348,6779.04150390625,195978,0.0,0.0
2021-12-14 00:00:00+09:00,6714.479084157436,6843.603363652895,6682.197777849377,6795.181640625,114855,0.0,0.0
2021-12-15 00:00:00+09:00,6730.619650340407,6859.744405571656,6698.338343315495,6843.603515625,115932,0.0,0.0
2021-12-16 00:00:00+09:00,6940.447115788334,6972.728423520026,6827.463248030025,6892.025390625,158040,0.0,0.0
2021-12-17 00:00:00+09:00,6779.041262525526,6940.446849248575,6746.759956033559,6908.166015625,156708,0.0,0.0
2021-12-20 00:00:00+09:00,6908.166129674824,7053.431301984329,6762.900957365319,6843.603515625,160230,0.0,0.0
2021-12-21 00:00:00+09:00,6908.1660385495215,7085.712042673538,6811.322591620642,7021.14990234375,281994,0.0,0.0
2021-12-22 00:00:00+09:00,7053.431060492059,7505.366979025648,7021.1497545723805,7489.2265625,780495,0.0,0.0
2021-12-23 00:00:00+09:00,7489.226618661756,7537.648341470198,7295.53972742799,7456.9453125,292686,0.0,0.0
2021-12-24 00:00:00+09:00,7456.945463709677,7586.07021810667,7327.820709312685,7505.3671875,337269,0.0,0.0
2021-12-27 00:00:00+09:00,7440.804840054673,7650.632146361628,7343.961395164019,7489.2265625,300447,0.0,0.0
2021-12-28 00:00:00+09:00,7489.227660366268,7537.649389909868,7327.8215799753,7424.6650390625,446142,0.0,0.0
2021-12-29 00:00:00+09:00,7392.242048755682,7748.885147182789,7230.131635822144,7521.9306640625,567636,33.333332,0.0
2021-12-30 00:00:00+09:00,7505.719012416996,7667.829894281701,7457.085842844243,7602.9853515625,161865,0.0,0.0
2022-01-04 00:00:00+09:00,7700.25198231093,7927.206940556158,7619.197013242381,7894.78466796875,490287,0.0,0.0
2022-01-05 00:00:00+09:00,7781.307813711767,7910.996435584742,7521.931044899155,7667.83056640625,496107,0.0,0.0
2022-01-06 00:00:00+09:00,7505.719012416996,7797.518029853509,7457.085842844243,7602.9853515625,317019,0.0,0.0
2022-01-07 00:00:00+09:00,7619.196945956146,7797.518256278823,7586.774673655063,7684.041015625,199104,0.0,0.0
2022-01-10 00:00:00+09:00,7570.5633839075335,7781.306955645161,7440.874776335685,7538.14111328125,204918,0.0,0.0
2022-01-11 00:00:00+09:00,7538.14111328125,7635.407450226814,7392.241607862903,7538.14111328125,166299,0.0,0.0
2022-01-12 00:00:00+09:00,7521.930215434751,7635.407450226814,7440.874776335685,7538.14111328125,220737,0.0,0.0
2022-01-13 00:00:00+09:00,7521.930919574184,7684.041338014434,7521.930919574184,7619.197265625,143409,0.0,0.0
2022-01-14 00:00:00+09:00,7521.93034661238,7602.985312191707,7424.664007970553,7586.7744140625,123417,0.0,0.0
2022-01-17 00:00:00+09:00,7586.774673655063,7797.518256278823,7570.563774971178,7684.041015625,235041,0.0,0.0
2022-01-18 00:00:00+09:00,7700.252345581315,7781.307793407085,7457.086477037344,7473.2978515625,235932,0.0,0.0
2022-01-19 00:00:00+09:00,7408.453152619968,7538.141771516304,7116.654116303208,7230.1318359375,300210,0.0,0.0
2022-01-20 00:00:00+09:00,7181.498845658922,7505.719688736371,7132.86567170397,7489.5087890625,244257,0.0,0.0
2022-01-21 00:00:00+09:00,7327.39838636765,7489.508808323275,7213.920663558707,7311.18701171875,186039,0.0,0.0
2022-01-24 00:00:00+09:00,7181.498256008726,7505.719072465425,7132.865086046891,7262.55322265625,186279,0.0,0.0
2022-01-25 00:00:00+09:00,7230.13212575041,7408.4534495807175,7019.388052229724,7343.609375,494052,0.0,0.0
2022-01-26 00:00:00+09:00,7343.609375,7343.609375,7343.609375,7343.609375,0,0.0,0.0
2022-01-27 00:00:00+09:00,7165.28721190052,7213.9203840965265,6808.644107440912,7019.3876953125,304119,0.0,0.0
2022-01-28 00:00:00+09:00,6970.7546564186005,7505.719560804834,6873.488310166558,7440.87548828125,217077,0.0,0.0
2022-02-03 00:00:00+09:00,7457.085765448314,7635.407543675397,7359.819427312322,7570.5634765625,176214,0.0,0.0
2022-02-04 00:00:00+09:00,7489.508419989405,7716.46337890625,7489.508419989405,7716.46337890625,178437,0.0,0.0
2022-02-07 00:00:00+09:00,7716.4634558329935,7765.096627876199,7570.563939703378,7748.88525390625,124008,0.0,0.0
2022-02-08 00:00:00+09:00,7748.88525390625,7748.88525390625,7748.88525390625,7748.88525390625,0,0.0,0.0
2022-02-09 00:00:00+09:00,7748.88525390625,7748.88525390625,7748.88525390625,7748.88525390625,0,0.0,0.0
2022-02-10 00:00:00+09:00,7538.141152849659,7602.985219509313,7424.663917461943,7554.35205078125,56313,0.0,0.0
2022-02-11 00:00:00+09:00,7489.508440371791,7635.4079554439695,7327.398026380478,7359.81982421875,109515,0.0,0.0
2022-02-14 00:00:00+09:00,7165.287033474234,7732.674186609968,7165.287033474234,7684.041015625,542517,0.0,0.0
2022-02-15 00:00:00+09:00,7570.563864231132,7765.096550464623,7505.719318864424,7716.46337890625,240597,0.0,0.0
2022-02-16 00:00:00+09:00,7748.885077495815,7927.20686257235,7667.830109224644,7862.36279296875,331089,0.0,0.0
2022-02-17 00:00:00+09:00,7829.939818622076,8364.904650950291,7635.407152320906,8316.271484375,1116498,0.0,0.0
2022-02-18 00:00:00+09:00,8154.161126830183,8527.016060669817,8154.161126830183,8510.8046875,473202,0.0,0.0
2022-02-21 00:00:00+09:00,8381.116474115168,8527.015981692415,8251.427389691002,8478.3828125,193191,0.0,0.0
2022-02-22 00:00:00+09:00,8478.3828125,8478.3828125,8478.3828125,8478.3828125,0,0.0,0.0
2022-02-23 00:00:00+09:00,8478.3828125,8478.3828125,8478.3828125,8478.3828125,0,0.0,0.0
2022-02-24 00:00:00+09:00,8073.106729640485,8170.373075780732,7781.307691219745,7992.0517578125,384354,0.0,0.0
2022-02-25 00:00:00+09:00,8056.895275912247,8202.794793684501,7943.418031511603,8154.16162109375,239622,0.0,0.0
2022-02-28 00:00:00+09:00,8154.16162109375,8154.16162109375,8154.16162109375,8154.16162109375,0,0.0,0.0
2022-03-02 00:00:00+09:00,8332.48436159531,8364.906161879586,8121.74028508076,8137.95166015625,196968,0.0,0.0
2022-03-03 00:00:00+09:00,8154.160607614498,8527.015517712618,8154.160607614498,8494.5927734375,330483,0.0,0.0
2022-03-04 00:00:00+09:00,8494.5927734375,8494.5927734375,8494.5927734375,8494.5927734375,0,0.0,0.0
2022-03-07 00:00:00+09:00,8997.136300596905,9126.824435154485,8316.271931903086,8478.3828125,1528686,0.0,0.0
2022-03-08 00:00:00+09:00,8267.638312844343,8899.869477944205,8235.21651843576,8494.5927734375,903450,0.0,0.0
2022-03-10 00:00:00+09:00,8494.5927734375,8494.5927734375,8494.5927734375,8494.5927734375,0,0.0,0.0
2022-03-11 00:00:00+09:00,8851.236604261618,8948.502940572185,8624.282136159149,8770.181640625,383175,0.0,0.0
2022-03-14 00:00:00+09:00,8770.18162448559,8770.18162448559,8332.483111893518,8591.859375,397902,0.0,0.0
2022-03-15 00:00:00+09:00,8478.384167495988,8867.449583214859,8429.750990531129,8818.81640625,284070,0.0,0.0
2022-03-16 00:00:00+09:00,8851.237280185329,9078.19176561915,8818.815482228109,9029.55859375,287331,0.0,0.0
2022-03-17 00:00:00+09:00,9175.457666688735,9288.935378864247,8883.658649551639,9045.76953125,362859,0.0,0.0
2022-03-18 00:00:00+09:00,9045.769946162565,9483.468491944624,8980.925400535603,9386.2021484375,662271,0.0,0.0
2022-03-21 00:00:00+09:00,9386.2021484375,9386.2021484375,9386.2021484375,9386.2021484375,0,0.0,0.0
2022-03-22 00:00:00+09:00,9661.789336537544,10050.854691698338,9564.522997747345,9937.3779296875,646086,0.0,0.0
2022-03-23 00:00:00+09:00,9953.587810164994,10083.276888058046,9645.578387368707,9921.166015625,415533,0.0,0.0
2022-03-24 00:00:00+09:00,9823.901077550332,10115.700119457768,9710.423355741883,10083.2783203125,485475,0.0,0.0
2022-03-25 00:00:00+09:00,10148.121456466508,10439.920485085671,10083.27786112889,10277.810546875,536295,0.0,0.0
2022-03-28 00:00:00+09:00,10326.443174602546,10375.076343478433,10083.277330223102,10261.5986328125,187698,0.0,0.0
2022-03-29 00:00:00+09:00,10196.754360328856,10261.59890383151,9823.90037238846,10002.2216796875,366570,0.0,0.0
2022-03-30 00:00:00+09:00,10083.276696121955,10115.698490044797,9742.844535399294,9856.3212890625,261198,0.0,0.0
2022-03-31 00:00:00+09:00,9791.478774886858,10018.43325696615,9580.734716613259,9888.7451171875,324969,0.0,0.0
2022-04-01 00:00:00+09:00,9888.745019244103,10148.121296232399,9694.212336569573,10034.64453125,362652,0.0,0.0
2022-04-04 00:00:00+09:00,10018.43234911152,10018.43234911152,9742.844720855226,9921.166015625,246036,0.0,0.0
2022-04-05 00:00:00+09:00,9921.167221071617,10261.599429637801,9921.167221071617,10196.7548828125,390816,0.0,0.0
2022-04-06 00:00:00+09:00,10164.333369328426,10164.333369328426,9872.534325232873,10115.7001953125,252732,0.0,0.0
2022-04-07 00:00:00+09:00,9937.37730277103,10245.386722930964,9856.321392315022,10067.0654296875,137250,0.0,0.0
2022-04-08 00:00:00+09:00,10083.27839592411,10148.12199470089,9953.589298637187,10115.7001953125,155562,0.0,0.0
2022-04-11 00:00:00+09:00,10164.33246693829,10342.653772543077,9953.588414956923,10148.12109375,237255,0.0,0.0
2022-04-12 00:00:00+09:00,10131.910766692807,10131.910766692807,9661.789488565128,10002.2216796875,297048,0.0,0.0
2022-04-13 00:00:00+09:00,10002.221244550445,10034.643989824554,9807.688572372048,10018.4326171875,128718,0.0,0.0
2022-04-14 00:00:00+09:00,10148.121815060054,10294.021334525134,9969.80049678051,10050.85546875,191280,0.0,0.0
2022-04-15 00:00:00+09:00,9969.799369679657,10067.065704993605,9807.688494200891,9986.0107421875,216699,0.0,0.0
2022-04-18 00:00:00+09:00,9872.533738605154,10002.221878319302,9678.001054100618,9710.4228515625,239205,0.0,0.0
2022-04-19 00:00:00+09:00,9694.2116324753,10034.64380243001,9661.788887806679,9953.587890625,248208,0.0,0.0
2022-04-20 00:00:00+09:00,9937.378104498646,9937.378104498646,9645.579082994933,9823.900390625,188313,0.0,0.0
2022-04-21 00:00:00+09:00,9726.63428366505,10212.965997848303,9710.422909903398,10099.48828125,286368,0.0,0.0
2022-04-22 00:00:00+09:00,9969.79918236826,10115.698682598038,9807.688309935214,9921.166015625,172092,0.0,0.0
2022-04-25 00:00:00+09:00,9645.579614663173,9904.955903718994,9434.835548671992,9661.7900390625,275463,0.0,0.0
2022-04-26 00:00:00+09:00,9726.634765625,10050.85560785694,9596.946618705559,9726.634765625,141747,0.0,0.0
2022-04-27 00:00:00+09:00,9483.470021771618,9629.369560568104,9353.781859463672,9402.4150390625,191175,0.0,0.0
2022-04-28 00:00:00+09:00,9467.257514293917,9499.68026339767,8948.503977167313,9159.248046875,345621,0.0,0.0
2022-04-29 00:00:00+09:00,9175.457666688735,9175.457666688735,8786.392310505938,9045.76953125,222294,0.0,0.0
2022-05-02 00:00:00+09:00,8899.870949578171,9321.358146050718,8851.237774990312,9224.091796875,184428,0.0,0.0
2022-05-03 00:00:00+09:00,9337.569078947368,9337.569078947368,9159.247763853575,9240.302734375,136950,0.0,0.0
2022-05-04 00:00:00+09:00,9288.93608941136,9321.357888284465,9061.981597566288,9126.8251953125,92190,0.0,0.0
2022-05-06 00:00:00+09:00,8916.081305587251,9061.980812679407,8753.970425529329,8835.025390625,122163,0.0,0.0
2022-05-10 00:00:00+09:00,8445.960785364861,8624.283054159896,8056.895398709026,8381.1171875,230568,0.0,0.0
2022-05-11 00:00:00+09:00,8429.750725876005,8608.072052526444,8121.740298146419,8332.484375,251601,0.0,0.0
2022-05-12 00:00:00+09:00,8235.21801087578,8381.117536955075,8008.262559285739,8137.95166015625,181605,0.0,0.0
2022-05-13 00:00:00+09:00,8137.951915256876,8494.594579163704,8137.951915256876,8429.7509765625,152460,0.0,0.0
2022-05-16 00:00:00+09:00,8543.227320096521,8543.227320096521,8202.795099278506,8267.6396484375,172326,0.0,0.0
2022-05-17 00:00:00+09:00,8089.317608238858,8737.759242859518,8089.317608238858,8543.2265625,308733,0.0,0.0
2022-05-18 00:00:00+09:00,8721.549107331024,8770.182279026427,8397.327329450585,8462.171875,155439,0.0,0.0
2022-05-19 00:00:00+09:00,8364.906175336433,8413.539350774434,8186.584848685992,8332.484375,165414,0.0,0.0
2022-05-20 00:00:00+09:00,8445.959611953602,8445.959611953602,8186.583356796398,8316.271484375,138501,0.0,0.0
2022-05-23 00:00:00+09:00,8332.48365299267,8429.749995440576,8154.161391927096,8251.427734375,108267,0.0,0.0
2022-05-24 00:00:00+09:00,8267.639951592546,8591.860809542562,7927.207718291676,8008.2626953125,279321,0.0,0.0
2022-05-25 00:00:00+09:00,8008.261976669283,8105.5283203125,7846.1515622416955,8105.5283203125,127743,0.0,0.0
2022-05-26 00:00:00+09:00,8105.528345187603,8251.42786110018,7862.362960266628,7927.20703125,180162,0.0,0.0
2022-05-27 00:00:00+09:00,8040.684724461446,8121.739694208582,7862.362936137777,8105.5283203125,156369,0.0,0.0
2022-05-30 00:00:00+09:00,8121.738813205914,8494.5927734375,8105.527441068355,8494.5927734375,181917,0.0,0.0
2022-05-31 00:00:00+09:00,8527.015704879761,8608.070667613636,8348.693457052057,8559.4375,127626,0.0,0.0
2022-06-02 00:00:00+09:00,8559.43851902174,9045.770253057066,8445.960797791275,8948.50390625,251379,0.0,0.0
2022-06-03 00:00:00+09:00,8964.71502265186,8964.71502265186,8737.75958672314,8851.2373046875,246456,0.0,0.0
2022-06-07 00:00:00+09:00,8818.815325372172,8883.658920133272,8624.282641355629,8786.392578125,114876,0.0,0.0
2022-06-08 00:00:00+09:00,8786.392047263143,8802.60341990726,8510.804411512545,8591.859375,118587,0.0,0.0
2022-06-09 00:00:00+09:00,8608.071211230239,8737.759349767812,8429.74990200775,8575.6494140625,84579,0.0,0.0
2022-06-10 00:00:00+09:00,8462.172526212436,8527.01707675201,8202.795273920854,8332.484375,138264,0.0,0.0
2022-06-13 00:00:00+09:00,8154.161414285798,8235.217333125724,7829.9405885259785,8073.1064453125,238218,0.0,0.0
2022-06-14 00:00:00+09:00,7910.995810282827,8251.427525290932,7765.096300307939,8170.37255859375,562260,0.0,0.0
2022-06-15 00:00:00+09:00,8154.162223870016,8186.584974571722,7684.041837362484,8008.2626953125,220551,0.0,0.0
2022-06-16 00:00:00+09:00,8024.473212519779,8202.794522842456,7619.196945956146,7684.041015625,299781,0.0,0.0
2022-06-17 00:00:00+09:00,7359.819427312322,7651.618441720299,7116.653581972341,7570.5634765625,820956,0.0,0.0
2022-06-20 00:00:00+09:00,7846.151732421527,7894.784905297969,7294.975931466295,7424.66455078125,418044,0.0,0.0
2022-06-21 00:00:00+09:00,7602.986148256214,7602.986148256214,7116.654401567472,7343.609375,192954,0.0,0.0
2022-06-22 00:00:00+09:00,7343.608653933599,7376.0309255071,6533.0556640625,6533.0556640625,524349,0.0,0.0
2022-06-23 00:00:00+09:00,6549.267135361065,6630.32210310829,6208.834941009458,6387.15625,333747,0.0,0.0
2022-06-24 00:00:00+09:00,6387.156503754239,7262.553609722586,6370.945604547415,7035.59912109375,402252,0.0,0.0
2022-06-27 00:00:00+09:00,7132.865182088175,7246.342421882617,6824.854784893779,7116.65380859375,252657,0.0,0.0
2022-06-28 00:00:00+09:00,7019.387683265821,7262.553543828532,6889.699540921256,7197.70947265625,107055,0.0,0.0
2022-06-29 00:00:00+09:00,7035.599248440923,7149.076494809325,6905.910627638939,7084.232421875,113232,0.0,0.0
2022-06-30 00:00:00+09:00,6970.754091929003,6986.965464947105,6727.588245990395,6857.27685546875,136671,0.0,0.0
2022-07-01 00:00:00+09:00,6873.487949327787,6938.332493380547,6452.00078765138,6565.47802734375,135855,0.0,0.0
2022-07-04 00:00:00+09:00,6500.63414855937,6581.689118598606,6192.623742623648,6452.0009765625,225213,0.0,0.0
2022-07-05 00:00:00+09:00,6484.4227763965955,6970.754496499673,6468.2118773709335,6824.85498046875,138711,0.0,0.0
2022-07-06 00:00:00+09:00,6824.8542715514695,7051.809209002882,6549.266642074686,6922.12060546875,226746,0.0,0.0
2022-07-07 00:00:00+09:00,6938.33279962074,7424.66452681534,6938.33279962074,7230.1318359375,193953,0.0,0.0
2022-07-08 00:00:00+09:00,7246.342758589853,7554.3526951628755,7246.342758589853,7424.66455078125,141078,0.0,0.0
2022-07-11 00:00:00+09:00,7376.030800290515,7732.67388181139,7246.342191131428,7570.5634765625,548271,0.0,0.0
2022-07-12 00:00:00+09:00,7473.29733542119,7586.7745745933225,7051.809700743793,7100.44287109375,459273,0.0,0.0
2022-07-13 00:00:00+09:00,7035.598618537539,7294.975361985941,6938.3322803777255,7213.919921875,64788,0.0,0.0
2022-07-14 00:00:00+09:00,7213.920437168788,7294.975883069559,6986.9659485399525,7035.59912109375,87363,0.0,0.0
2022-07-15 00:00:00+09:00,7132.865504934673,7181.498677752561,6905.910540140087,7051.81005859375,1033206,0.0,0.0
2022-07-18 00:00:00+09:00,7084.232497749019,7570.564237298532,7084.232497749019,7489.5087890625,330822,0.0,0.0
2022-07-19 00:00:00+09:00,7457.086713746599,7457.086713746599,7262.554012736398,7376.03173828125,93996,0.0,0.0
2022-07-20 00:00:00+09:00,7554.352401353981,7813.729629896019,7376.031091031304,7684.041015625,492789,0.0,0.0
2022-07-21 00:00:00+09:00,7635.407844640032,7781.307357594937,7521.930603986209,7684.041015625,138045,0.0,0.0
2022-07-22 00:00:00+09:00,7781.307578832292,7975.8402683031,7554.352616138576,7765.0966796875,590946,0.0,0.0
2022-07-25 00:00:00+09:00,7684.041234096889,7813.729852055201,7570.563990216692,7765.0966796875,96057,0.0,0.0
2022-07-26 00:00:00+09:00,7700.251914308886,7748.885085293854,7489.508331685127,7684.041015625,176460,0.0,0.0
2022-07-27 00:00:00+09:00,7586.774374607401,7797.517948924287,7538.141205539405,7570.5634765625,139923,0.0,0.0
2022-07-28 00:00:00+09:00,7651.618678494454,8089.31768858401,7457.085996202787,8024.47314453125,644739,0.0,0.0
2022-07-29 00:00:00+09:00,8089.317700917171,8543.226660378692,8089.317700917171,8397.3271484375,446145,0.0,0.0
2022-08-01 00:00:00+09:00,8640.493838962684,8672.916589113665,7927.2075836417,8137.95166015625,529890,0.0,0.0
2022-08-02 00:00:00+09:00,8089.317796872911,8316.272279295812,7748.885123371932,8251.427734375,395364,0.0,0.0
2022-08-03 00:00:00+09:00,8251.428436084565,8251.428436084565,7797.518957704542,8137.95166015625,398724,0.0,0.0
2022-08-04 00:00:00+09:00,8105.527445926555,8364.904650950291,8024.472484923245,8316.271484375,193005,0.0,0.0
2022-08-05 00:00:00+09:00,8332.483821335296,8332.483821335296,7748.885279924014,7943.41796875,511260,0.0,0.0
2022-08-08 00:00:00+09:00,7910.996666059304,7910.996666059304,7230.132212523599,7376.03173828125,804150,0.0,0.0
2022-08-09 00:00:00+09:00,7311.186715941074,7359.8198880536165,7068.020855378363,7197.70947265625,491136,0.0,0.0
2022-08-10 00:00:00+09:00,7068.020943583748,7230.1318359375,6922.121425425368,7230.1318359375,304545,0.0,0.0
2022-08-11 00:00:00+09:00,7327.398264070134,7651.619102569993,7294.975990246815,7635.408203125,387720,0.0,0.0
2022-08-12 00:00:00+09:00,7570.563928441475,7959.629304208346,7570.563928441475,7927.20703125,250359,0.0,0.0
2022-08-16 00:00:00+09:00,7943.4180204014565,8170.372983818638,7505.719467696887,7959.62939453125,621012,0.0,0.0
2022-08-17 00:00:00+09:00,7927.207718291676,8073.107246849192,7619.197760759153,8008.2626953125,940176,0.0,0.0
2022-08-18 00:00:00+09:00,7943.417390318135,8737.758986869963,7797.517884322904,8624.2822265625,1892028,0.0,0.0
2022-08-19 00:00:00+09:00,8672.91573545901,9110.61427061526,8624.282564886093,8753.970703125,1004439,0.0,0.0
2022-08-22 00:00:00+09:00,8640.49290267976,8899.870126447986,8543.2265625,8543.2265625,277689,0.0,0.0
2022-08-23 00:00:00+09:00,8543.22713202882,8640.493478692779,8121.739946440554,8381.1171875,408582,0.0,0.0
2022-08-24 00:00:00+09:00,8381.11719983101,8964.715280673401,8381.11719983101,8948.50390625,539001,0.0,0.0
2022-08-25 00:00:00+09:00,9207.87977889695,9207.87977889695,8656.703578969595,8997.1357421875,650424,0.0,0.0
2022-08-26 00:00:00+09:00,9045.770175931457,9224.091493601793,8705.337965009305,8916.08203125,337305,0.0,0.0
2022-08-29 00:00:00+09:00,8510.804869860405,8737.759349767812,8478.383072692666,8575.6494140625,213324,0.0,0.0
2022-08-30 00:00:00+09:00,8575.64825037799,8721.547742634704,8478.381922206845,8689.125,174309,0.0,0.0
2022-08-31 00:00:00+09:00,8591.85979892978,8948.503365631499,8494.593457999003,8932.2919921875,255945,0.0,0.0
2022-09-01 00:00:00+09:00,8786.392047263143,8851.236587973046,8462.171243446759,8591.859375,135180,0.0,0.0
2022-09-02 00:00:00+09:00,8591.859653615897,8624.282399955531,8267.638839285715,8510.8046875,254775,0.0,0.0
2022-09-05 00:00:00+09:00,8462.172346047795,8494.594145693947,7992.05197677848,8267.6396484375,307269,0.0,0.0
2022-09-06 00:00:00+09:00,8251.427525290932,8348.693865274192,8024.473048618862,8170.37255859375,125679,0.0,0.0
2022-09-07 00:00:00+09:00,8154.1619248759325,8381.117371999067,7894.7851530399885,8267.6396484375,373125,0.0,0.0
2022-09-08 00:00:00+09:00,8300.062356388367,8332.485109449344,8089.3192108259855,8235.21875,161289,0.0,0.0
2022-09-13 00:00:00+09:00,8381.11678633495,8802.603951748586,8235.217273322542,8786.392578125,380097,0.0,0.0
2022-09-14 00:00:00+09:00,8429.74989544662,8494.593489731627,8251.427636496308,8397.3271484375,282660,0.0,0.0
2022-09-15 00:00:00+09:00,8429.750360831978,8559.438506428369,8300.061265368924,8381.1171875,131109,0.0,0.0
2022-09-16 00:00:00+09:00,8348.694622486228,8348.694622486228,8008.262401668212,8267.6396484375,251532,0.0,0.0
2022-09-19 00:00:00+09:00,8251.428436084565,8332.48436159531,8008.262559285739,8137.95166015625,260331,0.0,0.0
2022-09-20 00:00:00+09:00,8154.162085365035,8527.017063034371,8089.318484796486,8137.95166015625,290817,0.0,0.0
2022-09-21 00:00:00+09:00,8073.106638773178,8121.739811295908,7748.885330310536,7959.62939453125,221883,0.0,0.0
2022-09-22 00:00:00+09:00,7878.573986518674,7992.051706238898,7586.774949980945,7975.84033203125,180444,0.0,0.0
2022-09-23 00:00:00+09:00,7878.573699564873,7943.417769233728,7521.930603986209,7684.041015625,198384,0.0,0.0
2022-09-26 00:00:00+09:00,7457.0858655807715,7505.719035301806,6970.754168370432,7068.0205078125,968514,0.0,0.0
2022-09-27 00:00:00+09:00,7068.020828740398,7084.232202672362,6678.95545330637,7003.1767578125,872715,0.0,0.0
2022-09-28 00:00:00+09:00,7003.17647450423,7408.452732541755,6857.276964618725,7262.55322265625,736581,0.0,0.0
2022-09-29 00:00:00+09:00,7424.664321315715,7910.996035049641,7424.664321315715,7521.9306640625,476577,0.0,0.0
2022-09-30 00:00:00+09:00,7392.241775058339,7732.673962067605,7392.241775058339,7602.9853515625,172164,0.0,0.0
2022-10-04 00:00:00+09:00,7684.04120862646,7992.051615889819,7667.830309535401,7943.41796875,441987,0.0,0.0
2022-10-05 00:00:00+09:00,8089.318622200046,8154.162223870016,7910.996817874184,8008.2626953125,143034,0.0,0.0
2022-10-06 00:00:00+09:00,8073.10624298958,8802.60379506695,8008.261699516056,8721.548828125,598824,0.0,0.0
2022-10-07 00:00:00+09:00,8721.549292473685,8867.448810657073,8445.960680438402,8527.0166015625,237588,0.0,0.0
2022-10-11 00:00:00+09:00,8235.217333125724,8348.694099715014,7878.573759883283,8073.1064453125,266373,0.0,0.0
2022-10-12 00:00:00+09:00,7992.051803932757,8267.639469631587,7813.730010002141,8202.794921875,237171,0.0,0.0
2022-10-13 00:00:00+09:00,8040.684578045285,8121.739546316456,7586.774666020162,7862.36279296875,507384,0.0,0.0
2022-10-14 00:00:00+09:00,8024.473243995949,8105.52821266663,7797.518286864758,7878.57373046875,188262,0.0,0.0
2022-10-17 00:00:00+09:00,7700.252070408219,7927.20703125,7635.407999424847,7927.20703125,354414,0.0,0.0
2022-10-18 00:00:00+09:00,8105.528305753704,8137.951053487632,7781.307477480879,7910.99609375,126711,0.0,0.0
2022-10-19 00:00:00+09:00,7910.996303777447,7975.84037616688,7586.774991963618,7619.197265625,181626,0.0,0.0
2022-10-20 00:00:00+09:00,7619.196592374192,7684.040659033846,7424.663917461943,7554.35205078125,72918,0.0,0.0
2022-10-21 00:00:00+09:00,7538.141924863114,7554.3528244549325,7327.398330436117,7473.2978515625,73608,0.0,0.0
2022-10-24 00:00:00+09:00,7602.985312191707,7748.884820154447,7538.141244741586,7586.7744140625,56076,0.0,0.0
2022-10-25 00:00:00+09:00,7554.35205078125,7797.517894421561,7489.507984121597,7554.35205078125,136602,0.0,0.0
2022-10-26 00:00:00+09:00,7554.35277253028,7602.985945904796,7359.820079032219,7457.08642578125,108231,0.0,0.0
2022-10-27 00:00:00+09:00,7440.875686167475,7473.2979607581865,7278.765263080605,7327.3984375,146694,0.0,0.0
2022-10-28 00:00:00+09:00,7246.342421882617,7294.975592499279,7068.020637977088,7116.65380859375,115371,0.0,0.0
2022-10-31 00:00:00+09:00,7149.075927194578,7700.251690708004,7149.075927194578,7602.9853515625,248319,0.0,0.0
2022-11-01 00:00:00+09:00,7602.986106624548,8267.6396484375,7570.564306978395,8267.6396484375,544779,0.0,0.0
2022-11-02 00:00:00+09:00,8267.639811160056,8267.639811160056,8024.47393436123,8137.95166015625,123171,0.0,0.0
2022-11-03 00:00:00+09:00,7894.785555902155,8510.805954747373,7894.785555902155,8429.7509765625,297825,0.0,0.0
2022-11-04 00:00:00+09:00,8462.172340020363,9045.77043243556,8202.795093435823,9013.3486328125,568695,0.0,0.0
2022-11-07 00:00:00+09:00,8980.924806804458,9353.779732176661,8980.924806804458,9337.568359375,834069,0.0,0.0
2022-11-08 00:00:00+09:00,9337.568172857305,9467.256303080361,9094.40233502248,9272.7236328125,200169,0.0,0.0
2022-11-09 00:00:00+09:00,9207.881680886696,9645.580266864055,9207.881680886696,9532.1025390625,340332,0.0,0.0
2022-11-10 00:00:00+09:00,9483.467864990234,9483.467864990234,9272.723818034927,9337.568359375,137133,0.0,0.0
2022-11-11 00:00:00+09:00,9580.73410957532,9710.422241136892,9386.201437299678,9483.4677734375,543021,0.0,0.0
2022-11-14 00:00:00+09:00,9402.412809944837,9532.100941506409,9305.146473807017,9483.4677734375,114642,0.0,0.0
2022-11-15 00:00:00+09:00,9629.367805826005,9694.21235009687,9175.45789566318,9678.0009765625,588606,0.0,0.0
2022-11-16 00:00:00+09:00,9678.000181908701,10002.220976908253,9483.46751493566,9921.166015625,341709,0.0,0.0
2022-11-17 00:00:00+09:00,9921.167323625483,10164.333189400617,9629.368284695322,10050.85546875,329115,0.0,0.0
2022-11-18 00:00:00+09:00,10050.855016932197,10472.343131906313,9888.745080280572,10423.7099609375,574575,0.0,0.0
2022-11-21 00:00:00+09:00,10488.553291950897,10488.553291950897,10148.121103728277,10326.443359375,249354,0.0,0.0
2022-11-22 00:00:00+09:00,10115.6996587977,10358.865515980337,9937.378346819309,10277.810546875,283812,0.0,0.0
2022-11-23 00:00:00+09:00,10358.865572495204,10715.509148264355,10245.387855235329,10666.8759765625,467601,0.0,0.0
2022-11-24 00:00:00+09:00,10699.298136352036,10780.353108641571,10391.287721865134,10618.2431640625,354240,0.0,0.0
2022-11-25 00:00:00+09:00,10683.087392367801,10683.087392367801,10391.2883350661,10488.5546875,156768,0.0,0.0
2022-11-28 00:00:00+09:00,10472.343709522414,10472.343709522414,10050.855571300559,10083.2783203125,345231,0.0,0.0
2022-11-29 00:00:00+09:00,9953.588593968074,10277.81036436526,9904.955423395157,10212.9658203125,288570,0.0,0.0
2022-11-30 00:00:00+09:00,10212.965653582318,10212.965653582318,9840.111668565796,9969.7998046875,213372,0.0,0.0
2022-12-01 00:00:00+09:00,10050.85477103024,10164.332483803353,9872.533465129573,9969.7998046875,192504,0.0,0.0
2022-12-02 00:00:00+09:00,9969.799540101601,10002.221335804945,9726.633697660098,9872.533203125,139062,0.0,0.0
2022-12-05 00:00:00+09:00,9872.533841119366,9872.533841119366,9467.25709423774,9564.5234375,182478,0.0,0.0
2022-12-06 00:00:00+09:00,9434.835296439198,9759.056124024519,9369.99075097548,9564.5234375,170790,0.0,0.0
2022-12-07 00:00:00+09:00,9402.414385765524,9613.15751613977,9305.14803332611,9532.1025390625,122022,0.0,0.0
2022-12-08 00:00:00+09:00,9548.313220369238,9596.946393053859,9369.990953947863,9451.046875,46638,0.0,0.0
2022-12-09 00:00:00+09:00,9499.681398260158,9564.525004480736,9256.515500266014,9402.4150390625,98664,0.0,0.0
2022-12-12 00:00:00+09:00,9240.302633176814,9434.835320191063,9029.558572289165,9386.2021484375,160506,0.0,0.0
2022-12-13 00:00:00+09:00,9402.412980252595,9434.83477626361,9272.723896475374,9369.990234375,57714,0.0,0.0
2022-12-14 00:00:00+09:00,9337.570004435112,9726.635421286575,9321.358628777387,9596.947265625,165117,0.0,0.0
2022-12-15 00:00:00+09:00,9645.579565738479,9710.423162740202,9386.202328131621,9451.046875,105300,0.0,0.0
2022-12-16 00:00:00+09:00,9288.936597789967,9386.202949599285,9143.037070075989,9321.3583984375,63279,0.0,0.0
2022-12-19 00:00:00+09:00,9288.93500529034,9305.14637776818,9094.40233502248,9272.7236328125,42255,0.0,0.0
2022-12-20 00:00:00+09:00,9305.14741516103,9305.14741516103,8851.237483975941,8916.08203125,187656,0.0,0.0
2022-12-21 00:00:00+09:00,8932.291932147395,8948.503305482425,8429.749807294053,8721.548828125,160242,0.0,0.0
2022-12-22 00:00:00+09:00,8851.236778002107,8851.236778002107,8575.64913633486,8656.7041015625,118173,0.0,0.0
2022-12-23 00:00:00+09:00,8429.750257070866,8445.960681404214,8154.16164500407,8348.6943359375,1083654,0.0,0.0
2022-12-26 00:00:00+09:00,8494.593392410121,8705.337446088466,8397.327052230361,8543.2265625,239016,0.0,0.0
2022-12-27 00:00:00+09:00,8575.649394313177,8770.182076604844,8413.538509114584,8753.970703125,448416,0.0,0.0
2022-12-28 00:00:00+09:00,8852.514281423726,8852.514281423726,8606.154876909693,8655.4267578125,167463,116.666664,0.0
2022-12-29 00:00:00+09:00,8639.003064219582,8639.003064219582,8261.251352128053,8458.3388671875,144882,0.0,0.0
2023-01-02 00:00:00+09:00,8458.339295367176,8491.187857767538,8031.3166452353435,8162.7080078125,343302,0.0,0.0
2023-01-03 00:00:00+09:00,8113.436100931764,8146.284663228393,7341.510284423828,7883.5009765625,3460230,0.0,0.0
2023-01-04 00:00:00+09:00,7965.620578969153,8474.763166982935,7752.108783051524,8211.9794921875,1558269,0.0,0.0
2023-01-05 00:00:00+09:00,8113.4363249865,8129.860606588376,7456.478052521116,7735.685546875,1737999,0.0,0.0
2023-01-06 00:00:00+09:00,7653.565460947529,8228.404240966142,7620.717860606386,8195.556640625,620100,0.0,0.0
2023-01-09 00:00:00+09:00,8376.219461125655,8671.850736224207,8261.25142225131,8491.1875,897762,0.0,0.0
2023-01-10 00:00:00+09:00,8392.64283681186,8704.697396434167,8310.52240546596,8524.0341796875,370776,0.0,0.0
2023-01-11 00:00:00+09:00,8704.698334899138,8770.394494590391,8458.338938983678,8491.1875,262254,0.0,0.0
2023-01-12 00:00:00+09:00,8540.45918894418,8589.73106702974,8294.09979851638,8392.6435546875,225636,0.0,0.0
2023-01-13 00:00:00+09:00,8441.915093173335,8819.66582251942,8392.643217069874,8721.1220703125,431166,0.0,0.0
2023-01-16 00:00:00+09:00,8868.938099254261,8868.938099254261,8606.154427384789,8671.8505859375,275847,0.0,0.0
2023-01-17 00:00:00+09:00,8671.849597953216,8737.545749021161,8425.490234375,8425.490234375,273555,0.0,0.0
2023-01-18 00:00:00+09:00,8491.188583331048,8655.427560001192,8261.252476246427,8556.8837890625,383757,0.0,0.0
2023-01-19 00:00:00+09:00,8606.154038623983,8753.969666934365,8474.762689795198,8721.1220703125,357648,0.0,0.0
2023-01-20 00:00:00+09:00,8753.96933669281,8836.089768661488,8671.849867065424,8803.2412109375,314343,0.0,0.0
2023-01-25 00:00:00+09:00,8951.058404623864,9328.810148357865,8934.635085220792,9378.08203125,2856,0.0,0.0
2023-01-26 00:00:00+09:00,9394.504446524652,9394.504446524652,8819.666188886089,9164.5693359375,1998,0.0,0.0
2023-01-27 00:00:00+09:00,9295.95989452581,9295.95989452581,9000.328650929498,9016.7529296875,2010,0.0,0.0
2023-01-30 00:00:00+09:00,9131.722100965988,9131.722100965988,8753.970378570037,8836.0908203125,1332,0.0,0.0
2023-01-31 00:00:00+09:00,8934.634096961978,9164.569204245021,8770.394184707602,9098.873046875,5268,0.0,0.0
2023-02-01 00:00:00+09:00,9263.113734427514,9378.081778862235,9066.026208163099,9246.689453125,2181,0.0,0.0
2023-02-02 00:00:00+09:00,9476.624676628113,9476.624676628113,9230.265291294118,9312.384765625,3048,0.0,0.0
2023-02-03 00:00:00+09:00,9312.384765625,9312.384765625,9082.449660093722,9312.384765625,173664,0.0,0.0
2023-02-06 00:00:00+09:00,9197.41785882909,9213.842140644596,8967.48272511934,9131.72265625,162822,0.0,0.0
2023-02-07 00:00:00+09:00,9131.721212789045,9558.743811419083,9066.02505825315,9394.50390625,216,0.0,0.0
2023-02-08 00:00:00+09:00,9427.35240411377,9739.40697088623,9410.928125,9608.015625,3423,0.0,0.0
2023-02-09 00:00:00+09:00,9608.015625,9673.71177911377,9295.96009588623,9608.015625,213384,0.0,0.0
2023-02-10 00:00:00+09:00,9460.201115384054,9493.048715143108,9213.841711337594,9427.353515625,966,0.0,0.0
2023-02-13 00:00:00+09:00,9443.777050839493,9443.777050839493,9131.722440120839,9279.5380859375,1836,0.0,0.0
2023-02-14 00:00:00+09:00,9673.712918114426,10018.616083723955,9558.744875464108,9952.919921875,9012,0.0,0.0
2023-02-15 00:00:00+09:00,10051.464254794913,10232.12750722152,9624.441584358628,9722.9853515625,38235,0.0,0.0
2023-02-16 00:00:00+09:00,9920.072194485045,10035.03927331472,9805.10415331396,9887.2236328125,3432,0.0,0.0
2023-02-17 00:00:00+09:00,9690.136112142873,10117.159715154672,9673.71279364801,9887.2236328125,1365,0.0,0.0
2023-02-20 00:00:00+09:00,9887.223575703907,9920.072137186718,9624.440857889844,9854.3759765625,921,0.0,0.0
2023-02-21 00:00:00+09:00,9854.376578426807,9903.648461318942,9378.08203125,9378.08203125,8325,0.0,0.0
2023-02-22 00:00:00+09:00,9246.689701976667,9640.86476511374,9180.994499681463,9378.08203125,1983,0.0,0.0
2023-02-23 00:00:00+09:00,9378.081113006132,9542.320065004338,9263.113076734293,9410.9287109375,1713,0.0,0.0
2023-02-24 00:00:00+09:00,9493.04893277838,9608.016978082931,9230.266203998613,9279.5380859375,843,0.0,0.0
2023-02-27 00:00:00+09:00,9328.809988413643,9690.136481866639,9295.961425487774,9558.7451171875,594582,0.0,0.0
2023-02-28 00:00:00+09:00,9690.136538104123,9772.256983553943,9443.777126437566,9591.5927734375,293931,0.0,0.0
2023-03-02 00:00:00+09:00,9591.591943072075,9673.712381412546,9361.656832869765,9410.9287109375,206271,0.0,0.0
2023-03-03 00:00:00+09:00,9443.777126437566,9640.864655770813,9279.538160220827,9591.5927734375,377589,0.0,0.0
2023-03-06 00:00:00+09:00,9722.98449007918,9952.919605734834,9410.928934135412,9788.6796875,657624,0.0,0.0
2023-03-07 00:00:00+09:00,9788.679709228412,9788.679709228412,9410.928955025312,9542.3203125,470418,0.0,0.0
2023-03-08 00:00:00+09:00,9378.081961682892,9591.592811070663,9328.81007915626,9345.2333984375,208146,0.0,0.0
2023-03-09 00:00:00+09:00,9476.625267669177,9772.256548507992,9197.417305316021,9361.6572265625,512358,0.0,0.0
2023-03-10 00:00:00+09:00,9180.993632316484,9295.960706642425,8671.850569751381,8918.2099609375,577383,0.0,0.0
2023-03-13 00:00:00+09:00,8803.24194070155,8803.24194070155,8409.066914068026,8671.8505859375,359451,0.0,0.0
2023-03-14 00:00:00+09:00,8622.579642134508,8622.579642134508,7982.045154433086,8113.4365234375,409416,0.0,0.0
2023-03-15 00:00:00+09:00,8277.675446558642,8409.066799533088,8113.435533584565,8359.794921875,1934679,0.0,0.0
2023-03-16 00:00:00+09:00,8310.523230892915,8540.459306689858,8080.5881174373535,8458.3388671875,314781,0.0,0.0
2023-03-17 00:00:00+09:00,8983.90718125693,9378.08225374584,8852.514848866302,9230.2666015625,1531869,0.0,0.0
2023-03-20 00:00:00+09:00,9295.961334691105,9640.864505653832,9066.026208163099,9246.689453125,746334,0.0,0.0
2023-03-21 00:00:00+09:00,9345.233467760936,9443.777233545203,9098.874053300266,9378.08203125,592953,0.0,0.0
2023-03-22 00:00:00+09:00,9575.168922330928,10051.463437648168,9525.897042734612,9821.5283203125,1187463,0.0,0.0
2023-03-23 00:00:00+09:00,9821.5283203125,10084.311036598578,9690.135999828062,9821.5283203125,786996,0.0,0.0
2023-03-24 00:00:00+09:00,9952.919136795343,10347.09415211397,9821.527785802917,10051.462890625,714102,0.0,0.0
2023-03-27 00:00:00+09:00,10084.311095235158,10199.279135742188,9788.679815938283,9854.3759765625,368625,0.0,0.0
2023-03-28 00:00:00+09:00,9887.223529045923,10741.26976376488,9805.104050409225,10347.0947265625,970929,0.0,0.0
2023-03-29 00:00:00+09:00,10396.366225159285,10396.366225159285,9936.495044498166,10150.0068359375,530271,0.0,0.0
2023-03-30 00:00:00+09:00,10478.48560242839,12400.088820320922,10314.246652716427,12120.8818359375,4377270,0.0,0.0
2023-03-31 00:00:00+09:00,12055.185934245126,12071.610214501097,11004.053169373296,11233.98828125,1851963,0.0,0.0
2023-04-03 00:00:00+09:00,11348.956635820196,11447.500395429803,10905.509717576966,11398.228515625,791160,0.0,0.0
2023-04-04 00:00:00+09:00,11299.684923245988,11365.380122397053,10659.150476303903,10971.205078125,935346,0.0,0.0
2023-04-05 00:00:00+09:00,10774.11634588623,11135.44375,10757.693029113769,11086.171875,648831,0.0,0.0
2023-04-06 00:00:00+09:00,10938.357609913402,10987.629491039139,10379.942636374584,10511.3349609375,675627,0.0,0.0
2023-04-07 00:00:00+09:00,10626.301859329327,11053.32546330581,10511.334780239931,10938.357421875,591390,0.0,0.0
2023-04-10 00:00:00+09:00,10905.50960023501,10905.50960023501,10429.214125685854,10560.6064453125,488037,0.0,0.0
2023-04-11 00:00:00+09:00,10642.725716463594,10823.388949511993,10560.606240049116,10708.421875,439752,0.0,0.0
2023-04-12 00:00:00+09:00,10609.879315808903,10856.238735198109,10347.095614346592,10839.814453125,473325,0.0,0.0
2023-04-13 00:00:00+09:00,10839.814553945329,11036.90209128979,10494.911363592524,10626.302734375,371511,0.0,0.0
2023-04-14 00:00:00+09:00,10790.541643415178,10823.389242401578,10347.0947265625,10347.0947265625,345447,0.0,0.0
2023-04-17 00:00:00+09:00,10347.094996084188,10363.519277175908,9969.344229706034,10232.126953125,440844,0.0,0.0
2023-04-18 00:00:00+09:00,10182.854641247453,10199.278921644089,9854.375769704433,10002.19140625,426357,0.0,0.0
2023-04-19 00:00:00+09:00,10018.615424568276,10182.854374872744,9870.799791889438,10117.1591796875,373791,0.0,0.0
2023-04-20 00:00:00+09:00,10347.09543992431,10363.519721720551,9887.224210702741,9936.49609375,471225,0.0,0.0
2023-04-21 00:00:00+09:00,10035.038560028413,10281.397943354326,9608.01594971061,9772.255859375,627720,0.0,0.0
2023-04-24 00:00:00+09:00,9821.528808887226,9837.952128008714,9460.201353092783,9558.7451171875,392667,0.0,0.0
2023-04-25 00:00:00+09:00,9673.71291967146,10051.463685095558,9246.689311096648,9427.353515625,629313,0.0,0.0
2023-04-26 00:00:00+09:00,9378.082777068146,9706.561701691753,9279.539003446911,9525.8984375,564729,0.0,0.0
2023-04-27 00:00:00+09:00,9443.77734375,9443.77734375,9115.298441416388,9443.77734375,514575,0.0,0.0
2023-04-28 00:00:00+09:00,9558.74455618351,9591.592154840104,9148.145242439838,9263.11328125,489393,0.0,0.0
2023-05-02 00:00:00+09:00,9263.113678141712,9361.657440675133,9033.17855301087,9213.841796875,557850,0.0,0.0
2023-05-03 00:00:00+09:00,9098.872729627898,9378.080666959431,9033.177536889802,9180.9931640625,722856,0.0,0.0
2023-05-04 00:00:00+09:00,9197.417417249168,9213.841698276121,8803.24237133361,8901.7861328125,508203,0.0,0.0
2023-05-08 00:00:00+09:00,8967.48272511934,9263.114023749647,8951.058443303833,9131.72265625,424473,0.0,0.0
2023-05-09 00:00:00+09:00,9066.0259400403,9164.569700258127,8753.970378570037,8836.0908203125,390954,0.0,0.0
2023-05-10 00:00:00+09:00,8786.818754065147,8836.090633130296,8655.426434997162,8737.546875,178632,0.0,0.0
2023-05-11 00:00:00+09:00,8803.242130062232,8885.362570604902,8737.546932437768,8770.39453125,131586,0.0,0.0
2023-05-12 00:00:00+09:00,8737.54747176554,9066.0263671875,8622.579425314198,9066.0263671875,250785,0.0,0.0
2023-05-15 00:00:00+09:00,9180.994394561367,9180.994394561367,8704.69889049656,8786.8193359375,384942,0.0,0.0
2023-05-16 00:00:00+09:00,8901.7858303229,9000.329588453196,8474.763199205416,8737.546875,409752,0.0,0.0
2023-05-17 00:00:00+09:00,8671.850874779228,9115.297794512257,8524.035234868217,9082.4501953125,496884,0.0,0.0
2023-05-18 00:00:00+09:00,9115.297643783246,9312.385160405585,9066.02576462766,9263.11328125,275568,0.0,0.0
2023-05-19 00:00:00+09:00,9361.657256896071,9739.408018411406,9345.232976015783,9640.8642578125,805599,0.0,0.0
2023-05-22 00:00:00+09:00,9690.135356870658,9706.559636426782,9410.928378464545,9493.0478515625,239202,0.0,0.0
2023-05-23 00:00:00+09:00,9493.047791876892,9525.896350782612,9345.232163825134,9460.2001953125,177282,0.0,0.0
2023-05-24 00:00:00+09:00,9328.810890257528,9575.170324310619,9230.267116636292,9525.8984375,231540,0.0,0.0
2023-05-25 00:00:00+09:00,9657.288975219992,9657.288975219992,9263.11391500693,9345.2333984375,243564,0.0,0.0
2023-05-26 00:00:00+09:00,9410.928314363897,9870.799477731056,9394.504034919642,9706.5595703125,805875,0.0,0.0
2023-05-30 00:00:00+09:00,10232.126157168845,10757.693487805791,10117.159085494359,10577.029296875,2657514,0.0,0.0
2023-05-31 00:00:00+09:00,10429.21302679635,10741.268550102699,10412.78971032953,10494.9091796875,785538,0.0,0.0
2023-06-01 00:00:00+09:00,10379.942691777933,10642.726379964954,10051.463803300234,10544.1826171875,720042,0.0,0.0
2023-06-02 00:00:00+09:00,10659.150604314707,10790.541966536195,10314.247436434556,10511.3349609375,551025,0.0,0.0
2023-06-05 00:00:00+09:00,10609.877816440172,10609.877816440172,10018.61529346223,10051.462890625,804579,0.0,0.0
2023-06-07 00:00:00+09:00,10002.192286971454,10281.399304250923,9887.22423875451,10215.7041015625,532197,0.0,0.0
2023-06-08 00:00:00+09:00,10133.582637732972,11135.444482774887,9870.799928667931,10954.78125,1529130,0.0,0.0
2023-06-09 00:00:00+09:00,10971.205385340463,11332.532840154867,10806.966420522369,11135.4453125,1316499,0.0,0.0
2023-06-12 00:00:00+09:00,11135.4453125,11266.836676822764,10757.694538608652,11135.4453125,569520,0.0,0.0
2023-06-13 00:00:00+09:00,11135.444942989865,11414.651943788787,10921.933141001624,10938.357421875,715836,0.0,0.0
2023-06-14 00:00:00+09:00,11036.899794600939,11168.291138041948,10396.36543152142,10494.9091796875,1019874,0.0,0.0
2023-06-15 00:00:00+09:00,10757.693869444642,10954.781384840016,10511.334475200423,10774.1171875,837765,0.0,0.0
2023-06-16 00:00:00+09:00,10774.11794678643,10987.629757625404,10544.182816734692,10921.93359375,763395,0.0,0.0
2023-06-19 00:00:00+09:00,11053.324975177518,12055.18585504041,10757.693706560658,11447.5,2185005,0.0,0.0
2023-06-20 00:00:00+09:00,11463.924081001003,11710.283487916078,10823.389623021809,11595.31640625,1242399,0.0,0.0
2023-06-21 00:00:00+09:00,11628.164187912455,12219.426773738513,11447.500940801643,11693.8603515625,1502457,0.0,0.0
2023-06-22 00:00:00+09:00,11447.50155271406,12203.003144537484,11266.837333604612,11496.7734375,1108911,0.0,0.0
2023-06-23 00:00:00+09:00,11513.195725794976,12268.698212256575,11463.923845424468,11989.4912109375,1504458,0.0,0.0
2023-06-26 00:00:00+09:00,11890.947631758649,12153.730356186164,11644.58822614446,12088.03515625,683121,0.0,0.0
2023-06-27 00:00:00+09:00,12350.818328276717,12909.233322019898,11677.436249308075,11792.404296875,1763397,0.0,0.0
2023-06-28 00:00:00+09:00,11808.827210595033,12005.914735458045,11316.1083984375,11316.1083984375,1055811,0.0,0.0
2023-06-29 00:00:00+09:00,11496.77139995635,12055.185353669722,11414.65096497278,11956.6416015625,1213569,0.0,0.0
2023-06-30 00:00:00+09:00,11825.25140224359,11825.25140224359,11398.228755720824,11529.6201171875,1155582,0.0,0.0
2023-07-03 00:00:00+09:00,11693.86052321948,12810.68954761575,11628.164358605065,12597.177734375,2360346,0.0,0.0
2023-07-04 00:00:00+09:00,12646.4482421875,12794.26387474167,12334.393659467378,12646.4482421875,736272,0.0,0.0
2023-07-05 00:00:00+09:00,13007.776964700992,13549.767671563532,12203.002564033703,12531.482421875,2544108,0.0,0.0
2023-07-06 00:00:00+09:00,12416.514361213236,12531.482407560508,11611.739961465226,11726.7080078125,1496811,0.0,0.0
2023-07-07 00:00:00+09:00,11644.587740756591,12219.426009114582,11332.532185872396,11825.2509765625,1038687,0.0,0.0
2023-07-10 00:00:00+09:00,11874.523674494716,11890.947956097463,11053.32595416215,11201.1416015625,1343799,0.0,0.0
2023-07-11 00:00:00+09:00,11398.228147855218,12104.457760709598,11332.531989454732,11973.06640625,1040379,0.0,0.0
2023-07-12 00:00:00+09:00,12153.730718403927,12449.362013951655,11923.795587091734,12285.123046875,938247,0.0,0.0
2023-07-13 00:00:00+09:00,12531.482261122794,14617.324616184997,12531.482261122794,14568.052734375,6535176,0.0,0.0
2023-07-14 00:00:00+09:00,14403.812476155912,14995.075004768816,14157.45308923387,14896.53125,3463110,0.0,0.0
2023-07-17 00:00:00+09:00,14715.867995467572,15175.739201130797,14321.692951282357,15142.8916015625,1439082,0.0,0.0
2023-07-18 00:00:00+09:00,14995.075364794648,15142.891000496867,14239.572905980614,14321.6923828125,1305363,0.0,0.0
2023-07-19 00:00:00+09:00,14272.42102303406,14453.08522590911,13451.223337841313,13812.55078125,1607862,0.0,0.0
2023-07-20 00:00:00+09:00,13927.516999239273,17836.419586723372,13927.516999239273,16653.89453125,9636306,0.0,0.0
2023-07-21 00:00:00+09:00,16522.501833956827,17048.06915465943,16029.784034602799,16456.806640625,2759232,0.0,0.0
2023-07-24 00:00:00+09:00,16111.9051717298,16588.200665462176,15257.858909124705,16325.416015625,2707386,0.0,0.0
2023-07-25 00:00:00+09:00,16046.208841673571,18033.50835248162,15980.513642241871,16752.439453125,3675846,0.0,0.0
2023-07-26 00:00:00+09:00,17048.071352158648,17540.790177365547,15241.435980513843,15750.578125,3114501,0.0,0.0
2023-07-27 00:00:00+09:00,15914.817927385728,18723.31520868909,15701.30611738335,18066.357421875,4172835,0.0,0.0
2023-07-28 00:00:00+09:00,17836.42025432181,18953.250156742666,17540.788979388297,18526.2265625,1833735,0.0,0.0
2023-07-31 00:00:00+09:00,18526.226184475807,18756.16225740433,17770.724694400295,18329.138671875,1098474,0.0,0.0
2023-08-01 00:00:00+09:00,18197.74688416458,18493.378161658315,17048.070335472094,18099.203125,1506984,0.0,0.0
2023-08-02 00:00:00+09:00,18033.508076268685,19216.033196024007,16456.80791659492,16621.046875,3715563,0.0,0.0
2023-08-03 00:00:00+09:00,16423.95820776897,16850.98177941244,15537.065392246495,16276.142578125,2457210,0.0,0.0
2023-08-04 00:00:00+09:00,16226.872201863527,16719.591012898683,15668.458190917969,15767.001953125,1256112,0.0,0.0
2023-08-07 00:00:00+09:00,15635.609946064604,15865.545060950084,14732.291842310793,14912.955078125,1619385,0.0,0.0
2023-08-08 00:00:00+09:00,15126.468014771217,15372.827428692572,14255.998406362914,14453.0859375,1915200,0.0,0.0
2023-08-09 00:00:00+09:00,14453.085629688525,14633.748875269395,14026.062013091647,14288.845703125,1167183,0.0,0.0
2023-08-10 00:00:00+09:00,13861.822135326589,13993.213490513393,13418.37522893708,13796.1259765625,1778019,0.0,0.0
2023-08-11 00:00:00+09:00,13746.854098074777,14091.757247488838,13697.582219587053,13796.1259765625,1049109,0.0,0.0
2023-08-14 00:00:00+09:00,13500.495675556553,13714.007485123208,13270.560546875,13270.560546875,683439,0.0,0.0
2023-08-16 00:00:00+09:00,13369.103195080828,13763.278218401723,13106.319525419776,13204.86328125,1417320,0.0,0.0
2023-08-17 00:00:00+09:00,13073.47255872547,13631.886560493838,12728.569396669132,13286.9833984375,1349376,0.0,0.0
2023-08-18 00:00:00+09:00,13122.74401308542,14568.051813230175,12827.112740918348,13828.9736328125,2623197,0.0,0.0
2023-08-21 00:00:00+09:00,14058.909485892395,14157.453241722618,13155.591403334887,13204.86328125,1026513,0.0,0.0
2023-08-22 00:00:00+09:00,13861.823267495229,14190.30216346154,12630.026204694748,12810.689453125,1806360,0.0,0.0
2023-08-23 00:00:00+09:00,12859.959837204471,13172.01537753394,12367.241069495487,12547.904296875,1047831,0.0,0.0
2023-08-24 00:00:00+09:00,12974.928244663593,13730.429735379419,12942.079684308039,12991.3515625,2255751,0.0,0.0
2023-08-25 00:00:00+09:00,12580.753012281977,12728.568644427556,12104.457556029762,12120.8818359375,1267893,0.0,0.0
2023-08-28 00:00:00+09:00,12285.122147948829,12432.937784906737,11923.794714604592,12071.6103515625,770058,0.0,0.0
2023-08-29 00:00:00+09:00,12153.730048863394,12515.05748874138,12153.730048863394,12449.361328125,726786,0.0,0.0
2023-08-30 00:00:00+09:00,12744.993588807276,13106.321056509072,12630.026501802393,12974.9296875,1091367,0.0,0.0
2023-08-31 00:00:00+09:00,12942.08038662918,13746.85476155061,12564.329620772063,13631.88671875,1356378,0.0,0.0
2023-09-01 00:00:00+09:00,13878.246214766987,14847.260519756699,13878.246214766987,14469.5087890625,3027564,0.0,0.0
2023-09-04 00:00:00+09:00,14617.323866677081,14978.651302203687,14058.90987635761,14173.876953125,1177764,0.0,0.0
2023-09-05 00:00:00+09:00,14042.486383789892,14387.38955812859,13648.311327402807,14075.333984375,804546,0.0,0.0
2023-09-06 00:00:00+09:00,14338.11583018389,14732.290835824684,13467.64634684091,13648.3095703125,967776,0.0,0.0
2023-09-07 00:00:00+09:00,13369.104095329518,14157.454195057226,13352.679814138048,13418.3759765625,1317102,0.0,0.0
2023-09-08 00:00:00+09:00,13467.646792186493,13516.918669520906,12120.881824265438,12367.2412109375,2771418,0.0,0.0
2023-09-11 00:00:00+09:00,12449.361374044085,12728.5693359375,12219.42625455075,12728.5693359375,868611,0.0,0.0
2023-09-12 00:00:00+09:00,12892.80837934051,12892.80837934051,12432.938137330259,12515.0576171875,621447,0.0,0.0
2023-09-13 00:00:00+09:00,12531.481841096014,12942.08020085603,12465.78568010419,12482.2099609375,878082,0.0,0.0
2023-09-14 00:00:00+09:00,12613.602112527293,13188.4404296875,12547.905947410723,13188.4404296875,895965,0.0,0.0
2023-09-15 00:00:00+09:00,13221.288327410395,13303.407807913338,12728.569519709901,12827.11328125,749700,0.0,0.0
2023-09-18 00:00:00+09:00,12515.058145280922,12613.601910204394,11956.643156600765,12005.9150390625,940479,0.0,0.0
2023-09-19 00:00:00+09:00,12055.186073342382,12203.001710327539,11250.412691317448,11299.6845703125,1283997,0.0,0.0
2023-09-20 00:00:00+09:00,11365.38056822414,11414.652450690923,11053.32595416215,11201.1416015625,483453,0.0,0.0
2023-09-21 00:00:00+09:00,11119.01987340239,11119.01987340239,10741.269138841324,10790.541015625,462966,0.0,0.0
2023-09-22 00:00:00+09:00,10544.181959829672,10889.085108048399,10494.910081512711,10708.421875,361584,0.0,0.0
2023-09-25 00:00:00+09:00,10691.997860646803,10806.965900358955,10511.334623106048,10593.4541015625,245676,0.0,0.0
2023-09-26 00:00:00+09:00,10609.879236472492,10757.694887000709,10379.943138534283,10527.7587890625,258633,0.0,0.0
2023-09-27 00:00:00+09:00,10396.366819497955,10741.269984125849,10347.094938836826,10724.845703125,301788,0.0,0.0
2023-10-04 00:00:00+09:00,10609.877806575903,10609.877806575903,10232.126109019193,10297.822265625,476118,0.0,0.0
2023-10-05 00:00:00+09:00,10478.486893136776,10708.422990802526,10117.160389390267,10248.5517578125,520215,0.0,0.0
2023-10-06 00:00:00+09:00,10166.43193396956,10412.791343012912,10166.43193396956,10330.6708984375,181836,0.0,0.0
2023-10-10 00:00:00+09:00,10412.79160476781,10527.758690317103,9854.376609451723,9936.49609375,427608,0.0,0.0
2023-10-11 00:00:00+09:00,10100.735328311011,10577.029844150089,10100.735328311011,10347.0947265625,341883,0.0,0.0
2023-10-12 00:00:00+09:00,10462.063260322406,10691.998388762626,10396.367096907437,10609.87890625,396801,0.0,0.0
2023-10-13 00:00:00+09:00,10527.758098771894,11266.836302952637,10429.214338214462,10938.357421875,638064,0.0,0.0
2023-10-16 00:00:00+09:00,10757.694552177594,10774.117871275252,10412.791378346541,10609.87890625,334530,0.0,0.0
2023-10-17 00:00:00+09:00,10790.541205634898,11168.291946847752,10511.334219724646,10889.0849609375,415647,0.0,0.0
2023-10-18 00:00:00+09:00,10642.727037758641,11135.445882099319,10577.030871066052,10905.5107421875,260085,0.0,0.0
2023-10-19 00:00:00+09:00,10626.302670912411,10872.662091121674,10264.976162833147,10314.248046875,379161,0.0,0.0
2023-10-20 00:00:00+09:00,10248.551149764151,10905.509877580787,9969.344147554253,10445.638671875,754992,0.0,0.0
2023-10-23 00:00:00+09:00,10544.182269435976,10741.269788490854,10100.7353515625,10100.7353515625,385680,0.0,0.0
2023-10-24 00:00:00+09:00,10248.55184659091,10839.814453125,10248.55184659091,10839.814453125,587277,0.0,0.0
2023-10-25 00:00:00+09:00,10839.814575494911,11431.077188703724,10691.998922192708,10905.5107421875,765189,0.0,0.0
2023-10-26 00:00:00+09:00,10462.062368753894,10724.845075336745,10347.094333160545,10396.3662109375,444576,0.0,0.0
2023-10-27 00:00:00+09:00,10593.453751749066,10659.14990974967,9821.527985192768,9903.6474609375,667941,0.0,0.0
2023-10-30 00:00:00+09:00,9837.951752645093,9952.91979381618,9624.440913480603,9887.2236328125,378378,0.0,0.0
2023-10-31 00:00:00+09:00,10018.616434529116,10182.855401390254,9279.538196629626,9345.2333984375,789237,0.0,0.0
2023-11-01 00:00:00+09:00,9410.92852626797,10938.356716395232,9410.92852626797,10577.029296875,1684506,0.0,0.0
2023-11-02 00:00:00+09:00,10987.629032389323,12038.762773308674,10971.20475191919,11825.2509765625,2353641,0.0,0.0
2023-11-03 00:00:00+09:00,11841.675525178569,12022.338765075461,11693.859884624362,11710.283203125,768621,0.0,0.0
2023-11-06 00:00:00+09:00,11858.098746825934,12761.416863615197,11611.739347914443,12695.720703125,1569993,0.0,0.0
2023-11-07 00:00:00+09:00,12630.025730298144,13369.103940217905,12465.785807313281,13073.47265625,1580475,0.0,0.0
2023-11-08 00:00:00+09:00,13237.711487241153,13615.463210172436,12712.145086115057,13007.7763671875,1102368,0.0,0.0
2023-11-09 00:00:00+09:00,13024.199747221246,13286.982448438475,12317.969192724588,12547.904296875,773778,0.0,0.0
2023-11-10 00:00:00+09:00,12350.817034712682,13172.01563873989,12252.273279216726,12925.65625,736665,0.0,0.0
2023-11-13 00:00:00+09:00,12712.145080896764,13188.439601648603,12137.306799827897,12482.2099609375,833118,0.0,0.0
2023-11-14 00:00:00+09:00,12547.904499891754,12597.176377459838,11907.370091506655,12400.0888671875,565161,0.0,0.0
2023-11-15 00:00:00+09:00,12876.385054440532,14124.605381958881,12827.113174082138,13812.55078125,1771641,0.0,0.0
2023-11-16 00:00:00+09:00,13828.975008596355,14075.334426578127,13270.560969398653,13779.703125,877959,0.0,0.0
2023-11-17 00:00:00+09:00,13796.126745234882,14091.758032632773,13319.832214096536,13418.3759765625,812310,0.0,0.0
2023-11-20 00:00:00+09:00,13467.64775742504,13960.366566082768,13122.74459136463,13631.88671875,640023,0.0,0.0
2023-11-21 00:00:00+09:00,13894.67010755942,14732.292064398107,13812.550628649818,13993.2138671875,1965993,0.0,0.0
2023-11-22 00:00:00+09:00,13631.886755709143,14699.444818922895,13615.463436936974,14436.6611328125,804261,0.0,0.0
2023-11-23 00:00:00+09:00,14436.66109367143,14502.357255606268,13615.463400022358,13631.88671875,980919,0.0,0.0
2023-11-24 00:00:00+09:00,13779.701163953652,14453.084118832898,13566.190340316043,14026.060546875,770391,0.0,0.0
2023-11-27 00:00:00+09:00,14124.605095562341,14370.964492359019,13697.582461895232,13927.517578125,526473,0.0,0.0
2023-11-28 00:00:00+09:00,14124.605191836357,14124.605191836357,13434.798876103909,13714.0068359375,830943,0.0,0.0
2023-11-29 00:00:00+09:00,13812.551802825186,13943.943172718125,13336.256282573002,13566.1923828125,686019,0.0,0.0
2023-11-30 00:00:00+09:00,14288.844768982877,15980.512918734872,14009.63777818551,15586.337890625,6276903,0.0,0.0
2023-12-01 00:00:00+09:00,15767.002331968868,16210.449272555492,15208.587345264486,15438.5234375,2797005,0.0,0.0
2023-12-04 00:00:00+09:00,15274.282702541257,15372.826461912491,14748.716306675144,15011.4990234375,1152093,0.0,0.0
2023-12-05 00:00:00+09:00,14683.019850964496,15044.347282171377,13697.582277074262,13828.9736328125,1412538,0.0,0.0
2023-12-06 00:00:00+09:00,13943.94172357161,14420.23623198264,13434.798654345072,14108.181640625,948963,0.0,0.0
2023-12-07 00:00:00+09:00,13763.279737623112,13960.367271038518,13434.799873703118,13467.6484375,744504,0.0,0.0
2023-12-08 00:00:00+09:00,14157.45308923387,15126.466357013454,14042.485054556464,14896.53125,2075937,0.0,0.0
2023-12-11 00:00:00+09:00,15339.9788042817,15553.48964054252,14781.563849198192,14978.6513671875,1306938,0.0,0.0
2023-12-12 00:00:00+09:00,15668.4580078125,16013.361171506485,15110.043041051289,15668.4580078125,2370471,0.0,0.0
2023-12-13 00:00:00+09:00,15668.457251764114,15767.001008064517,14863.68292119703,15274.2822265625,1153905,0.0,0.0
2023-12-14 00:00:00+09:00,15668.458379565775,15799.849743309955,14354.541855099647,14814.412109375,1558539,0.0,0.0
2023-12-15 00:00:00+09:00,14748.71642659496,14945.80394693992,14370.964704372847,14551.62890625,639024,0.0,0.0
2023-12-18 00:00:00+09:00,14797.987851353191,15422.097992461482,14568.051776464838,15339.978515625,1060632,0.0,0.0
2023-12-19 00:00:00+09:00,15192.164100138234,15405.6749495304,14863.684241726285,14945.8046875,478695,0.0,0.0
2023-12-20 00:00:00+09:00,14962.226576589517,15192.162647967309,14584.47583409938,14715.8671875,530538,0.0,0.0
2023-12-21 00:00:00+09:00,14387.389167001184,15077.195496925897,14321.6930052755,14650.1728515625,518565,0.0,0.0
2023-12-22 00:00:00+09:00,14978.652255797091,15257.859268732122,14469.509150005959,14666.5966796875,801711,0.0,0.0
2023-12-26 00:00:00+09:00,14699.445242862059,14814.412326948655,14141.030254650543,14666.5966796875,714837,0.0,0.0
2023-12-27 00:00:00+09:00,14765.361618691357,15440.255195035143,14765.361618691357,15341.490234375,926682,33.333332,0.0
2023-12-28 00:00:00+09:00,15571.942362006665,15588.402545686919,15143.960225291923,15423.794921875,540276,0.0,0.0
2024-01-02 00:00:00+09:00,15473.175542989684,16625.43359375,15456.71439678549,16625.43359375,2341314,0.0,0.0
2024-01-03 00:00:00+09:00,16691.277907747928,18271.51723629211,16658.355612068895,17547.240234375,3602853,0.0,0.0
2024-01-04 00:00:00+09:00,17218.024896566872,17711.84968395404,16888.80772864107,16954.650390625,1069425,0.0,0.0
2024-01-05 00:00:00+09:00,17152.180305579866,17185.10260107337,16444.36541999262,16954.650390625,579105,0.0,0.0
2024-01-08 00:00:00+09:00,17152.18101438234,17744.770783735315,16954.65109126468,17349.7109375,845067,0.0,0.0
2024-01-09 00:00:00+09:00,17777.693326271186,17777.693326271186,17415.555771885243,17481.3984375,679632,0.0,0.0
2024-01-10 00:00:00+09:00,17481.39599212043,17481.39599212043,16691.27639925623,17218.0234375,714369,0.0,0.0
2024-01-11 00:00:00+09:00,17514.318568624378,18436.123489234174,17448.473982150146,18403.203125,1471152,0.0,0.0
2024-01-12 00:00:00+09:00,18633.6548226375,19160.401909896864,17613.08487288904,17843.53515625,1607547,0.0,0.0
2024-01-15 00:00:00+09:00,18139.83018974044,18370.28240411932,17744.770353092714,17382.6328125,274683,0.0,0.0
2024-01-16 00:00:00+09:00,19120.8960502251,20987.553774136537,17382.63277293191,17550.533203125,2361355,0.0,3.0
2024-01-17 00:00:00+09:00,17777.692988668554,18113.493856232293,16849.302354815864,17432.015625,394911,0.0,0.0
2024-01-18 00:00:00+09:00,17313.497377791493,17540.65678434552,16592.513174380896,16750.537109375,333750,0.0,0.0
2024-01-19 00:00:00+09:00,16948.065982680724,19081.388973507666,16948.065982680724,18034.48046875,985750,0.0,0.0
2024-01-22 00:00:00+09:00,18419.663980930975,23407.294174158935,18212.257576856147,21283.84765625,4830445,0.0,0.0
2024-01-23 00:00:00+09:00,21431.996859512663,22419.646484375,20444.34723465033,22419.646484375,1224833,0.0,0.0
2024-01-24 00:00:00+09:00,22024.58605927758,22024.58605927758,20493.729180717928,20592.494140625,737821,0.0,0.0
2024-01-25 00:00:00+09:00,20790.022249669062,21777.671762717473,19515.954377836613,19585.08984375,927251,0.0,0.0
2024-01-26 00:00:00+09:00,19229.537775073626,19693.733088596204,18696.20698932428,18864.107421875,446219,0.0,0.0
2024-01-29 00:00:00+09:00,18864.106014784946,19120.89489247312,17836.95050403226,18370.28125,493191,0.0,0.0
2024-01-30 00:00:00+09:00,18518.428217665747,18883.858534494353,17827.073564206225,18360.404296875,372464,0.0,0.0
2024-01-31 00:00:00+09:00,17827.075737847223,18172.753106725148,16859.179104989034,16888.80859375,539097,0.0,0.0
2024-02-01 00:00:00+09:00,16898.68435198735,17027.078797677492,16148.070669491126,16345.6005859375,431333,0.0,0.0
2024-02-02 00:00:00+09:00,16483.87123302935,19585.090865846134,16365.353285278388,18004.8515625,905750,0.0,0.0
2024-02-05 00:00:00+09:00,17975.222212453107,18518.42947711515,17323.373494858653,18429.541015625,422729,0.0,0.0
2024-02-06 00:00:00+09:00,17204.855777802073,19348.055378136774,17175.22629023984,18350.529296875,1243831,0.0,0.0
2024-02-07 00:00:00+09:00,18350.528575310007,18350.528575310007,17283.867065012117,17323.373046875,377268,0.0,0.0
2024-02-08 00:00:00+09:00,17234.486328125,17728.311151280443,16622.143547412248,17234.486328125,2030133,0.0,0.0
2024-02-13 00:00:00+09:00,17481.397570651417,18715.95954597991,17461.644579046162,17757.939453125,2155169,0.0,0.0
2024-02-14 00:00:00+09:00,17313.496832526027,17550.532727552054,16928.313503108733,17076.4609375,1344168,0.0,0.0
2024-02-15 00:00:00+09:00,17214.73271069405,18152.99984065156,17125.844245750708,17432.015625,1982766,0.0,0.0
2024-02-16 00:00:00+09:00,17609.791408828383,18617.193945957097,17422.137995049503,17955.46875,3058610,0.0,0.0
2024-02-19 00:00:00+09:00,18064.11157910317,19180.155651513593,17748.063700190487,17985.099609375,1909006,0.0,0.0
2024-02-20 00:00:00+09:00,17994.976405902,18271.5183045657,17590.040054287303,17738.1875,778603,0.0,0.0
2024-02-21 00:00:00+09:00,17728.30956336378,18725.83561678982,17422.138200431036,18044.357421875,2315442,0.0,0.0
2024-02-22 00:00:00+09:00,18666.577076981706,20345.581364329268,18182.628782393294,20246.81640625,7398557,0.0,0.0
2024-02-23 00:00:00+09:00,21135.70133101852,22123.350925925926,19851.75685763889,19999.904296875,5276873,0.0,0.0
2024-02-26 00:00:00+09:00,20345.581698600974,21234.466335918492,19733.238948448907,20296.19921875,1976568,0.0,0.0
2024-02-27 00:00:00+09:00,20444.345654627537,22271.49731941309,19950.520880361175,21876.4375,3429594,0.0,0.0
2024-02-28 00:00:00+09:00,21382.61328125,22518.41029157044,21086.318408992494,21382.61328125,2995031,0.0,0.0
2024-02-29 00:00:00+09:00,21185.082168727247,21333.22959648058,19950.520270782767,20345.580078125,1446626,0.0,0.0
2024-03-04 00:00:00+09:00,21036.93549107143,21925.820089285713,20543.110714285714,20740.640625,1951995,0.0,0.0
2024-03-05 00:00:00+09:00,21036.937102754237,21382.61447298729,20148.052436440677,20394.96484375,1100202,0.0,0.0
2024-03-06 00:00:00+09:00,20148.05078125,20296.198213465075,19585.09053883272,20148.05078125,1745549,0.0,0.0
2024-03-07 00:00:00+09:00,20543.111574074075,21678.908608217593,19901.13933738426,19999.904296875,1854989,0.0,0.0
2024-03-08 00:00:00+09:00,20641.876238567074,21036.936070884145,20049.286490091465,20246.81640625,1423157,0.0,0.0
2024-03-11 00:00:00+09:00,19752.990969762144,20049.28583430858,19397.437132306426,19515.955078125,1211510,0.0,0.0
2024-03-12 00:00:00+09:00,19654.22638365964,20592.493472326805,19170.278095820784,20493.728515625,1376573,0.0,0.0
2024-03-13 00:00:00+09:00,20938.172069825436,21086.319513715713,19743.11602244389,19802.375,1163101,0.0,0.0
2024-03-14 00:00:00+09:00,19713.484237797,19901.13764487022,19061.6355605953,19120.89453125,972432,0.0,0.0
2024-03-15 00:00:00+09:00,19012.25457243217,19417.190903585273,18745.589183624033,19111.01953125,733078,0.0,0.0
2024-03-18 00:00:00+09:00,19130.770545834403,19278.91796875,18745.587246253843,19278.91796875,629980,0.0,0.0
2024-03-19 00:00:00+09:00,19081.388409514926,19160.40036980277,18301.14530167244,18528.3046875,820717,0.0,0.0
2024-03-20 00:00:00+09:00,18765.341101044225,20148.050445331697,18439.416755605038,20098.66796875,1751168,0.0,0.0
2024-03-21 00:00:00+09:00,20444.346614583334,20888.788932291667,19802.37437789352,19999.904296875,1396798,0.0,0.0
2024-03-22 00:00:00+09:00,19901.138561980497,20296.19838455083,19278.919341432225,19308.548828125,793698,0.0,0.0
2024-03-25 00:00:00+09:00,19318.426282686214,19476.4502195589,18636.94805492274,18696.20703125,857211,0.0,0.0
2024-03-26 00:00:00+09:00,18745.58959371721,19081.39046104407,18567.812663955927,18824.6015625,644912,0.0,0.0
2024-03-27 00:00:00+09:00,18765.340853459533,19081.388699412535,18617.193425669062,18913.48828125,563996,0.0,0.0
2024-03-28 00:00:00+09:00,19091.266669560187,20543.111574074075,18952.995726273148,19999.904296875,2190035,0.0,0.0
2024-03-29 00:00:00+09:00,20049.287335314908,20098.669816436373,19101.143697782776,19209.78515625,1038052,0.0,0.0
2024-04-01 00:00:00+09:00,19565.337597913916,19594.967084432716,18676.453002349932,18715.958984375,1079864,0.0,0.0
2024-04-02 00:00:00+09:00,18873.98203944493,18962.870494889725,18172.750890935986,18360.404296875,934728,0.0,0.0
2024-04-03 00:00:00+09:00,18034.48046653306,18054.233457186438,17283.866821704738,17402.384765625,1190618,0.0,0.0
2024-04-04 00:00:00+09:00,17540.65707781457,18241.888301083058,17540.65707781457,17896.2109375,814513,0.0,0.0
2024-04-05 00:00:00+09:00,17580.16323824541,17718.434185063074,17086.33842818234,17224.609375,787330,0.0,0.0
2024-04-08 00:00:00+09:00,17382.63211978861,17382.63211978861,16701.153928728712,16819.671875,690309,0.0,0.0
2024-04-09 00:00:00+09:00,16839.42505982545,16967.819503096845,16444.365234375,16444.365234375,619711,0.0,0.0
2024-04-11 00:00:00+09:00,16197.452216142772,16957.942350681184,16118.440254112807,16809.794921875,549733,0.0,0.0
2024-04-12 00:00:00+09:00,17066.58413884007,17264.114047854422,16790.042266219974,16859.177734375,492790,0.0,0.0
2024-04-15 00:00:00+09:00,16661.649225441153,16780.167180808847,16306.095359338084,16720.908203125,374348,0.0,0.0
2024-04-16 00:00:00+09:00,16829.548668478263,17441.891401721015,16385.106362092392,17036.955078125,822699,0.0,0.0
2024-04-17 00:00:00+09:00,17234.483699567725,17511.02555835735,16948.065345821327,17135.71875,605157,0.0,0.0
2024-04-18 00:00:00+09:00,16957.94376729941,18152.999792834198,16819.67282219621,18064.111328125,991411,0.0,0.0
2024-04-19 00:00:00+09:00,17866.58223318136,18172.753625789774,16641.896662747702,17194.98046875,899305,0.0,0.0
2024-04-22 00:00:00+09:00,16888.80845778791,16928.314442484487,16217.20671794605,16315.9716796875,693606,0.0,0.0
2024-04-23 00:00:00+09:00,16513.500890031646,16622.14234325554,15604.86328125,15604.86328125,778319,0.0,0.0
2024-04-24 00:00:00+09:00,15950.540729801829,16632.01894054878,15950.540729801829,16197.453125,697362,0.0,0.0
2024-04-25 00:00:00+09:00,15970.294321334697,16365.354168492016,15851.7763671875,15851.7763671875,422598,0.0,0.0
2024-04-26 00:00:00+09:00,16118.441243194193,16592.51304446461,15999.923292876587,16325.84765625,421992,0.0,0.0
2024-04-29 00:00:00+09:00,16671.52542927823,17135.720746325667,16464.11901102299,16967.8203125,803998,0.0,0.0
2024-04-30 00:00:00+09:00,16799.918917510007,17066.584297153026,16632.018493290332,16651.771484375,346953,0.0,0.0
2024-05-02 00:00:00+09:00,16641.895180811185,17580.162268156622,16434.488772029563,17372.755859375,887337,0.0,0.0
2024-05-03 00:00:00+09:00,17777.693764359563,17787.570260895318,17115.968496463956,17194.98046875,681988,0.0,0.0
2024-05-07 00:00:00+09:00,17481.39896957329,17659.175908246918,17264.116044527746,17619.669921875,502073,0.0,0.0
2024-05-08 00:00:00+09:00,17590.038300359072,17599.91479575512,17244.36096149744,17362.87890625,343713,0.0,0.0
2024-05-09 00:00:00+09:00,17432.01474463953,17501.15021388173,17224.608336912945,17244.361328125,258436,0.0,0.0
2024-05-10 00:00:00+09:00,17501.149685677843,17511.026180985788,16720.90655635022,16938.189453125,433968,0.0,0.0
2024-05-13 00:00:00+09:00,17214.733037605933,17688.80485963983,17046.832600635593,17481.3984375,562166,0.0,0.0
2024-05-14 00:00:00+09:00,17520.90363033234,17520.90363033234,17145.596788194445,17422.138671875,291016,0.0,0.0
2024-05-16 00:00:00+09:00,17698.681015452537,18123.37034785458,17520.90408560982,17896.2109375,1203522,0.0,0.0
2024-05-17 00:00:00+09:00,18933.243834827415,18933.243834827415,18330.777546916892,18419.666015625,2010289,0.0,0.0
2024-05-20 00:00:00+09:00,18715.957609341967,18903.61101017442,18478.921734606236,18686.328125,926818,0.0,0.0
2024-05-21 00:00:00+09:00,18972.74858890504,19703.609284156977,18765.3421753876,19111.01953125,1692751,0.0,0.0
2024-05-22 00:00:00+09:00,19209.783976578914,19239.413463432247,18676.45321321888,18804.84765625,616886,0.0,0.0
2024-05-23 00:00:00+09:00,19199.908074697527,19308.54952985271,18775.21875,18775.21875,603058,0.0,0.0
2024-05-24 00:00:00+09:00,18360.40604201858,18498.67698585304,17935.716714527025,18271.517578125,693732,0.0,0.0
2024-05-27 00:00:00+09:00,18350.529370515615,18449.29432945273,17056.708408439434,17550.533203125,1333990,0.0,0.0
2024-05-28 00:00:00+09:00,17382.632371262458,18004.851598188332,17372.75587559697,17836.951171875,559911,0.0,0.0
2024-05-29 00:00:00+09:00,17906.08845242275,18113.494882373594,17441.89310919944,17580.1640625,601747,0.0,0.0
2024-05-30 00:00:00+09:00,17432.014957264957,17599.915384615386,17115.967094017094,17333.25,318019,0.0,0.0
2024-05-31 00:00:00+09:00,17333.249574967616,17372.755556904864,17086.337187859815,17155.47265625,349966,0.0,0.0
2024-06-03 00:00:00+09:00,17264.115673719374,17817.19947104677,17264.115673719374,17738.1875,410287,0.0,0.0
2024-06-04 00:00:00+09:00,17748.062385308724,17817.197853698905,17145.596160765686,17155.47265625,383757,0.0,0.0
2024-06-05 00:00:00+09:00,17501.150488707695,18212.25818350846,17362.87954805199,18093.740234375,955420,0.0,0.0
2024-06-07 00:00:00+09:00,18330.775971397736,18715.959302693267,18073.987083867378,18301.146484375,780907,0.0,0.0
2024-06-10 00:00:00+09:00,18330.776976935747,18399.9124504479,17945.593624510915,17985.099609375,359652,0.0,0.0
2024-06-11 00:00:00+09:00,18083.86331462755,18093.739810157113,17787.568448740698,17915.962890625,341454,0.0,0.0
2024-06-12 00:00:00+09:00,17994.974888703393,18073.98685308848,17659.174040066777,17748.0625,338186,0.0,0.0
2024-06-13 00:00:00+09:00,18172.75161784741,18597.440921960148,17955.4687180688,18123.369140625,800342,0.0,0.0
2024-06-14 00:00:00+09:00,18222.13372825866,18380.157652189362,17777.691442203573,18241.88671875,517439,0.0,0.0
2024-06-17 00:00:00+09:00,18301.14681007558,18854.230577676353,17886.333984375,17886.333984375,824103,0.0,0.0
2024-06-18 00:00:00+09:00,18054.235151681285,18597.44244563231,18054.235151681285,18577.689453125,836187,0.0,0.0
2024-06-19 00:00:00+09:00,18666.57549659242,19081.388285405585,18311.021677609708,18567.810546875,1104082,0.0,0.0
2024-06-20 00:00:00+09:00,18636.94766897605,18696.206644076134,17876.457488524986,17886.333984375,758661,0.0,0.0
2024-06-21 00:00:00+09:00,17876.45663512324,17886.33313050176,17481.396819982394,17530.779296875,449480,0.0,0.0
2024-06-24 00:00:00+09:00,17362.87956220947,17481.39751143957,16790.042807597325,16997.44921875,493948,0.0,0.0
2024-06-25 00:00:00+09:00,16691.27957067757,17036.95695823598,16641.897086740653,16908.5625,385056,0.0,0.0
2024-06-26 00:00:00+09:00,17076.46030046716,17718.432492214044,16908.559881087203,17441.890625,454234,0.0,0.0
2024-06-27 00:00:00+09:00,17313.495659221902,17540.655043227667,17135.71875,17135.71875,219358,0.0,0.0
2024-06-28 00:00:00+09:00,17244.36199325527,17471.52140095565,17115.967545424617,17343.126953125,186890,0.0,0.0
2024-07-01 00:00:00+09:00,17353.003825616397,17382.633314220184,17175.22689399369,17224.609375,199231,0.0,0.0
2024-07-02 00:00:00+09:00,17076.461987304687,17204.856438337054,16592.513671875,16592.513671875,438950,0.0,0.0
2024-07-03 00:00:00+09:00,16592.514051258993,16730.785001686152,16473.99609375,16473.99609375,222565,0.0,0.0
2024-07-04 00:00:00+09:00,16572.760066363768,17303.620760589583,16572.760066363768,17254.23828125,437119,0.0,0.0
2024-07-05 00:00:00+09:00,17372.75635690082,17520.90379598752,17076.46147872741,17214.732421875,372696,0.0,0.0
2024-07-08 00:00:00+09:00,17214.731198189354,17392.50811245637,16839.42437918121,16977.6953125,307140,0.0,0.0
2024-07-09 00:00:00+09:00,17135.71911387297,17204.854580038453,16908.55972504353,17017.201171875,176850,0.0,0.0
2024-07-10 00:00:00+09:00,16987.572207840236,16987.572207840236,16671.52435281065,16691.27734375,261233,0.0,0.0
2024-07-11 00:00:00+09:00,16819.674028913552,17214.73390040888,16770.291544976637,16908.5625,375348,0.0,0.0
2024-07-12 00:00:00+09:00,16750.53698529412,17036.955365349266,16671.525018382352,16790.04296875,286645,0.0,0.0
2024-07-15 00:00:00+09:00,16859.179405832714,16859.179405832714,16612.266995085312,16641.896484375,207389,0.0,0.0
2024-07-16 00:00:00+09:00,16612.265835212154,16760.4132713169,16572.75985225089,16701.154296875,159944,0.0,0.0
2024-07-17 00:00:00+09:00,16711.031185963115,16730.7841779087,16266.5888671875,16266.5888671875,278960,0.0,0.0
2024-07-18 00:00:00+09:00,15506.0986328125,15703.628551701831,15278.93922608977,15506.0986328125,603634,0.0,0.0
2024-07-19 00:00:00+09:00,15318.445752810874,15525.852174995935,15111.039330625814,15180.1748046875,223590,0.0,0.0
2024-07-22 00:00:00+09:00,15130.791977775825,15180.174458121048,14004.87142590478,14054.25390625,609048,0.0,0.0
2024-07-23 00:00:00+09:00,14360.424565668707,14676.472424060315,13975.241238253933,14123.388671875,481480,0.0,0.0
2024-07-24 00:00:00+09:00,13827.093446601943,14390.053679785022,13807.340455963938,14241.90625,201085,0.0,0.0
2024-07-25 00:00:00+09:00,13757.958626610296,13827.094097095774,13353.022299481063,13560.4287109375,420070,0.0,0.0
2024-07-26 00:00:00+09:00,13678.947078175548,13767.835542943476,13422.15817995709,13738.2060546875,182860,0.0,0.0
2024-07-29 00:00:00+09:00,13777.7119140625,13925.859353998656,13580.181994147624,13777.7119140625,179685,0.0,0.0
2024-07-30 00:00:00+09:00,13659.193897569445,13728.329369212963,13125.863116319444,13333.26953125,453128,0.0,0.0
2024-07-31 00:00:00+09:00,13333.26901959003,14469.066010147699,13027.097656917962,14439.4365234375,474989,0.0,0.0
2024-08-01 00:00:00+09:00,14814.74376066553,14982.644189953073,14281.412985281571,14469.06640625,387957,0.0,0.0
2024-08-02 00:00:00+09:00,13827.094111204324,13975.241548110085,13135.739405644108,13244.380859375,496010,0.0,0.0
2024-08-05 00:00:00+09:00,12720.92712811086,13066.604495722568,10370.321028351244,10913.5283203125,1051380,0.0,0.0
2024-08-06 00:00:00+09:00,10962.910749371791,11802.412923873235,10943.157757030582,11545.6240234375,690171,0.0,0.0
2024-08-07 00:00:00+09:00,11565.376943861165,12888.827422492588,11456.735486660078,12493.767578125,786031,0.0,0.0
2024-08-08 00:00:00+09:00,12148.090017361112,13372.775515046296,11871.548130787038,13333.26953125,787513,0.0,0.0
2024-08-09 00:00:00+09:00,13866.600315408017,14044.377242528632,13599.934924727093,13797.46484375,648082,0.0,0.0
2024-08-12 00:00:00+09:00,13866.600104692003,14182.647970326008,13669.07018867075,13708.576171875,284906,0.0,0.0
2024-08-13 00:00:00+09:00,13817.217939281798,14557.955141173245,13718.452979029606,14074.0068359375,583433,0.0,0.0
2024-08-14 00:00:00+09:00,14478.942492883765,15357.950597840556,14419.683519515891,15071.5322265625,964847,0.0,0.0
2024-08-16 00:00:00+09:00,15515.97516965651,15644.36961727302,15209.803794570991,15338.1982421875,450784,0.0,0.0
2024-08-19 00:00:00+09:00,15486.34555049669,15545.604525817467,14874.002805515316,14913.5087890625,268935,0.0,0.0
2024-08-20 00:00:00+09:00,15209.804230628655,15535.728606999268,15130.792260599415,15199.927734375,288719,0.0,0.0
2024-08-21 00:00:00+09:00,15061.656815719352,15111.039297082367,14676.47346108784,14883.8798828125,251569,0.0,0.0
2024-08-22 00:00:00+09:00,14814.743041992188,15180.173370361328,14182.647338867188,14222.1533203125,433809,0.0,0.0
2024-08-23 00:00:00+09:00,13975.241734310832,14577.707985754621,13846.847287281827,14429.560546875,216007,0.0,0.0
2024-08-26 00:00:00+09:00,14725.855845112828,15051.78021995436,14439.437455100575,14607.337890625,288494,0.0,0.0
2024-08-27 00:00:00+09:00,14439.43741912526,14528.325884769669,14103.636548913044,14311.04296875,172036,0.0,0.0
2024-08-28 00:00:00+09:00,14320.918749737482,14755.484560074345,14133.265331637474,14696.2255859375,194854,0.0,0.0
2024-08-29 00:00:00+09:00,14133.265220997431,14419.68359375,13827.093857020547,14419.68359375,333402,0.0,0.0
2024-08-30 00:00:00+09:00,14429.560872180684,15111.03910639045,14153.01898003759,14943.138671875,286512,0.0,0.0
2024-09-02 00:00:00+09:00,15091.28577793435,15160.421249430123,14538.20200596817,14893.755859375,203003,0.0,0.0
2024-09-03 00:00:00+09:00,14893.755256360997,15022.149698226178,14281.412533619365,14459.189453125,232416,0.0,0.0
2024-09-04 00:00:00+09:00,13511.045837135036,14074.006080348996,13372.774900205291,13530.798828125,363707,0.0,0.0
2024-09-05 00:00:00+09:00,13669.07037468343,14024.624228360166,13382.651992554947,13649.3173828125,260398,0.0,0.0
2024-09-06 00:00:00+09:00,13580.181601205493,13639.440575465298,12819.691431537985,12967.8388671875,384475,0.0,0.0
2024-09-09 00:00:00+09:00,12454.261103372013,13511.046145450367,12454.261103372013,13432.0341796875,229716,0.0,0.0
2024-09-10 00:00:00+09:00,13481.416695510285,13669.07011471519,12967.838916633702,13264.1337890625,207922,0.0,0.0
2024-09-11 00:00:00+09:00,13274.010234196496,13323.392712746334,12938.209380057597,12967.8388671875,196026,0.0,0.0
2024-09-12 00:00:00+09:00,13293.76344645955,13688.823281421202,13293.76344645955,13520.9228515625,266986,0.0,0.0
2024-09-13 00:00:00+09:00,13422.157822531157,13422.157822531157,13036.974485460725,13076.48046875,177223,0.0,0.0
2024-09-19 00:00:00+09:00,13036.973939994132,13046.850435403217,12098.706876130916,12622.1611328125,390694,0.0,0.0
2024-09-20 00:00:00+09:00,13007.34439086914,13145.615325927734,12533.27261352539,12641.9140625,270950,0.0,0.0
2024-09-23 00:00:00+09:00,12691.296420111845,13027.097259243208,12612.284457963287,12997.4677734375,193217,0.0,0.0
2024-09-24 00:00:00+09:00,12967.838409423828,13333.268737792969,12701.173034667969,13274.009765625,280584,0.0,0.0
2024-09-25 00:00:00+09:00,13422.157382024245,13915.982156933156,13115.986021580718,13214.7509765625,423813,0.0,0.0
2024-09-26 00:00:00+09:00,13678.946684471812,13925.85907949838,13540.675743256934,13708.576171875,464634,0.0,0.0
2024-09-27 00:00:00+09:00,13748.081604803492,14153.017916439228,13511.045715065502,13570.3046875,353038,0.0,0.0
2024-09-30 00:00:00+09:00,13511.045841507848,13511.045841507848,13125.862517078896,13214.7509765625,185433,0.0,0.0
2024-10-02 00:00:00+09:00,12839.44421311829,13106.109592929208,12720.92626653566,12878.9501953125,160210,0.0,0.0
2024-10-04 00:00:00+09:00,12849.321539811726,12977.715990247969,12750.556577937692,12770.3095703125,151058,0.0,0.0
2024-10-07 00:00:00+09:00,12869.073455810547,13313.515747070312,12701.173034667969,13274.009765625,198037,0.0,0.0
2024-10-08 00:00:00+09:00,13096.233249168252,13303.63965809173,12859.197353255704,12987.591796875,127403,0.0,0.0
2024-10-10 00:00:00+09:00,13086.357448309405,13244.38138730786,12671.544608438466,12770.3095703125,351217,0.0,0.0
2024-10-11 00:00:00+09:00,12839.4443359375,13303.639631159856,12681.420405649038,12839.4443359375,303863,0.0,0.0
2024-10-14 00:00:00+09:00,12878.950318509616,13511.046039663463,12878.950318509616,12839.4443359375,252646,0.0,0.0
2024-10-15 00:00:00+09:00,13520.92249860597,13520.92249860597,12938.209257248956,13007.3447265625,291214,0.0,0.0
2024-10-16 00:00:00+09:00,12543.14923350834,12671.54367448126,12187.595396967945,12286.3603515625,414711,0.0,0.0
2024-10-17 00:00:00+09:00,12385.125244532504,12493.766694045948,12138.21285927468,12306.11328125,217669,0.0,0.0
2024-10-18 00:00:00+09:00,12375.248562371926,12375.248562371926,11832.04132300205,12049.32421875,348426,0.0,0.0
2024-10-21 00:00:00+09:00,12049.324400581863,12671.543611431582,11891.300474016854,12306.11328125,327440,0.0,0.0
2024-10-22 00:00:00+09:00,12493.766952185686,12592.531908329447,11911.0537109375,11911.0537109375,233289,0.0,0.0
2024-10-23 00:00:00+09:00,11911.05373733108,12207.348606418918,11654.264850788288,12059.201171875,228017,0.0,0.0
2024-10-24 00:00:00+09:00,11990.06564861461,11990.06564861461,11713.523772040302,11762.90625,143398,0.0,0.0
2024-10-25 00:00:00+09:00,11832.041190732758,11901.176656788793,11367.845918642242,11456.734375,231002,0.0,0.0
2024-10-28 00:00:00+09:00,11555.500563788659,12553.026680833664,11555.500563788659,12454.26171875,394363,0.0,0.0
2024-10-29 00:00:00+09:00,12325.867061200923,12928.33331980129,12069.07816409257,12829.568359375,257644,0.0,0.0
2024-10-30 00:00:00+09:00,12878.950291828794,13115.986186770428,12582.655423151751,12691.296875,183298,0.0,0.0
2024-10-31 00:00:00+09:00,12523.396174490537,13728.328613991993,12444.384211244542,13570.3046875,753493,0.0,0.0
2024-11-01 00:00:00+09:00,13382.652094414894,13629.564494680852,13264.134142287234,13461.6640625,217824,0.0,0.0
2024-11-04 00:00:00+09:00,13471.539916278325,13738.20529585275,13293.762996562044,13511.0458984375,247162,0.0,0.0
2024-11-05 00:00:00+09:00,13432.0341796875,13728.329051298253,13422.157683967142,13432.0341796875,137494,0.0,0.0
2024-11-06 00:00:00+09:00,13629.563406913885,13639.439902136286,12938.208741345788,13017.220703125,225364,0.0,0.0
2024-11-07 00:00:00+09:00,13036.973693569802,13234.50359801783,12819.690798676973,13017.220703125,209887,0.0,0.0
2024-11-08 00:00:00+09:00,13115.986240494298,13481.416580026142,12967.838805548954,12987.591796875,233080,0.0,0.0
2024-11-11 00:00:00+09:00,13115.985776618563,13115.985776618563,12375.248628089654,12661.6669921875,272605,0.0,0.0
2024-11-12 00:00:00+09:00,12572.779730902777,12651.791700932017,11713.524556834795,11822.166015625,435596,0.0,0.0
2024-11-13 00:00:00+09:00,11654.264278017241,11822.164695581896,11456.734375,11456.734375,281956,0.0,0.0
2024-11-14 00:00:00+09:00,11595.00579792464,11802.412204872184,10913.52760366842,11614.7587890625,487261,0.0,0.0
2024-11-15 00:00:00+09:00,11693.7708679402,12069.07770322882,11565.37642428883,11891.30078125,299443,0.0,0.0
2024-11-18 00:00:00+09:00,12039.448369415713,12078.954352580326,11180.193235585388,11219.69921875,372259,0.0,0.0
2024-11-19 00:00:00+09:00,11219.699488735783,11338.217441081584,11091.305040361165,11288.8349609375,156973,0.0,0.0
2024-11-20 00:00:00+09:00,11338.216892022809,11357.969883123893,11101.180998809788,11150.5634765625,148339,0.0,0.0
2024-11-21 00:00:00+09:00,11150.563599826388,11259.205052083333,10913.527703993055,11111.0576171875,191169,0.0,0.0
2024-11-22 00:00:00+09:00,11199.945960574294,11397.475871695533,10775.256651663629,10834.515625,311307,0.0,0.0
2024-11-25 00:00:00+09:00,10982.663409280936,11920.93051708821,10962.910417537625,11812.2890625,465869,0.0,0.0
2024-11-26 00:00:00+09:00,11782.660093325052,11871.548560081068,11466.61221152589,11802.4130859375,151843,0.0,0.0
2024-11-27 00:00:00+09:00,11674.018241675763,11713.524225573143,11190.06993893286,11308.587890625,245990,0.0,0.0
2024-11-28 00:00:00+09:00,11308.58712643438,11397.475584196747,11061.674743761141,11081.427734375,156497,0.0,0.0
2024-11-29 00:00:00+09:00,11041.921969190742,11081.427951191425,10498.71471668136,10854.2685546875,295297,0.0,0.0
2024-12-02 00:00:00+09:00,11012.292876184834,11051.798859597156,10419.703125,10419.703125,301019,0.0,0.0
2024-12-03 00:00:00+09:00,10251.802723883728,11071.551881959209,10251.802723883728,11032.0458984375,282089,0.0,0.0
2024-12-04 00:00:00+09:00,10755.503632776397,10992.539525509763,10627.109190879159,10686.3681640625,214290,0.0,0.0
2024-12-05 00:00:00+09:00,10814.762124930863,11476.487296045354,10735.750164200774,11160.439453125,316402,0.0,0.0
2024-12-06 00:00:00+09:00,10962.910217946186,11051.798679172776,10370.320476435581,10943.1572265625,311594,0.0,0.0
2024-12-09 00:00:00+09:00,10696.24447631836,10696.24447631836,10083.901763916016,10113.53125,325707,0.0,0.0
2024-12-10 00:00:00+09:00,10113.53125,10548.097045898438,10113.53125,10429.5791015625,161305,0.0,0.0
2024-12-11 00:00:00+09:00,10429.57875,11032.044946732954,10360.443284801137,10864.14453125,197264,0.0,0.0
2024-12-12 00:00:00+09:00,11120.934838371579,11397.47673488526,10903.65191968226,11190.0703125,181271,0.0,0.0
2024-12-13 00:00:00+09:00,11111.05791007111,11328.3408203125,11012.292950870478,11328.3408203125,157730,0.0,0.0
2024-12-16 00:00:00+09:00,11535.746520255632,11585.128996797823,11348.09310939531,11397.4755859375,122979,0.0,0.0
2024-12-17 00:00:00+09:00,11515.99441036605,11664.14185132273,11348.09397728181,11585.1298828125,198798,0.0,0.0
2024-12-18 00:00:00+09:00,11654.26433978303,11654.26433978303,11259.204531654792,11436.9814453125,124340,0.0,0.0
2024-12-19 00:00:00+09:00,10962.910243210152,11180.193148931434,10962.910243210152,11091.3046875,180742,0.0,0.0
2024-12-20 00:00:00+09:00,11101.181711482559,11130.811200036338,10538.221428960756,10617.2333984375,164962,0.0,0.0
2024-12-23 00:00:00+09:00,10696.244622430371,11209.822388234968,10696.244622430371,11170.31640625,181312,0.0,0.0
2024-12-24 00:00:00+09:00,11387.600084707816,11723.400954508394,11249.329138319343,11545.6240234375,261602,0.0,0.0
2024-12-26 00:00:00+09:00,11703.64738384046,11743.153366570723,11219.699095394737,11259.205078125,170168,0.0,0.0
2024-12-27 00:00:00+09:00,11179.494601756309,12235.667888553251,11179.494601756309,11647.7978515625,397119,100.0,0.0
2024-12-30 00:00:00+09:00,11528.230476970224,11886.930820246738,11318.988610058923,11837.111328125,214300,0.0,0.0
2025-01-02 00:00:00+09:00,12006.498185089182,13202.166054143707,11926.78699381888,12883.3212890625,894971,0.0,0.0
2025-01-03 00:00:00+09:00,12753.79072924748,12982.960406413644,12185.848485835677,12843.4658203125,795245,0.0,0.0
2025-01-06 00:00:00+09:00,13152.345953220274,13321.732226860233,13022.815273377953,13072.634765625,591116,0.0,0.0
2025-01-07 00:00:00+09:00,13251.985353817841,13540.938417923644,12883.321099613886,12943.1044921875,464075,0.0,0.0
2025-01-08 00:00:00+09:00,12703.97103632208,13570.830236447588,12654.151542061994,13521.0107421875,550995,0.0,0.0
2025-01-09 00:00:00+09:00,13431.335077708492,13461.226772985292,12933.140156428504,13082.5986328125,494318,0.0,0.0
2025-01-10 00:00:00+09:00,13202.165520225948,14158.699776785714,13122.4543321793,13670.46875,1258164,0.0,0.0
2025-01-13 00:00:00+09:00,13451.263358845938,13540.93844790491,13192.201990453348,13242.021484375,257012,0.0,0.0
2025-01-14 00:00:00+09:00,13331.696415693681,13700.360666351879,13281.876922361493,13600.7216796875,267366,0.0,0.0
2025-01-15 00:00:00+09:00,14118.844568609353,14915.956470859704,14009.24168204993,14168.6640625,1702578,0.0,0.0
2025-01-16 00:00:00+09:00,14417.76156069753,14636.9673342534,14238.411382333636,14467.5810546875,407483,0.0,0.0
2025-01-17 00:00:00+09:00,14467.580929276317,14646.931106085527,14118.844474369518,14198.5556640625,296497,0.0,0.0
2025-01-20 00:00:00+09:00,14567.219426454933,14577.183324831441,13959.421625487936,14039.1328125,408206,0.0,0.0
2025-01-21 00:00:00+09:00,14178.628056317168,14268.303145921423,13799.999900210316,14138.7724609375,322967,0.0,0.0
2025-01-22 00:00:00+09:00,14278.266383192275,14437.688757324218,13989.313330078125,14348.013671875,349878,0.0,0.0
2025-01-23 00:00:00+09:00,14467.581187698483,14467.581187698483,14108.880827672901,14118.8447265625,194294,0.0,0.0
2025-01-24 00:00:00+09:00,14069.025074718706,14328.08644295007,14039.133378384318,14168.6640625,192194,0.0,0.0
2025-01-31 00:00:00+09:00,13560.865887157419,13700.360466452204,12972.995874415106,13042.7431640625,591963,0.0,0.0
2025-02-03 00:00:00+09:00,12703.970434390356,12703.970434390356,12026.425344556204,12165.919921875,554604,0.0,0.0
2025-02-04 00:00:00+09:00,12424.98188337495,12883.321231117732,12275.523400415348,12594.3681640625,337544,0.0,0.0
2025-02-05 00:00:00+09:00,12743.826394373857,13610.685578353938,12743.826394373857,13600.7216796875,491665,0.0,0.0
2025-02-06 00:00:00+09:00,13849.819114316435,13939.494202106973,13391.47977672035,13610.685546875,345325,0.0,0.0
2025-02-07 00:00:00+09:00,13720.288464390445,14328.08628307441,13720.288464390445,13909.6025390625,577556,0.0,0.0
2025-02-10 00:00:00+09:00,13919.566655204666,14298.194810464349,13750.18037522007,14148.736328125,442919,0.0,0.0
2025-02-11 00:00:00+09:00,14367.942166563822,14447.653357501764,14019.205706210332,14128.80859375,361198,0.0,0.0
2025-02-12 00:00:00+09:00,14208.519692839478,14447.653264107463,13770.108145514838,13849.8193359375,423369,0.0,0.0
2025-02-13 00:00:00+09:00,13889.674972405623,15812.707447064364,13859.783275908336,15374.2958984375,3918553,0.0,0.0
2025-02-14 00:00:00+09:00,15643.320942540322,15653.284841229837,15035.523122479837,15135.162109375,1074751,0.0,0.0
2025-02-17 00:00:00+09:00,15115.233866563332,15234.800647313998,14935.883695437333,14965.775390625,462233,0.0,0.0
2025-02-18 00:00:00+09:00,15095.306069771555,15314.511834481109,14766.497422707223,14965.775390625,590885,0.0,0.0
2025-02-19 00:00:00+09:00,15234.80121844285,16739.34993262524,15145.126129518072,15713.068359375,3848350,0.0,0.0
2025-02-20 00:00:00+09:00,15792.778891705451,15952.201265375665,14955.811429936835,14985.703125,745465,0.0,0.0
2025-02-21 00:00:00+09:00,15005.631698026002,15862.527000834923,14856.173214977933,15663.2490234375,756994,0.0,0.0
2025-02-24 00:00:00+09:00,15503.826360887097,15593.50144909274,15115.234311995968,15444.04296875,457277,0.0,0.0
2025-02-25 00:00:00+09:00,15434.079360901284,15473.934956410389,14945.848315914734,15045.4873046875,461217,0.0,0.0
2025-02-26 00:00:00+09:00,14925.920644245933,15204.909815166417,14776.462159824245,15005.6318359375,237658,0.0,0.0
2025-02-27 00:00:00+09:00,15125.197949552048,15314.512021384386,14587.147429607508,14597.111328125,322498,0.0,0.0
2025-02-28 00:00:00+09:00,14078.988605215443,14826.280994027304,13949.457924488055,14597.111328125,379825,0.0,0.0
2025-03-04 00:00:00+09:00,14387.869234147292,14537.32770957126,13959.421604598585,14357.9775390625,230715,0.0,0.0
2025-03-05 00:00:00+09:00,14377.905475395055,15055.450570562667,14377.905475395055,14935.8837890625,256863,0.0,0.0
2025-03-06 00:00:00+09:00,15135.162109375,15135.162109375,14467.580897177419,14517.400390625,287012,0.0,0.0
2025-03-07 00:00:00+09:00,14397.833920935556,14965.776158647202,14218.483740605563,14417.76171875,210067,0.0,0.0
2025-03-10 00:00:00+09:00,14268.302923387097,14676.822769657258,14178.62783518145,14208.51953125,189464,0.0,0.0
2025-03-11 00:00:00+09:00,13780.07159061861,14696.750250298228,13600.721418072597,14617.0390625,308505,0.0,0.0
2025-03-12 00:00:00+09:00,14666.85838762215,15364.331272903093,14507.436013843648,15294.583984375,454438,0.0,0.0
2025-03-13 00:00:00+09:00,15483.898084817063,15533.717576724453,15175.01723499124,15284.6201171875,352557,0.0,0.0
2025-03-14 00:00:00+09:00,15384.25988022784,16051.841105600422,15354.368183569368,15962.166015625,665097,0.0,0.0
2025-03-17 00:00:00+09:00,16111.624505191756,16241.155190762252,15593.501762909771,15653.28515625,586772,0.0,0.0
2025-03-18 00:00:00+09:00,15742.960252637988,15802.743646002435,15224.837510146104,15344.404296875,351288,0.0,0.0
2025-03-19 00:00:00+09:00,15254.729238370086,15513.79061015168,15135.162451393964,15334.4404296875,327503,0.0,0.0
2025-03-20 00:00:00+09:00,15513.790386481242,15742.960058214747,15284.620714747736,15404.1875,354439,0.0,0.0
2025-03-21 00:00:00+09:00,15663.248996838522,15792.77968192688,15274.656941573443,15364.33203125,535558,0.0,0.0
2025-03-24 00:00:00+09:00,15324.476312396864,15513.79038907797,15095.306640625,15095.306640625,225199,0.0,0.0
2025-03-25 00:00:00+09:00,15244.765194262576,15304.548587181254,14437.689389860441,14457.6171875,293394,0.0,0.0
2025-03-26 00:00:00+09:00,14457.61724556588,14886.064896537162,14248.375369510135,14746.5703125,186673,0.0,0.0
2025-03-27 00:00:00+09:00,14397.833101269938,14636.966661429438,14278.266321190187,14367.94140625,175743,0.0,0.0
2025-03-28 00:00:00+09:00,14367.94145892477,14367.94145892477,13770.10755633428,14039.1328125,201509,0.0,0.0
2025-03-31 00:00:00+09:00,13730.252844328703,13770.108440393518,13261.949590567128,13451.263671875,214029,0.0,0.0
2025-04-01 00:00:00+09:00,13630.613344161786,13809.963519742863,13261.949094356241,13610.685546875,176843,0.0,0.0
2025-04-02 00:00:00+09:00,13829.8909587435,13869.746552284547,13401.443328177238,13411.4072265625,87626,0.0,0.0
2025-04-03 00:00:00+09:00,13102.526273828718,13251.98474843513,12853.428816151367,13132.41796875,151088,0.0,0.0
2025-04-04 00:00:00+09:00,12953.068008422852,13281.876657867431,12395.089694213866,12753.7900390625,201913,0.0,0.0
2025-04-07 00:00:00+09:00,12225.703463706488,12275.522956223629,11807.2197265625,11807.2197265625,250666,0.0,0.0
2025-04-08 00:00:00+09:00,12255.595842050208,12325.34313546025,11896.895475941423,11906.859375,136887,0.0,0.0
2025-04-09 00:00:00+09:00,11637.833390374895,12076.244922204087,11558.122202769588,11827.1474609375,119929,0.0,0.0
2025-04-10 00:00:00+09:00,12853.429277528008,12933.14046684601,12395.08993894949,12674.0791015625,160916,0.0,0.0
2025-04-11 00:00:00+09:00,12385.126313152048,12903.249055134273,12355.234616499227,12893.28515625,109914,0.0,0.0
2025-04-14 00:00:00+09:00,13152.345827792553,13202.165319564494,12972.995657413563,13112.490234375,87167,0.0,0.0
2025-04-15 00:00:00+09:00,13062.671431308963,13301.80500442217,13022.815835790094,13202.166015625,79272,0.0,0.0
2025-04-16 00:00:00+09:00,13052.706929175605,13052.706929175605,12723.89828134141,12773.7177734375,103770,0.0,0.0
2025-04-17 00:00:00+09:00,12644.187071917808,13092.5625,12634.223173515982,13092.5625,80367,0.0,0.0
2025-04-18 00:00:00+09:00,13002.887821417418,13102.526808554718,12813.573745856553,12963.0322265625,82584,0.0,0.0
2025-04-21 00:00:00+09:00,13062.671277334728,13331.696543915994,12873.357200851617,12943.1044921875,109169,0.0,0.0
2025-04-22 00:00:00+09:00,12763.753812700788,12903.248389888775,12694.006524106795,12793.6455078125,90579,0.0,0.0
2025-04-23 00:00:00+09:00,13112.490768914475,13281.87704784422,12913.212793703007,13251.9853515625,90665,0.0,0.0
2025-04-24 00:00:00+09:00,13451.262971135497,13451.262971135497,13042.743132752863,13052.70703125,85460,0.0,0.0
2025-04-25 00:00:00+09:00,13251.985038187966,13381.515719012361,13172.27384998834,13351.6240234375,95364,0.0,0.0
2025-04-28 00:00:00+09:00,13331.696093452494,13331.696093452494,13052.7069375357,13082.5986328125,97567,0.0,0.0
2025-04-29 00:00:00+09:00,13122.45488768424,13291.841169453894,13102.527089828987,13182.23828125,66545,0.0,0.0
2025-04-30 00:00:00+09:00,13192.202252906976,13192.202252906976,12783.682394622092,12853.4296875,117503,0.0,0.0
2025-05-02 00:00:00+09:00,12923.176443997465,13152.346111084546,12763.75406689341,13022.8154296875,82809,0.0,0.0
2025-05-07 00:00:00+09:00,13232.057276459855,13899.638479413778,12972.995914119525,13650.541015625,216435,0.0,0.0
2025-05-08 00:00:00+09:00,13839.854929687499,13939.4939140625,13481.1545859375,13700.3603515625,148049,0.0,0.0
2025-05-09 00:00:00+09:00,13750.179771661404,13849.818755514023,13301.804344324619,13411.4072265625,133775,0.0,0.0
2025-05-12 00:00:00+09:00,13530.974722479696,14108.880859375,13491.119126831743,14108.880859375,219954,0.0,0.0
2025-05-13 00:00:00+09:00,14447.652936662946,14537.328023856026,13849.819022042411,13949.4580078125,241360,0.0,0.0
2025-05-14 00:00:00+09:00,14158.699881393037,14258.3388671875,14029.169199860236,14258.3388671875,143222,0.0,0.0
2025-05-15 00:00:00+09:00,14158.700328480114,14357.978306361607,13770.108271611201,13809.9638671875,189344,0.0,0.0
2025-05-16 00:00:00+09:00,13560.86586643586,13909.602314139942,13182.237723214286,13670.46875,319373,0.0,0.0
2025-05-19 00:00:00+09:00,13371.551687154893,13431.335077708492,13022.815242258903,13082.5986328125,195932,0.0,0.0
2025-05-20 00:00:00+09:00,13192.201958999061,13550.9023143797,13152.346363956767,13251.9853515625,157500,0.0,0.0
2025-05-21 00:00:00+09:00,13351.624406683693,13351.624406683693,12863.39336494675,12923.1767578125,236152,0.0,0.0
2025-05-22 00:00:00+09:00,12853.428960791245,12943.104046564207,12733.862179760628,12773.7177734375,151085,0.0,0.0
2025-05-23 00:00:00+09:00,12843.465062372026,12963.031843402643,12743.826078179847,12773.7177734375,157143,0.0,0.0
2025-05-26 00:00:00+09:00,12783.68241669626,13411.408053681345,12783.68241669626,13152.3466796875,133769,0.0,0.0
2025-05-27 00:00:00+09:00,13162.31026495742,13162.31026495742,12823.537707040272,12943.1044921875,88506,0.0,0.0
2025-05-28 00:00:00+09:00,13172.274098805838,13461.227161487659,13162.310200092672,13271.9130859375,139627,0.0,0.0
2025-05-29 00:00:00+09:00,13550.902282118706,13560.866180855559,13152.346332644627,13261.94921875,200194,0.0,0.0
2025-05-30 00:00:00+09:00,13142.382693075175,13172.274389875194,12803.610129341621,12873.357421875,261949,0.0,0.0
2025-06-02 00:00:00+09:00,12873.357517334174,12953.06870939197,12723.899032225805,12843.4658203125,141675,0.0,0.0
2025-06-04 00:00:00+09:00,12963.031820776256,13142.381992009132,12963.031820776256,13092.5625,167374,0.0,0.0
2025-06-05 00:00:00+09:00,13202.165855615127,13730.252489839731,13032.779576712894,13560.8662109375,306490,0.0,0.0
2025-06-09 00:00:00+09:00,13680.433349247685,13809.964036458332,13371.552479745369,13451.263671875,171509,0.0,0.0
2025-06-10 00:00:00+09:00,13550.902153558052,13620.649444054308,13242.021295646067,13301.8046875,166714,0.0,0.0
2025-06-11 00:00:00+09:00,13381.515758832977,13999.277469218414,13381.515758832977,13959.421875,308648,0.0,0.0
2025-06-12 00:00:00+09:00,13959.422127377962,14367.941975502514,13660.505165335608,13879.7109375,806546,0.0,0.0
2025-06-13 00:00:00+09:00,14019.205028063474,14158.699605457141,13261.948750783571,13411.4072265625,247673,0.0,0.0
2025-06-16 00:00:00+09:00,13351.62392220846,13351.62392220846,12943.10408578268,13072.634765625,207813,0.0,0.0
2025-06-17 00:00:00+09:00,13162.31029709168,13660.505236421417,12813.573839560864,12933.140625,308302,0.0,0.0
2025-06-18 00:00:00+09:00,12863.393302089347,13032.779581047922,12823.537707040272,12943.1044921875,203274,0.0,0.0
2025-06-19 00:00:00+09:00,13012.85207122093,13052.707667151162,12763.754596656976,12853.4296875,224781,0.0,0.0
2025-06-20 00:00:00+09:00,12903.2490234375,12943.10461887669,12773.718338260136,12903.2490234375,152764,0.0,0.0
2025-06-23 00:00:00+09:00,12703.970860759104,12713.934759473424,12355.234405757874,12654.1513671875,213133,0.0,0.0
2025-06-24 00:00:00+09:00,12923.176381809826,13142.38214927306,12863.39299068349,13042.7431640625,296914,0.0,0.0
2025-06-25 00:00:00+09:00,13291.840569986494,13560.865828899265,13092.56260042148,13371.5517578125,249403,0.0,0.0
2025-06-26 00:00:00+09:00,13600.721189183423,13650.540680718892,13042.742883986153,13132.41796875,169990,0.0,0.0
2025-06-27 00:00:00+09:00,13152.346206384202,13251.985192796203,12873.357044430597,12992.923828125,105229,0.0,0.0
2025-06-30 00:00:00+09:00,12963.031811732755,13062.670795681508,12773.717742230125,12783.681640625,79900,0.0,0.0
2025-07-01 00:00:00+09:00,12813.573619321525,12913.212605474882,12684.042937322163,12694.0068359375,137209,0.0,0.0
2025-07-02 00:00:00+09:00,12674.079514992058,12684.04341398183,12265.559656411338,12544.548828125,221248,0.0,0.0
2025-07-03 00:00:00+09:00,12624.259731794891,13052.70737857246,12574.440237983545,12943.1044921875,168882,0.0,0.0
2025-07-04 00:00:00+09:00,12972.99574182186,13002.887437079515,12713.934382922193,12773.7177734375,78238,0.0,0.0
2025-07-07 00:00:00+09:00,12783.682082348307,12803.609879826636,12604.331905043342,12644.1875,75367,0.0,0.0
2025-07-08 00:00:00+09:00,12753.790354330707,12783.682050473672,12444.90949418676,12654.1513671875,123762,0.0,0.0
2025-07-09 00:00:00+09:00,12654.15171701251,12684.04341398183,12444.909838227264,12544.548828125,95471,0.0,0.0
2025-07-10 00:00:00+09:00,12604.332286072991,12723.899074557477,12474.80159854813,12524.62109375,98402,0.0,0.0
2025-07-11 00:00:00+09:00,12534.584889075813,12913.21304947715,12534.584889075813,12863.3935546875,163327,0.0,0.0
2025-07-14 00:00:00+09:00,12763.754573567709,12803.610169425843,12524.620998418899,12554.5126953125,100274,0.0,0.0
2025-07-15 00:00:00+09:00,12544.548512608353,12664.11529747833,12454.87342395587,12644.1875,119133,0.0,0.0
2025-07-16 00:00:00+09:00,12674.07932312253,12684.043221961463,12534.584739377471,12604.33203125,58964,0.0,0.0
2025-07-17 00:00:00+09:00,12594.367756460455,12753.79013312451,12305.414698756853,12723.8984375,168484,0.0,0.0
2025-07-18 00:00:00+09:00,12723.898563310095,12723.898563310095,12534.584489149647,12684.04296875,75872,0.0,0.0
2025-07-21 00:00:00+09:00,12634.22366441397,12723.8987535147,12604.33196804706,12624.259765625,46536,0.0,0.0
2025-07-22 00:00:00+09:00,12644.187372622282,12654.151271261071,12335.306514819848,12375.162109375,125702,0.0,0.0
2025-07-23 00:00:00+09:00,12434.945051020408,12434.945051020408,12046.35301817602,12205.775390625,50,0.0,0.0
2025-07-24 00:00:00+09:00,12275.52315340909,12385.126038707387,12056.3173828125,12056.3173828125,65432,0.0,0.0
2025-07-25 00:00:00+09:00,12036.390030570652,12096.173424762228,11906.859343155571,11916.8232421875,55991,0.0,0.0
2025-07-28 00:00:00+09:00,12056.317445079196,12365.198305242382,11946.71455921484,12345.2705078125,98608,0.0,0.0
2025-07-29 00:00:00+09:00,12355.234186898075,12554.512157654495,12116.10062199037,12415.017578125,110341,0.0,0.0
2025-07-30 00:00:00+09:00,12325.342491284611,12614.29554888142,12325.342491284611,12415.017578125,85381,0.0,0.0
2025-07-31 00:00:00+09:00,12434.945406626506,12514.656595130522,12245.631333929468,12405.0537109375,84257,0.0,0.0
2025-08-01 00:00:00+09:00,12215.739859029549,12305.414947717369,11707.581023131908,11717.544921875,147558,0.0,0.0
2025-08-04 00:00:00+09:00,11647.797725017317,11797.256207374254,11538.194837955563,11687.6533203125,84737,0.0,0.0
2025-08-05 00:00:00+09:00,11757.400516847363,12026.425782910821,11687.653225645727,11717.544921875,68668,0.0,0.0
2025-08-06 00:00:00+09:00,11777.327782834765,11916.82235894279,11607.941511846448,11886.9306640625,46627,0.0,0.0
2025-08-07 00:00:00+09:00,12076.245243299876,12096.173040731064,11508.303016511021,12036.3896484375,59601,0.0,0.0
2025-08-08 00:00:00+09:00,12006.497517037898,12415.01734956782,11996.53361868351,12175.8837890625,98229,0.0,0.0
2025-08-11 00:00:00+09:00,12195.812246347403,12365.198527546672,12195.812246347403,12275.5234375,45313,0.0,0.0
2025-08-12 00:00:00+09:00,12245.631108914311,12464.83687327242,12165.919921875,12165.919921875,60660,0.0,0.0
2025-08-13 00:00:00+09:00,12305.41472530748,12524.620493693525,12285.486928181475,12405.0537109375,93115,0.0,0.0
2025-08-14 00:00:00+09:00,12474.801544686481,12474.801544686481,12155.956776771172,12235.66796875,51107,0.0,0.0
2025-08-18 00:00:00+09:00,12255.595324112304,12265.559222749793,11986.570060900081,12066.28125,72765,0.0,0.0
2025-08-19 00:00:00+09:00,11996.534434442934,12106.137323794157,11847.075948963995,11916.8232421875,56696,0.0,0.0
2025-08-20 00:00:00+09:00,11707.58096018145,11837.111643145161,11468.447391633064,11737.47265625,78642,0.0,0.0
2025-08-21 00:00:00+09:00,11717.54444369612,11757.400037042025,11498.338680293642,11558.1220703125,75348,0.0,0.0
2025-08-22 00:00:00+09:00,11528.231190484174,11637.834079935623,11508.303392402093,11607.9423828125,39190,0.0,0.0
2025-08-25 00:00:00+09:00,11757.40026525549,11926.786540263409,11707.580772606103,11797.255859375,50372,0.0,0.0
2025-08-26 00:00:00+09:00,11797.255779623698,12634.22325047538,11727.508490386059,12444.9091796875,232262,0.0,0.0
2025-08-27 00:00:00+09:00,12365.198521315817,12664.115487987432,12275.523431314332,12584.404296875,123945,0.0,0.0
2025-08-28 00:00:00+09:00,12584.404487992244,12803.610266880469,12464.837699507756,12524.62109375,99848,0.0,0.0
2025-08-29 00:00:00+09:00,12534.584234375,12733.862203125,12424.9813515625,12454.873046875,74647,0.0,0.0
2025-09-01 00:00:00+09:00,12245.63180417937,12265.559602070629,12036.389926321137,12255.595703125,82964,0.0,0.0
2025-09-02 00:00:00+09:00,12285.486928181475,12584.403885071537,12165.920145425453,12405.0537109375,88867,0.0,0.0
2025-09-03 00:00:00+09:00,12325.342522433484,12444.909305189509,12205.77573967746,12405.0537109375,45794,0.0,0.0
2025-09-04 00:00:00+09:00,12405.053562280445,12853.428992242389,12385.125765393248,12763.75390625,169445,0.0,0.0
2025-09-05 00:00:00+09:00,12843.465830404164,12863.39362843427,12534.5849609375,12534.5849609375,73622,0.0,0.0
2025-09-08 00:00:00+09:00,12694.006993695824,12733.862588652482,12534.584613869189,12644.1875,98105,0.0,0.0
2025-09-09 00:00:00+09:00,12853.429216056034,13082.59888424928,12763.754128502154,13002.8876953125,239837,0.0,0.0
2025-09-10 00:00:00+09:00,13132.418313946539,13232.057299636572,12753.790168324407,13022.8154296875,196377,0.0,0.0
2025-09-11 00:00:00+09:00,13192.202307619407,13242.021802738816,12833.501942759665,13142.3828125,566052,0.0,0.0
2025-09-12 00:00:00+09:00,13261.949345327806,13411.407827807083,13072.635267520724,13222.09375,235993,0.0,0.0
2025-09-15 00:00:00+09:00,13441.299176948274,13730.252235607652,13261.949002607971,13640.5771484375,281561,0.0,0.0
2025-09-16 00:00:00+09:00,13640.576836843955,13790.035312046773,13501.08225998799,13740.2158203125,232589,0.0,0.0
2025-09-17 00:00:00+09:00,13501.082939565698,13839.85550041089,13411.407849930205,13829.8916015625,184500,0.0,0.0
2025-09-18 00:00:00+09:00,14348.013786764706,15782.815165441176,14238.410903671363,15244.7646484375,1756124,0.0,0.0
2025-09-22 00:00:00+09:00,15922.310388480584,16181.37175900655,15673.212916821,15972.1298828125,735767,0.0,0.0
2025-09-23 00:00:00+09:00,16101.660638933121,16131.552335663813,15513.790603229498,15643.3212890625,382542,0.0,0.0
2025-09-24 00:00:00+09:00,15444.043030596897,15782.815587397088,15135.16216998496,15732.99609375,399282,0.0,0.0
2025-09-25 00:00:00+09:00,15503.826422973401,16131.552042926694,15324.476245843889,15732.99609375,454185,0.0,0.0
2025-09-26 00:00:00+09:00,15513.790034582857,15608.447070760465,14965.775614607224,15204.9091796875,258040,0.0,0.0
2025-09-29 00:00:00+09:00,15244.764816227595,16340.793659224351,15095.306337637128,16121.587890625,754950,0.0,0.0
2025-09-30 00:00:00+09:00,16121.588365808251,16290.974646536768,15772.851905484833,15972.1298828125,266782,0.0,0.0
2025-10-01 00:00:00+09:00,15992.057648846634,16101.660536159601,15872.490862687033,15982.09375,247300,0.0,0.0
2025-10-02 00:00:00+09:00,16430.468939012095,16858.916582661288,16061.8046875,16370.685546875,673882,0.0,0.0
2025-10-10 00:00:00+09:00,16858.916520210896,17008.375,16340.793790275337,17008.375,532881,0.0,0.0
2025-10-13 00:00:00+09:00,16211.262309012192,16699.493318933273,16211.262309012192,16649.673828125,237319,0.0,0.0
2025-10-14 00:00:00+09:00,17088.08570053081,17098.04959889847,15314.511791087964,15603.46484375,382299,0.0,0.0
2025-10-15 00:00:00+09:00,15812.707375811877,16061.804845500155,15633.357197636316,16011.9853515625,160650,0.0,0.0
2025-10-16 00:00:00+09:00,15942.237903225805,16011.985194052419,15683.176537298386,15752.923828125,272601,0.0,0.0
2025-10-17 00:00:00+09:00,15374.295265456714,15762.887303922567,15244.764585968096,15264.6923828125,277451,0.0,0.0
2025-10-20 00:00:00+09:00,15553.6459478226,15932.274100300025,15414.151365330918,15723.0322265625,232689,0.0,0.0
2025-10-21 00:00:00+09:00,15962.165860713436,16241.15502681829,15633.357200661287,15703.1044921875,265481,0.0,0.0
2025-10-22 00:00:00+09:00,15742.960119047619,15772.85181547619,15334.440267857142,15693.140625,210087,0.0,0.0
2025-10-23 00:00:00+09:00,15483.898063338123,15732.995522529534,15224.836705779055,15603.46484375,171953,0.0,0.0
2025-10-24 00:00:00+09:00,15842.598507832105,16131.55156237747,15703.103929775722,15882.4541015625,222237,0.0,0.0
2025-10-27 00:00:00+09:00,16071.768203419257,16440.43244615113,15643.320569974105,15872.490234375,270147,0.0,0.0
2025-10-28 00:00:00+09:00,15812.70731721174,15822.671215962346,15364.33187343447,15414.1513671875,193140,0.0,0.0
2025-10-29 00:00:00+09:00,15473.934976229311,15673.212954030076,15294.584796208625,15653.28515625,269264,0.0,0.0
2025-10-30 00:00:00+09:00,15543.682146615933,15693.140628794932,15145.126194138602,15384.259765625,311942,0.0,0.0
2025-10-31 00:00:00+09:00,15394.223538184351,15523.754221677164,15294.584550882188,15424.115234375,153732,0.0,0.0
2025-11-03 00:00:00+09:00,15543.681515744885,15742.959483895462,15145.125579443735,15583.537109375,238864,0.0,0.0
2025-11-04 00:00:00+09:00,15493.862141820635,15683.176213006867,15155.089593382114,15234.80078125,228476,0.0,0.0
2025-11-05 00:00:00+09:00,14766.497825842336,14846.209015185615,13969.385932409552,14527.3642578125,289199,0.0,0.0
2025-11-06 00:00:00+09:00,14746.570338369205,15254.729181110306,14537.3284619464,15045.4873046875,164571,0.0,0.0
2025-11-07 00:00:00+09:00,14537.328188004032,14886.064642137097,14029.169354838708,14208.51953125,156873,0.0,0.0
2025-11-10 00:00:00+09:00,14338.049997465207,14627.003055093066,14108.880331070695,14587.1474609375,107636,0.0,0.0
2025-11-11 00:00:00+09:00,14716.678685966655,15065.415147719421,14148.736448255011,14417.76171875,152590,0.0,0.0
2025-11-12 00:00:00+09:00,14417.761371786308,14417.761371786308,13919.566438414286,14218.4833984375,142009,0.0,0.0
2025-11-13 00:00:00+09:00,14039.133378384318,14377.905936840718,13919.566593046766,14168.6640625,134267,0.0,0.0
2025-11-14 00:00:00+09:00,13680.433187990084,13839.855570370157,13501.0830078125,13501.0830078125,116781,0.0,0.0
2025-11-17 00:00:00+09:00,13451.262768253717,13854.800651301328,13232.057004622915,13740.2158203125,147360,0.0,0.0
2025-11-18 00:00:00+09:00,13849.819622329833,14437.689663853185,13680.433339179037,13760.14453125,194015,0.0,0.0
2025-11-19 00:00:00+09:00,14148.735845889476,14148.735845889476,13212.129388485524,13680.4326171875,168077,0.0,0.0
2025-11-20 00:00:00+09:00,14118.844377688049,14198.555566835194,13600.721648231607,13610.685546875,107766,0.0,0.0
2025-11-21 00:00:00+09:00,12833.50122680664,13142.382079315184,12654.151054382324,12753.7900390625,158232,0.0,0.0
2025-11-24 00:00:00+09:00,12853.429277528008,12963.032162840262,12554.512317585495,12674.0791015625,103898,0.0,0.0
2025-11-25 00:00:00+09:00,12863.392922210693,13062.670891571044,12554.512069702148,12753.7900390625,80661,0.0,0.0
2025-11-26 00:00:00+09:00,12823.537212600997,13162.309757456036,12703.970432063925,13102.5263671875,127105,0.0,0.0
2025-11-27 00:00:00+09:00,13212.129438920454,13301.80452560996,12972.995874415106,13042.7431640625,53943,0.0,0.0
2025-11-28 00:00:00+09:00,13839.855495589984,14437.689426285016,13550.902429087386,14138.7724609375,438668,0.0,0.0
2025-12-01 00:00:00+09:00,15125.197680088419,15135.161578428399,14108.880049410542,14367.94140625,302910,0.0,0.0
2025-12-02 00:00:00+09:00,14756.53344150919,14776.461238189147,14118.84394775052,14367.94140625,167528,0.0,0.0
2025-12-03 00:00:00+09:00,14447.652788428766,14627.00296097478,14367.941600630538,14617.0390625,129496,0.0,0.0
2025-12-04 00:00:00+09:00,14925.920675872092,15204.90984738372,14726.64269622093,14995.66796875,313836,0.0,0.0
2025-12-05 00:00:00+09:00,15324.4756582018,15324.4756582018,14447.652603636287,14676.822265625,223311,0.0,0.0
2025-12-08 00:00:00+09:00,14816.316937048256,14935.883717979379,14527.363883131376,14646.9306640625,123590,0.0,0.0
2025-12-09 00:00:00+09:00,14567.219563348712,14567.219563348712,14168.663624543002,14308.158203125,163906,0.0,0.0
2025-12-10 00:00:00+09:00,14178.628088086214,14348.014368829337,14009.241807343089,14128.80859375,107448,0.0,0.0
2025-12-11 00:00:00+09:00,14178.62764735728,14318.122227162621,13949.457980534218,14268.302734375,213642,0.0,0.0
2025-12-12 00:00:00+09:00,14148.735979352678,14178.627675083704,13879.710717773438,13949.4580078125,107011,0.0,0.0
2025-12-15 00:00:00+09:00,13560.866457194952,13909.602920091222,13451.263568856124,13790.0361328125,98085,0.0,0.0
2025-12-16 00:00:00+09:00,13710.324338180462,13750.1799321868,13242.021108605984,13361.587890625,135124,0.0,0.0
2025-12-17 00:00:00+09:00,13451.263671875,13610.686056134258,13251.985691550926,13451.263671875,145843,0.0,0.0
2025-12-18 00:00:00+09:00,13341.660535983421,13341.660535983421,13082.599166352675,13222.09375,83866,0.0,0.0
2025-12-19 00:00:00+09:00,13331.696257701644,13451.263040281927,13002.887605605863,13341.66015625,88315,0.0,0.0
2025-12-22 00:00:00+09:00,13540.938565980985,13949.458419700793,13471.191273882481,13819.927734375,117615,0.0,0.0
2025-12-23 00:00:00+09:00,14019.205015746984,14088.952304382541,13780.07145471079,14039.1328125,82034,0.0,0.0
2025-12-24 00:00:00+09:00,14049.097344087473,14128.808534692223,13760.144278145248,13839.85546875,51643,0.0,0.0
2025-12-26 00:00:00+09:00,13999.277978339349,14039.133574007219,13700.361010830324,13800.0,89532,0.0,0.0
2025-12-29 00:00:00+09:00,14090.0,14320.0,13720.0,14300.0,128914,50.0,0.0
2025-12-30 00:00:00+09:00,14350.0,14970.0,14250.0,14760.0,320092,0.0,0.0
2026-01-02 00:00:00+09:00,14830.0,15280.0,14620.0,15090.0,233671,0.0,0.0
2026-01-05 00:00:00+09:00,15520.0,15740.0,15180.0,15550.0,406763,0.0,0.0
2026-01-06 00:00:00+09:00,15550.0,15930.0,15400.0,15870.0,444853,0.0,0.0
2026-01-07 00:00:00+09:00,15930.0,15950.0,14970.0,15280.0,366174,0.0,0.0
2026-01-08 00:00:00+09:00,15030.0,15410.0,14800.0,14800.0,170574,0.0,0.0
2026-01-09 00:00:00+09:00,14680.0,14890.0,14390.0,14500.0,101084,0.0,0.0
2026-01-12 00:00:00+09:00,14780.0,14790.0,14190.0,14340.0,123093,0.0,0.0
2026-01-13 00:00:00+09:00,14350.0,14670.0,13840.0,14020.0,245414,0.0,0.0
2026-01-14 00:00:00+09:00,14090.0,14260.0,13930.0,14160.0,194355,0.0,0.0
2026-01-15 00:00:00+09:00,13930.0,15290.0,13750.0,15180.0,316576,0.0,0.0
2026-01-16 00:00:00+09:00,15260.0,15440.0,14890.0,15100.0,278819,0.0,0.0
2026-01-19 00:00:00+09:00,15030.0,15880.0,14810.0,15500.0,458432,0.0,0.0
2026-01-20 00:00:00+09:00,15830.0,15830.0,14480.0,14930.0,351961,0.0,0.0
2026-01-21 00:00:00+09:00,14510.0,15340.0,14390.0,15130.0,360425,0.0,0.0
2026-01-22 00:00:00+09:00,15530.0,16050.0,15150.0,15260.0,440419,0.0,0.0
2026-01-23 00:00:00+09:00,15510.0,15730.0,15160.0,15510.0,279489,0.0,0.0
2026-01-26 00:00:00+09:00,15620.0,16080.0,15550.0,15960.0,613021,0.0,0.0
2026-01-27 00:00:00+09:00,15900.0,20700.0,15690.0,19870.0,9880838,0.0,0.0
2026-01-28 00:00:00+09:00,20900.0,20950.0,19280.0,20450.0,2750874,0.0,0.0
2026-01-29 00:00:00+09:00,20100.0,20150.0,18590.0,19570.0,1726213,0.0,0.0
2026-01-30 00:00:00+09:00,19730.0,20350.0,19280.0,19710.0,1646234,0.0,0.0
2026-02-02 00:00:00+09:00,19500.0,20150.0,18300.0,18490.0,918519,0.0,0.0
2026-02-03 00:00:00+09:00,18890.0,19900.0,18890.0,19740.0,811532,0.0,0.0
2026-02-04 00:00:00+09:00,19540.0,20250.0,19310.0,19950.0,660824,0.0,0.0
2026-02-05 00:00:00+09:00,19310.0,19400.0,18660.0,18660.0,583066,0.0,0.0
2026-02-06 00:00:00+09:00,17600.0,18370.0,17300.0,18010.0,553084,0.0,0.0
2026-02-09 00:00:00+09:00,18950.0,19150.0,18420.0,18800.0,515352,0.0,0.0
2026-02-10 00:00:00+09:00,18970.0,19060.0,18100.0,18250.0,319355,0.0,0.0
2026-02-11 00:00:00+09:00,18020.0,18480.0,17680.0,18080.0,267930,0.0,0.0
2026-02-12 00:00:00+09:00,18250.0,18570.0,17780.0,17840.0,640654,0.0,0.0
2026-02-13 00:00:00+09:00,17310.0,17600.0,16700.0,16840.0,923413,0.0,0.0
2026-02-19 00:00:00+09:00,17280.0,17900.0,17010.0,17710.0,787165,0.0,0.0
2026-02-20 00:00:00+09:00,17850.0,17900.0,17160.0,17500.0,459414,0.0,0.0
2026-02-23 00:00:00+09:00,17550.0,17870.0,17000.0,17150.0,533471,0.0,0.0
2026-02-24 00:00:00+09:00,17100.0,18080.0,16820.0,17930.0,828215,0.0,0.0
2026-02-25 00:00:00+09:00,18270.0,18270.0,17700.0,17980.0,552621,0.0,0.0
2026-02-26 00:00:00+09:00,18150.0,18540.0,17710.0,18270.0,1014049,0.0,0.0
2026-02-27 00:00:00+09:00,18040.0,18430.0,17530.0,17980.0,569442,0.0,0.0
2026-03-03 00:00:00+09:00,17490.0,18780.0,17140.0,17290.0,1102868,0.0,0.0
2026-03-04 00:00:00+09:00,16650.0,17340.0,14950.0,15000.0,1081580,0.0,0.0
2026-03-05 00:00:00+09:00,16030.0,18600.0,15970.0,17610.0,1946219,0.0,0.0
2026-03-06 00:00:00+09:00,17630.0,18300.0,17180.0,18210.0,818542,0.0,0.0
2026-03-09 00:00:00+09:00,17030.0,17130.0,15810.0,16480.0,742471,0.0,0.0
2026-03-10 00:00:00+09:00,17350.0,17780.0,16900.0,17590.0,628339,0.0,0.0
2026-03-11 00:00:00+09:00,18000.0,18010.0,16890.0,17150.0,620848,0.0,0.0
2026-03-12 00:00:00+09:00,17000.0,17490.0,16870.0,17170.0,382664,0.0,0.0
2026-03-13 00:00:00+09:00,16800.0,17700.0,16600.0,17430.0,494279,0.0,0.0
2026-03-16 00:00:00+09:00,17430.0,17530.0,16750.0,17020.0,435554,0.0,0.0
2026-03-17 00:00:00+09:00,17400.0,17750.0,17050.0,17050.0,416972,0.0,0.0
2026-03-18 00:00:00+09:00,17290.0,18590.0,17290.0,18310.0,1225107,0.0,0.0
2026-03-19 00:00:00+09:00,17810.0,18180.0,17680.0,17860.0,534287,0.0,0.0
2026-03-20 00:00:00+09:00,18040.0,18090.0,17440.0,17500.0,559289,0.0,0.0
2026-03-23 00:00:00+09:00,17000.0,17140.0,16430.0,16450.0,500980,0.0,0.0
2026-03-24 00:00:00+09:00,17030.0,17250.0,16040.0,16410.0,431110,0.0,0.0
2026-03-25 00:00:00+09:00,16700.0,17650.0,16580.0,17250.0,474344,0.0,0.0
2026-03-26 00:00:00+09:00,17130.0,17130.0,15800.0,15870.0,717931,0.0,0.0
2026-03-27 00:00:00+09:00,15150.0,16070.0,15150.0,15870.0,436203,0.0,0.0
2026-03-30 00:00:00+09:00,15300.0,15350.0,14810.0,15000.0,330866,0.0,0.0
2026-03-31 00:00:00+09:00,14910.0,15130.0,14420.0,14460.0,511750,0.0,0.0
2026-04-01 00:00:00+09:00,15150.0,15530.0,14980.0,15450.0,405939,0.0,0.0
2026-04-02 00:00:00+09:00,15610.0,15840.0,14480.0,14620.0,559558,0.0,0.0
2026-04-03 00:00:00+09:00,15000.0,15110.0,14340.0,14580.0,299643,0.0,0.0
2026-04-06 00:00:00+09:00,14580.0,15060.0,14500.0,14540.0,436366,0.0,0.0
2026-04-07 00:00:00+09:00,14780.0,15090.0,14300.0,14550.0,277700,0.0,0.0
2026-04-08 00:00:00+09:00,15300.0,15680.0,15150.0,15600.0,475946,0.0,0.0
2026-04-09 00:00:00+09:00,15300.0,15730.0,15050.0,15120.0,270977,0.0,0.0
2026-04-10 00:00:00+09:00,15320.0,15800.0,15290.0,15400.0,290731,0.0,0.0
2026-04-13 00:00:00+09:00,15220.0,15590.0,15000.0,15400.0,235607,0.0,0.0
2026-04-14 00:00:00+09:00,15790.0,16060.0,15620.0,15650.0,461036,0.0,0.0
2026-04-15 00:00:00+09:00,16050.0,16160.0,15740.0,15800.0,596028,0.0,0.0
2026-04-16 00:00:00+09:00,15880.0,16240.0,15650.0,16170.0,519177,0.0,0.0
2026-04-17 00:00:00+09:00,16180.0,16340.0,15880.0,16260.0,404811,0.0,0.0
2026-04-20 00:00:00+09:00,16260.0,16540.0,15880.0,16300.0,473818,0.0,0.0
2026-04-21 00:00:00+09:00,16520.0,16670.0,16290.0,16380.0,382747,0.0,0.0
2026-04-22 00:00:00+09:00,16380.0,16840.0,16170.0,16720.0,547224,0.0,0.0
2026-04-23 00:00:00+09:00,16830.0,16830.0,16120.0,16410.0,458278,0.0,0.0
2026-04-24 00:00:00+09:00,16450.0,17220.0,16450.0,17030.0,909789,0.0,0.0
2026-04-27 00:00:00+09:00,17330.0,17750.0,17070.0,17590.0,812469,0.0,0.0
2026-04-28 00:00:00+09:00,17590.0,17610.0,16820.0,16860.0,623384,0.0,0.0
2026-04-29 00:00:00+09:00,16790.0,16860.0,16340.0,16460.0,443584,0.0,0.0
2026-04-30 00:00:00+09:00,16610.0,16740.0,16040.0,16110.0,464071,0.0,0.0
2026-05-04 00:00:00+09:00,16310.0,17120.0,16300.0,16900.0,716550,0.0,0.0
2026-05-06 00:00:00+09:00,17450.0,17660.0,16860.0,16980.0,1036058,0.0,0.0
2026-05-07 00:00:00+09:00,17010.0,17010.0,16330.0,16530.0,518446,0.0,0.0
2026-05-08 00:00:00+09:00,16490.0,17020.0,16260.0,16780.0,528116,0.0,0.0
2026-05-11 00:00:00+09:00,16970.0,17280.0,16190.0,16200.0,603333,0.0,0.0
2026-05-12 00:00:00+09:00,16210.0,16630.0,15000.0,15510.0,741002,0.0,0.0
2026-05-13 00:00:00+09:00,15490.0,15580.0,14950.0,15050.0,516750,0.0,0.0
2026-05-14 00:00:00+09:00,15090.0,15120.0,14400.0,15100.0,543240,0.0,0.0
2026-05-15 00:00:00+09:00,15100.0,15530.0,13810.0,14140.0,571007,0.0,0.0
2026-05-18 00:00:00+09:00,13470.0,13900.0,12770.0,13650.0,675189,0.0,0.0
2026-05-19 00:00:00+09:00,13650.0,13780.0,12890.0,13140.0,319435,0.0,0.0
2026-05-20 00:00:00+09:00,13140.0,13280.0,12550.0,12750.0,312754,0.0,0.0
2026-05-21 00:00:00+09:00,13090.0,14140.0,13020.0,13540.0,367976,0.0,0.0
2026-05-22 00:00:00+09:00,13800.0,14300.0,13560.0,14130.0,230686,0.0,0.0
2026-05-26 00:00:00+09:00,14340.0,14610.0,13630.0,13720.0,374091,0.0,0.0
2026-05-27 00:00:00+09:00,13950.0,14100.0,12650.0,12700.0,599676,0.0,0.0
2026-05-28 00:00:00+09:00,12760.0,12900.0,11860.0,12380.0,434797,0.0,0.0
2026-05-29 00:00:00+09:00,12400.0,12600.0,11810.0,12050.0,366126,0.0,0.0
2026-06-01 00:00:00+09:00,12040.0,12350.0,11400.0,11720.0,418770,0.0,0.0
2026-06-02 00:00:00+09:00,11370.0,11680.0,11020.0,11200.0,503368,0.0,0.0
2026-06-04 00:00:00+09:00,11300.0,12320.0,11260.0,12020.0,413213,0.0,0.0
2026-06-05 00:00:00+09:00,11990.0,11990.0,10990.0,11010.0,370271,0.0,0.0
2026-06-08 00:00:00+09:00,10410.0,10980.0,9770.0,9880.0,553431,0.0,0.0
2026-06-09 00:00:00+09:00,9970.0,11000.0,9970.0,10730.0,315418,0.0,0.0
2026-06-10 00:00:00+09:00,10500.0,11270.0,10320.0,10570.0,612,0.0,0.0
2026-06-11 00:00:00+09:00,10500.0,13000.0,10290.0,11550.0,2073400,0.0,0.0
2026-06-12 00:00:00+09:00,12000.0,12600.0,11630.0,12120.0,686538,0.0,0.0
2026-06-15 00:00:00+09:00,12360.0,12670.0,11900.0,12010.0,413667,0.0,0.0
2026-06-16 00:00:00+09:00,12030.0,12220.0,11560.0,11640.0,228765,0.0,0.0
2026-06-17 00:00:00+09:00,11620.0,11780.0,11430.0,11620.0,231297,0.0,0.0
2026-06-18 00:00:00+09:00,11640.0,11700.0,11190.0,11380.0,197492,0.0,0.0
2026-06-19 00:00:00+09:00,11470.0,11550.0,10630.0,11000.0,368952,0.0,0.0
2026-06-22 00:00:00+09:00,10710.0,11630.0,10710.0,11140.0,265545,0.0,0.0
2026-06-23 00:00:00+09:00,10900.0,11120.0,10120.0,10120.0,295238,0.0,0.0
2026-06-24 00:00:00+09:00,10090.0,10520.0,9650.0,9830.0,283008,0.0,0.0
2026-06-25 00:00:00+09:00,10030.0,10800.0,9570.0,9630.0,361941,0.0,0.0
2026-06-26 00:00:00+09:00,9500.0,9920.0,9150.0,9400.0,414304,0.0,0.0
2026-06-29 00:00:00+09:00,9400.0,10320.0,9400.0,10310.0,309503,0.0,0.0
2026-06-30 00:00:00+09:00,10300.0,11300.0,10180.0,10510.0,474340,0.0,0.0
2026-07-01 00:00:00+09:00,10540.0,10840.0,10150.0,10560.0,232445,0.0,0.0
2026-07-02 00:00:00+09:00,10200.0,10210.0,9520.0,9520.0,276147,0.0,0.0
2026-07-03 00:00:00+09:00,9530.0,9990.0,9150.0,9930.0,212248,0.0,0.0
2026-07-06 00:00:00+09:00,9930.0,10050.0,9260.0,9590.0,178958,0.0,0.0
2026-07-07 00:00:00+09:00,9350.0,9900.0,9110.0,9380.0,317469,0.0,0.0
2026-07-08 00:00:00+09:00,9110.0,9340.0,8600.0,8730.0,412571,0.0,0.0
2026-07-09 00:00:00+09:00,8680.0,9210.0,8600.0,8840.0,292733,0.0,0.0
2026-07-10 00:00:00+09:00,8990.0,10040.0,8990.0,9770.0,294697,0.0,0.0
2026-07-13 00:00:00+09:00,9830.0,10590.0,9480.0,9680.0,354173,0.0,0.0
2026-07-14 00:00:00+09:00,9680.0,9920.0,8880.0,9440.0,273648,0.0,0.0
2026-07-15 00:00:00+09:00,9800.0,10190.0,9650.0,10120.0,197302,0.0,0.0
2026-07-16 00:00:00+09:00,9800.0,9970.0,9420.0,9710.0,176244,0.0,0.0
2026-07-20 00:00:00+09:00,9400.0,9690.0,8950.0,9000.0,219013,0.0,0.0
2026-07-21 00:00:00+09:00,8910.0,9230.0,8700.0,9110.0,256082,0.0,0.0
2026-07-22 00:00:00+09:00,9320.0,9590.0,9070.0,9080.0,201390,0.0,0.0
2026-07-23 00:00:00+09:00,9100.0,9450.0,9080.0,9400.0,134320,0.0,0.0
2026-07-24 00:00:00+09:00,9370.0,9370.0,8740.0,8830.0,131169,0.0,0.0
2026-07-27 00:00:00+09:00,9000.0,9250.0,8800.0,8910.0,152182,0.0,0.0
2026-07-28 00:00:00+09:00,8520.0,8850.0,7870.0,7930.0,285634,0.0,0.0
2026-07-29 00:00:00+09:00,7900.0,8210.0,6750.0,7060.0,531672,0.0,0.0
2026-07-30 00:00:00+09:00,6580.0,7410.0,6580.0,6970.0,381146,0.0,0.0
2026-07-31 00:00:00+09:00,7480.0,8500.0,7480.0,8450.0,431362,0.0,0.0
2026-08-03 00:00:00+09:00,8300.0,8830.0,8200.0,8510.0,141306,0.0,0.0
2026-08-04 00:00:00+09:00,8550.0,8970.0,8550.0,8950.0,225568,0.0,0.0
2026-08-05 00:00:00+09:00,9190.0,9330.0,8970.0,9120.0,168968,0.0,0.0
2026-08-06 00:00:00+09:00,9050.0,9200.0,8830.0,9030.0,129542,0.0,0.0
2026-08-07 00:00:00+09:00,9040.0,9150.0,8650.0,8760.0,114338,0.0,0.0
2026-08-10 00:00:00+09:00,8920.0,9330.0,8800.0,9320.0,223569,0.0,0.0
2026-08-11 00:00:00+09:00,9180.0,9730.0,9100.0,9550.0,211753,0.0,0.0
2026-08-12 00:00:00+09:00,9600.0,9900.0,9300.0,9810.0,296068,0.0,0.0
2026-08-13 00:00:00+09:00,9810.0,10430.0,9730.0,10260.0,263629,0.0,0.0
2026-08-14 00:00:00+09:00,10300.0,10350.0,9800.0,10230.0,168264,0.0,0.0
2026-08-18 00:00:00+09:00,10280.0,10390.0,9510.0,9540.0,210876,0.0,0.0
2026-08-19 00:00:00+09:00,9210.0,9570.0,9070.0,9260.0,256596,0.0,0.0
2026-08-20 00:00:00+09:00,9490.0,9870.0,9330.0,9750.0,159868,0.0,0.0
2026-08-21 00:00:00+09:00,9640.0,10100.0,9500.0,9820.0,235673,0.0,0.0
2026-08-24 00:00:00+09:00,9850.0,10210.0,9530.0,9620.0,155492,0.0,0.0
2026-08-25 00:00:00+09:00,9500.0,9990.0,9050.0,9920.0,121910,0.0,0.0
2026-08-26 00:00:00+09:00,9990.0,10500.0,9780.0,10420.0,184462,0.0,0.0
2026-08-27 00:00:00+09:00,10500.0,10960.0,10380.0,10480.0,260001,0.0,0.0
2026-08-28 00:00:00+09:00,10480.0,10490.0,10180.0,10290.0,113240,0.0,0.0
