Date,Open,High,Low,Close,Volume,Dividends,Stock Splits
2016-09-08 00:00:00+09:00,2474.9127001953125,2553.794379882813,2381.240705566406,2465.052490234375,303584,0.0,0.0
2016-09-09 00:00:00+09:00,2415.751311252934,2430.5416254034626,2080.504190507629,2100.224609375,804978,0.0,0.0
2016-09-12 00:00:00+09:00,2110.0848188086857,2149.5256565434274,2041.0633527728874,2100.224609375,217498,0.0,0.0
2016-09-13 00:00:00+09:00,2100.2244968731443,2100.2244968731443,2036.1331389873442,2075.573974609375,140052,0.0,0.0
2016-09-19 00:00:00+09:00,2105.1547158651306,2105.1547158651306,2001.6225167242226,2041.0633544921875,133122,0.0,0.0
2016-09-20 00:00:00+09:00,2016.4127705891929,2045.993398030599,1967.1117248535156,2011.482666015625,195489,0.0,0.0
2016-09-21 00:00:00+09:00,2011.482666015625,2011.482666015625,1962.181620279948,2011.482666015625,75321,0.0,0.0
2016-09-22 00:00:00+09:00,1991.7622579191222,2016.4127809131708,1947.391316529835,1986.8321533203125,77914,0.0,0.0
2016-09-23 00:00:00+09:00,1986.8322133108572,2031.2031560398839,1972.0418990678484,2016.412841796875,58544,0.0,0.0
2016-09-26 00:00:00+09:00,1976.9719538991044,2021.3428955078125,1967.1117446527248,2021.3428955078125,80845,0.0,0.0
2016-09-27 00:00:00+09:00,2021.3428751627605,2041.0632934570312,1981.9020385742188,2011.482666015625,29901,0.0,0.0
2016-09-28 00:00:00+09:00,2011.482666015625,2041.0632934570312,1972.0418294270835,2011.482666015625,69184,0.0,0.0
2016-09-29 00:00:00+09:00,1981.9021085631875,2041.063365535223,1981.9021085631875,2016.412841796875,53591,0.0,0.0
2016-09-30 00:00:00+09:00,2016.4129443719287,2016.4129443719287,1972.0419993857495,2006.552734375,43528,0.0,0.0
2016-10-04 00:00:00+09:00,2006.5526634178725,2021.3429778902403,1972.0419296490147,2001.62255859375,83749,0.0,0.0
2016-10-05 00:00:00+09:00,2021.3429060570988,2021.3429060570988,1962.1816502700617,1996.6923828125,42301,0.0,0.0
2016-10-06 00:00:00+09:00,1986.8321841430666,1996.6923934936524,1962.1816607666017,1972.0418701171875,34130,0.0,0.0
2016-10-07 00:00:00+09:00,2006.552634443384,2006.552634443384,1937.531167902334,1957.2515869140625,141415,0.0,0.0
2016-10-10 00:00:00+09:00,1947.3914085426911,1976.9720375332129,1922.7408843839228,1942.4613037109375,26452,0.0,0.0
2016-10-11 00:00:00+09:00,1942.4613037109375,1942.4613037109375,1922.7408843839228,1942.4613037109375,15712,0.0,0.0
2016-10-12 00:00:00+09:00,1917.8107795521692,1947.3914085426911,1917.8107795521692,1942.4613037109375,26993,0.0,0.0
2016-10-13 00:00:00+09:00,1927.6709280395507,1981.9020794677735,1927.6709280395507,1972.0418701171875,29594,0.0,0.0
2016-10-14 00:00:00+09:00,2011.482676314361,2011.482676314361,1957.2515257274542,1986.8321533203125,22401,0.0,0.0
2016-10-17 00:00:00+09:00,1996.6924568602276,2021.3429810189957,1922.7408843839228,1942.4613037109375,61342,0.0,0.0
2016-10-18 00:00:00+09:00,1967.1117762312103,1967.1117762312103,1927.6709386125394,1947.391357421875,13605,0.0,0.0
2016-10-19 00:00:00+09:00,1972.0419124681123,1976.9720172492825,1903.0204455317285,1932.60107421875,73669,0.0,0.0
2016-10-20 00:00:00+09:00,1932.6010232784668,1952.3214418833493,1903.0203953711434,1937.5311279296875,32123,0.0,0.0
2016-12-28 00:00:00+09:00,,,,,0,85.0,0.0
2017-07-18 00:00:00+09:00,7764.914693509615,8134.672536057692,7764.914693509615,8011.419921875,87562,0.0,0.0
2017-07-19 00:00:00+09:00,8011.419751716383,8208.62393022017,8011.419751716383,8134.67236328125,51307,0.0,0.0
2017-07-20 00:00:00+09:00,8874.18846420095,9046.742128782635,7789.5654296875,7789.5654296875,644134,0.0,0.0
2017-07-21 00:00:00+09:00,7888.167348130841,8134.6725777599295,7789.565256279206,7912.81787109375,66072,0.0,0.0
2017-07-24 00:00:00+09:00,8036.07025739616,8036.07025739616,7740.263990252743,7863.5166015625,33539,0.0,0.0
2017-07-25 00:00:00+09:00,7888.167794585987,7962.119367660231,7740.2646484375,7740.2646484375,15730,0.0,0.0
2017-07-26 00:00:00+09:00,7740.264426206931,7838.866520808293,7690.96337890625,7690.96337890625,27817,0.0,0.0
2017-07-27 00:00:00+09:00,7764.914858919903,7789.565382281554,7592.36119538835,7617.01171875,24017,0.0,0.0
2017-07-28 00:00:00+09:00,7690.963332479509,9071.392648565574,7493.759144467213,7518.40966796875,1305888,0.0,0.0
2017-07-31 00:00:00+09:00,7543.06014379719,7764.914853908872,7148.651770265311,7345.85595703125,134396,0.0,0.0
2017-08-01 00:00:00+09:00,7247.254127296242,7493.759369721284,7247.254127296242,7296.55517578125,35876,0.0,0.0
2017-08-02 00:00:00+09:00,7271.904651538746,7444.458321236276,7271.904651538746,7296.55517578125,18309,0.0,0.0
2017-08-03 00:00:00+09:00,7370.506389036017,7395.1569120762715,7247.253773834746,7271.904296875,24816,0.0,0.0
2017-08-04 00:00:00+09:00,7321.205116454245,7444.457727842364,7197.952505066127,7222.60302734375,43324,0.0,0.0
2017-08-07 00:00:00+09:00,7247.253511679293,8208.623875473484,7148.651423085017,7321.205078125,225535,0.0,0.0
2017-08-08 00:00:00+09:00,7321.205261834777,7518.409443971741,7321.205261834777,7469.1083984375,32045,0.0,0.0
2017-08-09 00:00:00+09:00,7493.759322916667,7493.759322916667,7321.205654296875,7395.1572265625,27916,0.0,0.0
2017-08-10 00:00:00+09:00,7370.506526959529,8381.177990522541,7370.506526959529,7518.40966796875,599255,0.0,0.0
2017-08-11 00:00:00+09:00,7543.060499621975,7715.6141711819555,7395.157352570564,7641.66259765625,77055,0.0,0.0
2017-08-14 00:00:00+09:00,7690.963646673386,8257.925710370464,7592.361548639113,7641.66259765625,279330,0.0,0.0
2017-08-16 00:00:00+09:00,7690.962983630953,7986.769252232143,7592.360894097223,7764.91455078125,118407,0.0,0.0
2017-08-17 00:00:00+09:00,7838.8664767108385,7962.119094269185,7740.2643826641615,7789.5654296875,43621,0.0,0.0
2017-08-18 00:00:00+09:00,7715.613727942627,7838.866343404969,7567.710589387815,7814.2158203125,60185,0.0,0.0
2017-08-21 00:00:00+09:00,7814.2158203125,7863.516866497437,7666.3126817576895,7814.2158203125,27466,0.0,0.0
2017-08-22 00:00:00+09:00,7764.914906175831,7888.167523734177,7764.914906175831,7789.5654296875,21633,0.0,0.0
2017-08-23 00:00:00+09:00,7789.565034776646,8110.021824182014,7789.565034776646,7863.5166015625,69078,0.0,0.0
2017-08-24 00:00:00+09:00,7937.46852722168,7962.119050598145,7789.56538696289,7888.16748046875,26985,0.0,0.0
2017-08-25 00:00:00+09:00,7912.81787109375,8036.070485908294,7838.866302205023,7912.81787109375,38132,0.0,0.0
2017-08-28 00:00:00+09:00,7863.517177795031,8036.070846273292,7863.517177795031,7937.46875,21131,0.0,0.0
2017-08-29 00:00:00+09:00,7937.468394056658,7986.769439982476,7863.5168251679315,7912.81787109375,20445,0.0,0.0
2017-08-30 00:00:00+09:00,7863.51708984375,8110.022327769886,7592.361328125,7592.361328125,137717,0.0,0.0
2017-08-31 00:00:00+09:00,7567.710409967846,7690.963022508039,7493.75884244373,7666.3125,21485,0.0,0.0
2017-09-01 00:00:00+09:00,7666.313122164818,7764.915220199092,7567.711024130544,7641.66259765625,25910,0.0,0.0
2017-09-04 00:00:00+09:00,7567.711024130544,7838.866793724798,7419.807877079133,7641.66259765625,79125,0.0,0.0
2017-09-05 00:00:00+09:00,7764.914822048611,8011.420054494599,7543.060112847223,7986.76953125,63260,0.0,0.0
2017-09-06 00:00:00+09:00,8159.323058894231,8430.478810096154,7912.817830528846,8011.419921875,173968,0.0,0.0
2017-09-07 00:00:00+09:00,8060.720927229769,8134.672495369491,7937.468313663564,8110.02197265625,25825,0.0,0.0
2017-09-08 00:00:00+09:00,8208.6241558029,8356.527293745294,8085.371540850903,8183.9736328125,87648,0.0,0.0
2017-09-11 00:00:00+09:00,8257.924936260291,8356.527025051459,8036.070236480165,8233.2744140625,29638,0.0,0.0
2017-09-12 00:00:00+09:00,8307.226429595044,8331.876953125,7888.167529585799,8331.876953125,80826,0.0,0.0
2017-09-13 00:00:00+09:00,9120.693359375,9736.956424197635,8208.6240234375,8208.6240234375,1784394,0.0,0.0
2017-09-14 00:00:00+09:00,8159.323420425134,8257.925516140242,7986.769752923697,8036.07080078125,200430,0.0,0.0
2017-09-15 00:00:00+09:00,8060.721058915301,8381.177859422638,7912.817920219608,8085.37158203125,167375,0.0,0.0
2017-09-18 00:00:00+09:00,8085.371261640402,8750.935359397386,8085.371261640402,8603.0322265625,403197,0.0,0.0
2017-09-19 00:00:00+09:00,8603.032358454562,8726.284971039871,8405.828178318068,8578.3818359375,125993,0.0,0.0
2017-09-20 00:00:00+09:00,8455.129037600513,8603.032169453581,8405.82799364949,8430.478515625,91363,0.0,0.0
2017-09-21 00:00:00+09:00,8479.780094304733,8553.7316648946,8134.672764885355,8331.876953125,67978,0.0,0.0
2017-09-25 00:00:00+09:00,8011.419962945385,8233.274669611565,7888.167348130841,7912.81787109375,61070,0.0,0.0
2017-09-26 00:00:00+09:00,7912.81787109375,7912.81787109375,7912.81787109375,7912.81787109375,0,0.0,0.0
2017-09-27 00:00:00+09:00,8060.721017860505,8331.876770754894,8011.419971879706,8183.9736328125,44586,0.0,0.0
2017-09-28 00:00:00+09:00,8233.274546030405,8331.876636402027,8134.672455658783,8208.6240234375,27790,0.0,0.0
2017-09-29 00:00:00+09:00,8208.624335475222,8331.876953125,8085.371717825444,8331.876953125,33055,0.0,0.0
2017-10-10 00:00:00+09:00,8405.828523714867,8504.430617834689,8208.624335475222,8331.876953125,49834,0.0,0.0
2017-10-11 00:00:00+09:00,8381.177734375,8430.478779871324,8257.925120634192,8381.177734375,34230,0.0,0.0
2017-10-12 00:00:00+09:00,8430.479047244822,8430.479047244822,8257.925382535133,8331.876953125,37555,0.0,0.0
2017-10-13 00:00:00+09:00,8307.226382529268,8307.226382529268,8060.721148626322,8159.3232421875,41053,0.0,0.0
2017-10-16 00:00:00+09:00,8134.672628263148,8233.274720726944,7962.118966451505,8085.37158203125,32596,0.0,0.0
2017-10-17 00:00:00+09:00,8036.070494870105,8233.274678793297,8036.070494870105,8183.9736328125,14377,0.0,0.0
2017-10-18 00:00:00+09:00,8183.973581730769,8183.973581730769,7937.468353365384,8011.419921875,25112,0.0,0.0
2017-10-19 00:00:00+09:00,8011.419921875,8159.323058894231,7838.866262019231,8011.419921875,36606,0.0,0.0
2017-10-20 00:00:00+09:00,8085.37144994301,8110.02197265625,7912.817790950324,8110.02197265625,13360,0.0,0.0
2017-10-23 00:00:00+09:00,8134.67236328125,8257.924974846117,7986.76922940341,8134.67236328125,23242,0.0,0.0
2017-10-24 00:00:00+09:00,8134.673157649253,8257.92578125,8060.721583488806,8257.92578125,12726,0.0,0.0
2017-10-25 00:00:00+09:00,8282.57551319648,8479.779692082111,8282.57551319648,8405.828125,63750,0.0,0.0
2017-10-26 00:00:00+09:00,8529.080603527047,8627.682691429094,8381.177471673976,8430.478515625,61070,0.0,0.0
2017-10-27 00:00:00+09:00,8479.779825367646,8479.779825367646,8307.226166130515,8381.177734375,14008,0.0,0.0
2017-10-30 00:00:00+09:00,8381.178404850745,8430.479454291044,8233.27525652985,8257.92578125,26000,0.0,0.0
2017-10-31 00:00:00+09:00,8307.225980655876,8307.225980655876,8159.322847469124,8233.2744140625,21448,0.0,0.0
2017-11-01 00:00:00+09:00,8307.226247764494,8356.527293745294,8036.070494870105,8183.9736328125,37950,0.0,0.0
2017-11-02 00:00:00+09:00,8233.274452533144,8233.274452533144,8036.070274029356,8134.67236328125,14581,0.0,0.0
2017-11-03 00:00:00+09:00,8183.974207089552,8307.226830690299,8085.372108208955,8257.92578125,27943,0.0,0.0
2017-11-06 00:00:00+09:00,8159.323682369402,8356.527880130596,8159.323682369402,8257.92578125,26113,0.0,0.0
2017-11-07 00:00:00+09:00,8307.22629747419,8405.828390025812,8159.3231586467555,8356.52734375,63404,0.0,0.0
2017-11-08 00:00:00+09:00,8381.178218482906,8800.23712940705,8331.877170138889,8652.333984375,125866,0.0,0.0
2017-11-09 00:00:00+09:00,8676.984465843023,8726.285513944404,8479.7802734375,8479.7802734375,280246,0.0,0.0
2017-11-10 00:00:00+09:00,8479.779559576024,8553.731125502558,8356.526949698466,8430.478515625,25547,0.0,0.0
2017-11-13 00:00:00+09:00,8430.479793317723,8652.334524720822,8430.479793317723,8553.732421875,86603,0.0,0.0
2017-11-14 00:00:00+09:00,8553.732421875,8652.334524720822,8381.178741894813,8553.732421875,46175,0.0,0.0
2017-11-15 00:00:00+09:00,8553.731259164222,8603.03230388563,8356.527080278593,8405.828125,41952,0.0,0.0
2017-11-16 00:00:00+09:00,8405.828701285429,8603.032893690952,8282.576081031977,8479.7802734375,52325,0.0,0.0
2017-11-17 00:00:00+09:00,8430.479454291044,8479.780503731343,8183.974207089552,8257.92578125,62077,0.0,0.0
2017-11-20 00:00:00+09:00,8282.57538377193,8430.478515625,8282.57538377193,8430.478515625,52203,0.0,0.0
2017-11-21 00:00:00+09:00,8479.779559576024,8529.080603527047,8381.177471673976,8430.478515625,47419,0.0,0.0
2017-11-22 00:00:00+09:00,8405.828929570895,8455.129979011193,8257.92578125,8257.92578125,59370,0.0,0.0
2017-11-23 00:00:00+09:00,8331.876953125,8405.828523714867,8257.925382535133,8331.876953125,39539,0.0,0.0
2017-11-24 00:00:00+09:00,8381.178513430477,8923.490064299509,8307.226938311975,8775.5869140625,300311,0.0,0.0
2017-11-27 00:00:00+09:00,8874.189014220507,9071.393214536518,8627.683763825493,8775.5869140625,97869,0.0,0.0
2017-11-28 00:00:00+09:00,8898.838952947946,8898.838952947946,8504.430578302054,8701.634765625,66001,0.0,0.0
2017-11-29 00:00:00+09:00,8726.284971039871,8726.284971039871,8430.478700835129,8578.3818359375,50431,0.0,0.0
2017-11-30 00:00:00+09:00,8553.73105189732,8627.6826171875,8430.478443080357,8627.6826171875,42957,0.0,0.0
2017-12-01 00:00:00+09:00,8676.984332425069,9243.946376873297,8627.683285081745,9046.7421875,345333,0.0,0.0
2017-12-04 00:00:00+09:00,9071.392024253732,9934.160287430037,8972.789937033582,9909.509765625,467832,0.0,0.0
2017-12-05 00:00:00+09:00,9835.558350874353,9909.50991742228,9293.246862856218,9515.1015625,151895,0.0,0.0
2017-12-06 00:00:00+09:00,9367.199041193182,9663.005326704544,9120.693803267044,9219.2958984375,110482,0.0,0.0
2017-12-07 00:00:00+09:00,9120.694106612797,9342.548828125,8972.790958937994,9342.548828125,77972,0.0,0.0
2017-12-08 00:00:00+09:00,9342.548517400568,9613.704279119318,9096.043279474432,9219.2958984375,72937,0.0,0.0
2017-12-11 00:00:00+09:00,9022.09170809659,9416.500088778408,8948.14013671875,9219.2958984375,44875,0.0,0.0
2017-12-12 00:00:00+09:00,9219.295349276399,9810.907885058843,9219.295349276399,9687.6552734375,136320,0.0,0.0
2017-12-13 00:00:00+09:00,9613.703434641768,10106.7138671875,9490.450826505335,10106.7138671875,182584,0.0,0.0
2017-12-14 00:00:00+09:00,10106.715077087943,11684.348650096792,10082.064552509679,11142.037109375,1109530,0.0,0.0
2017-12-15 00:00:00+09:00,11363.891694260486,11388.542218543047,10846.23068432671,11166.6875,188742,0.0,0.0
2017-12-18 00:00:00+09:00,11142.035944506726,11191.336988508969,10624.374982483183,10994.1328125,206829,0.0,0.0
2017-12-19 00:00:00+09:00,11215.98751451117,12275.9599609375,10796.92864034262,12275.9599609375,870963,0.0,0.0
2017-12-21 00:00:00+09:00,12497.815323945064,12522.465847266454,11610.396484375,11610.396484375,224031,0.0,0.0
2017-12-22 00:00:00+09:00,11610.396955217633,12719.670549665178,11462.493809291294,12423.8642578125,265514,0.0,0.0
2017-12-26 00:00:00+09:00,12621.067991631799,12719.670085316422,11684.348101627877,11782.9501953125,168037,0.0,0.0
2017-12-27 00:00:00+09:00,11782.951007443531,12352.295278811602,11213.606736075462,12055.24609375,239702,50.0,0.0
2017-12-28 00:00:00+09:00,11931.475377549687,12253.278655367416,11683.93439461297,11832.458984375,116800,0.0,0.0
2018-01-02 00:00:00+09:00,11881.967455621303,12872.13141025641,11659.180565828403,12550.328125,235452,0.0,0.0
2018-01-03 00:00:00+09:00,12575.081475200177,14233.606000472642,12451.310988239546,13911.802734375,537985,0.0,0.0
2018-01-04 00:00:00+09:00,13911.802886796733,14134.589765766788,13317.704542876589,13639.5078125,243134,0.0,0.0
2018-01-05 00:00:00+09:00,13515.737478298612,13639.50796802662,13144.426009114584,13367.212890625,152300,0.0,0.0
2018-01-08 00:00:00+09:00,13292.950835190095,13738.524606202054,13020.65575290501,13713.7705078125,162055,0.0,0.0
2018-01-09 00:00:00+09:00,13862.29509814982,14307.868869161779,13119.672146463223,13713.7705078125,300843,0.0,0.0
2018-01-10 00:00:00+09:00,13589.999893002716,14530.655623301629,13045.409733355978,14233.6064453125,276042,0.0,0.0
2018-01-11 00:00:00+09:00,14060.328067974453,14233.60675895301,13243.442810504106,13565.24609375,143652,0.0,0.0
2018-01-12 00:00:00+09:00,13614.753545079668,13961.310908045332,12946.39291650303,13788.0322265625,214508,0.0,0.0
2018-01-15 00:00:00+09:00,13565.245329483696,14208.851859714674,13243.442064368206,13664.26171875,123148,0.0,0.0
2018-01-16 00:00:00+09:00,13936.556984460072,13936.556984460072,13441.475031193286,13639.5078125,99101,0.0,0.0
2018-01-17 00:00:00+09:00,13614.753807915582,14951.475090874566,13367.212829589844,14258.3603515625,325283,0.0,0.0
2018-01-18 00:00:00+09:00,14629.672131147541,16312.95081967213,14604.918032786885,15100.0,802171,0.0,0.0
2018-01-19 00:00:00+09:00,15174.261810250746,15199.015907820485,14258.360200170358,14530.6552734375,173881,0.0,0.0
2018-01-22 00:00:00+09:00,14802.950305323873,14901.96669532604,14283.1142578125,14283.1142578125,74856,0.0,0.0
2018-01-23 00:00:00+09:00,14184.098053416568,15595.081629410886,13837.540683874104,15520.8193359375,417775,0.0,0.0
2018-01-24 00:00:00+09:00,15619.83604887655,15619.83604887655,14877.213098850723,14976.2294921875,139951,0.0,0.0
2018-01-25 00:00:00+09:00,14976.229684589714,15322.787065720717,14827.705092676428,14951.4755859375,59817,0.0,0.0
2018-01-26 00:00:00+09:00,15000.983590521695,15149.50818052686,14703.934410511365,14976.2294921875,67695,0.0,0.0
2018-01-29 00:00:00+09:00,15743.606338954207,15817.868633005879,14976.229300420277,15000.9833984375,115806,0.0,0.0
2018-01-30 00:00:00+09:00,15248.52394701087,15248.52394701087,14505.901027513588,14802.9501953125,93777,0.0,0.0
2018-01-31 00:00:00+09:00,14778.196622440733,15000.98350619612,14307.868756734913,14357.376953125,63757,0.0,0.0
2018-02-01 00:00:00+09:00,14258.3603515625,14580.163623385959,13490.983318752713,14258.3603515625,168098,0.0,0.0
2018-02-02 00:00:00+09:00,14555.409525553385,14654.42591688368,13763.278394911023,14258.3603515625,84973,0.0,0.0
2018-02-05 00:00:00+09:00,13614.753734122078,14060.327492693345,13292.950464042828,13763.2783203125,113252,0.0,0.0
2018-02-06 00:00:00+09:00,12946.392981003446,13565.245417953898,12723.606103701284,13020.6552734375,104380,0.0,0.0
2018-02-07 00:00:00+09:00,13367.212595385176,13490.983082379482,12773.1142578125,12773.1142578125,56773,0.0,0.0
2018-02-08 00:00:00+09:00,12773.114504716981,13218.688266509434,12723.606308962264,13119.671875,46954,0.0,0.0
2018-02-09 00:00:00+09:00,12674.098165137615,15941.639098337157,12624.589969180046,13490.9833984375,942760,0.0,0.0
2018-02-12 00:00:00+09:00,13441.475326887523,13887.04909462965,12971.1474609375,12971.1474609375,147998,0.0,0.0
2018-02-13 00:00:00+09:00,13169.18056778169,13243.44286421655,12302.787109375,12302.787109375,106728,0.0,0.0
2018-02-14 00:00:00+09:00,12426.5576171875,12500.819913704556,12080.000233441235,12426.5576171875,61940,0.0,0.0
2018-02-19 00:00:00+09:00,12525.573508184523,13094.917758556547,12500.819410342261,12995.9013671875,53733,0.0,0.0
2018-02-20 00:00:00+09:00,13094.917545135557,13367.212616962572,12872.13066818618,12896.884765625,26803,0.0,0.0
2018-02-21 00:00:00+09:00,12971.14691024436,13466.22885338346,12921.638715930452,13169.1796875,34126,0.0,0.0
2018-02-22 00:00:00+09:00,13268.196268832393,13367.212658898305,12995.90119615113,13144.42578125,17561,0.0,0.0
2018-02-23 00:00:00+09:00,13342.45840749433,13342.45840749433,12203.769934869582,12278.0322265625,96388,0.0,0.0
2018-02-26 00:00:00+09:00,12500.819638304132,12599.836031478817,11733.442591200313,11832.458984375,136220,0.0,0.0
2018-02-27 00:00:00+09:00,11931.475377549687,12005.737672430701,11782.950787787657,11832.458984375,36894,0.0,0.0
2018-02-28 00:00:00+09:00,11733.442767644332,11931.475556971664,11609.672274314751,11683.9345703125,44756,0.0,0.0
2018-03-02 00:00:00+09:00,11683.93418710443,11857.212872082673,11535.409599980221,11733.4423828125,43964,0.0,0.0
2018-03-05 00:00:00+09:00,11634.425716861264,11832.458495020604,11238.360160542583,11263.1142578125,53171,0.0,0.0
2018-03-06 00:00:00+09:00,11510.655483742004,11708.688266257996,11287.868603411514,11609.671875,24062,0.0,0.0
2018-03-07 00:00:00+09:00,11832.458950988248,11906.721245659723,11535.40977230235,11584.91796875,27586,0.0,0.0
2018-03-08 00:00:00+09:00,11510.655706557269,11906.721279256015,11510.655706557269,11832.458984375,21543,0.0,0.0
2018-03-09 00:00:00+09:00,11832.459331785521,11881.967529826465,11312.623252355614,11411.6396484375,64562,0.0,0.0
2018-03-12 00:00:00+09:00,11634.426372980668,11782.950964976166,11337.37718898967,11683.9345703125,40882,0.0,0.0
2018-03-13 00:00:00+09:00,11758.196781188484,12847.377114603838,11510.655796321358,12575.08203125,110440,0.0,0.0
2018-03-14 00:00:00+09:00,12575.082046479045,12822.623031645955,12203.77056872868,12698.8525390625,261421,0.0,0.0
2018-03-15 00:00:00+09:00,12698.852412877459,13565.24585235253,12525.573724982445,13218.6884765625,86588,0.0,0.0
2018-03-16 00:00:00+09:00,13218.688209192962,13565.2455779733,12500.819373862258,12748.3603515625,55460,0.0,0.0
2018-03-19 00:00:00+09:00,12971.14744400289,13119.672033056358,12401.803185964596,12847.376953125,29450,0.0,0.0
2018-03-20 00:00:00+09:00,12649.343941482843,12822.622625612745,12451.311159620098,12624.58984375,26284,0.0,0.0
2018-03-21 00:00:00+09:00,12599.835746017156,12995.901309742647,12426.557061887253,12624.58984375,39142,0.0,0.0
2018-03-22 00:00:00+09:00,12550.32755055147,12995.901309742647,12302.786573223038,12624.58984375,63089,0.0,0.0
2018-03-23 00:00:00+09:00,12327.540524532149,12921.63886306382,12278.03232965451,12896.884765625,65418,0.0,0.0
2018-03-26 00:00:00+09:00,12674.098095238096,13094.917758556547,12327.540725446428,12995.9013671875,48025,0.0,0.0
2018-03-27 00:00:00+09:00,13243.44294799573,13292.951145932162,12599.836374822105,13045.41015625,58527,0.0,0.0
2018-03-28 00:00:00+09:00,12723.6064453125,12872.131034168287,12476.065463886187,12723.6064453125,37819,0.0,0.0
2018-03-29 00:00:00+09:00,12723.60646224711,13144.426131231936,12624.590069544798,12847.376953125,36591,0.0,0.0
2018-03-30 00:00:00+09:00,13045.40941107451,13268.1962890625,12946.393020857626,13268.1962890625,30812,0.0,0.0
2018-04-02 00:00:00+09:00,13317.704443173718,13317.704443173718,12847.376591091373,13020.6552734375,22965,0.0,0.0
2018-04-03 00:00:00+09:00,12896.884806085216,13218.688073799436,12649.343830920434,13144.42578125,31979,0.0,0.0
2018-04-04 00:00:00+09:00,13045.409263504242,13218.687944423653,12401.802734375,12401.802734375,31557,0.0,0.0
2018-04-05 00:00:00+09:00,12500.819316406249,12723.606195312499,12079.99965625,12377.048828125,34821,0.0,0.0
2018-04-06 00:00:00+09:00,12426.556809948337,12550.3272961032,11881.966670866936,12278.0322265625,34965,0.0,0.0
2018-04-09 00:00:00+09:00,12377.049002087551,12377.049002087551,12030.491630029099,12228.5244140625,30345,0.0,0.0
2018-04-10 00:00:00+09:00,12030.491680992141,12698.85232993615,12030.491680992141,12599.8359375,33354,0.0,0.0
2018-04-11 00:00:00+09:00,12847.376487160078,13589.99940549303,12599.835514382426,13540.4912109375,88972,0.0,0.0
2018-04-12 00:00:00+09:00,13515.737896327555,13986.065771840784,13416.721501482663,13565.24609375,56409,0.0,0.0
2018-04-13 00:00:00+09:00,13614.753524116848,13961.310886548914,13515.737134850544,13664.26171875,38307,0.0,0.0
2018-04-16 00:00:00+09:00,13664.261800699302,14258.36013986014,13664.261800699302,14159.34375,68716,0.0,0.0
2018-04-17 00:00:00+09:00,14035.573433704174,14184.098020304218,13812.786553804108,14010.8193359375,36138,0.0,0.0
2018-04-18 00:00:00+09:00,14109.83562702172,14233.60611497805,13144.425820962339,13391.966796875,45594,0.0,0.0
2018-04-19 00:00:00+09:00,13367.212795813108,13466.229186893204,12748.3603515625,12748.3603515625,59640,0.0,0.0
2018-04-20 00:00:00+09:00,12921.638883525427,13490.983125519844,12674.097908745247,13020.6552734375,51216,0.0,0.0
2018-04-23 00:00:00+09:00,13144.426552122864,13342.459343868595,12797.869166567836,13045.41015625,83189,0.0,0.0
2018-04-24 00:00:00+09:00,13738.524755314824,13837.541149947723,13144.426387517426,13317.705078125,163477,0.0,0.0
2018-04-25 00:00:00+09:00,13540.491904711631,13590.000101803813,12550.327962868001,12822.623046875,100134,0.0,0.0
2018-04-26 00:00:00+09:00,12822.622513535782,13169.17987876648,12822.622513535782,13144.42578125,41175,0.0,0.0
2018-04-27 00:00:00+09:00,13094.918341041068,13367.213429418103,12773.1150547773,12921.6396484375,56945,0.0,0.0
2018-04-30 00:00:00+09:00,12872.131352669403,12872.131352669403,11708.68871117813,12055.24609375,153528,0.0,0.0
2018-05-02 00:00:00+09:00,11881.967147435897,12079.999933226496,11287.868790064102,11584.91796875,89560,0.0,0.0
2018-05-03 00:00:00+09:00,11609.671641474186,11733.442128057066,11386.884765625,11386.884765625,36560,0.0,0.0
2018-05-04 00:00:00+09:00,11535.410117274112,11535.410117274112,11089.836335920178,11164.0986328125,42790,0.0,0.0
2018-05-08 00:00:00+09:00,11164.09782522823,11659.179768697331,10916.55685349368,11015.5732421875,44039,0.0,0.0
2018-05-09 00:00:00+09:00,10916.557643171423,11263.11502866893,10669.016653530349,11164.0986328125,35458,0.0,0.0
2018-05-10 00:00:00+09:00,11139.344341987002,11263.114834675747,10966.06565222276,11188.8525390625,20709,0.0,0.0
2018-05-11 00:00:00+09:00,11287.868963068182,11708.688639322916,10941.311582623106,11436.3935546875,33038,0.0,0.0
2018-05-14 00:00:00+09:00,11436.393092799832,11560.163580817145,10941.311140730575,10990.8193359375,43208,0.0,0.0
2018-05-15 00:00:00+09:00,11114.590196832094,11213.606590567791,10743.278720323226,10817.541015625,30612,0.0,0.0
2018-05-16 00:00:00+09:00,11015.573350438532,11089.835642688678,10124.425843436762,10495.7373046875,79285,0.0,0.0
2018-05-17 00:00:00+09:00,10594.754318377294,10842.295307124426,10495.737922878441,10792.787109375,26583,0.0,0.0
2018-05-18 00:00:00+09:00,10891.803531390135,11040.328125,10396.721552690582,11040.328125,18312,0.0,0.0
2018-05-21 00:00:00+09:00,11164.098409661341,11238.360705069288,10941.3115234375,10941.3115234375,18707,0.0,0.0
2018-05-23 00:00:00+09:00,10941.311507794622,10941.311507794622,10644.262326587528,10817.541015625,15846,0.0,0.0
2018-05-24 00:00:00+09:00,11040.328098122134,11238.36088911984,10619.508417252007,10792.787109375,14613,0.0,0.0
2018-05-25 00:00:00+09:00,10792.786932621606,11114.59021272271,10669.016440275029,10941.3115234375,34006,0.0,0.0
2018-05-28 00:00:00+09:00,10941.310928622159,11089.835511363637,10669.015860262785,10891.802734375,15720,0.0,0.0
2018-05-29 00:00:00+09:00,10891.803218482906,13020.655665731838,10891.803218482906,11584.91796875,307536,0.0,0.0
2018-05-30 00:00:00+09:00,11485.90117607527,11807.704441784275,11386.884786626344,11510.6552734375,38292,0.0,0.0
2018-05-31 00:00:00+09:00,11312.622430555555,11436.392916666666,10718.524097222222,11139.34375,85353,0.0,0.0
2018-06-01 00:00:00+09:00,11114.590287071735,11634.426358404711,10990.819793897217,11560.1640625,62165,0.0,0.0
2018-06-04 00:00:00+09:00,11560.163343782484,12005.737091508576,11535.40924668659,11906.720703125,49213,0.0,0.0
2018-06-05 00:00:00+09:00,11931.474822370112,12154.261696646732,11931.474822370112,12030.4912109375,33262,0.0,0.0
2018-06-07 00:00:00+09:00,12030.491575874217,12179.016163230688,11758.196499054018,11857.212890625,20467,0.0,0.0
2018-06-08 00:00:00+09:00,11609.672316157597,12104.754291260266,11609.672316157597,12055.24609375,22138,0.0,0.0
2018-06-11 00:00:00+09:00,12377.048828125,13070.1635625,12327.5406328125,12377.048828125,155829,0.0,0.0
2018-06-12 00:00:00+09:00,12525.574012543575,12550.328111382594,11980.983838085158,12426.5576171875,28641,0.0,0.0
2018-06-14 00:00:00+09:00,12426.557360410197,12500.819655392728,11807.704902222438,11956.2294921875,19855,0.0,0.0
2018-06-15 00:00:00+09:00,11881.96735963983,12055.246050301244,11634.426372980668,11683.9345703125,13871,0.0,0.0
2018-06-18 00:00:00+09:00,11634.426113238134,11881.96709437086,11139.344150972682,11213.6064453125,33668,0.0,0.0
2018-06-19 00:00:00+09:00,11238.35999813988,11436.3927734375,10149.179734002975,10396.720703125,56184,0.0,0.0
2018-06-20 00:00:00+09:00,10396.720833333333,12377.048611111111,10396.720833333333,11139.34375,269665,0.0,0.0
2018-06-21 00:00:00+09:00,11139.344493620987,11386.88548236812,10792.787109375,10792.787109375,27784,0.0,0.0
2018-06-22 00:00:00+09:00,10743.278529894407,10990.819509845891,10569.999843928368,10842.294921875,22304,0.0,0.0
2018-06-25 00:00:00+09:00,10718.524825946004,11337.37729857568,10570.000232514882,10916.5576171875,33283,0.0,0.0
2018-06-26 00:00:00+09:00,10916.557603748566,11411.639581242833,10743.278911625574,10792.787109375,50515,0.0,0.0
2018-06-27 00:00:00+09:00,10817.541194623695,11213.606776120214,10470.98381081424,10669.0166015625,36229,0.0,0.0
2018-06-28 00:00:00+09:00,10669.0166015625,11089.836281902551,10470.98381081424,10669.0166015625,17142,0.0,0.0
2018-06-29 00:00:00+09:00,10594.753568892045,10891.802734375,10520.491277521307,10891.802734375,8275,0.0,0.0
2018-07-02 00:00:00+09:00,10891.802884615385,11263.11434659091,10421.475032779721,10619.5078125,23354,0.0,0.0
2018-07-03 00:00:00+09:00,10446.228964619253,10891.802711925287,10446.228964619253,10768.0322265625,11242,0.0,0.0
2018-07-04 00:00:00+09:00,10768.03299693663,10867.049392310759,10644.262502718968,10669.0166015625,8791,0.0,0.0
2018-07-05 00:00:00+09:00,10669.016377091973,10990.819655287323,10297.704902251186,10446.2294921875,16324,0.0,0.0
2018-07-06 00:00:00+09:00,10644.261695772058,10644.261695772058,10173.933853400735,10520.4912109375,12157,0.0,0.0
2018-07-09 00:00:00+09:00,10470.983754847171,10470.983754847171,10050.164076756386,10173.9345703125,36337,0.0,0.0
2018-07-10 00:00:00+09:00,10322.458754595587,10322.458754595587,9951.14728860294,10099.671875,17084,0.0,0.0
2018-07-11 00:00:00+09:00,10074.918116108536,10074.918116108536,9604.590243366369,9678.8525390625,46811,0.0,0.0
2018-07-12 00:00:00+09:00,9753.115029046474,9802.623227163462,9629.344533754007,9654.0986328125,14482,0.0,0.0
2018-07-13 00:00:00+09:00,9802.622474154135,9926.39295993891,9604.589696898496,9876.884765625,19935,0.0,0.0
2018-07-16 00:00:00+09:00,9901.638862781956,9951.147057095865,9753.114279840225,9876.884765625,7400,0.0,0.0
2018-07-17 00:00:00+09:00,9728.360182683271,9951.147057095865,9728.360182683271,9876.884765625,12540,0.0,0.0
2018-07-18 00:00:00+09:00,9951.147667795567,10124.426358528324,9951.147667795567,10050.1640625,8928,0.0,0.0
2018-07-19 00:00:00+09:00,10272.950342763768,10347.212634398205,9876.884787380104,10000.6552734375,15293,0.0,0.0
2018-07-20 00:00:00+09:00,10000.655865147783,10050.1640625,9852.131273091132,10050.1640625,13819,0.0,0.0
2018-07-23 00:00:00+09:00,10025.409934303976,10025.409934303976,9555.082060842802,9802.623046875,21548,0.0,0.0
2018-07-24 00:00:00+09:00,9802.622624033505,9852.13081910438,9579.835746214561,9604.58984375,16234,0.0,0.0
2018-07-25 00:00:00+09:00,9629.343772307266,9827.376549115641,9406.556898397843,9753.1142578125,36430,0.0,0.0
2018-07-26 00:00:00+09:00,9876.884743317734,9876.884743317734,9555.081481004125,9753.1142578125,16524,0.0,0.0
2018-07-27 00:00:00+09:00,9753.114401223776,10941.311079545456,9753.114401223776,10619.5078125,129765,0.0,0.0
2018-07-30 00:00:00+09:00,10669.016615001434,10867.04940599914,10520.492021753154,10792.787109375,29244,0.0,0.0
2018-07-31 00:00:00+09:00,10669.01588175913,11065.08143653441,10545.245395891854,11015.5732421875,33622,0.0,0.0
2018-08-01 00:00:00+09:00,11139.343705610796,11139.343705610796,10842.294540127841,10891.802734375,24738,0.0,0.0
2018-08-02 00:00:00+09:00,10891.803310926773,11733.442657680205,10074.918062607265,10817.541015625,215955,0.0,0.0
2018-08-03 00:00:00+09:00,10817.541015625,10817.541015625,10371.967243814359,10817.541015625,476960,0.0,0.0
2018-08-06 00:00:00+09:00,11980.983240076013,12624.589777766047,10792.786555109797,10990.8193359375,1366782,0.0,0.0
2018-08-07 00:00:00+09:00,10891.803022851089,10941.311218409503,10050.16369835805,10223.4423828125,513595,0.0,0.0
2018-08-08 00:00:00+09:00,10223.442102732392,10371.966685338673,9753.1142578125,9753.1142578125,249412,0.0,0.0
2018-08-09 00:00:00+09:00,9753.11462370801,9876.88511385659,9579.8359375,9579.8359375,130521,0.0,0.0
2018-08-10 00:00:00+09:00,9456.065048217773,9678.851921081543,9431.31095123291,9505.5732421875,119057,0.0,0.0
2018-08-13 00:00:00+09:00,9480.819655146295,9505.573753462604,8911.475393871191,8936.2294921875,94420,0.0,0.0
2018-08-14 00:00:00+09:00,9109.508180401663,9109.508180401663,8861.967197238573,8936.2294921875,54174,0.0,0.0
2018-08-16 00:00:00+09:00,8762.950965401786,8861.967360491071,8663.9345703125,8663.9345703125,80551,0.0,0.0
2018-08-17 00:00:00+09:00,8688.688265489913,8861.966948847263,8540.163679755044,8589.671875,52063,0.0,0.0
2018-08-20 00:00:00+09:00,8639.18049858941,9084.754277886284,8639.18049858941,8911.4755859375,95235,0.0,0.0
2018-08-21 00:00:00+09:00,8861.96663053743,9035.245307670844,8861.96663053743,9010.4912109375,33179,0.0,0.0
2018-08-22 00:00:00+09:00,9060.000179036459,9060.000179036459,8861.967388237847,8911.4755859375,22717,0.0,0.0
2018-08-23 00:00:00+09:00,8886.721086090685,8936.229281556372,8663.934206495098,8837.212890625,35465,0.0,0.0
2018-08-24 00:00:00+09:00,8837.213480914868,8960.983977846448,8812.459381528552,8886.7216796875,30786,0.0,0.0
2018-08-27 00:00:00+09:00,8861.967180916434,8911.475377457866,8762.950787833568,8812.458984375,23152,0.0,0.0
2018-08-28 00:00:00+09:00,8837.213480914868,9109.508574164345,8837.213480914868,8886.7216796875,62149,0.0,0.0
2018-08-29 00:00:00+09:00,9084.754082085354,9084.754082085354,8886.721295554882,8936.2294921875,41704,0.0,0.0
2018-08-30 00:00:00+09:00,8911.47499127095,9010.49138006285,8787.704505281075,8861.966796875,27439,0.0,0.0
2018-08-31 00:00:00+09:00,8886.721086090685,8886.721086090685,8787.704695159313,8837.212890625,17728,0.0,0.0
2018-09-03 00:00:00+09:00,8861.967414484798,9431.31168971706,8861.967414484798,9159.0166015625,100919,0.0,0.0
2018-09-04 00:00:00+09:00,9109.508212601078,9357.049196639151,9035.245917389657,9183.7705078125,35623,0.0,0.0
2018-09-05 00:00:00+09:00,9159.016180723413,9183.770278509151,8886.721105080283,8960.9833984375,36883,0.0,0.0
2018-09-06 00:00:00+09:00,8936.229684787326,9060.000179036459,8911.4755859375,8911.4755859375,22610,0.0,0.0
2018-09-07 00:00:00+09:00,9010.492165430791,9010.492165430791,8738.19707251942,8762.951171875,34333,0.0,0.0
2018-09-10 00:00:00+09:00,8738.1962890625,8861.966774743272,8639.179900517882,8738.1962890625,31511,0.0,0.0
2018-09-11 00:00:00+09:00,8713.442973163841,8787.70527123058,8688.688873808263,8762.951171875,14436,0.0,0.0
2018-09-12 00:00:00+09:00,8886.721066561613,8886.721066561613,8688.688285134056,8713.4423828125,18047,0.0,0.0
2018-09-13 00:00:00+09:00,8738.196673010149,8787.704869457799,8564.917985443375,8688.6884765625,28156,0.0,0.0
2018-09-14 00:00:00+09:00,8762.950992838541,8985.73788248698,8688.688696289062,8911.4755859375,38321,0.0,0.0
2018-09-17 00:00:00+09:00,8936.229684787326,9035.246080186633,8812.459190538195,8911.4755859375,23406,0.0,0.0
2018-09-18 00:00:00+09:00,8886.721473371479,9109.508362676057,8738.19688050176,8787.705078125,34430,0.0,0.0
2018-09-19 00:00:00+09:00,8812.458950505781,8861.967146856936,8564.91796875,8564.91796875,28852,0.0,0.0
2018-09-20 00:00:00+09:00,8589.671875,8663.934167867435,8515.409582132565,8589.671875,39782,0.0,0.0
2018-09-21 00:00:00+09:00,8589.671684177443,8738.196266612787,8540.163490032328,8614.42578125,19616,0.0,0.0
2018-09-27 00:00:00+09:00,8614.426181891025,8985.737655248397,8564.917985443375,8688.6884765625,39468,0.0,0.0
2018-09-28 00:00:00+09:00,8688.688094790192,8936.229066151735,8663.933997654036,8738.1962890625,17263,0.0,0.0
2018-10-01 00:00:00+09:00,8762.950965401786,8837.21326171875,8639.180471540178,8663.9345703125,14188,0.0,0.0
2018-10-02 00:00:00+09:00,8738.196638448497,8738.196638448497,8441.1474609375,8441.1474609375,18871,0.0,0.0
2018-10-04 00:00:00+09:00,8465.90161430545,8540.163909167779,8045.081943418922,8119.34423828125,30805,0.0,0.0
2018-10-05 00:00:00+09:00,8094.590017158295,8366.885094188085,7822.294940128505,7946.0654296875,19984,0.0,0.0
2018-10-08 00:00:00+09:00,7847.04884935462,8292.62260105299,7847.04884935462,7970.8193359375,13279,0.0,0.0
2018-10-10 00:00:00+09:00,7698.524606224798,7921.311491935484,7673.7705078125,7673.7705078125,28871,0.0,0.0
2018-10-11 00:00:00+09:00,7426.229422433036,7649.016305106027,6931.1474609375,6931.1474609375,50406,0.0,0.0
2018-10-12 00:00:00+09:00,6510.327840307204,7376.721279131356,6510.327840307204,7302.458984375,46351,0.0,0.0
2018-10-15 00:00:00+09:00,7203.442591366525,7500.491770391949,7203.442591366525,7302.458984375,18691,0.0,0.0
2018-10-16 00:00:00+09:00,7450.983590494791,7450.983590494791,7277.70490234375,7426.2294921875,5372,0.0,0.0
2018-10-17 00:00:00+09:00,7426.229405167079,7624.262189304868,7426.229405167079,7500.49169921875,14413,0.0,0.0
2018-10-18 00:00:00+09:00,7475.737389605978,7549.999681555707,7302.458708389946,7401.47509765625,4928,0.0,0.0
2018-10-19 00:00:00+09:00,7252.950890743371,7376.721383759469,7079.672200520833,7351.96728515625,7897,0.0,0.0
2018-10-22 00:00:00+09:00,7252.950834803427,8342.131164944556,7252.950834803427,7673.7705078125,154031,0.0,0.0
2018-10-23 00:00:00+09:00,7772.786739414462,7797.540837310687,7252.95068359375,7252.95068359375,33966,0.0,0.0
2018-10-24 00:00:00+09:00,7228.196637834822,7525.245814732143,6931.1474609375,6931.1474609375,26188,0.0,0.0
2018-10-25 00:00:00+09:00,6708.360750741332,7005.409935276003,6683.606652030109,6782.623046875,19284,0.0,0.0
2018-10-26 00:00:00+09:00,6782.623001628861,6906.393494359315,6411.3115234375,6411.3115234375,39436,0.0,0.0
2018-10-29 00:00:00+09:00,6361.803357140492,6559.836146467823,5643.934495828919,5841.96728515625,81748,0.0,0.0
2018-10-30 00:00:00+09:00,5470.655751913906,6213.2787046624,5470.655751913906,6163.7705078125,57831,0.0,0.0
2018-10-31 00:00:00+09:00,6337.049038461539,6559.835918719952,6114.262158203125,6436.0654296875,23236,0.0,0.0
2018-11-01 00:00:00+09:00,6559.835768133072,6906.393129468404,6436.065281941882,6708.3603515625,39816,0.0,0.0
2018-11-02 00:00:00+09:00,6708.360561079546,6881.639247159091,6535.081875,6807.376953125,11091,0.0,0.0
2018-11-05 00:00:00+09:00,6906.393129468404,6906.393129468404,6460.8193791801195,6708.3603515625,22432,0.0,0.0
2018-11-06 00:00:00+09:00,6708.360610856681,7525.245851293103,6634.098316271552,7178.6884765625,235029,0.0,0.0
2018-11-07 00:00:00+09:00,7178.68854928524,7351.967238405918,6807.377072598072,6980.65576171875,58903,0.0,0.0
2018-11-08 00:00:00+09:00,6980.65576171875,7079.672155501995,6881.639367935505,6980.65576171875,26827,0.0,0.0
2018-11-09 00:00:00+09:00,7030.163942633123,7030.163942633123,6832.131155516697,6856.88525390625,14237,0.0,0.0
2018-11-12 00:00:00+09:00,6733.114534748134,6856.88502251924,6609.344046977029,6634.09814453125,8149,0.0,0.0
2018-11-13 00:00:00+09:00,6436.065465856482,6733.114641203704,6312.294976128473,6683.6064453125,11372,0.0,0.0
2018-11-14 00:00:00+09:00,6634.098284040178,6980.655657087054,6634.098284040178,6931.1474609375,22992,0.0,0.0
2018-11-15 00:00:00+09:00,6782.622769362635,6980.655550949865,6782.622769362635,6881.63916015625,12686,0.0,0.0
2018-11-16 00:00:00+09:00,6931.147443181819,6980.655639204546,6782.622855113636,6807.376953125,20177,0.0,0.0
2018-11-19 00:00:00+09:00,6807.376867061039,7079.67194174348,6807.376867061039,6881.63916015625,31390,0.0,0.0
2018-11-20 00:00:00+09:00,6832.130964759443,7079.67194174348,6782.622769362635,6881.63916015625,47319,0.0,0.0
2018-11-21 00:00:00+09:00,6782.6228370949075,6881.639228877315,6609.344151475694,6683.6064453125,31771,0.0,0.0
2018-11-22 00:00:00+09:00,6782.622942756204,6931.147532743566,6658.85245110007,6733.11474609375,30753,0.0,0.0
2018-11-23 00:00:00+09:00,6733.11471254771,6980.655694626669,6485.57373046875,6485.57373046875,29183,0.0,0.0
2018-11-26 00:00:00+09:00,6535.082004028745,7376.721353032448,6535.082004028745,7104.42626953125,194949,0.0,0.0
2018-11-27 00:00:00+09:00,7104.426181977371,7302.458967537716,7005.409789197198,7178.6884765625,86443,0.0,0.0
2018-11-28 00:00:00+09:00,7252.950951804577,7302.459149427817,7030.1640625,7030.1640625,30012,0.0,0.0
2018-11-29 00:00:00+09:00,7054.9177567560055,7228.19643850089,6955.9013671875,6955.9013671875,13107,0.0,0.0
2018-11-30 00:00:00+09:00,7030.163942633123,7030.163942633123,6856.88525390625,6856.88525390625,5842,0.0,0.0
2018-12-03 00:00:00+09:00,6881.63907501112,7054.9177567560055,6881.63907501112,6955.9013671875,7423,0.0,0.0
2018-12-04 00:00:00+09:00,6955.901647464463,7104.426237801783,6832.131155516697,6856.88525390625,8953,0.0,0.0
2018-12-05 00:00:00+09:00,6832.131229670074,6832.131229670074,6559.836144429601,6658.8525390625,12777,0.0,0.0
2018-12-06 00:00:00+09:00,6658.852508898407,6658.852508898407,6386.557424891409,6411.3115234375,16974,0.0,0.0
2018-12-07 00:00:00+09:00,6411.311163651316,6658.8521352208645,6411.311163651316,6584.58984375,8784,0.0,0.0
2018-12-10 00:00:00+09:00,6485.573819075772,6535.082016167954,6312.295129253137,6411.3115234375,6857,0.0,0.0
2018-12-11 00:00:00+09:00,6411.311613082886,6436.065711975098,6188.5247230529785,6337.04931640625,7470,0.0,0.0
2018-12-12 00:00:00+09:00,6287.541030707046,6535.082016167954,6262.786932160955,6411.3115234375,6425,0.0,0.0
2018-12-13 00:00:00+09:00,6436.0654296875,6535.081820913461,6337.049038461539,6436.0654296875,11060,0.0,0.0
2018-12-14 00:00:00+09:00,6436.0654296875,6535.081820913461,6238.032647235577,6436.0654296875,5747,0.0,0.0
2018-12-17 00:00:00+09:00,6411.3114013671875,6411.3114013671875,6238.03271484375,6238.03271484375,7031,0.0,0.0
2018-12-18 00:00:00+09:00,6139.01640938755,6262.7869015123,6139.01640938755,6163.7705078125,6493,0.0,0.0
2018-12-19 00:00:00+09:00,6287.54099993725,6287.54099993725,6064.754114112701,6163.7705078125,8750,0.0,0.0
2018-12-20 00:00:00+09:00,6139.01613451087,6535.081691576087,6015.245647927989,6262.78662109375,14769,0.0,0.0
2018-12-21 00:00:00+09:00,6262.7870062717875,6411.311599305901,6089.508314398655,6213.27880859375,10791,0.0,0.0
2018-12-24 00:00:00+09:00,6213.278794699568,6386.557486185213,6064.754201997586,6089.50830078125,5866,0.0,0.0
2018-12-26 00:00:00+09:00,5965.737704918033,6213.2786885245905,5965.737704918033,6040.0,6734,0.0,0.0
2018-12-27 00:00:00+09:00,6150.0,6350.0,6125.0,6175.0,8566,60.0,0.0
2018-12-28 00:00:00+09:00,6175.0,6400.0,6175.0,6400.0,6254,0.0,0.0
2019-01-02 00:00:00+09:00,6475.0,6475.0,6200.0,6225.0,20599,0.0,0.0
2019-01-03 00:00:00+09:00,6225.0,6350.0,6175.0,6325.0,6037,0.0,0.0
2019-01-04 00:00:00+09:00,6200.0,6550.0,6150.0,6550.0,17149,0.0,0.0
2019-01-07 00:00:00+09:00,6550.0,6775.0,6550.0,6675.0,21227,0.0,0.0
2019-01-08 00:00:00+09:00,6675.0,6825.0,6650.0,6800.0,24055,0.0,0.0
2019-01-09 00:00:00+09:00,6725.0,6925.0,6725.0,6825.0,28388,0.0,0.0
2019-01-10 00:00:00+09:00,6750.0,6825.0,6625.0,6725.0,14990,0.0,0.0
2019-01-11 00:00:00+09:00,6650.0,8375.0,6650.0,7050.0,1155273,0.0,0.0
2019-01-14 00:00:00+09:00,7050.0,7975.0,6750.0,7400.0,520018,0.0,0.0
2019-01-15 00:00:00+09:00,7275.0,7950.0,7200.0,7600.0,274075,0.0,0.0
2019-01-16 00:00:00+09:00,7550.0,7725.0,7500.0,7600.0,78224,0.0,0.0
2019-01-17 00:00:00+09:00,7675.0,7800.0,7450.0,7450.0,61643,0.0,0.0
2019-01-18 00:00:00+09:00,7500.0,7650.0,7350.0,7425.0,51334,0.0,0.0
2019-01-21 00:00:00+09:00,7475.0,7550.0,7400.0,7475.0,36660,0.0,0.0
2019-01-22 00:00:00+09:00,7475.0,7550.0,7375.0,7475.0,23975,0.0,0.0
2019-01-23 00:00:00+09:00,7500.0,7500.0,7300.0,7325.0,30664,0.0,0.0
2019-01-24 00:00:00+09:00,7400.0,7575.0,7250.0,7550.0,56717,0.0,0.0
2019-01-25 00:00:00+09:00,7575.0,7650.0,7475.0,7525.0,38436,0.0,0.0
2019-01-28 00:00:00+09:00,7550.0,7775.0,7475.0,7600.0,51569,0.0,0.0
2019-01-29 00:00:00+09:00,7650.0,7725.0,7550.0,7575.0,29080,0.0,0.0
2019-01-30 00:00:00+09:00,7550.0,7625.0,7425.0,7575.0,28633,0.0,0.0
2019-01-31 00:00:00+09:00,7600.0,7725.0,7550.0,7575.0,21576,0.0,0.0
2019-02-01 00:00:00+09:00,7575.0,7675.0,7400.0,7400.0,19959,0.0,0.0
2019-02-07 00:00:00+09:00,7400.0,7550.0,7275.0,7475.0,19661,0.0,0.0
2019-02-08 00:00:00+09:00,7500.0,7650.0,7425.0,7650.0,36074,0.0,0.0
2019-02-11 00:00:00+09:00,7700.0,7750.0,7550.0,7600.0,24444,0.0,0.0
2019-02-12 00:00:00+09:00,7625.0,7700.0,7500.0,7650.0,15579,0.0,0.0
2019-02-13 00:00:00+09:00,7675.0,7750.0,7550.0,7675.0,18960,0.0,0.0
2019-02-14 00:00:00+09:00,7750.0,8175.0,7675.0,8125.0,162566,0.0,0.0
2019-02-15 00:00:00+09:00,8125.0,8225.0,7950.0,8025.0,53088,0.0,0.0
2019-02-18 00:00:00+09:00,7975.0,8850.0,7825.0,8175.0,516218,0.0,0.0
2019-02-19 00:00:00+09:00,8250.0,8350.0,8025.0,8325.0,117428,0.0,0.0
2019-02-20 00:00:00+09:00,8325.0,8375.0,7925.0,8000.0,91582,0.0,0.0
2019-02-21 00:00:00+09:00,8000.0,9175.0,7825.0,8750.0,2248076,0.0,0.0
2019-02-22 00:00:00+09:00,8625.0,8775.0,8025.0,8275.0,476660,0.0,0.0
2019-02-25 00:00:00+09:00,8250.0,8400.0,8125.0,8175.0,96364,0.0,0.0
2019-02-26 00:00:00+09:00,8250.0,8800.0,8225.0,8425.0,467208,0.0,0.0
2019-02-27 00:00:00+09:00,8400.0,8550.0,8000.0,8100.0,119243,0.0,0.0
2019-02-28 00:00:00+09:00,8125.0,8200.0,7700.0,7825.0,94001,0.0,0.0
2019-03-04 00:00:00+09:00,7875.0,8075.0,7850.0,7950.0,40656,0.0,0.0
2019-03-05 00:00:00+09:00,7975.0,8075.0,7675.0,7700.0,67794,0.0,0.0
2019-03-06 00:00:00+09:00,7700.0,8150.0,7700.0,8125.0,68784,0.0,0.0
2019-03-07 00:00:00+09:00,8125.0,8250.0,7850.0,7975.0,70197,0.0,0.0
2019-03-08 00:00:00+09:00,8000.0,8300.0,7875.0,8000.0,62723,0.0,0.0
2019-03-11 00:00:00+09:00,8125.0,8225.0,7950.0,8050.0,40729,0.0,0.0
2019-03-12 00:00:00+09:00,8100.0,8175.0,7850.0,7900.0,43853,0.0,0.0
2019-03-13 00:00:00+09:00,7950.0,7975.0,7675.0,7725.0,49291,0.0,0.0
2019-03-14 00:00:00+09:00,7700.0,7925.0,7625.0,7825.0,29184,0.0,0.0
2019-03-15 00:00:00+09:00,7775.0,8000.0,7725.0,7750.0,52152,0.0,0.0
2019-03-18 00:00:00+09:00,7775.0,7950.0,7750.0,7875.0,26590,0.0,0.0
2019-03-19 00:00:00+09:00,7875.0,7950.0,7700.0,7850.0,37047,0.0,0.0
2019-03-20 00:00:00+09:00,7875.0,7900.0,7650.0,7750.0,20105,0.0,0.0
2019-03-21 00:00:00+09:00,7750.0,8075.0,7750.0,7950.0,82901,0.0,0.0
2019-03-22 00:00:00+09:00,7950.0,8000.0,7650.0,7750.0,52570,0.0,0.0
2019-03-25 00:00:00+09:00,7625.0,7750.0,7475.0,7475.0,30442,0.0,0.0
2019-03-26 00:00:00+09:00,7625.0,7750.0,7475.0,7725.0,38299,0.0,0.0
2019-03-27 00:00:00+09:00,7750.0,7825.0,7625.0,7650.0,28831,0.0,0.0
2019-03-28 00:00:00+09:00,7550.0,7775.0,7450.0,7750.0,64647,0.0,0.0
2019-03-29 00:00:00+09:00,7900.0,9150.0,7875.0,7975.0,2791206,0.0,0.0
2019-04-01 00:00:00+09:00,7975.0,8225.0,7950.0,8100.0,353652,0.0,0.0
2019-04-02 00:00:00+09:00,8600.0,9000.0,8275.0,8400.0,984885,0.0,0.0
2019-04-03 00:00:00+09:00,8425.0,8650.0,8225.0,8650.0,252359,0.0,0.0
2019-04-04 00:00:00+09:00,9150.0,9150.0,8500.0,8500.0,505676,0.0,0.0
2019-04-05 00:00:00+09:00,8600.0,8750.0,8400.0,8675.0,176963,0.0,0.0
2019-04-08 00:00:00+09:00,8675.0,8700.0,8400.0,8475.0,117269,0.0,0.0
2019-04-09 00:00:00+09:00,8500.0,8675.0,8400.0,8575.0,98522,0.0,0.0
2019-04-10 00:00:00+09:00,8650.0,8675.0,8475.0,8600.0,59009,0.0,0.0
2019-04-11 00:00:00+09:00,8600.0,8725.0,8525.0,8600.0,92071,0.0,0.0
2019-04-12 00:00:00+09:00,8600.0,8650.0,8500.0,8525.0,57320,0.0,0.0
2019-04-15 00:00:00+09:00,8575.0,8575.0,8250.0,8325.0,104020,0.0,0.0
2019-04-16 00:00:00+09:00,8400.0,8400.0,8125.0,8250.0,101620,0.0,0.0
2019-04-17 00:00:00+09:00,8600.0,9450.0,8575.0,8675.0,1366047,0.0,0.0
2019-04-18 00:00:00+09:00,8700.0,8850.0,8450.0,8825.0,177171,0.0,0.0
2019-04-19 00:00:00+09:00,8850.0,8850.0,8625.0,8700.0,121728,0.0,0.0
2019-04-22 00:00:00+09:00,8725.0,8850.0,8600.0,8675.0,68828,0.0,0.0
2019-04-23 00:00:00+09:00,8800.0,8950.0,8600.0,8750.0,180239,0.0,0.0
2019-04-24 00:00:00+09:00,8825.0,8900.0,8625.0,8725.0,76378,0.0,0.0
2019-04-25 00:00:00+09:00,8650.0,8825.0,8525.0,8650.0,57532,0.0,0.0
2019-04-26 00:00:00+09:00,8650.0,8650.0,8400.0,8525.0,45079,0.0,0.0
2019-04-29 00:00:00+09:00,8675.0,8800.0,8475.0,8575.0,90138,0.0,0.0
2019-04-30 00:00:00+09:00,8675.0,8850.0,8525.0,8675.0,48890,0.0,0.0
2019-05-02 00:00:00+09:00,8725.0,8850.0,8600.0,8750.0,86458,0.0,0.0
2019-05-03 00:00:00+09:00,8800.0,9275.0,8750.0,9275.0,383537,0.0,0.0
2019-05-07 00:00:00+09:00,9100.0,9150.0,8850.0,9050.0,161722,0.0,0.0
2019-05-08 00:00:00+09:00,8825.0,9600.0,8450.0,8450.0,663221,0.0,0.0
2019-05-09 00:00:00+09:00,8450.0,8550.0,7750.0,7925.0,163206,0.0,0.0
2019-05-10 00:00:00+09:00,7925.0,8225.0,7750.0,7900.0,87841,0.0,0.0
2019-05-13 00:00:00+09:00,7800.0,8200.0,7800.0,7900.0,58538,0.0,0.0
2019-05-14 00:00:00+09:00,7750.0,8075.0,7750.0,7900.0,42082,0.0,0.0
2019-05-15 00:00:00+09:00,7925.0,8175.0,7925.0,8150.0,49035,0.0,0.0
2019-05-16 00:00:00+09:00,8150.0,8175.0,7750.0,7775.0,50453,0.0,0.0
2019-05-17 00:00:00+09:00,7800.0,7900.0,7600.0,7625.0,45930,0.0,0.0
2019-05-20 00:00:00+09:00,7550.0,7700.0,7325.0,7325.0,50485,0.0,0.0
2019-05-21 00:00:00+09:00,7350.0,7500.0,7150.0,7200.0,32863,0.0,0.0
2019-05-22 00:00:00+09:00,7300.0,7400.0,7150.0,7300.0,18045,0.0,0.0
2019-05-23 00:00:00+09:00,7525.0,7575.0,7050.0,7075.0,26128,0.0,0.0
2019-05-24 00:00:00+09:00,7750.0,8325.0,7250.0,7300.0,736848,0.0,0.0
2019-05-27 00:00:00+09:00,7400.0,7650.0,7125.0,7125.0,77832,0.0,0.0
2019-05-28 00:00:00+09:00,7225.0,7375.0,7050.0,7150.0,43032,0.0,0.0
2019-05-29 00:00:00+09:00,7125.0,7200.0,6800.0,6850.0,68650,0.0,0.0
2019-05-30 00:00:00+09:00,6850.0,6975.0,6675.0,6875.0,27529,0.0,0.0
2019-05-31 00:00:00+09:00,6875.0,7075.0,6850.0,7075.0,16215,0.0,0.0
2019-06-03 00:00:00+09:00,7175.0,7175.0,6900.0,6950.0,14011,0.0,0.0
2019-06-04 00:00:00+09:00,7000.0,7075.0,6900.0,7000.0,14245,0.0,0.0
2019-06-05 00:00:00+09:00,7050.0,7200.0,6950.0,7150.0,26543,0.0,0.0
2019-06-07 00:00:00+09:00,7150.0,7525.0,7125.0,7425.0,56182,0.0,0.0
2019-06-10 00:00:00+09:00,7425.0,7575.0,7400.0,7500.0,36932,0.0,0.0
2019-06-11 00:00:00+09:00,7425.0,7725.0,7400.0,7700.0,44725,0.0,0.0
2019-06-12 00:00:00+09:00,7700.0,7700.0,7475.0,7575.0,18762,0.0,0.0
2019-06-13 00:00:00+09:00,7575.0,8075.0,7525.0,7950.0,169415,0.0,0.0
2019-06-14 00:00:00+09:00,7850.0,7850.0,7600.0,7675.0,37662,0.0,0.0
2019-06-17 00:00:00+09:00,7775.0,7825.0,7625.0,7725.0,30080,0.0,0.0
2019-06-18 00:00:00+09:00,7825.0,8500.0,7700.0,7750.0,383028,0.0,0.0
2019-06-19 00:00:00+09:00,7800.0,7875.0,7625.0,7750.0,52877,0.0,0.0
2019-06-20 00:00:00+09:00,7825.0,7925.0,7700.0,7900.0,53212,0.0,0.0
2019-06-21 00:00:00+09:00,8100.0,8200.0,7700.0,7775.0,116971,0.0,0.0
2019-06-24 00:00:00+09:00,7875.0,7900.0,7700.0,7800.0,25926,0.0,0.0
2019-06-25 00:00:00+09:00,7775.0,7950.0,7650.0,7675.0,37107,0.0,0.0
2019-06-26 00:00:00+09:00,7675.0,9975.0,7550.0,9975.0,7858224,0.0,0.0
2019-06-27 00:00:00+09:00,10850.0,11375.0,9925.0,10200.0,5377953,0.0,0.0
2019-06-28 00:00:00+09:00,10750.0,11325.0,9150.0,9150.0,3825206,0.0,0.0
2019-07-01 00:00:00+09:00,8900.0,9200.0,8800.0,9000.0,756809,0.0,0.0
2019-07-02 00:00:00+09:00,8875.0,9400.0,8850.0,9150.0,1117582,0.0,0.0
2019-07-03 00:00:00+09:00,9175.0,10175.0,8925.0,9225.0,3918607,0.0,0.0
2019-07-04 00:00:00+09:00,9275.0,9425.0,8575.0,8850.0,698824,0.0,0.0
2019-07-05 00:00:00+09:00,8750.0,8925.0,8475.0,8725.0,421972,0.0,0.0
2019-07-08 00:00:00+09:00,8725.0,8750.0,8125.0,8250.0,318472,0.0,0.0
2019-07-09 00:00:00+09:00,8250.0,8675.0,8200.0,8375.0,595987,0.0,0.0
2019-07-10 00:00:00+09:00,8325.0,8800.0,8325.0,8775.0,728201,0.0,0.0
2019-07-11 00:00:00+09:00,9475.0,9800.0,8775.0,8850.0,1511250,0.0,0.0
2019-07-12 00:00:00+09:00,8825.0,8975.0,8600.0,8900.0,324187,0.0,0.0
2019-07-15 00:00:00+09:00,8975.0,9350.0,8725.0,8750.0,848265,0.0,0.0
2019-07-16 00:00:00+09:00,8825.0,8975.0,8325.0,8475.0,347950,0.0,0.0
2019-07-17 00:00:00+09:00,8475.0,8475.0,7900.0,8200.0,282399,0.0,0.0
2019-07-18 00:00:00+09:00,8150.0,8375.0,7975.0,8050.0,182252,0.0,0.0
2019-07-19 00:00:00+09:00,8050.0,8225.0,7750.0,8150.0,160460,0.0,0.0
2019-07-22 00:00:00+09:00,8175.0,8200.0,8025.0,8050.0,80434,0.0,0.0
2019-07-23 00:00:00+09:00,8050.0,8325.0,8000.0,8150.0,183773,0.0,0.0
2019-07-24 00:00:00+09:00,8150.0,8275.0,7750.0,7750.0,141836,0.0,0.0
2019-07-25 00:00:00+09:00,7750.0,7975.0,7650.0,7725.0,141659,0.0,0.0
2019-07-26 00:00:00+09:00,7650.0,7850.0,7400.0,7750.0,111739,0.0,0.0
2019-07-29 00:00:00+09:00,7725.0,7800.0,7125.0,7150.0,135185,0.0,0.0
2019-07-30 00:00:00+09:00,7050.0,7625.0,7050.0,7300.0,88760,0.0,0.0
2019-07-31 00:00:00+09:00,7200.0,8200.0,7200.0,7475.0,596445,0.0,0.0
2019-08-01 00:00:00+09:00,7400.0,7400.0,7050.0,7050.0,186952,0.0,0.0
2019-08-02 00:00:00+09:00,7000.0,7150.0,6750.0,6950.0,103671,0.0,0.0
2019-08-05 00:00:00+09:00,6825.0,6925.0,6175.0,6175.0,165358,0.0,0.0
2019-08-06 00:00:00+09:00,6000.0,6450.0,5425.0,5900.0,161835,0.0,0.0
2019-08-07 00:00:00+09:00,5800.0,6250.0,5800.0,6175.0,94435,0.0,0.0
2019-08-08 00:00:00+09:00,6250.0,6525.0,6250.0,6350.0,72260,0.0,0.0
2019-08-09 00:00:00+09:00,6425.0,6675.0,6425.0,6575.0,52987,0.0,0.0
2019-08-12 00:00:00+09:00,6575.0,6625.0,6375.0,6575.0,49105,0.0,0.0
2019-08-13 00:00:00+09:00,6475.0,6625.0,6425.0,6450.0,48275,0.0,0.0
2019-08-14 00:00:00+09:00,6650.0,6900.0,6525.0,6600.0,161076,0.0,0.0
2019-08-16 00:00:00+09:00,6525.0,6550.0,6375.0,6475.0,49453,0.0,0.0
2019-08-19 00:00:00+09:00,6600.0,6950.0,6525.0,6950.0,123532,0.0,0.0
2019-08-20 00:00:00+09:00,7100.0,7175.0,6775.0,6875.0,124031,0.0,0.0
2019-08-21 00:00:00+09:00,6900.0,7200.0,6825.0,6950.0,150124,0.0,0.0
2019-08-22 00:00:00+09:00,6900.0,6975.0,6775.0,6850.0,47041,0.0,0.0
2019-08-23 00:00:00+09:00,6850.0,6900.0,6675.0,6750.0,37905,0.0,0.0
2019-08-26 00:00:00+09:00,6525.0,6650.0,6375.0,6475.0,48856,0.0,0.0
2019-08-27 00:00:00+09:00,6475.0,6725.0,6425.0,6425.0,24038,0.0,0.0
2019-08-28 00:00:00+09:00,6400.0,6850.0,6350.0,6525.0,75330,0.0,0.0
2019-08-29 00:00:00+09:00,6550.0,6700.0,6400.0,6400.0,31362,0.0,0.0
2019-08-30 00:00:00+09:00,6500.0,6625.0,6475.0,6600.0,18862,0.0,0.0
2019-09-02 00:00:00+09:00,6575.0,6825.0,6425.0,6775.0,37621,0.0,0.0
2019-09-03 00:00:00+09:00,6700.0,6950.0,6700.0,6825.0,45879,0.0,0.0
2019-09-04 00:00:00+09:00,6900.0,7000.0,6700.0,6975.0,66544,0.0,0.0
2019-09-05 00:00:00+09:00,7400.0,8850.0,7050.0,7100.0,2273603,0.0,0.0
2019-09-06 00:00:00+09:00,8175.0,8275.0,7250.0,7250.0,1330184,0.0,0.0
2019-09-09 00:00:00+09:00,7250.0,7300.0,6850.0,6950.0,308795,0.0,0.0
2019-09-10 00:00:00+09:00,7150.0,8250.0,7100.0,7700.0,3619810,0.0,0.0
2019-09-11 00:00:00+09:00,7500.0,7675.0,7400.0,7600.0,406003,0.0,0.0
2019-09-16 00:00:00+09:00,7625.0,7800.0,7575.0,7625.0,374979,0.0,0.0
2019-09-17 00:00:00+09:00,7600.0,7775.0,7250.0,7575.0,173149,0.0,0.0
2019-09-18 00:00:00+09:00,7550.0,7725.0,7325.0,7375.0,127451,0.0,0.0
2019-09-19 00:00:00+09:00,7500.0,7750.0,7350.0,7650.0,239022,0.0,0.0
2019-09-20 00:00:00+09:00,7650.0,7725.0,7400.0,7525.0,107937,0.0,0.0
2019-09-23 00:00:00+09:00,7475.0,7475.0,7000.0,7450.0,112189,0.0,0.0
2019-09-24 00:00:00+09:00,7350.0,7425.0,7250.0,7275.0,90909,0.0,0.0
2019-09-25 00:00:00+09:00,7150.0,7375.0,7075.0,7075.0,159761,0.0,0.0
2019-09-26 00:00:00+09:00,7075.0,7075.0,7075.0,7075.0,0,0.0,0.0
2019-09-27 00:00:00+09:00,7075.0,7075.0,7075.0,7075.0,0,0.0,0.0
2019-09-30 00:00:00+09:00,7075.0,7075.0,7075.0,7075.0,0,0.0,0.0
2019-10-01 00:00:00+09:00,7075.0,7075.0,7075.0,7075.0,0,0.0,0.0
2019-10-02 00:00:00+09:00,7075.0,7075.0,7075.0,7075.0,0,0.0,0.0
2019-10-04 00:00:00+09:00,7075.0,7075.0,7075.0,7075.0,0,0.0,0.0
2019-10-07 00:00:00+09:00,7075.0,7075.0,7075.0,7075.0,0,0.0,0.0
2019-10-08 00:00:00+09:00,7075.0,7075.0,7075.0,7075.0,0,0.0,0.0
2019-10-10 00:00:00+09:00,7075.0,7075.0,7075.0,7075.0,0,0.0,0.0
2019-10-11 00:00:00+09:00,7075.0,7075.0,7075.0,7075.0,0,0.0,0.0
2019-10-14 00:00:00+09:00,7075.0,7075.0,7075.0,7075.0,0,0.0,0.0
2019-10-15 00:00:00+09:00,7075.0,7075.0,7075.0,7075.0,0,0.0,0.0
2019-10-16 00:00:00+09:00,7075.0,7075.0,7075.0,7075.0,0,0.0,0.0
2019-10-17 00:00:00+09:00,7075.0,7075.0,7075.0,7075.0,0,0.0,0.0
2019-10-18 00:00:00+09:00,7075.0,7075.0,7075.0,7075.0,0,0.0,0.0
2019-10-21 00:00:00+09:00,6700.0,7160.0,6690.0,6820.0,103343,0.0,0.2
2019-10-22 00:00:00+09:00,6820.0,6820.0,6590.0,6600.0,41384,0.0,0.0
2019-10-23 00:00:00+09:00,6530.0,6540.0,6100.0,6200.0,119938,0.0,0.0
2019-10-24 00:00:00+09:00,6160.0,6940.0,6160.0,6590.0,235199,0.0,0.0
2019-10-25 00:00:00+09:00,6440.0,6890.0,6440.0,6560.0,82240,0.0,0.0
2019-10-28 00:00:00+09:00,6650.0,6930.0,6500.0,6880.0,57794,0.0,0.0
2019-10-29 00:00:00+09:00,6740.0,6900.0,6640.0,6700.0,61129,0.0,0.0
2019-10-30 00:00:00+09:00,6700.0,6700.0,6460.0,6570.0,39540,0.0,0.0
2019-10-31 00:00:00+09:00,6450.0,6600.0,6450.0,6500.0,20960,0.0,0.0
2019-11-01 00:00:00+09:00,6500.0,6600.0,6450.0,6500.0,25270,0.0,0.0
2019-11-04 00:00:00+09:00,6540.0,6630.0,6510.0,6580.0,14747,0.0,0.0
2019-11-05 00:00:00+09:00,6550.0,6610.0,6500.0,6600.0,22706,0.0,0.0
2019-11-06 00:00:00+09:00,6610.0,6770.0,6580.0,6600.0,25324,0.0,0.0
2019-11-07 00:00:00+09:00,6530.0,6600.0,6530.0,6530.0,11682,0.0,0.0
2019-11-08 00:00:00+09:00,6520.0,6570.0,6490.0,6500.0,11432,0.0,0.0
2019-11-11 00:00:00+09:00,6540.0,6540.0,6440.0,6510.0,17951,0.0,0.0
2019-11-12 00:00:00+09:00,6550.0,6580.0,6410.0,6500.0,24534,0.0,0.0
2019-11-13 00:00:00+09:00,6450.0,6500.0,6380.0,6470.0,23446,0.0,0.0
2019-11-14 00:00:00+09:00,6480.0,6510.0,6320.0,6480.0,28143,0.0,0.0
2019-11-15 00:00:00+09:00,6390.0,6520.0,6390.0,6510.0,14539,0.0,0.0
2019-11-18 00:00:00+09:00,6560.0,6560.0,6400.0,6410.0,17977,0.0,0.0
2019-11-19 00:00:00+09:00,6590.0,6590.0,6360.0,6380.0,16673,0.0,0.0
2019-11-20 00:00:00+09:00,6360.0,6380.0,6260.0,6270.0,15630,0.0,0.0
2019-11-21 00:00:00+09:00,6310.0,6310.0,6030.0,6060.0,19711,0.0,0.0
2019-11-22 00:00:00+09:00,5950.0,6100.0,5950.0,6020.0,29408,0.0,0.0
2019-11-25 00:00:00+09:00,6020.0,6190.0,6010.0,6160.0,12416,0.0,0.0
2019-11-26 00:00:00+09:00,6080.0,6260.0,6080.0,6260.0,10512,0.0,0.0
2019-11-27 00:00:00+09:00,6330.0,6330.0,6150.0,6160.0,5093,0.0,0.0
2019-11-28 00:00:00+09:00,6450.0,6450.0,6110.0,6160.0,14968,0.0,0.0
2019-11-29 00:00:00+09:00,6010.0,6110.0,5990.0,5990.0,28028,0.0,0.0
2019-12-02 00:00:00+09:00,5990.0,6040.0,5960.0,5980.0,15560,0.0,0.0
2019-12-03 00:00:00+09:00,5950.0,6110.0,5870.0,6110.0,17712,0.0,0.0
2019-12-04 00:00:00+09:00,6070.0,6110.0,5970.0,5970.0,13758,0.0,0.0
2019-12-05 00:00:00+09:00,5970.0,6030.0,5890.0,5900.0,14417,0.0,0.0
2019-12-06 00:00:00+09:00,5800.0,6020.0,5800.0,6000.0,11299,0.0,0.0
2019-12-09 00:00:00+09:00,6010.0,6100.0,5970.0,6040.0,8804,0.0,0.0
2019-12-10 00:00:00+09:00,6000.0,6080.0,5970.0,6040.0,10072,0.0,0.0
2019-12-11 00:00:00+09:00,6040.0,6060.0,5980.0,6040.0,5762,0.0,0.0
2019-12-12 00:00:00+09:00,6050.0,6080.0,6000.0,6080.0,5950,0.0,0.0
2019-12-13 00:00:00+09:00,6090.0,6210.0,6050.0,6150.0,16181,0.0,0.0
2019-12-16 00:00:00+09:00,6210.0,6210.0,6100.0,6150.0,8589,0.0,0.0
2019-12-17 00:00:00+09:00,6090.0,6210.0,6000.0,6180.0,19279,0.0,0.0
2019-12-18 00:00:00+09:00,6110.0,6190.0,5970.0,6170.0,12733,0.0,0.0
2019-12-19 00:00:00+09:00,6170.0,6230.0,6090.0,6130.0,10964,0.0,0.0
2019-12-20 00:00:00+09:00,6080.0,6160.0,6060.0,6120.0,15663,0.0,0.0
2019-12-23 00:00:00+09:00,6180.0,6180.0,5880.0,6020.0,11539,0.0,0.0
2019-12-24 00:00:00+09:00,6020.0,6060.0,5910.0,5920.0,16735,0.0,0.0
2019-12-26 00:00:00+09:00,5920.0,5980.0,5890.0,5950.0,10226,0.0,0.0
2019-12-27 00:00:00+09:00,5950.0,5970.0,5840.0,5920.0,28857,0.0,0.0
2019-12-30 00:00:00+09:00,5920.0,5970.0,5850.0,5900.0,23148,0.0,0.0
2020-01-02 00:00:00+09:00,5900.0,5960.0,5870.0,5960.0,20596,0.0,0.0
2020-01-03 00:00:00+09:00,5960.0,6030.0,5950.0,5990.0,18916,0.0,0.0
2020-01-06 00:00:00+09:00,5990.0,6020.0,5870.0,5880.0,21235,0.0,0.0
2020-01-07 00:00:00+09:00,6190.0,7560.0,6000.0,6610.0,4038980,0.0,0.0
2020-01-08 00:00:00+09:00,6700.0,6780.0,6120.0,6120.0,459871,0.0,0.0
2020-01-09 00:00:00+09:00,6230.0,6340.0,5850.0,6050.0,415006,0.0,0.0
2020-01-10 00:00:00+09:00,6010.0,6150.0,5950.0,6060.0,132901,0.0,0.0
2020-01-13 00:00:00+09:00,6120.0,6140.0,6000.0,6120.0,102060,0.0,0.0
2020-01-14 00:00:00+09:00,6150.0,6260.0,6090.0,6260.0,104397,0.0,0.0
2020-01-15 00:00:00+09:00,6270.0,6350.0,6230.0,6300.0,86461,0.0,0.0
2020-01-16 00:00:00+09:00,6250.0,6380.0,6200.0,6280.0,70377,0.0,0.0
2020-01-17 00:00:00+09:00,6320.0,6340.0,6240.0,6330.0,55179,0.0,0.0
2020-01-20 00:00:00+09:00,6390.0,6390.0,6230.0,6270.0,41578,0.0,0.0
2020-01-21 00:00:00+09:00,6300.0,6300.0,6120.0,6130.0,43467,0.0,0.0
2020-01-22 00:00:00+09:00,6090.0,6230.0,6090.0,6200.0,34794,0.0,0.0
2020-01-23 00:00:00+09:00,6210.0,6280.0,6130.0,6220.0,48662,0.0,0.0
2020-01-28 00:00:00+09:00,6100.0,6100.0,5820.0,5910.0,51920,0.0,0.0
2020-01-29 00:00:00+09:00,5950.0,6030.0,5890.0,5950.0,46558,0.0,0.0
2020-01-30 00:00:00+09:00,5960.0,6020.0,5870.0,5890.0,26765,0.0,0.0
2020-01-31 00:00:00+09:00,5890.0,5930.0,5700.0,5740.0,47938,0.0,0.0
2020-02-03 00:00:00+09:00,5610.0,5780.0,5610.0,5700.0,27789,0.0,0.0
2020-02-04 00:00:00+09:00,5700.0,5890.0,5700.0,5780.0,17353,0.0,0.0
2020-02-05 00:00:00+09:00,5840.0,6000.0,5780.0,5970.0,26887,0.0,0.0
2020-02-06 00:00:00+09:00,5920.0,6060.0,5920.0,5980.0,13601,0.0,0.0
2020-02-07 00:00:00+09:00,5980.0,5980.0,5880.0,5970.0,12749,0.0,0.0
2020-02-10 00:00:00+09:00,5970.0,5970.0,5860.0,5860.0,24050,0.0,0.0
2020-02-11 00:00:00+09:00,5890.0,6060.0,5870.0,6040.0,22916,0.0,0.0
2020-02-12 00:00:00+09:00,6040.0,6180.0,5940.0,6020.0,77489,0.0,0.0
2020-02-13 00:00:00+09:00,6020.0,6100.0,5970.0,5980.0,21315,0.0,0.0
2020-02-14 00:00:00+09:00,6030.0,6140.0,5920.0,6070.0,34885,0.0,0.0
2020-02-17 00:00:00+09:00,6070.0,6090.0,5960.0,6070.0,22049,0.0,0.0
2020-02-18 00:00:00+09:00,6010.0,6150.0,6010.0,6130.0,47114,0.0,0.0
2020-02-19 00:00:00+09:00,6130.0,6160.0,6030.0,6030.0,21652,0.0,0.0
2020-02-20 00:00:00+09:00,6030.0,6140.0,5960.0,5980.0,17031,0.0,0.0
2020-02-21 00:00:00+09:00,5910.0,6060.0,5880.0,5940.0,17949,0.0,0.0
2020-02-24 00:00:00+09:00,5880.0,5900.0,5760.0,5800.0,38037,0.0,0.0
2020-02-25 00:00:00+09:00,5590.0,5880.0,5590.0,5790.0,26366,0.0,0.0
2020-02-26 00:00:00+09:00,5750.0,5790.0,5670.0,5730.0,18132,0.0,0.0
2020-02-27 00:00:00+09:00,5710.0,5750.0,5580.0,5650.0,31587,0.0,0.0
2020-02-28 00:00:00+09:00,5480.0,5650.0,5050.0,5110.0,73942,0.0,0.0
2020-03-02 00:00:00+09:00,5110.0,5240.0,4995.0,5120.0,34055,0.0,0.0
2020-03-03 00:00:00+09:00,5140.0,5280.0,5140.0,5180.0,19799,0.0,0.0
2020-03-04 00:00:00+09:00,5180.0,5430.0,5120.0,5360.0,15679,0.0,0.0
2020-03-05 00:00:00+09:00,5470.0,5560.0,5350.0,5420.0,14080,0.0,0.0
2020-03-06 00:00:00+09:00,5420.0,5440.0,5340.0,5370.0,10420,0.0,0.0
2020-03-09 00:00:00+09:00,5370.0,5370.0,5370.0,5370.0,0,0.0,0.0
2020-03-10 00:00:00+09:00,4950.0,5140.0,4920.0,5070.0,39907,0.0,0.0
2020-03-11 00:00:00+09:00,5050.0,5160.0,4935.0,5020.0,31485,0.0,0.0
2020-03-12 00:00:00+09:00,5020.0,5020.0,5020.0,5020.0,0,0.0,0.0
2020-03-13 00:00:00+09:00,4415.0,4875.0,3760.0,4460.0,74699,0.0,0.0
2020-03-16 00:00:00+09:00,4575.0,4575.0,4155.0,4155.0,51389,0.0,0.0
2020-03-17 00:00:00+09:00,3775.0,4195.0,3775.0,4195.0,20498,0.0,0.0
2020-03-18 00:00:00+09:00,4150.0,4220.0,3855.0,4000.0,11864,0.0,0.0
2020-03-19 00:00:00+09:00,3860.0,3985.0,3185.0,3570.0,73586,0.0,0.0
2020-03-20 00:00:00+09:00,3350.0,3670.0,3350.0,3665.0,47880,0.0,0.0
2020-03-23 00:00:00+09:00,3400.0,3600.0,3150.0,3270.0,29332,0.0,0.0
2020-03-24 00:00:00+09:00,3275.0,3400.0,3230.0,3370.0,42392,0.0,0.0
2020-03-25 00:00:00+09:00,3420.0,3630.0,3325.0,3630.0,73973,0.0,0.0
2020-03-26 00:00:00+09:00,3630.0,3970.0,3630.0,3780.0,40458,0.0,0.0
2020-03-27 00:00:00+09:00,3815.0,3970.0,3720.0,3780.0,33541,0.0,0.0
2020-03-30 00:00:00+09:00,3720.0,3960.0,3650.0,3960.0,26141,0.0,0.0
2020-03-31 00:00:00+09:00,4300.0,4300.0,4020.0,4255.0,61821,0.0,0.0
2020-04-01 00:00:00+09:00,4255.0,4395.0,3985.0,4185.0,40545,0.0,0.0
2020-04-02 00:00:00+09:00,4185.0,4380.0,4000.0,4360.0,22777,0.0,0.0
2020-04-03 00:00:00+09:00,4360.0,4400.0,4250.0,4350.0,24321,0.0,0.0
2020-04-06 00:00:00+09:00,4370.0,4570.0,4305.0,4450.0,49514,0.0,0.0
2020-04-07 00:00:00+09:00,4595.0,4765.0,4465.0,4700.0,49949,0.0,0.0
2020-04-08 00:00:00+09:00,4700.0,4740.0,4595.0,4715.0,49497,0.0,0.0
2020-04-09 00:00:00+09:00,4750.0,4945.0,4750.0,4880.0,63686,0.0,0.0
2020-04-10 00:00:00+09:00,5360.0,5560.0,4945.0,5090.0,231498,0.0,0.0
2020-04-13 00:00:00+09:00,5020.0,5340.0,4930.0,4985.0,52942,0.0,0.0
2020-04-14 00:00:00+09:00,5150.0,5150.0,4980.0,5100.0,23290,0.0,0.0
2020-04-16 00:00:00+09:00,5150.0,5150.0,4970.0,5140.0,21446,0.0,0.0
2020-04-17 00:00:00+09:00,5150.0,6150.0,5110.0,5390.0,561912,0.0,0.0
2020-04-20 00:00:00+09:00,5400.0,5550.0,5340.0,5360.0,83853,0.0,0.0
2020-04-21 00:00:00+09:00,5430.0,5630.0,4885.0,5280.0,148913,0.0,0.0
2020-04-22 00:00:00+09:00,5170.0,5280.0,5070.0,5230.0,25148,0.0,0.0
2020-04-23 00:00:00+09:00,5290.0,5530.0,5290.0,5490.0,76583,0.0,0.0
2020-04-24 00:00:00+09:00,5510.0,5890.0,5370.0,5810.0,178781,0.0,0.0
2020-04-27 00:00:00+09:00,6000.0,6100.0,5710.0,5740.0,179846,0.0,0.0
2020-04-28 00:00:00+09:00,5740.0,5880.0,5570.0,5610.0,48688,0.0,0.0
2020-04-29 00:00:00+09:00,5610.0,5660.0,5370.0,5370.0,60728,0.0,0.0
2020-05-04 00:00:00+09:00,5380.0,5500.0,5220.0,5400.0,27157,0.0,0.0
2020-05-06 00:00:00+09:00,5500.0,5640.0,5460.0,5600.0,29843,0.0,0.0
2020-05-07 00:00:00+09:00,5620.0,5970.0,5600.0,5950.0,147747,0.0,0.0
2020-05-08 00:00:00+09:00,5950.0,6070.0,5770.0,5900.0,57254,0.0,0.0
2020-05-11 00:00:00+09:00,5900.0,6290.0,5870.0,6040.0,275047,0.0,0.0
2020-05-12 00:00:00+09:00,6070.0,6100.0,5860.0,5910.0,51821,0.0,0.0
2020-05-13 00:00:00+09:00,5910.0,5960.0,5720.0,5950.0,63271,0.0,0.0
2020-05-14 00:00:00+09:00,5910.0,5950.0,5720.0,5790.0,32500,0.0,0.0
2020-05-15 00:00:00+09:00,5790.0,5880.0,5600.0,5790.0,32747,0.0,0.0
2020-05-18 00:00:00+09:00,5730.0,6760.0,5600.0,5920.0,980272,0.0,0.0
2020-05-19 00:00:00+09:00,5950.0,6200.0,5410.0,5750.0,224549,0.0,0.0
2020-05-20 00:00:00+09:00,5770.0,6060.0,5750.0,6000.0,124704,0.0,0.0
2020-05-21 00:00:00+09:00,6100.0,6100.0,5880.0,5940.0,61451,0.0,0.0
2020-05-22 00:00:00+09:00,5940.0,6040.0,5730.0,5800.0,42482,0.0,0.0
2020-05-25 00:00:00+09:00,6020.0,6420.0,5800.0,6100.0,506147,0.0,0.0
2020-05-26 00:00:00+09:00,6180.0,6330.0,6120.0,6150.0,227038,0.0,0.0
2020-05-27 00:00:00+09:00,6160.0,6210.0,5980.0,6050.0,60747,0.0,0.0
2020-05-28 00:00:00+09:00,6190.0,6500.0,5810.0,6000.0,190674,0.0,0.0
2020-05-29 00:00:00+09:00,5920.0,6060.0,5790.0,5910.0,33091,0.0,0.0
2020-06-01 00:00:00+09:00,5910.0,6140.0,5910.0,5970.0,37958,0.0,0.0
2020-06-02 00:00:00+09:00,5970.0,6070.0,5960.0,6020.0,34222,0.0,0.0
2020-06-03 00:00:00+09:00,6120.0,6120.0,5700.0,5940.0,39289,0.0,0.0
2020-06-04 00:00:00+09:00,5940.0,6010.0,5930.0,6000.0,20673,0.0,0.0
2020-06-05 00:00:00+09:00,6000.0,6020.0,5800.0,6000.0,22098,0.0,0.0
2020-06-08 00:00:00+09:00,6000.0,6020.0,5930.0,6000.0,30275,0.0,0.0
2020-06-09 00:00:00+09:00,6030.0,6110.0,5930.0,5950.0,44472,0.0,0.0
2020-06-10 00:00:00+09:00,5950.0,5990.0,5800.0,5830.0,37068,0.0,0.0
2020-06-11 00:00:00+09:00,5830.0,5860.0,5700.0,5720.0,41019,0.0,0.0
2020-06-12 00:00:00+09:00,5600.0,5620.0,5260.0,5580.0,48848,0.0,0.0
2020-06-15 00:00:00+09:00,5520.0,5670.0,5040.0,5080.0,60588,0.0,0.0
2020-06-16 00:00:00+09:00,5250.0,5310.0,5130.0,5190.0,52202,0.0,0.0
2020-06-17 00:00:00+09:00,5240.0,5330.0,5100.0,5140.0,28038,0.0,0.0
2020-06-18 00:00:00+09:00,5150.0,5200.0,5100.0,5150.0,8603,0.0,0.0
2020-06-19 00:00:00+09:00,5460.0,5510.0,5290.0,5370.0,52952,0.0,0.0
2020-06-22 00:00:00+09:00,5400.0,5440.0,5260.0,5310.0,15415,0.0,0.0
2020-06-23 00:00:00+09:00,5380.0,5500.0,4950.0,5150.0,40183,0.0,0.0
2020-06-24 00:00:00+09:00,5220.0,5390.0,5170.0,5360.0,21216,0.0,0.0
2020-06-25 00:00:00+09:00,5260.0,5300.0,5110.0,5240.0,20704,0.0,0.0
2020-06-26 00:00:00+09:00,5240.0,5290.0,5130.0,5240.0,12327,0.0,0.0
2020-06-29 00:00:00+09:00,5190.0,5290.0,5040.0,5060.0,12612,0.0,0.0
2020-06-30 00:00:00+09:00,5100.0,5280.0,5040.0,5040.0,13046,0.0,0.0
2020-07-01 00:00:00+09:00,5100.0,5260.0,5050.0,5050.0,12846,0.0,0.0
2020-07-02 00:00:00+09:00,5200.0,5200.0,5050.0,5140.0,9522,0.0,0.0
2020-07-03 00:00:00+09:00,5200.0,5220.0,5100.0,5150.0,8672,0.0,0.0
2020-07-06 00:00:00+09:00,5150.0,5270.0,5090.0,5210.0,12085,0.0,0.0
2020-07-07 00:00:00+09:00,5210.0,5350.0,5210.0,5210.0,14415,0.0,0.0
2020-07-08 00:00:00+09:00,5250.0,5490.0,5220.0,5320.0,30872,0.0,0.0
2020-07-09 00:00:00+09:00,5430.0,5430.0,5320.0,5370.0,13750,0.0,0.0
2020-07-10 00:00:00+09:00,5440.0,5490.0,5330.0,5380.0,14256,0.0,0.0
2020-07-13 00:00:00+09:00,5490.0,5490.0,5320.0,5390.0,17513,0.0,0.0
2020-07-14 00:00:00+09:00,5390.0,5390.0,5270.0,5330.0,7649,0.0,0.0
2020-07-15 00:00:00+09:00,5450.0,5450.0,5250.0,5340.0,8293,0.0,0.0
2020-07-16 00:00:00+09:00,5480.0,5680.0,5300.0,5300.0,72582,0.0,0.0
2020-07-17 00:00:00+09:00,5300.0,5360.0,5210.0,5300.0,10693,0.0,0.0
2020-07-20 00:00:00+09:00,5360.0,5400.0,5130.0,5370.0,29536,0.0,0.0
2020-07-21 00:00:00+09:00,5320.0,5330.0,5170.0,5200.0,28088,0.0,0.0
2020-07-22 00:00:00+09:00,5200.0,5300.0,5130.0,5200.0,21816,0.0,0.0
2020-07-23 00:00:00+09:00,5280.0,5280.0,5070.0,5140.0,16578,0.0,0.0
2020-07-24 00:00:00+09:00,5140.0,5180.0,5050.0,5130.0,19412,0.0,0.0
2020-07-27 00:00:00+09:00,5130.0,5130.0,5060.0,5100.0,19540,0.0,0.0
2020-07-28 00:00:00+09:00,5080.0,5140.0,5020.0,5080.0,32708,0.0,0.0
2020-07-29 00:00:00+09:00,5120.0,5120.0,5010.0,5090.0,13049,0.0,0.0
2020-07-30 00:00:00+09:00,5090.0,5090.0,5010.0,5020.0,15327,0.0,0.0
2020-07-31 00:00:00+09:00,5020.0,5020.0,4940.0,4960.0,37714,0.0,0.0
2020-08-03 00:00:00+09:00,4940.0,4985.0,4905.0,4960.0,12061,0.0,0.0
2020-08-04 00:00:00+09:00,4915.0,5020.0,4880.0,4905.0,44559,0.0,0.0
2020-08-05 00:00:00+09:00,4910.0,5040.0,4905.0,4955.0,32221,0.0,0.0
2020-08-06 00:00:00+09:00,4935.0,4950.0,4900.0,4910.0,22948,0.0,0.0
2020-08-07 00:00:00+09:00,4910.0,4910.0,4815.0,4840.0,22381,0.0,0.0
2020-08-10 00:00:00+09:00,4840.0,4865.0,4790.0,4815.0,17876,0.0,0.0
2020-08-11 00:00:00+09:00,4780.0,4860.0,4750.0,4810.0,16232,0.0,0.0
2020-08-12 00:00:00+09:00,4810.0,5020.0,4720.0,4795.0,17328,0.0,0.0
2020-08-13 00:00:00+09:00,4800.0,4840.0,4790.0,4820.0,17921,0.0,0.0
2020-08-14 00:00:00+09:00,4865.0,5670.0,4850.0,4995.0,1069342,0.0,0.0
2020-08-18 00:00:00+09:00,4950.0,4985.0,4705.0,4775.0,75884,0.0,0.0
2020-08-19 00:00:00+09:00,4730.0,4825.0,4690.0,4740.0,39839,0.0,0.0
2020-08-20 00:00:00+09:00,4755.0,4950.0,4555.0,4645.0,37791,0.0,0.0
2020-08-21 00:00:00+09:00,4645.0,4730.0,4615.0,4615.0,15413,0.0,0.0
2020-08-24 00:00:00+09:00,4515.0,4725.0,4370.0,4720.0,30824,0.0,0.0
2020-08-25 00:00:00+09:00,4720.0,4825.0,4695.0,4800.0,13282,0.0,0.0
2020-08-26 00:00:00+09:00,4860.0,4860.0,4725.0,4770.0,14956,0.0,0.0
2020-08-27 00:00:00+09:00,4885.0,4950.0,4750.0,4945.0,62880,0.0,0.0
2020-08-28 00:00:00+09:00,4965.0,5230.0,4960.0,5020.0,73556,0.0,0.0
2020-08-31 00:00:00+09:00,5040.0,5200.0,4990.0,5020.0,58057,0.0,0.0
2020-09-01 00:00:00+09:00,5020.0,5100.0,5000.0,5040.0,12341,0.0,0.0
2020-09-02 00:00:00+09:00,5230.0,5230.0,5040.0,5080.0,39683,0.0,0.0
2020-09-03 00:00:00+09:00,5080.0,5150.0,5080.0,5100.0,12987,0.0,0.0
2020-09-04 00:00:00+09:00,5000.0,5100.0,4900.0,5020.0,29482,0.0,0.0
2020-09-07 00:00:00+09:00,5060.0,5070.0,4865.0,4900.0,55831,0.0,0.0
2020-09-08 00:00:00+09:00,4985.0,4985.0,4855.0,4900.0,56198,0.0,0.0
2020-09-09 00:00:00+09:00,4890.0,4985.0,4750.0,4840.0,35563,0.0,0.0
2020-09-10 00:00:00+09:00,4840.0,4930.0,4840.0,4880.0,29749,0.0,0.0
2020-09-11 00:00:00+09:00,4900.0,4960.0,4865.0,4930.0,36274,0.0,0.0
2020-09-14 00:00:00+09:00,4990.0,4990.0,4925.0,4970.0,30080,0.0,0.0
2020-09-15 00:00:00+09:00,4975.0,4995.0,4950.0,4970.0,31358,0.0,0.0
2020-09-16 00:00:00+09:00,4965.0,5040.0,4870.0,4975.0,46010,0.0,0.0
2020-09-17 00:00:00+09:00,5000.0,5650.0,5000.0,5380.0,1097503,0.0,0.0
2020-09-18 00:00:00+09:00,5250.0,5350.0,5180.0,5320.0,115452,0.0,0.0
2020-09-21 00:00:00+09:00,5300.0,5300.0,5100.0,5100.0,92586,0.0,0.0
2020-09-22 00:00:00+09:00,5080.0,6630.0,4745.0,5250.0,5685662,0.0,0.0
2020-09-23 00:00:00+09:00,5250.0,6000.0,5180.0,5730.0,2326905,0.0,0.0
2020-09-24 00:00:00+09:00,5590.0,5590.0,5130.0,5270.0,484795,0.0,0.0
2020-09-25 00:00:00+09:00,5270.0,5640.0,5270.0,5620.0,471182,0.0,0.0
2020-09-28 00:00:00+09:00,5690.0,5810.0,5470.0,5520.0,358663,0.0,0.0
2020-09-29 00:00:00+09:00,5540.0,5840.0,5360.0,5650.0,288177,0.0,0.0
2020-10-05 00:00:00+09:00,5670.0,5800.0,5520.0,5800.0,256807,0.0,0.0
2020-10-06 00:00:00+09:00,5760.0,6440.0,5680.0,6180.0,1119774,0.0,0.0
2020-10-07 00:00:00+09:00,6090.0,6150.0,5900.0,5990.0,273432,0.0,0.0
2020-10-08 00:00:00+09:00,6000.0,6070.0,5800.0,5870.0,204754,0.0,0.0
2020-10-12 00:00:00+09:00,5730.0,5800.0,5580.0,5760.0,173831,0.0,0.0
2020-10-13 00:00:00+09:00,5750.0,5860.0,5610.0,5790.0,89787,0.0,0.0
2020-10-14 00:00:00+09:00,5760.0,5770.0,5640.0,5660.0,86195,0.0,0.0
2020-10-15 00:00:00+09:00,5630.0,5690.0,5380.0,5520.0,97459,0.0,0.0
2020-10-16 00:00:00+09:00,5530.0,5560.0,5100.0,5360.0,108852,0.0,0.0
2020-10-19 00:00:00+09:00,5400.0,5520.0,5210.0,5320.0,49531,0.0,0.0
2020-10-20 00:00:00+09:00,5310.0,5420.0,5180.0,5400.0,37736,0.0,0.0
2020-10-21 00:00:00+09:00,5370.0,5550.0,5370.0,5550.0,41858,0.0,0.0
2020-10-22 00:00:00+09:00,5580.0,5670.0,5410.0,5550.0,66083,0.0,0.0
2020-10-23 00:00:00+09:00,5600.0,5690.0,5550.0,5610.0,81707,0.0,0.0
2020-10-26 00:00:00+09:00,5660.0,5660.0,5300.0,5300.0,62390,0.0,0.0
2020-10-27 00:00:00+09:00,5300.0,5450.0,5230.0,5270.0,38835,0.0,0.0
2020-10-28 00:00:00+09:00,5270.0,5430.0,5260.0,5400.0,20873,0.0,0.0
2020-10-29 00:00:00+09:00,5210.0,5390.0,5210.0,5380.0,32517,0.0,0.0
2020-10-30 00:00:00+09:00,5450.0,5480.0,5180.0,5210.0,33384,0.0,0.0
2020-11-02 00:00:00+09:00,5260.0,5300.0,5180.0,5260.0,10088,0.0,0.0
2020-11-03 00:00:00+09:00,5240.0,5390.0,5240.0,5380.0,31790,0.0,0.0
2020-11-04 00:00:00+09:00,5520.0,5520.0,5310.0,5350.0,16578,0.0,0.0
2020-11-05 00:00:00+09:00,5350.0,5450.0,5330.0,5370.0,23994,0.0,0.0
2020-11-06 00:00:00+09:00,5380.0,5470.0,5330.0,5330.0,32939,0.0,0.0
2020-11-09 00:00:00+09:00,5450.0,5450.0,5320.0,5360.0,42998,0.0,0.0
2020-11-10 00:00:00+09:00,5500.0,5510.0,5270.0,5340.0,39275,0.0,0.0
2020-11-11 00:00:00+09:00,5440.0,5590.0,5370.0,5590.0,76352,0.0,0.0
2020-11-12 00:00:00+09:00,5590.0,5640.0,5410.0,5540.0,55908,0.0,0.0
2020-11-13 00:00:00+09:00,5540.0,5660.0,5440.0,5440.0,28639,0.0,0.0
2020-11-16 00:00:00+09:00,5410.0,5540.0,5300.0,5360.0,69749,0.0,0.0
2020-11-17 00:00:00+09:00,5370.0,5480.0,5340.0,5370.0,27920,0.0,0.0
2020-11-18 00:00:00+09:00,5370.0,5460.0,5340.0,5430.0,33958,0.0,0.0
2020-11-19 00:00:00+09:00,5480.0,5500.0,5340.0,5440.0,38485,0.0,0.0
2020-11-20 00:00:00+09:00,5440.0,5500.0,5400.0,5500.0,26510,0.0,0.0
2020-11-23 00:00:00+09:00,5500.0,5580.0,5360.0,5490.0,46416,0.0,0.0
2020-11-24 00:00:00+09:00,5490.0,5620.0,5430.0,5620.0,68210,0.0,0.0
2020-11-25 00:00:00+09:00,5630.0,5690.0,5390.0,5480.0,82821,0.0,0.0
2020-11-26 00:00:00+09:00,5480.0,5780.0,5420.0,5560.0,252764,0.0,0.0
2020-11-27 00:00:00+09:00,5500.0,5640.0,5440.0,5530.0,85277,0.0,0.0
2020-11-30 00:00:00+09:00,5490.0,5660.0,5440.0,5620.0,102052,0.0,0.0
2020-12-01 00:00:00+09:00,5620.0,5680.0,5540.0,5660.0,76164,0.0,0.0
2020-12-02 00:00:00+09:00,5660.0,6180.0,5620.0,5750.0,684580,0.0,0.0
2020-12-03 00:00:00+09:00,5760.0,5950.0,5610.0,5950.0,144110,0.0,0.0
2020-12-04 00:00:00+09:00,5900.0,5950.0,5730.0,5730.0,60806,0.0,0.0
2020-12-07 00:00:00+09:00,5700.0,5770.0,5610.0,5640.0,47806,0.0,0.0
2020-12-08 00:00:00+09:00,5640.0,5800.0,5630.0,5650.0,32132,0.0,0.0
2020-12-09 00:00:00+09:00,5630.0,5780.0,5600.0,5720.0,58504,0.0,0.0
2020-12-10 00:00:00+09:00,5720.0,5730.0,5580.0,5630.0,28910,0.0,0.0
2020-12-11 00:00:00+09:00,5630.0,5700.0,5580.0,5600.0,28669,0.0,0.0
2020-12-14 00:00:00+09:00,5600.0,5650.0,5480.0,5610.0,39403,0.0,0.0
2020-12-15 00:00:00+09:00,5610.0,5730.0,5520.0,5560.0,27519,0.0,0.0
2020-12-16 00:00:00+09:00,5560.0,5640.0,5400.0,5630.0,74749,0.0,0.0
2020-12-17 00:00:00+09:00,5490.0,5700.0,5490.0,5660.0,54580,0.0,0.0
2020-12-18 00:00:00+09:00,5690.0,5690.0,5570.0,5590.0,23679,0.0,0.0
2020-12-21 00:00:00+09:00,5590.0,5880.0,5590.0,5790.0,156310,0.0,0.0
2020-12-22 00:00:00+09:00,5790.0,5800.0,5550.0,5560.0,59651,0.0,0.0
2020-12-23 00:00:00+09:00,5510.0,5690.0,5500.0,5540.0,45300,0.0,0.0
2020-12-24 00:00:00+09:00,5540.0,5600.0,5430.0,5540.0,35046,0.0,0.0
2020-12-28 00:00:00+09:00,5540.0,5550.0,5390.0,5420.0,35471,0.0,0.0
2020-12-29 00:00:00+09:00,5410.0,5590.0,5380.0,5460.0,30826,0.0,0.0
2020-12-30 00:00:00+09:00,5460.0,5540.0,5460.0,5520.0,32988,0.0,0.0
2021-01-04 00:00:00+09:00,5500.0,5550.0,5420.0,5470.0,50734,0.0,0.0
2021-01-05 00:00:00+09:00,5440.0,5540.0,5440.0,5540.0,39352,0.0,0.0
2021-01-06 00:00:00+09:00,5540.0,5590.0,5490.0,5500.0,37665,0.0,0.0
2021-01-07 00:00:00+09:00,5490.0,5570.0,5480.0,5560.0,29825,0.0,0.0
2021-01-08 00:00:00+09:00,5540.0,5620.0,5450.0,5540.0,45086,0.0,0.0
2021-01-11 00:00:00+09:00,5590.0,5590.0,5270.0,5290.0,91143,0.0,0.0
2021-01-12 00:00:00+09:00,5230.0,5440.0,5220.0,5340.0,29897,0.0,0.0
2021-01-13 00:00:00+09:00,5340.0,5490.0,5320.0,5370.0,8938,0.0,0.0
2021-01-14 00:00:00+09:00,5370.0,5480.0,5300.0,5480.0,19585,0.0,0.0
2021-01-15 00:00:00+09:00,5490.0,5490.0,5350.0,5380.0,19437,0.0,0.0
2021-01-18 00:00:00+09:00,5380.0,5410.0,5290.0,5340.0,19364,0.0,0.0
2021-01-19 00:00:00+09:00,5340.0,5350.0,5220.0,5350.0,33790,0.0,0.0
2021-01-20 00:00:00+09:00,5350.0,5390.0,5290.0,5380.0,18144,0.0,0.0
2021-01-21 00:00:00+09:00,5430.0,5430.0,5380.0,5400.0,14474,0.0,0.0
2021-01-22 00:00:00+09:00,5390.0,5440.0,5350.0,5430.0,16978,0.0,0.0
2021-01-25 00:00:00+09:00,5470.0,5500.0,5430.0,5480.0,22947,0.0,0.0
2021-01-26 00:00:00+09:00,5470.0,5530.0,5440.0,5510.0,39184,0.0,0.0
2021-01-27 00:00:00+09:00,5510.0,5590.0,5460.0,5520.0,73460,0.0,0.0
2021-01-28 00:00:00+09:00,5500.0,5500.0,5340.0,5390.0,37510,0.0,0.0
2021-01-29 00:00:00+09:00,5380.0,5380.0,5230.0,5280.0,51678,0.0,0.0
2021-02-01 00:00:00+09:00,5210.0,5330.0,5200.0,5300.0,17825,0.0,0.0
2021-02-02 00:00:00+09:00,5300.0,5400.0,5300.0,5360.0,9314,0.0,0.0
2021-02-03 00:00:00+09:00,5410.0,5610.0,5310.0,5550.0,90443,0.0,0.0
2021-02-04 00:00:00+09:00,5570.0,5650.0,5440.0,5510.0,49591,0.0,0.0
2021-02-05 00:00:00+09:00,5510.0,5540.0,5460.0,5520.0,13588,0.0,0.0
2021-02-08 00:00:00+09:00,5530.0,5530.0,5390.0,5490.0,25677,0.0,0.0
2021-02-09 00:00:00+09:00,5490.0,5620.0,5490.0,5550.0,22988,0.0,0.0
2021-02-10 00:00:00+09:00,5550.0,5600.0,5450.0,5550.0,18454,0.0,0.0
2021-02-15 00:00:00+09:00,5560.0,5610.0,5450.0,5560.0,37156,0.0,0.0
2021-02-16 00:00:00+09:00,5630.0,5630.0,5530.0,5610.0,28277,0.0,0.0
2021-02-17 00:00:00+09:00,5640.0,5850.0,5580.0,5660.0,114735,0.0,0.0
2021-02-18 00:00:00+09:00,5720.0,5830.0,5570.0,5750.0,117310,0.0,0.0
2021-02-19 00:00:00+09:00,5670.0,5730.0,5500.0,5710.0,82403,0.0,0.0
2021-02-22 00:00:00+09:00,5710.0,5830.0,5660.0,5710.0,90614,0.0,0.0
2021-02-23 00:00:00+09:00,5600.0,5780.0,5530.0,5770.0,55195,0.0,0.0
2021-02-24 00:00:00+09:00,5840.0,6010.0,5550.0,5570.0,228301,0.0,0.0
2021-02-25 00:00:00+09:00,5600.0,5750.0,5600.0,5720.0,51838,0.0,0.0
2021-02-26 00:00:00+09:00,5550.0,5700.0,5480.0,5700.0,71338,0.0,0.0
2021-03-02 00:00:00+09:00,5850.0,5920.0,5670.0,5720.0,101463,0.0,0.0
2021-03-03 00:00:00+09:00,5720.0,5930.0,5720.0,5850.0,57400,0.0,0.0
2021-03-04 00:00:00+09:00,5790.0,5860.0,5720.0,5810.0,43862,0.0,0.0
2021-03-05 00:00:00+09:00,5810.0,5830.0,5720.0,5760.0,37784,0.0,0.0
2021-03-08 00:00:00+09:00,5770.0,5840.0,5680.0,5680.0,41669,0.0,0.0
2021-03-09 00:00:00+09:00,5680.0,5740.0,5450.0,5640.0,50082,0.0,0.0
2021-03-10 00:00:00+09:00,5610.0,5920.0,5560.0,5920.0,149124,0.0,0.0
2021-03-11 00:00:00+09:00,6250.0,6370.0,5900.0,5960.0,473084,0.0,0.0
2021-03-12 00:00:00+09:00,5990.0,6170.0,5910.0,6030.0,145199,0.0,0.0
2021-03-15 00:00:00+09:00,6070.0,6070.0,5770.0,5960.0,83238,0.0,0.0
2021-03-16 00:00:00+09:00,6050.0,6250.0,5920.0,6130.0,144054,0.0,0.0
2021-03-17 00:00:00+09:00,6120.0,6150.0,6010.0,6070.0,65489,0.0,0.0
2021-03-18 00:00:00+09:00,6070.0,6130.0,6010.0,6060.0,73341,0.0,0.0
2021-03-19 00:00:00+09:00,6050.0,6060.0,5910.0,6050.0,44235,0.0,0.0
2021-03-22 00:00:00+09:00,6080.0,6400.0,5910.0,6390.0,246066,0.0,0.0
2021-03-23 00:00:00+09:00,6320.0,6320.0,6020.0,6100.0,193101,0.0,0.0
2021-03-24 00:00:00+09:00,6060.0,6560.0,5950.0,6350.0,332071,0.0,0.0
2021-03-25 00:00:00+09:00,6300.0,6600.0,6150.0,6270.0,214359,0.0,0.0
2021-03-26 00:00:00+09:00,6270.0,6400.0,6090.0,6250.0,125807,0.0,0.0
2021-03-29 00:00:00+09:00,6250.0,6320.0,6040.0,6140.0,94802,0.0,0.0
2021-03-30 00:00:00+09:00,6140.0,6380.0,6080.0,6310.0,54640,0.0,0.0
2021-03-31 00:00:00+09:00,6330.0,6380.0,6200.0,6240.0,68644,0.0,0.0
2021-04-01 00:00:00+09:00,6420.0,8110.0,6300.0,7550.0,5412528,0.0,0.0
2021-04-02 00:00:00+09:00,7610.0,7900.0,7400.0,7760.0,1382596,0.0,0.0
2021-04-05 00:00:00+09:00,7850.0,7910.0,7510.0,7820.0,578200,0.0,0.0
2021-04-06 00:00:00+09:00,7750.0,9200.0,7470.0,7540.0,5417661,0.0,0.0
2021-04-07 00:00:00+09:00,7540.0,7740.0,7470.0,7510.0,387541,0.0,0.0
2021-04-08 00:00:00+09:00,7520.0,7640.0,7200.0,7370.0,381980,0.0,0.0
2021-04-09 00:00:00+09:00,7310.0,7480.0,7280.0,7430.0,197256,0.0,0.0
2021-04-12 00:00:00+09:00,7400.0,7560.0,7390.0,7500.0,183158,0.0,0.0
2021-04-13 00:00:00+09:00,7560.0,7630.0,7310.0,7440.0,218055,0.0,0.0
2021-04-14 00:00:00+09:00,7450.0,7510.0,7270.0,7380.0,137350,0.0,0.0
2021-04-15 00:00:00+09:00,7420.0,7450.0,7270.0,7340.0,103556,0.0,0.0
2021-04-16 00:00:00+09:00,7340.0,7400.0,7140.0,7250.0,129608,0.0,0.0
2021-04-19 00:00:00+09:00,7250.0,7460.0,7210.0,7400.0,140261,0.0,0.0
2021-04-20 00:00:00+09:00,7400.0,7450.0,7230.0,7400.0,62800,0.0,0.0
2021-04-21 00:00:00+09:00,7400.0,7440.0,7250.0,7300.0,79065,0.0,0.0
2021-04-22 00:00:00+09:00,7360.0,7470.0,7320.0,7350.0,121952,0.0,0.0
2021-04-23 00:00:00+09:00,7350.0,7380.0,7210.0,7330.0,63597,0.0,0.0
2021-04-26 00:00:00+09:00,7350.0,7440.0,7280.0,7440.0,72303,0.0,0.0
2021-04-27 00:00:00+09:00,7440.0,7440.0,7320.0,7390.0,63817,0.0,0.0
2021-04-28 00:00:00+09:00,7380.0,7500.0,7170.0,7170.0,124516,0.0,0.0
2021-04-29 00:00:00+09:00,7170.0,7260.0,6800.0,7190.0,105420,0.0,0.0
2021-04-30 00:00:00+09:00,7200.0,7290.0,7000.0,7060.0,45349,0.0,0.0
2021-05-03 00:00:00+09:00,6990.0,7280.0,6950.0,6950.0,47509,0.0,0.0
2021-05-04 00:00:00+09:00,6950.0,7090.0,6710.0,7050.0,53457,0.0,0.0
2021-05-06 00:00:00+09:00,6980.0,7220.0,6970.0,7020.0,35187,0.0,0.0
2021-05-07 00:00:00+09:00,7090.0,7330.0,7070.0,7240.0,65754,0.0,0.0
2021-05-10 00:00:00+09:00,7250.0,7380.0,7190.0,7280.0,75316,0.0,0.0
2021-05-11 00:00:00+09:00,7200.0,7380.0,7190.0,7320.0,54486,0.0,0.0
2021-05-12 00:00:00+09:00,7320.0,7400.0,7040.0,7120.0,47747,0.0,0.0
2021-05-13 00:00:00+09:00,7020.0,7330.0,6910.0,7170.0,56234,0.0,0.0
2021-05-14 00:00:00+09:00,7140.0,7310.0,7060.0,7250.0,37878,0.0,0.0
2021-05-17 00:00:00+09:00,7250.0,7410.0,7190.0,7410.0,83663,0.0,0.0
2021-05-18 00:00:00+09:00,7440.0,7540.0,7270.0,7380.0,107669,0.0,0.0
2021-05-20 00:00:00+09:00,7380.0,7520.0,7380.0,7440.0,84054,0.0,0.0
2021-05-21 00:00:00+09:00,7450.0,7580.0,7400.0,7570.0,89213,0.0,0.0
2021-05-24 00:00:00+09:00,7570.0,9130.0,7460.0,8060.0,4678491,0.0,0.0
2021-05-25 00:00:00+09:00,7870.0,7960.0,7430.0,7690.0,701126,0.0,0.0
2021-05-26 00:00:00+09:00,7830.0,8340.0,7830.0,8110.0,1222794,0.0,0.0
2021-05-27 00:00:00+09:00,8020.0,8930.0,7910.0,8340.0,2053816,0.0,0.0
2021-05-28 00:00:00+09:00,9250.0,9250.0,8110.0,8130.0,808667,0.0,0.0
2021-05-31 00:00:00+09:00,8080.0,8100.0,7740.0,7820.0,361430,0.0,0.0
2021-06-01 00:00:00+09:00,7780.0,7890.0,7660.0,7890.0,212383,0.0,0.0
2021-06-02 00:00:00+09:00,7830.0,7850.0,7590.0,7750.0,255631,0.0,0.0
2021-06-03 00:00:00+09:00,7740.0,7800.0,7640.0,7650.0,129805,0.0,0.0
2021-06-04 00:00:00+09:00,7650.0,8300.0,7560.0,7790.0,660118,0.0,0.0
2021-06-07 00:00:00+09:00,7790.0,7890.0,7600.0,7600.0,135542,0.0,0.0
2021-06-08 00:00:00+09:00,7600.0,7700.0,7450.0,7540.0,93099,0.0,0.0
2021-06-09 00:00:00+09:00,7510.0,8050.0,7510.0,7700.0,210721,0.0,0.0
2021-06-10 00:00:00+09:00,7660.0,7880.0,7660.0,7720.0,88661,0.0,0.0
2021-06-11 00:00:00+09:00,7750.0,7850.0,7600.0,7820.0,86568,0.0,0.0
2021-06-14 00:00:00+09:00,7810.0,7810.0,7650.0,7730.0,44323,0.0,0.0
2021-06-15 00:00:00+09:00,7730.0,7730.0,7580.0,7650.0,33102,0.0,0.0
2021-06-16 00:00:00+09:00,7650.0,7930.0,7620.0,7870.0,66884,0.0,0.0
2021-06-17 00:00:00+09:00,7870.0,8120.0,7850.0,8080.0,117678,0.0,0.0
2021-06-18 00:00:00+09:00,8090.0,8120.0,7900.0,7900.0,55108,0.0,0.0
2021-06-21 00:00:00+09:00,7850.0,8020.0,7770.0,7890.0,43508,0.0,0.0
2021-06-22 00:00:00+09:00,7850.0,7960.0,7720.0,7750.0,41211,0.0,0.0
2021-06-23 00:00:00+09:00,7780.0,7890.0,7620.0,7710.0,42526,0.0,0.0
2021-06-24 00:00:00+09:00,7710.0,7710.0,7500.0,7550.0,50600,0.0,0.0
2021-06-25 00:00:00+09:00,7520.0,7690.0,7520.0,7600.0,15852,0.0,0.0
2021-06-28 00:00:00+09:00,7600.0,7660.0,7530.0,7530.0,24382,0.0,0.0
2021-06-29 00:00:00+09:00,7530.0,7620.0,7430.0,7440.0,34594,0.0,0.0
2021-06-30 00:00:00+09:00,7440.0,7440.0,7170.0,7340.0,73900,0.0,0.0
2021-07-01 00:00:00+09:00,7370.0,7380.0,7100.0,7150.0,52700,0.0,0.0
2021-07-02 00:00:00+09:00,7150.0,7220.0,7080.0,7160.0,36493,0.0,0.0
2021-07-05 00:00:00+09:00,7180.0,7400.0,7180.0,7370.0,33442,0.0,0.0
2021-07-06 00:00:00+09:00,7490.0,7620.0,7370.0,7510.0,45713,0.0,0.0
2021-07-07 00:00:00+09:00,7510.0,7760.0,7510.0,7650.0,45921,0.0,0.0
2021-07-08 00:00:00+09:00,7650.0,7680.0,7320.0,7420.0,34267,0.0,0.0
2021-07-09 00:00:00+09:00,7340.0,7340.0,7100.0,7250.0,21778,0.0,0.0
2021-07-12 00:00:00+09:00,7200.0,7480.0,7170.0,7450.0,23891,0.0,0.0
2021-07-13 00:00:00+09:00,7570.0,7570.0,7370.0,7480.0,16927,0.0,0.0
2021-07-14 00:00:00+09:00,7480.0,7580.0,7330.0,7340.0,23030,0.0,0.0
2021-07-15 00:00:00+09:00,7340.0,7440.0,7230.0,7290.0,27276,0.0,0.0
2021-07-16 00:00:00+09:00,7320.0,7400.0,7280.0,7300.0,13396,0.0,0.0
2021-07-19 00:00:00+09:00,7320.0,7360.0,7160.0,7170.0,14318,0.0,0.0
2021-07-20 00:00:00+09:00,7090.0,7100.0,6870.0,6950.0,55089,0.0,0.0
2021-07-21 00:00:00+09:00,6950.0,7050.0,6890.0,6890.0,15604,0.0,0.0
2021-07-22 00:00:00+09:00,6890.0,6940.0,6740.0,6910.0,22152,0.0,0.0
2021-07-23 00:00:00+09:00,7040.0,7040.0,6930.0,7000.0,8794,0.0,0.0
2021-07-26 00:00:00+09:00,7020.0,7720.0,7020.0,7180.0,177627,0.0,0.0
2021-07-27 00:00:00+09:00,7180.0,7260.0,7100.0,7150.0,32188,0.0,0.0
2021-07-28 00:00:00+09:00,7150.0,7210.0,6970.0,6970.0,28060,0.0,0.0
2021-07-29 00:00:00+09:00,6970.0,7030.0,6850.0,6870.0,31989,0.0,0.0
2021-07-30 00:00:00+09:00,6900.0,6980.0,6830.0,6830.0,24230,0.0,0.0
2021-08-02 00:00:00+09:00,6780.0,6790.0,6610.0,6620.0,35721,0.0,0.0
2021-08-03 00:00:00+09:00,6630.0,6730.0,6540.0,6570.0,19111,0.0,0.0
2021-08-04 00:00:00+09:00,6550.0,6940.0,6250.0,6770.0,36873,0.0,0.0
2021-08-05 00:00:00+09:00,6800.0,6920.0,6770.0,6860.0,16434,0.0,0.0
2021-08-06 00:00:00+09:00,6860.0,6990.0,6860.0,6870.0,10729,0.0,0.0
2021-08-09 00:00:00+09:00,6900.0,6940.0,6700.0,6720.0,20658,0.0,0.0
2021-08-10 00:00:00+09:00,6720.0,6760.0,6520.0,6570.0,12234,0.0,0.0
2021-08-11 00:00:00+09:00,6560.0,6570.0,6400.0,6530.0,17761,0.0,0.0
2021-08-12 00:00:00+09:00,6500.0,6530.0,6460.0,6480.0,11810,0.0,0.0
2021-08-13 00:00:00+09:00,6480.0,6500.0,6200.0,6350.0,30562,0.0,0.0
2021-08-17 00:00:00+09:00,6270.0,6300.0,5890.0,5930.0,55830,0.0,0.0
2021-08-18 00:00:00+09:00,5910.0,6210.0,5840.0,6030.0,48604,0.0,0.0
2021-08-19 00:00:00+09:00,6030.0,6180.0,5850.0,5960.0,32379,0.0,0.0
2021-08-20 00:00:00+09:00,5930.0,6000.0,5650.0,5680.0,39113,0.0,0.0
2021-08-23 00:00:00+09:00,5620.0,5990.0,5620.0,5850.0,25181,0.0,0.0
2021-08-24 00:00:00+09:00,5880.0,6050.0,5880.0,5910.0,11241,0.0,0.0
2021-08-25 00:00:00+09:00,5910.0,6070.0,5780.0,5850.0,30794,0.0,0.0
2021-08-26 00:00:00+09:00,5880.0,5990.0,5710.0,5790.0,18071,0.0,0.0
2021-08-27 00:00:00+09:00,5860.0,5860.0,5690.0,5820.0,12798,0.0,0.0
2021-08-30 00:00:00+09:00,5820.0,5890.0,5730.0,5890.0,24073,0.0,0.0
2021-08-31 00:00:00+09:00,5890.0,6010.0,5840.0,5960.0,11974,0.0,0.0
2021-09-01 00:00:00+09:00,5960.0,6260.0,5960.0,6180.0,18779,0.0,0.0
2021-09-02 00:00:00+09:00,6180.0,6260.0,6110.0,6160.0,9920,0.0,0.0
2021-09-03 00:00:00+09:00,6150.0,6210.0,6030.0,6040.0,15569,0.0,0.0
2021-09-06 00:00:00+09:00,6040.0,6070.0,5900.0,6030.0,10524,0.0,0.0
2021-09-07 00:00:00+09:00,5990.0,6060.0,5880.0,5920.0,30957,0.0,0.0
2021-09-08 00:00:00+09:00,6000.0,6000.0,5790.0,5940.0,19514,0.0,0.0
2021-09-09 00:00:00+09:00,5850.0,5870.0,5740.0,5830.0,12784,0.0,0.0
2021-09-10 00:00:00+09:00,5810.0,5830.0,5700.0,5820.0,20961,0.0,0.0
2021-09-13 00:00:00+09:00,5820.0,5850.0,5690.0,5760.0,19615,0.0,0.0
2021-09-14 00:00:00+09:00,5710.0,5860.0,5700.0,5860.0,23436,0.0,0.0
2021-09-15 00:00:00+09:00,5860.0,5900.0,5840.0,5840.0,15459,0.0,0.0
2021-09-16 00:00:00+09:00,5860.0,5900.0,5720.0,5760.0,10070,0.0,0.0
2021-09-17 00:00:00+09:00,5760.0,5760.0,5620.0,5700.0,8680,0.0,0.0
2021-09-23 00:00:00+09:00,5610.0,5640.0,5480.0,5480.0,17489,0.0,0.0
2021-09-24 00:00:00+09:00,5450.0,5500.0,5320.0,5360.0,44190,0.0,0.0
2021-09-27 00:00:00+09:00,5360.0,5390.0,5310.0,5380.0,18616,0.0,0.0
2021-09-28 00:00:00+09:00,5360.0,5380.0,5300.0,5340.0,11987,0.0,0.0
2021-09-29 00:00:00+09:00,5210.0,5290.0,5110.0,5160.0,30323,0.0,0.0
2021-09-30 00:00:00+09:00,5140.0,5190.0,5120.0,5160.0,21135,0.0,0.0
2021-10-01 00:00:00+09:00,5160.0,5160.0,5050.0,5070.0,8752,0.0,0.0
2021-10-05 00:00:00+09:00,5050.0,5050.0,4795.0,4935.0,26437,0.0,0.0
2021-10-06 00:00:00+09:00,4935.0,4985.0,4795.0,4795.0,16520,0.0,0.0
2021-10-07 00:00:00+09:00,4855.0,5100.0,4805.0,5100.0,17389,0.0,0.0
2021-10-08 00:00:00+09:00,5150.0,5220.0,5050.0,5120.0,16261,0.0,0.0
2021-10-12 00:00:00+09:00,5130.0,5230.0,4960.0,5050.0,18945,0.0,0.0
2021-10-13 00:00:00+09:00,5050.0,5050.0,4965.0,5050.0,8426,0.0,0.0
2021-10-14 00:00:00+09:00,5100.0,5230.0,5100.0,5230.0,4860,0.0,0.0
2021-10-15 00:00:00+09:00,5310.0,5370.0,5210.0,5330.0,20992,0.0,0.0
2021-10-18 00:00:00+09:00,5330.0,5450.0,5300.0,5450.0,12754,0.0,0.0
2021-10-19 00:00:00+09:00,5400.0,5490.0,5400.0,5440.0,12515,0.0,0.0
2021-10-20 00:00:00+09:00,5440.0,5520.0,5380.0,5450.0,8705,0.0,0.0
2021-10-21 00:00:00+09:00,5450.0,5500.0,5390.0,5450.0,5303,0.0,0.0
2021-10-22 00:00:00+09:00,5380.0,5430.0,5350.0,5410.0,6738,0.0,0.0
2021-10-25 00:00:00+09:00,5400.0,5860.0,5170.0,5350.0,99718,0.0,0.0
2021-10-26 00:00:00+09:00,5310.0,5460.0,5210.0,5460.0,16827,0.0,0.0
2021-10-27 00:00:00+09:00,5470.0,5470.0,5400.0,5450.0,10418,0.0,0.0
2021-10-28 00:00:00+09:00,5450.0,5490.0,5340.0,5450.0,10063,0.0,0.0
2021-10-29 00:00:00+09:00,5430.0,5430.0,5290.0,5350.0,6006,0.0,0.0
2021-11-01 00:00:00+09:00,5350.0,6580.0,5350.0,5760.0,932665,0.0,0.0
2021-11-02 00:00:00+09:00,5780.0,5830.0,5700.0,5830.0,79429,0.0,0.0
2021-11-03 00:00:00+09:00,5840.0,5870.0,5740.0,5780.0,32687,0.0,0.0
2021-11-04 00:00:00+09:00,5800.0,5840.0,5740.0,5750.0,31473,0.0,0.0
2021-11-05 00:00:00+09:00,5690.0,5730.0,5590.0,5590.0,21530,0.0,0.0
2021-11-08 00:00:00+09:00,5500.0,5630.0,5500.0,5610.0,21139,0.0,0.0
2021-11-09 00:00:00+09:00,5610.0,5750.0,5590.0,5660.0,15677,0.0,0.0
2021-11-10 00:00:00+09:00,5670.0,6510.0,5670.0,6100.0,201885,0.0,0.0
2021-11-11 00:00:00+09:00,6000.0,6000.0,5760.0,5800.0,55199,0.0,0.0
2021-11-12 00:00:00+09:00,5760.0,5970.0,5760.0,5960.0,44547,0.0,0.0
2021-11-15 00:00:00+09:00,6060.0,6060.0,5900.0,5940.0,22614,0.0,0.0
2021-11-16 00:00:00+09:00,5960.0,6150.0,5650.0,5740.0,50952,0.0,0.0
2021-11-17 00:00:00+09:00,5770.0,6190.0,5770.0,6150.0,83820,0.0,0.0
2021-11-18 00:00:00+09:00,6150.0,6360.0,6070.0,6310.0,97088,0.0,0.0
2021-11-19 00:00:00+09:00,6310.0,6430.0,6100.0,6340.0,73972,0.0,0.0
2021-11-22 00:00:00+09:00,6530.0,6530.0,6020.0,6270.0,57071,0.0,0.0
2021-11-23 00:00:00+09:00,6270.0,6500.0,6210.0,6500.0,69002,0.0,0.0
2021-11-24 00:00:00+09:00,6410.0,6540.0,6100.0,6380.0,60186,0.0,0.0
2021-11-25 00:00:00+09:00,6370.0,6430.0,6210.0,6250.0,33593,0.0,0.0
2021-11-26 00:00:00+09:00,6250.0,6380.0,6040.0,6120.0,32846,0.0,0.0
2021-11-29 00:00:00+09:00,5810.0,6090.0,5540.0,5810.0,43097,0.0,0.0
2021-11-30 00:00:00+09:00,5810.0,5980.0,5450.0,5520.0,38836,0.0,0.0
2021-12-01 00:00:00+09:00,5440.0,5830.0,5430.0,5830.0,38698,0.0,0.0
2021-12-02 00:00:00+09:00,5830.0,6200.0,5830.0,6100.0,28670,0.0,0.0
2021-12-03 00:00:00+09:00,6100.0,6190.0,6030.0,6080.0,21045,0.0,0.0
2021-12-06 00:00:00+09:00,6110.0,6110.0,5980.0,6000.0,15727,0.0,0.0
2021-12-07 00:00:00+09:00,6010.0,6190.0,6000.0,6080.0,16349,0.0,0.0
2021-12-08 00:00:00+09:00,6120.0,6120.0,5960.0,5990.0,17305,0.0,0.0
2021-12-09 00:00:00+09:00,6030.0,6150.0,5990.0,6000.0,27680,0.0,0.0
2021-12-10 00:00:00+09:00,6020.0,6500.0,6000.0,6250.0,127384,0.0,0.0
2021-12-13 00:00:00+09:00,6530.0,6530.0,6250.0,6250.0,122193,0.0,0.0
2021-12-14 00:00:00+09:00,6210.0,6290.0,6080.0,6250.0,24228,0.0,0.0
2021-12-15 00:00:00+09:00,6210.0,6210.0,5980.0,6060.0,27301,0.0,0.0
2021-12-16 00:00:00+09:00,6060.0,6180.0,6020.0,6060.0,19020,0.0,0.0
2021-12-17 00:00:00+09:00,6090.0,6130.0,6000.0,6020.0,18990,0.0,0.0
2021-12-20 00:00:00+09:00,5950.0,5950.0,5740.0,5830.0,17842,0.0,0.0
2021-12-21 00:00:00+09:00,5750.0,5800.0,5550.0,5730.0,41075,0.0,0.0
2021-12-22 00:00:00+09:00,5730.0,5900.0,5700.0,5900.0,35917,0.0,0.0
2021-12-23 00:00:00+09:00,5930.0,6050.0,5900.0,5920.0,33394,0.0,0.0
2021-12-24 00:00:00+09:00,5980.0,6080.0,5910.0,6060.0,28089,0.0,0.0
2021-12-27 00:00:00+09:00,6170.0,6170.0,5710.0,5860.0,56605,0.0,0.0
2021-12-28 00:00:00+09:00,5850.0,5900.0,5600.0,5770.0,85802,0.0,0.0
2021-12-29 00:00:00+09:00,5830.0,5960.0,5770.0,5940.0,27142,0.0,0.0
2021-12-30 00:00:00+09:00,5940.0,6120.0,5880.0,5930.0,20459,0.0,0.0
2022-01-04 00:00:00+09:00,6110.0,6110.0,5960.0,6080.0,21435,0.0,0.0
2022-01-05 00:00:00+09:00,6080.0,6200.0,5900.0,5920.0,29384,0.0,0.0
2022-01-06 00:00:00+09:00,5810.0,5890.0,5750.0,5790.0,27485,0.0,0.0
2022-01-07 00:00:00+09:00,5760.0,5970.0,5730.0,5900.0,37175,0.0,0.0
2022-01-10 00:00:00+09:00,5950.0,6190.0,5730.0,6060.0,96541,0.0,0.0
2022-01-11 00:00:00+09:00,6060.0,6200.0,6000.0,6160.0,71587,0.0,0.0
2022-01-12 00:00:00+09:00,6120.0,6350.0,6100.0,6230.0,92164,0.0,0.0
2022-01-13 00:00:00+09:00,6300.0,6310.0,6210.0,6270.0,48148,0.0,0.0
2022-01-14 00:00:00+09:00,6260.0,6270.0,5800.0,5980.0,51860,0.0,0.0
2022-01-17 00:00:00+09:00,5890.0,5920.0,5750.0,5760.0,52371,0.0,0.0
2022-01-18 00:00:00+09:00,5760.0,6900.0,5600.0,5600.0,1467875,0.0,0.0
2022-01-19 00:00:00+09:00,5580.0,5780.0,5470.0,5590.0,74415,0.0,0.0
2022-01-20 00:00:00+09:00,5590.0,5680.0,5520.0,5600.0,42205,0.0,0.0
2022-01-21 00:00:00+09:00,5650.0,6210.0,5620.0,5960.0,252406,0.0,0.0
2022-01-24 00:00:00+09:00,5960.0,5980.0,5630.0,5680.0,74475,0.0,0.0
2022-01-25 00:00:00+09:00,5680.0,5990.0,5590.0,5750.0,101711,0.0,0.0
2022-01-26 00:00:00+09:00,5750.0,5750.0,5750.0,5750.0,0,0.0,0.0
2022-01-27 00:00:00+09:00,5730.0,5790.0,5280.0,5300.0,64033,0.0,0.0
2022-01-28 00:00:00+09:00,5300.0,5420.0,5070.0,5350.0,45976,0.0,0.0
2022-02-03 00:00:00+09:00,5510.0,5640.0,5490.0,5620.0,17508,0.0,0.0
2022-02-04 00:00:00+09:00,5670.0,5830.0,5620.0,5790.0,26469,0.0,0.0
2022-02-07 00:00:00+09:00,5840.0,6060.0,5830.0,5930.0,63880,0.0,0.0
2022-02-08 00:00:00+09:00,5930.0,5930.0,5930.0,5930.0,0,0.0,0.0
2022-02-09 00:00:00+09:00,5930.0,5930.0,5930.0,5930.0,0,0.0,0.0
2022-02-10 00:00:00+09:00,5900.0,5920.0,5690.0,5740.0,12215,0.0,0.0
2022-02-11 00:00:00+09:00,5740.0,5750.0,5430.0,5510.0,33733,0.0,0.0
2022-02-14 00:00:00+09:00,5460.0,5470.0,5300.0,5370.0,20179,0.0,0.0
2022-02-15 00:00:00+09:00,5330.0,5380.0,5120.0,5160.0,46646,0.0,0.0
2022-02-16 00:00:00+09:00,5190.0,5600.0,5190.0,5540.0,50590,0.0,0.0
2022-02-17 00:00:00+09:00,5590.0,5700.0,5400.0,5560.0,42713,0.0,0.0
2022-02-18 00:00:00+09:00,5550.0,5690.0,5460.0,5560.0,13129,0.0,0.0
2022-02-21 00:00:00+09:00,5570.0,5610.0,5410.0,5460.0,10175,0.0,0.0
2022-02-22 00:00:00+09:00,5460.0,5460.0,5460.0,5460.0,0,0.0,0.0
2022-02-23 00:00:00+09:00,5460.0,5460.0,5460.0,5460.0,0,0.0,0.0
2022-02-24 00:00:00+09:00,5430.0,5520.0,5120.0,5170.0,45005,0.0,0.0
2022-02-25 00:00:00+09:00,5190.0,5340.0,5190.0,5260.0,23505,0.0,0.0
2022-02-28 00:00:00+09:00,5260.0,5260.0,5260.0,5260.0,0,0.0,0.0
2022-03-02 00:00:00+09:00,5490.0,5570.0,5420.0,5480.0,18363,0.0,0.0
2022-03-03 00:00:00+09:00,5510.0,5610.0,5450.0,5590.0,27580,0.0,0.0
2022-03-04 00:00:00+09:00,5570.0,5620.0,5290.0,5560.0,39187,0.0,0.0
2022-03-07 00:00:00+09:00,5560.0,5590.0,5300.0,5300.0,16840,0.0,0.0
2022-03-08 00:00:00+09:00,5200.0,5260.0,5100.0,5140.0,24895,0.0,0.0
2022-03-10 00:00:00+09:00,5140.0,5140.0,5140.0,5140.0,0,0.0,0.0
2022-03-11 00:00:00+09:00,5210.0,5280.0,5080.0,5180.0,37132,0.0,0.0
2022-03-14 00:00:00+09:00,5190.0,5300.0,5050.0,5060.0,24161,0.0,0.0
2022-03-15 00:00:00+09:00,5060.0,5060.0,5060.0,5060.0,0,0.0,0.0
2022-03-16 00:00:00+09:00,5100.0,5700.0,5100.0,5430.0,157137,0.0,0.0
2022-03-17 00:00:00+09:00,5430.0,5430.0,5430.0,5430.0,0,0.0,0.0
2022-03-18 00:00:00+09:00,5660.0,5660.0,5470.0,5630.0,20698,0.0,0.0
2022-03-21 00:00:00+09:00,5630.0,5740.0,5550.0,5590.0,15101,0.0,0.0
2022-03-22 00:00:00+09:00,5590.0,5630.0,5450.0,5530.0,15858,0.0,0.0
2022-03-23 00:00:00+09:00,5550.0,5610.0,5470.0,5570.0,11871,0.0,0.0
2022-03-24 00:00:00+09:00,5570.0,5570.0,5430.0,5560.0,18260,0.0,0.0
2022-03-25 00:00:00+09:00,5560.0,5560.0,5430.0,5440.0,14199,0.0,0.0
2022-03-28 00:00:00+09:00,5460.0,5650.0,5420.0,5520.0,18024,0.0,0.0
2022-03-29 00:00:00+09:00,5520.0,5570.0,5480.0,5550.0,11874,0.0,0.0
2022-03-30 00:00:00+09:00,5550.0,5670.0,5450.0,5550.0,22245,0.0,0.0
2022-03-31 00:00:00+09:00,5500.0,5760.0,5380.0,5500.0,59464,0.0,0.0
2022-04-01 00:00:00+09:00,5500.0,5800.0,5450.0,5550.0,37670,0.0,0.0
2022-04-04 00:00:00+09:00,5550.0,5600.0,5410.0,5580.0,49193,0.0,0.0
2022-04-05 00:00:00+09:00,5580.0,5760.0,5580.0,5740.0,53495,0.0,0.0
2022-04-06 00:00:00+09:00,5740.0,5740.0,5610.0,5610.0,26188,0.0,0.0
2022-04-07 00:00:00+09:00,5590.0,5590.0,5400.0,5400.0,24977,0.0,0.0
2022-04-08 00:00:00+09:00,5380.0,5470.0,5350.0,5390.0,25052,0.0,0.0
2022-04-11 00:00:00+09:00,5400.0,5580.0,5400.0,5410.0,14535,0.0,0.0
2022-04-12 00:00:00+09:00,5410.0,5420.0,5130.0,5190.0,50076,0.0,0.0
2022-04-13 00:00:00+09:00,5190.0,5250.0,5130.0,5180.0,25067,0.0,0.0
2022-04-14 00:00:00+09:00,5230.0,5320.0,5180.0,5180.0,31011,0.0,0.0
2022-04-15 00:00:00+09:00,5230.0,5230.0,5130.0,5200.0,33453,0.0,0.0
2022-04-18 00:00:00+09:00,5150.0,5210.0,5150.0,5210.0,10882,0.0,0.0
2022-04-19 00:00:00+09:00,5190.0,5290.0,5190.0,5260.0,23098,0.0,0.0
2022-04-20 00:00:00+09:00,5320.0,5420.0,5260.0,5380.0,18539,0.0,0.0
2022-04-21 00:00:00+09:00,5400.0,5890.0,5340.0,5400.0,63954,0.0,0.0
2022-04-22 00:00:00+09:00,5450.0,5820.0,5410.0,5450.0,89083,0.0,0.0
2022-04-25 00:00:00+09:00,5450.0,5450.0,5250.0,5250.0,28167,0.0,0.0
2022-04-26 00:00:00+09:00,5230.0,5400.0,5220.0,5380.0,16090,0.0,0.0
2022-04-27 00:00:00+09:00,5320.0,5330.0,5130.0,5240.0,20754,0.0,0.0
2022-04-28 00:00:00+09:00,5210.0,5370.0,5190.0,5270.0,20121,0.0,0.0
2022-04-29 00:00:00+09:00,5280.0,5370.0,5270.0,5320.0,18639,0.0,0.0
2022-05-02 00:00:00+09:00,5320.0,5370.0,5140.0,5340.0,13847,0.0,0.0
2022-05-03 00:00:00+09:00,5240.0,5430.0,5240.0,5280.0,29725,0.0,0.0
2022-05-04 00:00:00+09:00,5280.0,5360.0,5260.0,5280.0,12002,0.0,0.0
2022-05-06 00:00:00+09:00,5200.0,5440.0,5200.0,5340.0,26951,0.0,0.0
2022-05-10 00:00:00+09:00,5270.0,5270.0,5180.0,5270.0,16133,0.0,0.0
2022-05-11 00:00:00+09:00,5270.0,5310.0,5200.0,5310.0,6222,0.0,0.0
2022-05-12 00:00:00+09:00,5310.0,5560.0,5190.0,5200.0,42301,0.0,0.0
2022-05-13 00:00:00+09:00,5200.0,5300.0,5200.0,5290.0,4564,0.0,0.0
2022-05-16 00:00:00+09:00,5340.0,5460.0,5310.0,5310.0,9934,0.0,0.0
2022-05-17 00:00:00+09:00,5310.0,5440.0,5190.0,5260.0,34748,0.0,0.0
2022-05-18 00:00:00+09:00,5320.0,5320.0,5130.0,5190.0,42148,0.0,0.0
2022-05-19 00:00:00+09:00,5150.0,5150.0,5040.0,5090.0,18767,0.0,0.0
2022-05-20 00:00:00+09:00,5090.0,5090.0,5010.0,5010.0,15421,0.0,0.0
2022-05-23 00:00:00+09:00,5060.0,5060.0,4985.0,5000.0,7226,0.0,0.0
2022-05-24 00:00:00+09:00,5000.0,5040.0,4915.0,4915.0,19038,0.0,0.0
2022-05-25 00:00:00+09:00,4915.0,4915.0,4830.0,4850.0,7886,0.0,0.0
2022-05-26 00:00:00+09:00,4850.0,4885.0,4780.0,4820.0,18113,0.0,0.0
2022-05-27 00:00:00+09:00,4870.0,4880.0,4820.0,4840.0,15525,0.0,0.0
2022-05-30 00:00:00+09:00,4880.0,5050.0,4880.0,4955.0,11712,0.0,0.0
2022-05-31 00:00:00+09:00,4955.0,5010.0,4900.0,4905.0,24866,0.0,0.0
2022-06-02 00:00:00+09:00,4905.0,4940.0,4860.0,4870.0,9449,0.0,0.0
2022-06-03 00:00:00+09:00,4870.0,4890.0,4830.0,4870.0,16336,0.0,0.0
2022-06-07 00:00:00+09:00,4870.0,4870.0,4725.0,4725.0,23422,0.0,0.0
2022-06-08 00:00:00+09:00,4670.0,4710.0,4575.0,4590.0,26217,0.0,0.0
2022-06-09 00:00:00+09:00,4575.0,4580.0,4505.0,4540.0,29343,0.0,0.0
2022-06-10 00:00:00+09:00,4530.0,4530.0,4390.0,4485.0,27252,0.0,0.0
2022-06-13 00:00:00+09:00,4310.0,4360.0,4145.0,4165.0,55821,0.0,0.0
2022-06-14 00:00:00+09:00,4070.0,4165.0,4005.0,4130.0,22691,0.0,0.0
2022-06-15 00:00:00+09:00,4100.0,4100.0,3905.0,3905.0,52130,0.0,0.0
2022-06-16 00:00:00+09:00,3930.0,4195.0,3930.0,4000.0,29668,0.0,0.0
2022-06-17 00:00:00+09:00,3960.0,3960.0,3720.0,3940.0,38516,0.0,0.0
2022-06-20 00:00:00+09:00,3940.0,3955.0,3680.0,3730.0,27212,0.0,0.0
2022-06-21 00:00:00+09:00,3665.0,3755.0,3645.0,3705.0,20782,0.0,0.0
2022-06-22 00:00:00+09:00,3705.0,3900.0,3555.0,3585.0,29223,0.0,0.0
2022-06-23 00:00:00+09:00,3585.0,3585.0,3400.0,3415.0,34899,0.0,0.0
2022-06-24 00:00:00+09:00,3385.0,3665.0,3385.0,3580.0,20781,0.0,0.0
2022-06-27 00:00:00+09:00,3825.0,3825.0,3560.0,3645.0,22647,0.0,0.0
2022-06-28 00:00:00+09:00,3680.0,3810.0,3630.0,3660.0,23440,0.0,0.0
2022-06-29 00:00:00+09:00,3670.0,3710.0,3620.0,3690.0,8764,0.0,0.0
2022-06-30 00:00:00+09:00,3650.0,3690.0,3590.0,3690.0,11061,0.0,0.0
2022-07-01 00:00:00+09:00,3650.0,3650.0,3505.0,3520.0,13528,0.0,0.0
2022-07-04 00:00:00+09:00,3505.0,3625.0,3465.0,3510.0,25531,0.0,0.0
2022-07-05 00:00:00+09:00,3545.0,3740.0,3545.0,3740.0,4720,0.0,0.0
2022-07-06 00:00:00+09:00,3775.0,3780.0,3710.0,3740.0,33043,0.0,0.0
2022-07-07 00:00:00+09:00,3740.0,3825.0,3740.0,3800.0,5146,0.0,0.0
2022-07-08 00:00:00+09:00,3835.0,3870.0,3800.0,3835.0,8658,0.0,0.0
2022-07-11 00:00:00+09:00,3835.0,3860.0,3750.0,3830.0,9577,0.0,0.0
2022-07-12 00:00:00+09:00,3830.0,3830.0,3830.0,3830.0,0,0.0,0.0
2022-07-13 00:00:00+09:00,3695.0,3795.0,3685.0,3740.0,3503,0.0,0.0
2022-07-14 00:00:00+09:00,3740.0,3780.0,3710.0,3770.0,8271,0.0,0.0
2022-07-15 00:00:00+09:00,3690.0,3800.0,3690.0,3775.0,5623,0.0,0.0
2022-07-18 00:00:00+09:00,3810.0,3815.0,3765.0,3815.0,4499,0.0,0.0
2022-07-19 00:00:00+09:00,3815.0,3940.0,3780.0,3865.0,14539,0.0,0.0
2022-07-20 00:00:00+09:00,3880.0,3920.0,3870.0,3875.0,12306,0.0,0.0
2022-07-21 00:00:00+09:00,3875.0,3910.0,3875.0,3885.0,7159,0.0,0.0
2022-07-22 00:00:00+09:00,3920.0,3935.0,3885.0,3890.0,5393,0.0,0.0
2022-07-25 00:00:00+09:00,3850.0,3890.0,3850.0,3860.0,5232,0.0,0.0
2022-07-26 00:00:00+09:00,3860.0,3865.0,3840.0,3840.0,12533,0.0,0.0
2022-07-27 00:00:00+09:00,3840.0,3855.0,3800.0,3820.0,9451,0.0,0.0
2022-07-28 00:00:00+09:00,3820.0,3850.0,3820.0,3845.0,9653,0.0,0.0
2022-07-29 00:00:00+09:00,3845.0,3865.0,3840.0,3850.0,6921,0.0,0.0
2022-08-01 00:00:00+09:00,3855.0,3915.0,3850.0,3900.0,13596,0.0,0.0
2022-08-02 00:00:00+09:00,3905.0,3980.0,3880.0,3980.0,7670,0.0,0.0
2022-08-03 00:00:00+09:00,3950.0,3980.0,3930.0,3975.0,7715,0.0,0.0
2022-08-04 00:00:00+09:00,3955.0,4020.0,3955.0,3985.0,7399,0.0,0.0
2022-08-05 00:00:00+09:00,3985.0,3985.0,3950.0,3980.0,4431,0.0,0.0
2022-08-08 00:00:00+09:00,3965.0,3990.0,3965.0,3975.0,3028,0.0,0.0
2022-08-09 00:00:00+09:00,3975.0,3975.0,3805.0,3975.0,11529,0.0,0.0
2022-08-10 00:00:00+09:00,3935.0,3945.0,3900.0,3935.0,5590,0.0,0.0
2022-08-11 00:00:00+09:00,3930.0,3950.0,3900.0,3935.0,6059,0.0,0.0
2022-08-12 00:00:00+09:00,4155.0,4890.0,4110.0,4260.0,3932123,0.0,0.0
2022-08-16 00:00:00+09:00,4290.0,5300.0,4230.0,4770.0,4609478,0.0,0.0
2022-08-17 00:00:00+09:00,4730.0,5140.0,4475.0,4540.0,815692,0.0,0.0
2022-08-18 00:00:00+09:00,4540.0,5600.0,4355.0,4845.0,3809690,0.0,0.0
2022-08-19 00:00:00+09:00,4845.0,5760.0,4790.0,5500.0,5244075,0.0,0.0
2022-08-22 00:00:00+09:00,5340.0,5700.0,5250.0,5250.0,818818,0.0,0.0
2022-08-23 00:00:00+09:00,5080.0,5240.0,4905.0,4960.0,255880,0.0,0.0
2022-08-24 00:00:00+09:00,4960.0,6210.0,4890.0,5650.0,8912104,0.0,0.0
2022-08-25 00:00:00+09:00,5590.0,5780.0,5530.0,5560.0,614933,0.0,0.0
2022-08-26 00:00:00+09:00,5550.0,5770.0,5480.0,5520.0,530417,0.0,0.0
2022-08-29 00:00:00+09:00,5380.0,5500.0,5310.0,5350.0,186229,0.0,0.0
2022-08-30 00:00:00+09:00,5350.0,5440.0,5310.0,5380.0,150037,0.0,0.0
2022-08-31 00:00:00+09:00,5380.0,5820.0,5030.0,5110.0,1163815,0.0,0.0
2022-09-01 00:00:00+09:00,5130.0,5230.0,4930.0,4940.0,129304,0.0,0.0
2022-09-02 00:00:00+09:00,4940.0,5190.0,4890.0,5010.0,192185,0.0,0.0
2022-09-05 00:00:00+09:00,4970.0,5340.0,4900.0,4900.0,284964,0.0,0.0
2022-09-06 00:00:00+09:00,4985.0,5230.0,4920.0,5060.0,192905,0.0,0.0
2022-09-07 00:00:00+09:00,5070.0,5120.0,4965.0,5000.0,81565,0.0,0.0
2022-09-08 00:00:00+09:00,5030.0,5230.0,4685.0,4715.0,245007,0.0,0.0
2022-09-13 00:00:00+09:00,4750.0,5820.0,4730.0,5340.0,4611607,0.0,0.0
2022-09-14 00:00:00+09:00,5250.0,5490.0,5170.0,5190.0,609229,0.0,0.0
2022-09-15 00:00:00+09:00,5280.0,5530.0,5110.0,5120.0,442468,0.0,0.0
2022-09-16 00:00:00+09:00,5190.0,5190.0,4845.0,4845.0,161515,0.0,0.0
2022-09-19 00:00:00+09:00,4845.0,4865.0,4515.0,4580.0,132400,0.0,0.0
2022-09-20 00:00:00+09:00,4580.0,5100.0,4580.0,4760.0,282249,0.0,0.0
2022-09-21 00:00:00+09:00,4775.0,5080.0,4580.0,4700.0,202165,0.0,0.0
2022-09-22 00:00:00+09:00,4700.0,4700.0,4450.0,4465.0,71574,0.0,0.0
2022-09-23 00:00:00+09:00,4465.0,4480.0,4210.0,4255.0,52922,0.0,0.0
2022-09-26 00:00:00+09:00,4255.0,4295.0,4000.0,4085.0,52605,0.0,0.0
2022-09-27 00:00:00+09:00,3950.0,4195.0,3920.0,4090.0,64126,0.0,0.0
2022-09-28 00:00:00+09:00,4100.0,4195.0,3810.0,3930.0,54236,0.0,0.0
2022-09-29 00:00:00+09:00,3940.0,4215.0,3940.0,4070.0,51071,0.0,0.0
2022-09-30 00:00:00+09:00,4070.0,4830.0,3810.0,4215.0,1166530,0.0,0.0
2022-10-04 00:00:00+09:00,4310.0,4560.0,4135.0,4170.0,223047,0.0,0.0
2022-10-05 00:00:00+09:00,4190.0,4240.0,4010.0,4095.0,55666,0.0,0.0
2022-10-06 00:00:00+09:00,4095.0,4315.0,4095.0,4240.0,52774,0.0,0.0
2022-10-07 00:00:00+09:00,4240.0,4320.0,4055.0,4210.0,35612,0.0,0.0
2022-10-11 00:00:00+09:00,4160.0,4170.0,3950.0,3970.0,22979,0.0,0.0
2022-10-12 00:00:00+09:00,3900.0,4105.0,3830.0,3950.0,32060,0.0,0.0
2022-10-13 00:00:00+09:00,3950.0,3950.0,3685.0,3690.0,37272,0.0,0.0
2022-10-14 00:00:00+09:00,3690.0,3860.0,3660.0,3815.0,22890,0.0,0.0
2022-10-17 00:00:00+09:00,3815.0,4600.0,3775.0,4100.0,1256094,0.0,0.0
2022-10-18 00:00:00+09:00,4090.0,4815.0,4000.0,4265.0,1145347,0.0,0.0
2022-10-19 00:00:00+09:00,4275.0,4340.0,4160.0,4170.0,104785,0.0,0.0
2022-10-20 00:00:00+09:00,4130.0,4275.0,4005.0,4020.0,55001,0.0,0.0
2022-10-21 00:00:00+09:00,3955.0,4100.0,3900.0,3955.0,39747,0.0,0.0
2022-10-24 00:00:00+09:00,3955.0,4110.0,3955.0,4050.0,26957,0.0,0.0
2022-10-25 00:00:00+09:00,4065.0,4155.0,4065.0,4120.0,31338,0.0,0.0
2022-10-26 00:00:00+09:00,4120.0,4170.0,4035.0,4085.0,33162,0.0,0.0
2022-10-27 00:00:00+09:00,4070.0,4200.0,4050.0,4105.0,18816,0.0,0.0
2022-10-28 00:00:00+09:00,4105.0,4145.0,4015.0,4035.0,19008,0.0,0.0
2022-10-31 00:00:00+09:00,4040.0,4105.0,3950.0,4105.0,20141,0.0,0.0
2022-11-01 00:00:00+09:00,4195.0,4195.0,4045.0,4100.0,8024,0.0,0.0
2022-11-02 00:00:00+09:00,4155.0,4155.0,3950.0,3960.0,28897,0.0,0.0
2022-11-03 00:00:00+09:00,3960.0,3980.0,3825.0,3980.0,15984,0.0,0.0
2022-11-04 00:00:00+09:00,3980.0,3995.0,3830.0,3920.0,21079,0.0,0.0
2022-11-07 00:00:00+09:00,3940.0,4045.0,3940.0,3995.0,14477,0.0,0.0
2022-11-08 00:00:00+09:00,4090.0,4090.0,3995.0,4045.0,15495,0.0,0.0
2022-11-09 00:00:00+09:00,4050.0,4095.0,3965.0,4035.0,15415,0.0,0.0
2022-11-10 00:00:00+09:00,4015.0,4035.0,3920.0,3980.0,8305,0.0,0.0
2022-11-11 00:00:00+09:00,4000.0,4395.0,4000.0,4150.0,185091,0.0,0.0
2022-11-14 00:00:00+09:00,4180.0,4195.0,4115.0,4135.0,17659,0.0,0.0
2022-11-15 00:00:00+09:00,4135.0,4760.0,4115.0,4440.0,1357275,0.0,0.0
2022-11-16 00:00:00+09:00,4430.0,4845.0,4310.0,4430.0,536608,0.0,0.0
2022-11-17 00:00:00+09:00,4430.0,4430.0,4290.0,4365.0,52463,0.0,0.0
2022-11-18 00:00:00+09:00,4365.0,4445.0,4345.0,4355.0,35423,0.0,0.0
2022-11-21 00:00:00+09:00,4355.0,4385.0,4200.0,4225.0,35158,0.0,0.0
2022-11-22 00:00:00+09:00,4225.0,4270.0,4145.0,4210.0,29761,0.0,0.0
2022-11-23 00:00:00+09:00,4210.0,4335.0,4210.0,4255.0,26156,0.0,0.0
2022-11-24 00:00:00+09:00,4260.0,4350.0,4255.0,4280.0,26059,0.0,0.0
2022-11-25 00:00:00+09:00,4280.0,4335.0,4235.0,4290.0,15331,0.0,0.0
2022-11-28 00:00:00+09:00,4250.0,4290.0,4150.0,4215.0,23313,0.0,0.0
2022-11-29 00:00:00+09:00,4160.0,4260.0,4055.0,4240.0,43212,0.0,0.0
2022-11-30 00:00:00+09:00,4245.0,4370.0,4245.0,4335.0,34309,0.0,0.0
2022-12-01 00:00:00+09:00,4335.0,4540.0,4335.0,4420.0,84251,0.0,0.0
2022-12-02 00:00:00+09:00,4420.0,4520.0,4365.0,4440.0,41595,0.0,0.0
2022-12-05 00:00:00+09:00,4440.0,4440.0,4360.0,4420.0,35808,0.0,0.0
2022-12-06 00:00:00+09:00,4415.0,4590.0,4355.0,4410.0,109613,0.0,0.0
2022-12-07 00:00:00+09:00,4365.0,4435.0,4250.0,4435.0,47611,0.0,0.0
2022-12-08 00:00:00+09:00,4375.0,4535.0,4315.0,4320.0,47877,0.0,0.0
2022-12-09 00:00:00+09:00,4320.0,4455.0,4310.0,4430.0,23551,0.0,0.0
2022-12-12 00:00:00+09:00,4440.0,4555.0,4290.0,4430.0,47980,0.0,0.0
2022-12-13 00:00:00+09:00,4385.0,4455.0,4355.0,4425.0,29787,0.0,0.0
2022-12-14 00:00:00+09:00,4415.0,4505.0,4385.0,4470.0,25086,0.0,0.0
2022-12-15 00:00:00+09:00,4480.0,4590.0,4425.0,4425.0,70435,0.0,0.0
2022-12-16 00:00:00+09:00,4380.0,4435.0,4355.0,4435.0,20854,0.0,0.0
2022-12-19 00:00:00+09:00,4395.0,4525.0,4350.0,4485.0,28632,0.0,0.0
2022-12-20 00:00:00+09:00,4345.0,4395.0,4125.0,4195.0,55546,0.0,0.0
2022-12-21 00:00:00+09:00,4165.0,4270.0,4150.0,4170.0,17300,0.0,0.0
2022-12-22 00:00:00+09:00,4215.0,4285.0,4215.0,4285.0,9889,0.0,0.0
2022-12-23 00:00:00+09:00,4325.0,4325.0,4105.0,4120.0,26200,0.0,0.0
2022-12-26 00:00:00+09:00,4050.0,4095.0,3940.0,3990.0,21880,0.0,0.0
2022-12-27 00:00:00+09:00,3990.0,4100.0,3970.0,4100.0,12527,0.0,0.0
2022-12-28 00:00:00+09:00,4140.0,4245.0,4100.0,4220.0,20691,0.0,0.0
2022-12-29 00:00:00+09:00,4180.0,4220.0,3985.0,4125.0,16433,0.0,0.0
2023-01-02 00:00:00+09:00,4080.0,4105.0,3935.0,3960.0,16374,0.0,0.0
2023-01-03 00:00:00+09:00,3955.0,3955.0,3700.0,3930.0,47831,0.0,0.0
2023-01-04 00:00:00+09:00,3930.0,4115.0,3855.0,4085.0,18924,0.0,0.0
2023-01-05 00:00:00+09:00,4125.0,4165.0,4085.0,4165.0,18286,0.0,0.0
2023-01-06 00:00:00+09:00,4165.0,4235.0,4140.0,4190.0,23035,0.0,0.0
2023-01-09 00:00:00+09:00,4230.0,4265.0,4200.0,4250.0,11595,0.0,0.0
2023-01-10 00:00:00+09:00,4250.0,4300.0,4225.0,4275.0,9769,0.0,0.0
2023-01-11 00:00:00+09:00,4275.0,4325.0,4230.0,4285.0,13583,0.0,0.0
2023-01-12 00:00:00+09:00,4300.0,4390.0,4185.0,4185.0,44538,0.0,0.0
2023-01-13 00:00:00+09:00,4185.0,4255.0,4140.0,4180.0,12961,0.0,0.0
2023-01-16 00:00:00+09:00,4180.0,4245.0,4180.0,4245.0,13832,0.0,0.0
2023-01-17 00:00:00+09:00,4245.0,4255.0,4140.0,4190.0,10857,0.0,0.0
2023-01-18 00:00:00+09:00,4150.0,4190.0,4125.0,4190.0,7480,0.0,0.0
2023-01-19 00:00:00+09:00,4190.0,4270.0,4055.0,4205.0,9763,0.0,0.0
2023-01-20 00:00:00+09:00,4180.0,4275.0,4170.0,4270.0,12576,0.0,0.0
2023-01-25 00:00:00+09:00,4270.0,4360.0,4270.0,4310.0,106,0.0,0.0
2023-01-26 00:00:00+09:00,4315.0,4355.0,4275.0,4305.0,51,0.0,0.0
2023-01-27 00:00:00+09:00,4300.0,4430.0,4270.0,4385.0,1169,0.0,0.0
2023-01-30 00:00:00+09:00,4385.0,4440.0,4340.0,4425.0,36,0.0,0.0
2023-01-31 00:00:00+09:00,4345.0,4440.0,4320.0,4405.0,1672,0.0,0.0
2023-02-01 00:00:00+09:00,4425.0,4430.0,4360.0,4425.0,32498,0.0,0.0
2023-02-02 00:00:00+09:00,4430.0,4545.0,4410.0,4520.0,516,0.0,0.0
2023-02-03 00:00:00+09:00,4520.0,4720.0,4490.0,4720.0,45030,0.0,0.0
2023-02-06 00:00:00+09:00,4990.0,5050.0,4650.0,4720.0,2929,0.0,0.0
2023-02-07 00:00:00+09:00,4655.0,4700.0,4590.0,4610.0,3571,0.0,0.0
2023-02-08 00:00:00+09:00,4640.0,4720.0,4600.0,4610.0,74477,0.0,0.0
2023-02-09 00:00:00+09:00,4650.0,4775.0,4600.0,4650.0,917,0.0,0.0
2023-02-10 00:00:00+09:00,4700.0,4900.0,4530.0,4735.0,4117,0.0,0.0
2023-02-13 00:00:00+09:00,4820.0,5100.0,4610.0,4610.0,4572,0.0,0.0
2023-02-14 00:00:00+09:00,4645.0,4765.0,4625.0,4655.0,55,0.0,0.0
2023-02-15 00:00:00+09:00,4665.0,4730.0,4390.0,4460.0,67216,0.0,0.0
2023-02-16 00:00:00+09:00,4415.0,4530.0,4415.0,4490.0,33498,0.0,0.0
2023-02-17 00:00:00+09:00,4490.0,4545.0,4430.0,4510.0,20214,0.0,0.0
2023-02-20 00:00:00+09:00,4495.0,4590.0,4445.0,4585.0,155,0.0,0.0
2023-02-21 00:00:00+09:00,4585.0,4645.0,4390.0,4635.0,20,0.0,0.0
2023-02-22 00:00:00+09:00,4570.0,4615.0,4455.0,4460.0,393,0.0,0.0
2023-02-23 00:00:00+09:00,4415.0,4660.0,4415.0,4635.0,150,0.0,0.0
2023-02-24 00:00:00+09:00,4645.0,4685.0,4570.0,4610.0,71,0.0,0.0
2023-02-27 00:00:00+09:00,4530.0,4650.0,4470.0,4605.0,26894,0.0,0.0
2023-02-28 00:00:00+09:00,4565.0,4725.0,4515.0,4620.0,22842,0.0,0.0
2023-03-02 00:00:00+09:00,4630.0,4740.0,4630.0,4670.0,22016,0.0,0.0
2023-03-03 00:00:00+09:00,4680.0,4785.0,4600.0,4670.0,32718,0.0,0.0
2023-03-06 00:00:00+09:00,4625.0,4690.0,4605.0,4610.0,15933,0.0,0.0
2023-03-07 00:00:00+09:00,4635.0,4660.0,4540.0,4650.0,14251,0.0,0.0
2023-03-08 00:00:00+09:00,4605.0,4650.0,4445.0,4550.0,14231,0.0,0.0
2023-03-09 00:00:00+09:00,4550.0,4950.0,4400.0,4465.0,115910,0.0,0.0
2023-03-10 00:00:00+09:00,4465.0,4605.0,4410.0,4410.0,34106,0.0,0.0
2023-03-13 00:00:00+09:00,4285.0,4345.0,4210.0,4300.0,24667,0.0,0.0
2023-03-14 00:00:00+09:00,4295.0,4295.0,4080.0,4155.0,30948,0.0,0.0
2023-03-15 00:00:00+09:00,4155.0,4265.0,4155.0,4265.0,24336,0.0,0.0
2023-03-16 00:00:00+09:00,4265.0,4265.0,4010.0,4090.0,25796,0.0,0.0
2023-03-17 00:00:00+09:00,4115.0,4175.0,4065.0,4150.0,33696,0.0,0.0
2023-03-20 00:00:00+09:00,4150.0,4230.0,4130.0,4185.0,13290,0.0,0.0
2023-03-21 00:00:00+09:00,4185.0,4255.0,4065.0,4090.0,12591,0.0,0.0
2023-03-22 00:00:00+09:00,4090.0,4130.0,4010.0,4045.0,24493,0.0,0.0
2023-03-23 00:00:00+09:00,4045.0,4065.0,3985.0,3985.0,17993,0.0,0.0
2023-03-24 00:00:00+09:00,3975.0,4155.0,3975.0,4070.0,17265,0.0,0.0
2023-03-27 00:00:00+09:00,4070.0,4125.0,3965.0,4125.0,14893,0.0,0.0
2023-03-28 00:00:00+09:00,4125.0,4190.0,4065.0,4145.0,21370,0.0,0.0
2023-03-29 00:00:00+09:00,4145.0,4195.0,4115.0,4180.0,6459,0.0,0.0
2023-03-30 00:00:00+09:00,4180.0,4385.0,4180.0,4385.0,41783,0.0,0.0
2023-03-31 00:00:00+09:00,4385.0,4500.0,4280.0,4350.0,42761,0.0,0.0
2023-04-03 00:00:00+09:00,4570.0,4780.0,4380.0,4780.0,208936,0.0,0.0
2023-04-04 00:00:00+09:00,4780.0,4930.0,4720.0,4875.0,112142,0.0,0.0
2023-04-05 00:00:00+09:00,4855.0,5270.0,4700.0,4955.0,171233,0.0,0.0
2023-04-06 00:00:00+09:00,4955.0,5010.0,4680.0,4975.0,50119,0.0,0.0
2023-04-07 00:00:00+09:00,5020.0,5100.0,4795.0,5030.0,48603,0.0,0.0
2023-04-10 00:00:00+09:00,5060.0,5200.0,4835.0,4955.0,56193,0.0,0.0
2023-04-11 00:00:00+09:00,4955.0,5200.0,4910.0,5130.0,51172,0.0,0.0
2023-04-12 00:00:00+09:00,5130.0,5250.0,5130.0,5210.0,24533,0.0,0.0
2023-04-13 00:00:00+09:00,5210.0,5210.0,4950.0,5130.0,16838,0.0,0.0
2023-04-14 00:00:00+09:00,5220.0,5230.0,5010.0,5020.0,15380,0.0,0.0
2023-04-17 00:00:00+09:00,5060.0,5200.0,5040.0,5180.0,25128,0.0,0.0
2023-04-18 00:00:00+09:00,5180.0,5180.0,5030.0,5050.0,25420,0.0,0.0
2023-04-19 00:00:00+09:00,5100.0,5290.0,5080.0,5080.0,23668,0.0,0.0
2023-04-20 00:00:00+09:00,5080.0,5230.0,4770.0,4770.0,60094,0.0,0.0
2023-04-21 00:00:00+09:00,4695.0,4770.0,4505.0,4580.0,63359,0.0,0.0
2023-04-24 00:00:00+09:00,4575.0,4575.0,4415.0,4530.0,45335,0.0,0.0
2023-04-25 00:00:00+09:00,4495.0,4750.0,4495.0,4590.0,68143,0.0,0.0
2023-04-26 00:00:00+09:00,4590.0,4800.0,4520.0,4650.0,25887,0.0,0.0
2023-04-27 00:00:00+09:00,4650.0,4770.0,4525.0,4740.0,28104,0.0,0.0
2023-04-28 00:00:00+09:00,4760.0,4830.0,4635.0,4755.0,31554,0.0,0.0
2023-05-02 00:00:00+09:00,4755.0,5200.0,4710.0,5200.0,92331,0.0,0.0
2023-05-03 00:00:00+09:00,5200.0,5590.0,4845.0,4855.0,266100,0.0,0.0
2023-05-04 00:00:00+09:00,4855.0,5000.0,4825.0,4825.0,34276,0.0,0.0
2023-05-08 00:00:00+09:00,4860.0,5190.0,4860.0,4975.0,43097,0.0,0.0
2023-05-09 00:00:00+09:00,4985.0,5050.0,4720.0,4760.0,50945,0.0,0.0
2023-05-10 00:00:00+09:00,4760.0,4855.0,4725.0,4785.0,25626,0.0,0.0
2023-05-11 00:00:00+09:00,4790.0,5030.0,4750.0,4770.0,27965,0.0,0.0
2023-05-12 00:00:00+09:00,4770.0,4990.0,4730.0,4910.0,47380,0.0,0.0
2023-05-15 00:00:00+09:00,4860.0,4990.0,4835.0,4945.0,34927,0.0,0.0
2023-05-16 00:00:00+09:00,4865.0,4865.0,4470.0,4490.0,137141,0.0,0.0
2023-05-17 00:00:00+09:00,4470.0,4485.0,4330.0,4430.0,73948,0.0,0.0
2023-05-18 00:00:00+09:00,4435.0,4600.0,4430.0,4575.0,28468,0.0,0.0
2023-05-19 00:00:00+09:00,4575.0,4650.0,4550.0,4550.0,28564,0.0,0.0
2023-05-22 00:00:00+09:00,4565.0,4650.0,4545.0,4550.0,22492,0.0,0.0
2023-05-23 00:00:00+09:00,4550.0,4585.0,4495.0,4570.0,30530,0.0,0.0
2023-05-24 00:00:00+09:00,4570.0,4610.0,4395.0,4445.0,39691,0.0,0.0
2023-05-25 00:00:00+09:00,4445.0,4485.0,4420.0,4445.0,14261,0.0,0.0
2023-05-26 00:00:00+09:00,4435.0,4440.0,4360.0,4420.0,19834,0.0,0.0
2023-05-30 00:00:00+09:00,4420.0,4465.0,4330.0,4445.0,33932,0.0,0.0
2023-05-31 00:00:00+09:00,4455.0,4455.0,4340.0,4340.0,17596,0.0,0.0
2023-06-01 00:00:00+09:00,4340.0,4350.0,4275.0,4315.0,51722,0.0,0.0
2023-06-02 00:00:00+09:00,4315.0,4420.0,4310.0,4375.0,30400,0.0,0.0
2023-06-05 00:00:00+09:00,4375.0,4375.0,4285.0,4300.0,41586,0.0,0.0
2023-06-07 00:00:00+09:00,4300.0,4365.0,4255.0,4330.0,38419,0.0,0.0
2023-06-08 00:00:00+09:00,4330.0,4420.0,4300.0,4305.0,25542,0.0,0.0
2023-06-09 00:00:00+09:00,4305.0,4360.0,4280.0,4280.0,20184,0.0,0.0
2023-06-12 00:00:00+09:00,4280.0,4280.0,4105.0,4105.0,40670,0.0,0.0
2023-06-13 00:00:00+09:00,4105.0,4210.0,4100.0,4155.0,25643,0.0,0.0
2023-06-14 00:00:00+09:00,4155.0,4155.0,4015.0,4060.0,38961,0.0,0.0
2023-06-15 00:00:00+09:00,4055.0,4060.0,4000.0,4035.0,26341,0.0,0.0
2023-06-16 00:00:00+09:00,4035.0,4270.0,4010.0,4105.0,29969,0.0,0.0
2023-06-19 00:00:00+09:00,4130.0,4255.0,4120.0,4225.0,31600,0.0,0.0
2023-06-20 00:00:00+09:00,4220.0,4250.0,4125.0,4230.0,25288,0.0,0.0
2023-06-21 00:00:00+09:00,4230.0,4245.0,4175.0,4210.0,20925,0.0,0.0
2023-06-22 00:00:00+09:00,4160.0,4200.0,4120.0,4150.0,12196,0.0,0.0
2023-06-23 00:00:00+09:00,4050.0,4140.0,4050.0,4130.0,13293,0.0,0.0
2023-06-26 00:00:00+09:00,4055.0,4110.0,3995.0,4020.0,27255,0.0,0.0
2023-06-27 00:00:00+09:00,4020.0,4045.0,4005.0,4020.0,14231,0.0,0.0
2023-06-28 00:00:00+09:00,4020.0,4085.0,4005.0,4060.0,15964,0.0,0.0
2023-06-29 00:00:00+09:00,4020.0,4060.0,3980.0,4020.0,24473,0.0,0.0
2023-06-30 00:00:00+09:00,3990.0,4040.0,3950.0,4020.0,19723,0.0,0.0
2023-07-03 00:00:00+09:00,4020.0,4090.0,4005.0,4050.0,25479,0.0,0.0
2023-07-04 00:00:00+09:00,4050.0,4095.0,4010.0,4065.0,19207,0.0,0.0
2023-07-05 00:00:00+09:00,4060.0,4065.0,3970.0,4045.0,20382,0.0,0.0
2023-07-06 00:00:00+09:00,4045.0,4045.0,3925.0,3940.0,19481,0.0,0.0
2023-07-07 00:00:00+09:00,3925.0,3930.0,3840.0,3880.0,14998,0.0,0.0
2023-07-10 00:00:00+09:00,3850.0,3890.0,3825.0,3880.0,13158,0.0,0.0
2023-07-11 00:00:00+09:00,3880.0,3920.0,3865.0,3920.0,10710,0.0,0.0
2023-07-12 00:00:00+09:00,3940.0,3970.0,3920.0,3945.0,10009,0.0,0.0
2023-07-13 00:00:00+09:00,3945.0,4005.0,3945.0,3950.0,13361,0.0,0.0
2023-07-14 00:00:00+09:00,3950.0,4140.0,3915.0,4005.0,18632,0.0,0.0
2023-07-17 00:00:00+09:00,4005.0,4005.0,3885.0,3945.0,12919,0.0,0.0
2023-07-18 00:00:00+09:00,3945.0,3945.0,3885.0,3900.0,12827,0.0,0.0
2023-07-19 00:00:00+09:00,3900.0,3915.0,3820.0,3880.0,13820,0.0,0.0
2023-07-20 00:00:00+09:00,3880.0,3910.0,3840.0,3910.0,8740,0.0,0.0
2023-07-21 00:00:00+09:00,3910.0,3910.0,3770.0,3795.0,16109,0.0,0.0
2023-07-24 00:00:00+09:00,3795.0,3815.0,3700.0,3745.0,17879,0.0,0.0
2023-07-25 00:00:00+09:00,3745.0,3795.0,3655.0,3785.0,39726,0.0,0.0
2023-07-26 00:00:00+09:00,3785.0,3785.0,3585.0,3585.0,27530,0.0,0.0
2023-07-27 00:00:00+09:00,3435.0,3665.0,3435.0,3600.0,22792,0.0,0.0
2023-07-28 00:00:00+09:00,3600.0,3690.0,3540.0,3690.0,12422,0.0,0.0
2023-07-31 00:00:00+09:00,3690.0,3745.0,3650.0,3725.0,9102,0.0,0.0
2023-08-01 00:00:00+09:00,3740.0,4610.0,3725.0,4020.0,1187740,0.0,0.0
2023-08-02 00:00:00+09:00,4060.0,4060.0,3865.0,3900.0,107078,0.0,0.0
2023-08-03 00:00:00+09:00,3900.0,3900.0,3705.0,3805.0,45931,0.0,0.0
2023-08-04 00:00:00+09:00,3750.0,3845.0,3740.0,3815.0,34211,0.0,0.0
2023-08-07 00:00:00+09:00,3815.0,4040.0,3785.0,4000.0,49728,0.0,0.0
2023-08-08 00:00:00+09:00,4000.0,4050.0,3945.0,3945.0,48641,0.0,0.0
2023-08-09 00:00:00+09:00,3945.0,3980.0,3890.0,3965.0,10141,0.0,0.0
2023-08-10 00:00:00+09:00,3965.0,3965.0,3855.0,3860.0,13575,0.0,0.0
2023-08-11 00:00:00+09:00,3860.0,3940.0,3860.0,3860.0,10461,0.0,0.0
2023-08-14 00:00:00+09:00,3895.0,3960.0,3855.0,3945.0,7441,0.0,0.0
2023-08-16 00:00:00+09:00,3885.0,3985.0,3815.0,3935.0,24022,0.0,0.0
2023-08-17 00:00:00+09:00,3875.0,3895.0,3775.0,3775.0,24183,0.0,0.0
2023-08-18 00:00:00+09:00,3775.0,4110.0,3690.0,3950.0,65798,0.0,0.0
2023-08-21 00:00:00+09:00,3930.0,4020.0,3930.0,4020.0,28224,0.0,0.0
2023-08-22 00:00:00+09:00,4075.0,4075.0,3970.0,4030.0,39384,0.0,0.0
2023-08-23 00:00:00+09:00,4030.0,4255.0,3995.0,4175.0,61598,0.0,0.0
2023-08-24 00:00:00+09:00,4175.0,4275.0,4135.0,4225.0,35100,0.0,0.0
2023-08-25 00:00:00+09:00,4215.0,4330.0,4160.0,4195.0,47380,0.0,0.0
2023-08-28 00:00:00+09:00,4155.0,4345.0,4155.0,4345.0,39880,0.0,0.0
2023-08-29 00:00:00+09:00,4300.0,4415.0,4300.0,4345.0,38006,0.0,0.0
2023-08-30 00:00:00+09:00,4350.0,4420.0,4330.0,4420.0,30703,0.0,0.0
2023-08-31 00:00:00+09:00,4380.0,4500.0,4360.0,4500.0,56751,0.0,0.0
2023-09-01 00:00:00+09:00,4475.0,4490.0,4425.0,4450.0,27603,0.0,0.0
2023-09-04 00:00:00+09:00,4450.0,4515.0,4380.0,4500.0,28659,0.0,0.0
2023-09-05 00:00:00+09:00,4425.0,4565.0,4425.0,4510.0,29267,0.0,0.0
2023-09-06 00:00:00+09:00,4570.0,4575.0,4415.0,4495.0,26115,0.0,0.0
2023-09-07 00:00:00+09:00,4470.0,4540.0,4420.0,4510.0,21246,0.0,0.0
2023-09-08 00:00:00+09:00,4440.0,4595.0,4430.0,4585.0,37438,0.0,0.0
2023-09-11 00:00:00+09:00,4585.0,4635.0,4500.0,4595.0,24389,0.0,0.0
2023-09-12 00:00:00+09:00,4595.0,4635.0,4520.0,4595.0,22565,0.0,0.0
2023-09-13 00:00:00+09:00,4520.0,4570.0,4480.0,4570.0,17888,0.0,0.0
2023-09-14 00:00:00+09:00,4540.0,4595.0,4520.0,4580.0,22442,0.0,0.0
2023-09-15 00:00:00+09:00,4580.0,4640.0,4580.0,4600.0,26113,0.0,0.0
2023-09-18 00:00:00+09:00,4600.0,4640.0,4575.0,4630.0,25777,0.0,0.0
2023-09-19 00:00:00+09:00,4630.0,4630.0,4445.0,4610.0,24230,0.0,0.0
2023-09-20 00:00:00+09:00,4550.0,4625.0,4550.0,4615.0,18412,0.0,0.0
2023-09-21 00:00:00+09:00,4605.0,4605.0,4495.0,4515.0,15601,0.0,0.0
2023-09-22 00:00:00+09:00,4490.0,4585.0,4350.0,4485.0,21916,0.0,0.0
2023-09-25 00:00:00+09:00,4485.0,4580.0,4395.0,4425.0,25662,0.0,0.0
2023-09-26 00:00:00+09:00,4400.0,4495.0,4355.0,4430.0,26547,0.0,0.0
2023-09-27 00:00:00+09:00,4425.0,4430.0,4250.0,4420.0,14013,0.0,0.0
2023-10-04 00:00:00+09:00,4375.0,4400.0,4200.0,4205.0,33491,0.0,0.0
2023-10-05 00:00:00+09:00,4205.0,4335.0,4205.0,4205.0,16543,0.0,0.0
2023-10-06 00:00:00+09:00,4290.0,4400.0,4285.0,4375.0,22008,0.0,0.0
2023-10-10 00:00:00+09:00,4330.0,4495.0,4300.0,4310.0,21311,0.0,0.0
2023-10-11 00:00:00+09:00,4245.0,4410.0,4245.0,4330.0,11252,0.0,0.0
2023-10-12 00:00:00+09:00,4330.0,4600.0,4330.0,4340.0,13902,0.0,0.0
2023-10-13 00:00:00+09:00,4350.0,4440.0,4165.0,4215.0,15910,0.0,0.0
2023-10-16 00:00:00+09:00,4215.0,4390.0,4020.0,4020.0,14722,0.0,0.0
2023-10-17 00:00:00+09:00,4020.0,4180.0,3905.0,4100.0,10262,0.0,0.0
2023-10-18 00:00:00+09:00,4140.0,4140.0,3980.0,4060.0,7313,0.0,0.0
2023-10-19 00:00:00+09:00,4060.0,4140.0,3920.0,3950.0,13187,0.0,0.0
2023-10-20 00:00:00+09:00,3910.0,3910.0,3740.0,3790.0,27399,0.0,0.0
2023-10-23 00:00:00+09:00,3755.0,3890.0,3755.0,3810.0,10277,0.0,0.0
2023-10-24 00:00:00+09:00,3830.0,4070.0,3805.0,3820.0,13162,0.0,0.0
2023-10-25 00:00:00+09:00,4150.0,4150.0,3835.0,3860.0,15498,0.0,0.0
2023-10-26 00:00:00+09:00,3800.0,3890.0,3800.0,3830.0,10005,0.0,0.0
2023-10-27 00:00:00+09:00,3800.0,3875.0,3800.0,3855.0,6911,0.0,0.0
2023-10-30 00:00:00+09:00,3800.0,3890.0,3790.0,3880.0,7758,0.0,0.0
2023-10-31 00:00:00+09:00,3880.0,3915.0,3870.0,3870.0,9658,0.0,0.0
2023-11-01 00:00:00+09:00,3870.0,3885.0,3655.0,3875.0,17842,0.0,0.0
2023-11-02 00:00:00+09:00,3875.0,3950.0,3875.0,3935.0,7275,0.0,0.0
2023-11-03 00:00:00+09:00,3975.0,4170.0,3885.0,3940.0,13284,0.0,0.0
2023-11-06 00:00:00+09:00,4160.0,4160.0,3985.0,4030.0,12643,0.0,0.0
2023-11-07 00:00:00+09:00,3990.0,4115.0,3950.0,4010.0,5805,0.0,0.0
2023-11-08 00:00:00+09:00,4010.0,4050.0,4005.0,4045.0,9471,0.0,0.0
2023-11-09 00:00:00+09:00,4040.0,4040.0,3960.0,4030.0,3241,0.0,0.0
2023-11-10 00:00:00+09:00,3915.0,4010.0,3915.0,4010.0,1646,0.0,0.0
2023-11-13 00:00:00+09:00,4005.0,4005.0,3865.0,3985.0,2996,0.0,0.0
2023-11-14 00:00:00+09:00,3925.0,4110.0,3925.0,4075.0,5865,0.0,0.0
2023-11-15 00:00:00+09:00,4135.0,4180.0,4035.0,4135.0,9493,0.0,0.0
2023-11-16 00:00:00+09:00,4135.0,4545.0,4135.0,4405.0,59871,0.0,0.0
2023-11-17 00:00:00+09:00,4395.0,4410.0,4290.0,4350.0,17016,0.0,0.0
2023-11-20 00:00:00+09:00,4355.0,4600.0,4355.0,4400.0,10311,0.0,0.0
2023-11-21 00:00:00+09:00,4545.0,4545.0,4400.0,4425.0,10457,0.0,0.0
2023-11-22 00:00:00+09:00,4550.0,4550.0,4440.0,4480.0,6320,0.0,0.0
2023-11-23 00:00:00+09:00,4485.0,4535.0,4485.0,4530.0,10139,0.0,0.0
2023-11-24 00:00:00+09:00,4590.0,4600.0,4440.0,4525.0,9723,0.0,0.0
2023-11-27 00:00:00+09:00,4565.0,4565.0,4335.0,4390.0,3983,0.0,0.0
2023-11-28 00:00:00+09:00,4390.0,4390.0,4300.0,4345.0,2795,0.0,0.0
2023-11-29 00:00:00+09:00,4345.0,4450.0,4155.0,4260.0,7672,0.0,0.0
2023-11-30 00:00:00+09:00,4260.0,4540.0,4120.0,4430.0,9315,0.0,0.0
2023-12-01 00:00:00+09:00,4360.0,4430.0,4280.0,4370.0,8708,0.0,0.0
2023-12-04 00:00:00+09:00,4370.0,4575.0,4365.0,4545.0,13021,0.0,0.0
2023-12-05 00:00:00+09:00,4500.0,4575.0,4390.0,4515.0,12341,0.0,0.0
2023-12-06 00:00:00+09:00,4475.0,4540.0,4475.0,4520.0,6626,0.0,0.0
2023-12-07 00:00:00+09:00,4595.0,4595.0,4455.0,4455.0,3086,0.0,0.0
2023-12-08 00:00:00+09:00,4400.0,4540.0,4370.0,4370.0,5884,0.0,0.0
2023-12-11 00:00:00+09:00,4370.0,4600.0,4370.0,4435.0,7586,0.0,0.0
2023-12-12 00:00:00+09:00,4435.0,4435.0,4385.0,4410.0,2783,0.0,0.0
2023-12-13 00:00:00+09:00,4410.0,4420.0,4190.0,4190.0,5636,0.0,0.0
2023-12-14 00:00:00+09:00,4190.0,4350.0,4190.0,4280.0,4737,0.0,0.0
2023-12-15 00:00:00+09:00,4320.0,4810.0,4105.0,4105.0,281292,0.0,0.0
2023-12-18 00:00:00+09:00,4125.0,4210.0,4125.0,4190.0,13763,0.0,0.0
2023-12-19 00:00:00+09:00,4230.0,4230.0,4190.0,4220.0,7825,0.0,0.0
2023-12-20 00:00:00+09:00,4240.0,4370.0,4215.0,4300.0,11503,0.0,0.0
2023-12-21 00:00:00+09:00,4295.0,4325.0,4200.0,4315.0,8330,0.0,0.0
2023-12-22 00:00:00+09:00,4280.0,4280.0,4180.0,4270.0,8385,0.0,0.0
2023-12-26 00:00:00+09:00,4245.0,4245.0,4150.0,4210.0,11235,0.0,0.0
2023-12-27 00:00:00+09:00,4210.0,4300.0,4180.0,4270.0,8769,0.0,0.0
2023-12-28 00:00:00+09:00,4230.0,4310.0,4185.0,4245.0,8005,0.0,0.0
2024-01-02 00:00:00+09:00,4245.0,4300.0,4240.0,4280.0,11245,0.0,0.0
2024-01-03 00:00:00+09:00,4295.0,4390.0,4275.0,4335.0,7902,0.0,0.0
2024-01-04 00:00:00+09:00,4380.0,4380.0,4160.0,4170.0,9354,0.0,0.0
2024-01-05 00:00:00+09:00,4170.0,4200.0,4105.0,4160.0,9854,0.0,0.0
2024-01-08 00:00:00+09:00,4165.0,4310.0,4165.0,4300.0,8612,0.0,0.0
2024-01-09 00:00:00+09:00,4265.0,4385.0,4265.0,4310.0,4719,0.0,0.0
2024-01-10 00:00:00+09:00,4280.0,4350.0,4280.0,4345.0,5938,0.0,0.0
2024-01-11 00:00:00+09:00,4345.0,4395.0,4345.0,4345.0,3580,0.0,0.0
2024-01-12 00:00:00+09:00,4395.0,4395.0,4260.0,4285.0,5944,0.0,0.0
2024-01-15 00:00:00+09:00,4285.0,4285.0,4240.0,4185.0,685,0.0,0.0
2024-01-16 00:00:00+09:00,4185.0,4185.0,4105.0,4155.0,10454,0.0,0.0
2024-01-17 00:00:00+09:00,4150.0,4170.0,4055.0,4075.0,6381,0.0,0.0
2024-01-18 00:00:00+09:00,4075.0,4145.0,4015.0,4070.0,13612,0.0,0.0
2024-01-19 00:00:00+09:00,4070.0,4120.0,4025.0,4055.0,5227,0.0,0.0
2024-01-22 00:00:00+09:00,4055.0,4160.0,4055.0,4100.0,6757,0.0,0.0
2024-01-23 00:00:00+09:00,4105.0,4190.0,4100.0,4190.0,7841,0.0,0.0
2024-01-24 00:00:00+09:00,4195.0,4200.0,4105.0,4200.0,5858,0.0,0.0
2024-01-25 00:00:00+09:00,4115.0,4200.0,4100.0,4155.0,3644,0.0,0.0
2024-01-26 00:00:00+09:00,4155.0,4200.0,4085.0,4115.0,4005,0.0,0.0
2024-01-29 00:00:00+09:00,4175.0,4235.0,4070.0,4210.0,6710,0.0,0.0
2024-01-30 00:00:00+09:00,4200.0,4200.0,4085.0,4160.0,8154,0.0,0.0
2024-01-31 00:00:00+09:00,4065.0,4145.0,3970.0,4100.0,15240,0.0,0.0
2024-02-01 00:00:00+09:00,4005.0,4045.0,3900.0,3930.0,18603,0.0,0.0
2024-02-02 00:00:00+09:00,3850.0,3970.0,3800.0,3900.0,47509,0.0,0.0
2024-02-05 00:00:00+09:00,3900.0,4020.0,3895.0,3945.0,10844,0.0,0.0
2024-02-06 00:00:00+09:00,3945.0,4035.0,3945.0,4030.0,5559,0.0,0.0
2024-02-07 00:00:00+09:00,3990.0,4030.0,3935.0,3990.0,8224,0.0,0.0
2024-02-08 00:00:00+09:00,3990.0,4040.0,3955.0,4000.0,4604,0.0,0.0
2024-02-13 00:00:00+09:00,3965.0,4040.0,3965.0,4015.0,5477,0.0,0.0
2024-02-14 00:00:00+09:00,4015.0,4030.0,3970.0,4000.0,11599,0.0,0.0
2024-02-15 00:00:00+09:00,4055.0,4150.0,3955.0,3970.0,9636,0.0,0.0
2024-02-16 00:00:00+09:00,4040.0,4055.0,4000.0,4045.0,6803,0.0,0.0
2024-02-19 00:00:00+09:00,4035.0,4080.0,4030.0,4060.0,6395,0.0,0.0
2024-02-20 00:00:00+09:00,4060.0,4080.0,4020.0,4070.0,2528,0.0,0.0
2024-02-21 00:00:00+09:00,4030.0,4090.0,4020.0,4020.0,9310,0.0,0.0
2024-02-22 00:00:00+09:00,4020.0,4055.0,3990.0,4055.0,7467,0.0,0.0
2024-02-23 00:00:00+09:00,4055.0,4055.0,4005.0,4020.0,4270,0.0,0.0
2024-02-26 00:00:00+09:00,3980.0,4070.0,3980.0,4000.0,6280,0.0,0.0
2024-02-27 00:00:00+09:00,4000.0,4035.0,3980.0,4005.0,4120,0.0,0.0
2024-02-28 00:00:00+09:00,4000.0,4000.0,3965.0,3985.0,7675,0.0,0.0
2024-02-29 00:00:00+09:00,3985.0,3985.0,3935.0,3965.0,9165,0.0,0.0
2024-03-04 00:00:00+09:00,3945.0,4020.0,3905.0,4010.0,8199,0.0,0.0
2024-03-05 00:00:00+09:00,4010.0,4010.0,3915.0,3915.0,5664,0.0,0.0
2024-03-06 00:00:00+09:00,3915.0,3950.0,3890.0,3890.0,2929,0.0,0.0
2024-03-07 00:00:00+09:00,3890.0,4005.0,3805.0,3845.0,11061,0.0,0.0
2024-03-08 00:00:00+09:00,3845.0,3875.0,3800.0,3820.0,8061,0.0,0.0
2024-03-11 00:00:00+09:00,3820.0,3895.0,3770.0,3820.0,4823,0.0,0.0
2024-03-12 00:00:00+09:00,3820.0,3840.0,3770.0,3815.0,4301,0.0,0.0
2024-03-13 00:00:00+09:00,3815.0,3815.0,3780.0,3805.0,4103,0.0,0.0
2024-03-14 00:00:00+09:00,3805.0,3805.0,3805.0,3805.0,0,0.0,0.0
2024-03-15 00:00:00+09:00,3805.0,3805.0,3805.0,3805.0,0,0.0,0.0
2024-03-18 00:00:00+09:00,3805.0,3805.0,3805.0,3805.0,0,0.0,0.0
2024-03-19 00:00:00+09:00,3805.0,3805.0,3805.0,3805.0,0,0.0,0.0
2024-03-20 00:00:00+09:00,3805.0,3805.0,3805.0,3805.0,0,0.0,0.0
2024-03-21 00:00:00+09:00,3805.0,3805.0,3805.0,3805.0,0,0.0,0.0
2024-03-22 00:00:00+09:00,3805.0,3805.0,3805.0,3805.0,0,0.0,0.0
2024-03-25 00:00:00+09:00,3805.0,3805.0,3805.0,3805.0,0,0.0,0.0
2024-03-26 00:00:00+09:00,3805.0,3805.0,3805.0,3805.0,0,0.0,0.0
2024-03-27 00:00:00+09:00,3805.0,3805.0,3805.0,3805.0,0,0.0,0.0
2024-03-28 00:00:00+09:00,3805.0,3805.0,3805.0,3805.0,0,0.0,0.0
2024-03-29 00:00:00+09:00,3805.0,3805.0,3805.0,3805.0,0,0.0,0.0
2024-04-01 00:00:00+09:00,3805.0,3805.0,3805.0,3805.0,0,0.0,0.0
2024-04-02 00:00:00+09:00,3805.0,3805.0,3805.0,3805.0,0,0.0,0.0
2024-04-03 00:00:00+09:00,3805.0,3805.0,3805.0,3805.0,0,0.0,0.0
2024-04-04 00:00:00+09:00,3805.0,3805.0,3805.0,3805.0,0,0.0,0.0
2024-04-05 00:00:00+09:00,3700.0,3995.0,3445.0,3550.0,130725,0.0,0.0
2024-04-08 00:00:00+09:00,3550.0,3550.0,3455.0,3500.0,46118,0.0,0.0
2024-04-09 00:00:00+09:00,3500.0,3545.0,3455.0,3500.0,22496,0.0,0.0
2024-04-11 00:00:00+09:00,3500.0,3500.0,3410.0,3445.0,22924,0.0,0.0
2024-04-12 00:00:00+09:00,3450.0,3600.0,3400.0,3440.0,41250,0.0,0.0
2024-04-15 00:00:00+09:00,3440.0,3480.0,3375.0,3390.0,21867,0.0,0.0
2024-04-16 00:00:00+09:00,3350.0,3390.0,3325.0,3370.0,20990,0.0,0.0
2024-04-17 00:00:00+09:00,3340.0,3595.0,3340.0,3370.0,19135,0.0,0.0
2024-04-18 00:00:00+09:00,3475.0,3475.0,3320.0,3400.0,11556,0.0,0.0
2024-04-19 00:00:00+09:00,3425.0,3530.0,3350.0,3460.0,19364,0.0,0.0
2024-04-22 00:00:00+09:00,3460.0,3525.0,3405.0,3520.0,6891,0.0,0.0
2024-04-23 00:00:00+09:00,3555.0,3600.0,3490.0,3585.0,15513,0.0,0.0
2024-04-24 00:00:00+09:00,3735.0,3735.0,3500.0,3500.0,11965,0.0,0.0
2024-04-25 00:00:00+09:00,3530.0,3645.0,3510.0,3625.0,26238,0.0,0.0
2024-04-26 00:00:00+09:00,3650.0,3870.0,3650.0,3855.0,66090,0.0,0.0
2024-04-29 00:00:00+09:00,3860.0,3940.0,3860.0,3905.0,36157,0.0,0.0
2024-04-30 00:00:00+09:00,3905.0,3965.0,3895.0,3930.0,36382,0.0,0.0
2024-05-02 00:00:00+09:00,3940.0,4045.0,3930.0,4045.0,48629,0.0,0.0
2024-05-03 00:00:00+09:00,4020.0,4205.0,4015.0,4160.0,57798,0.0,0.0
2024-05-07 00:00:00+09:00,4160.0,4225.0,4125.0,4200.0,33802,0.0,0.0
2024-05-08 00:00:00+09:00,4200.0,4275.0,4170.0,4200.0,33105,0.0,0.0
2024-05-09 00:00:00+09:00,4200.0,4300.0,4190.0,4295.0,32859,0.0,0.0
2024-05-10 00:00:00+09:00,4270.0,4385.0,4250.0,4375.0,33374,0.0,0.0
2024-05-13 00:00:00+09:00,4375.0,4410.0,4335.0,4350.0,28948,0.0,0.0
2024-05-14 00:00:00+09:00,4345.0,4390.0,4310.0,4315.0,18462,0.0,0.0
2024-05-16 00:00:00+09:00,4315.0,4355.0,4280.0,4310.0,20813,0.0,0.0
2024-05-17 00:00:00+09:00,4310.0,4440.0,4290.0,4380.0,30325,0.0,0.0
2024-05-20 00:00:00+09:00,4380.0,4415.0,4295.0,4325.0,35444,0.0,0.0
2024-05-21 00:00:00+09:00,4305.0,4390.0,4295.0,4300.0,23209,0.0,0.0
2024-05-22 00:00:00+09:00,4300.0,4350.0,4125.0,4150.0,22228,0.0,0.0
2024-05-23 00:00:00+09:00,4170.0,4290.0,4150.0,4190.0,23195,0.0,0.0
2024-05-24 00:00:00+09:00,4170.0,4170.0,4055.0,4055.0,16905,0.0,0.0
2024-05-27 00:00:00+09:00,4055.0,4095.0,3980.0,4015.0,17800,0.0,0.0
2024-05-28 00:00:00+09:00,4020.0,4075.0,3805.0,4015.0,31397,0.0,0.0
2024-05-29 00:00:00+09:00,3975.0,4030.0,3740.0,3740.0,35063,0.0,0.0
2024-05-30 00:00:00+09:00,3705.0,3970.0,3695.0,3800.0,33417,0.0,0.0
2024-05-31 00:00:00+09:00,3765.0,4050.0,3760.0,3990.0,21122,0.0,0.0
2024-06-03 00:00:00+09:00,4030.0,4125.0,3910.0,3910.0,26311,0.0,0.0
2024-06-04 00:00:00+09:00,3910.0,4725.0,3835.0,3880.0,289440,0.0,0.0
2024-06-05 00:00:00+09:00,3915.0,3980.0,3745.0,3775.0,37900,0.0,0.0
2024-06-07 00:00:00+09:00,3735.0,3770.0,3690.0,3690.0,36360,0.0,0.0
2024-06-10 00:00:00+09:00,3690.0,3745.0,3640.0,3725.0,24697,0.0,0.0
2024-06-11 00:00:00+09:00,3725.0,3795.0,3610.0,3610.0,39108,0.0,0.0
2024-06-12 00:00:00+09:00,3640.0,3665.0,3610.0,3645.0,18651,0.0,0.0
2024-06-13 00:00:00+09:00,3645.0,3740.0,3635.0,3680.0,19452,0.0,0.0
2024-06-14 00:00:00+09:00,3680.0,3740.0,3620.0,3675.0,21154,0.0,0.0
2024-06-17 00:00:00+09:00,3645.0,3850.0,3645.0,3830.0,23972,0.0,0.0
2024-06-18 00:00:00+09:00,3830.0,3995.0,3765.0,3900.0,26690,0.0,0.0
2024-06-19 00:00:00+09:00,3855.0,3895.0,3785.0,3870.0,18718,0.0,0.0
2024-06-20 00:00:00+09:00,3870.0,3955.0,3775.0,3775.0,21830,0.0,0.0
2024-06-21 00:00:00+09:00,3810.0,3815.0,3655.0,3655.0,20992,0.0,0.0
2024-06-24 00:00:00+09:00,3655.0,3895.0,3645.0,3690.0,28162,0.0,0.0
2024-06-25 00:00:00+09:00,3670.0,3885.0,3670.0,3860.0,14487,0.0,0.0
2024-06-26 00:00:00+09:00,3820.0,3900.0,3820.0,3830.0,16777,0.0,0.0
2024-06-27 00:00:00+09:00,3830.0,3855.0,3630.0,3710.0,14879,0.0,0.0
2024-06-28 00:00:00+09:00,3735.0,3750.0,3650.0,3650.0,16135,0.0,0.0
2024-07-01 00:00:00+09:00,3555.0,3730.0,3535.0,3575.0,23249,0.0,0.0
2024-07-02 00:00:00+09:00,3580.0,3595.0,3435.0,3435.0,16689,0.0,0.0
2024-07-03 00:00:00+09:00,3435.0,3515.0,3425.0,3450.0,4369,0.0,0.0
2024-07-04 00:00:00+09:00,3450.0,3450.0,3350.0,3410.0,14230,0.0,0.0
2024-07-05 00:00:00+09:00,3400.0,3415.0,3365.0,3415.0,4272,0.0,0.0
2024-07-08 00:00:00+09:00,3415.0,3450.0,3365.0,3435.0,6985,0.0,0.0
2024-07-09 00:00:00+09:00,3440.0,3455.0,3350.0,3420.0,16228,0.0,0.0
2024-07-10 00:00:00+09:00,3420.0,3430.0,3390.0,3400.0,4936,0.0,0.0
2024-07-11 00:00:00+09:00,3370.0,3400.0,3335.0,3340.0,7171,0.0,0.0
2024-07-12 00:00:00+09:00,3320.0,3410.0,3315.0,3395.0,6607,0.0,0.0
2024-07-15 00:00:00+09:00,3395.0,3425.0,3365.0,3415.0,8241,0.0,0.0
2024-07-16 00:00:00+09:00,3415.0,3420.0,3305.0,3365.0,14806,0.0,0.0
2024-07-17 00:00:00+09:00,3365.0,3365.0,3315.0,3350.0,14919,0.0,0.0
2024-07-18 00:00:00+09:00,3300.0,3335.0,3270.0,3330.0,11798,0.0,0.0
2024-07-19 00:00:00+09:00,3315.0,3320.0,3240.0,3305.0,5902,0.0,0.0
2024-07-22 00:00:00+09:00,3305.0,3440.0,3210.0,3255.0,11377,0.0,0.0
2024-07-23 00:00:00+09:00,3225.0,3450.0,3085.0,3115.0,38009,0.0,0.0
2024-07-24 00:00:00+09:00,3115.0,3400.0,3115.0,3320.0,29272,0.0,0.0
2024-07-25 00:00:00+09:00,3315.0,3400.0,3065.0,3110.0,20466,0.0,0.0
2024-07-26 00:00:00+09:00,3110.0,3310.0,3110.0,3270.0,8223,0.0,0.0
2024-07-29 00:00:00+09:00,3270.0,3295.0,3170.0,3270.0,6806,0.0,0.0
2024-07-30 00:00:00+09:00,3270.0,3335.0,3175.0,3280.0,5012,0.0,0.0
2024-07-31 00:00:00+09:00,3280.0,3280.0,3205.0,3260.0,3338,0.0,0.0
2024-08-01 00:00:00+09:00,3260.0,3260.0,3175.0,3175.0,4103,0.0,0.0
2024-08-02 00:00:00+09:00,3175.0,3175.0,3000.0,3135.0,14517,0.0,0.0
2024-08-05 00:00:00+09:00,3135.0,3135.0,2760.0,2790.0,25039,0.0,0.0
2024-08-06 00:00:00+09:00,2790.0,2945.0,2790.0,2900.0,9332,0.0,0.0
2024-08-07 00:00:00+09:00,2875.0,2985.0,2875.0,2965.0,2502,0.0,0.0
2024-08-08 00:00:00+09:00,2965.0,3055.0,2950.0,2950.0,4139,0.0,0.0
2024-08-09 00:00:00+09:00,2950.0,3090.0,2950.0,2950.0,3060,0.0,0.0
2024-08-12 00:00:00+09:00,2950.0,2985.0,2910.0,2960.0,11550,0.0,0.0
2024-08-13 00:00:00+09:00,2960.0,2980.0,2935.0,2945.0,5656,0.0,0.0
2024-08-14 00:00:00+09:00,3030.0,3240.0,2900.0,2965.0,7449,0.0,0.0
2024-08-16 00:00:00+09:00,2965.0,3140.0,2965.0,3090.0,7598,0.0,0.0
2024-08-19 00:00:00+09:00,3090.0,3120.0,2905.0,2950.0,11507,0.0,0.0
2024-08-20 00:00:00+09:00,3005.0,3070.0,2970.0,3000.0,2742,0.0,0.0
2024-08-21 00:00:00+09:00,3000.0,3075.0,2920.0,2935.0,7199,0.0,0.0
2024-08-22 00:00:00+09:00,3125.0,3125.0,2910.0,2930.0,4897,0.0,0.0
2024-08-23 00:00:00+09:00,2930.0,3085.0,2905.0,2905.0,6319,0.0,0.0
2024-08-26 00:00:00+09:00,2905.0,2940.0,2900.0,2930.0,2195,0.0,0.0
2024-08-27 00:00:00+09:00,2905.0,3035.0,2905.0,2985.0,5610,0.0,0.0
2024-08-28 00:00:00+09:00,2975.0,3880.0,2975.0,3060.0,1852593,0.0,0.0
2024-08-29 00:00:00+09:00,3120.0,3275.0,3025.0,3030.0,261817,0.0,0.0
2024-08-30 00:00:00+09:00,3060.0,3190.0,3055.0,3100.0,88462,0.0,0.0
2024-09-02 00:00:00+09:00,3110.0,3120.0,3030.0,3070.0,30591,0.0,0.0
2024-09-03 00:00:00+09:00,3075.0,3075.0,3000.0,3005.0,32457,0.0,0.0
2024-09-04 00:00:00+09:00,2995.0,3005.0,2925.0,2925.0,29594,0.0,0.0
2024-09-05 00:00:00+09:00,2925.0,3135.0,2925.0,2980.0,62874,0.0,0.0
2024-09-06 00:00:00+09:00,3050.0,3335.0,3050.0,3135.0,151827,0.0,0.0
2024-09-09 00:00:00+09:00,3135.0,3295.0,3040.0,3205.0,44495,0.0,0.0
2024-09-10 00:00:00+09:00,3175.0,3300.0,3050.0,3090.0,21716,0.0,0.0
2024-09-11 00:00:00+09:00,3090.0,3200.0,3085.0,3125.0,18660,0.0,0.0
2024-09-12 00:00:00+09:00,3125.0,3200.0,3125.0,3160.0,15914,0.0,0.0
2024-09-13 00:00:00+09:00,3160.0,3255.0,3160.0,3175.0,14268,0.0,0.0
2024-09-19 00:00:00+09:00,3175.0,3240.0,3140.0,3170.0,16299,0.0,0.0
2024-09-20 00:00:00+09:00,3255.0,3270.0,3135.0,3220.0,20253,0.0,0.0
2024-09-23 00:00:00+09:00,3210.0,3290.0,3200.0,3210.0,17061,0.0,0.0
2024-09-24 00:00:00+09:00,3210.0,3290.0,3195.0,3230.0,22730,0.0,0.0
2024-09-25 00:00:00+09:00,3230.0,3295.0,3170.0,3175.0,16144,0.0,0.0
2024-09-26 00:00:00+09:00,3275.0,3275.0,3170.0,3175.0,9011,0.0,0.0
2024-09-27 00:00:00+09:00,3150.0,3245.0,3140.0,3170.0,18373,0.0,0.0
2024-09-30 00:00:00+09:00,3170.0,3170.0,3040.0,3050.0,32355,0.0,0.0
2024-10-02 00:00:00+09:00,3050.0,3085.0,2980.0,2980.0,15201,0.0,0.0
2024-10-04 00:00:00+09:00,2980.0,3015.0,2935.0,2960.0,13776,0.0,0.0
2024-10-07 00:00:00+09:00,2960.0,3040.0,2955.0,3020.0,18641,0.0,0.0
2024-10-08 00:00:00+09:00,3020.0,3170.0,3010.0,3075.0,7687,0.0,0.0
2024-10-10 00:00:00+09:00,3060.0,3140.0,3060.0,3135.0,7939,0.0,0.0
2024-10-11 00:00:00+09:00,3135.0,3135.0,2990.0,3060.0,19949,0.0,0.0
2024-10-14 00:00:00+09:00,3060.0,3075.0,3015.0,3075.0,8483,0.0,0.0
2024-10-15 00:00:00+09:00,3075.0,3205.0,3075.0,3150.0,13661,0.0,0.0
2024-10-16 00:00:00+09:00,3150.0,3225.0,3135.0,3215.0,6810,0.0,0.0
2024-10-17 00:00:00+09:00,3190.0,3215.0,3085.0,3155.0,8652,0.0,0.0
2024-10-18 00:00:00+09:00,3125.0,3125.0,3065.0,3075.0,2590,0.0,0.0
2024-10-21 00:00:00+09:00,3045.0,3045.0,2985.0,3015.0,4577,0.0,0.0
2024-10-22 00:00:00+09:00,2985.0,3055.0,2955.0,2985.0,6999,0.0,0.0
2024-10-23 00:00:00+09:00,2985.0,3000.0,2975.0,3000.0,6536,0.0,0.0
2024-10-24 00:00:00+09:00,2970.0,2995.0,2900.0,2900.0,3790,0.0,0.0
2024-10-25 00:00:00+09:00,2880.0,3200.0,2875.0,3050.0,26255,0.0,0.0
2024-10-28 00:00:00+09:00,3010.0,3170.0,2970.0,3100.0,12743,0.0,0.0
2024-10-29 00:00:00+09:00,3200.0,3200.0,3070.0,3090.0,11355,0.0,0.0
2024-10-30 00:00:00+09:00,3095.0,3230.0,3090.0,3215.0,6844,0.0,0.0
2024-10-31 00:00:00+09:00,3230.0,3335.0,3125.0,3290.0,21741,0.0,0.0
2024-11-01 00:00:00+09:00,3260.0,3325.0,3155.0,3155.0,13070,0.0,0.0
2024-11-04 00:00:00+09:00,3155.0,3260.0,3110.0,3230.0,6854,0.0,0.0
2024-11-05 00:00:00+09:00,3250.0,3255.0,3210.0,3245.0,8755,0.0,0.0
2024-11-06 00:00:00+09:00,3245.0,3325.0,3225.0,3240.0,8952,0.0,0.0
2024-11-07 00:00:00+09:00,3240.0,3320.0,3210.0,3260.0,17170,0.0,0.0
2024-11-08 00:00:00+09:00,3260.0,3330.0,3180.0,3180.0,4890,0.0,0.0
2024-11-11 00:00:00+09:00,3180.0,3230.0,3055.0,3055.0,6209,0.0,0.0
2024-11-12 00:00:00+09:00,3015.0,3055.0,2810.0,2865.0,15530,0.0,0.0
2024-11-13 00:00:00+09:00,2840.0,2910.0,2840.0,2840.0,4140,0.0,0.0
2024-11-14 00:00:00+09:00,2820.0,2865.0,2800.0,2830.0,4133,0.0,0.0
2024-11-15 00:00:00+09:00,2830.0,2975.0,2830.0,2885.0,11009,0.0,0.0
2024-11-18 00:00:00+09:00,2885.0,3280.0,2885.0,3140.0,41033,0.0,0.0
2024-11-19 00:00:00+09:00,3185.0,3220.0,3090.0,3090.0,12948,0.0,0.0
2024-11-20 00:00:00+09:00,3060.0,3140.0,3020.0,3020.0,6465,0.0,0.0
2024-11-21 00:00:00+09:00,2990.0,3075.0,2990.0,2995.0,2282,0.0,0.0
2024-11-22 00:00:00+09:00,2995.0,3195.0,2995.0,2995.0,3927,0.0,0.0
2024-11-25 00:00:00+09:00,2995.0,3085.0,2990.0,3010.0,5430,0.0,0.0
2024-11-26 00:00:00+09:00,3035.0,3150.0,3000.0,3000.0,2812,0.0,0.0
2024-11-27 00:00:00+09:00,2990.0,3105.0,2955.0,2960.0,8527,0.0,0.0
2024-11-28 00:00:00+09:00,3005.0,3010.0,2965.0,2965.0,3427,0.0,0.0
2024-11-29 00:00:00+09:00,2960.0,2960.0,2885.0,2950.0,7937,0.0,0.0
2024-12-02 00:00:00+09:00,2945.0,2950.0,2920.0,2940.0,3931,0.0,0.0
2024-12-03 00:00:00+09:00,2915.0,2925.0,2875.0,2880.0,9851,0.0,0.0
2024-12-04 00:00:00+09:00,2850.0,2960.0,2810.0,2845.0,10817,0.0,0.0
2024-12-05 00:00:00+09:00,2845.0,2870.0,2810.0,2825.0,3232,0.0,0.0
2024-12-06 00:00:00+09:00,2825.0,2900.0,2760.0,2850.0,21241,0.0,0.0
2024-12-09 00:00:00+09:00,2770.0,2850.0,2500.0,2725.0,29522,0.0,0.0
2024-12-10 00:00:00+09:00,2725.0,2805.0,2705.0,2710.0,13646,0.0,0.0
2024-12-11 00:00:00+09:00,2740.0,2855.0,2725.0,2735.0,12143,0.0,0.0
2024-12-12 00:00:00+09:00,2735.0,2875.0,2735.0,2765.0,9404,0.0,0.0
2024-12-13 00:00:00+09:00,2790.0,2900.0,2780.0,2850.0,6861,0.0,0.0
2024-12-16 00:00:00+09:00,2980.0,2980.0,2845.0,2870.0,5635,0.0,0.0
2024-12-17 00:00:00+09:00,2895.0,2975.0,2850.0,2880.0,3250,0.0,0.0
2024-12-18 00:00:00+09:00,2950.0,2965.0,2880.0,2885.0,3783,0.0,0.0
2024-12-19 00:00:00+09:00,2885.0,2995.0,2875.0,2875.0,4228,0.0,0.0
2024-12-20 00:00:00+09:00,2900.0,2905.0,2865.0,2870.0,4851,0.0,0.0
2024-12-23 00:00:00+09:00,2870.0,2880.0,2840.0,2870.0,1492,0.0,0.0
2024-12-24 00:00:00+09:00,2870.0,2895.0,2800.0,2800.0,2808,0.0,0.0
2024-12-26 00:00:00+09:00,2855.0,2855.0,2770.0,2815.0,2324,0.0,0.0
2024-12-27 00:00:00+09:00,2815.0,2975.0,2790.0,2910.0,9674,0.0,0.0
2024-12-30 00:00:00+09:00,3120.0,3120.0,2870.0,2995.0,6370,0.0,0.0
2025-01-02 00:00:00+09:00,2995.0,3055.0,2970.0,3020.0,4460,0.0,0.0
2025-01-03 00:00:00+09:00,2990.0,3015.0,2975.0,2975.0,6135,0.0,0.0
2025-01-06 00:00:00+09:00,2970.0,3060.0,2960.0,2960.0,7874,0.0,0.0
2025-01-07 00:00:00+09:00,2965.0,3100.0,2965.0,3090.0,3750,0.0,0.0
2025-01-08 00:00:00+09:00,3060.0,3075.0,3030.0,3030.0,5163,0.0,0.0
2025-01-09 00:00:00+09:00,3030.0,3030.0,2930.0,2935.0,6371,0.0,0.0
2025-01-10 00:00:00+09:00,2935.0,2960.0,2920.0,2945.0,3642,0.0,0.0
2025-01-13 00:00:00+09:00,2945.0,2945.0,2850.0,2900.0,358794,0.0,0.0
2025-01-14 00:00:00+09:00,2905.0,2950.0,2900.0,2920.0,6284,0.0,0.0
2025-01-15 00:00:00+09:00,2920.0,3095.0,2920.0,3015.0,4621,0.0,0.0
2025-01-16 00:00:00+09:00,3015.0,3100.0,2980.0,3020.0,7717,0.0,0.0
2025-01-17 00:00:00+09:00,3020.0,3160.0,3010.0,3010.0,5305,0.0,0.0
2025-01-20 00:00:00+09:00,3010.0,3110.0,3010.0,3055.0,4333,0.0,0.0
2025-01-21 00:00:00+09:00,3055.0,3100.0,2955.0,2955.0,12676,0.0,0.0
2025-01-22 00:00:00+09:00,2920.0,3070.0,2915.0,3040.0,19679,0.0,0.0
2025-01-23 00:00:00+09:00,3040.0,3200.0,3005.0,3010.0,5620,0.0,0.0
2025-01-24 00:00:00+09:00,2990.0,3010.0,2970.0,3010.0,2315,0.0,0.0
2025-01-31 00:00:00+09:00,2980.0,3030.0,2910.0,2930.0,4925,0.0,0.0
2025-02-03 00:00:00+09:00,2905.0,3030.0,2900.0,2985.0,9872,0.0,0.0
2025-02-04 00:00:00+09:00,2965.0,3005.0,2945.0,2985.0,3059,0.0,0.0
2025-02-05 00:00:00+09:00,2960.0,3050.0,2900.0,2980.0,5422,0.0,0.0
2025-02-06 00:00:00+09:00,2980.0,3050.0,2935.0,2980.0,8062,0.0,0.0
2025-02-07 00:00:00+09:00,2980.0,3050.0,2935.0,2955.0,4817,0.0,0.0
2025-02-10 00:00:00+09:00,2935.0,2965.0,2925.0,2925.0,4405,0.0,0.0
2025-02-11 00:00:00+09:00,2925.0,2985.0,2925.0,2975.0,2323,0.0,0.0
2025-02-12 00:00:00+09:00,2975.0,3045.0,2945.0,2985.0,2822,0.0,0.0
2025-02-13 00:00:00+09:00,2985.0,3050.0,2985.0,3040.0,2222,0.0,0.0
2025-02-14 00:00:00+09:00,3040.0,3040.0,2980.0,3010.0,3053,0.0,0.0
2025-02-17 00:00:00+09:00,3010.0,3010.0,2970.0,2975.0,5530,0.0,0.0
2025-02-18 00:00:00+09:00,2975.0,2975.0,2910.0,2910.0,3424,0.0,0.0
2025-02-19 00:00:00+09:00,2900.0,2915.0,2820.0,2915.0,7877,0.0,0.0
2025-02-20 00:00:00+09:00,2905.0,2925.0,2865.0,2920.0,6589,0.0,0.0
2025-02-21 00:00:00+09:00,2920.0,2920.0,2860.0,2880.0,7160,0.0,0.0
2025-02-24 00:00:00+09:00,2880.0,2905.0,2865.0,2900.0,3487,0.0,0.0
2025-02-25 00:00:00+09:00,2925.0,2925.0,2900.0,2910.0,3517,0.0,0.0
2025-02-26 00:00:00+09:00,2935.0,3050.0,2910.0,3050.0,9034,0.0,0.0
2025-02-27 00:00:00+09:00,3020.0,3050.0,3005.0,3050.0,3082,0.0,0.0
2025-02-28 00:00:00+09:00,3050.0,3070.0,2895.0,2895.0,9704,0.0,0.0
2025-03-04 00:00:00+09:00,2945.0,2945.0,2865.0,2875.0,2740,0.0,0.0
2025-03-05 00:00:00+09:00,2875.0,2910.0,2860.0,2905.0,3628,0.0,0.0
2025-03-06 00:00:00+09:00,2910.0,2935.0,2880.0,2910.0,2468,0.0,0.0
2025-03-07 00:00:00+09:00,2910.0,2940.0,2870.0,2875.0,4059,0.0,0.0
2025-03-10 00:00:00+09:00,2850.0,2895.0,2850.0,2865.0,2513,0.0,0.0
2025-03-11 00:00:00+09:00,2825.0,2865.0,2805.0,2805.0,5284,0.0,0.0
2025-03-12 00:00:00+09:00,2805.0,2855.0,2805.0,2835.0,4151,0.0,0.0
2025-03-13 00:00:00+09:00,2835.0,2865.0,2770.0,2785.0,6148,0.0,0.0
2025-03-14 00:00:00+09:00,2785.0,2810.0,2700.0,2780.0,4507,0.0,0.0
2025-03-17 00:00:00+09:00,2805.0,2870.0,2805.0,2820.0,2074,0.0,0.0
2025-03-18 00:00:00+09:00,2820.0,2835.0,2780.0,2785.0,8912,0.0,0.0
2025-03-19 00:00:00+09:00,2785.0,2815.0,2750.0,2815.0,6747,0.0,0.0
2025-03-20 00:00:00+09:00,2815.0,2825.0,2745.0,2755.0,4581,0.0,0.0
2025-03-21 00:00:00+09:00,2775.0,2800.0,2725.0,2800.0,2388,0.0,0.0
2025-03-24 00:00:00+09:00,2770.0,2940.0,2720.0,2750.0,8723,0.0,0.0
2025-03-25 00:00:00+09:00,2775.0,2800.0,2750.0,2790.0,3663,0.0,0.0
2025-03-26 00:00:00+09:00,2780.0,2825.0,2760.0,2770.0,3901,0.0,0.0
2025-03-27 00:00:00+09:00,2745.0,2815.0,2720.0,2720.0,8589,0.0,0.0
2025-03-28 00:00:00+09:00,2745.0,2885.0,2700.0,2710.0,10448,0.0,0.0
2025-03-31 00:00:00+09:00,2710.0,2710.0,2665.0,2665.0,5190,0.0,0.0
2025-04-01 00:00:00+09:00,2665.0,2855.0,2660.0,2745.0,7094,0.0,0.0
2025-04-02 00:00:00+09:00,2745.0,2815.0,2670.0,2705.0,7467,0.0,0.0
2025-04-03 00:00:00+09:00,2730.0,2815.0,2682.0,2710.0,5884,0.0,0.0
2025-04-04 00:00:00+09:00,2710.0,2750.0,2695.0,2705.0,7250,0.0,0.0
2025-04-07 00:00:00+09:00,2715.0,2715.0,2560.0,2645.0,9851,0.0,0.0
2025-04-08 00:00:00+09:00,2645.0,2645.0,2575.0,2575.0,4227,0.0,0.0
2025-04-09 00:00:00+09:00,2555.0,2575.0,2510.0,2510.0,5027,0.0,0.0
2025-04-10 00:00:00+09:00,2510.0,2565.0,2510.0,2550.0,11649,0.0,0.0
2025-04-11 00:00:00+09:00,2550.0,2755.0,2550.0,2580.0,7068,0.0,0.0
2025-04-14 00:00:00+09:00,2580.0,2785.0,2580.0,2580.0,5178,0.0,0.0
2025-04-15 00:00:00+09:00,2600.0,2745.0,2600.0,2655.0,9091,0.0,0.0
2025-04-16 00:00:00+09:00,2655.0,2660.0,2615.0,2615.0,5156,0.0,0.0
2025-04-17 00:00:00+09:00,2615.0,2715.0,2615.0,2660.0,6751,0.0,0.0
2025-04-18 00:00:00+09:00,2685.0,2710.0,2660.0,2665.0,3949,0.0,0.0
2025-04-21 00:00:00+09:00,2690.0,2700.0,2665.0,2665.0,2538,0.0,0.0
2025-04-22 00:00:00+09:00,2690.0,2865.0,2615.0,2685.0,12121,0.0,0.0
2025-04-23 00:00:00+09:00,2700.0,2720.0,2675.0,2675.0,3715,0.0,0.0
2025-04-24 00:00:00+09:00,2700.0,2720.0,2660.0,2660.0,3128,0.0,0.0
2025-04-25 00:00:00+09:00,2660.0,2710.0,2660.0,2660.0,5221,0.0,0.0
2025-04-28 00:00:00+09:00,2770.0,3250.0,2675.0,2760.0,440465,0.0,0.0
2025-04-29 00:00:00+09:00,2780.0,2785.0,2650.0,2670.0,79935,0.0,0.0
2025-04-30 00:00:00+09:00,2730.0,2730.0,2640.0,2650.0,12596,0.0,0.0
2025-05-02 00:00:00+09:00,2650.0,2690.0,2620.0,2635.0,30091,0.0,0.0
2025-05-07 00:00:00+09:00,2645.0,2655.0,2625.0,2655.0,6261,0.0,0.0
2025-05-08 00:00:00+09:00,2665.0,2690.0,2640.0,2655.0,4373,0.0,0.0
2025-05-09 00:00:00+09:00,2665.0,2695.0,2530.0,2620.0,14558,0.0,0.0
2025-05-12 00:00:00+09:00,2645.0,2650.0,2590.0,2600.0,20454,0.0,0.0
2025-05-13 00:00:00+09:00,2605.0,2650.0,2595.0,2595.0,9540,0.0,0.0
2025-05-14 00:00:00+09:00,2600.0,2650.0,2585.0,2605.0,9579,0.0,0.0
2025-05-15 00:00:00+09:00,2690.0,2690.0,2595.0,2630.0,23578,0.0,0.0
2025-05-16 00:00:00+09:00,2630.0,2635.0,2550.0,2630.0,23180,0.0,0.0
2025-05-19 00:00:00+09:00,2625.0,2630.0,2565.0,2585.0,13217,0.0,0.0
2025-05-20 00:00:00+09:00,2590.0,2640.0,2585.0,2600.0,8351,0.0,0.0
2025-05-21 00:00:00+09:00,2580.0,2660.0,2580.0,2640.0,13040,0.0,0.0
2025-05-22 00:00:00+09:00,2640.0,2640.0,2595.0,2610.0,8417,0.0,0.0
2025-05-23 00:00:00+09:00,2610.0,2630.0,2580.0,2580.0,5978,0.0,0.0
2025-05-26 00:00:00+09:00,2580.0,2580.0,2550.0,2565.0,13392,0.0,0.0
2025-05-27 00:00:00+09:00,2565.0,2590.0,2540.0,2555.0,5748,0.0,0.0
2025-05-28 00:00:00+09:00,2555.0,2590.0,2515.0,2555.0,11760,0.0,0.0
2025-05-29 00:00:00+09:00,2580.0,2605.0,2545.0,2605.0,8800,0.0,0.0
2025-05-30 00:00:00+09:00,2605.0,2630.0,2580.0,2620.0,3454,0.0,0.0
2025-06-02 00:00:00+09:00,2620.0,2640.0,2585.0,2590.0,4639,0.0,0.0
2025-06-04 00:00:00+09:00,2615.0,2675.0,2600.0,2620.0,8148,0.0,0.0
2025-06-05 00:00:00+09:00,2640.0,2690.0,2620.0,2650.0,15812,0.0,0.0
2025-06-09 00:00:00+09:00,2655.0,3010.0,2655.0,2910.0,206837,0.0,0.0
2025-06-10 00:00:00+09:00,2910.0,2955.0,2795.0,2835.0,65584,0.0,0.0
2025-06-11 00:00:00+09:00,2860.0,3140.0,2840.0,2925.0,231675,0.0,0.0
2025-06-12 00:00:00+09:00,2925.0,2980.0,2870.0,2945.0,31616,0.0,0.0
2025-06-13 00:00:00+09:00,2980.0,2980.0,2810.0,2815.0,18746,0.0,0.0
2025-06-16 00:00:00+09:00,2840.0,2985.0,2800.0,2890.0,16932,0.0,0.0
2025-06-17 00:00:00+09:00,2890.0,2990.0,2855.0,2920.0,61781,0.0,0.0
2025-06-18 00:00:00+09:00,2920.0,2920.0,2870.0,2870.0,7983,0.0,0.0
2025-06-19 00:00:00+09:00,2870.0,2985.0,2840.0,2910.0,14390,0.0,0.0
2025-06-20 00:00:00+09:00,2910.0,2970.0,2860.0,2875.0,13106,0.0,0.0
2025-06-23 00:00:00+09:00,2850.0,2955.0,2835.0,2845.0,19977,0.0,0.0
2025-06-24 00:00:00+09:00,2845.0,2960.0,2815.0,2875.0,16961,0.0,0.0
2025-06-25 00:00:00+09:00,2875.0,2950.0,2855.0,2875.0,29478,0.0,0.0
2025-06-26 00:00:00+09:00,2850.0,2875.0,2805.0,2835.0,18742,0.0,0.0
2025-06-27 00:00:00+09:00,2835.0,2895.0,2715.0,2730.0,35194,0.0,0.0
2025-06-30 00:00:00+09:00,2730.0,2765.0,2715.0,2725.0,8400,0.0,0.0
2025-07-01 00:00:00+09:00,2725.0,2835.0,2710.0,2750.0,14067,0.0,0.0
2025-07-02 00:00:00+09:00,2760.0,2830.0,2740.0,2790.0,21962,0.0,0.0
2025-07-03 00:00:00+09:00,2760.0,2850.0,2750.0,2805.0,5514,0.0,0.0
2025-07-04 00:00:00+09:00,2805.0,2825.0,2700.0,2715.0,15208,0.0,0.0
2025-07-07 00:00:00+09:00,2715.0,2750.0,2715.0,2720.0,6703,0.0,0.0
2025-07-08 00:00:00+09:00,2680.0,3085.0,2680.0,2710.0,188837,0.0,0.0
2025-07-09 00:00:00+09:00,2725.0,2845.0,2680.0,2765.0,33416,0.0,0.0
2025-07-10 00:00:00+09:00,2765.0,2800.0,2735.0,2800.0,31360,0.0,0.0
2025-07-11 00:00:00+09:00,2800.0,2900.0,2750.0,2805.0,19836,0.0,0.0
2025-07-14 00:00:00+09:00,2825.0,2870.0,2800.0,2860.0,27417,0.0,0.0
2025-07-15 00:00:00+09:00,2860.0,2895.0,2825.0,2860.0,27742,0.0,0.0
2025-07-16 00:00:00+09:00,2835.0,2845.0,2805.0,2805.0,18169,0.0,0.0
2025-07-17 00:00:00+09:00,2780.0,2970.0,2780.0,2870.0,29994,0.0,0.0
2025-07-18 00:00:00+09:00,2845.0,2900.0,2830.0,2845.0,18958,0.0,0.0
2025-07-21 00:00:00+09:00,2820.0,2860.0,2795.0,2830.0,16611,0.0,0.0
2025-07-22 00:00:00+09:00,2810.0,2850.0,2805.0,2825.0,14601,0.0,0.0
2025-07-23 00:00:00+09:00,2800.0,2860.0,2800.0,2825.0,15121,0.0,0.0
2025-07-24 00:00:00+09:00,2805.0,2900.0,2795.0,2850.0,9811,0.0,0.0
2025-07-25 00:00:00+09:00,2820.0,2835.0,2800.0,2815.0,12909,0.0,0.0
2025-07-28 00:00:00+09:00,2790.0,2845.0,2780.0,2810.0,7955,0.0,0.0
2025-07-29 00:00:00+09:00,2785.0,2840.0,2740.0,2810.0,17501,0.0,0.0
2025-07-30 00:00:00+09:00,2780.0,3005.0,2760.0,2800.0,46201,0.0,0.0
2025-07-31 00:00:00+09:00,2810.0,2885.0,2785.0,2855.0,5358,0.0,0.0
2025-08-01 00:00:00+09:00,2830.0,2830.0,2790.0,2810.0,6137,0.0,0.0
2025-08-04 00:00:00+09:00,2785.0,2895.0,2770.0,2800.0,11925,0.0,0.0
2025-08-05 00:00:00+09:00,2800.0,2850.0,2760.0,2795.0,13306,0.0,0.0
2025-08-06 00:00:00+09:00,2795.0,2865.0,2770.0,2820.0,12621,0.0,0.0
2025-08-07 00:00:00+09:00,2790.0,2900.0,2760.0,2805.0,4707,0.0,0.0
2025-08-08 00:00:00+09:00,2780.0,2830.0,2775.0,2800.0,6996,0.0,0.0
2025-08-11 00:00:00+09:00,2775.0,2815.0,2755.0,2790.0,10434,0.0,0.0
2025-08-12 00:00:00+09:00,2770.0,2865.0,2625.0,2750.0,27629,0.0,0.0
2025-08-13 00:00:00+09:00,2740.0,2800.0,2725.0,2770.0,10660,0.0,0.0
2025-08-14 00:00:00+09:00,2750.0,2820.0,2735.0,2760.0,6226,0.0,0.0
2025-08-18 00:00:00+09:00,2750.0,2825.0,2735.0,2780.0,23984,0.0,0.0
2025-08-19 00:00:00+09:00,2780.0,2820.0,2745.0,2775.0,8843,0.0,0.0
2025-08-20 00:00:00+09:00,2775.0,2820.0,2720.0,2745.0,33336,0.0,0.0
2025-08-21 00:00:00+09:00,2820.0,2820.0,2715.0,2730.0,32423,0.0,0.0
2025-08-22 00:00:00+09:00,2730.0,2855.0,2730.0,2775.0,16075,0.0,0.0
2025-08-25 00:00:00+09:00,2785.0,2795.0,2745.0,2760.0,15107,0.0,0.0
2025-08-26 00:00:00+09:00,2760.0,2760.0,2745.0,2755.0,6531,0.0,0.0
2025-08-27 00:00:00+09:00,2755.0,2840.0,2705.0,2730.0,13530,0.0,0.0
2025-08-28 00:00:00+09:00,2730.0,2780.0,2705.0,2735.0,23301,0.0,0.0
2025-08-29 00:00:00+09:00,2810.0,2810.0,2750.0,2775.0,9073,0.0,0.0
2025-09-01 00:00:00+09:00,2850.0,2850.0,2750.0,2770.0,6717,0.0,0.0
2025-09-02 00:00:00+09:00,2785.0,2785.0,2725.0,2755.0,11646,0.0,0.0
2025-09-03 00:00:00+09:00,2755.0,2780.0,2725.0,2780.0,7560,0.0,0.0
2025-09-04 00:00:00+09:00,2775.0,2820.0,2755.0,2785.0,20662,0.0,0.0
2025-09-05 00:00:00+09:00,2780.0,2820.0,2750.0,2760.0,9332,0.0,0.0
2025-09-08 00:00:00+09:00,2735.0,2865.0,2735.0,2765.0,12934,0.0,0.0
2025-09-09 00:00:00+09:00,2790.0,2850.0,2780.0,2815.0,12129,0.0,0.0
2025-09-10 00:00:00+09:00,2815.0,3030.0,2800.0,2945.0,184009,0.0,0.0
2025-09-11 00:00:00+09:00,2935.0,3070.0,2925.0,3010.0,52883,0.0,0.0
2025-09-12 00:00:00+09:00,3010.0,3085.0,2970.0,2975.0,24217,0.0,0.0
2025-09-15 00:00:00+09:00,2975.0,3015.0,2975.0,3010.0,17248,0.0,0.0
2025-09-16 00:00:00+09:00,2980.0,3060.0,2970.0,2985.0,19752,0.0,0.0
2025-09-17 00:00:00+09:00,2985.0,2985.0,2880.0,2915.0,19116,0.0,0.0
2025-09-18 00:00:00+09:00,2900.0,3080.0,2900.0,3000.0,28944,0.0,0.0
2025-09-22 00:00:00+09:00,3040.0,3050.0,2880.0,2970.0,30924,0.0,0.0
2025-09-23 00:00:00+09:00,2970.0,2985.0,2875.0,2905.0,35357,0.0,0.0
2025-09-24 00:00:00+09:00,2905.0,3195.0,2880.0,3000.0,50394,0.0,0.0
2025-09-25 00:00:00+09:00,3000.0,3070.0,2965.0,3020.0,37963,0.0,0.0
2025-09-26 00:00:00+09:00,2985.0,3075.0,2970.0,3020.0,22331,0.0,0.0
2025-09-29 00:00:00+09:00,3060.0,3070.0,2970.0,2995.0,15870,0.0,0.0
2025-09-30 00:00:00+09:00,3010.0,3010.0,2965.0,3000.0,13819,0.0,0.0
2025-10-01 00:00:00+09:00,3000.0,3025.0,2980.0,2990.0,19217,0.0,0.0
2025-10-02 00:00:00+09:00,3015.0,3035.0,2960.0,2980.0,11418,0.0,0.0
2025-10-10 00:00:00+09:00,2985.0,3000.0,2875.0,2955.0,22711,0.0,0.0
2025-10-13 00:00:00+09:00,2910.0,3010.0,2910.0,3000.0,19096,0.0,0.0
2025-10-14 00:00:00+09:00,2975.0,3025.0,2940.0,3010.0,17965,0.0,0.0
2025-10-15 00:00:00+09:00,2895.0,3045.0,2895.0,3000.0,43880,0.0,0.0
2025-10-16 00:00:00+09:00,3000.0,3040.0,2975.0,2975.0,17967,0.0,0.0
2025-10-17 00:00:00+09:00,2990.0,3045.0,2990.0,3015.0,8584,0.0,0.0
2025-10-20 00:00:00+09:00,3050.0,3180.0,2990.0,3035.0,12037,0.0,0.0
2025-10-21 00:00:00+09:00,3065.0,3075.0,3005.0,3005.0,21468,0.0,0.0
2025-10-22 00:00:00+09:00,3030.0,3075.0,3015.0,3050.0,13753,0.0,0.0
2025-10-23 00:00:00+09:00,3080.0,3095.0,3040.0,3060.0,102244,0.0,0.0
2025-10-24 00:00:00+09:00,3060.0,3080.0,2900.0,3010.0,60944,0.0,0.0
2025-10-27 00:00:00+09:00,3010.0,3075.0,3005.0,3045.0,17507,0.0,0.0
2025-10-28 00:00:00+09:00,3060.0,3155.0,3045.0,3095.0,61902,0.0,0.0
2025-10-29 00:00:00+09:00,3095.0,3185.0,3085.0,3135.0,30061,0.0,0.0
2025-10-30 00:00:00+09:00,3160.0,3180.0,3055.0,3150.0,36686,0.0,0.0
2025-10-31 00:00:00+09:00,3120.0,3200.0,3080.0,3175.0,32167,0.0,0.0
2025-11-03 00:00:00+09:00,3175.0,3285.0,3135.0,3240.0,38470,0.0,0.0
2025-11-04 00:00:00+09:00,3205.0,3245.0,2910.0,2925.0,194458,0.0,0.0
2025-11-05 00:00:00+09:00,2925.0,3050.0,2800.0,2910.0,63637,0.0,0.0
2025-11-06 00:00:00+09:00,2935.0,3085.0,2935.0,3000.0,43083,0.0,0.0
2025-11-07 00:00:00+09:00,2975.0,3085.0,2965.0,3080.0,38834,0.0,0.0
2025-11-10 00:00:00+09:00,3050.0,3145.0,3030.0,3110.0,98804,0.0,0.0
2025-11-11 00:00:00+09:00,3200.0,3200.0,3075.0,3130.0,53470,0.0,0.0
2025-11-12 00:00:00+09:00,3140.0,3140.0,3060.0,3080.0,31313,0.0,0.0
2025-11-13 00:00:00+09:00,3050.0,3140.0,3050.0,3140.0,43241,0.0,0.0
2025-11-14 00:00:00+09:00,3105.0,3210.0,3060.0,3210.0,77582,0.0,0.0
2025-11-17 00:00:00+09:00,3180.0,3240.0,3095.0,3135.0,106473,0.0,0.0
2025-11-18 00:00:00+09:00,3090.0,3225.0,2990.0,3145.0,81109,0.0,0.0
2025-11-19 00:00:00+09:00,3110.0,3170.0,2930.0,3130.0,46509,0.0,0.0
2025-11-20 00:00:00+09:00,3125.0,3170.0,3110.0,3120.0,160666,0.0,0.0
2025-11-21 00:00:00+09:00,3120.0,3160.0,3080.0,3120.0,27863,0.0,0.0
2025-11-24 00:00:00+09:00,3080.0,3150.0,2995.0,3065.0,22174,0.0,0.0
2025-11-25 00:00:00+09:00,3065.0,3120.0,3025.0,3070.0,14066,0.0,0.0
2025-11-26 00:00:00+09:00,3045.0,3125.0,3040.0,3095.0,7370,0.0,0.0
2025-11-27 00:00:00+09:00,3070.0,3110.0,3040.0,3050.0,9612,0.0,0.0
2025-11-28 00:00:00+09:00,3025.0,3085.0,2935.0,3050.0,7826,0.0,0.0
2025-12-01 00:00:00+09:00,3050.0,3300.0,3010.0,3015.0,16003,0.0,0.0
2025-12-02 00:00:00+09:00,3000.0,3090.0,3000.0,3030.0,18232,0.0,0.0
2025-12-03 00:00:00+09:00,3005.0,3080.0,2965.0,3000.0,24856,0.0,0.0
2025-12-04 00:00:00+09:00,3000.0,3075.0,2960.0,2980.0,29045,0.0,0.0
2025-12-05 00:00:00+09:00,2970.0,3005.0,2925.0,2975.0,36698,0.0,0.0
2025-12-08 00:00:00+09:00,2975.0,3060.0,2975.0,2990.0,19394,0.0,0.0
2025-12-09 00:00:00+09:00,2965.0,2980.0,2920.0,2940.0,17971,0.0,0.0
2025-12-10 00:00:00+09:00,2940.0,3010.0,2940.0,2970.0,13641,0.0,0.0
2025-12-11 00:00:00+09:00,2940.0,3000.0,2920.0,2925.0,18473,0.0,0.0
2025-12-12 00:00:00+09:00,2920.0,3010.0,2890.0,3010.0,9488,0.0,0.0
2025-12-15 00:00:00+09:00,2980.0,2990.0,2930.0,2940.0,13209,0.0,0.0
2025-12-16 00:00:00+09:00,2940.0,2940.0,2895.0,2920.0,15751,0.0,0.0
2025-12-17 00:00:00+09:00,2890.0,2935.0,2890.0,2920.0,11039,0.0,0.0
2025-12-18 00:00:00+09:00,2935.0,2990.0,2885.0,2935.0,23173,0.0,0.0
2025-12-19 00:00:00+09:00,2915.0,2965.0,2915.0,2955.0,9831,0.0,0.0
2025-12-22 00:00:00+09:00,2955.0,2960.0,2880.0,2900.0,18396,0.0,0.0
2025-12-23 00:00:00+09:00,2890.0,2935.0,2860.0,2890.0,12553,0.0,0.0
2025-12-24 00:00:00+09:00,2895.0,2900.0,2875.0,2890.0,10785,0.0,0.0
2025-12-26 00:00:00+09:00,2895.0,2935.0,2895.0,2915.0,10488,0.0,0.0
2025-12-29 00:00:00+09:00,2915.0,2945.0,2860.0,2885.0,8262,0.0,0.0
2025-12-30 00:00:00+09:00,2865.0,3025.0,2865.0,2950.0,18005,0.0,0.0
2026-01-02 00:00:00+09:00,2955.0,3000.0,2925.0,2950.0,19558,0.0,0.0
2026-01-05 00:00:00+09:00,2965.0,2985.0,2880.0,2905.0,19579,0.0,0.0
2026-01-06 00:00:00+09:00,2905.0,2905.0,2865.0,2880.0,15217,0.0,0.0
2026-01-07 00:00:00+09:00,2880.0,2955.0,2855.0,2915.0,18924,0.0,0.0
2026-01-08 00:00:00+09:00,2880.0,2990.0,2880.0,2880.0,13069,0.0,0.0
2026-01-09 00:00:00+09:00,2925.0,2940.0,2860.0,2915.0,6380,0.0,0.0
2026-01-12 00:00:00+09:00,2900.0,2970.0,2900.0,2920.0,10063,0.0,0.0
2026-01-13 00:00:00+09:00,2920.0,2920.0,2885.0,2895.0,12806,0.0,0.0
2026-01-14 00:00:00+09:00,2895.0,2935.0,2895.0,2910.0,6596,0.0,0.0
2026-01-15 00:00:00+09:00,2915.0,2940.0,2885.0,2895.0,14664,0.0,0.0
2026-01-16 00:00:00+09:00,2895.0,2905.0,2875.0,2875.0,16935,0.0,0.0
2026-01-19 00:00:00+09:00,2875.0,2900.0,2870.0,2900.0,12285,0.0,0.0
2026-01-20 00:00:00+09:00,2900.0,2935.0,2870.0,2905.0,8111,0.0,0.0
2026-01-21 00:00:00+09:00,2880.0,2920.0,2850.0,2875.0,10392,0.0,0.0
2026-01-22 00:00:00+09:00,2915.0,2915.0,2880.0,2895.0,18158,0.0,0.0
2026-01-23 00:00:00+09:00,2905.0,2915.0,2870.0,2900.0,15254,0.0,0.0
2026-01-26 00:00:00+09:00,2900.0,2920.0,2885.0,2910.0,16192,0.0,0.0
2026-01-27 00:00:00+09:00,2940.0,2955.0,2885.0,2915.0,11502,0.0,0.0
2026-01-28 00:00:00+09:00,2940.0,3030.0,2915.0,2995.0,34211,0.0,0.0
2026-01-29 00:00:00+09:00,3000.0,3070.0,2970.0,2995.0,45322,0.0,0.0
2026-01-30 00:00:00+09:00,2995.0,3015.0,2950.0,2950.0,22854,0.0,0.0
2026-02-02 00:00:00+09:00,2940.0,3230.0,2800.0,2965.0,124239,0.0,0.0
2026-02-03 00:00:00+09:00,3000.0,3005.0,2960.0,2980.0,27942,0.0,0.0
2026-02-04 00:00:00+09:00,2980.0,3020.0,2960.0,3015.0,34356,0.0,0.0
2026-02-05 00:00:00+09:00,3065.0,3070.0,2995.0,3020.0,35890,0.0,0.0
2026-02-06 00:00:00+09:00,3000.0,3015.0,2930.0,2995.0,35659,0.0,0.0
2026-02-09 00:00:00+09:00,3050.0,3050.0,2955.0,3015.0,57882,0.0,0.0
2026-02-10 00:00:00+09:00,3015.0,3035.0,2980.0,3035.0,45432,0.0,0.0
2026-02-11 00:00:00+09:00,3015.0,3035.0,2955.0,2990.0,16106,0.0,0.0
2026-02-12 00:00:00+09:00,2965.0,3020.0,2820.0,2975.0,37057,0.0,0.0
2026-02-13 00:00:00+09:00,2970.0,2990.0,2930.0,2960.0,14534,0.0,0.0
2026-02-19 00:00:00+09:00,2955.0,2990.0,2820.0,2935.0,44389,0.0,0.0
2026-02-20 00:00:00+09:00,2910.0,2935.0,2895.0,2895.0,39461,0.0,0.0
2026-02-23 00:00:00+09:00,2900.0,2925.0,2885.0,2900.0,26039,0.0,0.0
2026-02-24 00:00:00+09:00,2925.0,2925.0,2875.0,2895.0,40514,0.0,0.0
2026-02-25 00:00:00+09:00,2875.0,2895.0,2870.0,2880.0,28036,0.0,0.0
2026-02-26 00:00:00+09:00,2905.0,2905.0,2785.0,2855.0,59959,0.0,0.0
2026-02-27 00:00:00+09:00,2835.0,2835.0,2780.0,2805.0,32964,0.0,0.0
2026-03-03 00:00:00+09:00,2785.0,2790.0,2680.0,2695.0,35931,0.0,0.0
2026-03-04 00:00:00+09:00,2675.0,2675.0,2605.0,2615.0,23794,0.0,0.0
2026-03-05 00:00:00+09:00,2615.0,2715.0,2615.0,2685.0,15640,0.0,0.0
2026-03-06 00:00:00+09:00,2665.0,2770.0,2640.0,2710.0,10896,0.0,0.0
2026-03-09 00:00:00+09:00,2690.0,2760.0,2615.0,2715.0,17811,0.0,0.0
2026-03-10 00:00:00+09:00,2720.0,2850.0,2675.0,2700.0,10578,0.0,0.0
2026-03-11 00:00:00+09:00,2685.0,2760.0,2635.0,2705.0,24507,0.0,0.0
2026-03-12 00:00:00+09:00,2685.0,2750.0,2675.0,2750.0,13057,0.0,0.0
2026-03-13 00:00:00+09:00,2730.0,2840.0,2720.0,2765.0,10521,0.0,0.0
2026-03-16 00:00:00+09:00,2745.0,2770.0,2710.0,2730.0,6990,0.0,0.0
2026-03-17 00:00:00+09:00,2730.0,2800.0,2730.0,2770.0,7893,0.0,0.0
2026-03-18 00:00:00+09:00,2750.0,2795.0,2745.0,2770.0,8670,0.0,0.0
2026-03-19 00:00:00+09:00,2750.0,2800.0,2750.0,2790.0,10075,0.0,0.0
2026-03-20 00:00:00+09:00,2790.0,2790.0,2765.0,2770.0,5448,0.0,0.0
2026-03-23 00:00:00+09:00,2760.0,3045.0,2745.0,2895.0,211872,0.0,0.0
2026-03-24 00:00:00+09:00,2950.0,3000.0,2875.0,2930.0,86248,0.0,0.0
2026-03-25 00:00:00+09:00,2920.0,2995.0,2910.0,2970.0,84279,0.0,0.0
2026-03-26 00:00:00+09:00,2975.0,3000.0,2955.0,2985.0,55493,0.0,0.0
2026-03-27 00:00:00+09:00,2960.0,3015.0,2960.0,3015.0,50094,0.0,0.0
2026-03-30 00:00:00+09:00,3020.0,3090.0,2985.0,3070.0,133764,0.0,0.0
2026-03-31 00:00:00+09:00,3080.0,3100.0,2925.0,3060.0,68545,0.0,0.0
2026-04-01 00:00:00+09:00,3100.0,3115.0,3025.0,3040.0,67351,0.0,0.0
2026-04-02 00:00:00+09:00,3040.0,3100.0,2990.0,3020.0,64716,0.0,0.0
2026-04-03 00:00:00+09:00,3040.0,3080.0,3035.0,3055.0,38645,0.0,0.0
2026-04-06 00:00:00+09:00,3070.0,3160.0,3070.0,3120.0,59620,0.0,0.0
2026-04-07 00:00:00+09:00,3135.0,3160.0,3100.0,3130.0,92868,0.0,0.0
2026-04-08 00:00:00+09:00,3130.0,3150.0,3100.0,3115.0,54082,0.0,0.0
2026-04-09 00:00:00+09:00,3130.0,3145.0,3100.0,3110.0,23436,0.0,0.0
2026-04-10 00:00:00+09:00,3125.0,3140.0,3105.0,3130.0,22854,0.0,0.0
2026-04-13 00:00:00+09:00,3165.0,3165.0,3095.0,3100.0,94666,0.0,0.0
2026-04-14 00:00:00+09:00,3100.0,3135.0,3095.0,3115.0,78485,0.0,0.0
2026-04-15 00:00:00+09:00,3125.0,3510.0,3120.0,3385.0,621792,0.0,0.0
2026-04-16 00:00:00+09:00,3500.0,3810.0,3435.0,3515.0,646419,0.0,0.0
2026-04-17 00:00:00+09:00,3515.0,3535.0,3225.0,3345.0,201591,0.0,0.0
2026-04-20 00:00:00+09:00,3430.0,3775.0,3375.0,3405.0,732554,0.0,0.0
2026-04-21 00:00:00+09:00,3480.0,3825.0,3350.0,3570.0,239277,0.0,0.0
2026-04-22 00:00:00+09:00,3570.0,3570.0,3287.0,3410.0,112452,0.0,0.0
2026-04-23 00:00:00+09:00,3400.0,3400.0,3225.0,3340.0,82987,0.0,0.0
2026-04-24 00:00:00+09:00,3300.0,3415.0,3260.0,3360.0,44326,0.0,0.0
2026-04-27 00:00:00+09:00,3380.0,3495.0,3335.0,3435.0,66255,0.0,0.0
2026-04-28 00:00:00+09:00,3520.0,3520.0,3175.0,3370.0,61916,0.0,0.0
2026-04-29 00:00:00+09:00,3370.0,3450.0,3240.0,3385.0,33253,0.0,0.0
2026-04-30 00:00:00+09:00,3385.0,3500.0,3320.0,3385.0,58748,0.0,0.0
2026-05-04 00:00:00+09:00,3420.0,3490.0,3285.0,3385.0,70607,0.0,0.0
2026-05-06 00:00:00+09:00,3380.0,3450.0,3290.0,3355.0,62858,0.0,0.0
2026-05-07 00:00:00+09:00,3355.0,3400.0,3295.0,3360.0,33803,0.0,0.0
2026-05-08 00:00:00+09:00,3355.0,3405.0,3285.0,3315.0,41139,0.0,0.0
2026-05-11 00:00:00+09:00,3330.0,3330.0,3100.0,3240.0,56135,0.0,0.0
2026-05-12 00:00:00+09:00,3240.0,3295.0,3055.0,3150.0,79223,0.0,0.0
2026-05-13 00:00:00+09:00,3150.0,3150.0,3025.0,3055.0,51466,0.0,0.0
2026-05-14 00:00:00+09:00,3055.0,3300.0,3055.0,3205.0,53908,0.0,0.0
2026-05-15 00:00:00+09:00,3205.0,3250.0,3105.0,3135.0,58818,0.0,0.0
2026-05-18 00:00:00+09:00,3050.0,3125.0,3000.0,3120.0,106231,0.0,0.0
2026-05-19 00:00:00+09:00,3095.0,3245.0,3065.0,3200.0,43868,0.0,0.0
2026-05-20 00:00:00+09:00,3200.0,3200.0,2955.0,3100.0,43740,0.0,0.0
2026-05-21 00:00:00+09:00,3020.0,3260.0,3020.0,3135.0,58079,0.0,0.0
2026-05-22 00:00:00+09:00,3135.0,3410.0,3110.0,3195.0,38522,0.0,0.0
2026-05-26 00:00:00+09:00,3195.0,3230.0,3065.0,3085.0,76513,0.0,0.0
2026-05-27 00:00:00+09:00,3085.0,3170.0,3030.0,3115.0,44353,0.0,0.0
2026-05-28 00:00:00+09:00,3055.0,3210.0,3035.0,3190.0,38265,0.0,0.0
2026-05-29 00:00:00+09:00,3165.0,3200.0,2950.0,3015.0,43078,0.0,0.0
2026-06-01 00:00:00+09:00,3010.0,3020.0,2750.0,2875.0,77517,0.0,0.0
2026-06-02 00:00:00+09:00,2850.0,2910.0,2750.0,2885.0,47779,0.0,0.0
2026-06-04 00:00:00+09:00,2865.0,2945.0,2775.0,2860.0,26969,0.0,0.0
2026-06-05 00:00:00+09:00,2855.0,2855.0,2720.0,2795.0,30648,0.0,0.0
2026-06-08 00:00:00+09:00,2765.0,2780.0,2615.0,2720.0,26450,0.0,0.0
2026-06-09 00:00:00+09:00,2705.0,2830.0,2620.0,2780.0,37309,0.0,0.0
2026-06-10 00:00:00+09:00,2725.0,2825.0,2710.0,2745.0,20201,0.0,0.0
2026-06-11 00:00:00+09:00,2740.0,2865.0,2685.0,2850.0,29400,0.0,0.0
2026-06-12 00:00:00+09:00,2955.0,2975.0,2700.0,2890.0,37483,0.0,0.0
2026-06-15 00:00:00+09:00,2890.0,2980.0,2885.0,2930.0,19338,0.0,0.0
2026-06-16 00:00:00+09:00,2910.0,3015.0,2890.0,3015.0,17469,0.0,0.0
2026-06-17 00:00:00+09:00,2980.0,2980.0,2885.0,2980.0,14884,0.0,0.0
2026-06-18 00:00:00+09:00,2960.0,2960.0,2875.0,2885.0,13544,0.0,0.0
2026-06-19 00:00:00+09:00,2885.0,2975.0,2835.0,2875.0,17045,0.0,0.0
2026-06-22 00:00:00+09:00,2785.0,2900.0,2765.0,2785.0,26001,0.0,0.0
2026-06-23 00:00:00+09:00,2785.0,2800.0,2615.0,2640.0,25087,0.0,0.0
2026-06-24 00:00:00+09:00,2620.0,2785.0,2565.0,2705.0,10351,0.0,0.0
2026-06-25 00:00:00+09:00,2620.0,2770.0,2610.0,2715.0,10326,0.0,0.0
2026-06-26 00:00:00+09:00,2605.0,2710.0,2605.0,2705.0,11575,0.0,0.0
2026-06-29 00:00:00+09:00,2615.0,2850.0,2615.0,2825.0,10790,0.0,0.0
2026-06-30 00:00:00+09:00,2735.0,2920.0,2735.0,2920.0,10304,0.0,0.0
2026-07-01 00:00:00+09:00,2935.0,3050.0,2855.0,3015.0,17388,0.0,0.0
2026-07-02 00:00:00+09:00,3015.0,3060.0,2940.0,2990.0,12883,0.0,0.0
2026-07-03 00:00:00+09:00,2985.0,2985.0,2900.0,2940.0,7653,0.0,0.0
2026-07-06 00:00:00+09:00,2920.0,3055.0,2855.0,2995.0,12084,0.0,0.0
2026-07-07 00:00:00+09:00,2995.0,3065.0,2915.0,3015.0,14622,0.0,0.0
2026-07-08 00:00:00+09:00,3015.0,3060.0,2965.0,2990.0,11764,0.0,0.0
2026-07-09 00:00:00+09:00,2985.0,3075.0,2880.0,3025.0,26778,0.0,0.0
2026-07-10 00:00:00+09:00,3085.0,3135.0,3050.0,3075.0,24059,0.0,0.0
2026-07-13 00:00:00+09:00,3145.0,3145.0,2980.0,3015.0,18384,0.0,0.0
2026-07-14 00:00:00+09:00,3015.0,3225.0,2975.0,3075.0,62445,0.0,0.0
2026-07-15 00:00:00+09:00,3035.0,3165.0,2905.0,2980.0,26470,0.0,0.0
2026-07-16 00:00:00+09:00,2965.0,3040.0,2850.0,2970.0,14434,0.0,0.0
2026-07-20 00:00:00+09:00,2955.0,3020.0,2935.0,2965.0,13193,0.0,0.0
2026-07-21 00:00:00+09:00,2980.0,3070.0,2975.0,3035.0,31304,0.0,0.0
2026-07-22 00:00:00+09:00,3100.0,3140.0,3040.0,3080.0,7808,0.0,0.0
2026-07-23 00:00:00+09:00,3045.0,3095.0,3010.0,3045.0,20153,0.0,0.0
2026-07-24 00:00:00+09:00,3060.0,3100.0,3000.0,3080.0,9571,0.0,0.0
2026-07-27 00:00:00+09:00,3145.0,3145.0,3040.0,3045.0,20819,0.0,0.0
2026-07-28 00:00:00+09:00,3060.0,3080.0,2905.0,2960.0,14866,0.0,0.0
2026-07-29 00:00:00+09:00,2955.0,2960.0,2735.0,2790.0,9162,0.0,0.0
2026-07-30 00:00:00+09:00,2790.0,2830.0,2705.0,2720.0,7299,0.0,0.0
2026-07-31 00:00:00+09:00,2725.0,2830.0,2700.0,2820.0,1303,0.0,0.0
2026-08-03 00:00:00+09:00,2820.0,2880.0,2780.0,2800.0,1061,0.0,0.0
2026-08-04 00:00:00+09:00,2800.0,2855.0,2750.0,2770.0,2557,0.0,0.0
2026-08-05 00:00:00+09:00,2815.0,2855.0,2750.0,2765.0,4588,0.0,0.0
2026-08-06 00:00:00+09:00,2775.0,2800.0,2700.0,2700.0,3336,0.0,0.0
2026-08-07 00:00:00+09:00,2705.0,2730.0,2600.0,2655.0,9932,0.0,0.0
2026-08-10 00:00:00+09:00,2640.0,2945.0,2615.0,2680.0,43313,0.0,0.0
2026-08-11 00:00:00+09:00,2700.0,2840.0,2700.0,2710.0,5947,0.0,0.0
2026-08-12 00:00:00+09:00,2760.0,2930.0,2715.0,2815.0,5564,0.0,0.0
2026-08-13 00:00:00+09:00,2815.0,2885.0,2755.0,2795.0,4876,0.0,0.0
2026-08-14 00:00:00+09:00,2800.0,2815.0,2710.0,2775.0,4056,0.0,0.0
2026-08-18 00:00:00+09:00,2775.0,3050.0,2760.0,3015.0,46682,0.0,0.0
2026-08-19 00:00:00+09:00,3100.0,3100.0,2820.0,2910.0,6511,0.0,0.0
2026-08-20 00:00:00+09:00,2910.0,2935.0,2845.0,2895.0,4850,0.0,0.0
2026-08-21 00:00:00+09:00,2895.0,2940.0,2770.0,2780.0,3097,0.0,0.0
2026-08-24 00:00:00+09:00,2790.0,2870.0,2790.0,2855.0,5387,0.0,0.0
2026-08-25 00:00:00+09:00,2900.0,2995.0,2870.0,2905.0,4478,0.0,0.0
2026-08-26 00:00:00+09:00,2980.0,2980.0,2905.0,2905.0,3074,0.0,0.0
2026-08-27 00:00:00+09:00,3000.0,3150.0,2880.0,3045.0,12744,0.0,0.0
2026-08-28 00:00:00+09:00,3025.0,3110.0,3015.0,3090.0,9436,0.0,0.0
