Date,Open,High,Low,Close,Volume,Dividends,Stock Splits
2000-02-11 00:00:00+09:00,832.551121660201,849.2021387839558,761.784232516127,778.435302734375,4483812,0.0,0.0
2000-02-14 00:00:00+09:00,770.1097484786131,770.1097484786131,691.0173792863203,707.6683959960938,2172997,0.0,0.0
2000-02-15 00:00:00+09:00,707.6684066733529,749.2959756231069,670.203605237473,686.8546752929688,1382769,0.0,0.0
2000-02-16 00:00:00+09:00,666.0409085953629,715.9939608116669,649.3898911899282,695.18017578125,1511495,0.0,0.0
2000-02-17 00:00:00+09:00,674.3663793427916,778.435302734375,670.2036117882295,778.435302734375,2872531,0.0,0.0
2000-02-18 00:00:00+09:00,820.0629129719845,861.690487098948,745.13330078125,745.13330078125,2938776,0.0,0.0
2000-02-21 00:00:00+09:00,711.8312065580055,749.2960096976108,686.8547065279321,699.3429565429688,2403702,0.0,0.0
2000-02-22 00:00:00+09:00,749.2959618259988,761.7842110431764,686.8546626456191,728.482177734375,2879427,0.0,0.0
2000-02-23 00:00:00+09:00,728.48219114823,745.1332081092329,645.2271063432148,686.8546752929688,2222001,0.0,0.0
2000-02-24 00:00:00+09:00,703.5057797487858,765.9470878447318,703.5057797487858,745.13330078125,2780166,0.0,0.0
2000-02-25 00:00:00+09:00,749.2959643177734,770.1097484786131,695.1801467373866,707.6683959960938,2319591,0.0,0.0
2000-02-28 00:00:00+09:00,707.668551157087,790.9237060546875,707.668551157087,790.9237060546875,2556565,0.0,0.0
2000-02-29 00:00:00+09:00,840.8765527969625,882.5041196348886,795.0862717508359,849.2020874023438,3982174,0.0,0.0
2000-03-01 00:00:00+09:00,849.2020874023438,849.2020874023438,849.2020874023438,849.2020874023438,0,0.0,0.0
2000-03-02 00:00:00+09:00,874.1786700124627,949.1082763671876,865.8531876922128,949.1082763671875,3252756,0.0,0.0
2000-03-03 00:00:00+09:00,949.1083372107972,1011.5496975407701,853.3649923704702,974.0848388671875,4298871,0.0,0.0
2000-03-06 00:00:00+09:00,1090.641845703125,1090.641845703125,1090.641845703125,1090.641845703125,493278,0.0,0.0
2000-03-07 00:00:00+09:00,1219.6876371606745,1219.6876371606745,961.5967284068311,978.247802734375,8039578,0.0,0.0
2000-03-08 00:00:00+09:00,978.2475195190406,1094.8046875,903.3179191162083,1094.8046875,4715980,0.0,0.0
2000-03-09 00:00:00+09:00,1203.0363139838591,1223.85009765625,1132.2694282599339,1223.85009765625,3158405,0.0,0.0
2000-03-10 00:00:00+09:00,1369.5465087890625,1369.5465087890625,1369.5465087890625,1369.5465087890625,670382,0.0,0.0
2000-03-13 00:00:00+09:00,1531.8941650390625,1531.8941650390625,1427.8253366341846,1531.8941650390625,2446751,0.0,0.0
2000-03-14 00:00:00+09:00,1377.872208166237,1615.1492908817343,1348.7328856360366,1477.7783203125,8915798,0.0,0.0
2000-03-15 00:00:00+09:00,1415.3369604487295,1581.8472535538722,1348.7328856822712,1427.8253173828125,5744436,0.0,0.0
2000-03-16 00:00:00+09:00,1415.3369990920469,1415.3369990920469,1257.15234375,1257.15234375,3122149,0.0,0.0
2000-03-17 00:00:00+09:00,1148.9205375391937,1215.5246051263093,1107.29296875,1107.29296875,974019,0.0,0.0
2000-03-20 00:00:00+09:00,978.247751329014,1236.3386465205922,978.247751329014,1148.9207763671875,8748934,0.0,0.0
2000-03-21 00:00:00+09:00,1069.8282855702187,1123.9441124186033,1011.5497436523438,1011.5497436523438,2722071,0.0,0.0
2000-03-22 00:00:00+09:00,1078.1540489539573,1119.7816331715035,1044.8520028177252,1073.9913330078125,3159764,0.0,0.0
2000-03-23 00:00:00+09:00,1115.618794275069,1119.7815097624484,961.5967284068311,978.247802734375,2359087,0.0,0.0
2000-03-24 00:00:00+09:00,949.108352116077,1032.3635005301887,949.108352116077,999.0614624023438,2013969,0.0,0.0
2000-03-27 00:00:00+09:00,1019.8748842021647,1065.6651569529458,1015.7120645591186,1024.03759765625,1547230,0.0,0.0
2000-03-28 00:00:00+09:00,1044.851714639948,1090.6420021743415,994.8986061185221,1007.386962890625,1555171,0.0,0.0
2000-03-29 00:00:00+09:00,990.7359681581974,1057.3400472263277,953.2712135032504,969.9221801757812,1590173,0.0,0.0
2000-03-30 00:00:00+09:00,949.1084406311417,949.1084406311417,857.5278006913911,890.8298950195312,1237951,0.0,0.0
2000-03-31 00:00:00+09:00,870.0159782660003,903.3180146112593,815.9001559313301,865.8532104492188,1017485,0.0,0.0
2000-04-03 00:00:00+09:00,853.3649590521741,890.8297631685036,765.9470473844075,774.2725830078125,1070460,0.0,0.0
2000-04-04 00:00:00+09:00,682.6920445071758,745.1333573429246,682.6920445071758,740.9706420898438,1105253,0.0,0.0
2000-04-05 00:00:00+09:00,740.9706420898438,740.9706420898438,740.9706420898438,740.9706420898438,0,0.0,0.0
2000-04-06 00:00:00+09:00,753.4588813434128,786.7609213739887,711.8313047579419,736.807861328125,995752,0.0,0.0
2000-04-07 00:00:00+09:00,757.6215174920632,824.2255859375,757.6215174920632,824.2255859375,1567082,0.0,0.0
2000-04-10 00:00:00+09:00,870.0161611908086,919.9691731170459,865.8533924987862,915.8064575195312,1571784,0.0,0.0
2000-04-11 00:00:00+09:00,811.7373525955699,849.2021551182729,807.5745849609375,807.5745849609375,901297,0.0,0.0
2000-04-12 00:00:00+09:00,770.1098479484497,849.2022273565657,770.1098479484497,832.5512084960938,1147570,0.0,0.0
2000-04-13 00:00:00+09:00,832.5512084960938,832.5512084960938,832.5512084960938,832.5512084960938,0,0.0,0.0
2000-04-14 00:00:00+09:00,749.2960586696072,803.4118830642927,736.8078078383717,786.7608642578125,618348,0.0,0.0
2000-04-17 00:00:00+09:00,695.18017578125,695.18017578125,695.18017578125,695.18017578125,123398,0.0,0.0
2000-04-18 00:00:00+09:00,715.9940496701513,761.7843399442798,666.0409912544201,703.5057983398438,1279223,0.0,0.0
2000-04-19 00:00:00+09:00,732.6450241276633,757.6215783481964,686.8547366669331,711.8312377929688,1035143,0.0,0.0
2000-04-20 00:00:00+09:00,691.01738971235,699.3429247400978,670.203605237473,686.8546752929688,730984,0.0,0.0
2000-04-21 00:00:00+09:00,711.8314132920686,765.947249866512,686.8549060081782,757.6217651367188,1713989,0.0,0.0
2000-04-24 00:00:00+09:00,740.9704825101326,765.9469810275468,695.1801467373866,707.6683959960938,916238,0.0,0.0
2000-04-25 00:00:00+09:00,686.8547065279321,707.6684388548282,670.2036357152228,699.3429565429688,662441,0.0,0.0
2000-04-26 00:00:00+09:00,720.1568178117541,740.9706054252673,666.0409912544201,703.5057983398438,977676,0.0,0.0
2000-04-27 00:00:00+09:00,666.0410224759037,691.0175263073229,641.0644655499812,645.2272338867188,549283,0.0,0.0
2000-04-28 00:00:00+09:00,645.227159949566,670.2036609189059,616.0878380260067,641.0643920898438,665576,0.0,0.0
2000-05-01 00:00:00+09:00,641.0643920898438,641.0643920898438,641.0643920898438,641.0643920898438,0,0.0,0.0
2000-05-02 00:00:00+09:00,645.2269907386778,674.3662519259639,645.2269907386778,666.040771484375,568822,0.0,0.0
2000-05-03 00:00:00+09:00,653.5527545969026,653.5527545969026,628.576249346458,636.9017333984375,478128,0.0,0.0
2000-05-04 00:00:00+09:00,628.5761416051738,661.8781782939584,624.4133737454514,641.0643920898438,760031,0.0,0.0
2000-05-05 00:00:00+09:00,641.0643920898438,641.0643920898438,641.0643920898438,641.0643920898438,0,0.0,0.0
2000-05-08 00:00:00+09:00,641.0642239706418,691.0172659036249,641.0642239706418,666.040771484375,1228547,0.0,0.0
2000-05-09 00:00:00+09:00,666.040771484375,666.040771484375,666.040771484375,666.040771484375,0,0.0,0.0
2000-05-10 00:00:00+09:00,645.2269907386778,699.342799439697,636.9014572026057,666.040771484375,1545558,0.0,0.0
2000-05-11 00:00:00+09:00,666.040771484375,666.040771484375,666.040771484375,666.040771484375,0,0.0,0.0
2000-05-12 00:00:00+09:00,666.0410224759037,666.0410224759037,636.9016972132436,645.2272338867188,834948,0.0,0.0
2000-05-15 00:00:00+09:00,607.7623191767273,632.738871751892,570.2975168612271,582.7857666015625,1321853,0.0,0.0
2000-05-16 00:00:00+09:00,549.4837299431138,603.5995494180647,545.3209623463114,557.8092651367188,693996,0.0,0.0
2000-05-17 00:00:00+09:00,574.4601377731686,582.7856177758196,495.36778572834277,512.018798828125,867966,0.0,0.0
2000-05-18 00:00:00+09:00,561.9719662761432,570.297501271779,503.6934336846632,553.646484375,1592368,0.0,0.0
2000-05-19 00:00:00+09:00,524.5072150152697,574.4603235649126,499.53071383494586,528.6699829101562,674248,0.0,0.0
2000-05-22 00:00:00+09:00,528.6699384947026,541.158241130175,466.2286376953125,466.2286376953125,509892,0.0,0.0
2000-05-23 00:00:00+09:00,424.6010437011719,441.2520598174443,412.11276834034504,424.6010437011719,778525,0.0,0.0
2000-05-24 00:00:00+09:00,420.43833287996625,474.554155801368,374.6480191351457,470.3913879394531,1348602,0.0,0.0
2000-05-25 00:00:00+09:00,499.5307597095432,524.5072631835938,478.71697141816605,524.5072631835938,692324,0.0,0.0
2000-05-26 00:00:00+09:00,532.8327963734636,532.8327963734636,462.0659484863281,462.0659484863281,718550,0.0,0.0
2000-05-29 00:00:00+09:00,462.0659484863281,462.0659484863281,462.0659484863281,462.0659484863281,0,0.0,0.0
2000-05-30 00:00:00+09:00,462.0659484863281,462.0659484863281,462.0659484863281,462.0659484863281,0,0.0,0.0
2000-05-31 00:00:00+09:00,520.3444958193752,549.4837646484375,507.85619224020814,549.4837646484375,1604175,0.0,0.0
2000-06-01 00:00:00+09:00,536.9953450250385,549.4835915762551,499.5305522769084,512.018798828125,895550,0.0,0.0
2000-06-02 00:00:00+09:00,541.158254451436,545.3209690045707,487.04238122124747,516.1817016601562,1478269,0.0,0.0
2000-06-05 00:00:00+09:00,532.8328107412093,574.4603881835938,528.6700423780701,574.4603881835938,2146980,0.0,0.0
2000-06-06 00:00:00+09:00,574.4603881835938,574.4603881835938,574.4603881835938,574.4603881835938,0,0.0,0.0
2000-06-07 00:00:00+09:00,582.7858055333072,636.901628815843,557.8093043841353,620.2506103515625,2405270,0.0,0.0
2000-06-08 00:00:00+09:00,620.2505667107808,632.7388695011883,549.4837299431138,557.8092651367188,1676897,0.0,0.0
2000-06-09 00:00:00+09:00,557.8094586126794,561.9721745588241,512.0191053544761,536.9956665039062,869010,0.0,0.0
2000-06-12 00:00:00+09:00,541.1582349760389,570.297501271779,528.6699324825853,553.646484375,1294373,0.0,0.0
2000-06-13 00:00:00+09:00,541.1582590221071,557.8092766587648,503.69345606600365,507.8561706542969,910805,0.0,0.0
2000-06-14 00:00:00+09:00,507.8560600236322,528.6698408090327,491.20504601420845,520.3443603515625,790228,0.0,0.0
2000-06-15 00:00:00+09:00,499.53075655534127,507.85623996262075,457.9031802354373,462.0659484863281,576449,0.0,0.0
2000-06-16 00:00:00+09:00,437.08933500623135,491.20515591858873,437.08933500623135,474.55413818359375,744150,0.0,0.0
2000-06-19 00:00:00+09:00,457.903183126789,528.6700314607697,437.08939483541184,524.5072631835938,1786398,0.0,0.0
2000-06-20 00:00:00+09:00,532.8327264834146,586.9485473632812,528.6699587785414,586.9485473632812,3119745,0.0,0.0
2000-06-21 00:00:00+09:00,607.7624163491022,641.0644563775046,520.3445480009203,524.5072631835938,7388316,0.0,0.0
2000-06-22 00:00:00+09:00,545.3208548184564,553.6463883704099,507.8560600236322,520.3443603515625,1573351,0.0,0.0
2000-06-23 00:00:00+09:00,512.0189340125272,520.3444693077853,499.5306841641346,516.1817016601562,870682,0.0,0.0
2000-06-26 00:00:00+09:00,499.5307597095432,536.9955680151215,499.5307597095432,524.5072631835938,923134,0.0,0.0
2000-06-27 00:00:00+09:00,536.9955186999292,536.9955186999292,503.6934817298324,528.6699829101562,1285910,0.0,0.0
2000-06-28 00:00:00+09:00,516.1815935755857,528.6698408090327,507.8560600236322,520.3443603515625,713849,0.0,0.0
2000-06-29 00:00:00+09:00,528.6698119279072,528.6698119279072,503.6933188254741,512.018798828125,715520,0.0,0.0
2000-06-30 00:00:00+09:00,503.6934992407774,516.1817502650944,491.20519512196097,499.5307312011719,596511,0.0,0.0
2000-07-03 00:00:00+09:00,491.2051530176392,512.018938337085,491.2051530176392,507.8561706542969,484606,0.0,0.0
2000-07-04 00:00:00+09:00,499.5306841641346,545.3209690045707,491.2051488688765,516.1817016601562,1279641,0.0,0.0
2000-07-05 00:00:00+09:00,507.8560616708528,512.0188284603314,462.0657862700386,491.2050476074219,809662,0.0,0.0
2000-07-06 00:00:00+09:00,478.71697998046875,487.0424635892272,466.22872802007936,478.71697998046875,514803,0.0,0.0
2000-07-07 00:00:00+09:00,478.71693177458314,491.2051824774294,470.3913959096869,482.87969970703125,635275,0.0,0.0
2000-07-10 00:00:00+09:00,487.04241943359375,503.6934913305188,470.39140063116736,487.04241943359375,1028665,0.0,0.0
2000-07-11 00:00:00+09:00,495.3679504098775,516.18173697762,470.3913959096869,482.87969970703125,1721095,0.0,0.0
2000-07-12 00:00:00+09:00,482.87969970703125,495.3679504098775,470.3913959096869,482.87969970703125,709774,0.0,0.0
2000-07-13 00:00:00+09:00,478.7169058909663,487.0423882112162,474.5541381835938,474.55413818359375,411048,0.0,0.0
2000-07-14 00:00:00+09:00,474.5541381835938,482.87967359833885,466.22865586334393,474.55413818359375,299352,0.0,0.0
2000-07-17 00:00:00+09:00,474.5541381835938,474.5541381835938,474.5541381835938,474.55413818359375,0,0.0,0.0
2000-07-18 00:00:00+09:00,466.2287167372189,478.71696839538924,453.7404119845465,462.0659484863281,375314,0.0,0.0
2000-07-19 00:00:00+09:00,466.2287167372189,478.71696839538924,453.7404119845465,462.0659484863281,375314,0.0,0.0
2000-07-20 00:00:00+09:00,428.76383740782785,441.2521143109241,403.78731014888353,432.9266052246094,554507,0.0,0.0
2000-07-21 00:00:00+09:00,445.4149421835798,445.4149421835798,420.4383850097656,420.4383850097656,428288,0.0,0.0
2000-07-24 00:00:00+09:00,407.9501315714342,424.6011519320536,391.299084663563,395.46185302734375,339161,0.0,0.0
2000-07-25 00:00:00+09:00,374.64799867978337,420.43830992450404,370.4852575923981,403.78729248046875,669337,0.0,0.0
2000-07-26 00:00:00+09:00,403.78736320765347,403.78736320765347,391.299084663563,395.46185302734375,509996,0.0,0.0
2000-07-27 00:00:00+09:00,374.6480232136191,399.6245510152607,374.6480232136191,391.2990417480469,485546,0.0,0.0
2000-07-28 00:00:00+09:00,374.64811365620744,391.2991362103046,370.4853712913108,378.8108825683594,790646,0.0,0.0
2000-07-31 00:00:00+09:00,366.3225223436453,399.62456017588596,366.3225223436453,382.9735412597656,487323,0.0,0.0
2000-08-01 00:00:00+09:00,387.1362750364334,403.78729248046875,382.973507401801,403.78729248046875,587316,0.0,0.0
2000-08-02 00:00:00+09:00,391.2990494100895,432.92662310851887,391.2990494100895,416.2756042480469,849889,0.0,0.0
2000-08-03 00:00:00+09:00,416.2756804815391,453.7404665049861,416.2756804815391,449.57769775390625,1259893,0.0,0.0
2000-08-04 00:00:00+09:00,445.41482712013493,466.228610539098,420.43827639848126,424.6010437011719,851875,0.0,0.0
2000-08-07 00:00:00+09:00,420.43830992450404,428.7638186465217,395.4617837584511,403.78729248046875,547193,0.0,0.0
2000-08-08 00:00:00+09:00,395.4618556504193,420.43838635701627,395.4618556504193,407.95013427734375,480322,0.0,0.0
2000-08-09 00:00:00+09:00,407.95007786789586,412.1128191364315,391.29903315200863,399.6245422363281,427661,0.0,0.0
2000-08-10 00:00:00+09:00,403.78729248046875,407.9500601151011,395.4617837584511,403.78729248046875,244497,0.0,0.0
2000-08-11 00:00:00+09:00,395.4617837584511,412.1128012024864,387.1362750364334,403.78729248046875,675920,0.0,0.0
2000-08-14 00:00:00+09:00,403.7873658859516,412.1128761214839,395.4618556504193,407.95013427734375,639663,0.0,0.0
2000-08-15 00:00:00+09:00,407.95013427734375,407.95013427734375,407.95013427734375,407.95013427734375,0,0.0,0.0
2000-08-16 00:00:00+09:00,412.11285647068814,445.4149223721255,403.78734663214146,437.0893859863281,1144227,0.0,0.0
2000-08-17 00:00:00+09:00,453.7404258451821,453.7404258451821,412.1128748009115,420.4383850097656,1051443,0.0,0.0
2000-08-18 00:00:00+09:00,420.43838635701627,428.7638965925486,403.7873658859516,407.95013427734375,506757,0.0,0.0
2000-08-21 00:00:00+09:00,403.78729248046875,412.1128012024864,399.62452484583633,403.78729248046875,389628,0.0,0.0
2000-08-22 00:00:00+09:00,395.4617837584511,403.78729248046875,395.4617837584511,403.78729248046875,329758,0.0,0.0
2000-08-23 00:00:00+09:00,395.4617837584511,412.1128012024864,395.4617837584511,403.78729248046875,568822,0.0,0.0
2000-08-24 00:00:00+09:00,403.78736320765347,407.9501315714342,382.97357448325334,395.46185302734375,525669,0.0,0.0
2000-08-25 00:00:00+09:00,399.62459621400444,432.9266635966727,399.62459621400444,420.4383850097656,1720781,0.0,0.0
2000-08-28 00:00:00+09:00,445.414982097335,449.57769775390625,420.4384226853646,449.57769775390625,2006133,0.0,0.0
2000-08-29 00:00:00+09:00,441.2521143109241,445.41488212770565,424.6010961382946,432.9266052246094,998155,0.0,0.0
2000-08-30 00:00:00+09:00,437.0894106541045,482.879757171232,428.76390034569556,445.4149475097656,3936409,0.0,0.0
2000-08-31 00:00:00+09:00,432.9266962493931,466.2287661438104,416.2756745758114,457.9032287597656,1396456,0.0,0.0
2000-09-01 00:00:00+09:00,457.9031374482057,491.20517415453025,441.2521190950434,470.3913879394531,3592859,0.0,0.0
2000-09-04 00:00:00+09:00,470.3914318936076,478.71696839538924,441.2521603263761,462.0659484863281,1457790,0.0,0.0
2000-09-05 00:00:00+09:00,462.0659681265835,470.3914518877403,441.2521790819351,445.4149475097656,1905408,0.0,0.0
2000-09-06 00:00:00+09:00,432.926622967859,445.41490038278016,424.60111354032796,428.76385498046875,1239414,0.0,0.0
2000-09-07 00:00:00+09:00,420.438328220751,428.7638373050704,399.6245422363281,399.6245422363281,969317,0.0,0.0
2000-09-08 00:00:00+09:00,395.46177585739076,416.2755605202131,395.46177585739076,412.11279296875,637887,0.0,0.0
2000-09-11 00:00:00+09:00,412.11279296875,412.11279296875,412.11279296875,412.11279296875,0,0.0,0.0
2000-09-12 00:00:00+09:00,412.11279296875,412.11279296875,412.11279296875,412.11279296875,0,0.0,0.0
2000-09-13 00:00:00+09:00,412.11279296875,412.11279296875,412.11279296875,412.11279296875,0,0.0,0.0
2000-09-14 00:00:00+09:00,403.7873658859516,407.95013427734375,399.62459749455945,407.95013427734375,594003,0.0,0.0
2000-09-15 00:00:00+09:00,395.4618009677925,416.27558695221535,395.4618009677925,399.6245422363281,963466,0.0,0.0
2000-09-18 00:00:00+09:00,395.46176631972645,395.46176631972645,353.8341979980469,353.8341979980469,943718,0.0,0.0
2000-09-19 00:00:00+09:00,345.5088347120507,345.5088347120507,312.2067873099639,324.695068359375,663382,0.0,0.0
2000-09-20 00:00:00+09:00,337.1832187475372,349.67149594087147,333.02047738125833,345.50872802734375,571852,0.0,0.0
2000-09-21 00:00:00+09:00,333.0204730768404,341.3459822490365,312.2066868727257,320.5321960449219,846650,0.0,0.0
2000-09-22 00:00:00+09:00,324.6949889491414,324.6949889491414,283.0674133300781,283.0674133300781,714789,0.0,0.0
2000-09-25 00:00:00+09:00,287.2301422364185,303.88115958836363,278.90463356044586,291.39288330078125,597660,0.0,0.0
2000-09-26 00:00:00+09:00,287.2302334630706,308.0439984899992,283.06746452933163,303.8812561035156,647813,0.0,0.0
2000-09-27 00:00:00+09:00,312.20660499649034,337.18312596298193,308.0438382284543,333.0203857421875,1049771,0.0,0.0
2000-09-28 00:00:00+09:00,333.02049518687994,341.34600491182687,312.20670760088734,328.85772705078125,903595,0.0,0.0
2000-09-29 00:00:00+09:00,333.0203857421875,341.345892731018,320.5321119853209,333.0203857421875,540297,0.0,0.0
2000-10-02 00:00:00+09:00,328.8578110110073,328.8578110110073,316.3695565088533,324.695068359375,445424,0.0,0.0
2000-10-03 00:00:00+09:00,324.695068359375,324.695068359375,324.695068359375,324.695068359375,0,0.0,0.0
2000-10-04 00:00:00+09:00,320.5322173258343,328.85772705078125,308.0439394647887,328.85772705078125,675920,0.0,0.0
2000-10-05 00:00:00+09:00,333.02047738125833,349.67149594087147,328.8577094677306,345.50872802734375,1062728,0.0,0.0
2000-10-06 00:00:00+09:00,333.0205282664241,349.6715493702947,333.0205282664241,341.3460388183594,618348,0.0,0.0
2000-10-09 00:00:00+09:00,341.34600491182687,345.5087465006752,324.69498546193296,328.85772705078125,485651,0.0,0.0
2000-10-10 00:00:00+09:00,320.5322173258343,333.02049518687994,320.5322173258343,328.85772705078125,390464,0.0,0.0
2000-10-11 00:00:00+09:00,324.69499162573715,324.69499162573715,299.7184354295068,308.0439453125,450544,0.0,0.0
2000-10-12 00:00:00+09:00,295.55569376163567,308.0439453125,295.55569376163567,308.0439453125,333206,0.0,0.0
2000-10-13 00:00:00+09:00,295.5556640625,295.5556640625,274.7418781728808,295.5556640625,523579,0.0,0.0
2000-10-16 00:00:00+09:00,295.5556640625,295.5556640625,295.5556640625,295.5556640625,0,0.0,0.0
2000-10-17 00:00:00+09:00,299.7184460867108,308.04395626573734,287.2301940917969,287.2301940917969,491816,0.0,0.0
2000-10-18 00:00:00+09:00,287.2301422364185,295.55565091239106,274.7418659488361,291.39288330078125,500801,0.0,0.0
2000-10-19 00:00:00+09:00,295.55565091239106,295.55565091239106,283.0673746248087,291.39288330078125,376881,0.0,0.0
2000-10-20 00:00:00+09:00,291.3928962656769,303.8811731088981,287.23015501610195,295.5556640625,571121,0.0,0.0
2000-10-23 00:00:00+09:00,291.39292314444066,291.39292314444066,274.7419035157156,283.0674133300781,336236,0.0,0.0
2000-10-24 00:00:00+09:00,283.06739149641487,283.06739149641487,266.4163731520226,274.74188232421875,340833,0.0,0.0
2000-10-25 00:00:00+09:00,270.5791681461487,274.7419098760734,262.2536315917969,262.2536315917969,307816,0.0,0.0
2000-10-26 00:00:00+09:00,253.9281070929417,258.0908751325472,241.43985606862472,249.76536560058594,425676,0.0,0.0
2000-10-27 00:00:00+09:00,249.76536560058594,249.76536560058594,249.76536560058594,249.76536560058594,0,0.0,0.0
2000-10-30 00:00:00+09:00,224.7887940448653,241.43983844028864,216.46329839440145,220.6260528564453,621274,0.0,0.0
2000-10-31 00:00:00+09:00,212.30059270630113,228.9516143798828,195.64955775909252,228.9516143798828,557119,0.0,0.0
2000-11-01 00:00:00+09:00,224.7887925169269,249.7653456666669,220.62605135680195,237.27706909179688,609049,0.0,0.0
2000-11-02 00:00:00+09:00,224.78874295080135,253.9280308354264,224.78874295080135,245.60252380371094,672681,0.0,0.0
2000-11-03 00:00:00+09:00,249.76535480763027,274.74188232421875,249.76535480763027,274.74188232421875,1603548,0.0,0.0
2000-11-06 00:00:00+09:00,278.9046501839411,295.5556685283334,266.4163731520226,274.74188232421875,2031836,0.0,0.0
2000-11-07 00:00:00+09:00,274.74184226806443,291.39285818481176,262.25356705688165,270.5791015625,1161676,0.0,0.0
2000-11-08 00:00:00+09:00,258.0908751325472,266.4163846645084,249.76536560058594,249.76536560058594,661083,0.0,0.0
2000-11-09 00:00:00+09:00,245.60259756098048,253.9281070929417,237.27708802901924,249.76536560058594,482830,0.0,0.0
2000-11-10 00:00:00+09:00,241.43978356147406,249.76529059318955,237.27701677199545,245.60252380371094,827738,0.0,0.0
2000-11-13 00:00:00+09:00,237.2771285829383,241.4398973340181,224.78884887695312,224.78884887695312,279709,0.0,0.0
2000-11-14 00:00:00+09:00,228.9515602242994,241.43983679916943,228.9515602242994,237.27706909179688,547820,0.0,0.0
2000-11-15 00:00:00+09:00,249.7653798547716,262.2536315917969,249.7653798547716,262.2536315917969,436960,0.0,0.0
2000-11-16 00:00:00+09:00,278.9046325683594,291.39288226427306,266.4163563251988,278.9046325683594,2174355,0.0,0.0
2000-11-17 00:00:00+09:00,270.579127225718,270.579127225718,258.0908508300781,258.0908508300781,581778,0.0,0.0
2000-11-20 00:00:00+09:00,262.25359193045995,266.416359578089,253.9280831824491,258.0908508300781,497249,0.0,0.0
2000-11-21 00:00:00+09:00,249.76534419160774,258.0908530099366,245.6025765088196,253.92808532714844,313771,0.0,0.0
2000-11-22 00:00:00+09:00,241.43985606862472,258.0908751325472,241.43985606862472,249.76536560058594,519400,0.0,0.0
2000-11-23 00:00:00+09:00,241.43984985351562,253.9281005563619,237.2770819210675,241.43984985351562,485546,0.0,0.0
2000-11-24 00:00:00+09:00,233.11431735878185,266.4163513183594,233.11431735878185,266.4163513183594,1316211,0.0,0.0
2000-11-27 00:00:00+09:00,274.7419035157156,283.0674133300781,266.41639370135306,283.0674133300781,1818476,0.0,0.0
2000-11-28 00:00:00+09:00,283.0673770741107,283.0673770741107,258.0908508300781,258.0908508300781,821365,0.0,0.0
2000-11-29 00:00:00+09:00,253.9281070929417,258.0908751325472,245.60259756098048,249.76536560058594,495682,0.0,0.0
2000-11-30 00:00:00+09:00,241.4398258486762,266.4163513183594,241.4398258486762,266.4163513183594,700370,0.0,0.0
2000-12-01 00:00:00+09:00,249.7653343385706,274.74185980825376,249.7653343385706,266.4163513183594,808513,0.0,0.0
2000-12-04 00:00:00+09:00,274.74185980825376,274.74185980825376,258.090842828465,266.4163513183594,606123,0.0,0.0
2000-12-05 00:00:00+09:00,266.4163513183594,270.57911883692975,258.090842828465,266.4163513183594,372179,0.0,0.0
2000-12-06 00:00:00+09:00,274.74186832609985,278.9046359737289,258.0908508300781,258.0908508300781,848009,0.0,0.0
2000-12-07 00:00:00+09:00,262.253583799789,266.4163513183594,258.090842828465,266.4163513183594,512190,0.0,0.0
2000-12-08 00:00:00+09:00,270.5791248844733,295.55565091239106,266.41635727286354,291.39288330078125,1821506,0.0,0.0
2000-12-11 00:00:00+09:00,291.39288330078125,303.88115958836363,283.0673746248087,291.39288330078125,1155511,0.0,0.0
2000-12-12 00:00:00+09:00,295.5557042708234,295.5557042708234,278.90468391277034,287.2301940917969,748224,0.0,0.0
2000-12-13 00:00:00+09:00,278.90468391277034,287.2301940917969,274.7419155496312,287.2301940917969,510832,0.0,0.0
2000-12-14 00:00:00+09:00,283.0674257286577,287.2301940917969,278.90468391277034,287.2301940917969,516997,0.0,0.0
2000-12-15 00:00:00+09:00,283.067373617915,283.067373617915,270.5791239220013,278.9046325683594,377508,0.0,0.0
2000-12-18 00:00:00+09:00,287.2301422364185,299.7183919767538,278.90463356044586,291.39288330078125,1039218,0.0,0.0
2000-12-19 00:00:00+09:00,291.39290066861105,291.39290066861105,270.579141011745,274.74188232421875,696608,0.0,0.0
2000-12-20 00:00:00+09:00,262.253583799789,274.74185980825376,258.090842828465,266.4163513183594,716252,0.0,0.0
2000-12-21 00:00:00+09:00,249.76534419160774,262.2535941454773,245.6025765088196,253.92808532714844,464022,0.0,0.0
2000-12-22 00:00:00+09:00,253.9280831824491,262.25359193045995,249.7653420820673,258.0908508300781,498503,0.0,0.0
2000-12-25 00:00:00+09:00,258.0908508300781,258.0908508300781,258.0908508300781,258.0908508300781,0,0.0,0.0
2000-12-26 00:00:00+09:00,253.928059098508,270.5791015625,253.928059098508,270.5791015625,515220,0.0,0.0
2000-12-27 00:00:00+09:00,270.5791015625,270.5791015625,270.5791015625,270.5791015625,0,0.0,0.0
2000-12-28 00:00:00+09:00,270.5791015625,270.5791015625,270.5791015625,270.5791015625,0,0.0,0.0
2000-12-29 00:00:00+09:00,270.5791015625,270.5791015625,270.5791015625,270.5791015625,0,0.0,0.0
2001-01-01 00:00:00+09:00,270.5791015625,270.5791015625,270.5791015625,270.5791015625,0,0.0,0.0
2001-01-02 00:00:00+09:00,282.3434198052546,310.5777527828009,277.63768263736495,296.4605712890625,1249758,71.779884,0.0
2001-01-03 00:00:00+09:00,291.7549133300781,296.4606212815663,277.6377294557424,291.7549133300781,966600,0.0,0.0
2001-01-04 00:00:00+09:00,305.8721144378745,324.69500732421875,305.8721144378745,324.69500732421875,2189088,0.0,0.0
2001-01-05 00:00:00+09:00,324.69492174584343,343.51780967112404,310.57774079691825,315.2834777832031,2324606,0.0,0.0
2001-01-08 00:00:00+09:00,301.16635816326914,329.40069580078125,301.16635816326914,329.40069580078125,1694346,0.0,0.0
2001-01-09 00:00:00+09:00,338.81214118302546,367.0465087890625,324.69498738994236,367.0465087890625,4310051,0.0,0.0
2001-01-10 00:00:00+09:00,376.45797776663403,409.39805532270515,324.69500732421875,324.69500732421875,5245620,0.0,0.0
2001-01-11 00:00:00+09:00,334.1064788622887,362.3408203125,324.6950317122183,362.3408203125,1989624,0.0,0.0
2001-01-12 00:00:00+09:00,371.7521602992523,404.69223083398305,371.7521602992523,381.1636047363281,3288386,0.0,0.0
2001-01-15 00:00:00+09:00,385.8693574583925,423.51513671875,381.1636200458818,423.51513671875,4340561,0.0,0.0
2001-01-16 00:00:00+09:00,437.63234289462923,456.45523355484113,414.1037145643974,432.9266052246094,4341397,0.0,0.0
2001-01-17 00:00:00+09:00,414.1037212089827,428.2209044356286,381.16364702009827,385.869384765625,1543259,0.0,0.0
2001-01-18 00:00:00+09:00,395.28083811422397,404.6922837826641,367.04650110890367,376.45794677734375,1198977,0.0,0.0
2001-01-19 00:00:00+09:00,367.0465498466874,385.86944368294036,367.0465498466874,371.75225830078125,892520,0.0,0.0
2001-01-22 00:00:00+09:00,362.3407381910485,399.98651825923383,362.3407381910485,390.5750732421875,1104836,0.0,0.0
2001-01-23 00:00:00+09:00,390.5750732421875,390.5750732421875,390.5750732421875,390.5750732421875,0,0.0,0.0
2001-01-24 00:00:00+09:00,390.5750732421875,390.5750732421875,390.5750732421875,390.5750732421875,0,0.0,0.0
2001-01-25 00:00:00+09:00,390.5750732421875,390.5750732421875,390.5750732421875,390.5750732421875,0,0.0,0.0
2001-01-26 00:00:00+09:00,395.28084638516407,399.98655431287995,367.0465087890625,367.0465087890625,1116851,0.0,0.0
2001-01-29 00:00:00+09:00,367.04650110890367,385.8693924457839,367.04650110890367,376.45794677734375,1330525,0.0,0.0
2001-01-30 00:00:00+09:00,390.5751678917105,418.8095397949219,390.5751678917105,418.8095397949219,4265645,0.0,0.0
2001-01-31 00:00:00+09:00,428.2208691474378,437.63231385299264,376.45790826192035,409.3979797363281,2400045,0.0,0.0
2001-02-01 00:00:00+09:00,395.28082275390625,409.39800571295063,385.86937745118786,395.28082275390625,1175677,0.0,0.0
2001-02-02 00:00:00+09:00,390.5750925012175,404.69227572786343,385.869384765625,385.869384765625,1387470,0.0,0.0
2001-02-05 00:00:00+09:00,371.7522167167784,395.28084638516407,362.34077085141115,367.0465087890625,1347348,0.0,0.0
2001-02-06 00:00:00+09:00,371.7522167167784,381.16366258214555,362.34077085141115,367.0465087890625,815096,0.0,0.0
2001-02-07 00:00:00+09:00,371.7522128226246,371.7522128226246,348.2235834007044,352.9293212890625,1134719,0.0,0.0
2001-02-08 00:00:00+09:00,348.2236244326679,367.0465481941121,348.2236244326679,357.6351013183594,860652,0.0,0.0
2001-02-09 00:00:00+09:00,357.6350591774206,362.3407670558435,352.9293212890625,352.9293212890625,723043,0.0,0.0
2001-02-12 00:00:00+09:00,348.2235342015974,385.86934195983144,343.5178269880249,381.1636047363281,2323561,0.0,0.0
2001-02-13 00:00:00+09:00,376.45799676481386,390.57515213703414,367.0465498466874,371.75225830078125,1793503,0.0,0.0
2001-02-14 00:00:00+09:00,371.7521602992523,390.5750491734039,362.3407158621765,381.1636047363281,1379634,0.0,0.0
2001-02-15 00:00:00+09:00,390.5750732421875,399.98651825923383,385.8693657386307,390.5750732421875,1768845,0.0,0.0
2001-02-16 00:00:00+09:00,404.6922302246094,432.92656349332236,399.9864930081918,404.6922302246094,2710473,0.0,0.0
2001-02-19 00:00:00+09:00,414.10370110438515,451.7494812011719,404.69225608018843,451.7494812011719,5602440,0.0,0.0
2001-02-20 00:00:00+09:00,498.80689526094585,503.51263427734375,479.9839992152389,503.51263427734375,4288527,0.0,0.0
2001-02-21 00:00:00+09:00,494.101077867909,503.51255440781205,456.4552917480469,456.4552917480469,4646392,0.0,0.0
2001-02-22 00:00:00+09:00,461.1609535916216,461.1609535916216,404.6922537602247,414.10369873046875,2769195,0.0,0.0
2001-02-23 00:00:00+09:00,395.28080878998065,423.5151437007128,395.28080878998065,414.10369873046875,1482135,0.0,0.0
2001-02-26 00:00:00+09:00,418.8094522344173,437.63234289462923,404.6922692342915,432.9266052246094,1783159,0.0,0.0
2001-02-27 00:00:00+09:00,423.51511907041805,442.3380079162267,404.6922302246094,404.6922302246094,1172647,0.0,0.0
2001-02-28 00:00:00+09:00,404.69226805662464,414.103713359343,381.16363979486187,395.28082275390625,1039323,0.0,0.0
2001-03-01 00:00:00+09:00,395.28082275390625,395.28082275390625,395.28082275390625,395.28082275390625,0,0.0,0.0
2001-03-02 00:00:00+09:00,385.8694531926459,390.57516176271133,362.3408203125,362.3408203125,1214546,0.0,0.0
2001-03-05 00:00:00+09:00,352.92929317400217,399.98651825923383,343.51784815695584,390.5750732421875,2040613,0.0,0.0
2001-03-06 00:00:00+09:00,376.45799676481386,395.2808906010668,367.0465498466874,371.75225830078125,1349855,0.0,0.0
2001-03-07 00:00:00+09:00,385.86944368294036,385.86944368294036,367.0465498466874,371.75225830078125,655859,0.0,0.0
2001-03-08 00:00:00+09:00,385.869384765625,385.869384765625,371.7522015389791,385.869384765625,814678,0.0,0.0
2001-03-09 00:00:00+09:00,381.1636546065964,385.8693924457839,371.7522089381563,376.45794677734375,867861,0.0,0.0
2001-03-12 00:00:00+09:00,371.75225662701916,371.75225662701916,352.9293628755136,357.6351013183594,827947,0.0,0.0
2001-03-13 00:00:00+09:00,334.1064147949219,348.22356780798964,319.9892317719203,334.1064147949219,863891,0.0,0.0
2001-03-14 00:00:00+09:00,334.1064147949219,334.1064147949219,334.1064147949219,334.1064147949219,0,0.0,0.0
2001-03-15 00:00:00+09:00,319.98920737625446,348.2235412597656,319.98920737625446,348.2235412597656,773092,0.0,0.0
2001-03-16 00:00:00+09:00,348.2235412597656,352.92927857864987,338.81209663192857,348.2235412597656,829619,0.0,0.0
2001-03-19 00:00:00+09:00,348.2235412597656,357.6350158975342,338.81209663192857,348.2235412597656,692220,0.0,0.0
2001-03-20 00:00:00+09:00,362.3407670558435,362.3407670558435,348.2235834007044,352.9293212890625,710609,0.0,0.0
2001-03-21 00:00:00+09:00,338.81214530586806,352.9293292806718,338.81214530586806,343.51788330078125,622737,0.0,0.0
2001-03-22 00:00:00+09:00,348.2235342015974,381.1636047363281,338.81208976452155,381.1636047363281,1475657,0.0,0.0
2001-03-23 00:00:00+09:00,423.5152417929276,423.5152417929276,352.92937316242956,362.3408203125,2801376,0.0,0.0
2001-03-26 00:00:00+09:00,367.046558892505,371.75226746257044,352.92937316242956,362.3408203125,744672,0.0,0.0
2001-03-27 00:00:00+09:00,362.3407232064869,362.3407232064869,348.2235412597656,348.2235412597656,448036,0.0,0.0
2001-03-28 00:00:00+09:00,348.22359128575863,352.9293292806718,343.51788330078125,343.51788330078125,698803,0.0,0.0
2001-03-29 00:00:00+09:00,343.5178339508128,348.2235412597656,338.81209663192857,348.2235412597656,402375,0.0,0.0
2001-03-30 00:00:00+09:00,338.81219482421875,352.9293808622888,329.4007474688188,338.81219482421875,342296,0.0,0.0
2001-04-02 00:00:00+09:00,329.40067711727676,343.5178601402783,329.40067711727676,334.1064147949219,309801,0.0,0.0
2001-04-03 00:00:00+09:00,324.69500732421875,329.40071554083613,319.989269097664,324.69500732421875,340624,0.0,0.0
2001-04-04 00:00:00+09:00,310.57781170124434,348.22359614626686,310.57781170124434,319.9892578125,822932,0.0,0.0
2001-04-05 00:00:00+09:00,319.9892578125,319.9892578125,319.9892578125,319.9892578125,0,0.0,0.0
2001-04-06 00:00:00+09:00,334.10643374533436,343.51787962450504,329.40069580078125,329.40069580078125,627230,0.0,0.0
2001-04-09 00:00:00+09:00,334.10645376739086,334.10645376739086,315.28356088104664,324.69500732421875,339893,0.0,0.0
2001-04-10 00:00:00+09:00,329.4007039237556,334.10644198435153,315.2835497618403,319.9892578125,291411,0.0,0.0
2001-04-11 00:00:00+09:00,324.6949694495654,338.81212246263317,324.6949694495654,334.1064147949219,764002,0.0,0.0
2001-04-12 00:00:00+09:00,338.81212246263317,343.5178601402783,329.40067711727676,334.1064147949219,419720,0.0,0.0
2001-04-13 00:00:00+09:00,338.81212246263317,343.5178601402783,324.6949694495654,334.1064147949219,433826,0.0,0.0
2001-04-16 00:00:00+09:00,334.10643374533436,338.81214167995194,329.40069580078125,329.40069580078125,299979,0.0,0.0
2001-04-17 00:00:00+09:00,329.40069580078125,334.10643374533436,324.6949878661637,329.40069580078125,172402,0.0,0.0
2001-04-18 00:00:00+09:00,334.10642975550036,362.3407670558435,334.10642975550036,352.9293212890625,982796,0.0,0.0
2001-04-19 00:00:00+09:00,371.75226746257044,381.1637146126409,357.63511174243456,362.3408203125,1210471,0.0,0.0
2001-04-20 00:00:00+09:00,371.75222124045297,371.75222124045297,343.51788330078125,343.51788330078125,760345,0.0,0.0
2001-04-23 00:00:00+09:00,348.2235412597656,357.6350158975342,343.5178339508128,348.2235412597656,457753,0.0,0.0
2001-04-24 00:00:00+09:00,334.1064373208907,348.22359128575863,334.1064373208907,343.51788330078125,300084,0.0,0.0
2001-04-25 00:00:00+09:00,348.2235412597656,352.92927857864987,338.81209663192857,348.2235412597656,394435,0.0,0.0
2001-04-26 00:00:00+09:00,348.2235412597656,352.92927857864987,338.81209663192857,348.2235412597656,394435,0.0,0.0
2001-04-27 00:00:00+09:00,352.92927857864987,352.92927857864987,338.81209663192857,348.2235412597656,282112,0.0,0.0
2001-04-30 00:00:00+09:00,357.63511174243456,367.046558892505,348.2236345824246,362.3408203125,1051757,0.0,0.0
2001-05-01 00:00:00+09:00,362.3408203125,362.3408203125,362.3408203125,362.3408203125,0,0.0,0.0
2001-05-02 00:00:00+09:00,367.04649380338657,399.9865379823367,362.34075605785983,385.869384765625,2355639,0.0,0.0
2001-05-03 00:00:00+09:00,381.1636546065964,390.5751002750365,367.04650110890367,376.45794677734375,1058235,0.0,0.0
2001-05-04 00:00:00+09:00,371.75225830078125,376.45799676481386,362.34081138265475,371.75225830078125,533923,0.0,0.0
2001-05-07 00:00:00+09:00,376.4579321484695,404.69226805662464,376.4579321484695,395.28082275390625,1646909,0.0,0.0
2001-05-08 00:00:00+09:00,390.57508509758026,395.28082275390625,381.16363979486187,395.28082275390625,871727,0.0,0.0
2001-05-09 00:00:00+09:00,404.69233751919325,404.69233751919325,371.75225830078125,371.75225830078125,1352363,0.0,0.0
2001-05-10 00:00:00+09:00,385.86944368294036,385.86944368294036,367.0465498466874,371.75225830078125,645515,0.0,0.0
2001-05-11 00:00:00+09:00,371.75225830078125,381.1637052189077,371.75225830078125,371.75225830078125,445110,0.0,0.0
2001-05-14 00:00:00+09:00,371.75225830078125,376.45799676481386,367.0465498466874,371.75225830078125,451484,0.0,0.0
2001-05-15 00:00:00+09:00,371.7522089381563,385.8693924457839,371.7522089381563,376.45794677734375,903386,0.0,0.0
2001-05-16 00:00:00+09:00,385.86944368294036,385.86944368294036,367.0465498466874,371.75225830078125,594630,0.0,0.0
2001-05-17 00:00:00+09:00,381.16364702009827,390.5750925012175,376.45793928450576,385.869384765625,1322271,0.0,0.0
2001-05-18 00:00:00+09:00,395.28083811422397,395.28083811422397,371.7522089381563,376.45794677734375,990423,0.0,0.0
2001-05-21 00:00:00+09:00,376.4578975227557,390.5750491734039,376.4578975227557,381.1636047363281,998678,0.0,0.0
2001-05-22 00:00:00+09:00,390.5750925012175,390.5750925012175,376.45793928450576,385.869384765625,894087,0.0,0.0
2001-05-23 00:00:00+09:00,385.8693924457839,390.5751002750365,371.7522089381563,376.45794677734375,894192,0.0,0.0
2001-05-24 00:00:00+09:00,371.75218320809483,418.80943830325924,367.046475704538,390.5750732421875,5630233,0.0,0.0
2001-05-25 00:00:00+09:00,399.9864807128906,404.69221778465715,385.86932951745075,399.9864807128906,2240495,0.0,0.0
2001-05-28 00:00:00+09:00,404.69221778465715,423.51510605186354,395.28077365105395,399.9864807128906,1694973,0.0,0.0
2001-05-29 00:00:00+09:00,404.69226805662464,409.39800571295063,385.86937745118786,395.28082275390625,878414,0.0,0.0
2001-05-30 00:00:00+09:00,385.869384765625,395.28083024674424,381.16364702009827,385.869384765625,724820,0.0,0.0
2001-05-31 00:00:00+09:00,376.45799676481386,381.1637052189077,371.75225830078125,371.75225830078125,655023,0.0,0.0
2001-06-01 00:00:00+09:00,371.7522167167784,381.16366258214555,367.0465087890625,367.0465087890625,594839,0.0,0.0
2001-06-04 00:00:00+09:00,371.7522089381563,385.8693924457839,367.04650110890367,376.45794677734375,780824,0.0,0.0
2001-06-05 00:00:00+09:00,371.7522167167784,381.16366258214555,367.0465087890625,367.0465087890625,595257,0.0,0.0
2001-06-06 00:00:00+09:00,367.0465087890625,367.0465087890625,367.0465087890625,367.0465087890625,0,0.0,0.0
2001-06-07 00:00:00+09:00,367.046558892505,371.75226746257044,362.3408203125,362.3408203125,477814,0.0,0.0
2001-06-08 00:00:00+09:00,362.3407632697162,404.6922837826641,362.3407632697162,376.45794677734375,4777626,0.0,0.0
2001-06-11 00:00:00+09:00,376.45799676481386,385.86944368294036,371.75225830078125,371.75225830078125,650425,0.0,0.0
2001-06-12 00:00:00+09:00,376.45799676481386,376.45799676481386,367.0465498466874,371.75225830078125,425049,0.0,0.0
2001-06-13 00:00:00+09:00,376.45799676481386,385.86944368294036,371.75225830078125,371.75225830078125,763584,0.0,0.0
2001-06-14 00:00:00+09:00,371.7522089381563,385.8693924457839,371.7522089381563,376.45794677734375,1054996,0.0,0.0
2001-06-15 00:00:00+09:00,371.7522089381563,381.1636546065964,371.7522089381563,376.45794677734375,416481,0.0,0.0
2001-06-18 00:00:00+09:00,381.1636546065964,381.1636546065964,371.7522089381563,376.45794677734375,584390,0.0,0.0
2001-06-19 00:00:00+09:00,371.7521602992523,390.5750491734039,371.7521602992523,381.1636047363281,1224159,0.0,0.0
2001-06-20 00:00:00+09:00,385.86934195983144,385.86934195983144,362.3407158621765,381.1636047363281,1449953,0.0,0.0
2001-06-21 00:00:00+09:00,381.1637052189077,381.1637052189077,367.0465498466874,371.75225830078125,699220,0.0,0.0
2001-06-22 00:00:00+09:00,376.45799676481386,381.1637052189077,367.0465498466874,371.75225830078125,714475,0.0,0.0
2001-06-25 00:00:00+09:00,367.0465498466874,376.45799676481386,367.0465498466874,371.75225830078125,734537,0.0,0.0
2001-06-26 00:00:00+09:00,367.0465049442016,371.7522128226246,348.2235834007044,352.9293212890625,654918,0.0,0.0
2001-06-27 00:00:00+09:00,352.92927857864987,357.6350158975342,338.81209663192857,348.2235412597656,405719,0.0,0.0
2001-06-28 00:00:00+09:00,338.81214530586806,352.9293292806718,338.81214530586806,343.51788330078125,297889,0.0,0.0
2001-06-29 00:00:00+09:00,348.2235834007044,352.9293212890625,343.51787552228143,352.9293212890625,265394,0.0,0.0
2001-07-02 00:00:00+09:00,352.9293212890625,357.6350591774206,348.2235834007044,352.9293212890625,220256,0.0,0.0
2001-07-03 00:00:00+09:00,348.2236345824246,362.3408203125,348.2236345824246,362.3408203125,494950,0.0,0.0
2001-07-04 00:00:00+09:00,362.3407670558435,362.3407670558435,352.9293212890625,352.9293212890625,216704,0.0,0.0
2001-07-05 00:00:00+09:00,348.2235412597656,357.6350158975342,348.2235412597656,348.2235412597656,199881,0.0,0.0
2001-07-06 00:00:00+09:00,343.5179335068888,352.9293808622888,334.10648615148887,338.81219482421875,834321,0.0,0.0
2001-07-09 00:00:00+09:00,329.4006287221989,329.4006287221989,310.57774079691825,315.2834777832031,403002,0.0,0.0
2001-07-10 00:00:00+09:00,319.9892578125,324.69499587309593,315.2835497618403,319.9892578125,197374,0.0,0.0
2001-07-11 00:00:00+09:00,315.2834777832031,319.98918475955855,305.8720338205628,315.2834777832031,305830,0.0,0.0
2001-07-12 00:00:00+09:00,315.28354198699293,329.40069580078125,315.28354198699293,329.40069580078125,258394,0.0,0.0
2001-07-13 00:00:00+09:00,338.812125604535,338.812125604535,310.5777893066406,310.5777893066406,331011,0.0,0.0
2001-07-16 00:00:00+09:00,310.57774079691825,319.98918475955855,305.8720338205628,315.2834777832031,222137,0.0,0.0
2001-07-17 00:00:00+09:00,315.2834777832031,315.2834777832031,315.2834777832031,315.2834777832031,0,0.0,0.0
2001-07-18 00:00:00+09:00,310.5777969836267,315.28353482122776,301.1663513183594,301.1663513183594,158400,0.0,0.0
2001-07-19 00:00:00+09:00,287.0491269632137,301.16630845695215,287.0491269632137,296.4605712890625,211793,0.0,0.0
2001-07-20 00:00:00+09:00,296.4606134807583,301.1663513183594,287.04916781549093,301.1663513183594,310428,0.0,0.0
2001-07-23 00:00:00+09:00,291.7548641311034,301.16630845695215,291.7548641311034,296.4605712890625,216808,0.0,0.0
2001-07-24 00:00:00+09:00,291.7549133300781,291.7549133300781,277.6377294557424,291.7549133300781,366119,0.0,0.0
2001-07-25 00:00:00+09:00,287.04917536865435,301.1663592429901,282.34346741716615,291.7549133300781,321399,0.0,0.0
2001-07-26 00:00:00+09:00,291.7548641311034,301.16630845695215,291.7548641311034,296.4605712890625,228615,0.0,0.0
2001-07-27 00:00:00+09:00,301.1663513183594,305.87208915596045,296.4606134807583,301.1663513183594,491502,0.0,0.0
2001-07-30 00:00:00+09:00,305.8720456248418,305.8720456248418,291.7548641311034,296.4605712890625,239586,0.0,0.0
2001-07-31 00:00:00+09:00,296.4605712890625,301.16630845695215,291.7548641311034,296.4605712890625,220465,0.0,0.0
2001-08-01 00:00:00+09:00,296.4605952170983,305.8720703125,296.4605952170983,305.8720703125,363193,0.0,0.0
2001-08-02 00:00:00+09:00,305.8720815952919,310.5777893066406,301.16634387400916,310.5777893066406,469038,0.0,0.0
2001-08-03 00:00:00+09:00,315.28356088104664,343.51790021056297,315.28356088104664,324.69500732421875,4254569,0.0,0.0
2001-08-06 00:00:00+09:00,319.989269097664,324.69500732421875,310.5778226544919,324.69500732421875,770062,0.0,0.0
2001-08-07 00:00:00+09:00,315.28352702792336,319.9892347392721,305.8720815952919,310.5777893066406,550746,0.0,0.0
2001-08-08 00:00:00+09:00,310.5777893066406,319.9892347392721,305.8720815952919,310.5777893066406,439259,0.0,0.0
2001-08-09 00:00:00+09:00,305.87208915596045,310.5777969836267,301.1663513183594,301.1663513183594,479591,0.0,0.0
2001-08-10 00:00:00+09:00,305.8720703125,310.57777785026786,301.1663327647991,305.8720703125,393076,0.0,0.0
2001-08-13 00:00:00+09:00,301.1663513183594,319.98924264889405,301.1663513183594,301.1663513183594,907461,0.0,0.0
2001-08-14 00:00:00+09:00,301.16634387400916,315.28352702792336,301.16634387400916,310.5777893066406,694310,0.0,0.0
2001-08-15 00:00:00+09:00,310.5777893066406,310.5777893066406,310.5777893066406,310.5777893066406,0,0.0,0.0
2001-08-16 00:00:00+09:00,305.8720703125,310.57777785026786,301.1663327647991,305.8720703125,353163,0.0,0.0
2001-08-17 00:00:00+09:00,305.8720703125,310.57777785026786,301.1663327647991,305.8720703125,304576,0.0,0.0
2001-08-20 00:00:00+09:00,301.16630845695215,305.8720456248418,291.7548641311034,296.4605712890625,273544,0.0,0.0
2001-08-21 00:00:00+09:00,296.4606134807583,305.87208915596045,296.4606134807583,301.1663513183594,293919,0.0,0.0
2001-08-22 00:00:00+09:00,296.4605712890625,296.4605712890625,291.7548641311034,296.4605712890625,396315,0.0,0.0
2001-08-23 00:00:00+09:00,296.4606212815663,301.1663592429901,291.7549133300781,291.7549133300781,358700,0.0,0.0
2001-08-24 00:00:00+09:00,287.0491638183594,291.7549015904335,282.3434560562196,287.0491638183594,410630,0.0,0.0
2001-08-27 00:00:00+09:00,291.7549015904335,291.7549015904335,287.0491638183594,287.0491638183594,318578,0.0,0.0
2001-08-28 00:00:00+09:00,287.04917536865435,291.7549133300781,287.04917536865435,291.7549133300781,210121,0.0,0.0
2001-08-29 00:00:00+09:00,291.7549215188631,291.7549215188631,277.63773724829554,282.3434753417969,387852,0.0,0.0
2001-08-30 00:00:00+09:00,277.63768349078316,277.63768349078316,268.22623913600495,272.9319763183594,425676,0.0,0.0
2001-08-31 00:00:00+09:00,268.22626814703807,268.22626814703807,254.1090850830078,254.1090850830078,420452,0.0,0.0
2001-09-03 00:00:00+09:00,249.40341186523438,258.81485853845663,249.40341186523438,249.40341186523438,210226,0.0,0.0
2001-09-04 00:00:00+09:00,249.40341421729633,263.5205993652344,239.99196745531708,263.5205993652344,455350,0.0,0.0
2001-09-05 00:00:00+09:00,254.1091201968765,258.81485853845663,249.40341186523438,249.40341186523438,249303,0.0,0.0
2001-09-06 00:00:00+09:00,254.1090850830078,258.8148227743292,249.4033774016203,254.1090850830078,159654,0.0,0.0
2001-09-07 00:00:00+09:00,249.40341421729633,263.5205993652344,249.40341421729633,263.5205993652344,417004,0.0,0.0
2001-09-10 00:00:00+09:00,258.81488037109375,263.5206191096321,254.10914163255543,258.81488037109375,325160,0.0,0.0
2001-09-11 00:00:00+09:00,258.81488037109375,268.22632783822985,254.10914163255543,258.81488037109375,242407,0.0,0.0
2001-09-12 00:00:00+09:00,230.58050537109375,230.58050537109375,230.58050537109375,230.58050537109375,212524,0.0,0.0
2001-09-13 00:00:00+09:00,211.7575730642909,230.58047811765067,211.7575730642909,225.87474060058594,583554,0.0,0.0
2001-09-14 00:00:00+09:00,230.5804767958108,235.28619928093283,202.34612688011234,207.05184936523438,755225,0.0,0.0
2001-09-17 00:00:00+09:00,188.22897732721484,197.64042319258203,183.52325439453125,183.52325439453125,443230,0.0,0.0
2001-09-18 00:00:00+09:00,197.64039290085253,202.3461151123047,192.93467068940038,202.3461151123047,695772,0.0,0.0
2001-09-19 00:00:00+09:00,211.7575910420274,225.87475977683786,202.34614521882045,221.16903686523438,765256,0.0,0.0
2001-09-20 00:00:00+09:00,211.7575718503564,211.7575718503564,202.34612688011234,207.05184936523438,540297,0.0,0.0
2001-09-21 00:00:00+09:00,197.64039290085253,207.05183732375684,192.93467068940038,202.3461151123047,243975,0.0,0.0
2001-09-24 00:00:00+09:00,202.3461151123047,202.3461151123047,202.3461151123047,202.3461151123047,0,0.0,0.0
2001-09-25 00:00:00+09:00,216.46329433547842,225.87473930572247,202.34612688011234,207.05184936523438,1006096,0.0,0.0
2001-09-26 00:00:00+09:00,211.757568359375,216.4632907669197,207.05184595183033,211.757568359375,193090,0.0,0.0
2001-09-27 00:00:00+09:00,211.75757994725168,216.4633026123047,207.0518572821987,216.4633026123047,288381,0.0,0.0
2001-09-28 00:00:00+09:00,216.4633026123047,216.4633026123047,216.4633026123047,216.4633026123047,0,0.0,0.0
2001-10-01 00:00:00+09:00,216.4633026123047,216.4633026123047,216.4633026123047,216.4633026123047,0,0.0,0.0
2001-10-02 00:00:00+09:00,216.4633026123047,216.4633026123047,216.4633026123047,216.4633026123047,0,0.0,0.0
2001-10-03 00:00:00+09:00,216.4633026123047,216.4633026123047,216.4633026123047,216.4633026123047,0,0.0,0.0
2001-10-04 00:00:00+09:00,225.8747672978347,235.28622843938462,221.16904422954383,230.58050537109375,917387,0.0,0.0
2001-10-05 00:00:00+09:00,230.58050537109375,235.28622843938462,221.16904422954383,230.58050537109375,935255,0.0,0.0
2001-10-08 00:00:00+09:00,216.4633174130349,249.40339332565807,216.4633174130349,235.28622436523438,1029815,0.0,0.0
2001-10-09 00:00:00+09:00,239.9919544856227,258.8148469923506,239.9919544856227,244.6976776123047,2060361,0.0,0.0
2001-10-10 00:00:00+09:00,249.40341186523438,263.52059688003675,239.99196519201215,249.40341186523438,3957202,0.0,0.0
2001-10-11 00:00:00+09:00,258.81485853845663,263.52059688003675,249.40341186523438,249.40341186523438,1467193,0.0,0.0
2001-10-12 00:00:00+09:00,258.8148469923506,258.8148469923506,239.9919544856227,244.6976776123047,541237,0.0,0.0
2001-10-15 00:00:00+09:00,249.40340073898668,249.40340073898668,239.9919544856227,244.6976776123047,336236,0.0,0.0
2001-10-16 00:00:00+09:00,239.9919544856227,254.1091088607003,239.9919544856227,244.6976776123047,626707,0.0,0.0
2001-10-17 00:00:00+09:00,249.4033774016203,258.8148227743292,249.4033774016203,254.1090850830078,860547,0.0,0.0
2001-10-18 00:00:00+09:00,244.6976776123047,249.40340073898668,239.9919544856227,244.6976776123047,451693,0.0,0.0
2001-10-19 00:00:00+09:00,244.69768852862327,249.40341186523438,239.99196519201215,249.40341186523438,304159,0.0,0.0
2001-10-22 00:00:00+09:00,249.40336104595727,277.6376953125,249.40336104595727,277.6376953125,1485374,0.0,0.0
2001-10-23 00:00:00+09:00,305.8720815952919,310.5777893066406,301.16634387400916,310.5777893066406,2837111,0.0,0.0
2001-10-24 00:00:00+09:00,296.4605952170983,334.10640556890627,287.0491501316295,305.8720703125,6685229,0.0,0.0
2001-10-25 00:00:00+09:00,319.98925106881404,319.98925106881404,291.7549133300781,291.7549133300781,1134405,0.0,0.0
2001-10-26 00:00:00+09:00,287.0491834253618,301.1663676959294,272.93202916473064,282.3434753417969,1041412,0.0,0.0
2001-10-29 00:00:00+09:00,287.0491278455613,291.75486502791574,272.9319763183594,272.9319763183594,635588,0.0,0.0
2001-10-30 00:00:00+09:00,272.93202916473064,296.46062960242807,263.5205829876644,282.3434753417969,1719109,0.0,0.0
2001-10-31 00:00:00+09:00,287.04914006801425,291.7548774507373,272.93198793970885,277.6376953125,748120,0.0,0.0
2001-11-01 00:00:00+09:00,287.04917536865435,305.8720972044139,277.6377294557424,291.7549133300781,1605951,0.0,0.0
2001-11-02 00:00:00+09:00,305.8720848967215,305.8720848967215,282.3434560562196,287.0491638183594,925746,0.0,0.0
2001-11-05 00:00:00+09:00,287.04917536865435,296.4606212815663,282.34346741716615,291.7549133300781,613646,0.0,0.0
2001-11-06 00:00:00+09:00,301.1663592429901,301.1663592429901,287.04917536865435,291.7549133300781,606855,0.0,0.0
2001-11-07 00:00:00+09:00,296.4606093525733,296.4606093525733,287.0491638183594,287.0491638183594,518982,0.0,0.0
2001-11-08 00:00:00+09:00,287.04917536865435,301.1663592429901,287.04917536865435,291.7549133300781,954480,0.0,0.0
2001-11-09 00:00:00+09:00,291.7549133300781,291.7549133300781,291.7549133300781,291.7549133300781,0,0.0,0.0
2001-11-12 00:00:00+09:00,291.7549133300781,296.4606212815663,287.04917536865435,291.7549133300781,600481,0.0,0.0
2001-11-13 00:00:00+09:00,291.7549133300781,291.7549133300781,282.34346741716615,291.7549133300781,627752,0.0,0.0
2001-11-14 00:00:00+09:00,291.7548984413777,324.6949724605548,291.7548984413777,310.5777893066406,4106930,0.0,0.0
2001-11-15 00:00:00+09:00,324.6949804864951,324.6949804864951,296.4606134807583,301.1663513183594,1540543,0.0,0.0
2001-11-16 00:00:00+09:00,301.1663513183594,305.87208915596045,296.4606134807583,301.1663513183594,446260,0.0,0.0
2001-11-19 00:00:00+09:00,301.1663327647991,310.57777785026786,301.1663327647991,305.8720703125,1029083,0.0,0.0
2001-11-20 00:00:00+09:00,310.5777527828009,315.2834899506906,291.7548641311034,296.4605712890625,928567,0.0,0.0
2001-11-21 00:00:00+09:00,291.7548641311034,301.16630845695215,287.0491269632137,296.4605712890625,436229,0.0,0.0
2001-11-22 00:00:00+09:00,301.16630845695215,301.16630845695215,291.7548641311034,296.4605712890625,406555,0.0,0.0
2001-11-23 00:00:00+09:00,296.4606134807583,301.1663513183594,291.754905653092,301.1663513183594,506653,0.0,0.0
2001-11-26 00:00:00+09:00,301.16634387400916,315.28352702792336,296.46060615272637,310.5777893066406,1314539,0.0,0.0
2001-11-27 00:00:00+09:00,319.9892347392721,324.6949724605548,310.5777893066406,310.5777893066406,1075893,0.0,0.0
2001-11-28 00:00:00+09:00,305.8720972044139,319.98925106881404,287.04917536865435,291.7549133300781,1583695,0.0,0.0
2001-11-29 00:00:00+09:00,291.7549133300781,296.4606212815663,282.34346741716615,291.7549133300781,444797,0.0,0.0
2001-11-30 00:00:00+09:00,291.75488767933035,305.8720703125,291.75488767933035,305.8720703125,1371902,0.0,0.0
2001-12-03 00:00:00+09:00,315.28352702792336,315.28352702792336,301.16634387400916,310.5777893066406,873399,0.0,0.0
2001-12-04 00:00:00+09:00,310.5777527828009,310.5777527828009,296.4605712890625,296.4605712890625,1119359,0.0,0.0
2001-12-05 00:00:00+09:00,305.8720338205628,319.98918475955855,301.16629683427794,315.2834777832031,1511600,0.0,0.0
2001-12-06 00:00:00+09:00,324.6949724605548,324.6949724605548,305.8720815952919,310.5777893066406,1641058,0.0,0.0
2001-12-07 00:00:00+09:00,310.57781170124434,334.10644198435153,305.8721036505847,319.9892578125,1760381,0.0,0.0
2001-12-10 00:00:00+09:00,315.28354536110953,357.635067275585,315.28354536110953,343.51788330078125,3921258,0.0,0.0
2001-12-11 00:00:00+09:00,343.5178601402783,343.5178601402783,324.6949694495654,334.1064147949219,1068997,0.0,0.0
2001-12-12 00:00:00+09:00,329.40071554083613,338.8121619840083,324.69500732421875,324.69500732421875,1143913,0.0,0.0
2001-12-13 00:00:00+09:00,324.69499587309593,329.4007039237556,315.2835497618403,319.9892578125,770898,0.0,0.0
2001-12-14 00:00:00+09:00,315.28356088104664,348.2236084271804,315.28356088104664,324.69500732421875,3104073,0.0,0.0
2001-12-17 00:00:00+09:00,319.98918475955855,324.69492174584343,310.57774079691825,315.2834777832031,627856,0.0,0.0
2001-12-18 00:00:00+09:00,315.28353482122776,319.98924264889405,301.1663513183594,301.1663513183594,557642,0.0,0.0
2001-12-19 00:00:00+09:00,301.1663592429901,310.57780515590207,287.04917536865435,291.7549133300781,476979,0.0,0.0
2001-12-20 00:00:00+09:00,296.4606134807583,301.1663513183594,287.04916781549093,301.1663513183594,399136,0.0,0.0
2001-12-21 00:00:00+09:00,296.4605712890625,301.16630845695215,291.7548641311034,296.4605712890625,245228,0.0,0.0
2001-12-24 00:00:00+09:00,291.754905653092,305.87208915596045,291.754905653092,301.1663513183594,378866,0.0,0.0
2001-12-25 00:00:00+09:00,301.1663513183594,301.1663513183594,301.1663513183594,301.1663513183594,0,0.0,0.0
2001-12-26 00:00:00+09:00,305.8720815952919,319.9892347392721,305.8720815952919,310.5777893066406,765883,0.0,0.0
2001-12-27 00:00:00+09:00,320.5964308759636,320.5964308759636,305.56846169803794,315.58709716796875,483666,38.282604,0.0
2001-12-28 00:00:00+09:00,320.59643554687494,325.605769327853,315.58710176589693,320.596435546875,499234,0.0,0.0
2001-12-31 00:00:00+09:00,320.59643554687494,320.59643554687494,320.59643554687494,320.596435546875,0,0.0,0.0
2002-01-01 00:00:00+09:00,320.59643554687494,320.59643554687494,320.59643554687494,320.596435546875,0,0.0,0.0
2002-01-02 00:00:00+09:00,315.5871410377241,330.6151123046875,315.5871410377241,330.6151123046875,659411,0.0,0.0
2002-01-03 00:00:00+09:00,330.6151123046875,330.6151123046875,330.6151123046875,330.6151123046875,0,0.0,0.0
2002-01-04 00:00:00+09:00,325.605712890625,325.605712890625,315.5870470652039,325.605712890625,355670,0.0,0.0
2002-01-07 00:00:00+09:00,325.605769327853,325.605769327853,315.58710176589693,320.596435546875,315548,0.0,0.0
2002-01-08 00:00:00+09:00,315.58709716796875,320.5964308759636,310.57779540603275,315.58709716796875,575927,0.0,0.0
2002-01-09 00:00:00+09:00,310.5777893066406,320.596424579817,310.5777893066406,310.5777893066406,809662,0.0,0.0
2002-01-10 00:00:00+09:00,310.5777893066406,315.58709097019965,300.5591540334643,310.5777893066406,1038173,0.0,0.0
2002-01-11 00:00:00+09:00,310.5777999309782,330.61507116277176,305.5684661500001,320.596435546875,1814087,0.0,0.0
2002-01-14 00:00:00+09:00,320.596424579817,320.596424579817,310.5777893066406,310.5777893066406,644888,0.0,0.0
2002-01-15 00:00:00+09:00,305.56842041015625,315.5870545263864,305.56842041015625,305.56842041015625,306562,0.0,0.0
2002-01-16 00:00:00+09:00,300.5591193250685,310.5777534412986,300.5591193250685,305.56842041015625,443125,0.0,0.0
2002-01-17 00:00:00+09:00,300.5591690652255,305.56847097931296,290.5405332909906,295.5498352050781,503727,0.0,0.0
2002-01-18 00:00:00+09:00,290.5405332909906,300.5591690652255,290.5405332909906,295.5498352050781,494950,0.0,0.0
2002-01-21 00:00:00+09:00,290.5404968261719,295.5497981115578,285.53116359473006,290.5404968261719,479904,0.0,0.0
2002-01-22 00:00:00+09:00,290.5404968261719,290.5404968261719,280.5218623093441,290.5404968261719,615214,0.0,0.0
2002-01-23 00:00:00+09:00,280.5218872343696,290.5405226413765,280.5218872343696,285.53118896484375,373328,0.0,0.0
2002-01-24 00:00:00+09:00,290.5405226413765,290.5405226413765,280.5218872343696,285.53118896484375,638619,0.0,0.0
2002-01-25 00:00:00+09:00,285.53119075817625,315.58709716796875,285.53119075817625,315.58709716796875,2415300,0.0,0.0
2002-01-28 00:00:00+09:00,350.6523742675781,350.6523742675781,330.61510121447003,350.6523742675781,3815205,0.0,0.0
2002-01-29 00:00:00+09:00,350.6523482640777,380.70828756092885,345.64304634530913,355.66168212890625,5504745,0.0,0.0
2002-01-30 00:00:00+09:00,330.61507116277176,360.6709780104621,315.58710176589693,320.596435546875,3687314,0.0,0.0
2002-01-31 00:00:00+09:00,320.59643554687494,320.59643554687494,320.59643554687494,320.596435546875,0,0.0,0.0
2002-02-01 00:00:00+09:00,395.7362670898438,395.7362670898438,390.72696464162703,395.73626708984375,1287686,0.0,0.0
2002-02-04 00:00:00+09:00,395.73625461010243,405.75489113665645,350.6523742675781,350.6523742675781,5484579,0.0,0.0
2002-02-05 00:00:00+09:00,340.63370377257894,390.72691335605003,325.6057664543849,375.6989440917969,7057931,0.0,0.0
2002-02-06 00:00:00+09:00,360.67101079413214,385.7176180835484,345.6430719773322,350.6523742675781,3014841,0.0,0.0
2002-02-07 00:00:00+09:00,350.65238602992974,350.65238602992974,320.5964754420663,330.6151123046875,1852225,0.0,0.0
2002-02-08 00:00:00+09:00,320.5964754420663,340.6337491673086,315.5871410377241,330.6151123046875,1401890,0.0,0.0
2002-02-11 00:00:00+09:00,330.6151123046875,330.6151123046875,330.6151123046875,330.6151123046875,0,0.0,0.0
2002-02-12 00:00:00+09:00,330.6151123046875,330.6151123046875,330.6151123046875,330.6151123046875,0,0.0,0.0
2002-02-13 00:00:00+09:00,330.6151123046875,330.6151123046875,330.6151123046875,330.6151123046875,0,0.0,0.0
2002-02-14 00:00:00+09:00,325.60572488251114,345.64299337920767,325.60572488251114,335.6243591308594,1489240,0.0,0.0
2002-02-15 00:00:00+09:00,335.6244160915942,375.6989598862668,335.6244160915942,360.6709899902344,7159492,0.0,0.0
2002-02-18 00:00:00+09:00,370.6896473206862,375.69898155699434,340.6337377410241,350.6523742675781,3250876,0.0,0.0
2002-02-19 00:00:00+09:00,345.64299337920767,350.6522945303543,335.6243591308594,335.6243591308594,1912931,0.0,0.0
2002-02-20 00:00:00+09:00,325.605712890625,340.633647736649,325.605712890625,325.605712890625,1110687,0.0,0.0
2002-02-21 00:00:00+09:00,325.605712890625,335.62434676999226,315.5870470652039,325.605712890625,1308688,0.0,0.0
2002-02-22 00:00:00+09:00,315.58710176589693,335.6244049437498,310.5777999309782,320.596435546875,1738648,0.0,0.0
2002-02-25 00:00:00+09:00,325.605769327853,330.61507116277176,320.59643554687494,320.596435546875,703191,0.0,0.0
2002-02-26 00:00:00+09:00,320.5963799779144,330.6150138572817,320.5963799779144,325.605712890625,770376,0.0,0.0
2002-02-27 00:00:00+09:00,325.6057936761031,345.64306640625,320.5964595205355,345.64306640625,2852679,0.0,0.0
2002-02-28 00:00:00+09:00,345.64299337920767,345.64299337920767,325.60572488251114,335.6243591308594,2547057,0.0,0.0
2002-03-01 00:00:00+09:00,335.6243591308594,335.6243591308594,335.6243591308594,335.6243591308594,0,0.0,0.0
2002-03-04 00:00:00+09:00,350.65236861575585,365.68033913639687,340.6337322506824,345.64306640625,3007736,0.0,0.0
2002-03-05 00:00:00+09:00,355.66170277132346,365.68033913639687,340.6337322506824,345.64306640625,1636879,0.0,0.0
2002-03-06 00:00:00+09:00,350.6523642682014,350.6523642682014,335.6244258799456,340.63372802734375,981019,0.0,0.0
2002-03-07 00:00:00+09:00,335.62443004117654,350.65236861575585,335.62443004117654,345.64306640625,1824431,0.0,0.0
2002-03-08 00:00:00+09:00,350.6523642682014,350.6523642682014,335.6244258799456,340.63372802734375,1269924,0.0,0.0
2002-03-11 00:00:00+09:00,345.6430520402623,370.6896259389025,345.6430520402623,360.6709899902344,3271982,0.0,0.0
2002-03-12 00:00:00+09:00,355.66170277132346,360.6710049808293,340.6337322506824,345.64306640625,1299180,0.0,0.0
2002-03-13 00:00:00+09:00,350.65236861575585,355.66170277132346,340.6337322506824,345.64306640625,885206,0.0,0.0
2002-03-14 00:00:00+09:00,350.65236861575585,350.65236861575585,340.6337322506824,345.64306640625,705385,0.0,0.0
2002-03-15 00:00:00+09:00,340.6337377410241,360.67101079413214,340.6337377410241,350.6523742675781,1642625,0.0,0.0
2002-03-18 00:00:00+09:00,355.6616922990604,370.6896304311503,355.6616922990604,365.6803283691406,1612638,0.0,0.0
2002-03-19 00:00:00+09:00,370.68963623046875,370.68963623046875,355.6616978632716,370.68963623046875,1541692,0.0,0.0
2002-03-20 00:00:00+09:00,380.7082793492036,410.764186051701,380.7082793492036,405.7548522949219,5891657,0.0,0.0
2002-03-21 00:00:00+09:00,395.7362167274227,435.8107909434784,390.72691491670275,405.7548522949219,4538144,0.0,0.0
2002-03-22 00:00:00+09:00,420.78276275836475,450.8386652565181,420.78276275836475,435.81072998046875,5230783,0.0,0.0
2002-03-25 00:00:00+09:00,445.82941038214744,465.8666807922547,415.77347282092853,420.7828063964844,4857349,0.0,0.0
2002-03-26 00:00:00+09:00,420.78287935297476,425.79218185099916,390.72696852663756,400.74560546875,2532220,0.0,0.0
2002-03-27 00:00:00+09:00,400.74560546874994,420.78287935297476,395.736271024662,400.74560546875,1846478,0.0,0.0
2002-03-28 00:00:00+09:00,395.73625169435684,410.7642223464944,380.7083129882813,380.70831298828125,2094632,0.0,0.0
2002-03-29 00:00:00+09:00,375.69895885611135,390.7269287109375,375.69895885611135,390.7269287109375,1034307,0.0,0.0
2002-04-01 00:00:00+09:00,390.726949441019,400.7455858937567,375.6989787888814,380.70831298828125,1139629,0.0,0.0
2002-04-02 00:00:00+09:00,370.68962065039784,390.726924207929,370.68962065039784,385.71759033203125,1050294,0.0,0.0
2002-04-03 00:00:00+09:00,380.7082793492036,420.78282161920015,380.7082793492036,405.7548522949219,2506203,0.0,0.0
2002-04-04 00:00:00+09:00,415.7734680175781,430.8014366245724,400.74553135664155,415.7734680175781,1986489,0.0,0.0
2002-04-05 00:00:00+09:00,415.7734680175781,415.7734680175781,415.7734680175781,415.7734680175781,0,0.0,0.0
2002-04-08 00:00:00+09:00,415.7735449088868,425.79218185099916,400.74560546874994,400.74560546875,1587352,0.0,0.0
2002-04-09 00:00:00+09:00,405.75490393234054,415.77354077483733,390.72696464162703,395.73626708984375,824186,0.0,0.0
2002-04-10 00:00:00+09:00,395.7362151467617,400.7455488835325,370.68961035502616,375.6989440917969,993558,0.0,0.0
2002-04-11 00:00:00+09:00,375.69894409179693,380.70827782856765,365.6803085643145,375.6989440917969,1148720,0.0,0.0
2002-04-12 00:00:00+09:00,370.68963623046875,375.6989703169086,360.67100000365025,370.68963623046875,805587,0.0,0.0
2002-04-15 00:00:00+09:00,365.6803340900901,380.7083044033485,365.6803340900901,370.68963623046875,720745,0.0,0.0
2002-04-16 00:00:00+09:00,370.68963623046875,380.7083044033485,370.68963623046875,370.68963623046875,431109,0.0,0.0
2002-04-17 00:00:00+09:00,380.7083129882813,390.726949441019,375.6989787888814,380.70831298828125,708102,0.0,0.0
2002-04-18 00:00:00+09:00,380.7083129882813,390.726949441019,375.6989787888814,380.70831298828125,754076,0.0,0.0
2002-04-19 00:00:00+09:00,380.7083129882813,385.7176152416191,370.68964458948153,380.70831298828125,819484,0.0,0.0
2002-04-22 00:00:00+09:00,380.70828756092885,380.70828756092885,350.6523482640777,355.66168212890625,762644,0.0,0.0
2002-04-23 00:00:00+09:00,350.6522945303543,355.66162762755596,330.6150260336578,335.6243591308594,722416,0.0,0.0
2002-04-24 00:00:00+09:00,330.61507116277176,335.6244049437498,320.59643554687494,320.596435546875,711863,0.0,0.0
2002-04-25 00:00:00+09:00,320.59643554687494,335.6244049437498,310.5777999309782,320.596435546875,646664,0.0,0.0
2002-04-26 00:00:00+09:00,320.5963799779144,330.6150138572817,320.5963799779144,325.605712890625,275529,0.0,0.0
2002-04-29 00:00:00+09:00,320.596424579817,330.6150598529933,310.5777893066406,310.5777893066406,440722,0.0,0.0
2002-04-30 00:00:00+09:00,310.5777893066406,315.58709097019965,305.56845569702335,310.5777893066406,370194,0.0,0.0
2002-05-01 00:00:00+09:00,310.5777893066406,310.5777893066406,310.5777893066406,310.5777893066406,0,0.0,0.0
2002-05-02 00:00:00+09:00,310.5777999309782,320.59643554687494,310.5777999309782,320.596435546875,435811,0.0,0.0
2002-05-03 00:00:00+09:00,325.605769327853,325.605769327853,310.5777999309782,320.596435546875,400286,0.0,0.0
2002-05-06 00:00:00+09:00,315.5870470652039,345.6429806493595,315.5870470652039,325.605712890625,959182,0.0,0.0
2002-05-07 00:00:00+09:00,320.5963799779144,330.6150138572817,320.5963799779144,325.605712890625,344595,0.0,0.0
2002-05-08 00:00:00+09:00,330.6150138572817,335.62434676999226,320.5963799779144,325.605712890625,530580,0.0,0.0
2002-05-09 00:00:00+09:00,330.6151123046875,335.6244467090297,325.6058098464086,330.6151123046875,523266,0.0,0.0
2002-05-10 00:00:00+09:00,325.605769327853,330.61507116277176,320.59643554687494,320.596435546875,394748,0.0,0.0
2002-05-13 00:00:00+09:00,310.57779540603275,325.6057645839585,310.57779540603275,315.58709716796875,561717,0.0,0.0
2002-05-14 00:00:00+09:00,315.5870470652039,335.62434676999226,315.5870470652039,325.605712890625,1617549,0.0,0.0
2002-05-15 00:00:00+09:00,325.605769327853,335.6244049437498,320.59643554687494,320.596435546875,1237742,0.0,0.0
2002-05-16 00:00:00+09:00,325.6057645839585,325.6057645839585,315.58709716796875,315.58709716796875,613960,0.0,0.0
2002-05-17 00:00:00+09:00,315.58710176589693,325.605769327853,315.58710176589693,320.596435546875,490875,0.0,0.0
2002-05-20 00:00:00+09:00,320.59643554687494,325.605769327853,315.58710176589693,320.596435546875,566419,0.0,0.0
2002-05-21 00:00:00+09:00,320.5963799779144,330.6150138572817,320.5963799779144,325.605712890625,1083834,0.0,0.0
2002-05-22 00:00:00+09:00,325.605712890625,330.6150138572817,320.5963799779144,325.605712890625,617826,0.0,0.0
2002-05-23 00:00:00+09:00,325.605712890625,330.6150138572817,320.5963799779144,325.605712890625,722625,0.0,0.0
2002-05-24 00:00:00+09:00,330.61507116277176,330.61507116277176,315.58710176589693,320.596435546875,641962,0.0,0.0
2002-05-27 00:00:00+09:00,320.596424579817,320.596424579817,305.56845569702335,310.5777893066406,597973,0.0,0.0
2002-05-28 00:00:00+09:00,310.5777534412986,315.5870545263864,305.56842041015625,305.56842041015625,384090,0.0,0.0
2002-05-29 00:00:00+09:00,305.56847097931296,305.56847097931296,290.5405332909906,295.5498352050781,607064,0.0,0.0
2002-05-30 00:00:00+09:00,295.5498352050781,305.56847097931296,290.5405332909906,295.5498352050781,337803,0.0,0.0
2002-05-31 00:00:00+09:00,290.5404968261719,295.5497981115578,285.53116359473006,290.5404968261719,313040,0.0,0.0
2002-06-03 00:00:00+09:00,285.5312409922967,290.54057558159445,275.5126037597656,275.5126037597656,258289,0.0,0.0
2002-06-04 00:00:00+09:00,265.4939412311215,285.53121378704355,265.4939412311215,280.52191162109375,299248,0.0,0.0
2002-06-05 00:00:00+09:00,285.53118896484375,290.5405226413765,280.5218872343696,285.53118896484375,133742,0.0,0.0
2002-06-06 00:00:00+09:00,285.53118896484375,285.53118896484375,285.53118896484375,285.53118896484375,0,0.0,0.0
2002-06-07 00:00:00+09:00,275.5125775090825,285.53121378704355,270.5032433970713,280.52191162109375,219107,0.0,0.0
2002-06-10 00:00:00+09:00,275.5125775090825,285.53121378704355,275.5125775090825,280.52191162109375,109501,0.0,0.0
2002-06-11 00:00:00+09:00,280.52191162109375,285.53121378704355,275.5125775090825,280.52191162109375,193299,0.0,0.0
2002-06-12 00:00:00+09:00,280.5218872343696,285.53118896484375,275.51255355783684,285.53118896484375,190269,0.0,0.0
2002-06-13 00:00:00+09:00,285.53118896484375,285.53118896484375,285.53118896484375,285.53118896484375,0,0.0,0.0
2002-06-14 00:00:00+09:00,285.53118896484375,290.5405226413765,280.5218872343696,285.53118896484375,130607,0.0,0.0
2002-06-17 00:00:00+09:00,280.5218872343696,290.5405226413765,280.5218872343696,285.53118896484375,88917,0.0,0.0
2002-06-18 00:00:00+09:00,285.53121378704355,290.5405478990548,280.52191162109375,280.52191162109375,129144,0.0,0.0
2002-06-19 00:00:00+09:00,280.52189658650013,285.531198483976,260.48460913144737,265.4939270019531,504667,0.0,0.0
2002-06-20 00:00:00+09:00,260.48460913144737,265.4939270019531,255.47529126094165,265.4939270019531,348147,0.0,0.0
2002-06-21 00:00:00+09:00,255.47533100833695,260.4846496582031,250.46601235847075,260.4846496582031,128517,0.0,0.0
2002-06-24 00:00:00+09:00,245.4566606075205,250.46597858185459,240.44732666015622,240.44732666015625,255259,0.0,0.0
2002-06-25 00:00:00+09:00,240.44732666015622,250.46597858185459,240.44732666015622,240.44732666015625,181178,0.0,0.0
2002-06-26 00:00:00+09:00,235.43796388530893,235.43796388530893,215.40069580078125,215.40069580078125,305726,0.0,0.0
2002-06-27 00:00:00+09:00,215.40070176115324,225.4193360806436,215.40070176115324,220.41001892089844,114621,0.0,0.0
2002-06-28 00:00:00+09:00,225.41936781034036,240.4473214048884,225.41936781034036,235.43800354003906,371343,0.0,0.0
2002-07-01 00:00:00+09:00,235.43800354003906,235.43800354003906,235.43800354003906,235.43800354003906,0,0.0,0.0
2002-07-02 00:00:00+09:00,225.4193477422411,235.4379825800245,225.4193477422411,230.4286651611328,164983,0.0,0.0
2002-07-03 00:00:00+09:00,235.43802757246522,245.45668029785156,230.4287091962878,245.45668029785156,216808,0.0,0.0
2002-07-04 00:00:00+09:00,255.4753063250602,265.4939426568212,245.45666999329916,250.4659881591797,606123,0.0,0.0
2002-07-05 00:00:00+09:00,255.47540283203125,260.4847228902047,245.4567627156843,255.47540283203125,413869,0.0,0.0
2002-07-08 00:00:00+09:00,270.5033470335148,270.5033470335148,255.47540283203125,255.47540283203125,367582,0.0,0.0
2002-07-09 00:00:00+09:00,255.47540283203125,260.4847228902047,250.46608277385778,255.47540283203125,291934,0.0,0.0
2002-07-10 00:00:00+09:00,260.4846496582031,265.4939683080693,250.46601235847075,260.4846496582031,520654,0.0,0.0
2002-07-11 00:00:00+09:00,255.4753063250602,260.4846244909407,250.4659881591797,250.4659881591797,692220,0.0,0.0
2002-07-12 00:00:00+09:00,250.46608277385778,260.4847228902047,250.46608277385778,255.47540283203125,295382,0.0,0.0
2002-07-15 00:00:00+09:00,255.4753063250602,260.4846244909407,250.4659881591797,250.4659881591797,442603,0.0,0.0
2002-07-16 00:00:00+09:00,250.46599867402898,255.47531705020643,240.44734594864263,245.45668029785156,367686,0.0,0.0
2002-07-17 00:00:00+09:00,245.45668029785156,245.45668029785156,245.45668029785156,245.45668029785156,0,0.0,0.0
2002-07-18 00:00:00+09:00,245.45668029785156,255.47531705020643,245.45668029785156,245.45668029785156,367791,0.0,0.0
2002-07-19 00:00:00+09:00,240.44732666015622,240.44732666015622,230.4286907114881,240.44732666015625,224122,0.0,0.0
2002-07-22 00:00:00+09:00,230.42865324038877,230.42865324038877,220.4100189208984,220.41001892089844,333206,0.0,0.0
2002-07-23 00:00:00+09:00,210.39139548556594,230.4286651611328,210.39139548556594,230.4286651611328,302905,0.0,0.0
2002-07-24 00:00:00+09:00,225.4193360806436,225.4193360806436,215.40070176115324,220.41001892089844,391300,0.0,0.0
2002-07-25 00:00:00+09:00,230.4286907114881,240.44732666015622,220.41005476281995,240.44732666015625,834321,0.0,0.0
2002-07-26 00:00:00+09:00,240.44731019365054,245.45664379796162,220.4100396685227,225.4193572998047,1134092,0.0,0.0
2002-07-29 00:00:00+09:00,225.4193360806436,235.43797040013396,220.4100189208984,220.41001892089844,387434,0.0,0.0
2002-07-30 00:00:00+09:00,230.42867493108662,235.43799256236858,225.41935729980466,225.4193572998047,467052,0.0,0.0
2002-07-31 00:00:00+09:00,220.4100396685227,225.41935729980466,220.4100396685227,225.4193572998047,330385,0.0,0.0
2002-08-01 00:00:00+09:00,220.4100189208984,230.42865324038877,215.40070176115324,220.41001892089844,213151,0.0,0.0
2002-08-02 00:00:00+09:00,215.40070176115324,220.4100189208984,215.40070176115324,220.41001892089844,197165,0.0,0.0
2002-08-05 00:00:00+09:00,220.4100189208984,225.4193360806436,215.40070176115324,220.41001892089844,289948,0.0,0.0
2002-08-06 00:00:00+09:00,215.40070176115324,235.43797040013396,215.40070176115324,220.41001892089844,776958,0.0,0.0
2002-08-07 00:00:00+09:00,230.42867493108662,230.42867493108662,220.4100396685227,225.4193572998047,382419,0.0,0.0
2002-08-08 00:00:00+09:00,225.4193360806436,230.42865324038877,220.4100189208984,220.41001892089844,72095,0.0,0.0
2002-08-09 00:00:00+09:00,225.41935729980466,230.42867493108662,220.4100396685227,225.4193572998047,464231,0.0,0.0
2002-08-12 00:00:00+09:00,225.41935729980466,230.42867493108662,220.4100396685227,225.4193572998047,194866,0.0,0.0
2002-08-13 00:00:00+09:00,230.4286651611328,235.4379825800245,225.4193477422411,230.4286651611328,310637,0.0,0.0
2002-08-14 00:00:00+09:00,225.4193477422411,230.4286651611328,220.41003032334936,230.4286651611328,277306,0.0,0.0
2002-08-15 00:00:00+09:00,230.4286651611328,230.4286651611328,230.4286651611328,230.4286651611328,0,0.0,0.0
2002-08-16 00:00:00+09:00,225.4193360806436,235.43797040013396,220.4100189208984,220.41001892089844,628379,0.0,0.0
2002-08-19 00:00:00+09:00,220.4100189208984,225.4193360806436,215.40070176115324,220.41001892089844,247318,0.0,0.0
2002-08-20 00:00:00+09:00,225.4193360806436,225.4193360806436,220.4100189208984,220.41001892089844,219629,0.0,0.0
2002-08-21 00:00:00+09:00,220.4100396685227,225.41935729980466,215.40072203724074,225.4193572998047,181910,0.0,0.0
2002-08-22 00:00:00+09:00,225.4193477422411,235.4379825800245,220.41003032334936,230.4286651611328,865144,0.0,0.0
2002-08-23 00:00:00+09:00,230.4286651611328,230.4286651611328,230.4286651611328,230.4286651611328,0,0.0,0.0
2002-08-26 00:00:00+09:00,220.4100396685227,225.41935729980466,220.4100396685227,225.4193572998047,285456,0.0,0.0
2002-08-27 00:00:00+09:00,225.4193360806436,225.4193360806436,220.4100189208984,220.41001892089844,192254,0.0,0.0
2002-08-28 00:00:00+09:00,220.41001282191317,220.41001282191317,215.40069580078125,215.40069580078125,216181,0.0,0.0
2002-08-29 00:00:00+09:00,215.40069580078125,220.41001282191317,215.40069580078125,215.40069580078125,100202,0.0,0.0
2002-08-30 00:00:00+09:00,215.40069580078125,220.41001282191317,215.40069580078125,215.40069580078125,137503,0.0,0.0
2002-09-02 00:00:00+09:00,220.41001282191317,220.41001282191317,210.39137877964933,215.40069580078125,214614,0.0,0.0
2002-09-03 00:00:00+09:00,210.39137877964933,220.41001282191317,210.39137877964933,215.40069580078125,187030,0.0,0.0
2002-09-04 00:00:00+09:00,210.3914031982422,215.400720800769,205.38208559571538,210.3914031982422,184208,0.0,0.0
2002-09-05 00:00:00+09:00,210.3914031982422,215.400720800769,205.38208559571538,210.3914031982422,315025,0.0,0.0
2002-09-06 00:00:00+09:00,205.3821212054312,210.39143967648738,200.37280273437497,200.372802734375,396106,0.0,0.0
2002-09-09 00:00:00+09:00,200.3727823160674,210.39141823726476,195.36346435546875,195.36346435546875,356611,0.0,0.0
2002-09-10 00:00:00+09:00,190.3541498192308,200.37280273437497,190.3541498192308,200.372802734375,237705,0.0,0.0
2002-09-11 00:00:00+09:00,200.37280273437497,205.3821212054312,195.36348426331878,200.372802734375,100829,0.0,0.0
2002-09-12 00:00:00+09:00,195.36348426331878,200.37280273437497,195.36348426331878,200.372802734375,96231,0.0,0.0
2002-09-13 00:00:00+09:00,200.3727823160674,200.3727823160674,195.36346435546875,195.36346435546875,187970,0.0,0.0
2002-09-16 00:00:00+09:00,195.36345979321,200.37277763682772,190.3541259765625,190.3541259765625,236869,0.0,0.0
2002-09-17 00:00:00+09:00,195.36346435546875,200.3727823160674,195.36346435546875,195.36346435546875,113889,0.0,0.0
2002-09-18 00:00:00+09:00,195.36346435546875,195.36346435546875,185.34481246124125,195.36346435546875,151609,0.0,0.0
2002-09-19 00:00:00+09:00,190.3541259765625,195.36345979321,185.3448081329448,190.3541259765625,120367,0.0,0.0
2002-09-20 00:00:00+09:00,190.3541259765625,190.3541259765625,190.3541259765625,190.3541259765625,0,0.0,0.0
2002-09-23 00:00:00+09:00,190.35413094378532,190.35413094378532,175.3261770207831,180.3354949951172,278455,0.0,0.0
2002-09-24 00:00:00+09:00,180.33550539706607,180.33550539706607,170.31686887051205,175.32618713378906,393076,0.0,0.0
2002-09-25 00:00:00+09:00,170.31686401367188,175.3261821341007,170.31686401367188,170.31686401367188,176999,0.0,0.0
2002-09-26 00:00:00+09:00,175.32618713378906,180.33550539706607,170.31686887051205,175.32618713378906,304681,0.0,0.0
2002-09-27 00:00:00+09:00,170.31686401367188,175.3261821341007,165.30754589324306,170.31686401367188,163102,0.0,0.0
2002-09-30 00:00:00+09:00,165.30752992649664,165.30752992649664,150.27957701673216,155.2888946533203,300502,0.0,0.0
2002-10-01 00:00:00+09:00,140.26094174355583,155.2888946533203,140.26094174355583,155.2888946533203,589510,0.0,0.0
2002-10-02 00:00:00+09:00,160.2982122899085,160.2982122899085,145.270259380144,155.2888946533203,622110,0.0,0.0
2002-10-03 00:00:00+09:00,155.2888946533203,155.2888946533203,155.2888946533203,155.2888946533203,0,0.0,0.0
2002-10-04 00:00:00+09:00,150.2795656714998,155.28888292991365,145.27024841308594,145.27024841308594,566314,0.0,0.0
2002-10-07 00:00:00+09:00,150.27959208850794,150.27959208850794,140.26095581054688,140.26095581054688,479591,0.0,0.0
2002-10-08 00:00:00+09:00,135.25162169853564,140.26095581054688,135.25162169853564,140.26095581054688,107202,0.0,0.0
2002-10-09 00:00:00+09:00,140.26095581054688,145.2702739495274,135.25162169853564,140.26095581054688,236556,0.0,0.0
2002-10-10 00:00:00+09:00,135.25162169853564,150.27959208850794,130.24231154607048,140.26095581054688,606019,0.0,0.0
2002-10-11 00:00:00+09:00,140.26095581054688,150.27959208850794,140.26095581054688,140.26095581054688,473113,0.0,0.0
2002-10-14 00:00:00+09:00,140.26093115467205,150.2795656714998,140.26093115467205,145.27024841308594,297262,0.0,0.0
2002-10-15 00:00:00+09:00,145.2702643495923,160.29821777343747,140.26094654164393,160.2982177734375,1443893,0.0,0.0
2002-10-16 00:00:00+09:00,165.30755615234375,170.3168745836543,155.2889192897226,165.30755615234375,476770,0.0,0.0
2002-10-17 00:00:00+09:00,165.30753558138588,165.30753558138588,155.2888999654891,160.2982177734375,446782,0.0,0.0
2002-10-18 00:00:00+09:00,160.29823772103316,170.3168745836543,160.29823772103316,165.30755615234375,599332,0.0,0.0
2002-10-21 00:00:00+09:00,160.2982122899085,165.30752992649664,150.27957701673216,155.2888946533203,266544,0.0,0.0
2002-10-22 00:00:00+09:00,155.2888946533203,160.2982122899085,150.27957701673216,155.2888946533203,435393,0.0,0.0
2002-10-23 00:00:00+09:00,150.27957701673216,155.2888946533203,145.270259380144,155.2888946533203,150982,0.0,0.0
2002-10-24 00:00:00+09:00,155.2888946533203,160.2982122899085,145.270259380144,155.2888946533203,292352,0.0,0.0
2002-10-25 00:00:00+09:00,150.27958679199222,155.28890475442225,145.27026882956216,150.2795867919922,188910,0.0,0.0
2002-10-28 00:00:00+09:00,155.2888999654891,160.29821777343747,150.27958215754072,160.2982177734375,198210,0.0,0.0
2002-10-29 00:00:00+09:00,155.28890475442225,160.2982227168523,150.27958679199222,150.2795867919922,176477,0.0,0.0
2002-10-30 00:00:00+09:00,150.27958679199222,155.28890475442225,145.27026882956216,150.2795867919922,162580,0.0,0.0
2002-10-31 00:00:00+09:00,155.28888292991365,155.28888292991365,145.27024841308594,145.27024841308594,147116,0.0,0.0
2002-11-01 00:00:00+09:00,145.27026882956216,150.27958679199222,145.27026882956216,150.2795867919922,80349,0.0,0.0
2002-11-04 00:00:00+09:00,155.2888946533203,155.2888946533203,150.27957701673216,155.2888946533203,168640,0.0,0.0
2002-11-05 00:00:00+09:00,155.28888292991365,155.28888292991365,145.27024841308594,145.27024841308594,110337,0.0,0.0
2002-11-06 00:00:00+09:00,150.27958679199222,155.28890475442225,145.27026882956216,150.2795867919922,207509,0.0,0.0
2002-11-07 00:00:00+09:00,150.27958679199222,150.27958679199222,145.27026882956216,150.2795867919922,42421,0.0,0.0
2002-11-08 00:00:00+09:00,145.27026882956216,150.27958679199222,145.27026882956216,150.2795867919922,79304,0.0,0.0
2002-11-11 00:00:00+09:00,145.27024841308594,150.2795656714998,140.26093115467205,145.27024841308594,169580,0.0,0.0
2002-11-12 00:00:00+09:00,140.26093115467205,145.27024841308594,140.26093115467205,145.27024841308594,23300,0.0,0.0
2002-11-13 00:00:00+09:00,145.27024841308594,145.27024841308594,140.26093115467205,145.27024841308594,103650,0.0,0.0
2002-11-14 00:00:00+09:00,135.25162169853564,145.2702739495274,135.25162169853564,140.26095581054688,125592,0.0,0.0
2002-11-15 00:00:00+09:00,140.26095581054688,145.2702739495274,140.26095581054688,140.26095581054688,119741,0.0,0.0
2002-11-18 00:00:00+09:00,140.26095581054688,145.2702739495274,135.25162169853564,140.26095581054688,81394,0.0,0.0
2002-11-19 00:00:00+09:00,135.25161743164062,140.26095138561826,135.25161743164062,135.25161743164062,47123,0.0,0.0
2002-11-20 00:00:00+09:00,135.25162169853564,140.26095581054688,130.24231154607048,140.26095581054688,146385,0.0,0.0
2002-11-21 00:00:00+09:00,140.26095138561826,145.27026936656569,135.25161743164062,135.25161743164062,180343,0.0,0.0
2002-11-22 00:00:00+09:00,140.26095138561826,140.26095138561826,135.25161743164062,135.25161743164062,184731,0.0,0.0
2002-11-25 00:00:00+09:00,135.25162169853564,140.26095581054688,135.25162169853564,140.26095581054688,346266,0.0,0.0
2002-11-26 00:00:00+09:00,135.25161743164062,140.26095138561826,130.24230743720832,135.25161743164062,312099,0.0,0.0
2002-11-27 00:00:00+09:00,135.25161743164062,140.26095138561826,130.24230743720832,135.25161743164062,502264,0.0,0.0
2002-11-28 00:00:00+09:00,140.26093115467205,145.27024841308594,135.25159792323026,145.27024841308594,746239,0.0,0.0
2002-11-29 00:00:00+09:00,145.2702739495274,145.2702739495274,135.25162169853564,140.26095581054688,229033,0.0,0.0
2002-12-02 00:00:00+09:00,140.26095581054688,140.26095581054688,140.26095581054688,140.26095581054688,0,0.0,0.0
2002-12-03 00:00:00+09:00,145.270259380144,155.2888946533203,140.26094174355583,155.2888946533203,737253,0.0,0.0
2002-12-04 00:00:00+09:00,150.2795656714998,150.2795656714998,140.26093115467205,145.27024841308594,489099,0.0,0.0
2002-12-05 00:00:00+09:00,145.27024841308594,150.2795656714998,140.26093115467205,145.27024841308594,353894,0.0,0.0
2002-12-06 00:00:00+09:00,145.2702643495923,160.29821777343747,145.2702643495923,160.2982177734375,2108216,0.0,0.0
2002-12-09 00:00:00+09:00,165.30755060723502,175.32618713378906,165.30755060723502,175.32618713378906,2075407,0.0,0.0
2002-12-10 00:00:00+09:00,175.3261821341007,175.3261821341007,160.29822777281424,170.31686401367188,1933933,0.0,0.0
2002-12-11 00:00:00+09:00,165.30752992649664,170.3168475630848,155.2888946533203,155.2888946533203,1707825,0.0,0.0
2002-12-12 00:00:00+09:00,150.27957701673216,165.30752992649664,150.27957701673216,155.2888946533203,1299389,0.0,0.0
2002-12-13 00:00:00+09:00,155.2888946533203,165.30752992649664,155.2888946533203,155.2888946533203,682921,0.0,0.0
2002-12-16 00:00:00+09:00,150.27957701673216,155.2888946533203,145.270259380144,155.2888946533203,949151,0.0,0.0
2002-12-17 00:00:00+09:00,155.2888946533203,165.30752992649664,155.2888946533203,155.2888946533203,828888,0.0,0.0
2002-12-18 00:00:00+09:00,155.2888946533203,165.30752992649664,150.27957701673216,155.2888946533203,837142,0.0,0.0
2002-12-19 00:00:00+09:00,155.2888946533203,155.2888946533203,155.2888946533203,155.2888946533203,0,0.0,0.0
2002-12-20 00:00:00+09:00,160.2982227168523,160.2982227168523,145.27026882956216,150.2795867919922,783645,0.0,0.0
2002-12-23 00:00:00+09:00,145.2702739495274,155.28891022748846,140.26095581054688,140.26095581054688,585749,0.0,0.0
2002-12-24 00:00:00+09:00,140.26095138561826,145.27026936656569,135.25161743164062,135.25161743164062,670591,0.0,0.0
2002-12-25 00:00:00+09:00,135.25161743164062,135.25161743164062,135.25161743164062,135.25161743164062,0,0.0,0.0
2002-12-26 00:00:00+09:00,130.24232482910156,140.2609701153501,130.24232482910156,130.24232482910156,382732,0.0,0.0
2002-12-27 00:00:00+09:00,130.24232482910156,135.25163549245156,125.23300617923537,130.24232482910156,194866,0.0,0.0
2002-12-30 00:00:00+09:00,125.23299407958984,130.24231224547034,120.22366792719392,125.23299407958984,367791,0.0,0.0
2002-12-31 00:00:00+09:00,125.23299407958984,125.23299407958984,125.23299407958984,125.23299407958984,0,0.0,0.0
2003-01-01 00:00:00+09:00,125.23299407958984,125.23299407958984,125.23299407958984,125.23299407958984,0,0.0,0.0
2003-01-02 00:00:00+09:00,125.23299340708995,140.26095581054688,125.23299340708995,140.26095581054688,888863,0.0,0.0
2003-01-03 00:00:00+09:00,140.26095581054688,145.2702739495274,135.25162169853564,140.26095581054688,735791,0.0,0.0
2003-01-06 00:00:00+09:00,140.26095581054688,145.2702739495274,135.25162169853564,140.26095581054688,363089,0.0,0.0
2003-01-07 00:00:00+09:00,140.26095138561826,145.27026936656569,135.25161743164062,135.25161743164062,206882,0.0,0.0
2003-01-08 00:00:00+09:00,135.25162169853564,140.26095581054688,130.24231154607048,140.26095581054688,238123,0.0,0.0
2003-01-09 00:00:00+09:00,130.24232482910156,140.2609701153501,130.24232482910156,130.24232482910156,180551,0.0,0.0
2003-01-10 00:00:00+09:00,135.25161743164062,140.26095138561826,130.24230743720832,135.25161743164062,348670,0.0,0.0
2003-01-13 00:00:00+09:00,130.24230743720832,140.26095138561826,130.24230743720832,135.25161743164062,325474,0.0,0.0
2003-01-14 00:00:00+09:00,135.25163549245156,140.2609701153501,130.24232482910156,130.24232482910156,270201,0.0,0.0
2003-01-15 00:00:00+09:00,130.24230743720832,140.26095138561826,130.24230743720832,135.25161743164062,323279,0.0,0.0
2003-01-16 00:00:00+09:00,130.24230743720832,140.26095138561826,130.24230743720832,135.25161743164062,158087,0.0,0.0
2003-01-17 00:00:00+09:00,135.25161743164062,140.26095138561826,130.24230743720832,135.25161743164062,176999,0.0,0.0
2003-01-20 00:00:00+09:00,135.25162169853564,140.26095581054688,135.25162169853564,140.26095581054688,307189,0.0,0.0
2003-01-21 00:00:00+09:00,140.26094174355583,155.2888946533203,140.26094174355583,155.2888946533203,2421465,0.0,0.0
2003-01-22 00:00:00+09:00,155.28888292991365,165.3075174467414,140.26093115467205,145.27024841308594,1732170,0.0,0.0
2003-01-23 00:00:00+09:00,145.27026936656569,145.27026936656569,130.24230743720832,135.25161743164062,584599,0.0,0.0
2003-01-24 00:00:00+09:00,135.25161725308033,140.2609512004446,120.22366333007811,120.22366333007812,976631,0.0,0.0
2003-01-27 00:00:00+09:00,115.2143325805664,120.22364999945812,110.20501516167468,115.2143325805664,448140,0.0,0.0
2003-01-28 00:00:00+09:00,115.21434535574404,125.23298929092729,115.21434535574404,120.22366333007812,192985,0.0,0.0
2003-01-29 00:00:00+09:00,120.22364999945812,125.23297540486405,115.2143325805664,115.2143325805664,284306,0.0,0.0
2003-01-30 00:00:00+09:00,115.2143325805664,120.22364999945812,115.2143325805664,115.2143325805664,112740,0.0,0.0
2003-01-31 00:00:00+09:00,115.2143325805664,115.2143325805664,115.2143325805664,115.2143325805664,0,0.0,0.0
2003-02-03 00:00:00+09:00,115.2143497613134,125.23299407958984,115.2143497613134,125.23299407958984,359223,0.0,0.0
2003-02-04 00:00:00+09:00,125.23299407958984,125.23299407958984,120.22366792719392,125.23299407958984,481158,0.0,0.0
2003-02-05 00:00:00+09:00,125.23299407958984,125.23299407958984,120.22366792719392,125.23299407958984,230496,0.0,0.0
2003-02-06 00:00:00+09:00,120.22366792719392,130.24231224547034,120.22366792719392,125.23299407958984,261842,0.0,0.0
2003-02-07 00:00:00+09:00,120.22366333007811,125.23298929092729,115.21434535574404,120.22366333007812,310428,0.0,0.0
2003-02-10 00:00:00+09:00,115.2143325805664,125.23297540486405,115.2143325805664,115.2143325805664,606123,0.0,0.0
2003-02-11 00:00:00+09:00,120.22366333007811,120.22366333007811,110.20502738140998,120.22366333007812,392972,0.0,0.0
2003-02-12 00:00:00+09:00,115.2143325805664,120.22364999945812,110.20501516167468,115.2143325805664,190478,0.0,0.0
2003-02-13 00:00:00+09:00,110.2050094604492,115.21432662019438,110.2050094604492,110.20500946044922,332683,0.0,0.0
2003-02-14 00:00:00+09:00,110.20502738140998,120.22366333007811,105.1957094070759,120.22366333007812,456917,0.0,0.0
2003-02-17 00:00:00+09:00,120.22366333007811,125.23298929092729,115.21434535574404,120.22366333007812,418675,0.0,0.0
2003-02-18 00:00:00+09:00,120.22366333007811,125.23298929092729,115.21434535574404,120.22366333007812,306248,0.0,0.0
2003-02-19 00:00:00+09:00,120.22366333007811,125.23298929092729,115.21434535574404,120.22366333007812,376776,0.0,0.0
2003-02-20 00:00:00+09:00,115.2143325805664,120.22364999945812,110.20501516167468,115.2143325805664,497876,0.0,0.0
2003-02-21 00:00:00+09:00,115.21434535574404,120.22366333007811,110.20502738140998,120.22366333007812,195702,0.0,0.0
2003-02-24 00:00:00+09:00,115.2143325805664,120.22364999945812,115.2143325805664,115.2143325805664,187239,0.0,0.0
2003-02-25 00:00:00+09:00,115.2143325805664,115.2143325805664,110.20501516167468,115.2143325805664,89335,0.0,0.0
2003-02-26 00:00:00+09:00,115.2143325805664,115.2143325805664,110.20501516167468,115.2143325805664,105948,0.0,0.0
2003-02-27 00:00:00+09:00,110.20501516167468,115.2143325805664,110.20501516167468,115.2143325805664,119218,0.0,0.0
2003-02-28 00:00:00+09:00,110.2050094604492,115.21432662019438,110.2050094604492,110.20500946044922,178044,0.0,0.0
2003-03-03 00:00:00+09:00,110.20501516167468,115.2143325805664,105.19569774278297,115.2143325805664,75647,0.0,0.0
2003-03-04 00:00:00+09:00,115.21432662019438,115.21432662019438,105.19569230070402,110.20500946044922,70841,0.0,0.0
2003-03-05 00:00:00+09:00,110.2050192016479,110.2050192016479,100.18638399659429,105.1957015991211,266021,0.0,0.0
2003-03-06 00:00:00+09:00,105.1957015991211,105.1957015991211,95.17705840755296,105.1957015991211,226525,0.0,0.0
2003-03-07 00:00:00+09:00,100.18638881841386,100.18638881841386,95.17706298828125,95.17706298828125,132383,0.0,0.0
2003-03-10 00:00:00+09:00,95.1770749096154,105.19571983824369,95.1770749096154,100.1864013671875,179925,0.0,0.0
2003-03-11 00:00:00+09:00,95.17706547189266,95.17706547189266,90.16774749755858,90.1677474975586,248154,0.0,0.0
2003-03-12 00:00:00+09:00,90.16775643855921,100.18640136718749,90.16775643855921,100.1864013671875,201240,0.0,0.0
2003-03-13 00:00:00+09:00,95.17706298828125,100.18638881841386,90.16774514466354,95.17706298828125,117128,0.0,0.0
2003-03-14 00:00:00+09:00,95.1770749096154,105.19571983824369,95.1770749096154,100.1864013671875,261528,0.0,0.0
2003-03-17 00:00:00+09:00,100.18638881841386,100.18638881841386,90.16774514466354,95.17706298828125,321712,0.0,0.0
2003-03-18 00:00:00+09:00,95.17706298828125,100.18638881841386,90.16774514466354,95.17706298828125,255468,0.0,0.0
2003-03-19 00:00:00+09:00,90.16774749755858,95.17706547189266,90.16774749755858,90.1677474975586,47123,0.0,0.0
2003-03-20 00:00:00+09:00,95.1770749096154,100.18640136718749,95.1770749096154,100.1864013671875,460888,0.0,0.0
2003-03-21 00:00:00+09:00,105.19571983824369,105.19571983824369,90.16775643855921,100.1864013671875,406450,0.0,0.0
2003-03-24 00:00:00+09:00,100.18640136718749,100.18640136718749,95.1770749096154,100.1864013671875,387747,0.0,0.0
2003-03-25 00:00:00+09:00,95.17706298828125,100.18638881841386,90.16774514466354,95.17706298828125,185044,0.0,0.0
2003-03-26 00:00:00+09:00,95.1770749096154,100.18640136718749,95.1770749096154,100.1864013671875,249617,0.0,0.0
2003-03-27 00:00:00+09:00,95.17706298828125,100.18638881841386,95.17706298828125,95.17706298828125,161013,0.0,0.0
2003-03-28 00:00:00+09:00,95.1770749096154,100.18640136718749,95.1770749096154,100.1864013671875,162475,0.0,0.0
2003-03-31 00:00:00+09:00,100.18640136718749,105.19571983824369,95.1770749096154,100.1864013671875,136876,0.0,0.0
2003-04-01 00:00:00+09:00,95.1770749096154,100.18640136718749,95.1770749096154,100.1864013671875,56631,0.0,0.0
2003-04-02 00:00:00+09:00,95.1770749096154,105.19571983824369,95.1770749096154,100.1864013671875,315756,0.0,0.0
2003-04-03 00:00:00+09:00,105.1957015991211,110.2050192016479,100.18638399659429,105.1957015991211,363716,0.0,0.0
2003-04-04 00:00:00+09:00,100.18638399659429,105.1957015991211,95.17705840755296,105.1957015991211,290889,0.0,0.0
2003-04-07 00:00:00+09:00,105.19569230070402,115.21432662019438,100.18637514095884,110.20500946044922,1043607,0.0,0.0
2003-04-08 00:00:00+09:00,110.2050094604492,110.2050094604492,100.18637514095884,110.20500946044922,301233,0.0,0.0
2003-04-09 00:00:00+09:00,105.19569230070402,115.21432662019438,105.19569230070402,110.20500946044922,413660,0.0,0.0
2003-04-10 00:00:00+09:00,110.20502738140998,120.22366333007811,105.1957094070759,120.22366333007812,833172,0.0,0.0
2003-04-11 00:00:00+09:00,120.22364377993958,125.23296892619855,110.2050094604492,110.20500946044922,696399,0.0,0.0
2003-04-14 00:00:00+09:00,110.2050094604492,115.21432662019438,105.19569230070402,110.20500946044922,332265,0.0,0.0
2003-04-15 00:00:00+09:00,115.2143325805664,115.2143325805664,110.20501516167468,115.2143325805664,416690,0.0,0.0
2003-04-16 00:00:00+09:00,110.20502738140998,125.23298929092729,110.20502738140998,120.22366333007812,904849,0.0,0.0
2003-04-17 00:00:00+09:00,120.22367954285302,130.24232482910156,120.22367954285302,130.24232482910156,2928745,0.0,0.0
2003-04-18 00:00:00+09:00,130.24228865133037,145.27024841308594,130.24228865133037,145.27024841308594,3043157,0.0,0.0
2003-04-21 00:00:00+09:00,150.2795656714998,155.28888292991365,135.25159792323026,145.27024841308594,2276125,0.0,0.0
2003-04-22 00:00:00+09:00,140.2609701153501,145.27028876521626,130.24232482910156,130.24232482910156,2192849,0.0,0.0
2003-04-23 00:00:00+09:00,130.24228865133037,145.27024841308594,130.24228865133037,145.27024841308594,3179616,0.0,0.0
2003-04-24 00:00:00+09:00,145.27028876521626,150.27960741508247,130.24232482910156,130.24232482910156,2111664,0.0,0.0
2003-04-25 00:00:00+09:00,125.23298929092729,130.24230726526136,115.21434535574404,120.22366333007812,955107,0.0,0.0
2003-04-28 00:00:00+09:00,115.2143325805664,125.23297540486405,110.20501516167468,115.2143325805664,841531,0.0,0.0
2003-04-29 00:00:00+09:00,120.22366792719392,125.23299407958984,120.22366792719392,125.23299407958984,691593,0.0,0.0
2003-04-30 00:00:00+09:00,130.24230726526136,135.25161725308033,120.22366333007811,120.22366333007812,1122180,0.0,0.0
2003-05-01 00:00:00+09:00,120.22366333007811,120.22366333007811,120.22366333007811,120.22366333007812,0,0.0,0.0
2003-05-02 00:00:00+09:00,120.22366792719392,125.23299407958984,120.22366792719392,125.23299407958984,382210,0.0,0.0
2003-05-05 00:00:00+09:00,125.23299407958984,125.23299407958984,125.23299407958984,125.23299407958984,0,0.0,0.0
2003-05-06 00:00:00+09:00,125.23300617923537,135.25163549245156,125.23300617923537,130.24232482910156,749896,0.0,0.0
2003-05-07 00:00:00+09:00,130.24232482910156,140.2609701153501,125.23300617923537,130.24232482910156,910909,0.0,0.0
2003-05-08 00:00:00+09:00,130.24232482910156,130.24232482910156,130.24232482910156,130.24232482910156,0,0.0,0.0
2003-05-09 00:00:00+09:00,130.24230743720832,140.26095138561826,130.24230743720832,135.25161743164062,894818,0.0,0.0
2003-05-12 00:00:00+09:00,135.25161743164062,145.27026936656569,135.25161743164062,135.25161743164062,1077983,0.0,0.0
2003-05-13 00:00:00+09:00,140.2609701153501,140.2609701153501,130.24232482910156,130.24232482910156,778734,0.0,0.0
2003-05-14 00:00:00+09:00,130.24231224547034,135.25162242483546,125.23299407958984,125.23299407958984,415436,0.0,0.0
2003-05-15 00:00:00+09:00,130.24232482910156,135.25163549245156,125.23300617923537,130.24232482910156,405301,0.0,0.0
2003-05-16 00:00:00+09:00,130.24232482910156,135.25163549245156,125.23300617923537,130.24232482910156,444274,0.0,0.0
2003-05-19 00:00:00+09:00,125.23298945626091,135.25161743164062,125.23298945626091,135.25161743164062,820633,0.0,0.0
2003-05-20 00:00:00+09:00,125.23299340708995,140.26095581054688,125.23299340708995,140.26095581054688,561090,0.0,0.0
2003-05-21 00:00:00+09:00,140.26094174355583,155.2888946533203,140.26094174355583,155.2888946533203,1410666,0.0,0.0
2003-05-22 00:00:00+09:00,170.31686401367188,170.31686401367188,165.30754589324306,170.31686401367188,1748783,0.0,0.0
2003-05-23 00:00:00+09:00,190.3541259765625,190.3541259765625,190.3541259765625,190.3541259765625,368104,0.0,0.0
2003-05-26 00:00:00+09:00,210.3914031982422,210.3914031982422,210.3914031982422,210.3914031982422,738403,0.0,0.0
2003-05-27 00:00:00+09:00,235.43800354003906,235.43800354003906,195.36346062124423,235.43800354003906,6803298,0.0,0.0
2003-05-28 00:00:00+09:00,245.4566423889589,245.4566423889589,210.3914031982422,210.3914031982422,3187661,0.0,0.0
2003-05-29 00:00:00+09:00,200.37277848609358,235.43800354003906,185.34480891851567,235.43800354003906,6400087,0.0,0.0
2003-05-30 00:00:00+09:00,260.4846496582031,260.4846496582031,250.46601235847075,260.4846496582031,1945008,0.0,0.0
2003-06-02 00:00:00+09:00,290.5404968261719,290.5404968261719,290.5404968261719,290.5404968261719,537789,0.0,0.0
2003-06-03 00:00:00+09:00,320.596424579817,320.596424579817,295.54982042384705,310.5777893066406,10127106,0.0,0.0
2003-06-04 00:00:00+09:00,285.5312409922967,300.55921281412554,275.5126037597656,275.5126037597656,3526614,0.0,0.0
2003-06-05 00:00:00+09:00,275.51268306472514,295.549963297419,250.46608277385778,255.47540283203125,8205293,0.0,0.0
2003-06-06 00:00:00+09:00,255.47540283203125,255.47540283203125,255.47540283203125,255.47540283203125,0,0.0,0.0
2003-06-09 00:00:00+09:00,250.46596504031953,285.53118896484375,245.45664733681608,285.53118896484375,5487923,0.0,0.0
2003-06-10 00:00:00+09:00,280.52191162109375,310.5778204549769,270.5032433970713,280.52191162109375,5478415,0.0,0.0
2003-06-11 00:00:00+09:00,290.5405478990548,290.5405478990548,265.4939412311215,280.52191162109375,2623854,0.0,0.0
2003-06-12 00:00:00+09:00,285.5312409922967,285.5312409922967,270.50326917046783,275.5126037597656,2169967,0.0,0.0
2003-06-13 00:00:00+09:00,265.4939683080693,280.5219402307002,255.47533100833695,260.4846496582031,2703055,0.0,0.0
2003-06-16 00:00:00+09:00,260.48460913144737,270.50322889942896,255.47529126094165,265.4939270019531,1469492,0.0,0.0
2003-06-17 00:00:00+09:00,275.5125688172589,290.54053873313137,270.50323486328125,270.50323486328125,3419725,0.0,0.0
2003-06-18 00:00:00+09:00,270.50326917046783,280.5219383490634,260.48464791096904,275.5126037597656,1267625,0.0,0.0
2003-06-19 00:00:00+09:00,280.52191162109375,290.5405478990548,270.5032433970713,280.52191162109375,2158369,0.0,0.0
2003-06-20 00:00:00+09:00,270.5032162678771,310.5777893066406,270.5032162678771,310.5777893066406,4465108,0.0,0.0
2003-06-23 00:00:00+09:00,310.5777534412986,335.6243547049013,290.5404852088383,305.56842041015625,7958183,0.0,0.0
2003-06-24 00:00:00+09:00,295.5498500650046,305.5684863429657,270.5032433970713,280.52191162109375,2173206,0.0,0.0
2003-06-25 00:00:00+09:00,280.5219017342642,305.5684755733843,280.5219017342642,300.5591735839844,3117656,0.0,0.0
2003-06-26 00:00:00+09:00,290.5405332909906,310.5778048394603,290.5405332909906,295.5498352050781,1969145,0.0,0.0
2003-06-27 00:00:00+09:00,295.54982437185066,305.5684597788576,285.53118896484375,285.53118896484375,1123330,0.0,0.0
2003-06-30 00:00:00+09:00,280.5219383490634,290.54057558159445,270.50326917046783,275.5126037597656,1675957,0.0,0.0
2003-07-01 00:00:00+09:00,270.50326917046783,285.5312409922967,270.50326917046783,275.5126037597656,1007872,0.0,0.0
2003-07-02 00:00:00+09:00,280.52185109260813,305.56842041015625,280.52185109260813,305.56842041015625,2936163,0.0,0.0
2003-07-03 00:00:00+09:00,320.59643554687494,340.6337067786685,305.5684661500001,320.596435546875,4532502,0.0,0.0
2003-07-04 00:00:00+09:00,320.5964409132865,355.6616821289062,310.57780512968935,355.66168212890625,3647609,0.0,0.0
2003-07-07 00:00:00+09:00,390.72696464162703,395.7362670898438,375.6989934048502,395.73626708984375,845083,0.0,0.0
2003-07-08 00:00:00+09:00,430.80151629508714,440.8201532371995,395.736271024662,400.74560546875,4446405,0.0,0.0
2003-07-09 00:00:00+09:00,415.7734297023119,440.82003109046695,400.7454944262626,435.81072998046875,2982973,0.0,0.0
2003-07-10 00:00:00+09:00,440.8201637277169,475.8854098326151,410.76425218611735,445.8294982910156,4290617,0.0,0.0
2003-07-11 00:00:00+09:00,430.80151629508714,435.8108507391751,400.74560546874994,400.74560546875,2981510,0.0,0.0
2003-07-14 00:00:00+09:00,395.7362167274227,410.764186051701,370.6896118356453,405.7548522949219,2660111,0.0,0.0
2003-07-15 00:00:00+09:00,410.76417354935364,450.8387145996093,405.7548399450426,450.8387145996094,5327850,0.0,0.0
2003-07-16 00:00:00+09:00,460.85729942256916,495.92253497677535,435.81072998046875,435.81072998046875,7888387,0.0,0.0
2003-07-17 00:00:00+09:00,435.81072998046875,435.81072998046875,435.81072998046875,435.81072998046875,0,0.0,0.0
2003-07-18 00:00:00+09:00,425.7921104701704,470.87598512473716,420.78280881191756,450.8387145996094,5362331,0.0,0.0
2003-07-21 00:00:00+09:00,465.8666324786221,483.39923428269776,420.78276275836475,435.81072998046875,3381901,0.0,0.0
2003-07-22 00:00:00+09:00,425.7920227050781,443.32465476024794,388.222156200953,425.7920227050781,5466085,0.0,0.0
2003-07-23 00:00:00+09:00,435.8107245957216,448.33399318901064,420.78275755929866,430.8013916015625,4678365,0.0,0.0
2003-07-24 00:00:00+09:00,420.7828554548557,433.3061589077583,395.7362485490505,408.2595520019531,2025672,0.0,0.0
2003-07-25 00:00:00+09:00,395.7361978389576,418.27813477642013,390.7268962673313,415.7734680175781,1785040,0.0,0.0
2003-07-28 00:00:00+09:00,425.7921031068884,425.7921031068884,408.25949968710984,415.7734680175781,1390918,0.0,0.0
2003-07-29 00:00:00+09:00,410.76416644595184,435.81077014225633,410.76416644595184,415.7734680175781,2112186,0.0,0.0
2003-07-30 00:00:00+09:00,415.77345643133464,460.85732904991994,403.25015493216574,433.30609130859375,3347316,0.0,0.0
2003-07-31 00:00:00+09:00,438.3153712754104,450.8386721612872,428.2967369559201,440.8200378417969,2432227,0.0,0.0
2003-08-01 00:00:00+09:00,438.3154611212823,440.82012820107514,408.2595520019531,408.2595520019531,1773233,0.0,0.0
2003-08-04 00:00:00+09:00,403.2502119541442,405.7548789973642,363.17566704687016,370.68963623046875,2096304,0.0,0.0
2003-08-05 00:00:00+09:00,365.6803002297167,385.7175708279913,363.17563341841776,368.1849670410156,1255609,0.0,0.0
2003-08-06 00:00:00+09:00,343.1382646267553,378.2034941124028,343.1382646267553,358.1662292480469,1831014,0.0,0.0
2003-08-07 00:00:00+09:00,358.1663904782564,400.74560546874994,358.1663904782564,400.74560546875,2356788,0.0,0.0
2003-08-08 00:00:00+09:00,445.8294982910156,448.33413362660065,423.28755664829987,445.8294982910156,6845093,0.0,0.0
2003-08-11 00:00:00+09:00,438.31544003656103,465.86671269683296,425.7921371860793,448.3340759277344,6240536,0.0,0.0
2003-08-12 00:00:00+09:00,460.8573076547468,498.4272104080811,448.3340067369687,468.3713073730469,7608468,0.0,0.0
2003-08-13 00:00:00+09:00,470.87594199975825,490.91324263583635,460.8573076547468,468.3713073730469,2957061,0.0,0.0
2003-08-14 00:00:00+09:00,478.3900566687438,495.9226629988491,473.38072231953487,490.9133605957031,2978062,0.0,0.0
2003-08-15 00:00:00+09:00,490.9133605957031,490.9133605957031,490.9133605957031,490.9133605957031,0,0.0,0.0
2003-08-18 00:00:00+09:00,503.4366536553171,548.5205688476562,503.4366536553171,548.5205688476562,4983673,0.0,0.0
2003-08-19 00:00:00+09:00,586.0903150671685,613.6416183420403,551.0251071156737,571.0623779296875,11427540,0.0,0.0
2003-08-20 00:00:00+09:00,576.0717572654414,586.0903615204603,535.9972124611211,556.0344848632812,4266271,0.0,0.0
2003-08-21 00:00:00+09:00,576.0717039109587,621.1555786132812,571.0623703013414,621.1555786132812,8474345,0.0,0.0
2003-08-22 00:00:00+09:00,601.1183819566799,668.7441703766989,601.1183819566799,636.18359375,6800895,0.0,0.0
2003-08-25 00:00:00+09:00,646.2022475778872,676.2581244657089,561.0438232421875,561.0438232421875,7737613,0.0,0.0
2003-08-26 00:00:00+09:00,510.9508056640625,546.01603009824,495.9228295165052,510.9508056640625,13669498,0.0,0.0
2003-08-27 00:00:00+09:00,523.4739208513031,566.0531016921688,455.8481010322787,473.3807067871094,21433024,0.0,0.0
2003-08-28 00:00:00+09:00,480.8946203873011,493.41792245202055,430.8014440744815,450.8387145996094,8992596,0.0,0.0
2003-08-29 00:00:00+09:00,458.3526962804993,465.8666969036957,438.315425177427,463.3620300292969,7299189,0.0,0.0
2003-09-01 00:00:00+09:00,458.3526962804993,475.88533245523183,455.84806135215956,463.3620300292969,6452643,0.0,0.0
2003-09-02 00:00:00+09:00,465.86669018308555,468.37135702135197,420.7828148785251,428.2967834472656,5726151,0.0,0.0
2003-09-03 00:00:00+09:00,430.80143002805596,438.3153982434689,408.25949343576,410.76416015625,4358324,0.0,0.0
2003-09-04 00:00:00+09:00,408.2595950224004,428.2968698800522,390.7269875084713,423.2875671386719,5798247,0.0,0.0
2003-09-05 00:00:00+09:00,415.7735548033518,460.8574380887832,410.76425218611735,445.8294982910156,8536723,0.0,0.0
2003-09-08 00:00:00+09:00,438.3154394815859,453.3434092723483,413.26886575839535,418.2781677246094,2958732,0.0,0.0
2003-09-09 00:00:00+09:00,420.78275755929866,430.8013916015625,413.26879001411436,430.8013916015625,3118596,0.0,0.0
2003-09-10 00:00:00+09:00,430.8013916015625,430.8013916015625,430.8013916015625,430.8013916015625,0,0.0,0.0
2003-09-11 00:00:00+09:00,430.8013916015625,430.8013916015625,430.8013916015625,430.8013916015625,0,0.0,0.0
2003-09-12 00:00:00+09:00,430.8013916015625,430.8013916015625,430.8013916015625,430.8013916015625,0,0.0,0.0
2003-09-15 00:00:00+09:00,425.7921104701704,453.3433814017649,425.7921104701704,450.8387145996094,2365147,0.0,0.0
2003-09-16 00:00:00+09:00,453.3433511549383,485.9039215723617,450.8386845198928,478.38995361328125,6621388,0.0,0.0
2003-09-17 00:00:00+09:00,480.89457634476963,483.39924291753636,460.8573076547468,468.3713073730469,2959255,0.0,0.0
2003-09-18 00:00:00+09:00,468.3713823440226,483.3993202939946,455.8480794216723,480.8946533203125,2910773,0.0,0.0
2003-09-19 00:00:00+09:00,485.9039872676767,505.94125916501304,473.3806843453265,480.8946533203125,6380339,0.0,0.0
2003-09-22 00:00:00+09:00,480.8946898129696,483.3993569767182,440.82014297724305,455.8481140136719,4334187,0.0,0.0
2003-09-23 00:00:00+09:00,450.8386845198928,478.38995361328125,435.81074860173186,478.38995361328125,4552668,0.0,0.0
2003-09-24 00:00:00+09:00,483.39935907188976,520.9692708527677,473.38072231953487,490.9133605957031,9082245,0.0,0.0
2003-09-25 00:00:00+09:00,480.89461908302354,505.9412231445313,475.8853174383568,505.94122314453125,5029751,0.0,0.0
2003-09-26 00:00:00+09:00,500.93188674772847,513.4551879096787,475.88528442382807,475.8852844238281,3224754,0.0,0.0
2003-09-29 00:00:00+09:00,470.87595118062563,480.8945857209746,455.8480153431301,475.8852844238281,2319486,0.0,0.0
2003-09-30 00:00:00+09:00,483.399266463977,505.9412028247872,480.8945997692077,488.4085998535156,4721413,0.0,0.0
2003-10-01 00:00:00+09:00,480.89461077516245,498.42724609375006,475.8853092170357,498.42724609375,1880749,0.0,0.0
2003-10-02 00:00:00+09:00,505.94132739377534,533.4926039275879,498.4273574054923,520.9692993164062,4760700,0.0,0.0
2003-10-03 00:00:00+09:00,520.9692993164062,520.9692993164062,520.9692993164062,520.9692993164062,0,0.0,0.0
2003-10-06 00:00:00+09:00,523.4739666278555,535.9972712390371,510.9506620166739,520.9692993164062,2922998,0.0,0.0
2003-10-07 00:00:00+09:00,525.9785511747311,525.9785511747311,498.42730924890367,500.9319763183594,2083034,0.0,0.0
2003-10-08 00:00:00+09:00,500.93196986151406,510.9506060641382,493.41796875,493.41796875,1416100,0.0,0.0
2003-10-09 00:00:00+09:00,490.91331103986033,546.0157916423935,490.91331103986033,530.9878540039062,4085615,0.0,0.0
2003-10-10 00:00:00+09:00,538.5018771426599,543.5112114914947,523.4739379882812,523.4739379882812,2033090,0.0,0.0
2003-10-13 00:00:00+09:00,523.4738283702898,586.0902709960938,523.4738283702898,586.0902709960938,8480614,0.0,0.0
2003-10-14 00:00:00+09:00,596.1089294545574,646.2021339847519,538.501757023256,581.0809936523438,11237689,0.0,0.0
2003-10-15 00:00:00+09:00,591.0997135059459,636.18359375,571.0624404966023,636.18359375,6713963,0.0,0.0
2003-10-16 00:00:00+09:00,643.6974407676412,676.258011204198,628.6695048406494,638.6881713867188,5888941,0.0,0.0
2003-10-17 00:00:00+09:00,643.697465097643,713.8279418945312,641.1928303125134,713.8279418945312,7957138,0.0,0.0
2003-10-20 00:00:00+09:00,736.3699340820311,763.9211731681443,708.8186311038014,736.3699340820312,8126928,0.0,0.0
2003-10-21 00:00:00+09:00,741.3792891789631,761.4166259765626,713.8280469204499,761.4166259765625,5588961,0.0,0.0
2003-10-22 00:00:00+09:00,768.9305811726133,849.0796713188686,751.3979437435738,806.5004272460938,9141070,0.0,0.0
2003-10-23 00:00:00+09:00,788.9677525158947,836.5562606999996,783.9584190512219,824.032958984375,4982942,0.0,0.0
2003-10-24 00:00:00+09:00,846.5749432314809,881.640150346203,726.3512573242188,726.3512573242188,11571626,0.0,0.0
2003-10-27 00:00:00+09:00,696.2953510081526,708.8186535145384,641.1928710937499,641.19287109375,9120800,0.0,0.0
2003-10-28 00:00:00+09:00,626.1649567396694,651.2115626763107,568.5577758638186,603.6229858398438,18537923,0.0,0.0
2003-10-29 00:00:00+09:00,603.6229119235819,631.1741495232696,535.997135289419,538.5017700195312,15084449,0.0,0.0
2003-10-30 00:00:00+09:00,556.034542108829,573.5671812253067,505.9413240001092,551.0252075195312,11513323,0.0,0.0
2003-10-31 00:00:00+09:00,558.5390756844141,578.576346498428,538.5018048704003,571.0623779296875,7564271,0.0,0.0
2003-11-03 00:00:00+09:00,556.0344407922064,583.5856801749608,556.0344407922064,571.0623779296875,6381279,0.0,0.0
2003-11-04 00:00:00+09:00,581.0810788321393,631.1742268133007,573.567109829571,603.6229858398438,11166951,0.0,0.0
2003-11-05 00:00:00+09:00,613.641465896301,618.6507344362738,533.4923706054688,533.4923706054688,11168937,0.0,0.0
2003-11-06 00:00:00+09:00,535.9971872422093,541.0064571879691,470.8760070800781,470.8760070800781,7481727,0.0,0.0
2003-11-07 00:00:00+09:00,435.81084059580866,508.44596472207866,420.7828695593798,455.8481140136719,17915500,0.0,0.0
2003-11-10 00:00:00+09:00,435.81082142753985,460.85739612521394,403.2502136230468,403.2502136230469,8249386,0.0,0.0
2003-11-11 00:00:00+09:00,383.2129062353973,418.2781459584259,360.6709686953117,398.2408752441406,13316857,0.0,0.0
2003-11-12 00:00:00+09:00,400.74551900643525,413.26882046864347,370.6895827187129,378.2035827636719,6454942,0.0,0.0
2003-11-13 00:00:00+09:00,388.22220509109206,400.7455061515861,380.7082372332179,393.23150634765625,5511641,0.0,0.0
2003-11-14 00:00:00+09:00,395.7362024108213,435.81077517709383,395.7362024108213,420.7828063964844,8864496,0.0,0.0
2003-11-17 00:00:00+09:00,428.2968698800522,430.801537223775,413.2689297098459,423.2875671386719,3695882,0.0,0.0
2003-11-18 00:00:00+09:00,423.2875181056721,428.29682026678233,403.2502136230468,403.2502136230469,2709742,0.0,0.0
2003-11-19 00:00:00+09:00,388.2222464876647,393.23154827837635,370.68961035502616,375.6989440917969,2981301,0.0,0.0
2003-11-20 00:00:00+09:00,360.6710049808293,373.19430842368655,345.64306640625,345.64306640625,3948216,0.0,0.0
2003-11-21 00:00:00+09:00,338.12907062287,368.18501214859435,330.61510121447003,350.6523742675781,3813220,0.0,0.0
2003-11-24 00:00:00+09:00,340.6336951261696,353.15699720415455,310.5777893066406,310.5777893066406,3042844,0.0,0.0
2003-11-25 00:00:00+09:00,313.0824561114493,323.1010913846256,305.56845569702335,310.5777893066406,2568999,0.0,0.0
2003-11-26 00:00:00+09:00,318.09179244275174,345.64306640625,315.5871253649679,345.64306640625,2986944,0.0,0.0
2003-11-27 00:00:00+09:00,365.6803085643145,385.7175796192793,358.16633990521746,375.6989440917969,6068970,0.0,0.0
2003-11-28 00:00:00+09:00,368.18499537317587,375.69896443922084,353.15702529502516,365.6803283691406,2750387,0.0,0.0
2003-12-01 00:00:00+09:00,370.6896416432453,408.2595520019531,370.6896416432453,408.2595520019531,5047096,0.0,0.0
2003-12-02 00:00:00+09:00,410.764219081746,420.7828554548557,388.2222792557336,408.2595520019531,5447069,0.0,0.0
2003-12-03 00:00:00+09:00,405.75482671527,428.2967633075659,398.24085849985704,410.76416015625,4440136,0.0,0.0
2003-12-04 00:00:00+09:00,413.26884425288387,423.28747961002654,393.23154159254,398.2408752441406,3791696,0.0,0.0
2003-12-05 00:00:00+09:00,390.72688422588004,398.2408523247823,370.6895827187129,378.2035827636719,2957374,0.0,0.0
2003-12-08 00:00:00+09:00,370.68961035502616,388.2222464876647,368.1849754326999,375.6989440917969,2583732,0.0,0.0
2003-12-09 00:00:00+09:00,385.71760654372713,388.2222735869471,370.68963623046875,370.68963623046875,2368804,0.0,0.0
2003-12-10 00:00:00+09:00,368.1848616802248,388.22212654458076,345.6429307213121,358.1662292480469,7151655,0.0,0.0
2003-12-11 00:00:00+09:00,358.1663549626126,365.68032393759864,355.66168798893045,360.6709899902344,1810953,0.0,0.0
2003-12-12 00:00:00+09:00,365.6803450304403,368.18501214859435,345.6430719773322,350.6523742675781,2438914,0.0,0.0
2003-12-15 00:00:00+09:00,355.66170277132346,358.16636984910724,338.1290651728986,345.64306640625,1504808,0.0,0.0
2003-12-16 00:00:00+09:00,333.11969659130153,348.1476321716553,333.11969659130153,338.1289978027344,2316874,0.0,0.0
2003-12-17 00:00:00+09:00,338.12906098061404,353.15703131493115,338.12906098061404,340.63372802734375,2412897,0.0,0.0
2003-12-18 00:00:00+09:00,343.1383823758462,350.6523512919111,325.6057775896747,328.11041259765625,1567082,0.0,0.0
2003-12-19 00:00:00+09:00,330.6150138572817,343.13831419300425,323.1010464342697,325.605712890625,2060570,0.0,0.0
2003-12-22 00:00:00+09:00,318.091832024699,325.6058341930597,288.0359191894531,288.0359191894531,2539116,0.0,0.0
2003-12-23 00:00:00+09:00,280.5219050445945,293.04517613890664,260.4846169853918,273.0079040527344,2082616,0.0,0.0
2003-12-24 00:00:00+09:00,265.4939035624856,273.00787171834907,257.97991943359375,257.97991943359375,1845642,0.0,0.0
2003-12-25 00:00:00+09:00,257.97991943359375,257.97991943359375,257.97991943359375,257.97991943359375,0,0.0,0.0
2003-12-26 00:00:00+09:00,252.97063789715477,283.0265467310379,250.4659868141799,280.52191162109375,2467857,0.0,0.0
2003-12-29 00:00:00+09:00,302.52360276580833,319.024902945044,294.27297021520394,308.0240478515625,987184,47.853256,0.0
2003-12-30 00:00:00+09:00,316.2747070233419,321.7751174940445,305.27385100390677,310.7742614746094,1082893,0.0,0.0
2003-12-31 00:00:00+09:00,310.7742614746094,310.7742614746094,310.7742614746094,310.7742614746094,0,0.0,0.0
2004-01-01 00:00:00+09:00,310.7742614746094,310.7742614746094,310.7742614746094,310.7742614746094,0,0.0,0.0
2004-01-02 00:00:00+09:00,321.775089237371,341.02661188933274,313.52445671683125,330.0257568359375,2044375,0.0,0.0
2004-01-05 00:00:00+09:00,324.5252992076225,332.77596648679986,308.02403480531865,313.5244445800781,986035,0.0,0.0
2004-01-06 00:00:00+09:00,321.77511913338367,321.77511913338367,299.7734069824219,299.7734069824219,930866,0.0,0.0
2004-01-07 00:00:00+09:00,297.0232288957326,302.52367530029954,291.5228175692009,294.2730407714844,719595,0.0,0.0
2004-01-08 00:00:00+09:00,294.27293554541063,302.5235671239661,280.52185952913635,283.2720642089844,938076,0.0,0.0
2004-01-09 00:00:00+09:00,283.27208591996316,291.52273566988913,283.27208591996316,286.0223083496094,1184036,0.0,0.0
2004-01-12 00:00:00+09:00,288.7725522088433,319.0249328613281,288.7725522088433,319.0249328613281,2052524,0.0,0.0
2004-01-13 00:00:00+09:00,341.02664183657834,341.02664183657834,310.7742614746094,310.7742614746094,2784659,0.0,0.0
2004-01-14 00:00:00+09:00,308.0240753475551,313.5244858462805,297.0231841940442,299.7734069824219,1002962,0.0,0.0
2004-01-15 00:00:00+09:00,297.0231454511561,297.0231454511561,283.27208591996316,286.0223083496094,1030650,0.0,0.0
2004-01-16 00:00:00+09:00,286.02233821859807,297.0231764689499,283.27211550174917,291.52276611328125,652202,0.0,0.0
2004-01-19 00:00:00+09:00,288.7724911076918,297.02312268624723,283.2720642089844,283.2720642089844,591600,0.0,0.0
2004-01-20 00:00:00+09:00,283.27212442233593,291.52277529369115,283.27212442233593,288.7725524902344,723043,0.0,0.0
2004-01-21 00:00:00+09:00,288.7725524902344,288.7725524902344,288.7725524902344,288.7725524902344,0,0.0,0.0
2004-01-22 00:00:00+09:00,288.7725524902344,288.7725524902344,288.7725524902344,288.7725524902344,0,0.0,0.0
2004-01-23 00:00:00+09:00,288.7725524902344,288.7725524902344,288.7725524902344,288.7725524902344,0,0.0,0.0
2004-01-26 00:00:00+09:00,288.7724838973862,302.5235595703125,288.7724838973862,302.5235595703125,859293,0.0,0.0
2004-01-27 00:00:00+09:00,302.5236080231392,305.2738306138104,291.5227527384821,297.0231628417969,841740,0.0,0.0
2004-01-28 00:00:00+09:00,299.7733802229312,321.77509040989423,297.0231576800541,308.0240478515625,2623645,0.0,0.0
2004-01-29 00:00:00+09:00,308.02403467684434,327.27552149751097,308.02403467684434,324.5252990722656,1840418,0.0,0.0
2004-01-30 00:00:00+09:00,330.02574392275636,332.7759663480017,316.274666874555,324.5252990722656,1387052,0.0,0.0
2004-02-02 00:00:00+09:00,324.5253433848516,330.0257889864053,316.2747100605513,319.0249328613281,1327286,0.0,0.0
2004-02-03 00:00:00+09:00,327.27556618562846,330.0257889864053,316.2747100605513,319.0249328613281,1606473,0.0,0.0
2004-02-04 00:00:00+09:00,324.5253107354998,354.77768834439917,324.5253107354998,352.0274658203125,9021120,0.0,0.0
2004-02-05 00:00:00+09:00,352.02751145177206,352.02751145177206,316.2747192382813,316.27471923828125,4452779,0.0,0.0
2004-02-06 00:00:00+09:00,319.024931423036,321.77511913338367,294.2729964836965,299.7734069824219,2100484,0.0,0.0
2004-02-09 00:00:00+09:00,302.5236080231392,305.2738306138104,294.27297532915327,297.0231628417969,1147361,0.0,0.0
2004-02-10 00:00:00+09:00,294.2730407714844,302.52367530029954,294.2730407714844,294.2730407714844,1151227,0.0,0.0
2004-02-11 00:00:00+09:00,291.52276611328125,297.0231764689499,291.52276611328125,291.52276611328125,869115,0.0,0.0
2004-02-12 00:00:00+09:00,294.27297532915327,299.77338543246805,291.5227527384821,297.0231628417969,916238,0.0,0.0
2004-02-13 00:00:00+09:00,294.2730407714844,299.77345209801604,291.5228175692009,294.2730407714844,748224,0.0,0.0
2004-02-16 00:00:00+09:00,294.2729949844716,327.275563042777,294.2729949844716,310.7742614746094,7414124,0.0,0.0
2004-02-17 00:00:00+09:00,313.5244842489756,313.5244842489756,302.5236282295405,310.7742614746094,2031732,0.0,0.0
2004-02-18 00:00:00+09:00,313.5244842489756,324.52534026841073,308.02407377827296,310.7742614746094,1786085,0.0,0.0
2004-02-19 00:00:00+09:00,308.0240038706918,313.5244130930492,297.02311526993327,302.5235595703125,1223323,0.0,0.0
2004-02-20 00:00:00+09:00,302.5236080231392,305.2738306138104,294.27297532915327,297.0231628417969,918641,0.0,0.0
2004-02-23 00:00:00+09:00,299.7733675261413,313.5244445800781,297.0231450997489,313.5244445800781,1264177,0.0,0.0
2004-02-24 00:00:00+09:00,310.7742630579028,319.024931423036,297.0231841940442,299.7734069824219,1123748,0.0,0.0
2004-02-25 00:00:00+09:00,299.7733374201229,310.77419094285955,299.7733374201229,302.5235595703125,1038591,0.0,0.0
2004-02-26 00:00:00+09:00,308.0240753475551,308.0240753475551,297.0231841940442,299.7734069824219,643947,0.0,0.0
2004-02-27 00:00:00+09:00,299.77338543246805,302.5236080231392,297.0231628417969,297.0231628417969,505608,0.0,0.0
2004-03-01 00:00:00+09:00,297.0231628417969,297.0231628417969,297.0231628417969,297.0231628417969,0,0.0,0.0
2004-03-02 00:00:00+09:00,297.0231628417969,302.5236080231392,294.27297532915327,297.0231628417969,732029,0.0,0.0
2004-03-03 00:00:00+09:00,294.27297532915327,299.77338543246805,291.5227527384821,297.0231628417969,762226,0.0,0.0
2004-03-04 00:00:00+09:00,297.0231628417969,302.5236080231392,294.27297532915327,297.0231628417969,631096,0.0,0.0
2004-03-05 00:00:00+09:00,299.7734069824219,299.7734069824219,294.2729964836965,299.7734069824219,584599,0.0,0.0
2004-03-08 00:00:00+09:00,302.52364184792367,319.0249441589127,302.52364184792367,305.27386474609375,2203089,0.0,0.0
2004-03-09 00:00:00+09:00,305.2738525591774,308.0240753475551,297.0231841940442,299.7734069824219,882071,0.0,0.0
2004-03-10 00:00:00+09:00,302.5236080231392,305.2738306138104,297.0231628417969,297.0231628417969,1009022,0.0,0.0
2004-03-11 00:00:00+09:00,294.2729281977655,308.0240038706918,294.2729281977655,302.5235595703125,2074467,0.0,0.0
2004-03-12 00:00:00+09:00,305.2738467792992,310.7742571738831,266.77083370509484,275.021484375,2014596,0.0,0.0
2004-03-15 00:00:00+09:00,277.7716373102769,286.02228642784377,277.7716373102769,283.2720642089844,798169,0.0,0.0
2004-03-16 00:00:00+09:00,286.0223472257927,305.2738542329447,283.27212442233593,288.7725524902344,2335264,0.0,0.0
2004-03-17 00:00:00+09:00,294.2729964836965,305.2738525591774,294.2729964836965,299.7734069824219,1123956,0.0,0.0
2004-03-18 00:00:00+09:00,299.7734069824219,310.7742630579028,294.2729964836965,299.7734069824219,1387366,0.0,0.0
2004-03-19 00:00:00+09:00,302.52364184792367,316.27472126074264,299.7734189497536,305.27386474609375,2634617,0.0,0.0
2004-03-22 00:00:00+09:00,305.2738123789262,321.77507678123004,305.2738123789262,313.5244445800781,2715593,0.0,0.0
2004-03-23 00:00:00+09:00,313.5244770745632,335.526188609966,313.5244770745632,332.7760009765625,2812452,0.0,0.0
2004-03-24 00:00:00+09:00,335.5261133841915,341.0265575738437,321.77503798808215,327.2754821777344,1629983,0.0,0.0
2004-03-25 00:00:00+09:00,327.275563042777,332.7760085915095,308.02407377827296,310.7742614746094,1180170,0.0,0.0
2004-03-26 00:00:00+09:00,310.7742219029426,335.5261535644531,305.27381213262106,335.5261535644531,2210612,0.0,0.0
2004-03-29 00:00:00+09:00,338.27642822265625,352.0275073888335,327.2755719053206,338.27642822265625,2749447,0.0,0.0
2004-03-30 00:00:00+09:00,338.27638827790616,360.2780983145457,335.52616575381955,352.0274658203125,2905758,0.0,0.0
2004-03-31 00:00:00+09:00,357.5279199797868,363.02833009010675,343.7768420869457,349.2772521972656,1528318,0.0,0.0
2004-04-01 00:00:00+09:00,349.27723047981027,354.77767532614956,341.0265982883267,346.5270080566406,1235025,0.0,0.0
2004-04-02 00:00:00+09:00,346.52704437766744,352.0274898005327,327.27555555369725,332.7760009765625,1924320,0.0,0.0
2004-04-05 00:00:00+09:00,332.77600097656244,332.77600097656244,332.77600097656244,332.7760009765625,0,0.0,0.0
2004-04-06 00:00:00+09:00,338.27641132139865,343.7768567442639,321.775110130832,332.7760009765625,1543991,0.0,0.0
2004-04-07 00:00:00+09:00,330.0257782651299,335.526188609966,327.27555555369725,332.7760009765625,973392,0.0,0.0
2004-04-08 00:00:00+09:00,332.7759867882783,349.2772521972656,330.02576419410457,349.2772521972656,1747216,0.0,0.0
2004-04-09 00:00:00+09:00,346.52706169115027,346.52706169115027,338.27642822265625,338.27642822265625,829828,0.0,0.0
2004-04-12 00:00:00+09:00,338.2763585283274,352.02743486140093,335.526136246108,341.0265808105469,1307956,0.0,0.0
2004-04-13 00:00:00+09:00,343.7768739203395,346.52706169115027,332.7760176030038,338.27642822265625,1448281,0.0,0.0
2004-04-14 00:00:00+09:00,335.52616682362174,338.27638935647724,330.0257568359375,330.0257568359375,894714,0.0,0.0
2004-04-15 00:00:00+09:00,330.0257568359375,330.0257568359375,330.0257568359375,330.0257568359375,0,0.0,0.0
2004-04-16 00:00:00+09:00,327.27553045017487,332.77597545113093,319.0248980267671,321.77508544921875,1040472,0.0,0.0
2004-04-19 00:00:00+09:00,316.2747100605513,327.27556618562846,313.52448725977445,319.0249328613281,899311,0.0,0.0
2004-04-20 00:00:00+09:00,319.0248980267671,327.27553045017487,316.27467552628906,321.77508544921875,1025322,0.0,0.0
2004-04-21 00:00:00+09:00,321.7751205840748,327.27556618562846,316.2747100605513,319.0249328613281,1026366,0.0,0.0
2004-04-22 00:00:00+09:00,321.77508821141316,354.77768834439917,319.0249007653532,352.0274658203125,3933901,0.0,0.0
2004-04-23 00:00:00+09:00,360.2781003629661,393.28070068359375,354.77769036154604,393.28070068359375,3492865,0.0,0.0
2004-04-26 00:00:00+09:00,440.0343627929687,440.0343627929687,440.0343627929687,440.03436279296875,288904,0.0,0.0
2004-04-27 00:00:00+09:00,492.28848145251936,492.28848145251936,401.5314025878907,401.5314025878906,18036286,0.0,0.0
2004-04-28 00:00:00+09:00,420.7828157347827,431.7836706820035,368.5287635049903,407.03173828125,8123062,0.0,0.0
2004-04-29 00:00:00+09:00,393.2806968353119,418.0326292945697,365.77854186324186,385.030029296875,5410185,0.0,0.0
2004-04-30 00:00:00+09:00,376.77939594589935,407.03173828125,368.5287635049903,407.03173828125,3714167,0.0,0.0
2004-05-03 00:00:00+09:00,409.7819961019739,415.28244158861787,393.28072979810094,404.2815856933594,2505890,0.0,0.0
2004-05-04 00:00:00+09:00,404.28152514709495,445.53471980661993,393.2806708993533,426.2832336425781,6996389,0.0,0.0
2004-05-05 00:00:00+09:00,426.2832336425781,426.2832336425781,426.2832336425781,426.2832336425781,0,0.0,0.0
2004-05-06 00:00:00+09:00,415.28243114990397,431.7836970389942,376.7794189453125,376.7794189453125,5428679,0.0,0.0
2004-05-07 00:00:00+09:00,374.02918455151257,396.0308950995967,352.02747400342844,360.2781066894531,5500566,0.0,0.0
2004-05-10 00:00:00+09:00,352.0275012365596,357.5279468381133,319.0249328613281,319.0249328613281,2964688,0.0,0.0
2004-05-11 00:00:00+09:00,305.2738123789262,324.5252992076225,299.7733675261413,313.5244445800781,2467648,0.0,0.0
2004-05-12 00:00:00+09:00,321.77507652161114,343.7768208369735,316.27466675128954,335.5261535644531,6048282,0.0,0.0
2004-05-13 00:00:00+09:00,330.0257947541622,357.52795308651673,324.52534905647894,338.27642822265625,3900779,0.0,0.0
2004-05-14 00:00:00+09:00,343.7768679122593,349.27727843578276,316.2747100605513,319.0249328613281,2162966,0.0,0.0
2004-05-17 00:00:00+09:00,308.0240115616849,316.27464314024036,283.2720642089844,283.2720642089844,4770521,0.0,0.0
2004-05-18 00:00:00+09:00,275.02152293275685,277.771728515625,250.2695849918579,277.771728515625,7759451,0.0,0.0
2004-05-19 00:00:00+09:00,280.521897453825,310.77424071712517,280.521897453825,297.0231628417969,5243321,0.0,0.0
2004-05-20 00:00:00+09:00,283.27208615387605,286.0223085857933,266.7708041794109,269.5210266113281,3511882,0.0,0.0
2004-05-21 00:00:00+09:00,275.0214837009757,288.7725447317635,275.0214837009757,280.52191162109375,2262542,0.0,0.0
2004-05-24 00:00:00+09:00,288.7725301478109,308.0240532044815,288.7725301478109,297.0231628417969,2404747,0.0,0.0
2004-05-25 00:00:00+09:00,291.5227133265512,291.5227133265512,277.7716373102769,283.2720642089844,1483807,0.0,0.0
2004-05-26 00:00:00+09:00,283.2720642089844,283.2720642089844,283.2720642089844,283.2720642089844,0,0.0,0.0
2004-05-27 00:00:00+09:00,297.02312268624723,297.02312268624723,283.2720642089844,283.2720642089844,1316838,0.0,0.0
2004-05-28 00:00:00+09:00,286.0223083496094,291.52273566988913,280.5218810293297,286.0223083496094,851979,0.0,0.0
2004-05-31 00:00:00+09:00,283.27211681164545,286.0223395412118,277.7716888915274,280.52191162109375,885415,0.0,0.0
2004-06-01 00:00:00+09:00,280.52185952913635,288.7724911076918,280.52185952913635,283.2720642089844,1086341,0.0,0.0
2004-06-02 00:00:00+09:00,283.27212442233593,288.7725524902344,280.52191915789433,288.7725524902344,1110896,0.0,0.0
2004-06-03 00:00:00+09:00,291.5228090470172,294.27303216890243,272.2712998108716,277.771728515625,1754739,0.0,0.0
2004-06-04 00:00:00+09:00,277.7716373102769,291.5227133265512,275.0214326304289,283.2720642089844,2986108,0.0,0.0
2004-06-07 00:00:00+09:00,286.0223472257927,294.2729980971479,286.0223472257927,288.7725524902344,1218412,0.0,0.0
2004-06-08 00:00:00+09:00,291.5227133265512,297.02312268624723,283.2720642089844,283.2720642089844,1299807,0.0,0.0
2004-06-09 00:00:00+09:00,286.0223395412118,288.7725447317635,277.7716888915274,280.52191162109375,815827,0.0,0.0
2004-06-10 00:00:00+09:00,280.5219516375103,283.27215722037846,275.02152293275685,277.771728515625,570180,0.0,0.0
2004-06-11 00:00:00+09:00,277.77165882905433,280.52188126097155,269.5210266113281,269.5210266113281,1019888,0.0,0.0
2004-06-14 00:00:00+09:00,266.7708390087226,272.2712670516742,253.01976013183597,253.01976013183594,848009,0.0,0.0
2004-06-15 00:00:00+09:00,244.769126836916,255.7699829228193,244.769126836916,253.01976013183594,852397,0.0,0.0
2004-06-16 00:00:00+09:00,247.5193320888843,255.7699829228193,247.5193320888843,253.01976013183594,654918,0.0,0.0
2004-06-17 00:00:00+09:00,250.26950940058455,253.01971415278226,242.01886006596771,247.519287109375,762957,0.0,0.0
2004-06-18 00:00:00+09:00,244.76914638112635,247.51935185269176,228.26784339566817,231.01806640625,1221129,0.0,0.0
2004-06-21 00:00:00+09:00,228.26780700683597,236.518457184305,225.5176019736887,228.26780700683594,616467,0.0,0.0
2004-06-22 00:00:00+09:00,225.51759369855284,228.26779863078417,206.26608901688164,214.51673889160156,1883675,0.0,0.0
2004-06-23 00:00:00+09:00,217.2669438238329,220.0171662950772,209.01629394911296,214.51673889160156,1298030,0.0,0.0
2004-06-24 00:00:00+09:00,217.26693726453558,225.5175868901681,209.0162876389031,222.76736450195312,1304091,0.0,0.0
2004-06-25 00:00:00+09:00,217.26698643137368,239.2687178989791,217.26698643137368,231.01806640625,2381656,0.0,0.0
2004-06-28 00:00:00+09:00,233.7682346121441,233.7682346121441,225.5176019736887,228.26780700683594,712699,0.0,0.0
2004-06-29 00:00:00+09:00,225.5175574664196,236.51841050595027,222.76733543703185,233.7681884765625,763584,0.0,0.0
2004-06-30 00:00:00+09:00,239.26869021750744,261.2704016006746,233.76824483270127,255.7699737548828,2552177,0.0,0.0
2004-07-01 00:00:00+09:00,253.01976013183597,258.5201881747876,247.5193320888843,253.01976013183594,892833,0.0,0.0
2004-07-02 00:00:00+09:00,247.51928710937497,250.26950940058455,242.01886006596771,247.519287109375,756270,0.0,0.0
2004-07-05 00:00:00+09:00,244.76911163529203,258.5201721191406,244.76911163529203,258.5201721191406,879772,0.0,0.0
2004-07-06 00:00:00+09:00,255.76996703797647,266.77082244066094,255.76996703797647,258.5201721191406,1711691,0.0,0.0
2004-07-07 00:00:00+09:00,253.0197458456232,253.0197458456232,242.0188903808594,242.01889038085938,967332,0.0,0.0
2004-07-08 00:00:00+09:00,244.76912931088182,247.5193345906474,236.51847839355466,236.5184783935547,553671,0.0,0.0
2004-07-09 00:00:00+09:00,231.01802668374535,242.01888175649256,228.26780414605184,239.2686767578125,1557992,0.0,0.0
2004-07-12 00:00:00+09:00,244.76905905510336,247.51926354548095,231.01798398618493,233.7681884765625,997737,0.0,0.0
2004-07-13 00:00:00+09:00,233.76827187781544,236.51849488839727,225.5176379241028,231.01806640625,612288,0.0,0.0
2004-07-14 00:00:00+09:00,228.2677619567972,242.0188370257156,228.2677619567972,233.7681884765625,848322,0.0,0.0
2004-07-15 00:00:00+09:00,233.7681884765625,239.268632535338,225.5175574664196,233.7681884765625,657948,0.0,0.0
2004-07-16 00:00:00+09:00,231.01805521288028,247.51933985979585,228.26783233555324,244.76913452148438,955525,0.0,0.0
2004-07-19 00:00:00+09:00,250.2695574094282,250.2695574094282,236.51847839355466,236.5184783935547,623990,0.0,0.0
2004-07-20 00:00:00+09:00,242.01890649210102,244.76912931088182,228.26782747622752,236.5184783935547,933060,0.0,0.0
2004-07-21 00:00:00+09:00,236.51841050595027,244.76905905510336,231.01798398618493,233.7681884765625,1981265,0.0,0.0
2004-07-22 00:00:00+09:00,233.76821897678815,233.76821897678815,222.7673645019531,222.76736450195312,588256,0.0,0.0
2004-07-23 00:00:00+09:00,222.76739658660566,225.51761937092863,211.76654052734378,211.76654052734375,875384,0.0,0.0
2004-07-26 00:00:00+09:00,203.515869140625,211.76651912054723,203.515869140625,203.515869140625,522221,0.0,0.0
2004-07-27 00:00:00+09:00,200.76567987472032,203.51588505710575,192.51502924953485,198.0154571533203,608527,0.0,0.0
2004-07-28 00:00:00+09:00,195.26525643845093,211.76654052734378,195.26525643845093,211.76654052734375,1067429,0.0,0.0
2004-07-29 00:00:00+09:00,209.0163129608912,217.26696358607668,195.26525197093486,198.0154571533203,943927,0.0,0.0
2004-07-30 00:00:00+09:00,198.01547827913043,206.2661297845587,195.26527280333198,200.7657012939453,395375,0.0,0.0
2004-08-02 00:00:00+09:00,206.2660988623143,206.2660988623143,195.26524353027344,195.26524353027344,277515,0.0,0.0
2004-08-03 00:00:00+09:00,195.26523716124981,198.01544213504886,192.5150146484375,192.5150146484375,389210,0.0,0.0
2004-08-04 00:00:00+09:00,187.01459367557663,192.51502135376884,187.01459367557663,189.7648162841797,416377,0.0,0.0
2004-08-05 00:00:00+09:00,189.76482840882,211.76654052734378,187.01460562449702,211.76654052734375,1454655,0.0,0.0
2004-08-06 00:00:00+09:00,200.76570129394534,206.2661297845587,195.26527280333198,200.7657012939453,972556,0.0,0.0
2004-08-09 00:00:00+09:00,200.76567987472032,203.51588505710575,195.26525197093486,198.0154571533203,574360,0.0,0.0
2004-08-10 00:00:00+09:00,200.7656641733264,206.26609164693681,200.7656641733264,203.515869140625,506966,0.0,0.0
2004-08-11 00:00:00+09:00,206.26609164693681,211.76651912054723,200.7656641733264,203.515869140625,570807,0.0,0.0
2004-08-12 00:00:00+09:00,206.26608276367185,209.01628761252735,203.51586037580392,206.26608276367188,364656,0.0,0.0
2004-08-13 00:00:00+09:00,206.2661294670792,231.01806640625003,206.2661294670792,231.01806640625,2358355,0.0,0.0
2004-08-16 00:00:00+09:00,233.7682346121441,236.518457184305,217.26695179621964,228.26780700683594,1505331,0.0,0.0
2004-08-17 00:00:00+09:00,231.01801412758562,233.76821897678815,222.7673645019531,222.76736450195312,765047,0.0,0.0
2004-08-18 00:00:00+09:00,222.7673645019531,225.5175868901681,217.26693726453558,222.76736450195312,532147,0.0,0.0
2004-08-19 00:00:00+09:00,222.7673865174826,231.01803695850575,220.01718139648435,220.01718139648438,1201694,0.0,0.0
2004-08-20 00:00:00+09:00,217.2669677734375,220.01719054784226,214.5167625380477,217.2669677734375,468829,0.0,0.0
2004-08-23 00:00:00+09:00,222.7673865174826,225.51760917749505,220.01718139648435,220.01718139648438,521490,0.0,0.0
2004-08-24 00:00:00+09:00,220.0171596527506,225.5175868901681,217.26693726453558,222.76736450195312,468620,0.0,0.0
2004-08-25 00:00:00+09:00,228.26779173937064,228.26779173937064,222.7673645019531,222.76736450195312,516370,0.0,0.0
2004-08-26 00:00:00+09:00,225.5176019736887,231.01802957899685,222.7673794015278,228.26780700683594,648127,0.0,0.0
2004-08-27 00:00:00+09:00,228.26779173937064,231.01801412758562,220.0171596527506,222.76736450195312,307816,0.0,0.0
2004-08-30 00:00:00+09:00,222.76739578323208,222.76739578323208,214.5167625380477,217.2669677734375,361208,0.0,0.0
2004-08-31 00:00:00+09:00,214.5167625380477,222.76739578323208,214.5167625380477,217.2669677734375,525774,0.0,0.0
2004-09-01 00:00:00+09:00,220.01717436838055,233.7682346121441,217.26695179621964,228.26780700683594,1291134,0.0,0.0
2004-09-02 00:00:00+09:00,228.26780700683597,231.01802957899685,222.7673794015278,228.26780700683594,444901,0.0,0.0
2004-09-03 00:00:00+09:00,228.26779173937064,231.01801412758562,222.7673645019531,222.76736450195312,532565,0.0,0.0
2004-09-06 00:00:00+09:00,222.7673794015278,228.26780700683597,222.7673794015278,228.26780700683594,342087,0.0,0.0
2004-09-07 00:00:00+09:00,228.26779173937064,231.01801412758562,222.7673645019531,222.76736450195312,322026,0.0,0.0
2004-09-08 00:00:00+09:00,222.7673645019531,228.26779173937064,222.7673645019531,222.76736450195312,569762,0.0,0.0
2004-09-09 00:00:00+09:00,222.7674010617948,225.51762390136716,217.2669729216654,225.5176239013672,396733,0.0,0.0
2004-09-10 00:00:00+09:00,222.7673645019531,225.5175868901681,217.26693726453558,222.76736450195312,490144,0.0,0.0
2004-09-13 00:00:00+09:00,222.76741491352092,231.01806640625003,222.76741491352092,231.01806640625,739448,0.0,0.0
2004-09-14 00:00:00+09:00,231.01801412758562,231.01801412758562,222.7673645019531,222.76736450195312,452529,0.0,0.0
2004-09-15 00:00:00+09:00,222.7673645019531,225.5175868901681,220.0171596527506,222.76736450195312,420870,0.0,0.0
2004-09-16 00:00:00+09:00,220.01718139648435,225.51760917749505,220.01718139648435,220.01718139648438,486069,0.0,0.0
2004-09-17 00:00:00+09:00,220.01719054784226,222.76739578323208,217.2669677734375,217.2669677734375,258498,0.0,0.0
2004-09-20 00:00:00+09:00,217.26693726453558,225.5175868901681,217.26693726453558,222.76736450195312,356297,0.0,0.0
2004-09-21 00:00:00+09:00,225.5175868901681,225.5175868901681,217.26693726453558,222.76736450195312,423482,0.0,0.0
2004-09-22 00:00:00+09:00,222.76737122730853,228.26779863078417,214.5167388916016,214.51673889160156,757524,0.0,0.0
2004-09-23 00:00:00+09:00,214.51676331166672,217.26696855697472,211.76654052734378,211.76654052734375,387643,0.0,0.0
2004-09-24 00:00:00+09:00,214.51675361547368,222.7673865174826,214.51675361547368,220.01718139648438,501742,0.0,0.0
2004-09-27 00:00:00+09:00,220.01718139648435,220.01718139648435,220.01718139648435,220.01718139648438,0,0.0,0.0
2004-09-28 00:00:00+09:00,220.01718139648435,220.01718139648435,220.01718139648435,220.01718139648438,0,0.0,0.0
2004-09-29 00:00:00+09:00,220.01718139648435,220.01718139648435,220.01718139648435,220.01718139648438,0,0.0,0.0
2004-09-30 00:00:00+09:00,220.01719054784226,222.76739578323208,211.76653976364295,217.2669677734375,394852,0.0,0.0
2004-10-01 00:00:00+09:00,214.51676331166672,217.26696855697472,211.76654052734378,211.76654052734375,325996,0.0,0.0
2004-10-04 00:00:00+09:00,214.5167388916016,217.2669438238329,211.76651642035728,214.51673889160156,411257,0.0,0.0
2004-10-05 00:00:00+09:00,214.5167388916016,217.2669438238329,211.76651642035728,214.51673889160156,336654,0.0,0.0
2004-10-06 00:00:00+09:00,214.51673241533305,233.76821897678815,214.51673241533305,222.76736450195312,1312867,0.0,0.0
2004-10-07 00:00:00+09:00,225.5175868901681,228.26779173937064,217.26693726453558,222.76736450195312,480636,0.0,0.0
2004-10-08 00:00:00+09:00,222.7673645019531,225.5175868901681,220.0171596527506,222.76736450195312,437901,0.0,0.0
2004-10-11 00:00:00+09:00,222.7673865174826,225.51760917749505,220.01718139648435,220.01718139648438,315130,0.0,0.0
2004-10-12 00:00:00+09:00,217.2669438238329,220.0171662950772,214.5167388916016,214.51673889160156,248676,0.0,0.0
2004-10-13 00:00:00+09:00,214.51676331166672,217.26696855697472,211.76654052734378,211.76654052734375,315130,0.0,0.0
2004-10-14 00:00:00+09:00,211.76651642035728,214.5167388916016,209.01629394911296,214.51673889160156,259961,0.0,0.0
2004-10-15 00:00:00+09:00,211.76654052734378,214.51676331166672,209.0163177430208,211.76654052734375,244079,0.0,0.0
2004-10-18 00:00:00+09:00,209.0163177430208,214.51676331166672,206.2661124977128,211.76654052734375,199254,0.0,0.0
2004-10-19 00:00:00+09:00,209.0163177430208,214.51676331166672,209.0163177430208,211.76654052734375,187030,0.0,0.0
2004-10-20 00:00:00+09:00,211.76654052734378,214.51676331166672,206.2661124977128,211.76654052734375,268215,0.0,0.0
2004-10-21 00:00:00+09:00,209.01628761252735,211.76651000039527,206.26608276367185,206.26608276367188,213674,0.0,0.0
2004-10-22 00:00:00+09:00,206.26608276367185,209.01628761252735,203.51586037580392,206.26608276367188,184313,0.0,0.0
2004-10-25 00:00:00+09:00,203.5159067697438,206.2661297845587,192.51504978851705,200.7657012939453,349506,0.0,0.0
2004-10-26 00:00:00+09:00,195.26523716124981,198.01544213504886,192.5150146484375,192.5150146484375,358491,0.0,0.0
2004-10-27 00:00:00+09:00,192.5150146484375,198.01544213504886,192.5150146484375,192.5150146484375,285873,0.0,0.0
2004-10-28 00:00:00+09:00,195.26524353027344,198.01544859377674,192.5150209277563,195.26524353027344,250662,0.0,0.0
2004-10-29 00:00:00+09:00,195.2652439623719,195.2652439623719,187.01459367557663,189.7648162841797,231959,0.0,0.0
2004-11-01 00:00:00+09:00,192.51502135376884,192.51502135376884,187.01459367557663,189.7648162841797,129353,0.0,0.0
2004-11-02 00:00:00+09:00,192.51502135376884,192.51502135376884,189.7648162841797,189.7648162841797,79200,0.0,0.0
2004-11-03 00:00:00+09:00,192.5150209277563,195.26524353027344,189.76481586425302,195.26524353027344,254423,0.0,0.0
2004-11-04 00:00:00+09:00,195.26527280333198,214.51678128998697,195.26527280333198,200.7657012939453,1009649,0.0,0.0
2004-11-05 00:00:00+09:00,203.51582434736935,211.76647251134733,200.76561998538293,209.01625061035156,547089,0.0,0.0
2004-11-08 00:00:00+09:00,211.76647251134733,214.5166944123431,203.51582434736935,209.01625061035156,392658,0.0,0.0
2004-11-09 00:00:00+09:00,211.76648239750116,233.7681884765625,211.76648239750116,233.7681884765625,2240495,0.0,0.0
2004-11-10 00:00:00+09:00,244.76910736177405,253.01974000022946,217.26695179621964,228.26780700683594,3101356,0.0,0.0
2004-11-11 00:00:00+09:00,231.01801412758562,231.01801412758562,220.0171596527506,222.76736450195312,1030650,0.0,0.0
2004-11-12 00:00:00+09:00,225.51760718371372,247.5193181132413,222.76738454801574,242.01889038085938,3369676,0.0,0.0
2004-11-15 00:00:00+09:00,242.01887244820676,269.5210266113281,239.26866755530227,269.5210266113281,4687246,0.0,0.0
2004-11-16 00:00:00+09:00,277.7716778433454,288.77253324602987,250.26953933663427,258.5201721191406,3339480,0.0,0.0
2004-11-17 00:00:00+09:00,258.5201343952952,286.02228642784377,250.2695028167397,283.2720642089844,3508434,0.0,0.0
2004-11-18 00:00:00+09:00,280.52191788560924,299.7734072664325,250.26955487986766,253.01976013183594,6796925,0.0,0.0
2004-11-19 00:00:00+09:00,261.2704016006746,261.2704016006746,244.76911806329923,255.7699737548828,2031941,0.0,0.0
2004-11-22 00:00:00+09:00,247.51935185269176,247.51935185269176,231.01806640625003,231.01806640625,1013306,0.0,0.0
2004-11-23 00:00:00+09:00,233.7682555747739,242.01890649210102,233.7682555747739,236.5184783935547,882489,0.0,0.0
2004-11-24 00:00:00+09:00,233.76827187781544,239.2687178989791,231.01806640625003,231.01806640625,676756,0.0,0.0
2004-11-25 00:00:00+09:00,231.01803361242946,258.5201721191406,231.01803361242946,258.5201721191406,3175541,0.0,0.0
2004-11-26 00:00:00+09:00,261.27041096577096,283.2721231375775,247.5193320888843,253.01976013183594,4565102,0.0,0.0
2004-11-29 00:00:00+09:00,253.01976807543437,261.27041916839994,236.5184834285188,244.76913452148438,1358841,0.0,0.0
2004-11-30 00:00:00+09:00,247.51933890090544,261.27041815623784,247.51933890090544,250.26956176757812,1207127,0.0,0.0
2004-12-01 00:00:00+09:00,247.51933890090544,258.52019528956515,244.76913357324827,250.26956176757812,1585158,0.0,0.0
2004-12-02 00:00:00+09:00,258.5202192794795,277.771728515625,258.5202192794795,277.771728515625,3861283,0.0,0.0
2004-12-03 00:00:00+09:00,288.77258592513186,310.77430074414553,275.02152293275685,277.771728515625,5731167,0.0,0.0
2004-12-06 00:00:00+09:00,283.27211681164545,283.27211681164545,272.2712609714094,280.52191162109375,1101596,0.0,0.0
2004-12-07 00:00:00+09:00,277.77169635443755,310.774264761828,277.77169635443755,288.7725524902344,5805979,0.0,0.0
2004-12-08 00:00:00+09:00,288.77251324024286,297.0231454511561,280.5218810293297,286.0223083496094,1826626,0.0,0.0
2004-12-09 00:00:00+09:00,297.0231555042378,302.523600549699,261.2703854818334,266.77081298828125,3031455,0.0,0.0
2004-12-10 00:00:00+09:00,266.77084738403846,272.271275599677,239.26870630584585,244.76913452148438,2367655,0.0,0.0
2004-12-13 00:00:00+09:00,242.01886006596771,253.01971415278226,242.01886006596771,247.519287109375,1541587,0.0,0.0
2004-12-14 00:00:00+09:00,247.51931671645616,269.521045060839,247.51931671645616,258.5201721191406,2591150,0.0,0.0
2004-12-15 00:00:00+09:00,258.5201721191406,264.02059982048286,253.0197444177984,258.5201721191406,1146108,0.0,0.0
2004-12-16 00:00:00+09:00,258.52019528956515,261.27041815623784,247.51933890090544,250.26956176757812,931284,0.0,0.0
2004-12-17 00:00:00+09:00,250.26955487986766,253.01976013183597,247.5193320888843,253.01976013183594,819484,0.0,0.0
2004-12-20 00:00:00+09:00,258.5201343952952,283.2720642089844,258.5201343952952,283.2720642089844,3149106,0.0,0.0
2004-12-21 00:00:00+09:00,288.77254543948897,291.5227681757956,264.0206109687882,275.021484375,2091602,0.0,0.0
2004-12-22 00:00:00+09:00,286.02233821859807,305.27384461949646,283.27211550174917,291.52276611328125,5656668,0.0,0.0
2004-12-23 00:00:00+09:00,286.02232509615357,313.52446330779634,266.77081957849674,297.0231628417969,8881631,0.0,0.0
2004-12-24 00:00:00+09:00,308.02406876069864,313.5244791418021,269.52105578085764,280.52191162109375,4074122,0.0,0.0
2004-12-27 00:00:00+09:00,283.27215722037846,288.77258592513186,277.771728515625,277.771728515625,1169617,0.0,0.0
2004-12-28 00:00:00+09:00,275.02145393614984,280.52188126097155,261.2703768545892,269.5210266113281,2159727,0.0,0.0
2004-12-29 00:00:00+09:00,264.02058152947774,294.27295809953534,264.02058152947774,286.0223083496094,2179266,0.0,0.0
2004-12-30 00:00:00+09:00,280.5218810293297,294.27295809953534,280.5218810293297,286.0223083496094,1446087,0.0,0.0
2004-12-31 00:00:00+09:00,286.0223083496094,286.0223083496094,286.0223083496094,286.0223083496094,0,0.0,0.0
2005-01-03 00:00:00+09:00,291.5227353249894,316.27466700647057,288.772512898597,313.5244445800781,3147539,0.0,0.0
2005-01-04 00:00:00+09:00,305.2738525591774,319.024931423036,299.7734069824219,299.7734069824219,2346026,0.0,0.0
2005-01-05 00:00:00+09:00,297.0231449758629,332.7759663480017,291.52273520339764,324.5252990722656,4217894,0.0,0.0
2005-01-06 00:00:00+09:00,343.7768030927663,363.028288912255,302.52357409354585,341.0265808105469,6726083,0.0,0.0
2005-01-07 00:00:00+09:00,343.7768208369735,368.52875249848404,321.77507652161114,335.5261535644531,4143605,0.0,0.0
2005-01-10 00:00:00+09:00,349.27723478732037,352.0274572444075,335.52615757991043,343.7768249511719,2771807,0.0,0.0
2005-01-11 00:00:00+09:00,343.776874896345,382.27985457731694,330.0257956911275,357.5279541015625,5701075,0.0,0.0
2005-01-12 00:00:00+09:00,349.27725141541106,379.52962972754733,349.27725141541106,360.2781066894531,3977576,0.0,0.0
2005-01-13 00:00:00+09:00,368.5287435262187,396.0308618643059,365.7785211690026,382.27978515625,6340634,0.0,0.0
2005-01-14 00:00:00+09:00,382.279807275709,398.7811072957785,371.27895228833813,374.0291748046875,4186026,0.0,0.0
2005-01-17 00:00:00+09:00,379.5295977325697,385.0300073668833,368.528743385918,371.2789306640625,2090453,0.0,0.0
2005-01-18 00:00:00+09:00,374.0291962711213,396.03090750859394,368.5287860007674,376.7794189453125,4365638,0.0,0.0
2005-01-19 00:00:00+09:00,376.77942841619847,412.5322188452959,376.77942841619847,404.2815856933594,5208632,0.0,0.0
2005-01-20 00:00:00+09:00,429.0335250760954,451.0352371152736,409.782000733292,434.533935546875,14123699,0.0,0.0
2005-01-21 00:00:00+09:00,437.2841362669657,484.0377807617188,434.53391363126775,484.03778076171875,6636748,0.0,0.0
2005-01-24 00:00:00+09:00,541.792236328125,541.792236328125,539.0420489957986,541.792236328125,1099089,0.0,0.0
2005-01-25 00:00:00+09:00,605.047119140625,605.047119140625,536.2917758540156,605.047119140625,12574066,0.0,0.0
2005-01-26 00:00:00+09:00,632.5493561706506,660.0515112419033,533.5416259765625,533.5416259765625,13019386,0.0,0.0
2005-01-27 00:00:00+09:00,533.5416927011354,536.291915567808,470.28674215781876,500.53912353515625,10189693,0.0,0.0
2005-01-28 00:00:00+09:00,495.0386362264826,528.0412026207739,462.03606983219123,484.03778076171875,7031496,0.0,0.0
2005-01-31 00:00:00+09:00,489.5382085883722,508.7896961961731,473.03690844023794,478.537353515625,4680454,0.0,0.0
2005-02-01 00:00:00+09:00,486.78805761781757,497.78891430790077,467.536532101648,475.7872009277344,3802040,0.0,0.0
2005-02-02 00:00:00+09:00,475.78711948225254,481.28752934671513,423.53303284071455,429.0334777832031,4826003,0.0,0.0
2005-02-03 00:00:00+09:00,429.0335250760954,440.0343810956845,412.53222350769676,434.533935546875,2406523,0.0,0.0
2005-02-04 00:00:00+09:00,429.0334559740196,456.5355740543615,426.2832336425781,426.2832336425781,2852783,0.0,0.0
2005-02-07 00:00:00+09:00,431.7837390893696,475.7872009277344,431.7837390893696,475.7872009277344,5771080,0.0,0.0
2005-02-08 00:00:00+09:00,475.7872009277344,475.7872009277344,475.7872009277344,475.7872009277344,0,0.0,0.0
2005-02-09 00:00:00+09:00,475.7872009277344,475.7872009277344,475.7872009277344,475.7872009277344,0,0.0,0.0
2005-02-10 00:00:00+09:00,475.7872009277344,475.7872009277344,475.7872009277344,475.7872009277344,0,0.0,0.0
2005-02-11 00:00:00+09:00,475.7871557032284,517.0403556003346,462.03607737818345,492.2884216308594,8590115,0.0,0.0
2005-02-14 00:00:00+09:00,519.7906154594729,528.0412490134229,489.53826904296875,489.53826904296875,5734406,0.0,0.0
2005-02-15 00:00:00+09:00,508.7897481971683,511.5399710159491,470.2867339683285,473.0369567871094,4440241,0.0,0.0
2005-02-16 00:00:00+09:00,475.7870430412883,484.0376740514312,431.78359580514524,467.536376953125,5819144,0.0,0.0
2005-02-17 00:00:00+09:00,467.5365437556309,486.78806975167083,456.53568679133633,462.0361328125,4822242,0.0,0.0
2005-02-18 00:00:00+09:00,445.53477972575706,478.5373819854642,445.53477972575706,459.2858581542969,4111841,0.0,0.0
2005-02-21 00:00:00+09:00,467.5365437556309,475.78721278737635,459.2859098019182,462.0361328125,2230255,0.0,0.0
2005-02-22 00:00:00+09:00,456.53564758605324,475.78717192885665,429.0335250760954,434.533935546875,2462841,0.0,0.0
2005-02-23 00:00:00+09:00,420.7828103694702,442.7845199833728,418.0326229762519,429.0334777832031,1849717,0.0,0.0
2005-02-24 00:00:00+09:00,440.0343627929687,448.2849956949776,434.5339174729438,440.03436279296875,2731475,0.0,0.0
2005-02-25 00:00:00+09:00,440.0343810956845,456.53564758605324,429.0335250760954,434.533935546875,1887645,0.0,0.0
2005-02-28 00:00:00+09:00,437.28418497342716,478.5374238697632,437.28418497342716,475.7872009277344,3479491,0.0,0.0
2005-03-01 00:00:00+09:00,475.7872009277344,475.7872009277344,475.7872009277344,475.7872009277344,0,0.0,0.0
2005-03-02 00:00:00+09:00,484.03774161986496,489.53818644646583,459.28581005621163,464.7862548828125,1541169,0.0,0.0
2005-03-03 00:00:00+09:00,467.5364967442025,519.7905883789062,462.0360863541454,519.7905883789062,4887755,0.0,0.0
2005-03-04 00:00:00+09:00,517.0402429831412,533.5415403946323,495.0385364865005,508.78961181640625,3807264,0.0,0.0
2005-03-07 00:00:00+09:00,522.5408272130419,522.5408272130419,448.28502157414306,473.0369567871094,3484820,0.0,0.0
2005-03-08 00:00:00+09:00,467.53641498519295,475.78708174451236,420.782776994476,442.78448486328125,2260347,0.0,0.0
2005-03-09 00:00:00+09:00,429.0335352422167,475.78718320282434,418.0326789619579,451.0352478027344,3867657,0.0,0.0
2005-03-10 00:00:00+09:00,442.7845286241448,459.2858286956013,434.5338961274299,437.28411865234375,1894646,0.0,0.0
2005-03-11 00:00:00+09:00,440.0343193055012,453.7853961685512,437.28409691728615,445.53472900390625,1523407,0.0,0.0
2005-03-14 00:00:00+09:00,448.2849293694942,462.03600555700325,442.78448486328125,442.78448486328125,1088013,0.0,0.0
2005-03-15 00:00:00+09:00,448.28494213806135,453.78538680094425,423.5330113111367,426.2832336425781,1825894,0.0,0.0
2005-03-16 00:00:00+09:00,418.0326229762519,442.7845199833728,409.781955562519,429.0334777832031,1998505,0.0,0.0
2005-03-17 00:00:00+09:00,418.03264837073743,467.5364804702447,415.28242573242363,431.78369140625,4991718,0.0,0.0
2005-03-18 00:00:00+09:00,431.78369140625006,448.28499215810456,426.2832812076506,431.78369140625,2121799,0.0,0.0
2005-03-21 00:00:00+09:00,434.53393711394943,442.7845703888883,418.03267056407157,423.5330810546875,2369013,0.0,0.0
2005-03-22 00:00:00+09:00,423.5330411058011,473.0369062421439,418.03263113400004,437.28411865234375,5548420,0.0,0.0
2005-03-23 00:00:00+09:00,437.28408789031977,451.03516446950283,426.2832336425781,426.2832336425781,2678710,0.0,0.0
2005-03-24 00:00:00+09:00,437.28408789031977,442.78449747517845,401.5313028156535,426.2832336425781,2466080,0.0,0.0
2005-03-25 00:00:00+09:00,426.28325531195884,440.0343325901544,418.0326229762519,429.0334777832031,1782637,0.0,0.0
2005-03-28 00:00:00+09:00,429.0334648306661,451.0351737803362,426.2832424424511,445.53472900390625,2552386,0.0,0.0
2005-03-29 00:00:00+09:00,445.53471980661993,451.03516446950283,423.5330113111367,426.2832336425781,1537930,0.0,0.0
2005-03-30 00:00:00+09:00,423.5329404022485,431.7835709372086,415.2823098672885,418.03253173828125,1148406,0.0,0.0
2005-03-31 00:00:00+09:00,426.2831622732413,434.5337928082014,415.2823098672885,418.03253173828125,1679614,0.0,0.0
2005-04-01 00:00:00+09:00,409.7819431394758,418.0326103030796,409.7819431394758,412.53216552734375,1506062,0.0,0.0
2005-04-04 00:00:00+09:00,407.0317919765923,415.28246058395,396.03093557814634,398.7811584472656,1689749,0.0,0.0
2005-04-05 00:00:00+09:00,398.7811584472656,398.7811584472656,398.7811584472656,398.7811584472656,0,0.0,0.0
2005-04-06 00:00:00+09:00,396.03087519118856,404.281542540481,382.27979802039357,387.7802429199219,1769785,0.0,0.0
2005-04-07 00:00:00+09:00,385.0300297920583,390.530474824757,363.0283198173167,374.0291748046875,1699257,0.0,0.0
2005-04-08 00:00:00+09:00,379.52959787705845,398.78108422152195,379.52959787705845,382.27978515625,2342996,0.0,0.0
2005-04-11 00:00:00+09:00,379.5295794586923,379.5295794586923,363.0282811942195,365.77850341796875,824708,0.0,0.0
2005-04-12 00:00:00+09:00,363.02832031249994,371.2789527947756,363.02832031249994,363.0283203125,1067847,0.0,0.0
2005-04-13 00:00:00+09:00,363.02833009010675,368.52877527845425,346.5270296030919,349.2772521972656,2583836,0.0,0.0
2005-04-14 00:00:00+09:00,346.52706169115027,349.2772845399919,335.5262053738146,338.27642822265625,1202635,0.0,0.0
2005-04-15 00:00:00+09:00,332.7759263673866,341.0265575738437,324.5252600829083,327.2754821777344,1613996,0.0,0.0
2005-04-18 00:00:00+09:00,308.0240115616849,316.27464314024036,280.52185952913635,283.2720642089844,2419062,0.0,0.0
2005-04-19 00:00:00+09:00,291.52277221010536,319.0249297977081,283.27212142602156,310.7742614746094,2691457,0.0,0.0
2005-04-20 00:00:00+09:00,310.7742221536857,330.0257440604074,310.7742221536857,313.5244445800781,2509442,0.0,0.0
2005-04-21 00:00:00+09:00,305.27382530868545,316.2746804021669,294.27297021520394,308.0240478515625,1596547,0.0,0.0
2005-04-22 00:00:00+09:00,327.27556618562846,332.77601178718214,313.52448725977445,319.0249328613281,2139143,0.0,0.0
2005-04-25 00:00:00+09:00,310.77427347711443,321.7751299214169,308.02408567456223,316.27471923828125,828365,0.0,0.0
2005-04-26 00:00:00+09:00,321.77513197905137,324.5253548772215,305.27386474609375,305.27386474609375,1162303,0.0,0.0
2005-04-27 00:00:00+09:00,297.0231576800541,327.2755354956484,297.0231576800541,308.0240478515625,2713817,0.0,0.0
2005-04-28 00:00:00+09:00,313.5244130930492,316.27463524323883,302.5235595703125,302.5235595703125,1168886,0.0,0.0
2005-04-29 00:00:00+09:00,294.2729980971479,302.5236314294879,286.0223472257927,288.7725524902344,918641,0.0,0.0
2005-05-02 00:00:00+09:00,294.27297532915327,305.2738306138104,291.5227527384821,297.0231628417969,1669165,0.0,0.0
2005-05-03 00:00:00+09:00,294.27297532915327,302.5236080231392,291.5227527384821,297.0231628417969,1166064,0.0,0.0
2005-05-04 00:00:00+09:00,299.77340545517427,316.2747070233419,299.77340545517427,310.7742614746094,1413487,0.0,0.0
2005-05-05 00:00:00+09:00,310.7742614746094,310.7742614746094,310.7742614746094,310.7742614746094,0,0.0,0.0
2005-05-06 00:00:00+09:00,313.5244637070897,352.0274747914394,313.5244637070897,349.2772521972656,4085093,0.0,0.0
2005-05-09 00:00:00+09:00,357.5278977493192,385.0300167469396,343.7768207114963,346.5270080566406,5717897,0.0,0.0
2005-05-10 00:00:00+09:00,343.7768333260794,357.5279108684857,338.27638827790616,352.0274658203125,3177317,0.0,0.0
2005-05-11 00:00:00+09:00,352.0274938823596,404.2815856933594,343.77686073042304,404.2815856933594,14721778,0.0,0.0
2005-05-12 00:00:00+09:00,437.2841733808419,459.2858861777337,385.03007917970046,398.7811584472656,17597653,0.0,0.0
2005-05-13 00:00:00+09:00,396.0309337825345,401.53137949583385,346.5270626749638,357.5279541015625,6380234,0.0,0.0
2005-05-16 00:00:00+09:00,360.27809779239925,371.2789527947756,354.77768783022435,363.0283203125,3642489,0.0,0.0
2005-05-17 00:00:00+09:00,374.02922108539883,390.530523147266,352.02750838826313,357.5279541015625,7641277,0.0,0.0
2005-05-18 00:00:00+09:00,360.2780850944635,365.7785299408028,343.7768207114963,346.5270080566406,2495963,0.0,0.0
2005-05-19 00:00:00+09:00,360.27812416252783,396.03091430664057,354.7777137977569,396.0309143066406,9259871,0.0,0.0
2005-05-20 00:00:00+09:00,409.7819961019739,448.2850092743933,390.5305070547789,404.2815856933594,18777510,0.0,0.0
2005-05-23 00:00:00+09:00,407.0317299122195,407.0317299122195,376.77938819889096,387.7802429199219,5321477,0.0,0.0
2005-05-24 00:00:00+09:00,404.281542540481,404.281542540481,379.52961064865514,387.7802429199219,2848709,0.0,0.0
2005-05-25 00:00:00+09:00,387.7802429199219,429.0334744323069,387.7802429199219,387.7802429199219,7027630,0.0,0.0
2005-05-26 00:00:00+09:00,385.0300330644234,404.2815557644607,382.27981052469994,393.28070068359375,3120059,0.0,0.0
2005-05-27 00:00:00+09:00,407.03172945760446,418.0326192443741,398.7810971955529,409.7819519042969,5568900,0.0,0.0
2005-05-30 00:00:00+09:00,407.0317919765923,418.03268345306924,393.2807477870582,398.7811584472656,2798869,0.0,0.0
2005-05-31 00:00:00+09:00,401.5314025878907,412.5322595691174,393.28076862147884,401.5314025878906,4109124,0.0,0.0
2005-06-01 00:00:00+09:00,401.53135974944064,415.2824382784116,393.2807266632697,396.0309143066406,3953962,0.0,0.0
2005-06-02 00:00:00+09:00,401.53133322473724,407.0317432261573,393.28070068359375,393.28070068359375,2012297,0.0,0.0
2005-06-03 00:00:00+09:00,390.5305039418697,398.78113702804063,385.0300584990697,396.0309143066406,2041658,0.0,0.0
2005-06-06 00:00:00+09:00,396.03091430664057,396.03091430664057,396.03091430664057,396.0309143066406,0,0.0,0.0
2005-06-07 00:00:00+09:00,401.53137700255434,453.78547064230673,401.53137700255434,451.0352478027344,13299199,0.0,0.0
2005-06-08 00:00:00+09:00,456.53560733475695,462.0360523986096,415.28240966796875,415.28240966796875,10048323,0.0,0.0
2005-06-09 00:00:00+09:00,423.53302000079054,448.2849513355522,412.5321655273437,412.53216552734375,12716689,0.0,0.0
2005-06-10 00:00:00+09:00,418.0326429296628,423.5330530566694,385.0300418555126,390.5304870605469,5083562,0.0,0.0
2005-06-13 00:00:00+09:00,387.7802556041469,404.2815557644607,387.7802556041469,393.28070068359375,2539116,0.0,0.0
2005-06-14 00:00:00+09:00,393.28070068359375,420.78282084674765,390.5304781438703,393.28070068359375,10607846,0.0,0.0
2005-06-15 00:00:00+09:00,393.280678968318,412.5321655273437,390.53045658045005,412.53216552734375,4063986,0.0,0.0
2005-06-16 00:00:00+09:00,418.0327055987472,420.7828935355292,398.78117957307575,401.5314025878906,2869083,0.0,0.0
2005-06-17 00:00:00+09:00,404.28162560270556,412.5322595691174,398.78117957307575,401.5314025878906,2691039,0.0,0.0
2005-06-20 00:00:00+09:00,404.2815557644607,409.7819657658807,393.28070068359375,393.28070068359375,2278423,0.0,0.0
2005-06-21 00:00:00+09:00,390.5304870605469,401.5313423925877,387.78026445802976,390.5304870605469,2219702,0.0,0.0
2005-06-22 00:00:00+09:00,393.28072979810094,412.5322188452959,390.5305070547789,404.2815856933594,4337322,0.0,0.0
2005-06-23 00:00:00+09:00,407.03173309127465,451.0351873971057,401.531323226812,429.0334777832031,12818772,0.0,0.0
2005-06-24 00:00:00+09:00,426.2832812076506,442.784546881477,418.03264837073743,431.78369140625,7250499,0.0,0.0
2005-06-27 00:00:00+09:00,423.53304218572106,429.03348724957374,409.78196460411607,415.28240966796875,3451593,0.0,0.0
2005-06-28 00:00:00+09:00,420.7827889796952,431.78364322743687,418.032601726278,426.2832336425781,3924497,0.0,0.0
2005-06-29 00:00:00+09:00,437.28408789031977,445.53471980661993,426.2832336425781,426.2832336425781,3639146,0.0,0.0
2005-06-30 00:00:00+09:00,426.2832812076506,445.53476951979076,426.2832812076506,431.78369140625,3927945,0.0,0.0
2005-07-01 00:00:00+09:00,429.03352652841085,473.0369507557227,429.03352652841085,453.78546142578125,10119687,0.0,0.0
2005-07-04 00:00:00+09:00,464.7862817301546,475.7871369407709,456.53561401367193,456.5356140136719,4397819,0.0,0.0
2005-07-05 00:00:00+09:00,459.2858365858328,464.7862817301546,442.78453623089473,456.5356140136719,3553467,0.0,0.0
2005-07-06 00:00:00+09:00,462.0360946988948,464.78631748260926,448.28501585835227,453.78546142578125,2644229,0.0,0.0
2005-07-07 00:00:00+09:00,448.2849293694942,451.0351516226006,437.28407543509155,442.78448486328125,3306671,0.0,0.0
2005-07-08 00:00:00+09:00,440.0343102217612,445.53471980661993,418.032601726278,426.2832336425781,2870964,0.0,0.0
2005-07-11 00:00:00+09:00,437.2841401329563,448.2849956949776,431.7836948129314,440.03436279296875,5015332,0.0,0.0
2005-07-12 00:00:00+09:00,440.0343810956845,448.2850143408689,426.28330230169064,434.533935546875,2207477,0.0,0.0
2005-07-13 00:00:00+09:00,431.78371277247027,440.0343810956845,431.78371277247027,434.533935546875,1652238,0.0,0.0
2005-07-14 00:00:00+09:00,437.28414669984477,467.5364911802092,434.533923998531,459.2858581542969,5650921,0.0,0.0
2005-07-15 00:00:00+09:00,459.2857833038968,462.03600555700325,442.78448486328125,442.78448486328125,3099371,0.0,0.0
2005-07-18 00:00:00+09:00,442.7845687920594,445.53479156646415,429.0335250760954,434.533935546875,1921812,0.0,0.0
2005-07-19 00:00:00+09:00,431.78370129721725,473.0369365828367,429.0335136739324,459.2858581542969,8148661,0.0,0.0
2005-07-20 00:00:00+09:00,462.03600555700325,470.2866372382994,396.03084687256427,442.78448486328125,5836593,0.0,0.0
2005-07-21 00:00:00+09:00,448.2849293694942,467.53641498519295,434.5338531819851,442.78448486328125,4967582,0.0,0.0
2005-07-22 00:00:00+09:00,437.28415832127973,440.0343810956845,423.5330795272859,434.533935546875,2381238,0.0,0.0
2005-07-25 00:00:00+09:00,434.5338961274299,451.03519619888635,434.5338961274299,437.28411865234375,2102155,0.0,0.0
2005-07-26 00:00:00+09:00,431.78367360251605,448.2849736739725,431.78367360251605,437.28411865234375,2254705,0.0,0.0
2005-07-27 00:00:00+09:00,445.53475062286554,462.03605067483335,437.2841181358949,448.28497314453125,4317156,0.0,0.0
2005-07-28 00:00:00+09:00,456.5356331099385,511.53994654180315,456.5356331099385,481.2875671386719,14205616,0.0,0.0
2005-07-29 00:00:00+09:00,495.03864803728885,495.03864803728885,451.0352251283846,459.2858581542969,4948461,0.0,0.0
2005-08-01 00:00:00+09:00,456.5355239135944,475.7870430412883,451.0351149328392,467.536376953125,2826244,0.0,0.0
2005-08-02 00:00:00+09:00,462.03608085561063,470.2867138815229,453.7854478296983,459.2858581542969,2267661,0.0,0.0
2005-08-03 00:00:00+09:00,459.28580586695625,464.7862506433862,445.5347290039062,445.53472900390625,2020238,0.0,0.0
2005-08-04 00:00:00+09:00,459.2858197328126,459.2858197328126,426.28325531195884,429.0334777832031,2770344,0.0,0.0
2005-08-05 00:00:00+09:00,418.0326192443741,429.03347395311806,404.28154208893767,409.7819519042969,1714094,0.0,0.0
2005-08-08 00:00:00+09:00,401.5314025878907,412.5322595691174,398.78117957307575,401.5314025878906,1206709,0.0,0.0
2005-08-09 00:00:00+09:00,390.5304921436559,442.784546881477,390.5304921436559,431.78369140625,5779962,0.0,0.0
2005-08-10 00:00:00+09:00,429.0334737323154,434.5338835448438,418.032619029233,420.7828063964844,1701033,0.0,0.0
2005-08-11 00:00:00+09:00,418.032601726278,429.0334559740196,418.032601726278,426.2832336425781,984154,0.0,0.0
2005-08-12 00:00:00+09:00,431.78366109956676,440.03432843539775,420.7828063964844,420.7828063964844,1405129,0.0,0.0
2005-08-15 00:00:00+09:00,420.7828063964844,420.7828063964844,420.7828063964844,420.7828063964844,0,0.0,0.0
2005-08-16 00:00:00+09:00,418.0325317382813,429.0333841442341,412.53208799629573,418.03253173828125,1493628,0.0,0.0
2005-08-17 00:00:00+09:00,409.78196460411607,418.0326321998951,407.03174207218973,415.28240966796875,1158332,0.0,0.0
2005-08-18 00:00:00+09:00,418.0326643319399,434.53393063581285,404.2815856933594,404.2815856933594,2461483,0.0,0.0
2005-08-19 00:00:00+09:00,404.2815856933594,412.5322188452959,390.5305070547789,404.2815856933594,1472940,0.0,0.0
2005-08-22 00:00:00+09:00,415.28240966796875,429.03348724957374,415.28240966796875,415.28240966796875,2428465,0.0,0.0
2005-08-23 00:00:00+09:00,415.28239679768166,423.5330290597332,407.03172945760446,409.7819519042969,1525288,0.0,0.0
2005-08-24 00:00:00+09:00,412.53218329387363,412.53218329387363,401.5313283466528,407.03173828125,822932,0.0,0.0
2005-08-25 00:00:00+09:00,401.53138131638485,412.5322377148308,396.03093557814634,398.7811584472656,2134859,0.0,0.0
2005-08-26 00:00:00+09:00,393.2806968353119,398.78110678291006,382.2798067840627,385.030029296875,1636774,0.0,0.0
2005-08-29 00:00:00+09:00,368.5287658868055,376.7793983810387,349.27724329622595,352.0274658203125,902446,0.0,0.0
2005-08-30 00:00:00+09:00,357.52791917946325,365.7785518654879,346.5270288273937,360.2781066894531,852815,0.0,0.0
2005-08-31 00:00:00+09:00,349.27720515349597,368.52872564171804,349.27720515349597,365.77850341796875,924179,0.0,0.0
2005-09-01 00:00:00+09:00,368.5287780761719,374.02918822824864,365.7785554611196,368.5287780761719,722939,0.0,0.0
2005-09-02 00:00:00+09:00,374.0291748046875,382.279807275709,368.52876485001536,374.0291748046875,552626,0.0,0.0
2005-09-05 00:00:00+09:00,376.7794189453125,379.5296416195037,371.27897359693003,376.7794189453125,849367,0.0,0.0
2005-09-06 00:00:00+09:00,376.7794189453125,382.2798292156664,374.0291962711213,376.7794189453125,1177140,0.0,0.0
2005-09-07 00:00:00+09:00,382.27982009893464,387.78026531614074,379.5296325683594,379.5296325683594,1113821,0.0,0.0
2005-09-08 00:00:00+09:00,385.0300073668833,385.0300073668833,368.528743385918,371.2789306640625,857203,0.0,0.0
2005-09-09 00:00:00+09:00,365.7785210297489,374.0291530202316,365.7785210297489,371.2789306640625,772883,0.0,0.0
2005-09-12 00:00:00+09:00,374.0291748046875,382.279807275709,371.27895228833813,374.0291748046875,1061996,0.0,0.0
2005-09-13 00:00:00+09:00,374.02917531487634,376.7793978349771,360.27809779239925,363.0283203125,800781,0.0,0.0
2005-09-14 00:00:00+09:00,360.2781066894531,368.5287744535053,354.7776965914459,360.2781066894531,707057,0.0,0.0
2005-09-15 00:00:00+09:00,357.5278718247438,368.52872564171804,357.5278718247438,365.77850341796875,771107,0.0,0.0
2005-09-16 00:00:00+09:00,363.0283198173167,374.0291748046875,363.0283198173167,374.0291748046875,650739,0.0,0.0
2005-09-19 00:00:00+09:00,374.0291748046875,374.0291748046875,374.0291748046875,374.0291748046875,0,0.0,0.0
2005-09-20 00:00:00+09:00,387.78027456404885,387.78027456404885,374.0291962711213,376.7794189453125,841008,0.0,0.0
2005-09-21 00:00:00+09:00,376.7794108433009,376.7794108433009,365.7785554611196,368.5287780761719,916134,0.0,0.0
2005-09-22 00:00:00+09:00,365.7785210297489,374.0291530202316,363.02829867357985,371.2789306640625,669546,0.0,0.0
2005-09-23 00:00:00+09:00,371.27895228833813,385.0300297920583,368.52876485001536,374.0291748046875,1919932,0.0,0.0
2005-09-26 00:00:00+09:00,374.0291531626263,390.53045222789825,374.0291531626263,382.27978515625,1481403,0.0,0.0
2005-09-27 00:00:00+09:00,387.78026531614074,387.78026531614074,376.7794099597563,379.5296325683594,692533,0.0,0.0
2005-09-28 00:00:00+09:00,382.2798765622192,401.5314025878907,379.5296886254372,401.5314025878906,1360826,0.0,0.0
2005-09-29 00:00:00+09:00,407.0317919765923,418.03268345306924,396.03093557814634,398.7811584472656,2794062,0.0,0.0
2005-09-30 00:00:00+09:00,404.2815518085347,407.0317392433205,382.2798067840627,385.030029296875,1414219,0.0,0.0
2005-10-03 00:00:00+09:00,385.030029296875,385.030029296875,385.030029296875,385.030029296875,0,0.0,0.0
2005-10-04 00:00:00+09:00,387.7803020488197,404.2816041855041,387.7803020488197,398.7811584472656,1410248,0.0,0.0
2005-10-05 00:00:00+09:00,398.78114020671546,412.5322188452959,393.28072979810094,404.2815856933594,1720572,0.0,0.0
2005-10-06 00:00:00+09:00,401.53135974944064,404.28158247084065,390.5305039418697,396.0309143066406,1295000,0.0,0.0
2005-10-07 00:00:00+09:00,393.28076862147884,404.28162560270556,393.28076862147884,401.5314025878906,935255,0.0,0.0
2005-10-10 00:00:00+09:00,407.03171240051216,434.5338655588783,404.28152514709495,426.2832336425781,3501851,0.0,0.0
2005-10-11 00:00:00+09:00,431.7837230037584,462.0361040829932,426.28331240264436,451.0352478027344,5374138,0.0,0.0
2005-10-12 00:00:00+09:00,459.2858476333315,484.0377812220992,423.53305856933684,431.78369140625,6586176,0.0,0.0
2005-10-13 00:00:00+09:00,431.7835709372086,437.2840146791942,412.53208799629573,418.03253173828125,1960263,0.0,0.0
2005-10-14 00:00:00+09:00,451.0351873971057,462.03604220405697,420.7828103694702,429.0334777832031,5276965,0.0,0.0
2005-10-17 00:00:00+09:00,420.7828066130408,429.03347395311806,404.28154208893767,409.7819519042969,1783891,0.0,0.0
2005-10-18 00:00:00+09:00,412.5321655273437,418.0326103030796,407.03172075160785,412.53216552734375,2295141,0.0,0.0
2005-10-19 00:00:00+09:00,409.7819523619836,409.7819523619836,382.27979802039357,387.7802429199219,1985340,0.0,0.0
2005-10-20 00:00:00+09:00,390.530465369686,398.78109764095274,387.7802429199219,387.7802429199219,1454028,0.0,0.0
2005-10-21 00:00:00+09:00,379.529668519493,404.2816041855041,376.77944565037376,398.7811584472656,2357728,0.0,0.0
2005-10-24 00:00:00+09:00,401.5314025878907,407.0318135394876,398.78117957307575,401.5314025878906,1590905,0.0,0.0
2005-10-25 00:00:00+09:00,407.0317919765923,409.78201484571156,398.7811584472656,398.7811584472656,1295418,0.0,0.0
2005-10-26 00:00:00+09:00,398.78113702804063,401.53135974944064,393.2807266632697,396.0309143066406,978512,0.0,0.0
2005-10-27 00:00:00+09:00,396.03088333402917,415.2824058001855,393.2806959057438,407.03173828125,1681808,0.0,0.0
2005-10-28 00:00:00+09:00,401.53135974944064,401.53135974944064,393.2807266632697,396.0309143066406,746866,0.0,0.0
2005-10-31 00:00:00+09:00,404.2816041855041,404.2816041855041,398.7811584472656,398.7811584472656,643738,0.0,0.0
2005-11-01 00:00:00+09:00,398.78117957307575,407.0318135394876,398.78117957307575,401.5314025878906,880817,0.0,0.0
2005-11-02 00:00:00+09:00,401.5313283466528,409.78196078756184,401.5313283466528,407.03173828125,814051,0.0,0.0
2005-11-03 00:00:00+09:00,412.5321655273437,423.53302000079054,407.03172075160785,412.53216552734375,1984400,0.0,0.0
2005-11-04 00:00:00+09:00,415.28239658395603,423.5330288417614,409.781951693402,420.7828063964844,1930485,0.0,0.0
2005-11-07 00:00:00+09:00,431.78371277247027,451.0352371152736,426.28330230169064,434.533935546875,2899175,0.0,0.0
2005-11-08 00:00:00+09:00,437.28415832127973,442.7845687920594,423.5330795272859,434.533935546875,1605846,0.0,0.0
2005-11-09 00:00:00+09:00,437.2841366828776,448.28499215810456,431.78369140625006,431.78369140625,2066630,0.0,0.0
2005-11-10 00:00:00+09:00,434.5339174729438,445.5347730349652,431.7836948129314,440.03436279296875,1409204,0.0,0.0
2005-11-11 00:00:00+09:00,448.28495139212123,453.7853961685512,440.0343193055012,445.53472900390625,1852016,0.0,0.0
2005-11-14 00:00:00+09:00,453.78533696222695,467.536376953125,442.7844488446759,467.536376953125,3460997,0.0,0.0
2005-11-15 00:00:00+09:00,484.0377898258708,503.2892784802062,473.0369341551036,481.2875671386719,8280209,0.0,0.0
2005-11-16 00:00:00+09:00,481.2875671386718,486.7880125130698,470.28671146790464,481.2875671386719,3607800,0.0,0.0
2005-11-17 00:00:00+09:00,484.03775962900664,486.78798214463205,470.28668212890625,470.28668212890625,2472663,0.0,0.0
2005-11-18 00:00:00+09:00,473.03696502449145,519.7906134458029,473.03696502449145,500.53912353515625,7711387,0.0,0.0
2005-11-21 00:00:00+09:00,517.0403442382812,555.5433556866908,506.0394888355968,517.0403442382812,7610349,0.0,0.0
2005-11-22 00:00:00+09:00,528.0412614361215,530.7914843781504,467.536532101648,475.7872009277344,5685088,0.0,0.0
2005-11-23 00:00:00+09:00,486.78804427982385,517.0403905791303,481.2875985464785,500.53912353515625,6992000,0.0,0.0
2005-11-24 00:00:00+09:00,503.2892784802062,508.7897238546042,481.2875671386718,481.2875671386719,3297476,0.0,0.0
2005-11-25 00:00:00+09:00,484.03782328831466,506.03953615086874,481.2876004109876,489.53826904296875,3761186,0.0,0.0
2005-11-28 00:00:00+09:00,492.28839604803886,500.5390636611194,478.53735351562494,478.537353515625,1817535,0.0,0.0
2005-11-29 00:00:00+09:00,478.5373496757824,481.2875371133813,464.78627217568203,470.28668212890625,2037061,0.0,0.0
2005-11-30 00:00:00+09:00,473.0368868833993,492.28837361388764,473.0368868833993,486.7879638671875,2251257,0.0,0.0
2005-12-01 00:00:00+09:00,492.28845035432965,517.0403857680018,486.78803975019736,503.289306640625,3268011,0.0,0.0
2005-12-02 00:00:00+09:00,514.2901679977484,517.0403556003346,489.53823402827334,492.2884216308594,4651094,0.0,0.0
2005-12-05 00:00:00+09:00,495.0386262964223,500.5390714574839,489.53821621338807,497.7888488769531,1107657,0.0,0.0
2005-12-06 00:00:00+09:00,500.5390998085985,563.7940473535036,497.7888770722919,550.04296875,10116135,0.0,0.0
2005-12-07 00:00:00+09:00,550.0429682973229,555.54337868738,517.0403656448631,519.7905883789062,3775814,0.0,0.0
2005-12-08 00:00:00+09:00,517.0402429831412,533.5415403946323,495.0385364865005,508.78961181640625,2759059,0.0,0.0
2005-12-09 00:00:00+09:00,503.2892794325563,528.0412135081266,500.53909181818204,511.5399475097656,2913385,0.0,0.0
2005-12-12 00:00:00+09:00,508.78967662761767,539.0420532226562,508.78967662761767,539.0420532226562,3311686,0.0,0.0
2005-12-13 00:00:00+09:00,541.7923764998579,580.295394972149,539.0421884560069,555.54345703125,6328305,0.0,0.0
2005-12-14 00:00:00+09:00,569.2944577480874,569.2944577480874,539.0421128828029,550.04296875,2682680,0.0,0.0
2005-12-15 00:00:00+09:00,552.793212890625,558.2936589252532,539.0421679601202,552.793212890625,2192849,0.0,0.0
2005-12-16 00:00:00+09:00,475.7871796058901,492.28844636251404,470.2867339683285,473.0369567871094,9702997,0.0,0.0
2005-12-19 00:00:00+09:00,467.5364596132809,481.2875371133813,464.78627217568203,470.28668212890625,3435293,0.0,0.0
2005-12-20 00:00:00+09:00,470.2866917964491,475.7871369407709,453.7854265195383,456.5356140136719,2404329,0.0,0.0
2005-12-21 00:00:00+09:00,456.53558764291125,467.5364422180877,453.78540030763605,464.7862548828125,2517801,0.0,0.0
2005-12-22 00:00:00+09:00,464.7862706016924,473.0369030426014,407.03173828125,407.03173828125,4357174,0.0,0.0
2005-12-23 00:00:00+09:00,404.28159172048674,426.2833038390105,390.53051287690187,423.5330810546875,2275707,0.0,0.0
2005-12-26 00:00:00+09:00,429.03350723094735,453.78544101500256,429.03350723094735,440.03436279296875,2526891,0.0,0.0
2005-12-27 00:00:00+09:00,445.53479156646415,448.2850143408689,431.78371277247027,434.533935546875,1133465,0.0,0.0
2005-12-28 00:00:00+09:00,437.3740163826338,462.9348371684409,434.5339171343509,457.254638671875,1260938,23.926628,0.0
2005-12-29 00:00:00+09:00,460.09477600490663,471.4551377140326,451.57451377915527,462.93487548828125,1810012,0.0,0.0
2006-01-02 00:00:00+09:00,462.9348639662193,468.6150627915932,460.09476455353234,465.77496337890625,1056354,0.0,0.0
2006-01-03 00:00:00+09:00,474.295207950823,479.97540656731275,465.77494625045864,471.4551086425781,1380783,0.0,0.0
2006-01-04 00:00:00+09:00,479.9754242179693,479.9754242179693,465.77496337890625,465.77496337890625,1628102,0.0,0.0
2006-01-05 00:00:00+09:00,468.6150356650067,471.45509868892003,451.5744763996788,457.254638671875,1234816,0.0,0.0
2006-01-06 00:00:00+09:00,454.4145202636719,457.2545829414368,448.73432245941166,454.4145202636719,931389,0.0,0.0
2006-01-09 00:00:00+09:00,460.09476455353234,474.2952253925954,457.2546651408454,465.77496337890625,1762680,0.0,0.0
2006-01-10 00:00:00+09:00,471.4551259799085,474.2952253925954,457.2546651408454,465.77496337890625,1242444,0.0,0.0
2006-01-11 00:00:00+09:00,471.4551377140326,479.9754361641566,462.93487548828125,462.93487548828125,1183723,0.0,0.0
2006-01-12 00:00:00+09:00,465.77487964782716,468.6149785499573,454.4145202636719,454.4145202636719,1066698,0.0,0.0
2006-01-13 00:00:00+09:00,448.73440312715627,465.77496337890625,445.89430371446934,465.77496337890625,1324361,0.0,0.0
2006-01-16 00:00:00+09:00,462.93487548828125,468.61507445503054,460.09477600490663,462.93487548828125,1112567,0.0,0.0
2006-01-17 00:00:00+09:00,462.93477198231363,465.77487083068047,448.73431396484375,448.73431396484375,1105149,0.0,0.0
2006-01-18 00:00:00+09:00,443.0541594609439,445.8942221296155,397.61268584545235,420.3334045410156,1126046,0.0,0.0
2006-01-19 00:00:00+09:00,414.65332031250006,426.0136817789986,411.81322088978243,414.6533203125,724820,0.0,0.0
2006-01-20 00:00:00+09:00,417.4933054267251,440.214022138854,391.93249006948963,394.7725524902344,2164116,0.0,0.0
2006-01-23 00:00:00+09:00,377.7321264437353,389.0924876080821,337.9708442563362,340.8109436035156,1253206,0.0,0.0
2006-01-24 00:00:00+09:00,337.9707764676004,352.1712341308594,303.88969981039696,352.1712341308594,1675852,0.0,0.0
2006-01-25 00:00:00+09:00,352.1712536044921,369.2118109875489,352.1712536044921,355.0113525390625,2280304,0.0,0.0
2006-01-26 00:00:00+09:00,357.85141524926735,360.69151418383774,349.3311546699217,355.0113525390625,981124,0.0,0.0
2006-01-27 00:00:00+09:00,363.53163799956377,374.8919982910157,363.53163799956377,374.8919982910156,1155198,0.0,0.0
2006-01-31 00:00:00+09:00,374.8919871371846,389.09244613509776,372.05188809272863,377.7320861816406,1290507,0.0,0.0
2006-02-01 00:00:00+09:00,374.89196704101556,377.73206593322743,349.3311494598388,357.8514099121094,1170139,0.0,0.0
2006-02-02 00:00:00+09:00,363.53165812406877,366.37175741024686,352.1712972037263,360.6915588378906,606855,0.0,0.0
2006-02-03 00:00:00+09:00,349.33128684076206,355.0114868590284,337.9709230286086,343.651123046875,1020411,0.0,0.0
2006-02-06 00:00:00+09:00,329.4506592255883,346.4911868316289,329.4506592255883,343.651123046875,923448,0.0,0.0
2006-02-07 00:00:00+09:00,343.65098473252675,352.17124510627053,343.65098473252675,349.3311462402344,950092,0.0,0.0
2006-02-08 00:00:00+09:00,343.6509740226494,360.6914942390693,343.6509740226494,352.1712341308594,1137958,0.0,0.0
2006-02-09 00:00:00+09:00,363.5316244633595,372.05188530860204,360.6915254401564,369.2118225097656,1063041,0.0,0.0
2006-02-10 00:00:00+09:00,374.8920362740103,394.7726597422073,369.21187366497054,380.5722351074219,3318269,0.0,0.0
2006-02-13 00:00:00+09:00,383.4122451770476,386.2523442002507,366.3717234865626,369.2118225097656,1083416,0.0,0.0
2006-02-14 00:00:00+09:00,366.3717234865626,369.2118225097656,357.85142641695336,369.2118225097656,1047055,0.0,0.0
2006-02-15 00:00:00+09:00,374.8920387639993,377.73213819956874,360.6915778105244,363.53167724609375,727223,0.0,0.0
2006-02-16 00:00:00+09:00,360.6915588378906,366.37175741024686,357.8514595517125,360.6915588378906,688667,0.0,0.0
2006-02-17 00:00:00+09:00,363.53165812406877,366.37175741024686,357.8514595517125,360.6915588378906,503100,0.0,0.0
2006-02-20 00:00:00+09:00,363.5316244633595,374.8919843318051,360.6915254401564,369.2118225097656,1271073,0.0,0.0
2006-02-21 00:00:00+09:00,369.2118225097656,377.73208335500817,366.3717234865626,369.2118225097656,898371,0.0,0.0
2006-02-22 00:00:00+09:00,369.211833728643,374.89199572328,360.6915364001359,366.3717346191406,893774,0.0,0.0
2006-02-23 00:00:00+09:00,369.21183625747375,374.8919982910157,366.37173712851876,374.8919982910156,852815,0.0,0.0
2006-02-24 00:00:00+09:00,372.0518798828125,377.73207784638197,369.21181712539396,372.0518798828125,630469,0.0,0.0
2006-02-27 00:00:00+09:00,374.8920362740103,383.41229829975595,372.05193685730455,380.5722351074219,842680,0.0,0.0
2006-02-28 00:00:00+09:00,380.5722351074219,394.7726597422073,374.8920362740103,380.5722351074219,1684942,0.0,0.0
2006-03-02 00:00:00+09:00,386.2523470906417,389.09244613509776,377.7320861816406,377.7320861816406,740179,0.0,0.0
2006-03-03 00:00:00+09:00,377.73209483278237,383.4122568274193,363.53163550963825,366.3717346191406,908715,0.0,0.0
2006-03-06 00:00:00+09:00,363.53163550963825,369.211833728643,363.53163550963825,366.3717346191406,668084,0.0,0.0
2006-03-07 00:00:00+09:00,360.69150880432124,363.5316076965331,355.01134724426254,357.8514099121094,847904,0.0,0.0
2006-03-08 00:00:00+09:00,352.1712536044921,363.53161311840813,349.3311546699217,355.0113525390625,1295732,0.0,0.0
2006-03-09 00:00:00+09:00,360.69151418383774,363.53161311840813,355.0113525390625,355.0113525390625,620125,0.0,0.0
2006-03-10 00:00:00+09:00,352.17124835205067,360.69150880432124,352.17124835205067,357.8514099121094,719700,0.0,0.0
2006-03-13 00:00:00+09:00,357.85147837495504,366.37177668166316,357.85147837495504,363.53167724609375,772256,0.0,0.0
2006-03-14 00:00:00+09:00,369.2118761172325,369.2118761172325,360.6915778105244,363.53167724609375,535491,0.0,0.0
2006-03-15 00:00:00+09:00,366.37177668166316,369.2118761172325,363.53167724609375,363.53167724609375,285664,0.0,0.0
2006-03-16 00:00:00+09:00,366.37177668166316,372.05193932842997,363.53167724609375,363.53167724609375,651052,0.0,0.0
2006-03-17 00:00:00+09:00,363.53167724609375,366.37177668166316,360.6915778105244,363.53167724609375,398927,0.0,0.0
2006-03-20 00:00:00+09:00,363.53161916182455,372.0518798828125,363.53161916182455,372.0518798828125,473113,0.0,0.0
2006-03-21 00:00:00+09:00,372.0518991620607,380.5721965489256,372.0518991620607,374.8919982910156,633290,0.0,0.0
2006-03-22 00:00:00+09:00,369.2118761172325,372.05193932842997,360.6915778105244,363.53167724609375,575613,0.0,0.0
2006-03-23 00:00:00+09:00,369.2118761172325,374.8920387639993,363.53167724609375,363.53167724609375,549387,0.0,0.0
2006-03-24 00:00:00+09:00,363.53167724609375,369.2118761172325,355.0114151637576,363.53167724609375,654187,0.0,0.0
2006-03-27 00:00:00+09:00,366.3717234865626,372.05188530860204,363.5316244633595,369.2118225097656,571852,0.0,0.0
2006-03-28 00:00:00+09:00,366.37175741024686,369.211856696425,360.6915588378906,360.6915588378906,457753,0.0,0.0
2006-03-29 00:00:00+09:00,357.8514099121094,363.5316076965331,352.17124835205067,357.8514099121094,387329,0.0,0.0
2006-03-30 00:00:00+09:00,366.37171814360926,377.73207784638197,360.69152018003984,372.0518798828125,1201590,0.0,0.0
2006-03-31 00:00:00+09:00,374.89203786006203,403.2929596985318,372.05193843134066,389.0924987792969,1584427,0.0,0.0
2006-04-03 00:00:00+09:00,394.7726420142214,394.7726420142214,383.4122810819278,386.25238037109375,986871,0.0,0.0
2006-04-04 00:00:00+09:00,386.25239185406855,391.9325906012682,380.5722293312401,383.41229248046875,806841,0.0,0.0
2006-04-05 00:00:00+09:00,386.2523443101717,437.37398184490866,386.2523443101717,423.17352294921875,6072523,0.0,0.0
2006-04-06 00:00:00+09:00,431.6938200212527,431.6938200212527,411.81316307754014,423.17352294921875,1714616,0.0,0.0
2006-04-07 00:00:00+09:00,423.17358235628103,437.3740432454972,414.65332031250006,414.6533203125,2169444,0.0,0.0
2006-04-10 00:00:00+09:00,411.81321338462965,420.3334752731318,406.1330508670852,408.9731140136719,1491434,0.0,0.0
2006-04-11 00:00:00+09:00,406.1329470706607,408.9730094914054,389.0923914243831,394.7725524902344,1738857,0.0,0.0
2006-04-12 00:00:00+09:00,389.09235103672347,400.45270821358656,386.2522526864182,397.61260986328125,784690,0.0,0.0
2006-04-13 00:00:00+09:00,397.61260986328125,403.2928065638918,397.61260986328125,397.61260986328125,604556,0.0,0.0
2006-04-14 00:00:00+09:00,400.45285212516967,411.81321338462965,400.45285212516967,408.9731140136719,945285,0.0,0.0
2006-04-17 00:00:00+09:00,411.8131882945221,414.6532874924441,403.29292692512485,406.1330261230469,814782,0.0,0.0
2006-04-18 00:00:00+09:00,403.29292692512485,414.6532874924441,397.6127285292808,406.1330261230469,1109537,0.0,0.0
2006-04-19 00:00:00+09:00,414.6533319241245,420.33349470425065,408.97313291962547,411.813232421875,1369185,0.0,0.0
2006-04-20 00:00:00+09:00,414.6532874924441,414.6532874924441,406.13302612304693,406.1330261230469,694205,0.0,0.0
2006-04-21 00:00:00+09:00,406.133037509973,414.6532991182564,403.2929382324219,403.2929382324219,1069519,0.0,0.0
2006-04-24 00:00:00+09:00,406.1329470706607,408.9730094914054,394.7725524902343,394.7725524902344,972556,0.0,0.0
2006-04-25 00:00:00+09:00,397.6127608410891,400.4528602698104,386.25239935057556,389.0924987792969,955002,0.0,0.0
2006-04-26 00:00:00+09:00,389.0924987792969,397.6127608410891,389.0924987792969,389.0924987792969,821051,0.0,0.0
2006-04-27 00:00:00+09:00,394.7726614123677,397.6127608410891,389.0924987792969,389.0924987792969,536536,0.0,0.0
2006-04-28 00:00:00+09:00,391.93254517955376,394.7726079996428,377.7320861816406,377.7320861816406,914984,0.0,0.0
2006-05-02 00:00:00+09:00,374.8919871371846,383.4122480461857,374.8919871371846,377.7320861816406,592749,0.0,0.0
2006-05-03 00:00:00+09:00,380.5722351074219,386.2523977164617,377.7321356907161,380.5722351074219,596929,0.0,0.0
2006-05-04 00:00:00+09:00,380.5722293312401,386.25239185406855,377.7321299576403,383.41229248046875,461201,0.0,0.0
2006-05-08 00:00:00+09:00,389.0924912276684,391.9325906012682,383.41229248046875,383.41229248046875,489935,0.0,0.0
2006-05-09 00:00:00+09:00,380.5722293312401,389.0924912276684,380.5722293312401,383.41229248046875,378448,0.0,0.0
2006-05-10 00:00:00+09:00,383.4122480461857,389.09244613509776,374.8919871371846,377.7320861816406,659516,0.0,0.0
2006-05-11 00:00:00+09:00,380.57221801713195,386.2523803710937,377.732118727966,386.25238037109375,722103,0.0,0.0
2006-05-12 00:00:00+09:00,380.5722293312401,383.41229248046875,377.7321299576403,383.41229248046875,509996,0.0,0.0
2006-05-15 00:00:00+09:00,380.5722376351381,380.5722376351381,363.53167724609375,363.53167724609375,853755,0.0,0.0
2006-05-16 00:00:00+09:00,369.2118761172325,369.2118761172325,360.6915778105244,363.53167724609375,408436,0.0,0.0
2006-05-17 00:00:00+09:00,360.6915364001359,366.3717346191406,360.6915364001359,366.3717346191406,500070,0.0,0.0
2006-05-18 00:00:00+09:00,352.17122524373923,360.6914851369385,340.810866644686,346.49102783203125,1009649,0.0,0.0
2006-05-19 00:00:00+09:00,340.81089409057614,355.0113525390625,340.81089409057614,355.0113525390625,643947,0.0,0.0
2006-05-22 00:00:00+09:00,357.85138643108456,360.6914851369385,343.65096535053993,346.49102783203125,492965,0.0,0.0
2006-05-23 00:00:00+09:00,343.650992538837,346.4910552450227,335.1306957471831,337.9707946777344,832858,0.0,0.0
2006-05-24 00:00:00+09:00,355.01139686337876,386.2523803710937,355.01139686337876,386.25238037109375,8805566,0.0,0.0
2006-05-25 00:00:00+09:00,386.25247828635565,386.25247828635565,343.651123046875,343.651123046875,3770171,0.0,0.0
2006-05-26 00:00:00+09:00,352.17138684989527,355.0114868590284,343.651123046875,343.651123046875,2063809,0.0,0.0
2006-05-29 00:00:00+09:00,349.33113535333484,357.8513954615448,343.6509740226494,352.1712341308594,1176408,0.0,0.0
2006-05-30 00:00:00+09:00,349.33128684076206,352.17138684989527,340.8110230377418,343.651123046875,1019993,0.0,0.0
2006-05-31 00:00:00+09:00,343.651123046875,343.651123046875,343.651123046875,343.651123046875,0,0.0,0.0
2006-06-01 00:00:00+09:00,340.81093373307,346.49109603855106,323.77037436788703,326.6104736328125,1375559,0.0,0.0
2006-06-02 00:00:00+09:00,335.13073520321905,335.13073520321905,318.09021206240595,326.6104736328125,856054,0.0,0.0
2006-06-05 00:00:00+09:00,320.9302133870258,326.610410824556,309.5698547363281,309.5698547363281,848427,0.0,0.0
2006-06-07 00:00:00+09:00,298.20954254966176,301.0496417109428,284.00910107980945,286.84918212890625,1128345,0.0,0.0
2006-06-08 00:00:00+09:00,281.16898697354225,295.36944580078125,281.16898697354225,295.36944580078125,737776,0.0,0.0
2006-06-09 00:00:00+09:00,298.2095716313127,309.5699331599403,298.2095716313127,303.8897705078125,1297299,0.0,0.0
2006-06-12 00:00:00+09:00,303.8897705078125,306.72983372169045,298.2095716313127,303.8897705078125,401122,0.0,0.0
2006-06-13 00:00:00+09:00,295.36945000891586,298.2095309475164,289.68927001953125,289.68927001953125,444483,0.0,0.0
2006-06-14 00:00:00+09:00,284.0090859838634,298.2095266989191,284.0090859838634,295.36944580078125,401122,0.0,0.0
2006-06-15 00:00:00+09:00,303.8897629441061,306.72982608729586,295.36948295360907,298.2095642089844,561090,0.0,0.0
2006-06-16 00:00:00+09:00,312.4099644837551,315.2500633027811,303.8897042510413,306.7297668457031,630155,0.0,0.0
2006-06-19 00:00:00+09:00,303.88972055341634,309.5698822718204,301.04962158203125,301.04962158203125,296949,0.0,0.0
2006-06-20 00:00:00+09:00,298.2095266989191,301.04962570924016,292.5293467904601,295.36944580078125,331116,0.0,0.0
2006-06-21 00:00:00+09:00,295.36944580078125,301.04962570924016,295.36944580078125,295.36944580078125,196329,0.0,0.0
2006-06-22 00:00:00+09:00,303.8897042510413,306.7297668457031,301.04960543201526,306.7297668457031,462873,0.0,0.0
2006-06-23 00:00:00+09:00,301.04960543201526,306.7297668457031,298.2095066129893,306.7297668457031,208972,0.0,0.0
2006-06-26 00:00:00+09:00,309.5698656647291,312.4099644837551,301.04960543201526,306.7297668457031,422959,0.0,0.0
2006-06-27 00:00:00+09:00,309.5698547363281,312.4099534550932,306.729756017563,309.5698547363281,244079,0.0,0.0
2006-06-28 00:00:00+09:00,306.729756017563,312.4099534550932,303.8896935231607,309.5698547363281,306144,0.0,0.0
2006-06-29 00:00:00+09:00,309.5698742467707,315.2500720422918,306.72977534901014,312.40997314453125,636215,0.0,0.0
2006-06-30 00:00:00+09:00,320.9302534754286,320.9302534754286,312.4099924792036,315.2500915527344,668293,0.0,0.0
2006-07-03 00:00:00+09:00,315.25009415797257,326.61045432161086,315.25009415797257,323.7703552246094,1119673,0.0,0.0
2006-07-04 00:00:00+09:00,326.61049678404464,329.45059625028574,318.09023460969377,320.9302978515625,710609,0.0,0.0
2006-07-05 00:00:00+09:00,315.2500720422918,320.93023361344774,312.40997314453125,312.40997314453125,366746,0.0,0.0
2006-07-06 00:00:00+09:00,309.5698656647291,315.2500633027811,303.8897042510413,306.7297668457031,354521,0.0,0.0
2006-07-07 00:00:00+09:00,312.4099534550932,312.4099534550932,306.729756017563,309.5698547363281,212942,0.0,0.0
2006-07-10 00:00:00+09:00,312.40997314453125,315.2500720422918,306.72977534901014,312.40997314453125,165714,0.0,0.0
2006-07-11 00:00:00+09:00,312.40997314453125,318.0901709400523,309.5698742467707,312.40997314453125,232795,0.0,0.0
2006-07-12 00:00:00+09:00,315.2500915527344,320.9302534754286,312.4099924792036,315.2500915527344,387016,0.0,0.0
2006-07-13 00:00:00+09:00,312.40997314453125,318.0901709400523,309.5698742467707,312.40997314453125,237078,0.0,0.0
2006-07-14 00:00:00+09:00,306.7297668457031,309.5698656647291,301.04960543201526,306.7297668457031,264767,0.0,0.0
2006-07-18 00:00:00+09:00,303.8897705078125,306.72983372169045,298.2095716313127,303.8897705078125,116188,0.0,0.0
2006-07-19 00:00:00+09:00,301.04966357654524,306.72982608729586,298.2095642089844,298.2095642089844,144086,0.0,0.0
2006-07-20 00:00:00+09:00,303.88971267561476,312.40997314453125,301.0496137778542,312.40997314453125,438005,0.0,0.0
2006-07-21 00:00:00+09:00,306.7297668457031,309.5698656647291,303.8897042510413,306.7297668457031,124756,0.0,0.0
2006-07-24 00:00:00+09:00,303.88972055341634,303.88972055341634,301.04962158203125,301.04962158203125,165192,0.0,0.0
2006-07-25 00:00:00+09:00,306.729756017563,309.5698547363281,303.8896935231607,309.5698547363281,197374,0.0,0.0
2006-07-26 00:00:00+09:00,309.5698656647291,309.5698656647291,303.8897042510413,306.7297668457031,130712,0.0,0.0
2006-07-27 00:00:00+09:00,306.729756017563,315.25005217385836,303.8896935231607,309.5698547363281,490771,0.0,0.0
2006-07-28 00:00:00+09:00,309.5698656647291,312.4099644837551,306.7297668457031,306.7297668457031,154848,0.0,0.0
2006-07-31 00:00:00+09:00,312.4099644837551,312.4099644837551,303.8897042510413,306.7297668457031,240944,0.0,0.0
2006-08-01 00:00:00+09:00,306.7297668457031,309.5698656647291,303.8897042510413,306.7297668457031,100097,0.0,0.0
2006-08-02 00:00:00+09:00,303.8897042510413,306.7297668457031,301.04960543201526,306.7297668457031,148892,0.0,0.0
2006-08-03 00:00:00+09:00,309.5698547363281,312.4099534550932,306.729756017563,309.5698547363281,172297,0.0,0.0
2006-08-04 00:00:00+09:00,309.5698656647291,312.4099644837551,303.8897042510413,306.7297668457031,217122,0.0,0.0
2006-08-07 00:00:00+09:00,303.88971267561476,312.40997314453125,303.88971267561476,312.40997314453125,269574,0.0,0.0
2006-08-08 00:00:00+09:00,312.40997314453125,312.40997314453125,309.5698742467707,312.40997314453125,150355,0.0,0.0
2006-08-09 00:00:00+09:00,309.56993621097047,323.77039731780354,309.56993621097047,320.9302978515625,340938,0.0,0.0
2006-08-10 00:00:00+09:00,318.09023460969377,326.61049678404464,312.41003567721157,320.9302978515625,462455,0.0,0.0
2006-08-11 00:00:00+09:00,323.77033251120827,326.6104314089688,312.40997314453125,312.40997314453125,291516,0.0,0.0
2006-08-14 00:00:00+09:00,312.40997314453125,315.2500720422918,306.72977534901014,312.40997314453125,366955,0.0,0.0
2006-08-16 00:00:00+09:00,315.2500915527344,318.09019062626516,306.729794332142,315.2500915527344,471650,0.0,0.0
2006-08-17 00:00:00+09:00,315.2500804696762,323.7703411663596,312.4099814959931,318.0901794433594,599227,0.0,0.0
2006-08-18 00:00:00+09:00,318.09019062626516,320.9302534754286,315.2500915527344,315.2500915527344,275320,0.0,0.0
2006-08-21 00:00:00+09:00,318.09019062626516,320.9302534754286,312.4099924792036,315.2500915527344,326832,0.0,0.0
2006-08-22 00:00:00+09:00,315.2500804696762,323.7703411663596,312.4099814959931,318.0901794433594,264349,0.0,0.0
2006-08-23 00:00:00+09:00,318.09019062626516,320.9302534754286,306.729794332142,315.2500915527344,423482,0.0,0.0
2006-08-24 00:00:00+09:00,315.25005217385836,318.0901508926235,309.5698547363281,309.5698547363281,236452,0.0,0.0
2006-08-25 00:00:00+09:00,309.5698742467707,315.2500720422918,309.5698742467707,312.40997314453125,213674,0.0,0.0
2006-08-28 00:00:00+09:00,315.25013514345267,323.77039731780354,312.41003567721157,320.9302978515625,791691,0.0,0.0
2006-08-29 00:00:00+09:00,320.9302561276079,329.4505534186123,318.09019325497405,323.7703552246094,530057,0.0,0.0
2006-08-30 00:00:00+09:00,323.7703411663596,326.6104401400427,318.0901794433594,318.0901794433594,403629,0.0,0.0
2006-08-31 00:00:00+09:00,320.93026402282493,337.9708227996815,318.0902010803226,329.4505615234375,898162,0.0,0.0
2006-09-01 00:00:00+09:00,326.61042688640333,335.13068723734,323.7703280279696,332.29058837890625,294650,0.0,0.0
2006-09-04 00:00:00+09:00,335.13072363281066,337.9708227996815,326.61046235656664,329.4505615234375,769540,0.0,0.0
2006-09-05 00:00:00+09:00,329.4505257448371,335.13068723734,326.61042688640333,332.29058837890625,570285,0.0,0.0
2006-09-06 00:00:00+09:00,332.29058837890625,335.13068723734,326.61042688640333,332.29058837890625,417004,0.0,0.0
2006-09-07 00:00:00+09:00,326.61046235656664,332.2906244659398,323.7703631896958,329.4505615234375,510519,0.0,0.0
2006-09-08 00:00:00+09:00,329.4505615234375,335.13072363281066,326.61046235656664,329.4505615234375,369567,0.0,0.0
2006-09-11 00:00:00+09:00,329.4505449632556,340.8109048353299,326.61044593914534,335.1307067871094,619707,0.0,0.0
2006-09-12 00:00:00+09:00,337.9709230286086,352.17138684989527,335.13082301947543,343.651123046875,1220397,0.0,0.0
2006-09-13 00:00:00+09:00,349.331205420683,349.331205420683,335.1307449091568,340.8109436035156,928567,0.0,0.0
2006-09-14 00:00:00+09:00,340.81089360828565,340.81089360828565,332.2905968166318,337.9707946777344,395897,0.0,0.0
2006-09-15 00:00:00+09:00,335.1307067871094,340.8109048353299,332.2906077629991,335.1307067871094,413347,0.0,0.0
2006-09-18 00:00:00+09:00,337.9709230286086,346.4911868316289,337.9709230286086,343.651123046875,549805,0.0,0.0
2006-09-19 00:00:00+09:00,346.4910552450227,346.4910552450227,337.9707946777344,337.9707946777344,235720,0.0,0.0
2006-09-20 00:00:00+09:00,343.650992538837,343.650992538837,335.1306957471831,337.9707946777344,249408,0.0,0.0
2006-09-21 00:00:00+09:00,337.97080581121963,343.6510038594402,335.1307067871094,335.1307067871094,347625,0.0,0.0
2006-09-22 00:00:00+09:00,332.2906077629991,337.97080581121963,329.4505449632556,335.1307067871094,189851,0.0,0.0
2006-09-25 00:00:00+09:00,332.2906077629991,337.97080581121963,329.4505449632556,335.1307067871094,194448,0.0,0.0
2006-09-26 00:00:00+09:00,335.1307067871094,337.97080581121963,326.61044593914534,335.1307067871094,369671,0.0,0.0
2006-09-27 00:00:00+09:00,332.29058837890625,337.9707860957738,329.4505257448371,332.29058837890625,342818,0.0,0.0
2006-09-28 00:00:00+09:00,329.4505257448371,335.13068723734,329.4505257448371,332.29058837890625,262260,0.0,0.0
2006-09-29 00:00:00+09:00,332.29058837890625,337.9707860957738,332.29058837890625,332.29058837890625,259334,0.0,0.0
2006-10-02 00:00:00+09:00,332.2906077629991,335.1307067871094,332.2906077629991,335.1307067871094,177626,0.0,0.0
2006-10-04 00:00:00+09:00,332.29063593829363,332.29063593829363,326.6104736328125,326.6104736328125,267797,0.0,0.0
2006-10-09 00:00:00+09:00,323.77031210579094,329.4505095433212,298.20949608563046,309.5698547363281,1261460,0.0,0.0
2006-10-10 00:00:00+09:00,306.729794332142,318.09019062626516,303.88973148297856,315.2500915527344,241571,0.0,0.0
2006-10-11 00:00:00+09:00,312.40997314453125,318.0901709400523,303.88971267561476,312.40997314453125,255155,0.0,0.0
2006-10-12 00:00:00+09:00,312.4099814959931,318.0901794433594,306.7297835486268,318.0901794433594,178775,0.0,0.0
2006-10-13 00:00:00+09:00,320.9302561276079,326.61045432161086,318.09019325497405,323.7703552246094,526609,0.0,0.0
2006-10-16 00:00:00+09:00,323.7703631896958,329.4505615234375,323.7703631896958,329.4505615234375,255364,0.0,0.0
2006-10-17 00:00:00+09:00,326.61045432161086,329.4505534186123,320.9302561276079,323.7703552246094,213778,0.0,0.0
2006-10-18 00:00:00+09:00,323.7703552246094,326.61045432161086,318.09019325497405,323.7703552246094,76692,0.0,0.0
2006-10-19 00:00:00+09:00,323.77037436788703,326.6104736328125,320.9302751029616,326.6104736328125,224540,0.0,0.0
2006-10-20 00:00:00+09:00,326.61043517989475,337.9707946777344,323.7703362493435,337.9707946777344,462142,0.0,0.0
2006-10-23 00:00:00+09:00,340.81089360828565,340.81089360828565,332.2905968166318,337.9707946777344,361939,0.0,0.0
2006-10-24 00:00:00+09:00,335.13068723734,337.9707860957738,329.4505257448371,332.29058837890625,519504,0.0,0.0
2006-10-25 00:00:00+09:00,332.2906244659398,332.2906244659398,326.61046235656664,329.4505615234375,296740,0.0,0.0
2006-10-26 00:00:00+09:00,329.45057289773797,332.29063593829363,326.6104736328125,326.6104736328125,351595,0.0,0.0
2006-10-27 00:00:00+09:00,326.61045432161086,329.4505534186123,320.9302561276079,323.7703552246094,352640,0.0,0.0
2006-10-30 00:00:00+09:00,323.7703552246094,326.61045432161086,318.09019325497405,323.7703552246094,110337,0.0,0.0
2006-10-31 00:00:00+09:00,323.7703469150351,335.1307067871094,323.7703469150351,335.1307067871094,343550,0.0,0.0
2006-11-01 00:00:00+09:00,335.13068813441834,349.3311462402344,332.2905892683822,349.3311462402344,733178,0.0,0.0
2006-11-02 00:00:00+09:00,346.49110607350354,349.331205420683,337.9708442563362,340.8109436035156,516370,0.0,0.0
2006-11-03 00:00:00+09:00,343.650992538837,346.4910552450227,335.1306957471831,337.9707946777344,353894,0.0,0.0
2006-11-06 00:00:00+09:00,337.9707946777344,343.650992538837,326.61043517989475,337.9707946777344,542909,0.0,0.0
2006-11-07 00:00:00+09:00,340.81088495420755,340.81088495420755,332.29058837890625,332.29058837890625,354939,0.0,0.0
2006-11-08 00:00:00+09:00,335.1307067871094,337.97080581121963,332.2906077629991,335.1307067871094,394748,0.0,0.0
2006-11-09 00:00:00+09:00,335.13082301947543,349.33128684076206,335.13082301947543,343.651123046875,754180,0.0,0.0
2006-11-10 00:00:00+09:00,343.6510063212694,391.93254517955376,343.6510063212694,377.7320861816406,4808868,0.0,0.0
2006-11-13 00:00:00+09:00,380.5721768281667,389.0924375491546,366.37171814360926,372.0518798828125,1901124,0.0,0.0
2006-11-14 00:00:00+09:00,374.8920387639993,374.8920387639993,360.6915778105244,363.53167724609375,1147570,0.0,0.0
2006-11-15 00:00:00+09:00,366.37177668166316,369.2118761172325,360.6915778105244,363.53167724609375,575822,0.0,0.0
2006-11-16 00:00:00+09:00,366.371706588745,369.21180548095685,357.8514099121094,357.8514099121094,469873,0.0,0.0
2006-11-17 00:00:00+09:00,357.85141524926735,366.3717120529785,349.3311546699217,355.0113525390625,862114,0.0,0.0
2006-11-20 00:00:00+09:00,360.6915778105244,372.05193932842997,357.85147837495504,363.53167724609375,901924,0.0,0.0
2006-11-21 00:00:00+09:00,369.2118761172325,369.2118761172325,357.85147837495504,363.53167724609375,468724,0.0,0.0
2006-11-22 00:00:00+09:00,363.53163550963825,377.73209483278237,360.6915364001359,366.3717346191406,1138480,0.0,0.0
2006-11-23 00:00:00+09:00,366.37177668166316,372.05193932842997,360.6915778105244,363.53167724609375,493592,0.0,0.0
2006-11-24 00:00:00+09:00,366.37175741024686,366.37175741024686,357.8514595517125,360.6915588378906,603093,0.0,0.0
2006-11-27 00:00:00+09:00,357.85141524926735,363.53161311840813,355.0113525390625,355.0113525390625,649381,0.0,0.0
2006-11-28 00:00:00+09:00,352.17122524373923,352.17122524373923,343.65096535053993,346.49102783203125,927941,0.0,0.0
2006-11-29 00:00:00+09:00,346.49109863137005,366.37175741024686,346.49109863137005,360.6915588378906,896595,0.0,0.0
2006-11-30 00:00:00+09:00,366.3716366829974,414.6531637407549,366.3716366829974,397.61260986328125,9296128,0.0,0.0
2006-12-01 00:00:00+09:00,406.13300417746683,426.013625039925,374.8919871371846,377.7320861816406,5059530,0.0,0.0
2006-12-04 00:00:00+09:00,374.8919982910157,383.41225945351255,369.21183625747375,374.8919982910156,1853269,0.0,0.0
2006-12-05 00:00:00+09:00,380.5721965489256,386.25235858246754,374.8919982910157,374.8919982910156,1130226,0.0,0.0
2006-12-06 00:00:00+09:00,377.7320974199706,380.5721965489256,372.0518991620607,374.8919982910156,1062623,0.0,0.0
2006-12-07 00:00:00+09:00,374.8919982910157,377.7320974199706,372.0518991620607,374.8919982910156,579793,0.0,0.0
2006-12-08 00:00:00+09:00,374.8920194388001,389.09247966025964,374.8920194388001,386.25238037109375,1715661,0.0,0.0
2006-12-11 00:00:00+09:00,386.25239185406855,394.77265375049683,380.5722293312401,383.41229248046875,1312136,0.0,0.0
2006-12-12 00:00:00+09:00,383.41225945351255,386.25235858246754,369.21183625747375,374.8919982910156,840904,0.0,0.0
2006-12-13 00:00:00+09:00,374.89193442321204,400.4527497804475,366.3716747122542,394.7725524902344,2473603,0.0,0.0
2006-12-14 00:00:00+09:00,391.9325663578056,411.8131882945221,386.2523679619615,406.1330261230469,2664500,0.0,0.0
2006-12-15 00:00:00+09:00,408.973102235681,408.973102235681,386.2523803710937,386.25238037109375,1899243,0.0,0.0
2006-12-18 00:00:00+09:00,386.2523278291122,394.7725883132271,386.2523278291122,391.9325256347656,664845,0.0,0.0
2006-12-19 00:00:00+09:00,389.0924987792969,394.7726614123677,389.0924987792969,389.0924987792969,448349,0.0,0.0
2006-12-20 00:00:00+09:00,386.2523278291122,394.7725883132271,383.4122289262855,391.9325256347656,921253,0.0,0.0
2006-12-21 00:00:00+09:00,391.9325906012682,394.77265375049683,383.41229248046875,383.41229248046875,748642,0.0,0.0
2006-12-22 00:00:00+09:00,386.2523977164617,389.09249713316746,377.7321356907161,380.5722351074219,491607,0.0,0.0
2006-12-26 00:00:00+09:00,377.73213728878335,389.0924987792969,372.05193843134066,389.0924987792969,697549,0.0,0.0
2006-12-27 00:00:00+09:00,397.9353883365883,403.83074468959575,392.04006958007807,392.0400695800781,251184,23.926628,0.0
2006-12-28 00:00:00+09:00,394.9877477565818,400.883066513092,392.04006958007807,392.0400695800781,415332,0.0,0.0
2007-01-02 00:00:00+09:00,392.0401636761938,394.98784256018916,383.19716462071403,386.1448059082031,421810,0.0,0.0
2007-01-03 00:00:00+09:00,386.1447846801318,389.09246340208034,383.1971435546875,383.1971435546875,215136,0.0,0.0
2007-01-04 00:00:00+09:00,386.14475921657095,392.04011627171025,383.19711828550305,389.0924377441406,848949,0.0,0.0
2007-01-05 00:00:00+09:00,389.09246340208034,392.0401421240289,368.458787541449,383.1971435546875,538834,0.0,0.0
2007-01-08 00:00:00+09:00,377.3017740869968,380.2494527150091,371.406416830972,374.3540954589844,349923,0.0,0.0
2007-01-09 00:00:00+09:00,374.3541235034999,380.2494812011719,374.3541235034999,380.2494812011719,295382,0.0,0.0
2007-01-10 00:00:00+09:00,377.3017376683482,377.3017376683482,368.458740234375,368.458740234375,413242,0.0,0.0
2007-01-11 00:00:00+09:00,371.406416830972,377.3017740869968,371.406416830972,374.3540954589844,247945,0.0,0.0
2007-01-12 00:00:00+09:00,374.35409916772994,427.41216461158973,374.35409916772994,403.830810546875,3949783,0.0,0.0
2007-01-15 00:00:00+09:00,403.83079278548706,403.83079278548706,386.14475921657095,389.0924377441406,900774,0.0,0.0
2007-01-16 00:00:00+09:00,394.98779296875,403.8307909139752,386.1447574270232,394.98779296875,902968,0.0,0.0
2007-01-17 00:00:00+09:00,389.0924377441406,397.93543573034776,386.14475921657095,389.0924377441406,677174,0.0,0.0
2007-01-18 00:00:00+09:00,386.1447574270232,394.98779296875,386.1447574270232,394.98779296875,442812,0.0,0.0
2007-01-19 00:00:00+09:00,392.0401636761938,394.98784256018916,380.24948573671867,386.1448059082031,542387,0.0,0.0
2007-01-22 00:00:00+09:00,383.1970726470642,394.9877477565818,380.24939447056045,392.0400695800781,809349,0.0,0.0
2007-01-23 00:00:00+09:00,389.09244106147906,412.6737942900835,389.09244106147906,400.88311767578125,1634476,0.0,0.0
2007-01-24 00:00:00+09:00,400.88311767578125,406.77847478118343,394.9877981668812,400.88311767578125,650948,0.0,0.0
2007-01-25 00:00:00+09:00,400.88311767578125,406.77847478118343,394.9877981668812,400.88311767578125,932538,0.0,0.0
2007-01-26 00:00:00+09:00,392.04013557337845,397.9354553222656,392.04013557337845,397.9354553222656,404465,0.0,0.0
2007-01-29 00:00:00+09:00,394.9877477565818,400.883066513092,392.04006958007807,392.0400695800781,305517,0.0,0.0
2007-01-30 00:00:00+09:00,392.04006958007807,397.9353883365883,389.09239140357437,392.0400695800781,362044,0.0,0.0
2007-01-31 00:00:00+09:00,394.9877477565818,397.9353883365883,389.09239140357437,392.0400695800781,534237,0.0,0.0
2007-02-01 00:00:00+09:00,394.98779296875,403.8307909139752,394.98779296875,394.98779296875,555866,0.0,0.0
2007-02-02 00:00:00+09:00,397.9354108797855,409.72608665724954,365.51106189088415,368.458740234375,1931739,0.0,0.0
2007-02-05 00:00:00+09:00,371.40643310546875,380.249469376995,368.458791944798,371.40643310546875,1351527,0.0,0.0
2007-02-06 00:00:00+09:00,368.45877579946267,383.1971313430215,365.5110971714503,374.3540954589844,1355184,0.0,0.0
2007-02-07 00:00:00+09:00,377.3017740869968,377.3017740869968,371.406416830972,374.3540954589844,392554,0.0,0.0
2007-02-08 00:00:00+09:00,374.3541095907914,380.2494670693649,371.4064308515046,377.3017883300781,607273,0.0,0.0
2007-02-09 00:00:00+09:00,377.3017883300781,383.19714580865167,377.3017883300781,377.3017883300781,426303,0.0,0.0
2007-02-12 00:00:00+09:00,377.3017883300781,377.3017883300781,371.4064308515046,377.3017883300781,301860,0.0,0.0
2007-02-13 00:00:00+09:00,377.3017883300781,380.2494670693649,374.3541095907914,377.3017883300781,444379,0.0,0.0
2007-02-14 00:00:00+09:00,380.2494670693649,383.19714580865167,377.3017883300781,377.3017883300781,190896,0.0,0.0
2007-02-15 00:00:00+09:00,377.30180235233587,386.14480130233795,377.30180235233587,380.2494812011719,238332,0.0,0.0
2007-02-16 00:00:00+09:00,380.24946483273897,383.1971435546875,377.3017861107904,383.1971435546875,258916,0.0,0.0
2007-02-20 00:00:00+09:00,383.19716462071403,386.1448059082031,380.24948573671867,386.1448059082031,272290,0.0,0.0
2007-02-21 00:00:00+09:00,389.09246340208034,392.0401421240289,383.1971435546875,383.1971435546875,213674,0.0,0.0
2007-02-22 00:00:00+09:00,386.1447846801318,389.09246340208034,380.24946483273897,383.1971435546875,310532,0.0,0.0
2007-02-23 00:00:00+09:00,383.1971600500078,392.04015900000996,380.2494812011719,380.2494812011719,382523,0.0,0.0
2007-02-26 00:00:00+09:00,380.24943975793343,389.0924377441406,377.30176123036375,389.0924377441406,409481,0.0,0.0
2007-02-27 00:00:00+09:00,383.1971435546875,389.09246340208034,383.1971435546875,383.1971435546875,244288,0.0,0.0
2007-02-28 00:00:00+09:00,365.5110971714503,377.3017740869968,356.6680988839162,374.3540954589844,374582,0.0,0.0
2007-03-01 00:00:00+09:00,374.3540954589844,374.3540954589844,374.3540954589844,374.3540954589844,0,0.0,0.0
2007-03-05 00:00:00+09:00,380.2494527150091,386.1447723745309,374.3540954589844,374.3540954589844,352222,0.0,0.0
2007-03-06 00:00:00+09:00,374.3541095907914,383.19714580865167,374.3541095907914,377.3017883300781,286814,0.0,0.0
2007-03-07 00:00:00+09:00,380.24948573671867,386.1448059082031,380.24948573671867,386.1448059082031,253483,0.0,0.0
2007-03-08 00:00:00+09:00,386.1447846801318,389.09246340208034,380.24946483273897,383.1971435546875,344804,0.0,0.0
2007-03-09 00:00:00+09:00,383.1970726470642,394.9877477565818,383.1970726470642,392.0400695800781,617617,0.0,0.0
2007-03-12 00:00:00+09:00,389.09239140357437,394.9877477565818,386.1447132270706,392.0400695800781,341147,0.0,0.0
2007-03-13 00:00:00+09:00,392.04006958007807,400.883066513092,392.04006958007807,392.0400695800781,485337,0.0,0.0
2007-03-14 00:00:00+09:00,386.14475921657095,392.04011627171025,383.19711828550305,389.0924377441406,399032,0.0,0.0
2007-03-15 00:00:00+09:00,389.0924359409321,397.93543388615734,389.0924359409321,394.98779296875,744567,0.0,0.0
2007-03-16 00:00:00+09:00,397.9354532324447,403.830810546875,394.98781217173286,403.830810546875,556388,0.0,0.0
2007-03-19 00:00:00+09:00,403.8307528481351,427.41210354358134,400.88307461207984,421.51678466796875,1485687,0.0,0.0
2007-03-20 00:00:00+09:00,424.4645057060139,427.4121845003936,409.7261493306203,412.673828125,867652,0.0,0.0
2007-03-21 00:00:00+09:00,415.62143974010223,415.62143974010223,403.83076406488294,406.7784423828125,865353,0.0,0.0
2007-03-22 00:00:00+09:00,412.673828125,418.5691857137595,406.7785081327457,412.673828125,749583,0.0,0.0
2007-03-23 00:00:00+09:00,409.726151599628,453.9412209706658,409.726151599628,424.4645080566406,5022751,0.0,0.0
2007-03-26 00:00:00+09:00,465.7318984995638,486.36561257278186,442.1505432128906,442.1505432128906,6112123,0.0,0.0
2007-03-27 00:00:00+09:00,448.0458553565397,448.0458553565397,433.3075003991731,439.20281982421875,1690167,0.0,0.0
2007-03-28 00:00:00+09:00,436.2551020139449,504.051513671875,433.30746136520736,504.051513671875,10687569,0.0,0.0
2007-03-29 00:00:00+09:00,524.6852831384001,577.7433471679688,521.7376045597568,577.7433471679688,11629302,0.0,0.0
2007-03-30 00:00:00+09:00,545.3189136096114,565.9525867876295,492.2608538987087,501.1038513183594,12179422,0.0,0.0
2007-04-02 00:00:00+09:00,498.1562105761421,542.3712352708948,471.6271807206907,501.1038513183594,11220030,0.0,0.0
2007-04-03 00:00:00+09:00,512.8946852761665,524.6853638070143,489.31329061796265,495.2086486816406,4369086,0.0,0.0
2007-04-04 00:00:00+09:00,498.1562355587735,557.1096173071337,489.31320009914356,539.423583984375,9524430,0.0,0.0
2007-04-05 00:00:00+09:00,533.5282209312356,539.4235398252089,504.051513671875,504.051513671875,3681881,0.0,0.0
2007-04-06 00:00:00+09:00,504.05145209110174,524.6851596904004,495.20845603225587,509.9468078613281,3181288,0.0,0.0
2007-04-09 00:00:00+09:00,521.7375545984586,583.6386108398438,521.7375545984586,583.6386108398438,10457595,0.0,0.0
2007-04-10 00:00:00+09:00,589.5339646696142,669.1210527197495,563.0049353195691,621.9583129882812,18779182,0.0,0.0
2007-04-11 00:00:00+09:00,621.9582885620753,639.6443199663536,595.4292602539062,595.4292602539062,10167646,0.0,0.0
2007-04-12 00:00:00+09:00,601.3247839393003,675.0165706355185,574.7957482479634,645.5398559570312,15294988,0.0,0.0
2007-04-13 00:00:00+09:00,660.2780295374279,663.2256701077266,592.4815820871104,595.4292602539062,8278433,0.0,0.0
2007-04-16 00:00:00+09:00,604.2724328764414,621.9584307268163,586.5863974295605,598.3770751953125,4863410,0.0,0.0
2007-04-17 00:00:00+09:00,589.5339862386828,595.4293054229946,542.3712447816882,548.2666015625,5067471,0.0,0.0
2007-04-18 00:00:00+09:00,539.4236544587378,548.2666910736885,506.99929966010353,536.4760131835938,5007496,0.0,0.0
2007-04-19 00:00:00+09:00,542.3712700197411,554.161946533518,518.7899169921875,518.7899169921875,2446124,0.0,0.0
2007-04-20 00:00:00+09:00,524.6853521452856,568.9003862541084,524.6853521452856,563.0050659179688,6518678,0.0,0.0
2007-04-23 00:00:00+09:00,577.7433444391097,577.7433444391097,539.4235982907483,542.3712768554688,2752372,0.0,0.0
2007-04-24 00:00:00+09:00,539.4236259932034,548.2666621415046,524.6853076057096,530.5806274414062,1603234,0.0,0.0
2007-04-25 00:00:00+09:00,530.58068574013,536.4760438200963,506.99932861328125,506.99932861328125,2170594,0.0,0.0
2007-04-26 00:00:00+09:00,524.685365256672,524.685365256672,504.05164957329805,506.99932861328125,1807296,0.0,0.0
2007-04-27 00:00:00+09:00,509.947003215113,512.894682229442,471.6272888183594,471.6272888183594,1926410,0.0,0.0
2007-04-30 00:00:00+09:00,471.62718831190057,483.4178642600481,459.83651236375306,474.5748291015625,1582859,0.0,0.0
2007-05-02 00:00:00+09:00,489.31322591357934,545.3189697265625,486.36558486803017,545.3189697265625,3751155,0.0,0.0
2007-05-03 00:00:00+09:00,560.0573035886573,560.0573035886573,515.8422384646178,518.7899169921875,2931670,0.0,0.0
2007-05-04 00:00:00+09:00,530.5805607943958,568.9002665007938,524.6852416992188,524.6852416992188,4002966,0.0,0.0
2007-05-07 00:00:00+09:00,527.6329345703125,542.3712901589195,524.6852935297936,527.6329345703125,1383918,0.0,0.0
2007-05-08 00:00:00+09:00,539.4236115218974,548.2666474329635,524.6852935297936,527.6329345703125,1061787,0.0,0.0
2007-05-09 00:00:00+09:00,521.7375955197572,530.5805935059643,512.8945975335499,518.7899169921875,1023859,0.0,0.0
2007-05-10 00:00:00+09:00,524.6852270918994,554.1618969401477,521.737548828125,521.737548828125,1376499,0.0,0.0
2007-05-11 00:00:00+09:00,524.6852270918994,530.5805460229496,509.946873369526,521.737548828125,974646,0.0,0.0
2007-05-14 00:00:00+09:00,530.5806554402932,536.4760131835938,521.7376564218487,536.4760131835938,769644,0.0,0.0
2007-05-15 00:00:00+09:00,521.7374818052872,527.63279997902,506.99912997621493,509.9468078613281,2503277,0.0,0.0
2007-05-16 00:00:00+09:00,512.8946852761665,512.8946852761665,486.36564918263184,495.2086486816406,1304299,0.0,0.0
2007-05-17 00:00:00+09:00,498.1562105761421,504.05152965707606,492.2608538987087,501.1038513183594,844979,0.0,0.0
2007-05-18 00:00:00+09:00,501.1038929293519,504.05157151283987,489.31321619190265,492.2608947753906,614273,0.0,0.0
2007-05-21 00:00:00+09:00,489.31321619190265,495.20857335887854,483.4178966214293,492.2608947753906,757628,0.0,0.0
2007-05-22 00:00:00+09:00,495.2085322374254,509.94688633450943,489.3131755599921,501.1038513183594,1251116,0.0,0.0
2007-05-23 00:00:00+09:00,504.0516481806494,521.7376847751752,492.2609696498016,495.2086486816406,1039427,0.0,0.0
2007-05-25 00:00:00+09:00,495.2085165326661,506.9991919171107,492.26083828743043,504.051513671875,954376,0.0,0.0
2007-05-28 00:00:00+09:00,509.9469190059803,521.7375955197572,501.1038834232713,518.7899169921875,945599,0.0,0.0
2007-05-29 00:00:00+09:00,527.6329875771396,527.6329875771396,492.26095316885545,498.15631103515625,857412,0.0,0.0
2007-05-30 00:00:00+09:00,501.1038470445253,501.1038470445253,486.3655306696414,489.31317138671875,713849,0.0,0.0
2007-05-31 00:00:00+09:00,495.2085322374254,506.99920799579274,489.3131755599921,501.1038513183594,650530,0.0,0.0
2007-06-01 00:00:00+09:00,506.9993102381006,521.7376673073458,498.1563110351563,498.15631103515625,1084774,0.0,0.0
2007-06-04 00:00:00+09:00,498.15620632744793,506.99920367167806,486.3655306696414,489.31317138671875,926896,0.0,0.0
2007-06-05 00:00:00+09:00,492.2608497002951,495.2085280138715,483.41785235606494,489.31317138671875,1048726,0.0,0.0
2007-06-07 00:00:00+09:00,480.4702180379413,506.9992500963278,477.5225394544534,492.2608947753906,870787,0.0,0.0
2007-06-08 00:00:00+09:00,495.20857335887854,509.9469286798157,489.31321619190265,492.2608947753906,898267,0.0,0.0
2007-06-11 00:00:00+09:00,506.99923342190226,554.1619388205903,498.1562355587735,539.423583984375,3013692,0.0,0.0
2007-06-12 00:00:00+09:00,551.2143408576051,557.1096606933019,524.6853076057096,530.5806274414062,1897990,0.0,0.0
2007-06-13 00:00:00+09:00,542.3712624709183,565.9526151702623,530.5805861212463,539.423583984375,2285319,0.0,0.0
2007-06-14 00:00:00+09:00,542.3712624709183,557.1096173071337,533.5282646077897,539.423583984375,1632490,0.0,0.0
2007-06-15 00:00:00+09:00,545.3189891972092,616.0630911498736,539.4236317026102,589.5340576171875,6338753,0.0,0.0
2007-06-18 00:00:00+09:00,621.958481263077,677.9642333984375,613.1154816193655,677.9642333984375,4750773,0.0,0.0
2007-06-19 00:00:00+09:00,772.2894862513745,778.1848430608508,689.7547164977084,710.388427734375,23358076,0.0,0.0
2007-06-20 00:00:00+09:00,725.1268080225218,775.2372299007096,669.1211043176086,680.9117431640625,15655779,0.0,0.0
2007-06-21 00:00:00+09:00,692.702345047742,781.1323852539062,680.911632917325,781.1323852539062,19222621,0.0,0.0
2007-06-22 00:00:00+09:00,801.7663124042645,810.6093113157104,666.1734619140625,666.1734619140625,9865995,0.0,0.0
2007-06-25 00:00:00+09:00,654.3828439396968,725.126912821741,642.5921281961826,683.8595581054688,4620166,0.0,0.0
2007-06-26 00:00:00+09:00,704.4931594118094,784.0802983536726,686.8071619549554,716.2838745117188,19165989,0.0,0.0
2007-06-27 00:00:00+09:00,728.0745502253594,769.3419799115662,660.2781982421875,660.2781982421875,7031392,0.0,0.0
2007-06-28 00:00:00+09:00,689.7547679227941,695.6501251718023,633.7490620397315,651.43505859375,4533860,0.0,0.0
2007-06-29 00:00:00+09:00,669.121106464962,692.7024594265507,648.4873944261958,654.3827514648438,3349092,0.0,0.0
2007-07-02 00:00:00+09:00,672.0687106914403,698.5977783203125,669.1210699295652,698.5977783203125,2956956,0.0,0.0
2007-07-03 00:00:00+09:00,725.1268286749939,742.8128250448946,683.8594787475573,689.7547607421875,3543541,0.0,0.0
2007-07-04 00:00:00+09:00,701.5455946183774,716.2839525014874,613.1154849162266,642.5921630859375,6099898,0.0,0.0
2007-07-05 00:00:00+09:00,654.3828217631384,677.9641772579981,633.7491075077569,666.1734619140625,3632563,0.0,0.0
2007-07-06 00:00:00+09:00,680.9117850987911,698.5978572471937,657.3304307605956,672.0687866210938,4405656,0.0,0.0
2007-07-09 00:00:00+09:00,686.8071411777597,686.8071411777597,621.9583980725786,636.6967163085938,2936477,0.0,0.0
2007-07-10 00:00:00+09:00,645.5397944056792,648.4874355152682,621.9584023534389,627.853759765625,1187484,0.0,0.0
2007-07-11 00:00:00+09:00,616.0630624854917,627.8537393295846,592.4816712008032,601.32470703125,1579307,0.0,0.0
2007-07-12 00:00:00+09:00,613.1154033129743,630.8014379380663,607.2200459057757,610.167724609375,1287477,0.0,0.0
2007-07-13 00:00:00+09:00,630.8013825890424,657.330375804165,621.9583472541675,633.7490234375,2226912,0.0,0.0
2007-07-16 00:00:00+09:00,642.5919857732058,642.5919857732058,607.2199591719785,621.9583129882812,1188947,0.0,0.0
2007-07-18 00:00:00+09:00,636.696766882633,680.9118378922774,633.7491255591955,660.2781982421875,4323007,0.0,0.0
2007-07-19 00:00:00+09:00,677.9641965688398,695.6501948954922,645.5398412389727,660.2781982421875,3046605,0.0,0.0
2007-07-20 00:00:00+09:00,672.0686733127789,695.6500236752453,660.2780357280433,669.1210327148438,3315134,0.0,0.0
2007-07-23 00:00:00+09:00,675.0165553058571,769.3419799804688,675.0165553058571,769.3419799804688,7817858,0.0,0.0
2007-07-24 00:00:00+09:00,884.3010864257812,884.3010864257812,825.347660612593,884.3010864257812,6685543,0.0,0.0
2007-07-25 00:00:00+09:00,901.9869563969945,931.4636651305303,831.2429005523087,896.0916748046875,19944097,0.0,0.0
2007-07-26 00:00:00+09:00,955.0451078120389,1016.946171956124,795.8709106445312,795.8709106445312,19874405,0.0,0.0
2007-07-27 00:00:00+09:00,760.4989624023438,819.4523138000283,733.9698903593257,760.4989624023438,8892707,0.0,0.0
2007-07-30 00:00:00+09:00,769.341877502074,822.3999406123206,754.6035224607275,778.1848754882812,7830710,0.0,0.0
2007-07-31 00:00:00+09:00,789.9756284921476,831.2429795238687,754.6035596128102,795.8709106445312,10294806,0.0,0.0
2007-08-01 00:00:00+09:00,775.2373097784961,804.7140227213148,713.3362426757812,713.3362426757812,4470437,0.0,0.0
2007-08-02 00:00:00+09:00,739.8652295185275,748.7082282469545,689.7548031334278,716.2838745117188,3089027,0.0,0.0
2007-08-03 00:00:00+09:00,731.0221237817683,745.7604779027232,707.4407722268402,736.91748046875,2506517,0.0,0.0
2007-08-06 00:00:00+09:00,707.4407869261371,719.2314253520892,695.6500733071847,710.388427734375,1989833,0.0,0.0
2007-08-07 00:00:00+09:00,742.812899694723,757.5512565484565,716.2839024738103,722.1792602539062,3277833,0.0,0.0
2007-08-08 00:00:00+09:00,725.1268732401458,736.9175883400551,704.4931594118094,716.2838745117188,2388656,0.0,0.0
2007-08-09 00:00:00+09:00,728.0745792601782,787.0280096240358,725.1269378191919,739.8652954101562,5181779,0.0,0.0
2007-08-10 00:00:00+09:00,710.3885316643037,716.2838893362715,645.5398228516924,666.1734619140625,2809004,0.0,0.0
2007-08-13 00:00:00+09:00,666.1734619140625,666.1734619140625,666.1734619140625,666.1734619140625,0,0.0,0.0
2007-08-14 00:00:00+09:00,669.121212661218,689.7548527817469,621.9584616563369,645.5398559570312,2030896,0.0,0.0
2007-08-16 00:00:00+09:00,601.3246780009202,624.9060305506621,551.2142944335938,551.2142944335938,2599196,0.0,0.0
2007-08-17 00:00:00+09:00,557.1096457475264,568.9003226991114,515.8422576187276,527.6329345703125,2308620,0.0,0.0
2007-08-20 00:00:00+09:00,557.1096665899025,595.4293775152819,551.2143466918081,589.5340576171875,2952672,0.0,0.0
2007-08-21 00:00:00+09:00,601.3247540358769,633.7491084925683,574.7957196638087,598.3770751953125,2980466,0.0,0.0
2007-08-22 00:00:00+09:00,607.2200741205,610.1677529610644,586.5863974295605,598.3770751953125,1386844,0.0,0.0
2007-08-23 00:00:00+09:00,624.9060100587548,686.8070678710938,616.0630125417063,686.8070678710938,7342969,0.0,0.0
2007-08-24 00:00:00+09:00,675.0165606899385,686.8072012718029,639.6444885583169,648.4874877929688,5149701,0.0,0.0
2007-08-27 00:00:00+09:00,666.1734279736316,677.9641427168499,636.6967163085938,636.6967163085938,1960577,0.0,0.0
2007-08-28 00:00:00+09:00,636.6966714819962,639.6443875567708,604.2723586069934,613.1153564453125,1924320,0.0,0.0
2007-08-29 00:00:00+09:00,571.8479961227664,601.32470703125,568.9003175126176,601.32470703125,1564365,0.0,0.0
2007-08-30 00:00:00+09:00,624.9060607194357,627.8537393295846,601.32470703125,601.32470703125,1118001,0.0,0.0
2007-08-31 00:00:00+09:00,610.1677434008659,621.9584209818797,601.3247446142318,619.0107421875,961063,0.0,0.0
2007-09-03 00:00:00+09:00,627.8538068568669,636.6967684453911,619.0107700753289,624.9061279296875,1338257,0.0,0.0
2007-09-04 00:00:00+09:00,627.853807694721,633.74912796044,604.2724514388315,607.2200927734375,859502,0.0,0.0
2007-09-05 00:00:00+09:00,616.0631295667762,624.9061287636081,601.3247725077185,607.2200927734375,803080,0.0,0.0
2007-09-06 00:00:00+09:00,595.4293231721732,619.0106758053581,595.4293231721732,613.1153564453125,609780,0.0,0.0
2007-09-07 00:00:00+09:00,619.0106347057209,654.3826989034469,613.1153157370991,621.9583129882812,2779539,0.0,0.0
2007-09-10 00:00:00+09:00,598.3770935766056,621.9584498324951,598.3770935766056,607.2200927734375,1006514,0.0,0.0
2007-09-11 00:00:00+09:00,621.9583129882812,639.6443450871442,610.1676374545387,621.9583129882812,1642208,0.0,0.0
2007-09-12 00:00:00+09:00,633.7490985628937,672.0688101003149,619.0107421875,619.0107421875,3004288,0.0,0.0
2007-09-13 00:00:00+09:00,627.853732464516,648.4874073169404,624.9060538865975,639.6444091796875,1721408,0.0,0.0
2007-09-14 00:00:00+09:00,648.4874355152682,660.2781503396404,621.9584023534389,627.853759765625,2481126,0.0,0.0
2007-09-17 00:00:00+09:00,621.9584163198642,642.5920925328483,619.0107375475794,630.8014526367188,1909274,0.0,0.0
2007-09-18 00:00:00+09:00,630.801323062463,636.6966042030605,595.4292602539062,595.4292602539062,2033821,0.0,0.0
2007-09-19 00:00:00+09:00,619.0107236473458,630.801438471718,598.3770478977026,627.853759765625,2296708,0.0,0.0
2007-09-20 00:00:00+09:00,648.4873168702442,710.3883703904727,595.4292602539062,595.4292602539062,8694183,0.0,0.0
2007-09-21 00:00:00+09:00,601.32470703125,613.1153838753429,586.5863515770083,601.32470703125,1922021,0.0,0.0
2007-09-27 00:00:00+09:00,613.1154318016288,619.0107518862519,598.3770751953125,598.3770751953125,1213083,0.0,0.0
2007-09-28 00:00:00+09:00,601.3247540358769,604.2724328764414,589.534076270125,598.3770751953125,1047786,0.0,0.0
2007-10-01 00:00:00+09:00,604.2723586069934,621.9583542836315,595.4293231721732,613.1153564453125,1291343,0.0,0.0
2007-10-02 00:00:00+09:00,633.7490790451617,642.5920775594557,610.167724609375,610.167724609375,1986803,0.0,0.0
2007-10-04 00:00:00+09:00,613.1153364166317,624.9060123480574,601.3246604852062,604.2723388671875,806005,0.0,0.0
2007-10-05 00:00:00+09:00,607.2200738340409,630.8014669509259,601.3247537521991,616.0631103515625,2019507,0.0,0.0
2007-10-08 00:00:00+09:00,624.906032761905,639.6443875567708,607.2199994887657,613.1153564453125,1705422,0.0,0.0
2007-10-09 00:00:00+09:00,616.0630624854917,633.7490589533796,601.32470703125,601.32470703125,1789428,0.0,0.0
2007-10-10 00:00:00+09:00,610.1677251255708,645.5397944056792,607.2200464194777,627.853759765625,6156738,0.0,0.0
2007-10-11 00:00:00+09:00,630.8014857840461,648.4874841541084,619.0107700753289,624.9061279296875,1699988,0.0,0.0
2007-10-12 00:00:00+09:00,624.9060897952673,624.9060897952673,586.586378869888,589.5340576171875,1934873,0.0,0.0
2007-10-15 00:00:00+09:00,595.4293769373088,604.2724131706234,554.1619873046875,554.1619873046875,1660806,0.0,0.0
2007-10-16 00:00:00+09:00,548.2666270748804,560.0573035886573,506.9992404784106,518.7899169921875,3096654,0.0,0.0
2007-10-17 00:00:00+09:00,527.6329549931745,527.6329549931745,477.5225666102115,480.4702453613281,1650984,0.0,0.0
2007-10-18 00:00:00+09:00,483.4178966214293,504.05157151283987,483.4178966214293,492.2608947753906,1310569,0.0,0.0
2007-10-19 00:00:00+09:00,495.2085280138715,501.1038470445253,483.41785235606494,489.31317138671875,790123,0.0,0.0
2007-10-22 00:00:00+09:00,456.88883891596197,465.7318365735288,448.04584125839506,459.8365173339844,857203,0.0,0.0
2007-10-23 00:00:00+09:00,471.6272464537261,474.5748876067708,459.8365690520334,462.7842102050781,824813,0.0,0.0
2007-10-24 00:00:00+09:00,471.62727572183746,483.4179538552327,450.9935607910156,450.9935607910156,993453,0.0,0.0
2007-10-25 00:00:00+09:00,456.88884053786137,471.6271950837924,439.20280756344397,453.941162109375,1340347,0.0,0.0
2007-10-26 00:00:00+09:00,453.94123972349115,456.8889186559667,445.0982405225715,450.9935607910156,743836,0.0,0.0
2007-10-29 00:00:00+09:00,456.88889030248407,471.6272464537261,453.94121155293476,462.7842102050781,903595,0.0,0.0
2007-10-30 00:00:00+09:00,468.67958191509837,474.5749019964455,456.8889041558983,465.7319030761719,808826,0.0,0.0
2007-10-31 00:00:00+09:00,468.679498384682,506.99920367167806,459.8365010404519,489.31317138671875,2942955,0.0,0.0
2007-11-01 00:00:00+09:00,495.20864573997574,498.1563247543048,471.6272888183594,471.6272888183594,716043,0.0,0.0
2007-11-02 00:00:00+09:00,456.88885498046875,462.7841744272965,450.99349793713935,456.88885498046875,763061,0.0,0.0
2007-11-05 00:00:00+09:00,462.7841541726116,462.7841541726116,445.09815900969016,448.04583740234375,705176,0.0,0.0
2007-11-06 00:00:00+09:00,448.045919455047,456.8889186559667,442.1505615900959,450.9935607910156,385553,0.0,0.0
2007-11-07 00:00:00+09:00,462.78423430945634,468.67959211561805,442.15055718090355,445.0982360839844,849263,0.0,0.0
2007-11-08 00:00:00+09:00,433.3075278045671,445.0982049968849,427.41217041015625,427.41217041015625,612602,0.0,0.0
2007-11-09 00:00:00+09:00,427.412168269876,450.9935225364271,427.412168269876,433.3075256347656,757837,0.0,0.0
2007-11-12 00:00:00+09:00,430.3598491073617,430.3598491073617,418.5691719150439,427.41217041015625,501637,0.0,0.0
2007-11-13 00:00:00+09:00,427.4121868673442,436.25518570294963,421.51686684244237,424.4645080566406,597242,0.0,0.0
2007-11-14 00:00:00+09:00,433.3075256347656,439.20284540315157,430.3598469523208,433.3075256347656,618348,0.0,0.0
2007-11-15 00:00:00+09:00,430.3598679324967,439.20286681442633,427.4121891063516,436.25518798828125,626916,0.0,0.0
2007-11-16 00:00:00+09:00,433.30754448875143,433.30754448875143,421.51686684244237,424.4645080566406,414496,0.0,0.0
2007-11-19 00:00:00+09:00,427.4121844869629,433.3075420755371,424.46450569267574,430.35986328125,344386,0.0,0.0
2007-11-20 00:00:00+09:00,427.41216759312215,427.41216759312215,406.7784920416867,415.6214904785156,784272,0.0,0.0
2007-11-21 00:00:00+09:00,415.6215195551441,418.5691984391395,386.1448059082031,386.1448059082031,842157,0.0,0.0
2007-11-22 00:00:00+09:00,380.24948573671867,392.0401636761938,374.354127968728,386.1448059082031,610303,0.0,0.0
2007-11-23 00:00:00+09:00,386.1447723745309,394.987808258568,371.406416830972,374.3540954589844,616781,0.0,0.0
2007-11-26 00:00:00+09:00,377.30180235233587,383.1971600500078,374.3541235034999,380.2494812011719,398405,0.0,0.0
2007-11-27 00:00:00+09:00,371.4063972292436,377.301754174129,362.5633994084167,365.5110778808594,405928,0.0,0.0
2007-11-28 00:00:00+09:00,371.4063972292436,374.3540757016863,365.5110778808594,365.5110778808594,487009,0.0,0.0
2007-11-29 00:00:00+09:00,374.3541235034999,386.14480130233795,374.3541235034999,380.2494812011719,552940,0.0,0.0
2007-11-30 00:00:00+09:00,383.1971435546875,392.0401421240289,380.24946483273897,383.1971435546875,514803,0.0,0.0
2007-12-03 00:00:00+09:00,386.144786951434,389.09246569072076,377.3017883300781,377.3017883300781,539461,0.0,0.0
2007-12-04 00:00:00+09:00,380.24943975793343,397.93543573034776,380.24943975793343,389.0924377441406,715625,0.0,0.0
2007-12-05 00:00:00+09:00,392.04013557337845,397.9354553222656,389.09245690068303,397.9354553222656,343654,0.0,0.0
2007-12-06 00:00:00+09:00,406.7784704981757,456.88885498046875,400.8831134548463,456.88885498046875,2827811,0.0,0.0
2007-12-07 00:00:00+09:00,456.8888972368238,480.4702523981105,430.35986328125,430.35986328125,3994294,0.0,0.0
2007-12-10 00:00:00+09:00,439.20286206760625,459.83657603111095,427.4121844869629,430.35986328125,1247981,0.0,0.0
2007-12-11 00:00:00+09:00,445.0981878255936,492.2608947753906,442.15050924210567,492.2608947753906,10173811,0.0,0.0
2007-12-12 00:00:00+09:00,477.5224846577501,506.9991919171107,453.9411338888609,504.051513671875,4210058,0.0,0.0
2007-12-13 00:00:00+09:00,504.0516151926985,521.7376506297514,465.7319030761719,465.7319030761719,2148234,0.0,0.0
2007-12-14 00:00:00+09:00,474.57481184279476,489.31316564111734,453.94113908304223,483.4178466796875,1786712,0.0,0.0
2007-12-17 00:00:00+09:00,483.41786532468666,489.31318451349375,448.04583740234375,448.04583740234375,1046741,0.0,0.0
2007-12-18 00:00:00+09:00,436.25512913495766,468.6795166553061,433.3074883029718,453.941162109375,1036815,0.0,0.0
2007-12-20 00:00:00+09:00,462.7841744272965,515.8422374312543,448.04585701197635,456.88885498046875,2933865,0.0,0.0
2007-12-21 00:00:00+09:00,459.83658299482477,489.313258594572,459.83658299482477,465.7319030761719,1899348,0.0,0.0
2007-12-24 00:00:00+09:00,477.5225524902343,501.1039066088749,471.6272327588259,477.5225524902344,1825163,0.0,0.0
2007-12-26 00:00:00+09:00,483.41793851322484,486.3656173521513,462.78422423724544,465.7319030761719,1244115,0.0,0.0
2007-12-27 00:00:00+09:00,462.78423892441083,468.67959678936194,448.045919455047,450.9935607910156,1648372,0.0,0.0
2007-12-28 00:00:00+09:00,448.04590083281164,453.94122085622723,442.1505432128906,442.1505432128906,704738,0.0,0.0
2008-01-02 00:00:00+09:00,445.09816284037265,465.7318365735288,442.15048442235025,459.8365173339844,1117767,0.0,0.0
2008-01-03 00:00:00+09:00,453.94116210937506,456.88884053786137,439.20280756344397,453.941162109375,1545034,0.0,0.0
2008-01-04 00:00:00+09:00,459.8365173339844,486.3655479031854,456.88883891596197,459.8365173339844,2251622,0.0,0.0
2008-01-07 00:00:00+09:00,445.0982360839844,453.94123519672036,439.2028782778227,445.0982360839844,893088,0.0,0.0
2008-01-08 00:00:00+09:00,453.94115659115084,462.7841541726116,442.1504806170366,448.04583740234375,682244,0.0,0.0
2008-01-09 00:00:00+09:00,442.1505408618934,448.04589845046763,418.5691857006067,430.35986328125,1094920,0.0,0.0
2008-01-10 00:00:00+09:00,439.20286451365325,439.20286451365325,421.51686684244237,424.4645080566406,737754,0.0,0.0
2008-01-11 00:00:00+09:00,427.4121845003936,433.3075420891531,412.673828125,412.673828125,533226,0.0,0.0
2008-01-14 00:00:00+09:00,406.77847478118343,427.41214945708674,350.7727326658714,400.88311767578125,1158128,0.0,0.0
2008-01-15 00:00:00+09:00,394.9877875615474,421.5168186305543,394.9877875615474,409.7261047363281,725179,0.0,0.0
2008-01-16 00:00:00+09:00,406.77847478118343,406.77847478118343,386.144762508778,400.88311767578125,608864,0.0,0.0
2008-01-17 00:00:00+09:00,403.8307909139752,406.77846942788415,392.04011445484105,394.98779296875,296562,0.0,0.0
2008-01-18 00:00:00+09:00,389.09247296297235,415.6215069193798,386.14479416859257,412.673828125,633270,0.0,0.0
2008-01-21 00:00:00+09:00,424.4645373786187,474.5749302361805,418.56921694646854,471.6272888183594,6322164,0.0,0.0
2008-01-22 00:00:00+09:00,448.0458496995613,462.78416687434196,400.88310691215946,409.7261047363281,4440330,0.0,0.0
2008-01-23 00:00:00+09:00,424.4644723611643,445.0981847043854,409.7261171435784,418.56915283203125,2089735,0.0,0.0
2008-01-24 00:00:00+09:00,430.3597817796366,442.1504571273597,418.5691064319135,421.51678466796875,915796,0.0,0.0
2008-01-25 00:00:00+09:00,427.4121844869629,450.99353964824957,424.46450569267574,430.35986328125,1805116,0.0,0.0
2008-01-28 00:00:00+09:00,427.4121379811664,430.359816454723,409.72610473632807,409.7261047363281,1220758,0.0,0.0
2008-01-29 00:00:00+09:00,418.5691857137595,421.5168645081393,403.8308293383659,412.673828125,950888,0.0,0.0
2008-01-30 00:00:00+09:00,412.67381798466016,415.6214967066087,383.1971435546875,383.1971435546875,1043514,0.0,0.0
2008-01-31 00:00:00+09:00,383.19716462071403,394.98784256018916,380.24948573671867,386.1448059082031,517683,0.0,0.0
2008-02-01 00:00:00+09:00,397.93543573034776,406.77847131305674,389.0924377441406,389.0924377441406,610652,0.0,0.0
2008-02-04 00:00:00+09:00,403.8308442303723,445.0982360839844,403.8308442303723,445.0982360839844,4080485,0.0,0.0
2008-02-05 00:00:00+09:00,439.2028974627324,504.0516481806494,415.6215404010368,495.2086486816406,8974692,0.0,0.0
2008-02-11 00:00:00+09:00,501.10396617212587,563.0050750870038,471.6272888183594,471.6272888183594,17278880,0.0,0.0
2008-02-12 00:00:00+09:00,480.4702089232874,518.7899169921875,474.5748518681481,518.7899169921875,7240952,0.0,0.0
2008-02-13 00:00:00+09:00,542.3713047093038,595.4293712130949,509.9469516217116,530.5806274414062,16829294,0.0,0.0
2008-02-14 00:00:00+09:00,536.4759607382022,542.3712803086755,486.3655752049172,492.2608947753906,7522662,0.0,0.0
2008-02-15 00:00:00+09:00,483.41784667968744,509.9468759973684,474.57481184279476,483.4178466796875,2953034,0.0,0.0
2008-02-18 00:00:00+09:00,489.3132429095697,554.1619873046875,486.365601761636,554.1619873046875,13111736,0.0,0.0
2008-02-19 00:00:00+09:00,539.4236544587378,557.1096900921332,521.7376564218487,536.4760131835938,8122039,0.0,0.0
2008-02-20 00:00:00+09:00,533.5280910086979,563.0047910900154,518.7897409680392,557.1094360351562,7838713,0.0,0.0
2008-02-21 00:00:00+09:00,539.4236657132343,545.3190235795352,489.313274235705,498.15631103515625,7126097,0.0,0.0
2008-02-22 00:00:00+09:00,495.2086500498569,509.9470076532644,480.4702924464493,506.99932861328125,2343290,0.0,0.0
2008-02-25 00:00:00+09:00,506.99920367167806,515.8422010159082,483.41785235606494,489.31317138671875,1554689,0.0,0.0
2008-02-26 00:00:00+09:00,495.2086500498569,515.8423281367225,480.4702924464493,506.99932861328125,1809934,0.0,0.0
2008-02-27 00:00:00+09:00,542.3711907644426,580.6908932337839,515.8421630859375,515.8421630859375,15991401,0.0,0.0
2008-02-28 00:00:00+09:00,521.7375132743505,589.5339207386862,509.94683861922636,586.5862426757812,5915713,0.0,0.0
2008-02-29 00:00:00+09:00,574.795654296875,586.5863307217671,554.1619423559375,574.795654296875,6216787,0.0,0.0
2008-03-03 00:00:00+09:00,551.2143461567539,574.7957009192504,548.2666674123157,554.1619873046875,2083276,0.0,0.0
2008-03-04 00:00:00+09:00,563.0050039823738,580.6910006416819,545.3189697265625,545.3189697265625,2727419,0.0,0.0
2008-03-05 00:00:00+09:00,551.2143699453388,560.0573689637835,536.4760131835938,536.4760131835938,1793954,0.0,0.0
2008-03-06 00:00:00+09:00,545.3189231720941,554.1619207468118,536.4759255973764,548.2666015625,1288712,0.0,0.0
2008-03-07 00:00:00+09:00,536.47593969088,592.4816425973913,527.632904287351,551.2142944335938,7567574,0.0,0.0
2008-03-10 00:00:00+09:00,548.2666339849096,563.0049892120097,536.4759573225301,542.3712768554688,1953949,0.0,0.0
2008-03-11 00:00:00+09:00,533.5282918443565,539.4236115218974,512.8946165782087,527.6329345703125,1999275,0.0,0.0
2008-03-12 00:00:00+09:00,536.4759704813786,545.3189687959415,527.6329345703125,527.6329345703125,2146686,0.0,0.0
2008-03-13 00:00:00+09:00,536.4759084838357,595.4292864288458,533.5282301874605,583.6386108398438,12110928,0.0,0.0
2008-03-14 00:00:00+09:00,598.3769995330773,601.3246780009202,542.3712590300648,551.2142944335938,5989652,0.0,0.0
2008-03-17 00:00:00+09:00,539.4235914921715,560.0573035886573,515.8422384646178,518.7899169921875,3012714,0.0,0.0
2008-03-18 00:00:00+09:00,512.8946681044014,533.5283454434405,492.26095316885545,498.15631103515625,3342529,0.0,0.0
2008-03-19 00:00:00+09:00,512.8945975335499,521.7375955197572,501.1038834232713,518.7899169921875,1867422,0.0,0.0
2008-03-20 00:00:00+09:00,515.8421630859375,521.7375192796037,506.9991663919346,515.8421630859375,774383,0.0,0.0
2008-03-21 00:00:00+09:00,518.7899775501984,554.1620112204829,515.8422986785481,536.4760131835938,2390672,0.0,0.0
2008-03-24 00:00:00+09:00,542.3712910845101,557.1096466982689,533.528292754856,545.3189697265625,1537734,0.0,0.0
2008-03-25 00:00:00+09:00,548.2666679445086,607.2200549079752,545.3189891972092,589.5340576171875,6726130,0.0,0.0
2008-03-26 00:00:00+09:00,583.6386998480853,598.3770559811461,571.8480224609375,571.8480224609375,3436066,0.0,0.0
2008-03-27 00:00:00+09:00,577.743448554668,648.487521277785,568.9004112668966,642.5921630859375,9887787,0.0,0.0
2008-03-28 00:00:00+09:00,648.4874825624103,672.0688387289513,627.8538053158137,660.2781982421875,4794513,0.0,0.0
2008-03-31 00:00:00+09:00,666.1734619140625,707.4408904248256,642.5921064192028,666.1734619140625,7002417,0.0,0.0
2008-04-01 00:00:00+09:00,675.0165606899385,680.9118433843637,639.6444885583169,648.4874877929688,3560072,0.0,0.0
2008-04-02 00:00:00+09:00,666.1735048525185,695.6502199192785,633.7491483562891,657.3305053710938,5659921,0.0,0.0
2008-04-03 00:00:00+09:00,651.43505859375,675.0164875897827,642.5920603167408,651.43505859375,4355828,0.0,0.0
2008-04-04 00:00:00+09:00,654.3827929274544,660.2781503396404,616.0630825377568,627.853759765625,2842339,0.0,0.0
2008-04-07 00:00:00+09:00,636.6967206908961,639.6444369934932,604.2724053098887,627.853759765625,1950352,0.0,0.0
2008-04-08 00:00:00+09:00,627.8536955772091,719.2314253520892,619.0106603629948,710.388427734375,8751759,0.0,0.0
2008-04-10 00:00:00+09:00,731.0221660453276,816.5045797731757,722.1791681001024,789.9755859375,16817014,0.0,0.0
2008-04-11 00:00:00+09:00,807.6616428692737,837.1383550431461,716.2838652074726,719.2315063476562,14785671,0.0,0.0
2008-04-14 00:00:00+09:00,760.4989054300182,787.0279002926206,713.3361977678323,748.7081909179688,8915021,0.0,0.0
2008-04-15 00:00:00+09:00,772.2896026046759,795.8709582023521,748.7082470069998,760.4989624023438,8817909,0.0,0.0
2008-04-16 00:00:00+09:00,772.2895785896824,775.2372949433626,722.1792277002235,742.8128662109375,4966375,0.0,0.0
2008-04-17 00:00:00+09:00,757.5511479367298,834.1905625109825,757.5511479367298,804.7139282226562,13869118,0.0,0.0
2008-04-18 00:00:00+09:00,795.8709326807955,869.5627135560577,686.8071571398146,692.7025146484375,26962549,0.0,0.0
2008-04-21 00:00:00+09:00,719.2313740377116,725.126730426577,648.4873229503125,669.1210327148438,7729144,0.0,0.0
2008-04-22 00:00:00+09:00,672.0687680958072,675.0164843024589,595.4293498109522,601.32470703125,8854771,0.0,0.0
2008-04-23 00:00:00+09:00,601.324726095081,627.853759234467,601.324726095081,610.167724609375,5539554,0.0,0.0
2008-04-24 00:00:00+09:00,610.1676973480379,613.1153759199397,560.0573120117188,560.0573120117188,6090931,0.0,0.0
2008-04-25 00:00:00+09:00,563.0049918712549,598.3770220254665,551.2143151531844,577.7433471679688,5627451,0.0,0.0
2008-04-28 00:00:00+09:00,586.5864224555419,589.5341014218653,563.0050659179688,563.0050659179688,3236851,0.0,0.0
2008-04-29 00:00:00+09:00,560.0572775276237,565.9525967119355,542.3712447816882,548.2666015625,3206853,0.0,0.0
2008-04-30 00:00:00+09:00,551.2143461567539,565.9526646859358,548.2666674123157,554.1619873046875,2039015,0.0,0.0
2008-05-01 00:00:00+09:00,554.1619873046875,554.1619873046875,554.1619873046875,554.1619873046875,0,0.0,0.0
2008-05-02 00:00:00+09:00,557.1097392067719,560.0574183382887,530.5807022161395,533.5283813476562,2850122,0.0,0.0
2008-05-05 00:00:00+09:00,533.5283813476562,533.5283813476562,533.5283813476562,533.5283813476562,0,0.0,0.0
2008-05-06 00:00:00+09:00,527.6330230846226,542.3713811456972,518.7900232865816,533.5283813476562,4049857,0.0,0.0
2008-05-07 00:00:00+09:00,530.5805627099443,592.4816202135295,530.5805627099443,568.9002685546875,7227956,0.0,0.0
2008-05-08 00:00:00+09:00,565.9526646859358,571.8480221748123,551.2143461567539,554.1619873046875,1853778,0.0,0.0
2008-05-09 00:00:00+09:00,563.0047910900154,574.7954636032445,542.3710859944975,557.1094360351562,2106031,0.0,0.0
2008-05-12 00:00:00+09:00,557.1094360351562,557.1094360351562,557.1094360351562,557.1094360351562,0,0.0,0.0
2008-05-13 00:00:00+09:00,545.3190122020384,554.1620112204829,530.5806554402932,536.4760131835938,1642951,0.0,0.0
2008-05-14 00:00:00+09:00,524.6852740473267,539.4235914921715,512.8945975335499,518.7899169921875,2237010,0.0,0.0
2008-05-15 00:00:00+09:00,521.7376148927716,536.4759704813786,518.7899362557496,527.6329345703125,1138792,0.0,0.0
2008-05-16 00:00:00+09:00,524.6853815496153,539.4237020141804,521.7377024180985,533.5283813476562,1392376,0.0,0.0
2008-05-19 00:00:00+09:00,533.5282273833768,577.7432888071257,530.5805491024938,565.9525756835938,4224950,0.0,0.0
2008-05-20 00:00:00+09:00,577.7433796636886,583.6386995560605,554.1619873046875,554.1619873046875,2484907,0.0,0.0
2008-05-21 00:00:00+09:00,548.2666353206143,560.0573120117188,533.5282800576083,560.0573120117188,1673293,0.0,0.0
2008-05-22 00:00:00+09:00,563.004937958215,586.586289136219,557.1095813654646,583.6386108398438,7282852,0.0,0.0
2008-05-23 00:00:00+09:00,583.6387094444585,636.6967397607682,580.6910306500787,619.0107421875,5992486,0.0,0.0
2008-05-26 00:00:00+09:00,607.2200459057757,651.4350760737498,607.2200459057757,610.167724609375,4752882,0.0,0.0
2008-05-27 00:00:00+09:00,636.696581762687,639.6442974220878,583.6385646128762,586.5862426757812,5204353,0.0,0.0
2008-05-28 00:00:00+09:00,583.6386729668593,613.1153838753429,583.6386729668593,601.32470703125,2436453,0.0,0.0
2008-05-29 00:00:00+09:00,604.2723388671875,645.5397234254272,604.2723388671875,604.2723388671875,7329147,0.0,0.0
2008-05-30 00:00:00+09:00,604.27233363945,616.0630094688711,563.0049494382267,568.9002685546875,3341075,0.0,0.0
2008-06-02 00:00:00+09:00,563.0049707084646,563.0049707084646,542.3712590300648,551.2142944335938,2024965,0.0,0.0
2008-06-03 00:00:00+09:00,533.5282472069705,557.1095991372177,530.5805688165646,548.2666015625,1892386,0.0,0.0
2008-06-04 00:00:00+09:00,545.3189374979079,557.1096137727787,542.3712590300648,551.2142944335938,977136,0.0,0.0
2008-06-05 00:00:00+09:00,554.1619535178484,554.1619535178484,542.3712768554688,542.3712768554688,1090936,0.0,0.0
2008-06-06 00:00:00+09:00,542.3712768554688,542.3712768554688,542.3712768554688,542.3712768554688,0,0.0,0.0
2008-06-09 00:00:00+09:00,533.5280910086979,560.0571135625858,530.5804134812684,557.1094360351562,881117,0.0,0.0
2008-06-10 00:00:00+09:00,548.266619444005,557.1096173071337,539.423583984375,539.423583984375,903538,0.0,0.0
2008-06-11 00:00:00+09:00,542.3712590300648,554.1619353049357,536.47593969088,551.2142944335938,1027545,0.0,0.0
2008-06-12 00:00:00+09:00,548.2666353206143,580.6909868220258,545.3189567487127,560.0573120117188,2928787,0.0,0.0
2008-06-13 00:00:00+09:00,560.0572153026279,589.5339207386862,560.0572153026279,586.5862426757812,2743345,0.0,0.0
2008-06-16 00:00:00+09:00,592.4817427916815,595.429421758005,551.2143876491822,563.0050659179688,2545793,0.0,0.0
2008-06-17 00:00:00+09:00,568.900276432582,633.7490131906458,568.900276432582,592.4816284179688,5587478,0.0,0.0
2008-06-18 00:00:00+09:00,616.0631287446564,639.6444849690772,601.3247717052666,624.9061279296875,3658151,0.0,0.0
2008-06-19 00:00:00+09:00,642.5919857732058,654.3826989034469,607.2199591719785,621.9583129882812,5059641,0.0,0.0
2008-06-20 00:00:00+09:00,654.3828125270467,675.0165264911998,616.0631009896255,619.0107421875,5348432,0.0,0.0
2008-06-23 00:00:00+09:00,589.5339207386862,592.4815612050953,557.109537239723,586.5862426757812,2252565,0.0,0.0
2008-06-24 00:00:00+09:00,586.5864343266798,660.2782219935796,586.5864343266798,657.3305053710938,8193103,0.0,0.0
2008-06-25 00:00:00+09:00,660.2781651665572,692.7025188721757,621.9584163198642,630.8014526367188,8507163,0.0,0.0
2008-06-26 00:00:00+09:00,636.6966042030605,669.1210264413185,595.4292602539062,595.4292602539062,4149465,0.0,0.0
2008-06-27 00:00:00+09:00,589.5339207386862,610.1675919860295,577.7432460835621,586.5862426757812,2111184,0.0,0.0
2008-06-30 00:00:00+09:00,586.586378869888,607.2200549079752,583.6387001225886,589.5340576171875,2267815,0.0,0.0
2008-07-01 00:00:00+09:00,595.4291311022732,601.3244861571324,545.318763521927,557.1094360351562,2020122,0.0,0.0
2008-07-02 00:00:00+09:00,565.9527005273773,636.6967692950459,565.9527005273773,607.2200927734375,7837860,0.0,0.0
2008-07-03 00:00:00+09:00,595.4292392680004,621.9582666411536,577.7432460835621,586.5862426757812,3250649,0.0,0.0
2008-07-04 00:00:00+09:00,607.2199591719785,624.9059912708415,598.3769619207964,621.9583129882812,4649588,0.0,0.0
2008-07-07 00:00:00+09:00,630.8014614744911,713.3362426757812,627.8537826609082,713.3362426757812,16444161,0.0,0.0
2008-07-08 00:00:00+09:00,731.0222113120794,766.3942804763119,663.2257892765551,707.4408569335938,16155092,0.0,0.0
2008-07-09 00:00:00+09:00,722.1790898286418,733.9697274133775,660.2780357280433,669.1210327148438,7393889,0.0,0.0
2008-07-10 00:00:00+09:00,648.4874144076215,663.2257698618632,583.6386729668593,601.32470703125,4742270,0.0,0.0
2008-07-11 00:00:00+09:00,621.9584304334044,636.6967494362622,607.2200738340409,616.0631103515625,3454536,0.0,0.0
2008-07-14 00:00:00+09:00,619.0107375475794,642.5920925328483,601.3247401068802,630.8014526367188,3762593,0.0,0.0
2008-07-15 00:00:00+09:00,630.8014179397336,639.6444161736775,592.4816712008032,601.32470703125,2890794,0.0,0.0
2008-07-16 00:00:00+09:00,601.3246604852062,648.4873642109087,595.4293037212434,604.2723388671875,5079082,0.0,0.0
2008-07-17 00:00:00+09:00,613.1153364166317,624.9060123480574,601.3246604852062,604.2723388671875,1492344,0.0,0.0
2008-07-18 00:00:00+09:00,610.1676835715515,616.0630405822483,568.9002972861781,574.795654296875,2026846,0.0,0.0
2008-07-21 00:00:00+09:00,571.847889957752,595.4292392680004,571.847889957752,586.5862426757812,1532505,0.0,0.0
2008-07-22 00:00:00+09:00,589.5340146005533,598.3770126006985,577.7433380681924,580.6909790039062,1450862,0.0,0.0
2008-07-23 00:00:00+09:00,586.586289136219,592.4816081324706,577.7432918435921,583.6386108398438,1481830,0.0,0.0
2008-07-24 00:00:00+09:00,589.5340943797737,613.1154506356633,589.5340943797737,607.2200927734375,2575653,0.0,0.0
2008-07-25 00:00:00+09:00,613.1154221952456,627.8537785706393,595.4293870254724,619.0107421875,3401158,0.0,0.0
2008-07-28 00:00:00+09:00,636.6967397607682,642.5920973495278,610.1677434008659,619.0107421875,2884267,0.0,0.0
2008-07-29 00:00:00+09:00,613.1152916581847,616.0629698249805,589.5339415168116,595.4292602539062,1389247,0.0,0.0
2008-07-30 00:00:00+09:00,613.1153838753429,613.1153838753429,595.4293498109522,601.32470703125,1228129,0.0,0.0
2008-07-31 00:00:00+09:00,598.3769173309054,604.2722734567153,586.5862426757812,586.5862426757812,1085610,0.0,0.0
2008-08-01 00:00:00+09:00,592.4816284179688,592.4816284179688,577.7433116244771,592.4816284179688,638410,0.0,0.0
2008-08-04 00:00:00+09:00,580.6909325434685,595.4292864288458,580.6909325434685,583.6386108398438,600377,0.0,0.0
2008-08-05 00:00:00+09:00,580.6910575864349,616.0631295667762,580.6910575864349,607.2200927734375,2498471,0.0,0.0
2008-08-06 00:00:00+09:00,610.1676403142229,613.1153186105981,583.6386108398438,583.6386108398438,1659552,0.0,0.0
2008-08-07 00:00:00+09:00,586.5864224555419,586.5864224555419,557.1097079853217,563.0050659179688,1566037,0.0,0.0
2008-08-08 00:00:00+09:00,554.1619680562166,560.0573253403213,539.4236124424576,545.3189697265625,1641685,0.0,0.0
2008-08-11 00:00:00+09:00,548.2666483686148,560.0573253403213,542.3712910845101,545.3189697265625,818230,0.0,0.0
2008-08-12 00:00:00+09:00,545.3189687959415,548.2666474329635,524.6852935297936,527.6329345703125,1172647,0.0,0.0
2008-08-13 00:00:00+09:00,527.6329487253058,539.4236259932034,527.6329487253058,530.5806274414062,627334,0.0,0.0
2008-08-14 00:00:00+09:00,524.6852806601505,545.3189554201892,524.6852806601505,542.3712768554688,1176931,0.0,0.0
2008-08-15 00:00:00+09:00,542.3712768554688,542.3712768554688,542.3712768554688,542.3712768554688,0,0.0,0.0
2008-08-18 00:00:00+09:00,539.423583984375,548.266619444005,539.423583984375,539.423583984375,490706,0.0,0.0
2008-08-19 00:00:00+09:00,533.5283813476562,539.4237020141804,521.7377024180985,533.5283813476562,1175068,0.0,0.0
2008-08-20 00:00:00+09:00,521.7375955197572,536.4759505611036,518.7899169921875,518.7899169921875,901696,0.0,0.0
2008-08-21 00:00:00+09:00,509.94695767948446,521.737635087446,477.5225666102115,480.4702453613281,1596143,0.0,0.0
2008-08-22 00:00:00+09:00,471.6272561194848,477.5225761429004,409.726151496336,442.1505432128906,2018878,0.0,0.0
2008-08-25 00:00:00+09:00,442.1505475577718,471.6272607540248,442.1505475577718,465.7319030761719,1072967,0.0,0.0
2008-08-26 00:00:00+09:00,462.7842102050781,474.5748876067708,448.0458916503407,462.7842102050781,582114,0.0,0.0
2008-08-27 00:00:00+09:00,456.88891409980124,465.73191321253717,442.15055718090355,445.0982360839844,570109,0.0,0.0
2008-08-28 00:00:00+09:00,450.9934542390275,453.94113247508284,421.5167846679688,421.51678466796875,920328,0.0,0.0
2008-08-29 00:00:00+09:00,430.3598234784899,465.73185294896115,427.41214495682516,456.88885498046875,1564239,0.0,0.0
2008-09-01 00:00:00+09:00,456.8888791778902,459.83655785566776,389.09245757152513,415.6214904785156,1280247,0.0,0.0
2008-09-02 00:00:00+09:00,403.8308194153188,436.25517256724004,353.72043152821055,383.1971435546875,1757953,0.0,0.0
2008-09-03 00:00:00+09:00,362.5634500292528,394.98784256018916,362.5634500292528,386.1448059082031,1121002,0.0,0.0
2008-09-04 00:00:00+09:00,386.14479620966284,442.1505432128906,386.14479620966284,442.1505432128906,2152099,0.0,0.0
2008-09-05 00:00:00+09:00,442.1505456405714,480.4702575909406,436.25518798828125,436.25518798828125,3817764,0.0,0.0
2008-09-08 00:00:00+09:00,433.30755806816757,453.94123519672036,433.30755806816757,445.0982360839844,1482635,0.0,0.0
2008-09-09 00:00:00+09:00,471.6272710186989,471.6272710186989,430.35987916508674,445.0982360839844,1421274,0.0,0.0
2008-09-10 00:00:00+09:00,442.1504983349924,453.9411747815854,412.6737884202592,439.20281982421875,1075087,0.0,0.0
2008-09-11 00:00:00+09:00,442.1505262996794,445.0982049968849,424.46449171295086,427.41217041015625,680257,0.0,0.0
2008-09-12 00:00:00+09:00,436.2551832733191,436.2551832733191,421.5168644948938,430.35986328125,736674,0.0,0.0
2008-09-15 00:00:00+09:00,430.35986328125,430.35986328125,430.35986328125,430.35986328125,0,0.0,0.0
2008-09-16 00:00:00+09:00,383.19709435532997,389.09241344581227,368.458740234375,368.458740234375,1265607,0.0,0.0
2008-09-17 00:00:00+09:00,383.19713715179586,406.77849134035176,383.19713715179586,397.9354553222656,1754870,0.0,0.0
2008-09-18 00:00:00+09:00,374.354127968728,392.0401636761938,371.4064490847326,386.1448059082031,943119,0.0,0.0
2008-09-19 00:00:00+09:00,403.8307909139752,406.77846942788415,394.98779296875,394.98779296875,760271,0.0,0.0
2008-09-22 00:00:00+09:00,400.883066513092,406.7784228660995,389.09239140357437,392.0400695800781,752019,0.0,0.0
2008-09-23 00:00:00+09:00,380.2494584791005,403.8308126676564,377.3017798064051,397.9354553222656,761473,0.0,0.0
2008-09-24 00:00:00+09:00,394.9877875615474,430.359816454723,394.9877875615474,409.7261047363281,2061313,0.0,0.0
2008-09-25 00:00:00+09:00,415.6215069193798,418.5691857137595,400.8831505439862,412.673828125,779327,0.0,0.0
2008-09-26 00:00:00+09:00,415.6215113982769,474.5748999386505,412.6738325721318,436.25518798828125,11389945,0.0,0.0
2008-09-29 00:00:00+09:00,439.20286208140743,445.09821967016694,409.7261493306203,412.673828125,1617593,0.0,0.0
2008-09-30 00:00:00+09:00,380.24944299987794,403.8307962284823,368.4587663855757,400.88311767578125,933756,0.0,0.0
2008-10-01 00:00:00+09:00,409.7261324165436,412.67381108923894,394.9878142460738,397.9354553222656,560041,0.0,0.0
2008-10-02 00:00:00+09:00,397.93543388615734,406.77846942788415,392.04011445484105,394.98779296875,636211,0.0,0.0
2008-10-03 00:00:00+09:00,394.98779296875,394.98779296875,394.98779296875,394.98779296875,0,0.0,0.0
2008-10-06 00:00:00+09:00,389.09246805201667,394.9878255663675,365.5111131876225,371.40643310546875,572320,0.0,0.0
2008-10-07 00:00:00+09:00,353.7204357554255,374.3541118626442,353.7204357554255,371.40643310546875,772712,0.0,0.0
2008-10-08 00:00:00+09:00,347.825087540445,362.56344412385874,330.1390897175531,333.08673095703125,802787,0.0,0.0
2008-10-09 00:00:00+09:00,336.03442118097723,347.82509932798456,324.24374303396985,341.9297790527344,495887,0.0,0.0
2008-10-10 00:00:00+09:00,324.2437420770542,330.13909993141283,291.81936786934875,312.45306396484375,1291738,0.0,0.0
2008-10-13 00:00:00+09:00,315.40074211787896,333.0867404445313,315.40074211787896,330.13909912109375,518058,0.0,0.0
2008-10-14 00:00:00+09:00,353.7204332969563,365.5111106472044,347.82507582358005,359.6157531738281,974675,0.0,0.0
2008-10-15 00:00:00+09:00,356.66810716323357,356.66810716323357,347.8250710739235,353.7204284667969,412436,0.0,0.0
2008-10-16 00:00:00+09:00,333.0867262557777,338.9820838445372,306.5577110976228,309.50537109375,718610,0.0,0.0
2008-10-17 00:00:00+09:00,324.2436926975449,327.1913711758183,300.66234006436,306.55767822265625,744921,0.0,0.0
2008-10-20 00:00:00+09:00,306.5577110976228,318.3483698803841,294.767033516609,309.50537109375,471371,0.0,0.0
2008-10-21 00:00:00+09:00,312.45306438180404,321.2960635786359,300.66238625385927,303.61004638671875,534838,0.0,0.0
2008-10-22 00:00:00+09:00,297.7146432144229,306.55765930529907,282.9762893290457,291.8193054199219,551177,0.0,0.0
2008-10-23 00:00:00+09:00,265.290342870065,282.97636071520157,253.49966430664062,253.49966430664062,762732,0.0,0.0
2008-10-24 00:00:00+09:00,253.49964591661757,253.49964591661757,218.12759399414062,218.12759399414062,1187410,0.0,0.0
2008-10-27 00:00:00+09:00,200.44157526569455,250.55196438255504,200.44157526569455,215.179931640625,2398232,0.0,0.0
2008-10-28 00:00:00+09:00,200.4415664032003,241.70895490907313,200.4415664032003,238.7612762451172,1012261,0.0,0.0
2008-10-29 00:00:00+09:00,253.49961171806336,265.29028783550814,212.23222650875644,226.9705810546875,1165310,0.0,0.0
2008-10-30 00:00:00+09:00,241.7089437254285,259.39495849609375,238.76126519785885,259.39495849609375,1265332,0.0,0.0
2008-10-31 00:00:00+09:00,265.2903137207031,280.02866970470114,253.4996364528056,265.2903137207031,1331247,0.0,0.0
2008-11-03 00:00:00+09:00,271.1856550974079,285.92401123046875,268.23799514974706,285.92401123046875,1105212,0.0,0.0
2008-11-04 00:00:00+09:00,285.9239950053411,288.8716735839844,271.1856397086273,288.8716735839844,816968,0.0,0.0
2008-11-05 00:00:00+09:00,300.662353515625,327.19138581395964,291.81933648342965,300.662353515625,1846862,0.0,0.0
2008-11-06 00:00:00+09:00,282.9763115236474,282.9763115236474,256.44729876677496,259.39495849609375,1174231,0.0,0.0
2008-11-07 00:00:00+09:00,238.76126820706503,274.1333169924548,235.8136084405957,271.1856384277344,1154626,0.0,0.0
2008-11-10 00:00:00+09:00,274.13331766030717,285.9239943514116,271.1856390884055,280.0286560058594,878601,0.0,0.0
2008-11-11 00:00:00+09:00,271.18561374004366,297.7146432144229,265.29027594554265,291.8193054199219,1014677,0.0,0.0
2008-11-12 00:00:00+09:00,280.0286283591632,294.7669821670795,277.08095007828024,282.9762878417969,699621,0.0,0.0
2008-11-13 00:00:00+09:00,265.290342870065,271.1856821517772,241.70898574321623,253.49966430664062,787210,0.0,0.0
2008-11-14 00:00:00+09:00,277.08095618405116,277.08095618405116,262.3426208496094,262.3426208496094,347494,0.0,0.0
2008-11-17 00:00:00+09:00,259.39494250377123,268.237958743036,253.49960461034456,262.3426208496094,793818,0.0,0.0
2008-11-18 00:00:00+09:00,262.34269677740303,265.2903571781098,253.49967797877247,256.4473571777344,275407,0.0,0.0
2008-11-19 00:00:00+09:00,259.3950028716681,262.3426819035071,241.7089850753964,247.6043243408203,576829,0.0,0.0
2008-11-20 00:00:00+09:00,235.81358233915049,238.7612417793529,221.07522874339134,224.02288818359375,516678,0.0,0.0
2008-11-21 00:00:00+09:00,212.2322157431985,247.60426109952292,209.28455626248356,241.70892333984375,430887,0.0,0.0
2008-11-24 00:00:00+09:00,253.4996319683934,253.4996319683934,232.86593771545702,238.7612762451172,584414,0.0,0.0
2008-11-25 00:00:00+09:00,244.65659207019087,274.13330078125,244.65659207019087,274.13330078125,1939893,0.0,0.0
2008-11-26 00:00:00+09:00,312.45306396484375,312.45306396484375,312.45306396484375,312.45306396484375,542066,0.0,0.0
2008-11-27 00:00:00+09:00,344.8774060835588,356.6681213378906,330.1390872086549,356.6681213378906,6638042,0.0,0.0
2008-11-28 00:00:00+09:00,383.19711126382225,409.72610473632807,368.4587564925405,409.7261047363281,3173078,0.0,0.0
2008-12-01 00:00:00+09:00,465.73185945110436,468.67953801392196,389.0924423968595,418.56915283203125,16722241,0.0,0.0
2008-12-02 00:00:00+09:00,409.72608665724954,415.62144334423124,368.458740234375,368.458740234375,5501852,0.0,0.0
2008-12-03 00:00:00+09:00,383.19714547082873,389.09246534770057,344.8773970868919,359.6157531738281,4123613,0.0,0.0
2008-12-04 00:00:00+09:00,365.5111027121272,412.67381108923894,347.82506827245845,397.9354553222656,11765463,0.0,0.0
2008-12-05 00:00:00+09:00,392.0400917893031,418.56912168772214,362.5633835473933,368.458740234375,6157606,0.0,0.0
2008-12-08 00:00:00+09:00,374.3540954589844,394.987808258568,362.5634185434379,374.3540954589844,4613771,0.0,0.0
2008-12-09 00:00:00+09:00,380.24948155802997,383.1971604096323,359.6157671933196,362.5634460449219,2110879,0.0,0.0
2008-12-10 00:00:00+09:00,368.458740234375,383.19709435532997,359.6157052039024,368.458740234375,2435295,0.0,0.0
2008-12-11 00:00:00+09:00,371.406367444523,421.5167846679688,362.5633703328552,421.51678466796875,9164448,0.0,0.0
2008-12-12 00:00:00+09:00,427.4121603771951,436.2551586647292,368.45877579946267,374.3540954589844,6962778,0.0,0.0
2008-12-15 00:00:00+09:00,383.19716462071403,400.8831627316736,383.19716462071403,386.1448059082031,2890160,0.0,0.0
2008-12-16 00:00:00+09:00,389.09246340208034,400.88314069337025,377.3017861107904,383.1971435546875,1768384,0.0,0.0
2008-12-17 00:00:00+09:00,394.9878255663675,397.93546672703826,371.40643310546875,371.40643310546875,1545146,0.0,0.0
2008-12-18 00:00:00+09:00,380.24939447056045,424.4644167321273,377.3017162940567,392.0400695800781,5171462,0.0,0.0
2008-12-19 00:00:00+09:00,389.09246340208034,392.0401421240289,380.24946483273897,383.1971435546875,1492031,0.0,0.0
2008-12-22 00:00:00+09:00,386.1448059082031,397.93548384767826,380.24948573671867,386.1448059082031,1256004,0.0,0.0
2008-12-23 00:00:00+09:00,386.1447762000873,427.41216461158973,383.1971351393755,403.830810546875,5469954,0.0,0.0
2008-12-24 00:00:00+09:00,403.830841615669,403.830841615669,380.24948573671867,386.1448059082031,1737722,0.0,0.0
2008-12-25 00:00:00+09:00,386.1448059082031,386.1448059082031,386.1448059082031,386.1448059082031,0,0.0,0.0
2008-12-26 00:00:00+09:00,389.09246569072076,406.778500529937,377.3017883300781,377.3017883300781,2112976,0.0,0.0
2008-12-29 00:00:00+09:00,397.9354391230802,427.41214945708674,394.9877981668812,400.88311767578125,8358560,0.0,0.0
2008-12-30 00:00:00+09:00,392.0401636761938,397.93548384767826,377.3018068527233,386.1448059082031,2094748,0.0,0.0
2008-12-31 00:00:00+09:00,386.1448059082031,386.1448059082031,386.1448059082031,386.1448059082031,0,0.0,0.0
2009-01-02 00:00:00+09:00,389.0924377441406,403.83079278548706,380.24943975793343,389.0924377441406,1320814,0.0,0.0
2009-01-05 00:00:00+09:00,389.09246340208034,400.88314069337025,383.1971435546875,383.1971435546875,1101664,0.0,0.0
2009-01-06 00:00:00+09:00,386.1447782279877,397.9354553222656,383.19713715179586,397.9354553222656,2112545,0.0,0.0
2009-01-07 00:00:00+09:00,397.93543388615734,403.8307909139752,392.04011445484105,394.98779296875,1294841,0.0,0.0
2009-01-08 00:00:00+09:00,394.9877477565818,418.5690979756171,392.04006958007807,392.0400695800781,2437907,0.0,0.0
2009-01-09 00:00:00+09:00,397.93543346289255,448.0458553565397,394.98779254862046,439.20281982421875,7462698,0.0,0.0
2009-01-12 00:00:00+09:00,445.09816284037265,504.0515432183192,436.2551275863054,459.8365173339844,16704329,0.0,0.0
2009-01-13 00:00:00+09:00,459.836513376458,459.836513376458,430.35980464292226,448.04583740234375,4701625,0.0,0.0
2009-01-14 00:00:00+09:00,456.8888173620065,504.05151943943997,456.8888173620065,483.4178466796875,6699484,0.0,0.0
2009-01-15 00:00:00+09:00,468.67956770417675,521.7376348100462,415.62150059830736,462.7842102050781,12039496,0.0,0.0
2009-01-16 00:00:00+09:00,483.41786948516295,515.8422192939084,448.04584125839506,459.8365173339844,11849728,0.0,0.0
2009-01-19 00:00:00+09:00,468.67959678936194,480.4702749227572,445.0982405225715,450.9935607910156,4064894,0.0,0.0
2009-01-20 00:00:00+09:00,453.94121845680104,456.8888972511808,403.8308293383659,412.673828125,3283543,0.0,0.0
2009-01-21 00:00:00+09:00,383.19713715179586,412.67381108923894,377.3017798064051,397.9354553222656,3309227,0.0,0.0
2009-01-22 00:00:00+09:00,412.67381108923894,436.25516527779484,397.9354553222656,397.9354553222656,4193168,0.0,0.0
2009-01-23 00:00:00+09:00,397.9354492900774,403.8308065461021,371.406416830972,374.3540954589844,2076778,0.0,0.0
2009-01-28 00:00:00+09:00,380.24948573671867,392.0401636761938,377.3018068527233,386.1448059082031,1065482,0.0,0.0
2009-01-29 00:00:00+09:00,394.9877477565818,400.883066513092,383.1970726470642,392.0400695800781,1200956,0.0,0.0
2009-01-30 00:00:00+09:00,383.19711126382225,418.5691401569978,380.24943279026564,409.7261047363281,2316877,0.0,0.0
2009-02-02 00:00:00+09:00,409.7261324165436,412.67381108923894,383.19713715179586,397.9354553222656,1508076,0.0,0.0
2009-02-03 00:00:00+09:00,397.93548384767826,397.93548384767826,383.19716462071403,386.1448059082031,1713612,0.0,0.0
2009-02-04 00:00:00+09:00,397.93547385299945,442.1505432128906,397.93547385299945,442.1505432128906,16407918,0.0,0.0
2009-02-05 00:00:00+09:00,433.30754448875143,439.20286451365325,415.6215092210352,424.4645080566406,5630279,0.0,0.0
2009-02-06 00:00:00+09:00,430.35986329477333,439.20286208140743,412.673828125,412.673828125,4103850,0.0,0.0
2009-02-09 00:00:00+09:00,386.1447846801318,394.9878208459774,380.24946483273897,383.1971435546875,4308497,0.0,0.0
2009-02-10 00:00:00+09:00,386.1448059082031,392.0401636761938,380.24948573671867,386.1448059082031,1158202,0.0,0.0
2009-02-11 00:00:00+09:00,368.4588034023338,380.2494812011719,368.4588034023338,380.2494812011719,1376605,0.0,0.0
2009-02-12 00:00:00+09:00,383.1971313430215,386.1447723745309,371.406416830972,374.3540954589844,1069986,0.0,0.0
2009-02-13 00:00:00+09:00,374.35410738884184,383.1971435546875,371.4064286668933,383.1971435546875,1067769,0.0,0.0
2009-02-16 00:00:00+09:00,386.1447846801318,392.0401421240289,380.24946483273897,383.1971435546875,2200775,0.0,0.0
2009-02-17 00:00:00+09:00,380.24946154171926,383.19714023815595,350.7727497703602,353.7204284667969,1988010,0.0,0.0
2009-02-18 00:00:00+09:00,341.92973746024074,356.66809275034626,327.1913821701353,350.7727355957031,803934,0.0,0.0
2009-02-19 00:00:00+09:00,353.72044708662077,365.5111248965242,341.92976927671737,362.5634460449219,1414294,0.0,0.0
2009-02-20 00:00:00+09:00,350.77277919694706,368.45881526275787,318.3483860090451,324.2437438964844,2268017,0.0,0.0
2009-02-23 00:00:00+09:00,318.3483834413165,333.0867404445313,312.4530631979347,330.13909912109375,702865,0.0,0.0
2009-02-24 00:00:00+09:00,318.348402447045,324.2437606388925,306.5577424581133,321.29608154296875,660856,0.0,0.0
2009-02-25 00:00:00+09:00,330.13907289751506,333.0867139868158,312.4530383791916,318.3483581542969,844395,0.0,0.0
2009-02-26 00:00:00+09:00,321.2960462664241,336.0344025313434,306.55770879975734,315.4007263183594,661262,0.0,0.0
2009-02-27 00:00:00+09:00,315.40074289202306,321.29606314987484,312.45306396484375,312.45306396484375,387736,0.0,0.0
2009-03-02 00:00:00+09:00,306.55765930529907,309.50531880342487,282.9762893290457,291.8193054199219,695936,0.0,0.0
2009-03-03 00:00:00+09:00,280.0286560058594,288.8716729233132,268.23797931475497,280.0286560058594,992762,0.0,0.0
2009-03-04 00:00:00+09:00,277.0810111997162,309.5053854506911,277.0810111997162,303.61004638671875,1291874,0.0,0.0
2009-03-05 00:00:00+09:00,312.45306438180404,324.2437425097488,303.61004638671875,303.61004638671875,1172980,0.0,0.0
2009-03-06 00:00:00+09:00,336.0344201892646,347.82509830147507,312.45306396484375,312.45306396484375,3124514,0.0,0.0
2009-03-09 00:00:00+09:00,315.40074289202306,324.2437420770542,306.5577249087385,312.45306396484375,1096773,0.0,0.0
2009-03-10 00:00:00+09:00,312.4530383791916,327.19139421171053,306.5576998058344,318.3483581542969,892269,0.0,0.0
2009-03-11 00:00:00+09:00,330.13911883074013,330.13911883074013,318.348402447045,321.29608154296875,755126,0.0,0.0
2009-03-12 00:00:00+09:00,321.2960368401014,327.19139421171053,318.3483581542969,318.3483581542969,347338,0.0,0.0
2009-03-13 00:00:00+09:00,327.19139421171053,330.13907289751506,315.4007170649961,318.3483581542969,903796,0.0,0.0
2009-03-16 00:00:00+09:00,324.2437606388925,324.2437606388925,315.40076094763015,321.29608154296875,447885,0.0,0.0
2009-03-17 00:00:00+09:00,321.2960532096014,333.08673095703125,321.2960532096014,333.08673095703125,980916,0.0,0.0
2009-03-18 00:00:00+09:00,341.9297506933477,344.87739178824427,333.0867146191465,336.0343933105469,877903,0.0,0.0
2009-03-19 00:00:00+09:00,338.98211669921875,344.87743726285686,336.0344376191453,338.98211669921875,736231,0.0,0.0
2009-03-20 00:00:00+09:00,338.9821001168558,344.877420392106,336.03442118097723,341.9297790527344,513619,0.0,0.0
2009-03-23 00:00:00+09:00,338.9821001168558,344.877420392106,338.9821001168558,341.9297790527344,38778,0.0,0.0
2009-03-24 00:00:00+09:00,350.7727782638632,356.66813613562033,338.9821001168558,341.9297790527344,591278,0.0,0.0
2009-03-25 00:00:00+09:00,338.98208605289835,371.4064402127945,338.98208605289835,356.6681213378906,2483619,0.0,0.0
2009-03-26 00:00:00+09:00,362.5634413685511,362.5634413685511,350.7727637107247,356.6681213378906,764501,0.0,0.0
2009-03-27 00:00:00+09:00,368.45878970872224,403.8308217906502,368.45878970872224,377.3017883300781,4774712,0.0,0.0
2009-03-30 00:00:00+09:00,374.354106482486,374.354106482486,341.9297534090679,347.8250732421875,1308304,0.0,0.0
2009-03-31 00:00:00+09:00,341.92973746024074,356.66809275034626,341.92973746024074,350.7727355957031,569662,0.0,0.0
2009-04-01 00:00:00+09:00,359.61576255496817,368.458798995717,350.7727637107247,356.6681213378906,1039005,0.0,0.0
2009-04-02 00:00:00+09:00,362.56343009755193,397.9354619714217,362.56343009755193,383.1971435546875,3784267,0.0,0.0
2009-04-03 00:00:00+09:00,371.406416830972,400.8831279180897,368.45877579946267,374.3540954589844,4049472,0.0,0.0
2009-04-06 00:00:00+09:00,380.2494527150091,383.1971313430215,371.406416830972,374.3540954589844,1638685,0.0,0.0
2009-04-07 00:00:00+09:00,374.3541118626442,377.3017906198196,362.5634344304471,371.40643310546875,1436329,0.0,0.0
2009-04-08 00:00:00+09:00,368.4587563533021,368.4587563533021,359.6157209359741,365.5110778808594,1121295,0.0,0.0
2009-04-09 00:00:00+09:00,371.406416830972,377.3017740869968,365.5110971714503,374.3540954589844,1999414,0.0,0.0
2009-04-10 00:00:00+09:00,383.19711650961585,412.67378885920044,377.30175948179794,394.98779296875,5843051,0.0,0.0
2009-04-13 00:00:00+09:00,403.83076406488294,418.56911805803185,392.04008838966365,406.7784423828125,2988214,0.0,0.0
2009-04-14 00:00:00+09:00,409.7261324165436,412.67381108923894,394.9878142460738,397.9354553222656,1678780,0.0,0.0
2009-04-15 00:00:00+09:00,397.93546431207665,397.93546431207665,359.61575349086195,377.3017883300781,1782834,0.0,0.0
2009-04-16 00:00:00+09:00,383.19714580865167,392.04014443000756,371.4064308515046,377.3017883300781,1315822,0.0,0.0
2009-04-17 00:00:00+09:00,383.19711111901427,386.14475199495587,359.6157209359741,365.5110778808594,1090133,0.0,0.0
2009-04-20 00:00:00+09:00,368.45880374812657,368.45880374812657,356.6681259382231,362.5634460449219,681558,0.0,0.0
2009-04-21 00:00:00+09:00,356.66811451260094,386.1447892948412,350.7727569982501,371.40643310546875,2624428,0.0,0.0
2009-04-22 00:00:00+09:00,380.24946483273897,389.09246340208034,371.4064286668933,383.1971435546875,1886972,0.0,0.0
2009-04-23 00:00:00+09:00,389.09246569072076,400.88314305136345,374.3541095907914,377.3017883300781,2381189,0.0,0.0
2009-04-24 00:00:00+09:00,383.19714813417045,383.19714813417045,368.458791944798,371.40643310546875,1224118,0.0,0.0
2009-04-27 00:00:00+09:00,392.04015392841717,424.4645080566406,389.09247511771355,424.4645080566406,10322275,0.0,0.0
2009-04-28 00:00:00+09:00,448.0459071623542,450.9935484174506,362.5634460449219,362.5634460449219,8072241,0.0,0.0
2009-04-29 00:00:00+09:00,362.5634460449219,371.406445003223,350.7727682350185,362.5634460449219,1578473,0.0,0.0
2009-04-30 00:00:00+09:00,368.45877579946267,377.3017740869968,365.5110971714503,374.3540954589844,1456162,0.0,0.0
2009-05-04 00:00:00+09:00,377.3017162940567,418.5690979756171,374.354038117553,392.0400695800781,4341141,0.0,0.0
2009-05-06 00:00:00+09:00,403.8307909139752,406.77846942788415,383.19711650961585,394.98779296875,2154251,0.0,0.0
2009-05-07 00:00:00+09:00,400.88311425791744,400.88311425791744,380.24943975793343,389.0924377441406,1645306,0.0,0.0
2009-05-08 00:00:00+09:00,386.144762508778,400.88311767578125,383.197121552579,400.88311767578125,1206118,0.0,0.0
2009-05-11 00:00:00+09:00,409.726130264802,424.46448595437454,400.8831318896598,403.830810546875,2653691,0.0,0.0
2009-05-12 00:00:00+09:00,400.8831318896598,406.7784892040902,394.98781217173286,403.830810546875,809336,0.0,0.0
2009-05-13 00:00:00+09:00,409.72608310424306,409.72608310424306,397.9354074290237,406.7784423828125,908873,0.0,0.0
2009-05-14 00:00:00+09:00,400.8831124000663,403.8307909139752,392.04011445484105,394.98779296875,1083801,0.0,0.0
2009-05-15 00:00:00+09:00,397.9354553222656,403.8308126676564,389.09245690068303,397.9354553222656,1015767,0.0,0.0
2009-05-18 00:00:00+09:00,403.8308315747262,424.4645080566406,403.8308315747262,424.4645080566406,3373484,0.0,0.0
2009-05-19 00:00:00+09:00,424.464425307526,439.20277889130443,418.5691064319135,421.51678466796875,2386936,0.0,0.0
2009-05-20 00:00:00+09:00,427.4121433776258,442.1504983349924,418.5691454418064,439.20281982421875,1620017,0.0,0.0
2009-05-21 00:00:00+09:00,436.2551832733191,445.0982196561805,427.4121844869629,430.35986328125,1633718,0.0,0.0
2009-05-22 00:00:00+09:00,427.4121891063516,456.8889021747912,421.51686905056704,436.25518798828125,3546742,0.0,0.0
2009-05-25 00:00:00+09:00,433.3074720511807,442.1504694084704,371.4063777606556,406.7784423828125,2563058,0.0,0.0
2009-05-26 00:00:00+09:00,409.72608310424306,445.0981477264,400.8830857469533,406.7784423828125,5516689,0.0,0.0
2009-05-27 00:00:00+09:00,415.6215195551441,421.51687732313485,380.24948573671867,386.1448059082031,1770234,0.0,0.0
2009-05-28 00:00:00+09:00,377.30176123036375,389.0924377441406,365.51108471658694,389.0924377441406,1224672,0.0,0.0
2009-05-29 00:00:00+09:00,386.1447132270706,394.9877477565818,383.1970726470642,392.0400695800781,546517,0.0,0.0
2009-06-01 00:00:00+09:00,386.1447574270232,397.93543388615734,386.1447574270232,394.98779296875,503984,0.0,0.0
2009-06-02 00:00:00+09:00,397.9354553222656,403.8308126676564,389.09245690068303,397.9354553222656,1116573,0.0,0.0
2009-06-03 00:00:00+09:00,400.883133994961,403.8308126676564,392.04013557337845,397.9354553222656,553730,0.0,0.0
2009-06-04 00:00:00+09:00,397.9354553222656,406.77849134035176,394.9878142460738,397.9354553222656,778267,0.0,0.0
2009-06-05 00:00:00+09:00,397.935473953319,427.4121868673442,394.9878327391208,424.4645080566406,1891133,0.0,0.0
2009-06-08 00:00:00+09:00,433.3074720511807,442.1504694084704,403.83076406488294,406.7784423828125,5140009,0.0,0.0
2009-06-09 00:00:00+09:00,409.72608310424306,430.35979373325114,397.9354074290237,406.7784423828125,3219157,0.0,0.0
2009-06-10 00:00:00+09:00,409.7261358234277,430.3598491073617,403.8308160255208,427.41217041015625,2484773,0.0,0.0
2009-06-11 00:00:00+09:00,427.41217041015625,439.20284760247404,415.6214932178385,427.41217041015625,1954808,0.0,0.0
2009-06-12 00:00:00+09:00,433.3075080496172,436.25514901593255,415.62147426921365,418.56915283203125,2086680,0.0,0.0
2009-06-15 00:00:00+09:00,421.5167846679688,439.20277889130443,418.5691064319135,421.51678466796875,2194526,0.0,0.0
2009-06-16 00:00:00+09:00,418.56916623644753,421.5168448936627,403.830810546875,403.830810546875,1875498,0.0,0.0
2009-06-17 00:00:00+09:00,400.883066513092,403.83074468959575,383.1970726470642,392.0400695800781,1529856,0.0,0.0
2009-06-18 00:00:00+09:00,392.04015900000996,394.9878378488459,380.2494812011719,380.2494812011719,1075519,0.0,0.0
2009-06-19 00:00:00+09:00,386.1447892948412,389.09246805201667,368.458791944798,371.40643310546875,892665,0.0,0.0
2009-06-22 00:00:00+09:00,368.4588034023338,380.2494812011719,368.4588034023338,380.2494812011719,571222,0.0,0.0
2009-06-23 00:00:00+09:00,371.40642545240917,371.40642545240917,350.7727497703602,353.7204284667969,1470048,0.0,0.0
2009-06-24 00:00:00+09:00,353.72043067181124,359.6157505049308,338.9820746942561,347.8250732421875,1241295,0.0,0.0
2009-06-25 00:00:00+09:00,347.8250893834161,368.45880374812657,347.8250893834161,362.5634460449219,890106,0.0,0.0
2009-06-26 00:00:00+09:00,365.5111056560397,368.4587843524764,350.7727497703602,353.7204284667969,458488,0.0,0.0
2009-06-29 00:00:00+09:00,356.6681093866231,356.6681093866231,344.87739452737566,347.8250732421875,480056,0.0,0.0
2009-06-30 00:00:00+09:00,350.7727954230038,356.66815358315074,338.98211669921875,338.98211669921875,534556,0.0,0.0
2009-07-01 00:00:00+09:00,336.03439597944424,347.8250732421875,336.03439597944424,347.8250732421875,472649,0.0,0.0
2009-07-02 00:00:00+09:00,344.87739237748684,353.7204284667969,344.87739237748684,353.7204284667969,285544,0.0,0.0
2009-07-03 00:00:00+09:00,347.8250710739235,353.7204284667969,341.92975127755403,353.7204284667969,516548,0.0,0.0
2009-07-06 00:00:00+09:00,356.6681213378906,362.5634413685511,350.7727637107247,356.6681213378906,1073383,0.0,0.0
2009-07-07 00:00:00+09:00,359.61576255496817,362.5634413685511,356.6681213378906,356.6681213378906,489808,0.0,0.0
2009-07-08 00:00:00+09:00,356.66810716323357,356.66810716323357,347.8250710739235,353.7204284667969,481944,0.0,0.0
2009-07-09 00:00:00+09:00,353.7204284667969,356.66810716323357,347.8250710739235,353.7204284667969,437819,0.0,0.0
2009-07-10 00:00:00+09:00,353.72043067181124,356.6681093866231,341.9297534090679,347.8250732421875,644481,0.0,0.0
2009-07-13 00:00:00+09:00,371.40643310546875,397.93546672703826,368.458791944798,371.40643310546875,10267287,0.0,0.0
2009-07-14 00:00:00+09:00,365.5111050315433,368.45878372294374,327.19139483284954,336.0343933105469,3085755,0.0,0.0
2009-07-15 00:00:00+09:00,341.92973937377866,350.772737558729,338.98206077996105,344.87738037109375,854431,0.0,0.0
2009-07-16 00:00:00+09:00,347.82505896491136,350.772737558729,344.8773803710937,344.87738037109375,556186,0.0,0.0
2009-07-17 00:00:00+09:00,347.8250710739235,356.66810716323357,347.8250710739235,353.7204284667969,535666,0.0,0.0
2009-07-20 00:00:00+09:00,353.72044252430766,359.61576255496817,353.72044252430766,356.6681213378906,367269,0.0,0.0
2009-07-21 00:00:00+09:00,359.6157482631663,359.6157482631663,350.7727497703602,353.7204284667969,617062,0.0,0.0
2009-07-22 00:00:00+09:00,356.66811203364443,365.5111106472044,350.77275456026814,359.6157531738281,1247278,0.0,0.0
2009-07-23 00:00:00+09:00,356.66811203364443,359.6157531738281,353.7204332969563,359.6157531738281,329309,0.0,0.0
2009-07-24 00:00:00+09:00,359.61576255496817,362.5634413685511,356.6681213378906,356.6681213378906,502682,0.0,0.0
2009-07-27 00:00:00+09:00,359.6157482631663,362.563426959603,353.7204284667969,353.7204284667969,483512,0.0,0.0
2009-07-28 00:00:00+09:00,356.66810716323357,359.6157482631663,353.7204284667969,353.7204284667969,385914,0.0,0.0
2009-07-29 00:00:00+09:00,356.6681213378906,365.51112018213405,356.6681213378906,356.6681213378906,1118388,0.0,0.0
2009-07-30 00:00:00+09:00,359.61576255496817,359.61576255496817,353.72044252430766,356.6681213378906,572365,0.0,0.0
2009-07-31 00:00:00+09:00,359.6157531738281,365.5111106472044,356.66811203364443,359.6157531738281,820871,0.0,0.0
2009-08-03 00:00:00+09:00,362.5634319105163,362.5634319105163,356.66811203364443,359.6157531738281,664957,0.0,0.0
2009-08-04 00:00:00+09:00,365.51112018213405,365.51112018213405,356.6681213378906,356.6681213378906,561993,0.0,0.0
2009-08-05 00:00:00+09:00,356.6681213378906,362.5634413685511,353.72044252430766,356.6681213378906,497876,0.0,0.0
2009-08-06 00:00:00+09:00,356.6681213378906,362.5634413685511,353.72044252430766,356.6681213378906,434338,0.0,0.0
2009-08-07 00:00:00+09:00,356.66811203364443,359.6157531738281,356.66811203364443,359.6157531738281,349176,0.0,0.0
2009-08-10 00:00:00+09:00,362.5634319105163,368.4587893838925,359.6157531738281,359.6157531738281,914606,0.0,0.0
2009-08-11 00:00:00+09:00,362.5633835473933,374.35405932485736,359.6157052039024,368.458740234375,997812,0.0,0.0
2009-08-12 00:00:00+09:00,368.45880374812657,368.45880374812657,359.6157671933196,362.5634460449219,588570,0.0,0.0
2009-08-13 00:00:00+09:00,365.5110971714503,374.3540954589844,362.5634185434379,374.3540954589844,984946,0.0,0.0
2009-08-14 00:00:00+09:00,380.249469376995,383.19714813417045,368.458791944798,371.40643310546875,1407172,0.0,0.0
2009-08-17 00:00:00+09:00,362.5634413685511,365.51112018213405,353.72044252430766,356.6681213378906,1073568,0.0,0.0
2009-08-18 00:00:00+09:00,353.72041417302466,356.66809275034626,344.87737844105993,350.7727355957031,915273,0.0,0.0
2009-08-19 00:00:00+09:00,353.7204284667969,356.66810716323357,350.7727497703602,353.7204284667969,558958,0.0,0.0
2009-08-20 00:00:00+09:00,353.72041417302466,359.61573373116545,350.7727355957031,350.7727355957031,799790,0.0,0.0
2009-08-21 00:00:00+09:00,350.77275195699934,356.6681093866231,347.8250732421875,347.8250732421875,414063,0.0,0.0
2009-08-24 00:00:00+09:00,350.7727355957031,350.7727355957031,341.92973746024074,350.7727355957031,592812,0.0,0.0
2009-08-25 00:00:00+09:00,347.8250732421875,350.77275195699934,341.9297534090679,347.8250732421875,521219,0.0,0.0
2009-08-26 00:00:00+09:00,344.87739237748684,362.563426959603,344.87739237748684,353.7204284667969,1176416,0.0,0.0
2009-08-27 00:00:00+09:00,350.7727497703602,356.66810716323357,347.8250710739235,353.7204284667969,492486,0.0,0.0
2009-08-28 00:00:00+09:00,353.72041417302466,353.72041417302466,347.82505701838153,350.7727355957031,555889,0.0,0.0
2009-08-31 00:00:00+09:00,353.72041417302466,356.66809275034626,344.87737844105993,350.7727355957031,576972,0.0,0.0
2009-09-01 00:00:00+09:00,344.87737844105993,353.72041417302466,344.87737844105993,350.7727355957031,448458,0.0,0.0
2009-09-02 00:00:00+09:00,347.82511634293036,347.82511634293036,338.98211669921875,338.98211669921875,993352,0.0,0.0
2009-09-03 00:00:00+09:00,341.92979577929225,347.82511634293036,338.98211669921875,338.98211669921875,356881,0.0,0.0
2009-09-04 00:00:00+09:00,344.87739178824427,344.87739178824427,330.1390735242499,336.0343933105469,727084,0.0,0.0
2009-09-07 00:00:00+09:00,338.9820720019473,341.9297506933477,336.0343933105469,336.0343933105469,486495,0.0,0.0
2009-09-08 00:00:00+09:00,338.9821001168558,350.7727782638632,336.03442118097723,341.9297790527344,620822,0.0,0.0
2009-09-09 00:00:00+09:00,344.877420392106,350.7727782638632,338.9821001168558,341.9297790527344,305692,0.0,0.0
2009-09-10 00:00:00+09:00,344.877420392106,347.82509932798456,338.9821001168558,341.9297790527344,418301,0.0,0.0
2009-09-11 00:00:00+09:00,341.9297534090679,350.77275195699934,341.9297534090679,347.8250732421875,399916,0.0,0.0
2009-09-14 00:00:00+09:00,344.8773803710937,350.772737558729,344.8773803710937,344.87738037109375,211116,0.0,0.0
2009-09-15 00:00:00+09:00,353.7204284667969,359.6157482631663,347.8250710739235,353.7204284667969,789296,0.0,0.0
2009-09-16 00:00:00+09:00,353.7204284667969,359.6157482631663,350.7727497703602,353.7204284667969,714472,0.0,0.0
2009-09-17 00:00:00+09:00,359.61573373116545,359.61573373116545,347.82505701838153,350.7727355957031,872356,0.0,0.0
2009-09-18 00:00:00+09:00,347.82505701838153,353.72041417302466,347.82505701838153,350.7727355957031,304032,0.0,0.0
2009-09-21 00:00:00+09:00,350.7727497703602,353.7204284667969,347.8250710739235,353.7204284667969,427279,0.0,0.0
2009-09-22 00:00:00+09:00,353.72041417302466,353.72041417302466,347.82505701838153,350.7727355957031,381220,0.0,0.0
2009-09-23 00:00:00+09:00,350.7727782638632,350.7727782638632,341.9297790527344,341.9297790527344,367069,0.0,0.0
2009-09-24 00:00:00+09:00,341.9297790527344,344.877420392106,336.03442118097723,341.9297790527344,348486,0.0,0.0
2009-09-25 00:00:00+09:00,341.9297506933477,341.9297506933477,336.0343933105469,336.0343933105469,207422,0.0,0.0
2009-09-28 00:00:00+09:00,336.0344376191453,344.87743726285686,333.08675853907187,338.98211669921875,602986,0.0,0.0
2009-09-29 00:00:00+09:00,341.92979577929225,350.7727954230038,338.98211669921875,338.98211669921875,459785,0.0,0.0
2009-09-30 00:00:00+09:00,338.98211669921875,341.92979577929225,336.0344376191453,338.98211669921875,289291,0.0,0.0
2009-10-01 00:00:00+09:00,338.9820720019473,338.9820720019473,327.19139483284954,336.0343933105469,266157,0.0,0.0
2009-10-05 00:00:00+09:00,338.98208862899907,338.98208862899907,330.1390897175531,333.08673095703125,178290,0.0,0.0
2009-10-06 00:00:00+09:00,333.0867404445313,338.9820982844199,327.19142020114947,330.13909912109375,291592,0.0,0.0
2009-10-07 00:00:00+09:00,330.13910178392365,333.08674313113625,324.2437438964844,324.2437438964844,411205,0.0,0.0
2009-10-08 00:00:00+09:00,327.19142284020404,327.19142284020404,321.2960649527647,324.2437438964844,226721,0.0,0.0
2009-10-09 00:00:00+09:00,324.24374128120513,336.03441936447564,324.24374128120513,330.13909912109375,510528,0.0,0.0
2009-10-12 00:00:00+09:00,330.1390897175531,336.03440979301513,327.1914108815692,333.08673095703125,233956,0.0,0.0
2009-10-13 00:00:00+09:00,330.13905425174585,333.0866951745682,327.1913757324219,327.1913757324219,203602,0.0,0.0
2009-10-14 00:00:00+09:00,330.13909912109375,333.0867404445313,324.24374128120513,330.13909912109375,249409,0.0,0.0
2009-10-15 00:00:00+09:00,333.0866951745682,333.0866951745682,327.1913757324219,327.1913757324219,231421,0.0,0.0
2009-10-16 00:00:00+09:00,327.19142284020404,330.13910178392365,321.2960649527647,324.2437438964844,317676,0.0,0.0
2009-10-19 00:00:00+09:00,324.243715525906,327.19139421171053,315.4007170649961,318.3483581542969,378835,0.0,0.0
2009-10-20 00:00:00+09:00,318.3483674941393,321.2960462664241,315.4007263183594,315.4007263183594,215016,0.0,0.0
2009-10-21 00:00:00+09:00,315.4007446618325,353.7204581406667,315.4007446618325,324.2437438964844,2541730,0.0,0.0
2009-10-22 00:00:00+09:00,327.19143973481636,330.13911883074013,318.348402447045,321.29608154296875,332349,0.0,0.0
2009-10-23 00:00:00+09:00,321.2960368401014,324.243715525906,315.4007170649961,318.3483581542969,313903,0.0,0.0
2009-10-26 00:00:00+09:00,315.4007170649961,321.2960368401014,312.4530383791916,318.3483581542969,378380,0.0,0.0
2009-10-27 00:00:00+09:00,315.4007446618325,324.2437438964844,315.4007446618325,324.2437438964844,357109,0.0,0.0
2009-10-28 00:00:00+09:00,321.29606314987484,321.29606314987484,309.50538503766444,312.45306396484375,321540,0.0,0.0
2009-10-29 00:00:00+09:00,306.55769193767145,309.50535174956894,294.76701509357855,300.662353515625,462587,0.0,0.0
2009-10-30 00:00:00+09:00,306.55767822265625,309.50533790267906,300.66234006436,306.55767822265625,175179,0.0,0.0
2009-11-02 00:00:00+09:00,297.7146301269531,303.6099676622964,294.7669707584058,297.7146301269531,450089,0.0,0.0
2009-11-03 00:00:00+09:00,297.7146615860866,306.55767822265625,297.7146615860866,306.55767822265625,124698,0.0,0.0
2009-11-04 00:00:00+09:00,303.6100133275225,303.6100133275225,297.7146749054761,300.662353515625,157461,0.0,0.0
2009-11-05 00:00:00+09:00,303.6099676622964,303.6099676622964,297.7146301269531,297.7146301269531,119406,0.0,0.0
2009-11-06 00:00:00+09:00,300.66238625385927,306.5577253178316,297.71470732274634,303.61004638671875,156922,0.0,0.0
2009-11-09 00:00:00+09:00,303.60999974438283,309.50533790267906,300.66234006436,306.55767822265625,127756,0.0,0.0
2009-11-10 00:00:00+09:00,306.5577253178316,309.5053854506911,300.66238625385927,303.61004638671875,147698,0.0,0.0
2009-11-11 00:00:00+09:00,300.6623723071159,309.50537109375,300.6623723071159,309.50537109375,199594,0.0,0.0
2009-11-12 00:00:00+09:00,312.4530818517064,327.19143973481636,309.50540275578254,321.29608154296875,566211,0.0,0.0
2009-11-13 00:00:00+09:00,315.40074289202306,321.29606314987484,312.45306396484375,312.45306396484375,137378,0.0,0.0
2009-11-16 00:00:00+09:00,312.4530498881298,321.2960486747639,303.6100323032431,309.50537109375,446644,0.0,0.0
2009-11-17 00:00:00+09:00,306.5577253178316,315.400743312917,303.61004638671875,303.61004638671875,214130,0.0,0.0
2009-11-18 00:00:00+09:00,306.5577253178316,309.5053854506911,300.66238625385927,303.61004638671875,163314,0.0,0.0
2009-11-19 00:00:00+09:00,303.60999974438283,315.40069485922584,303.60999974438283,306.55767822265625,767108,0.0,0.0
2009-11-20 00:00:00+09:00,303.6100459815592,315.40074289202306,303.6100459815592,312.45306396484375,273952,0.0,0.0
2009-11-23 00:00:00+09:00,309.5053687737897,318.3483674941393,309.5053687737897,315.4007263183594,330454,0.0,0.0
2009-11-24 00:00:00+09:00,315.40074289202306,318.34838422269553,312.45306396484375,312.45306396484375,181632,0.0,0.0
2009-11-25 00:00:00+09:00,312.4530475460745,321.2960462664241,309.5053687737897,315.4007263183594,374021,0.0,0.0
2009-11-26 00:00:00+09:00,315.4007170649961,324.243715525906,312.4530383791916,318.3483581542969,236288,0.0,0.0
2009-11-27 00:00:00+09:00,318.3483351112801,365.5110778808594,318.3483351112801,365.5110778808594,15125902,0.0,0.0
2009-11-30 00:00:00+09:00,371.406416830972,389.0924510025432,356.6680988839162,374.3540954589844,9558651,0.0,0.0
2009-12-01 00:00:00+09:00,380.2494326465716,394.9877874122838,356.6680800600325,365.5110778808594,11613781,0.0,0.0
2009-12-02 00:00:00+09:00,371.4064125224473,374.3540911162649,341.92973937377866,344.87738037109375,3458765,0.0,0.0
2009-12-03 00:00:00+09:00,350.7727682350185,383.1971604096323,350.7727682350185,362.5634460449219,8488076,0.0,0.0
2009-12-04 00:00:00+09:00,371.40642310136354,415.6214904785156,368.4587820200897,415.6214904785156,20796359,0.0,0.0
2009-12-07 00:00:00+09:00,439.2028447077286,450.99352182233514,397.9354560083541,415.6214904785156,14192318,0.0,0.0
2009-12-08 00:00:00+09:00,415.6214616834412,418.5691401569978,392.04010908799086,409.7261047363281,7602725,0.0,0.0
2009-12-09 00:00:00+09:00,400.8831318896598,412.6738089220172,389.09245485730247,403.830810546875,2784011,0.0,0.0
2009-12-10 00:00:00+09:00,403.8307909139752,412.67378885920044,389.0924359409321,394.98779296875,3203520,0.0,0.0
2009-12-11 00:00:00+09:00,400.883066513092,400.883066513092,386.1447132270706,392.0400695800781,1796036,0.0,0.0
2009-12-14 00:00:00+09:00,392.0401636761938,397.93548384767826,383.19716462071403,386.1448059082031,1659463,0.0,0.0
2009-12-15 00:00:00+09:00,389.09239140357437,406.7784228660995,386.1447132270706,392.0400695800781,2918035,0.0,0.0
2009-12-16 00:00:00+09:00,389.09248015117396,397.93547910117604,374.3541235034999,380.2494812011719,1574861,0.0,0.0
2009-12-17 00:00:00+09:00,383.1971435546875,392.0401421240289,377.3017861107904,383.1971435546875,1437563,0.0,0.0
2009-12-18 00:00:00+09:00,380.24948573671867,386.1448059082031,377.3018068527233,386.1448059082031,755943,0.0,0.0
2009-12-21 00:00:00+09:00,386.144762508778,412.6737942900835,383.197121552579,400.88311767578125,2865702,0.0,0.0
2009-12-22 00:00:00+09:00,400.883066513092,406.7784228660995,389.09239140357437,392.0400695800781,1482443,0.0,0.0
2009-12-23 00:00:00+09:00,394.9877874122838,394.9877874122838,365.5110778808594,365.5110778808594,1807980,0.0,0.0
2009-12-24 00:00:00+09:00,365.5111106472044,368.4587893838925,350.77275456026814,359.6157531738281,1511557,0.0,0.0
2009-12-28 00:00:00+09:00,362.56341230848705,362.56341230848705,347.82505701838153,350.7727355957031,923008,0.0,0.0
2009-12-29 00:00:00+09:00,362.8683530244261,368.9161376953125,356.8205297847142,368.9161376953125,391468,14.355977,0.0
2009-12-30 00:00:00+09:00,365.89219830261914,368.9160708053769,353.7965540163145,356.8204650878906,541108,0.0,0.0
2010-01-04 00:00:00+09:00,356.8205378837429,371.94005775737645,356.8205378837429,365.89227294921875,625031,0.0,0.0
2010-01-05 00:00:00+09:00,368.9161841327765,384.03570556640625,368.9161841327765,384.03570556640625,885442,0.0,0.0
2010-01-06 00:00:00+09:00,381.01165771484375,384.0355686371495,371.93996351674303,381.01165771484375,506884,0.0,0.0
2010-01-07 00:00:00+09:00,381.0117935659142,387.0596175668982,368.9161841327765,384.03570556640625,1405455,0.0,0.0
2010-01-08 00:00:00+09:00,417.2985329270882,441.4897444016519,396.1311939602311,402.17901611328125,11307460,0.0,0.0
2010-01-11 00:00:00+09:00,396.13125001621717,396.13125001621717,384.03564256730266,390.0834655761719,1668553,0.0,0.0
2010-01-12 00:00:00+09:00,390.0834655761719,396.13125001621717,381.011731062868,390.0834655761719,1708264,0.0,0.0
2010-01-13 00:00:00+09:00,384.0357174896883,387.0596295840647,368.9161955866378,374.9640197753906,1678713,0.0,0.0
2010-01-14 00:00:00+09:00,387.05960083007807,396.1312978704551,381.01177709060767,387.0596008300781,1517680,0.0,0.0
2010-01-15 00:00:00+09:00,384.0356621600482,402.17909354347427,381.0117505013396,399.1551818847656,1421986,0.0,0.0
2010-01-18 00:00:00+09:00,393.10744156788223,399.15522700003595,377.98792013425253,384.03570556640625,1149797,0.0,0.0
2010-01-19 00:00:00+09:00,387.0594795594552,387.0594795594552,374.9638744390488,381.01165771484375,783204,0.0,0.0
2010-01-20 00:00:00+09:00,384.03570556640625,390.08352956739026,381.0117935659142,384.03570556640625,921778,0.0,0.0
2010-01-21 00:00:00+09:00,384.03573486773263,387.0596470989444,362.8684263869166,371.94012451171875,1252750,0.0,0.0
2010-01-22 00:00:00+09:00,368.91621228050695,384.03573486773263,365.8923386181284,371.94012451171875,870261,0.0,0.0
2010-01-25 00:00:00+09:00,365.8923386181284,374.96403674293055,362.8684263869166,371.94012451171875,820705,0.0,0.0
2010-01-26 00:00:00+09:00,371.9400433122999,374.9639548833519,359.8444355969168,362.86834716796875,523367,0.0,0.0
2010-01-27 00:00:00+09:00,362.86839438641516,365.8923063509553,356.82057045733484,359.844482421875,659658,0.0,0.0
2010-01-28 00:00:00+09:00,359.8444355969168,365.89225873902075,350.77273945258565,362.86834716796875,290641,0.0,0.0
2010-01-29 00:00:00+09:00,362.8683920042223,362.8683920042223,347.7488708496094,347.7488708496094,435244,0.0,0.0
2010-02-01 00:00:00+09:00,344.72495890492087,350.7727827942978,341.70104696023236,347.7488708496094,319019,0.0,0.0
2010-02-02 00:00:00+09:00,350.7727827942978,356.8205681148453,344.72495890492087,347.7488708496094,386574,0.0,0.0
2010-02-03 00:00:00+09:00,353.7965540163145,359.8443761594668,350.77268151355673,356.8204650878906,260750,0.0,0.0
2010-02-04 00:00:00+09:00,356.8204650878906,362.868287231043,353.7965540163145,356.8204650878906,295514,0.0,0.0
2010-02-05 00:00:00+09:00,344.72496177454826,350.77278571426973,338.67717640365663,341.7010498046875,461361,0.0,0.0
2010-02-08 00:00:00+09:00,344.7249251363563,347.7488367848285,332.62931711129346,335.6532287597656,255874,0.0,0.0
2010-02-09 00:00:00+09:00,335.6532287597656,338.6771404082378,329.6054054628213,335.6532287597656,270840,0.0,0.0
2010-02-10 00:00:00+09:00,338.67717640365663,356.82057108516136,332.62935246393516,341.7010498046875,856136,0.0,0.0
2010-02-11 00:00:00+09:00,341.70102774684625,347.74885129616234,338.6771545410156,338.6771545410156,357921,0.0,0.0
2010-02-12 00:00:00+09:00,338.67713000837387,344.72491455078125,332.62930689714193,344.72491455078125,375379,0.0,0.0
2010-02-16 00:00:00+09:00,344.72491455078125,347.7488261063972,338.67713000837387,344.72491455078125,191348,0.0,0.0
2010-02-17 00:00:00+09:00,344.72497250292025,359.8444942539369,341.7010604389507,350.7727966308594,463512,0.0,0.0
2010-02-18 00:00:00+09:00,353.7966561701568,353.7966561701568,347.7488708496094,347.7488708496094,225795,0.0,0.0
2010-02-19 00:00:00+09:00,347.748873744409,353.7966591153006,335.65326443379587,341.7010498046875,434645,0.0,0.0
2010-02-22 00:00:00+09:00,344.72491455078125,350.7727376620132,338.67713000837387,344.72491455078125,365695,0.0,0.0
2010-02-23 00:00:00+09:00,344.72495890492087,347.7488708496094,341.70104696023236,347.7488708496094,327551,0.0,0.0
2010-02-24 00:00:00+09:00,347.7488708496094,353.7966561701568,341.70104696023236,347.7488708496094,335517,0.0,0.0
2010-02-25 00:00:00+09:00,350.77273945258565,393.10738574083905,350.77273945258565,362.86834716796875,3151478,0.0,0.0
2010-02-26 00:00:00+09:00,362.8684099667165,377.987931869767,356.82058577796374,374.9640197753906,814917,0.0,0.0
2010-03-02 00:00:00+09:00,374.9639609350244,381.01174560591085,365.892264644282,368.9161376953125,522870,0.0,0.0
2010-03-03 00:00:00+09:00,365.8923220610929,374.96401977539057,365.8923220610929,374.9640197753906,249270,0.0,0.0
2010-03-04 00:00:00+09:00,374.9639694458684,377.98788113436035,365.89227294921875,365.89227294921875,246382,0.0,0.0
2010-03-05 00:00:00+09:00,365.89227294921875,368.9161460688845,359.84444957223485,365.89227294921875,358755,0.0,0.0
2010-03-08 00:00:00+09:00,365.89225873902075,368.91613174124797,362.86834716796875,362.86834716796875,485268,0.0,0.0
2010-03-09 00:00:00+09:00,362.86836126072683,368.9161460688845,356.8205378837429,365.89227294921875,328069,0.0,0.0
2010-03-10 00:00:00+09:00,365.8923386181284,374.96403674293055,362.8684263869166,371.94012451171875,483037,0.0,0.0
2010-03-11 00:00:00+09:00,377.9879804150618,405.2031156220477,362.868456570199,396.1313781738281,2395981,0.0,0.0
2010-03-12 00:00:00+09:00,393.1073727923213,417.298587426256,374.96394253245853,377.98785400390625,4043319,0.0,0.0
2010-03-15 00:00:00+09:00,381.01182263652083,381.01182263652083,365.8923386181284,371.94012451171875,954516,0.0,0.0
2010-03-16 00:00:00+09:00,371.9400310610108,390.0834613208736,368.91611958956304,377.98785400390625,841267,0.0,0.0
2010-03-17 00:00:00+09:00,374.96394253245853,381.01172690653044,368.91611958956304,377.98785400390625,1170760,0.0,0.0
2010-03-18 00:00:00+09:00,377.987931869767,381.0118053953119,371.9401076810142,374.9640197753906,470251,0.0,0.0
2010-03-19 00:00:00+09:00,374.9638744390488,381.01165771484375,368.9160525944373,381.01165771484375,574816,0.0,0.0
2010-03-22 00:00:00+09:00,387.0595560420386,435.4419860839844,368.9161254918969,435.4419860839844,8261365,0.0,0.0
2010-03-23 00:00:00+09:00,477.7766570491185,498.9440002441406,474.75274536856875,498.9440002441406,14894856,0.0,0.0
2010-03-24 00:00:00+09:00,529.183004883433,559.4220447535796,486.8483567789931,511.03961181640625,23083462,0.0,0.0
2010-03-25 00:00:00+09:00,508.0157103648478,523.1352306049575,483.8244934082031,483.8244934082031,10117604,0.0,0.0
2010-03-26 00:00:00+09:00,477.77663584219147,504.9917626214973,453.58542060921394,471.7288513183594,8743201,0.0,0.0
2010-03-29 00:00:00+09:00,474.7528209443725,538.2548220694831,465.6811230274277,508.0157775878906,20379545,0.0,0.0
2010-03-30 00:00:00+09:00,508.0157103648478,517.0874070813828,483.8244934082031,483.8244934082031,4826370,0.0,0.0
2010-03-31 00:00:00+09:00,483.8244850138012,498.9440049915858,474.7527498858345,486.8483581542969,2382611,0.0,0.0
2010-04-01 00:00:00+09:00,480.8005571633773,501.96786128036575,480.8005571633773,489.87225341796875,3554005,0.0,0.0
2010-04-02 00:00:00+09:00,489.8722566835439,501.9678646265724,450.5615212264949,456.6093444824219,4607993,0.0,0.0
2010-04-05 00:00:00+09:00,456.60935024632136,462.6571350097656,435.44200715220137,462.6571350097656,2733697,0.0,0.0
2010-04-06 00:00:00+09:00,465.6811099549019,477.7767196942264,450.5615881385385,474.7528076171875,2455161,0.0,0.0
2010-04-07 00:00:00+09:00,477.7767316675395,501.967951752432,471.7289459307325,495.920166015625,3970971,0.0,0.0
2010-04-08 00:00:00+09:00,489.8722698636191,514.0634864005439,486.8483581542969,486.8483581542969,3297805,0.0,0.0
2010-04-09 00:00:00+09:00,495.92008379144437,550.350339242263,489.87226048854194,514.0634765625,10854913,0.0,0.0
2010-04-12 00:00:00+09:00,523.1353001485609,541.2786959935444,477.7767333984375,477.7767333984375,5976926,0.0,0.0
2010-04-13 00:00:00+09:00,480.8005603684789,480.8005603684789,444.5137365393934,456.6093444824219,3202418,0.0,0.0
2010-04-14 00:00:00+09:00,456.60935854259435,468.7049668580776,456.60935854259435,459.6332702636719,1331990,0.0,0.0
2010-04-15 00:00:00+09:00,462.6571350097656,468.70495834203587,456.60935024632136,462.6571350097656,1344755,0.0,0.0
2010-04-16 00:00:00+09:00,471.72887857915515,474.7527517314059,459.6332702636718,459.6332702636719,1347419,0.0,0.0
2010-04-19 00:00:00+09:00,453.58544921875006,474.7527542405099,447.53762574463184,453.58544921875,1611444,0.0,0.0
2010-04-20 00:00:00+09:00,459.6332702636718,471.72887857915515,453.5854468215168,459.6332702636719,1633518,0.0,0.0
2010-04-21 00:00:00+09:00,462.65717935263507,474.75278860764,462.65717935263507,465.68109130859375,1941061,0.0,0.0
2010-04-22 00:00:00+09:00,468.7049650360166,486.8483581542969,459.6332684768765,486.8483581542969,2048560,0.0,0.0
2010-04-23 00:00:00+09:00,508.0156741678256,517.0873702379861,465.68102822570273,471.7288513183594,4977736,0.0,0.0
2010-04-26 00:00:00+09:00,474.75274310548014,477.77665477161526,462.6571350097656,462.6571350097656,893539,0.0,0.0
2010-04-27 00:00:00+09:00,462.65717935263507,471.72891522051106,453.5854820535888,465.68109130859375,1204573,0.0,0.0
2010-04-28 00:00:00+09:00,456.60935854259435,471.72887857915515,453.5854468215168,459.6332702636719,1135522,0.0,0.0
2010-04-29 00:00:00+09:00,462.6571291695234,468.7049524254504,456.6093444824219,456.6093444824219,1051621,0.0,0.0
2010-04-30 00:00:00+09:00,456.60934672310503,462.6571314398843,441.48982707791816,450.5615234375,949864,0.0,0.0
2010-05-03 00:00:00+09:00,450.5615399273007,453.58545168077336,444.5137549891826,447.5376281738281,986431,0.0,0.0
2010-05-04 00:00:00+09:00,450.56153748169095,456.60936095580917,450.56153748169095,453.58544921875,920294,0.0,0.0
2010-05-06 00:00:00+09:00,441.48981750068015,453.58542524067445,432.4181213378906,432.4181213378906,959122,0.0,0.0
2010-05-07 00:00:00+09:00,414.27472180561153,417.2986336117376,384.0356808820063,408.2268981933594,1334240,0.0,0.0
2010-05-10 00:00:00+09:00,411.250761091362,423.3463683085647,408.2268496448555,417.298583984375,414201,0.0,0.0
2010-05-11 00:00:00+09:00,423.3464472174582,429.39427123774436,414.2747497558594,414.2747497558594,622954,0.0,0.0
2010-05-12 00:00:00+09:00,408.2268145119735,420.3224206882022,399.15511952200694,405.20294189453125,788646,0.0,0.0
2010-05-13 00:00:00+09:00,411.25084271205293,423.3464523298635,405.20305718756305,420.3225402832031,566920,0.0,0.0
2010-05-14 00:00:00+09:00,417.29858398437494,420.32245686205823,411.250761091362,417.298583984375,621607,0.0,0.0
2010-05-17 00:00:00+09:00,408.2268145119735,414.2746368844978,396.13120833574476,405.20294189453125,849092,0.0,0.0
2010-05-18 00:00:00+09:00,405.20303872566916,414.274735883494,399.1552149078999,411.2508239746094,508698,0.0,0.0
2010-05-19 00:00:00+09:00,408.22693066539256,423.3464523298635,399.1552330942423,420.3225402832031,579744,0.0,0.0
2010-05-20 00:00:00+09:00,423.3464275604149,423.3464275604149,384.0356889603429,387.0596008300781,1727416,0.0,0.0
2010-05-24 00:00:00+09:00,381.011731062868,396.13125001621717,377.98785812725737,390.0834655761719,637675,0.0,0.0
2010-05-25 00:00:00+09:00,384.03570100053673,390.08352492961706,344.724961168004,359.844482421875,1615543,0.0,0.0
2010-05-26 00:00:00+09:00,362.86835768673944,399.1551818847656,359.8444460280308,399.1551818847656,980305,0.0,0.0
2010-05-27 00:00:00+09:00,399.15508467986166,411.25068980026805,368.9160525944373,381.01165771484375,1702257,0.0,0.0
2010-05-28 00:00:00+09:00,377.98785400390625,381.01172690653044,371.9400310610108,377.98785400390625,1713508,0.0,0.0
2010-05-31 00:00:00+09:00,377.9879037897011,387.05960083007807,377.9879037897011,387.0596008300781,531306,0.0,0.0
2010-06-01 00:00:00+09:00,384.03564452221093,438.465897603812,381.01173300238327,435.4419860839844,3357639,0.0,0.0
2010-06-03 00:00:00+09:00,447.5376141488005,459.63326078363514,393.1073971361742,399.1551818847656,7886142,0.0,0.0
2010-06-04 00:00:00+09:00,396.1313781738281,405.2031156220477,393.10750425992467,396.1313781738281,1408631,0.0,0.0
2010-06-07 00:00:00+09:00,381.0117935659142,387.0596175668982,374.9640081337605,384.03570556640625,640845,0.0,0.0
2010-06-08 00:00:00+09:00,381.011731062868,396.13125001621717,381.011731062868,390.0834655761719,916660,0.0,0.0
2010-06-09 00:00:00+09:00,393.1073770806065,393.1073770806065,384.03564256730266,390.0834655761719,704339,0.0,0.0
2010-06-10 00:00:00+09:00,393.1073770806065,393.1073770806065,387.0595540717373,390.0834655761719,600687,0.0,0.0
2010-06-11 00:00:00+09:00,393.10750425992467,396.1313781738281,390.08359177718484,396.1313781738281,993756,0.0,0.0
2010-06-14 00:00:00+09:00,396.1313781738281,402.17920313930784,393.10750425992467,396.1313781738281,794459,0.0,0.0
2010-06-15 00:00:00+09:00,396.1313781738281,399.15529065656796,393.10750425992467,396.1313781738281,373589,0.0,0.0
2010-06-16 00:00:00+09:00,396.1312702260569,402.17909354347427,396.1312702260569,399.1551818847656,837674,0.0,0.0
2010-06-17 00:00:00+09:00,399.15529065656796,402.17920313930784,396.1313781738281,396.1313781738281,515176,0.0,0.0
2010-06-18 00:00:00+09:00,399.1551818847656,399.1551818847656,393.1073971361742,399.1551818847656,543205,0.0,0.0
2010-06-21 00:00:00+09:00,399.15511952200694,408.2268145119735,396.13120833574476,405.20294189453125,450330,0.0,0.0
2010-06-22 00:00:00+09:00,405.2031156220477,405.2031156220477,393.10750425992467,396.1313781738281,407924,0.0,0.0
2010-06-23 00:00:00+09:00,399.1551050367562,402.17901611328125,399.1551050367562,402.17901611328125,585050,0.0,0.0
2010-06-24 00:00:00+09:00,402.1791268167845,420.3225211324342,399.1552149078999,411.2508239746094,681180,0.0,0.0
2010-06-25 00:00:00+09:00,411.2507256982356,414.2746368844978,402.17903070826907,405.20294189453125,206829,0.0,0.0
2010-06-28 00:00:00+09:00,414.2746218505631,420.3224054347948,396.1311939602311,402.17901611328125,2999884,0.0,0.0
2010-06-29 00:00:00+09:00,405.20305229426054,414.2747497558594,402.17914028411747,414.2747497558594,1349021,0.0,0.0
2010-06-30 00:00:00+09:00,423.3463925774177,423.3463925774177,365.892264644282,368.9161376953125,5550264,0.0,0.0
2010-07-01 00:00:00+09:00,368.9161955866378,377.987931869767,368.9161955866378,374.9640197753906,1162190,0.0,0.0
2010-07-02 00:00:00+09:00,377.98785400390625,377.98785400390625,374.96394253245853,377.98785400390625,426572,0.0,0.0
2010-07-05 00:00:00+09:00,374.96401977539057,377.987931869767,368.9161955866378,374.9640197753906,335149,0.0,0.0
2010-07-06 00:00:00+09:00,374.96394253245853,381.01172690653044,368.91611958956304,377.98785400390625,700132,0.0,0.0
2010-07-07 00:00:00+09:00,377.9878046387176,405.20292718980636,374.9638935621925,402.17901611328125,802627,0.0,0.0
2010-07-08 00:00:00+09:00,402.17908763136626,405.2029992456229,390.08347974316524,393.1073913574219,584725,0.0,0.0
2010-07-09 00:00:00+09:00,393.10739506838087,450.5615234375,387.05957178277583,450.5615234375,4150739,0.0,0.0
2010-07-12 00:00:00+09:00,444.51379130092516,450.5615767330789,384.03570556640625,384.03570556640625,11115162,0.0,0.0
2010-07-13 00:00:00+09:00,384.0355686371495,387.0594795594552,374.9638744390488,381.01165771484375,1438964,0.0,0.0
2010-07-14 00:00:00+09:00,384.0355686371495,387.0594795594552,377.98778536135455,381.01165771484375,1052451,0.0,0.0
2010-07-15 00:00:00+09:00,377.987931869767,384.0357174896883,374.96401977539057,374.9640197753906,750137,0.0,0.0
2010-07-16 00:00:00+09:00,377.98785400390625,390.0834613208736,374.96394253245853,377.98785400390625,725673,0.0,0.0
2010-07-19 00:00:00+09:00,377.98778536135455,384.0355686371495,374.9638744390488,381.01165771484375,332512,0.0,0.0
2010-07-20 00:00:00+09:00,381.01172690653044,384.03563837797816,377.98785400390625,377.98785400390625,560348,0.0,0.0
2010-07-21 00:00:00+09:00,381.01177709060767,420.32251569067967,381.01177709060767,387.0596008300781,4131411,0.0,0.0
2010-07-22 00:00:00+09:00,387.0594795594552,387.0594795594552,374.9638744390488,381.01165771484375,720057,0.0,0.0
2010-07-23 00:00:00+09:00,381.0118053953119,387.0596295840647,374.96401977539057,374.9640197753906,647348,0.0,0.0
2010-07-26 00:00:00+09:00,374.96401977539057,381.0118053953119,371.9401076810142,374.9640197753906,569212,0.0,0.0
2010-07-27 00:00:00+09:00,374.96403674293055,377.9879489741423,371.94012451171875,371.94012451171875,405283,0.0,0.0
2010-07-28 00:00:00+09:00,374.96401977539057,377.987931869767,371.9401076810142,374.9640197753906,563334,0.0,0.0
2010-07-29 00:00:00+09:00,374.96401977539057,387.0596295840647,374.96401977539057,374.9640197753906,498000,0.0,0.0
2010-07-30 00:00:00+09:00,377.98785400390625,381.01172690653044,374.96394253245853,377.98785400390625,316200,0.0,0.0
2010-08-02 00:00:00+09:00,377.98785400390625,384.03563837797816,371.9400310610108,377.98785400390625,522920,0.0,0.0
2010-08-03 00:00:00+09:00,377.987931869767,381.0118053953119,374.96401977539057,374.9640197753906,440511,0.0,0.0
2010-08-04 00:00:00+09:00,374.96394253245853,377.98785400390625,371.9400310610108,377.98785400390625,176881,0.0,0.0
2010-08-05 00:00:00+09:00,381.0117935659142,384.03570556640625,371.9400961332685,384.03570556640625,645610,0.0,0.0
2010-08-06 00:00:00+09:00,381.01172690653044,384.03563837797816,374.96394253245853,377.98785400390625,136550,0.0,0.0
2010-08-09 00:00:00+09:00,377.987931869767,381.0118053953119,371.9401076810142,374.9640197753906,197142,0.0,0.0
2010-08-10 00:00:00+09:00,371.94012451171875,377.9879489741423,371.94012451171875,371.94012451171875,253339,0.0,0.0
2010-08-11 00:00:00+09:00,371.94004931516844,377.9878725548803,368.9161376953125,368.9161376953125,462739,0.0,0.0
2010-08-12 00:00:00+09:00,365.89225873902075,371.9400433122999,359.8444355969168,362.86834716796875,497587,0.0,0.0
2010-08-13 00:00:00+09:00,365.89219830261914,368.9160708053769,356.8204650878906,356.8204650878906,464786,0.0,0.0
2010-08-16 00:00:00+09:00,359.8443761594668,359.8443761594668,350.77268151355673,356.8204650878906,257165,0.0,0.0
2010-08-17 00:00:00+09:00,356.82057045733484,362.86839438641516,356.82057045733484,359.844482421875,250535,0.0,0.0
2010-08-18 00:00:00+09:00,359.84444957223485,368.9161460688845,359.84444957223485,365.89227294921875,246756,0.0,0.0
2010-08-19 00:00:00+09:00,365.8923063509553,368.9161797466657,356.82057045733484,359.844482421875,258268,0.0,0.0
2010-08-20 00:00:00+09:00,359.84442327684013,362.8683347443618,353.7966003417969,353.7966003417969,199619,0.0,0.0
2010-08-23 00:00:00+09:00,356.82058218996735,359.8444942539369,350.7727966308594,350.7727966308594,179361,0.0,0.0
2010-08-24 00:00:00+09:00,347.7488261063972,353.7966106488045,344.72491455078125,344.72491455078125,305222,0.0,0.0
2010-08-25 00:00:00+09:00,341.7010498046875,350.77278571426973,341.7010498046875,341.7010498046875,311841,0.0,0.0
2010-08-26 00:00:00+09:00,344.7249395215043,347.74885129616234,338.6771545410156,338.6771545410156,360450,0.0,0.0
2010-08-27 00:00:00+09:00,338.67715709094443,341.70103031954204,326.5815099012431,332.62933349609375,358967,0.0,0.0
2010-08-30 00:00:00+09:00,338.67713000837387,344.72491455078125,335.6532184527579,344.72491455078125,152034,0.0,0.0
2010-08-31 00:00:00+09:00,344.72496177454826,344.72496177454826,338.67717640365663,341.7010498046875,117244,0.0,0.0
2010-09-01 00:00:00+09:00,344.72495890492087,350.7727827942978,341.70104696023236,347.7488708496094,289292,0.0,0.0
2010-09-02 00:00:00+09:00,347.7488845668898,350.7727966308594,341.7010604389507,350.7727966308594,234344,0.0,0.0
2010-09-03 00:00:00+09:00,353.7966701259978,353.7966701259978,341.7010604389507,350.7727966308594,228488,0.0,0.0
2010-09-06 00:00:00+09:00,344.72495890492087,350.7727827942978,341.70104696023236,347.7488708496094,329356,0.0,0.0
2010-09-07 00:00:00+09:00,341.7010498046875,344.72496177454826,335.65326443379587,341.7010498046875,377674,0.0,0.0
2010-09-08 00:00:00+09:00,341.70101348788415,341.70101348788415,335.6532287597656,335.6532287597656,225958,0.0,0.0
2010-09-09 00:00:00+09:00,338.6771404082378,341.70101348788415,332.62931711129346,335.6532287597656,212493,0.0,0.0
2010-09-10 00:00:00+09:00,335.6532427663576,341.70102774684625,335.6532427663576,338.6771545410156,123440,0.0,0.0
2010-09-13 00:00:00+09:00,338.67713000837387,371.9400414136758,338.67713000837387,344.72491455078125,1862707,0.0,0.0
2010-09-14 00:00:00+09:00,341.70099304053383,387.0595493468879,338.6771201418357,353.7966003417969,2605785,0.0,0.0
2010-09-15 00:00:00+09:00,356.8204650878906,362.868287231043,350.77268151355673,356.8204650878906,351575,0.0,0.0
2010-09-16 00:00:00+09:00,350.77278571426973,359.8444830550221,341.7010498046875,341.7010498046875,409530,0.0,0.0
2010-09-17 00:00:00+09:00,338.67717640365663,350.77278571426973,338.67717640365663,341.7010498046875,241033,0.0,0.0
2010-09-20 00:00:00+09:00,344.72495890492087,353.7966561701568,341.70104696023236,347.7488708496094,145930,0.0,0.0
2010-09-24 00:00:00+09:00,347.748873744409,353.7966591153006,341.7010498046875,341.7010498046875,293199,0.0,0.0
2010-09-27 00:00:00+09:00,344.72495890492087,350.7727827942978,341.70104696023236,347.7488708496094,163349,0.0,0.0
2010-09-28 00:00:00+09:00,347.7488261063972,347.7488261063972,341.70100299516525,344.72491455078125,211759,0.0,0.0
2010-09-29 00:00:00+09:00,344.72495890492087,350.7727827942978,341.70104696023236,347.7488708496094,174288,0.0,0.0
2010-09-30 00:00:00+09:00,347.7488708496094,353.7966561701568,341.70104696023236,347.7488708496094,383538,0.0,0.0
2010-10-01 00:00:00+09:00,347.7488845668898,356.82058218996735,344.72497250292025,350.7727966308594,297534,0.0,0.0
2010-10-04 00:00:00+09:00,353.7966591153006,355.00625475830884,341.7010498046875,341.7010498046875,320397,0.0,0.0
2010-10-05 00:00:00+09:00,339.88677079819075,343.5154424191623,338.67721359120026,342.91064453125,171621,0.0,0.0
2010-10-06 00:00:00+09:00,343.5153519424202,343.5153519424202,337.46752893153854,338.07232666015625,306036,0.0,0.0
2010-10-07 00:00:00+09:00,339.2819333282812,341.7010474600386,329.6054382324219,329.6054382324219,555287,0.0,0.0
2010-10-08 00:00:00+09:00,329.6054216986684,333.83889050129835,329.6054216986684,332.62933349609375,131918,0.0,0.0
2010-10-11 00:00:00+09:00,332.62933349609375,336.8628022987237,329.6054216986684,332.62933349609375,156677,0.0,0.0
2010-10-12 00:00:00+09:00,330.21025679702916,336.25804250640766,330.21025679702916,333.83892822265625,152870,0.0,0.0
2010-10-13 00:00:00+09:00,332.6293246859651,336.862793376466,332.6293246859651,336.25799560546875,69621,0.0,0.0
2010-10-14 00:00:00+09:00,337.4675589760905,340.49147075074853,335.048444983895,338.6771545410156,105527,0.0,0.0
2010-10-15 00:00:00+09:00,338.0723785821525,341.7010498046875,332.62935246393516,341.7010498046875,182384,0.0,0.0
2010-10-18 00:00:00+09:00,341.096283404534,344.12019531103044,338.67716930686856,340.4914855957031,174873,0.0,0.0
2010-10-19 00:00:00+09:00,339.8867354739479,343.51540671779367,336.8628234863281,336.8628234863281,172557,0.0,0.0
2010-10-20 00:00:00+09:00,336.8627997624553,339.2819137546508,335.6532427663576,338.6771545410156,124829,0.0,0.0
2010-10-21 00:00:00+09:00,338.0723785821525,342.3058476261916,338.0723785821525,341.7010498046875,114257,0.0,0.0
2010-10-22 00:00:00+09:00,341.70100431775427,342.3058020587482,338.67713131925865,339.8866882324219,183511,0.0,0.0
2010-10-25 00:00:00+09:00,344.7249826475053,346.53933765304623,339.8867540578393,345.9345397949219,284905,0.0,0.0
2010-10-26 00:00:00+09:00,344.724876290207,347.1439898386756,342.3057627417384,344.1201171875,183360,0.0,0.0
2010-10-27 00:00:00+09:00,345.3297210124408,345.3297210124408,341.09625244140625,341.09625244140625,254742,0.0,0.0
2010-10-28 00:00:00+09:00,341.09625244140625,344.120164073406,339.8866955023714,341.09625244140625,201494,0.0,0.0
2010-10-29 00:00:00+09:00,344.7249232585106,344.7249232585106,337.46754305547626,341.09625244140625,194746,0.0,0.0
2010-11-01 00:00:00+09:00,339.886733477835,342.3058476261916,338.67717640365663,341.7010498046875,248788,0.0,0.0
2010-11-02 00:00:00+09:00,341.0962059675041,353.19181227866744,339.88664919326976,344.1201171875,414063,0.0,0.0
2010-11-03 00:00:00+09:00,343.5154047003699,345.93451884872655,340.49149273050915,341.7010498046875,205331,0.0,0.0
2010-11-04 00:00:00+09:00,344.120164073406,344.7249232585106,339.2818977484412,341.09625244140625,192805,0.0,0.0
2010-11-05 00:00:00+09:00,341.7010498046875,343.5154047003699,339.886733477835,341.7010498046875,149030,0.0,0.0
2010-11-08 00:00:00+09:00,342.30577400246887,374.9639236876015,339.8866603744194,362.2635192871094,2113563,0.0,0.0
2010-11-09 00:00:00+09:00,358.6348919358702,362.2635628139378,345.93448600939416,347.14404296875,645479,0.0,0.0
2010-11-10 00:00:00+09:00,349.5631895834754,349.5631895834754,341.09625244140625,341.09625244140625,347952,0.0,0.0
2010-11-11 00:00:00+09:00,341.0962685332111,346.5392943000646,338.6771545410156,338.6771545410156,333102,0.0,0.0
2010-11-12 00:00:00+09:00,338.6771273188656,340.4914433827676,321.7432535969514,327.79107666015625,704569,0.0,0.0
2010-11-15 00:00:00+09:00,330.2101999959269,332.6293138635545,321.743262890405,322.95281982421875,185678,0.0,0.0
2010-11-16 00:00:00+09:00,325.37196901505166,327.79112171413396,321.1385192871094,321.1385192871094,135103,0.0,0.0
2010-11-17 00:00:00+09:00,321.7432906353013,322.3480691543601,314.4859291221817,319.928955078125,211407,0.0,0.0
2010-11-18 00:00:00+09:00,324.16241409308594,324.7672119140625,318.71940726403153,324.7672119140625,120813,0.0,0.0
2010-11-19 00:00:00+09:00,325.371886905958,329.0005957544453,323.5575710505342,325.9766845703125,107595,0.0,0.0
2010-11-22 00:00:00+09:00,327.79107666015625,330.81494962293436,323.55760822967767,327.79107666015625,82252,0.0,0.0
2010-11-23 00:00:00+09:00,325.37197116620916,328.3958831334321,324.16241409308594,324.7672119140625,75332,0.0,0.0
2010-11-24 00:00:00+09:00,308.4381495864575,321.7433166503906,308.4381495864575,321.7433166503906,262091,0.0,0.0
2010-11-25 00:00:00+09:00,321.7433166503906,325.97678591052056,319.92898094651315,321.7433166503906,100819,0.0,0.0
2010-11-26 00:00:00+09:00,322.3480283183448,323.55760448764397,313.8811108397221,315.0906677246094,163504,0.0,0.0
2010-11-29 00:00:00+09:00,315.0906677246094,320.53369299101394,312.67153467042294,315.0906677246094,230052,0.0,0.0
2010-11-30 00:00:00+09:00,316.9050502747523,329.00067877926034,316.9050502747523,321.1385192871094,286521,0.0,0.0
2010-12-01 00:00:00+09:00,318.7194051568566,327.79112171413396,317.50982880731544,321.1385192871094,235092,0.0,0.0
2010-12-02 00:00:00+09:00,325.37194099416297,325.37194099416297,318.1145799439907,324.1623840332031,114436,0.0,0.0
2010-12-03 00:00:00+09:00,323.5576477050781,329.000673698505,319.32417875809847,323.5576477050781,127213,0.0,0.0
2010-12-06 00:00:00+09:00,326.5815451940638,327.791140898814,319.32420237855405,321.7433166503906,229894,0.0,0.0
2010-12-07 00:00:00+09:00,325.3719499000973,325.3719499000973,319.92894342679443,320.5337219238281,78282,0.0,0.0
2010-12-08 00:00:00+09:00,320.53372681532477,324.76719564357876,316.30025798707084,318.1145935058594,129019,0.0,0.0
2010-12-09 00:00:00+09:00,317.50984739026063,322.3480952183498,317.50984739026063,321.7433166503906,130531,0.0,0.0
2010-12-10 00:00:00+09:00,321.13853808243147,322.9528737863089,318.7194238105949,321.7433166503906,87974,0.0,0.0
2010-12-13 00:00:00+09:00,321.74329781967253,323.5576527017769,319.3241836894198,321.1385192871094,73568,0.0,0.0
2010-12-14 00:00:00+09:00,322.3480763522357,322.9528548847989,319.3241836894198,321.1385192871094,93068,0.0,0.0
2010-12-15 00:00:00+09:00,323.55761757553836,323.55761757553836,320.5337059565912,322.95281982421875,167592,0.0,0.0
2010-12-16 00:00:00+09:00,322.9528548847989,323.5576527017769,320.53374075454616,321.1385192871094,85392,0.0,0.0
2010-12-17 00:00:00+09:00,321.13850042086176,322.3480574149291,317.50981015424617,320.5337219238281,207286,0.0,0.0
2010-12-20 00:00:00+09:00,318.11459799556707,318.11459799556707,307.2285654447817,316.3002624511719,271099,0.0,0.0
2010-12-21 00:00:00+09:00,316.90504319841676,321.13851211624257,314.4859291221817,319.928955078125,177320,0.0,0.0
2010-12-22 00:00:00+09:00,319.92890995911705,338.67711854356986,319.3241315253491,331.41973876953125,927189,0.0,0.0
2010-12-23 00:00:00+09:00,336.25793631378025,336.25793631378025,322.9527733861797,325.9766845703125,431264,0.0,0.0
2010-12-24 00:00:00+09:00,325.97672276719544,338.6771280874531,324.16236813035164,326.58148193359375,282012,0.0,0.0
2010-12-27 00:00:00+09:00,324.767158571793,329.0006269168016,321.7432471012407,325.3719177246094,296061,0.0,0.0
2010-12-28 00:00:00+09:00,324.1623978529019,325.37195486542765,315.0907009745451,318.1145935058594,424334,0.0,0.0
2010-12-29 00:00:00+09:00,319.9289483090619,319.9289483090619,317.50981499959653,318.1145935058594,81441,0.0,0.0
2010-12-30 00:00:00+09:00,318.1145935058594,321.1385053215876,315.69547948080793,318.1145935058594,162599,0.0,0.0
2011-01-03 00:00:00+09:00,319.9289117895563,328.39582919516175,318.7193549151001,325.3719177246094,287933,0.0,0.0
2011-01-04 00:00:00+09:00,325.9767595531271,331.41978550907044,319.928955078125,319.928955078125,368334,0.0,0.0
2011-01-05 00:00:00+09:00,319.9289624209774,333.8389072474122,318.71940535509873,329.6054382324219,545073,0.0,0.0
2011-01-06 00:00:00+09:00,332.62935008196894,377.9879135985768,328.39588106824584,364.6827087402344,5484525,0.0,0.0
2011-01-07 00:00:00+09:00,365.2874590622891,419.1129150390625,365.2874590622891,419.1129150390625,15460684,0.0,0.0
2011-01-10 00:00:00+09:00,481.4053649902344,481.4053649902344,481.4053649902344,481.4053649902344,1613844,0.0,0.0
2011-01-11 00:00:00+09:00,553.374267578125,553.374267578125,500.75836157835664,553.374267578125,24964794,0.0,0.0
2011-01-12 00:00:00+09:00,540.0690644521794,566.0746360547117,470.519287109375,470.519287109375,35612310,0.0,0.0
2011-01-13 00:00:00+09:00,470.5192813848369,483.21968742750676,400.96954345703125,400.96954345703125,13694254,0.0,0.0
2011-01-14 00:00:00+09:00,408.22687455566285,429.3942174040579,403.38864680107287,410.0412292480469,10437820,0.0,0.0
2011-01-17 00:00:00+09:00,416.0890975049045,427.579908949055,402.78389260334063,413.065185546875,6365293,0.0,0.0
2011-01-18 00:00:00+09:00,412.46040396057543,474.7528076171875,402.1791491812406,474.7528076171875,14978854,0.0,0.0
2011-01-19 00:00:00+09:00,488.6627427255049,495.92012355716105,417.9034049655516,434.23248291015625,21501730,0.0,0.0
2011-01-20 00:00:00+09:00,440.88501139214446,477.17187249242795,433.6276700271471,435.4419860839844,15441559,0.0,0.0
2011-01-21 00:00:00+09:00,441.4897604232173,444.5136716094795,399.15511952200694,405.20294189453125,4234346,0.0,0.0
2011-01-24 00:00:00+09:00,414.879480593771,430.6037988279655,405.2030245343624,408.8316955566406,3877106,0.0,0.0
2011-01-25 00:00:00+09:00,411.25084130774303,423.34645088425043,390.68829345703125,390.68829345703125,2557159,0.0,0.0
2011-01-26 00:00:00+09:00,391.29307932453395,441.4898710309131,377.98791305418376,417.9034118652344,7224062,0.0,0.0
2011-01-27 00:00:00+09:00,417.90339283166617,433.0229132934688,404.59822716730474,408.2268981933594,4439364,0.0,0.0
2011-01-28 00:00:00+09:00,408.2268778876878,432.418132564568,399.7599792480469,399.7599792480469,4494622,0.0,0.0
2011-01-31 00:00:00+09:00,403.3886805628969,410.0412635666623,380.4070196674814,382.22137451171875,1320353,0.0,0.0
2011-02-01 00:00:00+09:00,381.0117794897929,393.1074270448986,361.05403044776045,363.47314453125,1603087,0.0,0.0
2011-02-07 00:00:00+09:00,371.9401030098314,390.68829604937673,371.9401030098314,385.2452697753906,1659017,0.0,0.0
2011-02-08 00:00:00+09:00,388.8738485976444,388.8738485976444,379.1973564200026,384.640380859375,646148,0.0,0.0
2011-02-09 00:00:00+09:00,387.05951492791036,428.18459923648146,374.3591110349875,398.5503234863281,4500397,0.0,0.0
2011-02-10 00:00:00+09:00,398.5503985346991,411.8556026002889,391.8978157863179,401.5743103027344,1191583,0.0,0.0
2011-02-11 00:00:00+09:00,396.13127563292966,407.62212466533305,381.011755701843,383.430908203125,941645,0.0,0.0
2011-02-14 00:00:00+09:00,387.0596470989444,388.8740021514381,363.47318569185904,371.94012451171875,1065874,0.0,0.0
2011-02-15 00:00:00+09:00,371.9400310610108,396.73604341676446,368.91611958956304,377.98785400390625,929871,0.0,0.0
2011-02-16 00:00:00+09:00,384.64036624913723,399.15508467986166,378.59254440452577,381.01165771484375,1450137,0.0,0.0
2011-02-17 00:00:00+09:00,380.4069560188916,386.4547402064038,360.44921034686763,364.077880859375,952475,0.0,0.0
2011-02-18 00:00:00+09:00,360.4492391560715,370.12569462948983,357.42532753621555,368.9161376953125,457659,0.0,0.0
2011-02-21 00:00:00+09:00,372.54484706666983,377.383074803379,365.892264644282,368.9161376953125,477287,0.0,0.0
2011-02-22 00:00:00+09:00,364.6827200333098,374.35921542592325,353.1919082706525,356.2158203125,701274,0.0,0.0
2011-02-23 00:00:00+09:00,353.7965540163145,364.68260301893395,351.3774405865809,356.8204650878906,529012,0.0,0.0
2011-02-24 00:00:00+09:00,354.40142734064017,361.65880774847403,335.65323640329814,336.25799560546875,792960,0.0,0.0
2011-02-25 00:00:00+09:00,335.6532574003722,346.5393094086959,335.6532574003722,340.4914855957031,418499,0.0,0.0
2011-02-28 00:00:00+09:00,340.4914947301738,347.14407796163937,336.8628234863281,336.8628234863281,215725,0.0,0.0
2011-03-02 00:00:00+09:00,332.6293318180427,339.28191459752077,332.02453403407765,337.4675598144531,259588,0.0,0.0
2011-03-03 00:00:00+09:00,336.2579917657209,360.44924665931717,336.2579917657209,347.14404296875,635132,0.0,0.0
2011-03-04 00:00:00+09:00,347.14404296875,356.8205372124233,346.5392837734852,347.14404296875,430738,0.0,0.0
2011-03-07 00:00:00+09:00,347.14404296875,351.9823093749998,342.91057432659136,347.14404296875,208995,0.0,0.0
2011-03-08 00:00:00+09:00,348.3535920316051,396.1312644028531,348.3535920316051,393.1073913574219,3189168,0.0,0.0
2011-03-09 00:00:00+09:00,393.1074270448986,401.5743263371122,361.65882825304726,363.47314453125,2438141,0.0,0.0
2011-03-10 00:00:00+09:00,364.6827660754373,367.7066784990614,351.37759769409394,358.0301818847656,532720,0.0,0.0
2011-03-11 00:00:00+09:00,351.37759769409394,362.86844947633136,350.77283835067055,358.0301818847656,374962,0.0,0.0
2011-03-14 00:00:00+09:00,351.98225550443317,362.26350736983494,336.25794030174654,344.1201171875,396865,0.0,0.0
2011-03-15 00:00:00+09:00,340.49147331433744,350.16796792480187,312.0667872699603,332.62933349609375,492574,0.0,0.0
2011-03-16 00:00:00+09:00,329.6053841838158,342.91054829553383,324.16235899549264,331.41973876953125,383413,0.0,0.0
2011-03-17 00:00:00+09:00,328.39585268097574,329.0006504458688,322.9528270722433,324.1623840332031,231707,0.0,0.0
2011-03-18 00:00:00+09:00,325.9767292703495,331.4197547206435,324.1623745973098,329.0006408691406,330541,0.0,0.0
2011-03-21 00:00:00+09:00,329.0007173664421,359.8445225667854,329.0007173664421,342.91064453125,1381082,0.0,0.0
2011-03-22 00:00:00+09:00,341.70104264453585,344.7249545510322,335.6532574003722,340.4914855957031,274149,0.0,0.0
2011-03-23 00:00:00+09:00,341.09630964274254,341.09630964274254,332.6293710807806,333.83892822265625,204382,0.0,0.0
2011-03-24 00:00:00+09:00,332.6292569079219,337.46748381473435,330.2101434545157,335.0483703613281,237356,0.0,0.0
2011-03-25 00:00:00+09:00,333.8389190919285,385.24526977539057,333.8389190919285,385.2452697753906,5671365,0.0,0.0
2011-03-28 00:00:00+09:00,387.0595744811653,390.0834861450491,367.1018269234194,375.5687255859375,3786211,0.0,0.0
2011-03-29 00:00:00+09:00,376.1735731167752,379.1974851807447,348.9584416787114,350.7727966308594,3167449,0.0,0.0
2011-03-30 00:00:00+09:00,351.3775799654815,359.8445188968988,348.9584655761719,348.9584655761719,681093,0.0,0.0
2011-03-31 00:00:00+09:00,349.5632395190377,354.40146796632416,346.5393274550682,350.7727966308594,748959,0.0,0.0
2011-04-01 00:00:00+09:00,380.4069681149456,401.57427129754285,368.91611994005666,377.383056640625,6438032,0.0,0.0
2011-04-04 00:00:00+09:00,371.3353304538204,376.77835653306016,364.0779494918909,364.6827087402344,1172556,0.0,0.0
2011-04-05 00:00:00+09:00,365.2874668927806,371.94004931516844,362.8683530244261,368.9161376953125,589136,0.0,0.0
2011-04-06 00:00:00+09:00,371.94009132146994,423.9512382092738,371.3353320704935,412.46038818359375,9277941,0.0,0.0
2011-04-07 00:00:00+09:00,403.3886805628969,411.8556184108997,381.011778903008,382.22137451171875,3332493,0.0,0.0
2011-04-08 00:00:00+09:00,384.0355686371495,416.6937140328918,377.98778536135455,381.01165771484375,4498287,0.0,0.0
2011-04-11 00:00:00+09:00,382.82612185044314,387.0595906428842,368.3113992540936,373.7544250488281,1418015,0.0,0.0
2011-04-12 00:00:00+09:00,377.9878481053578,384.03563238505325,368.3113546890221,371.33526611328125,833016,0.0,0.0
2011-04-13 00:00:00+09:00,373.75449002111736,391.89788677833764,364.07799375181054,380.4070739746094,1618392,0.0,0.0
2011-04-14 00:00:00+09:00,387.0596175668982,388.8739724809595,377.383122306622,384.03570556640625,651702,0.0,0.0
2011-04-15 00:00:00+09:00,381.6165794700852,389.4787195706507,373.7544393695197,376.1735534667969,558888,0.0,0.0
2011-04-18 00:00:00+09:00,390.6883078016193,392.50266280380237,373.75446920029515,376.77838134765625,1075103,0.0,0.0
2011-04-19 00:00:00+09:00,376.77832417272884,383.4309067461154,364.07791822235833,365.89227294921875,735496,0.0,0.0
2011-04-20 00:00:00+09:00,366.49702382695796,371.94004931516844,364.6826691412793,368.9161376953125,356047,0.0,0.0
2011-04-21 00:00:00+09:00,371.9400897021639,380.40702772961015,364.6827087402344,364.6827087402344,533306,0.0,0.0
2011-04-22 00:00:00+09:00,364.6827087402344,370.12573481947413,362.26359460920105,364.6827087402344,442595,0.0,0.0
2011-04-25 00:00:00+09:00,362.86844947633136,368.3114764113205,357.4254225413422,358.0301818847656,418691,0.0,0.0
2011-04-26 00:00:00+09:00,355.6110110507358,356.8205681148453,342.30584477670186,347.7488708496094,496005,0.0,0.0
2011-04-27 00:00:00+09:00,350.16800909529576,353.19192124825315,344.7249826475053,345.9345397949219,244375,0.0,0.0
2011-04-28 00:00:00+09:00,373.7543706155533,374.3591297442096,346.53924560546875,346.53924560546875,737773,0.0,0.0
2011-04-29 00:00:00+09:00,346.5393234055868,353.7966659917108,342.3058542792658,343.5154113769531,330141,0.0,0.0
2011-05-02 00:00:00+09:00,347.7488407328411,350.7727524156439,339.88670121261475,347.14404296875,220629,0.0,0.0
2011-05-03 00:00:00+09:00,347.1440335299891,361.05399603761254,347.1440335299891,351.9822998046875,347121,0.0,0.0
2011-05-04 00:00:00+09:00,352.5869973014477,360.4491738013094,350.77268151355673,356.8204650878906,205533,0.0,0.0
2011-05-06 00:00:00+09:00,377.98789336812933,398.5504009502076,355.6109924316406,355.6109924316406,3743128,0.0,0.0
2011-05-09 00:00:00+09:00,361.658788407171,361.658788407171,344.72491455078125,344.72491455078125,394806,0.0,0.0
2011-05-11 00:00:00+09:00,347.7488708496094,353.19189692251683,341.70104696023236,347.7488708496094,355620,0.0,0.0
2011-05-12 00:00:00+09:00,345.9345397949219,347.14409694233836,342.30586835267235,345.9345397949219,171000,0.0,0.0
2011-05-13 00:00:00+09:00,343.51542550008884,350.16800909529576,342.30586835267235,345.9345397949219,269798,0.0,0.0
2011-05-16 00:00:00+09:00,357.4253635113855,380.40702471152883,352.5870967188752,353.19189453125,2522678,0.0,0.0
2011-05-17 00:00:00+09:00,354.40141404529743,355.61097097308885,345.93447698193216,351.37750244140625,418257,0.0,0.0
2011-05-18 00:00:00+09:00,350.7727432619231,354.40141404529743,346.5392747302405,351.37750244140625,261952,0.0,0.0
2011-05-19 00:00:00+09:00,354.4014083874576,354.4014083874576,342.91055990364674,344.72491455078125,266570,0.0,0.0
2011-05-20 00:00:00+09:00,341.70101736723547,361.054005854582,341.70101736723547,347.14404296875,803752,0.0,0.0
2011-05-23 00:00:00+09:00,353.7966270996778,353.7966270996778,338.6771457562199,342.3058166503906,254911,0.0,0.0
2011-05-24 00:00:00+09:00,345.3297663078995,346.5393234055868,341.09629718157845,343.5154113769531,136103,0.0,0.0
2011-05-25 00:00:00+09:00,344.72493057983775,348.9583992407835,339.88670272094345,342.3058166503906,188389,0.0,0.0
2011-05-26 00:00:00+09:00,344.72496177454826,345.3297595960523,341.7010498046875,341.7010498046875,147097,0.0,0.0
2011-05-27 00:00:00+09:00,341.70096507021105,347.1439898386756,341.70096507021105,344.1201171875,108481,0.0,0.0
2011-05-30 00:00:00+09:00,347.1440371365802,349.5631895834754,316.9050172386463,341.09625244140625,317884,0.0,0.0
2011-05-31 00:00:00+09:00,341.0961925636625,344.12010366482974,329.60534580675466,335.0483703613281,265567,0.0,0.0
2011-06-01 00:00:00+09:00,336.8627476511716,337.46750677125306,332.629279535316,334.4436340332031,138070,0.0,0.0
2011-06-02 00:00:00+09:00,333.2341019895109,333.2341019895109,325.9767220274299,327.79107666015625,232469,0.0,0.0
2011-06-03 00:00:00+09:00,327.18630768825926,338.0723593039283,327.18630768825926,332.62933349609375,123100,0.0,0.0
2011-06-07 00:00:00+09:00,338.07239750363726,338.6771953589911,332.0245732254267,333.83892822265625,144270,0.0,0.0
2011-06-08 00:00:00+09:00,333.83883634430026,337.46750677125306,331.4197227263317,334.4436340332031,115437,0.0,0.0
2011-06-09 00:00:00+09:00,335.65323640329814,336.862793376466,332.02452691496785,336.25799560546875,115309,0.0,0.0
2011-06-10 00:00:00+09:00,335.65328321988585,346.53933606559923,332.6293710807806,333.83892822265625,131236,0.0,0.0
2011-06-13 00:00:00+09:00,332.62930501052347,337.4675326170077,325.3719250319727,326.58148193359375,188484,0.0,0.0
2011-06-14 00:00:00+09:00,325.97675068305466,338.0723593039283,325.97675068305466,332.62933349609375,106142,0.0,0.0
2011-06-15 00:00:00+09:00,330.2102194856846,336.25800451170755,330.2102194856846,332.62933349609375,87593,0.0,0.0
2011-06-16 00:00:00+09:00,330.8149487196609,335.0484171385802,329.00063266071277,332.0245056152344,136292,0.0,0.0
2011-06-17 00:00:00+09:00,329.6054382324219,336.25802137916963,329.6054382324219,329.6054382324219,143529,0.0,0.0
2011-06-20 00:00:00+09:00,327.18624133020165,333.83882279400194,324.1623301460688,325.9766845703125,215793,0.0,0.0
2011-06-21 00:00:00+09:00,325.3719242935797,329.00063355903234,323.55760822967767,327.79107666015625,112119,0.0,0.0
2011-06-22 00:00:00+09:00,328.3958740234375,330.21022886720544,326.5815191796696,328.3958740234375,102197,0.0,0.0
2011-06-23 00:00:00+09:00,327.1862723207055,329.60538606961796,325.3719177246094,325.3719177246094,134600,0.0,0.0
2011-06-24 00:00:00+09:00,325.3719621401006,330.21022886720544,325.3719621401006,328.3958740234375,89472,0.0,0.0
2011-06-27 00:00:00+09:00,329.0006218801213,377.38305039297677,327.7910650241822,371.33526611328125,4509852,0.0,0.0
2011-06-28 00:00:00+09:00,379.1974880422938,396.1313263044156,345.32977294921875,345.32977294921875,3835517,0.0,0.0
2011-06-29 00:00:00+09:00,347.7488367848285,347.7488367848285,333.8388740569172,335.6532287597656,531078,0.0,0.0
2011-06-30 00:00:00+09:00,336.25800451170755,339.2819163091329,332.62933349609375,332.62933349609375,380718,0.0,0.0
2011-07-01 00:00:00+09:00,332.62933099169953,344.7249395215043,332.62933099169953,338.6771545410156,485186,0.0,0.0
2011-07-04 00:00:00+09:00,342.30580248116996,365.28746099728045,339.281890910118,362.86834716796875,2611987,0.0,0.0
2011-07-05 00:00:00+09:00,362.26360847758014,370.12574898883605,348.9584416787114,350.7727966308594,1248012,0.0,0.0
2011-07-06 00:00:00+09:00,348.95835091761757,354.4013757895459,345.9344396401416,350.16790771484375,335117,0.0,0.0
2011-07-07 00:00:00+09:00,350.7726812401801,359.23957823764886,350.7726812401801,357.4252624511719,568052,0.0,0.0
2011-07-08 00:00:00+09:00,358.6348969236932,358.6348969236932,351.9823142702999,354.40142822265625,315237,0.0,0.0
2011-07-11 00:00:00+09:00,355.6109851988344,359.8444538998713,350.1679595216193,354.40142822265625,349846,0.0,0.0
2011-07-12 00:00:00+09:00,355.61092534700566,356.2157230177164,348.35354614257807,348.3535461425781,383663,0.0,0.0
2011-07-13 00:00:00+09:00,347.7488312776358,357.4253252582076,347.7488312776358,351.9822998046875,275990,0.0,0.0
2011-07-14 00:00:00+09:00,353.1917946680283,362.8682869482396,353.1917946680283,357.4252624511719,412947,0.0,0.0
2011-07-15 00:00:00+09:00,362.26348930686834,363.4730460207924,355.0061490233237,357.4252624511719,346274,0.0,0.0
2011-07-18 00:00:00+09:00,360.44917352039135,360.44917352039135,353.79655374058115,357.4252624511719,238652,0.0,0.0
2011-07-19 00:00:00+09:00,358.0301527965036,381.61661378811306,357.42539350221404,370.1257629394531,934306,0.0,0.0
2011-07-20 00:00:00+09:00,373.14955891064216,376.7782678216522,367.7065341129476,372.5447998046875,431146,0.0,0.0
2011-07-21 00:00:00+09:00,373.14958211277843,375.56869582465663,368.91611383258015,371.33526611328125,321054,0.0,0.0
2011-07-22 00:00:00+09:00,370.1257629394531,371.94011795998694,366.497091467218,370.1257629394531,217848,0.0,0.0
2011-07-25 00:00:00+09:00,371.33535866569736,374.3592322748103,368.3114464877518,370.1257629394531,378234,0.0,0.0
2011-07-26 00:00:00+09:00,370.1256476744073,372.5447998046875,368.3113317877228,372.5447998046875,318298,0.0,0.0
2011-07-27 00:00:00+09:00,374.9639591255359,379.19742765913935,370.7304905919324,374.3591613769531,313246,0.0,0.0
2011-07-28 00:00:00+09:00,373.75447956421243,373.75447956421243,368.3114529755645,371.94012451171875,215451,0.0,0.0
2011-07-29 00:00:00+09:00,373.7543494106079,374.35910850495327,370.7304382324219,370.7304382324219,204050,0.0,0.0
2011-08-01 00:00:00+09:00,374.96390351461986,395.52644538442297,370.12563794999704,386.4547119140625,745619,0.0,0.0
2011-08-02 00:00:00+09:00,386.45480766463965,386.45480766463965,373.1496415607858,376.1735534667969,475134,0.0,0.0
2011-08-03 00:00:00+09:00,373.14971923828125,374.9640744733428,368.91624940236244,373.14971923828125,362619,0.0,0.0
2011-08-04 00:00:00+09:00,374.9639591255359,381.61654151581985,372.5448452688554,374.3591613769531,392550,0.0,0.0
2011-08-05 00:00:00+09:00,356.8205681148453,369.52097514123926,338.6771735843734,347.7488708496094,719015,0.0,0.0
2011-08-08 00:00:00+09:00,332.6293138635545,356.8205296774811,315.0906804700164,322.95281982421875,460761,0.0,0.0
2011-08-09 00:00:00+09:00,311.46198203343386,332.6293049453007,278.8038299895957,313.2763366699219,426605,0.0,0.0
2011-08-10 00:00:00+09:00,314.4859141194021,338.6771501497644,314.4859141194021,330.8149719238281,370322,0.0,0.0
2011-08-11 00:00:00+09:00,326.5814727305644,338.67711854356986,318.7193530915812,331.41973876953125,180480,0.0,0.0
2011-08-12 00:00:00+09:00,333.8388879877973,347.14405351369976,332.62933099169953,338.6771545410156,326643,0.0,0.0
2011-08-16 00:00:00+09:00,347.14408418695757,361.65884656029317,347.14408418695757,356.2158203125,306848,0.0,0.0
2011-08-17 00:00:00+09:00,370.73054610367484,390.68829626292234,355.006265111934,368.3114318847656,957344,0.0,0.0
2011-08-18 00:00:00+09:00,364.68266325554015,370.7304863976441,356.8205240258648,362.86834716796875,267165,0.0,0.0
2011-08-19 00:00:00+09:00,340.49150589659007,354.4014706407543,339.88674662053114,345.32977294921875,280082,0.0,0.0
2011-08-22 00:00:00+09:00,338.67719691042277,349.5632498060036,337.46760119417405,345.9345397949219,105900,0.0,0.0
2011-08-23 00:00:00+09:00,345.934553305118,353.7966943547911,344.7249961104632,348.9584655761719,142495,0.0,0.0
2011-08-24 00:00:00+09:00,353.79667279586397,353.79667279586397,339.2819487756408,345.32977294921875,169850,0.0,0.0
2011-08-25 00:00:00+09:00,348.9583830148787,348.9583830148787,340.49144608668377,344.72491455078125,177646,0.0,0.0
2011-08-26 00:00:00+09:00,345.93451884872655,345.93451884872655,338.67717640365663,341.7010498046875,61864,0.0,0.0
2011-08-29 00:00:00+09:00,344.72495890492087,350.1679849778283,342.30584477670186,347.7488708496094,117670,0.0,0.0
2011-08-30 00:00:00+09:00,350.16790771484375,354.4013757895459,345.329680525939,350.16790771484375,151331,0.0,0.0
2011-08-31 00:00:00+09:00,348.95837284882106,354.4013980628306,348.95837284882106,353.7966003417969,147413,0.0,0.0
2011-09-01 00:00:00+09:00,353.7965781065223,365.89222321642626,350.16790771484375,350.16790771484375,423054,0.0,0.0
2011-09-02 00:00:00+09:00,350.7727966308594,359.8444942539369,348.9584416787114,350.7727966308594,162215,0.0,0.0
2011-09-05 00:00:00+09:00,350.7727465225102,350.7727465225102,340.49145468747605,341.09625244140625,215578,0.0,0.0
2011-09-06 00:00:00+09:00,332.6293085549246,348.9583847540434,332.6293085549246,339.2818908691406,202706,0.0,0.0
2011-09-07 00:00:00+09:00,338.07238515294483,346.5393234055868,338.07238515294483,343.5154113769531,115762,0.0,0.0
2011-09-08 00:00:00+09:00,347.1440454807327,389.4786936398327,344.72493154451587,360.4492492675781,2699810,0.0,0.0
2011-09-09 00:00:00+09:00,364.0778613240344,371.9399996303525,348.35354614257807,348.3535461425781,877218,0.0,0.0
2011-09-14 00:00:00+09:00,347.1440730331398,357.42536593131484,345.32975672139037,347.7488708496094,380681,0.0,0.0
2011-09-15 00:00:00+09:00,350.77270168032004,379.1973825359385,349.5631448959129,367.1017761230469,1894797,0.0,0.0
2011-09-16 00:00:00+09:00,367.1018422518001,391.2930594353252,362.8683734593591,373.7544250488281,2226267,0.0,0.0
2011-09-19 00:00:00+09:00,373.75441248423687,379.8021972923945,364.07791822235833,365.89227294921875,711056,0.0,0.0
2011-09-20 00:00:00+09:00,364.6826793715443,367.7065910762285,354.4014258582096,360.4492492675781,449808,0.0,0.0
2011-09-21 00:00:00+09:00,361.65873023431544,367.10175473138315,357.4252624511719,357.4252624511719,332817,0.0,0.0
2011-09-22 00:00:00+09:00,351.377486595309,361.6587778711178,350.77272744309874,353.7966003417969,201394,0.0,0.0
2011-09-23 00:00:00+09:00,351.98229217397994,351.98229217397994,327.186279296875,327.186279296875,612209,0.0,0.0
2011-09-26 00:00:00+09:00,336.25798950388634,336.25798950388634,281.827753139278,298.1568298339844,442629,0.0,0.0
2011-09-27 00:00:00+09:00,303.5998569452582,324.7671808370716,303.5998569452582,315.6954650878906,142163,0.0,0.0
2011-09-28 00:00:00+09:00,319.3241361061267,325.37192053056293,314.4858892821657,315.0906677246094,167845,0.0,0.0
2011-09-29 00:00:00+09:00,315.0907125462628,333.2341455381226,309.6476865055878,317.50982666015625,519151,0.0,0.0
2011-09-30 00:00:00+09:00,316.30026685756604,324.76720475152536,316.30026685756604,323.5576477050781,174489,0.0,0.0
2011-10-04 00:00:00+09:00,321.1384893660752,364.07791545263836,321.1384893660752,330.210205078125,2244266,0.0,0.0
2011-10-05 00:00:00+09:00,338.07234593708466,353.1918657575818,314.48590813051004,315.6954650878906,1040817,0.0,0.0
2011-10-06 00:00:00+09:00,332.6293085950985,362.86834716796875,329.6053970240465,362.86834716796875,824974,0.0,0.0
2011-10-07 00:00:00+09:00,381.01180156406156,384.6405114683575,348.35364383838504,350.7727966308594,2198829,0.0,0.0
2011-10-10 00:00:00+09:00,361.054021161008,374.96398463653514,350.7727672862093,367.70660400390625,797833,0.0,0.0
2011-10-11 00:00:00+09:00,377.98782575153143,381.01169842813886,358.6348400633765,367.1017761230469,693702,0.0,0.0
2011-10-12 00:00:00+09:00,370.7305106318946,370.7305106318946,357.42534513211143,361.05401611328125,418368,0.0,0.0
2011-10-13 00:00:00+09:00,373.1496192066578,382.8261135849098,354.40142822265625,354.40142822265625,738405,0.0,0.0
2011-10-14 00:00:00+09:00,355.0061957838643,357.42530953035225,348.95837284882106,353.7966003417969,359728,0.0,0.0
2011-10-17 00:00:00+09:00,361.0540182195619,361.0540182195619,355.0062332156647,355.6109924316406,313515,0.0,0.0
2011-10-18 00:00:00+09:00,351.3775164977975,355.6109851988344,350.1679595216193,354.40142822265625,176975,0.0,0.0
2011-10-19 00:00:00+09:00,361.65879418087127,361.65879418087127,350.7727432619231,351.37750244140625,299130,0.0,0.0
2011-10-20 00:00:00+09:00,347.7489083815171,358.634961702244,345.934553305118,348.9584655761719,314416,0.0,0.0
2011-10-21 00:00:00+09:00,356.2158229184721,362.8684063179065,347.7488845668898,350.7727966308594,444654,0.0,0.0
2011-10-24 00:00:00+09:00,359.8444523108474,359.8444523108474,351.9823127159941,359.2396545410156,246174,0.0,0.0
2011-10-25 00:00:00+09:00,357.4252627297332,359.8443761594668,353.7965540163145,356.8204650878906,135660,0.0,0.0
2011-10-26 00:00:00+09:00,352.58707191699926,359.2396545410156,351.9823127159941,359.2396545410156,220028,0.0,0.0
2011-10-27 00:00:00+09:00,362.86834716796875,365.89225873902075,356.8205240258648,362.86834716796875,379523,0.0,0.0
2011-10-28 00:00:00+09:00,365.8923063509553,365.8923063509553,353.7966584927947,359.844482421875,244693,0.0,0.0
2011-10-31 00:00:00+09:00,359.23973914044814,368.9162357547439,356.2158652856597,358.0301818847656,593421,0.0,0.0
2011-11-01 00:00:00+09:00,351.98227699318454,358.0300612335773,351.98227699318454,352.5870361328125,183862,0.0,0.0
2011-11-02 00:00:00+09:00,350.1679505111096,379.80219208699407,342.3058110838465,358.6348876953125,1048130,0.0,0.0
2011-11-03 00:00:00+09:00,356.82060662584496,362.8684311679527,348.9584655761719,348.9584655761719,679545,0.0,0.0
2011-11-04 00:00:00+09:00,353.1918708393483,357.42533953550526,348.95840214319134,355.0062255859375,268798,0.0,0.0
2011-11-07 00:00:00+09:00,355.0062255859375,356.82054176369996,351.37751609275915,355.0062255859375,157904,0.0,0.0
2011-11-08 00:00:00+09:00,354.40135165815707,362.868287231043,354.40135165815707,356.8204650878906,459274,0.0,0.0
2011-11-09 00:00:00+09:00,359.8444355969168,362.86834716796875,353.7966124548128,362.86834716796875,310690,0.0,0.0
2011-11-10 00:00:00+09:00,356.21580886720534,356.21580886720534,344.72495890492087,347.7488708496094,305548,0.0,0.0
2011-11-11 00:00:00+09:00,350.77268151355673,356.8204650878906,349.56312479868996,356.8204650878906,172229,0.0,0.0
2011-11-14 00:00:00+09:00,357.42537676384364,410.0412842069754,354.40146472750916,390.68829345703125,4002255,0.0,0.0
2011-11-15 00:00:00+09:00,390.08349453321193,446.9328653338527,385.24522805319305,436.04681396484375,4738814,0.0,0.0
2011-11-16 00:00:00+09:00,450.56145725488454,450.56145725488454,393.1073373251555,398.5503234863281,2195759,0.0,0.0
2011-11-17 00:00:00+09:00,393.7121491445807,402.1790862069819,378.59262969567135,397.94561767578125,658638,0.0,0.0
2011-11-18 00:00:00+09:00,405.8077913411291,453.58546758749253,405.8077913411291,427.57989501953125,2524350,0.0,0.0
2011-11-21 00:00:00+09:00,436.0468597845385,440.8850882041304,419.11298317830517,420.3225402832031,1437033,0.0,0.0
2011-11-22 00:00:00+09:00,402.1790844350971,413.065135304845,393.7121474099987,403.3886413574219,1260151,0.0,0.0
2011-11-23 00:00:00+09:00,435.4419981395222,437.86115056365486,394.3169468928201,397.94561767578125,2258283,0.0,0.0
2011-11-24 00:00:00+09:00,393.71216211621515,403.38865642508154,380.40699690483376,382.82611083984375,716076,0.0,0.0
2011-11-25 00:00:00+09:00,382.82609664968254,393.71214752254224,373.14960269949336,379.80218505859375,487681,0.0,0.0
2011-11-28 00:00:00+09:00,381.6165287912845,415.48423736201005,376.1735035108318,390.0834655761719,1220043,0.0,0.0
2011-11-29 00:00:00+09:00,387.0596247229963,398.5504365409498,382.2213962878224,385.2452697753906,527744,0.0,0.0
2011-11-30 00:00:00+09:00,388.8739724809595,394.316998654313,381.0117935659142,384.03570556640625,522840,0.0,0.0
2011-12-01 00:00:00+09:00,393.10744622739736,399.76002956603486,387.0596221547283,390.68829345703125,668027,0.0,0.0
2011-12-02 00:00:00+09:00,391.89783083077475,391.89783083077475,382.22137451171875,382.22137451171875,224823,0.0,0.0
2011-12-05 00:00:00+09:00,382.82604166721,390.0834207297345,382.22128257714434,386.4547119140625,290384,0.0,0.0
2011-12-06 00:00:00+09:00,387.66434485514793,396.7360406371085,382.8260788209653,388.26910400390625,691323,0.0,0.0
2011-12-07 00:00:00+09:00,404.5981230065412,404.5981230065412,387.66429067561376,394.921630859375,370373,0.0,0.0
2011-12-08 00:00:00+09:00,397.94566991360523,397.94566991360523,381.0117935659142,384.03570556640625,495864,0.0,0.0
2011-12-09 00:00:00+09:00,377.9879489741423,379.8022654578028,370.7305673330007,371.94012451171875,779766,0.0,0.0
2011-12-12 00:00:00+09:00,372.54486804653465,379.8022100602956,368.3113992540936,373.7544250488281,402510,0.0,0.0
2011-12-13 00:00:00+09:00,370.73044534918245,373.14955891064216,366.4969773322178,372.5447998046875,251818,0.0,0.0
2011-12-14 00:00:00+09:00,373.14966480499845,377.3831340233591,366.4970813386693,374.9640197753906,220436,0.0,0.0
2011-12-15 00:00:00+09:00,374.3592174320387,374.9640152711815,367.7066340456228,368.3114318847656,374832,0.0,0.0
2011-12-16 00:00:00+09:00,369.5210473369953,377.3831890742001,369.5210473369953,373.14971923828125,193139,0.0,0.0
2011-12-19 00:00:00+09:00,376.1735731167752,376.1735731167752,317.5098410648565,350.7727966308594,575089,0.0,0.0
2011-12-20 00:00:00+09:00,342.910586070215,359.84446121878244,342.910586070215,355.6109924316406,330949,0.0,0.0
2011-12-21 00:00:00+09:00,358.0301043445594,372.54486540689317,357.42534513211143,361.05401611328125,384534,0.0,0.0
2011-12-22 00:00:00+09:00,365.2874848757263,369.52095363817136,358.0301043445594,361.05401611328125,281090,0.0,0.0
2011-12-23 00:00:00+09:00,361.65873023431544,364.6826027347165,356.2157057372478,357.4252624511719,408552,0.0,0.0
2011-12-26 00:00:00+09:00,358.6348664035962,362.8683347443618,350.77272744309874,353.7966003417969,503207,0.0,0.0
2011-12-27 00:00:00+09:00,354.4014783956697,358.0301498379192,345.32978050562974,345.9345397949219,281704,0.0,0.0
2011-12-28 00:00:00+09:00,363.00988765453616,366.804443359375,357.9505338235149,366.804443359375,303646,23.926628,0.0
2011-12-29 00:00:00+09:00,366.8044057081196,367.43680470629715,358.58289607926133,364.2746887207031,101003,0.0,0.0
2012-01-02 00:00:00+09:00,366.804459933079,369.9665360545562,363.6423434800271,369.3341369628906,112768,0.0,0.0
2012-01-03 00:00:00+09:00,369.3340996864095,375.0258925948067,368.0692612991624,372.4962158203125,228405,0.0,0.0
2012-01-04 00:00:00+09:00,373.12865240095095,374.39349091549525,368.0692983427739,371.2314147949219,240943,0.0,0.0
2012-01-05 00:00:00+09:00,369.33411332094994,373.76106800552793,359.84780490060973,366.1719970703125,627960,0.0,0.0
2012-01-06 00:00:00+09:00,369.9664222929859,369.9664222929859,348.4641338197855,359.84771728515625,364427,0.0,0.0
2012-01-09 00:00:00+09:00,364.2746887207031,366.17196637837327,351.62626510989577,364.2746887207031,127761,0.0,0.0
2012-01-10 00:00:00+09:00,360.4802107390255,368.06928181713033,360.4802107390255,366.804443359375,225941,0.0,0.0
2012-01-11 00:00:00+09:00,369.33411332094994,369.33411332094994,363.6423202024314,366.1719970703125,182543,0.0,0.0
2012-01-12 00:00:00+09:00,369.96640131619654,388.30665393191646,367.43672520766967,373.7609558105469,1045680,0.0,0.0
2012-01-13 00:00:00+09:00,376.29069724296824,382.61492894372924,374.39341966642655,380.7176513671875,253792,0.0,0.0
2012-01-16 00:00:00+09:00,380.71772636238904,380.71772636238904,372.4962557971574,378.18804931640625,167545,0.0,0.0
2012-01-17 00:00:00+09:00,381.98252706773866,381.98252706773866,371.86377955402475,377.5555725097656,218254,0.0,0.0
2012-01-18 00:00:00+09:00,379.45284017275173,392.1012641453531,376.2907240967089,390.83642578125,724219,0.0,0.0
2012-01-19 00:00:00+09:00,397.792977412876,439.5327560773286,393.36602385787734,423.7222595214844,3113006,0.0,0.0
2012-01-20 00:00:00+09:00,433.2085412757908,433.2085412757908,392.10116380182876,398.42535400390625,1372214,0.0,0.0
2012-01-25 00:00:00+09:00,400.9551283517173,403.4848047980701,387.67426651101664,395.2633361816406,529071,0.0,0.0
2012-01-26 00:00:00+09:00,390.83632576141326,398.42535400390625,387.6742104945948,398.42535400390625,411764,0.0,0.0
2012-01-27 00:00:00+09:00,400.9552143241241,400.9552143241241,389.5716275431138,392.73370361328125,333851,0.0,0.0
2012-01-30 00:00:00+09:00,395.8958200150228,396.52825942800075,387.0419102227761,392.73370361328125,187215,0.0,0.0
2012-01-31 00:00:00+09:00,392.73368590099363,414.2360199988773,392.101286848111,407.2793884277344,565467,0.0,0.0
2012-02-01 00:00:00+09:00,402.2200180540985,408.5442099793992,400.32274031072296,404.74969482421875,250937,0.0,0.0
2012-02-02 00:00:00+09:00,406.0145091831692,413.6035793760137,397.160600680112,401.5875549316406,277410,0.0,0.0
2012-02-03 00:00:00+09:00,438.90042624340447,439.53282523272674,401.5875549316406,401.5875549316406,1750108,0.0,0.0
2012-02-06 00:00:00+09:00,400.32266280947846,411.0738474984491,400.32266280947846,402.2199401855469,423416,0.0,0.0
2012-02-07 00:00:00+09:00,403.48491748133927,406.0145946341678,397.1606842676912,402.85247802734375,328038,0.0,0.0
2012-02-08 00:00:00+09:00,406.6469884464051,430.6789993640946,402.8524328114837,426.2520446777344,936309,0.0,0.0
2012-02-09 00:00:00+09:00,427.5168207148523,466.72692745468106,417.39807438454284,451.548828125,1857265,0.0,0.0
2012-02-10 00:00:00+09:00,461.6676368938679,469.25670775088065,440.7977424515473,453.4461669921875,1586071,0.0,0.0
2012-02-13 00:00:00+09:00,450.91648524028744,469.88914370741986,445.8571311592254,465.4621887207031,1261667,0.0,0.0
2012-02-14 00:00:00+09:00,474.316096523315,516.055928827344,469.2567424654083,484.4348449707031,3084143,0.0,0.0
2012-02-15 00:00:00+09:00,493.9211539950655,504.0399024424536,471.153980071336,484.4348449707031,1510057,0.0,0.0
2012-02-16 00:00:00+09:00,492.0238783094286,494.55359568153455,447.1219696794909,465.4621887207031,2198379,0.0,0.0
2012-02-17 00:00:00+09:00,467.99185174929175,471.15396812106746,455.34342659376284,469.8891296386719,711941,0.0,0.0
2012-02-20 00:00:00+09:00,472.41877971077474,473.0512190817574,455.97584004408225,461.6676330566406,1131349,0.0,0.0
2012-02-21 00:00:00+09:00,463.5648535268875,478.7429529066978,461.6675759800738,468.62420654296875,809708,0.0,0.0
2012-02-22 00:00:00+09:00,487.5968666727562,538.822998046875,487.5968666727562,538.822998046875,11287007,0.0,0.0
2012-02-23 00:00:00+09:00,531.2339758342368,532.4988142165749,469.2566934418184,474.948486328125,5615380,0.0,0.0
2012-02-24 00:00:00+09:00,486.33208288825074,488.22932033805597,461.6676330566406,461.6676330566406,1600061,0.0,0.0
2012-02-27 00:00:00+09:00,464.82968809751316,468.6242028295057,458.5054565459595,463.5648498535156,795816,0.0,0.0
2012-02-28 00:00:00+09:00,465.4621979279634,478.74306315082106,461.66768229210794,473.05126953125,723917,0.0,0.0
2012-02-29 00:00:00+09:00,473.68357986793575,473.68357986793575,455.34336390096627,462.93243408203125,538223,0.0,0.0
2012-03-02 00:00:00+09:00,464.1973098774285,466.09458765880504,457.8731178254588,461.6676330566406,578152,0.0,0.0
2012-03-05 00:00:00+09:00,467.35940899437645,500.8777264741634,462.30001520607266,493.2886962890625,1997327,0.0,0.0
2012-03-06 00:00:00+09:00,494.5535272766637,494.5535272766637,458.5054932746194,473.68359375,1082863,0.0,0.0
2012-03-07 00:00:00+09:00,459.1379935181504,468.62430253218486,452.81376062107756,460.40283203125,558400,0.0,0.0
2012-03-08 00:00:00+09:00,471.15383394471735,471.15383394471735,459.1378516181141,462.2999267578125,333498,0.0,0.0
2012-03-09 00:00:00+09:00,460.4027977277089,471.15394445380014,458.5055199336339,470.52154541015625,284087,0.0,0.0
2012-03-12 00:00:00+09:00,468.6242676160812,473.68362129151905,462.9324745654278,470.52154541015625,291360,0.0,0.0
2012-03-13 00:00:00+09:00,476.2133247104631,487.59691048307633,471.78637020649455,474.948486328125,649792,0.0,0.0
2012-03-14 00:00:00+09:00,476.8456256603616,482.5374173760058,458.5054123912371,462.2999267578125,814106,0.0,0.0
2012-03-15 00:00:00+09:00,466.0945774716892,468.62425423718764,451.5488755727175,455.975830078125,496479,0.0,0.0
2012-03-16 00:00:00+09:00,452.8136733829884,459.77030403057444,449.0191585747324,452.1812744140625,279265,0.0,0.0
2012-03-19 00:00:00+09:00,450.91643307953,453.4461501590053,431.9438171386718,431.9438171386719,735015,0.0,0.0
2012-03-20 00:00:00+09:00,432.57621605392615,437.00317052746095,426.2520241857123,430.0465393066406,287329,0.0,0.0
2012-03-21 00:00:00+09:00,430.046593352166,442.0626199092256,428.1493153874789,431.3114318847656,174617,0.0,0.0
2012-03-22 00:00:00+09:00,436.3707750647341,436.3707750647341,419.92779541015625,419.92779541015625,319692,0.0,0.0
2012-03-23 00:00:00+09:00,420.56023485796,426.2520277527689,414.8684419631511,421.8250732421875,222046,0.0,0.0
2012-03-26 00:00:00+09:00,423.7222963829423,435.1058807056576,419.9277413876604,420.5601806640625,295848,0.0,0.0
2012-03-27 00:00:00+09:00,423.08993531907544,433.84108235284896,421.1926574707031,421.1926574707031,221087,0.0,0.0
2012-03-28 00:00:00+09:00,421.8250497877177,455.34336593497454,421.8250497877177,433.8410339355469,534535,0.0,0.0
2012-03-29 00:00:00+09:00,430.04650519284303,440.79769101331516,424.35471279717166,424.9871520996094,342705,0.0,0.0
2012-03-30 00:00:00+09:00,430.0464500775097,430.0464500775097,421.1925429675124,423.7222595214844,176735,0.0,0.0
2012-04-02 00:00:00+09:00,423.0899313227645,461.6676449981299,421.19265349231296,433.20867919921875,978510,0.0,0.0
2012-04-03 00:00:00+09:00,438.2679551651452,449.01914052026314,437.00311694658404,443.9597473144531,913317,0.0,0.0
2012-04-04 00:00:00+09:00,442.6949157714844,454.7109395263584,437.0031235363474,442.6949157714844,671549,0.0,0.0
2012-04-05 00:00:00+09:00,438.90043149129616,445.2246231179775,426.8844069032486,444.59222412109375,387381,0.0,0.0
2012-04-06 00:00:00+09:00,448.3867390971025,455.34337005223637,443.32738579575744,444.59222412109375,626363,0.0,0.0
2012-04-09 00:00:00+09:00,443.3274369523435,450.2840687102193,437.0032042643255,440.7977600097656,492605,0.0,0.0
2012-04-10 00:00:00+09:00,438.90044836119586,448.38675633162495,431.31137778591045,431.9438171386719,412302,0.0,0.0
2012-04-12 00:00:00+09:00,431.31138128967876,435.73833580026024,417.398118731606,421.8250732421875,470092,0.0,0.0
2012-04-13 00:00:00+09:00,424.3547532196138,430.0465461574641,421.82507643202945,428.7817077636719,252485,0.0,0.0
2012-04-16 00:00:00+09:00,423.72230596532364,451.548828125,421.19258913407157,451.548828125,445141,0.0,0.0
2012-04-17 00:00:00+09:00,452.18126305108996,454.0785002417583,437.6355628209474,442.6949157714844,295420,0.0,0.0
2012-04-18 00:00:00+09:00,449.01914086107,452.8136555196336,443.32734870744196,445.8570251464844,341869,0.0,0.0
2012-04-19 00:00:00+09:00,449.01914052026314,450.2839787388243,440.16523265876964,443.9597473144531,182472,0.0,0.0
2012-04-20 00:00:00+09:00,445.8570345513575,445.8570345513575,436.37072753906256,436.3707275390625,224600,0.0,0.0
2012-04-23 00:00:00+09:00,438.2679741351313,442.06252928662354,424.9871520996094,424.9871520996094,395194,0.0,0.0
2012-04-24 00:00:00+09:00,426.88442668770324,426.88442668770324,418.66295702619954,419.92779541015625,404107,0.0,0.0
2012-04-25 00:00:00+09:00,419.2954329900213,419.9278320714252,386.4095111413722,392.73370361328125,1012170,0.0,0.0
2012-04-26 00:00:00+09:00,395.2634347299361,399.69038978057836,393.3661567563536,393.99859619140625,302011,0.0,0.0
2012-04-27 00:00:00+09:00,393.36600184224426,400.32263123030924,393.36600184224426,398.42535400390625,179053,0.0,0.0
2012-04-30 00:00:00+09:00,398.425358366024,400.32263561319917,372.49611775628347,373.7609558105469,484487,0.0,0.0
2012-05-02 00:00:00+09:00,378.187998369927,393.36609893272595,374.39344298055016,381.9825134277344,205228,0.0,0.0
2012-05-03 00:00:00+09:00,385.7770082932903,393.36607834324917,383.24733172049315,387.6742858886719,100862,0.0,0.0
2012-05-04 00:00:00+09:00,391.4688077847876,392.1012471051391,380.0852226710052,388.3067321777344,85461,0.0,0.0
2012-05-07 00:00:00+09:00,393.36611622014294,393.36611622014294,383.87980799294127,384.51220703125,143486,0.0,0.0
2012-05-08 00:00:00+09:00,388.9391515946348,388.9391515946348,382.6149597167969,382.6149597167969,136067,0.0,0.0
2012-05-09 00:00:00+09:00,382.61497937193803,407.2793894598855,381.98253998588035,392.1012878417969,333049,0.0,0.0
2012-05-10 00:00:00+09:00,395.2633361816406,404.1172037438756,392.10122045791684,395.2633361816406,148823,0.0,0.0
2012-05-11 00:00:00+09:00,398.42548713377556,402.852441920232,385.7770621717171,387.0419006347656,207130,0.0,0.0
2012-05-14 00:00:00+09:00,386.4095198816379,387.6743584046293,378.18804931640625,378.18804931640625,235851,0.0,0.0
2012-05-15 00:00:00+09:00,380.0852631998514,383.8798188634413,375.0259094238282,375.0259094238281,181254,0.0,0.0
2012-05-16 00:00:00+09:00,375.02581740533054,380.0851699399619,371.231303004357,373.1285400390625,190646,0.0,0.0
2012-05-17 00:00:00+09:00,373.1286114026846,428.78170158550944,364.90714179571023,382.6149597167969,2518227,0.0,0.0
2012-05-18 00:00:00+09:00,381.98252036322793,407.2793685377201,376.2907275073887,382.6149597167969,925153,0.0,0.0
2012-05-21 00:00:00+09:00,380.08518118866914,395.2633199048887,376.29066667539615,378.8203430175781,541637,0.0,0.0
2012-05-22 00:00:00+09:00,380.71771514884784,389.5716248805824,379.4528766631106,385.7770690917969,237826,0.0,0.0
2012-05-23 00:00:00+09:00,386.4094515169202,406.01450565206466,385.77701220153006,396.5281982421875,603244,0.0,0.0
2012-05-24 00:00:00+09:00,392.10125036075897,406.01451220833303,385.77701843100607,391.46881103515625,361723,0.0,0.0
2012-05-25 00:00:00+09:00,397.160641603969,397.160641603969,385.1446562530241,392.1012878417969,159748,0.0,0.0
2012-05-29 00:00:00+09:00,392.7336596135206,405.3821238034211,392.10126060296733,397.1606140136719,282233,0.0,0.0
2012-05-30 00:00:00+09:00,408.54425152133354,456.6082763671875,398.4255030803788,456.6082763671875,5641734,0.0,0.0
2012-05-31 00:00:00+09:00,480.007839668514,524.9097433843363,471.15393066406244,471.1539306640625,13967446,0.0,0.0
2012-06-01 00:00:00+09:00,471.1539830505509,541.352783203125,465.462189533628,541.352783203125,7335817,0.0,0.0
2012-06-04 00:00:00+09:00,622.3026123046875,622.3026123046875,622.3026123046875,622.3026123046875,2377511,0.0,0.0
2012-06-05 00:00:00+09:00,714.63623046875,714.63623046875,667.2046443806265,714.63623046875,23986646,0.0,0.0
2012-06-07 00:00:00+09:00,714.6361888577015,774.716277756303,698.8256476384007,733.60888671875,27137819,0.0,0.0
2012-06-08 00:00:00+09:00,711.4740873453583,724.1225521321227,670.3666977830881,698.8256225585938,9845979,0.0,0.0
2012-06-11 00:00:00+09:00,683.0151373788494,803.1752399595306,679.8530612569168,736.77099609375,20909298,0.0,0.0
2012-06-12 00:00:00+09:00,701.9877655046546,793.6888511134457,689.3393009626152,705.1498413085938,10485354,0.0,0.0
2012-06-13 00:00:00+09:00,724.1225953781022,739.9330563110742,657.7183126080843,689.33935546875,7353845,0.0,0.0
2012-06-14 00:00:00+09:00,689.3392381632793,736.7708548801584,635.5834300830901,657.7182006835938,9610181,0.0,0.0
2012-06-15 00:00:00+09:00,660.8804535124685,673.5288791923097,631.7890462167313,651.3941040039062,3823748,0.0,0.0
2012-06-18 00:00:00+09:00,698.8254685739247,746.257080078125,695.6633934055615,746.257080078125,10214900,0.0,0.0
2012-06-19 00:00:00+09:00,733.6087561793892,771.5539838231681,676.6908340505895,717.7982177734375,10741107,0.0,0.0
2012-06-20 00:00:00+09:00,736.7708717251138,825.3098754882812,708.3119494422041,825.3098754882812,11597918,0.0,0.0
2012-06-21 00:00:00+09:00,806.3373192755425,860.0930921626937,790.5267788585824,853.7688598632812,15459690,0.0,0.0
2012-06-22 00:00:00+09:00,926.4973447083058,973.9289667301578,856.9310302734375,856.9310302734375,15940186,0.0,0.0
2012-06-25 00:00:00+09:00,875.9036541215497,983.4152832031251,856.9310374198434,983.415283203125,6054613,0.0,0.0
2012-06-26 00:00:00+09:00,1065.6299557607535,1078.2784193962607,980.2531085420552,1030.8468017578125,15020029,0.0,0.0
2012-06-27 00:00:00+09:00,1027.684772781669,1049.8194641528178,913.8489175526719,932.821533203125,10075585,0.0,0.0
2012-06-28 00:00:00+09:00,926.4973406190837,954.9563459718444,879.0657188065778,951.794189453125,13101752,0.0,0.0
2012-06-29 00:00:00+09:00,904.3625261021799,992.9014447259714,875.9035245949291,885.3898315429688,13875839,0.0,0.0
2012-07-02 00:00:00+09:00,875.9036408585263,1018.1984252929689,869.5794084993385,1018.1984252929688,14907051,0.0,0.0
2012-07-03 00:00:00+09:00,1030.846945649167,1144.6828116060326,967.6047799702093,1094.089111328125,25163228,0.0,0.0
2012-07-04 00:00:00+09:00,1097.2511701899375,1157.3311782476344,1046.657470703125,1046.657470703125,9866709,0.0,0.0
2012-07-05 00:00:00+09:00,1059.3058855178726,1185.7901282183655,1027.684804676964,1144.6827392578125,12982591,0.0,0.0
2012-07-06 00:00:00+09:00,1125.7102742616657,1268.005076500421,1106.7375748101865,1201.600830078125,15915673,0.0,0.0
2012-07-09 00:00:00+09:00,1214.2491388333665,1353.3819366821351,1201.6007539963905,1290.1397705078125,15438613,0.0,0.0
2012-07-10 00:00:00+09:00,1321.7607363759942,1366.0302810372802,1097.2510986328125,1097.2510986328125,15086461,0.0,0.0
2012-07-11 00:00:00+09:00,1100.4132846361256,1188.9522150121854,970.7668842569163,1018.1984252929688,16825508,0.0,0.0
2012-07-12 00:00:00+09:00,1024.522696928965,1059.305935906401,996.0637712163124,1046.657470703125,8992823,0.0,0.0
2012-07-13 00:00:00+09:00,1049.819650438761,1071.954426400769,935.9837750100818,1037.1712646484375,9072078,0.0,0.0
2012-07-16 00:00:00+09:00,1059.3057276819397,1071.9541097358167,977.0908813476562,977.0908813476562,5319894,0.0,0.0
2012-07-17 00:00:00+09:00,1011.8743543169855,1094.0891395555043,885.3900196957878,901.2005615234375,17128086,0.0,0.0
2012-07-18 00:00:00+09:00,910.6867550566684,964.4426065896832,888.5520638340788,954.956298828125,8882511,0.0,0.0
2012-07-19 00:00:00+09:00,961.2805797513847,1011.8742774934276,904.3626496258008,923.3352661132812,9918555,0.0,0.0
2012-07-20 00:00:00+09:00,923.3350707126358,983.4150639839993,901.2003023860806,929.6593017578125,6643495,0.0,0.0
2012-07-23 00:00:00+09:00,935.9837822607333,1068.7923583984375,923.3353963724284,1068.7923583984375,10332198,0.0,0.0
2012-07-24 00:00:00+09:00,1084.602930733703,1160.4934901155614,1049.8196871034227,1125.7103271484375,19738830,0.0,0.0
2012-07-25 00:00:00+09:00,1106.7374820353286,1125.7101798963772,1046.657473799873,1100.413330078125,7400875,0.0,0.0
2012-07-26 00:00:00+09:00,1116.2236669390265,1154.1689777930367,935.9835815429688,935.9835815429688,12589093,0.0,0.0
2012-07-27 00:00:00+09:00,907.5246785747457,954.9562980047809,879.0656746514692,917.010986328125,10449066,0.0,0.0
2012-07-30 00:00:00+09:00,942.3077823027447,1005.5499380804566,942.3077823027447,970.7667846679688,11250016,0.0,0.0
2012-07-31 00:00:00+09:00,954.956319582803,970.7668597500668,860.0930785792199,898.0383911132812,7259231,0.0,0.0
2012-08-01 00:00:00+09:00,910.6867542714926,945.4699902514016,898.0383708213665,917.010986328125,4973962,0.0,0.0
2012-08-02 00:00:00+09:00,939.1458326082517,1052.9816959948969,932.8216000505168,948.6321411132812,22421968,0.0,0.0
2012-08-03 00:00:00+09:00,961.280564152786,996.063720703125,948.6320995909493,996.063720703125,6032897,0.0,0.0
2012-08-06 00:00:00+09:00,1062.4679778625168,1141.5206811943879,1043.495361328125,1043.495361328125,19327759,0.0,0.0
2012-08-07 00:00:00+09:00,1138.3585585379199,1166.8175648495192,1040.3332357546694,1084.602783203125,12924196,0.0,0.0
2012-08-08 00:00:00+09:00,1084.6026728260777,1090.9268241067123,1021.3605147146344,1040.3331298828125,6259101,0.0,0.0
2012-08-09 00:00:00+09:00,1046.6575741569686,1097.2512786445698,1008.7122554596909,1037.1712646484375,7430893,0.0,0.0
2012-08-10 00:00:00+09:00,1037.171100962201,1081.4405652364615,1030.8468687335521,1075.1163330078125,5155685,0.0,0.0
2012-08-13 00:00:00+09:00,1065.6300537305344,1081.4405943969086,1011.8742799953766,1043.495361328125,3832579,0.0,0.0
2012-08-14 00:00:00+09:00,1065.630237760304,1087.7650146484375,1052.9818514407684,1087.7650146484375,6116811,0.0,0.0
2012-08-16 00:00:00+09:00,1128.8720749801898,1144.6826136659495,1084.602615057943,1106.7373046875,6803490,0.0,0.0
2012-08-17 00:00:00+09:00,1113.0615925286659,1166.8174429087344,1094.088977412471,1157.3310546875,8084166,0.0,0.0
2012-08-20 00:00:00+09:00,1147.8449563738159,1154.169189453125,1113.061795432343,1154.169189453125,4165652,0.0,0.0
2012-08-21 00:00:00+09:00,1154.169034208071,1211.086962939629,1071.9542572250584,1075.1163330078125,7976557,0.0,0.0
2012-08-22 00:00:00+09:00,1078.278496011729,1090.9268798828125,1052.9816476064204,1090.9268798828125,4094212,0.0,0.0
2012-08-23 00:00:00+09:00,1087.7648134475417,1090.926889276756,1011.8742675781249,1011.874267578125,3887058,0.0,0.0
2012-08-24 00:00:00+09:00,1002.3879123367495,1068.7921469358166,980.2531405826811,1034.0089111328125,5483472,0.0,0.0
2012-08-27 00:00:00+09:00,1034.0088922490145,1068.7921274167827,1018.1983528081572,1062.4678955078125,2941232,0.0,0.0
2012-08-28 00:00:00+09:00,1071.9543597868599,1071.9543597868599,1037.1712001960402,1065.630126953125,2374555,0.0,0.0
2012-08-29 00:00:00+09:00,1068.7922799833134,1192.114456827948,1046.6575054738207,1103.575439453125,13555322,0.0,0.0
2012-08-30 00:00:00+09:00,1122.5479905761426,1122.5479905761426,1056.1437516534309,1059.305908203125,3642648,0.0,0.0
2012-08-31 00:00:00+09:00,1059.3057966505148,1217.4111069281344,1049.8194086635617,1132.0341796875,18587153,0.0,0.0
2012-09-03 00:00:00+09:00,1132.0341844513214,1207.9248046875,1119.3858015207152,1207.9248046875,10112423,0.0,0.0
2012-09-04 00:00:00+09:00,1211.0869911750203,1214.2490670314953,1075.1163580731723,1138.3585205078125,6949702,0.0,0.0
2012-09-05 00:00:00+09:00,1147.8447164503934,1309.1121826171875,1138.358409145841,1309.1121826171875,14655964,0.0,0.0
2012-09-06 00:00:00+09:00,1441.9206838959947,1505.162841796875,1410.2996049455546,1505.162841796875,18070967,0.0,0.0
2012-09-07 00:00:00+09:00,1581.053487227266,1637.9713333949198,1520.9733233930413,1590.539794921875,17573040,0.0,0.0
2012-09-10 00:00:00+09:00,1606.3503516987537,1824.5357646013863,1558.9188103400447,1713.862060546875,19751864,0.0,0.0
2012-09-11 00:00:00+09:00,1656.9440761840312,1710.6999314708717,1603.188220897191,1701.213623046875,12971369,0.0,0.0
2012-09-12 00:00:00+09:00,1666.4300610494486,1808.7249824336081,1647.4574478852292,1663.26806640625,17466959,0.0,0.0
2012-09-13 00:00:00+09:00,1656.9439487841378,1713.8619562780675,1549.4324078031443,1590.539794921875,9077429,0.0,0.0
2012-09-14 00:00:00+09:00,1593.7018643216363,1631.6472581974426,1505.1629345973224,1574.729248046875,6284301,0.0,0.0
2012-09-17 00:00:00+09:00,1600.0260169024004,1808.72509765625,1596.8638607315033,1808.72509765625,17818846,0.0,0.0
2012-09-18 00:00:00+09:00,1751.8074395311096,1966.8307138090324,1701.2137374260865,1758.131591796875,15709862,0.0,0.0
2012-09-19 00:00:00+09:00,1758.1312442269684,1859.3187897592638,1666.430167207364,1808.72509765625,9523864,0.0,0.0
2012-09-20 00:00:00+09:00,1808.7257504205886,1856.1573034706275,1571.5676625177423,1656.9444580078125,7964612,0.0,0.0
2012-09-21 00:00:00+09:00,1834.0222067021746,1903.588526213314,1486.1904478201789,1802.401123046875,24224567,0.0,0.0
2012-09-24 00:00:00+09:00,1742.3209233781954,1821.3735432724704,1533.621826171875,1533.621826171875,10123335,0.0,0.0
2012-09-25 00:00:00+09:00,1410.299531552447,1457.731228172861,1305.9500732421875,1305.9500732421875,8603079,0.0,0.0
2012-09-26 00:00:00+09:00,1391.3269664919455,1464.0554307248353,1331.246965892226,1419.785888671875,8763952,0.0,0.0
2012-09-27 00:00:00+09:00,1391.3270201126497,1413.4617919921875,1305.9501696193652,1413.4617919921875,3071984,0.0,0.0
2012-09-28 00:00:00+09:00,1426.1101286359303,1508.3248960816265,1410.2995095668473,1435.596435546875,3965083,0.0,0.0
2012-10-02 00:00:00+09:00,1422.9482257581994,1498.8388558761017,1403.9756085602967,1467.2177734375,4926563,0.0,0.0
2012-10-04 00:00:00+09:00,1486.1903204224782,1574.7292502718935,1448.2450878193408,1517.8114013671875,10968654,0.0,0.0
2012-10-05 00:00:00+09:00,1520.9733695583643,1546.270298395997,1486.190294064471,1530.4598388671875,4299972,0.0,0.0
2012-10-08 00:00:00+09:00,1533.62180471671,1546.270268894202,1356.5437902106535,1391.3270263671875,5683023,0.0,0.0
2012-10-09 00:00:00+09:00,1369.1922403212764,1426.1102478720852,1309.1122377532888,1359.7059326171875,4230966,0.0,0.0
2012-10-10 00:00:00+09:00,1347.0576308444263,1407.1377177155111,1271.1670032875973,1340.7333984375,4210967,0.0,0.0
2012-10-11 00:00:00+09:00,1340.7335013900674,1391.3272032041928,1324.9229594902595,1331.2471923828125,4498114,0.0,0.0
2012-10-12 00:00:00+09:00,1366.0304574017441,1369.1924529098721,1302.7882080078125,1302.7882080078125,2230670,0.0,0.0
2012-10-15 00:00:00+09:00,1299.6259325723443,1318.598548017356,1109.8995361328125,1109.8995361328125,9542744,0.0,0.0
2012-10-16 00:00:00+09:00,1119.3857679013609,1163.6552278236077,1043.495230607595,1106.7373046875,6291376,0.0,0.0
2012-10-17 00:00:00+09:00,1122.5481395842532,1154.1692252997468,1068.7923583984375,1068.7923583984375,3353960,0.0,0.0
2012-10-18 00:00:00+09:00,1049.8195130641602,1132.0342922640489,967.6047338642716,1043.495361328125,6596729,0.0,0.0
2012-10-19 00:00:00+09:00,1043.4953947338788,1062.468011875647,980.2532300437902,1046.657470703125,3174346,0.0,0.0
2012-10-22 00:00:00+09:00,1030.8468294698832,1059.3058330832646,1002.3879065196394,1056.1436767578125,3991928,0.0,0.0
2012-10-23 00:00:00+09:00,1049.8195130641602,1138.3585246632272,1034.008972397786,1043.495361328125,10386258,0.0,0.0
2012-10-24 00:00:00+09:00,1024.522712948642,1094.089111328125,1011.8743282107386,1094.089111328125,4670267,0.0,0.0
2012-10-25 00:00:00+09:00,1090.926882264335,1113.0616549159788,996.063720703125,996.063720703125,5881493,0.0,0.0
2012-10-26 00:00:00+09:00,989.7395277301706,1021.360609727467,872.7415888706895,894.8762817382812,7145432,0.0,0.0
2012-10-29 00:00:00+09:00,894.876144552436,917.0109146898792,825.3098393535178,872.741455078125,6455314,0.0,0.0
2012-10-30 00:00:00+09:00,885.389837540141,910.6866831273051,856.930916503256,872.741455078125,5414973,0.0,0.0
2012-10-31 00:00:00+09:00,875.9036648051613,926.4973637355778,872.7415888706895,894.8762817382812,6991644,0.0,0.0
2012-11-01 00:00:00+09:00,907.5246785747457,942.3078338915161,894.8762144614809,917.010986328125,6536187,0.0,0.0
2012-11-02 00:00:00+09:00,929.659464532019,1052.9816285213922,917.0110002270444,986.577392578125,20018197,0.0,0.0
2012-11-05 00:00:00+09:00,989.7393991360287,996.0636308464267,942.3077823027447,970.7667846679688,4068313,0.0,0.0
2012-11-06 00:00:00+09:00,961.2805580504387,1011.8742546503269,939.1457855393098,942.307861328125,7749146,0.0,0.0
2012-11-07 00:00:00+09:00,951.7942729230894,967.6048149138028,875.9037197655548,879.0657958984375,4517183,0.0,0.0
2012-11-08 00:00:00+09:00,863.2552465901953,1008.7121051517731,847.4447062108501,958.118408203125,17107326,0.0,0.0
2012-11-09 00:00:00+09:00,939.1457581947692,942.3078338915161,891.714138764734,917.010986328125,5736982,0.0,0.0
2012-11-12 00:00:00+09:00,920.1730500754095,1030.8468273082703,904.3625911338526,961.280517578125,12797163,0.0,0.0
2012-11-13 00:00:00+09:00,970.7669505086237,1059.3059675903278,958.1184849270312,1005.5501098632812,15989692,0.0,0.0
2012-11-14 00:00:00+09:00,1021.3606094837038,1049.8195348765917,980.2532190296582,1015.036376953125,7529341,0.0,0.0
2012-11-15 00:00:00+09:00,948.6319686388435,986.5772764231242,863.255126953125,863.255126953125,8980210,0.0,0.0
2012-11-16 00:00:00+09:00,837.9583151622206,866.4173200325076,736.7709215415142,743.0951538085938,11020055,0.0,0.0
2012-11-19 00:00:00+09:00,743.0951404055828,796.8509120483264,736.7709082525719,749.4193725585938,7047681,0.0,0.0
2012-11-20 00:00:00+09:00,768.3920088343781,781.0403928143766,736.7709278896689,758.9057006835938,3722624,0.0,0.0
2012-11-21 00:00:00+09:00,758.9057262095887,815.8236576918864,749.4194177397299,784.2025756835938,8569468,0.0,0.0
2012-11-22 00:00:00+09:00,790.5266013192984,803.174982414363,762.0676026949369,774.716064453125,4295768,0.0,0.0
2012-11-23 00:00:00+09:00,774.7161399022373,787.3645222291198,695.663447872479,717.7982177734375,6922209,0.0,0.0
2012-11-26 00:00:00+09:00,698.8256453852918,796.8509683636515,692.501493448478,762.0678100585938,13546100,0.0,0.0
2012-11-27 00:00:00+09:00,752.5813856157235,774.7161559759311,727.2845397739721,739.9329223632812,4778768,0.0,0.0
2012-11-28 00:00:00+09:00,743.0952290007647,752.581538029712,701.9878360998935,736.77099609375,2724761,0.0,0.0
2012-11-29 00:00:00+09:00,743.0951126457254,774.7161915663695,717.7982656418375,724.1224975585938,7454829,0.0,0.0
2012-11-30 00:00:00+09:00,739.9329629009152,743.0951192188328,711.4740400184819,730.4466552734375,1886411,0.0,0.0
2012-12-03 00:00:00+09:00,730.446646081925,730.446646081925,648.2319137923785,667.2045288085938,3850891,0.0,0.0
2012-12-04 00:00:00+09:00,664.0424256366633,673.5287736588344,613.4487308446936,630.5241088867188,4908199,0.0,0.0
2012-12-05 00:00:00+09:00,623.5675678945889,635.5835539932378,559.6930008488744,608.3894653320312,3302445,0.0,0.0
2012-12-06 00:00:00+09:00,597.6381827915135,625.4647468036712,572.3413357488745,578.66552734375,2229039,0.0,0.0
2012-12-07 00:00:00+09:00,584.9898209599768,613.4487869669625,568.5468807477506,580.5628662109375,2196269,0.0,0.0
2012-12-10 00:00:00+09:00,575.5034520831796,623.567469561499,571.076497798128,582.4600830078125,3488378,0.0,0.0
2012-12-11 00:00:00+09:00,569.8117260250557,582.460151031705,495.18597412109375,495.18597412109375,5166250,0.0,0.0
2012-12-12 00:00:00+09:00,474.94851830939865,517.32074813141,474.94851830939865,495.18597412109375,2709967,0.0,0.0
2012-12-13 00:00:00+09:00,496.45082214084437,524.2773899561444,495.8184230607091,502.7750549316406,1582825,0.0,0.0
2012-12-14 00:00:00+09:00,502.77502370886606,521.1152411990279,502.77502370886606,517.953125,1193764,0.0,0.0
2012-12-17 00:00:00+09:00,520.4827746229613,531.2339610714188,511.62890619264084,524.9097290039062,1760589,0.0,0.0
2012-12-18 00:00:00+09:00,524.2773159782749,530.6015075451255,500.87770635200684,512.2612915039062,1141789,0.0,0.0
2012-12-20 00:00:00+09:00,519.8503947921519,583.0925161423984,513.5261624913419,572.3413696289062,5537683,0.0,0.0
2012-12-21 00:00:00+09:00,559.6929823976405,567.2820132629466,518.5855907167252,526.1746215820312,2156696,0.0,0.0
2012-12-24 00:00:00+09:00,526.174534696811,573.6061512648506,516.6882275158297,538.822998046875,4549993,0.0,0.0
2012-12-26 00:00:00+09:00,533.7635866314738,568.5467790074393,533.7635866314738,559.69287109375,2336335,0.0,0.0
2012-12-27 00:00:00+09:00,559.0605371942954,641.9077591013663,556.5308602654321,598.2706909179688,12250609,0.0,0.0
2012-12-28 00:00:00+09:00,595.7409736575324,638.7456427745007,586.8871044065108,598.2706909179688,5899440,0.0,0.0
2013-01-02 00:00:00+09:00,610.2866149929415,638.7455784035745,602.0651456368851,632.42138671875,4941503,0.0,0.0
2013-01-03 00:00:00+09:00,651.3940590184081,664.0424838247447,614.713623046875,614.713623046875,3968966,0.0,0.0
2013-01-04 00:00:00+09:00,620.405341224255,626.7295730286604,614.7135487329172,619.1405029296875,1937717,0.0,0.0
2013-01-07 00:00:00+09:00,615.978427922221,616.6108672772762,592.578857421875,592.578857421875,1933385,0.0,0.0
2013-01-08 00:00:00+09:00,610.2866157049483,679.8529663085938,606.4921006896267,679.8529663085938,13697162,0.0,0.0
2013-01-09 00:00:00+09:00,758.9057006835938,781.0403928143766,717.7983115881002,758.9057006835938,22720523,0.0,0.0
2013-01-10 00:00:00+09:00,739.9330229533118,777.878337205973,727.2846386445209,768.3920288085938,14471225,0.0,0.0
2013-01-11 00:00:00+09:00,746.2570658287635,796.8507515352688,736.7707598416841,774.716064453125,11101801,0.0,0.0
2013-01-14 00:00:00+09:00,765.2299264118012,777.8783102828189,730.4466892744348,743.0951538085938,4346877,0.0,0.0
2013-01-15 00:00:00+09:00,739.9330817599592,781.0404751910681,714.63623046875,714.63623046875,9873321,0.0,0.0
2013-01-16 00:00:00+09:00,717.7983454994492,758.9057365370022,705.1498802587503,733.60888671875,8039769,0.0,0.0
2013-01-17 00:00:00+09:00,746.2571539895024,774.7161559759311,717.7982326662069,739.9329223632812,9605250,0.0,0.0
2013-01-18 00:00:00+09:00,768.3920309646071,850.6068115234375,768.3920309646071,850.6068115234375,14817327,0.0,0.0
2013-01-21 00:00:00+09:00,879.0656059775669,907.5246076775842,856.930916503256,872.741455078125,20889525,0.0,0.0
2013-01-22 00:00:00+09:00,882.2278439724018,926.4973076929261,834.796223845536,844.2825317382812,12479739,0.0,0.0
2013-01-23 00:00:00+09:00,844.2824355688801,970.766741499783,844.2824355688801,891.7140502929688,25884446,0.0,0.0
2013-01-24 00:00:00+09:00,904.3626315120841,920.1730911595507,809.4993896484376,809.4993896484375,10330448,0.0,0.0
2013-01-25 00:00:00+09:00,831.6340671427513,888.5519896214022,812.661372541113,834.796142578125,12887152,0.0,0.0
2013-01-28 00:00:00+09:00,935.9836355394134,958.118408203125,935.9836355394134,958.118408203125,2973506,0.0,0.0
2013-01-29 00:00:00+09:00,980.2531598912838,1002.3879320813534,885.3899196451055,910.686767578125,26372951,0.0,0.0
2013-01-30 00:00:00+09:00,920.1730429996277,958.1183538917368,894.8761959592673,945.469970703125,10818086,0.0,0.0
2013-01-31 00:00:00+09:00,932.8215261381367,958.1183737015278,917.010986328125,917.010986328125,7221230,0.0,0.0
2013-02-01 00:00:00+09:00,917.0109997271649,970.7668519992939,907.524691835175,910.686767578125,8952433,0.0,0.0
2013-02-04 00:00:00+09:00,961.2805517823366,983.4152434859936,888.552083145551,898.0383911132812,9730963,0.0,0.0
2013-02-05 00:00:00+09:00,885.3899472726603,901.2004878070394,834.7962498279041,869.5794067382812,5915734,0.0,0.0
2013-02-06 00:00:00+09:00,875.9035120516058,898.03828172214,860.092973810243,891.7140502929688,4368518,0.0,0.0
2013-02-07 00:00:00+09:00,898.0383969690081,942.3078613281249,875.9036244578791,942.307861328125,6491181,0.0,0.0
2013-02-08 00:00:00+09:00,910.6867748492081,932.8215472160056,891.7141589137476,898.0383911132812,4488545,0.0,0.0
2013-02-12 00:00:00+09:00,894.8764205543793,917.0111975187332,879.0658771031489,913.84912109375,3510714,0.0,0.0
2013-02-13 00:00:00+09:00,917.0110337297401,932.8215743570214,901.200493102459,923.3352661132812,3719574,0.0,0.0
2013-02-14 00:00:00+09:00,929.6596645449804,932.8217409699636,901.2006540675029,913.84912109375,2849200,0.0,0.0
2013-02-15 00:00:00+09:00,913.8490233400832,945.4701068600632,894.8763248302063,939.1458740234375,4643498,0.0,0.0
2013-02-18 00:00:00+09:00,1078.2785142864743,1078.2785142864743,942.3078812232524,951.794189453125,24911960,0.0,0.0
2013-02-19 00:00:00+09:00,954.956298828125,983.4152221127996,926.4972948803116,954.956298828125,6322664,0.0,0.0
2013-02-20 00:00:00+09:00,992.9016076911345,999.2258402488692,948.6321411132812,948.6321411132812,5756901,0.0,0.0
2013-02-21 00:00:00+09:00,961.28051241647,977.0909712731316,806.3372735203245,818.9856567382812,10542823,0.0,0.0
2013-02-22 00:00:00+09:00,818.985663597325,834.7962032495378,758.9056613167993,806.3372802734375,7009073,0.0,0.0
2013-02-25 00:00:00+09:00,837.9582065613108,847.4445940640476,787.3645163079921,790.5266723632812,6736482,0.0,0.0
2013-02-26 00:00:00+09:00,777.8782766341994,806.3372802734375,765.2298933103119,806.3372802734375,2519264,0.0,0.0
2013-02-27 00:00:00+09:00,834.7962032495378,856.9309748952633,806.3372802734375,806.3372802734375,5264726,0.0,0.0
2013-02-28 00:00:00+09:00,809.4993896484376,828.4720057559105,793.6888493378298,809.4993896484375,1704098,0.0,0.0
2013-03-04 00:00:00+09:00,828.4720626138379,831.6342192908626,768.39205370813,793.6889038085938,2633825,0.0,0.0
2013-03-05 00:00:00+09:00,800.0131364994962,812.6615212181548,781.0404384267886,793.6889038085938,2201017,0.0,0.0
2013-03-06 00:00:00+09:00,800.0132971738828,856.9312414970925,787.3648292517639,828.4722290039062,7096914,0.0,0.0
2013-03-07 00:00:00+09:00,822.1478730560034,856.9310302734375,815.8236406537945,856.9310302734375,4132263,0.0,0.0
2013-03-08 00:00:00+09:00,853.7688598632812,860.0930921626937,841.1204759275981,853.7688598632812,1747144,0.0,0.0
2013-03-11 00:00:00+09:00,863.2552486439707,875.9036325796537,822.1478596925026,853.7688598632812,3136711,0.0,0.0
2013-03-12 00:00:00+09:00,860.0931451327625,980.2532435692632,853.7689124438632,875.9036865234375,17103412,0.0,0.0
2013-03-13 00:00:00+09:00,894.8761384910084,913.8488330502196,885.3898315429688,885.3898315429688,3147108,0.0,0.0
2013-03-14 00:00:00+09:00,885.3901106162725,913.84912109375,863.2554143150757,913.84912109375,3469134,0.0,0.0
2013-03-15 00:00:00+09:00,932.8215602793225,1021.3605703232803,920.173095703125,920.173095703125,14308192,0.0,0.0
2013-03-18 00:00:00+09:00,935.983524467668,945.4699121000531,834.796142578125,834.796142578125,4037954,0.0,0.0
2013-03-19 00:00:00+09:00,847.4446756945844,951.7941416448954,837.9582872780665,917.010986328125,11524980,0.0,0.0
2013-03-20 00:00:00+09:00,910.6869640056096,926.49750745684,885.3901106162725,913.84912109375,3322061,0.0,0.0
2013-03-21 00:00:00+09:00,913.8489114192803,977.0909900507146,904.362603657722,954.956298828125,7190144,0.0,0.0
2013-03-22 00:00:00+09:00,980.2532232388099,999.2258402488692,935.9836759978118,948.6321411132812,6120254,0.0,0.0
2013-03-25 00:00:00+09:00,939.14577242918,986.5773925781251,939.14577242918,986.577392578125,3127966,0.0,0.0
2013-03-26 00:00:00+09:00,1011.8741549167206,1027.6846936287402,954.9562316860768,967.6046142578125,5839279,0.0,0.0
2013-03-27 00:00:00+09:00,967.6048007935302,967.6048007935302,913.8490233400832,939.1458740234375,2674156,0.0,0.0
2013-03-28 00:00:00+09:00,954.9563473678437,1030.846893980908,923.3352661132812,923.3352661132812,12826856,0.0,0.0
2013-03-29 00:00:00+09:00,932.8215059147749,951.7941210102115,929.6594302865811,935.9835815429688,2244647,0.0,0.0
2013-04-01 00:00:00+09:00,954.9563052374131,954.9563052374131,926.4973010985942,932.821533203125,1399297,0.0,0.0
2013-04-02 00:00:00+09:00,923.3352183847575,945.4699902514016,879.0656746514692,917.010986328125,2175867,0.0,0.0
2013-04-03 00:00:00+09:00,910.6868227369296,920.1731312034896,888.5521298693377,894.8762817382812,1385879,0.0,0.0
2013-04-04 00:00:00+09:00,910.6868249020127,913.848981507147,806.3373508586258,866.4173583984375,2076249,0.0,0.0
2013-04-05 00:00:00+09:00,866.4173544873316,875.9036629336223,809.4994231464433,822.1478881835938,2105878,0.0,0.0
2013-04-08 00:00:00+09:00,825.3099598560134,850.6068091367395,768.3920288085938,768.3920288085938,1531234,0.0,0.0
2013-04-09 00:00:00+09:00,749.4194422305419,777.8783685701479,708.3120504090127,727.28466796875,2355783,0.0,0.0
2013-04-10 00:00:00+09:00,733.608684733699,812.6612884014422,733.608684733699,774.716064453125,3791851,0.0,0.0
2013-04-11 00:00:00+09:00,790.5267604529108,818.9856841429508,781.040371893091,815.8236083984375,1847015,0.0,0.0
2013-04-12 00:00:00+09:00,809.4993491590294,828.4719643175331,806.3372735203245,818.9856567382812,1105050,0.0,0.0
2013-04-15 00:00:00+09:00,818.9856040749925,847.4446056458838,809.4992971057393,834.796142578125,1263008,0.0,0.0
2013-04-16 00:00:00+09:00,825.3098019273424,834.7961085094521,796.8508015178847,831.634033203125,1319032,0.0,0.0
2013-04-17 00:00:00+09:00,841.1204563439641,847.4446884961307,803.1751440941042,815.8236083984375,1131465,0.0,0.0
2013-04-18 00:00:00+09:00,803.174982414363,806.3371381854718,774.716064453125,774.716064453125,1002443,0.0,0.0
2013-04-19 00:00:00+09:00,774.7162672137349,784.2025756835938,749.4194177397299,784.2025756835938,921299,0.0,0.0
2013-04-22 00:00:00+09:00,784.2025412840934,809.4993896484376,774.7162332303569,809.4993896484375,841332,0.0,0.0
2013-04-23 00:00:00+09:00,806.3373691903988,815.8236778951795,787.3646711176912,793.6889038085938,641353,0.0,0.0
2013-04-24 00:00:00+09:00,818.9856040749925,901.2003720260291,818.9856040749925,834.796142578125,7516507,0.0,0.0
2013-04-25 00:00:00+09:00,850.6067840451459,910.6867892317094,844.2825517457335,853.7688598632812,5981035,0.0,0.0
2013-04-26 00:00:00+09:00,860.0930985502822,875.9036390846613,847.4447145206643,869.5794067382812,1961313,0.0,0.0
2013-04-29 00:00:00+09:00,882.2277561146661,923.3351399982593,860.0929861271524,885.3898315429688,3309864,0.0,0.0
2013-04-30 00:00:00+09:00,894.876144552436,898.0383006652892,866.417223515551,872.741455078125,985899,0.0,0.0
2013-05-02 00:00:00+09:00,879.0656221134842,904.362548828125,869.5793149270609,904.362548828125,1209549,0.0,0.0
2013-05-03 00:00:00+09:00,904.3628111556433,929.6596645449804,894.8764205543793,913.84912109375,2060929,0.0,0.0
2013-05-06 00:00:00+09:00,926.4974123150473,926.4974123150473,898.0384854231672,901.2005615234375,834114,0.0,0.0
2013-05-07 00:00:00+09:00,910.6867542714926,939.1457581947692,907.5246785747457,917.010986328125,1642604,0.0,0.0
2013-05-08 00:00:00+09:00,932.8215743570214,964.4426556115839,913.8489578695411,923.3352661132812,1839707,0.0,0.0
2013-05-09 00:00:00+09:00,1024.5226384687285,1030.8468707094996,939.1457855393098,942.307861328125,4796106,0.0,0.0
2013-05-10 00:00:00+09:00,942.3079142343864,992.9016136748784,907.5247559519413,964.4426879882812,3383291,0.0,0.0
2013-05-13 00:00:00+09:00,986.5774251015257,1043.4953550239818,964.4426521696976,1027.684814453125,6388802,0.0,0.0
2013-05-14 00:00:00+09:00,1034.0089658593672,1046.6574305777428,986.5774248233146,1018.1984252929688,3385629,0.0,0.0
2013-05-15 00:00:00+09:00,1024.5225917806529,1103.575289529965,1005.549976586073,1078.2784423828125,10640440,0.0,0.0
2013-05-16 00:00:00+09:00,1078.278352498073,1081.4404278792017,999.2256613385534,1002.3878173828125,4270690,0.0,0.0
2013-05-20 00:00:00+09:00,999.2256916818517,999.2256916818517,964.4425387806618,967.6046142578125,1919811,0.0,0.0
2013-05-21 00:00:00+09:00,980.2532870871105,1002.388062149347,973.92905411745,992.9016723632812,1132548,0.0,0.0
2013-05-22 00:00:00+09:00,980.2532073072219,1027.6848297246315,980.2532073072219,983.415283203125,1542133,0.0,0.0
2013-05-23 00:00:00+09:00,1002.388062149347,1049.8196077639248,986.577520056771,992.9016723632812,3141973,0.0,0.0
2013-05-24 00:00:00+09:00,999.2258088785478,1043.49535472972,986.5774248233146,1018.1984252929688,2914418,0.0,0.0
2013-05-27 00:00:00+09:00,1021.3606234370804,1037.1711646479519,999.2258496092313,1008.712158203125,1826340,0.0,0.0
2013-05-28 00:00:00+09:00,1015.0363368827387,1018.1984126916273,973.9289480514814,996.063720703125,1485791,0.0,0.0
2013-05-29 00:00:00+09:00,992.9014299131658,1002.3878173828126,980.253047725521,1002.3878173828125,1245512,0.0,0.0
2013-05-30 00:00:00+09:00,1005.5500847310615,1011.874317363793,980.2532348632812,980.2532348632812,929752,0.0,0.0
2013-05-31 00:00:00+09:00,980.2532232388099,992.9016076911345,920.1731349350474,948.6321411132812,1423706,0.0,0.0
2013-06-03 00:00:00+09:00,939.1457387772507,961.2805101862424,923.3351992941334,945.469970703125,882787,0.0,0.0
2013-06-04 00:00:00+09:00,939.1457464252355,999.2257485524641,929.6594387907402,989.7394409179688,1364418,0.0,0.0
2013-06-05 00:00:00+09:00,992.9016076911345,1043.4953874898674,948.6321411132812,948.6321411132812,5458605,0.0,0.0
2013-06-07 00:00:00+09:00,942.3078683798999,958.1184087685759,904.3626359775905,920.173095703125,1485336,0.0,0.0
2013-06-10 00:00:00+09:00,907.5246785747457,939.1457581947692,904.3626028779988,917.010986328125,866958,0.0,0.0
2013-06-11 00:00:00+09:00,910.6867345280077,945.4699697538239,891.7141194325711,935.9835815429688,978909,0.0,0.0
2013-06-12 00:00:00+09:00,923.3352191808385,970.7668386517682,917.0109871187535,954.956298828125,825936,0.0,0.0
2013-06-13 00:00:00+09:00,964.4424515115952,973.9287577477972,926.4971459036612,929.6593017578125,609521,0.0,0.0
2013-06-14 00:00:00+09:00,932.8214237452538,948.6319618197923,898.0382722465209,926.4971923828125,726610,0.0,0.0
2013-06-17 00:00:00+09:00,939.1458780424266,939.1458780424266,898.0384854231672,901.2005615234375,498418,0.0,0.0
2013-06-18 00:00:00+09:00,901.200557666832,954.9564157834274,891.7142487434677,939.1458740234375,1077968,0.0,0.0
2013-06-19 00:00:00+09:00,961.2806062287507,989.7395317438396,939.1458326082517,948.6321411132812,2921370,0.0,0.0
2013-06-20 00:00:00+09:00,929.6593478167057,977.0908813476562,913.8488097520122,977.0908813476562,1460998,0.0,0.0
2013-06-21 00:00:00+09:00,999.2257485524641,1015.0362881643355,939.1457464252355,989.7394409179688,4149543,0.0,0.0
2013-06-24 00:00:00+09:00,1005.5499232992862,1043.4952323407597,967.6046142578126,967.6046142578125,5004266,0.0,0.0
2013-06-25 00:00:00+09:00,939.1457259461915,967.6046482291011,825.3098754882812,825.3098754882812,3120570,0.0,0.0
2013-06-26 00:00:00+09:00,856.9310227086632,891.7141796190404,837.958325669523,869.5794067382812,1728825,0.0,0.0
2013-06-27 00:00:00+09:00,885.3899066286793,898.0383707408096,869.579366820086,888.5520629882812,1362161,0.0,0.0
2013-06-28 00:00:00+09:00,898.03828172214,901.2003571051603,872.7414366685855,891.7140502929688,1249211,0.0,0.0
2013-07-01 00:00:00+09:00,901.2003571051603,920.1729707295435,885.3898188637975,891.7140502929688,1209151,0.0,0.0
2013-07-02 00:00:00+09:00,894.876144552436,901.20037611501,853.7687603904027,872.741455078125,912631,0.0,0.0
2013-07-03 00:00:00+09:00,872.7415360796566,879.0656875660603,844.2825317382812,844.2825317382812,478798,0.0,0.0
2013-07-04 00:00:00+09:00,847.4447082270106,891.7141729966139,844.2825517457335,853.7688598632812,1134399,0.0,0.0
2013-07-05 00:00:00+09:00,856.9310105802608,863.2552428371322,809.4993896484376,809.4993896484375,892953,0.0,0.0
2013-07-08 00:00:00+09:00,825.3099747318956,825.3099747318956,743.0951929218613,762.0678100585938,1506946,0.0,0.0
2013-07-09 00:00:00+09:00,771.5541047200054,787.3646456033523,758.9057204112145,768.3920288085938,662120,0.0,0.0
2013-07-10 00:00:00+09:00,774.7162205074978,777.8782962524334,746.2572161505184,749.4193725585938,344943,0.0,0.0
2013-07-11 00:00:00+09:00,752.5815205659612,774.7162948952976,746.2572878057011,771.5541381835938,525899,0.0,0.0
2013-07-12 00:00:00+09:00,781.0403457581368,831.6341206193752,774.716194480727,818.9856567382812,1506903,0.0,0.0
2013-07-15 00:00:00+09:00,822.1479589833401,825.3100351833596,800.01318359375,800.01318359375,442714,0.0,0.0
2013-07-16 00:00:00+09:00,806.3373471684015,822.1478881322805,800.0131146502209,812.6614990234375,362838,0.0,0.0
2013-07-17 00:00:00+09:00,828.4720400390246,828.4720400390246,806.3373472187279,822.1478881835938,308555,0.0,0.0
2013-07-18 00:00:00+09:00,822.1477999001144,831.6341073277509,812.661411809342,825.3098754882812,340051,0.0,0.0
2013-07-19 00:00:00+09:00,825.3098811209243,847.4446523785673,803.1751098632812,803.1751098632812,493388,0.0,0.0
2013-07-22 00:00:00+09:00,803.1750655718599,837.9582180134988,790.5266831672329,834.796142578125,711003,0.0,0.0
2013-07-23 00:00:00+09:00,828.4720247950692,856.9310302734375,822.1478730560034,856.9310302734375,841626,0.0,0.0
2013-07-24 00:00:00+09:00,853.7688598632812,872.7415567615184,844.2825517457335,853.7688598632812,313398,0.0,0.0
2013-07-25 00:00:00+09:00,853.7688270880782,951.7941416448954,841.120443637952,917.010986328125,5375381,0.0,0.0
2013-07-26 00:00:00+09:00,917.010986328125,945.4699902514016,898.0383708213665,917.010986328125,2003538,0.0,0.0
2013-07-29 00:00:00+09:00,929.6594775097234,977.0910176576554,923.3352452689521,942.307861328125,2269608,0.0,0.0
2013-07-30 00:00:00+09:00,935.9836026418699,983.4152221127996,929.6594512429235,954.956298828125,1033499,0.0,0.0
2013-07-31 00:00:00+09:00,954.956298828125,986.5773784754115,945.4699910665668,954.956298828125,770243,0.0,0.0
2013-08-01 00:00:00+09:00,961.2806486200531,964.4427247067916,939.1458740234375,939.1458740234375,366145,0.0,0.0
2013-08-02 00:00:00+09:00,945.469970703125,964.4425858176111,929.6594312200077,945.469970703125,568801,0.0,0.0
2013-08-05 00:00:00+09:00,958.1183497322553,1075.1162768688907,948.6320422161951,1024.5225830078125,5854480,0.0,0.0
2013-08-06 00:00:00+09:00,1021.3604201940497,1024.5224955417364,977.0908813476562,977.0908813476562,1506745,0.0,0.0
2013-08-07 00:00:00+09:00,964.4426879882812,996.0637703043751,964.4426879882812,964.4426879882812,768216,0.0,0.0
2013-08-08 00:00:00+09:00,980.2532291463282,1011.874311462422,951.7942227965855,964.4426879882812,2318994,0.0,0.0
2013-08-09 00:00:00+09:00,964.4425529575707,986.5773236123968,961.2804774339388,970.7667846679688,563670,0.0,0.0
2013-08-12 00:00:00+09:00,970.7668177434855,980.2531253007285,942.3078144086194,945.469970703125,888116,0.0,0.0
2013-08-13 00:00:00+09:00,958.1184553924334,970.7669205841291,932.8216056721874,964.4426879882812,1010183,0.0,0.0
2013-08-14 00:00:00+09:00,958.1184496183108,970.7669147337804,948.6321411132812,948.6321411132812,580807,0.0,0.0
2013-08-16 00:00:00+09:00,929.6594312200077,964.4425858176111,929.6594312200077,945.469970703125,515767,0.0,0.0
2013-08-19 00:00:00+09:00,948.6321135975484,970.766886576013,948.6321135975484,951.794189453125,625675,0.0,0.0
2013-08-20 00:00:00+09:00,961.2805300614133,961.2805300614133,894.8762144614809,917.010986328125,1033939,0.0,0.0
2013-08-21 00:00:00+09:00,910.6868249020127,917.0110574491363,847.4447414202117,866.4173583984375,952587,0.0,0.0
2013-08-22 00:00:00+09:00,847.4446881446229,866.4173039301132,837.9582995887379,844.2825317382812,478878,0.0,0.0
2013-08-23 00:00:00+09:00,841.1205277292112,882.2279192123368,841.1205277292112,875.9036865234375,374903,0.0,0.0
2013-08-26 00:00:00+09:00,891.7140630627058,891.7140630627058,869.579293075192,885.3898315429688,340101,0.0,0.0
2013-08-27 00:00:00+09:00,882.22776209042,891.714069102715,863.2551480658301,872.741455078125,233640,0.0,0.0
2013-08-28 00:00:00+09:00,850.6068687130432,882.2279526944701,850.6068687130432,879.0657958984375,426317,0.0,0.0
2013-08-29 00:00:00+09:00,891.7140630627058,910.6866769587851,882.2277561146661,885.3898315429688,339268,0.0,0.0
2013-08-30 00:00:00+09:00,898.03828172214,901.2003571051603,879.0655874346262,891.7140502929688,227639,0.0,0.0
2013-09-02 00:00:00+09:00,891.7140408840796,967.6045752439867,891.7140408840796,926.4971923828125,1457945,0.0,0.0
2013-09-03 00:00:00+09:00,926.4973076191548,939.1457719172345,907.524691835175,910.686767578125,442882,0.0,0.0
2013-09-04 00:00:00+09:00,910.686767578125,913.8489239842148,898.0383839431852,910.686767578125,170724,0.0,0.0
2013-09-05 00:00:00+09:00,920.1731032551446,923.3352597567172,898.0384110598482,907.5247192382812,484074,0.0,0.0
2013-09-06 00:00:00+09:00,910.686654308274,989.7393446809666,894.8761162337354,926.4971923828125,4628983,0.0,0.0
2013-09-09 00:00:00+09:00,932.8215068513764,980.2531253007285,929.6594312200077,945.469970703125,1556947,0.0,0.0
2013-09-10 00:00:00+09:00,954.956340793589,989.7394976688911,901.2004868982784,907.5247192382812,2136263,0.0,0.0
2013-09-11 00:00:00+09:00,923.3352183847575,945.4699902514016,913.8489106313782,917.010986328125,718393,0.0,0.0
2013-09-12 00:00:00+09:00,913.8488199635028,923.3351267756944,891.7140502929688,891.7140502929688,659284,0.0,0.0
2013-09-13 00:00:00+09:00,888.5521298693377,901.2005142703696,882.2278973372495,894.8762817382812,378963,0.0,0.0
2013-09-16 00:00:00+09:00,894.876144552436,910.6866831273051,869.5792989652718,872.741455078125,542739,0.0,0.0
2013-09-17 00:00:00+09:00,879.0657625363139,888.5521519012362,863.2553018087856,875.9036865234375,274503,0.0,0.0
2013-09-23 00:00:00+09:00,879.0656000232317,891.7140630627058,872.7414491666265,885.3898315429688,243933,0.0,0.0
2013-09-24 00:00:00+09:00,872.741643632672,888.5521856233854,853.7689448459261,879.0657958984375,618863,0.0,0.0
2013-09-25 00:00:00+09:00,872.7414491666265,891.7140630627058,872.7414491666265,885.3898315429688,334523,0.0,0.0
2013-09-26 00:00:00+09:00,885.3899753766633,885.3899753766633,866.4173583984375,866.4173583984375,271744,0.0,0.0
2013-09-27 00:00:00+09:00,872.741643632672,888.5521856233854,860.0931777748414,879.0657958984375,298529,0.0,0.0
2013-09-30 00:00:00+09:00,875.9036187811712,894.876234717383,860.0930786132812,860.0930786132812,446234,0.0,0.0
2013-10-01 00:00:00+09:00,866.417223515551,879.0656059775669,847.4446094909609,872.741455078125,499452,0.0,0.0
2013-10-02 00:00:00+09:00,869.5792989652718,879.0656059775669,860.0929919529768,872.741455078125,145070,0.0,0.0
2013-10-04 00:00:00+09:00,872.7414491666265,910.6866769587851,863.2551422185868,885.3898315429688,1397933,0.0,0.0
2013-10-07 00:00:00+09:00,898.0384404709105,898.0384404709105,863.2552824564482,866.4173583984375,399656,0.0,0.0
2013-10-08 00:00:00+09:00,860.0930786132812,872.7415430128493,844.2825384453912,860.0930786132812,426500,0.0,0.0
2013-10-10 00:00:00+09:00,863.2552824564482,872.741590945561,853.7688933041903,866.4173583984375,216132,0.0,0.0
2013-10-11 00:00:00+09:00,863.2553018087856,885.3899952252132,860.0931451327625,875.9036865234375,395241,0.0,0.0
2013-10-14 00:00:00+09:00,866.4173308966623,879.0657149262802,860.0930985502822,869.5794067382812,190933,0.0,0.0
2013-10-15 00:00:00+09:00,869.5794067382812,879.0657149262802,856.9310227086632,869.5794067382812,241447,0.0,0.0
2013-10-16 00:00:00+09:00,869.5792061548383,869.5792061548383,844.2823632676134,847.4445190429688,338997,0.0,0.0
2013-10-17 00:00:00+09:00,850.6068134693762,853.7688893968943,803.1751905777389,812.6614990234375,639082,0.0,0.0
2013-10-18 00:00:00+09:00,815.8234452681567,847.4445190429688,803.1749834929823,847.4445190429688,286239,0.0,0.0
2013-10-21 00:00:00+09:00,837.9581323800262,850.6065941552005,834.7960572677945,847.4445190429688,161209,0.0,0.0
2013-10-22 00:00:00+09:00,844.2825452389535,847.4447016958602,831.6341614007499,837.9583129882812,160408,0.0,0.0
2013-10-23 00:00:00+09:00,841.1204563439641,863.2552285449773,815.8236083984375,815.8236083984375,304182,0.0,0.0
2013-10-24 00:00:00+09:00,818.9856841429508,825.3099162951174,815.8236083984375,815.8236083984375,197937,0.0,0.0
2013-10-25 00:00:00+09:00,815.8236556141001,822.1478881322805,803.1751905777389,812.6614990234375,405829,0.0,0.0
2013-10-28 00:00:00+09:00,818.9856436488116,825.3098754882812,803.1751043817054,825.3098754882812,248380,0.0,0.0
2013-10-29 00:00:00+09:00,825.310152354958,831.6343863160174,818.9859183938984,828.4722290039062,139196,0.0,0.0
2013-10-30 00:00:00+09:00,825.3099162951174,828.4719920396309,809.4993762462709,815.8236083984375,217541,0.0,0.0
2013-10-31 00:00:00+09:00,812.6613614346514,818.985592882099,787.3645163079921,790.5266723632812,465944,0.0,0.0
2013-11-01 00:00:00+09:00,787.3645761665217,793.6888080947621,774.716192973178,781.0403442382812,339232,0.0,0.0
2013-11-04 00:00:00+09:00,784.2023704402043,796.8507515352688,771.5539086820162,774.716064453125,293102,0.0,0.0
2013-11-05 00:00:00+09:00,774.716064453125,781.0402146690955,765.2297584660457,774.716064453125,256003,0.0,0.0
2013-11-06 00:00:00+09:00,765.2299587438761,831.6341986960327,765.2299587438761,784.2025756835938,669714,0.0,0.0
2013-11-07 00:00:00+09:00,784.2026412673501,800.01318359375,784.2026412673501,800.01318359375,263045,0.0,0.0
2013-11-08 00:00:00+09:00,787.3645163079921,803.1750545950456,781.0402848605445,790.5266723632812,216593,0.0,0.0
2013-11-11 00:00:00+09:00,790.526802177908,796.8509540007316,758.9057204112145,768.3920288085938,279309,0.0,0.0
2013-11-12 00:00:00+09:00,758.9057533262212,774.7162948952976,752.5815205659612,771.5541381835938,95040,0.0,0.0
2013-11-13 00:00:00+09:00,790.5267676080858,815.823615782578,765.2299194335938,765.2299194335938,479201,0.0,0.0
2013-11-14 00:00:00+09:00,768.3920482956341,809.4994395022235,762.0678156492789,777.8783569335938,566273,0.0,0.0
2013-11-15 00:00:00+09:00,787.3646711176912,803.1752125133743,784.2025951038131,793.6889038085938,245473,0.0,0.0
2013-11-18 00:00:00+09:00,793.6888080947621,796.8508837273138,777.8782686057297,781.0403442382812,175497,0.0,0.0
2013-11-19 00:00:00+09:00,784.2025756835938,806.3373492220276,768.3920346794475,784.2025756835938,428269,0.0,0.0
2013-11-20 00:00:00+09:00,787.3646240234375,793.6888563360719,771.5540835734225,787.3646240234375,136799,0.0,0.0
2013-11-21 00:00:00+09:00,784.2025353986777,787.3646111718115,762.0677629973194,765.2299194335938,157994,0.0,0.0
2013-11-22 00:00:00+09:00,771.5540360034469,781.0403435559515,743.0951133459329,752.5814208984375,265472,0.0,0.0
2013-11-25 00:00:00+09:00,746.2572161505184,762.067756201476,746.2572161505184,749.4193725585938,131735,0.0,0.0
2013-11-26 00:00:00+09:00,749.4193925328094,762.0677765128078,739.933003718883,758.9057006835938,152876,0.0,0.0
2013-11-27 00:00:00+09:00,758.9056528211529,765.2298847438683,749.4193452686483,752.5814208984375,143924,0.0,0.0
2013-11-28 00:00:00+09:00,752.5814936753012,790.5268082178812,749.4194177397299,784.2025756835938,502196,0.0,0.0
2013-11-29 00:00:00+09:00,796.8509321608182,796.8509321608182,777.8783158860568,787.3646240234375,396870,0.0,0.0
2013-12-02 00:00:00+09:00,793.6888841534526,793.6888841534526,777.8783431493064,784.2025756835938,207179,0.0,0.0
2013-12-03 00:00:00+09:00,790.5265581372946,796.8507080078125,777.8780970700204,796.8507080078125,251767,0.0,0.0
2013-12-04 00:00:00+09:00,796.8509119419376,837.9582999363108,796.8509119419376,815.8236083984375,906391,0.0,0.0
2013-12-05 00:00:00+09:00,815.8235174899406,828.471899721705,790.5266723632812,790.5266723632812,315100,0.0,0.0
2013-12-06 00:00:00+09:00,777.8781395611103,793.6886764272837,771.5539086820162,774.716064453125,687332,0.0,0.0
2013-12-09 00:00:00+09:00,777.8783569335939,793.6888982179087,774.7162809419893,777.8783569335938,207373,0.0,0.0
2013-12-10 00:00:00+09:00,784.2026037041138,787.3646797526701,768.3920621350375,771.5541381835938,258940,0.0,0.0
2013-12-11 00:00:00+09:00,768.3919026287803,796.850823147598,765.2298272366219,790.5266723632812,294087,0.0,0.0
2013-12-12 00:00:00+09:00,796.8511398617717,841.1206969260252,784.2027526028156,828.4722290039062,972784,0.0,0.0
2013-12-13 00:00:00+09:00,834.7961298903651,847.4445927658846,812.6613601897715,841.120361328125,401981,0.0,0.0
2013-12-16 00:00:00+09:00,837.9582180134988,844.2824495473782,812.661372541113,834.796142578125,290932,0.0,0.0
2013-12-17 00:00:00+09:00,834.7962436281857,853.7688598632812,825.309935510638,853.7688598632812,283630,0.0,0.0
2013-12-18 00:00:00+09:00,847.4447016958602,863.2552419909706,837.9583129882812,837.9583129882812,338134,0.0,0.0
2013-12-19 00:00:00+09:00,828.4719920396309,837.9582999363108,815.8236083984375,815.8236083984375,300086,0.0,0.0
2013-12-20 00:00:00+09:00,828.4720400390246,834.7962725575998,803.175190627868,822.1478881835938,158002,0.0,0.0
2013-12-23 00:00:00+09:00,815.8235810995764,825.3098886788282,803.1751172184826,818.9856567382812,266408,0.0,0.0
2013-12-24 00:00:00+09:00,818.9857315927339,822.1478881835938,800.0131147001526,822.1478881835938,193335,0.0,0.0
2013-12-26 00:00:00+09:00,828.4722290039062,834.7964629649657,812.6616844328389,828.4722290039062,221975,0.0,0.0
2013-12-27 00:00:00+09:00,847.8137034443247,851.0372978007285,834.9191615538051,844.5900268554688,165717,23.926628,0.0
2013-12-30 00:00:00+09:00,844.5900781164565,851.0373494530227,825.248346339215,831.6956176757812,249136,0.0,0.0
2014-01-02 00:00:00+09:00,831.6956120081503,841.3664778308685,812.3537981302576,838.1428833007812,211735,0.0,0.0
2014-01-03 00:00:00+09:00,818.8010526676045,838.1428661497021,818.8010526676045,834.919189453125,104927,0.0,0.0
2014-01-06 00:00:00+09:00,834.9192065382375,863.9318862388485,818.8010694228884,838.1428833007812,441445,0.0,0.0
2014-01-07 00:00:00+09:00,838.1430569929228,838.1430569929228,815.5776439086111,828.4721069335938,178276,0.0,0.0
2014-01-08 00:00:00+09:00,828.4720376299238,831.6957147908563,815.5775756835936,815.5775756835938,296716,0.0,0.0
2014-01-09 00:00:00+09:00,818.801141227911,828.4720078987189,809.1302745571032,825.2484130859375,221220,0.0,0.0
2014-01-10 00:00:00+09:00,818.8011641730121,828.4720311148247,812.3538921343151,822.0248413085938,131371,0.0,0.0
2014-01-13 00:00:00+09:00,822.0248413085938,828.4720311148247,812.3538921343151,822.0248413085938,248338,0.0,0.0
2014-01-14 00:00:00+09:00,815.5775464151296,831.6956849439639,815.5775464151296,825.2484130859375,149017,0.0,0.0
2014-01-15 00:00:00+09:00,822.0249165373393,831.6957843641947,818.8012391067384,828.4721069335938,246700,0.0,0.0
2014-01-16 00:00:00+09:00,828.4720042629493,854.2610093494158,822.0248146656803,851.0374145507812,506167,0.0,0.0
2014-01-17 00:00:00+09:00,863.9319349283351,876.8263960078466,838.1429305368508,854.260986328125,455388,0.0,0.0
2014-01-20 00:00:00+09:00,854.2609710464743,886.4972465172785,847.8137817382812,847.8137817382812,1701428,0.0,0.0
2014-01-21 00:00:00+09:00,847.8139248197782,847.8139248197782,828.4721069335938,828.4721069335938,504427,0.0,0.0
2014-01-22 00:00:00+09:00,831.6957101841397,847.8138492021249,831.6957101841397,841.3665771484375,253830,0.0,0.0
2014-01-23 00:00:00+09:00,847.8137491234994,851.0373436535866,838.1428833007812,838.1428833007812,215626,0.0,0.0
2014-01-24 00:00:00+09:00,831.6957344754363,860.7083362156994,831.6957344754363,857.4847412109375,515450,0.0,0.0
2014-01-27 00:00:00+09:00,857.4847412109375,883.2737479464387,838.1430067174288,857.4847412109375,1076176,0.0,0.0
2014-01-28 00:00:00+09:00,860.7082425871271,860.7082425871271,834.9192386569756,847.8137817382812,423910,0.0,0.0
2014-01-29 00:00:00+09:00,844.5900842199641,896.1680908203125,838.1428950692638,896.1680908203125,1160156,0.0,0.0
2014-02-03 00:00:00+09:00,889.7209127505607,918.7335109874199,886.497235902604,905.8390502929688,1107432,0.0,0.0
2014-02-04 00:00:00+09:00,886.497279151713,902.6154174804688,886.497279151713,902.6154174804688,499109,0.0,0.0
2014-02-05 00:00:00+09:00,905.8391867509076,921.9573267213935,899.391914316219,912.286376953125,687196,0.0,0.0
2014-02-06 00:00:00+09:00,915.5097608815508,921.95703125,892.9443557082011,921.95703125,697285,0.0,0.0
2014-02-07 00:00:00+09:00,912.2863496867018,912.2863496867018,857.4847412109375,857.4847412109375,1902628,0.0,0.0
2014-02-10 00:00:00+09:00,857.4846149462176,863.9318862388485,831.6956120081503,838.1428833007812,582095,0.0,0.0
2014-02-11 00:00:00+09:00,844.5901464275531,847.8138234727982,822.0248182731561,825.2484130859375,512735,0.0,0.0
2014-02-12 00:00:00+09:00,825.2484427014579,838.1429868802546,812.3538985226611,815.5775756835938,841070,0.0,0.0
2014-02-13 00:00:00+09:00,818.8010922733374,828.4719583659424,802.6829547081762,812.3538208007812,724651,0.0,0.0
2014-02-14 00:00:00+09:00,812.3538921343151,825.2484362117092,809.1302972311996,822.0248413085938,356461,0.0,0.0
2014-02-17 00:00:00+09:00,828.4720376299238,831.6957147908563,812.3538985226611,815.5775756835938,421430,0.0,0.0
2014-02-18 00:00:00+09:00,815.5774804505943,851.0373494530227,815.5774804505943,831.6956176757812,959322,0.0,0.0
2014-02-19 00:00:00+09:00,838.1430569929228,841.3666521910501,822.0249165373393,828.4721069335938,271525,0.0,0.0
2014-02-20 00:00:00+09:00,822.0249165373393,841.3666521910501,822.0249165373393,828.4721069335938,215100,0.0,0.0
2014-02-21 00:00:00+09:00,831.6955949890029,870.3790574882881,825.2483238283037,834.919189453125,1334670,0.0,0.0
2014-02-24 00:00:00+09:00,838.1429531237798,851.0374145507812,831.6956812940473,851.0374145507812,445072,0.0,0.0
2014-02-25 00:00:00+09:00,857.4846207895888,892.9444897920172,825.248346339215,831.6956176757812,3031844,0.0,0.0
2014-02-26 00:00:00+09:00,838.1428382283825,838.1428382283825,818.8010253906249,818.801025390625,574123,0.0,0.0
2014-02-27 00:00:00+09:00,825.2484130859375,828.4720078987189,812.3538693698846,825.2484130859375,282142,0.0,0.0
2014-02-28 00:00:00+09:00,825.2484130859375,834.9192797567453,818.801141227911,825.2484130859375,273214,0.0,0.0
2014-03-03 00:00:00+09:00,825.2482963365442,831.6955672824633,812.3537544447057,818.801025390625,224970,0.0,0.0
2014-03-04 00:00:00+09:00,818.8012391067384,851.0375200179054,812.3539664780103,828.4721069335938,581723,0.0,0.0
2014-03-05 00:00:00+09:00,828.4720311148247,838.1429802891034,822.0248413085938,822.0248413085938,385097,0.0,0.0
2014-03-06 00:00:00+09:00,825.2483407155194,844.5900723609557,818.8010694228884,838.1428833007812,477314,0.0,0.0
2014-03-07 00:00:00+09:00,847.8137909639651,863.9319288747605,834.9192477423445,860.708251953125,596269,0.0,0.0
2014-03-10 00:00:00+09:00,867.15551412778,867.15551412778,844.590104851725,847.8137817382812,286710,0.0,0.0
2014-03-11 00:00:00+09:00,847.8138492021249,863.9319882201099,831.6957101841397,841.3665771484375,548182,0.0,0.0
2014-03-12 00:00:00+09:00,841.3666521910501,847.8139248197782,825.2485117354665,828.4721069335938,531568,0.0,0.0
2014-03-13 00:00:00+09:00,831.6956440028791,847.8137817382812,828.4719671163228,847.8137817382812,409788,0.0,0.0
2014-03-14 00:00:00+09:00,854.2610639737069,873.6028806996843,841.3666017221907,857.4847412109375,759613,0.0,0.0
2014-03-17 00:00:00+09:00,860.7083110770332,863.9319882201099,838.142982237827,841.3665771484375,382422,0.0,0.0
2014-03-18 00:00:00+09:00,844.5901140423297,860.708251953125,831.6956530531696,860.708251953125,390988,0.0,0.0
2014-03-19 00:00:00+09:00,860.7082579841112,873.602801296084,854.260986328125,854.260986328125,318234,0.0,0.0
2014-03-20 00:00:00+09:00,854.2610345730806,867.1555786132812,851.0374396792633,867.1555786132812,344818,0.0,0.0
2014-03-21 00:00:00+09:00,863.9318396912481,870.3790284040558,844.5900268554688,844.5900268554688,291086,0.0,0.0
2014-03-24 00:00:00+09:00,844.5900550779463,851.0373262386455,834.919189453125,834.919189453125,343276,0.0,0.0
2014-03-25 00:00:00+09:00,834.9191615538051,844.5900268554688,834.9191615538051,844.5900268554688,252036,0.0,0.0
2014-03-26 00:00:00+09:00,844.5900268554688,851.0372978007285,834.9191615538051,844.5900268554688,189812,0.0,0.0
2014-03-27 00:00:00+09:00,844.5901427210488,860.7082811791482,841.3665479224143,851.0374145507812,233737,0.0,0.0
2014-03-28 00:00:00+09:00,854.2610093494158,857.4846863805137,841.3665479224143,851.0374145507812,139063,0.0,0.0
2014-03-31 00:00:00+09:00,851.0373763923777,851.0373763923777,831.6956440028791,847.8137817382812,208322,0.0,0.0
2014-04-01 00:00:00+09:00,851.0374145507812,857.4846863805137,838.1429531237798,851.0374145507812,290044,0.0,0.0
2014-04-02 00:00:00+09:00,854.2610390233459,857.4847161664227,838.142982237827,841.3665771484375,245786,0.0,0.0
2014-04-03 00:00:00+09:00,847.8137317745234,860.7081918634668,834.919189453125,834.919189453125,356803,0.0,0.0
2014-04-04 00:00:00+09:00,834.9192386569756,854.2609710464743,834.9192386569756,847.8137817382812,282466,0.0,0.0
2014-04-07 00:00:00+09:00,851.0374441127353,851.0374441127353,838.142982237827,841.3665771484375,145960,0.0,0.0
2014-04-08 00:00:00+09:00,844.5900550779463,847.8137317745234,831.6955949890029,834.919189453125,261012,0.0,0.0
2014-04-09 00:00:00+09:00,834.9193050947503,841.3665771484375,831.6957101841397,841.3665771484375,236138,0.0,0.0
2014-04-10 00:00:00+09:00,841.3664778308685,847.8137491234994,838.1428833007812,838.1428833007812,267132,0.0,0.0
2014-04-11 00:00:00+09:00,831.6956120081503,844.5900723609557,831.6956120081503,838.1428833007812,309977,0.0,0.0
2014-04-14 00:00:00+09:00,841.3665479224143,854.2610093494158,838.1429531237798,851.0374145507812,493317,0.0,0.0
2014-04-15 00:00:00+09:00,847.8138273611384,976.758853950731,847.8138273611384,950.9698486328125,11118478,0.0,0.0
2014-04-16 00:00:00+09:00,967.0878795358096,1008.9950187894959,947.7461482594791,979.982421875,7637827,0.0,0.0
2014-04-17 00:00:00+09:00,986.4296264648438,996.1004922564666,954.1933523377962,986.4296264648438,2176141,0.0,0.0
2014-04-18 00:00:00+09:00,1012.2187259838109,1012.2187259838109,950.9698486328125,950.9698486328125,1492454,0.0,0.0
2014-04-21 00:00:00+09:00,957.4168355160207,960.6404293839853,931.6278378749856,947.7459716796875,778649,0.0,0.0
2014-04-22 00:00:00+09:00,950.970008996569,967.0881503173568,915.510130983827,934.8518676757812,902236,0.0,0.0
2014-04-23 00:00:00+09:00,950.969565547652,996.1002908613535,934.8514317429501,947.7459716796875,2117511,0.0,0.0
2014-04-24 00:00:00+09:00,947.746030491352,970.311353432257,915.5097608815508,921.95703125,966189,0.0,0.0
2014-04-25 00:00:00+09:00,918.7336493878137,931.6281942571909,896.1682369826391,912.286376953125,748818,0.0,0.0
2014-04-28 00:00:00+09:00,899.391914316219,921.9573267213935,899.391914316219,912.286376953125,452665,0.0,0.0
2014-04-29 00:00:00+09:00,909.0627125011482,918.7335792991713,899.391845703125,899.391845703125,370623,0.0,0.0
2014-04-30 00:00:00+09:00,902.6153734450119,928.404377066373,902.6153734450119,905.8390502929688,439696,0.0,0.0
2014-05-02 00:00:00+09:00,918.7336493878137,931.6281942571909,909.0627818520163,912.286376953125,239044,0.0,0.0
2014-05-07 00:00:00+09:00,918.7335529609699,918.7335529609699,880.0500868778528,883.273681640625,453028,0.0,0.0
2014-05-08 00:00:00+09:00,896.1681727947469,896.1681727947469,863.9319773951581,873.6028442382812,388501,0.0,0.0
2014-05-09 00:00:00+09:00,873.6027924687496,892.9445250088086,873.6027924687496,886.4972534179688,210333,0.0,0.0
2014-05-12 00:00:00+09:00,886.497279151713,912.2862840312296,886.497279151713,902.6154174804688,372724,0.0,0.0
2014-05-13 00:00:00+09:00,905.8390502929688,934.8516485298279,899.3917788295138,905.8390502929688,665802,0.0,0.0
2014-05-14 00:00:00+09:00,841.3665818087205,863.9319930053815,796.2357594153985,815.5775756835938,2647224,0.0,0.0
2014-05-15 00:00:00+09:00,793.01220703125,822.024891873811,780.1177443931448,793.01220703125,1120132,0.0,0.0
2014-05-16 00:00:00+09:00,799.4594726562501,812.3539351845122,796.2357953498317,799.45947265625,491065,0.0,0.0
2014-05-19 00:00:00+09:00,799.4594532345064,802.6830482301416,757.5523071289062,757.5523071289062,698580,0.0,0.0
2014-05-20 00:00:00+09:00,757.5521627369027,763.99943373177,725.3158899950192,734.9867553710938,625855,0.0,0.0
2014-05-21 00:00:00+09:00,731.7633004664191,757.5523071289062,728.5396232383155,757.5523071289062,309928,0.0,0.0
2014-05-22 00:00:00+09:00,754.3287290465208,760.7760021176615,741.4342651367188,741.4342651367188,312462,0.0,0.0
2014-05-23 00:00:00+09:00,747.881258083031,751.1048522949391,728.5394461142372,731.7631225585938,268889,0.0,0.0
2014-05-26 00:00:00+09:00,734.9868482456436,747.8813918647609,728.5395764360849,744.65771484375,219040,0.0,0.0
2014-05-27 00:00:00+09:00,760.775835129937,854.260986328125,747.8813740504255,854.260986328125,10012879,0.0,0.0
2014-05-28 00:00:00+09:00,854.2609539530595,883.2736341892353,767.2230777094483,773.6703491210938,7220275,0.0,0.0
2014-05-29 00:00:00+09:00,776.89399165908,776.89399165908,744.65771484375,744.65771484375,1695276,0.0,0.0
2014-05-30 00:00:00+09:00,751.1049092770612,754.3285037335253,734.9867725298312,738.21044921875,496580,0.0,0.0
2014-06-02 00:00:00+09:00,741.4342651367188,754.3287290465208,734.986992065578,741.4342651367188,444158,0.0,0.0
2014-06-03 00:00:00+09:00,734.9868482456436,754.3285814418564,718.8687098379785,744.65771484375,476109,0.0,0.0
2014-06-05 00:00:00+09:00,741.4340742953243,805.9066239468633,731.7632082940851,773.6703491210938,1046300,0.0,0.0
2014-06-09 00:00:00+09:00,786.5648097119267,809.130218536457,767.2230777094483,773.6703491210938,600442,0.0,0.0
2014-06-10 00:00:00+09:00,789.788656783224,789.788656783224,763.9996478099429,770.4468383789062,130181,0.0,0.0
2014-06-11 00:00:00+09:00,770.4468383789062,786.5649792662665,760.7759702929853,770.4468383789062,291303,0.0,0.0
2014-06-12 00:00:00+09:00,770.4467394016049,783.3412833479546,760.7758725580751,767.22314453125,137448,0.0,0.0
2014-06-13 00:00:00+09:00,767.2230893808182,780.1176324002673,760.7758178710938,760.7758178710938,182840,0.0,0.0
2014-06-16 00:00:00+09:00,760.7757461932083,767.2230170954914,747.8812866210938,747.8812866210938,375066,0.0,0.0
2014-06-17 00:00:00+09:00,754.3286974915461,780.1177886973031,747.8815069225826,770.4468383789062,949736,0.0,0.0
2014-06-18 00:00:00+09:00,757.5522209772363,786.5648193359375,757.5522209772363,786.5648193359375,667996,0.0,0.0
2014-06-19 00:00:00+09:00,784.8003207592254,801.6415293592088,781.4320790392288,791.5368041992188,323643,0.0,0.0
2014-06-20 00:00:00+09:00,788.1686127761315,791.5368547110722,774.6956450363685,781.43212890625,259280,0.0,0.0
2014-06-23 00:00:00+09:00,774.6956236172566,781.4321073008849,754.4861725663716,761.22265625,294560,0.0,0.0
2014-06-24 00:00:00+09:00,757.8543701171875,767.9590950520834,751.1178868272569,757.8543701171875,199534,0.0,0.0
2014-06-25 00:00:00+09:00,754.4861725663716,774.6956236172566,754.4861725663716,761.22265625,88526,0.0,0.0
2014-06-26 00:00:00+09:00,757.8544144081858,767.9591399336283,757.8544144081858,761.22265625,101228,0.0,0.0
2014-06-27 00:00:00+09:00,764.5909693022483,771.3274536132812,761.2227271467317,771.3274536132812,53645,0.0,0.0
2014-06-30 00:00:00+09:00,774.6956957687978,781.4321800798308,764.5909693022483,771.3274536132812,93874,0.0,0.0
2014-07-01 00:00:00+09:00,778.0638373192321,798.2732876392122,767.9591121592421,791.5368041992188,175826,0.0,0.0
2014-07-02 00:00:00+09:00,794.9050842285156,818.4827774047852,791.5368423461914,808.3780517578125,346913,0.0,0.0
2014-07-03 00:00:00+09:00,808.3779579351757,815.1144409179688,778.0637845126066,815.1144409179688,181205,0.0,0.0
2014-07-04 00:00:00+09:00,815.114535522461,821.8510192871094,794.9050842285156,808.3780517578125,173804,0.0,0.0
2014-07-07 00:00:00+09:00,821.8510192871094,821.8510192871094,794.9050842285156,808.3780517578125,404114,0.0,0.0
2014-07-08 00:00:00+09:00,805.0098098754883,815.114535522461,788.1686004638672,808.3780517578125,286832,0.0,0.0
2014-07-09 00:00:00+09:00,805.0096116441908,815.1143348029045,794.9048884854772,811.74609375,177130,0.0,0.0
2014-07-10 00:00:00+09:00,815.1144964946964,848.7969137052211,811.746254773644,828.5874633789062,732152,0.0,0.0
2014-07-11 00:00:00+09:00,828.5874068835551,838.6921313577448,815.1144409179688,815.1144409179688,335092,0.0,0.0
2014-07-14 00:00:00+09:00,815.1144964946964,838.6921885420637,811.746254773644,828.5874633789062,280124,0.0,0.0
2014-07-15 00:00:00+09:00,835.3238525390625,842.0603352208292,818.482645834646,835.3238525390625,251523,0.0,0.0
2014-07-16 00:00:00+09:00,845.4286052246093,855.5333295898437,831.9556394042968,842.0603637695312,386189,0.0,0.0
2014-07-17 00:00:00+09:00,848.7969193892046,858.9016446200285,831.9557106711649,852.1651611328125,270715,0.0,0.0
2014-07-18 00:00:00+09:00,858.9018730103501,858.9018730103501,838.6924171748124,855.5336303710938,141962,0.0,0.0
2014-07-21 00:00:00+09:00,852.1650716470057,862.269795816733,845.4285888671875,845.4285888671875,204598,0.0,0.0
2014-07-22 00:00:00+09:00,845.4285966740099,926.2663907782977,838.6921138319859,869.0062866210938,1804059,0.0,0.0
2014-07-23 00:00:00+09:00,872.3745538795808,875.7427954003514,818.4826895472515,838.692138671875,1069387,0.0,0.0
2014-07-24 00:00:00+09:00,865.6381223104834,875.7428474736408,825.2192216578538,828.5874633789062,595441,0.0,0.0
2014-07-25 00:00:00+09:00,835.3238646974602,875.7427613763695,828.5873819176419,845.4285888671875,754986,0.0,0.0
2014-07-28 00:00:00+09:00,858.9017099233774,953.212485914964,848.796983924279,875.742919921875,3062647,0.0,0.0
2014-07-29 00:00:00+09:00,882.4794039212741,899.3206139197716,862.269951923077,875.742919921875,587988,0.0,0.0
2014-07-30 00:00:00+09:00,879.1111514317851,909.4253290673638,855.5334577152237,865.63818359375,356958,0.0,0.0
2014-07-31 00:00:00+09:00,872.3746948242186,912.7935996037191,862.2699686293436,872.3746948242188,718149,0.0,0.0
2014-08-01 00:00:00+09:00,865.638261795044,872.3747463226318,845.4288082122803,862.27001953125,320637,0.0,0.0
2014-08-04 00:00:00+09:00,875.7427829649391,976.7900271532013,875.7427829649391,966.685302734375,2611161,0.0,0.0
2014-08-05 00:00:00+09:00,976.7901458740234,976.7901458740234,922.8982757568359,943.1077270507812,1101246,0.0,0.0
2014-08-06 00:00:00+09:00,949.8442060868819,956.5806898179944,909.425303700206,919.530029296875,702566,0.0,0.0
2014-08-07 00:00:00+09:00,936.3709805498486,1010.4722811689014,933.0027396126189,973.421630859375,2938445,0.0,0.0
2014-08-08 00:00:00+09:00,973.421886729176,1000.3678213099145,919.5300175676991,946.4759521484375,1194343,0.0,0.0
2014-08-11 00:00:00+09:00,1003.7359293619792,1003.7359293619792,909.4251708984375,909.4251708984375,704500,0.0,0.0
2014-08-12 00:00:00+09:00,895.9523199596543,936.3712216119696,889.2158363509352,922.8982543945312,410252,0.0,0.0
2014-08-13 00:00:00+09:00,933.0030786657846,953.2125316332746,916.161867859543,939.7395629882812,382751,0.0,0.0
2014-08-14 00:00:00+09:00,929.634611061151,966.6852658498201,916.1616456834532,936.37109375,709416,0.0,0.0
2014-08-18 00:00:00+09:00,922.8982433586543,933.0029686509024,899.3205510100755,912.7935180664062,675348,0.0,0.0
2014-08-19 00:00:00+09:00,912.7933474073224,922.8980708103554,855.5332481234682,858.9014892578125,698291,0.0,0.0
2014-08-20 00:00:00+09:00,862.2699686293436,902.6888734088441,862.2699686293436,872.3746948242188,538516,0.0,0.0
2014-08-21 00:00:00+09:00,885.8476790276127,970.0537321671196,882.4794369020324,929.6348266601562,1914791,0.0,0.0
2014-08-22 00:00:00+09:00,933.0030687857366,949.8442794136379,912.7936160322549,929.6348266601562,511879,0.0,0.0
2014-08-25 00:00:00+09:00,973.4218695890819,976.790111352366,929.6347266663897,949.8441772460938,664148,0.0,0.0
2014-08-26 00:00:00+09:00,970.0535037878788,1007.1041584464436,949.844055792298,1000.36767578125,1030067,0.0,0.0
2014-08-27 00:00:00+09:00,1013.8406239704914,1145.2020337208207,1013.8406239704914,1118.256103515625,4652720,0.0,0.0
2014-08-28 00:00:00+09:00,1131.7292599561738,1138.4657436463892,1087.9421159697742,1104.7833251953125,1718383,0.0,0.0
2014-08-29 00:00:00+09:00,1124.9925860669239,1232.776306887707,1098.0466558617281,1118.256103515625,3736883,0.0,0.0
2014-09-01 00:00:00+09:00,1138.4657865636489,1165.4117223403032,1111.5198507869945,1145.2022705078125,1630365,0.0,0.0
2014-09-02 00:00:00+09:00,1138.46578078497,1141.8340227399553,1037.4185221354167,1060.9962158203125,2415805,0.0,0.0
2014-09-03 00:00:00+09:00,1064.3644018706327,1108.151544985564,1037.4184676460598,1084.5738525390625,987150,0.0,0.0
2014-09-04 00:00:00+09:00,1091.3102581390287,1172.148055038216,1040.7866350770366,1087.9420166015625,2571855,0.0,0.0
2014-09-05 00:00:00+09:00,1094.678611755371,1118.2563049316407,1077.83740234375,1077.83740234375,838988,0.0,0.0
2014-09-11 00:00:00+09:00,1077.8374211795253,1155.3069858268036,1064.364453414781,1135.0975341796875,1056699,0.0,0.0
2014-09-12 00:00:00+09:00,1148.570606058818,1148.570606058818,1104.7834568542296,1114.88818359375,554733,0.0,0.0
2014-09-15 00:00:00+09:00,1111.5197399508568,1111.5197399508568,1037.418423954133,1044.1549072265625,699918,0.0,0.0
2014-09-16 00:00:00+09:00,1047.5231929802746,1108.151544985564,1047.5231929802746,1084.5738525390625,612352,0.0,0.0
2014-09-17 00:00:00+09:00,1091.3101553287145,1091.3101553287145,1047.52301946676,1071.1007080078125,398144,0.0,0.0
2014-09-18 00:00:00+09:00,1071.1009471220127,1209.1988679773667,1067.732705149931,1145.2022705078125,2303483,0.0,0.0
2014-09-19 00:00:00+09:00,1145.2023145390397,1178.8847355548937,1124.9928619295272,1148.570556640625,876056,0.0,0.0
2014-09-22 00:00:00+09:00,1185.6210071849032,1279.9317691200658,1158.6750752034282,1215.9351806640625,4475617,0.0,0.0
2014-09-23 00:00:00+09:00,1226.0399500388467,1290.0365408375776,1205.8305003129315,1219.303466796875,1829335,0.0,0.0
2014-09-24 00:00:00+09:00,1215.935045636566,1239.512733502095,1182.252634400096,1205.830322265625,1006666,0.0,0.0
2014-09-25 00:00:00+09:00,1212.5669821714744,1242.8811567257612,1151.9386330629006,1182.2528076171875,1128486,0.0,0.0
2014-09-26 00:00:00+09:00,1182.2527180756404,1283.2999589368062,1155.3067871793294,1175.5162353515625,2811373,0.0,0.0
2014-09-29 00:00:00+09:00,1168.7797226503671,1202.4621354068618,1094.6784145860786,1118.256103515625,1220835,0.0,0.0
2014-09-30 00:00:00+09:00,1114.8878622399754,1145.2020337208207,1098.0466558617281,1118.256103515625,669042,0.0,0.0
2014-10-01 00:00:00+09:00,1124.9926016119462,1141.8338082229036,1047.5230512015428,1064.3642578125,1686009,0.0,0.0
2014-10-02 00:00:00+09:00,1064.3642664802144,1145.2020588711168,1060.9960251305936,1138.465576171875,1538172,0.0,0.0
2014-10-06 00:00:00+09:00,1131.7289943321077,1138.4654764412276,1020.5770395316329,1030.6817626953125,1902131,0.0,0.0
2014-10-07 00:00:00+09:00,1037.418364340572,1047.5230886685647,990.2629841432733,993.6312255859375,670409,0.0,0.0
2014-10-08 00:00:00+09:00,963.3171168586232,1044.1549168747315,963.3171168586232,980.1583251953125,940779,0.0,0.0
2014-10-10 00:00:00+09:00,959.9487715096309,990.262943241514,953.2122889025458,976.7899780273438,447159,0.0,0.0
2014-10-13 00:00:00+09:00,963.317247915959,970.0537321671196,899.3206475299338,929.6348266601562,643642,0.0,0.0
2014-10-14 00:00:00+09:00,892.584098815918,943.1077270507812,892.584098815918,943.1077270507812,283031,0.0,0.0
2014-10-15 00:00:00+09:00,949.8442894720262,983.5267110845094,929.6348365045363,939.7395629882812,244791,0.0,0.0
2014-10-16 00:00:00+09:00,936.3713550774198,943.1078396463222,902.6889322329083,933.0031127929688,232135,0.0,0.0
2014-10-17 00:00:00+09:00,936.3712216119696,949.844188829408,909.4252871770929,922.8982543945312,334119,0.0,0.0
2014-10-20 00:00:00+09:00,929.6345723470051,973.4217080010308,922.8980899386935,970.053466796875,475970,0.0,0.0
2014-10-21 00:00:00+09:00,970.0534954202586,983.5264606344289,939.7393236883755,976.7899780273438,385837,0.0,0.0
2014-10-22 00:00:00+09:00,976.7899199799224,996.9993666001966,953.2122322562691,963.3169555664062,283657,0.0,0.0
2014-10-23 00:00:00+09:00,976.7899898830934,990.2629552607913,926.2663697167266,936.37109375,396239,0.0,0.0
2014-10-24 00:00:00+09:00,946.4759299538352,953.2124134410512,919.5299960049716,926.2664794921875,267712,0.0,0.0
2014-10-27 00:00:00+09:00,922.8982711624312,933.0029967591003,906.0570618346496,919.530029296875,307263,0.0,0.0
2014-10-28 00:00:00+09:00,922.8982168505692,1017.2089835360288,922.8982168505692,980.1583251953125,1763963,0.0,0.0
2014-10-29 00:00:00+09:00,980.1581610833015,996.9993666001966,959.9487144630272,963.3169555664062,325913,0.0,0.0
2014-10-30 00:00:00+09:00,976.7901285517682,983.5266121969529,939.739468503253,946.4759521484375,330621,0.0,0.0
2014-10-31 00:00:00+09:00,946.4758538967226,973.4217856802592,946.4758538967226,966.685302734375,278392,0.0,0.0
2014-11-03 00:00:00+09:00,966.6852255927191,996.9993964301215,963.3169843885634,970.053466796875,242211,0.0,0.0
2014-11-04 00:00:00+09:00,970.0536396555657,973.4218814599252,922.8982543945312,922.8982543945312,391572,0.0,0.0
2014-11-05 00:00:00+09:00,909.4252760866856,956.5806607726619,909.4252760866856,949.8441772460938,244872,0.0,0.0
2014-11-06 00:00:00+09:00,949.8441716974432,959.9488969282671,919.5299960049716,926.2664794921875,226273,0.0,0.0
2014-11-07 00:00:00+09:00,919.5300175676991,953.2124357936221,916.1617757451068,946.4759521484375,172248,0.0,0.0
2014-11-10 00:00:00+09:00,946.4757817228076,966.68522901938,943.1075405067122,956.5805053710938,262800,0.0,0.0
2014-11-11 00:00:00+09:00,959.9487431844075,983.5264316134982,956.5805019802517,970.053466796875,249843,0.0,0.0
2014-11-12 00:00:00+09:00,970.0536278257979,973.4218695890819,949.8441772460938,949.8441772460938,142744,0.0,0.0
2014-11-13 00:00:00+09:00,966.68522901938,966.68522901938,939.7392992906168,956.5805053710938,170674,0.0,0.0
2014-11-14 00:00:00+09:00,976.7899742904974,1047.523041394292,976.7899742904974,990.262939453125,1928416,0.0,0.0
2014-11-17 00:00:00+09:00,980.158231227518,990.2629552607913,936.3710937499999,936.37109375,426138,0.0,0.0
2014-11-18 00:00:00+09:00,949.8441772460938,963.3171442992299,919.5300013765376,949.8441772460938,273859,0.0,0.0
2014-11-19 00:00:00+09:00,953.2124134410512,959.9488969282671,926.2664794921876,926.2664794921875,327217,0.0,0.0
2014-11-20 00:00:00+09:00,936.3710580745213,1037.4182945573834,926.2663344262352,956.5805053710938,1917599,0.0,0.0
2014-11-21 00:00:00+09:00,976.7900271532013,980.1582686261434,953.2123368426068,966.685302734375,487307,0.0,0.0
2014-11-24 00:00:00+09:00,980.1581127338343,986.8945946082937,963.316908047686,973.421630859375,498625,0.0,0.0
2014-11-25 00:00:00+09:00,986.8947427006091,1007.1041913565942,963.3170526019597,993.6312255859375,667708,0.0,0.0
2014-11-26 00:00:00+09:00,990.2630301112073,1054.2596204925437,970.053580517101,1034.0501708984375,1313930,0.0,0.0
2014-11-27 00:00:00+09:00,1050.8914415514146,1121.6245193481445,996.9995727539061,996.9995727539062,3242913,0.0,0.0
2014-11-28 00:00:00+09:00,1017.2088697783801,1057.6277652662627,986.8946981624681,990.262939453125,1729767,0.0,0.0
2014-12-01 00:00:00+09:00,980.1583703743606,990.2630958421375,943.1077103258452,946.4759521484375,689377,0.0,0.0
2014-12-02 00:00:00+09:00,943.1075089461319,976.7899199799224,943.1075089461319,963.3169555664062,315796,0.0,0.0
2014-12-03 00:00:00+09:00,956.5804733596482,976.7899199799224,953.2122322562691,963.3169555664062,243346,0.0,0.0
2014-12-04 00:00:00+09:00,963.3170091278698,990.262939453125,963.3170091278698,990.262939453125,223943,0.0,0.0
2014-12-05 00:00:00+09:00,980.1582193308863,993.6311845450565,966.685254116716,976.7899780273438,263307,0.0,0.0
2014-12-08 00:00:00+09:00,980.1582478562445,1000.3676962656517,980.1582478562445,983.5264892578125,293937,0.0,0.0
2014-12-09 00:00:00+09:00,990.2633227539063,1027.3139912923177,959.949139404297,1010.4727783203125,720703,0.0,0.0
2014-12-10 00:00:00+09:00,1010.4725677695051,1020.5772934472002,990.263116414115,1003.736083984375,324879,0.0,0.0
2014-12-11 00:00:00+09:00,996.9997138219164,1023.9456520333196,983.5267447162148,1017.2091674804688,356306,0.0,0.0
2014-12-12 00:00:00+09:00,1030.6818349410075,1030.6818349410075,983.5264568718112,990.262939453125,343171,0.0,0.0
2014-12-15 00:00:00+09:00,980.1582686261434,1013.8406833555641,959.9488197884909,966.685302734375,334155,0.0,0.0
2014-12-16 00:00:00+09:00,976.7900835279746,986.8948085299882,966.6853585259611,980.1583251953125,357451,0.0,0.0
2014-12-17 00:00:00+09:00,976.7901115839773,986.8948368762252,912.7935180664062,912.7935180664062,863866,0.0,0.0
2014-12-18 00:00:00+09:00,922.8982969053989,929.6347808244163,831.9557639986624,865.63818359375,878982,0.0,0.0
2014-12-19 00:00:00+09:00,872.3745280421058,882.4792523051418,845.4285966740099,869.0062866210938,462513,0.0,0.0
2014-12-22 00:00:00+09:00,865.6379715265012,882.479177198223,845.4285247204351,858.9014892578125,292077,0.0,0.0
2014-12-23 00:00:00+09:00,862.27001953125,869.0065040588379,845.4288082122803,862.27001953125,104585,0.0,0.0
2014-12-24 00:00:00+09:00,862.269739980916,892.5839105271201,858.9014988091157,882.4791870117188,182080,0.0,0.0
2014-12-26 00:00:00+09:00,879.1110950816762,899.320545543324,869.0063698508524,889.2158203125,201922,0.0,0.0
2014-12-29 00:00:00+09:00,906.3821794052994,913.2487110674608,889.215850249896,902.9489135742188,142233,25.0,0.0
2014-12-30 00:00:00+09:00,902.9489135742188,906.3821794052994,889.215850249896,902.9489135742188,136166,0.0,0.0
2015-01-02 00:00:00+09:00,906.382080078125,916.6818764426491,899.5155491684422,906.382080078125,71049,0.0,0.0
2015-01-05 00:00:00+09:00,906.3822340745191,913.2487661508413,878.9161057692307,892.649169921875,328371,0.0,0.0
2015-01-06 00:00:00+09:00,885.7824953915028,947.5812741397473,878.9159644194757,916.681884765625,699387,0.0,0.0
2015-01-07 00:00:00+09:00,909.8155001126802,916.6820321890024,892.6491699218749,892.649169921875,296053,0.0,0.0
2015-01-08 00:00:00+09:00,902.9489124481089,933.8483048892989,892.6491149677122,930.4150390625,396669,0.0,0.0
2015-01-09 00:00:00+09:00,933.8481341422872,1029.979559715758,933.8481341422872,968.1807861328125,2445560,0.0,0.0
2015-01-12 00:00:00+09:00,971.614051331865,988.7803773271277,954.4477253366024,968.1807861328125,399349,0.0,0.0
2015-01-13 00:00:00+09:00,968.1807075685283,1016.2464164549092,961.3141777276168,992.2135620117188,426914,0.0,0.0
2015-01-14 00:00:00+09:00,1005.9467709944552,1043.7126907246225,975.0473821243183,1023.1130981445312,990923,0.0,0.0
2015-01-15 00:00:00+09:00,1023.1129945164962,1023.1129945164962,954.4476928710939,954.4476928710938,789697,0.0,0.0
2015-01-16 00:00:00+09:00,961.3143920898438,988.780517578125,954.4478607177734,961.3143920898438,351335,0.0,0.0
2015-01-19 00:00:00+09:00,964.7476127997978,992.2137370076213,961.3143472738199,981.9139404296875,282776,0.0,0.0
2015-01-20 00:00:00+09:00,971.6139724889841,1005.9466216935418,961.3141777276168,992.2135620117188,388639,0.0,0.0
2015-01-21 00:00:00+09:00,988.7803344726562,1033.412780125936,988.7803344726562,988.7803344726562,839928,0.0,0.0
2015-01-22 00:00:00+09:00,999.0800957478267,1009.3798905493508,951.0143866740482,975.0472412109375,524595,0.0,0.0
2015-01-23 00:00:00+09:00,978.4805765716872,995.6469024764536,964.747515847874,985.3471069335938,549597,0.0,0.0
2015-01-26 00:00:00+09:00,978.4805023298957,999.0800918526303,971.6139724889841,992.2135620117188,365177,0.0,0.0
2015-01-27 00:00:00+09:00,995.6468645731609,1019.6797199249268,975.0472742716472,988.7803344726562,526340,0.0,0.0
2015-01-28 00:00:00+09:00,981.9139404296875,988.7804714816433,961.3143472738199,981.9139404296875,264084,0.0,0.0
2015-01-29 00:00:00+09:00,981.9139504354508,1088.3451828253073,975.0474193135245,1047.14599609375,2264194,0.0,0.0
2015-01-30 00:00:00+09:00,1050.5791996680884,1119.2445068359375,1047.145934309696,1119.2445068359375,2150270,0.0,0.0
2015-02-02 00:00:00+09:00,1126.111198918269,1150.1440598707932,1081.4787428635816,1115.8114013671875,1283105,0.0,0.0
2015-02-03 00:00:00+09:00,1119.244667217548,1136.410996469351,1081.4787428635816,1115.8114013671875,918037,0.0,0.0
2015-02-04 00:00:00+09:00,1132.9775853903895,1177.6100357239504,1115.81125833902,1139.8441162109375,1671915,0.0,0.0
2015-02-05 00:00:00+09:00,1139.8440871465773,1157.0104137602307,1122.6777605329241,1153.5771484375,620798,0.0,0.0
2015-02-06 00:00:00+09:00,1167.3101917613635,1167.3101917613635,1126.1110085227272,1132.9775390625,478471,0.0,0.0
2015-02-09 00:00:00+09:00,1132.9777233052698,1139.8442549616655,1081.478735882303,1105.5115966796875,651070,0.0,0.0
2015-02-10 00:00:00+09:00,1091.7784727060111,1102.078269618332,1036.8462225069666,1078.04541015625,460612,0.0,0.0
2015-02-11 00:00:00+09:00,1084.9119567871094,1112.3780822753906,1081.4786911010742,1098.64501953125,381193,0.0,0.0
2015-02-12 00:00:00+09:00,1091.7784503687208,1112.3780437719042,1081.478653667129,1102.0782470703125,409507,0.0,0.0
2015-02-13 00:00:00+09:00,1102.0781884468797,1153.5771692154256,1095.2116576777403,1129.5443115234375,853689,0.0,0.0
2015-02-16 00:00:00+09:00,1139.844140911382,1205.076185120166,1132.9776099420362,1170.7435302734375,1120204,0.0,0.0
2015-02-17 00:00:00+09:00,1174.1768798828125,1194.7764742667214,1163.877082690858,1174.1768798828125,461730,0.0,0.0
2015-02-23 00:00:00+09:00,1201.6427748950562,1201.6427748950562,1143.2772686858675,1150.143798828125,445295,0.0,0.0
2015-02-24 00:00:00+09:00,1157.0105585512906,1201.643013332201,1126.1111667798912,1184.4766845703125,617161,0.0,0.0
2015-02-25 00:00:00+09:00,1194.7763025620404,1222.2424244600184,1163.8769154268152,1167.3101806640625,373193,0.0,0.0
2015-02-26 00:00:00+09:00,1187.9099042797923,1191.343169899098,1160.4437793253462,1177.610107421875,371167,0.0,0.0
2015-02-27 00:00:00+09:00,1174.1768873131793,1218.8093420940895,1170.7436215608016,1184.4766845703125,375594,0.0,0.0
2015-03-02 00:00:00+09:00,1184.4764592097356,1229.108905498798,1160.443603515625,1160.443603515625,616303,0.0,0.0
2015-03-03 00:00:00+09:00,1153.5771197150736,1181.0432416130516,1150.1438544778264,1167.3101806640625,259053,0.0,0.0
2015-03-04 00:00:00+09:00,1167.3103630679777,1201.6430208052714,1157.0105657467898,1194.7764892578125,235360,0.0,0.0
2015-03-05 00:00:00+09:00,1198.2095677992877,1211.9426287482768,1153.5771197150736,1167.3101806640625,385645,0.0,0.0
2015-03-06 00:00:00+09:00,1167.3102307537044,1167.3102307537044,1112.377984600589,1129.5443115234375,497553,0.0,0.0
2015-03-09 00:00:00+09:00,1129.5443115234375,1139.8441076771467,1115.8112499851586,1129.5443115234375,173587,0.0,0.0
2015-03-10 00:00:00+09:00,1129.5444424786147,1139.8442398264438,1074.6121899568582,1084.9119873046875,458260,0.0,0.0
2015-03-11 00:00:00+09:00,1054.0125952611995,1091.778518869907,1054.0125952611995,1084.9119873046875,174338,0.0,0.0
2015-03-12 00:00:00+09:00,1095.211806265024,1126.111198918269,1074.6122111628606,1115.8114013671875,186736,0.0,0.0
2015-03-13 00:00:00+09:00,1126.111198918269,1129.5444647686297,1098.6450721153847,1115.8114013671875,118601,0.0,0.0
2015-03-16 00:00:00+09:00,1108.9448165893555,1126.1111450195312,1088.3452224731445,1098.64501953125,140932,0.0,0.0
2015-03-17 00:00:00+09:00,1098.64501953125,1105.5115509033203,1088.3452224731445,1098.64501953125,232382,0.0,0.0
2015-03-18 00:00:00+09:00,1122.677879333496,1136.4109420776367,1095.2117538452148,1098.64501953125,306232,0.0,0.0
2015-03-19 00:00:00+09:00,1112.3777868882667,1119.2443164369595,1088.344933467841,1091.7781982421875,335386,0.0,0.0
2015-03-20 00:00:00+09:00,1119.2443164369595,1119.2443164369595,1078.0451391448016,1091.7781982421875,242551,0.0,0.0
2015-03-23 00:00:00+09:00,1098.6449815031153,1119.2445749062986,1088.3451848015236,1102.0782470703125,310285,0.0,0.0
2015-03-24 00:00:00+09:00,1112.3781805475917,1126.1112445049694,1098.645116590214,1122.677978515625,268137,0.0,0.0
2015-03-25 00:00:00+09:00,1122.677840473496,1150.1439650110738,1102.0782470703125,1102.0782470703125,733995,0.0,0.0
2015-03-26 00:00:00+09:00,1126.1110172672672,1160.4436702327328,1112.377956081081,1143.27734375,873687,0.0,0.0
2015-03-27 00:00:00+09:00,1143.277528170072,1143.277528170072,1112.378135516827,1115.8114013671875,412361,0.0,0.0
2015-03-30 00:00:00+09:00,1115.8114465369363,1126.1112445049694,1102.0783825795586,1122.677978515625,277779,0.0,0.0
2015-03-31 00:00:00+09:00,1126.1110258556548,1160.4436790829614,1115.8112298874628,1153.5771484375,647057,0.0,0.0
2015-04-01 00:00:00+09:00,1146.7106177920386,1163.876944405692,1136.4108218238466,1153.5771484375,543393,0.0,0.0
2015-04-02 00:00:00+09:00,1153.577157079646,1191.3430759126106,1153.577157079646,1163.876953125,1455353,0.0,0.0
2015-04-03 00:00:00+09:00,1174.1768042557037,1335.540283203125,1174.1768042557037,1335.540283203125,6577257,0.0,0.0
2015-04-06 00:00:00+09:00,1366.4396593289866,1424.8051724159031,1321.8072081448738,1369.8729248046875,6920727,0.0,0.0
2015-04-07 00:00:00+09:00,1373.3062744140625,1452.271385192871,1352.7066802978516,1373.3062744140625,4999742,0.0,0.0
2015-04-08 00:00:00+09:00,1404.2056730356878,1493.4705813460248,1383.6060788102254,1438.538330078125,7151590,0.0,0.0
2015-04-09 00:00:00+09:00,1476.3042233645263,1613.6348487937844,1445.4048326429431,1562.1358642578125,7320103,0.0,0.0
2015-04-10 00:00:00+09:00,1586.168915436783,1795.59814453125,1586.168915436783,1795.59814453125,9303807,0.0,0.0
2015-04-13 00:00:00+09:00,1926.062072432104,2042.7931071249589,1785.2981776554261,1953.5281982421875,11376372,0.0,0.0
2015-04-14 00:00:00+09:00,1953.5281982421875,1953.5281982421875,1953.5281982421875,1953.5281982421875,0,0.0,0.0
2015-04-15 00:00:00+09:00,1661.700439453125,1661.700439453125,1661.700439453125,1661.700439453125,836747,0.0,0.0
2015-04-16 00:00:00+09:00,1668.567202919408,1761.265380859375,1647.9676078216373,1761.265380859375,6462860,0.0,0.0
2015-04-17 00:00:00+09:00,1785.298133805997,1785.298133805997,1716.632820967305,1781.8648681640625,1944623,0.0,0.0
2015-04-20 00:00:00+09:00,1750.965808686756,2005.0275142609128,1713.1998794797867,1946.6619873046875,5764167,0.0,0.0
2015-04-21 00:00:00+09:00,1967.260971435998,2005.026888863216,1819.6305669477817,1857.396484375,2855166,0.0,0.0
2015-04-22 00:00:00+09:00,1915.7618771721336,2070.2588027505317,1596.468230976778,1867.6961669921875,8305546,0.0,0.0
2015-04-23 00:00:00+09:00,1939.7951769472947,1991.2941639458954,1682.3002419542909,1840.23046875,3776556,0.0,0.0
2015-04-24 00:00:00+09:00,1867.6961950231482,1902.0288456669562,1737.2321225766782,1853.963134765625,2224795,0.0,0.0
2015-04-27 00:00:00+09:00,1853.963301149133,2039.3596312640464,1840.2302396591397,2005.0269775390625,5465544,0.0,0.0
2015-04-28 00:00:00+09:00,1994.7270991810583,2053.092608107182,1943.2281207168312,1956.961181640625,2208046,0.0,0.0
2015-04-29 00:00:00+09:00,1991.2940253586064,2094.2919921875,1908.8956518954917,2094.2919921875,5102354,0.0,0.0
2015-04-30 00:00:00+09:00,2207.589807763954,2272.821854960712,1781.8648681640625,1781.8648681640625,11496461,0.0,0.0
2015-05-04 00:00:00+09:00,1795.5978681703493,1805.897664737292,1599.9017333984373,1599.9017333984375,4031564,0.0,0.0
2015-05-06 00:00:00+09:00,1641.1009361137778,1665.1337950108414,1572.43562497931,1620.5013427734375,2487297,0.0,0.0
2015-05-07 00:00:00+09:00,1589.6018748195265,1713.1994288011745,1483.1706477797743,1672.000244140625,4268474,0.0,0.0
2015-05-08 00:00:00+09:00,1665.1339452599966,1747.5323260563675,1555.269437531502,1596.4686279296875,1971153,0.0,0.0
2015-05-11 00:00:00+09:00,1644.5341210335923,1737.2322865198282,1627.3677940916966,1672.000244140625,2287115,0.0,0.0
2015-05-12 00:00:00+09:00,1706.333112482439,1726.9327074017442,1551.8361505876508,1565.5692138671875,2431401,0.0,0.0
2015-05-13 00:00:00+09:00,1531.2364382986295,1675.4335916810116,1517.5033760717358,1620.5013427734375,1916627,0.0,0.0
2015-05-14 00:00:00+09:00,1606.768496306046,1641.1011564835258,1551.8362400220788,1579.3023681640625,1207012,0.0,0.0
2015-05-15 00:00:00+09:00,1599.9018385972436,1689.1667480468752,1569.0024468646786,1689.166748046875,2362691,0.0,0.0
2015-05-18 00:00:00+09:00,1617.067989633103,1692.5998277900633,1579.3020705546228,1661.700439453125,1902143,0.0,0.0
2015-05-19 00:00:00+09:00,1661.700456393495,1750.9653569435588,1647.9673947704082,1682.300048828125,1698550,0.0,0.0
2015-05-20 00:00:00+09:00,1709.7662120347613,1877.9962208494267,1692.5998846046934,1833.36376953125,4606942,0.0,0.0
2015-05-21 00:00:00+09:00,1864.2631246632543,1912.3288405845904,1761.2651619746766,1792.16455078125,3611156,0.0,0.0
2015-05-22 00:00:00+09:00,1802.4645613173568,1881.4296754322124,1754.3988396822274,1805.8978271484375,2129064,0.0,0.0
2015-05-26 00:00:00+09:00,1802.4646216260649,1809.3311535179735,1689.1668454095693,1713.19970703125,1588086,0.0,0.0
2015-05-27 00:00:00+09:00,1675.4338904272151,1706.3332859473892,1613.635099386867,1627.3681640625,1612515,0.0,0.0
2015-05-28 00:00:00+09:00,1668.567198251147,1871.1298828125002,1665.1339324111239,1871.1298828125,6148062,0.0,0.0
2015-05-29 00:00:00+09:00,1843.6634724167159,1950.094697081368,1785.2979621167453,1819.630615234375,4208488,0.0,0.0
2015-06-01 00:00:00+09:00,1795.5977580520344,1847.096737728479,1726.9324518167748,1819.630615234375,1579762,0.0,0.0
2015-06-02 00:00:00+09:00,1860.8296648943867,1902.0288456669562,1799.0308937355326,1853.963134765625,2315063,0.0,0.0
2015-06-03 00:00:00+09:00,1853.9633456143467,2025.6266183564157,1795.5978328820431,1812.76416015625,4599384,0.0,0.0
2015-06-04 00:00:00+09:00,1847.0967151988636,1908.895490056818,1799.0310014204545,1888.2958984375,1988095,0.0,0.0
2015-06-05 00:00:00+09:00,1857.397017392884,1967.261535981742,1802.464758098455,1864.2635498046875,2194996,0.0,0.0
2015-06-08 00:00:00+09:00,1891.729378657943,2025.6267393977976,1874.5630503579616,2011.8936767578125,5885419,0.0,0.0
2015-06-09 00:00:00+09:00,2018.759773227995,2073.6920119552874,1956.9610046597913,1984.4271240234375,2610512,0.0,0.0
2015-06-10 00:00:00+09:00,2008.4603511925898,2039.3597412109373,1950.0948367134888,2039.3597412109375,1723071,0.0,0.0
2015-06-11 00:00:00+09:00,2046.2263488769531,2080.5590057373047,1922.6287841796875,1922.6287841796875,2691368,0.0,0.0
2015-06-12 00:00:00+09:00,1912.3286408600984,1974.1274120189526,1819.6304841218173,1853.963134765625,1461954,0.0,0.0
2015-06-15 00:00:00+09:00,1853.9634779907449,1919.1955262904191,1809.3310238909678,1877.996337890625,1068393,0.0,0.0
2015-06-16 00:00:00+09:00,1860.8299260960393,1912.3289092905793,1754.398694160657,1874.56298828125,1422817,0.0,0.0
2015-06-17 00:00:00+09:00,1874.5629897431697,1888.2960519390904,1720.0660400390625,1720.0660400390625,1443995,0.0,0.0
2015-06-18 00:00:00+09:00,1720.065880277717,1771.5648587291457,1682.2999627466695,1723.4991455078125,1072379,0.0,0.0
2015-06-19 00:00:00+09:00,1733.7994772290426,1771.565406436012,1675.4339502728174,1730.3662109375,1000885,0.0,0.0
2015-06-22 00:00:00+09:00,1757.8319209039548,1833.3637612552966,1723.4992661987994,1823.06396484375,824664,0.0,0.0
2015-06-23 00:00:00+09:00,1823.0639395878231,1829.9304704337285,1768.1316928205817,1792.16455078125,571210,0.0,0.0
2015-06-24 00:00:00+09:00,1829.930393364593,1840.2301891996658,1785.2979447459445,1799.031005859375,485941,0.0,0.0
2015-06-25 00:00:00+09:00,1788.731481751399,1853.9635319496267,1781.8649501515856,1840.23046875,644703,0.0,0.0
2015-06-26 00:00:00+09:00,1884.8630618502032,1943.2285847125956,1795.59814453125,1795.59814453125,1321361,0.0,0.0
2015-06-29 00:00:00+09:00,1702.899788376606,1757.8320396145612,1582.7354887935794,1603.3350830078125,1313709,0.0,0.0
2015-06-30 00:00:00+09:00,1579.3019005251826,1651.4004655491585,1428.2382404749478,1644.533935546875,1057252,0.0,0.0
2015-07-01 00:00:00+09:00,1665.1338502214599,1702.8997725976167,1603.335068151385,1692.5999755859375,944634,0.0,0.0
2015-07-02 00:00:00+09:00,1716.6328033637603,1723.4993345772154,1641.100960015755,1651.4007568359375,694077,0.0,0.0
2015-07-03 00:00:00+09:00,1658.267280099781,1709.7662639538114,1641.1009521484375,1641.1009521484375,446563,0.0,0.0
2015-07-06 00:00:00+09:00,1596.4684651692708,1634.2343858506943,1531.2364203559027,1544.969482421875,818183,0.0,0.0
2015-07-07 00:00:00+09:00,1658.2673096807832,1675.4336379383483,1510.636886665724,1517.50341796875,658544,0.0,0.0
2015-07-08 00:00:00+09:00,1531.236369945385,1599.9016780146846,1479.73738889341,1483.170654296875,583211,0.0,0.0
2015-07-09 00:00:00+09:00,1445.404831871085,1517.5034101829442,1407.638909898206,1507.20361328125,567266,0.0,0.0
2015-07-10 00:00:00+09:00,1534.6699775019779,1682.3004227650315,1476.304452630538,1627.3681640625,1060123,0.0,0.0
2015-07-13 00:00:00+09:00,1606.7681982421875,1750.9653442382812,1562.1357482910155,1716.6326904296875,1099676,0.0,0.0
2015-07-14 00:00:00+09:00,1740.6656063028581,1819.6307127031848,1720.0660133288598,1788.7313232421875,1355087,0.0,0.0
2015-07-15 00:00:00+09:00,1785.2981489440078,1819.6308056544697,1740.6656952204078,1747.5322265625,706454,0.0,0.0
2015-07-16 00:00:00+09:00,1747.5321165142639,1812.76416015625,1709.7661965110085,1812.76416015625,691699,0.0,0.0
2015-07-17 00:00:00+09:00,1829.9306695910468,1922.6288460994112,1781.8649484385614,1895.1627197265625,1737340,0.0,0.0
2015-07-20 00:00:00+09:00,1915.762174836882,1929.4952370220924,1860.8299260960393,1874.56298828125,836445,0.0,0.0
2015-07-21 00:00:00+09:00,1874.563148652523,1908.8958070527524,1829.930692732225,1871.1298828125,636145,0.0,0.0
2015-07-22 00:00:00+09:00,1871.129460087529,1902.0288456669562,1847.0966046368635,1853.963134765625,526501,0.0,0.0
2015-07-23 00:00:00+09:00,1857.396611069188,1877.9962037982364,1809.3308947014086,1812.76416015625,357887,0.0,0.0
2015-07-24 00:00:00+09:00,1840.2306632995605,1840.2306632995605,1716.6330814361572,1757.832275390625,556163,0.0,0.0
2015-07-27 00:00:00+09:00,1737.232272401148,1908.895540424977,1689.166557354476,1850.530029296875,2161690,0.0,0.0
2015-07-28 00:00:00+09:00,1785.2983398437498,1802.4646700345552,1713.1997530423678,1785.29833984375,938126,0.0,0.0
2015-07-29 00:00:00+09:00,1819.6306568707607,1823.0639222610828,1720.0659605514172,1771.56494140625,426765,0.0,0.0
2015-07-30 00:00:00+09:00,1785.2979196495266,1788.731184879622,1637.6675147554313,1723.4991455078125,716404,0.0,0.0
2015-07-31 00:00:00+09:00,1689.16649320686,1757.8317978087648,1654.8338409059074,1723.4991455078125,556295,0.0,0.0
2015-08-03 00:00:00+09:00,1720.065900213068,1761.2650834517046,1699.46630859375,1699.46630859375,198503,0.0,0.0
2015-08-04 00:00:00+09:00,1647.9674111643144,1713.199454522902,1647.9674111643144,1702.899658203125,434730,0.0,0.0
2015-08-05 00:00:00+09:00,1720.0662389231588,1730.366036761022,1651.4009200040707,1713.19970703125,379672,0.0,0.0
2015-08-06 00:00:00+09:00,1716.6330253644837,1809.3312087341658,1706.3332272122968,1795.59814453125,656603,0.0,0.0
2015-08-07 00:00:00+09:00,1785.2985628383365,1819.6312275083046,1716.6332334984006,1744.099365234375,607380,0.0,0.0
2015-08-10 00:00:00+09:00,1744.0987926836785,1778.4314460829637,1726.932465984036,1740.66552734375,194301,0.0,0.0
2015-08-11 00:00:00+09:00,1740.6656310405929,1761.2652243073453,1665.1337890625,1665.1337890625,278502,0.0,0.0
2015-08-12 00:00:00+09:00,1634.2345917800378,1678.8670491185683,1558.7027408994477,1593.035400390625,469108,0.0,0.0
2015-08-13 00:00:00+09:00,1623.934592054637,1668.5670438447223,1575.8688747422377,1599.9017333984375,255798,0.0,0.0
2015-08-14 00:00:00+09:00,1599.9017333984373,1599.9017333984373,1599.9017333984373,1599.9017333984375,0,0.0,0.0
2015-08-17 00:00:00+09:00,1716.632778361692,1884.862790641138,1617.068077216714,1620.5013427734375,2287864,0.0,0.0
2015-08-18 00:00:00+09:00,1623.934826394786,1641.1011564835258,1579.3023681640625,1579.3023681640625,425483,0.0,0.0
2015-08-19 00:00:00+09:00,1579.3021906859485,1579.3021906859485,1417.9387059854278,1452.2713623046875,706033,0.0,0.0
2015-08-20 00:00:00+09:00,1445.4048538208008,1520.9366989135742,1369.8730087280273,1373.3062744140625,610985,0.0,0.0
2015-08-21 00:00:00+09:00,1335.5401838770454,1493.4703855694465,1270.3081440475753,1455.7044677734375,997325,0.0,0.0
2015-08-24 00:00:00+09:00,1441.9714948043083,1486.6039458339656,1369.872920064093,1414.50537109375,416102,0.0,0.0
2015-08-25 00:00:00+09:00,1421.3720742593462,1493.4706577362695,1383.6061495809577,1486.6041259765625,436118,0.0,0.0
2015-08-26 00:00:00+09:00,1476.3041720920137,1551.836013454861,1448.8380479600694,1544.969482421875,542275,0.0,0.0
2015-08-27 00:00:00+09:00,1579.3021121208901,1606.7682358099491,1507.2035374371103,1514.070068359375,446772,0.0,0.0
2015-08-28 00:00:00+09:00,1541.5362853318118,1562.1358793451545,1524.3699569873595,1527.80322265625,209418,0.0,0.0
2015-08-31 00:00:00+09:00,1527.803260871956,1541.5363238910297,1490.037337569503,1524.3699951171875,104824,0.0,0.0
2015-09-01 00:00:00+09:00,1558.7025731286337,1558.7025731286337,1435.105012263808,1476.30419921875,230738,0.0,0.0
2015-09-02 00:00:00+09:00,1476.304030373832,1483.1705607476636,1438.538113317757,1469.4375,99978,0.0,0.0
2015-09-03 00:00:00+09:00,1486.604027105133,1575.8689340444712,1486.604027105133,1517.50341796875,262496,0.0,0.0
2015-09-04 00:00:00+09:00,1517.5034253669508,1541.536285044708,1466.0044403431855,1472.8709716796875,212557,0.0,0.0
2015-09-07 00:00:00+09:00,1448.8379088785048,1472.870765186916,1390.4724007009347,1469.4375,198426,0.0,0.0
2015-09-08 00:00:00+09:00,1469.4376976943597,1469.4376976943597,1393.9058534203507,1407.638916015625,179911,0.0,0.0
2015-09-09 00:00:00+09:00,1428.2386060190531,1630.8012929304093,1421.3720742593462,1486.6041259765625,1144294,0.0,0.0
2015-09-10 00:00:00+09:00,1486.6038905152486,1510.636747867689,1445.4047064824936,1496.9036865234375,158379,0.0,0.0
2015-09-11 00:00:00+09:00,1493.470458984375,1507.2035206761852,1466.0043356007543,1493.470458984375,110257,0.0,0.0
2015-09-14 00:00:00+09:00,1483.1706371038733,1520.9365561042034,1445.4047181035432,1462.571044921875,123994,0.0,0.0
2015-09-15 00:00:00+09:00,1462.5711970917166,1503.7703857421875,1448.8381342082264,1503.7703857421875,170265,0.0,0.0
2015-09-16 00:00:00+09:00,1524.370111880095,1582.7356341818104,1500.3372497558594,1579.3023681640625,589023,0.0,0.0
2015-09-17 00:00:00+09:00,1606.768356258311,1637.6677477248172,1579.302230510306,1613.6348876953125,825067,0.0,0.0
2015-09-18 00:00:00+09:00,1661.700622062373,1689.1667480468752,1613.6349015894946,1689.166748046875,650102,0.0,0.0
2015-09-21 00:00:00+09:00,1678.8669131415766,1781.8648832729616,1627.367928075884,1747.5322265625,1020083,0.0,0.0
2015-09-22 00:00:00+09:00,1761.265157707124,1774.998219365659,1716.632707316885,1737.2322998046875,375058,0.0,0.0
2015-09-23 00:00:00+09:00,1740.6655429808561,1740.6655429808561,1627.3677857454159,1661.700439453125,453824,0.0,0.0
2015-09-24 00:00:00+09:00,1689.1664858217591,1689.1664858217591,1647.9673032407406,1668.56689453125,197457,0.0,0.0
2015-09-25 00:00:00+09:00,1675.433599917763,1675.433599917763,1606.7682884457236,1630.8011474609375,169026,0.0,0.0
2015-09-30 00:00:00+09:00,1641.1006990026256,1675.433349609375,1593.0349881531763,1675.433349609375,157891,0.0,0.0
2015-10-01 00:00:00+09:00,1685.7335347534427,1716.6329274474977,1668.5672054789677,1706.3331298828125,231170,0.0,0.0
2015-10-02 00:00:00+09:00,1713.199454522902,1723.499250842679,1668.5670038038684,1702.899658203125,206832,0.0,0.0
2015-10-05 00:00:00+09:00,1713.1993423273534,1713.1993423273534,1661.7003641010801,1668.56689453125,229312,0.0,0.0
2015-10-06 00:00:00+09:00,1716.6327744900823,1733.7991022349831,1692.599915647221,1720.0660400390625,568465,0.0,0.0
2015-10-07 00:00:00+09:00,1737.232587131742,1819.6309707111134,1672.00053346474,1678.8670654296875,949900,0.0,0.0
2015-10-08 00:00:00+09:00,1682.2998604042402,1702.899450531639,1603.334764915878,1654.833740234375,383237,0.0,0.0
2015-10-12 00:00:00+09:00,1661.7004604379588,1668.5669912662147,1596.4684175695265,1637.6676025390625,303823,0.0,0.0
2015-10-13 00:00:00+09:00,1620.501334704824,1641.1009279425973,1579.3021482292777,1610.2015380859375,265270,0.0,0.0
2015-10-14 00:00:00+09:00,1599.9017085569953,1785.2980438833424,1544.9694610528925,1569.0023193359375,2842712,0.0,0.0
2015-10-15 00:00:00+09:00,1569.002525096377,1586.1688546926175,1531.236599984648,1572.435791015625,256789,0.0,0.0
2015-10-16 00:00:00+09:00,1572.4358361285665,1589.6021662173064,1565.5693040930705,1579.3023681640625,209939,0.0,0.0
2015-10-19 00:00:00+09:00,1599.9016785859544,1603.3349439906453,1565.5690245390456,1582.7353515625,268863,0.0,0.0
2015-10-20 00:00:00+09:00,1569.002553990526,1682.3003314121613,1555.269490060631,1678.8670654296875,782407,0.0,0.0
2015-10-21 00:00:00+09:00,1692.599936002468,1812.7642316618724,1641.1009521484375,1641.1009521484375,1607271,0.0,0.0
2015-10-22 00:00:00+09:00,1637.6676944090275,1665.1338192628475,1613.6348351619347,1651.4007568359375,271214,0.0,0.0
2015-10-23 00:00:00+09:00,1654.8340145095121,1678.866873641393,1623.9346241970939,1641.1009521484375,256688,0.0,0.0
2015-10-26 00:00:00+09:00,1665.1338734728224,1665.1338734728224,1610.2016219768118,1613.6348876953125,206882,0.0,0.0
2015-10-27 00:00:00+09:00,1603.3350526846139,1630.8011777841361,1603.3350526846139,1617.068115234375,126590,0.0,0.0
2015-10-28 00:00:00+09:00,1630.8013116428426,1630.8013116428426,1555.2694614193847,1572.435791015625,294640,0.0,0.0
2015-10-29 00:00:00+09:00,1575.868965316974,1603.3350910741326,1558.7026367187498,1558.70263671875,120942,0.0,0.0
2015-10-30 00:00:00+09:00,1586.168872833252,1589.6021387917654,1517.5035536629812,1538.1031494140625,214839,0.0,0.0
2015-11-02 00:00:00+09:00,1538.1031494140625,1558.7027451651436,1524.3700855800082,1538.1031494140625,63855,0.0,0.0
2015-11-03 00:00:00+09:00,1551.836013454861,1562.13581000434,1531.2364203559027,1544.969482421875,100157,0.0,0.0
2015-11-04 00:00:00+09:00,1558.702613676264,1562.1358793451545,1510.6368943117977,1527.80322265625,157735,0.0,0.0
2015-11-05 00:00:00+09:00,1527.8031302039046,1551.835988431831,1493.470475592581,1514.070068359375,161870,0.0,0.0
2015-11-06 00:00:00+09:00,1510.6367780639914,1651.4006596563179,1486.6039202311551,1582.7353515625,718936,0.0,0.0
2015-11-09 00:00:00+09:00,1579.3022985971102,1651.4008817939348,1544.9696399319557,1596.4686279296875,788310,0.0,0.0
2015-11-10 00:00:00+09:00,1596.4686279296875,1634.2345524613575,1555.269437531502,1596.4686279296875,557271,0.0,0.0
2015-11-11 00:00:00+09:00,1582.7353559130145,1637.6676025390627,1569.0022942565024,1637.6676025390625,694789,0.0,0.0
2015-11-12 00:00:00+09:00,1637.6678904657779,1641.1011564835258,1572.4358361285665,1579.3023681640625,549912,0.0,0.0
2015-11-13 00:00:00+09:00,1548.4025992990655,1569.002190420561,1455.7044392523367,1469.4375,780837,0.0,0.0
2015-11-16 00:00:00+09:00,1390.4726028442383,1424.8052597045898,1359.5732116699219,1373.3062744140625,493165,0.0,0.0
2015-11-17 00:00:00+09:00,1452.271385192871,1486.6040420532227,1417.9387283325195,1428.238525390625,314540,0.0,0.0
2015-11-18 00:00:00+09:00,1424.805310421732,1524.370018860841,1424.805310421732,1500.337158203125,237955,0.0,0.0
2015-11-19 00:00:00+09:00,1507.2036898196152,1524.370018860841,1472.871031737164,1500.337158203125,133307,0.0,0.0
2015-11-20 00:00:00+09:00,1490.0372851117597,1562.135863423619,1483.1707538439637,1507.20361328125,244762,0.0,0.0
2015-11-23 00:00:00+09:00,1510.636987135537,1527.8033165348045,1479.7375942168555,1486.6041259765625,169424,0.0,0.0
2015-11-24 00:00:00+09:00,1479.737359843123,1520.936543875878,1476.30409450706,1496.9036865234375,119520,0.0,0.0
2015-11-25 00:00:00+09:00,1486.6038905152486,1565.568993244696,1455.7045024906824,1496.9036865234375,797880,0.0,0.0
2015-11-26 00:00:00+09:00,1486.6041600363594,1544.9696813310895,1486.6041600363594,1538.1031494140625,364530,0.0,0.0
2015-11-27 00:00:00+09:00,1538.1029265873017,1558.702519354096,1496.9037410537132,1514.070068359375,164023,0.0,0.0
2015-11-30 00:00:00+09:00,1514.0699474299067,1527.8030081775703,1455.7044392523367,1469.4375,216371,0.0,0.0
2015-12-01 00:00:00+09:00,1476.3041063765406,1514.0700253768707,1459.1377795582086,1462.571044921875,188832,0.0,0.0
2015-12-02 00:00:00+09:00,1462.5713470037083,1599.9019899148545,1462.5713470037083,1490.0374755859375,518409,0.0,0.0
2015-12-03 00:00:00+09:00,1510.6370217459541,1541.536415372576,1490.037425994873,1538.1031494140625,210793,0.0,0.0
2015-12-04 00:00:00+09:00,1524.369809211941,1544.9694012283185,1486.6038905152486,1496.9036865234375,135921,0.0,0.0
2015-12-07 00:00:00+09:00,1496.9036865234375,1524.369809211941,1479.737359843123,1496.9036865234375,98180,0.0,0.0
2015-12-08 00:00:00+09:00,1483.1707529920213,1493.4705498877993,1428.2385028812057,1452.2713623046875,186403,0.0,0.0
2015-12-09 00:00:00+09:00,1441.9715881347656,1455.7046508789062,1421.3719940185547,1428.238525390625,158065,0.0,0.0
2015-12-10 00:00:00+09:00,1435.104821115879,1448.8378816050263,1390.4723745261508,1393.9056396484375,255345,0.0,0.0
2015-12-11 00:00:00+09:00,1397.3391416272002,1486.6040499375374,1397.3391416272002,1438.538330078125,304094,0.0,0.0
2015-12-14 00:00:00+09:00,1435.10498046875,1452.2713079863188,1359.5731393914473,1435.10498046875,236049,0.0,0.0
2015-12-15 00:00:00+09:00,1400.7723690826112,1435.1050251875772,1369.872978588142,1387.039306640625,163023,0.0,0.0
2015-12-16 00:00:00+09:00,1400.7721791908618,1421.3717700613158,1390.4723837556348,1404.2054443359375,124322,0.0,0.0
2015-12-17 00:00:00+09:00,1421.371826171875,1448.8379484167422,1414.505295610658,1421.371826171875,106395,0.0,0.0
2015-12-18 00:00:00+09:00,1407.6389014834451,1441.9715576171875,1397.3391046433223,1441.9715576171875,90015,0.0,0.0
2015-12-21 00:00:00+09:00,1424.8050525700935,1490.0370911214955,1407.638726635514,1469.4375,290558,0.0,0.0
2015-12-22 00:00:00+09:00,1493.4705271166424,1517.5033861736918,1455.704605741279,1476.30419921875,304292,0.0,0.0
2015-12-23 00:00:00+09:00,1496.903715910735,1496.903715910735,1469.437592683015,1483.170654296875,172594,0.0,0.0
2015-12-24 00:00:00+09:00,1483.1706792091838,1534.6696611261693,1479.7374137480515,1514.070068359375,443855,0.0,0.0
2015-12-28 00:00:00+09:00,1538.1029136640798,1610.2014877420836,1517.5033210703646,1548.4027099609375,871397,0.0,0.0
2015-12-29 00:00:00+09:00,1619.2678161621095,1636.9840942382814,1583.8352600097658,1629.8975830078125,239689,70.0,0.0
2015-12-30 00:00:00+09:00,1651.157116699219,1661.786883544922,1594.465026855469,1629.8975830078125,280181,0.0,0.0
2016-01-04 00:00:00+09:00,1675.9598478790897,1675.9598478790897,1580.29194958578,1583.835205078125,345895,0.0,0.0
2016-01-05 00:00:00+09:00,1559.0324768485414,1583.8352662529499,1488.1673642645167,1548.4027099609375,376223,0.0,0.0
2016-01-06 00:00:00+09:00,1548.4025129005486,1555.4890232570726,1491.7104300483545,1534.2294921875,438266,0.0,0.0
2016-01-07 00:00:00+09:00,1512.9701102954918,1523.5998768783643,1470.4510439640028,1481.080810546875,319964,0.0,0.0
2016-01-08 00:00:00+09:00,1410.2156491268381,1512.9700557215074,1399.5858829273898,1505.883544921875,543519,0.0,0.0
2016-01-11 00:00:00+09:00,1520.056658935547,1520.056658935547,1473.9943359375002,1488.1673583984375,175009,0.0,0.0
2016-01-12 00:00:00+09:00,1495.2538326573715,1509.4268547678678,1470.4510439640028,1481.080810546875,196065,0.0,0.0
2016-01-13 00:00:00+09:00,1488.1673771099454,1505.8836554088732,1452.7348205120895,1456.278076171875,444461,0.0,0.0
2016-01-14 00:00:00+09:00,1445.6482610128012,1481.0808164297816,1445.6482610128012,1470.4510498046875,170467,0.0,0.0
2016-01-15 00:00:00+09:00,1477.5376470164006,1516.5134602470491,1459.8213682751968,1463.3646240234375,267800,0.0,0.0
2016-01-18 00:00:00+09:00,1463.3645812693426,1484.6241151376623,1445.6483030457428,1466.9078369140625,147617,0.0,0.0
2016-01-19 00:00:00+09:00,1473.99439126816,1481.0809027646415,1452.7348567787153,1463.3646240234375,170586,0.0,0.0
2016-01-20 00:00:00+09:00,1466.9078757546165,1491.7106659243807,1403.1292724609375,1403.1292724609375,476379,0.0,0.0
2016-01-21 00:00:00+09:00,1403.1290467797255,1473.994150152439,1399.58579161109,1452.734619140625,318777,0.0,0.0
2016-01-22 00:00:00+09:00,1452.7346666458204,1466.9076877838284,1424.3886243698043,1438.5616455078125,210744,0.0,0.0
2016-01-25 00:00:00+09:00,1445.6482736013986,1551.945940777972,1445.6482736013986,1520.056640625,658224,0.0,0.0
2016-01-26 00:00:00+09:00,1523.6000830974053,1551.9461311550315,1509.4270590685921,1544.859619140625,463806,0.0,0.0
2016-01-27 00:00:00+09:00,1544.8595235572673,1551.946035133218,1477.537663585735,1502.3404541015625,458442,0.0,0.0
2016-01-28 00:00:00+09:00,1481.0807933941378,1516.5133482600263,1470.4510269343714,1512.9700927734375,305678,0.0,0.0
2016-01-29 00:00:00+09:00,1502.3404971003251,1541.3163118835882,1473.9944499852247,1498.7972412109375,353169,0.0,0.0
2016-02-01 00:00:00+09:00,1516.5133056640625,1523.5998164381936,1477.5374964063412,1516.5133056640625,433149,0.0,0.0
2016-02-02 00:00:00+09:00,1512.9700870957486,1530.6863644622092,1481.0807878361193,1523.599853515625,333825,0.0,0.0
2016-02-03 00:00:00+09:00,1505.883544921875,1534.2295881204043,1473.9942463235293,1505.883544921875,397016,0.0,0.0
2016-02-04 00:00:00+09:00,1516.5133850524476,1530.6864073426575,1484.6240848994757,1520.056640625,361657,0.0,0.0
2016-02-05 00:00:00+09:00,1527.1432883260381,1569.662358998689,1498.7972412109375,1498.7972412109375,574667,0.0,0.0
2016-02-11 00:00:00+09:00,1495.2539172008987,1495.2539172008987,1342.8939208984375,1342.8939208984375,1430085,0.0,0.0
2016-02-12 00:00:00+09:00,1303.9179260253907,1325.1774574279784,1130.2984195709228,1133.8416748046875,2109463,0.0,0.0
2016-02-15 00:00:00+09:00,1162.1879957932692,1268.4856783353366,1123.212178861178,1151.5582275390625,1907121,0.0,0.0
2016-02-16 00:00:00+09:00,1158.6445861816408,1243.6827209472658,1155.1013305664064,1204.7069091796875,1627156,0.0,0.0
2016-02-17 00:00:00+09:00,1225.9665068655302,1250.769297466856,1140.9283676609848,1169.2744140625,1092841,0.0,0.0
2016-02-18 00:00:00+09:00,1190.5339649010264,1218.880011684384,1169.274429813508,1208.250244140625,881162,0.0,0.0
2016-02-19 00:00:00+09:00,1208.2502941411767,1264.9423900539593,1197.62052615753,1254.3126220703125,876864,0.0,0.0
2016-02-22 00:00:00+09:00,1247.2258725071224,1257.85563846599,1218.8798299501425,1243.6826171875,421733,0.0,0.0
2016-02-23 00:00:00+09:00,1250.7693664369667,1250.7693664369667,1179.9042465255238,1194.0772705078125,865173,0.0,0.0
2016-02-24 00:00:00+09:00,1190.5338134765625,1204.706835065569,1169.2742810930524,1190.5338134765625,442142,0.0,0.0
2016-02-25 00:00:00+09:00,1194.0771058212372,1204.7068723419009,1183.4473393005733,1197.620361328125,392111,0.0,0.0
2016-02-26 00:00:00+09:00,1204.7069031295555,1215.336669921875,1186.990625142356,1215.336669921875,295197,0.0,0.0
2016-02-29 00:00:00+09:00,1222.4231750841086,1236.5961974039244,1204.706897184339,1225.9664306640625,443372,0.0,0.0
2016-03-02 00:00:00+09:00,1233.0528512286323,1272.02865974448,1211.7933193108975,1243.6826171875,790334,0.0,0.0
2016-03-03 00:00:00+09:00,1243.6826597377233,1254.3124260602679,1222.4231270926339,1240.139404296875,360378,0.0,0.0
2016-03-04 00:00:00+09:00,1243.6829321632922,1264.942469465229,1240.1396759463028,1257.85595703125,456578,0.0,0.0
2016-03-07 00:00:00+09:00,1272.0287423082577,1396.042686544439,1261.3989756594422,1318.091064453125,1421528,0.0,0.0
2016-03-08 00:00:00+09:00,1325.1777133393848,1367.6967843556217,1289.7451541591872,1357.0670166015625,647111,0.0,0.0
2016-03-09 00:00:00+09:00,1353.5238393147786,1381.869888305664,1332.2643025716145,1360.6103515625,536617,0.0,0.0
2016-03-10 00:00:00+09:00,1360.6102655440413,1367.69677734375,1342.8939860447701,1367.69677734375,365206,0.0,0.0
2016-03-11 00:00:00+09:00,1364.1532881887335,1364.1532881887335,1332.2639905427632,1346.43701171875,484210,0.0,0.0
2016-03-14 00:00:00+09:00,1342.8938414558531,1357.066863529266,1339.3505859375,1339.3505859375,215601,0.0,0.0
2016-03-15 00:00:00+09:00,1339.35071484375,1353.5237382812502,1314.547923828125,1328.720947265625,277164,0.0,0.0
2016-03-16 00:00:00+09:00,1314.5478750747238,1349.980432354366,1311.0046193467597,1342.8939208984375,209620,0.0,0.0
2016-03-17 00:00:00+09:00,1342.893884309723,1349.9803955725713,1303.9180723640584,1335.807373046875,339835,0.0,0.0
2016-03-18 00:00:00+09:00,1335.8074094425092,1353.5236880823302,1318.091130802688,1342.8939208984375,309012,0.0,0.0
2016-03-21 00:00:00+09:00,1349.980583190918,1360.6103515625,1318.0912780761719,1360.6103515625,283007,0.0,0.0
2016-03-22 00:00:00+09:00,1371.240119934082,1403.1294250488281,1346.4373270670571,1360.6103515625,592615,0.0,0.0
2016-03-23 00:00:00+09:00,1339.350628678299,1360.6101624668436,1332.264117415451,1335.807373046875,276356,0.0,0.0
2016-03-24 00:00:00+09:00,1325.177624909774,1346.4371589992356,1303.9180908203125,1303.9180908203125,327652,0.0,0.0
2016-03-25 00:00:00+09:00,1303.9180022321427,1314.5477685546875,1190.533828125,1240.139404296875,1475774,0.0,0.0
2016-03-28 00:00:00+09:00,1247.2260605796089,1268.485595703125,1222.4232696021736,1268.485595703125,411767,0.0,0.0
2016-03-29 00:00:00+09:00,1268.4856316460505,1296.831679280599,1268.4856316460505,1275.5721435546875,416973,0.0,0.0
2016-03-30 00:00:00+09:00,1289.7451308266411,1289.7451308266411,1257.855828141367,1268.485595703125,448529,0.0,0.0
2016-03-31 00:00:00+09:00,1272.0287538955772,1303.9180541325136,1268.4854983136954,1296.83154296875,444876,0.0,0.0
2016-04-01 00:00:00+09:00,1296.8316288203982,1314.547907902644,1279.1153497381524,1289.7451171875,285792,0.0,0.0
2016-04-04 00:00:00+09:00,1289.7452826381716,1314.5480765350594,1272.0290012832515,1286.2020263671875,342137,0.0,0.0
2016-04-05 00:00:00+09:00,1286.2017081003005,1293.2882188887318,1247.2258987639277,1272.0286865234375,500078,0.0,0.0
2016-04-06 00:00:00+09:00,1272.0287409695711,1272.0287409695711,1236.5961855108087,1247.2259521484375,517944,0.0,0.0
2016-04-07 00:00:00+09:00,1240.139441056685,1264.9422298778186,1225.96641887318,1247.2259521484375,444039,0.0,0.0
2016-04-08 00:00:00+09:00,1247.2259151785713,1257.8556815011161,1215.3366162109376,1240.139404296875,259870,0.0,0.0
2016-04-11 00:00:00+09:00,1240.1393618678774,1261.3988937856125,1229.50959590901,1243.6826171875,217963,0.0,0.0
2016-04-12 00:00:00+09:00,1243.6829918170797,1254.3127609779094,1222.4234534954203,1233.05322265625,211323,0.0,0.0
2016-04-14 00:00:00+09:00,1247.226095920139,1279.1153995090062,1236.5963280571832,1275.5721435546875,478824,0.0,0.0
2016-04-15 00:00:00+09:00,1261.3990544219193,1282.6585890470078,1240.1395197968307,1250.769287109375,580721,0.0,0.0
2016-04-18 00:00:00+09:00,1257.8559761993156,1364.1536643288352,1247.2262073863637,1286.2020263671875,1932054,0.0,0.0
2016-04-19 00:00:00+09:00,1289.7452290852864,1381.869888305664,1289.7452290852864,1360.6103515625,2915461,0.0,0.0
2016-04-20 00:00:00+09:00,1378.326486065659,1587.3785752118645,1367.696718820937,1463.3646240234375,10372152,0.0,0.0
2016-04-21 00:00:00+09:00,1491.7105830548758,1502.34034967997,1417.3022166792168,1470.4510498046875,1804928,0.0,0.0
2016-04-22 00:00:00+09:00,1481.080810546875,1541.3161545164849,1438.5617442153857,1481.080810546875,1769622,0.0,0.0
2016-04-25 00:00:00+09:00,1502.3401915015243,1612.18110172923,1452.734619140625,1452.734619140625,2455118,0.0,0.0
2016-04-26 00:00:00+09:00,1442.1050054711031,1534.2296495552523,1435.018494387707,1470.4510498046875,2420209,0.0,0.0
2016-04-27 00:00:00+09:00,1466.9076398151676,1477.5374053210746,1449.1913639719892,1452.734619140625,768108,0.0,0.0
2016-04-28 00:00:00+09:00,1445.6483389047476,1527.14322075477,1427.9320602416992,1473.994384765625,1289613,0.0,0.0
2016-04-29 00:00:00+09:00,1470.4510557304309,1473.9943112864078,1424.3887335027307,1459.8212890625,907336,0.0,0.0
2016-05-02 00:00:00+09:00,1442.1051091864558,1445.6483649829827,1424.3888302038213,1431.475341796875,623224,0.0,0.0
2016-05-03 00:00:00+09:00,1438.5617978729472,1456.278076171875,1424.3887752338048,1456.278076171875,451842,0.0,0.0
2016-05-04 00:00:00+09:00,1456.2780888310185,1477.537622974537,1406.6725091628086,1435.0185546875,732603,0.0,0.0
2016-05-09 00:00:00+09:00,1427.932082853884,1431.4753386426032,1371.239990234375,1371.239990234375,604250,0.0,0.0
2016-05-10 00:00:00+09:00,1378.3265312350527,1388.956298828125,1339.3507167271207,1388.956298828125,698473,0.0,0.0
2016-05-11 00:00:00+09:00,1403.1294019859256,1403.1294019859256,1371.2400973953365,1392.4996337890625,266766,0.0,0.0
2016-05-12 00:00:00+09:00,1403.1293292597204,1403.1293292597204,1367.6967704400304,1378.3265380859375,405556,0.0,0.0
2016-05-13 00:00:00+09:00,1374.783239433093,1392.499518291767,1367.6967278896234,1381.8697509765625,293044,0.0,0.0
2016-05-16 00:00:00+09:00,1367.6968413297154,1399.5861459203047,1360.6103291984734,1392.4996337890625,429662,0.0,0.0
2016-05-17 00:00:00+09:00,1396.0429254845728,1403.1294377966772,1325.1778023635286,1399.586181640625,1199512,0.0,0.0
2016-05-18 00:00:00+09:00,1399.5859744125082,1399.5859744125082,1335.807373046875,1335.807373046875,926124,0.0,0.0
2016-05-19 00:00:00+09:00,1346.4371088499665,1360.610131048387,1311.0045533539146,1318.091064453125,594761,0.0,0.0
2016-05-20 00:00:00+09:00,1314.547923828125,1346.4372265625,1311.00466796875,1328.720947265625,481709,0.0,0.0
2016-05-23 00:00:00+09:00,1332.2642822265625,1357.0670747148229,1325.1777700870593,1332.2642822265625,452517,0.0,0.0
2016-05-24 00:00:00+09:00,1339.3505602037585,1342.893815654033,1296.8314948004645,1311.0045166015625,420970,0.0,0.0
2016-05-25 00:00:00+09:00,1328.7209835149308,1488.1675015367227,1303.9181918226523,1396.0428466796875,2567074,0.0,0.0
2016-05-26 00:00:00+09:00,1396.0427371939434,1403.129248550258,1360.6101804123712,1374.783203125,741941,0.0,0.0
2016-05-27 00:00:00+09:00,1385.4129095796366,1424.388720335074,1364.153376440307,1410.2156982421875,762233,0.0,0.0
2016-05-30 00:00:00+09:00,1417.3022519484414,1495.2538758056055,1399.5859737990859,1477.53759765625,2710698,0.0,0.0
2016-05-31 00:00:00+09:00,1470.4510269343714,1523.5998592332041,1452.7347495014271,1512.9700927734375,1898213,0.0,0.0
2016-06-01 00:00:00+09:00,1498.7972343337367,1520.056769572513,1463.3646756024427,1509.427001953125,1139928,0.0,0.0
2016-06-02 00:00:00+09:00,1495.2537265353733,1541.3160451253254,1477.5374501546223,1530.686279296875,915303,0.0,0.0
2016-06-03 00:00:00+09:00,1537.7727898491753,1537.7727898491753,1495.2537265353733,1530.686279296875,713544,0.0,0.0
2016-06-07 00:00:00+09:00,1537.7727934738684,1551.9458146118764,1431.4751349388084,1438.5616455078125,1401548,0.0,0.0
2016-06-08 00:00:00+09:00,1442.1049477251838,1505.883544921875,1424.3886707261029,1505.883544921875,1209090,0.0,0.0
2016-06-09 00:00:00+09:00,1509.4269241898148,1509.4269241898148,1427.9320433063272,1435.0185546875,1022360,0.0,0.0
2016-06-10 00:00:00+09:00,1452.7349146488993,1512.9702647684878,1438.561891091349,1498.7972412109375,1268432,0.0,0.0
2016-06-13 00:00:00+09:00,1477.5374053210746,1502.3401915015243,1438.5615984660822,1452.734619140625,788258,0.0,0.0
2016-06-14 00:00:00+09:00,1442.105017179382,1470.4510617431044,1424.3887393270554,1449.1915283203125,423102,0.0,0.0
2016-06-15 00:00:00+09:00,1445.6483583192567,1459.8213814400337,1427.9320794182854,1442.1051025390625,341420,0.0,0.0
2016-06-16 00:00:00+09:00,1445.6484300642448,1502.3405253608819,1364.153543075329,1396.0428466796875,1385437,0.0,0.0
2016-06-17 00:00:00+09:00,1406.6726580515467,1424.3889383796518,1367.6968413297154,1392.4996337890625,800329,0.0,0.0
2016-06-20 00:00:00+09:00,1399.5859856153056,1459.8213318316607,1396.0427299555201,1456.278076171875,532992,0.0,0.0
2016-06-21 00:00:00+09:00,1466.9076398151676,1481.0806604897102,1427.9318329601751,1452.734619140625,442920,0.0,0.0
2016-06-22 00:00:00+09:00,1463.364551464161,1541.3161740603148,1442.1050180288462,1520.056640625,2469953,0.0,0.0
2016-06-23 00:00:00+09:00,1512.9701043715668,1686.5896245453532,1473.9942937203086,1491.7105712890625,9515772,0.0,0.0
2016-06-24 00:00:00+09:00,1523.5997764185854,1527.1430317125821,1311.004458778783,1346.43701171875,4617653,0.0,0.0
2016-06-27 00:00:00+09:00,1279.1153786098407,1349.980496538364,1275.5721227134147,1307.46142578125,2261693,0.0,0.0
2016-06-28 00:00:00+09:00,1289.7450975515246,1353.5237012766001,1282.6585860265163,1321.6343994140625,1834918,0.0,0.0
2016-06-29 00:00:00+09:00,1349.9803524925594,1374.7831411210316,1332.2640749007935,1339.3505859375,1339917,0.0,0.0
2016-06-30 00:00:00+09:00,1360.6100328947368,1385.4128199527138,1346.43701171875,1346.43701171875,1192785,0.0,0.0
2016-07-01 00:00:00+09:00,1367.6967704400304,1385.4130498498753,1357.0670027941235,1378.3265380859375,941442,0.0,0.0
2016-07-04 00:00:00+09:00,1396.0428105568399,1399.5860664211975,1371.2400195063378,1388.956298828125,1168573,0.0,0.0
2016-07-05 00:00:00+09:00,1399.5860885620116,1452.7349273681639,1396.0428326416015,1417.3023681640625,1383553,0.0,0.0
2016-07-06 00:00:00+09:00,1410.2157599065722,1427.9320382973583,1353.5236690560569,1374.783203125,903165,0.0,0.0
2016-07-07 00:00:00+09:00,1396.0428898546836,1427.932194445273,1392.4996337890625,1392.4996337890625,833986,0.0,0.0
2016-07-08 00:00:00+09:00,1403.1292550223213,1406.6725107168222,1357.0669309938107,1364.1534423828125,821156,0.0,0.0
2016-07-11 00:00:00+09:00,1371.2400480409713,1438.5619108646881,1371.2400480409713,1406.672607421875,1471150,0.0,0.0
2016-07-12 00:00:00+09:00,1420.8454648118523,1427.9319758582953,1399.5859316725227,1410.2156982421875,815723,0.0,0.0
2016-07-13 00:00:00+09:00,1413.7589726156593,1449.1915283203125,1410.2157170451942,1449.1915283203125,1292040,0.0,0.0
2016-07-14 00:00:00+09:00,1459.8213814400337,1459.8213814400337,1424.3888236380913,1442.1051025390625,785242,0.0,0.0
2016-07-15 00:00:00+09:00,1456.2781256598394,1505.883706582559,1424.3888236380913,1442.1051025390625,1991334,0.0,0.0
2016-07-18 00:00:00+09:00,1452.7348698796452,1459.8213814400337,1435.018590978674,1442.1051025390625,727675,0.0,0.0
2016-07-19 00:00:00+09:00,1445.6482668385922,1484.6240779543386,1438.5617557266385,1459.8212890625,996137,0.0,0.0
2016-07-20 00:00:00+09:00,1473.9944182512468,1473.9944182512468,1417.3023252415835,1420.8455810546875,781663,0.0,0.0
2016-07-21 00:00:00+09:00,1442.1051525182227,1530.6865500930521,1424.3888730032568,1427.93212890625,2002019,0.0,0.0
2016-07-22 00:00:00+09:00,1445.6480525299276,1608.6377839426157,1435.0182874377958,1590.9215087890625,14378663,0.0,0.0
2016-07-25 00:00:00+09:00,1608.6379993885487,1608.6379993885487,1548.4026557991097,1573.2054443359375,3190662,0.0,0.0
2016-07-26 00:00:00+09:00,1573.2052336355096,1590.9215087890625,1523.599663205561,1590.9215087890625,2304673,0.0,0.0
2016-07-27 00:00:00+09:00,1654.7005324460147,1817.6903065199263,1562.5758775346735,1576.7489013671875,15460653,0.0,0.0
2016-07-28 00:00:00+09:00,1576.7487257618016,1675.9598815400723,1559.0324479442531,1672.4166259765625,4319079,0.0,0.0
2016-07-29 00:00:00+09:00,1718.4788721850794,1743.2816600310496,1644.0705086471687,1658.2435302734375,4359066,0.0,0.0
2016-08-01 00:00:00+09:00,1675.959956654331,1835.406464158443,1647.6139108758223,1817.690185546875,10950271,0.0,0.0
2016-08-02 00:00:00+09:00,1817.6900521868226,1877.9253950468149,1768.084475713888,1838.9495849609375,7016443,0.0,0.0
2016-08-03 00:00:00+09:00,1831.8632764763006,1902.7283935546875,1803.517229644946,1902.7283935546875,3917021,0.0,0.0
2016-08-04 00:00:00+09:00,1877.9254698890118,1959.4203487709879,1849.5794250604984,1853.1226806640625,4896410,0.0,0.0
2016-08-05 00:00:00+09:00,1828.3200523501537,1853.1228437580046,1661.7870243260118,1729.10888671875,10281956,0.0,0.0
2016-08-08 00:00:00+09:00,1722.0222038656977,1739.7384816832462,1622.8110480874273,1672.4166259765625,6766746,0.0,0.0
2016-08-09 00:00:00+09:00,1668.8735282028777,1707.8493430865967,1644.0707369132383,1679.5032958984375,3341755,0.0,0.0
2016-08-10 00:00:00+09:00,1679.5030682963709,1683.0463237147176,1615.724470766129,1647.61376953125,2478336,0.0,0.0
2016-08-11 00:00:00+09:00,1651.157166598136,1661.7869337650766,1615.724609375,1615.724609375,1348221,0.0,0.0
2016-08-12 00:00:00+09:00,1626.3540590961686,1679.5028845568277,1590.9215087890625,1590.9215087890625,2594252,0.0,0.0
2016-08-16 00:00:00+09:00,1601.551526245641,1658.2436156702654,1598.008270656602,1651.1571044921875,1758440,0.0,0.0
2016-08-17 00:00:00+09:00,1633.4405828302556,1644.0703480113636,1537.772696200284,1559.0322265625,3083008,0.0,0.0
2016-08-18 00:00:00+09:00,1569.6619917436078,1619.2675625887784,1541.3159512606533,1559.0322265625,1447912,0.0,0.0
2016-08-19 00:00:00+09:00,1562.5754816228693,1590.921522105824,1555.4889715021307,1559.0322265625,833271,0.0,0.0
2016-08-22 00:00:00+09:00,1576.7485824896364,1583.835092972736,1548.4025405572386,1562.5755615234375,754984,0.0,0.0
2016-08-23 00:00:00+09:00,1562.5758991766413,1569.6624111910478,1527.1433391046087,1544.859619140625,1048795,0.0,0.0
2016-08-24 00:00:00+09:00,1555.4891094021898,1573.205386274652,1527.14306640625,1527.14306640625,859397,0.0,0.0
2016-08-25 00:00:00+09:00,1544.859540005388,1559.0325633081895,1516.5134933997845,1541.3162841796875,715217,0.0,0.0
2016-08-26 00:00:00+09:00,1534.2296199355014,1562.5756637218387,1523.599853515625,1523.599853515625,617618,0.0,0.0
2016-08-29 00:00:00+09:00,1527.1433391046087,1636.98427532791,1442.1051949317302,1544.859619140625,5972945,0.0,0.0
2016-08-30 00:00:00+09:00,1559.032643169438,1590.9219472342675,1523.6000830974053,1544.859619140625,1251596,0.0,0.0
2016-08-31 00:00:00+09:00,1562.5756894464362,1576.7487115729343,1527.1431341301904,1551.9459228515625,1079100,0.0,0.0
2016-09-01 00:00:00+09:00,1551.9457164417613,1576.7485018643465,1541.3159512606533,1559.0322265625,810786,0.0,0.0
2016-09-02 00:00:00+09:00,1559.0322265625,1569.6619917436078,1534.2294411399148,1559.0322265625,752961,0.0,0.0
2016-09-05 00:00:00+09:00,1580.292052151864,1626.3543765419406,1576.7487964295503,1615.724609375,2705625,0.0,0.0
2016-09-06 00:00:00+09:00,1626.3543765419406,1651.157166598136,1605.0948422080592,1615.724609375,1727544,0.0,0.0
2016-09-07 00:00:00+09:00,1629.897544547303,1644.0705666738013,1551.9459228515625,1551.9459228515625,1775563,0.0,0.0
2016-09-08 00:00:00+09:00,1537.7729370117188,1548.402703857422,1473.9943359375002,1488.1673583984375,2492168,0.0,0.0
2016-09-09 00:00:00+09:00,1459.8212773811304,1498.7970881849956,1456.2780218535063,1481.080810546875,842003,0.0,0.0
2016-09-12 00:00:00+09:00,1452.73467880728,1718.4788273695874,1435.0184022364595,1580.2918701171875,11743360,0.0,0.0
2016-09-13 00:00:00+09:00,1605.0947574798718,1672.4166126501093,1583.8352242682179,1622.81103515625,4411561,0.0,0.0
2016-09-19 00:00:00+09:00,1640.5274522858642,1725.5655923611573,1598.0083822482177,1661.7869873046875,5210247,0.0,0.0
2016-09-20 00:00:00+09:00,1661.7869509711256,1686.5897412841275,1636.9841606581238,1654.700439453125,1740347,0.0,0.0
2016-09-21 00:00:00+09:00,1661.786883544922,1711.3924621582032,1619.2678161621095,1629.8975830078125,2894681,0.0,0.0
2016-09-22 00:00:00+09:00,1640.5273128326282,1665.3301015795578,1619.2677796209744,1622.81103515625,1833236,0.0,0.0
2016-09-23 00:00:00+09:00,1640.5274522858642,1661.7869873046875,1615.7246614305704,1661.7869873046875,1382097,0.0,0.0
2016-09-26 00:00:00+09:00,1661.78680040035,1714.9356319696578,1629.8975014587656,1707.84912109375,2772090,0.0,0.0
2016-09-27 00:00:00+09:00,1711.3925485012421,1768.0846412052172,1686.5897579432533,1693.67626953125,4995145,0.0,0.0
2016-09-28 00:00:00+09:00,1693.6761593576205,1736.1952261197364,1672.4166259765625,1672.4166259765625,1895375,0.0,0.0
2016-09-29 00:00:00+09:00,1686.5898076954772,1718.4791107821566,1668.8735282028777,1679.5032958984375,1703074,0.0,0.0
2016-09-30 00:00:00+09:00,1679.502919470161,1679.502919470161,1605.094562278445,1608.6378173828125,1633869,0.0,0.0
2016-10-04 00:00:00+09:00,1615.724632526266,1665.330213349441,1615.724632526266,1644.0706787109375,1125215,0.0,0.0
2016-10-05 00:00:00+09:00,1629.8975592144466,1672.4166259765625,1629.8975592144466,1672.4166259765625,1034967,0.0,0.0
2016-10-06 00:00:00+09:00,1672.4165574596773,1686.5895791330645,1644.070514112903,1647.61376953125,813634,0.0,0.0
2016-10-07 00:00:00+09:00,1665.3302297491778,1697.2195320209705,1629.897671669408,1683.0465087890625,2358049,0.0,0.0
2016-10-10 00:00:00+09:00,1732.6521714154412,1753.9117072610293,1683.0465877757351,1686.58984375,2949128,0.0,0.0
2016-10-11 00:00:00+09:00,1697.2195684085102,1714.9358478282231,1658.2437536851414,1690.133056640625,1309671,0.0,0.0
2016-10-12 00:00:00+09:00,1679.5032958984375,1718.4791107821566,1668.8735282028777,1679.5032958984375,1732178,0.0,0.0
2016-10-13 00:00:00+09:00,1697.2193603515625,1736.1951702970055,1672.4165722044625,1697.2193603515625,2759827,0.0,0.0
2016-10-14 00:00:00+09:00,1718.4790984677595,1768.084680691571,1700.7628191021126,1760.9981689453125,5427457,0.0,0.0
2016-10-17 00:00:00+09:00,1789.3440408369606,1792.8872963633705,1704.305908203125,1704.305908203125,2861911,0.0,0.0
2016-10-18 00:00:00+09:00,1697.2193397456763,1697.2193397456763,1619.2677208011985,1658.2435302734375,2748621,0.0,0.0
2016-10-19 00:00:00+09:00,1658.2436279296876,1665.3301391601565,1626.3543273925782,1629.8975830078125,834271,0.0,0.0
2016-10-20 00:00:00+09:00,1636.984252655372,1640.5275086135007,1573.205645409059,1576.7489013671875,1593664,0.0,0.0
2016-10-21 00:00:00+09:00,1573.2054073281956,1590.9216844377474,1548.4026193748232,1566.118896484375,933260,0.0,0.0
2016-10-24 00:00:00+09:00,1583.8351735939268,1594.4649398596578,1562.5756410624647,1566.118896484375,680103,0.0,0.0
2016-10-25 00:00:00+09:00,1569.6621774631076,1622.811009657118,1551.945900065104,1594.4649658203125,1088588,0.0,0.0
2016-10-26 00:00:00+09:00,1587.3784134053737,1594.4649241795048,1505.8835395028657,1516.5133056640625,1288410,0.0,0.0
2016-10-27 00:00:00+09:00,1509.4270520047337,1587.3786837984053,1509.4270520047337,1555.4893798828125,1166483,0.0,0.0
2016-10-28 00:00:00+09:00,1551.9460516567888,1566.1190749595905,1537.773028353987,1541.3162841796875,505744,0.0,0.0
2016-10-31 00:00:00+09:00,1555.4892280320614,1555.4892280320614,1442.1050474010228,1466.9078369140625,1334610,0.0,0.0
2016-11-01 00:00:00+09:00,1431.475286553376,1484.6241214501597,1427.9320308935903,1456.278076171875,751828,0.0,0.0
2016-11-02 00:00:00+09:00,1452.7346705386512,1466.907691714638,1339.3505011307566,1346.43701171875,1750084,0.0,0.0
2016-11-03 00:00:00+09:00,1325.1777065454987,1381.869800943167,1325.1777065454987,1367.69677734375,853356,0.0,0.0
2016-11-04 00:00:00+09:00,1357.0670954386392,1378.3266321818032,1342.8940709431965,1360.6103515625,578029,0.0,0.0
2016-11-07 00:00:00+09:00,1381.8697132783777,1484.6241278554878,1381.8697132783777,1445.6483154296875,2050870,0.0,0.0
2016-11-08 00:00:00+09:00,1456.2781323725635,1456.2781323725635,1417.3023186107673,1431.475341796875,580969,0.0,0.0
2016-11-09 00:00:00+09:00,1431.4753005783277,1435.0185562728286,1250.7692601587864,1364.1534423828125,3962016,0.0,0.0
2016-11-10 00:00:00+09:00,1431.475311814693,1431.475311814693,1396.042754591557,1413.759033203125,1063043,0.0,0.0
2016-11-11 00:00:00+09:00,1417.3020674542681,1481.0806604897102,1417.3020674542681,1452.734619140625,1339626,0.0,0.0
2016-11-14 00:00:00+09:00,1449.1913639719892,1488.1671708269816,1442.104853634718,1452.734619140625,688787,0.0,0.0
2016-11-15 00:00:00+09:00,1438.561816770639,1452.7348395959655,1420.845538238981,1424.3887939453125,641488,0.0,0.0
2016-11-16 00:00:00+09:00,1445.6482727498471,1470.4510617431044,1438.5617616089166,1449.1915283203125,581621,0.0,0.0
2016-11-17 00:00:00+09:00,1470.4510498046875,1481.0808164297816,1445.6482610128012,1470.4510498046875,503589,0.0,0.0
2016-11-18 00:00:00+09:00,1473.994150152439,1481.0806604897102,1417.3020674542681,1452.734619140625,770707,0.0,0.0
2016-11-21 00:00:00+09:00,1431.4751867502223,1530.6863383071684,1413.7589096864817,1495.2537841796875,2580916,0.0,0.0
2016-11-22 00:00:00+09:00,1495.253919161283,1527.14322075477,1466.9078733004055,1473.994384765625,1319131,0.0,0.0
2016-11-23 00:00:00+09:00,1488.1673900462963,1495.2539014274691,1427.9320433063272,1435.0185546875,765063,0.0,0.0
2016-11-24 00:00:00+09:00,1424.3889383796518,1438.561962642136,1378.3266095265785,1392.4996337890625,788383,0.0,0.0
2016-11-25 00:00:00+09:00,1392.4994988692433,1417.3022889254385,1385.4129874246162,1413.759033203125,277192,0.0,0.0
2016-11-28 00:00:00+09:00,1406.6725578022717,1435.0186043071033,1406.6725578022717,1420.8455810546875,260462,0.0,0.0
2016-11-29 00:00:00+09:00,1420.8453690853023,1456.2779219303225,1417.3021138008005,1438.5616455078125,446372,0.0,0.0
2016-11-30 00:00:00+09:00,1438.5616455078125,1463.3644324993263,1431.4751349388084,1438.5616455078125,357084,0.0,0.0
2016-12-01 00:00:00+09:00,1445.648422740869,1445.648422740869,1406.672607421875,1406.672607421875,525566,0.0,0.0
2016-12-02 00:00:00+09:00,1403.1292724609375,1420.8455511536263,1392.4995052453244,1403.1292724609375,290152,0.0,0.0
2016-12-05 00:00:00+09:00,1396.0427807554101,1420.8455712764453,1367.6967344456557,1371.239990234375,464711,0.0,0.0
2016-12-06 00:00:00+09:00,1371.2401323922072,1406.6726939527293,1371.2401323922072,1399.586181640625,221103,0.0,0.0
2016-12-07 00:00:00+09:00,1396.0426890549152,1484.6240779543386,1396.0426890549152,1459.8212890625,1616709,0.0,0.0
2016-12-08 00:00:00+09:00,1459.8212890625,1477.5375668423846,1445.6482668385922,1459.8212890625,675249,0.0,0.0
2016-12-09 00:00:00+09:00,1466.9077942629895,1481.0808164297816,1449.1915165544992,1470.4510498046875,839432,0.0,0.0
2016-12-12 00:00:00+09:00,1488.1674667143484,1516.5135136993838,1473.9944432218308,1509.427001953125,1032269,0.0,0.0
2016-12-13 00:00:00+09:00,1523.5998331220167,1523.5998331220167,1466.9077463081742,1484.6240234375,1020980,0.0,0.0
2016-12-14 00:00:00+09:00,1488.1673335103155,1495.2538446222695,1459.8212890625,1459.8212890625,552982,0.0,0.0
2016-12-15 00:00:00+09:00,1456.2779746394588,1509.4268058306798,1456.2779746394588,1495.2537841796875,734726,0.0,0.0
2016-12-16 00:00:00+09:00,1495.2537841796875,1509.4268058306798,1477.5375071159472,1495.2537841796875,502720,0.0,0.0
2016-12-19 00:00:00+09:00,1491.7105960445806,1566.118963068182,1488.1673404720282,1520.056640625,2972542,0.0,0.0
2016-12-20 00:00:00+09:00,1541.3163631334216,1580.2921792126576,1530.6865951118118,1544.859619140625,1801464,0.0,0.0
2016-12-21 00:00:00+09:00,1551.9458587037486,1644.0704987181264,1544.8593479334118,1598.0081787109375,4169125,0.0,0.0
2016-12-22 00:00:00+09:00,1605.0946894812741,1711.3923510363254,1569.6621356295905,1598.0081787109375,4365317,0.0,0.0
2016-12-23 00:00:00+09:00,1619.2677796209744,1654.7003349737308,1594.4649908740448,1622.81103515625,1960513,0.0,0.0
2016-12-26 00:00:00+09:00,1615.7245103990708,1654.7003209569432,1562.5756778201542,1573.2054443359375,1383032,0.0,0.0
2016-12-27 00:00:00+09:00,1573.205266339138,1622.8108378002821,1573.205266339138,1608.6378173828125,1139880,0.0,0.0
2016-12-28 00:00:00+09:00,1619.4344365517122,1630.2306661287237,1590.644491013015,1615.835693359375,707264,35.0,0.0
2016-12-29 00:00:00+09:00,1615.8357281980261,1648.2244176273853,1608.6382416581685,1626.6319580078125,670893,0.0,0.0
2017-01-02 00:00:00+09:00,1641.0269480738148,1698.6068409886855,1630.2307181522765,1669.81689453125,1360227,0.0,0.0
2017-01-03 00:00:00+09:00,1680.613013482863,1684.2117565524193,1655.4218119959678,1673.41552734375,533673,0.0,0.0
2017-01-04 00:00:00+09:00,1687.8103778545674,1695.0078634744161,1619.4342644660028,1637.427978515625,900326,0.0,0.0
2017-01-05 00:00:00+09:00,1637.4277940538195,1651.822763671875,1597.8416276041667,1619.43408203125,931976,0.0,0.0
2017-01-06 00:00:00+09:00,1630.230492895776,1666.2179209950207,1612.2367788461538,1637.427978515625,1115688,0.0,0.0
2017-01-09 00:00:00+09:00,1648.2242174926234,1709.40284565283,1615.8355319960433,1677.01416015625,1452617,0.0,0.0
2017-01-10 00:00:00+09:00,1705.8043212890625,1788.5754170478144,1691.4093481136274,1705.8043212890625,4562735,0.0,0.0
2017-01-11 00:00:00+09:00,1698.6067830403645,1727.3967285156248,1669.8168375651042,1727.396728515625,1195763,0.0,0.0
2017-01-12 00:00:00+09:00,1734.5939822186838,1734.5939822186838,1673.415356289809,1695.0078125,1110026,0.0,0.0
2017-01-13 00:00:00+09:00,1695.0078743210165,1709.40284565283,1637.4279889937634,1677.01416015625,896169,0.0,0.0
2017-01-16 00:00:00+09:00,1677.014149424794,1687.8103778545674,1637.427978515625,1637.427978515625,575003,0.0,0.0
2017-01-17 00:00:00+09:00,1637.4279297957662,1687.810327635636,1623.032958984375,1623.032958984375,1024610,0.0,0.0
2017-01-18 00:00:00+09:00,1641.0266243977514,1713.0014763450213,1601.4404558267531,1680.61279296875,2738402,0.0,0.0
2017-01-19 00:00:00+09:00,1666.218133977029,1684.2118503266731,1605.0394983882397,1626.6319580078125,1127891,0.0,0.0
2017-01-20 00:00:00+09:00,1612.2365915697676,1626.6315611373548,1543.8604861237284,1547.459228515625,1192905,0.0,0.0
2017-01-23 00:00:00+09:00,1543.8608926543106,1576.2495827099954,1522.2684326171875,1522.2684326171875,623060,0.0,0.0
2017-01-24 00:00:00+09:00,1522.2681277266174,1569.051781770225,1504.2744146329221,1540.2618408203125,958390,0.0,0.0
2017-01-25 00:00:00+09:00,1554.6570989830761,1561.8545855524421,1507.8734362821965,1515.0709228515625,613064,0.0,0.0
2017-01-26 00:00:00+09:00,1529.4659192962285,1551.0583793333517,1515.0709459381462,1522.2684326171875,624071,0.0,0.0
2017-01-31 00:00:00+09:00,1529.4656372070312,1554.6568359375,1486.2807250976564,1511.471923828125,600044,0.0,0.0
2017-02-01 00:00:00+09:00,1511.47187568772,1533.0643310546875,1507.873133126559,1533.0643310546875,385615,0.0,0.0
2017-02-02 00:00:00+09:00,1518.6694834782527,1518.6694834782527,1482.6820549598106,1497.0770263671875,723042,0.0,0.0
2017-02-03 00:00:00+09:00,1468.2871567809466,1529.465788313486,1468.2871567809466,1482.68212890625,1054229,0.0,0.0
2017-02-06 00:00:00+09:00,1482.682182651493,1540.2620732399005,1482.682182651493,1536.663330078125,771046,0.0,0.0
2017-02-07 00:00:00+09:00,1540.2618652343751,1572.6505493164063,1500.6756958007813,1511.471923828125,698383,0.0,0.0
2017-02-08 00:00:00+09:00,1507.8734706662735,1533.0646742334905,1493.4784971992924,1525.8671875,685240,0.0,0.0
2017-02-09 00:00:00+09:00,1525.8671055343227,1540.2620782280426,1489.8796738000226,1500.6759033203125,496565,0.0,0.0
2017-02-10 00:00:00+09:00,1511.4719855986448,1525.8669568900602,1486.2807858386673,1493.478271484375,450739,0.0,0.0
2017-02-13 00:00:00+09:00,1489.8796149689017,1497.0771010315534,1468.2871567809466,1482.68212890625,372169,0.0,0.0
2017-02-14 00:00:00+09:00,1482.6822811919865,1493.4785113948408,1450.2935905834238,1453.892333984375,539711,0.0,0.0
2017-02-15 00:00:00+09:00,1453.8920046644655,1471.885717593481,1439.497034321253,1464.688232421875,410752,0.0,0.0
2017-02-16 00:00:00+09:00,1464.6884370518192,1554.6570142663043,1453.892207786081,1489.879638671875,3077015,0.0,0.0
2017-02-17 00:00:00+09:00,1475.4846310209475,1500.6758320383783,1461.089659010987,1479.0833740234375,537554,0.0,0.0
2017-02-20 00:00:00+09:00,1493.478346033398,1500.6758320383783,1471.8858880184573,1479.0833740234375,395024,0.0,0.0
2017-02-21 00:00:00+09:00,1489.8794677734377,1529.4656372070312,1482.681982421875,1511.471923828125,649361,0.0,0.0
2017-02-22 00:00:00+09:00,1511.4720696182615,1543.860756824367,1489.8796114808576,1518.6695556640625,916351,0.0,0.0
2017-02-23 00:00:00+09:00,1522.2684441332547,1540.2621609669811,1511.4722140330189,1525.8671875,540403,0.0,0.0
2017-02-24 00:00:00+09:00,1522.2684441332547,1554.6571344339623,1500.6759839327829,1525.8671875,585559,0.0,0.0
2017-02-27 00:00:00+09:00,1525.867033055809,1525.867033055809,1475.4846310209475,1479.0833740234375,526975,0.0,0.0
2017-02-28 00:00:00+09:00,1475.4846546089968,1504.2745990891724,1471.8859115489747,1486.2808837890625,250422,0.0,0.0
2017-03-02 00:00:00+09:00,1500.6758078129776,1500.6758078129776,1446.6946636470432,1471.8858642578125,330304,0.0,0.0
2017-03-03 00:00:00+09:00,1471.8860585169139,1471.8860585169139,1403.5099335491354,1417.9049072265625,946792,0.0,0.0
2017-03-06 00:00:00+09:00,1417.9048432849702,1435.8985595703125,1399.911126999628,1435.8985595703125,300531,0.0,0.0
2017-03-07 00:00:00+09:00,1435.8985595703125,1439.497302827381,1417.9048432849702,1435.8985595703125,199833,0.0,0.0
2017-03-08 00:00:00+09:00,1435.898547915358,1435.898547915358,1417.9048317760678,1432.2998046875,283889,0.0,0.0
2017-03-09 00:00:00+09:00,1435.898290831136,1450.2932611652827,1410.7070927463792,1428.7008056640625,374768,0.0,0.0
2017-03-10 00:00:00+09:00,1421.5034605039903,1507.873291015625,1367.5223164342183,1507.873291015625,1531705,0.0,0.0
2017-03-13 00:00:00+09:00,1518.669325901234,1569.0517205993792,1486.2806435952837,1558.2554931640625,1299223,0.0,0.0
2017-03-14 00:00:00+09:00,1576.24966232498,1774.1805559959248,1569.0521752824,1662.6195068359375,14818321,0.0,0.0
2017-03-15 00:00:00+09:00,1698.606633197008,1720.1990903986648,1597.8418329226092,1608.6380615234375,4011223,0.0,0.0
2017-03-16 00:00:00+09:00,1623.0331399482593,1666.218057197437,1605.0394244277686,1641.02685546875,1841194,0.0,0.0
2017-03-17 00:00:00+09:00,1677.0141984528186,1716.6003705193014,1644.6255122166053,1651.822998046875,2347358,0.0,0.0
2017-03-20 00:00:00+09:00,1662.6191920806475,1669.8166777606502,1579.8481067606153,1605.039306640625,1160300,0.0,0.0
2017-03-21 00:00:00+09:00,1605.0394637823636,1644.625638898072,1597.8419773976893,1615.835693359375,912645,0.0,0.0
2017-03-22 00:00:00+09:00,1590.644175470013,1608.6378878622077,1543.8605232503066,1558.2554931640625,1021348,0.0,0.0
2017-03-23 00:00:00+09:00,1572.6508512676885,1576.2495946344338,1500.6759839327829,1525.8671875,959872,0.0,0.0
2017-03-24 00:00:00+09:00,1529.4656968390805,1572.6506106321838,1518.6694683908045,1565.453125,631843,0.0,0.0
2017-03-27 00:00:00+09:00,1558.2556751547338,1623.0330473320669,1518.669503268586,1576.2493896484375,1471683,0.0,0.0
2017-03-28 00:00:00+09:00,1579.8482226990818,1651.8230847810444,1579.8482226990818,1641.02685546875,1577628,0.0,0.0
2017-03-29 00:00:00+09:00,1659.020461660637,1662.6192045275798,1590.6443471887235,1608.6380615234375,969803,0.0,0.0
2017-03-30 00:00:00+09:00,1605.039357133345,1626.6318148526277,1558.255698741566,1583.4468994140625,1204987,0.0,0.0
2017-03-31 00:00:00+09:00,1576.249413507635,1594.2431282737039,1565.4531846479936,1583.4468994140625,414208,0.0,0.0
2017-04-03 00:00:00+09:00,1590.6443102328262,1637.4279664161447,1569.051853532833,1633.8292236328125,1325728,0.0,0.0
2017-04-04 00:00:00+09:00,1641.026570168158,1644.625312646597,1558.2554931640625,1558.2554931640625,1545301,0.0,0.0
2017-04-05 00:00:00+09:00,1554.6570870535716,1615.8357224237352,1518.669654482887,1587.0457763671875,1254778,0.0,0.0
2017-04-06 00:00:00+09:00,1590.6441372183867,1608.6378491778707,1522.2680317723475,1547.459228515625,720879,0.0,0.0
2017-04-07 00:00:00+09:00,1561.8545855524421,1572.6508154064913,1497.0772064281473,1515.0709228515625,1060400,0.0,0.0
2017-04-10 00:00:00+09:00,1511.47216796875,1515.0709112258185,1421.5035865420386,1435.8985595703125,1745021,0.0,0.0
2017-04-11 00:00:00+09:00,1457.4909312689483,1471.8859034296293,1421.5035008672457,1446.6947021484375,775214,0.0,0.0
2017-04-12 00:00:00+09:00,1457.4907836914062,1457.4907836914062,1432.2995849609376,1439.4970703125,552207,0.0,0.0
2017-04-13 00:00:00+09:00,1446.6945556640626,1457.4907836914062,1428.7008422851563,1439.4970703125,531521,0.0,0.0
2017-04-14 00:00:00+09:00,1425.1021242725606,1453.892066177057,1407.1084105822506,1410.7071533203125,616309,0.0,0.0
2017-04-17 00:00:00+09:00,1425.1023867767638,1461.0898207862779,1410.707413172958,1453.892333984375,622546,0.0,0.0
2017-04-18 00:00:00+09:00,1461.089659010987,1547.4594910707497,1446.6946870010265,1479.0833740234375,1841146,0.0,0.0
2017-04-19 00:00:00+09:00,1479.0833381204043,1479.0833381204043,1453.8921377144607,1468.287109375,413738,0.0,0.0
2017-04-20 00:00:00+09:00,1475.4847943900836,1500.6759981967436,1450.2935905834238,1453.892333984375,641200,0.0,0.0
2017-04-21 00:00:00+09:00,1450.2935325985864,1453.8922758556548,1432.299816313244,1435.8985595703125,604279,0.0,0.0
2017-04-24 00:00:00+09:00,1439.4972076806264,1439.4972076806264,1407.1085205078125,1407.1085205078125,577460,0.0,0.0
2017-04-25 00:00:00+09:00,1417.904769405242,1450.29345703125,1417.904769405242,1450.29345703125,449370,0.0,0.0
2017-04-26 00:00:00+09:00,1464.6884173492888,1464.6884173492888,1432.2997299877566,1446.6947021484375,344159,0.0,0.0
2017-04-27 00:00:00+09:00,1453.892299281094,1453.892299281094,1421.503609445624,1443.0960693359375,406845,0.0,0.0
2017-04-28 00:00:00+09:00,1446.6947490523014,1511.472125875539,1439.4972627386085,1461.0897216796875,3620664,0.0,0.0
2017-05-02 00:00:00+09:00,1468.2870117187501,1493.4782104492188,1435.898327636719,1439.4970703125,1082528,0.0,0.0
2017-05-04 00:00:00+09:00,1439.497302827381,1457.4910191127233,1432.299816313244,1435.8985595703125,515113,0.0,0.0
2017-05-08 00:00:00+09:00,1439.497326020885,1457.4910425961464,1435.898582705833,1443.0960693359375,493690,0.0,0.0
2017-05-10 00:00:00+09:00,1471.8858761671113,1479.0833621141387,1443.0959323790014,1475.484619140625,968877,0.0,0.0
2017-05-11 00:00:00+09:00,1475.4845952052697,1482.682081035539,1457.4908806295955,1468.287109375,416852,0.0,0.0
2017-05-12 00:00:00+09:00,1468.2871723790322,1482.682144657258,1446.6947139616934,1450.29345703125,807664,0.0,0.0
2017-05-15 00:00:00+09:00,1443.0959591082672,1457.4909312689483,1435.8984730279267,1446.6947021484375,408002,0.0,0.0
2017-05-16 00:00:00+09:00,1439.4972557357594,1439.4972557357594,1407.108567481705,1421.5035400390625,880549,0.0,0.0
2017-05-17 00:00:00+09:00,1417.9046142578127,1439.4970703125,1414.3058715820314,1439.4970703125,236724,0.0,0.0
2017-05-18 00:00:00+09:00,1428.7008422851563,1479.0832397460938,1414.3058715820314,1439.4970703125,1857458,0.0,0.0
2017-05-19 00:00:00+09:00,1450.2934451886076,1453.892188228778,1435.8984730279267,1446.6947021484375,444186,0.0,0.0
2017-05-22 00:00:00+09:00,1450.2935208267902,1450.2935208267902,1432.2998046875,1432.2998046875,446097,0.0,0.0
2017-05-23 00:00:00+09:00,1425.102294921875,1439.4972675978534,1417.9048085838856,1425.102294921875,453476,0.0,0.0
2017-05-24 00:00:00+09:00,1435.8985595703125,1435.8985595703125,1410.7073567708333,1435.8985595703125,556694,0.0,0.0
2017-05-25 00:00:00+09:00,1432.2997694570806,1443.095998875099,1414.3060537603837,1421.5035400390625,479383,0.0,0.0
2017-05-26 00:00:00+09:00,1417.9049072265625,1425.102394065276,1410.707420387849,1417.9049072265625,433522,0.0,0.0
2017-05-29 00:00:00+09:00,1425.1022114496304,1425.1022114496304,1389.114781867569,1399.9110107421875,778012,0.0,0.0
2017-05-30 00:00:00+09:00,1396.312255859375,1410.7072275692653,1381.9172841494844,1396.312255859375,463816,0.0,0.0
2017-05-31 00:00:00+09:00,1396.3121582031251,1414.3058715820314,1389.1146728515625,1403.5096435546875,381970,0.0,0.0
2017-06-01 00:00:00+09:00,1403.5097774886108,1410.707263527014,1396.3122914502078,1407.1085205078125,266372,0.0,0.0
2017-06-02 00:00:00+09:00,1410.707263527014,1421.5034925846187,1396.3122914502078,1407.1085205078125,382163,0.0,0.0
2017-06-05 00:00:00+09:00,1410.707239616806,1414.305982575012,1399.9110107421875,1399.9110107421875,297202,0.0,0.0
2017-06-07 00:00:00+09:00,1399.9113213221233,1407.1088088353476,1381.9176025390625,1381.9176025390625,550365,0.0,0.0
2017-06-08 00:00:00+09:00,1381.9176025390625,1392.713833808899,1374.7201150258384,1381.9176025390625,401942,0.0,0.0
2017-06-09 00:00:00+09:00,1392.713833808899,1392.713833808899,1378.3188587824504,1381.9176025390625,318829,0.0,0.0
2017-06-12 00:00:00+09:00,1385.5163462956748,1392.713833808899,1378.3188587824504,1381.9176025390625,322379,0.0,0.0
2017-06-13 00:00:00+09:00,1378.318638618746,1399.911097709379,1378.318638618746,1389.1148681640625,417079,0.0,0.0
2017-06-14 00:00:00+09:00,1389.1148054118046,1410.707263527014,1389.1148054118046,1407.1085205078125,421499,0.0,0.0
2017-06-15 00:00:00+09:00,1407.108676968492,1435.8986243233462,1407.108676968492,1417.9049072265625,1259931,0.0,0.0
2017-06-16 00:00:00+09:00,1421.5033569335938,1421.5033569335938,1396.3121582031251,1403.5096435546875,401406,0.0,0.0
2017-06-19 00:00:00+09:00,1403.5098588646356,1432.2998046875,1389.1148859532034,1432.2998046875,815756,0.0,0.0
2017-06-20 00:00:00+09:00,1432.2997216422234,1435.898464661425,1407.1085205078125,1407.1085205078125,476811,0.0,0.0
2017-06-21 00:00:00+09:00,1453.8921797574328,1453.8921797574328,1396.3122914502078,1407.1085205078125,521268,0.0,0.0
2017-06-22 00:00:00+09:00,1399.9109987868476,1439.4971709890463,1392.7135129319022,1396.312255859375,989279,0.0,0.0
2017-06-23 00:00:00+09:00,1392.7135248257753,1407.1084966585997,1392.7135248257753,1399.9110107421875,315485,0.0,0.0
2017-06-26 00:00:00+09:00,1403.5097774886108,1421.5034925846187,1389.1148054118046,1407.1085205078125,382477,0.0,0.0
2017-06-27 00:00:00+09:00,1396.3121823680644,1446.6945807009329,1392.7134396300025,1410.7071533203125,2099363,0.0,0.0
2017-06-28 00:00:00+09:00,1425.102329799107,1435.8985595703125,1407.1086135137648,1435.8985595703125,761203,0.0,0.0
2017-06-29 00:00:00+09:00,1464.6885716782003,1493.4785190330545,1414.3061638072056,1417.9049072265625,2281650,0.0,0.0
2017-06-30 00:00:00+09:00,1425.102394065276,1461.0898282588435,1414.3061638072056,1417.9049072265625,1375245,0.0,0.0
2017-07-03 00:00:00+09:00,1414.3060704364677,1414.3060704364677,1385.5161249822904,1389.1148681640625,595473,0.0,0.0
2017-07-04 00:00:00+09:00,1389.1147725746114,1399.9110013770048,1356.7260861674315,1360.3248291015625,945709,0.0,0.0
2017-07-05 00:00:00+09:00,1356.726284088298,1363.9237710065383,1338.7325667926973,1345.9300537109375,416191,0.0,0.0
2017-07-06 00:00:00+09:00,1345.9299896159714,1378.3186792056606,1345.9299896159714,1363.9237060546875,275130,0.0,0.0
2017-07-07 00:00:00+09:00,1353.1273668791118,1374.7198248612253,1353.1273668791118,1367.5223388671875,194445,0.0,0.0
2017-07-10 00:00:00+09:00,1371.121157382397,1371.121157382397,1349.5286982110208,1353.12744140625,236697,0.0,0.0
2017-07-11 00:00:00+09:00,1345.929908014113,1356.7261372227822,1338.732421875,1338.732421875,290845,0.0,0.0
2017-07-12 00:00:00+09:00,1342.3310303392436,1353.1272584652966,1335.133544921875,1335.133544921875,210291,0.0,0.0
2017-07-13 00:00:00+09:00,1363.9235869616996,1403.5097596703506,1320.738671279535,1327.9361572265625,1318535,0.0,0.0
2017-07-14 00:00:00+09:00,1331.534903268628,1338.7323892322424,1281.1525015233287,1291.94873046875,694474,0.0,0.0
2017-07-17 00:00:00+09:00,1291.9487541388937,1309.942469377597,1288.3500110911532,1299.146240234375,230750,0.0,0.0
2017-07-18 00:00:00+09:00,1291.9488057740978,1299.1462921572404,1270.35634662467,1277.5538330078125,412665,0.0,0.0
2017-07-19 00:00:00+09:00,1277.5537819479312,1302.7449832821158,1277.5537819479312,1299.146240234375,528847,0.0,0.0
2017-07-20 00:00:00+09:00,1291.9487775482094,1309.9424931129477,1288.3500344352617,1306.34375,219736,0.0,0.0
2017-07-21 00:00:00+09:00,1306.3436639504355,1320.7386354540215,1306.3436639504355,1317.139892578125,149349,0.0,0.0
2017-07-24 00:00:00+09:00,1327.9362206092248,1342.3311931903545,1306.34376173753,1309.9425048828125,140910,0.0,0.0
2017-07-25 00:00:00+09:00,1299.1460699346474,1327.9360105426174,1291.948584782655,1320.738525390625,292382,0.0,0.0
2017-07-26 00:00:00+09:00,1320.738698520819,1324.3374415685596,1299.146240234375,1299.146240234375,186788,0.0,0.0
2017-07-27 00:00:00+09:00,1299.1462164323643,1309.9424453777856,1288.3499874869428,1291.94873046875,157049,0.0,0.0
2017-07-28 00:00:00+09:00,1288.3498654078617,1291.9486080486658,1252.3624389998208,1255.961181640625,507786,0.0,0.0
2017-07-31 00:00:00+09:00,1245.1652490376732,1259.5602230149873,1227.1715315660306,1234.3690185546875,310383,0.0,0.0
2017-08-01 00:00:00+09:00,1209.177586755087,1241.5662721145984,1209.177586755087,1237.967529296875,369798,0.0,0.0
2017-08-02 00:00:00+09:00,1227.1713246251807,1259.5600106123554,1227.1713246251807,1245.1650390625,194726,0.0,0.0
2017-08-03 00:00:00+09:00,1245.1652926490422,1245.1652926490422,1191.1841383434478,1209.1778564453125,357503,0.0,0.0
2017-08-04 00:00:00+09:00,1201.980224609375,1219.973940546641,1198.3814814219218,1201.980224609375,201233,0.0,0.0
2017-08-07 00:00:00+09:00,1201.980041683951,1223.5724975225849,1194.7825564044063,1219.9737548828125,300860,0.0,0.0
2017-08-08 00:00:00+09:00,1216.3753010830449,1237.967762049016,1212.7765575887163,1234.3690185546875,113752,0.0,0.0
2017-08-09 00:00:00+09:00,1227.171289942286,1234.368775513795,1191.1838620847411,1198.38134765625,257688,0.0,0.0
2017-08-10 00:00:00+09:00,1198.3814461238435,1227.1713907754674,1187.5852168794845,1191.1839599609375,277114,0.0,0.0
2017-08-11 00:00:00+09:00,1180.3876736797865,1183.9864165873466,1115.6103013437005,1137.2027587890625,754559,0.0,0.0
2017-08-14 00:00:00+09:00,1133.6040513567789,1165.9927385384012,1130.0053083365988,1147.9990234375,311288,0.0,0.0
2017-08-16 00:00:00+09:00,1155.1966552734375,1187.585346542786,1147.9991683246933,1155.1966552734375,203671,0.0,0.0
2017-08-17 00:00:00+09:00,1155.1965094778604,1162.393995518221,1144.4002804173197,1147.9990234375,136075,0.0,0.0
2017-08-18 00:00:00+09:00,1147.999093299279,1216.37521484375,1147.999093299279,1169.591552734375,541282,0.0,0.0
2017-08-21 00:00:00+09:00,1165.9928094951924,1187.5852689302885,1162.3940662560096,1169.591552734375,132234,0.0,0.0
2017-08-22 00:00:00+09:00,1158.7951055404244,1180.3875609231652,1158.7951055404244,1176.788818359375,125203,0.0,0.0
2017-08-23 00:00:00+09:00,1180.3877654846556,1219.973940546641,1173.190279109749,1201.980224609375,329570,0.0,0.0
2017-08-24 00:00:00+09:00,1209.1775269634957,1219.9737548828125,1183.9863284850894,1219.9737548828125,162898,0.0,0.0
2017-08-25 00:00:00+09:00,1281.152392578125,1583.44677734375,1273.9549072265625,1439.4970703125,58182658,0.0,0.0
2017-08-28 00:00:00+09:00,1439.4971988075658,1468.2871427837172,1349.528623882093,1367.5223388671875,11482881,0.0,0.0
2017-08-29 00:00:00+09:00,1349.5286355807086,1381.9173228346458,1317.1399483267717,1371.12109375,5543999,0.0,0.0
2017-08-30 00:00:00+09:00,1367.522627512614,1457.4912214279175,1327.9364461898804,1381.9176025390625,14914473,0.0,0.0
2017-08-31 00:00:00+09:00,1381.9173508713138,1399.9110663774507,1331.5349474541304,1342.3311767578125,4677305,0.0,0.0
2017-09-01 00:00:00+09:00,1345.9297607421875,1367.522216796875,1331.5347900390625,1331.5347900390625,2103846,0.0,0.0
2017-09-04 00:00:00+09:00,1266.7576379189945,1317.1400439725908,1259.5601513399092,1288.35009765625,1593114,0.0,0.0
2017-09-05 00:00:00+09:00,1281.152587890625,1313.5412769103318,1230.7701827488588,1281.152587890625,2952716,0.0,0.0
2017-09-06 00:00:00+09:00,1281.152576199384,1313.5412649235257,1273.9550898162413,1277.5538330078125,1232871,0.0,0.0
2017-09-07 00:00:00+09:00,1273.9550504737138,1302.7449951171875,1266.7575643128453,1302.7449951171875,1048247,0.0,0.0
2017-09-08 00:00:00+09:00,1309.9425165881848,1435.8985277985873,1291.9488007009845,1313.541259765625,12896477,0.0,0.0
2017-09-11 00:00:00+09:00,1302.7450068870523,1335.1336949035813,1284.751291322314,1306.34375,1948720,0.0,0.0
2017-09-12 00:00:00+09:00,1313.5412243584901,1324.3374535997928,1299.1462520367534,1302.7449951171875,896218,0.0,0.0
2017-09-13 00:00:00+09:00,1302.7449713812935,1342.3311445448135,1295.5474853515625,1295.5474853515625,1251026,0.0,0.0
2017-09-14 00:00:00+09:00,1299.146228366428,1327.9361724853516,1288.3499993218315,1295.5474853515625,850682,0.0,0.0
2017-09-15 00:00:00+09:00,1291.9487658758849,1338.7324259215297,1241.5663627498059,1302.7449951171875,3676829,0.0,0.0
2017-09-18 00:00:00+09:00,1320.7385620117188,1335.1335327148438,1291.9486206054687,1331.5347900390625,2091374,0.0,0.0
2017-09-19 00:00:00+09:00,1450.293298339844,1479.0832397460938,1331.5347900390625,1331.5347900390625,12125469,0.0,0.0
2017-09-20 00:00:00+09:00,1342.331137888055,1435.898455810547,1288.3499929327713,1367.5223388671875,8168061,0.0,0.0
2017-09-21 00:00:00+09:00,1381.917375,1522.2683583984376,1338.73245703125,1349.5286865234375,17987142,0.0,0.0
2017-09-25 00:00:00+09:00,1353.1275508136669,1734.5943603515623,1349.5288073274603,1734.5943603515625,20496201,0.0,0.0
2017-09-26 00:00:00+09:00,1734.5943603515623,1734.5943603515623,1734.5943603515623,1734.5943603515625,0,0.0,0.0
2017-09-27 00:00:00+09:00,1569.0518174802698,1864.1487189329812,1522.2681623719131,1766.982666015625,79163981,0.0,0.0
2017-09-28 00:00:00+09:00,1788.5754291735195,2177.23970754523,1781.3779425370064,2051.28369140625,73948035,0.0,0.0
2017-09-29 00:00:00+09:00,2022.493658203125,2263.6094501953125,1763.384150390625,1799.37158203125,47907076,0.0,0.0
2017-10-10 00:00:00+09:00,1896.5376581827798,1903.7351445515949,1695.008039855957,1727.396728515625,16787168,0.0,0.0
2017-10-11 00:00:00+09:00,1748.9889023186563,1792.1738134870182,1637.427881800388,1680.61279296875,15629309,0.0,0.0
2017-10-12 00:00:00+09:00,1684.2117758696934,1846.155215857164,1666.21806031553,1716.6004638671875,19942534,0.0,0.0
2017-10-13 00:00:00+09:00,1788.5752430685504,1853.3526160569486,1738.1928418553518,1802.97021484375,16462633,0.0,0.0
2017-10-16 00:00:00+09:00,1817.3654324464453,1831.7604061687932,1687.8106689453125,1687.8106689453125,7743739,0.0,0.0
2017-10-17 00:00:00+09:00,1673.415474049019,1792.1739915621752,1673.415474049019,1730.995361328125,8858441,0.0,0.0
2017-10-18 00:00:00+09:00,1723.797856349571,1745.3903138403798,1626.6317976409314,1651.822998046875,5018470,0.0,0.0
2017-10-19 00:00:00+09:00,1659.0204697307358,1813.7664137620193,1648.2242410773906,1684.211669921875,16878471,0.0,0.0
2017-10-20 00:00:00+09:00,1738.192785192419,1770.581470630787,1691.4091284481094,1748.989013671875,7388940,0.0,0.0
2017-10-23 00:00:00+09:00,1788.5754107010264,1849.7540464795325,1741.7917480468748,1741.791748046875,7445079,0.0,0.0
2017-10-24 00:00:00+09:00,1741.7914550781252,1914.531103515625,1687.8103149414064,1907.3336181640625,21156187,0.0,0.0
2017-10-25 00:00:00+09:00,1921.7286661623023,1921.7286661623023,1766.98272487957,1820.9638671875,10629765,0.0,0.0
2017-10-26 00:00:00+09:00,1846.1553031984438,1889.3402225715067,1730.9955182036092,1741.791748046875,9582399,0.0,0.0
2017-10-27 00:00:00+09:00,1730.99524006981,1738.1927254755058,1601.4405027672879,1623.032958984375,5746580,0.0,0.0
2017-10-30 00:00:00+09:00,1623.0332208003394,1673.415626767534,1590.64453125,1590.64453125,3741370,0.0,0.0
2017-10-31 00:00:00+09:00,1590.6444725892093,1612.236931493135,1529.4658390280858,1572.6507568359375,3894813,0.0,0.0
2017-11-01 00:00:00+09:00,1583.447055158944,1806.569140204068,1569.0520819302264,1669.81689453125,24422141,0.0,0.0
2017-11-02 00:00:00+09:00,1669.816800301535,1713.0017175507128,1619.4343968441613,1641.02685546875,5403256,0.0,0.0
2017-11-03 00:00:00+09:00,1777.778843097564,1882.1423784211054,1669.8165651766594,1680.61279296875,20781445,0.0,0.0
2017-11-06 00:00:00+09:00,1677.0144809210972,1691.4094550062568,1633.8295586656184,1662.6195068359375,2722438,0.0,0.0
2017-11-07 00:00:00+09:00,1669.8166638049452,1691.4091206644919,1637.427978515625,1637.427978515625,2088697,0.0,0.0
2017-11-08 00:00:00+09:00,1626.6318754389047,1651.8230770496841,1583.446958391854,1601.440673828125,2377469,0.0,0.0
2017-11-09 00:00:00+09:00,1608.638013025977,1615.8354985428716,1579.848070958398,1594.2430419921875,1597280,0.0,0.0
2017-11-10 00:00:00+09:00,1583.446958391854,1619.4343892643963,1572.6507291300913,1601.440673828125,1280496,0.0,0.0
2017-11-13 00:00:00+09:00,1623.033042941031,1677.0141862760984,1605.0393284960085,1648.2242431640625,3422846,0.0,0.0
2017-11-14 00:00:00+09:00,1748.9890418419473,1820.9638995309163,1669.8166983840813,1684.211669921875,10682292,0.0,0.0
2017-11-15 00:00:00+09:00,1713.0016151661434,1727.3965867221616,1615.8355571630218,1648.2242431640625,2896500,0.0,0.0
2017-11-16 00:00:00+09:00,1651.8230614730992,1774.1803252859215,1648.224318419781,1745.390380859375,6048026,0.0,0.0
2017-11-17 00:00:00+09:00,1766.9826168867107,1795.7725576913822,1730.9951908808714,1752.587646484375,3837835,0.0,0.0
2017-11-20 00:00:00+09:00,1777.7790049027424,1810.1676912268813,1756.1865473533164,1763.384033203125,3876824,0.0,0.0
2017-11-21 00:00:00+09:00,1795.7729261310049,1838.9578461982835,1759.7854927416058,1788.575439453125,6157402,0.0,0.0
2017-11-22 00:00:00+09:00,1864.1486180572813,1878.5435880808895,1777.778797915631,1810.16748046875,5865431,0.0,0.0
2017-11-23 00:00:00+09:00,1824.562613028067,1824.562613028067,1741.7915280189043,1748.989013671875,2955503,0.0,0.0
2017-11-24 00:00:00+09:00,1759.7853957426573,1795.7728271484375,1752.587909461501,1795.7728271484375,2455971,0.0,0.0
2017-11-27 00:00:00+09:00,1838.9575312238087,1878.543701171875,1799.3713612757422,1878.543701171875,4588921,0.0,0.0
2017-11-28 00:00:00+09:00,1896.5374032387665,2000.9009415574083,1752.5876952130536,1766.982666015625,11574235,0.0,0.0
2017-11-29 00:00:00+09:00,1792.173927589699,1817.3651273750963,1727.3965567129628,1748.989013671875,3082805,0.0,0.0
2017-11-30 00:00:00+09:00,1730.995524346074,1741.7917542276502,1669.8168883504745,1705.8043212890625,1546720,0.0,0.0
2017-12-01 00:00:00+09:00,1720.1988748753324,1730.995102123504,1673.415223466589,1691.408935546875,1192732,0.0,0.0
2017-12-04 00:00:00+09:00,1713.001390043218,1741.7913293716754,1669.8164810505318,1691.408935546875,1639538,0.0,0.0
2017-12-05 00:00:00+09:00,1684.2118325057618,1695.0080622013115,1655.4218866509625,1659.0206298828125,1205317,0.0,0.0
2017-12-06 00:00:00+09:00,1691.4093421116347,1763.3842077334064,1662.619395862926,1741.791748046875,3177951,0.0,0.0
2017-12-07 00:00:00+09:00,1763.3843115135332,1802.9704899352655,1705.804415627377,1774.1805419921875,4134145,0.0,0.0
2017-12-08 00:00:00+09:00,1817.3649560115723,1867.747350831695,1630.2303466796875,1630.2303466796875,5573958,0.0,0.0
2017-12-11 00:00:00+09:00,1583.4468994140625,1612.2368430397726,1482.6820967240767,1583.4468994140625,1502228,0.0,0.0
2017-12-12 00:00:00+09:00,1594.2428796102836,1608.6378491778707,1547.459228515625,1547.459228515625,985012,0.0,0.0
2017-12-13 00:00:00+09:00,1558.2556751547338,1576.2493896484375,1533.0644748635489,1576.2493896484375,2089980,0.0,0.0
2017-12-14 00:00:00+09:00,1594.2430900556662,1669.8166902614655,1579.848118587895,1608.6380615234375,2873738,0.0,0.0
2017-12-15 00:00:00+09:00,1608.6379876592357,1763.3839238322719,1583.446788747346,1695.0078125,6310761,0.0,0.0
2017-12-18 00:00:00+09:00,1788.5754270865248,2202.430908203125,1763.384223888123,2202.430908203125,47490458,0.0,0.0
2017-12-19 00:00:00+09:00,2065.678605935426,2281.6031988903483,1864.1489858441648,2033.2899169921875,37653172,0.0,0.0
2017-12-21 00:00:00+09:00,2256.412185072233,2331.985798926327,1910.9328074535179,1932.5252685546875,21050777,0.0,0.0
2017-12-22 00:00:00+09:00,1900.1362218010356,2036.888449885201,1777.7789650941506,1824.5626220703125,9203597,0.0,0.0
2017-12-26 00:00:00+09:00,1871.3464453125,1918.1301064453125,1784.976609375,1799.37158203125,6102983,0.0,0.0
2017-12-27 00:00:00+09:00,1862.0544017444956,2002.1693864302201,1828.8692737926135,1946.86083984375,7331068,60.0,0.0
2017-12-28 00:00:00+09:00,1980.0461293415851,2046.4163906602976,1784.6225821253765,1836.243896484375,8318370,0.0,0.0
2018-01-02 00:00:00+09:00,1865.7416817801338,2385.6420318413966,1858.3672087296195,2374.580322265625,18722918,0.0,0.0
2018-01-03 00:00:00+09:00,2444.6377308238634,2636.3740234375,2204.967365056818,2636.3740234375,45752285,0.0,0.0
2018-01-04 00:00:00+09:00,3259.5172207178416,3425.44287109375,3171.023540517357,3425.44287109375,12239540,0.0,0.0
2018-01-05 00:00:00+09:00,3425.4427086918363,3598.7428242015417,3171.023390177588,3348.0107421875,56342631,0.0,0.0
2018-01-08 00:00:00+09:00,3421.7557861809664,4203.449995955067,3407.006838826738,3738.858154296875,43307050,0.0,0.0
2018-01-09 00:00:00+09:00,3583.9940783129578,4122.330637401118,3322.2002721810445,3524.998291015625,38692889,0.0,0.0
2018-01-10 00:00:00+09:00,3654.0514493189103,4019.087870592949,3488.1258032852566,3595.0556640625,25097535,0.0,0.0
2018-01-11 00:00:00+09:00,3023.5342697657397,3104.6534818814057,2518.3828125,2518.3828125,19758077,0.0,0.0
2018-01-12 00:00:00+09:00,2721.1808592265866,2758.0532285928,2212.3421619728347,2426.201904296875,16586113,0.0,0.0
2018-01-15 00:00:00+09:00,2518.382648811292,3008.7851265446766,2455.699625341611,2909.229736328125,19016483,0.0,0.0
2018-01-16 00:00:00+09:00,2791.238155307112,2901.855255253233,2581.065665409483,2673.24658203125,7769223,0.0,0.0
2018-01-17 00:00:00+09:00,2411.4528903713476,2444.638021890219,2086.9760488534903,2271.337890625,8697608,0.0,0.0
2018-01-18 00:00:00+09:00,2370.893330784848,2912.9171560187087,2263.9634605006167,2802.300048828125,17087852,0.0,0.0
2018-01-19 00:00:00+09:00,2687.995575406658,3392.2577906366605,2588.44018372493,2964.538330078125,41911883,0.0,0.0
2018-01-22 00:00:00+09:00,3071.4681904210456,3311.13857742869,2916.604248046875,2916.604248046875,9999543,0.0,0.0
2018-01-23 00:00:00+09:00,3086.2172827859526,3215.2705741808254,2968.2257020820693,3038.283203125,15187752,0.0,0.0
2018-01-24 00:00:00+09:00,2949.789417165826,3112.0278351099464,2894.4808655939664,2923.978759765625,5527481,0.0,0.0
2018-01-25 00:00:00+09:00,2986.66162109375,3130.46384729456,2927.665835985725,2986.66162109375,6959409,0.0,0.0
2018-01-26 00:00:00+09:00,3030.9082320245066,3071.4678312365136,2949.789033600493,2990.3486328125,4285004,0.0,0.0
2018-01-29 00:00:00+09:00,2960.8510170055292,3886.347412109375,2876.0445744262925,3886.347412109375,32080413,0.0,0.0
2018-01-30 00:00:00+09:00,3930.5938497947077,4609.045321053832,3842.1001796304745,4041.2109375,60247660,0.0,0.0
2018-01-31 00:00:00+09:00,4078.08381677576,4468.9309095228045,3842.1006664379224,4092.832763671875,30971548,0.0,0.0
2018-02-01 00:00:00+09:00,4144.454033079856,5316.995298666506,4107.581666237509,5257.99951171875,56627104,0.0,0.0
2018-02-02 00:00:00+09:00,5132.632699361661,5442.360534667969,4623.794112787014,4837.65380859375,35555774,0.0,0.0
2018-02-05 00:00:00+09:00,4756.535219464983,5140.007826305571,4653.292594546364,4955.64599609375,13986382,0.0,0.0
2018-02-06 00:00:00+09:00,4572.17431640625,4719.663810483871,4196.076106508317,4572.17431640625,12003551,0.0,0.0
2018-02-07 00:00:00+09:00,4985.14418183773,5147.382601956709,4019.088134765625,4019.088134765625,20068550,0.0,0.0
2018-02-08 00:00:00+09:00,4092.8327113560267,4306.692438616072,3982.215611049107,4129.705078125,6931729,0.0,0.0
2018-02-09 00:00:00+09:00,3974.8407518059967,4232.947294131061,3819.976826410958,3915.844970703125,6714797,0.0,0.0
2018-02-12 00:00:00+09:00,4026.462508016558,4299.318025959072,3915.845406147971,3952.7177734375,8191233,0.0,0.0
2018-02-13 00:00:00+09:00,4055.9603445870534,4454.181905691964,4011.7135044642855,4129.705078125,20106794,0.0,0.0
2018-02-14 00:00:00+09:00,4262.445505132397,4380.4370762087265,4078.0836753256326,4299.31787109375,6463761,0.0,0.0
2018-02-19 00:00:00+09:00,4697.539688929116,4815.531266673018,4446.807586223323,4535.30126953125,11822615,0.0,0.0
2018-02-20 00:00:00+09:00,4631.169509548611,4645.91845703125,4409.935297309028,4645.91845703125,5176020,0.0,0.0
2018-02-21 00:00:00+09:00,4852.403531543888,4940.89721297022,4653.292748334639,4704.9140625,9298147,0.0,0.0
2018-02-22 00:00:00+09:00,4594.296852099036,4668.041584877512,4365.688180485762,4402.560546875,4568799,0.0,0.0
2018-02-23 00:00:00+09:00,4365.688426438053,4380.437373824668,4151.828689332135,4166.57763671875,3815502,0.0,0.0
2018-02-26 00:00:00+09:00,4166.577503716768,4196.075397548391,3908.470932690065,3952.7177734375,3416514,0.0,0.0
2018-02-27 00:00:00+09:00,4026.462140339177,4159.202650460249,3930.593994140625,3930.593994140625,3101297,0.0,0.0
2018-02-28 00:00:00+09:00,3982.2159249441966,4041.211716424851,3672.488019670759,3716.73486328125,3415236,0.0,0.0
2018-03-02 00:00:00+09:00,3687.2365851151317,3893.721833881579,3661.425929019326,3783.104736328125,2770323,0.0,0.0
2018-03-05 00:00:00+09:00,3812.602730820462,4100.207192139607,3768.3558906175167,3849.47509765625,4083817,0.0,0.0
2018-03-06 00:00:00+09:00,3849.4753941127233,3878.9732898530506,3683.549730573382,3716.73486328125,2658589,0.0,0.0
2018-03-07 00:00:00+09:00,3694.61083204373,3724.108722918331,3440.1915232502997,3462.31494140625,3213296,0.0,0.0
2018-03-08 00:00:00+09:00,3499.187574646427,3665.113223602264,3484.438628072575,3654.051513671875,2920702,0.0,0.0
2018-03-09 00:00:00+09:00,3657.738252191817,3661.4254883331396,3466.0019728430525,3469.689208984375,2696315,0.0,0.0
2018-03-12 00:00:00+09:00,3502.8747307936023,3591.368408203125,3473.376838323761,3591.368408203125,1561916,0.0,0.0
2018-03-13 00:00:00+09:00,3572.931901816716,3602.4297916149962,3477.0637599723045,3484.438232421875,1619110,0.0,0.0
2018-03-14 00:00:00+09:00,3583.993799282575,3864.2237671277144,3565.5576171875,3565.5576171875,7773606,0.0,0.0
2018-03-15 00:00:00+09:00,3569.245811370482,3576.620286187363,3355.3860416809284,3366.44775390625,2970365,0.0,0.0
2018-03-16 00:00:00+09:00,3366.4469704343855,3447.566174541238,3359.0724973337624,3403.3193359375,1647926,0.0,0.0
2018-03-19 00:00:00+09:00,3370.1346905048076,3392.2581129807695,3196.8345477764424,3211.58349609375,2790440,0.0,0.0
2018-03-20 00:00:00+09:00,3340.636359619707,3414.381091620142,3178.39794921875,3178.39794921875,3249073,0.0,0.0
2018-03-21 00:00:00+09:00,3222.6444131174394,3344.3232067477315,3178.3975790700606,3200.52099609375,2029593,0.0,0.0
2018-03-22 00:00:00+09:00,3174.7103428994455,3395.9445131363404,3156.2741620463707,3200.52099609375,2294417,0.0,0.0
2018-03-23 00:00:00+09:00,3163.649318150112,3285.328138078962,3056.719446091425,3097.279052734375,1831950,0.0,0.0
2018-03-26 00:00:00+09:00,3086.21705158331,3322.2001953125,3086.21705158331,3322.2001953125,2265746,0.0,0.0
2018-03-27 00:00:00+09:00,3362.7598549237987,3366.447091606829,3134.1511805759087,3145.212890625,2275164,0.0,0.0
2018-03-28 00:00:00+09:00,3093.591448952307,3171.023416089373,2971.912643451203,3027.22119140625,1331388,0.0,0.0
2018-03-29 00:00:00+09:00,3027.221306539072,3200.521430055925,3016.1595965273577,3049.3447265625,1605527,0.0,0.0
2018-03-30 00:00:00+09:00,3049.3446433589143,3141.525557607975,3005.0978045193656,3126.776611328125,1136037,0.0,0.0
2018-04-02 00:00:00+09:00,3123.0895696590383,3130.4640432591773,2942.4149664556226,2975.60009765625,1284549,0.0,0.0
2018-04-03 00:00:00+09:00,2964.538387256041,3071.4682544580623,2876.044704054368,2975.60009765625,1512175,0.0,0.0
2018-04-04 00:00:00+09:00,3045.657426170359,3049.344662763786,2839.1721769384703,2850.23388671875,1550976,0.0,0.0
2018-04-05 00:00:00+09:00,2850.233797627741,2931.3530001475474,2828.110378758703,2879.731689453125,1191792,0.0,0.0
2018-04-06 00:00:00+09:00,2879.73173325672,2883.4189697909796,2732.2422718863377,2794.92529296875,1315867,0.0,0.0
2018-04-09 00:00:00+09:00,2820.73588679387,2879.731670047075,2787.5507587139423,2876.04443359375,791793,0.0,0.0
2018-04-10 00:00:00+09:00,2887.10626503344,2982.974416873631,2750.6785104916303,2946.10205078125,1571252,0.0,0.0
2018-04-11 00:00:00+09:00,2971.912578246312,2986.6615240440606,2901.855085707007,2968.225341796875,836369,0.0,0.0
2018-04-12 00:00:00+09:00,2994.0360507484243,3145.212747892125,2964.538158622824,3071.468017578125,4048757,0.0,0.0
2018-04-13 00:00:00+09:00,3159.96202072588,3270.579127635771,3016.159781743022,3038.283203125,4198204,0.0,0.0
2018-04-16 00:00:00+09:00,3097.2785156249997,3215.2700781249996,3086.216806640625,3134.15087890625,2259246,0.0,0.0
2018-04-17 00:00:00+09:00,3152.5874297472897,3281.6407163451318,3075.155457788584,3252.142822265625,3494132,0.0,0.0
2018-04-18 00:00:00+09:00,3252.142593182131,3381.1958706893583,3215.270228180066,3348.0107421875,4779157,0.0,0.0
2018-04-19 00:00:00+09:00,3325.8874132196197,3395.9449086200334,3167.3362394186847,3178.39794921875,3649324,0.0,0.0
2018-04-20 00:00:00+09:00,3222.644935065536,3296.389670421727,3108.3405952634407,3112.02783203125,1861412,0.0,0.0
2018-04-23 00:00:00+09:00,3100.965968081826,3130.4638607627467,2927.6658485814146,2942.414794921875,1867081,0.0,0.0
2018-04-24 00:00:00+09:00,2935.0402951434057,3650.3641861708184,2935.0402951434057,3543.434326171875,12285904,0.0,0.0
2018-04-25 00:00:00+09:00,3524.9982174389984,3609.804659908765,3137.838371381368,3230.019287109375,8758960,0.0,0.0
2018-04-26 00:00:00+09:00,3185.7721384447673,3259.5168638717296,3082.5295228470204,3171.023193359375,2497448,0.0,0.0
2018-04-27 00:00:00+09:00,3200.52108353016,3414.38078726835,3167.335957088027,3171.023193359375,4537416,0.0,0.0
2018-04-30 00:00:00+09:00,3126.7767944335938,3193.14705657959,3045.657585144043,3067.781005859375,1671846,0.0,0.0
2018-05-02 00:00:00+09:00,2994.0361402577037,3005.097850135503,2898.167987983442,2901.855224609375,1620147,0.0,0.0
2018-05-03 00:00:00+09:00,2942.4146866508154,3060.406253032803,2942.4146866508154,2968.225341796875,1625347,0.0,0.0
2018-05-04 00:00:00+09:00,3112.027855399874,3115.7150921953717,2923.9787788295025,2927.666015625,1339320,0.0,0.0
2018-05-08 00:00:00+09:00,2923.97861892804,2964.538221460459,2710.118896484375,2710.118896484375,1642357,0.0,0.0
2018-05-09 00:00:00+09:00,2680.6209232390875,2813.361436631945,2654.810267857143,2787.55078125,1131681,0.0,0.0
2018-05-10 00:00:00+09:00,2780.176499010689,2920.2914949820497,2780.176499010689,2824.42333984375,1073104,0.0,0.0
2018-05-11 00:00:00+09:00,2820.736122181083,2861.295726552314,2769.1148075267884,2828.110595703125,1058442,0.0,0.0
2018-05-14 00:00:00+09:00,2673.246337890625,2713.8059375,2562.6292480468746,2581.0654296875,2610542,0.0,0.0
2018-05-15 00:00:00+09:00,2614.2511257223887,2691.68310546875,2614.2511257223887,2691.68310546875,1315634,0.0,0.0
2018-05-16 00:00:00+09:00,2691.682673392536,2695.36990993143,2544.1932118367804,2562.62939453125,1115118,0.0,0.0
2018-05-17 00:00:00+09:00,2595.814523381295,2673.2464906980667,2558.942157992356,2562.62939453125,861972,0.0,0.0
2018-05-18 00:00:00+09:00,2562.629420357127,2643.7486250303023,2544.19323747686,2614.250732421875,621966,0.0,0.0
2018-05-21 00:00:00+09:00,2676.9336632126046,2676.9336632126046,2606.876170649189,2643.74853515625,386963,0.0,0.0
2018-05-23 00:00:00+09:00,2640.061190931241,2658.4973724321576,2570.0037012277585,2577.378173828125,575894,0.0,0.0
2018-05-24 00:00:00+09:00,2584.7528398134477,2654.810334758463,2558.9421837810737,2614.250732421875,696988,0.0,0.0
2018-05-25 00:00:00+09:00,2584.752865890169,2643.7486517022126,2496.2591871721033,2525.757080078125,896980,0.0,0.0
2018-05-28 00:00:00+09:00,2485.197754616994,2588.4403913073143,2474.1360435430315,2533.1318359375,733635,0.0,0.0
2018-05-29 00:00:00+09:00,2522.06982421875,2610.5635022615133,2511.0081144634046,2522.06982421875,777687,0.0,0.0
2018-05-30 00:00:00+09:00,2551.567519726842,2717.49315323509,2551.567519726842,2577.378173828125,1712661,0.0,0.0
2018-05-31 00:00:00+09:00,2595.8144560014725,2595.8144560014725,2488.8845991491394,2503.633544921875,658877,0.0,0.0
2018-06-01 00:00:00+09:00,2492.572154099561,2525.757286328697,2481.5104433565157,2518.3828125,513094,0.0,0.0
2018-06-04 00:00:00+09:00,2529.444253751547,2676.9337146116955,2529.444253751547,2606.876220703125,1243720,0.0,0.0
2018-06-05 00:00:00+09:00,2651.1229199218747,2651.1229199218747,2570.003720703125,2581.0654296875,392837,0.0,0.0
2018-06-07 00:00:00+09:00,2614.250751678037,2651.123117710167,2577.3783856459067,2617.93798828125,635354,0.0,0.0
2018-06-08 00:00:00+09:00,2610.563471233373,2802.299771380457,2606.876234692083,2702.744384765625,2153560,0.0,0.0
2018-06-11 00:00:00+09:00,2636.37451171875,2647.436222956731,2529.4446364182695,2540.50634765625,1262000,0.0,0.0
2018-06-12 00:00:00+09:00,2562.629002359658,2562.629002359658,2426.201271298784,2444.637451171875,845480,0.0,0.0
2018-06-14 00:00:00+09:00,2514.695043796446,2765.427100949171,2415.139668162276,2418.826904296875,2930648,0.0,0.0
2018-06-15 00:00:00+09:00,2404.077959758479,2481.5099185850563,2404.077959758479,2418.826904296875,446954,0.0,0.0
2018-06-18 00:00:00+09:00,2411.4526517549634,2426.201597637257,2267.650429402603,2275.02490234375,780583,0.0,0.0
2018-06-19 00:00:00+09:00,2256.588783482143,2337.707988117122,2193.90576171875,2193.90576171875,846457,0.0,0.0
2018-06-20 00:00:00+09:00,2190.218587772351,2396.703841838431,2179.1568777330963,2252.901611328125,2082600,0.0,0.0
2018-06-21 00:00:00+09:00,2252.901455855488,2275.0248744072605,2216.029091602534,2223.403564453125,289669,0.0,0.0
2018-06-22 00:00:00+09:00,2223.4037229097808,2440.9506875062602,2190.2185927170976,2300.835693359375,3633702,0.0,0.0
2018-06-25 00:00:00+09:00,2234.4651663358095,2263.9630563204405,2219.716221343494,2249.214111328125,556437,0.0,0.0
2018-06-26 00:00:00+09:00,2230.7781912496166,2297.1484514851422,2223.4037178901135,2252.901611328125,607204,0.0,0.0
2018-06-27 00:00:00+09:00,2245.5273059423907,2352.4571776539333,2234.4655950756796,2238.15283203125,781478,0.0,0.0
2018-06-28 00:00:00+09:00,2223.403495381311,2271.337567421041,2064.852334019128,2072.226806640625,1531014,0.0,0.0
2018-06-29 00:00:00+09:00,2050.103271484375,2109.0990490810477,2002.1692021870783,2050.103271484375,1195325,0.0,0.0
2018-07-02 00:00:00+09:00,2042.7288862910584,2160.7204465100363,2005.8565237226276,2020.60546875,1282688,0.0,0.0
2018-07-03 00:00:00+09:00,2064.8525628810976,2131.222823830847,2042.7291425645142,2116.473876953125,1065697,0.0,0.0
2018-07-04 00:00:00+09:00,2160.7207981374263,2337.7081672681365,2072.2271135720707,2179.156982421875,7315738,0.0,0.0
2018-07-05 00:00:00+09:00,2186.531417872586,2204.967601834412,2098.0377348558204,2171.782470703125,1132444,0.0,0.0
2018-07-06 00:00:00+09:00,2175.4697265625,2216.0293316340044,2120.161174192267,2175.4697265625,1077471,0.0,0.0
2018-07-09 00:00:00+09:00,2197.5929789430766,2267.650473238242,2179.1567962338227,2190.218505859375,1761921,0.0,0.0
2018-07-10 00:00:00+09:00,2182.8445123487904,2300.836107610887,2182.8445123487904,2286.087158203125,1348890,0.0,0.0
2018-07-11 00:00:00+09:00,2249.2142390573263,2359.831332781457,2204.9674015676737,2227.0908203125,2608236,0.0,0.0
2018-07-12 00:00:00+09:00,2227.0908203125,2267.6504213446815,2223.403583855029,2227.0908203125,496187,0.0,0.0
2018-07-13 00:00:00+09:00,2219.7168858681957,2293.4616329070063,2204.9679364604335,2286.087158203125,800626,0.0,0.0
2018-07-16 00:00:00+09:00,2286.086837966721,2315.5847326501626,2249.2144696124187,2271.337890625,655478,0.0,0.0
2018-07-17 00:00:00+09:00,2319.271836529356,2488.8847212357955,2286.0867069128785,2433.576171875,7540630,0.0,0.0
2018-07-18 00:00:00+09:00,2492.5717578125,2566.316484375,2326.646123046875,2396.70361328125,5117689,0.0,0.0
2018-07-19 00:00:00+09:00,2396.703922923018,2411.452870141006,2238.1527403296495,2267.650634765625,1473483,0.0,0.0
2018-07-20 00:00:00+09:00,2252.9015146387687,2341.3951911548575,2234.46533203125,2234.46533203125,1109280,0.0,0.0
2018-07-23 00:00:00+09:00,2216.0291616523305,2293.4611290311973,2190.218505859375,2190.218505859375,979537,0.0,0.0
2018-07-24 00:00:00+09:00,2204.967529296875,2241.839896007525,2164.40792591516,2204.967529296875,798920,0.0,0.0
2018-07-25 00:00:00+09:00,2252.901347576204,2477.8227587090164,2227.0906938396515,2249.214111328125,5824960,0.0,0.0
2018-07-26 00:00:00+09:00,2249.2142734436907,2337.7079497759014,2219.716381332954,2326.646240234375,1092998,0.0,0.0
2018-07-27 00:00:00+09:00,2308.210281032986,2359.8315972222226,2271.337912326389,2322.959228515625,960096,0.0,0.0
2018-07-30 00:00:00+09:00,2315.5845306928486,2396.7037339973754,2304.5228211513227,2326.646240234375,839779,0.0,0.0
2018-07-31 00:00:00+09:00,2352.4569928631095,2370.8931761927574,2297.1484428741646,2345.08251953125,596982,0.0,0.0
2018-08-01 00:00:00+09:00,2308.210166735527,2322.9591134878306,2286.0867466070713,2300.835693359375,699742,0.0,0.0
2018-08-02 00:00:00+09:00,2304.5228973148373,2363.5186834860974,2300.835660679134,2341.395263671875,951191,0.0,0.0
2018-08-03 00:00:00+09:00,2352.457006992438,2363.518717056666,2293.461219983223,2300.835693359375,941822,0.0,0.0
2018-08-06 00:00:00+09:00,2297.1486078576195,2345.0826879573774,2293.4613709268688,2330.333740234375,417388,0.0,0.0
2018-08-07 00:00:00+09:00,2315.584575452303,2326.646285207648,2238.152607164885,2241.83984375,1073643,0.0,0.0
2018-08-08 00:00:00+09:00,2230.7781912496166,2286.086741445888,2230.7781912496166,2252.901611328125,467180,0.0,0.0
2018-08-09 00:00:00+09:00,2252.901416340604,2252.901416340604,2193.9056345706376,2216.029052734375,742574,0.0,0.0
2018-08-10 00:00:00+09:00,2223.403634736032,2230.7781078197336,2175.469559691972,2190.218505859375,567928,0.0,0.0
2018-08-13 00:00:00+09:00,2179.1567816935794,2186.5312547280755,2075.914159210635,2094.350341796875,772090,0.0,0.0
2018-08-14 00:00:00+09:00,2075.914159210635,2145.971653038347,2075.914159210635,2094.350341796875,406488,0.0,0.0
2018-08-16 00:00:00+09:00,2090.6630859375,2112.7865048363096,2027.9800657242065,2090.6630859375,388787,0.0,0.0
2018-08-17 00:00:00+09:00,2083.2885347742613,2179.156679737325,2083.2885347742613,2168.094970703125,371483,0.0,0.0
2018-08-20 00:00:00+09:00,2219.7165490038733,2245.5272065504296,2171.782470703125,2171.782470703125,476091,0.0,0.0
2018-08-21 00:00:00+09:00,2179.15687259942,2212.342002639005,2160.720689244095,2204.967529296875,349260,0.0,0.0
2018-08-22 00:00:00+09:00,2212.341951069079,2311.8973388671875,2208.6547144839637,2241.83984375,1636913,0.0,0.0
2018-08-23 00:00:00+09:00,2238.1529257780585,2275.0252968781915,2212.3422660079655,2256.589111328125,471402,0.0,0.0
2018-08-24 00:00:00+09:00,2252.9014835203097,2300.835557637763,2249.2142470497365,2275.02490234375,540575,0.0,0.0
2018-08-27 00:00:00+09:00,2263.9632121953377,2293.4611042109123,2260.275975693391,2278.712158203125,294958,0.0,0.0
2018-08-28 00:00:00+09:00,2286.0866312070184,2359.8313612459547,2278.712158203125,2278.712158203125,1046840,0.0,0.0
2018-08-29 00:00:00+09:00,2319.2718628697426,2378.267649524617,2311.8973895378836,2345.08251953125,1198400,0.0,0.0
2018-08-30 00:00:00+09:00,2374.5802639918097,2385.6419732961194,2334.020663209341,2363.5185546875,524549,0.0,0.0
2018-08-31 00:00:00+09:00,2363.5184863281247,2407.765322265625,2345.0823046875,2396.70361328125,531214,0.0,0.0
2018-09-03 00:00:00+09:00,2389.329345703125,2415.1400022153503,2370.893162480107,2389.329345703125,430613,0.0,0.0
2018-09-04 00:00:00+09:00,2389.3295162671234,2448.3253067922374,2374.580568635845,2422.5146484375,721523,0.0,0.0
2018-09-05 00:00:00+09:00,2444.6377562524376,2488.8845934696765,2352.4568453831903,2363.5185546875,868702,0.0,0.0
2018-09-06 00:00:00+09:00,2345.0824152381674,2345.0824152381674,2260.275975693391,2278.712158203125,777745,0.0,0.0
2018-09-07 00:00:00+09:00,2293.4609290282433,2352.4567085530857,2267.650275486125,2337.707763671875,529183,0.0,0.0
2018-09-10 00:00:00+09:00,2337.707763671875,2352.4567085530857,2297.148165248546,2337.707763671875,339054,0.0,0.0
2018-09-11 00:00:00+09:00,2352.4569928631095,2393.0165961883354,2315.584626203813,2345.08251953125,356846,0.0,0.0
2018-09-12 00:00:00+09:00,2370.893156757505,2374.5803933932084,2304.5228973148373,2341.395263671875,282667,0.0,0.0
2018-09-13 00:00:00+09:00,2356.1441011517963,2385.6419928720065,2337.707918826665,2367.205810546875,305384,0.0,0.0
2018-09-14 00:00:00+09:00,2393.016306976415,2426.2014329591384,2334.0205274515724,2337.707763671875,624586,0.0,0.0
2018-09-17 00:00:00+09:00,2337.7077522707827,2348.7694608777424,2282.3992092359854,2289.773681640625,341049,0.0,0.0
2018-09-18 00:00:00+09:00,2275.0254461473037,2308.210582314768,2260.2764967395415,2286.087158203125,358970,0.0,0.0
2018-09-19 00:00:00+09:00,2282.399327274969,2308.209982026059,2216.029072200737,2219.71630859375,816275,0.0,0.0
2018-09-20 00:00:00+09:00,2216.0294264960535,2252.901796321279,2138.59744986308,2145.971923828125,640187,0.0,0.0
2018-09-21 00:00:00+09:00,2145.9718131565683,2193.9058914573166,2145.9718131565683,2171.782470703125,396049,0.0,0.0
2018-09-27 00:00:00+09:00,2164.4079933166504,2186.5314140319824,2123.848388671875,2123.848388671875,369186,0.0,0.0
2018-09-28 00:00:00+09:00,2142.28476213119,2182.8443703643106,2101.7251538980695,2112.786865234375,547497,0.0,0.0
2018-10-01 00:00:00+09:00,2109.0992093999334,2138.597100440492,2079.601318359375,2079.601318359375,316877,0.0,0.0
2018-10-02 00:00:00+09:00,2098.037550943423,2098.037550943423,2039.0417674371051,2042.72900390625,361309,0.0,0.0
2018-10-04 00:00:00+09:00,2039.041877035249,2075.9142437085807,2016.91845703125,2016.91845703125,280890,0.0,0.0
2018-10-05 00:00:00+09:00,2005.8567288306451,2027.9801486339243,1909.9885763497687,1943.1737060546875,594680,0.0,0.0
2018-10-08 00:00:00+09:00,1917.3631401282514,1968.9844554393967,1906.3014297044347,1913.6759033203125,330731,0.0,0.0
2018-10-10 00:00:00+09:00,1906.3011342090454,1924.7373153909512,1766.1861572265623,1766.1861572265625,505140,0.0,0.0
2018-10-11 00:00:00+09:00,1640.8203057333528,1769.8735882067626,1640.8203057333528,1662.9437255859375,872052,0.0,0.0
2018-10-12 00:00:00+09:00,1622.384025427946,1747.750063756469,1622.384025427946,1736.6883544921875,510682,0.0,0.0
2018-10-15 00:00:00+09:00,1725.6268044727801,1784.6225926598836,1710.877857426004,1744.06298828125,340640,0.0,0.0
2018-10-16 00:00:00+09:00,1729.314081911181,1803.0588188796746,1725.626845062756,1799.37158203125,378489,0.0,0.0
2018-10-17 00:00:00+09:00,1791.9969738744153,1821.4948664484798,1773.560791015625,1773.560791015625,284627,0.0,0.0
2018-10-18 00:00:00+09:00,1777.247944265172,1806.7458354562953,1758.81176227072,1780.9351806640625,150348,0.0,0.0
2018-10-19 00:00:00+09:00,1758.8119353280258,1777.2481191364957,1725.6268044727801,1744.06298828125,225676,0.0,0.0
2018-10-22 00:00:00+09:00,1744.0627546899111,1806.7457712432483,1733.001045886381,1791.996826171875,220155,0.0,0.0
2018-10-23 00:00:00+09:00,1795.6843473200213,1817.8077684369005,1666.6310574715599,1681.3800048828125,374781,0.0,0.0
2018-10-24 00:00:00+09:00,1740.3756752102668,1740.3756752102668,1581.8245014093313,1589.198974609375,415626,0.0,0.0
2018-10-25 00:00:00+09:00,1530.2032622155125,1570.7628667561648,1485.9564208984375,1485.9564208984375,749681,0.0,0.0
2018-10-26 00:00:00+09:00,1493.3308578411322,1522.8287513293521,1408.5244140625,1408.5244140625,689743,0.0,0.0
2018-10-29 00:00:00+09:00,1390.088149844899,1423.2732780905333,1253.660400390625,1253.660400390625,724653,0.0,0.0
2018-10-30 00:00:00+09:00,1183.6031535520392,1364.277778237553,1183.6031535520392,1305.281982421875,1306493,0.0,0.0
2018-10-31 00:00:00+09:00,1356.9030123399596,1489.6435244166948,1349.5285394468076,1367.9647216796875,1750310,0.0,0.0
2018-11-01 00:00:00+09:00,1371.6520284817914,1463.8329443743849,1371.6520284817914,1404.837158203125,622825,0.0,0.0
2018-11-02 00:00:00+09:00,1415.8988671875,1474.8946533203125,1415.8988671875,1474.8946533203125,515374,0.0,0.0
2018-11-05 00:00:00+09:00,1478.5818890774165,1578.1372781175417,1441.709522766259,1544.9521484375,1237503,0.0,0.0
2018-11-06 00:00:00+09:00,1556.01376582127,1607.6350755878523,1485.9562739951937,1504.3924560546875,1021983,0.0,0.0
2018-11-07 00:00:00+09:00,1533.890479244403,1537.577715973356,1445.3967977495336,1482.2691650390625,533654,0.0,0.0
2018-11-08 00:00:00+09:00,1530.2031959571275,1533.8904325738915,1497.01806640625,1497.01806640625,300267,0.0,0.0
2018-11-09 00:00:00+09:00,1493.3308944512835,1511.7670783333979,1467.5202370163229,1485.9564208984375,342677,0.0,0.0
2018-11-12 00:00:00+09:00,1485.9562849564984,1500.7052307128906,1449.0839205655184,1460.1456298828125,168570,0.0,0.0
2018-11-13 00:00:00+09:00,1434.3349803435497,1441.7094532502003,1386.4009064503205,1438.022216796875,346858,0.0,0.0
2018-11-14 00:00:00+09:00,1438.0222560019388,1552.3265891713238,1438.0222560019388,1515.4542236328125,723486,0.0,0.0
2018-11-15 00:00:00+09:00,1508.0797571146263,1578.1372519439121,1489.6435742648143,1563.3883056640625,694156,0.0,0.0
2018-11-16 00:00:00+09:00,1559.7011494539222,1659.2565419722578,1544.9522024141688,1626.0714111328125,1068961,0.0,0.0
2018-11-19 00:00:00+09:00,1629.7585142021937,1670.318115234375,1603.9478589998964,1670.318115234375,462065,0.0,0.0
2018-11-20 00:00:00+09:00,1626.0713467984588,1648.1947664827915,1600.2606905000705,1637.133056640625,468679,0.0,0.0
2018-11-21 00:00:00+09:00,1607.63505905223,1618.696768174149,1556.013749816608,1570.7626953125,443762,0.0,0.0
2018-11-22 00:00:00+09:00,1563.388363125732,1615.009677002525,1563.388363125732,1574.4500732421875,318988,0.0,0.0
2018-11-23 00:00:00+09:00,1556.0139705324636,1581.824628811438,1519.1416015625,1519.1416015625,292122,0.0,0.0
2018-11-26 00:00:00+09:00,1519.1415178234452,1548.6394113734148,1519.1415178234452,1526.5159912109375,233143,0.0,0.0
2018-11-27 00:00:00+09:00,1541.264750894597,1581.8243496023495,1522.8285696638004,1537.5775146484375,217400,0.0,0.0
2018-11-28 00:00:00+09:00,1544.9520214843749,1574.449912109375,1522.828603515625,1567.075439453125,202081,0.0,0.0
2018-11-29 00:00:00+09:00,1589.198968184622,1607.6351511101975,1537.57765599301,1541.264892578125,294175,0.0,0.0
2018-11-30 00:00:00+09:00,1533.8904452935835,1563.3883384723063,1522.8287353515625,1522.8287353515625,177796,0.0,0.0
2018-12-03 00:00:00+09:00,1537.5775146484375,1552.3264596330748,1526.5158059099597,1537.5775146484375,131909,0.0,0.0
2018-12-04 00:00:00+09:00,1537.5775978915663,1563.3882530120482,1519.1414156626506,1530.203125,109201,0.0,0.0
2018-12-05 00:00:00+09:00,1508.0797505251103,1530.203169848217,1500.705277417408,1515.4542236328125,145187,0.0,0.0
2018-12-06 00:00:00+09:00,1511.7670465783228,1519.1415199762657,1445.3967859968354,1456.45849609375,681352,0.0,0.0
2018-12-07 00:00:00+09:00,1467.5200635261342,1482.269008888206,1452.7711181640625,1452.7711181640625,136889,0.0,0.0
2018-12-10 00:00:00+09:00,1460.145786830357,1460.145786830357,1404.8372342989041,1419.586181640625,303853,0.0,0.0
2018-12-11 00:00:00+09:00,1419.5862089458265,1452.7713411030015,1356.903181537829,1401.1500244140625,267941,0.0,0.0
2018-12-12 00:00:00+09:00,1401.1499597136099,1423.2733801301404,1393.7754862414329,1412.211669921875,151687,0.0,0.0
2018-12-13 00:00:00+09:00,1434.335050354004,1478.5818899536132,1423.2733404541016,1474.8946533203125,295289,0.0,0.0
2018-12-14 00:00:00+09:00,1474.8945362071702,1482.269008888206,1434.334936461473,1452.7711181640625,161936,0.0,0.0
2018-12-17 00:00:00+09:00,1441.7095492978638,1460.1457327927214,1415.8988924050632,1456.45849609375,166038,0.0,0.0
2018-12-18 00:00:00+09:00,1493.3306121826172,1685.0668883147064,1474.894431785301,1592.885986328125,6754833,0.0,0.0
2018-12-19 00:00:00+09:00,1611.322467532768,1615.0097043005776,1541.264968944387,1556.013916015625,1131133,0.0,0.0
2018-12-20 00:00:00+09:00,1563.3883056640625,1648.194746773198,1556.0138325241376,1563.3883056640625,1982429,0.0,0.0
2018-12-21 00:00:00+09:00,1696.1289131923875,1810.4332529944832,1556.013916015625,1556.013916015625,5947184,0.0,0.0
2018-12-24 00:00:00+09:00,1548.6391955224153,1596.5732658600139,1515.4540699040779,1578.1370849609375,948581,0.0,0.0
2018-12-26 00:00:00+09:00,1526.5159332943658,1567.0755353867282,1493.3308043097059,1515.4542236328125,790414,0.0,0.0
2018-12-27 00:00:00+09:00,1560.8044096848062,1583.4795342807113,1530.5709102235992,1534.35009765625,377067,50.0,0.0
2018-12-28 00:00:00+09:00,1534.3501103153935,1560.8044225622107,1523.0125479239005,1530.5709228515625,451012,0.0,0.0
2019-01-02 00:00:00+09:00,1557.0253002929687,1575.9212384033203,1473.8831726074218,1511.675048828125,398996,0.0,0.0
2019-01-03 00:00:00+09:00,1530.5709102235992,1583.4795342807113,1526.7917227909484,1534.35009765625,715321,0.0,0.0
2019-01-04 00:00:00+09:00,1541.9084725215519,1549.4668473868535,1488.9998484644398,1534.35009765625,664322,0.0,0.0
2019-01-07 00:00:00+09:00,1557.0252462831986,1643.946558575707,1553.2460587922199,1636.38818359375,995806,0.0,0.0
2019-01-08 00:00:00+09:00,1628.8300758108708,1643.946828254591,1583.4798184797096,1594.8173828125,715278,0.0,0.0
2019-01-09 00:00:00+09:00,1609.9338127920562,1632.6089369158879,1594.8170633761683,1617.4921875,413717,0.0,0.0
2019-01-10 00:00:00+09:00,1628.8298976255267,1685.517713088132,1621.2715222305128,1681.738525390625,1666454,0.0,0.0
2019-01-11 00:00:00+09:00,1659.0634765625,1677.9594159310934,1632.6091614464694,1659.0634765625,740834,0.0,0.0
2019-01-14 00:00:00+09:00,1659.0635160393672,1677.9594558575832,1628.8300123302215,1647.7259521484375,518970,0.0,0.0
2019-01-15 00:00:00+09:00,1670.4009044300428,1700.6344049627132,1659.0633417302913,1662.842529296875,664392,0.0,0.0
2019-01-16 00:00:00+09:00,1666.6218002698222,1696.8553023155332,1643.946673735539,1674.18017578125,524282,0.0,0.0
2019-01-17 00:00:00+09:00,1677.9594558575832,1700.6345836394423,1643.9467641847943,1647.7259521484375,774685,0.0,0.0
2019-01-18 00:00:00+09:00,1647.7257460666858,1666.621683521579,1625.050621120814,1636.38818359375,356599,0.0,0.0
2019-01-21 00:00:00+09:00,1636.3881987510395,1719.5303243226858,1632.6090112250554,1704.41357421875,1414621,0.0,0.0
2019-01-22 00:00:00+09:00,1704.4136515756672,1704.4136515756672,1662.84258690309,1681.738525390625,466504,0.0,0.0
2019-01-23 00:00:00+09:00,1670.4009044300428,1685.517654696378,1659.0633417302913,1662.842529296875,260302,0.0,0.0
2019-01-24 00:00:00+09:00,1662.8424787091778,1696.855165773684,1662.8424787091778,1677.959228515625,353390,0.0,0.0
2019-01-25 00:00:00+09:00,1689.2969268041054,1696.8553023155332,1670.400988025536,1674.18017578125,317535,0.0,0.0
2019-01-28 00:00:00+09:00,1674.1801117488317,1700.63442502703,1670.4009241376605,1693.0760498046875,438541,0.0,0.0
2019-01-29 00:00:00+09:00,1700.6344049627132,1711.9719676624645,1659.0633417302913,1662.842529296875,547143,0.0,0.0
2019-01-30 00:00:00+09:00,1674.1802280573747,1689.2969795522495,1647.725912941344,1659.0634765625,399007,0.0,0.0
2019-01-31 00:00:00+09:00,1662.8425349745642,1685.51766045149,1613.7130964412247,1625.0506591796875,681977,0.0,0.0
2019-02-01 00:00:00+09:00,1613.7129876552483,1640.1672989282852,1609.9338003305288,1621.2713623046875,275104,0.0,0.0
2019-02-07 00:00:00+09:00,1621.2715978253134,1674.1802280573747,1602.37565845672,1659.0634765625,569750,0.0,0.0
2019-02-08 00:00:00+09:00,1647.725925950699,1677.9594291791523,1643.9467380471426,1655.2843017578125,294582,0.0,0.0
2019-02-11 00:00:00+09:00,1693.0763469827587,1696.8555352572737,1643.9468994140625,1643.9468994140625,393381,0.0,0.0
2019-02-12 00:00:00+09:00,1655.2839850500432,1659.0631722305227,1625.0504876062068,1640.167236328125,286366,0.0,0.0
2019-02-13 00:00:00+09:00,1655.2840995620527,1749.763785610115,1640.1673497943627,1715.7510986328125,2187207,0.0,0.0
2019-02-14 00:00:00+09:00,1715.7513852326767,1764.8808301842732,1700.6346329398777,1738.426513671875,1122066,0.0,0.0
2019-02-15 00:00:00+09:00,1753.5433199698464,1757.3225081594367,1700.6346853155837,1723.309814453125,640028,0.0,0.0
2019-02-18 00:00:00+09:00,1734.6473388671875,1757.3224674798305,1723.309774560866,1734.6473388671875,538246,0.0,0.0
2019-02-19 00:00:00+09:00,1764.8805694249083,1768.6597569397368,1730.867881791452,1742.2054443359375,751448,0.0,0.0
2019-02-20 00:00:00+09:00,1742.20541072627,1753.5429730520375,1708.1927237489676,1715.7510986328125,409488,0.0,0.0
2019-02-21 00:00:00+09:00,1723.3096749441963,1825.3477478027344,1704.4137355259486,1798.8934326171875,2323760,0.0,0.0
2019-02-22 00:00:00+09:00,1798.8933492583906,1798.8933492583906,1745.9847213390262,1787.5557861328125,681419,0.0,0.0
2019-02-25 00:00:00+09:00,1776.2181470389157,1893.3729609925463,1749.7638342106766,1810.2308349609375,3278333,0.0,0.0
2019-02-26 00:00:00+09:00,1810.2308015985004,1825.347551507465,1776.2181143033304,1783.7764892578125,617251,0.0,0.0
2019-02-27 00:00:00+09:00,1783.7766899141632,1817.7893810354078,1761.1015625,1761.1015625,607382,0.0,0.0
2019-02-28 00:00:00+09:00,1761.101507816919,1791.3350100970376,1662.842625406533,1670.4010009765625,926828,0.0,0.0
2019-03-04 00:00:00+09:00,1693.0763089364034,1749.7641317802563,1685.517932557223,1723.309814453125,384937,0.0,0.0
2019-03-05 00:00:00+09:00,1723.3093957779256,1863.1393248213099,1693.075897606383,1776.218017578125,3491162,0.0,0.0
2019-03-06 00:00:00+09:00,1779.997361622042,1953.8399914195238,1753.5430483919904,1946.2816162109375,6608243,0.0,0.0
2019-03-07 00:00:00+09:00,2018.0864171135356,2195.708255323903,1916.04833984375,1916.04833984375,20815077,0.0,0.0
2019-03-08 00:00:00+09:00,1882.0355576095876,1984.0736300101075,1878.2563697429018,1942.5025634765625,4269963,0.0,0.0
2019-03-11 00:00:00+09:00,1950.0607480948725,2025.6444980210304,1927.3856231170253,1999.190185546875,3818541,0.0,0.0
2019-03-12 00:00:00+09:00,1999.1901855468752,2067.215560480417,1976.5150605690278,1999.190185546875,3491251,0.0,0.0
2019-03-13 00:00:00+09:00,2101.22840904122,2108.7867846133104,1987.852775459859,2025.6446533203125,2756230,0.0,0.0
2019-03-14 00:00:00+09:00,2029.424126769344,2070.9951982674124,1995.4114319072878,2048.320068359375,1432660,0.0,0.0
2019-03-15 00:00:00+09:00,2123.9034196720568,2244.8374222156617,1916.0481028002364,1950.060791015625,7046457,0.0,0.0
2019-03-18 00:00:00+09:00,1950.060668285473,2097.448974609375,1946.2814809438344,2097.448974609375,2640342,0.0,0.0
2019-03-19 00:00:00+09:00,2139.0202189954944,2154.1369696597735,2040.7613396776803,2044.54052734375,3483118,0.0,0.0
2019-03-20 00:00:00+09:00,2048.319859688237,2067.215799353258,1961.398537229142,2002.9696044921875,1516785,0.0,0.0
2019-03-21 00:00:00+09:00,2010.5277449065563,2040.761244829963,1893.3729327033548,1927.3856201171875,1417045,0.0,0.0
2019-03-22 00:00:00+09:00,1942.5025491890722,1942.5025491890722,1810.2309748279486,1840.4644775390625,1338950,0.0,0.0
2019-03-25 00:00:00+09:00,1806.451618937703,1832.9059313489247,1742.2054316533076,1745.984619140625,1263980,0.0,0.0
2019-03-26 00:00:00+09:00,1749.7639023680124,1855.5811578027951,1749.7639023680124,1825.34765625,1568454,0.0,0.0
2019-03-27 00:00:00+09:00,1829.1270060221354,1840.4645701090494,1787.5559377034506,1814.01025390625,660284,0.0,0.0
2019-03-28 00:00:00+09:00,1821.5682776477545,1851.8017760319494,1772.4388427734375,1772.4388427734375,568210,0.0,0.0
2019-03-29 00:00:00+09:00,1806.4516729518803,1836.685173754422,1772.4389845490205,1802.6724853515625,655307,0.0,0.0
2019-04-01 00:00:00+09:00,1802.6724422532686,1897.1521300023917,1798.8932547433037,1851.8018798828125,1179310,0.0,0.0
2019-04-02 00:00:00+09:00,1870.6978274312257,2078.553141590251,1832.9059521295849,1957.619140625,8158993,0.0,0.0
2019-04-03 00:00:00+09:00,1953.8400172183387,1991.6318937602796,1919.827328330592,1938.7232666015625,2720041,0.0,0.0
2019-04-04 00:00:00+09:00,1942.502352840841,2014.306914521728,1934.9439779270633,1968.9566650390625,2177440,0.0,0.0
2019-04-05 00:00:00+09:00,1953.8400301933289,1987.8527193069458,1931.1649041175842,1934.944091796875,1125368,0.0,0.0
2019-04-08 00:00:00+09:00,1972.7358856201172,2044.540448506673,1965.177510579427,1995.4110107421875,2861488,0.0,0.0
2019-04-09 00:00:00+09:00,1987.8527061060854,2002.9694567228619,1934.9440789473683,1938.7232666015625,1030067,0.0,0.0
2019-04-10 00:00:00+09:00,1942.5025634765625,1961.3985028099921,1927.3858120098187,1942.5025634765625,563147,0.0,0.0
2019-04-11 00:00:00+09:00,1950.0609392099343,1987.8528178767936,1938.7233756098765,1942.5025634765625,899679,0.0,0.0
2019-04-12 00:00:00+09:00,1927.3856074562743,1957.6191071810788,1919.8272325250734,1931.164794921875,513330,0.0,0.0
2019-04-15 00:00:00+09:00,1950.0609345993194,1950.0609345993194,1882.0355531598082,1908.4898681640625,635727,0.0,0.0
2019-04-16 00:00:00+09:00,1908.4897653680098,1908.4897653680098,1844.2435752467104,1866.918701171875,540556,0.0,0.0
2019-04-17 00:00:00+09:00,1889.5938591566867,1908.4897977482535,1878.2562960017465,1893.373046875,404591,0.0,0.0
2019-04-18 00:00:00+09:00,1893.3730858492565,1953.8400905869573,1878.2563346648312,1882.0355224609375,1080292,0.0,0.0
2019-04-19 00:00:00+09:00,1897.152099609375,1919.8272243059014,1882.0353498116908,1897.152099609375,306707,0.0,0.0
2019-04-22 00:00:00+09:00,1900.931402683258,1942.5024671554565,1900.931402683258,1934.944091796875,558023,0.0,0.0
2019-04-23 00:00:00+09:00,1942.5021958678733,1980.2940673828125,1912.268698655922,1980.2940673828125,1383588,0.0,0.0
2019-04-24 00:00:00+09:00,1995.4109644396553,2006.7485267376078,1946.281527815194,1972.73583984375,828915,0.0,0.0
2019-04-25 00:00:00+09:00,1972.7360024414063,1972.7360024414063,1878.2563088378906,1889.5938720703125,670820,0.0,0.0
2019-04-26 00:00:00+09:00,1878.2561924525671,1889.5937549824619,1817.7891922931283,1851.8018798828125,425437,0.0,0.0
2019-04-29 00:00:00+09:00,1840.4642797009699,1885.8145288927803,1836.685092268319,1863.139404296875,259939,0.0,0.0
2019-04-30 00:00:00+09:00,1859.3606636293473,1878.2566053328976,1848.0230986072172,1874.4774169921875,187989,0.0,0.0
2019-05-02 00:00:00+09:00,1874.477012618988,1885.8145751953125,1855.5810749917805,1885.8145751953125,185458,0.0,0.0
2019-05-03 00:00:00+09:00,1885.8148748004246,1934.944320436508,1885.8148748004246,1904.7108154296875,463090,0.0,0.0
2019-05-07 00:00:00+09:00,1882.0356474204882,1938.7234681259247,1851.8021430442554,1916.04833984375,387127,0.0,0.0
2019-05-08 00:00:00+09:00,1904.7105386223593,1916.0481013522542,1870.6978504326742,1878.2562255859375,244014,0.0,0.0
2019-05-09 00:00:00+09:00,1859.3604659068433,1927.3858488058743,1791.3350830078125,1791.3350830078125,863162,0.0,0.0
2019-05-10 00:00:00+09:00,1814.0101662660256,1927.385801657652,1738.4264093382744,1768.659912109375,2132100,0.0,0.0
2019-05-13 00:00:00+09:00,1874.4771947487113,1916.0482615677352,1832.9061279296875,1832.9061279296875,2527415,0.0,0.0
2019-05-14 00:00:00+09:00,1927.3855906519398,1965.1774649784484,1836.685092268319,1863.139404296875,3506305,0.0,0.0
2019-05-15 00:00:00+09:00,1912.2690646701387,1942.502567668876,1855.5812465475062,1870.697998046875,1337076,0.0,0.0
2019-05-16 00:00:00+09:00,1855.581390573602,1912.269213096217,1787.556003546464,1795.1143798828125,1402502,0.0,0.0
2019-05-17 00:00:00+09:00,1810.2311287844468,1817.78950510505,1723.3098010975111,1727.0889892578125,828903,0.0,0.0
2019-05-20 00:00:00+09:00,1761.101400282118,1814.0100260416666,1700.6343994140625,1700.6343994140625,479329,0.0,0.0
2019-05-21 00:00:00+09:00,1670.4010009765625,1723.3096299667704,1666.6218131915477,1670.4010009765625,420535,0.0,0.0
2019-05-22 00:00:00+09:00,1662.842529296875,1696.8552173961293,1655.2841541637074,1662.842529296875,369966,0.0,0.0
2019-05-23 00:00:00+09:00,1643.9467293875557,1662.8426688058034,1587.2589111328125,1587.2589111328125,481751,0.0,0.0
2019-05-24 00:00:00+09:00,1587.2588277034622,1640.1674552935776,1575.9212646484375,1575.9212646484375,406503,0.0,0.0
2019-05-27 00:00:00+09:00,1677.9595938846983,1779.9976772966056,1625.050958041487,1643.9468994140625,2295285,0.0,0.0
2019-05-28 00:00:00+09:00,1681.7387821592133,1711.972288355334,1640.1677111395475,1643.9468994140625,800843,0.0,0.0
2019-05-29 00:00:00+09:00,1617.492382576044,1636.3883216248296,1560.8045654296875,1560.8045654296875,689118,0.0,0.0
2019-05-30 00:00:00+09:00,1568.3629410492017,1579.700504478473,1557.0253776199304,1560.8045654296875,274225,0.0,0.0
2019-05-31 00:00:00+09:00,1545.6877505653783,1583.479627107319,1523.0126246402137,1579.700439453125,424688,0.0,0.0
2019-06-03 00:00:00+09:00,1575.9212905332267,1587.258853774473,1557.0253517978163,1568.3629150390625,232960,0.0,0.0
2019-06-04 00:00:00+09:00,1549.4669763036522,1572.1421027861445,1545.68778855657,1568.3629150390625,241876,0.0,0.0
2019-06-05 00:00:00+09:00,1579.7004965924202,1613.713186710439,1564.5837454288564,1598.596435546875,376261,0.0,0.0
2019-06-07 00:00:00+09:00,1594.8170510316506,1625.050549629407,1591.0378637069311,1621.2713623046875,314046,0.0,0.0
2019-06-10 00:00:00+09:00,1625.0506591796875,1647.7257846566135,1613.7130964412247,1625.0506591796875,279317,0.0,0.0
2019-06-11 00:00:00+09:00,1632.6090087890625,1659.0633214314778,1625.0506337483723,1632.6090087890625,238777,0.0,0.0
2019-06-12 00:00:00+09:00,1628.8300123302215,1659.0635160393672,1625.0508243665781,1647.7259521484375,186646,0.0,0.0
2019-06-13 00:00:00+09:00,1632.6092002938647,1651.5051401120807,1625.0508243665781,1647.7259521484375,190136,0.0,0.0
2019-06-14 00:00:00+09:00,1651.5049665971237,1700.6344049627132,1647.7257790305398,1662.842529296875,483364,0.0,0.0
2019-06-17 00:00:00+09:00,1708.1928002493723,1738.4263011387416,1674.1801117488317,1693.0760498046875,902319,0.0,0.0
2019-06-18 00:00:00+09:00,1681.7384671297941,1711.9719676624645,1655.2841541637074,1662.842529296875,335268,0.0,0.0
2019-06-19 00:00:00+09:00,1662.8424787091778,1689.2967908704602,1651.5049163543426,1677.959228515625,207209,0.0,0.0
2019-06-20 00:00:00+09:00,1666.6216989589109,1715.7511367967018,1666.6216989589109,1704.41357421875,303446,0.0,0.0
2019-06-21 00:00:00+09:00,1704.41357421875,1727.0886993746535,1696.855199166782,1704.41357421875,296996,0.0,0.0
2019-06-24 00:00:00+09:00,1730.8679259163994,1742.2054887499128,1693.0760498046875,1693.0760498046875,331206,0.0,0.0
2019-06-25 00:00:00+09:00,1704.4134594207114,1855.5809502784243,1685.5175230634975,1776.218017578125,3755662,0.0,0.0
2019-06-26 00:00:00+09:00,1814.0100806451615,1836.6852066532258,1719.5303889448926,1757.322265625,2075923,0.0,0.0
2019-06-27 00:00:00+09:00,1806.4516509331595,1840.464338921441,1700.6343994140625,1700.6343994140625,1132191,0.0,0.0
2019-06-28 00:00:00+09:00,1677.9594291791523,1685.5178049862657,1640.167550143586,1655.2843017578125,530535,0.0,0.0
2019-07-01 00:00:00+09:00,1625.050621120814,1655.284121048643,1613.7130586478781,1636.38818359375,295519,0.0,0.0
2019-07-02 00:00:00+09:00,1621.2715622922208,1640.1675012466756,1594.8172477559842,1598.596435546875,337098,0.0,0.0
2019-07-03 00:00:00+09:00,1602.37548828125,1632.6089880601417,1598.5963008088886,1602.37548828125,389127,0.0,0.0
2019-07-04 00:00:00+09:00,1613.71314149852,1640.1674552935776,1568.362889278421,1575.9212646484375,572181,0.0,0.0
2019-07-05 00:00:00+09:00,1575.9213035694067,1575.9213035694067,1549.4669891209994,1564.583740234375,348617,0.0,0.0
2019-07-08 00:00:00+09:00,1557.025375405844,1568.3629388189934,1439.8705534699675,1454.9873046875,804180,0.0,0.0
2019-07-09 00:00:00+09:00,1458.766357421875,1500.3374194209441,1454.9871699674143,1458.766357421875,524537,0.0,0.0
2019-07-10 00:00:00+09:00,1439.8705836704798,1489.0000261579241,1439.8705836704798,1481.441650390625,268561,0.0,0.0
2019-07-11 00:00:00+09:00,1473.8831977269158,1511.6750745917084,1470.1040100404364,1504.11669921875,261240,0.0,0.0
2019-07-12 00:00:00+09:00,1511.675144783893,1526.791896231732,1489.0000176121346,1519.2335205078125,158582,0.0,0.0
2019-07-15 00:00:00+09:00,1504.1167194060884,1507.8959071432896,1462.545654296875,1462.545654296875,296151,0.0,0.0
2019-07-16 00:00:00+09:00,1473.8831787109375,1496.5583045372596,1454.9872405223357,1473.8831787109375,260103,0.0,0.0
2019-07-17 00:00:00+09:00,1462.5455832219934,1481.4415209897193,1447.4288330078125,1447.4288330078125,264860,0.0,0.0
2019-07-18 00:00:00+09:00,1439.870470616206,1458.7664085508018,1436.0912830292866,1443.649658203125,156422,0.0,0.0
2019-07-19 00:00:00+09:00,1451.2081345419847,1492.7792008960519,1451.2081345419847,1485.2208251953125,174274,0.0,0.0
2019-07-22 00:00:00+09:00,1488.999987020372,1507.8959259419503,1458.7664847458466,1492.7791748046875,145610,0.0,0.0
2019-07-23 00:00:00+09:00,1481.44170635233,1534.350338722056,1481.44170635233,1500.337646484375,268646,0.0,0.0
2019-07-24 00:00:00+09:00,1504.1167251124525,1534.3502271247633,1477.6624108516808,1496.558349609375,294570,0.0,0.0
2019-07-25 00:00:00+09:00,1496.5583756345177,1519.233502538071,1458.766497461929,1489.0,405347,0.0,0.0
2019-07-26 00:00:00+09:00,1473.8831118319897,1481.4414867644614,1413.4161123722158,1420.9744873046875,397703,0.0,0.0
2019-07-29 00:00:00+09:00,1383.1827424239013,1420.9746206322047,1307.5989860072946,1311.378173828125,809142,0.0,0.0
2019-07-30 00:00:00+09:00,1277.365340006044,1352.9490879353957,1273.5861526095764,1318.9364013671875,310150,0.0,0.0
2019-07-31 00:00:00+09:00,1300.0406568327003,1379.4036039067896,1288.7030929649732,1368.0660400390625,249590,0.0,0.0
2019-08-01 00:00:00+09:00,1368.0658849581866,1379.403447540713,1322.715634628081,1341.611572265625,101288,0.0,0.0
2019-08-02 00:00:00+09:00,1311.3780350498648,1368.0658463632594,1307.5988476289717,1352.9490966796875,175435,0.0,0.0
2019-08-05 00:00:00+09:00,1352.9492525304638,1368.0660039553852,1201.78173828125,1201.78173828125,602599,0.0,0.0
2019-08-06 00:00:00+09:00,1194.2233712332588,1243.3528137207031,1160.2106802804128,1163.9898681640625,717385,0.0,0.0
2019-08-07 00:00:00+09:00,1145.0938834787528,1224.4568258980723,1145.0938834787528,1213.1192626953125,496085,0.0,0.0
2019-08-08 00:00:00+09:00,1232.0153297266777,1281.144775390625,1224.456953470686,1281.144775390625,254947,0.0,0.0
2019-08-09 00:00:00+09:00,1273.5862649356618,1315.1573299632353,1273.5862649356618,1284.923828125,162413,0.0,0.0
2019-08-12 00:00:00+09:00,1281.1447489002933,1300.0406891495602,1239.5736803519062,1288.703125,151948,0.0,0.0
2019-08-13 00:00:00+09:00,1292.4823682487356,1311.3783093050038,1273.5864271924675,1307.59912109375,175878,0.0,0.0
2019-08-14 00:00:00+09:00,1315.1574011514354,1322.7157770201218,1300.0406494140625,1300.0406494140625,114692,0.0,0.0
2019-08-16 00:00:00+09:00,1284.9238541281434,1307.598980965699,1250.9111638718102,1277.365478515625,233789,0.0,0.0
2019-08-19 00:00:00+09:00,1284.9238463653915,1330.274099766523,1284.9238463653915,1315.1573486328125,200293,0.0,0.0
2019-08-20 00:00:00+09:00,1326.494763532366,1334.0531382533482,1307.5988267299108,1322.715576171875,58013,0.0,0.0
2019-08-21 00:00:00+09:00,1322.7155727810332,1368.0658209906685,1307.5988233778212,1360.5074462890625,370935,0.0,0.0
2019-08-22 00:00:00+09:00,1345.3906876001602,1356.7282495743189,1322.715563651843,1326.4947509765625,202688,0.0,0.0
2019-08-23 00:00:00+09:00,1318.9364782394541,1322.7156658561862,1288.7029773055986,1296.2613525390625,181105,0.0,0.0
2019-08-26 00:00:00+09:00,1262.2487221575798,1281.1446611120346,1243.352783203125,1243.352783203125,244443,0.0,0.0
2019-08-27 00:00:00+09:00,1247.1319451000754,1273.5862590870468,1247.1319451000754,1250.9111328125,183861,0.0,0.0
2019-08-28 00:00:00+09:00,1247.1318817138672,1269.8070068359375,1243.3526941935222,1269.8070068359375,148612,0.0,0.0
2019-08-29 00:00:00+09:00,1266.0279280212583,1311.3781821593332,1258.4695523315793,1273.5863037109375,284120,0.0,0.0
2019-08-30 00:00:00+09:00,1292.482273545376,1307.599025282749,1284.9238976766896,1300.0406494140625,161114,0.0,0.0
2019-09-02 00:00:00+09:00,1296.2614097156745,1322.7157241996679,1296.2614097156745,1315.1573486328125,127884,0.0,0.0
2019-09-03 00:00:00+09:00,1315.1573920815677,1345.3908953478106,1315.1573920815677,1337.83251953125,95667,0.0,0.0
2019-09-04 00:00:00+09:00,1345.3908561471465,1352.9492317434785,1330.2741049544818,1349.1700439453125,126454,0.0,0.0
2019-09-05 00:00:00+09:00,1345.3906968858507,1379.4033830430774,1345.3906968858507,1360.5074462890625,231992,0.0,0.0
2019-09-06 00:00:00+09:00,1360.5074715214735,1375.6242212050454,1349.1699092587946,1352.9490966796875,147606,0.0,0.0
2019-09-09 00:00:00+09:00,1360.5074368990383,1368.0658115484775,1318.9363763271233,1326.4947509765625,123873,0.0,0.0
2019-09-10 00:00:00+09:00,1334.0531256260015,1345.3906876001602,1318.9363763271233,1326.4947509765625,89029,0.0,0.0
2019-09-11 00:00:00+09:00,1334.0534154339566,1383.182861328125,1334.0534154339566,1383.182861328125,165940,0.0,0.0
2019-09-16 00:00:00+09:00,1383.1826374237548,1462.5455756365934,1383.1826374237548,1413.4161376953125,1204942,0.0,0.0
2019-09-17 00:00:00+09:00,1424.7537076865412,1454.9872081149028,1398.2993948117248,1447.4288330078125,550382,0.0,0.0
2019-09-18 00:00:00+09:00,1485.2207416240985,1545.6877438276242,1447.4288652468952,1473.8831787109375,2642092,0.0,0.0
2019-09-19 00:00:00+09:00,1473.8832045093027,1485.2207676209127,1436.0913274706024,1466.3248291015625,408758,0.0,0.0
2019-09-20 00:00:00+09:00,1470.1040297712775,1470.1040297712775,1443.6497156108687,1462.545654296875,347163,0.0,0.0
2019-09-23 00:00:00+09:00,1462.5456221731085,1473.8831851356908,1436.09130859375,1436.09130859375,221432,0.0,0.0
2019-09-24 00:00:00+09:00,1443.6497229619115,1462.5456617441355,1424.7537841796875,1424.7537841796875,165267,0.0,0.0
2019-09-25 00:00:00+09:00,1405.8578267911587,1443.649703855437,1364.2867620204522,1394.520263671875,1077934,0.0,0.0
2019-09-26 00:00:00+09:00,1398.2993625072722,1587.2587358190658,1375.624237709857,1420.9744873046875,3988278,0.0,0.0
2019-09-27 00:00:00+09:00,1417.1953125,1470.1039375,1398.299375,1417.1953125,508260,0.0,0.0
2019-09-30 00:00:00+09:00,1428.5328186035158,1428.5328186035158,1352.9490715874567,1360.5074462890625,605481,0.0,0.0
2019-10-01 00:00:00+09:00,1360.5074588701254,1390.740957956128,1341.6115219413737,1356.728271484375,267652,0.0,0.0
2019-10-02 00:00:00+09:00,1341.6117074395304,1375.6243986140537,1334.0533316229696,1337.83251953125,169114,0.0,0.0
2019-10-04 00:00:00+09:00,1322.7157637001812,1345.3908910778985,1303.81982421875,1303.81982421875,229328,0.0,0.0
2019-10-07 00:00:00+09:00,1318.9365758038948,1318.9365758038948,1288.703072633605,1303.81982421875,182124,0.0,0.0
2019-10-08 00:00:00+09:00,1296.2613219355194,1360.507509903169,1292.4821344080106,1341.611572265625,275913,0.0,0.0
2019-10-10 00:00:00+09:00,1330.2740096830985,1356.7283223756601,1330.2740096830985,1341.611572265625,96436,0.0,0.0
2019-10-11 00:00:00+09:00,1337.8323847381162,1349.1699473206427,1315.1572595730634,1341.611572265625,115508,0.0,0.0
2019-10-14 00:00:00+09:00,1371.8450724856955,1371.8450724856955,1341.611572265625,1341.611572265625,167682,0.0,0.0
2019-10-15 00:00:00+09:00,1345.3906968858507,1368.0658209906685,1345.3906968858507,1360.5074462890625,103808,0.0,0.0
2019-10-16 00:00:00+09:00,1352.949356162483,1386.9620494738303,1352.949356162483,1383.182861328125,140645,0.0,0.0
2019-10-17 00:00:00+09:00,1379.403538509026,1428.5329796066078,1364.2867874020778,1386.9619140625,338102,0.0,0.0
2019-10-18 00:00:00+09:00,1386.961966522469,1402.0787182011882,1368.0660269240702,1371.84521484375,129968,0.0,0.0
2019-10-21 00:00:00+09:00,1371.8451247756548,1402.078626148121,1356.7283740894215,1398.2994384765625,247962,0.0,0.0
2019-10-22 00:00:00+09:00,1398.299407160095,1443.649658203125,1383.1826568124181,1443.649658203125,527375,0.0,0.0
2019-10-23 00:00:00+09:00,1439.870601530998,1454.9873532531083,1390.7411584341398,1405.85791015625,481708,0.0,0.0
2019-10-24 00:00:00+09:00,1417.1952696563806,1526.7917038431408,1345.390709327124,1356.728271484375,4011445,0.0,0.0
2019-10-25 00:00:00+09:00,1356.7284195416448,1386.961921926974,1345.3908561471465,1349.1700439453125,264124,0.0,0.0
2019-10-28 00:00:00+09:00,1413.416272856275,1496.558406553703,1371.845206007561,1409.6370849609375,4108266,0.0,0.0
2019-10-29 00:00:00+09:00,1405.857762627423,1413.4161376953125,1375.6242623558655,1413.4161376953125,564743,0.0,0.0
2019-10-30 00:00:00+09:00,1405.857737439744,1424.7536747709235,1394.5201750410363,1420.9744873046875,397989,0.0,0.0
2019-10-31 00:00:00+09:00,1466.3248495005803,1488.999976039249,1413.416220910353,1424.7537841796875,1217657,0.0,0.0
2019-11-01 00:00:00+09:00,1424.753732916564,1519.2334234282728,1424.753732916564,1439.8704833984375,2042727,0.0,0.0
2019-11-04 00:00:00+09:00,1466.3248420340763,1477.6624052456798,1443.6497156108687,1462.545654296875,638000,0.0,0.0
2019-11-05 00:00:00+09:00,1462.545654296875,1470.1040297712775,1436.0913401364664,1462.545654296875,347488,0.0,0.0
2019-11-06 00:00:00+09:00,1462.5456413976926,1470.1040168054326,1436.0913274706024,1466.3248291015625,344916,0.0,0.0
2019-11-07 00:00:00+09:00,1470.1039910732172,1557.0253067407853,1466.3248034354967,1473.8831787109375,2142427,0.0,0.0
2019-11-08 00:00:00+09:00,1485.220697975632,1526.791760768843,1458.766385289043,1523.0125732421875,1479369,0.0,0.0
2019-11-11 00:00:00+09:00,1523.0126246402137,1534.350187602796,1492.7791234066613,1507.8958740234375,764314,0.0,0.0
2019-11-12 00:00:00+09:00,1504.116834510784,1530.571150695647,1489.0000824051479,1500.337646484375,434023,0.0,0.0
2019-11-13 00:00:00+09:00,1496.5583756345177,1511.6751269035533,1477.6624365482235,1489.0,329193,0.0,0.0
2019-11-14 00:00:00+09:00,1492.779161857836,1507.8959128639915,1488.9999741062973,1496.558349609375,245236,0.0,0.0
2019-11-15 00:00:00+09:00,1496.5583756345177,1507.8959390862944,1466.3248730964467,1489.0,297965,0.0,0.0
2019-11-18 00:00:00+09:00,1492.7792140415736,1492.7792140415736,1462.5457109723773,1481.441650390625,149393,0.0,0.0
2019-11-19 00:00:00+09:00,1477.6624108516808,1504.1167251124525,1447.4289088393703,1496.558349609375,555347,0.0,0.0
2019-11-20 00:00:00+09:00,1496.5582712039002,1496.5582712039002,1443.6496454542673,1447.4288330078125,430820,0.0,0.0
2019-11-21 00:00:00+09:00,1451.2080130347592,1462.5455756365934,1386.9618249576997,1413.4161376953125,446374,0.0,0.0
2019-11-22 00:00:00+09:00,1413.4161891627957,1428.5329398490287,1386.9618754618878,1398.2994384765625,177120,0.0,0.0
2019-11-25 00:00:00+09:00,1394.520200025589,1428.532887831091,1394.520200025589,1413.4161376953125,141774,0.0,0.0
2019-11-26 00:00:00+09:00,1413.4162436548224,1489.0,1413.4162436548224,1489.0,559610,0.0,0.0
2019-11-27 00:00:00+09:00,1485.2206060307105,1500.3373552015066,1466.3246695672156,1477.6622314453125,403980,0.0,0.0
2019-11-28 00:00:00+09:00,1511.6751269035533,1541.9086294416245,1481.4416243654823,1489.0,803379,0.0,0.0
2019-11-29 00:00:00+09:00,1500.3375898088727,1526.7919049944196,1477.6624625069753,1481.441650390625,449044,0.0,0.0
2019-12-02 00:00:00+09:00,1496.5583887464218,1519.2335158486403,1462.545698093094,1485.2208251953125,248032,0.0,0.0
2019-12-03 00:00:00+09:00,1485.2206060307105,1496.5581679088075,1447.4287331037203,1477.6622314453125,268679,0.0,0.0
2019-12-04 00:00:00+09:00,1481.4416325887044,1481.4416325887044,1451.2081298828125,1451.2081298828125,121718,0.0,0.0
2019-12-05 00:00:00+09:00,1454.9873532531083,1470.1041049752184,1390.7411584341398,1405.85791015625,271877,0.0,0.0
2019-12-06 00:00:00+09:00,1405.8578073601973,1447.4288715563323,1405.8578073601973,1436.09130859375,81730,0.0,0.0
2019-12-09 00:00:00+09:00,1436.0913214771604,1447.4288845414537,1420.9745707247691,1432.3121337890625,167868,0.0,0.0
2019-12-10 00:00:00+09:00,1432.3120625000001,1451.208,1405.8577500000001,1417.1953125,164722,0.0,0.0
2019-12-11 00:00:00+09:00,1413.4161826685854,1439.870496247944,1409.6369950143915,1436.09130859375,81229,0.0,0.0
2019-12-12 00:00:00+09:00,1439.8706221004377,1496.5584418681715,1428.5330581468909,1470.1041259765625,455606,0.0,0.0
2019-12-13 00:00:00+09:00,1489.0,1496.5583756345177,1466.3248730964467,1489.0,230931,0.0,0.0
2019-12-16 00:00:00+09:00,1511.6751137262659,1511.6751137262659,1481.4416114517405,1492.7791748046875,228308,0.0,0.0
2019-12-17 00:00:00+09:00,1492.7792008960519,1507.895952297531,1473.8832616442032,1485.2208251953125,159971,0.0,0.0
2019-12-18 00:00:00+09:00,1492.7791361593122,1511.6750745917084,1485.2207607863536,1504.11669921875,307662,0.0,0.0
2019-12-19 00:00:00+09:00,1507.8958612060546,1560.804487915039,1485.2207354736329,1511.675048828125,1025739,0.0,0.0
2019-12-20 00:00:00+09:00,1507.895848452599,1523.0125988130262,1488.9999105020652,1515.4542236328125,249016,0.0,0.0
2019-12-23 00:00:00+09:00,1515.4543817907495,1515.4543817907495,1470.1041259765625,1470.1041259765625,293710,0.0,0.0
2019-12-24 00:00:00+09:00,1462.5456091212475,1492.7791100849943,1436.0912957779692,1439.8704833984375,195580,0.0,0.0
2019-12-26 00:00:00+09:00,1436.0913656655844,1466.3248681006494,1436.0913656655844,1454.9873046875,130686,0.0,0.0
2019-12-27 00:00:00+09:00,1497.6669089147288,1513.186773255814,1486.0270106589148,1501.546875,135389,50.0,0.0
2019-12-30 00:00:00+09:00,1509.3068460680774,1524.8267108091375,1501.5469136975476,1505.4268798828125,151150,0.0,0.0
2020-01-02 00:00:00+09:00,1501.5469398981409,1540.3466024278086,1501.5469398981409,1532.586669921875,243668,0.0,0.0
2020-01-03 00:00:00+09:00,1540.346563503827,1559.7463942784345,1524.826698884141,1528.7066650390625,628094,0.0,0.0
2020-01-06 00:00:00+09:00,1532.5865866921163,1544.226484818892,1489.9069602272725,1536.466552734375,634310,0.0,0.0
2020-01-07 00:00:00+09:00,1536.4665688512378,1590.7860940126452,1524.8266706023646,1586.9061279296875,836216,0.0,0.0
2020-01-08 00:00:00+09:00,1567.5062522593992,1571.386218230338,1501.5468307534343,1509.3067626953125,813163,0.0,0.0
2020-01-09 00:00:00+09:00,1536.4665085682316,1559.746304152599,1536.4665085682316,1544.2264404296875,331862,0.0,0.0
2020-01-10 00:00:00+09:00,1567.5062602198402,1668.3853759765625,1548.1064302666243,1668.3853759765625,2885707,0.0,0.0
2020-01-13 00:00:00+09:00,1687.7854140488419,1699.4253134560752,1656.7456822962195,1664.505615234375,912842,0.0,0.0
2020-01-14 00:00:00+09:00,1676.1453302556818,1707.18505859375,1645.1056019176135,1707.18505859375,926650,0.0,0.0
2020-01-15 00:00:00+09:00,1707.1850933056871,1707.1850933056871,1637.345703125,1637.345703125,792799,0.0,0.0
2020-01-16 00:00:00+09:00,1648.985634387379,1718.8250259614326,1645.1056681888203,1652.8656005859375,1207911,0.0,0.0
2020-01-17 00:00:00+09:00,1672.2655481725308,1680.0254811106863,1641.2258164199084,1664.505615234375,335555,0.0,0.0
2020-01-20 00:00:00+09:00,1676.1453302556818,1757.6246171431108,1617.9458396218038,1621.8258056640625,2140880,0.0,0.0
2020-01-21 00:00:00+09:00,1617.9458508537812,1652.8655454765246,1575.2662240926502,1598.5460205078125,358244,0.0,0.0
2020-01-22 00:00:00+09:00,1617.9458396218038,1629.5857377485795,1598.5460094105113,1621.8258056640625,231146,0.0,0.0
2020-01-23 00:00:00+09:00,1614.0658454987836,1621.825777448297,1579.1461517259734,1594.666015625,187184,0.0,0.0
2020-01-28 00:00:00+09:00,1548.1064063604153,1563.6262700833267,1509.3067470531366,1544.2264404296875,338032,0.0,0.0
2020-01-29 00:00:00+09:00,1551.9863519435974,1625.7057036609183,1540.3464543040204,1590.7860107421875,829355,0.0,0.0
2020-01-30 00:00:00+09:00,1590.786129690497,1606.3059943704045,1517.0667724609375,1517.0667724609375,550157,0.0,0.0
2020-01-31 00:00:00+09:00,1520.9466885653408,1544.226484818892,1443.3473677201703,1451.1072998046875,400216,0.0,0.0
2020-02-03 00:00:00+09:00,1431.707513624622,1451.1073444325436,1392.9078520087785,1443.347412109375,587800,0.0,0.0
2020-02-04 00:00:00+09:00,1439.4674016779118,1482.1470281427555,1439.4674016779118,1451.1072998046875,188001,0.0,0.0
2020-02-05 00:00:00+09:00,1462.7472758191698,1474.3871745657414,1443.3474445748836,1458.8673095703125,228425,0.0,0.0
2020-02-06 00:00:00+09:00,1482.1470887023133,1497.666953505479,1474.3871563007306,1493.7869873046875,163001,0.0,0.0
2020-02-07 00:00:00+09:00,1501.5469197062703,1505.4268859070617,1470.5071900999392,1493.7869873046875,282450,0.0,0.0
2020-02-10 00:00:00+09:00,1513.1868183086444,1524.8267169110186,1493.7869873046875,1493.7869873046875,258479,0.0,0.0
2020-02-11 00:00:00+09:00,1505.4269061511077,1532.586669921875,1501.5469398981409,1532.586669921875,209381,0.0,0.0
2020-02-12 00:00:00+09:00,1540.3465187766335,1544.226484818892,1528.7066206498578,1536.466552734375,190298,0.0,0.0
2020-02-13 00:00:00+09:00,1540.346530073117,1551.9864282852564,1513.186767578125,1513.186767578125,243396,0.0,0.0
2020-02-14 00:00:00+09:00,1513.1868004193766,1532.586631193984,1509.3068342644551,1528.7066650390625,164344,0.0,0.0
2020-02-17 00:00:00+09:00,1520.94677734375,1532.5866761499522,1509.3068785375478,1520.94677734375,119300,0.0,0.0
2020-02-18 00:00:00+09:00,1524.8266375270275,1528.7066035258242,1478.2670455414695,1486.0269775390625,217458,0.0,0.0
2020-02-19 00:00:00+09:00,1497.6668755354522,1497.6668755354522,1451.107283549894,1486.0269775390625,201843,0.0,0.0
2020-02-20 00:00:00+09:00,1482.1468988312336,1493.7867959424734,1443.3472417937667,1462.7470703125,216911,0.0,0.0
2020-02-21 00:00:00+09:00,1443.3473450377746,1443.3473450377746,1392.9077872810783,1412.3076171875,299444,0.0,0.0
2020-02-24 00:00:00+09:00,1396.7876645635934,1400.6676302984922,1330.8282470703125,1330.8282470703125,371658,0.0,0.0
2020-02-25 00:00:00+09:00,1307.5485989815847,1377.3879900251115,1307.5485989815847,1357.9881591796875,426750,0.0,0.0
2020-02-26 00:00:00+09:00,1334.7082804709758,1369.6279738553908,1330.828314539374,1361.8680419921875,162657,0.0,0.0
2020-02-27 00:00:00+09:00,1365.7482358870968,1365.7482358870968,1307.5487371987263,1323.068603515625,393102,0.0,0.0
2020-02-28 00:00:00+09:00,1315.3084537061445,1540.3464782340395,1257.1089646041028,1264.868896484375,4476873,0.0,0.0
2020-03-02 00:00:00+09:00,1272.6288945546407,1315.3085221159245,1264.868962270771,1295.90869140625,620642,0.0,0.0
2020-03-03 00:00:00+09:00,1319.1883196149554,1350.2280447823662,1303.66845703125,1303.66845703125,478273,0.0,0.0
2020-03-04 00:00:00+09:00,1280.3887991918875,1361.8680864131895,1280.3887991918875,1354.108154296875,323608,0.0,0.0
2020-03-05 00:00:00+09:00,1373.508095152949,1400.6678597463688,1357.9882296709948,1377.3880615234375,392123,0.0,0.0
2020-03-06 00:00:00+09:00,1373.5079294413079,1458.8671792935925,1354.108099929425,1385.1478271484375,2005441,0.0,0.0
2020-03-09 00:00:00+09:00,1385.1478271484375,1385.1478271484375,1385.1478271484375,1385.1478271484375,0,0.0,0.0
2020-03-10 00:00:00+09:00,1392.907774826576,1443.3473321322738,1330.828319681102,1350.2281494140625,2007362,0.0,0.0
2020-03-11 00:00:00+09:00,1361.868162959455,1404.5477919980704,1276.5089048822242,1288.1488037109375,1067766,0.0,0.0
2020-03-12 00:00:00+09:00,1288.1488037109375,1288.1488037109375,1288.1488037109375,1288.1488037109375,0,0.0,0.0
2020-03-13 00:00:00+09:00,1035.9508638381958,1063.1106243133545,915.6719245910645,993.271240234375,1486736,0.0,0.0
2020-03-16 00:00:00+09:00,997.151322412675,1171.7498029907697,997.151322412675,1004.9112548828125,3885819,0.0,0.0
2020-03-17 00:00:00+09:00,938.9518305277653,1303.6686572616907,935.0718642859151,1078.630615234375,10638114,0.0,0.0
2020-03-18 00:00:00+09:00,1086.3904467064315,1113.5502078740924,935.07177734375,935.07177734375,2241248,0.0,0.0
2020-03-19 00:00:00+09:00,969.9914762289218,993.2712716584159,763.5772900874072,783.7531127929688,1870232,0.0,0.0
2020-03-20 00:00:00+09:00,791.5130620912064,900.1521098292152,791.5130620912064,834.1926879882812,2743752,0.0,0.0
2020-03-23 00:00:00+09:00,783.7531515788563,876.8723379050571,775.2172261656212,787.6331176757812,1513397,0.0,0.0
2020-03-24 00:00:00+09:00,834.1926826687035,849.7125465323072,810.9128868732978,845.8325805664062,776962,0.0,0.0
2020-03-25 00:00:00+09:00,896.2721137375128,977.7513968045594,861.3524209944927,946.711669921875,3258492,0.0,0.0
2020-03-26 00:00:00+09:00,997.1512565321594,1032.0709503406786,958.3515967449158,1016.5510864257812,2956429,0.0,0.0
2020-03-27 00:00:00+09:00,1055.3507751937984,1074.750605620155,950.5916908914729,1001.03125,1605397,0.0,0.0
2020-03-30 00:00:00+09:00,1066.990683896698,1070.870650019959,1001.031259801266,1063.1107177734375,1042435,0.0,0.0
2020-03-31 00:00:00+09:00,1094.1504802017762,1121.310243894728,1039.8309528158725,1078.630615234375,1462602,0.0,0.0
2020-04-01 00:00:00+09:00,1082.5105877130682,1129.0701828835229,1047.5908913352273,1066.99072265625,1465315,0.0,0.0
2020-04-02 00:00:00+09:00,1101.910419034091,1117.4302840909093,1039.8309588068182,1066.99072265625,790802,0.0,0.0
2020-04-03 00:00:00+09:00,1066.9907165088243,1109.6703451691772,1059.2307840251237,1078.630615234375,703995,0.0,0.0
2020-04-06 00:00:00+09:00,1094.1504818694762,1191.1496380635785,1070.8706843828916,1152.3499755859375,2096043,0.0,0.0
2020-04-07 00:00:00+09:00,1167.8697897803704,1195.0295523334023,1148.4699593853477,1171.749755859375,1404587,0.0,0.0
2020-04-08 00:00:00+09:00,1175.6295166015625,1206.6692398121647,1140.709827989635,1175.6295166015625,1027783,0.0,0.0
2020-04-09 00:00:00+09:00,1210.549430869807,1307.548583984375,1191.1496002468934,1307.548583984375,2043758,0.0,0.0
2020-04-10 00:00:00+09:00,1280.3889105729995,1307.54867534273,1179.50978428543,1218.3094482421875,1436364,0.0,0.0
2020-04-13 00:00:00+09:00,1214.4293712269175,1218.309337269176,1148.4699485085227,1195.029541015625,574574,0.0,0.0
2020-04-14 00:00:00+09:00,1218.309337269176,1237.7091674804688,1187.2696089311078,1195.029541015625,599683,0.0,0.0
2020-04-16 00:00:00+09:00,1191.1496834724571,1222.1894146378631,1156.2299859113755,1218.3094482421875,499290,0.0,0.0
2020-04-17 00:00:00+09:00,1233.8292276173033,1338.5883129810366,1214.42939699439,1307.548583984375,3321757,0.0,0.0
2020-04-20 00:00:00+09:00,1295.908603284486,1381.2678526026257,1288.1486715282915,1311.428466796875,3831558,0.0,0.0
2020-04-21 00:00:00+09:00,1292.0286580653278,1319.1884196462806,1183.3896117415165,1264.868896484375,1671303,0.0,0.0
2020-04-22 00:00:00+09:00,1245.4691315610964,1311.4285559739894,1233.8292331352918,1295.90869140625,937830,0.0,0.0
2020-04-23 00:00:00+09:00,1311.4283883231026,1334.7081821986608,1295.9085257393974,1303.66845703125,747487,0.0,0.0
2020-04-24 00:00:00+09:00,1307.5485677836855,1326.9483981662327,1257.1090087890625,1257.1090087890625,936638,0.0,0.0
2020-04-27 00:00:00+09:00,1303.6686178597922,1357.9881436039502,1288.1487533614613,1307.548583984375,1395910,0.0,0.0
2020-04-28 00:00:00+09:00,1319.1883196149554,1326.948250906808,1276.5086975097656,1303.66845703125,923491,0.0,0.0
2020-04-29 00:00:00+09:00,1303.66845703125,1350.2280447823662,1303.66845703125,1303.66845703125,773945,0.0,0.0
2020-05-04 00:00:00+09:00,1299.7886185746293,1326.9483807538006,1284.2687544722457,1292.0286865234375,455978,0.0,0.0
2020-05-06 00:00:00+09:00,1307.5484226771764,1315.308353969029,1292.028560093471,1303.66845703125,433051,0.0,0.0
2020-05-07 00:00:00+09:00,1311.4286146965578,1369.6281094316123,1299.788715749547,1338.58837890625,1218594,0.0,0.0
2020-05-08 00:00:00+09:00,1361.868047253839,1381.2678769867996,1346.3481834674703,1350.2281494140625,652422,0.0,0.0
2020-05-11 00:00:00+09:00,1361.8680580540706,1381.2678879408809,1319.1884323030883,1326.9483642578125,411147,0.0,0.0
2020-05-12 00:00:00+09:00,1334.7083016454646,1342.4682336317755,1284.2687437344441,1315.3084716796875,448045,0.0,0.0
2020-05-13 00:00:00+09:00,1295.9086417139104,1412.307621508573,1268.7488797618225,1315.3084716796875,1200086,0.0,0.0
2020-05-14 00:00:00+09:00,1311.4285501089576,1326.9484146072884,1295.908685610627,1307.548583984375,468348,0.0,0.0
2020-05-15 00:00:00+09:00,1315.308482677013,1326.9483807538006,1292.0286865234375,1292.0286865234375,329699,0.0,0.0
2020-05-18 00:00:00+09:00,1292.0286083394308,1319.1883688750945,1272.628779385385,1284.2686767578125,425598,0.0,0.0
2020-05-19 00:00:00+09:00,1311.4283883231026,1319.1883196149554,1295.9085257393974,1303.66845703125,348707,0.0,0.0
2020-05-20 00:00:00+09:00,1315.3084991984283,1365.7480581647399,1307.548567049765,1342.46826171875,918044,0.0,0.0
2020-05-21 00:00:00+09:00,1361.8680580540706,1361.8680580540706,1323.0683982804505,1326.9483642578125,331443,0.0,0.0
2020-05-22 00:00:00+09:00,1334.7083528255987,1338.5883189675337,1280.3888268385106,1295.90869140625,419484,0.0,0.0
2020-05-25 00:00:00+09:00,1299.7885691625831,1319.1883985530696,1280.3887397720969,1311.428466796875,208259,0.0,0.0
2020-05-26 00:00:00+09:00,1311.4285003483644,1338.5882621898986,1307.5485343710025,1326.9483642578125,334714,0.0,0.0
2020-05-27 00:00:00+09:00,1326.9485315659467,1338.588430965648,1311.4286656996783,1319.1885986328125,255830,0.0,0.0
2020-05-28 00:00:00+09:00,1319.1884882578593,1357.9881496772082,1260.988996128836,1295.90869140625,674465,0.0,0.0
2020-05-29 00:00:00+09:00,1295.9086364389163,1381.2678879408809,1280.3887725294683,1326.9483642578125,1557087,0.0,0.0
2020-06-01 00:00:00+09:00,1326.9483974214234,1350.2281938674132,1319.1884652727601,1342.46826171875,510183,0.0,0.0
2020-06-02 00:00:00+09:00,1350.2283213915746,1427.8276502071824,1342.468388510014,1404.5478515625,1841171,0.0,0.0
2020-06-03 00:00:00+09:00,1400.6677809761197,1423.9475778898502,1369.6280517578125,1369.6280517578125,789435,0.0,0.0
2020-06-04 00:00:00+09:00,1377.3878953436845,1404.5476566603204,1369.6279635389312,1385.1478271484375,602503,0.0,0.0
2020-06-05 00:00:00+09:00,1389.02783203125,1427.827492143855,1377.3879339974687,1389.02783203125,536754,0.0,0.0
2020-06-08 00:00:00+09:00,1404.547741150588,1416.1876395579134,1373.5080120643872,1381.2679443359375,479967,0.0,0.0
2020-06-09 00:00:00+09:00,1381.2679167039755,1392.9078148784472,1354.108154296875,1354.108154296875,357737,0.0,0.0
2020-06-10 00:00:00+09:00,1361.8681313462491,1373.508029904764,1330.8284018568759,1346.3482666015625,409022,0.0,0.0
2020-06-11 00:00:00+09:00,1334.708503253299,1357.9883027286473,1307.5487371987263,1323.068603515625,341782,0.0,0.0
2020-06-12 00:00:00+09:00,1249.3489846405305,1295.90857413024,1241.5890530589124,1284.2686767578125,640731,0.0,0.0
2020-06-15 00:00:00+09:00,1284.2688212076823,1307.5486185709635,1163.9898681640625,1163.9898681640625,531284,0.0,0.0
2020-06-16 00:00:00+09:00,1202.789446473491,1260.9889358189823,1202.789446473491,1253.22900390625,411924,0.0,0.0
2020-06-17 00:00:00+09:00,1241.589033018868,1260.9888616597877,1210.5493071933963,1233.8291015625,232839,0.0,0.0
2020-06-18 00:00:00+09:00,1245.469071993518,1257.1089698626163,1233.8291741244195,1253.22900390625,95186,0.0,0.0
2020-06-19 00:00:00+09:00,1260.988896529867,1268.74882820082,1233.8291356815314,1249.3489990234375,102688,0.0,0.0
2020-06-22 00:00:00+09:00,1264.8688623653434,1292.028623213679,1187.2695456558133,1249.3489990234375,465109,0.0,0.0
2020-06-23 00:00:00+09:00,1257.1090596835816,1272.6289246179467,1210.5494648804859,1237.709228515625,250392,0.0,0.0
2020-06-24 00:00:00+09:00,1241.5891501168223,1284.2687771520882,1237.7091840227072,1245.4691162109375,225463,0.0,0.0
2020-06-25 00:00:00+09:00,1241.5891060371519,1260.9889358189823,1237.7091400807856,1253.22900390625,78141,0.0,0.0
2020-06-26 00:00:00+09:00,1276.5088908515381,1276.5088908515381,1222.1893635812598,1237.709228515625,236385,0.0,0.0
2020-06-29 00:00:00+09:00,1222.1893822454638,1260.989045173891,1202.78955078125,1202.78955078125,427850,0.0,0.0
2020-06-30 00:00:00+09:00,1214.4293656425843,1226.0692637158359,1202.7894675693328,1206.66943359375,133922,0.0,0.0
2020-07-01 00:00:00+09:00,1214.4292869197511,1226.0691842384708,1198.909423828125,1198.909423828125,118130,0.0,0.0
2020-07-02 00:00:00+09:00,1198.9096035003663,1260.989065170288,1198.9096035003663,1241.5892333984375,265144,0.0,0.0
2020-07-03 00:00:00+09:00,1249.3490823050524,1272.628878869743,1241.5891501168223,1245.4691162109375,172742,0.0,0.0
2020-07-06 00:00:00+09:00,1245.4691050118263,1272.6288674264144,1222.189308656465,1268.7489013671875,355586,0.0,0.0
2020-07-07 00:00:00+09:00,1307.5486018483232,1311.4285680259147,1268.7489400724085,1272.62890625,609421,0.0,0.0
2020-07-08 00:00:00+09:00,1280.3888386051829,1280.3888386051829,1249.3491091844512,1272.62890625,160548,0.0,0.0
2020-07-09 00:00:00+09:00,1272.6288618607953,1295.9086581143465,1260.9889637340198,1280.3887939453125,252835,0.0,0.0
2020-07-10 00:00:00+09:00,1292.0286634699112,1292.0286634699112,1241.5891060371519,1253.22900390625,228150,0.0,0.0
2020-07-13 00:00:00+09:00,1264.869012247103,1280.388877428049,1253.2291133613935,1276.5089111328125,180941,0.0,0.0
2020-07-14 00:00:00+09:00,1284.2688437232855,1311.428607789941,1257.10907965663,1276.5089111328125,388790,0.0,0.0
2020-07-15 00:00:00+09:00,1295.908685610627,1323.068448482706,1276.5088549877132,1307.548583984375,540775,0.0,0.0
2020-07-16 00:00:00+09:00,1315.3086848472483,1338.5884845790579,1299.788818359375,1299.788818359375,347299,0.0,0.0
2020-07-17 00:00:00+09:00,1295.9088517374068,1311.42871822528,1292.0288851154385,1299.788818359375,250035,0.0,0.0
2020-07-20 00:00:00+09:00,1319.1884218413254,1357.9880813072468,1303.668558054957,1350.2281494140625,824875,0.0,0.0
2020-07-21 00:00:00+09:00,1357.9880813072468,1369.6279791470233,1334.708285627694,1350.2281494140625,551665,0.0,0.0
2020-07-22 00:00:00+09:00,1354.1080414797057,1357.9880072146045,1315.308384130717,1330.8282470703125,455572,0.0,0.0
2020-07-23 00:00:00+09:00,1342.4682791056193,1346.348245230202,1292.028719486044,1307.548583984375,323481,0.0,0.0
2020-07-24 00:00:00+09:00,1342.4681134905134,1354.1080104282923,1280.388663155692,1303.66845703125,690456,0.0,0.0
2020-07-27 00:00:00+09:00,1303.6686009754335,1354.1081599417448,1295.90866882677,1342.46826171875,338777,0.0,0.0
2020-07-28 00:00:00+09:00,1350.2282778532608,1354.1082441689312,1323.0685136435688,1338.58837890625,539728,0.0,0.0
2020-07-29 00:00:00+09:00,1326.9483508398962,1447.227294921875,1315.3084530255112,1447.227294921875,2808479,0.0,0.0
2020-07-30 00:00:00+09:00,1427.827567694699,1482.1470947265625,1392.907871745644,1482.1470947265625,2536475,0.0,0.0
2020-07-31 00:00:00+09:00,1474.3871745657414,1493.7870058100273,1431.707545828312,1458.8673095703125,1035212,0.0,0.0
2020-08-03 00:00:00+09:00,1443.3472417937667,1474.38696742374,1435.5873103862732,1462.7470703125,733893,0.0,0.0
2020-08-04 00:00:00+09:00,1517.066622545093,1738.2246723790322,1513.1866567585325,1683.9051513671875,20222937,0.0,0.0
2020-08-05 00:00:00+09:00,1683.9052292010106,1711.0649909623173,1652.865501473803,1691.6651611328125,3486295,0.0,0.0
2020-08-06 00:00:00+09:00,1711.0650634765625,1811.9441828652034,1664.5054699125744,1711.0650634765625,5766346,0.0,0.0
2020-08-07 00:00:00+09:00,1711.06524118069,1765.3847726467438,1672.2655758477947,1753.744873046875,2296416,0.0,0.0
2020-08-10 00:00:00+09:00,1757.6246064014924,1862.3836889022436,1742.1047423273071,1815.8240966796875,4965289,0.0,0.0
2020-08-11 00:00:00+09:00,1804.1843517756058,1831.3441162109375,1753.744789252847,1831.3441162109375,1546356,0.0,0.0
2020-08-12 00:00:00+09:00,1811.943961222788,1819.7038925342347,1668.3852319610253,1726.584716796875,1860361,0.0,0.0
2020-08-13 00:00:00+09:00,1765.3845144849304,1765.3845144849304,1691.6651611328125,1691.6651611328125,850283,0.0,0.0
2020-08-14 00:00:00+09:00,1722.7048853545282,1788.6643066406248,1699.4250896064939,1788.664306640625,1608188,0.0,0.0
2020-08-18 00:00:00+09:00,1819.7041839395704,1854.6238804330803,1707.1851619049276,1742.1048583984375,2609440,0.0,0.0
2020-08-19 00:00:00+09:00,1804.1840591430664,1862.383544921875,1742.1046076456705,1862.383544921875,1722609,0.0,0.0
2020-08-20 00:00:00+09:00,1901.18330781098,2141.7411957380837,1811.9440913218934,1994.302490234375,25461494,0.0,0.0
2020-08-21 00:00:00+09:00,2009.822314643488,2068.021802519265,1920.5830999006305,1990.4224853515625,3860322,0.0,0.0
2020-08-24 00:00:00+09:00,1978.7825964447252,2106.821470332325,1924.4630741893798,2064.141845703125,3523593,0.0,0.0
2020-08-25 00:00:00+09:00,2075.7816508616943,2110.7013421846013,2029.2220624311515,2091.301513671875,2893087,0.0,0.0
2020-08-26 00:00:00+09:00,2068.021630622345,2083.5414927658526,1943.862733474287,1998.1822509765625,3047768,0.0,0.0
2020-08-27 00:00:00+09:00,2036.9824652135724,2048.6223650147926,1936.1033336029955,1967.14306640625,2358408,0.0,0.0
2020-08-28 00:00:00+09:00,2044.7422645727493,2052.502197265625,1982.6628030297436,2052.502197265625,2219609,0.0,0.0
2020-08-31 00:00:00+09:00,2168.9010068900034,2273.6600895125976,2071.9018563135273,2242.620361328125,10606887,0.0,0.0
2020-09-01 00:00:00+09:00,2215.4604884954865,2312.4596342264626,2110.701411106033,2122.34130859375,6512075,0.0,0.0
2020-09-02 00:00:00+09:00,2188.3007441292034,2188.3007441292034,1967.1426902012518,1990.4224853515625,5431173,0.0,0.0
2020-09-03 00:00:00+09:00,1994.302436228862,2304.6997025679843,1920.5830854733204,2122.34130859375,18092565,0.0,0.0
2020-09-04 00:00:00+09:00,2029.22216796875,2079.6617247251434,1986.5425430210325,2029.22216796875,2933128,0.0,0.0
2020-09-07 00:00:00+09:00,1994.302490234375,2095.1816045263863,1974.9026605628344,1994.302490234375,2464799,0.0,0.0
2020-09-08 00:00:00+09:00,1994.302662129305,2025.3423922791774,1874.0237077985491,1901.1834716796875,2809387,0.0,0.0
2020-09-09 00:00:00+09:00,1850.7434801868555,1998.1821641430413,1784.784068943299,1881.783203125,3936371,0.0,0.0
2020-09-10 00:00:00+09:00,1978.7828304893092,1978.7828304893092,1757.6247494346217,1769.2646484375,5712173,0.0,0.0
2020-09-11 00:00:00+09:00,1780.9045211690038,1796.4243862772305,1718.8250607360974,1742.1048583984375,2611404,0.0,0.0
2020-09-14 00:00:00+09:00,1742.1047984780787,1742.1047984780787,1680.0253401804189,1699.4251708984375,1710509,0.0,0.0
2020-09-15 00:00:00+09:00,1714.9450077490576,1714.9450077490576,1660.6254826167344,1672.265380859375,1281236,0.0,0.0
2020-09-16 00:00:00+09:00,1676.1452294465537,1707.1849559177863,1645.1055029753213,1660.6253662109375,1268596,0.0,0.0
2020-09-17 00:00:00+09:00,1660.6254940257354,1676.1453584558824,1621.8258329503676,1648.985595703125,1008392,0.0,0.0
2020-09-18 00:00:00+09:00,1645.1056182932134,1699.4251434255366,1610.1859235652914,1672.265380859375,1569397,0.0,0.0
2020-09-21 00:00:00+09:00,1687.7852283824573,1718.8249567205255,1664.5054321289062,1707.18505859375,1739051,0.0,0.0
2020-09-22 00:00:00+09:00,1703.3051611671985,1765.384620344135,1633.4657695931448,1652.8656005859375,1881551,0.0,0.0
2020-09-23 00:00:00+09:00,1660.6253965796493,1695.5450894983803,1551.9863519435974,1590.7860107421875,748168,0.0,0.0
2020-09-24 00:00:00+09:00,1551.9864741059923,1571.3863050323173,1466.6272180301628,1505.4268798828125,1827854,0.0,0.0
2020-09-25 00:00:00+09:00,1501.546880722046,1536.4665756225586,1486.027016321818,1489.906982421875,1018968,0.0,0.0
2020-09-28 00:00:00+09:00,1517.0668678756979,1567.5064312577542,1509.3069350476892,1563.62646484375,634238,0.0,0.0
2020-09-29 00:00:00+09:00,1575.2661964699073,1594.6660264756943,1559.7463324652776,1571.38623046875,467475,0.0,0.0
2020-10-05 00:00:00+09:00,1575.2663002198444,1614.0659627868358,1563.6264014497472,1606.3060302734375,402678,0.0,0.0
2020-10-06 00:00:00+09:00,1614.0657958984375,1664.5053520202637,1586.9060349097617,1614.0657958984375,1247025,0.0,0.0
2020-10-07 00:00:00+09:00,1614.0659063981043,1660.6254998518957,1610.185940276955,1637.345703125,792260,0.0,0.0
2020-10-08 00:00:00+09:00,1676.1453584558824,1680.0253245634192,1637.3456973805148,1648.985595703125,485807,0.0,0.0
2020-10-12 00:00:00+09:00,1672.2654282706123,1742.104819706508,1656.7455635070799,1738.224853515625,1866853,0.0,0.0
2020-10-13 00:00:00+09:00,1742.1047586750929,1742.1047586750929,1672.265369685891,1695.545166015625,1183852,0.0,0.0
2020-10-14 00:00:00+09:00,1695.54500926945,1703.3049406619875,1656.7453523067625,1680.025146484375,693457,0.0,0.0
2020-10-15 00:00:00+09:00,1680.0253639758473,1683.905330174406,1621.825870997469,1652.8656005859375,1127814,0.0,0.0
2020-10-16 00:00:00+09:00,1652.8655052463505,1668.3853691453771,1563.6262878269465,1594.666015625,508650,0.0,0.0
2020-10-19 00:00:00+09:00,1691.6652271167652,1897.3034313305004,1664.5054642960831,1722.7049560546875,28628692,0.0,0.0
2020-10-20 00:00:00+09:00,1680.0252905911334,1687.7852226492912,1590.7860719223204,1633.4656982421875,3847218,0.0,0.0
2020-10-21 00:00:00+09:00,1629.5857548422218,1641.2256530910947,1583.0261618467298,1586.9061279296875,1524078,0.0,0.0
2020-10-22 00:00:00+09:00,1652.865529550671,2060.261962890625,1633.4656993916255,2060.261962890625,58600657,0.0,0.0
2020-10-23 00:00:00+09:00,2168.901145590312,2188.3009769462183,1866.2637764381752,1974.90283203125,40190745,0.0,0.0
2020-10-26 00:00:00+09:00,1967.1429383875961,2009.822568214546,1827.464149863033,1831.3441162109375,13492555,0.0,0.0
2020-10-27 00:00:00+09:00,1932.223234477796,1955.5030324835527,1742.1048840974506,1769.2646484375,11285683,0.0,0.0
2020-10-28 00:00:00+09:00,1842.9838532854799,1874.0235813408142,1761.504567140227,1827.4639892578125,6535828,0.0,0.0
2020-10-29 00:00:00+09:00,1745.9845448145152,1854.6235831585295,1745.9845448145152,1835.2237548828125,2921091,0.0,0.0
2020-10-30 00:00:00+09:00,1854.6239077919408,1955.5030324835527,1765.3846821032073,1769.2646484375,8996845,0.0,0.0
2020-11-02 00:00:00+09:00,1811.944066471084,1908.9432134984438,1811.944066471084,1870.1435546875,3890855,0.0,0.0
2020-11-03 00:00:00+09:00,1870.1436153338975,1885.6634793615647,1823.5840232508958,1827.4639892578125,2069232,0.0,0.0
2020-11-04 00:00:00+09:00,1866.2637590680804,2184.42099034372,1846.8639278927365,2009.822509765625,45511220,0.0,0.0
2020-11-05 00:00:00+09:00,1994.3024599462524,2075.7817433292703,1967.1426988185797,2064.141845703125,8367933,0.0,0.0
2020-11-06 00:00:00+09:00,2114.5813349813534,2459.898286932437,2110.701369229094,2227.100341796875,74744016,0.0,0.0
2020-11-09 00:00:00+09:00,2227.1006382533483,2285.3001322843593,2196.060908103476,2281.420166015625,8707140,0.0,0.0
2020-11-10 00:00:00+09:00,2207.7009119104455,2219.3408112702546,2095.181884765625,2095.181884765625,4218039,0.0,0.0
2020-11-11 00:00:00+09:00,2087.4216965537034,2130.1013223196715,2033.1021728515623,2033.1021728515625,4257606,0.0,0.0
2020-11-12 00:00:00+09:00,2068.0219786446046,2122.341505288178,2029.2223167563384,2056.382080078125,2976149,0.0,0.0
2020-11-13 00:00:00+09:00,2141.741249558616,2230.980468290225,2044.7420987633886,2060.261962890625,13672626,0.0,0.0
2020-11-16 00:00:00+09:00,2029.2222401012073,2052.5020363547583,1982.662647594105,2048.6220703125,2075800,0.0,0.0
2020-11-17 00:00:00+09:00,2133.9812528170073,2165.020980130709,1998.1824458195613,2017.582275390625,4933976,0.0,0.0
2020-11-18 00:00:00+09:00,2172.780938632246,2436.6186240375905,2071.9018236243205,2141.7412109375,59274963,0.0,0.0
2020-11-19 00:00:00+09:00,2165.0210967794824,2219.340622505132,2110.701571053832,2126.221435546875,10779169,0.0,0.0
2020-11-20 00:00:00+09:00,2099.061851218895,2145.6214486581307,2036.9823879665798,2095.181884765625,2991970,0.0,0.0
2020-11-23 00:00:00+09:00,2102.941567211959,2137.861261132453,2083.541737256129,2106.821533203125,2212884,0.0,0.0
2020-11-24 00:00:00+09:00,2130.1013722553284,2622.8570631049215,2110.701541906919,2355.139404296875,73145758,0.0,0.0
2020-11-25 00:00:00+09:00,2421.0988332988413,2533.617849589973,2262.0202240596545,2343.49951171875,14888454,0.0,0.0
2020-11-26 00:00:00+09:00,2296.9398057725693,2378.4190894232856,2211.580556233724,2234.8603515625,4869098,0.0,0.0
2020-11-27 00:00:00+09:00,2137.8611478432217,2219.340429339969,2130.101216272103,2180.540771484375,2823574,0.0,0.0
2020-11-30 00:00:00+09:00,2196.0610901619366,2265.9004887889946,2196.0610901619366,2238.74072265625,3613092,0.0,0.0
2020-12-01 00:00:00+09:00,2366.7790119742363,2432.738427062043,2250.3800441722246,2254.260009765625,9263295,0.0,0.0
2020-12-02 00:00:00+09:00,2250.3807223135964,2269.7805561266446,2188.301254111842,2211.5810546875,1887575,0.0,0.0
2020-12-03 00:00:00+09:00,2234.8605489713773,2234.8605489713773,2168.901123046875,2168.901123046875,1225823,0.0,0.0
2020-12-04 00:00:00+09:00,2192.1805855732405,2215.460379402337,2157.260894829596,2184.420654296875,998883,0.0,0.0
2020-12-07 00:00:00+09:00,2196.060674844621,2207.7005724144688,2079.661699146143,2087.421630859375,1412327,0.0,0.0
2020-12-08 00:00:00+09:00,2102.941415359725,2122.341243914704,2056.3818268277755,2079.66162109375,890360,0.0,0.0
2020-12-09 00:00:00+09:00,2021.4623519839445,2056.3820471237823,2002.0625213507012,2040.8621826171875,1180335,0.0,0.0
2020-12-10 00:00:00+09:00,2060.2620462669515,2095.181741966391,2025.3423505675116,2056.382080078125,1339792,0.0,0.0
2020-12-11 00:00:00+09:00,2040.8621327315795,2071.9018609860523,2036.9821666997705,2060.261962890625,722912,0.0,0.0
2020-12-14 00:00:00+09:00,2079.6617930496705,2091.3016911450977,2052.502030827007,2060.261962890625,654778,0.0,0.0
2020-12-15 00:00:00+09:00,2083.5418961468868,2196.0609184713926,2075.781963572783,2110.70166015625,2904831,0.0,0.0
2020-12-16 00:00:00+09:00,2114.5817170319733,2130.1015828450522,2071.902086046007,2095.181884765625,716512,0.0,0.0
2020-12-17 00:00:00+09:00,2265.900285240558,2296.94001517536,2149.5012979850494,2157.26123046875,8994926,0.0,0.0
2020-12-18 00:00:00+09:00,2196.060991575592,2238.7406221539163,2114.581696835155,2130.1015625,2128942,0.0,0.0
2020-12-21 00:00:00+09:00,2165.021017556662,2180.5408814817993,2118.46142578125,2118.46142578125,1134179,0.0,0.0
2020-12-22 00:00:00+09:00,2079.661941910525,2110.7016723868014,1998.1826494102993,2013.7025146484375,1871098,0.0,0.0
2020-12-23 00:00:00+09:00,2044.7419672012331,2133.98118019104,1963.2626857757568,1986.54248046875,2283382,0.0,0.0
2020-12-24 00:00:00+09:00,1951.623105320786,1967.1429709694603,1916.7034076112689,1920.5833740234375,930163,0.0,0.0
2020-12-28 00:00:00+09:00,2017.5824186797036,2017.5824186797036,1881.7836020378004,1897.303466796875,1451975,0.0,0.0
2020-12-29 00:00:00+09:00,1970.121003803454,2216.891807154605,1970.121003803454,2075.302001953125,5437997,100.0,0.0
2020-12-30 00:00:00+09:00,2071.256502890173,2135.983268605491,2055.074811461344,2099.574462890625,1051065,0.0,0.0
2021-01-04 00:00:00+09:00,2188.573846114309,2229.028076171875,2119.801655016447,2152.1650390625,1485160,0.0,0.0
2021-01-05 00:00:00+09:00,2123.847287200218,2144.0744042211727,2071.2567829457366,2087.4384765625,777380,0.0,0.0
2021-01-06 00:00:00+09:00,2123.8470653655604,2172.392141145345,2079.3474125674247,2156.21044921875,1427219,0.0,0.0
2021-01-07 00:00:00+09:00,2192.619282235758,2200.7101282956683,2131.937936786429,2148.11962890625,1282678,0.0,0.0
2021-01-08 00:00:00+09:00,2241.164467689412,2354.4363180419455,2055.0749992531073,2115.75634765625,10066805,0.0,0.0
2021-01-11 00:00:00+09:00,2140.028833770752,2140.028833770752,1901.3488693237305,1941.8031005859375,2892800,0.0,0.0
2021-01-12 00:00:00+09:00,1941.803102969089,1941.803102969089,1828.5312552958922,1864.9400634765625,1416228,0.0,0.0
2021-01-13 00:00:00+09:00,1836.62218291184,1897.3035325675175,1836.62218291184,1877.076416015625,599287,0.0,0.0
2021-01-14 00:00:00+09:00,1881.121590529816,1933.7120866091443,1881.121590529816,1917.5303955078125,580886,0.0,0.0
2021-01-15 00:00:00+09:00,1917.5304981935687,1929.6667671694775,1877.0762682738732,1885.1671142578125,485223,0.0,0.0
2021-01-18 00:00:00+09:00,1848.7584184919083,1885.1672276088168,1812.349609375,1812.349609375,593156,0.0,0.0
2021-01-19 00:00:00+09:00,1784.0318603515625,1836.6223687065972,1767.85016547309,1820.440673828125,595880,0.0,0.0
2021-01-20 00:00:00+09:00,1836.6219609073194,1848.7582293714645,1812.3494239790286,1832.5765380859375,333029,0.0,0.0
2021-01-21 00:00:00+09:00,1820.4404090335208,1897.3034485260473,1820.4404090335208,1864.9400634765625,918220,0.0,0.0
2021-01-22 00:00:00+09:00,1844.713022001121,1852.8038685888453,1796.1679424747758,1804.2587890625,807004,0.0,0.0
2021-01-25 00:00:00+09:00,1804.2588022296347,1820.4404955231741,1792.1225322594803,1800.21337890625,455618,0.0,0.0
2021-01-26 00:00:00+09:00,1796.1681315104165,1836.6223687065972,1784.0318603515625,1820.440673828125,573324,0.0,0.0
2021-01-27 00:00:00+09:00,1897.3035193002352,1937.7577521211358,1844.7130166330644,1881.121826171875,1431057,0.0,0.0
2021-01-28 00:00:00+09:00,1836.622258991335,1856.8493763811073,1812.349718123608,1816.3951416015625,423083,0.0,0.0
2021-01-29 00:00:00+09:00,1848.75823053324,1848.75823053324,1707.1684316959022,1715.25927734375,604138,0.0,0.0
2021-02-01 00:00:00+09:00,1695.032208110011,1743.5772832826126,1682.8959393168604,1739.5318603515625,482486,0.0,0.0
2021-02-02 00:00:00+09:00,1751.668337722709,1808.3042655012725,1731.4412206589366,1788.0771484375,242354,0.0,0.0
2021-02-03 00:00:00+09:00,1792.1224365234375,1820.440398274372,1779.9861672016082,1792.1224365234375,330023,0.0,0.0
2021-02-04 00:00:00+09:00,1804.258815456081,1804.258815456081,1767.850005278716,1796.16796875,284173,0.0,0.0
2021-02-05 00:00:00+09:00,1804.2586915117104,1885.1671530144777,1784.0315761360187,1873.0308837890625,1029964,0.0,0.0
2021-02-08 00:00:00+09:00,1897.3034538106715,1921.5759926653923,1840.6675298163232,1901.348876953125,1261115,0.0,0.0
2021-02-09 00:00:00+09:00,2087.438277819925,2119.801661972172,1941.803049134814,1957.9847412109375,7054686,0.0,0.0
2021-02-10 00:00:00+09:00,1978.2118366145287,1998.4389515083378,1909.4396459755778,1925.621337890625,818146,0.0,0.0
2021-02-15 00:00:00+09:00,1974.166407455633,2002.4843682183161,1941.803023726852,1966.0755615234375,745190,0.0,0.0
2021-02-16 00:00:00+09:00,1990.3481886530496,2075.3020747540945,1941.8031108810242,2014.6207275390625,3160266,0.0,0.0
2021-02-17 00:00:00+09:00,2030.802394042969,2042.9386633300783,1978.2118937988282,2022.7115478515625,1229651,0.0,0.0
2021-02-18 00:00:00+09:00,2046.9840282633145,2318.02736797407,2042.938605282557,2079.347412109375,15523340,0.0,0.0
2021-02-19 00:00:00+09:00,2067.2110641997256,2067.2110641997256,1966.0754935441616,2026.7568359375,1379808,0.0,0.0
2021-02-22 00:00:00+09:00,2067.2111807193396,2233.0735259433964,2026.7569501768867,2144.07421875,7375450,0.0,0.0
2021-02-23 00:00:00+09:00,2091.4837673447696,2103.620036787776,2006.529881243725,2014.6207275390625,2048603,0.0,0.0
2021-02-24 00:00:00+09:00,1982.2574395648503,2046.9842131016617,1909.4398193359375,1909.4398193359375,1296609,0.0,0.0
2021-02-25 00:00:00+09:00,1921.5758182831455,1957.984623261142,1909.4395499571467,1917.5303955078125,682857,0.0,0.0
2021-02-26 00:00:00+09:00,1856.8492864793348,1909.4397891465053,1820.4404769405241,1881.121826171875,983271,0.0,0.0
2021-03-02 00:00:00+09:00,1889.2128367170915,1921.5762257829088,1868.9857185509554,1905.39453125,718486,0.0,0.0
2021-03-03 00:00:00+09:00,1893.2580484685539,1949.8939729953909,1881.1217789270886,1933.7122802734375,495193,0.0,0.0
2021-03-04 00:00:00+09:00,1929.6668441230918,1966.0756525027728,1913.4851515099,1937.7576904296875,566611,0.0,0.0
2021-03-05 00:00:00+09:00,1917.5308021496817,1917.5308021496817,1873.0311421841827,1905.39453125,422376,0.0,0.0
2021-03-08 00:00:00+09:00,1913.4849810550918,2018.665973671228,1913.4849810550918,1953.939208984375,1020764,0.0,0.0
2021-03-09 00:00:00+09:00,1970.1211282112015,2071.256709741551,1913.4852025542061,2034.847900390625,3207026,0.0,0.0
2021-03-10 00:00:00+09:00,2099.574559914638,2208.8009821067294,1998.4389838108502,2030.8023681640625,5235803,0.0,0.0
2021-03-11 00:00:00+09:00,2063.1658841646636,2103.6201171875,2038.8933443509616,2103.6201171875,1915747,0.0,0.0
2021-03-12 00:00:00+09:00,2140.0289864415086,2176.437797174918,2095.529328878453,2160.256103515625,2196393,0.0,0.0
2021-03-15 00:00:00+09:00,2200.710189494681,2374.6633846201794,2164.3013812125996,2281.61865234375,12778894,0.0,0.0
2021-03-16 00:00:00+09:00,2309.9366399504515,2831.7962311126375,2265.43698489011,2576.9345703125,92098795,0.0,0.0
2021-03-17 00:00:00+09:00,2576.9344928557543,2661.8883772356144,2520.298569935848,2601.20703125,13612378,0.0,0.0
2021-03-18 00:00:00+09:00,2576.9344294041766,2734.705925081983,2560.752737539786,2621.43408203125,18348156,0.0,0.0
2021-03-19 00:00:00+09:00,2572.889265155075,2896.5231349859023,2556.707571663534,2690.20654296875,19179281,0.0,0.0
2021-03-22 00:00:00+09:00,2758.9785031238234,2847.9778096762047,2665.933773546334,2686.160888671875,7926224,0.0,0.0
2021-03-23 00:00:00+09:00,2645.7066057477678,2653.797451636905,2524.3439174107143,2548.616455078125,3586300,0.0,0.0
2021-03-24 00:00:00+09:00,2540.5258003499607,2605.2525723333993,2524.344107354101,2564.79833984375,1791789,0.0,0.0
2021-03-25 00:00:00+09:00,2609.297798019384,2653.797450388707,2443.43545737009,2471.75341796875,3757229,0.0,0.0
2021-03-26 00:00:00+09:00,2459.616999398074,2548.616298718399,2455.5715767016954,2520.29833984375,1644624,0.0,0.0
2021-03-29 00:00:00+09:00,2524.3441461965135,2564.798379308637,2467.70821983954,2552.662109375,1766038,0.0,0.0
2021-03-30 00:00:00+09:00,2585.0253006784537,3268.701788651316,2544.571070620888,3151.384521484375,56384214,0.0,0.0
2021-03-31 00:00:00+09:00,3119.021391463183,3131.1576614688765,2908.6593780311655,2997.65869140625,12258362,0.0,0.0
2021-04-01 00:00:00+09:00,3256.565584081727,3895.7424316406255,3244.42931482428,3895.742431640625,27667128,0.0,0.0
2021-04-02 00:00:00+09:00,4134.4223539062505,5056.77880859375,4093.9681234375003,5056.77880859375,58177491,0.0,0.0
2021-04-05 00:00:00+09:00,5121.50537109375,5582.683579865225,4822.144077680687,5121.50537109375,57802086,0.0,0.0
2021-04-06 00:00:00+09:00,5202.414199697181,6011.498834175747,5032.506426456682,5615.04736328125,39221824,0.0,0.0
2021-04-07 00:00:00+09:00,5930.590414032681,6051.953110090649,5105.324080838502,5299.50439453125,18311686,0.0,0.0
2021-04-08 00:00:00+09:00,5056.779027349723,5517.957274644017,4903.052944918291,5291.41357421875,8572307,0.0,0.0
2021-04-09 00:00:00+09:00,5461.32132260854,5461.32132260854,5137.68746645396,5299.50439453125,4913901,0.0,0.0
2021-04-12 00:00:00+09:00,5404.685613287287,5412.776460013765,5121.505977860558,5234.77783203125,4037432,0.0,0.0
2021-04-13 00:00:00+09:00,5259.05024381292,5259.05024381292,4571.328288852768,4822.14453125,6440792,0.0,0.0
2021-04-14 00:00:00+09:00,4967.779549381815,5218.595780702395,4773.5992412626565,5194.3232421875,5479939,0.0,0.0
2021-04-15 00:00:00+09:00,4838.326369111761,5048.688385160099,4587.510119207974,4927.32568359375,5338964,0.0,0.0
2021-04-16 00:00:00+09:00,4862.598995805415,4919.234924209139,4579.419353786797,4603.69189453125,2903617,0.0,0.0
2021-04-19 00:00:00+09:00,4417.602816195101,4425.69366384381,4069.6963673006153,4191.05908203125,5103059,0.0,0.0
2021-04-20 00:00:00+09:00,4158.695182525855,4797.872068556093,4126.331795891412,4498.5107421875,12174341,0.0,0.0
2021-04-21 00:00:00+09:00,4458.055860381765,4789.780525128866,4458.055860381765,4708.8720703125,6957952,0.0,0.0
2021-04-22 00:00:00+09:00,4797.871901759898,4805.962748137233,4466.147200289146,4547.0556640625,3893356,0.0,0.0
2021-04-23 00:00:00+09:00,4223.421604701451,4312.42091054765,4077.786376953125,4077.786376953125,5011141,0.0,0.0
2021-04-26 00:00:00+09:00,4134.422311883223,4215.330771998355,4102.058927837171,4150.60400390625,1568494,0.0,0.0
2021-04-27 00:00:00+09:00,4263.875553063119,4352.874853032178,3996.8776531559406,4085.876953125,2342474,0.0,0.0
2021-04-28 00:00:00+09:00,4085.876953125,4360.965698483911,4053.5135713180694,4085.876953125,2758382,0.0,0.0
2021-04-29 00:00:00+09:00,4093.9678664434523,4158.694631130305,3903.832995175822,3907.87841796875,1996138,0.0,0.0
2021-04-30 00:00:00+09:00,3920.015039929271,4126.331620978181,3915.9696167714496,4102.05908203125,2030909,0.0,0.0
2021-05-03 00:00:00+09:00,4126.331334544088,4207.239792084169,3984.7415338489477,4037.33203125,1767794,0.0,0.0
2021-05-04 00:00:00+09:00,4126.331558497129,4805.962638720185,4093.9681737246024,4579.4189453125,28689250,0.0,0.0
2021-05-06 00:00:00+09:00,4789.781193895871,4919.23473967684,4425.6930963868945,4506.6015625,7636460,0.0,0.0
2021-05-07 00:00:00+09:00,4506.601458054813,4595.6007687165775,4409.511300969251,4538.96484375,2646389,0.0,0.0
2021-05-10 00:00:00+09:00,4547.055678971851,4587.5099109911735,4166.785897990219,4239.603515625,4114816,0.0,0.0
2021-05-11 00:00:00+09:00,4231.512989044189,4344.7848472595215,4142.513671875,4142.513671875,1355247,0.0,0.0
2021-05-12 00:00:00+09:00,4142.513533834586,5380.4130859375,4045.4233728853383,5380.4130859375,58132971,0.0,0.0
2021-05-13 00:00:00+09:00,5129.596716268832,5259.050261158897,4789.781160932411,4967.77978515625,23568880,0.0,0.0
2021-05-14 00:00:00+09:00,4935.416355867881,5072.960746113379,4603.691649981679,4830.2353515625,15149617,0.0,0.0
2021-05-17 00:00:00+09:00,4627.964435275702,4700.782057509062,4385.239027831173,4603.69189453125,11659365,0.0,0.0
2021-05-18 00:00:00+09:00,4458.056430987253,4603.691668297182,4409.511351883944,4522.783203125,4672340,0.0,0.0
2021-05-20 00:00:00+09:00,4328.603070009102,4344.784763728762,4037.3325830552185,4166.7861328125,5697288,0.0,0.0
2021-05-21 00:00:00+09:00,4239.603579358552,4296.239505037007,3818.879560032895,3843.152099609375,4179227,0.0,0.0
2021-05-24 00:00:00+09:00,3640.8808180670417,3851.242820888693,3572.1086248368865,3729.880126953125,3250234,0.0,0.0
2021-05-25 00:00:00+09:00,3948.3329897869166,4013.0597601112922,3685.38048534414,3725.834716796875,5063149,0.0,0.0
2021-05-26 00:00:00+09:00,3750.107355403514,4223.421875988423,3750.107355403514,3996.878173828125,11871529,0.0,0.0
2021-05-27 00:00:00+09:00,4041.3777090958724,4182.967518723855,4025.1960165669598,4110.14990234375,3451249,0.0,0.0
2021-05-28 00:00:00+09:00,4110.149672842118,4490.419426038141,4045.422906340667,4182.96728515625,12111218,0.0,0.0
2021-05-31 00:00:00+09:00,4126.332165602541,4158.695555136678,3940.24267578125,3940.24267578125,3181514,0.0,0.0
2021-06-01 00:00:00+09:00,4009.0144435867123,4118.240871413999,3960.4693645523625,3996.878173828125,2488876,0.0,0.0
2021-06-02 00:00:00+09:00,4009.0146031614213,4017.105449989194,3843.152243192079,3948.333251953125,989871,0.0,0.0
2021-06-03 00:00:00+09:00,3968.560056884766,4085.8773266601565,3944.287518310547,4045.423095703125,1443954,0.0,0.0
2021-06-04 00:00:00+09:00,4069.6958999322383,4077.7867466517855,3948.3331991390305,3964.514892578125,958075,0.0,0.0
2021-06-07 00:00:00+09:00,3924.0604481798537,3924.0604481798537,3778.4252150515294,3802.69775390625,1403908,0.0,0.0
2021-06-08 00:00:00+09:00,3693.471347482832,3713.6984632959907,3620.6537305554593,3644.92626953125,1688669,0.0,0.0
2021-06-09 00:00:00+09:00,3620.6536418970577,3677.289564787068,3551.8814498163315,3596.381103515625,1152575,0.0,0.0
2021-06-10 00:00:00+09:00,3733.9255145394413,3790.5614378368973,3588.290283203125,3588.290283203125,1669442,0.0,0.0
2021-06-11 00:00:00+09:00,3612.5630014188623,3636.835541182035,3503.3365724845853,3608.517578125,787104,0.0,0.0
2021-06-14 00:00:00+09:00,3657.0624612389743,3713.6983843112594,3628.744499702832,3669.19873046875,853633,0.0,0.0
2021-06-15 00:00:00+09:00,3689.4260648721124,3717.7440280893325,3624.6992918041806,3677.289794921875,719714,0.0,0.0
2021-06-16 00:00:00+09:00,3661.1080146712998,3689.425977215719,3620.653782464987,3628.74462890625,547004,0.0,0.0
2021-06-17 00:00:00+09:00,3624.699324324324,3628.7447476773646,3559.9725506756754,3592.3359375,439323,0.0,0.0
2021-06-18 00:00:00+09:00,3572.108867830272,3596.38140826853,3470.9732826708646,3503.336669921875,883998,0.0,0.0
2021-06-21 00:00:00+09:00,3454.7913767797704,3705.6076125647187,3381.973759938979,3418.382568359375,2300257,0.0,0.0
2021-06-22 00:00:00+09:00,3373.882948606272,3491.2002213995356,3329.383293408827,3483.109375,1573571,0.0,0.0
2021-06-23 00:00:00+09:00,3442.655081180361,3543.790659358397,3398.1554267820247,3426.473388671875,678885,0.0,0.0
2021-06-24 00:00:00+09:00,3450.7460878704665,3588.2904805874605,3434.564394609644,3527.609130859375,1280277,0.0,0.0
2021-06-25 00:00:00+09:00,3588.2902453627294,3592.335668412744,3519.5180535124855,3523.5634765625,499588,0.0,0.0
2021-06-28 00:00:00+09:00,3531.6541160196753,3572.1083441527758,3503.336156326505,3511.427001953125,495186,0.0,0.0
2021-06-29 00:00:00+09:00,3551.8816048808085,3612.5629534835557,3499.2911027584273,3547.836181640625,706876,0.0,0.0
2021-06-30 00:00:00+09:00,3588.2904140424566,3620.6537999639218,3531.6544886798924,3547.836181640625,635919,0.0,0.0
2021-07-01 00:00:00+09:00,3568.063171171047,3568.063171171047,3430.5187858878094,3434.564208984375,658972,0.0,0.0
2021-07-02 00:00:00+09:00,3386.0192609202736,3503.3365351934967,3386.0192609202736,3394.110107421875,538556,0.0,0.0
2021-07-05 00:00:00+09:00,3430.518580082742,3454.7911172059694,3381.9735058362885,3422.427734375,402287,0.0,0.0
2021-07-06 00:00:00+09:00,3434.564245393786,3503.336438764451,3398.1554371387283,3499.291015625,437243,0.0,0.0
2021-07-07 00:00:00+09:00,3507.381588342055,3515.4724339899026,3414.3368633918044,3430.5185546875,565381,0.0,0.0
2021-07-08 00:00:00+09:00,3535.699680228222,3596.381024854564,3377.9281841997313,3390.064453125,1873790,0.0,0.0
2021-07-09 00:00:00+09:00,3357.701068115234,3373.8827600097657,3208.0204180908204,3236.33837890625,892282,0.0,0.0
2021-07-12 00:00:00+09:00,3260.6111401454486,3426.4734934282815,3260.6111401454486,3394.110107421875,606947,0.0,0.0
2021-07-13 00:00:00+09:00,3357.7010823187425,3470.972926059616,3357.7010823187425,3462.882080078125,465626,0.0,0.0
2021-07-14 00:00:00+09:00,3466.927477429797,3539.7450907247053,3442.6549396648275,3470.972900390625,583176,0.0,0.0
2021-07-15 00:00:00+09:00,3454.791271033654,3729.8800373454674,3454.791271033654,3681.3349609375,2869465,0.0,0.0
2021-07-16 00:00:00+09:00,3729.880039085397,3758.1980003365875,3450.745849609375,3450.745849609375,2687860,0.0,0.0
2021-07-19 00:00:00+09:00,3422.4280966481856,3475.0185993153564,3377.928440545195,3386.019287109375,524382,0.0,0.0
2021-07-20 00:00:00+09:00,3301.0653642661387,3414.3372150007613,3292.9745177850946,3321.29248046875,483301,0.0,0.0
2021-07-21 00:00:00+09:00,3373.8827742817243,3539.745116902289,3341.5193903557606,3462.882080078125,1619212,0.0,0.0
2021-07-22 00:00:00+09:00,3559.9723759403932,3721.7893021195023,3487.1547591597946,3495.24560546875,2237914,0.0,0.0
2021-07-23 00:00:00+09:00,3462.882227212819,3673.244231669673,3458.8368040501873,3644.92626953125,1657368,0.0,0.0
2021-07-26 00:00:00+09:00,3685.380609984039,3928.1060069094424,3592.335874495968,3762.24365234375,8349215,0.0,0.0
2021-07-27 00:00:00+09:00,3673.2443702067803,3697.5169100980143,3519.5182842289632,3527.609130859375,1947543,0.0,0.0
2021-07-28 00:00:00+09:00,3584.245415581597,3802.698296440972,3584.245415581597,3640.88134765625,3974753,0.0,0.0
2021-07-29 00:00:00+09:00,3644.9262992165304,3685.3805311723186,3531.654449740323,3559.972412109375,742022,0.0,0.0
2021-07-30 00:00:00+09:00,3564.0176548467616,3580.1993468097435,3462.882080078125,3462.882080078125,638429,0.0,0.0
2021-08-02 00:00:00+09:00,3479.0641294836173,3539.7454805792618,3475.018706077241,3503.336669921875,358795,0.0,0.0
2021-08-03 00:00:00+09:00,3503.336644362026,3511.427491115749,3333.428862533845,3361.746826171875,617836,0.0,0.0
2021-08-04 00:00:00+09:00,3329.383548695749,3418.3828659148335,3325.338125185791,3402.201171875,414659,0.0,0.0
2021-08-05 00:00:00+09:00,3430.5190033783783,3470.9732369087837,3406.246463260135,3442.6552734375,272961,0.0,0.0
2021-08-06 00:00:00+09:00,3438.609464199659,3462.8820015940096,3381.9735436128412,3410.29150390625,413421,0.0,0.0
2021-08-09 00:00:00+09:00,3479.0640836148646,3737.971178209459,3470.9732369087837,3592.3359375,2729601,0.0,0.0
2021-08-10 00:00:00+09:00,3673.2442975725444,3867.424612862723,3620.653795514788,3624.69921875,3800406,0.0,0.0
2021-08-11 00:00:00+09:00,3624.6992713004483,3693.4714672961045,3596.3813082434135,3608.517578125,809980,0.0,0.0
2021-08-12 00:00:00+09:00,3701.5627034505205,3899.788465711805,3628.7450764973955,3640.88134765625,6145019,0.0,0.0
2021-08-13 00:00:00+09:00,3600.426536873144,3758.19803680354,3479.0638446189932,3746.061767578125,1257298,0.0,0.0
2021-08-17 00:00:00+09:00,3746.0618549934816,3754.1527013325604,3470.9730794648026,3491.2001953125,909868,0.0,0.0
2021-08-18 00:00:00+09:00,3402.200735216943,3547.8359628837798,3402.200735216943,3462.882080078125,510266,0.0,0.0
2021-08-19 00:00:00+09:00,3394.110239946943,3515.4729422096466,3345.5651590418615,3353.656005859375,764496,0.0,0.0
2021-08-20 00:00:00+09:00,3475.018321562977,3551.8813577791543,3288.928865460652,3317.246826171875,909162,0.0,0.0
2021-08-23 00:00:00+09:00,3402.2009901380325,3790.561626348795,3373.8830270809976,3608.517578125,3840237,0.0,0.0
2021-08-24 00:00:00+09:00,3608.517172280844,3737.970703125,3596.3809037642045,3737.970703125,1194388,0.0,0.0
2021-08-25 00:00:00+09:00,3669.198418253079,3677.2892637178047,3584.24454087346,3612.5625,715567,0.0,0.0
2021-08-26 00:00:00+09:00,3665.1535042390697,3737.9711235285877,3559.9724985986545,3608.517578125,866342,0.0,0.0
2021-08-27 00:00:00+09:00,3576.1541840228115,3685.380612720341,3519.5182580315,3535.699951171875,707406,0.0,0.0
2021-08-30 00:00:00+09:00,3572.108566249102,3588.290258508441,3515.4726433414153,3519.51806640625,376206,0.0,0.0
2021-08-31 00:00:00+09:00,3523.563747111892,3539.7454405544268,3446.700703259853,3515.472900390625,384943,0.0,0.0
2021-09-01 00:00:00+09:00,3503.3364873712712,3572.1086816961115,3466.9276786110618,3559.972412109375,382098,0.0,0.0
2021-09-02 00:00:00+09:00,3584.244808121566,3697.516653073489,3479.0638092376375,3681.3349609375,955715,0.0,0.0
2021-09-03 00:00:00+09:00,3721.7892163059605,3778.42513916279,3624.699062837109,3750.107177734375,1020160,0.0,0.0
2021-09-06 00:00:00+09:00,3847.1973930358886,3948.332971191406,3806.7431617736815,3883.606201171875,2954674,0.0,0.0
2021-09-07 00:00:00+09:00,4045.4232442010307,4085.877476643041,3883.6063144329896,3924.060546875,2242103,0.0,0.0
2021-09-08 00:00:00+09:00,3721.789451406078,3782.4708011572643,3677.289794921875,3677.289794921875,1164700,0.0,0.0
2021-09-09 00:00:00+09:00,3685.3804487871203,3754.1526415745857,3628.74452531509,3661.10791015625,432359,0.0,0.0
2021-09-10 00:00:00+09:00,3657.062246347403,3802.697468547078,3640.8805549918834,3737.970703125,859153,0.0,0.0
2021-09-13 00:00:00+09:00,3733.9259251673484,3733.9259251673484,3584.2452542776496,3616.608642578125,438472,0.0,0.0
2021-09-14 00:00:00+09:00,3616.608445170689,3709.6531814558407,3572.1087886864857,3677.289794921875,286484,0.0,0.0
2021-09-15 00:00:00+09:00,3685.38016486483,3786.515734701955,3661.10762810392,3673.243896484375,536579,0.0,0.0
2021-09-16 00:00:00+09:00,3693.4713574431275,3742.0164355256225,3673.2442415754217,3717.743896484375,272226,0.0,0.0
2021-09-17 00:00:00+09:00,3794.607195885144,3863.37939453125,3673.2444923920157,3863.37939453125,936667,0.0,0.0
2021-09-23 00:00:00+09:00,3782.4701831958914,3806.7427191308384,3705.607152735226,3713.697998046875,589330,0.0,0.0
2021-09-24 00:00:00+09:00,3750.1072583928076,3859.33368339454,3600.4266019089523,3648.9716796875,836088,0.0,0.0
2021-09-27 00:00:00+09:00,3657.0623706835045,3669.1986396127636,3527.6088354380704,3543.79052734375,715128,0.0,0.0
2021-09-28 00:00:00+09:00,3519.518041219409,3535.699733362947,3426.4733113940683,3450.745849609375,450449,0.0,0.0
2021-09-29 00:00:00+09:00,3357.701516911925,3515.473033971642,3353.6560933975734,3475.018798828125,511825,0.0,0.0
2021-09-30 00:00:00+09:00,3438.609856538586,3568.063404078862,3438.609856538586,3515.472900390625,291178,0.0,0.0
2021-10-01 00:00:00+09:00,3515.4723566488583,3576.1536976727166,3446.700170155152,3454.791015625,283335,0.0,0.0
2021-10-05 00:00:00+09:00,3568.0632846979997,3624.6992098519363,3475.0185505165327,3551.881591796875,908535,0.0,0.0
2021-10-06 00:00:00+09:00,3673.2442673544847,3899.7879666626905,3624.6991889312976,3709.653076171875,3604424,0.0,0.0
2021-10-07 00:00:00+09:00,3996.8782658981063,4288.1487468137575,3814.834215325824,3818.879638671875,12469889,0.0,0.0
2021-10-08 00:00:00+09:00,3818.880090190637,4247.6950155722125,3818.880090190637,4191.05908203125,10082435,0.0,0.0
2021-10-12 00:00:00+09:00,4441.874153001238,4498.510071163367,3960.4688486231435,4085.876953125,7136744,0.0,0.0
2021-10-13 00:00:00+09:00,3988.787172363281,4126.331557617187,3984.741749267578,4045.423095703125,1606817,0.0,0.0
2021-10-14 00:00:00+09:00,4061.605113100478,4126.331887811242,3992.8329149702904,4021.15087890625,1802040,0.0,0.0
2021-10-15 00:00:00+09:00,4025.1962837646925,4676.509451288427,3984.7420497570074,4474.23828125,18586277,0.0,0.0
2021-10-18 00:00:00+09:00,4547.055511085497,4636.054818241974,4223.421666880123,4441.87451171875,7987793,0.0,0.0
2021-10-19 00:00:00+09:00,4474.237844366776,4652.236456620066,4328.602616159539,4458.05615234375,8164196,0.0,0.0
2021-10-20 00:00:00+09:00,4773.599445158766,4975.870608089222,4425.693044918381,4522.783203125,10227004,0.0,0.0
2021-10-21 00:00:00+09:00,4644.1457411504425,4814.053512168141,4547.055586283186,4571.328125,10000964,0.0,0.0
2021-10-22 00:00:00+09:00,4377.147718411606,4498.510409310264,4231.512489333216,4296.2392578125,2990729,0.0,0.0
2021-10-25 00:00:00+09:00,4239.603209538246,4369.056742653918,4166.7855971606805,4336.693359375,1623529,0.0,0.0
2021-10-26 00:00:00+09:00,4352.87502545973,4644.145473260009,4344.7841796875,4344.7841796875,4322922,0.0,0.0
2021-10-27 00:00:00+09:00,4247.694206957547,4336.693514150943,4223.421668632075,4288.1484375,1088929,0.0,0.0
2021-10-28 00:00:00+09:00,4199.149119829276,4231.512504182489,4045.4230441515188,4061.604736328125,1428487,0.0,0.0
2021-10-29 00:00:00+09:00,4118.239800759014,4369.055977229602,4053.513045540797,4263.875,2131194,0.0,0.0
2021-11-01 00:00:00+09:00,4215.330746877931,4344.78428229069,4182.967363024742,4312.4208984375,1317935,0.0,0.0
2021-11-02 00:00:00+09:00,4312.421294341216,4660.3277027027025,4271.967060810811,4490.419921875,4370065,0.0,0.0
2021-11-03 00:00:00+09:00,4538.96519124943,4579.419426465557,4393.329944471373,4433.7841796875,1181579,0.0,0.0
2021-11-04 00:00:00+09:00,4579.419293544089,4587.510140352471,4166.786106316618,4174.876953125,2185702,0.0,0.0
2021-11-05 00:00:00+09:00,4207.2398999878405,4312.420897487536,4093.968056526629,4158.69482421875,864252,0.0,0.0
2021-11-08 00:00:00+09:00,4158.695044529812,4401.420436233886,4150.604198139676,4393.32958984375,1523741,0.0,0.0
2021-11-09 00:00:00+09:00,4538.96453161507,4563.23706921729,4328.6025390625,4328.6025390625,2051700,0.0,0.0
2021-11-10 00:00:00+09:00,4304.330447635135,4328.602987753378,3984.742002744932,4041.3779296875,1418377,0.0,0.0
2021-11-11 00:00:00+09:00,4004.9684114982747,4118.240245358832,3932.150804016488,3956.42333984375,631346,0.0,0.0
2021-11-12 00:00:00+09:00,3956.423798386849,4126.331568869719,3932.151259746439,4118.24072265625,461071,0.0,0.0
2021-11-15 00:00:00+09:00,4174.876953125,4263.876268017199,4085.8776382328006,4174.876953125,558546,0.0,0.0
2021-11-16 00:00:00+09:00,4207.239792084169,4207.239792084169,3996.87780247996,4037.33203125,1011399,0.0,0.0
2021-11-17 00:00:00+09:00,4239.603350270791,4360.966041595338,4037.332198063216,4061.604736328125,1591684,0.0,0.0
2021-11-18 00:00:00+09:00,4029.240512333966,4344.783444022771,4021.149667931689,4263.875,2459782,0.0,0.0
2021-11-19 00:00:00+09:00,4288.148620488767,4296.239466942519,4166.785923682482,4231.5126953125,1060362,0.0,0.0
2021-11-22 00:00:00+09:00,4271.966800712181,4288.148493139121,4093.9681840158396,4118.24072265625,984018,0.0,0.0
2021-11-23 00:00:00+09:00,4069.695427101617,4158.694730676404,4033.28662109375,4033.28662109375,523177,0.0,0.0
2021-11-24 00:00:00+09:00,4077.7862088323354,4150.603819704342,4000.9231751341067,4053.513671875,435627,0.0,0.0
2021-11-25 00:00:00+09:00,4077.7865875477096,4377.147904490696,4045.4232019322517,4239.603515625,1868331,0.0,0.0
2021-11-26 00:00:00+09:00,4263.875774727831,4668.418068345273,4263.875774727831,4482.32861328125,8911216,0.0,0.0
2021-11-29 00:00:00+09:00,4320.511823859467,4466.147053877201,4041.3776329921416,4134.42236328125,2800382,0.0,0.0
2021-11-30 00:00:00+09:00,4207.239762519113,4288.148219490635,3952.3781230588206,3968.559814453125,1673747,0.0,0.0
2021-12-01 00:00:00+09:00,3960.469171871178,4134.42236328125,3818.879364909491,4134.42236328125,1137683,0.0,0.0
2021-12-02 00:00:00+09:00,4053.514107736394,4158.6951125279575,3996.878182079399,4069.69580078125,612620,0.0,0.0
2021-12-03 00:00:00+09:00,4069.6954234316804,4377.147562776419,4069.6954234316804,4344.7841796875,1639462,0.0,0.0
2021-12-06 00:00:00+09:00,4041.377543891114,4134.422272128847,3932.1511237859486,4009.01416015625,2006165,0.0,0.0
2021-12-07 00:00:00+09:00,4061.6042646871824,4093.967645282299,3960.4687003274416,3976.650390625,709963,0.0,0.0
2021-12-08 00:00:00+09:00,4041.3777768534997,4085.877432054089,3980.6964288526965,4013.059814453125,798138,0.0,0.0
2021-12-09 00:00:00+09:00,4021.1512814083612,4247.6950155722125,4021.1512814083612,4191.05908203125,1193278,0.0,0.0
2021-12-10 00:00:00+09:00,4126.331620978181,4134.4224672938235,4045.4231578217455,4102.05908203125,824666,0.0,0.0
2021-12-13 00:00:00+09:00,4150.60400390625,4231.512464021382,4085.8772358141446,4150.60400390625,686234,0.0,0.0
2021-12-14 00:00:00+09:00,4085.877138963386,4433.783509211754,4041.377486954874,4336.693359375,2979935,0.0,0.0
2021-12-15 00:00:00+09:00,4401.420818098721,4522.783524480119,4304.330652993602,4425.693359375,2223162,0.0,0.0
2021-12-16 00:00:00+09:00,4498.510302278038,4498.510302278038,4328.6025390625,4328.6025390625,1197634,0.0,0.0
2021-12-17 00:00:00+09:00,4255.78487619297,4377.147562776419,4231.51233887628,4344.7841796875,661731,0.0,0.0
2021-12-20 00:00:00+09:00,4328.602751484067,4336.693597748524,4110.14990234375,4110.14990234375,915897,0.0,0.0
2021-12-21 00:00:00+09:00,4118.240769070818,4271.966848859316,4061.604844938213,4255.78515625,731035,0.0,0.0
2021-12-22 00:00:00+09:00,4255.785027512947,4369.056872351694,4215.330797213394,4296.2392578125,990926,0.0,0.0
2021-12-23 00:00:00+09:00,4312.4208984375,4336.693436327392,4215.330746877931,4312.4208984375,573141,0.0,0.0
2021-12-24 00:00:00+09:00,4336.693795016264,4458.056494503659,4328.602948383771,4352.87548828125,1291341,0.0,0.0
2021-12-27 00:00:00+09:00,4369.056898584906,4369.056898584906,4215.330822523585,4288.1484375,604864,0.0,0.0
2021-12-28 00:00:00+09:00,4320.51220703125,4822.144710469335,4247.694585564431,4320.51220703125,7319809,0.0,0.0
2021-12-29 00:00:00+09:00,4421.380351052356,4530.654009918669,4370.9463546525185,4505.43701171875,1036990,200.0,0.0
2021-12-30 00:00:00+09:00,4505.436528954802,4530.653524452684,4438.191207627118,4463.408203125,661079,0.0,0.0
2022-01-04 00:00:00+09:00,4656.738659386101,4740.7953138876555,4597.899001235013,4732.3896484375,963975,0.0,0.0
2022-01-05 00:00:00+09:00,4673.549907297328,4808.04055211164,4597.898919589277,4639.92724609375,1552840,0.0,0.0
2022-01-06 00:00:00+09:00,4513.842120784344,4555.870445931312,4181.818352123299,4244.86083984375,2691400,0.0,0.0
2022-01-07 00:00:00+09:00,4270.078015443665,4438.191323138298,4270.078015443665,4345.72900390625,790010,0.0,0.0
2022-01-10 00:00:00+09:00,4345.7291000542955,4396.1630934785235,4261.672444347249,4354.134765625,365242,0.0,0.0
2022-01-11 00:00:00+09:00,4328.917087801509,4455.002051523883,4295.294430808876,4421.37939453125,605179,0.0,0.0
2022-01-12 00:00:00+09:00,4455.0027448315,4497.03107261293,4370.946089268642,4396.1630859375,534335,0.0,0.0
2022-01-13 00:00:00+09:00,4446.596389179082,4455.002053430838,4328.917089654494,4337.32275390625,417454,0.0,0.0
2022-01-14 00:00:00+09:00,4295.294731987848,4320.5117265004965,4236.455078125,4236.455078125,480780,0.0,0.0
2022-01-17 00:00:00+09:00,4236.455470303181,4295.295129612947,4198.629975032616,4228.0498046875,385091,0.0,0.0
2022-01-18 00:00:00+09:00,4202.83280019685,4379.351777805118,4202.83280019685,4270.078125,419279,0.0,0.0
2022-01-19 00:00:00+09:00,4202.832422657816,4345.7287250281815,4194.4267578125,4194.4267578125,413625,0.0,0.0
2022-01-20 00:00:00+09:00,4211.238535640804,4404.56884765625,4194.4272041612,4404.56884765625,586304,0.0,0.0
2022-01-21 00:00:00+09:00,4354.134781003937,4396.163109005905,4270.078125,4270.078125,671556,0.0,0.0
2022-01-24 00:00:00+09:00,4202.832532051282,4236.455192307692,4051.530560897436,4097.76171875,639321,0.0,0.0
2022-01-25 00:00:00+09:00,4177.615448641877,4328.917416600739,3975.8794913633965,3984.28515625,1536340,0.0,0.0
2022-01-26 00:00:00+09:00,3984.28515625,3984.28515625,3984.28515625,3984.28515625,0,0.0,0.0
2022-01-27 00:00:00+09:00,4055.7332122020234,4122.978529710036,3912.836912497496,3933.85107421875,396240,0.0,0.0
2022-01-28 00:00:00+09:00,3954.865231294361,4001.0963870268138,3774.143440703864,3996.8935546875,394784,0.0,0.0
2022-02-03 00:00:00+09:00,4034.719032379518,4228.049319347703,4034.719032379518,4186.02099609375,363303,0.0,0.0
2022-02-04 00:00:00+09:00,4186.021089099702,4270.077737475199,4148.1955973307295,4236.455078125,185103,0.0,0.0
2022-02-07 00:00:00+09:00,4412.974513396052,4412.974513396052,4228.049867120408,4404.56884765625,572857,0.0,0.0
2022-02-08 00:00:00+09:00,4404.56884765625,4404.56884765625,4404.56884765625,4404.56884765625,0,0.0,0.0
2022-02-09 00:00:00+09:00,4404.56884765625,4404.56884765625,4404.56884765625,4404.56884765625,0,0.0,0.0
2022-02-10 00:00:00+09:00,4505.436854024805,4539.059517114543,4303.700875486382,4320.51220703125,719996,0.0,0.0
2022-02-11 00:00:00+09:00,4303.7005870841485,4387.757239175636,4244.860930620108,4295.294921875,371729,0.0,0.0
2022-02-14 00:00:00+09:00,4202.832807840457,4320.51212645999,4194.427142224776,4228.0498046875,382249,0.0,0.0
2022-02-15 00:00:00+09:00,4228.049413287451,4455.00236390129,4181.818256680927,4236.455078125,731536,0.0,0.0
2022-02-16 00:00:00+09:00,4429.7857557613415,4614.710398316844,4320.512103342182,4354.134765625,4609433,0.0,0.0
2022-02-17 00:00:00+09:00,4370.94560102983,4455.002247203481,4236.454967151989,4438.19091796875,1255017,0.0,0.0
2022-02-18 00:00:00+09:00,4328.917864319906,4412.974521879516,4286.889535540101,4362.54052734375,553233,0.0,0.0
2022-02-21 00:00:00+09:00,4295.294910628599,4387.757227687141,4270.077915067179,4379.3515625,384811,0.0,0.0
2022-02-22 00:00:00+09:00,4379.3515625,4379.3515625,4379.3515625,4379.3515625,0,0.0,0.0
2022-02-23 00:00:00+09:00,4379.3515625,4379.3515625,4379.3515625,4379.3515625,0,0.0,0.0
2022-02-24 00:00:00+09:00,4122.979078020368,4169.210239955357,4001.096923828125,4001.096923828125,576673,0.0,0.0
2022-02-25 00:00:00+09:00,4076.7474149517607,4110.370074044146,4009.5020967669893,4043.124755859375,375563,0.0,0.0
2022-02-28 00:00:00+09:00,4043.124755859375,4043.124755859375,4043.124755859375,4043.124755859375,0,0.0,0.0
2022-03-02 00:00:00+09:00,4211.23809552339,4228.0494252460385,4097.761619895514,4110.3701171875,498164,0.0,0.0
2022-03-03 00:00:00+09:00,4127.181442940284,4173.412599633098,4118.775778087044,4152.3984375,692272,0.0,0.0
2022-03-04 00:00:00+09:00,4152.3984375,4152.3984375,4152.3984375,4152.3984375,0,0.0,0.0
2022-03-07 00:00:00+09:00,4270.078132765904,4345.729123307033,4190.224309416935,4228.0498046875,2235896,0.0,0.0
2022-03-08 00:00:00+09:00,4114.573100128331,4190.224086647545,4080.9504394531255,4080.950439453125,869045,0.0,0.0
2022-03-10 00:00:00+09:00,4080.9504394531255,4080.9504394531255,4080.9504394531255,4080.950439453125,0,0.0,0.0
2022-03-11 00:00:00+09:00,4160.804761803668,4253.26708984375,4152.399095618206,4253.26708984375,458640,0.0,0.0
2022-03-14 00:00:00+09:00,4303.700400801603,4303.700400801603,4194.4267578125,4194.4267578125,504733,0.0,0.0
2022-03-15 00:00:00+09:00,4194.4267578125,4194.4267578125,4194.4267578125,4194.4267578125,0,0.0,0.0
2022-03-16 00:00:00+09:00,4194.4267578125,4194.4267578125,4194.4267578125,4194.4267578125,0,0.0,0.0
2022-03-17 00:00:00+09:00,4194.4267578125,4194.4267578125,4194.4267578125,4194.4267578125,0,0.0,0.0
2022-03-18 00:00:00+09:00,4328.917286298429,4387.7569387335525,4278.483298496893,4312.10595703125,781041,0.0,0.0
2022-03-21 00:00:00+09:00,4312.10595703125,4312.10595703125,4312.10595703125,4312.10595703125,0,0.0,0.0
2022-03-22 00:00:00+09:00,4328.916897115725,4480.218846917828,4312.105569359936,4446.59619140625,961273,0.0,0.0
2022-03-23 00:00:00+09:00,4488.624708516516,4497.030372764674,4387.756737538617,4421.37939453125,613179,0.0,0.0
2022-03-24 00:00:00+09:00,4404.568352059925,4513.841994382023,4379.351357677902,4488.625,737832,0.0,0.0
2022-03-25 00:00:00+09:00,4488.625198622882,4522.247859286723,4412.9742121292375,4463.408203125,515639,0.0,0.0
2022-03-28 00:00:00+09:00,4522.248256928066,4555.870920548349,4421.380266067217,4455.0029296875,503572,0.0,0.0
2022-03-29 00:00:00+09:00,4480.219839314468,4547.465165232884,4396.163181916448,4404.56884765625,632644,0.0,0.0
2022-03-30 00:00:00+09:00,4429.78515625,4471.81347841556,4354.134176351992,4429.78515625,407940,0.0,0.0
2022-03-31 00:00:00+09:00,4455.0029296875,4455.0029296875,4396.163268352005,4455.0029296875,347092,0.0,0.0
2022-04-01 00:00:00+09:00,4455.0027448315,4522.248069281788,4345.729092599785,4396.1630859375,885707,0.0,0.0
2022-04-04 00:00:00+09:00,4404.568067920301,4412.973732172057,4320.511425402738,4337.32275390625,332186,0.0,0.0
2022-04-05 00:00:00+09:00,4362.539944832785,4370.945609466375,4286.888963130483,4312.10595703125,278231,0.0,0.0
2022-04-06 00:00:00+09:00,4278.483700938434,4286.889366362674,4190.224213983908,4219.64404296875,478645,0.0,0.0
2022-04-07 00:00:00+09:00,4160.804653911865,4228.049981651854,4072.5451612531283,4093.559326171875,603598,0.0,0.0
2022-04-08 00:00:00+09:00,4097.761812229506,4156.601469020494,4068.341983834012,4127.181640625,282935,0.0,0.0
2022-04-11 00:00:00+09:00,4127.181640625,4169.209966904276,4106.167477485361,4127.181640625,261770,0.0,0.0
2022-04-12 00:00:00+09:00,4080.9502901728656,4122.978614479486,4047.327630727569,4110.3701171875,240950,0.0,0.0
2022-04-13 00:00:00+09:00,4114.57313978201,4152.398633406155,4097.76180928239,4148.19580078125,137898,0.0,0.0
2022-04-14 00:00:00+09:00,4169.210161004057,4173.412993827649,4135.587498415314,4143.9931640625,148028,0.0,0.0
2022-04-15 00:00:00+09:00,4076.7473614802125,4135.587014120133,4068.3416968173665,4101.96435546875,318055,0.0,0.0
2022-04-18 00:00:00+09:00,4101.964160558127,4110.369824821566,4068.341503504372,4085.15283203125,143303,0.0,0.0
2022-04-19 00:00:00+09:00,4089.3559550341897,4122.978614479486,4089.3559550341897,4110.3701171875,136253,0.0,0.0
2022-04-20 00:00:00+09:00,4127.181250598506,4139.789747290762,4097.761424983241,4114.57275390625,193812,0.0,0.0
2022-04-21 00:00:00+09:00,4127.1815464743595,4127.1815464743595,4076.7475560897437,4097.76171875,136614,0.0,0.0
2022-04-22 00:00:00+09:00,4059.936233520508,4085.1532287597656,3975.879582722982,4034.71923828125,406388,0.0,0.0
2022-04-25 00:00:00+09:00,4013.7048392066345,4022.1105037913603,3925.445361067012,3929.648193359375,401089,0.0,0.0
2022-04-26 00:00:00+09:00,3959.06816159019,4013.704983353112,3929.648334487078,3984.28515625,197904,0.0,0.0
2022-04-27 00:00:00+09:00,3837.1857422945795,3896.0253922311886,3807.765917326275,3832.98291015625,342199,0.0,0.0
2022-04-28 00:00:00+09:00,3837.185938143181,3870.808596965903,3782.549117556257,3828.7802734375,273634,0.0,0.0
2022-04-29 00:00:00+09:00,3837.186410676524,4009.5025583629836,3837.186410676524,3912.83740234375,849763,0.0,0.0
2022-05-02 00:00:00+09:00,3879.214361921806,3887.6200268447137,3816.171875,3816.171875,246922,0.0,0.0
2022-05-03 00:00:00+09:00,3824.5776909120077,3866.606017185766,3782.5493646382492,3786.752197265625,228743,0.0,0.0
2022-05-04 00:00:00+09:00,3820.3748179290255,3820.3748179290255,3711.1011707715397,3719.5068359375,228472,0.0,0.0
2022-05-06 00:00:00+09:00,3656.4645361712596,3757.3325233759842,3606.0305425688975,3736.318359375,297196,0.0,0.0
2022-05-10 00:00:00+09:00,3521.9735341111773,3597.624516944114,3400.0913951025564,3534.58203125,413127,0.0,0.0
2022-05-11 00:00:00+09:00,3500.9593774827863,3547.190533728057,3425.3083945359795,3471.53955078125,271896,0.0,0.0
2022-05-12 00:00:00+09:00,3400.0913714639505,3400.0913714639505,3189.949753944547,3215.166748046875,876756,0.0,0.0
2022-05-13 00:00:00+09:00,3223.572600652379,3337.0490807274955,3223.572600652379,3274.006591796875,301556,0.0,0.0
2022-05-16 00:00:00+09:00,3278.2093591443727,3416.90283203125,3278.2093591443727,3416.90283203125,302747,0.0,0.0
2022-05-17 00:00:00+09:00,3446.322713823461,3446.322713823461,3345.454731955457,3379.077392578125,248498,0.0,0.0
2022-05-18 00:00:00+09:00,3374.8746629264488,3446.3228189286274,3328.643503160333,3345.454833984375,292676,0.0,0.0
2022-05-19 00:00:00+09:00,3189.950091544777,3261.398249062908,3189.950091544777,3223.57275390625,370810,0.0,0.0
2022-05-20 00:00:00+09:00,3231.9783575237557,3332.846342674042,3231.9783575237557,3303.426513671875,175328,0.0,0.0
2022-05-23 00:00:00+09:00,3311.83203125,3341.251858938769,3286.615036088198,3311.83203125,86111,0.0,0.0
2022-05-24 00:00:00+09:00,3295.0205129253927,3299.2233452122873,3189.9497057530266,3210.9638671875,193968,0.0,0.0
2022-05-25 00:00:00+09:00,3219.3697255452475,3248.789553324382,3210.964060465495,3227.775390625,92265,0.0,0.0
2022-05-26 00:00:00+09:00,3219.3697708484738,3316.0349206259084,3219.3697708484738,3252.992431640625,162675,0.0,0.0
2022-05-27 00:00:00+09:00,3286.615144328328,3286.615144328328,3231.9783196783683,3236.18115234375,137972,0.0,0.0
2022-05-30 00:00:00+09:00,3278.209266145191,3673.2755110396115,3274.0064337526974,3408.4970703125,4491760,0.0,0.0
2022-05-31 00:00:00+09:00,3421.1057183564603,3429.511383512127,3353.8603971111243,3379.077392578125,405323,0.0,0.0
2022-06-02 00:00:00+09:00,3353.8605062470183,3370.6718371053994,3303.426513671875,3303.426513671875,319797,0.0,0.0
2022-06-03 00:00:00+09:00,3316.0346202631104,3353.860110228089,3274.006298079801,3290.817626953125,234610,0.0,0.0
2022-06-07 00:00:00+09:00,3290.8177779973253,3320.237604875973,3236.1809566512648,3240.3837890625,260710,0.0,0.0
2022-06-08 00:00:00+09:00,3240.383888244629,3269.803716023763,3223.572558085124,3227.775390625,230559,0.0,0.0
2022-06-09 00:00:00+09:00,3227.7755420499343,3261.398203946288,3181.544381942448,3198.355712890625,306948,0.0,0.0
2022-06-10 00:00:00+09:00,3177.3416007884744,3198.355764814853,3126.907607125165,3181.54443359375,323491,0.0,0.0
2022-06-13 00:00:00+09:00,3105.89323090556,3105.89323090556,2950.388427734375,2950.388427734375,468541,0.0,0.0
2022-06-14 00:00:00+09:00,2790.68079204505,2971.402590325076,2790.68079204505,2950.388427734375,607109,0.0,0.0
2022-06-15 00:00:00+09:00,2891.5489388992537,2979.8084268598413,2778.072454378498,2815.89794921875,729871,0.0,0.0
2022-06-16 00:00:00+09:00,2870.5345733462004,2962.996887568186,2836.9119136291147,2841.11474609375,504283,0.0,0.0
2022-06-17 00:00:00+09:00,2731.8412802875905,2899.95458984375,2710.8271165930705,2899.95458984375,471532,0.0,0.0
2022-06-20 00:00:00+09:00,2950.388459678008,2950.388459678008,2698.218505859375,2698.218505859375,930577,0.0,0.0
2022-06-21 00:00:00+09:00,2710.8272225516184,2832.709376743862,2698.218723842076,2824.3037109375,582678,0.0,0.0
2022-06-22 00:00:00+09:00,2824.3033353365386,2849.5203294020434,2605.756053435497,2622.5673828125,592179,0.0,0.0
2022-06-23 00:00:00+09:00,2609.9589992465103,2651.9873245161803,2471.265525856599,2483.8740234375,664430,0.0,0.0
2022-06-24 00:00:00+09:00,2475.4684270302705,2685.610059206015,2475.4684270302705,2681.4072265625,479828,0.0,0.0
2022-06-27 00:00:00+09:00,2710.8269024188703,2752.8552264873797,2647.7844163161058,2731.841064453125,383906,0.0,0.0
2022-06-28 00:00:00+09:00,2731.841304866412,2752.85546875,2681.4073115458013,2752.85546875,267035,0.0,0.0
2022-06-29 00:00:00+09:00,2694.015673295731,2736.04399893217,2677.2043430411554,2698.218505859375,151858,0.0,0.0
2022-06-30 00:00:00+09:00,2698.218462138471,2698.218462138471,2609.9589797320723,2651.9873046875,234051,0.0,0.0
2022-07-01 00:00:00+09:00,2639.3788607189513,2685.6100191073406,2576.3363720075113,2614.161865234375,292265,0.0,0.0
2022-07-04 00:00:00+09:00,2597.3505433033874,2643.58170184115,2496.482561039178,2551.119384765625,200543,0.0,0.0
2022-07-05 00:00:00+09:00,2572.1334850383255,2673.00146484375,2572.1334850383255,2673.00146484375,256515,0.0,0.0
2022-07-06 00:00:00+09:00,2673.001521365052,2706.6241820111536,2597.3505349113243,2614.161865234375,234138,0.0,0.0
2022-07-07 00:00:00+09:00,2639.3784668745034,2656.189794688991,2609.9586431991506,2643.581298828125,157786,0.0,0.0
2022-07-08 00:00:00+09:00,2740.2468835717086,2748.6525488587386,2668.7987286319553,2681.4072265625,398658,0.0,0.0
2022-07-11 00:00:00+09:00,2681.4071230558757,2757.058107718894,2677.204290574597,2736.0439453125,316455,0.0,0.0
2022-07-12 00:00:00+09:00,2698.218466938406,2698.218466938406,2572.133491847826,2609.958984375,320408,0.0,0.0
2022-07-13 00:00:00+09:00,2605.756003993332,2651.9871589028908,2563.727681348278,2639.378662109375,242499,0.0,0.0
2022-07-14 00:00:00+09:00,2635.175920921148,2723.435401526163,2626.770256101623,2710.826904296875,340075,0.0,0.0
2022-07-15 00:00:00+09:00,2740.246784714033,2744.4496172059257,2664.5957998599647,2673.00146484375,274117,0.0,0.0
2022-07-18 00:00:00+09:00,2710.8268470650964,2849.520313659125,2677.204188496847,2832.708984375,669998,0.0,0.0
2022-07-19 00:00:00+09:00,2870.5344752642804,2870.5344752642804,2803.2891581277822,2832.708984375,308693,0.0,0.0
2022-07-20 00:00:00+09:00,2916.7660519012625,3097.487867797162,2883.1433884787693,2975.605712890625,3275654,0.0,0.0
2022-07-21 00:00:00+09:00,3034.4450283077745,3038.6478607569543,2937.7798819766404,2946.185546875,616936,0.0,0.0
2022-07-22 00:00:00+09:00,2971.402600419836,2971.402600419836,2866.331787109375,2866.331787109375,332353,0.0,0.0
2022-07-25 00:00:00+09:00,2895.7518012386627,3105.8934413866064,2891.548968435704,2925.171630859375,5485705,0.0,0.0
2022-07-26 00:00:00+09:00,2920.96875353827,2975.6055791440217,2824.3036005434783,2899.95458984375,865695,0.0,0.0
2022-07-27 00:00:00+09:00,2857.9261220445383,2979.808265484673,2853.7232895121197,2866.331787109375,768607,0.0,0.0
2022-07-28 00:00:00+09:00,2904.15733170861,2941.9828251751474,2845.3176752051068,2849.5205078125,535279,0.0,0.0
2022-07-29 00:00:00+09:00,2883.142967899583,2916.765626417362,2874.737303270138,2895.75146484375,312646,0.0,0.0
2022-08-01 00:00:00+09:00,2933.576960079748,2933.576960079748,2832.708984375,2832.708984375,430049,0.0,0.0
2022-08-02 00:00:00+09:00,2849.520467245327,2853.7232997928863,2782.275146484375,2782.275146484375,265872,0.0,0.0
2022-08-03 00:00:00+09:00,2773.8693793402776,2841.114697627315,2765.463714554398,2836.911865234375,201885,0.0,0.0
2022-08-04 00:00:00+09:00,2849.520600479015,2904.157426151916,2836.9121022468066,2878.9404296875,364870,0.0,0.0
2022-08-05 00:00:00+09:00,2933.5772517549817,3000.8225755774456,2887.346091627038,2899.95458984375,907849,0.0,0.0
2022-08-08 00:00:00+09:00,2899.95458984375,2920.96875353827,2857.92626245471,2899.95458984375,232070,0.0,0.0
2022-08-09 00:00:00+09:00,2904.1571252996273,2971.402442238548,2899.954292990945,2958.7939453125,631495,0.0,0.0
2022-08-10 00:00:00+09:00,2950.388235402662,2950.388235402662,2887.3457517402117,2891.548583984375,283529,0.0,0.0
2022-08-11 00:00:00+09:00,2929.3742651436746,2975.605422843216,2912.5629350711138,2950.388427734375,554754,0.0,0.0
2022-08-12 00:00:00+09:00,2954.591257831838,2979.8082529200187,2925.17143022896,2971.402587890625,387275,0.0,0.0
2022-08-16 00:00:00+09:00,3156.3272109943086,3160.5300434989613,2971.402580789582,3034.445068359375,1059907,0.0,0.0
2022-08-17 00:00:00+09:00,3047.0539167815564,3059.662415747549,2988.2142549402574,3000.82275390625,439328,0.0,0.0
2022-08-18 00:00:00+09:00,2962.9970012659633,3236.1811219500596,2920.9686750068718,3105.893310546875,1576696,0.0,0.0
2022-08-19 00:00:00+09:00,3122.704501126907,3122.704501126907,3026.039355062413,3030.2421875,448391,0.0,0.0
2022-08-22 00:00:00+09:00,2958.7939495645865,2975.605278823476,2895.75146484375,2895.75146484375,489343,0.0,0.0
2022-08-23 00:00:00+09:00,2857.926227928812,2878.9403913694646,2803.289402983114,2811.695068359375,254246,0.0,0.0
2022-08-24 00:00:00+09:00,2811.695068359375,2853.723395240681,2794.8837376068527,2811.695068359375,247427,0.0,0.0
2022-08-25 00:00:00+09:00,2828.5062004484953,2857.9260271990743,2820.1005356626156,2836.911865234375,206334,0.0,0.0
2022-08-26 00:00:00+09:00,2845.317481338094,2891.5486368694365,2820.1004874119067,2832.708984375,200005,0.0,0.0
2022-08-29 00:00:00+09:00,2757.05811000387,2757.05811000387,2706.624120186726,2715.02978515625,274969,0.0,0.0
2022-08-30 00:00:00+09:00,2715.0294443226003,2769.666259765625,2710.826612365445,2769.666259765625,214060,0.0,0.0
2022-08-31 00:00:00+09:00,2769.6665024355234,2799.0863287132906,2736.043843832361,2790.6806640625,102913,0.0,0.0
2022-09-01 00:00:00+09:00,2765.463723707933,2773.8693885216344,2731.841064453125,2731.841064453125,158387,0.0,0.0
2022-09-02 00:00:00+09:00,2736.0439430795063,2799.086430247237,2736.0439430795063,2757.05810546875,127922,0.0,0.0
2022-09-05 00:00:00+09:00,2748.6523940805287,2773.8693885216344,2719.232567232572,2731.841064453125,101998,0.0,0.0
2022-09-06 00:00:00+09:00,2719.232802882339,2786.4781272194605,2719.232802882339,2773.86962890625,91330,0.0,0.0
2022-09-07 00:00:00+09:00,2740.246780064822,2761.260942488632,2681.407125278154,2715.02978515625,209215,0.0,0.0
2022-09-08 00:00:00+09:00,2744.4495616736776,2757.0580588942307,2719.232567232572,2731.841064453125,154064,0.0,0.0
2022-09-13 00:00:00+09:00,2807.4921875,2845.317681044162,2773.869526571856,2807.4921875,280466,0.0,0.0
2022-09-14 00:00:00+09:00,2723.435639312977,2769.66679985687,2702.4214754293894,2752.85546875,170301,0.0,0.0
2022-09-15 00:00:00+09:00,2769.666259765625,2815.897411294338,2752.8549319370018,2769.666259765625,257551,0.0,0.0
2022-09-16 00:00:00+09:00,2761.261031621182,2786.47802734375,2723.4355380373304,2786.47802734375,180475,0.0,0.0
2022-09-19 00:00:00+09:00,2773.869672895552,2807.492335597316,2757.05834154467,2799.086669921875,219025,0.0,0.0
2022-09-20 00:00:00+09:00,2828.5066296315335,2887.3462920607185,2828.5066296315335,2874.73779296875,350107,0.0,0.0
2022-09-21 00:00:00+09:00,2845.317723314962,2883.1432174210695,2828.5063926011367,2853.723388671875,178250,0.0,0.0
2022-09-22 00:00:00+09:00,2811.695328178756,2832.7094935612577,2731.8414997252485,2748.65283203125,225959,0.0,0.0
2022-09-23 00:00:00+09:00,2731.84142774372,2752.8555925725177,2630.9734365654904,2635.17626953125,264947,0.0,0.0
2022-09-26 00:00:00+09:00,2567.930681864421,2618.3646723429365,2387.2088826497397,2420.83154296875,672595,0.0,0.0
2022-09-27 00:00:00+09:00,2361.9919813743513,2580.5392821420846,2357.7891486672793,2429.2373046875,784424,0.0,0.0
2022-09-28 00:00:00+09:00,2387.2090061570634,2425.034500972932,2185.473033805762,2261.1240234375,617340,0.0,0.0
2022-09-29 00:00:00+09:00,2294.7465336510895,2370.3975182769495,2290.543701171875,2290.543701171875,285835,0.0,0.0
2022-09-30 00:00:00+09:00,2244.3124487439572,2311.5577655602556,2231.703951840901,2282.137939453125,192183,0.0,0.0
2022-10-04 00:00:00+09:00,2294.746383938501,2361.99169921875,2294.746383938501,2361.99169921875,289618,0.0,0.0
2022-10-05 00:00:00+09:00,2404.020282590521,2416.628780576136,2273.7324700725035,2277.935302734375,239853,0.0,0.0
2022-10-06 00:00:00+09:00,2290.5436989524146,2336.774856178977,2286.340866477273,2311.557861328125,185929,0.0,0.0
2022-10-07 00:00:00+09:00,2286.340961843297,2479.6712637638702,2282.13812919285,2319.963623046875,476907,0.0,0.0
2022-10-11 00:00:00+09:00,2277.935222965656,2282.1380554803527,2122.430419921875,2122.430419921875,464353,0.0,0.0
2022-10-12 00:00:00+09:00,2118.22734375,2210.6896484375,2076.1990234375,2143.4443359375,321709,0.0,0.0
2022-10-13 00:00:00+09:00,2105.6191024780273,2143.444595336914,2013.1567866007488,2017.359619140625,299193,0.0,0.0
2022-10-14 00:00:00+09:00,2063.590851951614,2193.878665414954,2050.9823538745163,2172.864501953125,361894,0.0,0.0
2022-10-17 00:00:00+09:00,2101.4163430166427,2202.284327481442,2084.6050122725096,2193.878662109375,176748,0.0,0.0
2022-10-18 00:00:00+09:00,2235.906640625,2277.9349609375,2202.283984375,2269.529296875,257662,0.0,0.0
2022-10-19 00:00:00+09:00,2294.746836192572,2361.992164725688,2252.718505859375,2252.718505859375,424833,0.0,0.0
2022-10-20 00:00:00+09:00,2252.7180185064162,2265.3265148786536,2202.2840330174668,2210.689697265625,91330,0.0,0.0
2022-10-21 00:00:00+09:00,2189.675925218422,2219.095755307729,2181.27025947862,2202.284423828125,106886,0.0,0.0
2022-10-24 00:00:00+09:00,2223.2984419985605,2286.3409309021113,2189.67578125,2189.67578125,139363,0.0,0.0
2022-10-25 00:00:00+09:00,2193.878843392899,2319.9638343924908,2193.878843392899,2252.718505859375,197474,0.0,0.0
2022-10-26 00:00:00+09:00,2277.9351591760296,2286.3408239700375,2235.9068352059926,2244.3125,99366,0.0,0.0
2022-10-27 00:00:00+09:00,2277.9352491209165,2324.1664073134075,2269.529583995009,2315.7607421875,172178,0.0,0.0
2022-10-28 00:00:00+09:00,2307.3550310887326,2307.3550310887326,2273.7323712550174,2290.543701171875,128520,0.0,0.0
2022-10-31 00:00:00+09:00,2315.7607448703643,2319.963577438187,2269.529586624313,2294.74658203125,145338,0.0,0.0
2022-11-01 00:00:00+09:00,2290.5436989524146,2315.760693803267,2265.3267041015624,2311.557861328125,230912,0.0,0.0
2022-11-02 00:00:00+09:00,2303.152196377841,2311.557861328125,2273.7323690518465,2311.557861328125,168480,0.0,0.0
2022-11-03 00:00:00+09:00,2265.3265121789286,2454.4539575370954,2252.7180158217175,2336.774658203125,562042,0.0,0.0
2022-11-04 00:00:00+09:00,2336.774658203125,2408.2228042273214,2294.7463370124215,2336.774658203125,314984,0.0,0.0
2022-11-07 00:00:00+09:00,2454.4542845667493,2538.5109381478023,2366.194798306644,2534.30810546875,2212672,0.0,0.0
2022-11-08 00:00:00+09:00,2521.699568116482,2546.916563797647,2446.0485810729874,2467.062744140625,586017,0.0,0.0
2022-11-09 00:00:00+09:00,2429.2372535102554,2479.6712449326137,2420.831588273196,2446.048583984375,297588,0.0,0.0
2022-11-10 00:00:00+09:00,2404.020162648168,2500.6853090483564,2378.803167935075,2437.642822265625,388726,0.0,0.0
2022-11-11 00:00:00+09:00,2496.4825210184013,2517.4966836532362,2475.4683583835663,2483.8740234375,431213,0.0,0.0
2022-11-14 00:00:00+09:00,2483.8741165212164,2517.496777996969,2294.7466457201085,2513.2939453125,556602,0.0,0.0
2022-11-15 00:00:00+09:00,2479.6712838367475,2525.902443365907,2479.6712838367475,2513.2939453125,327423,0.0,0.0
2022-11-16 00:00:00+09:00,2521.699610681438,2534.308108734845,2496.4826145746238,2513.2939453125,181676,0.0,0.0
2022-11-17 00:00:00+09:00,2513.2937513152356,2513.2937513152356,2471.265427714646,2496.482421875,153951,0.0,0.0
2022-11-18 00:00:00+09:00,2509.090920621551,2534.3079147986523,2429.237105727398,2475.46826171875,167141,0.0,0.0
2022-11-21 00:00:00+09:00,2458.657140597491,2475.4684714733717,2383.00615165603,2387.208984375,322867,0.0,0.0
2022-11-22 00:00:00+09:00,2383.006148253436,2496.4826315036,2383.006148253436,2408.22314453125,371672,0.0,0.0
2022-11-23 00:00:00+09:00,2416.628660004714,2441.845654717807,2412.425827552532,2437.642822265625,171396,0.0,0.0
2022-11-24 00:00:00+09:00,2450.251458256482,2546.9166101259484,2433.4401274965744,2492.27978515625,723163,0.0,0.0
2022-11-25 00:00:00+09:00,2492.279589514941,2504.888086595118,2462.8597629945284,2496.482421875,134657,0.0,0.0
2022-11-28 00:00:00+09:00,2496.4824787703806,2496.4824787703806,2416.628662109375,2416.628662109375,208521,0.0,0.0
2022-11-29 00:00:00+09:00,2454.454099904499,2475.46826171875,2404.020111550297,2475.46826171875,194620,0.0,0.0
2022-11-30 00:00:00+09:00,2488.076904296875,2517.496732557142,2488.076904296875,2488.076904296875,247624,0.0,0.0
2022-12-01 00:00:00+09:00,2521.699562264447,2542.7137252833177,2496.482566641803,2509.091064453125,370329,0.0,0.0
2022-12-02 00:00:00+09:00,2517.496878282563,2567.9308725052524,2500.685546875,2500.685546875,262696,0.0,0.0
2022-12-05 00:00:00+09:00,2500.6853992455767,2525.902394868221,2492.279734038029,2509.091064453125,173266,0.0,0.0
2022-12-06 00:00:00+09:00,2475.4684064710464,2504.8882347313133,2458.657076036608,2488.076904296875,180292,0.0,0.0
2022-12-07 00:00:00+09:00,2479.6713462394755,2479.6713462394755,2416.628854385929,2433.440185546875,160133,0.0,0.0
2022-12-08 00:00:00+09:00,2446.0486025602922,2446.0486025602922,2315.7607903964276,2319.963623046875,387481,0.0,0.0
2022-12-09 00:00:00+09:00,2349.383493318439,2374.6004896689055,2319.963664242895,2366.19482421875,147923,0.0,0.0
2022-12-12 00:00:00+09:00,2361.991796182402,2383.0059580701463,2353.5861314273047,2370.3974609375,94679,0.0,0.0
2022-12-13 00:00:00+09:00,2374.600590297154,2412.4260864257812,2340.9779270717077,2353.58642578125,170565,0.0,0.0
2022-12-14 00:00:00+09:00,2378.8031599934898,2542.71362508138,2374.6003275553385,2521.699462890625,665376,0.0,0.0
2022-12-15 00:00:00+09:00,2521.699571117912,2630.9732191996886,2412.425923036136,2446.048583984375,1902483,0.0,0.0
2022-12-16 00:00:00+09:00,2399.817284135453,2429.2371107360627,2387.208787020906,2412.42578125,199119,0.0,0.0
2022-12-19 00:00:00+09:00,2408.2231888054566,2433.440185546875,2395.6146904347474,2433.440185546875,113475,0.0,0.0
2022-12-20 00:00:00+09:00,2408.2232976583205,2433.4402955395594,2345.180802955223,2378.803466796875,368079,0.0,0.0
2022-12-21 00:00:00+09:00,2395.614754813058,2395.614754813058,2353.58642578125,2353.58642578125,141144,0.0,0.0
2022-12-22 00:00:00+09:00,2366.194672639266,2420.8314945652173,2366.194672639266,2416.628662109375,159053,0.0,0.0
2022-12-23 00:00:00+09:00,2383.0060067235895,2416.628666430448,2366.1946768701605,2374.600341796875,196620,0.0,0.0
2022-12-26 00:00:00+09:00,2374.60009765625,2395.6142578125,2366.19443359375,2395.6142578125,149515,0.0,0.0
2022-12-27 00:00:00+09:00,2370.3975968508375,2462.859914458494,2370.3975968508375,2446.048583984375,336714,0.0,0.0
2022-12-28 00:00:00+09:00,2521.3797770331066,2525.811024444413,2388.4423546939274,2423.892333984375,571226,150.0,0.0
2022-12-29 00:00:00+09:00,2397.3048384571803,2423.892322802362,2321.9736328125,2321.9736328125,368220,0.0,0.0
2023-01-02 00:00:00+09:00,2321.9733657684633,2352.992093937126,2211.192193737525,2220.0546875,312677,0.0,0.0
2023-01-03 00:00:00+09:00,2206.761095267368,2251.0735670598856,2140.292387578592,2224.486083984375,285587,0.0,0.0
2023-01-04 00:00:00+09:00,2202.3298754692078,2277.661078453064,2184.60488653183,2268.798583984375,133328,0.0,0.0
2023-01-05 00:00:00+09:00,2264.3673367500305,2317.5423035621643,2264.3673367500305,2268.798583984375,136317,0.0,0.0
2023-01-06 00:00:00+09:00,2242.211074594351,2313.1110295222356,2220.054838679387,2304.24853515625,114900,0.0,0.0
2023-01-09 00:00:00+09:00,2317.5425979499532,2370.7175715166823,2304.248854558271,2357.423828125,184554,0.0,0.0
2023-01-10 00:00:00+09:00,2344.129653759217,2392.8733705670643,2344.129653759217,2366.285888671875,198643,0.0,0.0
2023-01-11 00:00:00+09:00,2406.16748046875,2419.4612234547653,2379.57999449672,2406.16748046875,140013,0.0,0.0
2023-01-12 00:00:00+09:00,2419.460926144622,2494.792127141799,2419.460926144622,2477.067138671875,394517,0.0,0.0
2023-01-13 00:00:00+09:00,2477.0674363406583,2539.1049034404246,2477.0674363406583,2485.929931640625,226179,0.0,0.0
2023-01-16 00:00:00+09:00,2552.398586438475,2592.279814351576,2525.811101163074,2556.829833984375,420033,0.0,0.0
2023-01-17 00:00:00+09:00,2592.279759680707,2592.279759680707,2516.948552989131,2547.96728515625,228900,0.0,0.0
2023-01-18 00:00:00+09:00,2561.2610402074356,2596.711020002694,2539.104802835399,2570.12353515625,273440,0.0,0.0
2023-01-19 00:00:00+09:00,2543.5359292907183,2543.5359292907183,2503.654703918564,2530.2421875,127098,0.0,0.0
2023-01-20 00:00:00+09:00,2552.3984375,2583.4171685112847,2530.2422010633677,2552.3984375,191235,0.0,0.0
2023-01-25 00:00:00+09:00,2658.7487586069915,2698.6299899860965,2614.436279296875,2614.436279296875,3148,0.0,0.0
2023-01-26 00:00:00+09:00,2632.1608342351137,2676.473306191934,2623.29833984375,2623.29833984375,4450,0.0,0.0
2023-01-27 00:00:00+09:00,2667.610825939594,2667.610825939594,2627.729600967075,2645.45458984375,3010,0.0,0.0
2023-01-30 00:00:00+09:00,2676.473416526846,2689.767158661913,2623.2984479865772,2641.0234375,748,0.0,0.0
2023-01-31 00:00:00+09:00,2623.2981903024533,2632.16068418861,2570.123226985512,2618.866943359375,1752,0.0,0.0
2023-02-01 00:00:00+09:00,2632.1606529354026,2685.335615620966,2543.5357151261296,2574.554443359375,8594,0.0,0.0
2023-02-02 00:00:00+09:00,2623.2983277376034,2680.904541015625,2618.8670805623706,2680.904541015625,102,0.0,0.0
2023-02-03 00:00:00+09:00,2685.335814816269,2689.767062035438,2627.729600967075,2645.45458984375,643,0.0,0.0
2023-02-06 00:00:00+09:00,2645.454630533854,2694.1983506944443,2583.4171685112847,2632.160888671875,936,0.0,0.0
2023-02-07 00:00:00+09:00,2618.867278651187,2725.2172189009816,2587.8485460783304,2694.198486328125,7400,0.0,0.0
2023-02-08 00:00:00+09:00,2707.492336298126,2756.236060846865,2689.76734555313,2711.923583984375,1502,0.0,0.0
2023-02-09 00:00:00+09:00,2711.9234349427165,2725.2171772708675,2658.7484656301144,2707.4921875,779,0.0,0.0
2023-02-10 00:00:00+09:00,2680.90499826205,2685.3362461930615,2614.436279296875,2614.436279296875,4064,0.0,0.0
2023-02-13 00:00:00+09:00,2654.31719478653,2654.31719478653,2565.6922467135237,2583.417236328125,2524,0.0,0.0
2023-02-14 00:00:00+09:00,2574.554646949245,2618.8671193580103,2556.8296579857392,2587.848388671875,968,0.0,0.0
2023-02-15 00:00:00+09:00,2614.4359703401547,2614.4359703401547,2503.65478515625,2503.65478515625,2734,0.0,0.0
2023-02-16 00:00:00+09:00,2561.2608512537586,2614.435817023733,2534.673368368771,2578.98583984375,500,0.0,0.0
2023-02-17 00:00:00+09:00,2556.8297257614804,2561.260973119819,2516.9484995364314,2539.104736328125,720,0.0,0.0
2023-02-20 00:00:00+09:00,2521.379894721799,2552.3986280487807,2508.086151867378,2543.5361328125,1463,0.0,0.0
2023-02-21 00:00:00+09:00,2552.3985452586207,2574.5547826306574,2525.8110604121766,2570.12353515625,161569,0.0,0.0
2023-02-22 00:00:00+09:00,2543.535874512577,2729.648255574473,2516.948391503735,2521.379638671875,2182,0.0,0.0
2023-02-23 00:00:00+09:00,2539.104586941379,2596.7107992105553,2503.6546101603476,2534.67333984375,1083,0.0,0.0
2023-02-24 00:00:00+09:00,2552.3984933035717,2552.3984933035717,2472.636040387835,2481.49853515625,1719,0.0,0.0
2023-02-27 00:00:00+09:00,2463.7736696772913,2472.636164891958,2415.0299459966254,2441.617431640625,137972,0.0,0.0
2023-02-28 00:00:00+09:00,2437.1860483530404,2494.792264041385,2437.1860483530404,2459.34228515625,73094,0.0,0.0
2023-03-02 00:00:00+09:00,2477.0673451143152,2490.3610875746785,2392.873642865349,2410.5986328125,172426,0.0,0.0
2023-03-03 00:00:00+09:00,2450.479860193589,2450.479860193589,2379.5799004049863,2410.5986328125,163787,0.0,0.0
2023-03-06 00:00:00+09:00,2419.4609375,2437.1859260531132,2379.5797132554944,2419.4609375,166435,0.0,0.0
2023-03-07 00:00:00+09:00,2410.5987281307553,2437.1862141027855,2384.0112421587246,2406.16748046875,150045,0.0,0.0
2023-03-08 00:00:00+09:00,2415.029757775993,2415.029757775993,2330.8360597984815,2370.71728515625,187277,0.0,0.0
2023-03-09 00:00:00+09:00,2370.717421709481,2375.148669226695,2299.8174614340573,2352.992431640625,200488,0.0,0.0
2023-03-10 00:00:00+09:00,2317.5423035621643,2321.973550796509,2264.3673367500305,2268.798583984375,188931,0.0,0.0
2023-03-13 00:00:00+09:00,2268.79843444227,2286.52342221135,2224.4859650195694,2264.3671875,168154,0.0,0.0
2023-03-14 00:00:00+09:00,2317.5426173056326,2321.973865139869,2171.3114387758314,2197.89892578125,322782,0.0,0.0
2023-03-15 00:00:00+09:00,2242.211127387153,2264.3673638237847,2215.6236436631943,2233.3486328125,152560,0.0,0.0
2023-03-16 00:00:00+09:00,2224.486138237847,2246.642374674479,2149.1549343532984,2233.3486328125,202425,0.0,0.0
2023-03-17 00:00:00+09:00,2268.7986381322958,2326.4048535536235,2246.642401431785,2277.6611328125,374026,0.0,0.0
2023-03-20 00:00:00+09:00,2406.1671960851645,2454.910914606227,2335.2672418727107,2419.4609375,1173824,0.0,0.0
2023-03-21 00:00:00+09:00,2419.4609909345522,2441.6172271152714,2344.129787920106,2348.56103515625,256109,0.0,0.0
2023-03-22 00:00:00+09:00,2375.1485194742245,2446.048475279425,2361.854777760749,2428.323486328125,333826,0.0,0.0
2023-03-23 00:00:00+09:00,2401.735879703444,2419.460867745536,2352.9921625876914,2388.442138671875,278440,0.0,0.0
2023-03-24 00:00:00+09:00,2375.148397640306,2423.8921147560586,2370.717150629783,2388.442138671875,135556,0.0,0.0
2023-03-27 00:00:00+09:00,2375.148397640306,2450.479596819196,2321.9734335140306,2388.442138671875,549866,0.0,0.0
2023-03-28 00:00:00+09:00,2388.442138671875,2401.735879703444,2370.717150629783,2388.442138671875,160473,0.0,0.0
2023-03-29 00:00:00+09:00,2388.4422878689234,2410.598524305555,2361.8548041449653,2392.87353515625,115489,0.0,0.0
2023-03-30 00:00:00+09:00,2401.7362148367247,2481.4986721560253,2401.7362148367247,2463.773681640625,379991,0.0,0.0
2023-03-31 00:00:00+09:00,2441.617323629599,2468.204808097435,2410.598591750457,2423.892333984375,204460,0.0,0.0
2023-04-03 00:00:00+09:00,2437.1860762182932,2446.0485710409052,2410.598591750457,2423.892333984375,101953,0.0,0.0
2023-04-04 00:00:00+09:00,2423.892400087432,2459.3423803446526,2419.4611525552796,2454.9111328125,192853,0.0,0.0
2023-04-05 00:00:00+09:00,2446.048408849508,2481.4983857893562,2428.323420379584,2477.067138671875,200292,0.0,0.0
2023-04-06 00:00:00+09:00,2459.342422069958,2472.636164891958,2423.892441211292,2441.617431640625,151350,0.0,0.0
2023-04-07 00:00:00+09:00,2428.323688818625,2463.7736696772913,2428.323688818625,2441.617431640625,72682,0.0,0.0
2023-04-10 00:00:00+09:00,2441.6173652200137,2441.6173652200137,2379.5799004049863,2410.5986328125,223749,0.0,0.0
2023-04-11 00:00:00+09:00,2419.4611525552796,2472.63612294111,2410.598657490975,2454.9111328125,273772,0.0,0.0
2023-04-12 00:00:00+09:00,2490.3610712732834,2494.792318731065,2454.9110916110303,2468.204833984375,150299,0.0,0.0
2023-04-13 00:00:00+09:00,2441.6171223379115,2494.7920868897354,2441.6171223379115,2490.36083984375,98087,0.0,0.0
2023-04-14 00:00:00+09:00,2490.3609084948926,2534.673380176296,2472.635919822331,2521.379638671875,282919,0.0,0.0
2023-04-17 00:00:00+09:00,2543.535983686464,2543.535983686464,2503.6547574614146,2539.104736328125,175750,0.0,0.0
2023-04-18 00:00:00+09:00,2561.2610988752217,2561.2610988752217,2477.0673949329566,2499.2236328125,171999,0.0,0.0
2023-04-19 00:00:00+09:00,2503.654813646628,2516.9485560199732,2446.048596695467,2468.204833984375,480645,0.0,0.0
2023-04-20 00:00:00+09:00,2468.204808097435,2477.067302920047,2397.304849516539,2423.892333984375,214123,0.0,0.0
2023-04-21 00:00:00+09:00,2401.735864532128,2419.460852462254,2366.285888671875,2366.285888671875,162613,0.0,0.0
2023-04-24 00:00:00+09:00,2366.2859137357414,2392.8733959125475,2321.9734434410643,2330.8359375,144410,0.0,0.0
2023-04-25 00:00:00+09:00,2330.836361806057,2339.6988574783236,2286.5238834447255,2299.817626953125,168157,0.0,0.0
2023-04-26 00:00:00+09:00,2295.3859612642586,2339.698431558935,2290.9547142347906,2330.8359375,86016,0.0,0.0
2023-04-27 00:00:00+09:00,2326.4048802033635,2335.2673749850906,2286.523653685592,2321.9736328125,82812,0.0,0.0
2023-04-28 00:00:00+09:00,2344.1298697668176,2366.2861067211356,2304.248643249046,2321.9736328125,108183,0.0,0.0
2023-05-02 00:00:00+09:00,2321.973845747181,2366.286323719455,2313.1113501527257,2357.423828125,99998,0.0,0.0
2023-05-03 00:00:00+09:00,2348.5610488463785,2388.4422742041475,2344.1298015844045,2370.71728515625,86741,0.0,0.0
2023-05-04 00:00:00+09:00,2361.854926675053,2366.286174192267,2335.2674415717693,2352.992431640625,66034,0.0,0.0
2023-05-08 00:00:00+09:00,2370.71728515625,2379.5797796801985,2344.1298015844045,2370.71728515625,98170,0.0,0.0
2023-05-09 00:00:00+09:00,2366.2859137357414,2370.717160765209,2308.6797023526615,2330.8359375,69051,0.0,0.0
2023-05-10 00:00:00+09:00,2313.1110435267856,2348.561021205357,2313.1110435267856,2326.40478515625,48039,0.0,0.0
2023-05-11 00:00:00+09:00,2326.40478515625,2348.561021205357,2304.248549107143,2326.40478515625,84886,0.0,0.0
2023-05-12 00:00:00+09:00,2326.404771071214,2348.5610069861777,2295.3860407902644,2304.24853515625,43867,0.0,0.0
2023-05-15 00:00:00+09:00,2308.679782339243,2308.679782339243,2273.2298048753005,2304.24853515625,104438,0.0,0.0
2023-05-16 00:00:00+09:00,2264.3676225403674,2304.248852682957,2255.505126953125,2255.505126953125,90969,0.0,0.0
2023-05-17 00:00:00+09:00,2255.504949525345,2295.3861765307047,2242.211207190225,2286.523681640625,67115,0.0,0.0
2023-05-18 00:00:00+09:00,2259.936023952856,2397.3046842323433,2259.936023952856,2317.542236328125,59140,0.0,0.0
2023-05-19 00:00:00+09:00,2317.5423175509245,2326.404812073108,2268.798597678917,2290.954833984375,150784,0.0,0.0
2023-05-22 00:00:00+09:00,2290.954929085665,2295.3861765307047,2273.229939305505,2286.523681640625,59673,0.0,0.0
2023-05-23 00:00:00+09:00,2286.523681640625,2304.248671420785,2268.798691860465,2286.523681640625,61884,0.0,0.0
2023-05-24 00:00:00+09:00,2286.523532311893,2290.9547794675364,2268.7985436893205,2282.09228515625,53246,0.0,0.0
2023-05-25 00:00:00+09:00,2282.092517329197,2282.092517329197,2259.936279296875,2259.936279296875,70264,0.0,0.0
2023-05-26 00:00:00+09:00,2259.9359405577297,2317.5421508072404,2237.7797058463793,2264.3671875,164710,0.0,0.0
2023-05-30 00:00:00+09:00,2277.6613659212303,2277.6613659212303,2246.642631365883,2255.505126953125,52427,0.0,0.0
2023-05-31 00:00:00+09:00,2268.798720472441,2268.798720472441,2251.07373046875,2251.07373046875,42313,0.0,0.0
2023-06-01 00:00:00+09:00,2251.073581191445,2251.073581191445,2228.917345156096,2246.642333984375,71152,0.0,0.0
2023-06-02 00:00:00+09:00,2246.642333984375,2286.523558848003,2233.3485923631656,2246.642333984375,35799,0.0,0.0
2023-06-05 00:00:00+09:00,2246.642631365883,2273.2301181276093,2246.642631365883,2255.505126953125,48186,0.0,0.0
2023-06-07 00:00:00+09:00,2228.917345156096,2264.367322812654,2220.0548507419567,2246.642333984375,144900,0.0,0.0
2023-06-08 00:00:00+09:00,2242.2110867773054,2251.073581191445,2215.6236035348866,2246.642333984375,62821,0.0,0.0
2023-06-09 00:00:00+09:00,2286.523558848003,2286.523558848003,2233.3485923631656,2246.642333984375,49474,0.0,0.0
2023-06-12 00:00:00+09:00,2277.660896956088,2277.660896956088,2206.7609468562873,2220.0546875,164491,0.0,0.0
2023-06-13 00:00:00+09:00,2224.4862202717118,2224.4862202717118,2189.0362406657882,2206.76123046875,117794,0.0,0.0
2023-06-14 00:00:00+09:00,2242.211210074674,2242.211210074674,2180.173745764307,2206.76123046875,80369,0.0,0.0
2023-06-15 00:00:00+09:00,2206.7612841796877,2224.4862744140623,2184.6050463867186,2215.623779296875,55783,0.0,0.0
2023-06-16 00:00:00+09:00,2197.8988837049096,2224.48637020134,2197.8988837049096,2211.192626953125,35674,0.0,0.0
2023-06-19 00:00:00+09:00,2197.898586833501,2215.6235754369973,2193.467339682627,2202.329833984375,70999,0.0,0.0
2023-06-20 00:00:00+09:00,2193.467488116529,2220.0549728209717,2184.6049932150477,2206.76123046875,57474,0.0,0.0
2023-06-21 00:00:00+09:00,2224.4860697387453,2237.779811191367,2202.329833984375,2202.329833984375,102071,0.0,0.0
2023-06-22 00:00:00+09:00,2313.1110420904215,2392.8734918176774,2220.0548507419567,2246.642333984375,808384,0.0,0.0
2023-06-23 00:00:00+09:00,2242.2112646484375,2246.6425122070314,2206.7612841796877,2215.623779296875,73222,0.0,0.0
2023-06-26 00:00:00+09:00,2220.055164952432,2224.486412786668,2189.036430112777,2197.89892578125,89731,0.0,0.0
2023-06-27 00:00:00+09:00,2175.7426866100677,2202.3301736154863,2175.7426866100677,2197.89892578125,64411,0.0,0.0
2023-06-28 00:00:00+09:00,2202.3301736154863,2211.1926692839593,2184.6051822785407,2197.89892578125,55143,0.0,0.0
2023-06-29 00:00:00+09:00,2189.036281762942,2206.7612718986743,2184.605034229009,2193.467529296875,44501,0.0,0.0
2023-06-30 00:00:00+09:00,2215.6237669665406,2215.6237669665406,2184.605034229009,2193.467529296875,54225,0.0,0.0
2023-07-03 00:00:00+09:00,2193.4676359555046,2215.62387470253,2189.0363882060997,2211.192626953125,70686,0.0,0.0
2023-07-04 00:00:00+09:00,2220.0549728209717,2228.9174677224523,2193.467488116529,2206.76123046875,70813,0.0,0.0
2023-07-05 00:00:00+09:00,2197.898776830808,2215.6237669665406,2171.31129162721,2193.467529296875,112547,0.0,0.0
2023-07-06 00:00:00+09:00,2175.7423075442493,2175.7423075442493,2126.9985898599584,2135.861083984375,127258,0.0,0.0
2023-07-07 00:00:00+09:00,2131.430042993844,2135.8612904844754,2064.9613306343686,2069.392578125,99505,0.0,0.0
2023-07-10 00:00:00+09:00,2060.5300831437366,2078.2550731062634,2038.3738456905783,2069.392578125,71406,0.0,0.0
2023-07-11 00:00:00+09:00,2064.9611415578356,2087.1173769822763,2060.529894472948,2078.2548828125,65283,0.0,0.0
2023-07-12 00:00:00+09:00,2087.117679744572,2087.117679744572,2029.5114592845305,2047.2364501953125,110177,0.0,0.0
2023-07-13 00:00:00+09:00,2051.6675474775598,2126.998753324468,2051.6675474775598,2082.686279296875,126677,0.0,0.0
2023-07-14 00:00:00+09:00,2162.4484546613494,2171.310948327994,2095.979752161513,2118.135986328125,154202,0.0,0.0
2023-07-17 00:00:00+09:00,2104.8425580500534,2131.430042993844,2069.392578125,2069.392578125,73269,0.0,0.0
2023-07-18 00:00:00+09:00,2056.098837506823,2082.686322474584,1998.492620076675,2029.5113525390625,130305,0.0,0.0
2023-07-19 00:00:00+09:00,2020.6489638291396,2118.13641383844,1998.4927251906622,2047.2364501953125,201686,0.0,0.0
2023-07-20 00:00:00+09:00,2047.2363011159505,2060.530043330989,2011.7863218758473,2042.8050537109375,66174,0.0,0.0
2023-07-21 00:00:00+09:00,2020.6487099315987,2069.3924288115277,2020.6487099315987,2064.961181640625,53023,0.0,0.0
2023-07-24 00:00:00+09:00,2042.8050678678883,2064.9613050464986,1949.7488717177241,2025.080078125,96088,0.0,0.0
2023-07-25 00:00:00+09:00,2011.786437152183,2011.786437152183,1923.1614839736728,1940.886474609375,175411,0.0,0.0
2023-07-26 00:00:00+09:00,1932.0238172743054,1940.8863118489583,1772.4989149305554,1794.6551513671875,650071,0.0,0.0
2023-07-27 00:00:00+09:00,1799.0864640550772,1892.142660471719,1799.0864640550772,1865.55517578125,218040,0.0,0.0
2023-07-28 00:00:00+09:00,1843.3990293560607,1905.436496690159,1843.3990293560607,1901.0052490234375,134518,0.0,0.0
2023-07-31 00:00:00+09:00,1901.0052456790452,1940.8864746093748,1896.5739980201197,1940.886474609375,75936,0.0,0.0
2023-08-01 00:00:00+09:00,1945.3177992297756,2326.405112974105,1936.4553035613028,2197.89892578125,6394045,0.0,0.0
2023-08-02 00:00:00+09:00,2162.448700284091,2530.2422292258525,2135.8612162642044,2437.18603515625,3068521,0.0,0.0
2023-08-03 00:00:00+09:00,2348.5612608626843,2468.204947736821,2304.2487842426335,2406.16748046875,836535,0.0,0.0
2023-08-04 00:00:00+09:00,2392.873589209525,2432.7548156963503,2313.1111362358743,2401.736083984375,383165,0.0,0.0
2023-08-07 00:00:00+09:00,2357.4236067933607,2561.260986328125,2357.4236067933607,2561.260986328125,1362973,0.0,0.0
2023-08-08 00:00:00+09:00,2552.3983282342656,2596.7107992105553,2499.2233630627184,2534.67333984375,507664,0.0,0.0
2023-08-09 00:00:00+09:00,2512.5174175405245,2601.1423705401903,2432.7549598408254,2485.929931640625,223454,0.0,0.0
2023-08-10 00:00:00+09:00,2468.204899781139,2539.104860995678,2401.736186142509,2499.2236328125,175781,0.0,0.0
2023-08-11 00:00:00+09:00,2508.0861109794737,2583.417319259776,2499.223615887673,2556.829833984375,343076,0.0,0.0
2023-08-14 00:00:00+09:00,2508.0860048197537,2565.692220478158,2503.6547574614146,2539.104736328125,114964,0.0,0.0
2023-08-16 00:00:00+09:00,2521.3797747856747,2543.5360118224557,2437.186074045907,2503.65478515625,184676,0.0,0.0
2023-08-17 00:00:00+09:00,2477.0672877720426,2516.948514229911,2441.6173086983817,2481.49853515625,111088,0.0,0.0
2023-08-18 00:00:00+09:00,2437.186195867525,2499.2236626714257,2428.3237006098248,2463.773681640625,117269,0.0,0.0
2023-08-21 00:00:00+09:00,2432.7548009923985,2512.5172534839526,2428.3235536317566,2459.34228515625,99567,0.0,0.0
2023-08-22 00:00:00+09:00,2516.9484592013887,2516.9484592013887,2450.4797498914927,2472.635986328125,58135,0.0,0.0
2023-08-23 00:00:00+09:00,2468.2047529028096,2477.0672475272363,2406.1672905318233,2415.02978515625,123696,0.0,0.0
2023-08-24 00:00:00+09:00,2454.9110916110303,2499.2235661888467,2437.1861017799038,2468.204833984375,89818,0.0,0.0
2023-08-25 00:00:00+09:00,2437.1860613141744,2508.0860194614957,2437.1860613141744,2481.49853515625,119802,0.0,0.0
2023-08-28 00:00:00+09:00,2521.3796929728546,2570.1234128721544,2494.7922093914185,2530.2421875,129624,0.0,0.0
2023-08-29 00:00:00+09:00,2556.829671081436,2556.829671081436,2508.085951182137,2530.2421875,72830,0.0,0.0
2023-08-30 00:00:00+09:00,2596.71098071073,2596.71098071073,2485.9297955268253,2503.65478515625,194755,0.0,0.0
2023-08-31 00:00:00+09:00,2503.65473095096,2508.085978262378,2446.048515902531,2494.792236328125,132691,0.0,0.0
2023-09-01 00:00:00+09:00,2494.792264041385,2494.792264041385,2419.4610589104727,2459.34228515625,67422,0.0,0.0
2023-09-04 00:00:00+09:00,2446.048596695467,2490.3610712732834,2432.754854322122,2468.204833984375,88779,0.0,0.0
2023-09-05 00:00:00+09:00,2468.204725379323,2485.929714430521,2446.0484890653256,2450.479736328125,48316,0.0,0.0
2023-09-06 00:00:00+09:00,2450.479790434966,2481.4985219594596,2419.4610589104727,2459.34228515625,101398,0.0,0.0
2023-09-07 00:00:00+09:00,2432.754747276927,2481.4984671677216,2423.8922527513278,2450.479736328125,66461,0.0,0.0
2023-09-08 00:00:00+09:00,2423.8923468106036,2477.067316027655,2410.5986045063405,2446.048583984375,69848,0.0,0.0
2023-09-11 00:00:00+09:00,2450.479790434966,2490.361016680743,2437.1860483530404,2459.34228515625,86656,0.0,0.0
2023-09-12 00:00:00+09:00,2459.3422718394886,2494.7922505326706,2437.18603515625,2437.18603515625,43470,0.0,0.0
2023-09-13 00:00:00+09:00,2406.1672905318233,2454.9110109661697,2406.1672905318233,2415.02978515625,58550,0.0,0.0
2023-09-14 00:00:00+09:00,2423.8923062711146,2485.929769320101,2419.4610589104727,2459.34228515625,54705,0.0,0.0
2023-09-15 00:00:00+09:00,2428.323591694079,2543.5360248766447,2428.323591694079,2525.81103515625,168399,0.0,0.0
2023-09-18 00:00:00+09:00,2525.8108858400155,2556.829616016998,2481.498414158612,2521.379638671875,113702,0.0,0.0
2023-09-19 00:00:00+09:00,2521.379598550863,2578.985810820039,2485.9296217698316,2534.67333984375,191084,0.0,0.0
2023-09-20 00:00:00+09:00,2534.673564145419,2703.060968756478,2534.673564145419,2672.042236328125,844194,0.0,0.0
2023-09-21 00:00:00+09:00,2667.6109392284293,2667.6109392284293,2490.3610429341816,2503.65478515625,565225,0.0,0.0
2023-09-22 00:00:00+09:00,2481.4983746722028,2561.2608224295236,2446.0483978911716,2534.67333984375,125897,0.0,0.0
2023-09-25 00:00:00+09:00,2565.6919495784477,2618.8669122640113,2512.5169868928842,2574.554443359375,186635,0.0,0.0
2023-09-26 00:00:00+09:00,2543.5360377038046,2565.692274966033,2521.379800441576,2547.96728515625,154593,0.0,0.0
2023-09-27 00:00:00+09:00,2552.3985452586207,2605.5735149515085,2525.8110604121766,2570.12353515625,147630,0.0,0.0
2023-10-04 00:00:00+09:00,2543.536138959926,2583.4173676195765,2432.754948238675,2463.773681640625,191810,0.0,0.0
2023-10-05 00:00:00+09:00,2454.9110105253662,2583.4171825564777,2450.479763213949,2494.792236328125,212070,0.0,0.0
2023-10-06 00:00:00+09:00,2494.792385236591,2530.2423658438606,2481.498642508865,2499.2236328125,96026,0.0,0.0
2023-10-10 00:00:00+09:00,2499.223333935721,2534.673310303603,2437.185875291926,2490.36083984375,121714,0.0,0.0
2023-10-11 00:00:00+09:00,2477.067219904922,2503.654703481719,2450.479736328125,2450.479736328125,104330,0.0,0.0
2023-10-12 00:00:00+09:00,2432.7549712379914,2516.9486769821115,2432.7549712379914,2508.086181640625,92085,0.0,0.0
2023-10-13 00:00:00+09:00,2503.654772077288,2521.3797616141183,2441.6173086983817,2481.49853515625,65968,0.0,0.0
2023-10-16 00:00:00+09:00,2472.6360006893383,2472.6360006893383,2299.817355479868,2335.267333984375,223275,0.0,0.0
2023-10-17 00:00:00+09:00,2370.717270374298,2379.579764842987,2197.8986282348633,2268.798583984375,261336,0.0,0.0
2023-10-18 00:00:00+09:00,2246.6423217773436,2313.1110295222356,2246.6423217773436,2304.24853515625,47610,0.0,0.0
2023-10-19 00:00:00+09:00,2304.248378243513,2304.248378243513,2189.0359593313374,2220.0546875,118433,0.0,0.0
2023-10-20 00:00:00+09:00,2220.0547781663317,2242.211013477373,2109.2736016111253,2135.861083984375,104323,0.0,0.0
2023-10-23 00:00:00+09:00,2135.86134631587,2304.2487553615197,2091.5488702512253,2259.936279296875,117379,0.0,0.0
2023-10-24 00:00:00+09:00,2282.09237837358,2516.948487215909,2242.21115234375,2437.18603515625,1577781,0.0,0.0
2023-10-25 00:00:00+09:00,2401.736029730903,2454.9109971788193,2366.2860514322915,2392.87353515625,265346,0.0,0.0
2023-10-26 00:00:00+09:00,2375.1486015028627,2392.8735910663167,2277.6611589038644,2321.9736328125,168444,0.0,0.0
2023-10-27 00:00:00+09:00,2317.542498180913,2326.404993393842,2259.936279296875,2259.936279296875,69316,0.0,0.0
2023-10-30 00:00:00+09:00,2259.9363964279264,2317.5426182976576,2255.505148591793,2299.817626953125,33814,0.0,0.0
2023-10-31 00:00:00+09:00,2299.8173004692126,2321.9735365045613,2095.979928944003,2246.642333984375,123149,0.0,0.0
2023-11-01 00:00:00+09:00,2255.505148591793,2308.680122625391,2242.2114050833934,2299.817626953125,84457,0.0,0.0
2023-11-02 00:00:00+09:00,2321.9736740493045,2388.4423860927004,2308.679931640625,2308.679931640625,131728,0.0,0.0
2023-11-03 00:00:00+09:00,2348.5613101652298,2352.9925579202586,2304.2488326149423,2313.111328125,40816,0.0,0.0
2023-11-06 00:00:00+09:00,2339.698742378049,2375.1487233231705,2317.5425042873476,2361.85498046875,88001,0.0,0.0
2023-11-07 00:00:00+09:00,2392.8734371265537,2392.8734371265537,2277.6610123760156,2317.542236328125,59004,0.0,0.0
2023-11-08 00:00:00+09:00,2317.542236328125,2330.8359776454945,2290.9547536933856,2317.542236328125,38351,0.0,0.0
2023-11-09 00:00:00+09:00,2317.542304503243,2485.92969947671,2286.523573850236,2348.56103515625,674893,0.0,0.0
2023-11-10 00:00:00+09:00,2384.0109316697763,2477.0671204524256,2357.423449160448,2375.1484375,314653,0.0,0.0
2023-11-13 00:00:00+09:00,2508.0862532307333,2525.811244419643,2357.423828125,2357.423828125,462894,0.0,0.0
2023-11-14 00:00:00+09:00,2357.423543370327,2410.598510514019,2348.5610488463785,2370.71728515625,99995,0.0,0.0
2023-11-15 00:00:00+09:00,2379.579941388199,2423.892417019264,2348.5612084464533,2397.304931640625,182094,0.0,0.0
2023-11-16 00:00:00+09:00,2481.4983857893562,2512.517115611723,2410.59843190966,2477.067138671875,282590,0.0,0.0
2023-11-17 00:00:00+09:00,2468.2047390407984,2477.067233615451,2423.8922661675347,2472.635986328125,94706,0.0,0.0
2023-11-20 00:00:00+09:00,2485.9295138506823,2530.241982903279,2454.9107855138645,2516.9482421875,180226,0.0,0.0
2023-11-21 00:00:00+09:00,2512.5171443355944,2552.398368848858,2512.5171443355944,2521.379638671875,102889,0.0,0.0
2023-11-22 00:00:00+09:00,2490.361120795873,2574.5548241679753,2477.0673781581727,2556.829833984375,122544,0.0,0.0
2023-11-23 00:00:00+09:00,2574.554739496672,2689.767171900998,2543.5360076955076,2663.1796875,601946,0.0,0.0
2023-11-24 00:00:00+09:00,2649.885973565293,2649.885973565293,2583.417261853789,2627.729736328125,241089,0.0,0.0
2023-11-27 00:00:00+09:00,2627.7295728745207,2663.1795502488817,2547.967123782208,2601.14208984375,219875,0.0,0.0
2023-11-28 00:00:00+09:00,2601.142280148237,2649.8860026041666,2552.398557692308,2592.27978515625,111495,0.0,0.0
2023-11-29 00:00:00+09:00,2618.867173352778,2676.473388671875,2587.8484420271107,2676.473388671875,290086,0.0,0.0
2023-11-30 00:00:00+09:00,2658.748481265677,2694.1984610158866,2627.7297489842445,2649.885986328125,385007,0.0,0.0
2023-12-01 00:00:00+09:00,2649.8859046784455,2680.904636004113,2601.1421840238254,2676.473388671875,196873,0.0,0.0
2023-12-04 00:00:00+09:00,2738.511005224458,2875.879680243808,2698.629776993034,2862.5859375,2480679,0.0,0.0
2023-12-05 00:00:00+09:00,2889.1731582515495,2929.0543828286413,2632.160822088068,2680.904541015625,1469749,0.0,0.0
2023-12-06 00:00:00+09:00,2760.6671004348586,2800.5483266048645,2694.198390151515,2778.39208984375,671496,0.0,0.0
2023-12-07 00:00:00+09:00,2747.3733042885087,2804.979518733268,2689.76708984375,2689.76708984375,457850,0.0,0.0
2023-12-08 00:00:00+09:00,2663.179566230149,2729.6482742059425,2663.179566230149,2703.060791015625,196605,0.0,0.0
2023-12-11 00:00:00+09:00,2703.060845269097,2711.92333984375,2601.1421576605903,2632.160888671875,351101,0.0,0.0
2023-12-12 00:00:00+09:00,2627.729752323545,2627.729752323545,2561.2610402074356,2570.12353515625,259773,0.0,0.0
2023-12-13 00:00:00+09:00,2610.0046382443084,2645.45461635289,2508.085951182137,2530.2421875,247166,0.0,0.0
2023-12-14 00:00:00+09:00,2565.6921124693886,2623.2983257027254,2423.8922029719442,2601.14208984375,318059,0.0,0.0
2023-12-15 00:00:00+09:00,2574.554673936632,2601.1421576605903,2552.3984375,2552.3984375,153685,0.0,0.0
2023-12-18 00:00:00+09:00,2552.3984784031413,2570.1234678364967,2508.0860048197537,2539.104736328125,163752,0.0,0.0
2023-12-19 00:00:00+09:00,2521.3794806738115,2578.9856902498386,2521.3794806738115,2574.554443359375,144565,0.0,0.0
2023-12-20 00:00:00+09:00,2565.692259496572,2614.435981179581,2565.692259496572,2605.573486328125,145605,0.0,0.0
2023-12-21 00:00:00+09:00,2632.161012620192,2636.592260116186,2556.829805188301,2592.27978515625,137280,0.0,0.0
2023-12-22 00:00:00+09:00,2592.2795697380516,2641.023288143382,2570.123334099265,2636.592041015625,194384,0.0,0.0
2023-12-26 00:00:00+09:00,2645.454699979229,2645.454699979229,2561.2609993098736,2583.417236328125,158268,0.0,0.0
2023-12-27 00:00:00+09:00,2666.604324048913,2689.7118138586957,2592.6603566576086,2657.361328125,286374,120.0,0.0
2023-12-28 00:00:00+09:00,2680.468600178696,3443.01570195367,2666.604107419151,3313.61376953125,20951581,0.0,0.0
2024-01-02 00:00:00+09:00,3313.61379952567,3313.61379952567,3142.618387276786,3235.04833984375,5178014,0.0,0.0
2024-01-03 00:00:00+09:00,3618.6327739514804,3632.4972673382676,3096.4035230491595,3161.1044921875,9434644,0.0,0.0
2024-01-04 00:00:00+09:00,3096.4033293687207,3179.5902844860893,2990.10888671875,2990.10888671875,1731240,0.0,0.0
2024-01-05 00:00:00+09:00,2994.730412180831,3073.295870525081,2967.0014268828604,3031.702392578125,1041093,0.0,0.0
2024-01-08 00:00:00+09:00,2897.6788801669313,3031.702305246423,2865.328398251192,2906.921875,1515038,0.0,0.0
2024-01-09 00:00:00+09:00,2971.623072711968,3017.8380505146424,2934.6510904698284,3013.216552734375,1126184,0.0,0.0
2024-01-10 00:00:00+09:00,2962.379988397433,2980.8659789646554,2874.571533203125,2874.571533203125,569248,0.0,0.0
2024-01-11 00:00:00+09:00,3068.6744755396935,3364.4503286037607,2957.7585306406686,3318.2353515625,10840510,0.0,0.0
2024-01-12 00:00:00+09:00,3133.3753192608174,3188.833289513221,2911.543438251202,3003.973388671875,1950603,0.0,0.0
2024-01-15 00:00:00+09:00,2916.165002776656,3008.5949553210826,2796.0060644689015,2860.70703125,897865,0.0,0.0
2024-01-16 00:00:00+09:00,2874.5715912561077,2897.6790799318,2809.8706229641693,2837.599609375,310648,0.0,0.0
2024-01-17 00:00:00+09:00,2837.599564541162,2851.46405752752,2740.5481136366598,2768.277099609375,400059,0.0,0.0
2024-01-18 00:00:00+09:00,2772.8985850834006,2902.3005190539593,2763.655589799789,2874.571533203125,633627,0.0,0.0
2024-01-19 00:00:00+09:00,2879.193021758885,2920.786500403877,2796.0060644689015,2860.70703125,414550,0.0,0.0
2024-01-22 00:00:00+09:00,2819.113440803315,2888.4359024624127,2777.519963807856,2814.491943359375,487877,0.0,0.0
2024-01-23 00:00:00+09:00,2782.1415447297645,2934.6509649558147,2722.0620761558657,2819.113525390625,453410,0.0,0.0
2024-01-24 00:00:00+09:00,2828.3566552734374,2837.5996508789062,2772.898681640625,2772.898681640625,214434,0.0,0.0
2024-01-25 00:00:00+09:00,2786.7629860542916,2800.6274785222236,2657.361056353595,2735.926513671875,326915,0.0,0.0
2024-01-26 00:00:00+09:00,2745.1694627448696,2832.977913573409,2698.9544886245853,2786.762939453125,241380,0.0,0.0
2024-01-29 00:00:00+09:00,2814.4922472149283,2832.978238986455,2768.2772677861117,2777.520263671875,158997,0.0,0.0
2024-01-30 00:00:00+09:00,2809.8706229641693,2893.0575821966613,2809.8706229641693,2837.599609375,362505,0.0,0.0
2024-01-31 00:00:00+09:00,2819.1134692935884,2869.9499416906856,2772.898494387136,2856.08544921875,255634,0.0,0.0
2024-02-01 00:00:00+09:00,2823.7349667842336,2856.08544921875,2777.519991877781,2856.08544921875,210248,0.0,0.0
2024-02-02 00:00:00+09:00,2902.300612769569,2916.165106142672,2851.464137068191,2893.0576171875,205760,0.0,0.0
2024-02-05 00:00:00+09:00,2920.786586441532,2920.786586441532,2828.3566311743953,2865.32861328125,230483,0.0,0.0
2024-02-06 00:00:00+09:00,2846.842520136623,2874.5715057223697,2800.6275441603793,2832.97802734375,123198,0.0,0.0
2024-02-07 00:00:00+09:00,2856.085591467625,2874.5715823509104,2800.627618817768,2823.735107421875,108818,0.0,0.0
2024-02-08 00:00:00+09:00,2809.870656948882,2953.1370884709468,2809.870656948882,2893.0576171875,330499,0.0,0.0
2024-02-13 00:00:00+09:00,3003.9735221862793,3082.5389835357664,2911.5435676574707,2957.758544921875,748367,0.0,0.0
2024-02-14 00:00:00+09:00,2948.51539038124,2985.487370197933,2897.678918133288,2962.3798828125,288955,0.0,0.0
2024-02-15 00:00:00+09:00,3040.945468349652,3290.506342651903,2999.3519892992767,3156.48291015625,5883986,0.0,0.0
2024-02-16 00:00:00+09:00,3050.188467644121,3077.917453713613,2985.48750014864,3036.323974609375,567601,0.0,0.0
2024-02-19 00:00:00+09:00,3031.7022431344694,3087.1602109966857,3017.8377511689155,3050.188232421875,282747,0.0,0.0
2024-02-20 00:00:00+09:00,3096.4034260692683,3114.889416672667,2980.865984798027,3008.594970703125,362633,0.0,0.0
2024-02-21 00:00:00+09:00,3031.7022431344694,3101.0247029622396,2990.1087672378076,3050.188232421875,424916,0.0,0.0
2024-02-22 00:00:00+09:00,3064.0528468230773,3082.5388368491595,2971.622896692668,2990.10888671875,329917,0.0,0.0
2024-02-23 00:00:00+09:00,2971.6228584830214,3013.2163355068897,2930.0293814591532,2934.65087890625,247210,0.0,0.0
2024-02-26 00:00:00+09:00,2939.2725950978434,2962.3800840530153,2893.0576171875,2893.0576171875,184832,0.0,0.0
2024-02-27 00:00:00+09:00,2994.730431898585,3290.5062770243712,2865.3284996560537,2939.2724609375,7090891,0.0,0.0
2024-02-28 00:00:00+09:00,2962.3798922900087,3064.0528371111945,2943.8939023225203,2976.244384765625,746504,0.0,0.0
2024-02-29 00:00:00+09:00,3207.319477672635,3221.183971091969,3031.7025610277356,3040.945556640625,2148243,0.0,0.0
2024-03-04 00:00:00+09:00,3031.702628493492,3087.160603404958,2994.7306452191806,3017.838134765625,508369,0.0,0.0
2024-03-05 00:00:00+09:00,3101.0249144000773,3188.833369502315,2939.2724971064813,2994.73046875,2136916,0.0,0.0
2024-03-06 00:00:00+09:00,2934.65101171875,2948.5155046874997,2823.7350679687497,2888.43603515625,619049,0.0,0.0
2024-03-07 00:00:00+09:00,2888.4359985152428,2902.300491308116,2809.870539355628,2832.97802734375,317599,0.0,0.0
2024-03-08 00:00:00+09:00,2837.599449790396,2865.328434641768,2809.8704649390243,2842.220947265625,153544,0.0,0.0
2024-03-11 00:00:00+09:00,2856.085487214145,2874.571477422651,2763.655536171616,2791.384521484375,367091,0.0,0.0
2024-03-12 00:00:00+09:00,2865.3284433725717,2888.4359308191247,2726.683518693254,2735.926513671875,553810,0.0,0.0
2024-03-13 00:00:00+09:00,2735.9266380613126,2740.5481357607405,2588.03871167962,2675.84716796875,563130,0.0,0.0
2024-03-14 00:00:00+09:00,2661.982666015625,2685.0901544358994,2601.903196122911,2661.982666015625,287960,0.0,0.0
2024-03-15 00:00:00+09:00,2643.496666393979,2675.8471500736255,2606.5246850458116,2648.1181640625,310843,0.0,0.0
2024-03-18 00:00:00+09:00,2648.118265086207,2698.9547413793102,2629.6322737068967,2680.46875,149601,0.0,0.0
2024-03-19 00:00:00+09:00,2694.3330078125,2694.3330078125,2648.118033407483,2694.3330078125,108219,0.0,0.0
2024-03-20 00:00:00+09:00,2703.5761541653173,2712.819149564173,2661.9826748704663,2675.84716796875,136384,0.0,0.0
2024-03-21 00:00:00+09:00,2698.9544203715636,2717.4404095521904,2675.8469338957793,2689.71142578125,185889,0.0,0.0
2024-03-22 00:00:00+09:00,2685.0900597205527,2703.5760498046875,2625.0105919471152,2643.49658203125,271927,0.0,0.0
2024-03-25 00:00:00+09:00,2657.361028288486,2703.576002693503,2634.2535410859778,2694.3330078125,156744,0.0,0.0
2024-03-26 00:00:00+09:00,2698.9545243527164,2726.6835091919565,2685.0900319330963,2722.06201171875,163190,0.0,0.0
2024-03-27 00:00:00+09:00,2726.6836693173364,2735.9266648065477,2689.711687360491,2717.440673828125,83915,0.0,0.0
2024-03-28 00:00:00+09:00,2722.0622475269306,2726.683745400491,2671.225770917769,2708.19775390625,98234,0.0,0.0
2024-03-29 00:00:00+09:00,2708.1977370689656,2717.4407327586205,2657.361260775862,2680.46875,121932,0.0,0.0
2024-04-01 00:00:00+09:00,2680.468515490995,2708.197500134005,2675.847018050493,2694.3330078125,112882,0.0,0.0
2024-04-02 00:00:00+09:00,2694.3332264331993,2708.197719879682,2625.010759200784,2652.73974609375,251525,0.0,0.0
2024-04-03 00:00:00+09:00,2648.118014277784,2703.575983163182,2588.0385479852685,2666.60400390625,167621,0.0,0.0
2024-04-04 00:00:00+09:00,2666.604256465517,2708.1977370689656,2643.496767241379,2680.46875,99130,0.0,0.0
2024-04-05 00:00:00+09:00,2680.4686477421465,2680.4686477421465,2634.253671056937,2648.1181640625,93689,0.0,0.0
2024-04-08 00:00:00+09:00,2629.6322900557275,2722.0622475269306,2611.1462985614867,2708.19775390625,269285,0.0,0.0
2024-04-09 00:00:00+09:00,2712.8191760835193,2754.4126557849704,2694.3331851050966,2717.440673828125,176781,0.0,0.0
2024-04-11 00:00:00+09:00,2717.4406290903144,2717.4406290903144,2634.253671056937,2648.1181640625,117104,0.0,0.0
2024-04-12 00:00:00+09:00,2661.982442010309,2689.71142578125,2634.2534582393682,2689.71142578125,120533,0.0,0.0
2024-04-15 00:00:00+09:00,2671.2257373557272,2671.2257373557272,2625.010759200784,2652.73974609375,64364,0.0,0.0
2024-04-16 00:00:00+09:00,2634.253452218694,2643.496446787882,2564.930992949781,2569.552490234375,225119,0.0,0.0
2024-04-17 00:00:00+09:00,2569.5527431099063,2601.9032272857503,2551.066752152281,2583.417236328125,75968,0.0,0.0
2024-04-18 00:00:00+09:00,2555.6882754043795,2629.632239973041,2551.066777618838,2625.0107421875,69245,0.0,0.0
2024-04-19 00:00:00+09:00,2625.010724810943,2625.010724810943,2541.823765221864,2597.28173828125,111863,0.0,0.0
2024-04-22 00:00:00+09:00,2597.28173828125,2615.767729301045,2588.038742771352,2597.28173828125,43267,0.0,0.0
2024-04-23 00:00:00+09:00,2606.524809919085,2629.632299368722,2588.038818359375,2588.038818359375,41002,0.0,0.0
2024-04-24 00:00:00+09:00,2597.281578700877,2620.389066055867,2583.4170862878827,2601.903076171875,118690,0.0,0.0
2024-04-25 00:00:00+09:00,2620.3891418783423,2620.3891418783423,2583.4171610405524,2592.66015625,26764,0.0,0.0
2024-04-26 00:00:00+09:00,2583.4173037532432,2606.524793053362,2551.0668187330775,2560.309814453125,103766,0.0,0.0
2024-04-29 00:00:00+09:00,2560.30960827076,2634.2535680764136,2551.0666132950532,2615.767578125,125293,0.0,0.0
2024-04-30 00:00:00+09:00,2606.524658203125,2634.25364392869,2588.0386677194147,2606.524658203125,59326,0.0,0.0
2024-05-02 00:00:00+09:00,2597.2816984388564,2671.225661383735,2578.7957077026367,2661.982666015625,91556,0.0,0.0
2024-05-03 00:00:00+09:00,2680.4686567518447,2685.0901544358994,2634.2536799112954,2661.982666015625,84123,0.0,0.0
2024-05-07 00:00:00+09:00,2661.982525728988,2703.576002693503,2657.361028288486,2694.3330078125,104009,0.0,0.0
2024-05-08 00:00:00+09:00,2698.954674145299,2712.8191673344018,2689.7116786858974,2703.576171875,55257,0.0,0.0
2024-05-09 00:00:00+09:00,2698.9545989938247,2731.3050822009423,2698.9545989938247,2712.819091796875,72171,0.0,0.0
2024-05-10 00:00:00+09:00,2712.819091796875,2740.548077402976,2685.0901061907743,2712.819091796875,74193,0.0,0.0
2024-05-13 00:00:00+09:00,2712.819234913793,2731.3052262931033,2671.2257543103447,2680.46875,80612,0.0,0.0
2024-05-14 00:00:00+09:00,2680.4686264887227,2745.169593335002,2680.4686264887227,2740.548095703125,134410,0.0,0.0
2024-05-16 00:00:00+09:00,2754.4127739574665,2796.0062554434016,2745.169778071703,2777.520263671875,194181,0.0,0.0
2024-05-17 00:00:00+09:00,2777.5200006565124,2782.1414981617645,2708.197538077731,2749.791015625,116066,0.0,0.0
2024-05-20 00:00:00+09:00,2754.4124940311967,2763.6554889776103,2703.576021825923,2722.06201171875,64836,0.0,0.0
2024-05-21 00:00:00+09:00,2731.305071321081,2883.814491547131,2708.197583408043,2819.113525390625,647054,0.0,0.0
2024-05-22 00:00:00+09:00,2819.113591974432,2819.113591974432,2754.412624289773,2796.006103515625,156918,0.0,0.0
2024-05-23 00:00:00+09:00,2796.0060945935425,2819.113582978613,2740.548122469373,2782.1416015625,79768,0.0,0.0
2024-05-24 00:00:00+09:00,2749.791090966879,2777.520076758142,2731.3051004393706,2740.548095703125,72262,0.0,0.0
2024-05-27 00:00:00+09:00,2745.1696690593276,2772.8986556154823,2685.0901981876586,2731.30517578125,118662,0.0,0.0
2024-05-28 00:00:00+09:00,2731.3049873365135,2754.4124745390222,2680.468515490995,2694.3330078125,96483,0.0,0.0
2024-05-29 00:00:00+09:00,2698.95458984375,2745.169565697239,2689.7115946730523,2698.95458984375,82048,0.0,0.0
2024-05-30 00:00:00+09:00,2698.9545712586505,2708.1975663657004,2643.4966006163495,2671.2255859375,80932,0.0,0.0
2024-05-31 00:00:00+09:00,2652.739696848291,2722.0621627938035,2652.739696848291,2703.576171875,56380,0.0,0.0
2024-06-03 00:00:00+09:00,2703.5761977687025,2759.0341710562657,2703.5761977687025,2745.169677734375,84365,0.0,0.0
2024-06-04 00:00:00+09:00,2726.683745400491,2740.548239021171,2671.225770917769,2708.19775390625,117735,0.0,0.0
2024-06-05 00:00:00+09:00,2708.197538077731,2749.791015625,2698.954543067227,2749.791015625,107217,0.0,0.0
2024-06-07 00:00:00+09:00,2749.791025015024,2763.655517578125,2703.5760498046875,2763.655517578125,104781,0.0,0.0
2024-06-10 00:00:00+09:00,2754.4126904296877,2777.520179443359,2726.683703613281,2772.898681640625,87391,0.0,0.0
2024-06-11 00:00:00+09:00,2772.8985512093323,2777.5200487946813,2680.4685995023547,2698.95458984375,80405,0.0,0.0
2024-06-12 00:00:00+09:00,2698.9545243527164,2722.06201171875,2680.4685344598893,2722.06201171875,58529,0.0,0.0
2024-06-13 00:00:00+09:00,2722.062315949064,2745.169805897698,2680.468834041523,2685.09033203125,92392,0.0,0.0
2024-06-14 00:00:00+09:00,2698.9546292489035,2698.9546292489035,2615.767671498081,2634.253662109375,101559,0.0,0.0
2024-06-17 00:00:00+09:00,2611.1460993840146,2777.520010141226,2611.1460993840146,2643.49658203125,250266,0.0,0.0
2024-06-18 00:00:00+09:00,2643.4967333296654,2694.3332089706205,2615.7677466164173,2625.0107421875,78892,0.0,0.0
2024-06-19 00:00:00+09:00,2588.038742771352,2634.253720320841,2588.038742771352,2597.28173828125,76691,0.0,0.0
2024-06-20 00:00:00+09:00,2551.066650390625,2611.146118606346,2504.8516748400702,2551.066650390625,240002,0.0,0.0
2024-06-21 00:00:00+09:00,2537.202196539556,2551.0666894168216,2486.36572265625,2486.36572265625,141085,0.0,0.0
2024-06-24 00:00:00+09:00,2486.3656855245963,2486.3656855245963,2426.2862172870127,2430.90771484375,87751,0.0,0.0
2024-06-25 00:00:00+09:00,2426.286344070716,2518.716300035315,2421.664846272486,2504.851806640625,124933,0.0,0.0
2024-06-26 00:00:00+09:00,2564.9311822940867,2564.9311822940867,2481.744225030495,2486.36572265625,65483,0.0,0.0
2024-06-27 00:00:00+09:00,2495.6087179077604,2523.337703662291,2449.393741650209,2486.36572265625,89625,0.0,0.0
2024-06-28 00:00:00+09:00,2486.36572265625,2509.4732107850255,2444.772244024454,2486.36572265625,45339,0.0,0.0
2024-07-01 00:00:00+09:00,2486.3658069051485,2504.8517980345546,2467.879815775742,2490.9873046875,29419,0.0,0.0
2024-07-02 00:00:00+09:00,2490.987135562151,2500.2301304993016,2440.1506634078214,2481.744140625,72686,0.0,0.0
2024-07-03 00:00:00+09:00,2481.7443005006708,2486.365798266966,2467.879807201784,2477.122802734375,27820,0.0,0.0
2024-07-04 00:00:00+09:00,2477.1227274047396,2490.987220282005,2449.393741650209,2486.36572265625,50210,0.0,0.0
2024-07-05 00:00:00+09:00,2463.2581119791666,2486.3655989583335,2426.2861328125,2426.2861328125,106216,0.0,0.0
2024-07-08 00:00:00+09:00,2426.2861985426684,2426.2861985426684,2375.4497258112983,2403.1787109375,104412,0.0,0.0
2024-07-09 00:00:00+09:00,2403.1789630138624,2417.04345703125,2393.9359670022704,2417.04345703125,25231,0.0,0.0
2024-07-10 00:00:00+09:00,2417.043176064944,2518.716120373603,2403.1786836592178,2481.744140625,94738,0.0,0.0
2024-07-11 00:00:00+09:00,2481.74401482735,2643.4964180283873,2333.856103329258,2421.66455078125,677497,0.0,0.0
2024-07-12 00:00:00+09:00,2403.178895892519,2444.7723767829666,2403.178895892519,2440.15087890625,37609,0.0,0.0
2024-07-15 00:00:00+09:00,2444.772244024454,2514.0947084107806,2412.4217606441684,2486.36572265625,122494,0.0,0.0
2024-07-16 00:00:00+09:00,2527.9592956317747,2527.9592956317747,2481.7443176494753,2504.851806640625,59875,0.0,0.0
2024-07-17 00:00:00+09:00,2703.576319960297,2814.4922715484117,2509.4734046810963,2537.202392578125,1034347,0.0,0.0
2024-07-18 00:00:00+09:00,2518.7160137824294,2532.580505601415,2444.7720574145046,2449.3935546875,220146,0.0,0.0
2024-07-19 00:00:00+09:00,2435.529364224138,2467.879849137931,2333.856411637931,2412.421875,181203,0.0,0.0
2024-07-22 00:00:00+09:00,2412.421781679838,2481.7442466706384,2370.8283026853583,2393.935791015625,121836,0.0,0.0
2024-07-23 00:00:00+09:00,2393.935631548049,2435.529107771857,2384.6926368316476,2398.55712890625,69378,0.0,0.0
2024-07-24 00:00:00+09:00,2370.828246606167,2430.90771484375,2370.828246606167,2430.90771484375,65470,0.0,0.0
2024-07-25 00:00:00+09:00,2384.6927497514907,2430.9077255218685,2319.991783672962,2324.61328125,170813,0.0,0.0
2024-07-26 00:00:00+09:00,2347.720796585083,2366.206787109375,2324.613308429718,2366.206787109375,58169,0.0,0.0
2024-07-29 00:00:00+09:00,2380.0713242706356,2440.1507945920303,2375.4498265536054,2435.529296875,91930,0.0,0.0
2024-07-30 00:00:00+09:00,2430.9078663793102,2430.9078663793102,2384.6928879310344,2412.421875,77462,0.0,0.0
2024-07-31 00:00:00+09:00,2393.935782008495,2407.8002749544903,2366.206796116505,2380.0712890625,39529,0.0,0.0
2024-08-01 00:00:00+09:00,2389.314218374399,2444.7721886268027,2384.6927208533652,2403.1787109375,100847,0.0,0.0
2024-08-02 00:00:00+09:00,2403.1786625928216,2426.2861497331373,2333.856201171875,2333.856201171875,93442,0.0,0.0
2024-08-05 00:00:00+09:00,2236.8048001802886,2329.2347506009614,2038.0804067758413,2042.701904296875,515795,0.0,0.0
2024-08-06 00:00:00+09:00,1899.4355914105424,2213.6974410843063,1899.4355914105424,2102.781494140625,432225,0.0,0.0
2024-08-07 00:00:00+09:00,2107.402744181485,2232.18316982381,2107.402744181485,2209.07568359375,128410,0.0,0.0
2024-08-08 00:00:00+09:00,2209.0757682019835,2246.047747586117,2158.2392965487998,2213.697265625,40658,0.0,0.0
2024-08-09 00:00:00+09:00,2255.29084683642,2287.6413302951387,2227.5618610146603,2246.0478515625,168442,0.0,0.0
2024-08-12 00:00:00+09:00,2232.183293422225,2283.019765943228,2232.183293422225,2269.1552734375,40928,0.0,0.0
2024-08-13 00:00:00+09:00,2250.669358204723,2287.641339448332,2246.0478605492717,2259.912353515625,50735,0.0,0.0
2024-08-14 00:00:00+09:00,2250.6692285939066,2306.127197265625,2250.6692285939066,2306.127197265625,60653,0.0,0.0
2024-08-16 00:00:00+09:00,2315.3702114596226,2347.7206934560645,2283.0197294631807,2333.856201171875,68144,0.0,0.0
2024-08-19 00:00:00+09:00,2315.370192044245,2338.477678990794,2283.019710319076,2306.127197265625,62114,0.0,0.0
2024-08-20 00:00:00+09:00,2306.127290941849,2343.099271558151,2296.884295787773,2324.61328125,50750,0.0,0.0
2024-08-21 00:00:00+09:00,2310.749015577842,2338.478003764776,2296.884521484375,2296.884521484375,38675,0.0,0.0
2024-08-22 00:00:00+09:00,2301.5056998763152,2324.6131868228645,2278.398212929766,2306.127197265625,44918,0.0,0.0
2024-08-23 00:00:00+09:00,2292.2628551136363,2301.505850497159,2246.047878196023,2287.641357421875,66891,0.0,0.0
2024-08-26 00:00:00+09:00,2278.398353142467,2306.127339184769,2255.2908647738823,2273.77685546875,26513,0.0,0.0
2024-08-27 00:00:00+09:00,2259.9123712713067,2375.449813565341,2222.940389737216,2287.641357421875,116689,0.0,0.0
2024-08-28 00:00:00+09:00,2264.533952282321,2310.7489309003277,2255.2909565587197,2292.262939453125,31542,0.0,0.0
2024-08-29 00:00:00+09:00,2264.533935546875,2287.6414246851086,2222.940455098055,2264.533935546875,30768,0.0,0.0
2024-08-30 00:00:00+09:00,2241.4263539255403,2283.019832658179,2241.4263539255403,2246.0478515625,33437,0.0,0.0
2024-09-02 00:00:00+09:00,2246.0479442362885,2283.019926857462,2222.940455098055,2264.533935546875,58295,0.0,0.0
2024-09-03 00:00:00+09:00,2204.4543903629956,2306.127339184769,2204.4543903629956,2273.77685546875,66560,0.0,0.0
2024-09-04 00:00:00+09:00,2255.290896381579,2259.912394120066,2176.7254348273027,2195.21142578125,100621,0.0,0.0
2024-09-05 00:00:00+09:00,2176.725332406851,2255.2907902644233,2162.86083984375,2162.86083984375,100443,0.0,0.0
2024-09-06 00:00:00+09:00,2172.1038924507475,2209.075873598845,2093.5384325110394,2125.888916015625,78753,0.0,0.0
2024-09-09 00:00:00+09:00,2098.1598560944262,2139.7533334178843,2065.809373731737,2135.1318359375,52532,0.0,0.0
2024-09-10 00:00:00+09:00,2135.1319609983993,2135.1319609983993,2051.9450014789813,2075.052490234375,86110,0.0,0.0
2024-09-11 00:00:00+09:00,2079.6741408444523,2084.295638935218,2038.0806580275632,2056.566650390625,33757,0.0,0.0
2024-09-12 00:00:00+09:00,2051.9449449535014,2112.0244140625,2051.9449449535014,2112.0244140625,67741,0.0,0.0
2024-09-13 00:00:00+09:00,2121.267418372113,2125.888916015625,2098.1599301545516,2125.888916015625,13969,0.0,0.0
2024-09-19 00:00:00+09:00,2125.8888409767314,2153.6178258590367,2112.024348535579,2135.1318359375,70616,0.0,0.0
2024-09-20 00:00:00+09:00,2144.3748860677083,2227.5618428548178,2135.1318908691405,2218.31884765625,137264,0.0,0.0
2024-09-23 00:00:00+09:00,2213.697180839762,2306.1271257600024,2181.3467001176778,2209.07568359375,90199,0.0,0.0
2024-09-24 00:00:00+09:00,2185.96819736369,2236.8046670698222,2185.96819736369,2209.07568359375,57025,0.0,0.0
2024-09-25 00:00:00+09:00,2213.697284753544,2296.884239086662,2213.697284753544,2241.42626953125,83221,0.0,0.0
2024-09-26 00:00:00+09:00,2236.804931640625,2283.019909567084,2232.183433847979,2236.804931640625,84718,0.0,0.0
2024-09-27 00:00:00+09:00,2273.776761414575,2273.776761414575,2232.183284071625,2255.290771484375,96401,0.0,0.0
2024-09-30 00:00:00+09:00,2269.155357795033,2292.2628461636177,2241.426371752731,2273.77685546875,40922,0.0,0.0
2024-10-02 00:00:00+09:00,2236.8049230119545,2269.155407435681,2199.8329408134096,2222.9404296875,32195,0.0,0.0
2024-10-04 00:00:00+09:00,2241.426344845853,2269.155330555286,2218.3188567546586,2232.183349609375,20558,0.0,0.0
2024-10-07 00:00:00+09:00,2222.940345255534,2255.2908284505206,2209.0758524576822,2218.31884765625,24057,0.0,0.0
2024-10-08 00:00:00+09:00,2218.31899947479,2227.561995305935,2199.8330078125,2199.8330078125,54531,0.0,0.0
2024-10-10 00:00:00+09:00,2199.832838871308,2236.80481935654,2144.37486814346,2190.58984375,19822,0.0,0.0
2024-10-11 00:00:00+09:00,2172.103791189666,2661.9825185643563,2172.103791189666,2333.856201171875,4928936,0.0,0.0
2024-10-14 00:00:00+09:00,2407.800160020885,2588.0385597153463,2310.7487140315593,2333.856201171875,4364959,0.0,0.0
2024-10-15 00:00:00+09:00,2398.557270526886,2426.286256313324,2347.720796585083,2366.206787109375,444874,0.0,0.0
2024-10-16 00:00:00+09:00,2366.206862745098,2403.1788449754904,2333.856378293505,2356.9638671875,265612,0.0,0.0
2024-10-17 00:00:00+09:00,2370.828247558594,2375.4497451171874,2310.748779296875,2310.748779296875,175614,0.0,0.0
2024-10-18 00:00:00+09:00,2319.9916041117594,2329.2345985504517,2283.0196263569906,2301.505615234375,162517,0.0,0.0
2024-10-21 00:00:00+09:00,2287.6414170376092,2403.1788623425387,2287.6414170376092,2384.69287109375,233437,0.0,0.0
2024-10-22 00:00:00+09:00,2384.6926728805693,2398.5571651647588,2329.2347037438117,2333.856201171875,140265,0.0,0.0
2024-10-23 00:00:00+09:00,2333.856321356932,2490.987242002745,2319.9918283587717,2393.935791015625,270622,0.0,0.0
2024-10-24 00:00:00+09:00,2361.5851857402536,2384.6926728805693,2319.9917088876855,2333.856201171875,136703,0.0,0.0
2024-10-25 00:00:00+09:00,2333.8563343394885,2366.206818181818,2273.776864346591,2287.641357421875,124817,0.0,0.0
2024-10-28 00:00:00+09:00,2287.6412915039064,2324.613271972656,2264.5338037109377,2310.748779296875,51221,0.0,0.0
2024-10-29 00:00:00+09:00,2333.856248121995,2440.1506911057695,2301.5057654747598,2403.1787109375,362329,0.0,0.0
2024-10-30 00:00:00+09:00,2440.1508272058823,2472.5013116574755,2356.9638671875,2356.9638671875,413190,0.0,0.0
2024-10-31 00:00:00+09:00,2343.0993078731794,2389.31428435983,2319.991819629854,2380.0712890625,92048,0.0,0.0
2024-11-01 00:00:00+09:00,2338.4776985999383,2361.5851857402536,2315.3702114596226,2333.856201171875,123237,0.0,0.0
2024-11-04 00:00:00+09:00,2310.7487976315465,2356.9637735841775,2310.7487976315465,2338.477783203125,103934,0.0,0.0
2024-11-05 00:00:00+09:00,2343.099110921224,2352.3421054416235,2324.6131218804253,2329.234619140625,65357,0.0,0.0
2024-11-06 00:00:00+09:00,2343.0992339556637,2407.8001989958593,2329.23474144705,2389.314208984375,332595,0.0,0.0
2024-11-07 00:00:00+09:00,2435.5290561252173,2435.5290561252173,2315.370127360026,2329.234619140625,182108,0.0,0.0
2024-11-08 00:00:00+09:00,2338.477783203125,2375.4497639652295,2333.856285607862,2338.477783203125,71684,0.0,0.0
2024-11-11 00:00:00+09:00,2384.6927921070774,2763.655600155101,2384.6927921070774,2514.0947265625,9640812,0.0,0.0
2024-11-12 00:00:00+09:00,2689.7115572415864,2712.819044846755,2463.2581787109375,2523.337646484375,2957472,0.0,0.0
2024-11-13 00:00:00+09:00,2477.1226615389264,2578.795606602091,2375.4497164757613,2389.314208984375,700588,0.0,0.0
2024-11-14 00:00:00+09:00,2403.1789054718624,2472.5013738989355,2306.1274496739607,2319.991943359375,579807,0.0,0.0
2024-11-15 00:00:00+09:00,2255.290809599156,2296.884287645042,2121.26738034019,2190.58984375,623498,0.0,0.0
2024-11-18 00:00:00+09:00,2190.5898067286757,2278.398258897125,2144.374831903176,2255.290771484375,166233,0.0,0.0
2024-11-19 00:00:00+09:00,2269.155357795033,2292.2628461636177,2227.5618787315802,2273.77685546875,141616,0.0,0.0
2024-11-20 00:00:00+09:00,2273.776828173525,2306.127311501197,2218.3188567546586,2232.183349609375,129668,0.0,0.0
2024-11-21 00:00:00+09:00,2259.9123444733796,2319.991813753858,2227.5618610146603,2246.0478515625,247689,0.0,0.0
2024-11-22 00:00:00+09:00,2283.0199702928044,2283.0199702928044,2199.8330078125,2199.8330078125,183161,0.0,0.0
2024-11-25 00:00:00+09:00,2199.8328481230346,2236.804828763758,2190.589852962854,2204.454345703125,114156,0.0,0.0
2024-11-26 00:00:00+09:00,2195.2112759329334,2222.9402604710335,2176.7252862408664,2213.697265625,148461,0.0,0.0
2024-11-27 00:00:00+09:00,2181.34701615021,2218.31899947479,2153.618028656775,2199.8330078125,130137,0.0,0.0
2024-11-28 00:00:00+09:00,2199.832689101726,2232.18316982381,2172.1037056256537,2209.07568359375,79780,0.0,0.0
2024-11-29 00:00:00+09:00,2204.4545742933915,2236.805060708599,2153.6180956409235,2176.7255859375,123596,0.0,0.0
2024-12-02 00:00:00+09:00,2204.454336431962,2255.290809599156,2185.968346189346,2190.58984375,170897,0.0,0.0
2024-12-03 00:00:00+09:00,2176.7254128196023,2296.8843528053976,2176.7254128196023,2287.641357421875,245843,0.0,0.0
2024-12-04 00:00:00+09:00,2222.9402628983603,2333.856201171875,2199.8327757580446,2333.856201171875,384297,0.0,0.0
2024-12-05 00:00:00+09:00,2269.1555471238057,2310.7490296576434,2167.482589818869,2176.7255859375,678072,0.0,0.0
2024-12-06 00:00:00+09:00,2125.8890516493057,2176.725528971354,2042.7020887586805,2079.674072265625,649388,0.0,0.0
2024-12-09 00:00:00+09:00,2038.080496149955,2042.701993873651,1913.3000576101617,1927.16455078125,395054,0.0,0.0
2024-12-10 00:00:00+09:00,1890.1925209374115,2075.052425185569,1890.1925209374115,2038.0804443359375,288855,0.0,0.0
2024-12-11 00:00:00+09:00,2014.9730822802542,2324.6134412545134,2014.9730822802542,2319.991943359375,1053755,0.0,0.0
2024-12-12 00:00:00+09:00,2352.3424030172414,2352.3424030172414,2139.7535021551726,2144.375,1171943,0.0,0.0
2024-12-13 00:00:00+09:00,2125.8890002203093,2283.0199263235495,2102.78151108748,2130.510498046875,1427387,0.0,0.0
2024-12-16 00:00:00+09:00,2190.589901379761,2227.5618828376478,2135.131929192932,2153.617919921875,651656,0.0,0.0
2024-12-17 00:00:00+09:00,2167.48236665916,2167.48236665916,2065.80941982227,2084.29541015625,560165,0.0,0.0
2024-12-18 00:00:00+09:00,2084.29531566782,2107.4028025377515,2051.944834049916,2065.809326171875,326615,0.0,0.0
2024-12-19 00:00:00+09:00,2024.2160809491131,2051.945068359375,1996.4870935388515,2051.945068359375,327148,0.0,0.0
2024-12-20 00:00:00+09:00,2051.9450516374145,2051.9450516374145,2005.7300729969322,2024.216064453125,201438,0.0,0.0
2024-12-23 00:00:00+09:00,2051.9449360717235,2116.6459025244358,2051.9449360717235,2098.159912109375,157666,0.0,0.0
2024-12-24 00:00:00+09:00,2098.159912109375,2112.0244049206703,2079.6739216943147,2098.159912109375,154027,0.0,0.0
2024-12-26 00:00:00+09:00,2116.645987508585,2125.8889830872254,2084.2955029833447,2102.781494140625,232098,0.0,0.0
2024-12-27 00:00:00+09:00,2145.695241292318,2145.695241292318,2040.79458505136,2059.867431640625,261955,70.0,0.0
2024-12-30 00:00:00+09:00,2040.79458505136,2088.4767015245225,2012.1853151674625,2059.867431640625,78270,0.0,0.0
2025-01-02 00:00:00+09:00,2069.403918319874,2131.390671633603,2059.867494733146,2121.854248046875,152924,0.0,0.0
2025-01-03 00:00:00+09:00,2117.0860879080637,2140.9271474565776,2098.013240269252,2136.158935546875,127778,0.0,0.0
2025-01-06 00:00:00+09:00,2140.927111285666,2193.37744140625,2117.086052139946,2193.37744140625,238800,0.0,0.0
2025-01-07 00:00:00+09:00,2174.3045833333335,2193.3774305555557,2136.158888888889,2145.6953125,144284,0.0,0.0
2025-01-08 00:00:00+09:00,2126.6224133109617,2159.999895134228,2117.0859899328857,2131.390625,181614,0.0,0.0
2025-01-09 00:00:00+09:00,2140.9271946381027,2140.9271946381027,2107.549710534613,2126.62255859375,68707,0.0,0.0
2025-01-10 00:00:00+09:00,2126.6225067896444,2140.9271424855388,2102.781447296487,2112.31787109375,86786,0.0,0.0
2025-01-13 00:00:00+09:00,2121.8542368220187,2121.8542368220187,2074.172119140625,2074.172119140625,105534,0.0,0.0
2025-01-14 00:00:00+09:00,2074.172078818757,2107.549560546875,2069.403867143312,2107.549560546875,78112,0.0,0.0
2025-01-15 00:00:00+09:00,2107.5496015176004,2126.622448590158,2074.172119140625,2074.172119140625,60799,0.0,0.0
2025-01-16 00:00:00+09:00,2078.9403309087643,2107.5496015176004,2059.8674838362067,2074.172119140625,99195,0.0,0.0
2025-01-17 00:00:00+09:00,2064.6357421875,2093.2450134418305,2059.8675303117784,2064.6357421875,93693,0.0,0.0
2025-01-20 00:00:00+09:00,2078.940325218023,2078.940325218023,2031.2582076671513,2050.3310546875,157838,0.0,0.0
2025-01-21 00:00:00+09:00,2050.331125013722,2064.635760769632,2016.9536415832663,2036.0264892578125,100252,0.0,0.0
2025-01-22 00:00:00+09:00,2021.721825132979,2050.331096243351,2016.95361328125,2016.95361328125,144152,0.0,0.0
2025-01-23 00:00:00+09:00,2021.7218198639353,2026.490031703237,1983.5761251495214,1993.112548828125,161249,0.0,0.0
2025-01-24 00:00:00+09:00,1988.3443884770265,2012.1854482908998,1983.5761765142518,2007.417236328125,74120,0.0,0.0
2025-01-31 00:00:00+09:00,2002.6489725067283,2012.185396185332,1978.8079133102196,1993.112548828125,67347,0.0,0.0
2025-02-03 00:00:00+09:00,1969.2715503833913,1988.344398328993,1916.821218532986,1931.1258544921875,233170,0.0,0.0
2025-02-04 00:00:00+09:00,1935.893996294807,1969.2714789895451,1926.357572667739,1945.430419921875,169575,0.0,0.0
2025-02-05 00:00:00+09:00,1954.966843548943,1969.2714789895451,1931.125784481273,1945.430419921875,106551,0.0,0.0
2025-02-06 00:00:00+09:00,1940.662259661078,1969.2715313022734,1935.894047720879,1959.735107421875,80273,0.0,0.0
2025-02-07 00:00:00+09:00,1959.7350144719503,2002.6489198983434,1959.7350144719503,1978.807861328125,159495,0.0,0.0
2025-02-10 00:00:00+09:00,1964.5033286631533,2016.9536602536743,1959.7351167003787,2007.417236328125,151371,0.0,0.0
2025-02-11 00:00:00+09:00,2021.721825132979,2031.2582488364362,2007.4171895777927,2016.95361328125,106563,0.0,0.0
2025-02-12 00:00:00+09:00,2055.099266442587,2260.132371911337,2031.2582076671513,2050.3310546875,3898034,0.0,0.0
2025-02-13 00:00:00+09:00,2055.099266442587,2078.940325218023,2012.1853606468023,2050.3310546875,450158,0.0,0.0
2025-02-14 00:00:00+09:00,2050.331078020287,2064.6357134483355,2040.7946544015879,2045.5628662109375,128470,0.0,0.0
2025-02-17 00:00:00+09:00,2055.0993697140198,2083.7086416821962,2040.7947337299313,2078.9404296875,116435,0.0,0.0
2025-02-18 00:00:00+09:00,2093.2449662131826,2093.2449662131826,2050.331060299928,2074.172119140625,81956,0.0,0.0
2025-02-19 00:00:00+09:00,2069.4039073724857,2093.2449662131826,2055.0992720680674,2074.172119140625,216401,0.0,0.0
2025-02-20 00:00:00+09:00,2074.172170978703,2107.5496541898547,2069.403959091396,2088.476806640625,125137,0.0,0.0
2025-02-21 00:00:00+09:00,2093.244925520539,2121.854195573211,2055.099232116975,2107.549560546875,190783,0.0,0.0
2025-02-24 00:00:00+09:00,2083.708502169648,2126.6224072486566,2083.708502169648,2107.549560546875,281184,0.0,0.0
2025-02-25 00:00:00+09:00,2107.5495143581084,2317.3508234797296,2107.5495143581084,2117.0859375,3255425,0.0,0.0
2025-02-26 00:00:00+09:00,2112.317918150333,2155.2318261940195,2093.245070130917,2102.781494140625,346588,0.0,0.0
2025-02-27 00:00:00+09:00,2107.5496541898547,2117.086077964469,2074.172170978703,2088.476806640625,254459,0.0,0.0
2025-02-28 00:00:00+09:00,2064.63578920298,2083.7086371401897,2040.7947292814674,2055.099365234375,201558,0.0,0.0
2025-03-04 00:00:00+09:00,2045.562879060444,2045.562879060444,1983.5761251495214,1993.112548828125,177613,0.0,0.0
2025-03-05 00:00:00+09:00,1988.3443974541399,2055.099365234375,1988.3443974541399,2055.099365234375,165107,0.0,0.0
2025-03-06 00:00:00+09:00,2059.8675817087155,2155.231821602638,2050.3311577193235,2078.9404296875,648329,0.0,0.0
2025-03-07 00:00:00+09:00,2059.8675488509953,2102.7814561187247,1997.88079390872,2036.0264892578125,344510,0.0,0.0
2025-03-10 00:00:00+09:00,2016.9536367118076,2040.7946962474082,2002.6490009904471,2012.1854248046875,96851,0.0,0.0
2025-03-11 00:00:00+09:00,1954.966854113711,2012.185396185332,1954.966854113711,1993.112548828125,165145,0.0,0.0
2025-03-12 00:00:00+09:00,1993.1125080422794,2050.3310489430146,1993.1125080422794,2026.489990234375,68686,0.0,0.0
2025-03-13 00:00:00+09:00,2012.185396185332,2045.562879060444,1988.3443369888232,1993.112548828125,71021,0.0,0.0
2025-03-14 00:00:00+09:00,1983.5761019540573,2007.4171608717743,1983.5761019540573,1997.8807373046875,37678,0.0,0.0
2025-03-17 00:00:00+09:00,2007.4171843460301,2016.9536080246335,1983.5761251495214,1993.112548828125,77248,0.0,0.0
2025-03-18 00:00:00+09:00,1988.3443603515625,2002.648996037545,1954.9668770842702,1988.3443603515625,175230,0.0,0.0
2025-03-19 00:00:00+09:00,2002.6490289392605,2145.6953881492077,2002.6490289392605,2031.25830078125,1596553,0.0,0.0
2025-03-20 00:00:00+09:00,2036.0264843402879,2059.8675438758887,2007.4172128975672,2012.1854248046875,297443,0.0,0.0
2025-03-21 00:00:00+09:00,2002.6490243653504,2021.721872216449,1969.2715406259279,2007.417236328125,268256,0.0,0.0
2025-03-24 00:00:00+09:00,2007.4172128975672,2031.2582724331678,1988.344365269087,2012.1854248046875,90391,0.0,0.0
2025-03-25 00:00:00+09:00,2016.9536555363582,2026.4900794396035,1978.8079599233774,1983.576171875,146580,0.0,0.0
2025-03-26 00:00:00+09:00,1983.5761251495214,2012.185396185332,1974.0397014709179,1993.112548828125,88804,0.0,0.0
2025-03-27 00:00:00+09:00,1993.112548828125,2012.185396185332,1974.0397014709179,1993.112548828125,111277,0.0,0.0
2025-03-28 00:00:00+09:00,1983.5760906937653,1993.112514206716,1906.3310602388638,1950.1986083984375,208693,0.0,0.0
2025-03-31 00:00:00+09:00,1912.0530020141603,1940.662273864746,1901.5629356689453,1907.2847900390625,175523,0.0,0.0
2025-04-01 00:00:00+09:00,1907.2847581309952,1993.11257224689,1907.2847581309952,1988.3443603515625,205752,0.0,0.0
2025-04-02 00:00:00+09:00,1988.3443838266226,2007.417231633113,1969.2715360201323,1983.576171875,162898,0.0,0.0
2025-04-03 00:00:00+09:00,1969.2714610813896,1993.112519932254,1950.1986140006982,1974.0396728515625,95996,0.0,0.0
2025-04-04 00:00:00+09:00,1964.5032375919118,2031.258201976103,1940.6621788832722,2026.489990234375,408457,0.0,0.0
2025-04-07 00:00:00+09:00,2016.9535667509192,2107.5495898437503,1983.5760845588236,2026.489990234375,724488,0.0,0.0
2025-04-08 00:00:00+09:00,2040.7947292814674,2121.85433301461,2007.41724539135,2055.099365234375,761366,0.0,0.0
2025-04-09 00:00:00+09:00,2026.490031703237,2074.1721500962544,1969.2714896316163,1993.112548828125,303342,0.0,0.0
2025-04-10 00:00:00+09:00,2069.4038788111866,2159.999901155455,2040.794608597207,2155.231689453125,1471950,0.0,0.0
2025-04-11 00:00:00+09:00,2202.9138124829046,2255.364141351545,2126.6224250376094,2179.07275390625,1571750,0.0,0.0
2025-04-14 00:00:00+09:00,2226.7550326142846,2303.0464255946454,2193.377548185377,2245.827880859375,1074572,0.0,0.0
2025-04-15 00:00:00+09:00,2250.5960314888102,2250.5960314888102,2164.7682167286434,2183.841064453125,536249,0.0,0.0
2025-04-16 00:00:00+09:00,2221.9867599020877,2221.9867599020877,2145.6953690041623,2183.841064453125,312012,0.0,0.0
2025-04-17 00:00:00+09:00,2183.8409192453023,2212.4501889297385,2164.7680727890115,2188.609130859375,187720,0.0,0.0
2025-04-18 00:00:00+09:00,2188.6091831752233,2226.754876999628,2145.695277622768,2202.913818359375,440885,0.0,0.0
2025-04-21 00:00:00+09:00,2231.5230338804186,2446.09255636892,2179.072706161007,2365.032958984375,3928810,0.0,0.0
2025-04-22 00:00:00+09:00,2317.350857667577,2350.7283391566166,2226.7548364830423,2236.291259765625,1077185,0.0,0.0
2025-04-23 00:00:00+09:00,2264.900724877615,2264.900724877615,2183.8411199872585,2221.98681640625,388872,0.0,0.0
2025-04-24 00:00:00+09:00,2202.9139597039475,2212.45038377193,2155.2318393640353,2174.3046875,321338,0.0,0.0
2025-04-25 00:00:00+09:00,2188.6092811403214,2221.9867647306964,2174.304645315875,2207.68212890625,215956,0.0,0.0
2025-04-28 00:00:00+09:00,2202.913902282715,2217.2185380118235,2136.158935546875,2136.158935546875,250738,0.0,0.0
2025-04-29 00:00:00+09:00,2164.7682167286434,2188.6092763842453,2112.3178854863195,2183.841064453125,207345,0.0,0.0
2025-04-30 00:00:00+09:00,2150.4635243055554,2188.60921875,2136.158888888889,2145.6953125,200567,0.0,0.0
2025-05-02 00:00:00+09:00,2136.1588942307694,2188.6092242230425,2126.6224705958107,2169.536376953125,114378,0.0,0.0
2025-05-07 00:00:00+09:00,2155.231792866403,2198.1457002464863,2136.1589451419213,2183.841064453125,116937,0.0,0.0
2025-05-08 00:00:00+09:00,2183.8410691988393,2217.2185527892143,2131.390737842535,2207.68212890625,166480,0.0,0.0
2025-05-09 00:00:00+09:00,2221.986671072002,2236.291306293496,2179.0727654075213,2226.7548828125,299704,0.0,0.0
2025-05-12 00:00:00+09:00,2226.754888502218,2264.900582523669,2221.9866767495364,2250.595947265625,208485,0.0,0.0
2025-05-13 00:00:00+09:00,2250.596045850951,2260.132469774049,2221.9867740816594,2255.3642578125,176317,0.0,0.0
2025-05-14 00:00:00+09:00,2274.437017290424,2307.8144997244553,2255.3641701852634,2298.278076171875,434428,0.0,0.0
2025-05-15 00:00:00+09:00,2274.43715322701,2307.814637655918,2241.0596687981024,2245.827880859375,390301,0.0,0.0
2025-05-16 00:00:00+09:00,2241.0596687981024,2274.43715322701,2221.986820553012,2245.827880859375,169044,0.0,0.0
2025-05-19 00:00:00+09:00,2245.827884962579,2274.437157382484,2207.682188402705,2269.6689453125,230208,0.0,0.0
2025-05-20 00:00:00+09:00,2269.668902853261,2317.3510226611024,2241.059630968556,2303.04638671875,235648,0.0,0.0
2025-05-21 00:00:00+09:00,2312.5826708085697,2350.7283643476803,2279.205188961848,2331.655517578125,344292,0.0,0.0
2025-05-22 00:00:00+09:00,2336.4237170129827,2355.4965636824763,2255.3641186676346,2283.973388671875,151469,0.0,0.0
2025-05-23 00:00:00+09:00,2283.973534236892,2322.119230007028,2260.132474380557,2279.205322265625,181116,0.0,0.0
2025-05-26 00:00:00+09:00,2255.364211040296,2288.7416940789476,2250.5959991776317,2264.900634765625,128669,0.0,0.0
2025-05-27 00:00:00+09:00,2269.6688466282894,2293.509905941612,2250.5959991776317,2264.900634765625,183336,0.0,0.0
2025-05-28 00:00:00+09:00,2264.900634765625,2303.046329666941,2255.364211040296,2264.900634765625,155427,0.0,0.0
2025-05-29 00:00:00+09:00,2279.205280484858,2326.887399323454,2264.90064483328,2312.582763671875,154181,0.0,0.0
2025-05-30 00:00:00+09:00,2298.278170150693,2312.582806064494,2255.36426240929,2279.205322265625,85618,0.0,0.0
2025-06-02 00:00:00+09:00,2279.2052290667143,2312.5827115007455,2255.3641701852634,2298.278076171875,193520,0.0,0.0
2025-06-04 00:00:00+09:00,2307.814476376488,2622.5164504278273,2293.5098411923364,2603.443603515625,2681336,0.0,0.0
2025-06-05 00:00:00+09:00,2698.8079233120143,2851.390703428595,2622.516533253724,2760.794677734375,3647607,0.0,0.0
2025-06-09 00:00:00+09:00,2860.927001953125,2956.2912353515626,2789.403826904297,2860.927001953125,3129399,0.0,0.0
2025-06-10 00:00:00+09:00,2851.390728476821,2922.9139072847684,2713.1125827814567,2880.0,2062974,0.0,0.0
2025-06-11 00:00:00+09:00,2856.158930614741,3123.1787972498423,2756.026480626578,2832.31787109375,1886670,0.0,0.0
2025-06-12 00:00:00+09:00,2837.086111215445,2841.8543231670674,2722.6490243765024,2727.417236328125,705792,0.0,0.0
2025-06-13 00:00:00+09:00,2727.4171084449404,2736.9535319010415,2574.8343331473216,2603.443603515625,807573,0.0,0.0
2025-06-16 00:00:00+09:00,2598.675448971965,2703.576109297439,2546.225118809228,2641.58935546875,446132,0.0,0.0
2025-06-17 00:00:00+09:00,2670.198615579044,2703.576098273782,2550.9933202406937,2593.9072265625,556739,0.0,0.0
2025-06-18 00:00:00+09:00,2570.0660877296145,2672.105817372312,2570.0660877296145,2660.662109375,377929,0.0,0.0
2025-06-19 00:00:00+09:00,2713.112581114838,2775.0993360436482,2603.4437070100203,2632.052978515625,725688,0.0,0.0
2025-06-20 00:00:00+09:00,2641.5894495738635,2698.807993607955,2603.4437535511365,2622.5166015625,324307,0.0,0.0
2025-06-23 00:00:00+09:00,2603.4437535511365,2674.96693359375,2546.2252095170456,2622.5166015625,304286,0.0,0.0
2025-06-24 00:00:00+09:00,2655.8939962370023,2765.5628686130367,2646.35757255213,2665.430419921875,885043,0.0,0.0
2025-06-25 00:00:00+09:00,2698.807790046191,2698.807790046191,2589.138922252794,2612.97998046875,539310,0.0,0.0
2025-06-26 00:00:00+09:00,2612.9802079634233,2632.053056196733,2479.4702703302555,2517.615966796875,595417,0.0,0.0
2025-06-27 00:00:00+09:00,2541.456922275353,2565.297981583752,2465.1655324884755,2489.006591796875,243824,0.0,0.0
2025-06-30 00:00:00+09:00,2498.5431226547844,2550.9934553822704,2465.1656381918388,2541.45703125,244235,0.0,0.0
2025-07-01 00:00:00+09:00,2541.456856673945,2646.357514923151,2536.6886449353447,2627.28466796875,376724,0.0,0.0
2025-07-02 00:00:00+09:00,2646.3575565113742,2646.3575565113742,2536.688684800092,2593.9072265625,281018,0.0,0.0
2025-07-03 00:00:00+09:00,2608.2118989184387,2617.7483226804807,2517.6158731790415,2536.688720703125,423946,0.0,0.0
2025-07-04 00:00:00+09:00,2536.6887630208334,2555.761610863095,2484.238431454613,2503.311279296875,173155,0.0,0.0
2025-07-07 00:00:00+09:00,2498.5430626502402,2546.2251821664663,2469.933790940505,2479.47021484375,223262,0.0,0.0
2025-07-08 00:00:00+09:00,2479.4701325491574,2560.5297330363414,2469.9337089624296,2546.22509765625,273607,0.0,0.0
2025-07-09 00:00:00+09:00,2546.2251544121887,2603.4436972079684,2527.1523068135957,2584.370849609375,266341,0.0,0.0
2025-07-10 00:00:00+09:00,2608.2118152436756,2646.3575090680806,2584.3707566034227,2603.443603515625,454686,0.0,0.0
2025-07-11 00:00:00+09:00,2632.052983337074,2670.198678747756,2612.9801356317325,2655.89404296875,364350,0.0,0.0
2025-07-14 00:00:00+09:00,2670.198579417716,2684.5032146645963,2598.6754031833125,2651.125732421875,313653,0.0,0.0
2025-07-15 00:00:00+09:00,2641.589382085585,2641.589382085585,2527.152296941083,2536.688720703125,324592,0.0,0.0
2025-07-16 00:00:00+09:00,2560.529827535377,2560.529827535377,2489.006647995283,2527.15234375,220569,0.0,0.0
2025-07-17 00:00:00+09:00,2531.9205557193395,2565.298039504717,2479.4702240566035,2527.15234375,228032,0.0,0.0
2025-07-18 00:00:00+09:00,2550.9932508577413,2550.9932508577413,2484.238287283894,2508.079345703125,169147,0.0,0.0
2025-07-21 00:00:00+09:00,2531.9203917037607,2531.9203917037607,2450.860793475957,2460.397216796875,214537,0.0,0.0
2025-07-22 00:00:00+09:00,2460.3972633450876,2489.0065338491004,2407.946934087731,2450.86083984375,233211,0.0,0.0
2025-07-23 00:00:00+09:00,2450.860828218006,2450.860828218006,2365.0330171130954,2403.1787109375,371457,0.0,0.0
2025-07-24 00:00:00+09:00,2403.1788476166325,2417.483483614351,2326.8874556288033,2350.728515625,225673,0.0,0.0
2025-07-25 00:00:00+09:00,2350.728463807398,2360.2648875956634,2322.119192442602,2336.423828125,94198,0.0,0.0
2025-07-28 00:00:00+09:00,2326.887305885736,2345.9601526552915,2303.046247423792,2331.655517578125,149605,0.0,0.0
2025-07-29 00:00:00+09:00,2331.6557063937435,2331.6557063937435,2255.3643131375065,2293.510009765625,156177,0.0,0.0
2025-07-30 00:00:00+09:00,2293.509967241131,2336.4238751520875,2293.509967241131,2326.887451171875,104467,0.0,0.0
2025-07-31 00:00:00+09:00,2331.6556631619815,2355.496723112513,2312.582815201556,2326.887451171875,59378,0.0,0.0
2025-08-01 00:00:00+09:00,2288.7416888297876,2326.8873836436173,2226.754934757314,2241.0595703125,243039,0.0,0.0
2025-08-04 00:00:00+09:00,2202.913796164773,2326.8872998450415,2202.913796164773,2307.814453125,110428,0.0,0.0
2025-08-05 00:00:00+09:00,2307.814453125,2331.6555115250517,2283.9733947249483,2307.814453125,59852,0.0,0.0
2025-08-06 00:00:00+09:00,2307.814453125,2326.8872998450415,2279.205183044938,2307.814453125,54977,0.0,0.0
2025-08-07 00:00:00+09:00,2317.3509755557347,2336.423823091173,2298.278128020296,2312.582763671875,56974,0.0,0.0
2025-08-08 00:00:00+09:00,2312.5827686543366,2365.033099489796,2307.814556760204,2336.423828125,76807,0.0,0.0
2025-08-11 00:00:00+09:00,2365.0329994248464,2374.569422809624,2298.278035731403,2331.655517578125,109970,0.0,0.0
2025-08-12 00:00:00+09:00,2331.655658603455,2369.8013544497285,2293.5099627571817,2303.04638671875,119898,0.0,0.0
2025-08-13 00:00:00+09:00,2312.58286213188,2319.2583590534978,2288.7418016975307,2317.35107421875,47737,0.0,0.0
2025-08-14 00:00:00+09:00,2326.887357882368,2441.3244410569105,2288.7416634908536,2345.960205078125,685597,0.0,0.0
2025-08-18 00:00:00+09:00,2345.960246858892,2355.496670626611,2293.509916136437,2312.582763671875,107755,0.0,0.0
2025-08-19 00:00:00+09:00,2293.509921077806,2369.8013113839284,2283.973497289541,2336.423828125,156540,0.0,0.0
2025-08-20 00:00:00+09:00,2350.728411351386,2350.728411351386,2264.900599172228,2322.119140625,173328,0.0,0.0
2025-08-21 00:00:00+09:00,2298.2782258712705,2365.0331950874483,2298.2782258712705,2317.35107421875,110686,0.0,0.0
2025-08-22 00:00:00+09:00,2317.350842875819,2374.569382206086,2317.350842875819,2365.032958984375,139444,0.0,0.0
2025-08-25 00:00:00+09:00,2374.5694405691966,2412.715134393601,2374.5694405691966,2403.1787109375,92467,0.0,0.0
2025-08-26 00:00:00+09:00,2365.032958984375,2407.9468634820755,2350.7283241518085,2365.032958984375,76121,0.0,0.0
2025-08-27 00:00:00+09:00,2365.0329994248464,2374.569422809624,2307.814459116181,2331.655517578125,178586,0.0,0.0
2025-08-28 00:00:00+09:00,2331.6556676280425,2350.728515625,2312.582819631085,2350.728515625,127627,0.0,0.0
2025-08-29 00:00:00+09:00,2350.7283643476803,2365.0329994248464,2326.887305885736,2331.655517578125,106001,0.0,0.0
2025-09-01 00:00:00+09:00,2307.8145517880153,2322.119187439594,2279.205280484858,2312.582763671875,120924,0.0,0.0
2025-09-02 00:00:00+09:00,2293.509916136437,2326.887399323454,2293.509916136437,2312.582763671875,66534,0.0,0.0
2025-09-03 00:00:00+09:00,2298.278035731403,2331.655517578125,2293.5098240390143,2331.655517578125,42962,0.0,0.0
2025-09-04 00:00:00+09:00,2331.6556676280425,2365.033151622718,2326.8874556288033,2350.728515625,69763,0.0,0.0
2025-09-05 00:00:00+09:00,2345.96026171875,2403.1788046875,2345.96026171875,2384.10595703125,129398,0.0,0.0
2025-09-08 00:00:00+09:00,2384.105915618836,2422.2516102687377,2360.264856462648,2417.4833984375,117693,0.0,0.0
2025-09-09 00:00:00+09:00,2398.410653097588,2460.3974095394738,2393.6424410635964,2446.0927734375,118515,0.0,0.0
2025-09-10 00:00:00+09:00,2422.251569339737,2460.3972633450876,2398.4105105863937,2450.86083984375,95414,0.0,0.0
2025-09-11 00:00:00+09:00,2460.397216796875,2474.701851778252,2436.55615849458,2460.397216796875,98867,0.0,0.0
2025-09-12 00:00:00+09:00,2465.165601257884,2646.357657056336,2465.165601257884,2598.675537109375,899972,0.0,0.0
2025-09-15 00:00:00+09:00,2598.6753917875744,2617.7482386997767,2531.920427594866,2603.443603515625,280588,0.0,0.0
2025-09-16 00:00:00+09:00,2603.4437445746526,2608.2119565610533,2560.5298366970487,2574.83447265625,141112,0.0,0.0
2025-09-17 00:00:00+09:00,2574.8344258100788,2584.370849609375,2512.847671114651,2584.370849609375,196213,0.0,0.0
2025-09-18 00:00:00+09:00,2584.370802935432,2622.516497443704,2560.529743867762,2593.9072265625,106345,0.0,0.0
2025-09-22 00:00:00+09:00,2617.7481793825514,2627.2846026225607,2555.7614283224907,2565.2978515625,124365,0.0,0.0
2025-09-23 00:00:00+09:00,2570.0661156278884,2617.7482328009473,2550.9932687586647,2579.6025390625,153391,0.0,0.0
2025-09-24 00:00:00+09:00,2579.60258571646,2579.60258571646,2503.311196859781,2570.066162109375,170355,0.0,0.0
2025-09-25 00:00:00+09:00,2565.2978980220964,2612.9800150857045,2517.615780958489,2555.761474609375,244001,0.0,0.0
2025-09-26 00:00:00+09:00,2527.152339099702,2546.2251869419642,2427.0198879278273,2503.311279296875,114092,0.0,0.0
2025-09-29 00:00:00+09:00,2508.0795467870544,2636.8212725727017,2508.0795467870544,2541.45703125,455199,0.0,0.0
2025-09-30 00:00:00+09:00,2593.9073113207546,2598.675523290094,2522.3841317806605,2527.15234375,146978,0.0,0.0
2025-10-01 00:00:00+09:00,2550.993351221537,2565.2979868358634,2484.2383850213473,2512.84765625,130656,0.0,0.0
2025-10-02 00:00:00+09:00,2512.847604067271,2541.456874701813,2489.0065452051526,2498.54296875,75510,0.0,0.0
2025-10-10 00:00:00+09:00,2531.920602971857,2531.920602971857,2446.0927859219637,2517.615966796875,166264,0.0,0.0
2025-10-13 00:00:00+09:00,2450.860891788564,2508.0794340093084,2441.3244680851067,2465.16552734375,128446,0.0,0.0
2025-10-14 00:00:00+09:00,2479.4700507966895,2479.4700507966895,2403.17866461833,2412.715087890625,194155,0.0,0.0
2025-10-15 00:00:00+09:00,2417.483408826463,2484.238374750665,2412.715196974734,2465.16552734375,112976,0.0,0.0
2025-10-16 00:00:00+09:00,2465.1655220985413,2498.543004989624,2436.5562510490417,2441.324462890625,124774,0.0,0.0
2025-10-17 00:00:00+09:00,2431.7881330354944,2441.3245570866143,2379.337800754337,2422.251708984375,273841,0.0,0.0
2025-10-20 00:00:00+09:00,2422.251713267544,2450.8609854714914,2388.8742290296054,2446.0927734375,97385,0.0,0.0
2025-10-21 00:00:00+09:00,2431.7881373355262,2469.933833607456,2384.106016995614,2446.0927734375,295178,0.0,0.0
2025-10-22 00:00:00+09:00,2431.787940695328,2446.0925756405945,2374.569400914261,2436.55615234375,141683,0.0,0.0
2025-10-23 00:00:00+09:00,2436.5563406669357,2450.860976717818,2398.41064453125,2398.41064453125,59936,0.0,0.0
2025-10-24 00:00:00+09:00,2398.4104529821825,2422.25151116292,2365.03297152915,2412.715087890625,122805,0.0,0.0
2025-10-27 00:00:00+09:00,2417.4834594726562,2493.7748506986177,2369.80133995643,2479.47021484375,192656,0.0,0.0
2025-10-28 00:00:00+09:00,2498.542957350438,2503.3111691011063,2431.787992841075,2450.86083984375,117695,0.0,0.0
2025-10-29 00:00:00+09:00,2436.5562978707108,2450.860933670343,2403.178814338235,2431.7880859375,151640,0.0,0.0
2025-10-30 00:00:00+09:00,2431.7879280501497,2446.092562921033,2384.105811813872,2388.8740234375,140028,0.0,0.0
2025-10-31 00:00:00+09:00,2427.019921009935,2446.0927691121738,2374.569588728777,2422.251708984375,177609,0.0,0.0
2025-11-03 00:00:00+09:00,2431.7880230602364,2436.5562348701583,2355.496634101484,2369.80126953125,145119,0.0,0.0
2025-11-04 00:00:00+09:00,2355.496685546875,2384.10595703125,2307.81456640625,2384.10595703125,145928,0.0,0.0
2025-11-05 00:00:00+09:00,2384.1059470663263,2384.1059470663263,2264.90064971301,2336.423828125,192604,0.0,0.0
2025-11-06 00:00:00+09:00,2341.192044961332,2384.105952099116,2326.887409248737,2360.264892578125,137522,0.0,0.0
2025-11-07 00:00:00+09:00,2360.264781605114,2360.264781605114,2274.436971364928,2307.814453125,278418,0.0,0.0
2025-11-10 00:00:00+09:00,2317.350990234375,2407.9470166015626,2317.350990234375,2384.10595703125,134700,0.0,0.0
2025-11-11 00:00:00+09:00,2384.105811813872,2417.4832931792666,2355.496542072106,2388.8740234375,139859,0.0,0.0
2025-11-12 00:00:00+09:00,2379.337800754337,2441.3245570866143,2369.801376703217,2422.251708984375,109626,0.0,0.0
2025-11-13 00:00:00+09:00,2508.0794443785576,2593.907258064516,2465.1655375355786,2512.84765625,1266967,0.0,0.0
2025-11-14 00:00:00+09:00,2484.238287283894,2546.225039173895,2465.1654405485087,2508.079345703125,297782,0.0,0.0
2025-11-17 00:00:00+09:00,2512.847651105274,2512.847651105274,2431.7880494567166,2489.006591796875,301392,0.0,0.0
2025-11-18 00:00:00+09:00,2465.1656258483654,2493.7748981019245,2431.7881415525458,2469.933837890625,294226,0.0,0.0
2025-11-19 00:00:00+09:00,2465.1654405485087,2527.15219243851,2417.483323710046,2508.079345703125,297533,0.0,0.0
2025-11-20 00:00:00+09:00,2536.688627783932,2584.3707448475398,2503.3111458394064,2555.761474609375,284812,0.0,0.0
2025-11-21 00:00:00+09:00,2512.847604067271,2536.688662929389,2469.933698115458,2498.54296875,139888,0.0,0.0
2025-11-24 00:00:00+09:00,2508.07949125744,2522.384127139137,2469.9337955729166,2503.311279296875,87441,0.0,0.0
2025-11-25 00:00:00+09:00,2527.152186300384,2536.688609644914,2455.6290112164106,2484.23828125,164232,0.0,0.0
2025-11-26 00:00:00+09:00,2484.238338939184,2536.688668552103,2469.933703590206,2522.384033203125,158376,0.0,0.0
2025-11-27 00:00:00+09:00,2536.6886218514596,2546.2250452418784,2503.311139984993,2531.92041015625,229031,0.0,0.0
2025-11-28 00:00:00+09:00,2541.4568348297066,2784.635631408159,2531.9204114344734,2732.185302734375,1185811,0.0,0.0
2025-12-01 00:00:00+09:00,2837.086036221293,2994.437026465499,2798.940341616637,2841.854248046875,2390884,0.0,0.0
2025-12-02 00:00:00+09:00,2841.854346602806,2875.231830539416,2803.708650675251,2846.62255859375,563478,0.0,0.0
2025-12-03 00:00:00+09:00,2851.3907705846946,2875.231830539416,2798.940438684307,2846.62255859375,488803,0.0,0.0
2025-12-04 00:00:00+09:00,2837.0860677926653,2837.0860677926653,2732.1854064625163,2760.794677734375,508836,0.0,0.0
2025-12-05 00:00:00+09:00,2779.8674703554816,2956.2913063814726,2746.4899878640776,2946.7548828125,895343,0.0,0.0
2025-12-08 00:00:00+09:00,3013.509800277218,3085.032975916709,2913.3773543819307,2956.291259765625,1284841,0.0,0.0
2025-12-09 00:00:00+09:00,2956.291443574959,2956.291443574959,2846.6225674423395,2894.3046875,648764,0.0,0.0
2025-12-10 00:00:00+09:00,2927.681971526343,2927.681971526343,2837.0859496061466,2884.76806640625,266242,0.0,0.0
2025-12-11 00:00:00+09:00,2884.7681129670655,2913.3773835088878,2860.927054182214,2875.231689453125,204963,0.0,0.0
2025-12-12 00:00:00+09:00,2889.536307198661,3008.7416003999256,2889.536307198661,3003.973388671875,578558,0.0,0.0
2025-12-15 00:00:00+09:00,2989.6688936673677,3018.2781653771035,2894.304654634916,2975.3642578125,589600,0.0,0.0
2025-12-16 00:00:00+09:00,2899.0727482379766,2946.7548658076803,2827.5495718834213,2875.231689453125,511866,0.0,0.0
2025-12-17 00:00:00+09:00,2875.231839476936,2927.6821715403626,2827.5497194192753,2894.3046875,318923,0.0,0.0
2025-12-18 00:00:00+09:00,2832.317894758431,3003.97352474379,2827.5496828143932,2951.523193359375,700858,0.0,0.0
2025-12-19 00:00:00+09:00,3061.19189453125,3166.092551353193,2970.5958727304806,3061.19189453125,4196562,0.0,0.0
2025-12-22 00:00:00+09:00,3080.2649615505884,3228.0795340088985,2975.3642972253365,3189.933837890625,1362912,0.0,0.0
2025-12-23 00:00:00+09:00,3161.32436953125,3161.32436953125,2918.145571875,2980.13232421875,951361,0.0,0.0
2025-12-24 00:00:00+09:00,2970.5960885268946,3008.7417846877534,2922.913968325821,2941.98681640625,482317,0.0,0.0
2025-12-26 00:00:00+09:00,2956.291390728477,2961.0596026490066,2851.390728476821,2880.0,432439,0.0,0.0
2025-12-29 00:00:00+09:00,2940.0,2950.0,2865.0,2910.0,496296,140.0,0.0
2025-12-30 00:00:00+09:00,2910.0,2915.0,2830.0,2870.0,361214,0.0,0.0
2026-01-02 00:00:00+09:00,2870.0,2915.0,2840.0,2870.0,237676,0.0,0.0
2026-01-05 00:00:00+09:00,2870.0,2915.0,2835.0,2895.0,327092,0.0,0.0
2026-01-06 00:00:00+09:00,2895.0,2970.0,2860.0,2885.0,289064,0.0,0.0
2026-01-07 00:00:00+09:00,2900.0,2900.0,2780.0,2840.0,457001,0.0,0.0
2026-01-08 00:00:00+09:00,2840.0,2850.0,2760.0,2760.0,371732,0.0,0.0
2026-01-09 00:00:00+09:00,2770.0,2800.0,2745.0,2765.0,248371,0.0,0.0
2026-01-12 00:00:00+09:00,2765.0,2840.0,2750.0,2765.0,232492,0.0,0.0
2026-01-13 00:00:00+09:00,2795.0,2795.0,2615.0,2630.0,905281,0.0,0.0
2026-01-14 00:00:00+09:00,2650.0,2720.0,2605.0,2700.0,258622,0.0,0.0
2026-01-15 00:00:00+09:00,2670.0,2735.0,2670.0,2720.0,163493,0.0,0.0
2026-01-16 00:00:00+09:00,2730.0,2765.0,2680.0,2685.0,223093,0.0,0.0
2026-01-19 00:00:00+09:00,2710.0,2710.0,2645.0,2655.0,257769,0.0,0.0
2026-01-20 00:00:00+09:00,2650.0,2720.0,2625.0,2700.0,166195,0.0,0.0
2026-01-21 00:00:00+09:00,2650.0,2690.0,2590.0,2615.0,367568,0.0,0.0
2026-01-22 00:00:00+09:00,2615.0,2755.0,2615.0,2655.0,388410,0.0,0.0
2026-01-23 00:00:00+09:00,2665.0,2880.0,2665.0,2835.0,858987,0.0,0.0
2026-01-26 00:00:00+09:00,2840.0,3255.0,2840.0,3165.0,2383166,0.0,0.0
2026-01-27 00:00:00+09:00,3165.0,3345.0,3120.0,3235.0,1092780,0.0,0.0
2026-01-28 00:00:00+09:00,3350.0,3350.0,3200.0,3265.0,1828962,0.0,0.0
2026-01-29 00:00:00+09:00,3265.0,3580.0,3180.0,3465.0,3180473,0.0,0.0
2026-01-30 00:00:00+09:00,3425.0,3425.0,3250.0,3290.0,1124011,0.0,0.0
2026-02-02 00:00:00+09:00,3210.0,3300.0,3110.0,3140.0,694687,0.0,0.0
2026-02-03 00:00:00+09:00,3210.0,3475.0,3210.0,3385.0,1230288,0.0,0.0
2026-02-04 00:00:00+09:00,3355.0,3445.0,3300.0,3350.0,638998,0.0,0.0
2026-02-05 00:00:00+09:00,3300.0,3350.0,3175.0,3210.0,452773,0.0,0.0
2026-02-06 00:00:00+09:00,3140.0,3245.0,3040.0,3175.0,598769,0.0,0.0
2026-02-09 00:00:00+09:00,3235.0,3340.0,3215.0,3290.0,358710,0.0,0.0
2026-02-10 00:00:00+09:00,3290.0,3475.0,3250.0,3380.0,1387053,0.0,0.0
2026-02-11 00:00:00+09:00,3350.0,3450.0,3285.0,3380.0,757988,0.0,0.0
2026-02-12 00:00:00+09:00,3385.0,3405.0,3320.0,3350.0,483223,0.0,0.0
2026-02-13 00:00:00+09:00,3350.0,3515.0,3285.0,3430.0,838455,0.0,0.0
2026-02-19 00:00:00+09:00,3520.0,3725.0,3505.0,3630.0,1458052,0.0,0.0
2026-02-20 00:00:00+09:00,3655.0,3810.0,3520.0,3785.0,1039760,0.0,0.0
2026-02-23 00:00:00+09:00,3840.0,4000.0,3730.0,3755.0,1544055,0.0,0.0
2026-02-24 00:00:00+09:00,3700.0,3700.0,3485.0,3525.0,913261,0.0,0.0
2026-02-25 00:00:00+09:00,3535.0,3570.0,3390.0,3515.0,847951,0.0,0.0
2026-02-26 00:00:00+09:00,3550.0,3640.0,3435.0,3455.0,599730,0.0,0.0
2026-02-27 00:00:00+09:00,3455.0,3525.0,3400.0,3475.0,402234,0.0,0.0
2026-03-03 00:00:00+09:00,3325.0,3535.0,3290.0,3295.0,737412,0.0,0.0
2026-03-04 00:00:00+09:00,3155.0,3200.0,2820.0,2835.0,889100,0.0,0.0
2026-03-05 00:00:00+09:00,2990.0,3200.0,2990.0,3155.0,566214,0.0,0.0
2026-03-06 00:00:00+09:00,3155.0,3310.0,3055.0,3240.0,490949,0.0,0.0
2026-03-09 00:00:00+09:00,3110.0,3110.0,2890.0,2975.0,400132,0.0,0.0
2026-03-10 00:00:00+09:00,3100.0,3290.0,3100.0,3225.0,534704,0.0,0.0
2026-03-11 00:00:00+09:00,3225.0,3400.0,3225.0,3320.0,1133506,0.0,0.0
2026-03-12 00:00:00+09:00,3260.0,3290.0,3075.0,3140.0,699609,0.0,0.0
2026-03-13 00:00:00+09:00,3050.0,3265.0,3045.0,3195.0,295872,0.0,0.0
2026-03-16 00:00:00+09:00,3195.0,3225.0,3055.0,3085.0,369658,0.0,0.0
2026-03-17 00:00:00+09:00,3120.0,3250.0,3080.0,3095.0,289495,0.0,0.0
2026-03-18 00:00:00+09:00,3115.0,3170.0,3095.0,3110.0,334966,0.0,0.0
2026-03-19 00:00:00+09:00,3090.0,3090.0,2985.0,3030.0,330574,0.0,0.0
2026-03-20 00:00:00+09:00,3070.0,3100.0,3000.0,3010.0,244554,0.0,0.0
2026-03-23 00:00:00+09:00,2975.0,2975.0,2800.0,2810.0,636612,0.0,0.0
2026-03-24 00:00:00+09:00,2850.0,2920.0,2755.0,2840.0,516755,0.0,0.0
2026-03-25 00:00:00+09:00,2850.0,3000.0,2840.0,2990.0,427366,0.0,0.0
2026-03-26 00:00:00+09:00,2990.0,3045.0,2910.0,2955.0,215909,0.0,0.0
2026-03-27 00:00:00+09:00,2950.0,3145.0,2860.0,3110.0,424651,0.0,0.0
2026-03-30 00:00:00+09:00,3085.0,3150.0,2950.0,3115.0,368012,0.0,0.0
2026-03-31 00:00:00+09:00,3070.0,3085.0,2915.0,2925.0,317262,0.0,0.0
2026-04-01 00:00:00+09:00,3000.0,3110.0,3000.0,3090.0,278551,0.0,0.0
2026-04-02 00:00:00+09:00,3095.0,3105.0,2865.0,2935.0,354045,0.0,0.0
2026-04-03 00:00:00+09:00,2950.0,3030.0,2920.0,2935.0,173144,0.0,0.0
2026-04-06 00:00:00+09:00,2950.0,2950.0,2875.0,2915.0,180825,0.0,0.0
2026-04-07 00:00:00+09:00,2915.0,2950.0,2825.0,2845.0,198487,0.0,0.0
2026-04-08 00:00:00+09:00,2940.0,3020.0,2910.0,3010.0,243131,0.0,0.0
2026-04-09 00:00:00+09:00,3005.0,3005.0,2880.0,2890.0,214862,0.0,0.0
2026-04-10 00:00:00+09:00,2935.0,3130.0,2895.0,3090.0,646116,0.0,0.0
2026-04-13 00:00:00+09:00,3075.0,3090.0,2930.0,3030.0,252913,0.0,0.0
2026-04-14 00:00:00+09:00,3060.0,3345.0,3060.0,3265.0,978017,0.0,0.0
2026-04-15 00:00:00+09:00,3350.0,3435.0,3265.0,3270.0,588549,0.0,0.0
2026-04-16 00:00:00+09:00,3245.0,3395.0,3245.0,3335.0,532718,0.0,0.0
2026-04-17 00:00:00+09:00,3335.0,3370.0,3270.0,3310.0,249977,0.0,0.0
2026-04-20 00:00:00+09:00,3310.0,3595.0,3300.0,3465.0,824040,0.0,0.0
2026-04-21 00:00:00+09:00,3475.0,3525.0,3370.0,3415.0,255707,0.0,0.0
2026-04-22 00:00:00+09:00,3415.0,3565.0,3335.0,3460.0,508069,0.0,0.0
2026-04-23 00:00:00+09:00,3460.0,3495.0,3365.0,3485.0,321879,0.0,0.0
2026-04-24 00:00:00+09:00,3485.0,3590.0,3435.0,3575.0,458672,0.0,0.0
2026-04-27 00:00:00+09:00,3600.0,3715.0,3575.0,3600.0,706027,0.0,0.0
2026-04-28 00:00:00+09:00,3600.0,3635.0,3520.0,3575.0,347111,0.0,0.0
2026-04-29 00:00:00+09:00,3600.0,3600.0,3380.0,3430.0,481202,0.0,0.0
2026-04-30 00:00:00+09:00,3430.0,3450.0,3340.0,3370.0,288212,0.0,0.0
2026-05-04 00:00:00+09:00,3380.0,3445.0,3330.0,3335.0,374973,0.0,0.0
2026-05-06 00:00:00+09:00,3340.0,3425.0,3240.0,3285.0,480380,0.0,0.0
2026-05-07 00:00:00+09:00,3340.0,3340.0,3200.0,3260.0,345105,0.0,0.0
2026-05-08 00:00:00+09:00,3300.0,3510.0,3215.0,3450.0,660465,0.0,0.0
2026-05-11 00:00:00+09:00,3500.0,3625.0,3370.0,3480.0,718290,0.0,0.0
2026-05-12 00:00:00+09:00,3495.0,3500.0,3315.0,3395.0,371358,0.0,0.0
2026-05-13 00:00:00+09:00,3395.0,3395.0,3260.0,3300.0,188198,0.0,0.0
2026-05-14 00:00:00+09:00,3340.0,3365.0,3210.0,3355.0,282425,0.0,0.0
2026-05-15 00:00:00+09:00,3370.0,3410.0,3070.0,3130.0,620874,0.0,0.0
2026-05-18 00:00:00+09:00,3130.0,3180.0,3000.0,3130.0,282633,0.0,0.0
2026-05-19 00:00:00+09:00,3110.0,3125.0,2970.0,3030.0,345752,0.0,0.0
2026-05-20 00:00:00+09:00,3030.0,3035.0,2865.0,2880.0,387981,0.0,0.0
2026-05-21 00:00:00+09:00,2955.0,3070.0,2920.0,3045.0,195907,0.0,0.0
2026-05-22 00:00:00+09:00,3045.0,3205.0,3025.0,3195.0,246242,0.0,0.0
2026-05-26 00:00:00+09:00,3250.0,3320.0,3110.0,3110.0,303710,0.0,0.0
2026-05-27 00:00:00+09:00,3105.0,3160.0,2995.0,3030.0,233324,0.0,0.0
2026-05-28 00:00:00+09:00,3120.0,3135.0,2915.0,3030.0,251809,0.0,0.0
2026-05-29 00:00:00+09:00,3100.0,3160.0,2945.0,3055.0,467626,0.0,0.0
